level_label,source_score_path,sample_id,piece_id,event_rank,beat_idx,detector_score,threshold,union_target_at_beat,frequency_target_at_beat,performer_count,matched_union,match_offset,matched_true_beat_idx,measure_number,beat_in_measure
L1+,/Users/toddywang/Documents/VsCodeProjects/xmltoexp/MazurkaBL-master/xml_scores/Mazurka06-1.xml,M06-1,M06-1,1,1,0.5137311220169067,0.05000000074505806,0.0,0.0,1,False,,,2,1
L1+,/Users/toddywang/Documents/VsCodeProjects/xmltoexp/MazurkaBL-master/xml_scores/Mazurka06-1.xml,M06-1,M06-1,2,7,0.5608732104301453,0.05000000074505806,0.0,0.0,1,False,,,4,1
L1+,/Users/toddywang/Documents/VsCodeProjects/xmltoexp/MazurkaBL-master/xml_scores/Mazurka06-1.xml,M06-1,M06-1,3,13,0.5846895575523376,0.05000000074505806,0.0,0.0,1,False,,,6,1
L1+,/Users/toddywang/Documents/VsCodeProjects/xmltoexp/MazurkaBL-master/xml_scores/Mazurka06-1.xml,M06-1,M06-1,4,19,0.5053847432136536,0.05000000074505806,0.0,0.0,1,False,,,8,1
L1+,/Users/toddywang/Documents/VsCodeProjects/xmltoexp/MazurkaBL-master/xml_scores/Mazurka06-1.xml,M06-1,M06-1,5,25,0.6312468647956848,0.05000000074505806,0.0,0.0,1,False,,,10,1
L1+,/Users/toddywang/Documents/VsCodeProjects/xmltoexp/MazurkaBL-master/xml_scores/Mazurka06-1.xml,M06-1,M06-1,6,31,0.5628358721733093,0.05000000074505806,0.0,0.0,1,False,,,12,1
L1+,/Users/toddywang/Documents/VsCodeProjects/xmltoexp/MazurkaBL-master/xml_scores/Mazurka06-1.xml,M06-1,M06-1,7,37,0.5490900874137878,0.05000000074505806,0.0,0.0,1,False,,,14,1
L1+,/Users/toddywang/Documents/VsCodeProjects/xmltoexp/MazurkaBL-master/xml_scores/Mazurka06-1.xml,M06-1,M06-1,8,43,0.4708786904811859,0.05000000074505806,0.0,0.0,1,False,,,16,1
L1+,/Users/toddywang/Documents/VsCodeProjects/xmltoexp/MazurkaBL-master/xml_scores/Mazurka06-1.xml,M06-1,M06-1,9,49,0.6756062507629395,0.05000000074505806,0.0,0.0,1,False,,,18,1
L1+,/Users/toddywang/Documents/VsCodeProjects/xmltoexp/MazurkaBL-master/xml_scores/Mazurka06-1.xml,M06-1,M06-1,10,55,0.5711141228675842,0.05000000074505806,0.0,0.0,1,False,,,20,1
L1+,/Users/toddywang/Documents/VsCodeProjects/xmltoexp/MazurkaBL-master/xml_scores/Mazurka06-1.xml,M06-1,M06-1,11,61,0.5868975520133972,0.05000000074505806,0.0,0.0,1,False,,,22,1
L1+,/Users/toddywang/Documents/VsCodeProjects/xmltoexp/MazurkaBL-master/xml_scores/Mazurka06-1.xml,M06-1,M06-1,12,67,0.509769082069397,0.05000000074505806,0.0,0.0,1,False,,,24,1
L1+,/Users/toddywang/Documents/VsCodeProjects/xmltoexp/MazurkaBL-master/xml_scores/Mazurka06-1.xml,M06-1,M06-1,13,73,0.6334599256515503,0.05000000074505806,0.0,0.0,1,False,,,26,1
L1+,/Users/toddywang/Documents/VsCodeProjects/xmltoexp/MazurkaBL-master/xml_scores/Mazurka06-1.xml,M06-1,M06-1,14,79,0.5641146898269653,0.05000000074505806,0.0,0.0,1,False,,,28,1
L1+,/Users/toddywang/Documents/VsCodeProjects/xmltoexp/MazurkaBL-master/xml_scores/Mazurka06-1.xml,M06-1,M06-1,15,85,0.5504966974258423,0.05000000074505806,0.0,0.0,1,False,,,30,1
L1+,/Users/toddywang/Documents/VsCodeProjects/xmltoexp/MazurkaBL-master/xml_scores/Mazurka06-1.xml,M06-1,M06-1,16,97,0.6576230525970459,0.05000000074505806,0.0,0.0,1,False,,,34,1
L1+,/Users/toddywang/Documents/VsCodeProjects/xmltoexp/MazurkaBL-master/xml_scores/Mazurka06-1.xml,M06-1,M06-1,17,103,0.6056381464004517,0.05000000074505806,0.0,0.0,1,False,,,36,1
L1+,/Users/toddywang/Documents/VsCodeProjects/xmltoexp/MazurkaBL-master/xml_scores/Mazurka06-1.xml,M06-1,M06-1,18,109,0.5756241083145142,0.05000000074505806,0.0,0.0,1,False,,,38,1
L1+,/Users/toddywang/Documents/VsCodeProjects/xmltoexp/MazurkaBL-master/xml_scores/Mazurka06-1.xml,M06-1,M06-1,19,115,0.5960571765899658,0.05000000074505806,0.0,0.0,1,False,,,40,1
L1+,/Users/toddywang/Documents/VsCodeProjects/xmltoexp/MazurkaBL-master/xml_scores/Mazurka06-1.xml,M06-1,M06-1,20,121,0.5528815388679504,0.05000000074505806,0.0,0.0,1,False,,,42,1
L1+,/Users/toddywang/Documents/VsCodeProjects/xmltoexp/MazurkaBL-master/xml_scores/Mazurka06-1.xml,M06-1,M06-1,21,127,0.5622996687889099,0.05000000074505806,0.0,0.0,1,False,,,44,1
L1+,/Users/toddywang/Documents/VsCodeProjects/xmltoexp/MazurkaBL-master/xml_scores/Mazurka06-1.xml,M06-1,M06-1,22,133,0.5859609246253967,0.05000000074505806,0.0,0.0,1,False,,,46,1
L1+,/Users/toddywang/Documents/VsCodeProjects/xmltoexp/MazurkaBL-master/xml_scores/Mazurka06-1.xml,M06-1,M06-1,23,139,0.524843692779541,0.05000000074505806,0.0,0.0,1,False,,,48,1
L1+,/Users/toddywang/Documents/VsCodeProjects/xmltoexp/MazurkaBL-master/xml_scores/Mazurka06-1.xml,M06-1,M06-1,24,145,0.6439298391342163,0.05000000074505806,0.0,0.0,1,False,,,50,1
L1+,/Users/toddywang/Documents/VsCodeProjects/xmltoexp/MazurkaBL-master/xml_scores/Mazurka06-1.xml,M06-1,M06-1,25,151,0.5760916471481323,0.05000000074505806,0.0,0.0,1,False,,,52,1
L1+,/Users/toddywang/Documents/VsCodeProjects/xmltoexp/MazurkaBL-master/xml_scores/Mazurka06-1.xml,M06-1,M06-1,26,157,0.5467473268508911,0.05000000074505806,0.0,0.0,1,False,,,54,1
L1+,/Users/toddywang/Documents/VsCodeProjects/xmltoexp/MazurkaBL-master/xml_scores/Mazurka06-1.xml,M06-1,M06-1,27,169,0.6580119132995605,0.05000000074505806,0.0,0.0,1,False,,,58,1
L1+,/Users/toddywang/Documents/VsCodeProjects/xmltoexp/MazurkaBL-master/xml_scores/Mazurka06-1.xml,M06-1,M06-1,28,175,0.6065744757652283,0.05000000074505806,0.0,0.0,1,False,,,60,1
L1+,/Users/toddywang/Documents/VsCodeProjects/xmltoexp/MazurkaBL-master/xml_scores/Mazurka06-1.xml,M06-1,M06-1,29,181,0.5785564184188843,0.05000000074505806,0.0,0.0,1,False,,,62,1
L1+,/Users/toddywang/Documents/VsCodeProjects/xmltoexp/MazurkaBL-master/xml_scores/Mazurka06-1.xml,M06-1,M06-1,30,187,0.5966421961784363,0.05000000074505806,0.0,0.0,1,False,,,64,1
L1+,/Users/toddywang/Documents/VsCodeProjects/xmltoexp/MazurkaBL-master/xml_scores/Mazurka06-1.xml,M06-1,M06-1,31,193,0.5649057626724243,0.05000000074505806,0.0,0.0,1,False,,,66,1
L1+,/Users/toddywang/Documents/VsCodeProjects/xmltoexp/MazurkaBL-master/xml_scores/Mazurka06-1.xml,M06-1,M06-1,32,199,0.5717737078666687,0.05000000074505806,0.0,0.0,1,False,,,68,1
L1+,/Users/toddywang/Documents/VsCodeProjects/xmltoexp/MazurkaBL-master/xml_scores/Mazurka06-1.xml,M06-1,M06-1,33,205,0.5876883268356323,0.05000000074505806,0.0,0.0,1,False,,,70,1
L1+,/Users/toddywang/Documents/VsCodeProjects/xmltoexp/MazurkaBL-master/xml_scores/Mazurka06-1.xml,M06-1,M06-1,34,211,0.5290709733963013,0.05000000074505806,0.0,0.0,1,False,,,72,1
L1+,/Users/toddywang/Documents/VsCodeProjects/xmltoexp/MazurkaBL-master/xml_scores/Mazurka06-1.xml,M06-1,M06-1,35,217,0.6446431279182434,0.05000000074505806,0.0,0.0,1,False,,,74,1
L1+,/Users/toddywang/Documents/VsCodeProjects/xmltoexp/MazurkaBL-master/xml_scores/Mazurka06-1.xml,M06-1,M06-1,36,223,0.5738613605499268,0.05000000074505806,0.0,0.0,1,False,,,76,1
L1+,/Users/toddywang/Documents/VsCodeProjects/xmltoexp/MazurkaBL-master/xml_scores/Mazurka06-1.xml,M06-1,M06-1,37,229,0.5496085286140442,0.05000000074505806,0.0,0.0,1,False,,,78,1
L1+,/Users/toddywang/Documents/VsCodeProjects/xmltoexp/MazurkaBL-master/xml_scores/Mazurka06-1.xml,M06-1,M06-1,38,239,0.6166485548019409,0.05000000074505806,0.0,0.0,1,False,,,81,2
L1+,/Users/toddywang/Documents/VsCodeProjects/xmltoexp/MazurkaBL-master/xml_scores/Mazurka06-1.xml,M06-1,M06-1,39,247,0.5587302446365356,0.05000000074505806,0.0,0.0,1,False,,,84,1
L1+,/Users/toddywang/Documents/VsCodeProjects/xmltoexp/MazurkaBL-master/xml_scores/Mazurka06-1.xml,M06-1,M06-1,40,253,0.6113613843917847,0.05000000074505806,0.0,0.0,1,False,,,86,1
L1+,/Users/toddywang/Documents/VsCodeProjects/xmltoexp/MazurkaBL-master/xml_scores/Mazurka06-1.xml,M06-1,M06-1,41,264,0.6569319367408752,0.05000000074505806,0.0,0.0,1,False,,,89,3
L1+,/Users/toddywang/Documents/VsCodeProjects/xmltoexp/MazurkaBL-master/xml_scores/Mazurka06-1.xml,M06-1,M06-1,42,271,0.5627961158752441,0.05000000074505806,0.0,0.0,1,False,,,92,1
L1+,/Users/toddywang/Documents/VsCodeProjects/xmltoexp/MazurkaBL-master/xml_scores/Mazurka06-1.xml,M06-1,M06-1,43,277,0.6104732155799866,0.05000000074505806,0.0,0.0,1,False,,,94,1
L1+,/Users/toddywang/Documents/VsCodeProjects/xmltoexp/MazurkaBL-master/xml_scores/Mazurka06-1.xml,M06-1,M06-1,44,283,0.5273287296295166,0.05000000074505806,0.0,0.0,1,False,,,96,1
L1+,/Users/toddywang/Documents/VsCodeProjects/xmltoexp/MazurkaBL-master/xml_scores/Mazurka06-1.xml,M06-1,M06-1,45,289,0.6651052236557007,0.05000000074505806,0.0,0.0,1,False,,,98,1
L1+,/Users/toddywang/Documents/VsCodeProjects/xmltoexp/MazurkaBL-master/xml_scores/Mazurka06-1.xml,M06-1,M06-1,46,295,0.5608347058296204,0.05000000074505806,0.0,0.0,1,False,,,100,1
L1+,/Users/toddywang/Documents/VsCodeProjects/xmltoexp/MazurkaBL-master/xml_scores/Mazurka06-1.xml,M06-1,M06-1,47,301,0.5818759202957153,0.05000000074505806,0.0,0.0,1,False,,,102,1
L1+,/Users/toddywang/Documents/VsCodeProjects/xmltoexp/MazurkaBL-master/xml_scores/Mazurka06-1.xml,M06-1,M06-1,48,307,0.5241811275482178,0.05000000074505806,0.0,0.0,1,False,,,104,1
L1+,/Users/toddywang/Documents/VsCodeProjects/xmltoexp/MazurkaBL-master/xml_scores/Mazurka06-1.xml,M06-1,M06-1,49,313,0.6363744139671326,0.05000000074505806,0.0,0.0,1,False,,,106,1
L1+,/Users/toddywang/Documents/VsCodeProjects/xmltoexp/MazurkaBL-master/xml_scores/Mazurka06-1.xml,M06-1,M06-1,50,319,0.5625517964363098,0.05000000074505806,0.0,0.0,1,False,,,108,1
L1+,/Users/toddywang/Documents/VsCodeProjects/xmltoexp/MazurkaBL-master/xml_scores/Mazurka06-1.xml,M06-1,M06-1,51,325,0.5448125600814819,0.05000000074505806,0.0,0.0,1,False,,,110,1
L1+,/Users/toddywang/Documents/VsCodeProjects/xmltoexp/MazurkaBL-master/xml_scores/Mazurka06-1.xml,M06-1,M06-1,52,332,0.5265812873840332,0.05000000074505806,0.0,0.0,1,False,,,112,2
L2+,/Users/toddywang/Documents/VsCodeProjects/xmltoexp/MazurkaBL-master/xml_scores/Mazurka06-1.xml,M06-1,M06-1,1,1,0.5171926617622375,0.4000000059604645,0.0,0.0,1,False,,,2,1
L2+,/Users/toddywang/Documents/VsCodeProjects/xmltoexp/MazurkaBL-master/xml_scores/Mazurka06-1.xml,M06-1,M06-1,2,7,0.5600612163543701,0.4000000059604645,0.0,0.0,1,False,,,4,1
L2+,/Users/toddywang/Documents/VsCodeProjects/xmltoexp/MazurkaBL-master/xml_scores/Mazurka06-1.xml,M06-1,M06-1,3,13,0.5871278643608093,0.4000000059604645,0.0,0.0,1,False,,,6,1
L2+,/Users/toddywang/Documents/VsCodeProjects/xmltoexp/MazurkaBL-master/xml_scores/Mazurka06-1.xml,M06-1,M06-1,4,19,0.5051172971725464,0.4000000059604645,0.0,0.0,1,False,,,8,1
L2+,/Users/toddywang/Documents/VsCodeProjects/xmltoexp/MazurkaBL-master/xml_scores/Mazurka06-1.xml,M06-1,M06-1,5,25,0.6330046653747559,0.4000000059604645,0.0,0.0,1,False,,,10,1
L2+,/Users/toddywang/Documents/VsCodeProjects/xmltoexp/MazurkaBL-master/xml_scores/Mazurka06-1.xml,M06-1,M06-1,6,31,0.5620322227478027,0.4000000059604645,0.0,0.0,1,False,,,12,1
L2+,/Users/toddywang/Documents/VsCodeProjects/xmltoexp/MazurkaBL-master/xml_scores/Mazurka06-1.xml,M06-1,M06-1,7,37,0.5448206067085266,0.4000000059604645,0.0,0.0,1,False,,,14,1
L2+,/Users/toddywang/Documents/VsCodeProjects/xmltoexp/MazurkaBL-master/xml_scores/Mazurka06-1.xml,M06-1,M06-1,8,43,0.46557027101516724,0.4000000059604645,0.0,0.0,1,False,,,16,1
L2+,/Users/toddywang/Documents/VsCodeProjects/xmltoexp/MazurkaBL-master/xml_scores/Mazurka06-1.xml,M06-1,M06-1,9,49,0.6792687177658081,0.4000000059604645,0.0,0.0,1,False,,,18,1
L2+,/Users/toddywang/Documents/VsCodeProjects/xmltoexp/MazurkaBL-master/xml_scores/Mazurka06-1.xml,M06-1,M06-1,10,55,0.5711272954940796,0.4000000059604645,0.0,0.0,1,False,,,20,1
L2+,/Users/toddywang/Documents/VsCodeProjects/xmltoexp/MazurkaBL-master/xml_scores/Mazurka06-1.xml,M06-1,M06-1,11,61,0.589588463306427,0.4000000059604645,0.0,0.0,1,False,,,22,1
L2+,/Users/toddywang/Documents/VsCodeProjects/xmltoexp/MazurkaBL-master/xml_scores/Mazurka06-1.xml,M06-1,M06-1,12,67,0.5094620585441589,0.4000000059604645,0.0,0.0,1,False,,,24,1
L2+,/Users/toddywang/Documents/VsCodeProjects/xmltoexp/MazurkaBL-master/xml_scores/Mazurka06-1.xml,M06-1,M06-1,13,73,0.6351318359375,0.4000000059604645,0.0,0.0,1,False,,,26,1
L2+,/Users/toddywang/Documents/VsCodeProjects/xmltoexp/MazurkaBL-master/xml_scores/Mazurka06-1.xml,M06-1,M06-1,14,79,0.5635700821876526,0.4000000059604645,0.0,0.0,1,False,,,28,1
L2+,/Users/toddywang/Documents/VsCodeProjects/xmltoexp/MazurkaBL-master/xml_scores/Mazurka06-1.xml,M06-1,M06-1,15,85,0.5468059778213501,0.4000000059604645,0.0,0.0,1,False,,,30,1
L2+,/Users/toddywang/Documents/VsCodeProjects/xmltoexp/MazurkaBL-master/xml_scores/Mazurka06-1.xml,M06-1,M06-1,16,97,0.6588658690452576,0.4000000059604645,0.0,0.0,1,False,,,34,1
L2+,/Users/toddywang/Documents/VsCodeProjects/xmltoexp/MazurkaBL-master/xml_scores/Mazurka06-1.xml,M06-1,M06-1,17,103,0.6001338958740234,0.4000000059604645,0.0,0.0,1,False,,,36,1
L2+,/Users/toddywang/Documents/VsCodeProjects/xmltoexp/MazurkaBL-master/xml_scores/Mazurka06-1.xml,M06-1,M06-1,18,109,0.5708783268928528,0.4000000059604645,0.0,0.0,1,False,,,38,1
L2+,/Users/toddywang/Documents/VsCodeProjects/xmltoexp/MazurkaBL-master/xml_scores/Mazurka06-1.xml,M06-1,M06-1,19,115,0.5917437672615051,0.4000000059604645,0.0,0.0,1,False,,,40,1
L2+,/Users/toddywang/Documents/VsCodeProjects/xmltoexp/MazurkaBL-master/xml_scores/Mazurka06-1.xml,M06-1,M06-1,20,121,0.5603974461555481,0.4000000059604645,0.0,0.0,1,False,,,42,1
L2+,/Users/toddywang/Documents/VsCodeProjects/xmltoexp/MazurkaBL-master/xml_scores/Mazurka06-1.xml,M06-1,M06-1,21,127,0.5618581175804138,0.4000000059604645,0.0,0.0,1,False,,,44,1
L2+,/Users/toddywang/Documents/VsCodeProjects/xmltoexp/MazurkaBL-master/xml_scores/Mazurka06-1.xml,M06-1,M06-1,22,133,0.5890039801597595,0.4000000059604645,0.0,0.0,1,False,,,46,1
L2+,/Users/toddywang/Documents/VsCodeProjects/xmltoexp/MazurkaBL-master/xml_scores/Mazurka06-1.xml,M06-1,M06-1,23,139,0.5246298909187317,0.4000000059604645,0.0,0.0,1,False,,,48,1
L2+,/Users/toddywang/Documents/VsCodeProjects/xmltoexp/MazurkaBL-master/xml_scores/Mazurka06-1.xml,M06-1,M06-1,24,145,0.6456775665283203,0.4000000059604645,0.0,0.0,1,False,,,50,1
L2+,/Users/toddywang/Documents/VsCodeProjects/xmltoexp/MazurkaBL-master/xml_scores/Mazurka06-1.xml,M06-1,M06-1,25,151,0.5743626356124878,0.4000000059604645,0.0,0.0,1,False,,,52,1
L2+,/Users/toddywang/Documents/VsCodeProjects/xmltoexp/MazurkaBL-master/xml_scores/Mazurka06-1.xml,M06-1,M06-1,26,157,0.544186532497406,0.4000000059604645,0.0,0.0,1,False,,,54,1
L2+,/Users/toddywang/Documents/VsCodeProjects/xmltoexp/MazurkaBL-master/xml_scores/Mazurka06-1.xml,M06-1,M06-1,27,169,0.6595152020454407,0.4000000059604645,0.0,0.0,1,False,,,58,1
L2+,/Users/toddywang/Documents/VsCodeProjects/xmltoexp/MazurkaBL-master/xml_scores/Mazurka06-1.xml,M06-1,M06-1,28,175,0.6010357737541199,0.4000000059604645,0.0,0.0,1,False,,,60,1
L2+,/Users/toddywang/Documents/VsCodeProjects/xmltoexp/MazurkaBL-master/xml_scores/Mazurka06-1.xml,M06-1,M06-1,29,181,0.5737926959991455,0.4000000059604645,0.0,0.0,1,False,,,62,1
L2+,/Users/toddywang/Documents/VsCodeProjects/xmltoexp/MazurkaBL-master/xml_scores/Mazurka06-1.xml,M06-1,M06-1,30,187,0.5921562314033508,0.4000000059604645,0.0,0.0,1,False,,,64,1
L2+,/Users/toddywang/Documents/VsCodeProjects/xmltoexp/MazurkaBL-master/xml_scores/Mazurka06-1.xml,M06-1,M06-1,31,193,0.5720916390419006,0.4000000059604645,0.0,0.0,1,False,,,66,1
L2+,/Users/toddywang/Documents/VsCodeProjects/xmltoexp/MazurkaBL-master/xml_scores/Mazurka06-1.xml,M06-1,M06-1,32,199,0.5717107057571411,0.4000000059604645,0.0,0.0,1,False,,,68,1
L2+,/Users/toddywang/Documents/VsCodeProjects/xmltoexp/MazurkaBL-master/xml_scores/Mazurka06-1.xml,M06-1,M06-1,33,205,0.5905622839927673,0.4000000059604645,0.0,0.0,1,False,,,70,1
L2+,/Users/toddywang/Documents/VsCodeProjects/xmltoexp/MazurkaBL-master/xml_scores/Mazurka06-1.xml,M06-1,M06-1,34,211,0.5282092690467834,0.4000000059604645,0.0,0.0,1,False,,,72,1
L2+,/Users/toddywang/Documents/VsCodeProjects/xmltoexp/MazurkaBL-master/xml_scores/Mazurka06-1.xml,M06-1,M06-1,35,217,0.6459159255027771,0.4000000059604645,0.0,0.0,1,False,,,74,1
L2+,/Users/toddywang/Documents/VsCodeProjects/xmltoexp/MazurkaBL-master/xml_scores/Mazurka06-1.xml,M06-1,M06-1,36,223,0.5737163424491882,0.4000000059604645,0.0,0.0,1,False,,,76,1
L2+,/Users/toddywang/Documents/VsCodeProjects/xmltoexp/MazurkaBL-master/xml_scores/Mazurka06-1.xml,M06-1,M06-1,37,229,0.5466735363006592,0.4000000059604645,0.0,0.0,1,False,,,78,1
L2+,/Users/toddywang/Documents/VsCodeProjects/xmltoexp/MazurkaBL-master/xml_scores/Mazurka06-1.xml,M06-1,M06-1,38,239,0.629038393497467,0.4000000059604645,0.0,0.0,1,False,,,81,2
L2+,/Users/toddywang/Documents/VsCodeProjects/xmltoexp/MazurkaBL-master/xml_scores/Mazurka06-1.xml,M06-1,M06-1,39,247,0.5514713525772095,0.4000000059604645,0.0,0.0,1,False,,,84,1
L2+,/Users/toddywang/Documents/VsCodeProjects/xmltoexp/MazurkaBL-master/xml_scores/Mazurka06-1.xml,M06-1,M06-1,40,253,0.6092016696929932,0.4000000059604645,0.0,0.0,1,False,,,86,1
L2+,/Users/toddywang/Documents/VsCodeProjects/xmltoexp/MazurkaBL-master/xml_scores/Mazurka06-1.xml,M06-1,M06-1,41,264,0.6687091588973999,0.4000000059604645,0.0,0.0,1,False,,,89,3
L2+,/Users/toddywang/Documents/VsCodeProjects/xmltoexp/MazurkaBL-master/xml_scores/Mazurka06-1.xml,M06-1,M06-1,42,271,0.5553374290466309,0.4000000059604645,0.0,0.0,1,False,,,92,1
L2+,/Users/toddywang/Documents/VsCodeProjects/xmltoexp/MazurkaBL-master/xml_scores/Mazurka06-1.xml,M06-1,M06-1,43,277,0.608234167098999,0.4000000059604645,0.0,0.0,1,False,,,94,1
L2+,/Users/toddywang/Documents/VsCodeProjects/xmltoexp/MazurkaBL-master/xml_scores/Mazurka06-1.xml,M06-1,M06-1,44,283,0.5230661034584045,0.4000000059604645,0.0,0.0,1,False,,,96,1
L2+,/Users/toddywang/Documents/VsCodeProjects/xmltoexp/MazurkaBL-master/xml_scores/Mazurka06-1.xml,M06-1,M06-1,45,289,0.6707590818405151,0.4000000059604645,0.0,0.0,1,False,,,98,1
L2+,/Users/toddywang/Documents/VsCodeProjects/xmltoexp/MazurkaBL-master/xml_scores/Mazurka06-1.xml,M06-1,M06-1,46,295,0.5595497488975525,0.4000000059604645,0.0,0.0,1,False,,,100,1
L2+,/Users/toddywang/Documents/VsCodeProjects/xmltoexp/MazurkaBL-master/xml_scores/Mazurka06-1.xml,M06-1,M06-1,47,301,0.5838088989257812,0.4000000059604645,0.0,0.0,1,False,,,102,1
L2+,/Users/toddywang/Documents/VsCodeProjects/xmltoexp/MazurkaBL-master/xml_scores/Mazurka06-1.xml,M06-1,M06-1,48,307,0.5216013193130493,0.4000000059604645,0.0,0.0,1,False,,,104,1
L2+,/Users/toddywang/Documents/VsCodeProjects/xmltoexp/MazurkaBL-master/xml_scores/Mazurka06-1.xml,M06-1,M06-1,49,313,0.636252224445343,0.4000000059604645,0.0,0.0,1,False,,,106,1
L2+,/Users/toddywang/Documents/VsCodeProjects/xmltoexp/MazurkaBL-master/xml_scores/Mazurka06-1.xml,M06-1,M06-1,50,319,0.5610560178756714,0.4000000059604645,0.0,0.0,1,False,,,108,1
L2+,/Users/toddywang/Documents/VsCodeProjects/xmltoexp/MazurkaBL-master/xml_scores/Mazurka06-1.xml,M06-1,M06-1,51,325,0.541581928730011,0.4000000059604645,0.0,0.0,1,False,,,110,1
L2+,/Users/toddywang/Documents/VsCodeProjects/xmltoexp/MazurkaBL-master/xml_scores/Mazurka06-1.xml,M06-1,M06-1,52,332,0.5267045497894287,0.4000000059604645,0.0,0.0,1,False,,,112,2
L3+,/Users/toddywang/Documents/VsCodeProjects/xmltoexp/MazurkaBL-master/xml_scores/Mazurka06-1.xml,M06-1,M06-1,1,13,0.6457081437110901,0.574999988079071,0.0,0.0,1,False,,,6,1
L3+,/Users/toddywang/Documents/VsCodeProjects/xmltoexp/MazurkaBL-master/xml_scores/Mazurka06-1.xml,M06-1,M06-1,2,25,0.7941927909851074,0.574999988079071,0.0,0.0,1,False,,,10,1
L3+,/Users/toddywang/Documents/VsCodeProjects/xmltoexp/MazurkaBL-master/xml_scores/Mazurka06-1.xml,M06-1,M06-1,3,49,0.86794513463974,0.574999988079071,0.0,0.0,1,False,,,18,1
L3+,/Users/toddywang/Documents/VsCodeProjects/xmltoexp/MazurkaBL-master/xml_scores/Mazurka06-1.xml,M06-1,M06-1,4,61,0.6725035905838013,0.574999988079071,0.0,0.0,1,False,,,22,1
L3+,/Users/toddywang/Documents/VsCodeProjects/xmltoexp/MazurkaBL-master/xml_scores/Mazurka06-1.xml,M06-1,M06-1,5,73,0.8092864751815796,0.574999988079071,0.0,0.0,1,False,,,26,1
L3+,/Users/toddywang/Documents/VsCodeProjects/xmltoexp/MazurkaBL-master/xml_scores/Mazurka06-1.xml,M06-1,M06-1,6,85,0.5757328867912292,0.574999988079071,0.0,0.0,1,False,,,30,1
L3+,/Users/toddywang/Documents/VsCodeProjects/xmltoexp/MazurkaBL-master/xml_scores/Mazurka06-1.xml,M06-1,M06-1,7,97,0.7739138007164001,0.574999988079071,0.0,0.0,1,False,,,34,1
L3+,/Users/toddywang/Documents/VsCodeProjects/xmltoexp/MazurkaBL-master/xml_scores/Mazurka06-1.xml,M06-1,M06-1,8,109,0.6930268406867981,0.574999988079071,0.0,0.0,1,False,,,38,1
L3+,/Users/toddywang/Documents/VsCodeProjects/xmltoexp/MazurkaBL-master/xml_scores/Mazurka06-1.xml,M06-1,M06-1,9,121,0.6164621710777283,0.574999988079071,0.0,0.0,1,False,,,42,1
L3+,/Users/toddywang/Documents/VsCodeProjects/xmltoexp/MazurkaBL-master/xml_scores/Mazurka06-1.xml,M06-1,M06-1,10,133,0.6858046054840088,0.574999988079071,0.0,0.0,1,False,,,46,1
L3+,/Users/toddywang/Documents/VsCodeProjects/xmltoexp/MazurkaBL-master/xml_scores/Mazurka06-1.xml,M06-1,M06-1,11,145,0.8193045854568481,0.574999988079071,0.0,0.0,1,False,,,50,1
L3+,/Users/toddywang/Documents/VsCodeProjects/xmltoexp/MazurkaBL-master/xml_scores/Mazurka06-1.xml,M06-1,M06-1,12,169,0.7708393335342407,0.574999988079071,0.0,0.0,1,False,,,58,1
L3+,/Users/toddywang/Documents/VsCodeProjects/xmltoexp/MazurkaBL-master/xml_scores/Mazurka06-1.xml,M06-1,M06-1,13,181,0.681156575679779,0.574999988079071,0.0,0.0,1,False,,,62,1
L3+,/Users/toddywang/Documents/VsCodeProjects/xmltoexp/MazurkaBL-master/xml_scores/Mazurka06-1.xml,M06-1,M06-1,14,193,0.644273579120636,0.574999988079071,0.0,0.0,1,False,,,66,1
L3+,/Users/toddywang/Documents/VsCodeProjects/xmltoexp/MazurkaBL-master/xml_scores/Mazurka06-1.xml,M06-1,M06-1,15,205,0.6879585385322571,0.574999988079071,0.0,0.0,1,False,,,70,1
L3+,/Users/toddywang/Documents/VsCodeProjects/xmltoexp/MazurkaBL-master/xml_scores/Mazurka06-1.xml,M06-1,M06-1,16,217,0.8067803382873535,0.574999988079071,0.0,0.0,1,False,,,74,1
L3+,/Users/toddywang/Documents/VsCodeProjects/xmltoexp/MazurkaBL-master/xml_scores/Mazurka06-1.xml,M06-1,M06-1,17,229,0.6168920397758484,0.574999988079071,0.0,0.0,1,False,,,78,1
L3+,/Users/toddywang/Documents/VsCodeProjects/xmltoexp/MazurkaBL-master/xml_scores/Mazurka06-1.xml,M06-1,M06-1,18,240,0.6693518757820129,0.574999988079071,0.0,0.0,1,False,,,81,3
L3+,/Users/toddywang/Documents/VsCodeProjects/xmltoexp/MazurkaBL-master/xml_scores/Mazurka06-1.xml,M06-1,M06-1,19,253,0.7800682783126831,0.574999988079071,0.0,0.0,1,False,,,86,1
L3+,/Users/toddywang/Documents/VsCodeProjects/xmltoexp/MazurkaBL-master/xml_scores/Mazurka06-1.xml,M06-1,M06-1,20,265,0.8506742715835571,0.574999988079071,0.0,0.0,1,False,,,90,1
L3+,/Users/toddywang/Documents/VsCodeProjects/xmltoexp/MazurkaBL-master/xml_scores/Mazurka06-1.xml,M06-1,M06-1,21,277,0.760489821434021,0.574999988079071,0.0,0.0,1,False,,,94,1
L3+,/Users/toddywang/Documents/VsCodeProjects/xmltoexp/MazurkaBL-master/xml_scores/Mazurka06-1.xml,M06-1,M06-1,22,289,0.8213930726051331,0.574999988079071,0.0,0.0,1,False,,,98,1
L3+,/Users/toddywang/Documents/VsCodeProjects/xmltoexp/MazurkaBL-master/xml_scores/Mazurka06-1.xml,M06-1,M06-1,23,301,0.6594283580780029,0.574999988079071,0.0,0.0,1,False,,,102,1
L3+,/Users/toddywang/Documents/VsCodeProjects/xmltoexp/MazurkaBL-master/xml_scores/Mazurka06-1.xml,M06-1,M06-1,24,313,0.7605403661727905,0.574999988079071,0.0,0.0,1,False,,,106,1
L4+,/Users/toddywang/Documents/VsCodeProjects/xmltoexp/MazurkaBL-master/xml_scores/Mazurka06-1.xml,M06-1,M06-1,1,49,0.7254999279975891,0.625,0.0,0.0,1,False,,,18,1
L4+,/Users/toddywang/Documents/VsCodeProjects/xmltoexp/MazurkaBL-master/xml_scores/Mazurka06-1.xml,M06-1,M06-1,2,73,0.630986750125885,0.625,0.0,0.0,1,False,,,26,1
L4+,/Users/toddywang/Documents/VsCodeProjects/xmltoexp/MazurkaBL-master/xml_scores/Mazurka06-1.xml,M06-1,M06-1,3,97,0.7012072205543518,0.625,0.0,0.0,1,False,,,34,1
L4+,/Users/toddywang/Documents/VsCodeProjects/xmltoexp/MazurkaBL-master/xml_scores/Mazurka06-1.xml,M06-1,M06-1,4,145,0.6506296396255493,0.625,0.0,0.0,1,False,,,50,1
L4+,/Users/toddywang/Documents/VsCodeProjects/xmltoexp/MazurkaBL-master/xml_scores/Mazurka06-1.xml,M06-1,M06-1,5,169,0.7012406587600708,0.625,0.0,0.0,1,False,,,58,1
L4+,/Users/toddywang/Documents/VsCodeProjects/xmltoexp/MazurkaBL-master/xml_scores/Mazurka06-1.xml,M06-1,M06-1,6,217,0.6539071202278137,0.625,0.0,0.0,1,False,,,74,1
L4+,/Users/toddywang/Documents/VsCodeProjects/xmltoexp/MazurkaBL-master/xml_scores/Mazurka06-1.xml,M06-1,M06-1,7,239,0.6779986619949341,0.625,0.0,0.0,1,False,,,81,2
L4+,/Users/toddywang/Documents/VsCodeProjects/xmltoexp/MazurkaBL-master/xml_scores/Mazurka06-1.xml,M06-1,M06-1,8,253,0.6675005555152893,0.625,0.0,0.0,1,False,,,86,1
L4+,/Users/toddywang/Documents/VsCodeProjects/xmltoexp/MazurkaBL-master/xml_scores/Mazurka06-1.xml,M06-1,M06-1,9,265,0.7112916707992554,0.625,0.0,0.0,1,False,,,90,1
L4+,/Users/toddywang/Documents/VsCodeProjects/xmltoexp/MazurkaBL-master/xml_scores/Mazurka06-1.xml,M06-1,M06-1,10,277,0.6593846082687378,0.625,0.0,0.0,1,False,,,94,1
L4+,/Users/toddywang/Documents/VsCodeProjects/xmltoexp/MazurkaBL-master/xml_scores/Mazurka06-1.xml,M06-1,M06-1,11,289,0.7319816946983337,0.625,0.0,0.0,1,False,,,98,1
L4+,/Users/toddywang/Documents/VsCodeProjects/xmltoexp/MazurkaBL-master/xml_scores/Mazurka06-1.xml,M06-1,M06-1,12,313,0.6379553079605103,0.625,0.0,0.0,1,False,,,106,1
L5+6,/Users/toddywang/Documents/VsCodeProjects/xmltoexp/MazurkaBL-master/xml_scores/Mazurka06-1.xml,M06-1,M06-1,1,49,0.7309093475341797,0.6000000238418579,0.0,0.0,1,False,,,18,1
L5+6,/Users/toddywang/Documents/VsCodeProjects/xmltoexp/MazurkaBL-master/xml_scores/Mazurka06-1.xml,M06-1,M06-1,2,95,0.6615020036697388,0.6000000238418579,0.0,0.0,1,False,,,33,2
L5+6,/Users/toddywang/Documents/VsCodeProjects/xmltoexp/MazurkaBL-master/xml_scores/Mazurka06-1.xml,M06-1,M06-1,3,145,0.6514831781387329,0.6000000238418579,0.0,0.0,1,False,,,50,1
L5+6,/Users/toddywang/Documents/VsCodeProjects/xmltoexp/MazurkaBL-master/xml_scores/Mazurka06-1.xml,M06-1,M06-1,4,167,0.7041260004043579,0.6000000238418579,0.0,0.0,1,False,,,57,2
L5+6,/Users/toddywang/Documents/VsCodeProjects/xmltoexp/MazurkaBL-master/xml_scores/Mazurka06-1.xml,M06-1,M06-1,5,193,0.612077534198761,0.6000000238418579,0.0,0.0,1,False,,,66,1
L5+6,/Users/toddywang/Documents/VsCodeProjects/xmltoexp/MazurkaBL-master/xml_scores/Mazurka06-1.xml,M06-1,M06-1,6,217,0.6590307354927063,0.6000000238418579,0.0,0.0,1,False,,,74,1
L5+6,/Users/toddywang/Documents/VsCodeProjects/xmltoexp/MazurkaBL-master/xml_scores/Mazurka06-1.xml,M06-1,M06-1,7,239,0.6828803420066833,0.6000000238418579,0.0,0.0,1,False,,,81,2
L5+6,/Users/toddywang/Documents/VsCodeProjects/xmltoexp/MazurkaBL-master/xml_scores/Mazurka06-1.xml,M06-1,M06-1,8,264,0.7148350477218628,0.6000000238418579,0.0,0.0,1,False,,,89,3
L5+6,/Users/toddywang/Documents/VsCodeProjects/xmltoexp/MazurkaBL-master/xml_scores/Mazurka06-1.xml,M06-1,M06-1,9,289,0.7707206010818481,0.6000000238418579,0.0,0.0,1,False,,,98,1
L1+,/Users/toddywang/Documents/VsCodeProjects/xmltoexp/MazurkaBL-master/xml_scores/Mazurka06-2.xml,M06-2,M06-2,1,4,0.4880342483520508,0.05000000074505806,0.0,0.0,1,False,,,2,2
L1+,/Users/toddywang/Documents/VsCodeProjects/xmltoexp/MazurkaBL-master/xml_scores/Mazurka06-2.xml,M06-2,M06-2,2,11,0.6247915625572205,0.05000000074505806,0.0,0.0,1,False,,,4,3
L1+,/Users/toddywang/Documents/VsCodeProjects/xmltoexp/MazurkaBL-master/xml_scores/Mazurka06-2.xml,M06-2,M06-2,3,23,0.5880948305130005,0.05000000074505806,0.0,0.0,1,False,,,8,3
L1+,/Users/toddywang/Documents/VsCodeProjects/xmltoexp/MazurkaBL-master/xml_scores/Mazurka06-2.xml,M06-2,M06-2,4,34,0.5538102984428406,0.05000000074505806,0.0,0.0,1,False,,,12,2
L1+,/Users/toddywang/Documents/VsCodeProjects/xmltoexp/MazurkaBL-master/xml_scores/Mazurka06-2.xml,M06-2,M06-2,5,40,0.4476323127746582,0.05000000074505806,0.0,0.0,1,False,,,14,2
L1+,/Users/toddywang/Documents/VsCodeProjects/xmltoexp/MazurkaBL-master/xml_scores/Mazurka06-2.xml,M06-2,M06-2,6,46,0.6274657249450684,0.05000000074505806,0.0,0.0,1,False,,,16,2
L1+,/Users/toddywang/Documents/VsCodeProjects/xmltoexp/MazurkaBL-master/xml_scores/Mazurka06-2.xml,M06-2,M06-2,7,58,0.5559644103050232,0.05000000074505806,0.0,0.0,1,False,,,20,2
L1+,/Users/toddywang/Documents/VsCodeProjects/xmltoexp/MazurkaBL-master/xml_scores/Mazurka06-2.xml,M06-2,M06-2,8,64,0.4496802091598511,0.05000000074505806,0.0,0.0,1,False,,,22,2
L1+,/Users/toddywang/Documents/VsCodeProjects/xmltoexp/MazurkaBL-master/xml_scores/Mazurka06-2.xml,M06-2,M06-2,9,70,0.6621920466423035,0.05000000074505806,0.0,0.0,1,False,,,24,2
L1+,/Users/toddywang/Documents/VsCodeProjects/xmltoexp/MazurkaBL-master/xml_scores/Mazurka06-2.xml,M06-2,M06-2,10,77,0.4172719419002533,0.05000000074505806,0.0,0.0,1,False,,,26,3
L1+,/Users/toddywang/Documents/VsCodeProjects/xmltoexp/MazurkaBL-master/xml_scores/Mazurka06-2.xml,M06-2,M06-2,11,85,0.5134212374687195,0.05000000074505806,0.0,0.0,1,False,,,29,2
L1+,/Users/toddywang/Documents/VsCodeProjects/xmltoexp/MazurkaBL-master/xml_scores/Mazurka06-2.xml,M06-2,M06-2,12,93,0.6182314157485962,0.05000000074505806,0.0,0.0,1,False,,,32,1
L1+,/Users/toddywang/Documents/VsCodeProjects/xmltoexp/MazurkaBL-master/xml_scores/Mazurka06-2.xml,M06-2,M06-2,13,106,0.5618124604225159,0.05000000074505806,0.0,0.0,1,False,,,36,2
L1+,/Users/toddywang/Documents/VsCodeProjects/xmltoexp/MazurkaBL-master/xml_scores/Mazurka06-2.xml,M06-2,M06-2,14,112,0.49976295232772827,0.05000000074505806,0.0,0.0,1,False,,,38,2
L1+,/Users/toddywang/Documents/VsCodeProjects/xmltoexp/MazurkaBL-master/xml_scores/Mazurka06-2.xml,M06-2,M06-2,15,118,0.667719841003418,0.05000000074505806,0.0,0.0,1,False,,,40,2
L1+,/Users/toddywang/Documents/VsCodeProjects/xmltoexp/MazurkaBL-master/xml_scores/Mazurka06-2.xml,M06-2,M06-2,16,125,0.4211476743221283,0.05000000074505806,0.0,0.0,1,False,,,42,3
L1+,/Users/toddywang/Documents/VsCodeProjects/xmltoexp/MazurkaBL-master/xml_scores/Mazurka06-2.xml,M06-2,M06-2,17,133,0.5152966380119324,0.05000000074505806,0.0,0.0,1,False,,,45,2
L1+,/Users/toddywang/Documents/VsCodeProjects/xmltoexp/MazurkaBL-master/xml_scores/Mazurka06-2.xml,M06-2,M06-2,18,141,0.6174245476722717,0.05000000074505806,0.0,0.0,1,False,,,48,1
L1+,/Users/toddywang/Documents/VsCodeProjects/xmltoexp/MazurkaBL-master/xml_scores/Mazurka06-2.xml,M06-2,M06-2,19,154,0.5584712624549866,0.05000000074505806,0.0,0.0,1,False,,,52,2
L1+,/Users/toddywang/Documents/VsCodeProjects/xmltoexp/MazurkaBL-master/xml_scores/Mazurka06-2.xml,M06-2,M06-2,20,160,0.507335901260376,0.05000000074505806,0.0,0.0,1,False,,,54,2
L1+,/Users/toddywang/Documents/VsCodeProjects/xmltoexp/MazurkaBL-master/xml_scores/Mazurka06-2.xml,M06-2,M06-2,21,166,0.6848724484443665,0.05000000074505806,0.0,0.0,1,False,,,56,2
L1+,/Users/toddywang/Documents/VsCodeProjects/xmltoexp/MazurkaBL-master/xml_scores/Mazurka06-2.xml,M06-2,M06-2,22,173,0.477161169052124,0.05000000074505806,0.0,0.0,1,False,,,58,3
L1+,/Users/toddywang/Documents/VsCodeProjects/xmltoexp/MazurkaBL-master/xml_scores/Mazurka06-2.xml,M06-2,M06-2,23,179,0.547111451625824,0.05000000074505806,0.0,0.0,1,False,,,60,3
L1+,/Users/toddywang/Documents/VsCodeProjects/xmltoexp/MazurkaBL-master/xml_scores/Mazurka06-2.xml,M06-2,M06-2,24,185,0.48041439056396484,0.05000000074505806,0.0,0.0,1,False,,,62,3
L1+,/Users/toddywang/Documents/VsCodeProjects/xmltoexp/MazurkaBL-master/xml_scores/Mazurka06-2.xml,M06-2,M06-2,25,191,0.7561500668525696,0.05000000074505806,0.0,0.0,1,False,,,64,3
L1+,/Users/toddywang/Documents/VsCodeProjects/xmltoexp/MazurkaBL-master/xml_scores/Mazurka06-2.xml,M06-2,M06-2,26,197,0.5074701309204102,0.05000000074505806,0.0,0.0,1,False,,,66,3
L1+,/Users/toddywang/Documents/VsCodeProjects/xmltoexp/MazurkaBL-master/xml_scores/Mazurka06-2.xml,M06-2,M06-2,27,208,0.6383702754974365,0.05000000074505806,0.0,0.0,1,False,,,70,2
L1+,/Users/toddywang/Documents/VsCodeProjects/xmltoexp/MazurkaBL-master/xml_scores/Mazurka06-2.xml,M06-2,M06-2,28,216,0.6138919591903687,0.05000000074505806,0.0,0.0,1,False,,,73,1
L1+,/Users/toddywang/Documents/VsCodeProjects/xmltoexp/MazurkaBL-master/xml_scores/Mazurka06-2.xml,M06-2,M06-2,29,227,0.6398712992668152,0.05000000074505806,0.0,0.0,1,False,,,76,3
L1+,/Users/toddywang/Documents/VsCodeProjects/xmltoexp/MazurkaBL-master/xml_scores/Mazurka06-2.xml,M06-2,M06-2,30,239,0.6183969378471375,0.05000000074505806,0.0,0.0,1,False,,,80,3
L1+,/Users/toddywang/Documents/VsCodeProjects/xmltoexp/MazurkaBL-master/xml_scores/Mazurka06-2.xml,M06-2,M06-2,31,250,0.5982599258422852,0.05000000074505806,0.0,0.0,1,False,,,84,2
L1+,/Users/toddywang/Documents/VsCodeProjects/xmltoexp/MazurkaBL-master/xml_scores/Mazurka06-2.xml,M06-2,M06-2,32,256,0.49419137835502625,0.05000000074505806,0.0,0.0,1,False,,,86,2
L1+,/Users/toddywang/Documents/VsCodeProjects/xmltoexp/MazurkaBL-master/xml_scores/Mazurka06-2.xml,M06-2,M06-2,33,262,0.673711359500885,0.05000000074505806,0.0,0.0,1,False,,,88,2
L1+,/Users/toddywang/Documents/VsCodeProjects/xmltoexp/MazurkaBL-master/xml_scores/Mazurka06-2.xml,M06-2,M06-2,34,269,0.48765823245048523,0.05000000074505806,0.0,0.0,1,False,,,90,3
L1+,/Users/toddywang/Documents/VsCodeProjects/xmltoexp/MazurkaBL-master/xml_scores/Mazurka06-2.xml,M06-2,M06-2,35,275,0.5877044796943665,0.05000000074505806,0.0,0.0,1,False,,,92,3
L1+,/Users/toddywang/Documents/VsCodeProjects/xmltoexp/MazurkaBL-master/xml_scores/Mazurka06-2.xml,M06-2,M06-2,36,281,0.5325847864151001,0.05000000074505806,0.0,0.0,1,False,,,94,3
L2+,/Users/toddywang/Documents/VsCodeProjects/xmltoexp/MazurkaBL-master/xml_scores/Mazurka06-2.xml,M06-2,M06-2,1,4,0.48130062222480774,0.4000000059604645,0.0,0.0,1,False,,,2,2
L2+,/Users/toddywang/Documents/VsCodeProjects/xmltoexp/MazurkaBL-master/xml_scores/Mazurka06-2.xml,M06-2,M06-2,2,11,0.6157087087631226,0.4000000059604645,0.0,0.0,1,False,,,4,3
L2+,/Users/toddywang/Documents/VsCodeProjects/xmltoexp/MazurkaBL-master/xml_scores/Mazurka06-2.xml,M06-2,M06-2,3,23,0.586927056312561,0.4000000059604645,0.0,0.0,1,False,,,8,3
L2+,/Users/toddywang/Documents/VsCodeProjects/xmltoexp/MazurkaBL-master/xml_scores/Mazurka06-2.xml,M06-2,M06-2,4,34,0.554972231388092,0.4000000059604645,0.0,0.0,1,False,,,12,2
L2+,/Users/toddywang/Documents/VsCodeProjects/xmltoexp/MazurkaBL-master/xml_scores/Mazurka06-2.xml,M06-2,M06-2,5,40,0.445025235414505,0.4000000059604645,0.0,0.0,1,False,,,14,2
L2+,/Users/toddywang/Documents/VsCodeProjects/xmltoexp/MazurkaBL-master/xml_scores/Mazurka06-2.xml,M06-2,M06-2,6,46,0.6392433643341064,0.4000000059604645,0.0,0.0,1,False,,,16,2
L2+,/Users/toddywang/Documents/VsCodeProjects/xmltoexp/MazurkaBL-master/xml_scores/Mazurka06-2.xml,M06-2,M06-2,7,58,0.5572013258934021,0.4000000059604645,0.0,0.0,1,False,,,20,2
L2+,/Users/toddywang/Documents/VsCodeProjects/xmltoexp/MazurkaBL-master/xml_scores/Mazurka06-2.xml,M06-2,M06-2,8,64,0.4471448063850403,0.4000000059604645,0.0,0.0,1,False,,,22,2
L2+,/Users/toddywang/Documents/VsCodeProjects/xmltoexp/MazurkaBL-master/xml_scores/Mazurka06-2.xml,M06-2,M06-2,9,70,0.6725752949714661,0.4000000059604645,0.0,0.0,1,False,,,24,2
L2+,/Users/toddywang/Documents/VsCodeProjects/xmltoexp/MazurkaBL-master/xml_scores/Mazurka06-2.xml,M06-2,M06-2,10,85,0.4961509108543396,0.4000000059604645,0.0,0.0,1,False,,,29,2
L2+,/Users/toddywang/Documents/VsCodeProjects/xmltoexp/MazurkaBL-master/xml_scores/Mazurka06-2.xml,M06-2,M06-2,11,92,0.6152426600456238,0.4000000059604645,0.0,0.0,1,False,,,31,3
L2+,/Users/toddywang/Documents/VsCodeProjects/xmltoexp/MazurkaBL-master/xml_scores/Mazurka06-2.xml,M06-2,M06-2,12,106,0.5628815293312073,0.4000000059604645,0.0,0.0,1,False,,,36,2
L2+,/Users/toddywang/Documents/VsCodeProjects/xmltoexp/MazurkaBL-master/xml_scores/Mazurka06-2.xml,M06-2,M06-2,13,112,0.5119467377662659,0.4000000059604645,0.0,0.0,1,False,,,38,2
L2+,/Users/toddywang/Documents/VsCodeProjects/xmltoexp/MazurkaBL-master/xml_scores/Mazurka06-2.xml,M06-2,M06-2,14,118,0.6778799295425415,0.4000000059604645,0.0,0.0,1,False,,,40,2
L2+,/Users/toddywang/Documents/VsCodeProjects/xmltoexp/MazurkaBL-master/xml_scores/Mazurka06-2.xml,M06-2,M06-2,15,133,0.49831411242485046,0.4000000059604645,0.0,0.0,1,False,,,45,2
L2+,/Users/toddywang/Documents/VsCodeProjects/xmltoexp/MazurkaBL-master/xml_scores/Mazurka06-2.xml,M06-2,M06-2,16,140,0.6156906485557556,0.4000000059604645,0.0,0.0,1,False,,,47,3
L2+,/Users/toddywang/Documents/VsCodeProjects/xmltoexp/MazurkaBL-master/xml_scores/Mazurka06-2.xml,M06-2,M06-2,17,154,0.5596144795417786,0.4000000059604645,0.0,0.0,1,False,,,52,2
L2+,/Users/toddywang/Documents/VsCodeProjects/xmltoexp/MazurkaBL-master/xml_scores/Mazurka06-2.xml,M06-2,M06-2,18,160,0.5198808908462524,0.4000000059604645,0.0,0.0,1,False,,,54,2
L2+,/Users/toddywang/Documents/VsCodeProjects/xmltoexp/MazurkaBL-master/xml_scores/Mazurka06-2.xml,M06-2,M06-2,19,166,0.6990184783935547,0.4000000059604645,0.0,0.0,1,False,,,56,2
L2+,/Users/toddywang/Documents/VsCodeProjects/xmltoexp/MazurkaBL-master/xml_scores/Mazurka06-2.xml,M06-2,M06-2,20,173,0.464952290058136,0.4000000059604645,0.0,0.0,1,False,,,58,3
L2+,/Users/toddywang/Documents/VsCodeProjects/xmltoexp/MazurkaBL-master/xml_scores/Mazurka06-2.xml,M06-2,M06-2,21,179,0.5445001721382141,0.4000000059604645,0.0,0.0,1,False,,,60,3
L2+,/Users/toddywang/Documents/VsCodeProjects/xmltoexp/MazurkaBL-master/xml_scores/Mazurka06-2.xml,M06-2,M06-2,22,185,0.466242253780365,0.4000000059604645,0.0,0.0,1,False,,,62,3
L2+,/Users/toddywang/Documents/VsCodeProjects/xmltoexp/MazurkaBL-master/xml_scores/Mazurka06-2.xml,M06-2,M06-2,23,191,0.7614609599113464,0.4000000059604645,0.0,0.0,1,False,,,64,3
L2+,/Users/toddywang/Documents/VsCodeProjects/xmltoexp/MazurkaBL-master/xml_scores/Mazurka06-2.xml,M06-2,M06-2,24,202,0.5180244445800781,0.4000000059604645,0.0,0.0,1,False,,,68,2
L2+,/Users/toddywang/Documents/VsCodeProjects/xmltoexp/MazurkaBL-master/xml_scores/Mazurka06-2.xml,M06-2,M06-2,25,208,0.6331800818443298,0.4000000059604645,0.0,0.0,1,False,,,70,2
L2+,/Users/toddywang/Documents/VsCodeProjects/xmltoexp/MazurkaBL-master/xml_scores/Mazurka06-2.xml,M06-2,M06-2,26,216,0.5959217548370361,0.4000000059604645,0.0,0.0,1,False,,,73,1
L2+,/Users/toddywang/Documents/VsCodeProjects/xmltoexp/MazurkaBL-master/xml_scores/Mazurka06-2.xml,M06-2,M06-2,27,227,0.6439236402511597,0.4000000059604645,0.0,0.0,1,False,,,76,3
L2+,/Users/toddywang/Documents/VsCodeProjects/xmltoexp/MazurkaBL-master/xml_scores/Mazurka06-2.xml,M06-2,M06-2,28,239,0.625299334526062,0.4000000059604645,0.0,0.0,1,False,,,80,3
L2+,/Users/toddywang/Documents/VsCodeProjects/xmltoexp/MazurkaBL-master/xml_scores/Mazurka06-2.xml,M06-2,M06-2,29,250,0.5981019735336304,0.4000000059604645,0.0,0.0,1,False,,,84,2
L2+,/Users/toddywang/Documents/VsCodeProjects/xmltoexp/MazurkaBL-master/xml_scores/Mazurka06-2.xml,M06-2,M06-2,30,256,0.4850062429904938,0.4000000059604645,0.0,0.0,1,False,,,86,2
L2+,/Users/toddywang/Documents/VsCodeProjects/xmltoexp/MazurkaBL-master/xml_scores/Mazurka06-2.xml,M06-2,M06-2,31,262,0.6820398569107056,0.4000000059604645,0.0,0.0,1,False,,,88,2
L2+,/Users/toddywang/Documents/VsCodeProjects/xmltoexp/MazurkaBL-master/xml_scores/Mazurka06-2.xml,M06-2,M06-2,32,268,0.47149893641471863,0.4000000059604645,0.0,0.0,1,False,,,90,2
L2+,/Users/toddywang/Documents/VsCodeProjects/xmltoexp/MazurkaBL-master/xml_scores/Mazurka06-2.xml,M06-2,M06-2,33,275,0.574560284614563,0.4000000059604645,0.0,0.0,1,False,,,92,3
L2+,/Users/toddywang/Documents/VsCodeProjects/xmltoexp/MazurkaBL-master/xml_scores/Mazurka06-2.xml,M06-2,M06-2,34,281,0.5429627299308777,0.4000000059604645,0.0,0.0,1,False,,,94,3
L3+,/Users/toddywang/Documents/VsCodeProjects/xmltoexp/MazurkaBL-master/xml_scores/Mazurka06-2.xml,M06-2,M06-2,1,11,0.618113100528717,0.574999988079071,0.0,0.0,1,False,,,4,3
L3+,/Users/toddywang/Documents/VsCodeProjects/xmltoexp/MazurkaBL-master/xml_scores/Mazurka06-2.xml,M06-2,M06-2,2,23,0.8839686512947083,0.574999988079071,0.0,0.0,1,False,,,8,3
L3+,/Users/toddywang/Documents/VsCodeProjects/xmltoexp/MazurkaBL-master/xml_scores/Mazurka06-2.xml,M06-2,M06-2,3,35,0.9203346371650696,0.574999988079071,0.0,0.0,1,False,,,12,3
L3+,/Users/toddywang/Documents/VsCodeProjects/xmltoexp/MazurkaBL-master/xml_scores/Mazurka06-2.xml,M06-2,M06-2,4,47,0.9324458241462708,0.574999988079071,0.0,0.0,1,False,,,16,3
L3+,/Users/toddywang/Documents/VsCodeProjects/xmltoexp/MazurkaBL-master/xml_scores/Mazurka06-2.xml,M06-2,M06-2,5,59,0.9224592447280884,0.574999988079071,0.0,0.0,1,False,,,20,3
L3+,/Users/toddywang/Documents/VsCodeProjects/xmltoexp/MazurkaBL-master/xml_scores/Mazurka06-2.xml,M06-2,M06-2,6,70,0.8559347987174988,0.574999988079071,0.0,0.0,1,False,,,24,2
L3+,/Users/toddywang/Documents/VsCodeProjects/xmltoexp/MazurkaBL-master/xml_scores/Mazurka06-2.xml,M06-2,M06-2,7,92,0.8083227872848511,0.574999988079071,0.0,0.0,1,False,,,31,3
L3+,/Users/toddywang/Documents/VsCodeProjects/xmltoexp/MazurkaBL-master/xml_scores/Mazurka06-2.xml,M06-2,M06-2,8,107,0.8762320876121521,0.574999988079071,0.0,0.0,1,False,,,36,3
L3+,/Users/toddywang/Documents/VsCodeProjects/xmltoexp/MazurkaBL-master/xml_scores/Mazurka06-2.xml,M06-2,M06-2,9,118,0.8552478551864624,0.574999988079071,0.0,0.0,1,False,,,40,2
L3+,/Users/toddywang/Documents/VsCodeProjects/xmltoexp/MazurkaBL-master/xml_scores/Mazurka06-2.xml,M06-2,M06-2,10,140,0.7959302067756653,0.574999988079071,0.0,0.0,1,False,,,47,3
L3+,/Users/toddywang/Documents/VsCodeProjects/xmltoexp/MazurkaBL-master/xml_scores/Mazurka06-2.xml,M06-2,M06-2,11,155,0.8679364919662476,0.574999988079071,0.0,0.0,1,False,,,52,3
L3+,/Users/toddywang/Documents/VsCodeProjects/xmltoexp/MazurkaBL-master/xml_scores/Mazurka06-2.xml,M06-2,M06-2,12,166,0.8329076170921326,0.574999988079071,0.0,0.0,1,False,,,56,2
L3+,/Users/toddywang/Documents/VsCodeProjects/xmltoexp/MazurkaBL-master/xml_scores/Mazurka06-2.xml,M06-2,M06-2,13,179,0.7927091121673584,0.574999988079071,0.0,0.0,1,False,,,60,3
L3+,/Users/toddywang/Documents/VsCodeProjects/xmltoexp/MazurkaBL-master/xml_scores/Mazurka06-2.xml,M06-2,M06-2,14,191,0.9405496120452881,0.574999988079071,0.0,0.0,1,False,,,64,3
L3+,/Users/toddywang/Documents/VsCodeProjects/xmltoexp/MazurkaBL-master/xml_scores/Mazurka06-2.xml,M06-2,M06-2,15,217,0.6673136949539185,0.574999988079071,0.0,0.0,1,False,,,73,2
L3+,/Users/toddywang/Documents/VsCodeProjects/xmltoexp/MazurkaBL-master/xml_scores/Mazurka06-2.xml,M06-2,M06-2,16,227,0.6879439949989319,0.574999988079071,0.0,0.0,1,False,,,76,3
L3+,/Users/toddywang/Documents/VsCodeProjects/xmltoexp/MazurkaBL-master/xml_scores/Mazurka06-2.xml,M06-2,M06-2,17,239,0.9116676449775696,0.574999988079071,0.0,0.0,1,False,,,80,3
L3+,/Users/toddywang/Documents/VsCodeProjects/xmltoexp/MazurkaBL-master/xml_scores/Mazurka06-2.xml,M06-2,M06-2,18,251,0.8041688799858093,0.574999988079071,0.0,0.0,1,False,,,84,3
L3+,/Users/toddywang/Documents/VsCodeProjects/xmltoexp/MazurkaBL-master/xml_scores/Mazurka06-2.xml,M06-2,M06-2,19,262,0.8105424046516418,0.574999988079071,0.0,0.0,1,False,,,88,2
L3+,/Users/toddywang/Documents/VsCodeProjects/xmltoexp/MazurkaBL-master/xml_scores/Mazurka06-2.xml,M06-2,M06-2,20,275,0.8970525860786438,0.574999988079071,0.0,0.0,1,False,,,92,3
L4+,/Users/toddywang/Documents/VsCodeProjects/xmltoexp/MazurkaBL-master/xml_scores/Mazurka06-2.xml,M06-2,M06-2,1,23,0.6490458250045776,0.625,0.0,0.0,1,False,,,8,3
L4+,/Users/toddywang/Documents/VsCodeProjects/xmltoexp/MazurkaBL-master/xml_scores/Mazurka06-2.xml,M06-2,M06-2,2,35,0.6585209965705872,0.625,0.0,0.0,1,False,,,12,3
L4+,/Users/toddywang/Documents/VsCodeProjects/xmltoexp/MazurkaBL-master/xml_scores/Mazurka06-2.xml,M06-2,M06-2,3,47,0.7521084547042847,0.625,0.0,0.0,1,False,,,16,3
L4+,/Users/toddywang/Documents/VsCodeProjects/xmltoexp/MazurkaBL-master/xml_scores/Mazurka06-2.xml,M06-2,M06-2,4,59,0.6616199612617493,0.625,0.0,0.0,1,False,,,20,3
L4+,/Users/toddywang/Documents/VsCodeProjects/xmltoexp/MazurkaBL-master/xml_scores/Mazurka06-2.xml,M06-2,M06-2,5,70,0.7336015105247498,0.625,0.0,0.0,1,False,,,24,2
L4+,/Users/toddywang/Documents/VsCodeProjects/xmltoexp/MazurkaBL-master/xml_scores/Mazurka06-2.xml,M06-2,M06-2,6,108,0.6633279323577881,0.625,0.0,0.0,1,False,,,37,1
L4+,/Users/toddywang/Documents/VsCodeProjects/xmltoexp/MazurkaBL-master/xml_scores/Mazurka06-2.xml,M06-2,M06-2,7,118,0.7406342029571533,0.625,0.0,0.0,1,False,,,40,2
L4+,/Users/toddywang/Documents/VsCodeProjects/xmltoexp/MazurkaBL-master/xml_scores/Mazurka06-2.xml,M06-2,M06-2,8,156,0.6527506113052368,0.625,0.0,0.0,1,False,,,53,1
L4+,/Users/toddywang/Documents/VsCodeProjects/xmltoexp/MazurkaBL-master/xml_scores/Mazurka06-2.xml,M06-2,M06-2,9,166,0.7701334953308105,0.625,0.0,0.0,1,False,,,56,2
L4+,/Users/toddywang/Documents/VsCodeProjects/xmltoexp/MazurkaBL-master/xml_scores/Mazurka06-2.xml,M06-2,M06-2,10,191,0.8684130907058716,0.625,0.0,0.0,1,False,,,64,3
L4+,/Users/toddywang/Documents/VsCodeProjects/xmltoexp/MazurkaBL-master/xml_scores/Mazurka06-2.xml,M06-2,M06-2,11,227,0.6984764933586121,0.625,0.0,0.0,1,False,,,76,3
L4+,/Users/toddywang/Documents/VsCodeProjects/xmltoexp/MazurkaBL-master/xml_scores/Mazurka06-2.xml,M06-2,M06-2,12,239,0.7491238713264465,0.625,0.0,0.0,1,False,,,80,3
L4+,/Users/toddywang/Documents/VsCodeProjects/xmltoexp/MazurkaBL-master/xml_scores/Mazurka06-2.xml,M06-2,M06-2,13,262,0.7085018157958984,0.625,0.0,0.0,1,False,,,88,2
L4+,/Users/toddywang/Documents/VsCodeProjects/xmltoexp/MazurkaBL-master/xml_scores/Mazurka06-2.xml,M06-2,M06-2,14,275,0.6555489897727966,0.625,0.0,0.0,1,False,,,92,3
L5+6,/Users/toddywang/Documents/VsCodeProjects/xmltoexp/MazurkaBL-master/xml_scores/Mazurka06-2.xml,M06-2,M06-2,1,23,0.7980331182479858,0.6000000238418579,0.0,0.0,1,False,,,8,3
L5+6,/Users/toddywang/Documents/VsCodeProjects/xmltoexp/MazurkaBL-master/xml_scores/Mazurka06-2.xml,M06-2,M06-2,2,35,0.8756756782531738,0.6000000238418579,0.0,0.0,1,False,,,12,3
L5+6,/Users/toddywang/Documents/VsCodeProjects/xmltoexp/MazurkaBL-master/xml_scores/Mazurka06-2.xml,M06-2,M06-2,3,47,0.8324331641197205,0.6000000238418579,0.0,0.0,1,False,,,16,3
L5+6,/Users/toddywang/Documents/VsCodeProjects/xmltoexp/MazurkaBL-master/xml_scores/Mazurka06-2.xml,M06-2,M06-2,4,59,0.8820100426673889,0.6000000238418579,0.0,0.0,1,False,,,20,3
L5+6,/Users/toddywang/Documents/VsCodeProjects/xmltoexp/MazurkaBL-master/xml_scores/Mazurka06-2.xml,M06-2,M06-2,5,70,0.7519918084144592,0.6000000238418579,0.0,0.0,1,False,,,24,2
L5+6,/Users/toddywang/Documents/VsCodeProjects/xmltoexp/MazurkaBL-master/xml_scores/Mazurka06-2.xml,M06-2,M06-2,6,107,0.8508599400520325,0.6000000238418579,0.0,0.0,1,False,,,36,3
L5+6,/Users/toddywang/Documents/VsCodeProjects/xmltoexp/MazurkaBL-master/xml_scores/Mazurka06-2.xml,M06-2,M06-2,7,118,0.7643482089042664,0.6000000238418579,0.0,0.0,1,False,,,40,2
L5+6,/Users/toddywang/Documents/VsCodeProjects/xmltoexp/MazurkaBL-master/xml_scores/Mazurka06-2.xml,M06-2,M06-2,8,155,0.8432190418243408,0.6000000238418579,0.0,0.0,1,False,,,52,3
L5+6,/Users/toddywang/Documents/VsCodeProjects/xmltoexp/MazurkaBL-master/xml_scores/Mazurka06-2.xml,M06-2,M06-2,9,166,0.7967656254768372,0.6000000238418579,0.0,0.0,1,False,,,56,2
L5+6,/Users/toddywang/Documents/VsCodeProjects/xmltoexp/MazurkaBL-master/xml_scores/Mazurka06-2.xml,M06-2,M06-2,10,191,0.9193165302276611,0.6000000238418579,0.0,0.0,1,False,,,64,3
L5+6,/Users/toddywang/Documents/VsCodeProjects/xmltoexp/MazurkaBL-master/xml_scores/Mazurka06-2.xml,M06-2,M06-2,11,227,0.7468953132629395,0.6000000238418579,0.0,0.0,1,False,,,76,3
L5+6,/Users/toddywang/Documents/VsCodeProjects/xmltoexp/MazurkaBL-master/xml_scores/Mazurka06-2.xml,M06-2,M06-2,12,239,0.826495349407196,0.6000000238418579,0.0,0.0,1,False,,,80,3
L5+6,/Users/toddywang/Documents/VsCodeProjects/xmltoexp/MazurkaBL-master/xml_scores/Mazurka06-2.xml,M06-2,M06-2,13,251,0.6608565449714661,0.6000000238418579,0.0,0.0,1,False,,,84,3
L5+6,/Users/toddywang/Documents/VsCodeProjects/xmltoexp/MazurkaBL-master/xml_scores/Mazurka06-2.xml,M06-2,M06-2,14,262,0.7047929167747498,0.6000000238418579,0.0,0.0,1,False,,,88,2
L5+6,/Users/toddywang/Documents/VsCodeProjects/xmltoexp/MazurkaBL-master/xml_scores/Mazurka06-2.xml,M06-2,M06-2,15,275,0.8520534634590149,0.6000000238418579,0.0,0.0,1,False,,,92,3
L1+,/Users/toddywang/Documents/VsCodeProjects/xmltoexp/MazurkaBL-master/xml_scores/mazurka06-3.xml,M06-3,M06-3,1,5,0.5932878255844116,0.05000000074505806,0.0,0.0,1,False,,,2,3
L1+,/Users/toddywang/Documents/VsCodeProjects/xmltoexp/MazurkaBL-master/xml_scores/mazurka06-3.xml,M06-3,M06-3,2,12,0.5893038511276245,0.05000000074505806,0.0,0.0,1,False,,,5,1
L1+,/Users/toddywang/Documents/VsCodeProjects/xmltoexp/MazurkaBL-master/xml_scores/mazurka06-3.xml,M06-3,M06-3,3,22,0.6519401669502258,0.05000000074505806,0.0,0.0,1,False,,,8,2
L1+,/Users/toddywang/Documents/VsCodeProjects/xmltoexp/MazurkaBL-master/xml_scores/mazurka06-3.xml,M06-3,M06-3,4,29,0.5795185565948486,0.05000000074505806,0.0,0.0,1,False,,,10,3
L1+,/Users/toddywang/Documents/VsCodeProjects/xmltoexp/MazurkaBL-master/xml_scores/mazurka06-3.xml,M06-3,M06-3,5,35,0.6364200711250305,0.05000000074505806,0.0,0.0,1,False,,,12,3
L1+,/Users/toddywang/Documents/VsCodeProjects/xmltoexp/MazurkaBL-master/xml_scores/mazurka06-3.xml,M06-3,M06-3,6,41,0.5428733229637146,0.05000000074505806,0.0,0.0,1,False,,,14,3
L1+,/Users/toddywang/Documents/VsCodeProjects/xmltoexp/MazurkaBL-master/xml_scores/mazurka06-3.xml,M06-3,M06-3,7,47,0.5204905271530151,0.05000000074505806,0.0,0.0,1,False,,,16,3
L1+,/Users/toddywang/Documents/VsCodeProjects/xmltoexp/MazurkaBL-master/xml_scores/mazurka06-3.xml,M06-3,M06-3,8,53,0.5123820304870605,0.05000000074505806,0.0,0.0,1,False,,,18,3
L1+,/Users/toddywang/Documents/VsCodeProjects/xmltoexp/MazurkaBL-master/xml_scores/mazurka06-3.xml,M06-3,M06-3,9,59,0.5722417235374451,0.05000000074505806,0.0,0.0,1,False,,,20,3
L1+,/Users/toddywang/Documents/VsCodeProjects/xmltoexp/MazurkaBL-master/xml_scores/mazurka06-3.xml,M06-3,M06-3,10,65,0.6198661923408508,0.05000000074505806,0.0,0.0,1,False,,,22,3
L1+,/Users/toddywang/Documents/VsCodeProjects/xmltoexp/MazurkaBL-master/xml_scores/mazurka06-3.xml,M06-3,M06-3,11,71,0.5965317487716675,0.05000000074505806,0.0,0.0,1,False,,,24,3
L1+,/Users/toddywang/Documents/VsCodeProjects/xmltoexp/MazurkaBL-master/xml_scores/mazurka06-3.xml,M06-3,M06-3,12,77,0.5245290994644165,0.05000000074505806,0.0,0.0,1,False,,,26,3
L1+,/Users/toddywang/Documents/VsCodeProjects/xmltoexp/MazurkaBL-master/xml_scores/mazurka06-3.xml,M06-3,M06-3,13,83,0.5253846049308777,0.05000000074505806,0.0,0.0,1,False,,,28,3
L1+,/Users/toddywang/Documents/VsCodeProjects/xmltoexp/MazurkaBL-master/xml_scores/mazurka06-3.xml,M06-3,M06-3,14,89,0.5235011577606201,0.05000000074505806,0.0,0.0,1,False,,,30,3
L1+,/Users/toddywang/Documents/VsCodeProjects/xmltoexp/MazurkaBL-master/xml_scores/mazurka06-3.xml,M06-3,M06-3,15,98,0.6461660861968994,0.05000000074505806,0.0,0.0,1,False,,,33,3
L1+,/Users/toddywang/Documents/VsCodeProjects/xmltoexp/MazurkaBL-master/xml_scores/mazurka06-3.xml,M06-3,M06-3,16,110,0.7068855166435242,0.05000000074505806,0.0,0.0,1,False,,,37,3
L1+,/Users/toddywang/Documents/VsCodeProjects/xmltoexp/MazurkaBL-master/xml_scores/mazurka06-3.xml,M06-3,M06-3,17,116,0.6075595021247864,0.05000000074505806,0.0,0.0,1,False,,,39,3
L1+,/Users/toddywang/Documents/VsCodeProjects/xmltoexp/MazurkaBL-master/xml_scores/mazurka06-3.xml,M06-3,M06-3,18,122,0.6839381456375122,0.05000000074505806,0.0,0.0,1,False,,,41,3
L1+,/Users/toddywang/Documents/VsCodeProjects/xmltoexp/MazurkaBL-master/xml_scores/mazurka06-3.xml,M06-3,M06-3,19,134,0.7101679444313049,0.05000000074505806,0.0,0.0,1,False,,,45,3
L1+,/Users/toddywang/Documents/VsCodeProjects/xmltoexp/MazurkaBL-master/xml_scores/mazurka06-3.xml,M06-3,M06-3,20,140,0.6006758809089661,0.05000000074505806,0.0,0.0,1,False,,,47,3
L1+,/Users/toddywang/Documents/VsCodeProjects/xmltoexp/MazurkaBL-master/xml_scores/mazurka06-3.xml,M06-3,M06-3,21,150,0.4883703291416168,0.05000000074505806,0.0,0.0,1,False,,,51,1
L1+,/Users/toddywang/Documents/VsCodeProjects/xmltoexp/MazurkaBL-master/xml_scores/mazurka06-3.xml,M06-3,M06-3,22,156,0.5272047519683838,0.05000000074505806,0.0,0.0,1,False,,,53,1
L1+,/Users/toddywang/Documents/VsCodeProjects/xmltoexp/MazurkaBL-master/xml_scores/mazurka06-3.xml,M06-3,M06-3,23,162,0.5319417119026184,0.05000000074505806,0.0,0.0,1,False,,,55,1
L1+,/Users/toddywang/Documents/VsCodeProjects/xmltoexp/MazurkaBL-master/xml_scores/mazurka06-3.xml,M06-3,M06-3,24,169,0.5241603255271912,0.05000000074505806,0.0,0.0,1,False,,,57,2
L1+,/Users/toddywang/Documents/VsCodeProjects/xmltoexp/MazurkaBL-master/xml_scores/mazurka06-3.xml,M06-3,M06-3,25,175,0.4763110876083374,0.05000000074505806,0.0,0.0,1,False,,,59,2
L1+,/Users/toddywang/Documents/VsCodeProjects/xmltoexp/MazurkaBL-master/xml_scores/mazurka06-3.xml,M06-3,M06-3,26,181,0.5372254848480225,0.05000000074505806,0.0,0.0,1,False,,,61,2
L1+,/Users/toddywang/Documents/VsCodeProjects/xmltoexp/MazurkaBL-master/xml_scores/mazurka06-3.xml,M06-3,M06-3,27,190,0.634924054145813,0.05000000074505806,0.0,0.0,1,False,,,64,2
L1+,/Users/toddywang/Documents/VsCodeProjects/xmltoexp/MazurkaBL-master/xml_scores/mazurka06-3.xml,M06-3,M06-3,28,196,0.4923902153968811,0.05000000074505806,0.0,0.0,1,False,,,66,2
L1+,/Users/toddywang/Documents/VsCodeProjects/xmltoexp/MazurkaBL-master/xml_scores/mazurka06-3.xml,M06-3,M06-3,29,205,0.5095528364181519,0.05000000074505806,0.0,0.0,1,False,,,69,2
L1+,/Users/toddywang/Documents/VsCodeProjects/xmltoexp/MazurkaBL-master/xml_scores/mazurka06-3.xml,M06-3,M06-3,30,214,0.5763713121414185,0.05000000074505806,0.0,0.0,1,False,,,72,2
L1+,/Users/toddywang/Documents/VsCodeProjects/xmltoexp/MazurkaBL-master/xml_scores/mazurka06-3.xml,M06-3,M06-3,31,221,0.5543714165687561,0.05000000074505806,0.0,0.0,1,False,,,74,3
L1+,/Users/toddywang/Documents/VsCodeProjects/xmltoexp/MazurkaBL-master/xml_scores/mazurka06-3.xml,M06-3,M06-3,32,227,0.6155481934547424,0.05000000074505806,0.0,0.0,1,False,,,76,3
L1+,/Users/toddywang/Documents/VsCodeProjects/xmltoexp/MazurkaBL-master/xml_scores/mazurka06-3.xml,M06-3,M06-3,33,233,0.6202945709228516,0.05000000074505806,0.0,0.0,1,False,,,78,3
L1+,/Users/toddywang/Documents/VsCodeProjects/xmltoexp/MazurkaBL-master/xml_scores/mazurka06-3.xml,M06-3,M06-3,34,239,0.6025797724723816,0.05000000074505806,0.0,0.0,1,False,,,80,3
L1+,/Users/toddywang/Documents/VsCodeProjects/xmltoexp/MazurkaBL-master/xml_scores/mazurka06-3.xml,M06-3,M06-3,35,245,0.5487589836120605,0.05000000074505806,0.0,0.0,1,False,,,82,3
L1+,/Users/toddywang/Documents/VsCodeProjects/xmltoexp/MazurkaBL-master/xml_scores/mazurka06-3.xml,M06-3,M06-3,36,251,0.553246796131134,0.05000000074505806,0.0,0.0,1,False,,,84,3
L1+,/Users/toddywang/Documents/VsCodeProjects/xmltoexp/MazurkaBL-master/xml_scores/mazurka06-3.xml,M06-3,M06-3,37,257,0.5279372334480286,0.05000000074505806,0.0,0.0,1,False,,,86,3
L1+,/Users/toddywang/Documents/VsCodeProjects/xmltoexp/MazurkaBL-master/xml_scores/mazurka06-3.xml,M06-3,M06-3,38,263,0.5639399290084839,0.05000000074505806,0.0,0.0,1,False,,,88,3
L1+,/Users/toddywang/Documents/VsCodeProjects/xmltoexp/MazurkaBL-master/xml_scores/mazurka06-3.xml,M06-3,M06-3,39,269,0.631936252117157,0.05000000074505806,0.0,0.0,1,False,,,90,3
L1+,/Users/toddywang/Documents/VsCodeProjects/xmltoexp/MazurkaBL-master/xml_scores/mazurka06-3.xml,M06-3,M06-3,40,275,0.6035405397415161,0.05000000074505806,0.0,0.0,1,False,,,92,3
L1+,/Users/toddywang/Documents/VsCodeProjects/xmltoexp/MazurkaBL-master/xml_scores/mazurka06-3.xml,M06-3,M06-3,41,281,0.5444550514221191,0.05000000074505806,0.0,0.0,1,False,,,94,3
L1+,/Users/toddywang/Documents/VsCodeProjects/xmltoexp/MazurkaBL-master/xml_scores/mazurka06-3.xml,M06-3,M06-3,42,292,0.6341381072998047,0.05000000074505806,0.0,0.0,1,False,,,98,2
L2+,/Users/toddywang/Documents/VsCodeProjects/xmltoexp/MazurkaBL-master/xml_scores/mazurka06-3.xml,M06-3,M06-3,1,5,0.5844029188156128,0.4000000059604645,0.0,0.0,1,False,,,2,3
L2+,/Users/toddywang/Documents/VsCodeProjects/xmltoexp/MazurkaBL-master/xml_scores/mazurka06-3.xml,M06-3,M06-3,2,12,0.5783384442329407,0.4000000059604645,0.0,0.0,1,False,,,5,1
L2+,/Users/toddywang/Documents/VsCodeProjects/xmltoexp/MazurkaBL-master/xml_scores/mazurka06-3.xml,M06-3,M06-3,3,22,0.6505612134933472,0.4000000059604645,0.0,0.0,1,False,,,8,2
L2+,/Users/toddywang/Documents/VsCodeProjects/xmltoexp/MazurkaBL-master/xml_scores/mazurka06-3.xml,M06-3,M06-3,4,29,0.5621553063392639,0.4000000059604645,0.0,0.0,1,False,,,10,3
L2+,/Users/toddywang/Documents/VsCodeProjects/xmltoexp/MazurkaBL-master/xml_scores/mazurka06-3.xml,M06-3,M06-3,5,35,0.6245486736297607,0.4000000059604645,0.0,0.0,1,False,,,12,3
L2+,/Users/toddywang/Documents/VsCodeProjects/xmltoexp/MazurkaBL-master/xml_scores/mazurka06-3.xml,M06-3,M06-3,6,41,0.5366951823234558,0.4000000059604645,0.0,0.0,1,False,,,14,3
L2+,/Users/toddywang/Documents/VsCodeProjects/xmltoexp/MazurkaBL-master/xml_scores/mazurka06-3.xml,M06-3,M06-3,7,47,0.5114218592643738,0.4000000059604645,0.0,0.0,1,False,,,16,3
L2+,/Users/toddywang/Documents/VsCodeProjects/xmltoexp/MazurkaBL-master/xml_scores/mazurka06-3.xml,M06-3,M06-3,8,53,0.4963921308517456,0.4000000059604645,0.0,0.0,1,False,,,18,3
L2+,/Users/toddywang/Documents/VsCodeProjects/xmltoexp/MazurkaBL-master/xml_scores/mazurka06-3.xml,M06-3,M06-3,9,59,0.5707079768180847,0.4000000059604645,0.0,0.0,1,False,,,20,3
L2+,/Users/toddywang/Documents/VsCodeProjects/xmltoexp/MazurkaBL-master/xml_scores/mazurka06-3.xml,M06-3,M06-3,10,65,0.6017729640007019,0.4000000059604645,0.0,0.0,1,False,,,22,3
L2+,/Users/toddywang/Documents/VsCodeProjects/xmltoexp/MazurkaBL-master/xml_scores/mazurka06-3.xml,M06-3,M06-3,11,71,0.5881913900375366,0.4000000059604645,0.0,0.0,1,False,,,24,3
L2+,/Users/toddywang/Documents/VsCodeProjects/xmltoexp/MazurkaBL-master/xml_scores/mazurka06-3.xml,M06-3,M06-3,12,77,0.5173439383506775,0.4000000059604645,0.0,0.0,1,False,,,26,3
L2+,/Users/toddywang/Documents/VsCodeProjects/xmltoexp/MazurkaBL-master/xml_scores/mazurka06-3.xml,M06-3,M06-3,13,83,0.5170034766197205,0.4000000059604645,0.0,0.0,1,False,,,28,3
L2+,/Users/toddywang/Documents/VsCodeProjects/xmltoexp/MazurkaBL-master/xml_scores/mazurka06-3.xml,M06-3,M06-3,14,89,0.5074012875556946,0.4000000059604645,0.0,0.0,1,False,,,30,3
L2+,/Users/toddywang/Documents/VsCodeProjects/xmltoexp/MazurkaBL-master/xml_scores/mazurka06-3.xml,M06-3,M06-3,15,98,0.6466504335403442,0.4000000059604645,0.0,0.0,1,False,,,33,3
L2+,/Users/toddywang/Documents/VsCodeProjects/xmltoexp/MazurkaBL-master/xml_scores/mazurka06-3.xml,M06-3,M06-3,16,110,0.707345724105835,0.4000000059604645,0.0,0.0,1,False,,,37,3
L2+,/Users/toddywang/Documents/VsCodeProjects/xmltoexp/MazurkaBL-master/xml_scores/mazurka06-3.xml,M06-3,M06-3,17,116,0.607001006603241,0.4000000059604645,0.0,0.0,1,False,,,39,3
L2+,/Users/toddywang/Documents/VsCodeProjects/xmltoexp/MazurkaBL-master/xml_scores/mazurka06-3.xml,M06-3,M06-3,18,122,0.687806248664856,0.4000000059604645,0.0,0.0,1,False,,,41,3
L2+,/Users/toddywang/Documents/VsCodeProjects/xmltoexp/MazurkaBL-master/xml_scores/mazurka06-3.xml,M06-3,M06-3,19,134,0.7105269432067871,0.4000000059604645,0.0,0.0,1,False,,,45,3
L2+,/Users/toddywang/Documents/VsCodeProjects/xmltoexp/MazurkaBL-master/xml_scores/mazurka06-3.xml,M06-3,M06-3,20,140,0.5993788838386536,0.4000000059604645,0.0,0.0,1,False,,,47,3
L2+,/Users/toddywang/Documents/VsCodeProjects/xmltoexp/MazurkaBL-master/xml_scores/mazurka06-3.xml,M06-3,M06-3,21,150,0.4663361608982086,0.4000000059604645,0.0,0.0,1,False,,,51,1
L2+,/Users/toddywang/Documents/VsCodeProjects/xmltoexp/MazurkaBL-master/xml_scores/mazurka06-3.xml,M06-3,M06-3,22,156,0.5162661671638489,0.4000000059604645,0.0,0.0,1,False,,,53,1
L2+,/Users/toddywang/Documents/VsCodeProjects/xmltoexp/MazurkaBL-master/xml_scores/mazurka06-3.xml,M06-3,M06-3,23,162,0.5236749649047852,0.4000000059604645,0.0,0.0,1,False,,,55,1
L2+,/Users/toddywang/Documents/VsCodeProjects/xmltoexp/MazurkaBL-master/xml_scores/mazurka06-3.xml,M06-3,M06-3,24,169,0.5202646851539612,0.4000000059604645,0.0,0.0,1,False,,,57,2
L2+,/Users/toddywang/Documents/VsCodeProjects/xmltoexp/MazurkaBL-master/xml_scores/mazurka06-3.xml,M06-3,M06-3,25,175,0.4706624746322632,0.4000000059604645,0.0,0.0,1,False,,,59,2
L2+,/Users/toddywang/Documents/VsCodeProjects/xmltoexp/MazurkaBL-master/xml_scores/mazurka06-3.xml,M06-3,M06-3,26,181,0.5314767956733704,0.4000000059604645,0.0,0.0,1,False,,,61,2
L2+,/Users/toddywang/Documents/VsCodeProjects/xmltoexp/MazurkaBL-master/xml_scores/mazurka06-3.xml,M06-3,M06-3,27,190,0.6414436101913452,0.4000000059604645,0.0,0.0,1,False,,,64,2
L2+,/Users/toddywang/Documents/VsCodeProjects/xmltoexp/MazurkaBL-master/xml_scores/mazurka06-3.xml,M06-3,M06-3,28,196,0.49316009879112244,0.4000000059604645,0.0,0.0,1,False,,,66,2
L2+,/Users/toddywang/Documents/VsCodeProjects/xmltoexp/MazurkaBL-master/xml_scores/mazurka06-3.xml,M06-3,M06-3,29,205,0.50478196144104,0.4000000059604645,0.0,0.0,1,False,,,69,2
L2+,/Users/toddywang/Documents/VsCodeProjects/xmltoexp/MazurkaBL-master/xml_scores/mazurka06-3.xml,M06-3,M06-3,30,214,0.5886401534080505,0.4000000059604645,0.0,0.0,1,False,,,72,2
L2+,/Users/toddywang/Documents/VsCodeProjects/xmltoexp/MazurkaBL-master/xml_scores/mazurka06-3.xml,M06-3,M06-3,31,221,0.5499178767204285,0.4000000059604645,0.0,0.0,1,False,,,74,3
L2+,/Users/toddywang/Documents/VsCodeProjects/xmltoexp/MazurkaBL-master/xml_scores/mazurka06-3.xml,M06-3,M06-3,32,227,0.626067578792572,0.4000000059604645,0.0,0.0,1,False,,,76,3
L2+,/Users/toddywang/Documents/VsCodeProjects/xmltoexp/MazurkaBL-master/xml_scores/mazurka06-3.xml,M06-3,M06-3,33,233,0.6014549732208252,0.4000000059604645,0.0,0.0,1,False,,,78,3
L2+,/Users/toddywang/Documents/VsCodeProjects/xmltoexp/MazurkaBL-master/xml_scores/mazurka06-3.xml,M06-3,M06-3,34,239,0.59379643201828,0.4000000059604645,0.0,0.0,1,False,,,80,3
L2+,/Users/toddywang/Documents/VsCodeProjects/xmltoexp/MazurkaBL-master/xml_scores/mazurka06-3.xml,M06-3,M06-3,35,245,0.5429224371910095,0.4000000059604645,0.0,0.0,1,False,,,82,3
L2+,/Users/toddywang/Documents/VsCodeProjects/xmltoexp/MazurkaBL-master/xml_scores/mazurka06-3.xml,M06-3,M06-3,36,251,0.5407084226608276,0.4000000059604645,0.0,0.0,1,False,,,84,3
L2+,/Users/toddywang/Documents/VsCodeProjects/xmltoexp/MazurkaBL-master/xml_scores/mazurka06-3.xml,M06-3,M06-3,37,257,0.5106175541877747,0.4000000059604645,0.0,0.0,1,False,,,86,3
L2+,/Users/toddywang/Documents/VsCodeProjects/xmltoexp/MazurkaBL-master/xml_scores/mazurka06-3.xml,M06-3,M06-3,38,263,0.5588341355323792,0.4000000059604645,0.0,0.0,1,False,,,88,3
L2+,/Users/toddywang/Documents/VsCodeProjects/xmltoexp/MazurkaBL-master/xml_scores/mazurka06-3.xml,M06-3,M06-3,39,269,0.6137781739234924,0.4000000059604645,0.0,0.0,1,False,,,90,3
L2+,/Users/toddywang/Documents/VsCodeProjects/xmltoexp/MazurkaBL-master/xml_scores/mazurka06-3.xml,M06-3,M06-3,40,275,0.5939757227897644,0.4000000059604645,0.0,0.0,1,False,,,92,3
L2+,/Users/toddywang/Documents/VsCodeProjects/xmltoexp/MazurkaBL-master/xml_scores/mazurka06-3.xml,M06-3,M06-3,41,281,0.5304792523384094,0.4000000059604645,0.0,0.0,1,False,,,94,3
L2+,/Users/toddywang/Documents/VsCodeProjects/xmltoexp/MazurkaBL-master/xml_scores/mazurka06-3.xml,M06-3,M06-3,42,292,0.6438822746276855,0.4000000059604645,0.0,0.0,1,False,,,98,2
L3+,/Users/toddywang/Documents/VsCodeProjects/xmltoexp/MazurkaBL-master/xml_scores/mazurka06-3.xml,M06-3,M06-3,1,35,0.8143071532249451,0.574999988079071,0.0,0.0,1,False,,,12,3
L3+,/Users/toddywang/Documents/VsCodeProjects/xmltoexp/MazurkaBL-master/xml_scores/mazurka06-3.xml,M06-3,M06-3,2,59,0.6778732538223267,0.574999988079071,0.0,0.0,1,False,,,20,3
L3+,/Users/toddywang/Documents/VsCodeProjects/xmltoexp/MazurkaBL-master/xml_scores/mazurka06-3.xml,M06-3,M06-3,3,71,0.8059194684028625,0.574999988079071,0.0,0.0,1,False,,,24,3
L3+,/Users/toddywang/Documents/VsCodeProjects/xmltoexp/MazurkaBL-master/xml_scores/mazurka06-3.xml,M06-3,M06-3,4,81,0.590383768081665,0.574999988079071,0.0,0.0,1,False,,,28,1
L3+,/Users/toddywang/Documents/VsCodeProjects/xmltoexp/MazurkaBL-master/xml_scores/mazurka06-3.xml,M06-3,M06-3,5,97,0.6962860822677612,0.574999988079071,0.0,0.0,1,False,,,33,2
L3+,/Users/toddywang/Documents/VsCodeProjects/xmltoexp/MazurkaBL-master/xml_scores/mazurka06-3.xml,M06-3,M06-3,6,110,0.8197445273399353,0.574999988079071,0.0,0.0,1,False,,,37,3
L3+,/Users/toddywang/Documents/VsCodeProjects/xmltoexp/MazurkaBL-master/xml_scores/mazurka06-3.xml,M06-3,M06-3,7,122,0.7624518871307373,0.574999988079071,0.0,0.0,1,False,,,41,3
L3+,/Users/toddywang/Documents/VsCodeProjects/xmltoexp/MazurkaBL-master/xml_scores/mazurka06-3.xml,M06-3,M06-3,8,134,0.8172063231468201,0.574999988079071,0.0,0.0,1,False,,,45,3
L3+,/Users/toddywang/Documents/VsCodeProjects/xmltoexp/MazurkaBL-master/xml_scores/mazurka06-3.xml,M06-3,M06-3,9,180,0.6313850283622742,0.574999988079071,0.0,0.0,1,False,,,61,1
L3+,/Users/toddywang/Documents/VsCodeProjects/xmltoexp/MazurkaBL-master/xml_scores/mazurka06-3.xml,M06-3,M06-3,10,192,0.7556018233299255,0.574999988079071,0.0,0.0,1,False,,,65,1
L3+,/Users/toddywang/Documents/VsCodeProjects/xmltoexp/MazurkaBL-master/xml_scores/mazurka06-3.xml,M06-3,M06-3,11,215,0.6056423187255859,0.574999988079071,0.0,0.0,1,False,,,72,3
L3+,/Users/toddywang/Documents/VsCodeProjects/xmltoexp/MazurkaBL-master/xml_scores/mazurka06-3.xml,M06-3,M06-3,12,227,0.7600387334823608,0.574999988079071,0.0,0.0,1,False,,,76,3
L3+,/Users/toddywang/Documents/VsCodeProjects/xmltoexp/MazurkaBL-master/xml_scores/mazurka06-3.xml,M06-3,M06-3,13,239,0.7732334136962891,0.574999988079071,0.0,0.0,1,False,,,80,3
L3+,/Users/toddywang/Documents/VsCodeProjects/xmltoexp/MazurkaBL-master/xml_scores/mazurka06-3.xml,M06-3,M06-3,14,263,0.6297115683555603,0.574999988079071,0.0,0.0,1,False,,,88,3
L3+,/Users/toddywang/Documents/VsCodeProjects/xmltoexp/MazurkaBL-master/xml_scores/mazurka06-3.xml,M06-3,M06-3,15,275,0.752443790435791,0.574999988079071,0.0,0.0,1,False,,,92,3
L3+,/Users/toddywang/Documents/VsCodeProjects/xmltoexp/MazurkaBL-master/xml_scores/mazurka06-3.xml,M06-3,M06-3,16,286,0.6733105778694153,0.574999988079071,0.0,0.0,1,False,,,96,2
L4+,/Users/toddywang/Documents/VsCodeProjects/xmltoexp/MazurkaBL-master/xml_scores/mazurka06-3.xml,M06-3,M06-3,1,98,0.6611899137496948,0.625,0.0,0.0,1,False,,,33,3
L4+,/Users/toddywang/Documents/VsCodeProjects/xmltoexp/MazurkaBL-master/xml_scores/mazurka06-3.xml,M06-3,M06-3,2,110,0.7414549589157104,0.625,0.0,0.0,1,False,,,37,3
L4+,/Users/toddywang/Documents/VsCodeProjects/xmltoexp/MazurkaBL-master/xml_scores/mazurka06-3.xml,M06-3,M06-3,3,122,0.7270976305007935,0.625,0.0,0.0,1,False,,,41,3
L4+,/Users/toddywang/Documents/VsCodeProjects/xmltoexp/MazurkaBL-master/xml_scores/mazurka06-3.xml,M06-3,M06-3,4,134,0.7430801391601562,0.625,0.0,0.0,1,False,,,45,3
L4+,/Users/toddywang/Documents/VsCodeProjects/xmltoexp/MazurkaBL-master/xml_scores/mazurka06-3.xml,M06-3,M06-3,5,227,0.6582989692687988,0.625,0.0,0.0,1,False,,,76,3
L5+6,/Users/toddywang/Documents/VsCodeProjects/xmltoexp/MazurkaBL-master/xml_scores/mazurka06-3.xml,M06-3,M06-3,1,98,0.722473680973053,0.6000000238418579,0.0,0.0,1,False,,,33,3
L5+6,/Users/toddywang/Documents/VsCodeProjects/xmltoexp/MazurkaBL-master/xml_scores/mazurka06-3.xml,M06-3,M06-3,2,110,0.8132246136665344,0.6000000238418579,0.0,0.0,1,False,,,37,3
L5+6,/Users/toddywang/Documents/VsCodeProjects/xmltoexp/MazurkaBL-master/xml_scores/mazurka06-3.xml,M06-3,M06-3,3,122,0.813124418258667,0.6000000238418579,0.0,0.0,1,False,,,41,3
L5+6,/Users/toddywang/Documents/VsCodeProjects/xmltoexp/MazurkaBL-master/xml_scores/mazurka06-3.xml,M06-3,M06-3,4,134,0.8139539957046509,0.6000000238418579,0.0,0.0,1,False,,,45,3
L5+6,/Users/toddywang/Documents/VsCodeProjects/xmltoexp/MazurkaBL-master/xml_scores/mazurka06-3.xml,M06-3,M06-3,5,191,0.6240472793579102,0.6000000238418579,0.0,0.0,1,False,,,64,3
L5+6,/Users/toddywang/Documents/VsCodeProjects/xmltoexp/MazurkaBL-master/xml_scores/mazurka06-3.xml,M06-3,M06-3,6,227,0.6396323442459106,0.6000000238418579,0.0,0.0,1,False,,,76,3
L1+,"/Users/toddywang/Documents/VsCodeProjects/xmltoexp/ATEPP-1.2/ATEPP-1.2/Wolfgang_Amadeus_Mozart/Piano_Sonata_No._5_in_G_Major,_K._283/I._Allegro/Sonata_No._5_1st_Movement_K._283.mxl",mozart_k283_i,mozart_k283_i,1,5,0.5107296109199524,0.05000000074505806,0.0,0.0,1,False,,,2,2
L1+,"/Users/toddywang/Documents/VsCodeProjects/xmltoexp/ATEPP-1.2/ATEPP-1.2/Wolfgang_Amadeus_Mozart/Piano_Sonata_No._5_in_G_Major,_K._283/I._Allegro/Sonata_No._5_1st_Movement_K._283.mxl",mozart_k283_i,mozart_k283_i,2,14,0.6797269582748413,0.05000000074505806,0.0,0.0,1,False,,,5,2
L1+,"/Users/toddywang/Documents/VsCodeProjects/xmltoexp/ATEPP-1.2/ATEPP-1.2/Wolfgang_Amadeus_Mozart/Piano_Sonata_No._5_in_G_Major,_K._283/I._Allegro/Sonata_No._5_1st_Movement_K._283.mxl",mozart_k283_i,mozart_k283_i,3,22,0.5542060732841492,0.05000000074505806,0.0,0.0,1,False,,,8,1
L1+,"/Users/toddywang/Documents/VsCodeProjects/xmltoexp/ATEPP-1.2/ATEPP-1.2/Wolfgang_Amadeus_Mozart/Piano_Sonata_No._5_in_G_Major,_K._283/I._Allegro/Sonata_No._5_1st_Movement_K._283.mxl",mozart_k283_i,mozart_k283_i,4,29,0.6821428537368774,0.05000000074505806,0.0,0.0,1,False,,,10,2
L1+,"/Users/toddywang/Documents/VsCodeProjects/xmltoexp/ATEPP-1.2/ATEPP-1.2/Wolfgang_Amadeus_Mozart/Piano_Sonata_No._5_in_G_Major,_K._283/I._Allegro/Sonata_No._5_1st_Movement_K._283.mxl",mozart_k283_i,mozart_k283_i,5,40,0.5394364595413208,0.05000000074505806,0.0,0.0,1,False,,,14,1
L1+,"/Users/toddywang/Documents/VsCodeProjects/xmltoexp/ATEPP-1.2/ATEPP-1.2/Wolfgang_Amadeus_Mozart/Piano_Sonata_No._5_in_G_Major,_K._283/I._Allegro/Sonata_No._5_1st_Movement_K._283.mxl",mozart_k283_i,mozart_k283_i,6,46,0.6245190501213074,0.05000000074505806,0.0,0.0,1,False,,,16,1
L1+,"/Users/toddywang/Documents/VsCodeProjects/xmltoexp/ATEPP-1.2/ATEPP-1.2/Wolfgang_Amadeus_Mozart/Piano_Sonata_No._5_in_G_Major,_K._283/I._Allegro/Sonata_No._5_1st_Movement_K._283.mxl",mozart_k283_i,mozart_k283_i,7,53,0.6440929174423218,0.05000000074505806,0.0,0.0,1,False,,,18,2
L1+,"/Users/toddywang/Documents/VsCodeProjects/xmltoexp/ATEPP-1.2/ATEPP-1.2/Wolfgang_Amadeus_Mozart/Piano_Sonata_No._5_in_G_Major,_K._283/I._Allegro/Sonata_No._5_1st_Movement_K._283.mxl",mozart_k283_i,mozart_k283_i,8,65,0.9395049810409546,0.05000000074505806,0.0,0.0,1,False,,,22,2
L1+,"/Users/toddywang/Documents/VsCodeProjects/xmltoexp/ATEPP-1.2/ATEPP-1.2/Wolfgang_Amadeus_Mozart/Piano_Sonata_No._5_in_G_Major,_K._283/I._Allegro/Sonata_No._5_1st_Movement_K._283.mxl",mozart_k283_i,mozart_k283_i,9,71,0.4256371259689331,0.05000000074505806,0.0,0.0,1,False,,,24,2
L1+,"/Users/toddywang/Documents/VsCodeProjects/xmltoexp/ATEPP-1.2/ATEPP-1.2/Wolfgang_Amadeus_Mozart/Piano_Sonata_No._5_in_G_Major,_K._283/I._Allegro/Sonata_No._5_1st_Movement_K._283.mxl",mozart_k283_i,mozart_k283_i,10,77,0.5513817071914673,0.05000000074505806,0.0,0.0,1,False,,,26,2
L1+,"/Users/toddywang/Documents/VsCodeProjects/xmltoexp/ATEPP-1.2/ATEPP-1.2/Wolfgang_Amadeus_Mozart/Piano_Sonata_No._5_in_G_Major,_K._283/I._Allegro/Sonata_No._5_1st_Movement_K._283.mxl",mozart_k283_i,mozart_k283_i,11,89,0.327149361371994,0.05000000074505806,0.0,0.0,1,False,,,30,2
L1+,"/Users/toddywang/Documents/VsCodeProjects/xmltoexp/ATEPP-1.2/ATEPP-1.2/Wolfgang_Amadeus_Mozart/Piano_Sonata_No._5_in_G_Major,_K._283/I._Allegro/Sonata_No._5_1st_Movement_K._283.mxl",mozart_k283_i,mozart_k283_i,12,97,0.4228178560733795,0.05000000074505806,0.0,0.0,1,False,,,33,1
L1+,"/Users/toddywang/Documents/VsCodeProjects/xmltoexp/ATEPP-1.2/ATEPP-1.2/Wolfgang_Amadeus_Mozart/Piano_Sonata_No._5_in_G_Major,_K._283/I._Allegro/Sonata_No._5_1st_Movement_K._283.mxl",mozart_k283_i,mozart_k283_i,13,103,0.5095349550247192,0.05000000074505806,0.0,0.0,1,False,,,35,1
L1+,"/Users/toddywang/Documents/VsCodeProjects/xmltoexp/ATEPP-1.2/ATEPP-1.2/Wolfgang_Amadeus_Mozart/Piano_Sonata_No._5_in_G_Major,_K._283/I._Allegro/Sonata_No._5_1st_Movement_K._283.mxl",mozart_k283_i,mozart_k283_i,14,109,0.3882647752761841,0.05000000074505806,0.0,0.0,1,False,,,37,1
L1+,"/Users/toddywang/Documents/VsCodeProjects/xmltoexp/ATEPP-1.2/ATEPP-1.2/Wolfgang_Amadeus_Mozart/Piano_Sonata_No._5_in_G_Major,_K._283/I._Allegro/Sonata_No._5_1st_Movement_K._283.mxl",mozart_k283_i,mozart_k283_i,15,118,0.4946097433567047,0.05000000074505806,0.0,0.0,1,False,,,40,1
L1+,"/Users/toddywang/Documents/VsCodeProjects/xmltoexp/ATEPP-1.2/ATEPP-1.2/Wolfgang_Amadeus_Mozart/Piano_Sonata_No._5_in_G_Major,_K._283/I._Allegro/Sonata_No._5_1st_Movement_K._283.mxl",mozart_k283_i,mozart_k283_i,16,124,0.36289721727371216,0.05000000074505806,0.0,0.0,1,False,,,42,1
L1+,"/Users/toddywang/Documents/VsCodeProjects/xmltoexp/ATEPP-1.2/ATEPP-1.2/Wolfgang_Amadeus_Mozart/Piano_Sonata_No._5_in_G_Major,_K._283/I._Allegro/Sonata_No._5_1st_Movement_K._283.mxl",mozart_k283_i,mozart_k283_i,17,132,0.45789945125579834,0.05000000074505806,0.0,0.0,1,False,,,44,3
L1+,"/Users/toddywang/Documents/VsCodeProjects/xmltoexp/ATEPP-1.2/ATEPP-1.2/Wolfgang_Amadeus_Mozart/Piano_Sonata_No._5_in_G_Major,_K._283/I._Allegro/Sonata_No._5_1st_Movement_K._283.mxl",mozart_k283_i,mozart_k283_i,18,145,0.40106111764907837,0.05000000074505806,0.0,0.0,1,False,,,49,1
L1+,"/Users/toddywang/Documents/VsCodeProjects/xmltoexp/ATEPP-1.2/ATEPP-1.2/Wolfgang_Amadeus_Mozart/Piano_Sonata_No._5_in_G_Major,_K._283/I._Allegro/Sonata_No._5_1st_Movement_K._283.mxl",mozart_k283_i,mozart_k283_i,19,151,0.42525193095207214,0.05000000074505806,0.0,0.0,1,False,,,51,1
L1+,"/Users/toddywang/Documents/VsCodeProjects/xmltoexp/ATEPP-1.2/ATEPP-1.2/Wolfgang_Amadeus_Mozart/Piano_Sonata_No._5_in_G_Major,_K._283/I._Allegro/Sonata_No._5_1st_Movement_K._283.mxl",mozart_k283_i,mozart_k283_i,20,158,0.7499820590019226,0.05000000074505806,0.0,0.0,1,False,,,53,2
L1+,"/Users/toddywang/Documents/VsCodeProjects/xmltoexp/ATEPP-1.2/ATEPP-1.2/Wolfgang_Amadeus_Mozart/Piano_Sonata_No._5_in_G_Major,_K._283/I._Allegro/Sonata_No._5_1st_Movement_K._283.mxl",mozart_k283_i,mozart_k283_i,21,167,0.48495039343833923,0.05000000074505806,0.0,0.0,1,False,,,3,2
L1+,"/Users/toddywang/Documents/VsCodeProjects/xmltoexp/ATEPP-1.2/ATEPP-1.2/Wolfgang_Amadeus_Mozart/Piano_Sonata_No._5_in_G_Major,_K._283/I._Allegro/Sonata_No._5_1st_Movement_K._283.mxl",mozart_k283_i,mozart_k283_i,22,173,0.6773694157600403,0.05000000074505806,0.0,0.0,1,False,,,5,2
L1+,"/Users/toddywang/Documents/VsCodeProjects/xmltoexp/ATEPP-1.2/ATEPP-1.2/Wolfgang_Amadeus_Mozart/Piano_Sonata_No._5_in_G_Major,_K._283/I._Allegro/Sonata_No._5_1st_Movement_K._283.mxl",mozart_k283_i,mozart_k283_i,23,181,0.577137291431427,0.05000000074505806,0.0,0.0,1,False,,,8,1
L1+,"/Users/toddywang/Documents/VsCodeProjects/xmltoexp/ATEPP-1.2/ATEPP-1.2/Wolfgang_Amadeus_Mozart/Piano_Sonata_No._5_in_G_Major,_K._283/I._Allegro/Sonata_No._5_1st_Movement_K._283.mxl",mozart_k283_i,mozart_k283_i,24,188,0.6704287528991699,0.05000000074505806,0.0,0.0,1,False,,,10,2
L1+,"/Users/toddywang/Documents/VsCodeProjects/xmltoexp/ATEPP-1.2/ATEPP-1.2/Wolfgang_Amadeus_Mozart/Piano_Sonata_No._5_in_G_Major,_K._283/I._Allegro/Sonata_No._5_1st_Movement_K._283.mxl",mozart_k283_i,mozart_k283_i,25,194,0.53678297996521,0.05000000074505806,0.0,0.0,1,False,,,12,2
L1+,"/Users/toddywang/Documents/VsCodeProjects/xmltoexp/ATEPP-1.2/ATEPP-1.2/Wolfgang_Amadeus_Mozart/Piano_Sonata_No._5_in_G_Major,_K._283/I._Allegro/Sonata_No._5_1st_Movement_K._283.mxl",mozart_k283_i,mozart_k283_i,26,205,0.6512696146965027,0.05000000074505806,0.0,0.0,1,False,,,16,1
L1+,"/Users/toddywang/Documents/VsCodeProjects/xmltoexp/ATEPP-1.2/ATEPP-1.2/Wolfgang_Amadeus_Mozart/Piano_Sonata_No._5_in_G_Major,_K._283/I._Allegro/Sonata_No._5_1st_Movement_K._283.mxl",mozart_k283_i,mozart_k283_i,27,212,0.6428103446960449,0.05000000074505806,0.0,0.0,1,False,,,18,2
L1+,"/Users/toddywang/Documents/VsCodeProjects/xmltoexp/ATEPP-1.2/ATEPP-1.2/Wolfgang_Amadeus_Mozart/Piano_Sonata_No._5_in_G_Major,_K._283/I._Allegro/Sonata_No._5_1st_Movement_K._283.mxl",mozart_k283_i,mozart_k283_i,28,224,0.9381756782531738,0.05000000074505806,0.0,0.0,1,False,,,22,2
L1+,"/Users/toddywang/Documents/VsCodeProjects/xmltoexp/ATEPP-1.2/ATEPP-1.2/Wolfgang_Amadeus_Mozart/Piano_Sonata_No._5_in_G_Major,_K._283/I._Allegro/Sonata_No._5_1st_Movement_K._283.mxl",mozart_k283_i,mozart_k283_i,29,230,0.44569143652915955,0.05000000074505806,0.0,0.0,1,False,,,24,2
L1+,"/Users/toddywang/Documents/VsCodeProjects/xmltoexp/ATEPP-1.2/ATEPP-1.2/Wolfgang_Amadeus_Mozart/Piano_Sonata_No._5_in_G_Major,_K._283/I._Allegro/Sonata_No._5_1st_Movement_K._283.mxl",mozart_k283_i,mozart_k283_i,30,236,0.5578135848045349,0.05000000074505806,0.0,0.0,1,False,,,26,2
L1+,"/Users/toddywang/Documents/VsCodeProjects/xmltoexp/ATEPP-1.2/ATEPP-1.2/Wolfgang_Amadeus_Mozart/Piano_Sonata_No._5_in_G_Major,_K._283/I._Allegro/Sonata_No._5_1st_Movement_K._283.mxl",mozart_k283_i,mozart_k283_i,31,245,0.32299649715423584,0.05000000074505806,0.0,0.0,1,False,,,29,2
L1+,"/Users/toddywang/Documents/VsCodeProjects/xmltoexp/ATEPP-1.2/ATEPP-1.2/Wolfgang_Amadeus_Mozart/Piano_Sonata_No._5_in_G_Major,_K._283/I._Allegro/Sonata_No._5_1st_Movement_K._283.mxl",mozart_k283_i,mozart_k283_i,32,251,0.415465772151947,0.05000000074505806,0.0,0.0,1,False,,,31,2
L1+,"/Users/toddywang/Documents/VsCodeProjects/xmltoexp/ATEPP-1.2/ATEPP-1.2/Wolfgang_Amadeus_Mozart/Piano_Sonata_No._5_in_G_Major,_K._283/I._Allegro/Sonata_No._5_1st_Movement_K._283.mxl",mozart_k283_i,mozart_k283_i,33,262,0.5278035402297974,0.05000000074505806,0.0,0.0,1,False,,,35,1
L1+,"/Users/toddywang/Documents/VsCodeProjects/xmltoexp/ATEPP-1.2/ATEPP-1.2/Wolfgang_Amadeus_Mozart/Piano_Sonata_No._5_in_G_Major,_K._283/I._Allegro/Sonata_No._5_1st_Movement_K._283.mxl",mozart_k283_i,mozart_k283_i,34,271,0.4503280222415924,0.05000000074505806,0.0,0.0,1,False,,,38,1
L1+,"/Users/toddywang/Documents/VsCodeProjects/xmltoexp/ATEPP-1.2/ATEPP-1.2/Wolfgang_Amadeus_Mozart/Piano_Sonata_No._5_in_G_Major,_K._283/I._Allegro/Sonata_No._5_1st_Movement_K._283.mxl",mozart_k283_i,mozart_k283_i,35,277,0.5314452052116394,0.05000000074505806,0.0,0.0,1,False,,,40,1
L1+,"/Users/toddywang/Documents/VsCodeProjects/xmltoexp/ATEPP-1.2/ATEPP-1.2/Wolfgang_Amadeus_Mozart/Piano_Sonata_No._5_in_G_Major,_K._283/I._Allegro/Sonata_No._5_1st_Movement_K._283.mxl",mozart_k283_i,mozart_k283_i,36,283,0.3498085141181946,0.05000000074505806,0.0,0.0,1,False,,,42,1
L1+,"/Users/toddywang/Documents/VsCodeProjects/xmltoexp/ATEPP-1.2/ATEPP-1.2/Wolfgang_Amadeus_Mozart/Piano_Sonata_No._5_in_G_Major,_K._283/I._Allegro/Sonata_No._5_1st_Movement_K._283.mxl",mozart_k283_i,mozart_k283_i,37,291,0.4518236219882965,0.05000000074505806,0.0,0.0,1,False,,,44,3
L1+,"/Users/toddywang/Documents/VsCodeProjects/xmltoexp/ATEPP-1.2/ATEPP-1.2/Wolfgang_Amadeus_Mozart/Piano_Sonata_No._5_in_G_Major,_K._283/I._Allegro/Sonata_No._5_1st_Movement_K._283.mxl",mozart_k283_i,mozart_k283_i,38,299,0.3853866159915924,0.05000000074505806,0.0,0.0,1,False,,,47,2
L1+,"/Users/toddywang/Documents/VsCodeProjects/xmltoexp/ATEPP-1.2/ATEPP-1.2/Wolfgang_Amadeus_Mozart/Piano_Sonata_No._5_in_G_Major,_K._283/I._Allegro/Sonata_No._5_1st_Movement_K._283.mxl",mozart_k283_i,mozart_k283_i,39,310,0.4574432075023651,0.05000000074505806,0.0,0.0,1,False,,,51,1
L1+,"/Users/toddywang/Documents/VsCodeProjects/xmltoexp/ATEPP-1.2/ATEPP-1.2/Wolfgang_Amadeus_Mozart/Piano_Sonata_No._5_in_G_Major,_K._283/I._Allegro/Sonata_No._5_1st_Movement_K._283.mxl",mozart_k283_i,mozart_k283_i,40,317,0.6291373372077942,0.05000000074505806,0.0,0.0,1,False,,,53,2
L1+,"/Users/toddywang/Documents/VsCodeProjects/xmltoexp/ATEPP-1.2/ATEPP-1.2/Wolfgang_Amadeus_Mozart/Piano_Sonata_No._5_in_G_Major,_K._283/I._Allegro/Sonata_No._5_1st_Movement_K._283.mxl",mozart_k283_i,mozart_k283_i,41,325,0.5787728428840637,0.05000000074505806,0.0,0.0,1,False,,,56,1
L1+,"/Users/toddywang/Documents/VsCodeProjects/xmltoexp/ATEPP-1.2/ATEPP-1.2/Wolfgang_Amadeus_Mozart/Piano_Sonata_No._5_in_G_Major,_K._283/I._Allegro/Sonata_No._5_1st_Movement_K._283.mxl",mozart_k283_i,mozart_k283_i,42,333,0.5958452820777893,0.05000000074505806,0.0,0.0,1,False,,,58,3
L1+,"/Users/toddywang/Documents/VsCodeProjects/xmltoexp/ATEPP-1.2/ATEPP-1.2/Wolfgang_Amadeus_Mozart/Piano_Sonata_No._5_in_G_Major,_K._283/I._Allegro/Sonata_No._5_1st_Movement_K._283.mxl",mozart_k283_i,mozart_k283_i,43,339,0.6816021800041199,0.05000000074505806,0.0,0.0,1,False,,,60,3
L1+,"/Users/toddywang/Documents/VsCodeProjects/xmltoexp/ATEPP-1.2/ATEPP-1.2/Wolfgang_Amadeus_Mozart/Piano_Sonata_No._5_in_G_Major,_K._283/I._Allegro/Sonata_No._5_1st_Movement_K._283.mxl",mozart_k283_i,mozart_k283_i,44,348,0.44815871119499207,0.05000000074505806,0.0,0.0,1,False,,,63,3
L1+,"/Users/toddywang/Documents/VsCodeProjects/xmltoexp/ATEPP-1.2/ATEPP-1.2/Wolfgang_Amadeus_Mozart/Piano_Sonata_No._5_in_G_Major,_K._283/I._Allegro/Sonata_No._5_1st_Movement_K._283.mxl",mozart_k283_i,mozart_k283_i,45,354,0.44144508242607117,0.05000000074505806,0.0,0.0,1,False,,,65,3
L1+,"/Users/toddywang/Documents/VsCodeProjects/xmltoexp/ATEPP-1.2/ATEPP-1.2/Wolfgang_Amadeus_Mozart/Piano_Sonata_No._5_in_G_Major,_K._283/I._Allegro/Sonata_No._5_1st_Movement_K._283.mxl",mozart_k283_i,mozart_k283_i,46,367,0.6589072942733765,0.05000000074505806,0.0,0.0,1,False,,,70,1
L1+,"/Users/toddywang/Documents/VsCodeProjects/xmltoexp/ATEPP-1.2/ATEPP-1.2/Wolfgang_Amadeus_Mozart/Piano_Sonata_No._5_in_G_Major,_K._283/I._Allegro/Sonata_No._5_1st_Movement_K._283.mxl",mozart_k283_i,mozart_k283_i,47,374,0.5249354243278503,0.05000000074505806,0.0,0.0,1,False,,,72,2
L1+,"/Users/toddywang/Documents/VsCodeProjects/xmltoexp/ATEPP-1.2/ATEPP-1.2/Wolfgang_Amadeus_Mozart/Piano_Sonata_No._5_in_G_Major,_K._283/I._Allegro/Sonata_No._5_1st_Movement_K._283.mxl",mozart_k283_i,mozart_k283_i,48,383,0.5081160068511963,0.05000000074505806,0.0,0.0,1,False,,,75,2
L1+,"/Users/toddywang/Documents/VsCodeProjects/xmltoexp/ATEPP-1.2/ATEPP-1.2/Wolfgang_Amadeus_Mozart/Piano_Sonata_No._5_in_G_Major,_K._283/I._Allegro/Sonata_No._5_1st_Movement_K._283.mxl",mozart_k283_i,mozart_k283_i,49,389,0.5157150626182556,0.05000000074505806,0.0,0.0,1,False,,,77,2
L1+,"/Users/toddywang/Documents/VsCodeProjects/xmltoexp/ATEPP-1.2/ATEPP-1.2/Wolfgang_Amadeus_Mozart/Piano_Sonata_No._5_in_G_Major,_K._283/I._Allegro/Sonata_No._5_1st_Movement_K._283.mxl",mozart_k283_i,mozart_k283_i,50,397,0.530330240726471,0.05000000074505806,0.0,0.0,1,False,,,80,1
L1+,"/Users/toddywang/Documents/VsCodeProjects/xmltoexp/ATEPP-1.2/ATEPP-1.2/Wolfgang_Amadeus_Mozart/Piano_Sonata_No._5_in_G_Major,_K._283/I._Allegro/Sonata_No._5_1st_Movement_K._283.mxl",mozart_k283_i,mozart_k283_i,51,407,0.5516607165336609,0.05000000074505806,0.0,0.0,1,False,,,83,2
L1+,"/Users/toddywang/Documents/VsCodeProjects/xmltoexp/ATEPP-1.2/ATEPP-1.2/Wolfgang_Amadeus_Mozart/Piano_Sonata_No._5_in_G_Major,_K._283/I._Allegro/Sonata_No._5_1st_Movement_K._283.mxl",mozart_k283_i,mozart_k283_i,52,413,0.6556546092033386,0.05000000074505806,0.0,0.0,1,False,,,85,2
L1+,"/Users/toddywang/Documents/VsCodeProjects/xmltoexp/ATEPP-1.2/ATEPP-1.2/Wolfgang_Amadeus_Mozart/Piano_Sonata_No._5_in_G_Major,_K._283/I._Allegro/Sonata_No._5_1st_Movement_K._283.mxl",mozart_k283_i,mozart_k283_i,53,425,0.9382854700088501,0.05000000074505806,0.0,0.0,1,False,,,89,2
L1+,"/Users/toddywang/Documents/VsCodeProjects/xmltoexp/ATEPP-1.2/ATEPP-1.2/Wolfgang_Amadeus_Mozart/Piano_Sonata_No._5_in_G_Major,_K._283/I._Allegro/Sonata_No._5_1st_Movement_K._283.mxl",mozart_k283_i,mozart_k283_i,54,431,0.4072033762931824,0.05000000074505806,0.0,0.0,1,False,,,91,2
L1+,"/Users/toddywang/Documents/VsCodeProjects/xmltoexp/ATEPP-1.2/ATEPP-1.2/Wolfgang_Amadeus_Mozart/Piano_Sonata_No._5_in_G_Major,_K._283/I._Allegro/Sonata_No._5_1st_Movement_K._283.mxl",mozart_k283_i,mozart_k283_i,55,437,0.5481010675430298,0.05000000074505806,0.0,0.0,1,False,,,93,2
L1+,"/Users/toddywang/Documents/VsCodeProjects/xmltoexp/ATEPP-1.2/ATEPP-1.2/Wolfgang_Amadeus_Mozart/Piano_Sonata_No._5_in_G_Major,_K._283/I._Allegro/Sonata_No._5_1st_Movement_K._283.mxl",mozart_k283_i,mozart_k283_i,56,445,0.3318156599998474,0.05000000074505806,0.0,0.0,1,False,,,96,1
L1+,"/Users/toddywang/Documents/VsCodeProjects/xmltoexp/ATEPP-1.2/ATEPP-1.2/Wolfgang_Amadeus_Mozart/Piano_Sonata_No._5_in_G_Major,_K._283/I._Allegro/Sonata_No._5_1st_Movement_K._283.mxl",mozart_k283_i,mozart_k283_i,57,455,0.5078332424163818,0.05000000074505806,0.0,0.0,1,False,,,99,2
L1+,"/Users/toddywang/Documents/VsCodeProjects/xmltoexp/ATEPP-1.2/ATEPP-1.2/Wolfgang_Amadeus_Mozart/Piano_Sonata_No._5_in_G_Major,_K._283/I._Allegro/Sonata_No._5_1st_Movement_K._283.mxl",mozart_k283_i,mozart_k283_i,58,463,0.5079783201217651,0.05000000074505806,0.0,0.0,1,False,,,102,1
L1+,"/Users/toddywang/Documents/VsCodeProjects/xmltoexp/ATEPP-1.2/ATEPP-1.2/Wolfgang_Amadeus_Mozart/Piano_Sonata_No._5_in_G_Major,_K._283/I._Allegro/Sonata_No._5_1st_Movement_K._283.mxl",mozart_k283_i,mozart_k283_i,59,472,0.50740647315979,0.05000000074505806,0.0,0.0,1,False,,,105,1
L1+,"/Users/toddywang/Documents/VsCodeProjects/xmltoexp/ATEPP-1.2/ATEPP-1.2/Wolfgang_Amadeus_Mozart/Piano_Sonata_No._5_in_G_Major,_K._283/I._Allegro/Sonata_No._5_1st_Movement_K._283.mxl",mozart_k283_i,mozart_k283_i,60,478,0.5066943168640137,0.05000000074505806,0.0,0.0,1,False,,,107,1
L1+,"/Users/toddywang/Documents/VsCodeProjects/xmltoexp/ATEPP-1.2/ATEPP-1.2/Wolfgang_Amadeus_Mozart/Piano_Sonata_No._5_in_G_Major,_K._283/I._Allegro/Sonata_No._5_1st_Movement_K._283.mxl",mozart_k283_i,mozart_k283_i,61,484,0.37312051653862,0.05000000074505806,0.0,0.0,1,False,,,109,1
L1+,"/Users/toddywang/Documents/VsCodeProjects/xmltoexp/ATEPP-1.2/ATEPP-1.2/Wolfgang_Amadeus_Mozart/Piano_Sonata_No._5_in_G_Major,_K._283/I._Allegro/Sonata_No._5_1st_Movement_K._283.mxl",mozart_k283_i,mozart_k283_i,62,492,0.45726823806762695,0.05000000074505806,0.0,0.0,1,False,,,111,3
L1+,"/Users/toddywang/Documents/VsCodeProjects/xmltoexp/ATEPP-1.2/ATEPP-1.2/Wolfgang_Amadeus_Mozart/Piano_Sonata_No._5_in_G_Major,_K._283/I._Allegro/Sonata_No._5_1st_Movement_K._283.mxl",mozart_k283_i,mozart_k283_i,63,500,0.4487384557723999,0.05000000074505806,0.0,0.0,1,False,,,114,2
L1+,"/Users/toddywang/Documents/VsCodeProjects/xmltoexp/ATEPP-1.2/ATEPP-1.2/Wolfgang_Amadeus_Mozart/Piano_Sonata_No._5_in_G_Major,_K._283/I._Allegro/Sonata_No._5_1st_Movement_K._283.mxl",mozart_k283_i,mozart_k283_i,64,511,0.4754200577735901,0.05000000074505806,0.0,0.0,1,False,,,118,1
L1+,"/Users/toddywang/Documents/VsCodeProjects/xmltoexp/ATEPP-1.2/ATEPP-1.2/Wolfgang_Amadeus_Mozart/Piano_Sonata_No._5_in_G_Major,_K._283/I._Allegro/Sonata_No._5_1st_Movement_K._283.mxl",mozart_k283_i,mozart_k283_i,65,518,0.6423052549362183,0.05000000074505806,0.0,0.0,1,False,,,120,2
L1+,"/Users/toddywang/Documents/VsCodeProjects/xmltoexp/ATEPP-1.2/ATEPP-1.2/Wolfgang_Amadeus_Mozart/Piano_Sonata_No._5_in_G_Major,_K._283/I._Allegro/Sonata_No._5_1st_Movement_K._283.mxl",mozart_k283_i,mozart_k283_i,66,526,0.5617493987083435,0.05000000074505806,0.0,0.0,1,False,,,56,1
L1+,"/Users/toddywang/Documents/VsCodeProjects/xmltoexp/ATEPP-1.2/ATEPP-1.2/Wolfgang_Amadeus_Mozart/Piano_Sonata_No._5_in_G_Major,_K._283/I._Allegro/Sonata_No._5_1st_Movement_K._283.mxl",mozart_k283_i,mozart_k283_i,67,534,0.5841554403305054,0.05000000074505806,0.0,0.0,1,False,,,58,3
L1+,"/Users/toddywang/Documents/VsCodeProjects/xmltoexp/ATEPP-1.2/ATEPP-1.2/Wolfgang_Amadeus_Mozart/Piano_Sonata_No._5_in_G_Major,_K._283/I._Allegro/Sonata_No._5_1st_Movement_K._283.mxl",mozart_k283_i,mozart_k283_i,68,540,0.694183886051178,0.05000000074505806,0.0,0.0,1,False,,,60,3
L1+,"/Users/toddywang/Documents/VsCodeProjects/xmltoexp/ATEPP-1.2/ATEPP-1.2/Wolfgang_Amadeus_Mozart/Piano_Sonata_No._5_in_G_Major,_K._283/I._Allegro/Sonata_No._5_1st_Movement_K._283.mxl",mozart_k283_i,mozart_k283_i,69,549,0.44739586114883423,0.05000000074505806,0.0,0.0,1,False,,,63,3
L1+,"/Users/toddywang/Documents/VsCodeProjects/xmltoexp/ATEPP-1.2/ATEPP-1.2/Wolfgang_Amadeus_Mozart/Piano_Sonata_No._5_in_G_Major,_K._283/I._Allegro/Sonata_No._5_1st_Movement_K._283.mxl",mozart_k283_i,mozart_k283_i,70,555,0.4732014536857605,0.05000000074505806,0.0,0.0,1,False,,,65,3
L1+,"/Users/toddywang/Documents/VsCodeProjects/xmltoexp/ATEPP-1.2/ATEPP-1.2/Wolfgang_Amadeus_Mozart/Piano_Sonata_No._5_in_G_Major,_K._283/I._Allegro/Sonata_No._5_1st_Movement_K._283.mxl",mozart_k283_i,mozart_k283_i,71,562,0.6017439365386963,0.05000000074505806,0.0,0.0,1,False,,,68,1
L1+,"/Users/toddywang/Documents/VsCodeProjects/xmltoexp/ATEPP-1.2/ATEPP-1.2/Wolfgang_Amadeus_Mozart/Piano_Sonata_No._5_in_G_Major,_K._283/I._Allegro/Sonata_No._5_1st_Movement_K._283.mxl",mozart_k283_i,mozart_k283_i,72,568,0.656297504901886,0.05000000074505806,0.0,0.0,1,False,,,70,1
L1+,"/Users/toddywang/Documents/VsCodeProjects/xmltoexp/ATEPP-1.2/ATEPP-1.2/Wolfgang_Amadeus_Mozart/Piano_Sonata_No._5_in_G_Major,_K._283/I._Allegro/Sonata_No._5_1st_Movement_K._283.mxl",mozart_k283_i,mozart_k283_i,73,575,0.5187018513679504,0.05000000074505806,0.0,0.0,1,False,,,72,2
L1+,"/Users/toddywang/Documents/VsCodeProjects/xmltoexp/ATEPP-1.2/ATEPP-1.2/Wolfgang_Amadeus_Mozart/Piano_Sonata_No._5_in_G_Major,_K._283/I._Allegro/Sonata_No._5_1st_Movement_K._283.mxl",mozart_k283_i,mozart_k283_i,74,584,0.48426640033721924,0.05000000074505806,0.0,0.0,1,False,,,75,2
L1+,"/Users/toddywang/Documents/VsCodeProjects/xmltoexp/ATEPP-1.2/ATEPP-1.2/Wolfgang_Amadeus_Mozart/Piano_Sonata_No._5_in_G_Major,_K._283/I._Allegro/Sonata_No._5_1st_Movement_K._283.mxl",mozart_k283_i,mozart_k283_i,75,590,0.5133574604988098,0.05000000074505806,0.0,0.0,1,False,,,77,2
L1+,"/Users/toddywang/Documents/VsCodeProjects/xmltoexp/ATEPP-1.2/ATEPP-1.2/Wolfgang_Amadeus_Mozart/Piano_Sonata_No._5_in_G_Major,_K._283/I._Allegro/Sonata_No._5_1st_Movement_K._283.mxl",mozart_k283_i,mozart_k283_i,76,598,0.5094567537307739,0.05000000074505806,0.0,0.0,1,False,,,80,1
L1+,"/Users/toddywang/Documents/VsCodeProjects/xmltoexp/ATEPP-1.2/ATEPP-1.2/Wolfgang_Amadeus_Mozart/Piano_Sonata_No._5_in_G_Major,_K._283/I._Allegro/Sonata_No._5_1st_Movement_K._283.mxl",mozart_k283_i,mozart_k283_i,77,608,0.5453402996063232,0.05000000074505806,0.0,0.0,1,False,,,83,2
L1+,"/Users/toddywang/Documents/VsCodeProjects/xmltoexp/ATEPP-1.2/ATEPP-1.2/Wolfgang_Amadeus_Mozart/Piano_Sonata_No._5_in_G_Major,_K._283/I._Allegro/Sonata_No._5_1st_Movement_K._283.mxl",mozart_k283_i,mozart_k283_i,78,614,0.6514655351638794,0.05000000074505806,0.0,0.0,1,False,,,85,2
L1+,"/Users/toddywang/Documents/VsCodeProjects/xmltoexp/ATEPP-1.2/ATEPP-1.2/Wolfgang_Amadeus_Mozart/Piano_Sonata_No._5_in_G_Major,_K._283/I._Allegro/Sonata_No._5_1st_Movement_K._283.mxl",mozart_k283_i,mozart_k283_i,79,626,0.9368934035301208,0.05000000074505806,0.0,0.0,1,False,,,89,2
L1+,"/Users/toddywang/Documents/VsCodeProjects/xmltoexp/ATEPP-1.2/ATEPP-1.2/Wolfgang_Amadeus_Mozart/Piano_Sonata_No._5_in_G_Major,_K._283/I._Allegro/Sonata_No._5_1st_Movement_K._283.mxl",mozart_k283_i,mozart_k283_i,80,632,0.429133802652359,0.05000000074505806,0.0,0.0,1,False,,,91,2
L1+,"/Users/toddywang/Documents/VsCodeProjects/xmltoexp/ATEPP-1.2/ATEPP-1.2/Wolfgang_Amadeus_Mozart/Piano_Sonata_No._5_in_G_Major,_K._283/I._Allegro/Sonata_No._5_1st_Movement_K._283.mxl",mozart_k283_i,mozart_k283_i,81,638,0.5366171002388,0.05000000074505806,0.0,0.0,1,False,,,93,2
L1+,"/Users/toddywang/Documents/VsCodeProjects/xmltoexp/ATEPP-1.2/ATEPP-1.2/Wolfgang_Amadeus_Mozart/Piano_Sonata_No._5_in_G_Major,_K._283/I._Allegro/Sonata_No._5_1st_Movement_K._283.mxl",mozart_k283_i,mozart_k283_i,82,646,0.31730785965919495,0.05000000074505806,0.0,0.0,1,False,,,96,1
L1+,"/Users/toddywang/Documents/VsCodeProjects/xmltoexp/ATEPP-1.2/ATEPP-1.2/Wolfgang_Amadeus_Mozart/Piano_Sonata_No._5_in_G_Major,_K._283/I._Allegro/Sonata_No._5_1st_Movement_K._283.mxl",mozart_k283_i,mozart_k283_i,83,653,0.4957922101020813,0.05000000074505806,0.0,0.0,1,False,,,98,2
L1+,"/Users/toddywang/Documents/VsCodeProjects/xmltoexp/ATEPP-1.2/ATEPP-1.2/Wolfgang_Amadeus_Mozart/Piano_Sonata_No._5_in_G_Major,_K._283/I._Allegro/Sonata_No._5_1st_Movement_K._283.mxl",mozart_k283_i,mozart_k283_i,84,664,0.5360186100006104,0.05000000074505806,0.0,0.0,1,False,,,102,1
L1+,"/Users/toddywang/Documents/VsCodeProjects/xmltoexp/ATEPP-1.2/ATEPP-1.2/Wolfgang_Amadeus_Mozart/Piano_Sonata_No._5_in_G_Major,_K._283/I._Allegro/Sonata_No._5_1st_Movement_K._283.mxl",mozart_k283_i,mozart_k283_i,85,673,0.5313169360160828,0.05000000074505806,0.0,0.0,1,False,,,105,1
L1+,"/Users/toddywang/Documents/VsCodeProjects/xmltoexp/ATEPP-1.2/ATEPP-1.2/Wolfgang_Amadeus_Mozart/Piano_Sonata_No._5_in_G_Major,_K._283/I._Allegro/Sonata_No._5_1st_Movement_K._283.mxl",mozart_k283_i,mozart_k283_i,86,679,0.49714699387550354,0.05000000074505806,0.0,0.0,1,False,,,107,1
L1+,"/Users/toddywang/Documents/VsCodeProjects/xmltoexp/ATEPP-1.2/ATEPP-1.2/Wolfgang_Amadeus_Mozart/Piano_Sonata_No._5_in_G_Major,_K._283/I._Allegro/Sonata_No._5_1st_Movement_K._283.mxl",mozart_k283_i,mozart_k283_i,87,685,0.395057737827301,0.05000000074505806,0.0,0.0,1,False,,,109,1
L1+,"/Users/toddywang/Documents/VsCodeProjects/xmltoexp/ATEPP-1.2/ATEPP-1.2/Wolfgang_Amadeus_Mozart/Piano_Sonata_No._5_in_G_Major,_K._283/I._Allegro/Sonata_No._5_1st_Movement_K._283.mxl",mozart_k283_i,mozart_k283_i,88,693,0.47532129287719727,0.05000000074505806,0.0,0.0,1,False,,,111,3
L1+,"/Users/toddywang/Documents/VsCodeProjects/xmltoexp/ATEPP-1.2/ATEPP-1.2/Wolfgang_Amadeus_Mozart/Piano_Sonata_No._5_in_G_Major,_K._283/I._Allegro/Sonata_No._5_1st_Movement_K._283.mxl",mozart_k283_i,mozart_k283_i,89,701,0.47269541025161743,0.05000000074505806,0.0,0.0,1,False,,,114,2
L1+,"/Users/toddywang/Documents/VsCodeProjects/xmltoexp/ATEPP-1.2/ATEPP-1.2/Wolfgang_Amadeus_Mozart/Piano_Sonata_No._5_in_G_Major,_K._283/I._Allegro/Sonata_No._5_1st_Movement_K._283.mxl",mozart_k283_i,mozart_k283_i,90,712,0.504465639591217,0.05000000074505806,0.0,0.0,1,False,,,118,1
L1+,"/Users/toddywang/Documents/VsCodeProjects/xmltoexp/ATEPP-1.2/ATEPP-1.2/Wolfgang_Amadeus_Mozart/Piano_Sonata_No._5_in_G_Major,_K._283/I._Allegro/Sonata_No._5_1st_Movement_K._283.mxl",mozart_k283_i,mozart_k283_i,91,718,0.5182880163192749,0.05000000074505806,0.0,0.0,1,False,,,120,1
L2+,"/Users/toddywang/Documents/VsCodeProjects/xmltoexp/ATEPP-1.2/ATEPP-1.2/Wolfgang_Amadeus_Mozart/Piano_Sonata_No._5_in_G_Major,_K._283/I._Allegro/Sonata_No._5_1st_Movement_K._283.mxl",mozart_k283_i,mozart_k283_i,1,5,0.4948853850364685,0.4000000059604645,0.0,0.0,1,False,,,2,2
L2+,"/Users/toddywang/Documents/VsCodeProjects/xmltoexp/ATEPP-1.2/ATEPP-1.2/Wolfgang_Amadeus_Mozart/Piano_Sonata_No._5_in_G_Major,_K._283/I._Allegro/Sonata_No._5_1st_Movement_K._283.mxl",mozart_k283_i,mozart_k283_i,2,14,0.6865867972373962,0.4000000059604645,0.0,0.0,1,False,,,5,2
L2+,"/Users/toddywang/Documents/VsCodeProjects/xmltoexp/ATEPP-1.2/ATEPP-1.2/Wolfgang_Amadeus_Mozart/Piano_Sonata_No._5_in_G_Major,_K._283/I._Allegro/Sonata_No._5_1st_Movement_K._283.mxl",mozart_k283_i,mozart_k283_i,3,22,0.5580965280532837,0.4000000059604645,0.0,0.0,1,False,,,8,1
L2+,"/Users/toddywang/Documents/VsCodeProjects/xmltoexp/ATEPP-1.2/ATEPP-1.2/Wolfgang_Amadeus_Mozart/Piano_Sonata_No._5_in_G_Major,_K._283/I._Allegro/Sonata_No._5_1st_Movement_K._283.mxl",mozart_k283_i,mozart_k283_i,4,29,0.6875627040863037,0.4000000059604645,0.0,0.0,1,False,,,10,2
L2+,"/Users/toddywang/Documents/VsCodeProjects/xmltoexp/ATEPP-1.2/ATEPP-1.2/Wolfgang_Amadeus_Mozart/Piano_Sonata_No._5_in_G_Major,_K._283/I._Allegro/Sonata_No._5_1st_Movement_K._283.mxl",mozart_k283_i,mozart_k283_i,5,40,0.5464975237846375,0.4000000059604645,0.0,0.0,1,False,,,14,1
L2+,"/Users/toddywang/Documents/VsCodeProjects/xmltoexp/ATEPP-1.2/ATEPP-1.2/Wolfgang_Amadeus_Mozart/Piano_Sonata_No._5_in_G_Major,_K._283/I._Allegro/Sonata_No._5_1st_Movement_K._283.mxl",mozart_k283_i,mozart_k283_i,6,46,0.6321102380752563,0.4000000059604645,0.0,0.0,1,False,,,16,1
L2+,"/Users/toddywang/Documents/VsCodeProjects/xmltoexp/ATEPP-1.2/ATEPP-1.2/Wolfgang_Amadeus_Mozart/Piano_Sonata_No._5_in_G_Major,_K._283/I._Allegro/Sonata_No._5_1st_Movement_K._283.mxl",mozart_k283_i,mozart_k283_i,7,53,0.6408126354217529,0.4000000059604645,0.0,0.0,1,False,,,18,2
L2+,"/Users/toddywang/Documents/VsCodeProjects/xmltoexp/ATEPP-1.2/ATEPP-1.2/Wolfgang_Amadeus_Mozart/Piano_Sonata_No._5_in_G_Major,_K._283/I._Allegro/Sonata_No._5_1st_Movement_K._283.mxl",mozart_k283_i,mozart_k283_i,8,65,0.9295170903205872,0.4000000059604645,0.0,0.0,1,False,,,22,2
L2+,"/Users/toddywang/Documents/VsCodeProjects/xmltoexp/ATEPP-1.2/ATEPP-1.2/Wolfgang_Amadeus_Mozart/Piano_Sonata_No._5_in_G_Major,_K._283/I._Allegro/Sonata_No._5_1st_Movement_K._283.mxl",mozart_k283_i,mozart_k283_i,9,71,0.41470763087272644,0.4000000059604645,0.0,0.0,1,False,,,24,2
L2+,"/Users/toddywang/Documents/VsCodeProjects/xmltoexp/ATEPP-1.2/ATEPP-1.2/Wolfgang_Amadeus_Mozart/Piano_Sonata_No._5_in_G_Major,_K._283/I._Allegro/Sonata_No._5_1st_Movement_K._283.mxl",mozart_k283_i,mozart_k283_i,10,77,0.5446179509162903,0.4000000059604645,0.0,0.0,1,False,,,26,2
L2+,"/Users/toddywang/Documents/VsCodeProjects/xmltoexp/ATEPP-1.2/ATEPP-1.2/Wolfgang_Amadeus_Mozart/Piano_Sonata_No._5_in_G_Major,_K._283/I._Allegro/Sonata_No._5_1st_Movement_K._283.mxl",mozart_k283_i,mozart_k283_i,11,97,0.43945786356925964,0.4000000059604645,0.0,0.0,1,False,,,33,1
L2+,"/Users/toddywang/Documents/VsCodeProjects/xmltoexp/ATEPP-1.2/ATEPP-1.2/Wolfgang_Amadeus_Mozart/Piano_Sonata_No._5_in_G_Major,_K._283/I._Allegro/Sonata_No._5_1st_Movement_K._283.mxl",mozart_k283_i,mozart_k283_i,12,103,0.5083367824554443,0.4000000059604645,0.0,0.0,1,False,,,35,1
L2+,"/Users/toddywang/Documents/VsCodeProjects/xmltoexp/ATEPP-1.2/ATEPP-1.2/Wolfgang_Amadeus_Mozart/Piano_Sonata_No._5_in_G_Major,_K._283/I._Allegro/Sonata_No._5_1st_Movement_K._283.mxl",mozart_k283_i,mozart_k283_i,13,112,0.4741244614124298,0.4000000059604645,0.0,0.0,1,False,,,38,1
L2+,"/Users/toddywang/Documents/VsCodeProjects/xmltoexp/ATEPP-1.2/ATEPP-1.2/Wolfgang_Amadeus_Mozart/Piano_Sonata_No._5_in_G_Major,_K._283/I._Allegro/Sonata_No._5_1st_Movement_K._283.mxl",mozart_k283_i,mozart_k283_i,14,118,0.48963093757629395,0.4000000059604645,0.0,0.0,1,False,,,40,1
L2+,"/Users/toddywang/Documents/VsCodeProjects/xmltoexp/ATEPP-1.2/ATEPP-1.2/Wolfgang_Amadeus_Mozart/Piano_Sonata_No._5_in_G_Major,_K._283/I._Allegro/Sonata_No._5_1st_Movement_K._283.mxl",mozart_k283_i,mozart_k283_i,15,132,0.4320603013038635,0.4000000059604645,0.0,0.0,1,False,,,44,3
L2+,"/Users/toddywang/Documents/VsCodeProjects/xmltoexp/ATEPP-1.2/ATEPP-1.2/Wolfgang_Amadeus_Mozart/Piano_Sonata_No._5_in_G_Major,_K._283/I._Allegro/Sonata_No._5_1st_Movement_K._283.mxl",mozart_k283_i,mozart_k283_i,16,151,0.4188867211341858,0.4000000059604645,0.0,0.0,1,False,,,51,1
L2+,"/Users/toddywang/Documents/VsCodeProjects/xmltoexp/ATEPP-1.2/ATEPP-1.2/Wolfgang_Amadeus_Mozart/Piano_Sonata_No._5_in_G_Major,_K._283/I._Allegro/Sonata_No._5_1st_Movement_K._283.mxl",mozart_k283_i,mozart_k283_i,17,158,0.7573350667953491,0.4000000059604645,0.0,0.0,1,False,,,53,2
L2+,"/Users/toddywang/Documents/VsCodeProjects/xmltoexp/ATEPP-1.2/ATEPP-1.2/Wolfgang_Amadeus_Mozart/Piano_Sonata_No._5_in_G_Major,_K._283/I._Allegro/Sonata_No._5_1st_Movement_K._283.mxl",mozart_k283_i,mozart_k283_i,18,164,0.47143298387527466,0.4000000059604645,0.0,0.0,1,False,,,2,2
L2+,"/Users/toddywang/Documents/VsCodeProjects/xmltoexp/ATEPP-1.2/ATEPP-1.2/Wolfgang_Amadeus_Mozart/Piano_Sonata_No._5_in_G_Major,_K._283/I._Allegro/Sonata_No._5_1st_Movement_K._283.mxl",mozart_k283_i,mozart_k283_i,19,173,0.6827263832092285,0.4000000059604645,0.0,0.0,1,False,,,5,2
L2+,"/Users/toddywang/Documents/VsCodeProjects/xmltoexp/ATEPP-1.2/ATEPP-1.2/Wolfgang_Amadeus_Mozart/Piano_Sonata_No._5_in_G_Major,_K._283/I._Allegro/Sonata_No._5_1st_Movement_K._283.mxl",mozart_k283_i,mozart_k283_i,20,181,0.582314133644104,0.4000000059604645,0.0,0.0,1,False,,,8,1
L2+,"/Users/toddywang/Documents/VsCodeProjects/xmltoexp/ATEPP-1.2/ATEPP-1.2/Wolfgang_Amadeus_Mozart/Piano_Sonata_No._5_in_G_Major,_K._283/I._Allegro/Sonata_No._5_1st_Movement_K._283.mxl",mozart_k283_i,mozart_k283_i,21,188,0.6785778999328613,0.4000000059604645,0.0,0.0,1,False,,,10,2
L2+,"/Users/toddywang/Documents/VsCodeProjects/xmltoexp/ATEPP-1.2/ATEPP-1.2/Wolfgang_Amadeus_Mozart/Piano_Sonata_No._5_in_G_Major,_K._283/I._Allegro/Sonata_No._5_1st_Movement_K._283.mxl",mozart_k283_i,mozart_k283_i,22,194,0.5461934804916382,0.4000000059604645,0.0,0.0,1,False,,,12,2
L2+,"/Users/toddywang/Documents/VsCodeProjects/xmltoexp/ATEPP-1.2/ATEPP-1.2/Wolfgang_Amadeus_Mozart/Piano_Sonata_No._5_in_G_Major,_K._283/I._Allegro/Sonata_No._5_1st_Movement_K._283.mxl",mozart_k283_i,mozart_k283_i,23,205,0.6583303809165955,0.4000000059604645,0.0,0.0,1,False,,,16,1
L2+,"/Users/toddywang/Documents/VsCodeProjects/xmltoexp/ATEPP-1.2/ATEPP-1.2/Wolfgang_Amadeus_Mozart/Piano_Sonata_No._5_in_G_Major,_K._283/I._Allegro/Sonata_No._5_1st_Movement_K._283.mxl",mozart_k283_i,mozart_k283_i,24,212,0.6436977982521057,0.4000000059604645,0.0,0.0,1,False,,,18,2
L2+,"/Users/toddywang/Documents/VsCodeProjects/xmltoexp/ATEPP-1.2/ATEPP-1.2/Wolfgang_Amadeus_Mozart/Piano_Sonata_No._5_in_G_Major,_K._283/I._Allegro/Sonata_No._5_1st_Movement_K._283.mxl",mozart_k283_i,mozart_k283_i,25,224,0.9285674691200256,0.4000000059604645,0.0,0.0,1,False,,,22,2
L2+,"/Users/toddywang/Documents/VsCodeProjects/xmltoexp/ATEPP-1.2/ATEPP-1.2/Wolfgang_Amadeus_Mozart/Piano_Sonata_No._5_in_G_Major,_K._283/I._Allegro/Sonata_No._5_1st_Movement_K._283.mxl",mozart_k283_i,mozart_k283_i,26,230,0.43369370698928833,0.4000000059604645,0.0,0.0,1,False,,,24,2
L2+,"/Users/toddywang/Documents/VsCodeProjects/xmltoexp/ATEPP-1.2/ATEPP-1.2/Wolfgang_Amadeus_Mozart/Piano_Sonata_No._5_in_G_Major,_K._283/I._Allegro/Sonata_No._5_1st_Movement_K._283.mxl",mozart_k283_i,mozart_k283_i,27,236,0.5542086362838745,0.4000000059604645,0.0,0.0,1,False,,,26,2
L2+,"/Users/toddywang/Documents/VsCodeProjects/xmltoexp/ATEPP-1.2/ATEPP-1.2/Wolfgang_Amadeus_Mozart/Piano_Sonata_No._5_in_G_Major,_K._283/I._Allegro/Sonata_No._5_1st_Movement_K._283.mxl",mozart_k283_i,mozart_k283_i,28,251,0.40947428345680237,0.4000000059604645,0.0,0.0,1,False,,,31,2
L2+,"/Users/toddywang/Documents/VsCodeProjects/xmltoexp/ATEPP-1.2/ATEPP-1.2/Wolfgang_Amadeus_Mozart/Piano_Sonata_No._5_in_G_Major,_K._283/I._Allegro/Sonata_No._5_1st_Movement_K._283.mxl",mozart_k283_i,mozart_k283_i,29,262,0.5248162150382996,0.4000000059604645,0.0,0.0,1,False,,,35,1
L2+,"/Users/toddywang/Documents/VsCodeProjects/xmltoexp/ATEPP-1.2/ATEPP-1.2/Wolfgang_Amadeus_Mozart/Piano_Sonata_No._5_in_G_Major,_K._283/I._Allegro/Sonata_No._5_1st_Movement_K._283.mxl",mozart_k283_i,mozart_k283_i,30,271,0.4738653898239136,0.4000000059604645,0.0,0.0,1,False,,,38,1
L2+,"/Users/toddywang/Documents/VsCodeProjects/xmltoexp/ATEPP-1.2/ATEPP-1.2/Wolfgang_Amadeus_Mozart/Piano_Sonata_No._5_in_G_Major,_K._283/I._Allegro/Sonata_No._5_1st_Movement_K._283.mxl",mozart_k283_i,mozart_k283_i,31,277,0.5286502838134766,0.4000000059604645,0.0,0.0,1,False,,,40,1
L2+,"/Users/toddywang/Documents/VsCodeProjects/xmltoexp/ATEPP-1.2/ATEPP-1.2/Wolfgang_Amadeus_Mozart/Piano_Sonata_No._5_in_G_Major,_K._283/I._Allegro/Sonata_No._5_1st_Movement_K._283.mxl",mozart_k283_i,mozart_k283_i,32,289,0.4352681040763855,0.4000000059604645,0.0,0.0,1,False,,,44,1
L2+,"/Users/toddywang/Documents/VsCodeProjects/xmltoexp/ATEPP-1.2/ATEPP-1.2/Wolfgang_Amadeus_Mozart/Piano_Sonata_No._5_in_G_Major,_K._283/I._Allegro/Sonata_No._5_1st_Movement_K._283.mxl",mozart_k283_i,mozart_k283_i,33,310,0.4482070803642273,0.4000000059604645,0.0,0.0,1,False,,,51,1
L2+,"/Users/toddywang/Documents/VsCodeProjects/xmltoexp/ATEPP-1.2/ATEPP-1.2/Wolfgang_Amadeus_Mozart/Piano_Sonata_No._5_in_G_Major,_K._283/I._Allegro/Sonata_No._5_1st_Movement_K._283.mxl",mozart_k283_i,mozart_k283_i,34,317,0.6442351937294006,0.4000000059604645,0.0,0.0,1,False,,,53,2
L2+,"/Users/toddywang/Documents/VsCodeProjects/xmltoexp/ATEPP-1.2/ATEPP-1.2/Wolfgang_Amadeus_Mozart/Piano_Sonata_No._5_in_G_Major,_K._283/I._Allegro/Sonata_No._5_1st_Movement_K._283.mxl",mozart_k283_i,mozart_k283_i,35,325,0.5623090267181396,0.4000000059604645,0.0,0.0,1,False,,,56,1
L2+,"/Users/toddywang/Documents/VsCodeProjects/xmltoexp/ATEPP-1.2/ATEPP-1.2/Wolfgang_Amadeus_Mozart/Piano_Sonata_No._5_in_G_Major,_K._283/I._Allegro/Sonata_No._5_1st_Movement_K._283.mxl",mozart_k283_i,mozart_k283_i,36,333,0.5822757482528687,0.4000000059604645,0.0,0.0,1,False,,,58,3
L2+,"/Users/toddywang/Documents/VsCodeProjects/xmltoexp/ATEPP-1.2/ATEPP-1.2/Wolfgang_Amadeus_Mozart/Piano_Sonata_No._5_in_G_Major,_K._283/I._Allegro/Sonata_No._5_1st_Movement_K._283.mxl",mozart_k283_i,mozart_k283_i,37,339,0.6704484820365906,0.4000000059604645,0.0,0.0,1,False,,,60,3
L2+,"/Users/toddywang/Documents/VsCodeProjects/xmltoexp/ATEPP-1.2/ATEPP-1.2/Wolfgang_Amadeus_Mozart/Piano_Sonata_No._5_in_G_Major,_K._283/I._Allegro/Sonata_No._5_1st_Movement_K._283.mxl",mozart_k283_i,mozart_k283_i,38,348,0.41850900650024414,0.4000000059604645,0.0,0.0,1,False,,,63,3
L2+,"/Users/toddywang/Documents/VsCodeProjects/xmltoexp/ATEPP-1.2/ATEPP-1.2/Wolfgang_Amadeus_Mozart/Piano_Sonata_No._5_in_G_Major,_K._283/I._Allegro/Sonata_No._5_1st_Movement_K._283.mxl",mozart_k283_i,mozart_k283_i,39,356,0.42013445496559143,0.4000000059604645,0.0,0.0,1,False,,,66,2
L2+,"/Users/toddywang/Documents/VsCodeProjects/xmltoexp/ATEPP-1.2/ATEPP-1.2/Wolfgang_Amadeus_Mozart/Piano_Sonata_No._5_in_G_Major,_K._283/I._Allegro/Sonata_No._5_1st_Movement_K._283.mxl",mozart_k283_i,mozart_k283_i,40,367,0.6810788512229919,0.4000000059604645,0.0,0.0,1,False,,,70,1
L2+,"/Users/toddywang/Documents/VsCodeProjects/xmltoexp/ATEPP-1.2/ATEPP-1.2/Wolfgang_Amadeus_Mozart/Piano_Sonata_No._5_in_G_Major,_K._283/I._Allegro/Sonata_No._5_1st_Movement_K._283.mxl",mozart_k283_i,mozart_k283_i,41,374,0.5037238597869873,0.4000000059604645,0.0,0.0,1,False,,,72,2
L2+,"/Users/toddywang/Documents/VsCodeProjects/xmltoexp/ATEPP-1.2/ATEPP-1.2/Wolfgang_Amadeus_Mozart/Piano_Sonata_No._5_in_G_Major,_K._283/I._Allegro/Sonata_No._5_1st_Movement_K._283.mxl",mozart_k283_i,mozart_k283_i,42,383,0.5206267237663269,0.4000000059604645,0.0,0.0,1,False,,,75,2
L2+,"/Users/toddywang/Documents/VsCodeProjects/xmltoexp/ATEPP-1.2/ATEPP-1.2/Wolfgang_Amadeus_Mozart/Piano_Sonata_No._5_in_G_Major,_K._283/I._Allegro/Sonata_No._5_1st_Movement_K._283.mxl",mozart_k283_i,mozart_k283_i,43,389,0.5013474225997925,0.4000000059604645,0.0,0.0,1,False,,,77,2
L2+,"/Users/toddywang/Documents/VsCodeProjects/xmltoexp/ATEPP-1.2/ATEPP-1.2/Wolfgang_Amadeus_Mozart/Piano_Sonata_No._5_in_G_Major,_K._283/I._Allegro/Sonata_No._5_1st_Movement_K._283.mxl",mozart_k283_i,mozart_k283_i,44,397,0.5221662521362305,0.4000000059604645,0.0,0.0,1,False,,,80,1
L2+,"/Users/toddywang/Documents/VsCodeProjects/xmltoexp/ATEPP-1.2/ATEPP-1.2/Wolfgang_Amadeus_Mozart/Piano_Sonata_No._5_in_G_Major,_K._283/I._Allegro/Sonata_No._5_1st_Movement_K._283.mxl",mozart_k283_i,mozart_k283_i,45,407,0.5834063291549683,0.4000000059604645,0.0,0.0,1,False,,,83,2
L2+,"/Users/toddywang/Documents/VsCodeProjects/xmltoexp/ATEPP-1.2/ATEPP-1.2/Wolfgang_Amadeus_Mozart/Piano_Sonata_No._5_in_G_Major,_K._283/I._Allegro/Sonata_No._5_1st_Movement_K._283.mxl",mozart_k283_i,mozart_k283_i,46,413,0.6475822329521179,0.4000000059604645,0.0,0.0,1,False,,,85,2
L2+,"/Users/toddywang/Documents/VsCodeProjects/xmltoexp/ATEPP-1.2/ATEPP-1.2/Wolfgang_Amadeus_Mozart/Piano_Sonata_No._5_in_G_Major,_K._283/I._Allegro/Sonata_No._5_1st_Movement_K._283.mxl",mozart_k283_i,mozart_k283_i,47,425,0.9256628751754761,0.4000000059604645,0.0,0.0,1,False,,,89,2
L2+,"/Users/toddywang/Documents/VsCodeProjects/xmltoexp/ATEPP-1.2/ATEPP-1.2/Wolfgang_Amadeus_Mozart/Piano_Sonata_No._5_in_G_Major,_K._283/I._Allegro/Sonata_No._5_1st_Movement_K._283.mxl",mozart_k283_i,mozart_k283_i,48,437,0.5337291359901428,0.4000000059604645,0.0,0.0,1,False,,,93,2
L2+,"/Users/toddywang/Documents/VsCodeProjects/xmltoexp/ATEPP-1.2/ATEPP-1.2/Wolfgang_Amadeus_Mozart/Piano_Sonata_No._5_in_G_Major,_K._283/I._Allegro/Sonata_No._5_1st_Movement_K._283.mxl",mozart_k283_i,mozart_k283_i,49,455,0.5064917206764221,0.4000000059604645,0.0,0.0,1,False,,,99,2
L2+,"/Users/toddywang/Documents/VsCodeProjects/xmltoexp/ATEPP-1.2/ATEPP-1.2/Wolfgang_Amadeus_Mozart/Piano_Sonata_No._5_in_G_Major,_K._283/I._Allegro/Sonata_No._5_1st_Movement_K._283.mxl",mozart_k283_i,mozart_k283_i,50,463,0.49988749623298645,0.4000000059604645,0.0,0.0,1,False,,,102,1
L2+,"/Users/toddywang/Documents/VsCodeProjects/xmltoexp/ATEPP-1.2/ATEPP-1.2/Wolfgang_Amadeus_Mozart/Piano_Sonata_No._5_in_G_Major,_K._283/I._Allegro/Sonata_No._5_1st_Movement_K._283.mxl",mozart_k283_i,mozart_k283_i,51,472,0.5390713810920715,0.4000000059604645,0.0,0.0,1,False,,,105,1
L2+,"/Users/toddywang/Documents/VsCodeProjects/xmltoexp/ATEPP-1.2/ATEPP-1.2/Wolfgang_Amadeus_Mozart/Piano_Sonata_No._5_in_G_Major,_K._283/I._Allegro/Sonata_No._5_1st_Movement_K._283.mxl",mozart_k283_i,mozart_k283_i,52,478,0.4951731860637665,0.4000000059604645,0.0,0.0,1,False,,,107,1
L2+,"/Users/toddywang/Documents/VsCodeProjects/xmltoexp/ATEPP-1.2/ATEPP-1.2/Wolfgang_Amadeus_Mozart/Piano_Sonata_No._5_in_G_Major,_K._283/I._Allegro/Sonata_No._5_1st_Movement_K._283.mxl",mozart_k283_i,mozart_k283_i,53,492,0.43349379301071167,0.4000000059604645,0.0,0.0,1,False,,,111,3
L2+,"/Users/toddywang/Documents/VsCodeProjects/xmltoexp/ATEPP-1.2/ATEPP-1.2/Wolfgang_Amadeus_Mozart/Piano_Sonata_No._5_in_G_Major,_K._283/I._Allegro/Sonata_No._5_1st_Movement_K._283.mxl",mozart_k283_i,mozart_k283_i,54,500,0.43884748220443726,0.4000000059604645,0.0,0.0,1,False,,,114,2
L2+,"/Users/toddywang/Documents/VsCodeProjects/xmltoexp/ATEPP-1.2/ATEPP-1.2/Wolfgang_Amadeus_Mozart/Piano_Sonata_No._5_in_G_Major,_K._283/I._Allegro/Sonata_No._5_1st_Movement_K._283.mxl",mozart_k283_i,mozart_k283_i,55,511,0.47335490584373474,0.4000000059604645,0.0,0.0,1,False,,,118,1
L2+,"/Users/toddywang/Documents/VsCodeProjects/xmltoexp/ATEPP-1.2/ATEPP-1.2/Wolfgang_Amadeus_Mozart/Piano_Sonata_No._5_in_G_Major,_K._283/I._Allegro/Sonata_No._5_1st_Movement_K._283.mxl",mozart_k283_i,mozart_k283_i,56,518,0.6601455807685852,0.4000000059604645,0.0,0.0,1,False,,,120,2
L2+,"/Users/toddywang/Documents/VsCodeProjects/xmltoexp/ATEPP-1.2/ATEPP-1.2/Wolfgang_Amadeus_Mozart/Piano_Sonata_No._5_in_G_Major,_K._283/I._Allegro/Sonata_No._5_1st_Movement_K._283.mxl",mozart_k283_i,mozart_k283_i,57,526,0.5442284941673279,0.4000000059604645,0.0,0.0,1,False,,,56,1
L2+,"/Users/toddywang/Documents/VsCodeProjects/xmltoexp/ATEPP-1.2/ATEPP-1.2/Wolfgang_Amadeus_Mozart/Piano_Sonata_No._5_in_G_Major,_K._283/I._Allegro/Sonata_No._5_1st_Movement_K._283.mxl",mozart_k283_i,mozart_k283_i,58,534,0.5687466263771057,0.4000000059604645,0.0,0.0,1,False,,,58,3
L2+,"/Users/toddywang/Documents/VsCodeProjects/xmltoexp/ATEPP-1.2/ATEPP-1.2/Wolfgang_Amadeus_Mozart/Piano_Sonata_No._5_in_G_Major,_K._283/I._Allegro/Sonata_No._5_1st_Movement_K._283.mxl",mozart_k283_i,mozart_k283_i,59,540,0.6848687529563904,0.4000000059604645,0.0,0.0,1,False,,,60,3
L2+,"/Users/toddywang/Documents/VsCodeProjects/xmltoexp/ATEPP-1.2/ATEPP-1.2/Wolfgang_Amadeus_Mozart/Piano_Sonata_No._5_in_G_Major,_K._283/I._Allegro/Sonata_No._5_1st_Movement_K._283.mxl",mozart_k283_i,mozart_k283_i,60,549,0.41173070669174194,0.4000000059604645,0.0,0.0,1,False,,,63,3
L2+,"/Users/toddywang/Documents/VsCodeProjects/xmltoexp/ATEPP-1.2/ATEPP-1.2/Wolfgang_Amadeus_Mozart/Piano_Sonata_No._5_in_G_Major,_K._283/I._Allegro/Sonata_No._5_1st_Movement_K._283.mxl",mozart_k283_i,mozart_k283_i,61,555,0.4447330832481384,0.4000000059604645,0.0,0.0,1,False,,,65,3
L2+,"/Users/toddywang/Documents/VsCodeProjects/xmltoexp/ATEPP-1.2/ATEPP-1.2/Wolfgang_Amadeus_Mozart/Piano_Sonata_No._5_in_G_Major,_K._283/I._Allegro/Sonata_No._5_1st_Movement_K._283.mxl",mozart_k283_i,mozart_k283_i,62,568,0.679202675819397,0.4000000059604645,0.0,0.0,1,False,,,70,1
L2+,"/Users/toddywang/Documents/VsCodeProjects/xmltoexp/ATEPP-1.2/ATEPP-1.2/Wolfgang_Amadeus_Mozart/Piano_Sonata_No._5_in_G_Major,_K._283/I._Allegro/Sonata_No._5_1st_Movement_K._283.mxl",mozart_k283_i,mozart_k283_i,63,578,0.5005158185958862,0.4000000059604645,0.0,0.0,1,False,,,73,2
L2+,"/Users/toddywang/Documents/VsCodeProjects/xmltoexp/ATEPP-1.2/ATEPP-1.2/Wolfgang_Amadeus_Mozart/Piano_Sonata_No._5_in_G_Major,_K._283/I._Allegro/Sonata_No._5_1st_Movement_K._283.mxl",mozart_k283_i,mozart_k283_i,64,584,0.49617138504981995,0.4000000059604645,0.0,0.0,1,False,,,75,2
L2+,"/Users/toddywang/Documents/VsCodeProjects/xmltoexp/ATEPP-1.2/ATEPP-1.2/Wolfgang_Amadeus_Mozart/Piano_Sonata_No._5_in_G_Major,_K._283/I._Allegro/Sonata_No._5_1st_Movement_K._283.mxl",mozart_k283_i,mozart_k283_i,65,590,0.49747955799102783,0.4000000059604645,0.0,0.0,1,False,,,77,2
L2+,"/Users/toddywang/Documents/VsCodeProjects/xmltoexp/ATEPP-1.2/ATEPP-1.2/Wolfgang_Amadeus_Mozart/Piano_Sonata_No._5_in_G_Major,_K._283/I._Allegro/Sonata_No._5_1st_Movement_K._283.mxl",mozart_k283_i,mozart_k283_i,66,596,0.49899908900260925,0.4000000059604645,0.0,0.0,1,False,,,79,2
L2+,"/Users/toddywang/Documents/VsCodeProjects/xmltoexp/ATEPP-1.2/ATEPP-1.2/Wolfgang_Amadeus_Mozart/Piano_Sonata_No._5_in_G_Major,_K._283/I._Allegro/Sonata_No._5_1st_Movement_K._283.mxl",mozart_k283_i,mozart_k283_i,67,608,0.5801032781600952,0.4000000059604645,0.0,0.0,1,False,,,83,2
L2+,"/Users/toddywang/Documents/VsCodeProjects/xmltoexp/ATEPP-1.2/ATEPP-1.2/Wolfgang_Amadeus_Mozart/Piano_Sonata_No._5_in_G_Major,_K._283/I._Allegro/Sonata_No._5_1st_Movement_K._283.mxl",mozart_k283_i,mozart_k283_i,68,614,0.6432957053184509,0.4000000059604645,0.0,0.0,1,False,,,85,2
L2+,"/Users/toddywang/Documents/VsCodeProjects/xmltoexp/ATEPP-1.2/ATEPP-1.2/Wolfgang_Amadeus_Mozart/Piano_Sonata_No._5_in_G_Major,_K._283/I._Allegro/Sonata_No._5_1st_Movement_K._283.mxl",mozart_k283_i,mozart_k283_i,69,626,0.9235032200813293,0.4000000059604645,0.0,0.0,1,False,,,89,2
L2+,"/Users/toddywang/Documents/VsCodeProjects/xmltoexp/ATEPP-1.2/ATEPP-1.2/Wolfgang_Amadeus_Mozart/Piano_Sonata_No._5_in_G_Major,_K._283/I._Allegro/Sonata_No._5_1st_Movement_K._283.mxl",mozart_k283_i,mozart_k283_i,70,632,0.41277265548706055,0.4000000059604645,0.0,0.0,1,False,,,91,2
L2+,"/Users/toddywang/Documents/VsCodeProjects/xmltoexp/ATEPP-1.2/ATEPP-1.2/Wolfgang_Amadeus_Mozart/Piano_Sonata_No._5_in_G_Major,_K._283/I._Allegro/Sonata_No._5_1st_Movement_K._283.mxl",mozart_k283_i,mozart_k283_i,71,638,0.5217356085777283,0.4000000059604645,0.0,0.0,1,False,,,93,2
L2+,"/Users/toddywang/Documents/VsCodeProjects/xmltoexp/ATEPP-1.2/ATEPP-1.2/Wolfgang_Amadeus_Mozart/Piano_Sonata_No._5_in_G_Major,_K._283/I._Allegro/Sonata_No._5_1st_Movement_K._283.mxl",mozart_k283_i,mozart_k283_i,72,653,0.4966591000556946,0.4000000059604645,0.0,0.0,1,False,,,98,2
L2+,"/Users/toddywang/Documents/VsCodeProjects/xmltoexp/ATEPP-1.2/ATEPP-1.2/Wolfgang_Amadeus_Mozart/Piano_Sonata_No._5_in_G_Major,_K._283/I._Allegro/Sonata_No._5_1st_Movement_K._283.mxl",mozart_k283_i,mozart_k283_i,73,664,0.5313841104507446,0.4000000059604645,0.0,0.0,1,False,,,102,1
L2+,"/Users/toddywang/Documents/VsCodeProjects/xmltoexp/ATEPP-1.2/ATEPP-1.2/Wolfgang_Amadeus_Mozart/Piano_Sonata_No._5_in_G_Major,_K._283/I._Allegro/Sonata_No._5_1st_Movement_K._283.mxl",mozart_k283_i,mozart_k283_i,74,673,0.5569748878479004,0.4000000059604645,0.0,0.0,1,False,,,105,1
L2+,"/Users/toddywang/Documents/VsCodeProjects/xmltoexp/ATEPP-1.2/ATEPP-1.2/Wolfgang_Amadeus_Mozart/Piano_Sonata_No._5_in_G_Major,_K._283/I._Allegro/Sonata_No._5_1st_Movement_K._283.mxl",mozart_k283_i,mozart_k283_i,75,679,0.48667338490486145,0.4000000059604645,0.0,0.0,1,False,,,107,1
L2+,"/Users/toddywang/Documents/VsCodeProjects/xmltoexp/ATEPP-1.2/ATEPP-1.2/Wolfgang_Amadeus_Mozart/Piano_Sonata_No._5_in_G_Major,_K._283/I._Allegro/Sonata_No._5_1st_Movement_K._283.mxl",mozart_k283_i,mozart_k283_i,76,693,0.4452120065689087,0.4000000059604645,0.0,0.0,1,False,,,111,3
L2+,"/Users/toddywang/Documents/VsCodeProjects/xmltoexp/ATEPP-1.2/ATEPP-1.2/Wolfgang_Amadeus_Mozart/Piano_Sonata_No._5_in_G_Major,_K._283/I._Allegro/Sonata_No._5_1st_Movement_K._283.mxl",mozart_k283_i,mozart_k283_i,77,701,0.45695438981056213,0.4000000059604645,0.0,0.0,1,False,,,114,2
L2+,"/Users/toddywang/Documents/VsCodeProjects/xmltoexp/ATEPP-1.2/ATEPP-1.2/Wolfgang_Amadeus_Mozart/Piano_Sonata_No._5_in_G_Major,_K._283/I._Allegro/Sonata_No._5_1st_Movement_K._283.mxl",mozart_k283_i,mozart_k283_i,78,712,0.5061563849449158,0.4000000059604645,0.0,0.0,1,False,,,118,1
L2+,"/Users/toddywang/Documents/VsCodeProjects/xmltoexp/ATEPP-1.2/ATEPP-1.2/Wolfgang_Amadeus_Mozart/Piano_Sonata_No._5_in_G_Major,_K._283/I._Allegro/Sonata_No._5_1st_Movement_K._283.mxl",mozart_k283_i,mozart_k283_i,79,718,0.5151059031486511,0.4000000059604645,0.0,0.0,1,False,,,120,1
L3+,"/Users/toddywang/Documents/VsCodeProjects/xmltoexp/ATEPP-1.2/ATEPP-1.2/Wolfgang_Amadeus_Mozart/Piano_Sonata_No._5_in_G_Major,_K._283/I._Allegro/Sonata_No._5_1st_Movement_K._283.mxl",mozart_k283_i,mozart_k283_i,1,8,0.7178778648376465,0.574999988079071,0.0,0.0,1,False,,,3,2
L3+,"/Users/toddywang/Documents/VsCodeProjects/xmltoexp/ATEPP-1.2/ATEPP-1.2/Wolfgang_Amadeus_Mozart/Piano_Sonata_No._5_in_G_Major,_K._283/I._Allegro/Sonata_No._5_1st_Movement_K._283.mxl",mozart_k283_i,mozart_k283_i,2,14,0.92838054895401,0.574999988079071,0.0,0.0,1,False,,,5,2
L3+,"/Users/toddywang/Documents/VsCodeProjects/xmltoexp/ATEPP-1.2/ATEPP-1.2/Wolfgang_Amadeus_Mozart/Piano_Sonata_No._5_in_G_Major,_K._283/I._Allegro/Sonata_No._5_1st_Movement_K._283.mxl",mozart_k283_i,mozart_k283_i,3,29,0.9886838793754578,0.574999988079071,0.0,0.0,1,False,,,10,2
L3+,"/Users/toddywang/Documents/VsCodeProjects/xmltoexp/ATEPP-1.2/ATEPP-1.2/Wolfgang_Amadeus_Mozart/Piano_Sonata_No._5_in_G_Major,_K._283/I._Allegro/Sonata_No._5_1st_Movement_K._283.mxl",mozart_k283_i,mozart_k283_i,4,35,0.9604597091674805,0.574999988079071,0.0,0.0,1,False,,,12,2
L3+,"/Users/toddywang/Documents/VsCodeProjects/xmltoexp/ATEPP-1.2/ATEPP-1.2/Wolfgang_Amadeus_Mozart/Piano_Sonata_No._5_in_G_Major,_K._283/I._Allegro/Sonata_No._5_1st_Movement_K._283.mxl",mozart_k283_i,mozart_k283_i,5,53,0.6679793000221252,0.574999988079071,0.0,0.0,1,False,,,18,2
L3+,"/Users/toddywang/Documents/VsCodeProjects/xmltoexp/ATEPP-1.2/ATEPP-1.2/Wolfgang_Amadeus_Mozart/Piano_Sonata_No._5_in_G_Major,_K._283/I._Allegro/Sonata_No._5_1st_Movement_K._283.mxl",mozart_k283_i,mozart_k283_i,6,66,0.9809449911117554,0.574999988079071,0.0,0.0,1,False,,,22,3
L3+,"/Users/toddywang/Documents/VsCodeProjects/xmltoexp/ATEPP-1.2/ATEPP-1.2/Wolfgang_Amadeus_Mozart/Piano_Sonata_No._5_in_G_Major,_K._283/I._Allegro/Sonata_No._5_1st_Movement_K._283.mxl",mozart_k283_i,mozart_k283_i,7,74,0.886561930179596,0.574999988079071,0.0,0.0,1,False,,,25,2
L3+,"/Users/toddywang/Documents/VsCodeProjects/xmltoexp/ATEPP-1.2/ATEPP-1.2/Wolfgang_Amadeus_Mozart/Piano_Sonata_No._5_in_G_Major,_K._283/I._Allegro/Sonata_No._5_1st_Movement_K._283.mxl",mozart_k283_i,mozart_k283_i,8,83,0.5841119289398193,0.574999988079071,0.0,0.0,1,False,,,28,2
L3+,"/Users/toddywang/Documents/VsCodeProjects/xmltoexp/ATEPP-1.2/ATEPP-1.2/Wolfgang_Amadeus_Mozart/Piano_Sonata_No._5_in_G_Major,_K._283/I._Allegro/Sonata_No._5_1st_Movement_K._283.mxl",mozart_k283_i,mozart_k283_i,9,94,0.8344424962997437,0.574999988079071,0.0,0.0,1,False,,,32,1
L3+,"/Users/toddywang/Documents/VsCodeProjects/xmltoexp/ATEPP-1.2/ATEPP-1.2/Wolfgang_Amadeus_Mozart/Piano_Sonata_No._5_in_G_Major,_K._283/I._Allegro/Sonata_No._5_1st_Movement_K._283.mxl",mozart_k283_i,mozart_k283_i,10,111,0.8568642139434814,0.574999988079071,0.0,0.0,1,False,,,37,3
L3+,"/Users/toddywang/Documents/VsCodeProjects/xmltoexp/ATEPP-1.2/ATEPP-1.2/Wolfgang_Amadeus_Mozart/Piano_Sonata_No._5_in_G_Major,_K._283/I._Allegro/Sonata_No._5_1st_Movement_K._283.mxl",mozart_k283_i,mozart_k283_i,11,132,0.9296051263809204,0.574999988079071,0.0,0.0,1,False,,,44,3
L3+,"/Users/toddywang/Documents/VsCodeProjects/xmltoexp/ATEPP-1.2/ATEPP-1.2/Wolfgang_Amadeus_Mozart/Piano_Sonata_No._5_in_G_Major,_K._283/I._Allegro/Sonata_No._5_1st_Movement_K._283.mxl",mozart_k283_i,mozart_k283_i,12,143,0.662577748298645,0.574999988079071,0.0,0.0,1,False,,,48,2
L3+,"/Users/toddywang/Documents/VsCodeProjects/xmltoexp/ATEPP-1.2/ATEPP-1.2/Wolfgang_Amadeus_Mozart/Piano_Sonata_No._5_in_G_Major,_K._283/I._Allegro/Sonata_No._5_1st_Movement_K._283.mxl",mozart_k283_i,mozart_k283_i,13,158,0.9982414245605469,0.574999988079071,0.0,0.0,1,False,,,53,2
L3+,"/Users/toddywang/Documents/VsCodeProjects/xmltoexp/ATEPP-1.2/ATEPP-1.2/Wolfgang_Amadeus_Mozart/Piano_Sonata_No._5_in_G_Major,_K._283/I._Allegro/Sonata_No._5_1st_Movement_K._283.mxl",mozart_k283_i,mozart_k283_i,14,167,0.723980724811554,0.574999988079071,0.0,0.0,1,False,,,3,2
L3+,"/Users/toddywang/Documents/VsCodeProjects/xmltoexp/ATEPP-1.2/ATEPP-1.2/Wolfgang_Amadeus_Mozart/Piano_Sonata_No._5_in_G_Major,_K._283/I._Allegro/Sonata_No._5_1st_Movement_K._283.mxl",mozart_k283_i,mozart_k283_i,15,173,0.9102354645729065,0.574999988079071,0.0,0.0,1,False,,,5,2
L3+,"/Users/toddywang/Documents/VsCodeProjects/xmltoexp/ATEPP-1.2/ATEPP-1.2/Wolfgang_Amadeus_Mozart/Piano_Sonata_No._5_in_G_Major,_K._283/I._Allegro/Sonata_No._5_1st_Movement_K._283.mxl",mozart_k283_i,mozart_k283_i,16,188,0.9877047538757324,0.574999988079071,0.0,0.0,1,False,,,10,2
L3+,"/Users/toddywang/Documents/VsCodeProjects/xmltoexp/ATEPP-1.2/ATEPP-1.2/Wolfgang_Amadeus_Mozart/Piano_Sonata_No._5_in_G_Major,_K._283/I._Allegro/Sonata_No._5_1st_Movement_K._283.mxl",mozart_k283_i,mozart_k283_i,17,194,0.9615232944488525,0.574999988079071,0.0,0.0,1,False,,,12,2
L3+,"/Users/toddywang/Documents/VsCodeProjects/xmltoexp/ATEPP-1.2/ATEPP-1.2/Wolfgang_Amadeus_Mozart/Piano_Sonata_No._5_in_G_Major,_K._283/I._Allegro/Sonata_No._5_1st_Movement_K._283.mxl",mozart_k283_i,mozart_k283_i,18,212,0.6971258521080017,0.574999988079071,0.0,0.0,1,False,,,18,2
L3+,"/Users/toddywang/Documents/VsCodeProjects/xmltoexp/ATEPP-1.2/ATEPP-1.2/Wolfgang_Amadeus_Mozart/Piano_Sonata_No._5_in_G_Major,_K._283/I._Allegro/Sonata_No._5_1st_Movement_K._283.mxl",mozart_k283_i,mozart_k283_i,19,225,0.9785304665565491,0.574999988079071,0.0,0.0,1,False,,,22,3
L3+,"/Users/toddywang/Documents/VsCodeProjects/xmltoexp/ATEPP-1.2/ATEPP-1.2/Wolfgang_Amadeus_Mozart/Piano_Sonata_No._5_in_G_Major,_K._283/I._Allegro/Sonata_No._5_1st_Movement_K._283.mxl",mozart_k283_i,mozart_k283_i,20,233,0.8915874361991882,0.574999988079071,0.0,0.0,1,False,,,25,2
L3+,"/Users/toddywang/Documents/VsCodeProjects/xmltoexp/ATEPP-1.2/ATEPP-1.2/Wolfgang_Amadeus_Mozart/Piano_Sonata_No._5_in_G_Major,_K._283/I._Allegro/Sonata_No._5_1st_Movement_K._283.mxl",mozart_k283_i,mozart_k283_i,21,242,0.6290168762207031,0.574999988079071,0.0,0.0,1,False,,,28,2
L3+,"/Users/toddywang/Documents/VsCodeProjects/xmltoexp/ATEPP-1.2/ATEPP-1.2/Wolfgang_Amadeus_Mozart/Piano_Sonata_No._5_in_G_Major,_K._283/I._Allegro/Sonata_No._5_1st_Movement_K._283.mxl",mozart_k283_i,mozart_k283_i,22,249,0.8357829451560974,0.574999988079071,0.0,0.0,1,False,,,30,3
L3+,"/Users/toddywang/Documents/VsCodeProjects/xmltoexp/ATEPP-1.2/ATEPP-1.2/Wolfgang_Amadeus_Mozart/Piano_Sonata_No._5_in_G_Major,_K._283/I._Allegro/Sonata_No._5_1st_Movement_K._283.mxl",mozart_k283_i,mozart_k283_i,23,256,0.6323402523994446,0.574999988079071,0.0,0.0,1,False,,,33,1
L3+,"/Users/toddywang/Documents/VsCodeProjects/xmltoexp/ATEPP-1.2/ATEPP-1.2/Wolfgang_Amadeus_Mozart/Piano_Sonata_No._5_in_G_Major,_K._283/I._Allegro/Sonata_No._5_1st_Movement_K._283.mxl",mozart_k283_i,mozart_k283_i,24,271,0.7559875249862671,0.574999988079071,0.0,0.0,1,False,,,38,1
L3+,"/Users/toddywang/Documents/VsCodeProjects/xmltoexp/ATEPP-1.2/ATEPP-1.2/Wolfgang_Amadeus_Mozart/Piano_Sonata_No._5_in_G_Major,_K._283/I._Allegro/Sonata_No._5_1st_Movement_K._283.mxl",mozart_k283_i,mozart_k283_i,25,291,0.922105610370636,0.574999988079071,0.0,0.0,1,False,,,44,3
L3+,"/Users/toddywang/Documents/VsCodeProjects/xmltoexp/ATEPP-1.2/ATEPP-1.2/Wolfgang_Amadeus_Mozart/Piano_Sonata_No._5_in_G_Major,_K._283/I._Allegro/Sonata_No._5_1st_Movement_K._283.mxl",mozart_k283_i,mozart_k283_i,26,302,0.6223737597465515,0.574999988079071,0.0,0.0,1,False,,,48,2
L3+,"/Users/toddywang/Documents/VsCodeProjects/xmltoexp/ATEPP-1.2/ATEPP-1.2/Wolfgang_Amadeus_Mozart/Piano_Sonata_No._5_in_G_Major,_K._283/I._Allegro/Sonata_No._5_1st_Movement_K._283.mxl",mozart_k283_i,mozart_k283_i,27,320,0.8413786888122559,0.574999988079071,0.0,0.0,1,False,,,54,2
L3+,"/Users/toddywang/Documents/VsCodeProjects/xmltoexp/ATEPP-1.2/ATEPP-1.2/Wolfgang_Amadeus_Mozart/Piano_Sonata_No._5_in_G_Major,_K._283/I._Allegro/Sonata_No._5_1st_Movement_K._283.mxl",mozart_k283_i,mozart_k283_i,28,334,0.7781975865364075,0.574999988079071,0.0,0.0,1,False,,,59,1
L3+,"/Users/toddywang/Documents/VsCodeProjects/xmltoexp/ATEPP-1.2/ATEPP-1.2/Wolfgang_Amadeus_Mozart/Piano_Sonata_No._5_in_G_Major,_K._283/I._Allegro/Sonata_No._5_1st_Movement_K._283.mxl",mozart_k283_i,mozart_k283_i,29,342,0.937292218208313,0.574999988079071,0.0,0.0,1,False,,,61,3
L3+,"/Users/toddywang/Documents/VsCodeProjects/xmltoexp/ATEPP-1.2/ATEPP-1.2/Wolfgang_Amadeus_Mozart/Piano_Sonata_No._5_in_G_Major,_K._283/I._Allegro/Sonata_No._5_1st_Movement_K._283.mxl",mozart_k283_i,mozart_k283_i,30,349,0.9312217831611633,0.574999988079071,0.0,0.0,1,False,,,64,1
L3+,"/Users/toddywang/Documents/VsCodeProjects/xmltoexp/ATEPP-1.2/ATEPP-1.2/Wolfgang_Amadeus_Mozart/Piano_Sonata_No._5_in_G_Major,_K._283/I._Allegro/Sonata_No._5_1st_Movement_K._283.mxl",mozart_k283_i,mozart_k283_i,31,355,0.93613201379776,0.574999988079071,0.0,0.0,1,False,,,66,1
L3+,"/Users/toddywang/Documents/VsCodeProjects/xmltoexp/ATEPP-1.2/ATEPP-1.2/Wolfgang_Amadeus_Mozart/Piano_Sonata_No._5_in_G_Major,_K._283/I._Allegro/Sonata_No._5_1st_Movement_K._283.mxl",mozart_k283_i,mozart_k283_i,32,367,0.970819890499115,0.574999988079071,0.0,0.0,1,False,,,70,1
L3+,"/Users/toddywang/Documents/VsCodeProjects/xmltoexp/ATEPP-1.2/ATEPP-1.2/Wolfgang_Amadeus_Mozart/Piano_Sonata_No._5_in_G_Major,_K._283/I._Allegro/Sonata_No._5_1st_Movement_K._283.mxl",mozart_k283_i,mozart_k283_i,33,374,0.8414352536201477,0.574999988079071,0.0,0.0,1,False,,,72,2
L3+,"/Users/toddywang/Documents/VsCodeProjects/xmltoexp/ATEPP-1.2/ATEPP-1.2/Wolfgang_Amadeus_Mozart/Piano_Sonata_No._5_in_G_Major,_K._283/I._Allegro/Sonata_No._5_1st_Movement_K._283.mxl",mozart_k283_i,mozart_k283_i,34,383,0.9771968722343445,0.574999988079071,0.0,0.0,1,False,,,75,2
L3+,"/Users/toddywang/Documents/VsCodeProjects/xmltoexp/ATEPP-1.2/ATEPP-1.2/Wolfgang_Amadeus_Mozart/Piano_Sonata_No._5_in_G_Major,_K._283/I._Allegro/Sonata_No._5_1st_Movement_K._283.mxl",mozart_k283_i,mozart_k283_i,35,389,0.7072132229804993,0.574999988079071,0.0,0.0,1,False,,,77,2
L3+,"/Users/toddywang/Documents/VsCodeProjects/xmltoexp/ATEPP-1.2/ATEPP-1.2/Wolfgang_Amadeus_Mozart/Piano_Sonata_No._5_in_G_Major,_K._283/I._Allegro/Sonata_No._5_1st_Movement_K._283.mxl",mozart_k283_i,mozart_k283_i,36,395,0.982047438621521,0.574999988079071,0.0,0.0,1,False,,,79,2
L3+,"/Users/toddywang/Documents/VsCodeProjects/xmltoexp/ATEPP-1.2/ATEPP-1.2/Wolfgang_Amadeus_Mozart/Piano_Sonata_No._5_in_G_Major,_K._283/I._Allegro/Sonata_No._5_1st_Movement_K._283.mxl",mozart_k283_i,mozart_k283_i,37,406,0.723601222038269,0.574999988079071,0.0,0.0,1,False,,,83,1
L3+,"/Users/toddywang/Documents/VsCodeProjects/xmltoexp/ATEPP-1.2/ATEPP-1.2/Wolfgang_Amadeus_Mozart/Piano_Sonata_No._5_in_G_Major,_K._283/I._Allegro/Sonata_No._5_1st_Movement_K._283.mxl",mozart_k283_i,mozart_k283_i,38,413,0.7361615300178528,0.574999988079071,0.0,0.0,1,False,,,85,2
L3+,"/Users/toddywang/Documents/VsCodeProjects/xmltoexp/ATEPP-1.2/ATEPP-1.2/Wolfgang_Amadeus_Mozart/Piano_Sonata_No._5_in_G_Major,_K._283/I._Allegro/Sonata_No._5_1st_Movement_K._283.mxl",mozart_k283_i,mozart_k283_i,39,426,0.9725891947746277,0.574999988079071,0.0,0.0,1,False,,,89,3
L3+,"/Users/toddywang/Documents/VsCodeProjects/xmltoexp/ATEPP-1.2/ATEPP-1.2/Wolfgang_Amadeus_Mozart/Piano_Sonata_No._5_in_G_Major,_K._283/I._Allegro/Sonata_No._5_1st_Movement_K._283.mxl",mozart_k283_i,mozart_k283_i,40,434,0.873458743095398,0.574999988079071,0.0,0.0,1,False,,,92,2
L3+,"/Users/toddywang/Documents/VsCodeProjects/xmltoexp/ATEPP-1.2/ATEPP-1.2/Wolfgang_Amadeus_Mozart/Piano_Sonata_No._5_in_G_Major,_K._283/I._Allegro/Sonata_No._5_1st_Movement_K._283.mxl",mozart_k283_i,mozart_k283_i,41,450,0.9252227544784546,0.574999988079071,0.0,0.0,1,False,,,97,3
L3+,"/Users/toddywang/Documents/VsCodeProjects/xmltoexp/ATEPP-1.2/ATEPP-1.2/Wolfgang_Amadeus_Mozart/Piano_Sonata_No._5_in_G_Major,_K._283/I._Allegro/Sonata_No._5_1st_Movement_K._283.mxl",mozart_k283_i,mozart_k283_i,42,457,0.8518155813217163,0.574999988079071,0.0,0.0,1,False,,,100,1
L3+,"/Users/toddywang/Documents/VsCodeProjects/xmltoexp/ATEPP-1.2/ATEPP-1.2/Wolfgang_Amadeus_Mozart/Piano_Sonata_No._5_in_G_Major,_K._283/I._Allegro/Sonata_No._5_1st_Movement_K._283.mxl",mozart_k283_i,mozart_k283_i,43,471,0.9341959357261658,0.574999988079071,0.0,0.0,1,False,,,104,3
L3+,"/Users/toddywang/Documents/VsCodeProjects/xmltoexp/ATEPP-1.2/ATEPP-1.2/Wolfgang_Amadeus_Mozart/Piano_Sonata_No._5_in_G_Major,_K._283/I._Allegro/Sonata_No._5_1st_Movement_K._283.mxl",mozart_k283_i,mozart_k283_i,44,492,0.9108328223228455,0.574999988079071,0.0,0.0,1,False,,,111,3
L3+,"/Users/toddywang/Documents/VsCodeProjects/xmltoexp/ATEPP-1.2/ATEPP-1.2/Wolfgang_Amadeus_Mozart/Piano_Sonata_No._5_in_G_Major,_K._283/I._Allegro/Sonata_No._5_1st_Movement_K._283.mxl",mozart_k283_i,mozart_k283_i,45,505,0.6989069581031799,0.574999988079071,0.0,0.0,1,False,,,116,1
L3+,"/Users/toddywang/Documents/VsCodeProjects/xmltoexp/ATEPP-1.2/ATEPP-1.2/Wolfgang_Amadeus_Mozart/Piano_Sonata_No._5_in_G_Major,_K._283/I._Allegro/Sonata_No._5_1st_Movement_K._283.mxl",mozart_k283_i,mozart_k283_i,46,521,0.8489894270896912,0.574999988079071,0.0,0.0,1,False,,,54,2
L3+,"/Users/toddywang/Documents/VsCodeProjects/xmltoexp/ATEPP-1.2/ATEPP-1.2/Wolfgang_Amadeus_Mozart/Piano_Sonata_No._5_in_G_Major,_K._283/I._Allegro/Sonata_No._5_1st_Movement_K._283.mxl",mozart_k283_i,mozart_k283_i,47,535,0.6838597655296326,0.574999988079071,0.0,0.0,1,False,,,59,1
L3+,"/Users/toddywang/Documents/VsCodeProjects/xmltoexp/ATEPP-1.2/ATEPP-1.2/Wolfgang_Amadeus_Mozart/Piano_Sonata_No._5_in_G_Major,_K._283/I._Allegro/Sonata_No._5_1st_Movement_K._283.mxl",mozart_k283_i,mozart_k283_i,48,543,0.9589967131614685,0.574999988079071,0.0,0.0,1,False,,,61,3
L3+,"/Users/toddywang/Documents/VsCodeProjects/xmltoexp/ATEPP-1.2/ATEPP-1.2/Wolfgang_Amadeus_Mozart/Piano_Sonata_No._5_in_G_Major,_K._283/I._Allegro/Sonata_No._5_1st_Movement_K._283.mxl",mozart_k283_i,mozart_k283_i,49,555,0.9451837539672852,0.574999988079071,0.0,0.0,1,False,,,65,3
L3+,"/Users/toddywang/Documents/VsCodeProjects/xmltoexp/ATEPP-1.2/ATEPP-1.2/Wolfgang_Amadeus_Mozart/Piano_Sonata_No._5_in_G_Major,_K._283/I._Allegro/Sonata_No._5_1st_Movement_K._283.mxl",mozart_k283_i,mozart_k283_i,50,568,0.9537575840950012,0.574999988079071,0.0,0.0,1,False,,,70,1
L3+,"/Users/toddywang/Documents/VsCodeProjects/xmltoexp/ATEPP-1.2/ATEPP-1.2/Wolfgang_Amadeus_Mozart/Piano_Sonata_No._5_in_G_Major,_K._283/I._Allegro/Sonata_No._5_1st_Movement_K._283.mxl",mozart_k283_i,mozart_k283_i,51,575,0.8278515934944153,0.574999988079071,0.0,0.0,1,False,,,72,2
L3+,"/Users/toddywang/Documents/VsCodeProjects/xmltoexp/ATEPP-1.2/ATEPP-1.2/Wolfgang_Amadeus_Mozart/Piano_Sonata_No._5_in_G_Major,_K._283/I._Allegro/Sonata_No._5_1st_Movement_K._283.mxl",mozart_k283_i,mozart_k283_i,52,584,0.9548813700675964,0.574999988079071,0.0,0.0,1,False,,,75,2
L3+,"/Users/toddywang/Documents/VsCodeProjects/xmltoexp/ATEPP-1.2/ATEPP-1.2/Wolfgang_Amadeus_Mozart/Piano_Sonata_No._5_in_G_Major,_K._283/I._Allegro/Sonata_No._5_1st_Movement_K._283.mxl",mozart_k283_i,mozart_k283_i,53,590,0.752538800239563,0.574999988079071,0.0,0.0,1,False,,,77,2
L3+,"/Users/toddywang/Documents/VsCodeProjects/xmltoexp/ATEPP-1.2/ATEPP-1.2/Wolfgang_Amadeus_Mozart/Piano_Sonata_No._5_in_G_Major,_K._283/I._Allegro/Sonata_No._5_1st_Movement_K._283.mxl",mozart_k283_i,mozart_k283_i,54,596,0.9730309844017029,0.574999988079071,0.0,0.0,1,False,,,79,2
L3+,"/Users/toddywang/Documents/VsCodeProjects/xmltoexp/ATEPP-1.2/ATEPP-1.2/Wolfgang_Amadeus_Mozart/Piano_Sonata_No._5_in_G_Major,_K._283/I._Allegro/Sonata_No._5_1st_Movement_K._283.mxl",mozart_k283_i,mozart_k283_i,55,607,0.7820456624031067,0.574999988079071,0.0,0.0,1,False,,,83,1
L3+,"/Users/toddywang/Documents/VsCodeProjects/xmltoexp/ATEPP-1.2/ATEPP-1.2/Wolfgang_Amadeus_Mozart/Piano_Sonata_No._5_in_G_Major,_K._283/I._Allegro/Sonata_No._5_1st_Movement_K._283.mxl",mozart_k283_i,mozart_k283_i,56,614,0.8070708513259888,0.574999988079071,0.0,0.0,1,False,,,85,2
L3+,"/Users/toddywang/Documents/VsCodeProjects/xmltoexp/ATEPP-1.2/ATEPP-1.2/Wolfgang_Amadeus_Mozart/Piano_Sonata_No._5_in_G_Major,_K._283/I._Allegro/Sonata_No._5_1st_Movement_K._283.mxl",mozart_k283_i,mozart_k283_i,57,627,0.9748782515525818,0.574999988079071,0.0,0.0,1,False,,,89,3
L3+,"/Users/toddywang/Documents/VsCodeProjects/xmltoexp/ATEPP-1.2/ATEPP-1.2/Wolfgang_Amadeus_Mozart/Piano_Sonata_No._5_in_G_Major,_K._283/I._Allegro/Sonata_No._5_1st_Movement_K._283.mxl",mozart_k283_i,mozart_k283_i,58,635,0.8669915795326233,0.574999988079071,0.0,0.0,1,False,,,92,2
L3+,"/Users/toddywang/Documents/VsCodeProjects/xmltoexp/ATEPP-1.2/ATEPP-1.2/Wolfgang_Amadeus_Mozart/Piano_Sonata_No._5_in_G_Major,_K._283/I._Allegro/Sonata_No._5_1st_Movement_K._283.mxl",mozart_k283_i,mozart_k283_i,59,651,0.9406823515892029,0.574999988079071,0.0,0.0,1,False,,,97,3
L3+,"/Users/toddywang/Documents/VsCodeProjects/xmltoexp/ATEPP-1.2/ATEPP-1.2/Wolfgang_Amadeus_Mozart/Piano_Sonata_No._5_in_G_Major,_K._283/I._Allegro/Sonata_No._5_1st_Movement_K._283.mxl",mozart_k283_i,mozart_k283_i,60,658,0.8239125609397888,0.574999988079071,0.0,0.0,1,False,,,100,1
L3+,"/Users/toddywang/Documents/VsCodeProjects/xmltoexp/ATEPP-1.2/ATEPP-1.2/Wolfgang_Amadeus_Mozart/Piano_Sonata_No._5_in_G_Major,_K._283/I._Allegro/Sonata_No._5_1st_Movement_K._283.mxl",mozart_k283_i,mozart_k283_i,61,672,0.9054158329963684,0.574999988079071,0.0,0.0,1,False,,,104,3
L3+,"/Users/toddywang/Documents/VsCodeProjects/xmltoexp/ATEPP-1.2/ATEPP-1.2/Wolfgang_Amadeus_Mozart/Piano_Sonata_No._5_in_G_Major,_K._283/I._Allegro/Sonata_No._5_1st_Movement_K._283.mxl",mozart_k283_i,mozart_k283_i,62,693,0.9012744426727295,0.574999988079071,0.0,0.0,1,False,,,111,3
L3+,"/Users/toddywang/Documents/VsCodeProjects/xmltoexp/ATEPP-1.2/ATEPP-1.2/Wolfgang_Amadeus_Mozart/Piano_Sonata_No._5_in_G_Major,_K._283/I._Allegro/Sonata_No._5_1st_Movement_K._283.mxl",mozart_k283_i,mozart_k283_i,63,706,0.6201719045639038,0.574999988079071,0.0,0.0,1,False,,,116,1
L4+,"/Users/toddywang/Documents/VsCodeProjects/xmltoexp/ATEPP-1.2/ATEPP-1.2/Wolfgang_Amadeus_Mozart/Piano_Sonata_No._5_in_G_Major,_K._283/I._Allegro/Sonata_No._5_1st_Movement_K._283.mxl",mozart_k283_i,mozart_k283_i,1,14,0.7375366687774658,0.625,0.0,0.0,1,False,,,5,2
L4+,"/Users/toddywang/Documents/VsCodeProjects/xmltoexp/ATEPP-1.2/ATEPP-1.2/Wolfgang_Amadeus_Mozart/Piano_Sonata_No._5_in_G_Major,_K._283/I._Allegro/Sonata_No._5_1st_Movement_K._283.mxl",mozart_k283_i,mozart_k283_i,2,29,0.7471492886543274,0.625,0.0,0.0,1,False,,,10,2
L4+,"/Users/toddywang/Documents/VsCodeProjects/xmltoexp/ATEPP-1.2/ATEPP-1.2/Wolfgang_Amadeus_Mozart/Piano_Sonata_No._5_in_G_Major,_K._283/I._Allegro/Sonata_No._5_1st_Movement_K._283.mxl",mozart_k283_i,mozart_k283_i,3,35,0.7198889851570129,0.625,0.0,0.0,1,False,,,12,2
L4+,"/Users/toddywang/Documents/VsCodeProjects/xmltoexp/ATEPP-1.2/ATEPP-1.2/Wolfgang_Amadeus_Mozart/Piano_Sonata_No._5_in_G_Major,_K._283/I._Allegro/Sonata_No._5_1st_Movement_K._283.mxl",mozart_k283_i,mozart_k283_i,4,53,0.6282469034194946,0.625,0.0,0.0,1,False,,,18,2
L4+,"/Users/toddywang/Documents/VsCodeProjects/xmltoexp/ATEPP-1.2/ATEPP-1.2/Wolfgang_Amadeus_Mozart/Piano_Sonata_No._5_in_G_Major,_K._283/I._Allegro/Sonata_No._5_1st_Movement_K._283.mxl",mozart_k283_i,mozart_k283_i,5,65,0.9029395580291748,0.625,0.0,0.0,1,False,,,22,2
L4+,"/Users/toddywang/Documents/VsCodeProjects/xmltoexp/ATEPP-1.2/ATEPP-1.2/Wolfgang_Amadeus_Mozart/Piano_Sonata_No._5_in_G_Major,_K._283/I._Allegro/Sonata_No._5_1st_Movement_K._283.mxl",mozart_k283_i,mozart_k283_i,6,158,0.8846275210380554,0.625,0.0,0.0,1,False,,,53,2
L4+,"/Users/toddywang/Documents/VsCodeProjects/xmltoexp/ATEPP-1.2/ATEPP-1.2/Wolfgang_Amadeus_Mozart/Piano_Sonata_No._5_in_G_Major,_K._283/I._Allegro/Sonata_No._5_1st_Movement_K._283.mxl",mozart_k283_i,mozart_k283_i,7,173,0.7115644812583923,0.625,0.0,0.0,1,False,,,5,2
L4+,"/Users/toddywang/Documents/VsCodeProjects/xmltoexp/ATEPP-1.2/ATEPP-1.2/Wolfgang_Amadeus_Mozart/Piano_Sonata_No._5_in_G_Major,_K._283/I._Allegro/Sonata_No._5_1st_Movement_K._283.mxl",mozart_k283_i,mozart_k283_i,8,188,0.7319319248199463,0.625,0.0,0.0,1,False,,,10,2
L4+,"/Users/toddywang/Documents/VsCodeProjects/xmltoexp/ATEPP-1.2/ATEPP-1.2/Wolfgang_Amadeus_Mozart/Piano_Sonata_No._5_in_G_Major,_K._283/I._Allegro/Sonata_No._5_1st_Movement_K._283.mxl",mozart_k283_i,mozart_k283_i,9,194,0.7225691080093384,0.625,0.0,0.0,1,False,,,12,2
L4+,"/Users/toddywang/Documents/VsCodeProjects/xmltoexp/ATEPP-1.2/ATEPP-1.2/Wolfgang_Amadeus_Mozart/Piano_Sonata_No._5_in_G_Major,_K._283/I._Allegro/Sonata_No._5_1st_Movement_K._283.mxl",mozart_k283_i,mozart_k283_i,10,224,0.8937085866928101,0.625,0.0,0.0,1,False,,,22,2
L4+,"/Users/toddywang/Documents/VsCodeProjects/xmltoexp/ATEPP-1.2/ATEPP-1.2/Wolfgang_Amadeus_Mozart/Piano_Sonata_No._5_in_G_Major,_K._283/I._Allegro/Sonata_No._5_1st_Movement_K._283.mxl",mozart_k283_i,mozart_k283_i,11,317,0.6781193614006042,0.625,0.0,0.0,1,False,,,53,2
L4+,"/Users/toddywang/Documents/VsCodeProjects/xmltoexp/ATEPP-1.2/ATEPP-1.2/Wolfgang_Amadeus_Mozart/Piano_Sonata_No._5_in_G_Major,_K._283/I._Allegro/Sonata_No._5_1st_Movement_K._283.mxl",mozart_k283_i,mozart_k283_i,12,344,0.6727761626243591,0.625,0.0,0.0,1,False,,,62,2
L4+,"/Users/toddywang/Documents/VsCodeProjects/xmltoexp/ATEPP-1.2/ATEPP-1.2/Wolfgang_Amadeus_Mozart/Piano_Sonata_No._5_in_G_Major,_K._283/I._Allegro/Sonata_No._5_1st_Movement_K._283.mxl",mozart_k283_i,mozart_k283_i,13,350,0.689773678779602,0.625,0.0,0.0,1,False,,,64,2
L4+,"/Users/toddywang/Documents/VsCodeProjects/xmltoexp/ATEPP-1.2/ATEPP-1.2/Wolfgang_Amadeus_Mozart/Piano_Sonata_No._5_in_G_Major,_K._283/I._Allegro/Sonata_No._5_1st_Movement_K._283.mxl",mozart_k283_i,mozart_k283_i,14,356,0.7344514727592468,0.625,0.0,0.0,1,False,,,66,2
L4+,"/Users/toddywang/Documents/VsCodeProjects/xmltoexp/ATEPP-1.2/ATEPP-1.2/Wolfgang_Amadeus_Mozart/Piano_Sonata_No._5_in_G_Major,_K._283/I._Allegro/Sonata_No._5_1st_Movement_K._283.mxl",mozart_k283_i,mozart_k283_i,15,362,0.6857525110244751,0.625,0.0,0.0,1,False,,,68,2
L4+,"/Users/toddywang/Documents/VsCodeProjects/xmltoexp/ATEPP-1.2/ATEPP-1.2/Wolfgang_Amadeus_Mozart/Piano_Sonata_No._5_in_G_Major,_K._283/I._Allegro/Sonata_No._5_1st_Movement_K._283.mxl",mozart_k283_i,mozart_k283_i,16,383,0.6850540637969971,0.625,0.0,0.0,1,False,,,75,2
L4+,"/Users/toddywang/Documents/VsCodeProjects/xmltoexp/ATEPP-1.2/ATEPP-1.2/Wolfgang_Amadeus_Mozart/Piano_Sonata_No._5_in_G_Major,_K._283/I._Allegro/Sonata_No._5_1st_Movement_K._283.mxl",mozart_k283_i,mozart_k283_i,17,395,0.6860867142677307,0.625,0.0,0.0,1,False,,,79,2
L4+,"/Users/toddywang/Documents/VsCodeProjects/xmltoexp/ATEPP-1.2/ATEPP-1.2/Wolfgang_Amadeus_Mozart/Piano_Sonata_No._5_in_G_Major,_K._283/I._Allegro/Sonata_No._5_1st_Movement_K._283.mxl",mozart_k283_i,mozart_k283_i,18,407,0.6670057773590088,0.625,0.0,0.0,1,False,,,83,2
L4+,"/Users/toddywang/Documents/VsCodeProjects/xmltoexp/ATEPP-1.2/ATEPP-1.2/Wolfgang_Amadeus_Mozart/Piano_Sonata_No._5_in_G_Major,_K._283/I._Allegro/Sonata_No._5_1st_Movement_K._283.mxl",mozart_k283_i,mozart_k283_i,19,425,0.8830292820930481,0.625,0.0,0.0,1,False,,,89,2
L4+,"/Users/toddywang/Documents/VsCodeProjects/xmltoexp/ATEPP-1.2/ATEPP-1.2/Wolfgang_Amadeus_Mozart/Piano_Sonata_No._5_in_G_Major,_K._283/I._Allegro/Sonata_No._5_1st_Movement_K._283.mxl",mozart_k283_i,mozart_k283_i,20,451,0.6495603322982788,0.625,0.0,0.0,1,False,,,98,1
L4+,"/Users/toddywang/Documents/VsCodeProjects/xmltoexp/ATEPP-1.2/ATEPP-1.2/Wolfgang_Amadeus_Mozart/Piano_Sonata_No._5_in_G_Major,_K._283/I._Allegro/Sonata_No._5_1st_Movement_K._283.mxl",mozart_k283_i,mozart_k283_i,21,457,0.6406067609786987,0.625,0.0,0.0,1,False,,,100,1
L4+,"/Users/toddywang/Documents/VsCodeProjects/xmltoexp/ATEPP-1.2/ATEPP-1.2/Wolfgang_Amadeus_Mozart/Piano_Sonata_No._5_in_G_Major,_K._283/I._Allegro/Sonata_No._5_1st_Movement_K._283.mxl",mozart_k283_i,mozart_k283_i,22,472,0.6737255454063416,0.625,0.0,0.0,1,False,,,105,1
L4+,"/Users/toddywang/Documents/VsCodeProjects/xmltoexp/ATEPP-1.2/ATEPP-1.2/Wolfgang_Amadeus_Mozart/Piano_Sonata_No._5_in_G_Major,_K._283/I._Allegro/Sonata_No._5_1st_Movement_K._283.mxl",mozart_k283_i,mozart_k283_i,23,518,0.6860646605491638,0.625,0.0,0.0,1,False,,,120,2
L4+,"/Users/toddywang/Documents/VsCodeProjects/xmltoexp/ATEPP-1.2/ATEPP-1.2/Wolfgang_Amadeus_Mozart/Piano_Sonata_No._5_in_G_Major,_K._283/I._Allegro/Sonata_No._5_1st_Movement_K._283.mxl",mozart_k283_i,mozart_k283_i,24,545,0.667752206325531,0.625,0.0,0.0,1,False,,,62,2
L4+,"/Users/toddywang/Documents/VsCodeProjects/xmltoexp/ATEPP-1.2/ATEPP-1.2/Wolfgang_Amadeus_Mozart/Piano_Sonata_No._5_in_G_Major,_K._283/I._Allegro/Sonata_No._5_1st_Movement_K._283.mxl",mozart_k283_i,mozart_k283_i,25,551,0.7046046257019043,0.625,0.0,0.0,1,False,,,64,2
L4+,"/Users/toddywang/Documents/VsCodeProjects/xmltoexp/ATEPP-1.2/ATEPP-1.2/Wolfgang_Amadeus_Mozart/Piano_Sonata_No._5_in_G_Major,_K._283/I._Allegro/Sonata_No._5_1st_Movement_K._283.mxl",mozart_k283_i,mozart_k283_i,26,557,0.739409327507019,0.625,0.0,0.0,1,False,,,66,2
L4+,"/Users/toddywang/Documents/VsCodeProjects/xmltoexp/ATEPP-1.2/ATEPP-1.2/Wolfgang_Amadeus_Mozart/Piano_Sonata_No._5_in_G_Major,_K._283/I._Allegro/Sonata_No._5_1st_Movement_K._283.mxl",mozart_k283_i,mozart_k283_i,27,563,0.678789496421814,0.625,0.0,0.0,1,False,,,68,2
L4+,"/Users/toddywang/Documents/VsCodeProjects/xmltoexp/ATEPP-1.2/ATEPP-1.2/Wolfgang_Amadeus_Mozart/Piano_Sonata_No._5_in_G_Major,_K._283/I._Allegro/Sonata_No._5_1st_Movement_K._283.mxl",mozart_k283_i,mozart_k283_i,28,596,0.6353482007980347,0.625,0.0,0.0,1,False,,,79,2
L4+,"/Users/toddywang/Documents/VsCodeProjects/xmltoexp/ATEPP-1.2/ATEPP-1.2/Wolfgang_Amadeus_Mozart/Piano_Sonata_No._5_in_G_Major,_K._283/I._Allegro/Sonata_No._5_1st_Movement_K._283.mxl",mozart_k283_i,mozart_k283_i,29,608,0.6328884959220886,0.625,0.0,0.0,1,False,,,83,2
L4+,"/Users/toddywang/Documents/VsCodeProjects/xmltoexp/ATEPP-1.2/ATEPP-1.2/Wolfgang_Amadeus_Mozart/Piano_Sonata_No._5_in_G_Major,_K._283/I._Allegro/Sonata_No._5_1st_Movement_K._283.mxl",mozart_k283_i,mozart_k283_i,30,626,0.8719939589500427,0.625,0.0,0.0,1,False,,,89,2
L4+,"/Users/toddywang/Documents/VsCodeProjects/xmltoexp/ATEPP-1.2/ATEPP-1.2/Wolfgang_Amadeus_Mozart/Piano_Sonata_No._5_in_G_Major,_K._283/I._Allegro/Sonata_No._5_1st_Movement_K._283.mxl",mozart_k283_i,mozart_k283_i,31,673,0.6705830693244934,0.625,0.0,0.0,1,False,,,105,1
L5+6,"/Users/toddywang/Documents/VsCodeProjects/xmltoexp/ATEPP-1.2/ATEPP-1.2/Wolfgang_Amadeus_Mozart/Piano_Sonata_No._5_in_G_Major,_K._283/I._Allegro/Sonata_No._5_1st_Movement_K._283.mxl",mozart_k283_i,mozart_k283_i,1,36,0.8191991448402405,0.6000000238418579,0.0,0.0,1,False,,,12,3
L5+6,"/Users/toddywang/Documents/VsCodeProjects/xmltoexp/ATEPP-1.2/ATEPP-1.2/Wolfgang_Amadeus_Mozart/Piano_Sonata_No._5_in_G_Major,_K._283/I._Allegro/Sonata_No._5_1st_Movement_K._283.mxl",mozart_k283_i,mozart_k283_i,2,47,0.6573947668075562,0.6000000238418579,0.0,0.0,1,False,,,16,2
L5+6,"/Users/toddywang/Documents/VsCodeProjects/xmltoexp/ATEPP-1.2/ATEPP-1.2/Wolfgang_Amadeus_Mozart/Piano_Sonata_No._5_in_G_Major,_K._283/I._Allegro/Sonata_No._5_1st_Movement_K._283.mxl",mozart_k283_i,mozart_k283_i,3,53,0.7834348082542419,0.6000000238418579,0.0,0.0,1,False,,,18,2
L5+6,"/Users/toddywang/Documents/VsCodeProjects/xmltoexp/ATEPP-1.2/ATEPP-1.2/Wolfgang_Amadeus_Mozart/Piano_Sonata_No._5_in_G_Major,_K._283/I._Allegro/Sonata_No._5_1st_Movement_K._283.mxl",mozart_k283_i,mozart_k283_i,4,67,0.9075250625610352,0.6000000238418579,0.0,0.0,1,False,,,23,1
L5+6,"/Users/toddywang/Documents/VsCodeProjects/xmltoexp/ATEPP-1.2/ATEPP-1.2/Wolfgang_Amadeus_Mozart/Piano_Sonata_No._5_in_G_Major,_K._283/I._Allegro/Sonata_No._5_1st_Movement_K._283.mxl",mozart_k283_i,mozart_k283_i,5,93,0.838752031326294,0.6000000238418579,0.0,0.0,1,False,,,31,3
L5+6,"/Users/toddywang/Documents/VsCodeProjects/xmltoexp/ATEPP-1.2/ATEPP-1.2/Wolfgang_Amadeus_Mozart/Piano_Sonata_No._5_in_G_Major,_K._283/I._Allegro/Sonata_No._5_1st_Movement_K._283.mxl",mozart_k283_i,mozart_k283_i,6,111,0.7212247848510742,0.6000000238418579,0.0,0.0,1,False,,,37,3
L5+6,"/Users/toddywang/Documents/VsCodeProjects/xmltoexp/ATEPP-1.2/ATEPP-1.2/Wolfgang_Amadeus_Mozart/Piano_Sonata_No._5_in_G_Major,_K._283/I._Allegro/Sonata_No._5_1st_Movement_K._283.mxl",mozart_k283_i,mozart_k283_i,7,158,0.9180778861045837,0.6000000238418579,0.0,0.0,1,False,,,53,2
L5+6,"/Users/toddywang/Documents/VsCodeProjects/xmltoexp/ATEPP-1.2/ATEPP-1.2/Wolfgang_Amadeus_Mozart/Piano_Sonata_No._5_in_G_Major,_K._283/I._Allegro/Sonata_No._5_1st_Movement_K._283.mxl",mozart_k283_i,mozart_k283_i,8,177,0.6173169016838074,0.6000000238418579,0.0,0.0,1,False,,,6,3
L5+6,"/Users/toddywang/Documents/VsCodeProjects/xmltoexp/ATEPP-1.2/ATEPP-1.2/Wolfgang_Amadeus_Mozart/Piano_Sonata_No._5_in_G_Major,_K._283/I._Allegro/Sonata_No._5_1st_Movement_K._283.mxl",mozart_k283_i,mozart_k283_i,9,195,0.823393702507019,0.6000000238418579,0.0,0.0,1,False,,,12,3
L5+6,"/Users/toddywang/Documents/VsCodeProjects/xmltoexp/ATEPP-1.2/ATEPP-1.2/Wolfgang_Amadeus_Mozart/Piano_Sonata_No._5_in_G_Major,_K._283/I._Allegro/Sonata_No._5_1st_Movement_K._283.mxl",mozart_k283_i,mozart_k283_i,10,206,0.631612241268158,0.6000000238418579,0.0,0.0,1,False,,,16,2
L5+6,"/Users/toddywang/Documents/VsCodeProjects/xmltoexp/ATEPP-1.2/ATEPP-1.2/Wolfgang_Amadeus_Mozart/Piano_Sonata_No._5_in_G_Major,_K._283/I._Allegro/Sonata_No._5_1st_Movement_K._283.mxl",mozart_k283_i,mozart_k283_i,11,212,0.772551953792572,0.6000000238418579,0.0,0.0,1,False,,,18,2
L5+6,"/Users/toddywang/Documents/VsCodeProjects/xmltoexp/ATEPP-1.2/ATEPP-1.2/Wolfgang_Amadeus_Mozart/Piano_Sonata_No._5_in_G_Major,_K._283/I._Allegro/Sonata_No._5_1st_Movement_K._283.mxl",mozart_k283_i,mozart_k283_i,12,226,0.904136061668396,0.6000000238418579,0.0,0.0,1,False,,,23,1
L5+6,"/Users/toddywang/Documents/VsCodeProjects/xmltoexp/ATEPP-1.2/ATEPP-1.2/Wolfgang_Amadeus_Mozart/Piano_Sonata_No._5_in_G_Major,_K._283/I._Allegro/Sonata_No._5_1st_Movement_K._283.mxl",mozart_k283_i,mozart_k283_i,13,252,0.8086337447166443,0.6000000238418579,0.0,0.0,1,False,,,31,3
L5+6,"/Users/toddywang/Documents/VsCodeProjects/xmltoexp/ATEPP-1.2/ATEPP-1.2/Wolfgang_Amadeus_Mozart/Piano_Sonata_No._5_in_G_Major,_K._283/I._Allegro/Sonata_No._5_1st_Movement_K._283.mxl",mozart_k283_i,mozart_k283_i,14,271,0.6437990069389343,0.6000000238418579,0.0,0.0,1,False,,,38,1
L5+6,"/Users/toddywang/Documents/VsCodeProjects/xmltoexp/ATEPP-1.2/ATEPP-1.2/Wolfgang_Amadeus_Mozart/Piano_Sonata_No._5_in_G_Major,_K._283/I._Allegro/Sonata_No._5_1st_Movement_K._283.mxl",mozart_k283_i,mozart_k283_i,15,291,0.6199719309806824,0.6000000238418579,0.0,0.0,1,False,,,44,3
L5+6,"/Users/toddywang/Documents/VsCodeProjects/xmltoexp/ATEPP-1.2/ATEPP-1.2/Wolfgang_Amadeus_Mozart/Piano_Sonata_No._5_in_G_Major,_K._283/I._Allegro/Sonata_No._5_1st_Movement_K._283.mxl",mozart_k283_i,mozart_k283_i,16,320,0.7763687968254089,0.6000000238418579,0.0,0.0,1,False,,,54,2
L5+6,"/Users/toddywang/Documents/VsCodeProjects/xmltoexp/ATEPP-1.2/ATEPP-1.2/Wolfgang_Amadeus_Mozart/Piano_Sonata_No._5_in_G_Major,_K._283/I._Allegro/Sonata_No._5_1st_Movement_K._283.mxl",mozart_k283_i,mozart_k283_i,17,343,0.9357976317405701,0.6000000238418579,0.0,0.0,1,False,,,62,1
L5+6,"/Users/toddywang/Documents/VsCodeProjects/xmltoexp/ATEPP-1.2/ATEPP-1.2/Wolfgang_Amadeus_Mozart/Piano_Sonata_No._5_in_G_Major,_K._283/I._Allegro/Sonata_No._5_1st_Movement_K._283.mxl",mozart_k283_i,mozart_k283_i,18,349,0.9582797288894653,0.6000000238418579,0.0,0.0,1,False,,,64,1
L5+6,"/Users/toddywang/Documents/VsCodeProjects/xmltoexp/ATEPP-1.2/ATEPP-1.2/Wolfgang_Amadeus_Mozart/Piano_Sonata_No._5_in_G_Major,_K._283/I._Allegro/Sonata_No._5_1st_Movement_K._283.mxl",mozart_k283_i,mozart_k283_i,19,355,0.9575240612030029,0.6000000238418579,0.0,0.0,1,False,,,66,1
L5+6,"/Users/toddywang/Documents/VsCodeProjects/xmltoexp/ATEPP-1.2/ATEPP-1.2/Wolfgang_Amadeus_Mozart/Piano_Sonata_No._5_in_G_Major,_K._283/I._Allegro/Sonata_No._5_1st_Movement_K._283.mxl",mozart_k283_i,mozart_k283_i,20,362,0.8519924879074097,0.6000000238418579,0.0,0.0,1,False,,,68,2
L5+6,"/Users/toddywang/Documents/VsCodeProjects/xmltoexp/ATEPP-1.2/ATEPP-1.2/Wolfgang_Amadeus_Mozart/Piano_Sonata_No._5_in_G_Major,_K._283/I._Allegro/Sonata_No._5_1st_Movement_K._283.mxl",mozart_k283_i,mozart_k283_i,21,368,0.8006424307823181,0.6000000238418579,0.0,0.0,1,False,,,70,2
L5+6,"/Users/toddywang/Documents/VsCodeProjects/xmltoexp/ATEPP-1.2/ATEPP-1.2/Wolfgang_Amadeus_Mozart/Piano_Sonata_No._5_in_G_Major,_K._283/I._Allegro/Sonata_No._5_1st_Movement_K._283.mxl",mozart_k283_i,mozart_k283_i,22,385,0.6580030918121338,0.6000000238418579,0.0,0.0,1,False,,,76,1
L5+6,"/Users/toddywang/Documents/VsCodeProjects/xmltoexp/ATEPP-1.2/ATEPP-1.2/Wolfgang_Amadeus_Mozart/Piano_Sonata_No._5_in_G_Major,_K._283/I._Allegro/Sonata_No._5_1st_Movement_K._283.mxl",mozart_k283_i,mozart_k283_i,23,397,0.8457230925559998,0.6000000238418579,0.0,0.0,1,False,,,80,1
L5+6,"/Users/toddywang/Documents/VsCodeProjects/xmltoexp/ATEPP-1.2/ATEPP-1.2/Wolfgang_Amadeus_Mozart/Piano_Sonata_No._5_in_G_Major,_K._283/I._Allegro/Sonata_No._5_1st_Movement_K._283.mxl",mozart_k283_i,mozart_k283_i,24,407,0.8314459919929504,0.6000000238418579,0.0,0.0,1,False,,,83,2
L5+6,"/Users/toddywang/Documents/VsCodeProjects/xmltoexp/ATEPP-1.2/ATEPP-1.2/Wolfgang_Amadeus_Mozart/Piano_Sonata_No._5_in_G_Major,_K._283/I._Allegro/Sonata_No._5_1st_Movement_K._283.mxl",mozart_k283_i,mozart_k283_i,25,413,0.7330849170684814,0.6000000238418579,0.0,0.0,1,False,,,85,2
L5+6,"/Users/toddywang/Documents/VsCodeProjects/xmltoexp/ATEPP-1.2/ATEPP-1.2/Wolfgang_Amadeus_Mozart/Piano_Sonata_No._5_in_G_Major,_K._283/I._Allegro/Sonata_No._5_1st_Movement_K._283.mxl",mozart_k283_i,mozart_k283_i,26,427,0.8876018524169922,0.6000000238418579,0.0,0.0,1,False,,,90,1
L5+6,"/Users/toddywang/Documents/VsCodeProjects/xmltoexp/ATEPP-1.2/ATEPP-1.2/Wolfgang_Amadeus_Mozart/Piano_Sonata_No._5_in_G_Major,_K._283/I._Allegro/Sonata_No._5_1st_Movement_K._283.mxl",mozart_k283_i,mozart_k283_i,27,451,0.8864667415618896,0.6000000238418579,0.0,0.0,1,False,,,98,1
L5+6,"/Users/toddywang/Documents/VsCodeProjects/xmltoexp/ATEPP-1.2/ATEPP-1.2/Wolfgang_Amadeus_Mozart/Piano_Sonata_No._5_in_G_Major,_K._283/I._Allegro/Sonata_No._5_1st_Movement_K._283.mxl",mozart_k283_i,mozart_k283_i,28,457,0.8135812282562256,0.6000000238418579,0.0,0.0,1,False,,,100,1
L5+6,"/Users/toddywang/Documents/VsCodeProjects/xmltoexp/ATEPP-1.2/ATEPP-1.2/Wolfgang_Amadeus_Mozart/Piano_Sonata_No._5_in_G_Major,_K._283/I._Allegro/Sonata_No._5_1st_Movement_K._283.mxl",mozart_k283_i,mozart_k283_i,29,471,0.8186336755752563,0.6000000238418579,0.0,0.0,1,False,,,104,3
L5+6,"/Users/toddywang/Documents/VsCodeProjects/xmltoexp/ATEPP-1.2/ATEPP-1.2/Wolfgang_Amadeus_Mozart/Piano_Sonata_No._5_in_G_Major,_K._283/I._Allegro/Sonata_No._5_1st_Movement_K._283.mxl",mozart_k283_i,mozart_k283_i,30,521,0.81678706407547,0.6000000238418579,0.0,0.0,1,False,,,54,2
L5+6,"/Users/toddywang/Documents/VsCodeProjects/xmltoexp/ATEPP-1.2/ATEPP-1.2/Wolfgang_Amadeus_Mozart/Piano_Sonata_No._5_in_G_Major,_K._283/I._Allegro/Sonata_No._5_1st_Movement_K._283.mxl",mozart_k283_i,mozart_k283_i,31,544,0.9308003187179565,0.6000000238418579,0.0,0.0,1,False,,,62,1
L5+6,"/Users/toddywang/Documents/VsCodeProjects/xmltoexp/ATEPP-1.2/ATEPP-1.2/Wolfgang_Amadeus_Mozart/Piano_Sonata_No._5_in_G_Major,_K._283/I._Allegro/Sonata_No._5_1st_Movement_K._283.mxl",mozart_k283_i,mozart_k283_i,32,550,0.9392926096916199,0.6000000238418579,0.0,0.0,1,False,,,64,1
L5+6,"/Users/toddywang/Documents/VsCodeProjects/xmltoexp/ATEPP-1.2/ATEPP-1.2/Wolfgang_Amadeus_Mozart/Piano_Sonata_No._5_in_G_Major,_K._283/I._Allegro/Sonata_No._5_1st_Movement_K._283.mxl",mozart_k283_i,mozart_k283_i,33,556,0.9547715187072754,0.6000000238418579,0.0,0.0,1,False,,,66,1
L5+6,"/Users/toddywang/Documents/VsCodeProjects/xmltoexp/ATEPP-1.2/ATEPP-1.2/Wolfgang_Amadeus_Mozart/Piano_Sonata_No._5_in_G_Major,_K._283/I._Allegro/Sonata_No._5_1st_Movement_K._283.mxl",mozart_k283_i,mozart_k283_i,34,563,0.8295972943305969,0.6000000238418579,0.0,0.0,1,False,,,68,2
L5+6,"/Users/toddywang/Documents/VsCodeProjects/xmltoexp/ATEPP-1.2/ATEPP-1.2/Wolfgang_Amadeus_Mozart/Piano_Sonata_No._5_in_G_Major,_K._283/I._Allegro/Sonata_No._5_1st_Movement_K._283.mxl",mozart_k283_i,mozart_k283_i,35,569,0.8160210251808167,0.6000000238418579,0.0,0.0,1,False,,,70,2
L5+6,"/Users/toddywang/Documents/VsCodeProjects/xmltoexp/ATEPP-1.2/ATEPP-1.2/Wolfgang_Amadeus_Mozart/Piano_Sonata_No._5_in_G_Major,_K._283/I._Allegro/Sonata_No._5_1st_Movement_K._283.mxl",mozart_k283_i,mozart_k283_i,36,598,0.8202406167984009,0.6000000238418579,0.0,0.0,1,False,,,80,1
L5+6,"/Users/toddywang/Documents/VsCodeProjects/xmltoexp/ATEPP-1.2/ATEPP-1.2/Wolfgang_Amadeus_Mozart/Piano_Sonata_No._5_in_G_Major,_K._283/I._Allegro/Sonata_No._5_1st_Movement_K._283.mxl",mozart_k283_i,mozart_k283_i,37,608,0.7840561866760254,0.6000000238418579,0.0,0.0,1,False,,,83,2
L5+6,"/Users/toddywang/Documents/VsCodeProjects/xmltoexp/ATEPP-1.2/ATEPP-1.2/Wolfgang_Amadeus_Mozart/Piano_Sonata_No._5_in_G_Major,_K._283/I._Allegro/Sonata_No._5_1st_Movement_K._283.mxl",mozart_k283_i,mozart_k283_i,38,614,0.7387585639953613,0.6000000238418579,0.0,0.0,1,False,,,85,2
L5+6,"/Users/toddywang/Documents/VsCodeProjects/xmltoexp/ATEPP-1.2/ATEPP-1.2/Wolfgang_Amadeus_Mozart/Piano_Sonata_No._5_in_G_Major,_K._283/I._Allegro/Sonata_No._5_1st_Movement_K._283.mxl",mozart_k283_i,mozart_k283_i,39,628,0.8649372458457947,0.6000000238418579,0.0,0.0,1,False,,,90,1
L5+6,"/Users/toddywang/Documents/VsCodeProjects/xmltoexp/ATEPP-1.2/ATEPP-1.2/Wolfgang_Amadeus_Mozart/Piano_Sonata_No._5_in_G_Major,_K._283/I._Allegro/Sonata_No._5_1st_Movement_K._283.mxl",mozart_k283_i,mozart_k283_i,40,651,0.8714083433151245,0.6000000238418579,0.0,0.0,1,False,,,97,3
L5+6,"/Users/toddywang/Documents/VsCodeProjects/xmltoexp/ATEPP-1.2/ATEPP-1.2/Wolfgang_Amadeus_Mozart/Piano_Sonata_No._5_in_G_Major,_K._283/I._Allegro/Sonata_No._5_1st_Movement_K._283.mxl",mozart_k283_i,mozart_k283_i,41,658,0.7651456594467163,0.6000000238418579,0.0,0.0,1,False,,,100,1
L5+6,"/Users/toddywang/Documents/VsCodeProjects/xmltoexp/ATEPP-1.2/ATEPP-1.2/Wolfgang_Amadeus_Mozart/Piano_Sonata_No._5_in_G_Major,_K._283/I._Allegro/Sonata_No._5_1st_Movement_K._283.mxl",mozart_k283_i,mozart_k283_i,42,672,0.7750064730644226,0.6000000238418579,0.0,0.0,1,False,,,104,3
