level_label,source_score_path,sample_id,piece_id,event_rank,beat_idx,detector_score,threshold,union_target_at_beat,frequency_target_at_beat,performer_count,matched_union,match_offset,matched_true_beat_idx,measure_number,beat_in_measure
L1+,"/Users/toddywang/Documents/VsCodeProjects/xmltoexp/ATEPP-1.2/ATEPP-1.2/Ludwig_van_Beethoven/Piano_Sonata_No._8_in_C_Minor,_Op._13_""Pathétique""/II._Adagio_cantabile/musicxml_cleaned.musicxml",beethoven_pathetique_ii,beethoven_pathetique_ii,1,1,0.396267294883728,0.1500000008722631,0.0,0.0,1,False,,,1,2
L1+,"/Users/toddywang/Documents/VsCodeProjects/xmltoexp/ATEPP-1.2/ATEPP-1.2/Ludwig_van_Beethoven/Piano_Sonata_No._8_in_C_Minor,_Op._13_""Pathétique""/II._Adagio_cantabile/musicxml_cleaned.musicxml",beethoven_pathetique_ii,beethoven_pathetique_ii,2,7,0.5466077923774719,0.1500000008722631,0.0,0.0,1,False,,,4,2
L1+,"/Users/toddywang/Documents/VsCodeProjects/xmltoexp/ATEPP-1.2/ATEPP-1.2/Ludwig_van_Beethoven/Piano_Sonata_No._8_in_C_Minor,_Op._13_""Pathétique""/II._Adagio_cantabile/musicxml_cleaned.musicxml",beethoven_pathetique_ii,beethoven_pathetique_ii,3,13,0.6337201595306396,0.1500000008722631,0.0,0.0,1,False,,,7,2
L1+,"/Users/toddywang/Documents/VsCodeProjects/xmltoexp/ATEPP-1.2/ATEPP-1.2/Ludwig_van_Beethoven/Piano_Sonata_No._8_in_C_Minor,_Op._13_""Pathétique""/II._Adagio_cantabile/musicxml_cleaned.musicxml",beethoven_pathetique_ii,beethoven_pathetique_ii,4,23,0.5757565498352051,0.1500000008722631,0.0,0.0,1,False,,,12,2
L1+,"/Users/toddywang/Documents/VsCodeProjects/xmltoexp/ATEPP-1.2/ATEPP-1.2/Ludwig_van_Beethoven/Piano_Sonata_No._8_in_C_Minor,_Op._13_""Pathétique""/II._Adagio_cantabile/musicxml_cleaned.musicxml",beethoven_pathetique_ii,beethoven_pathetique_ii,5,32,0.7307252883911133,0.1500000008722631,0.0,0.0,1,False,,,17,1
L1+,"/Users/toddywang/Documents/VsCodeProjects/xmltoexp/ATEPP-1.2/ATEPP-1.2/Ludwig_van_Beethoven/Piano_Sonata_No._8_in_C_Minor,_Op._13_""Pathétique""/II._Adagio_cantabile/musicxml_cleaned.musicxml",beethoven_pathetique_ii,beethoven_pathetique_ii,6,39,0.46133366227149963,0.1500000008722631,0.0,0.0,1,False,,,20,2
L1+,"/Users/toddywang/Documents/VsCodeProjects/xmltoexp/ATEPP-1.2/ATEPP-1.2/Ludwig_van_Beethoven/Piano_Sonata_No._8_in_C_Minor,_Op._13_""Pathétique""/II._Adagio_cantabile/musicxml_cleaned.musicxml",beethoven_pathetique_ii,beethoven_pathetique_ii,7,45,0.6146899461746216,0.1500000008722631,0.0,0.0,1,False,,,23,2
L1+,"/Users/toddywang/Documents/VsCodeProjects/xmltoexp/ATEPP-1.2/ATEPP-1.2/Ludwig_van_Beethoven/Piano_Sonata_No._8_in_C_Minor,_Op._13_""Pathétique""/II._Adagio_cantabile/musicxml_cleaned.musicxml",beethoven_pathetique_ii,beethoven_pathetique_ii,8,53,0.6106603145599365,0.1500000008722631,0.0,0.0,1,False,,,27,2
L1+,"/Users/toddywang/Documents/VsCodeProjects/xmltoexp/ATEPP-1.2/ATEPP-1.2/Ludwig_van_Beethoven/Piano_Sonata_No._8_in_C_Minor,_Op._13_""Pathétique""/II._Adagio_cantabile/musicxml_cleaned.musicxml",beethoven_pathetique_ii,beethoven_pathetique_ii,9,59,0.5885668396949768,0.1500000008722631,0.0,0.0,1,False,,,30,2
L1+,"/Users/toddywang/Documents/VsCodeProjects/xmltoexp/ATEPP-1.2/ATEPP-1.2/Ludwig_van_Beethoven/Piano_Sonata_No._8_in_C_Minor,_Op._13_""Pathétique""/II._Adagio_cantabile/musicxml_cleaned.musicxml",beethoven_pathetique_ii,beethoven_pathetique_ii,10,65,0.5012505650520325,0.1500000008722631,0.0,0.0,1,False,,,33,2
L1+,"/Users/toddywang/Documents/VsCodeProjects/xmltoexp/ATEPP-1.2/ATEPP-1.2/Ludwig_van_Beethoven/Piano_Sonata_No._8_in_C_Minor,_Op._13_""Pathétique""/II._Adagio_cantabile/musicxml_cleaned.musicxml",beethoven_pathetique_ii,beethoven_pathetique_ii,11,71,0.6602084636688232,0.1500000008722631,0.0,0.0,1,False,,,36,2
L1+,"/Users/toddywang/Documents/VsCodeProjects/xmltoexp/ATEPP-1.2/ATEPP-1.2/Ludwig_van_Beethoven/Piano_Sonata_No._8_in_C_Minor,_Op._13_""Pathétique""/II._Adagio_cantabile/musicxml_cleaned.musicxml",beethoven_pathetique_ii,beethoven_pathetique_ii,12,77,0.5577648878097534,0.1500000008722631,0.0,0.0,1,False,,,39,2
L1+,"/Users/toddywang/Documents/VsCodeProjects/xmltoexp/ATEPP-1.2/ATEPP-1.2/Ludwig_van_Beethoven/Piano_Sonata_No._8_in_C_Minor,_Op._13_""Pathétique""/II._Adagio_cantabile/musicxml_cleaned.musicxml",beethoven_pathetique_ii,beethoven_pathetique_ii,13,87,0.6242955327033997,0.1500000008722631,0.0,0.0,1,False,,,44,2
L1+,"/Users/toddywang/Documents/VsCodeProjects/xmltoexp/ATEPP-1.2/ATEPP-1.2/Ludwig_van_Beethoven/Piano_Sonata_No._8_in_C_Minor,_Op._13_""Pathétique""/II._Adagio_cantabile/musicxml_cleaned.musicxml",beethoven_pathetique_ii,beethoven_pathetique_ii,14,94,0.6225788593292236,0.1500000008722631,0.0,0.0,1,False,,,48,1
L1+,"/Users/toddywang/Documents/VsCodeProjects/xmltoexp/ATEPP-1.2/ATEPP-1.2/Ludwig_van_Beethoven/Piano_Sonata_No._8_in_C_Minor,_Op._13_""Pathétique""/II._Adagio_cantabile/musicxml_cleaned.musicxml",beethoven_pathetique_ii,beethoven_pathetique_ii,15,107,0.6189130544662476,0.1500000008722631,0.0,0.0,1,False,,,54,2
L1+,"/Users/toddywang/Documents/VsCodeProjects/xmltoexp/ATEPP-1.2/ATEPP-1.2/Ludwig_van_Beethoven/Piano_Sonata_No._8_in_C_Minor,_Op._13_""Pathétique""/II._Adagio_cantabile/musicxml_cleaned.musicxml",beethoven_pathetique_ii,beethoven_pathetique_ii,16,116,0.6326552033424377,0.1500000008722631,0.0,0.0,1,False,,,59,1
L1+,"/Users/toddywang/Documents/VsCodeProjects/xmltoexp/ATEPP-1.2/ATEPP-1.2/Ludwig_van_Beethoven/Piano_Sonata_No._8_in_C_Minor,_Op._13_""Pathétique""/II._Adagio_cantabile/musicxml_cleaned.musicxml",beethoven_pathetique_ii,beethoven_pathetique_ii,17,124,0.6412313580513,0.1500000008722631,0.0,0.0,1,False,,,63,1
L1+,"/Users/toddywang/Documents/VsCodeProjects/xmltoexp/ATEPP-1.2/ATEPP-1.2/Ludwig_van_Beethoven/Piano_Sonata_No._8_in_C_Minor,_Op._13_""Pathétique""/II._Adagio_cantabile/musicxml_cleaned.musicxml",beethoven_pathetique_ii,beethoven_pathetique_ii,18,131,0.668404757976532,0.1500000008722631,0.0,0.0,1,False,,,66,2
L1+,"/Users/toddywang/Documents/VsCodeProjects/xmltoexp/ATEPP-1.2/ATEPP-1.2/Ludwig_van_Beethoven/Piano_Sonata_No._8_in_C_Minor,_Op._13_""Pathétique""/II._Adagio_cantabile/musicxml_cleaned.musicxml",beethoven_pathetique_ii,beethoven_pathetique_ii,19,140,0.5305789113044739,0.1500000008722631,0.0,0.0,1,False,,,71,1
L2+,"/Users/toddywang/Documents/VsCodeProjects/xmltoexp/ATEPP-1.2/ATEPP-1.2/Ludwig_van_Beethoven/Piano_Sonata_No._8_in_C_Minor,_Op._13_""Pathétique""/II._Adagio_cantabile/musicxml_cleaned.musicxml",beethoven_pathetique_ii,beethoven_pathetique_ii,1,1,0.3787245452404022,0.2884146338555871,0.0,0.0,1,False,,,1,2
L2+,"/Users/toddywang/Documents/VsCodeProjects/xmltoexp/ATEPP-1.2/ATEPP-1.2/Ludwig_van_Beethoven/Piano_Sonata_No._8_in_C_Minor,_Op._13_""Pathétique""/II._Adagio_cantabile/musicxml_cleaned.musicxml",beethoven_pathetique_ii,beethoven_pathetique_ii,2,7,0.5277822017669678,0.2884146338555871,0.0,0.0,1,False,,,4,2
L2+,"/Users/toddywang/Documents/VsCodeProjects/xmltoexp/ATEPP-1.2/ATEPP-1.2/Ludwig_van_Beethoven/Piano_Sonata_No._8_in_C_Minor,_Op._13_""Pathétique""/II._Adagio_cantabile/musicxml_cleaned.musicxml",beethoven_pathetique_ii,beethoven_pathetique_ii,3,13,0.6217458844184875,0.2884146338555871,0.0,0.0,1,False,,,7,2
L2+,"/Users/toddywang/Documents/VsCodeProjects/xmltoexp/ATEPP-1.2/ATEPP-1.2/Ludwig_van_Beethoven/Piano_Sonata_No._8_in_C_Minor,_Op._13_""Pathétique""/II._Adagio_cantabile/musicxml_cleaned.musicxml",beethoven_pathetique_ii,beethoven_pathetique_ii,4,23,0.5664149522781372,0.2884146338555871,0.0,0.0,1,False,,,12,2
L2+,"/Users/toddywang/Documents/VsCodeProjects/xmltoexp/ATEPP-1.2/ATEPP-1.2/Ludwig_van_Beethoven/Piano_Sonata_No._8_in_C_Minor,_Op._13_""Pathétique""/II._Adagio_cantabile/musicxml_cleaned.musicxml",beethoven_pathetique_ii,beethoven_pathetique_ii,5,32,0.7436802983283997,0.2884146338555871,0.0,0.0,1,False,,,17,1
L2+,"/Users/toddywang/Documents/VsCodeProjects/xmltoexp/ATEPP-1.2/ATEPP-1.2/Ludwig_van_Beethoven/Piano_Sonata_No._8_in_C_Minor,_Op._13_""Pathétique""/II._Adagio_cantabile/musicxml_cleaned.musicxml",beethoven_pathetique_ii,beethoven_pathetique_ii,6,39,0.41268354654312134,0.2884146338555871,0.0,0.0,1,False,,,20,2
L2+,"/Users/toddywang/Documents/VsCodeProjects/xmltoexp/ATEPP-1.2/ATEPP-1.2/Ludwig_van_Beethoven/Piano_Sonata_No._8_in_C_Minor,_Op._13_""Pathétique""/II._Adagio_cantabile/musicxml_cleaned.musicxml",beethoven_pathetique_ii,beethoven_pathetique_ii,7,45,0.6041282415390015,0.2884146338555871,0.0,0.0,1,False,,,23,2
L2+,"/Users/toddywang/Documents/VsCodeProjects/xmltoexp/ATEPP-1.2/ATEPP-1.2/Ludwig_van_Beethoven/Piano_Sonata_No._8_in_C_Minor,_Op._13_""Pathétique""/II._Adagio_cantabile/musicxml_cleaned.musicxml",beethoven_pathetique_ii,beethoven_pathetique_ii,8,53,0.5783616900444031,0.2884146338555871,0.0,0.0,1,False,,,27,2
L2+,"/Users/toddywang/Documents/VsCodeProjects/xmltoexp/ATEPP-1.2/ATEPP-1.2/Ludwig_van_Beethoven/Piano_Sonata_No._8_in_C_Minor,_Op._13_""Pathétique""/II._Adagio_cantabile/musicxml_cleaned.musicxml",beethoven_pathetique_ii,beethoven_pathetique_ii,9,59,0.566626250743866,0.2884146338555871,0.0,0.0,1,False,,,30,2
L2+,"/Users/toddywang/Documents/VsCodeProjects/xmltoexp/ATEPP-1.2/ATEPP-1.2/Ludwig_van_Beethoven/Piano_Sonata_No._8_in_C_Minor,_Op._13_""Pathétique""/II._Adagio_cantabile/musicxml_cleaned.musicxml",beethoven_pathetique_ii,beethoven_pathetique_ii,10,65,0.4753386974334717,0.2884146338555871,0.0,0.0,1,False,,,33,2
L2+,"/Users/toddywang/Documents/VsCodeProjects/xmltoexp/ATEPP-1.2/ATEPP-1.2/Ludwig_van_Beethoven/Piano_Sonata_No._8_in_C_Minor,_Op._13_""Pathétique""/II._Adagio_cantabile/musicxml_cleaned.musicxml",beethoven_pathetique_ii,beethoven_pathetique_ii,11,71,0.6361919641494751,0.2884146338555871,0.0,0.0,1,False,,,36,2
L2+,"/Users/toddywang/Documents/VsCodeProjects/xmltoexp/ATEPP-1.2/ATEPP-1.2/Ludwig_van_Beethoven/Piano_Sonata_No._8_in_C_Minor,_Op._13_""Pathétique""/II._Adagio_cantabile/musicxml_cleaned.musicxml",beethoven_pathetique_ii,beethoven_pathetique_ii,12,77,0.5150979161262512,0.2884146338555871,0.0,0.0,1,False,,,39,2
L2+,"/Users/toddywang/Documents/VsCodeProjects/xmltoexp/ATEPP-1.2/ATEPP-1.2/Ludwig_van_Beethoven/Piano_Sonata_No._8_in_C_Minor,_Op._13_""Pathétique""/II._Adagio_cantabile/musicxml_cleaned.musicxml",beethoven_pathetique_ii,beethoven_pathetique_ii,13,87,0.6050047874450684,0.2884146338555871,0.0,0.0,1,False,,,44,2
L2+,"/Users/toddywang/Documents/VsCodeProjects/xmltoexp/ATEPP-1.2/ATEPP-1.2/Ludwig_van_Beethoven/Piano_Sonata_No._8_in_C_Minor,_Op._13_""Pathétique""/II._Adagio_cantabile/musicxml_cleaned.musicxml",beethoven_pathetique_ii,beethoven_pathetique_ii,14,94,0.5893495082855225,0.2884146338555871,0.0,0.0,1,False,,,48,1
L2+,"/Users/toddywang/Documents/VsCodeProjects/xmltoexp/ATEPP-1.2/ATEPP-1.2/Ludwig_van_Beethoven/Piano_Sonata_No._8_in_C_Minor,_Op._13_""Pathétique""/II._Adagio_cantabile/musicxml_cleaned.musicxml",beethoven_pathetique_ii,beethoven_pathetique_ii,15,101,0.5368077754974365,0.2884146338555871,0.0,0.0,1,False,,,51,2
L2+,"/Users/toddywang/Documents/VsCodeProjects/xmltoexp/ATEPP-1.2/ATEPP-1.2/Ludwig_van_Beethoven/Piano_Sonata_No._8_in_C_Minor,_Op._13_""Pathétique""/II._Adagio_cantabile/musicxml_cleaned.musicxml",beethoven_pathetique_ii,beethoven_pathetique_ii,16,107,0.6052165627479553,0.2884146338555871,0.0,0.0,1,False,,,54,2
L2+,"/Users/toddywang/Documents/VsCodeProjects/xmltoexp/ATEPP-1.2/ATEPP-1.2/Ludwig_van_Beethoven/Piano_Sonata_No._8_in_C_Minor,_Op._13_""Pathétique""/II._Adagio_cantabile/musicxml_cleaned.musicxml",beethoven_pathetique_ii,beethoven_pathetique_ii,17,116,0.5970297455787659,0.2884146338555871,0.0,0.0,1,False,,,59,1
L2+,"/Users/toddywang/Documents/VsCodeProjects/xmltoexp/ATEPP-1.2/ATEPP-1.2/Ludwig_van_Beethoven/Piano_Sonata_No._8_in_C_Minor,_Op._13_""Pathétique""/II._Adagio_cantabile/musicxml_cleaned.musicxml",beethoven_pathetique_ii,beethoven_pathetique_ii,18,122,0.6275781393051147,0.2884146338555871,0.0,0.0,1,False,,,62,1
L2+,"/Users/toddywang/Documents/VsCodeProjects/xmltoexp/ATEPP-1.2/ATEPP-1.2/Ludwig_van_Beethoven/Piano_Sonata_No._8_in_C_Minor,_Op._13_""Pathétique""/II._Adagio_cantabile/musicxml_cleaned.musicxml",beethoven_pathetique_ii,beethoven_pathetique_ii,19,131,0.6313489079475403,0.2884146338555871,0.0,0.0,1,False,,,66,2
L2+,"/Users/toddywang/Documents/VsCodeProjects/xmltoexp/ATEPP-1.2/ATEPP-1.2/Ludwig_van_Beethoven/Piano_Sonata_No._8_in_C_Minor,_Op._13_""Pathétique""/II._Adagio_cantabile/musicxml_cleaned.musicxml",beethoven_pathetique_ii,beethoven_pathetique_ii,20,137,0.4724572002887726,0.2884146338555871,0.0,0.0,1,False,,,69,2
L2+,"/Users/toddywang/Documents/VsCodeProjects/xmltoexp/ATEPP-1.2/ATEPP-1.2/Ludwig_van_Beethoven/Piano_Sonata_No._8_in_C_Minor,_Op._13_""Pathétique""/II._Adagio_cantabile/musicxml_cleaned.musicxml",beethoven_pathetique_ii,beethoven_pathetique_ii,21,143,0.3571183383464813,0.2884146338555871,0.0,0.0,1,False,,,72,2
L3+,"/Users/toddywang/Documents/VsCodeProjects/xmltoexp/ATEPP-1.2/ATEPP-1.2/Ludwig_van_Beethoven/Piano_Sonata_No._8_in_C_Minor,_Op._13_""Pathétique""/II._Adagio_cantabile/musicxml_cleaned.musicxml",beethoven_pathetique_ii,beethoven_pathetique_ii,1,13,0.6317053437232971,0.573170728254609,0.0,0.0,1,False,,,7,2
L3+,"/Users/toddywang/Documents/VsCodeProjects/xmltoexp/ATEPP-1.2/ATEPP-1.2/Ludwig_van_Beethoven/Piano_Sonata_No._8_in_C_Minor,_Op._13_""Pathétique""/II._Adagio_cantabile/musicxml_cleaned.musicxml",beethoven_pathetique_ii,beethoven_pathetique_ii,2,25,0.6015600562095642,0.573170728254609,0.0,0.0,1,False,,,13,2
L3+,"/Users/toddywang/Documents/VsCodeProjects/xmltoexp/ATEPP-1.2/ATEPP-1.2/Ludwig_van_Beethoven/Piano_Sonata_No._8_in_C_Minor,_Op._13_""Pathétique""/II._Adagio_cantabile/musicxml_cleaned.musicxml",beethoven_pathetique_ii,beethoven_pathetique_ii,3,32,0.7239504456520081,0.573170728254609,0.0,0.0,1,False,,,17,1
L3+,"/Users/toddywang/Documents/VsCodeProjects/xmltoexp/ATEPP-1.2/ATEPP-1.2/Ludwig_van_Beethoven/Piano_Sonata_No._8_in_C_Minor,_Op._13_""Pathétique""/II._Adagio_cantabile/musicxml_cleaned.musicxml",beethoven_pathetique_ii,beethoven_pathetique_ii,4,45,0.6451559662818909,0.573170728254609,0.0,0.0,1,False,,,23,2
L3+,"/Users/toddywang/Documents/VsCodeProjects/xmltoexp/ATEPP-1.2/ATEPP-1.2/Ludwig_van_Beethoven/Piano_Sonata_No._8_in_C_Minor,_Op._13_""Pathétique""/II._Adagio_cantabile/musicxml_cleaned.musicxml",beethoven_pathetique_ii,beethoven_pathetique_ii,5,53,0.5948653817176819,0.573170728254609,0.0,0.0,1,False,,,27,2
L3+,"/Users/toddywang/Documents/VsCodeProjects/xmltoexp/ATEPP-1.2/ATEPP-1.2/Ludwig_van_Beethoven/Piano_Sonata_No._8_in_C_Minor,_Op._13_""Pathétique""/II._Adagio_cantabile/musicxml_cleaned.musicxml",beethoven_pathetique_ii,beethoven_pathetique_ii,6,71,0.6400648951530457,0.573170728254609,0.0,0.0,1,False,,,36,2
L3+,"/Users/toddywang/Documents/VsCodeProjects/xmltoexp/ATEPP-1.2/ATEPP-1.2/Ludwig_van_Beethoven/Piano_Sonata_No._8_in_C_Minor,_Op._13_""Pathétique""/II._Adagio_cantabile/musicxml_cleaned.musicxml",beethoven_pathetique_ii,beethoven_pathetique_ii,7,88,0.6155864596366882,0.573170728254609,0.0,0.0,1,False,,,45,1
L3+,"/Users/toddywang/Documents/VsCodeProjects/xmltoexp/ATEPP-1.2/ATEPP-1.2/Ludwig_van_Beethoven/Piano_Sonata_No._8_in_C_Minor,_Op._13_""Pathétique""/II._Adagio_cantabile/musicxml_cleaned.musicxml",beethoven_pathetique_ii,beethoven_pathetique_ii,8,94,0.6143041253089905,0.573170728254609,0.0,0.0,1,False,,,48,1
L3+,"/Users/toddywang/Documents/VsCodeProjects/xmltoexp/ATEPP-1.2/ATEPP-1.2/Ludwig_van_Beethoven/Piano_Sonata_No._8_in_C_Minor,_Op._13_""Pathétique""/II._Adagio_cantabile/musicxml_cleaned.musicxml",beethoven_pathetique_ii,beethoven_pathetique_ii,9,109,0.6057962775230408,0.573170728254609,0.0,0.0,1,False,,,55,2
L3+,"/Users/toddywang/Documents/VsCodeProjects/xmltoexp/ATEPP-1.2/ATEPP-1.2/Ludwig_van_Beethoven/Piano_Sonata_No._8_in_C_Minor,_Op._13_""Pathétique""/II._Adagio_cantabile/musicxml_cleaned.musicxml",beethoven_pathetique_ii,beethoven_pathetique_ii,10,116,0.6489651799201965,0.573170728254609,0.0,0.0,1,False,,,59,1
L3+,"/Users/toddywang/Documents/VsCodeProjects/xmltoexp/ATEPP-1.2/ATEPP-1.2/Ludwig_van_Beethoven/Piano_Sonata_No._8_in_C_Minor,_Op._13_""Pathétique""/II._Adagio_cantabile/musicxml_cleaned.musicxml",beethoven_pathetique_ii,beethoven_pathetique_ii,11,124,0.6610007882118225,0.573170728254609,0.0,0.0,1,False,,,63,1
L3+,"/Users/toddywang/Documents/VsCodeProjects/xmltoexp/ATEPP-1.2/ATEPP-1.2/Ludwig_van_Beethoven/Piano_Sonata_No._8_in_C_Minor,_Op._13_""Pathétique""/II._Adagio_cantabile/musicxml_cleaned.musicxml",beethoven_pathetique_ii,beethoven_pathetique_ii,12,131,0.6231710910797119,0.573170728254609,0.0,0.0,1,False,,,66,2
L1+,"/Users/toddywang/Documents/VsCodeProjects/xmltoexp/ATEPP-1.2/ATEPP-1.2/Wolfgang_Amadeus_Mozart/Piano_Sonata_No._5_in_G_Major,_K._283/I._Allegro/Sonata_No._5_1st_Movement_K._283.mxl",mozart_k283_i,mozart_k283_i,1,4,0.5130124092102051,0.1500000008722631,0.0,0.0,1,False,,,2,1
L1+,"/Users/toddywang/Documents/VsCodeProjects/xmltoexp/ATEPP-1.2/ATEPP-1.2/Wolfgang_Amadeus_Mozart/Piano_Sonata_No._5_in_G_Major,_K._283/I._Allegro/Sonata_No._5_1st_Movement_K._283.mxl",mozart_k283_i,mozart_k283_i,2,10,0.7055766582489014,0.1500000008722631,0.0,0.0,1,False,,,4,1
L1+,"/Users/toddywang/Documents/VsCodeProjects/xmltoexp/ATEPP-1.2/ATEPP-1.2/Wolfgang_Amadeus_Mozart/Piano_Sonata_No._5_in_G_Major,_K._283/I._Allegro/Sonata_No._5_1st_Movement_K._283.mxl",mozart_k283_i,mozart_k283_i,3,16,0.5762092471122742,0.1500000008722631,0.0,0.0,1,False,,,6,1
L1+,"/Users/toddywang/Documents/VsCodeProjects/xmltoexp/ATEPP-1.2/ATEPP-1.2/Wolfgang_Amadeus_Mozart/Piano_Sonata_No._5_in_G_Major,_K._283/I._Allegro/Sonata_No._5_1st_Movement_K._283.mxl",mozart_k283_i,mozart_k283_i,4,22,0.7159832715988159,0.1500000008722631,0.0,0.0,1,False,,,8,1
L1+,"/Users/toddywang/Documents/VsCodeProjects/xmltoexp/ATEPP-1.2/ATEPP-1.2/Wolfgang_Amadeus_Mozart/Piano_Sonata_No._5_in_G_Major,_K._283/I._Allegro/Sonata_No._5_1st_Movement_K._283.mxl",mozart_k283_i,mozart_k283_i,5,29,0.8128088116645813,0.1500000008722631,0.0,0.0,1,False,,,10,2
L1+,"/Users/toddywang/Documents/VsCodeProjects/xmltoexp/ATEPP-1.2/ATEPP-1.2/Wolfgang_Amadeus_Mozart/Piano_Sonata_No._5_in_G_Major,_K._283/I._Allegro/Sonata_No._5_1st_Movement_K._283.mxl",mozart_k283_i,mozart_k283_i,6,35,0.6644683480262756,0.1500000008722631,0.0,0.0,1,False,,,12,2
L1+,"/Users/toddywang/Documents/VsCodeProjects/xmltoexp/ATEPP-1.2/ATEPP-1.2/Wolfgang_Amadeus_Mozart/Piano_Sonata_No._5_in_G_Major,_K._283/I._Allegro/Sonata_No._5_1st_Movement_K._283.mxl",mozart_k283_i,mozart_k283_i,7,43,0.4085484743118286,0.1500000008722631,0.0,0.0,1,False,,,15,1
L1+,"/Users/toddywang/Documents/VsCodeProjects/xmltoexp/ATEPP-1.2/ATEPP-1.2/Wolfgang_Amadeus_Mozart/Piano_Sonata_No._5_in_G_Major,_K._283/I._Allegro/Sonata_No._5_1st_Movement_K._283.mxl",mozart_k283_i,mozart_k283_i,8,49,0.8211368918418884,0.1500000008722631,0.0,0.0,1,False,,,17,1
L1+,"/Users/toddywang/Documents/VsCodeProjects/xmltoexp/ATEPP-1.2/ATEPP-1.2/Wolfgang_Amadeus_Mozart/Piano_Sonata_No._5_in_G_Major,_K._283/I._Allegro/Sonata_No._5_1st_Movement_K._283.mxl",mozart_k283_i,mozart_k283_i,9,55,0.6104567050933838,0.1500000008722631,0.0,0.0,1,False,,,19,1
L1+,"/Users/toddywang/Documents/VsCodeProjects/xmltoexp/ATEPP-1.2/ATEPP-1.2/Wolfgang_Amadeus_Mozart/Piano_Sonata_No._5_in_G_Major,_K._283/I._Allegro/Sonata_No._5_1st_Movement_K._283.mxl",mozart_k283_i,mozart_k283_i,10,66,0.9173106551170349,0.1500000008722631,0.0,0.0,1,False,,,22,3
L1+,"/Users/toddywang/Documents/VsCodeProjects/xmltoexp/ATEPP-1.2/ATEPP-1.2/Wolfgang_Amadeus_Mozart/Piano_Sonata_No._5_in_G_Major,_K._283/I._Allegro/Sonata_No._5_1st_Movement_K._283.mxl",mozart_k283_i,mozart_k283_i,11,73,0.6140336990356445,0.1500000008722631,0.0,0.0,1,False,,,25,1
L1+,"/Users/toddywang/Documents/VsCodeProjects/xmltoexp/ATEPP-1.2/ATEPP-1.2/Wolfgang_Amadeus_Mozart/Piano_Sonata_No._5_in_G_Major,_K._283/I._Allegro/Sonata_No._5_1st_Movement_K._283.mxl",mozart_k283_i,mozart_k283_i,12,79,0.7424608469009399,0.1500000008722631,0.0,0.0,1,False,,,27,1
L1+,"/Users/toddywang/Documents/VsCodeProjects/xmltoexp/ATEPP-1.2/ATEPP-1.2/Wolfgang_Amadeus_Mozart/Piano_Sonata_No._5_in_G_Major,_K._283/I._Allegro/Sonata_No._5_1st_Movement_K._283.mxl",mozart_k283_i,mozart_k283_i,13,85,0.6444196701049805,0.1500000008722631,0.0,0.0,1,False,,,29,1
L1+,"/Users/toddywang/Documents/VsCodeProjects/xmltoexp/ATEPP-1.2/ATEPP-1.2/Wolfgang_Amadeus_Mozart/Piano_Sonata_No._5_in_G_Major,_K._283/I._Allegro/Sonata_No._5_1st_Movement_K._283.mxl",mozart_k283_i,mozart_k283_i,14,91,0.8067685961723328,0.1500000008722631,0.0,0.0,1,False,,,31,1
L1+,"/Users/toddywang/Documents/VsCodeProjects/xmltoexp/ATEPP-1.2/ATEPP-1.2/Wolfgang_Amadeus_Mozart/Piano_Sonata_No._5_in_G_Major,_K._283/I._Allegro/Sonata_No._5_1st_Movement_K._283.mxl",mozart_k283_i,mozart_k283_i,15,97,0.7366995215415955,0.1500000008722631,0.0,0.0,1,False,,,33,1
L1+,"/Users/toddywang/Documents/VsCodeProjects/xmltoexp/ATEPP-1.2/ATEPP-1.2/Wolfgang_Amadeus_Mozart/Piano_Sonata_No._5_in_G_Major,_K._283/I._Allegro/Sonata_No._5_1st_Movement_K._283.mxl",mozart_k283_i,mozart_k283_i,16,106,0.7715793251991272,0.1500000008722631,0.0,0.0,1,False,,,36,1
L1+,"/Users/toddywang/Documents/VsCodeProjects/xmltoexp/ATEPP-1.2/ATEPP-1.2/Wolfgang_Amadeus_Mozart/Piano_Sonata_No._5_in_G_Major,_K._283/I._Allegro/Sonata_No._5_1st_Movement_K._283.mxl",mozart_k283_i,mozart_k283_i,17,113,0.7160172462463379,0.1500000008722631,0.0,0.0,1,False,,,38,2
L1+,"/Users/toddywang/Documents/VsCodeProjects/xmltoexp/ATEPP-1.2/ATEPP-1.2/Wolfgang_Amadeus_Mozart/Piano_Sonata_No._5_in_G_Major,_K._283/I._Allegro/Sonata_No._5_1st_Movement_K._283.mxl",mozart_k283_i,mozart_k283_i,18,121,0.7534502148628235,0.1500000008722631,0.0,0.0,1,False,,,41,1
L1+,"/Users/toddywang/Documents/VsCodeProjects/xmltoexp/ATEPP-1.2/ATEPP-1.2/Wolfgang_Amadeus_Mozart/Piano_Sonata_No._5_in_G_Major,_K._283/I._Allegro/Sonata_No._5_1st_Movement_K._283.mxl",mozart_k283_i,mozart_k283_i,19,130,0.6570863127708435,0.1500000008722631,0.0,0.0,1,False,,,44,1
L1+,"/Users/toddywang/Documents/VsCodeProjects/xmltoexp/ATEPP-1.2/ATEPP-1.2/Wolfgang_Amadeus_Mozart/Piano_Sonata_No._5_in_G_Major,_K._283/I._Allegro/Sonata_No._5_1st_Movement_K._283.mxl",mozart_k283_i,mozart_k283_i,20,136,0.6026142835617065,0.1500000008722631,0.0,0.0,1,False,,,46,1
L1+,"/Users/toddywang/Documents/VsCodeProjects/xmltoexp/ATEPP-1.2/ATEPP-1.2/Wolfgang_Amadeus_Mozart/Piano_Sonata_No._5_in_G_Major,_K._283/I._Allegro/Sonata_No._5_1st_Movement_K._283.mxl",mozart_k283_i,mozart_k283_i,21,145,0.6342248320579529,0.1500000008722631,0.0,0.0,1,False,,,49,1
L1+,"/Users/toddywang/Documents/VsCodeProjects/xmltoexp/ATEPP-1.2/ATEPP-1.2/Wolfgang_Amadeus_Mozart/Piano_Sonata_No._5_in_G_Major,_K._283/I._Allegro/Sonata_No._5_1st_Movement_K._283.mxl",mozart_k283_i,mozart_k283_i,22,151,0.5115217566490173,0.1500000008722631,0.0,0.0,1,False,,,51,1
L1+,"/Users/toddywang/Documents/VsCodeProjects/xmltoexp/ATEPP-1.2/ATEPP-1.2/Wolfgang_Amadeus_Mozart/Piano_Sonata_No._5_in_G_Major,_K._283/I._Allegro/Sonata_No._5_1st_Movement_K._283.mxl",mozart_k283_i,mozart_k283_i,23,158,0.9061945080757141,0.1500000008722631,0.0,0.0,1,False,,,53,2
L1+,"/Users/toddywang/Documents/VsCodeProjects/xmltoexp/ATEPP-1.2/ATEPP-1.2/Wolfgang_Amadeus_Mozart/Piano_Sonata_No._5_in_G_Major,_K._283/I._Allegro/Sonata_No._5_1st_Movement_K._283.mxl",mozart_k283_i,mozart_k283_i,24,169,0.7558279633522034,0.1500000008722631,0.0,0.0,1,False,,,4,1
L1+,"/Users/toddywang/Documents/VsCodeProjects/xmltoexp/ATEPP-1.2/ATEPP-1.2/Wolfgang_Amadeus_Mozart/Piano_Sonata_No._5_in_G_Major,_K._283/I._Allegro/Sonata_No._5_1st_Movement_K._283.mxl",mozart_k283_i,mozart_k283_i,25,175,0.5530901551246643,0.1500000008722631,0.0,0.0,1,False,,,6,1
L1+,"/Users/toddywang/Documents/VsCodeProjects/xmltoexp/ATEPP-1.2/ATEPP-1.2/Wolfgang_Amadeus_Mozart/Piano_Sonata_No._5_in_G_Major,_K._283/I._Allegro/Sonata_No._5_1st_Movement_K._283.mxl",mozart_k283_i,mozart_k283_i,26,181,0.7499851584434509,0.1500000008722631,0.0,0.0,1,False,,,8,1
L1+,"/Users/toddywang/Documents/VsCodeProjects/xmltoexp/ATEPP-1.2/ATEPP-1.2/Wolfgang_Amadeus_Mozart/Piano_Sonata_No._5_in_G_Major,_K._283/I._Allegro/Sonata_No._5_1st_Movement_K._283.mxl",mozart_k283_i,mozart_k283_i,27,188,0.7930163741111755,0.1500000008722631,0.0,0.0,1,False,,,10,2
L1+,"/Users/toddywang/Documents/VsCodeProjects/xmltoexp/ATEPP-1.2/ATEPP-1.2/Wolfgang_Amadeus_Mozart/Piano_Sonata_No._5_in_G_Major,_K._283/I._Allegro/Sonata_No._5_1st_Movement_K._283.mxl",mozart_k283_i,mozart_k283_i,28,199,0.6806142330169678,0.1500000008722631,0.0,0.0,1,False,,,14,1
L1+,"/Users/toddywang/Documents/VsCodeProjects/xmltoexp/ATEPP-1.2/ATEPP-1.2/Wolfgang_Amadeus_Mozart/Piano_Sonata_No._5_in_G_Major,_K._283/I._Allegro/Sonata_No._5_1st_Movement_K._283.mxl",mozart_k283_i,mozart_k283_i,29,208,0.7882655262947083,0.1500000008722631,0.0,0.0,1,False,,,17,1
L1+,"/Users/toddywang/Documents/VsCodeProjects/xmltoexp/ATEPP-1.2/ATEPP-1.2/Wolfgang_Amadeus_Mozart/Piano_Sonata_No._5_in_G_Major,_K._283/I._Allegro/Sonata_No._5_1st_Movement_K._283.mxl",mozart_k283_i,mozart_k283_i,30,214,0.6508328914642334,0.1500000008722631,0.0,0.0,1,False,,,19,1
L1+,"/Users/toddywang/Documents/VsCodeProjects/xmltoexp/ATEPP-1.2/ATEPP-1.2/Wolfgang_Amadeus_Mozart/Piano_Sonata_No._5_in_G_Major,_K._283/I._Allegro/Sonata_No._5_1st_Movement_K._283.mxl",mozart_k283_i,mozart_k283_i,31,225,0.9096183776855469,0.1500000008722631,0.0,0.0,1,False,,,22,3
L1+,"/Users/toddywang/Documents/VsCodeProjects/xmltoexp/ATEPP-1.2/ATEPP-1.2/Wolfgang_Amadeus_Mozart/Piano_Sonata_No._5_in_G_Major,_K._283/I._Allegro/Sonata_No._5_1st_Movement_K._283.mxl",mozart_k283_i,mozart_k283_i,32,231,0.49863386154174805,0.1500000008722631,0.0,0.0,1,False,,,24,3
L1+,"/Users/toddywang/Documents/VsCodeProjects/xmltoexp/ATEPP-1.2/ATEPP-1.2/Wolfgang_Amadeus_Mozart/Piano_Sonata_No._5_in_G_Major,_K._283/I._Allegro/Sonata_No._5_1st_Movement_K._283.mxl",mozart_k283_i,mozart_k283_i,33,238,0.7504519820213318,0.1500000008722631,0.0,0.0,1,False,,,27,1
L1+,"/Users/toddywang/Documents/VsCodeProjects/xmltoexp/ATEPP-1.2/ATEPP-1.2/Wolfgang_Amadeus_Mozart/Piano_Sonata_No._5_in_G_Major,_K._283/I._Allegro/Sonata_No._5_1st_Movement_K._283.mxl",mozart_k283_i,mozart_k283_i,34,244,0.5383824706077576,0.1500000008722631,0.0,0.0,1,False,,,29,1
L1+,"/Users/toddywang/Documents/VsCodeProjects/xmltoexp/ATEPP-1.2/ATEPP-1.2/Wolfgang_Amadeus_Mozart/Piano_Sonata_No._5_in_G_Major,_K._283/I._Allegro/Sonata_No._5_1st_Movement_K._283.mxl",mozart_k283_i,mozart_k283_i,35,250,0.8242294192314148,0.1500000008722631,0.0,0.0,1,False,,,31,1
L1+,"/Users/toddywang/Documents/VsCodeProjects/xmltoexp/ATEPP-1.2/ATEPP-1.2/Wolfgang_Amadeus_Mozart/Piano_Sonata_No._5_in_G_Major,_K._283/I._Allegro/Sonata_No._5_1st_Movement_K._283.mxl",mozart_k283_i,mozart_k283_i,36,256,0.6360740661621094,0.1500000008722631,0.0,0.0,1,False,,,33,1
L1+,"/Users/toddywang/Documents/VsCodeProjects/xmltoexp/ATEPP-1.2/ATEPP-1.2/Wolfgang_Amadeus_Mozart/Piano_Sonata_No._5_in_G_Major,_K._283/I._Allegro/Sonata_No._5_1st_Movement_K._283.mxl",mozart_k283_i,mozart_k283_i,37,265,0.8091298937797546,0.1500000008722631,0.0,0.0,1,False,,,36,1
L1+,"/Users/toddywang/Documents/VsCodeProjects/xmltoexp/ATEPP-1.2/ATEPP-1.2/Wolfgang_Amadeus_Mozart/Piano_Sonata_No._5_in_G_Major,_K._283/I._Allegro/Sonata_No._5_1st_Movement_K._283.mxl",mozart_k283_i,mozart_k283_i,38,272,0.677842378616333,0.1500000008722631,0.0,0.0,1,False,,,38,2
L1+,"/Users/toddywang/Documents/VsCodeProjects/xmltoexp/ATEPP-1.2/ATEPP-1.2/Wolfgang_Amadeus_Mozart/Piano_Sonata_No._5_in_G_Major,_K._283/I._Allegro/Sonata_No._5_1st_Movement_K._283.mxl",mozart_k283_i,mozart_k283_i,39,280,0.6817658543586731,0.1500000008722631,0.0,0.0,1,False,,,41,1
L1+,"/Users/toddywang/Documents/VsCodeProjects/xmltoexp/ATEPP-1.2/ATEPP-1.2/Wolfgang_Amadeus_Mozart/Piano_Sonata_No._5_in_G_Major,_K._283/I._Allegro/Sonata_No._5_1st_Movement_K._283.mxl",mozart_k283_i,mozart_k283_i,40,289,0.6880353093147278,0.1500000008722631,0.0,0.0,1,False,,,44,1
L1+,"/Users/toddywang/Documents/VsCodeProjects/xmltoexp/ATEPP-1.2/ATEPP-1.2/Wolfgang_Amadeus_Mozart/Piano_Sonata_No._5_in_G_Major,_K._283/I._Allegro/Sonata_No._5_1st_Movement_K._283.mxl",mozart_k283_i,mozart_k283_i,41,295,0.5843163728713989,0.1500000008722631,0.0,0.0,1,False,,,46,1
L1+,"/Users/toddywang/Documents/VsCodeProjects/xmltoexp/ATEPP-1.2/ATEPP-1.2/Wolfgang_Amadeus_Mozart/Piano_Sonata_No._5_in_G_Major,_K._283/I._Allegro/Sonata_No._5_1st_Movement_K._283.mxl",mozart_k283_i,mozart_k283_i,42,301,0.6317631602287292,0.1500000008722631,0.0,0.0,1,False,,,48,1
L1+,"/Users/toddywang/Documents/VsCodeProjects/xmltoexp/ATEPP-1.2/ATEPP-1.2/Wolfgang_Amadeus_Mozart/Piano_Sonata_No._5_in_G_Major,_K._283/I._Allegro/Sonata_No._5_1st_Movement_K._283.mxl",mozart_k283_i,mozart_k283_i,43,310,0.49488040804862976,0.1500000008722631,0.0,0.0,1,False,,,51,1
L1+,"/Users/toddywang/Documents/VsCodeProjects/xmltoexp/ATEPP-1.2/ATEPP-1.2/Wolfgang_Amadeus_Mozart/Piano_Sonata_No._5_in_G_Major,_K._283/I._Allegro/Sonata_No._5_1st_Movement_K._283.mxl",mozart_k283_i,mozart_k283_i,44,318,0.7740116119384766,0.1500000008722631,0.0,0.0,1,False,,,53,1
L1+,"/Users/toddywang/Documents/VsCodeProjects/xmltoexp/ATEPP-1.2/ATEPP-1.2/Wolfgang_Amadeus_Mozart/Piano_Sonata_No._5_in_G_Major,_K._283/I._Allegro/Sonata_No._5_1st_Movement_K._283.mxl",mozart_k283_i,mozart_k283_i,45,325,0.6990964412689209,0.1500000008722631,0.0,0.0,1,False,,,56,1
L1+,"/Users/toddywang/Documents/VsCodeProjects/xmltoexp/ATEPP-1.2/ATEPP-1.2/Wolfgang_Amadeus_Mozart/Piano_Sonata_No._5_in_G_Major,_K._283/I._Allegro/Sonata_No._5_1st_Movement_K._283.mxl",mozart_k283_i,mozart_k283_i,46,334,0.7974136471748352,0.1500000008722631,0.0,0.0,1,False,,,59,1
L1+,"/Users/toddywang/Documents/VsCodeProjects/xmltoexp/ATEPP-1.2/ATEPP-1.2/Wolfgang_Amadeus_Mozart/Piano_Sonata_No._5_in_G_Major,_K._283/I._Allegro/Sonata_No._5_1st_Movement_K._283.mxl",mozart_k283_i,mozart_k283_i,47,340,0.7965517640113831,0.1500000008722631,0.0,0.0,1,False,,,61,1
L1+,"/Users/toddywang/Documents/VsCodeProjects/xmltoexp/ATEPP-1.2/ATEPP-1.2/Wolfgang_Amadeus_Mozart/Piano_Sonata_No._5_in_G_Major,_K._283/I._Allegro/Sonata_No._5_1st_Movement_K._283.mxl",mozart_k283_i,mozart_k283_i,48,350,0.5964500904083252,0.1500000008722631,0.0,0.0,1,False,,,64,2
L1+,"/Users/toddywang/Documents/VsCodeProjects/xmltoexp/ATEPP-1.2/ATEPP-1.2/Wolfgang_Amadeus_Mozart/Piano_Sonata_No._5_in_G_Major,_K._283/I._Allegro/Sonata_No._5_1st_Movement_K._283.mxl",mozart_k283_i,mozart_k283_i,49,361,0.6894740462303162,0.1500000008722631,0.0,0.0,1,False,,,68,1
L1+,"/Users/toddywang/Documents/VsCodeProjects/xmltoexp/ATEPP-1.2/ATEPP-1.2/Wolfgang_Amadeus_Mozart/Piano_Sonata_No._5_in_G_Major,_K._283/I._Allegro/Sonata_No._5_1st_Movement_K._283.mxl",mozart_k283_i,mozart_k283_i,50,367,0.7834981083869934,0.1500000008722631,0.0,0.0,1,False,,,70,1
L1+,"/Users/toddywang/Documents/VsCodeProjects/xmltoexp/ATEPP-1.2/ATEPP-1.2/Wolfgang_Amadeus_Mozart/Piano_Sonata_No._5_in_G_Major,_K._283/I._Allegro/Sonata_No._5_1st_Movement_K._283.mxl",mozart_k283_i,mozart_k283_i,51,373,0.6840386390686035,0.1500000008722631,0.0,0.0,1,False,,,72,1
L1+,"/Users/toddywang/Documents/VsCodeProjects/xmltoexp/ATEPP-1.2/ATEPP-1.2/Wolfgang_Amadeus_Mozart/Piano_Sonata_No._5_in_G_Major,_K._283/I._Allegro/Sonata_No._5_1st_Movement_K._283.mxl",mozart_k283_i,mozart_k283_i,52,379,0.5933109521865845,0.1500000008722631,0.0,0.0,1,False,,,74,1
L1+,"/Users/toddywang/Documents/VsCodeProjects/xmltoexp/ATEPP-1.2/ATEPP-1.2/Wolfgang_Amadeus_Mozart/Piano_Sonata_No._5_in_G_Major,_K._283/I._Allegro/Sonata_No._5_1st_Movement_K._283.mxl",mozart_k283_i,mozart_k283_i,53,385,0.7214489579200745,0.1500000008722631,0.0,0.0,1,False,,,76,1
L1+,"/Users/toddywang/Documents/VsCodeProjects/xmltoexp/ATEPP-1.2/ATEPP-1.2/Wolfgang_Amadeus_Mozart/Piano_Sonata_No._5_in_G_Major,_K._283/I._Allegro/Sonata_No._5_1st_Movement_K._283.mxl",mozart_k283_i,mozart_k283_i,54,395,0.7635112404823303,0.1500000008722631,0.0,0.0,1,False,,,79,2
L1+,"/Users/toddywang/Documents/VsCodeProjects/xmltoexp/ATEPP-1.2/ATEPP-1.2/Wolfgang_Amadeus_Mozart/Piano_Sonata_No._5_in_G_Major,_K._283/I._Allegro/Sonata_No._5_1st_Movement_K._283.mxl",mozart_k283_i,mozart_k283_i,55,403,0.4774819314479828,0.1500000008722631,0.0,0.0,1,False,,,82,1
L1+,"/Users/toddywang/Documents/VsCodeProjects/xmltoexp/ATEPP-1.2/ATEPP-1.2/Wolfgang_Amadeus_Mozart/Piano_Sonata_No._5_in_G_Major,_K._283/I._Allegro/Sonata_No._5_1st_Movement_K._283.mxl",mozart_k283_i,mozart_k283_i,56,409,0.8448228240013123,0.1500000008722631,0.0,0.0,1,False,,,84,1
L1+,"/Users/toddywang/Documents/VsCodeProjects/xmltoexp/ATEPP-1.2/ATEPP-1.2/Wolfgang_Amadeus_Mozart/Piano_Sonata_No._5_in_G_Major,_K._283/I._Allegro/Sonata_No._5_1st_Movement_K._283.mxl",mozart_k283_i,mozart_k283_i,57,415,0.6308053135871887,0.1500000008722631,0.0,0.0,1,False,,,86,1
L1+,"/Users/toddywang/Documents/VsCodeProjects/xmltoexp/ATEPP-1.2/ATEPP-1.2/Wolfgang_Amadeus_Mozart/Piano_Sonata_No._5_in_G_Major,_K._283/I._Allegro/Sonata_No._5_1st_Movement_K._283.mxl",mozart_k283_i,mozart_k283_i,58,426,0.9037424325942993,0.1500000008722631,0.0,0.0,1,False,,,89,3
L1+,"/Users/toddywang/Documents/VsCodeProjects/xmltoexp/ATEPP-1.2/ATEPP-1.2/Wolfgang_Amadeus_Mozart/Piano_Sonata_No._5_in_G_Major,_K._283/I._Allegro/Sonata_No._5_1st_Movement_K._283.mxl",mozart_k283_i,mozart_k283_i,59,432,0.5792625546455383,0.1500000008722631,0.0,0.0,1,False,,,91,3
L1+,"/Users/toddywang/Documents/VsCodeProjects/xmltoexp/ATEPP-1.2/ATEPP-1.2/Wolfgang_Amadeus_Mozart/Piano_Sonata_No._5_in_G_Major,_K._283/I._Allegro/Sonata_No._5_1st_Movement_K._283.mxl",mozart_k283_i,mozart_k283_i,60,439,0.6875577569007874,0.1500000008722631,0.0,0.0,1,False,,,94,1
L1+,"/Users/toddywang/Documents/VsCodeProjects/xmltoexp/ATEPP-1.2/ATEPP-1.2/Wolfgang_Amadeus_Mozart/Piano_Sonata_No._5_in_G_Major,_K._283/I._Allegro/Sonata_No._5_1st_Movement_K._283.mxl",mozart_k283_i,mozart_k283_i,61,445,0.5787776708602905,0.1500000008722631,0.0,0.0,1,False,,,96,1
L1+,"/Users/toddywang/Documents/VsCodeProjects/xmltoexp/ATEPP-1.2/ATEPP-1.2/Wolfgang_Amadeus_Mozart/Piano_Sonata_No._5_in_G_Major,_K._283/I._Allegro/Sonata_No._5_1st_Movement_K._283.mxl",mozart_k283_i,mozart_k283_i,62,451,0.7618494033813477,0.1500000008722631,0.0,0.0,1,False,,,98,1
L1+,"/Users/toddywang/Documents/VsCodeProjects/xmltoexp/ATEPP-1.2/ATEPP-1.2/Wolfgang_Amadeus_Mozart/Piano_Sonata_No._5_in_G_Major,_K._283/I._Allegro/Sonata_No._5_1st_Movement_K._283.mxl",mozart_k283_i,mozart_k283_i,63,457,0.7206226587295532,0.1500000008722631,0.0,0.0,1,False,,,100,1
L1+,"/Users/toddywang/Documents/VsCodeProjects/xmltoexp/ATEPP-1.2/ATEPP-1.2/Wolfgang_Amadeus_Mozart/Piano_Sonata_No._5_in_G_Major,_K._283/I._Allegro/Sonata_No._5_1st_Movement_K._283.mxl",mozart_k283_i,mozart_k283_i,64,466,0.7433676719665527,0.1500000008722631,0.0,0.0,1,False,,,103,1
L1+,"/Users/toddywang/Documents/VsCodeProjects/xmltoexp/ATEPP-1.2/ATEPP-1.2/Wolfgang_Amadeus_Mozart/Piano_Sonata_No._5_in_G_Major,_K._283/I._Allegro/Sonata_No._5_1st_Movement_K._283.mxl",mozart_k283_i,mozart_k283_i,65,473,0.7449668049812317,0.1500000008722631,0.0,0.0,1,False,,,105,2
L1+,"/Users/toddywang/Documents/VsCodeProjects/xmltoexp/ATEPP-1.2/ATEPP-1.2/Wolfgang_Amadeus_Mozart/Piano_Sonata_No._5_in_G_Major,_K._283/I._Allegro/Sonata_No._5_1st_Movement_K._283.mxl",mozart_k283_i,mozart_k283_i,66,481,0.6836978197097778,0.1500000008722631,0.0,0.0,1,False,,,108,1
L1+,"/Users/toddywang/Documents/VsCodeProjects/xmltoexp/ATEPP-1.2/ATEPP-1.2/Wolfgang_Amadeus_Mozart/Piano_Sonata_No._5_in_G_Major,_K._283/I._Allegro/Sonata_No._5_1st_Movement_K._283.mxl",mozart_k283_i,mozart_k283_i,67,490,0.6460727453231812,0.1500000008722631,0.0,0.0,1,False,,,111,1
L1+,"/Users/toddywang/Documents/VsCodeProjects/xmltoexp/ATEPP-1.2/ATEPP-1.2/Wolfgang_Amadeus_Mozart/Piano_Sonata_No._5_in_G_Major,_K._283/I._Allegro/Sonata_No._5_1st_Movement_K._283.mxl",mozart_k283_i,mozart_k283_i,68,496,0.7042482495307922,0.1500000008722631,0.0,0.0,1,False,,,113,1
L1+,"/Users/toddywang/Documents/VsCodeProjects/xmltoexp/ATEPP-1.2/ATEPP-1.2/Wolfgang_Amadeus_Mozart/Piano_Sonata_No._5_in_G_Major,_K._283/I._Allegro/Sonata_No._5_1st_Movement_K._283.mxl",mozart_k283_i,mozart_k283_i,69,505,0.6977739930152893,0.1500000008722631,0.0,0.0,1,False,,,116,1
L1+,"/Users/toddywang/Documents/VsCodeProjects/xmltoexp/ATEPP-1.2/ATEPP-1.2/Wolfgang_Amadeus_Mozart/Piano_Sonata_No._5_in_G_Major,_K._283/I._Allegro/Sonata_No._5_1st_Movement_K._283.mxl",mozart_k283_i,mozart_k283_i,70,511,0.5021236538887024,0.1500000008722631,0.0,0.0,1,False,,,118,1
L1+,"/Users/toddywang/Documents/VsCodeProjects/xmltoexp/ATEPP-1.2/ATEPP-1.2/Wolfgang_Amadeus_Mozart/Piano_Sonata_No._5_in_G_Major,_K._283/I._Allegro/Sonata_No._5_1st_Movement_K._283.mxl",mozart_k283_i,mozart_k283_i,71,519,0.7552632689476013,0.1500000008722631,0.0,0.0,1,False,,,53,1
L1+,"/Users/toddywang/Documents/VsCodeProjects/xmltoexp/ATEPP-1.2/ATEPP-1.2/Wolfgang_Amadeus_Mozart/Piano_Sonata_No._5_in_G_Major,_K._283/I._Allegro/Sonata_No._5_1st_Movement_K._283.mxl",mozart_k283_i,mozart_k283_i,72,529,0.7365830540657043,0.1500000008722631,0.0,0.0,1,False,,,57,1
L1+,"/Users/toddywang/Documents/VsCodeProjects/xmltoexp/ATEPP-1.2/ATEPP-1.2/Wolfgang_Amadeus_Mozart/Piano_Sonata_No._5_in_G_Major,_K._283/I._Allegro/Sonata_No._5_1st_Movement_K._283.mxl",mozart_k283_i,mozart_k283_i,73,535,0.8023973703384399,0.1500000008722631,0.0,0.0,1,False,,,59,1
L1+,"/Users/toddywang/Documents/VsCodeProjects/xmltoexp/ATEPP-1.2/ATEPP-1.2/Wolfgang_Amadeus_Mozart/Piano_Sonata_No._5_in_G_Major,_K._283/I._Allegro/Sonata_No._5_1st_Movement_K._283.mxl",mozart_k283_i,mozart_k283_i,74,541,0.8184716105461121,0.1500000008722631,0.0,0.0,1,False,,,61,1
L1+,"/Users/toddywang/Documents/VsCodeProjects/xmltoexp/ATEPP-1.2/ATEPP-1.2/Wolfgang_Amadeus_Mozart/Piano_Sonata_No._5_in_G_Major,_K._283/I._Allegro/Sonata_No._5_1st_Movement_K._283.mxl",mozart_k283_i,mozart_k283_i,75,551,0.5887557864189148,0.1500000008722631,0.0,0.0,1,False,,,64,2
L1+,"/Users/toddywang/Documents/VsCodeProjects/xmltoexp/ATEPP-1.2/ATEPP-1.2/Wolfgang_Amadeus_Mozart/Piano_Sonata_No._5_in_G_Major,_K._283/I._Allegro/Sonata_No._5_1st_Movement_K._283.mxl",mozart_k283_i,mozart_k283_i,76,559,0.40145426988601685,0.1500000008722631,0.0,0.0,1,False,,,67,1
L1+,"/Users/toddywang/Documents/VsCodeProjects/xmltoexp/ATEPP-1.2/ATEPP-1.2/Wolfgang_Amadeus_Mozart/Piano_Sonata_No._5_in_G_Major,_K._283/I._Allegro/Sonata_No._5_1st_Movement_K._283.mxl",mozart_k283_i,mozart_k283_i,77,568,0.7683432102203369,0.1500000008722631,0.0,0.0,1,False,,,70,1
L1+,"/Users/toddywang/Documents/VsCodeProjects/xmltoexp/ATEPP-1.2/ATEPP-1.2/Wolfgang_Amadeus_Mozart/Piano_Sonata_No._5_in_G_Major,_K._283/I._Allegro/Sonata_No._5_1st_Movement_K._283.mxl",mozart_k283_i,mozart_k283_i,78,577,0.6642898321151733,0.1500000008722631,0.0,0.0,1,False,,,73,1
L1+,"/Users/toddywang/Documents/VsCodeProjects/xmltoexp/ATEPP-1.2/ATEPP-1.2/Wolfgang_Amadeus_Mozart/Piano_Sonata_No._5_in_G_Major,_K._283/I._Allegro/Sonata_No._5_1st_Movement_K._283.mxl",mozart_k283_i,mozart_k283_i,79,586,0.6470476388931274,0.1500000008722631,0.0,0.0,1,False,,,76,1
L1+,"/Users/toddywang/Documents/VsCodeProjects/xmltoexp/ATEPP-1.2/ATEPP-1.2/Wolfgang_Amadeus_Mozart/Piano_Sonata_No._5_in_G_Major,_K._283/I._Allegro/Sonata_No._5_1st_Movement_K._283.mxl",mozart_k283_i,mozart_k283_i,80,597,0.6942915916442871,0.1500000008722631,0.0,0.0,1,False,,,79,3
L1+,"/Users/toddywang/Documents/VsCodeProjects/xmltoexp/ATEPP-1.2/ATEPP-1.2/Wolfgang_Amadeus_Mozart/Piano_Sonata_No._5_in_G_Major,_K._283/I._Allegro/Sonata_No._5_1st_Movement_K._283.mxl",mozart_k283_i,mozart_k283_i,81,604,0.44970953464508057,0.1500000008722631,0.0,0.0,1,False,,,82,1
L1+,"/Users/toddywang/Documents/VsCodeProjects/xmltoexp/ATEPP-1.2/ATEPP-1.2/Wolfgang_Amadeus_Mozart/Piano_Sonata_No._5_in_G_Major,_K._283/I._Allegro/Sonata_No._5_1st_Movement_K._283.mxl",mozart_k283_i,mozart_k283_i,82,610,0.8111733198165894,0.1500000008722631,0.0,0.0,1,False,,,84,1
L1+,"/Users/toddywang/Documents/VsCodeProjects/xmltoexp/ATEPP-1.2/ATEPP-1.2/Wolfgang_Amadeus_Mozart/Piano_Sonata_No._5_in_G_Major,_K._283/I._Allegro/Sonata_No._5_1st_Movement_K._283.mxl",mozart_k283_i,mozart_k283_i,83,616,0.6592594385147095,0.1500000008722631,0.0,0.0,1,False,,,86,1
L1+,"/Users/toddywang/Documents/VsCodeProjects/xmltoexp/ATEPP-1.2/ATEPP-1.2/Wolfgang_Amadeus_Mozart/Piano_Sonata_No._5_in_G_Major,_K._283/I._Allegro/Sonata_No._5_1st_Movement_K._283.mxl",mozart_k283_i,mozart_k283_i,84,627,0.8989466428756714,0.1500000008722631,0.0,0.0,1,False,,,89,3
L1+,"/Users/toddywang/Documents/VsCodeProjects/xmltoexp/ATEPP-1.2/ATEPP-1.2/Wolfgang_Amadeus_Mozart/Piano_Sonata_No._5_in_G_Major,_K._283/I._Allegro/Sonata_No._5_1st_Movement_K._283.mxl",mozart_k283_i,mozart_k283_i,85,633,0.539101243019104,0.1500000008722631,0.0,0.0,1,False,,,91,3
L1+,"/Users/toddywang/Documents/VsCodeProjects/xmltoexp/ATEPP-1.2/ATEPP-1.2/Wolfgang_Amadeus_Mozart/Piano_Sonata_No._5_in_G_Major,_K._283/I._Allegro/Sonata_No._5_1st_Movement_K._283.mxl",mozart_k283_i,mozart_k283_i,86,639,0.6640673875808716,0.1500000008722631,0.0,0.0,1,False,,,93,3
L1+,"/Users/toddywang/Documents/VsCodeProjects/xmltoexp/ATEPP-1.2/ATEPP-1.2/Wolfgang_Amadeus_Mozart/Piano_Sonata_No._5_in_G_Major,_K._283/I._Allegro/Sonata_No._5_1st_Movement_K._283.mxl",mozart_k283_i,mozart_k283_i,87,645,0.5168123841285706,0.1500000008722631,0.0,0.0,1,False,,,95,3
L1+,"/Users/toddywang/Documents/VsCodeProjects/xmltoexp/ATEPP-1.2/ATEPP-1.2/Wolfgang_Amadeus_Mozart/Piano_Sonata_No._5_in_G_Major,_K._283/I._Allegro/Sonata_No._5_1st_Movement_K._283.mxl",mozart_k283_i,mozart_k283_i,88,652,0.7141706347465515,0.1500000008722631,0.0,0.0,1,False,,,98,1
L1+,"/Users/toddywang/Documents/VsCodeProjects/xmltoexp/ATEPP-1.2/ATEPP-1.2/Wolfgang_Amadeus_Mozart/Piano_Sonata_No._5_in_G_Major,_K._283/I._Allegro/Sonata_No._5_1st_Movement_K._283.mxl",mozart_k283_i,mozart_k283_i,89,658,0.6563259363174438,0.1500000008722631,0.0,0.0,1,False,,,100,1
L1+,"/Users/toddywang/Documents/VsCodeProjects/xmltoexp/ATEPP-1.2/ATEPP-1.2/Wolfgang_Amadeus_Mozart/Piano_Sonata_No._5_in_G_Major,_K._283/I._Allegro/Sonata_No._5_1st_Movement_K._283.mxl",mozart_k283_i,mozart_k283_i,90,667,0.6554281711578369,0.1500000008722631,0.0,0.0,1,False,,,103,1
L1+,"/Users/toddywang/Documents/VsCodeProjects/xmltoexp/ATEPP-1.2/ATEPP-1.2/Wolfgang_Amadeus_Mozart/Piano_Sonata_No._5_in_G_Major,_K._283/I._Allegro/Sonata_No._5_1st_Movement_K._283.mxl",mozart_k283_i,mozart_k283_i,91,674,0.7582581639289856,0.1500000008722631,0.0,0.0,1,False,,,105,2
L1+,"/Users/toddywang/Documents/VsCodeProjects/xmltoexp/ATEPP-1.2/ATEPP-1.2/Wolfgang_Amadeus_Mozart/Piano_Sonata_No._5_in_G_Major,_K._283/I._Allegro/Sonata_No._5_1st_Movement_K._283.mxl",mozart_k283_i,mozart_k283_i,92,682,0.6084654927253723,0.1500000008722631,0.0,0.0,1,False,,,108,1
L1+,"/Users/toddywang/Documents/VsCodeProjects/xmltoexp/ATEPP-1.2/ATEPP-1.2/Wolfgang_Amadeus_Mozart/Piano_Sonata_No._5_in_G_Major,_K._283/I._Allegro/Sonata_No._5_1st_Movement_K._283.mxl",mozart_k283_i,mozart_k283_i,93,691,0.5664522051811218,0.1500000008722631,0.0,0.0,1,False,,,111,1
L1+,"/Users/toddywang/Documents/VsCodeProjects/xmltoexp/ATEPP-1.2/ATEPP-1.2/Wolfgang_Amadeus_Mozart/Piano_Sonata_No._5_in_G_Major,_K._283/I._Allegro/Sonata_No._5_1st_Movement_K._283.mxl",mozart_k283_i,mozart_k283_i,94,697,0.76166832447052,0.1500000008722631,0.0,0.0,1,False,,,113,1
L1+,"/Users/toddywang/Documents/VsCodeProjects/xmltoexp/ATEPP-1.2/ATEPP-1.2/Wolfgang_Amadeus_Mozart/Piano_Sonata_No._5_in_G_Major,_K._283/I._Allegro/Sonata_No._5_1st_Movement_K._283.mxl",mozart_k283_i,mozart_k283_i,95,709,0.6218249797821045,0.1500000008722631,0.0,0.0,1,False,,,117,1
L1+,"/Users/toddywang/Documents/VsCodeProjects/xmltoexp/ATEPP-1.2/ATEPP-1.2/Wolfgang_Amadeus_Mozart/Piano_Sonata_No._5_in_G_Major,_K._283/I._Allegro/Sonata_No._5_1st_Movement_K._283.mxl",mozart_k283_i,mozart_k283_i,96,715,0.4920424222946167,0.1500000008722631,0.0,0.0,1,False,,,119,1
L2+,"/Users/toddywang/Documents/VsCodeProjects/xmltoexp/ATEPP-1.2/ATEPP-1.2/Wolfgang_Amadeus_Mozart/Piano_Sonata_No._5_in_G_Major,_K._283/I._Allegro/Sonata_No._5_1st_Movement_K._283.mxl",mozart_k283_i,mozart_k283_i,1,4,0.5237134695053101,0.2884146338555871,0.0,0.0,1,False,,,2,1
L2+,"/Users/toddywang/Documents/VsCodeProjects/xmltoexp/ATEPP-1.2/ATEPP-1.2/Wolfgang_Amadeus_Mozart/Piano_Sonata_No._5_in_G_Major,_K._283/I._Allegro/Sonata_No._5_1st_Movement_K._283.mxl",mozart_k283_i,mozart_k283_i,2,10,0.7283488512039185,0.2884146338555871,0.0,0.0,1,False,,,4,1
L2+,"/Users/toddywang/Documents/VsCodeProjects/xmltoexp/ATEPP-1.2/ATEPP-1.2/Wolfgang_Amadeus_Mozart/Piano_Sonata_No._5_in_G_Major,_K._283/I._Allegro/Sonata_No._5_1st_Movement_K._283.mxl",mozart_k283_i,mozart_k283_i,3,16,0.601452112197876,0.2884146338555871,0.0,0.0,1,False,,,6,1
L2+,"/Users/toddywang/Documents/VsCodeProjects/xmltoexp/ATEPP-1.2/ATEPP-1.2/Wolfgang_Amadeus_Mozart/Piano_Sonata_No._5_in_G_Major,_K._283/I._Allegro/Sonata_No._5_1st_Movement_K._283.mxl",mozart_k283_i,mozart_k283_i,4,22,0.7250126600265503,0.2884146338555871,0.0,0.0,1,False,,,8,1
L2+,"/Users/toddywang/Documents/VsCodeProjects/xmltoexp/ATEPP-1.2/ATEPP-1.2/Wolfgang_Amadeus_Mozart/Piano_Sonata_No._5_in_G_Major,_K._283/I._Allegro/Sonata_No._5_1st_Movement_K._283.mxl",mozart_k283_i,mozart_k283_i,5,29,0.8282663822174072,0.2884146338555871,0.0,0.0,1,False,,,10,2
L2+,"/Users/toddywang/Documents/VsCodeProjects/xmltoexp/ATEPP-1.2/ATEPP-1.2/Wolfgang_Amadeus_Mozart/Piano_Sonata_No._5_in_G_Major,_K._283/I._Allegro/Sonata_No._5_1st_Movement_K._283.mxl",mozart_k283_i,mozart_k283_i,6,35,0.6667646169662476,0.2884146338555871,0.0,0.0,1,False,,,12,2
L2+,"/Users/toddywang/Documents/VsCodeProjects/xmltoexp/ATEPP-1.2/ATEPP-1.2/Wolfgang_Amadeus_Mozart/Piano_Sonata_No._5_in_G_Major,_K._283/I._Allegro/Sonata_No._5_1st_Movement_K._283.mxl",mozart_k283_i,mozart_k283_i,7,43,0.38313862681388855,0.2884146338555871,0.0,0.0,1,False,,,15,1
L2+,"/Users/toddywang/Documents/VsCodeProjects/xmltoexp/ATEPP-1.2/ATEPP-1.2/Wolfgang_Amadeus_Mozart/Piano_Sonata_No._5_in_G_Major,_K._283/I._Allegro/Sonata_No._5_1st_Movement_K._283.mxl",mozart_k283_i,mozart_k283_i,8,49,0.846005380153656,0.2884146338555871,0.0,0.0,1,False,,,17,1
L2+,"/Users/toddywang/Documents/VsCodeProjects/xmltoexp/ATEPP-1.2/ATEPP-1.2/Wolfgang_Amadeus_Mozart/Piano_Sonata_No._5_in_G_Major,_K._283/I._Allegro/Sonata_No._5_1st_Movement_K._283.mxl",mozart_k283_i,mozart_k283_i,9,55,0.5969895124435425,0.2884146338555871,0.0,0.0,1,False,,,19,1
L2+,"/Users/toddywang/Documents/VsCodeProjects/xmltoexp/ATEPP-1.2/ATEPP-1.2/Wolfgang_Amadeus_Mozart/Piano_Sonata_No._5_in_G_Major,_K._283/I._Allegro/Sonata_No._5_1st_Movement_K._283.mxl",mozart_k283_i,mozart_k283_i,10,66,0.9286412000656128,0.2884146338555871,0.0,0.0,1,False,,,22,3
L2+,"/Users/toddywang/Documents/VsCodeProjects/xmltoexp/ATEPP-1.2/ATEPP-1.2/Wolfgang_Amadeus_Mozart/Piano_Sonata_No._5_in_G_Major,_K._283/I._Allegro/Sonata_No._5_1st_Movement_K._283.mxl",mozart_k283_i,mozart_k283_i,11,73,0.6309167146682739,0.2884146338555871,0.0,0.0,1,False,,,25,1
L2+,"/Users/toddywang/Documents/VsCodeProjects/xmltoexp/ATEPP-1.2/ATEPP-1.2/Wolfgang_Amadeus_Mozart/Piano_Sonata_No._5_in_G_Major,_K._283/I._Allegro/Sonata_No._5_1st_Movement_K._283.mxl",mozart_k283_i,mozart_k283_i,12,79,0.7502130270004272,0.2884146338555871,0.0,0.0,1,False,,,27,1
L2+,"/Users/toddywang/Documents/VsCodeProjects/xmltoexp/ATEPP-1.2/ATEPP-1.2/Wolfgang_Amadeus_Mozart/Piano_Sonata_No._5_in_G_Major,_K._283/I._Allegro/Sonata_No._5_1st_Movement_K._283.mxl",mozart_k283_i,mozart_k283_i,13,85,0.6533516645431519,0.2884146338555871,0.0,0.0,1,False,,,29,1
L2+,"/Users/toddywang/Documents/VsCodeProjects/xmltoexp/ATEPP-1.2/ATEPP-1.2/Wolfgang_Amadeus_Mozart/Piano_Sonata_No._5_in_G_Major,_K._283/I._Allegro/Sonata_No._5_1st_Movement_K._283.mxl",mozart_k283_i,mozart_k283_i,14,91,0.8222143054008484,0.2884146338555871,0.0,0.0,1,False,,,31,1
L2+,"/Users/toddywang/Documents/VsCodeProjects/xmltoexp/ATEPP-1.2/ATEPP-1.2/Wolfgang_Amadeus_Mozart/Piano_Sonata_No._5_in_G_Major,_K._283/I._Allegro/Sonata_No._5_1st_Movement_K._283.mxl",mozart_k283_i,mozart_k283_i,15,97,0.7261684536933899,0.2884146338555871,0.0,0.0,1,False,,,33,1
L2+,"/Users/toddywang/Documents/VsCodeProjects/xmltoexp/ATEPP-1.2/ATEPP-1.2/Wolfgang_Amadeus_Mozart/Piano_Sonata_No._5_in_G_Major,_K._283/I._Allegro/Sonata_No._5_1st_Movement_K._283.mxl",mozart_k283_i,mozart_k283_i,16,106,0.7804281115531921,0.2884146338555871,0.0,0.0,1,False,,,36,1
L2+,"/Users/toddywang/Documents/VsCodeProjects/xmltoexp/ATEPP-1.2/ATEPP-1.2/Wolfgang_Amadeus_Mozart/Piano_Sonata_No._5_in_G_Major,_K._283/I._Allegro/Sonata_No._5_1st_Movement_K._283.mxl",mozart_k283_i,mozart_k283_i,17,113,0.7117674350738525,0.2884146338555871,0.0,0.0,1,False,,,38,2
L2+,"/Users/toddywang/Documents/VsCodeProjects/xmltoexp/ATEPP-1.2/ATEPP-1.2/Wolfgang_Amadeus_Mozart/Piano_Sonata_No._5_in_G_Major,_K._283/I._Allegro/Sonata_No._5_1st_Movement_K._283.mxl",mozart_k283_i,mozart_k283_i,18,121,0.7716719508171082,0.2884146338555871,0.0,0.0,1,False,,,41,1
L2+,"/Users/toddywang/Documents/VsCodeProjects/xmltoexp/ATEPP-1.2/ATEPP-1.2/Wolfgang_Amadeus_Mozart/Piano_Sonata_No._5_in_G_Major,_K._283/I._Allegro/Sonata_No._5_1st_Movement_K._283.mxl",mozart_k283_i,mozart_k283_i,19,130,0.6653608679771423,0.2884146338555871,0.0,0.0,1,False,,,44,1
L2+,"/Users/toddywang/Documents/VsCodeProjects/xmltoexp/ATEPP-1.2/ATEPP-1.2/Wolfgang_Amadeus_Mozart/Piano_Sonata_No._5_in_G_Major,_K._283/I._Allegro/Sonata_No._5_1st_Movement_K._283.mxl",mozart_k283_i,mozart_k283_i,20,136,0.6018383502960205,0.2884146338555871,0.0,0.0,1,False,,,46,1
L2+,"/Users/toddywang/Documents/VsCodeProjects/xmltoexp/ATEPP-1.2/ATEPP-1.2/Wolfgang_Amadeus_Mozart/Piano_Sonata_No._5_in_G_Major,_K._283/I._Allegro/Sonata_No._5_1st_Movement_K._283.mxl",mozart_k283_i,mozart_k283_i,21,145,0.6453070044517517,0.2884146338555871,0.0,0.0,1,False,,,49,1
L2+,"/Users/toddywang/Documents/VsCodeProjects/xmltoexp/ATEPP-1.2/ATEPP-1.2/Wolfgang_Amadeus_Mozart/Piano_Sonata_No._5_in_G_Major,_K._283/I._Allegro/Sonata_No._5_1st_Movement_K._283.mxl",mozart_k283_i,mozart_k283_i,22,151,0.5089669823646545,0.2884146338555871,0.0,0.0,1,False,,,51,1
L2+,"/Users/toddywang/Documents/VsCodeProjects/xmltoexp/ATEPP-1.2/ATEPP-1.2/Wolfgang_Amadeus_Mozart/Piano_Sonata_No._5_in_G_Major,_K._283/I._Allegro/Sonata_No._5_1st_Movement_K._283.mxl",mozart_k283_i,mozart_k283_i,23,158,0.9207007884979248,0.2884146338555871,0.0,0.0,1,False,,,53,2
L2+,"/Users/toddywang/Documents/VsCodeProjects/xmltoexp/ATEPP-1.2/ATEPP-1.2/Wolfgang_Amadeus_Mozart/Piano_Sonata_No._5_in_G_Major,_K._283/I._Allegro/Sonata_No._5_1st_Movement_K._283.mxl",mozart_k283_i,mozart_k283_i,24,169,0.7797717452049255,0.2884146338555871,0.0,0.0,1,False,,,4,1
L2+,"/Users/toddywang/Documents/VsCodeProjects/xmltoexp/ATEPP-1.2/ATEPP-1.2/Wolfgang_Amadeus_Mozart/Piano_Sonata_No._5_in_G_Major,_K._283/I._Allegro/Sonata_No._5_1st_Movement_K._283.mxl",mozart_k283_i,mozart_k283_i,25,175,0.5757102370262146,0.2884146338555871,0.0,0.0,1,False,,,6,1
L2+,"/Users/toddywang/Documents/VsCodeProjects/xmltoexp/ATEPP-1.2/ATEPP-1.2/Wolfgang_Amadeus_Mozart/Piano_Sonata_No._5_in_G_Major,_K._283/I._Allegro/Sonata_No._5_1st_Movement_K._283.mxl",mozart_k283_i,mozart_k283_i,26,181,0.7646628022193909,0.2884146338555871,0.0,0.0,1,False,,,8,1
L2+,"/Users/toddywang/Documents/VsCodeProjects/xmltoexp/ATEPP-1.2/ATEPP-1.2/Wolfgang_Amadeus_Mozart/Piano_Sonata_No._5_in_G_Major,_K._283/I._Allegro/Sonata_No._5_1st_Movement_K._283.mxl",mozart_k283_i,mozart_k283_i,27,188,0.8017203211784363,0.2884146338555871,0.0,0.0,1,False,,,10,2
L2+,"/Users/toddywang/Documents/VsCodeProjects/xmltoexp/ATEPP-1.2/ATEPP-1.2/Wolfgang_Amadeus_Mozart/Piano_Sonata_No._5_in_G_Major,_K._283/I._Allegro/Sonata_No._5_1st_Movement_K._283.mxl",mozart_k283_i,mozart_k283_i,28,199,0.6722561717033386,0.2884146338555871,0.0,0.0,1,False,,,14,1
L2+,"/Users/toddywang/Documents/VsCodeProjects/xmltoexp/ATEPP-1.2/ATEPP-1.2/Wolfgang_Amadeus_Mozart/Piano_Sonata_No._5_in_G_Major,_K._283/I._Allegro/Sonata_No._5_1st_Movement_K._283.mxl",mozart_k283_i,mozart_k283_i,29,208,0.809351921081543,0.2884146338555871,0.0,0.0,1,False,,,17,1
L2+,"/Users/toddywang/Documents/VsCodeProjects/xmltoexp/ATEPP-1.2/ATEPP-1.2/Wolfgang_Amadeus_Mozart/Piano_Sonata_No._5_in_G_Major,_K._283/I._Allegro/Sonata_No._5_1st_Movement_K._283.mxl",mozart_k283_i,mozart_k283_i,30,214,0.6566036939620972,0.2884146338555871,0.0,0.0,1,False,,,19,1
L2+,"/Users/toddywang/Documents/VsCodeProjects/xmltoexp/ATEPP-1.2/ATEPP-1.2/Wolfgang_Amadeus_Mozart/Piano_Sonata_No._5_in_G_Major,_K._283/I._Allegro/Sonata_No._5_1st_Movement_K._283.mxl",mozart_k283_i,mozart_k283_i,31,225,0.9231595993041992,0.2884146338555871,0.0,0.0,1,False,,,22,3
L2+,"/Users/toddywang/Documents/VsCodeProjects/xmltoexp/ATEPP-1.2/ATEPP-1.2/Wolfgang_Amadeus_Mozart/Piano_Sonata_No._5_in_G_Major,_K._283/I._Allegro/Sonata_No._5_1st_Movement_K._283.mxl",mozart_k283_i,mozart_k283_i,32,231,0.49275314807891846,0.2884146338555871,0.0,0.0,1,False,,,24,3
L2+,"/Users/toddywang/Documents/VsCodeProjects/xmltoexp/ATEPP-1.2/ATEPP-1.2/Wolfgang_Amadeus_Mozart/Piano_Sonata_No._5_in_G_Major,_K._283/I._Allegro/Sonata_No._5_1st_Movement_K._283.mxl",mozart_k283_i,mozart_k283_i,33,238,0.7679946422576904,0.2884146338555871,0.0,0.0,1,False,,,27,1
L2+,"/Users/toddywang/Documents/VsCodeProjects/xmltoexp/ATEPP-1.2/ATEPP-1.2/Wolfgang_Amadeus_Mozart/Piano_Sonata_No._5_in_G_Major,_K._283/I._Allegro/Sonata_No._5_1st_Movement_K._283.mxl",mozart_k283_i,mozart_k283_i,34,244,0.5321041345596313,0.2884146338555871,0.0,0.0,1,False,,,29,1
L2+,"/Users/toddywang/Documents/VsCodeProjects/xmltoexp/ATEPP-1.2/ATEPP-1.2/Wolfgang_Amadeus_Mozart/Piano_Sonata_No._5_in_G_Major,_K._283/I._Allegro/Sonata_No._5_1st_Movement_K._283.mxl",mozart_k283_i,mozart_k283_i,35,250,0.841658890247345,0.2884146338555871,0.0,0.0,1,False,,,31,1
L2+,"/Users/toddywang/Documents/VsCodeProjects/xmltoexp/ATEPP-1.2/ATEPP-1.2/Wolfgang_Amadeus_Mozart/Piano_Sonata_No._5_in_G_Major,_K._283/I._Allegro/Sonata_No._5_1st_Movement_K._283.mxl",mozart_k283_i,mozart_k283_i,36,256,0.6188521981239319,0.2884146338555871,0.0,0.0,1,False,,,33,1
L2+,"/Users/toddywang/Documents/VsCodeProjects/xmltoexp/ATEPP-1.2/ATEPP-1.2/Wolfgang_Amadeus_Mozart/Piano_Sonata_No._5_in_G_Major,_K._283/I._Allegro/Sonata_No._5_1st_Movement_K._283.mxl",mozart_k283_i,mozart_k283_i,37,265,0.8218884468078613,0.2884146338555871,0.0,0.0,1,False,,,36,1
L2+,"/Users/toddywang/Documents/VsCodeProjects/xmltoexp/ATEPP-1.2/ATEPP-1.2/Wolfgang_Amadeus_Mozart/Piano_Sonata_No._5_in_G_Major,_K._283/I._Allegro/Sonata_No._5_1st_Movement_K._283.mxl",mozart_k283_i,mozart_k283_i,38,272,0.665254533290863,0.2884146338555871,0.0,0.0,1,False,,,38,2
L2+,"/Users/toddywang/Documents/VsCodeProjects/xmltoexp/ATEPP-1.2/ATEPP-1.2/Wolfgang_Amadeus_Mozart/Piano_Sonata_No._5_in_G_Major,_K._283/I._Allegro/Sonata_No._5_1st_Movement_K._283.mxl",mozart_k283_i,mozart_k283_i,39,280,0.6909716129302979,0.2884146338555871,0.0,0.0,1,False,,,41,1
L2+,"/Users/toddywang/Documents/VsCodeProjects/xmltoexp/ATEPP-1.2/ATEPP-1.2/Wolfgang_Amadeus_Mozart/Piano_Sonata_No._5_in_G_Major,_K._283/I._Allegro/Sonata_No._5_1st_Movement_K._283.mxl",mozart_k283_i,mozart_k283_i,40,289,0.6968433856964111,0.2884146338555871,0.0,0.0,1,False,,,44,1
L2+,"/Users/toddywang/Documents/VsCodeProjects/xmltoexp/ATEPP-1.2/ATEPP-1.2/Wolfgang_Amadeus_Mozart/Piano_Sonata_No._5_in_G_Major,_K._283/I._Allegro/Sonata_No._5_1st_Movement_K._283.mxl",mozart_k283_i,mozart_k283_i,41,295,0.5791547894477844,0.2884146338555871,0.0,0.0,1,False,,,46,1
L2+,"/Users/toddywang/Documents/VsCodeProjects/xmltoexp/ATEPP-1.2/ATEPP-1.2/Wolfgang_Amadeus_Mozart/Piano_Sonata_No._5_in_G_Major,_K._283/I._Allegro/Sonata_No._5_1st_Movement_K._283.mxl",mozart_k283_i,mozart_k283_i,42,301,0.6519625782966614,0.2884146338555871,0.0,0.0,1,False,,,48,1
L2+,"/Users/toddywang/Documents/VsCodeProjects/xmltoexp/ATEPP-1.2/ATEPP-1.2/Wolfgang_Amadeus_Mozart/Piano_Sonata_No._5_in_G_Major,_K._283/I._Allegro/Sonata_No._5_1st_Movement_K._283.mxl",mozart_k283_i,mozart_k283_i,43,310,0.5072978734970093,0.2884146338555871,0.0,0.0,1,False,,,51,1
L2+,"/Users/toddywang/Documents/VsCodeProjects/xmltoexp/ATEPP-1.2/ATEPP-1.2/Wolfgang_Amadeus_Mozart/Piano_Sonata_No._5_in_G_Major,_K._283/I._Allegro/Sonata_No._5_1st_Movement_K._283.mxl",mozart_k283_i,mozart_k283_i,44,318,0.7919058799743652,0.2884146338555871,0.0,0.0,1,False,,,53,1
L2+,"/Users/toddywang/Documents/VsCodeProjects/xmltoexp/ATEPP-1.2/ATEPP-1.2/Wolfgang_Amadeus_Mozart/Piano_Sonata_No._5_in_G_Major,_K._283/I._Allegro/Sonata_No._5_1st_Movement_K._283.mxl",mozart_k283_i,mozart_k283_i,45,325,0.6984413862228394,0.2884146338555871,0.0,0.0,1,False,,,56,1
L2+,"/Users/toddywang/Documents/VsCodeProjects/xmltoexp/ATEPP-1.2/ATEPP-1.2/Wolfgang_Amadeus_Mozart/Piano_Sonata_No._5_in_G_Major,_K._283/I._Allegro/Sonata_No._5_1st_Movement_K._283.mxl",mozart_k283_i,mozart_k283_i,46,334,0.8173083662986755,0.2884146338555871,0.0,0.0,1,False,,,59,1
L2+,"/Users/toddywang/Documents/VsCodeProjects/xmltoexp/ATEPP-1.2/ATEPP-1.2/Wolfgang_Amadeus_Mozart/Piano_Sonata_No._5_in_G_Major,_K._283/I._Allegro/Sonata_No._5_1st_Movement_K._283.mxl",mozart_k283_i,mozart_k283_i,47,340,0.8070253729820251,0.2884146338555871,0.0,0.0,1,False,,,61,1
L2+,"/Users/toddywang/Documents/VsCodeProjects/xmltoexp/ATEPP-1.2/ATEPP-1.2/Wolfgang_Amadeus_Mozart/Piano_Sonata_No._5_in_G_Major,_K._283/I._Allegro/Sonata_No._5_1st_Movement_K._283.mxl",mozart_k283_i,mozart_k283_i,48,350,0.5948213338851929,0.2884146338555871,0.0,0.0,1,False,,,64,2
L2+,"/Users/toddywang/Documents/VsCodeProjects/xmltoexp/ATEPP-1.2/ATEPP-1.2/Wolfgang_Amadeus_Mozart/Piano_Sonata_No._5_in_G_Major,_K._283/I._Allegro/Sonata_No._5_1st_Movement_K._283.mxl",mozart_k283_i,mozart_k283_i,49,361,0.7046459913253784,0.2884146338555871,0.0,0.0,1,False,,,68,1
L2+,"/Users/toddywang/Documents/VsCodeProjects/xmltoexp/ATEPP-1.2/ATEPP-1.2/Wolfgang_Amadeus_Mozart/Piano_Sonata_No._5_in_G_Major,_K._283/I._Allegro/Sonata_No._5_1st_Movement_K._283.mxl",mozart_k283_i,mozart_k283_i,50,367,0.8011428117752075,0.2884146338555871,0.0,0.0,1,False,,,70,1
L2+,"/Users/toddywang/Documents/VsCodeProjects/xmltoexp/ATEPP-1.2/ATEPP-1.2/Wolfgang_Amadeus_Mozart/Piano_Sonata_No._5_in_G_Major,_K._283/I._Allegro/Sonata_No._5_1st_Movement_K._283.mxl",mozart_k283_i,mozart_k283_i,51,373,0.698627769947052,0.2884146338555871,0.0,0.0,1,False,,,72,1
L2+,"/Users/toddywang/Documents/VsCodeProjects/xmltoexp/ATEPP-1.2/ATEPP-1.2/Wolfgang_Amadeus_Mozart/Piano_Sonata_No._5_in_G_Major,_K._283/I._Allegro/Sonata_No._5_1st_Movement_K._283.mxl",mozart_k283_i,mozart_k283_i,52,379,0.6037525534629822,0.2884146338555871,0.0,0.0,1,False,,,74,1
L2+,"/Users/toddywang/Documents/VsCodeProjects/xmltoexp/ATEPP-1.2/ATEPP-1.2/Wolfgang_Amadeus_Mozart/Piano_Sonata_No._5_in_G_Major,_K._283/I._Allegro/Sonata_No._5_1st_Movement_K._283.mxl",mozart_k283_i,mozart_k283_i,53,385,0.759670078754425,0.2884146338555871,0.0,0.0,1,False,,,76,1
L2+,"/Users/toddywang/Documents/VsCodeProjects/xmltoexp/ATEPP-1.2/ATEPP-1.2/Wolfgang_Amadeus_Mozart/Piano_Sonata_No._5_in_G_Major,_K._283/I._Allegro/Sonata_No._5_1st_Movement_K._283.mxl",mozart_k283_i,mozart_k283_i,54,395,0.7879123687744141,0.2884146338555871,0.0,0.0,1,False,,,79,2
L2+,"/Users/toddywang/Documents/VsCodeProjects/xmltoexp/ATEPP-1.2/ATEPP-1.2/Wolfgang_Amadeus_Mozart/Piano_Sonata_No._5_in_G_Major,_K._283/I._Allegro/Sonata_No._5_1st_Movement_K._283.mxl",mozart_k283_i,mozart_k283_i,55,403,0.4682769775390625,0.2884146338555871,0.0,0.0,1,False,,,82,1
L2+,"/Users/toddywang/Documents/VsCodeProjects/xmltoexp/ATEPP-1.2/ATEPP-1.2/Wolfgang_Amadeus_Mozart/Piano_Sonata_No._5_in_G_Major,_K._283/I._Allegro/Sonata_No._5_1st_Movement_K._283.mxl",mozart_k283_i,mozart_k283_i,56,409,0.8658328056335449,0.2884146338555871,0.0,0.0,1,False,,,84,1
L2+,"/Users/toddywang/Documents/VsCodeProjects/xmltoexp/ATEPP-1.2/ATEPP-1.2/Wolfgang_Amadeus_Mozart/Piano_Sonata_No._5_in_G_Major,_K._283/I._Allegro/Sonata_No._5_1st_Movement_K._283.mxl",mozart_k283_i,mozart_k283_i,57,415,0.6228335499763489,0.2884146338555871,0.0,0.0,1,False,,,86,1
L2+,"/Users/toddywang/Documents/VsCodeProjects/xmltoexp/ATEPP-1.2/ATEPP-1.2/Wolfgang_Amadeus_Mozart/Piano_Sonata_No._5_in_G_Major,_K._283/I._Allegro/Sonata_No._5_1st_Movement_K._283.mxl",mozart_k283_i,mozart_k283_i,58,426,0.9129114151000977,0.2884146338555871,0.0,0.0,1,False,,,89,3
L2+,"/Users/toddywang/Documents/VsCodeProjects/xmltoexp/ATEPP-1.2/ATEPP-1.2/Wolfgang_Amadeus_Mozart/Piano_Sonata_No._5_in_G_Major,_K._283/I._Allegro/Sonata_No._5_1st_Movement_K._283.mxl",mozart_k283_i,mozart_k283_i,59,432,0.5657416582107544,0.2884146338555871,0.0,0.0,1,False,,,91,3
L2+,"/Users/toddywang/Documents/VsCodeProjects/xmltoexp/ATEPP-1.2/ATEPP-1.2/Wolfgang_Amadeus_Mozart/Piano_Sonata_No._5_in_G_Major,_K._283/I._Allegro/Sonata_No._5_1st_Movement_K._283.mxl",mozart_k283_i,mozart_k283_i,60,439,0.6848151683807373,0.2884146338555871,0.0,0.0,1,False,,,94,1
L2+,"/Users/toddywang/Documents/VsCodeProjects/xmltoexp/ATEPP-1.2/ATEPP-1.2/Wolfgang_Amadeus_Mozart/Piano_Sonata_No._5_in_G_Major,_K._283/I._Allegro/Sonata_No._5_1st_Movement_K._283.mxl",mozart_k283_i,mozart_k283_i,61,445,0.5784542560577393,0.2884146338555871,0.0,0.0,1,False,,,96,1
L2+,"/Users/toddywang/Documents/VsCodeProjects/xmltoexp/ATEPP-1.2/ATEPP-1.2/Wolfgang_Amadeus_Mozart/Piano_Sonata_No._5_in_G_Major,_K._283/I._Allegro/Sonata_No._5_1st_Movement_K._283.mxl",mozart_k283_i,mozart_k283_i,62,451,0.7797975540161133,0.2884146338555871,0.0,0.0,1,False,,,98,1
L2+,"/Users/toddywang/Documents/VsCodeProjects/xmltoexp/ATEPP-1.2/ATEPP-1.2/Wolfgang_Amadeus_Mozart/Piano_Sonata_No._5_in_G_Major,_K._283/I._Allegro/Sonata_No._5_1st_Movement_K._283.mxl",mozart_k283_i,mozart_k283_i,63,457,0.7390177249908447,0.2884146338555871,0.0,0.0,1,False,,,100,1
L2+,"/Users/toddywang/Documents/VsCodeProjects/xmltoexp/ATEPP-1.2/ATEPP-1.2/Wolfgang_Amadeus_Mozart/Piano_Sonata_No._5_in_G_Major,_K._283/I._Allegro/Sonata_No._5_1st_Movement_K._283.mxl",mozart_k283_i,mozart_k283_i,64,466,0.7475590109825134,0.2884146338555871,0.0,0.0,1,False,,,103,1
L2+,"/Users/toddywang/Documents/VsCodeProjects/xmltoexp/ATEPP-1.2/ATEPP-1.2/Wolfgang_Amadeus_Mozart/Piano_Sonata_No._5_in_G_Major,_K._283/I._Allegro/Sonata_No._5_1st_Movement_K._283.mxl",mozart_k283_i,mozart_k283_i,65,473,0.7464041113853455,0.2884146338555871,0.0,0.0,1,False,,,105,2
L2+,"/Users/toddywang/Documents/VsCodeProjects/xmltoexp/ATEPP-1.2/ATEPP-1.2/Wolfgang_Amadeus_Mozart/Piano_Sonata_No._5_in_G_Major,_K._283/I._Allegro/Sonata_No._5_1st_Movement_K._283.mxl",mozart_k283_i,mozart_k283_i,66,481,0.6958853006362915,0.2884146338555871,0.0,0.0,1,False,,,108,1
L2+,"/Users/toddywang/Documents/VsCodeProjects/xmltoexp/ATEPP-1.2/ATEPP-1.2/Wolfgang_Amadeus_Mozart/Piano_Sonata_No._5_in_G_Major,_K._283/I._Allegro/Sonata_No._5_1st_Movement_K._283.mxl",mozart_k283_i,mozart_k283_i,67,490,0.6654767990112305,0.2884146338555871,0.0,0.0,1,False,,,111,1
L2+,"/Users/toddywang/Documents/VsCodeProjects/xmltoexp/ATEPP-1.2/ATEPP-1.2/Wolfgang_Amadeus_Mozart/Piano_Sonata_No._5_in_G_Major,_K._283/I._Allegro/Sonata_No._5_1st_Movement_K._283.mxl",mozart_k283_i,mozart_k283_i,68,496,0.7132488489151001,0.2884146338555871,0.0,0.0,1,False,,,113,1
L2+,"/Users/toddywang/Documents/VsCodeProjects/xmltoexp/ATEPP-1.2/ATEPP-1.2/Wolfgang_Amadeus_Mozart/Piano_Sonata_No._5_in_G_Major,_K._283/I._Allegro/Sonata_No._5_1st_Movement_K._283.mxl",mozart_k283_i,mozart_k283_i,69,505,0.7065587043762207,0.2884146338555871,0.0,0.0,1,False,,,116,1
L2+,"/Users/toddywang/Documents/VsCodeProjects/xmltoexp/ATEPP-1.2/ATEPP-1.2/Wolfgang_Amadeus_Mozart/Piano_Sonata_No._5_in_G_Major,_K._283/I._Allegro/Sonata_No._5_1st_Movement_K._283.mxl",mozart_k283_i,mozart_k283_i,70,511,0.5118697285652161,0.2884146338555871,0.0,0.0,1,False,,,118,1
L2+,"/Users/toddywang/Documents/VsCodeProjects/xmltoexp/ATEPP-1.2/ATEPP-1.2/Wolfgang_Amadeus_Mozart/Piano_Sonata_No._5_in_G_Major,_K._283/I._Allegro/Sonata_No._5_1st_Movement_K._283.mxl",mozart_k283_i,mozart_k283_i,71,520,0.7869850397109985,0.2884146338555871,0.0,0.0,1,False,,,54,1
L2+,"/Users/toddywang/Documents/VsCodeProjects/xmltoexp/ATEPP-1.2/ATEPP-1.2/Wolfgang_Amadeus_Mozart/Piano_Sonata_No._5_in_G_Major,_K._283/I._Allegro/Sonata_No._5_1st_Movement_K._283.mxl",mozart_k283_i,mozart_k283_i,72,529,0.7568256855010986,0.2884146338555871,0.0,0.0,1,False,,,57,1
L2+,"/Users/toddywang/Documents/VsCodeProjects/xmltoexp/ATEPP-1.2/ATEPP-1.2/Wolfgang_Amadeus_Mozart/Piano_Sonata_No._5_in_G_Major,_K._283/I._Allegro/Sonata_No._5_1st_Movement_K._283.mxl",mozart_k283_i,mozart_k283_i,73,535,0.8157166242599487,0.2884146338555871,0.0,0.0,1,False,,,59,1
L2+,"/Users/toddywang/Documents/VsCodeProjects/xmltoexp/ATEPP-1.2/ATEPP-1.2/Wolfgang_Amadeus_Mozart/Piano_Sonata_No._5_in_G_Major,_K._283/I._Allegro/Sonata_No._5_1st_Movement_K._283.mxl",mozart_k283_i,mozart_k283_i,74,541,0.8332809805870056,0.2884146338555871,0.0,0.0,1,False,,,61,1
L2+,"/Users/toddywang/Documents/VsCodeProjects/xmltoexp/ATEPP-1.2/ATEPP-1.2/Wolfgang_Amadeus_Mozart/Piano_Sonata_No._5_in_G_Major,_K._283/I._Allegro/Sonata_No._5_1st_Movement_K._283.mxl",mozart_k283_i,mozart_k283_i,75,551,0.5783018469810486,0.2884146338555871,0.0,0.0,1,False,,,64,2
L2+,"/Users/toddywang/Documents/VsCodeProjects/xmltoexp/ATEPP-1.2/ATEPP-1.2/Wolfgang_Amadeus_Mozart/Piano_Sonata_No._5_in_G_Major,_K._283/I._Allegro/Sonata_No._5_1st_Movement_K._283.mxl",mozart_k283_i,mozart_k283_i,76,559,0.3718620240688324,0.2884146338555871,0.0,0.0,1,False,,,67,1
L2+,"/Users/toddywang/Documents/VsCodeProjects/xmltoexp/ATEPP-1.2/ATEPP-1.2/Wolfgang_Amadeus_Mozart/Piano_Sonata_No._5_in_G_Major,_K._283/I._Allegro/Sonata_No._5_1st_Movement_K._283.mxl",mozart_k283_i,mozart_k283_i,77,568,0.7954104542732239,0.2884146338555871,0.0,0.0,1,False,,,70,1
L2+,"/Users/toddywang/Documents/VsCodeProjects/xmltoexp/ATEPP-1.2/ATEPP-1.2/Wolfgang_Amadeus_Mozart/Piano_Sonata_No._5_in_G_Major,_K._283/I._Allegro/Sonata_No._5_1st_Movement_K._283.mxl",mozart_k283_i,mozart_k283_i,78,577,0.6917139887809753,0.2884146338555871,0.0,0.0,1,False,,,73,1
L2+,"/Users/toddywang/Documents/VsCodeProjects/xmltoexp/ATEPP-1.2/ATEPP-1.2/Wolfgang_Amadeus_Mozart/Piano_Sonata_No._5_in_G_Major,_K._283/I._Allegro/Sonata_No._5_1st_Movement_K._283.mxl",mozart_k283_i,mozart_k283_i,79,586,0.6868827939033508,0.2884146338555871,0.0,0.0,1,False,,,76,1
L2+,"/Users/toddywang/Documents/VsCodeProjects/xmltoexp/ATEPP-1.2/ATEPP-1.2/Wolfgang_Amadeus_Mozart/Piano_Sonata_No._5_in_G_Major,_K._283/I._Allegro/Sonata_No._5_1st_Movement_K._283.mxl",mozart_k283_i,mozart_k283_i,80,597,0.7224951982498169,0.2884146338555871,0.0,0.0,1,False,,,79,3
L2+,"/Users/toddywang/Documents/VsCodeProjects/xmltoexp/ATEPP-1.2/ATEPP-1.2/Wolfgang_Amadeus_Mozart/Piano_Sonata_No._5_in_G_Major,_K._283/I._Allegro/Sonata_No._5_1st_Movement_K._283.mxl",mozart_k283_i,mozart_k283_i,81,604,0.4483533203601837,0.2884146338555871,0.0,0.0,1,False,,,82,1
L2+,"/Users/toddywang/Documents/VsCodeProjects/xmltoexp/ATEPP-1.2/ATEPP-1.2/Wolfgang_Amadeus_Mozart/Piano_Sonata_No._5_in_G_Major,_K._283/I._Allegro/Sonata_No._5_1st_Movement_K._283.mxl",mozart_k283_i,mozart_k283_i,82,610,0.827894926071167,0.2884146338555871,0.0,0.0,1,False,,,84,1
L2+,"/Users/toddywang/Documents/VsCodeProjects/xmltoexp/ATEPP-1.2/ATEPP-1.2/Wolfgang_Amadeus_Mozart/Piano_Sonata_No._5_in_G_Major,_K._283/I._Allegro/Sonata_No._5_1st_Movement_K._283.mxl",mozart_k283_i,mozart_k283_i,83,616,0.66433185338974,0.2884146338555871,0.0,0.0,1,False,,,86,1
L2+,"/Users/toddywang/Documents/VsCodeProjects/xmltoexp/ATEPP-1.2/ATEPP-1.2/Wolfgang_Amadeus_Mozart/Piano_Sonata_No._5_in_G_Major,_K._283/I._Allegro/Sonata_No._5_1st_Movement_K._283.mxl",mozart_k283_i,mozart_k283_i,84,627,0.9083824753761292,0.2884146338555871,0.0,0.0,1,False,,,89,3
L2+,"/Users/toddywang/Documents/VsCodeProjects/xmltoexp/ATEPP-1.2/ATEPP-1.2/Wolfgang_Amadeus_Mozart/Piano_Sonata_No._5_in_G_Major,_K._283/I._Allegro/Sonata_No._5_1st_Movement_K._283.mxl",mozart_k283_i,mozart_k283_i,85,633,0.5131064057350159,0.2884146338555871,0.0,0.0,1,False,,,91,3
L2+,"/Users/toddywang/Documents/VsCodeProjects/xmltoexp/ATEPP-1.2/ATEPP-1.2/Wolfgang_Amadeus_Mozart/Piano_Sonata_No._5_in_G_Major,_K._283/I._Allegro/Sonata_No._5_1st_Movement_K._283.mxl",mozart_k283_i,mozart_k283_i,86,640,0.6555682420730591,0.2884146338555871,0.0,0.0,1,False,,,94,1
L2+,"/Users/toddywang/Documents/VsCodeProjects/xmltoexp/ATEPP-1.2/ATEPP-1.2/Wolfgang_Amadeus_Mozart/Piano_Sonata_No._5_in_G_Major,_K._283/I._Allegro/Sonata_No._5_1st_Movement_K._283.mxl",mozart_k283_i,mozart_k283_i,87,646,0.5027141571044922,0.2884146338555871,0.0,0.0,1,False,,,96,1
L2+,"/Users/toddywang/Documents/VsCodeProjects/xmltoexp/ATEPP-1.2/ATEPP-1.2/Wolfgang_Amadeus_Mozart/Piano_Sonata_No._5_in_G_Major,_K._283/I._Allegro/Sonata_No._5_1st_Movement_K._283.mxl",mozart_k283_i,mozart_k283_i,88,652,0.7398746013641357,0.2884146338555871,0.0,0.0,1,False,,,98,1
L2+,"/Users/toddywang/Documents/VsCodeProjects/xmltoexp/ATEPP-1.2/ATEPP-1.2/Wolfgang_Amadeus_Mozart/Piano_Sonata_No._5_in_G_Major,_K._283/I._Allegro/Sonata_No._5_1st_Movement_K._283.mxl",mozart_k283_i,mozart_k283_i,89,658,0.6739314198493958,0.2884146338555871,0.0,0.0,1,False,,,100,1
L2+,"/Users/toddywang/Documents/VsCodeProjects/xmltoexp/ATEPP-1.2/ATEPP-1.2/Wolfgang_Amadeus_Mozart/Piano_Sonata_No._5_in_G_Major,_K._283/I._Allegro/Sonata_No._5_1st_Movement_K._283.mxl",mozart_k283_i,mozart_k283_i,90,667,0.642146646976471,0.2884146338555871,0.0,0.0,1,False,,,103,1
L2+,"/Users/toddywang/Documents/VsCodeProjects/xmltoexp/ATEPP-1.2/ATEPP-1.2/Wolfgang_Amadeus_Mozart/Piano_Sonata_No._5_in_G_Major,_K._283/I._Allegro/Sonata_No._5_1st_Movement_K._283.mxl",mozart_k283_i,mozart_k283_i,91,674,0.7707343101501465,0.2884146338555871,0.0,0.0,1,False,,,105,2
L2+,"/Users/toddywang/Documents/VsCodeProjects/xmltoexp/ATEPP-1.2/ATEPP-1.2/Wolfgang_Amadeus_Mozart/Piano_Sonata_No._5_in_G_Major,_K._283/I._Allegro/Sonata_No._5_1st_Movement_K._283.mxl",mozart_k283_i,mozart_k283_i,92,682,0.6172278523445129,0.2884146338555871,0.0,0.0,1,False,,,108,1
L2+,"/Users/toddywang/Documents/VsCodeProjects/xmltoexp/ATEPP-1.2/ATEPP-1.2/Wolfgang_Amadeus_Mozart/Piano_Sonata_No._5_in_G_Major,_K._283/I._Allegro/Sonata_No._5_1st_Movement_K._283.mxl",mozart_k283_i,mozart_k283_i,93,691,0.5722429752349854,0.2884146338555871,0.0,0.0,1,False,,,111,1
L2+,"/Users/toddywang/Documents/VsCodeProjects/xmltoexp/ATEPP-1.2/ATEPP-1.2/Wolfgang_Amadeus_Mozart/Piano_Sonata_No._5_in_G_Major,_K._283/I._Allegro/Sonata_No._5_1st_Movement_K._283.mxl",mozart_k283_i,mozart_k283_i,94,697,0.7774280905723572,0.2884146338555871,0.0,0.0,1,False,,,113,1
L2+,"/Users/toddywang/Documents/VsCodeProjects/xmltoexp/ATEPP-1.2/ATEPP-1.2/Wolfgang_Amadeus_Mozart/Piano_Sonata_No._5_in_G_Major,_K._283/I._Allegro/Sonata_No._5_1st_Movement_K._283.mxl",mozart_k283_i,mozart_k283_i,95,709,0.6363502144813538,0.2884146338555871,0.0,0.0,1,False,,,117,1
L2+,"/Users/toddywang/Documents/VsCodeProjects/xmltoexp/ATEPP-1.2/ATEPP-1.2/Wolfgang_Amadeus_Mozart/Piano_Sonata_No._5_in_G_Major,_K._283/I._Allegro/Sonata_No._5_1st_Movement_K._283.mxl",mozart_k283_i,mozart_k283_i,96,715,0.4903034269809723,0.2884146338555871,0.0,0.0,1,False,,,119,1
L3+,"/Users/toddywang/Documents/VsCodeProjects/xmltoexp/ATEPP-1.2/ATEPP-1.2/Wolfgang_Amadeus_Mozart/Piano_Sonata_No._5_in_G_Major,_K._283/I._Allegro/Sonata_No._5_1st_Movement_K._283.mxl",mozart_k283_i,mozart_k283_i,1,13,0.726166307926178,0.573170728254609,0.0,0.0,1,False,,,5,1
L3+,"/Users/toddywang/Documents/VsCodeProjects/xmltoexp/ATEPP-1.2/ATEPP-1.2/Wolfgang_Amadeus_Mozart/Piano_Sonata_No._5_in_G_Major,_K._283/I._Allegro/Sonata_No._5_1st_Movement_K._283.mxl",mozart_k283_i,mozart_k283_i,2,22,0.5845205187797546,0.573170728254609,0.0,0.0,1,False,,,8,1
L3+,"/Users/toddywang/Documents/VsCodeProjects/xmltoexp/ATEPP-1.2/ATEPP-1.2/Wolfgang_Amadeus_Mozart/Piano_Sonata_No._5_in_G_Major,_K._283/I._Allegro/Sonata_No._5_1st_Movement_K._283.mxl",mozart_k283_i,mozart_k283_i,3,29,0.8677586317062378,0.573170728254609,0.0,0.0,1,False,,,10,2
L3+,"/Users/toddywang/Documents/VsCodeProjects/xmltoexp/ATEPP-1.2/ATEPP-1.2/Wolfgang_Amadeus_Mozart/Piano_Sonata_No._5_in_G_Major,_K._283/I._Allegro/Sonata_No._5_1st_Movement_K._283.mxl",mozart_k283_i,mozart_k283_i,4,35,0.6711906790733337,0.573170728254609,0.0,0.0,1,False,,,12,2
L3+,"/Users/toddywang/Documents/VsCodeProjects/xmltoexp/ATEPP-1.2/ATEPP-1.2/Wolfgang_Amadeus_Mozart/Piano_Sonata_No._5_in_G_Major,_K._283/I._Allegro/Sonata_No._5_1st_Movement_K._283.mxl",mozart_k283_i,mozart_k283_i,5,49,0.8642511367797852,0.573170728254609,0.0,0.0,1,False,,,17,1
L3+,"/Users/toddywang/Documents/VsCodeProjects/xmltoexp/ATEPP-1.2/ATEPP-1.2/Wolfgang_Amadeus_Mozart/Piano_Sonata_No._5_in_G_Major,_K._283/I._Allegro/Sonata_No._5_1st_Movement_K._283.mxl",mozart_k283_i,mozart_k283_i,6,66,0.9317165017127991,0.573170728254609,0.0,0.0,1,False,,,22,3
L3+,"/Users/toddywang/Documents/VsCodeProjects/xmltoexp/ATEPP-1.2/ATEPP-1.2/Wolfgang_Amadeus_Mozart/Piano_Sonata_No._5_in_G_Major,_K._283/I._Allegro/Sonata_No._5_1st_Movement_K._283.mxl",mozart_k283_i,mozart_k283_i,7,79,0.7292730808258057,0.573170728254609,0.0,0.0,1,False,,,27,1
L3+,"/Users/toddywang/Documents/VsCodeProjects/xmltoexp/ATEPP-1.2/ATEPP-1.2/Wolfgang_Amadeus_Mozart/Piano_Sonata_No._5_in_G_Major,_K._283/I._Allegro/Sonata_No._5_1st_Movement_K._283.mxl",mozart_k283_i,mozart_k283_i,8,85,0.6241620779037476,0.573170728254609,0.0,0.0,1,False,,,29,1
L3+,"/Users/toddywang/Documents/VsCodeProjects/xmltoexp/ATEPP-1.2/ATEPP-1.2/Wolfgang_Amadeus_Mozart/Piano_Sonata_No._5_in_G_Major,_K._283/I._Allegro/Sonata_No._5_1st_Movement_K._283.mxl",mozart_k283_i,mozart_k283_i,9,91,0.7926373481750488,0.573170728254609,0.0,0.0,1,False,,,31,1
L3+,"/Users/toddywang/Documents/VsCodeProjects/xmltoexp/ATEPP-1.2/ATEPP-1.2/Wolfgang_Amadeus_Mozart/Piano_Sonata_No._5_in_G_Major,_K._283/I._Allegro/Sonata_No._5_1st_Movement_K._283.mxl",mozart_k283_i,mozart_k283_i,10,97,0.6817139983177185,0.573170728254609,0.0,0.0,1,False,,,33,1
L3+,"/Users/toddywang/Documents/VsCodeProjects/xmltoexp/ATEPP-1.2/ATEPP-1.2/Wolfgang_Amadeus_Mozart/Piano_Sonata_No._5_in_G_Major,_K._283/I._Allegro/Sonata_No._5_1st_Movement_K._283.mxl",mozart_k283_i,mozart_k283_i,11,106,0.7028687596321106,0.573170728254609,0.0,0.0,1,False,,,36,1
L3+,"/Users/toddywang/Documents/VsCodeProjects/xmltoexp/ATEPP-1.2/ATEPP-1.2/Wolfgang_Amadeus_Mozart/Piano_Sonata_No._5_in_G_Major,_K._283/I._Allegro/Sonata_No._5_1st_Movement_K._283.mxl",mozart_k283_i,mozart_k283_i,12,113,0.7152552008628845,0.573170728254609,0.0,0.0,1,False,,,38,2
L3+,"/Users/toddywang/Documents/VsCodeProjects/xmltoexp/ATEPP-1.2/ATEPP-1.2/Wolfgang_Amadeus_Mozart/Piano_Sonata_No._5_in_G_Major,_K._283/I._Allegro/Sonata_No._5_1st_Movement_K._283.mxl",mozart_k283_i,mozart_k283_i,13,121,0.7615437507629395,0.573170728254609,0.0,0.0,1,False,,,41,1
L3+,"/Users/toddywang/Documents/VsCodeProjects/xmltoexp/ATEPP-1.2/ATEPP-1.2/Wolfgang_Amadeus_Mozart/Piano_Sonata_No._5_in_G_Major,_K._283/I._Allegro/Sonata_No._5_1st_Movement_K._283.mxl",mozart_k283_i,mozart_k283_i,14,133,0.6165292263031006,0.573170728254609,0.0,0.0,1,False,,,45,1
L3+,"/Users/toddywang/Documents/VsCodeProjects/xmltoexp/ATEPP-1.2/ATEPP-1.2/Wolfgang_Amadeus_Mozart/Piano_Sonata_No._5_in_G_Major,_K._283/I._Allegro/Sonata_No._5_1st_Movement_K._283.mxl",mozart_k283_i,mozart_k283_i,15,145,0.6188002824783325,0.573170728254609,0.0,0.0,1,False,,,49,1
L3+,"/Users/toddywang/Documents/VsCodeProjects/xmltoexp/ATEPP-1.2/ATEPP-1.2/Wolfgang_Amadeus_Mozart/Piano_Sonata_No._5_in_G_Major,_K._283/I._Allegro/Sonata_No._5_1st_Movement_K._283.mxl",mozart_k283_i,mozart_k283_i,16,158,0.937400221824646,0.573170728254609,0.0,0.0,1,False,,,53,2
L3+,"/Users/toddywang/Documents/VsCodeProjects/xmltoexp/ATEPP-1.2/ATEPP-1.2/Wolfgang_Amadeus_Mozart/Piano_Sonata_No._5_in_G_Major,_K._283/I._Allegro/Sonata_No._5_1st_Movement_K._283.mxl",mozart_k283_i,mozart_k283_i,17,169,0.7549982666969299,0.573170728254609,0.0,0.0,1,False,,,4,1
L3+,"/Users/toddywang/Documents/VsCodeProjects/xmltoexp/ATEPP-1.2/ATEPP-1.2/Wolfgang_Amadeus_Mozart/Piano_Sonata_No._5_in_G_Major,_K._283/I._Allegro/Sonata_No._5_1st_Movement_K._283.mxl",mozart_k283_i,mozart_k283_i,18,181,0.7105026841163635,0.573170728254609,0.0,0.0,1,False,,,8,1
L3+,"/Users/toddywang/Documents/VsCodeProjects/xmltoexp/ATEPP-1.2/ATEPP-1.2/Wolfgang_Amadeus_Mozart/Piano_Sonata_No._5_in_G_Major,_K._283/I._Allegro/Sonata_No._5_1st_Movement_K._283.mxl",mozart_k283_i,mozart_k283_i,19,188,0.8368698954582214,0.573170728254609,0.0,0.0,1,False,,,10,2
L3+,"/Users/toddywang/Documents/VsCodeProjects/xmltoexp/ATEPP-1.2/ATEPP-1.2/Wolfgang_Amadeus_Mozart/Piano_Sonata_No._5_in_G_Major,_K._283/I._Allegro/Sonata_No._5_1st_Movement_K._283.mxl",mozart_k283_i,mozart_k283_i,20,208,0.8138500452041626,0.573170728254609,0.0,0.0,1,False,,,17,1
L3+,"/Users/toddywang/Documents/VsCodeProjects/xmltoexp/ATEPP-1.2/ATEPP-1.2/Wolfgang_Amadeus_Mozart/Piano_Sonata_No._5_in_G_Major,_K._283/I._Allegro/Sonata_No._5_1st_Movement_K._283.mxl",mozart_k283_i,mozart_k283_i,21,214,0.620400071144104,0.573170728254609,0.0,0.0,1,False,,,19,1
L3+,"/Users/toddywang/Documents/VsCodeProjects/xmltoexp/ATEPP-1.2/ATEPP-1.2/Wolfgang_Amadeus_Mozart/Piano_Sonata_No._5_in_G_Major,_K._283/I._Allegro/Sonata_No._5_1st_Movement_K._283.mxl",mozart_k283_i,mozart_k283_i,22,225,0.9362425804138184,0.573170728254609,0.0,0.0,1,False,,,22,3
L3+,"/Users/toddywang/Documents/VsCodeProjects/xmltoexp/ATEPP-1.2/ATEPP-1.2/Wolfgang_Amadeus_Mozart/Piano_Sonata_No._5_in_G_Major,_K._283/I._Allegro/Sonata_No._5_1st_Movement_K._283.mxl",mozart_k283_i,mozart_k283_i,23,238,0.7426794767379761,0.573170728254609,0.0,0.0,1,False,,,27,1
L3+,"/Users/toddywang/Documents/VsCodeProjects/xmltoexp/ATEPP-1.2/ATEPP-1.2/Wolfgang_Amadeus_Mozart/Piano_Sonata_No._5_in_G_Major,_K._283/I._Allegro/Sonata_No._5_1st_Movement_K._283.mxl",mozart_k283_i,mozart_k283_i,24,250,0.8211449384689331,0.573170728254609,0.0,0.0,1,False,,,31,1
L3+,"/Users/toddywang/Documents/VsCodeProjects/xmltoexp/ATEPP-1.2/ATEPP-1.2/Wolfgang_Amadeus_Mozart/Piano_Sonata_No._5_in_G_Major,_K._283/I._Allegro/Sonata_No._5_1st_Movement_K._283.mxl",mozart_k283_i,mozart_k283_i,25,265,0.8047087788581848,0.573170728254609,0.0,0.0,1,False,,,36,1
L3+,"/Users/toddywang/Documents/VsCodeProjects/xmltoexp/ATEPP-1.2/ATEPP-1.2/Wolfgang_Amadeus_Mozart/Piano_Sonata_No._5_in_G_Major,_K._283/I._Allegro/Sonata_No._5_1st_Movement_K._283.mxl",mozart_k283_i,mozart_k283_i,26,272,0.6445262432098389,0.573170728254609,0.0,0.0,1,False,,,38,2
L3+,"/Users/toddywang/Documents/VsCodeProjects/xmltoexp/ATEPP-1.2/ATEPP-1.2/Wolfgang_Amadeus_Mozart/Piano_Sonata_No._5_in_G_Major,_K._283/I._Allegro/Sonata_No._5_1st_Movement_K._283.mxl",mozart_k283_i,mozart_k283_i,27,280,0.6693117618560791,0.573170728254609,0.0,0.0,1,False,,,41,1
L3+,"/Users/toddywang/Documents/VsCodeProjects/xmltoexp/ATEPP-1.2/ATEPP-1.2/Wolfgang_Amadeus_Mozart/Piano_Sonata_No._5_in_G_Major,_K._283/I._Allegro/Sonata_No._5_1st_Movement_K._283.mxl",mozart_k283_i,mozart_k283_i,28,289,0.6948878765106201,0.573170728254609,0.0,0.0,1,False,,,44,1
L3+,"/Users/toddywang/Documents/VsCodeProjects/xmltoexp/ATEPP-1.2/ATEPP-1.2/Wolfgang_Amadeus_Mozart/Piano_Sonata_No._5_in_G_Major,_K._283/I._Allegro/Sonata_No._5_1st_Movement_K._283.mxl",mozart_k283_i,mozart_k283_i,29,301,0.62051922082901,0.573170728254609,0.0,0.0,1,False,,,48,1
L3+,"/Users/toddywang/Documents/VsCodeProjects/xmltoexp/ATEPP-1.2/ATEPP-1.2/Wolfgang_Amadeus_Mozart/Piano_Sonata_No._5_in_G_Major,_K._283/I._Allegro/Sonata_No._5_1st_Movement_K._283.mxl",mozart_k283_i,mozart_k283_i,30,317,0.7944332361221313,0.573170728254609,0.0,0.0,1,False,,,53,2
L3+,"/Users/toddywang/Documents/VsCodeProjects/xmltoexp/ATEPP-1.2/ATEPP-1.2/Wolfgang_Amadeus_Mozart/Piano_Sonata_No._5_in_G_Major,_K._283/I._Allegro/Sonata_No._5_1st_Movement_K._283.mxl",mozart_k283_i,mozart_k283_i,31,325,0.6286143064498901,0.573170728254609,0.0,0.0,1,False,,,56,1
L3+,"/Users/toddywang/Documents/VsCodeProjects/xmltoexp/ATEPP-1.2/ATEPP-1.2/Wolfgang_Amadeus_Mozart/Piano_Sonata_No._5_in_G_Major,_K._283/I._Allegro/Sonata_No._5_1st_Movement_K._283.mxl",mozart_k283_i,mozart_k283_i,32,334,0.7195336222648621,0.573170728254609,0.0,0.0,1,False,,,59,1
L3+,"/Users/toddywang/Documents/VsCodeProjects/xmltoexp/ATEPP-1.2/ATEPP-1.2/Wolfgang_Amadeus_Mozart/Piano_Sonata_No._5_in_G_Major,_K._283/I._Allegro/Sonata_No._5_1st_Movement_K._283.mxl",mozart_k283_i,mozart_k283_i,33,340,0.7538554072380066,0.573170728254609,0.0,0.0,1,False,,,61,1
L3+,"/Users/toddywang/Documents/VsCodeProjects/xmltoexp/ATEPP-1.2/ATEPP-1.2/Wolfgang_Amadeus_Mozart/Piano_Sonata_No._5_in_G_Major,_K._283/I._Allegro/Sonata_No._5_1st_Movement_K._283.mxl",mozart_k283_i,mozart_k283_i,34,361,0.7245935201644897,0.573170728254609,0.0,0.0,1,False,,,68,1
L3+,"/Users/toddywang/Documents/VsCodeProjects/xmltoexp/ATEPP-1.2/ATEPP-1.2/Wolfgang_Amadeus_Mozart/Piano_Sonata_No._5_in_G_Major,_K._283/I._Allegro/Sonata_No._5_1st_Movement_K._283.mxl",mozart_k283_i,mozart_k283_i,35,367,0.7620760202407837,0.573170728254609,0.0,0.0,1,False,,,70,1
L3+,"/Users/toddywang/Documents/VsCodeProjects/xmltoexp/ATEPP-1.2/ATEPP-1.2/Wolfgang_Amadeus_Mozart/Piano_Sonata_No._5_in_G_Major,_K._283/I._Allegro/Sonata_No._5_1st_Movement_K._283.mxl",mozart_k283_i,mozart_k283_i,36,373,0.6999552249908447,0.573170728254609,0.0,0.0,1,False,,,72,1
L3+,"/Users/toddywang/Documents/VsCodeProjects/xmltoexp/ATEPP-1.2/ATEPP-1.2/Wolfgang_Amadeus_Mozart/Piano_Sonata_No._5_in_G_Major,_K._283/I._Allegro/Sonata_No._5_1st_Movement_K._283.mxl",mozart_k283_i,mozart_k283_i,37,385,0.7502562999725342,0.573170728254609,0.0,0.0,1,False,,,76,1
L3+,"/Users/toddywang/Documents/VsCodeProjects/xmltoexp/ATEPP-1.2/ATEPP-1.2/Wolfgang_Amadeus_Mozart/Piano_Sonata_No._5_in_G_Major,_K._283/I._Allegro/Sonata_No._5_1st_Movement_K._283.mxl",mozart_k283_i,mozart_k283_i,38,395,0.814568042755127,0.573170728254609,0.0,0.0,1,False,,,79,2
L3+,"/Users/toddywang/Documents/VsCodeProjects/xmltoexp/ATEPP-1.2/ATEPP-1.2/Wolfgang_Amadeus_Mozart/Piano_Sonata_No._5_in_G_Major,_K._283/I._Allegro/Sonata_No._5_1st_Movement_K._283.mxl",mozart_k283_i,mozart_k283_i,39,409,0.8809410929679871,0.573170728254609,0.0,0.0,1,False,,,84,1
L3+,"/Users/toddywang/Documents/VsCodeProjects/xmltoexp/ATEPP-1.2/ATEPP-1.2/Wolfgang_Amadeus_Mozart/Piano_Sonata_No._5_in_G_Major,_K._283/I._Allegro/Sonata_No._5_1st_Movement_K._283.mxl",mozart_k283_i,mozart_k283_i,40,426,0.9083689451217651,0.573170728254609,0.0,0.0,1,False,,,89,3
L3+,"/Users/toddywang/Documents/VsCodeProjects/xmltoexp/ATEPP-1.2/ATEPP-1.2/Wolfgang_Amadeus_Mozart/Piano_Sonata_No._5_in_G_Major,_K._283/I._Allegro/Sonata_No._5_1st_Movement_K._283.mxl",mozart_k283_i,mozart_k283_i,41,439,0.6418467164039612,0.573170728254609,0.0,0.0,1,False,,,94,1
L3+,"/Users/toddywang/Documents/VsCodeProjects/xmltoexp/ATEPP-1.2/ATEPP-1.2/Wolfgang_Amadeus_Mozart/Piano_Sonata_No._5_in_G_Major,_K._283/I._Allegro/Sonata_No._5_1st_Movement_K._283.mxl",mozart_k283_i,mozart_k283_i,42,451,0.753548800945282,0.573170728254609,0.0,0.0,1,False,,,98,1
L3+,"/Users/toddywang/Documents/VsCodeProjects/xmltoexp/ATEPP-1.2/ATEPP-1.2/Wolfgang_Amadeus_Mozart/Piano_Sonata_No._5_in_G_Major,_K._283/I._Allegro/Sonata_No._5_1st_Movement_K._283.mxl",mozart_k283_i,mozart_k283_i,43,457,0.712437629699707,0.573170728254609,0.0,0.0,1,False,,,100,1
L3+,"/Users/toddywang/Documents/VsCodeProjects/xmltoexp/ATEPP-1.2/ATEPP-1.2/Wolfgang_Amadeus_Mozart/Piano_Sonata_No._5_in_G_Major,_K._283/I._Allegro/Sonata_No._5_1st_Movement_K._283.mxl",mozart_k283_i,mozart_k283_i,44,466,0.6796978712081909,0.573170728254609,0.0,0.0,1,False,,,103,1
L3+,"/Users/toddywang/Documents/VsCodeProjects/xmltoexp/ATEPP-1.2/ATEPP-1.2/Wolfgang_Amadeus_Mozart/Piano_Sonata_No._5_in_G_Major,_K._283/I._Allegro/Sonata_No._5_1st_Movement_K._283.mxl",mozart_k283_i,mozart_k283_i,45,473,0.7522518038749695,0.573170728254609,0.0,0.0,1,False,,,105,2
L3+,"/Users/toddywang/Documents/VsCodeProjects/xmltoexp/ATEPP-1.2/ATEPP-1.2/Wolfgang_Amadeus_Mozart/Piano_Sonata_No._5_in_G_Major,_K._283/I._Allegro/Sonata_No._5_1st_Movement_K._283.mxl",mozart_k283_i,mozart_k283_i,46,481,0.6613718271255493,0.573170728254609,0.0,0.0,1,False,,,108,1
L3+,"/Users/toddywang/Documents/VsCodeProjects/xmltoexp/ATEPP-1.2/ATEPP-1.2/Wolfgang_Amadeus_Mozart/Piano_Sonata_No._5_in_G_Major,_K._283/I._Allegro/Sonata_No._5_1st_Movement_K._283.mxl",mozart_k283_i,mozart_k283_i,47,490,0.5815359950065613,0.573170728254609,0.0,0.0,1,False,,,111,1
L3+,"/Users/toddywang/Documents/VsCodeProjects/xmltoexp/ATEPP-1.2/ATEPP-1.2/Wolfgang_Amadeus_Mozart/Piano_Sonata_No._5_in_G_Major,_K._283/I._Allegro/Sonata_No._5_1st_Movement_K._283.mxl",mozart_k283_i,mozart_k283_i,48,496,0.687734067440033,0.573170728254609,0.0,0.0,1,False,,,113,1
L3+,"/Users/toddywang/Documents/VsCodeProjects/xmltoexp/ATEPP-1.2/ATEPP-1.2/Wolfgang_Amadeus_Mozart/Piano_Sonata_No._5_in_G_Major,_K._283/I._Allegro/Sonata_No._5_1st_Movement_K._283.mxl",mozart_k283_i,mozart_k283_i,49,505,0.6780173182487488,0.573170728254609,0.0,0.0,1,False,,,116,1
L3+,"/Users/toddywang/Documents/VsCodeProjects/xmltoexp/ATEPP-1.2/ATEPP-1.2/Wolfgang_Amadeus_Mozart/Piano_Sonata_No._5_in_G_Major,_K._283/I._Allegro/Sonata_No._5_1st_Movement_K._283.mxl",mozart_k283_i,mozart_k283_i,50,520,0.8166230320930481,0.573170728254609,0.0,0.0,1,False,,,54,1
L3+,"/Users/toddywang/Documents/VsCodeProjects/xmltoexp/ATEPP-1.2/ATEPP-1.2/Wolfgang_Amadeus_Mozart/Piano_Sonata_No._5_in_G_Major,_K._283/I._Allegro/Sonata_No._5_1st_Movement_K._283.mxl",mozart_k283_i,mozart_k283_i,51,529,0.6506398916244507,0.573170728254609,0.0,0.0,1,False,,,57,1
L3+,"/Users/toddywang/Documents/VsCodeProjects/xmltoexp/ATEPP-1.2/ATEPP-1.2/Wolfgang_Amadeus_Mozart/Piano_Sonata_No._5_in_G_Major,_K._283/I._Allegro/Sonata_No._5_1st_Movement_K._283.mxl",mozart_k283_i,mozart_k283_i,52,535,0.7192801833152771,0.573170728254609,0.0,0.0,1,False,,,59,1
L3+,"/Users/toddywang/Documents/VsCodeProjects/xmltoexp/ATEPP-1.2/ATEPP-1.2/Wolfgang_Amadeus_Mozart/Piano_Sonata_No._5_in_G_Major,_K._283/I._Allegro/Sonata_No._5_1st_Movement_K._283.mxl",mozart_k283_i,mozart_k283_i,53,541,0.7869383096694946,0.573170728254609,0.0,0.0,1,False,,,61,1
L3+,"/Users/toddywang/Documents/VsCodeProjects/xmltoexp/ATEPP-1.2/ATEPP-1.2/Wolfgang_Amadeus_Mozart/Piano_Sonata_No._5_in_G_Major,_K._283/I._Allegro/Sonata_No._5_1st_Movement_K._283.mxl",mozart_k283_i,mozart_k283_i,54,562,0.6062110662460327,0.573170728254609,0.0,0.0,1,False,,,68,1
L3+,"/Users/toddywang/Documents/VsCodeProjects/xmltoexp/ATEPP-1.2/ATEPP-1.2/Wolfgang_Amadeus_Mozart/Piano_Sonata_No._5_in_G_Major,_K._283/I._Allegro/Sonata_No._5_1st_Movement_K._283.mxl",mozart_k283_i,mozart_k283_i,55,568,0.7738898992538452,0.573170728254609,0.0,0.0,1,False,,,70,1
L3+,"/Users/toddywang/Documents/VsCodeProjects/xmltoexp/ATEPP-1.2/ATEPP-1.2/Wolfgang_Amadeus_Mozart/Piano_Sonata_No._5_in_G_Major,_K._283/I._Allegro/Sonata_No._5_1st_Movement_K._283.mxl",mozart_k283_i,mozart_k283_i,56,577,0.6539273262023926,0.573170728254609,0.0,0.0,1,False,,,73,1
L3+,"/Users/toddywang/Documents/VsCodeProjects/xmltoexp/ATEPP-1.2/ATEPP-1.2/Wolfgang_Amadeus_Mozart/Piano_Sonata_No._5_in_G_Major,_K._283/I._Allegro/Sonata_No._5_1st_Movement_K._283.mxl",mozart_k283_i,mozart_k283_i,57,586,0.6291829943656921,0.573170728254609,0.0,0.0,1,False,,,76,1
L3+,"/Users/toddywang/Documents/VsCodeProjects/xmltoexp/ATEPP-1.2/ATEPP-1.2/Wolfgang_Amadeus_Mozart/Piano_Sonata_No._5_in_G_Major,_K._283/I._Allegro/Sonata_No._5_1st_Movement_K._283.mxl",mozart_k283_i,mozart_k283_i,58,597,0.7547470331192017,0.573170728254609,0.0,0.0,1,False,,,79,3
L3+,"/Users/toddywang/Documents/VsCodeProjects/xmltoexp/ATEPP-1.2/ATEPP-1.2/Wolfgang_Amadeus_Mozart/Piano_Sonata_No._5_in_G_Major,_K._283/I._Allegro/Sonata_No._5_1st_Movement_K._283.mxl",mozart_k283_i,mozart_k283_i,59,610,0.81595778465271,0.573170728254609,0.0,0.0,1,False,,,84,1
L3+,"/Users/toddywang/Documents/VsCodeProjects/xmltoexp/ATEPP-1.2/ATEPP-1.2/Wolfgang_Amadeus_Mozart/Piano_Sonata_No._5_in_G_Major,_K._283/I._Allegro/Sonata_No._5_1st_Movement_K._283.mxl",mozart_k283_i,mozart_k283_i,60,616,0.6528351306915283,0.573170728254609,0.0,0.0,1,False,,,86,1
L3+,"/Users/toddywang/Documents/VsCodeProjects/xmltoexp/ATEPP-1.2/ATEPP-1.2/Wolfgang_Amadeus_Mozart/Piano_Sonata_No._5_in_G_Major,_K._283/I._Allegro/Sonata_No._5_1st_Movement_K._283.mxl",mozart_k283_i,mozart_k283_i,61,627,0.9035452604293823,0.573170728254609,0.0,0.0,1,False,,,89,3
L3+,"/Users/toddywang/Documents/VsCodeProjects/xmltoexp/ATEPP-1.2/ATEPP-1.2/Wolfgang_Amadeus_Mozart/Piano_Sonata_No._5_in_G_Major,_K._283/I._Allegro/Sonata_No._5_1st_Movement_K._283.mxl",mozart_k283_i,mozart_k283_i,62,640,0.6458736062049866,0.573170728254609,0.0,0.0,1,False,,,94,1
L3+,"/Users/toddywang/Documents/VsCodeProjects/xmltoexp/ATEPP-1.2/ATEPP-1.2/Wolfgang_Amadeus_Mozart/Piano_Sonata_No._5_in_G_Major,_K._283/I._Allegro/Sonata_No._5_1st_Movement_K._283.mxl",mozart_k283_i,mozart_k283_i,63,652,0.7442094683647156,0.573170728254609,0.0,0.0,1,False,,,98,1
L3+,"/Users/toddywang/Documents/VsCodeProjects/xmltoexp/ATEPP-1.2/ATEPP-1.2/Wolfgang_Amadeus_Mozart/Piano_Sonata_No._5_in_G_Major,_K._283/I._Allegro/Sonata_No._5_1st_Movement_K._283.mxl",mozart_k283_i,mozart_k283_i,64,659,0.6630381345748901,0.573170728254609,0.0,0.0,1,False,,,100,2
L3+,"/Users/toddywang/Documents/VsCodeProjects/xmltoexp/ATEPP-1.2/ATEPP-1.2/Wolfgang_Amadeus_Mozart/Piano_Sonata_No._5_in_G_Major,_K._283/I._Allegro/Sonata_No._5_1st_Movement_K._283.mxl",mozart_k283_i,mozart_k283_i,65,674,0.7777530550956726,0.573170728254609,0.0,0.0,1,False,,,105,2
L3+,"/Users/toddywang/Documents/VsCodeProjects/xmltoexp/ATEPP-1.2/ATEPP-1.2/Wolfgang_Amadeus_Mozart/Piano_Sonata_No._5_in_G_Major,_K._283/I._Allegro/Sonata_No._5_1st_Movement_K._283.mxl",mozart_k283_i,mozart_k283_i,66,697,0.7743255496025085,0.573170728254609,0.0,0.0,1,False,,,113,1
L3+,"/Users/toddywang/Documents/VsCodeProjects/xmltoexp/ATEPP-1.2/ATEPP-1.2/Wolfgang_Amadeus_Mozart/Piano_Sonata_No._5_in_G_Major,_K._283/I._Allegro/Sonata_No._5_1st_Movement_K._283.mxl",mozart_k283_i,mozart_k283_i,67,709,0.6073763370513916,0.573170728254609,0.0,0.0,1,False,,,117,1
L4+,"/Users/toddywang/Documents/VsCodeProjects/xmltoexp/ATEPP-1.2/ATEPP-1.2/Wolfgang_Amadeus_Mozart/Piano_Sonata_No._5_in_G_Major,_K._283/I._Allegro/Sonata_No._5_1st_Movement_K._283.mxl",mozart_k283_i,mozart_k283_i,1,29,0.8363159894943237,0.7243902450654565,0.0,0.0,1,False,,,10,2
L4+,"/Users/toddywang/Documents/VsCodeProjects/xmltoexp/ATEPP-1.2/ATEPP-1.2/Wolfgang_Amadeus_Mozart/Piano_Sonata_No._5_in_G_Major,_K._283/I._Allegro/Sonata_No._5_1st_Movement_K._283.mxl",mozart_k283_i,mozart_k283_i,2,49,0.7758405208587646,0.7243902450654565,0.0,0.0,1,False,,,17,1
L4+,"/Users/toddywang/Documents/VsCodeProjects/xmltoexp/ATEPP-1.2/ATEPP-1.2/Wolfgang_Amadeus_Mozart/Piano_Sonata_No._5_in_G_Major,_K._283/I._Allegro/Sonata_No._5_1st_Movement_K._283.mxl",mozart_k283_i,mozart_k283_i,3,66,0.9130968451499939,0.7243902450654565,0.0,0.0,1,False,,,22,3
L4+,"/Users/toddywang/Documents/VsCodeProjects/xmltoexp/ATEPP-1.2/ATEPP-1.2/Wolfgang_Amadeus_Mozart/Piano_Sonata_No._5_in_G_Major,_K._283/I._Allegro/Sonata_No._5_1st_Movement_K._283.mxl",mozart_k283_i,mozart_k283_i,4,91,0.8008377552032471,0.7243902450654565,0.0,0.0,1,False,,,31,1
L4+,"/Users/toddywang/Documents/VsCodeProjects/xmltoexp/ATEPP-1.2/ATEPP-1.2/Wolfgang_Amadeus_Mozart/Piano_Sonata_No._5_in_G_Major,_K._283/I._Allegro/Sonata_No._5_1st_Movement_K._283.mxl",mozart_k283_i,mozart_k283_i,5,113,0.7280828952789307,0.7243902450654565,0.0,0.0,1,False,,,38,2
L4+,"/Users/toddywang/Documents/VsCodeProjects/xmltoexp/ATEPP-1.2/ATEPP-1.2/Wolfgang_Amadeus_Mozart/Piano_Sonata_No._5_in_G_Major,_K._283/I._Allegro/Sonata_No._5_1st_Movement_K._283.mxl",mozart_k283_i,mozart_k283_i,6,158,0.9280334115028381,0.7243902450654565,0.0,0.0,1,False,,,53,2
L4+,"/Users/toddywang/Documents/VsCodeProjects/xmltoexp/ATEPP-1.2/ATEPP-1.2/Wolfgang_Amadeus_Mozart/Piano_Sonata_No._5_in_G_Major,_K._283/I._Allegro/Sonata_No._5_1st_Movement_K._283.mxl",mozart_k283_i,mozart_k283_i,7,188,0.8147469758987427,0.7243902450654565,0.0,0.0,1,False,,,10,2
L4+,"/Users/toddywang/Documents/VsCodeProjects/xmltoexp/ATEPP-1.2/ATEPP-1.2/Wolfgang_Amadeus_Mozart/Piano_Sonata_No._5_in_G_Major,_K._283/I._Allegro/Sonata_No._5_1st_Movement_K._283.mxl",mozart_k283_i,mozart_k283_i,8,208,0.7409408688545227,0.7243902450654565,0.0,0.0,1,False,,,17,1
L4+,"/Users/toddywang/Documents/VsCodeProjects/xmltoexp/ATEPP-1.2/ATEPP-1.2/Wolfgang_Amadeus_Mozart/Piano_Sonata_No._5_in_G_Major,_K._283/I._Allegro/Sonata_No._5_1st_Movement_K._283.mxl",mozart_k283_i,mozart_k283_i,9,225,0.913409948348999,0.7243902450654565,0.0,0.0,1,False,,,22,3
L4+,"/Users/toddywang/Documents/VsCodeProjects/xmltoexp/ATEPP-1.2/ATEPP-1.2/Wolfgang_Amadeus_Mozart/Piano_Sonata_No._5_in_G_Major,_K._283/I._Allegro/Sonata_No._5_1st_Movement_K._283.mxl",mozart_k283_i,mozart_k283_i,10,250,0.81463623046875,0.7243902450654565,0.0,0.0,1,False,,,31,1
L4+,"/Users/toddywang/Documents/VsCodeProjects/xmltoexp/ATEPP-1.2/ATEPP-1.2/Wolfgang_Amadeus_Mozart/Piano_Sonata_No._5_in_G_Major,_K._283/I._Allegro/Sonata_No._5_1st_Movement_K._283.mxl",mozart_k283_i,mozart_k283_i,11,319,0.8614441752433777,0.7243902450654565,0.0,0.0,1,False,,,54,1
L4+,"/Users/toddywang/Documents/VsCodeProjects/xmltoexp/ATEPP-1.2/ATEPP-1.2/Wolfgang_Amadeus_Mozart/Piano_Sonata_No._5_in_G_Major,_K._283/I._Allegro/Sonata_No._5_1st_Movement_K._283.mxl",mozart_k283_i,mozart_k283_i,12,334,0.7590442895889282,0.7243902450654565,0.0,0.0,1,False,,,59,1
L4+,"/Users/toddywang/Documents/VsCodeProjects/xmltoexp/ATEPP-1.2/ATEPP-1.2/Wolfgang_Amadeus_Mozart/Piano_Sonata_No._5_in_G_Major,_K._283/I._Allegro/Sonata_No._5_1st_Movement_K._283.mxl",mozart_k283_i,mozart_k283_i,13,340,0.7705761790275574,0.7243902450654565,0.0,0.0,1,False,,,61,1
L4+,"/Users/toddywang/Documents/VsCodeProjects/xmltoexp/ATEPP-1.2/ATEPP-1.2/Wolfgang_Amadeus_Mozart/Piano_Sonata_No._5_in_G_Major,_K._283/I._Allegro/Sonata_No._5_1st_Movement_K._283.mxl",mozart_k283_i,mozart_k283_i,14,367,0.8108611702919006,0.7243902450654565,0.0,0.0,1,False,,,70,1
L4+,"/Users/toddywang/Documents/VsCodeProjects/xmltoexp/ATEPP-1.2/ATEPP-1.2/Wolfgang_Amadeus_Mozart/Piano_Sonata_No._5_in_G_Major,_K._283/I._Allegro/Sonata_No._5_1st_Movement_K._283.mxl",mozart_k283_i,mozart_k283_i,15,395,0.7678754925727844,0.7243902450654565,0.0,0.0,1,False,,,79,2
L4+,"/Users/toddywang/Documents/VsCodeProjects/xmltoexp/ATEPP-1.2/ATEPP-1.2/Wolfgang_Amadeus_Mozart/Piano_Sonata_No._5_in_G_Major,_K._283/I._Allegro/Sonata_No._5_1st_Movement_K._283.mxl",mozart_k283_i,mozart_k283_i,16,409,0.7977412343025208,0.7243902450654565,0.0,0.0,1,False,,,84,1
L4+,"/Users/toddywang/Documents/VsCodeProjects/xmltoexp/ATEPP-1.2/ATEPP-1.2/Wolfgang_Amadeus_Mozart/Piano_Sonata_No._5_in_G_Major,_K._283/I._Allegro/Sonata_No._5_1st_Movement_K._283.mxl",mozart_k283_i,mozart_k283_i,17,426,0.8954599499702454,0.7243902450654565,0.0,0.0,1,False,,,89,3
L4+,"/Users/toddywang/Documents/VsCodeProjects/xmltoexp/ATEPP-1.2/ATEPP-1.2/Wolfgang_Amadeus_Mozart/Piano_Sonata_No._5_in_G_Major,_K._283/I._Allegro/Sonata_No._5_1st_Movement_K._283.mxl",mozart_k283_i,mozart_k283_i,18,451,0.7798892259597778,0.7243902450654565,0.0,0.0,1,False,,,98,1
L4+,"/Users/toddywang/Documents/VsCodeProjects/xmltoexp/ATEPP-1.2/ATEPP-1.2/Wolfgang_Amadeus_Mozart/Piano_Sonata_No._5_in_G_Major,_K._283/I._Allegro/Sonata_No._5_1st_Movement_K._283.mxl",mozart_k283_i,mozart_k283_i,19,473,0.7574717998504639,0.7243902450654565,0.0,0.0,1,False,,,105,2
L4+,"/Users/toddywang/Documents/VsCodeProjects/xmltoexp/ATEPP-1.2/ATEPP-1.2/Wolfgang_Amadeus_Mozart/Piano_Sonata_No._5_in_G_Major,_K._283/I._Allegro/Sonata_No._5_1st_Movement_K._283.mxl",mozart_k283_i,mozart_k283_i,20,520,0.8613237738609314,0.7243902450654565,0.0,0.0,1,False,,,54,1
L4+,"/Users/toddywang/Documents/VsCodeProjects/xmltoexp/ATEPP-1.2/ATEPP-1.2/Wolfgang_Amadeus_Mozart/Piano_Sonata_No._5_in_G_Major,_K._283/I._Allegro/Sonata_No._5_1st_Movement_K._283.mxl",mozart_k283_i,mozart_k283_i,21,535,0.7497361898422241,0.7243902450654565,0.0,0.0,1,False,,,59,1
L4+,"/Users/toddywang/Documents/VsCodeProjects/xmltoexp/ATEPP-1.2/ATEPP-1.2/Wolfgang_Amadeus_Mozart/Piano_Sonata_No._5_in_G_Major,_K._283/I._Allegro/Sonata_No._5_1st_Movement_K._283.mxl",mozart_k283_i,mozart_k283_i,22,541,0.7770417928695679,0.7243902450654565,0.0,0.0,1,False,,,61,1
L4+,"/Users/toddywang/Documents/VsCodeProjects/xmltoexp/ATEPP-1.2/ATEPP-1.2/Wolfgang_Amadeus_Mozart/Piano_Sonata_No._5_in_G_Major,_K._283/I._Allegro/Sonata_No._5_1st_Movement_K._283.mxl",mozart_k283_i,mozart_k283_i,23,568,0.801111102104187,0.7243902450654565,0.0,0.0,1,False,,,70,1
L4+,"/Users/toddywang/Documents/VsCodeProjects/xmltoexp/ATEPP-1.2/ATEPP-1.2/Wolfgang_Amadeus_Mozart/Piano_Sonata_No._5_in_G_Major,_K._283/I._Allegro/Sonata_No._5_1st_Movement_K._283.mxl",mozart_k283_i,mozart_k283_i,24,597,0.7381601929664612,0.7243902450654565,0.0,0.0,1,False,,,79,3
L4+,"/Users/toddywang/Documents/VsCodeProjects/xmltoexp/ATEPP-1.2/ATEPP-1.2/Wolfgang_Amadeus_Mozart/Piano_Sonata_No._5_in_G_Major,_K._283/I._Allegro/Sonata_No._5_1st_Movement_K._283.mxl",mozart_k283_i,mozart_k283_i,25,610,0.7515363097190857,0.7243902450654565,0.0,0.0,1,False,,,84,1
L4+,"/Users/toddywang/Documents/VsCodeProjects/xmltoexp/ATEPP-1.2/ATEPP-1.2/Wolfgang_Amadeus_Mozart/Piano_Sonata_No._5_in_G_Major,_K._283/I._Allegro/Sonata_No._5_1st_Movement_K._283.mxl",mozart_k283_i,mozart_k283_i,26,627,0.8874332904815674,0.7243902450654565,0.0,0.0,1,False,,,89,3
L4+,"/Users/toddywang/Documents/VsCodeProjects/xmltoexp/ATEPP-1.2/ATEPP-1.2/Wolfgang_Amadeus_Mozart/Piano_Sonata_No._5_in_G_Major,_K._283/I._Allegro/Sonata_No._5_1st_Movement_K._283.mxl",mozart_k283_i,mozart_k283_i,27,652,0.7412898540496826,0.7243902450654565,0.0,0.0,1,False,,,98,1
L4+,"/Users/toddywang/Documents/VsCodeProjects/xmltoexp/ATEPP-1.2/ATEPP-1.2/Wolfgang_Amadeus_Mozart/Piano_Sonata_No._5_in_G_Major,_K._283/I._Allegro/Sonata_No._5_1st_Movement_K._283.mxl",mozart_k283_i,mozart_k283_i,28,674,0.7546782493591309,0.7243902450654565,0.0,0.0,1,False,,,105,2
L5+6,"/Users/toddywang/Documents/VsCodeProjects/xmltoexp/ATEPP-1.2/ATEPP-1.2/Wolfgang_Amadeus_Mozart/Piano_Sonata_No._5_in_G_Major,_K._283/I._Allegro/Sonata_No._5_1st_Movement_K._283.mxl",mozart_k283_i,mozart_k283_i,1,29,0.8198206424713135,0.729878050525014,0.0,0.0,1,False,,,10,2
L5+6,"/Users/toddywang/Documents/VsCodeProjects/xmltoexp/ATEPP-1.2/ATEPP-1.2/Wolfgang_Amadeus_Mozart/Piano_Sonata_No._5_in_G_Major,_K._283/I._Allegro/Sonata_No._5_1st_Movement_K._283.mxl",mozart_k283_i,mozart_k283_i,2,49,0.7580605149269104,0.729878050525014,0.0,0.0,1,False,,,17,1
L5+6,"/Users/toddywang/Documents/VsCodeProjects/xmltoexp/ATEPP-1.2/ATEPP-1.2/Wolfgang_Amadeus_Mozart/Piano_Sonata_No._5_in_G_Major,_K._283/I._Allegro/Sonata_No._5_1st_Movement_K._283.mxl",mozart_k283_i,mozart_k283_i,3,66,0.9210221171379089,0.729878050525014,0.0,0.0,1,False,,,22,3
L5+6,"/Users/toddywang/Documents/VsCodeProjects/xmltoexp/ATEPP-1.2/ATEPP-1.2/Wolfgang_Amadeus_Mozart/Piano_Sonata_No._5_in_G_Major,_K._283/I._Allegro/Sonata_No._5_1st_Movement_K._283.mxl",mozart_k283_i,mozart_k283_i,4,91,0.8218075633049011,0.729878050525014,0.0,0.0,1,False,,,31,1
L5+6,"/Users/toddywang/Documents/VsCodeProjects/xmltoexp/ATEPP-1.2/ATEPP-1.2/Wolfgang_Amadeus_Mozart/Piano_Sonata_No._5_in_G_Major,_K._283/I._Allegro/Sonata_No._5_1st_Movement_K._283.mxl",mozart_k283_i,mozart_k283_i,5,158,0.9348322749137878,0.729878050525014,0.0,0.0,1,False,,,53,2
L5+6,"/Users/toddywang/Documents/VsCodeProjects/xmltoexp/ATEPP-1.2/ATEPP-1.2/Wolfgang_Amadeus_Mozart/Piano_Sonata_No._5_in_G_Major,_K._283/I._Allegro/Sonata_No._5_1st_Movement_K._283.mxl",mozart_k283_i,mozart_k283_i,6,188,0.8017241954803467,0.729878050525014,0.0,0.0,1,False,,,10,2
L5+6,"/Users/toddywang/Documents/VsCodeProjects/xmltoexp/ATEPP-1.2/ATEPP-1.2/Wolfgang_Amadeus_Mozart/Piano_Sonata_No._5_in_G_Major,_K._283/I._Allegro/Sonata_No._5_1st_Movement_K._283.mxl",mozart_k283_i,mozart_k283_i,7,225,0.9227374792098999,0.729878050525014,0.0,0.0,1,False,,,22,3
L5+6,"/Users/toddywang/Documents/VsCodeProjects/xmltoexp/ATEPP-1.2/ATEPP-1.2/Wolfgang_Amadeus_Mozart/Piano_Sonata_No._5_in_G_Major,_K._283/I._Allegro/Sonata_No._5_1st_Movement_K._283.mxl",mozart_k283_i,mozart_k283_i,8,250,0.8357086777687073,0.729878050525014,0.0,0.0,1,False,,,31,1
L5+6,"/Users/toddywang/Documents/VsCodeProjects/xmltoexp/ATEPP-1.2/ATEPP-1.2/Wolfgang_Amadeus_Mozart/Piano_Sonata_No._5_in_G_Major,_K._283/I._Allegro/Sonata_No._5_1st_Movement_K._283.mxl",mozart_k283_i,mozart_k283_i,9,265,0.7316869497299194,0.729878050525014,0.0,0.0,1,False,,,36,1
L5+6,"/Users/toddywang/Documents/VsCodeProjects/xmltoexp/ATEPP-1.2/ATEPP-1.2/Wolfgang_Amadeus_Mozart/Piano_Sonata_No._5_in_G_Major,_K._283/I._Allegro/Sonata_No._5_1st_Movement_K._283.mxl",mozart_k283_i,mozart_k283_i,10,319,0.8549817204475403,0.729878050525014,0.0,0.0,1,False,,,54,1
L5+6,"/Users/toddywang/Documents/VsCodeProjects/xmltoexp/ATEPP-1.2/ATEPP-1.2/Wolfgang_Amadeus_Mozart/Piano_Sonata_No._5_in_G_Major,_K._283/I._Allegro/Sonata_No._5_1st_Movement_K._283.mxl",mozart_k283_i,mozart_k283_i,11,334,0.7775421738624573,0.729878050525014,0.0,0.0,1,False,,,59,1
L5+6,"/Users/toddywang/Documents/VsCodeProjects/xmltoexp/ATEPP-1.2/ATEPP-1.2/Wolfgang_Amadeus_Mozart/Piano_Sonata_No._5_in_G_Major,_K._283/I._Allegro/Sonata_No._5_1st_Movement_K._283.mxl",mozart_k283_i,mozart_k283_i,12,340,0.7837201356887817,0.729878050525014,0.0,0.0,1,False,,,61,1
L5+6,"/Users/toddywang/Documents/VsCodeProjects/xmltoexp/ATEPP-1.2/ATEPP-1.2/Wolfgang_Amadeus_Mozart/Piano_Sonata_No._5_in_G_Major,_K._283/I._Allegro/Sonata_No._5_1st_Movement_K._283.mxl",mozart_k283_i,mozart_k283_i,13,367,0.8269696235656738,0.729878050525014,0.0,0.0,1,False,,,70,1
L5+6,"/Users/toddywang/Documents/VsCodeProjects/xmltoexp/ATEPP-1.2/ATEPP-1.2/Wolfgang_Amadeus_Mozart/Piano_Sonata_No._5_in_G_Major,_K._283/I._Allegro/Sonata_No._5_1st_Movement_K._283.mxl",mozart_k283_i,mozart_k283_i,14,395,0.7580357193946838,0.729878050525014,0.0,0.0,1,False,,,79,2
L5+6,"/Users/toddywang/Documents/VsCodeProjects/xmltoexp/ATEPP-1.2/ATEPP-1.2/Wolfgang_Amadeus_Mozart/Piano_Sonata_No._5_in_G_Major,_K._283/I._Allegro/Sonata_No._5_1st_Movement_K._283.mxl",mozart_k283_i,mozart_k283_i,15,409,0.7835054993629456,0.729878050525014,0.0,0.0,1,False,,,84,1
L5+6,"/Users/toddywang/Documents/VsCodeProjects/xmltoexp/ATEPP-1.2/ATEPP-1.2/Wolfgang_Amadeus_Mozart/Piano_Sonata_No._5_in_G_Major,_K._283/I._Allegro/Sonata_No._5_1st_Movement_K._283.mxl",mozart_k283_i,mozart_k283_i,16,426,0.8997858166694641,0.729878050525014,0.0,0.0,1,False,,,89,3
L5+6,"/Users/toddywang/Documents/VsCodeProjects/xmltoexp/ATEPP-1.2/ATEPP-1.2/Wolfgang_Amadeus_Mozart/Piano_Sonata_No._5_in_G_Major,_K._283/I._Allegro/Sonata_No._5_1st_Movement_K._283.mxl",mozart_k283_i,mozart_k283_i,17,451,0.7800810933113098,0.729878050525014,0.0,0.0,1,False,,,98,1
L5+6,"/Users/toddywang/Documents/VsCodeProjects/xmltoexp/ATEPP-1.2/ATEPP-1.2/Wolfgang_Amadeus_Mozart/Piano_Sonata_No._5_in_G_Major,_K._283/I._Allegro/Sonata_No._5_1st_Movement_K._283.mxl",mozart_k283_i,mozart_k283_i,18,473,0.7380938529968262,0.729878050525014,0.0,0.0,1,False,,,105,2
L5+6,"/Users/toddywang/Documents/VsCodeProjects/xmltoexp/ATEPP-1.2/ATEPP-1.2/Wolfgang_Amadeus_Mozart/Piano_Sonata_No._5_in_G_Major,_K._283/I._Allegro/Sonata_No._5_1st_Movement_K._283.mxl",mozart_k283_i,mozart_k283_i,19,520,0.8586316704750061,0.729878050525014,0.0,0.0,1,False,,,54,1
L5+6,"/Users/toddywang/Documents/VsCodeProjects/xmltoexp/ATEPP-1.2/ATEPP-1.2/Wolfgang_Amadeus_Mozart/Piano_Sonata_No._5_in_G_Major,_K._283/I._Allegro/Sonata_No._5_1st_Movement_K._283.mxl",mozart_k283_i,mozart_k283_i,20,535,0.7674140334129333,0.729878050525014,0.0,0.0,1,False,,,59,1
L5+6,"/Users/toddywang/Documents/VsCodeProjects/xmltoexp/ATEPP-1.2/ATEPP-1.2/Wolfgang_Amadeus_Mozart/Piano_Sonata_No._5_in_G_Major,_K._283/I._Allegro/Sonata_No._5_1st_Movement_K._283.mxl",mozart_k283_i,mozart_k283_i,21,541,0.7954047322273254,0.729878050525014,0.0,0.0,1,False,,,61,1
L5+6,"/Users/toddywang/Documents/VsCodeProjects/xmltoexp/ATEPP-1.2/ATEPP-1.2/Wolfgang_Amadeus_Mozart/Piano_Sonata_No._5_in_G_Major,_K._283/I._Allegro/Sonata_No._5_1st_Movement_K._283.mxl",mozart_k283_i,mozart_k283_i,22,568,0.8191716074943542,0.729878050525014,0.0,0.0,1,False,,,70,1
L5+6,"/Users/toddywang/Documents/VsCodeProjects/xmltoexp/ATEPP-1.2/ATEPP-1.2/Wolfgang_Amadeus_Mozart/Piano_Sonata_No._5_in_G_Major,_K._283/I._Allegro/Sonata_No._5_1st_Movement_K._283.mxl",mozart_k283_i,mozart_k283_i,23,597,0.7758206129074097,0.729878050525014,0.0,0.0,1,False,,,79,3
L5+6,"/Users/toddywang/Documents/VsCodeProjects/xmltoexp/ATEPP-1.2/ATEPP-1.2/Wolfgang_Amadeus_Mozart/Piano_Sonata_No._5_in_G_Major,_K._283/I._Allegro/Sonata_No._5_1st_Movement_K._283.mxl",mozart_k283_i,mozart_k283_i,24,627,0.8952063322067261,0.729878050525014,0.0,0.0,1,False,,,89,3
L5+6,"/Users/toddywang/Documents/VsCodeProjects/xmltoexp/ATEPP-1.2/ATEPP-1.2/Wolfgang_Amadeus_Mozart/Piano_Sonata_No._5_in_G_Major,_K._283/I._Allegro/Sonata_No._5_1st_Movement_K._283.mxl",mozart_k283_i,mozart_k283_i,25,652,0.7348130345344543,0.729878050525014,0.0,0.0,1,False,,,98,1
L5+6,"/Users/toddywang/Documents/VsCodeProjects/xmltoexp/ATEPP-1.2/ATEPP-1.2/Wolfgang_Amadeus_Mozart/Piano_Sonata_No._5_in_G_Major,_K._283/I._Allegro/Sonata_No._5_1st_Movement_K._283.mxl",mozart_k283_i,mozart_k283_i,26,674,0.7323091626167297,0.729878050525014,0.0,0.0,1,False,,,105,2
L1+,"/Users/toddywang/Documents/VsCodeProjects/xmltoexp/ATEPP-1.2/ATEPP-1.2/Wolfgang_Amadeus_Mozart/Piano_Sonata_No._11_in_A_Major,_K._331/1._Tema_(Andante_grazioso)_con_variazioni/Sonata_No._11_1st_Movement_K._331.mxl",mozart_k331_i,mozart_k331_i,1,5,0.5824336409568787,0.1500000008722631,0.0,0.0,1,False,,,2,3
L1+,"/Users/toddywang/Documents/VsCodeProjects/xmltoexp/ATEPP-1.2/ATEPP-1.2/Wolfgang_Amadeus_Mozart/Piano_Sonata_No._11_in_A_Major,_K._331/1._Tema_(Andante_grazioso)_con_variazioni/Sonata_No._11_1st_Movement_K._331.mxl",mozart_k331_i,mozart_k331_i,2,11,0.684185266494751,0.1500000008722631,0.0,0.0,1,False,,,4,3
L1+,"/Users/toddywang/Documents/VsCodeProjects/xmltoexp/ATEPP-1.2/ATEPP-1.2/Wolfgang_Amadeus_Mozart/Piano_Sonata_No._11_in_A_Major,_K._331/1._Tema_(Andante_grazioso)_con_variazioni/Sonata_No._11_1st_Movement_K._331.mxl",mozart_k331_i,mozart_k331_i,3,17,0.5125048160552979,0.1500000008722631,0.0,0.0,1,False,,,6,3
L1+,"/Users/toddywang/Documents/VsCodeProjects/xmltoexp/ATEPP-1.2/ATEPP-1.2/Wolfgang_Amadeus_Mozart/Piano_Sonata_No._11_in_A_Major,_K._331/1._Tema_(Andante_grazioso)_con_variazioni/Sonata_No._11_1st_Movement_K._331.mxl",mozart_k331_i,mozart_k331_i,4,23,0.8610278964042664,0.1500000008722631,0.0,0.0,1,False,,,8,3
L1+,"/Users/toddywang/Documents/VsCodeProjects/xmltoexp/ATEPP-1.2/ATEPP-1.2/Wolfgang_Amadeus_Mozart/Piano_Sonata_No._11_in_A_Major,_K._331/1._Tema_(Andante_grazioso)_con_variazioni/Sonata_No._11_1st_Movement_K._331.mxl",mozart_k331_i,mozart_k331_i,5,29,0.551543116569519,0.1500000008722631,0.0,0.0,1,False,,,2,3
L1+,"/Users/toddywang/Documents/VsCodeProjects/xmltoexp/ATEPP-1.2/ATEPP-1.2/Wolfgang_Amadeus_Mozart/Piano_Sonata_No._11_in_A_Major,_K._331/1._Tema_(Andante_grazioso)_con_variazioni/Sonata_No._11_1st_Movement_K._331.mxl",mozart_k331_i,mozart_k331_i,6,35,0.6954554319381714,0.1500000008722631,0.0,0.0,1,False,,,4,3
L1+,"/Users/toddywang/Documents/VsCodeProjects/xmltoexp/ATEPP-1.2/ATEPP-1.2/Wolfgang_Amadeus_Mozart/Piano_Sonata_No._11_in_A_Major,_K._331/1._Tema_(Andante_grazioso)_con_variazioni/Sonata_No._11_1st_Movement_K._331.mxl",mozart_k331_i,mozart_k331_i,7,41,0.5128169655799866,0.1500000008722631,0.0,0.0,1,False,,,6,3
L1+,"/Users/toddywang/Documents/VsCodeProjects/xmltoexp/ATEPP-1.2/ATEPP-1.2/Wolfgang_Amadeus_Mozart/Piano_Sonata_No._11_in_A_Major,_K._331/1._Tema_(Andante_grazioso)_con_variazioni/Sonata_No._11_1st_Movement_K._331.mxl",mozart_k331_i,mozart_k331_i,8,47,0.8851075768470764,0.1500000008722631,0.0,0.0,1,False,,,8,3
L1+,"/Users/toddywang/Documents/VsCodeProjects/xmltoexp/ATEPP-1.2/ATEPP-1.2/Wolfgang_Amadeus_Mozart/Piano_Sonata_No._11_in_A_Major,_K._331/1._Tema_(Andante_grazioso)_con_variazioni/Sonata_No._11_1st_Movement_K._331.mxl",mozart_k331_i,mozart_k331_i,9,53,0.5513800382614136,0.1500000008722631,0.0,0.0,1,False,,,10,3
L1+,"/Users/toddywang/Documents/VsCodeProjects/xmltoexp/ATEPP-1.2/ATEPP-1.2/Wolfgang_Amadeus_Mozart/Piano_Sonata_No._11_in_A_Major,_K._331/1._Tema_(Andante_grazioso)_con_variazioni/Sonata_No._11_1st_Movement_K._331.mxl",mozart_k331_i,mozart_k331_i,10,59,0.7107020020484924,0.1500000008722631,0.0,0.0,1,False,,,12,3
L1+,"/Users/toddywang/Documents/VsCodeProjects/xmltoexp/ATEPP-1.2/ATEPP-1.2/Wolfgang_Amadeus_Mozart/Piano_Sonata_No._11_in_A_Major,_K._331/1._Tema_(Andante_grazioso)_con_variazioni/Sonata_No._11_1st_Movement_K._331.mxl",mozart_k331_i,mozart_k331_i,11,65,0.5221511721611023,0.1500000008722631,0.0,0.0,1,False,,,14,3
L1+,"/Users/toddywang/Documents/VsCodeProjects/xmltoexp/ATEPP-1.2/ATEPP-1.2/Wolfgang_Amadeus_Mozart/Piano_Sonata_No._11_in_A_Major,_K._331/1._Tema_(Andante_grazioso)_con_variazioni/Sonata_No._11_1st_Movement_K._331.mxl",mozart_k331_i,mozart_k331_i,12,71,0.6651992201805115,0.1500000008722631,0.0,0.0,1,False,,,16,3
L1+,"/Users/toddywang/Documents/VsCodeProjects/xmltoexp/ATEPP-1.2/ATEPP-1.2/Wolfgang_Amadeus_Mozart/Piano_Sonata_No._11_in_A_Major,_K._331/1._Tema_(Andante_grazioso)_con_variazioni/Sonata_No._11_1st_Movement_K._331.mxl",mozart_k331_i,mozart_k331_i,13,77,0.8615896105766296,0.1500000008722631,0.0,0.0,1,False,,,18,3
L1+,"/Users/toddywang/Documents/VsCodeProjects/xmltoexp/ATEPP-1.2/ATEPP-1.2/Wolfgang_Amadeus_Mozart/Piano_Sonata_No._11_in_A_Major,_K._331/1._Tema_(Andante_grazioso)_con_variazioni/Sonata_No._11_1st_Movement_K._331.mxl",mozart_k331_i,mozart_k331_i,14,85,0.592020571231842,0.1500000008722631,0.0,0.0,1,False,,,11,2
L1+,"/Users/toddywang/Documents/VsCodeProjects/xmltoexp/ATEPP-1.2/ATEPP-1.2/Wolfgang_Amadeus_Mozart/Piano_Sonata_No._11_in_A_Major,_K._331/1._Tema_(Andante_grazioso)_con_variazioni/Sonata_No._11_1st_Movement_K._331.mxl",mozart_k331_i,mozart_k331_i,15,92,0.6678003668785095,0.1500000008722631,0.0,0.0,1,False,,,13,3
L1+,"/Users/toddywang/Documents/VsCodeProjects/xmltoexp/ATEPP-1.2/ATEPP-1.2/Wolfgang_Amadeus_Mozart/Piano_Sonata_No._11_in_A_Major,_K._331/1._Tema_(Andante_grazioso)_con_variazioni/Sonata_No._11_1st_Movement_K._331.mxl",mozart_k331_i,mozart_k331_i,16,101,0.6216769814491272,0.1500000008722631,0.0,0.0,1,False,,,16,3
L1+,"/Users/toddywang/Documents/VsCodeProjects/xmltoexp/ATEPP-1.2/ATEPP-1.2/Wolfgang_Amadeus_Mozart/Piano_Sonata_No._11_in_A_Major,_K._331/1._Tema_(Andante_grazioso)_con_variazioni/Sonata_No._11_1st_Movement_K._331.mxl",mozart_k331_i,mozart_k331_i,17,107,0.8753867745399475,0.1500000008722631,0.0,0.0,1,False,,,18,3
L1+,"/Users/toddywang/Documents/VsCodeProjects/xmltoexp/ATEPP-1.2/ATEPP-1.2/Wolfgang_Amadeus_Mozart/Piano_Sonata_No._11_in_A_Major,_K._331/1._Tema_(Andante_grazioso)_con_variazioni/Sonata_No._11_1st_Movement_K._331.mxl",mozart_k331_i,mozart_k331_i,18,113,0.6012750864028931,0.1500000008722631,0.0,0.0,1,False,,,20,3
L1+,"/Users/toddywang/Documents/VsCodeProjects/xmltoexp/ATEPP-1.2/ATEPP-1.2/Wolfgang_Amadeus_Mozart/Piano_Sonata_No._11_in_A_Major,_K._331/1._Tema_(Andante_grazioso)_con_variazioni/Sonata_No._11_1st_Movement_K._331.mxl",mozart_k331_i,mozart_k331_i,19,121,0.6379130482673645,0.1500000008722631,0.0,0.0,1,False,,,23,2
L1+,"/Users/toddywang/Documents/VsCodeProjects/xmltoexp/ATEPP-1.2/ATEPP-1.2/Wolfgang_Amadeus_Mozart/Piano_Sonata_No._11_in_A_Major,_K._331/1._Tema_(Andante_grazioso)_con_variazioni/Sonata_No._11_1st_Movement_K._331.mxl",mozart_k331_i,mozart_k331_i,20,132,0.830918550491333,0.1500000008722631,0.0,0.0,1,False,,,19,1
L1+,"/Users/toddywang/Documents/VsCodeProjects/xmltoexp/ATEPP-1.2/ATEPP-1.2/Wolfgang_Amadeus_Mozart/Piano_Sonata_No._11_in_A_Major,_K._331/1._Tema_(Andante_grazioso)_con_variazioni/Sonata_No._11_1st_Movement_K._331.mxl",mozart_k331_i,mozart_k331_i,21,139,0.5514086484909058,0.1500000008722631,0.0,0.0,1,False,,,21,2
L1+,"/Users/toddywang/Documents/VsCodeProjects/xmltoexp/ATEPP-1.2/ATEPP-1.2/Wolfgang_Amadeus_Mozart/Piano_Sonata_No._11_in_A_Major,_K._331/1._Tema_(Andante_grazioso)_con_variazioni/Sonata_No._11_1st_Movement_K._331.mxl",mozart_k331_i,mozart_k331_i,22,145,0.6356949806213379,0.1500000008722631,0.0,0.0,1,False,,,23,2
L1+,"/Users/toddywang/Documents/VsCodeProjects/xmltoexp/ATEPP-1.2/ATEPP-1.2/Wolfgang_Amadeus_Mozart/Piano_Sonata_No._11_in_A_Major,_K._331/1._Tema_(Andante_grazioso)_con_variazioni/Sonata_No._11_1st_Movement_K._331.mxl",mozart_k331_i,mozart_k331_i,23,156,0.8273440003395081,0.1500000008722631,0.0,0.0,1,False,,,27,1
L1+,"/Users/toddywang/Documents/VsCodeProjects/xmltoexp/ATEPP-1.2/ATEPP-1.2/Wolfgang_Amadeus_Mozart/Piano_Sonata_No._11_in_A_Major,_K._331/1._Tema_(Andante_grazioso)_con_variazioni/Sonata_No._11_1st_Movement_K._331.mxl",mozart_k331_i,mozart_k331_i,24,167,0.7140236496925354,0.1500000008722631,0.0,0.0,1,False,,,30,3
L1+,"/Users/toddywang/Documents/VsCodeProjects/xmltoexp/ATEPP-1.2/ATEPP-1.2/Wolfgang_Amadeus_Mozart/Piano_Sonata_No._11_in_A_Major,_K._331/1._Tema_(Andante_grazioso)_con_variazioni/Sonata_No._11_1st_Movement_K._331.mxl",mozart_k331_i,mozart_k331_i,25,173,0.5939441919326782,0.1500000008722631,0.0,0.0,1,False,,,32,3
L1+,"/Users/toddywang/Documents/VsCodeProjects/xmltoexp/ATEPP-1.2/ATEPP-1.2/Wolfgang_Amadeus_Mozart/Piano_Sonata_No._11_in_A_Major,_K._331/1._Tema_(Andante_grazioso)_con_variazioni/Sonata_No._11_1st_Movement_K._331.mxl",mozart_k331_i,mozart_k331_i,26,180,0.59625244140625,0.1500000008722631,0.0,0.0,1,False,,,35,1
L1+,"/Users/toddywang/Documents/VsCodeProjects/xmltoexp/ATEPP-1.2/ATEPP-1.2/Wolfgang_Amadeus_Mozart/Piano_Sonata_No._11_in_A_Major,_K._331/1._Tema_(Andante_grazioso)_con_variazioni/Sonata_No._11_1st_Movement_K._331.mxl",mozart_k331_i,mozart_k331_i,27,186,0.8166061639785767,0.1500000008722631,0.0,0.0,1,False,,,27,1
L1+,"/Users/toddywang/Documents/VsCodeProjects/xmltoexp/ATEPP-1.2/ATEPP-1.2/Wolfgang_Amadeus_Mozart/Piano_Sonata_No._11_in_A_Major,_K._331/1._Tema_(Andante_grazioso)_con_variazioni/Sonata_No._11_1st_Movement_K._331.mxl",mozart_k331_i,mozart_k331_i,28,197,0.6769794821739197,0.1500000008722631,0.0,0.0,1,False,,,30,3
L1+,"/Users/toddywang/Documents/VsCodeProjects/xmltoexp/ATEPP-1.2/ATEPP-1.2/Wolfgang_Amadeus_Mozart/Piano_Sonata_No._11_in_A_Major,_K._331/1._Tema_(Andante_grazioso)_con_variazioni/Sonata_No._11_1st_Movement_K._331.mxl",mozart_k331_i,mozart_k331_i,29,209,0.5927247405052185,0.1500000008722631,0.0,0.0,1,False,,,34,3
L1+,"/Users/toddywang/Documents/VsCodeProjects/xmltoexp/ATEPP-1.2/ATEPP-1.2/Wolfgang_Amadeus_Mozart/Piano_Sonata_No._11_in_A_Major,_K._331/1._Tema_(Andante_grazioso)_con_variazioni/Sonata_No._11_1st_Movement_K._331.mxl",mozart_k331_i,mozart_k331_i,30,215,0.8557596802711487,0.1500000008722631,0.0,0.0,1,False,,,36,3
L1+,"/Users/toddywang/Documents/VsCodeProjects/xmltoexp/ATEPP-1.2/ATEPP-1.2/Wolfgang_Amadeus_Mozart/Piano_Sonata_No._11_in_A_Major,_K._331/1._Tema_(Andante_grazioso)_con_variazioni/Sonata_No._11_1st_Movement_K._331.mxl",mozart_k331_i,mozart_k331_i,31,221,0.5900275707244873,0.1500000008722631,0.0,0.0,1,False,,,38,3
L1+,"/Users/toddywang/Documents/VsCodeProjects/xmltoexp/ATEPP-1.2/ATEPP-1.2/Wolfgang_Amadeus_Mozart/Piano_Sonata_No._11_in_A_Major,_K._331/1._Tema_(Andante_grazioso)_con_variazioni/Sonata_No._11_1st_Movement_K._331.mxl",mozart_k331_i,mozart_k331_i,32,228,0.6491695046424866,0.1500000008722631,0.0,0.0,1,False,,,41,1
L1+,"/Users/toddywang/Documents/VsCodeProjects/xmltoexp/ATEPP-1.2/ATEPP-1.2/Wolfgang_Amadeus_Mozart/Piano_Sonata_No._11_in_A_Major,_K._331/1._Tema_(Andante_grazioso)_con_variazioni/Sonata_No._11_1st_Movement_K._331.mxl",mozart_k331_i,mozart_k331_i,33,239,0.8067277073860168,0.1500000008722631,0.0,0.0,1,False,,,44,3
L1+,"/Users/toddywang/Documents/VsCodeProjects/xmltoexp/ATEPP-1.2/ATEPP-1.2/Wolfgang_Amadeus_Mozart/Piano_Sonata_No._11_in_A_Major,_K._331/1._Tema_(Andante_grazioso)_con_variazioni/Sonata_No._11_1st_Movement_K._331.mxl",mozart_k331_i,mozart_k331_i,34,245,0.5787352919578552,0.1500000008722631,0.0,0.0,1,False,,,38,3
L1+,"/Users/toddywang/Documents/VsCodeProjects/xmltoexp/ATEPP-1.2/ATEPP-1.2/Wolfgang_Amadeus_Mozart/Piano_Sonata_No._11_in_A_Major,_K._331/1._Tema_(Andante_grazioso)_con_variazioni/Sonata_No._11_1st_Movement_K._331.mxl",mozart_k331_i,mozart_k331_i,35,252,0.6515169143676758,0.1500000008722631,0.0,0.0,1,False,,,41,1
L1+,"/Users/toddywang/Documents/VsCodeProjects/xmltoexp/ATEPP-1.2/ATEPP-1.2/Wolfgang_Amadeus_Mozart/Piano_Sonata_No._11_in_A_Major,_K._331/1._Tema_(Andante_grazioso)_con_variazioni/Sonata_No._11_1st_Movement_K._331.mxl",mozart_k331_i,mozart_k331_i,36,263,0.8041751980781555,0.1500000008722631,0.0,0.0,1,False,,,44,3
L1+,"/Users/toddywang/Documents/VsCodeProjects/xmltoexp/ATEPP-1.2/ATEPP-1.2/Wolfgang_Amadeus_Mozart/Piano_Sonata_No._11_in_A_Major,_K._331/1._Tema_(Andante_grazioso)_con_variazioni/Sonata_No._11_1st_Movement_K._331.mxl",mozart_k331_i,mozart_k331_i,37,269,0.7272722721099854,0.1500000008722631,0.0,0.0,1,False,,,46,3
L1+,"/Users/toddywang/Documents/VsCodeProjects/xmltoexp/ATEPP-1.2/ATEPP-1.2/Wolfgang_Amadeus_Mozart/Piano_Sonata_No._11_in_A_Major,_K._331/1._Tema_(Andante_grazioso)_con_variazioni/Sonata_No._11_1st_Movement_K._331.mxl",mozart_k331_i,mozart_k331_i,38,275,0.8057547807693481,0.1500000008722631,0.0,0.0,1,False,,,48,3
L1+,"/Users/toddywang/Documents/VsCodeProjects/xmltoexp/ATEPP-1.2/ATEPP-1.2/Wolfgang_Amadeus_Mozart/Piano_Sonata_No._11_in_A_Major,_K._331/1._Tema_(Andante_grazioso)_con_variazioni/Sonata_No._11_1st_Movement_K._331.mxl",mozart_k331_i,mozart_k331_i,39,281,0.5964524149894714,0.1500000008722631,0.0,0.0,1,False,,,50,3
L1+,"/Users/toddywang/Documents/VsCodeProjects/xmltoexp/ATEPP-1.2/ATEPP-1.2/Wolfgang_Amadeus_Mozart/Piano_Sonata_No._11_in_A_Major,_K._331/1._Tema_(Andante_grazioso)_con_variazioni/Sonata_No._11_1st_Movement_K._331.mxl",mozart_k331_i,mozart_k331_i,40,287,0.6686455607414246,0.1500000008722631,0.0,0.0,1,False,,,52,3
L1+,"/Users/toddywang/Documents/VsCodeProjects/xmltoexp/ATEPP-1.2/ATEPP-1.2/Wolfgang_Amadeus_Mozart/Piano_Sonata_No._11_in_A_Major,_K._331/1._Tema_(Andante_grazioso)_con_variazioni/Sonata_No._11_1st_Movement_K._331.mxl",mozart_k331_i,mozart_k331_i,41,293,0.7916967272758484,0.1500000008722631,0.0,0.0,1,False,,,54,3
L1+,"/Users/toddywang/Documents/VsCodeProjects/xmltoexp/ATEPP-1.2/ATEPP-1.2/Wolfgang_Amadeus_Mozart/Piano_Sonata_No._11_in_A_Major,_K._331/1._Tema_(Andante_grazioso)_con_variazioni/Sonata_No._11_1st_Movement_K._331.mxl",mozart_k331_i,mozart_k331_i,42,299,0.725040853023529,0.1500000008722631,0.0,0.0,1,False,,,46,3
L1+,"/Users/toddywang/Documents/VsCodeProjects/xmltoexp/ATEPP-1.2/ATEPP-1.2/Wolfgang_Amadeus_Mozart/Piano_Sonata_No._11_in_A_Major,_K._331/1._Tema_(Andante_grazioso)_con_variazioni/Sonata_No._11_1st_Movement_K._331.mxl",mozart_k331_i,mozart_k331_i,43,305,0.787285566329956,0.1500000008722631,0.0,0.0,1,False,,,48,3
L1+,"/Users/toddywang/Documents/VsCodeProjects/xmltoexp/ATEPP-1.2/ATEPP-1.2/Wolfgang_Amadeus_Mozart/Piano_Sonata_No._11_in_A_Major,_K._331/1._Tema_(Andante_grazioso)_con_variazioni/Sonata_No._11_1st_Movement_K._331.mxl",mozart_k331_i,mozart_k331_i,44,311,0.6136773228645325,0.1500000008722631,0.0,0.0,1,False,,,50,3
L1+,"/Users/toddywang/Documents/VsCodeProjects/xmltoexp/ATEPP-1.2/ATEPP-1.2/Wolfgang_Amadeus_Mozart/Piano_Sonata_No._11_in_A_Major,_K._331/1._Tema_(Andante_grazioso)_con_variazioni/Sonata_No._11_1st_Movement_K._331.mxl",mozart_k331_i,mozart_k331_i,45,317,0.6332367062568665,0.1500000008722631,0.0,0.0,1,False,,,52,3
L1+,"/Users/toddywang/Documents/VsCodeProjects/xmltoexp/ATEPP-1.2/ATEPP-1.2/Wolfgang_Amadeus_Mozart/Piano_Sonata_No._11_in_A_Major,_K._331/1._Tema_(Andante_grazioso)_con_variazioni/Sonata_No._11_1st_Movement_K._331.mxl",mozart_k331_i,mozart_k331_i,46,323,0.7987210750579834,0.1500000008722631,0.0,0.0,1,False,,,54,3
L1+,"/Users/toddywang/Documents/VsCodeProjects/xmltoexp/ATEPP-1.2/ATEPP-1.2/Wolfgang_Amadeus_Mozart/Piano_Sonata_No._11_in_A_Major,_K._331/1._Tema_(Andante_grazioso)_con_variazioni/Sonata_No._11_1st_Movement_K._331.mxl",mozart_k331_i,mozart_k331_i,47,329,0.5880320072174072,0.1500000008722631,0.0,0.0,1,False,,,56,3
L1+,"/Users/toddywang/Documents/VsCodeProjects/xmltoexp/ATEPP-1.2/ATEPP-1.2/Wolfgang_Amadeus_Mozart/Piano_Sonata_No._11_in_A_Major,_K._331/1._Tema_(Andante_grazioso)_con_variazioni/Sonata_No._11_1st_Movement_K._331.mxl",mozart_k331_i,mozart_k331_i,48,335,0.5950339436531067,0.1500000008722631,0.0,0.0,1,False,,,58,3
L1+,"/Users/toddywang/Documents/VsCodeProjects/xmltoexp/ATEPP-1.2/ATEPP-1.2/Wolfgang_Amadeus_Mozart/Piano_Sonata_No._11_in_A_Major,_K._331/1._Tema_(Andante_grazioso)_con_variazioni/Sonata_No._11_1st_Movement_K._331.mxl",mozart_k331_i,mozart_k331_i,49,347,0.8006120920181274,0.1500000008722631,0.0,0.0,1,False,,,62,3
L1+,"/Users/toddywang/Documents/VsCodeProjects/xmltoexp/ATEPP-1.2/ATEPP-1.2/Wolfgang_Amadeus_Mozart/Piano_Sonata_No._11_in_A_Major,_K._331/1._Tema_(Andante_grazioso)_con_variazioni/Sonata_No._11_1st_Movement_K._331.mxl",mozart_k331_i,mozart_k331_i,50,353,0.5968685746192932,0.1500000008722631,0.0,0.0,1,False,,,56,3
L1+,"/Users/toddywang/Documents/VsCodeProjects/xmltoexp/ATEPP-1.2/ATEPP-1.2/Wolfgang_Amadeus_Mozart/Piano_Sonata_No._11_in_A_Major,_K._331/1._Tema_(Andante_grazioso)_con_variazioni/Sonata_No._11_1st_Movement_K._331.mxl",mozart_k331_i,mozart_k331_i,51,359,0.5926629900932312,0.1500000008722631,0.0,0.0,1,False,,,58,3
L1+,"/Users/toddywang/Documents/VsCodeProjects/xmltoexp/ATEPP-1.2/ATEPP-1.2/Wolfgang_Amadeus_Mozart/Piano_Sonata_No._11_in_A_Major,_K._331/1._Tema_(Andante_grazioso)_con_variazioni/Sonata_No._11_1st_Movement_K._331.mxl",mozart_k331_i,mozart_k331_i,52,371,0.7864168882369995,0.1500000008722631,0.0,0.0,1,False,,,62,3
L1+,"/Users/toddywang/Documents/VsCodeProjects/xmltoexp/ATEPP-1.2/ATEPP-1.2/Wolfgang_Amadeus_Mozart/Piano_Sonata_No._11_in_A_Major,_K._331/1._Tema_(Andante_grazioso)_con_variazioni/Sonata_No._11_1st_Movement_K._331.mxl",mozart_k331_i,mozart_k331_i,53,383,0.7555316090583801,0.1500000008722631,0.0,0.0,1,False,,,66,3
L1+,"/Users/toddywang/Documents/VsCodeProjects/xmltoexp/ATEPP-1.2/ATEPP-1.2/Wolfgang_Amadeus_Mozart/Piano_Sonata_No._11_in_A_Major,_K._331/1._Tema_(Andante_grazioso)_con_variazioni/Sonata_No._11_1st_Movement_K._331.mxl",mozart_k331_i,mozart_k331_i,54,395,0.6468654274940491,0.1500000008722631,0.0,0.0,1,False,,,70,3
L1+,"/Users/toddywang/Documents/VsCodeProjects/xmltoexp/ATEPP-1.2/ATEPP-1.2/Wolfgang_Amadeus_Mozart/Piano_Sonata_No._11_in_A_Major,_K._331/1._Tema_(Andante_grazioso)_con_variazioni/Sonata_No._11_1st_Movement_K._331.mxl",mozart_k331_i,mozart_k331_i,55,401,0.8247041702270508,0.1500000008722631,0.0,0.0,1,False,,,72,3
L1+,"/Users/toddywang/Documents/VsCodeProjects/xmltoexp/ATEPP-1.2/ATEPP-1.2/Wolfgang_Amadeus_Mozart/Piano_Sonata_No._11_in_A_Major,_K._331/1._Tema_(Andante_grazioso)_con_variazioni/Sonata_No._11_1st_Movement_K._331.mxl",mozart_k331_i,mozart_k331_i,56,407,0.5490638017654419,0.1500000008722631,0.0,0.0,1,False,,,64,3
L1+,"/Users/toddywang/Documents/VsCodeProjects/xmltoexp/ATEPP-1.2/ATEPP-1.2/Wolfgang_Amadeus_Mozart/Piano_Sonata_No._11_in_A_Major,_K._331/1._Tema_(Andante_grazioso)_con_variazioni/Sonata_No._11_1st_Movement_K._331.mxl",mozart_k331_i,mozart_k331_i,57,413,0.7236862182617188,0.1500000008722631,0.0,0.0,1,False,,,66,3
L1+,"/Users/toddywang/Documents/VsCodeProjects/xmltoexp/ATEPP-1.2/ATEPP-1.2/Wolfgang_Amadeus_Mozart/Piano_Sonata_No._11_in_A_Major,_K._331/1._Tema_(Andante_grazioso)_con_variazioni/Sonata_No._11_1st_Movement_K._331.mxl",mozart_k331_i,mozart_k331_i,58,420,0.6467547416687012,0.1500000008722631,0.0,0.0,1,False,,,69,1
L1+,"/Users/toddywang/Documents/VsCodeProjects/xmltoexp/ATEPP-1.2/ATEPP-1.2/Wolfgang_Amadeus_Mozart/Piano_Sonata_No._11_in_A_Major,_K._331/1._Tema_(Andante_grazioso)_con_variazioni/Sonata_No._11_1st_Movement_K._331.mxl",mozart_k331_i,mozart_k331_i,59,431,0.8419336676597595,0.1500000008722631,0.0,0.0,1,False,,,72,3
L1+,"/Users/toddywang/Documents/VsCodeProjects/xmltoexp/ATEPP-1.2/ATEPP-1.2/Wolfgang_Amadeus_Mozart/Piano_Sonata_No._11_in_A_Major,_K._331/1._Tema_(Andante_grazioso)_con_variazioni/Sonata_No._11_1st_Movement_K._331.mxl",mozart_k331_i,mozart_k331_i,60,437,0.5610194802284241,0.1500000008722631,0.0,0.0,1,False,,,74,3
L1+,"/Users/toddywang/Documents/VsCodeProjects/xmltoexp/ATEPP-1.2/ATEPP-1.2/Wolfgang_Amadeus_Mozart/Piano_Sonata_No._11_in_A_Major,_K._331/1._Tema_(Andante_grazioso)_con_variazioni/Sonata_No._11_1st_Movement_K._331.mxl",mozart_k331_i,mozart_k331_i,61,444,0.6368693709373474,0.1500000008722631,0.0,0.0,1,False,,,77,1
L1+,"/Users/toddywang/Documents/VsCodeProjects/xmltoexp/ATEPP-1.2/ATEPP-1.2/Wolfgang_Amadeus_Mozart/Piano_Sonata_No._11_in_A_Major,_K._331/1._Tema_(Andante_grazioso)_con_variazioni/Sonata_No._11_1st_Movement_K._331.mxl",mozart_k331_i,mozart_k331_i,62,454,0.6366065740585327,0.1500000008722631,0.0,0.0,1,False,,,80,2
L1+,"/Users/toddywang/Documents/VsCodeProjects/xmltoexp/ATEPP-1.2/ATEPP-1.2/Wolfgang_Amadeus_Mozart/Piano_Sonata_No._11_in_A_Major,_K._331/1._Tema_(Andante_grazioso)_con_variazioni/Sonata_No._11_1st_Movement_K._331.mxl",mozart_k331_i,mozart_k331_i,63,461,0.5486825704574585,0.1500000008722631,0.0,0.0,1,False,,,74,3
L1+,"/Users/toddywang/Documents/VsCodeProjects/xmltoexp/ATEPP-1.2/ATEPP-1.2/Wolfgang_Amadeus_Mozart/Piano_Sonata_No._11_in_A_Major,_K._331/1._Tema_(Andante_grazioso)_con_variazioni/Sonata_No._11_1st_Movement_K._331.mxl",mozart_k331_i,mozart_k331_i,64,467,0.6048880815505981,0.1500000008722631,0.0,0.0,1,False,,,76,3
L1+,"/Users/toddywang/Documents/VsCodeProjects/xmltoexp/ATEPP-1.2/ATEPP-1.2/Wolfgang_Amadeus_Mozart/Piano_Sonata_No._11_in_A_Major,_K._331/1._Tema_(Andante_grazioso)_con_variazioni/Sonata_No._11_1st_Movement_K._331.mxl",mozart_k331_i,mozart_k331_i,65,473,0.6184209585189819,0.1500000008722631,0.0,0.0,1,False,,,78,3
L1+,"/Users/toddywang/Documents/VsCodeProjects/xmltoexp/ATEPP-1.2/ATEPP-1.2/Wolfgang_Amadeus_Mozart/Piano_Sonata_No._11_in_A_Major,_K._331/1._Tema_(Andante_grazioso)_con_variazioni/Sonata_No._11_1st_Movement_K._331.mxl",mozart_k331_i,mozart_k331_i,66,480,0.7371434569358826,0.1500000008722631,0.0,0.0,1,False,,,81,1
L1+,"/Users/toddywang/Documents/VsCodeProjects/xmltoexp/ATEPP-1.2/ATEPP-1.2/Wolfgang_Amadeus_Mozart/Piano_Sonata_No._11_in_A_Major,_K._331/1._Tema_(Andante_grazioso)_con_variazioni/Sonata_No._11_1st_Movement_K._331.mxl",mozart_k331_i,mozart_k331_i,67,491,0.6219139695167542,0.1500000008722631,0.0,0.0,1,False,,,84,3
L1+,"/Users/toddywang/Documents/VsCodeProjects/xmltoexp/ATEPP-1.2/ATEPP-1.2/Wolfgang_Amadeus_Mozart/Piano_Sonata_No._11_in_A_Major,_K._331/1._Tema_(Andante_grazioso)_con_variazioni/Sonata_No._11_1st_Movement_K._331.mxl",mozart_k331_i,mozart_k331_i,68,503,0.6482324600219727,0.1500000008722631,0.0,0.0,1,False,,,88,3
L1+,"/Users/toddywang/Documents/VsCodeProjects/xmltoexp/ATEPP-1.2/ATEPP-1.2/Wolfgang_Amadeus_Mozart/Piano_Sonata_No._11_in_A_Major,_K._331/1._Tema_(Andante_grazioso)_con_variazioni/Sonata_No._11_1st_Movement_K._331.mxl",mozart_k331_i,mozart_k331_i,69,515,0.7088706493377686,0.1500000008722631,0.0,0.0,1,False,,,82,3
L1+,"/Users/toddywang/Documents/VsCodeProjects/xmltoexp/ATEPP-1.2/ATEPP-1.2/Wolfgang_Amadeus_Mozart/Piano_Sonata_No._11_in_A_Major,_K._331/1._Tema_(Andante_grazioso)_con_variazioni/Sonata_No._11_1st_Movement_K._331.mxl",mozart_k331_i,mozart_k331_i,70,521,0.6574043035507202,0.1500000008722631,0.0,0.0,1,False,,,84,3
L1+,"/Users/toddywang/Documents/VsCodeProjects/xmltoexp/ATEPP-1.2/ATEPP-1.2/Wolfgang_Amadeus_Mozart/Piano_Sonata_No._11_in_A_Major,_K._331/1._Tema_(Andante_grazioso)_con_variazioni/Sonata_No._11_1st_Movement_K._331.mxl",mozart_k331_i,mozart_k331_i,71,528,0.5751020908355713,0.1500000008722631,0.0,0.0,1,False,,,87,1
L1+,"/Users/toddywang/Documents/VsCodeProjects/xmltoexp/ATEPP-1.2/ATEPP-1.2/Wolfgang_Amadeus_Mozart/Piano_Sonata_No._11_in_A_Major,_K._331/1._Tema_(Andante_grazioso)_con_variazioni/Sonata_No._11_1st_Movement_K._331.mxl",mozart_k331_i,mozart_k331_i,72,539,0.6572366952896118,0.1500000008722631,0.0,0.0,1,False,,,90,3
L1+,"/Users/toddywang/Documents/VsCodeProjects/xmltoexp/ATEPP-1.2/ATEPP-1.2/Wolfgang_Amadeus_Mozart/Piano_Sonata_No._11_in_A_Major,_K._331/1._Tema_(Andante_grazioso)_con_variazioni/Sonata_No._11_1st_Movement_K._331.mxl",mozart_k331_i,mozart_k331_i,73,546,0.6762722730636597,0.1500000008722631,0.0,0.0,1,False,,,93,1
L1+,"/Users/toddywang/Documents/VsCodeProjects/xmltoexp/ATEPP-1.2/ATEPP-1.2/Wolfgang_Amadeus_Mozart/Piano_Sonata_No._11_in_A_Major,_K._331/1._Tema_(Andante_grazioso)_con_variazioni/Sonata_No._11_1st_Movement_K._331.mxl",mozart_k331_i,mozart_k331_i,74,552,0.5816248655319214,0.1500000008722631,0.0,0.0,1,False,,,95,1
L1+,"/Users/toddywang/Documents/VsCodeProjects/xmltoexp/ATEPP-1.2/ATEPP-1.2/Wolfgang_Amadeus_Mozart/Piano_Sonata_No._11_in_A_Major,_K._331/1._Tema_(Andante_grazioso)_con_variazioni/Sonata_No._11_1st_Movement_K._331.mxl",mozart_k331_i,mozart_k331_i,75,563,0.616907000541687,0.1500000008722631,0.0,0.0,1,False,,,98,3
L1+,"/Users/toddywang/Documents/VsCodeProjects/xmltoexp/ATEPP-1.2/ATEPP-1.2/Wolfgang_Amadeus_Mozart/Piano_Sonata_No._11_in_A_Major,_K._331/1._Tema_(Andante_grazioso)_con_variazioni/Sonata_No._11_1st_Movement_K._331.mxl",mozart_k331_i,mozart_k331_i,76,570,0.5700892806053162,0.1500000008722631,0.0,0.0,1,False,,,93,1
L1+,"/Users/toddywang/Documents/VsCodeProjects/xmltoexp/ATEPP-1.2/ATEPP-1.2/Wolfgang_Amadeus_Mozart/Piano_Sonata_No._11_in_A_Major,_K._331/1._Tema_(Andante_grazioso)_con_variazioni/Sonata_No._11_1st_Movement_K._331.mxl",mozart_k331_i,mozart_k331_i,77,581,0.6051540374755859,0.1500000008722631,0.0,0.0,1,False,,,96,3
L1+,"/Users/toddywang/Documents/VsCodeProjects/xmltoexp/ATEPP-1.2/ATEPP-1.2/Wolfgang_Amadeus_Mozart/Piano_Sonata_No._11_in_A_Major,_K._331/1._Tema_(Andante_grazioso)_con_variazioni/Sonata_No._11_1st_Movement_K._331.mxl",mozart_k331_i,mozart_k331_i,78,590,0.7058719992637634,0.1500000008722631,0.0,0.0,1,False,,,100,3
L1+,"/Users/toddywang/Documents/VsCodeProjects/xmltoexp/ATEPP-1.2/ATEPP-1.2/Wolfgang_Amadeus_Mozart/Piano_Sonata_No._11_in_A_Major,_K._331/1._Tema_(Andante_grazioso)_con_variazioni/Sonata_No._11_1st_Movement_K._331.mxl",mozart_k331_i,mozart_k331_i,79,599,0.5797538757324219,0.1500000008722631,0.0,0.0,1,False,,,103,3
L1+,"/Users/toddywang/Documents/VsCodeProjects/xmltoexp/ATEPP-1.2/ATEPP-1.2/Wolfgang_Amadeus_Mozart/Piano_Sonata_No._11_in_A_Major,_K._331/1._Tema_(Andante_grazioso)_con_variazioni/Sonata_No._11_1st_Movement_K._331.mxl",mozart_k331_i,mozart_k331_i,80,605,0.7178581953048706,0.1500000008722631,0.0,0.0,1,False,,,105,3
L1+,"/Users/toddywang/Documents/VsCodeProjects/xmltoexp/ATEPP-1.2/ATEPP-1.2/Wolfgang_Amadeus_Mozart/Piano_Sonata_No._11_in_A_Major,_K._331/1._Tema_(Andante_grazioso)_con_variazioni/Sonata_No._11_1st_Movement_K._331.mxl",mozart_k331_i,mozart_k331_i,81,611,0.733641505241394,0.1500000008722631,0.0,0.0,1,False,,,107,3
L1+,"/Users/toddywang/Documents/VsCodeProjects/xmltoexp/ATEPP-1.2/ATEPP-1.2/Wolfgang_Amadeus_Mozart/Piano_Sonata_No._11_in_A_Major,_K._331/1._Tema_(Andante_grazioso)_con_variazioni/Sonata_No._11_1st_Movement_K._331.mxl",mozart_k331_i,mozart_k331_i,82,621,0.6470181941986084,0.1500000008722631,0.0,0.0,1,False,,,101,1
L1+,"/Users/toddywang/Documents/VsCodeProjects/xmltoexp/ATEPP-1.2/ATEPP-1.2/Wolfgang_Amadeus_Mozart/Piano_Sonata_No._11_in_A_Major,_K._331/1._Tema_(Andante_grazioso)_con_variazioni/Sonata_No._11_1st_Movement_K._331.mxl",mozart_k331_i,mozart_k331_i,83,630,0.636204183101654,0.1500000008722631,0.0,0.0,1,False,,,104,1
L1+,"/Users/toddywang/Documents/VsCodeProjects/xmltoexp/ATEPP-1.2/ATEPP-1.2/Wolfgang_Amadeus_Mozart/Piano_Sonata_No._11_in_A_Major,_K._331/1._Tema_(Andante_grazioso)_con_variazioni/Sonata_No._11_1st_Movement_K._331.mxl",mozart_k331_i,mozart_k331_i,84,636,0.6636437773704529,0.1500000008722631,0.0,0.0,1,False,,,106,1
L1+,"/Users/toddywang/Documents/VsCodeProjects/xmltoexp/ATEPP-1.2/ATEPP-1.2/Wolfgang_Amadeus_Mozart/Piano_Sonata_No._11_in_A_Major,_K._331/1._Tema_(Andante_grazioso)_con_variazioni/Sonata_No._11_1st_Movement_K._331.mxl",mozart_k331_i,mozart_k331_i,85,642,0.5687442421913147,0.1500000008722631,0.0,0.0,1,False,,,108,1
L1+,"/Users/toddywang/Documents/VsCodeProjects/xmltoexp/ATEPP-1.2/ATEPP-1.2/Wolfgang_Amadeus_Mozart/Piano_Sonata_No._11_in_A_Major,_K._331/1._Tema_(Andante_grazioso)_con_variazioni/Sonata_No._11_1st_Movement_K._331.mxl",mozart_k331_i,mozart_k331_i,86,648,0.6667609214782715,0.1500000008722631,0.0,0.0,1,False,,,111,1
L1+,"/Users/toddywang/Documents/VsCodeProjects/xmltoexp/ATEPP-1.2/ATEPP-1.2/Wolfgang_Amadeus_Mozart/Piano_Sonata_No._11_in_A_Major,_K._331/1._Tema_(Andante_grazioso)_con_variazioni/Sonata_No._11_1st_Movement_K._331.mxl",mozart_k331_i,mozart_k331_i,87,655,0.5329235792160034,0.1500000008722631,0.0,0.0,1,False,,,112,4
L1+,"/Users/toddywang/Documents/VsCodeProjects/xmltoexp/ATEPP-1.2/ATEPP-1.2/Wolfgang_Amadeus_Mozart/Piano_Sonata_No._11_in_A_Major,_K._331/1._Tema_(Andante_grazioso)_con_variazioni/Sonata_No._11_1st_Movement_K._331.mxl",mozart_k331_i,mozart_k331_i,88,662,0.7517558336257935,0.1500000008722631,0.0,0.0,1,False,,,114,3
L1+,"/Users/toddywang/Documents/VsCodeProjects/xmltoexp/ATEPP-1.2/ATEPP-1.2/Wolfgang_Amadeus_Mozart/Piano_Sonata_No._11_in_A_Major,_K._331/1._Tema_(Andante_grazioso)_con_variazioni/Sonata_No._11_1st_Movement_K._331.mxl",mozart_k331_i,mozart_k331_i,89,671,0.5892009139060974,0.1500000008722631,0.0,0.0,1,False,,,116,4
L1+,"/Users/toddywang/Documents/VsCodeProjects/xmltoexp/ATEPP-1.2/ATEPP-1.2/Wolfgang_Amadeus_Mozart/Piano_Sonata_No._11_in_A_Major,_K._331/1._Tema_(Andante_grazioso)_con_variazioni/Sonata_No._11_1st_Movement_K._331.mxl",mozart_k331_i,mozart_k331_i,90,680,0.5709630846977234,0.1500000008722631,0.0,0.0,1,False,,,111,1
L1+,"/Users/toddywang/Documents/VsCodeProjects/xmltoexp/ATEPP-1.2/ATEPP-1.2/Wolfgang_Amadeus_Mozart/Piano_Sonata_No._11_in_A_Major,_K._331/1._Tema_(Andante_grazioso)_con_variazioni/Sonata_No._11_1st_Movement_K._331.mxl",mozart_k331_i,mozart_k331_i,91,687,0.6359842419624329,0.1500000008722631,0.0,0.0,1,False,,,112,4
L1+,"/Users/toddywang/Documents/VsCodeProjects/xmltoexp/ATEPP-1.2/ATEPP-1.2/Wolfgang_Amadeus_Mozart/Piano_Sonata_No._11_in_A_Major,_K._331/1._Tema_(Andante_grazioso)_con_variazioni/Sonata_No._11_1st_Movement_K._331.mxl",mozart_k331_i,mozart_k331_i,92,695,0.6795973181724548,0.1500000008722631,0.0,0.0,1,False,,,114,4
L1+,"/Users/toddywang/Documents/VsCodeProjects/xmltoexp/ATEPP-1.2/ATEPP-1.2/Wolfgang_Amadeus_Mozart/Piano_Sonata_No._11_in_A_Major,_K._331/1._Tema_(Andante_grazioso)_con_variazioni/Sonata_No._11_1st_Movement_K._331.mxl",mozart_k331_i,mozart_k331_i,93,707,0.5984205603599548,0.1500000008722631,0.0,0.0,1,False,,,117,4
L1+,"/Users/toddywang/Documents/VsCodeProjects/xmltoexp/ATEPP-1.2/ATEPP-1.2/Wolfgang_Amadeus_Mozart/Piano_Sonata_No._11_in_A_Major,_K._331/1._Tema_(Andante_grazioso)_con_variazioni/Sonata_No._11_1st_Movement_K._331.mxl",mozart_k331_i,mozart_k331_i,94,716,0.6002361178398132,0.1500000008722631,0.0,0.0,1,False,,,120,1
L1+,"/Users/toddywang/Documents/VsCodeProjects/xmltoexp/ATEPP-1.2/ATEPP-1.2/Wolfgang_Amadeus_Mozart/Piano_Sonata_No._11_in_A_Major,_K._331/1._Tema_(Andante_grazioso)_con_variazioni/Sonata_No._11_1st_Movement_K._331.mxl",mozart_k331_i,mozart_k331_i,95,727,0.6653619408607483,0.1500000008722631,0.0,0.0,1,False,,,122,4
L1+,"/Users/toddywang/Documents/VsCodeProjects/xmltoexp/ATEPP-1.2/ATEPP-1.2/Wolfgang_Amadeus_Mozart/Piano_Sonata_No._11_in_A_Major,_K._331/1._Tema_(Andante_grazioso)_con_variazioni/Sonata_No._11_1st_Movement_K._331.mxl",mozart_k331_i,mozart_k331_i,96,737,0.523057222366333,0.1500000008722631,0.0,0.0,1,False,,,125,2
L1+,"/Users/toddywang/Documents/VsCodeProjects/xmltoexp/ATEPP-1.2/ATEPP-1.2/Wolfgang_Amadeus_Mozart/Piano_Sonata_No._11_in_A_Major,_K._331/1._Tema_(Andante_grazioso)_con_variazioni/Sonata_No._11_1st_Movement_K._331.mxl",mozart_k331_i,mozart_k331_i,97,743,0.6650709509849548,0.1500000008722631,0.0,0.0,1,False,,,126,4
L1+,"/Users/toddywang/Documents/VsCodeProjects/xmltoexp/ATEPP-1.2/ATEPP-1.2/Wolfgang_Amadeus_Mozart/Piano_Sonata_No._11_in_A_Major,_K._331/1._Tema_(Andante_grazioso)_con_variazioni/Sonata_No._11_1st_Movement_K._331.mxl",mozart_k331_i,mozart_k331_i,98,752,0.5444157719612122,0.1500000008722631,0.0,0.0,1,False,,,129,1
L1+,"/Users/toddywang/Documents/VsCodeProjects/xmltoexp/ATEPP-1.2/ATEPP-1.2/Wolfgang_Amadeus_Mozart/Piano_Sonata_No._11_in_A_Major,_K._331/1._Tema_(Andante_grazioso)_con_variazioni/Sonata_No._11_1st_Movement_K._331.mxl",mozart_k331_i,mozart_k331_i,99,758,0.585737407207489,0.1500000008722631,0.0,0.0,1,False,,,130,3
L1+,"/Users/toddywang/Documents/VsCodeProjects/xmltoexp/ATEPP-1.2/ATEPP-1.2/Wolfgang_Amadeus_Mozart/Piano_Sonata_No._11_in_A_Major,_K._331/1._Tema_(Andante_grazioso)_con_variazioni/Sonata_No._11_1st_Movement_K._331.mxl",mozart_k331_i,mozart_k331_i,100,767,0.7332302927970886,0.1500000008722631,0.0,0.0,1,False,,,132,4
L1+,"/Users/toddywang/Documents/VsCodeProjects/xmltoexp/ATEPP-1.2/ATEPP-1.2/Wolfgang_Amadeus_Mozart/Piano_Sonata_No._11_in_A_Major,_K._331/1._Tema_(Andante_grazioso)_con_variazioni/Sonata_No._11_1st_Movement_K._331.mxl",mozart_k331_i,mozart_k331_i,101,780,0.7895077466964722,0.1500000008722631,0.0,0.0,1,False,,,136,1
L1+,"/Users/toddywang/Documents/VsCodeProjects/xmltoexp/ATEPP-1.2/ATEPP-1.2/Wolfgang_Amadeus_Mozart/Piano_Sonata_No._11_in_A_Major,_K._331/1._Tema_(Andante_grazioso)_con_variazioni/Sonata_No._11_1st_Movement_K._331.mxl",mozart_k331_i,mozart_k331_i,102,791,0.596142053604126,0.1500000008722631,0.0,0.0,1,False,,,138,4
L1+,"/Users/toddywang/Documents/VsCodeProjects/xmltoexp/ATEPP-1.2/ATEPP-1.2/Wolfgang_Amadeus_Mozart/Piano_Sonata_No._11_in_A_Major,_K._331/1._Tema_(Andante_grazioso)_con_variazioni/Sonata_No._11_1st_Movement_K._331.mxl",mozart_k331_i,mozart_k331_i,103,803,0.7402892112731934,0.1500000008722631,0.0,0.0,1,False,,,141,4
L1+,"/Users/toddywang/Documents/VsCodeProjects/xmltoexp/ATEPP-1.2/ATEPP-1.2/Wolfgang_Amadeus_Mozart/Piano_Sonata_No._11_in_A_Major,_K._331/1._Tema_(Andante_grazioso)_con_variazioni/Sonata_No._11_1st_Movement_K._331.mxl",mozart_k331_i,mozart_k331_i,104,811,0.6983555555343628,0.1500000008722631,0.0,0.0,1,False,,,143,4
L1+,"/Users/toddywang/Documents/VsCodeProjects/xmltoexp/ATEPP-1.2/ATEPP-1.2/Wolfgang_Amadeus_Mozart/Piano_Sonata_No._11_in_A_Major,_K._331/1._Tema_(Andante_grazioso)_con_variazioni/Sonata_No._11_1st_Movement_K._331.mxl",mozart_k331_i,mozart_k331_i,105,817,0.5892985463142395,0.1500000008722631,0.0,0.0,1,False,,,145,2
L2+,"/Users/toddywang/Documents/VsCodeProjects/xmltoexp/ATEPP-1.2/ATEPP-1.2/Wolfgang_Amadeus_Mozart/Piano_Sonata_No._11_in_A_Major,_K._331/1._Tema_(Andante_grazioso)_con_variazioni/Sonata_No._11_1st_Movement_K._331.mxl",mozart_k331_i,mozart_k331_i,1,5,0.5739232897758484,0.2884146338555871,0.0,0.0,1,False,,,2,3
L2+,"/Users/toddywang/Documents/VsCodeProjects/xmltoexp/ATEPP-1.2/ATEPP-1.2/Wolfgang_Amadeus_Mozart/Piano_Sonata_No._11_in_A_Major,_K._331/1._Tema_(Andante_grazioso)_con_variazioni/Sonata_No._11_1st_Movement_K._331.mxl",mozart_k331_i,mozart_k331_i,2,11,0.7036452889442444,0.2884146338555871,0.0,0.0,1,False,,,4,3
L2+,"/Users/toddywang/Documents/VsCodeProjects/xmltoexp/ATEPP-1.2/ATEPP-1.2/Wolfgang_Amadeus_Mozart/Piano_Sonata_No._11_in_A_Major,_K._331/1._Tema_(Andante_grazioso)_con_variazioni/Sonata_No._11_1st_Movement_K._331.mxl",mozart_k331_i,mozart_k331_i,3,17,0.496353417634964,0.2884146338555871,0.0,0.0,1,False,,,6,3
L2+,"/Users/toddywang/Documents/VsCodeProjects/xmltoexp/ATEPP-1.2/ATEPP-1.2/Wolfgang_Amadeus_Mozart/Piano_Sonata_No._11_in_A_Major,_K._331/1._Tema_(Andante_grazioso)_con_variazioni/Sonata_No._11_1st_Movement_K._331.mxl",mozart_k331_i,mozart_k331_i,4,23,0.8689267039299011,0.2884146338555871,0.0,0.0,1,False,,,8,3
L2+,"/Users/toddywang/Documents/VsCodeProjects/xmltoexp/ATEPP-1.2/ATEPP-1.2/Wolfgang_Amadeus_Mozart/Piano_Sonata_No._11_in_A_Major,_K._331/1._Tema_(Andante_grazioso)_con_variazioni/Sonata_No._11_1st_Movement_K._331.mxl",mozart_k331_i,mozart_k331_i,5,29,0.5329350829124451,0.2884146338555871,0.0,0.0,1,False,,,2,3
L2+,"/Users/toddywang/Documents/VsCodeProjects/xmltoexp/ATEPP-1.2/ATEPP-1.2/Wolfgang_Amadeus_Mozart/Piano_Sonata_No._11_in_A_Major,_K._331/1._Tema_(Andante_grazioso)_con_variazioni/Sonata_No._11_1st_Movement_K._331.mxl",mozart_k331_i,mozart_k331_i,6,35,0.7176626324653625,0.2884146338555871,0.0,0.0,1,False,,,4,3
L2+,"/Users/toddywang/Documents/VsCodeProjects/xmltoexp/ATEPP-1.2/ATEPP-1.2/Wolfgang_Amadeus_Mozart/Piano_Sonata_No._11_in_A_Major,_K._331/1._Tema_(Andante_grazioso)_con_variazioni/Sonata_No._11_1st_Movement_K._331.mxl",mozart_k331_i,mozart_k331_i,7,41,0.4979385733604431,0.2884146338555871,0.0,0.0,1,False,,,6,3
L2+,"/Users/toddywang/Documents/VsCodeProjects/xmltoexp/ATEPP-1.2/ATEPP-1.2/Wolfgang_Amadeus_Mozart/Piano_Sonata_No._11_in_A_Major,_K._331/1._Tema_(Andante_grazioso)_con_variazioni/Sonata_No._11_1st_Movement_K._331.mxl",mozart_k331_i,mozart_k331_i,8,47,0.8942408561706543,0.2884146338555871,0.0,0.0,1,False,,,8,3
L2+,"/Users/toddywang/Documents/VsCodeProjects/xmltoexp/ATEPP-1.2/ATEPP-1.2/Wolfgang_Amadeus_Mozart/Piano_Sonata_No._11_in_A_Major,_K._331/1._Tema_(Andante_grazioso)_con_variazioni/Sonata_No._11_1st_Movement_K._331.mxl",mozart_k331_i,mozart_k331_i,9,53,0.5382521152496338,0.2884146338555871,0.0,0.0,1,False,,,10,3
L2+,"/Users/toddywang/Documents/VsCodeProjects/xmltoexp/ATEPP-1.2/ATEPP-1.2/Wolfgang_Amadeus_Mozart/Piano_Sonata_No._11_in_A_Major,_K._331/1._Tema_(Andante_grazioso)_con_variazioni/Sonata_No._11_1st_Movement_K._331.mxl",mozart_k331_i,mozart_k331_i,10,59,0.7305065393447876,0.2884146338555871,0.0,0.0,1,False,,,12,3
L2+,"/Users/toddywang/Documents/VsCodeProjects/xmltoexp/ATEPP-1.2/ATEPP-1.2/Wolfgang_Amadeus_Mozart/Piano_Sonata_No._11_in_A_Major,_K._331/1._Tema_(Andante_grazioso)_con_variazioni/Sonata_No._11_1st_Movement_K._331.mxl",mozart_k331_i,mozart_k331_i,11,65,0.5121386051177979,0.2884146338555871,0.0,0.0,1,False,,,14,3
L2+,"/Users/toddywang/Documents/VsCodeProjects/xmltoexp/ATEPP-1.2/ATEPP-1.2/Wolfgang_Amadeus_Mozart/Piano_Sonata_No._11_in_A_Major,_K._331/1._Tema_(Andante_grazioso)_con_variazioni/Sonata_No._11_1st_Movement_K._331.mxl",mozart_k331_i,mozart_k331_i,12,71,0.6751833558082581,0.2884146338555871,0.0,0.0,1,False,,,16,3
L2+,"/Users/toddywang/Documents/VsCodeProjects/xmltoexp/ATEPP-1.2/ATEPP-1.2/Wolfgang_Amadeus_Mozart/Piano_Sonata_No._11_in_A_Major,_K._331/1._Tema_(Andante_grazioso)_con_variazioni/Sonata_No._11_1st_Movement_K._331.mxl",mozart_k331_i,mozart_k331_i,13,77,0.8685321807861328,0.2884146338555871,0.0,0.0,1,False,,,18,3
L2+,"/Users/toddywang/Documents/VsCodeProjects/xmltoexp/ATEPP-1.2/ATEPP-1.2/Wolfgang_Amadeus_Mozart/Piano_Sonata_No._11_in_A_Major,_K._331/1._Tema_(Andante_grazioso)_con_variazioni/Sonata_No._11_1st_Movement_K._331.mxl",mozart_k331_i,mozart_k331_i,14,89,0.6776744723320007,0.2884146338555871,0.0,0.0,1,False,,,12,3
L2+,"/Users/toddywang/Documents/VsCodeProjects/xmltoexp/ATEPP-1.2/ATEPP-1.2/Wolfgang_Amadeus_Mozart/Piano_Sonata_No._11_in_A_Major,_K._331/1._Tema_(Andante_grazioso)_con_variazioni/Sonata_No._11_1st_Movement_K._331.mxl",mozart_k331_i,mozart_k331_i,15,95,0.5646974444389343,0.2884146338555871,0.0,0.0,1,False,,,14,3
L2+,"/Users/toddywang/Documents/VsCodeProjects/xmltoexp/ATEPP-1.2/ATEPP-1.2/Wolfgang_Amadeus_Mozart/Piano_Sonata_No._11_in_A_Major,_K._331/1._Tema_(Andante_grazioso)_con_variazioni/Sonata_No._11_1st_Movement_K._331.mxl",mozart_k331_i,mozart_k331_i,16,101,0.6212184429168701,0.2884146338555871,0.0,0.0,1,False,,,16,3
L2+,"/Users/toddywang/Documents/VsCodeProjects/xmltoexp/ATEPP-1.2/ATEPP-1.2/Wolfgang_Amadeus_Mozart/Piano_Sonata_No._11_in_A_Major,_K._331/1._Tema_(Andante_grazioso)_con_variazioni/Sonata_No._11_1st_Movement_K._331.mxl",mozart_k331_i,mozart_k331_i,17,107,0.8773831129074097,0.2884146338555871,0.0,0.0,1,False,,,18,3
L2+,"/Users/toddywang/Documents/VsCodeProjects/xmltoexp/ATEPP-1.2/ATEPP-1.2/Wolfgang_Amadeus_Mozart/Piano_Sonata_No._11_in_A_Major,_K._331/1._Tema_(Andante_grazioso)_con_variazioni/Sonata_No._11_1st_Movement_K._331.mxl",mozart_k331_i,mozart_k331_i,18,113,0.5962478518486023,0.2884146338555871,0.0,0.0,1,False,,,20,3
L2+,"/Users/toddywang/Documents/VsCodeProjects/xmltoexp/ATEPP-1.2/ATEPP-1.2/Wolfgang_Amadeus_Mozart/Piano_Sonata_No._11_in_A_Major,_K._331/1._Tema_(Andante_grazioso)_con_variazioni/Sonata_No._11_1st_Movement_K._331.mxl",mozart_k331_i,mozart_k331_i,19,121,0.6532353758811951,0.2884146338555871,0.0,0.0,1,False,,,23,2
L2+,"/Users/toddywang/Documents/VsCodeProjects/xmltoexp/ATEPP-1.2/ATEPP-1.2/Wolfgang_Amadeus_Mozart/Piano_Sonata_No._11_in_A_Major,_K._331/1._Tema_(Andante_grazioso)_con_variazioni/Sonata_No._11_1st_Movement_K._331.mxl",mozart_k331_i,mozart_k331_i,20,132,0.8594847321510315,0.2884146338555871,0.0,0.0,1,False,,,19,1
L2+,"/Users/toddywang/Documents/VsCodeProjects/xmltoexp/ATEPP-1.2/ATEPP-1.2/Wolfgang_Amadeus_Mozart/Piano_Sonata_No._11_in_A_Major,_K._331/1._Tema_(Andante_grazioso)_con_variazioni/Sonata_No._11_1st_Movement_K._331.mxl",mozart_k331_i,mozart_k331_i,21,139,0.5564603805541992,0.2884146338555871,0.0,0.0,1,False,,,21,2
L2+,"/Users/toddywang/Documents/VsCodeProjects/xmltoexp/ATEPP-1.2/ATEPP-1.2/Wolfgang_Amadeus_Mozart/Piano_Sonata_No._11_in_A_Major,_K._331/1._Tema_(Andante_grazioso)_con_variazioni/Sonata_No._11_1st_Movement_K._331.mxl",mozart_k331_i,mozart_k331_i,22,145,0.6506975293159485,0.2884146338555871,0.0,0.0,1,False,,,23,2
L2+,"/Users/toddywang/Documents/VsCodeProjects/xmltoexp/ATEPP-1.2/ATEPP-1.2/Wolfgang_Amadeus_Mozart/Piano_Sonata_No._11_in_A_Major,_K._331/1._Tema_(Andante_grazioso)_con_variazioni/Sonata_No._11_1st_Movement_K._331.mxl",mozart_k331_i,mozart_k331_i,23,156,0.8499711155891418,0.2884146338555871,0.0,0.0,1,False,,,27,1
L2+,"/Users/toddywang/Documents/VsCodeProjects/xmltoexp/ATEPP-1.2/ATEPP-1.2/Wolfgang_Amadeus_Mozart/Piano_Sonata_No._11_in_A_Major,_K._331/1._Tema_(Andante_grazioso)_con_variazioni/Sonata_No._11_1st_Movement_K._331.mxl",mozart_k331_i,mozart_k331_i,24,167,0.7265648245811462,0.2884146338555871,0.0,0.0,1,False,,,30,3
L2+,"/Users/toddywang/Documents/VsCodeProjects/xmltoexp/ATEPP-1.2/ATEPP-1.2/Wolfgang_Amadeus_Mozart/Piano_Sonata_No._11_in_A_Major,_K._331/1._Tema_(Andante_grazioso)_con_variazioni/Sonata_No._11_1st_Movement_K._331.mxl",mozart_k331_i,mozart_k331_i,25,173,0.5977389216423035,0.2884146338555871,0.0,0.0,1,False,,,32,3
L2+,"/Users/toddywang/Documents/VsCodeProjects/xmltoexp/ATEPP-1.2/ATEPP-1.2/Wolfgang_Amadeus_Mozart/Piano_Sonata_No._11_in_A_Major,_K._331/1._Tema_(Andante_grazioso)_con_variazioni/Sonata_No._11_1st_Movement_K._331.mxl",mozart_k331_i,mozart_k331_i,26,179,0.5779079794883728,0.2884146338555871,0.0,0.0,1,False,,,34,3
L2+,"/Users/toddywang/Documents/VsCodeProjects/xmltoexp/ATEPP-1.2/ATEPP-1.2/Wolfgang_Amadeus_Mozart/Piano_Sonata_No._11_in_A_Major,_K._331/1._Tema_(Andante_grazioso)_con_variazioni/Sonata_No._11_1st_Movement_K._331.mxl",mozart_k331_i,mozart_k331_i,27,186,0.834638774394989,0.2884146338555871,0.0,0.0,1,False,,,27,1
L2+,"/Users/toddywang/Documents/VsCodeProjects/xmltoexp/ATEPP-1.2/ATEPP-1.2/Wolfgang_Amadeus_Mozart/Piano_Sonata_No._11_in_A_Major,_K._331/1._Tema_(Andante_grazioso)_con_variazioni/Sonata_No._11_1st_Movement_K._331.mxl",mozart_k331_i,mozart_k331_i,28,193,0.650573194026947,0.2884146338555871,0.0,0.0,1,False,,,29,2
L2+,"/Users/toddywang/Documents/VsCodeProjects/xmltoexp/ATEPP-1.2/ATEPP-1.2/Wolfgang_Amadeus_Mozart/Piano_Sonata_No._11_in_A_Major,_K._331/1._Tema_(Andante_grazioso)_con_variazioni/Sonata_No._11_1st_Movement_K._331.mxl",mozart_k331_i,mozart_k331_i,29,200,0.6798967123031616,0.2884146338555871,0.0,0.0,1,False,,,31,3
L2+,"/Users/toddywang/Documents/VsCodeProjects/xmltoexp/ATEPP-1.2/ATEPP-1.2/Wolfgang_Amadeus_Mozart/Piano_Sonata_No._11_in_A_Major,_K._331/1._Tema_(Andante_grazioso)_con_variazioni/Sonata_No._11_1st_Movement_K._331.mxl",mozart_k331_i,mozart_k331_i,30,209,0.5778249502182007,0.2884146338555871,0.0,0.0,1,False,,,34,3
L2+,"/Users/toddywang/Documents/VsCodeProjects/xmltoexp/ATEPP-1.2/ATEPP-1.2/Wolfgang_Amadeus_Mozart/Piano_Sonata_No._11_in_A_Major,_K._331/1._Tema_(Andante_grazioso)_con_variazioni/Sonata_No._11_1st_Movement_K._331.mxl",mozart_k331_i,mozart_k331_i,31,215,0.8628547787666321,0.2884146338555871,0.0,0.0,1,False,,,36,3
L2+,"/Users/toddywang/Documents/VsCodeProjects/xmltoexp/ATEPP-1.2/ATEPP-1.2/Wolfgang_Amadeus_Mozart/Piano_Sonata_No._11_in_A_Major,_K._331/1._Tema_(Andante_grazioso)_con_variazioni/Sonata_No._11_1st_Movement_K._331.mxl",mozart_k331_i,mozart_k331_i,32,221,0.570568859577179,0.2884146338555871,0.0,0.0,1,False,,,38,3
L2+,"/Users/toddywang/Documents/VsCodeProjects/xmltoexp/ATEPP-1.2/ATEPP-1.2/Wolfgang_Amadeus_Mozart/Piano_Sonata_No._11_in_A_Major,_K._331/1._Tema_(Andante_grazioso)_con_variazioni/Sonata_No._11_1st_Movement_K._331.mxl",mozart_k331_i,mozart_k331_i,33,228,0.6539678573608398,0.2884146338555871,0.0,0.0,1,False,,,41,1
L2+,"/Users/toddywang/Documents/VsCodeProjects/xmltoexp/ATEPP-1.2/ATEPP-1.2/Wolfgang_Amadeus_Mozart/Piano_Sonata_No._11_in_A_Major,_K._331/1._Tema_(Andante_grazioso)_con_variazioni/Sonata_No._11_1st_Movement_K._331.mxl",mozart_k331_i,mozart_k331_i,34,239,0.8144769072532654,0.2884146338555871,0.0,0.0,1,False,,,44,3
L2+,"/Users/toddywang/Documents/VsCodeProjects/xmltoexp/ATEPP-1.2/ATEPP-1.2/Wolfgang_Amadeus_Mozart/Piano_Sonata_No._11_in_A_Major,_K._331/1._Tema_(Andante_grazioso)_con_variazioni/Sonata_No._11_1st_Movement_K._331.mxl",mozart_k331_i,mozart_k331_i,35,245,0.558619499206543,0.2884146338555871,0.0,0.0,1,False,,,38,3
L2+,"/Users/toddywang/Documents/VsCodeProjects/xmltoexp/ATEPP-1.2/ATEPP-1.2/Wolfgang_Amadeus_Mozart/Piano_Sonata_No._11_in_A_Major,_K._331/1._Tema_(Andante_grazioso)_con_variazioni/Sonata_No._11_1st_Movement_K._331.mxl",mozart_k331_i,mozart_k331_i,36,252,0.6568312048912048,0.2884146338555871,0.0,0.0,1,False,,,41,1
L2+,"/Users/toddywang/Documents/VsCodeProjects/xmltoexp/ATEPP-1.2/ATEPP-1.2/Wolfgang_Amadeus_Mozart/Piano_Sonata_No._11_in_A_Major,_K._331/1._Tema_(Andante_grazioso)_con_variazioni/Sonata_No._11_1st_Movement_K._331.mxl",mozart_k331_i,mozart_k331_i,37,263,0.8108130097389221,0.2884146338555871,0.0,0.0,1,False,,,44,3
L2+,"/Users/toddywang/Documents/VsCodeProjects/xmltoexp/ATEPP-1.2/ATEPP-1.2/Wolfgang_Amadeus_Mozart/Piano_Sonata_No._11_in_A_Major,_K._331/1._Tema_(Andante_grazioso)_con_variazioni/Sonata_No._11_1st_Movement_K._331.mxl",mozart_k331_i,mozart_k331_i,38,269,0.7229049205780029,0.2884146338555871,0.0,0.0,1,False,,,46,3
L2+,"/Users/toddywang/Documents/VsCodeProjects/xmltoexp/ATEPP-1.2/ATEPP-1.2/Wolfgang_Amadeus_Mozart/Piano_Sonata_No._11_in_A_Major,_K._331/1._Tema_(Andante_grazioso)_con_variazioni/Sonata_No._11_1st_Movement_K._331.mxl",mozart_k331_i,mozart_k331_i,39,275,0.8153157234191895,0.2884146338555871,0.0,0.0,1,False,,,48,3
L2+,"/Users/toddywang/Documents/VsCodeProjects/xmltoexp/ATEPP-1.2/ATEPP-1.2/Wolfgang_Amadeus_Mozart/Piano_Sonata_No._11_in_A_Major,_K._331/1._Tema_(Andante_grazioso)_con_variazioni/Sonata_No._11_1st_Movement_K._331.mxl",mozart_k331_i,mozart_k331_i,40,281,0.5753472447395325,0.2884146338555871,0.0,0.0,1,False,,,50,3
L2+,"/Users/toddywang/Documents/VsCodeProjects/xmltoexp/ATEPP-1.2/ATEPP-1.2/Wolfgang_Amadeus_Mozart/Piano_Sonata_No._11_in_A_Major,_K._331/1._Tema_(Andante_grazioso)_con_variazioni/Sonata_No._11_1st_Movement_K._331.mxl",mozart_k331_i,mozart_k331_i,41,287,0.6651249527931213,0.2884146338555871,0.0,0.0,1,False,,,52,3
L2+,"/Users/toddywang/Documents/VsCodeProjects/xmltoexp/ATEPP-1.2/ATEPP-1.2/Wolfgang_Amadeus_Mozart/Piano_Sonata_No._11_in_A_Major,_K._331/1._Tema_(Andante_grazioso)_con_variazioni/Sonata_No._11_1st_Movement_K._331.mxl",mozart_k331_i,mozart_k331_i,42,293,0.7993447184562683,0.2884146338555871,0.0,0.0,1,False,,,54,3
L2+,"/Users/toddywang/Documents/VsCodeProjects/xmltoexp/ATEPP-1.2/ATEPP-1.2/Wolfgang_Amadeus_Mozart/Piano_Sonata_No._11_in_A_Major,_K._331/1._Tema_(Andante_grazioso)_con_variazioni/Sonata_No._11_1st_Movement_K._331.mxl",mozart_k331_i,mozart_k331_i,43,299,0.7183176279067993,0.2884146338555871,0.0,0.0,1,False,,,46,3
L2+,"/Users/toddywang/Documents/VsCodeProjects/xmltoexp/ATEPP-1.2/ATEPP-1.2/Wolfgang_Amadeus_Mozart/Piano_Sonata_No._11_in_A_Major,_K._331/1._Tema_(Andante_grazioso)_con_variazioni/Sonata_No._11_1st_Movement_K._331.mxl",mozart_k331_i,mozart_k331_i,44,305,0.7886056303977966,0.2884146338555871,0.0,0.0,1,False,,,48,3
L2+,"/Users/toddywang/Documents/VsCodeProjects/xmltoexp/ATEPP-1.2/ATEPP-1.2/Wolfgang_Amadeus_Mozart/Piano_Sonata_No._11_in_A_Major,_K._331/1._Tema_(Andante_grazioso)_con_variazioni/Sonata_No._11_1st_Movement_K._331.mxl",mozart_k331_i,mozart_k331_i,45,311,0.6005715727806091,0.2884146338555871,0.0,0.0,1,False,,,50,3
L2+,"/Users/toddywang/Documents/VsCodeProjects/xmltoexp/ATEPP-1.2/ATEPP-1.2/Wolfgang_Amadeus_Mozart/Piano_Sonata_No._11_in_A_Major,_K._331/1._Tema_(Andante_grazioso)_con_variazioni/Sonata_No._11_1st_Movement_K._331.mxl",mozart_k331_i,mozart_k331_i,46,317,0.6107947826385498,0.2884146338555871,0.0,0.0,1,False,,,52,3
L2+,"/Users/toddywang/Documents/VsCodeProjects/xmltoexp/ATEPP-1.2/ATEPP-1.2/Wolfgang_Amadeus_Mozart/Piano_Sonata_No._11_in_A_Major,_K._331/1._Tema_(Andante_grazioso)_con_variazioni/Sonata_No._11_1st_Movement_K._331.mxl",mozart_k331_i,mozart_k331_i,47,323,0.8040050268173218,0.2884146338555871,0.0,0.0,1,False,,,54,3
L2+,"/Users/toddywang/Documents/VsCodeProjects/xmltoexp/ATEPP-1.2/ATEPP-1.2/Wolfgang_Amadeus_Mozart/Piano_Sonata_No._11_in_A_Major,_K._331/1._Tema_(Andante_grazioso)_con_variazioni/Sonata_No._11_1st_Movement_K._331.mxl",mozart_k331_i,mozart_k331_i,48,329,0.5653727650642395,0.2884146338555871,0.0,0.0,1,False,,,56,3
L2+,"/Users/toddywang/Documents/VsCodeProjects/xmltoexp/ATEPP-1.2/ATEPP-1.2/Wolfgang_Amadeus_Mozart/Piano_Sonata_No._11_in_A_Major,_K._331/1._Tema_(Andante_grazioso)_con_variazioni/Sonata_No._11_1st_Movement_K._331.mxl",mozart_k331_i,mozart_k331_i,49,335,0.584701418876648,0.2884146338555871,0.0,0.0,1,False,,,58,3
L2+,"/Users/toddywang/Documents/VsCodeProjects/xmltoexp/ATEPP-1.2/ATEPP-1.2/Wolfgang_Amadeus_Mozart/Piano_Sonata_No._11_in_A_Major,_K._331/1._Tema_(Andante_grazioso)_con_variazioni/Sonata_No._11_1st_Movement_K._331.mxl",mozart_k331_i,mozart_k331_i,50,347,0.8074877262115479,0.2884146338555871,0.0,0.0,1,False,,,62,3
L2+,"/Users/toddywang/Documents/VsCodeProjects/xmltoexp/ATEPP-1.2/ATEPP-1.2/Wolfgang_Amadeus_Mozart/Piano_Sonata_No._11_in_A_Major,_K._331/1._Tema_(Andante_grazioso)_con_variazioni/Sonata_No._11_1st_Movement_K._331.mxl",mozart_k331_i,mozart_k331_i,51,353,0.5735204815864563,0.2884146338555871,0.0,0.0,1,False,,,56,3
L2+,"/Users/toddywang/Documents/VsCodeProjects/xmltoexp/ATEPP-1.2/ATEPP-1.2/Wolfgang_Amadeus_Mozart/Piano_Sonata_No._11_in_A_Major,_K._331/1._Tema_(Andante_grazioso)_con_variazioni/Sonata_No._11_1st_Movement_K._331.mxl",mozart_k331_i,mozart_k331_i,52,359,0.5822795629501343,0.2884146338555871,0.0,0.0,1,False,,,58,3
L2+,"/Users/toddywang/Documents/VsCodeProjects/xmltoexp/ATEPP-1.2/ATEPP-1.2/Wolfgang_Amadeus_Mozart/Piano_Sonata_No._11_in_A_Major,_K._331/1._Tema_(Andante_grazioso)_con_variazioni/Sonata_No._11_1st_Movement_K._331.mxl",mozart_k331_i,mozart_k331_i,53,371,0.7901425361633301,0.2884146338555871,0.0,0.0,1,False,,,62,3
L2+,"/Users/toddywang/Documents/VsCodeProjects/xmltoexp/ATEPP-1.2/ATEPP-1.2/Wolfgang_Amadeus_Mozart/Piano_Sonata_No._11_in_A_Major,_K._331/1._Tema_(Andante_grazioso)_con_variazioni/Sonata_No._11_1st_Movement_K._331.mxl",mozart_k331_i,mozart_k331_i,54,383,0.761488676071167,0.2884146338555871,0.0,0.0,1,False,,,66,3
L2+,"/Users/toddywang/Documents/VsCodeProjects/xmltoexp/ATEPP-1.2/ATEPP-1.2/Wolfgang_Amadeus_Mozart/Piano_Sonata_No._11_in_A_Major,_K._331/1._Tema_(Andante_grazioso)_con_variazioni/Sonata_No._11_1st_Movement_K._331.mxl",mozart_k331_i,mozart_k331_i,55,395,0.6331675052642822,0.2884146338555871,0.0,0.0,1,False,,,70,3
L2+,"/Users/toddywang/Documents/VsCodeProjects/xmltoexp/ATEPP-1.2/ATEPP-1.2/Wolfgang_Amadeus_Mozart/Piano_Sonata_No._11_in_A_Major,_K._331/1._Tema_(Andante_grazioso)_con_variazioni/Sonata_No._11_1st_Movement_K._331.mxl",mozart_k331_i,mozart_k331_i,56,401,0.8221679329872131,0.2884146338555871,0.0,0.0,1,False,,,72,3
L2+,"/Users/toddywang/Documents/VsCodeProjects/xmltoexp/ATEPP-1.2/ATEPP-1.2/Wolfgang_Amadeus_Mozart/Piano_Sonata_No._11_in_A_Major,_K._331/1._Tema_(Andante_grazioso)_con_variazioni/Sonata_No._11_1st_Movement_K._331.mxl",mozart_k331_i,mozart_k331_i,57,413,0.7142283916473389,0.2884146338555871,0.0,0.0,1,False,,,66,3
L2+,"/Users/toddywang/Documents/VsCodeProjects/xmltoexp/ATEPP-1.2/ATEPP-1.2/Wolfgang_Amadeus_Mozart/Piano_Sonata_No._11_in_A_Major,_K._331/1._Tema_(Andante_grazioso)_con_variazioni/Sonata_No._11_1st_Movement_K._331.mxl",mozart_k331_i,mozart_k331_i,58,420,0.6526150703430176,0.2884146338555871,0.0,0.0,1,False,,,69,1
L2+,"/Users/toddywang/Documents/VsCodeProjects/xmltoexp/ATEPP-1.2/ATEPP-1.2/Wolfgang_Amadeus_Mozart/Piano_Sonata_No._11_in_A_Major,_K._331/1._Tema_(Andante_grazioso)_con_variazioni/Sonata_No._11_1st_Movement_K._331.mxl",mozart_k331_i,mozart_k331_i,59,431,0.8500744700431824,0.2884146338555871,0.0,0.0,1,False,,,72,3
L2+,"/Users/toddywang/Documents/VsCodeProjects/xmltoexp/ATEPP-1.2/ATEPP-1.2/Wolfgang_Amadeus_Mozart/Piano_Sonata_No._11_in_A_Major,_K._331/1._Tema_(Andante_grazioso)_con_variazioni/Sonata_No._11_1st_Movement_K._331.mxl",mozart_k331_i,mozart_k331_i,60,437,0.5266828536987305,0.2884146338555871,0.0,0.0,1,False,,,74,3
L2+,"/Users/toddywang/Documents/VsCodeProjects/xmltoexp/ATEPP-1.2/ATEPP-1.2/Wolfgang_Amadeus_Mozart/Piano_Sonata_No._11_in_A_Major,_K._331/1._Tema_(Andante_grazioso)_con_variazioni/Sonata_No._11_1st_Movement_K._331.mxl",mozart_k331_i,mozart_k331_i,61,444,0.629260778427124,0.2884146338555871,0.0,0.0,1,False,,,77,1
L2+,"/Users/toddywang/Documents/VsCodeProjects/xmltoexp/ATEPP-1.2/ATEPP-1.2/Wolfgang_Amadeus_Mozart/Piano_Sonata_No._11_in_A_Major,_K._331/1._Tema_(Andante_grazioso)_con_variazioni/Sonata_No._11_1st_Movement_K._331.mxl",mozart_k331_i,mozart_k331_i,62,454,0.6563818454742432,0.2884146338555871,0.0,0.0,1,False,,,80,2
L2+,"/Users/toddywang/Documents/VsCodeProjects/xmltoexp/ATEPP-1.2/ATEPP-1.2/Wolfgang_Amadeus_Mozart/Piano_Sonata_No._11_in_A_Major,_K._331/1._Tema_(Andante_grazioso)_con_variazioni/Sonata_No._11_1st_Movement_K._331.mxl",mozart_k331_i,mozart_k331_i,63,461,0.5148540735244751,0.2884146338555871,0.0,0.0,1,False,,,74,3
L2+,"/Users/toddywang/Documents/VsCodeProjects/xmltoexp/ATEPP-1.2/ATEPP-1.2/Wolfgang_Amadeus_Mozart/Piano_Sonata_No._11_in_A_Major,_K._331/1._Tema_(Andante_grazioso)_con_variazioni/Sonata_No._11_1st_Movement_K._331.mxl",mozart_k331_i,mozart_k331_i,64,467,0.5947393178939819,0.2884146338555871,0.0,0.0,1,False,,,76,3
L2+,"/Users/toddywang/Documents/VsCodeProjects/xmltoexp/ATEPP-1.2/ATEPP-1.2/Wolfgang_Amadeus_Mozart/Piano_Sonata_No._11_in_A_Major,_K._331/1._Tema_(Andante_grazioso)_con_variazioni/Sonata_No._11_1st_Movement_K._331.mxl",mozart_k331_i,mozart_k331_i,65,473,0.5886582136154175,0.2884146338555871,0.0,0.0,1,False,,,78,3
L2+,"/Users/toddywang/Documents/VsCodeProjects/xmltoexp/ATEPP-1.2/ATEPP-1.2/Wolfgang_Amadeus_Mozart/Piano_Sonata_No._11_in_A_Major,_K._331/1._Tema_(Andante_grazioso)_con_variazioni/Sonata_No._11_1st_Movement_K._331.mxl",mozart_k331_i,mozart_k331_i,66,480,0.7396935820579529,0.2884146338555871,0.0,0.0,1,False,,,81,1
L2+,"/Users/toddywang/Documents/VsCodeProjects/xmltoexp/ATEPP-1.2/ATEPP-1.2/Wolfgang_Amadeus_Mozart/Piano_Sonata_No._11_in_A_Major,_K._331/1._Tema_(Andante_grazioso)_con_variazioni/Sonata_No._11_1st_Movement_K._331.mxl",mozart_k331_i,mozart_k331_i,67,491,0.6086423993110657,0.2884146338555871,0.0,0.0,1,False,,,84,3
L2+,"/Users/toddywang/Documents/VsCodeProjects/xmltoexp/ATEPP-1.2/ATEPP-1.2/Wolfgang_Amadeus_Mozart/Piano_Sonata_No._11_in_A_Major,_K._331/1._Tema_(Andante_grazioso)_con_variazioni/Sonata_No._11_1st_Movement_K._331.mxl",mozart_k331_i,mozart_k331_i,68,503,0.6260939836502075,0.2884146338555871,0.0,0.0,1,False,,,88,3
L2+,"/Users/toddywang/Documents/VsCodeProjects/xmltoexp/ATEPP-1.2/ATEPP-1.2/Wolfgang_Amadeus_Mozart/Piano_Sonata_No._11_in_A_Major,_K._331/1._Tema_(Andante_grazioso)_con_variazioni/Sonata_No._11_1st_Movement_K._331.mxl",mozart_k331_i,mozart_k331_i,69,515,0.6947845220565796,0.2884146338555871,0.0,0.0,1,False,,,82,3
L2+,"/Users/toddywang/Documents/VsCodeProjects/xmltoexp/ATEPP-1.2/ATEPP-1.2/Wolfgang_Amadeus_Mozart/Piano_Sonata_No._11_in_A_Major,_K._331/1._Tema_(Andante_grazioso)_con_variazioni/Sonata_No._11_1st_Movement_K._331.mxl",mozart_k331_i,mozart_k331_i,70,522,0.6359812021255493,0.2884146338555871,0.0,0.0,1,False,,,85,1
L2+,"/Users/toddywang/Documents/VsCodeProjects/xmltoexp/ATEPP-1.2/ATEPP-1.2/Wolfgang_Amadeus_Mozart/Piano_Sonata_No._11_in_A_Major,_K._331/1._Tema_(Andante_grazioso)_con_variazioni/Sonata_No._11_1st_Movement_K._331.mxl",mozart_k331_i,mozart_k331_i,71,529,0.5487546324729919,0.2884146338555871,0.0,0.0,1,False,,,87,2
L2+,"/Users/toddywang/Documents/VsCodeProjects/xmltoexp/ATEPP-1.2/ATEPP-1.2/Wolfgang_Amadeus_Mozart/Piano_Sonata_No._11_in_A_Major,_K._331/1._Tema_(Andante_grazioso)_con_variazioni/Sonata_No._11_1st_Movement_K._331.mxl",mozart_k331_i,mozart_k331_i,72,537,0.5924286246299744,0.2884146338555871,0.0,0.0,1,False,,,90,1
L2+,"/Users/toddywang/Documents/VsCodeProjects/xmltoexp/ATEPP-1.2/ATEPP-1.2/Wolfgang_Amadeus_Mozart/Piano_Sonata_No._11_in_A_Major,_K._331/1._Tema_(Andante_grazioso)_con_variazioni/Sonata_No._11_1st_Movement_K._331.mxl",mozart_k331_i,mozart_k331_i,73,546,0.6875541806221008,0.2884146338555871,0.0,0.0,1,False,,,93,1
L2+,"/Users/toddywang/Documents/VsCodeProjects/xmltoexp/ATEPP-1.2/ATEPP-1.2/Wolfgang_Amadeus_Mozart/Piano_Sonata_No._11_in_A_Major,_K._331/1._Tema_(Andante_grazioso)_con_variazioni/Sonata_No._11_1st_Movement_K._331.mxl",mozart_k331_i,mozart_k331_i,74,552,0.5566191673278809,0.2884146338555871,0.0,0.0,1,False,,,95,1
L2+,"/Users/toddywang/Documents/VsCodeProjects/xmltoexp/ATEPP-1.2/ATEPP-1.2/Wolfgang_Amadeus_Mozart/Piano_Sonata_No._11_in_A_Major,_K._331/1._Tema_(Andante_grazioso)_con_variazioni/Sonata_No._11_1st_Movement_K._331.mxl",mozart_k331_i,mozart_k331_i,75,563,0.6059752106666565,0.2884146338555871,0.0,0.0,1,False,,,98,3
L2+,"/Users/toddywang/Documents/VsCodeProjects/xmltoexp/ATEPP-1.2/ATEPP-1.2/Wolfgang_Amadeus_Mozart/Piano_Sonata_No._11_in_A_Major,_K._331/1._Tema_(Andante_grazioso)_con_variazioni/Sonata_No._11_1st_Movement_K._331.mxl",mozart_k331_i,mozart_k331_i,76,570,0.5403851866722107,0.2884146338555871,0.0,0.0,1,False,,,93,1
L2+,"/Users/toddywang/Documents/VsCodeProjects/xmltoexp/ATEPP-1.2/ATEPP-1.2/Wolfgang_Amadeus_Mozart/Piano_Sonata_No._11_in_A_Major,_K._331/1._Tema_(Andante_grazioso)_con_variazioni/Sonata_No._11_1st_Movement_K._331.mxl",mozart_k331_i,mozart_k331_i,77,577,0.6076598167419434,0.2884146338555871,0.0,0.0,1,False,,,95,2
L2+,"/Users/toddywang/Documents/VsCodeProjects/xmltoexp/ATEPP-1.2/ATEPP-1.2/Wolfgang_Amadeus_Mozart/Piano_Sonata_No._11_in_A_Major,_K._331/1._Tema_(Andante_grazioso)_con_variazioni/Sonata_No._11_1st_Movement_K._331.mxl",mozart_k331_i,mozart_k331_i,78,584,0.541609525680542,0.2884146338555871,0.0,0.0,1,False,,,97,3
L2+,"/Users/toddywang/Documents/VsCodeProjects/xmltoexp/ATEPP-1.2/ATEPP-1.2/Wolfgang_Amadeus_Mozart/Piano_Sonata_No._11_in_A_Major,_K._331/1._Tema_(Andante_grazioso)_con_variazioni/Sonata_No._11_1st_Movement_K._331.mxl",mozart_k331_i,mozart_k331_i,79,590,0.6910707950592041,0.2884146338555871,0.0,0.0,1,False,,,100,3
L2+,"/Users/toddywang/Documents/VsCodeProjects/xmltoexp/ATEPP-1.2/ATEPP-1.2/Wolfgang_Amadeus_Mozart/Piano_Sonata_No._11_in_A_Major,_K._331/1._Tema_(Andante_grazioso)_con_variazioni/Sonata_No._11_1st_Movement_K._331.mxl",mozart_k331_i,mozart_k331_i,80,599,0.559075117111206,0.2884146338555871,0.0,0.0,1,False,,,103,3
L2+,"/Users/toddywang/Documents/VsCodeProjects/xmltoexp/ATEPP-1.2/ATEPP-1.2/Wolfgang_Amadeus_Mozart/Piano_Sonata_No._11_in_A_Major,_K._331/1._Tema_(Andante_grazioso)_con_variazioni/Sonata_No._11_1st_Movement_K._331.mxl",mozart_k331_i,mozart_k331_i,81,605,0.6890512704849243,0.2884146338555871,0.0,0.0,1,False,,,105,3
L2+,"/Users/toddywang/Documents/VsCodeProjects/xmltoexp/ATEPP-1.2/ATEPP-1.2/Wolfgang_Amadeus_Mozart/Piano_Sonata_No._11_in_A_Major,_K._331/1._Tema_(Andante_grazioso)_con_variazioni/Sonata_No._11_1st_Movement_K._331.mxl",mozart_k331_i,mozart_k331_i,82,611,0.7248488664627075,0.2884146338555871,0.0,0.0,1,False,,,107,3
L2+,"/Users/toddywang/Documents/VsCodeProjects/xmltoexp/ATEPP-1.2/ATEPP-1.2/Wolfgang_Amadeus_Mozart/Piano_Sonata_No._11_in_A_Major,_K._331/1._Tema_(Andante_grazioso)_con_variazioni/Sonata_No._11_1st_Movement_K._331.mxl",mozart_k331_i,mozart_k331_i,83,621,0.6622269749641418,0.2884146338555871,0.0,0.0,1,False,,,101,1
L2+,"/Users/toddywang/Documents/VsCodeProjects/xmltoexp/ATEPP-1.2/ATEPP-1.2/Wolfgang_Amadeus_Mozart/Piano_Sonata_No._11_in_A_Major,_K._331/1._Tema_(Andante_grazioso)_con_variazioni/Sonata_No._11_1st_Movement_K._331.mxl",mozart_k331_i,mozart_k331_i,84,630,0.6323630213737488,0.2884146338555871,0.0,0.0,1,False,,,104,1
L2+,"/Users/toddywang/Documents/VsCodeProjects/xmltoexp/ATEPP-1.2/ATEPP-1.2/Wolfgang_Amadeus_Mozart/Piano_Sonata_No._11_in_A_Major,_K._331/1._Tema_(Andante_grazioso)_con_variazioni/Sonata_No._11_1st_Movement_K._331.mxl",mozart_k331_i,mozart_k331_i,85,636,0.6703630685806274,0.2884146338555871,0.0,0.0,1,False,,,106,1
L2+,"/Users/toddywang/Documents/VsCodeProjects/xmltoexp/ATEPP-1.2/ATEPP-1.2/Wolfgang_Amadeus_Mozart/Piano_Sonata_No._11_in_A_Major,_K._331/1._Tema_(Andante_grazioso)_con_variazioni/Sonata_No._11_1st_Movement_K._331.mxl",mozart_k331_i,mozart_k331_i,86,642,0.46288809180259705,0.2884146338555871,0.0,0.0,1,False,,,108,1
L2+,"/Users/toddywang/Documents/VsCodeProjects/xmltoexp/ATEPP-1.2/ATEPP-1.2/Wolfgang_Amadeus_Mozart/Piano_Sonata_No._11_in_A_Major,_K._331/1._Tema_(Andante_grazioso)_con_variazioni/Sonata_No._11_1st_Movement_K._331.mxl",mozart_k331_i,mozart_k331_i,87,648,0.719700038433075,0.2884146338555871,0.0,0.0,1,False,,,111,1
L2+,"/Users/toddywang/Documents/VsCodeProjects/xmltoexp/ATEPP-1.2/ATEPP-1.2/Wolfgang_Amadeus_Mozart/Piano_Sonata_No._11_in_A_Major,_K._331/1._Tema_(Andante_grazioso)_con_variazioni/Sonata_No._11_1st_Movement_K._331.mxl",mozart_k331_i,mozart_k331_i,88,655,0.5028349757194519,0.2884146338555871,0.0,0.0,1,False,,,112,4
L2+,"/Users/toddywang/Documents/VsCodeProjects/xmltoexp/ATEPP-1.2/ATEPP-1.2/Wolfgang_Amadeus_Mozart/Piano_Sonata_No._11_in_A_Major,_K._331/1._Tema_(Andante_grazioso)_con_variazioni/Sonata_No._11_1st_Movement_K._331.mxl",mozart_k331_i,mozart_k331_i,89,662,0.7627480030059814,0.2884146338555871,0.0,0.0,1,False,,,114,3
L2+,"/Users/toddywang/Documents/VsCodeProjects/xmltoexp/ATEPP-1.2/ATEPP-1.2/Wolfgang_Amadeus_Mozart/Piano_Sonata_No._11_in_A_Major,_K._331/1._Tema_(Andante_grazioso)_con_variazioni/Sonata_No._11_1st_Movement_K._331.mxl",mozart_k331_i,mozart_k331_i,90,668,0.5844924449920654,0.2884146338555871,0.0,0.0,1,False,,,116,1
L2+,"/Users/toddywang/Documents/VsCodeProjects/xmltoexp/ATEPP-1.2/ATEPP-1.2/Wolfgang_Amadeus_Mozart/Piano_Sonata_No._11_in_A_Major,_K._331/1._Tema_(Andante_grazioso)_con_variazioni/Sonata_No._11_1st_Movement_K._331.mxl",mozart_k331_i,mozart_k331_i,91,680,0.5748692154884338,0.2884146338555871,0.0,0.0,1,False,,,111,1
L2+,"/Users/toddywang/Documents/VsCodeProjects/xmltoexp/ATEPP-1.2/ATEPP-1.2/Wolfgang_Amadeus_Mozart/Piano_Sonata_No._11_in_A_Major,_K._331/1._Tema_(Andante_grazioso)_con_variazioni/Sonata_No._11_1st_Movement_K._331.mxl",mozart_k331_i,mozart_k331_i,92,687,0.6437065005302429,0.2884146338555871,0.0,0.0,1,False,,,112,4
L2+,"/Users/toddywang/Documents/VsCodeProjects/xmltoexp/ATEPP-1.2/ATEPP-1.2/Wolfgang_Amadeus_Mozart/Piano_Sonata_No._11_in_A_Major,_K._331/1._Tema_(Andante_grazioso)_con_variazioni/Sonata_No._11_1st_Movement_K._331.mxl",mozart_k331_i,mozart_k331_i,93,695,0.6753929853439331,0.2884146338555871,0.0,0.0,1,False,,,114,4
L2+,"/Users/toddywang/Documents/VsCodeProjects/xmltoexp/ATEPP-1.2/ATEPP-1.2/Wolfgang_Amadeus_Mozart/Piano_Sonata_No._11_in_A_Major,_K._331/1._Tema_(Andante_grazioso)_con_variazioni/Sonata_No._11_1st_Movement_K._331.mxl",mozart_k331_i,mozart_k331_i,94,707,0.5747125744819641,0.2884146338555871,0.0,0.0,1,False,,,117,4
L2+,"/Users/toddywang/Documents/VsCodeProjects/xmltoexp/ATEPP-1.2/ATEPP-1.2/Wolfgang_Amadeus_Mozart/Piano_Sonata_No._11_in_A_Major,_K._331/1._Tema_(Andante_grazioso)_con_variazioni/Sonata_No._11_1st_Movement_K._331.mxl",mozart_k331_i,mozart_k331_i,95,716,0.6147216558456421,0.2884146338555871,0.0,0.0,1,False,,,120,1
L2+,"/Users/toddywang/Documents/VsCodeProjects/xmltoexp/ATEPP-1.2/ATEPP-1.2/Wolfgang_Amadeus_Mozart/Piano_Sonata_No._11_in_A_Major,_K._331/1._Tema_(Andante_grazioso)_con_variazioni/Sonata_No._11_1st_Movement_K._331.mxl",mozart_k331_i,mozart_k331_i,96,727,0.6829622387886047,0.2884146338555871,0.0,0.0,1,False,,,122,4
L2+,"/Users/toddywang/Documents/VsCodeProjects/xmltoexp/ATEPP-1.2/ATEPP-1.2/Wolfgang_Amadeus_Mozart/Piano_Sonata_No._11_in_A_Major,_K._331/1._Tema_(Andante_grazioso)_con_variazioni/Sonata_No._11_1st_Movement_K._331.mxl",mozart_k331_i,mozart_k331_i,97,737,0.5125792026519775,0.2884146338555871,0.0,0.0,1,False,,,125,2
L2+,"/Users/toddywang/Documents/VsCodeProjects/xmltoexp/ATEPP-1.2/ATEPP-1.2/Wolfgang_Amadeus_Mozart/Piano_Sonata_No._11_in_A_Major,_K._331/1._Tema_(Andante_grazioso)_con_variazioni/Sonata_No._11_1st_Movement_K._331.mxl",mozart_k331_i,mozart_k331_i,98,743,0.6642848253250122,0.2884146338555871,0.0,0.0,1,False,,,126,4
L2+,"/Users/toddywang/Documents/VsCodeProjects/xmltoexp/ATEPP-1.2/ATEPP-1.2/Wolfgang_Amadeus_Mozart/Piano_Sonata_No._11_in_A_Major,_K._331/1._Tema_(Andante_grazioso)_con_variazioni/Sonata_No._11_1st_Movement_K._331.mxl",mozart_k331_i,mozart_k331_i,99,752,0.5349910259246826,0.2884146338555871,0.0,0.0,1,False,,,129,1
L2+,"/Users/toddywang/Documents/VsCodeProjects/xmltoexp/ATEPP-1.2/ATEPP-1.2/Wolfgang_Amadeus_Mozart/Piano_Sonata_No._11_in_A_Major,_K._331/1._Tema_(Andante_grazioso)_con_variazioni/Sonata_No._11_1st_Movement_K._331.mxl",mozart_k331_i,mozart_k331_i,100,758,0.5772936344146729,0.2884146338555871,0.0,0.0,1,False,,,130,3
L2+,"/Users/toddywang/Documents/VsCodeProjects/xmltoexp/ATEPP-1.2/ATEPP-1.2/Wolfgang_Amadeus_Mozart/Piano_Sonata_No._11_in_A_Major,_K._331/1._Tema_(Andante_grazioso)_con_variazioni/Sonata_No._11_1st_Movement_K._331.mxl",mozart_k331_i,mozart_k331_i,101,767,0.74232017993927,0.2884146338555871,0.0,0.0,1,False,,,132,4
L2+,"/Users/toddywang/Documents/VsCodeProjects/xmltoexp/ATEPP-1.2/ATEPP-1.2/Wolfgang_Amadeus_Mozart/Piano_Sonata_No._11_in_A_Major,_K._331/1._Tema_(Andante_grazioso)_con_variazioni/Sonata_No._11_1st_Movement_K._331.mxl",mozart_k331_i,mozart_k331_i,102,780,0.8024493455886841,0.2884146338555871,0.0,0.0,1,False,,,136,1
L2+,"/Users/toddywang/Documents/VsCodeProjects/xmltoexp/ATEPP-1.2/ATEPP-1.2/Wolfgang_Amadeus_Mozart/Piano_Sonata_No._11_in_A_Major,_K._331/1._Tema_(Andante_grazioso)_con_variazioni/Sonata_No._11_1st_Movement_K._331.mxl",mozart_k331_i,mozart_k331_i,103,791,0.5955939292907715,0.2884146338555871,0.0,0.0,1,False,,,138,4
L2+,"/Users/toddywang/Documents/VsCodeProjects/xmltoexp/ATEPP-1.2/ATEPP-1.2/Wolfgang_Amadeus_Mozart/Piano_Sonata_No._11_in_A_Major,_K._331/1._Tema_(Andante_grazioso)_con_variazioni/Sonata_No._11_1st_Movement_K._331.mxl",mozart_k331_i,mozart_k331_i,104,803,0.7730849981307983,0.2884146338555871,0.0,0.0,1,False,,,141,4
L2+,"/Users/toddywang/Documents/VsCodeProjects/xmltoexp/ATEPP-1.2/ATEPP-1.2/Wolfgang_Amadeus_Mozart/Piano_Sonata_No._11_in_A_Major,_K._331/1._Tema_(Andante_grazioso)_con_variazioni/Sonata_No._11_1st_Movement_K._331.mxl",mozart_k331_i,mozart_k331_i,105,811,0.7166087031364441,0.2884146338555871,0.0,0.0,1,False,,,143,4
L2+,"/Users/toddywang/Documents/VsCodeProjects/xmltoexp/ATEPP-1.2/ATEPP-1.2/Wolfgang_Amadeus_Mozart/Piano_Sonata_No._11_in_A_Major,_K._331/1._Tema_(Andante_grazioso)_con_variazioni/Sonata_No._11_1st_Movement_K._331.mxl",mozart_k331_i,mozart_k331_i,106,817,0.4776117205619812,0.2884146338555871,0.0,0.0,1,False,,,145,2
L3+,"/Users/toddywang/Documents/VsCodeProjects/xmltoexp/ATEPP-1.2/ATEPP-1.2/Wolfgang_Amadeus_Mozart/Piano_Sonata_No._11_in_A_Major,_K._331/1._Tema_(Andante_grazioso)_con_variazioni/Sonata_No._11_1st_Movement_K._331.mxl",mozart_k331_i,mozart_k331_i,1,11,0.6879209280014038,0.573170728254609,0.0,0.0,1,False,,,4,3
L3+,"/Users/toddywang/Documents/VsCodeProjects/xmltoexp/ATEPP-1.2/ATEPP-1.2/Wolfgang_Amadeus_Mozart/Piano_Sonata_No._11_in_A_Major,_K._331/1._Tema_(Andante_grazioso)_con_variazioni/Sonata_No._11_1st_Movement_K._331.mxl",mozart_k331_i,mozart_k331_i,2,23,0.875181257724762,0.573170728254609,0.0,0.0,1,False,,,8,3
L3+,"/Users/toddywang/Documents/VsCodeProjects/xmltoexp/ATEPP-1.2/ATEPP-1.2/Wolfgang_Amadeus_Mozart/Piano_Sonata_No._11_in_A_Major,_K._331/1._Tema_(Andante_grazioso)_con_variazioni/Sonata_No._11_1st_Movement_K._331.mxl",mozart_k331_i,mozart_k331_i,3,35,0.7082017660140991,0.573170728254609,0.0,0.0,1,False,,,4,3
L3+,"/Users/toddywang/Documents/VsCodeProjects/xmltoexp/ATEPP-1.2/ATEPP-1.2/Wolfgang_Amadeus_Mozart/Piano_Sonata_No._11_in_A_Major,_K._331/1._Tema_(Andante_grazioso)_con_variazioni/Sonata_No._11_1st_Movement_K._331.mxl",mozart_k331_i,mozart_k331_i,4,47,0.9087927937507629,0.573170728254609,0.0,0.0,1,False,,,8,3
L3+,"/Users/toddywang/Documents/VsCodeProjects/xmltoexp/ATEPP-1.2/ATEPP-1.2/Wolfgang_Amadeus_Mozart/Piano_Sonata_No._11_in_A_Major,_K._331/1._Tema_(Andante_grazioso)_con_variazioni/Sonata_No._11_1st_Movement_K._331.mxl",mozart_k331_i,mozart_k331_i,5,59,0.7280401587486267,0.573170728254609,0.0,0.0,1,False,,,12,3
L3+,"/Users/toddywang/Documents/VsCodeProjects/xmltoexp/ATEPP-1.2/ATEPP-1.2/Wolfgang_Amadeus_Mozart/Piano_Sonata_No._11_in_A_Major,_K._331/1._Tema_(Andante_grazioso)_con_variazioni/Sonata_No._11_1st_Movement_K._331.mxl",mozart_k331_i,mozart_k331_i,6,71,0.6639520525932312,0.573170728254609,0.0,0.0,1,False,,,16,3
L3+,"/Users/toddywang/Documents/VsCodeProjects/xmltoexp/ATEPP-1.2/ATEPP-1.2/Wolfgang_Amadeus_Mozart/Piano_Sonata_No._11_in_A_Major,_K._331/1._Tema_(Andante_grazioso)_con_variazioni/Sonata_No._11_1st_Movement_K._331.mxl",mozart_k331_i,mozart_k331_i,7,77,0.8897714018821716,0.573170728254609,0.0,0.0,1,False,,,18,3
L3+,"/Users/toddywang/Documents/VsCodeProjects/xmltoexp/ATEPP-1.2/ATEPP-1.2/Wolfgang_Amadeus_Mozart/Piano_Sonata_No._11_in_A_Major,_K._331/1._Tema_(Andante_grazioso)_con_variazioni/Sonata_No._11_1st_Movement_K._331.mxl",mozart_k331_i,mozart_k331_i,8,89,0.6735612154006958,0.573170728254609,0.0,0.0,1,False,,,12,3
L3+,"/Users/toddywang/Documents/VsCodeProjects/xmltoexp/ATEPP-1.2/ATEPP-1.2/Wolfgang_Amadeus_Mozart/Piano_Sonata_No._11_in_A_Major,_K._331/1._Tema_(Andante_grazioso)_con_variazioni/Sonata_No._11_1st_Movement_K._331.mxl",mozart_k331_i,mozart_k331_i,9,101,0.6059092879295349,0.573170728254609,0.0,0.0,1,False,,,16,3
L3+,"/Users/toddywang/Documents/VsCodeProjects/xmltoexp/ATEPP-1.2/ATEPP-1.2/Wolfgang_Amadeus_Mozart/Piano_Sonata_No._11_in_A_Major,_K._331/1._Tema_(Andante_grazioso)_con_variazioni/Sonata_No._11_1st_Movement_K._331.mxl",mozart_k331_i,mozart_k331_i,10,107,0.8907931447029114,0.573170728254609,0.0,0.0,1,False,,,18,3
L3+,"/Users/toddywang/Documents/VsCodeProjects/xmltoexp/ATEPP-1.2/ATEPP-1.2/Wolfgang_Amadeus_Mozart/Piano_Sonata_No._11_in_A_Major,_K._331/1._Tema_(Andante_grazioso)_con_variazioni/Sonata_No._11_1st_Movement_K._331.mxl",mozart_k331_i,mozart_k331_i,11,121,0.6585862040519714,0.573170728254609,0.0,0.0,1,False,,,23,2
L3+,"/Users/toddywang/Documents/VsCodeProjects/xmltoexp/ATEPP-1.2/ATEPP-1.2/Wolfgang_Amadeus_Mozart/Piano_Sonata_No._11_in_A_Major,_K._331/1._Tema_(Andante_grazioso)_con_variazioni/Sonata_No._11_1st_Movement_K._331.mxl",mozart_k331_i,mozart_k331_i,12,132,0.8749411702156067,0.573170728254609,0.0,0.0,1,False,,,19,1
L3+,"/Users/toddywang/Documents/VsCodeProjects/xmltoexp/ATEPP-1.2/ATEPP-1.2/Wolfgang_Amadeus_Mozart/Piano_Sonata_No._11_in_A_Major,_K._331/1._Tema_(Andante_grazioso)_con_variazioni/Sonata_No._11_1st_Movement_K._331.mxl",mozart_k331_i,mozart_k331_i,13,145,0.655902087688446,0.573170728254609,0.0,0.0,1,False,,,23,2
L3+,"/Users/toddywang/Documents/VsCodeProjects/xmltoexp/ATEPP-1.2/ATEPP-1.2/Wolfgang_Amadeus_Mozart/Piano_Sonata_No._11_in_A_Major,_K._331/1._Tema_(Andante_grazioso)_con_variazioni/Sonata_No._11_1st_Movement_K._331.mxl",mozart_k331_i,mozart_k331_i,14,156,0.8728197813034058,0.573170728254609,0.0,0.0,1,False,,,27,1
L3+,"/Users/toddywang/Documents/VsCodeProjects/xmltoexp/ATEPP-1.2/ATEPP-1.2/Wolfgang_Amadeus_Mozart/Piano_Sonata_No._11_in_A_Major,_K._331/1._Tema_(Andante_grazioso)_con_variazioni/Sonata_No._11_1st_Movement_K._331.mxl",mozart_k331_i,mozart_k331_i,15,167,0.7364139556884766,0.573170728254609,0.0,0.0,1,False,,,30,3
L3+,"/Users/toddywang/Documents/VsCodeProjects/xmltoexp/ATEPP-1.2/ATEPP-1.2/Wolfgang_Amadeus_Mozart/Piano_Sonata_No._11_in_A_Major,_K._331/1._Tema_(Andante_grazioso)_con_variazioni/Sonata_No._11_1st_Movement_K._331.mxl",mozart_k331_i,mozart_k331_i,16,185,0.8533990383148193,0.573170728254609,0.0,0.0,1,False,,,36,3
L3+,"/Users/toddywang/Documents/VsCodeProjects/xmltoexp/ATEPP-1.2/ATEPP-1.2/Wolfgang_Amadeus_Mozart/Piano_Sonata_No._11_in_A_Major,_K._331/1._Tema_(Andante_grazioso)_con_variazioni/Sonata_No._11_1st_Movement_K._331.mxl",mozart_k331_i,mozart_k331_i,17,197,0.6857129335403442,0.573170728254609,0.0,0.0,1,False,,,30,3
L3+,"/Users/toddywang/Documents/VsCodeProjects/xmltoexp/ATEPP-1.2/ATEPP-1.2/Wolfgang_Amadeus_Mozart/Piano_Sonata_No._11_in_A_Major,_K._331/1._Tema_(Andante_grazioso)_con_variazioni/Sonata_No._11_1st_Movement_K._331.mxl",mozart_k331_i,mozart_k331_i,18,215,0.8674168586730957,0.573170728254609,0.0,0.0,1,False,,,36,3
L3+,"/Users/toddywang/Documents/VsCodeProjects/xmltoexp/ATEPP-1.2/ATEPP-1.2/Wolfgang_Amadeus_Mozart/Piano_Sonata_No._11_in_A_Major,_K._331/1._Tema_(Andante_grazioso)_con_variazioni/Sonata_No._11_1st_Movement_K._331.mxl",mozart_k331_i,mozart_k331_i,19,228,0.6287543773651123,0.573170728254609,0.0,0.0,1,False,,,41,1
L3+,"/Users/toddywang/Documents/VsCodeProjects/xmltoexp/ATEPP-1.2/ATEPP-1.2/Wolfgang_Amadeus_Mozart/Piano_Sonata_No._11_in_A_Major,_K._331/1._Tema_(Andante_grazioso)_con_variazioni/Sonata_No._11_1st_Movement_K._331.mxl",mozart_k331_i,mozart_k331_i,20,239,0.8013603687286377,0.573170728254609,0.0,0.0,1,False,,,44,3
L3+,"/Users/toddywang/Documents/VsCodeProjects/xmltoexp/ATEPP-1.2/ATEPP-1.2/Wolfgang_Amadeus_Mozart/Piano_Sonata_No._11_in_A_Major,_K._331/1._Tema_(Andante_grazioso)_con_variazioni/Sonata_No._11_1st_Movement_K._331.mxl",mozart_k331_i,mozart_k331_i,21,252,0.6327025890350342,0.573170728254609,0.0,0.0,1,False,,,41,1
L3+,"/Users/toddywang/Documents/VsCodeProjects/xmltoexp/ATEPP-1.2/ATEPP-1.2/Wolfgang_Amadeus_Mozart/Piano_Sonata_No._11_in_A_Major,_K._331/1._Tema_(Andante_grazioso)_con_variazioni/Sonata_No._11_1st_Movement_K._331.mxl",mozart_k331_i,mozart_k331_i,22,263,0.8063362836837769,0.573170728254609,0.0,0.0,1,False,,,44,3
L3+,"/Users/toddywang/Documents/VsCodeProjects/xmltoexp/ATEPP-1.2/ATEPP-1.2/Wolfgang_Amadeus_Mozart/Piano_Sonata_No._11_in_A_Major,_K._331/1._Tema_(Andante_grazioso)_con_variazioni/Sonata_No._11_1st_Movement_K._331.mxl",mozart_k331_i,mozart_k331_i,23,269,0.7116203308105469,0.573170728254609,0.0,0.0,1,False,,,46,3
L3+,"/Users/toddywang/Documents/VsCodeProjects/xmltoexp/ATEPP-1.2/ATEPP-1.2/Wolfgang_Amadeus_Mozart/Piano_Sonata_No._11_in_A_Major,_K._331/1._Tema_(Andante_grazioso)_con_variazioni/Sonata_No._11_1st_Movement_K._331.mxl",mozart_k331_i,mozart_k331_i,24,275,0.8078922629356384,0.573170728254609,0.0,0.0,1,False,,,48,3
L3+,"/Users/toddywang/Documents/VsCodeProjects/xmltoexp/ATEPP-1.2/ATEPP-1.2/Wolfgang_Amadeus_Mozart/Piano_Sonata_No._11_in_A_Major,_K._331/1._Tema_(Andante_grazioso)_con_variazioni/Sonata_No._11_1st_Movement_K._331.mxl",mozart_k331_i,mozart_k331_i,25,287,0.6334434151649475,0.573170728254609,0.0,0.0,1,False,,,52,3
L3+,"/Users/toddywang/Documents/VsCodeProjects/xmltoexp/ATEPP-1.2/ATEPP-1.2/Wolfgang_Amadeus_Mozart/Piano_Sonata_No._11_in_A_Major,_K._331/1._Tema_(Andante_grazioso)_con_variazioni/Sonata_No._11_1st_Movement_K._331.mxl",mozart_k331_i,mozart_k331_i,26,293,0.8093592524528503,0.573170728254609,0.0,0.0,1,False,,,54,3
L3+,"/Users/toddywang/Documents/VsCodeProjects/xmltoexp/ATEPP-1.2/ATEPP-1.2/Wolfgang_Amadeus_Mozart/Piano_Sonata_No._11_in_A_Major,_K._331/1._Tema_(Andante_grazioso)_con_variazioni/Sonata_No._11_1st_Movement_K._331.mxl",mozart_k331_i,mozart_k331_i,27,299,0.701125979423523,0.573170728254609,0.0,0.0,1,False,,,46,3
L3+,"/Users/toddywang/Documents/VsCodeProjects/xmltoexp/ATEPP-1.2/ATEPP-1.2/Wolfgang_Amadeus_Mozart/Piano_Sonata_No._11_in_A_Major,_K._331/1._Tema_(Andante_grazioso)_con_variazioni/Sonata_No._11_1st_Movement_K._331.mxl",mozart_k331_i,mozart_k331_i,28,305,0.7892575263977051,0.573170728254609,0.0,0.0,1,False,,,48,3
L3+,"/Users/toddywang/Documents/VsCodeProjects/xmltoexp/ATEPP-1.2/ATEPP-1.2/Wolfgang_Amadeus_Mozart/Piano_Sonata_No._11_in_A_Major,_K._331/1._Tema_(Andante_grazioso)_con_variazioni/Sonata_No._11_1st_Movement_K._331.mxl",mozart_k331_i,mozart_k331_i,29,317,0.580071210861206,0.573170728254609,0.0,0.0,1,False,,,52,3
L3+,"/Users/toddywang/Documents/VsCodeProjects/xmltoexp/ATEPP-1.2/ATEPP-1.2/Wolfgang_Amadeus_Mozart/Piano_Sonata_No._11_in_A_Major,_K._331/1._Tema_(Andante_grazioso)_con_variazioni/Sonata_No._11_1st_Movement_K._331.mxl",mozart_k331_i,mozart_k331_i,30,323,0.800511360168457,0.573170728254609,0.0,0.0,1,False,,,54,3
L3+,"/Users/toddywang/Documents/VsCodeProjects/xmltoexp/ATEPP-1.2/ATEPP-1.2/Wolfgang_Amadeus_Mozart/Piano_Sonata_No._11_in_A_Major,_K._331/1._Tema_(Andante_grazioso)_con_variazioni/Sonata_No._11_1st_Movement_K._331.mxl",mozart_k331_i,mozart_k331_i,31,347,0.8100059628486633,0.573170728254609,0.0,0.0,1,False,,,62,3
L3+,"/Users/toddywang/Documents/VsCodeProjects/xmltoexp/ATEPP-1.2/ATEPP-1.2/Wolfgang_Amadeus_Mozart/Piano_Sonata_No._11_in_A_Major,_K._331/1._Tema_(Andante_grazioso)_con_variazioni/Sonata_No._11_1st_Movement_K._331.mxl",mozart_k331_i,mozart_k331_i,32,371,0.7998146414756775,0.573170728254609,0.0,0.0,1,False,,,62,3
L3+,"/Users/toddywang/Documents/VsCodeProjects/xmltoexp/ATEPP-1.2/ATEPP-1.2/Wolfgang_Amadeus_Mozart/Piano_Sonata_No._11_in_A_Major,_K._331/1._Tema_(Andante_grazioso)_con_variazioni/Sonata_No._11_1st_Movement_K._331.mxl",mozart_k331_i,mozart_k331_i,33,383,0.742741048336029,0.573170728254609,0.0,0.0,1,False,,,66,3
L3+,"/Users/toddywang/Documents/VsCodeProjects/xmltoexp/ATEPP-1.2/ATEPP-1.2/Wolfgang_Amadeus_Mozart/Piano_Sonata_No._11_in_A_Major,_K._331/1._Tema_(Andante_grazioso)_con_variazioni/Sonata_No._11_1st_Movement_K._331.mxl",mozart_k331_i,mozart_k331_i,34,401,0.8434277176856995,0.573170728254609,0.0,0.0,1,False,,,72,3
L3+,"/Users/toddywang/Documents/VsCodeProjects/xmltoexp/ATEPP-1.2/ATEPP-1.2/Wolfgang_Amadeus_Mozart/Piano_Sonata_No._11_in_A_Major,_K._331/1._Tema_(Andante_grazioso)_con_variazioni/Sonata_No._11_1st_Movement_K._331.mxl",mozart_k331_i,mozart_k331_i,35,413,0.7001072764396667,0.573170728254609,0.0,0.0,1,False,,,66,3
L3+,"/Users/toddywang/Documents/VsCodeProjects/xmltoexp/ATEPP-1.2/ATEPP-1.2/Wolfgang_Amadeus_Mozart/Piano_Sonata_No._11_in_A_Major,_K._331/1._Tema_(Andante_grazioso)_con_variazioni/Sonata_No._11_1st_Movement_K._331.mxl",mozart_k331_i,mozart_k331_i,36,420,0.6520944237709045,0.573170728254609,0.0,0.0,1,False,,,69,1
L3+,"/Users/toddywang/Documents/VsCodeProjects/xmltoexp/ATEPP-1.2/ATEPP-1.2/Wolfgang_Amadeus_Mozart/Piano_Sonata_No._11_in_A_Major,_K._331/1._Tema_(Andante_grazioso)_con_variazioni/Sonata_No._11_1st_Movement_K._331.mxl",mozart_k331_i,mozart_k331_i,37,431,0.8623553514480591,0.573170728254609,0.0,0.0,1,False,,,72,3
L3+,"/Users/toddywang/Documents/VsCodeProjects/xmltoexp/ATEPP-1.2/ATEPP-1.2/Wolfgang_Amadeus_Mozart/Piano_Sonata_No._11_in_A_Major,_K._331/1._Tema_(Andante_grazioso)_con_variazioni/Sonata_No._11_1st_Movement_K._331.mxl",mozart_k331_i,mozart_k331_i,38,444,0.5831105709075928,0.573170728254609,0.0,0.0,1,False,,,77,1
L3+,"/Users/toddywang/Documents/VsCodeProjects/xmltoexp/ATEPP-1.2/ATEPP-1.2/Wolfgang_Amadeus_Mozart/Piano_Sonata_No._11_in_A_Major,_K._331/1._Tema_(Andante_grazioso)_con_variazioni/Sonata_No._11_1st_Movement_K._331.mxl",mozart_k331_i,mozart_k331_i,39,454,0.6540485620498657,0.573170728254609,0.0,0.0,1,False,,,80,2
L3+,"/Users/toddywang/Documents/VsCodeProjects/xmltoexp/ATEPP-1.2/ATEPP-1.2/Wolfgang_Amadeus_Mozart/Piano_Sonata_No._11_in_A_Major,_K._331/1._Tema_(Andante_grazioso)_con_variazioni/Sonata_No._11_1st_Movement_K._331.mxl",mozart_k331_i,mozart_k331_i,40,480,0.7340036034584045,0.573170728254609,0.0,0.0,1,False,,,81,1
L3+,"/Users/toddywang/Documents/VsCodeProjects/xmltoexp/ATEPP-1.2/ATEPP-1.2/Wolfgang_Amadeus_Mozart/Piano_Sonata_No._11_in_A_Major,_K._331/1._Tema_(Andante_grazioso)_con_variazioni/Sonata_No._11_1st_Movement_K._331.mxl",mozart_k331_i,mozart_k331_i,41,499,0.5928968191146851,0.573170728254609,0.0,0.0,1,False,,,87,2
L3+,"/Users/toddywang/Documents/VsCodeProjects/xmltoexp/ATEPP-1.2/ATEPP-1.2/Wolfgang_Amadeus_Mozart/Piano_Sonata_No._11_in_A_Major,_K._331/1._Tema_(Andante_grazioso)_con_variazioni/Sonata_No._11_1st_Movement_K._331.mxl",mozart_k331_i,mozart_k331_i,42,505,0.5759966969490051,0.573170728254609,0.0,0.0,1,False,,,89,2
L3+,"/Users/toddywang/Documents/VsCodeProjects/xmltoexp/ATEPP-1.2/ATEPP-1.2/Wolfgang_Amadeus_Mozart/Piano_Sonata_No._11_in_A_Major,_K._331/1._Tema_(Andante_grazioso)_con_variazioni/Sonata_No._11_1st_Movement_K._331.mxl",mozart_k331_i,mozart_k331_i,43,516,0.6821147203445435,0.573170728254609,0.0,0.0,1,False,,,83,1
L3+,"/Users/toddywang/Documents/VsCodeProjects/xmltoexp/ATEPP-1.2/ATEPP-1.2/Wolfgang_Amadeus_Mozart/Piano_Sonata_No._11_in_A_Major,_K._331/1._Tema_(Andante_grazioso)_con_variazioni/Sonata_No._11_1st_Movement_K._331.mxl",mozart_k331_i,mozart_k331_i,44,541,0.6752716302871704,0.573170728254609,0.0,0.0,1,False,,,91,2
L3+,"/Users/toddywang/Documents/VsCodeProjects/xmltoexp/ATEPP-1.2/ATEPP-1.2/Wolfgang_Amadeus_Mozart/Piano_Sonata_No._11_in_A_Major,_K._331/1._Tema_(Andante_grazioso)_con_variazioni/Sonata_No._11_1st_Movement_K._331.mxl",mozart_k331_i,mozart_k331_i,45,577,0.6291507482528687,0.573170728254609,0.0,0.0,1,False,,,95,2
L3+,"/Users/toddywang/Documents/VsCodeProjects/xmltoexp/ATEPP-1.2/ATEPP-1.2/Wolfgang_Amadeus_Mozart/Piano_Sonata_No._11_in_A_Major,_K._331/1._Tema_(Andante_grazioso)_con_variazioni/Sonata_No._11_1st_Movement_K._331.mxl",mozart_k331_i,mozart_k331_i,46,590,0.623098611831665,0.573170728254609,0.0,0.0,1,False,,,100,3
L3+,"/Users/toddywang/Documents/VsCodeProjects/xmltoexp/ATEPP-1.2/ATEPP-1.2/Wolfgang_Amadeus_Mozart/Piano_Sonata_No._11_in_A_Major,_K._331/1._Tema_(Andante_grazioso)_con_variazioni/Sonata_No._11_1st_Movement_K._331.mxl",mozart_k331_i,mozart_k331_i,47,601,0.6910593509674072,0.573170728254609,0.0,0.0,1,False,,,104,2
L3+,"/Users/toddywang/Documents/VsCodeProjects/xmltoexp/ATEPP-1.2/ATEPP-1.2/Wolfgang_Amadeus_Mozart/Piano_Sonata_No._11_in_A_Major,_K._331/1._Tema_(Andante_grazioso)_con_variazioni/Sonata_No._11_1st_Movement_K._331.mxl",mozart_k331_i,mozart_k331_i,48,611,0.6746360659599304,0.573170728254609,0.0,0.0,1,False,,,107,3
L3+,"/Users/toddywang/Documents/VsCodeProjects/xmltoexp/ATEPP-1.2/ATEPP-1.2/Wolfgang_Amadeus_Mozart/Piano_Sonata_No._11_in_A_Major,_K._331/1._Tema_(Andante_grazioso)_con_variazioni/Sonata_No._11_1st_Movement_K._331.mxl",mozart_k331_i,mozart_k331_i,49,625,0.6614651083946228,0.573170728254609,0.0,0.0,1,False,,,102,2
L3+,"/Users/toddywang/Documents/VsCodeProjects/xmltoexp/ATEPP-1.2/ATEPP-1.2/Wolfgang_Amadeus_Mozart/Piano_Sonata_No._11_in_A_Major,_K._331/1._Tema_(Andante_grazioso)_con_variazioni/Sonata_No._11_1st_Movement_K._331.mxl",mozart_k331_i,mozart_k331_i,50,634,0.6529263854026794,0.573170728254609,0.0,0.0,1,False,,,105,2
L3+,"/Users/toddywang/Documents/VsCodeProjects/xmltoexp/ATEPP-1.2/ATEPP-1.2/Wolfgang_Amadeus_Mozart/Piano_Sonata_No._11_in_A_Major,_K._331/1._Tema_(Andante_grazioso)_con_variazioni/Sonata_No._11_1st_Movement_K._331.mxl",mozart_k331_i,mozart_k331_i,51,648,0.7573455572128296,0.573170728254609,0.0,0.0,1,False,,,111,1
L3+,"/Users/toddywang/Documents/VsCodeProjects/xmltoexp/ATEPP-1.2/ATEPP-1.2/Wolfgang_Amadeus_Mozart/Piano_Sonata_No._11_in_A_Major,_K._331/1._Tema_(Andante_grazioso)_con_variazioni/Sonata_No._11_1st_Movement_K._331.mxl",mozart_k331_i,mozart_k331_i,52,662,0.7572506070137024,0.573170728254609,0.0,0.0,1,False,,,114,3
L3+,"/Users/toddywang/Documents/VsCodeProjects/xmltoexp/ATEPP-1.2/ATEPP-1.2/Wolfgang_Amadeus_Mozart/Piano_Sonata_No._11_in_A_Major,_K._331/1._Tema_(Andante_grazioso)_con_variazioni/Sonata_No._11_1st_Movement_K._331.mxl",mozart_k331_i,mozart_k331_i,53,695,0.6295447945594788,0.573170728254609,0.0,0.0,1,False,,,114,4
L3+,"/Users/toddywang/Documents/VsCodeProjects/xmltoexp/ATEPP-1.2/ATEPP-1.2/Wolfgang_Amadeus_Mozart/Piano_Sonata_No._11_in_A_Major,_K._331/1._Tema_(Andante_grazioso)_con_variazioni/Sonata_No._11_1st_Movement_K._331.mxl",mozart_k331_i,mozart_k331_i,54,717,0.5747318267822266,0.573170728254609,0.0,0.0,1,False,,,120,2
L3+,"/Users/toddywang/Documents/VsCodeProjects/xmltoexp/ATEPP-1.2/ATEPP-1.2/Wolfgang_Amadeus_Mozart/Piano_Sonata_No._11_in_A_Major,_K._331/1._Tema_(Andante_grazioso)_con_variazioni/Sonata_No._11_1st_Movement_K._331.mxl",mozart_k331_i,mozart_k331_i,55,727,0.6563251614570618,0.573170728254609,0.0,0.0,1,False,,,122,4
L3+,"/Users/toddywang/Documents/VsCodeProjects/xmltoexp/ATEPP-1.2/ATEPP-1.2/Wolfgang_Amadeus_Mozart/Piano_Sonata_No._11_in_A_Major,_K._331/1._Tema_(Andante_grazioso)_con_variazioni/Sonata_No._11_1st_Movement_K._331.mxl",mozart_k331_i,mozart_k331_i,56,743,0.5789390802383423,0.573170728254609,0.0,0.0,1,False,,,126,4
L3+,"/Users/toddywang/Documents/VsCodeProjects/xmltoexp/ATEPP-1.2/ATEPP-1.2/Wolfgang_Amadeus_Mozart/Piano_Sonata_No._11_in_A_Major,_K._331/1._Tema_(Andante_grazioso)_con_variazioni/Sonata_No._11_1st_Movement_K._331.mxl",mozart_k331_i,mozart_k331_i,57,767,0.7205653786659241,0.573170728254609,0.0,0.0,1,False,,,132,4
L3+,"/Users/toddywang/Documents/VsCodeProjects/xmltoexp/ATEPP-1.2/ATEPP-1.2/Wolfgang_Amadeus_Mozart/Piano_Sonata_No._11_in_A_Major,_K._331/1._Tema_(Andante_grazioso)_con_variazioni/Sonata_No._11_1st_Movement_K._331.mxl",mozart_k331_i,mozart_k331_i,58,780,0.7967551350593567,0.573170728254609,0.0,0.0,1,False,,,136,1
L3+,"/Users/toddywang/Documents/VsCodeProjects/xmltoexp/ATEPP-1.2/ATEPP-1.2/Wolfgang_Amadeus_Mozart/Piano_Sonata_No._11_in_A_Major,_K._331/1._Tema_(Andante_grazioso)_con_variazioni/Sonata_No._11_1st_Movement_K._331.mxl",mozart_k331_i,mozart_k331_i,59,803,0.8032464385032654,0.573170728254609,0.0,0.0,1,False,,,141,4
L3+,"/Users/toddywang/Documents/VsCodeProjects/xmltoexp/ATEPP-1.2/ATEPP-1.2/Wolfgang_Amadeus_Mozart/Piano_Sonata_No._11_in_A_Major,_K._331/1._Tema_(Andante_grazioso)_con_variazioni/Sonata_No._11_1st_Movement_K._331.mxl",mozart_k331_i,mozart_k331_i,60,811,0.7120471000671387,0.573170728254609,0.0,0.0,1,False,,,143,4
L4+,"/Users/toddywang/Documents/VsCodeProjects/xmltoexp/ATEPP-1.2/ATEPP-1.2/Wolfgang_Amadeus_Mozart/Piano_Sonata_No._11_in_A_Major,_K._331/1._Tema_(Andante_grazioso)_con_variazioni/Sonata_No._11_1st_Movement_K._331.mxl",mozart_k331_i,mozart_k331_i,1,23,0.8686827421188354,0.7243902450654565,0.0,0.0,1,False,,,8,3
L4+,"/Users/toddywang/Documents/VsCodeProjects/xmltoexp/ATEPP-1.2/ATEPP-1.2/Wolfgang_Amadeus_Mozart/Piano_Sonata_No._11_in_A_Major,_K._331/1._Tema_(Andante_grazioso)_con_variazioni/Sonata_No._11_1st_Movement_K._331.mxl",mozart_k331_i,mozart_k331_i,2,47,0.8911577463150024,0.7243902450654565,0.0,0.0,1,False,,,8,3
L4+,"/Users/toddywang/Documents/VsCodeProjects/xmltoexp/ATEPP-1.2/ATEPP-1.2/Wolfgang_Amadeus_Mozart/Piano_Sonata_No._11_in_A_Major,_K._331/1._Tema_(Andante_grazioso)_con_variazioni/Sonata_No._11_1st_Movement_K._331.mxl",mozart_k331_i,mozart_k331_i,3,77,0.8874748945236206,0.7243902450654565,0.0,0.0,1,False,,,18,3
L4+,"/Users/toddywang/Documents/VsCodeProjects/xmltoexp/ATEPP-1.2/ATEPP-1.2/Wolfgang_Amadeus_Mozart/Piano_Sonata_No._11_in_A_Major,_K._331/1._Tema_(Andante_grazioso)_con_variazioni/Sonata_No._11_1st_Movement_K._331.mxl",mozart_k331_i,mozart_k331_i,4,107,0.8869073987007141,0.7243902450654565,0.0,0.0,1,False,,,18,3
L4+,"/Users/toddywang/Documents/VsCodeProjects/xmltoexp/ATEPP-1.2/ATEPP-1.2/Wolfgang_Amadeus_Mozart/Piano_Sonata_No._11_in_A_Major,_K._331/1._Tema_(Andante_grazioso)_con_variazioni/Sonata_No._11_1st_Movement_K._331.mxl",mozart_k331_i,mozart_k331_i,5,132,0.8106970191001892,0.7243902450654565,0.0,0.0,1,False,,,19,1
L4+,"/Users/toddywang/Documents/VsCodeProjects/xmltoexp/ATEPP-1.2/ATEPP-1.2/Wolfgang_Amadeus_Mozart/Piano_Sonata_No._11_in_A_Major,_K._331/1._Tema_(Andante_grazioso)_con_variazioni/Sonata_No._11_1st_Movement_K._331.mxl",mozart_k331_i,mozart_k331_i,6,156,0.8017987608909607,0.7243902450654565,0.0,0.0,1,False,,,27,1
L4+,"/Users/toddywang/Documents/VsCodeProjects/xmltoexp/ATEPP-1.2/ATEPP-1.2/Wolfgang_Amadeus_Mozart/Piano_Sonata_No._11_in_A_Major,_K._331/1._Tema_(Andante_grazioso)_con_variazioni/Sonata_No._11_1st_Movement_K._331.mxl",mozart_k331_i,mozart_k331_i,7,186,0.8089839816093445,0.7243902450654565,0.0,0.0,1,False,,,27,1
L4+,"/Users/toddywang/Documents/VsCodeProjects/xmltoexp/ATEPP-1.2/ATEPP-1.2/Wolfgang_Amadeus_Mozart/Piano_Sonata_No._11_in_A_Major,_K._331/1._Tema_(Andante_grazioso)_con_variazioni/Sonata_No._11_1st_Movement_K._331.mxl",mozart_k331_i,mozart_k331_i,8,215,0.7988876700401306,0.7243902450654565,0.0,0.0,1,False,,,36,3
L4+,"/Users/toddywang/Documents/VsCodeProjects/xmltoexp/ATEPP-1.2/ATEPP-1.2/Wolfgang_Amadeus_Mozart/Piano_Sonata_No._11_in_A_Major,_K._331/1._Tema_(Andante_grazioso)_con_variazioni/Sonata_No._11_1st_Movement_K._331.mxl",mozart_k331_i,mozart_k331_i,9,275,0.7461814880371094,0.7243902450654565,0.0,0.0,1,False,,,48,3
L4+,"/Users/toddywang/Documents/VsCodeProjects/xmltoexp/ATEPP-1.2/ATEPP-1.2/Wolfgang_Amadeus_Mozart/Piano_Sonata_No._11_in_A_Major,_K._331/1._Tema_(Andante_grazioso)_con_variazioni/Sonata_No._11_1st_Movement_K._331.mxl",mozart_k331_i,mozart_k331_i,10,293,0.7332402467727661,0.7243902450654565,0.0,0.0,1,False,,,54,3
L4+,"/Users/toddywang/Documents/VsCodeProjects/xmltoexp/ATEPP-1.2/ATEPP-1.2/Wolfgang_Amadeus_Mozart/Piano_Sonata_No._11_in_A_Major,_K._331/1._Tema_(Andante_grazioso)_con_variazioni/Sonata_No._11_1st_Movement_K._331.mxl",mozart_k331_i,mozart_k331_i,11,305,0.7509027123451233,0.7243902450654565,0.0,0.0,1,False,,,48,3
L4+,"/Users/toddywang/Documents/VsCodeProjects/xmltoexp/ATEPP-1.2/ATEPP-1.2/Wolfgang_Amadeus_Mozart/Piano_Sonata_No._11_in_A_Major,_K._331/1._Tema_(Andante_grazioso)_con_variazioni/Sonata_No._11_1st_Movement_K._331.mxl",mozart_k331_i,mozart_k331_i,12,323,0.72786945104599,0.7243902450654565,0.0,0.0,1,False,,,54,3
L4+,"/Users/toddywang/Documents/VsCodeProjects/xmltoexp/ATEPP-1.2/ATEPP-1.2/Wolfgang_Amadeus_Mozart/Piano_Sonata_No._11_in_A_Major,_K._331/1._Tema_(Andante_grazioso)_con_variazioni/Sonata_No._11_1st_Movement_K._331.mxl",mozart_k331_i,mozart_k331_i,13,347,0.7521386742591858,0.7243902450654565,0.0,0.0,1,False,,,62,3
L4+,"/Users/toddywang/Documents/VsCodeProjects/xmltoexp/ATEPP-1.2/ATEPP-1.2/Wolfgang_Amadeus_Mozart/Piano_Sonata_No._11_in_A_Major,_K._331/1._Tema_(Andante_grazioso)_con_variazioni/Sonata_No._11_1st_Movement_K._331.mxl",mozart_k331_i,mozart_k331_i,14,371,0.7426564693450928,0.7243902450654565,0.0,0.0,1,False,,,62,3
L4+,"/Users/toddywang/Documents/VsCodeProjects/xmltoexp/ATEPP-1.2/ATEPP-1.2/Wolfgang_Amadeus_Mozart/Piano_Sonata_No._11_in_A_Major,_K._331/1._Tema_(Andante_grazioso)_con_variazioni/Sonata_No._11_1st_Movement_K._331.mxl",mozart_k331_i,mozart_k331_i,15,401,0.7942226529121399,0.7243902450654565,0.0,0.0,1,False,,,72,3
L4+,"/Users/toddywang/Documents/VsCodeProjects/xmltoexp/ATEPP-1.2/ATEPP-1.2/Wolfgang_Amadeus_Mozart/Piano_Sonata_No._11_in_A_Major,_K._331/1._Tema_(Andante_grazioso)_con_variazioni/Sonata_No._11_1st_Movement_K._331.mxl",mozart_k331_i,mozart_k331_i,16,431,0.8037443161010742,0.7243902450654565,0.0,0.0,1,False,,,72,3
L4+,"/Users/toddywang/Documents/VsCodeProjects/xmltoexp/ATEPP-1.2/ATEPP-1.2/Wolfgang_Amadeus_Mozart/Piano_Sonata_No._11_in_A_Major,_K._331/1._Tema_(Andante_grazioso)_con_variazioni/Sonata_No._11_1st_Movement_K._331.mxl",mozart_k331_i,mozart_k331_i,17,480,0.7279796004295349,0.7243902450654565,0.0,0.0,1,False,,,81,1
L4+,"/Users/toddywang/Documents/VsCodeProjects/xmltoexp/ATEPP-1.2/ATEPP-1.2/Wolfgang_Amadeus_Mozart/Piano_Sonata_No._11_in_A_Major,_K._331/1._Tema_(Andante_grazioso)_con_variazioni/Sonata_No._11_1st_Movement_K._331.mxl",mozart_k331_i,mozart_k331_i,18,648,0.7947965860366821,0.7243902450654565,0.0,0.0,1,False,,,111,1
L4+,"/Users/toddywang/Documents/VsCodeProjects/xmltoexp/ATEPP-1.2/ATEPP-1.2/Wolfgang_Amadeus_Mozart/Piano_Sonata_No._11_in_A_Major,_K._331/1._Tema_(Andante_grazioso)_con_variazioni/Sonata_No._11_1st_Movement_K._331.mxl",mozart_k331_i,mozart_k331_i,19,662,0.7363208532333374,0.7243902450654565,0.0,0.0,1,False,,,114,3
L4+,"/Users/toddywang/Documents/VsCodeProjects/xmltoexp/ATEPP-1.2/ATEPP-1.2/Wolfgang_Amadeus_Mozart/Piano_Sonata_No._11_in_A_Major,_K._331/1._Tema_(Andante_grazioso)_con_variazioni/Sonata_No._11_1st_Movement_K._331.mxl",mozart_k331_i,mozart_k331_i,20,780,0.7834462523460388,0.7243902450654565,0.0,0.0,1,False,,,136,1
L4+,"/Users/toddywang/Documents/VsCodeProjects/xmltoexp/ATEPP-1.2/ATEPP-1.2/Wolfgang_Amadeus_Mozart/Piano_Sonata_No._11_in_A_Major,_K._331/1._Tema_(Andante_grazioso)_con_variazioni/Sonata_No._11_1st_Movement_K._331.mxl",mozart_k331_i,mozart_k331_i,21,803,0.7725574970245361,0.7243902450654565,0.0,0.0,1,False,,,141,4
L5+6,"/Users/toddywang/Documents/VsCodeProjects/xmltoexp/ATEPP-1.2/ATEPP-1.2/Wolfgang_Amadeus_Mozart/Piano_Sonata_No._11_in_A_Major,_K._331/1._Tema_(Andante_grazioso)_con_variazioni/Sonata_No._11_1st_Movement_K._331.mxl",mozart_k331_i,mozart_k331_i,1,23,0.8988626599311829,0.729878050525014,0.0,0.0,1,False,,,8,3
L5+6,"/Users/toddywang/Documents/VsCodeProjects/xmltoexp/ATEPP-1.2/ATEPP-1.2/Wolfgang_Amadeus_Mozart/Piano_Sonata_No._11_in_A_Major,_K._331/1._Tema_(Andante_grazioso)_con_variazioni/Sonata_No._11_1st_Movement_K._331.mxl",mozart_k331_i,mozart_k331_i,2,47,0.919677734375,0.729878050525014,0.0,0.0,1,False,,,8,3
L5+6,"/Users/toddywang/Documents/VsCodeProjects/xmltoexp/ATEPP-1.2/ATEPP-1.2/Wolfgang_Amadeus_Mozart/Piano_Sonata_No._11_in_A_Major,_K._331/1._Tema_(Andante_grazioso)_con_variazioni/Sonata_No._11_1st_Movement_K._331.mxl",mozart_k331_i,mozart_k331_i,3,59,0.7554077506065369,0.729878050525014,0.0,0.0,1,False,,,12,3
L5+6,"/Users/toddywang/Documents/VsCodeProjects/xmltoexp/ATEPP-1.2/ATEPP-1.2/Wolfgang_Amadeus_Mozart/Piano_Sonata_No._11_in_A_Major,_K._331/1._Tema_(Andante_grazioso)_con_variazioni/Sonata_No._11_1st_Movement_K._331.mxl",mozart_k331_i,mozart_k331_i,4,71,0.7426323294639587,0.729878050525014,0.0,0.0,1,False,,,16,3
L5+6,"/Users/toddywang/Documents/VsCodeProjects/xmltoexp/ATEPP-1.2/ATEPP-1.2/Wolfgang_Amadeus_Mozart/Piano_Sonata_No._11_in_A_Major,_K._331/1._Tema_(Andante_grazioso)_con_variazioni/Sonata_No._11_1st_Movement_K._331.mxl",mozart_k331_i,mozart_k331_i,5,77,0.9101763963699341,0.729878050525014,0.0,0.0,1,False,,,18,3
L5+6,"/Users/toddywang/Documents/VsCodeProjects/xmltoexp/ATEPP-1.2/ATEPP-1.2/Wolfgang_Amadeus_Mozart/Piano_Sonata_No._11_in_A_Major,_K._331/1._Tema_(Andante_grazioso)_con_variazioni/Sonata_No._11_1st_Movement_K._331.mxl",mozart_k331_i,mozart_k331_i,6,89,0.7436853647232056,0.729878050525014,0.0,0.0,1,False,,,12,3
L5+6,"/Users/toddywang/Documents/VsCodeProjects/xmltoexp/ATEPP-1.2/ATEPP-1.2/Wolfgang_Amadeus_Mozart/Piano_Sonata_No._11_in_A_Major,_K._331/1._Tema_(Andante_grazioso)_con_variazioni/Sonata_No._11_1st_Movement_K._331.mxl",mozart_k331_i,mozart_k331_i,7,107,0.9231640696525574,0.729878050525014,0.0,0.0,1,False,,,18,3
L5+6,"/Users/toddywang/Documents/VsCodeProjects/xmltoexp/ATEPP-1.2/ATEPP-1.2/Wolfgang_Amadeus_Mozart/Piano_Sonata_No._11_in_A_Major,_K._331/1._Tema_(Andante_grazioso)_con_variazioni/Sonata_No._11_1st_Movement_K._331.mxl",mozart_k331_i,mozart_k331_i,8,132,0.8268598914146423,0.729878050525014,0.0,0.0,1,False,,,19,1
L5+6,"/Users/toddywang/Documents/VsCodeProjects/xmltoexp/ATEPP-1.2/ATEPP-1.2/Wolfgang_Amadeus_Mozart/Piano_Sonata_No._11_in_A_Major,_K._331/1._Tema_(Andante_grazioso)_con_variazioni/Sonata_No._11_1st_Movement_K._331.mxl",mozart_k331_i,mozart_k331_i,9,155,0.825035810470581,0.729878050525014,0.0,0.0,1,False,,,26,3
L5+6,"/Users/toddywang/Documents/VsCodeProjects/xmltoexp/ATEPP-1.2/ATEPP-1.2/Wolfgang_Amadeus_Mozart/Piano_Sonata_No._11_in_A_Major,_K._331/1._Tema_(Andante_grazioso)_con_variazioni/Sonata_No._11_1st_Movement_K._331.mxl",mozart_k331_i,mozart_k331_i,10,167,0.7849274277687073,0.729878050525014,0.0,0.0,1,False,,,30,3
L5+6,"/Users/toddywang/Documents/VsCodeProjects/xmltoexp/ATEPP-1.2/ATEPP-1.2/Wolfgang_Amadeus_Mozart/Piano_Sonata_No._11_in_A_Major,_K._331/1._Tema_(Andante_grazioso)_con_variazioni/Sonata_No._11_1st_Movement_K._331.mxl",mozart_k331_i,mozart_k331_i,11,185,0.8386271595954895,0.729878050525014,0.0,0.0,1,False,,,36,3
L5+6,"/Users/toddywang/Documents/VsCodeProjects/xmltoexp/ATEPP-1.2/ATEPP-1.2/Wolfgang_Amadeus_Mozart/Piano_Sonata_No._11_in_A_Major,_K._331/1._Tema_(Andante_grazioso)_con_variazioni/Sonata_No._11_1st_Movement_K._331.mxl",mozart_k331_i,mozart_k331_i,12,197,0.7664582133293152,0.729878050525014,0.0,0.0,1,False,,,30,3
L5+6,"/Users/toddywang/Documents/VsCodeProjects/xmltoexp/ATEPP-1.2/ATEPP-1.2/Wolfgang_Amadeus_Mozart/Piano_Sonata_No._11_in_A_Major,_K._331/1._Tema_(Andante_grazioso)_con_variazioni/Sonata_No._11_1st_Movement_K._331.mxl",mozart_k331_i,mozart_k331_i,13,215,0.8228328227996826,0.729878050525014,0.0,0.0,1,False,,,36,3
L5+6,"/Users/toddywang/Documents/VsCodeProjects/xmltoexp/ATEPP-1.2/ATEPP-1.2/Wolfgang_Amadeus_Mozart/Piano_Sonata_No._11_in_A_Major,_K._331/1._Tema_(Andante_grazioso)_con_variazioni/Sonata_No._11_1st_Movement_K._331.mxl",mozart_k331_i,mozart_k331_i,14,239,0.7484406232833862,0.729878050525014,0.0,0.0,1,False,,,44,3
L5+6,"/Users/toddywang/Documents/VsCodeProjects/xmltoexp/ATEPP-1.2/ATEPP-1.2/Wolfgang_Amadeus_Mozart/Piano_Sonata_No._11_in_A_Major,_K._331/1._Tema_(Andante_grazioso)_con_variazioni/Sonata_No._11_1st_Movement_K._331.mxl",mozart_k331_i,mozart_k331_i,15,263,0.7381982803344727,0.729878050525014,0.0,0.0,1,False,,,44,3
L5+6,"/Users/toddywang/Documents/VsCodeProjects/xmltoexp/ATEPP-1.2/ATEPP-1.2/Wolfgang_Amadeus_Mozart/Piano_Sonata_No._11_in_A_Major,_K._331/1._Tema_(Andante_grazioso)_con_variazioni/Sonata_No._11_1st_Movement_K._331.mxl",mozart_k331_i,mozart_k331_i,16,269,0.7317216992378235,0.729878050525014,0.0,0.0,1,False,,,46,3
L5+6,"/Users/toddywang/Documents/VsCodeProjects/xmltoexp/ATEPP-1.2/ATEPP-1.2/Wolfgang_Amadeus_Mozart/Piano_Sonata_No._11_in_A_Major,_K._331/1._Tema_(Andante_grazioso)_con_variazioni/Sonata_No._11_1st_Movement_K._331.mxl",mozart_k331_i,mozart_k331_i,17,275,0.8073427677154541,0.729878050525014,0.0,0.0,1,False,,,48,3
L5+6,"/Users/toddywang/Documents/VsCodeProjects/xmltoexp/ATEPP-1.2/ATEPP-1.2/Wolfgang_Amadeus_Mozart/Piano_Sonata_No._11_in_A_Major,_K._331/1._Tema_(Andante_grazioso)_con_variazioni/Sonata_No._11_1st_Movement_K._331.mxl",mozart_k331_i,mozart_k331_i,18,293,0.757418692111969,0.729878050525014,0.0,0.0,1,False,,,54,3
L5+6,"/Users/toddywang/Documents/VsCodeProjects/xmltoexp/ATEPP-1.2/ATEPP-1.2/Wolfgang_Amadeus_Mozart/Piano_Sonata_No._11_in_A_Major,_K._331/1._Tema_(Andante_grazioso)_con_variazioni/Sonata_No._11_1st_Movement_K._331.mxl",mozart_k331_i,mozart_k331_i,19,305,0.7969988584518433,0.729878050525014,0.0,0.0,1,False,,,48,3
L5+6,"/Users/toddywang/Documents/VsCodeProjects/xmltoexp/ATEPP-1.2/ATEPP-1.2/Wolfgang_Amadeus_Mozart/Piano_Sonata_No._11_in_A_Major,_K._331/1._Tema_(Andante_grazioso)_con_variazioni/Sonata_No._11_1st_Movement_K._331.mxl",mozart_k331_i,mozart_k331_i,20,323,0.7680644392967224,0.729878050525014,0.0,0.0,1,False,,,54,3
L5+6,"/Users/toddywang/Documents/VsCodeProjects/xmltoexp/ATEPP-1.2/ATEPP-1.2/Wolfgang_Amadeus_Mozart/Piano_Sonata_No._11_in_A_Major,_K._331/1._Tema_(Andante_grazioso)_con_variazioni/Sonata_No._11_1st_Movement_K._331.mxl",mozart_k331_i,mozart_k331_i,21,347,0.798981785774231,0.729878050525014,0.0,0.0,1,False,,,62,3
L5+6,"/Users/toddywang/Documents/VsCodeProjects/xmltoexp/ATEPP-1.2/ATEPP-1.2/Wolfgang_Amadeus_Mozart/Piano_Sonata_No._11_in_A_Major,_K._331/1._Tema_(Andante_grazioso)_con_variazioni/Sonata_No._11_1st_Movement_K._331.mxl",mozart_k331_i,mozart_k331_i,22,371,0.8066838979721069,0.729878050525014,0.0,0.0,1,False,,,62,3
L5+6,"/Users/toddywang/Documents/VsCodeProjects/xmltoexp/ATEPP-1.2/ATEPP-1.2/Wolfgang_Amadeus_Mozart/Piano_Sonata_No._11_in_A_Major,_K._331/1._Tema_(Andante_grazioso)_con_variazioni/Sonata_No._11_1st_Movement_K._331.mxl",mozart_k331_i,mozart_k331_i,23,383,0.7375636696815491,0.729878050525014,0.0,0.0,1,False,,,66,3
L5+6,"/Users/toddywang/Documents/VsCodeProjects/xmltoexp/ATEPP-1.2/ATEPP-1.2/Wolfgang_Amadeus_Mozart/Piano_Sonata_No._11_in_A_Major,_K._331/1._Tema_(Andante_grazioso)_con_variazioni/Sonata_No._11_1st_Movement_K._331.mxl",mozart_k331_i,mozart_k331_i,24,401,0.8359768390655518,0.729878050525014,0.0,0.0,1,False,,,72,3
L5+6,"/Users/toddywang/Documents/VsCodeProjects/xmltoexp/ATEPP-1.2/ATEPP-1.2/Wolfgang_Amadeus_Mozart/Piano_Sonata_No._11_in_A_Major,_K._331/1._Tema_(Andante_grazioso)_con_variazioni/Sonata_No._11_1st_Movement_K._331.mxl",mozart_k331_i,mozart_k331_i,25,431,0.8465328216552734,0.729878050525014,0.0,0.0,1,False,,,72,3
L5+6,"/Users/toddywang/Documents/VsCodeProjects/xmltoexp/ATEPP-1.2/ATEPP-1.2/Wolfgang_Amadeus_Mozart/Piano_Sonata_No._11_in_A_Major,_K._331/1._Tema_(Andante_grazioso)_con_variazioni/Sonata_No._11_1st_Movement_K._331.mxl",mozart_k331_i,mozart_k331_i,26,780,0.8114997148513794,0.729878050525014,0.0,0.0,1,False,,,136,1
L5+6,"/Users/toddywang/Documents/VsCodeProjects/xmltoexp/ATEPP-1.2/ATEPP-1.2/Wolfgang_Amadeus_Mozart/Piano_Sonata_No._11_in_A_Major,_K._331/1._Tema_(Andante_grazioso)_con_variazioni/Sonata_No._11_1st_Movement_K._331.mxl",mozart_k331_i,mozart_k331_i,27,803,0.7464133501052856,0.729878050525014,0.0,0.0,1,False,,,141,4
