//Version: PianoRoll_v170101
0	0.369792	0.444010	G4	83	80	0
1	0.373698	0.441406	G3	78	80	0
2	0.375000	0.438802	E2	74	80	0
3	0.375000	0.489583	E4	75	80	0
4	0.378906	0.430990	E1	74	80	0
5	0.380208	0.449219	B3	76	80	0
6	0.778646	1.218750	G4	83	80	0
7	0.785156	1.188802	E4	74	80	0
8	0.787760	1.059896	G3	82	80	0
9	0.791667	0.919271	E2	74	80	0
10	0.791667	1.000000	B3	76	80	0
11	0.792969	0.799479	E1	77	80	0
12	1.316406	1.372396	F#4	81	80	0
13	1.325521	1.359375	G3	60	80	0
14	1.459635	1.529948	E4	88	80	0
15	1.473958	1.535156	G4	75	80	0
16	1.476562	1.528646	E2	65	80	0
17	1.479167	1.523438	E3	70	80	0
18	1.863281	2.139323	A4	82	80	0
19	1.865885	2.109375	F#4	73	80	0
20	1.876302	1.915365	D2	71	80	0
21	1.876302	1.914062	D1	75	80	0
22	1.877604	1.889323	D4	56	80	0
23	2.584635	2.848958	A4	53	80	0
24	2.606771	2.869792	F#4	41	80	0
25	2.615885	2.764323	D4	31	80	0
26	3.087240	3.634115	A4	50	80	0
27	3.106771	3.639323	F#4	40	80	0
28	3.113281	3.389323	D4	36	80	0
29	3.114583	3.559896	C4	29	80	0
30	3.654948	3.769531	G4	49	80	0
31	3.658854	3.716146	B3	38	80	0
32	3.835938	4.059896	A4	53	80	0
33	3.864583	4.019531	F#4	44	80	0
34	3.871094	4.000000	C4	36	80	0
35	4.256510	4.475260	B4	50	80	0
36	4.273438	4.462240	G4	42	80	0
37	4.285156	4.500000	B3	35	80	0
38	4.294271	4.449219	G3	33	80	0
39	4.891927	4.957031	B4	79	80	0
40	4.894531	4.946615	D4	76	80	0
41	4.895833	4.945312	B3	76	80	0
42	4.895833	4.944010	G3	75	80	0
43	4.897135	4.963542	G4	78	80	0
44	4.899740	4.968750	G2	75	80	0
45	5.283854	5.559896	B4	71	80	0
46	5.304688	5.367188	G4	69	80	0
47	5.305990	5.360677	D4	63	80	0
48	5.311198	5.358073	B3	69	80	0
49	5.311198	5.351562	G3	72	80	0
50	5.313802	5.429688	G2	70	80	0
51	5.803385	5.864583	A4	79	80	0
52	5.805990	5.859375	G2	46	80	0
53	5.954427	6.020833	G4	82	80	0
54	5.964844	6.169271	G1	60	80	0
55	5.964844	6.069010	B3	60	80	0
56	6.348958	6.699219	C#5	73	80	0
57	6.371094	6.688802	Bb4	66	80	0
58	6.372396	6.429688	F#2	56	80	0
59	6.372396	6.479167	F#1	58	80	0
60	6.377604	6.579427	C#4	53	80	0
61	7.111979	7.408854	C#5	59	80	0
62	7.135417	7.378906	Bb4	48	80	0
63	7.152344	7.305990	F#4	32	80	0
64	7.165365	7.319010	C#4	21	80	0
65	7.591146	8.239583	C#5	62	80	0
66	7.614583	8.029948	Bb4	49	80	0
67	7.643229	8.119792	F#4	38	80	0
68	7.651042	8.109375	E4	34	80	0
69	8.196615	8.341146	B4	55	80	0
70	8.214844	8.313802	D4	36	80	0
71	8.391927	8.649740	C#5	57	80	0
72	8.416667	8.649740	Bb4	47	80	0
73	8.434896	8.539062	F#4	34	80	0
74	8.444010	8.718750	E4	35	80	0
75	8.444010	8.769531	C#4	31	80	0
76	8.925781	9.329427	D5	60	80	0
77	8.955729	9.309896	B4	40	80	0
78	8.960938	9.279948	D4	30	80	0
79	8.964844	9.329427	B3	29	80	0
80	9.820312	11.299479	D5	67	80	0
81	10.369792	12.109375	G4	35	80	0
82	10.372396	11.359375	D4	32	80	0
83	10.376302	11.799479	B3	35	80	0
84	10.815104	12.389323	G5	75	80	0
85	11.234375	12.128906	E5	65	80	0
86	11.274740	12.059896	E4	41	80	0
87	11.649740	12.119792	D5	65	80	0
88	11.667969	12.158854	A3	40	80	0
89	12.033854	12.348958	C5	59	80	0
90	12.437500	13.389323	C5	59	80	0
91	12.457031	13.479167	F#4	44	80	0
92	12.464844	13.119792	Eb4	39	80	0
93	12.910156	13.919271	D4	38	80	0
94	13.261719	13.869792	A5	66	80	0
95	13.690104	14.519531	C5	65	80	0
96	13.703125	14.279948	F#4	46	80	0
97	14.109375	14.704427	G4	44	80	0
98	14.483073	14.683594	B4	58	80	0
99	14.902344	15.589844	B4	56	80	0
100	14.934896	15.259115	G3	33	80	0
101	14.945312	15.089844	G4	33	80	0
102	15.333333	15.468750	G4	37	80	0
103	15.335938	16.359375	E3	37	80	0
104	15.708333	15.885417	G4	54	80	0
105	16.166667	17.209635	G4	49	80	0
106	16.182292	16.763021	E4	41	80	0
107	16.656250	17.194010	C4	38	80	0
108	17.072917	17.197917	E4	51	80	0
109	17.557292	18.899740	C3	39	80	0
110	17.565104	19.839844	E4	46	80	0
111	18.126302	18.649740	C2	44	80	0
112	18.656250	20.579427	C2	39	80	0
113	18.661458	19.739583	G3	46	80	0
114	19.395833	20.658854	E3	42	80	0
115	20.592448	22.889323	B3	36	80	0
116	20.596354	23.128906	B2	30	80	0
117	20.602865	23.069010	Eb3	36	80	0
118	20.604167	23.479167	B1	33	80	0
119	24.196615	25.675781	E6	77	80	0
120	24.209635	25.408854	E5	62	80	0
121	24.841146	25.359375	B3	34	80	0
122	24.861979	25.389323	E3	32	80	0
123	24.869792	25.889323	G2	35	80	0
124	25.611979	25.848958	Eb6	68	80	0
125	25.615885	25.799479	Eb5	61	80	0
126	25.817708	25.949219	E6	68	80	0
127	25.824219	25.959635	E5	63	80	0
128	26.363281	27.069010	F#4	61	80	0
129	26.373698	26.519531	E4	51	80	0
130	26.380208	26.989583	C4	41	80	0
131	26.395833	27.389323	A2	36	80	0
132	27.184896	27.579427	F#4	70	80	0
133	27.204427	27.549479	E4	54	80	0
134	27.216146	27.609375	Bb2	46	80	0
135	27.218750	27.559896	C#4	48	80	0
136	27.222656	27.419271	Bb1	44	80	0
137	27.740885	28.500000	F#4	62	80	0
138	27.764323	29.019531	B2	39	80	0
139	27.766927	28.829427	Eb4	42	80	0
140	27.777344	28.899740	A3	36	80	0
141	27.790365	28.899740	B3	34	80	0
142	28.386719	28.604167	G4	62	80	0
143	28.609375	28.908854	A4	56	80	0
144	28.828125	29.009115	G4	62	80	0
145	29.118490	29.789062	F#4	48	80	0
146	29.149740	29.158854	G3	27	80	0
147	29.164062	29.829427	C3	27	80	0
148	29.643229	29.848958	E4	46	80	0
149	30.177083	31.688802	E6	69	80	0
150	30.192708	30.500000	B2	39	80	0
151	30.196615	31.438802	E5	55	80	0
152	30.467448	30.709635	A2	50	80	0
153	30.881510	31.309896	G1	52	80	0
154	30.882812	31.639323	G2	53	80	0
155	31.613281	31.725260	Eb6	76	80	0
156	31.634115	31.717448	Eb5	60	80	0
157	31.835938	32.009115	E6	76	80	0
158	31.845052	32.019531	E5	66	80	0
159	31.876302	32.109375	G#2	42	80	0
160	32.445312	33.033854	F#4	76	80	0
161	32.462240	32.848958	E4	58	80	0
162	32.484375	33.029948	C4	45	80	0
163	32.490885	33.369792	A2	42	80	0
164	33.393229	33.899740	F#4	58	80	0
165	33.404948	33.809896	E4	51	80	0
166	33.424479	33.769531	Bb2	44	80	0
167	33.425781	33.750000	C#4	44	80	0
168	34.063802	35.098958	F#4	48	80	0
169	34.083333	36.079427	Eb4	38	80	0
170	34.085938	36.049479	A3	31	80	0
171	34.096354	36.128906	B1	29	80	0
172	34.904948	35.528646	A4	46	80	0
173	35.352865	35.919271	G4	48	80	0
174	35.834635	36.188802	F#4	39	80	0
175	36.593750	37.609375	E4	35	80	0
176	36.626302	37.279948	G3	26	80	0
177	36.632812	37.587240	E2	25	80	0
178	36.634115	36.649740	E1	30	80	0
179	38.812500	38.906250	B2	35	80	0
180	38.815104	38.912760	B4	41	80	0
181	38.815104	38.903646	B1	36	80	0
182	39.298177	39.809896	B4	46	80	0
183	39.300781	39.739583	B1	28	80	0
184	40.018229	40.082031	E5	54	80	0
185	40.023438	40.070312	E4	42	80	0
186	40.035156	40.108073	E2	36	80	0
187	40.463542	40.703125	E5	50	80	0
188	40.473958	40.769531	E2	30	80	0
189	41.139323	41.191406	B5	66	80	0
190	41.148438	41.229167	B2	39	80	0
191	41.152344	41.239583	B4	47	80	0
192	41.563802	41.770833	B5	60	80	0
193	41.566406	41.769531	B4	50	80	0
194	41.572917	41.764323	B2	33	80	0
195	42.251302	42.312500	E6	64	80	0
196	42.273438	42.308594	E5	47	80	0
197	42.277344	42.468750	B4	34	80	0
198	42.277344	42.408854	E3	33	80	0
199	42.277344	42.337240	E4	33	80	0
200	42.674479	43.089844	E6	55	80	0
201	42.694010	42.979167	E5	43	80	0
202	42.696615	43.109375	B4	34	80	0
203	42.704427	43.059896	E4	29	80	0
204	43.432292	43.497396	F6	90	80	0
205	43.434896	43.494792	F5	86	80	0
206	43.434896	43.559896	B5	83	80	0
207	43.436198	43.549479	B3	70	80	0
208	43.437500	43.479167	D6	81	80	0
209	43.440104	43.519531	G3	75	80	0
210	43.441406	43.514323	D4	72	80	0
211	43.441406	43.559896	F4	79	80	0
212	43.825521	44.589844	F6	91	80	0
213	43.825521	44.209635	F4	89	80	0
214	43.825521	44.069010	D4	81	80	0
215	43.826823	44.089844	B3	78	80	0
216	43.828125	43.899740	G3	84	80	0
217	43.828125	44.399740	F5	91	80	0
218	43.830729	44.339844	B5	88	80	0
219	43.832031	44.438802	D6	84	80	0
220	44.494792	44.649740	E6	75	80	0
221	44.589844	44.703125	D6	72	80	0
222	44.683594	44.751302	C6	75	80	0
223	44.770833	44.824219	B5	62	80	0
224	44.864583	44.962240	A5	82	80	0
225	44.946615	45.002604	G5	78	80	0
226	45.015625	45.082031	F5	69	80	0
227	45.089844	45.171875	E5	73	80	0
228	45.171875	45.218750	D5	80	80	0
229	45.222656	45.272135	C5	73	80	0
230	45.298177	45.352865	B4	63	80	0
231	45.365885	45.434896	A4	67	80	0
232	45.442708	45.502604	G4	76	80	0
233	45.502604	45.566406	F4	58	80	0
234	45.583333	45.662760	E4	68	80	0
235	45.665365	45.747396	D4	69	80	0
236	45.733073	45.794271	C4	60	80	0
237	45.808594	45.865885	B3	67	80	0
238	45.886719	45.944010	A3	76	80	0
239	45.955729	46.023438	G3	70	80	0
240	46.033854	46.111979	F#3	75	80	0
241	46.117188	46.175781	G3	81	80	0
242	46.783854	46.876302	F4	84	80	0
243	46.787760	46.864583	G3	81	80	0
244	46.789062	46.873698	D4	77	80	0
245	46.794271	46.858073	B1	83	80	0
246	46.796875	46.867188	B2	83	80	0
247	47.194010	47.259115	E4	82	80	0
248	47.196615	47.255208	G3	82	80	0
249	47.196615	47.264323	C4	75	80	0
250	47.201823	47.246094	C3	83	80	0
251	47.203125	47.251302	C2	82	80	0
252	47.854167	47.919271	D5	89	80	0
253	47.854167	47.908854	G#5	92	80	0
254	47.855469	47.914062	B5	89	80	0
255	47.860677	47.919271	B4	83	80	0
256	47.863281	47.938802	G#3	77	80	0
257	47.863281	47.940104	B3	82	80	0
258	47.863281	47.930990	D4	80	80	0
259	47.864583	47.979167	E3	77	80	0
260	48.276042	49.079427	E4	87	80	0
261	48.277344	48.419271	D5	90	80	0
262	48.277344	48.529948	B5	90	80	0
263	48.279948	48.559896	G#5	92	80	0
264	48.279948	49.049479	G#3	80	80	0
265	48.281250	48.289062	B4	84	80	0
266	48.282552	48.819010	B3	81	80	0
267	48.283854	49.049479	D4	86	80	0
268	48.283854	49.199219	E3	78	80	0
269	48.872396	48.951823	C6	71	80	0
270	48.973958	49.035156	B5	72	80	0
271	48.975260	49.009115	B6	65	80	0
272	49.074219	49.138021	A5	76	80	0
273	49.170573	49.231771	G#5	71	80	0
274	49.243490	49.291667	F#5	77	80	0
275	49.313802	49.373698	E5	74	80	0
276	49.402344	49.489583	D5	71	80	0
277	49.472656	49.524740	C5	78	80	0
278	49.561198	49.615885	B4	71	80	0
279	49.623698	49.673177	A4	70	80	0
280	49.696615	49.761719	G#4	70	80	0
281	49.763021	49.804688	F#4	65	80	0
282	49.839844	49.919271	E4	56	80	0
283	49.888021	49.937500	D4	62	80	0
284	49.954427	50.014323	C4	61	80	0
285	50.032552	50.075521	B3	67	80	0
286	50.084635	50.188802	A3	68	80	0
287	50.171875	50.239583	G#3	75	80	0
288	50.238281	50.316406	F#3	70	80	0
289	50.317708	50.395833	E3	72	80	0
290	50.320312	50.389323	E2	63	80	0
291	50.393229	50.505208	Eb3	72	80	0
292	50.479167	50.566406	E3	86	80	0
293	51.165365	51.236979	D4	82	80	0
294	51.166667	51.230469	B3	72	80	0
295	51.167969	51.226562	G#3	72	80	0
296	51.173177	51.225260	E3	75	80	0
297	51.173177	51.222656	G#1	77	80	0
298	51.173177	51.220052	G#2	78	80	0
299	51.566406	51.709635	C4	76	80	0
300	51.570312	51.709635	A3	78	80	0
301	51.578125	51.709635	A2	73	80	0
302	51.578125	51.739583	A1	67	80	0
303	52.423177	52.463542	Bb5	79	80	0
304	52.427083	52.467448	Bb3	62	80	0
305	52.915365	53.500000	Bb5	69	80	0
306	52.924479	54.130208	Bb3	52	80	0
307	53.464844	53.544271	A5	58	80	0
308	53.578125	53.688802	G5	62	80	0
309	53.677083	53.727865	F5	57	80	0
310	53.790365	53.835938	Eb5	64	80	0
311	53.875000	53.915365	D5	63	80	0
312	53.955729	54.019531	C5	60	80	0
313	54.063802	54.128906	Bb4	53	80	0
314	54.144531	54.194010	A4	54	80	0
315	54.217448	54.277344	G4	57	80	0
316	54.303385	54.381510	F4	51	80	0
317	54.415365	54.473958	Eb4	54	80	0
318	54.511719	54.582031	D4	54	80	0
319	54.615885	54.789062	C4	48	80	0
320	54.768229	54.815104	Bb3	53	80	0
321	55.234375	55.908854	Bb3	51	80	0
322	55.923177	55.966146	E4	53	80	0
323	55.924479	56.329427	Bb3	37	80	0
324	56.337240	56.619792	E4	47	80	0
325	56.339844	56.679688	Bb3	37	80	0
326	56.990885	57.055990	G4	57	80	0
327	56.994792	57.084635	Bb3	46	80	0
328	57.013021	57.102865	E4	45	80	0
329	57.414062	57.545573	G4	58	80	0
330	57.415365	57.688802	Bb3	46	80	0
331	57.421875	57.639323	E4	42	80	0
332	58.026042	58.095052	C#5	56	80	0
333	58.052083	58.104167	G4	47	80	0
334	58.053385	58.118490	Bb3	41	80	0
335	58.054688	58.117188	E4	33	80	0
336	58.447917	58.699219	C#5	59	80	0
337	58.457031	58.750000	Bb3	45	80	0
338	58.463542	58.658854	G4	44	80	0
339	58.466146	58.729167	E4	37	80	0
340	59.089844	59.438802	G5	74	80	0
341	59.115885	59.269531	C#5	42	80	0
342	59.118490	59.378906	G4	41	80	0
343	59.119792	59.128906	Bb4	41	80	0
344	59.119792	59.399740	E5	51	80	0
345	59.122396	59.369792	E4	38	80	0
346	59.125000	59.319010	C#4	33	80	0
347	59.125000	59.408854	Bb3	32	80	0
348	59.580729	60.348958	G5	74	80	0
349	59.613281	59.979167	Bb4	43	80	0
350	59.615885	60.289062	E5	49	80	0
351	59.617188	59.979167	G4	43	80	0
352	59.617188	60.929688	C#4	34	80	0
353	59.619792	60.259115	Bb3	39	80	0
354	59.621094	60.429688	E4	36	80	0
355	60.268229	60.929688	F#5	77	80	0
356	60.300781	60.489583	F#4	45	80	0
357	60.716146	61.169271	F5	72	80	0
358	60.750000	60.979167	F4	47	80	0
359	60.753906	61.149740	F#4	49	80	0
360	60.757812	60.769531	E4	45	80	0
361	60.761719	61.250000	Bb3	34	80	0
362	61.341146	61.559896	F#5	88	80	0
363	61.360677	61.559896	C#5	68	80	0
364	61.363281	61.500000	E4	58	80	0
365	61.363281	61.500000	Bb4	61	80	0
366	61.365885	61.529948	C#4	57	80	0
367	61.365885	61.509115	F#4	57	80	0
368	61.368490	61.509115	E5	62	80	0
369	61.369792	61.598958	Bb3	56	80	0
370	61.717448	62.500000	F#5	91	80	0
371	61.725260	62.438802	D5	83	80	0
372	61.733073	62.359375	B4	76	80	0
373	61.734375	61.776042	B3	71	80	0
374	61.734375	61.800781	F#4	77	80	0
375	61.735677	61.792969	D4	69	80	0
376	61.904948	61.964844	D4	62	80	0
377	61.906250	61.963542	F#4	66	80	0
378	61.910156	61.960938	B3	64	80	0
379	62.072917	62.117188	D4	53	80	0
380	62.076823	62.121094	F#4	60	80	0
381	62.079427	62.119792	B3	59	80	0
382	62.083333	62.089844	F#3	58	80	0
383	62.246094	62.303385	D4	50	80	0
384	62.246094	62.303385	F#4	60	80	0
385	62.250000	62.304688	B3	59	80	0
386	62.401042	62.463542	D4	52	80	0
387	62.404948	62.479167	F#3	52	80	0
388	62.404948	62.455729	B3	57	80	0
389	62.407552	62.462240	F#4	52	80	0
390	62.410156	62.500000	B4	58	80	0
391	62.575521	62.622396	D4	48	80	0
392	62.575521	62.617188	F#4	58	80	0
393	62.579427	62.621094	B3	53	80	0
394	62.739583	62.959635	B5	96	80	0
395	62.747396	63.009115	F#5	91	80	0
396	62.753906	62.803385	F#3	69	80	0
397	62.756510	62.819010	B3	70	80	0
398	62.759115	62.819010	D3	67	80	0
399	62.759115	62.979167	B4	80	80	0
400	62.764323	62.799479	D4	64	80	0
401	62.925781	62.973958	B3	70	80	0
402	62.929688	62.959635	D4	56	80	0
403	62.929688	62.973958	F#3	57	80	0
404	62.933594	62.938802	D3	57	80	0
405	63.078125	63.179688	B4	63	80	0
406	63.092448	63.169271	D4	50	80	0
407	63.093750	63.152344	B3	60	80	0
408	63.098958	63.147135	F#3	57	80	0
409	63.114583	63.199219	D3	50	80	0
410	63.253906	63.339844	B4	63	80	0
411	63.264323	63.316406	B3	59	80	0
412	63.265625	63.315104	F#3	63	80	0
413	63.265625	63.324219	D4	55	80	0
414	63.433594	63.483073	B3	62	80	0
415	63.433594	63.483073	F#3	60	80	0
416	63.436198	63.486979	D3	63	80	0
417	63.585938	63.649740	B3	63	80	0
418	63.588542	63.639323	F#3	65	80	0
419	63.595052	63.649740	B2	56	80	0
420	63.753906	63.803385	B4	78	80	0
421	63.764323	63.811198	A3	71	80	0
422	63.765625	63.804688	F#3	70	80	0
423	63.766927	63.809896	B3	67	80	0
424	63.772135	63.839844	Eb4	60	80	0
425	63.919271	63.976562	A3	63	80	0
426	63.923177	64.009115	A4	63	80	0
427	63.923177	63.984375	F#3	69	80	0
428	64.104167	64.188802	C5	67	80	0
429	64.114583	64.128906	E2	63	80	0
430	64.115885	64.173177	C4	65	80	0
431	64.118490	64.165365	G3	68	80	0
432	64.121094	64.199219	E4	57	80	0
433	64.122396	64.199219	G4	61	80	0
434	64.286458	64.339844	G4	58	80	0
435	64.291667	64.339844	B3	49	80	0
436	64.292969	64.333333	G3	60	80	0
437	64.292969	64.378906	E4	52	80	0
438	64.294271	64.338542	C4	47	80	0
439	64.440104	64.488281	E3	68	80	0
440	64.441406	64.449219	B4	60	80	0
441	64.441406	64.485677	G3	65	80	0
442	64.444010	64.449219	B3	57	80	0
443	64.444010	64.500000	G4	56	80	0
444	64.445312	64.509115	C4	48	80	0
445	64.596354	64.648438	E3	68	80	0
446	64.597656	64.669271	G4	60	80	0
447	64.602865	64.645833	G3	63	80	0
448	64.609375	64.658854	C4	53	80	0
449	64.613281	64.619792	B3	57	80	0
450	64.750000	64.798177	C5	86	80	0
451	64.755208	64.803385	E2	68	80	0
452	64.761719	64.803385	G4	79	80	0
453	64.763021	64.802083	G3	71	80	0
454	64.764323	64.809896	C4	79	80	0
455	64.916667	65.009115	B4	59	80	0
456	64.920573	64.964844	G3	62	80	0
457	64.923177	64.929688	C4	55	80	0
458	64.925781	64.972656	G4	55	80	0
459	65.083333	65.128906	Eb5	81	80	0
460	65.100260	65.139323	A4	73	80	0
461	65.105469	65.147135	A3	72	80	0
462	65.106771	65.149740	Eb4	65	80	0
463	65.108073	65.156250	F#3	71	80	0
464	65.108073	65.158854	F#4	67	80	0
465	65.114583	65.169271	C4	53	80	0
466	65.266927	65.325521	A4	62	80	0
467	65.269531	65.329427	F#3	58	80	0
468	65.273438	65.337240	Eb4	54	80	0
469	65.273438	65.339844	C4	52	80	0
470	65.425781	65.484375	F#3	60	80	0
471	65.428385	65.489583	C4	46	80	0
472	65.428385	65.477865	A3	67	80	0
473	65.588542	65.643229	A3	71	80	0
474	65.592448	65.643229	F#3	67	80	0
475	65.593750	65.598958	C4	52	80	0
476	65.743490	65.789062	Eb5	86	80	0
477	65.750000	65.809896	A4	80	80	0
478	65.764323	65.798177	F#3	68	80	0
479	65.764323	65.804688	C4	58	80	0
480	65.911458	65.966146	F#3	72	80	0
481	65.914062	65.966146	C4	64	80	0
482	66.080729	66.135417	E5	86	80	0
483	66.088542	66.141927	G3	70	80	0
484	66.091146	66.143229	B3	67	80	0
485	66.092448	66.141927	E4	72	80	0
486	66.097656	66.136719	G4	63	80	0
487	66.250000	66.308594	G3	67	80	0
488	66.255208	66.308594	B3	61	80	0
489	66.406250	66.463542	G3	61	80	0
490	66.406250	66.458333	B3	61	80	0
491	66.554688	66.610677	G3	74	80	0
492	66.558594	66.614583	B3	65	80	0
493	66.734375	66.786458	B4	84	80	0
494	66.734375	66.791667	E5	88	80	0
495	66.735677	66.792969	B3	77	80	0
496	66.735677	66.786458	G#3	81	80	0
497	66.904948	66.964844	D4	77	80	0
498	66.912760	66.963542	G#3	64	80	0
499	66.914062	66.962240	B3	67	80	0
500	66.914062	66.979167	F4	65	80	0
501	67.067708	67.468750	F5	88	80	0
502	67.070312	67.121094	B3	75	80	0
503	67.075521	67.319010	F4	78	80	0
504	67.079427	67.329427	B4	75	80	0
505	67.240885	67.286458	C#4	71	80	0
506	67.243490	67.295573	B3	70	80	0
507	67.389323	67.459635	C#4	60	80	0
508	67.394531	67.455729	B3	58	80	0
509	67.414062	67.500000	G#3	57	80	0
510	67.567708	67.604167	C#4	52	80	0
511	67.570312	67.614583	G#3	53	80	0
512	67.572917	67.649740	B3	59	80	0
513	67.575521	67.589844	F3	42	80	0
514	67.772135	67.825521	C#4	55	80	0
515	67.778646	67.834635	B3	58	80	0
516	67.778646	67.826823	E5	63	80	0
517	67.785156	67.832031	G#4	54	80	0
518	67.791667	67.833333	B4	58	80	0
519	67.954427	68.001302	C#4	49	80	0
520	67.954427	68.003906	F5	59	80	0
521	67.955729	68.002604	B4	57	80	0
522	67.964844	68.029948	G#4	57	80	0
523	68.121094	68.171875	F5	70	80	0
524	68.134115	68.199219	G#4	62	80	0
525	68.135417	68.199219	B4	55	80	0
526	68.135417	68.177083	C#4	49	80	0
527	68.144531	68.149740	B3	47	80	0
528	68.292969	68.339844	F5	67	80	0
529	68.295573	68.341146	G#4	63	80	0
530	68.307292	68.345052	B4	51	80	0
531	68.312500	68.348958	C#4	53	80	0
532	68.312500	68.359375	B3	51	80	0
533	68.463542	68.514323	F5	64	80	0
534	68.466146	68.549479	B4	60	80	0
535	68.473958	68.514323	G#4	62	80	0
536	68.505208	68.549479	C#4	40	80	0
537	68.510417	68.549479	B3	40	80	0
538	68.634115	68.683594	F5	66	80	0
539	68.636719	68.683594	B4	60	80	0
540	68.644531	68.709635	G#4	60	80	0
541	68.652344	68.686198	C#4	54	80	0
542	68.795573	68.856771	F5	75	80	0
543	68.813802	68.854167	B4	66	80	0
544	68.815104	68.854167	G#4	67	80	0
545	68.822917	68.856771	C#4	56	80	0
546	68.972656	69.024740	F5	78	80	0
547	68.976562	69.023438	G#4	70	80	0
548	68.977865	69.023438	B4	68	80	0
549	68.988281	69.024740	C#4	61	80	0
550	68.997396	69.009115	B3	57	80	0
551	69.128906	69.183594	F5	78	80	0
552	69.140625	69.184896	G#4	78	80	0
553	69.140625	69.187500	B4	68	80	0
554	69.147135	69.190104	C#4	65	80	0
555	69.167969	69.209635	C#3	58	80	0
556	69.294271	69.348958	F5	81	80	0
557	69.295573	69.345052	G#4	86	80	0
558	69.302083	69.348958	B4	80	80	0
559	69.308594	69.369792	C#4	69	80	0
560	69.316406	69.369792	C#3	62	80	0
561	69.466146	69.514323	C#4	68	80	0
562	69.468750	69.515625	F5	79	80	0
563	69.470052	69.479167	G3	64	80	0
564	69.471354	69.514323	G#4	77	80	0
565	69.471354	69.516927	B4	72	80	0
566	69.625000	69.682292	C#4	71	80	0
567	69.627604	69.679688	G3	70	80	0
568	69.634115	69.683594	B4	77	80	0
569	69.634115	69.683594	G#4	81	80	0
570	69.636719	69.718750	F5	80	80	0
571	69.834635	69.859375	F#4	87	80	0
572	69.841146	69.894531	F#5	94	80	0
573	69.841146	69.929688	Bb3	76	80	0
574	69.841146	69.899740	Bb4	83	80	0
575	69.842448	69.899740	F#3	81	80	0
576	69.845052	69.894531	E4	76	80	0
577	69.845052	69.908854	C#4	70	80	0
578	69.846354	69.859375	G3	75	80	0
579	69.858073	69.899740	G#5	78	80	0
580	70.024740	70.084635	G5	95	80	0
581	70.026042	70.092448	C#4	71	80	0
582	70.028646	70.089844	Bb5	90	80	0
583	70.029948	70.079427	Bb4	84	80	0
584	70.032552	70.039062	F#3	68	80	0
585	70.032552	70.085938	E4	78	80	0
586	70.032552	70.039062	G3	70	80	0
587	70.032552	70.091146	Bb3	74	80	0
588	70.207031	70.265625	G5	90	80	0
589	70.208333	70.276042	Bb5	91	80	0
590	70.212240	70.274740	C#4	67	80	0
591	70.216146	70.229167	G3	71	80	0
592	70.216146	70.274740	E4	76	80	0
593	70.220052	70.259115	F#3	70	80	0
594	70.221354	70.276042	Bb3	76	80	0
595	70.386719	70.459635	G5	90	80	0
596	70.388021	70.464844	G6	94	80	0
597	70.393229	70.464844	Bb5	89	80	0
598	70.394531	70.399740	F#3	67	80	0
599	70.394531	70.457031	C#4	74	80	0
600	70.394531	70.455729	E4	72	80	0
601	70.394531	70.466146	E6	84	80	0
602	70.394531	70.455729	Bb3	73	80	0
603	70.563802	70.644531	G6	92	80	0
604	70.566406	70.638021	Bb5	87	80	0
605	70.572917	70.653646	E6	83	80	0
606	70.572917	70.669271	C#6	86	80	0
607	70.572917	70.644531	C#4	76	80	0
608	70.574219	70.645833	Bb3	76	80	0
609	70.574219	70.619792	F#3	66	80	0
610	70.575521	70.636719	E4	72	80	0
611	70.763021	70.835938	G5	88	80	0
612	70.763021	70.848958	Bb5	89	80	0
613	70.764323	70.851562	G6	86	80	0
614	70.765625	70.869792	E6	78	80	0
615	70.770833	70.845052	C#4	66	80	0
616	70.770833	70.841146	E4	71	80	0
617	70.774740	70.789062	G3	64	80	0
618	70.777344	70.843750	Bb3	68	80	0
619	70.963542	71.049479	G6	85	80	0
620	70.963542	71.055990	G5	78	80	0
621	70.964844	71.061198	Bb5	82	80	0
622	70.968750	71.069010	E6	77	80	0
623	70.980469	71.055990	C#4	62	80	0
624	70.981771	71.054688	E4	70	80	0
625	70.989583	71.053385	F#3	64	80	0
626	70.990885	71.053385	Bb3	63	80	0
627	71.178385	71.264323	G6	85	80	0
628	71.180990	71.259115	Bb5	85	80	0
629	71.182292	71.279948	G5	82	80	0
630	71.184896	71.264323	E6	73	80	0
631	71.187500	71.259115	C#4	60	80	0
632	71.190104	71.255208	E4	64	80	0
633	71.191406	71.199219	G3	64	80	0
634	71.194010	71.256510	Bb3	68	80	0
635	71.402344	71.513021	G6	78	80	0
636	71.408854	71.503906	Bb5	74	80	0
637	71.415365	71.515625	E6	68	80	0
638	71.423177	71.429688	G3	56	80	0
639	71.424479	71.507812	C#4	56	80	0
640	71.432292	71.502604	Bb3	57	80	0
641	71.433594	71.498698	E4	58	80	0
642	71.645833	71.759115	G5	77	80	0
643	71.645833	71.819010	Bb5	78	80	0
644	71.648438	71.786458	G6	78	80	0
645	71.656250	71.768229	E4	58	80	0
646	71.656250	71.776042	E6	67	80	0
647	71.657552	71.669271	G3	59	80	0
648	71.664062	71.778646	C#4	59	80	0
649	71.671875	71.774740	Bb3	62	80	0
650	71.912760	72.250000	G6	69	80	0
651	71.917969	72.089844	Bb5	65	80	0
652	71.917969	71.989583	G5	66	80	0
653	71.923177	72.269531	E6	65	80	0
654	71.942708	72.369792	Bb3	62	80	0
655	71.942708	72.239583	C#4	55	80	0
656	71.946615	72.069010	E4	51	80	0
657	72.264323	72.699219	G6	71	80	0
658	72.270833	72.389323	G5	65	80	0
659	72.277344	72.639323	Bb5	68	80	0
660	72.283854	72.699219	E6	63	80	0
661	72.285156	72.345052	E4	56	80	0
662	72.296875	72.309896	F#3	52	80	0
663	72.593750	72.679688	E4	37	80	0
664	72.602865	72.609375	G3	33	80	0
665	72.854167	73.250000	G6	79	80	0
666	72.867188	73.128906	G5	58	80	0
667	72.893229	72.946615	B2	43	80	0
668	73.075521	73.199219	D4	47	80	0
669	73.166667	73.225260	F#3	49	80	0
670	73.244792	73.289062	D4	38	80	0
671	73.372396	73.453125	C#3	61	80	0
672	73.389323	73.639323	F#6	87	80	0
673	73.414062	73.759115	F#5	69	80	0
674	73.484375	73.544271	E4	56	80	0
675	73.574219	73.729167	F#3	53	80	0
676	73.671875	73.709635	E4	50	80	0
677	73.742188	73.829427	D3	53	80	0
678	73.864583	73.925781	F#4	60	80	0
679	73.865885	73.878906	E4	48	80	0
680	73.944010	73.949219	Bb4	53	80	0
681	73.954427	74.139323	F#3	59	80	0
682	74.026042	74.098958	E4	48	80	0
683	74.026042	74.158854	F#4	56	80	0
684	74.140625	74.203125	B2	65	80	0
685	74.235677	74.291667	D4	57	80	0
686	74.346354	74.539062	F#3	54	80	0
687	74.423177	74.519531	D4	48	80	0
688	74.526042	74.615885	C#3	57	80	0
689	74.528646	75.299479	B5	85	80	0
690	74.572917	75.519531	B4	52	80	0
691	74.619792	74.779948	E4	60	80	0
692	74.723958	74.848958	F#3	50	80	0
693	74.786458	74.989583	E4	58	80	0
694	74.858073	74.929688	D3	53	80	0
695	74.989583	75.029948	F#3	51	80	0
696	74.989583	75.128906	F#4	58	80	0
697	75.132812	75.170573	F#3	52	80	0
698	75.136719	75.329427	F#4	58	80	0
699	75.264323	75.399740	B2	63	80	0
700	75.355469	75.404948	D4	55	80	0
701	75.455729	75.559896	F#3	51	80	0
702	75.541667	75.619792	D4	46	80	0
703	75.541667	75.628906	E4	48	80	0
704	75.634115	76.169271	F#5	82	80	0
705	75.662760	75.710938	C#3	49	80	0
706	75.684896	75.989583	F#4	49	80	0
707	75.734375	75.899740	E4	61	80	0
708	75.832031	75.979167	F#3	46	80	0
709	75.904948	76.158854	E4	52	80	0
710	75.967448	76.128906	D3	53	80	0
711	76.113281	76.179688	F#3	48	80	0
712	76.191406	76.299479	F#3	50	80	0
713	76.191406	76.199219	D4	39	80	0
714	76.255208	76.438802	F#4	58	80	0
715	76.384115	76.447917	B2	65	80	0
716	76.470052	76.589844	D4	57	80	0
717	76.584635	76.644531	F#3	60	80	0
718	76.664062	76.789062	E4	51	80	0
719	76.763021	76.919271	C#3	57	80	0
720	76.764323	76.829427	C#2	61	80	0
721	76.807292	77.359375	B4	76	80	0
722	76.842448	77.339844	B3	53	80	0
723	76.867188	76.936198	E4	63	80	0
724	76.988281	77.119792	F#3	51	80	0
725	77.070312	77.438802	E4	59	80	0
726	77.136719	77.208333	D3	50	80	0
727	77.296875	77.359375	F#3	40	80	0
728	77.302083	77.369792	F#4	42	80	0
729	77.382812	77.479167	F#3	49	80	0
730	77.453125	77.709635	F#4	55	80	0
731	77.559896	77.729167	E3	66	80	0
732	77.561198	77.569010	F#3	64	80	0
733	77.664062	77.734375	D4	63	80	0
734	77.673177	77.739583	F#3	54	80	0
735	77.760417	77.889323	B3	61	80	0
736	77.875000	77.919271	D4	50	80	0
737	77.898438	78.209635	G4	76	80	0
738	77.941406	78.109375	F3	60	80	0
739	77.951823	77.959635	F#3	57	80	0
740	78.037760	78.102865	D4	63	80	0
741	78.135417	78.279948	B3	58	80	0
742	78.136719	78.149740	F#3	52	80	0
743	78.233073	78.278646	D4	58	80	0
744	78.298177	78.509115	F#4	72	80	0
745	78.311198	78.489583	F#3	68	80	0
746	78.414062	78.529948	D4	63	80	0
747	78.481771	78.598958	B3	61	80	0
748	78.589844	78.644531	D4	49	80	0
749	78.601562	78.639323	F#3	58	80	0
750	78.651042	78.848958	F#3	64	80	0
751	78.656250	79.158854	F#4	74	80	0
752	78.764323	78.869792	D4	44	80	0
753	78.834635	78.938802	B3	54	80	0
754	78.934896	78.984375	D4	57	80	0
755	79.010417	79.119792	F#3	63	80	0
756	79.111979	79.161458	D4	58	80	0
757	79.177083	79.234375	B3	58	80	0
758	79.282552	79.384115	D4	61	80	0
759	79.394531	79.509115	B3	47	80	0
760	79.394531	79.549479	Bb4	69	80	0
761	79.473958	79.541667	E4	63	80	0
762	79.575521	79.626302	C#4	54	80	0
763	79.626302	79.718750	E4	44	80	0
764	79.709635	79.848958	B4	65	80	0
765	79.748698	79.805990	B2	65	80	0
766	79.878906	79.942708	D4	66	80	0
767	79.951823	80.098958	G5	79	80	0
768	79.989583	80.059896	F#3	54	80	0
769	80.113281	80.169271	D4	45	80	0
770	80.164062	80.869792	G6	92	80	0
771	80.278646	80.347656	E4	67	80	0
772	80.382812	80.434896	F#3	59	80	0
773	80.453125	80.539062	E4	56	80	0
774	80.537760	80.709635	D3	66	80	0
775	80.675781	80.714844	F#4	63	80	0
776	80.803385	81.019531	F#6	74	80	0
777	80.813802	80.819010	F#3	53	80	0
778	80.966146	81.024740	B2	65	80	0
779	81.028646	81.169271	F#6	46	80	0
780	81.085938	81.169271	D4	57	80	0
781	81.177083	81.289062	F#6	93	80	0
782	81.203125	81.256510	F#3	56	80	0
783	81.265625	81.369792	D4	47	80	0
784	81.403646	81.899740	C#6	83	80	0
785	81.408854	81.472656	C#3	61	80	0
786	81.513021	81.584635	E4	67	80	0
787	81.613281	81.658854	F#3	59	80	0
788	81.712240	81.777344	E4	60	80	0
789	81.766927	81.854167	D3	63	80	0
790	81.906250	82.039062	F#3	59	80	0
791	81.911458	82.009115	F#4	65	80	0
792	81.998698	82.209635	B5	75	80	0
793	82.044271	82.119792	F#3	60	80	0
794	82.173177	82.179688	A5	61	80	0
795	82.174479	82.239583	B2	71	80	0
796	82.290365	82.389323	D4	56	80	0
797	82.355469	82.500000	B5	76	80	0
798	82.385417	82.434896	F#3	58	80	0
799	82.475260	82.489583	E4	50	80	0
800	82.480469	82.519531	D4	47	80	0
801	82.572917	82.878906	G5	85	80	0
802	82.583333	82.652344	C#3	61	80	0
803	82.699219	82.761719	E4	63	80	0
804	82.786458	82.869792	F#3	55	80	0
805	82.868490	82.925781	E4	57	80	0
806	82.949219	83.089844	D3	65	80	0
807	83.074219	83.188802	F#4	56	80	0
808	83.170573	83.419271	F#5	79	80	0
809	83.174479	83.269531	F#3	56	80	0
810	83.352865	83.407552	B2	67	80	0
811	83.455729	83.539062	D4	65	80	0
812	83.519531	83.580729	F#5	75	80	0
813	83.554688	83.619792	F#3	58	80	0
814	83.653646	83.718750	D4	50	80	0
815	83.656250	83.688802	A5	63	80	0
816	83.743490	84.098958	C#5	75	80	0
817	83.764323	83.869792	C#3	64	80	0
818	83.864583	83.933594	E4	67	80	0
819	83.973958	84.079427	F#3	53	80	0
820	84.032552	84.359375	E4	60	80	0
821	84.032552	84.069010	F#4	62	80	0
822	84.126302	84.269531	D3	64	80	0
823	84.134115	84.139323	F#4	62	80	0
824	84.145833	84.322917	F#3	54	80	0
825	84.270833	84.399740	F#4	56	80	0
826	84.347656	84.438802	B4	71	80	0
827	84.451823	84.589844	F#4	56	80	0
828	84.553385	84.718750	E3	53	80	0
829	84.587240	85.649740	B4	75	80	0
830	84.688802	84.819010	D4	52	80	0
831	84.768229	84.878906	B3	59	80	0
832	84.885417	84.979167	D4	58	80	0
833	84.941406	85.179688	G4	72	80	0
834	84.976562	85.149740	F3	59	80	0
835	85.089844	85.153646	D4	57	80	0
836	85.166667	85.299479	B3	59	80	0
837	85.259115	85.402344	D4	50	80	0
838	85.328125	85.584635	F#4	74	80	0
839	85.361979	85.579427	F#3	68	80	0
840	85.467448	85.595052	D4	41	80	0
841	85.539062	85.688802	B3	58	80	0
842	85.721354	86.179688	F#4	68	80	0
843	85.735677	86.169271	F#3	65	80	0
844	85.906250	86.929688	D4	69	80	0
845	86.098958	86.429688	B3	63	80	0
846	86.269531	86.325521	G3	66	80	0
847	86.453125	86.799479	F#3	66	80	0
848	86.454427	86.809896	F#1	69	80	0
849	86.454427	86.639323	F#2	71	80	0
850	86.632812	86.869792	Bb3	77	80	0
851	86.825521	86.889323	B2	79	80	0
852	86.826823	86.877604	B1	79	80	0
853	86.828125	87.259115	B3	73	80	0
854	87.007812	87.119792	C#4	74	80	0
855	87.009115	87.066406	C#2	85	80	0
856	87.186198	87.250000	D1	76	80	0
857	87.187500	87.279948	D2	80	80	0
858	87.188802	87.199219	C4	75	80	0
859	87.345052	87.397135	E2	94	80	0
860	87.345052	87.393229	E1	89	80	0
861	87.523438	87.979167	F#3	99	80	0
862	87.524740	89.348958	F#2	95	80	0
863	87.527344	87.569010	F#1	84	80	0
864	87.934896	89.158854	B3	95	80	0
865	87.940104	88.509115	G3	94	80	0
866	89.225260	90.459635	C4	66	80	0
867	89.279948	90.299479	E2	48	80	0
868	89.285156	90.438802	G3	50	80	0
869	89.996094	91.199219	G4	81	80	0
870	90.535156	92.438802	E4	55	80	0
871	90.537760	90.839844	Bb4	61	80	0
872	90.537760	91.529948	C#4	53	80	0
873	90.542969	91.759115	Bb3	59	80	0
874	90.557292	91.509115	F#2	53	80	0
875	90.558594	90.569010	F#1	49	80	0
876	91.294271	92.128906	F#4	60	80	0
877	91.682292	91.779948	B2	71	80	0
878	91.683594	91.739583	B1	76	80	0
879	91.691406	91.699219	G#3	64	80	0
880	91.692708	92.109375	B3	62	80	0
881	91.694010	92.098958	D4	63	80	0
882	91.873698	91.936198	C#2	84	80	0
883	91.873698	91.968750	C#4	73	80	0
884	92.037760	92.049479	D1	77	80	0
885	92.040365	92.097656	D2	79	80	0
886	92.207031	92.260417	E2	92	80	0
887	92.208333	92.218750	E1	89	80	0
888	92.385417	92.889323	F#3	95	80	0
889	92.388021	94.289062	F#2	95	80	0
890	92.390625	92.500000	F#1	83	80	0
891	92.867188	93.979167	B3	93	80	0
892	92.897135	92.949219	G3	72	80	0
893	94.157552	95.319010	C4	56	80	0
894	94.223958	95.089844	G3	44	80	0
895	94.225260	94.239583	E1	45	80	0
896	94.229167	95.309896	E2	39	80	0
897	94.993490	96.389323	G4	65	80	0
898	95.514323	96.419271	F#2	40	80	0
899	95.516927	96.188802	Bb3	44	80	0
900	95.518229	96.438802	E4	50	80	0
901	95.519531	96.079427	C#4	42	80	0
902	96.342448	97.119792	F#4	44	80	0
903	97.705729	98.709635	G4	57	80	0
904	98.304688	98.819010	D4	35	80	0
905	98.304688	98.789062	B3	33	80	0
906	98.311198	98.839844	B2	32	80	0
907	98.312500	99.188802	B1	33	80	0
908	99.145833	100.049479	F#4	35	80	0
909	100.494792	102.019531	G4	46	80	0
910	101.075521	102.149740	C#4	31	80	0
911	101.082031	102.079427	E4	34	80	0
912	101.095052	102.049479	F#2	28	80	0
913	101.101562	102.029948	F#1	28	80	0
914	101.959635	102.239583	Bb4	47	80	0
915	102.494792	102.819010	D4	27	80	0
916	102.496094	102.938802	B4	39	80	0
917	102.498698	102.842448	B3	29	80	0
918	102.524740	102.832031	B2	22	80	0
919	102.531250	102.824219	B1	26	80	0
920	103.763021	104.209635	B4	36	80	0
921	103.765625	104.059896	D4	25	80	0
922	103.766927	104.089844	B3	26	80	0
923	103.773438	104.042969	B2	20	80	0
924	103.774740	104.036458	B1	22	80	0
925	105.019531	105.433594	B4	38	80	0
926	105.022135	105.433594	B1	25	80	0
927	105.023438	105.444010	B2	22	80	0
928	105.023438	105.438802	D4	25	80	0
929	106.286458	107.359375	B4	42	80	0
930	107.494792	108.229167	B4	43	80	0
931	108.744792	109.169271	B4	38	80	0
932	109.635417	109.697917	B4	49	80	0
933	109.636719	109.731771	A5	60	80	0
934	109.644531	109.729167	A4	45	80	0
935	109.656250	109.769531	F#4	35	80	0
936	109.835938	109.884115	B4	53	80	0
937	110.045573	110.658854	A5	58	80	0
938	110.049479	110.105469	B4	52	80	0
939	110.078125	110.188802	A4	43	80	0
940	110.083333	110.309896	F#4	35	80	0
941	110.244792	110.302083	B4	41	80	0
942	110.424479	110.669271	B4	50	80	0
943	110.608073	110.665365	G5	67	80	0
944	110.777344	110.842448	F#5	74	80	0
945	110.792969	110.842448	A4	50	80	0
946	110.803385	110.846354	F#4	48	80	0
947	110.803385	110.838542	B4	53	80	0
948	110.972656	111.020833	B4	50	80	0
949	111.161458	111.348958	B5	69	80	0
950	111.164062	111.359375	G5	63	80	0
951	111.194010	111.299479	B4	47	80	0
952	111.197917	111.352865	G4	46	80	0
953	111.201823	111.339844	E4	40	80	0
954	111.343750	111.397135	B4	56	80	0
955	111.544271	111.596354	B4	52	80	0
956	111.730469	111.785156	B4	54	80	0
957	111.901042	111.979167	B5	75	80	0
958	111.908854	112.013021	G4	67	80	0
959	111.911458	111.963542	G5	68	80	0
960	111.912760	112.019531	E4	56	80	0
961	111.914062	111.962240	B4	61	80	0
962	112.088542	112.143229	B4	60	80	0
963	112.261719	112.848958	B5	74	80	0
964	112.274740	112.819010	G#5	65	80	0
965	112.282552	112.343750	B4	61	80	0
966	112.315104	112.779948	F4	39	80	0
967	112.316406	112.529948	D4	41	80	0
968	112.462240	112.515625	B4	53	80	0
969	112.651042	112.779948	B4	44	80	0
970	112.798177	112.872396	A5	69	80	0
971	112.973958	113.045573	B5	78	80	0
972	112.984375	113.028646	G#5	69	80	0
973	112.985677	113.033854	B4	64	80	0
974	112.985677	113.054688	D4	51	80	0
975	112.990885	113.046875	F4	55	80	0
976	113.157552	113.204427	B4	54	80	0
977	113.325521	113.899740	C6	71	80	0
978	113.342448	113.848958	A5	62	80	0
979	113.348958	113.395833	C5	57	80	0
980	113.352865	113.398438	E4	49	80	0
981	113.354167	113.397135	C4	50	80	0
982	113.539062	113.579427	E4	64	80	0
983	113.541667	113.582031	C5	56	80	0
984	113.726562	113.768229	E4	55	80	0
985	113.733073	113.773438	C5	43	80	0
986	113.915365	113.955729	E4	64	80	0
987	114.075521	114.115885	C5	71	80	0
988	114.076823	114.123698	C6	82	80	0
989	114.083333	114.126302	E4	60	80	0
990	114.264323	114.315104	E4	58	80	0
991	114.444010	114.510417	E4	56	80	0
992	114.444010	114.799479	C5	65	80	0
993	114.444010	115.009115	C6	71	80	0
994	114.445312	114.718750	A3	51	80	0
995	114.449219	114.799479	C4	51	80	0
996	114.453125	114.709635	A4	54	80	0
997	114.643229	114.691406	E4	58	80	0
998	114.822917	114.872396	E4	55	80	0
999	114.955729	114.968750	Bb4	61	80	0
1000	114.975260	115.035156	B4	67	80	0
1001	114.976562	115.044271	B5	69	80	0
1002	114.998698	115.037760	E4	55	80	0
1003	115.145833	115.201823	A4	72	80	0
1004	115.151042	115.216146	A5	77	80	0
1005	115.162760	115.214844	A3	53	80	0
1006	115.166667	115.213542	E4	54	80	0
1007	115.169271	115.214844	C4	56	80	0
1008	115.333333	115.404948	E4	67	80	0
1009	115.507812	115.779948	D6	81	80	0
1010	115.514323	115.779948	D5	78	80	0
1011	115.515625	115.587240	F4	65	80	0
1012	115.519531	115.628906	B3	62	80	0
1013	115.524740	115.619792	G#4	73	80	0
1014	115.526042	115.588542	G#3	68	80	0
1015	115.697917	115.755208	F4	65	80	0
1016	115.703125	115.776042	B3	52	80	0
1017	115.875000	115.924479	F5	63	80	0
1018	115.875000	115.920573	F4	59	80	0
1019	116.041667	116.101562	F4	61	80	0
1020	116.205729	116.279948	D6	83	80	0
1021	116.210938	116.266927	D5	80	80	0
1022	116.214844	116.278646	B3	58	80	0
1023	116.216146	116.273438	F4	53	80	0
1024	116.222656	116.278646	G#4	66	80	0
1025	116.230469	116.283854	G#3	57	80	0
1026	116.382812	116.450521	F4	62	80	0
1027	116.384115	116.389323	B3	47	80	0
1028	116.572917	116.628906	F3	59	80	0
1029	116.572917	116.635417	Bb3	63	80	0
1030	116.574219	116.966146	G#3	61	80	0
1031	116.574219	117.149740	D6	77	80	0
1032	116.574219	116.929688	D5	75	80	0
1033	116.576823	116.643229	F4	57	80	0
1034	116.734375	116.783854	F4	58	80	0
1035	116.735677	116.791667	Bb3	54	80	0
1036	116.915365	116.964844	F4	61	80	0
1037	116.917969	117.000000	Bb3	47	80	0
1038	117.057292	117.105469	C5	78	80	0
1039	117.066406	117.119792	Bb3	59	80	0
1040	117.074219	117.115885	F4	56	80	0
1041	117.231771	117.289062	F4	67	80	0
1042	117.233073	117.239583	F3	64	80	0
1043	117.242188	117.295573	D5	90	80	0
1044	117.243490	117.302083	Bb3	74	80	0
1045	117.253906	117.302083	G#3	73	80	0
1046	117.253906	117.309896	G#4	76	80	0
1047	117.399740	117.460938	F4	66	80	0
1048	117.408854	117.459635	Bb3	58	80	0
1049	117.582031	118.000000	Eb6	89	80	0
1050	117.584635	117.644531	Eb4	76	80	0
1051	117.585938	117.652344	G3	66	80	0
1052	117.585938	117.958333	Eb5	88	80	0
1053	117.591146	117.652344	Bb3	70	80	0
1054	117.750000	117.813802	G3	62	80	0
1055	117.752604	117.819010	Eb4	68	80	0
1056	117.752604	117.812500	Bb3	65	80	0
1057	117.925781	117.976562	G3	63	80	0
1058	117.925781	117.973958	Eb4	59	80	0
1059	117.929688	117.975260	Bb3	63	80	0
1060	118.054688	118.229167	D6	88	80	0
1061	118.054688	118.114583	D5	86	80	0
1062	118.083333	118.158854	Eb4	61	80	0
1063	118.084635	118.125000	Bb3	62	80	0
1064	118.085938	118.289062	G3	58	80	0
1065	118.213542	118.329427	Eb6	95	80	0
1066	118.225260	118.319010	Eb5	88	80	0
1067	118.239583	118.279948	Bb3	68	80	0
1068	118.246094	118.276042	Eb4	70	80	0
1069	118.375000	118.434896	Eb4	75	80	0
1070	118.385417	118.442708	G3	70	80	0
1071	118.388021	118.441406	Bb3	75	80	0
1072	118.566406	118.750000	Eb4	90	80	0
1073	118.582031	118.649740	Bb3	77	80	0
1074	118.584635	118.632812	F#3	69	80	0
1075	118.763021	118.805990	Bb3	70	80	0
1076	118.763021	118.908854	Eb4	63	80	0
1077	118.764323	118.829427	F#3	61	80	0
1078	118.920573	118.968750	Bb3	64	80	0
1079	118.921875	118.967448	Eb4	60	80	0
1080	118.923177	118.973958	F#3	60	80	0
1081	119.065104	119.125000	D4	79	80	0
1082	119.071615	119.121094	Bb3	66	80	0
1083	119.072917	119.128906	Eb4	77	80	0
1084	119.074219	119.123698	F#3	60	80	0
1085	119.075521	119.128906	F#2	60	80	0
1086	119.222656	119.479167	Eb4	84	80	0
1087	119.231771	119.287760	F#3	72	80	0
1088	119.234375	119.291667	Bb3	75	80	0
1089	119.395833	119.445312	Bb3	68	80	0
1090	119.395833	119.453125	F#3	63	80	0
1091	119.397135	119.459635	Bb2	60	80	0
1092	119.545573	119.972656	F#4	94	80	0
1093	119.555990	119.729167	Eb4	78	80	0
1094	119.557292	119.569010	C3	70	80	0
1095	119.562500	119.614583	Eb3	80	80	0
1096	119.563802	119.621094	F#3	81	80	0
1097	119.744792	119.839844	Eb4	58	80	0
1098	119.746094	119.798177	Eb3	61	80	0
1099	119.748698	119.809896	F#3	60	80	0
1100	119.750000	119.759115	C3	55	80	0
1101	119.906250	119.989583	Eb4	56	80	0
1102	119.911458	119.957031	Eb3	61	80	0
1103	119.914062	119.919271	A2	60	80	0
1104	119.914062	119.989583	F#3	60	80	0
1105	119.914062	119.929688	C3	52	80	0
1106	120.050781	120.118490	F4	81	80	0
1107	120.054688	120.059896	Eb4	75	80	0
1108	120.055990	120.111979	D4	69	80	0
1109	120.063802	120.119792	D3	67	80	0
1110	120.069010	120.108073	Eb3	70	80	0
1111	120.070312	120.114583	F#3	66	80	0
1112	120.070312	120.119792	C3	61	80	0
1113	120.208333	120.309896	F#4	86	80	0
1114	120.216146	120.265625	Eb4	76	80	0
1115	120.222656	120.229167	C3	63	80	0
1116	120.222656	120.309896	Eb3	72	80	0
1117	120.367188	120.378906	C2	61	80	0
1118	120.368490	120.378906	F#1	58	80	0
1119	120.372396	120.378906	F#2	61	80	0
1120	120.535156	121.079427	F#5	98	80	0
1121	120.539062	120.936198	Eb5	94	80	0
1122	120.565104	120.610677	C3	62	80	0
1123	120.710938	120.718750	F#3	57	80	0
1124	120.712240	120.760417	Eb3	70	80	0
1125	120.714844	120.763021	C3	54	80	0
1126	120.863281	120.869792	A2	63	80	0
1127	120.864583	120.923177	Eb3	58	80	0
1128	120.864583	120.924479	C3	57	80	0
1129	121.018229	121.128906	D5	80	80	0
1130	121.018229	121.207031	F5	76	80	0
1131	121.023438	121.029948	C2	67	80	0
1132	121.024740	121.072917	C3	64	80	0
1133	121.174479	121.549479	F#5	91	80	0
1134	121.178385	121.419271	Eb5	82	80	0
1135	121.179688	121.218750	C2	69	80	0
1136	121.182292	121.214844	C3	69	80	0
1137	121.317708	121.369792	Eb3	72	80	0
1138	121.321615	121.365885	C3	65	80	0
1139	121.503906	121.559896	C2	81	80	0
1140	121.503906	121.919271	C6	94	80	0
1141	121.505208	121.549479	A2	80	80	0
1142	121.514323	121.869792	C5	86	80	0
1143	121.665365	121.716146	A2	63	80	0
1144	121.665365	121.722656	C3	64	80	0
1145	121.667969	121.679688	C2	63	80	0
1146	121.828125	121.839844	F#2	65	80	0
1147	121.830729	121.839844	C2	69	80	0
1148	121.833333	121.989583	A2	72	80	0
1149	121.834635	122.009115	C3	66	80	0
1150	121.977865	122.069010	B4	81	80	0
1151	121.980469	122.169271	B5	91	80	0
1152	121.992188	122.000000	C2	66	80	0
1153	121.998698	122.049479	A2	61	80	0
1154	122.117188	123.218750	C6	93	80	0
1155	122.125000	122.389323	C5	83	80	0
1156	122.130208	122.179688	A2	70	80	0
1157	122.134115	122.173177	C3	71	80	0
1158	122.134115	122.149740	C2	68	80	0
1159	122.273438	122.329427	A2	65	80	0
1160	122.276042	122.348958	C2	69	80	0
1161	122.277344	122.338542	C3	69	80	0
1162	122.454427	122.489583	C2	71	80	0
1163	122.464844	122.569010	F#2	77	80	0
1164	122.470052	122.479167	A2	71	80	0
1165	122.623698	122.679688	C2	65	80	0
1166	122.625000	122.679688	A2	65	80	0
1167	122.795573	123.179688	C2	63	80	0
1168	122.934896	123.009115	G#3	87	80	0
1169	123.079427	123.089844	A3	88	80	0
1170	123.250000	123.479167	C2	69	80	0
1171	123.432292	123.889323	F#6	100	80	0
1172	123.433594	123.899740	F#5	95	80	0
1173	123.434896	123.496094	Eb2	72	80	0
1174	123.437500	123.449219	Eb1	72	80	0
1175	123.596354	123.667969	C2	69	80	0
1176	123.764323	123.824219	C2	69	80	0
1177	123.921875	123.975260	F6	92	80	0
1178	123.924479	123.971354	F5	91	80	0
1179	124.055990	124.121094	F#6	95	80	0
1180	124.062500	124.199219	F#5	91	80	0
1181	124.062500	124.069010	A1	75	80	0
1182	124.063802	124.123698	C2	75	80	0
1183	124.203125	124.269531	C2	59	80	0
1184	124.377604	124.789062	C5	86	80	0
1185	124.382812	124.609375	D2	74	80	0
1186	124.382812	124.489583	A4	87	80	0
1187	124.382812	124.609375	D1	79	80	0
1188	124.384115	124.789062	C6	90	80	0
1189	124.554688	124.559896	C1	67	80	0
1190	124.714844	124.799479	D1	62	80	0
1191	124.720052	124.949219	D2	65	80	0
1192	124.858073	124.923177	B4	81	80	0
1193	124.860677	124.979167	D1	71	80	0
1194	124.872396	124.933594	F#4	77	80	0
1195	125.018229	125.289062	C5	81	80	0
1196	125.018229	125.139323	F#4	87	80	0
1197	125.022135	125.078125	A4	87	80	0
1198	125.024740	125.139323	D1	73	80	0
1199	125.145833	125.199219	D1	70	80	0
1200	125.339844	125.729167	B4	85	80	0
1201	125.343750	125.598958	G#4	87	80	0
1202	125.358073	125.658854	F4	73	80	0
1203	125.533854	125.779948	G1	68	80	0
1204	125.895833	125.957031	F5	74	80	0
1205	125.902344	125.951823	G#4	70	80	0
1206	125.912760	125.954427	B4	60	80	0
1207	126.072917	126.194010	E5	72	80	0
1208	126.074219	126.130208	C5	69	80	0
1209	126.085938	126.169271	G4	59	80	0
1210	126.411458	126.524740	Eb5	69	80	0
1211	126.414062	126.549479	C5	54	80	0
1212	126.416667	126.514323	A4	55	80	0
1213	126.429688	126.509115	F#4	49	80	0
1214	126.567708	126.622396	G1	64	80	0
1215	126.567708	126.626302	G2	65	80	0
1216	126.723958	126.774740	G2	75	80	0
1217	126.723958	126.774740	G1	68	80	0
1218	126.867188	126.973958	Eb5	66	80	0
1219	126.875000	126.955729	F#4	54	80	0
1220	126.878906	126.954427	A4	59	80	0
1221	127.058594	127.139323	D5	70	80	0
1222	127.075521	127.117188	B4	51	80	0
1223	127.076823	127.121094	F4	53	80	0
1224	127.406250	127.489583	C#5	61	80	0
1225	127.412760	127.481771	G4	55	80	0
1226	127.412760	127.493490	E4	55	80	0
1227	127.576823	127.625000	G1	60	80	0
1228	127.579427	127.626302	G2	60	80	0
1229	127.742188	127.809896	G2	70	80	0
1230	127.742188	127.790365	G1	65	80	0
1231	127.868490	127.928385	C5	69	80	0
1232	127.880208	127.933594	G4	59	80	0
1233	127.885417	127.936198	Eb4	56	80	0
1234	128.066406	128.125000	B4	69	80	0
1235	128.072917	128.126302	D4	62	80	0
1236	128.074219	128.127604	G4	60	80	0
1237	128.393229	128.464844	Bb4	65	80	0
1238	128.402344	128.453125	C#4	55	80	0
1239	128.402344	128.454427	E4	62	80	0
1240	128.584635	128.653646	G2	60	80	0
1241	128.584635	128.647135	G1	59	80	0
1242	128.733073	128.812500	A4	62	80	0
1243	128.735677	128.795573	E4	56	80	0
1244	128.736979	128.800781	C4	50	80	0
1245	128.927083	128.983073	G2	60	80	0
1246	128.928385	128.985677	G1	59	80	0
1247	129.102865	129.157552	G#4	67	80	0
1248	129.104167	129.158854	Eb4	51	80	0
1249	129.105469	129.154948	C4	51	80	0
1250	129.285156	129.343750	G1	53	80	0
1251	129.286458	129.339844	G2	54	80	0
1252	129.292969	129.378906	E4	52	80	0
1253	129.462240	129.506510	G4	68	80	0
1254	129.627604	129.694010	G1	55	80	0
1255	129.799479	129.842448	F#4	62	80	0
1256	129.968750	130.029948	A1	55	80	0
1257	129.968750	130.029948	A2	55	80	0
1258	129.973958	130.044271	C#4	48	80	0
1259	129.975260	130.042969	A3	48	80	0
1260	130.136719	130.201823	F4	66	80	0
1261	130.313802	130.372396	B1	63	80	0
1262	130.315104	130.376302	B2	58	80	0
1263	130.463542	130.506510	E4	69	80	0
1264	130.635417	130.688802	C2	66	80	0
1265	130.636719	130.699219	C3	63	80	0
1266	130.786458	130.854167	Eb4	71	80	0
1267	130.957031	131.019531	C#4	57	80	0
1268	130.958333	130.968750	F4	61	80	0
1269	130.962240	131.020833	C#2	70	80	0
1270	130.966146	131.049479	Eb4	59	80	0
1271	131.100260	131.147135	D4	82	80	0
1272	131.272135	131.339844	D3	69	80	0
1273	131.272135	131.319010	D1	69	80	0
1274	131.273438	131.320312	D2	68	80	0
1275	131.434896	131.492188	C#4	86	80	0
1276	131.608073	131.669271	Eb3	72	80	0
1277	131.608073	131.679688	Eb2	73	80	0
1278	131.610677	131.658854	Eb1	78	80	0
1279	131.740885	131.750000	A3	69	80	0
1280	131.765625	131.848958	C4	78	80	0
1281	131.962240	132.049479	E3	70	80	0
1282	131.963542	132.026042	E2	74	80	0
1283	132.093750	132.144531	B3	84	80	0
1284	132.265625	132.315104	F3	71	80	0
1285	132.266927	132.315104	F2	72	80	0
1286	132.270833	132.329427	F1	64	80	0
1287	132.429688	132.485677	Bb3	83	80	0
1288	132.604167	132.660156	F#3	71	80	0
1289	132.604167	132.666667	F#2	71	80	0
1290	132.604167	132.666667	F#1	66	80	0
1291	132.752604	132.795573	A3	81	80	0
1292	132.953125	133.019531	G3	61	80	0
1293	132.955729	133.016927	G2	60	80	0
1294	132.972656	133.059896	Bb3	56	80	0
1295	133.123698	133.174479	G#3	65	80	0
1296	133.309896	133.386719	G3	49	80	0
1297	133.311198	133.384115	G2	51	80	0
1298	133.562500	133.786458	G#3	55	80	0
1299	133.774740	133.869792	G3	49	80	0
1300	134.071615	135.459635	G4	54	80	0
1301	134.096354	134.109375	G3	32	80	0
1302	134.966146	135.699219	F4	31	80	0
1303	135.912760	137.339844	G4	67	80	0
1304	135.975260	136.569010	F4	33	80	0
1305	135.979167	136.509115	B3	33	80	0
1306	136.493490	137.098958	E4	41	80	0
1307	136.500000	136.789062	C4	34	80	0
1308	136.898438	137.848958	C5	70	80	0
1309	136.915365	137.429688	C4	38	80	0
1310	137.303385	137.789062	A4	60	80	0
1311	137.342448	137.789062	C#4	40	80	0
1312	137.718750	137.919271	G4	57	80	0
1313	137.748698	138.369792	D4	43	80	0
1314	137.752604	137.899740	C4	37	80	0
1315	138.113281	138.337240	F4	56	80	0
1316	138.141927	138.334635	A3	38	80	0
1317	138.554688	139.628906	F4	45	80	0
1318	138.554688	138.976562	Bb3	53	80	0
1319	138.977865	139.429688	B3	45	80	0
1320	139.377604	139.819010	D5	74	80	0
1321	139.434896	139.845052	G4	42	80	0
1322	139.442708	139.848958	B3	35	80	0
1323	139.834635	140.489583	F4	59	80	0
1324	139.843750	140.329427	D4	45	80	0
1325	140.266927	140.709635	C#4	56	80	0
1326	140.614583	140.829427	E4	65	80	0
1327	140.614583	140.819010	C4	50	80	0
1328	141.020833	142.250000	C4	64	80	0
1329	141.035156	141.549479	Bb3	66	80	0
1330	141.062500	141.179688	E4	57	80	0
1331	141.203125	141.277344	G4	55	80	0
1332	141.304688	141.386719	C5	58	80	0
1333	141.412760	141.520833	E5	66	80	0
1334	141.494792	141.859375	A3	53	80	0
1335	141.541667	141.606771	F5	65	80	0
1336	141.636719	141.703125	C5	61	80	0
1337	141.734375	141.812500	A4	62	80	0
1338	141.837240	141.919271	F4	52	80	0
1339	141.950521	142.179688	A4	61	80	0
1340	141.964844	142.239583	F4	67	80	0
1341	141.966146	142.500000	A3	54	80	0
1342	141.968750	142.369792	F3	57	80	0
1343	142.055990	142.126302	C5	58	80	0
1344	142.204427	142.276042	F5	59	80	0
1345	142.286458	142.346354	A5	71	80	0
1346	142.377604	143.179688	F3	53	80	0
1347	142.378906	142.869792	D4	74	80	0
1348	142.430990	142.539062	A5	63	80	0
1349	142.506510	142.582031	D5	62	80	0
1350	142.605469	142.673177	A5	65	80	0
1351	142.704427	142.807292	D6	60	80	0
1352	142.772135	143.188802	C4	70	80	0
1353	142.783854	143.179688	G3	58	80	0
1354	142.803385	142.881510	A5	67	80	0
1355	142.878906	143.000000	D5	62	80	0
1356	142.964844	143.046875	A5	71	80	0
1357	143.062500	143.153646	Bb5	72	80	0
1358	143.151042	143.529948	Bb3	71	80	0
1359	143.166667	143.243490	G5	66	80	0
1360	143.268229	143.338542	D5	62	80	0
1361	143.371094	143.438802	G5	69	80	0
1362	143.455729	143.522135	Bb5	71	80	0
1363	143.540365	144.750000	Bb3	68	80	0
1364	143.541667	143.549479	F2	62	80	0
1365	143.544271	145.259115	F3	66	80	0
1366	143.566406	143.636719	G5	63	80	0
1367	143.656250	143.725260	C#5	66	80	0
1368	143.759115	143.830729	G5	57	80	0
1369	143.860677	143.941406	Bb5	75	80	0
1370	143.963542	144.037760	G5	60	80	0
1371	143.971354	144.639323	E3	53	80	0
1372	144.062500	144.125000	C5	66	80	0
1373	144.165365	144.234375	G5	58	80	0
1374	144.240885	144.313802	Bb5	72	80	0
1375	144.376302	144.500000	G4	72	80	0
1376	144.381510	144.462240	E5	64	80	0
1377	144.467448	144.553385	C5	56	80	0
1378	144.592448	144.673177	E5	61	80	0
1379	144.694010	144.809896	G5	58	80	0
1380	144.824219	144.915365	G5	65	80	0
1381	144.826823	145.649740	Bb3	70	80	0
1382	144.833333	145.339844	C3	60	80	0
1383	144.953125	145.035156	E5	55	80	0
1384	145.054688	145.122396	G5	64	80	0
1385	145.153646	145.210938	C6	56	80	0
1386	145.265625	145.329427	G5	60	80	0
1387	145.272135	145.699219	F3	51	80	0
1388	145.350260	145.423177	E5	59	80	0
1389	145.480469	145.541667	G5	49	80	0
1390	145.561198	145.739583	C6	70	80	0
1391	145.695312	145.785156	A5	65	80	0
1392	145.700521	145.889323	A3	53	80	0
1393	145.704427	146.039062	F3	48	80	0
1394	145.798177	145.873698	F5	58	80	0
1395	145.911458	145.983073	A5	66	80	0
1396	146.000000	146.065104	C6	67	80	0
1397	146.115885	146.187500	A5	65	80	0
1398	146.125000	147.209635	A2	70	80	0
1399	146.130208	146.188802	G5	63	80	0
1400	146.209635	146.285156	F5	53	80	0
1401	146.322917	146.404948	A5	62	80	0
1402	146.434896	146.526042	C6	63	80	0
1403	146.535156	146.597656	A5	62	80	0
1404	146.606771	146.729167	F5	57	80	0
1405	146.731771	146.800781	A5	65	80	0
1406	146.813802	146.897135	D6	68	80	0
1407	146.891927	147.269531	D3	72	80	0
1408	146.915365	146.989583	A5	60	80	0
1409	146.972656	147.052083	F5	65	80	0
1410	147.080729	147.169271	A5	67	80	0
1411	147.183594	147.264323	D6	64	80	0
1412	147.285156	147.628906	Bb2	74	80	0
1413	147.294271	147.376302	Bb5	74	80	0
1414	147.401042	147.559896	F5	59	80	0
1415	147.503906	147.584635	Bb5	67	80	0
1416	147.597656	147.687500	D6	65	80	0
1417	147.704427	148.019531	A2	77	80	0
1418	147.707031	147.799479	G5	63	80	0
1419	147.713542	147.799479	B5	61	80	0
1420	147.816406	147.949219	F5	59	80	0
1421	147.930990	147.998698	B5	64	80	0
1422	148.032552	148.149740	D6	60	80	0
1423	148.122396	148.500000	G#2	70	80	0
1424	148.161458	148.236979	B5	64	80	0
1425	148.256510	148.334635	E5	58	80	0
1426	148.381510	148.529948	B5	65	80	0
1427	148.473958	148.619792	D6	72	80	0
1428	148.595052	149.309896	G#2	67	80	0
1429	148.716146	148.787760	E5	59	80	0
1430	148.820312	148.878906	B5	63	80	0
1431	148.912760	148.983073	D6	65	80	0
1432	149.007812	149.067708	B5	69	80	0
1433	149.097656	149.157552	E5	59	80	0
1434	149.186198	149.319010	B5	73	80	0
1435	149.277344	149.399740	D6	71	80	0
1436	149.346354	149.628906	E3	72	80	0
1437	149.376302	149.433594	B5	71	80	0
1438	149.463542	149.527344	E5	64	80	0
1439	149.562500	149.643229	B5	66	80	0
1440	149.652344	149.731771	D6	66	80	0
1441	149.658854	149.729167	E3	54	80	0
1442	149.753906	149.809896	B5	66	80	0
1443	149.794271	150.199219	G#2	58	80	0
1444	149.841146	149.903646	E5	62	80	0
1445	149.934896	150.015625	B5	67	80	0
1446	150.029948	150.123698	D6	69	80	0
1447	150.134115	150.209635	B5	71	80	0
1448	150.170573	150.229167	A2	53	80	0
1449	150.171875	150.289062	E3	53	80	0
1450	150.244792	150.294271	E5	58	80	0
1451	150.322917	150.479167	B5	73	80	0
1452	150.410156	150.498698	C6	79	80	0
1453	150.505208	150.718750	E3	67	80	0
1454	150.509115	150.559896	A2	62	80	0
1455	150.515625	150.593750	A5	79	80	0
1456	150.602865	150.674479	E5	64	80	0
1457	150.694010	150.764323	A5	72	80	0
1458	150.727865	150.799479	E3	44	80	0
1459	150.773438	150.845052	C6	66	80	0
1460	150.884115	150.944010	A5	71	80	0
1461	150.902344	151.139323	A2	51	80	0
1462	150.912760	151.109375	E3	51	80	0
1463	150.962240	151.024740	E5	59	80	0
1464	151.063802	151.123698	A5	70	80	0
1465	151.134115	151.216146	C6	69	80	0
1466	151.266927	151.339844	A5	72	80	0
1467	151.274740	151.619792	B2	64	80	0
1468	151.347656	151.410156	D5	66	80	0
1469	151.436198	151.523438	A5	67	80	0
1470	151.531250	151.628906	B5	79	80	0
1471	151.605469	151.878906	E3	63	80	0
1472	151.635417	151.695312	G#5	75	80	0
1473	151.722656	151.792969	D5	67	80	0
1474	151.825521	151.894531	G#5	69	80	0
1475	151.907552	152.049479	B5	71	80	0
1476	152.018229	152.065104	G#5	57	80	0
1477	152.024740	152.299479	E3	49	80	0
1478	152.024740	152.399740	B2	54	80	0
1479	152.098958	152.156250	D5	57	80	0
1480	152.190104	152.263021	G#5	64	80	0
1481	152.289062	152.354167	B5	70	80	0
1482	152.375000	152.389323	C5	59	80	0
1483	152.376302	152.529948	C3	59	80	0
1484	152.393229	152.442708	G#5	67	80	0
1485	152.455729	152.513021	C5	63	80	0
1486	152.558594	152.645833	G#5	72	80	0
1487	152.645833	152.740885	B5	77	80	0
1488	152.746094	152.829427	G#5	73	80	0
1489	152.746094	152.979167	E3	74	80	0
1490	152.834635	152.902344	A5	76	80	0
1491	152.934896	153.019531	C5	62	80	0
1492	153.003906	153.074219	A5	74	80	0
1493	153.095052	153.156250	G#5	80	80	0
1494	153.122396	153.329427	E3	51	80	0
1495	153.125000	153.359375	C3	54	80	0
1496	153.194010	153.253906	A5	69	80	0
1497	153.294271	153.342448	C5	64	80	0
1498	153.352865	153.419271	A5	76	80	0
1499	153.460938	153.554688	A5	86	80	0
1500	153.532552	153.679688	Eb3	60	80	0
1501	153.571615	153.643229	B4	69	80	0
1502	153.664062	153.746094	A5	74	80	0
1503	153.765625	153.845052	B5	85	80	0
1504	153.847656	153.924479	A5	79	80	0
1505	153.852865	154.079427	B3	82	80	0
1506	153.930990	154.128906	B4	65	80	0
1507	154.023438	154.104167	A5	72	80	0
1508	154.118490	154.186198	B5	64	80	0
1509	154.218750	154.269531	A5	66	80	0
1510	154.233073	154.339844	Eb3	56	80	0
1511	154.290365	154.352865	B4	63	80	0
1512	154.397135	154.464844	A5	81	80	0
1513	154.481771	154.552083	B5	78	80	0
1514	154.574219	154.632812	A5	78	80	0
1515	154.575521	154.729167	E3	54	80	0
1516	154.654948	154.721354	B4	68	80	0
1517	154.755208	154.843750	A5	76	80	0
1518	154.845052	154.968750	B5	82	80	0
1519	154.885417	155.079427	C4	82	80	0
1520	154.928385	155.003906	A5	77	80	0
1521	155.013021	155.088542	B4	64	80	0
1522	155.114583	155.194010	A5	80	80	0
1523	155.203125	155.300781	B5	77	80	0
1524	155.294271	155.343750	A5	70	80	0
1525	155.355469	155.415365	B4	64	80	0
1526	155.451823	155.526042	A5	75	80	0
1527	155.544271	155.614583	B5	82	80	0
1528	155.631510	155.690104	A5	75	80	0
1529	155.670573	155.769531	F#3	60	80	0
1530	155.714844	155.777344	B4	65	80	0
1531	155.808594	155.899740	A5	84	80	0
1532	155.898438	156.001302	B5	87	80	0
1533	156.002604	156.065104	A5	89	80	0
1534	156.007812	156.139323	Eb4	92	80	0
1535	156.075521	156.144531	B4	69	80	0
1536	156.182292	156.263021	A5	79	80	0
1537	156.266927	156.363281	B5	85	80	0
1538	156.369792	156.425781	A5	74	80	0
1539	156.433594	156.500000	B4	70	80	0
1540	156.526042	156.608073	A5	79	80	0
1541	156.623698	156.713542	B5	81	80	0
1542	156.707031	156.770833	G5	78	80	0
1543	156.733073	156.774740	G3	70	80	0
1544	156.786458	156.859375	B4	71	80	0
1545	156.872396	156.955729	G5	76	80	0
1546	156.954427	157.055990	B5	84	80	0
1547	157.054688	157.110677	G5	85	80	0
1548	157.058594	157.169271	E4	91	80	0
1549	157.125000	157.186198	B4	72	80	0
1550	157.214844	157.283854	G5	76	80	0
1551	157.309896	157.408854	B5	75	80	0
1552	157.416667	157.489583	G3	75	80	0
1553	157.424479	157.486979	B5	76	80	0
1554	157.503906	157.572917	E5	73	80	0
1555	157.585938	157.680990	B5	78	80	0
1556	157.674479	157.773438	E6	88	80	0
1557	157.774740	157.839844	C6	73	80	0
1558	157.783854	157.838542	A3	73	80	0
1559	157.847656	157.915365	E5	78	80	0
1560	157.937500	158.026042	C6	87	80	0
1561	158.022135	158.154948	E6	84	80	0
1562	158.127604	158.197917	C6	88	80	0
1563	158.134115	158.339844	F#4	84	80	0
1564	158.210938	158.291667	E5	71	80	0
1565	158.305990	158.398438	C6	79	80	0
1566	158.394531	158.501302	E6	81	80	0
1567	158.494792	158.555990	C6	75	80	0
1568	158.497396	158.639323	A3	68	80	0
1569	158.570312	158.625000	E5	73	80	0
1570	158.641927	158.738281	C6	76	80	0
1571	158.735677	158.839844	E6	89	80	0
1572	158.824219	158.914062	C#6	88	80	0
1573	158.825521	159.348958	Bb3	80	80	0
1574	158.904948	159.010417	G5	83	80	0
1575	159.002604	159.082031	C#6	78	80	0
1576	159.089844	159.207031	E6	76	80	0
1577	159.173177	159.489583	G4	95	80	0
1578	159.174479	159.250000	C#6	81	80	0
1579	159.243490	159.438802	G5	76	80	0
1580	159.345052	159.441406	C#6	78	80	0
1581	159.437500	159.535156	E6	84	80	0
1582	159.535156	159.779948	Bb3	80	80	0
1583	159.536458	159.610677	C#6	72	80	0
1584	159.606771	159.678385	G5	78	80	0
1585	159.695312	159.783854	C#6	77	80	0
1586	159.796875	159.897135	E6	77	80	0
1587	159.893229	159.967448	B5	75	80	0
1588	159.895833	159.989583	B3	82	80	0
1589	159.964844	160.027344	G5	78	80	0
1590	160.055990	160.140625	B5	73	80	0
1591	160.143229	160.234375	E6	81	80	0
1592	160.244792	160.338542	G6	86	80	0
1593	160.246094	160.509115	E4	74	80	0
1594	160.343750	160.414062	F#6	75	80	0
1595	160.412760	160.473958	E6	73	80	0
1596	160.485677	160.545573	Eb6	79	80	0
1597	160.580729	160.759115	G4	81	80	0
1598	160.602865	160.670573	E6	69	80	0
1599	160.677083	160.739583	Eb6	73	80	0
1600	160.774740	160.864583	E6	76	80	0
1601	160.860677	160.928385	F#6	87	80	0
1602	160.945312	161.023438	G6	72	80	0
1603	160.957031	161.149740	B4	74	80	0
1604	161.044271	161.115885	F#6	76	80	0
1605	161.125000	161.203125	E6	75	80	0
1606	161.199219	161.268229	Eb6	77	80	0
1607	161.295573	161.395833	G6	85	80	0
1608	161.298177	161.368490	E5	80	80	0
1609	161.384115	161.477865	F#6	79	80	0
1610	161.468750	161.539062	E6	75	80	0
1611	161.540365	161.613281	Eb6	78	80	0
1612	161.634115	161.742188	G6	92	80	0
1613	161.643229	161.722656	G5	90	80	0
1614	161.734375	161.803385	F#6	76	80	0
1615	161.811198	161.886719	E6	75	80	0
1616	161.886719	161.967448	Eb6	78	80	0
1617	161.990885	162.097656	G6	83	80	0
1618	162.084635	162.192708	F#6	86	80	0
1619	162.194010	162.265625	E6	83	80	0
1620	162.255208	162.346354	Eb6	87	80	0
1621	162.352865	162.468750	G5	81	80	0
1622	162.354167	162.472656	E6	80	80	0
1623	162.458333	162.513021	F#5	79	80	0
1624	162.545573	162.656250	E5	65	80	0
1625	162.653646	162.772135	Eb5	64	80	0
1626	162.756510	162.867188	E5	64	80	0
1627	163.162760	163.395833	G6	74	80	0
1628	163.361979	163.579427	F#6	81	80	0
1629	163.566406	163.777344	E6	74	80	0
1630	163.569010	163.772135	G5	68	80	0
1631	163.752604	163.968750	Eb6	71	80	0
1632	163.769531	163.859375	F#5	58	80	0
1633	163.954427	164.179688	E6	71	80	0
1634	163.983073	164.153646	E5	59	80	0
1635	164.171875	164.699219	Eb5	58	80	0
1636	164.174479	164.289062	F#5	56	80	0
1637	164.410156	164.869792	G6	77	80	0
1638	164.420573	164.699219	E5	52	80	0
1639	164.796875	165.179688	F#6	78	80	0
1640	165.154948	165.542969	E6	71	80	0
1641	165.174479	165.554688	G5	58	80	0
1642	165.505208	165.899740	Eb6	69	80	0
1643	165.540365	165.938802	F#5	59	80	0
1644	165.865885	166.339844	E6	64	80	0
1645	165.891927	166.218750	E5	50	80	0
1646	166.222656	166.869792	Eb5	57	80	0
1647	166.229167	166.303385	E5	55	80	0
1648	166.641927	167.468750	G6	76	80	0
1649	166.647135	166.979167	E5	49	80	0
1650	167.354167	167.739583	F#6	70	80	0
1651	167.722656	168.229167	G5	59	80	0
1652	168.088542	168.419271	E6	69	80	0
1653	168.446615	168.709635	F#5	61	80	0
1654	168.803385	169.199219	G4	58	80	0
1655	169.184896	170.579427	E5	56	80	0
1656	169.503906	169.714844	F#4	45	80	0
1657	169.701823	169.959635	E4	50	80	0
1658	169.944010	170.519531	G4	62	80	0
1659	169.966146	170.250000	E4	36	80	0
1660	170.671875	170.968750	F#4	50	80	0
1661	170.880208	170.960938	E4	43	80	0
1662	171.115885	171.479167	E4	38	80	0
1663	171.466146	171.574219	G4	46	80	0
1664	171.850260	172.208333	G4	49	80	0
1665	171.852865	172.009115	F#4	46	80	0
1666	172.040365	172.250000	E4	44	80	0
1667	172.256510	172.489583	F#4	42	80	0
1668	172.260417	172.309896	E4	37	80	0
1669	172.434896	172.628906	E4	37	80	0
1670	172.635417	172.769531	E4	32	80	0
1671	172.789062	172.945312	G4	48	80	0
1672	172.992188	173.209635	F#4	43	80	0
1673	173.170573	173.354167	G5	68	80	0
1674	173.173177	173.739583	E4	51	80	0
1675	173.351562	173.459635	F#5	65	80	0
1676	173.507812	173.669271	E5	63	80	0
1677	173.546875	173.750000	G6	69	80	0
1678	173.695312	173.848958	F#6	83	80	0
1679	173.854167	174.049479	G5	82	80	0
1680	173.855469	173.908854	E6	76	80	0
1681	174.041667	174.083333	F#5	79	80	0
1682	174.167969	174.235677	E5	73	80	0
1683	174.200521	174.369792	G4	78	80	0
1684	174.355469	174.529948	F#4	72	80	0
1685	174.529948	174.596354	E4	78	80	0
1686	174.531250	174.649740	G3	75	80	0
1687	174.700521	174.848958	F#3	76	80	0
1688	174.852865	174.924479	E3	78	80	0
1689	175.040365	175.309896	G4	91	80	0
1690	175.044271	175.095052	E3	79	80	0
1691	175.427083	175.899740	G4	78	80	0
1692	175.434896	175.789062	E4	77	80	0
1693	175.442708	175.658854	E3	80	80	0
1694	175.442708	175.688802	G3	79	80	0
1695	175.444010	175.908854	E2	76	80	0
1696	175.447917	175.459635	E1	75	80	0
1697	175.929688	175.980469	F#4	88	80	0
1698	176.067708	176.153646	E4	91	80	0
1699	176.071615	176.209635	G4	82	80	0
1700	176.076823	176.154948	E2	71	80	0
1701	176.079427	176.119792	E1	77	80	0
1702	176.084635	176.145833	G3	81	80	0
1703	176.463542	176.739583	A4	88	80	0
1704	176.468750	176.709635	F#4	77	80	0
1705	176.472656	176.598958	A3	81	80	0
1706	176.473958	176.709635	D2	77	80	0
1707	176.473958	176.520833	D1	75	80	0
1708	177.170573	177.307292	A4	63	80	0
1709	177.180990	177.378906	F#4	53	80	0
1710	177.204427	177.348958	D4	34	80	0
1711	177.634115	178.199219	A4	57	80	0
1712	177.679688	178.029948	F#4	38	80	0
1713	177.683594	177.869792	D4	38	80	0
1714	177.684896	178.109375	C4	33	80	0
1715	178.160156	178.279948	G4	62	80	0
1716	178.194010	178.234375	B3	36	80	0
1717	178.342448	178.733073	A4	52	80	0
1718	178.375000	178.718750	F#4	39	80	0
1719	178.384115	178.519531	A3	39	80	0
1720	178.385417	178.739583	C4	39	80	0
1721	178.783854	178.994792	B4	53	80	0
1722	178.820312	179.119792	F#4	30	80	0
1723	178.821615	179.049479	G4	33	80	0
1724	178.821615	178.829427	D4	24	80	0
1725	178.822917	179.029948	G3	31	80	0
1726	178.825521	179.019531	B3	27	80	0
1727	179.424479	179.539062	B4	84	80	0
1728	179.425781	179.473958	D4	82	80	0
1729	179.429688	179.438802	G2	82	80	0
1730	179.430990	179.481771	B3	82	80	0
1731	179.433594	179.473958	G3	83	80	0
1732	179.433594	179.476562	F4	80	80	0
1733	179.808594	180.199219	B4	81	80	0
1734	179.832031	179.938802	G2	79	80	0
1735	179.833333	179.839844	G1	75	80	0
1736	179.834635	179.875000	G3	78	80	0
1737	179.835938	180.019531	F4	71	80	0
1738	179.835938	179.949219	D4	69	80	0
1739	179.835938	180.049479	G4	74	80	0
1740	179.837240	179.938802	B3	77	80	0
1741	180.316406	180.368490	A4	83	80	0
1742	180.454427	180.526042	G4	88	80	0
1743	180.463542	180.468750	D4	62	80	0
1744	180.463542	180.513021	B3	68	80	0
1745	180.464844	180.468750	G2	65	80	0
1746	180.464844	180.569010	G1	66	80	0
1747	180.845052	181.239583	C#5	80	80	0
1748	180.865885	181.139323	C#4	61	80	0
1749	180.865885	181.188802	Bb4	74	80	0
1750	180.867188	180.916667	F#2	69	80	0
1751	180.871094	180.914062	F#1	71	80	0
1752	181.606771	181.869792	C#5	61	80	0
1753	181.628906	181.839844	Bb4	49	80	0
1754	181.643229	181.809896	F#4	35	80	0
1755	182.114583	182.759115	C#5	58	80	0
1756	182.125000	182.569010	Bb4	55	80	0
1757	182.161458	182.429688	F#4	34	80	0
1758	182.165365	182.619792	E4	33	80	0
1759	182.700521	182.856771	B4	57	80	0
1760	182.733073	182.959635	D4	42	80	0
1761	182.738281	182.878906	F#4	36	80	0
1762	182.895833	183.468750	C#5	61	80	0
1763	182.921875	183.299479	Bb4	51	80	0
1764	182.945312	183.329427	C#4	33	80	0
1765	182.955729	183.468750	E4	35	80	0
1766	183.450521	183.769531	D5	57	80	0
1767	183.475260	183.739583	B4	40	80	0
1768	183.484375	183.739583	D4	30	80	0
1769	183.485677	183.848958	B3	29	80	0
1770	184.406250	186.289062	D5	60	80	0
1771	185.162760	186.019531	G4	34	80	0
1772	185.174479	186.149740	D4	29	80	0
1773	185.177083	186.259115	B3	30	80	0
1774	185.752604	186.699219	G5	68	80	0
1775	186.223958	186.694010	E5	64	80	0
1776	186.261719	186.839844	E4	36	80	0
1777	186.261719	186.649740	G4	30	80	0
1778	186.667969	187.119792	D5	60	80	0
1779	186.684896	187.250000	A3	35	80	0
1780	187.065104	187.289062	C5	57	80	0
1781	187.466146	188.329427	C5	53	80	0
1782	187.485677	188.319010	F#4	42	80	0
1783	187.496094	187.968750	Eb4	30	80	0
1784	187.877604	188.569010	D4	37	80	0
1785	188.223958	188.729167	A5	68	80	0
1786	188.636719	189.500000	C5	62	80	0
1787	188.654948	189.119792	F#4	38	80	0
1788	189.080729	189.729167	G4	40	80	0
1789	189.434896	189.644531	B4	50	80	0
1790	189.834635	190.329427	G3	40	80	0
1791	189.839844	191.029948	B4	57	80	0
1792	190.264323	191.250000	E3	35	80	0
1793	190.613281	190.805990	G4	59	80	0
1794	191.058594	192.019531	G4	51	80	0
1795	191.072917	191.569010	E4	44	80	0
1796	191.523438	192.026042	C4	41	80	0
1797	191.912760	192.119792	E4	48	80	0
1798	192.410156	193.169271	C3	40	80	0
1799	192.414062	193.968750	E4	46	80	0
1800	192.955729	194.819010	C2	38	80	0
1801	193.497396	194.419271	G3	46	80	0
1802	194.174479	195.269531	E3	35	80	0
1803	195.204427	197.500000	B3	34	80	0
1804	195.214844	197.500000	Eb3	27	80	0
1805	195.256510	197.500000	B1	30	80	0
1806	198.082031	199.750000	E6	70	80	0
1807	198.087240	199.218750	E5	58	80	0
1808	198.861979	199.089844	E3	27	80	0
1809	198.861979	200.019531	G2	29	80	0
1810	198.867188	198.878906	B3	29	80	0
1811	199.619792	199.908854	Eb6	58	80	0
1812	199.623698	199.848958	Eb5	54	80	0
1813	199.842448	199.989583	E6	61	80	0
1814	199.848958	200.000000	E5	56	80	0
1815	200.433594	200.996094	F#4	53	80	0
1816	200.441406	200.899740	C5	48	80	0
1817	200.445312	200.628906	E4	44	80	0
1818	200.447917	201.029948	C4	38	80	0
1819	200.502604	201.399740	A2	34	80	0
1820	201.256510	201.609375	F#4	66	80	0
1821	201.274740	201.779948	E4	52	80	0
1822	201.278646	201.569010	C#4	48	80	0
1823	201.303385	201.529948	Bb2	40	80	0
1824	201.765625	202.559896	F#4	57	80	0
1825	201.787760	203.128906	Eb4	43	80	0
1826	201.796875	203.169271	A3	39	80	0
1827	201.809896	202.919271	B3	34	80	0
1828	202.347656	202.628906	G4	65	80	0
1829	202.572917	202.802083	A4	53	80	0
1830	202.786458	203.179688	G4	66	80	0
1831	203.087240	203.628906	F#4	56	80	0
1832	203.165365	203.819010	C2	34	80	0
1833	203.165365	203.809896	C3	35	80	0
1834	203.641927	203.829427	E4	51	80	0
1835	203.643229	203.829427	F#4	46	80	0
1836	204.136719	205.559896	E6	69	80	0
1837	204.157552	204.169271	B1	45	80	0
1838	204.164062	204.438802	B2	42	80	0
1839	204.171875	205.289062	E5	47	80	0
1840	204.397135	204.598958	A2	49	80	0
1841	204.402344	204.408854	A1	45	80	0
1842	204.759115	205.598958	G2	54	80	0
1843	204.761719	205.509115	G1	52	80	0
1844	205.433594	205.699219	Eb6	75	80	0
1845	205.445312	205.545573	Eb5	62	80	0
1846	205.687500	205.848958	E6	72	80	0
1847	205.694010	205.848958	E5	66	80	0
1848	205.733073	205.938802	G#2	39	80	0
1849	206.213542	206.813802	F#4	70	80	0
1850	206.230469	206.779948	E4	58	80	0
1851	206.253906	206.848958	C4	46	80	0
1852	206.264323	206.279948	A3	43	80	0
1853	206.272135	207.049479	A2	46	80	0
1854	207.089844	207.639323	F#4	66	80	0
1855	207.104167	207.559896	E4	59	80	0
1856	207.123698	207.419271	Bb2	46	80	0
1857	207.123698	207.500000	C#4	50	80	0
1858	207.769531	208.908854	F#4	52	80	0
1859	207.785156	209.250000	Eb4	37	80	0
1860	207.799479	209.809896	A3	31	80	0
1861	207.824219	209.839844	B1	32	80	0
1862	208.674479	209.218750	A4	50	80	0
1863	209.085938	209.669271	G4	52	80	0
1864	209.533854	209.869792	F#4	42	80	0
1865	210.236979	211.449219	E4	35	80	0
1866	210.251302	211.289062	G4	34	80	0
1867	210.270833	211.089844	G3	26	80	0
1868	210.282552	210.289062	E1	26	80	0
1869	210.283854	211.598958	E2	23	80	0
1870	213.184896	213.272135	G2	34	80	0
1871	213.184896	213.272135	G1	33	80	0
1872	213.190104	213.274740	G3	36	80	0
1873	213.641927	213.938802	G4	49	80	0
1874	213.649740	213.859375	G3	33	80	0
1875	213.652344	213.859375	G2	28	80	0
1876	213.652344	213.959635	G1	31	80	0
1877	214.316406	214.373698	C5	56	80	0
1878	214.325521	214.382812	C4	40	80	0
1879	214.332031	214.390625	C2	38	80	0
1880	214.332031	214.393229	C3	36	80	0
1881	214.739583	214.859375	C5	50	80	0
1882	214.744792	214.856771	C4	39	80	0
1883	214.746094	214.851562	C3	38	80	0
1884	214.752604	214.852865	C2	39	80	0
1885	215.380208	215.424479	G4	56	80	0
1886	215.384115	215.455729	G2	45	80	0
1887	215.384115	215.468750	G3	47	80	0
1888	215.384115	215.430990	G5	64	80	0
1889	215.765625	215.839844	G2	42	80	0
1890	215.766927	215.875000	G5	66	80	0
1891	215.769531	215.855469	G4	61	80	0
1892	216.415365	216.488281	C6	70	80	0
1893	216.416667	216.470052	C5	59	80	0
1894	216.423177	216.488281	C3	47	80	0
1895	216.830729	217.158854	C6	64	80	0
1896	216.834635	217.069010	C5	58	80	0
1897	216.858073	217.024740	C3	36	80	0
1898	216.864583	216.869792	C2	34	80	0
1899	217.526042	217.639323	F6	95	80	0
1900	217.533854	217.688802	B3	69	80	0
1901	217.533854	217.574219	F5	93	80	0
1902	217.533854	217.579427	G4	86	80	0
1903	217.540365	217.658854	D4	65	80	0
1904	217.542969	217.789062	F4	75	80	0
1905	217.897135	218.679688	F6	86	80	0
1906	217.901042	218.009115	G4	85	80	0
1907	217.903646	218.009115	B3	72	80	0
1908	217.904948	218.259115	D4	80	80	0
1909	217.904948	218.289062	F4	75	80	0
1910	217.906250	218.539062	F5	83	80	0
1911	218.600260	218.708333	E6	71	80	0
1912	218.694010	218.829427	D6	72	80	0
1913	218.789062	218.855469	C6	73	80	0
1914	218.876302	218.944010	B5	68	80	0
1915	218.972656	219.067708	A5	80	80	0
1916	219.055990	219.125000	G5	83	80	0
1917	219.130208	219.194010	F5	69	80	0
1918	219.204427	219.278646	E5	73	80	0
1919	219.289062	219.343750	D5	77	80	0
1920	219.345052	219.419271	C5	68	80	0
1921	219.421875	219.476562	B4	64	80	0
1922	219.489583	219.566406	A4	65	80	0
1923	219.565104	219.621094	G4	74	80	0
1924	219.625000	219.694010	F4	61	80	0
1925	219.704427	219.774740	E4	68	80	0
1926	219.778646	219.843750	D4	71	80	0
1927	219.846354	219.919271	C4	57	80	0
1928	219.914062	219.964844	B3	72	80	0
1929	219.994792	220.109375	A3	66	80	0
1930	220.054688	220.113281	G3	71	80	0
1931	220.130208	220.209635	F#3	74	80	0
1932	220.212240	220.265625	G3	76	80	0
1933	220.824219	220.897135	F4	78	80	0
1934	220.826823	220.884115	G3	79	80	0
1935	220.829427	220.895833	D4	79	80	0
1936	220.834635	220.891927	B2	76	80	0
1937	220.835938	220.894531	B1	75	80	0
1938	221.226562	221.285156	E4	76	80	0
1939	221.231771	221.294271	C4	74	80	0
1940	221.234375	221.282552	G3	75	80	0
1941	221.234375	221.250000	E3	77	80	0
1942	221.234375	221.274740	C1	76	80	0
1943	221.234375	221.309896	C2	78	80	0
1944	221.234375	221.289062	C3	78	80	0
1945	221.876302	221.938802	D6	87	80	0
1946	221.876302	221.889323	E4	82	80	0
1947	221.876302	221.967448	G#3	75	80	0
1948	221.877604	221.924479	B5	85	80	0
1949	221.878906	221.916667	D5	85	80	0
1950	221.880208	221.947917	B3	77	80	0
1951	221.882812	221.921875	G#5	89	80	0
1952	221.884115	221.936198	D4	81	80	0
1953	221.884115	221.979167	E3	75	80	0
1954	221.888021	221.929688	E5	79	80	0
1955	222.295573	222.369792	D5	88	80	0
1956	222.302083	222.908854	D4	81	80	0
1957	222.303385	222.908854	G#3	77	80	0
1958	222.304688	222.679688	G#5	90	80	0
1959	222.304688	223.069010	E3	72	80	0
1960	222.304688	222.779948	B3	74	80	0
1961	222.304688	222.369792	E5	85	80	0
1962	222.305990	222.449219	B5	87	80	0
1963	222.664062	222.669271	E2	52	80	0
1964	222.904948	222.967448	C6	67	80	0
1965	222.908854	223.000000	B5	66	80	0
1966	223.007812	223.128906	B5	74	80	0
1967	223.102865	223.174479	A5	71	80	0
1968	223.197917	223.279948	G#5	71	80	0
1969	223.286458	223.369792	F#5	69	80	0
1970	223.369792	223.438802	E5	70	80	0
1971	223.453125	223.529948	D5	70	80	0
1972	223.520833	223.575521	C5	78	80	0
1973	223.604167	223.660156	B4	68	80	0
1974	223.677083	223.730469	A4	58	80	0
1975	223.739583	223.808594	G#4	69	80	0
1976	223.796875	223.838542	F#4	67	80	0
1977	223.860677	223.923177	E4	73	80	0
1978	223.924479	224.079427	D4	63	80	0
1979	223.998698	224.054688	C4	63	80	0
1980	224.083333	224.127604	B3	57	80	0
1981	224.123698	224.259115	A3	62	80	0
1982	224.222656	224.270833	G#3	63	80	0
1983	224.274740	224.322917	F#3	66	80	0
1984	224.342448	224.438802	E3	69	80	0
1985	224.425781	224.519531	Eb3	74	80	0
1986	224.506510	224.565104	E3	78	80	0
1987	225.104167	225.188802	F4	63	80	0
1988	225.104167	225.166667	D4	74	80	0
1989	225.105469	225.166667	B3	67	80	0
1990	225.106771	225.119792	F3	65	80	0
1991	225.111979	225.174479	G#3	64	80	0
1992	225.125000	225.175781	G#1	63	80	0
1993	225.502604	225.656250	C4	70	80	0
1994	225.513021	225.519531	F2	60	80	0
1995	225.514323	225.652344	A1	64	80	0
1996	225.519531	225.662760	A3	69	80	0
1997	225.520833	225.662760	A2	68	80	0
1998	226.334635	226.889323	C6	72	80	0
1999	226.377604	226.908854	F2	36	80	0
2000	226.381510	226.938802	F1	36	80	0
2001	226.382812	226.449219	C5	39	80	0
2002	227.001302	227.759115	C6	71	80	0
2003	227.042969	227.348958	A4	40	80	0
2004	227.042969	229.119792	F2	36	80	0
2005	227.044271	228.799479	F1	36	80	0
2006	227.632812	227.790365	Bb5	60	80	0
2007	227.761719	227.842448	A5	61	80	0
2008	227.854167	227.915365	G5	64	80	0
2009	227.955729	228.139323	F5	53	80	0
2010	228.063802	228.134115	E5	56	80	0
2011	228.174479	228.225260	D5	64	80	0
2012	228.252604	228.295573	C5	55	80	0
2013	228.367188	228.414062	Bb4	53	80	0
2014	228.460938	228.514323	A4	56	80	0
2015	228.545573	228.596354	G4	49	80	0
2016	228.623698	228.697917	F4	45	80	0
2017	228.721354	228.777344	E4	54	80	0
2018	228.807292	229.098958	F1	41	80	0
2019	228.813802	228.865885	D4	55	80	0
2020	228.895833	229.000000	C4	48	80	0
2021	229.000000	229.044271	Bb3	58	80	0
2022	229.104167	229.152344	A3	60	80	0
2023	229.110677	229.289062	F1	44	80	0
2024	229.114583	229.161458	C3	50	80	0
2025	229.126302	229.329427	F2	45	80	0
2026	229.585938	229.869792	A3	43	80	0
2027	229.602865	229.848958	F1	36	80	0
2028	229.606771	229.855469	F2	32	80	0
2029	229.613281	229.859375	C3	33	80	0
2030	230.234375	230.287760	Eb4	50	80	0
2031	230.238281	230.319010	A3	42	80	0
2032	230.242188	230.312500	C3	43	80	0
2033	230.244792	230.329427	F1	45	80	0
2034	230.246094	230.316406	F2	41	80	0
2035	230.653646	230.959635	F2	37	80	0
2036	230.653646	230.979167	Eb4	52	80	0
2037	230.656250	230.949219	F1	43	80	0
2038	230.660156	230.669271	C2	39	80	0
2039	230.666667	230.908854	A3	37	80	0
2040	230.669271	230.878906	C3	38	80	0
2041	231.289062	231.355469	A4	54	80	0
2042	231.302083	231.389323	F#1	47	80	0
2043	231.302083	231.358073	Eb4	44	80	0
2044	231.302083	231.378906	C4	42	80	0
2045	231.303385	231.389323	F#2	46	80	0
2046	231.315104	231.329427	A3	42	80	0
2047	231.700521	231.993490	A4	48	80	0
2048	231.717448	232.009115	F#2	39	80	0
2049	231.722656	231.848958	C3	39	80	0
2050	231.722656	231.990885	Eb4	42	80	0
2051	231.722656	231.989583	F#1	39	80	0
2052	231.723958	231.899740	C4	38	80	0
2053	231.733073	231.959635	A3	41	80	0
2054	232.345052	232.489583	Eb5	61	80	0
2055	232.348958	232.449219	A4	50	80	0
2056	232.351562	232.479167	C5	50	80	0
2057	232.354167	232.359375	C2	41	80	0
2058	232.360677	232.438802	Eb4	43	80	0
2059	232.361979	232.479167	F#2	41	80	0
2060	232.364583	232.438802	C3	39	80	0
2061	232.769531	233.095052	Eb5	61	80	0
2062	232.773438	233.069010	A4	51	80	0
2063	232.774740	233.329427	F#1	39	80	0
2064	232.782552	232.789062	C2	35	80	0
2065	232.785156	233.065104	Eb4	39	80	0
2066	232.785156	233.218750	F#2	39	80	0
2067	232.794271	232.799479	C3	37	80	0
2068	233.475260	233.869792	C6	77	80	0
2069	233.490885	233.899740	A5	64	80	0
2070	233.493490	234.658854	F#1	39	80	0
2071	233.496094	233.869792	F#2	40	80	0
2072	233.502604	233.779948	C5	52	80	0
2073	233.503906	233.699219	A4	48	80	0
2074	233.503906	233.653646	Eb5	49	80	0
2075	233.522135	233.529948	C3	39	80	0
2076	234.016927	234.579427	C6	82	80	0
2077	234.035156	234.628906	A5	68	80	0
2078	234.040365	234.579427	C5	61	80	0
2079	234.042969	234.579427	Eb5	58	80	0
2080	234.078125	234.229167	B1	39	80	0
2081	234.082031	234.089844	B2	41	80	0
2082	234.703125	235.029948	B5	85	80	0
2083	234.714844	234.968750	Eb5	64	80	0
2084	234.714844	235.079427	A5	74	80	0
2085	234.717448	234.968750	B4	59	80	0
2086	235.135417	235.649740	Bb5	86	80	0
2087	235.143229	235.559896	Eb5	65	80	0
2088	235.147135	235.589844	Bb4	70	80	0
2089	235.751302	235.979167	A4	84	80	0
2090	235.751302	236.019531	B5	88	80	0
2091	235.752604	235.970052	B4	84	80	0
2092	235.752604	236.029948	Eb5	85	80	0
2093	235.753906	236.016927	A5	87	80	0
2094	235.753906	235.908854	F#2	65	80	0
2095	235.760417	235.839844	B1	61	80	0
2096	235.765625	235.968750	B2	62	80	0
2097	236.136719	236.908854	B5	92	80	0
2098	236.147135	236.848958	E5	79	80	0
2099	236.147135	236.799479	B4	82	80	0
2100	236.326823	236.384115	B3	68	80	0
2101	236.514323	236.571615	B3	62	80	0
2102	236.518229	236.572917	G3	57	80	0
2103	236.683594	236.726562	G3	58	80	0
2104	236.684896	236.725260	B3	54	80	0
2105	236.833333	236.882812	G3	56	80	0
2106	236.834635	236.919271	B3	56	80	0
2107	236.996094	237.052083	G3	61	80	0
2108	236.996094	237.009115	C2	55	80	0
2109	236.996094	237.009115	B1	53	80	0
2110	236.996094	237.041667	B3	59	80	0
2111	237.152344	238.019531	E6	90	80	0
2112	237.154948	237.899740	E5	89	80	0
2113	237.173177	237.207031	G#3	73	80	0
2114	237.174479	237.319010	B3	63	80	0
2115	237.328125	237.365885	B3	53	80	0
2116	237.332031	237.368490	G#3	57	80	0
2117	237.333333	237.339844	D3	51	80	0
2118	237.507812	237.563802	G#3	61	80	0
2119	237.510417	237.561198	B3	50	80	0
2120	237.677083	237.723958	B3	55	80	0
2121	237.678385	237.717448	G#3	55	80	0
2122	237.835938	237.876302	B3	57	80	0
2123	237.838542	237.878906	G#3	67	80	0
2124	238.003906	238.044271	G#3	72	80	0
2125	238.003906	238.048177	B3	65	80	0
2126	238.160156	238.205729	D4	84	80	0
2127	238.160156	238.213542	E5	85	80	0
2128	238.161458	238.209635	B3	78	80	0
2129	238.162760	238.203125	B4	79	80	0
2130	238.164062	238.216146	G#3	74	80	0
2131	238.325521	238.389323	D4	63	80	0
2132	238.326823	238.369792	E4	57	80	0
2133	238.326823	238.365885	B3	55	80	0
2134	238.330729	238.376302	G#3	56	80	0
2135	238.496094	238.542969	F5	74	80	0
2136	238.496094	238.537760	C5	73	80	0
2137	238.502604	238.542969	C4	70	80	0
2138	238.503906	238.549479	A3	74	80	0
2139	238.506510	238.569010	F4	64	80	0
2140	238.675781	238.723958	C4	56	80	0
2141	238.675781	238.723958	A3	61	80	0
2142	238.675781	238.688802	E3	55	80	0
2143	238.833333	238.868490	A3	66	80	0
2144	238.834635	238.877604	C4	54	80	0
2145	238.992188	239.026042	C4	64	80	0
2146	238.992188	239.031250	A3	64	80	0
2147	239.144531	239.214844	F5	85	80	0
2148	239.164062	239.205729	E4	76	80	0
2149	239.164062	239.205729	C4	65	80	0
2150	239.165365	239.209635	A3	74	80	0
2151	239.166667	239.209635	C5	66	80	0
2152	239.325521	239.419271	A3	68	80	0
2153	239.326823	239.388021	E4	64	80	0
2154	239.326823	239.339844	E3	60	80	0
2155	239.328125	239.382812	C4	60	80	0
2156	239.489583	239.532552	G#5	85	80	0
2157	239.493490	239.528646	D5	76	80	0
2158	239.494792	239.535156	G#4	79	80	0
2159	239.497396	239.545573	D4	68	80	0
2160	239.498698	239.545573	B3	72	80	0
2161	239.666667	239.723958	D4	66	80	0
2162	239.666667	239.714844	B3	56	80	0
2163	239.830729	239.839844	E4	54	80	0
2164	239.834635	239.880208	B3	60	80	0
2165	239.835938	239.881510	D4	63	80	0
2166	239.988281	240.033854	D4	69	80	0
2167	239.992188	240.035156	B3	62	80	0
2168	239.994792	240.000000	E4	61	80	0
2169	240.123698	240.175781	G#5	91	80	0
2170	240.128906	240.183594	D5	80	80	0
2171	240.130208	240.186198	G#4	84	80	0
2172	240.132812	240.188802	E5	78	80	0
2173	240.134115	240.195312	B3	69	80	0
2174	240.135417	240.195312	E4	75	80	0
2175	240.143229	240.204427	D4	72	80	0
2176	240.303385	240.354167	B3	65	80	0
2177	240.304688	240.389323	D4	64	80	0
2178	240.305990	240.355469	E4	61	80	0
2179	240.458333	240.559896	A5	80	80	0
2180	240.462240	240.497396	A4	77	80	0
2181	240.464844	240.549479	E5	73	80	0
2182	240.467448	240.500000	E4	65	80	0
2183	240.467448	240.511719	C4	62	80	0
2184	240.471354	240.479167	F#4	65	80	0
2185	240.638021	240.682292	C4	59	80	0
2186	240.640625	240.686198	E4	60	80	0
2187	240.796875	240.835938	C4	57	80	0
2188	240.802083	240.845052	E4	58	80	0
2189	240.957031	240.997396	C4	62	80	0
2190	240.959635	241.003906	E4	57	80	0
2191	241.098958	241.149740	A5	89	80	0
2192	241.102865	241.147135	E5	84	80	0
2193	241.108073	241.147135	C4	66	80	0
2194	241.110677	241.149740	C5	69	80	0
2195	241.111979	241.119792	A4	74	80	0
2196	241.114583	241.144531	E4	71	80	0
2197	241.264323	241.315104	C#4	70	80	0
2198	241.269531	241.319010	E4	70	80	0
2199	241.432292	241.496094	Bb5	88	80	0
2200	241.433594	241.476562	C#4	65	80	0
2201	241.433594	241.485677	G5	82	80	0
2202	241.434896	241.480469	Bb4	84	80	0
2203	241.436198	241.483073	E5	75	80	0
2204	241.436198	241.480469	E4	74	80	0
2205	241.614583	241.660156	C#4	58	80	0
2206	241.615885	241.665365	E4	65	80	0
2207	241.773438	241.807292	C#4	63	80	0
2208	241.773438	241.811198	E4	60	80	0
2209	241.934896	241.949219	Bb3	47	80	0
2210	241.942708	241.981771	C#4	51	80	0
2211	241.945312	241.989583	E4	45	80	0
2212	242.114583	242.158854	E4	46	80	0
2213	242.115885	242.154948	F#4	45	80	0
2214	242.115885	242.209635	A5	56	80	0
2215	242.118490	242.157552	C#5	49	80	0
2216	242.122396	242.188802	E5	48	80	0
2217	242.291667	242.337240	Bb5	62	80	0
2218	242.292969	242.338542	F#4	52	80	0
2219	242.295573	242.338542	C#5	50	80	0
2220	242.299479	242.335938	E5	51	80	0
2221	242.442708	242.490885	Bb5	67	80	0
2222	242.451823	242.492188	C#5	56	80	0
2223	242.453125	242.494792	E5	58	80	0
2224	242.458333	242.502604	F#4	46	80	0
2225	242.606771	242.664062	Bb5	70	80	0
2226	242.606771	242.657552	C#5	56	80	0
2227	242.625000	242.658854	E5	55	80	0
2228	242.630208	242.665365	F#4	49	80	0
2229	242.770833	242.826823	Bb5	67	80	0
2230	242.773438	242.822917	C#5	58	80	0
2231	242.777344	242.824219	E5	62	80	0
2232	242.796875	242.859375	F#4	51	80	0
2233	242.938802	242.988281	C#5	66	80	0
2234	242.942708	242.993490	Bb5	74	80	0
2235	242.954427	242.992188	F#4	61	80	0
2236	242.954427	242.989583	E5	67	80	0
2237	243.104167	243.166667	Bb5	80	80	0
2238	243.111979	243.157552	C#5	69	80	0
2239	243.114583	243.162760	E5	70	80	0
2240	243.132812	243.164062	F#4	60	80	0
2241	243.135417	243.149740	B3	45	80	0
2242	243.274740	243.334635	Bb5	70	80	0
2243	243.274740	243.326823	C#5	64	80	0
2244	243.277344	243.328125	E5	75	80	0
2245	243.283854	243.326823	F#4	64	80	0
2246	243.436198	243.502604	Bb5	74	80	0
2247	243.437500	243.496094	C#5	73	80	0
2248	243.444010	243.496094	E5	76	80	0
2249	243.445312	243.496094	F#4	62	80	0
2250	243.447917	243.459635	B3	54	80	0
2251	243.596354	243.656250	C#5	76	80	0
2252	243.597656	243.654948	F#4	70	80	0
2253	243.598958	243.667969	Bb5	82	80	0
2254	243.604167	243.658854	E5	77	80	0
2255	243.755208	243.808594	F#4	62	80	0
2256	243.756510	243.824219	Bb5	84	80	0
2257	243.757812	243.812500	C#5	69	80	0
2258	243.764323	243.815104	E5	72	80	0
2259	243.916667	243.964844	F#4	59	80	0
2260	243.919271	243.973958	E5	72	80	0
2261	243.921875	243.929688	B4	66	80	0
2262	243.923177	243.986979	B5	74	80	0
2263	244.102865	244.171875	A4	80	80	0
2264	244.105469	244.170573	B5	89	80	0
2265	244.106771	244.171875	B3	67	80	0
2266	244.106771	244.173177	Eb4	66	80	0
2267	244.109375	244.171875	F#4	68	80	0
2268	244.292969	244.355469	F#4	75	80	0
2269	244.292969	244.361979	A4	78	80	0
2270	244.294271	244.365885	Eb4	62	80	0
2271	244.294271	244.354167	B3	64	80	0
2272	244.294271	244.359375	C6	91	80	0
2273	244.467448	244.479167	B4	76	80	0
2274	244.470052	244.509115	C7	90	80	0
2275	244.472656	244.542969	A4	77	80	0
2276	244.473958	244.527344	F#4	67	80	0
2277	244.473958	244.541667	C6	82	80	0
2278	244.477865	244.549479	B3	62	80	0
2279	244.648438	244.726562	A4	82	80	0
2280	244.649740	244.699219	B3	63	80	0
2281	244.651042	244.733073	C7	89	80	0
2282	244.651042	244.725260	Eb4	69	80	0
2283	244.651042	244.725260	F#4	80	80	0
2284	244.652344	244.743490	C6	85	80	0
2285	244.837240	244.914062	A4	79	80	0
2286	244.837240	244.916667	C7	99	80	0
2287	244.839844	244.912760	F#4	74	80	0
2288	244.843750	244.914062	C6	89	80	0
2289	244.846354	244.928385	B3	59	80	0
2290	245.026042	245.118490	C7	95	80	0
2291	245.027344	245.113281	A4	78	80	0
2292	245.028646	245.119792	C6	89	80	0
2293	245.029948	245.106771	F#4	68	80	0
2294	245.037760	245.117188	Eb4	50	80	0
2295	245.040365	245.119792	B3	55	80	0
2296	245.231771	245.429688	C7	90	80	0
2297	245.231771	245.317708	F#4	64	80	0
2298	245.233073	245.319010	A4	74	80	0
2299	245.234375	245.319010	C6	84	80	0
2300	245.261719	245.335938	B3	48	80	0
2301	245.437500	245.658854	C7	85	80	0
2302	245.441406	245.541667	A4	75	80	0
2303	245.442708	245.559896	C6	80	80	0
2304	245.444010	245.533854	F#4	66	80	0
2305	245.454427	245.468750	B3	51	80	0
2306	245.669271	245.919271	C7	87	80	0
2307	245.673177	245.819010	C6	78	80	0
2308	245.682292	245.761719	F#4	59	80	0
2309	245.682292	245.794271	A4	66	80	0
2310	245.686198	246.089844	Eb4	56	80	0
2311	245.692708	245.699219	B3	44	80	0
2312	245.924479	246.218750	C7	83	80	0
2313	245.927083	246.006510	F#4	44	80	0
2314	245.932292	246.010417	A4	47	80	0
2315	245.933594	246.079427	C6	77	80	0
2316	245.954427	246.029948	B3	42	80	0
2317	246.234375	246.598958	C7	80	80	0
2318	246.243490	246.399740	C6	70	80	0
2319	246.255208	246.459635	A4	54	80	0
2320	246.266927	246.338542	F#4	49	80	0
2321	246.266927	246.279948	B3	44	80	0
2322	246.274740	246.908854	Eb4	50	80	0
2323	246.604167	247.128906	C7	74	80	0
2324	246.614583	246.959635	C6	64	80	0
2325	246.648438	246.869792	A4	46	80	0
2326	246.652344	246.779948	F#4	41	80	0
2327	247.286458	247.579427	C7	79	80	0
2328	247.315104	247.589844	C6	55	80	0
2329	247.445312	247.509115	G4	52	80	0
2330	247.566406	247.639323	B4	50	80	0
2331	247.570312	247.632812	B3	47	80	0
2332	247.673177	247.759115	G4	47	80	0
2333	247.800781	248.819010	B6	80	80	0
2334	247.824219	249.509115	B5	70	80	0
2335	247.898438	248.348958	A4	54	80	0
2336	248.014323	248.098958	B3	56	80	0
2337	248.183594	248.242188	G3	54	80	0
2338	248.282552	248.339844	B4	59	80	0
2339	248.377604	248.479167	B3	55	80	0
2340	248.455729	248.658854	B4	53	80	0
2341	248.459635	248.539062	G4	48	80	0
2342	248.585938	248.718750	E4	50	80	0
2343	248.686198	248.751302	G4	61	80	0
2344	248.794271	248.889323	B3	54	80	0
2345	248.871094	248.949219	G4	56	80	0
2346	248.915365	251.639323	E6	89	80	0
2347	248.947917	251.169271	E5	63	80	0
2348	248.959635	249.059896	F#3	58	80	0
2349	249.066406	249.199219	A4	57	80	0
2350	249.154948	249.214844	B3	50	80	0
2351	249.243490	249.579427	A4	58	80	0
2352	249.311198	249.364583	G3	67	80	0
2353	249.406250	249.549479	B4	59	80	0
2354	249.492188	249.553385	B3	55	80	0
2355	249.563802	249.848958	B4	57	80	0
2356	249.688802	249.746094	E3	59	80	0
2357	249.692708	249.699219	G4	50	80	0
2358	249.785156	249.848958	G4	62	80	0
2359	249.884115	249.936198	B3	54	80	0
2360	249.955729	250.069010	G4	56	80	0
2361	250.053385	251.789062	B5	89	80	0
2362	250.079427	250.089844	G3	58	80	0
2363	250.089844	250.449219	B4	61	80	0
2364	250.183594	250.329427	A4	58	80	0
2365	250.256510	250.315104	B3	70	80	0
2366	250.343750	250.509115	A4	64	80	0
2367	250.424479	250.476562	G3	65	80	0
2368	250.531250	250.587240	B4	66	80	0
2369	250.613281	250.619792	F#5	54	80	0
2370	250.615885	250.665365	B3	57	80	0
2371	250.691406	251.229167	B4	65	80	0
2372	250.723958	250.729167	G3	46	80	0
2373	250.815104	250.873698	E3	57	80	0
2374	250.901042	250.967448	G4	64	80	0
2375	251.001302	251.050781	B3	60	80	0
2376	251.074219	251.169271	G4	65	80	0
2377	251.175781	251.225260	F#3	69	80	0
2378	251.175781	251.369792	E5	80	80	0
2379	251.285156	251.408854	A4	60	80	0
2380	251.381510	252.500000	E5	59	80	0
2381	251.382812	251.489583	B3	63	80	0
2382	251.468750	251.718750	A4	58	80	0
2383	251.546875	251.593750	G3	57	80	0
2384	251.649740	251.703125	B4	63	80	0
2385	251.716146	251.765625	B3	52	80	0
2386	251.813802	251.979167	B4	59	80	0
2387	251.915365	252.069010	A3	58	80	0
2388	251.946615	251.959635	G4	46	80	0
2389	252.026042	252.083333	G4	56	80	0
2390	252.096354	252.165365	E4	60	80	0
2391	252.212240	252.257812	G4	61	80	0
2392	252.277344	252.579427	C5	80	80	0
2393	252.283854	252.419271	Bb3	64	80	0
2394	252.401042	252.463542	G4	56	80	0
2395	252.481771	252.553385	E4	59	80	0
2396	252.597656	252.669271	G4	56	80	0
2397	252.664062	252.949219	B4	80	80	0
2398	252.768229	252.843750	G4	65	80	0
2399	252.861979	252.944010	E4	57	80	0
2400	252.993490	253.089844	G4	55	80	0
2401	253.054688	253.688802	B4	73	80	0
2402	253.183594	253.261719	G4	64	80	0
2403	253.250000	253.330729	E4	63	80	0
2404	253.253906	253.322917	B3	47	80	0
2405	253.364583	253.423177	G4	61	80	0
2406	253.441406	253.639323	B3	59	80	0
2407	253.536458	253.611979	G4	64	80	0
2408	253.598958	253.653646	E4	58	80	0
2409	253.704427	253.829427	G4	56	80	0
2410	253.782552	254.169271	Eb5	81	80	0
2411	253.805990	254.009115	B3	53	80	0
2412	253.889323	253.988281	A4	66	80	0
2413	253.996094	254.062500	F#4	62	80	0
2414	254.216146	254.348958	E2	64	80	0
2415	254.225260	254.519531	E5	63	80	0
2416	254.375000	254.429688	G3	57	80	0
2417	254.410156	254.549479	C5	65	80	0
2418	254.475260	254.552083	B2	61	80	0
2419	254.565104	254.598958	G3	58	80	0
2420	254.666667	254.739583	F#2	69	80	0
2421	254.673177	255.218750	C6	93	80	0
2422	254.773438	254.833333	A3	66	80	0
2423	254.871094	254.934896	B2	63	80	0
2424	254.871094	255.179688	C5	63	80	0
2425	254.988281	255.033854	A3	61	80	0
2426	254.990885	255.000000	A4	64	80	0
2427	255.036458	255.049479	G1	63	80	0
2428	255.039062	255.134115	G2	65	80	0
2429	255.152344	255.339844	B4	58	80	0
2430	255.238281	255.316406	B2	60	80	0
2431	255.259115	255.333333	B5	72	80	0
2432	255.423177	255.589844	B4	60	80	0
2433	255.424479	255.490885	E2	62	80	0
2434	255.609375	255.721354	B2	60	80	0
2435	255.613281	255.829427	B5	84	80	0
2436	255.787760	255.861979	F#2	69	80	0
2437	255.832031	256.479167	F#5	80	80	0
2438	255.902344	256.029948	A3	59	80	0
2439	255.980469	256.115885	B2	65	80	0
2440	256.071615	256.079427	G3	54	80	0
2441	256.171875	256.225260	G2	59	80	0
2442	256.266927	256.339844	B2	52	80	0
2443	256.348958	256.468750	B2	57	80	0
2444	256.404948	256.519531	E5	69	80	0
2445	256.436198	256.489583	B3	56	80	0
2446	256.557292	256.617188	E2	63	80	0
2447	256.658854	256.759115	G4	64	80	0
2448	256.661458	256.718750	G3	66	80	0
2449	256.753906	256.968750	E5	76	80	0
2450	256.763021	256.825521	B2	63	80	0
2451	256.856771	256.914062	G3	68	80	0
2452	256.858073	256.968750	G4	67	80	0
2453	256.951823	257.019531	F#2	64	80	0
2454	256.972656	257.239583	C5	81	80	0
2455	257.065104	257.122396	A3	56	80	0
2456	257.070312	257.128906	A4	62	80	0
2457	257.148438	257.204427	B2	62	80	0
2458	257.244792	257.294271	A3	70	80	0
2459	257.244792	257.319010	A4	70	80	0
2460	257.325521	257.339844	G1	66	80	0
2461	257.330729	257.407552	G2	65	80	0
2462	257.434896	257.559896	B3	54	80	0
2463	257.507812	257.576823	B2	55	80	0
2464	257.549479	257.699219	B4	72	80	0
2465	257.597656	257.679688	G3	51	80	0
2466	257.725260	257.848958	E2	62	80	0
2467	257.828125	258.139323	G4	52	80	0
2468	257.830729	257.884115	G3	51	80	0
2469	257.906250	258.069010	B4	69	80	0
2470	257.929688	258.089844	B2	54	80	0
2471	258.000000	258.128906	G3	52	80	0
2472	258.104167	258.180990	F#2	65	80	0
2473	258.109375	258.438802	F#4	63	80	0
2474	258.214844	258.264323	A3	58	80	0
2475	258.319010	258.419271	B2	60	80	0
2476	258.381510	258.500000	A3	67	80	0
2477	258.472656	258.479167	G1	66	80	0
2478	258.473958	258.699219	G2	71	80	0
2479	258.579427	258.699219	B3	62	80	0
2480	258.683594	258.774740	B2	54	80	0
2481	258.688802	258.763021	E4	64	80	0
2482	258.878906	259.098958	A2	60	80	0
2483	258.914062	259.299479	E4	66	80	0
2484	258.985677	259.079427	G3	57	80	0
2485	259.083333	259.144531	E3	57	80	0
2486	259.178385	259.226562	G3	64	80	0
2487	259.256510	259.750000	C4	66	80	0
2488	259.261719	259.500000	Bb2	66	80	0
2489	259.356771	259.425781	G3	65	80	0
2490	259.559896	259.610677	G3	55	80	0
2491	259.605469	259.779948	B3	63	80	0
2492	259.631510	259.700521	B2	66	80	0
2493	259.735677	259.790365	G3	63	80	0
2494	259.796875	259.869792	E2	56	80	0
2495	259.809896	259.908854	E3	62	80	0
2496	259.903646	259.970052	G3	60	80	0
2497	259.993490	260.199219	B2	67	80	0
2498	260.208333	260.408854	B2	55	80	0
2499	260.209635	260.429688	G3	66	80	0
2500	260.371094	260.579427	E3	66	80	0
2501	260.529948	260.729167	C3	72	80	0
2502	260.716146	260.968750	B2	68	80	0
2503	260.721354	261.079427	B1	69	80	0
2504	260.889323	261.089844	Eb3	72	80	0
2505	261.062500	261.239583	E2	72	80	0
2506	261.066406	261.239583	E3	73	80	0
2507	261.243490	261.291667	F#3	80	80	0
2508	261.243490	261.294271	F#2	76	80	0
2509	261.403646	261.453125	G2	82	80	0
2510	261.403646	261.449219	G1	75	80	0
2511	261.404948	261.446615	G3	85	80	0
2512	261.585938	261.658854	A2	81	80	0
2513	261.585938	261.649740	A3	85	80	0
2514	261.764323	262.789062	B2	90	80	0
2515	261.764323	262.229167	B3	95	80	0
2516	262.160156	262.669271	E4	93	80	0
2517	262.173177	262.769531	C4	79	80	0
2518	263.375000	264.269531	F4	65	80	0
2519	263.406250	264.348958	C4	49	80	0
2520	263.408854	264.259115	A2	47	80	0
2521	263.411458	263.419271	B2	45	80	0
2522	264.109375	265.359375	C5	75	80	0
2523	264.571615	265.319010	A4	46	80	0
2524	264.575521	265.079427	F#4	42	80	0
2525	264.604167	264.619792	B1	33	80	0
2526	264.605469	265.289062	Eb4	42	80	0
2527	264.610677	264.949219	B2	29	80	0
2528	265.277344	265.479167	B4	55	80	0
2529	265.644531	265.703125	E1	68	80	0
2530	265.644531	265.709635	E2	63	80	0
2531	265.834635	265.884115	F#2	73	80	0
2532	265.835938	265.884115	F#1	70	80	0
2533	266.006510	266.050781	G2	84	80	0
2534	266.009115	266.054688	G1	77	80	0
2535	266.171875	266.259115	A1	86	80	0
2536	266.173177	266.214844	A2	86	80	0
2537	266.355469	267.569010	B2	89	80	0
2538	266.356771	268.269531	B1	88	80	0
2539	266.828125	267.489583	E3	82	80	0
2540	266.835938	267.098958	C3	74	80	0
2541	268.174479	269.098958	F1	49	80	0
2542	268.174479	269.529948	F3	47	80	0
2543	268.179688	268.848958	A1	51	80	0
2544	268.223958	269.319010	C3	39	80	0
2545	269.058594	270.209635	C4	59	80	0
2546	269.593750	270.529948	A3	39	80	0
2547	269.614583	270.799479	Eb3	35	80	0
2548	270.533854	271.059896	B3	34	80	0
2549	272.023438	273.589844	C4	51	80	0
2550	272.604167	273.479167	G3	28	80	0
2551	272.614583	272.959635	E1	31	80	0
2552	272.617188	273.576823	E2	24	80	0
2553	272.634115	273.579427	B2	23	80	0
2554	273.513021	273.825521	B3	33	80	0
2555	274.950521	275.989583	C4	52	80	0
2556	275.524740	276.908854	A3	40	80	0
2557	275.548177	276.509115	F#3	34	80	0
2558	275.589844	276.938802	B1	34	80	0
2559	276.381510	277.019531	Eb4	57	80	0
2560	276.933594	277.399740	E4	38	80	0
2561	276.972656	277.069010	G3	27	80	0
2562	276.977865	277.255208	E2	28	80	0
2563	277.803385	278.718750	C5	58	80	0
2564	278.375000	279.438802	A4	39	80	0
2565	278.401042	279.089844	F#4	26	80	0
2566	278.416667	278.819010	B2	25	80	0
2567	278.421875	279.468750	Eb4	26	80	0
2568	279.360677	279.699219	B4	39	80	0
2569	280.639323	281.628906	C5	59	80	0
2570	281.226562	282.059896	G4	39	80	0
2571	281.244792	282.139323	E4	32	80	0
2572	281.255208	281.609375	B3	25	80	0
2573	281.259115	281.869792	E3	27	80	0
2574	282.164062	283.419271	B4	31	80	0
2575	283.455729	285.039062	C5	53	80	0
2576	284.020833	284.989583	A4	38	80	0
2577	284.027344	285.009115	F#4	30	80	0
2578	284.063802	284.438802	B2	19	80	0
2579	284.915365	285.500000	Eb5	52	80	0
2580	285.481771	286.239583	E5	42	80	0
2581	285.515625	285.968750	G4	26	80	0
2582	286.510417	287.199219	C6	70	80	0
2583	287.165365	288.579427	A5	44	80	0
2584	287.170573	290.359375	F#5	42	80	0
2585	287.184896	289.598958	B4	38	80	0
2586	287.186198	288.799479	Eb5	38	80	0
2587	288.411458	289.229167	B5	38	80	0
2588	289.535156	290.669271	C5	52	80	0
2589	290.713542	291.049479	B4	37	80	0
2590	291.315104	291.979167	F#5	54	80	0
2591	291.352865	291.938802	Eb5	40	80	0
2592	291.361979	292.009115	A4	33	80	0
2593	291.365885	291.859375	F#4	29	80	0
2594	291.933594	292.259115	G5	55	80	0
2595	291.950521	292.279948	E5	41	80	0
2596	291.955729	292.139323	G4	32	80	0
2597	291.962240	292.037760	E4	30	80	0
2598	292.645833	292.919271	F#5	56	80	0
2599	292.675781	292.785156	A4	30	80	0
2600	292.675781	292.757812	F#4	30	80	0
2601	292.677083	292.774740	Eb5	40	80	0
2602	292.901042	293.119792	E5	48	80	0
2603	292.934896	293.040365	G4	36	80	0
2604	293.506510	293.908854	A5	55	80	0
2605	293.528646	293.789062	D5	33	80	0
2606	293.529948	293.750000	F#4	29	80	0
2607	293.532552	293.759115	D4	28	80	0
2608	293.533854	293.949219	F#5	41	80	0
2609	293.535156	293.829427	A4	31	80	0
2610	294.483073	295.039062	A5	56	80	0
2611	294.494792	295.039062	D5	44	80	0
2612	294.498698	295.059896	F#5	46	80	0
2613	295.216146	296.188802	A5	58	80	0
2614	295.238281	296.128906	F#5	41	80	0
2615	295.253906	295.709635	D5	30	80	0
2616	295.253906	295.739583	C5	29	80	0
2617	296.106771	296.304688	G5	60	80	0
2618	296.125000	296.369792	B4	40	80	0
2619	296.125000	296.339844	D5	36	80	0
2620	296.404948	297.019531	A5	54	80	0
2621	296.416667	297.179688	F#5	49	80	0
2622	296.453125	297.029948	C5	33	80	0
2623	296.457031	296.750000	A4	33	80	0
2624	297.174479	297.609375	B5	52	80	0
2625	297.183594	297.639323	G5	44	80	0
2626	297.196615	297.559896	G4	37	80	0
2627	297.204427	297.579427	B4	37	80	0
2628	298.375000	298.699219	B5	55	80	0
2629	298.395833	298.829427	G5	46	80	0
2630	299.165365	299.789062	B5	51	80	0
2631	299.195312	299.727865	G5	40	80	0
2632	300.324219	300.889323	A5	53	80	0
2633	300.330729	300.859375	F#5	42	80	0
2634	300.803385	301.109375	B5	42	80	0
2635	300.815104	302.019531	G5	44	80	0
2636	300.825521	301.209635	E5	31	80	0
2637	302.044271	303.218750	C6	43	80	0
2638	302.069010	303.649740	A5	35	80	0
2639	302.075521	303.509115	Eb5	27	80	0
2640	305.973958	307.739583	E6	66	80	0
2641	306.001302	307.209635	E5	44	80	0
2642	306.723958	308.188802	G2	29	80	0
2643	306.733073	307.809896	E3	25	80	0
2644	306.733073	306.959635	B3	27	80	0
2645	306.738281	306.750000	G3	26	80	0
2646	307.531250	307.899740	Eb6	61	80	0
2647	307.544271	307.779948	Eb5	50	80	0
2648	307.752604	307.919271	E6	59	80	0
2649	307.755208	307.919271	E5	58	80	0
2650	308.375000	309.089844	F#4	47	80	0
2651	308.381510	308.959635	E4	45	80	0
2652	308.395833	309.029948	C4	37	80	0
2653	308.403646	309.029948	A2	40	80	0
2654	309.286458	309.709635	F#4	52	80	0
2655	309.295573	309.628906	E4	51	80	0
2656	309.298177	309.619792	C#4	48	80	0
2657	309.302083	309.649740	Bb2	44	80	0
2658	309.846354	310.779948	F#4	51	80	0
2659	309.846354	311.319010	A2	41	80	0
2660	309.854167	310.979167	Eb4	45	80	0
2661	309.871094	311.089844	B3	38	80	0
2662	309.872396	309.878906	B2	34	80	0
2663	310.506510	310.755208	G4	57	80	0
2664	310.733073	311.079427	A4	51	80	0
2665	310.946615	311.289062	G4	49	80	0
2666	311.231771	311.819010	F#4	43	80	0
2667	311.259115	311.269531	G3	34	80	0
2668	311.266927	311.759115	C3	32	80	0
2669	311.712240	311.718750	G4	39	80	0
2670	311.713542	311.889323	E4	46	80	0
2671	311.723958	311.809896	G3	31	80	0
2672	312.174479	312.369792	B2	40	80	0
2673	312.177083	312.669271	B1	45	80	0
2674	312.180990	313.309896	E6	68	80	0
2675	312.195312	312.750000	E5	54	80	0
2676	312.430990	312.549479	A2	52	80	0
2677	312.434896	312.779948	A1	50	80	0
2678	312.739583	313.609375	G1	45	80	0
2679	312.743490	313.269531	G2	45	80	0
2680	312.763021	313.158854	E5	46	80	0
2681	313.473958	313.789062	Eb6	65	80	0
2682	313.493490	313.709635	Eb5	53	80	0
2683	313.751302	313.919271	E6	61	80	0
2684	313.752604	313.989583	G#2	49	80	0
2685	313.755208	314.299479	G#1	45	80	0
2686	313.772135	313.929688	E5	53	80	0
2687	314.375000	314.782552	F#4	49	80	0
2688	314.380208	315.239583	A1	40	80	0
2689	314.382812	314.789062	A2	40	80	0
2690	314.385417	314.809896	E4	42	80	0
2691	314.386719	314.829427	C4	37	80	0
2692	315.231771	315.669271	F#4	55	80	0
2693	315.246094	315.649740	E4	54	80	0
2694	315.260417	315.639323	C#4	45	80	0
2695	315.274740	315.569010	Bb2	34	80	0
2696	315.274740	315.589844	Bb1	33	80	0
2697	315.873698	316.929688	F#4	46	80	0
2698	315.902344	317.269531	B1	33	80	0
2699	315.910156	317.039062	Eb4	34	80	0
2700	316.744792	317.269531	A4	44	80	0
2701	317.074219	317.399740	G4	41	80	0
2702	317.377604	317.835938	F#4	41	80	0
2703	317.802083	318.479167	G4	30	80	0
2704	317.804688	318.679688	E4	27	80	0
2705	317.813802	318.709635	E2	22	80	0
2706	317.815104	317.829427	E1	29	80	0
#SusPed	0.417969	61	0
#SusPed	0.959635	0	0
#SusPed	0.973958	72	0
#SusPed	1.009115	0	0
#SusPed	1.023438	78	0
#SusPed	1.319010	0	0
#SusPed	1.330729	77	0
#SusPed	1.559896	0	0
#SusPed	1.565104	69	0
#SusPed	2.109375	0	0
#SusPed	2.122396	55	0
#SofPed	2.391927	44	0
#SofPed	2.579427	0	0
#SofPed	2.593750	81	0
#SofPed	2.619792	0	0
#SofPed	2.625000	86	0
#SofPed	2.709635	0	0
#SusPed	2.718750	0	0
#SofPed	2.723958	90	0
#SusPed	2.731771	67	0
#SofPed	3.000000	0	0
#SofPed	3.007812	84	0
#SusPed	3.069010	0	0
#SusPed	3.083333	46	0
#SofPed	3.119792	0	0
#SofPed	3.131510	72	0
#SusPed	3.250000	0	0
#SusPed	3.261719	66	0
#SofPed	3.329427	0	0
#SofPed	3.339844	47	0
#SofPed	3.649740	0	0
#SofPed	3.664062	64	0
#SusPed	3.759115	0	0
#SusPed	3.773438	74	0
#SusPed	3.949219	0	0
#SusPed	3.955729	69	0
#SusPed	4.169271	0	0
#SusPed	4.183594	58	0
#SusPed	4.378906	0	0
#SusPed	4.390625	73	0
#SofPed	4.449219	0	0
#SofPed	4.454427	52	0
#SofPed	4.589844	0	0
#SofPed	4.604167	51	0
#SusPed	4.609375	0	0
#SusPed	4.618490	69	0
#SusPed	4.929688	0	0
#SusPed	4.942708	55	0
#SofPed	5.309896	0	0
#SofPed	5.315104	49	0
#SusPed	5.419271	0	0
#SusPed	5.433594	68	0
#SusPed	5.799479	0	0
#SusPed	5.804688	64	0
#SusPed	5.949219	0	0
#SusPed	5.963542	43	0
#SofPed	6.169271	0	0
#SofPed	6.182292	27	0
#SofPed	6.359375	0	0
#SofPed	6.372396	26	0
#SofPed	6.509115	0	0
#SofPed	6.523438	21	0
#SusPed	6.529948	0	0
#SusPed	6.535156	79	0
#SusPed	6.658854	0	0
#SofPed	6.669271	0	0
#SusPed	6.671875	62	0
#SofPed	6.683594	23	0
#SofPed	6.878906	0	0
#SofPed	6.893229	36	0
#SofPed	6.949219	0	0
#SofPed	6.954427	47	0
#SofPed	7.128906	0	0
#SofPed	7.135417	71	0
#SusPed	7.250000	0	0
#SusPed	7.261719	66	0
#SofPed	7.279948	0	0
#SofPed	7.290365	86	0
#SusPed	7.559896	0	0
#SusPed	7.563802	62	0
#SofPed	7.579427	0	0
#SofPed	7.592448	87	0
#SusPed	7.899740	0	0
#SusPed	7.912760	66	0
#SofPed	7.949219	0	0
#SofPed	7.954427	64	0
#SofPed	8.229167	0	0
#SofPed	8.242188	71	0
#SusPed	8.309896	0	0
#SofPed	8.319010	0	0
#SusPed	8.322917	61	0
#SofPed	8.328125	80	0
#SofPed	8.378906	0	0
#SofPed	8.388021	90	0
#SofPed	8.449219	0	0
#SofPed	8.455729	97	0
#SusPed	8.549479	0	0
#SofPed	8.559896	0	0
#SusPed	8.559896	69	0
#SofPed	8.567708	101	0
#SusPed	8.859375	0	0
#SusPed	8.865885	66	0
#SofPed	8.938802	0	0
#SofPed	8.947917	103	0
#SusPed	9.059896	0	0
#SusPed	9.066406	66	0
#SofPed	9.128906	0	0
#SofPed	9.141927	97	0
#SusPed	9.589844	0	0
#SusPed	9.595052	74	0
#SofPed	9.739583	0	0
#SofPed	9.753906	105	0
#SofPed	9.848958	0	0
#SofPed	9.861979	98	0
#SusPed	10.000000	0	0
#SusPed	10.011719	70	0
#SusPed	10.299479	0	0
#SusPed	10.311198	67	0
#SofPed	10.688802	0	0
#SofPed	10.695312	83	0
#SofPed	11.169271	0	0
#SofPed	11.174479	86	0
#SusPed	11.378906	0	0
#SusPed	11.385417	66	0
#SofPed	11.579427	0	0
#SofPed	11.584635	102	0
#SusPed	11.609375	0	0
#SusPed	11.615885	59	0
#SofPed	11.799479	0	0
#SofPed	11.804688	106	0
#SofPed	12.049479	0	0
#SofPed	12.063802	98	0
#SusPed	12.139323	0	0
#SusPed	12.153646	68	0
#SusPed	12.449219	0	0
#SusPed	12.455729	74	0
#SofPed	12.479167	0	0
#SofPed	12.486979	91	0
#SofPed	12.639323	0	0
#SofPed	12.653646	97	0
#SusPed	12.829427	0	0
#SusPed	12.841146	55	0
#SusPed	12.899740	0	0
#SusPed	12.908854	58	0
#SusPed	14.619792	0	0
#SusPed	14.627604	61	0
#SusPed	15.259115	0	0
#SusPed	15.266927	59	0
#SusPed	16.169271	0	0
#SusPed	16.175781	65	0
#SusPed	16.279948	0	0
#SusPed	16.292969	60	0
#SusPed	16.718750	0	0
#SusPed	16.729167	54	0
#SofPed	17.500000	0	0
#SusPed	17.579427	0	0
#SusPed	17.591146	63	0
#SusPed	17.679688	0	0
#SusPed	17.684896	60	0
#SusPed	18.109375	0	0
#SusPed	18.123698	60	0
#SusPed	18.169271	0	0
#SusPed	18.174479	55	0
#SusPed	18.679688	0	0
#SusPed	18.687500	58	0
#SusPed	19.139323	0	0
#SusPed	19.149740	71	0
#SusPed	19.359375	0	0
#SusPed	19.372396	73	0
#SusPed	19.429688	0	0
#SusPed	19.436198	72	0
#SusPed	19.649740	0	0
#SusPed	19.661458	82	0
#SusPed	20.628906	0	0
#SusPed	20.644531	68	0
#SusPed	21.098958	0	0
#SusPed	21.110677	72	0
#SusPed	21.729167	0	0
#SusPed	21.742188	77	0
#SusPed	21.878906	0	0
#SusPed	21.885417	79	0
#SofPed	23.571615	93	0
#SusPed	23.929688	0	0
#SofPed	23.938802	0	0
#SusPed	23.942708	68	0
#SofPed	23.945312	87	0
#SofPed	24.188802	0	0
#SofPed	24.194010	108	0
#SusPed	24.279948	0	0
#SusPed	24.294271	76	0
#SusPed	26.419271	0	0
#SusPed	26.428385	88	0
#SusPed	26.688802	0	0
#SusPed	26.695312	85	0
#SusPed	27.819010	0	0
#SusPed	27.832031	66	0
#SofPed	28.039062	0	0
#SofPed	28.054688	43	0
#SofPed	28.188802	0	0
#SofPed	28.199219	38	0
#SofPed	28.250000	0	0
#SofPed	28.263021	39	0
#SusPed	28.389323	0	0
#SusPed	28.395833	84	0
#SusPed	28.459635	0	0
#SusPed	28.472656	78	0
#SofPed	28.750000	0	0
#SofPed	28.763021	67	0
#SofPed	28.839844	0	0
#SofPed	28.850260	69	0
#SusPed	29.119792	0	0
#SofPed	29.119792	0	0
#SusPed	29.127604	71	0
#SofPed	29.134115	84	0
#SofPed	29.348958	0	0
#SofPed	29.355469	94	0
#SusPed	29.369792	0	0
#SusPed	29.375000	71	0
#SusPed	29.669271	0	0
#SusPed	29.682292	72	0
#SusPed	30.289062	0	0
#SusPed	30.298177	83	0
#SusPed	30.899740	0	0
#SusPed	30.904948	73	0
#SusPed	31.039062	0	0
#SusPed	31.046875	68	0
#SusPed	32.489583	0	0
#SusPed	32.503906	74	0
#SusPed	32.809896	0	0
#SusPed	32.815104	67	0
#SusPed	33.389323	0	0
#SusPed	33.403646	81	0
#SusPed	33.468750	0	0
#SusPed	33.481771	64	0
#SofPed	33.699219	0	0
#SofPed	33.704427	84	0
#SusPed	34.059896	0	0
#SusPed	34.065104	68	0
#SofPed	34.109375	0	0
#SofPed	34.117188	108	0
#SusPed	34.389323	0	0
#SusPed	34.402344	69	0
#SusPed	35.029948	0	0
#SusPed	35.037760	62	0
#SusPed	35.829427	0	0
#SusPed	35.843750	65	0
#SusPed	36.658854	0	0
#SusPed	36.666667	73	0
#SusPed	37.039062	0	0
#SusPed	37.050781	56	0
#SusPed	37.559896	0	0
#SusPed	37.567708	68	0
#SusPed	39.369792	0	0
#SusPed	39.384115	74	0
#SusPed	39.709635	0	0
#SusPed	39.722656	75	0
#SofPed	40.119792	0	0
#SusPed	40.589844	0	0
#SusPed	40.600260	67	0
#SusPed	40.919271	0	0
#SusPed	40.924479	63	0
#SusPed	41.009115	0	0
#SusPed	41.665365	77	0
#SusPed	42.089844	0	0
#SusPed	42.096354	63	0
#SusPed	42.269531	0	0
#SusPed	42.281250	51	0
#SusPed	42.389323	0	0
#SusPed	42.401042	60	0
#SusPed	42.750000	0	0
#SusPed	42.761719	74	0
#SofPed	42.993490	88	0
#SusPed	43.309896	0	0
#SofPed	43.309896	0	0
#SofPed	43.315104	78	0
#SusPed	43.315104	69	0
#SusPed	43.459635	0	0
#SofPed	43.459635	0	0
#SofPed	43.464844	58	0
#SusPed	43.472656	66	0
#SofPed	43.509115	0	0
#SofPed	43.514323	45	0
#SofPed	43.658854	0	0
#SofPed	43.665365	43	0
#SusPed	43.718750	0	0
#SofPed	43.718750	0	0
#SofPed	43.726562	46	0
#SusPed	43.726562	53	0
#SofPed	43.789062	0	0
#SofPed	43.803385	37	0
#SusPed	43.839844	0	0
#SusPed	43.846354	98	0
#SofPed	44.509115	0	0
#SofPed	44.515625	17	0
#SofPed	44.619792	0	0
#SofPed	44.625000	20	0
#SofPed	44.679688	0	0
#SofPed	44.694010	20	0
#SusPed	44.769531	0	0
#SusPed	44.776042	85	0
#SofPed	44.779948	0	0
#SofPed	44.785156	17	0
#SofPed	44.889323	0	0
#SusPed	44.899740	0	0
#SofPed	44.903646	22	0
#SusPed	44.907552	63	0
#SofPed	45.049479	0	0
#SofPed	45.054688	37	0
#SofPed	45.109375	0	0
#SofPed	45.114583	45	0
#SusPed	45.209635	0	0
#SusPed	45.222656	39	0
#SofPed	45.259115	0	0
#SofPed	45.264323	63	0
#SusPed	45.289062	0	0
#SusPed	45.294271	40	0
#SofPed	45.299479	0	0
#SofPed	45.312500	65	0
#SofPed	45.438802	0	0
#SofPed	45.446615	64	0
#SusPed	45.449219	0	0
#SusPed	45.455729	42	0
#SofPed	45.509115	0	0
#SofPed	45.514323	67	0
#SusPed	45.569010	0	0
#SusPed	45.583333	44	0
#SofPed	45.589844	0	0
#SofPed	45.596354	69	0
#SofPed	45.679688	0	0
#SofPed	45.692708	82	0
#SusPed	45.799479	0	0
#SusPed	45.809896	42	0
#SofPed	45.819010	0	0
#SofPed	45.825521	94	0
#SusPed	45.839844	0	0
#SusPed	45.854167	39	0
#SusPed	46.019531	0	0
#SusPed	46.026042	43	0
#SusPed	46.819010	0	0
#SusPed	46.832031	60	0
#SusPed	47.239583	0	0
#SusPed	47.251302	40	0
#SusPed	47.299479	0	0
#SusPed	47.304688	38	0
#SusPed	47.869792	0	0
#SofPed	47.869792	0	0
#SusPed	47.881510	46	0
#SofPed	47.884115	73	0
#SusPed	47.908854	0	0
#SusPed	47.920573	48	0
#SofPed	47.968750	0	0
#SofPed	47.984375	48	0
#SofPed	48.259115	0	0
#SofPed	48.274740	30	0
#SofPed	48.679688	0	0
#SofPed	48.691406	21	0
#SofPed	48.848958	0	0
#SofPed	48.856771	34	0
#SusPed	48.908854	0	0
#SusPed	48.923177	90	0
#SusPed	49.019531	0	0
#SofPed	49.019531	0	0
#SusPed	49.024740	92	0
#SofPed	49.028646	27	0
#SusPed	49.098958	0	0
#SofPed	49.098958	0	0
#SofPed	49.111979	31	0
#SusPed	49.113281	91	0
#SofPed	49.199219	0	0
#SofPed	49.210938	40	0
#SofPed	49.269531	0	0
#SofPed	49.277344	50	0
#SofPed	49.329427	0	0
#SofPed	49.339844	54	0
#SusPed	49.359375	0	0
#SusPed	49.367188	64	0
#SofPed	49.429688	0	0
#SofPed	49.438802	59	0
#SofPed	49.500000	0	0
#SofPed	49.503906	62	0
#SusPed	49.549479	0	0
#SusPed	49.554688	35	0
#SofPed	49.769531	0	0
#SofPed	49.776042	81	0
#SusPed	49.989583	0	0
#SusPed	49.996094	43	0
#SusPed	50.199219	0	0
#SusPed	50.214844	45	0
#SusPed	50.309896	0	0
#SusPed	50.317708	40	0
#SusPed	50.509115	0	0
#SusPed	50.522135	44	0
#SusPed	51.009115	0	0
#SusPed	51.015625	51	0
#SusPed	51.169271	0	0
#SusPed	51.175781	65	0
#SusPed	51.619792	0	0
#SusPed	51.632812	85	0
#SusPed	51.729167	0	0
#SusPed	51.740885	83	0
#SofPed	51.750000	0	0
#SofPed	51.761719	40	0
#SusPed	53.079427	0	0
#SusPed	53.088542	73	0
#SusPed	54.049479	0	0
#SusPed	54.061198	54	0
#SusPed	54.609375	0	0
#SusPed	54.622396	49	0
#SusPed	54.809896	0	0
#SusPed	54.820312	50	0
#SusPed	55.279948	0	0
#SusPed	55.291667	60	0
#SusPed	55.429688	0	0
#SusPed	55.444010	68	0
#SusPed	56.179688	0	0
#SusPed	56.191406	67	0
#SusPed	56.889323	0	0
#SusPed	56.903646	62	0
#SusPed	57.089844	0	0
#SusPed	57.097656	51	0
#SusPed	57.459635	0	0
#SusPed	57.473958	64	0
#SofPed	57.759115	0	0
#SusPed	57.949219	0	0
#SusPed	57.959635	54	0
#SusPed	58.500000	0	0
#SusPed	58.505208	59	0
#SofPed	58.696615	64	0
#SofPed	59.069010	0	0
#SofPed	59.075521	61	0
#SusPed	59.119792	0	0
#SusPed	59.130208	74	0
#SofPed	59.218750	0	0
#SofPed	59.225260	64	0
#SusPed	59.299479	0	0
#SusPed	59.304688	81	0
#SofPed	59.569010	0	0
#SofPed	59.580729	63	0
#SusPed	59.609375	0	0
#SusPed	59.619792	75	0
#SusPed	59.789062	0	0
#SusPed	59.796875	65	0
#SofPed	60.069010	0	0
#SofPed	60.074219	71	0
#SofPed	60.149740	0	0
#SofPed	60.162760	70	0
#SusPed	60.259115	0	0
#SofPed	60.259115	0	0
#SusPed	60.264323	82	0
#SofPed	60.270833	71	0
#SusPed	60.339844	0	0
#SusPed	60.345052	82	0
#SofPed	60.468750	0	0
#SofPed	60.483073	65	0
#SofPed	60.589844	0	0
#SofPed	60.598958	68	0
#SofPed	60.669271	0	0
#SofPed	60.679688	74	0
#SofPed	60.759115	0	0
#SofPed	60.766927	82	0
#SusPed	60.878906	0	0
#SusPed	60.885417	51	0
#SofPed	60.908854	0	0
#SofPed	60.916667	80	0
#SusPed	61.359375	0	0
#SofPed	61.359375	0	0
#SofPed	61.368490	77	0
#SusPed	61.369792	81	0
#SofPed	61.529948	0	0
#SofPed	61.536458	67	0
#SusPed	61.709635	0	0
#SusPed	61.722656	56	0
#SofPed	61.729167	0	0
#SofPed	61.743490	63	0
#SusPed	61.839844	0	0
#SusPed	61.852865	54	0
#SofPed	61.899740	0	0
#SofPed	61.912760	68	0
#SusPed	62.049479	0	0
#SusPed	62.058594	58	0
#SusPed	62.250000	0	0
#SusPed	62.261719	68	0
#SusPed	62.399740	0	0
#SusPed	62.414062	72	0
#SusPed	62.769531	0	0
#SusPed	62.782552	51	0
#SusPed	63.569010	0	0
#SusPed	63.574219	66	0
#SusPed	63.649740	0	0
#SusPed	63.657552	61	0
#SusPed	63.739583	0	0
#SusPed	63.752604	51	0
#SusPed	64.098958	0	0
#SusPed	64.105469	45	0
#SusPed	65.769531	0	0
#SusPed	65.774740	47	0
#SusPed	66.029948	0	0
#SusPed	66.035156	51	0
#SusPed	66.688802	0	0
#SusPed	66.700521	43	0
#SusPed	66.959635	0	0
#SusPed	66.967448	51	0
#SusPed	67.119792	0	0
#SusPed	67.134115	60	0
#SofPed	67.250000	0	0
#SofPed	67.263021	48	0
#SofPed	67.329427	0	0
#SofPed	67.339844	46	0
#SofPed	67.389323	0	0
#SofPed	67.394531	49	0
#SusPed	67.559896	0	0
#SusPed	67.574219	64	0
#SusPed	67.779948	0	0
#SusPed	67.792969	62	0
#SusPed	67.859375	0	0
#SusPed	67.864583	64	0
#SusPed	67.959635	0	0
#SusPed	67.966146	65	0
#SusPed	68.158854	0	0
#SusPed	68.173177	69	0
#SusPed	68.529948	0	0
#SusPed	68.544271	73	0
#SusPed	68.688802	0	0
#SusPed	68.703125	70	0
#SusPed	68.859375	0	0
#SusPed	68.867188	73	0
#SofPed	69.089844	0	0
#SofPed	69.097656	82	0
#SusPed	69.609375	0	0
#SusPed	69.623698	79	0
#SusPed	69.750000	0	0
#SusPed	69.757812	55	0
#SofPed	70.059896	0	0
#SusPed	70.519531	0	0
#SusPed	70.533854	80	0
#SusPed	72.789062	0	0
#SusPed	72.800781	74	0
#SusPed	72.979167	0	0
#SusPed	72.985677	62	0
#SusPed	73.399740	0	0
#SusPed	73.412760	61	0
#SusPed	73.819010	0	0
#SusPed	73.829427	73	0
#SusPed	73.949219	0	0
#SusPed	73.963542	74	0
#SusPed	74.169271	0	0
#SusPed	74.175781	79	0
#SofPed	74.268229	53	0
#SofPed	74.429688	0	0
#SofPed	74.434896	54	0
#SusPed	74.479167	0	0
#SusPed	74.486979	56	0
#SusPed	74.579427	0	0
#SusPed	74.591146	74	0
#SusPed	74.848958	0	0
#SusPed	74.855469	63	0
#SusPed	75.289062	0	0
#SusPed	75.302083	75	0
#SusPed	75.579427	0	0
#SusPed	75.584635	63	0
#SusPed	75.699219	0	0
#SusPed	75.705729	68	0
#SusPed	76.119792	0	0
#SusPed	76.125000	73	0
#SusPed	76.399740	0	0
#SusPed	76.412760	77	0
#SusPed	76.468750	0	0
#SusPed	76.475260	80	0
#SofPed	76.589844	0	0
#SofPed	76.600260	81	0
#SusPed	76.718750	0	0
#SusPed	76.733073	68	0
#SofPed	76.759115	0	0
#SofPed	76.769531	76	0
#SusPed	76.869792	0	0
#SusPed	76.881510	68	0
#SofPed	77.000000	0	0
#SofPed	77.006510	90	0
#SofPed	77.109375	0	0
#SofPed	77.115885	94	0
#SusPed	77.479167	0	0
#SusPed	77.490885	63	0
#SusPed	77.619792	0	0
#SusPed	77.632812	67	0
#SusPed	77.859375	0	0
#SusPed	77.865885	53	0
#SusPed	77.989583	0	0
#SusPed	78.003906	65	0
#SusPed	78.229167	0	0
#SusPed	78.234375	60	0
#SusPed	78.359375	0	0
#SusPed	78.373698	63	0
#SusPed	78.649740	0	0
#SusPed	78.658854	55	0
#SusPed	78.688802	0	0
#SusPed	78.695312	54	0
#SusPed	78.869792	0	0
#SusPed	78.882812	74	0
#SusPed	78.949219	0	0
#SusPed	78.963542	72	0
#SusPed	79.299479	0	0
#SusPed	79.307292	59	0
#SofPed	79.319010	0	0
#SofPed	79.333333	105	0
#SofPed	79.359375	0	0
#SofPed	79.365885	105	0
#SofPed	79.399740	0	0
#SofPed	79.411458	104	0
#SusPed	79.429688	0	0
#SusPed	79.437500	60	0
#SofPed	79.579427	0	0
#SofPed	79.587240	104	0
#SofPed	79.709635	0	0
#SofPed	79.721354	96	0
#SusPed	79.739583	0	0
#SusPed	79.751302	76	0
#SofPed	79.819010	0	0
#SofPed	79.832031	78	0
#SofPed	79.968750	0	0
#SofPed	79.979167	77	0
#SusPed	80.049479	0	0
#SusPed	80.057292	55	0
#SofPed	80.139323	0	0
#SofPed	80.144531	90	0
#SusPed	80.229167	0	0
#SusPed	80.240885	63	0
#SofPed	80.309896	0	0
#SofPed	80.320312	86	0
#SofPed	80.399740	0	0
#SofPed	80.414062	89	0
#SofPed	80.479167	0	0
#SofPed	80.484375	91	0
#SusPed	80.529948	0	0
#SusPed	80.536458	66	0
#SofPed	80.539062	0	0
#SofPed	80.550781	91	0
#SusPed	80.579427	0	0
#SusPed	80.584635	66	0
#SofPed	80.679688	0	0
#SofPed	80.690104	88	0
#SofPed	80.829427	0	0
#SofPed	80.834635	91	0
#SusPed	80.889323	0	0
#SusPed	80.903646	58	0
#SusPed	80.949219	0	0
#SusPed	80.958333	57	0
#SofPed	81.029948	0	0
#SofPed	81.042969	95	0
#SusPed	81.399740	0	0
#SusPed	81.410156	74	0
#SofPed	81.438802	0	0
#SofPed	81.445312	96	0
#SusPed	81.579427	0	0
#SusPed	81.584635	75	0
#SofPed	81.589844	0	0
#SofPed	81.600260	98	0
#SofPed	81.718750	0	0
#SofPed	81.734375	103	0
#SusPed	81.809896	0	0
#SusPed	81.815104	58	0
#SofPed	81.819010	0	0
#SofPed	81.826823	105	0
#SofPed	81.929688	0	0
#SofPed	81.936198	101	0
#SofPed	82.009115	0	0
#SofPed	82.023438	100	0
#SofPed	82.069010	0	0
#SofPed	82.079427	100	0
#SusPed	82.109375	0	0
#SusPed	82.115885	57	0
#SusPed	82.229167	0	0
#SusPed	82.242188	65	0
#SofPed	82.299479	0	0
#SofPed	82.312500	96	0
#SofPed	82.348958	0	0
#SofPed	82.359375	101	0
#SofPed	82.569010	0	0
#SofPed	82.579427	97	0
#SusPed	82.579427	0	0
#SusPed	82.592448	57	0
#SusPed	82.729167	0	0
#SusPed	82.742188	63	0
#SusPed	82.919271	0	0
#SusPed	82.933594	68	0
#SusPed	83.289062	0	0
#SusPed	83.299479	67	0
#SusPed	83.438802	0	0
#SusPed	83.444010	66	0
#SusPed	83.729167	0	0
#SusPed	83.735677	60	0
#SusPed	83.848958	0	0
#SusPed	83.864583	55	0
#SusPed	84.188802	0	0
#SusPed	84.203125	77	0
#SusPed	84.519531	0	0
#SusPed	84.533854	68	0
#SusPed	84.658854	0	0
#SusPed	84.665365	71	0
#SusPed	85.019531	0	0
#SusPed	85.027344	56	0
#SusPed	85.259115	0	0
#SusPed	85.269531	71	0
#SusPed	85.399740	0	0
#SusPed	85.404948	63	0
#SusPed	85.729167	0	0
#SusPed	85.735677	57	0
#SusPed	85.929688	0	0
#SusPed	85.934896	82	0
#SusPed	86.169271	0	0
#SusPed	86.183594	72	0
#SofPed	86.289062	0	0
#SofPed	86.298177	57	0
#SofPed	86.449219	0	0
#SofPed	86.462240	52	0
#SusPed	86.519531	0	0
#SusPed	86.531250	74	0
#SofPed	86.579427	0	0
#SofPed	86.592448	53	0
#SofPed	86.658854	0	0
#SofPed	86.673177	56	0
#SusPed	86.829427	0	0
#SofPed	86.829427	0	0
#SusPed	86.839844	68	0
#SofPed	86.842448	57	0
#SofPed	87.009115	0	0
#SofPed	87.020833	65	0
#SofPed	87.188802	0	0
#SofPed	87.200521	63	0
#SofPed	87.500000	0	0
#SusPed	87.819010	0	0
#SusPed	87.825521	80	0
#SusPed	87.949219	0	0
#SusPed	87.960938	70	0
#SusPed	88.269531	0	0
#SusPed	88.281250	75	0
#SusPed	88.459635	0	0
#SusPed	88.466146	81	0
#SofPed	88.781250	47	0
#SusPed	89.279948	0	0
#SusPed	89.291667	79	0
#SofPed	89.718750	0	0
#SofPed	89.723958	113	0
#SusPed	89.729167	0	0
#SusPed	89.735677	95	0
#SusPed	90.569010	0	0
#SusPed	90.582031	73	0
#SusPed	91.029948	0	0
#SusPed	91.035156	75	0
#SusPed	91.259115	0	0
#SusPed	91.272135	93	0
#SofPed	91.688802	0	0
#SofPed	91.694010	90	0
#SusPed	91.750000	0	0
#SusPed	91.753906	61	0
#SofPed	91.869792	0	0
#SofPed	91.880208	84	0
#SusPed	92.859375	0	0
#SusPed	92.864583	77	0
#SusPed	92.989583	0	0
#SusPed	92.996094	54	0
#SofPed	93.438802	0	0
#SofPed	93.453125	78	0
#SusPed	93.519531	0	0
#SusPed	93.526042	61	0
#SusPed	94.209635	0	0
#SusPed	94.214844	64	0
#SusPed	94.598958	0	0
#SusPed	94.604167	94	0
#SusPed	95.529948	0	0
#SusPed	95.535156	73	0
#SusPed	96.369792	0	0
#SusPed	96.378906	72	0
#SusPed	97.059896	0	0
#SusPed	97.067708	67	0
#SusPed	97.699219	0	0
#SusPed	97.712240	52	0
#SusPed	97.799479	0	0
#SusPed	97.804688	68	0
#SusPed	98.269531	0	0
#SusPed	98.283854	77	0
#SusPed	98.319010	0	0
#SusPed	98.334635	71	0
#SusPed	99.188802	0	0
#SusPed	99.204427	67	0
#SofPed	99.449219	0	0
#SusPed	99.549479	0	0
#SusPed	99.563802	50	0
#SusPed	99.649740	0	0
#SusPed	99.661458	51	0
#SusPed	100.119792	0	0
#SusPed	100.131510	57	0
#SusPed	100.399740	0	0
#SusPed	100.404948	58	0
#SofPed	100.656250	91	0
#SusPed	101.079427	0	0
#SusPed	101.091146	61	0
#SusPed	101.669271	0	0
#SusPed	101.679688	62	0
#SusPed	101.869792	0	0
#SusPed	101.884115	65	0
#SusPed	102.429688	0	0
#SusPed	102.442708	62	0
#SusPed	102.549479	0	0
#SusPed	102.562500	50	0
#SusPed	102.799479	0	0
#SusPed	102.811198	49	0
#SusPed	104.019531	0	0
#SusPed	104.031250	48	0
#SusPed	105.408854	0	0
#SusPed	105.415365	56	0
#SusPed	106.589844	0	0
#SusPed	106.596354	52	0
#SofPed	106.658854	0	0
#SusPed	107.529948	0	0
#SusPed	107.540365	51	0
#SofPed	108.092448	84	0
#SusPed	108.098958	0	0
#SusPed	108.105469	67	0
#SusPed	108.769531	0	0
#SusPed	108.781250	47	0
#SusPed	108.959635	0	0
#SusPed	108.973958	61	0
#SusPed	109.699219	0	0
#SusPed	109.707031	43	0
#SusPed	110.158854	0	0
#SusPed	110.164062	66	0
#SusPed	110.619792	0	0
#SusPed	110.625000	58	0
#SusPed	110.779948	0	0
#SusPed	110.790365	41	0
#SusPed	111.329427	0	0
#SusPed	111.341146	47	0
#SusPed	112.378906	0	0
#SusPed	112.388021	67	0
#SusPed	112.839844	0	0
#SusPed	112.846354	63	0
#SusPed	113.319010	0	0
#SusPed	113.333333	48	0
#SusPed	113.429688	0	0
#SusPed	113.444010	60	0
#SusPed	113.529948	0	0
#SusPed	113.536458	60	0
#SusPed	114.069010	0	0
#SusPed	114.080729	43	0
#SofPed	114.089844	0	0
#SusPed	114.459635	0	0
#SusPed	114.464844	53	0
#SusPed	114.519531	0	0
#SusPed	114.532552	65	0
#SusPed	114.968750	0	0
#SusPed	114.984375	64	0
#SusPed	115.239583	0	0
#SusPed	115.250000	46	0
#SusPed	115.559896	0	0
#SusPed	115.569010	64	0
#SusPed	115.829427	0	0
#SusPed	115.842448	57	0
#SusPed	116.149740	0	0
#SusPed	116.162760	55	0
#SusPed	116.649740	0	0
#SusPed	116.657552	65	0
#SusPed	117.069010	0	0
#SusPed	117.075521	63	0
#SusPed	117.229167	0	0
#SusPed	117.242188	44	0
#SusPed	117.399740	0	0
#SusPed	117.408854	55	0
#SusPed	117.658854	0	0
#SusPed	117.665365	69	0
#SusPed	118.000000	0	0
#SusPed	118.009115	55	0
#SusPed	118.119792	0	0
#SusPed	118.128906	79	0
#SusPed	118.500000	0	0
#SusPed	118.514323	76	0
#SusPed	118.709635	0	0
#SusPed	118.716146	66	0
#SusPed	118.968750	0	0
#SusPed	118.975260	67	0
#SusPed	119.098958	0	0
#SusPed	119.106771	70	0
#SusPed	119.559896	0	0
#SusPed	119.572917	55	0
#SusPed	119.669271	0	0
#SusPed	119.674479	74	0
#SusPed	120.069010	0	0
#SusPed	120.082031	81	0
#SusPed	120.199219	0	0
#SusPed	120.212240	80	0
#SusPed	120.449219	0	0
#SusPed	120.454427	53	0
#SusPed	120.589844	0	0
#SusPed	120.604167	68	0
#SusPed	120.959635	0	0
#SusPed	120.973958	65	0
#SusPed	121.009115	0	0
#SusPed	121.023438	58	0
#SusPed	121.109375	0	0
#SusPed	121.114583	81	0
#SusPed	121.598958	0	0
#SusPed	121.614583	68	0
#SusPed	122.149740	0	0
#SusPed	122.162760	82	0
#SusPed	122.559896	0	0
#SusPed	122.565104	80	0
#SusPed	122.779948	0	0
#SusPed	122.792969	98	0
#SusPed	122.938802	0	0
#SusPed	122.949219	95	0
#SusPed	123.309896	0	0
#SusPed	123.324219	70	0
#SusPed	123.429688	0	0
#SusPed	123.444010	82	0
#SusPed	123.739583	0	0
#SusPed	123.748698	88	0
#SusPed	123.799479	0	0
#SusPed	123.812500	97	0
#SusPed	123.929688	0	0
#SusPed	123.942708	93	0
#SusPed	124.049479	0	0
#SusPed	124.063802	88	0
#SusPed	124.369792	0	0
#SusPed	124.382812	65	0
#SusPed	124.489583	0	0
#SusPed	124.496094	88	0
#SusPed	124.869792	0	0
#SusPed	124.884115	89	0
#SusPed	125.039062	0	0
#SusPed	125.044271	84	0
#SusPed	125.279948	0	0
#SusPed	125.285156	61	0
#SusPed	125.378906	0	0
#SusPed	125.393229	71	0
#SusPed	125.559896	0	0
#SusPed	125.565104	62	0
#SusPed	125.669271	0	0
#SusPed	125.683594	62	0
#SusPed	126.089844	0	0
#SusPed	126.096354	46	0
#SusPed	126.500000	0	0
#SusPed	126.513021	49	0
#SusPed	126.759115	0	0
#SusPed	126.768229	53	0
#SusPed	126.908854	0	0
#SusPed	126.915365	60	0
#SusPed	127.119792	0	0
#SusPed	127.125000	53	0
#SusPed	127.359375	0	0
#SusPed	127.369792	53	0
#SusPed	127.438802	0	0
#SusPed	127.449219	52	0
#SusPed	128.718750	0	0
#SusPed	128.725260	43	0
#SusPed	128.819010	0	0
#SusPed	128.825521	46	0
#SusPed	128.989583	0	0
#SusPed	128.994792	50	0
#SusPed	129.098958	0	0
#SusPed	129.111979	49	0
#SusPed	129.209635	0	0
#SusPed	129.218750	46	0
#SusPed	135.000000	0	0
#SusPed	135.009115	67	0
#SusPed	135.169271	0	0
#SusPed	135.175781	74	0
#SofPed	135.536458	73	0
#SofPed	135.908854	0	0
#SofPed	135.916667	100	0
#SusPed	135.968750	0	0
#SusPed	135.977865	71	0
#SofPed	136.000000	0	0
#SofPed	136.009115	100	0
#SusPed	136.229167	0	0
#SusPed	136.238281	64	0
#SofPed	136.289062	0	0
#SofPed	136.299479	106	0
#SofPed	136.500000	0	0
#SofPed	136.513021	98	0
#SofPed	136.829427	0	0
#SofPed	136.835938	73	0
#SofPed	136.908854	0	0
#SofPed	136.923177	60	0
#SofPed	137.029948	0	0
#SofPed	137.036458	46	0
#SusPed	137.039062	0	0
#SusPed	137.053385	77	0
#SofPed	137.339844	0	0
#SofPed	137.352865	76	0
#SusPed	137.359375	0	0
#SusPed	137.365885	54	0
#SofPed	137.429688	0	0
#SofPed	137.444010	86	0
#SofPed	137.739583	0	0
#SofPed	137.747396	110	0
#SofPed	137.908854	0	0
#SofPed	137.923177	110	0
#SofPed	137.989583	0	0
#SofPed	137.996094	108	0
#SofPed	138.119792	0	0
#SofPed	138.125000	106	0
#SusPed	138.179688	0	0
#SofPed	138.188802	0	0
#SusPed	138.194010	62	0
#SofPed	138.201823	103	0
#SofPed	138.239583	0	0
#SofPed	138.246094	101	0
#SusPed	138.569010	0	0
#SusPed	138.580729	62	0
#SusPed	138.938802	0	0
#SusPed	138.949219	62	0
#SofPed	139.239583	0	0
#SofPed	139.246094	110	0
#SofPed	139.399740	0	0
#SofPed	139.412760	109	0
#SusPed	139.549479	0	0
#SusPed	139.562500	70	0
#SofPed	139.759115	0	0
#SofPed	139.773438	108	0
#SofPed	140.000000	0	0
#SofPed	140.006510	112	0
#SusPed	140.019531	0	0
#SusPed	140.031250	62	0
#SusPed	140.179688	0	0
#SusPed	140.187500	65	0
#SusPed	140.259115	0	0
#SofPed	140.269531	0	0
#SusPed	140.272135	63	0
#SofPed	140.276042	116	0
#SofPed	140.459635	0	0
#SofPed	140.466146	114	0
#SusPed	141.019531	0	0
#SusPed	141.028646	73	0
#SusPed	141.449219	0	0
#SusPed	141.460938	67	0
#SusPed	141.628906	0	0
#SusPed	141.644531	70	0
#SusPed	141.938802	0	0
#SusPed	141.950521	71	0
#SusPed	142.000000	0	0
#SusPed	142.006510	62	0
#SusPed	142.079427	0	0
#SusPed	142.087240	72	0
#SusPed	142.389323	0	0
#SusPed	142.397135	69	0
#SusPed	142.500000	0	0
#SusPed	142.505208	71	0
#SusPed	142.729167	0	0
#SusPed	142.735677	69	0
#SusPed	142.859375	0	0
#SusPed	142.864583	80	0
#SusPed	143.089844	0	0
#SusPed	143.097656	77	0
#SusPed	143.218750	0	0
#SusPed	143.229167	80	0
#SusPed	143.529948	0	0
#SusPed	143.535156	65	0
#SusPed	143.669271	0	0
#SusPed	143.675781	85	0
#SusPed	143.968750	0	0
#SusPed	143.984375	64	0
#SusPed	144.438802	0	0
#SusPed	144.453125	72	0
#SusPed	144.829427	0	0
#SusPed	144.835938	67	0
#SusPed	144.949219	0	0
#SusPed	144.954427	86	0
#SusPed	145.289062	0	0
#SusPed	145.303385	66	0
#SusPed	145.688802	0	0
#SusPed	145.701823	55	0
#SusPed	145.789062	0	0
#SusPed	145.794271	85	0
#SusPed	146.229167	0	0
#SusPed	146.243490	66	0
#SusPed	146.289062	0	0
#SusPed	146.295573	68	0
#SofPed	146.468750	0	0
#SusPed	146.899740	0	0
#SusPed	146.904948	68	0
#SusPed	147.000000	0	0
#SusPed	147.010417	75	0
#SusPed	147.348958	0	0
#SusPed	147.355469	57	0
#SusPed	147.829427	0	0
#SusPed	147.834635	65	0
#SusPed	148.069010	0	0
#SusPed	148.075521	75	0
#SusPed	148.209635	0	0
#SusPed	148.223958	66	0
#SusPed	148.609375	0	0
#SusPed	148.622396	67	0
#SusPed	148.809896	0	0
#SusPed	148.816406	80	0
#SusPed	149.378906	0	0
#SusPed	149.386719	70	0
#SusPed	149.519531	0	0
#SusPed	149.532552	72	0
#SusPed	149.739583	0	0
#SusPed	149.751302	78	0
#SusPed	149.809896	0	0
#SusPed	149.815104	62	0
#SusPed	150.449219	0	0
#SusPed	150.455729	73	0
#SusPed	150.598958	0	0
#SusPed	150.610677	71	0
#SusPed	150.908854	0	0
#SusPed	150.919271	86	0
#SusPed	151.378906	0	0
#SusPed	151.391927	66	0
#SusPed	151.619792	0	0
#SusPed	151.628906	75	0
#SusPed	151.759115	0	0
#SusPed	151.764323	72	0
#SusPed	152.519531	0	0
#SusPed	152.526042	84	0
#SusPed	152.779948	0	0
#SusPed	152.785156	59	0
#SusPed	152.869792	0	0
#SusPed	152.882812	70	0
#SusPed	153.479167	0	0
#SusPed	153.486979	61	0
#SofPed	153.528646	56	0
#SusPed	153.569010	0	0
#SusPed	153.583333	64	0
#SofPed	153.589844	0	0
#SofPed	153.604167	58	0
#SofPed	153.688802	0	0
#SofPed	153.700521	57	0
#SofPed	153.809896	0	0
#SusPed	153.819010	0	0
#SofPed	153.824219	52	0
#SusPed	153.826823	77	0
#SusPed	153.949219	0	0
#SofPed	153.949219	0	0
#SusPed	153.954427	68	0
#SofPed	153.960938	41	0
#SofPed	153.989583	0	0
#SofPed	154.002604	43	0
#SofPed	154.059896	0	0
#SofPed	154.065104	46	0
#SofPed	154.139323	0	0
#SofPed	154.147135	43	0
#SofPed	154.309896	0	0
#SofPed	154.315104	37	0
#SofPed	154.419271	0	0
#SofPed	154.427083	33	0
#SofPed	154.500000	0	0
#SofPed	154.506510	33	0
#SofPed	154.598958	0	0
#SofPed	154.613281	36	0
#SusPed	154.779948	0	0
#SusPed	154.785156	60	0
#SofPed	154.789062	0	0
#SofPed	154.795573	40	0
#SofPed	154.878906	0	0
#SofPed	154.893229	42	0
#SusPed	154.899740	0	0
#SusPed	154.910156	69	0
#SofPed	154.959635	0	0
#SofPed	154.967448	36	0
#SofPed	155.029948	0	0
#SofPed	155.035156	39	0
#SofPed	155.128906	0	0
#SofPed	155.141927	42	0
#SofPed	155.319010	0	0
#SofPed	155.326823	33	0
#SofPed	155.369792	0	0
#SofPed	155.375000	30	0
#SofPed	155.459635	0	0
#SofPed	155.472656	30	0
#SofPed	155.559896	0	0
#SofPed	155.571615	27	0
#SofPed	155.649740	0	0
#SofPed	155.662760	26	0
#SofPed	155.839844	0	0
#SofPed	155.845052	25	0
#SusPed	155.919271	0	0
#SusPed	155.930990	60	0
#SofPed	155.949219	0	0
#SofPed	155.962240	25	0
#SusPed	156.069010	0	0
#SusPed	156.083333	67	0
#SofPed	156.149740	0	0
#SofPed	156.157552	22	0
#SofPed	156.199219	0	0
#SofPed	156.212240	24	0
#SofPed	156.289062	0	0
#SofPed	156.296875	29	0
#SofPed	156.549479	0	0
#SofPed	156.555990	27	0
#SofPed	156.639323	0	0
#SofPed	156.653646	33	0
#SofPed	156.899740	0	0
#SofPed	156.914062	28	0
#SusPed	156.989583	0	0
#SusPed	156.996094	76	0
#SofPed	157.000000	0	0
#SofPed	157.005208	31	0
#SusPed	157.119792	0	0
#SusPed	157.131510	70	0
#SofPed	157.139323	0	0
#SofPed	157.151042	27	0
#SofPed	157.239583	0	0
#SofPed	157.248698	29	0
#SofPed	157.339844	0	0
#SofPed	157.354167	33	0
#SofPed	157.438802	0	0
#SofPed	157.453125	43	0
#SofPed	157.500000	0	0
#SusPed	158.069010	0	0
#SusPed	158.082031	72	0
#SusPed	158.179688	0	0
#SusPed	158.192708	55	0
#SusPed	158.859375	0	0
#SusPed	158.868490	66	0
#SusPed	159.279948	0	0
#SusPed	159.285156	80	0
#SusPed	159.829427	0	0
#SusPed	159.834635	66	0
#SusPed	159.979167	0	0
#SusPed	159.990885	59	0
#SusPed	162.089844	0	0
#SusPed	162.097656	71	0
#SusPed	162.188802	0	0
#SusPed	162.196615	51	0
#SusPed	163.049479	0	0
#SusPed	163.062500	78	0
#SusPed	163.519531	0	0
#SusPed	163.533854	88	0
#SusPed	163.729167	0	0
#SusPed	163.743490	80	0
#SusPed	163.859375	0	0
#SusPed	163.868490	74	0
#SusPed	163.938802	0	0
#SusPed	163.947917	90	0
#SusPed	164.128906	0	0
#SusPed	164.141927	84	0
#SusPed	164.429688	0	0
#SusPed	164.438802	56	0
#SusPed	164.549479	0	0
#SusPed	164.554688	82	0
#SusPed	164.769531	0	0
#SusPed	164.782552	95	0
#SusPed	165.289062	0	0
#SusPed	165.303385	85	0
#SusPed	165.529948	0	0
#SusPed	165.537760	84	0
#SusPed	165.908854	0	0
#SusPed	165.921875	70	0
#SusPed	166.259115	0	0
#SusPed	166.273438	66	0
#SusPed	166.309896	0	0
#SusPed	166.316406	67	0
#SusPed	166.779948	0	0
#SusPed	166.794271	68	0
#SusPed	167.628906	0	0
#SusPed	167.638021	94	0
#SusPed	168.938802	0	0
#SusPed	168.947917	77	0
#SusPed	169.319010	0	0
#SusPed	169.326823	78	0
#SusPed	169.938802	0	0
#SusPed	169.951823	67	0
#SusPed	170.709635	0	0
#SusPed	170.720052	89	0
#SusPed	171.019531	0	0
#SusPed	171.026042	73	0
#SusPed	171.239583	0	0
#SusPed	171.246094	73	0
#SusPed	171.848958	0	0
#SusPed	171.863281	72	0
#SusPed	172.169271	0	0
#SusPed	172.183594	71	0
#SusPed	172.348958	0	0
#SusPed	172.361979	61	0
#SusPed	173.549479	0	0
#SusPed	173.555990	74	0
#SusPed	173.679688	0	0
#SusPed	173.684896	69	0
#SofPed	173.725260	74	0
#SofPed	173.859375	0	0
#SofPed	173.873698	64	0
#SofPed	174.119792	0	0
#SofPed	174.127604	68	0
#SusPed	174.199219	0	0
#SofPed	174.209635	0	0
#SusPed	174.213542	49	0
#SofPed	174.214844	83	0
#SusPed	174.949219	0	0
#SusPed	174.962240	49	0
#SusPed	175.059896	0	0
#SusPed	175.069010	55	0
#SusPed	175.339844	0	0
#SusPed	175.354167	55	0
#SusPed	175.529948	0	0
#SusPed	175.535156	68	0
#SusPed	175.968750	0	0
#SusPed	175.979167	62	0
#SusPed	176.169271	0	0
#SusPed	176.180990	61	0
#SusPed	176.500000	0	0
#SusPed	176.507812	60	0
#SusPed	176.619792	0	0
#SusPed	176.630208	73	0
#SusPed	176.769531	0	0
#SusPed	176.774740	65	0
#SofPed	176.938802	0	0
#SofPed	176.953125	65	0
#SofPed	177.019531	0	0
#SofPed	177.024740	80	0
#SofPed	177.279948	0	0
#SofPed	177.286458	110	0
#SusPed	177.319010	0	0
#SusPed	177.325521	61	0
#SofPed	177.628906	0	0
#SofPed	177.640625	108	0
#SofPed	177.688802	0	0
#SofPed	177.696615	104	0
#SusPed	177.750000	0	0
#SusPed	177.756510	56	0
#SofPed	177.829427	0	0
#SofPed	177.835938	89	0
#SofPed	178.158854	0	0
#SofPed	178.166667	85	0
#SusPed	178.319010	0	0
#SusPed	178.326823	52	0
#SofPed	178.329427	0	0
#SofPed	178.334635	93	0
#SusPed	178.489583	0	0
#SusPed	178.497396	57	0
#SofPed	178.529948	0	0
#SofPed	178.536458	107	0
#SusPed	178.718750	0	0
#SusPed	178.727865	60	0
#SofPed	178.799479	0	0
#SofPed	178.812500	103	0
#SusPed	178.899740	0	0
#SusPed	178.911458	68	0
#SofPed	179.000000	0	0
#SofPed	179.014323	92	0
#SusPed	179.259115	0	0
#SusPed	179.265625	52	0
#SusPed	179.468750	0	0
#SusPed	179.473958	47	0
#SofPed	179.709635	0	0
#SusPed	179.929688	0	0
#SusPed	179.937500	58	0
#SusPed	180.348958	0	0
#SusPed	180.361979	50	0
#SusPed	180.468750	0	0
#SusPed	180.484375	48	0
#SusPed	180.718750	0	0
#SusPed	180.729167	57	0
#SusPed	180.989583	0	0
#SusPed	180.998698	69	0
#SofPed	181.140625	47	0
#SofPed	181.229167	0	0
#SofPed	181.236979	44	0
#SusPed	181.250000	0	0
#SusPed	181.255208	61	0
#SusPed	181.729167	0	0
#SusPed	181.735677	73	0
#SusPed	182.079427	0	0
#SusPed	182.092448	60	0
#SusPed	182.269531	0	0
#SusPed	182.274740	71	0
#SusPed	182.839844	0	0
#SusPed	182.852865	71	0
#SusPed	183.009115	0	0
#SusPed	183.015625	69	0
#SusPed	183.399740	0	0
#SusPed	183.414062	65	0
#SusPed	183.589844	0	0
#SusPed	183.595052	64	0
#SusPed	184.329427	0	0
#SusPed	184.341146	78	0
#SusPed	184.669271	0	0
#SusPed	184.682292	72	0
#SusPed	185.069010	0	0
#SusPed	185.076823	77	0
#SusPed	186.209635	0	0
#SusPed	186.223958	78	0
#SusPed	186.299479	0	0
#SusPed	186.307292	74	0
#SusPed	186.649740	0	0
#SusPed	186.662760	64	0
#SusPed	186.829427	0	0
#SusPed	186.835938	72	0
#SofPed	187.239583	0	0
#SusPed	187.479167	0	0
#SusPed	187.484375	76	0
#SofPed	187.524740	96	0
#SofPed	187.709635	0	0
#SofPed	187.723958	100	0
#SofPed	187.819010	0	0
#SofPed	187.829427	99	0
#SofPed	187.889323	0	0
#SofPed	187.897135	94	0
#SofPed	188.039062	0	0
#SofPed	188.045573	85	0
#SusPed	188.239583	0	0
#SusPed	188.250000	75	0
#SofPed	188.259115	0	0
#SofPed	188.272135	84	0
#SusPed	188.309896	0	0
#SusPed	188.315104	77	0
#SofPed	188.579427	0	0
#SofPed	188.589844	78	0
#SusPed	188.658854	0	0
#SusPed	188.665365	68	0
#SofPed	188.789062	0	0
#SofPed	188.798177	78	0
#SusPed	189.069010	0	0
#SusPed	189.083333	63	0
#SofPed	189.089844	0	0
#SofPed	189.097656	84	0
#SofPed	189.229167	0	0
#SofPed	189.239583	81	0
#SusPed	189.348958	0	0
#SusPed	189.363281	64	0
#SusPed	189.459635	0	0
#SusPed	189.466146	60	0
#SusPed	189.968750	0	0
#SusPed	189.979167	64	0
#SusPed	190.179688	0	0
#SusPed	190.191406	69	0
#SusPed	190.378906	0	0
#SusPed	190.390625	69	0
#SusPed	191.049479	0	0
#SusPed	191.061198	70	0
#SusPed	191.519531	0	0
#SusPed	191.531250	63	0
#SusPed	191.688802	0	0
#SusPed	191.703125	65	0
#SofPed	192.500000	0	0
#SusPed	192.549479	0	0
#SusPed	192.562500	68	0
#SusPed	193.079427	0	0
#SusPed	193.093750	64	0
#SusPed	193.489583	0	0
#SusPed	193.496094	62	0
#SusPed	195.359375	0	0
#SusPed	195.372396	57	0
#SusPed	195.889323	0	0
#SusPed	195.902344	72	0
#SofPed	196.621094	92	0
#SofPed	197.139323	0	0
#SofPed	197.144531	75	0
#SofPed	197.329427	0	0
#SofPed	197.339844	91	0
#SofPed	197.419271	0	0
#SofPed	197.429688	90	0
#SusPed	197.519531	0	0
#SusPed	197.533854	62	0
#SofPed	197.539062	0	0
#SofPed	197.545573	84	0
#SofPed	197.699219	0	0
#SofPed	197.708333	87	0
#SofPed	197.829427	0	0
#SofPed	197.842448	84	0
#SofPed	197.899740	0	0
#SofPed	197.904948	88	0
#SusPed	197.908854	0	0
#SusPed	197.919271	62	0
#SofPed	198.098958	0	0
#SofPed	198.104167	98	0
#SofPed	198.250000	0	0
#SofPed	198.257812	111	0
#SusPed	200.509115	0	0
#SusPed	200.516927	80	0
#SusPed	200.579427	0	0
#SusPed	200.585938	66	0
#SusPed	200.779948	0	0
#SusPed	200.791667	86	0
#SusPed	201.829427	0	0
#SusPed	201.837240	69	0
#SusPed	202.009115	0	0
#SusPed	202.022135	69	0
#SofPed	202.259115	0	0
#SofPed	202.265625	99	0
#SofPed	202.359375	0	0
#SofPed	202.367188	100	0
#SofPed	202.468750	0	0
#SofPed	202.480469	97	0
#SofPed	202.509115	0	0
#SofPed	202.522135	88	0
#SofPed	202.609375	0	0
#SofPed	202.618490	91	0
#SusPed	203.149740	0	0
#SusPed	203.158854	71	0
#SusPed	203.389323	0	0
#SusPed	203.397135	82	0
#SusPed	204.750000	0	0
#SusPed	204.756510	83	0
#SusPed	204.968750	0	0
#SusPed	204.975260	76	0
#SofPed	206.098958	0	0
#SofPed	206.106771	60	0
#SofPed	206.199219	0	0
#SofPed	206.210938	65	0
#SofPed	206.279948	0	0
#SofPed	206.285156	66	0
#SusPed	206.289062	0	0
#SusPed	206.296875	80	0
#SofPed	206.359375	0	0
#SofPed	206.368490	64	0
#SofPed	206.489583	0	0
#SofPed	206.496094	72	0
#SusPed	206.609375	0	0
#SofPed	206.609375	0	0
#SofPed	206.615885	74	0
#SusPed	206.623698	94	0
#SusPed	207.019531	0	0
#SusPed	207.031250	98	0
#SusPed	207.750000	0	0
#SusPed	207.755208	69	0
#SusPed	208.029948	0	0
#SusPed	208.033854	69	0
#SusPed	208.718750	0	0
#SusPed	208.731771	68	0
#SusPed	209.069010	0	0
#SusPed	209.080729	55	0
#SusPed	209.489583	0	0
#SusPed	209.502604	58	0
#SusPed	210.269531	0	0
#SusPed	210.274740	63	0
#SusPed	210.569010	0	0
#SusPed	210.578125	73	0
#SusPed	211.709635	0	0
#SusPed	211.717448	70	0
#SofPed	212.500000	0	0
#SusPed	213.250000	0	0
#SusPed	213.255208	53	0
#SusPed	213.729167	0	0
#SusPed	213.735677	77	0
#SusPed	213.968750	0	0
#SusPed	213.980469	62	0
#SusPed	214.769531	0	0
#SusPed	214.783854	64	0
#SusPed	215.429688	0	0
#SusPed	215.441406	42	0
#SusPed	215.779948	0	0
#SusPed	215.785156	47	0
#SusPed	216.158854	0	0
#SusPed	216.173177	62	0
#SusPed	216.408854	0	0
#SusPed	216.415365	43	0
#SusPed	216.929688	0	0
#SusPed	216.934896	56	0
#SofPed	217.188802	100	0
#SofPed	217.378906	0	0
#SofPed	217.390625	105	0
#SusPed	217.438802	0	0
#SusPed	217.450521	48	0
#SofPed	217.509115	0	0
#SofPed	217.516927	90	0
#SusPed	217.809896	0	0
#SusPed	217.822917	75	0
#SusPed	217.919271	0	0
#SusPed	217.932292	79	0
#SofPed	218.389323	0	0
#SofPed	218.395833	45	0
#SofPed	218.619792	0	0
#SofPed	218.625000	58	0
#SofPed	218.718750	0	0
#SofPed	218.725260	61	0
#SofPed	218.779948	0	0
#SofPed	218.791667	59	0
#SofPed	218.889323	0	0
#SofPed	218.894531	55	0
#SofPed	218.979167	0	0
#SofPed	218.986979	52	0
#SofPed	219.218750	0	0
#SofPed	219.229167	42	0
#SofPed	219.359375	0	0
#SofPed	219.369792	59	0
#SusPed	219.378906	0	0
#SusPed	219.394531	69	0
#SofPed	219.419271	0	0
#SofPed	219.427083	76	0
#SusPed	219.658854	0	0
#SusPed	219.665365	45	0
#SusPed	219.769531	0	0
#SusPed	219.778646	44	0
#SusPed	219.809896	0	0
#SusPed	219.824219	41	0
#SusPed	219.899740	0	0
#SusPed	219.910156	40	0
#SusPed	219.989583	0	0
#SusPed	219.997396	39	0
#SusPed	220.119792	0	0
#SusPed	220.125000	42	0
#SusPed	220.869792	0	0
#SusPed	220.884115	51	0
#SusPed	221.878906	0	0
#SusPed	221.885417	39	0
#SofPed	222.009115	0	0
#SofPed	222.016927	72	0
#SusPed	222.309896	0	0
#SofPed	222.309896	0	0
#SusPed	222.317708	68	0
#SofPed	222.320312	57	0
#SofPed	222.699219	0	0
#SofPed	222.705729	35	0
#SofPed	222.759115	0	0
#SofPed	222.772135	34	0
#SofPed	222.848958	0	0
#SofPed	222.858073	39	0
#SofPed	222.919271	0	0
#SofPed	222.927083	39	0
#SofPed	223.029948	0	0
#SofPed	223.035156	32	0
#SofPed	223.128906	0	0
#SofPed	223.139323	30	0
#SofPed	223.218750	0	0
#SofPed	223.233073	31	0
#SusPed	223.378906	0	0
#SofPed	223.378906	0	0
#SofPed	223.385417	34	0
#SusPed	223.386719	68	0
#SofPed	223.468750	0	0
#SofPed	223.480469	44	0
#SofPed	223.539062	0	0
#SofPed	223.544271	52	0
#SusPed	223.589844	0	0
#SusPed	223.601562	37	0
#SofPed	223.609375	0	0
#SofPed	223.615885	66	0
#SofPed	223.739583	0	0
#SofPed	223.753906	85	0
#SusPed	223.759115	0	0
#SusPed	223.773438	42	0
#SofPed	223.929688	0	0
#SofPed	223.940104	80	0
#SusPed	224.158854	0	0
#SusPed	224.171875	47	0
#SusPed	224.239583	0	0
#SusPed	224.244792	47	0
#SusPed	224.329427	0	0
#SusPed	224.342448	46	0
#SusPed	224.479167	0	0
#SusPed	224.486979	49	0
#SusPed	225.549479	0	0
#SusPed	225.563802	77	0
#SusPed	226.449219	0	0
#SusPed	226.454427	81	0
#SusPed	226.639323	0	0
#SusPed	226.649740	86	0
#SusPed	226.989583	0	0
#SusPed	227.003906	90	0
#SusPed	227.069010	0	0
#SusPed	227.075521	73	0
#SusPed	227.139323	0	0
#SusPed	227.153646	70	0
#SusPed	227.259115	0	0
#SusPed	227.272135	73	0
#SofPed	227.449219	0	0
#SofPed	227.460938	90	0
#SusPed	227.489583	0	0
#SusPed	227.503906	78	0
#SusPed	227.658854	0	0
#SusPed	227.669271	74	0
#SusPed	228.089844	0	0
#SusPed	228.102865	65	0
#SusPed	228.199219	0	0
#SusPed	228.213542	59	0
#SusPed	228.239583	0	0
#SusPed	228.244792	55	0
#SusPed	228.359375	0	0
#SusPed	228.364583	53	0
#SusPed	228.500000	0	0
#SusPed	228.509115	56	0
#SusPed	228.709635	0	0
#SusPed	228.714844	55	0
#SusPed	228.869792	0	0
#SusPed	228.884115	56	0
#SusPed	229.049479	0	0
#SusPed	229.062500	51	0
#SusPed	229.139323	0	0
#SusPed	229.147135	52	0
#SusPed	229.509115	0	0
#SusPed	229.523438	50	0
#SusPed	229.639323	0	0
#SusPed	229.652344	53	0
#SusPed	229.688802	0	0
#SusPed	229.697917	56	0
#SusPed	229.859375	0	0
#SusPed	229.865885	63	0
#SusPed	230.139323	0	0
#SusPed	230.151042	59	0
#SusPed	230.250000	0	0
#SusPed	230.257812	52	0
#SusPed	230.378906	0	0
#SusPed	230.393229	49	0
#SofPed	230.402344	0	0
#SusPed	230.759115	0	0
#SusPed	230.768229	65	0
#SusPed	231.199219	0	0
#SusPed	231.208333	61	0
#SusPed	231.459635	0	0
#SusPed	231.470052	46	0
#SusPed	231.809896	0	0
#SusPed	231.817708	67	0
#SusPed	232.279948	0	0
#SusPed	232.285156	64	0
#SusPed	232.699219	0	0
#SusPed	232.710938	60	0
#SusPed	232.789062	0	0
#SusPed	232.796875	58	0
#SusPed	232.859375	0	0
#SusPed	232.867188	63	0
#SusPed	233.438802	0	0
#SusPed	233.447917	71	0
#SofPed	233.596354	44	0
#SofPed	233.649740	0	0
#SofPed	233.656250	41	0
#SusPed	234.039062	0	0
#SusPed	234.052083	80	0
#SusPed	234.229167	0	0
#SusPed	234.243490	66	0
#SusPed	235.179688	0	0
#SusPed	235.194010	76	0
#SusPed	235.279948	0	0
#SusPed	235.289062	77	0
#SusPed	235.750000	0	0
#SusPed	235.756510	79	0
#SusPed	236.059896	0	0
#SusPed	236.071615	68	0
#SusPed	236.179688	0	0
#SusPed	236.191406	81	0
#SusPed	236.329427	0	0
#SusPed	236.334635	73	0
#SusPed	236.579427	0	0
#SusPed	236.593750	78	0
#SusPed	237.029948	0	0
#SusPed	237.035156	63	0
#SusPed	237.169271	0	0
#SusPed	237.180990	58	0
#SusPed	237.279948	0	0
#SusPed	237.291667	61	0
#SofPed	237.339844	0	0
#SofPed	237.352865	36	0
#SofPed	237.509115	0	0
#SofPed	237.520833	38	0
#SusPed	237.688802	0	0
#SofPed	237.688802	0	0
#SusPed	237.695312	80	0
#SofPed	237.695312	48	0
#SofPed	237.839844	0	0
#SofPed	237.847656	51	0
#SusPed	237.979167	0	0
#SusPed	237.993490	54	0
#SofPed	238.000000	0	0
#SofPed	238.013021	54	0
#SusPed	239.500000	0	0
#SusPed	239.513021	51	0
#SusPed	240.158854	0	0
#SusPed	240.166667	57	0
#SusPed	240.519531	0	0
#SusPed	240.526042	52	0
#SusPed	241.188802	0	0
#SusPed	241.195312	57	0
#SusPed	241.489583	0	0
#SusPed	241.496094	54	0
#SusPed	241.799479	0	0
#SusPed	241.811198	53	0
#SusPed	242.059896	0	0
#SusPed	242.066406	65	0
#SofPed	242.289062	0	0
#SofPed	242.295573	87	0
#SofPed	242.429688	0	0
#SofPed	242.442708	83	0
#SusPed	242.489583	0	0
#SusPed	242.502604	79	0
#SofPed	242.598958	0	0
#SofPed	242.613281	68	0
#SofPed	243.269531	0	0
#SofPed	243.283854	69	0
#SofPed	243.438802	0	0
#SofPed	243.444010	65	0
#SusPed	243.959635	0	0
#SusPed	243.973958	68	0
#SusPed	244.139323	0	0
#SusPed	244.152344	68	0
#SusPed	245.378906	0	0
#SusPed	245.388021	70	0
#SusPed	247.199219	0	0
#SusPed	247.212240	65	0
#SusPed	247.369792	0	0
#SusPed	247.377604	62	0
#SusPed	247.889323	0	0
#SusPed	247.899740	68	0
#SusPed	248.059896	0	0
#SusPed	248.071615	72	0
#SusPed	248.179688	0	0
#SusPed	248.187500	56	0
#SusPed	248.889323	0	0
#SusPed	248.903646	69	0
#SofPed	249.449219	0	0
#SusPed	249.479167	0	0
#SusPed	249.484375	68	0
#SusPed	250.039062	0	0
#SusPed	250.050781	58	0
#SusPed	250.158854	0	0
#SusPed	250.173177	61	0
#SusPed	250.848958	0	0
#SusPed	250.860677	67	0
#SusPed	251.109375	0	0
#SusPed	251.122396	71	0
#SusPed	251.239583	0	0
#SusPed	251.252604	56	0
#SusPed	251.449219	0	0
#SusPed	251.463542	60	0
#SusPed	251.579427	0	0
#SusPed	251.593750	53	0
#SusPed	251.839844	0	0
#SusPed	251.851562	71	0
#SusPed	251.989583	0	0
#SusPed	252.003906	67	0
#SusPed	252.389323	0	0
#SusPed	252.398438	67	0
#SusPed	252.649740	0	0
#SusPed	252.664062	60	0
#SusPed	252.759115	0	0
#SusPed	252.766927	72	0
#SusPed	253.059896	0	0
#SusPed	253.065104	67	0
#SusPed	253.169271	0	0
#SusPed	253.180990	58	0
#SusPed	253.389323	0	0
#SusPed	253.403646	69	0
#SusPed	253.489583	0	0
#SusPed	253.496094	65	0
#SusPed	253.709635	0	0
#SusPed	253.722656	80	0
#SusPed	253.848958	0	0
#SusPed	253.863281	74	0
#SusPed	254.289062	0	0
#SusPed	254.299479	80	0
#SusPed	254.559896	0	0
#SusPed	254.565104	61	0
#SusPed	254.699219	0	0
#SusPed	254.710938	70	0
#SusPed	255.000000	0	0
#SusPed	255.010417	52	0
#SusPed	255.128906	0	0
#SusPed	255.141927	63	0
#SusPed	255.369792	0	0
#SusPed	255.375000	52	0
#SusPed	255.539062	0	0
#SusPed	255.549479	64	0
#SusPed	255.699219	0	0
#SusPed	255.713542	59	0
#SusPed	255.859375	0	0
#SusPed	255.867188	59	0
#SusPed	256.089844	0	0
#SusPed	256.097656	49	0
#SusPed	256.250000	0	0
#SusPed	256.257812	65	0
#SusPed	256.509115	0	0
#SusPed	256.523438	64	0
#SusPed	256.649740	0	0
#SusPed	256.660156	62	0
#SusPed	256.889323	0	0
#SusPed	256.903646	54	0
#SusPed	257.069010	0	0
#SusPed	257.080729	59	0
#SusPed	257.289062	0	0
#SusPed	257.296875	64	0
#SusPed	257.419271	0	0
#SusPed	257.430990	56	0
#SusPed	257.579427	0	0
#SusPed	257.584635	78	0
#SusPed	257.809896	0	0
#SusPed	257.816406	66	0
#SusPed	258.098958	0	0
#SusPed	258.111979	56	0
#SusPed	258.209635	0	0
#SusPed	258.222656	53	0
#SusPed	258.408854	0	0
#SusPed	258.420573	54	0
#SusPed	258.569010	0	0
#SusPed	258.575521	73	0
#SusPed	258.859375	0	0
#SusPed	258.865885	59	0
#SusPed	258.968750	0	0
#SusPed	258.981771	60	0
#SusPed	259.239583	0	0
#SusPed	259.248698	66	0
#SusPed	259.378906	0	0
#SusPed	259.385417	63	0
#SusPed	259.649740	0	0
#SusPed	259.662760	53	0
#SusPed	259.989583	0	0
#SusPed	260.002604	53	0
#SusPed	260.179688	0	0
#SusPed	260.187500	61	0
#SusPed	260.579427	0	0
#SusPed	260.592448	64	0
#SusPed	260.759115	0	0
#SusPed	260.764323	63	0
#SusPed	261.179688	0	0
#SusPed	261.194010	60	0
#SusPed	261.329427	0	0
#SusPed	261.335938	41	0
#SusPed	261.389323	0	0
#SusPed	261.403646	46	0
#SusPed	261.449219	0	0
#SusPed	261.458333	47	0
#SusPed	261.649740	0	0
#SusPed	261.662760	49	0
#SusPed	261.809896	0	0
#SusPed	261.815104	56	0
#SusPed	261.889323	0	0
#SusPed	261.898438	60	0
#SusPed	262.149740	0	0
#SusPed	262.162760	69	0
#SusPed	262.429688	0	0
#SusPed	262.440104	85	0
#SofPed	263.166667	45	0
#SofPed	263.259115	0	0
#SofPed	263.265625	59	0
#SofPed	263.369792	0	0
#SofPed	263.382812	62	0
#SusPed	263.399740	0	0
#SusPed	263.406250	69	0
#SofPed	263.419271	0	0
#SofPed	263.425781	67	0
#SusPed	263.718750	0	0
#SofPed	263.718750	0	0
#SusPed	263.727865	94	0
#SofPed	263.730469	76	0
#SofPed	263.769531	0	0
#SofPed	263.774740	79	0
#SofPed	264.119792	0	0
#SofPed	264.134115	83	0
#SofPed	264.158854	0	0
#SofPed	264.167969	84	0
#SusPed	264.589844	0	0
#SusPed	264.602865	73	0
#SusPed	264.889323	0	0
#SusPed	264.902344	82	0
#SusPed	265.319010	0	0
#SusPed	265.329427	90	0
#SusPed	265.589844	0	0
#SusPed	265.595052	59	0
#SofPed	266.009115	0	0
#SusPed	266.399740	0	0
#SusPed	266.408854	39	0
#SusPed	266.819010	0	0
#SusPed	266.833333	68	0
#SusPed	267.139323	0	0
#SusPed	267.153646	66	0
#SusPed	267.299479	0	0
#SusPed	267.307292	80	0
#SofPed	267.536458	57	0
#SusPed	268.119792	0	0
#SusPed	268.128906	75	0
#SofPed	268.519531	0	0
#SofPed	268.533854	108	0
#SusPed	268.628906	0	0
#SusPed	268.635417	89	0
#SusPed	268.979167	0	0
#SusPed	268.986979	94	0
#SusPed	269.529948	0	0
#SusPed	269.536458	65	0
#SusPed	269.848958	0	0
#SusPed	269.863281	80	0
#SusPed	270.519531	0	0
#SusPed	270.533854	68	0
#SusPed	271.069010	0	0
#SusPed	271.074219	52	0
#SusPed	272.009115	0	0
#SusPed	272.015625	67	0
#SofPed	272.500000	0	0
#SusPed	272.628906	0	0
#SusPed	272.641927	73	0
#SusPed	272.848958	0	0
#SusPed	272.863281	77	0
#SusPed	273.529948	0	0
#SusPed	273.544271	64	0
#SusPed	274.049479	0	0
#SusPed	274.063802	55	0
#SusPed	274.209635	0	0
#SusPed	274.216146	56	0
#SusPed	274.399740	0	0
#SusPed	274.410156	57	0
#SusPed	274.859375	0	0
#SusPed	274.873698	57	0
#SusPed	274.989583	0	0
#SusPed	274.996094	57	0
#SusPed	275.688802	0	0
#SusPed	275.701823	59	0
#SusPed	276.009115	0	0
#SusPed	276.020833	76	0
#SusPed	276.859375	0	0
#SusPed	276.864583	62	0
#SusPed	277.009115	0	0
#SusPed	277.020833	49	0
#SusPed	277.229167	0	0
#SusPed	277.242188	64	0
#SofPed	277.627604	61	0
#SofPed	277.709635	0	0
#SofPed	277.720052	57	0
#SusPed	277.848958	0	0
#SofPed	277.848958	0	0
#SusPed	277.856771	70	0
#SofPed	277.856771	60	0
#SusPed	278.489583	0	0
#SusPed	278.502604	74	0
#SusPed	279.348958	0	0
#SusPed	279.359375	69	0
#SusPed	280.179688	0	0
#SusPed	280.184896	70	0
#SusPed	280.759115	0	0
#SusPed	280.765625	72	0
#SusPed	281.259115	0	0
#SusPed	281.268229	77	0
#SusPed	281.509115	0	0
#SusPed	281.516927	65	0
#SusPed	282.149740	0	0
#SusPed	282.162760	65	0
#SusPed	283.179688	0	0
#SusPed	283.184896	69	0
#SofPed	283.859375	0	0
#SusPed	284.399740	0	0
#SusPed	284.410156	93	0
#SusPed	285.509115	0	0
#SusPed	285.523438	60	0
#SusPed	285.639323	0	0
#SusPed	285.653646	89	0
#SusPed	285.929688	0	0
#SusPed	285.942708	90	0
#SusPed	286.378906	0	0
#SusPed	286.385417	67	0
#SusPed	287.339844	0	0
#SusPed	287.352865	76	0
#SusPed	287.809896	0	0
#SusPed	287.824219	84	0
#SusPed	288.519531	0	0
#SusPed	288.532552	71	0
#SusPed	288.718750	0	0
#SusPed	288.730469	87	0
#SusPed	289.569010	0	0
#SusPed	289.584635	74	0
#SusPed	289.869792	0	0
#SusPed	289.877604	92	0
#SusPed	289.979167	0	0
#SusPed	289.986979	84	0
#SusPed	290.049479	0	0
#SusPed	290.055990	89	0
#SusPed	290.639323	0	0
#SusPed	290.651042	74	0
#SusPed	290.799479	0	0
#SusPed	290.811198	80	0
#SofPed	291.054688	96	0
#SusPed	291.229167	0	0
#SusPed	291.234375	65	0
#SusPed	291.299479	0	0
#SusPed	291.309896	58	0
#SusPed	291.389323	0	0
#SusPed	291.404948	61	0
#SusPed	292.019531	0	0
#SusPed	292.033854	77	0
#SusPed	292.559896	0	0
#SusPed	292.570312	69	0
#SusPed	292.739583	0	0
#SusPed	292.753906	59	0
#SofPed	293.218750	0	0
#SofPed	293.233073	115	0
#SofPed	293.539062	0	0
#SofPed	293.550781	106	0
#SusPed	293.579427	0	0
#SusPed	293.592448	67	0
#SofPed	293.929688	0	0
#SofPed	293.938802	100	0
#SusPed	294.149740	0	0
#SusPed	294.164062	75	0
#SusPed	294.609375	0	0
#SusPed	294.617188	79	0
#SofPed	294.669271	0	0
#SofPed	294.680990	104	0
#SusPed	295.239583	0	0
#SusPed	295.253906	63	0
#SusPed	296.289062	0	0
#SusPed	296.302083	74	0
#SusPed	296.529948	0	0
#SusPed	296.542969	70	0
#SusPed	297.089844	0	0
#SusPed	297.095052	67	0
#SusPed	297.319010	0	0
#SusPed	297.325521	67	0
#SofPed	297.549479	0	0
#SofPed	297.559896	98	0
#SofPed	297.609375	0	0
#SofPed	297.614583	89	0
#SusPed	297.929688	0	0
#SusPed	297.944010	65	0
#SusPed	298.269531	0	0
#SusPed	298.283854	61	0
#SofPed	298.699219	0	0
#SofPed	298.704427	77	0
#SofPed	299.158854	0	0
#SofPed	299.173177	66	0
#SusPed	299.679688	0	0
#SusPed	299.684896	79	0
#SofPed	299.709635	0	0
#SofPed	299.714844	81	0
#SusPed	301.019531	0	0
#SusPed	301.032552	80	0
#SusPed	301.229167	0	0
#SusPed	301.243490	60	0
#SusPed	301.309896	0	0
#SusPed	301.315104	60	0
#SusPed	301.378906	0	0
#SusPed	301.384115	75	0
#SusPed	302.098958	0	0
#SusPed	302.105469	67	0
#SusPed	302.179688	0	0
#SusPed	302.194010	60	0
#SusPed	302.289062	0	0
#SusPed	302.304688	67	0
#SusPed	302.479167	0	0
#SusPed	302.484375	74	0
#SusPed	302.589844	0	0
#SusPed	302.597656	75	0
#SofPed	303.329427	0	0
#SofPed	303.337240	73	0
#SofPed	303.419271	0	0
#SofPed	303.424479	74	0
#SofPed	303.509115	0	0
#SofPed	303.519531	76	0
#SusPed	303.519531	0	0
#SusPed	303.528646	71	0
#SofPed	303.919271	0	0
#SofPed	303.925781	108	0
#SofPed	304.039062	0	0
#SofPed	304.048177	109	0
#SusPed	304.479167	0	0
#SusPed	304.493490	66	0
#SofPed	304.579427	0	0
#SofPed	304.592448	98	0
#SofPed	304.639323	0	0
#SofPed	304.648438	96	0
#SusPed	304.649740	0	0
#SusPed	304.662760	71	0
#SofPed	304.709635	0	0
#SofPed	304.723958	93	0
#SofPed	304.789062	0	0
#SofPed	304.799479	91	0
#SofPed	304.889323	0	0
#SofPed	304.902344	93	0
#SofPed	305.000000	0	0
#SofPed	305.011719	95	0
#SusPed	305.309896	0	0
#SofPed	305.319010	0	0
#SusPed	305.322917	87	0
#SofPed	305.326823	98	0
#SusPed	305.479167	0	0
#SusPed	305.492188	86	0
#SusPed	305.598958	0	0
#SusPed	305.606771	88	0
#SusPed	306.009115	0	0
#SusPed	306.020833	89	0
#SusPed	306.709635	0	0
#SusPed	306.720052	88	0
#SusPed	308.399740	0	0
#SusPed	308.410156	93	0
#SusPed	308.769531	0	0
#SusPed	308.774740	84	0
#SusPed	309.878906	0	0
#SusPed	309.890625	78	0
#SusPed	310.158854	0	0
#SusPed	310.171875	77	0
#SusPed	311.259115	0	0
#SusPed	311.269531	72	0
#SofPed	311.329427	0	0
#SusPed	311.579427	0	0
#SusPed	311.587240	83	0
#SusPed	312.269531	0	0
#SusPed	312.277344	78	0
#SusPed	312.759115	0	0
#SusPed	312.774740	71	0
#SusPed	312.989583	0	0
#SusPed	312.994792	88	0
#SusPed	314.309896	0	0
#SusPed	314.319010	95	0
#SusPed	314.669271	0	0
#SusPed	314.683594	65	0
#SusPed	315.218750	0	0
#SusPed	315.234375	95	0
#SusPed	315.889323	0	0
#SusPed	315.902344	82	0
#SusPed	316.188802	0	0
#SusPed	316.200521	72	0
#SusPed	316.859375	0	0
#SusPed	316.865885	63	0
#SusPed	317.769531	0	0
#SusPed	317.774740	71	0
#SusPed	318.109375	0	0
#SusPed	318.117188	69	0
#SusPed	318.658854	0	0
#SusPed	318.673177	66	0
#SusPed	320.549479	0	0
#SusPed	320.561198	62	0
#SusPed	326.559896	0	0
