//Version: PianoRoll_v170101
0	0.207031	0.286458	G4	73	80	0
1	0.207031	0.274740	G3	72	80	0
2	0.213542	0.283854	B3	73	80	0
3	0.213542	0.292969	E4	71	80	0
4	0.214844	0.263021	E3	71	80	0
5	0.216146	0.285156	E2	69	80	0
6	0.625000	1.123698	G3	81	80	0
7	0.626302	1.029948	G4	76	80	0
8	0.635417	0.959635	B3	80	80	0
9	0.636719	1.118490	E2	79	80	0
10	0.638021	0.794271	E4	77	80	0
11	0.638021	0.649740	E1	80	80	0
12	0.640625	1.098958	E3	79	80	0
13	1.085938	1.134115	F#4	71	80	0
14	1.229167	1.429688	E4	80	80	0
15	1.234375	1.304688	G3	76	80	0
16	1.235677	1.304688	E2	72	80	0
17	1.242188	1.279948	E3	73	80	0
18	1.606771	2.003906	A4	71	80	0
19	1.608073	1.661458	A3	75	80	0
20	1.613281	1.979167	F#4	70	80	0
21	1.617188	1.664062	D3	74	80	0
22	1.617188	1.799479	D4	68	80	0
23	1.617188	1.729167	D2	70	80	0
24	2.417969	2.475260	A4	42	80	0
25	2.424479	2.473958	F#4	37	80	0
26	2.425781	2.479167	D4	35	80	0
27	2.861979	3.319010	A4	44	80	0
28	2.868490	3.158854	D4	34	80	0
29	2.872396	3.348958	F#4	35	80	0
30	2.875000	3.209635	C4	33	80	0
31	3.385417	3.453125	G4	49	80	0
32	3.386719	3.454427	D4	41	80	0
33	3.391927	3.454427	B3	42	80	0
34	3.524740	3.584635	A4	46	80	0
35	3.533854	3.585938	F#4	38	80	0
36	3.539062	3.595052	C4	40	80	0
37	3.942708	4.209635	B4	49	80	0
38	3.951823	4.218750	G4	45	80	0
39	3.954427	4.239583	G3	38	80	0
40	3.958333	4.279948	B3	38	80	0
41	4.584635	4.665365	B4	75	80	0
42	4.587240	4.661458	D4	75	80	0
43	4.589844	4.669271	B3	77	80	0
44	4.589844	4.652344	G3	71	80	0
45	4.593750	4.662760	G2	72	80	0
46	4.593750	4.666667	G4	71	80	0
47	4.985677	5.500000	B4	76	80	0
48	4.988281	5.199219	G3	76	80	0
49	4.992188	5.399740	B3	77	80	0
50	4.993490	5.169271	D4	77	80	0
51	4.993490	5.369792	G2	78	80	0
52	4.994792	5.408854	G4	69	80	0
53	5.483073	5.531250	A4	66	80	0
54	5.614583	5.675781	B3	71	80	0
55	5.615885	5.819010	G4	72	80	0
56	5.618490	5.678385	D4	66	80	0
57	5.621094	5.688802	G3	63	80	0
58	5.623698	5.683594	G2	67	80	0
59	5.625000	5.683594	G1	67	80	0
60	6.022135	6.309896	C#5	76	80	0
61	6.027344	6.239583	F#2	67	80	0
62	6.028646	6.309896	Bb4	70	80	0
63	6.031250	6.239583	F#4	65	80	0
64	6.031250	6.218750	C#4	65	80	0
65	6.032552	6.209635	F#1	70	80	0
66	6.792969	7.010417	C#5	44	80	0
67	6.795573	7.003906	Bb4	38	80	0
68	6.795573	6.985677	F#4	31	80	0
69	7.213542	7.710938	C#5	48	80	0
70	7.235677	7.687500	Bb4	41	80	0
71	7.243490	7.705729	E4	34	80	0
72	7.746094	7.811198	B4	55	80	0
73	7.753906	7.812500	F#4	44	80	0
74	7.763021	7.769531	B3	39	80	0
75	7.906250	8.134115	C#5	50	80	0
76	7.920573	8.115885	Bb4	34	80	0
77	7.921875	8.167969	C#4	35	80	0
78	7.924479	8.179688	E4	30	80	0
79	8.363281	9.259115	D4	34	80	0
80	8.364583	9.169271	B3	36	80	0
81	8.364583	8.809896	D5	48	80	0
82	8.367188	9.309896	B4	39	80	0
83	9.134115	10.029948	D5	66	80	0
84	9.174479	9.285156	B3	26	80	0
85	9.542969	12.089844	G4	35	80	0
86	9.546875	10.039062	D4	32	80	0
87	9.553385	10.209635	B3	35	80	0
88	9.920573	10.209635	G5	67	80	0
89	10.222656	10.519531	G5	51	80	0
90	10.223958	10.389323	B3	34	80	0
91	10.326823	11.679688	E4	46	80	0
92	10.355469	10.908854	E5	61	80	0
93	10.373698	10.378906	C4	34	80	0
94	10.397135	10.489583	B3	33	80	0
95	10.817708	11.359375	A3	29	80	0
96	10.819010	11.304688	D5	51	80	0
97	11.276042	11.519531	C5	47	80	0
98	11.635417	12.062500	Eb4	33	80	0
99	11.636719	12.459635	C5	58	80	0
100	12.003906	12.833333	D4	40	80	0
101	12.333333	12.819010	A5	67	80	0
102	12.371094	14.509115	C4	29	80	0
103	12.713542	13.269531	F#4	30	80	0
104	12.753906	13.575521	C5	54	80	0
105	13.175781	14.037760	G4	36	80	0
106	13.537760	13.789062	B4	52	80	0
107	13.960938	14.839844	B4	53	80	0
108	14.394531	15.709635	E3	27	80	0
109	14.750000	14.968750	G4	45	80	0
110	14.751302	15.589844	B3	32	80	0
111	15.108073	15.639323	E4	28	80	0
112	15.108073	16.069010	G4	38	80	0
113	15.535156	16.089844	C4	38	80	0
114	15.912760	16.074219	E4	48	80	0
115	16.356771	17.579427	C4	25	80	0
116	16.358073	17.408854	E4	38	80	0
117	16.906250	18.718750	C2	22	80	0
118	17.423177	18.378906	G3	32	80	0
119	17.423177	18.628906	E4	31	80	0
120	18.078125	18.449219	E3	24	80	0
121	18.083333	18.089844	B3	24	80	0
122	18.936198	20.309896	B3	30	80	0
123	18.937500	20.250000	Eb4	27	80	0
124	18.945312	20.269531	Eb3	25	80	0
125	18.963542	20.179688	B1	23	80	0
126	18.964844	20.019531	B2	20	80	0
127	21.411458	22.289062	E6	71	80	0
128	21.415365	22.098958	E5	66	80	0
129	21.773438	21.989583	G3	36	80	0
130	21.774740	21.848958	G2	37	80	0
131	21.842448	22.029948	E4	29	80	0
132	21.933594	22.158854	B3	43	80	0
133	22.537760	22.739583	Eb6	74	80	0
134	22.541667	22.657552	Eb5	72	80	0
135	22.541667	22.549479	Bb3	46	80	0
136	22.555990	22.569010	C#4	39	80	0
137	22.813802	23.089844	E6	76	80	0
138	22.816406	23.128906	E5	76	80	0
139	23.371094	23.929688	A2	42	80	0
140	23.375000	23.389323	A3	45	80	0
141	23.406250	24.009115	F#4	62	80	0
142	23.408854	23.729167	F#5	64	80	0
143	23.423177	23.919271	C4	47	80	0
144	23.432292	23.739583	E4	49	80	0
145	24.175781	24.569010	F#4	71	80	0
146	24.180990	24.429688	F#5	70	80	0
147	24.187500	24.479167	E4	63	80	0
148	24.187500	24.449219	C#5	59	80	0
149	24.195312	24.529948	C#4	47	80	0
150	24.686198	25.098958	F#5	70	80	0
151	24.691406	25.369792	F#4	63	80	0
152	24.695312	25.688802	A3	45	80	0
153	24.704427	25.559896	B3	42	80	0
154	24.704427	25.408854	Eb4	48	80	0
155	25.333333	25.552083	G4	59	80	0
156	25.540365	25.692708	A4	63	80	0
157	25.574219	25.779948	B3	35	80	0
158	25.716146	25.859375	G4	60	80	0
159	25.911458	26.399740	F#4	49	80	0
160	25.933594	26.569010	G3	33	80	0
161	25.934896	26.449219	C4	30	80	0
162	26.354167	26.519531	E4	55	80	0
163	26.363281	26.369792	B3	37	80	0
164	26.705729	26.859375	B2	40	80	0
165	26.757812	27.500000	E6	70	80	0
166	26.772135	27.139323	E5	67	80	0
167	26.865885	27.128906	A2	43	80	0
168	27.131510	27.500000	G3	48	80	0
169	27.132812	27.699219	G2	47	80	0
170	27.136719	27.669271	B3	53	80	0
171	27.145833	27.549479	E3	47	80	0
172	27.147135	27.539062	E5	54	80	0
173	27.614583	27.700521	Eb5	69	80	0
174	27.614583	27.718750	Eb6	72	80	0
175	27.803385	27.929688	G#3	63	80	0
176	27.803385	28.299479	G#2	59	80	0
177	27.807292	27.819010	E4	57	80	0
178	27.821615	27.869792	C4	57	80	0
179	27.824219	27.924479	E6	76	80	0
180	27.826823	27.932292	E5	75	80	0
181	28.313802	29.279948	F#4	74	80	0
182	28.313802	28.628906	F#5	71	80	0
183	28.325521	29.299479	A2	50	80	0
184	28.325521	28.339844	E4	60	80	0
185	28.329427	28.766927	C4	57	80	0
186	28.333333	28.789062	A3	59	80	0
187	29.289062	29.929688	F#4	44	80	0
188	29.292969	29.582031	C#4	31	80	0
189	29.303385	29.649740	E4	39	80	0
190	29.937500	30.759115	F#4	42	80	0
191	29.954427	30.769531	Eb4	33	80	0
192	29.955729	31.079427	B2	26	80	0
193	29.963542	31.309896	B1	28	80	0
194	30.759115	30.984375	A4	51	80	0
195	30.768229	30.835938	F#4	36	80	0
196	30.774740	31.119792	Eb4	29	80	0
197	31.037760	31.285156	G4	44	80	0
198	31.042969	31.309896	B3	33	80	0
199	31.315104	31.869792	F#4	37	80	0
200	31.322917	31.539062	B3	29	80	0
201	31.712240	32.718750	E4	40	80	0
202	31.723958	32.119792	G3	32	80	0
203	31.726562	32.669271	B3	33	80	0
204	31.746094	32.069010	E2	27	80	0
205	33.154948	33.289062	B4	45	80	0
206	33.164062	33.231771	B3	32	80	0
207	33.164062	33.233073	Eb4	25	80	0
208	33.165365	33.244792	B2	23	80	0
209	33.173177	33.246094	B1	24	80	0
210	33.584635	34.089844	B4	47	80	0
211	33.587240	33.889323	B3	34	80	0
212	33.606771	33.929688	B2	26	80	0
213	33.613281	33.949219	Eb4	26	80	0
214	33.618490	34.089844	B1	25	80	0
215	34.272135	34.322917	E4	42	80	0
216	34.273438	34.348958	B4	43	80	0
217	34.274740	34.324219	E5	54	80	0
218	34.276042	34.348958	B3	38	80	0
219	34.278646	34.332031	E2	30	80	0
220	34.278646	34.334635	E3	31	80	0
221	34.684896	35.319010	E4	43	80	0
222	34.691406	34.959635	E5	54	80	0
223	34.695312	34.919271	B3	33	80	0
224	34.704427	34.791667	E2	26	80	0
225	34.704427	34.889323	E3	25	80	0
226	35.343750	35.385417	B5	57	80	0
227	35.354167	35.401042	B3	42	80	0
228	35.354167	35.403646	B2	36	80	0
229	35.356771	35.419271	B4	48	80	0
230	35.753906	35.968750	B5	56	80	0
231	35.755208	35.878906	B3	43	80	0
232	35.756510	35.878906	B2	40	80	0
233	35.761719	35.889323	B4	49	80	0
234	36.410156	36.459635	E4	47	80	0
235	36.411458	36.453125	B4	50	80	0
236	36.412760	36.449219	E6	59	80	0
237	36.414062	36.489583	E3	39	80	0
238	36.415365	36.509115	B3	39	80	0
239	36.419271	36.479167	E5	54	80	0
240	36.774740	36.878906	B4	56	80	0
241	36.778646	36.869792	B3	44	80	0
242	36.783854	36.845052	E4	45	80	0
243	36.785156	36.878906	E6	65	80	0
244	36.804688	36.889323	E5	52	80	0
245	37.339844	37.375000	F5	82	80	0
246	37.339844	37.384115	B4	78	80	0
247	37.341146	37.388021	G4	81	80	0
248	37.342448	37.393229	D4	78	80	0
249	37.342448	37.382812	F6	82	80	0
250	37.345052	37.397135	G3	72	80	0
251	37.345052	37.449219	B3	72	80	0
252	37.345052	37.385417	B5	77	80	0
253	37.346354	37.408854	D6	78	80	0
254	37.354167	37.449219	F4	75	80	0
255	37.782552	38.199219	F6	85	80	0
256	37.783854	37.889323	B4	80	80	0
257	37.783854	37.899740	F5	83	80	0
258	37.786458	38.938802	D4	83	80	0
259	37.791667	38.039062	G4	79	80	0
260	37.791667	38.959635	B3	79	80	0
261	37.792969	37.835938	B5	82	80	0
262	37.796875	38.949219	G3	75	80	0
263	37.800781	37.899740	D6	80	80	0
264	37.804688	38.899740	F4	70	80	0
265	38.292969	38.351562	E6	74	80	0
266	38.360677	38.479167	D6	77	80	0
267	38.417969	38.479167	C6	74	80	0
268	38.510417	38.557292	B5	74	80	0
269	38.574219	38.605469	A5	66	80	0
270	38.625000	38.718750	G5	71	80	0
271	38.687500	38.735677	F5	72	80	0
272	38.764323	38.817708	E5	69	80	0
273	38.835938	38.929688	D5	73	80	0
274	38.893229	38.940104	C5	74	80	0
275	38.972656	39.032552	B4	77	80	0
276	39.042969	39.089844	A4	69	80	0
277	39.092448	39.135417	G4	65	80	0
278	39.152344	39.205729	F4	70	80	0
279	39.235677	39.324219	E4	69	80	0
280	39.313802	39.429688	D4	70	80	0
281	39.373698	39.466146	C4	62	80	0
282	39.442708	39.522135	B3	71	80	0
283	39.510417	39.639323	A3	66	80	0
284	39.574219	39.661458	G3	60	80	0
285	39.657552	39.722656	F#3	65	80	0
286	39.722656	39.819010	G3	60	80	0
287	40.414062	40.493490	B2	42	80	0
288	40.415365	40.496094	F4	52	80	0
289	40.420573	40.493490	D4	45	80	0
290	40.427083	40.496094	G3	40	80	0
291	40.427083	40.494792	B1	41	80	0
292	40.433594	40.438802	G2	40	80	0
293	40.826823	41.009115	E4	53	80	0
294	40.834635	41.039062	C4	44	80	0
295	40.835938	41.049479	C2	46	80	0
296	40.835938	40.979167	G3	42	80	0
297	40.841146	41.039062	C3	45	80	0
298	41.501302	41.552083	D6	82	80	0
299	41.502604	41.544271	D5	74	80	0
300	41.503906	41.566406	B3	73	80	0
301	41.507812	41.563802	E4	68	80	0
302	41.511719	41.563802	D4	71	80	0
303	41.513021	41.569010	G#3	69	80	0
304	41.522135	41.559896	E5	62	80	0
305	41.875000	41.949219	G#4	80	80	0
306	41.876302	42.819010	D4	80	80	0
307	41.877604	42.039062	D6	83	80	0
308	41.882812	42.809896	B3	77	80	0
309	41.884115	42.848958	E4	75	80	0
310	41.885417	42.128906	D5	77	80	0
311	41.885417	42.000000	B5	72	80	0
312	41.890625	41.949219	E5	73	80	0
313	41.893229	42.169271	G#5	76	80	0
314	41.893229	42.829427	G#3	75	80	0
315	41.894531	42.419271	E3	71	80	0
316	42.342448	42.395833	C6	68	80	0
317	42.403646	42.445312	B5	70	80	0
318	42.464844	42.524740	A5	67	80	0
319	42.552083	42.608073	G#5	70	80	0
320	42.614583	42.665365	F#5	75	80	0
321	42.674479	42.750000	E5	67	80	0
322	42.726562	42.809896	D5	75	80	0
323	42.795573	42.854167	C5	74	80	0
324	42.865885	42.914062	B4	75	80	0
325	42.921875	42.984375	A4	69	80	0
326	42.994792	43.066406	G#4	73	80	0
327	43.054688	43.218750	F#4	70	80	0
328	43.108073	43.183594	E4	73	80	0
329	43.171875	43.225260	D4	68	80	0
330	43.244792	43.319010	C4	65	80	0
331	43.312500	43.438802	B3	65	80	0
332	43.371094	43.433594	A3	65	80	0
333	43.444010	43.532552	G#3	70	80	0
334	43.514323	43.572917	F#3	65	80	0
335	43.574219	43.644531	E3	68	80	0
336	43.652344	43.734375	Eb3	72	80	0
337	43.713542	43.789062	E3	67	80	0
338	44.347656	44.403646	E3	62	80	0
339	44.354167	44.429688	G#1	66	80	0
340	44.354167	44.424479	G#2	68	80	0
341	44.355469	44.412760	E4	64	80	0
342	44.355469	44.419271	D4	71	80	0
343	44.356771	44.414062	B3	64	80	0
344	44.356771	44.369792	E2	63	80	0
345	44.753906	44.798177	E3	68	80	0
346	44.753906	44.803385	A1	71	80	0
347	44.753906	44.803385	A2	72	80	0
348	44.755208	44.807292	E4	63	80	0
349	44.755208	44.807292	C4	66	80	0
350	44.755208	44.803385	A3	66	80	0
351	45.528646	45.570312	Bb5	62	80	0
352	45.541667	45.584635	Bb3	45	80	0
353	46.023438	46.649740	Bb5	59	80	0
354	46.027344	46.609375	Bb3	29	80	0
355	46.608073	46.665365	A5	49	80	0
356	46.623698	46.859375	Bb3	27	80	0
357	46.708333	46.769531	G5	52	80	0
358	46.782552	46.822917	F5	57	80	0
359	46.864583	46.920573	Eb5	59	80	0
360	46.867188	47.489583	Bb3	41	80	0
361	46.981771	47.014323	D5	52	80	0
362	47.044271	47.128906	C5	49	80	0
363	47.143229	47.269531	Bb4	51	80	0
364	47.244792	47.282552	A4	48	80	0
365	47.325521	47.368490	G4	45	80	0
366	47.408854	47.463542	F4	47	80	0
367	47.513021	47.591146	Eb4	42	80	0
368	47.618490	47.674479	D4	45	80	0
369	47.725260	47.803385	C4	43	80	0
370	47.843750	47.897135	Bb3	40	80	0
371	48.282552	49.000000	Bb3	34	80	0
372	49.003906	49.066406	E4	37	80	0
373	49.005208	49.419271	Bb3	26	80	0
374	49.432292	49.878906	Bb3	28	80	0
375	49.432292	49.839844	E4	37	80	0
376	50.101562	50.255208	E4	30	80	0
377	50.104167	50.246094	G4	38	80	0
378	50.118490	50.255208	Bb3	29	80	0
379	50.532552	50.929688	G4	49	80	0
380	50.533854	50.829427	Bb3	33	80	0
381	50.554688	50.908854	E4	34	80	0
382	51.194010	51.355469	C#5	51	80	0
383	51.195312	51.333333	G4	41	80	0
384	51.197917	51.338542	Bb3	38	80	0
385	51.199219	51.339844	E4	33	80	0
386	51.623698	52.029948	C#5	54	80	0
387	51.632812	52.049479	E4	39	80	0
388	51.635417	52.019531	G4	48	80	0
389	51.636719	52.009115	Bb3	40	80	0
390	52.313802	52.619792	E4	35	80	0
391	52.316406	52.789062	G5	67	80	0
392	52.334635	52.526042	G4	41	80	0
393	52.334635	52.609375	Bb3	40	80	0
394	52.352865	52.799479	C#5	45	80	0
395	52.354167	52.529948	C#4	39	80	0
396	52.804688	53.649740	G5	67	80	0
397	52.813802	53.989583	C#5	52	80	0
398	52.819010	53.468750	G4	50	80	0
399	52.825521	53.389323	Bb3	44	80	0
400	52.832031	53.750000	E4	40	80	0
401	52.835938	53.438802	C#4	39	80	0
402	52.863281	53.369792	E5	44	80	0
403	53.503906	54.139323	F#5	72	80	0
404	53.513021	53.908854	Bb3	39	80	0
405	53.524740	53.759115	F#4	50	80	0
406	53.531250	53.839844	C#4	35	80	0
407	54.024740	54.839844	F5	70	80	0
408	54.054688	54.598958	F4	44	80	0
409	54.057292	54.319010	B3	36	80	0
410	54.059896	54.569010	C#4	37	80	0
411	54.735677	54.878906	F#5	65	80	0
412	54.738281	55.049479	E4	55	80	0
413	54.739583	54.908854	F#4	57	80	0
414	54.742188	54.889323	C#5	56	80	0
415	54.746094	54.869792	Bb3	55	80	0
416	54.753906	54.759115	E5	61	80	0
417	54.759115	54.859375	C#4	52	80	0
418	55.114583	55.929688	F#5	81	80	0
419	55.122396	55.449219	D5	73	80	0
420	55.122396	55.429688	B4	73	80	0
421	55.128906	55.299479	F#4	72	80	0
422	55.139323	55.204427	B3	70	80	0
423	55.164062	55.208333	D4	62	80	0
424	55.342448	55.391927	F#4	56	80	0
425	55.352865	55.393229	D4	48	80	0
426	55.355469	55.419271	B3	49	80	0
427	55.513021	55.669271	B4	58	80	0
428	55.514323	55.567708	D4	58	80	0
429	55.516927	55.569010	F#4	51	80	0
430	55.516927	55.566406	B3	54	80	0
431	55.674479	55.769531	B4	52	80	0
432	55.675781	55.730469	D4	50	80	0
433	55.678385	55.779948	B3	51	80	0
434	55.679688	55.729167	F#4	49	80	0
435	55.854167	55.893229	F#4	48	80	0
436	55.854167	55.959635	B4	51	80	0
437	55.855469	55.919271	D4	48	80	0
438	55.875000	55.929688	B3	35	80	0
439	55.972656	56.023438	B4	54	80	0
440	55.980469	56.024740	F#4	56	80	0
441	55.985677	56.028646	D4	51	80	0
442	55.992188	56.026042	B3	52	80	0
443	56.164062	56.438802	B5	81	80	0
444	56.174479	56.348958	B4	75	80	0
445	56.174479	56.619792	F#5	71	80	0
446	56.174479	56.239583	B3	71	80	0
447	56.178385	56.242188	F#3	65	80	0
448	56.186198	56.259115	D4	67	80	0
449	56.187500	56.250000	D3	63	80	0
450	56.359375	56.519531	B4	65	80	0
451	56.361979	56.415365	D4	57	80	0
452	56.361979	56.410156	F#3	60	80	0
453	56.364583	56.410156	B3	58	80	0
454	56.526042	56.578125	B4	64	80	0
455	56.526042	56.580729	D4	52	80	0
456	56.527344	56.575521	B3	56	80	0
457	56.531250	56.619792	F#4	53	80	0
458	56.533854	56.579427	F#3	47	80	0
459	56.686198	56.738281	B4	62	80	0
460	56.688802	56.742188	D4	53	80	0
461	56.690104	56.740885	B3	58	80	0
462	56.694010	56.742188	F#3	48	80	0
463	56.694010	56.779948	F#4	52	80	0
464	56.846354	56.890625	F#3	48	80	0
465	56.846354	56.908854	A4	56	80	0
466	56.852865	56.891927	D4	50	80	0
467	56.852865	56.893229	B3	59	80	0
468	56.998698	57.045573	D4	58	80	0
469	57.000000	57.036458	B3	55	80	0
470	57.003906	57.044271	F#3	49	80	0
471	57.151042	57.205729	B4	76	80	0
472	57.153646	57.212240	F#3	67	80	0
473	57.154948	57.279948	F#4	70	80	0
474	57.156250	57.218750	A3	71	80	0
475	57.160156	57.250000	Eb4	68	80	0
476	57.160156	57.169271	B3	70	80	0
477	57.345052	57.411458	Eb4	52	80	0
478	57.345052	57.410156	A3	55	80	0
479	57.345052	57.359375	E4	52	80	0
480	57.348958	57.408854	F#3	54	80	0
481	57.352865	57.399740	C4	47	80	0
482	57.513021	57.566406	G3	68	80	0
483	57.515625	57.619792	C4	67	80	0
484	57.515625	57.569010	C5	73	80	0
485	57.516927	57.756510	E4	67	80	0
486	57.691406	57.735677	C4	52	80	0
487	57.692708	57.750000	B4	59	80	0
488	57.692708	57.742188	G3	55	80	0
489	57.694010	57.744792	E3	54	80	0
490	57.854167	57.903646	G3	51	80	0
491	57.855469	57.904948	E4	49	80	0
492	57.858073	57.938802	C4	44	80	0
493	57.858073	57.919271	B3	47	80	0
494	58.026042	58.078125	G3	51	80	0
495	58.026042	58.074219	E3	47	80	0
496	58.027344	58.089844	B4	55	80	0
497	58.028646	58.093750	B3	49	80	0
498	58.029948	58.084635	C4	47	80	0
499	58.175781	58.244792	B3	72	80	0
500	58.175781	58.279948	B4	70	80	0
501	58.177083	58.236979	G3	72	80	0
502	58.177083	58.239583	C5	72	80	0
503	58.178385	58.235677	C4	70	80	0
504	58.180990	58.269531	E3	69	80	0
505	58.186198	58.309896	G4	69	80	0
506	58.188802	58.238281	E4	67	80	0
507	58.355469	58.404948	G3	66	80	0
508	58.355469	58.438802	B3	66	80	0
509	58.356771	58.406250	E4	61	80	0
510	58.544271	58.614583	A3	72	80	0
511	58.545573	58.613281	F#3	70	80	0
512	58.546875	58.669271	Eb4	74	80	0
513	58.725260	58.774740	F#3	57	80	0
514	58.725260	58.779948	A3	63	80	0
515	58.885417	58.899740	C#5	56	80	0
516	58.893229	58.937500	F#3	53	80	0
517	58.894531	58.940104	A3	57	80	0
518	58.903646	58.908854	C#4	47	80	0
519	59.042969	59.095052	A3	65	80	0
520	59.044271	59.097656	F#3	54	80	0
521	59.044271	59.113281	C4	54	80	0
522	59.044271	59.098958	C#4	50	80	0
523	59.200521	59.274740	Eb5	76	80	0
524	59.203125	59.253906	C#5	71	80	0
525	59.204427	59.253906	A4	77	80	0
526	59.212240	59.264323	C4	67	80	0
527	59.212240	59.218750	G#3	68	80	0
528	59.213542	59.263021	F#3	65	80	0
529	59.326823	59.339844	C5	60	80	0
530	59.343750	59.408854	F#4	55	80	0
531	59.354167	59.369792	G#3	58	80	0
532	59.355469	59.395833	C4	55	80	0
533	59.355469	59.394531	F#3	56	80	0
534	59.533854	59.593750	B3	69	80	0
535	59.535156	59.596354	G3	71	80	0
536	59.535156	59.609375	D5	67	80	0
537	59.539062	59.669271	B4	67	80	0
538	59.544271	59.639323	E4	73	80	0
539	59.700521	59.743490	B3	68	80	0
540	59.701823	59.746094	G3	66	80	0
541	59.859375	59.908854	B3	68	80	0
542	59.863281	59.959635	B4	66	80	0
543	59.863281	59.912760	G3	61	80	0
544	60.016927	60.059896	B3	66	80	0
545	60.018229	60.063802	G3	58	80	0
546	60.162760	60.208333	B4	79	80	0
547	60.162760	60.207031	E5	74	80	0
548	60.165365	60.207031	G#3	73	80	0
549	60.165365	60.179688	D4	72	80	0
550	60.165365	60.259115	B3	71	80	0
551	60.317708	60.363281	D4	72	80	0
552	60.324219	60.361979	G#3	71	80	0
553	60.325521	60.389323	Bb3	68	80	0
554	60.479167	60.699219	G#3	73	80	0
555	60.483073	60.579427	B4	76	80	0
556	60.484375	60.524740	C#4	79	80	0
557	60.484375	60.569010	B3	79	80	0
558	60.493490	60.709635	F4	74	80	0
559	60.494792	60.526042	F5	78	80	0
560	60.645833	60.694010	C#4	64	80	0
561	60.647135	60.691406	B3	66	80	0
562	60.808594	60.859375	C#4	50	80	0
563	60.812500	60.847656	B3	53	80	0
564	60.959635	61.014323	G#3	50	80	0
565	60.962240	61.011719	B3	51	80	0
566	60.962240	61.015625	C#4	46	80	0
567	60.963542	61.109375	C#5	53	80	0
568	61.278646	61.419271	E5	46	80	0
569	61.281250	61.378906	C#4	35	80	0
570	61.283854	61.364583	G#4	38	80	0
571	61.285156	61.389323	B4	39	80	0
572	61.524740	61.583333	C#4	41	80	0
573	61.528646	61.609375	F5	56	80	0
574	61.535156	61.578125	G#4	44	80	0
575	61.539062	61.583333	B4	44	80	0
576	61.718750	61.763021	F5	52	80	0
577	61.725260	61.765625	G#4	51	80	0
578	61.726562	61.766927	C#4	41	80	0
579	61.734375	61.770833	B4	46	80	0
580	61.875000	61.921875	C#4	48	80	0
581	61.880208	61.923177	F5	63	80	0
582	61.882812	61.921875	G#4	58	80	0
583	61.882812	61.923177	B4	60	80	0
584	62.044271	62.085938	F5	71	80	0
585	62.050781	62.088542	B4	67	80	0
586	62.052083	62.087240	G#4	61	80	0
587	62.053385	62.087240	C#4	49	80	0
588	62.196615	62.235677	F5	70	80	0
589	62.203125	62.235677	C#4	54	80	0
590	62.204427	62.235677	G#4	65	80	0
591	62.207031	62.269531	B4	62	80	0
592	62.208333	62.239583	C#5	57	80	0
593	62.354167	62.394531	F5	72	80	0
594	62.354167	62.394531	C#4	56	80	0
595	62.361979	62.395833	G#4	69	80	0
596	62.363281	62.397135	B4	66	80	0
597	62.516927	62.555990	F5	70	80	0
598	62.516927	62.579427	C#4	55	80	0
599	62.519531	62.554688	B4	65	80	0
600	62.520833	62.555990	G#4	68	80	0
601	62.653646	62.700521	C#4	64	80	0
602	62.656250	62.704427	F5	75	80	0
603	62.664062	62.701823	G#4	69	80	0
604	62.665365	62.729167	B4	72	80	0
605	62.813802	62.855469	C#4	69	80	0
606	62.815104	62.855469	B4	73	80	0
607	62.816406	62.858073	F5	74	80	0
608	62.817708	62.855469	G#4	72	80	0
609	62.964844	63.005208	C#4	66	80	0
610	62.964844	63.005208	G#4	80	80	0
611	62.966146	63.059896	F5	76	80	0
612	62.973958	63.005208	B4	71	80	0
613	62.973958	63.011719	C#5	67	80	0
614	63.102865	63.148438	G#4	72	80	0
615	63.102865	63.149740	B4	73	80	0
616	63.104167	63.158854	C#4	65	80	0
617	63.106771	63.119792	B3	66	80	0
618	63.292969	63.385417	E4	70	80	0
619	63.292969	63.378906	C#5	69	80	0
620	63.294271	63.399740	Bb4	71	80	0
621	63.302083	63.365885	F#5	78	80	0
622	63.302083	63.429688	C#4	68	80	0
623	63.303385	63.394531	Bb3	71	80	0
624	63.303385	63.375000	F#3	66	80	0
625	63.303385	63.309896	Bb5	70	80	0
626	63.545573	63.597656	G6	83	80	0
627	63.545573	63.598958	G5	78	80	0
628	63.546875	63.606771	Bb5	73	80	0
629	63.550781	63.559896	C#5	70	80	0
630	63.553385	63.628906	Bb4	68	80	0
631	63.553385	63.606771	E4	66	80	0
632	63.554688	63.613281	C#4	65	80	0
633	63.555990	63.569010	G3	61	80	0
634	63.555990	63.569010	G4	69	80	0
635	63.561198	63.611979	E6	69	80	0
636	63.562500	63.610677	Bb3	65	80	0
637	63.734375	63.809896	Bb4	76	80	0
638	63.734375	63.783854	G6	81	80	0
639	63.739583	63.786458	E4	75	80	0
640	63.740885	63.789062	G5	72	80	0
641	63.740885	63.750000	G4	70	80	0
642	63.740885	63.792969	Bb5	76	80	0
643	63.740885	63.789062	C#4	73	80	0
644	63.744792	63.790365	Bb3	74	80	0
645	63.902344	63.947917	Bb5	80	80	0
646	63.902344	63.953125	Bb3	72	80	0
647	63.902344	63.954427	G6	92	80	0
648	63.903646	63.953125	E4	71	80	0
649	63.904948	63.953125	C#4	69	80	0
650	63.904948	63.953125	G5	84	80	0
651	63.907552	63.989583	C#6	84	80	0
652	64.066406	64.139323	G6	81	80	0
653	64.071615	64.123698	E4	67	80	0
654	64.072917	64.130208	G5	76	80	0
655	64.074219	64.131510	C#4	66	80	0
656	64.074219	64.079427	G3	59	80	0
657	64.074219	64.140625	Bb5	71	80	0
658	64.075521	64.125000	Bb3	62	80	0
659	64.255208	64.269531	G4	71	80	0
660	64.255208	64.312500	G5	75	80	0
661	64.255208	64.313802	E4	62	80	0
662	64.255208	64.317708	G6	83	80	0
663	64.256510	64.315104	C#4	64	80	0
664	64.257812	64.315104	Bb5	73	80	0
665	64.259115	64.317708	E6	72	80	0
666	64.260417	64.348958	C#6	75	80	0
667	64.261719	64.313802	Bb3	66	80	0
668	64.434896	64.509115	E5	71	80	0
669	64.436198	64.489583	G6	81	80	0
670	64.437500	64.449219	G4	68	80	0
671	64.437500	64.539062	C#6	72	80	0
672	64.438802	64.502604	G5	74	80	0
673	64.441406	64.514323	E6	72	80	0
674	64.441406	64.510417	C#4	64	80	0
675	64.441406	64.505208	E4	62	80	0
676	64.442708	64.515625	Bb5	72	80	0
677	64.444010	64.510417	Bb3	64	80	0
678	64.653646	64.722656	G6	78	80	0
679	64.654948	64.717448	G5	70	80	0
680	64.654948	64.729167	Bb5	66	80	0
681	64.654948	64.723958	E6	70	80	0
682	64.658854	64.725260	C#4	51	80	0
683	64.661458	64.721354	E4	51	80	0
684	64.664062	64.759115	C#6	68	80	0
685	64.671875	64.727865	Bb3	54	80	0
686	64.877604	64.959635	C#6	61	80	0
687	64.880208	64.889323	C#5	59	80	0
688	64.881510	64.944010	C#4	47	80	0
689	64.882812	64.889323	Bb4	56	80	0
690	64.882812	64.942708	E4	47	80	0
691	64.884115	64.940104	G5	62	80	0
692	64.884115	64.953125	Bb5	57	80	0
693	64.886719	64.899740	G4	52	80	0
694	65.104167	65.154948	G5	65	80	0
695	65.105469	65.173177	Bb5	62	80	0
696	65.108073	65.164062	C#4	48	80	0
697	65.109375	65.188802	C#6	62	80	0
698	65.113281	65.157552	E4	44	80	0
699	65.114583	65.199219	Bb4	57	80	0
700	65.352865	65.424479	G5	58	80	0
701	65.354167	65.359375	Bb5	58	80	0
702	65.354167	65.444010	C#4	42	80	0
703	65.356771	65.438802	C#6	63	80	0
704	65.361979	65.519531	E6	55	80	0
705	65.363281	65.440104	Bb3	46	80	0
706	65.621094	65.628906	G6	62	80	0
707	65.628906	65.686198	G5	57	80	0
708	65.634115	65.695312	Bb5	54	80	0
709	65.643229	65.695312	E4	44	80	0
710	65.652344	65.750000	F#3	40	80	0
711	65.654948	65.869792	E6	49	80	0
712	66.005208	66.158854	B2	36	80	0
713	66.102865	66.157552	G6	57	80	0
714	66.113281	66.209635	G5	49	80	0
715	66.208333	66.265625	D4	41	80	0
716	66.316406	66.519531	F#3	37	80	0
717	66.424479	66.549479	D4	45	80	0
718	66.595052	66.679688	C#3	40	80	0
719	66.600260	66.750000	C#4	36	80	0
720	66.683594	66.747396	F#6	66	80	0
721	66.684896	66.789062	F#5	69	80	0
722	66.850260	66.990885	F#3	37	80	0
723	66.875000	66.980469	E4	32	80	0
724	67.029948	67.199219	D4	41	80	0
725	67.029948	67.299479	D3	42	80	0
726	67.156250	67.279948	F#4	52	80	0
727	67.226562	67.239583	C#5	44	80	0
728	67.243490	67.345052	F#3	43	80	0
729	67.292969	67.459635	F#4	54	80	0
730	67.415365	67.549479	B2	45	80	0
731	67.455729	67.509115	C3	37	80	0
732	67.520833	67.598958	D4	61	80	0
733	67.582031	67.819010	F#3	51	80	0
734	67.680990	67.759115	D4	44	80	0
735	67.764323	67.769531	C#4	53	80	0
736	67.774740	67.938802	B5	78	80	0
737	67.785156	68.468750	B4	78	80	0
738	67.891927	68.049479	E4	60	80	0
739	67.976562	68.057292	F#3	51	80	0
740	68.055990	68.209635	E4	53	80	0
741	68.139323	68.149740	D4	54	80	0
742	68.140625	68.489583	D3	56	80	0
743	68.250000	68.369792	F#4	62	80	0
744	68.298177	68.468750	F#3	50	80	0
745	68.380208	68.539062	F#4	55	80	0
746	68.497396	68.658854	B2	55	80	0
747	68.626302	68.674479	D4	55	80	0
748	68.644531	68.750000	C4	53	80	0
749	68.703125	68.919271	F#3	46	80	0
750	68.790365	68.854167	D4	57	80	0
751	68.891927	68.989583	C#3	56	80	0
752	68.941406	69.024740	F#5	68	80	0
753	68.946615	69.348958	F#4	67	80	0
754	69.045573	69.128906	E4	60	80	0
755	69.136719	69.205729	D3	58	80	0
756	69.143229	69.229167	E4	57	80	0
757	69.235677	69.449219	E4	52	80	0
758	69.317708	69.574219	F#3	56	80	0
759	69.428385	69.669271	F#4	55	80	0
760	69.596354	69.899740	B2	56	80	0
761	69.703125	69.759115	D4	60	80	0
762	69.773438	69.979167	F#3	42	80	0
763	69.871094	69.924479	D4	52	80	0
764	69.964844	69.979167	C#3	54	80	0
765	69.983073	70.468750	B3	67	80	0
766	70.095052	70.199219	E4	48	80	0
767	70.164062	70.236979	F#3	50	80	0
768	70.255208	70.313802	E4	53	80	0
769	70.345052	70.658854	D3	50	80	0
770	70.473958	70.609375	F#4	47	80	0
771	70.481771	70.569010	B3	45	80	0
772	70.546875	70.739583	F#3	46	80	0
773	70.615885	70.750000	F#4	53	80	0
774	70.713542	70.968750	E3	46	80	0
775	70.734375	70.908854	E4	47	80	0
776	70.804688	70.884115	D4	55	80	0
777	70.932292	71.119792	B3	50	80	0
778	71.005208	71.071615	D4	56	80	0
779	71.108073	71.598958	G4	69	80	0
780	71.134115	71.438802	F3	47	80	0
781	71.214844	71.281250	D4	52	80	0
782	71.313802	71.404948	B3	48	80	0
783	71.419271	71.467448	D4	55	80	0
784	71.485677	71.889323	F#3	49	80	0
785	71.575521	71.968750	F#4	68	80	0
786	71.643229	71.690104	D4	48	80	0
787	71.763021	72.009115	B3	42	80	0
788	71.877604	72.039062	D4	48	80	0
789	71.993490	72.299479	F#3	41	80	0
790	72.065104	72.669271	F#4	54	80	0
791	72.217448	72.419271	B3	35	80	0
792	72.321615	72.385417	D4	50	80	0
793	72.432292	72.619792	F#3	41	80	0
794	72.505208	72.561198	D4	42	80	0
795	72.611979	72.839844	B3	40	80	0
796	72.726562	72.789062	D4	35	80	0
797	72.795573	72.869792	D4	39	80	0
798	72.802083	73.169271	F#3	34	80	0
799	72.894531	72.955729	E4	48	80	0
800	72.901042	73.179688	F#4	46	80	0
801	72.927083	73.158854	Bb4	51	80	0
802	73.009115	73.128906	C#4	40	80	0
803	73.084635	73.154948	E4	52	80	0
804	73.203125	73.408854	B2	49	80	0
805	73.322917	73.375000	D4	50	80	0
806	73.403646	73.609375	F#3	38	80	0
807	73.460938	73.503906	G5	68	80	0
808	73.552083	73.617188	D4	57	80	0
809	73.690104	73.959635	C#3	54	80	0
810	73.821615	73.906250	E4	52	80	0
811	73.821615	73.919271	G6	76	80	0
812	73.947917	74.109375	F#3	45	80	0
813	74.027344	74.095052	E4	56	80	0
814	74.117188	74.429688	D3	44	80	0
815	74.256510	74.339844	F#4	46	80	0
816	74.334635	74.483073	F#3	50	80	0
817	74.403646	74.483073	F#6	70	80	0
818	74.411458	74.509115	F#4	51	80	0
819	74.522135	74.658854	B2	59	80	0
820	74.643229	74.694010	D4	64	80	0
821	74.710938	74.848958	F#6	81	80	0
822	74.723958	74.829427	F#3	57	80	0
823	74.808594	74.859375	D4	58	80	0
824	74.884115	75.139323	C#4	57	80	0
825	74.885417	75.049479	C#3	61	80	0
826	74.985677	75.109375	C#6	78	80	0
827	75.013021	75.115885	E4	60	80	0
828	75.083333	75.251302	F#3	51	80	0
829	75.183594	75.229167	E4	51	80	0
830	75.266927	75.609375	D3	54	80	0
831	75.388021	75.436198	F#4	56	80	0
832	75.473958	75.639323	F#3	51	80	0
833	75.513021	75.563802	B5	68	80	0
834	75.518229	75.628906	F#4	60	80	0
835	75.621094	75.718750	B2	62	80	0
836	75.742188	75.791667	D4	62	80	0
837	75.822917	75.829427	C#5	65	80	0
838	75.824219	75.908854	B5	79	80	0
839	75.843750	75.938802	F#3	49	80	0
840	75.904948	75.955729	D4	55	80	0
841	75.985677	76.079427	C#4	54	80	0
842	75.986979	76.109375	C#3	60	80	0
843	76.055990	76.139323	G5	78	80	0
844	76.110677	76.164062	E4	62	80	0
845	76.184896	76.350260	F#3	54	80	0
846	76.277344	76.378906	E4	54	80	0
847	76.345052	76.509115	D3	59	80	0
848	76.472656	76.518229	F#4	54	80	0
849	76.516927	76.669271	F#3	52	80	0
850	76.518229	76.598958	C#5	54	80	0
851	76.593750	76.679688	F#5	67	80	0
852	76.601562	76.699219	F#4	59	80	0
853	76.692708	76.809896	B2	58	80	0
854	76.805990	76.889323	D4	62	80	0
855	76.864583	76.989583	F#3	56	80	0
856	76.884115	76.968750	F#5	73	80	0
857	76.960938	77.079427	D4	60	80	0
858	77.024740	77.188802	C#4	63	80	0
859	77.032552	77.209635	C#3	64	80	0
860	77.080729	77.149740	C#5	75	80	0
861	77.143229	77.289062	E4	66	80	0
862	77.205729	77.449219	F#3	56	80	0
863	77.295573	77.339844	E4	57	80	0
864	77.373698	77.598958	D3	67	80	0
865	77.375000	77.579427	D4	58	80	0
866	77.494792	77.619792	F#4	70	80	0
867	77.535156	77.658854	C#5	60	80	0
868	77.596354	77.647135	B4	80	80	0
869	77.687500	77.878906	E3	63	80	0
870	77.694010	77.764323	E4	59	80	0
871	77.774740	77.908854	B4	77	80	0
872	77.833333	77.902344	D4	67	80	0
873	77.924479	78.149740	B3	63	80	0
874	78.015625	78.063802	D4	60	80	0
875	78.089844	78.449219	F3	55	80	0
876	78.135417	78.279948	G4	76	80	0
877	78.203125	78.264323	D4	65	80	0
878	78.296875	78.408854	B3	64	80	0
879	78.386719	78.444010	D4	64	80	0
880	78.468750	78.709635	F#4	67	80	0
881	78.476562	78.679688	B3	74	80	0
882	78.544271	78.639323	F#3	52	80	0
883	78.593750	78.658854	D4	69	80	0
884	78.694010	78.885417	B3	62	80	0
885	78.735677	79.250000	F#3	54	80	0
886	78.842448	80.239583	F#4	76	80	0
887	79.024740	79.158854	D4	69	80	0
888	79.195312	79.399740	B3	70	80	0
889	79.338542	79.429688	G3	68	80	0
890	79.453125	79.779948	F#2	70	80	0
891	79.457031	79.750000	F#1	71	80	0
892	79.498698	79.582031	F#3	66	80	0
893	79.638021	79.704427	Bb3	80	80	0
894	79.821615	79.938802	B2	78	80	0
895	79.824219	80.184896	B3	76	80	0
896	79.825521	79.908854	B1	69	80	0
897	79.973958	80.035156	C#2	73	80	0
898	79.975260	80.036458	C#4	66	80	0
899	80.143229	80.149740	D1	70	80	0
900	80.144531	80.158854	D3	74	80	0
901	80.144531	80.250000	D2	72	80	0
902	80.283854	80.329427	E3	77	80	0
903	80.283854	80.332031	E2	76	80	0
904	80.438802	80.839844	F#3	81	80	0
905	80.444010	83.419271	F#2	82	80	0
906	80.843750	80.979167	A3	78	80	0
907	80.845052	82.319010	B3	77	80	0
908	80.846354	82.459635	F#3	68	80	0
909	80.861979	81.709635	G3	68	80	0
910	82.256510	83.279948	C4	53	80	0
911	82.264323	82.919271	E2	40	80	0
912	82.268229	83.158854	G3	38	80	0
913	83.050781	84.309896	G4	59	80	0
914	83.106771	83.119792	C#4	27	80	0
915	83.430990	84.509115	F#2	34	80	0
916	83.437500	84.468750	F#3	32	80	0
917	83.441406	84.459635	C#4	33	80	0
918	83.445312	84.429688	E4	38	80	0
919	83.460938	84.419271	Bb3	34	80	0
920	84.243490	84.433594	F#4	57	80	0
921	84.591146	84.651042	B2	62	80	0
922	84.604167	85.019531	B3	65	80	0
923	84.604167	84.645833	B1	60	80	0
924	84.606771	85.179688	F#4	62	80	0
925	84.625000	84.750000	D4	57	80	0
926	84.774740	84.834635	C#2	64	80	0
927	84.774740	84.989583	C#4	61	80	0
928	84.777344	84.826823	C#3	68	80	0
929	84.925781	85.009115	D3	70	80	0
930	84.930990	85.059896	D4	57	80	0
931	84.932292	84.975260	D2	69	80	0
932	85.080729	85.123698	E2	72	80	0
933	85.080729	85.122396	E3	74	80	0
934	85.234375	86.598958	F#3	79	80	0
935	85.239583	87.989583	F#2	81	80	0
936	85.243490	86.309896	F#4	65	80	0
937	85.710938	86.598958	B3	76	80	0
938	85.713542	86.509115	G3	66	80	0
939	86.976562	87.658854	C4	54	80	0
940	86.998698	88.059896	G3	38	80	0
941	87.013021	88.039062	E2	37	80	0
942	87.833333	89.489583	G4	58	80	0
943	87.843750	88.089844	C4	37	80	0
944	88.343750	89.658854	F#2	26	80	0
945	88.348958	89.628906	F#3	27	80	0
946	88.378906	89.619792	Bb3	30	80	0
947	88.384115	89.669271	E4	32	80	0
948	88.385417	89.609375	C#4	30	80	0
949	89.291667	89.299479	F#4	30	80	0
950	90.360677	91.197917	G4	55	80	0
951	90.367188	90.500000	B3	35	80	0
952	90.865885	92.128906	D4	40	80	0
953	90.872396	91.639323	B3	32	80	0
954	91.638021	91.679688	G4	34	80	0
955	91.645833	92.429688	F#4	31	80	0
956	91.649740	92.569010	B3	23	80	0
957	92.755208	93.699219	G4	42	80	0
958	93.223958	94.009115	E4	32	80	0
959	93.239583	93.669271	C#4	23	80	0
960	93.281250	94.289062	F#2	22	80	0
961	93.979167	94.555990	Bb4	46	80	0
962	94.001302	94.218750	C#4	23	80	0
963	94.019531	94.239583	E4	23	80	0
964	94.460938	94.839844	B3	28	80	0
965	94.470052	94.809896	D4	29	80	0
966	94.470052	94.919271	B4	35	80	0
967	94.479167	94.489583	B2	22	80	0
968	94.486979	94.789062	B1	22	80	0
969	95.579427	96.289062	B4	40	80	0
970	95.584635	95.877604	D4	25	80	0
971	95.587240	95.882812	B3	25	80	0
972	96.735677	97.750000	B4	36	80	0
973	96.746094	97.091146	D4	22	80	0
974	96.752604	100.009115	B3	24	80	0
975	96.763021	97.139323	B2	17	80	0
976	97.914062	99.169271	B4	40	80	0
977	99.183594	100.229167	B4	40	80	0
978	100.505208	100.809896	B4	37	80	0
979	101.337240	101.658854	F#4	28	80	0
980	101.341146	101.639323	A5	53	80	0
981	101.342448	101.769531	A4	40	80	0
982	101.346354	101.468750	B4	39	80	0
983	101.552083	101.605469	B4	32	80	0
984	101.833333	102.319010	F#4	32	80	0
985	101.835938	102.466146	A5	63	80	0
986	101.863281	101.949219	B4	44	80	0
987	102.052083	102.128906	B4	33	80	0
988	102.251302	102.292969	B4	43	80	0
989	102.425781	102.500000	B4	42	80	0
990	102.434896	102.739583	G5	53	80	0
991	102.605469	103.089844	F#5	57	80	0
992	102.632812	102.699219	B4	40	80	0
993	102.785156	102.869792	B4	46	80	0
994	102.794271	102.839844	F#4	29	80	0
995	102.990885	103.605469	E4	34	80	0
996	103.015625	103.598958	G4	34	80	0
997	103.024740	103.628906	B5	46	80	0
998	103.041667	103.619792	G5	37	80	0
999	103.218750	103.266927	B4	44	80	0
1000	103.415365	103.479167	B4	46	80	0
1001	103.550781	103.585938	B4	52	80	0
1002	103.725260	103.968750	B5	65	80	0
1003	103.734375	103.968750	E4	45	80	0
1004	103.736979	103.979167	G4	47	80	0
1005	103.739583	103.779948	B4	54	80	0
1006	103.757812	103.938802	G5	49	80	0
1007	103.903646	103.950521	B4	59	80	0
1008	104.126302	104.438802	D4	42	80	0
1009	104.126302	104.718750	B5	66	80	0
1010	104.132812	104.739583	F4	44	80	0
1011	104.151042	104.184896	B4	55	80	0
1012	104.154948	104.628906	G#5	49	80	0
1013	104.350260	104.489583	B4	43	80	0
1014	104.502604	104.541667	B4	43	80	0
1015	104.682292	104.769531	A5	60	80	0
1016	104.686198	104.721354	B4	46	80	0
1017	104.815104	104.876302	D4	41	80	0
1018	104.824219	104.873698	B4	54	80	0
1019	104.843750	104.979167	F4	35	80	0
1020	104.858073	105.158854	B5	55	80	0
1021	104.861979	105.079427	G#5	50	80	0
1022	105.027344	105.089844	B4	40	80	0
1023	105.192708	105.266927	E4	34	80	0
1024	105.195312	105.489583	C4	32	80	0
1025	105.209635	105.609375	C5	42	80	0
1026	105.210938	105.819010	C6	50	80	0
1027	105.216146	105.779948	A5	41	80	0
1028	105.398438	105.450521	E4	30	80	0
1029	105.579427	105.617188	E4	36	80	0
1030	105.735677	105.750000	B4	42	80	0
1031	105.736979	105.777344	E4	45	80	0
1032	105.746094	105.789062	C4	29	80	0
1033	105.886719	105.968750	E4	43	80	0
1034	105.888021	106.059896	C5	60	80	0
1035	105.888021	106.139323	C6	68	80	0
1036	106.066406	106.114583	E4	48	80	0
1037	106.242188	106.311198	E4	46	80	0
1038	106.255208	106.449219	C4	41	80	0
1039	106.273438	106.399740	C5	65	80	0
1040	106.274740	106.709635	C6	71	80	0
1041	106.281250	106.679688	A3	40	80	0
1042	106.433594	106.483073	E4	40	80	0
1043	106.602865	106.648438	E4	46	80	0
1044	106.602865	106.688802	E5	50	80	0
1045	106.604167	106.709635	C5	45	80	0
1046	106.782552	106.816406	E4	48	80	0
1047	106.783854	106.829427	B5	64	80	0
1048	106.783854	106.816406	B4	62	80	0
1049	106.783854	106.848958	C6	63	80	0
1050	106.924479	107.039062	A5	68	80	0
1051	106.927083	107.019531	A4	61	80	0
1052	106.927083	106.985677	E4	51	80	0
1053	106.932292	107.059896	E5	59	80	0
1054	106.932292	107.158854	A3	43	80	0
1055	106.934896	107.147135	C4	44	80	0
1056	107.095052	107.179688	E5	51	80	0
1057	107.096354	107.151042	E4	49	80	0
1058	107.278646	107.334635	F4	50	80	0
1059	107.295573	107.539062	F5	61	80	0
1060	107.296875	107.869792	D6	70	80	0
1061	107.299479	107.509115	B3	50	80	0
1062	107.311198	107.750000	G#3	49	80	0
1063	107.312500	107.769531	D5	63	80	0
1064	107.477865	107.569010	F4	49	80	0
1065	107.640625	107.675781	F4	60	80	0
1066	107.643229	107.848958	F5	60	80	0
1067	107.648438	107.759115	B3	42	80	0
1068	107.803385	107.841146	F4	60	80	0
1069	107.811198	107.878906	B3	44	80	0
1070	107.938802	108.009115	F4	61	80	0
1071	107.940104	107.983073	F5	68	80	0
1072	107.942708	107.949219	B4	62	80	0
1073	107.954427	108.289062	G#3	60	80	0
1074	107.958333	108.218750	B3	63	80	0
1075	107.966146	108.059896	D5	75	80	0
1076	107.967448	108.035156	D6	82	80	0
1077	108.115885	108.209635	F4	59	80	0
1078	108.316406	108.369792	F5	71	80	0
1079	108.321615	108.569010	Bb3	70	80	0
1080	108.322917	108.373698	F4	58	80	0
1081	108.324219	108.479167	D6	80	80	0
1082	108.328125	108.459635	D5	74	80	0
1083	108.489583	108.569010	F4	54	80	0
1084	108.662760	108.700521	F4	59	80	0
1085	108.664062	108.739583	F5	62	80	0
1086	108.666667	108.739583	D5	51	80	0
1087	108.671875	108.759115	Bb3	48	80	0
1088	108.821615	108.908854	F5	63	80	0
1089	108.822917	108.899740	F4	65	80	0
1090	108.834635	108.869792	Bb3	57	80	0
1091	108.873698	108.929688	C5	68	80	0
1092	108.880208	108.889323	D6	63	80	0
1093	108.881510	108.914062	C6	65	80	0
1094	108.985677	109.049479	F4	66	80	0
1095	108.992188	109.139323	Bb3	72	80	0
1096	108.993490	109.052083	D6	80	80	0
1097	108.994792	109.035156	D5	76	80	0
1098	108.996094	109.218750	G#3	70	80	0
1099	109.143229	109.192708	F4	65	80	0
1100	109.145833	109.229167	Bb3	64	80	0
1101	109.303385	109.364583	Eb4	74	80	0
1102	109.304688	109.372396	G3	73	80	0
1103	109.313802	109.373698	Bb3	77	80	0
1104	109.321615	109.589844	Eb5	83	80	0
1105	109.324219	109.419271	Eb6	83	80	0
1106	109.492188	109.554688	G3	65	80	0
1107	109.519531	109.598958	Bb3	54	80	0
1108	109.532552	109.565104	Eb4	55	80	0
1109	109.540365	109.549479	E4	50	80	0
1110	109.619792	109.628906	E4	52	80	0
1111	109.656250	109.697917	Eb4	56	80	0
1112	109.664062	109.705729	Bb3	64	80	0
1113	109.665365	109.750000	G3	57	80	0
1114	109.824219	109.865885	Eb4	60	80	0
1115	109.835938	109.899740	Bb3	55	80	0
1116	109.841146	109.875000	G3	53	80	0
1117	109.842448	109.919271	D5	70	80	0
1118	109.855469	109.888021	D6	68	80	0
1119	109.973958	110.015625	Eb4	63	80	0
1120	109.976562	110.015625	Bb3	63	80	0
1121	109.988281	110.049479	G3	57	80	0
1122	110.011719	110.019531	E6	65	80	0
1123	110.013021	110.059896	Eb6	66	80	0
1124	110.102865	110.161458	G3	67	80	0
1125	110.125000	110.188802	Bb3	68	80	0
1126	110.127604	110.165365	Eb4	61	80	0
1127	110.138021	110.149740	F#4	60	80	0
1128	110.313802	110.389323	F#4	70	80	0
1129	110.313802	110.364583	F#3	71	80	0
1130	110.313802	110.361979	Bb3	73	80	0
1131	110.315104	110.759115	Eb4	76	80	0
1132	110.484375	110.579427	F#4	60	80	0
1133	110.485677	110.544271	Bb3	68	80	0
1134	110.486979	110.542969	C#5	65	80	0
1135	110.488281	110.548177	F#3	62	80	0
1136	110.657552	110.713542	F#3	53	80	0
1137	110.658854	110.714844	Bb3	62	80	0
1138	110.817708	110.868490	C#5	61	80	0
1139	110.824219	110.881510	Bb3	61	80	0
1140	110.832031	110.884115	F#3	53	80	0
1141	110.847656	110.886719	D4	66	80	0
1142	110.980469	111.059896	F#4	66	80	0
1143	110.984375	111.033854	F#3	66	80	0
1144	110.984375	111.031250	Bb3	66	80	0
1145	110.986979	111.029948	Eb4	71	80	0
1146	111.131510	111.173177	Bb3	71	80	0
1147	111.132812	111.174479	F#3	60	80	0
1148	111.132812	111.199219	F#4	58	80	0
1149	111.304688	111.598958	F#4	79	80	0
1150	111.304688	111.360677	F#3	74	80	0
1151	111.309896	111.319010	C4	69	80	0
1152	111.309896	111.389323	Eb4	74	80	0
1153	111.311198	111.399740	Eb3	72	80	0
1154	111.505208	111.550781	Bb4	63	80	0
1155	111.506510	111.557292	Eb3	56	80	0
1156	111.509115	111.569010	Eb4	58	80	0
1157	111.509115	111.553385	F#3	55	80	0
1158	111.662760	111.759115	F#4	59	80	0
1159	111.664062	111.712240	F#3	57	80	0
1160	111.666667	111.710938	Eb4	58	80	0
1161	111.666667	111.713542	Eb3	56	80	0
1162	111.673177	111.679688	C4	52	80	0
1163	111.812500	111.878906	Eb3	64	80	0
1164	111.812500	111.869792	F#3	59	80	0
1165	111.847656	111.908854	D4	64	80	0
1166	111.854167	111.908854	F4	65	80	0
1167	111.970052	112.049479	F#4	74	80	0
1168	111.972656	112.013021	F#3	69	80	0
1169	111.976562	112.014323	Eb4	68	80	0
1170	111.976562	112.029948	Eb3	66	80	0
1171	111.980469	111.989583	C4	58	80	0
1172	111.984375	112.033854	Eb5	69	80	0
1173	112.115885	112.128906	C#5	64	80	0
1174	112.130208	112.201823	F#3	58	80	0
1175	112.134115	112.239583	Eb3	55	80	0
1176	112.136719	112.149740	C4	55	80	0
1177	112.322917	112.380208	Eb4	72	80	0
1178	112.324219	112.609375	F#5	75	80	0
1179	112.324219	112.549479	F#4	69	80	0
1180	112.326823	112.429688	Eb3	72	80	0
1181	112.326823	112.408854	C4	68	80	0
1182	112.333333	112.569010	Eb5	72	80	0
1183	112.333333	112.384115	C3	72	80	0
1184	112.372396	112.378906	E5	59	80	0
1185	112.485677	112.500000	C5	62	80	0
1186	112.494792	112.555990	Eb3	61	80	0
1187	112.502604	112.554688	C3	56	80	0
1188	112.664062	112.718750	F#3	58	80	0
1189	112.665365	112.712240	Eb3	58	80	0
1190	112.666667	112.714844	C3	58	80	0
1191	112.825521	112.878906	F#3	55	80	0
1192	112.828125	112.871094	F5	69	80	0
1193	112.829427	112.875000	C3	59	80	0
1194	112.832031	112.868490	D5	70	80	0
1195	112.955729	113.003906	F#5	78	80	0
1196	112.967448	113.003906	Eb5	70	80	0
1197	112.976562	113.022135	Eb3	60	80	0
1198	112.976562	112.989583	C4	56	80	0
1199	112.981771	113.022135	F#3	54	80	0
1200	112.981771	113.016927	C3	60	80	0
1201	113.114583	113.175781	Eb3	60	80	0
1202	113.117188	113.175781	C3	52	80	0
1203	113.303385	113.364583	C6	84	80	0
1204	113.304688	113.354167	C5	79	80	0
1205	113.307292	113.378906	F#3	70	80	0
1206	113.309896	113.358073	A3	72	80	0
1207	113.312500	113.368490	A2	71	80	0
1208	113.320312	113.363281	C3	67	80	0
1209	113.457031	113.609375	A2	70	80	0
1210	113.457031	113.500000	C3	62	80	0
1211	113.457031	113.468750	F#3	61	80	0
1212	113.614583	113.769531	A2	53	80	0
1213	113.615885	113.709635	C3	53	80	0
1214	113.781250	113.789062	F#3	65	80	0
1215	113.782552	113.838542	A2	73	80	0
1216	113.790365	113.889323	C3	67	80	0
1217	113.798177	113.839844	B4	74	80	0
1218	113.940104	113.979167	A2	69	80	0
1219	113.940104	113.976562	A3	69	80	0
1220	113.942708	114.000000	F#3	67	80	0
1221	113.944010	113.983073	C3	66	80	0
1222	113.944010	113.983073	C5	74	80	0
1223	113.944010	113.988281	C6	78	80	0
1224	114.092448	114.143229	A3	57	80	0
1225	114.092448	114.147135	A2	58	80	0
1226	114.279948	114.289062	C4	72	80	0
1227	114.282552	114.369792	C3	72	80	0
1228	114.283854	114.378906	A3	81	80	0
1229	114.285156	114.489583	F#2	73	80	0
1230	114.286458	114.438802	A2	76	80	0
1231	114.286458	114.378906	F#3	73	80	0
1232	114.453125	114.549479	A2	56	80	0
1233	114.459635	114.489583	C3	58	80	0
1234	114.626302	114.678385	A3	69	80	0
1235	114.627604	114.683594	A2	62	80	0
1236	114.627604	114.639323	C#4	62	80	0
1237	114.630208	114.694010	C3	59	80	0
1238	114.632812	114.750000	F#2	63	80	0
1239	114.632812	114.683594	F#3	60	80	0
1240	114.789062	114.852865	A2	68	80	0
1241	114.791667	114.799479	C4	62	80	0
1242	114.792969	114.852865	C3	65	80	0
1243	114.792969	114.852865	G#3	76	80	0
1244	114.792969	114.845052	F#3	68	80	0
1245	114.794271	114.846354	A3	76	80	0
1246	114.795573	114.845052	F#2	69	80	0
1247	114.945312	114.959635	C4	66	80	0
1248	114.946615	114.959635	E4	64	80	0
1249	114.947917	114.990885	A3	82	80	0
1250	114.950521	115.029948	A2	76	80	0
1251	114.953125	114.992188	F#3	67	80	0
1252	114.953125	115.009115	C3	62	80	0
1253	114.953125	115.009115	F#2	65	80	0
1254	115.096354	115.183594	C3	59	80	0
1255	115.096354	115.178385	A2	61	80	0
1256	115.100260	115.218750	F#2	61	80	0
1257	115.287760	115.369792	A3	78	80	0
1258	115.291667	115.299479	F#4	76	80	0
1259	115.292969	115.348958	F#3	72	80	0
1260	115.292969	115.354167	C3	73	80	0
1261	115.294271	115.359375	A2	78	80	0
1262	115.303385	115.378906	F#2	79	80	0
1263	115.312500	115.579427	F#6	87	80	0
1264	115.479167	115.540365	A2	62	80	0
1265	115.484375	115.559896	F#2	67	80	0
1266	115.485677	115.545573	C3	62	80	0
1267	115.645833	115.697917	A2	60	80	0
1268	115.645833	115.695312	C3	61	80	0
1269	115.648438	115.718750	F#2	64	80	0
1270	115.653646	115.658854	E6	63	80	0
1271	115.783854	115.832031	F6	79	80	0
1272	115.789062	115.839844	F#2	68	80	0
1273	115.792969	115.889323	C3	61	80	0
1274	115.794271	115.854167	A2	61	80	0
1275	115.796875	115.809896	E6	74	80	0
1276	115.921875	115.972656	F#5	82	80	0
1277	115.924479	115.973958	F#6	83	80	0
1278	115.933594	115.938802	A1	69	80	0
1279	115.934896	115.989583	A2	65	80	0
1280	115.938802	116.003906	F#2	67	80	0
1281	116.076823	116.161458	A2	66	80	0
1282	116.079427	116.164062	C3	62	80	0
1283	116.079427	116.149740	F#2	61	80	0
1284	116.083333	116.089844	E2	59	80	0
1285	116.277344	116.355469	C5	76	80	0
1286	116.277344	116.360677	A4	71	80	0
1287	116.278646	116.352865	A2	66	80	0
1288	116.278646	116.289062	C4	64	80	0
1289	116.281250	116.289062	E2	65	80	0
1290	116.281250	116.355469	C3	63	80	0
1291	116.282552	116.359375	F#2	65	80	0
1292	116.285156	116.299479	E5	64	80	0
1293	116.450521	116.516927	C3	64	80	0
1294	116.450521	116.459635	C4	61	80	0
1295	116.451823	116.718750	F#2	68	80	0
1296	116.453125	116.514323	A2	62	80	0
1297	116.457031	116.468750	E4	64	80	0
1298	116.602865	116.665365	A2	64	80	0
1299	116.606771	116.669271	E4	62	80	0
1300	116.609375	116.649740	F#4	63	80	0
1301	116.611979	116.679688	A3	62	80	0
1302	116.613281	116.699219	C4	54	80	0
1303	116.760417	116.815104	B4	73	80	0
1304	116.760417	116.816406	F#3	59	80	0
1305	116.760417	116.809896	A3	65	80	0
1306	116.761719	116.769531	B3	64	80	0
1307	116.761719	116.822917	A2	64	80	0
1308	116.764323	116.812500	A4	69	80	0
1309	116.764323	116.839844	F#4	59	80	0
1310	116.907552	116.968750	C5	74	80	0
1311	116.911458	116.919271	A3	66	80	0
1312	116.914062	117.119792	A4	69	80	0
1313	116.914062	117.128906	A2	65	80	0
1314	116.915365	117.119792	F#3	62	80	0
1315	116.915365	117.009115	C4	62	80	0
1316	116.916667	117.029948	F#4	65	80	0
1317	116.921875	116.929688	E4	63	80	0
1318	116.921875	117.109375	C3	63	80	0
1319	116.928385	116.979167	E5	64	80	0
1320	117.223958	117.295573	B4	71	80	0
1321	117.225260	117.239583	G#1	69	80	0
1322	117.225260	117.449219	G#4	72	80	0
1323	117.226562	117.239583	D4	64	80	0
1324	117.229167	117.459635	F4	66	80	0
1325	117.233073	117.303385	F5	67	80	0
1326	117.393229	117.434896	G2	55	80	0
1327	117.394531	117.459635	G1	55	80	0
1328	117.394531	117.449219	G4	54	80	0
1329	117.403646	117.453125	F5	59	80	0
1330	117.545573	117.628906	G1	50	80	0
1331	117.549479	117.595052	G2	51	80	0
1332	117.727865	117.777344	F5	60	80	0
1333	117.738281	117.791667	B4	49	80	0
1334	117.740885	117.809896	D5	51	80	0
1335	117.750000	117.794271	G#4	50	80	0
1336	117.933594	118.014323	E5	54	80	0
1337	117.934896	118.014323	G4	47	80	0
1338	117.940104	118.029948	C5	43	80	0
1339	118.304688	118.388021	Eb5	55	80	0
1340	118.305990	118.375000	F#4	42	80	0
1341	118.311198	118.375000	A4	50	80	0
1342	118.437500	118.539062	B3	30	80	0
1343	118.635417	118.691406	G1	37	80	0
1344	118.648438	118.729167	F4	30	80	0
1345	118.794271	118.846354	Eb5	56	80	0
1346	118.795573	118.845052	F#4	50	80	0
1347	118.798177	118.845052	A4	52	80	0
1348	118.964844	119.035156	D5	58	80	0
1349	118.980469	119.033854	B4	50	80	0
1350	118.981771	119.036458	F4	43	80	0
1351	118.984375	118.989583	G4	43	80	0
1352	119.329427	119.401042	C#5	56	80	0
1353	119.335938	119.404948	E4	43	80	0
1354	119.335938	119.403646	G4	43	80	0
1355	119.496094	119.561198	G1	37	80	0
1356	119.496094	119.563802	B3	36	80	0
1357	119.682292	119.742188	D4	39	80	0
1358	119.683594	119.746094	G2	40	80	0
1359	119.684896	119.748698	G1	41	80	0
1360	119.820312	119.876302	C5	55	80	0
1361	119.835938	119.885417	Eb4	45	80	0
1362	119.838542	119.884115	G4	46	80	0
1363	120.003906	120.061198	B4	58	80	0
1364	120.005208	120.070312	G4	52	80	0
1365	120.013021	120.082031	D4	51	80	0
1366	120.358073	120.514323	Bb4	51	80	0
1367	120.367188	120.493490	E4	38	80	0
1368	120.367188	120.492188	C#4	37	80	0
1369	120.373698	120.514323	G4	34	80	0
1370	120.505208	120.589844	G2	38	80	0
1371	120.506510	120.597656	G1	40	80	0
1372	120.694010	120.761719	A4	46	80	0
1373	120.695312	120.765625	E4	40	80	0
1374	120.696615	120.781250	C4	37	80	0
1375	120.843750	120.923177	G2	34	80	0
1376	120.845052	120.914062	G1	37	80	0
1377	121.036458	121.141927	G#4	48	80	0
1378	121.041667	121.132812	Eb4	37	80	0
1379	121.044271	121.144531	C4	34	80	0
1380	121.187500	121.309896	G1	33	80	0
1381	121.187500	121.264323	G2	31	80	0
1382	121.390625	121.579427	G4	49	80	0
1383	121.537760	121.623698	G1	35	80	0
1384	121.542969	121.649740	G2	30	80	0
1385	121.545573	121.654948	B3	32	80	0
1386	121.734375	121.989583	F#4	47	80	0
1387	121.878906	121.989583	C#4	35	80	0
1388	121.880208	122.029948	A2	41	80	0
1389	121.882812	122.029948	A1	42	80	0
1390	122.065104	122.335938	F4	52	80	0
1391	122.221354	122.343750	B2	35	80	0
1392	122.223958	122.345052	B1	37	80	0
1393	122.234375	122.389323	B3	38	80	0
1394	122.394531	122.587240	E4	61	80	0
1395	122.536458	122.699219	C3	52	80	0
1396	122.537760	122.759115	C2	51	80	0
1397	122.714844	122.911458	Eb4	67	80	0
1398	122.851562	123.029948	C#4	57	80	0
1399	122.851562	123.098958	C#2	60	80	0
1400	122.852865	123.019531	C#3	60	80	0
1401	123.024740	123.108073	D4	72	80	0
1402	123.156250	123.332031	D2	60	80	0
1403	123.157552	123.329427	D3	63	80	0
1404	123.341146	123.567708	C#4	77	80	0
1405	123.483073	123.709635	Eb3	67	80	0
1406	123.490885	123.673177	Eb2	61	80	0
1407	123.674479	123.979167	C4	73	80	0
1408	123.833333	123.936198	E3	62	80	0
1409	123.834635	123.937500	E2	61	80	0
1410	124.005208	124.192708	B3	69	80	0
1411	124.145833	124.269531	F3	41	80	0
1412	124.145833	124.285156	F2	45	80	0
1413	124.356771	124.549479	Bb3	56	80	0
1414	124.520833	124.598958	F#3	40	80	0
1415	124.523438	124.694010	F#2	44	80	0
1416	124.725260	124.867188	A3	46	80	0
1417	124.875000	125.079427	G2	35	80	0
1418	124.875000	125.049479	G1	35	80	0
1419	124.876302	125.059896	G3	36	80	0
1420	125.075521	125.238281	G#3	46	80	0
1421	125.281250	125.545573	G2	28	80	0
1422	125.554688	125.786458	G#3	43	80	0
1423	125.845052	125.994792	G3	39	80	0
1424	126.194010	127.459635	G4	51	80	0
1425	127.128906	127.639323	F4	33	80	0
1426	128.000000	129.023438	G4	50	80	0
1427	128.032552	128.709635	F4	31	80	0
1428	128.036458	128.628906	B3	31	80	0
1429	128.489583	129.089844	E4	44	80	0
1430	128.496094	128.769531	C4	40	80	0
1431	128.915365	129.859375	C5	62	80	0
1432	128.916667	129.459635	C4	40	80	0
1433	129.371094	129.813802	A4	61	80	0
1434	129.378906	129.882812	C#4	43	80	0
1435	129.805990	132.039062	G4	53	80	0
1436	129.841146	129.989583	D4	35	80	0
1437	130.251302	130.584635	F4	45	80	0
1438	130.261719	130.623698	A3	31	80	0
1439	130.645833	131.069010	Bb3	31	80	0
1440	130.656250	130.809896	D4	32	80	0
1441	130.666667	131.553385	F4	36	80	0
1442	131.062500	131.567708	B3	33	80	0
1443	131.475260	131.845052	G3	30	80	0
1444	131.480469	131.489583	Bb3	34	80	0
1445	131.481771	132.669271	D5	54	80	0
1446	131.505208	131.859375	C4	23	80	0
1447	131.855469	132.598958	D4	29	80	0
1448	131.903646	132.622396	F4	35	80	0
1449	132.287760	132.618490	C#4	32	80	0
1450	132.666667	132.920573	E4	36	80	0
1451	132.675781	132.920573	C4	24	80	0
1452	133.033854	133.279948	C4	51	80	0
1453	133.033854	133.269531	Bb3	48	80	0
1454	133.054688	133.188802	E4	39	80	0
1455	133.153646	133.207031	G4	42	80	0
1456	133.239583	133.369792	C5	47	80	0
1457	133.302083	133.449219	E5	32	80	0
1458	133.375000	133.500000	F5	57	80	0
1459	133.403646	133.869792	A3	43	80	0
1460	133.483073	133.598958	C5	52	80	0
1461	133.579427	133.639323	A4	46	80	0
1462	133.628906	133.674479	F4	49	80	0
1463	133.703125	133.740885	A4	60	80	0
1464	133.783854	134.049479	F3	52	80	0
1465	133.783854	133.848958	F5	66	80	0
1466	133.785156	133.929688	F4	63	80	0
1467	133.843750	133.902344	C5	61	80	0
1468	133.947917	134.031250	F5	51	80	0
1469	134.042969	134.080729	B5	55	80	0
1470	134.123698	134.494792	D4	63	80	0
1471	134.139323	134.489583	F#3	51	80	0
1472	134.165365	134.269531	A5	60	80	0
1473	134.256510	134.294271	D5	57	80	0
1474	134.334635	134.402344	A5	58	80	0
1475	134.417969	134.488281	D6	64	80	0
1476	134.514323	134.920573	C4	58	80	0
1477	134.515625	134.919271	G3	47	80	0
1478	134.536458	134.628906	A5	56	80	0
1479	134.630208	134.666667	D5	53	80	0
1480	134.721354	134.800781	A5	57	80	0
1481	134.822917	134.873698	Bb5	62	80	0
1482	134.895833	135.169271	Bb3	63	80	0
1483	134.912760	135.199219	D3	46	80	0
1484	134.941406	134.990885	G5	57	80	0
1485	135.005208	135.069010	D5	57	80	0
1486	135.089844	135.135417	G5	52	80	0
1487	135.162760	135.259115	Bb5	65	80	0
1488	135.227865	135.239583	G4	64	80	0
1489	135.234375	136.199219	Bb3	71	80	0
1490	135.243490	135.628906	F3	54	80	0
1491	135.347656	135.438802	C#6	64	80	0
1492	135.350260	135.408854	C#5	60	80	0
1493	135.457031	135.496094	G5	51	80	0
1494	135.527344	135.639323	Bb5	59	80	0
1495	135.582031	136.059896	C4	45	80	0
1496	135.584635	135.688802	E3	53	80	0
1497	135.613281	135.661458	G5	54	80	0
1498	135.686198	135.779948	C5	56	80	0
1499	135.776042	135.848958	G5	55	80	0
1500	135.863281	135.934896	Bb5	67	80	0
1501	135.975260	136.158854	G4	70	80	0
1502	135.994792	136.089844	E5	61	80	0
1503	136.075521	136.158854	C5	56	80	0
1504	136.194010	136.299479	E5	58	80	0
1505	136.260417	136.378906	G5	62	80	0
1506	136.345052	136.399740	G4	54	80	0
1507	136.345052	137.134115	Bb3	60	80	0
1508	136.348958	136.779948	C4	54	80	0
1509	136.389323	136.459635	F5	61	80	0
1510	136.391927	136.454427	G5	62	80	0
1511	136.485677	136.553385	E5	53	80	0
1512	136.563802	136.614583	G5	54	80	0
1513	136.640625	136.759115	C6	61	80	0
1514	136.720052	136.729167	E5	50	80	0
1515	136.729167	137.158854	F3	41	80	0
1516	136.730469	136.869792	G5	52	80	0
1517	136.802083	136.878906	E5	41	80	0
1518	136.882812	136.941406	G5	55	80	0
1519	136.992188	137.050781	C6	52	80	0
1520	137.087240	137.144531	A5	56	80	0
1521	137.089844	137.199219	A3	49	80	0
1522	137.157552	137.269531	F5	46	80	0
1523	137.257812	137.332031	A5	49	80	0
1524	137.354167	137.468750	C6	48	80	0
1525	137.429688	138.144531	A2	50	80	0
1526	137.432292	137.959635	A3	48	80	0
1527	137.442708	137.489583	A5	47	80	0
1528	137.522135	137.561198	F5	50	80	0
1529	137.597656	137.654948	A5	56	80	0
1530	137.687500	137.740885	C6	55	80	0
1531	137.782552	137.859375	A5	52	80	0
1532	137.854167	137.897135	F5	54	80	0
1533	137.938802	137.985677	A5	54	80	0
1534	138.014323	138.109375	D6	60	80	0
1535	138.076823	138.500000	D3	58	80	0
1536	138.102865	138.250000	A5	54	80	0
1537	138.174479	138.225260	F5	52	80	0
1538	138.260417	138.339844	A5	54	80	0
1539	138.335938	138.411458	D6	57	80	0
1540	138.416667	138.750000	Bb2	59	80	0
1541	138.421875	138.559896	Bb5	60	80	0
1542	138.670573	138.832031	D6	56	80	0
1543	138.772135	138.817708	B5	53	80	0
1544	138.781250	139.158854	A2	56	80	0
1545	138.865885	139.000000	F5	50	80	0
1546	138.988281	139.032552	B5	44	80	0
1547	139.057292	139.188802	D6	55	80	0
1548	139.144531	139.419271	G#2	50	80	0
1549	139.156250	139.196615	B5	55	80	0
1550	139.250000	139.329427	E5	46	80	0
1551	139.334635	139.419271	B5	56	80	0
1552	139.407552	139.509115	D6	59	80	0
1553	139.489583	139.658854	G#2	59	80	0
1554	139.505208	139.554688	B5	60	80	0
1555	139.595052	139.644531	E5	52	80	0
1556	139.687500	139.740885	B5	57	80	0
1557	139.773438	139.929688	D6	67	80	0
1558	139.833333	140.279948	G#2	61	80	0
1559	139.868490	139.923177	B5	56	80	0
1560	139.975260	140.027344	E5	53	80	0
1561	140.063802	140.108073	B5	61	80	0
1562	140.141927	140.309896	D6	68	80	0
1563	140.223958	141.079427	E3	69	80	0
1564	140.235677	140.289062	B5	59	80	0
1565	140.319010	140.429688	E5	55	80	0
1566	140.427083	140.493490	B5	62	80	0
1567	140.520833	140.649740	D6	69	80	0
1568	140.602865	140.769531	G#2	58	80	0
1569	140.614583	140.718750	B5	62	80	0
1570	140.694010	140.769531	E5	62	80	0
1571	140.787760	140.878906	B5	65	80	0
1572	140.856771	141.009115	D6	70	80	0
1573	140.932292	141.449219	A2	55	80	0
1574	140.944010	140.992188	B5	67	80	0
1575	141.019531	141.074219	E5	63	80	0
1576	141.096354	141.174479	B5	70	80	0
1577	141.186198	141.259115	C6	78	80	0
1578	141.246094	142.128906	E3	70	80	0
1579	141.286458	141.369792	A5	71	80	0
1580	141.363281	141.424479	E5	55	80	0
1581	141.455729	141.519531	A5	62	80	0
1582	141.539062	141.639323	C6	68	80	0
1583	141.613281	141.750000	A5	58	80	0
1584	141.613281	141.949219	A2	54	80	0
1585	141.666667	141.759115	E5	59	80	0
1586	141.763021	141.812500	A5	61	80	0
1587	141.842448	141.898438	C6	66	80	0
1588	141.942708	142.000000	A5	57	80	0
1589	141.951823	142.399740	B2	57	80	0
1590	141.984375	142.039062	D5	62	80	0
1591	142.055990	142.153646	A5	61	80	0
1592	142.141927	142.205729	B5	73	80	0
1593	142.242188	142.250000	E5	58	80	0
1594	142.243490	143.119792	E3	73	80	0
1595	142.246094	142.321615	G#5	67	80	0
1596	142.320312	142.361979	D5	65	80	0
1597	142.492188	142.535156	B5	68	80	0
1598	142.582031	142.647135	G#5	64	80	0
1599	142.585938	142.949219	B2	56	80	0
1600	142.647135	142.699219	D5	64	80	0
1601	142.753906	142.802083	G#5	59	80	0
1602	142.825521	142.929688	B5	66	80	0
1603	142.908854	143.339844	C3	62	80	0
1604	142.940104	143.000000	C5	61	80	0
1605	143.035156	143.101562	G#5	64	80	0
1606	143.117188	143.218750	B5	73	80	0
1607	143.209635	143.968750	E3	76	80	0
1608	143.213542	143.277344	E5	58	80	0
1609	143.213542	143.286458	G#5	67	80	0
1610	143.312500	143.356771	A5	70	80	0
1611	143.385417	143.430990	C5	65	80	0
1612	143.481771	143.537760	A5	64	80	0
1613	143.572917	143.848958	C4	59	80	0
1614	143.574219	143.679688	G#5	68	80	0
1615	143.674479	143.779948	A5	69	80	0
1616	143.725260	143.779948	C5	60	80	0
1617	143.825521	143.908854	A5	59	80	0
1618	143.921875	143.975260	A5	69	80	0
1619	143.923177	143.996094	Eb3	60	80	0
1620	144.003906	144.049479	B4	67	80	0
1621	144.084635	144.138021	A5	63	80	0
1622	144.157552	144.217448	B5	73	80	0
1623	144.248698	144.298177	A5	72	80	0
1624	144.252604	145.079427	B3	75	80	0
1625	144.320312	144.468750	B4	65	80	0
1626	144.427083	144.471354	A5	65	80	0
1627	144.500000	144.545573	B5	67	80	0
1628	144.592448	144.626302	A5	66	80	0
1629	144.600260	144.750000	Eb3	53	80	0
1630	144.656250	144.739583	B4	62	80	0
1631	144.738281	144.794271	A5	66	80	0
1632	144.819010	144.889323	B5	67	80	0
1633	144.852865	144.884115	C6	64	80	0
1634	144.907552	144.959635	A5	69	80	0
1635	144.932292	145.279948	E3	67	80	0
1636	144.981771	145.026042	B4	68	80	0
1637	145.074219	145.132812	A5	72	80	0
1638	145.153646	145.250000	B5	77	80	0
1639	145.235677	145.769531	C4	79	80	0
1640	145.251302	145.304688	A5	68	80	0
1641	145.339844	145.449219	B4	67	80	0
1642	145.441406	145.489583	A5	70	80	0
1643	145.516927	145.598958	B5	74	80	0
1644	145.557292	145.769531	E3	58	80	0
1645	145.610677	145.654948	A5	68	80	0
1646	145.694010	145.769531	B4	63	80	0
1647	145.770833	145.816406	A5	68	80	0
1648	145.843750	145.959635	B5	68	80	0
1649	145.944010	145.996094	Bb5	67	80	0
1650	145.944010	146.350260	F#3	65	80	0
1651	146.015625	146.072917	B4	69	80	0
1652	146.114583	146.178385	A5	68	80	0
1653	146.190104	146.248698	B5	74	80	0
1654	146.285156	146.348958	A5	75	80	0
1655	146.291667	146.799479	Eb4	78	80	0
1656	146.355469	146.429688	B4	69	80	0
1657	146.455729	146.502604	A5	66	80	0
1658	146.524740	146.639323	B5	69	80	0
1659	146.613281	146.709635	A5	67	80	0
1660	146.615885	146.848958	F#3	60	80	0
1661	146.666667	146.779948	B4	67	80	0
1662	146.759115	146.839844	A5	64	80	0
1663	146.820312	146.919271	B5	72	80	0
1664	146.912760	146.971354	G5	68	80	0
1665	146.945312	147.269531	G3	62	80	0
1666	146.988281	147.079427	B4	69	80	0
1667	147.067708	147.140625	G5	61	80	0
1668	147.139323	147.286458	B5	71	80	0
1669	147.251302	147.989583	E4	81	80	0
1670	147.299479	147.389323	B4	70	80	0
1671	147.450521	147.559896	B5	70	80	0
1672	147.582031	147.799479	G3	67	80	0
1673	147.584635	147.658854	B4	65	80	0
1674	147.653646	147.729167	D5	68	80	0
1675	147.733073	147.794271	B5	76	80	0
1676	147.808594	147.908854	E6	74	80	0
1677	147.901042	147.936198	C6	72	80	0
1678	147.902344	148.289062	A3	76	80	0
1679	147.953125	148.023438	E5	60	80	0
1680	148.050781	148.106771	C6	67	80	0
1681	148.125000	148.192708	E6	77	80	0
1682	148.208333	148.769531	F#4	83	80	0
1683	148.221354	148.285156	C6	79	80	0
1684	148.307292	148.355469	E5	59	80	0
1685	148.394531	148.453125	C6	59	80	0
1686	148.459635	148.553385	E6	72	80	0
1687	148.554688	148.759115	A3	72	80	0
1688	148.555990	148.595052	C6	67	80	0
1689	148.605469	148.679688	E5	62	80	0
1690	148.696615	148.757812	C6	70	80	0
1691	148.764323	148.854167	E6	72	80	0
1692	148.858073	148.933594	C#6	74	80	0
1693	148.884115	148.989583	Bb3	82	80	0
1694	148.949219	149.049479	G5	69	80	0
1695	148.964844	149.229167	B3	67	80	0
1696	149.026042	149.084635	C#6	68	80	0
1697	149.104167	149.156250	E6	73	80	0
1698	149.192708	149.769531	G4	74	80	0
1699	149.199219	149.257812	C#6	72	80	0
1700	149.274740	149.333333	G5	69	80	0
1701	149.367188	149.427083	C#6	69	80	0
1702	149.445312	149.579427	E6	74	80	0
1703	149.483073	149.679688	Bb3	69	80	0
1704	149.544271	149.628906	C#6	63	80	0
1705	149.604167	149.652344	G5	65	80	0
1706	149.686198	149.736979	C#6	70	80	0
1707	149.735677	149.859375	E6	76	80	0
1708	149.807292	150.389323	B3	78	80	0
1709	149.822917	149.890625	B5	66	80	0
1710	149.882812	149.927083	G5	66	80	0
1711	149.958333	150.014323	B5	72	80	0
1712	150.035156	150.084635	E6	73	80	0
1713	150.080729	150.628906	E4	68	80	0
1714	150.109375	150.174479	G6	75	80	0
1715	150.208333	150.274740	F#6	74	80	0
1716	150.264323	150.347656	E6	71	80	0
1717	150.352865	150.406250	Eb6	76	80	0
1718	150.403646	150.549479	G4	72	80	0
1719	150.436198	150.503906	E6	69	80	0
1720	150.522135	150.585938	Eb6	76	80	0
1721	150.664062	150.716146	F#6	70	80	0
1722	150.721354	150.889323	G6	78	80	0
1723	150.731771	151.509115	B4	77	80	0
1724	150.734375	150.739583	G5	66	80	0
1725	150.830729	150.881510	F#6	70	80	0
1726	150.906250	150.973958	E6	78	80	0
1727	150.976562	151.035156	Eb6	82	80	0
1728	151.044271	151.113281	E5	67	80	0
1729	151.050781	151.132812	G6	78	80	0
1730	151.147135	151.216146	F#6	77	80	0
1731	151.212240	151.282552	E6	78	80	0
1732	151.283854	151.347656	Eb6	80	80	0
1733	151.361979	151.404948	G5	69	80	0
1734	151.365885	151.428385	G6	79	80	0
1735	151.455729	151.516927	F#6	76	80	0
1736	151.513021	151.582031	E6	79	80	0
1737	151.584635	151.661458	Eb6	79	80	0
1738	151.684896	151.739583	G6	83	80	0
1739	151.756510	151.816406	F#6	77	80	0
1740	151.820312	151.890625	E6	76	80	0
1741	151.885417	151.954427	Eb6	80	80	0
1742	151.957031	151.968750	E5	65	80	0
1743	151.966146	152.059896	G5	68	80	0
1744	151.968750	152.033854	E6	72	80	0
1745	152.053385	152.114583	F#5	72	80	0
1746	152.130208	152.209635	E5	65	80	0
1747	152.188802	152.247396	Eb5	68	80	0
1748	152.274740	152.350260	E5	70	80	0
1749	152.648438	152.839844	G6	59	80	0
1750	152.821615	152.989583	F#6	53	80	0
1751	152.989583	153.149740	E6	51	80	0
1752	152.996094	153.188802	G5	43	80	0
1753	153.166667	153.339844	Eb6	55	80	0
1754	153.174479	153.339844	F#5	50	80	0
1755	153.210938	153.218750	B3	32	80	0
1756	153.361979	153.432292	E6	43	80	0
1757	153.364583	153.408854	E5	41	80	0
1758	153.494792	153.729167	Eb5	46	80	0
1759	153.716146	154.069010	G6	53	80	0
1760	153.722656	153.729167	E5	36	80	0
1761	154.097656	154.459635	F#6	46	80	0
1762	154.113281	154.419271	F#5	30	80	0
1763	154.455729	154.859375	G5	44	80	0
1764	154.455729	154.789062	E6	51	80	0
1765	154.835938	155.259115	Eb6	49	80	0
1766	154.863281	155.239583	F#5	44	80	0
1767	154.893229	154.899740	B4	27	80	0
1768	155.209635	155.479167	E5	47	80	0
1769	155.235677	155.559896	E6	36	80	0
1770	155.561198	156.519531	Eb5	44	80	0
1771	155.975260	156.739583	G6	61	80	0
1772	155.989583	156.529948	G5	32	80	0
1773	156.014323	156.669271	E5	31	80	0
1774	156.783854	157.169271	F#6	53	80	0
1775	156.807292	157.000000	F#5	26	80	0
1776	157.164062	158.000000	G5	43	80	0
1777	157.584635	157.699219	E6	38	80	0
1778	157.971354	158.259115	F#5	39	80	0
1779	158.386719	159.309896	G4	53	80	0
1780	158.795573	159.279948	E5	43	80	0
1781	159.180990	159.350260	F#4	43	80	0
1782	159.355469	159.441406	E4	43	80	0
1783	159.585938	160.339844	G4	58	80	0
1784	159.593750	160.359375	E4	43	80	0
1785	160.342448	160.514323	F#4	39	80	0
1786	160.351562	160.408854	G4	40	80	0
1787	160.524740	160.569010	E4	48	80	0
1788	160.704427	160.968750	E4	52	80	0
1789	161.033854	161.095052	G4	48	80	0
1790	161.375000	161.464844	F#4	48	80	0
1791	161.382812	161.463542	G4	50	80	0
1792	161.546875	161.613281	E4	51	80	0
1793	161.738281	161.792969	F#4	45	80	0
1794	161.743490	161.819010	E4	43	80	0
1795	161.923177	161.975260	E4	50	80	0
1796	162.083333	162.126302	E4	47	80	0
1797	162.240885	162.291667	G4	54	80	0
1798	162.425781	162.485677	F#4	51	80	0
1799	162.511719	162.550781	G5	54	80	0
1800	162.575521	162.632812	E4	57	80	0
1801	162.716146	162.756510	F#5	65	80	0
1802	162.890625	162.930990	E5	48	80	0
1803	162.894531	162.968750	G6	59	80	0
1804	163.072917	163.169271	F#6	69	80	0
1805	163.217448	163.252604	E6	68	80	0
1806	163.218750	163.279948	G5	62	80	0
1807	163.382812	163.459635	F#5	73	80	0
1808	163.544271	163.596354	G4	76	80	0
1809	163.549479	163.597656	E5	65	80	0
1810	163.709635	163.755208	F#4	73	80	0
1811	163.863281	164.019531	E4	75	80	0
1812	163.923177	164.011719	A3	64	80	0
1813	163.924479	164.015625	G3	65	80	0
1814	164.035156	164.199219	F#3	69	80	0
1815	164.182292	164.231771	E3	74	80	0
1816	164.338542	164.393229	G4	82	80	0
1817	164.342448	164.408854	E4	66	80	0
1818	164.343750	164.348958	B3	63	80	0
1819	164.714844	165.274740	G3	79	80	0
1820	164.716146	165.283854	B3	79	80	0
1821	164.717448	165.109375	E4	78	80	0
1822	164.721354	165.109375	G4	75	80	0
1823	164.721354	165.109375	E3	79	80	0
1824	164.727865	165.479167	E2	75	80	0
1825	165.220052	165.309896	F#4	75	80	0
1826	165.324219	165.369792	F#4	63	80	0
1827	165.377604	165.484375	E4	82	80	0
1828	165.377604	165.500000	B3	77	80	0
1829	165.382812	165.462240	G3	76	80	0
1830	165.384115	165.459635	E3	75	80	0
1831	165.759115	166.029948	A3	78	80	0
1832	165.760417	166.115885	A4	76	80	0
1833	165.763021	166.105469	F#4	75	80	0
1834	165.764323	165.949219	D3	73	80	0
1835	165.765625	166.115885	D4	64	80	0
1836	165.768229	166.109375	D2	72	80	0
1837	166.541667	166.729167	A4	43	80	0
1838	166.544271	166.729167	F#4	41	80	0
1839	166.545573	166.606771	D4	36	80	0
1840	166.981771	167.389323	A4	50	80	0
1841	166.983073	167.089844	D4	42	80	0
1842	166.985677	167.500000	F#4	41	80	0
1843	166.986979	167.468750	C4	42	80	0
1844	167.574219	167.634115	G4	49	80	0
1845	167.574219	167.635417	D4	42	80	0
1846	167.576823	167.644531	B3	41	80	0
1847	167.731771	167.843750	F#4	44	80	0
1848	167.733073	167.841146	A4	46	80	0
1849	167.736979	167.825521	A3	39	80	0
1850	167.746094	167.845052	C4	36	80	0
1851	168.166667	168.489583	B4	46	80	0
1852	168.178385	168.449219	G4	37	80	0
1853	168.180990	168.363281	B3	33	80	0
1854	168.182292	168.438802	G3	32	80	0
1855	168.826823	169.049479	B4	82	80	0
1856	168.826823	168.949219	D4	74	80	0
1857	168.828125	169.039062	B3	79	80	0
1858	168.832031	168.949219	G3	73	80	0
1859	168.833333	169.059896	G4	75	80	0
1860	168.835938	168.929688	G2	68	80	0
1861	169.222656	169.509115	G3	77	80	0
1862	169.223958	169.609375	B4	86	80	0
1863	169.226562	169.549479	B3	80	80	0
1864	169.227865	169.718750	G2	73	80	0
1865	169.231771	169.598958	G4	72	80	0
1866	169.231771	169.519531	D4	77	80	0
1867	169.721354	169.774740	A4	74	80	0
1868	169.721354	169.789062	B3	64	80	0
1869	169.722656	169.779948	G3	67	80	0
1870	169.723958	169.789062	B4	69	80	0
1871	169.733073	169.765625	G2	62	80	0
1872	169.733073	169.779948	D4	54	80	0
1873	169.869792	170.019531	B4	67	80	0
1874	169.872396	170.089844	G4	76	80	0
1875	169.872396	169.934896	D4	66	80	0
1876	169.873698	169.925781	G3	72	80	0
1877	169.873698	169.929688	B3	74	80	0
1878	169.875000	169.936198	G1	71	80	0
1879	169.876302	169.934896	G2	70	80	0
1880	170.283854	170.579427	F#2	77	80	0
1881	170.283854	170.649740	C#5	76	80	0
1882	170.283854	170.559896	F#4	68	80	0
1883	170.285156	170.479167	Bb3	70	80	0
1884	170.286458	170.539062	F#1	75	80	0
1885	170.287760	170.649740	Bb4	72	80	0
1886	170.290365	170.569010	E4	68	80	0
1887	170.291667	170.559896	C#4	73	80	0
1888	171.052083	171.199219	F#4	43	80	0
1889	171.052083	171.195312	C#5	51	80	0
1890	171.054688	171.229167	Bb4	46	80	0
1891	171.463542	171.859375	C#5	53	80	0
1892	171.473958	171.848958	Bb4	42	80	0
1893	171.476562	171.908854	F#4	40	80	0
1894	171.493490	171.718750	C#4	31	80	0
1895	171.493490	172.019531	E4	35	80	0
1896	172.005208	172.080729	B4	61	80	0
1897	172.014323	172.218750	F#4	41	80	0
1898	172.035156	172.089844	D4	27	80	0
1899	172.048177	172.059896	C#4	24	80	0
1900	172.156250	172.419271	C#5	57	80	0
1901	172.161458	172.279948	Bb4	46	80	0
1902	172.164062	172.468750	C#4	41	80	0
1903	172.167969	172.459635	E4	37	80	0
1904	172.561198	172.919271	D5	60	80	0
1905	172.563802	173.359375	D4	36	80	0
1906	172.574219	173.339844	B4	49	80	0
1907	172.580729	173.369792	B3	39	80	0
1908	173.250000	174.049479	D5	71	80	0
1909	173.622396	175.549479	G4	44	80	0
1910	173.632812	173.979167	D4	37	80	0
1911	173.634115	174.628906	B4	42	80	0
1912	173.639323	173.979167	B3	38	80	0
1913	173.964844	174.729167	G5	67	80	0
1914	173.986979	174.250000	B3	33	80	0
1915	173.988281	174.128906	D4	31	80	0
1916	174.330729	175.419271	E4	47	80	0
1917	174.333333	174.713542	E5	62	80	0
1918	174.343750	175.049479	B3	37	80	0
1919	174.720052	175.098958	D5	58	80	0
1920	174.751302	175.147135	A3	31	80	0
1921	175.066406	175.339844	C5	62	80	0
1922	175.410156	176.259115	F#4	48	80	0
1923	175.423177	175.912760	Eb4	39	80	0
1924	175.425781	175.829427	C5	67	80	0
1925	175.838542	176.158854	D4	38	80	0
1926	175.843750	176.130208	C5	42	80	0
1927	176.147135	176.569010	A5	63	80	0
1928	176.173177	176.839844	D4	30	80	0
1929	176.523438	176.984375	F#4	41	80	0
1930	176.529948	177.299479	C5	52	80	0
1931	176.933594	178.054688	G4	41	80	0
1932	177.294271	177.529948	B4	51	80	0
1933	177.667969	178.059896	B4	54	80	0
1934	177.669271	178.067708	G3	35	80	0
1935	178.074219	180.688802	B4	33	80	0
1936	178.076823	178.750000	E3	29	80	0
1937	178.092448	178.598958	E4	29	80	0
1938	178.441406	178.649740	G4	44	80	0
1939	178.802083	179.269531	E4	35	80	0
1940	178.805990	179.565104	G4	44	80	0
1941	178.828125	179.319010	B3	25	80	0
1942	179.200521	179.569010	C4	32	80	0
1943	179.574219	179.799479	E4	43	80	0
1944	179.578125	179.688802	C4	28	80	0
1945	179.996094	180.500000	E4	35	80	0
1946	179.998698	180.500000	C4	28	80	0
1947	180.503906	181.789062	C2	27	80	0
1948	180.506510	180.979167	E4	25	80	0
1949	180.514323	181.259115	C4	23	80	0
1950	180.988281	181.669271	G3	30	80	0
1951	180.992188	181.438802	E4	27	80	0
1952	181.623698	181.729167	E3	26	80	0
1953	181.626302	181.938802	C4	22	80	0
1954	181.626302	182.269531	E4	28	80	0
1955	182.385417	183.589844	B3	32	80	0
1956	182.391927	183.628906	Eb4	27	80	0
1957	182.393229	183.509115	B1	24	80	0
1958	185.164062	186.059896	E6	60	80	0
1959	185.177083	186.059896	E5	54	80	0
1960	185.744792	185.908854	B4	39	80	0
1961	185.747396	186.069010	E4	32	80	0
1962	185.747396	186.169271	B3	32	80	0
1963	185.750000	186.149740	G3	31	80	0
1964	186.365885	186.579427	Eb6	62	80	0
1965	186.371094	186.589844	Eb5	59	80	0
1966	186.391927	186.699219	B3	33	80	0
1967	186.604167	186.769531	E6	65	80	0
1968	186.610677	186.899740	E5	62	80	0
1969	187.135417	187.759115	F#4	63	80	0
1970	187.144531	189.938802	A2	44	80	0
1971	187.144531	187.649740	E4	53	80	0
1972	187.154948	187.649740	C4	45	80	0
1973	187.927083	188.329427	F#4	65	80	0
1974	187.937500	188.250000	E4	58	80	0
1975	187.940104	188.329427	C#4	47	80	0
1976	187.941406	188.279948	Bb2	44	80	0
1977	188.454427	189.128906	F#4	58	80	0
1978	188.464844	189.489583	A3	40	80	0
1979	188.466146	189.109375	Eb4	46	80	0
1980	189.084635	189.329427	G4	65	80	0
1981	189.309896	189.463542	A4	62	80	0
1982	189.475260	189.647135	G4	63	80	0
1983	189.667969	190.199219	F#4	52	80	0
1984	189.679688	190.279948	G3	38	80	0
1985	189.682292	190.209635	C4	38	80	0
1986	190.144531	190.289062	E4	54	80	0
1987	190.503906	190.657552	B2	51	80	0
1988	190.506510	190.519531	B3	53	80	0
1989	190.533854	191.269531	E6	76	80	0
1990	190.537760	190.919271	E5	68	80	0
1991	190.675781	190.688802	A3	41	80	0
1992	190.682292	190.949219	A2	44	80	0
1993	190.924479	191.539062	G2	54	80	0
1994	190.924479	191.339844	B3	62	80	0
1995	190.928385	191.329427	E4	57	80	0
1996	190.933594	191.212240	E5	62	80	0
1997	191.434896	191.522135	Eb6	80	80	0
1998	191.436198	191.514323	Eb5	75	80	0
1999	191.600260	192.109375	G#2	64	80	0
2000	191.602865	191.718750	G#3	64	80	0
2001	191.613281	191.619792	C4	57	80	0
2002	191.631510	191.839844	E5	74	80	0
2003	191.631510	191.779948	E6	76	80	0
2004	192.115885	192.819010	F#4	72	80	0
2005	192.127604	193.119792	A2	52	80	0
2006	192.127604	192.500000	A3	59	80	0
2007	192.130208	192.729167	C4	57	80	0
2008	192.132812	192.519531	E4	58	80	0
2009	193.045573	193.649740	F#4	46	80	0
2010	193.054688	193.274740	C#4	36	80	0
2011	193.054688	193.399740	E4	42	80	0
2012	193.054688	193.389323	Bb3	35	80	0
2013	193.657552	194.479167	F#4	39	80	0
2014	193.662760	194.769531	Eb4	36	80	0
2015	193.666667	195.098958	B3	28	80	0
2016	194.486979	194.726562	A4	43	80	0
2017	194.492188	194.679688	F#4	29	80	0
2018	194.752604	194.990885	G4	43	80	0
2019	195.007812	195.399740	F#4	40	80	0
2020	195.388021	195.399740	G4	30	80	0
2021	195.389323	196.029948	E4	33	80	0
2022	195.395833	195.742188	G3	27	80	0
2023	195.398438	196.009115	E2	21	80	0
2024	195.402344	196.079427	B3	25	80	0
2025	196.714844	196.785156	G4	41	80	0
2026	196.722656	196.790365	G3	32	80	0
2027	196.725260	196.792969	B3	30	80	0
2028	196.730469	196.739583	D4	28	80	0
2029	196.735677	196.803385	G2	27	80	0
2030	196.740885	196.796875	G1	29	80	0
2031	197.145833	197.669271	G4	44	80	0
2032	197.153646	197.449219	G3	34	80	0
2033	197.156250	197.509115	B3	31	80	0
2034	197.165365	197.529948	G2	26	80	0
2035	197.165365	197.549479	G1	27	80	0
2036	197.863281	197.919271	C5	47	80	0
2037	197.871094	197.921875	C4	38	80	0
2038	197.872396	197.924479	C2	31	80	0
2039	197.873698	198.019531	G4	36	80	0
2040	197.875000	197.928385	C3	33	80	0
2041	198.278646	198.658854	C5	46	80	0
2042	198.285156	198.468750	C4	41	80	0
2043	198.285156	198.718750	G4	35	80	0
2044	198.289062	198.500000	C3	36	80	0
2045	198.292969	198.539062	E4	34	80	0
2046	198.292969	198.559896	C2	33	80	0
2047	198.973958	199.019531	G5	54	80	0
2048	198.976562	199.069010	B4	45	80	0
2049	198.979167	199.018229	D4	40	80	0
2050	198.981771	199.022135	G3	42	80	0
2051	198.983073	199.019531	G4	44	80	0
2052	198.984375	199.027344	G2	40	80	0
2053	199.380208	200.000000	B4	45	80	0
2054	199.380208	199.819010	G4	47	80	0
2055	199.380208	199.789062	G3	42	80	0
2056	199.382812	200.269531	G5	55	80	0
2057	199.385417	200.149740	G2	38	80	0
2058	200.050781	200.105469	C4	47	80	0
2059	200.053385	200.098958	C5	51	80	0
2060	200.053385	200.108073	C3	44	80	0
2061	200.053385	200.102865	C6	55	80	0
2062	200.054688	200.188802	G4	40	80	0
2063	200.445312	200.679688	C3	42	80	0
2064	200.446615	200.529948	C5	60	80	0
2065	200.447917	200.539062	C4	46	80	0
2066	200.454427	200.500000	C6	61	80	0
2067	201.063802	201.158854	B4	74	80	0
2068	201.063802	201.106771	F4	72	80	0
2069	201.063802	201.158854	G4	78	80	0
2070	201.063802	201.111979	D4	75	80	0
2071	201.063802	201.100260	F6	81	80	0
2072	201.063802	201.119792	B3	74	80	0
2073	201.065104	201.128906	F5	80	80	0
2074	201.072917	201.119792	D6	79	80	0
2075	201.470052	202.709635	B3	78	80	0
2076	201.472656	201.769531	F6	83	80	0
2077	201.473958	202.598958	G4	83	80	0
2078	201.473958	201.889323	B4	75	80	0
2079	201.473958	202.628906	D4	78	80	0
2080	201.475260	201.559896	F5	83	80	0
2081	201.493490	202.539062	F4	74	80	0
2082	201.960938	202.015625	E6	73	80	0
2083	202.031250	202.096354	D6	72	80	0
2084	202.104167	202.149740	C6	76	80	0
2085	202.177083	202.217448	B5	74	80	0
2086	202.250000	202.295573	A5	70	80	0
2087	202.307292	202.399740	G5	75	80	0
2088	202.375000	202.459635	F5	73	80	0
2089	202.454427	202.514323	E5	68	80	0
2090	202.527344	202.575521	D5	70	80	0
2091	202.592448	202.651042	C5	68	80	0
2092	202.665365	202.716146	B4	76	80	0
2093	202.734375	202.791667	A4	69	80	0
2094	202.791667	202.846354	G4	70	80	0
2095	202.856771	202.959635	F4	67	80	0
2096	202.934896	203.026042	E4	70	80	0
2097	203.013021	203.063802	D4	64	80	0
2098	203.078125	203.149740	C4	64	80	0
2099	203.145833	203.261719	B3	74	80	0
2100	203.217448	203.265625	A3	66	80	0
2101	203.276042	203.345052	G3	68	80	0
2102	203.348958	203.414062	F#3	70	80	0
2103	203.429688	203.522135	G3	80	80	0
2104	204.121094	204.182292	F4	59	80	0
2105	204.125000	204.191406	G3	49	80	0
2106	204.125000	204.180990	D4	49	80	0
2107	204.141927	204.229167	B2	49	80	0
2108	204.151042	204.209635	B1	46	80	0
2109	204.528646	204.750000	C4	61	80	0
2110	204.531250	204.619792	G2	64	80	0
2111	204.531250	204.750000	E4	62	80	0
2112	204.531250	204.699219	C3	66	80	0
2113	204.531250	204.639323	G3	61	80	0
2114	204.532552	204.739583	C2	64	80	0
2115	205.192708	205.253906	G#4	77	80	0
2116	205.195312	205.252604	E4	71	80	0
2117	205.195312	205.246094	D4	72	80	0
2118	205.196615	205.269531	B4	72	80	0
2119	205.196615	205.253906	B3	74	80	0
2120	205.197917	205.243490	D5	77	80	0
2121	205.204427	205.246094	G#3	70	80	0
2122	205.204427	205.269531	E5	71	80	0
2123	205.204427	205.299479	E3	65	80	0
2124	205.205729	205.218750	E2	66	80	0
2125	205.207031	205.257812	G#5	74	80	0
2126	205.611979	205.750000	D6	82	80	0
2127	205.611979	206.169271	G#4	77	80	0
2128	205.611979	205.729167	B4	73	80	0
2129	205.614583	205.669271	B5	73	80	0
2130	205.615885	206.688802	E4	71	80	0
2131	205.615885	205.759115	D5	75	80	0
2132	205.615885	206.688802	B3	74	80	0
2133	205.617188	205.718750	G#5	75	80	0
2134	205.618490	206.729167	D4	73	80	0
2135	205.623698	206.419271	E3	73	80	0
2136	205.625000	206.669271	G#3	68	80	0
2137	206.062500	206.136719	C6	73	80	0
2138	206.132812	206.180990	B5	73	80	0
2139	206.196615	206.253906	A5	69	80	0
2140	206.274740	206.341146	G#5	72	80	0
2141	206.333333	206.390625	F#5	72	80	0
2142	206.393229	206.479167	E5	66	80	0
2143	206.444010	206.496094	D5	69	80	0
2144	206.516927	206.572917	C5	72	80	0
2145	206.585938	206.630208	B4	74	80	0
2146	206.645833	206.714844	A4	67	80	0
2147	206.717448	206.786458	G#4	75	80	0
2148	206.778646	206.869792	F#4	68	80	0
2149	206.842448	206.914062	E4	65	80	0
2150	206.908854	206.953125	D4	63	80	0
2151	206.975260	207.048177	C4	62	80	0
2152	207.037760	207.158854	B3	65	80	0
2153	207.105469	207.161458	A3	66	80	0
2154	207.174479	207.253906	G#3	65	80	0
2155	207.240885	207.311198	F#3	61	80	0
2156	207.308594	207.375000	E3	66	80	0
2157	207.384115	207.476562	Eb3	71	80	0
2158	207.455729	207.549479	E3	76	80	0
2159	207.460938	207.579427	C4	62	80	0
2160	208.100260	208.157552	G#2	65	80	0
2161	208.105469	208.161458	G#1	63	80	0
2162	208.106771	208.162760	D4	65	80	0
2163	208.109375	208.188802	E4	61	80	0
2164	208.109375	208.179688	E3	59	80	0
2165	208.110677	208.153646	B4	62	80	0
2166	208.111979	208.164062	B3	60	80	0
2167	208.489583	208.548177	A3	68	80	0
2168	208.492188	208.544271	A2	71	80	0
2169	208.493490	208.552083	C4	67	80	0
2170	208.496094	208.550781	A1	69	80	0
2171	208.501302	208.548177	E3	65	80	0
2172	209.263021	209.321615	C6	66	80	0
2173	209.273438	209.335938	C4	32	80	0
2174	209.273438	209.359375	A4	41	80	0
2175	209.274740	209.339844	C5	46	80	0
2176	209.281250	209.337240	A3	34	80	0
2177	209.282552	209.289062	A2	32	80	0
2178	209.735677	210.559896	A3	31	80	0
2179	209.735677	210.089844	C6	57	80	0
2180	209.738281	209.750000	A4	37	80	0
2181	209.740885	210.908854	C4	28	80	0
2182	209.740885	210.509115	F2	30	80	0
2183	209.751302	209.859375	F3	25	80	0
2184	209.761719	209.949219	C5	36	80	0
2185	210.322917	210.429688	Bb5	53	80	0
2186	210.415365	210.457031	A5	59	80	0
2187	210.484375	210.549479	G5	55	80	0
2188	210.550781	210.584635	F5	59	80	0
2189	210.632812	210.684896	E5	65	80	0
2190	210.730469	210.755208	D5	57	80	0
2191	210.785156	210.878906	C5	54	80	0
2192	210.871094	210.959635	Bb4	59	80	0
2193	210.944010	210.994792	A4	56	80	0
2194	211.009115	211.046875	G4	50	80	0
2195	211.062500	211.102865	C4	38	80	0
2196	211.065104	211.111979	F4	51	80	0
2197	211.147135	211.250000	E4	57	80	0
2198	211.218750	211.263021	D4	52	80	0
2199	211.304688	211.365885	C4	52	80	0
2200	211.384115	211.451823	Bb3	50	80	0
2201	211.460938	211.509115	A3	50	80	0
2202	211.462240	211.709635	F2	41	80	0
2203	211.898438	212.188802	A3	40	80	0
2204	211.906250	212.063802	C4	28	80	0
2205	211.914062	212.149740	F3	27	80	0
2206	211.915365	212.339844	F2	28	80	0
2207	212.639323	212.686198	Eb4	41	80	0
2208	212.641927	212.691406	A3	38	80	0
2209	212.641927	212.692708	C4	34	80	0
2210	212.645833	212.729167	F2	34	80	0
2211	213.053385	213.468750	Eb4	44	80	0
2212	213.057292	213.369792	A3	36	80	0
2213	213.065104	213.079427	F3	28	80	0
2214	213.066406	213.459635	C4	33	80	0
2215	213.070312	213.579427	F2	30	80	0
2216	213.078125	213.369792	C3	30	80	0
2217	213.755208	213.811198	A4	60	80	0
2218	213.756510	213.829427	F#3	40	80	0
2219	213.760417	213.807292	C4	39	80	0
2220	213.761719	213.816406	F#2	40	80	0
2221	213.764323	213.812500	Eb4	43	80	0
2222	214.184896	214.519531	F#3	41	80	0
2223	214.186198	214.598958	A4	62	80	0
2224	214.192708	214.589844	F#2	39	80	0
2225	214.203125	214.449219	C4	38	80	0
2226	214.204427	214.479167	Eb4	47	80	0
2227	214.205729	214.459635	A3	40	80	0
2228	214.875000	215.059896	Eb5	75	80	0
2229	214.884115	214.963542	A4	57	80	0
2230	214.888021	214.949219	Eb4	53	80	0
2231	214.894531	215.009115	A3	48	80	0
2232	214.894531	215.000000	C4	45	80	0
2233	214.897135	214.951823	F#3	44	80	0
2234	215.285156	215.709635	F#3	58	80	0
2235	215.286458	215.688802	A3	61	80	0
2236	215.287760	215.539062	Eb4	64	80	0
2237	215.290365	215.639323	A4	68	80	0
2238	215.292969	215.709635	Eb5	72	80	0
2239	215.294271	215.500000	C4	57	80	0
2240	215.295573	215.739583	C3	54	80	0
2241	215.938802	216.098958	C6	80	80	0
2242	215.946615	216.169271	A5	70	80	0
2243	215.947917	216.169271	C5	74	80	0
2244	215.951823	216.098958	A4	64	80	0
2245	215.951823	216.069010	C4	53	80	0
2246	215.953125	216.179688	Eb5	69	80	0
2247	215.954427	216.250000	F#3	57	80	0
2248	215.955729	216.079427	A3	60	80	0
2249	215.972656	216.139323	C3	49	80	0
2250	216.454427	216.869792	C6	81	80	0
2251	216.460938	217.199219	Eb5	76	80	0
2252	216.462240	216.889323	C5	78	80	0
2253	216.463542	217.188802	A5	72	80	0
2254	216.468750	216.819010	A4	73	80	0
2255	216.473958	218.098958	A3	66	80	0
2256	216.477865	218.309896	F#3	60	80	0
2257	216.483073	216.489583	B2	57	80	0
2258	217.252604	218.149740	B5	75	80	0
2259	217.256510	217.718750	Eb5	65	80	0
2260	217.257812	217.639323	B4	72	80	0
2261	217.804688	218.419271	Bb5	71	80	0
2262	217.805990	218.438802	Bb4	69	80	0
2263	217.807292	218.539062	Eb5	61	80	0
2264	218.537760	218.679688	F#3	54	80	0
2265	218.544271	218.739583	B5	71	80	0
2266	218.544271	218.628906	B3	50	80	0
2267	218.545573	218.613281	A3	50	80	0
2268	218.545573	218.769531	B4	69	80	0
2269	218.553385	218.839844	Eb5	61	80	0
2270	218.914062	218.983073	G3	66	80	0
2271	218.921875	218.985677	B3	66	80	0
2272	218.928385	218.992188	G2	65	80	0
2273	218.934896	219.889323	B5	79	80	0
2274	218.936198	219.839844	B4	74	80	0
2275	218.949219	219.619792	E5	69	80	0
2276	219.134115	219.192708	B3	61	80	0
2277	219.134115	219.192708	G3	56	80	0
2278	219.302083	219.343750	A3	59	80	0
2279	219.303385	219.346354	G3	54	80	0
2280	219.305990	219.346354	B3	55	80	0
2281	219.440104	219.489583	G3	55	80	0
2282	219.441406	219.488281	B3	59	80	0
2283	219.609375	219.661458	B3	58	80	0
2284	219.609375	219.664062	G3	61	80	0
2285	219.611979	219.619792	E4	59	80	0
2286	219.756510	219.798177	B3	64	80	0
2287	219.756510	219.803385	G3	60	80	0
2288	219.915365	219.968750	B3	74	80	0
2289	219.916667	219.967448	G#3	75	80	0
2290	219.921875	220.039062	E6	82	80	0
2291	219.923177	220.739583	E5	78	80	0
2292	220.111979	220.161458	B3	65	80	0
2293	220.113281	220.160156	G#3	65	80	0
2294	220.282552	220.289062	E4	53	80	0
2295	220.282552	220.326823	B3	59	80	0
2296	220.283854	220.326823	G#3	58	80	0
2297	220.442708	220.449219	E4	48	80	0
2298	220.444010	220.486979	B3	57	80	0
2299	220.444010	220.484375	G#3	53	80	0
2300	220.602865	220.648438	B3	58	80	0
2301	220.604167	220.649740	G#3	54	80	0
2302	220.605469	220.649740	E4	44	80	0
2303	220.744792	220.779948	E4	52	80	0
2304	220.747396	220.785156	G#3	58	80	0
2305	220.747396	220.787760	B3	66	80	0
2306	220.894531	220.944010	D4	69	80	0
2307	220.895833	221.039062	E5	73	80	0
2308	220.895833	220.937500	G#3	67	80	0
2309	220.897135	220.938802	B3	68	80	0
2310	220.902344	220.945312	B4	66	80	0
2311	221.072917	221.121094	D4	64	80	0
2312	221.074219	221.125000	B3	60	80	0
2313	221.075521	221.123698	G#3	56	80	0
2314	221.256510	221.307292	C4	68	80	0
2315	221.261719	221.309896	A3	70	80	0
2316	221.263021	221.305990	F4	71	80	0
2317	221.430990	221.438802	E4	55	80	0
2318	221.434896	221.485677	C4	58	80	0
2319	221.434896	221.494792	A3	61	80	0
2320	221.602865	221.609375	E4	50	80	0
2321	221.609375	221.657552	C4	54	80	0
2322	221.611979	221.673177	A3	51	80	0
2323	221.774740	221.815104	C4	53	80	0
2324	221.776042	221.824219	A3	56	80	0
2325	221.915365	221.964844	F5	78	80	0
2326	221.921875	221.985677	A3	68	80	0
2327	221.925781	221.985677	C4	64	80	0
2328	221.928385	221.985677	E4	68	80	0
2329	221.933594	221.984375	E5	73	80	0
2330	221.940104	221.975260	C5	67	80	0
2331	222.096354	222.148438	E4	57	80	0
2332	222.100260	222.149740	C4	61	80	0
2333	222.102865	222.152344	A3	63	80	0
2334	222.274740	222.326823	D4	79	80	0
2335	222.282552	222.335938	B3	75	80	0
2336	222.283854	222.334635	G#4	81	80	0
2337	222.283854	222.289062	E4	75	80	0
2338	222.285156	222.378906	G#5	80	80	0
2339	222.285156	222.339844	E5	70	80	0
2340	222.291667	222.334635	D5	76	80	0
2341	222.445312	222.493490	B4	68	80	0
2342	222.445312	222.497396	G#4	65	80	0
2343	222.447917	222.494792	D4	65	80	0
2344	222.450521	222.509115	B3	65	80	0
2345	222.614583	222.667969	D4	60	80	0
2346	222.615885	222.665365	B3	62	80	0
2347	222.615885	222.669271	G#4	61	80	0
2348	222.777344	222.826823	G#4	66	80	0
2349	222.779948	222.832031	D4	66	80	0
2350	222.781250	222.848958	D5	69	80	0
2351	222.782552	222.830729	B3	65	80	0
2352	222.783854	222.789062	E4	59	80	0
2353	222.929688	223.069010	G#4	82	80	0
2354	222.934896	222.994792	B3	71	80	0
2355	222.934896	222.994792	E4	76	80	0
2356	222.937500	223.019531	D4	79	80	0
2357	222.937500	223.002604	E5	73	80	0
2358	222.942708	222.996094	D5	77	80	0
2359	223.122396	223.174479	B3	73	80	0
2360	223.122396	223.166667	D4	71	80	0
2361	223.123698	223.174479	E4	64	80	0
2362	223.291667	223.343750	E4	75	80	0
2363	223.292969	223.389323	A4	76	80	0
2364	223.294271	223.489583	A5	82	80	0
2365	223.295573	223.345052	C4	70	80	0
2366	223.296875	223.519531	E5	71	80	0
2367	223.300781	223.378906	A3	71	80	0
2368	223.459635	223.501302	E4	65	80	0
2369	223.460938	223.529948	C4	61	80	0
2370	223.618490	223.674479	G#4	68	80	0
2371	223.621094	223.662760	E4	70	80	0
2372	223.622396	223.662760	C4	61	80	0
2373	223.783854	223.826823	E4	63	80	0
2374	223.783854	223.828125	C4	66	80	0
2375	223.921875	223.964844	A4	80	80	0
2376	223.923177	223.964844	A5	82	80	0
2377	223.923177	223.929688	C#5	73	80	0
2378	223.924479	224.019531	E5	74	80	0
2379	223.925781	223.976562	E4	77	80	0
2380	223.925781	223.972656	C4	71	80	0
2381	224.093750	224.139323	E4	71	80	0
2382	224.093750	224.143229	C#4	66	80	0
2383	224.273438	224.438802	Bb5	82	80	0
2384	224.276042	224.359375	Bb4	82	80	0
2385	224.276042	224.325521	C#4	74	80	0
2386	224.277344	224.320312	E4	70	80	0
2387	224.281250	224.325521	E5	71	80	0
2388	224.283854	224.389323	G5	72	80	0
2389	224.429688	224.489583	C#4	61	80	0
2390	224.432292	224.509115	E4	60	80	0
2391	224.584635	224.635417	C#4	55	80	0
2392	224.584635	224.634115	C#5	59	80	0
2393	224.585938	224.799479	E4	55	80	0
2394	224.588542	224.669271	E5	59	80	0
2395	225.022135	225.075521	F#4	41	80	0
2396	225.023438	225.078125	A5	64	80	0
2397	225.032552	225.128906	C#5	43	80	0
2398	225.040365	225.049479	B3	35	80	0
2399	225.049479	225.059896	C#4	36	80	0
2400	225.255208	225.319010	F#4	42	80	0
2401	225.255208	225.303385	Bb5	56	80	0
2402	225.256510	225.269531	B3	42	80	0
2403	225.256510	225.309896	F#5	46	80	0
2404	225.256510	225.319010	C#5	48	80	0
2405	225.259115	225.309896	E5	49	80	0
2406	225.437500	225.500000	Bb4	57	80	0
2407	225.438802	225.481771	Bb5	59	80	0
2408	225.444010	225.480469	C#5	56	80	0
2409	225.444010	225.484375	F#4	52	80	0
2410	225.446615	225.509115	E5	55	80	0
2411	225.446615	225.500000	E4	51	80	0
2412	225.447917	225.459635	B3	46	80	0
2413	225.589844	225.658854	F#5	68	80	0
2414	225.592448	225.643229	Bb5	67	80	0
2415	225.593750	225.649740	Bb4	66	80	0
2416	225.595052	225.634115	F#4	64	80	0
2417	225.595052	225.634115	C#5	61	80	0
2418	225.597656	225.609375	B3	54	80	0
2419	225.600260	225.635417	E5	64	80	0
2420	225.751302	225.792969	F#4	63	80	0
2421	225.751302	225.792969	Bb5	71	80	0
2422	225.752604	225.829427	F#5	64	80	0
2423	225.755208	225.769531	E4	59	80	0
2424	225.755208	225.819010	C#5	62	80	0
2425	225.755208	225.789062	E5	64	80	0
2426	225.757812	225.769531	B3	53	80	0
2427	225.897135	225.908854	Bb4	65	80	0
2428	225.902344	225.945312	F#4	61	80	0
2429	225.903646	225.954427	Bb5	69	80	0
2430	225.907552	225.945312	C#5	59	80	0
2431	225.907552	225.945312	E5	64	80	0
2432	226.061198	226.102865	F#4	66	80	0
2433	226.062500	226.101562	C#5	65	80	0
2434	226.063802	226.105469	Bb5	71	80	0
2435	226.065104	226.079427	F#3	55	80	0
2436	226.066406	226.128906	E5	69	80	0
2437	226.210938	226.259115	Bb4	70	80	0
2438	226.214844	226.255208	F#4	74	80	0
2439	226.214844	226.264323	Bb5	71	80	0
2440	226.217448	226.229167	C4	61	80	0
2441	226.218750	226.229167	E4	66	80	0
2442	226.220052	226.255208	E5	75	80	0
2443	226.372396	226.419271	F#3	69	80	0
2444	226.373698	226.416667	C#5	70	80	0
2445	226.375000	226.414062	F#4	77	80	0
2446	226.376302	226.434896	Bb5	74	80	0
2447	226.377604	226.416667	F#5	72	80	0
2448	226.382812	226.459635	E5	71	80	0
2449	226.382812	226.389323	C4	60	80	0
2450	226.384115	226.389323	E4	70	80	0
2451	226.390625	226.399740	C5	65	80	0
2452	226.527344	226.566406	F#5	76	80	0
2453	226.532552	226.579427	Bb5	69	80	0
2454	226.533854	226.571615	C#5	70	80	0
2455	226.533854	226.572917	F#4	77	80	0
2456	226.535156	226.579427	E4	67	80	0
2457	226.535156	226.609375	E5	70	80	0
2458	226.686198	226.743490	Bb5	71	80	0
2459	226.686198	226.727865	F#5	72	80	0
2460	226.686198	226.725260	E5	70	80	0
2461	226.687500	226.729167	F#4	73	80	0
2462	226.692708	226.729167	C#5	66	80	0
2463	226.692708	226.739583	B3	57	80	0
2464	226.820312	226.899740	Bb5	71	80	0
2465	226.822917	226.829427	B4	68	80	0
2466	226.822917	226.872396	C#5	69	80	0
2467	226.824219	226.872396	F#4	66	80	0
2468	226.825521	226.873698	F#5	68	80	0
2469	226.825521	226.899740	B3	59	80	0
2470	227.032552	227.108073	Eb4	67	80	0
2471	227.033854	227.169271	A4	77	80	0
2472	227.033854	227.179688	B3	73	80	0
2473	227.033854	227.158854	F#4	72	80	0
2474	227.035156	227.158854	B4	76	80	0
2475	227.037760	227.135417	B5	79	80	0
2476	227.305990	227.373698	Eb4	69	80	0
2477	227.307292	227.363281	F#4	70	80	0
2478	227.307292	227.361979	A4	76	80	0
2479	227.308594	227.363281	B3	67	80	0
2480	227.315104	227.438802	C6	86	80	0
2481	227.493490	227.544271	F#4	77	80	0
2482	227.496094	227.545573	A4	77	80	0
2483	227.496094	227.552083	Eb4	69	80	0
2484	227.497396	227.509115	B4	74	80	0
2485	227.501302	227.553385	B3	67	80	0
2486	227.503906	227.669271	C6	86	80	0
2487	227.503906	227.509115	C4	64	80	0
2488	227.667969	227.717448	A4	77	80	0
2489	227.670573	227.725260	B3	69	80	0
2490	227.671875	227.723958	Eb4	73	80	0
2491	227.671875	227.721354	F#4	70	80	0
2492	227.680990	227.829427	C6	83	80	0
2493	227.834635	227.884115	A4	76	80	0
2494	227.835938	227.885417	F#4	74	80	0
2495	227.835938	227.895833	B3	70	80	0
2496	227.837240	227.897135	Eb4	68	80	0
2497	227.843750	227.979167	C6	84	80	0
2498	228.009115	228.061198	F#4	75	80	0
2499	228.010417	228.071615	B3	72	80	0
2500	228.011719	228.063802	A4	75	80	0
2501	228.011719	228.063802	Eb4	72	80	0
2502	228.022135	228.092448	C6	86	80	0
2503	228.205729	228.270833	F#4	71	80	0
2504	228.207031	228.239583	C7	87	80	0
2505	228.207031	228.266927	A4	70	80	0
2506	228.207031	228.274740	Eb4	71	80	0
2507	228.210938	228.279948	B3	68	80	0
2508	228.213542	228.282552	C6	87	80	0
2509	228.430990	228.503906	C7	86	80	0
2510	228.433594	228.493490	A4	73	80	0
2511	228.434896	228.494792	F#4	72	80	0
2512	228.434896	228.506510	B3	67	80	0
2513	228.434896	228.494792	C6	83	80	0
2514	228.436198	228.501302	Eb4	65	80	0
2515	228.662760	228.729167	C7	82	80	0
2516	228.662760	228.757812	Eb4	57	80	0
2517	228.664062	228.733073	A4	65	80	0
2518	228.664062	228.733073	F#4	62	80	0
2519	228.666667	228.899740	C6	82	80	0
2520	228.666667	228.789062	B3	57	80	0
2521	228.893229	229.000000	B3	60	80	0
2522	228.897135	228.988281	Eb4	59	80	0
2523	228.901042	228.966146	A4	63	80	0
2524	228.902344	228.973958	F#4	58	80	0
2525	228.902344	228.968750	C7	77	80	0
2526	228.906250	229.079427	C6	76	80	0
2527	229.139323	229.213542	C7	76	80	0
2528	229.148438	229.339844	C6	74	80	0
2529	229.153646	229.269531	B3	52	80	0
2530	229.154948	229.259115	F#4	52	80	0
2531	229.156250	229.259115	A4	58	80	0
2532	229.157552	229.231771	Eb4	45	80	0
2533	229.425781	229.488281	C7	70	80	0
2534	229.430990	229.494792	F#4	52	80	0
2535	229.430990	229.529948	A4	52	80	0
2536	229.434896	229.658854	Eb4	43	80	0
2537	229.436198	229.789062	C6	70	80	0
2538	229.437500	229.506510	B3	45	80	0
2539	229.755208	229.829427	B3	39	80	0
2540	229.765625	229.839844	B4	47	80	0
2541	229.785156	230.069010	E4	46	80	0
2542	229.843750	230.019531	C7	64	80	0
2543	229.852865	230.319010	C6	70	80	0
2544	229.973958	230.089844	G4	56	80	0
2545	230.075521	230.239583	B3	50	80	0
2546	230.195312	230.269531	G4	47	80	0
2547	230.196615	230.209635	E4	36	80	0
2548	230.305990	230.375000	F#3	45	80	0
2549	230.320312	230.329427	B3	46	80	0
2550	230.355469	231.479167	B5	73	80	0
2551	230.363281	230.411458	B6	69	80	0
2552	230.462240	230.539062	A4	41	80	0
2553	230.529948	230.679688	B3	49	80	0
2554	230.627604	230.709635	A4	53	80	0
2555	230.712240	230.819010	B4	54	80	0
2556	230.713542	231.019531	G3	49	80	0
2557	230.825521	231.119792	B4	53	80	0
2558	230.894531	231.032552	B3	52	80	0
2559	230.973958	231.009115	A4	48	80	0
2560	231.063802	231.122396	E3	47	80	0
2561	231.072917	231.134115	E4	52	80	0
2562	231.162760	231.209635	G4	55	80	0
2563	231.256510	231.369792	B3	54	80	0
2564	231.322917	231.365885	G4	59	80	0
2565	231.436198	231.541667	F#3	58	80	0
2566	231.454427	232.468750	E6	77	80	0
2567	231.460938	232.500000	E5	75	80	0
2568	231.575521	231.699219	A4	52	80	0
2569	231.609375	231.694010	B3	46	80	0
2570	231.707031	231.809896	A4	61	80	0
2571	231.805990	231.949219	B5	58	80	0
2572	231.811198	231.908854	G3	52	80	0
2573	231.907552	231.953125	B4	55	80	0
2574	231.985677	232.139323	B3	49	80	0
2575	232.074219	232.199219	B4	54	80	0
2576	232.169271	232.230469	E3	61	80	0
2577	232.173177	232.348958	E4	58	80	0
2578	232.264323	232.304688	G4	63	80	0
2579	232.324219	232.598958	B3	53	80	0
2580	232.432292	232.472656	G4	63	80	0
2581	232.527344	232.614583	F#3	62	80	0
2582	232.533854	233.419271	B5	81	80	0
2583	232.536458	232.859375	B4	80	80	0
2584	232.604167	232.679688	B3	45	80	0
2585	232.684896	232.789062	A4	57	80	0
2586	232.692708	232.864583	B3	50	80	0
2587	232.796875	232.938802	A4	58	80	0
2588	232.901042	233.369792	G3	59	80	0
2589	232.903646	232.989583	B4	59	80	0
2590	232.997396	233.158854	B4	68	80	0
2591	233.072917	233.218750	B3	54	80	0
2592	233.173177	233.239583	B4	51	80	0
2593	233.247396	233.369792	E3	63	80	0
2594	233.248698	233.408854	B4	59	80	0
2595	233.351562	233.402344	G4	61	80	0
2596	233.425781	233.539062	B3	54	80	0
2597	233.515625	233.598958	G4	56	80	0
2598	233.601562	233.671875	F#3	58	80	0
2599	233.648438	235.158854	E5	75	80	0
2600	233.651042	234.085938	E4	74	80	0
2601	233.722656	233.785156	A4	69	80	0
2602	233.815104	234.039062	B4	60	80	0
2603	233.817708	233.938802	B3	55	80	0
2604	233.911458	234.009115	A4	61	80	0
2605	234.005208	234.095052	G3	55	80	0
2606	234.118490	234.239583	B4	60	80	0
2607	234.167969	234.337240	B3	50	80	0
2608	234.252604	234.468750	B4	59	80	0
2609	234.356771	234.549479	A3	56	80	0
2610	234.358073	234.468750	A4	52	80	0
2611	234.460938	234.518229	G4	56	80	0
2612	234.553385	234.709635	E4	60	80	0
2613	234.643229	234.700521	G4	60	80	0
2614	234.697917	234.919271	Bb3	55	80	0
2615	234.735677	235.149740	C5	75	80	0
2616	234.833333	234.894531	G4	58	80	0
2617	234.933594	235.079427	E4	62	80	0
2618	235.024740	235.074219	G4	63	80	0
2619	235.125000	235.489583	B3	61	80	0
2620	235.197917	235.579427	B4	85	80	0
2621	235.251302	235.316406	G4	65	80	0
2622	235.347656	235.427083	E4	60	80	0
2623	235.455729	235.569010	G4	58	80	0
2624	235.584635	235.878906	B3	62	80	0
2625	235.652344	236.929688	B4	80	80	0
2626	235.695312	235.848958	G4	62	80	0
2627	235.804688	235.872396	E4	58	80	0
2628	235.899740	236.019531	G4	55	80	0
2629	236.022135	236.250000	B3	61	80	0
2630	236.104167	236.148438	G4	54	80	0
2631	236.180990	236.389323	E4	57	80	0
2632	236.286458	236.389323	G4	56	80	0
2633	236.394531	236.639323	B3	53	80	0
2634	236.490885	236.579427	A4	56	80	0
2635	236.522135	236.839844	Eb5	66	80	0
2636	236.623698	236.739583	F#4	42	80	0
2637	236.690104	236.779948	A4	50	80	0
2638	236.895833	236.985677	E2	40	80	0
2639	236.983073	237.289062	E5	69	80	0
2640	237.083333	237.156250	G3	47	80	0
2641	237.188802	237.309896	B2	45	80	0
2642	237.248698	237.419271	C5	69	80	0
2643	237.312500	237.408854	G3	49	80	0
2644	237.484375	237.789062	F#2	48	80	0
2645	237.591146	238.229167	C6	73	80	0
2646	237.746094	237.929688	B2	41	80	0
2647	237.871094	237.934896	A3	46	80	0
2648	237.955729	238.158854	G2	50	80	0
2649	238.084635	238.269531	B3	44	80	0
2650	238.177083	238.299479	B5	66	80	0
2651	238.178385	238.333333	B2	48	80	0
2652	238.337240	238.424479	E2	49	80	0
2653	238.454427	238.503906	G3	51	80	0
2654	238.503906	238.639323	B5	82	80	0
2655	238.532552	238.769531	B2	48	80	0
2656	238.611979	238.889323	D5	55	80	0
2657	238.614583	238.695312	G3	53	80	0
2658	238.721354	238.852865	F#2	61	80	0
2659	238.800781	239.329427	F#5	78	80	0
2660	238.861979	238.914062	A3	51	80	0
2661	238.938802	239.109375	B2	51	80	0
2662	239.048177	239.104167	A3	51	80	0
2663	239.125000	239.299479	G2	53	80	0
2664	239.234375	239.282552	B3	58	80	0
2665	239.307292	239.519531	B2	44	80	0
2666	239.358073	239.424479	E5	68	80	0
2667	239.391927	239.445312	B3	54	80	0
2668	239.484375	239.639323	E2	63	80	0
2669	239.584635	239.656250	G3	63	80	0
2670	239.665365	240.098958	B2	54	80	0
2671	239.666667	240.009115	E5	80	80	0
2672	239.766927	239.829427	G3	56	80	0
2673	239.855469	239.920573	F#2	65	80	0
2674	239.914062	240.079427	C5	78	80	0
2675	239.975260	240.035156	A3	59	80	0
2676	240.156250	240.279948	A3	51	80	0
2677	240.214844	240.399740	G2	54	80	0
2678	240.225260	240.500000	C5	60	80	0
2679	240.328125	240.438802	B3	59	80	0
2680	240.420573	240.566406	B2	50	80	0
2681	240.459635	240.526042	B4	71	80	0
2682	240.492188	240.569010	B3	60	80	0
2683	240.585938	240.789062	E2	65	80	0
2684	240.695312	240.756510	G3	65	80	0
2685	240.759115	241.109375	B4	83	80	0
2686	240.796875	240.929688	F#4	56	80	0
2687	240.813802	241.149740	B2	48	80	0
2688	240.856771	240.916667	G3	59	80	0
2689	240.953125	241.149740	F#2	63	80	0
2690	241.005208	241.348958	F#4	79	80	0
2691	241.067708	241.157552	A3	62	80	0
2692	241.160156	241.304688	B2	50	80	0
2693	241.253906	241.303385	A3	62	80	0
2694	241.316406	241.421875	G3	58	80	0
2695	241.317708	241.421875	G2	57	80	0
2696	241.442708	241.929688	B2	54	80	0
2697	241.542969	241.623698	E4	81	80	0
2698	241.666667	241.979167	A2	61	80	0
2699	241.734375	242.149740	E4	79	80	0
2700	241.785156	241.846354	G3	64	80	0
2701	241.864583	242.089844	E3	62	80	0
2702	241.970052	242.024740	G3	58	80	0
2703	242.037760	242.389323	Bb2	64	80	0
2704	242.104167	242.429688	C4	75	80	0
2705	242.179688	242.248698	G3	61	80	0
2706	242.273438	242.449219	E3	58	80	0
2707	242.371094	242.433594	G3	58	80	0
2708	242.453125	242.709635	B2	68	80	0
2709	242.455729	242.750000	B3	77	80	0
2710	242.565104	242.623698	G3	66	80	0
2711	242.622396	242.692708	E3	59	80	0
2712	242.714844	242.778646	G3	59	80	0
2713	242.783854	243.041667	B2	60	80	0
2714	242.856771	243.489583	B3	74	80	0
2715	243.044271	243.289062	G3	64	80	0
2716	243.049479	243.319010	G2	58	80	0
2717	243.208333	243.378906	E3	67	80	0
2718	243.367188	243.688802	B2	61	80	0
2719	243.368490	243.489583	C3	60	80	0
2720	243.471354	243.908854	Eb4	58	80	0
2721	243.480469	243.669271	B1	62	80	0
2722	243.643229	243.731771	Eb3	65	80	0
2723	243.816406	243.878906	E3	71	80	0
2724	243.822917	243.893229	E2	73	80	0
2725	243.984375	244.037760	F#3	73	80	0
2726	243.984375	244.052083	F#2	80	80	0
2727	244.138021	244.175781	G3	73	80	0
2728	244.143229	244.182292	G2	75	80	0
2729	244.273438	244.419271	A2	82	80	0
2730	244.274740	244.325521	A3	82	80	0
2731	244.425781	245.709635	B2	84	80	0
2732	244.430990	244.789062	B3	88	80	0
2733	244.841146	245.709635	E4	77	80	0
2734	244.846354	245.729167	C4	73	80	0
2735	244.875000	244.889323	Bb3	70	80	0
2736	246.096354	247.049479	F4	45	80	0
2737	246.100260	246.109375	B3	49	80	0
2738	246.109375	247.500000	C4	46	80	0
2739	246.113281	247.158854	A3	45	80	0
2740	246.114583	247.309896	A2	37	80	0
2741	246.869792	248.119792	C5	57	80	0
2742	247.326823	248.289062	Eb4	39	80	0
2743	247.329427	248.279948	F#4	42	80	0
2744	247.333333	248.149740	A4	46	80	0
2745	247.333333	247.669271	B3	38	80	0
2746	247.342448	248.169271	B2	33	80	0
2747	248.078125	248.179688	B4	57	80	0
2748	248.391927	248.454427	E2	75	80	0
2749	248.394531	248.479167	E1	80	80	0
2750	248.415365	248.466146	B4	64	80	0
2751	248.417969	248.467448	B3	70	80	0
2752	248.424479	248.699219	G4	65	80	0
2753	248.429688	248.559896	E4	60	80	0
2754	248.557292	248.610677	F#2	76	80	0
2755	248.558594	248.679688	F#3	66	80	0
2756	248.563802	248.609375	F#1	77	80	0
2757	248.567708	248.699219	C#4	60	80	0
2758	248.571615	248.709635	E4	58	80	0
2759	248.713542	248.959635	B4	65	80	0
2760	248.721354	248.799479	E4	62	80	0
2761	248.723958	248.949219	B3	63	80	0
2762	248.723958	248.763021	G2	71	80	0
2763	248.725260	248.755208	G3	63	80	0
2764	248.725260	248.765625	G1	70	80	0
2765	248.727865	248.739583	D4	60	80	0
2766	248.731771	248.959635	G4	62	80	0
2767	248.886719	248.925781	A2	73	80	0
2768	248.890625	248.968750	A1	70	80	0
2769	249.014323	250.239583	B2	79	80	0
2770	249.018229	250.089844	B3	72	80	0
2771	249.019531	250.718750	B1	74	80	0
2772	249.023438	249.169271	E4	67	80	0
2773	249.466146	250.389323	E3	73	80	0
2774	249.467448	250.389323	E4	69	80	0
2775	249.468750	249.479167	E1	78	80	0
2776	249.472656	249.699219	E2	75	80	0
2777	249.472656	250.479167	C4	68	80	0
2778	249.473958	250.389323	C3	69	80	0
2779	249.477865	250.069010	C2	70	80	0
2780	250.757812	251.529948	C4	43	80	0
2781	250.760417	251.619792	F3	41	80	0
2782	250.763021	251.699219	A1	44	80	0
2783	250.765625	250.878906	E3	41	80	0
2784	251.536458	252.899740	C4	54	80	0
2785	252.000000	253.250000	B2	29	80	0
2786	252.007812	253.619792	Eb4	32	80	0
2787	252.053385	253.269531	F#3	30	80	0
2788	252.055990	253.408854	A3	32	80	0
2789	252.889323	253.579427	B3	29	80	0
2790	253.925781	255.699219	C4	54	80	0
2791	254.372396	255.750000	B2	28	80	0
2792	254.404948	255.959635	E2	27	80	0
2793	254.415365	255.669271	G3	27	80	0
2794	255.234375	255.779948	B3	31	80	0
2795	256.295573	257.229167	C4	51	80	0
2796	256.743490	257.259115	A3	32	80	0
2797	256.743490	257.269531	Eb4	31	80	0
2798	256.752604	257.098958	F#3	29	80	0
2799	256.755208	257.459635	B2	27	80	0
2800	256.757812	257.709635	B1	30	80	0
2801	257.523438	257.938802	Eb4	41	80	0
2802	257.533854	257.679688	C4	25	80	0
2803	257.542969	257.669271	F#3	28	80	0
2804	257.977865	258.399740	E4	35	80	0
2805	257.979167	258.359375	B3	28	80	0
2806	257.988281	258.279948	G3	27	80	0
2807	258.744792	259.309896	C5	50	80	0
2808	259.233073	260.119792	A4	33	80	0
2809	259.235677	261.869792	Eb4	25	80	0
2810	259.236979	261.309896	B3	27	80	0
2811	259.242188	260.459635	B2	23	80	0
2812	259.242188	261.229167	F#4	26	80	0
2813	260.082031	260.108073	C5	41	80	0
2814	260.083333	261.389323	B4	40	80	0
2815	261.251302	262.619792	C5	44	80	0
2816	261.746094	263.169271	G4	34	80	0
2817	261.753906	262.829427	E4	25	80	0
2818	261.761719	262.029948	B4	35	80	0
2819	261.782552	262.569010	B3	23	80	0
2820	262.571615	263.688802	B4	38	80	0
2821	262.574219	263.598958	B3	24	80	0
2822	263.723958	265.269531	C5	53	80	0
2823	263.755208	264.250000	C4	21	80	0
2824	264.212240	264.658854	B3	29	80	0
2825	264.212240	265.119792	B2	26	80	0
2826	264.213542	265.039062	A4	34	80	0
2827	264.213542	265.049479	F#4	27	80	0
2828	264.966146	265.378906	Eb5	40	80	0
2829	265.394531	265.559896	E4	28	80	0
2830	265.415365	266.319010	E5	45	80	0
2831	265.421875	265.809896	G4	32	80	0
2832	266.223958	266.968750	C6	64	80	0
2833	266.832031	268.468750	A5	36	80	0
2834	266.833333	269.389323	Eb5	33	80	0
2835	266.834635	269.369792	B4	37	80	0
2836	266.835938	268.179688	B3	26	80	0
2837	267.838542	268.750000	B5	44	80	0
2838	269.053385	270.201823	C5	48	80	0
2839	269.062500	269.069010	Bb4	39	80	0
2840	269.084635	269.729167	C4	20	80	0
2841	270.180990	270.549479	B4	42	80	0
2842	270.639323	271.127604	F#5	59	80	0
2843	270.645833	271.139323	Eb5	49	80	0
2844	270.653646	271.109375	A4	42	80	0
2845	270.657552	271.109375	F#4	40	80	0
2846	270.662760	270.669271	B3	35	80	0
2847	271.204427	271.509115	G4	51	80	0
2848	271.208333	271.479167	E4	40	80	0
2849	271.223958	271.878906	G5	55	80	0
2850	271.235677	271.628906	E5	48	80	0
2851	271.947917	272.139323	F#5	57	80	0
2852	271.951823	272.026042	Eb5	50	80	0
2853	271.955729	272.015625	A4	46	80	0
2854	271.955729	272.029948	F#4	41	80	0
2855	272.156250	272.549479	G4	47	80	0
2856	272.160156	272.550781	E5	57	80	0
2857	272.695312	273.239583	A5	48	80	0
2858	272.696615	273.250000	D4	34	80	0
2859	272.697917	273.250000	F#4	34	80	0
2860	272.699219	273.259115	A4	37	80	0
2861	272.704427	273.289062	F#5	43	80	0
2862	273.574219	273.938802	A5	69	80	0
2863	273.576823	273.929688	F#5	58	80	0
2864	273.582031	273.899740	D5	56	80	0
2865	274.095052	274.959635	A5	61	80	0
2866	274.101562	274.908854	F#5	52	80	0
2867	274.104167	274.549479	D5	49	80	0
2868	274.881510	275.079427	G5	49	80	0
2869	274.885417	275.209635	D5	40	80	0
2870	274.888021	275.029948	B4	37	80	0
2871	275.100260	275.649740	A5	49	80	0
2872	275.101562	275.718750	F#5	47	80	0
2873	275.104167	275.500000	A4	38	80	0
2874	275.105469	275.649740	C5	36	80	0
2875	275.635417	276.378906	B4	42	80	0
2876	275.643229	276.169271	G4	32	80	0
2877	275.651042	276.250000	B5	46	80	0
2878	275.671875	276.218750	G5	33	80	0
2879	276.721354	277.199219	B5	50	80	0
2880	276.723958	277.158854	G5	38	80	0
2881	277.359375	278.429688	B5	57	80	0
2882	277.372396	278.119792	G5	40	80	0
2883	277.398438	278.309896	B4	29	80	0
2884	278.390625	278.839844	A5	44	80	0
2885	278.394531	278.859375	F#5	45	80	0
2886	278.403646	279.218750	B4	32	80	0
2887	278.417969	278.679688	B3	23	80	0
2888	278.805990	280.829427	B5	41	80	0
2889	278.822917	279.799479	G5	40	80	0
2890	278.834635	279.109375	E5	29	80	0
2891	279.721354	281.598958	Eb5	35	80	0
2892	279.725260	281.369792	A5	32	80	0
2893	279.726562	281.559896	C6	39	80	0
2894	282.544271	283.688802	E6	63	80	0
2895	282.553385	283.389323	E5	59	80	0
2896	282.582031	282.589844	B3	32	80	0
2897	283.111979	283.549479	E4	33	80	0
2898	283.111979	283.869792	B3	32	80	0
2899	283.113281	284.229167	G3	32	80	0
2900	283.730469	283.809896	Bb3	38	80	0
2901	283.733073	283.816406	Eb6	64	80	0
2902	283.734375	283.812500	Eb5	60	80	0
2903	283.959635	284.179688	E6	65	80	0
2904	283.963542	284.329427	E5	71	80	0
2905	284.460938	284.949219	A3	47	80	0
2906	284.466146	284.824219	F#4	61	80	0
2907	284.473958	287.019531	A2	43	80	0
2908	284.475260	284.938802	E4	51	80	0
2909	284.476562	284.929688	C4	45	80	0
2910	285.229167	285.628906	F#4	68	80	0
2911	285.242188	285.549479	E4	58	80	0
2912	285.243490	285.628906	C#4	48	80	0
2913	285.769531	286.549479	F#4	56	80	0
2914	285.773438	286.509115	B3	42	80	0
2915	285.782552	286.529948	Eb4	51	80	0
2916	285.786458	286.949219	A3	40	80	0
2917	286.513021	286.726562	G4	57	80	0
2918	286.523438	286.968750	B3	39	80	0
2919	286.723958	286.859375	A4	56	80	0
2920	286.894531	286.979167	G4	57	80	0
2921	286.920573	286.929688	C4	36	80	0
2922	287.093750	287.619792	F#4	43	80	0
2923	287.096354	287.589844	G3	38	80	0
2924	287.104167	287.438802	C4	33	80	0
2925	287.505208	287.699219	E4	52	80	0
2926	287.513021	287.639323	C4	36	80	0
2927	287.872396	288.000000	B2	41	80	0
2928	287.907552	288.929688	E6	69	80	0
2929	287.914062	288.739583	E5	59	80	0
2930	288.102865	288.269531	A2	34	80	0
2931	288.104167	288.289062	A1	35	80	0
2932	288.114583	288.299479	C#4	30	80	0
2933	288.117188	288.299479	E4	29	80	0
2934	288.347656	288.908854	G2	38	80	0
2935	288.348958	288.359375	D4	33	80	0
2936	288.352865	288.479167	B3	35	80	0
2937	288.355469	289.059896	G1	39	80	0
2938	288.355469	288.589844	E4	33	80	0
2939	288.375000	288.389323	F4	25	80	0
2940	289.003906	289.169271	Eb6	63	80	0
2941	289.007812	289.079427	Eb5	60	80	0
2942	289.162760	289.589844	G#2	38	80	0
2943	289.207031	289.329427	E6	69	80	0
2944	289.210938	289.359375	E5	65	80	0
2945	289.744792	290.699219	F#4	56	80	0
2946	289.744792	290.639323	A2	35	80	0
2947	289.751302	290.429688	C4	39	80	0
2948	289.753906	290.209635	E4	50	80	0
2949	290.670573	290.679688	Bb3	27	80	0
2950	290.713542	291.329427	F#4	35	80	0
2951	290.713542	290.963542	C#4	35	80	0
2952	290.717448	291.098958	E4	36	80	0
2953	291.338542	292.199219	F#4	37	80	0
2954	291.347656	292.209635	Eb4	30	80	0
2955	291.354167	291.809896	B3	27	80	0
2956	291.364583	292.250000	A3	29	80	0
2957	292.209635	292.477865	A4	41	80	0
2958	292.212240	292.559896	F#4	28	80	0
2959	292.216146	292.559896	Eb4	23	80	0
2960	292.514323	292.869792	G4	48	80	0
2961	292.567708	293.049479	Eb4	19	80	0
2962	292.572917	292.579427	C4	18	80	0
2963	292.795573	293.279948	F#4	41	80	0
2964	293.204427	294.369792	E4	34	80	0
2965	293.205729	293.759115	B3	28	80	0
2966	293.231771	293.859375	G3	29	80	0
#SofPed	0.291667	52	0
#SusPed	0.292969	52	0
#SofPed	0.639323	0	0
#SofPed	0.653646	48	0
#SusPed	0.688802	0	0
#SusPed	0.700521	68	0
#SofPed	0.759115	0	0
#SofPed	0.768229	40	0
#SofPed	0.949219	0	0
#SofPed	0.957031	43	0
#SusPed	1.069010	0	0
#SofPed	1.079427	0	0
#SusPed	1.083333	72	0
#SofPed	1.092448	42	0
#SofPed	1.239583	0	0
#SofPed	1.251302	46	0
#SofPed	1.369792	0	0
#SofPed	1.384115	28	0
#SusPed	1.459635	0	0
#SusPed	1.467448	37	0
#SofPed	1.619792	0	0
#SofPed	1.631510	19	0
#SusPed	1.739583	0	0
#SusPed	1.751302	93	0
#SusPed	1.968750	0	0
#SusPed	1.975260	70	0
#SofPed	2.000000	0	0
#SofPed	2.005208	75	0
#SofPed	2.529948	0	0
#SofPed	2.544271	94	0
#SofPed	2.968750	0	0
#SofPed	2.975260	99	0
#SusPed	3.029948	0	0
#SusPed	3.044271	83	0
#SusPed	3.369792	0	0
#SusPed	3.382812	57	0
#SofPed	3.449219	0	0
#SofPed	3.463542	115	0
#SofPed	3.718750	0	0
#SofPed	3.733073	103	0
#SofPed	3.809896	0	0
#SofPed	3.816406	104	0
#SofPed	3.959635	0	0
#SofPed	3.964844	91	0
#SusPed	4.059896	0	0
#SusPed	4.067708	60	0
#SofPed	4.158854	0	0
#SofPed	4.169271	75	0
#SusPed	4.438802	0	0
#SusPed	4.445312	60	0
#SusPed	4.579427	0	0
#SusPed	4.593750	52	0
#SofPed	4.598958	0	0
#SofPed	4.608073	46	0
#SusPed	4.658854	0	0
#SusPed	4.673177	52	0
#SusPed	4.759115	0	0
#SusPed	4.770833	39	0
#SofPed	5.009115	0	0
#SofPed	5.014323	39	0
#SusPed	5.169271	0	0
#SusPed	5.183594	72	0
#SusPed	5.389323	0	0
#SusPed	5.402344	57	0
#SusPed	5.709635	0	0
#SusPed	5.721354	40	0
#SusPed	6.049479	0	0
#SusPed	6.062500	54	0
#SusPed	6.109375	0	0
#SusPed	6.114583	89	0
#SusPed	6.309896	0	0
#SusPed	6.319010	71	0
#SofPed	6.438802	0	0
#SofPed	6.446615	90	0
#SofPed	6.869792	0	0
#SofPed	6.881510	114	0
#SofPed	7.209635	0	0
#SofPed	7.222656	117	0
#SofPed	7.319010	0	0
#SusPed	7.329427	0	0
#SofPed	7.334635	118	0
#SusPed	7.334635	72	0
#SusPed	7.658854	0	0
#SusPed	7.665365	69	0
#SusPed	7.899740	0	0
#SusPed	8.528646	73	0
#SusPed	9.119792	0	0
#SusPed	9.131510	65	0
#SusPed	9.188802	0	0
#SusPed	9.204427	57	0
#SusPed	9.429688	0	0
#SusPed	9.434896	60	0
#SusPed	9.529948	0	0
#SusPed	9.535156	73	0
#SusPed	10.459635	0	0
#SusPed	10.468750	58	0
#SusPed	10.688802	0	0
#SofPed	11.109375	0	0
#SofPed	11.114583	110	0
#SusPed	11.123698	75	0
#SofPed	11.559896	0	0
#SofPed	11.569010	93	0
#SusPed	11.628906	0	0
#SusPed	11.635417	62	0
#SofPed	11.819010	0	0
#SofPed	11.834635	77	0
#SusPed	12.059896	0	0
#SofPed	12.269531	0	0
#SofPed	12.277344	44	0
#SofPed	12.339844	0	0
#SofPed	12.350260	47	0
#SofPed	12.509115	0	0
#SofPed	12.515625	46	0
#SofPed	12.709635	0	0
#SofPed	12.722656	60	0
#SofPed	12.799479	0	0
#SofPed	12.807292	61	0
#SofPed	13.179688	0	0
#SofPed	13.186198	78	0
#SofPed	13.259115	0	0
#SofPed	13.273438	69	0
#SusPed	13.574219	61	0
#SofPed	13.589844	0	0
#SofPed	13.604167	70	0
#SofPed	13.750000	0	0
#SofPed	13.760417	70	0
#SusPed	13.769531	0	0
#SusPed	13.783854	75	0
#SofPed	13.959635	0	0
#SofPed	13.972656	79	0
#SusPed	14.089844	0	0
#SusPed	14.104167	70	0
#SofPed	14.139323	0	0
#SofPed	14.144531	85	0
#SusPed	14.799479	0	0
#SusPed	14.813802	69	0
#SusPed	15.459635	0	0
#SusPed	15.464844	86	0
#SusPed	15.739583	0	0
#SusPed	15.752604	74	0
#SusPed	15.829427	0	0
#SusPed	15.837240	78	0
#SusPed	16.539062	0	0
#SusPed	16.552083	85	0
#SusPed	17.089844	0	0
#SusPed	17.102865	88	0
#SusPed	18.169271	0	0
#SusPed	18.182292	65	0
#SofPed	18.959635	0	0
#SofPed	18.968750	105	0
#SofPed	19.209635	0	0
#SofPed	19.218750	104	0
#SofPed	19.279948	0	0
#SofPed	19.294271	104	0
#SusPed	21.179688	0	0
#SusPed	21.194010	70	0
#SusPed	21.559896	0	0
#SusPed	21.572917	69	0
#SofPed	22.619792	0	0
#SofPed	22.630208	88	0
#SofPed	22.848958	0	0
#SofPed	22.856771	73	0
#SusPed	22.859375	0	0
#SusPed	22.865885	55	0
#SusPed	22.979167	0	0
#SusPed	22.989583	64	0
#SofPed	23.109375	0	0
#SofPed	23.115885	91	0
#SofPed	23.369792	0	0
#SofPed	23.382812	98	0
#SusPed	23.479167	0	0
#SusPed	23.490885	70	0
#SusPed	23.628906	0	0
#SusPed	23.634115	67	0
#SofPed	23.819010	0	0
#SofPed	23.828125	98	0
#SusPed	24.229167	0	0
#SusPed	24.236979	56	0
#SusPed	24.399740	0	0
#SusPed	24.404948	66	0
#SofPed	24.479167	0	0
#SofPed	24.485677	52	0
#SofPed	24.589844	0	0
#SofPed	24.601562	58	0
#SusPed	24.718750	0	0
#SofPed	24.729167	0	0
#SusPed	24.733073	56	0
#SofPed	24.738281	65	0
#SusPed	24.889323	0	0
#SofPed	24.889323	0	0
#SusPed	24.898438	65	0
#SofPed	24.903646	79	0
#SusPed	25.279948	0	0
#SusPed	25.290365	66	0
#SofPed	25.329427	0	0
#SofPed	25.337240	84	0
#SusPed	25.529948	0	0
#SusPed	25.540365	61	0
#SofPed	25.559896	0	0
#SofPed	25.572917	89	0
#SusPed	25.709635	0	0
#SofPed	25.718750	0	0
#SusPed	25.721354	58	0
#SofPed	25.723958	93	0
#SusPed	25.809896	0	0
#SusPed	25.822917	54	0
#SofPed	25.899740	0	0
#SofPed	25.910156	95	0
#SusPed	26.098958	0	0
#SusPed	26.114583	74	0
#SofPed	26.188802	0	0
#SofPed	26.203125	102	0
#SofPed	26.359375	0	0
#SofPed	26.373698	109	0
#SusPed	26.399740	0	0
#SusPed	26.404948	64	0
#SusPed	26.468750	0	0
#SusPed	26.476562	64	0
#SusPed	26.809896	0	0
#SusPed	26.816406	62	0
#SofPed	26.819010	0	0
#SofPed	26.829427	107	0
#SofPed	26.908854	0	0
#SofPed	26.921875	111	0
#SusPed	26.968750	0	0
#SusPed	26.981771	79	0
#SofPed	27.139323	0	0
#SofPed	27.149740	108	0
#SofPed	27.259115	0	0
#SofPed	27.269531	110	0
#SusPed	27.319010	0	0
#SusPed	27.333333	65	0
#SusPed	27.799479	0	0
#SusPed	27.811198	73	0
#SusPed	27.968750	0	0
#SusPed	27.984375	70	0
#SofPed	28.039062	0	0
#SofPed	28.054688	83	0
#SofPed	28.348958	0	0
#SusPed	28.359375	0	0
#SofPed	28.361979	72	0
#SusPed	28.365885	68	0
#SofPed	28.619792	0	0
#SofPed	28.630208	75	0
#SusPed	28.669271	0	0
#SusPed	28.674479	63	0
#SusPed	29.128906	0	0
#SusPed	29.140625	67	0
#SusPed	29.489583	0	0
#SusPed	29.503906	73	0
#SofPed	29.619792	0	0
#SofPed	29.626302	95	0
#SusPed	29.929688	0	0
#SusPed	29.941406	72	0
#SofPed	29.989583	0	0
#SofPed	30.001302	85	0
#SusPed	30.139323	0	0
#SusPed	30.153646	49	0
#SofPed	30.259115	0	0
#SofPed	30.264323	94	0
#SusPed	30.750000	0	0
#SusPed	30.761719	64	0
#SusPed	31.759115	0	0
#SusPed	31.764323	68	0
#SusPed	33.188802	0	0
#SusPed	33.203125	54	0
#SusPed	33.369792	0	0
#SusPed	33.384115	60	0
#SusPed	33.628906	0	0
#SusPed	33.634115	63	0
#SusPed	34.109375	0	0
#SusPed	34.117188	62	0
#SusPed	34.809896	0	0
#SusPed	34.816406	71	0
#SusPed	35.309896	0	0
#SusPed	35.315104	45	0
#SusPed	35.809896	0	0
#SusPed	35.815104	73	0
#SofPed	35.938802	0	0
#SofPed	35.951823	67	0
#SofPed	36.079427	0	0
#SofPed	36.092448	67	0
#SofPed	36.158854	0	0
#SofPed	36.169271	73	0
#SusPed	36.378906	0	0
#SusPed	36.388021	60	0
#SofPed	36.419271	0	0
#SofPed	36.427083	95	0
#SusPed	36.468750	0	0
#SusPed	36.473958	50	0
#SofPed	36.489583	0	0
#SofPed	36.502604	96	0
#SusPed	36.859375	0	0
#SusPed	36.865885	61	0
#SofPed	36.979167	0	0
#SofPed	36.993490	88	0
#SofPed	37.289062	0	0
#SofPed	37.299479	94	0
#SusPed	37.389323	0	0
#SusPed	37.402344	45	0
#SusPed	37.829427	0	0
#SusPed	37.835938	58	0
#SusPed	38.128906	0	0
#SusPed	38.135417	72	0
#SofPed	38.139323	0	0
#SofPed	38.152344	49	0
#SusPed	38.269531	0	0
#SusPed	38.282552	79	0
#SofPed	38.289062	0	0
#SofPed	38.303385	30	0
#SofPed	38.408854	0	0
#SofPed	38.415365	26	0
#SusPed	38.438802	0	0
#SusPed	38.450521	75	0
#SofPed	38.529948	0	0
#SofPed	38.535156	29	0
#SusPed	38.549479	0	0
#SusPed	38.559896	62	0
#SofPed	38.598958	0	0
#SofPed	38.605469	30	0
#SofPed	38.779948	0	0
#SofPed	38.789062	36	0
#SofPed	38.848958	0	0
#SofPed	38.864583	36	0
#SofPed	38.889323	0	0
#SofPed	38.897135	39	0
#SofPed	39.109375	0	0
#SofPed	39.114583	33	0
#SofPed	39.250000	0	0
#SofPed	39.261719	26	0
#SofPed	39.329427	0	0
#SofPed	39.341146	29	0
#SofPed	39.438802	0	0
#SofPed	39.453125	34	0
#SofPed	39.509115	0	0
#SofPed	39.518229	45	0
#SusPed	40.459635	0	0
#SusPed	40.464844	56	0
#SusPed	40.989583	0	0
#SusPed	41.003906	74	0
#SofPed	41.029948	0	0
#SofPed	41.035156	71	0
#SusPed	41.158854	0	0
#SusPed	41.165365	62	0
#SofPed	41.519531	0	0
#SofPed	41.527344	48	0
#SusPed	41.569010	0	0
#SusPed	41.575521	40	0
#SusPed	41.959635	0	0
#SusPed	41.972656	65	0
#SofPed	42.069010	0	0
#SofPed	42.083333	40	0
#SofPed	42.209635	0	0
#SofPed	42.216146	38	0
#SusPed	42.239583	0	0
#SusPed	42.252604	74	0
#SofPed	42.419271	0	0
#SofPed	42.424479	69	0
#SofPed	42.489583	0	0
#SofPed	42.503906	83	0
#SofPed	42.569010	0	0
#SofPed	42.578125	93	0
#SofPed	42.679688	0	0
#SofPed	42.692708	102	0
#SusPed	42.718750	0	0
#SusPed	42.726562	62	0
#SofPed	42.799479	0	0
#SofPed	42.813802	105	0
#SofPed	42.878906	0	0
#SofPed	42.886719	103	0
#SofPed	42.929688	0	0
#SofPed	42.941406	103	0
#SofPed	43.059896	0	0
#SofPed	43.072917	91	0
#SofPed	43.128906	0	0
#SofPed	43.135417	88	0
#SofPed	43.188802	0	0
#SofPed	43.195312	87	0
#SusPed	43.218750	0	0
#SusPed	43.229167	48	0
#SofPed	43.239583	0	0
#SofPed	43.252604	83	0
#SofPed	43.309896	0	0
#SofPed	43.322917	77	0
#SofPed	43.359375	0	0
#SofPed	43.372396	77	0
#SofPed	43.438802	0	0
#SofPed	43.450521	79	0
#SusPed	43.479167	0	0
#SusPed	43.485677	50	0
#SusPed	43.669271	0	0
#SofPed	43.669271	0	0
#SofPed	43.674479	76	0
#SusPed	43.674479	46	0
#SofPed	44.359375	0	0
#SofPed	44.365885	44	0
#SusPed	44.378906	0	0
#SusPed	44.391927	42	0
#SofPed	44.429688	0	0
#SofPed	44.434896	47	0
#SusPed	44.799479	0	0
#SusPed	44.811198	43	0
#SofPed	44.908854	0	0
#SofPed	44.916667	56	0
#SofPed	45.039062	0	0
#SofPed	45.052083	40	0
#SofPed	45.519531	0	0
#SofPed	45.533854	89	0
#SofPed	46.019531	0	0
#SofPed	46.028646	83	0
#SofPed	46.179688	0	0
#SofPed	46.186198	53	0
#SofPed	46.218750	0	0
#SofPed	46.231771	49	0
#SusPed	46.279948	0	0
#SusPed	46.290365	75	0
#SusPed	46.779948	0	0
#SusPed	46.783854	54	0
#SusPed	46.908854	0	0
#SusPed	46.915365	47	0
#SusPed	47.199219	0	0
#SusPed	47.213542	38	0
#SusPed	47.269531	0	0
#SusPed	47.277344	41	0
#SusPed	47.319010	0	0
#SusPed	47.324219	41	0
#SusPed	47.438802	0	0
#SusPed	47.453125	42	0
#SusPed	49.059896	0	0
#SusPed	49.063802	48	0
#SusPed	49.348958	0	0
#SusPed	49.364583	89	0
#SusPed	49.579427	0	0
#SusPed	49.587240	89	0
#SusPed	51.239583	0	0
#SusPed	51.246094	85	0
#SofPed	51.429688	0	0
#SofPed	51.434896	86	0
#SofPed	51.619792	0	0
#SofPed	51.625000	83	0
#SusPed	51.799479	0	0
#SusPed	51.811198	83	0
#SofPed	51.878906	0	0
#SofPed	51.888021	80	0
#SusPed	52.479167	0	0
#SusPed	52.486979	74	0
#SofPed	52.489583	0	0
#SofPed	52.503906	96	0
#SusPed	52.989583	0	0
#SusPed	52.994792	90	0
#SusPed	53.569010	0	0
#SusPed	53.576823	65	0
#SofPed	53.739583	0	0
#SofPed	53.748698	88	0
#SofPed	53.989583	0	0
#SofPed	53.996094	98	0
#SofPed	54.049479	0	0
#SofPed	54.057292	102	0
#SusPed	54.098958	0	0
#SusPed	54.105469	53	0
#SusPed	54.218750	0	0
#SusPed	54.234375	83	0
#SofPed	54.259115	0	0
#SofPed	54.269531	103	0
#SofPed	54.729167	0	0
#SofPed	54.734375	70	0
#SusPed	54.809896	0	0
#SusPed	54.817708	79	0
#SofPed	54.878906	0	0
#SofPed	54.890625	62	0
#SofPed	55.059896	0	0
#SofPed	55.071615	61	0
#SusPed	55.089844	0	0
#SusPed	55.104167	84	0
#SusPed	55.199219	0	0
#SusPed	55.212240	54	0
#SofPed	55.339844	0	0
#SofPed	55.347656	56	0
#SusPed	55.378906	0	0
#SusPed	55.391927	85	0
#SofPed	55.589844	0	0
#SofPed	55.597656	52	0
#SofPed	55.750000	0	0
#SofPed	55.764323	55	0
#SusPed	56.239583	0	0
#SusPed	56.251302	63	0
#SofPed	56.348958	0	0
#SofPed	56.359375	56	0
#SusPed	56.449219	0	0
#SofPed	56.459635	0	0
#SusPed	56.459635	66	0
#SofPed	56.464844	70	0
#SofPed	56.649740	0	0
#SofPed	56.658854	87	0
#SofPed	56.809896	0	0
#SofPed	56.815104	82	0
#SusPed	57.209635	0	0
#SusPed	57.223958	62	0
#SofPed	57.309896	0	0
#SofPed	57.315104	63	0
#SofPed	57.500000	0	0
#SofPed	57.506510	40	0
#SusPed	57.598958	0	0
#SofPed	57.598958	0	0
#SofPed	57.605469	50	0
#SusPed	57.606771	64	0
#SofPed	57.669271	0	0
#SofPed	57.683594	70	0
#SusPed	57.799479	0	0
#SusPed	57.808594	57	0
#SofPed	57.839844	0	0
#SofPed	57.846354	92	0
#SusPed	57.968750	0	0
#SusPed	57.975260	58	0
#SofPed	58.029948	0	0
#SofPed	58.036458	72	0
#SusPed	58.089844	0	0
#SusPed	58.098958	55	0
#SofPed	58.158854	0	0
#SofPed	58.170573	67	0
#SusPed	58.259115	0	0
#SusPed	58.264323	58	0
#SusPed	58.429688	0	0
#SusPed	58.436198	53	0
#SusPed	58.619792	0	0
#SusPed	58.631510	60	0
#SofPed	58.658854	0	0
#SofPed	58.669271	55	0
#SofPed	58.718750	0	0
#SofPed	58.726562	50	0
#SofPed	58.899740	0	0
#SofPed	58.904948	59	0
#SusPed	58.919271	0	0
#SusPed	58.932292	56	0
#SusPed	59.009115	0	0
#SusPed	59.019531	56	0
#SofPed	59.029948	0	0
#SofPed	59.041667	66	0
#SofPed	59.188802	0	0
#SofPed	59.200521	70	0
#SusPed	59.229167	0	0
#SusPed	59.242188	66	0
#SusPed	59.299479	0	0
#SusPed	59.304688	55	0
#SofPed	59.309896	0	0
#SofPed	59.321615	55	0
#SusPed	59.419271	0	0
#SusPed	59.433594	53	0
#SofPed	59.519531	0	0
#SofPed	59.532552	54	0
#SusPed	59.539062	0	0
#SusPed	59.553385	57	0
#SofPed	59.699219	0	0
#SofPed	59.707031	81	0
#SusPed	59.848958	0	0
#SusPed	59.863281	57	0
#SofPed	59.869792	0	0
#SofPed	59.875000	98	0
#SusPed	59.938802	0	0
#SofPed	59.949219	0	0
#SusPed	59.953125	62	0
#SofPed	59.955729	102	0
#SofPed	60.019531	0	0
#SofPed	60.027344	101	0
#SofPed	60.109375	0	0
#SofPed	60.123698	97	0
#SofPed	60.188802	0	0
#SofPed	60.196615	94	0
#SusPed	60.250000	0	0
#SusPed	60.257812	55	0
#SofPed	60.269531	0	0
#SofPed	60.282552	90	0
#SofPed	60.399740	0	0
#SofPed	60.407552	83	0
#SusPed	60.559896	0	0
#SusPed	60.567708	62	0
#SofPed	60.579427	0	0
#SofPed	60.591146	62	0
#SofPed	60.639323	0	0
#SofPed	60.653646	53	0
#SofPed	60.729167	0	0
#SofPed	60.742188	71	0
#SofPed	60.949219	0	0
#SofPed	60.964844	104	0
#SusPed	61.299479	0	0
#SusPed	61.312500	73	0
#SusPed	63.079427	0	0
#SusPed	63.084635	69	0
#SusPed	63.199219	0	0
#SusPed	63.210938	67	0
#SofPed	63.639323	0	0
#SusPed	64.179688	0	0
#SusPed	64.191406	81	0
#SusPed	64.359375	0	0
#SusPed	64.364583	68	0
#SusPed	64.519531	0	0
#SusPed	64.533854	80	0
#SusPed	64.819010	0	0
#SusPed	64.824219	65	0
#SusPed	64.959635	0	0
#SusPed	64.972656	81	0
#SofPed	64.975260	54	0
#SusPed	65.119792	0	0
#SusPed	65.130208	68	0
#SofPed	65.239583	0	0
#SofPed	65.244792	50	0
#SusPed	65.289062	0	0
#SusPed	65.303385	70	0
#SofPed	65.348958	0	0
#SofPed	65.358073	42	0
#SusPed	65.438802	0	0
#SusPed	65.453125	67	0
#SusPed	65.579427	0	0
#SusPed	65.585938	67	0
#SofPed	65.609375	0	0
#SofPed	65.619792	89	0
#SusPed	65.699219	0	0
#SusPed	65.713542	75	0
#SofPed	65.718750	0	0
#SofPed	65.733073	88	0
#SusPed	65.938802	0	0
#SusPed	65.947917	62	0
#SofPed	65.959635	0	0
#SofPed	65.966146	100	0
#SofPed	66.000000	0	0
#SofPed	66.010417	101	0
#SusPed	66.089844	0	0
#SusPed	66.101562	64	0
#SofPed	66.149740	0	0
#SofPed	66.162760	98	0
#SofPed	66.239583	0	0
#SofPed	66.244792	97	0
#SofPed	66.329427	0	0
#SofPed	66.342448	97	0
#SofPed	66.438802	0	0
#SofPed	66.445312	99	0
#SofPed	66.509115	0	0
#SofPed	66.516927	100	0
#SofPed	66.589844	0	0
#SofPed	66.597656	104	0
#SofPed	66.658854	0	0
#SofPed	66.666667	106	0
#SusPed	66.718750	0	0
#SofPed	66.718750	0	0
#SofPed	66.725260	106	0
#SusPed	66.733073	64	0
#SofPed	66.839844	0	0
#SofPed	66.854167	108	0
#SofPed	67.009115	0	0
#SofPed	67.014323	109	0
#SusPed	67.029948	0	0
#SusPed	67.039062	69	0
#SofPed	67.158854	0	0
#SofPed	67.173177	107	0
#SofPed	67.269531	0	0
#SofPed	67.277344	107	0
#SofPed	67.419271	0	0
#SofPed	67.432292	99	0
#SusPed	67.459635	0	0
#SusPed	67.468750	80	0
#SusPed	67.519531	0	0
#SofPed	67.529948	0	0
#SusPed	67.533854	79	0
#SofPed	67.541667	91	0
#SofPed	67.699219	0	0
#SofPed	67.704427	72	0
#SusPed	67.709635	0	0
#SusPed	67.723958	69	0
#SofPed	67.759115	0	0
#SofPed	67.774740	71	0
#SusPed	67.938802	0	0
#SusPed	67.951823	64	0
#SusPed	68.169271	0	0
#SusPed	68.174479	58	0
#SofPed	68.309896	0	0
#SofPed	68.324219	91	0
#SofPed	68.389323	0	0
#SofPed	68.397135	84	0
#SofPed	68.500000	0	0
#SofPed	68.513021	76	0
#SusPed	68.619792	0	0
#SofPed	68.619792	0	0
#SusPed	68.627604	66	0
#SofPed	68.634115	59	0
#SofPed	68.829427	0	0
#SofPed	68.835938	56	0
#SusPed	68.839844	0	0
#SusPed	68.854167	64	0
#SofPed	68.979167	0	0
#SofPed	68.988281	78	0
#SusPed	69.000000	0	0
#SusPed	69.007812	52	0
#SusPed	69.039062	0	0
#SusPed	69.046875	50	0
#SusPed	69.128906	0	0
#SusPed	69.141927	59	0
#SusPed	69.229167	0	0
#SusPed	69.239583	59	0
#SofPed	69.250000	0	0
#SofPed	69.264323	74	0
#SofPed	69.319010	0	0
#SofPed	69.326823	76	0
#SofPed	69.429688	0	0
#SofPed	69.444010	72	0
#SusPed	69.569010	0	0
#SusPed	69.575521	61	0
#SofPed	69.598958	0	0
#SofPed	69.605469	75	0
#SusPed	69.688802	0	0
#SusPed	69.701823	71	0
#SofPed	69.718750	0	0
#SofPed	69.733073	77	0
#SofPed	69.779948	0	0
#SofPed	69.786458	77	0
#SofPed	69.908854	0	0
#SofPed	69.917969	80	0
#SusPed	69.949219	0	0
#SusPed	69.954427	61	0
#SusPed	70.089844	0	0
#SusPed	70.104167	74	0
#SofPed	70.109375	0	0
#SofPed	70.121094	77	0
#SofPed	70.179688	0	0
#SofPed	70.188802	73	0
#SusPed	70.269531	0	0
#SusPed	70.282552	61	0
#SofPed	70.289062	0	0
#SofPed	70.300781	73	0
#SofPed	70.389323	0	0
#SofPed	70.395833	77	0
#SofPed	70.500000	0	0
#SofPed	70.509115	78	0
#SofPed	70.569010	0	0
#SofPed	70.575521	76	0
#SusPed	70.639323	0	0
#SofPed	70.649740	0	0
#SusPed	70.653646	63	0
#SofPed	70.654948	71	0
#SofPed	70.750000	0	0
#SofPed	70.761719	65	0
#SofPed	70.839844	0	0
#SofPed	70.848958	52	0
#SofPed	70.938802	0	0
#SofPed	70.951823	46	0
#SofPed	71.039062	0	0
#SofPed	71.050781	41	0
#SusPed	71.059896	0	0
#SusPed	71.070312	65	0
#SofPed	71.158854	0	0
#SofPed	71.164062	53	0
#SusPed	71.239583	0	0
#SusPed	71.246094	72	0
#SofPed	71.250000	0	0
#SofPed	71.255208	66	0
#SusPed	71.339844	0	0
#SusPed	71.343750	81	0
#SofPed	71.359375	0	0
#SofPed	71.364583	81	0
#SofPed	71.429688	0	0
#SofPed	71.441406	85	0
#SofPed	71.579427	0	0
#SofPed	71.592448	87	0
#SofPed	71.679688	0	0
#SofPed	71.690104	88	0
#SusPed	71.718750	0	0
#SusPed	71.729167	63	0
#SofPed	71.769531	0	0
#SofPed	71.776042	96	0
#SofPed	71.919271	0	0
#SofPed	71.927083	101	0
#SusPed	71.989583	0	0
#SusPed	71.994792	68	0
#SofPed	72.000000	0	0
#SofPed	72.011719	103	0
#SofPed	72.069010	0	0
#SofPed	72.080729	105	0
#SofPed	72.149740	0	0
#SofPed	72.157552	106	0
#SusPed	72.169271	0	0
#SusPed	72.180990	72	0
#SofPed	72.359375	0	0
#SofPed	72.364583	104	0
#SofPed	72.468750	0	0
#SofPed	72.479167	105	0
#SofPed	72.509115	0	0
#SofPed	72.523438	101	0
#SusPed	72.549479	0	0
#SusPed	72.563802	76	0
#SusPed	72.669271	0	0
#SusPed	72.675781	85	0
#SofPed	72.729167	0	0
#SofPed	72.743490	96	0
#SusPed	72.839844	0	0
#SusPed	72.852865	67	0
#SofPed	72.929688	0	0
#SofPed	72.941406	108	0
#SusPed	72.979167	0	0
#SusPed	72.988281	66	0
#SusPed	73.179688	0	0
#SusPed	73.186198	68	0
#SofPed	73.199219	0	0
#SofPed	73.210938	112	0
#SusPed	73.279948	0	0
#SusPed	73.290365	67	0
#SofPed	73.348958	0	0
#SofPed	73.358073	109	0
#SofPed	73.429688	0	0
#SofPed	73.444010	106	0
#SofPed	73.579427	0	0
#SofPed	73.587240	86	0
#SofPed	73.628906	0	0
#SofPed	73.634115	79	0
#SusPed	73.739583	0	0
#SusPed	73.748698	64	0
#SusPed	73.878906	0	0
#SofPed	73.878906	0	0
#SusPed	73.886719	77	0
#SofPed	73.889323	86	0
#SofPed	73.938802	0	0
#SofPed	73.945312	83	0
#SusPed	74.109375	0	0
#SusPed	74.117188	66	0
#SofPed	74.179688	0	0
#SofPed	74.194010	71	0
#SusPed	74.239583	0	0
#SusPed	74.252604	73	0
#SofPed	74.269531	0	0
#SofPed	74.283854	62	0
#SofPed	74.369792	0	0
#SofPed	74.375000	48	0
#SusPed	74.519531	0	0
#SusPed	74.531250	63	0
#SofPed	74.579427	0	0
#SofPed	74.589844	54	0
#SofPed	74.658854	0	0
#SofPed	74.670573	53	0
#SusPed	74.718750	0	0
#SusPed	74.726562	63	0
#SofPed	74.750000	0	0
#SofPed	74.763021	60	0
#SusPed	74.809896	0	0
#SusPed	74.816406	87	0
#SofPed	74.819010	0	0
#SofPed	74.833333	63	0
#SusPed	74.929688	0	0
#SusPed	74.938802	67	0
#SusPed	75.009115	0	0
#SofPed	75.009115	0	0
#SusPed	75.014323	68	0
#SofPed	75.015625	64	0
#SofPed	75.109375	0	0
#SofPed	75.115885	63	0
#SusPed	75.259115	0	0
#SusPed	75.272135	63	0
#SofPed	75.319010	0	0
#SofPed	75.324219	60	0
#SofPed	75.399740	0	0
#SofPed	75.411458	58	0
#SofPed	75.539062	0	0
#SofPed	75.552083	56	0
#SusPed	75.559896	0	0
#SusPed	75.574219	64	0
#SofPed	75.609375	0	0
#SofPed	75.623698	53	0
#SusPed	75.669271	0	0
#SusPed	75.674479	73	0
#SofPed	75.750000	0	0
#SofPed	75.760417	47	0
#SofPed	75.848958	0	0
#SofPed	75.858073	48	0
#SusPed	75.908854	0	0
#SusPed	75.917969	62	0
#SofPed	75.938802	0	0
#SofPed	75.946615	56	0
#SofPed	76.039062	0	0
#SusPed	76.049479	0	0
#SofPed	76.049479	58	0
#SusPed	76.059896	75	0
#SusPed	76.119792	0	0
#SusPed	76.128906	76	0
#SofPed	76.128906	0	0
#SofPed	76.135417	62	0
#SofPed	76.199219	0	0
#SofPed	76.209635	67	0
#SofPed	76.299479	0	0
#SofPed	76.304688	68	0
#SofPed	76.369792	0	0
#SusPed	76.378906	0	0
#SofPed	76.380208	63	0
#SusPed	76.386719	72	0
#SusPed	76.468750	0	0
#SofPed	76.468750	0	0
#SofPed	76.475260	51	0
#SusPed	76.475260	62	0
#SusPed	76.688802	0	0
#SusPed	76.696615	57	0
#SofPed	76.699219	0	0
#SofPed	76.707031	46	0
#SofPed	76.799479	0	0
#SofPed	76.807292	45	0
#SofPed	76.878906	0	0
#SofPed	76.891927	44	0
#SusPed	76.959635	0	0
#SusPed	76.968750	66	0
#SofPed	76.979167	0	0
#SofPed	76.985677	40	0
#SofPed	77.029948	0	0
#SofPed	77.039062	41	0
#SusPed	77.128906	0	0
#SofPed	77.128906	0	0
#SofPed	77.138021	42	0
#SusPed	77.138021	66	0
#SofPed	77.218750	0	0
#SofPed	77.227865	46	0
#SusPed	77.609375	0	0
#SusPed	77.615885	55	0
#SofPed	77.729167	0	0
#SofPed	77.738281	71	0
#SusPed	77.739583	0	0
#SusPed	77.748698	59	0
#SofPed	77.789062	0	0
#SofPed	77.795573	75	0
#SofPed	77.859375	0	0
#SofPed	77.869792	81	0
#SofPed	77.959635	0	0
#SofPed	77.973958	79	0
#SusPed	78.069010	0	0
#SusPed	78.084635	63	0
#SofPed	78.109375	0	0
#SofPed	78.123698	68	0
#SusPed	78.218750	0	0
#SusPed	78.225260	73	0
#SofPed	78.239583	0	0
#SofPed	78.244792	65	0
#SofPed	78.329427	0	0
#SofPed	78.337240	57	0
#SofPed	78.500000	0	0
#SofPed	78.505208	45	0
#SofPed	78.609375	0	0
#SofPed	78.619792	50	0
#SusPed	78.628906	0	0
#SusPed	78.643229	60	0
#SofPed	78.679688	0	0
#SofPed	78.694010	53	0
#SofPed	78.759115	0	0
#SofPed	78.769531	56	0
#SofPed	78.839844	0	0
#SofPed	78.850260	53	0
#SusPed	78.919271	0	0
#SusPed	78.932292	64	0
#SofPed	78.938802	0	0
#SofPed	78.946615	61	0
#SofPed	79.209635	0	0
#SofPed	79.214844	54	0
#SofPed	79.279948	0	0
#SofPed	79.292969	54	0
#SusPed	79.438802	0	0
#SofPed	79.449219	0	0
#SusPed	79.450521	67	0
#SofPed	79.458333	56	0
#SusPed	79.559896	0	0
#SofPed	79.569010	0	0
#SusPed	79.571615	68	0
#SofPed	79.576823	48	0
#SofPed	79.649740	0	0
#SofPed	79.662760	45	0
#SusPed	79.750000	0	0
#SusPed	79.756510	67	0
#SofPed	79.769531	0	0
#SofPed	79.779948	65	0
#SofPed	79.829427	0	0
#SofPed	79.834635	72	0
#SusPed	79.908854	0	0
#SusPed	79.924479	63	0
#SusPed	80.889323	0	0
#SusPed	80.895833	65	0
#SusPed	81.399740	0	0
#SusPed	81.414062	80	0
#SusPed	81.859375	0	0
#SusPed	81.873698	92	0
#SusPed	82.299479	0	0
#SusPed	82.308594	72	0
#SusPed	82.639323	0	0
#SusPed	82.653646	89	0
#SusPed	82.718750	0	0
#SusPed	82.725260	88	0
#SofPed	82.829427	0	0
#SofPed	82.834635	70	0
#SusPed	83.039062	0	0
#SofPed	83.039062	0	0
#SusPed	83.045573	93	0
#SofPed	83.054688	70	0
#SofPed	83.109375	0	0
#SofPed	83.115885	71	0
#SusPed	83.489583	0	0
#SusPed	83.494792	66	0
#SusPed	83.658854	0	0
#SusPed	83.666667	70	0
#SofPed	83.949219	0	0
#SofPed	83.962240	89	0
#SofPed	84.019531	0	0
#SofPed	84.024740	87	0
#SofPed	84.179688	0	0
#SofPed	84.192708	82	0
#SofPed	84.250000	0	0
#SofPed	84.263021	81	0
#SofPed	84.449219	0	0
#SofPed	84.455729	101	0
#SofPed	84.598958	0	0
#SofPed	84.611979	100	0
#SusPed	84.658854	0	0
#SusPed	84.670573	69	0
#SofPed	84.779948	0	0
#SofPed	84.787760	100	0
#SofPed	84.908854	0	0
#SofPed	84.916667	99	0
#SusPed	84.919271	0	0
#SusPed	84.925781	48	0
#SofPed	84.989583	0	0
#SofPed	85.001302	90	0
#SofPed	85.069010	0	0
#SofPed	85.075521	92	0
#SofPed	85.229167	0	0
#SofPed	85.234375	87	0
#SusPed	85.479167	0	0
#SusPed	85.492188	60	0
#SusPed	85.569010	0	0
#SusPed	85.574219	61	0
#SofPed	85.739583	0	0
#SofPed	85.744792	98	0
#SusPed	85.750000	0	0
#SusPed	85.755208	66	0
#SusPed	86.218750	0	0
#SusPed	86.227865	71	0
#SofPed	86.359375	0	0
#SofPed	86.364583	48	0
#SusPed	87.039062	0	0
#SusPed	87.046875	67	0
#SusPed	87.369792	0	0
#SusPed	87.375000	83	0
#SusPed	88.299479	0	0
#SusPed	88.313802	75	0
#SusPed	88.658854	0	0
#SusPed	88.674479	83	0
#SusPed	89.169271	0	0
#SusPed	89.177083	71	0
#SusPed	89.449219	0	0
#SusPed	89.464844	81	0
#SofPed	89.908854	0	0
#SofPed	89.916667	51	0
#SusPed	90.000000	0	0
#SusPed	90.011719	70	0
#SofPed	90.299479	0	0
#SofPed	90.311198	76	0
#SusPed	90.348958	0	0
#SusPed	90.359375	65	0
#SofPed	90.369792	0	0
#SofPed	90.375000	73	0
#SusPed	90.479167	0	0
#SusPed	90.484375	90	0
#SofPed	90.500000	0	0
#SofPed	90.505208	80	0
#SofPed	90.889323	0	0
#SofPed	90.895833	74	0
#SusPed	90.959635	0	0
#SusPed	90.972656	96	0
#SofPed	91.149740	0	0
#SofPed	91.162760	52	0
#SusPed	91.229167	0	0
#SofPed	91.229167	0	0
#SofPed	91.236979	62	0
#SusPed	91.244792	80	0
#SusPed	91.649740	0	0
#SusPed	91.656250	64	0
#SusPed	92.348958	0	0
#SusPed	92.358073	69	0
#SusPed	93.019531	0	0
#SusPed	93.032552	73	0
#SusPed	93.929688	0	0
#SusPed	93.942708	86	0
#SusPed	93.968750	0	0
#SusPed	93.981771	81	0
#SusPed	94.128906	0	0
#SusPed	94.139323	65	0
#SusPed	94.500000	0	0
#SusPed	94.511719	49	0
#SusPed	97.009115	0	0
#SusPed	97.022135	61	0
#SofPed	97.239583	0	0
#SusPed	97.819010	0	0
#SusPed	97.833333	74	0
#SusPed	97.908854	0	0
#SusPed	97.915365	86	0
#SusPed	98.119792	0	0
#SusPed	98.126302	78	0
#SusPed	101.419271	0	0
#SusPed	101.433594	82	0
#SusPed	101.929688	0	0
#SusPed	101.944010	61	0
#SusPed	102.459635	0	0
#SusPed	102.468750	71	0
#SusPed	102.589844	0	0
#SusPed	102.601562	73	0
#SusPed	102.769531	0	0
#SusPed	102.781250	60	0
#SusPed	103.098958	0	0
#SusPed	103.105469	76	0
#SusPed	103.799479	0	0
#SusPed	103.807292	66	0
#SusPed	104.239583	0	0
#SusPed	104.252604	68	0
#SusPed	104.718750	0	0
#SusPed	104.727865	57	0
#SusPed	104.829427	0	0
#SusPed	104.837240	54	0
#SusPed	105.329427	0	0
#SusPed	105.337240	74	0
#SofPed	105.776042	104	0
#SofPed	105.949219	0	0
#SofPed	105.962240	83	0
#SofPed	106.098958	0	0
#SofPed	106.105469	81	0
#SusPed	106.169271	0	0
#SusPed	106.179688	60	0
#SusPed	106.299479	0	0
#SusPed	106.305990	62	0
#SofPed	106.369792	0	0
#SofPed	106.377604	74	0
#SofPed	106.449219	0	0
#SofPed	106.462240	71	0
#SofPed	106.609375	0	0
#SofPed	106.619792	70	0
#SusPed	106.779948	0	0
#SusPed	106.792969	69	0
#SofPed	106.799479	0	0
#SofPed	106.813802	89	0
#SofPed	106.869792	0	0
#SofPed	106.875000	98	0
#SofPed	106.938802	0	0
#SofPed	106.947917	103	0
#SusPed	106.979167	0	0
#SusPed	106.984375	74	0
#SofPed	107.019531	0	0
#SofPed	107.032552	106	0
#SofPed	107.109375	0	0
#SofPed	107.114583	109	0
#SusPed	107.179688	0	0
#SusPed	107.184896	65	0
#SofPed	107.229167	0	0
#SofPed	107.234375	113	0
#SofPed	107.399740	0	0
#SusPed	107.408854	0	0
#SofPed	107.411458	107	0
#SusPed	107.424479	67	0
#SofPed	107.500000	0	0
#SofPed	107.509115	104	0
#SusPed	107.669271	0	0
#SusPed	107.683594	79	0
#SusPed	107.859375	0	0
#SusPed	107.872396	68	0
#SofPed	107.878906	0	0
#SofPed	107.889323	90	0
#SusPed	108.019531	0	0
#SusPed	108.031250	69	0
#SusPed	108.239583	0	0
#SusPed	108.252604	55	0
#SusPed	108.438802	0	0
#SusPed	108.453125	61	0
#SofPed	108.509115	0	0
#SofPed	108.520833	80	0
#SofPed	108.589844	0	0
#SofPed	108.604167	76	0
#SofPed	108.679688	0	0
#SofPed	108.684896	79	0
#SofPed	108.769531	0	0
#SofPed	108.783854	80	0
#SusPed	108.829427	0	0
#SofPed	108.829427	0	0
#SusPed	108.834635	71	0
#SofPed	108.835938	81	0
#SofPed	108.889323	0	0
#SofPed	108.894531	83	0
#SusPed	109.039062	0	0
#SusPed	109.052083	72	0
#SofPed	109.079427	0	0
#SofPed	109.092448	72	0
#SusPed	109.218750	0	0
#SusPed	109.225260	59	0
#SusPed	109.299479	0	0
#SusPed	109.308594	46	0
#SofPed	109.378906	0	0
#SofPed	109.388021	60	0
#SusPed	109.429688	0	0
#SusPed	109.441406	66	0
#SofPed	109.509115	0	0
#SofPed	109.515625	59	0
#SofPed	109.569010	0	0
#SofPed	109.583333	58	0
#SusPed	109.679688	0	0
#SusPed	109.686198	80	0
#SofPed	109.739583	0	0
#SofPed	109.744792	45	0
#SusPed	109.789062	0	0
#SusPed	109.800781	76	0
#SusPed	109.829427	0	0
#SusPed	109.842448	69	0
#SofPed	109.869792	0	0
#SofPed	109.880208	37	0
#SusPed	109.919271	0	0
#SusPed	109.932292	78	0
#SofPed	110.019531	0	0
#SofPed	110.032552	36	0
#SusPed	110.128906	0	0
#SusPed	110.135417	68	0
#SofPed	110.149740	0	0
#SofPed	110.154948	44	0
#SusPed	110.259115	0	0
#SusPed	110.269531	54	0
#SusPed	110.309896	0	0
#SusPed	110.319010	55	0
#SusPed	110.389323	0	0
#SusPed	110.395833	54	0
#SofPed	110.399740	0	0
#SofPed	110.407552	59	0
#SofPed	110.489583	0	0
#SofPed	110.496094	60	0
#SusPed	110.598958	0	0
#SofPed	110.598958	0	0
#SusPed	110.605469	66	0
#SofPed	110.606771	56	0
#SofPed	110.819010	0	0
#SofPed	110.828125	72	0
#SusPed	110.878906	0	0
#SusPed	110.886719	66	0
#SusPed	110.929688	0	0
#SusPed	110.937500	63	0
#SofPed	110.968750	0	0
#SofPed	110.975260	71	0
#SusPed	111.019531	0	0
#SusPed	111.032552	57	0
#SofPed	111.119792	0	0
#SofPed	111.125000	66	0
#SusPed	111.139323	0	0
#SusPed	111.144531	59	0
#SusPed	111.309896	0	0
#SofPed	111.319010	0	0
#SusPed	111.321615	54	0
#SofPed	111.325521	58	0
#SofPed	111.389323	0	0
#SofPed	111.398438	61	0
#SusPed	111.449219	0	0
#SusPed	111.462240	61	0
#SofPed	111.479167	0	0
#SofPed	111.488281	69	0
#SusPed	111.509115	0	0
#SusPed	111.519531	65	0
#SofPed	111.669271	0	0
#SofPed	111.674479	82	0
#SofPed	111.799479	0	0
#SofPed	111.807292	85	0
#SusPed	111.809896	0	0
#SusPed	111.822917	62	0
#SofPed	111.949219	0	0
#SofPed	111.964844	84	0
#SofPed	112.098958	0	0
#SofPed	112.108073	80	0
#SofPed	112.299479	0	0
#SofPed	112.309896	81	0
#SofPed	112.399740	0	0
#SofPed	112.408854	80	0
#SusPed	112.419271	0	0
#SusPed	112.428385	59	0
#SusPed	112.809896	0	0
#SusPed	112.819010	60	0
#SusPed	113.468750	0	0
#SusPed	113.484375	68	0
#SusPed	113.549479	0	0
#SusPed	113.557292	71	0
#SusPed	114.069010	0	0
#SusPed	114.075521	65	0
#SusPed	114.339844	0	0
#SusPed	114.346354	55	0
#SusPed	114.569010	0	0
#SusPed	114.580729	84	0
#SusPed	114.809896	0	0
#SusPed	114.822917	73	0
#SusPed	115.039062	0	0
#SusPed	115.052083	62	0
#SusPed	115.489583	0	0
#SusPed	115.502604	87	0
#SusPed	115.658854	0	0
#SusPed	115.674479	73	0
#SofPed	116.399740	0	0
#SofPed	116.406250	91	0
#SofPed	116.598958	0	0
#SofPed	116.608073	94	0
#SofPed	116.759115	0	0
#SofPed	116.772135	96	0
#SofPed	116.859375	0	0
#SofPed	116.871094	95	0
#SofPed	116.929688	0	0
#SofPed	116.937500	95	0
#SofPed	117.039062	0	0
#SofPed	117.046875	89	0
#SusPed	117.109375	0	0
#SusPed	117.122396	68	0
#SofPed	117.188802	0	0
#SofPed	117.196615	81	0
#SofPed	117.369792	0	0
#SofPed	117.378906	82	0
#SofPed	117.549479	0	0
#SofPed	117.554688	53	0
#SofPed	117.759115	0	0
#SofPed	117.766927	88	0
#SofPed	117.809896	0	0
#SofPed	117.816406	90	0
#SofPed	117.949219	0	0
#SofPed	117.963542	75	0
#SofPed	118.019531	0	0
#SofPed	118.033854	79	0
#SofPed	118.079427	0	0
#SofPed	118.093750	75	0
#SofPed	118.279948	0	0
#SofPed	118.286458	94	0
#SofPed	118.408854	0	0
#SofPed	118.415365	105	0
#SofPed	118.699219	0	0
#SofPed	118.705729	109	0
#SofPed	118.750000	0	0
#SofPed	118.760417	109	0
#SofPed	118.869792	0	0
#SofPed	118.876302	106	0
#SofPed	118.949219	0	0
#SofPed	118.959635	108	0
#SofPed	119.079427	0	0
#SofPed	119.093750	109	0
#SofPed	119.329427	0	0
#SofPed	119.335938	113	0
#SofPed	122.468750	0	0
#SofPed	122.483073	104	0
#SofPed	122.658854	0	0
#SofPed	122.667969	81	0
#SofPed	122.729167	0	0
#SofPed	122.742188	80	0
#SofPed	122.859375	0	0
#SofPed	122.864583	87	0
#SofPed	122.938802	0	0
#SofPed	122.953125	87	0
#SofPed	123.039062	0	0
#SofPed	123.052083	86	0
#SusPed	123.119792	0	0
#SofPed	123.218750	0	0
#SofPed	123.225260	96	0
#SofPed	123.389323	0	0
#SofPed	123.394531	93	0
#SofPed	123.519531	0	0
#SofPed	123.524740	78	0
#SofPed	123.679688	0	0
#SofPed	123.692708	53	0
#SofPed	123.929688	0	0
#SofPed	123.937500	82	0
#SofPed	124.089844	0	0
#SofPed	124.102865	72	0
#SofPed	124.199219	0	0
#SofPed	124.210938	72	0
#SofPed	124.369792	0	0
#SofPed	124.382812	75	0
#SofPed	124.739583	0	0
#SofPed	124.746094	97	0
#SofPed	124.878906	0	0
#SofPed	124.893229	98	0
#SofPed	125.139323	0	0
#SofPed	125.145833	106	0
#SofPed	125.218750	0	0
#SofPed	125.227865	104	0
#SofPed	125.259115	0	0
#SofPed	125.273438	104	0
#SofPed	125.639323	0	0
#SofPed	125.653646	97	0
#SofPed	125.679688	0	0
#SofPed	125.687500	92	0
#SofPed	125.779948	0	0
#SofPed	125.783854	81	0
#SofPed	125.889323	0	0
#SofPed	125.898438	80	0
#SofPed	126.199219	0	0
#SofPed	126.207031	81	0
#SofPed	126.609375	0	0
#SofPed	126.614583	88	0
#SofPed	127.009115	0	0
#SofPed	127.018229	87	0
#SofPed	127.149740	0	0
#SofPed	127.156250	95	0
#SofPed	127.729167	0	0
#SofPed	127.743490	79	0
#SofPed	127.929688	0	0
#SofPed	127.938802	73	0
#SusPed	128.148438	66	0
#SofPed	128.250000	0	0
#SofPed	128.255208	67	0
#SusPed	128.539062	0	0
#SusPed	128.546875	60	0
#SusPed	128.679688	0	0
#SusPed	128.688802	56	0
#SofPed	128.709635	0	0
#SofPed	128.717448	98	0
#SusPed	128.908854	0	0
#SofPed	128.908854	0	0
#SofPed	128.917969	102	0
#SusPed	128.921875	53	0
#SusPed	129.089844	0	0
#SusPed	129.104167	64	0
#SusPed	129.389323	0	0
#SofPed	129.389323	0	0
#SofPed	129.398438	92	0
#SusPed	129.399740	65	0
#SofPed	129.809896	0	0
#SofPed	129.822917	106	0
#SusPed	129.859375	0	0
#SusPed	129.872396	51	0
#SofPed	129.938802	0	0
#SofPed	129.949219	108	0
#SusPed	130.309896	0	0
#SusPed	130.324219	64	0
#SusPed	130.598958	0	0
#SusPed	130.613281	55	0
#SusPed	130.908854	0	0
#SusPed	130.921875	68	0
#SusPed	131.489583	0	0
#SusPed	131.498698	66	0
#SusPed	132.079427	0	0
#SusPed	132.091146	67	0
#SusPed	132.589844	0	0
#SusPed	132.601562	69	0
#SofPed	132.609375	0	0
#SofPed	132.614583	111	0
#SofPed	132.750000	0	0
#SofPed	132.759115	106	0
#SusPed	132.908854	0	0
#SusPed	132.923177	65	0
#SofPed	132.949219	0	0
#SofPed	132.957031	110	0
#SusPed	133.149740	0	0
#SofPed	133.158854	0	0
#SusPed	133.162760	67	0
#SofPed	133.173177	107	0
#SofPed	133.239583	0	0
#SofPed	133.250000	109	0
#SofPed	133.329427	0	0
#SofPed	133.343750	111	0
#SusPed	133.419271	0	0
#SusPed	133.427083	69	0
#SusPed	133.519531	0	0
#SusPed	133.527344	68	0
#SusPed	133.569010	0	0
#SusPed	133.575521	68	0
#SusPed	133.729167	0	0
#SofPed	133.729167	0	0
#SusPed	133.735677	60	0
#SofPed	133.736979	105	0
#SofPed	133.789062	0	0
#SofPed	133.803385	103	0
#SofPed	133.848958	0	0
#SofPed	133.861979	99	0
#SusPed	133.878906	0	0
#SusPed	133.889323	64	0
#SofPed	133.968750	0	0
#SofPed	133.983073	91	0
#SofPed	134.069010	0	0
#SofPed	134.076823	95	0
#SusPed	134.158854	0	0
#SusPed	134.164062	61	0
#SofPed	134.188802	0	0
#SofPed	134.203125	95	0
#SofPed	134.269531	0	0
#SofPed	134.283854	94	0
#SofPed	134.348958	0	0
#SofPed	134.355469	92	0
#SusPed	134.449219	0	0
#SusPed	134.454427	68	0
#SofPed	134.468750	0	0
#SofPed	134.481771	94	0
#SusPed	134.519531	0	0
#SusPed	134.529948	58	0
#SofPed	134.649740	0	0
#SofPed	134.654948	91	0
#SusPed	134.718750	0	0
#SusPed	134.733073	76	0
#SofPed	134.739583	0	0
#SofPed	134.751302	89	0
#SofPed	134.839844	0	0
#SofPed	134.854167	86	0
#SofPed	134.959635	0	0
#SofPed	134.971354	84	0
#SusPed	134.989583	0	0
#SusPed	135.003906	66	0
#SofPed	135.029948	0	0
#SofPed	135.042969	86	0
#SofPed	135.109375	0	0
#SofPed	135.115885	90	0
#SofPed	135.179688	0	0
#SofPed	135.184896	93	0
#SusPed	135.250000	0	0
#SofPed	135.250000	0	0
#SusPed	135.253906	63	0
#SofPed	135.257812	89	0
#SusPed	135.339844	0	0
#SusPed	135.352865	69	0
#SofPed	135.359375	0	0
#SofPed	135.365885	95	0
#SofPed	135.468750	0	0
#SofPed	135.481771	96	0
#SusPed	135.529948	0	0
#SofPed	135.529948	0	0
#SofPed	135.544271	96	0
#SusPed	135.544271	79	0
#SofPed	135.609375	0	0
#SofPed	135.618490	91	0
#SusPed	135.679688	0	0
#SusPed	135.686198	63	0
#SofPed	135.809896	0	0
#SofPed	135.819010	81	0
#SofPed	135.929688	0	0
#SofPed	135.944010	85	0
#SofPed	136.019531	0	0
#SofPed	136.026042	86	0
#SusPed	136.069010	0	0
#SusPed	136.083333	64	0
#SofPed	136.089844	0	0
#SofPed	136.095052	84	0
#SofPed	136.128906	0	0
#SofPed	136.143229	83	0
#SofPed	136.229167	0	0
#SofPed	136.240885	80	0
#SusPed	136.289062	0	0
#SusPed	136.304688	75	0
#SusPed	136.419271	0	0
#SusPed	136.433594	63	0
#SofPed	136.438802	0	0
#SofPed	136.453125	78	0
#SofPed	136.529948	0	0
#SofPed	136.540365	80	0
#SusPed	136.669271	0	0
#SofPed	136.669271	0	0
#SusPed	136.679688	67	0
#SofPed	136.683594	79	0
#SusPed	136.809896	0	0
#SusPed	136.824219	76	0
#SofPed	136.859375	0	0
#SofPed	136.873698	82	0
#SofPed	136.929688	0	0
#SofPed	136.937500	86	0
#SofPed	137.029948	0	0
#SofPed	137.041667	89	0
#SofPed	137.098958	0	0
#SusPed	137.109375	0	0
#SofPed	137.110677	92	0
#SusPed	137.122396	71	0
#SofPed	137.169271	0	0
#SofPed	137.175781	93	0
#SusPed	137.269531	0	0
#SusPed	137.274740	68	0
#SofPed	137.289062	0	0
#SofPed	137.294271	94	0
#SofPed	137.369792	0	0
#SofPed	137.382812	87	0
#SofPed	137.449219	0	0
#SofPed	137.463542	82	0
#SofPed	137.619792	0	0
#SusPed	137.628906	0	0
#SofPed	137.632812	78	0
#SusPed	137.643229	91	0
#SofPed	137.729167	0	0
#SofPed	137.734375	74	0
#SofPed	137.799479	0	0
#SofPed	137.807292	68	0
#SofPed	137.959635	0	0
#SofPed	137.964844	54	0
#SofPed	138.049479	0	0
#SofPed	138.063802	45	0
#SusPed	138.119792	0	0
#SusPed	138.134115	76	0
#SusPed	138.250000	0	0
#SusPed	138.264323	94	0
#SofPed	138.279948	0	0
#SofPed	138.286458	60	0
#SofPed	138.378906	0	0
#SofPed	138.390625	63	0
#SusPed	138.408854	0	0
#SusPed	138.420573	94	0
#SofPed	138.509115	0	0
#SofPed	138.518229	78	0
#SusPed	138.519531	0	0
#SusPed	138.533854	74	0
#SofPed	138.609375	0	0
#SofPed	138.615885	92	0
#SofPed	138.709635	0	0
#SofPed	138.714844	103	0
#SofPed	138.809896	0	0
#SofPed	138.816406	107	0
#SusPed	138.938802	0	0
#SusPed	138.947917	89	0
#SofPed	139.000000	0	0
#SofPed	139.005208	107	0
#SofPed	139.139323	0	0
#SofPed	139.145833	97	0
#SusPed	139.149740	0	0
#SusPed	139.158854	79	0
#SusPed	139.279948	0	0
#SusPed	139.286458	81	0
#SofPed	139.339844	0	0
#SofPed	139.347656	83	0
#SusPed	139.429688	0	0
#SusPed	139.434896	105	0
#SofPed	139.479167	0	0
#SofPed	139.484375	78	0
#SusPed	139.489583	0	0
#SusPed	139.501302	100	0
#SofPed	139.529948	0	0
#SofPed	139.542969	72	0
#SofPed	139.609375	0	0
#SofPed	139.619792	63	0
#SofPed	139.848958	0	0
#SofPed	139.854167	47	0
#SusPed	139.878906	0	0
#SusPed	139.891927	76	0
#SofPed	139.908854	0	0
#SofPed	139.914062	42	0
#SofPed	140.000000	0	0
#SofPed	140.006510	40	0
#SofPed	140.069010	0	0
#SofPed	140.080729	41	0
#SofPed	140.179688	0	0
#SofPed	140.190104	39	0
#SofPed	140.250000	0	0
#SofPed	140.257812	37	0
#SofPed	140.369792	0	0
#SofPed	140.375000	30	0
#SofPed	140.438802	0	0
#SofPed	140.453125	32	0
#SofPed	140.619792	0	0
#SofPed	140.625000	38	0
#SofPed	140.718750	0	0
#SofPed	140.731771	40	0
#SofPed	140.799479	0	0
#SofPed	140.804688	42	0
#SusPed	140.968750	0	0
#SusPed	140.977865	76	0
#SofPed	141.039062	0	0
#SofPed	141.045573	57	0
#SusPed	141.049479	0	0
#SusPed	141.057292	74	0
#SofPed	141.109375	0	0
#SofPed	141.119792	59	0
#SofPed	141.169271	0	0
#SofPed	141.180990	63	0
#SofPed	141.250000	0	0
#SofPed	141.263021	64	0
#SofPed	141.468750	0	0
#SofPed	141.481771	65	0
#SofPed	141.789062	0	0
#SofPed	141.798177	70	0
#SofPed	141.889323	0	0
#SofPed	141.897135	69	0
#SusPed	142.000000	0	0
#SofPed	142.009115	0	0
#SusPed	142.013021	72	0
#SofPed	142.022135	75	0
#SofPed	142.069010	0	0
#SofPed	142.084635	75	0
#SofPed	142.209635	0	0
#SofPed	142.214844	77	0
#SofPed	142.259115	0	0
#SofPed	142.264323	79	0
#SusPed	142.369792	0	0
#SusPed	142.384115	71	0
#SofPed	142.419271	0	0
#SofPed	142.433594	77	0
#SofPed	142.509115	0	0
#SofPed	142.522135	73	0
#SofPed	142.589844	0	0
#SofPed	142.596354	67	0
#SusPed	142.609375	0	0
#SusPed	142.617188	83	0
#SofPed	142.769531	0	0
#SofPed	142.776042	53	0
#SofPed	142.848958	0	0
#SofPed	142.858073	54	0
#SusPed	142.859375	0	0
#SusPed	142.873698	82	0
#SofPed	142.949219	0	0
#SofPed	142.963542	52	0
#SusPed	143.019531	0	0
#SusPed	143.033854	89	0
#SofPed	143.039062	0	0
#SofPed	143.052083	52	0
#SusPed	143.139323	0	0
#SofPed	143.139323	0	0
#SusPed	143.153646	74	0
#SofPed	143.153646	46	0
#SofPed	143.218750	0	0
#SofPed	143.226562	40	0
#SusPed	143.329427	0	0
#SofPed	143.339844	0	0
#SusPed	143.341146	82	0
#SofPed	143.354167	45	0
#SofPed	143.389323	0	0
#SofPed	143.399740	44	0
#SofPed	143.500000	0	0
#SofPed	143.513021	41	0
#SusPed	143.529948	0	0
#SusPed	143.535156	85	0
#SofPed	143.579427	0	0
#SofPed	143.585938	43	0
#SusPed	143.598958	0	0
#SusPed	143.613281	83	0
#SusPed	143.819010	0	0
#SusPed	143.829427	80	0
#SofPed	143.829427	0	0
#SofPed	143.841146	55	0
#SofPed	143.959635	0	0
#SofPed	143.968750	65	0
#SusPed	143.989583	0	0
#SusPed	143.994792	70	0
#SofPed	144.009115	0	0
#SofPed	144.015625	67	0
#SofPed	144.089844	0	0
#SofPed	144.104167	62	0
#SofPed	144.179688	0	0
#SofPed	144.184896	57	0
#SusPed	144.269531	0	0
#SofPed	144.269531	0	0
#SusPed	144.276042	71	0
#SofPed	144.278646	51	0
#SusPed	144.339844	0	0
#SusPed	144.346354	71	0
#SusPed	144.459635	0	0
#SusPed	144.464844	82	0
#SusPed	144.579427	0	0
#SusPed	144.592448	78	0
#SusPed	144.649740	0	0
#SusPed	144.664062	72	0
#SusPed	144.919271	0	0
#SusPed	144.925781	76	0
#SofPed	144.989583	0	0
#SofPed	145.000000	43	0
#SofPed	145.109375	0	0
#SofPed	145.121094	45	0
#SofPed	145.199219	0	0
#SofPed	145.204427	45	0
#SusPed	145.250000	0	0
#SusPed	145.261719	68	0
#SofPed	145.299479	0	0
#SofPed	145.308594	52	0
#SofPed	145.348958	0	0
#SofPed	145.363281	52	0
#SofPed	145.399740	0	0
#SofPed	145.407552	50	0
#SusPed	145.479167	0	0
#SusPed	145.484375	77	0
#SofPed	145.569010	0	0
#SofPed	145.579427	61	0
#SofPed	145.639323	0	0
#SofPed	145.652344	65	0
#SofPed	145.699219	0	0
#SofPed	145.705729	64	0
#SofPed	145.789062	0	0
#SofPed	145.795573	59	0
#SofPed	145.889323	0	0
#SofPed	145.897135	57	0
#SofPed	145.979167	0	0
#SofPed	145.990885	53	0
#SusPed	146.000000	0	0
#SusPed	146.013021	71	0
#SofPed	146.128906	0	0
#SofPed	146.144531	52	0
#SusPed	146.218750	0	0
#SofPed	146.218750	0	0
#SusPed	146.225260	80	0
#SofPed	146.233073	51	0
#SusPed	146.348958	0	0
#SofPed	146.359375	0	0
#SusPed	146.363281	66	0
#SofPed	146.365885	51	0
#SofPed	146.479167	0	0
#SofPed	146.484375	43	0
#SofPed	146.529948	0	0
#SofPed	146.542969	44	0
#SofPed	146.639323	0	0
#SofPed	146.647135	47	0
#SusPed	146.649740	0	0
#SusPed	146.654948	81	0
#SofPed	146.919271	0	0
#SofPed	146.932292	38	0
#SusPed	146.938802	0	0
#SusPed	146.953125	63	0
#SofPed	147.169271	0	0
#SofPed	147.183594	29	0
#SofPed	147.250000	0	0
#SofPed	147.256510	28	0
#SusPed	147.299479	0	0
#SusPed	147.307292	63	0
#SusPed	147.389323	0	0
#SofPed	147.389323	0	0
#SusPed	147.397135	74	0
#SofPed	147.403646	19	0
#SofPed	147.529948	0	0
#SofPed	147.541667	34	0
#SofPed	147.669271	0	0
#SofPed	147.683594	38	0
#SofPed	147.839844	0	0
#SusPed	147.848958	0	0
#SofPed	147.850260	43	0
#SusPed	147.863281	70	0
#SusPed	147.979167	0	0
#SofPed	147.979167	0	0
#SusPed	147.985677	85	0
#SofPed	147.992188	48	0
#SofPed	148.139323	0	0
#SofPed	148.145833	40	0
#SofPed	148.269531	0	0
#SofPed	148.283854	40	0
#SofPed	148.500000	0	0
#SofPed	148.511719	46	0
#SofPed	148.609375	0	0
#SofPed	148.623698	44	0
#SusPed	148.679688	0	0
#SusPed	148.686198	77	0
#SofPed	148.848958	0	0
#SofPed	148.863281	33	0
#SofPed	148.968750	0	0
#SofPed	148.977865	34	0
#SusPed	149.119792	0	0
#SofPed	149.119792	0	0
#SusPed	149.126302	68	0
#SofPed	149.132812	38	0
#SofPed	149.188802	0	0
#SofPed	149.196615	40	0
#SusPed	149.259115	0	0
#SofPed	149.259115	0	0
#SofPed	149.264323	42	0
#SusPed	149.265625	68	0
#SofPed	149.438802	0	0
#SofPed	149.451823	43	0
#SofPed	149.509115	0	0
#SofPed	149.515625	44	0
#SusPed	149.519531	0	0
#SusPed	149.531250	87	0
#SofPed	149.899740	0	0
#SofPed	149.904948	36	0
#SusPed	149.968750	0	0
#SusPed	149.979167	70	0
#SofPed	150.039062	0	0
#SofPed	150.052083	46	0
#SofPed	150.269531	0	0
#SofPed	150.278646	47	0
#SofPed	150.449219	0	0
#SofPed	150.462240	44	0
#SofPed	150.759115	0	0
#SusPed	150.769531	0	0
#SofPed	150.772135	65	0
#SusPed	150.782552	66	0
#SusPed	150.829427	0	0
#SusPed	150.839844	69	0
#SofPed	150.859375	0	0
#SofPed	150.869792	71	0
#SofPed	150.919271	0	0
#SofPed	150.933594	67	0
#SofPed	151.019531	0	0
#SofPed	151.031250	68	0
#SofPed	151.098958	0	0
#SofPed	151.111979	71	0
#SusPed	151.128906	0	0
#SusPed	151.143229	82	0
#SofPed	151.169271	0	0
#SofPed	151.182292	73	0
#SofPed	151.239583	0	0
#SofPed	151.248698	75	0
#SofPed	151.339844	0	0
#SofPed	151.354167	78	0
#SofPed	151.408854	0	0
#SofPed	151.420573	67	0
#SusPed	151.468750	0	0
#SusPed	151.480469	94	0
#SusPed	151.619792	0	0
#SusPed	151.628906	86	0
#SofPed	151.639323	0	0
#SofPed	151.652344	84	0
#SusPed	151.750000	0	0
#SusPed	151.760417	79	0
#SofPed	151.779948	0	0
#SofPed	151.785156	84	0
#SofPed	151.839844	0	0
#SofPed	151.850260	80	0
#SofPed	151.979167	0	0
#SofPed	151.990885	93	0
#SofPed	152.139323	0	0
#SofPed	152.152344	87	0
#SofPed	152.229167	0	0
#SofPed	152.243490	93	0
#SusPed	152.309896	0	0
#SusPed	152.317708	73	0
#SofPed	152.319010	0	0
#SofPed	152.326823	86	0
#SofPed	152.500000	0	0
#SofPed	152.505208	97	0
#SusPed	152.579427	0	0
#SusPed	152.585938	55	0
#SofPed	152.589844	0	0
#SofPed	152.600260	100	0
#SofPed	152.639323	0	0
#SofPed	152.645833	102	0
#SofPed	152.729167	0	0
#SofPed	152.738281	103	0
#SofPed	152.989583	0	0
#SofPed	152.996094	102	0
#SofPed	153.209635	0	0
#SofPed	153.220052	103	0
#SofPed	153.408854	0	0
#SofPed	153.415365	92	0
#SofPed	153.539062	0	0
#SofPed	153.549479	98	0
#SofPed	153.739583	0	0
#SofPed	153.747396	100	0
#SofPed	154.109375	0	0
#SofPed	154.117188	89	0
#SusPed	154.589844	0	0
#SusPed	154.600260	86	0
#SusPed	154.809896	0	0
#SusPed	154.821615	97	0
#SusPed	156.000000	0	0
#SusPed	156.010417	85	0
#SusPed	156.128906	0	0
#SusPed	156.135417	78	0
#SofPed	156.839844	0	0
#SofPed	156.854167	83	0
#SofPed	157.019531	0	0
#SofPed	157.026042	85	0
#SofPed	157.079427	0	0
#SofPed	157.092448	87	0
#SofPed	157.399740	0	0
#SofPed	157.406250	70	0
#SofPed	157.609375	0	0
#SofPed	157.619792	70	0
#SofPed	157.968750	0	0
#SofPed	157.981771	57	0
#SofPed	158.399740	0	0
#SofPed	158.410156	60	0
#SusPed	158.628906	0	0
#SusPed	158.635417	65	0
#SofPed	158.658854	0	0
#SofPed	158.674479	55	0
#SofPed	159.029948	0	0
#SofPed	159.040365	76	0
#SofPed	159.119792	0	0
#SofPed	159.128906	83	0
#SofPed	159.188802	0	0
#SofPed	159.195312	84	0
#SusPed	159.259115	0	0
#SusPed	159.264323	56	0
#SofPed	159.289062	0	0
#SofPed	159.304688	70	0
#SofPed	159.399740	0	0
#SofPed	159.412760	65	0
#SusPed	159.468750	0	0
#SusPed	159.484375	52	0
#SofPed	159.519531	0	0
#SofPed	159.528646	64	0
#SofPed	159.589844	0	0
#SofPed	159.595052	69	0
#SofPed	159.718750	0	0
#SofPed	159.733073	63	0
#SofPed	160.149740	0	0
#SofPed	160.154948	85	0
#SusPed	160.299479	0	0
#SusPed	160.307292	71	0
#SofPed	160.329427	0	0
#SofPed	160.343750	86	0
#SofPed	160.519531	0	0
#SofPed	160.532552	93	0
#SofPed	160.709635	0	0
#SofPed	160.722656	96	0
#SofPed	161.049479	0	0
#SofPed	161.059896	101	0
#SofPed	161.169271	0	0
#SofPed	161.183594	102	0
#SofPed	161.289062	0	0
#SofPed	161.295573	104	0
#SofPed	161.369792	0	0
#SofPed	161.377604	104	0
#SofPed	161.579427	0	0
#SofPed	161.588542	106	0
#SofPed	161.729167	0	0
#SofPed	161.734375	104	0
#SofPed	161.929688	0	0
#SofPed	161.944010	106	0
#SofPed	162.098958	0	0
#SofPed	162.111979	95	0
#SofPed	163.408854	0	0
#SofPed	163.423177	91	0
#SofPed	163.579427	0	0
#SofPed	163.585938	75	0
#SofPed	163.619792	0	0
#SofPed	163.632812	73	0
#SofPed	163.718750	0	0
#SofPed	163.733073	74	0
#SofPed	163.878906	0	0
#SofPed	163.890625	82	0
#SofPed	163.938802	0	0
#SofPed	163.953125	77	0
#SofPed	164.079427	0	0
#SofPed	164.087240	69	0
#SofPed	164.229167	0	0
#SofPed	164.243490	57	0
#SofPed	164.319010	0	0
#SofPed	164.328125	62	0
#SofPed	164.408854	0	0
#SofPed	164.423177	59	0
#SofPed	164.729167	0	0
#SofPed	164.736979	64	0
#SusPed	165.529948	0	0
#SusPed	165.539062	48	0
#SofPed	165.759115	0	0
#SofPed	165.766927	32	0
#SusPed	165.809896	0	0
#SusPed	165.822917	61	0
#SusPed	165.878906	0	0
#SusPed	165.885417	82	0
#SusPed	166.069010	0	0
#SusPed	166.083333	71	0
#SofPed	166.109375	0	0
#SofPed	166.114583	55	0
#SofPed	166.289062	0	0
#SofPed	166.298177	40	0
#SofPed	166.399740	0	0
#SofPed	166.404948	54	0
#SofPed	166.479167	0	0
#SofPed	166.493490	67	0
#SofPed	166.658854	0	0
#SofPed	166.665365	105	0
#SofPed	166.929688	0	0
#SofPed	166.942708	91	0
#SofPed	166.989583	0	0
#SofPed	166.994792	93	0
#SusPed	167.069010	0	0
#SusPed	167.076823	73	0
#SofPed	167.089844	0	0
#SofPed	167.102865	96	0
#SofPed	167.579427	0	0
#SofPed	167.593750	104	0
#SofPed	167.709635	0	0
#SofPed	167.717448	96	0
#SofPed	167.859375	0	0
#SofPed	167.865885	94	0
#SusPed	168.259115	0	0
#SusPed	168.273438	74	0
#SofPed	168.348958	0	0
#SofPed	168.360677	64	0
#SusPed	168.750000	0	0
#SofPed	168.750000	0	0
#SofPed	168.756510	79	0
#SusPed	168.763021	53	0
#SofPed	168.848958	0	0
#SofPed	168.855469	72	0
#SusPed	168.938802	0	0
#SusPed	168.953125	59	0
#SofPed	169.239583	0	0
#SofPed	169.246094	33	0
#SofPed	169.309896	0	0
#SusPed	169.319010	0	0
#SofPed	169.320312	35	0
#SusPed	169.333333	96	0
#SofPed	169.699219	0	0
#SofPed	169.708333	90	0
#SusPed	169.779948	0	0
#SusPed	169.785156	51	0
#SofPed	169.959635	0	0
#SofPed	169.972656	85	0
#SusPed	170.009115	0	0
#SusPed	170.018229	42	0
#SofPed	170.029948	0	0
#SofPed	170.035156	67	0
#SusPed	170.119792	0	0
#SusPed	170.130208	38	0
#SusPed	170.289062	0	0
#SusPed	170.299479	32	0
#SofPed	170.299479	0	0
#SofPed	170.304688	30	0
#SusPed	170.429688	0	0
#SusPed	170.437500	95	0
#SofPed	170.628906	0	0
#SofPed	170.641927	66	0
#SusPed	170.649740	0	0
#SusPed	170.658854	63	0
#SofPed	171.049479	0	0
#SofPed	171.061198	71	0
#SofPed	171.119792	0	0
#SofPed	171.134115	79	0
#SofPed	171.438802	0	0
#SofPed	171.453125	86	0
#SofPed	171.609375	0	0
#SofPed	171.623698	92	0
#SusPed	171.649740	0	0
#SusPed	171.658854	79	0
#SusPed	171.959635	0	0
#SusPed	171.967448	52	0
#SusPed	172.259115	0	0
#SusPed	172.272135	50	0
#SusPed	172.699219	0	0
#SusPed	172.714844	60	0
#SofPed	172.750000	0	0
#SofPed	172.764323	85	0
#SofPed	173.169271	0	0
#SofPed	173.175781	82	0
#SofPed	173.279948	0	0
#SofPed	173.286458	72	0
#SusPed	173.309896	0	0
#SusPed	173.324219	56	0
#SofPed	173.639323	0	0
#SofPed	173.651042	90	0
#SusPed	174.389323	0	0
#SusPed	174.402344	62	0
#SofPed	175.119792	0	0
#SofPed	175.126302	63	0
#SusPed	175.158854	0	0
#SusPed	175.174479	46	0
#SusPed	175.569010	0	0
#SusPed	175.576823	48	0
#SofPed	175.628906	0	0
#SofPed	175.639323	88	0
#SofPed	175.769531	0	0
#SofPed	175.777344	101	0
#SofPed	175.899740	0	0
#SofPed	175.912760	100	0
#SusPed	176.128906	0	0
#SofPed	176.139323	0	0
#SusPed	176.144531	52	0
#SofPed	176.151042	86	0
#SofPed	176.309896	0	0
#SofPed	176.324219	87	0
#SofPed	176.459635	0	0
#SofPed	176.473958	88	0
#SofPed	176.589844	0	0
#SofPed	176.601562	74	0
#SofPed	176.938802	0	0
#SofPed	176.946615	96	0
#SofPed	177.649740	0	0
#SofPed	177.662760	64	0
#SusPed	178.759115	0	0
#SusPed	178.770833	65	0
#SusPed	179.729167	0	0
#SusPed	179.735677	70	0
#SusPed	180.029948	0	0
#SusPed	180.042969	76	0
#SusPed	180.459635	0	0
#SusPed	180.464844	74	0
#SusPed	180.908854	0	0
#SusPed	180.914062	77	0
#SofPed	180.968750	0	0
#SofPed	180.981771	77	0
#SofPed	181.109375	0	0
#SofPed	181.115885	59	0
#SusPed	181.628906	0	0
#SusPed	181.641927	69	0
#SofPed	181.750000	0	0
#SofPed	181.756510	93	0
#SusPed	181.789062	0	0
#SusPed	181.795573	77	0
#SusPed	182.408854	0	0
#SusPed	182.416667	65	0
#SusPed	182.779948	0	0
#SusPed	182.792969	65	0
#SofPed	182.848958	0	0
#SofPed	182.861979	108	0
#SofPed	183.059896	0	0
#SofPed	183.070312	106	0
#SofPed	183.309896	0	0
#SofPed	183.319010	101	0
#SofPed	183.438802	0	0
#SofPed	183.450521	99	0
#SofPed	183.509115	0	0
#SofPed	183.523438	99	0
#SofPed	184.188802	0	0
#SofPed	184.200521	70	0
#SusPed	184.699219	0	0
#SusPed	184.705729	63	0
#SusPed	185.279948	0	0
#SusPed	185.292969	72	0
#SofPed	185.348958	0	0
#SofPed	185.360677	104	0
#SofPed	185.750000	0	0
#SofPed	185.761719	99	0
#SofPed	185.899740	0	0
#SofPed	185.908854	95	0
#SofPed	186.639323	0	0
#SusPed	186.649740	0	0
#SofPed	186.649740	93	0
#SusPed	186.654948	72	0
#SusPed	186.688802	0	0
#SusPed	186.695312	79	0
#SofPed	186.739583	0	0
#SofPed	186.744792	94	0
#SofPed	187.169271	0	0
#SofPed	187.175781	94	0
#SusPed	187.199219	0	0
#SusPed	187.208333	61	0
#SofPed	187.250000	0	0
#SofPed	187.256510	93	0
#SofPed	187.319010	0	0
#SofPed	187.330729	90	0
#SusPed	187.419271	0	0
#SusPed	187.424479	71	0
#SusPed	188.000000	0	0
#SusPed	188.005208	57	0
#SusPed	188.149740	0	0
#SusPed	188.164062	77	0
#SusPed	188.449219	0	0
#SusPed	188.457031	71	0
#SusPed	188.639323	0	0
#SofPed	188.649740	0	0
#SusPed	188.653646	67	0
#SofPed	188.662760	58	0
#SusPed	189.079427	0	0
#SofPed	189.089844	0	0
#SusPed	189.091146	62	0
#SofPed	189.097656	80	0
#SusPed	189.209635	0	0
#SusPed	189.217448	60	0
#SofPed	189.239583	0	0
#SofPed	189.248698	93	0
#SusPed	189.299479	0	0
#SusPed	189.304688	57	0
#SofPed	189.329427	0	0
#SofPed	189.342448	98	0
#SofPed	189.658854	0	0
#SofPed	189.667969	98	0
#SusPed	189.679688	0	0
#SusPed	189.684896	52	0
#SusPed	189.848958	0	0
#SusPed	189.854167	68	0
#SofPed	189.889323	0	0
#SofPed	189.902344	95	0
#SofPed	190.029948	0	0
#SofPed	190.035156	99	0
#SofPed	190.149740	0	0
#SofPed	190.154948	99	0
#SusPed	190.609375	0	0
#SusPed	190.615885	63	0
#SusPed	190.949219	0	0
#SusPed	190.957031	69	0
#SusPed	191.109375	0	0
#SusPed	191.121094	52	0
#SusPed	191.750000	0	0
#SusPed	191.753906	62	0
#SusPed	192.179688	0	0
#SusPed	192.184896	68	0
#SusPed	192.438802	0	0
#SusPed	192.453125	82	0
#SusPed	192.839844	0	0
#SusPed	192.852865	72	0
#SusPed	193.250000	0	0
#SusPed	193.255208	74	0
#SofPed	193.309896	0	0
#SofPed	193.316406	106	0
#SusPed	193.569010	0	0
#SusPed	193.575521	70	0
#SofPed	193.598958	0	0
#SofPed	193.610677	116	0
#SusPed	193.799479	0	0
#SusPed	193.807292	57	0
#SofPed	193.919271	0	0
#SofPed	193.932292	96	0
#SusPed	194.519531	0	0
#SusPed	194.531250	64	0
#SusPed	196.779948	0	0
#SusPed	196.785156	44	0
#SusPed	197.209635	0	0
#SusPed	197.216146	75	0
#SusPed	197.848958	0	0
#SusPed	197.864583	55	0
#SusPed	198.359375	0	0
#SusPed	198.369792	80	0
#SusPed	198.829427	0	0
#SusPed	198.835938	64	0
#SusPed	198.968750	0	0
#SusPed	198.983073	53	0
#SusPed	199.289062	0	0
#SusPed	199.302083	54	0
#SofPed	199.399740	0	0
#SusPed	199.408854	0	0
#SofPed	199.411458	86	0
#SusPed	199.415365	59	0
#SusPed	199.779948	0	0
#SusPed	199.785156	63	0
#SofPed	200.000000	0	0
#SofPed	200.003906	89	0
#SusPed	200.069010	0	0
#SusPed	200.076823	59	0
#SofPed	200.128906	0	0
#SofPed	200.143229	68	0
#SusPed	200.359375	0	0
#SusPed	200.364583	54	0
#SofPed	200.399740	0	0
#SofPed	200.404948	66	0
#SofPed	200.628906	0	0
#SofPed	200.641927	67	0
#SusPed	200.979167	0	0
#SusPed	200.986979	50	0
#SusPed	201.059896	0	0
#SusPed	201.067708	46	0
#SofPed	201.069010	0	0
#SofPed	201.076823	76	0
#SusPed	201.149740	0	0
#SofPed	201.149740	0	0
#SusPed	201.154948	56	0
#SofPed	201.161458	66	0
#SofPed	201.229167	0	0
#SofPed	201.242188	55	0
#SofPed	201.479167	0	0
#SofPed	201.486979	67	0
#SusPed	201.569010	0	0
#SusPed	201.575521	96	0
#SofPed	201.809896	0	0
#SofPed	201.820312	56	0
#SusPed	201.938802	0	0
#SusPed	201.953125	69	0
#SusPed	202.019531	0	0
#SusPed	202.029948	69	0
#SofPed	202.039062	0	0
#SofPed	202.046875	67	0
#SofPed	202.289062	0	0
#SofPed	202.294271	71	0
#SusPed	202.369792	0	0
#SusPed	202.380208	59	0
#SofPed	202.408854	0	0
#SofPed	202.421875	81	0
#SofPed	202.468750	0	0
#SofPed	202.475260	82	0
#SusPed	202.519531	0	0
#SusPed	202.526042	54	0
#SusPed	202.579427	0	0
#SusPed	202.589844	47	0
#SusPed	202.709635	0	0
#SusPed	202.717448	47	0
#SofPed	202.799479	0	0
#SusPed	202.809896	0	0
#SofPed	202.811198	81	0
#SusPed	202.822917	47	0
#SusPed	202.889323	0	0
#SusPed	202.897135	45	0
#SofPed	202.959635	0	0
#SofPed	202.968750	86	0
#SofPed	203.039062	0	0
#SusPed	203.049479	0	0
#SofPed	203.050781	91	0
#SusPed	203.058594	48	0
#SofPed	203.149740	0	0
#SofPed	203.161458	92	0
#SusPed	203.339844	0	0
#SusPed	203.343750	51	0
#SofPed	203.369792	0	0
#SofPed	203.380208	86	0
#SofPed	203.449219	0	0
#SofPed	203.457031	77	0
#SusPed	203.489583	0	0
#SusPed	203.503906	55	0
#SusPed	204.158854	0	0
#SusPed	204.169271	51	0
#SusPed	204.559896	0	0
#SusPed	204.571615	51	0
#SusPed	204.649740	0	0
#SusPed	204.658854	62	0
#SofPed	204.699219	0	0
#SofPed	204.704427	92	0
#SusPed	205.079427	0	0
#SusPed	205.091146	45	0
#SusPed	205.199219	0	0
#SofPed	205.199219	0	0
#SusPed	205.207031	47	0
#SofPed	205.210938	82	0
#SofPed	205.769531	0	0
#SofPed	205.781250	41	0
#SofPed	205.929688	0	0
#SofPed	205.936198	36	0
#SusPed	205.949219	0	0
#SusPed	205.962240	78	0
#SofPed	205.989583	0	0
#SofPed	206.002604	40	0
#SofPed	206.149740	0	0
#SofPed	206.158854	60	0
#SusPed	206.188802	0	0
#SusPed	206.203125	70	0
#SofPed	206.229167	0	0
#SofPed	206.243490	65	0
#SofPed	206.289062	0	0
#SofPed	206.295573	74	0
#SofPed	206.348958	0	0
#SofPed	206.355469	81	0
#SusPed	206.389323	0	0
#SofPed	206.399740	0	0
#SusPed	206.404948	52	0
#SofPed	206.412760	81	0
#SofPed	206.459635	0	0
#SofPed	206.467448	83	0
#SofPed	206.529948	0	0
#SofPed	206.537760	85	0
#SofPed	206.609375	0	0
#SofPed	206.622396	92	0
#SofPed	206.789062	0	0
#SofPed	206.802083	89	0
#SofPed	206.839844	0	0
#SofPed	206.851562	84	0
#SusPed	206.919271	0	0
#SofPed	206.919271	0	0
#SusPed	206.932292	44	0
#SofPed	206.933594	82	0
#SofPed	207.049479	0	0
#SofPed	207.054688	78	0
#SofPed	207.098958	0	0
#SofPed	207.113281	79	0
#SusPed	207.128906	0	0
#SusPed	207.140625	42	0
#SusPed	207.209635	0	0
#SusPed	207.214844	41	0
#SofPed	207.399740	0	0
#SofPed	207.407552	49	0
#SusPed	207.408854	0	0
#SusPed	207.415365	44	0
#SofPed	208.098958	0	0
#SofPed	208.114583	63	0
#SusPed	208.369792	0	0
#SofPed	208.628906	0	0
#SofPed	208.641927	58	0
#SofPed	209.239583	0	0
#SofPed	209.244792	64	0
#SofPed	209.489583	0	0
#SofPed	209.503906	64	0
#SofPed	209.669271	0	0
#SofPed	209.684896	78	0
#SusPed	209.763021	77	0
#SofPed	209.908854	0	0
#SofPed	209.919271	50	0
#SusPed	210.279948	0	0
#SusPed	210.292969	71	0
#SusPed	210.549479	0	0
#SusPed	210.559896	50	0
#SusPed	210.658854	0	0
#SusPed	210.666667	48	0
#SusPed	210.938802	0	0
#SusPed	210.945312	42	0
#SusPed	211.049479	0	0
#SusPed	211.057292	43	0
#SusPed	211.250000	0	0
#SusPed	211.259115	50	0
#SusPed	211.299479	0	0
#SusPed	211.305990	49	0
#SofPed	211.408854	0	0
#SofPed	211.416667	113	0
#SusPed	211.429688	0	0
#SusPed	211.438802	47	0
#SofPed	211.468750	0	0
#SofPed	211.481771	111	0
#SofPed	211.539062	0	0
#SofPed	211.552083	110	0
#SofPed	211.628906	0	0
#SofPed	211.635417	107	0
#SusPed	211.809896	0	0
#SusPed	211.819010	54	0
#SofPed	211.819010	0	0
#SofPed	211.825521	101	0
#SofPed	211.878906	0	0
#SofPed	211.893229	97	0
#SusPed	211.929688	0	0
#SusPed	211.942708	70	0
#SusPed	212.059896	0	0
#SusPed	212.072917	95	0
#SofPed	212.119792	0	0
#SofPed	212.127604	85	0
#SofPed	212.539062	0	0
#SofPed	212.545573	77	0
#SusPed	212.639323	0	0
#SusPed	212.652344	79	0
#SofPed	212.669271	0	0
#SofPed	212.682292	51	0
#SusPed	213.128906	0	0
#SusPed	213.144531	81	0
#SofPed	213.239583	0	0
#SofPed	213.247396	85	0
#SofPed	213.739583	0	0
#SusPed	213.750000	0	0
#SofPed	213.753906	63	0
#SusPed	213.763021	72	0
#SofPed	213.779948	0	0
#SofPed	213.794271	54	0
#SofPed	213.938802	0	0
#SusPed	213.949219	0	0
#SofPed	213.950521	52	0
#SusPed	213.958333	59	0
#SofPed	214.158854	0	0
#SofPed	214.171875	67	0
#SusPed	214.179688	0	0
#SusPed	214.187500	70	0
#SofPed	214.259115	0	0
#SofPed	214.266927	74	0
#SusPed	214.938802	0	0
#SusPed	214.951823	66	0
#SusPed	215.079427	0	0
#SusPed	215.092448	69	0
#SofPed	215.179688	0	0
#SofPed	215.184896	90	0
#SofPed	215.259115	0	0
#SofPed	215.273438	86	0
#SofPed	216.438802	0	0
#SofPed	216.445312	51	0
#SusPed	216.639323	0	0
#SusPed	216.647135	70	0
#SusPed	216.779948	0	0
#SusPed	216.791667	86	0
#SofPed	218.529948	0	0
#SofPed	218.542969	32	0
#SusPed	218.609375	0	0
#SusPed	218.615885	92	0
#SusPed	218.869792	0	0
#SusPed	218.875000	80	0
#SofPed	218.919271	0	0
#SofPed	218.924479	39	0
#SusPed	218.979167	0	0
#SusPed	218.992188	71	0
#SusPed	219.119792	0	0
#SusPed	219.125000	59	0
#SofPed	219.149740	0	0
#SofPed	219.156250	39	0
#SofPed	219.239583	0	0
#SofPed	219.253906	43	0
#SusPed	219.319010	0	0
#SusPed	219.330729	89	0
#SofPed	219.449219	0	0
#SofPed	219.455729	43	0
#SusPed	219.539062	0	0
#SusPed	219.545573	91	0
#SofPed	219.619792	0	0
#SofPed	219.626302	44	0
#SusPed	219.699219	0	0
#SusPed	219.704427	86	0
#SusPed	219.839844	0	0
#SusPed	219.846354	57	0
#SusPed	219.908854	0	0
#SusPed	219.921875	53	0
#SusPed	220.000000	0	0
#SusPed	220.011719	77	0
#SofPed	220.119792	0	0
#SofPed	220.131510	71	0
#SofPed	220.218750	0	0
#SofPed	220.225260	70	0
#SusPed	220.229167	0	0
#SusPed	220.243490	82	0
#SofPed	220.289062	0	0
#SofPed	220.294271	88	0
#SofPed	220.438802	0	0
#SofPed	220.453125	99	0
#SusPed	220.539062	0	0
#SusPed	220.544271	81	0
#SusPed	220.829427	0	0
#SusPed	220.834635	63	0
#SofPed	221.529948	0	0
#SofPed	221.537760	101	0
#SofPed	221.589844	0	0
#SofPed	221.598958	102	0
#SofPed	221.679688	0	0
#SofPed	221.691406	106	0
#SofPed	221.750000	0	0
#SofPed	221.761719	107	0
#SofPed	221.789062	0	0
#SofPed	221.794271	106	0
#SofPed	221.929688	0	0
#SofPed	221.934896	90	0
#SofPed	222.029948	0	0
#SofPed	222.035156	74	0
#SofPed	222.359375	0	0
#SofPed	222.373698	87	0
#SofPed	222.438802	0	0
#SofPed	222.445312	79	0
#SofPed	222.609375	0	0
#SofPed	222.615885	78	0
#SofPed	222.729167	0	0
#SofPed	222.735677	79	0
#SofPed	222.789062	0	0
#SofPed	222.794271	83	0
#SofPed	222.859375	0	0
#SofPed	222.871094	83	0
#SofPed	222.899740	0	0
#SofPed	222.910156	82	0
#SusPed	222.979167	0	0
#SusPed	222.984375	61	0
#SofPed	223.039062	0	0
#SofPed	223.048177	81	0
#SofPed	223.098958	0	0
#SofPed	223.106771	75	0
#SofPed	223.438802	0	0
#SofPed	223.453125	66	0
#SofPed	223.628906	0	0
#SofPed	223.635417	61	0
#SofPed	223.779948	0	0
#SofPed	223.789062	86	0
#SofPed	223.908854	0	0
#SofPed	223.920573	85	0
#SofPed	223.989583	0	0
#SofPed	224.001302	88	0
#SofPed	224.259115	0	0
#SofPed	224.273438	63	0
#SofPed	224.429688	0	0
#SofPed	224.438802	55	0
#SofPed	224.589844	0	0
#SofPed	224.595052	63	0
#SofPed	224.729167	0	0
#SofPed	224.738281	52	0
#SusPed	224.979167	0	0
#SusPed	224.994792	74	0
#SusPed	225.079427	0	0
#SusPed	225.093750	76	0
#SusPed	225.188802	0	0
#SusPed	225.195312	81	0
#SofPed	225.239583	0	0
#SofPed	225.247396	75	0
#SofPed	225.429688	0	0
#SofPed	225.442708	82	0
#SusPed	225.468750	0	0
#SusPed	225.477865	86	0
#SofPed	225.579427	0	0
#SofPed	225.589844	80	0
#SusPed	225.628906	0	0
#SusPed	225.634115	72	0
#SofPed	225.739583	0	0
#SofPed	225.751302	85	0
#SusPed	225.759115	0	0
#SusPed	225.773438	79	0
#SofPed	225.878906	0	0
#SofPed	225.893229	85	0
#SofPed	226.049479	0	0
#SofPed	226.062500	72	0
#SofPed	226.209635	0	0
#SofPed	226.214844	69	0
#SusPed	226.229167	0	0
#SusPed	226.243490	80	0
#SofPed	226.369792	0	0
#SofPed	226.377604	71	0
#SofPed	226.529948	0	0
#SofPed	226.535156	72	0
#SusPed	226.729167	0	0
#SusPed	226.743490	74	0
#SofPed	227.029948	0	0
#SofPed	227.042969	64	0
#SofPed	227.179688	0	0
#SofPed	227.187500	68	0
#SofPed	227.269531	0	0
#SofPed	227.283854	59	0
#SofPed	227.309896	0	0
#SofPed	227.322917	59	0
#SusPed	228.839844	0	0
#SusPed	228.854167	84	0
#SusPed	228.938802	0	0
#SusPed	228.945312	91	0
#SusPed	229.699219	0	0
#SusPed	229.710938	76	0
#SusPed	229.908854	0	0
#SusPed	229.916667	80	0
#SusPed	230.299479	0	0
#SusPed	230.304688	65	0
#SusPed	230.459635	0	0
#SusPed	230.471354	66	0
#SusPed	230.619792	0	0
#SusPed	230.625000	79	0
#SusPed	230.919271	0	0
#SusPed	230.932292	84	0
#SusPed	231.098958	0	0
#SusPed	231.110677	82	0
#SusPed	231.389323	0	0
#SusPed	231.403646	75	0
#SofPed	231.529948	0	0
#SofPed	231.537760	70	0
#SusPed	231.569010	0	0
#SusPed	231.582031	67	0
#SofPed	231.658854	0	0
#SofPed	231.673177	65	0
#SusPed	231.739583	0	0
#SofPed	231.739583	0	0
#SofPed	231.744792	70	0
#SusPed	231.746094	75	0
#SofPed	231.919271	0	0
#SofPed	231.925781	64	0
#SofPed	232.009115	0	0
#SofPed	232.015625	72	0
#SofPed	232.079427	0	0
#SofPed	232.089844	74	0
#SofPed	232.199219	0	0
#SofPed	232.209635	74	0
#SusPed	232.218750	0	0
#SusPed	232.226562	85	0
#SofPed	232.289062	0	0
#SofPed	232.298177	72	0
#SofPed	232.359375	0	0
#SofPed	232.368490	73	0
#SusPed	232.489583	0	0
#SusPed	232.502604	56	0
#SofPed	232.619792	0	0
#SofPed	232.634115	60	0
#SusPed	232.658854	0	0
#SusPed	232.673177	73	0
#SofPed	232.718750	0	0
#SofPed	232.734375	53	0
#SofPed	232.809896	0	0
#SofPed	232.815104	55	0
#SusPed	232.889323	0	0
#SusPed	232.897135	76	0
#SofPed	233.009115	0	0
#SofPed	233.020833	63	0
#SusPed	233.039062	0	0
#SusPed	233.045573	77	0
#SofPed	233.169271	0	0
#SofPed	233.179688	80	0
#SusPed	233.279948	0	0
#SofPed	233.279948	0	0
#SofPed	233.285156	79	0
#SusPed	233.286458	80	0
#SusPed	233.348958	0	0
#SusPed	233.354167	75	0
#SofPed	233.369792	0	0
#SofPed	233.377604	75	0
#SofPed	233.529948	0	0
#SofPed	233.537760	72	0
#SofPed	233.619792	0	0
#SofPed	233.627604	75	0
#SusPed	233.679688	0	0
#SofPed	233.679688	0	0
#SofPed	233.684896	73	0
#SusPed	233.684896	63	0
#SofPed	233.750000	0	0
#SofPed	233.753906	78	0
#SofPed	233.829427	0	0
#SofPed	233.835938	75	0
#SofPed	233.929688	0	0
#SusPed	233.938802	0	0
#SofPed	233.940104	76	0
#SusPed	233.949219	73	0
#SusPed	234.059896	0	0
#SusPed	234.066406	59	0
#SofPed	234.128906	0	0
#SofPed	234.139323	76	0
#SofPed	234.269531	0	0
#SofPed	234.281250	78	0
#SusPed	234.399740	0	0
#SofPed	234.399740	0	0
#SusPed	234.411458	73	0
#SofPed	234.412760	78	0
#SofPed	234.658854	0	0
#SusPed	234.669271	0	0
#SofPed	234.669271	60	0
#SusPed	234.678385	70	0
#SusPed	234.839844	0	0
#SofPed	234.848958	0	0
#SusPed	234.852865	75	0
#SofPed	234.856771	52	0
#SofPed	234.968750	0	0
#SofPed	234.973958	57	0
#SofPed	235.029948	0	0
#SofPed	235.042969	59	0
#SusPed	235.239583	0	0
#SusPed	235.253906	57	0
#SofPed	235.259115	0	0
#SofPed	235.265625	67	0
#SusPed	235.389323	0	0
#SofPed	235.389323	0	0
#SofPed	235.394531	80	0
#SusPed	235.403646	78	0
#SofPed	235.489583	0	0
#SofPed	235.494792	76	0
#SofPed	235.589844	0	0
#SofPed	235.596354	70	0
#SofPed	235.658854	0	0
#SofPed	235.670573	71	0
#SusPed	235.688802	0	0
#SusPed	235.697917	58	0
#SofPed	235.709635	0	0
#SofPed	235.722656	80	0
#SusPed	235.848958	0	0
#SusPed	235.858073	85	0
#SofPed	235.959635	0	0
#SofPed	235.972656	86	0
#SusPed	236.039062	0	0
#SusPed	236.046875	65	0
#SofPed	236.109375	0	0
#SofPed	236.123698	87	0
#SusPed	236.128906	0	0
#SusPed	236.139323	68	0
#SusPed	236.169271	0	0
#SusPed	236.182292	76	0
#SofPed	236.218750	0	0
#SofPed	236.225260	92	0
#SofPed	236.289062	0	0
#SofPed	236.300781	91	0
#SusPed	236.378906	0	0
#SusPed	236.393229	60	0
#SofPed	236.419271	0	0
#SofPed	236.424479	90	0
#SusPed	236.468750	0	0
#SusPed	236.475260	67	0
#SofPed	236.539062	0	0
#SofPed	236.545573	92	0
#SofPed	236.639323	0	0
#SofPed	236.645833	96	0
#SofPed	236.729167	0	0
#SofPed	236.736979	100	0
#SusPed	236.889323	0	0
#SusPed	236.899740	69	0
#SofPed	236.938802	0	0
#SofPed	236.954427	107	0
#SusPed	237.069010	0	0
#SusPed	237.074219	76	0
#SofPed	237.128906	0	0
#SofPed	237.136719	96	0
#SofPed	237.188802	0	0
#SofPed	237.204427	94	0
#SofPed	237.250000	0	0
#SofPed	237.255208	92	0
#SofPed	237.299479	0	0
#SofPed	237.304688	93	0
#SofPed	237.429688	0	0
#SofPed	237.437500	90	0
#SusPed	237.468750	0	0
#SofPed	237.479167	0	0
#SusPed	237.481771	73	0
#SofPed	237.485677	90	0
#SusPed	237.639323	0	0
#SusPed	237.651042	78	0
#SofPed	237.669271	0	0
#SofPed	237.674479	93	0
#SofPed	237.908854	0	0
#SofPed	237.919271	97	0
#SofPed	238.000000	0	0
#SofPed	238.009115	98	0
#SofPed	238.098958	0	0
#SofPed	238.113281	93	0
#SofPed	238.269531	0	0
#SofPed	238.282552	96	0
#SofPed	238.378906	0	0
#SofPed	238.389323	92	0
#SofPed	238.549479	0	0
#SofPed	238.562500	94	0
#SofPed	238.649740	0	0
#SofPed	238.658854	101	0
#SofPed	238.769531	0	0
#SofPed	238.783854	92	0
#SusPed	238.789062	0	0
#SusPed	238.802083	90	0
#SofPed	238.889323	0	0
#SofPed	238.898438	87	0
#SofPed	239.079427	0	0
#SofPed	239.088542	86	0
#SofPed	239.250000	0	0
#SofPed	239.253906	85	0
#SofPed	239.309896	0	0
#SofPed	239.321615	88	0
#SusPed	239.399740	0	0
#SusPed	239.407552	75	0
#SofPed	239.408854	0	0
#SofPed	239.423177	86	0
#SusPed	239.559896	0	0
#SusPed	239.565104	79	0
#SofPed	239.609375	0	0
#SofPed	239.614583	90	0
#SusPed	239.699219	0	0
#SofPed	239.699219	0	0
#SofPed	239.705729	88	0
#SusPed	239.712240	64	0
#SofPed	239.799479	0	0
#SofPed	239.807292	93	0
#SusPed	239.899740	0	0
#SusPed	239.904948	85	0
#SofPed	239.908854	0	0
#SofPed	239.921875	85	0
#SofPed	240.049479	0	0
#SofPed	240.055990	75	0
#SofPed	240.169271	0	0
#SofPed	240.182292	71	0
#SusPed	240.218750	0	0
#SusPed	240.234375	85	0
#SofPed	240.259115	0	0
#SofPed	240.268229	58	0
#SusPed	240.539062	0	0
#SusPed	240.545573	61	0
#SofPed	240.639323	0	0
#SofPed	240.652344	70	0
#SusPed	240.679688	0	0
#SusPed	240.684896	69	0
#SofPed	240.908854	0	0
#SofPed	240.916667	64	0
#SusPed	240.989583	0	0
#SusPed	240.994792	66	0
#SofPed	241.019531	0	0
#SofPed	241.024740	54	0
#SofPed	241.179688	0	0
#SofPed	241.192708	61	0
#SofPed	241.269531	0	0
#SofPed	241.283854	75	0
#SusPed	241.309896	0	0
#SusPed	241.324219	79	0
#SofPed	241.438802	0	0
#SofPed	241.454427	60	0
#SusPed	241.459635	0	0
#SusPed	241.467448	61	0
#SofPed	241.598958	0	0
#SofPed	241.613281	53	0
#SofPed	241.699219	0	0
#SofPed	241.704427	54	0
#SofPed	241.799479	0	0
#SofPed	241.808594	68	0
#SofPed	241.899740	0	0
#SofPed	241.908854	74	0
#SusPed	242.049479	0	0
#SofPed	242.049479	0	0
#SusPed	242.055990	67	0
#SofPed	242.055990	81	0
#SofPed	242.209635	0	0
#SofPed	242.214844	89	0
#SofPed	242.299479	0	0
#SofPed	242.311198	90	0
#SusPed	242.319010	0	0
#SusPed	242.328125	72	0
#SofPed	242.378906	0	0
#SofPed	242.394531	90	0
#SofPed	242.489583	0	0
#SofPed	242.500000	72	0
#SofPed	242.569010	0	0
#SofPed	242.582031	68	0
#SofPed	242.649740	0	0
#SofPed	242.661458	60	0
#SusPed	242.688802	0	0
#SusPed	242.701823	62	0
#SofPed	242.718750	0	0
#SofPed	242.725260	55	0
#SusPed	242.938802	0	0
#SusPed	242.946615	79	0
#SofPed	242.949219	0	0
#SofPed	242.955729	61	0
#SusPed	243.279948	0	0
#SofPed	243.289062	0	0
#SusPed	243.292969	77	0
#SofPed	243.295573	93	0
#SofPed	243.359375	0	0
#SofPed	243.371094	94	0
#SusPed	243.559896	0	0
#SusPed	243.572917	63	0
#SusPed	243.639323	0	0
#SusPed	243.651042	60	0
#SofPed	243.688802	0	0
#SofPed	243.699219	99	0
#SusPed	244.549479	0	0
#SusPed	244.561198	77	0
#SusPed	244.919271	0	0
#SusPed	244.930990	69	0
#SusPed	245.408854	0	0
#SusPed	245.421875	67	0
#SofPed	245.709635	0	0
#SofPed	245.714844	68	0
#SusPed	246.139323	0	0
#SusPed	246.147135	62	0
#SofPed	246.209635	0	0
#SofPed	246.220052	46	0
#SusPed	246.429688	0	0
#SusPed	246.438802	87	0
#SofPed	246.639323	0	0
#SofPed	246.653646	69	0
#SofPed	246.799479	0	0
#SofPed	246.809896	79	0
#SusPed	246.889323	0	0
#SusPed	246.902344	63	0
#SusPed	247.000000	0	0
#SofPed	247.000000	0	0
#SofPed	247.010417	83	0
#SusPed	247.010417	82	0
#SofPed	247.348958	0	0
#SofPed	247.359375	100	0
#SusPed	247.378906	0	0
#SusPed	247.385417	60	0
#SofPed	247.628906	0	0
#SofPed	247.635417	112	0
#SusPed	247.679688	0	0
#SusPed	247.684896	74	0
#SofPed	248.079427	0	0
#SofPed	248.089844	100	0
#SusPed	248.459635	0	0
#SusPed	248.464844	52	0
#SusPed	248.559896	0	0
#SofPed	248.559896	0	0
#SofPed	248.566406	84	0
#SusPed	248.571615	65	0
#SusPed	248.649740	0	0
#SusPed	248.654948	53	0
#SofPed	248.699219	0	0
#SofPed	248.707031	75	0
#SofPed	248.829427	0	0
#SofPed	248.838542	73	0
#SofPed	248.899740	0	0
#SofPed	248.904948	70	0
#SusPed	249.098958	0	0
#SusPed	249.106771	53	0
#SusPed	249.479167	0	0
#SusPed	249.486979	63	0
#SusPed	249.709635	0	0
#SusPed	249.714844	65	0
#SusPed	250.009115	0	0
#SusPed	250.016927	58	0
#SusPed	250.128906	0	0
#SusPed	250.143229	86	0
#SusPed	250.369792	0	0
#SusPed	250.376302	98	0
#SofPed	250.408854	0	0
#SofPed	250.423177	48	0
#SusPed	250.750000	0	0
#SusPed	250.759115	75	0
#SofPed	250.789062	0	0
#SofPed	250.802083	60	0
#SofPed	251.069010	0	0
#SofPed	251.079427	51	0
#SofPed	251.149740	0	0
#SofPed	251.157552	51	0
#SusPed	251.209635	0	0
#SusPed	251.223958	88	0
#SofPed	251.309896	0	0
#SofPed	251.315104	57	0
#SofPed	251.389323	0	0
#SofPed	251.395833	59	0
#SusPed	251.598958	0	0
#SusPed	251.605469	57	0
#SusPed	251.688802	0	0
#SusPed	251.695312	74	0
#SofPed	251.718750	0	0
#SofPed	251.733073	93	0
#SusPed	252.049479	0	0
#SofPed	252.049479	0	0
#SusPed	252.055990	66	0
#SofPed	252.057292	101	0
#SusPed	252.269531	0	0
#SusPed	252.282552	74	0
#SofPed	252.309896	0	0
#SofPed	252.315104	100	0
#SusPed	252.429688	0	0
#SusPed	252.440104	73	0
#SusPed	252.848958	0	0
#SusPed	252.855469	70	0
#SofPed	252.899740	0	0
#SofPed	252.906250	104	0
#SusPed	252.929688	0	0
#SusPed	252.934896	69	0
#SofPed	253.128906	0	0
#SofPed	253.135417	95	0
#SofPed	253.378906	0	0
#SofPed	253.385417	87	0
#SusPed	253.500000	0	0
#SusPed	253.505208	65	0
#SofPed	253.519531	0	0
#SofPed	253.532552	90	0
#SofPed	253.750000	0	0
#SofPed	253.756510	101	0
#SusPed	253.919271	0	0
#SusPed	253.932292	61	0
#SofPed	254.000000	0	0
#SofPed	254.006510	93	0
#SusPed	254.019531	0	0
#SusPed	254.031250	68	0
#SusPed	254.359375	0	0
#SofPed	254.359375	0	0
#SofPed	254.364583	102	0
#SusPed	254.373698	78	0
#SusPed	255.158854	0	0
#SusPed	255.166667	60	0
#SusPed	255.500000	0	0
#SusPed	255.506510	70	0
#SusPed	256.019531	0	0
#SusPed	256.027344	69	0
#SusPed	256.759115	0	0
#SusPed	256.768229	60	0
#SusPed	256.979167	0	0
#SusPed	256.992188	65	0
#SusPed	257.509115	0	0
#SusPed	257.515625	64	0
#SusPed	258.149740	0	0
#SusPed	258.154948	66	0
#SusPed	258.628906	0	0
#SusPed	258.639323	70	0
#SusPed	259.269531	0	0
#SusPed	259.276042	82	0
#SofPed	260.369792	0	0
#SusPed	260.419271	0	0
#SusPed	260.433594	68	0
#SusPed	260.699219	0	0
#SusPed	260.712240	65	0
#SusPed	260.750000	0	0
#SusPed	260.756510	67	0
#SusPed	261.009115	0	0
#SusPed	261.022135	67	0
#SusPed	261.289062	0	0
#SusPed	261.298177	76	0
#SusPed	262.919271	0	0
#SusPed	262.928385	74	0
#SusPed	263.869792	0	0
#SusPed	263.878906	72	0
#SusPed	265.119792	0	0
#SusPed	265.125000	74	0
#SusPed	265.348958	0	0
#SusPed	265.354167	58	0
#SusPed	265.489583	0	0
#SusPed	265.503906	56	0
#SusPed	266.259115	0	0
#SusPed	266.273438	64	0
#SusPed	269.098958	0	0
#SusPed	269.105469	69	0
#SusPed	269.279948	0	0
#SusPed	269.286458	71	0
#SusPed	270.239583	0	0
#SusPed	270.253906	63	0
#SusPed	270.679688	0	0
#SusPed	270.692708	64	0
#SusPed	271.128906	0	0
#SusPed	271.136719	60	0
#SusPed	271.279948	0	0
#SusPed	271.294271	67	0
#SusPed	272.000000	0	0
#SusPed	272.005208	59	0
#SusPed	272.759115	0	0
#SusPed	272.769531	64	0
#SofPed	273.246094	60	0
#SofPed	273.549479	0	0
#SofPed	273.563802	66	0
#SofPed	273.619792	0	0
#SofPed	273.631510	50	0
#SusPed	273.649740	0	0
#SusPed	273.656250	63	0
#SofPed	273.679688	0	0
#SofPed	273.691406	47	0
#SusPed	274.098958	0	0
#SusPed	274.113281	76	0
#SusPed	274.269531	0	0
#SusPed	274.277344	76	0
#SusPed	274.859375	0	0
#SusPed	274.875000	61	0
#SusPed	275.019531	0	0
#SusPed	275.032552	63	0
#SusPed	275.658854	0	0
#SusPed	275.667969	65	0
#SusPed	275.959635	0	0
#SusPed	275.972656	74	0
#SusPed	276.688802	0	0
#SusPed	276.696615	70	0
#SusPed	276.769531	0	0
#SusPed	276.782552	78	0
#SusPed	277.348958	0	0
#SusPed	277.356771	82	0
#SusPed	277.589844	0	0
#SusPed	277.604167	70	0
#SusPed	278.859375	0	0
#SusPed	278.867188	69	0
#SofPed	279.688802	0	0
#SofPed	280.210938	90	0
#SofPed	280.279948	0	0
#SofPed	280.290365	91	0
#SofPed	280.628906	0	0
#SofPed	280.634115	100	0
#SofPed	280.809896	0	0
#SofPed	280.821615	104	0
#SofPed	281.399740	0	0
#SofPed	281.412760	87	0
#SofPed	281.438802	0	0
#SofPed	281.446615	86	0
#SofPed	281.669271	0	0
#SofPed	281.682292	90	0
#SofPed	281.718750	0	0
#SofPed	281.727865	90	0
#SofPed	281.809896	0	0
#SofPed	281.815104	90	0
#SofPed	282.098958	0	0
#SofPed	282.106771	95	0
#SofPed	282.139323	0	0
#SofPed	282.151042	95	0
#SusPed	282.649740	0	0
#SusPed	282.654948	75	0
#SusPed	284.119792	0	0
#SusPed	284.131510	76	0
#SusPed	284.479167	0	0
#SusPed	284.492188	62	0
#SusPed	284.699219	0	0
#SusPed	284.707031	77	0
#SofPed	285.269531	0	0
#SofPed	285.283854	56	0
#SusPed	285.289062	0	0
#SusPed	285.299479	61	0
#SusPed	285.419271	0	0
#SusPed	285.432292	73	0
#SofPed	285.628906	0	0
#SofPed	285.636719	40	0
#SofPed	285.699219	0	0
#SofPed	285.712240	44	0
#SusPed	285.779948	0	0
#SusPed	285.791667	55	0
#SusPed	285.829427	0	0
#SusPed	285.837240	55	0
#SofPed	286.019531	0	0
#SofPed	286.024740	64	0
#SusPed	286.509115	0	0
#SusPed	286.514323	62	0
#SofPed	286.519531	0	0
#SofPed	286.528646	87	0
#SofPed	286.649740	0	0
#SofPed	286.664062	94	0
#SofPed	286.750000	0	0
#SofPed	286.757812	99	0
#SusPed	286.878906	0	0
#SusPed	286.891927	63	0
#SofPed	286.899740	0	0
#SofPed	286.906250	100	0
#SofPed	287.079427	0	0
#SofPed	287.093750	92	0
#SusPed	287.289062	0	0
#SusPed	287.296875	83	0
#SofPed	287.339844	0	0
#SofPed	287.347656	70	0
#SofPed	287.509115	0	0
#SofPed	287.515625	74	0
#SusPed	287.959635	0	0
#SusPed	287.972656	56	0
#SofPed	288.000000	0	0
#SofPed	288.007812	107	0
#SusPed	288.339844	0	0
#SusPed	288.352865	63	0
#SofPed	288.369792	0	0
#SofPed	288.375000	106	0
#SusPed	288.509115	0	0
#SofPed	288.509115	0	0
#SofPed	288.514323	96	0
#SusPed	288.520833	70	0
#SusPed	289.149740	0	0
#SusPed	289.154948	60	0
#SusPed	289.319010	0	0
#SusPed	289.333333	78	0
#SusPed	289.688802	0	0
#SusPed	289.697917	84	0
#SusPed	289.959635	0	0
#SusPed	289.964844	72	0
#SusPed	290.609375	0	0
#SusPed	290.622396	77	0
#SusPed	290.899740	0	0
#SusPed	290.906250	81	0
#SofPed	290.979167	0	0
#SofPed	290.993490	105	0
#SusPed	291.269531	0	0
#SusPed	291.278646	72	0
#SofPed	291.369792	0	0
#SofPed	291.384115	108	0
#SusPed	291.468750	0	0
#SusPed	291.476562	68	0
#SofPed	291.489583	0	0
#SofPed	291.501302	104	0
#SusPed	291.759115	0	0
#SusPed	291.768229	76	0
#SusPed	292.059896	0	0
#SusPed	292.074219	79	0
#SusPed	292.199219	0	0
#SusPed	292.213542	77	0
#SusPed	292.299479	0	0
#SusPed	292.307292	76	0
#SofPed	292.500000	0	0
#SusPed	292.699219	0	0
#SusPed	292.704427	75	0
#SusPed	293.209635	0	0
#SusPed	293.218750	78	0
#SusPed	293.779948	0	0
#SusPed	293.785156	65	0
#SusPed	294.009115	0	0
#SusPed	294.019531	65	0
#SusPed	294.229167	0	0
#SusPed	294.235677	72	0
#SusPed	294.679688	0	0
#SusPed	294.687500	63	0
#SusPed	295.609375	0	0
#SusPed	295.622396	54	0
#SusPed	295.779948	0	0
#SusPed	295.785156	57	0
#SusPed	296.359375	0	0
#SusPed	296.372396	62	0
#SusPed	296.468750	0	0
#SusPed	296.473958	62	0
#SusPed	296.899740	0	0
#SusPed	296.911458	64	0
#SusPed	299.989583	0	0
