//Version: ScorePerfmMatch_v170503
// Score: /Users/toddywang/Documents/VsCodeProjects/xmltoexp/ATEPP-1.2/ATEPP-1.2/Ludwig_van_Beethoven/Piano_Sonata_No._27_in_E_Minor,_Op._90/I._Mit_Lebhaftigkeit_und_durchaus_mit_Empfindung_und_Ausdruck/score_hmm.txt
// Perfm: /Users/toddywang/Documents/VsCodeProjects/xmltoexp/ATEPP-1.2/ATEPP-1.2/Ludwig_van_Beethoven/Piano_Sonata_No._27_in_E_Minor,_Op._90/I._Mit_Lebhaftigkeit_und_durchaus_mit_Empfindung_und_Ausdruck/08533_spr.txt
// fmt3x: /Users/toddywang/Documents/VsCodeProjects/xmltoexp/ATEPP-1.2/ATEPP-1.2/Ludwig_van_Beethoven/Piano_Sonata_No._27_in_E_Minor,_Op._90/I._Mit_Lebhaftigkeit_und_durchaus_mit_Empfindung_und_Ausdruck/score_fmt3x.txt
0	8.545573	8.615885	G3	89	80	0	0	0	P1-0-1	0	0
1	8.548177	8.632812	G4	89	80	0	0	0	P1-0-4	0	-
2	8.552083	8.626302	E4	88	80	0	0	0	P1-0-3	0	-
3	8.555990	8.688802	E2	80	80	0	0	0	P1-0-6	0	-
4	8.557292	8.658854	E3	86	80	0	0	0	P1-0-7	0	-
5	8.559896	8.699219	B3	84	80	0	0	0	P1-0-2	0	-
6	9.065104	9.680990	G4	91	80	0	0	60	P1-1-1	0	-
7	9.066406	9.649740	G3	92	80	0	0	60	P1-1-5	0	-
8	9.074219	9.658854	E4	87	80	0	0	60	P1-1-7	0	-
9	9.075521	9.649740	E3	87	80	0	0	60	P1-1-10	0	-
10	9.075521	9.649740	B3	84	80	0	0	60	P1-1-6	0	-
11	9.075521	9.709635	E2	80	80	0	0	60	P1-1-9	0	-
12	9.622396	9.707031	F#4	87	80	0	0	150	P1-1-2	0	-
13	9.825521	9.924479	E4	86	80	0	0	180	P1-1-4	0	-
14	9.826823	9.923177	G4	78	80	0	0	180	*	3	-
15	9.832031	9.907552	G3	83	80	0	0	180	P1-1-3	0	-
16	9.834635	9.903646	E3	81	80	0	0	180	P1-1-12	0	-
17	9.834635	10.029948	E2	73	80	0	0	180	P1-1-11	0	-
18	10.255208	10.489583	A3	86	80	0	0	240	P1-2-1	0	-
19	10.261719	10.619792	A4	82	80	0	0	240	P1-2-3	0	-
20	10.263021	10.598958	F#4	80	80	0	0	240	P1-2-2	0	-
21	10.265625	10.459635	D3	77	80	0	0	240	P1-2-8	0	-
22	10.266927	10.468750	D2	74	80	0	0	240	P1-2-7	0	-
23	11.131510	11.303385	A4	56	80	0	0	360	P1-2-6	0	-
24	11.154948	11.300781	F#4	42	80	0	0	360	P1-2-5	0	-
25	11.156250	11.305990	D4	38	80	0	0	360	P1-2-10	0	-
26	11.162760	11.329427	A3	38	80	0	0	360	*	3	-
27	11.601562	12.259115	A4	64	80	0	0	420	P1-3-2	0	-
28	11.622396	12.250000	F#4	54	80	0	0	420	P1-3-1	0	-
29	11.623698	12.000000	D4	45	80	0	0	420	P1-3-7	0	-
30	11.623698	12.209635	C4	45	80	0	0	420	P1-3-6	0	-
31	12.190104	12.300781	G4	62	80	0	0	510	P1-3-3	0	-
32	12.203125	12.279948	D4	38	80	0	0	510	P1-3-9	0	-
33	12.210938	12.290365	B3	44	80	0	0	510	P1-3-8	0	-
34	12.416667	12.679688	A4	50	80	0	0	540	P1-3-5	0	-
35	12.429688	12.679688	F#4	48	80	0	0	540	P1-3-4	0	-
36	12.434896	12.598958	A3	45	80	0	0	540	P1-3-10	0	-
37	12.436198	12.619792	C4	38	80	0	0	540	P1-3-11	0	-
38	12.444010	12.628906	D4	35	80	0	0	540	*	3	-
39	12.902344	13.121094	B4	46	80	0	0	600	P1-4-2	0	-
40	12.907552	13.111979	G3	35	80	0	0	600	P1-4-8	0	-
41	12.908854	13.113281	G4	38	80	0	0	600	P1-4-1	0	-
42	12.911458	13.108073	B3	35	80	0	0	600	P1-4-9	0	-
43	12.914062	13.188802	D4	24	80	0	0	600	*	3	-
44	13.686198	13.869792	B4	84	80	0	0	720	P1-4-7	0	-
45	13.692708	13.783854	D4	82	80	0	0	720	P1-4-5	0	-
46	13.695312	13.774740	B3	86	80	0	0	720	P1-4-4	0	-
47	13.695312	13.859375	G4	79	80	0	0	720	P1-4-6	0	-
48	13.696615	13.774740	G3	83	80	0	0	720	P1-4-12	0	-
49	13.696615	13.848958	G2	82	80	0	0	720	P1-4-11	0	-
50	14.204427	14.839844	B4	90	80	0	0	780	P1-5-1	0	-
51	14.209635	14.779948	D4	84	80	0	0	780	P1-5-6	0	-
52	14.212240	14.759115	B3	92	80	0	0	780	P1-5-5	0	-
53	14.213542	14.699219	G3	89	80	0	0	780	P1-5-10	0	-
54	14.214844	14.779948	G2	83	80	0	0	780	P1-5-9	0	-
55	14.214844	14.759115	G4	81	80	0	0	780	P1-5-7	0	-
56	14.805990	14.885417	A4	81	80	0	0	870	P1-5-2	0	-
57	14.990885	15.339844	G4	76	80	0	0	900	P1-5-4	0	-
58	14.990885	15.179688	G2	81	80	0	0	900	P1-5-12	0	-
59	14.993490	15.169271	B3	84	80	0	0	900	P1-5-3	0	-
60	14.993490	15.188802	G1	79	80	0	0	900	P1-5-11	0	-
61	15.472656	16.098958	C#5	92	80	0	0	960	P1-6-3	0	-
62	15.475260	15.949219	C#4	87	80	0	0	960	P1-6-1	0	-
63	15.476562	15.899740	F#2	87	80	0	0	960	P1-6-8	0	-
64	15.483073	16.029948	Bb4	86	80	0	0	960	P1-6-2	0	-
65	15.483073	15.878906	F#1	85	80	0	0	960	P1-6-7	0	-
66	16.412760	16.721354	C#5	57	80	0	0	1080	P1-6-6	0	-
67	16.442708	16.703125	F#4	42	80	0	0	1080	P1-6-10	0	-
68	16.444010	16.710938	Bb4	47	80	0	0	1080	P1-6-5	0	-
69	16.445312	16.839844	C#4	33	80	0	0	1080	*	3	-
70	16.941406	17.628906	C#5	61	80	0	0	1140	P1-7-2	0	-
71	16.967448	17.688802	E4	48	80	0	0	1140	P1-7-6	0	-
72	16.972656	17.669271	Bb4	53	80	0	0	1140	P1-7-1	0	-
73	16.975260	17.589844	F#4	40	80	0	0	1140	P1-7-7	0	-
74	17.589844	17.674479	B4	48	80	0	0	1230	P1-7-3	0	-
75	17.593750	17.653646	D4	37	80	0	0	1230	P1-7-8	0	-
76	17.601562	17.671875	F#4	34	80	0	0	1230	P1-7-9	0	-
77	17.805990	18.339844	C#5	55	80	0	0	1260	P1-7-5	0	-
78	17.815104	18.339844	Bb4	51	80	0	0	1260	P1-7-4	0	-
79	17.824219	18.281250	C#4	40	80	0	0	1260	P1-7-10	0	-
80	17.847656	18.399740	E4	37	80	0	0	1260	P1-7-11	0	-
81	18.324219	18.750000	D5	51	80	0	0	1320	P1-8-2	0	-
82	18.347656	18.869792	B3	28	80	0	0	1320	P1-8-5	0	-
83	18.347656	19.029948	D4	26	80	0	0	1320	P1-8-6	0	-
84	18.352865	19.239583	B4	35	80	0	0	1320	P1-8-1	0	-
85	19.292969	20.769531	D5	64	80	0	0	1440	P1-8-4	0	-
86	19.746094	22.188802	G4	39	80	0	0	1500	P1-9-7	0	-
87	19.752604	20.959635	D4	40	80	0	0	1500	P1-9-4	0	-
88	19.752604	20.889323	B3	40	80	0	0	1500	P1-9-6	0	-
89	20.204427	21.579427	G5	72	80	0	0	1560	P1-9-2	0	-
90	20.661458	21.174479	E5	70	80	0	0	1620	P1-9-3	0	-
91	20.704427	21.929688	E4	35	80	0	0	1620	P1-9-5	0	-
92	21.095052	21.592448	D5	63	80	0	0	1680	P1-10-1	0	-
93	21.097656	21.848958	A3	40	80	0	0	1680	P1-10-6	0	-
94	21.544271	21.829427	C5	60	80	0	0	1740	P1-10-2	0	-
95	21.960938	23.049479	C5	61	80	0	0	1800	P1-10-3	0	-
96	21.966146	22.485677	D#4	58	80	0	0	1800	P1-10-8	0	-
97	21.973958	22.949219	F#4	52	80	0	0	1800	P1-10-5	0	-
98	22.427083	23.489583	D4	56	80	0	0	1860	P1-11-6	0	-
99	22.882812	23.419271	A5	68	80	0	0	1920	P1-11-2	0	-
100	23.335938	24.339844	C5	66	80	0	0	1980	P1-11-3	0	-
101	23.345052	23.968750	F#4	50	80	0	0	1980	P1-11-7	0	-
102	23.812500	24.959635	G4	44	80	0	0	2040	P1-12-4	0	-
103	24.263021	24.459635	B4	53	80	0	0	2100	P1-12-2	0	-
104	24.723958	26.878906	B4	53	80	0	0	2160	P1-12-3	0	-
105	24.736979	25.171875	G3	36	80	0	0	2160	P1-12-5	0	-
106	25.204427	26.117188	E3	36	80	0	0	2220	P1-13-4	0	-
107	25.635417	25.839844	G4	40	80	0	0	2280	P1-13-2	0	-
108	26.134115	27.908854	G4	41	80	0	0	2340	P1-13-3	0	-
109	26.143229	26.848958	E4	39	80	0	0	2340	P1-13-5	0	-
110	26.684896	27.438802	C4	32	80	0	0	2400	P1-14-4	0	-
111	27.174479	27.500000	E4	38	80	0	0	2460	P1-14-2	0	-
112	27.768229	30.389323	E4	35	80	0	0	2520	P1-14-3	0	-
113	27.804688	29.309896	C3	25	80	0	0	2520	P1-14-8	0	-
114	27.805990	28.039062	G3	19	80	0	0	2520	*	3	-
115	28.415365	30.000000	C2	27	80	0	0	2580	P1-15-4	0	-
116	29.029948	29.848958	G3	28	80	0	0	2640	P1-15-2	0	-
117	29.701823	30.658854	E3	30	80	0	0	2700	P1-15-3	0	-
118	30.977865	33.199219	B3	24	80	0	0	2760	P1-16-2	0	-
119	31.014323	33.799479	D#3	25	80	0	0	2760	P1-16-1	0	-
120	31.015625	33.679688	B2	24	80	0	0	2760	P1-16-6	0	-
121	31.022135	33.789062	B1	27	80	0	0	2760	P1-16-5	0	-
122	35.144531	36.569010	E6	61	80	0	0	2880	P1-16-4	0	-
123	35.153646	36.209635	E5	54	80	0	0	2880	P1-16-3	0	-
124	35.794271	36.899740	E3	39	80	0	0	2940	P1-17-9	0	-
125	35.794271	36.878906	G2	33	80	0	0	2940	P1-17-7	0	-
126	35.795573	36.718750	B3	33	80	0	0	2940	P1-17-8	0	-
127	36.494792	36.779948	D#6	72	80	0	0	3030	P1-17-4	0	-
128	36.523438	36.625000	D#5	54	80	0	0	3030	P1-17-3	0	-
129	36.744792	36.979167	E6	80	80	0	0	3060	P1-17-6	0	-
130	36.752604	36.929688	E5	66	80	0	0	3060	P1-17-5	0	-
131	37.285156	38.209635	F#4	66	80	0	0	3120	P1-18-3	0	-
132	37.304688	38.399740	A2	52	80	0	0	3120	P1-18-8	0	-
133	37.304688	37.979167	C4	54	80	0	0	3120	P1-18-1	0	-
134	37.307292	38.059896	E4	61	80	0	0	3120	P1-18-2	0	-
135	38.216146	38.669271	F#4	70	80	0	0	3240	P1-18-6	0	-
136	38.239583	38.859375	Bb2	58	80	0	0	3240	P1-18-10	0	-
137	38.239583	38.908854	E4	66	80	0	0	3240	P1-18-5	0	-
138	38.242188	38.639323	C#4	63	80	0	0	3240	P1-18-4	0	-
139	38.858073	40.109375	F#4	69	80	0	0	3300	P1-19-1	0	-
140	38.880208	40.479167	D#4	66	80	0	0	3300	P1-19-6	0	-
141	38.885417	40.859375	A3	58	80	0	0	3300	P1-19-5	0	-
142	38.891927	41.179688	B2	48	80	0	0	3300	P1-19-7	0	-
143	39.734375	40.084635	G4	65	80	0	0	3390	P1-19-2	0	-
144	40.066406	40.307292	A4	62	80	0	0	3420	P1-19-3	0	-
145	40.294271	40.688802	G4	72	80	0	0	3450	P1-19-4	0	-
146	40.589844	41.309896	F#4	58	80	0	0	3480	P1-20-1	0	-
147	40.618490	41.859375	G3	38	80	0	0	3480	P1-20-6	0	-
148	40.631510	40.639323	A2	36	80	0	0	3480	*	3	-
149	40.641927	41.789062	C3	33	80	0	0	3480	P1-20-5	0	-
150	41.162760	41.429688	E4	53	80	0	0	3540	P1-20-2	0	-
151	41.768229	43.000000	E6	75	80	0	0	3600	P1-20-4	0	-
152	41.787760	42.938802	E5	53	80	0	0	3600	P1-20-3	0	-
153	41.825521	43.329427	B2	38	80	0	0	3600	P1-20-7	0	-
154	42.054688	42.438802	A2	37	80	0	0	3630	P1-20-8	0	-
155	42.436198	43.489583	B3	52	80	0	0	3660	P1-21-8	0	-
156	42.444010	43.750000	E3	51	80	0	0	3660	P1-21-7	0	-
157	43.256510	43.539062	D#6	85	80	0	0	3750	P1-21-4	0	-
158	43.282552	43.434896	D#5	68	80	0	0	3750	P1-21-3	0	-
159	43.593750	43.829427	E6	91	80	0	0	3780	P1-21-6	0	-
160	43.604167	43.829427	E5	76	80	0	0	3780	P1-21-5	0	-
161	43.608073	43.908854	G#2	65	80	0	0	3780	P1-21-10	0	-
162	44.345052	45.419271	F#4	78	80	0	0	3840	P1-22-3	0	-
163	44.356771	45.329427	E4	75	80	0	0	3840	P1-22-2	0	-
164	44.361979	45.309896	C4	68	80	0	0	3840	P1-22-1	0	-
165	44.365885	45.009115	A3	60	80	0	0	3840	*	3	-
166	44.372396	45.479167	A2	54	80	0	0	3840	P1-22-7	0	-
167	44.375000	44.389323	G#2	53	80	0	0	3840	*	3	-
168	46.023438	46.639323	F#4	36	80	0	0	3960	P1-22-6	0	-
169	46.053385	46.438802	C#4	34	80	0	0	3960	P1-22-4	0	-
170	46.054688	46.468750	E4	33	80	0	0	3960	P1-22-5	0	-
171	46.062500	46.609375	Bb2	28	80	0	0	3960	P1-22-8	0	-
172	46.065104	46.079427	Bb3	26	80	0	0	3960	*	3	-
173	46.861979	48.559896	F#4	46	80	0	0	4020	P1-23-1	0	-
174	46.884115	49.878906	A3	30	80	0	0	4020	P1-23-5	0	-
175	46.894531	49.549479	D#4	39	80	0	0	4020	P1-23-6	0	-
176	46.914062	50.459635	B2	27	80	0	0	4020	P1-23-8	0	-
177	46.927083	49.399740	B1	26	80	0	0	4020	P1-23-7	0	-
178	48.179688	49.459635	A4	45	80	0	0	4110	P1-23-2	0	-
179	48.746094	49.319010	G4	51	80	0	0	4140	P1-23-3	0	-
180	49.173177	49.938802	F#4	48	80	0	0	4170	P1-23-4	0	-
181	49.829427	51.059896	E4	33	80	0	0	4200	P1-24-2	0	-
182	49.848958	50.569010	E3	25	80	0	0	4200	P1-24-7	0	-
183	49.861979	50.848958	E2	24	80	0	0	4200	P1-24-6	0	-
184	49.864583	50.688802	G3	24	80	0	0	4200	P1-24-1	0	-
185	53.144531	53.509115	B4	22	80	0	0	4320	P1-24-5	0	-
186	53.156250	53.449219	B2	22	80	0	0	4320	P1-24-10	0	-
187	53.161458	53.369792	B3	20	80	0	0	4320	P1-24-4	0	-
188	53.165365	54.079427	B1	22	80	0	0	4320	P1-24-9	0	-
189	53.658854	54.839844	B4	34	80	0	0	4380	P1-25-2	0	-
190	53.669271	54.079427	B2	28	80	0	0	4380	P1-25-6	0	-
191	53.674479	53.929688	B3	28	80	0	0	4380	P1-25-1	0	-
192	54.544271	54.785156	E5	45	80	0	0	4500	P1-25-4	0	-
193	54.572917	54.755208	E3	23	80	0	0	4500	P1-25-8	0	-
194	54.572917	54.756510	E4	25	80	0	0	4500	P1-25-3	0	-
195	54.574219	54.759115	E2	22	80	0	0	4500	P1-25-7	0	-
196	55.042969	55.348958	E5	42	80	0	0	4560	P1-26-2	0	-
197	55.072917	55.819010	E3	26	80	0	0	4560	P1-26-6	0	-
198	55.072917	55.319010	E2	23	80	0	0	4560	P1-26-5	0	-
199	55.074219	55.229167	E4	29	80	0	0	4560	P1-26-1	0	-
200	55.914062	56.111979	B5	44	80	0	0	4680	P1-26-4	0	-
201	55.941406	56.104167	B4	31	80	0	0	4680	P1-26-3	0	-
202	55.945312	56.104167	B3	28	80	0	0	4680	P1-26-8	0	-
203	55.946615	56.093750	B2	29	80	0	0	4680	P1-26-7	0	-
204	56.403646	56.649740	B5	45	80	0	0	4740	P1-27-2	0	-
205	56.415365	56.649740	B3	32	80	0	0	4740	P1-27-6	0	-
206	56.421875	56.572917	B4	39	80	0	0	4740	P1-27-1	0	-
207	56.425781	56.769531	B2	28	80	0	0	4740	P1-27-5	0	-
208	57.265625	57.589844	E6	51	80	0	0	4860	P1-27-4	0	-
209	57.279948	57.579427	E5	43	80	0	0	4860	P1-27-3	0	-
210	57.285156	57.484375	E3	29	80	0	0	4860	P1-27-7	0	-
211	57.285156	57.579427	E4	31	80	0	0	4860	P1-27-8	0	-
212	57.744792	58.299479	E6	53	80	0	0	4920	P1-28-2	0	-
213	57.773438	58.149740	E5	38	80	0	0	4920	P1-28-1	0	-
214	57.773438	58.179688	E3	31	80	0	0	4920	P1-28-7	0	-
215	57.777344	58.259115	E4	31	80	0	0	4920	P1-28-8	0	-
216	57.786458	58.149740	B3	25	80	0	0	4920	*	3	-
217	58.623698	58.694010	F5	94	80	0	0	5040	P1-28-3	0	-
218	58.625000	58.769531	F6	98	80	0	0	5040	P1-28-6	0	-
219	58.628906	58.701823	B5	90	80	0	0	5040	P1-28-4	0	-
220	58.631510	58.684896	F4	92	80	0	0	5040	P1-28-12	0	-
221	58.634115	58.691406	D4	91	80	0	0	5040	P1-28-11	0	-
222	58.634115	58.729167	D6	92	80	0	0	5040	P1-28-5	0	-
223	58.634115	58.691406	G3	89	80	0	0	5040	P1-28-9	0	-
224	58.639323	58.695312	B3	82	80	0	0	5040	P1-28-10	0	-
225	59.175781	59.959635	F5	101	80	0	0	5100	P1-29-1	0	-
226	59.179688	60.029948	F6	103	80	0	0	5100	P1-29-4	0	-
227	59.180990	60.049479	B5	98	80	0	0	5100	P1-29-2	0	-
228	59.186198	60.269531	D4	90	80	0	0	5100	P1-29-13	0	-
229	59.191406	60.348958	G3	91	80	0	0	5100	P1-29-11	0	-
230	59.191406	60.329427	B3	90	80	0	0	5100	P1-29-12	0	-
231	59.192708	60.199219	F4	94	80	0	0	5100	P1-29-14	0	-
232	59.899740	60.063802	E6	97	80	0	0	5190	P1-29-5	0	-
233	60.013021	60.143229	D6	93	80	0	0	5205	P1-29-6	0	-
234	60.110677	60.214844	C6	85	80	0	0	5220	P1-29-7	0	-
235	60.204427	60.304688	B5	86	80	0	0	5235	P1-29-8	0	-
236	60.303385	60.382812	A5	84	80	0	0	5250	P1-29-9	0	-
237	60.394531	60.475260	G5	86	80	0	0	5265	P1-29-10	0	-
238	60.485677	60.561198	F5	82	80	0	0	5280	P1-30-1	0	-
239	60.570312	60.661458	E5	81	80	0	0	5295	P1-30-2	0	-
240	60.653646	60.723958	D5	87	80	0	0	5310	P1-30-3	0	-
241	60.733073	60.791667	C5	75	80	0	0	5325	P1-30-4	0	-
242	60.815104	60.914062	B4	82	80	0	0	5340	P1-30-5	0	-
243	60.902344	60.992188	A4	77	80	0	0	5350	P1-30-6	0	-
244	60.973958	61.040365	G4	75	80	0	0	5360	P1-30-7	0	-
245	61.044271	61.106771	F4	75	80	0	0	5370	P1-30-8	0	-
246	61.125000	61.212240	E4	81	80	0	0	5380	P1-30-9	0	-
247	61.195312	61.274740	D4	78	80	0	0	5390	P1-30-10	0	-
248	61.270833	61.354167	C4	78	80	0	0	5400	P1-30-11	0	-
249	61.343750	61.425781	B3	78	80	0	0	5412	P1-30-12	0	-
250	61.414062	61.485677	A3	80	80	0	0	5424	P1-30-13	0	-
251	61.494792	61.576823	G3	80	80	0	0	5436	P1-30-14	0	-
252	61.571615	61.644531	F#3	83	80	0	0	5448	P1-30-15	0	-
253	61.654948	62.079427	G3	79	80	0	0	5460	P1-31-1	0	-
254	62.414062	62.576823	F4	80	80	0	0	5580	P1-31-5	0	-
255	62.417969	62.559896	G3	82	80	0	0	5580	P1-31-3	0	-
256	62.420573	62.571615	D4	77	80	0	0	5580	P1-31-4	0	-
257	62.423177	62.559896	B2	88	80	0	0	5580	P1-31-9	0	-
258	62.430990	62.598958	B1	84	80	0	0	5580	P1-31-8	0	-
259	62.868490	63.019531	E4	84	80	0	0	5640	P1-32-3	0	-
260	62.872396	62.934896	G3	88	80	0	0	5640	P1-32-1	0	-
261	62.872396	63.049479	C4	85	80	0	0	5640	P1-32-2	0	-
262	62.873698	62.924479	C3	96	80	0	0	5640	P1-32-10	0	-
263	62.875000	62.979167	C2	84	80	0	0	5640	P1-32-9	0	-
264	63.643229	63.707031	D4	90	80	0	0	5760	P1-32-15	0	-
265	63.644531	63.703125	D5	96	80	0	0	5760	P1-32-5	0	-
266	63.644531	63.759115	D6	96	80	0	0	5760	P1-32-8	0	-
267	63.644531	63.707031	B3	90	80	0	0	5760	P1-32-14	0	-
268	63.647135	63.718750	G#3	86	80	0	0	5760	P1-32-13	0	-
269	63.647135	63.708333	G#5	91	80	0	0	5760	P1-32-6	0	-
270	63.648438	63.713542	B5	90	80	0	0	5760	P1-32-7	0	-
271	63.649740	63.709635	E3	85	80	0	0	5760	P1-32-12	0	-
272	64.144531	65.339844	D4	96	80	0	0	5820	P1-33-14	0	-
273	64.145833	64.759115	D6	101	80	0	0	5820	P1-33-4	0	-
274	64.145833	65.348958	B3	96	80	0	0	5820	P1-33-13	0	-
275	64.147135	64.869792	D5	102	80	0	0	5820	P1-33-1	0	-
276	64.148438	64.519531	B5	96	80	0	0	5820	P1-33-3	0	-
277	64.153646	65.519531	E3	90	80	0	0	5820	P1-33-11	0	-
278	64.153646	65.339844	G#3	92	80	0	0	5820	P1-33-12	0	-
279	64.805990	64.934896	C6	96	80	0	0	5910	P1-33-5	0	-
280	64.919271	65.006510	B5	91	80	0	0	5925	P1-33-6	0	-
281	65.009115	65.121094	A5	82	80	0	0	5940	P1-33-7	0	-
282	65.110677	65.216146	G#5	87	80	0	0	5955	P1-33-8	0	-
283	65.196615	65.294271	F#5	89	80	0	0	5970	P1-33-9	0	-
284	65.286458	65.373698	E5	85	80	0	0	5985	P1-33-10	0	-
285	65.375000	65.445312	D5	81	80	0	0	6000	P1-34-1	0	-
286	65.471354	65.555990	C5	76	80	0	0	6015	P1-34-2	0	-
287	65.546875	65.626302	B4	80	80	0	0	6030	P1-34-3	0	-
288	65.635417	65.703125	A4	77	80	0	0	6045	P1-34-4	0	-
289	65.723958	65.848958	G#4	81	80	0	0	6060	P1-34-5	0	-
290	65.807292	65.925781	F#4	79	80	0	0	6070	P1-34-6	0	-
291	65.890625	65.973958	E4	78	80	0	0	6080	P1-34-7	0	-
292	65.977865	66.026042	D4	75	80	0	0	6090	P1-34-8	0	-
293	66.061198	66.161458	C4	78	80	0	0	6100	P1-34-9	0	-
294	66.141927	66.205729	B3	79	80	0	0	6110	P1-34-10	0	-
295	66.212240	66.282552	A3	75	80	0	0	6120	P1-34-11	0	-
296	66.282552	66.386719	G#3	75	80	0	0	6132	P1-34-12	0	-
297	66.363281	66.432292	F#3	78	80	0	0	6144	P1-34-13	0	-
298	66.445312	66.523438	E3	73	80	0	0	6156	P1-34-14	0	-
299	66.523438	66.613281	D#3	82	80	0	0	6168	P1-34-15	0	-
300	66.606771	66.979167	E3	90	80	0	0	6180	P1-35-1	0	-
301	67.403646	67.503906	D4	73	80	0	0	6300	P1-35-4	0	-
302	67.404948	67.475260	E3	76	80	0	0	6300	P1-35-3	0	-
303	67.408854	67.529948	G#1	72	80	0	0	6300	P1-35-8	0	-
304	67.411458	67.496094	G#2	77	80	0	0	6300	P1-35-9	0	-
305	67.414062	67.503906	B3	70	80	0	0	6300	*	3	-
306	67.856771	68.199219	C4	76	80	0	0	6360	P1-36-3	0	-
307	67.861979	68.119792	A1	79	80	0	0	6360	P1-36-6	0	-
308	67.861979	68.149740	E3	75	80	0	0	6360	P1-36-1	0	-
309	67.863281	68.109375	A2	81	80	0	0	6360	P1-36-7	0	-
310	67.863281	68.098958	A3	74	80	0	0	6360	P1-36-2	0	-
311	68.884115	69.489583	Bb5	52	80	0	0	6480	P1-36-5	0	-
312	68.938802	69.529948	Bb3	37	80	0	0	6480	P1-36-9	0	-
313	69.501302	70.359375	Bb5	64	80	0	0	6540	P1-37-1	0	-
314	69.542969	71.579427	Bb3	36	80	0	0	6540	P1-37-8	0	-
315	69.545573	70.009115	Bb4	35	80	0	0	6540	*	3	-
316	70.213542	70.449219	A5	45	80	0	0	6630	P1-37-2	0	-
317	70.346354	70.468750	G5	50	80	0	0	6645	P1-37-3	0	-
318	70.447917	70.513021	F5	48	80	0	0	6660	P1-37-4	0	-
319	70.548177	70.626302	D#5	51	80	0	0	6675	P1-37-5	0	-
320	70.666667	70.730469	D5	50	80	0	0	6690	P1-37-6	0	-
321	70.774740	70.845052	C5	53	80	0	0	6705	P1-37-7	0	-
322	70.893229	71.149740	Bb4	55	80	0	0	6720	P1-38-1	0	-
323	71.002604	71.074219	A4	53	80	0	0	6735	P1-38-2	0	-
324	71.113281	71.173177	G4	54	80	0	0	6750	P1-38-3	0	-
325	71.216146	71.419271	F4	49	80	0	0	6765	P1-38-4	0	-
326	71.332031	71.436198	D#4	52	80	0	0	6780	P1-38-5	0	-
327	71.453125	71.513021	D4	45	80	0	0	6800	P1-38-6	0	-
328	71.572917	71.692708	C4	44	80	0	0	6820	P1-38-7	0	-
329	71.721354	72.199219	Bb3	44	80	0	0	6840	P1-38-8	0	-
330	72.213542	73.819010	Bb3	48	80	0	0	6900	P1-39-1	0	-
331	72.963542	73.179688	E4	37	80	0	0	7020	P1-39-4	0	-
332	73.404948	73.779948	E4	45	80	0	0	7080	P1-40-3	0	-
333	74.135417	74.408854	G4	50	80	0	0	7200	P1-40-2	0	-
334	74.144531	74.307292	E4	38	80	0	0	7200	P1-40-5	0	-
335	74.182292	74.313802	Bb3	33	80	0	0	7200	P1-40-4	0	-
336	74.574219	75.079427	G4	52	80	0	0	7260	P1-41-1	0	-
337	74.574219	74.949219	E4	48	80	0	0	7260	P1-41-5	0	-
338	74.585938	75.069010	Bb3	48	80	0	0	7260	P1-41-4	0	-
339	75.345052	75.589844	C#5	55	80	0	0	7380	P1-41-3	0	-
340	75.352865	75.488281	E4	44	80	0	0	7380	P1-41-7	0	-
341	75.354167	75.475260	G4	42	80	0	0	7380	P1-41-2	0	-
342	75.363281	75.492188	Bb3	42	80	0	0	7380	P1-41-6	0	-
343	75.778646	76.179688	C#5	61	80	0	0	7440	P1-42-2	0	-
344	75.783854	76.239583	G4	53	80	0	0	7440	P1-42-1	0	-
345	75.786458	76.239583	E4	44	80	0	0	7440	P1-42-7	0	-
346	75.787760	76.259115	Bb3	50	80	0	0	7440	P1-42-6	0	-
347	76.533854	77.019531	G5	67	80	0	0	7560	P1-42-5	0	-
348	76.542969	76.859375	C#5	60	80	0	0	7560	P1-42-3	0	-
349	76.545573	76.889323	G4	61	80	0	0	7560	P1-42-11	0	-
350	76.548177	76.859375	E4	56	80	0	0	7560	P1-42-10	0	-
351	76.554688	76.889323	Bb3	54	80	0	0	7560	P1-42-8	0	-
352	76.565104	76.859375	C#4	44	80	0	0	7560	P1-42-9	0	-
353	77.026042	78.098958	G5	82	80	0	0	7620	P1-43-1	0	-
354	77.036458	78.789062	C#5	74	80	0	0	7620	P1-43-3	0	-
355	77.037760	78.169271	G4	78	80	0	0	7620	P1-43-8	0	-
356	77.042969	78.289062	E4	66	80	0	0	7620	P1-43-12	0	-
357	77.044271	78.829427	Bb3	65	80	0	0	7620	P1-43-10	0	-
358	77.046875	78.779948	C#4	63	80	0	0	7620	P1-43-11	0	-
359	77.825521	78.438802	F#5	92	80	0	0	7740	P1-43-7	0	-
360	77.830729	78.329427	F#4	87	80	0	0	7740	P1-43-9	0	-
361	78.296875	79.169271	F5	93	80	0	0	7800	P1-44-4	0	-
362	78.298177	78.908854	F4	94	80	0	0	7800	P1-44-8	0	-
363	79.080729	79.408854	F#5	94	80	0	0	7920	P1-44-7	0	-
364	79.084635	79.339844	F#4	94	80	0	0	7920	P1-44-12	0	-
365	79.087240	79.209635	E5	92	80	0	0	7920	P1-44-6	0	-
366	79.088542	79.419271	C#5	88	80	0	0	7920	P1-44-5	0	-
367	79.092448	79.389323	E4	89	80	0	0	7920	P1-44-11	0	-
368	79.093750	79.339844	C#4	86	80	0	0	7920	P1-44-10	0	-
369	79.096354	79.339844	Bb3	78	80	0	0	7920	P1-44-9	0	-
370	79.532552	80.419271	F#5	99	80	0	0	7980	P1-45-3	0	-
371	79.533854	80.059896	D5	92	80	0	0	7980	P1-45-2	0	-
372	79.542969	80.359375	B4	89	80	0	0	7980	P1-45-1	0	-
373	79.544271	79.615885	F#4	86	80	0	0	7980	P1-45-6	0	-
374	79.545573	79.618490	D4	80	80	0	0	7980	P1-45-5	0	-
375	79.545573	79.617188	B3	79	80	0	0	7980	P1-45-4	0	-
376	79.750000	79.798177	F#4	71	80	0	0	8010	P1-45-9	0	-
377	79.757812	79.804688	D4	57	80	0	0	8010	P1-45-8	0	-
378	79.763021	79.813802	B3	60	80	0	0	8010	P1-45-7	0	-
379	79.946615	79.996094	F#4	65	80	0	0	8040	P1-45-12	0	-
380	79.946615	80.002604	D4	57	80	0	0	8040	P1-45-11	0	-
381	79.950521	80.003906	B3	65	80	0	0	8040	P1-45-10	0	-
382	80.145833	80.188802	F#4	65	80	0	0	8070	P1-45-15	0	-
383	80.147135	80.194010	D4	59	80	0	0	8070	P1-45-14	0	-
384	80.151042	80.229167	B3	61	80	0	0	8070	P1-45-13	0	-
385	80.328125	80.382812	F#4	62	80	0	0	8100	P1-45-18	0	-
386	80.330729	80.384115	D4	58	80	0	0	8100	P1-45-17	0	-
387	80.333333	80.381510	B3	65	80	0	0	8100	P1-45-16	0	-
388	80.510417	80.554688	F#4	69	80	0	0	8130	P1-45-21	0	-
389	80.511719	80.555990	D4	61	80	0	0	8130	P1-45-20	0	-
390	80.514323	80.554688	B3	60	80	0	0	8130	P1-45-19	0	-
391	80.690104	81.419271	B5	96	80	0	0	8160	P1-46-3	0	-
392	80.692708	81.438802	F#5	89	80	0	0	8160	P1-46-2	0	-
393	80.694010	81.419271	B4	99	80	0	0	8160	P1-46-1	0	-
394	80.697917	80.755208	B3	95	80	0	0	8160	P1-46-6	0	-
395	80.705729	80.765625	D3	83	80	0	0	8160	P1-46-4	0	-
396	80.708333	80.763021	F#3	80	80	0	0	8160	P1-46-5	0	-
397	80.936198	80.994792	B3	65	80	0	0	8190	P1-46-9	0	-
398	80.938802	81.002604	D3	62	80	0	0	8190	P1-46-7	0	-
399	80.941406	81.002604	F#3	67	80	0	0	8190	P1-46-8	0	-
400	81.119792	81.191406	B3	70	80	0	0	8220	P1-46-12	0	-
401	81.122396	81.194010	F#3	65	80	0	0	8220	P1-46-11	0	-
402	81.123698	81.201823	D3	68	80	0	0	8220	P1-46-10	0	-
403	81.302083	81.364583	D3	74	80	0	0	8250	P1-46-13	0	-
404	81.302083	81.361979	B3	73	80	0	0	8250	P1-46-15	0	-
405	81.304688	81.363281	F#3	70	80	0	0	8250	P1-46-14	0	-
406	81.490885	81.541667	B3	67	80	0	0	8280	P1-46-18	0	-
407	81.492188	81.546875	D3	69	80	0	0	8280	P1-46-16	0	-
408	81.493490	81.542969	F#3	60	80	0	0	8280	P1-46-17	0	-
409	81.678385	81.722656	B3	72	80	0	0	8310	P1-46-21	0	-
410	81.680990	81.725260	D3	70	80	0	0	8310	P1-46-19	0	-
411	81.682292	81.739583	F#3	63	80	0	0	8310	P1-46-20	0	-
412	81.881510	81.951823	A3	88	80	0	0	8340	P1-47-8	0	-
413	81.882812	81.951823	B4	86	80	0	0	8340	P1-47-2	0	-
414	81.884115	82.059896	F#4	83	80	0	0	8340	P1-47-1	0	-
415	81.886719	81.951823	D#3	91	80	0	0	8340	P1-47-6	0	-
416	82.084635	82.132812	A3	76	80	0	0	8370	P1-47-11	0	-
417	82.087240	82.098958	G3	75	80	0	0	8370	*	3	-
418	82.087240	82.141927	D#3	76	80	0	0	8370	P1-47-9	0	-
419	82.092448	82.141927	F#3	71	80	0	0	8370	P1-47-10	0	-
420	82.278646	82.559896	C5	92	80	0	0	8400	P1-47-4	0	-
421	82.282552	82.889323	C4	92	80	0	0	8400	P1-47-3	0	-
422	82.292969	82.299479	G4	78	80	0	0	8400	*	3	-
423	82.292969	82.365885	G3	83	80	0	0	8400	P1-47-13	0	-
424	82.295573	82.360677	E3	81	80	0	0	8400	P1-47-12	0	-
425	82.496094	82.553385	G3	73	80	0	0	8430	P1-47-15	0	-
426	82.496094	82.553385	E3	75	80	0	0	8430	P1-47-14	0	-
427	82.678385	82.726562	G3	83	80	0	0	8460	P1-47-17	0	-
428	82.679688	82.729167	E3	73	80	0	0	8460	P1-47-16	0	-
429	82.864583	82.907552	E3	73	80	0	0	8490	P1-47-18	0	-
430	82.864583	82.910156	G3	69	80	0	0	8490	P1-47-19	0	-
431	83.044271	83.169271	C5	96	80	0	0	8520	P1-48-2	0	-
432	83.045573	83.115885	G4	89	80	0	0	8520	P1-48-1	0	-
433	83.053385	83.114583	E3	90	80	0	0	8520	P1-48-6	0	-
434	83.053385	83.119792	B3	86	80	0	0	8520	P1-48-8	0	-
435	83.053385	83.114583	G3	89	80	0	0	8520	P1-48-7	0	-
436	83.244792	83.295573	E3	73	80	0	0	8550	P1-48-9	0	-
437	83.247396	83.300781	G3	73	80	0	0	8550	P1-48-10	0	-
438	83.250000	83.303385	B3	72	80	0	0	8550	P1-48-11	0	-
439	83.444010	83.709635	D#5	94	80	0	0	8580	P1-48-4	0	-
440	83.446615	83.881510	D#4	98	80	0	0	8580	P1-48-3	0	-
441	83.454427	83.545573	A3	84	80	0	0	8580	P1-48-13	0	-
442	83.455729	83.539062	F#3	87	80	0	0	8580	P1-48-12	0	-
443	83.671875	83.727865	F#3	76	80	0	0	8610	P1-48-14	0	-
444	83.671875	83.729167	A3	73	80	0	0	8610	P1-48-15	0	-
445	83.834635	83.895833	A3	77	80	0	0	8640	P1-48-17	0	-
446	83.835938	83.885417	F#3	69	80	0	0	8640	P1-48-16	0	-
447	84.019531	84.072917	A3	71	80	0	0	8670	P1-48-19	0	-
448	84.023438	84.074219	F#3	69	80	0	0	8670	P1-48-18	0	-
449	84.194010	84.449219	D#5	94	80	0	0	8700	P1-49-2	0	-
450	84.200521	84.264323	A3	84	80	0	0	8700	P1-49-7	0	-
451	84.201823	84.454427	A4	85	80	0	0	8700	P1-49-1	0	-
452	84.205729	84.309896	C4	76	80	0	0	8700	P1-49-8	0	-
453	84.207031	84.265625	F#3	77	80	0	0	8700	P1-49-6	0	-
454	84.398438	84.453125	F#3	67	80	0	0	8730	P1-49-9	0	-
455	84.399740	84.451823	A3	73	80	0	0	8730	P1-49-10	0	-
456	84.402344	84.449219	C4	65	80	0	0	8730	P1-49-11	0	-
457	84.602865	84.809896	E4	97	80	0	0	8760	P1-49-3	0	-
458	84.605469	85.239583	E5	90	80	0	0	8760	P1-49-4	0	-
459	84.606771	84.675781	B3	85	80	0	0	8760	P1-49-13	0	-
460	84.611979	84.678385	G3	79	80	0	0	8760	P1-49-12	0	-
461	84.805990	84.864583	B3	74	80	0	0	8790	P1-49-15	0	-
462	84.809896	84.865885	G3	70	80	0	0	8790	P1-49-14	0	-
463	84.983073	85.022135	B3	78	80	0	0	8820	P1-49-17	0	-
464	84.984375	85.024740	G3	76	80	0	0	8820	P1-49-16	0	-
465	85.161458	85.210938	B3	71	80	0	0	8850	P1-49-19	0	-
466	85.161458	85.213542	G3	72	80	0	0	8850	P1-49-18	0	-
467	85.346354	86.279948	B4	92	80	0	0	8880	P1-50-1	0	-
468	85.346354	85.759115	E5	89	80	0	0	8880	P1-50-2	0	-
469	85.352865	85.419271	G#3	85	80	0	0	8880	P1-50-6	0	-
470	85.354167	85.419271	B3	92	80	0	0	8880	P1-50-7	0	-
471	85.549479	85.608073	G#3	71	80	0	0	8910	P1-50-8	0	-
472	85.550781	85.614583	D4	76	80	0	0	8910	P1-50-10	0	-
473	85.552083	85.604167	B3	75	80	0	0	8910	P1-50-9	0	-
474	85.742188	86.699219	F5	97	80	0	0	8940	P1-50-4	0	-
475	85.744792	86.019531	F4	95	80	0	0	8940	P1-50-3	0	-
476	85.746094	85.809896	C#4	85	80	0	0	8940	P1-50-13	0	-
477	85.746094	85.809896	B3	86	80	0	0	8940	P1-50-12	0	-
478	85.752604	85.824219	G#3	86	80	0	0	8940	P1-50-11	0	-
479	85.942708	86.003906	C#4	87	80	0	0	8970	P1-50-16	0	-
480	85.944010	85.998698	B3	87	80	0	0	8970	P1-50-15	0	-
481	85.945312	86.003906	G#3	76	80	0	0	8970	P1-50-14	0	-
482	86.135417	86.187500	C#4	65	80	0	0	9000	P1-50-19	0	-
483	86.138021	86.191406	B3	72	80	0	0	9000	P1-50-18	0	-
484	86.140625	86.192708	G#3	70	80	0	0	9000	P1-50-17	0	-
485	86.321615	86.718750	F4	55	80	0	0	9030	*	3	-
486	86.321615	86.529948	C#4	57	80	0	0	9030	P1-50-22	0	-
487	86.322917	86.419271	G#3	55	80	0	0	9030	P1-50-20	0	-
488	86.324219	86.619792	B3	59	80	0	0	9030	P1-50-21	0	-
489	86.600260	86.829427	E5	52	80	0	0	9060	P1-51-3	0	-
490	86.625000	86.686198	C#4	37	80	0	0	9060	P1-51-19	0	-
491	86.626302	87.000000	G#3	46	80	0	0	9060	*	3	-
492	86.628906	86.859375	B3	44	80	0	0	9060	*	3	-
493	86.890625	86.958333	C#4	41	80	0	0	9090	P1-51-20	0	-
494	86.893229	87.098958	F5	53	80	0	0	9090	P1-51-6	0	-
495	86.919271	87.019531	B4	33	80	0	0	9090	P1-51-5	0	-
496	86.923177	86.964844	G#4	34	80	0	0	9090	P1-51-4	0	-
497	86.927083	86.971354	B3	29	80	0	0	9090	*	3	-
498	87.113281	87.158854	F5	48	80	0	0	9120	P1-51-9	0	-
499	87.119792	87.164062	C#4	45	80	0	0	9120	P1-51-21	0	-
500	87.122396	87.162760	G#4	51	80	0	0	9120	P1-51-7	0	-
501	87.123698	87.164062	B4	47	80	0	0	9120	P1-51-8	0	-
502	87.295573	87.367188	F5	62	80	0	0	9150	P1-51-12	0	-
503	87.302083	87.361979	B4	57	80	0	0	9150	P1-51-11	0	-
504	87.303385	87.363281	G#4	48	80	0	0	9150	P1-51-10	0	-
505	87.304688	87.361979	C#4	43	80	0	0	9150	P1-51-22	0	-
506	87.505208	87.563802	F5	60	80	0	0	9180	P1-51-15	0	-
507	87.509115	87.558594	C#4	41	80	0	0	9180	P1-51-23	0	-
508	87.513021	87.563802	B4	53	80	0	0	9180	P1-51-14	0	-
509	87.513021	87.562500	G#4	59	80	0	0	9180	P1-51-13	0	-
510	87.688802	87.763021	F5	71	80	0	0	9210	P1-51-18	0	-
511	87.696615	87.753906	B4	60	80	0	0	9210	P1-51-17	0	-
512	87.697917	87.753906	G#4	60	80	0	0	9210	P1-51-16	0	-
513	87.703125	87.755208	C#4	51	80	0	0	9210	P1-51-24	0	-
514	87.886719	87.945312	B4	65	80	0	0	9240	P1-52-2	0	-
515	87.890625	87.951823	F5	68	80	0	0	9240	P1-52-3	0	-
516	87.891927	87.945312	G#4	69	80	0	0	9240	P1-52-1	0	-
517	87.893229	87.944010	C#4	47	80	0	0	9240	P1-52-19	0	-
518	88.063802	88.134115	F5	78	80	0	0	9270	P1-52-6	0	-
519	88.063802	88.130208	B4	66	80	0	0	9270	P1-52-5	0	-
520	88.067708	88.130208	G#4	70	80	0	0	9270	P1-52-4	0	-
521	88.072917	88.132812	C#4	61	80	0	0	9270	P1-52-20	0	-
522	88.256510	88.324219	F5	82	80	0	0	9300	P1-52-9	0	-
523	88.260417	88.322917	G#4	83	80	0	0	9300	P1-52-7	0	-
524	88.261719	88.322917	B4	70	80	0	0	9300	P1-52-8	0	-
525	88.264323	88.324219	C#4	67	80	0	0	9300	P1-52-21	0	-
526	88.450521	88.507812	B4	70	80	0	0	9330	P1-52-11	0	-
527	88.451823	88.513021	F5	79	80	0	0	9330	P1-52-12	0	-
528	88.453125	88.506510	G#4	76	80	0	0	9330	P1-52-10	0	-
529	88.453125	88.513021	C#4	69	80	0	0	9330	P1-52-22	0	-
530	88.640625	88.699219	F5	78	80	0	0	9360	P1-52-15	0	-
531	88.640625	88.703125	B4	69	80	0	0	9360	P1-52-14	0	-
532	88.643229	88.700521	G#4	75	80	0	0	9360	P1-52-13	0	-
533	88.644531	88.729167	B3	66	80	0	0	9360	*	3	-
534	88.648438	88.704427	C#4	70	80	0	0	9360	P1-52-23	0	-
535	88.820312	88.899740	F5	78	80	0	0	9390	P1-52-18	0	-
536	88.822917	88.829427	B4	70	80	0	0	9390	P1-52-17	0	-
537	88.822917	88.878906	C#4	79	80	0	0	9390	P1-52-24	0	-
538	89.072917	89.252604	F#6	105	80	0	0	9420	P1-53-5	0	-
539	89.074219	89.233073	E4	90	80	0	0	9420	P1-53-34	0	-
540	89.074219	89.242188	F#5	98	80	0	0	9420	P1-53-1	0	-
541	89.083333	89.229167	Bb5	94	80	0	0	9420	P1-53-2	0	-
542	89.083333	89.234375	F#3	86	80	0	0	9420	P1-53-31	0	-
543	89.083333	89.242188	C#4	80	80	0	0	9420	P1-53-33	0	-
544	89.089844	89.240885	Bb3	78	80	0	0	9420	P1-53-32	0	-
545	89.341146	89.453125	G6	102	80	0	0	9450	P1-53-10	0	-
546	89.345052	89.445312	G5	99	80	0	0	9450	P1-53-6	0	-
547	89.354167	89.359375	Bb5	88	80	0	0	9450	P1-53-7	0	-
548	89.361979	89.445312	E4	81	80	0	0	9450	P1-53-38	0	-
549	89.364583	89.447917	C#4	73	80	0	0	9450	P1-53-37	0	-
550	89.373698	89.444010	Bb3	68	80	0	0	9450	P1-53-36	0	-
551	89.377604	89.438802	F#3	62	80	0	0	9450	P1-53-35	0	-
552	89.562500	89.662760	G6	94	80	0	0	9480	P1-53-15	0	-
553	89.563802	89.653646	G5	91	80	0	0	9480	P1-53-11	0	-
554	89.563802	89.664062	Bb5	90	80	0	0	9480	P1-53-12	0	-
555	89.572917	89.665365	E6	81	80	0	0	9480	P1-53-14	0	-
556	89.575521	89.647135	E4	79	80	0	0	9480	P1-53-42	0	-
557	89.578125	89.651042	C#4	74	80	0	0	9480	P1-53-41	0	-
558	89.580729	89.666667	C#6	83	80	0	0	9480	P1-53-13	0	-
559	89.584635	89.589844	F#3	64	80	0	0	9480	P1-53-39	0	-
560	89.584635	89.651042	Bb3	64	80	0	0	9480	P1-53-40	0	-
561	89.764323	89.864583	G6	96	80	0	0	9510	P1-53-20	0	-
562	89.765625	89.856771	G5	95	80	0	0	9510	P1-53-16	0	-
563	89.765625	89.863281	Bb5	89	80	0	0	9510	P1-53-17	0	-
564	89.776042	89.878906	E6	77	80	0	0	9510	P1-53-19	0	-
565	89.782552	89.850260	E4	83	80	0	0	9510	P1-53-46	0	-
566	89.785156	89.851562	C#4	77	80	0	0	9510	P1-53-45	0	-
567	89.791667	89.799479	F#3	62	80	0	0	9510	P1-53-43	0	-
568	89.791667	89.852865	Bb3	68	80	0	0	9510	P1-53-44	0	-
569	89.964844	90.055990	G6	91	80	0	0	9540	P1-53-25	0	-
570	89.968750	90.052083	Bb5	84	80	0	0	9540	P1-53-22	0	-
571	89.971354	90.048177	G5	83	80	0	0	9540	P1-53-21	0	-
572	89.976562	90.058594	E6	77	80	0	0	9540	P1-53-24	0	-
573	89.985677	90.045573	E4	73	80	0	0	9540	P1-53-50	0	-
574	89.992188	90.048177	C#4	62	80	0	0	9540	P1-53-49	0	-
575	89.994792	90.009115	G3	53	80	0	0	9540	P1-53-47	1	-
576	89.997396	90.049479	Bb3	53	80	0	0	9540	P1-53-48	0	-
577	90.173177	90.273438	G6	95	80	0	0	9570	P1-53-30	0	-
578	90.177083	90.274740	Bb5	84	80	0	0	9570	P1-53-27	0	-
579	90.177083	90.259115	G5	86	80	0	0	9570	P1-53-26	0	-
580	90.177083	90.274740	E6	83	80	0	0	9570	P1-53-29	0	-
581	90.187500	90.246094	E4	71	80	0	0	9570	P1-53-54	0	-
582	90.194010	90.283854	C#6	73	80	0	0	9570	P1-53-28	0	-
583	90.200521	90.253906	C#4	61	80	0	0	9570	P1-53-53	0	-
584	90.201823	90.255208	Bb3	60	80	0	0	9570	P1-53-52	0	-
585	90.205729	90.218750	F#3	56	80	0	0	9570	P1-53-51	0	-
586	90.393229	90.484375	G6	89	80	0	0	9600	P1-54-5	0	-
587	90.393229	90.484375	Bb5	80	80	0	0	9600	P1-54-2	0	-
588	90.394531	90.473958	G5	92	80	0	0	9600	P1-54-1	0	-
589	90.402344	90.485677	E6	74	80	0	0	9600	P1-54-4	0	-
590	90.406250	90.467448	E4	68	80	0	0	9600	P1-54-34	0	-
591	90.411458	90.486979	C#6	75	80	0	0	9600	P1-54-3	0	-
592	90.414062	90.473958	C#4	61	80	0	0	9600	P1-54-33	0	-
593	90.416667	90.475260	Bb3	57	80	0	0	9600	P1-54-32	0	-
594	90.421875	90.429688	F#3	55	80	0	0	9600	P1-54-31	0	-
595	90.606771	90.705729	G6	84	80	0	0	9630	P1-54-10	0	-
596	90.611979	90.704427	Bb5	79	80	0	0	9630	P1-54-7	0	-
597	90.613281	90.695312	G5	79	80	0	0	9630	P1-54-6	0	-
598	90.615885	90.704427	E6	73	80	0	0	9630	P1-54-9	0	-
599	90.636719	90.692708	E4	58	80	0	0	9630	P1-54-38	0	-
600	90.636719	90.712240	C#6	56	80	0	0	9630	P1-54-8	0	-
601	90.645833	90.701823	Bb3	49	80	0	0	9630	P1-54-36	0	-
602	90.651042	90.696615	C#4	47	80	0	0	9630	P1-54-37	0	-
603	90.830729	90.937500	G6	81	80	0	0	9660	P1-54-15	0	-
604	90.830729	90.927083	G5	80	80	0	0	9660	P1-54-11	0	-
605	90.841146	90.936198	Bb5	77	80	0	0	9660	P1-54-12	0	-
606	90.843750	90.911458	E4	65	80	0	0	9660	P1-54-42	0	-
607	90.843750	90.934896	E6	68	80	0	0	9660	P1-54-14	0	-
608	90.855469	90.942708	C#6	63	80	0	0	9660	P1-54-13	0	-
609	90.858073	91.000000	C#4	56	80	0	0	9660	P1-54-41	0	-
610	90.859375	90.869792	F#3	52	80	0	0	9660	P1-54-39	0	-
611	90.865885	90.921875	Bb3	47	80	0	0	9660	P1-54-40	0	-
612	91.063802	91.180990	G6	88	80	0	0	9690	P1-54-20	0	-
613	91.066406	91.184896	Bb5	77	80	0	0	9690	P1-54-17	0	-
614	91.067708	91.171875	G5	84	80	0	0	9690	P1-54-16	0	-
615	91.076823	91.180990	E6	74	80	0	0	9690	P1-54-19	0	-
616	91.091146	91.187500	C#6	66	80	0	0	9690	P1-54-18	0	-
617	91.092448	91.156250	E4	58	80	0	0	9690	P1-54-46	0	-
618	91.104167	91.160156	Bb3	47	80	0	0	9690	P1-54-44	0	-
619	91.320312	91.483073	G6	82	80	0	0	9720	P1-54-25	0	-
620	91.320312	91.468750	Bb5	73	80	0	0	9720	P1-54-22	0	-
621	91.322917	91.529948	E6	73	80	0	0	9720	P1-54-24	0	-
622	91.324219	91.462240	G5	78	80	0	0	9720	P1-54-21	0	-
623	91.345052	91.519531	C#6	61	80	0	0	9720	P1-54-23	0	-
624	91.350260	91.500000	E4	50	80	0	0	9720	P1-54-50	0	-
625	91.358073	91.598958	Bb3	49	80	0	0	9720	P1-54-48	0	-
626	91.653646	92.000000	Bb5	79	80	0	0	9750	P1-54-27	0	-
627	91.656250	92.059896	E6	72	80	0	0	9750	P1-54-29	0	-
628	91.661458	92.119792	G6	83	80	0	0	9750	P1-54-30	0	-
629	91.664062	91.819010	E3	50	80	0	0	9750	P1-54-51	1	-
630	91.669271	92.009115	G5	77	80	0	0	9750	P1-54-26	0	-
631	91.684896	92.019531	C#6	64	80	0	0	9750	P1-54-28	0	-
632	92.050781	92.218750	B2	44	80	0	0	9780	P1-55-5	0	-
633	92.203125	92.209635	Bb5	63	80	0	0	9780	*	3	-
634	92.204427	92.789062	G6	85	80	0	0	9780	P1-55-2	0	-
635	92.205729	92.539062	G5	73	80	0	0	9780	P1-55-1	0	-
636	92.373698	92.428385	D4	37	80	0	0	9795	P1-55-6	0	-
637	92.460938	92.619792	F#3	45	80	0	0	9810	P1-55-7	0	-
638	92.544271	92.628906	D4	52	80	0	0	9825	P1-55-8	0	-
639	92.692708	92.755208	C#3	56	80	0	0	9840	P1-55-9	0	-
640	92.713542	93.309896	F#6	81	80	0	0	9840	P1-55-4	0	-
641	92.723958	93.479167	F#5	70	80	0	0	9840	P1-55-3	0	-
642	92.833333	92.884115	E4	53	80	0	0	9855	P1-55-10	0	-
643	92.971354	93.016927	E4	48	80	0	0	9885	P1-55-12	0	-
644	93.075521	93.126302	D3	45	80	0	0	9900	P1-55-13	0	-
645	93.196615	93.369792	F#4	48	80	0	0	9915	P1-55-14	0	-
646	93.277344	93.419271	F#3	51	80	0	0	9930	P1-55-15	0	-
647	93.437500	93.529948	B2	59	80	0	0	9960	P1-56-5	0	-
648	93.442708	93.500000	B3	55	80	0	0	9960	*	3	-
649	93.554688	93.619792	D4	51	80	0	0	9975	P1-56-6	0	-
650	93.631510	93.729167	F#3	46	80	0	0	9990	P1-56-7	0	-
651	93.700521	93.789062	D4	49	80	0	0	10005	P1-56-8	0	-
652	93.779948	94.639323	B5	77	80	0	0	10020	P1-56-4	0	-
653	93.791667	94.899740	B4	70	80	0	0	10020	P1-56-3	0	-
654	93.825521	93.871094	C#3	52	80	0	0	10020	P1-56-9	0	-
655	93.924479	93.989583	E4	47	80	0	0	10035	P1-56-10	0	-
656	93.984375	94.031250	F#3	50	80	0	0	10050	P1-56-11	0	-
657	94.066406	94.104167	E4	49	80	0	0	10065	P1-56-12	0	-
658	94.157552	94.207031	D3	49	80	0	0	10080	P1-56-13	0	-
659	94.173177	94.179688	B3	43	80	0	0	10095	*	3	-
660	94.257812	94.679688	F#4	56	80	0	0	10095	P1-56-14	0	-
661	94.332031	94.390625	F#3	52	80	0	0	10110	P1-56-15	0	-
662	94.502604	94.552083	B2	59	80	0	0	10140	P1-57-5	0	-
663	94.503906	94.598958	B3	55	80	0	0	10140	*	3	-
664	94.625000	94.670573	D4	49	80	0	0	10155	P1-57-6	0	-
665	94.695312	94.779948	F#3	48	80	0	0	10170	P1-57-7	0	-
666	94.766927	94.848958	D4	50	80	0	0	10185	P1-57-8	0	-
667	94.903646	95.649740	F#5	79	80	0	0	10200	P1-57-4	0	-
668	94.908854	94.945312	C#3	52	80	0	0	10200	P1-57-9	0	-
669	94.923177	95.214844	F#4	72	80	0	0	10200	P1-57-3	0	-
670	95.014323	95.054688	E4	58	80	0	0	10215	P1-57-10	0	-
671	95.093750	95.158854	F#3	41	80	0	0	10230	P1-57-11	0	-
672	95.164062	95.201823	E4	52	80	0	0	10245	P1-57-12	0	-
673	95.256510	95.307292	D3	56	80	0	0	10260	P1-57-13	0	-
674	95.368490	95.519531	F#4	57	80	0	0	10275	P1-57-14	0	-
675	95.450521	95.569010	F#3	59	80	0	0	10290	P1-57-15	0	-
676	95.526042	95.688802	F#4	53	80	0	0	10305	P1-57-16	0	-
677	95.634115	95.684896	B2	57	80	0	0	10320	P1-58-6	0	-
678	95.743490	95.819010	D4	50	80	0	0	10335	P1-58-7	0	-
679	95.816406	95.899740	F#3	52	80	0	0	10350	P1-58-8	0	-
680	95.880208	95.936198	D4	60	80	0	0	10365	P1-58-9	0	-
681	95.976562	97.468750	B4	76	80	0	0	10380	P1-58-5	0	-
682	96.003906	96.062500	C#3	56	80	0	0	10380	P1-58-10	0	-
683	96.006510	96.309896	B3	65	80	0	0	10380	P1-58-3	0	-
684	96.111979	96.229167	E4	51	80	0	0	10395	P1-58-11	0	-
685	96.165365	96.225260	F#3	58	80	0	0	10410	P1-58-12	0	-
686	96.242188	96.285156	E4	62	80	0	0	10425	P1-58-13	0	-
687	96.337240	96.559896	D3	54	80	0	0	10440	P1-58-14	0	-
688	96.441406	97.059896	F#4	62	80	0	0	10455	P1-58-15	0	-
689	96.529948	96.709635	F#3	52	80	0	0	10470	P1-58-16	0	-
690	96.713542	96.924479	E3	54	80	0	0	10500	P1-59-7	0	-
691	96.958333	97.128906	B3	46	80	0	0	10530	P1-59-9	0	-
692	97.083333	97.156250	D4	49	80	0	0	10545	P1-59-10	0	-
693	97.199219	97.639323	G4	66	80	0	0	10560	P1-59-2	0	-
694	97.233073	97.509115	F3	43	80	0	0	10560	P1-59-11	0	-
695	97.332031	97.395833	D4	46	80	0	0	10575	P1-59-12	0	-
696	97.446615	97.569010	B3	45	80	0	0	10590	P1-59-13	0	-
697	97.523438	97.587240	D4	53	80	0	0	10605	P1-59-14	0	-
698	97.604167	97.878906	F#4	72	80	0	0	10620	P1-59-3	0	-
699	97.619792	97.799479	F#3	56	80	0	0	10620	P1-59-15	0	-
700	97.731771	97.783854	D4	49	80	0	0	10635	P1-59-16	0	-
701	97.812500	97.938802	B3	54	80	0	0	10650	P1-59-17	0	-
702	97.884115	97.927083	D4	48	80	0	0	10665	P1-59-18	0	-
703	97.989583	98.139323	F#3	50	80	0	0	10680	P1-60-3	0	-
704	97.992188	98.759115	F#4	66	80	0	0	10680	P1-60-1	0	-
705	98.105469	98.153646	D4	49	80	0	0	10695	P1-60-4	0	-
706	98.194010	98.309896	B3	50	80	0	0	10710	P1-60-5	0	-
707	98.300781	98.343750	D4	43	80	0	0	10725	P1-60-6	0	-
708	98.384115	98.579427	F#3	43	80	0	0	10740	P1-60-7	0	-
709	98.466146	98.515625	D4	47	80	0	0	10755	P1-60-8	0	-
710	98.563802	98.669271	B3	39	80	0	0	10770	P1-60-9	0	-
711	98.641927	98.684896	D4	49	80	0	0	10785	P1-60-10	0	-
712	98.744792	99.139323	Bb4	65	80	0	0	10800	P1-60-2	0	-
713	98.744792	98.919271	F#3	49	80	0	0	10800	P1-60-11	0	-
714	98.847656	98.894531	E4	52	80	0	0	10815	P1-60-12	0	-
715	98.916667	99.019531	C#4	55	80	0	0	10830	P1-60-13	0	-
716	98.986979	99.039062	E4	54	80	0	0	10845	P1-60-14	0	-
717	99.136719	99.218750	B2	53	80	0	0	10860	P1-61-5	0	-
718	99.143229	99.299479	B4	59	80	0	0	10875	*	3	-
719	99.243490	99.295573	D4	57	80	0	0	10875	P1-61-6	0	-
720	99.325521	99.438802	F#3	55	80	0	0	10890	P1-61-7	0	-
721	99.365885	99.539062	G5	86	80	0	0	10890	P1-61-2	0	-
722	99.427083	99.464844	D4	54	80	0	0	10905	P1-61-8	0	-
723	99.562500	99.615885	C#3	57	80	0	0	10920	P1-61-9	0	-
724	99.606771	100.199219	G6	87	80	0	0	10920	P1-61-3	0	-
725	99.682292	99.725260	E4	58	80	0	0	10935	P1-61-10	0	-
726	99.764323	99.822917	F#3	55	80	0	0	10950	P1-61-11	0	-
727	99.851562	99.884115	E4	52	80	0	0	10965	P1-61-12	0	-
728	99.914062	99.967448	D3	63	80	0	0	10980	P1-61-13	0	-
729	100.039062	100.139323	F#4	58	80	0	0	10995	P1-61-14	0	-
730	100.111979	100.250000	F#3	59	80	0	0	11010	P1-61-15	0	-
731	100.115885	100.309896	F#6	84	80	0	0	11010	P1-61-4	0	-
732	100.260417	100.315104	B2	70	80	0	0	11040	P1-62-5	0	-
733	100.373698	100.427083	D4	55	80	0	0	11055	P1-62-6	0	-
734	100.449219	100.709635	F#6	92	80	0	0	11070	P1-62-2	0	-
735	100.454427	100.515625	F#3	63	80	0	0	11070	P1-62-7	0	-
736	100.533854	100.566406	D4	50	80	0	0	11085	P1-62-8	0	-
737	100.653646	100.708333	C#3	57	80	0	0	11100	P1-62-9	0	-
738	100.665365	101.269531	C#6	90	80	0	0	11100	P1-62-3	0	-
739	100.748698	100.804688	E4	57	80	0	0	11115	P1-62-10	0	-
740	100.837240	100.959635	F#3	54	80	0	0	11130	P1-62-11	0	-
741	100.906250	100.959635	E4	45	80	0	0	11145	P1-62-12	0	-
742	101.005208	101.045573	D3	54	80	0	0	11160	P1-62-13	0	-
743	101.122396	101.250000	F#4	46	80	0	0	11175	P1-62-14	0	-
744	101.197917	101.295573	F#3	52	80	0	0	11190	P1-62-15	0	-
745	101.234375	101.509115	B5	66	80	0	0	11190	P1-62-4	0	-
746	101.259115	101.419271	F#4	51	80	0	0	11205	P1-62-16	0	-
747	101.401042	101.445312	B2	50	80	0	0	11220	P1-63-5	0	-
748	101.492188	101.545573	D4	55	80	0	0	11235	P1-63-6	0	-
749	101.574219	101.805990	B5	78	80	0	0	11250	P1-63-2	0	-
750	101.574219	101.643229	F#3	51	80	0	0	11250	P1-63-7	0	-
751	101.654948	101.695312	D4	51	80	0	0	11265	P1-63-8	0	-
752	101.783854	101.824219	C#3	56	80	0	0	11280	P1-63-9	0	-
753	101.796875	102.363281	G5	78	80	0	0	11280	P1-63-3	0	-
754	101.889323	101.950521	E4	58	80	0	0	11295	P1-63-10	0	-
755	101.986979	102.045573	F#3	47	80	0	0	11310	P1-63-11	0	-
756	102.053385	102.096354	E4	56	80	0	0	11325	P1-63-12	0	-
757	102.134115	102.399740	D3	58	80	0	0	11340	P1-63-13	0	-
758	102.317708	102.479167	F#3	59	80	0	0	11370	P1-63-15	0	-
759	102.346354	102.679688	F#5	64	80	0	0	11370	P1-63-4	0	-
760	102.498698	102.559896	B3	50	80	0	0	11385	P1-63-16	1	-
761	102.502604	102.552083	B2	53	80	0	0	11400	P1-64-5	0	-
762	102.605469	102.645833	D4	55	80	0	0	11415	P1-64-6	0	-
763	102.684896	102.769531	F#3	53	80	0	0	11430	P1-64-7	0	-
764	102.687500	102.920573	F#5	81	80	0	0	11430	P1-64-2	0	-
765	102.751302	102.786458	D4	54	80	0	0	11445	P1-64-8	0	-
766	102.869792	102.917969	C#3	57	80	0	0	11460	P1-64-9	0	-
767	102.872396	103.459635	C#5	73	80	0	0	11460	P1-64-3	0	-
768	102.966146	103.013021	E4	55	80	0	0	11475	P1-64-10	0	-
769	102.975260	103.079427	F#4	51	80	0	0	11475	*	3	-
770	103.050781	103.199219	F#3	39	80	0	0	11490	P1-64-11	0	-
771	103.117188	103.199219	E4	43	80	0	0	11505	P1-64-12	0	-
772	103.195312	103.438802	D3	55	80	0	0	11520	P1-64-13	0	-
773	103.300781	103.438802	F#4	57	80	0	0	11535	P1-64-14	0	-
774	103.386719	103.519531	F#3	61	80	0	0	11550	P1-64-15	0	-
775	103.394531	103.549479	B4	59	80	0	0	11550	P1-64-4	0	-
776	103.453125	103.539062	F#4	38	80	0	0	11565	*	3	-
777	103.584635	103.644531	E3	46	80	0	0	11565	*	3	-
778	103.585938	103.718750	F#4	43	80	0	0	11565	P1-64-16	0	-
779	103.697917	104.459635	B4	65	80	0	0	11580	P1-65-1	0	-
780	103.753906	103.819010	D4	39	80	0	0	11595	P1-65-5	0	-
781	103.877604	104.029948	B3	46	80	0	0	11610	P1-65-6	1	-
782	103.964844	104.044271	D4	49	80	0	0	11625	P1-65-7	0	-
783	104.079427	104.509115	G4	69	80	0	0	11640	P1-65-2	0	-
784	104.084635	104.899740	F3	47	80	0	0	11640	P1-65-8	1	-
785	104.208333	104.279948	D4	42	80	0	0	11655	P1-65-9	1	-
786	104.272135	104.429688	B3	51	80	0	0	11670	P1-65-10	1	-
787	104.364583	104.423177	D4	46	80	0	0	11685	P1-65-11	1	-
788	104.467448	104.709635	F#4	75	80	0	0	11700	P1-65-3	0	-
789	104.471354	104.628906	F#3	61	80	0	0	11700	P1-65-12	1	-
790	104.545573	104.604167	D4	60	80	0	0	11715	P1-65-13	1	-
791	104.618490	104.819010	B3	64	80	0	0	11730	P1-65-14	1	-
792	104.734375	104.889323	D4	52	80	0	0	11745	P1-65-15	1	-
793	104.890625	105.348958	F#3	58	80	0	0	11760	P1-66-7	0	-
794	104.891927	105.399740	F#4	63	80	0	0	11760	P1-66-1	0	-
795	105.110677	105.598958	D4	67	80	0	0	11790	P1-66-2	0	-
796	105.333333	105.589844	B3	80	80	0	0	11820	P1-66-3	0	-
797	105.509115	105.723958	G3	79	80	0	0	11850	P1-66-4	0	-
798	105.695312	105.919271	F#3	78	80	0	0	11880	P1-66-5	0	-
799	105.697917	105.968750	F#2	84	80	0	0	11880	P1-66-9	0	-
800	105.700521	105.756510	F#1	80	80	0	0	11880	P1-66-8	0	-
801	105.894531	106.019531	Bb3	79	80	0	0	11910	P1-66-6	0	-
802	106.074219	106.127604	B2	94	80	0	0	11940	P1-67-5	0	-
803	106.076823	106.128906	B1	88	80	0	0	11940	P1-67-4	0	-
804	106.076823	106.468750	B3	84	80	0	0	11940	P1-67-1	0	-
805	106.277344	106.330729	C#3	96	80	0	0	11970	P1-67-7	0	-
806	106.282552	106.332031	C#2	94	80	0	0	11970	P1-67-6	0	-
807	106.488281	106.523438	D3	96	80	0	0	12000	P1-67-9	0	-
808	106.488281	106.526042	D2	89	80	0	0	12000	P1-67-8	0	-
809	106.684896	106.750000	E3	95	80	0	0	12030	P1-67-11	0	-
810	106.684896	106.725260	E2	86	80	0	0	12030	P1-67-10	0	-
811	106.902344	108.899740	F#3	100	80	0	0	12060	P1-67-13	0	-
812	106.903646	109.000000	F#2	97	80	0	0	12060	P1-67-12	0	-
813	107.360677	108.938802	G3	99	80	0	0	12120	P1-68-1	0	-
814	107.360677	109.029948	B3	94	80	0	0	12120	P1-68-2	0	-
815	108.906250	110.519531	C4	67	80	0	0	12300	P1-69-4	0	-
816	108.946615	110.158854	E3	42	80	0	0	12300	P1-69-7	0	-
817	108.950521	110.468750	G3	47	80	0	0	12300	P1-69-8	0	-
818	109.774740	111.509115	G4	68	80	0	0	12420	P1-69-3	0	-
819	110.386719	111.569010	E4	51	80	0	0	12480	P1-70-8	0	-
820	110.394531	111.559896	Bb3	45	80	0	0	12480	P1-70-6	0	-
821	110.395833	111.569010	C#4	40	80	0	0	12480	P1-70-7	0	-
822	110.398438	111.559896	F#2	40	80	0	0	12480	P1-70-9	0	-
823	110.408854	111.529948	F#3	38	80	0	0	12480	P1-70-10	0	-
824	111.324219	111.598958	F#4	45	80	0	0	12600	P1-70-5	0	-
825	111.707031	111.809896	B2	100	80	0	0	12660	P1-71-7	0	-
826	111.712240	111.848958	B1	94	80	0	0	12660	P1-71-6	0	-
827	111.712240	111.979167	D4	84	80	0	0	12660	P1-71-2	0	-
828	111.713542	111.929688	F#4	86	80	0	0	12660	P1-71-3	0	-
829	111.914062	111.972656	C#3	101	80	0	0	12690	P1-71-9	0	-
830	111.917969	111.972656	C#2	92	80	0	0	12690	P1-71-8	0	-
831	111.921875	111.996094	C#4	90	80	0	0	12690	*	3	-
832	112.130208	112.165365	D3	98	80	0	0	12720	P1-71-11	0	-
833	112.132812	112.171875	D2	92	80	0	0	12720	P1-71-10	0	-
834	112.325521	112.367188	E3	98	80	0	0	12750	P1-71-13	0	-
835	112.329427	112.372396	E2	88	80	0	0	12750	P1-71-12	0	-
836	112.546875	114.589844	F#3	100	80	0	0	12780	P1-71-15	0	-
837	112.549479	114.709635	F#2	98	80	0	0	12780	P1-71-14	0	-
838	113.072917	114.579427	G3	96	80	0	0	12840	P1-72-1	0	-
839	113.074219	114.628906	B3	92	80	0	0	12840	P1-72-2	0	-
840	114.571615	116.069010	C4	69	80	0	0	13020	P1-73-4	0	-
841	114.592448	116.158854	G3	55	80	0	0	13020	P1-73-8	0	-
842	114.596354	116.119792	C3	52	80	0	0	13020	*	3	-
843	114.601562	114.609375	E3	48	80	0	0	13020	P1-73-7	0	-
844	114.602865	116.109375	E2	48	80	0	0	13020	P1-73-6	0	-
845	115.402344	117.098958	G4	76	80	0	0	13140	P1-73-3	0	-
846	115.993490	117.329427	E4	43	80	0	0	13200	P1-74-8	0	-
847	115.998698	117.429688	C#4	38	80	0	0	13200	P1-74-7	0	-
848	116.006510	117.429688	Bb3	35	80	0	0	13200	P1-74-6	0	-
849	116.010417	117.549479	F#2	32	80	0	0	13200	P1-74-9	0	-
850	116.014323	117.468750	F#3	28	80	0	0	13200	P1-74-10	0	-
851	116.884115	117.468750	F#4	46	80	0	0	13320	P1-74-5	0	-
852	118.295573	120.169271	G4	61	80	0	0	13500	P1-75-3	0	-
853	118.843750	120.509115	D4	40	80	0	0	13560	P1-76-7	0	-
854	118.845052	120.319010	B3	34	80	0	0	13560	P1-76-6	0	-
855	118.850260	120.309896	B2	32	80	0	0	13560	P1-76-9	0	-
856	118.860677	120.419271	B1	30	80	0	0	13560	P1-76-8	0	-
857	119.907552	120.489583	F#4	38	80	0	0	13680	P1-76-5	0	-
858	121.614583	123.119792	G4	50	80	0	0	13860	P1-77-4	0	-
859	121.622396	121.739583	B3	32	80	0	0	13860	*	3	-
860	122.207031	123.128906	E4	36	80	0	0	13920	P1-78-7	0	-
861	122.212240	123.529948	F#2	31	80	0	0	13920	P1-78-9	0	-
862	122.213542	122.218750	C#3	31	80	0	0	13920	*	3	-
863	122.216146	123.109375	F#1	31	80	0	0	13920	P1-78-8	0	-
864	122.220052	123.188802	C#4	35	80	0	0	13920	P1-78-6	0	-
865	123.024740	123.479167	Bb4	44	80	0	0	14040	P1-78-3	0	-
866	123.613281	124.289062	B4	43	80	0	0	14100	P1-79-3	0	-
867	123.647135	124.149740	B3	30	80	0	0	14100	P1-79-1	0	-
868	123.651042	124.109375	B2	27	80	0	0	14100	P1-79-7	0	-
869	123.654948	124.139323	D4	29	80	0	0	14100	P1-79-2	0	-
870	123.660156	124.218750	B1	27	80	0	0	14100	P1-79-6	0	-
871	125.109375	125.938802	B4	33	80	0	0	14280	P1-80-3	0	-
872	125.132812	125.809896	B3	28	80	0	0	14280	P1-80-1	0	-
873	125.136719	125.848958	D4	25	80	0	0	14280	P1-80-2	0	-
874	125.145833	125.839844	B2	23	80	0	0	14280	P1-80-7	0	-
875	125.147135	125.769531	F#4	20	80	0	0	14280	*	3	-
876	125.153646	125.929688	B1	23	80	0	0	14280	P1-80-6	0	-
877	126.795573	128.109375	B4	29	80	0	0	14460	P1-81-3	0	-
878	126.802083	127.519531	B2	22	80	0	0	14460	P1-81-7	0	-
879	126.822917	127.089844	B3	22	80	0	0	14460	P1-81-1	0	-
880	126.828125	127.750000	B1	20	80	0	0	14460	P1-81-6	0	-
881	126.832031	127.679688	D4	18	80	0	0	14460	P1-81-2	0	-
882	128.585938	130.179688	B4	38	80	0	0	14640	P1-82-1	0	-
883	130.194010	131.938802	B4	41	80	0	0	14820	P1-83-1	0	-
884	131.944010	132.489583	B4	33	80	0	0	15000	P1-84-1	0	-
885	132.893229	133.199219	A5	47	80	0	0	15120	P1-84-2	0	-
886	132.923177	133.029948	B4	31	80	0	0	15120	P1-84-7	0	-
887	132.929688	132.984375	A4	30	80	0	0	15120	P1-84-11	0	-
888	132.934896	132.985677	F#4	24	80	0	0	15120	P1-84-10	0	-
889	133.143229	133.183594	B4	35	80	0	0	15150	P1-84-3	0	-
890	133.365885	134.019531	A5	51	80	0	0	15180	P1-85-1	0	-
891	133.395833	133.445312	B4	36	80	0	0	15180	P1-85-11	0	-
892	133.402344	133.454427	A4	32	80	0	0	15180	P1-85-15	0	-
893	133.407552	133.463542	F#4	29	80	0	0	15180	P1-85-14	0	-
894	133.592448	133.648438	B4	41	80	0	0	15210	P1-85-2	0	-
895	133.796875	133.843750	B4	36	80	0	0	15240	P1-85-4	0	-
896	133.984375	134.065104	G5	49	80	0	0	15270	P1-85-7	0	-
897	133.993490	134.059896	B4	35	80	0	0	15270	P1-85-6	0	-
898	134.201823	134.263021	F#5	47	80	0	0	15300	P1-85-9	0	-
899	134.204427	134.253906	B4	35	80	0	0	15300	P1-85-8	0	-
900	134.204427	134.256510	F#4	37	80	0	0	15300	P1-85-17	0	-
901	134.205729	134.252604	A4	32	80	0	0	15300	P1-85-18	0	-
902	134.404948	134.445312	B4	36	80	0	0	15330	P1-85-10	0	-
903	134.610677	134.789062	B5	52	80	0	0	15360	P1-86-2	0	-
904	134.621094	134.809896	G5	44	80	0	0	15360	P1-86-1	0	-
905	134.632812	134.709635	B4	34	80	0	0	15360	P1-86-13	0	-
906	134.634115	134.759115	G4	33	80	0	0	15360	P1-86-17	0	-
907	134.644531	134.750000	E4	29	80	0	0	15360	P1-86-16	0	-
908	134.825521	134.889323	B4	44	80	0	0	15390	P1-86-3	0	-
909	135.009115	135.063802	B4	46	80	0	0	15420	P1-86-6	0	-
910	135.204427	135.252604	B4	50	80	0	0	15450	P1-86-7	0	-
911	135.403646	135.460938	B5	64	80	0	0	15480	P1-86-9	0	-
912	135.407552	135.454427	B4	57	80	0	0	15480	P1-86-15	0	-
913	135.414062	135.500000	G5	51	80	0	0	15480	P1-86-8	0	-
914	135.419271	135.459635	G4	49	80	0	0	15480	P1-86-20	0	-
915	135.424479	135.489583	E4	41	80	0	0	15480	P1-86-19	0	-
916	135.621094	135.664062	B4	47	80	0	0	15510	P1-86-10	0	-
917	135.832031	136.309896	B5	61	80	0	0	15540	P1-87-2	0	-
918	135.837240	136.014323	G#5	58	80	0	0	15540	P1-87-1	0	-
919	135.848958	136.000000	B4	48	80	0	0	15540	P1-87-15	0	-
920	135.852865	136.023438	F4	41	80	0	0	15540	P1-87-19	0	-
921	135.873698	136.000000	D4	31	80	0	0	15540	P1-87-18	0	-
922	136.040365	136.084635	B4	46	80	0	0	15570	P1-87-3	0	-
923	136.247396	136.286458	B4	52	80	0	0	15600	P1-87-6	0	-
924	136.421875	136.463542	A5	59	80	0	0	15630	P1-87-10	0	-
925	136.423177	136.459635	B4	49	80	0	0	15630	P1-87-9	0	-
926	136.626302	136.688802	B5	56	80	0	0	15660	P1-87-13	0	-
927	136.632812	136.686198	D4	39	80	0	0	15660	P1-87-21	0	-
928	136.643229	136.683594	B4	44	80	0	0	15660	P1-87-11	0	-
929	136.644531	136.692708	F4	41	80	0	0	15660	P1-87-22	0	-
930	136.649740	136.695312	G#5	44	80	0	0	15660	P1-87-12	0	-
931	136.804688	136.847656	B4	39	80	0	0	15690	P1-87-14	0	-
932	137.024740	137.750000	C6	52	80	0	0	15720	P1-88-3	0	-
933	137.026042	137.209635	C4	40	80	0	0	15720	P1-88-7	0	-
934	137.027344	137.628906	A5	52	80	0	0	15720	P1-88-2	0	-
935	137.033854	137.085938	E4	43	80	0	0	15720	P1-88-8	0	-
936	137.035156	137.459635	C5	45	80	0	0	15720	P1-88-1	0	-
937	137.244792	137.300781	E4	48	80	0	0	15750	P1-88-9	0	-
938	137.442708	137.493490	E4	55	80	0	0	15780	P1-88-10	0	-
939	137.621094	137.674479	E4	62	80	0	0	15810	P1-88-11	0	-
940	137.805990	137.884115	C6	70	80	0	0	15840	P1-88-6	0	-
941	137.812500	137.877604	C5	69	80	0	0	15840	P1-88-5	0	-
942	137.817708	137.881510	E4	55	80	0	0	15840	P1-88-12	0	-
943	138.020833	138.083333	E4	56	80	0	0	15870	P1-88-13	0	-
944	138.231771	138.829427	C6	79	80	0	0	15900	P1-89-2	0	-
945	138.233073	138.315104	E4	60	80	0	0	15900	P1-89-7	0	-
946	138.233073	138.682292	C5	76	80	0	0	15900	P1-89-1	0	-
947	138.242188	138.549479	A3	51	80	0	0	15900	P1-89-15	0	-
948	138.244792	138.729167	C4	49	80	0	0	15900	P1-89-16	0	-
949	138.476562	138.533854	E4	56	80	0	0	15930	P1-89-8	0	-
950	138.658854	138.716146	E4	59	80	0	0	15960	P1-89-9	0	-
951	138.812500	138.891927	B5	76	80	0	0	15990	P1-89-4	0	-
952	138.821615	138.884115	B4	69	80	0	0	15990	P1-89-3	0	-
953	138.842448	138.895833	E4	57	80	0	0	15990	P1-89-10	0	-
954	139.019531	139.269531	A3	59	80	0	0	16020	P1-89-11	0	-
955	139.019531	139.089844	E4	60	80	0	0	16020	P1-89-13	0	-
956	139.023438	139.199219	A5	76	80	0	0	16020	P1-89-6	0	-
957	139.023438	139.309896	C4	59	80	0	0	16020	P1-89-12	0	-
958	139.029948	139.084635	A4	66	80	0	0	16020	P1-89-5	0	-
959	139.234375	139.290365	E4	61	80	0	0	16050	P1-89-14	0	-
960	139.423177	140.098958	D6	87	80	0	0	16080	P1-90-2	0	-
961	139.432292	139.919271	D5	79	80	0	0	16080	P1-90-1	0	-
962	139.438802	139.526042	F4	65	80	0	0	16080	P1-90-6	0	-
963	139.446615	139.789062	G#3	54	80	0	0	16080	P1-90-12	0	-
964	139.447917	139.869792	B3	55	80	0	0	16080	P1-90-13	0	-
965	139.654948	139.721354	F4	65	80	0	0	16110	P1-90-7	0	-
966	139.842448	139.903646	F4	68	80	0	0	16140	P1-90-8	0	-
967	140.013021	140.074219	F4	70	80	0	0	16170	P1-90-9	0	-
968	140.015625	140.119792	Bb3	52	80	0	0	16170	*	3	-
969	140.194010	140.459635	D6	92	80	0	0	16200	P1-90-5	0	-
970	140.197917	140.265625	F4	76	80	0	0	16200	P1-90-10	0	-
971	140.200521	140.359375	D5	89	80	0	0	16200	P1-90-4	0	-
972	140.204427	140.419271	B3	72	80	0	0	16200	P1-90-16	0	-
973	140.204427	140.479167	G#3	70	80	0	0	16200	P1-90-15	0	-
974	140.404948	140.464844	F4	74	80	0	0	16230	P1-90-11	0	-
975	140.613281	141.218750	D6	92	80	0	0	16260	P1-91-2	0	-
976	140.614583	140.712240	F4	81	80	0	0	16260	P1-91-7	0	-
977	140.615885	141.069010	D5	92	80	0	0	16260	P1-91-1	0	-
978	140.618490	140.938802	G#3	76	80	0	0	16260	P1-91-15	0	-
979	140.621094	140.714844	Bb3	81	80	0	0	16260	P1-91-16	0	-
980	140.829427	140.899740	F4	69	80	0	0	16290	P1-91-8	0	-
981	140.832031	141.139323	Bb3	57	80	0	0	16290	*	3	-
982	141.016927	141.079427	F4	65	80	0	0	16320	P1-91-9	0	-
983	141.183594	141.429688	C6	91	80	0	0	16350	P1-91-4	0	-
984	141.183594	141.270833	C5	91	80	0	0	16350	P1-91-3	0	-
985	141.207031	141.272135	F4	73	80	0	0	16380	*	3	-
986	141.213542	141.274740	G#3	56	80	0	0	16380	*	3	-
987	141.389323	141.819010	D6	90	80	0	0	16380	P1-91-6	0	-
988	141.391927	141.619792	D5	93	80	0	0	16380	P1-91-5	0	-
989	141.394531	141.464844	F4	72	80	0	0	16380	P1-91-13	0	-
990	141.403646	141.475260	Bb3	69	80	0	0	16380	P1-91-12	0	-
991	141.404948	141.669271	G#3	62	80	0	0	16380	P1-91-11	0	-
992	141.579427	141.639323	F4	62	80	0	0	16410	P1-91-14	0	-
993	141.595052	141.658854	Bb3	54	80	0	0	16440	*	3	-
994	141.786458	142.289062	D#6	99	80	0	0	16440	P1-92-2	0	-
995	141.791667	142.199219	D#5	99	80	0	0	16440	P1-92-1	0	-
996	141.792969	141.863281	Bb3	70	80	0	0	16440	P1-92-8	0	-
997	141.792969	141.856771	D#4	83	80	0	0	16440	P1-92-9	0	-
998	141.794271	141.861979	G3	63	80	0	0	16440	P1-92-7	0	-
999	141.977865	142.046875	G3	66	80	0	0	16470	P1-92-10	0	-
1000	141.977865	142.044271	D#4	63	80	0	0	16470	P1-92-12	0	-
1001	141.981771	142.050781	Bb3	66	80	0	0	16470	P1-92-11	0	-
1002	142.169271	142.235677	G3	70	80	0	0	16500	P1-92-13	0	-
1003	142.171875	142.227865	D#4	69	80	0	0	16500	P1-92-15	0	-
1004	142.173177	142.235677	Bb3	72	80	0	0	16500	P1-92-14	0	-
1005	142.333333	142.539062	D6	88	80	0	0	16530	P1-92-4	0	-
1006	142.335938	142.429688	D5	91	80	0	0	16530	P1-92-3	0	-
1007	142.351562	142.410156	D#4	77	80	0	0	16530	P1-92-18	0	-
1008	142.351562	142.414062	G3	74	80	0	0	16530	P1-92-16	0	-
1009	142.354167	142.414062	Bb3	73	80	0	0	16530	P1-92-17	0	-
1010	142.526042	142.628906	D#6	92	80	0	0	16560	P1-92-6	0	-
1011	142.533854	142.579427	D#5	94	80	0	0	16560	P1-92-5	0	-
1012	142.535156	142.584635	D#4	75	80	0	0	16560	P1-92-21	0	-
1013	142.535156	142.592448	Bb3	70	80	0	0	16560	P1-92-20	0	-
1014	142.537760	142.593750	G3	70	80	0	0	16560	P1-92-19	0	-
1015	142.686198	142.789062	D#4	66	80	0	0	16590	P1-92-24	0	-
1016	142.692708	142.743490	G3	69	80	0	0	16590	P1-92-22	0	-
1017	142.694010	142.743490	Bb3	70	80	0	0	16590	P1-92-23	0	-
1018	142.936198	143.507812	D#4	95	80	0	0	16620	P1-93-1	0	-
1019	142.937500	142.996094	F#3	84	80	0	0	16620	P1-93-4	0	-
1020	142.937500	142.998698	Bb3	85	80	0	0	16620	P1-93-5	0	-
1021	143.125000	143.175781	Bb3	67	80	0	0	16650	P1-93-7	0	-
1022	143.125000	143.175781	F#3	66	80	0	0	16650	P1-93-6	0	-
1023	143.321615	143.368490	F#3	68	80	0	0	16680	P1-93-8	0	-
1024	143.322917	143.371094	Bb3	70	80	0	0	16680	P1-93-9	0	-
1025	143.502604	143.550781	Bb3	77	80	0	0	16710	P1-93-11	0	-
1026	143.502604	143.688802	D4	76	80	0	0	16710	P1-93-2	0	-
1027	143.503906	143.552083	F#3	68	80	0	0	16710	P1-93-10	0	-
1028	143.675781	143.959635	D#4	79	80	0	0	16740	P1-93-3	0	-
1029	143.684896	143.752604	Bb3	76	80	0	0	16740	P1-93-13	0	-
1030	143.684896	143.744792	F#3	70	80	0	0	16740	P1-93-12	0	-
1031	143.881510	143.934896	Bb3	81	80	0	0	16770	P1-93-15	0	-
1032	143.882812	143.930990	F#3	65	80	0	0	16770	P1-93-14	0	-
1033	144.059896	144.579427	F#4	93	80	0	0	16800	P1-94-2	0	-
1034	144.062500	144.549479	D#4	92	80	0	0	16800	P1-94-1	0	-
1035	144.063802	144.126302	D#3	92	80	0	0	16800	P1-94-7	0	-
1036	144.063802	144.259115	F#3	89	80	0	0	16800	P1-94-8	0	-
1037	144.259115	144.321615	D#3	75	80	0	0	16830	P1-94-9	0	-
1038	144.264323	144.339844	F#3	71	80	0	0	16830	P1-94-10	0	-
1039	144.442708	144.503906	D#3	90	80	0	0	16860	P1-94-11	0	-
1040	144.444010	144.502604	F#3	82	80	0	0	16860	P1-94-12	0	-
1041	144.617188	144.859375	F4	82	80	0	0	16890	P1-94-4	0	-
1042	144.622396	144.709635	F#4	81	80	0	0	16890	*	3	-
1043	144.625000	144.683594	D#3	84	80	0	0	16890	P1-94-13	0	-
1044	144.627604	144.688802	F#3	78	80	0	0	16890	P1-94-14	0	-
1045	144.630208	144.688802	Bb2	78	80	0	0	16890	*	3	-
1046	144.632812	144.769531	D4	79	80	0	0	16890	P1-94-3	0	-
1047	144.812500	144.968750	F#4	76	80	0	0	16920	P1-94-6	0	-
1048	144.812500	144.949219	D#4	79	80	0	0	16920	P1-94-5	0	-
1049	144.815104	144.873698	F#3	78	80	0	0	16920	P1-94-16	0	-
1050	144.815104	144.875000	D#3	85	80	0	0	16920	P1-94-15	0	-
1051	144.998698	145.046875	D#3	81	80	0	0	16950	P1-94-17	0	-
1052	145.001302	145.049479	F#3	71	80	0	0	16950	P1-94-18	0	-
1053	145.220052	145.899740	F#5	100	80	0	0	16980	P1-95-2	0	-
1054	145.225260	145.819010	D#5	88	80	0	0	16980	P1-95-1	0	-
1055	145.225260	145.287760	C3	85	80	0	0	16980	P1-95-7	0	-
1056	145.227865	145.348958	D#3	85	80	0	0	16980	P1-95-8	0	-
1057	145.421875	145.466146	D#3	86	80	0	0	17010	P1-95-10	0	-
1058	145.421875	145.467448	C3	71	80	0	0	17010	P1-95-9	0	-
1059	145.604167	145.654948	C3	69	80	0	0	17040	P1-95-11	0	-
1060	145.604167	145.654948	D#3	70	80	0	0	17040	P1-95-12	0	-
1061	145.769531	146.000000	F5	92	80	0	0	17070	P1-95-4	0	-
1062	145.777344	145.852865	C3	83	80	0	0	17070	P1-95-13	0	-
1063	145.779948	145.837240	D#3	85	80	0	0	17070	P1-95-14	0	-
1064	145.783854	145.894531	D5	82	80	0	0	17070	P1-95-3	0	-
1065	145.962240	146.119792	F#5	95	80	0	0	17100	P1-95-6	0	-
1066	145.964844	146.015625	D#5	84	80	0	0	17100	P1-95-5	0	-
1067	145.972656	146.023438	C3	77	80	0	0	17100	P1-95-15	0	-
1068	145.972656	146.089844	D#3	82	80	0	0	17100	P1-95-16	0	-
1069	146.126302	146.259115	C3	59	80	0	0	17130	P1-95-17	0	-
1070	146.342448	146.769531	C5	101	80	0	0	17160	P1-96-1	0	-
1071	146.343750	146.769531	C6	101	80	0	0	17160	P1-96-2	0	-
1072	146.343750	146.394531	C3	84	80	0	0	17160	P1-96-8	0	-
1073	146.345052	146.429688	A2	83	80	0	0	17160	P1-96-7	0	-
1074	146.537760	146.596354	C3	77	80	0	0	17190	P1-96-10	0	-
1075	146.537760	146.595052	A2	74	80	0	0	17190	P1-96-9	0	-
1076	146.723958	146.899740	A2	76	80	0	0	17220	P1-96-11	0	-
1077	146.726562	146.783854	C3	72	80	0	0	17220	P1-96-12	0	-
1078	146.885417	146.957031	B5	94	80	0	0	17250	P1-96-4	0	-
1079	146.888021	146.945312	B4	94	80	0	0	17250	P1-96-3	0	-
1080	146.899740	147.069010	C3	75	80	0	0	17250	P1-96-14	0	-
1081	146.911458	147.009115	A2	72	80	0	0	17250	P1-96-13	0	-
1082	147.063802	147.114583	C5	95	80	0	0	17280	P1-96-5	0	-
1083	147.067708	147.132812	C6	94	80	0	0	17280	P1-96-6	0	-
1084	147.075521	147.188802	C3	76	80	0	0	17280	P1-96-16	0	-
1085	147.080729	147.250000	A2	74	80	0	0	17280	P1-96-15	0	-
1086	147.257812	147.311198	A2	69	80	0	0	17310	P1-96-17	0	-
1087	147.260417	147.311198	C3	68	80	0	0	17310	P1-96-18	0	-
1088	147.263021	147.308594	A3	65	80	0	0	17310	*	3	-
1089	147.460938	148.059896	A3	97	80	0	0	17340	P1-97-1	0	-
1090	147.463542	147.609375	A2	83	80	0	0	17340	P1-97-5	0	-
1091	147.467448	147.649740	F#2	80	80	0	0	17340	P1-97-4	0	-
1092	147.471354	147.549479	C3	77	80	0	0	17340	P1-97-6	0	-
1093	147.658854	147.727865	A2	78	80	0	0	17370	P1-97-8	0	-
1094	147.660156	147.699219	C3	75	80	0	0	17370	P1-97-9	0	-
1095	147.664062	147.839844	F#2	77	80	0	0	17370	P1-97-7	0	-
1096	147.842448	147.899740	C3	74	80	0	0	17400	P1-97-12	0	-
1097	147.842448	148.009115	A2	74	80	0	0	17400	P1-97-11	0	-
1098	147.845052	147.898438	F#2	74	80	0	0	17400	P1-97-10	0	-
1099	147.994792	148.074219	G#3	91	80	0	0	17430	P1-97-2	0	-
1100	148.002604	148.069010	G#2	80	80	0	0	17430	*	3	-
1101	148.013021	148.089844	C3	69	80	0	0	17430	P1-97-15	0	-
1102	148.023438	148.072917	A2	74	80	0	0	17430	P1-97-14	0	-
1103	148.024740	148.076823	F#2	74	80	0	0	17430	P1-97-13	0	-
1104	148.184896	148.246094	A3	90	80	0	0	17460	P1-97-3	0	-
1105	148.192708	148.253906	A2	82	80	0	0	17460	P1-97-17	0	-
1106	148.194010	148.259115	C3	78	80	0	0	17460	P1-97-18	0	-
1107	148.196615	148.256510	F#2	79	80	0	0	17460	P1-97-16	0	-
1108	148.351562	148.468750	C3	70	80	0	0	17490	P1-97-21	0	-
1109	148.354167	148.425781	A2	72	80	0	0	17490	P1-97-20	0	-
1110	148.354167	148.509115	F#2	75	80	0	0	17490	P1-97-19	0	-
1111	148.584635	148.718750	C3	86	80	0	0	17520	P1-98-10	0	-
1112	148.584635	148.700521	A2	87	80	0	0	17520	P1-98-9	0	-
1113	148.585938	148.959635	F#5	104	80	0	0	17520	P1-98-1	0	-
1114	148.587240	148.598958	C2	88	80	0	0	17520	*	3	-
1115	148.591146	148.729167	F#2	90	80	0	0	17520	P1-98-8	0	-
1116	148.592448	148.779948	F#6	104	80	0	0	17520	P1-98-2	0	-
1117	148.593750	148.707031	D#2	82	80	0	0	17520	P1-98-7	0	-
1118	148.794271	148.873698	C3	81	80	0	0	17550	P1-98-14	0	-
1119	148.798177	148.880208	A2	83	80	0	0	17550	P1-98-13	0	-
1120	148.799479	148.809896	Eb3	78	80	0	0	17550	*	3	-
1121	148.802083	148.873698	F#2	83	80	0	0	17550	P1-98-12	0	-
1122	148.993490	149.054688	F#2	78	80	0	0	17580	P1-98-16	0	-
1123	148.994792	149.057292	A2	73	80	0	0	17580	P1-98-17	0	-
1124	148.994792	149.079427	C3	75	80	0	0	17580	P1-98-18	0	-
1125	149.122396	149.217448	F6	106	80	0	0	17610	P1-98-4	0	-
1126	149.125000	149.213542	F5	103	80	0	0	17610	P1-98-3	0	-
1127	149.144531	149.221354	C3	85	80	0	0	17610	P1-98-22	0	-
1128	149.147135	149.225260	A2	83	80	0	0	17610	P1-98-21	0	-
1129	149.152344	149.223958	F#2	92	80	0	0	17610	P1-98-20	0	-
1130	149.154948	149.169271	C2	83	80	0	0	17610	*	3	-
1131	149.156250	149.235677	D#2	78	80	0	0	17610	P1-98-19	0	-
1132	149.313802	149.438802	F#5	103	80	0	0	17640	P1-98-5	0	-
1133	149.322917	149.397135	A2	89	80	0	0	17640	P1-98-25	0	-
1134	149.322917	149.393229	C3	86	80	0	0	17640	P1-98-26	0	-
1135	149.325521	149.339844	C2	88	80	0	0	17640	*	3	-
1136	149.326823	149.419271	F#2	91	80	0	0	17640	P1-98-24	0	-
1137	149.332031	149.429688	D#2	82	80	0	0	17640	P1-98-23	0	-
1138	149.496094	149.574219	C3	78	80	0	0	17670	P1-98-30	0	-
1139	149.496094	149.574219	A2	79	80	0	0	17670	P1-98-29	0	-
1140	149.496094	149.582031	F#2	80	80	0	0	17670	P1-98-28	0	-
1141	149.695312	150.149740	C5	96	80	0	0	17700	P1-99-3	0	-
1142	149.701823	150.089844	F#4	87	80	0	0	17700	P1-99-1	0	-
1143	149.703125	149.804688	A2	88	80	0	0	17700	P1-99-12	0	-
1144	149.704427	149.848958	D3	89	80	0	0	17700	*	3	-
1145	149.705729	149.908854	D2	90	80	0	0	17700	P1-99-10	0	-
1146	149.709635	149.794271	F#2	92	80	0	0	17700	P1-99-11	0	-
1147	149.712240	149.804688	C3	89	80	0	0	17700	P1-99-13	0	-
1148	149.910156	150.029948	F#2	77	80	0	0	17730	P1-99-15	0	-
1149	149.911458	150.009115	A2	73	80	0	0	17730	P1-99-16	0	-
1150	149.912760	149.989583	C3	72	80	0	0	17730	P1-99-17	0	-
1151	149.914062	150.188802	D2	73	80	0	0	17730	P1-99-14	0	-
1152	150.105469	150.269531	A2	74	80	0	0	17760	P1-99-20	0	-
1153	150.106771	150.389323	C3	81	80	0	0	17760	P1-99-21	0	-
1154	150.108073	150.449219	F#2	84	80	0	0	17760	P1-99-19	0	-
1155	150.256510	150.345052	B4	81	80	0	0	17790	P1-99-6	0	-
1156	150.261719	150.269531	A4	80	80	0	0	17790	P1-99-5	0	-
1157	150.264323	150.343750	F#4	77	80	0	0	17790	P1-99-4	0	-
1158	150.268229	150.408854	D2	79	80	0	0	17790	P1-99-22	0	-
1159	150.276042	150.356771	A2	75	80	0	0	17790	P1-99-24	0	-
1160	150.449219	150.729167	A2	76	80	0	0	17820	P1-99-28	0	-
1161	150.453125	150.628906	D2	73	80	0	0	17820	P1-99-26	0	-
1162	150.453125	150.500000	D3	75	80	0	0	17820	*	3	-
1163	150.453125	150.628906	A4	82	80	0	0	17820	P1-99-8	0	-
1164	150.453125	150.550781	C5	83	80	0	0	17820	P1-99-9	0	-
1165	150.454427	150.569010	C3	74	80	0	0	17820	P1-99-29	0	-
1166	150.455729	150.679688	F#4	79	80	0	0	17820	P1-99-7	0	-
1167	150.455729	150.729167	F#2	80	80	0	0	17820	P1-99-27	0	-
1168	150.636719	150.829427	D2	63	80	0	0	17850	P1-99-30	0	-
1169	150.643229	150.759115	C3	64	80	0	0	17850	P1-99-33	0	-
1170	150.841146	150.968750	G#4	84	80	0	0	17880	P1-100-2	0	-
1171	150.842448	151.000000	B4	86	80	0	0	17880	P1-100-3	0	-
1172	150.845052	150.968750	G4	80	80	0	0	17880	*	3	-
1173	150.846354	150.910156	G2	96	80	0	0	17880	P1-100-12	0	-
1174	150.848958	150.910156	G1	93	80	0	0	17880	P1-100-11	0	-
1175	150.850260	150.916667	F4	79	80	0	0	17880	P1-100-1	0	-
1176	150.852865	150.859375	D4	76	80	0	0	17880	*	3	-
1177	151.044271	151.104167	G1	76	80	0	0	17910	P1-100-13	0	-
1178	151.044271	151.100260	G2	81	80	0	0	17910	P1-100-14	0	-
1179	151.264323	151.449219	G1	61	80	0	0	17940	P1-100-15	0	-
1180	151.264323	151.479167	G2	64	80	0	0	17940	P1-100-16	0	-
1181	151.430990	151.493490	F5	74	80	0	0	17970	P1-100-7	0	-
1182	151.433594	151.480469	B4	67	80	0	0	17970	P1-100-6	0	-
1183	151.440104	151.483073	G#4	65	80	0	0	17970	P1-100-5	0	-
1184	151.662760	151.746094	E5	61	80	0	0	18000	P1-100-10	0	-
1185	151.666667	151.744792	C5	56	80	0	0	18000	P1-100-9	0	-
1186	151.673177	151.743490	G4	49	80	0	0	18000	P1-100-8	0	-
1187	152.076823	152.539062	D#5	60	80	0	0	18060	P1-101-3	0	-
1188	152.093750	152.233073	F#4	48	80	0	0	18060	P1-101-1	0	-
1189	152.101562	152.509115	A4	43	80	0	0	18060	P1-101-2	0	-
1190	152.243490	152.291667	G2	57	80	0	0	18090	P1-101-13	0	-
1191	152.246094	152.294271	G1	54	80	0	0	18090	P1-101-12	0	-
1192	152.454427	152.535156	G1	48	80	0	0	18120	P1-101-14	0	-
1193	152.455729	152.558594	G2	49	80	0	0	18120	P1-101-15	0	-
1194	152.643229	152.714844	D#5	64	80	0	0	18150	P1-101-7	0	-
1195	152.653646	152.696615	F#4	51	80	0	0	18150	P1-101-5	0	-
1196	152.653646	152.704427	A4	50	80	0	0	18150	P1-101-6	0	-
1197	152.875000	152.981771	D5	61	80	0	0	18180	P1-101-10	0	-
1198	152.891927	152.947917	B4	46	80	0	0	18180	P1-101-9	0	-
1199	152.897135	153.007812	F4	36	80	0	0	18180	P1-101-8	0	-
1200	153.305990	153.718750	C#5	56	80	0	0	18240	P1-102-3	0	-
1201	153.326823	153.619792	G4	38	80	0	0	18240	P1-102-2	0	-
1202	153.326823	153.496094	E4	42	80	0	0	18240	P1-102-1	0	-
1203	153.337240	153.519531	G3	32	80	0	0	18240	*	3	-
1204	153.507812	153.562500	G2	56	80	0	0	18270	P1-102-13	0	-
1205	153.513021	153.563802	G1	52	80	0	0	18270	P1-102-12	0	-
1206	153.731771	153.783854	G2	48	80	0	0	18300	P1-102-15	0	-
1207	153.731771	153.782552	G1	46	80	0	0	18300	P1-102-14	0	-
1208	153.902344	153.954427	C5	62	80	0	0	18330	P1-102-7	0	-
1209	153.917969	153.955729	G4	50	80	0	0	18330	P1-102-6	0	-
1210	153.927083	153.989583	D#4	45	80	0	0	18330	P1-102-5	0	-
1211	154.144531	154.239583	B4	58	80	0	0	18360	P1-102-10	0	-
1212	154.164062	154.272135	G4	41	80	0	0	18360	P1-102-9	0	-
1213	154.165365	154.296875	D4	36	80	0	0	18360	P1-102-8	0	-
1214	154.563802	154.929688	Bb4	60	80	0	0	18420	P1-103-3	0	-
1215	154.608073	154.770833	C#4	40	80	0	0	18420	P1-103-1	0	-
1216	154.608073	154.773438	E4	44	80	0	0	18420	P1-103-2	0	-
1217	154.778646	154.899740	G2	38	80	0	0	18450	P1-103-12	0	-
1218	154.779948	155.029948	G1	38	80	0	0	18450	P1-103-11	0	-
1219	154.990885	155.183594	A4	60	80	0	0	18480	P1-103-6	0	-
1220	154.994792	155.192708	E4	51	80	0	0	18480	P1-103-5	0	-
1221	154.998698	155.259115	C4	46	80	0	0	18480	P1-103-4	0	-
1222	155.175781	155.309896	G2	48	80	0	0	18510	P1-103-15	0	-
1223	155.178385	155.399740	G1	49	80	0	0	18510	P1-103-14	0	-
1224	155.384115	155.859375	G#4	75	80	0	0	18540	P1-103-9	0	-
1225	155.424479	155.848958	D#4	52	80	0	0	18540	P1-103-8	0	-
1226	155.424479	155.809896	C4	38	80	0	0	18540	P1-103-7	0	-
1227	155.584635	155.769531	G1	53	80	0	0	18570	P1-103-17	0	-
1228	155.587240	155.789062	G2	50	80	0	0	18570	P1-103-18	0	-
1229	155.800781	156.269531	G4	71	80	0	0	18600	P1-104-1	0	-
1230	155.994792	156.209635	G2	58	80	0	0	18630	P1-104-6	0	-
1231	155.997396	156.269531	G1	60	80	0	0	18630	P1-104-5	0	-
1232	156.196615	156.649740	F#4	75	80	0	0	18660	P1-104-2	0	-
1233	156.384115	156.549479	A2	67	80	0	0	18690	P1-104-9	0	-
1234	156.386719	156.598958	A1	66	80	0	0	18690	P1-104-8	0	-
1235	156.598958	157.049479	F4	76	80	0	0	18720	P1-104-3	0	-
1236	156.774740	156.834635	B2	65	80	0	0	18750	P1-104-12	0	-
1237	156.776042	156.979167	B1	62	80	0	0	18750	P1-104-11	0	-
1238	156.977865	157.479167	E4	79	80	0	0	18780	P1-105-1	0	-
1239	157.161458	157.329427	C3	69	80	0	0	18810	P1-105-6	0	-
1240	157.165365	157.329427	C2	67	80	0	0	18810	P1-105-5	0	-
1241	157.361979	157.919271	D#4	82	80	0	0	18840	P1-105-2	0	-
1242	157.533854	157.609375	C#3	69	80	0	0	18870	P1-105-9	0	-
1243	157.535156	157.739583	C#2	67	80	0	0	18870	P1-105-8	0	-
1244	157.734375	158.147135	D4	77	80	0	0	18900	P1-105-3	0	-
1245	157.912760	158.109375	D3	67	80	0	0	18930	P1-105-12	0	-
1246	157.914062	158.139323	D2	65	80	0	0	18930	P1-105-11	0	-
1247	158.121094	158.609375	C#4	83	80	0	0	18960	P1-106-1	0	-
1248	158.298177	158.509115	D#3	68	80	0	0	18990	P1-106-6	0	-
1249	158.303385	158.549479	D#2	60	80	0	0	18990	P1-106-5	0	-
1250	158.509115	159.069010	C4	76	80	0	0	19020	P1-106-2	0	-
1251	158.690104	158.899740	E3	56	80	0	0	19050	P1-106-9	0	-
1252	158.691406	158.908854	E2	54	80	0	0	19050	P1-106-8	0	-
1253	158.902344	159.319010	B3	60	80	0	0	19080	P1-106-3	0	-
1254	159.092448	159.329427	F2	54	80	0	0	19110	P1-106-11	0	-
1255	159.095052	159.302083	F3	51	80	0	0	19110	P1-106-12	0	-
1256	159.312500	159.750000	Bb3	57	80	0	0	19140	P1-107-1	0	-
1257	159.500000	159.720052	F#3	44	80	0	0	19170	P1-107-6	0	-
1258	159.503906	159.717448	F#2	48	80	0	0	19170	P1-107-5	0	-
1259	159.714844	159.954427	A3	50	80	0	0	19200	P1-107-2	0	-
1260	159.954427	160.149740	G3	40	80	0	0	19230	P1-107-9	0	-
1261	159.958333	160.188802	G2	43	80	0	0	19230	P1-107-8	0	-
1262	160.200521	160.559896	G#3	47	80	0	0	19260	P1-107-3	0	-
1263	160.511719	160.880208	G2	35	80	0	0	19290	P1-107-11	0	-
1264	160.511719	160.869792	G3	33	80	0	0	19290	P1-107-12	0	-
1265	160.828125	161.065104	G#3	44	80	0	0	19320	P1-108-1	0	-
1266	161.098958	161.369792	G3	37	80	0	0	19350	P1-108-2	0	-
1267	161.380208	162.718750	G4	38	80	0	0	19380	P1-108-3	0	-
1268	161.384115	161.449219	G3	29	80	0	0	19380	*	3	-
1269	162.252604	163.139323	F4	37	80	0	0	19500	P1-109-3	0	-
1270	163.291667	164.739583	G4	58	80	0	0	19620	P1-109-2	0	-
1271	163.317708	163.800781	B3	36	80	0	0	19620	P1-109-4	0	-
1272	163.319010	163.829427	F4	38	80	0	0	19620	P1-109-5	0	-
1273	163.802083	164.669271	E4	36	80	0	0	19680	P1-110-5	0	-
1274	163.833333	164.289062	C4	33	80	0	0	19680	P1-110-4	0	-
1275	164.257812	164.759115	C5	69	80	0	0	19740	P1-110-2	0	-
1276	164.302083	164.869792	C4	30	80	0	0	19740	P1-110-6	0	-
1277	164.704427	165.264323	A4	66	80	0	0	19800	P1-110-3	0	-
1278	164.753906	165.309896	C#4	29	80	0	0	19800	P1-110-7	0	-
1279	165.166667	165.596354	G4	64	80	0	0	19860	P1-111-1	0	-
1280	165.204427	165.688802	D4	33	80	0	0	19860	P1-111-4	0	-
1281	165.602865	166.029948	F4	46	80	0	0	19920	P1-111-2	0	-
1282	165.615885	166.119792	A3	35	80	0	0	19920	P1-111-5	0	-
1283	166.037760	166.964844	F4	58	80	0	0	19980	P1-111-3	0	-
1284	166.070312	166.591146	Bb3	46	80	0	0	19980	P1-111-6	0	-
1285	166.494792	167.019531	B3	53	80	0	0	20040	P1-112-4	0	-
1286	166.958333	167.500000	D5	52	80	0	0	20100	P1-112-2	0	-
1287	166.979167	167.364583	G3	38	80	0	0	20100	P1-112-5	0	-
1288	167.420573	168.243490	F4	49	80	0	0	20160	P1-112-3	0	-
1289	167.433594	167.881510	D4	41	80	0	0	20160	P1-112-6	0	-
1290	167.854167	168.276042	C#4	42	80	0	0	20220	P1-113-7	0	-
1291	168.290365	168.493490	E4	40	80	0	0	20280	P1-113-2	0	-
1292	168.311198	168.485677	C4	35	80	0	0	20280	P1-113-8	0	-
1293	168.746094	169.009115	E4	42	80	0	0	20340	P1-113-3	0	-
1294	168.752604	169.750000	C4	47	80	0	0	20340	P1-113-9	0	-
1295	168.753906	169.174479	Bb3	49	80	0	0	20340	P1-113-12	0	-
1296	168.894531	168.963542	G4	45	80	0	0	20355	P1-113-4	0	-
1297	169.010417	169.082031	C5	54	80	0	0	20370	P1-113-5	0	-
1298	169.098958	169.166667	E5	47	80	0	0	20385	P1-113-6	0	-
1299	169.201823	169.859375	A3	40	80	0	0	20400	P1-114-13	0	-
1300	169.213542	169.283854	F5	46	80	0	0	20400	P1-114-1	0	-
1301	169.316406	169.375000	C5	51	80	0	0	20415	P1-114-2	0	-
1302	169.411458	169.494792	A4	50	80	0	0	20430	P1-114-3	0	-
1303	169.554688	170.149740	F3	38	80	0	0	20445	P1-114-4	1	-
1304	169.688802	169.759115	F5	62	80	0	0	20460	P1-114-5	1	-
1305	169.690104	169.989583	F4	66	80	0	0	20460	P1-114-16	0	-
1306	169.809896	169.949219	C5	53	80	0	0	20475	P1-114-6	0	-
1307	169.912760	170.039062	F5	54	80	0	0	20490	P1-114-7	0	-
1308	170.101562	170.559896	D4	64	80	0	0	20520	P1-114-18	0	-
1309	170.105469	170.559896	F#3	54	80	0	0	20520	P1-114-17	0	-
1310	170.233073	170.319010	D5	46	80	0	0	20535	P1-114-10	0	-
1311	170.324219	170.403646	A5	55	80	0	0	20550	P1-114-11	0	-
1312	170.428385	170.498698	D6	57	80	0	0	20565	P1-114-12	0	-
1313	170.510417	171.218750	C4	62	80	0	0	20580	P1-115-17	0	-
1314	170.546875	170.598958	A5	51	80	0	0	20580	P1-115-1	0	-
1315	170.554688	170.968750	G3	43	80	0	0	20580	P1-115-16	0	-
1316	170.645833	170.697917	D5	53	80	0	0	20595	P1-115-2	0	-
1317	170.740885	170.811198	A5	56	80	0	0	20610	P1-115-3	0	-
1318	170.834635	170.949219	Bb5	64	80	0	0	20625	P1-115-4	0	-
1319	170.927083	171.339844	Bb3	59	80	0	0	20640	P1-115-19	0	-
1320	170.957031	171.739583	D3	37	80	0	0	20640	P1-115-18	0	-
1321	171.028646	171.075521	D5	50	80	0	0	20655	P1-115-6	0	-
1322	171.113281	171.192708	G5	50	80	0	0	20670	P1-115-7	0	-
1323	171.213542	171.266927	Bb5	49	80	0	0	20685	P1-115-8	0	-
1324	171.352865	172.438802	Bb3	66	80	0	0	20700	P1-115-15	0	-
1325	171.378906	171.819010	F3	39	80	0	0	20700	P1-115-20	0	-
1326	171.472656	171.524740	C#5	58	80	0	0	20715	P1-115-10	0	-
1327	171.555990	171.649740	G5	53	80	0	0	20730	P1-115-11	0	-
1328	171.665365	171.726562	Bb5	53	80	0	0	20745	P1-115-12	0	-
1329	171.756510	171.848958	G5	51	80	0	0	20760	P1-116-1	0	-
1330	171.773438	172.378906	E3	51	80	0	0	20760	P1-116-16	0	-
1331	171.851562	171.912760	C5	57	80	0	0	20775	P1-116-2	0	-
1332	171.947917	172.022135	G5	57	80	0	0	20790	P1-116-3	0	-
1333	172.042969	172.115885	Bb5	54	80	0	0	20805	P1-116-4	0	-
1334	172.165365	172.359375	G4	60	80	0	0	20820	P1-116-17	0	-
1335	172.192708	172.247396	E5	48	80	0	0	20820	P1-116-5	0	-
1336	172.304688	172.365885	C5	52	80	0	0	20835	P1-116-6	0	-
1337	172.403646	172.454427	E5	49	80	0	0	20850	P1-116-7	0	-
1338	172.475260	172.589844	G5	50	80	0	0	20865	P1-116-8	0	-
1339	172.613281	173.459635	Bb3	55	80	0	0	20880	P1-116-15	0	-
1340	172.644531	173.089844	C3	31	80	0	0	20880	P1-116-18	0	-
1341	172.783854	172.834635	E5	47	80	0	0	20895	P1-116-10	0	-
1342	172.894531	172.949219	G5	48	80	0	0	20910	P1-116-11	0	-
1343	172.957031	173.016927	C6	54	80	0	0	20925	P1-116-12	0	-
1344	173.059896	173.979167	F3	44	80	0	0	20940	P1-117-16	0	-
1345	173.067708	173.149740	G5	48	80	0	0	20940	P1-117-1	0	-
1346	173.160156	173.216146	E5	46	80	0	0	20955	P1-117-2	0	-
1347	173.252604	173.304688	G5	48	80	0	0	20970	P1-117-3	0	-
1348	173.343750	173.549479	C6	46	80	0	0	20985	P1-117-4	0	-
1349	173.484375	173.899740	A3	50	80	0	0	21000	P1-117-18	0	-
1350	173.489583	173.500000	A5	49	80	0	0	21000	P1-117-5	0	-
1351	173.623698	173.703125	F5	44	80	0	0	21015	P1-117-6	0	-
1352	173.746094	173.825521	A5	47	80	0	0	21030	P1-117-7	0	-
1353	173.861979	174.019531	C6	45	80	0	0	21045	P1-117-8	0	-
1354	173.994792	174.852865	A2	60	80	0	0	21060	P1-117-19	0	-
1355	174.023438	174.169271	A5	45	80	0	0	21060	P1-117-9	0	-
1356	174.276042	174.348958	A5	37	80	0	0	21090	P1-117-11	0	-
1357	174.346354	174.412760	C6	50	80	0	0	21105	P1-117-12	0	-
1358	174.438802	174.493490	A5	53	80	0	0	21120	P1-118-1	0	-
1359	174.546875	174.654948	F5	49	80	0	0	21135	P1-118-2	0	-
1360	174.628906	174.709635	A5	43	80	0	0	21150	P1-118-3	0	-
1361	174.703125	174.782552	D6	57	80	0	0	21165	P1-118-4	0	-
1362	174.802083	175.569010	D3	67	80	0	0	21180	P1-118-15	0	-
1363	174.895833	174.964844	F5	57	80	0	0	21195	P1-118-6	0	-
1364	174.996094	175.063802	A5	59	80	0	0	21210	P1-118-7	0	-
1365	175.084635	175.170573	D6	63	80	0	0	21225	P1-118-8	0	-
1366	175.192708	175.593750	Bb2	70	80	0	0	21240	P1-118-16	0	-
1367	175.195312	175.268229	Bb5	60	80	0	0	21240	P1-118-9	0	-
1368	175.287760	175.360677	F5	53	80	0	0	21255	P1-118-10	1	-
1369	175.393229	175.459635	Bb5	55	80	0	0	21270	P1-118-11	0	-
1370	175.485677	175.565104	D6	59	80	0	0	21285	P1-118-12	0	-
1371	175.571615	176.059896	A2	66	80	0	0	21300	P1-119-13	0	-
1372	175.593750	175.664062	B5	56	80	0	0	21300	P1-119-1	0	-
1373	175.704427	175.777344	F5	58	80	0	0	21315	P1-119-2	0	-
1374	175.805990	175.865885	B5	55	80	0	0	21330	P1-119-3	0	-
1375	175.888021	175.972656	D6	61	80	0	0	21345	P1-119-4	0	-
1376	176.005208	176.070312	B5	54	80	0	0	21360	P1-119-5	0	-
1377	176.005208	176.438802	G#2	60	80	0	0	21360	P1-119-14	0	-
1378	176.117188	176.209635	E5	45	80	0	0	21375	P1-119-6	0	-
1379	176.217448	176.285156	B5	50	80	0	0	21390	P1-119-7	0	-
1380	176.313802	176.380208	D6	58	80	0	0	21405	P1-119-8	0	-
1381	176.442708	176.492188	B5	49	80	0	0	21420	P1-119-9	0	-
1382	176.502604	176.705729	G#2	47	80	0	0	21420	P1-119-15	0	-
1383	176.552083	176.608073	E5	47	80	0	0	21435	P1-119-10	0	-
1384	176.661458	176.721354	B5	49	80	0	0	21450	P1-119-11	0	-
1385	176.753906	176.812500	D6	61	80	0	0	21465	P1-119-12	0	-
1386	176.843750	177.339844	G#2	58	80	0	0	21480	P1-120-13	0	-
1387	176.867188	176.927083	B5	50	80	0	0	21480	P1-120-1	0	-
1388	176.973958	177.026042	E5	49	80	0	0	21495	P1-120-2	0	-
1389	177.074219	177.127604	B5	52	80	0	0	21510	P1-120-3	0	-
1390	177.161458	177.309896	D6	59	80	0	0	21525	P1-120-4	0	-
1391	177.268229	178.369792	E3	71	80	0	0	21540	P1-120-14	0	-
1392	177.282552	177.408854	B5	57	80	0	0	21540	P1-120-5	0	-
1393	177.410156	177.509115	E5	54	80	0	0	21555	P1-120-6	0	-
1394	177.515625	177.575521	B5	58	80	0	0	21570	P1-120-7	0	-
1395	177.610677	177.674479	D6	66	80	0	0	21585	P1-120-8	0	-
1396	177.713542	177.878906	G#2	66	80	0	0	21600	P1-120-15	0	-
1397	177.798177	177.869792	E5	55	80	0	0	21615	P1-120-10	0	-
1398	177.867188	177.968750	B5	54	80	0	0	21630	P1-120-11	0	-
1399	177.966146	178.089844	D6	65	80	0	0	21645	P1-120-12	0	-
1400	178.044271	178.529948	A2	66	80	0	0	21660	P1-121-13	0	-
1401	178.061198	178.114583	B5	63	80	0	0	21660	P1-121-1	0	-
1402	178.166667	178.259115	E5	56	80	0	0	21675	P1-121-2	0	-
1403	178.263021	178.333333	B5	58	80	0	0	21690	P1-121-3	0	-
1404	178.352865	178.479167	C6	63	80	0	0	21705	P1-121-4	0	-
1405	178.475260	179.449219	E3	78	80	0	0	21720	P1-121-14	0	-
1406	178.480469	178.546875	A5	70	80	0	0	21720	P1-121-5	0	-
1407	178.602865	178.699219	E5	60	80	0	0	21735	P1-121-6	0	-
1408	178.700521	178.765625	A5	58	80	0	0	21750	P1-121-7	0	-
1409	178.781250	178.938802	C6	64	80	0	0	21765	P1-121-8	0	-
1410	178.875000	179.269531	A2	67	80	0	0	21780	P1-121-15	0	-
1411	178.880208	178.959635	A5	59	80	0	0	21780	P1-121-9	0	-
1412	178.967448	179.014323	E5	59	80	0	0	21795	P1-121-10	0	-
1413	179.052083	179.117188	A5	59	80	0	0	21810	P1-121-11	0	-
1414	179.144531	179.259115	C6	67	80	0	0	21825	P1-121-12	0	-
1415	179.223958	179.658854	B2	69	80	0	0	21840	P1-122-13	0	-
1416	179.265625	179.304688	A5	54	80	0	0	21840	P1-122-1	0	-
1417	179.356771	179.414062	D5	56	80	0	0	21855	P1-122-2	0	-
1418	179.425781	179.494792	A5	60	80	0	0	21870	P1-122-3	0	-
1419	179.518229	179.669271	B5	61	80	0	0	21885	P1-122-4	0	-
1420	179.626302	180.509115	E3	85	80	0	0	21900	P1-122-14	0	-
1421	179.632812	179.721354	G#5	74	80	0	0	21900	P1-122-5	0	-
1422	179.743490	179.799479	D5	63	80	0	0	21915	P1-122-6	0	-
1423	179.834635	179.903646	G#5	68	80	0	0	21930	P1-122-7	0	-
1424	179.916667	179.979167	B5	68	80	0	0	21945	P1-122-8	0	-
1425	180.005208	180.070312	G#5	71	80	0	0	21960	P1-122-9	0	-
1426	180.013021	180.378906	B2	72	80	0	0	21960	P1-122-15	0	-
1427	180.125000	180.175781	D5	62	80	0	0	21975	P1-122-10	0	-
1428	180.197917	180.263021	G#5	63	80	0	0	21990	P1-122-11	0	-
1429	180.283854	180.347656	B5	62	80	0	0	22005	P1-122-12	0	-
1430	180.372396	180.809896	C3	70	80	0	0	22020	P1-123-13	0	-
1431	180.376302	180.389323	A5	64	80	0	0	22020	P1-123-1	1	-
1432	180.484375	180.539062	C5	65	80	0	0	22035	P1-123-2	0	-
1433	180.567708	180.623698	G#5	63	80	0	0	22050	P1-123-3	0	-
1434	180.647135	180.705729	A5	68	80	0	0	22065	P1-123-4	1	-
1435	180.752604	181.479167	E3	83	80	0	0	22080	P1-123-14	0	-
1436	180.760417	180.837240	G#5	72	80	0	0	22080	P1-123-5	0	-
1437	180.855469	180.923177	A5	70	80	0	0	22095	P1-123-6	0	-
1438	180.960938	181.019531	C5	64	80	0	0	22110	P1-123-7	0	-
1439	181.041667	181.149740	A5	63	80	0	0	22125	P1-123-8	0	-
1440	181.084635	181.459635	C3	67	80	0	0	22140	P1-123-15	0	-
1441	181.121094	181.183594	G#5	63	80	0	0	22140	P1-123-9	0	-
1442	181.208333	181.269531	A5	69	80	0	0	22155	P1-123-10	0	-
1443	181.303385	181.408854	C5	59	80	0	0	22170	P1-123-11	0	-
1444	181.364583	181.449219	A5	70	80	0	0	22185	P1-123-12	0	-
1445	181.457031	181.899740	Eb3	80	80	0	0	22200	P1-124-13	0	-
1446	181.459635	181.528646	A5	63	80	0	0	22200	P1-124-1	0	-
1447	181.571615	181.641927	B4	65	80	0	0	22215	P1-124-2	0	-
1448	181.671875	181.756510	A5	71	80	0	0	22230	P1-124-3	0	-
1449	181.765625	181.865885	B5	73	80	0	0	22245	P1-124-4	0	-
1450	181.852865	182.869792	B3	90	80	0	0	22260	P1-124-14	0	-
1451	181.864583	181.954427	A5	74	80	0	0	22260	P1-124-5	0	-
1452	181.988281	182.054688	B4	73	80	0	0	22275	P1-124-6	0	-
1453	182.091146	182.153646	A5	77	80	0	0	22290	P1-124-7	0	-
1454	182.174479	182.239583	B5	70	80	0	0	22305	P1-124-8	0	-
1455	182.223958	182.628906	Eb3	77	80	0	0	22320	P1-124-15	0	-
1456	182.246094	182.320312	A5	73	80	0	0	22320	P1-124-9	0	-
1457	182.348958	182.417969	B4	69	80	0	0	22335	P1-124-10	0	-
1458	182.444010	182.529948	A5	76	80	0	0	22350	P1-124-11	0	-
1459	182.535156	182.622396	B5	69	80	0	0	22365	P1-124-12	0	-
1460	182.595052	183.259115	E3	83	80	0	0	22380	P1-125-13	0	-
1461	182.621094	182.712240	A5	71	80	0	0	22380	P1-125-1	0	-
1462	182.733073	182.809896	B4	68	80	0	0	22395	P1-125-2	0	-
1463	182.833333	182.933594	A5	82	80	0	0	22410	P1-125-3	0	-
1464	182.933594	183.014323	B5	76	80	0	0	22425	P1-125-4	0	-
1465	183.020833	183.096354	A5	82	80	0	0	22440	P1-125-5	0	-
1466	183.022135	183.559896	C4	90	80	0	0	22440	P1-125-14	0	-
1467	183.132812	183.204427	B4	73	80	0	0	22455	P1-125-6	0	-
1468	183.226562	183.299479	A5	79	80	0	0	22470	P1-125-7	0	-
1469	183.304688	183.384115	B5	82	80	0	0	22485	P1-125-8	0	-
1470	183.376302	183.769531	E3	80	80	0	0	22500	P1-125-15	0	-
1471	183.386719	183.463542	A5	73	80	0	0	22500	P1-125-9	0	-
1472	183.486979	183.559896	B4	75	80	0	0	22515	P1-125-10	0	-
1473	183.575521	183.661458	A5	78	80	0	0	22530	P1-125-11	0	-
1474	183.664062	183.743490	B5	78	80	0	0	22545	P1-125-12	0	-
1475	183.734375	184.265625	F#3	92	80	0	0	22560	P1-126-13	0	-
1476	183.748698	183.833333	A5	82	80	0	0	22560	P1-126-1	0	-
1477	183.872396	183.940104	B4	74	80	0	0	22575	P1-126-2	0	-
1478	183.959635	184.054688	A5	80	80	0	0	22590	P1-126-3	0	-
1479	184.055990	184.134115	B5	77	80	0	0	22605	P1-126-4	0	-
1480	184.143229	184.205729	A5	81	80	0	0	22620	P1-126-5	0	-
1481	184.173177	184.908854	Eb4	99	80	0	0	22620	P1-126-14	0	-
1482	184.260417	184.335938	B4	74	80	0	0	22635	P1-126-6	0	-
1483	184.364583	184.449219	A5	79	80	0	0	22650	P1-126-7	0	-
1484	184.447917	184.519531	B5	77	80	0	0	22665	P1-126-8	0	-
1485	184.511719	184.884115	F#3	91	80	0	0	22680	P1-126-15	0	-
1486	184.523438	184.592448	A5	77	80	0	0	22680	P1-126-9	0	-
1487	184.622396	184.678385	B4	64	80	0	0	22695	P1-126-10	0	-
1488	184.709635	184.786458	A5	76	80	0	0	22710	P1-126-11	0	-
1489	184.799479	184.865885	B5	76	80	0	0	22725	P1-126-12	0	-
1490	184.876302	185.359375	G3	79	80	0	0	22740	P1-127-13	0	-
1491	184.878906	184.950521	G5	73	80	0	0	22740	P1-127-1	0	-
1492	184.975260	185.048177	B4	69	80	0	0	22755	P1-127-2	0	-
1493	185.072917	185.144531	G5	73	80	0	0	22770	P1-127-3	0	-
1494	185.145833	185.279948	B5	80	80	0	0	22785	P1-127-4	0	-
1495	185.236979	185.679688	E4	102	80	0	0	22800	P1-127-14	0	-
1496	185.239583	185.305990	G5	82	80	0	0	22800	P1-127-5	0	-
1497	185.322917	185.391927	B4	77	80	0	0	22815	P1-127-6	0	-
1498	185.410156	185.485677	G5	81	80	0	0	22830	P1-127-7	0	-
1499	185.488281	185.598958	B5	83	80	0	0	22845	P1-127-8	0	-
1500	185.604167	185.839844	G3	85	80	0	0	22860	P1-127-15	0	-
1501	185.613281	185.692708	B5	88	80	0	0	22860	P1-127-9	0	-
1502	185.710938	185.773438	E5	78	80	0	0	22875	P1-127-10	0	-
1503	185.794271	185.884115	B5	84	80	0	0	22890	P1-127-11	0	-
1504	185.885417	185.992188	E6	95	80	0	0	22905	P1-127-12	0	-
1505	185.957031	186.589844	A3	81	80	0	0	22920	P1-128-13	0	-
1506	185.973958	186.075521	C6	93	80	0	0	22920	P1-128-1	0	-
1507	186.093750	186.170573	E5	73	80	0	0	22935	P1-128-2	0	-
1508	186.194010	186.283854	C6	78	80	0	0	22950	P1-128-3	0	-
1509	186.278646	186.375000	E6	84	80	0	0	22965	P1-128-4	0	-
1510	186.381510	186.462240	C6	92	80	0	0	22980	P1-128-5	0	-
1511	186.397135	186.859375	F#4	101	80	0	0	22980	P1-128-14	0	-
1512	186.484375	186.552083	E5	74	80	0	0	22995	P1-128-6	0	-
1513	186.584635	186.664062	C6	79	80	0	0	23010	P1-128-7	0	-
1514	186.654948	186.744792	E6	85	80	0	0	23025	P1-128-8	0	-
1515	186.734375	186.815104	C6	80	80	0	0	23040	P1-128-9	0	-
1516	186.751302	187.098958	A3	86	80	0	0	23040	P1-128-15	0	-
1517	186.826823	186.885417	E5	73	80	0	0	23055	P1-128-10	0	-
1518	186.912760	186.993490	C6	77	80	0	0	23070	P1-128-11	0	-
1519	186.993490	187.104167	E6	84	80	0	0	23085	P1-128-12	0	-
1520	187.084635	187.639323	Bb3	90	80	0	0	23100	P1-129-13	0	-
1521	187.089844	187.187500	C#6	91	80	0	0	23100	P1-129-1	0	-
1522	187.192708	187.289062	G5	77	80	0	0	23115	P1-129-2	0	-
1523	187.283854	187.381510	C#6	84	80	0	0	23130	P1-129-3	0	-
1524	187.369792	187.481771	E6	82	80	0	0	23145	P1-129-4	0	-
1525	187.457031	187.848958	G4	97	80	0	0	23160	P1-129-14	0	-
1526	187.460938	187.557292	C#6	79	80	0	0	23160	P1-129-5	0	-
1527	187.555990	187.636719	G5	83	80	0	0	23175	P1-129-6	0	-
1528	187.656250	187.747396	C#6	85	80	0	0	23190	P1-129-7	0	-
1529	187.743490	187.841146	E6	85	80	0	0	23205	P1-129-8	0	-
1530	187.808594	188.029948	Bb3	87	80	0	0	23220	P1-129-15	0	-
1531	187.834635	187.904948	C#6	76	80	0	0	23220	P1-129-9	0	-
1532	187.915365	188.059896	G5	69	80	0	0	23235	P1-129-10	0	-
1533	187.996094	188.079427	C#6	78	80	0	0	23250	P1-129-11	0	-
1534	188.072917	188.162760	E6	84	80	0	0	23265	P1-129-12	0	-
1535	188.166667	188.628906	B3	97	80	0	0	23280	P1-130-13	0	-
1536	188.171875	188.264323	B5	73	80	0	0	23280	P1-130-1	0	-
1537	188.283854	188.361979	G5	80	80	0	0	23295	P1-130-2	0	-
1538	188.361979	188.434896	B5	78	80	0	0	23310	P1-130-3	0	-
1539	188.436198	188.524740	E6	83	80	0	0	23325	P1-130-4	0	-
1540	188.506510	188.938802	E4	97	80	0	0	23340	P1-130-14	0	-
1541	188.510417	188.615885	G6	87	80	0	0	23340	P1-130-5	0	-
1542	188.600260	188.704427	F#6	91	80	0	0	23355	P1-130-6	0	-
1543	188.704427	188.789062	E6	81	80	0	0	23370	P1-130-7	0	-
1544	188.783854	188.885417	D#6	87	80	0	0	23385	P1-130-8	0	-
1545	188.871094	189.839844	G4	91	80	0	0	23400	P1-130-15	0	-
1546	188.884115	188.981771	E6	90	80	0	0	23400	P1-130-9	0	-
1547	188.975260	189.065104	D#6	87	80	0	0	23415	P1-130-10	0	-
1548	189.067708	189.170573	E6	86	80	0	0	23430	P1-130-11	0	-
1549	189.156250	189.243490	F#6	90	80	0	0	23445	P1-130-12	0	-
1550	189.246094	189.408854	G6	94	80	0	0	23460	P1-131-1	0	-
1551	189.251302	190.009115	B4	83	80	0	0	23460	P1-131-13	0	-
1552	189.333333	189.449219	F#6	80	80	0	0	23475	P1-131-2	0	-
1553	189.415365	189.507812	E6	89	80	0	0	23490	P1-131-3	0	-
1554	189.510417	189.582031	D#6	89	80	0	0	23505	P1-131-4	0	-
1555	189.595052	189.700521	G6	94	80	0	0	23520	P1-131-5	0	-
1556	189.595052	189.739583	E5	88	80	0	0	23520	P1-131-14	0	-
1557	189.684896	189.781250	F#6	88	80	0	0	23535	P1-131-6	0	-
1558	189.770833	189.882812	E6	91	80	0	0	23550	P1-131-7	0	-
1559	189.861979	189.953125	D#6	94	80	0	0	23565	P1-131-8	0	-
1560	189.963542	190.083333	G6	101	80	0	0	23580	P1-131-9	0	-
1561	189.973958	190.066406	G5	94	80	0	0	23580	P1-131-15	0	-
1562	190.057292	190.164062	F#6	89	80	0	0	23595	P1-131-10	0	-
1563	190.153646	190.261719	E6	90	80	0	0	23610	P1-131-11	0	-
1564	190.235677	190.372396	D#6	93	80	0	0	23625	P1-131-12	0	-
1565	190.354167	190.565104	G6	100	80	0	0	23640	P1-132-1	0	-
1566	190.457031	190.566406	F#6	94	80	0	0	23655	P1-132-2	0	-
1567	190.549479	190.666667	E6	91	80	0	0	23670	P1-132-3	0	-
1568	190.648438	190.740885	D#6	95	80	0	0	23685	P1-132-4	0	-
1569	190.740885	190.875000	E6	93	80	0	0	23700	P1-132-5	0	-
1570	190.743490	190.864583	G5	93	80	0	0	23700	P1-132-8	0	-
1571	190.860677	190.958333	F#5	92	80	0	0	23715	P1-132-9	0	-
1572	190.955729	191.013021	E5	73	80	0	0	23730	P1-132-10	0	-
1573	191.022135	191.105469	D#5	79	80	0	0	23745	P1-132-11	0	-
1574	191.114583	192.119792	E5	101	80	0	0	23760	P1-132-12	0	-
1575	191.774740	192.098958	G6	79	80	0	0	23820	P1-133-1	0	-
1576	192.015625	192.257812	F#6	91	80	0	0	23850	P1-133-2	0	-
1577	192.235677	192.466146	E6	75	80	0	0	23880	P1-133-3	0	-
1578	192.238281	192.475260	G5	67	80	0	0	23880	P1-133-7	0	-
1579	192.454427	192.701823	F#5	65	80	0	0	23910	P1-133-8	0	-
1580	192.455729	192.695312	D#6	63	80	0	0	23910	P1-133-4	0	-
1581	192.684896	193.399740	E6	65	80	0	0	23940	P1-133-5	0	-
1582	192.692708	193.149740	E5	58	80	0	0	23940	P1-133-9	0	-
1583	192.917969	193.309896	F#5	38	80	0	0	23970	*	3	-
1584	192.917969	193.709635	D#5	46	80	0	0	23970	P1-133-10	0	-
1585	193.205729	193.859375	G6	78	80	0	0	24000	P1-134-1	0	-
1586	193.264323	193.688802	E5	33	80	0	0	24000	P1-134-4	0	-
1587	193.686198	194.179688	F#6	83	80	0	0	24060	P1-134-2	0	-
1588	194.096354	194.658854	E6	73	80	0	0	24120	P1-134-3	0	-
1589	194.101562	194.585938	G5	68	80	0	0	24120	P1-134-6	0	-
1590	194.545573	195.009115	D#6	56	80	0	0	24180	P1-135-1	0	-
1591	194.546875	195.005208	F#5	58	80	0	0	24180	P1-135-4	0	-
1592	194.983073	195.384115	E6	54	80	0	0	24240	P1-135-2	0	-
1593	194.993490	195.388021	E5	50	80	0	0	24240	P1-135-5	0	-
1594	195.404948	196.429688	D#5	44	80	0	0	24300	P1-135-6	0	-
1595	195.860677	197.139323	G6	74	80	0	0	24360	P1-136-1	0	-
1596	195.906250	196.500000	E5	33	80	0	0	24360	P1-136-3	0	-
1597	196.864583	197.559896	F#6	63	80	0	0	24480	P1-136-2	0	-
1598	197.332031	198.339844	G5	55	80	0	0	24540	P1-137-4	0	-
1599	197.804688	198.438802	E6	57	80	0	0	24600	P1-137-2	0	-
1600	198.244792	198.908854	F#5	49	80	0	0	24660	P1-137-5	0	-
1601	198.725260	199.919271	G4	63	80	0	0	24720	P1-138-1	0	-
1602	199.192708	199.799479	E5	51	80	0	0	24780	P1-138-5	0	-
1603	199.712240	200.589844	F#4	64	80	0	0	24840	P1-138-2	0	-
1604	200.045573	200.203125	E4	46	80	0	0	24870	P1-138-3	0	-
1605	200.334635	201.385417	G4	50	80	0	0	24900	P1-139-4	0	-
1606	200.343750	200.774740	E4	50	80	0	0	24900	P1-139-1	0	-
1607	201.292969	201.729167	F#4	65	80	0	0	25020	P1-139-5	0	-
1608	201.600260	201.712240	E4	57	80	0	0	25050	P1-139-6	0	-
1609	201.876302	202.438802	E4	48	80	0	0	25080	P1-140-5	0	-
1610	202.361979	203.229167	G4	46	80	0	0	25140	P1-140-2	0	-
1611	202.368490	202.378906	B3	32	80	0	0	25140	*	3	-
1612	202.824219	203.014323	F#4	45	80	0	0	25200	P1-140-3	0	-
1613	202.854167	202.859375	A3	28	80	0	0	25200	*	3	-
1614	203.053385	203.259115	E4	39	80	0	0	25230	P1-140-4	0	-
1615	203.264323	203.609375	F#4	44	80	0	0	25260	P1-141-6	0	-
1616	203.273438	203.378906	E4	43	80	0	0	25260	P1-141-1	0	-
1617	203.464844	203.598958	E4	45	80	0	0	25290	P1-141-7	0	-
1618	203.674479	203.842448	E4	47	80	0	0	25320	P1-141-8	0	-
1619	203.875000	204.109375	G4	49	80	0	0	25350	P1-141-3	0	-
1620	204.078125	204.279948	F#4	51	80	0	0	25380	P1-141-4	0	-
1621	204.243490	204.472656	G5	63	80	0	0	25410	P1-141-10	0	-
1622	204.282552	205.269531	E4	59	80	0	0	25410	P1-141-5	0	-
1623	204.472656	204.634115	F#5	66	80	0	0	25440	P1-142-7	0	-
1624	204.652344	204.903646	G6	90	80	0	0	25470	P1-142-2	0	-
1625	204.657552	204.878906	E5	70	80	0	0	25470	P1-142-8	0	-
1626	204.859375	205.045573	F#6	93	80	0	0	25500	P1-142-3	0	-
1627	205.024740	205.218750	E6	94	80	0	0	25530	P1-142-4	0	-
1628	205.033854	205.243490	G5	87	80	0	0	25530	P1-142-10	0	-
1629	205.225260	205.399740	F#5	79	80	0	0	25560	P1-142-11	0	-
1630	205.368490	205.434896	E5	71	80	0	0	25590	P1-142-12	0	-
1631	205.414062	205.679688	G4	87	80	0	0	25590	P1-142-6	0	-
1632	205.611979	205.848958	F#4	85	80	0	0	25620	P1-143-1	0	-
1633	205.757812	205.958333	G3	78	80	0	0	25650	P1-143-6	0	-
1634	205.773438	206.069010	E4	77	80	0	0	25650	P1-143-2	0	-
1635	205.953125	206.105469	F#3	83	80	0	0	25680	P1-143-7	0	-
1636	206.123698	206.184896	E3	72	80	0	0	25710	P1-143-8	0	-
1637	206.345052	206.459635	G4	85	80	0	0	25740	P1-143-4	0	-
1638	206.350260	206.421875	G3	93	80	0	0	25800	*	3	-
1639	206.354167	206.459635	E4	85	80	0	0	25800	*	3	-
1640	206.354167	206.421875	E2	87	80	0	0	25800	*	3	-
1641	206.358073	206.419271	E3	91	80	0	0	25800	*	3	-
1642	206.358073	206.427083	B3	88	80	0	0	25800	*	3	-
1643	206.824219	207.389323	G4	91	80	0	0	25800	P1-144-1	0	-
1644	206.825521	207.309896	G3	92	80	0	0	25800	P1-144-3	0	-
1645	206.834635	207.348958	E4	88	80	0	0	25800	P1-144-5	0	-
1646	206.835938	207.179688	B3	86	80	0	0	25800	P1-144-4	0	-
1647	206.835938	207.259115	E3	91	80	0	0	25800	P1-144-13	0	-
1648	206.835938	207.429688	E2	82	80	0	0	25800	P1-144-12	0	-
1649	207.333333	207.428385	F#4	88	80	0	0	25890	P1-144-9	0	-
1650	207.542969	207.653646	E4	87	80	0	0	25920	P1-144-11	0	-
1651	207.546875	207.697917	G3	87	80	0	0	25920	P1-144-10	0	-
1652	207.552083	207.729167	E3	85	80	0	0	25920	P1-144-15	0	-
1653	207.553385	207.710938	E2	81	80	0	0	25920	P1-144-14	0	-
1654	207.993490	208.369792	A3	90	80	0	0	25980	P1-145-1	0	-
1655	207.994792	208.468750	A4	86	80	0	0	25980	P1-145-3	0	-
1656	207.996094	208.259115	D3	89	80	0	0	25980	P1-145-8	0	-
1657	207.998698	208.289062	D2	84	80	0	0	25980	P1-145-7	0	-
1658	207.998698	208.419271	F#4	81	80	0	0	25980	P1-145-2	0	-
1659	208.873698	209.179688	A4	56	80	0	0	26100	P1-145-6	0	-
1660	208.882812	209.188802	F#4	50	80	0	0	26100	P1-145-5	0	-
1661	208.906250	209.114583	D4	36	80	0	0	26100	P1-145-10	0	-
1662	208.907552	209.139323	A3	40	80	0	0	26100	*	3	-
1663	209.345052	209.977865	A4	64	80	0	0	26160	P1-146-2	0	-
1664	209.363281	209.500000	A3	53	80	0	0	26160	*	3	-
1665	209.364583	209.989583	D4	46	80	0	0	26160	P1-146-7	0	-
1666	209.364583	210.019531	F#4	56	80	0	0	26160	P1-146-1	0	-
1667	209.365885	210.009115	C4	46	80	0	0	26160	P1-146-6	0	-
1668	209.375000	209.389323	D3	43	80	0	0	26160	*	3	-
1669	209.984375	210.089844	G4	56	80	0	0	26250	P1-146-3	0	-
1670	209.996094	210.084635	B3	41	80	0	0	26250	P1-146-8	0	-
1671	210.002604	210.080729	D4	34	80	0	0	26250	P1-146-9	0	-
1672	210.225260	210.479167	A4	41	80	0	0	26280	P1-146-5	0	-
1673	210.227865	210.500000	F#4	44	80	0	0	26280	P1-146-4	0	-
1674	210.227865	210.342448	A3	41	80	0	0	26280	P1-146-10	0	-
1675	210.234375	210.438802	C4	38	80	0	0	26280	P1-146-11	0	-
1676	210.683594	210.877604	G4	39	80	0	0	26340	P1-147-1	0	-
1677	210.684896	210.884115	B4	45	80	0	0	26340	P1-147-2	0	-
1678	210.692708	210.880208	G3	34	80	0	0	26340	P1-147-8	0	-
1679	210.696615	210.876302	B3	33	80	0	0	26340	P1-147-9	0	-
1680	211.473958	211.554688	B4	84	80	0	0	26460	P1-147-7	0	-
1681	211.480469	211.546875	D4	82	80	0	0	26460	P1-147-5	0	-
1682	211.484375	211.545573	G3	88	80	0	0	26460	P1-147-12	0	-
1683	211.485677	211.545573	B3	84	80	0	0	26460	P1-147-4	0	-
1684	211.485677	211.552083	G2	84	80	0	0	26460	P1-147-11	0	-
1685	211.950521	212.598958	B4	89	80	0	0	26520	P1-148-1	0	-
1686	211.954427	212.429688	D4	82	80	0	0	26520	P1-148-4	0	-
1687	211.958333	212.500000	B3	87	80	0	0	26520	P1-148-3	0	-
1688	211.959635	212.579427	G4	82	80	0	0	26520	P1-148-5	0	-
1689	211.960938	212.408854	G3	89	80	0	0	26520	P1-148-13	0	-
1690	211.963542	212.519531	G2	82	80	0	0	26520	P1-148-12	0	-
1691	212.565104	212.643229	A4	84	80	0	0	26610	P1-148-9	0	-
1692	212.761719	213.000000	G4	83	80	0	0	26640	P1-148-11	0	-
1693	212.764323	212.825521	G2	84	80	0	0	26640	P1-148-15	0	-
1694	212.764323	212.842448	B3	84	80	0	0	26640	P1-148-10	0	-
1695	212.766927	212.889323	G1	79	80	0	0	26640	P1-148-14	0	-
1696	213.239583	213.829427	C#5	89	80	0	0	26700	P1-149-3	0	-
1697	213.244792	213.769531	C#4	85	80	0	0	26700	P1-149-1	0	-
1698	213.244792	213.579427	F#2	84	80	0	0	26700	P1-149-8	0	-
1699	213.246094	213.489583	F#1	83	80	0	0	26700	P1-149-7	0	-
1700	213.246094	213.848958	Bb4	86	80	0	0	26700	P1-149-2	0	-
1701	214.140625	214.459635	C#5	60	80	0	0	26820	P1-149-6	0	-
1702	214.165365	214.500000	Bb4	44	80	0	0	26820	P1-149-5	0	-
1703	214.166667	214.378906	C#4	36	80	0	0	26820	*	3	-
1704	214.170573	214.509115	F#4	43	80	0	0	26820	P1-149-10	0	-
1705	214.674479	215.098958	C#5	63	80	0	0	26880	P1-150-2	0	-
1706	214.701823	215.119792	F#4	45	80	0	0	26880	P1-150-7	0	-
1707	214.704427	215.359375	Bb4	54	80	0	0	26880	P1-150-1	0	-
1708	214.705729	215.378906	E4	45	80	0	0	26880	P1-150-6	0	-
1709	215.315104	215.589844	B4	49	80	0	0	26970	P1-150-3	0	-
1710	215.354167	215.919271	F#4	27	80	0	0	26970	P1-150-9	0	-
1711	215.355469	215.519531	D4	26	80	0	0	26970	P1-150-8	0	-
1712	215.557292	216.149740	C#5	48	80	0	0	27000	P1-150-5	0	-
1713	215.579427	216.071615	C#4	34	80	0	0	27000	P1-150-10	0	-
1714	215.580729	216.098958	Bb4	43	80	0	0	27000	P1-150-4	0	-
1715	215.636719	216.169271	E4	28	80	0	0	27000	P1-150-11	0	-
1716	216.089844	216.416667	D5	49	80	0	0	27060	P1-151-2	0	-
1717	216.126302	216.406250	D4	25	80	0	0	27060	P1-151-6	0	-
1718	216.132812	216.410156	B4	31	80	0	0	27060	P1-151-1	0	-
1719	216.134115	216.414062	B3	25	80	0	0	27060	P1-151-5	0	-
1720	217.085938	218.579427	D5	61	80	0	0	27180	P1-151-4	0	-
1721	217.583333	218.218750	B3	40	80	0	0	27240	P1-152-6	0	-
1722	217.592448	218.218750	D4	41	80	0	0	27240	P1-152-4	0	-
1723	217.593750	219.949219	G4	39	80	0	0	27240	P1-152-7	0	-
1724	218.055990	218.979167	G5	66	80	0	0	27300	P1-152-2	0	-
1725	218.518229	219.359375	E5	67	80	0	0	27360	P1-152-3	0	-
1726	218.552083	219.959635	E4	42	80	0	0	27360	P1-152-5	0	-
1727	218.957031	219.411458	D5	66	80	0	0	27420	P1-153-1	0	-
1728	218.988281	219.449219	A3	36	80	0	0	27420	P1-153-6	0	-
1729	219.401042	219.649740	C5	59	80	0	0	27480	P1-153-2	0	-
1730	219.817708	220.757812	C5	66	80	0	0	27540	P1-153-3	0	-
1731	219.839844	220.332031	D#4	49	80	0	0	27540	P1-153-8	0	-
1732	219.845052	220.848958	F#4	42	80	0	0	27540	P1-153-5	0	-
1733	220.278646	221.329427	D4	55	80	0	0	27600	P1-154-6	0	-
1734	220.723958	221.289062	A5	68	80	0	0	27660	P1-154-2	0	-
1735	221.184896	222.179688	C5	65	80	0	0	27720	P1-154-3	0	-
1736	221.200521	221.759115	F#4	45	80	0	0	27720	P1-154-7	0	-
1737	221.643229	223.059896	G4	48	80	0	0	27780	P1-155-4	0	-
1738	222.105469	222.279948	B4	46	80	0	0	27840	P1-155-2	0	-
1739	222.598958	225.279948	B4	54	80	0	0	27900	P1-155-3	0	-
1740	222.636719	223.169271	G3	30	80	0	0	27900	P1-155-5	0	-
1741	223.095052	224.699219	E3	39	80	0	0	27960	P1-156-4	0	-
1742	223.531250	223.718750	G4	41	80	0	0	28020	P1-156-2	0	-
1743	224.040365	225.908854	G4	42	80	0	0	28080	P1-156-3	0	-
1744	224.053385	224.809896	E4	40	80	0	0	28080	P1-156-5	0	-
1745	224.584635	225.468750	C4	28	80	0	0	28140	P1-157-4	0	-
1746	225.083333	225.419271	E4	39	80	0	0	28200	P1-157-2	0	-
1747	225.703125	228.389323	E4	39	80	0	0	28260	P1-157-3	0	-
1748	225.726562	227.000000	C3	25	80	0	0	28260	P1-157-8	0	-
1749	226.350260	228.218750	C2	38	80	0	0	28320	P1-158-4	0	-
1750	226.973958	227.919271	G3	35	80	0	0	28380	P1-158-2	0	-
1751	227.716146	229.269531	E3	31	80	0	0	28440	P1-158-3	0	-
1752	229.225260	231.929688	B3	23	80	0	0	28500	P1-159-2	0	-
1753	229.253906	232.339844	D#3	28	80	0	0	28500	P1-159-1	0	-
1754	229.253906	232.250000	B2	22	80	0	0	28500	P1-159-6	0	-
1755	229.265625	232.319010	B1	26	80	0	0	28500	P1-159-5	0	-
1756	233.921875	235.378906	E6	65	80	0	0	28620	P1-159-4	0	-
1757	233.936198	234.949219	E5	47	80	0	0	28620	P1-159-3	0	-
1758	234.553385	235.429688	B3	39	80	0	0	28680	P1-160-8	0	-
1759	234.563802	235.688802	E3	35	80	0	0	28680	P1-160-9	0	-
1760	234.566406	235.549479	G2	34	80	0	0	28680	P1-160-7	0	-
1761	235.335938	235.589844	D#6	70	80	0	0	28770	P1-160-4	0	-
1762	235.343750	235.442708	D#5	59	80	0	0	28770	P1-160-3	0	-
1763	235.583333	235.739583	E6	78	80	0	0	28800	P1-160-6	0	-
1764	235.588542	235.709635	E5	65	80	0	0	28800	P1-160-5	0	-
1765	236.152344	237.089844	F#4	67	80	0	0	28860	P1-161-3	0	-
1766	236.174479	236.929688	E4	61	80	0	0	28860	P1-161-2	0	-
1767	236.178385	236.848958	C4	49	80	0	0	28860	P1-161-1	0	-
1768	236.184896	237.019531	A2	43	80	0	0	28860	P1-161-8	0	-
1769	237.095052	237.598958	F#4	67	80	0	0	28980	P1-161-6	0	-
1770	237.115885	237.619792	E4	63	80	0	0	28980	P1-161-5	0	-
1771	237.117188	237.649740	Bb2	52	80	0	0	28980	P1-161-10	0	-
1772	237.122396	237.459635	C#4	60	80	0	0	28980	P1-161-4	0	-
1773	237.725260	239.029948	F#4	69	80	0	0	29040	P1-162-1	0	-
1774	237.740885	239.529948	D#4	66	80	0	0	29040	P1-162-4	0	-
1775	237.743490	239.589844	A3	57	80	0	0	29040	P1-162-3	0	-
1776	237.746094	239.649740	B2	49	80	0	0	29040	P1-162-14	0	-
1777	238.640625	239.032552	G4	64	80	0	0	29130	P1-162-7	0	-
1778	238.994792	239.649740	A4	68	80	0	0	29160	P1-162-10	0	-
1779	239.234375	239.579427	G4	71	80	0	0	29190	P1-162-13	0	-
1780	239.523438	240.269531	F#4	64	80	0	0	29220	P1-163-1	0	-
1781	239.548177	240.919271	G3	46	80	0	0	29220	P1-163-6	0	-
1782	239.557292	240.679688	C3	38	80	0	0	29220	P1-163-5	0	-
1783	240.067708	240.319010	E4	56	80	0	0	29280	P1-163-2	0	-
1784	240.677083	241.938802	E6	73	80	0	0	29340	P1-163-4	0	-
1785	240.695312	241.859375	E5	55	80	0	0	29340	P1-163-3	0	-
1786	240.697917	241.679688	B2	44	80	0	0	29340	P1-163-7	0	-
1787	240.964844	241.369792	A2	53	80	0	0	29370	P1-163-8	0	-
1788	241.335938	242.399740	G2	51	80	0	0	29400	P1-164-9	0	-
1789	241.361979	242.949219	E3	54	80	0	0	29400	P1-164-7	0	-
1790	241.367188	242.378906	B3	59	80	0	0	29400	P1-164-8	0	-
1791	242.243490	242.489583	D#6	84	80	0	0	29490	P1-164-4	0	-
1792	242.253906	242.412760	D#5	78	80	0	0	29490	P1-164-3	0	-
1793	242.557292	242.869792	E6	89	80	0	0	29520	P1-164-6	0	-
1794	242.563802	242.929688	E5	79	80	0	0	29520	P1-164-5	0	-
1795	242.563802	243.000000	G#2	67	80	0	0	29520	P1-164-10	0	-
1796	243.358073	244.609375	F#4	77	80	0	0	29580	P1-165-3	0	-
1797	243.368490	244.369792	C4	63	80	0	0	29580	P1-165-1	0	-
1798	243.372396	244.449219	E4	72	80	0	0	29580	P1-165-2	0	-
1799	243.384115	244.598958	A2	56	80	0	0	29580	P1-165-7	0	-
1800	245.072917	245.889323	F#4	46	80	0	0	29700	P1-165-6	0	-
1801	245.095052	246.199219	E4	45	80	0	0	29700	P1-165-5	0	-
1802	245.104167	245.718750	C#4	35	80	0	0	29700	P1-165-4	0	-
1803	245.111979	245.829427	Bb2	32	80	0	0	29700	P1-165-8	0	-
1804	245.113281	245.119792	Bb3	34	80	0	0	29700	*	3	-
1805	246.035156	247.658854	F#4	49	80	0	0	29760	P1-166-1	0	-
1806	246.054688	248.899740	D#4	45	80	0	0	29760	P1-166-4	0	-
1807	246.057292	248.929688	A3	37	80	0	0	29760	P1-166-3	0	-
1808	246.101562	248.799479	B2	26	80	0	0	29760	P1-166-15	0	-
1809	247.444010	248.279948	A4	53	80	0	0	29850	P1-166-7	0	-
1810	248.033854	248.492188	G4	41	80	0	0	29880	P1-166-10	0	-
1811	248.514323	249.429688	F#4	41	80	0	0	29910	P1-166-13	0	-
1812	249.335938	251.039062	E4	32	80	0	0	29940	P1-167-2	0	-
1813	249.338542	250.829427	G3	26	80	0	0	29940	P1-167-1	0	-
1814	249.367188	251.098958	E2	22	80	0	0	29940	P1-167-6	0	-
1815	249.371094	250.269531	E3	21	80	0	0	29940	P1-167-7	0	-
1816	253.421875	253.699219	G3	18	80	0	0	30060	P1-167-4	0	-
1817	253.425781	253.679688	G2	16	80	0	0	30060	P1-167-10	0	-
1818	253.428385	253.622396	G1	18	80	0	0	30060	P1-167-9	0	-
1819	253.945312	254.009115	G4	31	80	0	0	30120	P1-168-2	0	-
1820	253.949219	254.239583	G3	28	80	0	0	30120	P1-168-1	0	-
1821	253.957031	254.289062	G2	24	80	0	0	30120	P1-168-6	0	-
1822	253.980469	254.199219	G1	21	80	0	0	30120	P1-168-5	0	-
1823	254.022135	254.259115	G4	15	80	0	0	30120	*	3	-
1824	254.826823	255.083333	C5	38	80	0	0	30240	P1-168-4	0	-
1825	254.850260	255.062500	C4	24	80	0	0	30240	P1-168-3	0	-
1826	254.863281	255.061198	C3	22	80	0	0	30240	P1-168-8	0	-
1827	254.863281	255.058594	C2	21	80	0	0	30240	P1-168-7	0	-
1828	255.324219	255.658854	C5	46	80	0	0	30300	P1-169-2	0	-
1829	255.343750	255.699219	C2	24	80	0	0	30300	P1-169-5	0	-
1830	255.345052	255.669271	C3	25	80	0	0	30300	P1-169-6	0	-
1831	255.346354	255.649740	C4	34	80	0	0	30300	P1-169-1	0	-
1832	256.236979	256.549479	G5	42	80	0	0	30420	P1-169-4	0	-
1833	256.252604	256.419271	D5	34	80	0	0	30420	*	3	-
1834	256.255208	256.489583	B4	29	80	0	0	30420	*	3	-
1835	256.256510	256.463542	G2	28	80	0	0	30420	P1-169-7	0	-
1836	256.260417	256.463542	G4	28	80	0	0	30420	P1-169-3	0	-
1837	256.261719	256.463542	G3	27	80	0	0	30420	P1-169-8	0	-
1838	256.746094	257.109375	G5	49	80	0	0	30480	P1-170-2	0	-
1839	256.755208	257.098958	G3	34	80	0	0	30480	P1-170-6	0	-
1840	256.759115	257.069010	G4	41	80	0	0	30480	P1-170-1	0	-
1841	256.763021	257.128906	G2	30	80	0	0	30480	P1-170-5	0	-
1842	257.651042	257.875000	C6	42	80	0	0	30600	P1-170-4	0	-
1843	257.666667	257.845052	C5	37	80	0	0	30600	P1-170-3	0	-
1844	257.667969	257.815104	C4	33	80	0	0	30600	P1-170-8	0	-
1845	257.674479	257.959635	C3	31	80	0	0	30600	P1-170-7	0	-
1846	258.157552	258.539062	C6	51	80	0	0	30660	P1-171-2	0	-
1847	258.164062	258.489583	C5	47	80	0	0	30660	P1-171-1	0	-
1848	258.164062	258.569010	C4	32	80	0	0	30660	P1-171-7	0	-
1849	258.170573	258.529948	C3	32	80	0	0	30660	P1-171-6	0	-
1850	259.032552	259.115885	F6	102	80	0	0	30780	P1-171-5	0	-
1851	259.035156	259.109375	F5	99	80	0	0	30780	P1-171-3	0	-
1852	259.039062	259.114583	G4	95	80	0	0	30780	P1-171-11	0	-
1853	259.039062	259.115885	D6	95	80	0	0	30780	P1-171-4	0	-
1854	259.044271	259.125000	F4	94	80	0	0	30780	P1-171-10	0	-
1855	259.044271	259.132812	B3	85	80	0	0	30780	P1-171-8	0	-
1856	259.045573	259.134115	D4	86	80	0	0	30780	P1-171-9	0	-
1857	259.583333	260.429688	F6	104	80	0	0	30840	P1-172-3	0	-
1858	259.583333	260.389323	F5	102	80	0	0	30840	P1-172-1	0	-
1859	259.593750	260.769531	G4	97	80	0	0	30840	P1-172-13	0	-
1860	259.596354	260.769531	D4	89	80	0	0	30840	P1-172-11	0	-
1861	259.596354	260.779948	F4	93	80	0	0	30840	P1-172-12	0	-
1862	259.597656	260.739583	B3	88	80	0	0	30840	P1-172-10	0	-
1863	260.256510	260.423177	E6	99	80	0	0	30930	P1-172-4	0	-
1864	260.369792	260.484375	D6	92	80	0	0	30945	P1-172-5	0	-
1865	260.463542	260.555990	C6	86	80	0	0	30960	P1-172-6	0	-
1866	260.563802	260.653646	B5	78	80	0	0	30975	P1-172-7	0	-
1867	260.652344	260.735677	A5	84	80	0	0	30990	P1-172-8	0	-
1868	260.744792	260.825521	G5	85	80	0	0	31005	P1-172-9	0	-
1869	260.835938	260.902344	F5	80	80	0	0	31020	P1-173-1	0	-
1870	260.921875	261.039062	E5	82	80	0	0	31035	P1-173-2	0	-
1871	261.009115	261.082031	D5	85	80	0	0	31050	P1-173-3	0	-
1872	261.093750	261.152344	C5	74	80	0	0	31065	P1-173-4	0	-
1873	261.178385	261.291667	B4	84	80	0	0	31080	P1-173-5	0	-
1874	261.274740	261.364583	A4	78	80	0	0	31090	P1-173-6	0	-
1875	261.354167	261.436198	G4	78	80	0	0	31100	P1-173-7	0	-
1876	261.440104	261.493490	F4	76	80	0	0	31110	P1-173-8	0	-
1877	261.514323	261.602865	E4	80	80	0	0	31120	P1-173-9	0	-
1878	261.585938	261.666667	D4	81	80	0	0	31130	P1-173-10	0	-
1879	261.665365	261.734375	C4	76	80	0	0	31140	P1-173-11	0	-
1880	261.736979	261.834635	B3	82	80	0	0	31152	P1-173-12	0	-
1881	261.821615	261.885417	A3	78	80	0	0	31164	P1-173-13	0	-
1882	261.897135	261.992188	G3	79	80	0	0	31176	P1-173-14	0	-
1883	261.983073	262.050781	F#3	85	80	0	0	31188	P1-173-15	0	-
1884	262.074219	262.438802	G3	86	80	0	0	31200	P1-174-1	0	-
1885	262.821615	263.000000	F4	85	80	0	0	31320	P1-174-5	0	-
1886	262.824219	262.989583	D4	82	80	0	0	31320	P1-174-4	0	-
1887	262.824219	262.949219	B2	86	80	0	0	31320	P1-174-9	0	-
1888	262.825521	262.888021	G3	84	80	0	0	31320	P1-174-3	0	-
1889	262.833333	262.989583	B1	79	80	0	0	31320	P1-174-8	0	-
1890	263.274740	263.419271	E4	82	80	0	0	31380	P1-175-3	0	-
1891	263.276042	263.333333	C3	90	80	0	0	31380	P1-175-10	0	-
1892	263.276042	263.399740	G3	82	80	0	0	31380	P1-175-1	0	-
1893	263.278646	263.429688	C4	81	80	0	0	31380	P1-175-2	0	-
1894	263.281250	263.335938	C2	83	80	0	0	31380	P1-175-9	0	-
1895	264.052083	264.118490	D5	94	80	0	0	31500	P1-175-5	0	-
1896	264.054688	264.179688	D6	91	80	0	0	31500	P1-175-8	0	-
1897	264.057292	264.135417	D4	82	80	0	0	31500	P1-175-15	0	-
1898	264.059896	264.147135	B5	86	80	0	0	31500	P1-175-7	0	-
1899	264.063802	264.135417	B3	81	80	0	0	31500	P1-175-14	0	-
1900	264.065104	264.144531	G#3	73	80	0	0	31500	P1-175-13	0	-
1901	264.066406	264.132812	E3	74	80	0	0	31500	P1-175-12	0	-
1902	264.553385	265.309896	D5	100	80	0	0	31560	P1-176-1	0	-
1903	264.553385	265.279948	D6	98	80	0	0	31560	P1-176-4	0	-
1904	264.554688	265.269531	G#5	94	80	0	0	31560	P1-176-2	0	-
1905	264.555990	265.739583	D4	89	80	0	0	31560	P1-176-14	0	-
1906	264.561198	264.848958	B5	92	80	0	0	31560	P1-176-3	0	-
1907	264.562500	265.739583	B3	89	80	0	0	31560	P1-176-13	0	-
1908	264.566406	265.759115	G#3	81	80	0	0	31560	P1-176-12	0	-
1909	264.571615	266.029948	E3	84	80	0	0	31560	P1-176-11	0	-
1910	265.213542	265.345052	C6	92	80	0	0	31650	P1-176-5	0	-
1911	265.322917	265.414062	B5	85	80	0	0	31665	P1-176-6	0	-
1912	265.414062	265.522135	A5	79	80	0	0	31680	P1-176-7	0	-
1913	265.513021	265.621094	G#5	83	80	0	0	31695	P1-176-8	0	-
1914	265.602865	265.701823	F#5	88	80	0	0	31710	P1-176-9	0	-
1915	265.695312	265.782552	E5	77	80	0	0	31725	P1-176-10	0	-
1916	265.783854	265.864583	D5	77	80	0	0	31740	P1-177-1	0	-
1917	265.875000	265.972656	C5	76	80	0	0	31755	P1-177-2	0	-
1918	265.966146	266.044271	B4	76	80	0	0	31770	P1-177-3	0	-
1919	266.054688	266.121094	A4	71	80	0	0	31785	P1-177-4	0	-
1920	266.144531	266.263021	G#4	80	80	0	0	31800	P1-177-5	0	-
1921	266.225260	266.333333	F#4	77	80	0	0	31810	P1-177-6	0	-
1922	266.307292	266.389323	E4	77	80	0	0	31820	P1-177-7	0	-
1923	266.394531	266.433594	D4	70	80	0	0	31830	P1-177-8	0	-
1924	266.476562	266.571615	C4	81	80	0	0	31840	P1-177-9	0	-
1925	266.558594	266.638021	B3	77	80	0	0	31850	P1-177-10	0	-
1926	266.626302	266.704427	A3	74	80	0	0	31860	P1-177-11	0	-
1927	266.700521	266.787760	G#3	75	80	0	0	31872	P1-177-12	0	-
1928	266.770833	266.843750	F#3	78	80	0	0	31884	P1-177-13	0	-
1929	266.847656	266.940104	E3	73	80	0	0	31896	P1-177-14	0	-
1930	266.933594	267.020833	D#3	81	80	0	0	31908	P1-177-15	0	-
1931	267.003906	267.158854	E3	87	80	0	0	31920	P1-178-1	0	-
1932	267.825521	267.889323	E3	81	80	0	0	32040	P1-178-3	0	-
1933	267.826823	267.979167	D4	81	80	0	0	32040	P1-178-5	0	-
1934	267.835938	267.910156	G#1	76	80	0	0	32040	P1-178-8	0	-
1935	267.837240	267.910156	G#2	79	80	0	0	32040	P1-178-9	0	-
1936	267.841146	267.979167	B3	78	80	0	0	32040	P1-178-4	0	-
1937	268.295573	268.449219	A3	78	80	0	0	32100	P1-179-2	0	-
1938	268.295573	268.468750	C4	83	80	0	0	32100	P1-179-3	0	-
1939	268.296875	268.419271	E3	79	80	0	0	32100	P1-179-1	0	-
1940	268.298177	268.459635	A1	78	80	0	0	32100	P1-179-6	0	-
1941	268.302083	268.468750	A2	82	80	0	0	32100	P1-179-7	0	-
1942	269.372396	270.019531	C6	66	80	0	0	32220	P1-179-5	0	-
1943	269.384115	270.059896	F2	35	80	0	0	32220	P1-179-9	0	-
1944	269.404948	269.809896	C3	34	80	0	0	32220	P1-179-10	0	-
1945	269.412760	269.619792	A3	31	80	0	0	32220	P1-179-11	0	-
1946	270.026042	270.968750	C6	78	80	0	0	32280	P1-180-1	0	-
1947	270.066406	271.628906	A3	44	80	0	0	32280	P1-180-10	0	-
1948	270.071615	272.408854	F2	42	80	0	0	32280	P1-180-8	0	-
1949	270.082031	272.128906	C3	43	80	0	0	32280	P1-180-9	0	-
1950	270.832031	270.972656	Bb5	60	80	0	0	32370	P1-180-2	0	-
1951	270.975260	271.091146	A5	66	80	0	0	32385	P1-180-3	0	-
1952	271.121094	271.214844	G5	65	80	0	0	32400	P1-180-4	0	-
1953	271.248698	271.345052	F5	66	80	0	0	32415	P1-180-5	0	-
1954	271.355469	271.442708	E5	60	80	0	0	32430	P1-180-6	0	-
1955	271.480469	271.553385	D5	65	80	0	0	32445	P1-180-7	0	-
1956	271.601562	271.662760	C5	61	80	0	0	32460	P1-181-1	0	-
1957	271.726562	271.807292	Bb4	56	80	0	0	32475	P1-181-2	0	-
1958	271.826823	271.901042	A4	55	80	0	0	32490	P1-181-3	0	-
1959	271.944010	272.003906	G4	54	80	0	0	32505	P1-181-4	0	-
1960	272.039062	272.104167	F4	54	80	0	0	32520	P1-181-5	0	-
1961	272.134115	272.190104	E4	57	80	0	0	32532	P1-181-6	0	-
1962	272.226562	272.277344	D4	53	80	0	0	32544	P1-181-7	0	-
1963	272.315104	272.419271	C4	52	80	0	0	32556	P1-181-8	0	-
1964	272.403646	272.464844	Bb3	47	80	0	0	32568	P1-181-9	0	-
1965	272.524740	272.750000	A3	40	80	0	0	32580	P1-181-10	0	-
1966	272.535156	272.968750	F2	38	80	0	0	32580	P1-181-14	0	-
1967	272.535156	272.769531	C3	38	80	0	0	32580	P1-181-15	0	-
1968	272.968750	273.389323	A3	39	80	0	0	32640	P1-182-1	0	-
1969	272.975260	273.359375	C3	36	80	0	0	32640	P1-182-5	0	-
1970	272.975260	274.179688	F2	35	80	0	0	32640	P1-182-4	0	-
1971	273.746094	274.079427	C3	40	80	0	0	32760	P1-182-7	0	-
1972	273.747396	273.989583	D#4	48	80	0	0	32760	P1-182-3	0	-
1973	273.752604	273.979167	A3	38	80	0	0	32760	P1-182-2	0	-
1974	274.173177	274.639323	D#4	52	80	0	0	32820	P1-183-2	0	-
1975	274.186198	274.589844	A3	40	80	0	0	32820	P1-183-1	0	-
1976	274.194010	274.679688	C3	41	80	0	0	32820	P1-183-6	0	-
1977	274.194010	274.809896	F2	38	80	0	0	32820	P1-183-5	0	-
1978	274.917969	275.171875	A4	54	80	0	0	32940	P1-183-4	0	-
1979	274.933594	275.218750	A3	45	80	0	0	32940	P1-183-9	0	-
1980	274.944010	275.174479	D#4	44	80	0	0	32940	P1-183-3	0	-
1981	274.945312	276.069010	F#2	44	80	0	0	32940	P1-183-7	0	-
1982	274.946615	275.229167	C3	43	80	0	0	32940	P1-183-8	0	-
1983	275.363281	275.829427	A4	57	80	0	0	33000	P1-184-2	0	-
1984	275.363281	275.779948	A3	57	80	0	0	33000	P1-184-8	0	-
1985	275.372396	275.799479	D#4	51	80	0	0	33000	P1-184-1	0	-
1986	275.373698	276.059896	C3	54	80	0	0	33000	P1-184-7	0	-
1987	276.042969	276.321615	D#4	71	80	0	0	33120	P1-184-3	0	-
1988	276.045573	276.319010	A4	60	80	0	0	33120	P1-184-4	0	-
1989	276.071615	276.558594	C3	47	80	0	0	33120	P1-184-10	0	-
1990	276.071615	276.348958	A3	53	80	0	0	33120	P1-184-11	0	-
1991	276.424479	276.658854	F#2	39	80	0	0	33180	P1-185-8	0	-
1992	276.473958	276.688802	D#4	71	80	0	0	33180	P1-185-1	0	-
1993	276.476562	276.709635	A4	67	80	0	0	33180	P1-185-2	0	-
1994	276.505208	276.679688	A3	57	80	0	0	33180	P1-185-10	0	-
1995	277.115885	277.463542	C6	87	80	0	0	33300	P1-185-7	0	-
1996	277.125000	277.500000	C5	78	80	0	0	33300	P1-185-4	0	-
1997	277.126302	277.489583	D#5	78	80	0	0	33300	P1-185-5	0	-
1998	277.134115	277.509115	A5	71	80	0	0	33300	P1-185-6	0	-
1999	277.162760	277.479167	C3	58	80	0	0	33300	P1-185-12	0	-
2000	277.166667	277.289062	A3	61	80	0	0	33300	P1-185-13	0	-
2001	277.436198	278.359375	F#2	57	80	0	0	33360	P1-186-9	0	-
2002	277.572917	278.179688	C6	98	80	0	0	33360	P1-186-4	0	-
2003	277.580729	278.269531	C5	95	80	0	0	33360	P1-186-1	0	-
2004	277.583333	279.199219	A3	85	80	0	0	33360	P1-186-11	0	-
2005	277.584635	278.329427	D#5	85	80	0	0	33360	P1-186-2	0	-
2006	277.584635	278.309896	A5	81	80	0	0	33360	P1-186-3	0	-
2007	277.585938	279.000000	B2	71	80	0	0	33360	P1-186-10	0	-
2008	278.337240	278.929688	B5	98	80	0	0	33480	P1-186-8	0	-
2009	278.341146	278.628906	B4	94	80	0	0	33480	P1-186-5	0	-
2010	278.342448	278.709635	D#5	90	80	0	0	33480	P1-186-6	0	-
2011	278.803385	279.399740	Bb5	97	80	0	0	33540	P1-187-3	0	-
2012	278.804688	279.339844	Bb4	98	80	0	0	33540	P1-187-1	0	-
2013	278.804688	279.389323	D#5	86	80	0	0	33540	P1-187-2	0	-
2014	279.442708	279.619792	F#2	63	80	0	0	33660	P1-187-11	0	-
2015	279.503906	279.848958	B4	98	80	0	0	33660	P1-187-4	0	-
2016	279.505208	279.899740	B5	98	80	0	0	33660	P1-187-7	0	-
2017	279.506510	279.899740	D#5	87	80	0	0	33660	P1-187-5	0	-
2018	279.507812	279.919271	A5	96	80	0	0	33660	P1-187-6	0	-
2019	279.511719	279.649740	B2	77	80	0	0	33660	P1-187-12	0	-
2020	279.519531	279.669271	A3	81	80	0	0	33660	P1-187-13	0	-
2021	279.907552	280.779948	B5	96	80	0	0	33720	P1-188-3	0	-
2022	279.911458	280.579427	B4	93	80	0	0	33720	P1-188-1	0	-
2023	279.915365	280.002604	G3	95	80	0	0	33720	P1-188-6	0	-
2024	279.915365	280.579427	E5	87	80	0	0	33720	P1-188-2	0	-
2025	279.915365	280.059896	B2	86	80	0	0	33720	P1-188-5	0	-
2026	279.920573	280.209635	G2	89	80	0	0	33720	P1-188-4	0	-
2027	280.143229	280.196615	G3	71	80	0	0	33750	P1-188-7	0	-
2028	280.145833	280.329427	B2	73	80	0	0	33750	*	3	-
2029	280.145833	280.229167	B3	73	80	0	0	33750	P1-188-8	0	-
2030	280.343750	280.398438	B3	71	80	0	0	33780	P1-188-10	0	-
2031	280.345052	280.429688	D4	55	80	0	0	33780	*	3	-
2032	280.345052	280.397135	G3	62	80	0	0	33780	P1-188-9	0	-
2033	280.533854	280.592448	G3	68	80	0	0	33810	P1-188-11	0	-
2034	280.533854	280.593750	B3	82	80	0	0	33810	P1-188-12	0	-
2035	280.707031	280.763021	G3	70	80	0	0	33840	P1-188-13	0	-
2036	280.707031	280.755208	B3	71	80	0	0	33840	P1-188-14	0	-
2037	280.903646	280.944010	G3	68	80	0	0	33870	P1-188-15	0	-
2038	280.903646	280.947917	B3	71	80	0	0	33870	P1-188-16	0	-
2039	281.113281	281.598958	E6	98	80	0	0	33900	P1-189-2	0	-
2040	281.115885	281.213542	G#3	90	80	0	0	33900	P1-189-3	0	-
2041	281.115885	281.207031	B3	89	80	0	0	33900	P1-189-4	0	-
2042	281.117188	281.389323	E5	95	80	0	0	33900	P1-189-1	0	-
2043	281.355469	281.424479	B3	64	80	0	0	33930	P1-189-6	0	-
2044	281.361979	281.427083	G#3	62	80	0	0	33930	P1-189-5	0	-
2045	281.565104	281.622396	B3	66	80	0	0	33960	P1-189-8	0	-
2046	281.566406	281.623698	G#3	73	80	0	0	33960	P1-189-7	0	-
2047	281.736979	281.800781	G#3	81	80	0	0	33990	P1-189-9	0	-
2048	281.742188	281.792969	B3	68	80	0	0	33990	P1-189-10	0	-
2049	281.936198	281.994792	G#3	71	80	0	0	34020	P1-189-11	0	-
2050	281.936198	281.994792	B3	64	80	0	0	34020	P1-189-12	0	-
2051	282.127604	282.184896	G#3	69	80	0	0	34050	P1-189-13	0	-
2052	282.128906	282.182292	B3	64	80	0	0	34050	P1-189-14	0	-
2053	282.294271	282.429688	E5	87	80	0	0	34080	P1-190-3	0	-
2054	282.298177	282.429688	B4	81	80	0	0	34080	P1-190-1	0	-
2055	282.305990	282.367188	D4	75	80	0	0	34080	P1-190-10	0	-
2056	282.305990	282.365885	G#3	70	80	0	0	34080	P1-190-8	0	-
2057	282.305990	282.364583	B3	81	80	0	0	34080	P1-190-9	0	-
2058	282.501302	282.548177	D4	67	80	0	0	34110	P1-190-13	0	-
2059	282.503906	282.555990	G#3	72	80	0	0	34110	P1-190-11	0	-
2060	282.503906	282.550781	B3	74	80	0	0	34110	P1-190-12	0	-
2061	282.703125	282.949219	C5	93	80	0	0	34140	P1-190-5	0	-
2062	282.704427	282.819010	F5	91	80	0	0	34140	P1-190-6	0	-
2063	282.704427	282.959635	F4	91	80	0	0	34140	P1-190-4	0	-
2064	282.708333	282.776042	C4	82	80	0	0	34140	P1-190-15	0	-
2065	282.709635	282.776042	A3	82	80	0	0	34140	P1-190-14	0	-
2066	282.899740	282.953125	A3	78	80	0	0	34170	P1-190-16	0	-
2067	282.901042	282.953125	C4	71	80	0	0	34170	P1-190-17	0	-
2068	283.079427	283.126302	A3	71	80	0	0	34200	P1-190-18	0	-
2069	283.080729	283.158854	C4	72	80	0	0	34200	P1-190-19	0	-
2070	283.082031	283.329427	F4	63	80	0	0	34200	*	3	-
2071	283.266927	283.316406	A3	73	80	0	0	34230	P1-190-20	0	-
2072	283.272135	283.315104	C4	61	80	0	0	34230	P1-190-21	0	-
2073	283.445312	283.514323	F5	93	80	0	0	34260	P1-191-3	1	-
2074	283.450521	283.510417	A3	91	80	0	0	34260	P1-191-8	0	-
2075	283.451823	283.513021	C5	91	80	0	0	34260	P1-191-1	0	-
2076	283.453125	283.479167	E5	90	80	0	0	34260	P1-191-2	0	-
2077	283.454427	283.510417	C4	84	80	0	0	34260	P1-191-9	0	-
2078	283.458333	283.515625	E4	79	80	0	0	34260	P1-191-10	0	-
2079	283.640625	283.687500	A3	67	80	0	0	34290	P1-191-11	0	-
2080	283.640625	283.687500	C4	63	80	0	0	34290	P1-191-12	0	-
2081	283.643229	283.695312	E4	62	80	0	0	34290	P1-191-13	0	-
2082	283.824219	284.079427	G#5	94	80	0	0	34320	P1-191-6	0	-
2083	283.825521	284.109375	D5	87	80	0	0	34320	P1-191-5	0	-
2084	283.829427	284.139323	G#4	95	80	0	0	34320	P1-191-4	0	-
2085	283.832031	283.919271	E5	81	80	0	0	34320	*	3	-
2086	283.838542	283.911458	B3	75	80	0	0	34320	P1-191-14	0	-
2087	283.841146	283.911458	E4	77	80	0	0	34320	*	3	-
2088	283.841146	283.912760	D4	75	80	0	0	34320	P1-191-15	0	-
2089	284.033854	284.095052	D4	76	80	0	0	34350	P1-191-17	0	-
2090	284.035156	284.093750	B3	66	80	0	0	34350	P1-191-16	0	-
2091	284.035156	284.097656	E4	71	80	0	0	34350	*	3	-
2092	284.223958	284.274740	E4	62	80	0	0	34380	*	3	-
2093	284.225260	284.273438	D4	61	80	0	0	34380	P1-191-19	0	-
2094	284.225260	284.276042	B3	60	80	0	0	34380	P1-191-18	0	-
2095	284.399740	284.455729	B3	64	80	0	0	34410	P1-191-20	0	-
2096	284.399740	284.455729	E4	65	80	0	0	34410	*	3	-
2097	284.401042	284.454427	D4	62	80	0	0	34410	P1-191-21	0	-
2098	284.553385	284.658854	G#5	91	80	0	0	34440	P1-192-4	0	-
2099	284.554688	284.699219	D5	86	80	0	0	34440	P1-192-2	0	-
2100	284.555990	284.634115	G#4	92	80	0	0	34440	P1-192-1	0	-
2101	284.557292	284.679688	E5	81	80	0	0	34440	P1-192-3	0	-
2102	284.563802	284.632812	D4	80	80	0	0	34440	P1-192-10	0	-
2103	284.565104	284.634115	E4	78	80	0	0	34440	P1-192-11	0	-
2104	284.570312	284.632812	B3	73	80	0	0	34440	P1-192-9	0	-
2105	284.757812	284.829427	G#4	67	80	0	0	34470	*	3	-
2106	284.763021	284.822917	E4	63	80	0	0	34470	P1-192-14	0	-
2107	284.763021	284.821615	B3	68	80	0	0	34470	P1-192-12	0	-
2108	284.763021	284.819010	D4	64	80	0	0	34470	P1-192-13	0	-
2109	284.934896	285.199219	A5	91	80	0	0	34500	P1-192-7	0	-
2110	284.937500	285.188802	E5	83	80	0	0	34500	P1-192-6	0	-
2111	284.940104	285.199219	A4	89	80	0	0	34500	P1-192-5	0	-
2112	284.945312	285.011719	C4	80	80	0	0	34500	P1-192-15	0	-
2113	284.951823	285.013021	E4	77	80	0	0	34500	P1-192-16	0	-
2114	285.132812	285.184896	C4	78	80	0	0	34530	P1-192-17	0	-
2115	285.134115	285.183594	E4	69	80	0	0	34530	P1-192-18	0	-
2116	285.308594	285.354167	E4	81	80	0	0	34560	P1-192-20	0	-
2117	285.311198	285.348958	C4	73	80	0	0	34560	P1-192-19	0	-
2118	285.484375	285.544271	E4	73	80	0	0	34590	P1-192-22	0	-
2119	285.484375	285.532552	C4	67	80	0	0	34590	P1-192-21	0	-
2120	285.644531	285.919271	A5	95	80	0	0	34620	P1-193-3	0	-
2121	285.648438	285.929688	E5	90	80	0	0	34620	P1-193-2	0	-
2122	285.661458	285.713542	C4	80	80	0	0	34620	P1-193-9	0	-
2123	285.662760	285.718750	E4	83	80	0	0	34620	P1-193-10	0	-
2124	285.855469	285.906250	C#4	75	80	0	0	34650	P1-193-11	0	-
2125	285.856771	285.904948	E4	75	80	0	0	34650	P1-193-12	0	-
2126	286.014323	286.529948	Bb5	94	80	0	0	34680	P1-193-7	0	-
2127	286.023438	286.454427	Bb4	97	80	0	0	34680	P1-193-4	0	-
2128	286.028646	286.096354	C#4	85	80	0	0	34680	P1-193-13	0	-
2129	286.031250	286.095052	E4	87	80	0	0	34680	P1-193-14	0	-
2130	286.226562	286.277344	C#4	70	80	0	0	34710	P1-193-15	0	-
2131	286.226562	286.279948	E4	75	80	0	0	34710	P1-193-16	0	-
2132	286.404948	286.457031	E4	67	80	0	0	34740	P1-193-18	0	-
2133	286.406250	286.460938	C#4	67	80	0	0	34740	P1-193-17	0	-
2134	286.597656	286.649740	E4	60	80	0	0	34770	P1-193-20	0	-
2135	286.601562	286.645833	C#4	57	80	0	0	34770	P1-193-19	0	-
2136	286.822917	286.989583	A5	62	80	0	0	34800	P1-194-3	0	-
2137	286.833333	286.906250	C#5	49	80	0	0	34800	P1-194-1	0	-
2138	286.834635	286.906250	E4	44	80	0	0	34800	*	3	-
2139	286.839844	286.914062	E5	51	80	0	0	34800	P1-194-2	0	-
2140	286.839844	286.959635	F#5	48	80	0	0	34800	*	3	-
2141	286.888021	286.968750	F#4	40	80	0	0	34800	P1-194-19	0	-
2142	287.111979	287.299479	Bb5	61	80	0	0	34830	P1-194-6	0	-
2143	287.114583	287.177083	C#5	48	80	0	0	34830	P1-194-4	0	-
2144	287.119792	287.178385	F#4	43	80	0	0	34830	P1-194-20	0	-
2145	287.125000	287.259115	F#5	44	80	0	0	34830	*	3	-
2146	287.127604	287.180990	E5	47	80	0	0	34830	P1-194-5	0	-
2147	287.309896	287.408854	Bb5	59	80	0	0	34860	P1-194-9	0	-
2148	287.316406	287.363281	C#5	51	80	0	0	34860	P1-194-7	0	-
2149	287.325521	287.389323	E5	47	80	0	0	34860	P1-194-8	0	-
2150	287.326823	287.367188	F#4	45	80	0	0	34860	P1-194-21	0	-
2151	287.330729	287.399740	F#5	46	80	0	0	34860	*	3	-
2152	287.470052	287.639323	Bb5	67	80	0	0	34890	P1-194-12	0	-
2153	287.471354	287.526042	C#5	60	80	0	0	34890	P1-194-10	0	-
2154	287.475260	287.527344	E5	61	80	0	0	34890	P1-194-11	0	-
2155	287.476562	287.531250	F#4	45	80	0	0	34890	P1-194-22	0	-
2156	287.652344	287.723958	Bb5	76	80	0	0	34920	P1-194-15	0	-
2157	287.656250	287.713542	C#5	69	80	0	0	34920	P1-194-13	0	-
2158	287.658854	287.712240	F#4	63	80	0	0	34920	P1-194-23	0	-
2159	287.664062	287.713542	E5	68	80	0	0	34920	P1-194-14	0	-
2160	287.832031	287.904948	Bb5	78	80	0	0	34950	P1-194-18	0	-
2161	287.834635	287.889323	F#4	64	80	0	0	34950	P1-194-24	0	-
2162	287.834635	287.890625	C#5	69	80	0	0	34950	P1-194-16	0	-
2163	287.839844	287.891927	E5	73	80	0	0	34950	P1-194-17	0	-
2164	288.019531	288.119792	C#6	77	80	0	0	34980	*	3	-
2165	288.020833	288.092448	Bb5	84	80	0	0	34980	P1-195-3	0	-
2166	288.020833	288.075521	C#5	75	80	0	0	34980	P1-195-1	0	-
2167	288.023438	288.076823	F#4	65	80	0	0	34980	P1-195-19	0	-
2168	288.024740	288.080729	E5	81	80	0	0	34980	P1-195-2	0	-
2169	288.200521	288.257812	F#4	68	80	0	0	35010	P1-195-20	0	-
2170	288.203125	288.281250	Bb5	84	80	0	0	35010	P1-195-6	0	-
2171	288.203125	288.264323	C#5	81	80	0	0	35010	P1-195-4	0	-
2172	288.204427	288.209635	E6	79	80	0	0	35010	*	3	-
2173	288.204427	288.264323	E5	78	80	0	0	35010	P1-195-5	0	-
2174	288.386719	288.399740	E6	86	80	0	0	35040	*	3	-
2175	288.390625	288.467448	Bb5	86	80	0	0	35040	P1-195-9	0	-
2176	288.391927	288.453125	F#4	76	80	0	0	35040	P1-195-21	0	-
2177	288.393229	288.454427	E5	87	80	0	0	35040	P1-195-8	0	-
2178	288.394531	288.451823	C#5	82	80	0	0	35040	P1-195-7	0	-
2179	288.575521	288.609375	E6	85	80	0	0	35070	*	3	-
2180	288.576823	288.645833	C#5	80	80	0	0	35070	P1-195-10	0	-
2181	288.576823	288.649740	C#6	82	80	0	0	35070	*	3	-
2182	288.578125	288.664062	Bb5	85	80	0	0	35070	P1-195-12	0	-
2183	288.578125	288.649740	E5	85	80	0	0	35070	P1-195-11	0	-
2184	288.578125	288.645833	F#4	76	80	0	0	35070	P1-195-22	0	-
2185	288.770833	288.833333	C#5	86	80	0	0	35100	P1-195-13	0	-
2186	288.773438	288.843750	Bb5	88	80	0	0	35100	P1-195-15	0	-
2187	288.774740	288.835938	F#4	82	80	0	0	35100	P1-195-23	0	-
2188	288.776042	288.832031	E5	82	80	0	0	35100	P1-195-14	0	-
2189	288.957031	289.027344	Bb5	81	80	0	0	35130	P1-195-18	0	-
2190	288.958333	289.016927	C#5	76	80	0	0	35130	P1-195-16	0	-
2191	288.959635	289.028646	F#4	69	80	0	0	35130	P1-195-24	0	-
2192	288.959635	289.015625	E5	77	80	0	0	35130	P1-195-17	0	-
2193	289.205729	289.419271	B5	100	80	0	0	35160	P1-196-1	0	-
2194	289.208333	289.509115	B6	103	80	0	0	35160	P1-196-2	0	-
2195	289.214844	289.359375	B3	75	80	0	0	35160	P1-196-13	0	-
2196	289.214844	289.348958	F#4	80	80	0	0	35160	P1-196-15	0	-
2197	289.216146	289.347656	A4	82	80	0	0	35160	P1-196-16	0	-
2198	289.222656	289.360677	D#4	73	80	0	0	35160	P1-196-14	0	-
2199	289.222656	289.359375	A6	90	80	0	0	35160	*	3	-
2200	289.494792	289.699219	C7	103	80	0	0	35190	P1-196-4	0	-
2201	289.501302	289.609375	C6	97	80	0	0	35190	P1-196-3	0	-
2202	289.507812	289.578125	A4	78	80	0	0	35190	P1-196-20	0	-
2203	289.511719	289.584635	F#4	75	80	0	0	35190	P1-196-19	0	-
2204	289.514323	289.585938	D#4	67	80	0	0	35190	P1-196-18	0	-
2205	289.520833	289.628906	B6	89	80	0	0	35190	*	3	-
2206	289.524740	289.589844	B3	60	80	0	0	35190	P1-196-17	0	-
2207	289.713542	289.908854	C7	101	80	0	0	35220	P1-196-6	0	-
2208	289.722656	289.787760	A4	77	80	0	0	35220	P1-196-24	0	-
2209	289.723958	289.819010	C6	98	80	0	0	35220	P1-196-5	0	-
2210	289.725260	289.795573	D#4	67	80	0	0	35220	P1-196-22	0	-
2211	289.725260	289.792969	F#4	80	80	0	0	35220	P1-196-23	0	-
2212	289.727865	289.796875	B3	62	80	0	0	35220	P1-196-21	0	-
2213	289.924479	290.109375	C7	97	80	0	0	35250	P1-196-8	0	-
2214	289.925781	290.003906	C6	101	80	0	0	35250	P1-196-7	0	-
2215	289.933594	290.002604	A4	67	80	0	0	35250	P1-196-28	0	-
2216	289.946615	290.013021	B3	57	80	0	0	35250	P1-196-25	0	-
2217	289.954427	290.002604	F#4	67	80	0	0	35250	P1-196-27	0	-
2218	289.954427	290.003906	D#4	62	80	0	0	35250	P1-196-26	0	-
2219	290.117188	290.205729	C7	99	80	0	0	35280	P1-196-10	0	-
2220	290.123698	290.218750	C6	99	80	0	0	35280	P1-196-9	0	-
2221	290.136719	290.196615	A4	62	80	0	0	35280	P1-196-32	0	-
2222	290.136719	290.205729	D#4	67	80	0	0	35280	P1-196-30	0	-
2223	290.139323	290.200521	F#4	70	80	0	0	35280	P1-196-31	0	-
2224	290.143229	290.209635	B3	57	80	0	0	35280	P1-196-29	0	-
2225	290.325521	290.421875	C7	96	80	0	0	35310	P1-196-12	0	-
2226	290.329427	290.449219	C6	97	80	0	0	35310	P1-196-11	0	-
2227	290.342448	290.402344	A4	74	80	0	0	35310	P1-196-36	0	-
2228	290.345052	290.414062	D#4	62	80	0	0	35310	P1-196-34	0	-
2229	290.345052	290.408854	F#4	70	80	0	0	35310	P1-196-35	0	-
2230	290.346354	290.419271	B3	60	80	0	0	35310	P1-196-33	0	-
2231	290.554688	290.769531	C7	99	80	0	0	35340	P1-197-2	0	-
2232	290.562500	290.679688	C6	93	80	0	0	35340	P1-197-1	0	-
2233	290.613281	290.658854	A4	46	80	0	0	35340	P1-197-16	0	-
2234	290.615885	290.664062	D#4	54	80	0	0	35340	P1-197-14	0	-
2235	290.615885	290.664062	F#4	50	80	0	0	35340	P1-197-15	0	-
2236	290.615885	290.671875	B3	42	80	0	0	35340	P1-197-13	0	-
2237	290.777344	291.000000	C7	93	80	0	0	35370	P1-197-4	0	-
2238	290.782552	290.869792	C6	93	80	0	0	35370	P1-197-3	0	-
2239	290.795573	290.852865	A4	56	80	0	0	35370	P1-197-20	0	-
2240	290.805990	290.854167	D#4	52	80	0	0	35370	P1-197-18	0	-
2241	290.805990	290.855469	F#4	55	80	0	0	35370	P1-197-19	0	-
2242	290.812500	290.889323	B3	47	80	0	0	35370	P1-197-17	0	-
2243	291.007812	291.239583	C7	86	80	0	0	35400	P1-197-6	0	-
2244	291.013021	291.093750	C6	80	80	0	0	35400	P1-197-5	0	-
2245	291.033854	291.084635	A4	46	80	0	0	35400	P1-197-24	0	-
2246	291.039062	291.092448	F#4	46	80	0	0	35400	P1-197-23	0	-
2247	291.048177	291.095052	D#4	34	80	0	0	35400	P1-197-22	0	-
2248	291.246094	291.509115	C7	87	80	0	0	35430	P1-197-8	0	-
2249	291.253906	291.389323	C6	83	80	0	0	35430	P1-197-7	0	-
2250	291.287760	291.299479	B3	37	80	0	0	35430	P1-197-25	0	-
2251	291.290365	291.342448	A4	42	80	0	0	35430	P1-197-28	0	-
2252	291.291667	291.352865	D#4	43	80	0	0	35430	P1-197-26	0	-
2253	291.291667	291.351562	F#4	47	80	0	0	35430	P1-197-27	0	-
2254	291.523438	291.848958	C7	80	80	0	0	35460	P1-197-10	0	-
2255	291.531250	291.739583	C6	76	80	0	0	35460	P1-197-9	0	-
2256	291.557292	291.630208	A4	44	80	0	0	35460	P1-197-32	0	-
2257	291.571615	291.949219	D#4	39	80	0	0	35460	P1-197-30	0	-
2258	291.572917	291.631510	F#4	43	80	0	0	35460	P1-197-31	0	-
2259	291.574219	291.679688	B3	36	80	0	0	35460	P1-197-29	0	-
2260	291.854167	292.329427	C7	77	80	0	0	35490	P1-197-12	0	-
2261	291.867188	292.269531	C6	68	80	0	0	35490	P1-197-11	0	-
2262	291.882812	291.915365	A4	36	80	0	0	35490	P1-197-36	0	-
2263	291.886719	291.899740	A3	26	80	0	0	35490	P1-197-33	1	-
2264	292.268229	292.569010	E3	36	80	0	0	35520	P1-198-5	0	-
2265	292.342448	292.919271	C7	89	80	0	0	35520	P1-198-2	0	-
2266	292.355469	292.819010	C6	71	80	0	0	35520	P1-198-1	0	-
2267	292.532552	292.619792	G4	35	80	0	0	35535	P1-198-6	0	-
2268	292.570312	292.688802	B3	48	80	0	0	35550	P1-198-7	0	-
2269	292.670573	292.769531	G4	42	80	0	0	35565	P1-198-8	0	-
2270	292.787760	292.875000	F#3	50	80	0	0	35580	P1-198-9	0	-
2271	292.795573	293.739583	B6	80	80	0	0	35580	P1-198-4	0	-
2272	292.807292	294.628906	B5	73	80	0	0	35580	P1-198-3	0	-
2273	292.898438	292.945312	A4	49	80	0	0	35595	P1-198-10	0	-
2274	292.983073	293.044271	B3	58	80	0	0	35610	P1-198-11	0	-
2275	293.053385	293.119792	A4	46	80	0	0	35625	P1-198-12	0	-
2276	293.153646	293.197917	G3	49	80	0	0	35640	P1-198-13	0	-
2277	293.265625	293.591146	B4	54	80	0	0	35655	P1-198-14	0	-
2278	293.356771	293.414062	B3	54	80	0	0	35670	P1-198-15	0	-
2279	293.528646	293.597656	E3	52	80	0	0	35700	P1-199-5	0	-
2280	293.532552	293.669271	E4	46	80	0	0	35700	*	3	-
2281	293.644531	293.688802	G4	53	80	0	0	35715	P1-199-6	0	-
2282	293.713542	293.765625	B3	58	80	0	0	35730	P1-199-7	0	-
2283	293.794271	293.929688	G4	60	80	0	0	35745	P1-199-8	0	-
2284	293.940104	294.789062	E6	85	80	0	0	35760	P1-199-4	0	-
2285	293.944010	294.022135	F#3	53	80	0	0	35760	P1-199-9	0	-
2286	293.953125	294.859375	E5	70	80	0	0	35760	P1-199-3	0	-
2287	294.072917	294.209635	A4	50	80	0	0	35775	P1-199-10	0	-
2288	294.148438	294.199219	B3	53	80	0	0	35790	P1-199-11	0	-
2289	294.223958	294.309896	A4	50	80	0	0	35805	P1-199-12	0	-
2290	294.313802	294.360677	G3	54	80	0	0	35820	P1-199-13	0	-
2291	294.433594	294.718750	B4	39	80	0	0	35835	P1-199-14	0	-
2292	294.503906	294.649740	B3	55	80	0	0	35850	P1-199-15	0	-
2293	294.596354	294.639323	G4	32	80	0	0	35865	P1-199-16	1	-
2294	294.686198	294.755208	E3	55	80	0	0	35880	P1-200-5	0	-
2295	294.691406	294.699219	E4	45	80	0	0	35880	*	3	-
2296	294.804688	294.889323	G4	50	80	0	0	35895	P1-200-6	0	-
2297	294.852865	294.904948	B3	63	80	0	0	35910	P1-200-7	0	-
2298	294.934896	295.039062	G4	55	80	0	0	35925	P1-200-8	0	-
2299	295.031250	295.878906	B5	82	80	0	0	35940	P1-200-4	0	-
2300	295.044271	295.399740	B4	71	80	0	0	35940	P1-200-3	0	-
2301	295.045573	295.113281	F#3	58	80	0	0	35940	P1-200-9	0	-
2302	295.160156	295.169271	A4	44	80	0	0	35955	P1-200-10	0	-
2303	295.244792	295.304688	B3	42	80	0	0	35970	P1-200-11	0	-
2304	295.313802	295.363281	A4	50	80	0	0	35985	P1-200-12	0	-
2305	295.406250	295.519531	B4	51	80	0	0	35985	*	3	-
2306	295.407552	295.449219	G3	55	80	0	0	36000	P1-200-13	0	-
2307	295.524740	295.679688	B4	39	80	0	0	36015	P1-200-14	0	-
2308	295.595052	295.729167	B3	55	80	0	0	36030	P1-200-15	0	-
2309	295.694010	296.158854	B4	39	80	0	0	36045	P1-200-16	0	-
2310	295.770833	295.949219	E3	54	80	0	0	36060	P1-201-4	0	-
2311	295.873698	295.927083	G4	59	80	0	0	36075	P1-201-5	0	-
2312	295.941406	296.003906	B3	64	80	0	0	36090	P1-201-6	0	-
2313	296.042969	296.095052	G4	53	80	0	0	36105	P1-201-7	0	-
2314	296.134115	297.359375	E5	79	80	0	0	36120	P1-201-3	0	-
2315	296.140625	296.209635	F#3	57	80	0	0	36120	P1-201-8	0	-
2316	296.156250	296.789062	E4	68	80	0	0	36120	*	3	-
2317	296.201823	296.209635	F4	49	80	0	0	36135	P1-201-9	1	-
2318	296.329427	296.415365	B3	51	80	0	0	36150	P1-201-10	0	-
2319	296.373698	296.468750	A4	47	80	0	0	36165	P1-201-11	0	-
2320	296.481771	296.489583	G4	46	80	0	0	36180	*	3	-
2321	296.483073	296.658854	G3	52	80	0	0	36180	P1-201-12	0	-
2322	296.585938	296.679688	B4	53	80	0	0	36195	P1-201-13	0	-
2323	296.673177	296.787760	B3	49	80	0	0	36210	P1-201-14	0	-
2324	296.723958	296.938802	B4	59	80	0	0	36225	P1-201-15	0	-
2325	296.824219	297.141927	A3	64	80	0	0	36240	P1-202-4	1	-
2326	296.954427	297.042969	G4	58	80	0	0	36255	P1-202-5	0	-
2327	297.088542	297.250000	E4	42	80	0	0	36270	P1-202-6	0	-
2328	297.174479	297.269531	G4	53	80	0	0	36285	P1-202-7	0	-
2329	297.239583	297.718750	C5	79	80	0	0	36300	P1-202-2	0	-
2330	297.268229	297.559896	Bb3	59	80	0	0	36300	P1-202-8	0	-
2331	297.403646	297.459635	G4	52	80	0	0	36315	P1-202-9	0	-
2332	297.503906	297.574219	E4	47	80	0	0	36330	P1-202-10	0	-
2333	297.611979	297.709635	G4	51	80	0	0	36345	P1-202-11	0	-
2334	297.662760	297.968750	B4	70	80	0	0	36360	P1-202-3	0	-
2335	297.695312	297.839844	B3	47	80	0	0	36360	P1-202-12	0	-
2336	297.812500	297.860677	G4	53	80	0	0	36375	P1-202-13	0	-
2337	297.881510	297.938802	E4	52	80	0	0	36390	P1-202-14	0	-
2338	297.976562	298.029948	G4	55	80	0	0	36405	P1-202-15	0	-
2339	298.069010	298.259115	B3	53	80	0	0	36420	P1-203-3	0	-
2340	298.069010	298.938802	B4	68	80	0	0	36420	P1-203-1	0	-
2341	298.173177	298.230469	G4	46	80	0	0	36435	P1-203-4	0	-
2342	298.272135	298.325521	E4	50	80	0	0	36450	P1-203-5	0	-
2343	298.372396	298.419271	G4	50	80	0	0	36465	P1-203-6	0	-
2344	298.453125	298.598958	B3	39	80	0	0	36480	P1-203-7	0	-
2345	298.527344	298.584635	G4	52	80	0	0	36495	P1-203-8	0	-
2346	298.632812	298.683594	E4	47	80	0	0	36510	P1-203-9	0	-
2347	298.705729	298.757812	G4	63	80	0	0	36525	P1-203-10	0	-
2348	298.811198	298.864583	B3	54	80	0	0	36540	P1-203-11	0	-
2349	298.822917	299.179688	D#5	64	80	0	0	36540	P1-203-2	0	-
2350	298.901042	299.029948	A4	56	80	0	0	36555	P1-203-12	0	-
2351	298.984375	299.024740	F#4	55	80	0	0	36570	P1-203-13	0	-
2352	299.203125	299.268229	E2	57	80	0	0	36600	P1-204-5	0	-
2353	299.231771	299.459635	E5	57	80	0	0	36600	P1-204-1	0	-
2354	299.342448	299.394531	G3	54	80	0	0	36615	P1-204-6	0	-
2355	299.423177	299.480469	B2	53	80	0	0	36630	P1-204-7	0	-
2356	299.427083	300.669271	C5	80	80	0	0	36630	P1-204-2	0	-
2357	299.507812	299.589844	G3	61	80	0	0	36645	P1-204-8	0	-
2358	299.653646	299.703125	F#2	62	80	0	0	36660	P1-204-9	0	-
2359	299.684896	300.628906	C6	81	80	0	0	36660	P1-204-3	0	-
2360	299.777344	299.833333	A3	57	80	0	0	36675	P1-204-10	0	-
2361	299.865885	299.923177	B2	53	80	0	0	36690	P1-204-11	0	-
2362	299.953125	299.996094	A3	52	80	0	0	36705	P1-204-12	0	-
2363	300.041667	300.074219	G2	55	80	0	0	36720	P1-204-13	0	-
2364	300.140625	300.187500	B3	51	80	0	0	36735	P1-204-14	0	-
2365	300.227865	300.289062	B2	50	80	0	0	36750	P1-204-15	0	-
2366	300.229167	300.363281	B5	63	80	0	0	36750	P1-204-4	0	-
2367	300.276042	300.348958	B3	38	80	0	0	36765	P1-204-16	0	-
2368	300.394531	300.444010	E2	59	80	0	0	36780	P1-205-5	0	-
2369	300.484375	300.536458	G3	68	80	0	0	36795	P1-205-6	0	-
2370	300.555990	300.636719	B2	65	80	0	0	36810	P1-205-7	0	-
2371	300.561198	301.329427	B5	79	80	0	0	36810	P1-205-2	0	-
2372	300.661458	300.704427	G3	53	80	0	0	36825	P1-205-8	0	-
2373	300.777344	300.834635	F#2	60	80	0	0	36840	P1-205-9	0	-
2374	300.789062	301.213542	F#5	78	80	0	0	36840	P1-205-3	0	-
2375	300.884115	300.924479	A3	59	80	0	0	36855	P1-205-10	0	-
2376	300.992188	301.049479	B2	43	80	0	0	36870	P1-205-11	0	-
2377	301.054688	301.095052	A3	55	80	0	0	36885	P1-205-12	0	-
2378	301.160156	301.207031	G2	45	80	0	0	36900	P1-205-13	0	-
2379	301.255208	301.339844	B3	45	80	0	0	36915	P1-205-14	0	-
2380	301.339844	301.436198	B2	53	80	0	0	36930	P1-205-15	0	-
2381	301.341146	301.658854	E5	62	80	0	0	36930	P1-205-4	0	-
2382	301.385417	301.468750	B3	50	80	0	0	36945	P1-205-16	0	-
2383	301.509115	301.559896	E2	55	80	0	0	36960	P1-206-5	0	-
2384	301.613281	301.664062	G3	61	80	0	0	36975	P1-206-6	0	-
2385	301.673177	302.569010	E5	78	80	0	0	36990	P1-206-2	0	-
2386	301.674479	301.848958	B2	62	80	0	0	36990	P1-206-7	0	-
2387	301.884115	301.930990	F#2	56	80	0	0	37020	P1-206-9	0	-
2388	301.910156	302.529948	C5	82	80	0	0	37020	P1-206-3	0	-
2389	301.984375	302.049479	A3	57	80	0	0	37035	P1-206-10	0	-
2390	302.076823	302.128906	B2	48	80	0	0	37050	P1-206-11	0	-
2391	302.157552	302.209635	A3	55	80	0	0	37065	P1-206-12	0	-
2392	302.268229	302.312500	G2	51	80	0	0	37080	P1-206-13	0	-
2393	302.446615	302.649740	B2	54	80	0	0	37110	P1-206-15	0	-
2394	302.485677	302.609375	B3	52	80	0	0	37125	P1-206-16	0	-
2395	302.496094	302.679688	B4	55	80	0	0	37125	*	3	-
2396	302.651042	302.704427	E2	62	80	0	0	37140	P1-207-5	0	-
2397	302.761719	302.817708	G3	61	80	0	0	37155	P1-207-6	0	-
2398	302.832031	303.089844	B4	78	80	0	0	37170	P1-207-2	0	-
2399	302.832031	302.890625	B2	59	80	0	0	37170	P1-207-7	0	-
2400	302.924479	302.977865	G3	56	80	0	0	37185	P1-207-8	0	-
2401	303.044271	303.059896	F#2	56	80	0	0	37200	P1-207-9	0	-
2402	303.046875	303.869792	F#4	73	80	0	0	37200	P1-207-3	0	-
2403	303.134115	303.192708	A3	59	80	0	0	37215	P1-207-10	0	-
2404	303.223958	303.276042	B2	55	80	0	0	37230	P1-207-11	0	-
2405	303.304688	303.358073	A3	56	80	0	0	37245	P1-207-12	0	-
2406	303.414062	303.454427	G2	57	80	0	0	37260	P1-207-13	0	-
2407	303.514323	303.649740	B3	44	80	0	0	37275	P1-207-14	0	-
2408	303.582031	303.859375	B2	54	80	0	0	37290	P1-207-15	0	-
2409	303.634115	303.819010	E4	62	80	0	0	37290	P1-207-4	0	-
2410	303.658854	303.809896	B3	48	80	0	0	37305	P1-207-16	0	-
2411	303.865885	304.079427	A2	51	80	0	0	37320	P1-208-4	0	-
2412	303.944010	305.179688	E4	70	80	0	0	37320	P1-208-1	0	-
2413	304.048177	304.111979	G3	36	80	0	0	37335	P1-208-5	0	-
2414	304.151042	304.369792	E3	44	80	0	0	37350	P1-208-6	0	-
2415	304.255208	304.316406	G3	47	80	0	0	37365	P1-208-7	0	-
2416	304.352865	304.799479	C4	67	80	0	0	37380	P1-208-2	0	-
2417	304.356771	304.729167	Bb2	55	80	0	0	37380	P1-208-8	0	-
2418	304.475260	304.537760	G3	43	80	0	0	37395	P1-208-9	0	-
2419	304.563802	304.789062	E3	43	80	0	0	37410	P1-208-10	0	-
2420	304.680990	304.734375	G3	37	80	0	0	37425	P1-208-11	0	-
2421	304.746094	305.098958	B3	70	80	0	0	37440	P1-208-3	0	-
2422	304.753906	304.914062	B2	51	80	0	0	37440	P1-208-12	0	-
2423	304.839844	304.910156	G3	48	80	0	0	37455	P1-208-13	0	-
2424	304.925781	305.149740	E3	50	80	0	0	37470	P1-208-14	0	-
2425	305.032552	305.169271	G3	45	80	0	0	37485	P1-208-15	0	-
2426	305.173177	305.619792	B2	46	80	0	0	37500	P1-209-7	0	-
2427	305.173177	305.919271	B3	55	80	0	0	37500	P1-209-1	0	-
2428	305.367188	306.000000	G3	55	80	0	0	37530	P1-209-2	0	-
2429	305.584635	305.889323	E3	56	80	0	0	37560	P1-209-3	0	-
2430	305.783854	306.039062	C3	55	80	0	0	37590	P1-209-4	0	-
2431	306.014323	306.259115	B3	52	80	0	0	37620	*	3	-
2432	306.014323	306.259115	B2	54	80	0	0	37620	P1-209-5	0	-
2433	306.024740	306.029948	B1	49	80	0	0	37620	P1-209-8	0	-
2434	306.238281	306.295573	D#3	64	80	0	0	37650	P1-209-6	0	-
2435	306.445312	306.549479	E3	95	80	0	0	37680	P1-210-1	0	-
2436	306.445312	306.502604	E2	85	80	0	0	37680	P1-210-4	0	-
2437	306.632812	306.665365	F#3	94	80	0	0	37710	P1-210-6	0	-
2438	306.635417	306.674479	F#2	91	80	0	0	37710	P1-210-5	0	-
2439	306.834635	306.867188	G3	96	80	0	0	37740	P1-210-8	0	-
2440	306.834635	306.872396	G2	93	80	0	0	37740	P1-210-7	0	-
2441	307.036458	307.098958	A3	97	80	0	0	37770	P1-210-10	0	-
2442	307.037760	307.071615	A2	92	80	0	0	37770	P1-210-9	0	-
2443	307.253906	307.908854	B3	101	80	0	0	37800	P1-210-12	0	-
2444	307.253906	309.218750	B2	93	80	0	0	37800	P1-210-11	0	-
2445	307.688802	309.209635	E4	92	80	0	0	37860	P1-211-2	0	-
2446	307.694010	308.929688	C4	85	80	0	0	37860	P1-211-1	0	-
2447	309.171875	310.229167	F4	61	80	0	0	38040	P1-212-1	0	-
2448	309.194010	310.289062	A3	47	80	0	0	38040	P1-212-5	0	-
2449	309.197917	310.289062	C4	45	80	0	0	38040	P1-212-3	0	-
2450	309.203125	310.619792	A2	43	80	0	0	38040	P1-212-4	0	-
2451	310.005208	311.449219	C5	67	80	0	0	38160	P1-212-2	0	-
2452	310.583333	310.889323	A3	34	80	0	0	38220	*	3	-
2453	310.584635	311.589844	F#4	40	80	0	0	38220	P1-213-7	0	-
2454	310.592448	311.628906	D#4	41	80	0	0	38220	P1-213-6	0	-
2455	310.593750	311.009115	B2	33	80	0	0	38220	P1-213-9	0	-
2456	310.595052	311.218750	B3	33	80	0	0	38220	P1-213-10	0	-
2457	311.376302	311.569010	B4	44	80	0	0	38340	P1-213-5	0	-
2458	311.769531	311.938802	E2	98	80	0	0	38400	P1-214-7	0	-
2459	311.773438	311.908854	E1	97	80	0	0	38400	P1-214-6	0	-
2460	311.972656	312.020833	F#2	99	80	0	0	38430	P1-214-9	0	-
2461	311.973958	312.019531	F#1	96	80	0	0	38430	P1-214-8	0	-
2462	312.182292	312.226562	G2	94	80	0	0	38460	P1-214-11	0	-
2463	312.183594	312.231771	G1	88	80	0	0	38460	P1-214-10	0	-
2464	312.381510	312.459635	A2	92	80	0	0	38490	P1-214-13	0	-
2465	312.382812	312.417969	A1	87	80	0	0	38490	P1-214-12	0	-
2466	312.614583	314.979167	B2	102	80	0	0	38520	P1-214-15	0	-
2467	312.618490	313.059896	B1	96	80	0	0	38520	P1-214-14	0	-
2468	313.098958	314.789062	C3	90	80	0	0	38580	P1-215-1	0	-
2469	313.098958	315.139323	E3	91	80	0	0	38580	P1-215-2	0	-
2470	314.789062	316.429688	F3	61	80	0	0	38760	P1-216-2	0	-
2471	314.800781	316.479167	C3	51	80	0	0	38760	P1-216-1	0	-
2472	314.803385	316.109375	A2	55	80	0	0	38760	P1-216-5	0	-
2473	315.671875	317.459635	C4	67	80	0	0	38880	P1-216-3	0	-
2474	316.324219	317.179688	A3	42	80	0	0	38940	P1-217-7	0	-
2475	316.324219	317.848958	D#3	37	80	0	0	38940	P1-217-5	0	-
2476	316.324219	317.809896	F#3	36	80	0	0	38940	P1-217-6	0	-
2477	317.216146	317.819010	B3	33	80	0	0	39060	P1-217-2	0	-
2478	318.694010	320.449219	C4	62	80	0	0	39240	P1-218-3	0	-
2479	319.273438	321.179688	G3	35	80	0	0	39300	P1-219-6	0	-
2480	319.278646	321.059896	E3	34	80	0	0	39300	P1-219-5	0	-
2481	319.283854	321.109375	E2	30	80	0	0	39300	P1-219-3	0	-
2482	319.286458	321.089844	B2	30	80	0	0	39300	P1-219-4	0	-
2483	320.415365	321.069010	B3	30	80	0	0	39420	P1-219-2	0	-
2484	321.921875	323.408854	C4	58	80	0	0	39600	P1-220-3	0	-
2485	322.434896	323.500000	A3	37	80	0	0	39660	P1-221-6	0	-
2486	322.441406	323.959635	B2	38	80	0	0	39660	P1-221-4	0	-
2487	322.444010	323.389323	F#3	35	80	0	0	39660	P1-221-5	0	-
2488	322.445312	323.759115	B1	38	80	0	0	39660	P1-221-3	0	-
2489	323.266927	323.829427	D#4	53	80	0	0	39780	P1-221-2	0	-
2490	323.768229	324.179688	E4	45	80	0	0	39840	P1-222-4	0	-
2491	323.804688	324.218750	E2	22	80	0	0	39840	P1-222-7	0	-
2492	323.805990	324.169271	G3	24	80	0	0	39840	P1-222-8	0	-
2493	324.542969	326.239583	C5	59	80	0	0	39960	P1-222-3	0	-
2494	325.082031	326.514323	F#4	32	80	0	0	40020	P1-223-7	0	-
2495	325.083333	326.522135	D#4	34	80	0	0	40020	P1-223-6	0	-
2496	325.084635	326.549479	A4	32	80	0	0	40020	P1-223-8	0	-
2497	325.093750	326.438802	B2	29	80	0	0	40020	P1-223-9	0	-
2498	326.114583	326.518229	B4	31	80	0	0	40140	P1-223-5	0	-
2499	327.445312	329.128906	C5	53	80	0	0	40320	P1-224-3	0	-
2500	328.000000	329.829427	G4	37	80	0	0	40380	P1-225-7	0	-
2501	328.014323	329.739583	E4	38	80	0	0	40380	P1-225-6	0	-
2502	328.036458	329.929688	B3	27	80	0	0	40380	P1-225-9	0	-
2503	328.042969	329.968750	E3	27	80	0	0	40380	P1-225-8	0	-
2504	329.075521	330.329427	B4	34	80	0	0	40500	P1-225-5	0	-
2505	330.768229	332.769531	C5	46	80	0	0	40680	P1-226-4	0	-
2506	331.282552	332.500000	A4	35	80	0	0	40740	P1-227-7	0	-
2507	331.292969	331.299479	A3	29	80	0	0	40740	*	3	-
2508	331.294271	332.269531	F#4	29	80	0	0	40740	P1-227-6	0	-
2509	331.296875	332.218750	B2	28	80	0	0	40740	P1-227-8	0	-
2510	331.299479	331.709635	B3	29	80	0	0	40740	P1-227-9	0	-
2511	332.164062	332.769531	D#5	42	80	0	0	40860	P1-227-3	0	-
2512	332.703125	332.992188	E5	40	80	0	0	40920	P1-228-5	0	-
2513	332.725260	332.980469	G4	23	80	0	0	40920	P1-228-4	0	-
2514	332.733073	332.981771	E3	22	80	0	0	40920	P1-228-8	0	-
2515	333.703125	334.509115	C6	44	80	0	0	41040	P1-228-3	0	-
2516	334.304688	337.438802	B4	32	80	0	0	41100	P1-229-9	0	-
2517	334.305990	336.989583	F#5	33	80	0	0	41100	P1-229-4	0	-
2518	334.313802	336.438802	D#5	32	80	0	0	41100	P1-229-3	0	-
2519	334.315104	335.889323	A5	35	80	0	0	41100	P1-229-5	0	-
2520	335.561198	336.559896	B5	37	80	0	0	41220	P1-229-8	0	-
2521	337.493490	339.878906	C5	54	80	0	0	41400	P1-230-4	0	-
2522	339.838542	340.169271	B4	29	80	0	0	41520	P1-231-6	0	-
2523	340.484375	341.209635	F#5	50	80	0	0	41580	P1-231-4	0	-
2524	340.503906	341.000000	D#5	38	80	0	0	41580	P1-231-3	0	-
2525	340.519531	340.929688	A4	25	80	0	0	41580	P1-231-8	0	-
2526	340.520833	340.959635	F#4	29	80	0	0	41580	P1-231-7	0	-
2527	341.126302	341.878906	G5	54	80	0	0	41640	P1-232-2	0	-
2528	341.154948	341.658854	E5	40	80	0	0	41640	P1-232-1	0	-
2529	341.156250	341.569010	E4	32	80	0	0	41640	P1-232-6	0	-
2530	341.162760	341.476562	G4	28	80	0	0	41640	P1-232-7	0	-
2531	341.164062	341.169271	A3	24	80	0	0	41640	*	3	-
2532	341.872396	341.986979	F#5	54	80	0	0	41730	P1-232-4	0	-
2533	341.880208	341.992188	D#5	46	80	0	0	41730	P1-232-3	0	-
2534	341.903646	341.985677	F#4	32	80	0	0	41730	P1-232-8	0	-
2535	341.925781	341.979167	A3	20	80	0	0	41730	*	3	-
2536	342.117188	342.389323	E5	52	80	0	0	41760	P1-232-5	0	-
2537	342.123698	342.246094	G4	42	80	0	0	41760	P1-232-10	0	-
2538	342.683594	343.016927	A5	46	80	0	0	41820	P1-233-2	0	-
2539	342.692708	343.032552	F#5	43	80	0	0	41820	P1-233-1	0	-
2540	342.712240	343.016927	F#4	30	80	0	0	41820	P1-233-7	0	-
2541	342.733073	343.003906	D4	21	80	0	0	41820	P1-233-6	0	-
2542	343.635417	343.968750	A5	54	80	0	0	41940	P1-233-5	0	-
2543	343.654948	344.069010	F#5	46	80	0	0	41940	P1-233-4	0	-
2544	343.656250	344.250000	D5	42	80	0	0	41940	P1-233-10	0	-
2545	344.234375	345.089844	A5	55	80	0	0	42000	P1-234-2	0	-
2546	344.240885	344.869792	C5	46	80	0	0	42000	P1-234-6	0	-
2547	344.250000	345.109375	F#5	48	80	0	0	42000	P1-234-1	0	-
2548	344.261719	344.979167	D5	40	80	0	0	42000	P1-234-7	0	-
2549	345.063802	345.298177	G5	56	80	0	0	42090	P1-234-3	0	-
2550	345.072917	345.145833	B4	40	80	0	0	42090	P1-234-8	0	-
2551	345.076823	345.348958	D5	39	80	0	0	42090	P1-234-9	0	-
2552	345.334635	345.938802	A5	51	80	0	0	42120	P1-234-5	0	-
2553	345.365885	345.619792	C5	35	80	0	0	42120	P1-234-11	0	-
2554	345.372396	345.989583	F#5	43	80	0	0	42120	P1-234-4	0	-
2555	345.376302	345.598958	A4	33	80	0	0	42120	P1-234-10	0	-
2556	345.990885	346.320312	B5	49	80	0	0	42180	P1-235-2	0	-
2557	346.005208	346.322917	B4	32	80	0	0	42180	P1-235-6	0	-
2558	346.011719	346.322917	G5	39	80	0	0	42180	P1-235-1	0	-
2559	346.019531	346.320312	G4	27	80	0	0	42180	P1-235-5	0	-
2560	347.375000	347.729167	B5	39	80	0	0	42300	P1-235-4	0	-
2561	347.398438	347.634115	G5	37	80	0	0	42300	P1-235-8	0	-
2562	348.180990	349.539062	B5	50	80	0	0	42360	P1-236-1	0	-
2563	348.183594	349.509115	G5	50	80	0	0	42360	P1-236-5	0	-
2564	348.188802	348.199219	D2	28	80	0	0	42360	*	3	-
2565	348.194010	348.688802	B4	36	80	0	0	42360	*	3	-
2566	349.458333	349.989583	A5	45	80	0	0	42450	P1-236-2	0	-
2567	349.484375	349.933594	F#5	36	80	0	0	42450	P1-236-6	0	-
2568	349.947917	351.259115	B5	34	80	0	0	42480	P1-236-4	0	-
2569	349.954427	351.739583	E5	34	80	0	0	42480	P1-236-7	0	-
2570	349.954427	351.779948	G5	34	80	0	0	42480	P1-236-3	0	-
2571	351.584635	354.348958	C6	34	80	0	0	42540	P1-237-2	0	-
2572	351.588542	352.149740	A5	30	80	0	0	42540	P1-237-1	0	-
2573	351.596354	353.739583	D#5	31	80	0	0	42540	P1-237-6	0	-
2574	356.402344	357.859375	E6	57	80	0	0	42660	P1-237-5	0	-
2575	356.412760	357.549479	E5	48	80	0	0	42660	P1-237-4	0	-
2576	357.161458	358.649740	B3	42	80	0	0	42720	P1-238-9	0	-
2577	357.175781	358.848958	G2	40	80	0	0	42720	P1-238-7	0	-
2578	357.178385	358.759115	E3	41	80	0	0	42720	P1-238-8	0	-
2579	358.234375	358.509115	D#6	64	80	0	0	42810	P1-238-4	0	-
2580	358.274740	358.500000	D#5	41	80	0	0	42810	P1-238-3	0	-
2581	358.565104	358.759115	E6	75	80	0	0	42840	P1-238-6	0	-
2582	358.572917	358.750000	E5	63	80	0	0	42840	P1-238-5	0	-
2583	359.242188	360.369792	F#4	61	80	0	0	42900	P1-239-3	0	-
2584	359.264323	360.158854	E4	59	80	0	0	42900	P1-239-2	0	-
2585	359.265625	360.149740	C4	47	80	0	0	42900	P1-239-1	0	-
2586	359.266927	360.639323	A2	40	80	0	0	42900	P1-239-7	0	-
2587	360.375000	360.959635	F#4	63	80	0	0	43020	P1-239-6	0	-
2588	360.406250	361.279948	E4	61	80	0	0	43020	P1-239-5	0	-
2589	360.416667	360.989583	C#4	53	80	0	0	43020	P1-239-4	0	-
2590	360.417969	361.139323	Bb2	45	80	0	0	43020	P1-239-8	0	-
2591	361.139323	362.658854	F#4	65	80	0	0	43080	P1-240-1	0	-
2592	361.165365	363.279948	B2	47	80	0	0	43080	P1-240-7	0	-
2593	361.166667	363.098958	D#4	56	80	0	0	43080	P1-240-6	0	-
2594	361.167969	363.329427	A3	50	80	0	0	43080	P1-240-5	0	-
2595	361.175781	362.209635	B3	50	80	0	0	43080	*	3	-
2596	362.281250	362.718750	G4	52	80	0	0	43170	P1-240-2	0	-
2597	362.644531	363.158854	A4	61	80	0	0	43200	P1-240-3	0	-
2598	362.923177	363.389323	G4	69	80	0	0	43230	P1-240-4	0	-
2599	363.266927	364.169271	F#4	57	80	0	0	43260	P1-241-1	0	-
2600	363.305990	364.250000	G3	41	80	0	0	43260	P1-241-6	0	-
2601	363.308594	364.479167	C3	41	80	0	0	43260	P1-241-5	0	-
2602	363.964844	364.250000	E4	48	80	0	0	43320	P1-241-2	0	-
2603	364.723958	366.750000	E6	71	80	0	0	43380	P1-241-4	0	-
2604	364.744792	366.589844	E5	49	80	0	0	43380	P1-241-3	0	-
2605	364.753906	365.098958	B2	40	80	0	0	43380	P1-241-8	0	-
2606	364.757812	365.289062	B1	40	80	0	0	43380	P1-241-7	0	-
2607	365.082031	365.549479	A2	54	80	0	0	43410	P1-241-10	0	-
2608	365.084635	365.569010	A1	50	80	0	0	43410	P1-241-9	0	-
2609	365.542969	366.899740	G2	51	80	0	0	43440	P1-242-8	0	-
2610	365.549479	366.809896	G1	48	80	0	0	43440	P1-242-7	0	-
2611	366.631510	367.079427	D#6	76	80	0	0	43530	P1-242-4	0	-
2612	366.640625	367.000000	D#5	62	80	0	0	43530	P1-242-3	0	-
2613	367.024740	367.718750	E6	72	80	0	0	43560	P1-242-6	0	-
2614	367.031250	367.389323	E5	60	80	0	0	43560	P1-242-5	0	-
2615	367.037760	367.579427	G#1	41	80	0	0	43560	P1-242-9	0	-
2616	367.037760	367.509115	G#2	41	80	0	0	43560	P1-242-10	0	-
2617	367.953125	369.658854	F#4	53	80	0	0	43620	P1-243-3	0	-
2618	367.972656	369.218750	E4	48	80	0	0	43620	P1-243-2	0	-
2619	367.981771	369.079427	C4	39	80	0	0	43620	P1-243-1	0	-
2620	367.984375	369.619792	A1	33	80	0	0	43620	P1-243-7	0	-
2621	367.986979	369.089844	A2	32	80	0	0	43620	P1-243-8	0	-
2622	369.667969	370.649740	F#4	40	80	0	0	43740	P1-243-6	0	-
2623	369.694010	370.289062	E4	38	80	0	0	43740	P1-243-5	0	-
2624	369.705729	370.250000	Bb2	25	80	0	0	43740	P1-243-10	1	-
2625	369.709635	370.449219	C#4	27	80	0	0	43740	P1-243-4	0	-
2626	369.713542	370.699219	Bb1	24	80	0	0	43740	P1-243-9	0	-
2627	370.796875	372.514323	F#4	34	80	0	0	43800	P1-244-1	0	-
2628	370.808594	373.549479	D#4	33	80	0	0	43800	P1-244-6	0	-
2629	370.813802	373.348958	A3	27	80	0	0	43800	P1-244-5	0	-
2630	370.829427	375.188802	B2	22	80	0	0	43800	P1-244-8	0	-
2631	372.427083	373.519531	A4	29	80	0	0	43890	P1-244-2	0	-
2632	372.957031	373.367188	G4	38	80	0	0	43920	P1-244-3	0	-
2633	373.391927	374.125000	F#4	38	80	0	0	43950	P1-244-4	0	-
2634	374.042969	375.609375	G3	26	80	0	0	43980	P1-245-1	0	-
2635	374.044271	375.669271	E4	30	80	0	0	43980	P1-245-2	0	-
2636	374.085938	375.688802	E2	11	80	0	0	43980	P1-245-5	0	-
//Missing 3660	P1-21-9
//Missing 4380	P1-25-5
//Missing 5100	P1-29-3
//Missing 5820	P1-33-2
//Missing 6300	P1-35-5
//Missing 7560	P1-42-4
//Missing 7620	P1-43-4
//Missing 8340	P1-47-7
//Missing 9060	P1-51-1
//Missing 9060	P1-51-2
//Missing 9390	P1-52-16
//Missing 9420	P1-53-3
//Missing 9420	P1-53-4
//Missing 9450	P1-53-8
//Missing 9450	P1-53-9
//Missing 9510	P1-53-18
//Missing 9540	P1-53-23
//Missing 9630	P1-54-35
//Missing 9690	P1-54-43
//Missing 9690	P1-54-45
//Missing 9720	P1-54-47
//Missing 9720	P1-54-49
//Missing 9750	P1-54-52
//Missing 9750	P1-54-53
//Missing 9750	P1-54-54
//Missing 9870	P1-55-11
//Missing 9945	P1-55-16
//Missing 10125	P1-56-16
//Missing 10485	P1-58-17
//Missing 10515	P1-59-8
//Missing 11025	P1-61-16
//Missing 11355	P1-63-14
//Missing 11580	P1-65-4
//Missing 12300	P1-69-6
//Missing 12660	P1-71-1
//Missing 16350	P1-91-10
//Missing 17130	P1-95-18
//Missing 17550	P1-98-11
//Missing 17580	P1-98-15
//Missing 17640	P1-98-6
//Missing 17670	P1-98-27
//Missing 17700	P1-99-2
//Missing 17760	P1-99-18
//Missing 17790	P1-99-23
//Missing 17790	P1-99-25
//Missing 17850	P1-99-31
//Missing 17850	P1-99-32
//Missing 20460	P1-114-15
//Missing 20505	P1-114-8
//Missing 20520	P1-114-9
//Missing 20640	P1-115-5
//Missing 20700	P1-115-9
//Missing 20880	P1-116-9
//Missing 21000	P1-117-17
//Missing 21075	P1-117-10
//Missing 21180	P1-118-5
//Missing 21600	P1-120-9
//Missing 25200	P1-140-7
//Missing 25740	P1-143-9
//Missing 26460	P1-147-6
//Missing 29760	P1-166-14
//Missing 30060	P1-167-5
//Missing 30840	P1-172-2
//Missing 31500	P1-175-6
//Missing 32760	P1-182-6
//Missing 33000	P1-184-6
//Missing 33120	P1-184-5
//Missing 33120	P1-184-9
//Missing 33180	P1-185-3
//Missing 33180	P1-185-9
//Missing 33300	P1-185-11
//Missing 33480	P1-186-7
//Missing 34080	P1-190-2
//Missing 34620	P1-193-1
//Missing 34680	P1-193-5
//Missing 34680	P1-193-6
//Missing 35400	P1-197-21
//Missing 35490	P1-197-34
//Missing 35490	P1-197-35
//Missing 35685	P1-198-16
//Missing 36585	P1-203-14
//Missing 37005	P1-206-8
//Missing 37095	P1-206-14
//Missing 37110	P1-206-4
//Missing 38220	P1-213-8
//Missing 38400	P1-214-1
//Missing 38400	P1-214-2
//Missing 38400	P1-214-3
//Missing 38760	P1-216-4
//Missing 38940	P1-217-3
//Missing 38940	P1-217-4
//Missing 40020	P1-223-10
//Missing 41730	P1-232-9
//Missing 41820	P1-233-8
//Missing 43800	P1-244-7
