//Version: ScorePerfmMatch_v170503
// Score: /Users/toddywang/Documents/VsCodeProjects/xmltoexp/ATEPP-1.2/ATEPP-1.2/Ludwig_van_Beethoven/Piano_Sonata_No._27_in_E_Minor,_Op._90/I._Mit_Lebhaftigkeit_und_durchaus_mit_Empfindung_und_Ausdruck/score_hmm.txt
// Perfm: /Users/toddywang/Documents/VsCodeProjects/xmltoexp/ATEPP-1.2/ATEPP-1.2/Ludwig_van_Beethoven/Piano_Sonata_No._27_in_E_Minor,_Op._90/I._Mit_Lebhaftigkeit_und_durchaus_mit_Empfindung_und_Ausdruck/08532_spr.txt
0	0.816406	0.868490	G3	91	80	0	0	0	P1-0-1	0	0
1	0.819010	0.875000	G4	87	80	0	0	0	P1-0-4	0	-
2	0.821615	0.876302	E2	75	80	0	0	0	P1-0-6	0	-
3	0.822917	0.899740	B3	82	80	0	0	0	P1-0-2	0	-
4	0.825521	0.873698	E3	83	80	0	0	0	P1-0-7	0	-
5	0.826823	0.908854	E4	85	80	0	0	0	P1-0-3	0	-
6	1.259115	1.635417	G4	90	80	0	0	60	P1-1-1	0	-
7	1.264323	1.623698	G3	90	80	0	0	60	P1-1-5	0	-
8	1.266927	1.628906	E3	87	80	0	0	60	P1-1-10	0	-
9	1.268229	1.609375	B3	87	80	0	0	60	P1-1-6	0	-
10	1.269531	1.819010	E2	78	80	0	0	60	P1-1-9	0	-
11	1.270833	1.649740	E4	87	80	0	0	60	P1-1-7	0	-
12	1.735677	1.834635	F#4	93	80	0	0	150	P1-1-2	0	-
13	1.912760	2.098958	E4	89	80	0	0	180	P1-1-4	0	-
14	1.914062	1.986979	G3	82	80	0	0	180	P1-1-3	0	-
15	1.921875	2.059896	E3	81	80	0	0	180	P1-1-12	0	-
16	1.923177	2.109375	E2	69	80	0	0	180	P1-1-11	0	-
17	2.303385	2.639323	A4	83	80	0	0	240	P1-2-3	0	-
18	2.303385	2.559896	A3	89	80	0	0	240	P1-2-1	0	-
19	2.304688	2.579427	F#4	80	80	0	0	240	P1-2-2	0	-
20	2.305990	2.479167	D2	82	80	0	0	240	P1-2-7	0	-
21	2.311198	2.479167	D3	85	80	0	0	240	P1-2-8	0	-
22	2.312500	2.509115	D4	71	80	0	0	240	P1-2-8	0	-
23	2.985677	3.184896	A4	54	80	0	0	360	P1-2-6	0	-
24	3.005208	3.179688	D4	50	80	0	0	360	P1-2-10	0	-
25	3.009115	3.183594	F#4	51	80	0	0	360	P1-2-5	0	-
26	3.410156	3.989583	A4	65	80	0	0	420	P1-3-2	0	-
27	3.425781	3.829427	D4	57	80	0	0	420	P1-3-7	0	-
28	3.425781	3.949219	F#4	55	80	0	0	420	P1-3-1	0	-
29	3.425781	3.878906	C4	55	80	0	0	420	P1-3-6	0	-
30	3.962240	4.097656	B3	60	80	0	0	510	P1-3-8	0	-
31	3.963542	4.024740	G4	68	80	0	0	510	P1-3-3	0	-
32	3.964844	4.036458	D4	53	80	0	0	510	P1-3-9	0	-
33	4.125000	4.326823	A4	58	80	0	0	540	P1-3-5	0	-
34	4.135417	4.325521	F#4	58	80	0	0	540	P1-3-4	0	-
35	4.141927	4.332031	A3	53	80	0	0	540	P1-3-10	0	-
36	4.141927	4.204427	C4	59	80	0	0	540	P1-3-11	0	-
37	4.524740	4.680990	B4	56	80	0	0	600	P1-4-2	0	-
38	4.531250	4.649740	G3	50	80	0	0	600	P1-4-8	0	-
39	4.531250	4.759115	G4	50	80	0	0	600	P1-4-1	0	-
40	4.532552	4.634115	B3	49	80	0	0	600	P1-4-9	0	-
41	5.174479	5.236979	B4	91	80	0	0	720	P1-4-7	0	-
42	5.175781	5.236979	D4	85	80	0	0	720	P1-4-5	0	-
43	5.177083	5.235677	B3	86	80	0	0	720	P1-4-4	0	-
44	5.180990	5.244792	G2	81	80	0	0	720	P1-4-11	0	-
45	5.183594	5.235677	G3	89	80	0	0	720	P1-4-12	0	-
46	5.618490	6.179688	B4	93	80	0	0	780	P1-5-1	0	-
47	5.623698	6.079427	D4	84	80	0	0	780	P1-5-6	0	-
48	5.623698	6.119792	B3	89	80	0	0	780	P1-5-5	0	-
49	5.626302	6.089844	G2	84	80	0	0	780	P1-5-9	0	-
50	5.626302	6.039062	G4	86	80	0	0	780	P1-5-7	0	-
51	5.627604	6.029948	G3	92	80	0	0	780	P1-5-10	0	-
52	6.122396	6.359375	A4	92	80	0	0	870	P1-5-2	0	-
53	6.295573	6.509115	B3	85	80	0	0	900	P1-5-3	0	-
54	6.296875	6.569010	G4	83	80	0	0	900	P1-5-4	0	-
55	6.298177	6.408854	G3	79	80	0	0	900	P1-5-4	0	-
56	6.302083	6.459635	G2	77	80	0	0	900	P1-5-12	0	-
57	6.303385	6.500000	G1	75	80	0	0	900	P1-5-11	0	-
58	6.747396	7.000000	B4	88	80	0	0	960	P1-6-2	0	-
59	6.753906	7.059896	C#4	89	80	0	0	960	P1-6-1	0	-
60	6.753906	7.009115	F#2	87	80	0	0	960	P1-6-8	0	-
61	6.755208	7.039062	F#1	84	80	0	0	960	P1-6-7	0	-
62	6.756510	7.039062	Bb4	89	80	0	0	960	P1-6-2	0	-
63	6.756510	7.089844	F#4	79	80	0	0	960	P1-6-1	0	-
64	7.485677	7.809896	C#5	72	80	0	0	1080	P1-6-6	0	-
65	7.492188	7.500000	F#3	55	80	0	0	1080	P1-6-10	0	-
66	7.510417	7.968750	F#4	58	80	0	0	1080	P1-6-10	0	-
67	7.511719	7.869792	Bb4	62	80	0	0	1080	P1-6-5	0	-
68	7.972656	8.549479	C#5	73	80	0	0	1140	P1-7-2	0	-
69	7.976562	8.559896	Bb4	62	80	0	0	1140	P1-7-1	0	-
70	7.977865	8.519531	F#4	59	80	0	0	1140	P1-7-7	0	-
71	7.985677	8.541667	E4	62	80	0	0	1140	P1-7-6	0	-
72	8.523438	8.708333	D4	49	80	0	0	1230	P1-7-8	0	-
73	8.524740	8.680990	B4	61	80	0	0	1230	P1-7-3	0	-
74	8.533854	9.039062	F#4	51	80	0	0	1230	P1-7-9	0	-
75	8.688802	9.089844	C#5	57	80	0	0	1260	P1-7-5	0	-
76	8.713542	9.049479	Bb4	50	80	0	0	1260	P1-7-4	0	-
77	8.725260	9.079427	C#4	43	80	0	0	1260	P1-7-10	0	-
78	8.734375	9.076823	E4	41	80	0	0	1260	P1-7-11	0	-
79	9.096354	9.468750	D5	55	80	0	0	1320	P1-8-2	0	-
80	9.113281	9.500000	B4	50	80	0	0	1320	P1-8-1	0	-
81	9.118490	9.479167	D4	40	80	0	0	1320	P1-8-6	0	-
82	9.121094	9.628906	B3	36	80	0	0	1320	P1-8-5	0	-
83	9.811198	10.899740	D5	71	80	0	0	1440	P1-8-4	0	-
84	10.234375	12.149740	G4	47	80	0	0	1500	P1-9-7	0	-
85	10.240885	11.329427	D4	42	80	0	0	1500	P1-9-4	0	-
86	10.244792	11.369792	B3	43	80	0	0	1500	P1-9-6	0	-
87	10.604167	11.500000	G5	67	80	0	0	1560	P1-9-2	0	-
88	10.951823	11.718750	E5	73	80	0	0	1620	P1-9-3	0	-
89	10.953125	11.589844	E4	43	80	0	0	1620	P1-9-5	0	-
90	11.325521	11.799479	D5	70	80	0	0	1680	P1-10-1	0	-
91	11.326823	11.339844	A3	46	80	0	0	1680	P1-10-6	0	-
92	11.355469	12.329427	C4	51	80	0	0	1680	P1-10-6	0	-
93	11.704427	11.989583	C5	61	80	0	0	1740	P1-10-2	0	-
94	12.085938	12.617188	D#4	69	80	0	0	1800	P1-10-8	0	-
95	12.109375	13.079427	C5	63	80	0	0	1800	P1-10-3	0	-
96	12.111979	12.639323	F#4	63	80	0	0	1800	P1-10-5	0	-
97	12.522135	13.679688	D4	66	80	0	0	1860	P1-11-6	0	-
98	12.904948	13.359375	A5	69	80	0	0	1920	P1-11-2	0	-
99	13.273438	14.179688	C5	59	80	0	0	1980	P1-11-3	0	-
100	13.292969	13.729167	F#4	60	80	0	0	1980	P1-11-7	0	-
101	13.707031	14.639323	G4	60	80	0	0	2040	P1-12-4	0	-
102	14.092448	14.309896	B4	67	80	0	0	2100	P1-12-2	0	-
103	14.505208	16.059896	B4	74	80	0	0	2160	P1-12-3	0	-
104	14.554688	14.968750	G3	42	80	0	0	2160	P1-12-5	0	-
105	14.936198	16.279948	E3	48	80	0	0	2220	P1-13-4	0	-
106	15.358073	15.569010	G4	59	80	0	0	2280	P1-13-2	0	-
107	15.765625	16.968750	G4	58	80	0	0	2340	P1-13-3	0	-
108	15.798177	16.359375	E4	46	80	0	0	2340	P1-13-5	0	-
109	16.277344	17.559896	C4	45	80	0	0	2400	P1-14-4	0	-
110	16.756510	17.000000	E4	43	80	0	0	2460	P1-14-2	0	-
111	17.255208	20.509115	E4	46	80	0	0	2520	P1-14-3	0	-
112	17.313802	18.829427	C3	30	80	0	0	2520	P1-14-8	0	-
113	17.774740	20.139323	C2	35	80	0	0	2580	P1-15-4	0	-
114	18.334635	19.179688	G3	41	80	0	0	2640	P1-15-2	0	-
115	19.143229	20.419271	E3	28	80	0	0	2700	P1-15-3	0	-
116	20.221354	21.989583	B3	37	80	0	0	2760	P1-16-2	0	-
117	20.246094	21.819010	D#3	25	80	0	0	2760	P1-16-1	0	-
118	20.253906	21.949219	B2	23	80	0	0	2760	P1-16-6	0	-
119	20.253906	21.989583	B1	25	80	0	0	2760	P1-16-5	0	-
120	23.205729	24.750000	E6	73	80	0	0	2880	P1-16-4	0	-
121	23.236979	24.509115	E5	53	80	0	0	2880	P1-16-3	0	-
122	23.527344	24.000000	G2	29	80	0	0	2940	P1-17-7	0	-
123	23.812500	24.269531	E3	31	80	0	0	2940	P1-17-9	0	-
124	24.078125	24.419271	B3	50	80	0	0	2940	P1-17-8	0	-
125	24.671875	24.949219	D#6	76	80	0	0	3030	P1-17-4	0	-
126	24.696615	24.919271	D#5	53	80	0	0	3030	P1-17-3	0	-
127	24.910156	25.059896	E6	74	80	0	0	3060	P1-17-6	0	-
128	24.917969	25.059896	E5	64	80	0	0	3060	P1-17-5	0	-
129	25.377604	26.229167	A2	45	80	0	0	3120	P1-18-8	0	-
130	25.434896	26.250000	F#4	70	80	0	0	3120	P1-18-3	0	-
131	25.471354	26.079427	E4	57	80	0	0	3120	P1-18-2	0	-
132	25.471354	26.039062	C4	50	80	0	0	3120	P1-18-1	0	-
133	26.256510	26.679688	F#4	79	80	0	0	3240	P1-18-6	0	-
134	26.278646	26.968750	E4	70	80	0	0	3240	P1-18-5	0	-
135	26.283854	26.750000	Bb2	51	80	0	0	3240	P1-18-10	0	-
136	26.292969	26.669271	C#4	66	80	0	0	3240	P1-18-4	0	-
137	26.835938	27.929688	F#4	82	80	0	0	3300	P1-19-1	0	-
138	26.852865	28.359375	D#4	65	80	0	0	3300	P1-19-6	0	-
139	26.864583	28.399740	A3	59	80	0	0	3300	P1-19-5	0	-
140	26.871094	28.378906	B2	54	80	0	0	3300	P1-19-7	0	-
141	27.592448	27.912760	G4	75	80	0	0	3390	P1-19-2	0	-
142	27.875000	28.169271	A4	76	80	0	0	3420	P1-19-3	0	-
143	27.881510	28.209635	B3	53	80	0	0	3420	P1-19-3	0	-
144	28.071615	28.369792	G4	73	80	0	0	3450	P1-19-4	0	-
145	28.304688	28.834635	F#4	67	80	0	0	3480	P1-20-1	0	-
146	28.330729	29.069010	C3	45	80	0	0	3480	P1-20-5	0	-
147	28.805990	29.169271	E4	65	80	0	0	3540	P1-20-2	0	-
148	29.337240	30.829427	E6	82	80	0	0	3600	P1-20-4	0	-
149	29.341146	29.667969	B2	52	80	0	0	3600	P1-20-7	0	-
150	29.347656	30.529948	E5	74	80	0	0	3600	P1-20-3	0	-
151	29.669271	29.929688	A2	44	80	0	0	3630	P1-20-8	0	-
152	29.936198	30.309896	G2	46	80	0	0	3660	P1-21-9	0	-
153	30.173177	30.699219	E3	61	80	0	0	3660	P1-21-7	0	-
154	30.389323	30.609375	B3	65	80	0	0	3660	P1-21-8	0	-
155	30.759115	31.019531	D#6	83	80	0	0	3750	P1-21-4	0	-
156	30.765625	30.930990	D#5	74	80	0	0	3750	P1-21-3	0	-
157	31.067708	31.399740	E6	80	80	0	0	3780	P1-21-6	0	-
158	31.076823	31.399740	E5	72	80	0	0	3780	P1-21-5	0	-
159	31.083333	31.359375	G#2	48	80	0	0	3780	P1-21-10	0	-
160	31.710938	32.658854	F#4	78	80	0	0	3840	P1-22-3	0	-
161	31.730469	32.549479	E4	68	80	0	0	3840	P1-22-2	0	-
162	31.733073	32.459635	C4	64	80	0	0	3840	P1-22-1	0	-
163	31.735677	32.899740	A2	52	80	0	0	3840	P1-22-7	0	-
164	32.972656	33.589844	F#4	55	80	0	0	3960	P1-22-6	0	-
165	32.994792	33.408854	Bb2	38	80	0	0	3960	P1-22-8	0	-
166	33.002604	33.908854	E4	47	80	0	0	3960	P1-22-5	0	-
167	33.003906	33.489583	C#4	46	80	0	0	3960	P1-22-4	0	-
168	33.854167	35.169271	F#4	62	80	0	0	4020	P1-23-1	0	-
169	33.882812	35.968750	A3	40	80	0	0	4020	P1-23-5	0	-
170	33.886719	36.239583	D#4	45	80	0	0	4020	P1-23-6	0	-
171	33.893229	37.039062	B2	36	80	0	0	4020	P1-23-8	0	-
172	33.897135	36.429688	B1	37	80	0	0	4020	P1-23-7	0	-
173	34.964844	35.450521	A4	56	80	0	0	4110	P1-23-2	0	-
174	35.417969	35.908854	G4	58	80	0	0	4140	P1-23-3	0	-
175	35.433594	35.819010	B3	32	80	0	0	4140	P1-23-3	0	-
176	35.794271	36.109375	F#4	63	80	0	0	4170	P1-23-4	0	-
177	36.430990	37.459635	E4	37	80	0	0	4200	P1-24-2	0	-
178	36.444010	37.389323	G3	30	80	0	0	4200	P1-24-1	0	-
179	36.454427	37.539062	E2	25	80	0	0	4200	P1-24-6	0	-
180	39.225260	39.739583	B4	37	80	0	0	4320	P1-24-5	0	-
181	39.244792	39.539062	B2	23	80	0	0	4320	P1-24-10	0	-
182	39.251302	39.449219	B3	23	80	0	0	4320	P1-24-4	0	-
183	39.261719	39.449219	F#3	21	80	0	0	4320	P1-24-4	0	-
184	39.750000	41.319010	B2	26	80	0	0	4380	P1-25-6	0	-
185	39.752604	40.299479	B4	36	80	0	0	4380	P1-25-2	0	-
186	39.755208	40.059896	B3	26	80	0	0	4380	P1-25-1	0	-
187	40.613281	40.869792	E5	42	80	0	0	4500	P1-25-4	0	-
188	40.619792	41.109375	E2	23	80	0	0	4500	P1-25-7	0	-
189	40.625000	40.859375	E3	27	80	0	0	4500	P1-25-8	0	-
190	40.626302	40.848958	E4	28	80	0	0	4500	P1-25-3	0	-
191	41.078125	41.559896	E5	40	80	0	0	4560	P1-26-2	0	-
192	41.115885	41.369792	E2	16	80	0	0	4560	P1-26-5	0	-
193	41.119792	42.319010	E3	19	80	0	0	4560	P1-26-6	0	-
194	41.953125	42.239583	B5	50	80	0	0	4680	P1-26-4	0	-
195	41.983073	42.093750	B4	39	80	0	0	4680	P1-26-3	0	-
196	41.984375	42.085938	B3	33	80	0	0	4680	P1-26-8	0	-
197	41.985677	42.199219	B2	28	80	0	0	4680	P1-26-7	0	-
198	42.407552	42.699219	B5	52	80	0	0	4740	P1-27-2	0	-
199	42.417969	42.759115	B3	32	80	0	0	4740	P1-27-6	0	-
200	42.425781	42.688802	B4	39	80	0	0	4740	P1-27-1	0	-
201	42.433594	42.750000	B2	28	80	0	0	4740	P1-27-5	0	-
202	43.247396	43.559896	E6	56	80	0	0	4860	P1-27-4	0	-
203	43.255208	43.509115	E4	37	80	0	0	4860	P1-27-8	0	-
204	43.265625	43.419271	E3	31	80	0	0	4860	P1-27-7	0	-
205	43.265625	43.519531	E5	41	80	0	0	4860	P1-27-3	0	-
206	43.764323	44.109375	E6	53	80	0	0	4920	P1-28-2	0	-
207	43.786458	44.109375	E3	33	80	0	0	4920	P1-28-7	0	-
208	43.786458	44.059896	E5	40	80	0	0	4920	P1-28-1	0	-
209	43.786458	44.029948	E4	32	80	0	0	4920	P1-28-8	0	-
210	44.602865	44.666667	F6	92	80	0	0	5040	P1-28-6	0	-
211	44.605469	44.666667	F5	92	80	0	0	5040	P1-28-3	0	-
212	44.608073	44.677083	D4	84	80	0	0	5040	P1-28-11	0	-
213	44.609375	44.686198	B3	80	80	0	0	5040	P1-28-10	0	-
214	44.610677	44.678385	F4	89	80	0	0	5040	P1-28-12	0	-
215	44.613281	44.699219	D6	85	80	0	0	5040	P1-28-5	0	-
216	44.614583	44.675781	G3	87	80	0	0	5040	P1-28-9	0	-
217	45.100260	45.579427	F5	95	80	0	0	5100	P1-29-1	0	-
218	45.100260	45.609375	F6	92	80	0	0	5100	P1-29-4	0	-
219	45.101562	45.919271	D4	84	80	0	0	5100	P1-29-13	0	-
220	45.105469	46.079427	B3	84	80	0	0	5100	P1-29-12	0	-
221	45.105469	46.000000	F4	88	80	0	0	5100	P1-29-14	0	-
222	45.108073	45.989583	G3	82	80	0	0	5100	P1-29-11	0	-
223	45.742188	45.888021	E6	94	80	0	0	5190	P1-29-5	0	-
224	45.854167	45.973958	D6	94	80	0	0	5205	P1-29-6	0	-
225	45.955729	46.048177	C6	85	80	0	0	5220	P1-29-7	0	-
226	46.045573	46.138021	B5	82	80	0	0	5235	P1-29-8	0	-
227	46.135417	46.252604	A5	82	80	0	0	5250	P1-29-9	0	-
228	46.222656	46.317708	G5	86	80	0	0	5265	P1-29-10	0	-
229	46.309896	46.391927	F5	80	80	0	0	5280	P1-30-1	0	-
230	46.390625	46.493490	E5	78	80	0	0	5295	P1-30-2	0	-
231	46.473958	46.544271	D5	84	80	0	0	5310	P1-30-3	0	-
232	46.553385	46.648438	C5	77	80	0	0	5325	P1-30-4	0	-
233	46.634115	46.721354	B4	78	80	0	0	5340	P1-30-5	0	-
234	46.712240	46.783854	A4	85	80	0	0	5350	P1-30-6	0	-
235	46.774740	46.852865	G4	78	80	0	0	5360	P1-30-7	0	-
236	46.845052	46.955729	F4	81	80	0	0	5370	P1-30-8	0	-
237	46.927083	47.000000	E4	87	80	0	0	5380	P1-30-9	0	-
238	47.013021	47.098958	D4	82	80	0	0	5390	P1-30-10	0	-
239	47.092448	47.184896	C4	80	80	0	0	5400	P1-30-11	0	-
240	47.174479	47.285156	B3	84	80	0	0	5412	P1-30-12	0	-
241	47.260417	47.313802	A3	84	80	0	0	5424	P1-30-13	0	-
242	47.352865	47.433594	G3	77	80	0	0	5436	P1-30-14	0	-
243	47.420573	47.509115	F#3	81	80	0	0	5448	P1-30-15	0	-
244	47.505208	47.718750	G3	83	80	0	0	5460	P1-31-1	0	-
245	48.216146	48.282552	F4	86	80	0	0	5580	P1-31-5	0	-
246	48.225260	48.319010	D4	74	80	0	0	5580	P1-31-4	0	-
247	48.225260	48.276042	G3	80	80	0	0	5580	P1-31-3	0	-
248	48.234375	48.274740	B2	80	80	0	0	5580	P1-31-9	0	-
249	48.238281	48.282552	B1	76	80	0	0	5580	P1-31-8	0	-
250	48.634115	48.809896	E4	83	80	0	0	5640	P1-32-3	0	-
251	48.635417	48.750000	C3	87	80	0	0	5640	P1-32-10	0	-
252	48.636719	48.839844	C4	81	80	0	0	5640	P1-32-2	0	-
253	48.636719	48.688802	G3	84	80	0	0	5640	P1-32-1	0	-
254	48.639323	48.769531	C2	79	80	0	0	5640	P1-32-9	0	-
255	49.364583	49.414062	D4	82	80	0	0	5760	P1-32-15	0	-
256	49.371094	49.416667	E3	72	80	0	0	5760	P1-32-12	0	-
257	49.371094	49.420573	B3	79	80	0	0	5760	P1-32-14	0	-
258	49.371094	49.412760	G#5	82	80	0	0	5760	P1-32-6	0	-
259	49.372396	49.438802	D6	84	80	0	0	5760	P1-32-8	0	-
260	49.373698	49.425781	G#3	72	80	0	0	5760	P1-32-13	0	-
261	49.373698	49.414062	B5	80	80	0	0	5760	P1-32-7	0	-
262	49.825521	49.929688	B5	87	80	0	0	5820	P1-33-3	0	-
263	49.826823	50.539062	D4	82	80	0	0	5820	P1-33-14	0	-
264	49.826823	50.299479	D6	93	80	0	0	5820	P1-33-4	0	-
265	49.826823	50.049479	D5	87	80	0	0	5820	P1-33-1	0	-
266	49.829427	50.509115	G#3	81	80	0	0	5820	P1-33-12	0	-
267	49.830729	50.549479	B3	83	80	0	0	5820	P1-33-13	0	-
268	49.830729	50.209635	G#5	86	80	0	0	5820	P1-33-2	0	-
269	49.832031	50.609375	E3	78	80	0	0	5820	P1-33-11	0	-
270	49.835938	49.899740	E5	82	80	0	0	5820	P1-33-1	0	-
271	50.421875	50.524740	C6	95	80	0	0	5910	P1-33-5	0	-
272	50.514323	50.593750	B5	85	80	0	0	5925	P1-33-6	0	-
273	50.595052	50.682292	A5	80	80	0	0	5940	P1-33-7	0	-
274	50.696615	50.796875	G#5	85	80	0	0	5955	P1-33-8	0	-
275	50.778646	50.854167	F#5	85	80	0	0	5970	P1-33-9	0	-
276	50.872396	50.964844	E5	79	80	0	0	5985	P1-33-10	0	-
277	50.964844	51.063802	D5	82	80	0	0	6000	P1-34-1	0	-
278	51.053385	51.110677	C5	81	80	0	0	6015	P1-34-2	0	-
279	51.132812	51.200521	B4	83	80	0	0	6030	P1-34-3	0	-
280	51.212240	51.273438	A4	80	80	0	0	6045	P1-34-4	0	-
281	51.294271	51.376302	G#4	89	80	0	0	6060	P1-34-5	0	-
282	51.368490	51.444010	F#4	85	80	0	0	6070	P1-34-6	0	-
283	51.441406	51.519531	E4	82	80	0	0	6080	P1-34-7	0	-
284	51.533854	51.602865	D4	79	80	0	0	6090	P1-34-8	0	-
285	51.615885	51.692708	C4	83	80	0	0	6100	P1-34-9	0	-
286	51.704427	51.774740	B3	78	80	0	0	6110	P1-34-10	0	-
287	51.774740	51.833333	A3	80	80	0	0	6120	P1-34-11	0	-
288	51.837240	51.907552	G#3	80	80	0	0	6132	P1-34-12	0	-
289	51.910156	51.954427	F#3	81	80	0	0	6144	P1-34-13	0	-
290	52.009115	52.084635	E3	86	80	0	0	6156	P1-34-14	0	-
291	52.082031	52.166667	D#3	88	80	0	0	6168	P1-34-15	0	-
292	52.161458	52.329427	E3	90	80	0	0	6180	P1-35-1	0	-
293	52.864583	52.936198	D4	79	80	0	0	6300	P1-35-4	0	-
294	52.865885	52.927083	G#1	84	80	0	0	6300	P1-35-8	0	-
295	52.865885	52.912760	E3	79	80	0	0	6300	P1-35-3	0	-
296	52.865885	52.925781	G#2	87	80	0	0	6300	P1-35-9	0	-
297	52.867188	53.019531	B3	75	80	0	0	6300	P1-35-3	0	-
298	53.303385	53.368490	C4	81	80	0	0	6360	P1-36-3	0	-
299	53.303385	53.438802	A3	82	80	0	0	6360	P1-36-2	0	-
300	53.304688	53.355469	E3	80	80	0	0	6360	P1-36-1	0	-
301	53.307292	53.519531	A1	83	80	0	0	6360	P1-36-6	0	-
302	53.307292	53.429688	A2	89	80	0	0	6360	P1-36-7	0	-
303	54.268229	54.699219	Bb5	66	80	0	0	6480	P1-36-5	0	-
304	54.885417	55.579427	Bb5	73	80	0	0	6540	P1-37-1	0	-
305	54.937500	57.000000	Bb3	31	80	0	0	6540	P1-37-8	0	-
306	55.542969	55.759115	A5	61	80	0	0	6630	P1-37-2	0	-
307	55.675781	55.743490	G5	53	80	0	0	6645	P1-37-3	0	-
308	55.778646	55.835938	F5	62	80	0	0	6660	P1-37-4	0	-
309	55.873698	55.941406	D#5	64	80	0	0	6675	P1-37-5	0	-
310	55.996094	56.054688	D5	57	80	0	0	6690	P1-37-6	0	-
311	56.102865	56.161458	C5	63	80	0	0	6705	P1-37-7	0	-
312	56.235677	56.355469	Bb4	58	80	0	0	6720	P1-38-1	0	-
313	56.372396	56.415365	A4	49	80	0	0	6735	P1-38-2	0	-
314	56.480469	56.524740	G4	56	80	0	0	6750	P1-38-3	0	-
315	56.592448	56.644531	F4	50	80	0	0	6765	P1-38-4	0	-
316	56.714844	57.059896	D#4	49	80	0	0	6780	P1-38-5	0	-
317	56.885417	56.960938	D4	39	80	0	0	6800	P1-38-6	0	-
318	57.018229	57.169271	C4	48	80	0	0	6820	P1-38-7	0	-
319	57.223958	57.438802	Bb3	53	80	0	0	6840	P1-38-8	0	-
320	57.679688	58.679688	Bb3	54	80	0	0	6900	P1-39-1	0	-
321	58.445312	58.688802	E4	59	80	0	0	7020	P1-39-4	0	-
322	58.873698	59.319010	E4	64	80	0	0	7080	P1-40-3	0	-
323	59.572917	59.817708	G4	79	80	0	0	7200	P1-40-2	0	-
324	59.596354	59.809896	Bb3	55	80	0	0	7200	P1-40-4	0	-
325	59.996094	60.408854	G4	63	80	0	0	7260	P1-41-1	0	-
326	60.011719	60.378906	E4	47	80	0	0	7260	P1-41-5	0	-
327	60.018229	60.399740	Bb3	48	80	0	0	7260	P1-41-4	0	-
328	60.660156	60.897135	C#5	71	80	0	0	7380	P1-41-3	0	-
329	60.679688	60.929688	G4	60	80	0	0	7380	P1-41-2	0	-
330	60.684896	60.882812	Bb3	59	80	0	0	7380	P1-41-6	0	-
331	60.684896	60.882812	E4	51	80	0	0	7380	P1-41-7	0	-
332	61.067708	61.359375	C#5	66	80	0	0	7440	P1-42-2	0	-
333	61.071615	61.408854	G4	64	80	0	0	7440	P1-42-1	0	-
334	61.082031	61.468750	E4	58	80	0	0	7440	P1-42-7	0	-
335	61.083333	61.389323	Bb3	55	80	0	0	7440	P1-42-6	0	-
336	61.750000	62.089844	G5	80	80	0	0	7560	P1-42-5	0	-
337	61.750000	62.049479	G4	73	80	0	0	7560	P1-42-11	0	-
338	61.752604	62.059896	E4	59	80	0	0	7560	P1-42-10	0	-
339	61.755208	62.039062	Bb3	60	80	0	0	7560	P1-42-8	0	-
340	61.756510	62.039062	C#5	65	80	0	0	7560	P1-42-3	0	-
341	61.760417	61.799479	E5	71	80	0	0	7560	P1-42-4	0	-
342	61.763021	62.009115	C#4	63	80	0	0	7560	P1-42-9	0	-
343	62.209635	63.039062	G5	84	80	0	0	7620	P1-43-1	0	-
344	62.217448	62.968750	E5	75	80	0	0	7620	P1-43-4	0	-
345	62.217448	63.109375	G4	77	80	0	0	7620	P1-43-8	0	-
346	62.218750	62.889323	E4	68	80	0	0	7620	P1-43-12	0	-
347	62.218750	62.799479	C#5	71	80	0	0	7620	P1-43-3	0	-
348	62.222656	63.319010	Bb3	70	80	0	0	7620	P1-43-10	0	-
349	62.223958	63.169271	C#4	71	80	0	0	7620	P1-43-11	0	-
350	62.944010	63.419271	F#5	89	80	0	0	7740	P1-43-7	0	-
351	62.947917	63.289062	F#4	88	80	0	0	7740	P1-43-9	0	-
352	63.376302	64.039062	F5	89	80	0	0	7800	P1-44-4	0	-
353	63.377604	63.829427	F4	84	80	0	0	7800	P1-44-8	0	-
354	64.042969	64.348958	F#5	90	80	0	0	7920	P1-44-7	0	-
355	64.046875	64.369792	E5	84	80	0	0	7920	P1-44-6	0	-
356	64.048177	64.339844	F#4	91	80	0	0	7920	P1-44-12	0	-
357	64.049479	64.250000	E4	85	80	0	0	7920	P1-44-11	0	-
358	64.050781	64.348958	C#5	76	80	0	0	7920	P1-44-5	0	-
359	64.052083	64.209635	Bb3	80	80	0	0	7920	P1-44-9	0	-
360	64.053385	64.239583	C#4	81	80	0	0	7920	P1-44-10	0	-
361	64.489583	64.829427	F#5	92	80	0	0	7980	P1-45-3	0	-
362	64.493490	64.799479	D5	88	80	0	0	7980	P1-45-2	0	-
363	64.494792	64.679688	B4	84	80	0	0	7980	P1-45-1	0	-
364	64.496094	64.605469	F#4	85	80	0	0	7980	P1-45-6	0	-
365	64.502604	64.610677	B3	82	80	0	0	7980	P1-45-4	0	-
366	64.502604	64.606771	D4	80	80	0	0	7980	P1-45-5	0	-
367	64.722656	64.782552	F#4	74	80	0	0	8010	P1-45-9	0	-
368	64.722656	64.792969	D4	74	80	0	0	8010	P1-45-8	0	-
369	64.723958	64.791667	B3	76	80	0	0	8010	P1-45-7	0	-
370	64.921875	64.993490	B3	56	80	0	0	8040	P1-45-10	0	-
371	64.921875	64.986979	F#4	59	80	0	0	8040	P1-45-12	0	-
372	64.923177	65.059896	D5	68	80	0	0	8040	P1-45-11	0	-
373	64.925781	65.049479	B4	64	80	0	0	8040	P1-45-10	0	-
374	64.925781	64.997396	D4	59	80	0	0	8040	P1-45-11	0	-
375	65.127604	65.173177	F#4	67	80	0	0	8070	P1-45-15	0	-
376	65.128906	65.175781	B3	64	80	0	0	8070	P1-45-13	0	-
377	65.132812	65.209635	D4	60	80	0	0	8070	P1-45-14	0	-
378	65.273438	65.334635	F#4	77	80	0	0	8100	P1-45-18	0	-
379	65.282552	65.335938	B3	60	80	0	0	8100	P1-45-16	0	-
380	65.282552	65.337240	D4	53	80	0	0	8100	P1-45-17	0	-
381	65.463542	65.559896	D4	59	80	0	0	8130	P1-45-20	0	-
382	65.464844	65.549479	F#4	59	80	0	0	8130	P1-45-21	0	-
383	65.467448	65.518229	B3	74	80	0	0	8130	P1-45-19	0	-
384	65.717448	66.009115	B4	89	80	0	0	8160	P1-46-1	0	-
385	65.721354	65.989583	F#5	91	80	0	0	8160	P1-46-2	0	-
386	65.723958	65.989583	B3	78	80	0	0	8160	P1-46-6	0	-
387	65.726562	66.158854	D3	76	80	0	0	8160	P1-46-4	0	-
388	65.734375	66.049479	F#3	73	80	0	0	8160	P1-46-5	0	-
389	66.000000	66.089844	B3	52	80	0	0	8190	P1-46-9	0	-
390	66.167969	66.222656	B3	51	80	0	0	8220	P1-46-12	0	-
391	66.171875	66.239583	D4	59	80	0	0	8220	P1-46-10	0	-
392	66.173177	66.223958	F#3	59	80	0	0	8220	P1-46-11	0	-
393	66.174479	66.329427	D3	55	80	0	0	8220	P1-46-10	0	-
394	66.328125	66.399740	D4	59	80	0	0	8250	P1-46-13	0	-
395	66.332031	66.390625	B3	56	80	0	0	8250	P1-46-15	0	-
396	66.333333	66.339844	A3	59	80	0	0	8250	P1-46-15	0	-
397	66.334635	66.390625	F#3	59	80	0	0	8250	P1-46-14	0	-
398	66.338542	66.598958	D3	58	80	0	0	8250	P1-46-13	0	-
399	66.520833	66.598958	D4	56	80	0	0	8280	P1-46-16	0	-
400	66.526042	66.575521	B3	55	80	0	0	8280	P1-46-18	0	-
401	66.526042	66.576823	F#3	56	80	0	0	8280	P1-46-17	0	-
402	66.684896	66.769531	D3	71	80	0	0	8310	P1-46-19	0	-
403	66.684896	66.769531	B3	57	80	0	0	8310	P1-46-21	0	-
404	66.684896	66.759115	F#3	58	80	0	0	8310	P1-46-20	0	-
405	66.882812	66.944010	A3	94	80	0	0	8340	P1-47-8	0	-
406	66.882812	67.079427	F#4	93	80	0	0	8340	P1-47-1	0	-
407	66.886719	66.979167	B3	85	80	0	0	8340	P1-47-8	0	-
408	66.886719	66.946615	F#3	84	80	0	0	8340	P1-47-7	0	-
409	66.889323	67.158854	D#3	86	80	0	0	8340	P1-47-6	0	-
410	67.082031	67.179688	A3	75	80	0	0	8370	P1-47-11	0	-
411	67.083333	67.158854	F#3	68	80	0	0	8370	P1-47-10	0	-
412	67.084635	67.188802	C4	64	80	0	0	8370	P1-47-9	0	-
413	67.294271	67.371094	G3	84	80	0	0	8400	P1-47-13	0	-
414	67.294271	67.368490	E3	77	80	0	0	8400	P1-47-12	0	-
415	67.294271	67.549479	C4	78	80	0	0	8400	P1-47-3	0	-
416	67.485677	67.539062	G3	82	80	0	0	8430	P1-47-15	0	-
417	67.489583	67.545573	E3	68	80	0	0	8430	P1-47-14	0	-
418	67.673177	67.723958	G3	81	80	0	0	8460	P1-47-17	0	-
419	67.675781	67.725260	E3	70	80	0	0	8460	P1-47-16	0	-
420	67.858073	67.915365	E3	67	80	0	0	8490	P1-47-18	0	-
421	67.859375	67.919271	G3	77	80	0	0	8490	P1-47-19	0	-
422	68.033854	68.309896	G4	91	80	0	0	8520	P1-48-1	0	-
423	68.035156	68.101562	E3	82	80	0	0	8520	P1-48-6	0	-
424	68.035156	68.104167	G3	83	80	0	0	8520	P1-48-7	0	-
425	68.035156	68.119792	C4	80	80	0	0	8520	P1-48-8	0	-
426	68.223958	68.273438	E3	75	80	0	0	8550	P1-48-9	0	-
427	68.230469	68.278646	G3	65	80	0	0	8550	P1-48-10	0	-
428	68.236979	68.286458	B3	71	80	0	0	8550	P1-48-11	0	-
429	68.434896	68.494792	A3	83	80	0	0	8580	P1-48-13	0	-
430	68.434896	68.759115	D#4	84	80	0	0	8580	P1-48-3	0	-
431	68.436198	68.492188	F#3	81	80	0	0	8580	P1-48-12	0	-
432	68.623698	68.739583	A3	67	80	0	0	8610	P1-48-15	0	-
433	68.625000	68.718750	F#3	62	80	0	0	8610	P1-48-14	0	-
434	68.813802	68.860677	A3	62	80	0	0	8640	P1-48-17	0	-
435	68.815104	68.908854	F#3	55	80	0	0	8640	P1-48-16	0	-
436	68.996094	69.061198	A3	77	80	0	0	8670	P1-48-19	0	-
437	68.996094	69.109375	Eb4	63	80	0	0	8670	P1-48-18	0	-
438	69.001302	69.070312	F#3	68	80	0	0	8670	P1-48-18	0	-
439	69.145833	69.408854	D#5	87	80	0	0	8700	P1-49-2	0	-
440	69.152344	69.415365	A4	89	80	0	0	8700	P1-49-1	0	-
441	69.164062	69.319010	F#4	77	80	0	0	8700	P1-49-6	0	-
442	69.165365	69.225260	A3	89	80	0	0	8700	P1-49-7	0	-
443	69.171875	69.279948	F#3	73	80	0	0	8700	P1-49-6	0	-
444	69.343750	69.449219	C5	72	80	0	0	8730	P1-49-11	0	-
445	69.348958	69.393229	F#3	72	80	0	0	8730	P1-49-9	0	-
446	69.351562	69.425781	C4	70	80	0	0	8730	P1-49-11	0	-
447	69.352865	69.415365	A3	80	80	0	0	8730	P1-49-10	0	-
448	69.533854	69.610677	G3	80	80	0	0	8760	P1-49-12	0	-
449	69.537760	69.619792	B3	83	80	0	0	8760	P1-49-13	0	-
450	69.544271	69.626302	E4	80	80	0	0	8760	P1-49-3	0	-
451	69.545573	69.688802	B4	78	80	0	0	8760	P1-49-13	0	-
452	69.546875	69.819010	E5	83	80	0	0	8760	P1-49-4	0	-
453	69.554688	69.669271	G4	78	80	0	0	8760	P1-49-12	0	-
454	69.727865	69.794271	B3	88	80	0	0	8790	P1-49-15	0	-
455	69.729167	69.794271	G3	57	80	0	0	8790	P1-49-14	0	-
456	69.921875	69.973958	B3	70	80	0	0	8820	P1-49-17	0	-
457	69.924479	69.976562	G3	58	80	0	0	8820	P1-49-16	0	-
458	70.097656	70.160156	G3	67	80	0	0	8850	P1-49-18	0	-
459	70.098958	70.162760	B3	73	80	0	0	8850	P1-49-19	0	-
460	70.260417	70.342448	B4	86	80	0	0	8880	P1-50-1	0	-
461	70.261719	70.320312	G#3	88	80	0	0	8880	P1-50-6	0	-
462	70.261719	70.322917	B3	88	80	0	0	8880	P1-50-7	0	-
463	70.261719	70.549479	E5	83	80	0	0	8880	P1-50-2	0	-
464	70.438802	70.539062	B3	83	80	0	0	8910	P1-50-9	0	-
465	70.445312	70.493490	G#3	71	80	0	0	8910	P1-50-8	0	-
466	70.447917	70.497396	D4	80	80	0	0	8910	P1-50-10	0	-
467	70.447917	70.459635	C5	79	80	0	0	8910	P1-50-10	0	-
468	70.453125	70.526042	B4	79	80	0	0	8910	P1-50-9	0	-
469	70.625000	70.703125	C#4	72	80	0	0	8940	P1-50-13	0	-
470	70.625000	71.259115	F5	81	80	0	0	8940	P1-50-4	0	-
471	70.627604	70.769531	F4	78	80	0	0	8940	P1-50-3	0	-
472	70.628906	70.703125	B3	72	80	0	0	8940	P1-50-12	0	-
473	70.630208	70.639323	C#5	73	80	0	0	8940	P1-50-13	0	-
474	70.631510	70.701823	G#3	79	80	0	0	8940	P1-50-11	0	-
475	70.632812	70.769531	B4	73	80	0	0	8940	P1-50-12	0	-
476	70.821615	70.873698	C#4	65	80	0	0	8970	P1-50-16	0	-
477	70.822917	70.881510	B3	71	80	0	0	8970	P1-50-15	0	-
478	70.824219	70.875000	G#3	64	80	0	0	8970	P1-50-14	0	-
479	70.997396	71.045573	G#3	57	80	0	0	9000	P1-50-17	0	-
480	71.001302	71.049479	B3	60	80	0	0	9000	P1-50-18	0	-
481	71.002604	71.049479	C#4	54	80	0	0	9000	P1-50-19	0	-
482	71.153646	71.236979	C#4	46	80	0	0	9030	P1-50-22	0	-
483	71.190104	71.243490	B3	56	80	0	0	9030	P1-50-21	0	-
484	71.204427	71.240885	G#3	48	80	0	0	9030	P1-50-20	0	-
485	71.391927	71.789062	E5	56	80	0	0	9060	P1-51-3	0	-
486	71.391927	71.531250	B4	54	80	0	0	9060	P1-51-2	0	-
487	71.393229	71.529948	B3	48	80	0	0	9060	P1-51-19	0	-
488	71.414062	71.569010	G#4	49	80	0	0	9060	P1-51-1	0	-
489	71.414062	71.518229	C#4	45	80	0	0	9060	P1-51-19	0	-
490	71.414062	71.549479	C#5	52	80	0	0	9060	P1-51-2	0	-
491	71.684896	71.859375	F5	66	80	0	0	9090	P1-51-6	0	-
492	71.694010	71.750000	B3	52	80	0	0	9090	P1-51-20	0	-
493	71.694010	71.753906	C#4	54	80	0	0	9090	P1-51-20	0	-
494	71.695312	71.756510	C#5	56	80	0	0	9090	P1-51-5	0	-
495	71.695312	71.756510	G#4	54	80	0	0	9090	P1-51-4	0	-
496	71.703125	71.757812	B4	55	80	0	0	9090	P1-51-5	0	-
497	71.864583	71.934896	F5	58	80	0	0	9120	P1-51-9	0	-
498	71.882812	71.937500	G#4	58	80	0	0	9120	P1-51-7	0	-
499	71.884115	71.940104	C#4	65	80	0	0	9120	P1-51-21	0	-
500	71.888021	71.940104	B4	63	80	0	0	9120	P1-51-8	0	-
501	71.897135	71.968750	C#5	59	80	0	0	9120	P1-51-8	0	-
502	72.055990	72.114583	C#4	61	80	0	0	9150	P1-51-22	0	-
503	72.057292	72.114583	B4	65	80	0	0	9150	P1-51-11	0	-
504	72.062500	72.115885	G#4	59	80	0	0	9150	P1-51-10	0	-
505	72.063802	72.117188	F5	64	80	0	0	9150	P1-51-12	0	-
506	72.223958	72.283854	C#4	69	80	0	0	9180	P1-51-23	0	-
507	72.226562	72.289062	F5	77	80	0	0	9180	P1-51-15	0	-
508	72.230469	72.287760	B4	68	80	0	0	9180	P1-51-14	0	-
509	72.231771	72.285156	G#4	67	80	0	0	9180	P1-51-13	0	-
510	72.233073	72.309896	C#5	74	80	0	0	9180	P1-51-14	0	-
511	72.390625	72.446615	C#4	68	80	0	0	9210	P1-51-24	0	-
512	72.395833	72.454427	B4	67	80	0	0	9210	P1-51-17	0	-
513	72.399740	72.451823	G#4	69	80	0	0	9210	P1-51-16	0	-
514	72.403646	72.455729	F5	71	80	0	0	9210	P1-51-18	0	-
515	72.565104	72.623698	C#4	67	80	0	0	9240	P1-52-19	0	-
516	72.565104	72.819010	F5	77	80	0	0	9240	P1-52-3	0	-
517	72.567708	72.630208	B4	68	80	0	0	9240	P1-52-2	0	-
518	72.570312	72.649740	C#5	70	80	0	0	9240	P1-52-2	0	-
519	72.571615	72.623698	G#4	77	80	0	0	9240	P1-52-1	0	-
520	72.738281	72.799479	C#4	64	80	0	0	9270	P1-52-20	0	-
521	72.743490	72.809896	B3	64	80	0	0	9270	P1-52-20	0	-
522	72.743490	72.804688	B4	67	80	0	0	9270	P1-52-5	0	-
523	72.744792	72.829427	C#5	69	80	0	0	9270	P1-52-5	0	-
524	72.753906	72.798177	G#4	67	80	0	0	9270	P1-52-4	0	-
525	72.921875	72.983073	C#4	61	80	0	0	9300	P1-52-21	0	-
526	72.925781	72.981771	G#4	68	80	0	0	9300	P1-52-7	0	-
527	72.925781	73.089844	F5	76	80	0	0	9300	P1-52-9	0	-
528	72.927083	72.981771	B4	64	80	0	0	9300	P1-52-8	0	-
529	72.934896	72.989583	C#5	61	80	0	0	9300	P1-52-8	0	-
530	73.093750	73.157552	C#4	78	80	0	0	9330	P1-52-22	0	-
531	73.095052	73.156250	B4	82	80	0	0	9330	P1-52-11	0	-
532	73.095052	73.149740	B3	74	80	0	0	9330	P1-52-22	0	-
533	73.097656	73.156250	G#4	75	80	0	0	9330	P1-52-10	0	-
534	73.101562	73.239583	F5	82	80	0	0	9330	P1-52-12	0	-
535	73.273438	73.325521	C#4	69	80	0	0	9360	P1-52-23	0	-
536	73.273438	73.279948	C#5	71	80	0	0	9360	P1-52-14	0	-
537	73.273438	73.322917	G#4	69	80	0	0	9360	P1-52-13	0	-
538	73.278646	73.378906	B4	69	80	0	0	9360	P1-52-14	0	-
539	73.303385	73.399740	F5	67	80	0	0	9360	P1-52-15	0	-
540	73.427083	73.515625	C#4	70	80	0	0	9390	P1-52-24	0	-
541	73.429688	73.494792	F5	77	80	0	0	9390	P1-52-18	0	-
542	73.662760	73.772135	E4	80	80	0	0	9420	P1-53-34	0	-
543	73.664062	73.809896	F#3	75	80	0	0	9420	P1-53-31	0	-
544	73.664062	73.809896	Bb3	76	80	0	0	9420	P1-53-32	0	-
545	73.665365	73.785156	C#4	70	80	0	0	9420	P1-53-33	0	-
546	73.667969	73.869792	F#5	98	80	0	0	9420	P1-53-1	0	-
547	73.669271	73.789062	F#4	90	80	0	0	9420	P1-53-34	0	-
548	73.673177	73.679688	Bb4	82	80	0	0	9420	P1-53-2	0	-
549	73.934896	74.029948	G5	91	80	0	0	9450	P1-53-6	0	-
550	73.941406	74.016927	E4	81	80	0	0	9450	P1-53-38	0	-
551	73.942708	73.949219	C#5	80	80	0	0	9450	P1-53-8	0	-
552	73.944010	74.019531	C#4	76	80	0	0	9450	P1-53-37	0	-
553	73.944010	74.011719	F#3	75	80	0	0	9450	P1-53-35	0	-
554	73.944010	73.949219	Bb4	79	80	0	0	9450	P1-53-7	0	-
555	73.950521	74.049479	F#5	88	80	0	0	9450	P1-53-6	0	-
556	73.951823	74.018229	Bb3	67	80	0	0	9450	P1-53-36	0	-
557	74.151042	74.217448	G5	86	80	0	0	9480	P1-53-11	0	-
558	74.154948	74.169271	C#5	75	80	0	0	9480	P1-53-13	0	-
559	74.154948	74.213542	E4	71	80	0	0	9480	P1-53-42	0	-
560	74.154948	74.218750	Bb4	74	80	0	0	9480	P1-53-12	0	-
561	74.154948	74.220052	C#4	72	80	0	0	9480	P1-53-41	0	-
562	74.156250	74.213542	F#3	67	80	0	0	9480	P1-53-39	0	-
563	74.157552	74.216146	Bb3	76	80	0	0	9480	P1-53-40	0	-
564	74.157552	74.169271	G3	71	80	0	0	9480	P1-53-39	0	-
565	74.335938	74.404948	E4	78	80	0	0	9510	P1-53-46	0	-
566	74.335938	74.410156	G5	91	80	0	0	9510	P1-53-16	0	-
567	74.339844	74.406250	C#4	73	80	0	0	9510	P1-53-45	0	-
568	74.343750	74.403646	Bb3	73	80	0	0	9510	P1-53-44	0	-
569	74.343750	74.348958	C#5	79	80	0	0	9510	P1-53-18	0	-
570	74.345052	74.408854	Bb4	78	80	0	0	9510	P1-53-17	0	-
571	74.345052	74.359375	G3	62	80	0	0	9510	P1-53-43	0	-
572	74.346354	74.401042	F#3	62	80	0	0	9510	P1-53-43	0	-
573	74.542969	74.613281	G5	83	80	0	0	9540	P1-53-21	0	-
574	74.544271	74.610677	C#4	71	80	0	0	9540	P1-53-49	0	-
575	74.544271	74.608073	E4	71	80	0	0	9540	P1-53-50	0	-
576	74.545573	74.606771	F#3	67	80	0	0	9540	P1-53-47	0	-
577	74.546875	74.606771	Bb3	72	80	0	0	9540	P1-53-48	0	-
578	74.548177	74.559896	Bb4	74	80	0	0	9540	P1-53-22	0	-
579	74.554688	74.569010	E5	75	80	0	0	9540	P1-53-24	0	-
580	74.734375	74.815104	G5	92	80	0	0	9570	P1-53-26	0	-
581	74.735677	74.807292	E4	76	80	0	0	9570	P1-53-54	0	-
582	74.742188	74.811198	C#4	74	80	0	0	9570	P1-53-53	0	-
583	74.744792	74.808594	Bb3	71	80	0	0	9570	P1-53-52	0	-
584	74.744792	74.759115	C#5	76	80	0	0	9570	P1-53-28	0	-
585	74.746094	74.759115	E5	84	80	0	0	9570	P1-53-29	0	-
586	74.746094	74.759115	G3	64	80	0	0	9570	P1-53-51	0	-
587	74.945312	75.033854	G5	92	80	0	0	9600	P1-54-1	0	-
588	74.946615	75.016927	E4	69	80	0	0	9600	P1-54-34	0	-
589	74.953125	75.024740	C#4	65	80	0	0	9600	P1-54-33	0	-
590	74.959635	75.024740	Bb3	64	80	0	0	9600	P1-54-32	0	-
591	74.962240	74.968750	C#5	70	80	0	0	9600	P1-54-3	0	-
592	74.963542	74.968750	G3	60	80	0	0	9600	P1-54-31	0	-
593	75.164062	75.246094	G5	87	80	0	0	9630	P1-54-6	0	-
594	75.164062	75.243490	E4	68	80	0	0	9630	P1-54-38	0	-
595	75.173177	75.244792	C#4	62	80	0	0	9630	P1-54-37	0	-
596	75.173177	75.243490	Bb3	61	80	0	0	9630	P1-54-36	0	-
597	75.175781	75.240885	F#3	62	80	0	0	9630	P1-54-35	0	-
598	75.178385	75.188802	G3	61	80	0	0	9630	P1-54-35	0	-
599	75.180990	75.359375	F#4	68	80	0	0	9630	P1-54-38	0	-
600	75.384115	75.466146	E4	61	80	0	0	9660	P1-54-42	0	-
601	75.384115	75.480469	G5	81	80	0	0	9660	P1-54-11	0	-
602	75.397135	75.483073	C#4	57	80	0	0	9660	P1-54-41	0	-
603	75.397135	75.408854	Bb4	61	80	0	0	9660	P1-54-12	0	-
604	75.414062	75.419271	G3	52	80	0	0	9660	P1-54-39	0	-
605	75.424479	75.477865	Bb3	56	80	0	0	9660	P1-54-40	0	-
606	75.614583	75.733073	G6	94	80	0	0	9690	P1-54-20	0	-
607	75.625000	75.722656	G5	86	80	0	0	9690	P1-54-16	0	-
608	75.625000	75.721354	E6	72	80	0	0	9690	P1-54-19	0	-
609	75.636719	75.710938	E4	58	80	0	0	9690	P1-54-46	0	-
610	75.644531	75.713542	Bb3	63	80	0	0	9690	P1-54-44	0	-
611	75.854167	76.079427	G6	83	80	0	0	9720	P1-54-25	0	-
612	75.868490	76.029948	G5	76	80	0	0	9720	P1-54-21	0	-
613	75.882812	75.990885	E4	59	80	0	0	9720	P1-54-50	0	-
614	75.893229	76.459635	E6	65	80	0	0	9720	P1-54-24	0	-
615	75.902344	75.908854	E5	64	80	0	0	9720	P1-54-24	0	-
616	75.904948	76.002604	C#4	53	80	0	0	9720	P1-54-49	0	-
617	75.914062	76.250000	Bb3	53	80	0	0	9720	P1-54-48	0	-
618	76.158854	76.207031	E4	64	80	0	0	9750	P1-54-54	0	-
619	76.162760	76.519531	G6	79	80	0	0	9750	P1-54-30	0	-
620	76.174479	76.378906	G5	73	80	0	0	9750	P1-54-26	0	-
621	76.175781	76.419271	Bb5	73	80	0	0	9750	P1-54-27	0	-
622	76.187500	76.225260	C#4	51	80	0	0	9750	P1-54-53	0	-
623	76.457031	76.658854	B2	48	80	0	0	9780	P1-55-5	0	-
624	76.609375	76.908854	G6	92	80	0	0	9780	P1-55-2	0	-
625	76.614583	76.919271	G5	85	80	0	0	9780	P1-55-1	0	-
626	76.761719	76.828125	D4	55	80	0	0	9795	P1-55-6	0	-
627	76.873698	77.019531	F#3	56	80	0	0	9810	P1-55-7	0	-
628	76.958333	77.059896	D4	49	80	0	0	9825	P1-55-8	0	-
629	77.115885	77.186198	C#3	60	80	0	0	9840	P1-55-9	0	-
630	77.119792	77.718750	F#6	84	80	0	0	9840	P1-55-4	0	-
631	77.144531	78.079427	F#5	74	80	0	0	9840	P1-55-3	0	-
632	77.255208	77.324219	E4	55	80	0	0	9855	P1-55-10	0	-
633	77.367188	77.459635	F#3	51	80	0	0	9870	P1-55-11	0	-
634	77.406250	77.468750	E4	56	80	0	0	9885	P1-55-12	0	-
635	77.425781	77.438802	F#4	55	80	0	0	9885	P1-55-12	0	-
636	77.506510	77.558594	D3	62	80	0	0	9900	P1-55-13	0	-
637	77.569010	77.579427	C#4	52	80	0	0	9915	P1-55-14	0	-
638	77.636719	77.979167	F#4	70	80	0	0	9915	P1-55-14	0	-
639	77.692708	77.759115	D4	55	80	0	0	9930	P1-55-15	0	-
640	77.695312	77.878906	F#3	67	80	0	0	9930	P1-55-15	0	-
641	77.898438	77.964844	B2	78	80	0	0	9960	P1-56-5	0	-
642	78.039062	78.080729	D4	63	80	0	0	9975	P1-56-6	0	-
643	78.100260	78.218750	F#3	74	80	0	0	9990	P1-56-7	0	-
644	78.180990	78.234375	D4	62	80	0	0	10005	P1-56-8	0	-
645	78.272135	78.919271	B5	91	80	0	0	10020	P1-56-4	0	-
646	78.273438	79.239583	B4	87	80	0	0	10020	P1-56-3	0	-
647	78.296875	78.399740	C#3	65	80	0	0	10020	P1-56-9	0	-
648	78.404948	78.549479	E4	68	80	0	0	10035	P1-56-10	0	-
649	78.485677	78.619792	F#3	68	80	0	0	10050	P1-56-11	0	-
650	78.554688	78.649740	E4	67	80	0	0	10065	P1-56-12	0	-
651	78.657552	78.723958	D3	65	80	0	0	10080	P1-56-13	0	-
652	78.789062	78.929688	F#4	77	80	0	0	10095	P1-56-14	0	-
653	78.865885	79.014323	F#3	64	80	0	0	10110	P1-56-15	0	-
654	78.936198	79.128906	F#4	62	80	0	0	10125	P1-56-16	0	-
655	79.045573	79.104167	B2	69	80	0	0	10140	P1-57-5	0	-
656	79.169271	79.213542	D4	63	80	0	0	10155	P1-57-6	0	-
657	79.235677	79.339844	F#3	71	80	0	0	10170	P1-57-7	0	-
658	79.321615	79.384115	D4	68	80	0	0	10185	P1-57-8	0	-
659	79.395833	80.149740	F#5	90	80	0	0	10200	P1-57-4	0	-
660	79.402344	79.779948	F#4	85	80	0	0	10200	P1-57-3	0	-
661	79.445312	79.559896	C#3	57	80	0	0	10200	P1-57-9	0	-
662	79.544271	79.602865	E4	59	80	0	0	10215	P1-57-10	0	-
663	79.627604	79.789062	F#3	60	80	0	0	10230	P1-57-11	0	-
664	79.684896	79.742188	E4	61	80	0	0	10245	P1-57-12	0	-
665	79.773438	79.919271	D3	65	80	0	0	10260	P1-57-13	0	-
666	79.894531	80.000000	F#4	65	80	0	0	10275	P1-57-14	0	-
667	79.945312	80.069010	F#3	63	80	0	0	10290	P1-57-15	0	-
668	80.014323	80.378906	F#4	66	80	0	0	10305	P1-57-16	0	-
669	80.135417	80.250000	B3	67	80	0	0	10320	P1-58-6	0	-
670	80.136719	80.220052	B2	71	80	0	0	10320	P1-58-6	0	-
671	80.234375	80.277344	D4	55	80	0	0	10335	P1-58-7	0	-
672	80.287760	80.419271	F#3	64	80	0	0	10350	P1-58-8	0	-
673	80.368490	80.423177	D4	75	80	0	0	10365	P1-58-9	0	-
674	80.466146	81.938802	B4	84	80	0	0	10380	P1-58-5	0	-
675	80.473958	80.899740	B3	73	80	0	0	10380	P1-58-3	0	-
676	80.473958	80.527344	C#3	71	80	0	0	10380	P1-58-10	0	-
677	80.569010	80.789062	E4	71	80	0	0	10395	P1-58-11	0	-
678	80.654948	80.759115	F#3	61	80	0	0	10410	P1-58-12	0	-
679	80.743490	80.959635	D4	51	80	0	0	10425	P1-58-13	0	-
680	80.803385	80.865885	D3	75	80	0	0	10440	P1-58-14	0	-
681	80.921875	81.039062	F#4	81	80	0	0	10455	P1-58-15	0	-
682	80.975260	81.069010	F#3	60	80	0	0	10470	P1-58-16	0	-
683	81.052083	81.399740	F#4	68	80	0	0	10485	P1-58-17	0	-
684	81.180990	81.649740	E3	75	80	0	0	10500	P1-59-7	0	-
685	81.321615	81.388021	D4	70	80	0	0	10515	P1-59-8	0	-
686	81.414062	81.649740	B3	64	80	0	0	10530	P1-59-9	0	-
687	81.510417	81.609375	D4	64	80	0	0	10545	P1-59-10	0	-
688	81.576823	81.938802	G4	84	80	0	0	10560	P1-59-2	0	-
689	81.617188	81.859375	F3	69	80	0	0	10560	P1-59-11	0	-
690	81.714844	81.829427	D4	56	80	0	0	10575	P1-59-12	0	-
691	81.804688	81.908854	B3	60	80	0	0	10590	P1-59-13	0	-
692	81.910156	82.029948	D4	59	80	0	0	10605	P1-59-14	0	-
693	82.075521	82.399740	F#3	57	80	0	0	10620	P1-59-15	0	-
694	82.160156	82.489583	F#4	87	80	0	0	10620	P1-59-3	0	-
695	82.225260	82.287760	D4	57	80	0	0	10635	P1-59-16	0	-
696	82.324219	82.569010	B3	66	80	0	0	10650	P1-59-17	0	-
697	82.427083	82.529948	D4	55	80	0	0	10665	P1-59-18	0	-
698	82.583333	83.368490	F#4	71	80	0	0	10680	P1-60-1	0	-
699	82.584635	82.848958	F#3	66	80	0	0	10680	P1-60-3	0	-
700	82.665365	82.756510	D4	61	80	0	0	10695	P1-60-4	0	-
701	82.774740	83.019531	B3	62	80	0	0	10710	P1-60-5	0	-
702	82.858073	82.941406	D4	67	80	0	0	10725	P1-60-6	0	-
703	82.984375	83.169271	F#3	66	80	0	0	10740	P1-60-7	0	-
704	83.083333	83.144531	D4	62	80	0	0	10755	P1-60-8	0	-
705	83.158854	83.214844	B3	67	80	0	0	10770	P1-60-9	0	-
706	83.240885	83.339844	D4	65	80	0	0	10785	P1-60-10	0	-
707	83.360677	83.609375	Bb4	76	80	0	0	10800	P1-60-2	0	-
708	83.363281	83.539062	F#3	61	80	0	0	10800	P1-60-11	0	-
709	83.464844	83.529948	E4	58	80	0	0	10815	P1-60-12	0	-
710	83.519531	83.563802	C#4	64	80	0	0	10830	P1-60-13	0	-
711	83.591146	83.709635	E4	68	80	0	0	10845	P1-60-14	0	-
712	83.751302	83.829427	B2	71	80	0	0	10860	P1-61-5	0	-
713	83.779948	84.019531	B4	60	80	0	0	10875	P1-61-6	0	-
714	83.911458	83.959635	D4	67	80	0	0	10875	P1-61-6	0	-
715	84.002604	84.139323	F#3	62	80	0	0	10890	P1-61-7	0	-
716	84.078125	84.408854	G5	92	80	0	0	10890	P1-61-2	0	-
717	84.247396	84.294271	C#3	67	80	0	0	10920	P1-61-9	0	-
718	84.365885	84.479167	G6	80	80	0	0	10920	P1-61-3	0	-
719	84.388021	84.425781	E4	65	80	0	0	10935	P1-61-10	0	-
720	84.484375	84.529948	F#3	64	80	0	0	10950	P1-61-11	0	-
721	84.645833	84.686198	D3	68	80	0	0	10980	P1-61-13	0	-
722	84.773438	84.899740	F#4	73	80	0	0	10995	P1-61-14	0	-
723	84.826823	84.979167	F#3	80	80	0	0	11010	P1-61-15	0	-
724	84.865885	85.089844	F#6	83	80	0	0	11010	P1-61-4	0	-
725	85.015625	85.065104	B2	79	80	0	0	11040	P1-62-5	0	-
726	85.144531	85.218750	D4	70	80	0	0	11055	P1-62-6	0	-
727	85.164062	85.389323	F#6	79	80	0	0	11070	P1-62-2	0	-
728	85.274740	85.325521	D4	67	80	0	0	11085	P1-62-8	0	-
729	85.385417	85.433594	C#3	72	80	0	0	11100	P1-62-9	0	-
730	85.386719	86.098958	C#6	89	80	0	0	11100	P1-62-3	0	-
731	85.498698	85.539062	E4	67	80	0	0	11115	P1-62-10	0	-
732	85.580729	85.622396	F#3	75	80	0	0	11130	P1-62-11	0	-
733	85.645833	85.691406	E4	64	80	0	0	11145	P1-62-12	0	-
734	85.734375	85.778646	D3	72	80	0	0	11160	P1-62-13	0	-
735	85.861979	85.979167	F#4	75	80	0	0	11175	P1-62-14	0	-
736	85.940104	86.098958	F#3	73	80	0	0	11190	P1-62-15	0	-
737	86.035156	86.158854	B5	73	80	0	0	11190	P1-62-4	0	-
738	86.145833	86.179688	C3	64	80	0	0	11220	P1-63-5	0	-
739	86.147135	86.199219	B2	61	80	0	0	11220	P1-63-5	0	-
740	86.253906	86.302083	D4	68	80	0	0	11235	P1-63-6	0	-
741	86.315104	86.365885	F#3	75	80	0	0	11250	P1-63-7	0	-
742	86.352865	86.514323	B5	80	80	0	0	11250	P1-63-2	0	-
743	86.414062	86.455729	D4	57	80	0	0	11265	P1-63-8	0	-
744	86.507812	86.946615	G5	83	80	0	0	11280	P1-63-3	0	-
745	86.513021	86.555990	C#3	70	80	0	0	11280	P1-63-9	0	-
746	86.628906	86.666667	E4	61	80	0	0	11295	P1-63-10	0	-
747	86.694010	86.747396	F#3	57	80	0	0	11310	P1-63-11	0	-
748	86.761719	86.878906	D4	53	80	0	0	11325	P1-63-12	0	-
749	86.764323	86.815104	E4	60	80	0	0	11325	P1-63-12	0	-
750	86.858073	86.979167	D3	68	80	0	0	11340	P1-63-13	0	-
751	86.975260	87.259115	F#4	73	80	0	0	11355	P1-63-14	0	-
752	87.035156	87.179688	F#3	72	80	0	0	11370	P1-63-15	0	-
753	87.085938	87.239583	F#5	72	80	0	0	11385	P1-63-16	0	-
754	87.223958	87.279948	B2	74	80	0	0	11400	P1-64-5	0	-
755	87.355469	87.401042	D4	66	80	0	0	11415	P1-64-6	0	-
756	87.416667	87.472656	F#3	64	80	0	0	11430	P1-64-7	0	-
757	87.420573	87.644531	F#5	83	80	0	0	11430	P1-64-2	0	-
758	87.506510	87.563802	D4	64	80	0	0	11445	P1-64-8	0	-
759	87.619792	88.059896	C#5	84	80	0	0	11460	P1-64-3	0	-
760	87.623698	87.664062	C#3	66	80	0	0	11460	P1-64-9	0	-
761	87.721354	88.149740	E4	67	80	0	0	11475	P1-64-10	0	-
762	87.834635	87.907552	F#3	53	80	0	0	11490	P1-64-11	0	-
763	87.955729	88.209635	D3	71	80	0	0	11520	P1-64-13	0	-
764	88.082031	88.468750	F#4	77	80	0	0	11535	P1-64-14	0	-
765	88.165365	88.419271	F#3	70	80	0	0	11550	P1-64-15	0	-
766	88.167969	88.359375	B4	72	80	0	0	11550	P1-64-4	0	-
767	88.385417	88.759115	E3	77	80	0	0	11580	P1-65-4	0	-
768	88.406250	88.848958	B4	74	80	0	0	11580	P1-65-1	0	-
769	88.493490	88.571615	D4	66	80	0	0	11595	P1-65-5	0	-
770	88.583333	88.819010	B3	62	80	0	0	11610	P1-65-6	0	-
771	88.690104	88.766927	D4	66	80	0	0	11625	P1-65-7	0	-
772	88.789062	89.239583	G4	79	80	0	0	11640	P1-65-2	0	-
773	88.825521	89.218750	F3	65	80	0	0	11655	P1-65-9	0	-
774	88.915365	88.983073	D4	63	80	0	0	11655	P1-65-9	0	-
775	88.985677	89.209635	B3	71	80	0	0	11670	P1-65-10	0	-
776	89.105469	89.162760	D4	67	80	0	0	11685	P1-65-11	0	-
777	89.166667	89.307292	F#4	78	80	0	0	11700	P1-65-3	0	-
778	89.174479	89.438802	F#3	70	80	0	0	11700	P1-65-3	0	-
779	89.270833	89.333333	D4	73	80	0	0	11715	P1-65-13	0	-
780	89.347656	89.500000	B3	69	80	0	0	11715	P1-65-13	0	-
781	89.454427	89.544271	D4	65	80	0	0	11730	P1-65-14	0	-
782	89.505208	89.639323	B3	48	80	0	0	11745	P1-65-15	0	-
783	89.565104	90.069010	F#4	75	80	0	0	11760	P1-66-1	0	-
784	89.571615	90.079427	F#3	76	80	0	0	11760	P1-66-7	0	-
785	89.768229	90.089844	D4	77	80	0	0	11790	P1-66-2	0	-
786	89.976562	90.154948	B3	78	80	0	0	11820	P1-66-3	0	-
787	90.160156	90.359375	G3	78	80	0	0	11850	P1-66-4	0	-
788	90.355469	90.549479	F#2	78	80	0	0	11880	P1-66-9	0	-
789	90.356771	90.519531	F#3	74	80	0	0	11880	P1-66-5	0	-
790	90.358073	90.415365	F#1	76	80	0	0	11880	P1-66-8	0	-
791	90.550781	90.709635	Bb3	72	80	0	0	11910	P1-66-6	0	-
792	90.717448	90.869792	B2	100	80	0	0	11940	P1-67-5	0	-
793	90.720052	90.859375	B1	96	80	0	0	11940	P1-67-4	0	-
794	90.921875	90.959635	C#2	95	80	0	0	11970	P1-67-6	0	-
795	90.921875	90.955729	C#3	97	80	0	0	11970	P1-67-7	0	-
796	91.117188	91.229167	D2	93	80	0	0	12000	P1-67-8	0	-
797	91.121094	91.188802	D3	89	80	0	0	12000	P1-67-9	0	-
798	91.313802	91.346354	E3	93	80	0	0	12030	P1-67-11	0	-
799	91.313802	91.348958	E2	92	80	0	0	12030	P1-67-10	0	-
800	91.513021	93.869792	F#3	102	80	0	0	12060	P1-67-13	0	-
801	91.514323	93.889323	F#2	101	80	0	0	12060	P1-67-12	0	-
802	91.917969	93.799479	G3	92	80	0	0	12120	P1-68-1	0	-
803	91.919271	93.779948	B3	98	80	0	0	12120	P1-68-2	0	-
804	93.774740	95.149740	C4	61	80	0	0	12300	P1-69-4	0	-
805	93.812500	95.789062	G3	41	80	0	0	12300	P1-69-8	0	-
806	93.815104	95.158854	E3	40	80	0	0	12300	P1-69-7	0	-
807	93.819010	94.628906	E2	42	80	0	0	12300	P1-69-6	0	-
808	94.585938	96.049479	G4	79	80	0	0	12420	P1-69-3	0	-
809	95.095052	96.179688	E4	46	80	0	0	12480	P1-70-8	0	-
810	95.114583	96.139323	Bb3	40	80	0	0	12480	P1-70-6	0	-
811	95.117188	96.149740	F#2	40	80	0	0	12480	P1-70-9	0	-
812	95.121094	95.929688	F#3	37	80	0	0	12480	P1-70-10	0	-
813	95.121094	96.069010	C#4	39	80	0	0	12480	P1-70-7	0	-
814	96.009115	96.218750	F#4	62	80	0	0	12600	P1-70-5	0	-
815	96.380208	96.529948	B2	98	80	0	0	12660	P1-71-7	0	-
816	96.382812	96.509115	B4	95	80	0	0	12660	P1-71-1	0	-
817	96.384115	96.598958	B1	94	80	0	0	12660	P1-71-6	0	-
818	96.390625	96.579427	D4	87	80	0	0	12660	P1-71-2	0	-
819	96.390625	96.859375	B3	93	80	0	0	12660	P1-71-1	0	-
820	96.393229	96.848958	F#4	88	80	0	0	12660	P1-71-3	0	-
821	96.583333	96.639323	C#3	88	80	0	0	12690	P1-71-9	0	-
822	96.584635	96.623698	C#2	92	80	0	0	12690	P1-71-8	0	-
823	96.774740	96.859375	D2	89	80	0	0	12720	P1-71-10	0	-
824	96.774740	96.839844	D3	94	80	0	0	12720	P1-71-11	0	-
825	96.970052	97.029948	E3	92	80	0	0	12750	P1-71-13	0	-
826	96.972656	97.007812	E2	88	80	0	0	12750	P1-71-12	0	-
827	97.187500	98.908854	F#3	100	80	0	0	12780	P1-71-15	0	-
828	97.191406	99.059896	F#2	98	80	0	0	12780	P1-71-14	0	-
829	97.622396	99.069010	B3	90	80	0	0	12840	P1-72-2	0	-
830	97.623698	98.959635	G3	91	80	0	0	12840	P1-72-1	0	-
831	99.062500	100.519531	C4	73	80	0	0	13020	P1-73-4	0	-
832	99.108073	100.378906	G3	50	80	0	0	13020	P1-73-8	0	-
833	99.110677	100.119792	E2	50	80	0	0	13020	P1-73-6	0	-
834	99.111979	100.158854	E3	54	80	0	0	13020	P1-73-7	0	-
835	99.860677	101.497396	G4	78	80	0	0	13140	P1-73-3	0	-
836	100.497396	101.908854	Bb3	48	80	0	0	13200	P1-74-6	0	-
837	100.505208	101.839844	E4	44	80	0	0	13200	P1-74-8	0	-
838	100.506510	101.979167	F#2	37	80	0	0	13200	P1-74-9	0	-
839	100.509115	101.889323	C#4	43	80	0	0	13200	P1-74-7	0	-
840	100.510417	101.929688	F#3	38	80	0	0	13200	P1-74-10	0	-
841	101.430990	101.949219	F#4	54	80	0	0	13320	P1-74-5	0	-
842	102.812500	104.658854	G4	71	80	0	0	13500	P1-75-3	0	-
843	103.420573	105.158854	D4	40	80	0	0	13560	P1-76-7	0	-
844	103.421875	105.044271	B3	42	80	0	0	13560	P1-76-6	0	-
845	103.424479	105.059896	B2	36	80	0	0	13560	P1-76-9	0	-
846	103.432292	103.438802	F#3	32	80	0	0	13560	P1-76-9	0	-
847	103.433594	103.438802	B1	36	80	0	0	13560	P1-76-8	0	-
848	104.572917	105.179688	F#4	36	80	0	0	13680	P1-76-5	0	-
849	106.100260	107.489583	G4	50	80	0	0	13860	P1-77-4	0	-
850	106.680990	107.688802	E4	27	80	0	0	13920	P1-78-7	0	-
851	106.694010	107.649740	C#4	28	80	0	0	13920	P1-78-6	0	-
852	106.703125	107.500000	F#2	24	80	0	0	13920	P1-78-9	0	-
853	106.704427	107.199219	F#1	26	80	0	0	13920	P1-78-8	0	-
854	106.714844	107.359375	Bb3	25	80	0	0	13920	P1-78-6	0	-
855	107.545573	108.079427	Bb4	40	80	0	0	14040	P1-78-3	0	-
856	108.111979	108.393229	B4	43	80	0	0	14100	P1-79-3	0	-
857	108.136719	108.402344	B3	26	80	0	0	14100	P1-79-1	0	-
858	108.148438	108.384115	D4	23	80	0	0	14100	P1-79-2	0	-
859	108.164062	108.393229	B2	22	80	0	0	14100	P1-79-7	0	-
860	108.164062	108.239583	F#3	20	80	0	0	14100	P1-79-1	0	-
861	108.167969	108.449219	B1	24	80	0	0	14100	P1-79-6	0	-
862	109.395833	109.979167	B4	39	80	0	0	14280	P1-80-3	0	-
863	109.408854	109.789062	B3	24	80	0	0	14280	P1-80-1	0	-
864	109.419271	109.889323	B2	19	80	0	0	14280	P1-80-7	0	-
865	109.442708	109.809896	B1	23	80	0	0	14280	P1-80-6	0	-
866	109.445312	109.729167	D4	19	80	0	0	14280	P1-80-2	0	-
867	109.458333	109.468750	F#3	19	80	0	0	14280	P1-80-1	0	-
868	110.846354	111.889323	B4	36	80	0	0	14460	P1-81-3	0	-
869	110.867188	111.378906	B3	28	80	0	0	14460	P1-81-1	0	-
870	110.884115	111.408854	B2	21	80	0	0	14460	P1-81-7	0	-
871	110.888021	111.209635	D4	20	80	0	0	14460	P1-81-2	0	-
872	112.141927	113.059896	B4	50	80	0	0	14640	P1-82-1	0	-
873	113.432292	114.658854	B4	49	80	0	0	14820	P1-83-1	0	-
874	114.928385	115.429688	B4	40	80	0	0	15000	P1-84-1	0	-
875	115.826823	115.891927	A5	54	80	0	0	15120	P1-84-2	0	-
876	115.842448	115.888021	F#4	47	80	0	0	15120	P1-84-10	0	-
877	115.843750	115.904948	B4	40	80	0	0	15120	P1-84-7	0	-
878	115.845052	115.891927	A4	44	80	0	0	15120	P1-84-11	0	-
879	115.855469	115.919271	B3	30	80	0	0	15120	P1-84-7	0	-
880	116.031250	116.104167	B4	49	80	0	0	15150	P1-84-3	0	-
881	116.253906	116.714844	A5	61	80	0	0	15180	P1-85-1	0	-
882	116.264323	116.375000	B4	46	80	0	0	15180	P1-85-11	0	-
883	116.290365	116.539062	A4	41	80	0	0	15180	P1-85-15	0	-
884	116.295573	116.454427	F#4	34	80	0	0	15180	P1-85-14	0	-
885	116.514323	116.570312	B4	44	80	0	0	15210	P1-85-2	0	-
886	116.664062	116.720052	B4	56	80	0	0	15240	P1-85-4	0	-
887	116.846354	116.894531	G5	57	80	0	0	15270	P1-85-7	0	-
888	116.850260	116.897135	B4	41	80	0	0	15270	P1-85-6	0	-
889	117.015625	117.088542	B4	51	80	0	0	15300	P1-85-8	0	-
890	117.018229	117.106771	F#5	65	80	0	0	15300	P1-85-9	0	-
891	117.055990	117.104167	F#4	43	80	0	0	15300	P1-85-17	0	-
892	117.059896	117.106771	A4	39	80	0	0	15300	P1-85-18	0	-
893	117.212240	117.257812	B4	57	80	0	0	15330	P1-85-10	0	-
894	117.408854	117.561198	B5	64	80	0	0	15360	P1-86-2	0	-
895	117.414062	117.549479	B4	50	80	0	0	15360	P1-86-13	0	-
896	117.416667	117.553385	G5	54	80	0	0	15360	P1-86-1	0	-
897	117.432292	117.533854	G4	51	80	0	0	15360	P1-86-17	0	-
898	117.445312	117.498698	E4	47	80	0	0	15360	P1-86-16	0	-
899	117.610677	117.664062	B4	59	80	0	0	15390	P1-86-3	0	-
900	117.774740	117.824219	B4	56	80	0	0	15420	P1-86-6	0	-
901	117.954427	117.994792	B4	61	80	0	0	15450	P1-86-7	0	-
902	118.143229	118.479167	B5	68	80	0	0	15480	P1-86-9	0	-
903	118.162760	118.342448	G5	59	80	0	0	15480	P1-86-8	0	-
904	118.165365	118.255208	B4	50	80	0	0	15480	P1-86-15	0	-
905	118.187500	118.255208	G4	46	80	0	0	15480	P1-86-20	0	-
906	118.196615	118.236979	E4	38	80	0	0	15480	P1-86-19	0	-
907	118.382812	118.457031	B4	62	80	0	0	15510	P1-86-10	0	-
908	118.606771	118.908854	B5	68	80	0	0	15540	P1-87-2	0	-
909	118.615885	118.723958	B4	57	80	0	0	15540	P1-87-15	0	-
910	118.632812	119.049479	G#5	57	80	0	0	15540	P1-87-1	0	-
911	118.654948	118.812500	F4	35	80	0	0	15540	P1-87-19	0	-
912	118.657552	118.807292	D4	38	80	0	0	15540	P1-87-18	0	-
913	118.842448	118.894531	B4	58	80	0	0	15570	P1-87-3	0	-
914	119.046875	119.084635	B4	49	80	0	0	15600	P1-87-6	0	-
915	119.184896	119.236979	B4	57	80	0	0	15630	P1-87-9	0	-
916	119.191406	119.243490	A5	65	80	0	0	15630	P1-87-10	0	-
917	119.371094	119.582031	B5	65	80	0	0	15660	P1-87-13	0	-
918	119.372396	119.436198	B4	53	80	0	0	15660	P1-87-11	0	-
919	119.382812	119.628906	G#5	55	80	0	0	15660	P1-87-12	0	-
920	119.385417	119.455729	D4	47	80	0	0	15660	P1-87-21	0	-
921	119.395833	119.462240	F4	43	80	0	0	15660	P1-87-22	0	-
922	119.535156	119.578125	B4	49	80	0	0	15690	P1-87-14	0	-
923	119.774740	119.968750	C6	60	80	0	0	15720	P1-88-3	0	-
924	119.777344	119.834635	C4	48	80	0	0	15720	P1-88-7	0	-
925	119.779948	119.916667	A5	56	80	0	0	15720	P1-88-2	0	-
926	119.782552	119.908854	C5	55	80	0	0	15720	P1-88-1	0	-
927	119.785156	119.834635	E4	43	80	0	0	15720	P1-88-8	0	-
928	119.973958	120.026042	E4	48	80	0	0	15750	P1-88-9	0	-
929	120.170573	120.214844	E4	58	80	0	0	15780	P1-88-10	0	-
930	120.173177	120.225260	C4	40	80	0	0	15780	P1-88-10	0	-
931	120.354167	120.399740	E4	58	80	0	0	15810	P1-88-11	0	-
932	120.494792	120.819010	C6	77	80	0	0	15840	P1-88-6	0	-
933	120.515625	120.789062	C5	56	80	0	0	15840	P1-88-5	0	-
934	120.515625	120.574219	E4	47	80	0	0	15840	P1-88-12	0	-
935	120.516927	120.786458	E5	51	80	0	0	15840	P1-88-12	0	-
936	120.742188	120.795573	E4	57	80	0	0	15870	P1-88-13	0	-
937	120.942708	121.509115	C6	73	80	0	0	15900	P1-89-2	0	-
938	120.955729	121.408854	C5	62	80	0	0	15900	P1-89-1	0	-
939	120.957031	121.059896	A3	50	80	0	0	15900	P1-89-15	0	-
940	120.963542	121.097656	C4	55	80	0	0	15900	P1-89-16	0	-
941	121.134115	121.196615	E4	64	80	0	0	15930	P1-89-8	0	-
942	121.358073	121.402344	E4	47	80	0	0	15960	P1-89-9	0	-
943	121.365885	121.449219	C4	32	80	0	0	15960	P1-89-9	0	-
944	121.488281	121.649740	B5	73	80	0	0	15990	P1-89-4	0	-
945	121.503906	121.555990	B4	64	80	0	0	15990	P1-89-3	0	-
946	121.507812	121.558594	E4	49	80	0	0	15990	P1-89-10	0	-
947	121.683594	121.938802	A5	74	80	0	0	16020	P1-89-6	0	-
948	121.683594	121.759115	A3	49	80	0	0	16020	P1-89-11	0	-
949	121.684896	121.908854	C4	52	80	0	0	16020	P1-89-12	0	-
950	121.686198	121.776042	A4	59	80	0	0	16020	P1-89-5	0	-
951	121.861979	121.933594	E4	60	80	0	0	16050	P1-89-14	0	-
952	122.084635	122.829427	D6	83	80	0	0	16080	P1-90-2	0	-
953	122.104167	122.628906	D5	62	80	0	0	16080	P1-90-1	0	-
954	122.106771	122.255208	B3	54	80	0	0	16080	P1-90-13	0	-
955	122.111979	122.252604	G#3	54	80	0	0	16080	P1-90-12	0	-
956	122.121094	122.235677	F4	52	80	0	0	16080	P1-90-6	0	-
957	122.337240	122.429688	F4	59	80	0	0	16110	P1-90-7	0	-
958	122.500000	122.554688	F4	60	80	0	0	16140	P1-90-8	0	-
959	122.552083	122.709635	B3	20	80	0	0	16140	P1-90-8	0	-
960	122.671875	122.799479	F4	74	80	0	0	16170	P1-90-9	0	-
961	122.839844	123.250000	D6	90	80	0	0	16200	P1-90-5	0	-
962	122.846354	123.109375	D5	80	80	0	0	16200	P1-90-4	0	-
963	122.846354	123.069010	B3	65	80	0	0	16200	P1-90-16	0	-
964	122.847656	123.000000	G#3	62	80	0	0	16200	P1-90-15	0	-
965	123.036458	123.111979	F4	57	80	0	0	16230	P1-90-11	0	-
966	123.243490	123.378906	F4	65	80	0	0	16260	P1-91-7	0	-
967	123.253906	123.908854	D6	80	80	0	0	16260	P1-91-2	0	-
968	123.255208	123.839844	D5	80	80	0	0	16260	P1-91-1	0	-
969	123.255208	123.688802	G#3	69	80	0	0	16260	P1-91-15	0	-
970	123.257812	123.699219	Bb3	70	80	0	0	16260	P1-91-16	0	-
971	123.463542	123.520833	F4	75	80	0	0	16290	P1-91-8	0	-
972	123.626302	123.683594	F4	67	80	0	0	16320	P1-91-9	0	-
973	123.808594	124.069010	C6	89	80	0	0	16350	P1-91-4	0	-
974	123.809896	123.873698	C5	87	80	0	0	16350	P1-91-3	0	-
975	123.812500	124.019531	G#3	65	80	0	0	16350	P1-91-10	0	-
976	123.813802	123.872396	F4	74	80	0	0	16350	P1-91-10	0	-
977	124.002604	124.239583	F4	62	80	0	0	16380	P1-91-13	0	-
978	124.005208	124.359375	D6	86	80	0	0	16380	P1-91-6	0	-
979	124.005208	124.229167	D5	87	80	0	0	16380	P1-91-5	0	-
980	124.013021	124.066406	Bb3	67	80	0	0	16380	P1-91-12	0	-
981	124.032552	124.067708	G#3	63	80	0	0	16380	P1-91-11	0	-
982	124.195312	124.246094	G#3	59	80	0	0	16380	P1-91-11	0	-
983	124.201823	124.247396	Bb3	60	80	0	0	16380	P1-91-12	0	-
984	124.397135	124.819010	D#6	98	80	0	0	16440	P1-92-2	0	-
985	124.399740	124.729167	D#5	97	80	0	0	16440	P1-92-1	0	-
986	124.404948	124.483073	D#4	80	80	0	0	16440	P1-92-9	0	-
987	124.415365	124.483073	Bb3	79	80	0	0	16440	P1-92-8	0	-
988	124.415365	124.429688	C#6	79	80	0	0	16440	P1-92-2	0	-
989	124.421875	124.476562	G3	69	80	0	0	16440	P1-92-7	0	-
990	124.604167	124.661458	Bb3	68	80	0	0	16470	P1-92-11	0	-
991	124.604167	124.656250	D#4	68	80	0	0	16470	P1-92-12	0	-
992	124.604167	124.662760	G3	62	80	0	0	16470	P1-92-10	0	-
993	124.776042	124.833333	D#4	74	80	0	0	16500	P1-92-15	0	-
994	124.783854	124.838542	Bb3	75	80	0	0	16500	P1-92-14	0	-
995	124.783854	124.837240	G3	71	80	0	0	16500	P1-92-13	0	-
996	124.914062	125.009115	D6	89	80	0	0	16530	P1-92-4	0	-
997	124.932292	124.992188	D#4	77	80	0	0	16530	P1-92-18	0	-
998	124.934896	125.039062	D5	80	80	0	0	16530	P1-92-3	0	-
999	124.936198	124.993490	Bb3	76	80	0	0	16530	P1-92-17	0	-
1000	124.936198	124.994792	G3	69	80	0	0	16530	P1-92-16	0	-
1001	125.119792	125.169271	Bb3	73	80	0	0	16560	P1-92-20	0	-
1002	125.121094	125.170573	D#4	72	80	0	0	16560	P1-92-21	0	-
1003	125.122396	125.170573	G3	66	80	0	0	16560	P1-92-19	0	-
1004	125.122396	125.188802	D#5	88	80	0	0	16560	P1-92-5	0	-
1005	125.273438	125.326823	D#4	67	80	0	0	16590	P1-92-24	0	-
1006	125.274740	125.330729	G3	69	80	0	0	16590	P1-92-22	0	-
1007	125.274740	125.329427	Bb3	71	80	0	0	16590	P1-92-23	0	-
1008	125.483073	126.109375	D#4	87	80	0	0	16620	P1-93-1	0	-
1009	125.484375	125.541667	F#3	81	80	0	0	16620	P1-93-4	0	-
1010	125.484375	125.541667	Bb3	82	80	0	0	16620	P1-93-5	0	-
1011	125.644531	125.697917	F#3	76	80	0	0	16650	P1-93-6	0	-
1012	125.652344	125.703125	Bb3	66	80	0	0	16650	P1-93-7	0	-
1013	125.811198	125.889323	F#3	61	80	0	0	16680	P1-93-8	0	-
1014	125.854167	125.904948	Bb3	83	80	0	0	16680	P1-93-9	0	-
1015	126.032552	126.092448	D4	76	80	0	0	16710	P1-93-2	0	-
1016	126.033854	126.091146	Bb3	75	80	0	0	16710	P1-93-11	0	-
1017	126.033854	126.091146	F#3	78	80	0	0	16710	P1-93-10	0	-
1018	126.203125	126.489583	D#4	85	80	0	0	16740	P1-93-3	0	-
1019	126.212240	126.266927	Bb3	76	80	0	0	16740	P1-93-13	0	-
1020	126.214844	126.299479	F#3	73	80	0	0	16740	P1-93-12	0	-
1021	126.375000	126.479167	Bb3	72	80	0	0	16770	P1-93-15	0	-
1022	126.381510	126.434896	F#3	78	80	0	0	16770	P1-93-14	0	-
1023	126.562500	127.098958	F#4	93	80	0	0	16800	P1-94-2	0	-
1024	126.563802	126.812500	D#4	89	80	0	0	16800	P1-94-1	0	-
1025	126.565104	126.636719	D#3	89	80	0	0	16800	P1-94-7	0	-
1026	126.756510	126.816406	F#3	78	80	0	0	16830	P1-94-10	0	-
1027	126.756510	126.821615	D#3	70	80	0	0	16830	P1-94-9	0	-
1028	126.930990	126.984375	F#3	84	80	0	0	16860	P1-94-12	0	-
1029	126.932292	126.983073	D#3	64	80	0	0	16860	P1-94-11	0	-
1030	127.105469	127.279948	F4	83	80	0	0	16890	P1-94-4	0	-
1031	127.108073	127.209635	F#4	82	80	0	0	16890	P1-94-4	0	-
1032	127.113281	127.170573	D#3	89	80	0	0	16890	P1-94-13	0	-
1033	127.113281	127.175781	F#3	82	80	0	0	16890	P1-94-14	0	-
1034	127.118490	127.229167	D4	78	80	0	0	16890	P1-94-3	0	-
1035	127.274740	127.342448	F#3	75	80	0	0	16920	P1-94-16	0	-
1036	127.309896	127.459635	D#4	83	80	0	0	16920	P1-94-5	0	-
1037	127.311198	128.188802	F#4	75	80	0	0	16920	P1-94-6	0	-
1038	127.466146	127.569010	D#3	70	80	0	0	16950	P1-94-17	0	-
1039	127.468750	127.569010	F#3	73	80	0	0	16950	P1-94-18	0	-
1040	127.673177	128.309896	F#5	93	80	0	0	16980	P1-95-2	0	-
1041	127.677083	128.239583	D#5	80	80	0	0	16980	P1-95-1	0	-
1042	127.692708	127.743490	C3	73	80	0	0	16980	P1-95-7	0	-
1043	127.696615	127.859375	D#3	69	80	0	0	16980	P1-95-8	0	-
1044	127.864583	127.908854	D#3	66	80	0	0	17010	P1-95-10	0	-
1045	127.865885	127.914062	C3	72	80	0	0	17010	P1-95-9	0	-
1046	128.016927	128.082031	C3	85	80	0	0	17040	P1-95-11	0	-
1047	128.019531	128.244792	D#3	72	80	0	0	17040	P1-95-12	0	-
1048	128.182292	128.395833	F5	76	80	0	0	17070	P1-95-4	0	-
1049	128.183594	128.244792	C3	72	80	0	0	17070	P1-95-13	0	-
1050	128.187500	128.393229	D5	71	80	0	0	17070	P1-95-3	0	-
1051	128.364583	128.416667	C3	80	80	0	0	17100	P1-95-15	0	-
1052	128.373698	128.421875	D#3	75	80	0	0	17100	P1-95-16	0	-
1053	128.373698	128.789062	F#5	85	80	0	0	17100	P1-95-6	0	-
1054	128.376302	128.750000	D#5	87	80	0	0	17100	P1-95-5	0	-
1055	128.515625	128.570312	D#3	69	80	0	0	17130	P1-95-18	0	-
1056	128.518229	128.572917	C3	66	80	0	0	17130	P1-95-17	0	-
1057	128.695312	128.760417	A2	80	80	0	0	17160	P1-96-7	0	-
1058	128.701823	129.199219	C6	94	80	0	0	17160	P1-96-2	0	-
1059	128.704427	128.763021	C3	88	80	0	0	17160	P1-96-8	0	-
1060	128.704427	129.169271	C5	89	80	0	0	17160	P1-96-1	0	-
1061	128.876302	128.940104	C3	72	80	0	0	17190	P1-96-10	0	-
1062	128.881510	128.944010	A2	69	80	0	0	17190	P1-96-9	0	-
1063	129.059896	129.114583	C3	81	80	0	0	17220	P1-96-12	0	-
1064	129.062500	129.118490	A2	75	80	0	0	17220	P1-96-11	0	-
1065	129.223958	129.286458	C3	81	80	0	0	17250	P1-96-14	0	-
1066	129.226562	129.291667	A2	78	80	0	0	17250	P1-96-13	0	-
1067	129.233073	129.419271	B5	88	80	0	0	17250	P1-96-4	0	-
1068	129.234375	129.339844	B4	86	80	0	0	17250	P1-96-3	0	-
1069	129.385417	129.451823	C3	83	80	0	0	17280	P1-96-16	0	-
1070	129.389323	129.454427	A2	78	80	0	0	17280	P1-96-15	0	-
1071	129.397135	129.500000	C5	83	80	0	0	17280	P1-96-5	0	-
1072	129.397135	129.500000	C6	85	80	0	0	17280	P1-96-6	0	-
1073	129.575521	129.628906	C3	76	80	0	0	17310	P1-96-18	0	-
1074	129.576823	129.626302	A2	78	80	0	0	17310	P1-96-17	0	-
1075	129.777344	130.119792	A3	96	80	0	0	17340	P1-97-1	0	-
1076	129.777344	130.000000	A2	82	80	0	0	17340	P1-97-5	0	-
1077	129.783854	129.855469	F#2	74	80	0	0	17340	P1-97-4	0	-
1078	129.998698	130.049479	F#2	56	80	0	0	17370	P1-97-7	0	-
1079	130.005208	130.040365	A2	57	80	0	0	17370	P1-97-8	0	-
1080	130.148438	130.203125	A2	62	80	0	0	17400	P1-97-11	0	-
1081	130.152344	130.205729	F#2	66	80	0	0	17400	P1-97-10	0	-
1082	130.313802	130.373698	G#3	89	80	0	0	17430	P1-97-2	0	-
1083	130.317708	130.329427	C#3	74	80	0	0	17430	P1-97-15	0	-
1084	130.319010	130.359375	A3	87	80	0	0	17430	P1-97-2	0	-
1085	130.321615	130.369792	G#2	83	80	0	0	17430	P1-97-14	0	-
1086	130.326823	130.380208	A2	78	80	0	0	17430	P1-97-14	0	-
1087	130.328125	130.381510	F#2	71	80	0	0	17430	P1-97-13	0	-
1088	130.485677	130.554688	F#2	77	80	0	0	17460	P1-97-16	0	-
1089	130.490885	130.609375	A3	86	80	0	0	17460	P1-97-3	0	-
1090	130.492188	130.552083	A2	82	80	0	0	17460	P1-97-17	0	-
1091	130.666667	130.733073	A2	69	80	0	0	17490	P1-97-20	0	-
1092	130.666667	130.725260	F#2	68	80	0	0	17490	P1-97-19	0	-
1093	130.863281	131.348958	F#5	99	80	0	0	17520	P1-98-1	0	-
1094	130.865885	130.958333	C3	85	80	0	0	17520	P1-98-10	0	-
1095	130.867188	131.019531	C2	79	80	0	0	17520	P1-98-10	0	-
1096	130.868490	131.059896	F#6	99	80	0	0	17520	P1-98-2	0	-
1097	130.868490	130.989583	A2	83	80	0	0	17520	P1-98-9	0	-
1098	130.871094	130.983073	D#2	75	80	0	0	17520	P1-98-7	0	-
1099	130.873698	131.000000	F#2	87	80	0	0	17520	P1-98-8	0	-
1100	131.072917	131.143229	A2	73	80	0	0	17550	P1-98-13	0	-
1101	131.074219	131.140625	C3	73	80	0	0	17550	P1-98-14	0	-
1102	131.074219	131.089844	D#2	72	80	0	0	17550	P1-98-11	0	-
1103	131.075521	131.169271	F#2	73	80	0	0	17550	P1-98-12	0	-
1104	131.075521	131.209635	C2	72	80	0	0	17550	P1-98-14	0	-
1105	131.252604	131.348958	A2	72	80	0	0	17580	P1-98-17	0	-
1106	131.252604	131.322917	D#2	76	80	0	0	17580	P1-98-15	0	-
1107	131.253906	131.329427	C2	74	80	0	0	17580	P1-98-18	0	-
1108	131.255208	131.369792	F#2	75	80	0	0	17580	P1-98-16	0	-
1109	131.256510	131.408854	C3	77	80	0	0	17580	P1-98-18	0	-
1110	131.406250	131.475260	F5	90	80	0	0	17610	P1-98-3	0	-
1111	131.410156	131.468750	A2	73	80	0	0	17610	P1-98-21	0	-
1112	131.414062	131.509115	C2	73	80	0	0	17610	P1-98-22	0	-
1113	131.416667	131.500000	F#2	74	80	0	0	17610	P1-98-20	0	-
1114	131.417969	131.477865	C3	70	80	0	0	17610	P1-98-22	0	-
1115	131.419271	131.485677	D#2	68	80	0	0	17610	P1-98-19	0	-
1116	131.566406	131.625000	F#6	96	80	0	0	17640	P1-98-6	0	-
1117	131.571615	131.848958	F#5	94	80	0	0	17640	P1-98-5	0	-
1118	131.593750	131.652344	D#2	60	80	0	0	17640	P1-98-23	0	-
1119	131.593750	131.653646	F#2	70	80	0	0	17640	P1-98-24	0	-
1120	131.597656	131.669271	C2	61	80	0	0	17640	P1-98-26	0	-
1121	131.597656	131.669271	A2	61	80	0	0	17640	P1-98-25	0	-
1122	131.600260	131.699219	C3	63	80	0	0	17640	P1-98-26	0	-
1123	131.755208	131.809896	A2	70	80	0	0	17670	P1-98-29	0	-
1124	131.756510	131.825521	D#2	74	80	0	0	17670	P1-98-27	0	-
1125	131.757812	131.822917	F#2	73	80	0	0	17670	P1-98-28	0	-
1126	131.760417	131.822917	C3	78	80	0	0	17670	P1-98-30	0	-
1127	131.921875	132.408854	F#4	82	80	0	0	17700	P1-99-1	0	-
1128	131.925781	132.639323	C5	75	80	0	0	17700	P1-99-3	0	-
1129	131.930990	131.938802	A3	79	80	0	0	17700	P1-99-2	0	-
1130	131.933594	132.015625	D2	79	80	0	0	17700	P1-99-10	0	-
1131	131.934896	132.014323	A2	78	80	0	0	17700	P1-99-12	0	-
1132	131.942708	132.019531	F#2	74	80	0	0	17700	P1-99-11	0	-
1133	132.126302	132.214844	A2	67	80	0	0	17730	P1-99-16	0	-
1134	132.130208	132.229167	F#2	74	80	0	0	17730	P1-99-15	0	-
1135	132.130208	132.204427	C3	73	80	0	0	17730	P1-99-17	0	-
1136	132.130208	132.213542	D2	71	80	0	0	17730	P1-99-14	0	-
1137	132.132812	132.139323	C2	69	80	0	0	17730	P1-99-14	0	-
1138	132.307292	132.375000	F#2	74	80	0	0	17760	P1-99-19	0	-
1139	132.311198	132.373698	C3	73	80	0	0	17760	P1-99-21	0	-
1140	132.312500	132.377604	A2	64	80	0	0	17760	P1-99-20	0	-
1141	132.315104	132.373698	D2	69	80	0	0	17760	P1-99-18	0	-
1142	132.459635	132.554688	F#4	73	80	0	0	17790	P1-99-4	0	-
1143	132.462240	132.554688	A4	75	80	0	0	17790	P1-99-5	0	-
1144	132.471354	132.579427	C3	82	80	0	0	17790	P1-99-25	0	-
1145	132.472656	132.554688	D2	80	80	0	0	17790	P1-99-22	0	-
1146	132.644531	132.829427	A2	77	80	0	0	17820	P1-99-28	0	-
1147	132.645833	132.859375	A4	77	80	0	0	17820	P1-99-8	0	-
1148	132.647135	132.658854	C4	69	80	0	0	17820	P1-99-9	0	-
1149	132.648438	132.899740	F#4	77	80	0	0	17820	P1-99-7	0	-
1150	132.651042	132.688802	A3	77	80	0	0	17820	P1-99-8	0	-
1151	132.653646	132.878906	C5	68	80	0	0	17820	P1-99-9	0	-
1152	132.657552	132.880208	D2	66	80	0	0	17820	P1-99-26	0	-
1153	133.015625	133.139323	G#4	87	80	0	0	17880	P1-100-2	0	-
1154	133.016927	133.348958	B4	84	80	0	0	17880	P1-100-3	0	-
1155	133.019531	133.087240	F4	78	80	0	0	17880	P1-100-1	0	-
1156	133.022135	133.096354	G2	90	80	0	0	17880	P1-100-12	0	-
1157	133.024740	133.101562	G1	87	80	0	0	17880	P1-100-11	0	-
1158	133.026042	133.039062	D4	75	80	0	0	17880	P1-100-1	0	-
1159	133.244792	133.303385	G2	79	80	0	0	17910	P1-100-14	0	-
1160	133.244792	133.378906	G1	73	80	0	0	17910	P1-100-13	0	-
1161	133.433594	133.505208	G2	82	80	0	0	17940	P1-100-16	0	-
1162	133.433594	133.859375	G1	81	80	0	0	17940	P1-100-15	0	-
1163	133.565104	133.692708	F5	88	80	0	0	17970	P1-100-7	0	-
1164	133.580729	133.692708	B4	78	80	0	0	17970	P1-100-6	0	-
1165	133.583333	133.684896	G#4	85	80	0	0	17970	P1-100-5	0	-
1166	133.835938	133.976562	E5	76	80	0	0	18000	P1-100-10	0	-
1167	133.837240	133.984375	G4	73	80	0	0	18000	P1-100-8	0	-
1168	133.839844	133.973958	C5	68	80	0	0	18000	P1-100-9	0	-
1169	134.283854	134.398438	D#5	73	80	0	0	18060	P1-101-3	0	-
1170	134.292969	134.397135	A4	64	80	0	0	18060	P1-101-2	0	-
1171	134.292969	134.403646	F#4	63	80	0	0	18060	P1-101-1	0	-
1172	134.493490	134.553385	G2	79	80	0	0	18090	P1-101-13	0	-
1173	134.494792	134.552083	G1	70	80	0	0	18090	P1-101-12	0	-
1174	134.684896	134.744792	G2	76	80	0	0	18120	P1-101-15	0	-
1175	134.692708	134.746094	G1	70	80	0	0	18120	P1-101-14	0	-
1176	134.865885	134.973958	D#5	86	80	0	0	18150	P1-101-7	0	-
1177	134.872396	134.954427	F#4	79	80	0	0	18150	P1-101-5	0	-
1178	134.881510	134.963542	A4	73	80	0	0	18150	P1-101-6	0	-
1179	134.902344	134.957031	B4	55	80	0	0	18150	P1-101-6	0	-
1180	135.059896	135.165365	B4	68	80	0	0	18180	P1-101-9	0	-
1181	135.063802	135.173177	D5	78	80	0	0	18180	P1-101-10	0	-
1182	135.066406	135.184896	F4	63	80	0	0	18180	P1-101-8	0	-
1183	135.467448	135.614583	C#5	60	80	0	0	18240	P1-102-3	0	-
1184	135.488281	135.623698	G4	54	80	0	0	18240	P1-102-2	0	-
1185	135.493490	135.601562	E4	58	80	0	0	18240	P1-102-1	0	-
1186	135.505208	135.519531	B3	39	80	0	0	18240	P1-102-1	0	-
1187	135.647135	135.716146	G2	72	80	0	0	18270	P1-102-13	0	-
1188	135.649740	135.714844	G1	69	80	0	0	18270	P1-102-12	0	-
1189	135.873698	135.927083	G1	63	80	0	0	18300	P1-102-14	0	-
1190	135.873698	135.925781	G2	63	80	0	0	18300	P1-102-15	0	-
1191	136.050781	136.145833	C5	63	80	0	0	18330	P1-102-7	0	-
1192	136.057292	136.152344	D#4	63	80	0	0	18330	P1-102-5	0	-
1193	136.067708	136.131510	G4	57	80	0	0	18330	P1-102-6	0	-
1194	136.324219	136.444010	B4	60	80	0	0	18360	P1-102-10	0	-
1195	136.326823	136.457031	D4	51	80	0	0	18360	P1-102-8	0	-
1196	136.332031	136.446615	G4	60	80	0	0	18360	P1-102-9	0	-
1197	136.727865	136.933594	Bb4	65	80	0	0	18420	P1-103-3	0	-
1198	136.764323	136.928385	E4	49	80	0	0	18420	P1-103-2	0	-
1199	136.764323	136.924479	C#4	45	80	0	0	18420	P1-103-1	0	-
1200	136.983073	137.055990	G2	57	80	0	0	18450	P1-103-12	0	-
1201	136.985677	137.054688	G1	58	80	0	0	18450	P1-103-11	0	-
1202	137.164062	137.408854	A4	59	80	0	0	18480	P1-103-6	0	-
1203	137.164062	137.388021	E4	55	80	0	0	18480	P1-103-5	0	-
1204	137.175781	137.388021	C4	52	80	0	0	18480	P1-103-4	0	-
1205	137.337240	137.542969	G2	66	80	0	0	18510	P1-103-15	0	-
1206	137.365885	137.718750	G1	53	80	0	0	18510	P1-103-14	0	-
1207	137.537760	137.812500	G#4	72	80	0	0	18540	P1-103-9	0	-
1208	137.554688	137.803385	D#4	62	80	0	0	18540	P1-103-8	0	-
1209	137.557292	137.839844	C4	54	80	0	0	18540	P1-103-7	0	-
1210	137.725260	137.954427	G2	65	80	0	0	18570	P1-103-18	0	-
1211	137.729167	137.989583	G1	61	80	0	0	18570	P1-103-17	0	-
1212	137.933594	138.230469	G4	82	80	0	0	18600	P1-104-1	0	-
1213	138.118490	138.322917	G2	71	80	0	0	18630	P1-104-6	0	-
1214	138.122396	138.313802	G1	67	80	0	0	18630	P1-104-5	0	-
1215	138.325521	138.626302	F#4	83	80	0	0	18660	P1-104-2	0	-
1216	138.503906	138.729167	A2	73	80	0	0	18690	P1-104-9	0	-
1217	138.506510	138.714844	A1	74	80	0	0	18690	P1-104-8	0	-
1218	138.699219	138.966146	F4	83	80	0	0	18720	P1-104-3	0	-
1219	138.882812	139.135417	B2	78	80	0	0	18750	P1-104-12	0	-
1220	138.886719	139.122396	B1	77	80	0	0	18750	P1-104-11	0	-
1221	139.076823	139.529948	E4	77	80	0	0	18780	P1-105-1	0	-
1222	139.282552	139.503906	C3	77	80	0	0	18810	P1-105-6	0	-
1223	139.283854	139.503906	C2	69	80	0	0	18810	P1-105-5	0	-
1224	139.475260	139.763021	D#4	82	80	0	0	18840	P1-105-2	0	-
1225	139.664062	139.929688	C#3	70	80	0	0	18870	P1-105-9	0	-
1226	139.665365	139.843750	C#2	68	80	0	0	18870	P1-105-8	0	-
1227	139.860677	140.164062	D4	66	80	0	0	18900	P1-105-3	0	-
1228	140.041667	140.279948	D2	64	80	0	0	18930	P1-105-11	0	-
1229	140.042969	140.279948	D3	64	80	0	0	18930	P1-105-12	0	-
1230	140.259115	140.563802	C#4	62	80	0	0	18960	P1-106-1	0	-
1231	140.473958	140.769531	D#3	55	80	0	0	18990	P1-106-6	0	-
1232	140.475260	140.652344	D#2	51	80	0	0	18990	P1-106-5	0	-
1233	140.683594	141.024740	C4	61	80	0	0	19020	P1-106-2	0	-
1234	140.911458	141.095052	E3	48	80	0	0	19050	P1-106-9	0	-
1235	140.911458	141.062500	E2	53	80	0	0	19050	P1-106-8	0	-
1236	141.143229	141.488281	B3	62	80	0	0	19080	P1-106-3	0	-
1237	141.373698	141.502604	F3	52	80	0	0	19110	P1-106-12	0	-
1238	141.373698	141.493490	F2	47	80	0	0	19110	P1-106-11	0	-
1239	141.595052	141.873698	Bb3	55	80	0	0	19140	P1-107-1	0	-
1240	141.778646	142.000000	F#3	38	80	0	0	19170	P1-107-6	0	-
1241	141.783854	141.964844	F#2	42	80	0	0	19170	P1-107-5	0	-
1242	142.003906	142.304688	A3	46	80	0	0	19200	P1-107-2	0	-
1243	142.207031	142.421875	G2	41	80	0	0	19230	P1-107-8	0	-
1244	142.483073	142.795573	G#3	42	80	0	0	19260	P1-107-3	0	-
1245	142.761719	142.945312	G3	38	80	0	0	19290	P1-107-12	0	-
1246	142.765625	142.945312	G2	31	80	0	0	19290	P1-107-11	0	-
1247	143.135417	143.471354	G#3	39	80	0	0	19320	P1-108-1	0	-
1248	143.455729	143.783854	G3	38	80	0	0	19350	P1-108-2	0	-
1249	143.834635	145.250000	G4	51	80	0	0	19380	P1-108-3	0	-
1250	144.735677	145.229167	F4	32	80	0	0	19500	P1-109-3	0	-
1251	145.714844	147.179688	G4	69	80	0	0	19620	P1-109-2	0	-
1252	145.723958	146.250000	F4	52	80	0	0	19620	P1-109-5	0	-
1253	145.723958	146.209635	B3	44	80	0	0	19620	P1-109-4	0	-
1254	146.201823	147.149740	E4	42	80	0	0	19680	P1-110-5	0	-
1255	146.230469	146.489583	C4	38	80	0	0	19680	P1-110-4	0	-
1256	146.653646	147.199219	C5	65	80	0	0	19740	P1-110-2	0	-
1257	146.654948	147.154948	C4	61	80	0	0	19740	P1-110-6	0	-
1258	147.074219	147.488281	A4	62	80	0	0	19800	P1-110-3	0	-
1259	147.080729	147.493490	C#4	60	80	0	0	19800	P1-110-7	0	-
1260	147.498698	147.937500	G4	62	80	0	0	19860	P1-111-1	0	-
1261	147.503906	147.936198	D4	55	80	0	0	19860	P1-111-4	0	-
1262	147.953125	148.459635	A3	53	80	0	0	19920	P1-111-5	0	-
1263	147.954427	148.309896	F4	51	80	0	0	19920	P1-111-2	0	-
1264	148.401042	148.846354	Bb3	71	80	0	0	19980	P1-111-6	0	-
1265	148.404948	149.345052	F4	53	80	0	0	19980	P1-111-3	0	-
1266	148.839844	149.345052	B3	60	80	0	0	20040	P1-112-4	0	-
1267	149.305990	149.789062	D5	53	80	0	0	20100	P1-112-2	0	-
1268	149.332031	149.839844	G3	42	80	0	0	20100	P1-112-5	0	-
1269	149.852865	150.367188	D4	44	80	0	0	20160	P1-112-6	0	-
1270	149.854167	150.739583	F4	44	80	0	0	20160	P1-112-3	0	-
1271	150.328125	150.739583	C#4	40	80	0	0	20220	P1-113-7	0	-
1272	150.763021	150.990885	E4	42	80	0	0	20280	P1-113-2	0	-
1273	150.763021	150.994792	C4	36	80	0	0	20280	P1-113-8	0	-
1274	151.290365	152.709635	C4	67	80	0	0	20340	P1-113-9	0	-
1275	151.313802	151.709635	Bb3	57	80	0	0	20340	P1-113-12	0	-
1276	151.325521	151.382812	E4	47	80	0	0	20340	P1-113-3	0	-
1277	151.475260	151.574219	G4	61	80	0	0	20355	P1-113-4	0	-
1278	151.613281	151.750000	C5	55	80	0	0	20370	P1-113-5	0	-
1279	151.705729	151.839844	E5	52	80	0	0	20385	P1-113-6	0	-
1280	151.804688	151.882812	F5	72	80	0	0	20400	P1-114-1	0	-
1281	151.805990	152.408854	A3	53	80	0	0	20400	P1-114-13	0	-
1282	151.914062	151.964844	C5	55	80	0	0	20415	P1-114-2	0	-
1283	151.942708	151.949219	G4	47	80	0	0	20430	P1-114-3	0	-
1284	152.011719	152.091146	A4	68	80	0	0	20430	P1-114-3	0	-
1285	152.113281	152.160156	F4	62	80	0	0	20445	P1-114-4	0	-
1286	152.174479	152.559896	F3	64	80	0	0	20460	P1-114-15	0	-
1287	152.225260	152.309896	A4	67	80	0	0	20460	P1-114-5	0	-
1288	152.274740	152.569010	F4	83	80	0	0	20460	P1-114-16	0	-
1289	152.376302	152.450521	C5	66	80	0	0	20475	P1-114-6	0	-
1290	152.473958	152.567708	F5	64	80	0	0	20490	P1-114-7	0	-
1291	152.572917	152.709635	A5	65	80	0	0	20505	P1-114-8	0	-
1292	152.675781	153.100260	D4	74	80	0	0	20520	P1-114-18	0	-
1293	152.694010	153.098958	F#3	61	80	0	0	20520	P1-114-17	0	-
1294	152.716146	152.765625	A5	65	80	0	0	20520	P1-114-9	0	-
1295	152.816406	152.872396	D5	59	80	0	0	20535	P1-114-10	0	-
1296	152.889323	152.983073	A5	62	80	0	0	20550	P1-114-11	0	-
1297	152.981771	153.054688	D6	67	80	0	0	20565	P1-114-12	0	-
1298	153.096354	153.502604	C4	70	80	0	0	20580	P1-115-17	0	-
1299	153.113281	153.539062	G3	60	80	0	0	20580	P1-115-16	0	-
1300	153.184896	153.236979	D5	61	80	0	0	20595	P1-115-2	0	-
1301	153.263021	153.373698	A5	63	80	0	0	20610	P1-115-3	0	-
1302	153.328125	153.339844	D5	37	80	0	0	20610	P1-115-3	0	-
1303	153.385417	153.471354	Bb5	71	80	0	0	20625	P1-115-4	0	-
1304	153.468750	153.779948	Bb3	79	80	0	0	20640	P1-115-19	0	-
1305	153.472656	153.839844	D3	61	80	0	0	20640	P1-115-18	0	-
1306	153.480469	153.579427	A5	65	80	0	0	20640	P1-115-5	0	-
1307	153.584635	153.639323	D5	55	80	0	0	20655	P1-115-6	0	-
1308	153.671875	153.734375	G5	64	80	0	0	20670	P1-115-7	0	-
1309	153.723958	153.839844	Bb5	69	80	0	0	20685	P1-115-8	0	-
1310	153.852865	154.779948	Bb3	74	80	0	0	20700	P1-115-15	0	-
1311	153.863281	154.214844	F3	69	80	0	0	20700	P1-115-20	0	-
1312	153.864583	153.950521	G5	73	80	0	0	20700	P1-115-9	0	-
1313	153.964844	154.044271	C#5	67	80	0	0	20715	P1-115-10	0	-
1314	154.065104	154.132812	G5	66	80	0	0	20730	P1-115-11	0	-
1315	154.132812	154.223958	Bb5	69	80	0	0	20745	P1-115-12	0	-
1316	154.235677	154.938802	E3	68	80	0	0	20760	P1-116-16	0	-
1317	154.236979	154.326823	G5	66	80	0	0	20760	P1-116-1	0	-
1318	154.355469	154.424479	C5	60	80	0	0	20775	P1-116-2	0	-
1319	154.454427	154.546875	G5	67	80	0	0	20790	P1-116-3	0	-
1320	154.539062	154.619792	Bb5	76	80	0	0	20805	P1-116-4	0	-
1321	154.602865	154.718750	G4	82	80	0	0	20820	P1-116-17	0	-
1322	154.756510	154.815104	C5	52	80	0	0	20835	P1-116-6	0	-
1323	154.798177	154.864583	E5	68	80	0	0	20850	P1-116-7	0	-
1324	154.868490	154.946615	G5	66	80	0	0	20865	P1-116-8	0	-
1325	155.000000	155.619792	Bb3	81	80	0	0	20880	P1-116-15	0	-
1326	155.014323	155.376302	C3	63	80	0	0	20880	P1-116-18	0	-
1327	155.045573	155.111979	G5	70	80	0	0	20880	P1-116-9	0	-
1328	155.117188	155.188802	E5	63	80	0	0	20895	P1-116-10	0	-
1329	155.192708	155.255208	G5	58	80	0	0	20910	P1-116-11	0	-
1330	155.264323	155.341146	C6	67	80	0	0	20925	P1-116-12	0	-
1331	155.377604	156.239583	F3	68	80	0	0	20940	P1-117-16	0	-
1332	155.384115	155.455729	G5	66	80	0	0	20940	P1-117-1	0	-
1333	155.492188	155.567708	E5	63	80	0	0	20955	P1-117-2	0	-
1334	155.591146	155.675781	G5	63	80	0	0	20970	P1-117-3	0	-
1335	155.674479	155.774740	C6	63	80	0	0	20985	P1-117-4	0	-
1336	155.808594	156.009115	A3	69	80	0	0	21000	P1-117-18	0	-
1337	155.824219	155.902344	A5	63	80	0	0	21000	P1-117-5	0	-
1338	155.933594	156.005208	F5	68	80	0	0	21015	P1-117-6	0	-
1339	156.035156	156.105469	A5	61	80	0	0	21030	P1-117-7	0	-
1340	156.122396	156.182292	C6	64	80	0	0	21045	P1-117-8	0	-
1341	156.207031	157.250000	A2	74	80	0	0	21060	P1-117-19	0	-
1342	156.230469	156.304688	A5	68	80	0	0	21060	P1-117-9	0	-
1343	156.334635	156.403646	F5	65	80	0	0	21075	P1-117-10	0	-
1344	156.429688	156.483073	A5	68	80	0	0	21090	P1-117-11	0	-
1345	156.514323	156.572917	D6	66	80	0	0	21105	P1-117-12	0	-
1346	156.591146	156.666667	A5	57	80	0	0	21120	P1-118-1	0	-
1347	156.691406	156.776042	F5	69	80	0	0	21135	P1-118-2	0	-
1348	156.792969	156.865885	A5	65	80	0	0	21150	P1-118-3	0	-
1349	156.875000	156.944010	D6	68	80	0	0	21165	P1-118-4	0	-
1350	156.934896	157.669271	D3	76	80	0	0	21180	P1-118-15	0	-
1351	156.986979	157.053385	A5	68	80	0	0	21180	P1-118-5	0	-
1352	157.080729	157.188802	F5	70	80	0	0	21195	P1-118-6	0	-
1353	157.180990	157.243490	A5	66	80	0	0	21210	P1-118-7	0	-
1354	157.244792	157.337240	D6	72	80	0	0	21225	P1-118-8	0	-
1355	157.326823	157.759115	Bb2	89	80	0	0	21240	P1-118-16	0	-
1356	157.369792	157.455729	Bb5	76	80	0	0	21240	P1-118-9	0	-
1357	157.453125	157.545573	F5	71	80	0	0	21255	P1-118-10	0	-
1358	157.563802	157.639323	Bb5	67	80	0	0	21270	P1-118-11	0	-
1359	157.644531	157.722656	D6	72	80	0	0	21285	P1-118-12	0	-
1360	157.743490	158.319010	A2	75	80	0	0	21300	P1-119-13	0	-
1361	157.764323	157.859375	B5	64	80	0	0	21300	P1-119-1	0	-
1362	157.868490	157.945312	F5	68	80	0	0	21315	P1-119-2	0	-
1363	157.967448	158.053385	B5	65	80	0	0	21330	P1-119-3	0	-
1364	158.055990	158.179688	D6	73	80	0	0	21345	P1-119-4	0	-
1365	158.143229	158.529948	G#2	70	80	0	0	21360	P1-119-14	0	-
1366	158.149740	158.226562	B5	70	80	0	0	21360	P1-119-5	0	-
1367	158.252604	158.333333	E5	69	80	0	0	21375	P1-119-6	0	-
1368	158.347656	158.434896	B5	74	80	0	0	21390	P1-119-7	0	-
1369	158.434896	158.609375	D6	80	80	0	0	21405	P1-119-8	0	-
1370	158.542969	158.839844	G#2	71	80	0	0	21420	P1-119-15	0	-
1371	158.545573	158.617188	B5	71	80	0	0	21420	P1-119-9	0	-
1372	158.635417	158.759115	E5	69	80	0	0	21435	P1-119-10	0	-
1373	158.740885	158.811198	B5	71	80	0	0	21450	P1-119-11	0	-
1374	158.817708	158.989583	D6	80	80	0	0	21465	P1-119-12	0	-
1375	158.924479	159.369792	G#2	68	80	0	0	21480	P1-120-13	0	-
1376	158.925781	159.002604	B5	77	80	0	0	21480	P1-120-1	0	-
1377	159.023438	159.075521	E5	69	80	0	0	21495	P1-120-2	0	-
1378	159.125000	159.217448	B5	78	80	0	0	21510	P1-120-3	0	-
1379	159.213542	159.378906	D6	79	80	0	0	21525	P1-120-4	0	-
1380	159.343750	160.449219	E3	91	80	0	0	21540	P1-120-14	0	-
1381	159.346354	159.519531	B5	76	80	0	0	21540	P1-120-5	0	-
1382	159.500000	159.609375	E5	69	80	0	0	21555	P1-120-6	0	-
1383	159.598958	159.675781	B5	65	80	0	0	21570	P1-120-7	0	-
1384	159.683594	159.763021	D6	70	80	0	0	21585	P1-120-8	0	-
1385	159.791667	159.989583	G#2	63	80	0	0	21600	P1-120-15	0	-
1386	159.794271	159.872396	B5	71	80	0	0	21600	P1-120-9	0	-
1387	159.891927	159.989583	E5	74	80	0	0	21615	P1-120-10	0	-
1388	159.994792	160.062500	B5	76	80	0	0	21630	P1-120-11	0	-
1389	160.057292	160.134115	D6	76	80	0	0	21645	P1-120-12	0	-
1390	160.140625	160.718750	A2	66	80	0	0	21660	P1-121-13	0	-
1391	160.153646	160.222656	B5	66	80	0	0	21660	P1-121-1	0	-
1392	160.242188	160.348958	E5	73	80	0	0	21675	P1-121-2	0	-
1393	160.300781	160.404948	B5	80	80	0	0	21690	P1-121-3	0	-
1394	160.402344	160.579427	C6	84	80	0	0	21705	P1-121-4	0	-
1395	160.572917	160.682292	A5	88	80	0	0	21720	P1-121-5	0	-
1396	160.572917	161.539062	E3	89	80	0	0	21720	P1-121-14	0	-
1397	160.726562	160.807292	E5	72	80	0	0	21735	P1-121-6	0	-
1398	160.805990	160.884115	A5	73	80	0	0	21750	P1-121-7	0	-
1399	160.884115	160.971354	C6	74	80	0	0	21765	P1-121-8	0	-
1400	160.968750	161.329427	A2	71	80	0	0	21780	P1-121-15	0	-
1401	160.985677	161.048177	A5	76	80	0	0	21780	P1-121-9	0	-
1402	161.061198	161.135417	E5	74	80	0	0	21795	P1-121-10	0	-
1403	161.140625	161.223958	A5	75	80	0	0	21810	P1-121-11	0	-
1404	161.220052	161.295573	C6	78	80	0	0	21825	P1-121-12	0	-
1405	161.308594	161.399740	A5	73	80	0	0	21840	P1-122-1	0	-
1406	161.313802	161.908854	B2	81	80	0	0	21840	P1-122-13	0	-
1407	161.402344	161.466146	D5	75	80	0	0	21855	P1-122-2	0	-
1408	161.402344	161.408854	D6	74	80	0	0	21855	P1-122-2	0	-
1409	161.480469	161.575521	A5	73	80	0	0	21870	P1-122-3	0	-
1410	161.566406	161.712240	B5	85	80	0	0	21885	P1-122-4	0	-
1411	161.682292	162.378906	E3	85	80	0	0	21900	P1-122-14	0	-
1412	161.683594	161.787760	G#5	89	80	0	0	21900	P1-122-5	0	-
1413	161.812500	161.891927	D5	77	80	0	0	21915	P1-122-6	0	-
1414	161.902344	161.975260	G#5	80	80	0	0	21930	P1-122-7	0	-
1415	161.981771	162.079427	B5	73	80	0	0	21945	P1-122-8	0	-
1416	162.082031	162.408854	B2	69	80	0	0	21960	P1-122-15	0	-
1417	162.083333	162.160156	G#5	71	80	0	0	21960	P1-122-9	0	-
1418	162.167969	162.246094	D5	76	80	0	0	21975	P1-122-10	0	-
1419	162.263021	162.339844	G#5	71	80	0	0	21990	P1-122-11	0	-
1420	162.335938	162.441406	B5	71	80	0	0	22005	P1-122-12	0	-
1421	162.429688	162.878906	C3	79	80	0	0	22020	P1-123-13	0	-
1422	162.433594	162.511719	G#5	71	80	0	0	22020	P1-123-1	0	-
1423	162.523438	162.601562	C5	69	80	0	0	22035	P1-123-2	0	-
1424	162.615885	162.695312	G#5	76	80	0	0	22050	P1-123-3	0	-
1425	162.694010	162.802083	B5	79	80	0	0	22065	P1-123-4	0	-
1426	162.787760	162.877604	G#5	78	80	0	0	22080	P1-123-5	0	-
1427	162.791667	163.299479	E3	89	80	0	0	22080	P1-123-14	0	-
1428	162.876302	162.964844	A5	76	80	0	0	22095	P1-123-6	0	-
1429	162.976562	163.040365	C5	81	80	0	0	22110	P1-123-7	0	-
1430	163.071615	163.170573	A5	84	80	0	0	22125	P1-123-8	0	-
1431	163.148438	163.243490	G#5	82	80	0	0	22140	P1-123-9	0	-
1432	163.162760	163.378906	C3	79	80	0	0	22140	P1-123-15	0	-
1433	163.248698	163.333333	A5	88	80	0	0	22155	P1-123-10	0	-
1434	163.345052	163.415365	C5	77	80	0	0	22170	P1-123-11	0	-
1435	163.433594	163.539062	A5	87	80	0	0	22185	P1-123-12	0	-
1436	163.544271	163.653646	A5	77	80	0	0	22200	P1-124-1	0	-
1437	163.553385	164.179688	Eb3	68	80	0	0	22200	P1-124-13	0	-
1438	163.654948	163.733073	B4	73	80	0	0	22215	P1-124-2	0	-
1439	163.747396	163.826823	A5	80	80	0	0	22230	P1-124-3	0	-
1440	163.834635	163.927083	B5	82	80	0	0	22245	P1-124-4	0	-
1441	163.891927	164.319010	B3	93	80	0	0	22260	P1-124-14	0	-
1442	163.917969	164.014323	A5	74	80	0	0	22260	P1-124-5	0	-
1443	164.026042	164.128906	B4	70	80	0	0	22275	P1-124-6	0	-
1444	164.061198	164.113281	C5	67	80	0	0	22275	P1-124-6	0	-
1445	164.121094	164.214844	A5	83	80	0	0	22290	P1-124-7	0	-
1446	164.204427	164.289062	B5	82	80	0	0	22305	P1-124-8	0	-
1447	164.287760	164.365885	A5	77	80	0	0	22320	P1-124-9	0	-
1448	164.304688	164.649740	Eb3	70	80	0	0	22320	P1-124-15	0	-
1449	164.380208	164.457031	B4	84	80	0	0	22335	P1-124-10	0	-
1450	164.477865	164.582031	A5	85	80	0	0	22350	P1-124-11	0	-
1451	164.565104	164.695312	B5	78	80	0	0	22365	P1-124-12	0	-
1452	164.645833	165.269531	E3	71	80	0	0	22380	P1-125-13	0	-
1453	164.652344	164.743490	A5	74	80	0	0	22380	P1-125-1	0	-
1454	164.744792	164.829427	B4	78	80	0	0	22395	P1-125-2	0	-
1455	164.848958	164.945312	A5	82	80	0	0	22410	P1-125-3	0	-
1456	164.928385	165.015625	B5	83	80	0	0	22425	P1-125-4	0	-
1457	165.005208	165.750000	C4	88	80	0	0	22440	P1-125-14	0	-
1458	165.010417	165.085938	A5	80	80	0	0	22440	P1-125-5	0	-
1459	165.102865	165.180990	B4	77	80	0	0	22455	P1-125-6	0	-
1460	165.197917	165.282552	A5	81	80	0	0	22470	P1-125-7	0	-
1461	165.286458	165.369792	B5	74	80	0	0	22485	P1-125-8	0	-
1462	165.373698	165.432292	A5	73	80	0	0	22500	P1-125-9	0	-
1463	165.373698	165.869792	E3	80	80	0	0	22500	P1-125-15	0	-
1464	165.445312	165.516927	B4	81	80	0	0	22515	P1-125-10	0	-
1465	165.544271	165.626302	A5	81	80	0	0	22530	P1-125-11	0	-
1466	165.631510	165.708333	B5	81	80	0	0	22545	P1-125-12	0	-
1467	165.712240	165.968750	F#3	85	80	0	0	22560	P1-126-13	0	-
1468	165.720052	165.792969	A5	71	80	0	0	22560	P1-126-1	0	-
1469	165.800781	165.875000	B4	78	80	0	0	22575	P1-126-2	0	-
1470	165.901042	165.993490	A5	79	80	0	0	22590	P1-126-3	0	-
1471	165.983073	166.082031	B5	87	80	0	0	22605	P1-126-4	0	-
1472	166.074219	166.619792	Eb4	99	80	0	0	22620	P1-126-14	0	-
1473	166.076823	166.152344	A5	83	80	0	0	22620	P1-126-5	0	-
1474	166.162760	166.240885	B4	76	80	0	0	22635	P1-126-6	0	-
1475	166.272135	166.356771	A5	78	80	0	0	22650	P1-126-7	0	-
1476	166.347656	166.446615	B5	76	80	0	0	22665	P1-126-8	0	-
1477	166.425781	166.535156	F#3	75	80	0	0	22680	P1-126-15	0	-
1478	166.476562	166.579427	B4	69	80	0	0	22695	P1-126-10	0	-
1479	166.575521	166.686198	A5	82	80	0	0	22710	P1-126-11	0	-
1480	166.677083	166.752604	B5	69	80	0	0	22725	P1-126-12	0	-
1481	166.751302	166.832031	G5	85	80	0	0	22740	P1-127-1	0	-
1482	166.792969	167.229167	G3	85	80	0	0	22740	P1-127-13	0	-
1483	166.843750	166.933594	B4	78	80	0	0	22755	P1-127-2	0	-
1484	166.954427	167.033854	G5	76	80	0	0	22770	P1-127-3	0	-
1485	167.022135	167.123698	B5	80	80	0	0	22785	P1-127-4	0	-
1486	167.113281	167.183594	G5	85	80	0	0	22800	P1-127-5	0	-
1487	167.141927	167.669271	E4	89	80	0	0	22800	P1-127-14	0	-
1488	167.192708	167.256510	B4	81	80	0	0	22815	P1-127-6	0	-
1489	167.274740	167.356771	G5	72	80	0	0	22830	P1-127-7	0	-
1490	167.356771	167.479167	B5	79	80	0	0	22845	P1-127-8	0	-
1491	167.432292	167.649740	G3	83	80	0	0	22860	P1-127-15	0	-
1492	167.510417	167.598958	B5	92	80	0	0	22860	P1-127-9	0	-
1493	167.617188	167.695312	F5	77	80	0	0	22875	P1-127-10	0	-
1494	167.701823	167.785156	C6	80	80	0	0	22890	P1-127-11	0	-
1495	167.703125	167.772135	B5	81	80	0	0	22890	P1-127-11	0	-
1496	167.778646	167.877604	E6	83	80	0	0	22905	P1-127-12	0	-
1497	167.861979	167.962240	C6	86	80	0	0	22920	P1-128-1	0	-
1498	167.861979	168.039062	A3	94	80	0	0	22920	P1-128-13	0	-
1499	167.977865	168.062500	E5	78	80	0	0	22935	P1-128-2	0	-
1500	168.080729	168.166667	C6	84	80	0	0	22950	P1-128-3	0	-
1501	168.161458	168.257812	E6	88	80	0	0	22965	P1-128-4	0	-
1502	168.231771	168.759115	F#4	101	80	0	0	22980	P1-128-14	0	-
1503	168.244792	168.328125	C6	87	80	0	0	22980	P1-128-5	0	-
1504	168.339844	168.416667	E5	80	80	0	0	22995	P1-128-6	0	-
1505	168.441406	168.535156	C6	76	80	0	0	23010	P1-128-7	0	-
1506	168.527344	168.718750	E6	88	80	0	0	23025	P1-128-8	0	-
1507	168.576823	168.878906	A3	86	80	0	0	23040	P1-128-15	0	-
1508	168.605469	168.680990	C6	68	80	0	0	23040	P1-128-9	0	-
1509	168.692708	168.753906	E5	78	80	0	0	23055	P1-128-10	0	-
1510	168.766927	168.855469	C6	74	80	0	0	23070	P1-128-11	0	-
1511	168.852865	168.970052	E6	85	80	0	0	23085	P1-128-12	0	-
1512	168.942708	169.408854	Bb3	96	80	0	0	23100	P1-129-13	0	-
1513	168.953125	169.062500	C#6	87	80	0	0	23100	P1-129-1	0	-
1514	169.062500	169.164062	G5	80	80	0	0	23115	P1-129-2	0	-
1515	169.147135	169.234375	C#6	67	80	0	0	23130	P1-129-3	0	-
1516	169.231771	169.332031	E6	85	80	0	0	23145	P1-129-4	0	-
1517	169.304688	169.729167	G4	99	80	0	0	23160	P1-129-14	0	-
1518	169.326823	169.414062	C#6	81	80	0	0	23160	P1-129-5	0	-
1519	169.423177	169.518229	G5	78	80	0	0	23175	P1-129-6	0	-
1520	169.519531	169.623698	C#6	83	80	0	0	23190	P1-129-7	0	-
1521	169.618490	169.779948	E6	81	80	0	0	23205	P1-129-8	0	-
1522	169.666667	169.809896	Bb3	87	80	0	0	23220	P1-129-15	0	-
1523	169.783854	169.871094	G5	89	80	0	0	23235	P1-129-10	0	-
1524	169.867188	169.934896	C#6	82	80	0	0	23250	P1-129-11	0	-
1525	169.920573	170.020833	E6	73	80	0	0	23265	P1-129-12	0	-
1526	170.015625	170.117188	B5	86	80	0	0	23280	P1-130-1	0	-
1527	170.016927	170.750000	B3	98	80	0	0	23280	P1-130-13	0	-
1528	170.108073	170.192708	G5	81	80	0	0	23295	P1-130-2	0	-
1529	170.205729	170.283854	B5	81	80	0	0	23310	P1-130-3	0	-
1530	170.287760	170.378906	E6	89	80	0	0	23325	P1-130-4	0	-
1531	170.375000	170.779948	E4	86	80	0	0	23340	P1-130-14	0	-
1532	170.375000	170.475260	G6	90	80	0	0	23340	P1-130-5	0	-
1533	170.470052	170.571615	F#6	87	80	0	0	23355	P1-130-6	0	-
1534	170.565104	170.662760	E6	85	80	0	0	23370	P1-130-7	0	-
1535	170.652344	170.725260	D#6	89	80	0	0	23385	P1-130-8	0	-
1536	170.739583	171.209635	G4	88	80	0	0	23400	P1-130-15	0	-
1537	170.746094	170.813802	E6	76	80	0	0	23400	P1-130-9	0	-
1538	170.826823	170.884115	D#6	77	80	0	0	23415	P1-130-10	0	-
1539	170.826823	170.839844	Eb7	75	80	0	0	23415	P1-130-10	0	-
1540	170.906250	170.993490	E6	73	80	0	0	23430	P1-130-11	0	-
1541	170.985677	171.058594	F#6	90	80	0	0	23445	P1-130-12	0	-
1542	171.075521	171.628906	B4	92	80	0	0	23460	P1-131-13	0	-
1543	171.080729	171.174479	G6	91	80	0	0	23460	P1-131-1	0	-
1544	171.178385	171.257812	F#6	76	80	0	0	23475	P1-131-2	0	-
1545	171.259115	171.378906	E6	84	80	0	0	23490	P1-131-3	0	-
1546	171.354167	171.416667	D#6	85	80	0	0	23505	P1-131-4	0	-
1547	171.432292	171.540365	G6	90	80	0	0	23520	P1-131-5	0	-
1548	171.441406	171.503906	E5	75	80	0	0	23520	P1-131-14	0	-
1549	171.523438	171.622396	F#6	86	80	0	0	23535	P1-131-6	0	-
1550	171.613281	171.723958	E6	87	80	0	0	23550	P1-131-7	0	-
1551	171.713542	171.794271	D#6	94	80	0	0	23565	P1-131-8	0	-
1552	171.804688	171.929688	G6	99	80	0	0	23580	P1-131-9	0	-
1553	171.804688	171.888021	G5	96	80	0	0	23580	P1-131-15	0	-
1554	171.904948	172.015625	F#6	87	80	0	0	23595	P1-131-10	0	-
1555	172.000000	172.127604	E6	89	80	0	0	23610	P1-131-11	0	-
1556	172.113281	172.214844	D#6	93	80	0	0	23625	P1-131-12	0	-
1557	172.203125	172.356771	G6	104	80	0	0	23640	P1-132-1	0	-
1558	172.321615	172.434896	F#6	90	80	0	0	23655	P1-132-2	0	-
1559	172.421875	172.535156	E6	84	80	0	0	23670	P1-132-3	0	-
1560	172.524740	172.609375	D#6	86	80	0	0	23685	P1-132-4	0	-
1561	172.614583	172.859375	E6	86	80	0	0	23700	P1-132-5	0	-
1562	172.615885	172.710938	G5	91	80	0	0	23700	P1-132-8	0	-
1563	172.700521	172.789062	F#5	78	80	0	0	23715	P1-132-9	0	-
1564	172.785156	172.858073	E5	69	80	0	0	23730	P1-132-10	0	-
1565	172.871094	172.989583	D#5	73	80	0	0	23745	P1-132-11	0	-
1566	172.934896	173.188802	E5	79	80	0	0	23760	P1-132-12	0	-
1567	173.524740	173.796875	G6	83	80	0	0	23820	P1-133-1	0	-
1568	173.752604	173.989583	F#6	84	80	0	0	23850	P1-133-2	0	-
1569	173.941406	174.207031	G5	77	80	0	0	23880	P1-133-7	0	-
1570	173.973958	174.201823	E6	69	80	0	0	23880	P1-133-3	0	-
1571	174.174479	174.417969	F#5	83	80	0	0	23910	P1-133-8	0	-
1572	174.386719	174.571615	E5	70	80	0	0	23940	P1-133-9	0	-
1573	174.432292	174.555990	E6	62	80	0	0	23940	P1-133-5	0	-
1574	174.570312	174.789062	D#5	74	80	0	0	23970	P1-133-10	0	-
1575	174.718750	174.809896	F5	53	80	0	0	24000	P1-134-4	0	-
1576	174.721354	174.919271	E5	53	80	0	0	24000	P1-134-4	0	-
1577	174.807292	175.239583	G6	83	80	0	0	24000	P1-134-1	0	-
1578	175.201823	175.598958	F#6	87	80	0	0	24060	P1-134-2	0	-
1579	175.552083	176.014323	G5	80	80	0	0	24120	P1-134-6	0	-
1580	175.558594	175.938802	G6	74	80	0	0	24120	P1-134-6	0	-
1581	175.566406	175.979167	E6	66	80	0	0	24120	P1-134-3	0	-
1582	175.947917	176.343750	F#5	66	80	0	0	24180	P1-135-4	0	-
1583	175.953125	176.408854	D#6	66	80	0	0	24180	P1-135-1	0	-
1584	176.356771	177.049479	E6	59	80	0	0	24240	P1-135-2	0	-
1585	176.360677	176.779948	E5	62	80	0	0	24240	P1-135-5	0	-
1586	176.707031	177.750000	D#5	54	80	0	0	24300	P1-135-6	0	-
1587	177.139323	178.209635	G6	71	80	0	0	24360	P1-136-1	0	-
1588	177.148438	177.919271	E5	52	80	0	0	24360	P1-136-3	0	-
1589	177.937500	178.459635	F#6	63	80	0	0	24480	P1-136-2	0	-
1590	178.325521	179.169271	G5	62	80	0	0	24540	P1-137-4	0	-
1591	178.753906	179.229167	E6	57	80	0	0	24600	P1-137-2	0	-
1592	179.135417	179.789062	F#5	66	80	0	0	24660	P1-137-5	0	-
1593	179.557292	180.399740	G4	70	80	0	0	24720	P1-138-1	0	-
1594	179.945312	180.759115	E5	57	80	0	0	24780	P1-138-5	0	-
1595	180.341146	180.524740	F#4	70	80	0	0	24840	P1-138-2	0	-
1596	180.536458	180.688802	E4	57	80	0	0	24870	P1-138-3	0	-
1597	180.783854	181.549479	E4	52	80	0	0	24900	P1-139-1	0	-
1598	180.815104	181.279948	G4	47	80	0	0	24900	P1-139-4	0	-
1599	181.528646	181.684896	F#4	56	80	0	0	25020	P1-139-5	0	-
1600	181.712240	181.839844	E4	58	80	0	0	25050	P1-139-6	0	-
1601	181.934896	182.429688	E4	51	80	0	0	25080	P1-140-5	0	-
1602	182.322917	182.519531	G4	60	80	0	0	25140	P1-140-2	0	-
1603	182.708333	182.899740	G4	53	80	0	0	25200	P1-140-7	0	-
1604	182.710938	182.884115	F#4	53	80	0	0	25200	P1-140-3	0	-
1605	182.888021	183.061198	E4	39	80	0	0	25230	P1-140-4	0	-
1606	183.075521	183.279948	F#4	62	80	0	0	25260	P1-141-6	0	-
1607	183.261719	183.369792	E4	64	80	0	0	25290	P1-141-7	0	-
1608	183.472656	183.532552	E4	53	80	0	0	25320	P1-141-8	0	-
1609	183.654948	183.869792	G4	59	80	0	0	25350	P1-141-3	0	-
1610	183.850260	184.011719	F#4	62	80	0	0	25380	P1-141-4	0	-
1611	184.033854	184.244792	G5	65	80	0	0	25410	P1-141-10	0	-
1612	184.042969	184.589844	E4	53	80	0	0	25410	P1-141-5	0	-
1613	184.242188	184.399740	F#5	61	80	0	0	25440	P1-142-7	0	-
1614	184.407552	184.611979	G6	82	80	0	0	25470	P1-142-2	0	-
1615	184.427083	184.589844	E5	62	80	0	0	25470	P1-142-8	0	-
1616	184.589844	184.779948	F#6	86	80	0	0	25500	P1-142-3	0	-
1617	184.761719	184.949219	E6	83	80	0	0	25530	P1-142-4	0	-
1618	184.765625	184.992188	G5	81	80	0	0	25530	P1-142-10	0	-
1619	184.954427	185.132812	F#5	82	80	0	0	25560	P1-142-11	0	-
1620	185.104167	185.319010	E5	79	80	0	0	25590	P1-142-12	0	-
1621	185.164062	185.378906	G4	89	80	0	0	25590	P1-142-6	0	-
1622	185.338542	185.498698	F#4	90	80	0	0	25620	P1-143-1	0	-
1623	185.488281	185.709635	G3	84	80	0	0	25650	P1-143-6	0	-
1624	185.490885	185.729167	E4	81	80	0	0	25650	P1-143-2	0	-
1625	185.661458	185.839844	F#3	86	80	0	0	25680	P1-143-7	0	-
1626	185.723958	185.789062	F4	51	80	0	0	25680	P1-143-7	0	-
1627	185.834635	185.894531	E3	83	80	0	0	25710	P1-143-8	0	-
1628	186.016927	186.076823	G4	93	80	0	0	25740	P1-143-4	0	-
1629	186.018229	186.074219	E3	89	80	0	0	25740	P1-143-9	0	-
1630	186.441406	187.039062	G4	92	80	0	0	25800	P1-144-1	0	-
1631	186.446615	187.039062	E3	83	80	0	0	25800	P1-144-13	0	-
1632	186.446615	187.169271	E2	74	80	0	0	25800	P1-144-12	0	-
1633	186.447917	187.029948	G3	90	80	0	0	25800	P1-144-3	0	-
1634	186.450521	187.059896	E4	86	80	0	0	25800	P1-144-5	0	-
1635	186.453125	186.769531	B3	86	80	0	0	25800	P1-144-4	0	-
1636	186.973958	187.169271	F#4	95	80	0	0	25890	P1-144-9	0	-
1637	187.175781	187.263021	E4	92	80	0	0	25920	P1-144-11	0	-
1638	187.175781	187.226562	E3	81	80	0	0	25920	P1-144-15	0	-
1639	187.175781	187.244792	G3	86	80	0	0	25920	P1-144-10	0	-
1640	187.183594	187.244792	E2	67	80	0	0	25920	P1-144-14	0	-
1641	187.589844	187.859375	A4	91	80	0	0	25980	P1-145-3	0	-
1642	187.593750	187.718750	A3	90	80	0	0	25980	P1-145-1	0	-
1643	187.593750	187.819010	F#4	84	80	0	0	25980	P1-145-2	0	-
1644	187.595052	187.652344	D2	84	80	0	0	25980	P1-145-7	0	-
1645	187.598958	187.651042	D3	88	80	0	0	25980	P1-145-8	0	-
1646	187.601562	187.609375	D4	76	80	0	0	25980	P1-145-8	0	-
1647	188.361979	188.492188	A4	65	80	0	0	26100	P1-145-6	0	-
1648	188.401042	188.509115	A3	34	80	0	0	26100	P1-145-6	0	-
1649	188.403646	188.485677	D4	44	80	0	0	26100	P1-145-10	0	-
1650	188.404948	188.494792	F#4	46	80	0	0	26100	P1-145-5	0	-
1651	188.834635	189.468750	A4	76	80	0	0	26160	P1-146-2	0	-
1652	188.861979	189.449219	D4	49	80	0	0	26160	P1-146-7	0	-
1653	188.864583	189.348958	C4	48	80	0	0	26160	P1-146-6	0	-
1654	188.875000	189.408854	F#4	52	80	0	0	26160	P1-146-1	0	-
1655	189.428385	189.552083	G4	61	80	0	0	26250	P1-146-3	0	-
1656	189.451823	189.563802	B3	51	80	0	0	26250	P1-146-8	0	-
1657	189.459635	189.565104	D4	42	80	0	0	26250	P1-146-9	0	-
1658	189.634115	189.803385	A4	57	80	0	0	26280	P1-146-5	0	-
1659	189.654948	189.786458	A3	45	80	0	0	26280	P1-146-10	0	-
1660	189.654948	189.792969	F#4	56	80	0	0	26280	P1-146-4	0	-
1661	189.664062	189.669271	C4	41	80	0	0	26280	P1-146-11	0	-
1662	190.072917	190.289062	G4	57	80	0	0	26340	P1-147-1	0	-
1663	190.074219	190.269531	G3	54	80	0	0	26340	P1-147-8	0	-
1664	190.074219	190.309896	B4	62	80	0	0	26340	P1-147-2	0	-
1665	190.074219	190.299479	B3	53	80	0	0	26340	P1-147-9	0	-
1666	190.752604	190.825521	B4	91	80	0	0	26460	P1-147-7	0	-
1667	190.753906	190.815104	B3	87	80	0	0	26460	P1-147-4	0	-
1668	190.756510	190.824219	D4	88	80	0	0	26460	P1-147-5	0	-
1669	190.760417	190.820312	G2	88	80	0	0	26460	P1-147-11	0	-
1670	190.761719	190.813802	G3	94	80	0	0	26460	P1-147-12	0	-
1671	190.761719	190.839844	G4	88	80	0	0	26460	P1-147-6	0	-
1672	191.213542	191.549479	B4	89	80	0	0	26520	P1-148-1	0	-
1673	191.216146	191.579427	D4	87	80	0	0	26520	P1-148-4	0	-
1674	191.220052	191.709635	B3	86	80	0	0	26520	P1-148-3	0	-
1675	191.222656	191.688802	G2	91	80	0	0	26520	P1-148-12	0	-
1676	191.222656	191.718750	G3	97	80	0	0	26520	P1-148-13	0	-
1677	191.223958	191.759115	F4	83	80	0	0	26520	P1-148-5	0	-
1678	191.730469	191.959635	A4	97	80	0	0	26610	P1-148-9	0	-
1679	191.912760	191.988281	G4	88	80	0	0	26640	P1-148-11	0	-
1680	191.915365	191.979167	G2	82	80	0	0	26640	P1-148-15	0	-
1681	191.915365	192.009115	G3	84	80	0	0	26640	P1-148-15	0	-
1682	191.916667	192.039062	G1	79	80	0	0	26640	P1-148-14	0	-
1683	191.917969	191.988281	B3	80	80	0	0	26640	P1-148-10	0	-
1684	192.335938	192.619792	C#5	90	80	0	0	26700	P1-149-3	0	-
1685	192.339844	192.509115	C#4	88	80	0	0	26700	P1-149-1	0	-
1686	192.342448	192.489583	F#4	86	80	0	0	26700	P1-149-1	0	-
1687	192.343750	192.391927	F#1	80	80	0	0	26700	P1-149-7	0	-
1688	192.343750	192.393229	F#2	82	80	0	0	26700	P1-149-8	0	-
1689	193.153646	193.559896	C#5	73	80	0	0	26820	P1-149-6	0	-
1690	193.180990	193.569010	Bb4	65	80	0	0	26820	P1-149-5	0	-
1691	193.188802	193.552083	F#4	57	80	0	0	26820	P1-149-10	0	-
1692	193.699219	194.369792	C#5	70	80	0	0	26880	P1-150-2	0	-
1693	193.712240	194.299479	F#4	59	80	0	0	26880	P1-150-7	0	-
1694	193.714844	194.279948	Bb4	65	80	0	0	26880	P1-150-1	0	-
1695	193.717448	194.389323	E4	57	80	0	0	26880	P1-150-6	0	-
1696	194.303385	194.467448	B4	74	80	0	0	26970	P1-150-3	0	-
1697	194.307292	194.519531	D4	49	80	0	0	26970	P1-150-8	0	-
1698	194.313802	194.500000	F#4	49	80	0	0	26970	P1-150-9	0	-
1699	194.510417	194.889323	C#4	55	80	0	0	27000	P1-150-10	0	-
1700	194.518229	194.799479	Bb4	57	80	0	0	27000	P1-150-4	0	-
1701	194.555990	194.938802	E4	46	80	0	0	27000	P1-150-11	0	-
1702	194.976562	195.429688	D5	67	80	0	0	27060	P1-151-2	0	-
1703	195.002604	195.529948	B4	55	80	0	0	27060	P1-151-1	0	-
1704	195.006510	195.729167	D4	43	80	0	0	27060	P1-151-6	0	-
1705	195.010417	195.889323	B3	44	80	0	0	27060	P1-151-5	0	-
1706	195.789062	197.128906	D5	75	80	0	0	27180	P1-151-4	0	-
1707	196.269531	197.750000	G4	52	80	0	0	27240	P1-152-7	0	-
1708	196.279948	197.019531	D4	47	80	0	0	27240	P1-152-4	0	-
1709	196.291667	197.500000	B3	52	80	0	0	27240	P1-152-6	0	-
1710	196.714844	198.169271	G5	80	80	0	0	27300	P1-152-2	0	-
1711	197.095052	197.949219	E5	71	80	0	0	27360	P1-152-3	0	-
1712	197.097656	197.779948	E4	52	80	0	0	27360	P1-152-5	0	-
1713	197.514323	197.529948	A3	42	80	0	0	27420	P1-153-6	0	-
1714	197.520833	198.069010	D5	71	80	0	0	27420	P1-153-1	0	-
1715	197.587240	198.339844	C4	46	80	0	0	27480	P1-153-2	0	-
1716	197.789062	198.119792	E4	27	80	0	0	27480	P1-153-2	0	-
1717	197.945312	198.339844	C5	73	80	0	0	27480	P1-153-2	0	-
1718	198.316406	198.864583	D#4	75	80	0	0	27540	P1-153-8	0	-
1719	198.345052	199.408854	C5	55	80	0	0	27540	P1-153-3	0	-
1720	198.395833	198.929688	F#4	56	80	0	0	27540	P1-153-5	0	-
1721	198.770833	199.968750	D4	62	80	0	0	27600	P1-154-6	0	-
1722	199.205729	199.709635	A5	75	80	0	0	27660	P1-154-2	0	-
1723	199.671875	200.619792	C5	68	80	0	0	27720	P1-154-3	0	-
1724	199.692708	200.209635	F#4	54	80	0	0	27720	P1-154-7	0	-
1725	200.117188	201.000000	G4	61	80	0	0	27780	P1-155-4	0	-
1726	200.523438	200.829427	B4	71	80	0	0	27840	P1-155-2	0	-
1727	201.019531	201.809896	B4	80	80	0	0	27900	P1-155-3	0	-
1728	201.067708	201.485677	G3	46	80	0	0	27900	P1-155-5	0	-
1729	201.468750	202.878906	E3	49	80	0	0	27960	P1-156-4	0	-
1730	201.881510	202.109375	G4	66	80	0	0	28020	P1-156-2	0	-
1731	202.342448	203.539062	G4	59	80	0	0	28080	P1-156-3	0	-
1732	202.364583	202.899740	E4	47	80	0	0	28080	P1-156-5	0	-
1733	202.842448	204.098958	C4	41	80	0	0	28140	P1-157-4	0	-
1734	203.272135	203.529948	E4	48	80	0	0	28200	P1-157-2	0	-
1735	203.845052	204.889323	E4	54	80	0	0	28260	P1-157-3	0	-
1736	203.861979	205.289062	C3	35	80	0	0	28260	P1-157-8	0	-
1737	204.338542	206.329427	C2	39	80	0	0	28320	P1-158-4	0	-
1738	204.894531	205.664062	G3	40	80	0	0	28380	P1-158-2	0	-
1739	204.898438	207.500000	E4	33	80	0	0	28380	P1-158-2	0	-
1740	205.665365	206.979167	E3	38	80	0	0	28440	P1-158-3	0	-
1741	206.867188	208.519531	B3	35	80	0	0	28500	P1-159-2	0	-
1742	206.871094	208.769531	D#3	30	80	0	0	28500	P1-159-1	0	-
1743	206.875000	208.589844	B1	29	80	0	0	28500	P1-159-5	0	-
1744	206.878906	208.688802	B2	26	80	0	0	28500	P1-159-6	0	-
1745	209.885417	211.589844	E6	72	80	0	0	28620	P1-159-4	0	-
1746	209.911458	211.399740	E5	56	80	0	0	28620	P1-159-3	0	-
1747	210.282552	210.750000	G2	33	80	0	0	28680	P1-160-7	0	-
1748	210.615885	211.009115	E3	40	80	0	0	28680	P1-160-9	0	-
1749	210.921875	211.179688	B3	48	80	0	0	28680	P1-160-8	0	-
1750	211.430990	211.729167	D#6	76	80	0	0	28770	P1-160-4	0	-
1751	211.477865	211.679688	D#5	54	80	0	0	28770	P1-160-3	0	-
1752	211.705729	211.859375	E6	76	80	0	0	28800	P1-160-6	0	-
1753	211.734375	211.848958	E5	50	80	0	0	28800	P1-160-5	0	-
1754	212.272135	213.119792	F#4	68	80	0	0	28860	P1-161-3	0	-
1755	212.324219	213.059896	A2	44	80	0	0	28860	P1-161-8	0	-
1756	212.324219	213.009115	E4	45	80	0	0	28860	P1-161-2	0	-
1757	212.333333	213.000000	C4	49	80	0	0	28860	P1-161-1	0	-
1758	213.130208	213.569010	F#4	76	80	0	0	28980	P1-161-6	0	-
1759	213.145833	213.649740	Bb2	59	80	0	0	28980	P1-161-10	0	-
1760	213.149740	213.628906	E4	69	80	0	0	28980	P1-161-5	0	-
1761	213.177083	213.509115	C#4	54	80	0	0	28980	P1-161-4	0	-
1762	213.748698	214.859375	F#4	74	80	0	0	29040	P1-162-1	0	-
1763	213.777344	215.579427	B2	51	80	0	0	29040	P1-162-14	0	-
1764	213.782552	215.378906	D#4	59	80	0	0	29040	P1-162-4	0	-
1765	213.782552	215.188802	A3	52	80	0	0	29040	P1-162-3	0	-
1766	214.718750	215.158854	G4	72	80	0	0	29130	P1-162-7	0	-
1767	215.092448	215.369792	A4	60	80	0	0	29160	P1-162-10	0	-
1768	215.316406	215.619792	G4	72	80	0	0	29190	P1-162-13	0	-
1769	215.583333	216.279948	F#4	70	80	0	0	29220	P1-163-1	0	-
1770	215.587240	216.729167	G3	52	80	0	0	29220	P1-163-6	0	-
1771	215.614583	216.688802	C3	45	80	0	0	29220	P1-163-5	0	-
1772	216.149740	216.389323	E4	63	80	0	0	29280	P1-163-2	0	-
1773	216.696615	218.279948	E6	85	80	0	0	29340	P1-163-4	0	-
1774	216.714844	217.839844	E5	67	80	0	0	29340	P1-163-3	0	-
1775	216.734375	217.032552	B2	45	80	0	0	29340	P1-163-7	0	-
1776	217.013021	217.269531	A2	45	80	0	0	29370	P1-163-8	0	-
1777	217.316406	217.679688	G2	47	80	0	0	29400	P1-164-9	0	-
1778	217.519531	218.218750	E3	46	80	0	0	29400	P1-164-7	0	-
1779	217.665365	218.098958	B3	57	80	0	0	29400	P1-164-8	0	-
1780	218.201823	218.468750	D#6	83	80	0	0	29490	P1-164-4	0	-
1781	218.240885	218.346354	D#5	65	80	0	0	29490	P1-164-3	0	-
1782	218.516927	218.839844	E6	82	80	0	0	29520	P1-164-6	0	-
1783	218.528646	218.759115	E5	72	80	0	0	29520	P1-164-5	0	-
1784	218.532552	218.819010	G#2	43	80	0	0	29520	P1-164-10	0	-
1785	219.225260	220.369792	F#4	74	80	0	0	29580	P1-165-3	0	-
1786	219.239583	220.109375	E4	64	80	0	0	29580	P1-165-2	0	-
1787	219.240885	220.169271	C4	64	80	0	0	29580	P1-165-1	0	-
1788	220.447917	221.069010	F#4	68	80	0	0	29700	P1-165-6	0	-
1789	220.492188	220.859375	Bb3	42	80	0	0	29700	P1-165-8	0	-
1790	220.498698	221.059896	E4	45	80	0	0	29700	P1-165-5	0	-
1791	220.502604	221.069010	C#4	44	80	0	0	29700	P1-165-4	0	-
1792	221.329427	223.089844	F#4	68	80	0	0	29760	P1-166-1	0	-
1793	221.381510	223.889323	A3	42	80	0	0	29760	P1-166-3	0	-
1794	221.386719	223.688802	D#4	48	80	0	0	29760	P1-166-4	0	-
1795	221.393229	225.229167	B2	38	80	0	0	29760	P1-166-15	0	-
1796	222.484375	223.209635	A4	52	80	0	0	29850	P1-166-7	0	-
1797	222.903646	223.438802	G4	64	80	0	0	29880	P1-166-10	0	-
1798	223.325521	224.169271	F#4	63	80	0	0	29910	P1-166-13	0	-
1799	224.071615	225.729167	E4	50	80	0	0	29940	P1-167-2	0	-
1800	224.096354	225.619792	G3	37	80	0	0	29940	P1-167-1	0	-
1801	224.097656	225.658854	E3	33	80	0	0	29940	P1-167-7	0	-
1802	224.101562	225.468750	B3	33	80	0	0	29940	P1-167-1	0	-
1803	224.108073	225.729167	E2	31	80	0	0	29940	P1-167-6	0	-
1804	227.731771	228.009115	G3	30	80	0	0	30060	P1-167-4	0	-
1805	227.738281	227.979167	G2	27	80	0	0	30060	P1-167-10	0	-
1806	227.743490	227.954427	G1	27	80	0	0	30060	P1-167-9	0	-
1807	228.255208	228.789062	G4	46	80	0	0	30120	P1-168-2	0	-
1808	228.274740	228.500000	B3	30	80	0	0	30120	P1-168-1	0	-
1809	228.281250	228.489583	G3	29	80	0	0	30120	P1-168-1	0	-
1810	228.282552	228.609375	G2	28	80	0	0	30120	P1-168-6	0	-
1811	228.286458	228.468750	G1	27	80	0	0	30120	P1-168-5	0	-
1812	229.095052	229.348958	C5	43	80	0	0	30240	P1-168-4	0	-
1813	229.122396	229.449219	C2	28	80	0	0	30240	P1-168-7	0	-
1814	229.125000	229.358073	C4	26	80	0	0	30240	P1-168-3	0	-
1815	229.127604	229.358073	C3	27	80	0	0	30240	P1-168-8	0	-
1816	229.596354	229.859375	C5	48	80	0	0	30300	P1-169-2	0	-
1817	229.614583	229.859375	C2	31	80	0	0	30300	P1-169-5	0	-
1818	229.617188	229.829427	C3	34	80	0	0	30300	P1-169-6	0	-
1819	229.621094	229.809896	C4	38	80	0	0	30300	P1-169-1	0	-
1820	230.419271	230.605469	G5	47	80	0	0	30420	P1-169-4	0	-
1821	230.432292	230.593750	G4	33	80	0	0	30420	P1-169-3	0	-
1822	230.436198	230.597656	G3	27	80	0	0	30420	P1-169-8	0	-
1823	230.437500	230.602865	G2	23	80	0	0	30420	P1-169-7	0	-
1824	230.890625	231.139323	G5	53	80	0	0	30480	P1-170-2	0	-
1825	230.914062	231.079427	G4	37	80	0	0	30480	P1-170-1	0	-
1826	230.914062	231.669271	G2	25	80	0	0	30480	P1-170-5	0	-
1827	230.914062	231.109375	G3	29	80	0	0	30480	P1-170-6	0	-
1828	231.675781	231.851562	C6	57	80	0	0	30600	P1-170-4	0	-
1829	231.694010	231.832031	C5	45	80	0	0	30600	P1-170-3	0	-
1830	231.712240	231.817708	C3	29	80	0	0	30600	P1-170-7	0	-
1831	232.164062	232.369792	C6	56	80	0	0	30660	P1-171-2	0	-
1832	232.173177	232.272135	C3	38	80	0	0	30660	P1-171-6	0	-
1833	232.174479	232.339844	C4	37	80	0	0	30660	P1-171-7	0	-
1834	232.179688	232.369792	C5	44	80	0	0	30660	P1-171-1	0	-
1835	232.925781	232.972656	F5	88	80	0	0	30780	P1-171-3	0	-
1836	232.927083	233.069010	F6	85	80	0	0	30780	P1-171-5	0	-
1837	232.933594	232.986979	G4	89	80	0	0	30780	P1-171-11	0	-
1838	232.934896	232.983073	D6	87	80	0	0	30780	P1-171-4	0	-
1839	232.934896	233.002604	B3	72	80	0	0	30780	P1-171-8	0	-
1840	232.937500	232.990885	F4	79	80	0	0	30780	P1-171-10	0	-
1841	232.937500	233.003906	D4	74	80	0	0	30780	P1-171-9	0	-
1842	233.421875	233.649740	G4	92	80	0	0	30840	P1-172-13	0	-
1843	233.421875	233.709635	F5	93	80	0	0	30840	P1-172-1	0	-
1844	233.421875	234.079427	F6	90	80	0	0	30840	P1-172-3	0	-
1845	233.424479	233.750000	D4	80	80	0	0	30840	P1-172-11	0	-
1846	233.424479	234.039062	F4	85	80	0	0	30840	P1-172-12	0	-
1847	233.424479	233.889323	B3	78	80	0	0	30840	P1-172-10	0	-
1848	234.057292	234.201823	E6	92	80	0	0	30930	P1-172-4	0	-
1849	234.166667	234.272135	D6	89	80	0	0	30945	P1-172-5	0	-
1850	234.264323	234.334635	C6	83	80	0	0	30960	P1-172-6	0	-
1851	234.359375	234.505208	B5	86	80	0	0	30975	P1-172-7	0	-
1852	234.455729	234.571615	A5	83	80	0	0	30990	P1-172-8	0	-
1853	234.540365	234.641927	G5	86	80	0	0	31005	P1-172-9	0	-
1854	234.623698	234.691406	F5	85	80	0	0	31020	P1-173-1	0	-
1855	234.703125	234.807292	E5	86	80	0	0	31035	P1-173-2	0	-
1856	234.796875	234.868490	D5	90	80	0	0	31050	P1-173-3	0	-
1857	234.872396	234.947917	C5	80	80	0	0	31065	P1-173-4	0	-
1858	234.958333	235.059896	B4	90	80	0	0	31080	P1-173-5	0	-
1859	235.044271	235.111979	A4	80	80	0	0	31090	P1-173-6	0	-
1860	235.110677	235.184896	G4	80	80	0	0	31100	P1-173-7	0	-
1861	235.184896	235.255208	F4	81	80	0	0	31110	P1-173-8	0	-
1862	235.269531	235.351562	E4	86	80	0	0	31120	P1-173-9	0	-
1863	235.345052	235.428385	D4	82	80	0	0	31130	P1-173-10	0	-
1864	235.423177	235.497396	C4	78	80	0	0	31140	P1-173-11	0	-
1865	235.496094	235.587240	B3	81	80	0	0	31152	P1-173-12	0	-
1866	235.570312	235.626302	A3	84	80	0	0	31164	P1-173-13	0	-
1867	235.658854	235.746094	G3	79	80	0	0	31176	P1-173-14	0	-
1868	235.738281	235.811198	F#3	86	80	0	0	31188	P1-173-15	0	-
1869	235.829427	235.886719	G3	94	80	0	0	31200	P1-174-1	0	-
1870	236.520833	236.570312	F4	84	80	0	0	31320	P1-174-5	0	-
1871	236.522135	236.574219	D4	79	80	0	0	31320	P1-174-4	0	-
1872	236.523438	236.566406	G3	86	80	0	0	31320	P1-174-3	0	-
1873	236.533854	236.571615	B2	85	80	0	0	31320	P1-174-9	0	-
1874	236.535156	236.574219	B1	79	80	0	0	31320	P1-174-8	0	-
1875	236.940104	237.069010	C4	83	80	0	0	31380	P1-175-2	0	-
1876	236.941406	237.003906	E4	81	80	0	0	31380	P1-175-3	0	-
1877	236.942708	236.996094	G3	90	80	0	0	31380	P1-175-1	0	-
1878	236.944010	236.993490	C3	92	80	0	0	31380	P1-175-10	0	-
1879	236.945312	237.039062	C2	83	80	0	0	31380	P1-175-9	0	-
1880	237.656250	237.722656	G#5	89	80	0	0	31500	P1-175-6	0	-
1881	237.656250	237.705729	D5	89	80	0	0	31500	P1-175-5	0	-
1882	237.656250	237.759115	D6	90	80	0	0	31500	P1-175-8	0	-
1883	237.657552	237.718750	B5	83	80	0	0	31500	P1-175-7	0	-
1884	237.660156	237.669271	E4	81	80	0	0	31500	P1-175-15	0	-
1885	237.661458	237.714844	D4	83	80	0	0	31500	P1-175-15	0	-
1886	237.665365	237.723958	B3	77	80	0	0	31500	P1-175-14	0	-
1887	237.666667	237.720052	E3	75	80	0	0	31500	P1-175-12	0	-
1888	237.673177	237.723958	G#3	71	80	0	0	31500	P1-175-13	0	-
1889	238.072917	238.739583	D4	84	80	0	0	31560	P1-176-14	0	-
1890	238.072917	238.658854	D6	93	80	0	0	31560	P1-176-4	0	-
1891	238.074219	238.739583	B3	88	80	0	0	31560	P1-176-13	0	-
1892	238.074219	238.250000	B5	89	80	0	0	31560	P1-176-3	0	-
1893	238.074219	238.899740	E3	83	80	0	0	31560	P1-176-11	0	-
1894	238.076823	238.699219	G#3	81	80	0	0	31560	P1-176-12	0	-
1895	238.076823	238.468750	G#5	89	80	0	0	31560	P1-176-2	0	-
1896	238.592448	238.696615	C6	95	80	0	0	31650	P1-176-5	0	-
1897	238.686198	238.770833	B5	90	80	0	0	31665	P1-176-6	0	-
1898	238.765625	238.854167	A5	87	80	0	0	31680	P1-176-7	0	-
1899	238.865885	238.964844	G#5	87	80	0	0	31695	P1-176-8	0	-
1900	238.959635	239.024740	F#5	86	80	0	0	31710	P1-176-9	0	-
1901	239.049479	239.132812	E5	80	80	0	0	31725	P1-176-10	0	-
1902	239.135417	239.216146	D5	84	80	0	0	31740	P1-177-1	0	-
1903	239.230469	239.296875	C5	70	80	0	0	31755	P1-177-2	0	-
1904	239.305990	239.361979	B4	85	80	0	0	31770	P1-177-3	0	-
1905	239.390625	239.459635	A4	82	80	0	0	31785	P1-177-4	0	-
1906	239.480469	239.601562	G#4	86	80	0	0	31800	P1-177-5	0	-
1907	239.566406	239.661458	F#4	88	80	0	0	31810	P1-177-6	0	-
1908	239.652344	239.726562	E4	79	80	0	0	31820	P1-177-7	0	-
1909	239.727865	239.795573	D4	81	80	0	0	31830	P1-177-8	0	-
1910	239.822917	239.888021	C4	75	80	0	0	31840	P1-177-9	0	-
1911	239.902344	239.985677	B3	84	80	0	0	31850	P1-177-10	0	-
1912	239.989583	240.071615	A3	76	80	0	0	31860	P1-177-11	0	-
1913	240.061198	240.138021	G#3	81	80	0	0	31872	P1-177-12	0	-
1914	240.131510	240.208333	F#3	79	80	0	0	31884	P1-177-13	0	-
1915	240.222656	240.307292	E3	84	80	0	0	31896	P1-177-14	0	-
1916	240.296875	240.385417	D#3	88	80	0	0	31908	P1-177-15	0	-
1917	240.391927	240.500000	E3	91	80	0	0	31920	P1-178-1	0	-
1918	241.130208	241.199219	E3	81	80	0	0	32040	P1-178-3	0	-
1919	241.130208	241.234375	D4	77	80	0	0	32040	P1-178-5	0	-
1920	241.130208	241.229167	G#1	85	80	0	0	32040	P1-178-8	0	-
1921	241.131510	241.221354	G#2	88	80	0	0	32040	P1-178-9	0	-
1922	241.134115	241.234375	B3	79	80	0	0	32040	P1-178-4	0	-
1923	241.571615	241.759115	C4	80	80	0	0	32100	P1-179-3	0	-
1924	241.572917	241.729167	A1	81	80	0	0	32100	P1-179-6	0	-
1925	241.574219	241.769531	A3	81	80	0	0	32100	P1-179-2	0	-
1926	241.574219	241.729167	E3	79	80	0	0	32100	P1-179-1	0	-
1927	241.574219	241.750000	A2	86	80	0	0	32100	P1-179-7	0	-
1928	242.571615	243.109375	C6	66	80	0	0	32220	P1-179-5	0	-
1929	242.584635	242.919271	F2	42	80	0	0	32220	P1-179-9	0	-
1930	242.595052	242.959635	C3	41	80	0	0	32220	P1-179-10	0	-
1931	242.597656	242.889323	A3	37	80	0	0	32220	P1-179-11	0	-
1932	242.606771	242.899740	C5	38	80	0	0	32220	P1-179-5	0	-
1933	243.223958	245.419271	F2	49	80	0	0	32280	P1-180-8	0	-
1934	243.223958	245.000000	C3	52	80	0	0	32280	P1-180-9	0	-
1935	243.225260	244.359375	A3	56	80	0	0	32280	P1-180-10	0	-
1936	243.235677	243.968750	C6	78	80	0	0	32280	P1-180-1	0	-
1937	243.861979	243.989583	Bb5	68	80	0	0	32370	P1-180-2	0	-
1938	243.984375	244.067708	A5	62	80	0	0	32385	P1-180-3	0	-
1939	244.084635	244.164062	G5	66	80	0	0	32400	P1-180-4	0	-
1940	244.187500	244.309896	F5	64	80	0	0	32415	P1-180-5	0	-
1941	244.274740	244.363281	E5	63	80	0	0	32430	P1-180-6	0	-
1942	244.385417	244.459635	D5	63	80	0	0	32445	P1-180-7	0	-
1943	244.488281	244.565104	C5	51	80	0	0	32460	P1-181-1	0	-
1944	244.625000	244.696615	Bb4	61	80	0	0	32475	P1-181-2	0	-
1945	244.723958	244.804688	A4	60	80	0	0	32490	P1-181-3	0	-
1946	244.824219	244.881510	G4	66	80	0	0	32505	P1-181-4	0	-
1947	244.914062	244.975260	F4	65	80	0	0	32520	P1-181-5	0	-
1948	245.001302	245.062500	E4	64	80	0	0	32532	P1-181-6	0	-
1949	245.095052	245.151042	D4	64	80	0	0	32544	P1-181-7	0	-
1950	245.188802	245.299479	C4	63	80	0	0	32556	P1-181-8	0	-
1951	245.277344	245.342448	Bb3	62	80	0	0	32568	P1-181-9	0	-
1952	245.388021	245.729167	A3	57	80	0	0	32580	P1-181-10	0	-
1953	245.425781	245.869792	F2	46	80	0	0	32580	P1-181-14	0	-
1954	245.441406	245.449219	F1	45	80	0	0	32580	P1-181-14	0	-
1955	245.445312	245.729167	C3	49	80	0	0	32580	P1-181-15	0	-
1956	245.872396	246.438802	A3	62	80	0	0	32640	P1-182-1	0	-
1957	245.882812	246.489583	F2	46	80	0	0	32640	P1-182-4	0	-
1958	245.885417	246.419271	C3	54	80	0	0	32640	P1-182-5	0	-
1959	246.596354	246.852865	D#4	78	80	0	0	32760	P1-182-3	0	-
1960	246.623698	246.843750	A3	55	80	0	0	32760	P1-182-2	0	-
1961	246.627604	246.843750	C3	55	80	0	0	32760	P1-182-7	0	-
1962	246.635417	246.845052	F2	48	80	0	0	32760	P1-182-6	0	-
1963	247.003906	247.589844	D#4	79	80	0	0	32820	P1-183-2	0	-
1964	247.024740	247.479167	A3	57	80	0	0	32820	P1-183-1	0	-
1965	247.026042	247.419271	C3	51	80	0	0	32820	P1-183-6	0	-
1966	247.029948	247.539062	F2	49	80	0	0	32820	P1-183-5	0	-
1967	247.714844	248.059896	A4	69	80	0	0	32940	P1-183-4	0	-
1968	247.714844	248.026042	A3	67	80	0	0	32940	P1-183-9	0	-
1969	247.714844	248.036458	D#4	62	80	0	0	32940	P1-183-3	0	-
1970	247.718750	247.729167	C4	65	80	0	0	32940	P1-183-8	0	-
1971	247.723958	247.839844	C2	59	80	0	0	32940	P1-183-8	0	-
1972	247.723958	248.089844	C3	68	80	0	0	32940	P1-183-8	0	-
1973	247.729167	248.079427	F#2	65	80	0	0	32940	P1-183-7	0	-
1974	248.166667	248.709635	A4	86	80	0	0	33000	P1-184-2	0	-
1975	248.174479	248.569010	A3	80	80	0	0	33000	P1-184-8	0	-
1976	248.174479	248.779948	C3	72	80	0	0	33000	P1-184-7	0	-
1977	248.175781	248.649740	D#4	70	80	0	0	33000	P1-184-1	0	-
1978	248.175781	248.468750	C2	61	80	0	0	33000	P1-184-7	0	-
1979	248.178385	248.829427	F#2	67	80	0	0	33000	P1-184-6	0	-
1980	248.835938	249.009115	F#2	60	80	0	0	33120	P1-184-9	0	-
1981	248.864583	249.049479	C3	60	80	0	0	33120	P1-184-10	0	-
1982	248.864583	249.098958	D#5	87	80	0	0	33120	P1-184-5	0	-
1983	248.872396	249.169271	D#4	78	80	0	0	33120	P1-184-3	0	-
1984	248.873698	249.188802	A4	79	80	0	0	33120	P1-184-4	0	-
1985	248.877604	249.109375	A3	66	80	0	0	33120	P1-184-11	0	-
1986	249.188802	249.529948	F#2	52	80	0	0	33180	P1-185-8	0	-
1987	249.218750	249.569010	C3	66	80	0	0	33180	P1-185-9	0	-
1988	249.276042	249.529948	D#4	76	80	0	0	33180	P1-185-1	0	-
1989	249.285156	249.589844	A4	83	80	0	0	33180	P1-185-2	0	-
1990	249.290365	249.489583	A3	76	80	0	0	33180	P1-185-10	0	-
1991	249.843750	250.109375	F#2	53	80	0	0	33300	P1-185-11	0	-
1992	249.897135	249.988281	C3	58	80	0	0	33300	P1-185-12	0	-
1993	249.924479	250.319010	C6	91	80	0	0	33300	P1-185-7	0	-
1994	249.933594	250.289062	C5	88	80	0	0	33300	P1-185-4	0	-
1995	249.934896	250.289062	D#5	78	80	0	0	33300	P1-185-5	0	-
1996	249.945312	250.319010	A5	78	80	0	0	33300	P1-185-6	0	-
1997	249.950521	250.079427	A3	65	80	0	0	33300	P1-185-13	0	-
1998	250.272135	251.399740	F#2	81	80	0	0	33360	P1-186-9	0	-
1999	250.345052	250.468750	B2	73	80	0	0	33360	P1-186-10	0	-
2000	250.395833	250.759115	C6	92	80	0	0	33360	P1-186-4	0	-
2001	250.399740	250.729167	C5	87	80	0	0	33360	P1-186-1	0	-
2002	250.403646	250.938802	D#5	86	80	0	0	33360	P1-186-2	0	-
2003	250.403646	250.709635	A5	82	80	0	0	33360	P1-186-3	0	-
2004	251.071615	251.299479	B4	87	80	0	0	33480	P1-186-5	0	-
2005	251.071615	251.339844	B5	92	80	0	0	33480	P1-186-8	0	-
2006	251.074219	251.348958	D#5	82	80	0	0	33480	P1-186-6	0	-
2007	251.496094	251.938802	Bb5	90	80	0	0	33540	P1-187-3	0	-
2008	251.500000	251.848958	Bb4	86	80	0	0	33540	P1-187-1	0	-
2009	251.503906	251.949219	D#5	72	80	0	0	33540	P1-187-2	0	-
2010	252.027344	252.098958	F#2	52	80	0	0	33660	P1-187-11	0	-
2011	252.069010	252.128906	Bb2	67	80	0	0	33660	P1-187-12	0	-
2012	252.143229	252.509115	B5	88	80	0	0	33660	P1-187-7	0	-
2013	252.144531	252.459635	B4	89	80	0	0	33660	P1-187-4	0	-
2014	252.145833	252.468750	D#5	80	80	0	0	33660	P1-187-5	0	-
2015	252.147135	252.479167	A5	88	80	0	0	33660	P1-187-6	0	-
2016	252.148438	252.205729	A3	78	80	0	0	33660	P1-187-13	0	-
2017	252.544271	252.649740	G2	85	80	0	0	33720	P1-188-4	0	-
2018	252.545573	253.149740	B4	82	80	0	0	33720	P1-188-1	0	-
2019	252.545573	252.602865	G3	96	80	0	0	33720	P1-188-6	0	-
2020	252.549479	253.269531	E5	83	80	0	0	33720	P1-188-2	0	-
2021	252.550781	253.279948	B5	85	80	0	0	33720	P1-188-3	0	-
2022	252.550781	252.750000	B2	79	80	0	0	33720	P1-188-5	0	-
2023	252.763021	252.839844	B3	57	80	0	0	33750	P1-188-8	0	-
2024	252.766927	252.826823	G3	68	80	0	0	33750	P1-188-7	0	-
2025	252.942708	253.000000	B3	69	80	0	0	33780	P1-188-10	0	-
2026	252.944010	253.003906	G3	59	80	0	0	33780	P1-188-9	0	-
2027	253.123698	253.178385	B3	72	80	0	0	33810	P1-188-12	0	-
2028	253.123698	253.182292	G3	64	80	0	0	33810	P1-188-11	0	-
2029	253.292969	253.378906	B3	59	80	0	0	33840	P1-188-14	0	-
2030	253.296875	253.348958	G3	73	80	0	0	33840	P1-188-13	0	-
2031	253.483073	253.533854	G3	60	80	0	0	33870	P1-188-15	0	-
2032	253.483073	253.532552	B3	76	80	0	0	33870	P1-188-16	0	-
2033	253.636719	253.959635	E6	90	80	0	0	33900	P1-189-2	0	-
2034	253.640625	253.938802	B5	96	80	0	0	33900	P1-189-1	0	-
2035	253.644531	254.089844	E5	88	80	0	0	33900	P1-189-1	0	-
2036	253.649740	253.736979	B3	84	80	0	0	33900	P1-189-4	0	-
2037	253.654948	253.735677	G3	77	80	0	0	33900	P1-189-3	0	-
2038	253.878906	253.932292	G3	59	80	0	0	33930	P1-189-5	0	-
2039	253.878906	253.929688	B3	60	80	0	0	33930	P1-189-6	0	-
2040	254.046875	254.102865	B3	68	80	0	0	33960	P1-189-8	0	-
2041	254.046875	254.101562	G3	52	80	0	0	33960	P1-189-7	0	-
2042	254.226562	254.283854	G3	57	80	0	0	33990	P1-189-9	0	-
2043	254.229167	254.285156	B3	60	80	0	0	33990	P1-189-10	0	-
2044	254.414062	254.463542	G3	60	80	0	0	34020	P1-189-11	0	-
2045	254.416667	254.463542	B3	68	80	0	0	34020	P1-189-12	0	-
2046	254.565104	254.615885	B3	77	80	0	0	34050	P1-189-14	0	-
2047	254.570312	254.615885	G3	65	80	0	0	34050	P1-189-13	0	-
2048	254.746094	255.079427	E5	85	80	0	0	34080	P1-190-3	0	-
2049	254.748698	255.089844	D5	88	80	0	0	34080	P1-190-2	0	-
2050	254.748698	254.825521	B3	86	80	0	0	34080	P1-190-9	0	-
2051	254.751302	254.889323	B4	83	80	0	0	34080	P1-190-1	0	-
2052	254.752604	254.828125	D4	84	80	0	0	34080	P1-190-10	0	-
2053	254.752604	254.822917	G#3	78	80	0	0	34080	P1-190-8	0	-
2054	254.944010	255.005208	D4	62	80	0	0	34110	P1-190-13	0	-
2055	254.944010	255.003906	B3	66	80	0	0	34110	P1-190-12	0	-
2056	254.953125	255.007812	G#3	73	80	0	0	34110	P1-190-11	0	-
2057	255.135417	255.579427	F5	86	80	0	0	34140	P1-190-6	0	-
2058	255.141927	255.546875	F4	89	80	0	0	34140	P1-190-4	0	-
2059	255.143229	255.208333	A3	82	80	0	0	34140	P1-190-14	0	-
2060	255.144531	255.210938	C4	79	80	0	0	34140	P1-190-15	0	-
2061	255.324219	255.384115	C4	68	80	0	0	34170	P1-190-17	0	-
2062	255.334635	255.388021	A3	71	80	0	0	34170	P1-190-16	0	-
2063	255.500000	255.559896	A3	86	80	0	0	34200	P1-190-18	0	-
2064	255.503906	255.558594	C4	78	80	0	0	34200	P1-190-19	0	-
2065	255.675781	255.736979	C4	75	80	0	0	34230	P1-190-21	0	-
2066	255.675781	255.736979	A3	73	80	0	0	34230	P1-190-20	0	-
2067	255.679688	255.688802	E4	61	80	0	0	34230	P1-190-20	0	-
2068	255.837240	256.009115	F5	90	80	0	0	34260	P1-191-2	0	-
2069	255.846354	255.903646	C4	85	80	0	0	34260	P1-191-9	0	-
2070	255.850260	255.903646	A3	84	80	0	0	34260	P1-191-8	0	-
2071	255.851562	256.139323	E5	84	80	0	0	34260	P1-191-2	0	-
2072	256.026042	256.092448	A3	73	80	0	0	34290	P1-191-11	0	-
2073	256.028646	256.089844	C4	70	80	0	0	34290	P1-191-12	0	-
2074	256.032552	256.097656	E4	63	80	0	0	34290	P1-191-13	0	-
2075	256.205729	256.509115	G#5	86	80	0	0	34320	P1-191-6	0	-
2076	256.213542	256.295573	G#4	89	80	0	0	34320	P1-191-4	0	-
2077	256.213542	256.292969	B3	84	80	0	0	34320	P1-191-14	0	-
2078	256.213542	256.500000	D5	86	80	0	0	34320	P1-191-5	0	-
2079	256.214844	256.294271	D4	81	80	0	0	34350	P1-191-17	0	-
2080	256.214844	256.309896	E4	74	80	0	0	34380	P1-191-19	0	-
2081	256.398438	256.462240	B3	78	80	0	0	34410	P1-191-20	0	-
2082	256.402344	256.457031	G#4	75	80	0	0	34440	P1-192-1	0	-
2083	256.404948	256.466146	D4	69	80	0	0	34440	P1-192-10	0	-
2084	256.406250	256.489583	E5	71	80	0	0	34440	P1-192-3	0	-
2085	256.406250	256.463542	E4	70	80	0	0	34440	P1-192-11	0	-
2086	256.583333	256.627604	B3	65	80	0	0	34440	P1-192-9	0	-
2087	256.585938	256.628906	E4	72	80	0	0	34440	P1-192-11	0	-
2088	256.585938	256.630208	D4	75	80	0	0	34440	P1-192-10	0	-
2089	256.746094	256.802083	G#4	67	80	0	0	34440	P1-192-1	0	-
2090	256.747396	256.805990	B3	74	80	0	0	34440	P1-192-9	0	-
2091	256.747396	256.803385	E4	69	80	0	0	34440	P1-192-11	0	-
2092	256.751302	256.800781	D4	69	80	0	0	34440	P1-192-10	0	-
2093	256.915365	257.170573	G#5	93	80	0	0	34440	P1-192-4	0	-
2094	256.916667	256.975260	G#4	91	80	0	0	34440	P1-192-1	0	-
2095	256.921875	256.977865	E4	83	80	0	0	34440	P1-192-11	0	-
2096	256.924479	256.976562	B3	71	80	0	0	34440	P1-192-9	0	-
2097	256.924479	257.029948	D5	79	80	0	0	34440	P1-192-2	0	-
2098	256.924479	257.167969	E5	79	80	0	0	34440	P1-192-3	0	-
2099	256.925781	256.976562	D4	77	80	0	0	34440	P1-192-10	0	-
2100	257.110677	257.174479	D5	73	80	0	0	34470	P1-192-13	0	-
2101	257.113281	257.183594	D4	61	80	0	0	34470	P1-192-13	0	-
2102	257.113281	257.191406	E4	59	80	0	0	34470	P1-192-14	0	-
2103	257.298177	257.889323	A5	87	80	0	0	34500	P1-192-7	0	-
2104	257.302083	257.372396	A4	85	80	0	0	34500	P1-192-5	0	-
2105	257.303385	257.372396	E4	75	80	0	0	34500	P1-192-16	0	-
2106	257.303385	257.372396	C4	72	80	0	0	34500	P1-192-15	0	-
2107	257.305990	257.609375	E5	74	80	0	0	34500	P1-192-6	0	-
2108	257.490885	257.545573	C4	61	80	0	0	34530	P1-192-17	0	-
2109	257.492188	257.546875	E4	74	80	0	0	34530	P1-192-18	0	-
2110	257.500000	257.552083	A4	62	80	0	0	34530	P1-192-17	0	-
2111	257.662760	257.725260	A4	63	80	0	0	34560	P1-192-19	0	-
2112	257.665365	257.717448	E4	61	80	0	0	34560	P1-192-20	0	-
2113	257.667969	257.723958	C4	66	80	0	0	34560	P1-192-19	0	-
2114	257.669271	257.919271	E5	68	80	0	0	34560	P1-192-20	0	-
2115	257.822917	257.884115	E4	75	80	0	0	34590	P1-192-22	0	-
2116	257.826823	257.890625	C4	64	80	0	0	34590	P1-192-21	0	-
2117	257.988281	258.269531	A5	88	80	0	0	34620	P1-193-3	0	-
2118	257.993490	258.359375	E5	85	80	0	0	34620	P1-193-2	0	-
2119	257.994792	258.054688	E4	86	80	0	0	34620	P1-193-10	0	-
2120	257.996094	258.098958	C4	71	80	0	0	34620	P1-193-9	0	-
2121	258.173177	258.253906	C#4	80	80	0	0	34650	P1-193-11	0	-
2122	258.174479	258.252604	E4	82	80	0	0	34650	P1-193-12	0	-
2123	258.365885	258.569010	Bb5	76	80	0	0	34680	P1-193-7	0	-
2124	258.367188	258.428385	C#4	81	80	0	0	34680	P1-193-13	0	-
2125	258.367188	258.509115	Bb4	81	80	0	0	34680	P1-193-4	0	-
2126	258.368490	258.428385	E4	74	80	0	0	34680	P1-193-14	0	-
2127	258.373698	258.519531	E5	74	80	0	0	34680	P1-193-5	0	-
2128	258.537760	258.588542	E4	65	80	0	0	34710	P1-193-16	0	-
2129	258.539062	258.598958	C#5	70	80	0	0	34710	P1-193-15	0	-
2130	258.541667	258.595052	C#4	74	80	0	0	34710	P1-193-15	0	-
2131	258.712240	258.773438	C#4	64	80	0	0	34740	P1-193-17	0	-
2132	258.712240	258.772135	E4	62	80	0	0	34740	P1-193-18	0	-
2133	258.882812	258.936198	C#4	59	80	0	0	34770	P1-193-19	0	-
2134	258.884115	258.934896	E4	67	80	0	0	34770	P1-193-20	0	-
2135	259.071615	259.348958	A5	55	80	0	0	34800	P1-194-3	0	-
2136	259.078125	259.289062	E5	56	80	0	0	34800	P1-194-2	0	-
2137	259.091146	259.169271	A4	50	80	0	0	34800	P1-194-3	0	-
2138	259.101562	259.218750	C#5	48	80	0	0	34800	P1-194-1	0	-
2139	259.104167	259.156250	F#4	52	80	0	0	34800	P1-194-19	0	-
2140	259.290365	259.341146	F#4	52	80	0	0	34830	P1-194-20	0	-
2141	259.302083	259.479167	C#5	50	80	0	0	34830	P1-194-4	0	-
2142	259.303385	259.378906	E5	58	80	0	0	34830	P1-194-5	0	-
2143	259.304688	259.408854	F#5	59	80	0	0	34830	P1-194-5	0	-
2144	259.304688	259.489583	Bb5	62	80	0	0	34830	P1-194-6	0	-
2145	259.453125	259.515625	F#4	55	80	0	0	34860	P1-194-21	0	-
2146	259.475260	259.489583	B3	34	80	0	0	34860	P1-194-21	0	-
2147	259.484375	259.579427	E5	52	80	0	0	34860	P1-194-8	0	-
2148	259.485677	259.524740	C#5	37	80	0	0	34860	P1-194-7	0	-
2149	259.494792	259.619792	Bb5	55	80	0	0	34860	P1-194-9	0	-
2150	259.630208	259.729167	Bb5	62	80	0	0	34890	P1-194-12	0	-
2151	259.631510	259.675781	E5	63	80	0	0	34890	P1-194-11	0	-
2152	259.631510	259.680990	F#4	56	80	0	0	34890	P1-194-22	0	-
2153	259.632812	259.680990	C#5	50	80	0	0	34890	P1-194-10	0	-
2154	259.778646	259.843750	F#4	60	80	0	0	34920	P1-194-23	0	-
2155	259.812500	259.852865	E5	58	80	0	0	34950	P1-194-17	0	-
2156	259.812500	259.908854	Bb5	58	80	0	0	34950	P1-194-18	0	-
2157	259.812500	259.852865	C#5	51	80	0	0	34950	P1-194-16	0	-
2158	259.963542	260.027344	F#4	67	80	0	0	34980	P1-195-19	0	-
2159	259.983073	260.032552	E5	64	80	0	0	34980	P1-195-2	0	-
2160	259.984375	260.039062	Bb5	63	80	0	0	34980	P1-195-3	0	-
2161	259.984375	260.031250	C#5	56	80	0	0	34980	P1-195-1	0	-
2162	260.144531	260.214844	F#4	74	80	0	0	35010	P1-195-20	0	-
2163	260.165365	260.214844	E5	62	80	0	0	35010	P1-195-5	0	-
2164	260.166667	260.216146	C#5	57	80	0	0	35010	P1-195-4	0	-
2165	260.170573	260.225260	Bb5	67	80	0	0	35010	P1-195-6	0	-
2166	260.335938	260.401042	F#4	73	80	0	0	35040	P1-195-21	0	-
2167	260.338542	260.397135	E5	75	80	0	0	35040	P1-195-8	0	-
2168	260.339844	260.407552	Bb5	67	80	0	0	35040	P1-195-9	0	-
2169	260.518229	260.584635	F#4	62	80	0	0	35070	P1-195-22	0	-
2170	260.524740	260.583333	E5	66	80	0	0	35070	P1-195-11	0	-
2171	260.524740	260.584635	C#5	59	80	0	0	35070	P1-195-10	0	-
2172	260.526042	260.649740	Bb5	66	80	0	0	35070	P1-195-12	0	-
2173	260.695312	260.735677	E5	66	80	0	0	35100	P1-195-14	0	-
2174	260.697917	260.748698	F#4	75	80	0	0	35100	P1-195-23	0	-
2175	260.847656	260.907552	F#4	64	80	0	0	35130	P1-195-24	0	-
2176	260.852865	260.915365	E5	69	80	0	0	35130	P1-195-17	0	-
2177	261.011719	261.089844	B5	75	80	0	0	35160	P1-196-1	0	-
2178	261.023438	261.029948	A4	68	80	0	0	35160	P1-196-16	0	-
2179	261.024740	261.106771	F#4	64	80	0	0	35160	P1-196-15	0	-
2180	261.028646	261.039062	B3	53	80	0	0	35160	P1-196-13	0	-
2181	261.029948	261.098958	D#4	56	80	0	0	35160	P1-196-14	0	-
2182	261.256510	261.269531	B4	88	80	0	0	35160	P1-196-16	0	-
2183	261.256510	261.341146	F#4	86	80	0	0	35160	P1-196-15	0	-
2184	261.257812	261.389323	B3	79	80	0	0	35160	P1-196-13	0	-
2185	261.260417	261.343750	A4	95	80	0	0	35160	P1-196-16	0	-
2186	261.263021	261.438802	D#4	74	80	0	0	35160	P1-196-14	0	-
2187	261.263021	261.739583	B5	93	80	0	0	35160	P1-196-1	0	-
2188	261.269531	261.539062	B6	93	80	0	0	35160	P1-196-2	0	-
2189	261.274740	261.459635	A6	87	80	0	0	35160	P1-196-2	0	-
2190	261.274740	261.289062	C6	83	80	0	0	35160	P1-196-1	0	-
2191	261.548177	261.628906	A6	69	80	0	0	35190	P1-196-3	0	-
2192	261.550781	261.644531	C7	85	80	0	0	35190	P1-196-4	0	-
2193	261.552083	261.641927	C6	80	80	0	0	35190	P1-196-3	0	-
2194	261.552083	261.640625	A4	81	80	0	0	35190	P1-196-20	0	-
2195	261.552083	261.649740	B3	71	80	0	0	35190	P1-196-17	0	-
2196	261.553385	261.644531	F#4	71	80	0	0	35190	P1-196-19	0	-
2197	261.554688	261.729167	B6	81	80	0	0	35190	P1-196-4	0	-
2198	261.555990	261.653646	D#4	68	80	0	0	35190	P1-196-18	0	-
2199	261.764323	262.414062	A6	88	80	0	0	35220	P1-196-5	0	-
2200	261.766927	261.851562	A4	92	80	0	0	35220	P1-196-24	0	-
2201	261.772135	261.851562	F#4	82	80	0	0	35220	P1-196-23	0	-
2202	261.773438	261.852865	B3	77	80	0	0	35220	P1-196-21	0	-
2203	261.774740	261.959635	C6	84	80	0	0	35220	P1-196-5	0	-
2204	261.774740	261.851562	D#4	65	80	0	0	35220	P1-196-22	0	-
2205	261.782552	261.863281	Eb6	85	80	0	0	35220	P1-196-5	0	-
2206	261.960938	262.029948	A4	88	80	0	0	35250	P1-196-28	0	-
2207	261.964844	262.027344	F#4	87	80	0	0	35250	P1-196-27	0	-
2208	261.967448	262.033854	D#4	73	80	0	0	35250	P1-196-26	0	-
2209	261.970052	262.033854	B3	73	80	0	0	35250	P1-196-25	0	-
2210	261.972656	262.239583	Eb6	84	80	0	0	35250	P1-196-7	0	-
2211	261.972656	262.139323	C6	82	80	0	0	35250	P1-196-7	0	-
2212	262.135417	262.205729	F#4	70	80	0	0	35280	P1-196-31	0	-
2213	262.140625	262.222656	B3	68	80	0	0	35280	P1-196-29	0	-
2214	262.143229	262.207031	A4	76	80	0	0	35280	P1-196-32	0	-
2215	262.144531	262.210938	D#4	59	80	0	0	35280	P1-196-30	0	-
2216	262.147135	262.223958	C6	75	80	0	0	35280	P1-196-9	0	-
2217	262.326823	262.519531	C6	82	80	0	0	35310	P1-196-11	0	-
2218	262.333333	262.398438	A4	83	80	0	0	35310	P1-196-36	0	-
2219	262.334635	262.404948	F#4	79	80	0	0	35310	P1-196-35	0	-
2220	262.335938	262.406250	B3	66	80	0	0	35310	P1-196-33	0	-
2221	262.341146	262.404948	D#4	65	80	0	0	35310	P1-196-34	0	-
2222	262.529948	262.596354	A4	80	80	0	0	35340	P1-197-16	0	-
2223	262.532552	262.729167	C6	82	80	0	0	35340	P1-197-1	0	-
2224	262.532552	262.605469	B3	74	80	0	0	35340	P1-197-13	0	-
2225	262.533854	262.596354	F#4	76	80	0	0	35340	P1-197-15	0	-
2226	262.535156	262.605469	D#4	70	80	0	0	35340	P1-197-14	0	-
2227	262.740885	262.807292	A4	93	80	0	0	35370	P1-197-20	0	-
2228	262.743490	262.815104	C6	84	80	0	0	35370	P1-197-3	0	-
2229	262.743490	262.809896	F#4	83	80	0	0	35370	P1-197-19	0	-
2230	262.744792	262.820312	B3	78	80	0	0	35370	P1-197-17	0	-
2231	262.744792	262.816406	D#4	68	80	0	0	35370	P1-197-18	0	-
2232	262.747396	262.825521	Eb6	84	80	0	0	35370	P1-197-3	0	-
2233	262.945312	263.158854	A6	72	80	0	0	35400	P1-197-5	0	-
2234	262.954427	263.032552	C6	83	80	0	0	35400	P1-197-5	0	-
2235	262.960938	263.027344	Eb6	79	80	0	0	35400	P1-197-5	0	-
2236	262.964844	263.045573	B3	64	80	0	0	35400	P1-197-21	0	-
2237	262.964844	263.032552	A4	74	80	0	0	35400	P1-197-24	0	-
2238	262.971354	263.045573	D#4	66	80	0	0	35400	P1-197-22	0	-
2239	262.971354	263.037760	F#4	72	80	0	0	35400	P1-197-23	0	-
2240	263.167969	263.348958	A6	81	80	0	0	35430	P1-197-7	0	-
2241	263.177083	263.339844	C6	83	80	0	0	35430	P1-197-7	0	-
2242	263.184896	263.248698	A4	80	80	0	0	35430	P1-197-28	0	-
2243	263.194010	263.269531	B3	69	80	0	0	35430	P1-197-25	0	-
2244	263.195312	263.264323	F#4	79	80	0	0	35430	P1-197-27	0	-
2245	263.196615	263.263021	D#4	65	80	0	0	35430	P1-197-26	0	-
2246	263.433594	263.679688	C6	82	80	0	0	35460	P1-197-9	0	-
2247	263.447917	263.514323	A4	75	80	0	0	35460	P1-197-32	0	-
2248	263.454427	263.639323	F#4	73	80	0	0	35460	P1-197-31	0	-
2249	263.455729	263.819010	D#4	65	80	0	0	35460	P1-197-30	0	-
2250	263.457031	263.579427	B3	62	80	0	0	35460	P1-197-29	0	-
2251	263.735677	263.776042	A4	75	80	0	0	35490	P1-197-36	0	-
2252	263.740885	263.799479	B3	61	80	0	0	35490	P1-197-33	0	-
2253	263.740885	263.783854	F#4	65	80	0	0	35490	P1-197-35	0	-
2254	263.743490	263.804688	A6	78	80	0	0	35490	P1-197-11	0	-
2255	263.748698	263.839844	C6	70	80	0	0	35490	P1-197-11	0	-
2256	263.753906	263.878906	Eb6	77	80	0	0	35490	P1-197-11	0	-
2257	263.759115	263.809896	F#6	61	80	0	0	35490	P1-197-11	0	-
2258	264.053385	264.339844	E3	51	80	0	0	35520	P1-198-5	0	-
2259	264.201823	264.718750	C7	87	80	0	0	35520	P1-198-2	0	-
2260	264.213542	264.542969	C6	80	80	0	0	35520	P1-198-1	0	-
2261	264.356771	264.412760	G4	54	80	0	0	35535	P1-198-6	0	-
2262	264.490885	264.552083	B3	50	80	0	0	35550	P1-198-7	0	-
2263	264.535156	264.619792	D6	55	80	0	0	35565	P1-198-8	0	-
2264	264.535156	264.609375	G4	51	80	0	0	35565	P1-198-8	0	-
2265	264.664062	264.727865	F#3	56	80	0	0	35580	P1-198-9	0	-
2266	264.675781	265.539062	B6	88	80	0	0	35580	P1-198-4	0	-
2267	264.692708	265.979167	B5	78	80	0	0	35580	P1-198-3	0	-
2268	264.777344	264.832031	A4	51	80	0	0	35595	P1-198-10	0	-
2269	264.783854	264.869792	G4	49	80	0	0	35595	P1-198-10	0	-
2270	264.888021	265.059896	B3	59	80	0	0	35610	P1-198-11	0	-
2271	264.955729	265.079427	A4	58	80	0	0	35625	P1-198-12	0	-
2272	265.076823	265.199219	G3	66	80	0	0	35640	P1-198-13	0	-
2273	265.204427	265.339844	B4	60	80	0	0	35655	P1-198-14	0	-
2274	265.282552	265.334635	B3	71	80	0	0	35670	P1-198-15	0	-
2275	265.475260	265.548177	E3	74	80	0	0	35700	P1-199-5	0	-
2276	265.613281	265.709635	G4	57	80	0	0	35715	P1-199-6	0	-
2277	265.679688	265.779948	B3	49	80	0	0	35730	P1-199-7	0	-
2278	265.755208	265.839844	G4	66	80	0	0	35745	P1-199-8	0	-
2279	265.872396	266.829427	E6	90	80	0	0	35760	P1-199-4	0	-
2280	265.877604	265.924479	F#3	64	80	0	0	35760	P1-199-9	0	-
2281	265.884115	267.009115	E5	81	80	0	0	35760	P1-199-3	0	-
2282	265.984375	266.139323	A4	61	80	0	0	35775	P1-199-10	0	-
2283	266.053385	266.179688	B3	56	80	0	0	35790	P1-199-11	0	-
2284	266.148438	266.259115	A4	64	80	0	0	35805	P1-199-12	0	-
2285	266.255208	266.408854	G3	70	80	0	0	35820	P1-199-13	0	-
2286	266.368490	266.500000	B4	68	80	0	0	35835	P1-199-14	0	-
2287	266.432292	266.489583	B3	75	80	0	0	35850	P1-199-15	0	-
2288	266.509115	266.679688	B4	59	80	0	0	35865	P1-199-16	0	-
2289	266.634115	266.696615	E3	73	80	0	0	35880	P1-200-5	0	-
2290	266.636719	266.649740	A4	55	80	0	0	35895	P1-200-6	0	-
2291	266.764323	266.816406	G4	63	80	0	0	35895	P1-200-6	0	-
2292	266.829427	266.873698	F4	59	80	0	0	35895	P1-200-6	0	-
2293	266.833333	266.890625	B3	57	80	0	0	35910	P1-200-7	0	-
2294	266.914062	266.966146	G4	73	80	0	0	35925	P1-200-8	0	-
2295	267.024740	267.959635	B5	86	80	0	0	35940	P1-200-4	0	-
2296	267.026042	267.065104	F#3	62	80	0	0	35940	P1-200-9	0	-
2297	267.027344	267.348958	B4	84	80	0	0	35940	P1-200-3	0	-
2298	267.115885	267.239583	A4	55	80	0	0	35955	P1-200-10	0	-
2299	267.212240	267.272135	B3	65	80	0	0	35970	P1-200-11	0	-
2300	267.283854	267.335938	A4	63	80	0	0	35985	P1-200-12	0	-
2301	267.358073	267.500000	B4	47	80	0	0	35985	P1-200-12	0	-
2302	267.402344	267.669271	G3	75	80	0	0	36000	P1-200-13	0	-
2303	267.507812	268.089844	B4	66	80	0	0	36015	P1-200-14	0	-
2304	267.587240	267.739583	B3	65	80	0	0	36030	P1-200-15	0	-
2305	267.763021	267.824219	E3	80	80	0	0	36060	P1-201-4	0	-
2306	267.895833	267.950521	G4	69	80	0	0	36075	P1-201-5	0	-
2307	267.980469	268.079427	B3	68	80	0	0	36090	P1-201-6	0	-
2308	268.053385	268.095052	G4	61	80	0	0	36105	P1-201-7	0	-
2309	268.154948	269.449219	E5	78	80	0	0	36120	P1-201-3	0	-
2310	268.164062	268.269531	F#3	72	80	0	0	36120	P1-201-8	0	-
2311	268.165365	268.859375	E4	77	80	0	0	36120	P1-201-3	0	-
2312	268.256510	268.408854	A4	63	80	0	0	36135	P1-201-9	0	-
2313	268.333333	268.394531	B3	71	80	0	0	36150	P1-201-10	0	-
2314	268.416667	268.519531	A4	66	80	0	0	36165	P1-201-11	0	-
2315	268.523438	268.591146	G3	83	80	0	0	36180	P1-201-12	0	-
2316	268.643229	268.695312	B4	72	80	0	0	36195	P1-201-13	0	-
2317	268.721354	268.779948	B3	81	80	0	0	36210	P1-201-14	0	-
2318	268.815104	268.968750	B4	63	80	0	0	36225	P1-201-15	0	-
2319	268.914062	269.079427	A3	77	80	0	0	36240	P1-202-4	0	-
2320	269.026042	269.095052	G4	70	80	0	0	36255	P1-202-5	0	-
2321	269.114583	269.184896	E4	67	80	0	0	36270	P1-202-6	0	-
2322	269.233073	269.329427	G4	65	80	0	0	36285	P1-202-7	0	-
2323	269.303385	269.658854	C5	73	80	0	0	36300	P1-202-2	0	-
2324	269.319010	269.626302	Bb3	77	80	0	0	36300	P1-202-8	0	-
2325	269.444010	269.518229	G4	61	80	0	0	36315	P1-202-9	0	-
2326	269.542969	269.625000	E4	62	80	0	0	36330	P1-202-10	0	-
2327	269.658854	269.720052	G4	70	80	0	0	36345	P1-202-11	0	-
2328	269.765625	270.158854	B4	91	80	0	0	36360	P1-202-3	0	-
2329	269.765625	270.059896	B3	67	80	0	0	36360	P1-202-12	0	-
2330	269.868490	270.029948	G4	62	80	0	0	36375	P1-202-13	0	-
2331	269.972656	270.109375	E4	63	80	0	0	36390	P1-202-14	0	-
2332	270.095052	270.199219	G4	57	80	0	0	36405	P1-202-15	0	-
2333	270.207031	270.500000	B3	64	80	0	0	36420	P1-203-3	0	-
2334	270.236979	271.188802	B4	82	80	0	0	36420	P1-203-1	0	-
2335	270.333333	270.401042	G4	62	80	0	0	36435	P1-203-4	0	-
2336	270.445312	270.569010	E4	61	80	0	0	36450	P1-203-5	0	-
2337	270.532552	270.589844	G4	65	80	0	0	36465	P1-203-6	0	-
2338	270.628906	270.779948	B3	60	80	0	0	36480	P1-203-7	0	-
2339	270.720052	270.829427	G4	63	80	0	0	36495	P1-203-8	0	-
2340	270.782552	270.923177	E4	62	80	0	0	36510	P1-203-9	0	-
2341	270.863281	271.069010	E5	58	80	0	0	36510	P1-203-9	0	-
2342	270.934896	270.994792	G4	72	80	0	0	36525	P1-203-10	0	-
2343	271.040365	271.299479	D#5	75	80	0	0	36540	P1-203-2	0	-
2344	271.044271	271.229167	B3	63	80	0	0	36540	P1-203-11	0	-
2345	271.127604	271.177083	A4	66	80	0	0	36555	P1-203-12	0	-
2346	271.204427	271.289062	F#4	75	80	0	0	36570	P1-203-13	0	-
2347	271.294271	271.735677	A4	60	80	0	0	36585	P1-203-14	0	-
2348	271.384115	271.449219	Eb5	29	80	0	0	36600	P1-204-1	0	-
2349	271.463542	271.539062	E2	70	80	0	0	36600	P1-204-5	0	-
2350	271.493490	271.889323	E5	71	80	0	0	36600	P1-204-1	0	-
2351	271.595052	271.750000	G3	74	80	0	0	36615	P1-204-6	0	-
2352	271.695312	272.509115	C5	87	80	0	0	36630	P1-204-2	0	-
2353	271.755208	271.805990	G3	57	80	0	0	36645	P1-204-8	0	-
2354	271.881510	271.932292	F#2	67	80	0	0	36660	P1-204-9	0	-
2355	272.023438	272.589844	C6	78	80	0	0	36660	P1-204-3	0	-
2356	272.035156	272.088542	A3	69	80	0	0	36675	P1-204-10	0	-
2357	272.144531	272.195312	B2	65	80	0	0	36690	P1-204-11	0	-
2358	272.235677	272.285156	A3	64	80	0	0	36705	P1-204-12	0	-
2359	272.335938	272.376302	G2	67	80	0	0	36720	P1-204-13	0	-
2360	272.372396	272.378906	Bb2	53	80	0	0	36720	P1-204-13	0	-
2361	272.441406	272.479167	B3	68	80	0	0	36735	P1-204-14	0	-
2362	272.497396	272.597656	B2	62	80	0	0	36750	P1-204-15	0	-
2363	272.535156	272.789062	B5	72	80	0	0	36750	P1-204-4	0	-
2364	272.574219	272.639323	B3	62	80	0	0	36765	P1-204-16	0	-
2365	272.694010	272.755208	E2	71	80	0	0	36780	P1-205-5	0	-
2366	272.813802	272.864583	G3	68	80	0	0	36795	P1-205-6	0	-
2367	272.873698	273.109375	B5	80	80	0	0	36810	P1-205-2	0	-
2368	272.882812	272.968750	B2	61	80	0	0	36810	P1-205-7	0	-
2369	272.962240	273.000000	G3	66	80	0	0	36825	P1-205-8	0	-
2370	273.066406	273.119792	F#2	67	80	0	0	36840	P1-205-9	0	-
2371	273.074219	273.524740	F#5	85	80	0	0	36840	P1-205-3	0	-
2372	273.164062	273.239583	A3	71	80	0	0	36855	P1-205-10	0	-
2373	273.246094	273.304688	B2	72	80	0	0	36870	P1-205-11	0	-
2374	273.343750	273.399740	A3	46	80	0	0	36885	P1-205-12	0	-
2375	273.421875	273.500000	G2	78	80	0	0	36900	P1-205-13	0	-
2376	273.529948	273.658854	B3	63	80	0	0	36915	P1-205-14	0	-
2377	273.597656	273.750000	B2	71	80	0	0	36930	P1-205-15	0	-
2378	273.634115	273.919271	E5	79	80	0	0	36930	P1-205-4	0	-
2379	273.666667	273.739583	B3	68	80	0	0	36945	P1-205-16	0	-
2380	273.791667	273.899740	E2	76	80	0	0	36960	P1-206-5	0	-
2381	273.912760	273.973958	G3	73	80	0	0	36975	P1-206-6	0	-
2382	273.983073	274.048177	B2	69	80	0	0	36990	P1-206-7	0	-
2383	273.985677	274.959635	E5	85	80	0	0	36990	P1-206-2	0	-
2384	274.074219	274.149740	G3	69	80	0	0	37005	P1-206-8	0	-
2385	274.167969	274.210938	F#2	72	80	0	0	37020	P1-206-9	0	-
2386	274.191406	274.799479	C5	82	80	0	0	37020	P1-206-3	0	-
2387	274.281250	274.328125	A3	66	80	0	0	37035	P1-206-10	0	-
2388	274.372396	274.437500	B2	67	80	0	0	37050	P1-206-11	0	-
2389	274.462240	274.509115	A3	64	80	0	0	37065	P1-206-12	0	-
2390	274.555990	274.605469	G2	78	80	0	0	37080	P1-206-13	0	-
2391	274.662760	274.733073	B3	72	80	0	0	37095	P1-206-14	0	-
2392	274.738281	274.968750	B2	71	80	0	0	37110	P1-206-15	0	-
2393	274.773438	274.968750	B4	73	80	0	0	37110	P1-206-4	0	-
2394	274.955729	275.014323	E2	62	80	0	0	37140	P1-207-5	0	-
2395	274.960938	275.029948	F2	61	80	0	0	37140	P1-207-5	0	-
2396	275.053385	275.127604	G3	72	80	0	0	37155	P1-207-6	0	-
2397	275.105469	275.329427	B2	65	80	0	0	37170	P1-207-7	0	-
2398	275.136719	275.369792	B3	73	80	0	0	37170	P1-207-2	0	-
2399	275.140625	275.414062	B4	91	80	0	0	37170	P1-207-2	0	-
2400	275.213542	275.266927	G3	61	80	0	0	37185	P1-207-8	0	-
2401	275.330729	275.384115	F#2	72	80	0	0	37200	P1-207-9	0	-
2402	275.377604	276.079427	F#4	83	80	0	0	37200	P1-207-3	0	-
2403	275.453125	275.505208	A3	59	80	0	0	37215	P1-207-10	0	-
2404	275.544271	275.604167	B2	64	80	0	0	37230	P1-207-11	0	-
2405	275.640625	275.686198	A3	59	80	0	0	37245	P1-207-12	0	-
2406	275.747396	275.829427	G2	71	80	0	0	37260	P1-207-13	0	-
2407	275.865885	276.019531	B3	66	80	0	0	37275	P1-207-14	0	-
2408	275.938802	276.179688	B2	61	80	0	0	37290	P1-207-15	0	-
2409	275.984375	276.169271	E4	78	80	0	0	37290	P1-207-4	0	-
2410	276.029948	276.269531	B3	59	80	0	0	37305	P1-207-16	0	-
2411	276.204427	276.455729	A2	60	80	0	0	37320	P1-208-4	0	-
2412	276.264323	276.938802	E4	78	80	0	0	37320	P1-208-1	0	-
2413	276.355469	276.369792	G2	57	80	0	0	37335	P1-208-5	0	-
2414	276.361979	276.455729	G3	55	80	0	0	37335	P1-208-5	0	-
2415	276.496094	276.669271	E3	57	80	0	0	37350	P1-208-6	0	-
2416	276.604167	276.671875	G3	53	80	0	0	37365	P1-208-7	0	-
2417	276.704427	277.128906	C4	73	80	0	0	37380	P1-208-2	0	-
2418	276.717448	276.979167	Bb2	63	80	0	0	37380	P1-208-8	0	-
2419	276.923177	277.005208	E3	59	80	0	0	37410	P1-208-10	0	-
2420	277.044271	277.098958	G3	58	80	0	0	37425	P1-208-11	0	-
2421	277.106771	277.348958	B3	85	80	0	0	37440	P1-208-3	0	-
2422	277.113281	277.319010	B2	69	80	0	0	37440	P1-208-12	0	-
2423	277.201823	277.282552	G3	72	80	0	0	37455	P1-208-13	0	-
2424	277.305990	277.429688	E3	63	80	0	0	37470	P1-208-14	0	-
2425	277.394531	277.529948	G3	68	80	0	0	37485	P1-208-15	0	-
2426	277.519531	278.269531	B3	88	80	0	0	37500	P1-209-1	0	-
2427	277.522135	277.889323	B2	72	80	0	0	37500	P1-209-7	0	-
2428	277.731771	277.946615	G3	89	80	0	0	37530	P1-209-2	0	-
2429	277.934896	278.158854	E3	83	80	0	0	37560	P1-209-3	0	-
2430	278.132812	278.307292	C3	86	80	0	0	37590	P1-209-4	0	-
2431	278.302083	278.479167	B1	69	80	0	0	37620	P1-209-8	0	-
2432	278.334635	278.619792	B2	83	80	0	0	37620	P1-209-5	0	-
2433	278.535156	278.669271	D#3	81	80	0	0	37650	P1-209-6	0	-
2434	278.731771	278.799479	E3	92	80	0	0	37680	P1-210-1	0	-
2435	278.733073	278.804688	E2	83	80	0	0	37680	P1-210-4	0	-
2436	278.925781	278.955729	F#3	86	80	0	0	37710	P1-210-6	0	-
2437	278.927083	278.966146	F#2	88	80	0	0	37710	P1-210-5	0	-
2438	279.114583	279.179688	G3	95	80	0	0	37740	P1-210-8	0	-
2439	279.115885	279.154948	G2	92	80	0	0	37740	P1-210-7	0	-
2440	279.307292	279.351562	A3	93	80	0	0	37770	P1-210-10	0	-
2441	279.312500	279.348958	A2	85	80	0	0	37770	P1-210-9	0	-
2442	279.522135	279.979167	B3	99	80	0	0	37800	P1-210-12	0	-
2443	279.523438	280.408854	B2	92	80	0	0	37800	P1-210-11	0	-
2444	279.954427	280.938802	E4	98	80	0	0	37860	P1-211-2	0	-
2445	279.957031	280.729167	C4	87	80	0	0	37860	P1-211-1	0	-
2446	281.334635	282.169271	F4	66	80	0	0	38040	P1-212-1	0	-
2447	281.375000	282.139323	C4	53	80	0	0	38040	P1-212-3	0	-
2448	281.380208	282.289062	A3	55	80	0	0	38040	P1-212-5	0	-
2449	281.385417	282.250000	A2	55	80	0	0	38040	P1-212-4	0	-
2450	282.093750	283.489583	C5	79	80	0	0	38160	P1-212-2	0	-
2451	282.623698	283.559896	A4	56	80	0	0	38220	P1-213-8	0	-
2452	282.644531	283.579427	F#4	48	80	0	0	38220	P1-213-7	0	-
2453	282.647135	286.559896	D#4	46	80	0	0	38220	P1-213-6	0	-
2454	282.648438	283.229167	B3	43	80	0	0	38220	P1-213-10	0	-
2455	283.515625	283.669271	B4	59	80	0	0	38340	P1-213-5	0	-
2456	283.916667	284.019531	E2	94	80	0	0	38400	P1-214-7	0	-
2457	283.919271	284.049479	E1	89	80	0	0	38400	P1-214-6	0	-
2458	284.115885	284.154948	F#2	96	80	0	0	38430	P1-214-9	0	-
2459	284.115885	284.154948	F#1	93	80	0	0	38430	P1-214-8	0	-
2460	284.322917	284.368490	G2	98	80	0	0	38460	P1-214-11	0	-
2461	284.325521	284.373698	G1	88	80	0	0	38460	P1-214-10	0	-
2462	284.533854	284.628906	A1	92	80	0	0	38490	P1-214-12	0	-
2463	284.533854	284.574219	A2	96	80	0	0	38490	P1-214-13	0	-
2464	284.774740	286.319010	B2	100	80	0	0	38520	P1-214-15	0	-
2465	284.778646	285.149740	B1	97	80	0	0	38520	P1-214-14	0	-
2466	285.174479	286.539062	C3	96	80	0	0	38580	P1-215-1	0	-
2467	285.174479	286.589844	E3	85	80	0	0	38580	P1-215-2	0	-
2468	286.542969	287.399740	F3	70	80	0	0	38760	P1-216-2	0	-
2469	286.544271	286.549479	F2	64	80	0	0	38760	P1-216-2	0	-
2470	286.549479	287.839844	C3	63	80	0	0	38760	P1-216-1	0	-
2471	286.553385	287.789062	A2	63	80	0	0	38760	P1-216-5	0	-
2472	286.554688	287.169271	A1	63	80	0	0	38760	P1-216-4	0	-
2473	287.296875	288.709635	C4	78	80	0	0	38880	P1-216-3	0	-
2474	287.807292	289.468750	A3	49	80	0	0	38940	P1-217-7	0	-
2475	287.817708	289.348958	Eb4	49	80	0	0	38940	P1-217-5	0	-
2476	287.824219	289.419271	D#3	48	80	0	0	38940	P1-217-5	0	-
2477	287.829427	289.348958	F#3	46	80	0	0	38940	P1-217-6	0	-
2478	287.846354	289.339844	B2	46	80	0	0	38940	P1-217-4	0	-
2479	287.846354	289.489583	B1	44	80	0	0	38940	P1-217-3	0	-
2480	288.730469	289.299479	B3	51	80	0	0	39060	P1-217-2	0	-
2481	290.135417	291.829427	C4	70	80	0	0	39240	P1-218-3	0	-
2482	290.665365	292.269531	G3	53	80	0	0	39300	P1-219-6	0	-
2483	290.671875	292.309896	B2	45	80	0	0	39300	P1-219-4	0	-
2484	290.674479	292.299479	E3	49	80	0	0	39300	P1-219-5	0	-
2485	290.674479	292.329427	E2	41	80	0	0	39300	P1-219-3	0	-
2486	291.743490	292.319010	B3	51	80	0	0	39420	P1-219-2	0	-
2487	293.061198	294.399740	C4	52	80	0	0	39600	P1-220-3	0	-
2488	293.523438	294.438802	A3	39	80	0	0	39660	P1-221-6	0	-
2489	293.563802	294.688802	B1	38	80	0	0	39660	P1-221-3	0	-
2490	293.565104	294.649740	B2	33	80	0	0	39660	P1-221-4	0	-
2491	294.242188	294.619792	D#4	52	80	0	0	39780	P1-221-2	0	-
2492	294.714844	295.109375	E4	49	80	0	0	39840	P1-222-4	0	-
2493	294.725260	295.378906	E2	29	80	0	0	39840	P1-222-7	0	-
2494	294.733073	295.119792	G3	38	80	0	0	39840	P1-222-8	0	-
2495	295.390625	296.769531	C5	73	80	0	0	39960	P1-222-3	0	-
2496	295.864583	297.059896	F#4	49	80	0	0	40020	P1-223-7	0	-
2497	295.864583	297.089844	D#4	46	80	0	0	40020	P1-223-6	0	-
2498	295.869792	296.949219	A4	49	80	0	0	40020	P1-223-8	0	-
2499	295.869792	297.079427	B3	39	80	0	0	40020	P1-223-10	0	-
2500	295.881510	297.039062	B2	37	80	0	0	40020	P1-223-9	0	-
2501	296.677083	297.069010	B4	52	80	0	0	40140	P1-223-5	0	-
2502	297.805990	299.229167	C5	72	80	0	0	40320	P1-224-3	0	-
2503	298.276042	299.529948	G4	51	80	0	0	40380	P1-225-7	0	-
2504	298.279948	299.519531	E4	44	80	0	0	40380	P1-225-6	0	-
2505	298.295573	299.569010	E3	37	80	0	0	40380	P1-225-8	0	-
2506	298.302083	299.539062	B3	37	80	0	0	40380	P1-225-9	0	-
2507	299.194010	299.598958	B4	52	80	0	0	40500	P1-225-5	0	-
2508	300.485677	301.569010	C5	47	80	0	0	40680	P1-226-4	0	-
2509	300.914062	301.299479	B3	39	80	0	0	40740	P1-227-9	0	-
2510	300.914062	301.779948	A4	42	80	0	0	40740	P1-227-7	0	-
2511	300.919271	301.459635	F#4	40	80	0	0	40740	P1-227-6	0	-
2512	300.924479	301.369792	B2	36	80	0	0	40740	P1-227-8	0	-
2513	301.738281	302.239583	D#5	57	80	0	0	40860	P1-227-3	0	-
2514	302.194010	302.539062	E5	50	80	0	0	40920	P1-228-5	0	-
2515	302.226562	302.451823	E3	33	80	0	0	40920	P1-228-8	0	-
2516	302.238281	302.440104	G4	40	80	0	0	40920	P1-228-4	0	-
2517	303.016927	303.559896	C6	63	80	0	0	41040	P1-228-3	0	-
2518	303.493490	306.339844	F#5	43	80	0	0	41100	P1-229-4	0	-
2519	303.494792	306.179688	D#5	40	80	0	0	41100	P1-229-3	0	-
2520	303.496094	306.179688	B4	38	80	0	0	41100	P1-229-9	0	-
2521	303.500000	305.859375	A5	42	80	0	0	41100	P1-229-5	0	-
2522	304.493490	305.089844	B5	45	80	0	0	41220	P1-229-8	0	-
2523	306.104167	307.848958	C5	53	80	0	0	41400	P1-230-4	0	-
2524	307.835938	308.093750	B4	45	80	0	0	41520	P1-231-6	0	-
2525	308.460938	309.179688	F#5	56	80	0	0	41580	P1-231-4	0	-
2526	308.502604	309.128906	F#4	39	80	0	0	41580	P1-231-7	0	-
2527	308.503906	308.979167	A4	39	80	0	0	41580	P1-231-8	0	-
2528	308.503906	309.049479	D#5	44	80	0	0	41580	P1-231-3	0	-
2529	309.106771	309.889323	G5	64	80	0	0	41640	P1-232-2	0	-
2530	309.122396	309.609375	E4	39	80	0	0	41640	P1-232-6	0	-
2531	309.134115	309.476562	G4	41	80	0	0	41640	P1-232-7	0	-
2532	309.139323	309.481771	E5	45	80	0	0	41640	P1-232-1	0	-
2533	309.820312	309.944010	F#5	60	80	0	0	41730	P1-232-4	0	-
2534	309.834635	309.944010	D#5	49	80	0	0	41730	P1-232-3	0	-
2535	309.861979	309.936198	F#4	42	80	0	0	41730	P1-232-8	0	-
2536	309.867188	309.937500	A4	39	80	0	0	41730	P1-232-9	0	-
2537	310.070312	310.519531	G4	46	80	0	0	41760	P1-232-10	0	-
2538	310.071615	310.569010	E5	60	80	0	0	41760	P1-232-5	0	-
2539	310.559896	310.949219	D4	39	80	0	0	41820	P1-233-6	0	-
2540	310.561198	310.933594	A5	54	80	0	0	41820	P1-233-2	0	-
2541	310.565104	311.049479	D5	40	80	0	0	41820	P1-233-6	0	-
2542	310.565104	310.910156	F#4	38	80	0	0	41820	P1-233-7	0	-
2543	310.574219	310.924479	F#5	49	80	0	0	41820	P1-233-1	0	-
2544	311.488281	311.869792	A5	59	80	0	0	41940	P1-233-5	0	-
2545	311.494792	311.859375	D5	52	80	0	0	41940	P1-233-10	0	-
2546	311.503906	311.989583	F#5	56	80	0	0	41940	P1-233-4	0	-
2547	312.084635	312.639323	C5	50	80	0	0	42000	P1-234-6	0	-
2548	312.087240	312.968750	A5	57	80	0	0	42000	P1-234-2	0	-
2549	312.104167	312.769531	D5	50	80	0	0	42000	P1-234-7	0	-
2550	312.114583	312.908854	F#5	54	80	0	0	42000	P1-234-1	0	-
2551	312.863281	313.083333	G5	61	80	0	0	42090	P1-234-3	0	-
2552	312.864583	313.082031	B4	50	80	0	0	42090	P1-234-8	0	-
2553	312.873698	313.098958	D5	44	80	0	0	42090	P1-234-9	0	-
2554	313.144531	313.750000	A5	49	80	0	0	42120	P1-234-5	0	-
2555	313.152344	313.709635	A4	42	80	0	0	42120	P1-234-10	0	-
2556	313.167969	313.619792	C5	34	80	0	0	42120	P1-234-11	0	-
2557	313.170573	313.789062	F#5	43	80	0	0	42120	P1-234-4	0	-
2558	313.740885	314.179688	B4	46	80	0	0	42180	P1-235-6	0	-
2559	313.743490	314.709635	G5	51	80	0	0	42180	P1-235-1	0	-
2560	313.743490	314.209635	G4	47	80	0	0	42180	P1-235-5	0	-
2561	313.746094	314.250000	B5	50	80	0	0	42180	P1-235-2	0	-
2562	314.916667	315.709635	B5	56	80	0	0	42300	P1-235-4	0	-
2563	314.923177	315.718750	G5	58	80	0	0	42300	P1-235-8	0	-
2564	315.723958	316.739583	B5	54	80	0	0	42360	P1-236-1	0	-
2565	315.725260	316.769531	G5	64	80	0	0	42360	P1-236-5	0	-
2566	316.723958	317.269531	F#5	55	80	0	0	42450	P1-236-6	0	-
2567	316.723958	317.188802	A5	51	80	0	0	42450	P1-236-2	0	-
2568	317.148438	318.598958	B5	51	80	0	0	42480	P1-236-4	0	-
2569	317.152344	318.329427	E5	49	80	0	0	42480	P1-236-7	0	-
2570	317.164062	319.209635	G5	51	80	0	0	42480	P1-236-3	0	-
2571	318.507812	320.839844	C6	46	80	0	0	42540	P1-237-2	0	-
2572	318.523438	321.179688	D#5	41	80	0	0	42540	P1-237-6	0	-
2573	322.648438	325.128906	E6	69	80	0	0	42660	P1-237-5	0	-
2574	322.704427	324.759115	E5	43	80	0	0	42660	P1-237-4	0	-
2575	323.416667	324.029948	G2	30	80	0	0	42720	P1-238-7	0	-
2576	323.738281	324.569010	E3	40	80	0	0	42720	P1-238-8	0	-
2577	324.204427	324.729167	B3	37	80	0	0	42720	P1-238-9	0	-
2578	324.989583	325.299479	D#6	75	80	0	0	42810	P1-238-4	0	-
2579	325.029948	325.218750	D#5	57	80	0	0	42810	P1-238-3	0	-
2580	325.282552	325.438802	E6	76	80	0	0	42840	P1-238-6	0	-
2581	325.305990	325.429688	E5	60	80	0	0	42840	P1-238-5	0	-
2582	325.846354	326.799479	F#4	74	80	0	0	42900	P1-239-3	0	-
2583	325.885417	326.669271	E4	50	80	0	0	42900	P1-239-2	0	-
2584	325.888021	327.348958	A2	42	80	0	0	42900	P1-239-7	0	-
2585	325.897135	326.639323	C4	48	80	0	0	42900	P1-239-1	0	-
2586	326.804688	327.289062	F#4	75	80	0	0	43020	P1-239-6	0	-
2587	326.832031	327.598958	E4	61	80	0	0	43020	P1-239-5	0	-
2588	326.834635	327.569010	Bb2	52	80	0	0	43020	P1-239-8	0	-
2589	326.859375	327.209635	C#4	53	80	0	0	43020	P1-239-4	0	-
2590	327.483073	328.559896	F#4	77	80	0	0	43080	P1-240-1	0	-
2591	327.513021	329.188802	A3	54	80	0	0	43080	P1-240-5	0	-
2592	327.513021	329.149740	D#4	60	80	0	0	43080	P1-240-6	0	-
2593	327.514323	328.989583	B2	46	80	0	0	43080	P1-240-7	0	-
2594	327.516927	328.809896	B3	49	80	0	0	43080	P1-240-5	0	-
2595	328.376302	328.929688	G4	71	80	0	0	43170	P1-240-2	0	-
2596	328.843750	329.229167	A4	67	80	0	0	43200	P1-240-3	0	-
2597	329.139323	329.414062	G4	68	80	0	0	43230	P1-240-4	0	-
2598	329.399740	330.149740	F#4	61	80	0	0	43260	P1-241-1	0	-
2599	329.436198	330.158854	G3	36	80	0	0	43260	P1-241-6	0	-
2600	329.454427	330.229167	C3	37	80	0	0	43260	P1-241-5	0	-
2601	330.009115	330.250000	E4	58	80	0	0	43320	P1-241-2	0	-
2602	330.704427	332.718750	E6	76	80	0	0	43380	P1-241-4	0	-
2603	330.733073	332.429688	E5	60	80	0	0	43380	P1-241-3	0	-
2604	330.744792	330.979167	B2	37	80	0	0	43380	P1-241-8	0	-
2605	330.747396	331.029948	B1	39	80	0	0	43380	P1-241-7	0	-
2606	331.109375	331.489583	A2	45	80	0	0	43410	P1-241-10	0	-
2607	331.113281	331.569010	A1	44	80	0	0	43410	P1-241-9	0	-
2608	331.591146	332.839844	G2	48	80	0	0	43440	P1-242-8	0	-
2609	331.595052	332.829427	G1	44	80	0	0	43440	P1-242-7	0	-
2610	332.694010	333.109375	D#6	58	80	0	0	43530	P1-242-4	0	-
2611	332.735677	333.079427	D#5	42	80	0	0	43530	P1-242-3	0	-
2612	333.084635	333.259115	E6	52	80	0	0	43560	P1-242-6	0	-
2613	333.087240	333.279948	E5	52	80	0	0	43560	P1-242-5	0	-
2614	333.119792	333.429688	G#2	20	80	0	0	43560	P1-242-10	0	-
2615	333.122396	333.649740	G#1	21	80	0	0	43560	P1-242-9	0	-
2616	333.790365	335.188802	F#4	50	80	0	0	43620	P1-243-3	0	-
2617	333.813802	334.639323	C4	37	80	0	0	43620	P1-243-1	0	-
2618	333.816406	334.539062	E4	37	80	0	0	43620	P1-243-2	0	-
2619	333.835938	334.729167	A2	30	80	0	0	43620	P1-243-8	0	-
2620	333.837240	335.079427	A1	31	80	0	0	43620	P1-243-7	0	-
2621	335.195312	335.579427	E4	33	80	0	0	43740	P1-243-5	0	-
2622	335.201823	335.493490	F#4	34	80	0	0	43740	P1-243-6	0	-
2623	335.222656	335.709635	Bb2	29	80	0	0	43740	P1-243-10	0	-
2624	335.223958	335.579427	F#3	27	80	0	0	43740	P1-243-6	0	-
2625	335.223958	335.809896	Bb1	26	80	0	0	43740	P1-243-9	0	-
2626	335.223958	335.494792	C#4	27	80	0	0	43740	P1-243-4	0	-
2627	335.227865	335.438802	Bb3	27	80	0	0	43740	P1-243-4	0	-
2628	336.191406	337.848958	F#4	41	80	0	0	43800	P1-244-1	0	-
2629	336.194010	338.500000	D#4	35	80	0	0	43800	P1-244-6	0	-
2630	336.203125	337.949219	A3	31	80	0	0	43800	P1-244-5	0	-
2631	336.217448	337.949219	B2	26	80	0	0	43800	P1-244-8	0	-
2632	336.223958	338.229167	B1	27	80	0	0	43800	P1-244-7	0	-
2633	337.333333	338.179688	A4	39	80	0	0	43890	P1-244-2	0	-
2634	337.742188	338.158854	G4	44	80	0	0	43920	P1-244-3	0	-
2635	338.140625	338.769531	F#4	35	80	0	0	43950	P1-244-4	0	-
2636	338.684896	340.819010	E4	33	80	0	0	43980	P1-245-2	0	-
2637	338.727865	340.479167	G3	26	80	0	0	43980	P1-245-1	0	-
2638	338.733073	340.779948	E2	21	80	0	0	43980	P1-245-5	0	-
