//Version: PianoRoll_v170101
0	0.946615	1.022135	G4	82	80	0
1	0.954427	1.015625	B3	76	80	0
2	0.954427	1.019531	G3	80	80	0
3	0.955729	1.023438	E4	73	80	0
4	0.957031	1.019531	E2	71	80	0
5	0.963542	1.016927	E3	73	80	0
6	1.425781	1.799479	G4	86	80	0
7	1.433594	1.799479	E4	78	80	0
8	1.434896	1.729167	G3	81	80	0
9	1.441406	1.679688	E2	74	80	0
10	1.442708	1.589844	E3	77	80	0
11	1.442708	1.729167	B3	75	80	0
12	2.013021	2.186198	F#4	75	80	0
13	2.136719	2.205729	E4	89	80	0
14	2.141927	2.200521	G3	79	80	0
15	2.149740	2.203125	E3	79	80	0
16	2.153646	2.205729	E2	65	80	0
17	2.604167	2.959635	A4	85	80	0
18	2.604167	2.859375	A3	80	80	0
19	2.606771	2.949219	F#4	78	80	0
20	2.609375	2.678385	D2	69	80	0
21	2.610677	2.718750	D3	71	80	0
22	2.614583	2.759115	D4	68	80	0
23	3.382812	3.643229	A4	59	80	0
24	3.393229	3.665365	F#4	45	80	0
25	3.417969	3.664062	D4	36	80	0
26	3.843750	4.449219	A4	64	80	0
27	3.860677	4.429688	F#4	52	80	0
28	3.861979	4.231771	C4	40	80	0
29	3.864583	4.279948	D4	39	80	0
30	4.394531	4.536458	G4	71	80	0
31	4.395833	4.558594	D4	50	80	0
32	4.398438	4.539062	B3	52	80	0
33	4.570312	4.782552	A4	66	80	0
34	4.596354	4.783854	F#4	50	80	0
35	4.601562	4.819010	C4	44	80	0
36	4.602865	4.760417	A3	46	80	0
37	5.046875	5.348958	B4	47	80	0
38	5.055990	5.389323	G4	39	80	0
39	5.057292	5.337240	B3	39	80	0
40	5.059896	5.343750	G3	39	80	0
41	5.751302	5.843750	B4	81	80	0
42	5.753906	5.835938	G4	75	80	0
43	5.756510	5.824219	B3	79	80	0
44	5.756510	5.824219	G3	77	80	0
45	5.756510	5.908854	D4	75	80	0
46	5.759115	5.828125	G2	70	80	0
47	6.234375	6.628906	B4	84	80	0
48	6.240885	6.519531	D4	81	80	0
49	6.240885	6.619792	G4	81	80	0
50	6.240885	6.579427	B3	78	80	0
51	6.242188	6.438802	G3	79	80	0
52	6.243490	6.529948	G2	70	80	0
53	6.798177	7.000000	A4	77	80	0
54	6.938802	7.128906	G4	87	80	0
55	6.944010	7.005208	B3	82	80	0
56	6.945312	7.039062	G3	84	80	0
57	6.946615	7.013021	G2	87	80	0
58	6.951823	7.009115	G1	81	80	0
59	7.425781	7.839844	C#5	90	80	0
60	7.433594	7.589844	C#4	87	80	0
61	7.433594	7.789062	Bb4	89	80	0
62	7.434896	7.569010	F#2	76	80	0
63	7.438802	7.485677	F#1	72	80	0
64	8.175781	8.460938	C#5	66	80	0
65	8.186198	8.519531	Bb4	57	80	0
66	8.197917	8.425781	F#4	44	80	0
67	8.643229	9.259115	C#5	64	80	0
68	8.647135	9.199219	F#4	45	80	0
69	8.653646	9.269531	E4	44	80	0
70	8.654948	9.269531	Bb4	52	80	0
71	9.208333	9.364583	B4	67	80	0
72	9.212240	9.519531	F#4	44	80	0
73	9.212240	9.359375	D4	43	80	0
74	9.393229	9.919271	C#5	67	80	0
75	9.397135	9.979167	E4	46	80	0
76	9.399740	9.908854	C#4	53	80	0
77	9.402344	9.938802	Bb4	61	80	0
78	9.904948	10.339844	D5	55	80	0
79	9.923177	10.144531	D4	36	80	0
80	9.925781	10.259115	B3	32	80	0
81	10.764323	12.199219	D5	47	80	0
82	11.286458	13.559896	G4	31	80	0
83	11.289062	12.269531	D4	28	80	0
84	11.291667	12.658854	B3	27	80	0
85	11.736979	12.739583	G5	58	80	0
86	12.157552	13.679688	E4	35	80	0
87	12.161458	12.878906	E5	61	80	0
88	12.593750	13.709635	A3	37	80	0
89	12.593750	13.289062	D5	62	80	0
90	13.033854	13.299479	C5	70	80	0
91	13.423177	14.179688	Eb4	52	80	0
92	13.433594	14.549479	F#4	53	80	0
93	13.436198	14.479167	C5	70	80	0
94	13.865885	14.899740	D4	55	80	0
95	14.269531	14.779948	A5	78	80	0
96	14.691406	15.229167	F#4	64	80	0
97	14.694010	15.709635	C5	78	80	0
98	15.151042	16.549479	G4	73	80	0
99	15.610677	15.837240	B4	74	80	0
100	15.993490	16.619792	G3	71	80	0
101	15.994792	17.500000	B4	74	80	0
102	16.451823	17.658854	E3	78	80	0
103	16.930990	17.190104	G4	80	80	0
104	17.364583	17.941406	E4	69	80	0
105	17.365885	18.789062	G4	65	80	0
106	17.885417	18.769531	C4	56	80	0
107	18.462240	18.769531	E4	53	80	0
108	19.006510	22.438802	E4	51	80	0
109	19.023438	20.299479	C3	33	80	0
110	19.617188	22.069010	C2	33	80	0
111	20.213542	21.269531	G3	40	80	0
112	20.924479	22.289062	E3	38	80	0
113	22.078125	23.509115	B3	33	80	0
114	22.101562	23.739583	Eb3	26	80	0
115	22.108073	23.809896	B2	24	80	0
116	22.115885	22.429688	F#3	20	80	0
117	24.239583	25.799479	E6	62	80	0
118	24.246094	25.408854	E5	50	80	0
119	24.548177	24.908854	G2	40	80	0
120	24.593750	25.179688	E3	29	80	0
121	24.973958	25.809896	B3	52	80	0
122	25.712240	25.968750	Eb6	72	80	0
123	25.714844	25.929688	Eb5	67	80	0
124	25.954427	26.158854	E6	74	80	0
125	25.958333	26.119792	E5	70	80	0
126	26.574219	27.449219	F#4	60	80	0
127	26.596354	27.429688	E4	51	80	0
128	26.614583	27.225260	C4	41	80	0
129	26.625000	27.718750	A2	36	80	0
130	27.454427	27.929688	F#4	64	80	0
131	27.483073	27.908854	Bb2	42	80	0
132	27.484375	27.777344	C#4	55	80	0
133	27.484375	28.209635	E4	53	80	0
134	28.062500	28.989583	F#4	74	80	0
135	28.087240	29.179688	Eb4	55	80	0
136	28.087240	29.149740	A3	49	80	0
137	28.093750	29.609375	B2	44	80	0
138	28.738281	28.944010	G4	73	80	0
139	28.917969	29.114583	A4	73	80	0
140	29.098958	29.359375	G4	81	80	0
141	29.292969	29.848958	F#4	77	80	0
142	29.315104	30.128906	C3	45	80	0
143	29.316406	30.179688	G3	49	80	0
144	29.740885	30.019531	E4	82	80	0
145	30.154948	31.079427	E6	90	80	0
146	30.157552	31.179688	E5	87	80	0
147	30.162760	30.779948	B2	70	80	0
148	30.351562	30.549479	A2	75	80	0
149	30.447917	31.449219	G2	70	80	0
150	30.541667	31.919271	E3	72	80	0
151	30.755208	31.609375	B3	91	80	0
152	31.436198	31.605469	Eb6	94	80	0
153	31.438802	31.598958	Eb5	95	80	0
154	31.696615	32.229167	E5	95	80	0
155	31.696615	31.979167	E6	96	80	0
156	31.713542	32.209635	G#2	80	80	0
157	32.420573	33.479167	C4	79	80	0
158	32.421875	33.619792	F#4	87	80	0
159	32.421875	33.309896	E4	85	80	0
160	32.476562	33.539062	A2	46	80	0
161	33.927083	34.639323	F#4	58	80	0
162	33.940104	34.658854	E4	59	80	0
163	33.944010	34.658854	C#4	53	80	0
164	33.947917	34.779948	Bb2	39	80	0
165	34.932292	36.829427	F#4	48	80	0
166	34.934896	37.489583	Eb4	46	80	0
167	34.941406	37.500000	B2	31	80	0
168	34.944010	34.949219	B1	32	80	0
169	34.944010	37.500000	A3	35	80	0
170	36.312500	37.339844	A4	42	80	0
171	36.746094	37.269531	G4	41	80	0
172	37.175781	37.769531	F#4	39	80	0
173	37.781250	38.619792	E4	29	80	0
174	37.789062	38.240885	G3	20	80	0
175	37.822917	38.243490	E2	19	80	0
176	37.822917	38.489583	E3	19	80	0
177	40.095052	40.589844	B4	31	80	0
178	40.105469	40.408854	B2	23	80	0
179	40.117188	40.468750	B3	21	80	0
180	40.119792	40.438802	B1	23	80	0
181	40.665365	41.109375	B1	25	80	0
182	40.667969	41.119792	B2	25	80	0
183	40.669271	41.259115	B4	35	80	0
184	40.683594	41.119792	F#4	26	80	0
185	40.686198	41.069010	B3	29	80	0
186	41.492188	41.789062	E5	47	80	0
187	41.506510	41.750000	E4	36	80	0
188	41.513021	41.729167	E3	29	80	0
189	41.514323	41.645833	E2	26	80	0
190	41.967448	42.289062	E5	50	80	0
191	41.980469	42.218750	E4	32	80	0
192	41.985677	42.175781	E2	29	80	0
193	41.988281	42.229167	E3	29	80	0
194	42.688802	42.953125	B5	58	80	0
195	42.714844	42.959635	B3	34	80	0
196	42.716146	42.933594	B4	41	80	0
197	42.718750	42.904948	B2	31	80	0
198	43.135417	43.908854	B5	60	80	0
199	43.144531	43.479167	B3	41	80	0
200	43.157552	43.669271	B2	35	80	0
201	43.157552	43.376302	B4	42	80	0
202	43.901042	44.084635	E6	55	80	0
203	43.907552	44.088542	E5	48	80	0
204	43.911458	44.149740	E4	32	80	0
205	43.912760	44.084635	E3	33	80	0
206	43.914062	44.239583	B3	28	80	0
207	44.348958	44.908854	E4	41	80	0
208	44.352865	44.709635	E6	64	80	0
209	44.354167	44.679688	E3	40	80	0
210	44.358073	44.718750	E5	54	80	0
211	45.118490	45.184896	F6	101	80	0
212	45.121094	45.250000	F5	99	80	0
213	45.122396	45.195312	B5	98	80	0
214	45.123698	45.210938	D6	97	80	0
215	45.123698	45.186198	B3	88	80	0
216	45.123698	45.186198	D4	89	80	0
217	45.123698	45.250000	F4	91	80	0
218	45.125000	45.239583	G3	84	80	0
219	45.667969	46.369792	F6	104	80	0
220	45.669271	46.188802	F4	92	80	0
221	45.671875	46.139323	F5	102	80	0
222	45.673177	46.119792	B3	86	80	0
223	45.673177	46.149740	D4	88	80	0
224	45.675781	46.319010	D6	95	80	0
225	45.675781	46.169271	G3	84	80	0
226	45.675781	46.369792	B5	97	80	0
227	46.248698	46.361979	E6	71	80	0
228	46.324219	46.519531	D6	77	80	0
229	46.393229	46.529948	C6	82	80	0
230	46.496094	46.583333	B5	78	80	0
231	46.584635	46.635417	A5	70	80	0
232	46.625000	46.703125	G5	74	80	0
233	46.723958	46.794271	F5	75	80	0
234	46.772135	46.834635	E5	52	80	0
235	46.847656	46.906250	D5	72	80	0
236	46.921875	46.983073	C5	70	80	0
237	47.002604	47.075521	B4	71	80	0
238	47.079427	47.179688	A4	73	80	0
239	47.134115	47.200521	G4	66	80	0
240	47.231771	47.348958	F4	75	80	0
241	47.274740	47.334635	E4	62	80	0
242	47.341146	47.404948	D4	80	80	0
243	47.414062	47.463542	C4	68	80	0
244	47.506510	47.584635	B3	76	80	0
245	47.585938	47.645833	A3	72	80	0
246	47.652344	47.731771	G3	72	80	0
247	47.729167	47.815104	F#3	77	80	0
248	47.799479	47.847656	G3	97	80	0
249	48.544271	48.584635	B2	75	80	0
250	48.545573	48.628906	D4	64	80	0
251	48.545573	48.596354	F4	64	80	0
252	48.546875	48.589844	G3	69	80	0
253	48.552083	48.591146	B1	68	80	0
254	48.973958	49.027344	E4	84	80	0
255	48.979167	49.024740	C4	78	80	0
256	48.980469	49.026042	G3	78	80	0
257	48.984375	49.023438	C3	81	80	0
258	48.985677	49.059896	C2	77	80	0
259	49.751302	49.811198	D4	87	80	0
260	49.755208	49.919271	D6	98	80	0
261	49.755208	49.813802	D5	97	80	0
262	49.755208	49.812500	B3	86	80	0
263	49.757812	49.829427	B5	91	80	0
264	49.760417	49.889323	G#5	95	80	0
265	49.761719	49.816406	E3	82	80	0
266	49.761719	49.822917	G#3	76	80	0
267	50.311198	51.389323	E4	91	80	0
268	50.312500	51.639323	B3	95	80	0
269	50.313802	51.959635	E3	90	80	0
270	50.313802	50.869792	D6	101	80	0
271	50.315104	51.549479	D4	91	80	0
272	50.315104	50.459635	D5	96	80	0
273	50.315104	50.509115	B5	93	80	0
274	50.316406	50.679688	G#5	99	80	0
275	50.321615	51.718750	G#3	85	80	0
276	50.815104	50.904948	C6	79	80	0
277	50.875000	50.933594	B5	66	80	0
278	50.938802	51.089844	A5	76	80	0
279	51.050781	51.144531	G#5	80	80	0
280	51.121094	51.184896	F#5	72	80	0
281	51.165365	51.227865	E5	67	80	0
282	51.247396	51.389323	D5	68	80	0
283	51.333333	51.397135	C5	71	80	0
284	51.417969	51.500000	B4	67	80	0
285	51.466146	51.535156	A4	73	80	0
286	51.565104	51.688802	G#4	72	80	0
287	51.623698	51.701823	F#4	72	80	0
288	51.684896	51.829427	E4	75	80	0
289	51.755208	51.817708	D4	71	80	0
290	51.843750	51.904948	C4	72	80	0
291	51.925781	51.993490	B3	73	80	0
292	51.983073	52.067708	A3	68	80	0
293	52.072917	52.153646	G#3	73	80	0
294	52.140625	52.191406	F#3	61	80	0
295	52.192708	52.274740	E3	71	80	0
296	52.281250	52.358073	Eb3	86	80	0
297	52.354167	52.419271	E3	93	80	0
298	53.052083	53.105469	D4	81	80	0
299	53.053385	53.106771	B3	82	80	0
300	53.057292	53.102865	E3	80	80	0
301	53.065104	53.128906	G#2	76	80	0
302	53.066406	53.105469	G#1	73	80	0
303	53.523438	53.569010	C4	85	80	0
304	53.524740	53.565104	A3	78	80	0
305	53.533854	53.609375	A1	70	80	0
306	53.533854	53.563802	E3	73	80	0
307	53.535156	53.565104	A2	73	80	0
308	54.402344	54.959635	Bb5	71	80	0
309	54.424479	55.098958	Bb3	48	80	0
310	55.095052	55.839844	Bb5	82	80	0
311	55.113281	56.628906	Bb3	55	80	0
312	55.744792	55.832031	A5	64	80	0
313	55.845052	55.910156	G5	71	80	0
314	55.921875	55.993490	F5	65	80	0
315	56.015625	56.083333	Eb5	70	80	0
316	56.085938	56.144531	D5	70	80	0
317	56.173177	56.243490	C5	70	80	0
318	56.273438	56.355469	Bb4	77	80	0
319	56.361979	56.425781	A4	77	80	0
320	56.434896	56.511719	G4	79	80	0
321	56.536458	56.627604	F4	69	80	0
322	56.628906	56.704427	Eb4	80	80	0
323	56.720052	56.804688	D4	68	80	0
324	56.833333	56.906250	C4	60	80	0
325	56.962240	57.449219	Bb3	56	80	0
326	57.509115	59.509115	Bb3	38	80	0
327	58.299479	58.539062	E4	47	80	0
328	58.752604	59.149740	E4	38	80	0
329	59.484375	59.779948	G4	34	80	0
330	59.515625	59.968750	E4	21	80	0
331	59.515625	60.399740	Bb3	21	80	0
332	59.980469	60.438802	G4	41	80	0
333	59.984375	60.389323	E4	28	80	0
334	60.742188	60.954427	E4	27	80	0
335	60.750000	60.968750	C#5	46	80	0
336	60.752604	60.959635	G4	31	80	0
337	60.753906	61.079427	Bb3	32	80	0
338	61.188802	61.869792	C#5	49	80	0
339	61.199219	61.688802	E4	32	80	0
340	61.199219	61.688802	G4	38	80	0
341	61.204427	61.718750	Bb3	33	80	0
342	61.959635	62.408854	G5	71	80	0
343	61.962240	62.319010	Bb3	50	80	0
344	61.977865	62.359375	E5	54	80	0
345	61.985677	62.319010	C#5	46	80	0
346	61.990885	62.299479	G4	45	80	0
347	61.990885	62.289062	E4	44	80	0
348	61.996094	62.309896	C#4	42	80	0
349	62.445312	63.769531	G5	80	80	0
350	62.451823	63.649740	G4	61	80	0
351	62.463542	63.819010	Bb3	54	80	0
352	62.463542	64.119792	C#5	66	80	0
353	62.467448	63.079427	E4	51	80	0
354	62.473958	63.848958	E5	63	80	0
355	62.473958	63.639323	C#4	54	80	0
356	63.244792	63.869792	F#5	85	80	0
357	63.248698	63.718750	F#4	75	80	0
358	63.692708	64.289062	F4	86	80	0
359	63.692708	64.579427	F5	95	80	0
360	64.493490	64.789062	F#4	91	80	0
361	64.493490	64.829427	F#5	96	80	0
362	64.493490	64.878906	E5	96	80	0
363	64.493490	64.919271	C#5	92	80	0
364	64.498698	64.789062	E4	85	80	0
365	64.503906	64.769531	Bb3	80	80	0
366	64.505208	64.779948	C#4	79	80	0
367	64.750000	64.889323	B3	54	80	0
368	64.753906	64.832031	D4	56	80	0
369	64.951823	66.029948	F#5	103	80	0
370	64.953125	66.000000	B4	96	80	0
371	64.953125	65.869792	D5	96	80	0
372	64.954427	65.033854	F#4	97	80	0
373	64.954427	65.031250	B3	89	80	0
374	64.955729	65.027344	D4	92	80	0
375	65.149740	65.200521	D4	83	80	0
376	65.151042	65.203125	F#4	85	80	0
377	65.153646	65.250000	B3	77	80	0
378	65.342448	65.410156	F#4	73	80	0
379	65.343750	65.408854	D4	64	80	0
380	65.546875	65.604167	B3	63	80	0
381	65.548177	65.609375	F#4	72	80	0
382	65.548177	65.608073	D4	68	80	0
383	65.744792	65.816406	F#4	74	80	0
384	65.746094	65.815104	D4	62	80	0
385	65.747396	65.815104	B3	57	80	0
386	65.958333	66.013021	F#4	77	80	0
387	65.964844	66.049479	D4	62	80	0
388	65.971354	66.016927	B3	62	80	0
389	66.174479	66.234375	B3	98	80	0
390	66.177083	66.989583	B5	98	80	0
391	66.182292	67.007812	B4	98	80	0
392	66.183594	67.029948	F#5	99	80	0
393	66.183594	66.236979	F#3	81	80	0
394	66.186198	66.244792	D3	76	80	0
395	66.363281	66.419271	B3	83	80	0
396	66.365885	66.378906	D3	64	80	0
397	66.368490	66.429688	F#3	63	80	0
398	66.567708	66.622396	B3	75	80	0
399	66.579427	66.623698	F#3	59	80	0
400	66.582031	66.630208	D3	59	80	0
401	66.760417	66.816406	B3	84	80	0
402	66.772135	66.815104	F#3	61	80	0
403	66.776042	66.822917	D3	55	80	0
404	66.960938	67.007812	B3	77	80	0
405	66.963542	67.013021	F#3	63	80	0
406	66.966146	67.019531	D3	60	80	0
407	67.152344	67.214844	B3	79	80	0
408	67.165365	67.216146	D3	56	80	0
409	67.165365	67.217448	F#3	54	80	0
410	67.354167	67.416667	A3	80	80	0
411	67.355469	67.479167	B4	84	80	0
412	67.363281	67.415365	F#4	81	80	0
413	67.364583	67.429688	F#3	74	80	0
414	67.364583	67.424479	Eb3	71	80	0
415	67.548177	67.619792	A3	89	80	0
416	67.554688	67.658854	F#3	71	80	0
417	67.555990	67.614583	Eb3	66	80	0
418	67.751302	67.807292	C5	91	80	0
419	67.752604	67.798177	C4	90	80	0
420	67.752604	67.800781	G3	87	80	0
421	67.755208	67.804688	E3	81	80	0
422	67.954427	68.020833	E3	57	80	0
423	67.955729	68.020833	G3	68	80	0
424	67.994792	68.039062	C4	35	80	0
425	68.165365	68.233073	G3	64	80	0
426	68.170573	68.234375	E3	56	80	0
427	68.174479	68.339844	C4	52	80	0
428	68.355469	68.434896	G3	72	80	0
429	68.364583	68.433594	E3	57	80	0
430	68.524740	68.614583	G4	86	80	0
431	68.528646	68.622396	C5	88	80	0
432	68.531250	68.625000	B3	91	80	0
433	68.536458	68.632812	G3	79	80	0
434	68.540365	68.627604	E3	83	80	0
435	68.733073	68.805990	B3	91	80	0
436	68.734375	68.804688	E3	80	80	0
437	68.734375	68.813802	G3	76	80	0
438	68.917969	68.984375	A3	81	80	0
439	68.917969	68.983073	Eb4	96	80	0
440	68.920573	68.990885	Eb5	95	80	0
441	68.923177	68.985677	F#3	79	80	0
442	69.106771	69.154948	A3	60	80	0
443	69.106771	69.157552	F#3	63	80	0
444	69.317708	69.376302	A3	67	80	0
445	69.322917	69.375000	F#3	61	80	0
446	69.505208	69.574219	A3	73	80	0
447	69.513021	69.576823	F#3	62	80	0
448	69.683594	69.766927	Eb5	89	80	0
449	69.684896	69.829427	A4	86	80	0
450	69.688802	69.747396	C4	84	80	0
451	69.692708	69.819010	A3	83	80	0
452	69.695312	69.755208	F#3	75	80	0
453	69.895833	69.962240	C4	86	80	0
454	69.901042	69.963542	A3	81	80	0
455	69.902344	69.970052	F#3	72	80	0
456	70.095052	70.210938	E5	92	80	0
457	70.095052	70.175781	B3	86	80	0
458	70.096354	70.174479	E4	93	80	0
459	70.100260	70.109375	G4	80	80	0
460	70.100260	70.184896	G3	82	80	0
461	70.101562	70.250000	B4	85	80	0
462	70.292969	70.365885	B3	81	80	0
463	70.294271	70.373698	G3	70	80	0
464	70.485677	70.553385	G3	70	80	0
465	70.485677	70.553385	B3	73	80	0
466	70.684896	70.752604	B3	76	80	0
467	70.684896	70.755208	G3	68	80	0
468	70.864583	71.128906	E5	89	80	0
469	70.867188	71.218750	B4	88	80	0
470	70.868490	70.947917	B3	89	80	0
471	70.873698	70.962240	G#3	91	80	0
472	71.070312	71.144531	B3	82	80	0
473	71.071615	71.145833	D4	90	80	0
474	71.072917	71.229167	G#3	76	80	0
475	71.265625	71.979167	F5	92	80	0
476	71.274740	71.350260	C#4	91	80	0
477	71.276042	71.429688	F4	89	80	0
478	71.277344	71.346354	B3	91	80	0
479	71.281250	71.354167	G#3	85	80	0
480	71.467448	71.536458	C#4	80	80	0
481	71.470052	71.579427	F4	67	80	0
482	71.472656	71.539062	B3	84	80	0
483	71.473958	71.544271	G#3	71	80	0
484	71.654948	71.725260	C#4	86	80	0
485	71.658854	71.725260	B3	84	80	0
486	71.662760	71.733073	G#3	70	80	0
487	71.846354	71.897135	C#4	86	80	0
488	71.854167	71.903646	B3	86	80	0
489	71.854167	71.903646	G#3	70	80	0
490	72.243490	72.559896	C#4	50	80	0
491	72.244792	72.558594	E5	53	80	0
492	72.246094	72.539062	G#4	45	80	0
493	72.253906	72.542969	B4	43	80	0
494	72.699219	72.794271	F5	62	80	0
495	72.703125	72.789062	C#4	46	80	0
496	72.704427	72.785156	G#4	56	80	0
497	72.705729	72.787760	B4	49	80	0
498	72.932292	73.005208	F5	69	80	0
499	72.940104	73.003906	G#4	55	80	0
500	72.946615	73.005208	B4	52	80	0
501	72.947917	73.003906	C#4	41	80	0
502	73.138021	73.212240	F5	65	80	0
503	73.144531	73.212240	C#4	51	80	0
504	73.154948	73.208333	G#4	49	80	0
505	73.154948	73.209635	B4	54	80	0
506	73.332031	73.403646	F5	71	80	0
507	73.343750	73.401042	G#4	54	80	0
508	73.351562	73.404948	C#4	40	80	0
509	73.352865	73.359375	C#5	47	80	0
510	73.354167	73.402344	B4	49	80	0
511	73.535156	73.604167	G#4	54	80	0
512	73.535156	73.609375	F5	68	80	0
513	73.540365	73.604167	C#4	48	80	0
514	73.544271	73.606771	B4	52	80	0
515	73.739583	73.805990	G#4	55	80	0
516	73.742188	73.815104	F5	70	80	0
517	73.743490	73.809896	C#4	50	80	0
518	73.751302	73.812500	B4	56	80	0
519	73.934896	74.015625	G#4	64	80	0
520	73.942708	74.022135	F5	72	80	0
521	73.944010	74.018229	C#4	56	80	0
522	73.946615	74.019531	B4	58	80	0
523	74.148438	74.226562	G#4	72	80	0
524	74.152344	74.233073	B4	64	80	0
525	74.152344	74.235677	F5	75	80	0
526	74.153646	74.230469	C#4	66	80	0
527	74.355469	74.441406	G#4	78	80	0
528	74.360677	74.446615	F5	78	80	0
529	74.363281	74.445312	B4	69	80	0
530	74.364583	74.447917	C#4	73	80	0
531	74.567708	74.665365	F5	86	80	0
532	74.571615	74.664062	G#4	88	80	0
533	74.574219	74.669271	C#4	71	80	0
534	74.574219	74.661458	B4	74	80	0
535	74.785156	74.959635	F5	91	80	0
536	74.787760	74.938802	G#4	85	80	0
537	74.798177	75.019531	C#4	75	80	0
538	74.807292	74.819010	C#5	68	80	0
539	74.824219	75.069010	F#3	66	80	0
540	74.829427	75.367188	Bb3	76	80	0
541	75.151042	75.372396	E4	76	80	0
542	75.152344	75.339844	F#4	83	80	0
543	75.153646	75.359375	F#5	99	80	0
544	75.156250	75.364583	F#6	100	80	0
545	75.156250	75.368490	C#4	67	80	0
546	75.162760	75.384115	C#6	87	80	0
547	75.165365	75.369792	E6	88	80	0
548	75.489583	75.658854	G5	98	80	0
549	75.490885	75.667969	Bb5	92	80	0
550	75.490885	75.664062	G6	97	80	0
551	75.493490	75.709635	C#6	92	80	0
552	75.493490	75.671875	E6	78	80	0
553	75.497396	75.643229	E4	79	80	0
554	75.503906	75.644531	C#4	84	80	0
555	75.506510	75.658854	F#3	66	80	0
556	75.514323	75.636719	Bb3	74	80	0
557	75.774740	75.920573	G5	99	80	0
558	75.774740	75.933594	Bb5	93	80	0
559	75.777344	75.924479	G6	97	80	0
560	75.778646	75.903646	E4	82	80	0
561	75.785156	75.906250	C#4	85	80	0
562	75.787760	75.901042	F#3	73	80	0
563	75.794271	75.902344	Bb3	80	80	0
564	76.024740	76.154948	E4	88	80	0
565	76.026042	76.173177	G5	100	80	0
566	76.027344	76.174479	G6	101	80	0
567	76.029948	76.154948	C#4	87	80	0
568	76.033854	76.182292	E6	83	80	0
569	76.035156	76.184896	Bb5	89	80	0
570	76.039062	76.144531	F#3	73	80	0
571	76.042969	76.152344	Bb3	87	80	0
572	76.273438	76.403646	G5	98	80	0
573	76.274740	76.415365	Bb5	90	80	0
574	76.274740	76.401042	E4	91	80	0
575	76.276042	76.417969	C#6	95	80	0
576	76.278646	76.429688	E6	87	80	0
577	76.279948	76.395833	C#4	95	80	0
578	76.279948	76.359375	G6	94	80	0
579	76.281250	76.384115	F#3	78	80	0
580	76.286458	76.394531	Bb3	88	80	0
581	76.510417	76.643229	E4	93	80	0
582	76.511719	76.664062	G5	105	80	0
583	76.514323	76.598958	G6	103	80	0
584	76.514323	76.647135	C#4	93	80	0
585	76.515625	76.679688	E6	89	80	0
586	76.518229	76.688802	C#6	96	80	0
587	76.528646	76.647135	Bb3	87	80	0
588	76.528646	76.539062	G3	79	80	0
589	76.533854	76.539062	F#3	78	80	0
590	76.552083	76.675781	Bb5	77	80	0
591	76.756510	76.877604	E4	82	80	0
592	76.759115	76.938802	E6	88	80	0
593	76.761719	76.904948	G5	99	80	0
594	76.763021	76.929688	G6	98	80	0
595	76.763021	76.919271	Bb5	92	80	0
596	76.764323	76.769531	G3	73	80	0
597	76.764323	76.885417	C#4	80	80	0
598	76.764323	76.949219	C#6	94	80	0
599	76.773438	76.882812	Bb3	78	80	0
600	77.024740	77.158854	G6	101	80	0
601	77.024740	77.151042	G5	101	80	0
602	77.026042	77.173177	C#6	97	80	0
603	77.026042	77.179688	E6	83	80	0
604	77.031250	77.144531	C#4	84	80	0
605	77.032552	77.141927	E4	83	80	0
606	77.032552	77.039062	Bb5	92	80	0
607	77.035156	77.128906	G3	67	80	0
608	77.035156	77.145833	Bb3	77	80	0
609	77.260417	77.449219	E6	90	80	0
610	77.263021	77.428385	G6	99	80	0
611	77.264323	77.415365	G5	97	80	0
612	77.265625	77.433594	Bb5	89	80	0
613	77.265625	77.437500	C#6	93	80	0
614	77.278646	77.406250	E4	74	80	0
615	77.281250	77.411458	C#4	74	80	0
616	77.285156	77.378906	G3	58	80	0
617	77.287760	77.408854	Bb3	61	80	0
618	77.523438	77.675781	G6	100	80	0
619	77.524740	77.686198	Bb5	91	80	0
620	77.524740	77.670573	G5	98	80	0
621	77.526042	77.750000	C#6	91	80	0
622	77.561198	77.819010	E4	59	80	0
623	77.562500	77.674479	C#4	59	80	0
624	77.563802	77.673177	Bb3	58	80	0
625	77.791667	78.001302	G6	99	80	0
626	77.792969	77.993490	G5	100	80	0
627	77.794271	78.003906	E6	83	80	0
628	77.812500	78.039062	C#4	58	80	0
629	77.825521	78.029948	E4	51	80	0
630	77.826823	78.151042	Bb3	50	80	0
631	78.096354	78.199219	E4	68	80	0
632	78.101562	78.250000	C#4	72	80	0
633	78.114583	78.459635	E6	88	80	0
634	78.115885	78.269531	G6	104	80	0
635	78.119792	78.429688	G5	102	80	0
636	78.128906	78.348958	Bb5	93	80	0
637	78.283854	78.579427	G6	69	80	0
638	78.364583	78.649740	B2	64	80	0
639	78.593750	79.079427	G6	83	80	0
640	78.596354	78.899740	G5	82	80	0
641	78.743490	78.811198	D4	52	80	0
642	78.845052	79.119792	F#3	41	80	0
643	78.955729	79.079427	D4	49	80	0
644	79.102865	79.199219	C#3	59	80	0
645	79.110677	79.819010	F#6	83	80	0
646	79.114583	80.179688	F#5	81	80	0
647	79.223958	79.329427	E4	55	80	0
648	79.391927	79.442708	E4	50	80	0
649	79.493490	79.545573	D3	68	80	0
650	79.623698	79.750000	F#4	53	80	0
651	79.671875	79.720052	F#3	45	80	0
652	79.764323	79.805990	F#4	58	80	0
653	79.893229	79.936198	B2	50	80	0
654	80.022135	80.059896	D4	43	80	0
655	80.083333	80.126302	F#3	46	80	0
656	80.174479	80.225260	D4	50	80	0
657	80.273438	81.158854	B5	81	80	0
658	80.286458	81.529948	B4	67	80	0
659	80.295573	80.358073	C#3	63	80	0
660	80.411458	80.477865	E4	54	80	0
661	80.483073	80.524740	F#3	43	80	0
662	80.583333	80.625000	E4	62	80	0
663	80.667969	80.679688	D4	61	80	0
664	80.669271	80.722656	D3	70	80	0
665	80.791667	80.949219	F#4	59	80	0
666	80.867188	80.916667	F#3	51	80	0
667	80.957031	81.229167	F#4	50	80	0
668	81.075521	81.125000	B2	61	80	0
669	81.184896	81.227865	D4	56	80	0
670	81.251302	81.313802	F#3	44	80	0
671	81.356771	81.404948	D4	54	80	0
672	81.454427	82.239583	F#5	87	80	0
673	81.463542	81.938802	F#4	77	80	0
674	81.483073	81.546875	C#3	55	80	0
675	81.587240	81.656250	E4	55	80	0
676	81.677083	81.734375	F#3	47	80	0
677	81.764323	81.919271	E4	62	80	0
678	81.854167	81.919271	D3	67	80	0
679	81.903646	81.908854	B4	54	80	0
680	81.946615	82.128906	F#4	48	80	0
681	82.040365	82.223958	F#3	58	80	0
682	82.141927	82.449219	F#4	47	80	0
683	82.244792	82.316406	B2	72	80	0
684	82.251302	82.348958	B3	61	80	0
685	82.375000	82.559896	D4	49	80	0
686	82.455729	82.628906	F#4	51	80	0
687	82.571615	82.639323	C4	47	80	0
688	82.619792	83.919271	B4	79	80	0
689	82.634115	83.419271	B3	71	80	0
690	82.657552	82.734375	C#3	69	80	0
691	82.763021	82.821615	E4	61	80	0
692	82.847656	83.019531	F#3	45	80	0
693	82.925781	83.059896	E4	61	80	0
694	83.016927	83.199219	D4	65	80	0
695	83.019531	83.207031	D3	74	80	0
696	83.131510	83.299479	F#4	72	80	0
697	83.221354	83.309896	F#3	51	80	0
698	83.395833	83.567708	E3	67	80	0
699	83.481771	83.759115	F#4	42	80	0
700	83.565104	83.729167	D4	49	80	0
701	83.631510	83.799479	B3	55	80	0
702	83.736979	83.787760	D4	49	80	0
703	83.804688	84.299479	G4	85	80	0
704	83.816406	84.209635	F3	58	80	0
705	83.934896	84.011719	D4	58	80	0
706	84.036458	84.199219	B3	58	80	0
707	84.153646	84.234375	D4	61	80	0
708	84.234375	84.572917	F#4	89	80	0
709	84.269531	84.575521	F#3	57	80	0
710	84.360677	84.434896	D4	57	80	0
711	84.483073	84.565104	B3	50	80	0
712	84.605469	84.673177	D4	56	80	0
713	84.682292	85.562500	F#4	77	80	0
714	84.714844	84.989583	F#3	54	80	0
715	84.795573	84.894531	D4	48	80	0
716	84.929688	85.009115	B3	52	80	0
717	85.050781	85.110677	D4	58	80	0
718	85.134115	85.186198	F#3	50	80	0
719	85.216146	85.273438	D4	46	80	0
720	85.313802	85.375000	B3	58	80	0
721	85.432292	85.493490	D4	54	80	0
722	85.520833	85.929688	Bb4	79	80	0
723	85.523438	85.589844	F#3	49	80	0
724	85.613281	85.692708	E4	61	80	0
725	85.712240	85.770833	C#4	61	80	0
726	85.800781	85.959635	E4	56	80	0
727	85.907552	86.139323	B4	69	80	0
728	85.916667	86.052083	B2	72	80	0
729	86.058594	86.106771	D4	64	80	0
730	86.106771	86.356771	G5	87	80	0
731	86.238281	86.295573	D4	49	80	0
732	86.334635	86.500000	G6	81	80	0
733	86.335938	86.412760	C#3	70	80	0
734	86.436198	86.506510	E4	66	80	0
735	86.533854	86.584635	F#3	48	80	0
736	86.628906	86.709635	E4	50	80	0
737	86.729167	86.809896	D3	64	80	0
738	86.854167	86.911458	F#4	58	80	0
739	86.904948	87.119792	F#6	77	80	0
740	86.940104	87.039062	F#3	41	80	0
741	86.996094	87.098958	F#4	55	80	0
742	87.102865	87.174479	B2	71	80	0
743	87.214844	87.265625	D4	58	80	0
744	87.285156	87.539062	F#6	90	80	0
745	87.289062	87.364583	F#3	61	80	0
746	87.411458	87.455729	D4	61	80	0
747	87.514323	88.039062	C#6	86	80	0
748	87.515625	87.579427	C#3	64	80	0
749	87.626302	87.684896	E4	61	80	0
750	87.725260	87.776042	F#3	42	80	0
751	87.809896	87.865885	E4	56	80	0
752	87.904948	87.994792	D3	59	80	0
753	88.032552	88.085938	F#4	59	80	0
754	88.065104	88.429688	B5	83	80	0
755	88.113281	88.199219	F#3	47	80	0
756	88.296875	88.355469	B2	47	80	0
757	88.393229	88.438802	D4	56	80	0
758	88.434896	88.734375	B5	87	80	0
759	88.453125	88.536458	F#3	61	80	0
760	88.557292	88.613281	D4	61	80	0
761	88.673177	88.751302	C#3	69	80	0
762	88.695312	89.261719	G5	92	80	0
763	88.766927	88.832031	E4	64	80	0
764	88.856771	88.928385	F#3	59	80	0
765	88.967448	89.109375	E4	56	80	0
766	89.055990	89.121094	D3	64	80	0
767	89.174479	89.359375	F#4	67	80	0
768	89.255208	89.468750	F#5	81	80	0
769	89.255208	89.348958	F#3	67	80	0
770	89.367188	89.468750	F#4	54	80	0
771	89.463542	89.524740	B2	54	80	0
772	89.563802	89.614583	D4	60	80	0
773	89.622396	89.869792	F#5	93	80	0
774	89.623698	89.707031	F#3	63	80	0
775	89.746094	89.804688	D4	68	80	0
776	89.850260	89.934896	C#3	69	80	0
777	89.851562	90.329427	C#5	82	80	0
778	89.989583	90.149740	E4	59	80	0
779	90.072917	90.144531	F#3	57	80	0
780	90.161458	90.329427	E4	45	80	0
781	90.247396	90.468750	D3	68	80	0
782	90.371094	90.598958	F#4	70	80	0
783	90.412760	90.579427	B4	83	80	0
784	90.414062	90.579427	F#3	61	80	0
785	90.614583	91.000000	E3	80	80	0
786	90.621094	91.109375	B4	79	80	0
787	90.772135	90.865885	D4	66	80	0
788	90.873698	91.059896	B3	64	80	0
789	90.971354	91.059896	D4	66	80	0
790	91.023438	91.348958	F3	86	80	0
791	91.024740	91.450521	G4	92	80	0
792	91.143229	91.279948	D4	66	80	0
793	91.278646	91.438802	B3	54	80	0
794	91.367188	91.423177	D4	59	80	0
795	91.424479	91.669271	F#4	94	80	0
796	91.425781	91.649740	F#3	75	80	0
797	91.524740	91.595052	D4	78	80	0
798	91.604167	91.687500	B3	70	80	0
799	91.697917	91.763021	D4	77	80	0
800	91.794271	92.109375	F#3	88	80	0
801	91.802083	92.209635	F#4	95	80	0
802	91.988281	92.459635	D4	80	80	0
803	92.162760	92.229167	G3	64	80	0
804	92.175781	92.354167	B3	90	80	0
805	92.356771	92.415365	G3	82	80	0
806	92.558594	92.829427	F#3	84	80	0
807	92.561198	92.869792	F#2	95	80	0
808	92.562500	92.869792	F#1	88	80	0
809	92.757812	93.029948	Bb3	96	80	0
810	92.973958	93.679688	B3	92	80	0
811	92.976562	93.049479	B2	96	80	0
812	92.981771	93.046875	B1	87	80	0
813	93.175781	93.243490	C#3	94	80	0
814	93.183594	93.244792	C#2	89	80	0
815	93.371094	93.433594	D3	95	80	0
816	93.372396	93.434896	D2	89	80	0
817	93.548177	93.604167	E3	97	80	0
818	93.550781	93.608073	E2	95	80	0
819	93.744792	94.989583	F#3	100	80	0
820	93.744792	95.839844	F#2	103	80	0
821	94.156250	95.459635	B3	98	80	0
822	94.157552	95.579427	G3	100	80	0
823	95.753906	97.250000	C4	82	80	0
824	95.787760	97.188802	E2	49	80	0
825	95.790365	96.979167	E3	53	80	0
826	95.792969	97.179688	G3	55	80	0
827	96.634115	98.369792	G4	90	80	0
828	97.097656	98.339844	Bb3	65	80	0
829	97.097656	98.569010	E4	61	80	0
830	97.105469	98.229167	C#4	59	80	0
831	97.105469	98.709635	F#3	53	80	0
832	98.049479	98.429688	F#4	65	80	0
833	98.498698	98.558594	B2	79	80	0
834	98.502604	98.949219	F#4	69	80	0
835	98.502604	98.562500	B1	76	80	0
836	98.505208	99.279948	D4	68	80	0
837	98.684896	98.753906	C#3	88	80	0
838	98.686198	98.756510	C#2	85	80	0
839	98.873698	98.934896	D3	92	80	0
840	98.873698	98.936198	D2	85	80	0
841	99.054688	99.110677	E3	93	80	0
842	99.055990	99.250000	E2	92	80	0
843	99.260417	100.158854	F#3	93	80	0
844	99.261719	101.158854	F#2	95	80	0
845	99.729167	100.848958	B3	95	80	0
846	99.731771	101.000000	G3	96	80	0
847	100.710938	102.289062	E2	46	80	0
848	101.134115	102.279948	C4	73	80	0
849	101.138021	102.218750	G3	64	80	0
850	101.145833	102.299479	E3	54	80	0
851	101.955729	103.309896	G4	80	80	0
852	102.365885	103.319010	E4	61	80	0
853	102.372396	103.378906	Bb3	60	80	0
854	102.372396	103.359375	C#4	59	80	0
855	102.375000	103.459635	F#2	58	80	0
856	102.376302	103.378906	F#3	56	80	0
857	103.122396	103.394531	F#4	51	80	0
858	104.391927	105.709635	G4	60	80	0
859	104.872396	105.789062	B2	40	80	0
860	104.873698	105.859375	D4	53	80	0
861	104.880208	105.919271	B1	38	80	0
862	104.881510	104.889323	F#3	36	80	0
863	105.632812	105.848958	F#4	53	80	0
864	106.981771	108.529948	G4	39	80	0
865	107.539062	108.579427	F#2	36	80	0
866	107.542969	108.419271	E4	32	80	0
867	107.544271	108.549479	C#4	33	80	0
868	107.545573	108.509115	F#1	34	80	0
869	108.381510	108.809896	Bb4	46	80	0
870	108.873698	109.250000	B4	43	80	0
871	108.882812	109.023438	B3	34	80	0
872	108.893229	109.005208	D4	33	80	0
873	108.894531	109.000000	B2	26	80	0
874	108.895833	109.250000	F#4	27	80	0
875	108.904948	109.169271	B1	27	80	0
876	110.195312	110.519531	B4	42	80	0
877	110.226562	110.358073	B3	28	80	0
878	110.234375	110.408854	B2	25	80	0
879	110.235677	110.342448	B1	26	80	0
880	110.238281	110.509115	F#4	25	80	0
881	110.247396	110.369792	D4	21	80	0
882	111.507812	112.039062	B4	37	80	0
883	111.552083	111.725260	D4	21	80	0
884	111.561198	111.725260	B1	24	80	0
885	111.561198	111.730469	B3	21	80	0
886	111.562500	111.949219	F#4	22	80	0
887	111.563802	111.938802	B2	22	80	0
888	112.773438	113.848958	B4	45	80	0
889	114.105469	115.289062	B4	49	80	0
890	115.533854	116.269531	B4	55	80	0
891	116.536458	117.019531	A5	54	80	0
892	116.559896	116.819010	A4	38	80	0
893	116.571615	116.959635	F#4	30	80	0
894	116.574219	116.641927	B4	36	80	0
895	116.790365	116.863281	B4	49	80	0
896	117.032552	117.789062	A5	58	80	0
897	117.032552	117.289062	A4	54	80	0
898	117.037760	117.529948	F#4	39	80	0
899	117.231771	117.292969	B4	54	80	0
900	117.444010	117.639323	B4	40	80	0
901	117.644531	117.809896	G5	65	80	0
902	117.647135	117.769531	B4	47	80	0
903	117.820312	118.039062	F#5	67	80	0
904	117.822917	117.884115	B4	52	80	0
905	117.833333	118.062500	A4	46	80	0
906	117.860677	118.049479	F#4	42	80	0
907	118.022135	118.128906	B4	55	80	0
908	118.244792	118.348958	B4	63	80	0
909	118.250000	118.979167	B5	67	80	0
910	118.251302	118.869792	G4	49	80	0
911	118.253906	118.908854	E4	43	80	0
912	118.253906	118.959635	G5	59	80	0
913	118.457031	118.518229	B4	54	80	0
914	118.643229	118.700521	B4	60	80	0
915	118.829427	118.884115	B4	55	80	0
916	119.036458	119.106771	B4	68	80	0
917	119.036458	119.369792	B5	78	80	0
918	119.041667	119.319010	G5	74	80	0
919	119.044271	119.299479	G4	65	80	0
920	119.049479	119.399740	E4	54	80	0
921	119.231771	119.286458	B4	68	80	0
922	119.454427	120.098958	B5	83	80	0
923	119.466146	120.109375	F4	62	80	0
924	119.466146	120.039062	G#5	72	80	0
925	119.468750	119.589844	B4	68	80	0
926	119.468750	120.039062	D4	57	80	0
927	119.656250	119.718750	B4	63	80	0
928	119.855469	119.989583	B4	58	80	0
929	120.046875	120.092448	B4	62	80	0
930	120.046875	120.218750	A5	78	80	0
931	120.225260	120.539062	F4	67	80	0
932	120.225260	120.399740	D4	67	80	0
933	120.227865	120.649740	B5	83	80	0
934	120.230469	120.609375	G#5	82	80	0
935	120.233073	120.290365	B4	77	80	0
936	120.404948	120.472656	B4	74	80	0
937	120.623698	121.279948	C6	81	80	0
938	120.623698	120.889323	C4	63	80	0
939	120.626302	121.029948	C5	75	80	0
940	120.627604	120.700521	E4	63	80	0
941	120.632812	121.309896	A5	72	80	0
942	120.809896	120.867188	E4	67	80	0
943	120.993490	121.065104	C4	58	80	0
944	120.994792	121.063802	E4	80	80	0
945	121.190104	121.264323	E4	84	80	0
946	121.369792	121.635417	C6	92	80	0
947	121.372396	121.619792	C5	90	80	0
948	121.373698	121.453125	E4	76	80	0
949	121.557292	121.640625	E4	77	80	0
950	121.753906	121.834635	E4	93	80	0
951	121.756510	121.938802	C4	83	80	0
952	121.756510	122.225260	A3	80	80	0
953	121.757812	122.069010	C5	93	80	0
954	121.760417	122.339844	C6	95	80	0
955	121.944010	122.032552	E4	81	80	0
956	121.953125	122.269531	C4	66	80	0
957	122.153646	122.222656	E4	89	80	0
958	122.322917	122.509115	B5	96	80	0
959	122.332031	122.410156	B4	93	80	0
960	122.343750	122.569010	E4	79	80	0
961	122.494792	122.679688	A4	98	80	0
962	122.494792	122.779948	A5	97	80	0
963	122.502604	122.750000	A3	85	80	0
964	122.503906	122.565104	C4	83	80	0
965	122.674479	122.727865	C4	77	80	0
966	122.675781	122.869792	E4	90	80	0
967	122.865885	123.598958	D6	102	80	0
968	122.873698	123.479167	D5	100	80	0
969	122.877604	123.049479	F4	88	80	0
970	122.880208	123.169271	B3	85	80	0
971	122.886719	123.179688	G#3	81	80	0
972	123.063802	123.152344	F4	80	80	0
973	123.253906	123.325521	F4	78	80	0
974	123.255208	123.429688	G#3	62	80	0
975	123.434896	123.513021	F4	74	80	0
976	123.441406	123.529948	B3	56	80	0
977	123.441406	123.516927	G#3	58	80	0
978	123.613281	123.921875	D6	107	80	0
979	123.615885	123.704427	G#3	81	80	0
980	123.615885	123.908854	D5	99	80	0
981	123.617188	123.694010	F4	79	80	0
982	123.622396	123.899740	B3	85	80	0
983	123.805990	123.906250	G#3	76	80	0
984	123.807292	123.899740	F4	83	80	0
985	124.031250	124.199219	F4	93	80	0
986	124.033854	124.514323	Bb3	102	80	0
987	124.035156	124.688802	D6	99	80	0
988	124.036458	124.509115	G#3	100	80	0
989	124.041667	124.459635	D5	96	80	0
990	124.244792	124.315104	F4	75	80	0
991	124.436198	124.609375	F4	80	80	0
992	124.617188	124.829427	F4	81	80	0
993	124.623698	124.859375	C6	95	80	0
994	124.626302	124.710938	C5	91	80	0
995	124.631510	124.710938	G#3	77	80	0
996	124.634115	124.708333	Bb3	74	80	0
997	124.798177	124.979167	G#3	83	80	0
998	124.799479	125.259115	D6	103	80	0
999	124.802083	124.885417	Bb3	84	80	0
1000	124.803385	125.098958	D5	98	80	0
1001	124.984375	125.128906	F4	75	80	0
1002	124.985677	125.100260	Bb3	79	80	0
1003	124.992188	125.096354	G#3	76	80	0
1004	125.209635	125.699219	Eb6	105	80	0
1005	125.212240	125.669271	Eb5	105	80	0
1006	125.216146	125.312500	Eb4	95	80	0
1007	125.218750	125.312500	Bb3	86	80	0
1008	125.223958	125.315104	G3	78	80	0
1009	125.402344	125.463542	Eb4	83	80	0
1010	125.403646	125.466146	Bb3	80	80	0
1011	125.403646	125.463542	G3	73	80	0
1012	125.580729	125.645833	Eb4	88	80	0
1013	125.580729	125.651042	G3	74	80	0
1014	125.582031	125.653646	Bb3	77	80	0
1015	125.772135	125.838542	Eb4	79	80	0
1016	125.773438	125.841146	D6	100	80	0
1017	125.776042	125.833333	D5	96	80	0
1018	125.779948	125.854167	G3	70	80	0
1019	125.781250	125.843750	Bb3	81	80	0
1020	125.951823	125.994792	Eb5	97	80	0
1021	125.951823	125.994792	Eb6	92	80	0
1022	125.955729	126.009115	Eb4	81	80	0
1023	125.962240	126.027344	Bb3	73	80	0
1024	125.966146	126.059896	G3	66	80	0
1025	126.135417	126.195312	Eb4	76	80	0
1026	126.140625	126.201823	Bb3	70	80	0
1027	126.143229	126.196615	G3	67	80	0
1028	126.354167	126.962240	Eb4	99	80	0
1029	126.354167	126.440104	Bb3	91	80	0
1030	126.358073	126.437500	F#3	86	80	0
1031	126.544271	126.617188	Bb3	87	80	0
1032	126.546875	126.614583	F#3	75	80	0
1033	126.723958	126.802083	Bb3	81	80	0
1034	126.723958	126.794271	F#3	78	80	0
1035	126.906250	126.973958	Bb3	80	80	0
1036	126.907552	126.983073	D4	91	80	0
1037	126.908854	126.975260	F#3	72	80	0
1038	127.092448	127.162760	Eb4	92	80	0
1039	127.093750	127.164062	Bb3	82	80	0
1040	127.093750	127.160156	F#3	77	80	0
1041	127.277344	127.330729	D4	66	80	0
1042	127.279948	127.419271	Bb3	73	80	0
1043	127.281250	127.333333	F#3	65	80	0
1044	127.489583	128.098958	Eb4	98	80	0
1045	127.490885	128.059896	F#4	93	80	0
1046	127.493490	127.570312	Eb3	94	80	0
1047	127.493490	127.565104	F#3	88	80	0
1048	127.682292	127.756510	Eb3	81	80	0
1049	127.683594	127.756510	F#3	82	80	0
1050	127.855469	127.929688	Eb3	80	80	0
1051	127.856771	127.928385	F#3	78	80	0
1052	128.036458	128.104167	Eb3	83	80	0
1053	128.039062	128.105469	F4	83	80	0
1054	128.044271	128.100260	D4	81	80	0
1055	128.225260	128.272135	Eb3	81	80	0
1056	128.226562	128.278646	F#4	85	80	0
1057	128.229167	128.272135	F#3	77	80	0
1058	128.229167	128.273438	Eb4	78	80	0
1059	128.412760	128.458333	Eb3	76	80	0
1060	128.415365	128.457031	F#3	62	80	0
1061	128.614583	129.049479	Eb5	93	80	0
1062	128.614583	129.128906	F#5	96	80	0
1063	128.621094	128.716146	Eb3	85	80	0
1064	128.621094	128.716146	C3	83	80	0
1065	128.803385	128.876302	Eb3	83	80	0
1066	128.804688	128.884115	C3	75	80	0
1067	128.994792	129.070312	C3	77	80	0
1068	128.994792	129.072917	Eb3	79	80	0
1069	129.170573	129.244792	F5	83	80	0
1070	129.171875	129.244792	Eb3	84	80	0
1071	129.171875	129.244792	C3	82	80	0
1072	129.171875	129.243490	D5	82	80	0
1073	129.346354	129.414062	C3	79	80	0
1074	129.348958	129.411458	Eb3	82	80	0
1075	129.348958	129.407552	F#5	93	80	0
1076	129.348958	129.403646	Eb5	86	80	0
1077	129.526042	129.587240	Eb3	79	80	0
1078	129.528646	129.596354	C3	73	80	0
1079	129.756510	129.873698	A2	93	80	0
1080	129.757812	129.867188	C3	93	80	0
1081	129.761719	130.158854	C6	100	80	0
1082	129.764323	130.119792	C5	100	80	0
1083	129.960938	130.042969	C3	82	80	0
1084	129.962240	130.039062	A2	77	80	0
1085	130.170573	130.233073	A2	77	80	0
1086	130.170573	130.231771	C3	73	80	0
1087	130.312500	130.509115	B5	93	80	0
1088	130.316406	130.381510	B4	88	80	0
1089	130.333333	130.398438	C3	80	80	0
1090	130.335938	130.399740	A2	72	80	0
1091	130.490885	130.531250	C6	93	80	0
1092	130.494792	130.524740	C5	90	80	0
1093	130.500000	130.587240	A2	76	80	0
1094	130.502604	130.584635	C3	77	80	0
1095	130.682292	130.756510	A2	67	80	0
1096	130.683594	130.774740	C3	73	80	0
1097	130.907552	131.010417	A2	86	80	0
1098	130.912760	131.015625	F#2	80	80	0
1099	130.912760	131.018229	C3	83	80	0
1100	130.915365	131.399740	A3	93	80	0
1101	131.114583	131.190104	A2	73	80	0
1102	131.117188	131.196615	C3	74	80	0
1103	131.118490	131.279948	F#2	74	80	0
1104	131.290365	131.369792	A2	71	80	0
1105	131.290365	131.364583	F#2	73	80	0
1106	131.291667	131.375000	C3	73	80	0
1107	131.472656	131.555990	C3	80	80	0
1108	131.475260	131.555990	G#3	88	80	0
1109	131.485677	131.554688	F#2	74	80	0
1110	131.632812	131.704427	A3	88	80	0
1111	131.641927	131.716146	A2	82	80	0
1112	131.643229	131.714844	F#2	79	80	0
1113	131.644531	131.720052	C3	79	80	0
1114	131.644531	131.649740	F#3	78	80	0
1115	131.825521	131.936198	C3	76	80	0
1116	131.825521	131.942708	F#2	73	80	0
1117	131.826823	131.968750	A2	70	80	0
1118	132.045573	132.589844	F#5	104	80	0
1119	132.052083	132.153646	A2	91	80	0
1120	132.052083	132.549479	F#6	105	80	0
1121	132.053385	132.152344	C3	92	80	0
1122	132.054688	132.188802	C2	87	80	0
1123	132.055990	132.218750	Eb2	81	80	0
1124	132.055990	132.153646	F#2	89	80	0
1125	132.250000	132.325521	A2	77	80	0
1126	132.252604	132.328125	C3	81	80	0
1127	132.253906	132.419271	F#2	79	80	0
1128	132.425781	132.511719	A2	80	80	0
1129	132.427083	132.506510	F#2	85	80	0
1130	132.429688	132.549479	C3	82	80	0
1131	132.611979	132.695312	C3	83	80	0
1132	132.613281	132.696615	A2	79	80	0
1133	132.615885	132.695312	F#2	85	80	0
1134	132.618490	132.675781	F5	96	80	0
1135	132.618490	132.682292	F6	96	80	0
1136	132.623698	132.628906	Eb2	70	80	0
1137	132.794271	132.847656	F#5	96	80	0
1138	132.794271	132.865885	A2	75	80	0
1139	132.795573	132.847656	F#6	95	80	0
1140	132.798177	132.889323	F#2	81	80	0
1141	132.799479	132.864583	C3	78	80	0
1142	132.971354	133.075521	A2	68	80	0
1143	132.972656	133.075521	C3	71	80	0
1144	132.973958	133.098958	F#2	70	80	0
1145	133.174479	133.539062	C5	95	80	0
1146	133.177083	133.569010	A4	96	80	0
1147	133.183594	133.539062	F#4	94	80	0
1148	133.184896	133.295573	C3	92	80	0
1149	133.184896	133.378906	D2	88	80	0
1150	133.186198	133.294271	A2	89	80	0
1151	133.195312	133.294271	F#2	85	80	0
1152	133.385417	133.492188	A2	75	80	0
1153	133.386719	133.493490	C3	86	80	0
1154	133.389323	133.494792	F#2	84	80	0
1155	133.389323	133.493490	D2	79	80	0
1156	133.390625	133.399740	C2	82	80	0
1157	133.584635	133.661458	A2	74	80	0
1158	133.587240	133.664062	F#2	73	80	0
1159	133.587240	133.653646	D2	72	80	0
1160	133.729167	133.796875	B4	84	80	0
1161	133.734375	133.789062	F#4	81	80	0
1162	133.747396	133.824219	D2	75	80	0
1163	133.755208	133.869792	C3	75	80	0
1164	133.755208	133.826823	A2	73	80	0
1165	133.760417	133.834635	F#2	74	80	0
1166	133.912760	133.975260	A4	86	80	0
1167	133.914062	133.983073	F#4	91	80	0
1168	133.915365	133.981771	C5	83	80	0
1169	133.915365	133.983073	A2	86	80	0
1170	133.915365	133.983073	F#2	82	80	0
1171	133.921875	134.000000	D2	81	80	0
1172	134.104167	134.179688	A2	79	80	0
1173	134.105469	134.188802	F#2	75	80	0
1174	134.108073	134.199219	C2	75	80	0
1175	134.108073	134.218750	D2	76	80	0
1176	134.109375	134.195312	C3	73	80	0
1177	134.334635	134.509115	G2	98	80	0
1178	134.335938	134.402344	G#4	88	80	0
1179	134.335938	134.619792	B4	89	80	0
1180	134.337240	134.509115	G1	91	80	0
1181	134.337240	134.609375	F4	83	80	0
1182	134.522135	134.597656	G2	81	80	0
1183	134.523438	134.639323	G1	74	80	0
1184	134.707031	134.773438	G2	76	80	0
1185	134.708333	134.770833	G1	75	80	0
1186	134.710938	134.718750	D4	72	80	0
1187	134.894531	134.967448	F5	81	80	0
1188	134.902344	134.963542	G#4	82	80	0
1189	134.904948	134.964844	B4	72	80	0
1190	135.093750	135.145833	E5	82	80	0
1191	135.096354	135.144531	C5	78	80	0
1192	135.096354	135.144531	G4	74	80	0
1193	135.527344	135.705729	Eb5	78	80	0
1194	135.532552	135.696615	A4	69	80	0
1195	135.533854	135.707031	F#4	67	80	0
1196	135.701823	135.760417	G2	77	80	0
1197	135.703125	135.759115	G1	73	80	0
1198	135.891927	135.938802	G2	70	80	0
1199	135.893229	135.942708	G1	68	80	0
1200	136.080729	136.171875	Eb5	79	80	0
1201	136.087240	136.164062	F#4	69	80	0
1202	136.089844	136.153646	A4	66	80	0
1203	136.283854	136.329427	B4	73	80	0
1204	136.283854	136.329427	F4	68	80	0
1205	136.285156	136.337240	D5	76	80	0
1206	136.709635	136.921875	C#5	74	80	0
1207	136.712240	136.925781	E4	69	80	0
1208	136.713542	136.915365	G4	65	80	0
1209	136.885417	136.949219	G2	72	80	0
1210	136.886719	136.944010	G1	67	80	0
1211	137.072917	137.114583	G2	81	80	0
1212	137.074219	137.114583	G1	70	80	0
1213	137.248698	137.309896	C5	70	80	0
1214	137.252604	137.311198	G4	67	80	0
1215	137.252604	137.308594	Eb4	65	80	0
1216	137.444010	137.505208	B4	78	80	0
1217	137.445312	137.492188	D4	67	80	0
1218	137.449219	137.498698	G4	65	80	0
1219	137.860677	137.927083	Bb4	68	80	0
1220	137.863281	137.915365	C#4	56	80	0
1221	137.864583	137.915365	E4	52	80	0
1222	138.041667	138.095052	G2	51	80	0
1223	138.041667	138.093750	G1	50	80	0
1224	138.263021	138.330729	A4	62	80	0
1225	138.265625	138.317708	C4	50	80	0
1226	138.270833	138.319010	E4	53	80	0
1227	138.455729	138.507812	G2	53	80	0
1228	138.455729	138.513021	G1	53	80	0
1229	138.455729	138.509115	D4	45	80	0
1230	138.653646	138.718750	G#4	66	80	0
1231	138.662760	138.710938	C4	49	80	0
1232	138.664062	138.713542	Eb4	56	80	0
1233	138.845052	138.928385	G2	48	80	0
1234	138.845052	138.927083	G1	49	80	0
1235	139.067708	139.130208	G4	57	80	0
1236	139.264323	139.419271	G1	46	80	0
1237	139.264323	139.388021	G2	43	80	0
1238	139.453125	139.528646	F#4	61	80	0
1239	139.652344	139.811198	A2	60	80	0
1240	139.653646	139.803385	A1	57	80	0
1241	139.843750	139.914062	F4	64	80	0
1242	140.027344	140.213542	B2	68	80	0
1243	140.042969	140.205729	B1	59	80	0
1244	140.225260	140.307292	E4	81	80	0
1245	140.403646	140.536458	C3	82	80	0
1246	140.407552	140.532552	C2	76	80	0
1247	140.595052	140.750000	Eb4	89	80	0
1248	140.769531	140.954427	C#3	83	80	0
1249	140.773438	140.940104	C#2	74	80	0
1250	140.984375	141.127604	D4	86	80	0
1251	141.170573	141.371094	D3	82	80	0
1252	141.171875	141.365885	D2	73	80	0
1253	141.365885	141.480469	C#4	93	80	0
1254	141.554688	141.772135	Eb3	73	80	0
1255	141.765625	141.919271	C4	80	80	0
1256	141.934896	142.106771	E3	60	80	0
1257	141.937500	142.109375	E2	60	80	0
1258	142.144531	142.342448	B3	87	80	0
1259	142.334635	142.457031	F3	64	80	0
1260	142.335938	142.454427	F2	62	80	0
1261	142.540365	142.725260	Bb3	75	80	0
1262	142.734375	143.029948	F#3	48	80	0
1263	142.739583	142.932292	F#2	49	80	0
1264	142.949219	143.147135	A3	62	80	0
1265	143.162760	143.286458	G3	52	80	0
1266	143.178385	143.286458	G2	44	80	0
1267	143.380208	143.605469	G#3	60	80	0
1268	143.615885	143.903646	G3	38	80	0
1269	143.619792	143.894531	G2	38	80	0
1270	143.891927	144.255208	G#3	50	80	0
1271	144.194010	144.696615	G3	61	80	0
1272	144.654948	146.919271	G4	67	80	0
1273	146.061198	148.179688	F4	41	80	0
1274	147.464844	149.250000	G4	40	80	0
1275	147.467448	148.158854	B3	36	80	0
1276	148.132812	148.438802	C4	31	80	0
1277	148.135417	149.049479	E4	31	80	0
1278	148.630208	149.218750	C5	53	80	0
1279	148.666667	149.149740	C4	28	80	0
1280	149.115885	149.700521	A4	54	80	0
1281	149.121094	149.656250	C#4	44	80	0
1282	149.588542	150.194010	G4	51	80	0
1283	149.592448	150.279948	D4	40	80	0
1284	150.093750	150.539062	A3	38	80	0
1285	150.095052	150.343750	F4	48	80	0
1286	150.511719	151.000000	Bb3	55	80	0
1287	150.539062	151.529948	F4	60	80	0
1288	150.967448	151.739583	B3	64	80	0
1289	151.364583	152.029948	D5	63	80	0
1290	151.373698	152.049479	G3	41	80	0
1291	151.946615	152.959635	F4	56	80	0
1292	151.950521	152.464844	D4	53	80	0
1293	152.411458	152.895833	C#4	61	80	0
1294	152.903646	153.128906	C4	50	80	0
1295	152.911458	153.100260	E4	60	80	0
1296	153.285156	153.759115	E4	57	80	0
1297	153.285156	154.709635	C4	62	80	0
1298	153.302083	153.779948	Bb3	62	80	0
1299	153.433594	153.540365	G4	56	80	0
1300	153.548177	153.630208	C5	65	80	0
1301	153.644531	153.765625	E5	69	80	0
1302	153.747396	154.628906	A3	57	80	0
1303	153.752604	153.959635	F5	75	80	0
1304	153.878906	153.971354	C5	65	80	0
1305	153.984375	154.065104	A4	65	80	0
1306	154.080729	154.169271	F4	60	80	0
1307	154.195312	154.378906	A4	65	80	0
1308	154.201823	154.658854	F4	58	80	0
1309	154.216146	154.729167	F3	57	80	0
1310	154.296875	154.393229	C5	68	80	0
1311	154.401042	154.493490	F5	64	80	0
1312	154.481771	154.609375	A5	73	80	0
1313	154.622396	154.739583	A5	69	80	0
1314	154.649740	155.069010	D4	81	80	0
1315	154.747396	154.839844	A5	59	80	0
1316	154.755208	154.769531	D5	55	80	0
1317	154.850260	154.967448	A5	73	80	0
1318	154.971354	155.070312	D6	71	80	0
1319	155.087240	155.579427	C4	76	80	0
1320	155.123698	155.819010	G3	56	80	0
1321	155.197917	155.329427	D5	56	80	0
1322	155.321615	155.511719	A5	50	80	0
1323	155.433594	155.549479	Bb5	51	80	0
1324	155.532552	155.636719	G5	65	80	0
1325	155.561198	155.878906	Bb3	78	80	0
1326	155.584635	156.098958	D3	60	80	0
1327	155.664062	155.733073	D5	59	80	0
1328	155.766927	155.847656	G5	61	80	0
1329	155.858073	155.945312	Bb5	67	80	0
1330	155.966146	157.079427	Bb3	78	80	0
1331	155.972656	156.055990	G5	69	80	0
1332	155.979167	156.399740	F3	64	80	0
1333	156.082031	156.154948	C#5	67	80	0
1334	156.180990	156.281250	G5	69	80	0
1335	156.295573	156.372396	Bb5	69	80	0
1336	156.386719	157.259115	E3	62	80	0
1337	156.386719	156.459635	G5	73	80	0
1338	156.493490	156.562500	C5	71	80	0
1339	156.584635	156.691406	G5	71	80	0
1340	156.683594	156.777344	Bb5	72	80	0
1341	156.802083	156.873698	E5	74	80	0
1342	156.803385	157.089844	G4	78	80	0
1343	156.916667	156.996094	C5	64	80	0
1344	157.035156	157.113281	E5	66	80	0
1345	157.136719	157.289062	G5	65	80	0
1346	157.276042	158.128906	Bb3	81	80	0
1347	157.302083	157.419271	G5	65	80	0
1348	157.304688	157.729167	C3	56	80	0
1349	157.399740	157.484375	E5	63	80	0
1350	157.485677	157.606771	G5	70	80	0
1351	157.626302	157.708333	C6	67	80	0
1352	157.697917	158.089844	F3	67	80	0
1353	157.716146	157.783854	G5	61	80	0
1354	157.815104	157.897135	E5	63	80	0
1355	157.904948	158.005208	G5	70	80	0
1356	158.016927	158.115885	C6	70	80	0
1357	158.135417	158.279948	A5	66	80	0
1358	158.139323	158.579427	F3	61	80	0
1359	158.141927	158.549479	A3	62	80	0
1360	158.251302	158.329427	F5	62	80	0
1361	158.345052	158.454427	A5	67	80	0
1362	158.466146	158.639323	C6	66	80	0
1363	158.572917	158.636719	A5	62	80	0
1364	158.574219	159.699219	A2	69	80	0
1365	158.682292	158.747396	F5	59	80	0
1366	158.774740	158.863281	A5	59	80	0
1367	158.888021	158.973958	C6	63	80	0
1368	158.992188	159.089844	A5	54	80	0
1369	159.085938	159.147135	F5	50	80	0
1370	159.182292	159.285156	A5	60	80	0
1371	159.334635	159.459635	D6	55	80	0
1372	159.395833	160.139323	D3	63	80	0
1373	159.406250	159.529948	A5	50	80	0
1374	159.501302	159.658854	F5	63	80	0
1375	159.582031	159.694010	A5	57	80	0
1376	159.721354	159.812500	D6	65	80	0
1377	159.789062	159.889323	Bb5	63	80	0
1378	159.805990	160.229167	Bb2	74	80	0
1379	159.890625	159.966146	F5	64	80	0
1380	159.989583	160.089844	Bb5	69	80	0
1381	160.101562	160.218750	Bb5	54	80	0
1382	160.179688	160.283854	B5	78	80	0
1383	160.214844	160.559896	A2	74	80	0
1384	160.302083	160.394531	F5	68	80	0
1385	160.401042	160.496094	B5	68	80	0
1386	160.493490	160.688802	D6	72	80	0
1387	160.610677	160.968750	G#2	76	80	0
1388	160.701823	160.859375	E5	58	80	0
1389	160.804688	160.915365	B5	66	80	0
1390	160.928385	161.013021	D6	73	80	0
1391	161.023438	161.968750	G#2	73	80	0
1392	161.023438	161.079427	E5	70	80	0
1393	161.023438	161.098958	B5	72	80	0
1394	161.125000	161.195312	E5	68	80	0
1395	161.214844	161.317708	B5	78	80	0
1396	161.317708	161.416667	D6	82	80	0
1397	161.404948	161.479167	B5	84	80	0
1398	161.503906	161.585938	E5	80	80	0
1399	161.593750	161.701823	B5	88	80	0
1400	161.695312	161.845052	D6	87	80	0
1401	161.777344	161.855469	B5	82	80	0
1402	161.783854	162.819010	E3	77	80	0
1403	161.873698	161.953125	E5	76	80	0
1404	161.972656	162.079427	B5	79	80	0
1405	162.079427	162.259115	D6	85	80	0
1406	162.180990	162.246094	B5	80	80	0
1407	162.184896	162.619792	G#2	65	80	0
1408	162.279948	162.345052	E5	71	80	0
1409	162.364583	162.479167	B5	75	80	0
1410	162.481771	162.572917	D6	83	80	0
1411	162.566406	162.643229	B5	68	80	0
1412	162.575521	163.179688	A2	68	80	0
1413	162.673177	162.747396	E5	72	80	0
1414	162.761719	162.850260	B5	81	80	0
1415	162.848958	162.932292	C6	82	80	0
1416	162.944010	164.039062	E3	89	80	0
1417	162.949219	163.024740	A5	80	80	0
1418	163.041667	163.158854	E5	76	80	0
1419	163.134115	163.204427	A5	79	80	0
1420	163.248698	163.346354	C6	77	80	0
1421	163.330729	163.829427	A2	65	80	0
1422	163.333333	163.402344	A5	71	80	0
1423	163.436198	163.503906	E5	64	80	0
1424	163.520833	163.615885	A5	64	80	0
1425	163.625000	163.705729	C6	70	80	0
1426	163.722656	163.809896	A5	67	80	0
1427	163.723958	164.299479	B2	76	80	0
1428	163.820312	163.906250	D5	80	80	0
1429	163.908854	164.023438	A5	83	80	0
1430	164.014323	164.135417	B5	90	80	0
1431	164.114583	164.203125	G#5	83	80	0
1432	164.114583	165.158854	E3	89	80	0
1433	164.216146	164.299479	D5	78	80	0
1434	164.315104	164.415365	G#5	79	80	0
1435	164.415365	164.528646	B5	75	80	0
1436	164.488281	165.039062	B2	69	80	0
1437	164.520833	164.604167	G#5	72	80	0
1438	164.619792	164.714844	D5	68	80	0
1439	164.718750	164.807292	G#5	74	80	0
1440	164.807292	164.885417	B5	75	80	0
1441	164.865885	165.479167	C3	76	80	0
1442	164.886719	164.946615	G#5	69	80	0
1443	164.976562	165.053385	C5	75	80	0
1444	165.054688	165.162760	G#5	80	80	0
1445	165.158854	165.319010	B5	83	80	0
1446	165.247396	165.378906	G#5	79	80	0
1447	165.253906	166.149740	E3	90	80	0
1448	165.342448	165.414062	A5	89	80	0
1449	165.450521	165.522135	C5	72	80	0
1450	165.529948	165.623698	A5	82	80	0
1451	165.638021	165.713542	G#5	79	80	0
1452	165.652344	166.119792	C3	68	80	0
1453	165.708333	165.744792	A5	74	80	0
1454	165.802083	165.919271	C5	72	80	0
1455	165.852865	165.902344	A5	76	80	0
1456	165.988281	166.074219	A5	76	80	0
1457	166.033854	166.609375	Eb3	82	80	0
1458	166.106771	166.183594	B4	76	80	0
1459	166.187500	166.287760	A5	82	80	0
1460	166.276042	166.397135	B5	91	80	0
1461	166.380208	167.250000	B3	98	80	0
1462	166.382812	166.481771	A5	80	80	0
1463	166.515625	166.658854	B4	69	80	0
1464	166.595052	166.683594	A5	81	80	0
1465	166.682292	166.782552	B5	85	80	0
1466	166.773438	167.199219	Eb3	88	80	0
1467	166.777344	166.863281	A5	74	80	0
1468	166.893229	166.954427	B4	76	80	0
1469	166.973958	167.065104	A5	76	80	0
1470	167.071615	167.147135	B5	71	80	0
1471	167.164062	167.819010	E3	85	80	0
1472	167.165365	167.253906	A5	72	80	0
1473	167.273438	167.348958	B4	82	80	0
1474	167.355469	167.454427	A5	85	80	0
1475	167.440104	167.545573	B5	93	80	0
1476	167.526042	168.149740	C4	98	80	0
1477	167.533854	167.623698	A5	84	80	0
1478	167.647135	167.848958	B4	75	80	0
1479	167.730469	167.832031	A5	84	80	0
1480	167.821615	167.914062	B5	84	80	0
1481	167.897135	168.438802	E3	72	80	0
1482	167.904948	167.984375	A5	74	80	0
1483	168.013021	168.080729	B4	70	80	0
1484	168.097656	168.197917	A5	82	80	0
1485	168.186198	168.286458	B5	87	80	0
1486	168.283854	168.371094	A5	81	80	0
1487	168.285156	168.908854	F#3	84	80	0
1488	168.385417	168.454427	B4	80	80	0
1489	168.466146	168.571615	A5	84	80	0
1490	168.559896	168.664062	B5	94	80	0
1491	168.664062	168.752604	A5	87	80	0
1492	168.665365	169.669271	Eb4	103	80	0
1493	168.765625	168.852865	B4	75	80	0
1494	168.865885	168.966146	A5	84	80	0
1495	168.968750	169.048177	B5	92	80	0
1496	169.031250	169.444010	F#3	83	80	0
1497	169.037760	169.113281	A5	76	80	0
1498	169.134115	169.199219	B4	74	80	0
1499	169.135417	169.188802	B5	75	80	0
1500	169.226562	169.305990	A5	76	80	0
1501	169.299479	169.408854	B5	87	80	0
1502	169.414062	170.019531	G3	92	80	0
1503	169.414062	169.511719	G5	90	80	0
1504	169.527344	169.604167	B4	80	80	0
1505	169.611979	169.694010	G5	79	80	0
1506	169.687500	169.794271	B5	91	80	0
1507	169.794271	169.959635	G5	85	80	0
1508	169.794271	170.509115	E4	106	80	0
1509	169.886719	170.049479	B4	78	80	0
1510	169.966146	170.128906	G5	78	80	0
1511	170.045573	170.188802	B5	75	80	0
1512	170.194010	170.539062	G3	91	80	0
1513	170.195312	170.283854	B5	91	80	0
1514	170.290365	170.369792	E5	83	80	0
1515	170.377604	170.468750	B5	75	80	0
1516	170.459635	170.562500	E6	88	80	0
1517	170.558594	171.199219	A3	97	80	0
1518	170.559896	170.750000	C6	92	80	0
1519	170.673177	170.744792	E5	81	80	0
1520	170.756510	170.859375	C6	87	80	0
1521	170.847656	170.938802	E6	92	80	0
1522	170.938802	171.619792	F#4	103	80	0
1523	170.941406	171.036458	C6	93	80	0
1524	171.046875	171.138021	E5	85	80	0
1525	171.148438	171.251302	C6	89	80	0
1526	171.243490	171.345052	E6	89	80	0
1527	171.326823	171.679688	A3	96	80	0
1528	171.329427	171.420573	C6	83	80	0
1529	171.436198	171.513021	E5	85	80	0
1530	171.523438	171.625000	C6	90	80	0
1531	171.613281	171.723958	E6	91	80	0
1532	171.705729	172.319010	Bb3	100	80	0
1533	171.713542	171.821615	C#6	88	80	0
1534	171.824219	171.915365	G5	77	80	0
1535	171.910156	172.014323	C#6	87	80	0
1536	172.009115	172.117188	E6	88	80	0
1537	172.089844	172.639323	G4	104	80	0
1538	172.110677	172.214844	C#6	94	80	0
1539	172.218750	172.298177	G5	87	80	0
1540	172.317708	172.416667	C#6	87	80	0
1541	172.412760	172.524740	E6	87	80	0
1542	172.473958	172.729167	Bb3	99	80	0
1543	172.490885	172.574219	C#6	77	80	0
1544	172.576823	172.660156	G5	89	80	0
1545	172.670573	172.774740	C#6	85	80	0
1546	172.757812	172.919271	E6	81	80	0
1547	172.864583	173.679688	B3	106	80	0
1548	172.873698	172.975260	B5	90	80	0
1549	172.970052	173.139323	G5	90	80	0
1550	173.075521	173.158854	B5	78	80	0
1551	173.153646	173.319010	E6	79	80	0
1552	173.244792	173.769531	E4	107	80	0
1553	173.246094	173.399740	G6	96	80	0
1554	173.359375	173.446615	F#6	96	80	0
1555	173.447917	173.557292	E6	86	80	0
1556	173.545573	173.626302	Eb6	88	80	0
1557	173.636719	174.269531	G4	100	80	0
1558	173.641927	173.718750	E6	84	80	0
1559	173.734375	173.820312	Eb6	84	80	0
1560	173.825521	173.940104	E6	89	80	0
1561	173.923177	173.993490	F#6	91	80	0
1562	174.015625	174.125000	G6	104	80	0
1563	174.023438	174.468750	B4	98	80	0
1564	174.128906	174.216146	F#6	87	80	0
1565	174.212240	174.304688	E6	87	80	0
1566	174.295573	174.378906	Eb6	85	80	0
1567	174.401042	174.559896	G6	103	80	0
1568	174.407552	174.559896	E5	104	80	0
1569	174.488281	174.591146	F#6	93	80	0
1570	174.580729	174.703125	E6	85	80	0
1571	174.692708	174.829427	Eb6	90	80	0
1572	174.802083	175.019531	G6	105	80	0
1573	174.815104	174.906250	G5	104	80	0
1574	174.904948	175.014323	F#6	94	80	0
1575	174.998698	175.114583	E6	90	80	0
1576	175.095052	175.233073	Eb6	93	80	0
1577	175.223958	175.367188	G6	104	80	0
1578	175.335938	175.453125	F#6	98	80	0
1579	175.436198	175.540365	E6	90	80	0
1580	175.526042	175.614583	Eb6	94	80	0
1581	175.622396	175.723958	G5	95	80	0
1582	175.622396	175.721354	E6	92	80	0
1583	175.713542	175.811198	F#5	91	80	0
1584	175.826823	175.910156	E5	90	80	0
1585	175.906250	175.997396	Eb5	92	80	0
1586	175.997396	176.559896	E5	95	80	0
1587	176.445312	176.713542	G6	84	80	0
1588	176.674479	176.901042	F#6	92	80	0
1589	176.867188	177.084635	E6	85	80	0
1590	176.873698	177.084635	G5	85	80	0
1591	177.062500	177.296875	Eb6	90	80	0
1592	177.063802	177.295573	F#5	90	80	0
1593	177.255208	177.459635	E5	91	80	0
1594	177.259115	177.468750	E6	80	80	0
1595	177.444010	177.635417	Eb5	90	80	0
1596	177.677083	178.239583	G6	85	80	0
1597	177.677083	178.128906	E5	74	80	0
1598	178.121094	178.609375	F#6	84	80	0
1599	178.523438	178.973958	G5	69	80	0
1600	178.524740	179.029948	E6	66	80	0
1601	178.919271	179.419271	Eb6	72	80	0
1602	178.921875	179.386719	F#5	70	80	0
1603	179.316406	179.848958	E6	72	80	0
1604	179.320312	179.794271	E5	74	80	0
1605	179.716146	180.218750	Eb5	78	80	0
1606	180.173177	182.229167	G6	81	80	0
1607	180.174479	180.779948	E5	69	80	0
1608	181.070312	181.699219	F#6	68	80	0
1609	181.522135	182.539062	G5	59	80	0
1610	181.964844	182.468750	E6	65	80	0
1611	182.433594	183.029948	F#5	57	80	0
1612	182.928385	184.029948	G4	55	80	0
1613	183.433594	184.049479	E5	54	80	0
1614	183.953125	184.399740	F#4	63	80	0
1615	184.248698	184.529948	E4	65	80	0
1616	184.542969	185.679688	E4	47	80	0
1617	184.562500	185.679688	G4	56	80	0
1618	185.602865	185.904948	F#4	54	80	0
1619	185.903646	186.009115	E4	61	80	0
1620	186.177083	186.628906	E4	55	80	0
1621	186.630208	187.039062	G4	41	80	0
1622	186.640625	187.109375	E4	35	80	0
1623	187.096354	187.438802	F#4	43	80	0
1624	187.100260	187.350260	G4	42	80	0
1625	187.375000	187.433594	E4	45	80	0
1626	187.593750	187.839844	E4	48	80	0
1627	187.606771	187.875000	F#4	47	80	0
1628	187.848958	187.912760	E4	57	80	0
1629	188.042969	188.087240	E4	62	80	0
1630	188.253906	188.477865	G4	59	80	0
1631	188.455729	188.679688	F#4	52	80	0
1632	188.644531	188.854167	G5	76	80	0
1633	188.648438	189.098958	E4	59	80	0
1634	188.845052	189.005208	F#5	77	80	0
1635	189.014323	189.066406	E5	72	80	0
1636	189.015625	189.098958	G6	76	80	0
1637	189.205729	189.407552	F#6	76	80	0
1638	189.373698	189.459635	E6	83	80	0
1639	189.376302	189.574219	G5	89	80	0
1640	189.553385	189.753906	F#5	85	80	0
1641	189.714844	189.869792	E5	84	80	0
1642	189.717448	189.944010	G4	88	80	0
1643	189.895833	190.122396	F#4	79	80	0
1644	190.074219	190.449219	E4	86	80	0
1645	190.076823	190.269531	G3	80	80	0
1646	190.251302	190.442708	F#3	80	80	0
1647	190.427083	190.688802	E3	84	80	0
1648	190.614583	190.789062	G4	89	80	0
1649	190.619792	191.079427	E2	85	80	0
1650	190.621094	190.785156	E4	86	80	0
1651	190.621094	190.786458	G3	87	80	0
1652	190.621094	190.809896	B3	89	80	0
1653	191.075521	191.750000	G4	92	80	0
1654	191.082031	191.718750	E4	89	80	0
1655	191.084635	191.509115	G3	93	80	0
1656	191.087240	191.539062	B3	84	80	0
1657	191.089844	191.598958	E2	80	80	0
1658	191.091146	191.329427	E3	84	80	0
1659	191.705729	191.893229	F#4	86	80	0
1660	191.845052	192.169271	E4	93	80	0
1661	191.846354	192.128906	E3	93	80	0
1662	191.848958	192.049479	G3	91	80	0
1663	191.851562	192.149740	E2	82	80	0
1664	192.377604	192.644531	A4	94	80	0
1665	192.382812	192.779948	F#4	92	80	0
1666	192.382812	192.636719	A3	92	80	0
1667	192.384115	192.669271	D4	83	80	0
1668	192.385417	192.631510	D3	89	80	0
1669	192.386719	192.630208	D2	80	80	0
1670	193.186198	193.561198	A4	78	80	0
1671	193.210938	193.628906	F#4	61	80	0
1672	193.216146	194.109375	D4	49	80	0
1673	193.746094	194.394531	A4	68	80	0
1674	193.765625	194.415365	F#4	52	80	0
1675	193.772135	194.389323	C4	48	80	0
1676	194.359375	194.569010	G4	69	80	0
1677	194.367188	194.569010	D4	51	80	0
1678	194.373698	194.509115	B3	53	80	0
1679	194.553385	195.039062	A4	75	80	0
1680	194.557292	194.968750	A3	56	80	0
1681	194.563802	194.959635	C4	55	80	0
1682	194.563802	194.968750	F#4	61	80	0
1683	195.015625	195.489583	B4	59	80	0
1684	195.020833	195.479167	G4	50	80	0
1685	195.020833	195.479167	B3	47	80	0
1686	195.024740	195.509115	G3	42	80	0
1687	195.790365	195.979167	B4	87	80	0
1688	195.794271	195.865885	B3	88	80	0
1689	195.794271	195.872396	D4	87	80	0
1690	195.795573	195.864583	G2	80	80	0
1691	195.796875	195.861979	G3	83	80	0
1692	196.289062	196.759115	B4	92	80	0
1693	196.294271	196.779948	B3	91	80	0
1694	196.294271	196.619792	G3	82	80	0
1695	196.294271	196.639323	D4	84	80	0
1696	196.294271	196.739583	G2	73	80	0
1697	196.298177	196.959635	G4	80	80	0
1698	196.923177	197.119792	A4	86	80	0
1699	197.065104	197.329427	G4	93	80	0
1700	197.065104	197.154948	B3	88	80	0
1701	197.067708	197.158854	G3	90	80	0
1702	197.070312	197.140625	G2	88	80	0
1703	197.072917	197.279948	G1	80	80	0
1704	197.565104	197.709635	F#2	81	80	0
1705	197.565104	197.989583	C#5	94	80	0
1706	197.566406	197.750000	C#4	91	80	0
1707	197.566406	197.688802	F#1	76	80	0
1708	197.570312	197.919271	Bb4	94	80	0
1709	198.432292	198.804688	C#5	80	80	0
1710	198.441406	198.799479	Bb4	72	80	0
1711	198.441406	199.479167	F#4	62	80	0
1712	198.955729	199.669271	C#5	72	80	0
1713	198.964844	199.658854	Bb4	64	80	0
1714	198.970052	199.658854	E4	53	80	0
1715	199.606771	199.829427	B4	72	80	0
1716	199.610677	199.979167	F#4	46	80	0
1717	199.613281	199.769531	D4	50	80	0
1718	199.781250	200.319010	C#5	83	80	0
1719	199.790365	200.399740	E4	58	80	0
1720	199.791667	200.239583	Bb4	69	80	0
1721	199.798177	200.218750	C#4	62	80	0
1722	200.309896	200.839844	D5	65	80	0
1723	200.320312	200.750000	B4	56	80	0
1724	200.324219	200.848958	D4	42	80	0
1725	200.325521	200.859375	B3	43	80	0
1726	201.239583	202.669271	D5	53	80	0
1727	201.744792	204.039062	G4	34	80	0
1728	201.750000	202.929688	D4	34	80	0
1729	201.752604	202.989583	B3	33	80	0
1730	202.169271	203.188802	G5	65	80	0
1731	202.613281	204.049479	E4	45	80	0
1732	202.613281	203.156250	E5	72	80	0
1733	203.055990	203.779948	D5	72	80	0
1734	203.059896	204.359375	A3	43	80	0
1735	203.520833	203.789062	C5	74	80	0
1736	203.912760	204.938802	C5	80	80	0
1737	203.914062	205.149740	F#4	59	80	0
1738	203.914062	204.489583	Eb4	61	80	0
1739	204.352865	205.389323	D4	64	80	0
1740	204.744792	205.269531	A5	79	80	0
1741	205.154948	205.602865	F#4	71	80	0
1742	205.165365	206.169271	C5	78	80	0
1743	205.597656	207.000000	G4	76	80	0
1744	206.054688	206.319010	B4	73	80	0
1745	206.460938	207.059896	G3	56	80	0
1746	206.463542	208.500000	B4	67	80	0
1747	206.919271	208.119792	E3	57	80	0
1748	207.382812	207.674479	G4	59	80	0
1749	207.864583	209.076823	G4	64	80	0
1750	207.867188	208.669271	E4	59	80	0
1751	208.437500	209.559896	C4	48	80	0
1752	209.026042	209.287760	E4	47	80	0
1753	209.621094	212.500000	E4	48	80	0
1754	209.634115	211.259115	C3	33	80	0
1755	210.305990	212.929688	C2	34	80	0
1756	210.936198	211.968750	G3	30	80	0
1757	211.714844	213.299479	E3	37	80	0
1758	212.973958	214.438802	B3	34	80	0
1759	212.983073	214.549479	Eb3	26	80	0
1760	213.014323	214.489583	B2	23	80	0
1761	213.024740	214.269531	B1	24	80	0
1762	215.276042	216.789062	E6	62	80	0
1763	215.277344	216.449219	E5	61	80	0
1764	215.483073	215.869792	G2	34	80	0
1765	215.493490	216.889323	E3	34	80	0
1766	216.055990	216.889323	B3	60	80	0
1767	216.735677	217.000000	Eb6	77	80	0
1768	216.742188	216.851562	Eb5	69	80	0
1769	216.994792	217.209635	E6	87	80	0
1770	216.996094	217.199219	E5	80	80	0
1771	217.682292	218.569010	F#4	56	80	0
1772	217.723958	218.609375	E4	38	80	0
1773	217.744792	218.919271	A2	31	80	0
1774	217.746094	218.339844	C4	34	80	0
1775	218.578125	218.989583	F#4	77	80	0
1776	218.605469	218.979167	Bb2	45	80	0
1777	218.622396	219.009115	E4	50	80	0
1778	218.622396	218.989583	C#4	48	80	0
1779	219.097656	219.919271	F#4	76	80	0
1780	219.102865	220.348958	B2	46	80	0
1781	219.108073	220.128906	A3	51	80	0
1782	219.109375	220.029948	Eb4	57	80	0
1783	219.721354	219.920573	G4	76	80	0
1784	219.895833	220.093750	A4	76	80	0
1785	220.076823	220.298177	G4	88	80	0
1786	220.294271	220.878906	F#4	70	80	0
1787	220.305990	221.229167	C3	47	80	0
1788	220.305990	221.269531	G3	52	80	0
1789	220.783854	221.109375	E4	71	80	0
1790	221.227865	222.029948	E6	89	80	0
1791	221.231771	222.229167	E5	85	80	0
1792	221.233073	221.789062	B2	65	80	0
1793	221.412760	221.598958	A2	75	80	0
1794	221.510417	222.500000	G2	69	80	0
1795	221.565104	222.979167	E3	68	80	0
1796	221.773438	222.688802	B3	86	80	0
1797	222.479167	222.634115	Eb6	94	80	0
1798	222.481771	222.622396	Eb5	93	80	0
1799	222.723958	222.979167	E5	91	80	0
1800	222.725260	222.919271	E6	91	80	0
1801	222.725260	223.218750	G#2	76	80	0
1802	223.475260	224.559896	F#4	76	80	0
1803	223.485677	224.239583	E4	67	80	0
1804	223.486979	225.179688	A2	51	80	0
1805	223.490885	224.419271	C4	56	80	0
1806	224.871094	225.649740	F#4	52	80	0
1807	224.897135	225.408854	Bb2	36	80	0
1808	224.898438	225.468750	E4	44	80	0
1809	224.911458	225.295573	C#4	40	80	0
1810	225.803385	227.699219	F#4	42	80	0
1811	225.805990	228.199219	Eb4	38	80	0
1812	225.815104	229.519531	B2	32	80	0
1813	225.816406	228.769531	B1	35	80	0
1814	225.824219	228.889323	A3	32	80	0
1815	227.184896	227.611979	A4	38	80	0
1816	227.635417	228.079427	G4	38	80	0
1817	228.057292	228.949219	F#4	37	80	0
1818	228.748698	229.579427	E4	27	80	0
1819	228.753906	229.368490	G3	21	80	0
1820	228.790365	229.363281	E2	20	80	0
1821	228.792969	229.500000	E3	20	80	0
1822	231.135417	231.489583	G4	30	80	0
1823	231.173177	231.799479	G3	18	80	0
1824	231.174479	231.609375	G1	22	80	0
1825	231.174479	231.929688	G2	21	80	0
1826	231.682292	231.759115	G4	30	80	0
1827	231.764323	232.158854	G4	21	80	0
1828	232.484375	232.703125	C5	38	80	0
1829	232.493490	233.229167	C2	24	80	0
1830	232.494792	233.229167	C3	25	80	0
1831	232.494792	232.701823	C4	25	80	0
1832	232.933594	233.209635	C5	46	80	0
1833	232.941406	233.139323	C4	31	80	0
1834	232.942708	233.229167	G2	25	80	0
1835	233.664062	233.822917	G5	58	80	0
1836	233.687500	233.792969	G4	39	80	0
1837	233.694010	233.785156	G3	32	80	0
1838	233.703125	233.929688	G2	29	80	0
1839	234.104167	234.598958	G5	44	80	0
1840	234.117188	234.519531	G2	28	80	0
1841	234.121094	234.304688	G4	33	80	0
1842	234.123698	234.468750	G3	29	80	0
1843	234.834635	235.078125	C6	51	80	0
1844	234.845052	235.054688	C5	46	80	0
1845	234.850260	235.069010	C4	40	80	0
1846	234.864583	235.408854	C3	29	80	0
1847	235.273438	236.000000	C6	58	80	0
1848	235.295573	235.699219	C5	43	80	0
1849	235.298177	235.688802	C4	37	80	0
1850	236.117188	236.269531	G4	86	80	0
1851	236.119792	236.348958	F6	94	80	0
1852	236.122396	236.329427	F5	92	80	0
1853	236.122396	236.259115	B3	75	80	0
1854	236.125000	236.196615	D6	90	80	0
1855	236.125000	236.279948	F4	78	80	0
1856	236.126302	236.309896	D4	74	80	0
1857	236.132812	236.188802	G3	72	80	0
1858	236.703125	237.519531	F6	104	80	0
1859	236.704427	237.419271	F5	99	80	0
1860	236.705729	237.489583	B3	84	80	0
1861	236.707031	237.128906	D6	98	80	0
1862	236.708333	237.739583	G4	94	80	0
1863	236.713542	237.739583	D4	87	80	0
1864	236.714844	236.729167	G3	80	80	0
1865	236.720052	237.769531	F4	86	80	0
1866	237.335938	237.444010	E6	74	80	0
1867	237.411458	237.498698	D6	84	80	0
1868	237.481771	237.576823	C6	81	80	0
1869	237.580729	237.666667	B5	77	80	0
1870	237.662760	237.718750	A5	72	80	0
1871	237.707031	237.781250	G5	79	80	0
1872	237.805990	237.908854	F5	70	80	0
1873	237.865885	237.934896	E5	62	80	0
1874	237.949219	238.001302	D5	75	80	0
1875	238.013021	238.104167	C5	77	80	0
1876	238.126302	238.197917	B4	72	80	0
1877	238.178385	238.233073	A4	73	80	0
1878	238.236979	238.321615	G4	80	80	0
1879	238.321615	238.449219	F4	77	80	0
1880	238.390625	238.463542	E4	72	80	0
1881	238.467448	238.524740	D4	79	80	0
1882	238.531250	238.584635	C4	73	80	0
1883	238.613281	238.704427	B3	78	80	0
1884	238.695312	238.763021	A3	77	80	0
1885	238.760417	238.864583	G3	77	80	0
1886	238.851562	238.934896	F#3	85	80	0
1887	238.930990	239.039062	G3	91	80	0
1888	239.704427	239.773438	D4	65	80	0
1889	239.704427	239.776042	F4	65	80	0
1890	239.705729	239.756510	B2	69	80	0
1891	239.705729	239.764323	G3	66	80	0
1892	239.713542	239.766927	B1	66	80	0
1893	240.145833	240.212240	E4	79	80	0
1894	240.151042	240.205729	C4	77	80	0
1895	240.152344	240.207031	G3	75	80	0
1896	240.153646	240.197917	C3	79	80	0
1897	240.154948	240.203125	C2	72	80	0
1898	240.954427	241.028646	D6	97	80	0
1899	240.954427	241.059896	D4	83	80	0
1900	240.954427	241.028646	B5	89	80	0
1901	240.955729	241.016927	D5	92	80	0
1902	240.955729	241.089844	G#5	92	80	0
1903	240.957031	241.079427	B3	82	80	0
1904	240.959635	241.019531	E3	78	80	0
1905	240.971354	241.089844	G#3	69	80	0
1906	241.559896	241.619792	E5	95	80	0
1907	241.559896	242.250000	D6	100	80	0
1908	241.561198	242.968750	B3	92	80	0
1909	241.561198	241.615885	D5	99	80	0
1910	241.562500	242.938802	D4	94	80	0
1911	241.562500	243.408854	E3	86	80	0
1912	241.562500	241.819010	B5	96	80	0
1913	241.563802	242.109375	G#5	97	80	0
1914	241.572917	242.899740	G#3	80	80	0
1915	242.136719	242.222656	C6	76	80	0
1916	242.205729	242.266927	B5	70	80	0
1917	242.274740	242.359375	A5	72	80	0
1918	242.384115	242.475260	G#5	75	80	0
1919	242.457031	242.519531	F#5	73	80	0
1920	242.527344	242.585938	E5	67	80	0
1921	242.602865	242.666667	D5	70	80	0
1922	242.695312	242.760417	C5	75	80	0
1923	242.766927	242.817708	B4	67	80	0
1924	242.824219	242.899740	A4	78	80	0
1925	242.933594	243.010417	G#4	69	80	0
1926	243.005208	243.076823	F#4	72	80	0
1927	243.070312	243.127604	E4	63	80	0
1928	243.132812	243.197917	D4	73	80	0
1929	243.223958	243.290365	C4	75	80	0
1930	243.312500	243.393229	B3	73	80	0
1931	243.382812	243.438802	A3	75	80	0
1932	243.473958	243.563802	G#3	76	80	0
1933	243.553385	243.613281	F#3	74	80	0
1934	243.625000	243.769531	E3	73	80	0
1935	243.709635	243.777344	Eb3	87	80	0
1936	243.777344	243.929688	E3	86	80	0
1937	244.522135	244.591146	D4	81	80	0
1938	244.532552	244.592448	B3	79	80	0
1939	244.539062	244.587240	E3	78	80	0
1940	244.546875	244.592448	G#2	76	80	0
1941	244.550781	244.593750	G#1	75	80	0
1942	244.975260	245.079427	C4	83	80	0
1943	244.979167	245.029948	A1	68	80	0
1944	244.980469	245.089844	A3	80	80	0
1945	244.983073	245.027344	A2	77	80	0
1946	244.983073	245.024740	E3	74	80	0
1947	245.923177	246.679688	C6	89	80	0
1948	245.944010	246.033854	C3	44	80	0
1949	245.944010	246.239583	F2	45	80	0
1950	245.945312	246.188802	A3	46	80	0
1951	246.244792	248.019531	C3	45	80	0
1952	246.251302	246.312500	F2	45	80	0
1953	246.692708	247.453125	C6	85	80	0
1954	246.697917	248.079427	A3	56	80	0
1955	247.433594	247.533854	Bb5	60	80	0
1956	247.524740	247.649740	A5	64	80	0
1957	247.618490	247.679688	G5	71	80	0
1958	247.704427	247.839844	F5	70	80	0
1959	247.794271	247.875000	E5	69	80	0
1960	247.886719	247.936198	D5	67	80	0
1961	247.950521	248.015625	C5	65	80	0
1962	248.054688	248.132812	Bb4	72	80	0
1963	248.138021	248.207031	A4	75	80	0
1964	248.226562	248.305990	G4	67	80	0
1965	248.329427	248.386719	F4	60	80	0
1966	248.412760	248.503906	E4	67	80	0
1967	248.505208	248.569010	D4	59	80	0
1968	248.601562	248.658854	C4	43	80	0
1969	248.686198	248.884115	Bb3	56	80	0
1970	248.821615	249.239583	A3	48	80	0
1971	249.351562	249.859375	A3	34	80	0
1972	249.380208	249.959635	C3	26	80	0
1973	250.092448	250.339844	A3	31	80	0
1974	250.093750	250.378906	Eb4	29	80	0
1975	250.108073	250.989583	C3	27	80	0
1976	250.597656	251.059896	Eb4	32	80	0
1977	250.602865	250.979167	A3	29	80	0
1978	251.330729	251.574219	A3	33	80	0
1979	251.337240	251.578125	C3	29	80	0
1980	251.338542	251.584635	Eb4	32	80	0
1981	251.346354	251.639323	F#2	28	80	0
1982	251.794271	252.269531	A4	35	80	0
1983	251.805990	252.158854	A3	33	80	0
1984	251.813802	252.158854	Eb4	28	80	0
1985	251.826823	252.269531	C3	26	80	0
1986	251.832031	252.299479	F#2	27	80	0
1987	252.527344	252.769531	Eb5	55	80	0
1988	252.532552	252.714844	A4	44	80	0
1989	252.536458	252.718750	Eb4	41	80	0
1990	252.553385	252.716146	C3	34	80	0
1991	252.555990	252.779948	A3	30	80	0
1992	252.567708	252.878906	F#2	32	80	0
1993	252.967448	253.378906	Eb5	63	80	0
1994	252.972656	253.348958	A4	49	80	0
1995	252.973958	253.369792	Eb4	44	80	0
1996	252.993490	253.378906	A3	31	80	0
1997	253.003906	253.438802	C3	27	80	0
1998	253.011719	253.019531	A2	26	80	0
1999	253.743490	254.109375	C6	60	80	0
2000	253.744792	254.049479	A3	34	80	0
2001	253.744792	254.059896	Eb5	46	80	0
2002	253.752604	254.119792	C5	49	80	0
2003	253.774740	253.915365	C3	31	80	0
2004	253.777344	254.109375	A5	42	80	0
2005	254.292969	254.908854	C6	73	80	0
2006	254.304688	255.000000	Eb5	55	80	0
2007	254.307292	254.949219	C5	57	80	0
2008	254.309896	254.938802	A5	56	80	0
2009	254.330729	255.459635	A3	37	80	0
2010	254.335938	255.848958	B2	34	80	0
2011	255.075521	255.479167	B5	84	80	0
2012	255.092448	255.339844	B4	65	80	0
2013	255.095052	255.369792	Eb5	65	80	0
2014	255.096354	255.419271	A5	73	80	0
2015	255.524740	256.299479	Bb5	91	80	0
2016	255.526042	256.049479	Bb4	79	80	0
2017	255.528646	256.128906	Eb5	77	80	0
2018	256.307292	256.699219	B5	100	80	0
2019	256.319010	256.669271	A5	96	80	0
2020	256.320312	256.699219	Eb5	94	80	0
2021	256.322917	256.658854	B4	95	80	0
2022	256.325521	256.519531	F#3	81	80	0
2023	256.325521	256.494792	A3	84	80	0
2024	256.328125	256.529948	B3	88	80	0
2025	256.330729	256.628906	B2	83	80	0
2026	256.773438	257.769531	B4	96	80	0
2027	256.774740	257.647135	B5	98	80	0
2028	256.774740	257.809896	E5	96	80	0
2029	256.774740	256.938802	G3	95	80	0
2030	256.774740	256.949219	G2	91	80	0
2031	257.149740	257.244792	B3	73	80	0
2032	257.153646	257.158854	G2	60	80	0
2033	257.154948	257.244792	G3	62	80	0
2034	257.345052	257.430990	B3	77	80	0
2035	257.361979	257.433594	G3	65	80	0
2036	257.555990	257.632812	B3	82	80	0
2037	257.557292	257.634115	G3	66	80	0
2038	257.753906	257.848958	B3	76	80	0
2039	257.757812	257.807292	G3	69	80	0
2040	257.964844	258.070312	B3	97	80	0
2041	257.964844	259.059896	E5	103	80	0
2042	257.971354	259.049479	E6	101	80	0
2043	257.977865	258.079427	G#3	89	80	0
2044	258.171875	258.242188	B3	91	80	0
2045	258.173177	258.236979	G#3	80	80	0
2046	258.367188	258.434896	B3	80	80	0
2047	258.369792	258.444010	G#3	82	80	0
2048	258.572917	258.647135	B3	76	80	0
2049	258.574219	258.653646	G#3	72	80	0
2050	258.783854	258.838542	B3	76	80	0
2051	258.786458	258.842448	G#3	70	80	0
2052	258.992188	259.048177	B3	78	80	0
2053	258.993490	259.061198	G#3	67	80	0
2054	259.173177	259.240885	E5	87	80	0
2055	259.175781	259.243490	D5	88	80	0
2056	259.179688	259.235677	B4	81	80	0
2057	259.182292	259.240885	D4	89	80	0
2058	259.183594	259.243490	G#3	82	80	0
2059	259.183594	259.242188	B3	85	80	0
2060	259.377604	259.438802	D4	89	80	0
2061	259.382812	259.442708	B3	79	80	0
2062	259.384115	259.458333	G#3	75	80	0
2063	259.567708	259.634115	F5	90	80	0
2064	259.572917	259.632812	C5	85	80	0
2065	259.572917	259.636719	F4	92	80	0
2066	259.574219	259.647135	A3	90	80	0
2067	259.574219	259.644531	C4	89	80	0
2068	259.769531	259.816406	C4	77	80	0
2069	259.770833	259.816406	A3	77	80	0
2070	259.967448	260.022135	C4	73	80	0
2071	259.970052	260.024740	A3	65	80	0
2072	260.167969	260.222656	C4	79	80	0
2073	260.171875	260.226562	A3	71	80	0
2074	260.334635	260.539062	F5	94	80	0
2075	260.337240	260.489583	C5	92	80	0
2076	260.339844	260.509115	E5	94	80	0
2077	260.345052	260.423177	C4	86	80	0
2078	260.346354	260.433594	E4	89	80	0
2079	260.346354	260.427083	A3	81	80	0
2080	260.546875	260.613281	E4	86	80	0
2081	260.552083	260.613281	A3	79	80	0
2082	260.553385	260.613281	C4	83	80	0
2083	260.746094	260.834635	G#5	95	80	0
2084	260.746094	260.820312	G#4	94	80	0
2085	260.750000	260.816406	B3	88	80	0
2086	260.750000	260.815104	D4	89	80	0
2087	260.752604	260.834635	D5	91	80	0
2088	260.934896	260.986979	D4	84	80	0
2089	260.936198	260.984375	B3	77	80	0
2090	260.938802	261.000000	E4	73	80	0
2091	261.134115	261.199219	B3	74	80	0
2092	261.135417	261.199219	D4	74	80	0
2093	261.335938	261.404948	B3	70	80	0
2094	261.337240	261.403646	D4	69	80	0
2095	261.532552	261.829427	G#5	95	80	0
2096	261.533854	261.795573	G#4	98	80	0
2097	261.536458	261.605469	B3	81	80	0
2098	261.536458	261.829427	E5	90	80	0
2099	261.537760	261.605469	E4	87	80	0
2100	261.541667	261.606771	D4	88	80	0
2101	261.541667	261.779948	D5	92	80	0
2102	261.735677	261.800781	B3	84	80	0
2103	261.738281	261.795573	E4	79	80	0
2104	261.739583	261.794271	D4	85	80	0
2105	261.946615	262.003906	A4	98	80	0
2106	261.947917	262.049479	A5	96	80	0
2107	261.947917	262.005208	E4	91	80	0
2108	261.949219	262.059896	E5	96	80	0
2109	261.950521	262.005208	C4	89	80	0
2110	262.141927	262.187500	E4	78	80	0
2111	262.141927	262.191406	C4	80	80	0
2112	262.342448	262.391927	C4	75	80	0
2113	262.342448	262.391927	E4	77	80	0
2114	262.532552	262.595052	C4	79	80	0
2115	262.533854	262.597656	E4	74	80	0
2116	262.722656	262.979167	A5	97	80	0
2117	262.723958	262.783854	C4	89	80	0
2118	262.725260	262.983073	E5	92	80	0
2119	262.730469	262.791667	E4	85	80	0
2120	262.924479	262.984375	C#4	92	80	0
2121	262.925781	263.029948	E4	82	80	0
2122	263.125000	263.203125	C#4	82	80	0
2123	263.132812	263.200521	E4	81	80	0
2124	263.149740	263.799479	G5	92	80	0
2125	263.149740	263.389323	Bb4	96	80	0
2126	263.151042	263.449219	E5	93	80	0
2127	263.152344	264.029948	Bb5	94	80	0
2128	263.321615	263.391927	C#4	84	80	0
2129	263.321615	263.394531	E4	76	80	0
2130	263.515625	263.582031	C#4	85	80	0
2131	263.516927	263.582031	E4	81	80	0
2132	263.716146	263.778646	C#4	86	80	0
2133	263.716146	263.776042	E4	81	80	0
2134	264.084635	264.468750	A5	63	80	0
2135	264.092448	264.329427	E5	51	80	0
2136	264.093750	264.299479	C#5	46	80	0
2137	264.472656	264.591146	Bb5	55	80	0
2138	264.481771	264.609375	C#5	41	80	0
2139	264.484375	264.576823	E5	48	80	0
2140	264.717448	264.799479	F#4	32	80	0
2141	264.726562	264.802083	Bb5	57	80	0
2142	264.731771	264.795573	C#5	43	80	0
2143	264.733073	264.794271	E5	50	80	0
2144	264.940104	265.109375	Bb5	61	80	0
2145	264.947917	265.013021	C#5	40	80	0
2146	264.953125	265.015625	F#4	33	80	0
2147	264.957031	265.006510	E5	37	80	0
2148	265.156250	265.359375	Bb5	62	80	0
2149	265.160156	265.233073	F#4	40	80	0
2150	265.162760	265.233073	C#5	49	80	0
2151	265.164062	265.231771	E5	56	80	0
2152	265.367188	265.440104	F#4	47	80	0
2153	265.369792	265.559896	Bb5	71	80	0
2154	265.372396	265.442708	C#5	57	80	0
2155	265.373698	265.441406	E5	66	80	0
2156	265.570312	265.653646	Bb5	73	80	0
2157	265.570312	265.647135	F#4	53	80	0
2158	265.574219	265.648438	C#5	55	80	0
2159	265.580729	265.647135	E5	62	80	0
2160	265.774740	265.872396	Bb5	74	80	0
2161	265.774740	265.863281	F#4	57	80	0
2162	265.777344	265.864583	C#5	65	80	0
2163	265.779948	265.863281	E5	69	80	0
2164	265.985677	266.091146	Bb5	82	80	0
2165	265.986979	266.082031	F#4	67	80	0
2166	265.990885	266.083333	C#5	75	80	0
2167	265.994792	266.076823	E5	72	80	0
2168	266.192708	266.292969	F#4	86	80	0
2169	266.194010	266.294271	C#5	84	80	0
2170	266.195312	266.298177	Bb5	85	80	0
2171	266.195312	266.291667	F#3	67	80	0
2172	266.200521	266.292969	E5	87	80	0
2173	266.403646	266.502604	F#4	86	80	0
2174	266.414062	266.509115	C#5	77	80	0
2175	266.420573	266.511719	Bb5	77	80	0
2176	266.421875	266.514323	E5	84	80	0
2177	266.623698	267.109375	F#4	93	80	0
2178	266.625000	266.789062	C#5	87	80	0
2179	266.631510	266.839844	E5	89	80	0
2180	266.634115	266.799479	Bb5	89	80	0
2181	266.726562	267.149740	Eb4	53	80	0
2182	266.733073	266.899740	B3	54	80	0
2183	266.911458	267.209635	B5	100	80	0
2184	266.911458	267.179688	A4	77	80	0
2185	266.912760	267.136719	B3	66	80	0
2186	267.326823	267.509115	C6	94	80	0
2187	267.333333	267.445312	A4	78	80	0
2188	267.334635	267.442708	B3	63	80	0
2189	267.334635	267.441406	F#4	74	80	0
2190	267.343750	267.444010	Eb4	64	80	0
2191	267.587240	267.690104	B3	68	80	0
2192	267.587240	267.684896	A4	77	80	0
2193	267.589844	267.700521	C7	101	80	0
2194	267.591146	267.684896	F#4	72	80	0
2195	267.592448	267.769531	C6	98	80	0
2196	267.595052	267.687500	Eb4	61	80	0
2197	267.825521	267.928385	B3	72	80	0
2198	267.828125	267.914062	A4	80	80	0
2199	267.833333	267.924479	Eb4	67	80	0
2200	267.833333	267.924479	F#4	77	80	0
2201	267.834635	268.059896	C6	100	80	0
2202	267.834635	268.059896	C7	102	80	0
2203	267.837240	267.949219	A6	83	80	0
2204	268.066406	268.164062	A4	90	80	0
2205	268.066406	268.183594	C7	103	80	0
2206	268.070312	268.239583	C6	101	80	0
2207	268.070312	268.170573	F#4	88	80	0
2208	268.072917	268.171875	B3	77	80	0
2209	268.072917	268.171875	Eb4	74	80	0
2210	268.304688	268.402344	A4	87	80	0
2211	268.305990	268.423177	C7	103	80	0
2212	268.307292	268.406250	F#4	83	80	0
2213	268.308594	268.479167	C6	103	80	0
2214	268.312500	268.412760	B3	73	80	0
2215	268.313802	268.411458	Eb4	66	80	0
2216	268.554688	268.829427	C7	107	80	0
2217	268.557292	268.779948	C6	106	80	0
2218	268.562500	268.729167	A4	78	80	0
2219	268.563802	268.686198	B3	68	80	0
2220	268.580729	268.688802	Eb4	61	80	0
2221	268.841146	268.986979	C7	106	80	0
2222	268.846354	269.019531	C6	104	80	0
2223	268.854167	269.059896	A4	75	80	0
2224	268.855469	269.098958	B3	63	80	0
2225	268.858073	269.009115	F#4	73	80	0
2226	268.864583	269.269531	Eb4	61	80	0
2227	269.106771	269.369792	C7	106	80	0
2228	269.111979	269.289062	C6	105	80	0
2229	269.114583	269.539062	F#4	68	80	0
2230	269.115885	269.269531	A4	67	80	0
2231	269.377604	269.649740	C7	105	80	0
2232	269.380208	269.549479	C6	104	80	0
2233	269.394531	269.559896	A4	54	80	0
2234	269.403646	269.513021	Eb4	50	80	0
2235	269.661458	269.989583	C7	101	80	0
2236	269.662760	269.899740	A4	60	80	0
2237	269.664062	269.989583	C6	97	80	0
2238	269.665365	269.968750	Eb4	46	80	0
2239	269.680990	269.688802	B3	45	80	0
2240	269.955729	270.098958	A4	52	80	0
2241	269.976562	270.250000	Eb4	47	80	0
2242	269.994792	270.489583	C7	93	80	0
2243	269.994792	270.339844	C6	91	80	0
2244	270.485677	270.829427	E3	42	80	0
2245	270.501302	271.199219	C7	82	80	0
2246	270.505208	271.109375	C6	77	80	0
2247	270.664062	270.799479	G4	41	80	0
2248	270.804688	270.884115	B3	44	80	0
2249	270.916667	271.039062	G4	49	80	0
2250	271.016927	272.098958	B6	86	80	0
2251	271.023438	272.539062	B5	85	80	0
2252	271.032552	271.106771	F#3	51	80	0
2253	271.136719	271.187500	A4	53	80	0
2254	271.244792	271.307292	B3	47	80	0
2255	271.315104	271.529948	A4	57	80	0
2256	271.407552	271.523438	G3	66	80	0
2257	271.511719	271.651042	B4	65	80	0
2258	271.580729	271.657552	B3	55	80	0
2259	271.695312	271.769531	G3	38	80	0
2260	271.791667	271.854167	E3	68	80	0
2261	271.945312	272.029948	G4	39	80	0
2262	272.005208	272.063802	B3	53	80	0
2263	272.113281	272.186198	G4	56	80	0
2264	272.216146	273.419271	E6	81	80	0
2265	272.223958	273.739583	E5	76	80	0
2266	272.223958	272.399740	F#3	61	80	0
2267	272.330729	272.519531	A4	57	80	0
2268	272.414062	272.475260	B3	53	80	0
2269	272.529948	272.799479	A4	57	80	0
2270	272.595052	272.684896	G3	75	80	0
2271	272.717448	272.848958	B4	58	80	0
2272	272.773438	272.843750	B3	59	80	0
2273	272.861979	273.039062	B4	61	80	0
2274	272.983073	273.139323	E3	75	80	0
2275	273.108073	273.166667	G4	62	80	0
2276	273.190104	273.251302	B3	60	80	0
2277	273.294271	273.346354	G4	62	80	0
2278	273.386719	274.239583	B5	90	80	0
2279	273.393229	273.699219	B4	82	80	0
2280	273.393229	273.485677	F#3	71	80	0
2281	273.513021	273.566406	A4	59	80	0
2282	273.611979	273.664062	B3	53	80	0
2283	273.692708	273.789062	A4	64	80	0
2284	273.759115	273.845052	G3	80	80	0
2285	273.873698	274.059896	B4	72	80	0
2286	273.962240	274.125000	B3	59	80	0
2287	274.072917	274.529948	B4	52	80	0
2288	274.144531	274.339844	E3	82	80	0
2289	274.264323	274.326823	G4	66	80	0
2290	274.355469	274.423177	B3	63	80	0
2291	274.464844	274.520833	G4	63	80	0
2292	274.505208	275.709635	E5	92	80	0
2293	274.553385	274.750000	F#3	79	80	0
2294	274.695312	274.759115	A4	46	80	0
2295	274.764323	274.834635	B3	58	80	0
2296	274.843750	274.933594	A4	75	80	0
2297	274.910156	275.299479	G3	87	80	0
2298	275.054688	275.188802	B4	63	80	0
2299	275.114583	275.309896	B3	73	80	0
2300	275.195312	275.419271	B4	50	80	0
2301	275.281250	275.628906	A3	94	80	0
2302	275.472656	275.649740	G4	53	80	0
2303	275.555990	275.635417	E4	60	80	0
2304	275.664062	275.984375	Bb3	89	80	0
2305	275.665365	276.049479	C5	93	80	0
2306	275.803385	275.865885	G4	67	80	0
2307	275.884115	275.976562	E4	66	80	0
2308	276.006510	276.109375	G4	65	80	0
2309	276.074219	276.438802	B4	93	80	0
2310	276.105469	276.339844	B3	65	80	0
2311	276.225260	276.295573	G4	63	80	0
2312	276.321615	276.509115	E4	61	80	0
2313	276.444010	276.569010	G4	58	80	0
2314	276.531250	277.489583	B4	79	80	0
2315	276.572917	276.718750	B3	59	80	0
2316	276.673177	276.742188	G4	59	80	0
2317	276.774740	276.919271	E4	63	80	0
2318	276.891927	276.942708	G4	61	80	0
2319	276.973958	277.109375	B3	60	80	0
2320	277.074219	277.128906	G4	56	80	0
2321	277.153646	277.227865	E4	65	80	0
2322	277.269531	277.399740	G4	66	80	0
2323	277.326823	277.385417	B3	55	80	0
2324	277.328125	277.458333	Eb5	85	80	0
2325	277.434896	277.514323	A4	74	80	0
2326	277.522135	277.609375	F#4	64	80	0
2327	277.722656	277.936198	E5	80	80	0
2328	277.756510	277.805990	E2	64	80	0
2329	277.886719	277.984375	G3	71	80	0
2330	277.932292	278.539062	C5	89	80	0
2331	278.037760	278.088542	B2	61	80	0
2332	278.097656	278.165365	G3	60	80	0
2333	278.166667	278.799479	C6	88	80	0
2334	278.191406	278.253906	F#2	77	80	0
2335	278.309896	278.367188	A3	65	80	0
2336	278.394531	278.466146	B2	57	80	0
2337	278.506510	278.519531	A3	44	80	0
2338	278.585938	278.656250	G2	67	80	0
2339	278.694010	278.751302	B3	70	80	0
2340	278.755208	279.109375	B5	82	80	0
2341	278.772135	278.908854	B2	61	80	0
2342	278.868490	278.938802	B3	54	80	0
2343	278.953125	279.007812	E2	75	80	0
2344	279.057292	279.130208	G3	74	80	0
2345	279.123698	279.347656	B5	94	80	0
2346	279.148438	279.242188	B2	72	80	0
2347	279.253906	279.339844	G3	57	80	0
2348	279.339844	279.959635	F#5	87	80	0
2349	279.341146	279.415365	F#2	78	80	0
2350	279.449219	279.506510	A3	70	80	0
2351	279.554688	279.613281	B2	53	80	0
2352	279.636719	279.686198	A3	56	80	0
2353	279.721354	279.796875	G2	69	80	0
2354	279.825521	279.886719	B3	74	80	0
2355	279.893229	280.269531	E5	83	80	0
2356	279.904948	280.098958	B2	62	80	0
2357	280.009115	280.072917	B3	70	80	0
2358	280.092448	280.218750	E2	82	80	0
2359	280.195312	280.269531	G3	70	80	0
2360	280.282552	280.540365	E5	94	80	0
2361	280.283854	280.519531	B2	71	80	0
2362	280.406250	280.509115	G3	60	80	0
2363	280.492188	280.574219	F#2	81	80	0
2364	280.503906	280.949219	C5	88	80	0
2365	280.596354	280.677083	A3	70	80	0
2366	280.692708	280.772135	B2	58	80	0
2367	280.785156	280.845052	A3	68	80	0
2368	280.873698	280.958333	G2	74	80	0
2369	280.986979	281.054688	B3	77	80	0
2370	281.048177	281.299479	B4	81	80	0
2371	281.059896	281.269531	B2	64	80	0
2372	281.169271	281.227865	B3	65	80	0
2373	281.253906	281.468750	E2	85	80	0
2374	281.356771	281.425781	G3	77	80	0
2375	281.427083	281.679688	B4	78	80	0
2376	281.438802	281.609375	B2	66	80	0
2377	281.565104	281.628906	G3	58	80	0
2378	281.653646	281.757812	F#2	75	80	0
2379	281.654948	282.459635	F#4	86	80	0
2380	281.763021	281.835938	A3	70	80	0
2381	281.854167	281.936198	B2	60	80	0
2382	281.951823	282.018229	A3	69	80	0
2383	282.044271	282.188802	G2	73	80	0
2384	282.151042	282.223958	B3	74	80	0
2385	282.214844	282.313802	E4	91	80	0
2386	282.324219	282.438802	B3	80	80	0
2387	282.412760	282.649740	A2	88	80	0
2388	282.412760	283.029948	E4	88	80	0
2389	282.533854	282.622396	G3	75	80	0
2390	282.634115	282.819010	E3	68	80	0
2391	282.735677	282.829427	G3	70	80	0
2392	282.785156	283.194010	C4	95	80	0
2393	282.786458	283.109375	Bb2	85	80	0
2394	282.894531	283.059896	G3	69	80	0
2395	283.006510	283.209635	E3	63	80	0
2396	283.098958	283.164062	G3	62	80	0
2397	283.162760	283.438802	B3	97	80	0
2398	283.200521	283.304688	B2	78	80	0
2399	283.312500	283.539062	G3	73	80	0
2400	283.376302	283.619792	E3	74	80	0
2401	283.555990	284.079427	B2	82	80	0
2402	283.571615	284.619792	B3	89	80	0
2403	283.753906	284.029948	G3	91	80	0
2404	283.942708	284.348958	E3	89	80	0
2405	284.118490	284.319010	C3	93	80	0
2406	284.308594	284.559896	B1	89	80	0
2407	284.308594	284.609375	B2	90	80	0
2408	284.496094	284.688802	Eb3	93	80	0
2409	284.674479	284.889323	E3	95	80	0
2410	284.688802	284.869792	E2	96	80	0
2411	284.869792	284.951823	F#3	85	80	0
2412	284.869792	284.944010	F#2	92	80	0
2413	285.040365	285.102865	G3	99	80	0
2414	285.042969	285.109375	G2	97	80	0
2415	285.209635	285.359375	A3	95	80	0
2416	285.210938	285.259115	A2	94	80	0
2417	285.425781	285.938802	B3	105	80	0
2418	285.427083	287.179688	B2	105	80	0
2419	285.838542	287.369792	E4	92	80	0
2420	285.839844	288.459635	C4	95	80	0
2421	287.321615	288.688802	F4	84	80	0
2422	287.393229	288.759115	A3	50	80	0
2423	287.395833	288.218750	A2	49	80	0
2424	288.166667	288.979167	C5	86	80	0
2425	288.644531	289.309896	B3	54	80	0
2426	288.653646	289.938802	A4	58	80	0
2427	288.661458	290.019531	F#4	52	80	0
2428	288.666667	289.848958	Eb4	50	80	0
2429	289.654948	289.959635	B4	66	80	0
2430	290.106771	291.569010	B4	76	80	0
2431	290.114583	290.229167	E1	71	80	0
2432	290.114583	290.299479	E2	71	80	0
2433	290.115885	292.718750	E4	63	80	0
2434	290.119792	292.500000	G4	65	80	0
2435	290.313802	290.376302	F#2	86	80	0
2436	290.315104	290.376302	F#1	78	80	0
2437	290.492188	290.554688	G2	91	80	0
2438	290.494792	290.555990	G1	82	80	0
2439	290.674479	290.735677	A2	97	80	0
2440	290.674479	290.730469	A1	87	80	0
2441	290.854167	292.269531	B2	98	80	0
2442	290.858073	292.718750	B1	95	80	0
2443	291.320312	292.779948	E3	92	80	0
2444	291.322917	292.619792	C3	91	80	0
2445	292.742188	293.819010	F3	75	80	0
2446	292.764323	294.029948	C3	60	80	0
2447	292.764323	294.029948	A2	59	80	0
2448	293.627604	295.009115	C4	77	80	0
2449	294.033854	294.989583	A3	66	80	0
2450	294.035156	295.000000	Eb3	60	80	0
2451	294.035156	295.009115	B2	63	80	0
2452	294.035156	294.979167	F#3	61	80	0
2453	294.044271	295.039062	B1	62	80	0
2454	294.785156	295.098958	B3	66	80	0
2455	295.984375	297.339844	C4	70	80	0
2456	296.414062	297.429688	G3	64	80	0
2457	296.415365	297.559896	E3	60	80	0
2458	296.425781	297.609375	B2	50	80	0
2459	296.432292	297.658854	E2	52	80	0
2460	297.239583	297.500000	B3	55	80	0
2461	298.514323	299.408854	C4	58	80	0
2462	298.962240	300.009115	A3	44	80	0
2463	298.966146	300.009115	F#3	43	80	0
2464	298.971354	300.098958	B2	40	80	0
2465	298.983073	300.039062	B1	40	80	0
2466	299.750000	300.218750	Eb4	62	80	0
2467	299.795573	299.809896	B3	24	80	0
2468	300.246094	300.519531	E4	43	80	0
2469	300.250000	300.476562	G3	32	80	0
2470	300.294271	300.493490	E2	22	80	0
2471	301.014323	301.789062	C5	69	80	0
2472	301.454427	302.399740	A4	56	80	0
2473	301.463542	302.628906	F#4	47	80	0
2474	301.464844	302.658854	Eb4	48	80	0
2475	301.473958	302.348958	B3	41	80	0
2476	301.483073	302.329427	B2	36	80	0
2477	302.190104	302.658854	B4	52	80	0
2478	303.463542	304.769531	C5	61	80	0
2479	303.912760	304.949219	G4	48	80	0
2480	303.914062	304.938802	E4	47	80	0
2481	303.919271	305.079427	B3	43	80	0
2482	303.921875	305.089844	E3	40	80	0
2483	304.690104	305.139323	B4	49	80	0
2484	306.001302	307.559896	C5	47	80	0
2485	306.471354	307.549479	A4	44	80	0
2486	306.488281	307.378906	F#4	30	80	0
2487	306.489583	307.218750	B2	31	80	0
2488	306.503906	307.319010	B3	32	80	0
2489	307.274740	307.889323	Eb5	55	80	0
2490	307.796875	308.309896	E5	43	80	0
2491	307.805990	308.128906	G4	32	80	0
2492	307.825521	308.179688	E3	27	80	0
2493	308.654948	309.299479	C6	58	80	0
2494	309.234375	312.500000	F#5	43	80	0
2495	309.239583	311.539062	A5	47	80	0
2496	309.253906	311.319010	Eb5	35	80	0
2497	309.253906	311.938802	B4	32	80	0
2498	310.535156	311.628906	B5	42	80	0
2499	312.053385	313.199219	C5	48	80	0
2500	313.042969	313.468750	B4	53	80	0
2501	313.636719	314.250000	F#5	63	80	0
2502	313.653646	314.089844	A4	38	80	0
2503	313.653646	314.139323	Eb5	50	80	0
2504	313.664062	314.369792	F#4	40	80	0
2505	314.302083	314.779948	G5	51	80	0
2506	314.304688	314.848958	E4	33	80	0
2507	314.304688	314.799479	G4	35	80	0
2508	314.308594	314.769531	E5	38	80	0
2509	315.053385	315.273438	F#5	56	80	0
2510	315.059896	315.259115	A4	32	80	0
2511	315.084635	315.309896	F#4	25	80	0
2512	315.294271	315.669271	E5	54	80	0
2513	315.294271	315.589844	G4	40	80	0
2514	315.915365	316.589844	A5	55	80	0
2515	315.924479	316.449219	A4	39	80	0
2516	315.924479	316.619792	F#5	44	80	0
2517	315.932292	316.325521	F#4	34	80	0
2518	315.933594	316.408854	D4	34	80	0
2519	316.986979	317.419271	A5	59	80	0
2520	317.007812	317.500000	F#5	48	80	0
2521	317.023438	317.489583	D5	35	80	0
2522	317.623698	318.609375	A5	62	80	0
2523	317.641927	318.569010	F#5	53	80	0
2524	317.643229	318.158854	C5	44	80	0
2525	317.675781	318.574219	D5	35	80	0
2526	318.463542	318.468750	G2	35	80	0
2527	318.464844	318.799479	G5	71	80	0
2528	318.475260	318.574219	B4	42	80	0
2529	318.760417	319.039062	A5	60	80	0
2530	318.763021	319.033854	A4	48	80	0
2531	318.766927	319.046875	F#5	55	80	0
2532	318.774740	319.041667	C5	48	80	0
2533	319.473958	320.489583	B5	54	80	0
2534	319.498698	319.808594	G5	40	80	0
2535	319.514323	320.089844	B4	29	80	0
2536	319.516927	319.794271	G4	25	80	0
2537	320.682292	321.309896	B5	51	80	0
2538	320.694010	321.468750	G5	44	80	0
2539	321.462240	322.688802	B5	47	80	0
2540	321.484375	322.679688	G5	37	80	0
2541	322.634115	323.229167	A5	44	80	0
2542	322.636719	323.149740	F#5	41	80	0
2543	323.050781	323.539062	B5	46	80	0
2544	323.061198	324.408854	E5	41	80	0
2545	323.075521	324.419271	G5	43	80	0
2546	324.341146	325.000000	C6	46	80	0
2547	324.358073	325.019531	A5	36	80	0
2548	324.364583	324.963542	Eb5	31	80	0
2549	328.199219	329.848958	E6	77	80	0
2550	328.203125	329.819010	E5	68	80	0
2551	328.490885	328.938802	G2	37	80	0
2552	328.542969	329.989583	E3	36	80	0
2553	329.040365	330.089844	B3	69	80	0
2554	329.746094	330.009115	Eb6	79	80	0
2555	329.752604	329.864583	Eb5	78	80	0
2556	329.973958	330.259115	E6	85	80	0
2557	329.975260	330.239583	E5	84	80	0
2558	330.554688	331.359375	F#4	78	80	0
2559	330.570312	331.369792	E4	64	80	0
2560	330.578125	331.154948	C4	53	80	0
2561	330.588542	333.128906	A2	51	80	0
2562	331.364583	331.809896	F#4	84	80	0
2563	331.373698	331.878906	Bb2	72	80	0
2564	331.381510	331.799479	E4	75	80	0
2565	331.384115	331.759115	C#4	74	80	0
2566	331.884115	332.709635	F#4	86	80	0
2567	331.888021	333.128906	B2	67	80	0
2568	331.889323	332.979167	A3	72	80	0
2569	331.891927	332.908854	Eb4	72	80	0
2570	332.518229	332.738281	G4	80	80	0
2571	332.707031	332.891927	A4	87	80	0
2572	332.876302	333.109375	G4	88	80	0
2573	333.059896	333.609375	F#4	87	80	0
2574	333.076823	333.609375	C3	64	80	0
2575	333.078125	333.569010	G3	71	80	0
2576	333.532552	333.729167	E4	94	80	0
2577	333.966146	335.479167	E6	97	80	0
2578	333.967448	334.169271	B2	77	80	0
2579	333.971354	335.359375	E5	94	80	0
2580	333.973958	334.239583	B1	73	80	0
2581	334.270833	334.609375	A2	83	80	0
2582	334.273438	334.688802	A1	77	80	0
2583	334.623698	335.609375	G2	79	80	0
2584	334.625000	335.589844	G1	73	80	0
2585	335.416667	335.799479	Eb6	93	80	0
2586	335.420573	335.606771	Eb5	94	80	0
2587	335.697917	336.229167	G#2	82	80	0
2588	335.700521	336.569010	E6	95	80	0
2589	335.700521	336.279948	G#1	75	80	0
2590	335.701823	337.009115	E5	94	80	0
2591	336.545573	338.218750	F#4	80	80	0
2592	336.550781	336.878906	E4	76	80	0
2593	336.553385	337.799479	C4	65	80	0
2594	336.561198	337.979167	A2	60	80	0
2595	336.562500	338.218750	A1	56	80	0
2596	338.226562	339.250000	F#4	49	80	0
2597	338.250000	338.979167	Bb2	36	80	0
2598	338.252604	338.929688	E4	46	80	0
2599	338.252604	339.089844	C#4	46	80	0
2600	338.253906	338.908854	Bb1	37	80	0
2601	339.256510	341.688802	F#4	46	80	0
2602	339.263021	342.149740	Eb4	40	80	0
2603	339.273438	342.500000	B2	31	80	0
2604	339.274740	342.500000	A3	33	80	0
2605	339.278646	342.109375	B1	30	80	0
2606	341.108073	341.869792	A4	38	80	0
2607	341.559896	342.098958	G4	38	80	0
2608	341.572917	342.329427	B3	27	80	0
2609	342.045573	342.500000	F#4	40	80	0
2610	342.899740	344.049479	E4	30	80	0
2611	342.904948	344.029948	E2	26	80	0
2612	342.907552	343.394531	G3	23	80	0
#SusPed	0.998698	77	0
#SusPed	1.509115	0	0
#SusPed	1.515625	79	0
#SusPed	1.929688	0	0
#SusPed	1.944010	76	0
#SusPed	2.218750	0	0
#SusPed	2.225260	63	0
#SusPed	2.359375	0	0
#SusPed	2.364583	64	0
#SusPed	2.459635	0	0
#SusPed	2.654948	93	0
#SusPed	3.128906	0	0
#SusPed	3.144531	71	0
#SusPed	3.199219	0	0
#SofPed	3.270833	53	0
#SofPed	3.378906	0	0
#SofPed	3.391927	60	0
#SofPed	3.419271	0	0
#SofPed	3.425781	68	0
#SofPed	3.529948	0	0
#SofPed	3.544271	84	0
#SusPed	3.592448	78	0
#SusPed	3.759115	0	0
#SusPed	3.772135	67	0
#SusPed	4.089844	0	0
#SusPed	4.096354	73	0
#SusPed	4.459635	0	0
#SusPed	4.471354	64	0
#SusPed	4.729167	0	0
#SusPed	4.743490	76	0
#SusPed	4.938802	0	0
#SusPed	4.951823	66	0
#SusPed	5.069010	0	0
#SusPed	5.326823	79	0
#SofPed	5.378906	0	0
#SofPed	5.394531	59	0
#SusPed	5.489583	0	0
#SusPed	5.498698	76	0
#SusPed	5.569010	0	0
#SofPed	5.750000	0	0
#SusPed	5.789062	95	0
#SusPed	6.309896	0	0
#SusPed	6.317708	94	0
#SusPed	6.739583	0	0
#SusPed	6.750000	75	0
#SusPed	7.029948	0	0
#SusPed	7.040365	83	0
#SusPed	7.139323	0	0
#SusPed	7.148438	80	0
#SusPed	7.239583	0	0
#SusPed	7.561198	112	0
#SusPed	7.968750	0	0
#SusPed	7.975260	68	0
#SofPed	8.005208	26	0
#SusPed	8.039062	0	0
#SusPed	8.324219	92	0
#SofPed	8.369792	0	0
#SofPed	8.382812	59	0
#SofPed	8.639323	0	0
#SofPed	8.645833	45	0
#SusPed	8.658854	0	0
#SusPed	8.665365	92	0
#SofPed	8.819010	0	0
#SofPed	8.829427	34	0
#SusPed	8.889323	0	0
#SusPed	8.897135	82	0
#SofPed	8.899740	0	0
#SofPed	8.904948	34	0
#SofPed	9.199219	0	0
#SofPed	9.208333	44	0
#SusPed	9.329427	0	0
#SusPed	9.343750	80	0
#SusPed	9.569010	0	0
#SofPed	9.579427	0	0
#SusPed	9.580729	92	0
#SofPed	9.587240	75	0
#SusPed	9.869792	0	0
#SusPed	9.876302	65	0
#SusPed	10.000000	0	0
#SusPed	10.207031	86	0
#SusPed	10.348958	0	0
#SusPed	10.363281	102	0
#SusPed	10.688802	0	0
#SusPed	10.701823	83	0
#SusPed	11.019531	0	0
#SusPed	11.029948	74	0
#SusPed	11.279948	0	0
#SusPed	11.285156	71	0
#SusPed	11.468750	0	0
#SusPed	11.484375	67	0
#SofPed	11.658854	0	0
#SofPed	11.674479	70	0
#SofPed	11.938802	0	0
#SofPed	11.946615	66	0
#SofPed	12.169271	0	0
#SofPed	12.182292	63	0
#SofPed	12.529948	0	0
#SofPed	12.535156	82	0
#SusPed	12.759115	0	0
#SusPed	12.765625	63	0
#SusPed	12.889323	0	0
#SusPed	12.894531	78	0
#SofPed	12.938802	0	0
#SofPed	12.945312	63	0
#SusPed	13.779948	0	0
#SusPed	13.790365	59	0
#SofPed	14.069010	0	0
#SofPed	14.083333	27	0
#SusPed	14.098958	0	0
#SusPed	14.104167	70	0
#SusPed	14.729167	0	0
#SusPed	14.744792	77	0
#SusPed	14.878906	0	0
#SofPed	14.878906	0	0
#SusPed	14.885417	65	0
#SusPed	15.188802	0	0
#SusPed	15.203125	60	0
#SusPed	15.348958	0	0
#SusPed	15.358073	84	0
#SusPed	16.059896	0	0
#SusPed	16.065104	80	0
#SusPed	16.139323	0	0
#SusPed	16.153646	87	0
#SusPed	16.519531	0	0
#SusPed	16.531250	58	0
#SusPed	16.679688	0	0
#SusPed	16.690104	69	0
#SusPed	17.408854	0	0
#SusPed	17.420573	67	0
#SusPed	17.598958	0	0
#SusPed	17.604167	48	0
#SofPed	17.656250	70	0
#SofPed	17.878906	0	0
#SofPed	17.893229	70	0
#SusPed	17.929688	0	0
#SusPed	17.934896	52	0
#SofPed	18.139323	0	0
#SofPed	18.153646	49	0
#SofPed	18.489583	0	0
#SofPed	18.496094	81	0
#SusPed	18.589844	0	0
#SusPed	18.595052	77	0
#SusPed	19.019531	0	0
#SusPed	19.033854	82	0
#SusPed	21.128906	0	0
#SusPed	21.143229	52	0
#SusPed	21.459635	0	0
#SusPed	21.464844	81	0
#SusPed	22.319010	0	0
#SusPed	22.334635	73	0
#SusPed	22.959635	0	0
#SusPed	22.973958	75	0
#SofPed	23.188802	0	0
#SofPed	23.195312	90	0
#SofPed	23.579427	0	0
#SofPed	23.592448	47	0
#SusPed	24.549479	0	0
#SusPed	24.563802	78	0
#SusPed	24.769531	0	0
#SusPed	24.778646	71	0
#SofPed	24.889323	0	0
#SofPed	24.894531	94	0
#SofPed	24.989583	0	0
#SofPed	25.003906	90	0
#SofPed	25.119792	0	0
#SofPed	25.126302	78	0
#SofPed	25.209635	0	0
#SofPed	25.214844	73	0
#SofPed	26.309896	0	0
#SofPed	26.315104	54	0
#SusPed	26.869792	0	0
#SusPed	26.877604	64	0
#SusPed	27.069010	0	0
#SofPed	27.079427	0	0
#SusPed	27.083333	71	0
#SofPed	27.089844	49	0
#SusPed	27.649740	0	0
#SusPed	27.662760	73	0
#SofPed	27.669271	0	0
#SofPed	27.679688	69	0
#SusPed	28.209635	0	0
#SusPed	28.222656	68	0
#SusPed	28.359375	0	0
#SusPed	28.364583	47	0
#SusPed	29.339844	0	0
#SusPed	29.352865	53	0
#SusPed	29.559896	0	0
#SusPed	29.570312	49	0
#SofPed	29.579427	0	0
#SofPed	29.593750	70	0
#SusPed	29.688802	0	0
#SusPed	29.695312	60	0
#SofPed	29.938802	0	0
#SusPed	30.468750	0	0
#SusPed	30.481771	70	0
#SusPed	30.799479	0	0
#SusPed	30.804688	59	0
#SusPed	30.968750	0	0
#SusPed	30.983073	57	0
#SusPed	32.729167	0	0
#SusPed	32.736979	60	0
#SusPed	33.128906	0	0
#SusPed	33.135417	80	0
#SofPed	33.628906	52	0
#SofPed	33.968750	0	0
#SofPed	33.984375	59	0
#SusPed	34.000000	0	0
#SusPed	34.007812	72	0
#SusPed	34.329427	0	0
#SusPed	34.341146	79	0
#SofPed	34.419271	0	0
#SofPed	34.430990	98	0
#SusPed	35.079427	0	0
#SusPed	35.084635	63	0
#SusPed	35.759115	0	0
#SusPed	35.768229	64	0
#SusPed	36.479167	0	0
#SusPed	36.489583	73	0
#SusPed	36.679688	0	0
#SusPed	36.684896	78	0
#SusPed	37.209635	0	0
#SusPed	37.221354	64	0
#SusPed	37.658854	0	0
#SusPed	37.670573	69	0
#SusPed	38.299479	0	0
#SusPed	38.304688	72	0
#SusPed	38.869792	0	0
#SusPed	38.884115	66	0
#SusPed	39.639323	0	0
#SusPed	39.652344	68	0
#SofPed	40.429688	0	0
#SusPed	40.679688	0	0
#SusPed	40.687500	107	0
#SusPed	40.848958	0	0
#SusPed	40.860677	110	0
#SusPed	41.529948	0	0
#SusPed	41.536458	84	0
#SusPed	41.729167	0	0
#SusPed	41.735677	104	0
#SusPed	41.979167	0	0
#SusPed	41.989583	75	0
#SusPed	42.059896	0	0
#SusPed	42.065104	70	0
#SusPed	42.709635	0	0
#SusPed	42.718750	68	0
#SusPed	42.839844	0	0
#SusPed	42.850260	70	0
#SusPed	43.149740	0	0
#SusPed	43.162760	60	0
#SusPed	43.269531	0	0
#SusPed	43.274740	70	0
#SusPed	43.878906	0	0
#SusPed	43.891927	74	0
#SusPed	44.029948	0	0
#SusPed	44.040365	71	0
#SusPed	44.319010	0	0
#SusPed	44.325521	81	0
#SusPed	45.128906	0	0
#SusPed	45.134115	66	0
#SusPed	45.250000	0	0
#SusPed	45.257812	60	0
#SusPed	45.669271	0	0
#SusPed	45.683594	63	0
#SusPed	46.989583	0	0
#SusPed	46.996094	89	0
#SusPed	47.069010	0	0
#SusPed	47.078125	90	0
#SusPed	47.408854	0	0
#SusPed	47.417969	67	0
#SusPed	47.718750	0	0
#SusPed	47.726562	44	0
#SusPed	47.829427	0	0
#SusPed	47.839844	59	0
#SusPed	47.959635	0	0
#SusPed	47.967448	71	0
#SusPed	49.019531	0	0
#SusPed	49.032552	67	0
#SusPed	49.779948	0	0
#SusPed	49.786458	79	0
#SusPed	49.919271	0	0
#SusPed	49.929688	58	0
#SusPed	50.348958	0	0
#SusPed	50.361979	84	0
#SusPed	50.829427	0	0
#SusPed	50.841146	95	0
#SusPed	51.079427	0	0
#SusPed	51.085938	89	0
#SusPed	51.239583	0	0
#SusPed	51.246094	78	0
#SusPed	51.329427	0	0
#SusPed	51.342448	77	0
#SofPed	51.356771	45	0
#SofPed	51.438802	0	0
#SofPed	51.453125	46	0
#SofPed	51.509115	0	0
#SofPed	51.523438	47	0
#SusPed	51.539062	0	0
#SusPed	51.553385	68	0
#SofPed	51.579427	0	0
#SofPed	51.585938	48	0
#SofPed	51.639323	0	0
#SofPed	51.652344	55	0
#SusPed	51.709635	0	0
#SofPed	51.709635	0	0
#SofPed	51.714844	63	0
#SusPed	51.723958	66	0
#SofPed	51.779948	0	0
#SofPed	51.787760	61	0
#SusPed	51.829427	0	0
#SusPed	51.839844	65	0
#SofPed	51.859375	0	0
#SofPed	51.864583	57	0
#SusPed	51.889323	0	0
#SusPed	51.894531	65	0
#SofPed	52.079427	0	0
#SofPed	52.088542	29	0
#SusPed	52.229167	0	0
#SusPed	52.238281	62	0
#SusPed	52.539062	0	0
#SusPed	52.552083	88	0
#SofPed	52.679688	0	0
#SusPed	53.098958	0	0
#SusPed	53.111979	46	0
#SusPed	53.628906	0	0
#SusPed	53.638021	75	0
#SusPed	54.609375	0	0
#SusPed	54.623698	79	0
#SusPed	56.459635	0	0
#SusPed	56.467448	59	0
#SusPed	56.739583	0	0
#SusPed	56.744792	51	0
#SusPed	57.218750	0	0
#SusPed	57.233073	70	0
#SofPed	57.253906	68	0
#SusPed	57.759115	0	0
#SusPed	57.773438	59	0
#SusPed	58.128906	0	0
#SusPed	58.144531	68	0
#SofPed	61.539062	0	0
#SofPed	61.549479	94	0
#SofPed	61.938802	0	0
#SofPed	61.953125	64	0
#SusPed	62.069010	0	0
#SusPed	62.080729	91	0
#SofPed	62.128906	0	0
#SofPed	62.138021	40	0
#SusPed	62.609375	0	0
#SusPed	62.617188	84	0
#SusPed	64.549479	0	0
#SusPed	64.561198	86	0
#SusPed	65.009115	0	0
#SusPed	65.019531	78	0
#SusPed	65.239583	0	0
#SofPed	65.269531	0	0
#SofPed	65.283854	43	0
#SofPed	65.339844	0	0
#SofPed	65.348958	53	0
#SusPed	65.930990	80	0
#SusPed	66.109375	0	0
#SusPed	66.115885	68	0
#SofPed	67.194010	0	0
#SusPed	67.369792	0	0
#SusPed	67.375000	48	0
#SusPed	67.589844	0	0
#SusPed	67.595052	50	0
#SusPed	68.429688	0	0
#SusPed	68.438802	55	0
#SusPed	68.569010	0	0
#SusPed	68.582031	57	0
#SusPed	68.628906	0	0
#SusPed	68.635417	55	0
#SusPed	68.799479	0	0
#SusPed	68.804688	58	0
#SusPed	68.919271	0	0
#SusPed	68.932292	56	0
#SusPed	69.029948	0	0
#SusPed	69.044271	56	0
#SusPed	69.109375	0	0
#SusPed	69.115885	56	0
#SusPed	69.319010	0	0
#SusPed	69.325521	55	0
#SusPed	69.500000	0	0
#SusPed	69.511719	55	0
#SusPed	69.628906	0	0
#SusPed	69.634115	50	0
#SusPed	69.718750	0	0
#SusPed	69.725260	57	0
#SusPed	69.809896	0	0
#SusPed	69.821615	57	0
#SusPed	70.039062	0	0
#SusPed	70.046875	52	0
#SusPed	70.209635	0	0
#SusPed	70.217448	50	0
#SusPed	70.279948	0	0
#SusPed	70.292969	52	0
#SusPed	70.389323	0	0
#SusPed	70.403646	54	0
#SusPed	70.479167	0	0
#SusPed	70.484375	52	0
#SusPed	70.579427	0	0
#SusPed	70.591146	56	0
#SusPed	70.869792	0	0
#SusPed	70.875000	57	0
#SusPed	71.019531	0	0
#SusPed	71.027344	70	0
#SusPed	71.269531	0	0
#SusPed	71.283854	65	0
#SusPed	71.399740	0	0
#SusPed	71.404948	58	0
#SusPed	71.649740	0	0
#SusPed	71.657552	57	0
#SusPed	71.809896	0	0
#SusPed	71.817708	50	0
#SusPed	71.848958	0	0
#SusPed	71.856771	49	0
#SofPed	72.063802	77	0
#SusPed	72.399740	0	0
#SusPed	72.412760	79	0
#SofPed	73.839844	0	0
#SofPed	73.852865	102	0
#SofPed	74.519531	0	0
#SusPed	75.169271	0	0
#SusPed	75.183594	87	0
#SusPed	77.359375	0	0
#SusPed	77.371094	99	0
#SusPed	78.500000	0	0
#SusPed	78.507812	69	0
#SofPed	78.654948	78	0
#SusPed	78.718750	0	0
#SusPed	78.725260	58	0
#SofPed	78.759115	0	0
#SofPed	78.770833	90	0
#SusPed	79.109375	0	0
#SusPed	79.122396	55	0
#SusPed	79.218750	0	0
#SusPed	79.225260	51	0
#SusPed	79.489583	0	0
#SusPed	79.502604	56	0
#SusPed	79.959635	0	0
#SusPed	79.967448	58	0
#SusPed	80.359375	0	0
#SusPed	80.371094	46	0
#SusPed	80.669271	0	0
#SusPed	80.677083	44	0
#SusPed	80.919271	0	0
#SusPed	80.932292	44	0
#SusPed	81.188802	0	0
#SusPed	81.197917	49	0
#SusPed	81.529948	0	0
#SusPed	81.533854	48	0
#SusPed	81.908854	0	0
#SusPed	81.915365	42	0
#SusPed	82.119792	0	0
#SusPed	82.125000	68	0
#SusPed	82.649740	0	0
#SusPed	82.662760	58	0
#SusPed	83.009115	0	0
#SusPed	83.023438	50	0
#SusPed	83.188802	0	0
#SusPed	83.203125	59	0
#SusPed	83.359375	0	0
#SusPed	83.369792	51	0
#SusPed	83.759115	0	0
#SusPed	83.768229	57	0
#SusPed	83.929688	0	0
#SusPed	83.942708	61	0
#SusPed	84.229167	0	0
#SusPed	84.239583	59	0
#SofPed	84.378906	0	0
#SofPed	84.385417	93	0
#SusPed	84.419271	0	0
#SusPed	84.432292	56	0
#SofPed	84.489583	0	0
#SofPed	84.497396	97	0
#SusPed	84.669271	0	0
#SusPed	84.677083	56	0
#SofPed	84.679688	0	0
#SofPed	84.688802	101	0
#SusPed	84.859375	0	0
#SusPed	84.869792	52	0
#SusPed	85.039062	0	0
#SusPed	85.045573	53	0
#SusPed	85.229167	0	0
#SusPed	85.238281	53	0
#SofPed	85.239583	0	0
#SofPed	85.250000	88	0
#SusPed	85.279948	0	0
#SusPed	85.286458	54	0
#SusPed	85.509115	0	0
#SofPed	85.519531	0	0
#SusPed	85.519531	51	0
#SofPed	85.533854	68	0
#SusPed	85.609375	0	0
#SusPed	85.614583	53	0
#SofPed	85.649740	0	0
#SofPed	85.656250	67	0
#SofPed	85.709635	0	0
#SofPed	85.723958	68	0
#SusPed	85.789062	0	0
#SusPed	85.802083	64	0
#SofPed	85.829427	0	0
#SofPed	85.835938	65	0
#SusPed	85.899740	0	0
#SusPed	85.914062	54	0
#SofPed	86.000000	0	0
#SofPed	86.013021	75	0
#SusPed	86.049479	0	0
#SusPed	86.057292	51	0
#SofPed	86.089844	0	0
#SofPed	86.100260	77	0
#SofPed	86.128906	0	0
#SofPed	86.135417	77	0
#SusPed	86.179688	0	0
#SusPed	86.184896	42	0
#SofPed	86.329427	0	0
#SofPed	86.335938	81	0
#SusPed	86.339844	0	0
#SusPed	86.354167	48	0
#SusPed	86.378906	0	0
#SusPed	86.388021	47	0
#SusPed	86.438802	0	0
#SusPed	86.446615	48	0
#SofPed	86.468750	0	0
#SofPed	86.475260	88	0
#SusPed	86.589844	0	0
#SusPed	86.595052	47	0
#SusPed	86.729167	0	0
#SusPed	86.735677	47	0
#SofPed	86.750000	0	0
#SofPed	86.763021	91	0
#SofPed	86.869792	0	0
#SofPed	86.875000	100	0
#SusPed	86.908854	0	0
#SusPed	86.923177	54	0
#SusPed	87.169271	0	0
#SusPed	87.180990	57	0
#SofPed	87.329427	0	0
#SofPed	87.335938	108	0
#SusPed	87.348958	0	0
#SusPed	87.356771	48	0
#SusPed	87.619792	0	0
#SusPed	87.631510	50	0
#SusPed	87.658854	0	0
#SofPed	87.658854	0	0
#SusPed	87.666667	50	0
#SofPed	87.670573	98	0
#SofPed	87.829427	0	0
#SofPed	87.835938	80	0
#SusPed	87.899740	0	0
#SusPed	87.911458	53	0
#SofPed	87.929688	0	0
#SofPed	87.934896	73	0
#SusPed	88.019531	0	0
#SusPed	88.026042	60	0
#SofPed	88.059896	0	0
#SofPed	88.071615	55	0
#SusPed	88.098958	0	0
#SusPed	88.111979	63	0
#SusPed	88.378906	0	0
#SusPed	88.390625	49	0
#SusPed	88.679688	0	0
#SusPed	88.690104	50	0
#SusPed	88.718750	0	0
#SusPed	88.729167	50	0
#SusPed	88.799479	0	0
#SofPed	88.799479	0	0
#SusPed	88.809896	49	0
#SofPed	88.812500	33	0
#SofPed	88.869792	0	0
#SofPed	88.881510	34	0
#SusPed	88.959635	0	0
#SusPed	88.973958	55	0
#SofPed	88.979167	0	0
#SofPed	88.992188	31	0
#SusPed	89.049479	0	0
#SusPed	89.058594	55	0
#SofPed	89.069010	0	0
#SofPed	89.083333	35	0
#SusPed	89.098958	0	0
#SusPed	89.108073	53	0
#SusPed	89.169271	0	0
#SusPed	89.177083	52	0
#SusPed	89.250000	0	0
#SusPed	89.264323	55	0
#SofPed	89.289062	0	0
#SofPed	89.295573	39	0
#SusPed	89.319010	0	0
#SusPed	89.325521	57	0
#SofPed	89.369792	0	0
#SofPed	89.377604	40	0
#SusPed	89.559896	0	0
#SusPed	89.572917	59	0
#SofPed	89.619792	0	0
#SofPed	89.626302	46	0
#SusPed	89.688802	0	0
#SusPed	89.703125	56	0
#SofPed	89.878906	0	0
#SofPed	89.891927	51	0
#SusPed	89.979167	0	0
#SusPed	89.992188	56	0
#SusPed	90.158854	0	0
#SusPed	90.165365	62	0
#SusPed	90.408854	0	0
#SusPed	90.424479	71	0
#SusPed	90.658854	0	0
#SusPed	90.666667	51	0
#SusPed	90.779948	0	0
#SusPed	90.789062	67	0
#SusPed	90.959635	0	0
#SusPed	90.972656	75	0
#SusPed	91.098958	0	0
#SusPed	91.113281	64	0
#SusPed	91.339844	0	0
#SusPed	91.352865	71	0
#SusPed	91.468750	0	0
#SusPed	91.481771	61	0
#SofPed	91.489583	0	0
#SusPed	91.729167	0	0
#SusPed	91.738281	63	0
#SusPed	91.878906	0	0
#SusPed	91.893229	65	0
#SusPed	92.179688	0	0
#SusPed	92.187500	57	0
#SusPed	92.289062	0	0
#SusPed	92.303385	63	0
#SusPed	92.539062	0	0
#SusPed	92.546875	57	0
#SusPed	92.649740	0	0
#SusPed	92.662760	90	0
#SusPed	92.968750	0	0
#SusPed	92.975260	59	0
#SusPed	94.049479	0	0
#SusPed	94.058594	55	0
#SusPed	94.179688	0	0
#SusPed	94.184896	51	0
#SusPed	94.429688	0	0
#SusPed	94.436198	84	0
#SusPed	95.799479	0	0
#SusPed	95.808594	71	0
#SusPed	96.229167	0	0
#SusPed	96.235677	71	0
#SusPed	96.718750	0	0
#SusPed	96.734375	101	0
#SusPed	97.149740	0	0
#SusPed	97.156250	62	0
#SusPed	97.509115	0	0
#SusPed	97.523438	79	0
#SusPed	98.500000	0	0
#SusPed	98.510417	59	0
#SusPed	98.859375	0	0
#SusPed	98.872396	43	0
#SusPed	99.019531	0	0
#SusPed	99.026042	38	0
#SusPed	99.059896	0	0
#SusPed	99.072917	40	0
#SusPed	99.529948	0	0
#SusPed	99.540365	77	0
#SusPed	99.718750	0	0
#SusPed	99.725260	90	0
#SusPed	100.029948	0	0
#SusPed	100.039062	87	0
#SusPed	100.679688	0	0
#SusPed	100.688802	100	0
#SusPed	101.199219	0	0
#SusPed	101.207031	75	0
#SusPed	101.549479	0	0
#SusPed	101.557292	83	0
#SusPed	102.239583	0	0
#SusPed	102.250000	72	0
#SusPed	102.408854	0	0
#SusPed	102.415365	40	0
#SusPed	102.699219	0	0
#SusPed	102.705729	76	0
#SusPed	103.049479	0	0
#SusPed	103.057292	56	0
#SusPed	103.169271	0	0
#SusPed	103.182292	78	0
#SusPed	103.479167	0	0
#SusPed	103.485677	76	0
#SusPed	104.250000	0	0
#SusPed	104.261719	45	0
#SusPed	104.378906	0	0
#SusPed	104.393229	47	0
#SusPed	104.899740	0	0
#SusPed	104.914062	66	0
#SusPed	105.059896	0	0
#SusPed	105.069010	81	0
#SusPed	105.559896	0	0
#SusPed	105.572917	56	0
#SusPed	105.750000	0	0
#SusPed	105.756510	65	0
#SusPed	105.929688	0	0
#SusPed	105.937500	65	0
#SusPed	106.688802	0	0
#SusPed	106.695312	47	0
#SusPed	106.968750	0	0
#SusPed	106.981771	47	0
#SusPed	107.239583	0	0
#SusPed	107.252604	58	0
#SusPed	107.709635	0	0
#SusPed	107.714844	64	0
#SusPed	108.279948	0	0
#SusPed	108.283854	60	0
#SusPed	108.789062	0	0
#SusPed	108.802083	61	0
#SusPed	109.039062	0	0
#SusPed	109.044271	64	0
#SusPed	109.199219	0	0
#SusPed	109.204427	62	0
#SusPed	110.348958	0	0
#SusPed	110.358073	63	0
#SusPed	110.679688	0	0
#SusPed	110.691406	64	0
#SusPed	111.688802	0	0
#SusPed	111.697917	72	0
#SusPed	112.029948	0	0
#SusPed	112.042969	59	0
#SusPed	112.639323	0	0
#SusPed	112.647135	81	0
#SusPed	113.149740	0	0
#SusPed	113.154948	107	0
#SusPed	113.759115	0	0
#SusPed	113.773438	101	0
#SusPed	114.089844	0	0
#SusPed	114.102865	94	0
#SusPed	114.259115	0	0
#SusPed	114.265625	94	0
#SusPed	114.899740	0	0
#SusPed	114.906250	77	0
#SusPed	115.679688	0	0
#SusPed	115.688802	69	0
#SusPed	115.869792	0	0
#SusPed	115.875000	69	0
#SusPed	117.029948	0	0
#SusPed	117.042969	77	0
#SusPed	117.149740	0	0
#SusPed	117.160156	61	0
#SusPed	117.799479	0	0
#SusPed	117.811198	61	0
#SusPed	118.009115	0	0
#SusPed	118.019531	61	0
#SusPed	118.229167	0	0
#SusPed	118.244792	62	0
#SusPed	118.559896	0	0
#SusPed	118.563802	83	0
#SusPed	119.098958	0	0
#SusPed	119.111979	79	0
#SusPed	119.449219	0	0
#SusPed	119.454427	67	0
#SusPed	119.639323	0	0
#SusPed	119.652344	60	0
#SofPed	119.785156	97	0
#SofPed	119.938802	0	0
#SofPed	119.953125	104	0
#SofPed	120.098958	0	0
#SofPed	120.111979	108	0
#SusPed	120.169271	0	0
#SusPed	120.182292	64	0
#SofPed	120.199219	0	0
#SofPed	120.214844	104	0
#SusPed	120.309896	0	0
#SusPed	120.324219	71	0
#SofPed	120.449219	0	0
#SofPed	120.460938	105	0
#SusPed	120.579427	0	0
#SusPed	120.593750	62	0
#SusPed	120.729167	0	0
#SusPed	120.735677	72	0
#SofPed	120.739583	0	0
#SofPed	120.746094	82	0
#SofPed	120.809896	0	0
#SofPed	120.822917	86	0
#SofPed	120.979167	0	0
#SofPed	120.986979	84	0
#SusPed	121.369792	0	0
#SusPed	121.380208	61	0
#SofPed	121.438802	0	0
#SusPed	122.489583	0	0
#SusPed	122.498698	57	0
#SusPed	122.709635	0	0
#SusPed	122.723958	51	0
#SusPed	122.938802	0	0
#SusPed	122.953125	89	0
#SusPed	123.289062	0	0
#SusPed	123.302083	107	0
#SusPed	123.609375	0	0
#SusPed	123.618490	75	0
#SusPed	123.669271	0	0
#SusPed	123.678385	77	0
#SusPed	124.019531	0	0
#SusPed	124.026042	79	0
#SusPed	124.128906	0	0
#SusPed	124.140625	85	0
#SusPed	124.628906	0	0
#SusPed	124.643229	66	0
#SusPed	124.799479	0	0
#SusPed	124.811198	77	0
#SusPed	125.218750	0	0
#SusPed	125.234375	64	0
#SusPed	125.289062	0	0
#SusPed	125.302083	67	0
#SusPed	125.569010	0	0
#SusPed	125.576823	88	0
#SusPed	125.769531	0	0
#SusPed	125.781250	55	0
#SusPed	125.829427	0	0
#SusPed	125.842448	81	0
#SusPed	126.009115	0	0
#SusPed	126.023438	65	0
#SusPed	126.399740	0	0
#SusPed	126.407552	63	0
#SusPed	126.539062	0	0
#SusPed	126.553385	64	0
#SusPed	126.628906	0	0
#SusPed	126.640625	54	0
#SusPed	126.750000	0	0
#SusPed	126.763021	60	0
#SusPed	126.959635	0	0
#SusPed	126.964844	55	0
#SusPed	127.128906	0	0
#SusPed	127.138021	56	0
#SusPed	127.279948	0	0
#SusPed	127.294271	56	0
#SusPed	127.479167	0	0
#SusPed	127.485677	62	0
#SusPed	127.529948	0	0
#SusPed	127.536458	48	0
#SusPed	128.619792	0	0
#SusPed	128.634115	49	0
#SusPed	129.769531	0	0
#SusPed	129.781250	51	0
#SusPed	129.859375	0	0
#SusPed	129.871094	50	0
#SusPed	130.079427	0	0
#SusPed	130.093750	53	0
#SusPed	130.199219	0	0
#SusPed	130.204427	56	0
#SusPed	130.269531	0	0
#SusPed	130.274740	58	0
#SusPed	130.348958	0	0
#SusPed	130.356771	65	0
#SusPed	130.449219	0	0
#SusPed	130.460938	54	0
#SusPed	130.709635	0	0
#SusPed	130.721354	62	0
#SusPed	130.848958	0	0
#SusPed	130.858073	70	0
#SusPed	130.889323	0	0
#SusPed	130.902344	60	0
#SusPed	131.149740	0	0
#SusPed	131.164062	54	0
#SusPed	131.289062	0	0
#SusPed	131.300781	58	0
#SusPed	131.509115	0	0
#SusPed	131.520833	52	0
#SusPed	131.649740	0	0
#SusPed	131.661458	47	0
#SusPed	131.839844	0	0
#SusPed	131.848958	54	0
#SusPed	131.968750	0	0
#SusPed	131.981771	49	0
#SusPed	132.079427	0	0
#SusPed	132.091146	58	0
#SusPed	132.199219	0	0
#SusPed	132.212240	68	0
#SusPed	132.598958	0	0
#SusPed	132.614583	71	0
#SusPed	132.819010	0	0
#SusPed	132.825521	50	0
#SusPed	133.229167	0	0
#SusPed	133.235677	51	0
#SusPed	133.369792	0	0
#SusPed	133.375000	69	0
#SusPed	133.799479	0	0
#SusPed	133.812500	68	0
#SusPed	133.938802	0	0
#SusPed	133.945312	51	0
#SusPed	134.128906	0	0
#SusPed	134.141927	47	0
#SusPed	134.348958	0	0
#SusPed	134.355469	66	0
#SusPed	134.579427	0	0
#SusPed	134.589844	68	0
#SusPed	134.919271	0	0
#SusPed	134.932292	43	0
#SusPed	135.089844	0	0
#SusPed	135.101562	42	0
#SofPed	135.123698	54	0
#SofPed	135.169271	0	0
#SofPed	135.179688	47	0
#SusPed	135.429688	0	0
#SusPed	135.434896	44	0
#SusPed	135.549479	0	0
#SusPed	135.554688	59	0
#SusPed	135.688802	0	0
#SusPed	135.695312	52	0
#SusPed	135.979167	0	0
#SusPed	135.988281	39	0
#SusPed	136.109375	0	0
#SusPed	136.121094	40	0
#SofPed	136.319010	0	0
#SofPed	136.325521	55	0
#SusPed	136.369792	0	0
#SusPed	136.384115	42	0
#SusPed	136.429688	0	0
#SusPed	136.441406	44	0
#SusPed	136.739583	0	0
#SusPed	136.744792	45	0
#SusPed	136.878906	0	0
#SusPed	136.889323	50	0
#SofPed	137.128906	0	0
#SofPed	137.143229	64	0
#SusPed	137.158854	0	0
#SusPed	137.173177	41	0
#SusPed	137.250000	0	0
#SusPed	137.257812	43	0
#SofPed	137.259115	0	0
#SofPed	137.273438	52	0
#SusPed	137.468750	0	0
#SofPed	137.468750	0	0
#SusPed	137.477865	41	0
#SofPed	137.479167	58	0
#SusPed	137.519531	0	0
#SusPed	137.532552	42	0
#SusPed	139.339844	0	0
#SusPed	139.351562	51	0
#SofPed	139.589844	0	0
#SofPed	139.596354	111	0
#SofPed	139.669271	0	0
#SofPed	139.675781	110	0
#SofPed	139.739583	0	0
#SofPed	139.752604	111	0
#SofPed	139.848958	0	0
#SofPed	139.863281	109	0
#SofPed	139.889323	0	0
#SofPed	139.894531	108	0
#SofPed	140.658854	0	0
#SusPed	140.899740	0	0
#SusPed	140.914062	62	0
#SusPed	140.959635	0	0
#SusPed	140.964844	55	0
#SusPed	141.209635	0	0
#SusPed	141.220052	50	0
#SusPed	141.359375	0	0
#SusPed	141.372396	53	0
#SofPed	142.760417	43	0
#SofPed	142.959635	0	0
#SofPed	142.966146	48	0
#SofPed	143.158854	0	0
#SofPed	143.167969	61	0
#SusPed	144.649740	0	0
#SusPed	144.662760	54	0
#SusPed	145.500000	0	0
#SusPed	145.511719	76	0
#SusPed	147.529948	0	0
#SusPed	147.537760	80	0
#SusPed	147.750000	0	0
#SusPed	147.760417	76	0
#SusPed	148.139323	0	0
#SusPed	148.145833	65	0
#SusPed	148.359375	0	0
#SusPed	148.364583	78	0
#SusPed	148.628906	0	0
#SusPed	148.643229	71	0
#SusPed	148.779948	0	0
#SusPed	148.786458	70	0
#SusPed	149.149740	0	0
#SusPed	149.157552	64	0
#SofPed	149.169271	0	0
#SusPed	149.319010	0	0
#SusPed	149.325521	73	0
#SusPed	149.589844	0	0
#SusPed	149.600260	46	0
#SusPed	149.799479	0	0
#SusPed	149.813802	70	0
#SusPed	150.059896	0	0
#SusPed	150.074219	71	0
#SusPed	150.279948	0	0
#SusPed	150.292969	72	0
#SusPed	150.539062	0	0
#SusPed	150.553385	77	0
#SusPed	150.729167	0	0
#SusPed	150.742188	75	0
#SusPed	151.000000	0	0
#SusPed	151.006510	64	0
#SusPed	151.329427	0	0
#SusPed	151.343750	66	0
#SusPed	151.739583	0	0
#SusPed	151.744792	77	0
#SusPed	152.059896	0	0
#SusPed	152.074219	78	0
#SofPed	152.196615	87	0
#SofPed	152.279948	0	0
#SofPed	152.285156	84	0
#SusPed	153.029948	0	0
#SusPed	153.036458	91	0
#SusPed	153.259115	0	0
#SusPed	153.268229	99	0
#SofPed	153.369792	0	0
#SofPed	153.378906	113	0
#SofPed	153.459635	0	0
#SusPed	153.468750	0	0
#SofPed	153.470052	111	0
#SusPed	153.477865	80	0
#SofPed	153.549479	0	0
#SofPed	153.561198	109	0
#SofPed	153.669271	0	0
#SofPed	153.674479	111	0
#SusPed	153.750000	0	0
#SusPed	153.763021	80	0
#SofPed	153.779948	0	0
#SofPed	153.789062	114	0
#SofPed	153.889323	0	0
#SofPed	153.897135	113	0
#SusPed	153.929688	0	0
#SusPed	153.937500	87	0
#SofPed	154.000000	0	0
#SofPed	154.007812	115	0
#SofPed	154.089844	0	0
#SofPed	154.095052	116	0
#SusPed	154.119792	0	0
#SusPed	154.125000	98	0
#SusPed	154.289062	0	0
#SusPed	154.303385	71	0
#SusPed	154.688802	0	0
#SusPed	154.695312	61	0
#SusPed	154.829427	0	0
#SusPed	154.835938	87	0
#SusPed	155.059896	0	0
#SusPed	155.072917	76	0
#SusPed	155.259115	0	0
#SusPed	155.269531	85	0
#SusPed	155.529948	0	0
#SusPed	155.542969	80	0
#SusPed	155.709635	0	0
#SusPed	155.723958	83	0
#SusPed	155.979167	0	0
#SusPed	155.993490	85	0
#SusPed	156.119792	0	0
#SusPed	156.125000	93	0
#SusPed	156.408854	0	0
#SusPed	156.423177	58	0
#SusPed	156.549479	0	0
#SusPed	156.559896	107	0
#SusPed	156.639323	0	0
#SusPed	156.647135	112	0
#SusPed	156.819010	0	0
#SusPed	156.833333	88	0
#SusPed	157.289062	0	0
#SusPed	157.295573	90	0
#SusPed	157.438802	0	0
#SusPed	157.447917	90	0
#SusPed	157.729167	0	0
#SusPed	157.735677	72	0
#SusPed	157.829427	0	0
#SusPed	157.842448	67	0
#SusPed	158.149740	0	0
#SusPed	158.157552	74	0
#SusPed	158.289062	0	0
#SusPed	158.302083	86	0
#SusPed	158.598958	0	0
#SusPed	158.605469	63	0
#SusPed	158.750000	0	0
#SusPed	158.761719	101	0
#SusPed	158.848958	0	0
#SusPed	158.861979	105	0
#SusPed	158.919271	0	0
#SusPed	158.932292	80	0
#SusPed	159.500000	0	0
#SusPed	159.510417	88	0
#SusPed	159.848958	0	0
#SusPed	159.854167	71	0
#SofPed	160.098958	0	0
#SusPed	160.218750	0	0
#SusPed	160.233073	75	0
#SusPed	160.309896	0	0
#SusPed	160.315104	59	0
#SusPed	160.609375	0	0
#SusPed	160.615885	71	0
#SusPed	160.750000	0	0
#SusPed	160.761719	76	0
#SusPed	161.049479	0	0
#SusPed	161.055990	81	0
#SusPed	162.188802	0	0
#SusPed	162.201823	61	0
#SusPed	162.250000	0	0
#SusPed	162.257812	70	0
#SusPed	162.598958	0	0
#SusPed	162.605469	76	0
#SusPed	163.128906	0	0
#SusPed	163.140625	58	0
#SusPed	163.319010	0	0
#SusPed	163.330729	67	0
#SusPed	163.759115	0	0
#SusPed	163.765625	86	0
#SusPed	164.269531	0	0
#SusPed	164.277344	72	0
#SusPed	164.479167	0	0
#SusPed	164.493490	53	0
#SusPed	164.559896	0	0
#SusPed	164.565104	66	0
#SusPed	164.968750	0	0
#SusPed	164.977865	63	0
#SusPed	165.289062	0	0
#SusPed	165.296875	78	0
#SusPed	165.369792	0	0
#SusPed	165.384115	62	0
#SusPed	165.438802	0	0
#SusPed	165.451823	64	0
#SusPed	165.628906	0	0
#SusPed	165.643229	67	0
#SusPed	165.739583	0	0
#SusPed	165.748698	77	0
#SusPed	166.069010	0	0
#SusPed	166.084635	65	0
#SusPed	166.449219	0	0
#SusPed	166.462240	63	0
#SusPed	166.579427	0	0
#SusPed	166.584635	85	0
#SusPed	166.769531	0	0
#SusPed	166.781250	84	0
#SusPed	166.878906	0	0
#SusPed	166.893229	84	0
#SusPed	167.119792	0	0
#SusPed	167.125000	97	0
#SusPed	167.569010	0	0
#SusPed	167.578125	59	0
#SusPed	167.709635	0	0
#SusPed	167.716146	87	0
#SusPed	168.729167	0	0
#SusPed	168.734375	57	0
#SusPed	168.848958	0	0
#SusPed	168.856771	81	0
#SusPed	169.509115	0	0
#SusPed	169.514323	73	0
#SusPed	169.869792	0	0
#SusPed	169.881510	68	0
#SusPed	170.229167	0	0
#SusPed	170.235677	79	0
#SusPed	170.559896	0	0
#SusPed	170.565104	101	0
#SusPed	170.699219	0	0
#SusPed	170.704427	86	0
#SusPed	170.968750	0	0
#SusPed	170.975260	65	0
#SusPed	171.098958	0	0
#SusPed	171.106771	101	0
#SusPed	171.339844	0	0
#SusPed	171.346354	91	0
#SusPed	171.669271	0	0
#SusPed	171.675781	71	0
#SusPed	171.769531	0	0
#SusPed	171.778646	94	0
#SusPed	172.149740	0	0
#SusPed	172.161458	80	0
#SusPed	172.250000	0	0
#SusPed	172.255208	84	0
#SusPed	172.878906	0	0
#SusPed	172.893229	71	0
#SusPed	173.019531	0	0
#SusPed	173.024740	86	0
#SusPed	173.309896	0	0
#SusPed	173.324219	73	0
#SusPed	176.049479	0	0
#SusPed	176.054688	62	0
#SusPed	176.378906	0	0
#SusPed	176.385417	66	0
#SusPed	176.669271	0	0
#SusPed	176.675781	47	0
#SusPed	176.759115	0	0
#SusPed	176.773438	49	0
#SusPed	177.119792	0	0
#SusPed	177.126302	61	0
#SusPed	177.319010	0	0
#SusPed	177.330729	63	0
#SusPed	177.609375	0	0
#SusPed	177.623698	50	0
#SusPed	177.959635	0	0
#SusPed	177.970052	71	0
#SusPed	178.209635	0	0
#SusPed	178.223958	51	0
#SusPed	178.598958	0	0
#SusPed	178.613281	61	0
#SusPed	178.729167	0	0
#SusPed	178.736979	60	0
#SusPed	180.489583	0	0
#SusPed	180.494792	58	0
#SusPed	181.959635	0	0
#SusPed	181.973958	48	0
#SofPed	182.173177	62	0
#SusPed	182.209635	0	0
#SusPed	182.216146	71	0
#SusPed	182.989583	0	0
#SusPed	182.994792	68	0
#SusPed	183.519531	0	0
#SusPed	183.527344	75	0
#SusPed	184.039062	0	0
#SusPed	184.044271	66	0
#SusPed	184.169271	0	0
#SusPed	184.175781	62	0
#SusPed	184.938802	0	0
#SusPed	184.947917	74	0
#SusPed	185.889323	0	0
#SusPed	185.903646	63	0
#SusPed	186.309896	0	0
#SusPed	186.324219	73	0
#SusPed	186.609375	0	0
#SusPed	186.618490	61	0
#SusPed	186.799479	0	0
#SusPed	186.807292	73	0
#SusPed	187.059896	0	0
#SusPed	187.070312	70	0
#SusPed	187.299479	0	0
#SusPed	187.309896	70	0
#SusPed	187.598958	0	0
#SusPed	187.614583	70	0
#SusPed	187.769531	0	0
#SusPed	187.783854	56	0
#SusPed	188.079427	0	0
#SusPed	188.089844	49	0
#SofPed	188.169271	0	0
#SusPed	188.299479	0	0
#SusPed	188.307292	48	0
#SofPed	188.394531	112	0
#SusPed	188.449219	0	0
#SusPed	188.454427	50	0
#SofPed	188.549479	0	0
#SofPed	188.562500	107	0
#SusPed	188.729167	0	0
#SusPed	188.743490	54	0
#SofPed	188.750000	0	0
#SofPed	188.764323	73	0
#SofPed	188.839844	0	0
#SofPed	188.847656	73	0
#SusPed	188.968750	0	0
#SusPed	188.976562	53	0
#SofPed	189.019531	0	0
#SofPed	189.032552	63	0
#SusPed	189.119792	0	0
#SusPed	189.132812	54	0
#SusPed	189.199219	0	0
#SofPed	189.199219	0	0
#SofPed	189.204427	48	0
#SusPed	189.207031	60	0
#SusPed	189.329427	0	0
#SusPed	189.342448	61	0
#SusPed	189.419271	0	0
#SusPed	189.425781	70	0
#SusPed	189.709635	0	0
#SusPed	189.718750	76	0
#SusPed	190.239583	0	0
#SusPed	190.248698	76	0
#SofPed	190.468750	0	0
#SusPed	190.559896	0	0
#SusPed	190.565104	80	0
#SusPed	190.598958	0	0
#SusPed	190.608073	73	0
#SusPed	190.669271	0	0
#SusPed	190.675781	74	0
#SusPed	191.209635	0	0
#SusPed	191.223958	80	0
#SusPed	191.649740	0	0
#SusPed	191.654948	70	0
#SusPed	191.908854	0	0
#SusPed	191.916667	80	0
#SusPed	192.128906	0	0
#SusPed	192.141927	67	0
#SusPed	192.408854	0	0
#SusPed	192.423177	62	0
#SusPed	192.619792	0	0
#SusPed	192.626302	54	0
#SusPed	192.779948	0	0
#SusPed	192.786458	93	0
#SusPed	193.059896	0	0
#SusPed	193.070312	74	0
#SusPed	193.429688	0	0
#SusPed	193.434896	90	0
#SusPed	193.759115	0	0
#SusPed	193.770833	54	0
#SusPed	193.908854	0	0
#SusPed	193.919271	83	0
#SusPed	194.378906	0	0
#SusPed	194.391927	82	0
#SusPed	194.539062	0	0
#SusPed	194.545573	60	0
#SusPed	194.739583	0	0
#SusPed	194.747396	80	0
#SusPed	194.959635	0	0
#SusPed	194.964844	68	0
#SusPed	195.049479	0	0
#SusPed	195.312500	96	0
#SofPed	195.324219	50	0
#SusPed	195.679688	0	0
#SusPed	195.694010	77	0
#SofPed	195.799479	0	0
#SusPed	195.829427	0	0
#SusPed	195.841146	95	0
#SusPed	195.919271	0	0
#SusPed	195.927083	74	0
#SusPed	196.009115	0	0
#SusPed	196.342448	52	0
#SusPed	197.069010	0	0
#SusPed	197.082031	56	0
#SusPed	197.449219	0	0
#SusPed	197.639323	84	0
#SusPed	198.329427	0	0
#SusPed	198.335938	72	0
#SusPed	198.408854	0	0
#SusPed	198.623698	90	0
#SusPed	198.968750	0	0
#SusPed	198.977865	83	0
#SusPed	199.139323	0	0
#SusPed	199.151042	75	0
#SusPed	199.658854	0	0
#SusPed	199.665365	104	0
#SusPed	199.729167	0	0
#SusPed	199.736979	65	0
#SofPed	200.225260	42	0
#SusPed	200.259115	0	0
#SusPed	200.265625	73	0
#SofPed	200.329427	0	0
#SofPed	200.338542	42	0
#SusPed	200.378906	0	0
#SofPed	200.579427	0	0
#SusPed	200.582031	79	0
#SofPed	200.591146	47	0
#SusPed	201.139323	0	0
#SusPed	201.144531	68	0
#SusPed	201.519531	0	0
#SusPed	201.524740	66	0
#SusPed	201.739583	0	0
#SusPed	201.750000	71	0
#SusPed	201.839844	0	0
#SusPed	201.846354	94	0
#SusPed	201.908854	0	0
#SusPed	201.915365	68	0
#SofPed	202.509115	0	0
#SusPed	202.658854	0	0
#SusPed	202.673177	72	0
#SusPed	203.098958	0	0
#SusPed	203.113281	69	0
#SusPed	203.319010	0	0
#SusPed	203.333333	83	0
#SusPed	203.549479	0	0
#SusPed	203.554688	70	0
#SusPed	203.959635	0	0
#SusPed	203.972656	82	0
#SusPed	204.089844	0	0
#SusPed	204.100260	62	0
#SusPed	204.429688	0	0
#SusPed	204.444010	77	0
#SusPed	204.718750	0	0
#SusPed	204.734375	70	0
#SusPed	205.218750	0	0
#SusPed	205.233073	71	0
#SusPed	205.589844	0	0
#SusPed	205.595052	48	0
#SusPed	205.809896	0	0
#SusPed	205.824219	65	0
#SusPed	205.968750	0	0
#SusPed	205.984375	75	0
#SusPed	206.729167	0	0
#SusPed	206.735677	66	0
#SusPed	207.128906	0	0
#SusPed	207.141927	49	0
#SusPed	207.369792	0	0
#SusPed	207.378906	64	0
#SusPed	207.619792	0	0
#SusPed	207.625000	87	0
#SofPed	207.631510	68	0
#SusPed	207.929688	0	0
#SusPed	207.934896	59	0
#SusPed	208.069010	0	0
#SusPed	208.080729	65	0
#SofPed	208.119792	0	0
#SofPed	208.128906	90	0
#SusPed	208.479167	0	0
#SusPed	208.492188	60	0
#SusPed	209.029948	0	0
#SusPed	209.041667	54	0
#SusPed	209.229167	0	0
#SusPed	209.234375	80	0
#SusPed	209.658854	0	0
#SusPed	209.666667	75	0
#SusPed	210.389323	0	0
#SusPed	210.403646	64	0
#SusPed	210.929688	0	0
#SusPed	210.940104	45	0
#SusPed	211.059896	0	0
#SusPed	211.074219	46	0
#SusPed	211.378906	0	0
#SusPed	211.393229	48	0
#SusPed	211.739583	0	0
#SusPed	211.752604	47	0
#SusPed	212.229167	0	0
#SusPed	212.242188	80	0
#SusPed	213.009115	0	0
#SusPed	213.023438	103	0
#SusPed	213.329427	0	0
#SusPed	213.335938	70	0
#SusPed	213.929688	0	0
#SusPed	213.934896	80	0
#SofPed	214.109375	0	0
#SofPed	214.123698	101	0
#SofPed	214.389323	0	0
#SofPed	214.397135	77	0
#SusPed	214.949219	0	0
#SusPed	214.955729	73	0
#SofPed	215.059896	0	0
#SofPed	215.066406	108	0
#SofPed	215.289062	0	0
#SofPed	215.303385	109	0
#SusPed	215.549479	0	0
#SusPed	215.562500	95	0
#SofPed	215.709635	0	0
#SofPed	215.716146	87	0
#SusPed	217.889323	0	0
#SusPed	217.903646	65	0
#SusPed	218.149740	0	0
#SusPed	218.157552	78	0
#SusPed	218.718750	0	0
#SusPed	218.727865	80	0
#SusPed	219.098958	0	0
#SusPed	219.114583	83	0
#SusPed	219.289062	0	0
#SusPed	219.296875	68	0
#SusPed	220.269531	0	0
#SusPed	220.282552	50	0
#SofPed	220.589844	0	0
#SusPed	220.609375	0	0
#SusPed	220.617188	86	0
#SusPed	221.649740	0	0
#SusPed	221.664062	66	0
#SusPed	221.759115	0	0
#SusPed	221.772135	49	0
#SusPed	221.908854	0	0
#SusPed	221.915365	70	0
#SusPed	223.699219	0	0
#SusPed	223.705729	64	0
#SusPed	224.139323	0	0
#SusPed	224.148438	86	0
#SofPed	224.503906	32	0
#SusPed	224.938802	0	0
#SusPed	224.946615	65	0
#SusPed	225.179688	0	0
#SusPed	225.184896	86	0
#SofPed	225.359375	0	0
#SofPed	225.372396	101	0
#SusPed	226.000000	0	0
#SusPed	226.006510	68	0
#SusPed	226.549479	0	0
#SusPed	226.561198	73	0
#SusPed	227.229167	0	0
#SusPed	227.240885	58	0
#SusPed	227.369792	0	0
#SusPed	227.384115	71	0
#SusPed	227.619792	0	0
#SusPed	227.630208	51	0
#SusPed	227.759115	0	0
#SusPed	227.765625	77	0
#SusPed	228.089844	0	0
#SusPed	228.095052	70	0
#SusPed	228.329427	0	0
#SusPed	228.334635	81	0
#SusPed	228.889323	0	0
#SusPed	228.895833	69	0
#SusPed	229.399740	0	0
#SusPed	229.407552	81	0
#SusPed	229.739583	0	0
#SusPed	229.746094	67	0
#SusPed	230.468750	0	0
#SusPed	230.477865	79	0
#SofPed	231.369792	0	0
#SusPed	232.509115	0	0
#SusPed	232.514323	70	0
#SusPed	232.658854	0	0
#SusPed	232.671875	76	0
#SusPed	232.929688	0	0
#SusPed	232.938802	59	0
#SusPed	233.009115	0	0
#SusPed	233.019531	71	0
#SusPed	234.089844	0	0
#SusPed	234.096354	60	0
#SusPed	234.239583	0	0
#SusPed	234.251302	70	0
#SusPed	234.859375	0	0
#SusPed	234.865885	65	0
#SusPed	234.989583	0	0
#SusPed	235.001302	72	0
#SofPed	235.108073	97	0
#SofPed	235.259115	0	0
#SofPed	235.268229	83	0
#SofPed	235.669271	0	0
#SofPed	235.683594	38	0
#SofPed	235.729167	0	0
#SofPed	235.743490	38	0
#SofPed	236.128906	0	0
#SofPed	236.141927	55	0
#SusPed	236.179688	0	0
#SofPed	236.179688	0	0
#SusPed	236.194010	82	0
#SofPed	236.194010	35	0
#SusPed	236.309896	0	0
#SusPed	236.319010	55	0
#SusPed	236.750000	0	0
#SusPed	236.759115	95	0
#SofPed	237.348958	0	0
#SofPed	237.361979	14	0
#SofPed	237.429688	0	0
#SofPed	237.442708	17	0
#SofPed	237.468750	0	0
#SofPed	237.475260	17	0
#SusPed	237.519531	0	0
#SusPed	237.531250	98	0
#SofPed	237.589844	0	0
#SofPed	237.596354	15	0
#SofPed	237.699219	0	0
#SofPed	237.708333	22	0
#SofPed	237.819010	0	0
#SofPed	237.832031	48	0
#SofPed	237.878906	0	0
#SofPed	237.886719	55	0
#SofPed	237.968750	0	0
#SofPed	237.976562	57	0
#SofPed	238.019531	0	0
#SofPed	238.024740	62	0
#SofPed	238.139323	0	0
#SofPed	238.153646	60	0
#SofPed	238.199219	0	0
#SofPed	238.208333	65	0
#SofPed	238.250000	0	0
#SofPed	238.255208	72	0
#SusPed	238.259115	0	0
#SusPed	238.273438	57	0
#SofPed	238.408854	0	0
#SofPed	238.414062	67	0
#SofPed	238.479167	0	0
#SofPed	238.493490	65	0
#SusPed	238.500000	0	0
#SusPed	238.505208	63	0
#SusPed	238.598958	0	0
#SusPed	238.609375	58	0
#SusPed	238.639323	0	0
#SusPed	238.651042	54	0
#SusPed	238.839844	0	0
#SusPed	238.846354	52	0
#SusPed	238.959635	0	0
#SusPed	238.973958	58	0
#SusPed	239.049479	0	0
#SusPed	239.054688	55	0
#SusPed	240.179688	0	0
#SusPed	240.186198	58	0
#SusPed	240.579427	0	0
#SusPed	240.585938	41	0
#SusPed	241.000000	0	0
#SusPed	241.009115	100	0
#SusPed	241.128906	0	0
#SusPed	241.136719	70	0
#SusPed	241.609375	0	0
#SusPed	241.623698	81	0
#SusPed	242.128906	0	0
#SusPed	242.144531	88	0
#SusPed	242.408854	0	0
#SusPed	242.417969	98	0
#SusPed	242.750000	0	0
#SusPed	242.756510	72	0
#SusPed	242.859375	0	0
#SusPed	242.871094	78	0
#SusPed	243.209635	0	0
#SusPed	243.216146	59	0
#SusPed	243.459635	0	0
#SusPed	243.472656	43	0
#SusPed	243.539062	0	0
#SusPed	243.549479	48	0
#SusPed	243.619792	0	0
#SusPed	243.625000	47	0
#SusPed	243.878906	0	0
#SusPed	243.891927	91	0
#SofPed	243.908854	0	0
#SofPed	243.920573	33	0
#SusPed	244.009115	0	0
#SusPed	244.020833	72	0
#SusPed	244.579427	0	0
#SusPed	244.588542	60	0
#SofPed	244.589844	0	0
#SusPed	245.049479	0	0
#SusPed	245.055990	72	0
#SusPed	245.229167	0	0
#SusPed	245.236979	67	0
#SusPed	245.949219	0	0
#SusPed	245.963542	84	0
#SofPed	247.294271	63	0
#SofPed	247.429688	0	0
#SofPed	247.438802	86	0
#SofPed	247.539062	0	0
#SofPed	247.554688	99	0
#SofPed	247.739583	0	0
#SofPed	247.747396	98	0
#SofPed	247.809896	0	0
#SofPed	247.817708	99	0
#SusPed	247.819010	0	0
#SusPed	247.829427	91	0
#SofPed	247.899740	0	0
#SofPed	247.904948	106	0
#SofPed	248.069010	0	0
#SofPed	248.074219	108	0
#SofPed	248.169271	0	0
#SofPed	248.178385	110	0
#SusPed	248.179688	0	0
#SusPed	248.190104	65	0
#SusPed	248.218750	0	0
#SusPed	248.225260	59	0
#SusPed	248.319010	0	0
#SusPed	248.326823	57	0
#SusPed	249.128906	0	0
#SusPed	249.138021	86	0
#SusPed	249.539062	0	0
#SusPed	249.550781	87	0
#SusPed	250.089844	0	0
#SusPed	250.104167	89	0
#SusPed	250.598958	0	0
#SusPed	250.609375	99	0
#SusPed	251.339844	0	0
#SusPed	251.346354	81	0
#SusPed	251.509115	0	0
#SusPed	251.523438	79	0
#SusPed	251.968750	0	0
#SusPed	251.984375	99	0
#SofPed	252.500000	0	0
#SusPed	252.539062	0	0
#SusPed	252.552083	91	0
#SusPed	254.519531	0	0
#SusPed	254.526042	70	0
#SusPed	254.669271	0	0
#SusPed	254.683594	84	0
#SusPed	256.378906	0	0
#SusPed	256.393229	65	0
#SusPed	256.908854	0	0
#SusPed	256.919271	78	0
#SusPed	257.000000	0	0
#SusPed	257.364583	79	0
#SusPed	257.979167	0	0
#SusPed	257.989583	66	0
#SusPed	258.128906	0	0
#SusPed	258.143229	57	0
#SusPed	258.369792	0	0
#SusPed	258.381510	46	0
#SusPed	258.569010	0	0
#SusPed	258.575521	44	0
#SusPed	258.789062	0	0
#SusPed	258.802083	41	0
#SusPed	259.209635	0	0
#SusPed	259.216146	41	0
#SusPed	260.359375	0	0
#SusPed	260.372396	51	0
#SusPed	260.609375	0	0
#SusPed	260.621094	44	0
#SusPed	260.839844	0	0
#SusPed	260.852865	56	0
#SusPed	261.559896	0	0
#SusPed	261.565104	69	0
#SusPed	261.739583	0	0
#SusPed	261.753906	74	0
#SusPed	262.839844	0	0
#SusPed	262.851562	82	0
#SusPed	263.039062	0	0
#SusPed	263.053385	79	0
#SusPed	263.169271	0	0
#SusPed	263.183594	77	0
#SusPed	263.279948	0	0
#SusPed	263.291667	74	0
#SusPed	263.839844	0	0
#SusPed	263.852865	55	0
#SusPed	264.269531	0	0
#SusPed	264.283854	75	0
#SusPed	264.438802	0	0
#SusPed	264.449219	69	0
#SusPed	264.589844	0	0
#SusPed	264.604167	82	0
#SusPed	264.809896	0	0
#SusPed	264.816406	81	0
#SusPed	265.089844	0	0
#SusPed	265.101562	83	0
#SusPed	265.309896	0	0
#SusPed	265.322917	85	0
#SusPed	265.519531	0	0
#SusPed	265.524740	87	0
#SusPed	265.658854	0	0
#SusPed	265.666667	94	0
#SusPed	265.718750	0	0
#SusPed	265.730469	91	0
#SusPed	265.938802	0	0
#SusPed	265.947917	87	0
#SusPed	266.059896	0	0
#SusPed	266.071615	99	0
#SusPed	266.269531	0	0
#SusPed	266.276042	96	0
#SusPed	266.869792	0	0
#SusPed	266.878906	72	0
#SusPed	266.979167	0	0
#SusPed	266.985677	94	0
#SusPed	267.378906	0	0
#SusPed	267.386719	74	0
#SusPed	267.579427	0	0
#SusPed	267.592448	83	0
#SusPed	270.579427	0	0
#SusPed	270.593750	64	0
#SusPed	270.729167	0	0
#SusPed	270.740885	72	0
#SusPed	270.908854	0	0
#SusPed	270.920573	63	0
#SusPed	271.019531	0	0
#SusPed	271.031250	54	0
#SusPed	271.128906	0	0
#SusPed	271.136719	51	0
#SusPed	271.829427	0	0
#SusPed	271.834635	63	0
#SusPed	272.218750	0	0
#SusPed	272.229167	51	0
#SofPed	272.265625	58	0
#SusPed	272.319010	0	0
#SusPed	272.328125	49	0
#SofPed	272.348958	0	0
#SofPed	272.359375	56	0
#SofPed	272.479167	0	0
#SofPed	272.484375	46	0
#SusPed	272.519531	0	0
#SusPed	272.528646	49	0
#SusPed	272.639323	0	0
#SusPed	272.644531	50	0
#SusPed	273.029948	0	0
#SusPed	273.042969	64	0
#SusPed	273.389323	0	0
#SusPed	273.395833	59	0
#SofPed	273.989583	0	0
#SusPed	274.069010	0	0
#SusPed	274.079427	60	0
#SusPed	274.128906	0	0
#SusPed	274.143229	61	0
#SusPed	274.259115	0	0
#SusPed	274.272135	61	0
#SusPed	274.459635	0	0
#SusPed	274.471354	56	0
#SusPed	274.549479	0	0
#SusPed	274.555990	48	0
#SusPed	274.679688	0	0
#SusPed	274.686198	55	0
#SusPed	274.799479	0	0
#SusPed	274.804688	56	0
#SusPed	274.979167	0	0
#SusPed	274.986979	55	0
#SusPed	275.039062	0	0
#SusPed	275.046875	58	0
#SusPed	275.408854	0	0
#SusPed	275.414062	61	0
#SusPed	275.688802	0	0
#SusPed	275.700521	43	0
#SusPed	275.799479	0	0
#SusPed	275.809896	62	0
#SusPed	276.019531	0	0
#SusPed	276.026042	54	0
#SusPed	276.218750	0	0
#SusPed	276.227865	66	0
#SusPed	276.669271	0	0
#SusPed	276.677083	77	0
#SusPed	276.848958	0	0
#SusPed	276.858073	68	0
#SusPed	276.889323	0	0
#SusPed	276.898438	67	0
#SusPed	277.269531	0	0
#SusPed	277.276042	89	0
#SusPed	277.729167	0	0
#SusPed	277.742188	54	0
#SusPed	278.709635	0	0
#SusPed	278.717448	64	0
#SusPed	279.139323	0	0
#SusPed	279.152344	58	0
#SusPed	279.908854	0	0
#SusPed	279.923177	59	0
#SusPed	280.299479	0	0
#SusPed	280.307292	56	0
#SusPed	280.679688	0	0
#SusPed	280.692708	50	0
#SusPed	280.779948	0	0
#SusPed	280.785156	53	0
#SusPed	281.079427	0	0
#SusPed	281.093750	62	0
#SusPed	281.348958	0	0
#SusPed	281.359375	66	0
#SusPed	281.569010	0	0
#SusPed	281.574219	59	0
#SusPed	281.839844	0	0
#SusPed	281.854167	47	0
#SusPed	282.438802	0	0
#SusPed	282.453125	49	0
#SusPed	282.519531	0	0
#SusPed	282.532552	66	0
#SusPed	282.739583	0	0
#SusPed	282.752604	73	0
#SusPed	282.878906	0	0
#SusPed	282.884115	79	0
#SusPed	283.119792	0	0
#SusPed	283.131510	76	0
#SusPed	283.559896	0	0
#SusPed	283.565104	70	0
#SusPed	283.848958	0	0
#SusPed	283.854167	67	0
#SusPed	284.259115	0	0
#SusPed	284.273438	73	0
#SusPed	284.369792	0	0
#SusPed	284.377604	90	0
#SusPed	284.848958	0	0
#SusPed	284.858073	63	0
#SusPed	285.489583	0	0
#SusPed	285.503906	86	0
#SusPed	287.519531	0	0
#SusPed	287.531250	74	0
#SusPed	287.848958	0	0
#SusPed	287.855469	84	0
#SusPed	288.658854	0	0
#SusPed	288.671875	68	0
#SusPed	288.949219	0	0
#SusPed	288.957031	79	0
#SofPed	289.781250	71	0
#SusPed	290.169271	0	0
#SusPed	290.183594	70	0
#SofPed	290.209635	0	0
#SofPed	290.216146	45	0
#SofPed	290.269531	0	0
#SofPed	290.286458	57	0
#SofPed	290.299479	0	0
#SusPed	291.259115	0	0
#SusPed	291.265625	62	0
#SusPed	291.878906	0	0
#SusPed	291.893229	99	0
#SusPed	292.750000	0	0
#SusPed	292.755208	63	0
#SusPed	293.259115	0	0
#SusPed	293.272135	72	0
#SusPed	294.029948	0	0
#SusPed	294.044271	51	0
#SusPed	294.279948	0	0
#SusPed	294.285156	75	0
#SusPed	295.139323	0	0
#SusPed	295.149740	61	0
#SusPed	295.979167	0	0
#SusPed	295.992188	54	0
#SusPed	296.438802	0	0
#SusPed	296.446615	55	0
#SusPed	296.539062	0	0
#SusPed	296.544271	51	0
#SusPed	297.229167	0	0
#SusPed	297.236979	51	0
#SusPed	297.438802	0	0
#SusPed	297.449219	68	0
#SusPed	297.669271	0	0
#SusPed	297.675781	60	0
#SusPed	298.688802	0	0
#SusPed	298.696615	67	0
#SusPed	298.959635	0	0
#SusPed	298.973958	72	0
#SusPed	299.229167	0	0
#SusPed	299.242188	64	0
#SusPed	299.699219	0	0
#SusPed	299.707031	74	0
#SusPed	299.869792	0	0
#SusPed	299.875000	63	0
#SusPed	300.179688	0	0
#SusPed	300.192708	64	0
#SusPed	300.459635	0	0
#SusPed	300.473958	73	0
#SofPed	300.644531	72	0
#SofPed	300.789062	0	0
#SofPed	300.795573	62	0
#SusPed	300.968750	0	0
#SusPed	300.983073	72	0
#SofPed	301.079427	0	0
#SofPed	301.093750	83	0
#SofPed	301.179688	0	0
#SofPed	301.192708	80	0
#SusPed	301.449219	0	0
#SusPed	301.457031	57	0
#SofPed	301.479167	0	0
#SofPed	301.494792	87	0
#SusPed	301.628906	0	0
#SofPed	301.628906	0	0
#SusPed	301.635417	80	0
#SofPed	301.636719	96	0
#SusPed	302.289062	0	0
#SusPed	302.302083	96	0
#SusPed	302.598958	0	0
#SusPed	302.605469	63	0
#SusPed	303.619792	0	0
#SusPed	303.625000	56	0
#SusPed	303.908854	0	0
#SusPed	303.915365	67	0
#SusPed	304.149740	0	0
#SusPed	304.164062	81	0
#SusPed	304.809896	0	0
#SusPed	304.816406	87	0
#SusPed	305.089844	0	0
#SusPed	305.095052	68	0
#SusPed	306.479167	0	0
#SusPed	306.489583	43	0
#SusPed	306.688802	0	0
#SusPed	306.703125	66	0
#SofPed	307.500000	0	0
#SusPed	307.789062	0	0
#SusPed	307.796875	65	0
#SusPed	308.029948	0	0
#SusPed	308.035156	81	0
#SofPed	308.342448	65	0
#SusPed	308.369792	0	0
#SusPed	308.375000	65	0
#SofPed	308.408854	0	0
#SofPed	308.415365	68	0
#SusPed	308.809896	0	0
#SusPed	308.819010	48	0
#SusPed	309.239583	0	0
#SusPed	309.247396	61	0
#SusPed	309.509115	0	0
#SusPed	309.520833	83	0
#SusPed	312.139323	0	0
#SusPed	312.144531	59	0
#SusPed	312.289062	0	0
#SusPed	312.295573	65	0
#SusPed	312.718750	0	0
#SusPed	312.726562	83	0
#SusPed	313.039062	0	0
#SusPed	313.050781	89	0
#SusPed	313.218750	0	0
#SusPed	313.227865	78	0
#SusPed	313.658854	0	0
#SusPed	313.667969	75	0
#SusPed	313.839844	0	0
#SusPed	313.845052	73	0
#SusPed	314.329427	0	0
#SusPed	314.334635	72	0
#SofPed	314.419271	0	0
#SusPed	314.529948	0	0
#SusPed	314.544271	71	0
#SusPed	315.218750	0	0
#SusPed	315.226562	73	0
#SusPed	315.459635	0	0
#SusPed	315.466146	79	0
#SusPed	315.938802	0	0
#SusPed	315.953125	77	0
#SusPed	316.309896	0	0
#SusPed	316.315104	83	0
#SusPed	316.979167	0	0
#SusPed	316.988281	86	0
#SusPed	317.199219	0	0
#SusPed	317.210938	84	0
#SusPed	317.639323	0	0
#SusPed	317.648438	100	0
#SusPed	317.869792	0	0
#SusPed	317.884115	79	0
#SusPed	318.449219	0	0
#SusPed	318.463542	100	0
#SusPed	318.509115	0	0
#SusPed	318.523438	102	0
#SusPed	318.799479	0	0
#SusPed	318.805990	72	0
#SusPed	319.009115	0	0
#SusPed	319.023438	78	0
#SusPed	319.500000	0	0
#SusPed	319.505208	76	0
#SusPed	319.779948	0	0
#SusPed	319.791667	83	0
#SusPed	320.348958	0	0
#SusPed	320.359375	71	0
#SusPed	320.649740	0	0
#SusPed	320.660156	59	0
#SusPed	320.929688	0	0
#SusPed	320.937500	77	0
#SusPed	322.789062	0	0
#SusPed	322.803385	84	0
#SusPed	323.029948	0	0
#SusPed	323.036458	89	0
#SusPed	323.109375	0	0
#SusPed	323.115885	57	0
#SusPed	323.279948	0	0
#SusPed	323.292969	84	0
#SusPed	324.369792	0	0
#SusPed	324.375000	92	0
#SusPed	324.750000	0	0
#SusPed	324.763021	84	0
#SusPed	325.019531	0	0
#SusPed	325.029948	71	0
#SusPed	325.859375	0	0
#SusPed	325.873698	50	0
#SusPed	326.218750	0	0
#SusPed	326.225260	37	0
#SusPed	326.688802	0	0
#SusPed	326.695312	40	0
#SusPed	327.709635	0	0
#SusPed	327.714844	75	0
#SofPed	327.723958	56	0
#SofPed	329.029948	0	0
#SusPed	330.789062	0	0
#SusPed	330.802083	70	0
#SusPed	330.989583	0	0
#SusPed	331.003906	79	0
#SusPed	331.429688	0	0
#SusPed	331.444010	51	0
#SusPed	331.519531	0	0
#SusPed	331.527344	83	0
#SusPed	331.878906	0	0
#SusPed	331.891927	79	0
#SusPed	332.059896	0	0
#SusPed	332.069010	54	0
#SusPed	333.089844	0	0
#SusPed	333.093750	57	0
#SusPed	333.250000	0	0
#SusPed	333.263021	87	0
#SusPed	334.619792	0	0
#SusPed	334.634115	82	0
#SusPed	334.718750	0	0
#SusPed	335.121094	73	0
#SusPed	335.779948	0	0
#SusPed	335.787760	79	0
#SusPed	336.619792	0	0
#SusPed	336.625000	97	0
#SusPed	336.848958	0	0
#SusPed	336.860677	56	0
#SusPed	337.438802	0	0
#SusPed	337.450521	82	0
#SusPed	338.259115	0	0
#SusPed	338.274740	70	0
#SusPed	338.669271	0	0
#SusPed	338.683594	74	0
#SofPed	338.770833	97	0
#SusPed	339.609375	0	0
#SusPed	339.614583	69	0
#SusPed	340.089844	0	0
#SusPed	340.097656	72	0
#SusPed	341.229167	0	0
#SusPed	341.243490	84	0
#SusPed	341.489583	0	0
#SusPed	341.501302	84	0
#SusPed	341.688802	0	0
#SusPed	341.695312	80	0
#SusPed	342.109375	0	0
#SusPed	342.122396	72	0
#SusPed	342.299479	0	0
#SusPed	342.307292	75	0
#SusPed	342.979167	0	0
#SusPed	342.990885	70	0
#SusPed	343.389323	0	0
#SusPed	343.403646	59	0
#SusPed	344.019531	0	0
#SusPed	344.026042	64	0
#SofPed	344.769531	0	0
#SusPed	349.989583	0	0
