//Version: PianoRoll_v170101
0	2.417969	2.494792	G4	78	80	0
1	2.420573	2.493490	B3	82	80	0
2	2.423177	2.484375	G3	79	80	0
3	2.425781	2.488281	E2	82	80	0
4	2.425781	2.485677	E3	80	80	0
5	2.835938	3.169271	B3	87	80	0
6	2.835938	3.218750	G4	84	80	0
7	2.837240	3.109375	G3	88	80	0
8	2.842448	3.158854	E4	85	80	0
9	2.847656	3.119792	E2	77	80	0
10	2.850260	3.098958	E3	85	80	0
11	3.364583	3.484375	F#4	70	80	0
12	3.472656	3.576823	E4	80	80	0
13	3.489583	3.569010	G4	69	80	0
14	3.494792	3.565104	G3	73	80	0
15	3.498698	3.571615	E2	69	80	0
16	3.498698	3.563802	E3	75	80	0
17	3.873698	4.109375	A4	80	80	0
18	3.878906	4.049479	A3	70	80	0
19	3.881510	4.109375	F#4	73	80	0
20	3.885417	3.989583	D3	58	80	0
21	3.889323	3.989583	D2	55	80	0
22	3.893229	4.039062	D4	56	80	0
23	4.595052	4.782552	A4	44	80	0
24	4.613281	4.778646	F#4	33	80	0
25	4.623698	4.789062	A3	30	80	0
26	4.623698	4.777344	D4	27	80	0
27	4.989583	5.509115	A4	55	80	0
28	5.016927	5.459635	F#4	27	80	0
29	5.019531	5.299479	D4	26	80	0
30	5.024740	5.299479	C4	23	80	0
31	5.514323	5.638021	G4	42	80	0
32	5.519531	5.635417	D4	31	80	0
33	5.528646	5.631510	B3	31	80	0
34	5.630208	5.889323	A4	48	80	0
35	5.632812	5.908854	F#4	35	80	0
36	5.644531	5.869792	A3	38	80	0
37	5.652344	5.873698	C4	32	80	0
38	6.019531	6.339844	B4	39	80	0
39	6.023438	6.251302	G4	29	80	0
40	6.033854	6.255208	B3	29	80	0
41	6.041667	6.252604	G3	24	80	0
42	6.735677	6.828125	B4	81	80	0
43	6.740885	6.815104	G3	87	80	0
44	6.740885	6.824219	G4	81	80	0
45	6.742188	6.817708	B3	82	80	0
46	6.742188	6.824219	D4	80	80	0
47	6.742188	6.826823	G2	87	80	0
48	7.141927	7.459635	D4	81	80	0
49	7.143229	7.609375	B4	85	80	0
50	7.144531	7.609375	G4	82	80	0
51	7.144531	7.509115	B3	87	80	0
52	7.147135	7.459635	G3	85	80	0
53	7.151042	7.569010	G2	86	80	0
54	7.669271	7.796875	A4	70	80	0
55	7.769531	7.979167	G4	76	80	0
56	7.778646	7.934896	B3	76	80	0
57	7.789062	7.945312	G2	76	80	0
58	7.792969	7.933594	G1	73	80	0
59	8.182292	8.529948	C#5	81	80	0
60	8.191406	8.406250	Bb4	73	80	0
61	8.191406	8.369792	C#4	69	80	0
62	8.205729	8.438802	F#2	56	80	0
63	8.208333	8.408854	F#1	56	80	0
64	8.902344	9.071615	C#5	50	80	0
65	8.915365	9.071615	Bb4	38	80	0
66	8.924479	9.071615	F#4	29	80	0
67	9.334635	9.889323	C#5	55	80	0
68	9.347656	9.889323	Bb4	43	80	0
69	9.355469	9.779948	F#4	29	80	0
70	9.360677	9.878906	E4	27	80	0
71	9.881510	9.986979	B4	44	80	0
72	9.881510	10.259115	F#4	32	80	0
73	9.884115	9.983073	D4	33	80	0
74	9.998698	10.369792	C#5	54	80	0
75	10.009115	10.348958	Bb4	46	80	0
76	10.014323	10.369792	E4	33	80	0
77	10.026042	10.335938	C#4	28	80	0
78	10.397135	10.625000	D5	51	80	0
79	10.434896	10.617188	B3	22	80	0
80	10.434896	10.614583	D4	22	80	0
81	11.166667	12.479167	D5	63	80	0
82	11.585938	13.449219	G4	39	80	0
83	11.593750	12.519531	D4	36	80	0
84	11.595052	12.519531	B3	34	80	0
85	11.930990	12.750000	G5	73	80	0
86	12.274740	12.289062	Bb3	38	80	0
87	12.276042	12.959635	E5	74	80	0
88	12.283854	13.259115	E4	46	80	0
89	12.623698	12.967448	D5	67	80	0
90	12.625000	13.449219	A3	39	80	0
91	12.954427	13.109375	C5	58	80	0
92	13.322917	14.149740	C5	61	80	0
93	13.335938	14.179688	F#4	39	80	0
94	13.346354	13.669271	Eb4	37	80	0
95	13.664062	14.348958	D4	38	80	0
96	14.009115	14.429688	A5	60	80	0
97	14.355469	15.055990	C5	53	80	0
98	14.365885	14.789062	F#4	35	80	0
99	14.713542	15.769531	G4	32	80	0
100	15.045573	15.156250	B4	50	80	0
101	15.429688	16.399740	B4	55	80	0
102	15.442708	15.813802	G3	40	80	0
103	15.794271	16.544271	E3	47	80	0
104	16.113281	16.200521	G4	51	80	0
105	16.484375	19.489583	G4	41	80	0
106	16.486979	16.729167	E5	44	80	0
107	16.854167	17.095052	C4	30	80	0
108	17.184896	17.348958	E4	33	80	0
109	17.593750	19.559896	E4	35	80	0
110	17.623698	18.639323	C3	29	80	0
111	18.001302	19.489583	C2	30	80	0
112	18.363281	18.822917	G3	35	80	0
113	18.834635	19.529948	E3	37	80	0
114	19.442708	20.848958	B3	39	80	0
115	19.451823	20.869792	Eb3	24	80	0
116	19.481771	20.869792	B1	20	80	0
117	21.716146	22.250000	E6	55	80	0
118	21.723958	22.329427	E5	43	80	0
119	22.183594	22.889323	B3	34	80	0
120	22.191406	23.819010	E3	29	80	0
121	22.194010	22.899740	G2	29	80	0
122	22.717448	22.869792	Eb6	58	80	0
123	22.723958	22.859375	Eb5	49	80	0
124	22.863281	22.949219	E6	67	80	0
125	22.876302	22.924479	E5	52	80	0
126	23.322917	24.029948	F#4	49	80	0
127	23.334635	24.259115	A2	33	80	0
128	23.335938	24.000000	C4	36	80	0
129	24.040365	24.348958	F#4	57	80	0
130	24.055990	24.429688	Bb2	43	80	0
131	24.072917	24.459635	C#4	44	80	0
132	24.423177	25.019531	F#4	63	80	0
133	24.434896	25.149740	Eb4	54	80	0
134	24.434896	25.119792	A3	47	80	0
135	24.441406	25.489583	B2	47	80	0
136	24.932292	25.045573	G4	59	80	0
137	25.078125	25.173177	A4	64	80	0
138	25.204427	25.295573	G4	61	80	0
139	25.325521	25.739583	F#4	64	80	0
140	25.333333	26.049479	C3	48	80	0
141	25.334635	26.109375	G3	51	80	0
142	25.690104	25.859375	E4	63	80	0
143	26.042969	26.989583	E6	92	80	0
144	26.048177	26.230469	B2	60	80	0
145	26.055990	26.919271	E5	67	80	0
146	26.234375	26.404948	A2	57	80	0
147	26.415365	27.169271	G2	66	80	0
148	26.417969	27.289062	E3	59	80	0
149	26.932292	27.059896	Eb6	86	80	0
150	26.936198	27.079427	Eb5	75	80	0
151	27.085938	27.399740	G#2	71	80	0
152	27.089844	27.250000	E6	89	80	0
153	27.093750	27.160156	E5	82	80	0
154	27.575521	28.229167	F#4	73	80	0
155	27.578125	27.718750	F#5	79	80	0
156	27.582031	28.169271	C4	65	80	0
157	27.584635	28.549479	A2	62	80	0
158	27.587240	27.959635	E5	76	80	0
159	27.588542	28.089844	A3	66	80	0
160	28.467448	28.839844	F#4	51	80	0
161	28.492188	28.979167	Bb2	37	80	0
162	28.493490	28.938802	C#4	38	80	0
163	28.984375	29.908854	F#4	40	80	0
164	29.005208	30.519531	A3	28	80	0
165	29.009115	30.489583	Eb4	31	80	0
166	29.014323	30.699219	B2	26	80	0
167	29.809896	30.250000	A4	40	80	0
168	30.093750	30.359375	G4	35	80	0
169	30.367188	30.559896	F#4	29	80	0
170	30.369792	30.468750	G4	32	80	0
171	30.812500	31.949219	E4	31	80	0
172	30.845052	31.769531	G3	23	80	0
173	30.854167	32.019531	E2	21	80	0
174	32.803385	33.199219	B4	31	80	0
175	32.804688	32.894531	B3	23	80	0
176	32.832031	32.901042	B2	17	80	0
177	32.834635	32.901042	B1	18	80	0
178	33.213542	33.381510	B3	29	80	0
179	33.213542	33.658854	B4	34	80	0
180	33.221354	33.365885	B2	20	80	0
181	33.226562	33.355469	B1	19	80	0
182	33.850260	33.968750	E4	30	80	0
183	33.852865	33.930990	E5	38	80	0
184	33.856771	33.924479	E3	26	80	0
185	33.859375	33.928385	E2	23	80	0
186	34.244792	34.450521	E5	39	80	0
187	34.247396	34.399740	E3	23	80	0
188	34.250000	34.402344	E2	22	80	0
189	34.263021	34.459635	E4	24	80	0
190	34.885417	34.985677	B5	35	80	0
191	34.891927	34.983073	B3	32	80	0
192	34.893229	34.984375	B2	29	80	0
193	34.893229	34.983073	B4	34	80	0
194	35.283854	35.402344	B4	37	80	0
195	35.285156	35.402344	B5	38	80	0
196	35.286458	35.398438	B3	28	80	0
197	35.289062	35.391927	B2	25	80	0
198	35.921875	36.032552	E6	52	80	0
199	35.924479	36.016927	E3	33	80	0
200	35.925781	36.015625	E5	42	80	0
201	36.294271	36.488281	E6	48	80	0
202	36.295573	36.484375	E5	36	80	0
203	36.303385	36.444010	E3	30	80	0
204	36.975260	37.042969	F6	97	80	0
205	36.976562	37.036458	F5	96	80	0
206	36.980469	37.044271	D6	93	80	0
207	36.981771	37.033854	F4	90	80	0
208	36.983073	37.036458	D4	87	80	0
209	36.984375	37.041667	B3	91	80	0
210	36.984375	37.042969	G3	83	80	0
211	37.373698	37.908854	F5	100	80	0
212	37.373698	37.979167	F6	103	80	0
213	37.375000	37.709635	G4	94	80	0
214	37.376302	38.009115	B3	89	80	0
215	37.377604	38.179688	D4	88	80	0
216	37.378906	37.889323	D6	98	80	0
217	37.378906	37.968750	G3	88	80	0
218	37.380208	37.859375	F4	87	80	0
219	37.924479	37.938802	E7	74	80	0
220	37.930990	38.006510	E6	82	80	0
221	37.993490	38.066406	D6	78	80	0
222	38.054688	38.115885	C6	78	80	0
223	38.141927	38.213542	B5	75	80	0
224	38.205729	38.273438	A5	63	80	0
225	38.278646	38.335938	G5	76	80	0
226	38.330729	38.391927	F5	71	80	0
227	38.402344	38.473958	E5	75	80	0
228	38.471354	38.529948	D5	77	80	0
229	38.532552	38.582031	C5	70	80	0
230	38.606771	38.688802	B4	70	80	0
231	38.678385	38.733073	A4	65	80	0
232	38.735677	38.786458	G4	65	80	0
233	38.786458	38.854167	F4	59	80	0
234	38.861979	38.934896	E4	66	80	0
235	38.929688	38.990885	D4	63	80	0
236	38.986979	39.053385	C4	63	80	0
237	39.055990	39.130208	B3	75	80	0
238	39.125000	39.192708	A3	68	80	0
239	39.182292	39.264323	G3	67	80	0
240	39.273438	39.352865	F#3	64	80	0
241	39.346354	39.523438	G3	88	80	0
242	39.347656	39.569010	G4	76	80	0
243	40.003906	40.078125	F4	73	80	0
244	40.007812	40.074219	D4	70	80	0
245	40.010417	40.070312	G3	76	80	0
246	40.013021	40.071615	B2	83	80	0
247	40.015625	40.074219	B1	79	80	0
248	40.382812	40.455729	E4	78	80	0
249	40.384115	40.446615	G3	75	80	0
250	40.384115	40.453125	C4	75	80	0
251	40.384115	40.438802	C3	84	80	0
252	40.386719	40.441406	C2	86	80	0
253	41.061198	41.140625	D5	92	80	0
254	41.061198	41.126302	D4	90	80	0
255	41.062500	41.169271	B5	88	80	0
256	41.062500	41.209635	D6	91	80	0
257	41.062500	41.132812	B3	90	80	0
258	41.066406	41.134115	G#3	86	80	0
259	41.067708	41.134115	E3	85	80	0
260	41.445312	42.369792	D4	93	80	0
261	41.449219	41.919271	G#5	97	80	0
262	41.450521	42.279948	B3	92	80	0
263	41.451823	41.899740	D5	96	80	0
264	41.451823	41.908854	D6	97	80	0
265	41.453125	42.378906	E3	89	80	0
266	41.454427	42.309896	G#3	88	80	0
267	41.455729	41.669271	B5	88	80	0
268	41.959635	42.036458	C6	74	80	0
269	42.023438	42.169271	B5	79	80	0
270	42.080729	42.170573	A5	83	80	0
271	42.162760	42.256510	G#5	83	80	0
272	42.236979	42.359375	F#5	77	80	0
273	42.303385	42.356771	E5	74	80	0
274	42.355469	42.459635	D5	72	80	0
275	42.434896	42.506510	C5	80	80	0
276	42.503906	42.563802	B4	67	80	0
277	42.567708	42.636719	A4	67	80	0
278	42.643229	42.733073	G#4	65	80	0
279	42.709635	42.783854	F#4	63	80	0
280	42.768229	42.826823	E4	65	80	0
281	42.841146	42.924479	D4	63	80	0
282	42.915365	42.979167	C4	67	80	0
283	42.983073	43.033854	B3	75	80	0
284	43.053385	43.144531	A3	61	80	0
285	43.126302	43.203125	G#3	58	80	0
286	43.195312	43.253906	F#3	61	80	0
287	43.263021	43.343750	E3	59	80	0
288	43.337240	43.404948	Eb3	68	80	0
289	43.403646	43.628906	E3	76	80	0
290	44.062500	44.135417	D4	71	80	0
291	44.063802	44.134115	B3	72	80	0
292	44.065104	44.134115	G#2	82	80	0
293	44.067708	44.136719	G#1	82	80	0
294	44.069010	44.134115	E3	73	80	0
295	44.457031	44.609375	C4	69	80	0
296	44.462240	44.639323	A3	67	80	0
297	44.463542	44.579427	A1	81	80	0
298	44.463542	44.609375	A2	78	80	0
299	44.464844	44.569010	E3	67	80	0
300	45.234375	45.419271	Bb5	46	80	0
301	45.239583	45.361979	Bb3	41	80	0
302	45.243490	45.250000	Bb4	41	80	0
303	45.686198	46.250000	Bb5	47	80	0
304	45.701823	47.158854	Bb3	43	80	0
305	46.194010	46.329427	A5	46	80	0
306	46.276042	46.369792	G5	46	80	0
307	46.354167	46.410156	F5	52	80	0
308	46.444010	46.549479	Eb5	48	80	0
309	46.535156	46.575521	D5	48	80	0
310	46.608073	46.661458	C5	48	80	0
311	46.694010	46.779948	Bb4	49	80	0
312	46.773438	46.813802	A4	43	80	0
313	46.841146	46.877604	G4	45	80	0
314	46.917969	46.971354	F4	40	80	0
315	47.014323	47.102865	Eb4	44	80	0
316	47.119792	47.192708	D4	36	80	0
317	47.225260	47.343750	C4	31	80	0
318	47.372396	47.434896	Bb3	44	80	0
319	47.748698	49.209635	Bb3	43	80	0
320	48.414062	48.509115	E4	34	80	0
321	48.414062	48.809896	E5	40	80	0
322	48.813802	49.109375	E4	34	80	0
323	48.815104	50.468750	E5	39	80	0
324	49.507812	49.684896	G4	36	80	0
325	49.526042	49.682292	E4	27	80	0
326	49.535156	49.687500	Bb3	28	80	0
327	49.888021	50.378906	G4	48	80	0
328	49.898438	50.179688	E4	35	80	0
329	49.902344	50.429688	Bb3	40	80	0
330	50.579427	50.803385	C#5	65	80	0
331	50.583333	50.829427	G4	46	80	0
332	50.593750	50.792969	E4	40	80	0
333	50.598958	50.794271	Bb3	43	80	0
334	50.964844	51.289062	C#5	69	80	0
335	50.972656	51.348958	Bb3	48	80	0
336	50.973958	51.299479	G4	47	80	0
337	50.975260	51.250000	E4	41	80	0
338	51.622396	51.889323	G5	80	80	0
339	51.627604	51.869792	C#5	58	80	0
340	51.632812	51.639323	Bb4	53	80	0
341	51.634115	51.878906	E4	40	80	0
342	51.634115	51.899740	G4	45	80	0
343	51.636719	51.878906	Bb3	49	80	0
344	51.638021	51.889323	E5	57	80	0
345	51.640625	51.889323	C#4	44	80	0
346	52.024740	52.709635	G5	85	80	0
347	52.026042	53.519531	C#5	69	80	0
348	52.031250	52.039062	Bb4	66	80	0
349	52.033854	53.098958	E4	56	80	0
350	52.033854	52.819010	G4	63	80	0
351	52.035156	52.649740	Bb3	57	80	0
352	52.036458	52.559896	E5	68	80	0
353	52.037760	53.639323	C#4	54	80	0
354	52.654948	53.128906	F#5	91	80	0
355	52.654948	53.369792	Bb3	53	80	0
356	52.657552	52.915365	F#4	76	80	0
357	53.063802	53.809896	F5	93	80	0
358	53.063802	53.619792	F4	73	80	0
359	53.753906	54.029948	F#5	90	80	0
360	53.756510	54.049479	C#5	82	80	0
361	53.757812	53.809896	Bb4	81	80	0
362	53.757812	53.979167	F#4	77	80	0
363	53.764323	54.029948	Bb3	74	80	0
364	53.765625	54.049479	E4	69	80	0
365	53.765625	53.908854	E5	81	80	0
366	53.769531	54.019531	C#4	69	80	0
367	54.164062	54.919271	F#5	103	80	0
368	54.164062	54.799479	D5	89	80	0
369	54.167969	54.242188	F#4	86	80	0
370	54.167969	54.509115	B4	90	80	0
371	54.169271	54.238281	B3	84	80	0
372	54.173177	54.419271	D4	84	80	0
373	54.326823	54.385417	F#4	64	80	0
374	54.328125	54.393229	B3	66	80	0
375	54.514323	54.565104	F#4	66	80	0
376	54.514323	54.561198	B3	62	80	0
377	54.515625	54.565104	D4	57	80	0
378	54.516927	54.897135	B4	63	80	0
379	54.675781	54.727865	D4	53	80	0
380	54.677083	54.726562	F#4	53	80	0
381	54.679688	54.727865	B3	58	80	0
382	54.847656	54.895833	D4	56	80	0
383	54.852865	54.859375	F#3	53	80	0
384	54.852865	54.897135	B3	57	80	0
385	54.854167	54.949219	F#4	56	80	0
386	54.993490	55.036458	B3	60	80	0
387	54.993490	55.035156	F#4	54	80	0
388	54.993490	55.037760	D4	55	80	0
389	54.996094	55.049479	F#3	54	80	0
390	55.153646	55.889323	F#5	95	80	0
391	55.156250	55.878906	B4	86	80	0
392	55.157552	55.449219	F#4	84	80	0
393	55.162760	55.221354	B3	79	80	0
394	55.165365	55.238281	D3	73	80	0
395	55.165365	55.234375	F#3	76	80	0
396	55.351562	55.397135	B3	64	80	0
397	55.356771	55.410156	D3	62	80	0
398	55.358073	55.404948	F#3	56	80	0
399	55.505208	55.569010	B3	67	80	0
400	55.506510	55.575521	F#3	60	80	0
401	55.510417	55.576823	D3	70	80	0
402	55.675781	55.733073	B3	60	80	0
403	55.682292	55.735677	D3	64	80	0
404	55.682292	55.734375	F#3	57	80	0
405	55.841146	55.886719	B3	59	80	0
406	55.843750	55.894531	F#3	64	80	0
407	55.843750	55.901042	D3	65	80	0
408	55.993490	56.044271	B3	63	80	0
409	55.994792	56.053385	D3	64	80	0
410	55.994792	56.049479	F#3	64	80	0
411	56.143229	56.399740	B4	80	80	0
412	56.145833	56.218750	F#4	80	80	0
413	56.147135	56.222656	A3	77	80	0
414	56.156250	56.226562	Eb3	71	80	0
415	56.157552	56.218750	F#3	69	80	0
416	56.313802	56.393229	A3	62	80	0
417	56.319010	56.389323	F#3	61	80	0
418	56.321615	56.393229	Eb3	61	80	0
419	56.494792	56.554688	C4	86	80	0
420	56.494792	56.899740	C5	86	80	0
421	56.494792	56.558594	E3	75	80	0
422	56.494792	56.555990	G3	77	80	0
423	56.664062	56.725260	E3	69	80	0
424	56.664062	56.723958	G3	73	80	0
425	56.826823	56.881510	E3	69	80	0
426	56.826823	56.880208	G3	67	80	0
427	56.973958	57.026042	G3	60	80	0
428	56.973958	57.026042	E3	60	80	0
429	56.976562	56.989583	B3	51	80	0
430	57.115885	57.194010	C5	86	80	0
431	57.115885	57.359375	G4	84	80	0
432	57.118490	57.309896	G5	85	80	0
433	57.125000	57.186198	B3	82	80	0
434	57.125000	57.186198	G3	83	80	0
435	57.126302	57.188802	E3	76	80	0
436	57.286458	57.354167	E3	67	80	0
437	57.286458	57.354167	G3	71	80	0
438	57.460938	57.542969	A3	84	80	0
439	57.460938	57.649740	Eb5	89	80	0
440	57.463542	57.540365	Eb4	91	80	0
441	57.464844	57.542969	F#3	84	80	0
442	57.623698	57.688802	A3	77	80	0
443	57.626302	57.691406	F#3	66	80	0
444	57.785156	57.845052	A3	72	80	0
445	57.790365	57.843750	F#3	67	80	0
446	57.940104	57.993490	A3	70	80	0
447	57.944010	57.949219	C4	64	80	0
448	57.944010	57.994792	F#3	65	80	0
449	58.084635	58.320312	Eb5	87	80	0
450	58.087240	58.153646	A3	84	80	0
451	58.088542	58.313802	A4	85	80	0
452	58.088542	58.289062	F#4	78	80	0
453	58.092448	58.098958	C4	75	80	0
454	58.092448	58.154948	F#3	84	80	0
455	58.243490	58.298177	A3	85	80	0
456	58.246094	58.309896	C4	74	80	0
457	58.251302	58.304688	F#3	75	80	0
458	58.404948	58.609375	E4	86	80	0
459	58.404948	58.613281	E5	85	80	0
460	58.406250	58.477865	G3	82	80	0
461	58.406250	58.473958	B3	83	80	0
462	58.565104	58.621094	B3	84	80	0
463	58.567708	58.625000	G3	71	80	0
464	58.722656	58.768229	B3	77	80	0
465	58.723958	58.773438	G3	63	80	0
466	58.876302	58.927083	B3	76	80	0
467	58.876302	58.934896	G3	73	80	0
468	59.029948	59.084635	B3	87	80	0
469	59.033854	59.095052	B4	79	80	0
470	59.033854	59.179688	E5	81	80	0
471	59.040365	59.092448	G#3	84	80	0
472	59.194010	59.246094	B3	77	80	0
473	59.195312	59.247396	D4	69	80	0
474	59.195312	59.246094	G#3	73	80	0
475	59.355469	59.559896	F4	84	80	0
476	59.356771	59.415365	B3	83	80	0
477	59.359375	59.414062	C#4	82	80	0
478	59.359375	59.739583	F5	87	80	0
479	59.364583	59.425781	G#3	82	80	0
480	59.516927	59.570312	B3	75	80	0
481	59.518229	59.567708	G#3	67	80	0
482	59.519531	59.571615	C#4	69	80	0
483	59.684896	59.750000	B3	69	80	0
484	59.684896	59.725260	C#4	62	80	0
485	59.684896	59.723958	G#3	63	80	0
486	59.822917	59.873698	B3	63	80	0
487	59.824219	59.873698	C#4	59	80	0
488	59.830729	59.875000	G#3	58	80	0
489	59.984375	60.186198	E5	57	80	0
490	59.985677	60.035156	G#4	52	80	0
491	59.989583	60.035156	B3	54	80	0
492	59.992188	60.035156	C#4	52	80	0
493	59.993490	60.069010	B4	54	80	0
494	60.147135	60.194010	F5	59	80	0
495	60.152344	60.195312	B3	58	80	0
496	60.153646	60.194010	G#4	54	80	0
497	60.153646	60.195312	C#4	54	80	0
498	60.308594	60.352865	B3	66	80	0
499	60.311198	60.351562	G#4	59	80	0
500	60.312500	60.354167	C#4	64	80	0
501	60.313802	60.389323	F5	65	80	0
502	60.454427	60.497396	C#4	63	80	0
503	60.455729	60.500000	G#4	63	80	0
504	60.455729	60.539062	F5	70	80	0
505	60.462240	60.503906	B4	66	80	0
506	60.604167	60.652344	F5	80	80	0
507	60.604167	60.647135	C#4	78	80	0
508	60.604167	60.669271	B3	77	80	0
509	60.604167	60.654948	G#4	72	80	0
510	60.606771	60.654948	C#3	71	80	0
511	60.752604	60.809896	B3	83	80	0
512	60.753906	60.804688	C#4	83	80	0
513	60.755208	60.807292	G#4	79	80	0
514	60.757812	60.812500	F5	86	80	0
515	60.761719	60.805990	C#3	71	80	0
516	60.763021	60.839844	C#5	79	80	0
517	60.904948	60.989583	B3	84	80	0
518	60.904948	61.009115	G#4	87	80	0
519	60.906250	60.963542	B4	86	80	0
520	60.907552	60.964844	C#5	83	80	0
521	60.907552	60.957031	C#4	85	80	0
522	60.911458	60.964844	F5	91	80	0
523	60.914062	60.963542	C#3	78	80	0
524	61.059896	61.113281	C#4	96	80	0
525	61.065104	61.117188	F5	96	80	0
526	61.065104	61.123698	B4	98	80	0
527	61.067708	61.118490	C#3	83	80	0
528	61.213542	61.260417	C#4	87	80	0
529	61.213542	61.264323	B4	88	80	0
530	61.216146	61.263021	G#4	86	80	0
531	61.216146	61.279948	B3	83	80	0
532	61.218750	61.299479	F5	90	80	0
533	61.220052	61.264323	C#3	76	80	0
534	61.364583	61.414062	C#4	83	80	0
535	61.367188	61.429688	B3	83	80	0
536	61.369792	61.417969	G#4	85	80	0
537	61.372396	61.419271	F5	92	80	0
538	61.514323	61.566406	C#4	90	80	0
539	61.516927	61.579427	B3	88	80	0
540	61.522135	61.609375	F5	95	80	0
541	61.522135	61.574219	B4	93	80	0
542	61.523438	61.566406	G#4	83	80	0
543	61.542969	61.598958	C#5	86	80	0
544	61.654948	61.704427	C#4	79	80	0
545	61.658854	61.729167	B4	82	80	0
546	61.660156	61.709635	B3	82	80	0
547	61.665365	61.729167	F5	86	80	0
548	61.830729	61.895833	E4	93	80	0
549	61.834635	61.907552	Bb3	90	80	0
550	61.835938	61.899740	C#4	89	80	0
551	61.837240	61.898438	F#3	87	80	0
552	61.842448	61.899740	F#5	103	80	0
553	61.845052	61.968750	F#6	105	80	0
554	61.850260	61.929688	E6	101	80	0
555	61.850260	61.911458	C#6	97	80	0
556	61.851562	61.904948	Bb5	99	80	0
557	62.006510	62.065104	E4	82	80	0
558	62.007812	62.069010	C#6	88	80	0
559	62.007812	62.065104	C#4	82	80	0
560	62.010417	62.067708	G6	97	80	0
561	62.010417	62.065104	Bb3	81	80	0
562	62.011719	62.065104	F#3	76	80	0
563	62.013021	62.119792	E6	89	80	0
564	62.013021	62.066406	G5	96	80	0
565	62.156250	62.212240	G6	93	80	0
566	62.170573	62.217448	C#4	76	80	0
567	62.170573	62.269531	G5	91	80	0
568	62.171875	62.214844	E4	79	80	0
569	62.173177	62.217448	Bb3	74	80	0
570	62.174479	62.218750	F#3	68	80	0
571	62.174479	62.259115	E6	84	80	0
572	62.311198	62.319010	G6	84	80	0
573	62.315104	62.372396	E6	81	80	0
574	62.320312	62.373698	E4	72	80	0
575	62.321615	62.375000	C#4	69	80	0
576	62.322917	62.372396	F#4	74	80	0
577	62.322917	62.372396	F#3	67	80	0
578	62.324219	62.373698	Bb3	69	80	0
579	62.479167	62.550781	G6	89	80	0
580	62.483073	62.550781	Bb5	84	80	0
581	62.484375	62.549479	E6	86	80	0
582	62.484375	62.544271	G5	88	80	0
583	62.484375	62.537760	C#4	69	80	0
584	62.484375	62.535156	E4	70	80	0
585	62.485677	62.609375	C#6	78	80	0
586	62.488281	62.535156	F#3	64	80	0
587	62.492188	62.536458	Bb3	67	80	0
588	62.644531	62.727865	G6	81	80	0
589	62.654948	62.726562	E6	81	80	0
590	62.656250	62.726562	Bb5	74	80	0
591	62.657552	62.725260	G5	78	80	0
592	62.664062	62.716146	C#4	60	80	0
593	62.667969	62.750000	F#3	56	80	0
594	62.667969	62.716146	E4	60	80	0
595	62.669271	62.714844	Bb3	61	80	0
596	62.843750	62.916667	G6	85	80	0
597	62.846354	62.904948	C#4	55	80	0
598	62.846354	62.899740	F#3	54	80	0
599	62.847656	62.895833	E4	60	80	0
600	62.847656	62.907552	G5	80	80	0
601	62.852865	62.902344	Bb3	60	80	0
602	62.854167	62.959635	E6	71	80	0
603	63.024740	63.096354	G6	77	80	0
604	63.033854	63.093750	G5	70	80	0
605	63.035156	63.085938	C#4	51	80	0
606	63.037760	63.084635	Bb3	54	80	0
607	63.040365	63.083333	E4	54	80	0
608	63.042969	63.149740	E6	67	80	0
609	63.042969	63.309896	C#6	66	80	0
610	63.046875	63.084635	F#3	46	80	0
611	63.216146	63.281250	G6	68	80	0
612	63.223958	63.273438	C#4	49	80	0
613	63.223958	63.276042	G5	68	80	0
614	63.225260	63.269531	E4	48	80	0
615	63.226562	63.270833	F#3	46	80	0
616	63.226562	63.281250	E6	59	80	0
617	63.226562	63.270833	Bb3	51	80	0
618	63.416667	63.492188	G6	69	80	0
619	63.421875	63.473958	C#4	45	80	0
620	63.423177	63.484375	E6	65	80	0
621	63.423177	63.481771	G5	65	80	0
622	63.424479	63.471354	E4	46	80	0
623	63.425781	63.509115	Bb3	43	80	0
624	63.430990	63.519531	F#3	41	80	0
625	63.433594	63.598958	C#6	61	80	0
626	63.623698	63.709635	G6	68	80	0
627	63.627604	63.704427	G5	64	80	0
628	63.638021	63.695312	C#4	42	80	0
629	63.644531	63.848958	F#3	42	80	0
630	63.644531	63.694010	Bb3	45	80	0
631	63.648438	63.789062	E6	56	80	0
632	63.651042	63.729167	E4	39	80	0
633	63.803385	63.878906	E4	31	80	0
634	63.834635	63.885417	Bb3	49	80	0
635	63.843750	64.049479	G6	66	80	0
636	63.854167	63.891927	C#4	43	80	0
637	63.855469	64.009115	C#6	55	80	0
638	63.855469	63.989583	G5	57	80	0
639	64.136719	64.194010	B2	40	80	0
640	64.149740	64.419271	G6	75	80	0
641	64.154948	64.348958	G5	54	80	0
642	64.285156	64.348958	D4	37	80	0
643	64.354167	64.468750	F#3	35	80	0
644	64.444010	64.485677	D4	40	80	0
645	64.524740	65.039062	F#6	71	80	0
646	64.531250	64.580729	C#3	54	80	0
647	64.537760	65.188802	F#5	68	80	0
648	64.611979	64.750000	E4	45	80	0
649	64.705729	64.796875	F#3	43	80	0
650	64.756510	64.795573	E4	44	80	0
651	64.842448	64.902344	D3	45	80	0
652	64.954427	64.994792	F#4	53	80	0
653	65.003906	65.119792	F#3	43	80	0
654	65.079427	65.199219	F#4	54	80	0
655	65.195312	65.279948	B2	57	80	0
656	65.276042	65.359375	D4	51	80	0
657	65.360677	65.369792	F#4	52	80	0
658	65.361979	65.416667	F#3	50	80	0
659	65.444010	65.479167	D4	40	80	0
660	65.515625	65.579427	C#4	50	80	0
661	65.516927	66.250000	B5	68	80	0
662	65.522135	65.565104	C#3	52	80	0
663	65.523438	66.489583	B4	61	80	0
664	65.608073	65.669271	E4	53	80	0
665	65.700521	65.819010	F#3	45	80	0
666	65.765625	65.848958	E4	48	80	0
667	65.846354	66.029948	D3	52	80	0
668	65.942708	66.149740	F#4	54	80	0
669	66.009115	66.109375	F#3	53	80	0
670	66.194010	66.279948	B2	65	80	0
671	66.277344	66.324219	D4	47	80	0
672	66.367188	66.415365	F#3	52	80	0
673	66.444010	66.501302	D4	56	80	0
674	66.509115	67.019531	F#5	79	80	0
675	66.526042	66.562500	C#3	50	80	0
676	66.533854	66.688802	F#4	56	80	0
677	66.615885	66.670573	E4	50	80	0
678	66.695312	66.817708	F#3	49	80	0
679	66.695312	66.755208	F#4	51	80	0
680	66.781250	66.848958	E4	42	80	0
681	66.847656	67.059896	D3	56	80	0
682	66.851562	67.079427	D4	44	80	0
683	66.951823	67.069010	F#4	62	80	0
684	67.010417	67.098958	F#3	48	80	0
685	67.075521	67.188802	F#4	51	80	0
686	67.197917	67.299479	B2	66	80	0
687	67.200521	67.259115	B3	59	80	0
688	67.200521	67.339844	F#4	51	80	0
689	67.292969	67.369792	D4	52	80	0
690	67.360677	67.420573	F#3	56	80	0
691	67.455729	67.500000	D4	42	80	0
692	67.489583	67.500000	C#4	58	80	0
693	67.493490	68.989583	B4	69	80	0
694	67.516927	67.848958	B3	60	80	0
695	67.520833	67.572917	C#3	52	80	0
696	67.622396	67.769531	E4	51	80	0
697	67.696615	67.755208	F#3	50	80	0
698	67.777344	68.039062	E4	40	80	0
699	67.846354	67.904948	D3	57	80	0
700	67.903646	67.908854	E3	33	80	0
701	67.955729	68.040365	F#3	47	80	0
702	67.955729	68.059896	F#4	50	80	0
703	68.071615	68.158854	F#4	48	80	0
704	68.154948	68.196615	E3	58	80	0
705	68.238281	68.309896	D4	52	80	0
706	68.326823	68.438802	B3	50	80	0
707	68.415365	68.467448	D4	55	80	0
708	68.463542	68.533854	F3	51	80	0
709	68.497396	68.848958	G4	68	80	0
710	68.565104	68.626302	D4	49	80	0
711	68.647135	68.696615	B3	52	80	0
712	68.733073	68.794271	D4	53	80	0
713	68.819010	68.869792	F#3	53	80	0
714	68.822917	68.951823	F#4	67	80	0
715	68.904948	68.962240	D4	53	80	0
716	68.979167	69.149740	B3	54	80	0
717	69.066406	69.218750	D4	47	80	0
718	69.125000	69.229167	F#3	47	80	0
719	69.190104	69.729167	F#4	72	80	0
720	69.190104	69.489583	F#5	72	80	0
721	69.229167	69.283854	D4	45	80	0
722	69.311198	69.468750	B3	46	80	0
723	69.416667	69.500000	D4	43	80	0
724	69.485677	69.589844	F#3	47	80	0
725	69.567708	69.639323	D4	41	80	0
726	69.635417	69.697917	B3	49	80	0
727	69.743490	69.790365	D4	49	80	0
728	69.777344	69.876302	F#4	38	80	0
729	69.816406	69.875000	F#3	35	80	0
730	69.856771	70.119792	Bb4	62	80	0
731	69.901042	69.964844	E4	46	80	0
732	70.006510	70.054688	C#4	45	80	0
733	70.089844	70.149740	E4	36	80	0
734	70.194010	70.260417	B2	54	80	0
735	70.294271	70.347656	D4	52	80	0
736	70.364583	70.500000	G5	72	80	0
737	70.368490	70.433594	F#3	43	80	0
738	70.445312	70.459635	D4	29	80	0
739	70.514323	70.553385	C#3	49	80	0
740	70.516927	70.968750	G6	84	80	0
741	70.606771	70.674479	E4	52	80	0
742	70.692708	70.753906	F#3	47	80	0
743	70.755208	70.815104	E4	44	80	0
744	70.826823	70.901042	D3	59	80	0
745	70.953125	71.049479	F#4	45	80	0
746	70.954427	70.989583	F#3	48	80	0
747	70.997396	71.045573	F#3	59	80	0
748	71.024740	71.158854	F#6	71	80	0
749	71.058594	71.128906	F#4	48	80	0
750	71.178385	71.234375	B2	70	80	0
751	71.278646	71.343750	D4	55	80	0
752	71.355469	71.424479	F#3	50	80	0
753	71.356771	71.479167	F#6	80	80	0
754	71.500000	71.548177	C#3	58	80	0
755	71.510417	72.049479	C#6	75	80	0
756	71.587240	71.651042	E4	56	80	0
757	71.674479	71.746094	F#3	53	80	0
758	71.757812	71.809896	E4	41	80	0
759	71.825521	71.881510	D3	55	80	0
760	71.936198	71.949219	F#4	40	80	0
761	71.994792	72.069010	F#3	51	80	0
762	72.002604	72.139323	B5	63	80	0
763	72.059896	72.139323	F#4	59	80	0
764	72.183594	72.242188	B2	63	80	0
765	72.289062	72.334635	D4	51	80	0
766	72.345052	72.529948	B5	67	80	0
767	72.361979	72.423177	F#3	43	80	0
768	72.447917	72.489583	D4	34	80	0
769	72.515625	72.589844	C#4	52	80	0
770	72.520833	72.570312	C#3	59	80	0
771	72.523438	73.069010	G5	73	80	0
772	72.608073	72.667969	E4	54	80	0
773	72.700521	72.819010	F#3	48	80	0
774	72.774740	72.819010	E4	49	80	0
775	72.847656	72.968750	D3	58	80	0
776	72.957031	73.139323	F#4	55	80	0
777	73.032552	73.119792	F#3	58	80	0
778	73.041667	73.158854	F#5	70	80	0
779	73.214844	73.274740	B2	71	80	0
780	73.320312	73.399740	D4	50	80	0
781	73.367188	73.589844	F#5	78	80	0
782	73.486979	73.524740	D4	40	80	0
783	73.526042	73.619792	C#4	41	80	0
784	73.553385	73.601562	C#3	52	80	0
785	73.578125	74.109375	C#5	67	80	0
786	73.656250	73.712240	E4	49	80	0
787	73.756510	73.878906	F#3	45	80	0
788	73.820312	73.868490	E4	56	80	0
789	73.912760	74.098958	D3	52	80	0
790	73.915365	74.199219	D4	47	80	0
791	74.023438	74.139323	F#4	51	80	0
792	74.084635	74.209635	B4	59	80	0
793	74.085938	74.179688	F#3	51	80	0
794	74.183594	74.279948	F#4	54	80	0
795	74.270833	74.325521	E3	53	80	0
796	74.299479	74.949219	B4	57	80	0
797	74.361979	74.433594	D4	41	80	0
798	74.457031	74.514323	B3	53	80	0
799	74.542969	74.588542	D4	42	80	0
800	74.605469	74.660156	F3	46	80	0
801	74.611979	74.949219	G4	61	80	0
802	74.695312	74.746094	D4	43	80	0
803	74.766927	74.832031	B3	54	80	0
804	74.867188	74.915365	D4	49	80	0
805	74.914062	75.149740	F#4	63	80	0
806	74.940104	75.069010	F#3	52	80	0
807	75.026042	75.089844	D4	46	80	0
808	75.076823	75.135417	B3	54	80	0
809	75.166667	75.234375	D4	49	80	0
810	75.227865	75.679688	F#4	53	80	0
811	75.272135	75.628906	F#3	49	80	0
812	75.414062	75.609375	D4	59	80	0
813	75.578125	75.750000	B3	68	80	0
814	75.734375	75.792969	G3	63	80	0
815	75.871094	75.937500	F#2	71	80	0
816	75.873698	75.932292	F#1	74	80	0
817	75.889323	75.945312	F#3	60	80	0
818	76.042969	76.199219	Bb3	77	80	0
819	76.208333	76.346354	B3	82	80	0
820	76.209635	76.389323	B2	90	80	0
821	76.213542	76.468750	B1	89	80	0
822	76.355469	76.404948	C#3	84	80	0
823	76.356771	76.479167	C#4	82	80	0
824	76.523438	76.574219	D3	87	80	0
825	76.524740	76.575521	D2	80	80	0
826	76.669271	76.722656	E3	86	80	0
827	76.673177	76.723958	E2	78	80	0
828	76.847656	77.009115	F#4	82	80	0
829	76.847656	78.279948	F#3	88	80	0
830	76.851562	78.319010	F#2	89	80	0
831	77.192708	78.339844	B3	100	80	0
832	77.195312	78.408854	G3	88	80	0
833	78.324219	79.378906	E2	32	80	0
834	78.380208	79.319010	C4	59	80	0
835	78.416667	79.218750	G3	30	80	0
836	78.419271	79.209635	E3	29	80	0
837	79.079427	80.229167	G4	60	80	0
838	79.471354	80.309896	E4	37	80	0
839	79.489583	80.389323	C#4	37	80	0
840	79.510417	80.378906	Bb3	38	80	0
841	79.513021	80.419271	F#3	30	80	0
842	79.514323	80.408854	F#2	33	80	0
843	80.180990	80.419271	F#4	50	80	0
844	80.544271	80.959635	F#4	74	80	0
845	80.545573	80.889323	D4	72	80	0
846	80.553385	80.889323	B3	75	80	0
847	80.557292	80.617188	B2	85	80	0
848	80.562500	80.829427	B1	85	80	0
849	80.726562	80.794271	C#3	79	80	0
850	80.726562	80.878906	C#4	80	80	0
851	80.729167	80.794271	C#2	71	80	0
852	80.873698	80.928385	D3	81	80	0
853	80.875000	80.932292	D2	72	80	0
854	81.027344	81.083333	E3	84	80	0
855	81.031250	81.083333	E2	80	80	0
856	81.212240	82.859375	F#3	86	80	0
857	81.213542	82.859375	F#2	82	80	0
858	81.636719	82.869792	B3	80	80	0
859	81.645833	82.789062	G3	68	80	0
860	82.782552	84.009115	C4	60	80	0
861	82.795573	83.929688	E2	36	80	0
862	82.803385	84.009115	G3	41	80	0
863	82.804688	83.579427	E3	36	80	0
864	83.542969	84.789062	G4	52	80	0
865	83.972656	84.957031	Bb3	40	80	0
866	83.973958	84.959635	E4	35	80	0
867	84.001302	85.089844	F#2	28	80	0
868	84.697917	85.098958	F#4	39	80	0
869	85.826823	87.429688	G4	50	80	0
870	86.278646	87.848958	D4	28	80	0
871	86.281250	87.639323	B3	31	80	0
872	86.296875	87.539062	B2	24	80	0
873	87.110677	87.579427	F#4	35	80	0
874	88.244792	89.179688	G4	32	80	0
875	88.688802	89.479167	E4	21	80	0
876	88.691406	89.658854	C#4	20	80	0
877	88.723958	89.149740	F#1	19	80	0
878	88.725260	89.529948	F#2	17	80	0
879	89.450521	89.959635	Bb4	37	80	0
880	89.921875	90.649740	B4	35	80	0
881	89.933594	90.539062	D4	21	80	0
882	89.951823	90.259115	B1	19	80	0
883	89.951823	90.569010	B3	17	80	0
884	89.951823	90.468750	B2	16	80	0
885	91.062500	91.639323	B4	32	80	0
886	91.074219	91.489583	B3	22	80	0
887	91.074219	91.479167	D4	17	80	0
888	91.084635	91.468750	B2	15	80	0
889	91.087240	91.209635	B1	17	80	0
890	92.143229	93.059896	B4	37	80	0
891	92.145833	92.589844	D4	22	80	0
892	92.154948	92.658854	B3	21	80	0
893	92.174479	92.729167	B2	16	80	0
894	92.180990	92.188802	B1	19	80	0
895	93.351562	94.259115	B4	38	80	0
896	94.477865	95.279948	B4	34	80	0
897	95.720052	96.149740	B4	33	80	0
898	96.460938	96.759115	A5	46	80	0
899	96.466146	96.658854	B4	38	80	0
900	96.472656	96.596354	A4	38	80	0
901	96.472656	96.729167	F#4	27	80	0
902	96.671875	96.829427	B4	32	80	0
903	96.841146	97.419271	A5	52	80	0
904	96.864583	97.089844	A4	34	80	0
905	96.877604	97.339844	F#4	22	80	0
906	97.024740	97.158854	B4	31	80	0
907	97.173177	97.348958	B4	31	80	0
908	97.334635	97.490885	G5	55	80	0
909	97.354167	97.468750	B4	40	80	0
910	97.476562	97.559896	B4	43	80	0
911	97.493490	97.809896	F#5	51	80	0
912	97.523438	97.609375	F#4	31	80	0
913	97.523438	97.619792	A4	37	80	0
914	97.666667	97.704427	B4	39	80	0
915	97.841146	97.904948	B4	43	80	0
916	97.847656	98.128906	B5	46	80	0
917	97.858073	98.179688	G5	41	80	0
918	97.859375	97.979167	G4	36	80	0
919	97.864583	98.199219	E4	29	80	0
920	98.022135	98.054688	B4	40	80	0
921	98.162760	98.204427	B4	43	80	0
922	98.164062	98.359375	B5	45	80	0
923	98.325521	98.389323	B4	42	80	0
924	98.480469	98.569010	G5	52	80	0
925	98.484375	98.572917	B5	46	80	0
926	98.501302	98.553385	B4	40	80	0
927	98.503906	98.559896	G4	38	80	0
928	98.511719	98.619792	E4	31	80	0
929	98.634115	98.688802	B4	44	80	0
930	98.819010	99.299479	B5	53	80	0
931	98.822917	99.309896	G#5	53	80	0
932	98.824219	98.895833	B4	46	80	0
933	98.833333	99.057292	F4	30	80	0
934	98.833333	99.229167	D4	31	80	0
935	98.992188	99.048177	B4	46	80	0
936	99.149740	99.184896	B4	40	80	0
937	99.283854	99.459635	A5	53	80	0
938	99.283854	99.321615	B4	46	80	0
939	99.434896	99.679688	B5	56	80	0
940	99.436198	99.494792	B4	49	80	0
941	99.453125	99.688802	G#5	48	80	0
942	99.458333	99.569010	D4	32	80	0
943	99.459635	99.639323	F4	32	80	0
944	99.578125	99.617188	B4	46	80	0
945	99.764323	100.329427	C6	59	80	0
946	99.765625	99.869792	A3	38	80	0
947	99.768229	100.110677	C5	53	80	0
948	99.769531	99.826823	C4	41	80	0
949	99.772135	99.830729	E4	39	80	0
950	99.773438	100.319010	A5	49	80	0
951	99.933594	100.009115	E4	38	80	0
952	100.079427	100.114583	E4	40	80	0
953	100.234375	100.281250	E4	46	80	0
954	100.402344	100.639323	C6	68	80	0
955	100.403646	100.519531	C5	64	80	0
956	100.403646	100.451823	E4	45	80	0
957	100.406250	100.569010	E5	53	80	0
958	100.542969	100.588542	E4	42	80	0
959	100.705729	100.774740	E4	51	80	0
960	100.723958	101.149740	A3	47	80	0
961	100.725260	100.783854	C4	44	80	0
962	100.730469	101.218750	C6	72	80	0
963	100.731771	101.059896	C5	66	80	0
964	100.886719	100.928385	E4	45	80	0
965	101.042969	101.083333	E4	48	80	0
966	101.045573	101.128906	C4	34	80	0
967	101.194010	101.429688	B5	65	80	0
968	101.195312	101.243490	E4	50	80	0
969	101.199219	101.299479	E5	61	80	0
970	101.203125	101.246094	B4	61	80	0
971	101.333333	101.479167	A3	53	80	0
972	101.335938	101.468750	C4	55	80	0
973	101.338542	101.419271	E4	55	80	0
974	101.346354	101.619792	A5	76	80	0
975	101.348958	101.529948	A4	72	80	0
976	101.483073	101.529948	E4	53	80	0
977	101.492188	101.537760	A3	46	80	0
978	101.662760	102.158854	D6	84	80	0
979	101.664062	101.725260	F4	62	80	0
980	101.665365	101.721354	B3	64	80	0
981	101.666667	101.848958	G#3	63	80	0
982	101.666667	102.019531	D5	81	80	0
983	101.825521	101.873698	F4	51	80	0
984	101.825521	101.968750	B3	50	80	0
985	101.975260	102.023438	F4	52	80	0
986	101.975260	102.169271	B3	49	80	0
987	102.132812	102.182292	F4	53	80	0
988	102.286458	102.341146	F4	64	80	0
989	102.291667	102.519531	G#3	66	80	0
990	102.291667	102.479167	D6	87	80	0
991	102.292969	102.509115	B3	68	80	0
992	102.294271	102.466146	D5	83	80	0
993	102.447917	102.503906	F4	60	80	0
994	102.451823	102.510417	F5	65	80	0
995	102.617188	102.674479	Bb3	84	80	0
996	102.619792	102.729167	F4	72	80	0
997	102.626302	103.119792	D6	94	80	0
998	102.630208	102.989583	D5	91	80	0
999	102.634115	102.677083	G#3	77	80	0
1000	102.776042	103.019531	Bb3	56	80	0
1001	102.777344	102.824219	F4	55	80	0
1002	102.938802	102.949219	F5	68	80	0
1003	102.940104	103.019531	F4	67	80	0
1004	103.083333	103.128906	F4	64	80	0
1005	103.083333	103.188802	F5	76	80	0
1006	103.091146	103.135417	Bb3	58	80	0
1007	103.093750	103.135417	C5	77	80	0
1008	103.095052	103.279948	C6	79	80	0
1009	103.231771	103.299479	F4	68	80	0
1010	103.235677	103.285156	Bb3	79	80	0
1011	103.236979	103.449219	D6	92	80	0
1012	103.242188	103.468750	G#3	76	80	0
1013	103.242188	103.378906	D5	86	80	0
1014	103.391927	103.455729	F4	62	80	0
1015	103.394531	103.460938	Bb3	59	80	0
1016	103.561198	103.615885	Eb4	85	80	0
1017	103.565104	103.622396	Bb3	82	80	0
1018	103.566406	103.622396	G3	72	80	0
1019	103.574219	103.899740	Eb6	99	80	0
1020	103.574219	103.889323	Eb5	98	80	0
1021	103.725260	103.772135	Eb4	72	80	0
1022	103.726562	103.774740	Bb3	69	80	0
1023	103.726562	103.777344	G3	64	80	0
1024	103.876302	103.923177	Eb4	65	80	0
1025	103.877604	103.932292	G3	63	80	0
1026	103.880208	103.928385	Bb3	69	80	0
1027	104.026042	104.082031	D6	85	80	0
1028	104.027344	104.079427	Eb4	79	80	0
1029	104.028646	104.083333	G3	75	80	0
1030	104.031250	104.083333	Bb3	79	80	0
1031	104.032552	104.119792	D5	83	80	0
1032	104.167969	104.250000	Eb6	95	80	0
1033	104.170573	104.259115	Eb5	94	80	0
1034	104.170573	104.214844	Eb4	81	80	0
1035	104.173177	104.218750	Bb3	78	80	0
1036	104.173177	104.221354	G3	71	80	0
1037	104.315104	104.364583	Eb4	71	80	0
1038	104.316406	104.372396	G3	67	80	0
1039	104.319010	104.371094	Bb3	70	80	0
1040	104.503906	105.009115	Eb4	95	80	0
1041	104.506510	104.575521	Bb3	82	80	0
1042	104.507812	104.574219	F#3	81	80	0
1043	104.670573	104.713542	Bb3	63	80	0
1044	104.673177	104.739583	F#3	58	80	0
1045	104.809896	104.863281	F#3	59	80	0
1046	104.811198	104.865885	Bb3	69	80	0
1047	104.963542	105.014323	D4	78	80	0
1048	104.964844	105.007812	F#3	64	80	0
1049	104.964844	105.009115	Bb3	67	80	0
1050	105.105469	105.329427	Eb4	86	80	0
1051	105.111979	105.167969	Bb3	76	80	0
1052	105.114583	105.167969	F#3	71	80	0
1053	105.263021	105.311198	Bb3	80	80	0
1054	105.265625	105.309896	F#3	71	80	0
1055	105.445312	105.968750	F#4	93	80	0
1056	105.445312	105.679688	Eb4	90	80	0
1057	105.445312	105.496094	F#3	90	80	0
1058	105.446615	105.502604	Eb3	93	80	0
1059	105.617188	105.664062	Eb3	72	80	0
1060	105.622396	105.829427	F#3	65	80	0
1061	105.764323	105.769531	C3	62	80	0
1062	105.764323	105.938802	Eb3	74	80	0
1063	105.907552	105.919271	F3	73	80	0
1064	105.912760	105.962240	F4	75	80	0
1065	105.914062	105.989583	D3	70	80	0
1066	105.915365	105.955729	D4	71	80	0
1067	106.052083	106.188802	F#4	80	80	0
1068	106.053385	106.102865	Eb4	83	80	0
1069	106.055990	106.105469	Eb3	85	80	0
1070	106.061198	106.114583	F#3	78	80	0
1071	106.061198	106.069010	C3	73	80	0
1072	106.204427	106.257812	Eb3	83	80	0
1073	106.205729	106.269531	C3	75	80	0
1074	106.384115	106.759115	F#5	105	80	0
1075	106.385417	106.444010	Eb3	90	80	0
1076	106.385417	106.729167	Eb5	96	80	0
1077	106.386719	106.446615	C3	87	80	0
1078	106.544271	106.593750	Eb3	69	80	0
1079	106.546875	106.593750	C3	67	80	0
1080	106.682292	106.725260	Eb3	71	80	0
1081	106.682292	106.726562	C3	70	80	0
1082	106.825521	106.875000	Eb3	77	80	0
1083	106.832031	106.877604	C3	77	80	0
1084	106.833333	106.882812	F5	83	80	0
1085	106.842448	106.881510	D5	75	80	0
1086	106.968750	107.250000	F#5	94	80	0
1087	106.972656	107.019531	Eb3	84	80	0
1088	106.972656	107.022135	C3	79	80	0
1089	106.973958	107.218750	Eb5	85	80	0
1090	107.111979	107.209635	Eb3	74	80	0
1091	107.114583	107.164062	C3	75	80	0
1092	107.316406	107.598958	C5	101	80	0
1093	107.320312	107.378906	C3	85	80	0
1094	107.320312	107.376302	A2	86	80	0
1095	107.467448	107.524740	C3	83	80	0
1096	107.470052	107.519531	Eb3	74	80	0
1097	107.470052	107.524740	A2	78	80	0
1098	107.609375	107.664062	C3	74	80	0
1099	107.611979	107.664062	A2	82	80	0
1100	107.746094	107.899740	B4	87	80	0
1101	107.753906	107.802083	A2	77	80	0
1102	107.755208	107.789062	C5	83	80	0
1103	107.756510	107.803385	C3	81	80	0
1104	107.881510	108.119792	C5	94	80	0
1105	107.890625	107.942708	C3	77	80	0
1106	107.891927	107.944010	A2	78	80	0
1107	108.041667	108.098958	A2	81	80	0
1108	108.041667	108.097656	C3	76	80	0
1109	108.210938	108.274740	C3	93	80	0
1110	108.213542	108.273438	A2	91	80	0
1111	108.213542	108.282552	F#2	92	80	0
1112	108.216146	108.438802	A3	96	80	0
1113	108.371094	108.428385	C3	76	80	0
1114	108.371094	108.432292	F#2	78	80	0
1115	108.372396	108.428385	A2	75	80	0
1116	108.527344	108.580729	C3	71	80	0
1117	108.527344	108.582031	A2	72	80	0
1118	108.528646	108.583333	F#2	74	80	0
1119	108.670573	108.723958	G#3	89	80	0
1120	108.673177	108.727865	G#2	82	80	0
1121	108.673177	108.726562	F#2	86	80	0
1122	108.673177	108.727865	C3	80	80	0
1123	108.799479	108.858073	A3	83	80	0
1124	108.804688	108.865885	C3	81	80	0
1125	108.804688	108.869792	F#2	80	80	0
1126	108.805990	108.867188	A2	83	80	0
1127	108.960938	109.028646	C3	78	80	0
1128	108.962240	109.027344	A2	76	80	0
1129	108.962240	109.041667	F#2	82	80	0
1130	109.144531	109.204427	C3	86	80	0
1131	109.144531	109.500000	F#5	107	80	0
1132	109.145833	109.210938	A2	85	80	0
1133	109.145833	109.158854	C2	85	80	0
1134	109.148438	109.429688	F#6	107	80	0
1135	109.151042	109.216146	Eb2	80	80	0
1136	109.304688	109.363281	C3	70	80	0
1137	109.304688	109.363281	A2	72	80	0
1138	109.308594	109.361979	F#2	75	80	0
1139	109.445312	109.503906	F#2	75	80	0
1140	109.446615	109.505208	A2	69	80	0
1141	109.451823	109.506510	C3	74	80	0
1142	109.585938	109.656250	F6	98	80	0
1143	109.595052	109.653646	F#2	85	80	0
1144	109.595052	109.649740	A2	75	80	0
1145	109.596354	109.652344	F5	90	80	0
1146	109.596354	109.649740	C3	77	80	0
1147	109.597656	109.609375	Eb2	72	80	0
1148	109.730469	109.790365	F#6	103	80	0
1149	109.730469	109.819010	F#5	101	80	0
1150	109.735677	109.794271	A2	77	80	0
1151	109.736979	109.790365	F#2	85	80	0
1152	109.742188	109.783854	C3	81	80	0
1153	109.880208	109.936198	A2	75	80	0
1154	109.884115	109.937500	F#2	77	80	0
1155	109.884115	109.938802	C3	75	80	0
1156	110.032552	110.269531	C5	99	80	0
1157	110.046875	110.114583	A2	89	80	0
1158	110.052083	110.199219	D2	87	80	0
1159	110.052083	110.128906	F#2	93	80	0
1160	110.053385	110.059896	C2	89	80	0
1161	110.053385	110.117188	C3	88	80	0
1162	110.209635	110.268229	C3	75	80	0
1163	110.209635	110.419271	F#2	76	80	0
1164	110.213542	110.218750	C2	72	80	0
1165	110.213542	110.319010	D2	69	80	0
1166	110.355469	110.419271	D2	78	80	0
1167	110.355469	110.415365	A2	79	80	0
1168	110.361979	110.414062	C3	80	80	0
1169	110.486979	110.553385	B4	84	80	0
1170	110.494792	110.598958	F#4	77	80	0
1171	110.500000	110.554688	A2	78	80	0
1172	110.501302	110.639323	D2	78	80	0
1173	110.505208	110.519531	E5	77	80	0
1174	110.641927	110.848958	C5	79	80	0
1175	110.641927	110.809896	F#4	77	80	0
1176	110.643229	110.703125	A2	79	80	0
1177	110.644531	110.779948	D2	74	80	0
1178	110.644531	110.679688	D3	75	80	0
1179	110.785156	110.859375	C3	76	80	0
1180	110.785156	110.850260	A2	78	80	0
1181	110.785156	110.855469	D2	75	80	0
1182	110.947917	111.169271	G#4	83	80	0
1183	110.950521	111.179688	B4	86	80	0
1184	110.954427	111.020833	G2	89	80	0
1185	110.954427	111.188802	F4	78	80	0
1186	110.958333	111.019531	G1	82	80	0
1187	111.110677	111.164062	G2	89	80	0
1188	111.111979	111.165365	G1	79	80	0
1189	111.273438	111.316406	G1	75	80	0
1190	111.273438	111.316406	G2	77	80	0
1191	111.437500	111.490885	F5	70	80	0
1192	111.444010	111.484375	B4	66	80	0
1193	111.446615	111.492188	G#4	61	80	0
1194	111.605469	111.713542	E5	66	80	0
1195	111.615885	111.690104	G4	55	80	0
1196	111.980469	112.183594	Eb5	58	80	0
1197	111.997396	112.239583	F#4	37	80	0
1198	111.998698	112.229167	A4	44	80	0
1199	112.141927	112.187500	G2	46	80	0
1200	112.143229	112.186198	G1	46	80	0
1201	112.283854	112.343750	G2	57	80	0
1202	112.283854	112.335938	G1	57	80	0
1203	112.421875	112.490885	Eb5	59	80	0
1204	112.437500	112.493490	A4	47	80	0
1205	112.444010	112.494792	F#4	40	80	0
1206	112.593750	112.696615	D5	51	80	0
1207	112.593750	112.692708	B4	44	80	0
1208	112.602865	112.686198	F4	37	80	0
1209	112.938802	113.105469	C#5	51	80	0
1210	112.945312	113.139323	G4	34	80	0
1211	112.950521	113.139323	E4	36	80	0
1212	113.085938	113.132812	G2	42	80	0
1213	113.087240	113.136719	G1	42	80	0
1214	113.218750	113.277344	G2	49	80	0
1215	113.223958	113.276042	G1	50	80	0
1216	113.355469	113.404948	C5	50	80	0
1217	113.364583	113.406250	G4	42	80	0
1218	113.368490	113.412760	Eb4	39	80	0
1219	113.532552	113.621094	B4	47	80	0
1220	113.542969	113.613281	G4	35	80	0
1221	113.545573	113.621094	D4	34	80	0
1222	113.872396	113.975260	Bb4	39	80	0
1223	113.873698	113.954427	E4	33	80	0
1224	113.873698	113.953125	C#4	36	80	0
1225	114.046875	114.122396	G1	32	80	0
1226	114.052083	114.123698	G2	27	80	0
1227	114.195312	114.266927	A4	37	80	0
1228	114.205729	114.264323	E4	31	80	0
1229	114.210938	114.264323	C4	28	80	0
1230	114.351562	114.424479	G2	39	80	0
1231	114.352865	114.423177	G1	40	80	0
1232	114.520833	114.583333	G#4	41	80	0
1233	114.522135	114.575521	Eb4	39	80	0
1234	114.523438	114.583333	C4	34	80	0
1235	114.656250	114.733073	G1	38	80	0
1236	114.656250	114.735677	G2	35	80	0
1237	114.813802	114.875000	G4	42	80	0
1238	114.959635	115.029948	G2	39	80	0
1239	114.963542	115.028646	G1	40	80	0
1240	115.127604	115.204427	F#4	40	80	0
1241	115.289062	115.399740	A2	39	80	0
1242	115.292969	115.376302	A1	41	80	0
1243	115.434896	115.507812	F4	49	80	0
1244	115.583333	115.704427	B2	51	80	0
1245	115.584635	115.690104	B1	49	80	0
1246	115.744792	115.846354	E4	56	80	0
1247	115.882812	115.976562	C3	61	80	0
1248	115.884115	115.967448	C2	59	80	0
1249	116.044271	116.148438	Eb4	68	80	0
1250	116.174479	116.264323	C#3	67	80	0
1251	116.175781	116.264323	C#2	57	80	0
1252	116.334635	116.428385	D4	73	80	0
1253	116.462240	116.585938	D3	67	80	0
1254	116.463542	116.574219	D2	65	80	0
1255	116.631510	116.738281	C#4	75	80	0
1256	116.773438	116.881510	Eb3	65	80	0
1257	116.774740	116.876302	Eb2	61	80	0
1258	116.930990	117.019531	C4	74	80	0
1259	117.072917	117.160156	E3	56	80	0
1260	117.075521	117.154948	E2	52	80	0
1261	117.229167	117.312500	B3	68	80	0
1262	117.381510	117.473958	F2	47	80	0
1263	117.382812	117.470052	F3	42	80	0
1264	117.553385	117.656250	Bb3	52	80	0
1265	117.703125	117.812500	F#3	38	80	0
1266	117.703125	117.815104	F#2	40	80	0
1267	117.881510	118.000000	A3	44	80	0
1268	118.053385	118.122396	G3	35	80	0
1269	118.054688	118.132812	G2	36	80	0
1270	118.214844	118.303385	G#3	37	80	0
1271	118.388021	118.460938	G3	34	80	0
1272	118.393229	118.500000	G2	33	80	0
1273	118.572917	118.773438	G#3	35	80	0
1274	118.795573	119.002604	G3	37	80	0
1275	119.055990	119.489583	G4	32	80	0
1276	119.815104	120.569010	F4	36	80	0
1277	120.635417	121.809896	G4	46	80	0
1278	120.666667	121.049479	B3	29	80	0
1279	121.061198	121.472656	E4	22	80	0
1280	121.062500	121.149740	C4	23	80	0
1281	121.403646	121.878906	C5	55	80	0
1282	121.425781	121.832031	C4	34	80	0
1283	121.763021	122.141927	A4	55	80	0
1284	121.778646	122.135417	C#4	37	80	0
1285	122.109375	122.477865	G4	40	80	0
1286	122.125000	122.463542	D4	27	80	0
1287	122.441406	122.532552	F4	36	80	0
1288	122.447917	122.822917	A3	29	80	0
1289	122.821615	123.542969	F4	42	80	0
1290	122.822917	123.203125	Bb3	39	80	0
1291	123.171875	123.535156	B3	48	80	0
1292	123.505208	124.059896	D5	56	80	0
1293	123.511719	123.847656	G3	40	80	0
1294	123.855469	124.750000	F4	43	80	0
1295	123.858073	124.192708	D4	39	80	0
1296	124.213542	124.554688	C#4	34	80	0
1297	124.545573	124.669271	C4	35	80	0
1298	124.549479	124.739583	E4	34	80	0
1299	124.904948	125.519531	C4	40	80	0
1300	124.912760	125.250000	Bb3	41	80	0
1301	124.914062	125.199219	E4	38	80	0
1302	124.984375	125.042969	G4	41	80	0
1303	125.067708	125.145833	C5	49	80	0
1304	125.144531	125.239583	E5	45	80	0
1305	125.184896	125.283854	F5	54	80	0
1306	125.221354	125.559896	A3	36	80	0
1307	125.287760	125.346354	C5	50	80	0
1308	125.350260	125.401042	A4	50	80	0
1309	125.411458	125.489583	F4	35	80	0
1310	125.505208	125.519531	A4	39	80	0
1311	125.544271	125.688802	F4	49	80	0
1312	125.574219	125.848958	A3	37	80	0
1313	125.575521	125.819010	F3	33	80	0
1314	125.608073	125.666667	C5	47	80	0
1315	125.679688	125.725260	F5	50	80	0
1316	125.735677	125.829427	A5	59	80	0
1317	125.834635	125.894531	A5	62	80	0
1318	125.863281	126.233073	D4	45	80	0
1319	125.873698	126.098958	F#3	34	80	0
1320	125.940104	126.098958	D5	43	80	0
1321	126.005208	126.074219	A5	42	80	0
1322	126.084635	126.135417	D6	55	80	0
1323	126.158854	126.259115	A5	49	80	0
1324	126.192708	126.369792	C4	45	80	0
1325	126.234375	126.449219	G3	32	80	0
1326	126.246094	126.378906	D5	43	80	0
1327	126.328125	126.399740	A5	46	80	0
1328	126.416667	126.485677	Bb5	55	80	0
1329	126.486979	126.552083	G5	46	80	0
1330	126.533854	126.597656	Bb3	50	80	0
1331	126.542969	126.606771	D3	44	80	0
1332	126.555990	126.606771	D5	46	80	0
1333	126.630208	126.733073	G5	47	80	0
1334	126.740885	126.830729	Bb5	50	80	0
1335	126.820312	126.890625	G5	48	80	0
1336	126.885417	127.649740	Bb3	57	80	0
1337	126.894531	127.218750	F3	41	80	0
1338	126.912760	127.029948	C#5	53	80	0
1339	126.994792	127.061198	G5	46	80	0
1340	127.080729	127.158854	Bb5	57	80	0
1341	127.160156	127.279948	G5	46	80	0
1342	127.213542	127.619792	E3	44	80	0
1343	127.246094	127.359375	C5	42	80	0
1344	127.316406	127.438802	G5	49	80	0
1345	127.404948	127.476562	Bb5	54	80	0
1346	127.492188	127.569010	E5	49	80	0
1347	127.526042	127.639323	G4	58	80	0
1348	127.571615	127.679688	C5	47	80	0
1349	127.653646	127.717448	E5	52	80	0
1350	127.742188	127.839844	G5	55	80	0
1351	127.848958	127.906250	G5	61	80	0
1352	127.860677	128.489583	Bb3	66	80	0
1353	127.875000	128.188802	C3	52	80	0
1354	127.930990	127.981771	E5	51	80	0
1355	128.009115	128.080729	G5	60	80	0
1356	128.095052	128.152344	C6	59	80	0
1357	128.175781	128.289062	F5	53	80	0
1358	128.175781	128.229167	G5	52	80	0
1359	128.184896	128.729167	F3	53	80	0
1360	128.248698	128.303385	E5	49	80	0
1361	128.324219	128.384115	G5	57	80	0
1362	128.398438	128.455729	C6	55	80	0
1363	128.484375	128.569010	A5	57	80	0
1364	128.503906	128.759115	A3	59	80	0
1365	128.557292	128.617188	F5	52	80	0
1366	128.636719	128.712240	A5	66	80	0
1367	128.743490	128.795573	C6	44	80	0
1368	128.816406	129.699219	A2	69	80	0
1369	128.820312	129.429688	A3	65	80	0
1370	128.820312	128.869792	A5	62	80	0
1371	128.898438	128.979167	F5	48	80	0
1372	128.964844	129.023438	A5	54	80	0
1373	129.054688	129.113281	C6	51	80	0
1374	129.126302	129.173177	A5	55	80	0
1375	129.194010	129.244792	F5	52	80	0
1376	129.265625	129.334635	A5	51	80	0
1377	129.342448	129.415365	D6	58	80	0
1378	129.420573	129.569010	A5	55	80	0
1379	129.447917	129.819010	D3	68	80	0
1380	129.505208	129.628906	F5	59	80	0
1381	129.575521	129.648438	A5	53	80	0
1382	129.662760	129.786458	D6	68	80	0
1383	129.766927	129.919271	Bb5	65	80	0
1384	129.772135	130.158854	Bb2	67	80	0
1385	129.834635	129.938802	F5	57	80	0
1386	129.924479	130.005208	Bb5	56	80	0
1387	130.010417	130.117188	D6	65	80	0
1388	130.096354	130.188802	B5	61	80	0
1389	130.102865	130.412760	A2	62	80	0
1390	130.183594	130.369792	F5	58	80	0
1391	130.268229	130.419271	B5	49	80	0
1392	130.343750	130.415365	D6	58	80	0
1393	130.432292	130.509115	B5	57	80	0
1394	130.432292	130.507812	G#2	68	80	0
1395	130.507812	130.570312	E5	58	80	0
1396	130.585938	130.656250	B5	53	80	0
1397	130.657552	130.799479	D6	61	80	0
1398	130.746094	130.800781	B5	57	80	0
1399	130.759115	131.462240	G#2	71	80	0
1400	130.825521	130.919271	E5	48	80	0
1401	130.902344	130.979167	B5	58	80	0
1402	130.980469	131.046875	D6	65	80	0
1403	131.062500	131.114583	B5	62	80	0
1404	131.143229	131.250000	E5	52	80	0
1405	131.212240	131.295573	B5	62	80	0
1406	131.295573	131.375000	D6	73	80	0
1407	131.384115	131.589844	E4	74	80	0
1408	131.386719	132.000000	E3	78	80	0
1409	131.451823	131.549479	E5	61	80	0
1410	131.524740	131.613281	B5	65	80	0
1411	131.614583	131.759115	D6	74	80	0
1412	131.703125	131.789062	B5	66	80	0
1413	131.712240	132.039062	G#2	62	80	0
1414	131.779948	131.889323	E5	59	80	0
1415	131.855469	131.949219	B5	63	80	0
1416	131.950521	132.046875	D6	70	80	0
1417	132.032552	132.119792	B5	62	80	0
1418	132.033854	132.356771	A2	58	80	0
1419	132.114583	132.209635	E5	55	80	0
1420	132.184896	132.273438	B5	59	80	0
1421	132.274740	132.343750	C6	69	80	0
1422	132.355469	132.694010	E3	76	80	0
1423	132.363281	132.433594	A5	75	80	0
1424	132.447917	132.514323	E5	68	80	0
1425	132.535156	132.597656	A5	61	80	0
1426	132.535156	132.592448	B5	58	80	0
1427	132.611979	132.729167	C6	64	80	0
1428	132.695312	132.769531	A5	58	80	0
1429	132.695312	133.049479	A2	65	80	0
1430	132.765625	132.829427	E5	60	80	0
1431	132.837240	132.923177	A5	71	80	0
1432	132.930990	133.002604	C6	70	80	0
1433	133.003906	133.459635	B2	73	80	0
1434	133.006510	133.070312	A5	71	80	0
1435	133.079427	133.239583	D5	61	80	0
1436	133.154948	133.244792	A5	71	80	0
1437	133.250000	133.376302	B5	74	80	0
1438	133.335938	133.799479	E3	76	80	0
1439	133.335938	133.419271	G#5	75	80	0
1440	133.406250	133.559896	D5	68	80	0
1441	133.484375	133.554688	G#5	60	80	0
1442	133.555990	133.652344	B5	69	80	0
1443	133.647135	133.703125	G#5	62	80	0
1444	133.673177	133.989583	B2	62	80	0
1445	133.710938	133.839844	D5	53	80	0
1446	133.791667	133.877604	G#5	67	80	0
1447	133.877604	133.973958	B5	76	80	0
1448	133.964844	134.069010	G#5	67	80	0
1449	133.984375	134.459635	C3	73	80	0
1450	134.032552	134.149740	C5	54	80	0
1451	134.113281	134.188802	G#5	60	80	0
1452	134.192708	134.348958	B5	73	80	0
1453	134.273438	134.363281	G#5	71	80	0
1454	134.307292	134.779948	E3	68	80	0
1455	134.354167	134.408854	B5	58	80	0
1456	134.364583	134.468750	A5	60	80	0
1457	134.445312	134.503906	C5	63	80	0
1458	134.518229	134.605469	A5	64	80	0
1459	134.610677	134.750000	G#5	58	80	0
1460	134.652344	134.919271	C3	68	80	0
1461	134.716146	134.829427	C5	60	80	0
1462	134.791667	134.919271	A5	66	80	0
1463	134.929688	135.005208	A5	66	80	0
1464	134.933594	135.459635	Eb3	73	80	0
1465	135.003906	135.188802	B4	62	80	0
1466	135.084635	135.169271	A5	56	80	0
1467	135.154948	135.264323	B5	74	80	0
1468	135.243490	135.938802	B3	87	80	0
1469	135.246094	135.369792	A5	69	80	0
1470	135.315104	135.539062	B4	57	80	0
1471	135.401042	135.484375	A5	70	80	0
1472	135.483073	135.566406	B5	72	80	0
1473	135.557292	135.625000	A5	69	80	0
1474	135.574219	135.919271	Eb3	68	80	0
1475	135.640625	135.686198	B4	66	80	0
1476	135.716146	135.804688	A5	68	80	0
1477	135.790365	135.919271	B5	81	80	0
1478	135.875000	135.942708	A5	76	80	0
1479	135.904948	136.408854	E3	81	80	0
1480	135.947917	136.039062	B4	55	80	0
1481	136.033854	136.113281	A5	68	80	0
1482	136.105469	136.203125	B5	83	80	0
1483	136.203125	136.319010	A5	79	80	0
1484	136.209635	136.619792	C4	92	80	0
1485	136.282552	136.359375	B4	69	80	0
1486	136.355469	136.434896	A5	68	80	0
1487	136.437500	136.548177	B5	79	80	0
1488	136.524740	136.601562	A5	80	80	0
1489	136.532552	136.859375	E3	69	80	0
1490	136.600260	136.799479	B4	59	80	0
1491	136.678385	136.765625	A5	72	80	0
1492	136.759115	136.856771	B5	81	80	0
1493	136.843750	136.979167	A5	74	80	0
1494	136.845052	137.250000	F#3	73	80	0
1495	136.923177	137.019531	B4	63	80	0
1496	136.993490	137.082031	A5	71	80	0
1497	137.075521	137.197917	B5	86	80	0
1498	137.153646	137.718750	Eb4	88	80	0
1499	137.160156	137.279948	A5	79	80	0
1500	137.226562	137.348958	B4	65	80	0
1501	137.321615	137.407552	A5	76	80	0
1502	137.397135	137.485677	B5	82	80	0
1503	137.484375	137.658854	F#3	67	80	0
1504	137.485677	137.546875	A5	68	80	0
1505	137.565104	137.649740	B4	69	80	0
1506	137.636719	137.695312	A5	65	80	0
1507	137.700521	137.794271	B5	78	80	0
1508	137.777344	137.919271	G5	81	80	0
1509	137.811198	138.218750	G3	86	80	0
1510	137.842448	137.915365	B4	74	80	0
1511	137.933594	138.015625	G5	72	80	0
1512	137.998698	138.085938	B5	87	80	0
1513	138.108073	138.378906	E4	87	80	0
1514	138.110677	138.188802	E5	83	80	0
1515	138.114583	138.218750	B4	72	80	0
1516	138.197917	138.291667	G5	76	80	0
1517	138.274740	138.348958	B5	82	80	0
1518	138.414062	138.579427	G5	72	80	0
1519	138.414062	138.485677	B5	82	80	0
1520	138.416667	138.709635	G3	79	80	0
1521	138.486979	138.589844	E5	72	80	0
1522	138.553385	138.623698	B5	66	80	0
1523	138.611979	138.725260	E6	92	80	0
1524	138.709635	139.000000	A3	86	80	0
1525	138.710938	138.848958	C6	83	80	0
1526	138.770833	138.843750	E5	65	80	0
1527	138.860677	138.937500	C6	74	80	0
1528	138.924479	139.019531	E6	90	80	0
1529	139.009115	139.348958	F#4	98	80	0
1530	139.011719	139.149740	F#5	87	80	0
1531	139.015625	139.089844	C6	84	80	0
1532	139.076823	139.149740	E5	70	80	0
1533	139.173177	139.256510	C6	73	80	0
1534	139.243490	139.334635	E6	91	80	0
1535	139.325521	139.468750	A3	71	80	0
1536	139.329427	139.389323	C6	74	80	0
1537	139.399740	139.457031	E5	71	80	0
1538	139.476562	139.557292	C6	62	80	0
1539	139.552083	139.660156	E6	90	80	0
1540	139.628906	140.059896	Bb3	95	80	0
1541	139.632812	139.717448	C#6	76	80	0
1542	139.716146	139.795573	G5	78	80	0
1543	139.795573	139.878906	C#6	74	80	0
1544	139.865885	140.009115	E6	88	80	0
1545	139.942708	140.239583	G4	94	80	0
1546	139.945312	140.039062	C#6	82	80	0
1547	140.033854	140.095052	G5	81	80	0
1548	140.106771	140.184896	C#6	74	80	0
1549	140.195312	140.369792	E6	92	80	0
1550	140.255208	140.579427	Bb3	84	80	0
1551	140.268229	140.347656	C#6	70	80	0
1552	140.354167	140.425781	G5	82	80	0
1553	140.423177	140.503906	C#6	74	80	0
1554	140.498698	140.592448	E6	92	80	0
1555	140.583333	140.699219	B5	78	80	0
1556	140.584635	141.319010	B3	97	80	0
1557	140.635417	140.723958	G5	81	80	0
1558	140.712240	140.795573	B5	75	80	0
1559	140.803385	140.885417	E6	85	80	0
1560	140.876302	140.984375	G6	95	80	0
1561	140.891927	141.239583	E4	83	80	0
1562	140.971354	141.071615	F#6	91	80	0
1563	141.050781	141.127604	E6	80	80	0
1564	141.125000	141.187500	Eb6	82	80	0
1565	141.204427	141.269531	E6	87	80	0
1566	141.205729	141.408854	G4	93	80	0
1567	141.205729	141.419271	G5	91	80	0
1568	141.274740	141.339844	Eb6	82	80	0
1569	141.354167	141.450521	E6	90	80	0
1570	141.441406	141.509115	F#6	84	80	0
1571	141.516927	141.604167	G6	99	80	0
1572	141.528646	141.739583	B4	92	80	0
1573	141.613281	141.699219	F#6	78	80	0
1574	141.691406	141.753906	E6	89	80	0
1575	141.757812	141.816406	Eb6	87	80	0
1576	141.834635	141.934896	G6	99	80	0
1577	141.842448	141.912760	E5	90	80	0
1578	141.924479	141.997396	F#6	85	80	0
1579	141.988281	142.069010	E6	86	80	0
1580	142.071615	142.141927	Eb6	85	80	0
1581	142.144531	142.240885	G6	102	80	0
1582	142.152344	142.230469	G5	101	80	0
1583	142.235677	142.319010	F#6	82	80	0
1584	142.307292	142.385417	E6	91	80	0
1585	142.376302	142.466146	Eb6	86	80	0
1586	142.460938	142.588542	G6	103	80	0
1587	142.558594	142.695312	F#6	88	80	0
1588	142.617188	142.703125	E6	89	80	0
1589	142.692708	142.770833	Eb6	96	80	0
1590	142.773438	143.019531	E6	100	80	0
1591	142.774740	142.875000	G5	100	80	0
1592	142.861979	143.049479	F#5	91	80	0
1593	142.962240	143.041667	E5	69	80	0
1594	143.037760	143.658854	Eb5	82	80	0
1595	143.113281	143.628906	E5	67	80	0
1596	143.479167	143.662760	G6	64	80	0
1597	143.654948	143.804688	F#6	67	80	0
1598	143.812500	143.983073	E6	72	80	0
1599	143.813802	143.981771	G5	55	80	0
1600	143.964844	144.132812	Eb6	71	80	0
1601	143.970052	144.134115	F#5	56	80	0
1602	144.136719	144.319010	E6	65	80	0
1603	144.144531	144.309896	E5	57	80	0
1604	144.311198	144.819010	Eb5	47	80	0
1605	144.484375	144.859375	G6	61	80	0
1606	144.498698	144.808594	E5	40	80	0
1607	144.833333	145.179688	F#6	61	80	0
1608	145.141927	145.559896	E6	58	80	0
1609	145.152344	145.514323	G5	42	80	0
1610	145.463542	145.859375	Eb6	61	80	0
1611	145.475260	145.869792	F#5	39	80	0
1612	145.822917	146.319010	E6	54	80	0
1613	145.852865	146.166667	E5	40	80	0
1614	146.151042	147.009115	Eb5	40	80	0
1615	146.500000	147.408854	G6	61	80	0
1616	146.510417	147.250000	E5	38	80	0
1617	147.242188	147.699219	F#6	47	80	0
1618	147.584635	148.299479	G5	45	80	0
1619	147.934896	148.289062	E6	42	80	0
1620	148.252604	148.769531	F#5	43	80	0
1621	148.593750	148.949219	G5	44	80	0
1622	148.593750	149.319010	G4	39	80	0
1623	148.890625	149.589844	E5	39	80	0
1624	149.261719	149.589844	F#4	34	80	0
1625	149.411458	149.589844	E4	33	80	0
1626	149.644531	150.029948	E4	32	80	0
1627	149.644531	150.019531	G4	36	80	0
1628	150.274740	150.397135	F#4	36	80	0
1629	150.436198	150.490885	E4	36	80	0
1630	150.613281	151.029948	E4	31	80	0
1631	150.934896	151.018229	G4	41	80	0
1632	151.246094	151.355469	G4	37	80	0
1633	151.257812	151.364583	F#4	37	80	0
1634	151.414062	151.535156	E4	40	80	0
1635	151.583333	151.701823	F#4	44	80	0
1636	151.730469	151.776042	E4	46	80	0
1637	151.873698	151.957031	E4	41	80	0
1638	152.042969	152.140625	G4	40	80	0
1639	152.195312	152.266927	F#4	40	80	0
1640	152.355469	152.819010	E4	43	80	0
1641	152.360677	152.524740	G5	57	80	0
1642	152.523438	152.632812	F#5	58	80	0
1643	152.652344	152.889323	G6	80	80	0
1644	152.679688	152.792969	E5	57	80	0
1645	152.825521	152.972656	F#6	75	80	0
1646	152.966146	153.188802	E6	78	80	0
1647	152.985677	153.134115	G5	70	80	0
1648	153.128906	153.239583	F#5	69	80	0
1649	153.257812	153.449219	G4	73	80	0
1650	153.261719	153.429688	E5	62	80	0
1651	153.416667	153.559896	F#4	60	80	0
1652	153.574219	153.652344	E4	77	80	0
1653	153.576823	153.763021	G3	69	80	0
1654	153.733073	153.878906	F#3	63	80	0
1655	153.734375	153.908854	F#4	63	80	0
1656	153.864583	153.936198	E3	76	80	0
1657	154.061198	154.250000	G5	91	80	0
1658	154.062500	154.135417	G4	94	80	0
1659	154.063802	154.119792	E3	87	80	0
1660	154.483073	154.859375	G4	86	80	0
1661	154.484375	154.859375	B3	91	80	0
1662	154.484375	154.899740	G3	92	80	0
1663	154.486979	154.809896	E3	87	80	0
1664	154.492188	154.889323	E2	80	80	0
1665	155.019531	155.128906	F#4	80	80	0
1666	155.145833	155.223958	E4	82	80	0
1667	155.152344	155.209635	E3	87	80	0
1668	155.153646	155.250000	G4	74	80	0
1669	155.153646	155.218750	E2	83	80	0
1670	155.154948	155.212240	G3	78	80	0
1671	155.569010	155.819010	A3	89	80	0
1672	155.569010	155.869792	A4	88	80	0
1673	155.574219	155.869792	F#4	87	80	0
1674	155.574219	155.729167	D3	85	80	0
1675	155.575521	155.759115	D2	83	80	0
1676	156.292969	156.505208	A4	46	80	0
1677	156.295573	156.511719	F#4	35	80	0
1678	156.304688	156.507812	D4	33	80	0
1679	156.733073	157.299479	A4	45	80	0
1680	156.738281	157.299479	F#4	33	80	0
1681	156.742188	157.218750	C4	29	80	0
1682	156.743490	157.179688	D4	31	80	0
1683	157.274740	157.429688	G4	37	80	0
1684	157.281250	157.402344	B3	36	80	0
1685	157.283854	157.403646	D4	33	80	0
1686	157.403646	157.688802	A4	45	80	0
1687	157.406250	157.549479	F#4	38	80	0
1688	157.412760	157.541667	C4	35	80	0
1689	157.414062	157.628906	A3	37	80	0
1690	157.815104	158.128906	B4	42	80	0
1691	157.822917	158.044271	G4	32	80	0
1692	157.839844	158.035156	B3	34	80	0
1693	157.848958	158.035156	G3	28	80	0
1694	158.533854	158.631510	B4	85	80	0
1695	158.536458	158.621094	D4	84	80	0
1696	158.537760	158.619792	G4	83	80	0
1697	158.540365	158.610677	B3	87	80	0
1698	158.541667	158.605469	G3	91	80	0
1699	158.544271	158.614583	G2	94	80	0
1700	158.945312	159.489583	B4	88	80	0
1701	158.946615	159.429688	D4	85	80	0
1702	158.947917	159.489583	G4	86	80	0
1703	158.953125	159.408854	B3	88	80	0
1704	158.954427	159.329427	G3	93	80	0
1705	158.954427	159.419271	G2	90	80	0
1706	159.467448	159.569010	A4	79	80	0
1707	159.584635	159.829427	G4	79	80	0
1708	159.593750	159.654948	B3	76	80	0
1709	159.601562	159.729167	G2	80	80	0
1710	159.604167	159.658854	G1	77	80	0
1711	159.986979	160.339844	C#5	87	80	0
1712	159.994792	160.229167	C#4	75	80	0
1713	159.996094	160.269531	Bb4	76	80	0
1714	159.997396	160.199219	F#2	78	80	0
1715	160.001302	160.188802	F#1	77	80	0
1716	160.756510	160.985677	C#5	50	80	0
1717	160.769531	160.983073	Bb4	40	80	0
1718	160.782552	160.988281	F#4	31	80	0
1719	161.207031	161.809896	C#5	53	80	0
1720	161.234375	161.546875	Bb4	40	80	0
1721	161.240885	161.579427	F#4	28	80	0
1722	161.243490	161.658854	E4	29	80	0
1723	161.785156	161.894531	B4	47	80	0
1724	161.789062	162.019531	F#4	32	80	0
1725	161.794271	161.894531	D4	29	80	0
1726	161.908854	162.369792	C#5	45	80	0
1727	161.912760	162.054688	E4	31	80	0
1728	161.917969	162.199219	Bb4	41	80	0
1729	161.919271	162.239583	C#4	32	80	0
1730	162.346354	162.572917	D5	48	80	0
1731	162.364583	162.809896	B4	34	80	0
1732	162.371094	162.567708	D4	24	80	0
1733	162.375000	162.610677	B3	22	80	0
1734	163.170573	164.109375	D5	59	80	0
1735	163.562500	165.479167	G4	40	80	0
1736	163.574219	164.339844	D4	34	80	0
1737	163.596354	164.649740	B3	35	80	0
1738	163.904948	164.679688	G5	64	80	0
1739	164.265625	164.638021	E5	60	80	0
1740	164.270833	165.429688	E4	37	80	0
1741	164.630208	165.489583	A3	34	80	0
1742	164.632812	164.966146	D5	56	80	0
1743	164.971354	165.139323	C5	49	80	0
1744	165.338542	166.209635	C5	62	80	0
1745	165.343750	165.989583	F#4	40	80	0
1746	165.373698	165.789062	Eb4	35	80	0
1747	165.712240	166.579427	D4	42	80	0
1748	166.018229	166.449219	A5	68	80	0
1749	166.382812	166.789062	F#4	51	80	0
1750	166.384115	167.079427	C5	59	80	0
1751	166.730469	167.369792	G4	49	80	0
1752	167.059896	167.138021	B4	54	80	0
1753	167.441406	169.059896	B4	53	80	0
1754	167.459635	167.837240	G3	37	80	0
1755	167.813802	168.580729	E3	41	80	0
1756	168.143229	168.233073	G4	45	80	0
1757	168.541667	171.119792	G4	39	80	0
1758	168.542969	169.158854	E4	32	80	0
1759	168.910156	169.479167	C4	31	80	0
1760	169.264323	169.468750	E4	32	80	0
1761	169.653646	171.569010	E4	38	80	0
1762	169.695312	170.519531	C3	31	80	0
1763	170.063802	171.489583	C2	32	80	0
1764	170.458333	170.902344	G3	33	80	0
1765	170.908854	171.527344	E3	32	80	0
1766	171.480469	172.500000	B3	32	80	0
1767	171.483073	172.500000	Eb3	25	80	0
1768	171.490885	172.479167	B2	24	80	0
1769	171.490885	172.500000	B1	24	80	0
1770	173.807292	174.809896	E6	48	80	0
1771	173.813802	174.809896	E5	41	80	0
1772	174.283854	174.889323	B3	27	80	0
1773	174.303385	175.899740	E3	27	80	0
1774	174.313802	175.019531	G2	24	80	0
1775	174.817708	174.979167	Eb6	50	80	0
1776	174.822917	174.968750	Eb5	44	80	0
1777	174.964844	175.039062	E6	54	80	0
1778	174.973958	175.079427	E5	46	80	0
1779	175.376302	177.019531	A2	25	80	0
1780	175.423177	176.128906	F#4	41	80	0
1781	175.432292	175.908854	C4	32	80	0
1782	175.436198	175.929688	E4	35	80	0
1783	176.144531	176.429688	F#4	51	80	0
1784	176.165365	176.549479	E4	42	80	0
1785	176.178385	176.549479	Bb2	38	80	0
1786	176.180990	176.609375	C#4	43	80	0
1787	176.549479	177.229167	F#4	49	80	0
1788	176.575521	177.459635	Eb4	41	80	0
1789	176.578125	177.649740	B2	39	80	0
1790	176.578125	177.389323	A3	36	80	0
1791	177.130208	177.265625	G4	49	80	0
1792	177.282552	177.382812	A4	54	80	0
1793	177.408854	177.548177	G4	55	80	0
1794	177.558594	178.000000	F#4	58	80	0
1795	177.584635	178.289062	C3	46	80	0
1796	177.592448	178.309896	G3	45	80	0
1797	177.914062	178.098958	E4	60	80	0
1798	178.283854	178.489583	B2	60	80	0
1799	178.289062	179.259115	E6	88	80	0
1800	178.294271	179.199219	E5	71	80	0
1801	178.450521	178.632812	A2	58	80	0
1802	178.644531	179.759115	G2	67	80	0
1803	178.644531	180.239583	E3	64	80	0
1804	179.194010	179.369792	Eb6	81	80	0
1805	179.195312	179.339844	Eb5	69	80	0
1806	179.333333	179.699219	E6	87	80	0
1807	179.334635	179.639323	G#2	66	80	0
1808	179.335938	179.739583	E5	78	80	0
1809	179.791667	180.589844	F#4	74	80	0
1810	179.799479	180.399740	C4	60	80	0
1811	179.804688	180.779948	A2	58	80	0
1812	179.804688	180.209635	E4	66	80	0
1813	180.600260	180.889323	F#4	52	80	0
1814	180.614583	181.089844	Bb2	39	80	0
1815	180.615885	180.919271	E4	45	80	0
1816	180.615885	181.089844	C#4	40	80	0
1817	181.106771	182.029948	F#4	42	80	0
1818	181.111979	182.609375	Eb4	37	80	0
1819	181.115885	182.539062	A3	31	80	0
1820	181.145833	182.500000	B2	19	80	0
1821	181.924479	182.359375	A4	37	80	0
1822	182.210938	182.509115	G4	36	80	0
1823	182.484375	182.688802	F#4	29	80	0
1824	182.962240	183.959635	E4	30	80	0
1825	182.966146	183.559896	G4	26	80	0
1826	182.985677	183.759115	G3	24	80	0
1827	182.994792	183.669271	E3	22	80	0
1828	183.001302	183.968750	E2	21	80	0
1829	184.882812	184.963542	G3	27	80	0
1830	184.886719	184.973958	G2	22	80	0
1831	184.890625	184.973958	G1	24	80	0
1832	185.289062	185.799479	G3	26	80	0
1833	185.300781	185.669271	G2	25	80	0
1834	185.304688	185.485677	G1	28	80	0
1835	185.990885	186.093750	C4	25	80	0
1836	185.992188	186.000000	C5	33	80	0
1837	185.994792	186.088542	C2	25	80	0
1838	185.994792	186.088542	C3	21	80	0
1839	186.407552	186.688802	C5	35	80	0
1840	186.410156	186.729167	C2	27	80	0
1841	186.411458	186.669271	C3	26	80	0
1842	186.412760	186.709635	C4	27	80	0
1843	187.134115	187.277344	G5	43	80	0
1844	187.140625	187.264323	G4	31	80	0
1845	187.148438	187.257812	G3	23	80	0
1846	187.151042	187.266927	G2	22	80	0
1847	187.553385	187.726562	G5	41	80	0
1848	187.562500	187.703125	G3	29	80	0
1849	187.563802	187.696615	G2	26	80	0
1850	187.565104	187.705729	G4	30	80	0
1851	188.264323	188.371094	C5	40	80	0
1852	188.274740	188.408854	C4	22	80	0
1853	188.276042	188.367188	C3	21	80	0
1854	188.686198	188.803385	C3	26	80	0
1855	188.686198	188.845052	C5	38	80	0
1856	188.687500	188.835938	C6	40	80	0
1857	188.688802	188.821615	C4	27	80	0
1858	189.414062	189.475260	F6	100	80	0
1859	189.415365	189.466146	F5	98	80	0
1860	189.421875	189.473958	G4	95	80	0
1861	189.423177	189.479167	B3	89	80	0
1862	189.427083	189.476562	D4	84	80	0
1863	189.436198	189.483073	F4	77	80	0
1864	189.825521	190.399740	F5	101	80	0
1865	189.828125	190.139323	G4	98	80	0
1866	189.829427	190.438802	F6	101	80	0
1867	189.829427	190.250000	B3	89	80	0
1868	189.833333	190.399740	F4	90	80	0
1869	189.834635	190.658854	D4	90	80	0
1870	190.390625	190.399740	E7	81	80	0
1871	190.393229	190.484375	E6	88	80	0
1872	190.454427	190.527344	D6	79	80	0
1873	190.524740	190.584635	C6	77	80	0
1874	190.610677	190.674479	B5	76	80	0
1875	190.682292	190.747396	A5	66	80	0
1876	190.753906	190.815104	G5	83	80	0
1877	190.816406	190.884115	F5	71	80	0
1878	190.891927	190.954427	E5	74	80	0
1879	190.954427	191.009115	D5	74	80	0
1880	191.022135	191.083333	C5	73	80	0
1881	191.095052	191.182292	B4	71	80	0
1882	191.166667	191.226562	A4	68	80	0
1883	191.231771	191.283854	G4	72	80	0
1884	191.292969	191.372396	F4	61	80	0
1885	191.371094	191.451823	E4	66	80	0
1886	191.447917	191.510417	D4	66	80	0
1887	191.509115	191.575521	C4	66	80	0
1888	191.583333	191.664062	B3	76	80	0
1889	191.662760	191.730469	A3	69	80	0
1890	191.723958	191.791667	G3	66	80	0
1891	191.815104	191.875000	F#3	66	80	0
1892	191.889323	192.055990	G3	81	80	0
1893	192.561198	192.634115	F4	77	80	0
1894	192.563802	192.630208	D4	76	80	0
1895	192.565104	192.625000	G3	78	80	0
1896	192.566406	192.625000	B2	83	80	0
1897	192.571615	192.626302	B1	79	80	0
1898	192.954427	193.033854	E4	80	80	0
1899	192.954427	193.079427	C4	83	80	0
1900	192.955729	193.015625	G3	82	80	0
1901	192.959635	193.006510	C3	89	80	0
1902	192.962240	193.014323	C2	88	80	0
1903	193.595052	193.651042	D4	95	80	0
1904	193.596354	193.662760	D5	98	80	0
1905	193.596354	193.657552	B3	94	80	0
1906	193.601562	193.729167	D6	98	80	0
1907	193.604167	193.666667	B5	91	80	0
1908	193.604167	193.665365	E3	91	80	0
1909	193.605469	193.688802	G#5	93	80	0
1910	193.605469	193.665365	G#3	84	80	0
1911	193.981771	194.319010	G#5	98	80	0
1912	193.983073	194.269531	D5	100	80	0
1913	193.984375	194.359375	D6	100	80	0
1914	193.984375	194.128906	B5	94	80	0
1915	193.984375	194.779948	B3	93	80	0
1916	193.985677	195.059896	D4	93	80	0
1917	193.992188	195.128906	E3	92	80	0
1918	193.994792	195.119792	G#3	85	80	0
1919	194.466146	194.550781	C6	76	80	0
1920	194.542969	194.669271	B5	79	80	0
1921	194.602865	194.674479	A5	78	80	0
1922	194.680990	194.777344	G#5	79	80	0
1923	194.753906	194.825521	F#5	78	80	0
1924	194.824219	194.881510	E5	75	80	0
1925	194.889323	194.941406	D5	74	80	0
1926	194.963542	195.022135	C5	80	80	0
1927	195.042969	195.097656	B4	73	80	0
1928	195.104167	195.166667	A4	73	80	0
1929	195.171875	195.244792	G#4	71	80	0
1930	195.240885	195.312500	F#4	66	80	0
1931	195.303385	195.375000	E4	72	80	0
1932	195.364583	195.432292	D4	68	80	0
1933	195.444010	195.522135	C4	72	80	0
1934	195.516927	195.572917	B3	78	80	0
1935	195.584635	195.667969	A3	70	80	0
1936	195.656250	195.734375	G#3	65	80	0
1937	195.722656	195.782552	F#3	59	80	0
1938	195.792969	195.851562	E3	62	80	0
1939	195.855469	195.924479	Eb3	71	80	0
1940	195.916667	196.053385	E3	77	80	0
1941	196.493490	196.565104	B3	78	80	0
1942	196.493490	196.575521	D4	77	80	0
1943	196.498698	196.563802	E3	77	80	0
1944	196.503906	196.569010	G#2	87	80	0
1945	196.506510	196.572917	G#1	84	80	0
1946	196.861979	196.934896	C4	76	80	0
1947	196.865885	196.968750	E3	76	80	0
1948	196.867188	197.009115	A3	78	80	0
1949	196.867188	196.921875	A1	88	80	0
1950	196.873698	196.920573	A2	88	80	0
1951	197.605469	197.789062	C6	52	80	0
1952	197.614583	197.789062	A3	37	80	0
1953	197.615885	197.669271	C5	44	80	0
1954	197.634115	197.759115	F2	32	80	0
1955	197.635417	197.736979	C3	28	80	0
1956	198.007812	198.309896	C6	57	80	0
1957	198.013021	198.239583	C5	50	80	0
1958	198.022135	198.968750	A3	33	80	0
1959	198.033854	199.119792	F2	31	80	0
1960	198.041667	199.229167	C3	29	80	0
1961	198.514323	198.596354	Bb5	48	80	0
1962	198.592448	198.688802	A5	36	80	0
1963	198.652344	198.695312	G5	54	80	0
1964	198.727865	198.839844	F5	53	80	0
1965	198.812500	198.863281	E5	47	80	0
1966	198.886719	198.968750	D5	55	80	0
1967	198.955729	199.039062	C5	53	80	0
1968	198.989583	199.000000	A2	28	80	0
1969	199.039062	199.128906	Bb4	53	80	0
1970	199.105469	199.156250	A4	50	80	0
1971	199.164062	199.205729	G4	51	80	0
1972	199.243490	199.299479	F4	41	80	0
1973	199.313802	199.389323	E4	38	80	0
1974	199.367188	199.417969	D4	43	80	0
1975	199.457031	199.569010	C4	45	80	0
1976	199.552083	199.605469	Bb3	49	80	0
1977	199.613281	199.667969	A3	53	80	0
1978	199.614583	199.669271	C3	45	80	0
1979	199.615885	199.769531	F2	43	80	0
1980	199.972656	200.319010	A3	46	80	0
1981	199.990885	200.329427	C3	35	80	0
1982	199.993490	200.468750	F2	35	80	0
1983	200.588542	200.772135	Eb4	51	80	0
1984	200.595052	200.750000	A3	39	80	0
1985	200.604167	200.755208	C3	40	80	0
1986	200.605469	200.757812	F2	41	80	0
1987	200.950521	201.167969	A3	41	80	0
1988	200.951823	201.289062	Eb4	55	80	0
1989	200.963542	201.229167	C3	40	80	0
1990	200.968750	201.279948	F2	36	80	0
1991	201.566406	201.779948	A4	60	80	0
1992	201.572917	201.769531	A3	53	80	0
1993	201.574219	201.759115	F#2	49	80	0
1994	201.578125	201.731771	C3	49	80	0
1995	201.579427	201.759115	Eb4	50	80	0
1996	201.917969	202.209635	A4	63	80	0
1997	201.923177	202.128906	A3	55	80	0
1998	201.925781	202.149740	F#2	53	80	0
1999	201.930990	202.080729	C3	56	80	0
2000	201.932292	202.089844	Eb4	55	80	0
2001	202.506510	202.729167	Eb5	74	80	0
2002	202.507812	202.669271	Eb4	56	80	0
2003	202.513021	202.718750	A4	64	80	0
2004	202.518229	202.595052	C3	48	80	0
2005	202.520833	202.699219	F#2	45	80	0
2006	202.884115	203.059896	A4	76	80	0
2007	202.885417	203.019531	Eb4	64	80	0
2008	202.886719	203.109375	Eb5	79	80	0
2009	202.897135	203.019531	C3	51	80	0
2010	202.904948	203.029948	F#2	45	80	0
2011	203.483073	203.779948	C6	90	80	0
2012	203.486979	203.759115	C5	89	80	0
2013	203.486979	203.750000	Eb5	82	80	0
2014	203.493490	203.669271	C3	64	80	0
2015	203.493490	203.789062	A5	81	80	0
2016	203.695312	203.789062	F#2	60	80	0
2017	203.785156	204.009115	B2	61	80	0
2018	203.868490	204.149740	Eb5	90	80	0
2019	203.869792	204.059896	C6	89	80	0
2020	203.873698	204.098958	C5	90	80	0
2021	203.873698	204.109375	A5	84	80	0
2022	203.876302	204.039062	A3	77	80	0
2023	203.884115	203.889323	A4	79	80	0
2024	204.490885	204.769531	B5	93	80	0
2025	204.492188	204.750000	B4	91	80	0
2026	204.493490	204.759115	Eb5	91	80	0
2027	204.498698	204.750000	A5	88	80	0
2028	204.852865	205.250000	Eb5	92	80	0
2029	204.854167	204.929688	Eb3	71	80	0
2030	204.854167	205.229167	Bb5	93	80	0
2031	204.854167	205.209635	Bb4	95	80	0
2032	205.290365	205.408854	F#2	59	80	0
2033	205.372396	205.472656	B2	64	80	0
2034	205.425781	205.669271	Eb5	92	80	0
2035	205.430990	205.658854	B4	90	80	0
2036	205.430990	205.619792	A3	89	80	0
2037	205.430990	205.658854	B5	88	80	0
2038	205.432292	205.529948	A5	88	80	0
2039	205.779948	205.850260	G2	86	80	0
2040	205.781250	205.919271	G3	87	80	0
2041	205.783854	206.359375	B4	95	80	0
2042	205.785156	206.529948	B5	96	80	0
2043	205.787760	206.489583	E5	93	80	0
2044	205.791667	205.929688	B2	79	80	0
2045	205.954427	206.015625	B3	83	80	0
2046	205.963542	206.013021	G3	68	80	0
2047	206.115885	206.170573	B3	77	80	0
2048	206.115885	206.174479	G3	63	80	0
2049	206.272135	206.315104	B3	74	80	0
2050	206.272135	206.319010	G3	60	80	0
2051	206.432292	206.475260	B3	66	80	0
2052	206.433594	206.481771	G3	72	80	0
2053	206.574219	206.658854	G3	65	80	0
2054	206.575521	206.626302	B3	75	80	0
2055	206.734375	206.794271	G#3	82	80	0
2056	206.735677	207.419271	E6	98	80	0
2057	206.736979	206.785156	B3	82	80	0
2058	206.736979	207.263021	E5	95	80	0
2059	206.885417	206.944010	B3	62	80	0
2060	206.889323	206.949219	G#3	60	80	0
2061	207.052083	207.105469	B3	76	80	0
2062	207.053385	207.111979	G#3	68	80	0
2063	207.204427	207.264323	B3	72	80	0
2064	207.208333	207.264323	G#3	68	80	0
2065	207.361979	207.415365	B3	76	80	0
2066	207.363281	207.412760	G#3	67	80	0
2067	207.505208	207.552083	B3	69	80	0
2068	207.505208	207.589844	B5	70	80	0
2069	207.511719	207.555990	G#3	63	80	0
2070	207.635417	207.722656	B4	87	80	0
2071	207.639323	207.799479	E5	90	80	0
2072	207.640625	207.709635	G#3	87	80	0
2073	207.641927	207.704427	B3	89	80	0
2074	207.645833	207.721354	D4	88	80	0
2075	207.812500	207.867188	B3	65	80	0
2076	207.813802	207.875000	G#3	65	80	0
2077	207.976562	208.044271	C5	84	80	0
2078	207.977865	208.039062	F4	85	80	0
2079	207.979167	208.050781	F5	87	80	0
2080	207.979167	208.045573	A3	82	80	0
2081	207.981771	208.044271	C4	82	80	0
2082	208.134115	208.191406	A3	73	80	0
2083	208.135417	208.186198	C4	69	80	0
2084	208.292969	208.342448	A3	66	80	0
2085	208.294271	208.341146	C4	65	80	0
2086	208.434896	208.486979	A3	69	80	0
2087	208.434896	208.486979	C4	62	80	0
2088	208.584635	208.718750	F5	84	80	0
2089	208.585938	208.769531	C5	84	80	0
2090	208.587240	208.645833	A3	78	80	0
2091	208.588542	208.644531	C4	81	80	0
2092	208.592448	208.799479	E5	83	80	0
2093	208.595052	208.647135	E4	76	80	0
2094	208.746094	208.795573	C4	68	80	0
2095	208.746094	208.796875	A3	64	80	0
2096	208.751302	208.792969	E4	57	80	0
2097	208.902344	209.369792	G#5	92	80	0
2098	208.903646	208.976562	G#4	89	80	0
2099	208.904948	209.149740	D5	85	80	0
2100	208.904948	208.973958	D4	84	80	0
2101	208.910156	208.973958	B3	83	80	0
2102	209.065104	209.123698	D4	68	80	0
2103	209.066406	209.121094	B3	75	80	0
2104	209.220052	209.265625	D4	70	80	0
2105	209.222656	209.266927	B3	78	80	0
2106	209.351562	209.403646	D4	73	80	0
2107	209.354167	209.395833	B3	74	80	0
2108	209.494792	209.669271	D5	97	80	0
2109	209.494792	209.718750	G#5	97	80	0
2110	209.500000	209.639323	D4	88	80	0
2111	209.500000	209.696615	E5	94	80	0
2112	209.502604	209.554688	E4	87	80	0
2113	209.648438	209.729167	D4	66	80	0
2114	209.649740	209.690104	E4	67	80	0
2115	209.651042	209.701823	B3	72	80	0
2116	209.813802	210.199219	A4	91	80	0
2117	209.813802	209.864583	C4	86	80	0
2118	209.813802	209.864583	E4	89	80	0
2119	209.813802	210.158854	A5	93	80	0
2120	209.816406	210.069010	E5	88	80	0
2121	209.963542	210.003906	E4	65	80	0
2122	209.964844	210.011719	C4	82	80	0
2123	210.113281	210.167969	E4	68	80	0
2124	210.113281	210.165365	C4	69	80	0
2125	210.261719	210.308594	C4	75	80	0
2126	210.263021	210.309896	E5	70	80	0
2127	210.263021	210.311198	E4	67	80	0
2128	210.403646	210.453125	C4	84	80	0
2129	210.403646	210.454427	E4	83	80	0
2130	210.406250	210.589844	A5	95	80	0
2131	210.407552	210.617188	E5	93	80	0
2132	210.410156	210.419271	C5	87	80	0
2133	210.561198	210.614583	E4	74	80	0
2134	210.562500	210.619792	C#4	79	80	0
2135	210.718750	210.776042	C#4	83	80	0
2136	210.722656	210.773438	E4	85	80	0
2137	210.723958	211.098958	Bb4	94	80	0
2138	210.725260	211.119792	Bb5	96	80	0
2139	210.726562	210.944010	E5	86	80	0
2140	210.868490	210.932292	C#4	70	80	0
2141	210.869792	210.923177	E4	70	80	0
2142	211.026042	211.084635	C#4	70	80	0
2143	211.027344	211.082031	E4	66	80	0
2144	211.174479	211.217448	E4	51	80	0
2145	211.175781	211.239583	E5	55	80	0
2146	211.175781	211.221354	C#4	56	80	0
2147	211.315104	211.385417	A5	60	80	0
2148	211.322917	211.375000	C#5	57	80	0
2149	211.328125	211.382812	E5	52	80	0
2150	211.345052	211.385417	F#4	38	80	0
2151	211.481771	211.628906	Bb5	60	80	0
2152	211.483073	211.531250	C#5	56	80	0
2153	211.485677	211.533854	F#4	43	80	0
2154	211.485677	211.529948	E5	52	80	0
2155	211.486979	211.533854	Bb4	52	80	0
2156	211.631510	211.673177	C#5	55	80	0
2157	211.635417	211.769531	Bb5	55	80	0
2158	211.638021	211.674479	F#4	43	80	0
2159	211.641927	211.699219	E5	49	80	0
2160	211.778646	211.824219	F#4	50	80	0
2161	211.778646	211.825521	C#5	60	80	0
2162	211.782552	211.832031	Bb5	56	80	0
2163	211.785156	211.829427	E5	53	80	0
2164	211.790365	212.000000	F#5	54	80	0
2165	211.920573	211.973958	Bb5	74	80	0
2166	211.921875	211.970052	C#5	71	80	0
2167	211.923177	211.929688	Bb4	66	80	0
2168	211.924479	211.971354	F#4	61	80	0
2169	211.930990	211.971354	E5	63	80	0
2170	212.063802	212.119792	C#5	77	80	0
2171	212.065104	212.128906	Bb5	77	80	0
2172	212.065104	212.118490	F#4	67	80	0
2173	212.072917	212.122396	E5	76	80	0
2174	212.074219	212.149740	F#5	69	80	0
2175	212.217448	212.273438	C#5	82	80	0
2176	212.221354	212.268229	F#4	77	80	0
2177	212.222656	212.292969	Bb5	82	80	0
2178	212.223958	212.276042	E5	87	80	0
2179	212.223958	212.449219	F#5	87	80	0
2180	212.372396	212.429688	C#5	80	80	0
2181	212.373698	212.424479	F#4	83	80	0
2182	212.375000	212.442708	Bb5	81	80	0
2183	212.377604	212.427083	E5	84	80	0
2184	212.524740	212.574219	C#5	91	80	0
2185	212.524740	212.572917	F#4	94	80	0
2186	212.526042	212.587240	Bb5	92	80	0
2187	212.531250	212.593750	F#5	99	80	0
2188	212.532552	212.584635	E5	95	80	0
2189	212.674479	212.720052	F#4	80	80	0
2190	212.675781	212.725260	C#5	94	80	0
2191	212.675781	212.759115	C#6	92	80	0
2192	212.678385	212.727865	E5	93	80	0
2193	212.678385	212.688802	B3	73	80	0
2194	212.679688	212.736979	Bb5	89	80	0
2195	212.821615	212.873698	C#5	90	80	0
2196	212.822917	212.872396	F#4	94	80	0
2197	212.824219	212.886719	F#5	95	80	0
2198	212.824219	212.839844	E4	87	80	0
2199	212.826823	212.886719	Bb5	87	80	0
2200	212.826823	212.875000	E5	92	80	0
2201	212.963542	213.024740	C#5	93	80	0
2202	212.964844	213.020833	F#4	92	80	0
2203	212.967448	213.031250	E5	95	80	0
2204	212.971354	213.079427	F#5	97	80	0
2205	212.972656	213.048177	Bb5	94	80	0
2206	213.125000	213.175781	F#4	91	80	0
2207	213.127604	213.178385	A4	89	80	0
2208	213.130208	213.184896	B3	87	80	0
2209	213.130208	213.184896	Eb4	83	80	0
2210	213.134115	213.208333	B5	93	80	0
2211	213.291667	213.338542	A4	86	80	0
2212	213.295573	213.346354	F#4	86	80	0
2213	213.299479	213.347656	Eb4	77	80	0
2214	213.300781	213.348958	B3	84	80	0
2215	213.315104	213.360677	C6	90	80	0
2216	213.447917	213.496094	A4	88	80	0
2217	213.449219	213.496094	F#4	82	80	0
2218	213.451823	213.502604	B3	79	80	0
2219	213.453125	213.503906	Eb4	71	80	0
2220	213.458333	213.511719	C6	93	80	0
2221	213.459635	213.513021	C7	99	80	0
2222	213.596354	213.652344	F#4	85	80	0
2223	213.597656	213.654948	B3	80	80	0
2224	213.598958	213.651042	A4	87	80	0
2225	213.601562	213.656250	Eb4	73	80	0
2226	213.608073	213.661458	C6	97	80	0
2227	213.609375	213.665365	C7	103	80	0
2228	213.753906	213.804688	F#4	85	80	0
2229	213.755208	213.804688	A4	80	80	0
2230	213.756510	213.813802	Eb4	73	80	0
2231	213.759115	213.813802	B3	75	80	0
2232	213.761719	213.819010	C7	100	80	0
2233	213.763021	213.815104	C6	99	80	0
2234	213.912760	214.069010	C7	101	80	0
2235	213.917969	213.967448	C6	98	80	0
2236	213.917969	213.968750	F#4	77	80	0
2237	213.917969	213.963542	A4	83	80	0
2238	213.924479	213.979167	B3	71	80	0
2239	214.075521	214.144531	C7	99	80	0
2240	214.082031	214.132812	A4	79	80	0
2241	214.082031	214.140625	F#4	74	80	0
2242	214.084635	214.139323	C6	89	80	0
2243	214.089844	214.145833	B3	64	80	0
2244	214.252604	214.429688	C7	97	80	0
2245	214.253906	214.313802	F#4	73	80	0
2246	214.255208	214.307292	A4	78	80	0
2247	214.255208	214.329427	C6	93	80	0
2248	214.256510	214.321615	B3	67	80	0
2249	214.432292	214.496094	F#4	61	80	0
2250	214.438802	214.628906	C7	88	80	0
2251	214.440104	214.489583	A4	64	80	0
2252	214.441406	214.503906	B3	58	80	0
2253	214.442708	214.503906	Eb4	55	80	0
2254	214.445312	214.494792	C6	82	80	0
2255	214.631510	214.691406	F#4	61	80	0
2256	214.634115	214.684896	A4	62	80	0
2257	214.634115	214.694010	B3	56	80	0
2258	214.635417	214.829427	C7	72	80	0
2259	214.638021	214.684896	C6	77	80	0
2260	214.641927	214.695312	Eb4	49	80	0
2261	214.834635	214.885417	A4	59	80	0
2262	214.837240	214.901042	B3	53	80	0
2263	214.839844	215.019531	Eb4	46	80	0
2264	214.839844	214.889323	C6	74	80	0
2265	214.839844	215.049479	C7	75	80	0
2266	215.054688	215.093750	A4	63	80	0
2267	215.054688	215.069010	C4	47	80	0
2268	215.057292	215.378906	C7	79	80	0
2269	215.062500	215.369792	C6	75	80	0
2270	215.352865	215.500000	E3	47	80	0
2271	215.378906	215.789062	C6	60	80	0
2272	215.386719	215.869792	C7	65	80	0
2273	215.519531	215.566406	G4	49	80	0
2274	215.596354	215.641927	B3	41	80	0
2275	215.694010	215.779948	G4	33	80	0
2276	215.776042	216.500000	B6	71	80	0
2277	215.783854	215.841146	F#3	42	80	0
2278	215.794271	216.848958	B5	59	80	0
2279	215.886719	215.989583	A4	48	80	0
2280	215.981771	216.050781	B3	45	80	0
2281	216.045573	216.279948	A4	44	80	0
2282	216.110677	216.119792	G5	47	80	0
2283	216.114583	216.348958	G3	46	80	0
2284	216.201823	216.257812	B4	50	80	0
2285	216.304688	216.382812	B3	44	80	0
2286	216.348958	216.479167	B4	47	80	0
2287	216.472656	216.533854	E3	53	80	0
2288	216.565104	216.649740	G4	55	80	0
2289	216.567708	216.579427	G5	54	80	0
2290	216.651042	216.750000	B3	47	80	0
2291	216.736979	216.776042	G4	55	80	0
2292	216.800781	216.855469	F#3	53	80	0
2293	216.803385	217.500000	E6	73	80	0
2294	216.819010	217.209635	E5	61	80	0
2295	216.903646	217.039062	A4	50	80	0
2296	216.998698	217.109375	B3	42	80	0
2297	217.046875	217.239583	A4	50	80	0
2298	217.122396	217.239583	G3	51	80	0
2299	217.216146	217.539062	E5	46	80	0
2300	217.217448	217.359375	B4	48	80	0
2301	217.283854	217.438802	B3	60	80	0
2302	217.368490	217.421875	B4	48	80	0
2303	217.484375	217.544271	E3	57	80	0
2304	217.583333	217.658854	G4	48	80	0
2305	217.651042	217.729167	B3	47	80	0
2306	217.723958	217.765625	G4	42	80	0
2307	217.796875	218.519531	B5	67	80	0
2308	217.798177	217.845052	F#3	46	80	0
2309	217.802083	218.218750	B4	60	80	0
2310	217.912760	218.049479	A4	48	80	0
2311	217.994792	218.035156	B3	40	80	0
2312	218.054688	218.289062	A4	47	80	0
2313	218.126302	218.139323	G5	52	80	0
2314	218.126302	218.259115	G3	51	80	0
2315	218.233073	218.339844	B4	47	80	0
2316	218.298177	218.363281	B3	57	80	0
2317	218.354167	218.669271	B4	44	80	0
2318	218.500000	218.609375	E3	43	80	0
2319	218.571615	218.623698	G4	55	80	0
2320	218.653646	218.729167	B3	40	80	0
2321	218.722656	218.819010	G4	44	80	0
2322	218.804688	218.854167	F#3	53	80	0
2323	218.832031	219.809896	E5	71	80	0
2324	218.833333	219.069010	E4	54	80	0
2325	218.915365	218.963542	A4	47	80	0
2326	219.003906	219.054688	B3	43	80	0
2327	219.066406	219.299479	A4	52	80	0
2328	219.153646	219.205729	G3	45	80	0
2329	219.250000	219.369792	B4	48	80	0
2330	219.312500	219.389323	B3	49	80	0
2331	219.384115	219.519531	B4	50	80	0
2332	219.471354	219.669271	A3	56	80	0
2333	219.553385	219.688802	G4	48	80	0
2334	219.640625	219.696615	E4	43	80	0
2335	219.772135	220.149740	C5	73	80	0
2336	219.792969	219.968750	Bb3	47	80	0
2337	219.873698	219.915365	G4	43	80	0
2338	219.960938	220.020833	E4	47	80	0
2339	220.055990	220.139323	G4	53	80	0
2340	220.106771	220.309896	B4	70	80	0
2341	220.113281	220.239583	B3	51	80	0
2342	220.207031	220.289062	G4	51	80	0
2343	220.264323	220.348958	E4	45	80	0
2344	220.264323	220.419271	E5	53	80	0
2345	220.401042	220.559896	B3	40	80	0
2346	220.455729	221.229167	B4	66	80	0
2347	220.532552	220.598958	G4	35	80	0
2348	220.582031	220.632812	E4	37	80	0
2349	220.677083	220.759115	G4	40	80	0
2350	220.763021	220.809896	B3	48	80	0
2351	220.898438	220.940104	B3	36	80	0
2352	220.983073	221.059896	G4	41	80	0
2353	221.046875	221.095052	B3	57	80	0
2354	221.092448	221.378906	Eb5	63	80	0
2355	221.175781	221.233073	A4	52	80	0
2356	221.256510	221.320312	F#4	53	80	0
2357	221.333333	221.468750	A4	48	80	0
2358	221.381510	221.424479	E2	44	80	0
2359	221.433594	221.569010	E5	63	80	0
2360	221.494792	221.544271	G3	57	80	0
2361	221.584635	221.626302	B2	44	80	0
2362	221.587240	222.500000	C5	69	80	0
2363	221.652344	221.696615	G3	51	80	0
2364	221.735677	221.794271	F#2	55	80	0
2365	221.776042	222.489583	C6	80	80	0
2366	221.841146	221.904948	A3	55	80	0
2367	221.933594	222.018229	B2	41	80	0
2368	222.010417	222.036458	A3	42	80	0
2369	222.082031	222.179688	G2	49	80	0
2370	222.166667	222.212240	B3	56	80	0
2371	222.253906	222.359375	B2	47	80	0
2372	222.256510	222.449219	B5	58	80	0
2373	222.315104	222.358073	B3	55	80	0
2374	222.438802	222.494792	E2	47	80	0
2375	222.540365	222.587240	G3	52	80	0
2376	222.606771	222.812500	B5	72	80	0
2377	222.611979	222.679688	B2	44	80	0
2378	222.747396	222.803385	F#2	51	80	0
2379	222.796875	223.348958	F#5	78	80	0
2380	222.851562	222.914062	A3	46	80	0
2381	222.963542	223.052083	B2	37	80	0
2382	223.006510	223.049479	A3	52	80	0
2383	223.075521	223.158854	G2	43	80	0
2384	223.175781	223.221354	B3	51	80	0
2385	223.253906	223.352865	B2	46	80	0
2386	223.294271	223.619792	E5	58	80	0
2387	223.315104	223.399740	B3	51	80	0
2388	223.453125	223.502604	E2	46	80	0
2389	223.546875	223.608073	G3	51	80	0
2390	223.625000	223.804688	E5	66	80	0
2391	223.716146	223.755208	G3	38	80	0
2392	223.785156	224.158854	C5	69	80	0
2393	223.858073	223.920573	A3	45	80	0
2394	223.964844	224.053385	B2	34	80	0
2395	224.003906	224.044271	A3	39	80	0
2396	224.085938	224.169271	G2	42	80	0
2397	224.182292	224.226562	B3	53	80	0
2398	224.274740	224.429688	B2	43	80	0
2399	224.302083	224.479167	B4	56	80	0
2400	224.316406	224.399740	B3	48	80	0
2401	224.446615	224.549479	E2	45	80	0
2402	224.562500	224.598958	G3	45	80	0
2403	224.615885	224.694010	B2	39	80	0
2404	224.625000	224.859375	B4	54	80	0
2405	224.714844	224.755208	G3	43	80	0
2406	224.761719	224.817708	F#2	38	80	0
2407	224.802083	225.098958	F#4	51	80	0
2408	224.884115	224.936198	A3	42	80	0
2409	225.016927	225.084635	B2	30	80	0
2410	225.035156	225.075521	A3	33	80	0
2411	225.101562	225.154948	G2	48	80	0
2412	225.212240	225.246094	B3	48	80	0
2413	225.266927	225.359375	E4	46	80	0
2414	225.269531	225.419271	B2	45	80	0
2415	225.359375	225.411458	B3	49	80	0
2416	225.444010	225.639323	A2	49	80	0
2417	225.445312	225.959635	E4	55	80	0
2418	225.536458	225.598958	G3	48	80	0
2419	225.623698	225.687500	E3	48	80	0
2420	225.713542	225.789062	G3	41	80	0
2421	225.769531	225.834635	Bb2	52	80	0
2422	225.783854	226.149740	C4	59	80	0
2423	225.847656	225.904948	G3	47	80	0
2424	225.923177	225.988281	E3	56	80	0
2425	226.026042	226.075521	G3	53	80	0
2426	226.087240	226.289062	B3	69	80	0
2427	226.091146	226.279948	B2	64	80	0
2428	226.190104	226.259115	G3	47	80	0
2429	226.234375	226.329427	E3	54	80	0
2430	226.325521	226.381510	G3	53	80	0
2431	226.406250	226.679688	B2	60	80	0
2432	226.407552	226.789062	B3	70	80	0
2433	226.569010	226.750000	G3	66	80	0
2434	226.723958	226.869792	E3	73	80	0
2435	226.859375	226.933594	C3	75	80	0
2436	227.013021	227.195312	B2	78	80	0
2437	227.015625	227.209635	B1	69	80	0
2438	227.171875	227.226562	Eb3	81	80	0
2439	227.334635	227.509115	E3	83	80	0
2440	227.338542	227.509115	E2	74	80	0
2441	227.488281	227.535156	F#3	77	80	0
2442	227.493490	227.544271	F#2	70	80	0
2443	227.634115	227.684896	G3	75	80	0
2444	227.635417	227.684896	G2	74	80	0
2445	227.774740	227.826823	A3	86	80	0
2446	227.774740	227.824219	A2	82	80	0
2447	227.924479	228.839844	B3	98	80	0
2448	227.924479	229.373698	B2	89	80	0
2449	228.283854	229.128906	E4	85	80	0
2450	228.286458	229.079427	C4	84	80	0
2451	229.358073	230.209635	F4	56	80	0
2452	229.381510	230.500000	C4	40	80	0
2453	229.388021	230.789062	A3	39	80	0
2454	230.074219	231.229167	C5	69	80	0
2455	230.486979	231.239583	A4	42	80	0
2456	230.496094	231.339844	F#4	37	80	0
2457	230.510417	231.408854	Eb4	33	80	0
2458	230.527344	231.119792	B2	27	80	0
2459	231.138021	231.329427	B4	53	80	0
2460	231.506510	232.779948	B4	70	80	0
2461	231.506510	231.658854	E2	76	80	0
2462	231.507812	231.628906	E1	79	80	0
2463	231.510417	232.299479	G4	73	80	0
2464	231.671875	231.799479	F#2	78	80	0
2465	231.673177	231.746094	F#1	79	80	0
2466	231.822917	231.872396	G2	75	80	0
2467	231.825521	231.871094	G1	66	80	0
2468	231.966146	232.024740	A2	84	80	0
2469	231.967448	232.024740	A1	80	80	0
2470	232.131510	233.098958	B2	91	80	0
2471	232.134115	233.529948	B1	86	80	0
2472	232.535156	233.649740	E3	81	80	0
2473	232.540365	233.199219	C3	75	80	0
2474	233.641927	234.378906	F3	49	80	0
2475	233.654948	234.609375	A2	39	80	0
2476	233.658854	234.399740	C3	38	80	0
2477	234.335938	235.539062	C4	66	80	0
2478	234.742188	235.968750	A3	38	80	0
2479	234.747396	235.938802	F#3	36	80	0
2480	234.751302	235.959635	Eb3	37	80	0
2481	234.757812	235.968750	B1	34	80	0
2482	234.768229	235.989583	B2	30	80	0
2483	235.464844	236.000000	B3	51	80	0
2484	236.604167	237.989583	C4	50	80	0
2485	237.016927	238.209635	E3	31	80	0
2486	237.016927	238.054688	G3	32	80	0
2487	237.028646	238.035156	E2	28	80	0
2488	237.044271	238.209635	B2	27	80	0
2489	237.765625	238.078125	B3	39	80	0
2490	238.834635	239.960938	C4	34	80	0
2491	239.247396	239.963542	A3	24	80	0
2492	239.276042	240.069010	B2	19	80	0
2493	239.276042	240.000000	F#3	19	80	0
2494	239.924479	240.218750	Eb4	35	80	0
2495	240.351562	240.579427	E4	30	80	0
2496	240.354167	240.567708	G3	26	80	0
2497	240.360677	240.565104	E2	20	80	0
2498	241.076823	242.399740	C5	36	80	0
2499	241.516927	242.609375	A4	30	80	0
2500	241.520833	242.878906	Eb4	25	80	0
2501	241.528646	242.848958	B3	23	80	0
2502	241.553385	242.529948	B2	18	80	0
2503	242.302083	242.889323	B4	31	80	0
2504	243.397135	244.799479	C5	45	80	0
2505	243.834635	244.975260	G4	30	80	0
2506	243.859375	245.079427	E4	24	80	0
2507	243.873698	244.970052	B3	22	80	0
2508	243.876302	244.983073	E3	22	80	0
2509	244.665365	245.359375	B4	34	80	0
2510	245.822917	247.039062	C5	41	80	0
2511	246.263021	247.359375	A4	34	80	0
2512	246.282552	247.019531	F#4	24	80	0
2513	246.298177	246.979167	B3	24	80	0
2514	246.335938	246.628906	B2	11	80	0
2515	246.966146	247.429688	Eb5	42	80	0
2516	247.391927	247.635417	E5	39	80	0
2517	247.403646	247.632812	E3	25	80	0
2518	247.404948	247.622396	G4	27	80	0
2519	248.225260	248.709635	C6	39	80	0
2520	248.695312	250.509115	F#5	30	80	0
2521	248.701823	250.098958	A5	34	80	0
2522	248.703125	251.039062	B4	31	80	0
2523	248.705729	250.109375	Eb5	28	80	0
2524	249.554688	250.369792	B5	35	80	0
2525	250.859375	251.730469	C5	36	80	0
2526	251.738281	252.218750	B4	23	80	0
2527	252.197917	252.718750	F#5	45	80	0
2528	252.214844	252.669271	A4	29	80	0
2529	252.214844	252.619792	Eb5	36	80	0
2530	252.217448	252.519531	F#4	27	80	0
2531	252.687500	253.339844	G5	51	80	0
2532	252.692708	253.019531	G4	35	80	0
2533	252.695312	253.188802	E5	39	80	0
2534	252.695312	253.128906	E4	30	80	0
2535	253.298177	253.442708	F#5	45	80	0
2536	253.324219	253.450521	Eb5	37	80	0
2537	253.328125	253.444010	F#4	26	80	0
2538	253.330729	253.442708	A4	29	80	0
2539	253.472656	253.839844	E5	42	80	0
2540	253.473958	253.718750	G4	33	80	0
2541	253.914062	254.199219	F#5	36	80	0
2542	253.917969	254.096354	F#4	26	80	0
2543	253.920573	254.097656	A5	40	80	0
2544	253.924479	254.101562	A4	30	80	0
2545	253.928385	254.095052	D4	22	80	0
2546	254.773438	255.149740	A5	48	80	0
2547	254.773438	255.179688	F#5	44	80	0
2548	254.782552	255.209635	D5	39	80	0
2549	255.307292	256.089844	F#5	48	80	0
2550	255.308594	256.109375	A5	51	80	0
2551	255.322917	255.848958	D5	42	80	0
2552	255.322917	256.059896	C5	40	80	0
2553	256.053385	256.234375	G5	48	80	0
2554	256.053385	256.225260	D5	41	80	0
2555	256.063802	256.222656	B4	36	80	0
2556	256.235677	256.779948	A5	47	80	0
2557	256.239583	256.819010	F#5	48	80	0
2558	256.243490	256.750000	C5	45	80	0
2559	256.307292	256.712240	A4	30	80	0
2560	256.753906	257.699219	B5	42	80	0
2561	256.763021	257.489583	B4	36	80	0
2562	256.764323	257.438802	G5	39	80	0
2563	256.773438	257.259115	G4	31	80	0
2564	257.873698	258.519531	B5	47	80	0
2565	257.877604	258.408854	G5	47	80	0
2566	258.528646	259.584635	B5	55	80	0
2567	258.544271	259.582031	G5	45	80	0
2568	259.552083	259.861979	A5	45	80	0
2569	259.552083	259.863281	F#5	41	80	0
2570	259.884115	260.929688	G5	39	80	0
2571	259.885417	260.359375	B5	39	80	0
2572	259.895833	260.929688	E5	36	80	0
2573	260.848958	261.549479	C6	38	80	0
2574	260.852865	262.259115	A5	36	80	0
2575	260.859375	262.188802	Eb5	37	80	0
2576	263.894531	264.688802	E6	53	80	0
2577	263.902344	264.699219	E5	43	80	0
2578	264.425781	265.059896	B3	34	80	0
2579	264.432292	265.239583	E3	28	80	0
2580	264.457031	265.109375	G2	20	80	0
2581	265.013021	265.158854	Eb6	60	80	0
2582	265.015625	265.149740	Eb5	53	80	0
2583	265.173177	265.259115	E6	64	80	0
2584	265.178385	265.235677	E5	53	80	0
2585	265.643229	266.429688	F#4	45	80	0
2586	265.653646	267.209635	A2	32	80	0
2587	265.654948	266.149740	C4	33	80	0
2588	266.437500	266.769531	F#4	55	80	0
2589	266.464844	266.848958	E4	41	80	0
2590	266.476562	266.899740	C#4	36	80	0
2591	266.480469	266.859375	Bb2	36	80	0
2592	266.891927	267.589844	F#4	57	80	0
2593	266.899740	267.718750	A3	42	80	0
2594	266.901042	267.848958	B2	42	80	0
2595	266.903646	267.809896	Eb4	49	80	0
2596	267.445312	267.579427	G4	43	80	0
2597	267.611979	267.716146	A4	57	80	0
2598	267.746094	267.890625	G4	60	80	0
2599	267.894531	268.309896	F#4	53	80	0
2600	267.949219	268.319010	C3	39	80	0
2601	267.953125	268.299479	G3	38	80	0
2602	268.264323	268.468750	E4	55	80	0
2603	268.264323	268.279948	E5	51	80	0
2604	268.665365	269.639323	E6	59	80	0
2605	268.692708	268.843750	B1	36	80	0
2606	268.694010	268.878906	B2	34	80	0
2607	268.712240	269.718750	E5	39	80	0
2608	268.890625	269.089844	A1	47	80	0
2609	268.891927	269.089844	A2	43	80	0
2610	269.115885	270.049479	G2	35	80	0
2611	269.115885	270.299479	G1	38	80	0
2612	269.700521	269.859375	Eb6	44	80	0
2613	269.726562	269.869792	Eb5	35	80	0
2614	269.904948	270.009115	E6	51	80	0
2615	269.908854	270.109375	E5	46	80	0
2616	269.923177	269.929688	G#1	26	80	0
2617	269.924479	270.049479	G#2	24	80	0
2618	270.416667	271.299479	F#4	34	80	0
2619	270.427083	270.989583	C4	28	80	0
2620	270.470052	271.009115	A2	21	80	0
2621	270.472656	271.269531	A1	24	80	0
2622	271.308594	271.658854	F#4	27	80	0
2623	271.338542	271.619792	E4	22	80	0
2624	271.342448	271.619792	Bb2	21	80	0
2625	271.343750	271.669271	C#4	20	80	0
2626	271.350260	271.419271	Bb1	21	80	0
2627	271.833333	272.878906	F#4	34	80	0
2628	271.855469	273.369792	Eb4	25	80	0
2629	271.875000	273.079427	A3	19	80	0
2630	271.882812	273.049479	B2	22	80	0
2631	271.885417	272.799479	B1	22	80	0
2632	272.643229	273.348958	A4	35	80	0
2633	272.914062	273.209635	G4	29	80	0
2634	273.167969	273.619792	F#4	31	80	0
2635	273.565104	274.019531	G4	25	80	0
2636	273.565104	275.369792	E4	26	80	0
2637	273.572917	275.119792	G3	23	80	0
2638	273.597656	275.468750	E2	16	80	0
2639	273.602865	273.609375	E1	23	80	0
#SusPed	3.024740	75	0
#SusPed	3.519531	0	0
#SusPed	3.526042	60	0
#SusPed	3.919271	0	0
#SusPed	3.933594	76	0
#SusPed	4.250000	0	0
#SusPed	4.259115	67	0
#SofPed	4.320312	97	0
#SofPed	4.429688	0	0
#SofPed	4.444010	94	0
#SofPed	4.589844	0	0
#SofPed	4.597656	92	0
#SofPed	4.729167	0	0
#SusPed	4.739583	0	0
#SofPed	4.743490	96	0
#SusPed	4.744792	69	0
#SusPed	5.089844	0	0
#SusPed	5.102865	74	0
#SusPed	5.500000	0	0
#SusPed	5.513021	73	0
#SusPed	6.169271	0	0
#SusPed	6.182292	66	0
#SofPed	6.309896	0	0
#SofPed	6.317708	77	0
#SusPed	6.449219	0	0
#SusPed	6.457031	72	0
#SusPed	6.609375	0	0
#SofPed	6.750000	0	0
#SofPed	6.757812	61	0
#SofPed	6.769531	0	0
#SusPed	6.852865	41	0
#SusPed	7.319010	0	0
#SusPed	7.332031	73	0
#SusPed	7.658854	0	0
#SusPed	7.669271	66	0
#SusPed	7.889323	0	0
#SusPed	7.901042	46	0
#SusPed	8.119792	0	0
#SusPed	8.358073	80	0
#SusPed	8.569010	0	0
#SusPed	8.574219	61	0
#SofPed	8.632812	61	0
#SofPed	8.829427	0	0
#SofPed	8.841146	77	0
#SofPed	8.908854	0	0
#SofPed	8.919271	83	0
#SusPed	9.069010	0	0
#SusPed	9.074219	65	0
#SofPed	9.089844	0	0
#SofPed	9.095052	81	0
#SofPed	9.319010	0	0
#SofPed	9.326823	76	0
#SusPed	9.389323	0	0
#SusPed	9.395833	62	0
#SusPed	9.829427	0	0
#SusPed	9.837240	69	0
#SusPed	9.869792	0	0
#SusPed	9.877604	61	0
#SusPed	9.968750	0	0
#SusPed	9.983073	42	0
#SusPed	10.109375	0	0
#SusPed	10.114583	70	0
#SusPed	10.289062	0	0
#SusPed	10.300781	59	0
#SofPed	10.329427	0	0
#SofPed	10.338542	52	0
#SofPed	10.569010	0	0
#SofPed	10.582031	60	0
#SusPed	10.598958	0	0
#SusPed	10.610677	67	0
#SofPed	10.899740	0	0
#SofPed	10.910156	66	0
#SusPed	10.968750	0	0
#SusPed	10.975260	65	0
#SusPed	11.489583	0	0
#SusPed	11.503906	68	0
#SusPed	11.579427	0	0
#SusPed	11.587240	64	0
#SusPed	11.729167	0	0
#SusPed	11.743490	59	0
#SofPed	12.029948	0	0
#SusPed	12.259115	0	0
#SusPed	12.272135	58	0
#SusPed	12.609375	0	0
#SusPed	12.618490	53	0
#SusPed	12.989583	0	0
#SusPed	13.003906	57	0
#SofPed	13.044271	44	0
#SofPed	13.049479	0	0
#SusPed	13.339844	0	0
#SusPed	13.351562	58	0
#SofPed	13.399740	50	0
#SusPed	13.619792	0	0
#SusPed	13.632812	52	0
#SofPed	13.829427	0	0
#SofPed	13.842448	56	0
#SofPed	13.878906	0	0
#SofPed	13.891927	58	0
#SofPed	14.029948	0	0
#SofPed	14.033854	69	0
#SofPed	14.098958	0	0
#SofPed	14.114583	73	0
#SofPed	14.299479	0	0
#SofPed	14.312500	73	0
#SusPed	14.359375	0	0
#SofPed	14.369792	0	0
#SusPed	14.369792	56	0
#SofPed	14.378906	65	0
#SofPed	14.649740	0	0
#SofPed	14.660156	66	0
#SusPed	14.699219	0	0
#SusPed	14.713542	48	0
#SusPed	14.779948	0	0
#SusPed	14.791667	49	0
#SusPed	14.938802	0	0
#SusPed	14.946615	53	0
#SofPed	14.959635	0	0
#SofPed	14.964844	63	0
#SofPed	15.049479	0	0
#SofPed	15.062500	60	0
#SofPed	15.419271	0	0
#SofPed	15.424479	38	0
#SusPed	15.438802	0	0
#SusPed	15.451823	60	0
#SusPed	15.539062	0	0
#SusPed	15.553385	55	0
#SofPed	15.669271	0	0
#SofPed	15.680990	59	0
#SusPed	15.789062	0	0
#SofPed	15.789062	0	0
#SusPed	15.795573	50	0
#SofPed	15.802083	74	0
#SusPed	16.109375	0	0
#SofPed	16.119792	0	0
#SusPed	16.122396	48	0
#SofPed	16.125000	77	0
#SofPed	16.598958	0	0
#SofPed	16.606771	58	0
#SusPed	17.000000	0	0
#SusPed	17.007812	68	0
#SusPed	17.628906	0	0
#SusPed	17.635417	72	0
#SusPed	18.359375	0	0
#SusPed	18.365885	54	0
#SusPed	19.039062	0	0
#SusPed	19.050781	70	0
#SusPed	19.459635	0	0
#SusPed	19.464844	66	0
#SusPed	19.619792	0	0
#SusPed	20.076823	64	0
#SofPed	20.949219	0	0
#SofPed	20.955729	35	0
#SusPed	21.378906	0	0
#SusPed	21.393229	61	0
#SusPed	21.869792	0	0
#SusPed	21.877604	65	0
#SusPed	22.149740	0	0
#SusPed	22.164062	63	0
#SusPed	22.408854	0	0
#SusPed	22.421875	60	0
#SusPed	23.299479	0	0
#SusPed	23.305990	74	0
#SusPed	23.559896	0	0
#SusPed	23.571615	63	0
#SusPed	24.049479	0	0
#SusPed	24.055990	68	0
#SusPed	24.109375	0	0
#SusPed	24.114583	54	0
#SusPed	24.209635	0	0
#SusPed	24.222656	63	0
#SusPed	24.419271	0	0
#SusPed	24.430990	68	0
#SofPed	24.449219	0	0
#SofPed	24.459635	24	0
#SofPed	24.709635	0	0
#SofPed	24.722656	19	0
#SusPed	24.729167	0	0
#SusPed	24.735677	63	0
#SofPed	24.938802	0	0
#SofPed	24.945312	30	0
#SofPed	25.009115	0	0
#SofPed	25.018229	35	0
#SofPed	25.089844	0	0
#SofPed	25.104167	35	0
#SusPed	25.309896	0	0
#SusPed	25.324219	62	0
#SofPed	25.408854	0	0
#SofPed	25.424479	37	0
#SusPed	25.569010	0	0
#SusPed	25.580729	68	0
#SofPed	25.769531	0	0
#SusPed	26.039062	0	0
#SusPed	26.053385	84	0
#SusPed	26.459635	0	0
#SusPed	26.472656	66	0
#SusPed	26.688802	0	0
#SusPed	26.703125	74	0
#SusPed	26.968750	0	0
#SusPed	26.977865	89	0
#SusPed	27.559896	0	0
#SusPed	27.570312	93	0
#SusPed	27.699219	0	0
#SusPed	27.964844	82	0
#SofPed	28.093750	51	0
#SusPed	28.339844	0	0
#SusPed	28.346354	71	0
#SusPed	28.709635	0	0
#SusPed	28.717448	71	0
#SofPed	28.729167	0	0
#SofPed	28.743490	103	0
#SusPed	28.959635	0	0
#SusPed	28.970052	74	0
#SofPed	29.029948	0	0
#SofPed	29.044271	99	0
#SofPed	29.229167	0	0
#SofPed	29.234375	96	0
#SusPed	29.319010	0	0
#SusPed	29.328125	53	0
#SusPed	29.799479	0	0
#SusPed	29.811198	66	0
#SusPed	30.279948	0	0
#SusPed	30.294271	64	0
#SusPed	30.839844	0	0
#SusPed	30.854167	82	0
#SusPed	31.299479	0	0
#SusPed	31.305990	70	0
#SusPed	31.739583	0	0
#SusPed	31.746094	79	0
#SusPed	32.239583	0	0
#SusPed	32.251302	50	0
#SusPed	32.889323	0	0
#SusPed	32.899740	49	0
#SusPed	33.149740	0	0
#SusPed	33.154948	53	0
#SusPed	33.269531	0	0
#SusPed	33.274740	65	0
#SusPed	33.789062	0	0
#SusPed	33.804688	67	0
#SusPed	34.348958	0	0
#SusPed	34.360677	65	0
#SusPed	34.848958	0	0
#SusPed	34.856771	58	0
#SusPed	34.979167	0	0
#SusPed	34.990885	46	0
#SofPed	35.239583	0	0
#SusPed	35.369792	0	0
#SusPed	35.380208	67	0
#SusPed	36.000000	0	0
#SusPed	36.006510	63	0
#SusPed	36.399740	0	0
#SusPed	36.414062	68	0
#SofPed	36.546875	54	0
#SusPed	36.779948	0	0
#SusPed	36.791667	56	0
#SofPed	36.968750	0	0
#SusPed	37.269531	0	0
#SusPed	37.274740	40	0
#SusPed	37.408854	0	0
#SusPed	37.417969	77	0
#SofPed	38.097656	13	0
#SofPed	38.158854	0	0
#SofPed	38.171875	14	0
#SofPed	38.269531	0	0
#SofPed	38.283854	17	0
#SusPed	38.389323	0	0
#SusPed	38.399740	68	0
#SofPed	38.408854	0	0
#SofPed	38.421875	23	0
#SofPed	38.598958	0	0
#SofPed	38.614583	32	0
#SusPed	38.669271	0	0
#SusPed	38.674479	41	0
#SusPed	38.750000	0	0
#SusPed	38.755208	41	0
#SusPed	38.848958	0	0
#SusPed	38.863281	45	0
#SofPed	38.869792	0	0
#SofPed	38.876302	81	0
#SofPed	38.938802	0	0
#SofPed	38.953125	86	0
#SusPed	39.019531	0	0
#SusPed	39.031250	45	0
#SusPed	39.119792	0	0
#SusPed	39.125000	49	0
#SofPed	39.179688	0	0
#SusPed	39.259115	0	0
#SusPed	39.268229	46	0
#SusPed	39.348958	0	0
#SusPed	39.359375	44	0
#SusPed	39.489583	0	0
#SusPed	39.500000	49	0
#SusPed	40.039062	0	0
#SusPed	40.048177	43	0
#SusPed	40.459635	0	0
#SusPed	40.467448	74	0
#SusPed	40.750000	0	0
#SusPed	40.755208	64	0
#SusPed	41.519531	0	0
#SusPed	41.524740	78	0
#SusPed	41.669271	0	0
#SusPed	41.678385	97	0
#SusPed	41.979167	0	0
#SusPed	41.992188	100	0
#SusPed	42.188802	0	0
#SusPed	42.201823	103	0
#SusPed	42.449219	0	0
#SusPed	42.457031	65	0
#SofPed	42.532552	45	0
#SofPed	42.639323	0	0
#SofPed	42.653646	44	0
#SusPed	42.669271	0	0
#SusPed	42.680990	34	0
#SofPed	42.729167	0	0
#SofPed	42.734375	35	0
#SofPed	42.769531	0	0
#SofPed	42.782552	36	0
#SusPed	42.789062	0	0
#SusPed	42.800781	40	0
#SofPed	42.859375	0	0
#SofPed	42.868490	36	0
#SusPed	42.899740	0	0
#SofPed	42.908854	0	0
#SusPed	42.911458	42	0
#SofPed	42.921875	37	0
#SusPed	43.009115	0	0
#SusPed	43.019531	38	0
#SofPed	43.079427	0	0
#SofPed	43.085938	48	0
#SofPed	43.128906	0	0
#SofPed	43.141927	52	0
#SusPed	43.179688	0	0
#SusPed	43.194010	37	0
#SofPed	43.218750	0	0
#SofPed	43.227865	59	0
#SusPed	43.259115	0	0
#SusPed	43.266927	39	0
#SofPed	43.348958	0	0
#SofPed	43.363281	57	0
#SusPed	43.399740	0	0
#SusPed	43.411458	38	0
#SusPed	43.609375	0	0
#SusPed	43.615885	54	0
#SofPed	43.628906	0	0
#SusPed	44.039062	0	0
#SusPed	44.053385	30	0
#SusPed	44.109375	0	0
#SusPed	44.123698	33	0
#SusPed	44.529948	0	0
#SusPed	44.544271	72	0
#SusPed	44.799479	0	0
#SusPed	44.812500	66	0
#SofPed	44.829427	55	0
#SofPed	45.229167	0	0
#SofPed	45.239583	65	0
#SusPed	45.348958	0	0
#SusPed	45.358073	59	0
#SofPed	45.429688	0	0
#SofPed	45.444010	96	0
#SusPed	45.669271	0	0
#SusPed	45.674479	48	0
#SofPed	45.679688	0	0
#SofPed	45.688802	84	0
#SusPed	45.739583	0	0
#SusPed	45.753906	50	0
#SusPed	45.859375	0	0
#SofPed	45.859375	0	0
#SofPed	45.864583	84	0
#SusPed	45.867188	57	0
#SusPed	46.348958	0	0
#SusPed	46.359375	68	0
#SusPed	46.438802	0	0
#SusPed	46.450521	64	0
#SusPed	46.479167	0	0
#SusPed	46.486979	64	0
#SusPed	46.598958	0	0
#SusPed	46.610677	62	0
#SusPed	46.729167	0	0
#SusPed	46.738281	55	0
#SusPed	47.069010	0	0
#SusPed	47.083333	46	0
#SusPed	47.449219	0	0
#SusPed	47.458333	49	0
#SofPed	47.669271	0	0
#SofPed	47.683594	89	0
#SofPed	47.769531	0	0
#SofPed	47.774740	87	0
#SusPed	47.789062	0	0
#SusPed	47.803385	54	0
#SusPed	47.869792	0	0
#SusPed	47.876302	58	0
#SusPed	48.509115	0	0
#SusPed	48.516927	54	0
#SusPed	48.769531	0	0
#SusPed	48.782552	50	0
#SusPed	48.919271	0	0
#SusPed	48.925781	59	0
#SofPed	49.199219	0	0
#SofPed	49.208333	91	0
#SusPed	49.598958	0	0
#SusPed	49.613281	71	0
#SusPed	49.829427	0	0
#SusPed	49.843750	70	0
#SusPed	49.899740	0	0
#SusPed	49.911458	63	0
#SusPed	50.169271	0	0
#SusPed	50.175781	89	0
#SofPed	50.229167	0	0
#SofPed	50.234375	34	0
#SofPed	50.569010	0	0
#SofPed	50.583333	25	0
#SusPed	50.589844	0	0
#SusPed	50.597656	79	0
#SusPed	50.688802	0	0
#SusPed	50.695312	79	0
#SofPed	50.729167	0	0
#SofPed	50.742188	30	0
#SusPed	50.919271	0	0
#SusPed	50.934896	84	0
#SofPed	50.959635	0	0
#SofPed	50.964844	28	0
#SusPed	51.000000	0	0
#SusPed	51.010417	86	0
#SusPed	51.179688	0	0
#SusPed	51.184896	91	0
#SusPed	51.579427	0	0
#SusPed	51.593750	69	0
#SusPed	51.729167	0	0
#SusPed	51.739583	94	0
#SusPed	52.128906	0	0
#SusPed	52.144531	49	0
#SusPed	52.259115	0	0
#SusPed	52.269531	78	0
#SusPed	52.699219	0	0
#SusPed	52.708333	86	0
#SusPed	53.109375	0	0
#SusPed	53.122396	78	0
#SofPed	53.158854	0	0
#SusPed	53.309896	0	0
#SusPed	53.316406	68	0
#SusPed	53.829427	0	0
#SusPed	53.843750	87	0
#SusPed	54.158854	0	0
#SusPed	54.165365	67	0
#SusPed	54.259115	0	0
#SusPed	54.264323	40	0
#SofPed	54.338542	44	0
#SofPed	54.519531	0	0
#SofPed	54.533854	39	0
#SusPed	54.539062	0	0
#SusPed	54.550781	52	0
#SofPed	54.759115	0	0
#SofPed	54.773438	77	0
#SofPed	54.859375	0	0
#SusPed	54.869792	0	0
#SofPed	54.872396	82	0
#SusPed	54.875000	80	0
#SofPed	55.000000	0	0
#SofPed	55.005208	70	0
#SusPed	55.158854	0	0
#SofPed	55.158854	0	0
#SofPed	55.164062	55	0
#SusPed	55.171875	69	0
#SusPed	55.250000	0	0
#SusPed	55.256510	41	0
#SofPed	55.289062	0	0
#SofPed	55.294271	94	0
#SofPed	55.348958	0	0
#SofPed	55.356771	101	0
#SusPed	55.500000	0	0
#SofPed	55.500000	0	0
#SofPed	55.506510	103	0
#SusPed	55.511719	34	0
#SofPed	55.658854	0	0
#SofPed	55.673177	104	0
#SusPed	55.729167	0	0
#SusPed	55.734375	64	0
#SofPed	55.819010	0	0
#SofPed	55.832031	106	0
#SusPed	56.149740	0	0
#SusPed	56.156250	53	0
#SusPed	56.479167	0	0
#SusPed	56.488281	37	0
#SusPed	56.789062	0	0
#SusPed	56.802083	39	0
#SofPed	56.828125	0	0
#SusPed	56.919271	0	0
#SusPed	56.924479	41	0
#SusPed	57.019531	0	0
#SusPed	57.033854	39	0
#SusPed	57.209635	0	0
#SusPed	57.220052	45	0
#SusPed	57.359375	0	0
#SusPed	57.367188	43	0
#SusPed	57.569010	0	0
#SusPed	57.580729	54	0
#SusPed	57.779948	0	0
#SusPed	57.792969	62	0
#SusPed	57.938802	0	0
#SusPed	57.947917	62	0
#SusPed	58.119792	0	0
#SusPed	58.125000	63	0
#SusPed	58.319010	0	0
#SusPed	58.326823	55	0
#SusPed	58.459635	0	0
#SusPed	58.472656	60	0
#SusPed	58.628906	0	0
#SusPed	58.634115	58	0
#SusPed	58.809896	0	0
#SusPed	58.815104	58	0
#SusPed	58.959635	0	0
#SusPed	58.973958	52	0
#SusPed	59.259115	0	0
#SusPed	59.265625	53	0
#SusPed	59.459635	0	0
#SusPed	59.464844	62	0
#SusPed	59.628906	0	0
#SusPed	59.643229	66	0
#SofPed	59.701823	57	0
#SofPed	59.759115	0	0
#SofPed	59.769531	60	0
#SusPed	59.779948	0	0
#SusPed	59.785156	53	0
#SofPed	59.829427	0	0
#SofPed	59.843750	65	0
#SofPed	60.000000	0	0
#SusPed	60.009115	0	0
#SofPed	60.011719	66	0
#SusPed	60.023438	55	0
#SusPed	60.079427	0	0
#SofPed	60.079427	0	0
#SofPed	60.084635	60	0
#SusPed	60.092448	62	0
#SofPed	60.139323	0	0
#SofPed	60.144531	53	0
#SusPed	60.438802	0	0
#SusPed	60.445312	87	0
#SusPed	60.579427	0	0
#SusPed	60.592448	92	0
#SofPed	60.688802	0	0
#SusPed	60.709635	0	0
#SusPed	60.717448	92	0
#SusPed	60.908854	0	0
#SusPed	60.915365	92	0
#SusPed	61.039062	0	0
#SusPed	61.050781	84	0
#SusPed	61.199219	0	0
#SusPed	61.210938	89	0
#SusPed	61.250000	0	0
#SusPed	61.255208	89	0
#SusPed	61.339844	0	0
#SusPed	61.345052	92	0
#SusPed	61.539062	0	0
#SusPed	61.544271	96	0
#SusPed	61.769531	0	0
#SusPed	61.781250	71	0
#SusPed	61.819010	0	0
#SusPed	61.833333	57	0
#SusPed	62.089844	0	0
#SusPed	62.104167	88	0
#SusPed	62.269531	0	0
#SusPed	62.283854	82	0
#SusPed	62.419271	0	0
#SusPed	62.432292	87	0
#SusPed	62.979167	0	0
#SusPed	62.992188	78	0
#SusPed	63.158854	0	0
#SusPed	63.165365	70	0
#SusPed	63.359375	0	0
#SusPed	63.367188	76	0
#SusPed	63.619792	0	0
#SusPed	63.625000	80	0
#SusPed	63.709635	0	0
#SusPed	63.723958	84	0
#SofPed	63.897135	91	0
#SusPed	63.899740	0	0
#SusPed	63.911458	69	0
#SofPed	64.069010	0	0
#SofPed	64.079427	107	0
#SusPed	64.149740	0	0
#SusPed	64.164062	60	0
#SofPed	64.199219	0	0
#SofPed	64.205729	110	0
#SofPed	64.289062	0	0
#SofPed	64.302083	111	0
#SofPed	64.459635	0	0
#SofPed	64.466146	112	0
#SusPed	64.539062	0	0
#SusPed	64.552083	68	0
#SofPed	64.559896	0	0
#SofPed	64.565104	109	0
#SofPed	64.639323	0	0
#SofPed	64.644531	107	0
#SusPed	64.658854	0	0
#SusPed	64.674479	61	0
#SusPed	65.188802	0	0
#SusPed	65.201823	82	0
#SofPed	65.209635	0	0
#SofPed	65.222656	96	0
#SofPed	65.299479	0	0
#SofPed	65.309896	96	0
#SofPed	65.378906	0	0
#SofPed	65.389323	96	0
#SusPed	65.419271	0	0
#SusPed	65.424479	56	0
#SusPed	65.598958	0	0
#SusPed	65.614583	62	0
#SusPed	65.839844	0	0
#SusPed	65.854167	75	0
#SusPed	65.968750	0	0
#SusPed	65.976562	67	0
#SusPed	66.069010	0	0
#SusPed	66.083333	66	0
#SusPed	66.289062	0	0
#SusPed	66.303385	82	0
#SusPed	66.459635	0	0
#SusPed	66.464844	59	0
#SusPed	66.639323	0	0
#SusPed	66.653646	59	0
#SusPed	67.009115	0	0
#SusPed	67.016927	82	0
#SusPed	67.289062	0	0
#SusPed	67.299479	88	0
#SusPed	67.489583	0	0
#SusPed	67.502604	64	0
#SusPed	67.688802	0	0
#SusPed	67.699219	71	0
#SofPed	67.709635	0	0
#SofPed	67.720052	111	0
#SofPed	67.799479	0	0
#SofPed	67.808594	112	0
#SofPed	68.009115	0	0
#SofPed	68.015625	104	0
#SusPed	68.179688	0	0
#SusPed	68.184896	61	0
#SofPed	68.269531	0	0
#SofPed	68.277344	91	0
#SusPed	68.319010	0	0
#SusPed	68.324219	69	0
#SofPed	68.468750	0	0
#SofPed	68.483073	82	0
#SusPed	68.500000	0	0
#SusPed	68.509115	57	0
#SusPed	68.559896	0	0
#SusPed	68.570312	49	0
#SofPed	68.589844	0	0
#SofPed	68.604167	84	0
#SofPed	68.679688	0	0
#SofPed	68.684896	78	0
#SusPed	68.809896	0	0
#SofPed	68.809896	0	0
#SofPed	68.821615	84	0
#SusPed	68.822917	44	0
#SusPed	68.899740	0	0
#SusPed	68.912760	61	0
#SofPed	68.929688	0	0
#SofPed	68.938802	87	0
#SofPed	68.989583	0	0
#SofPed	68.996094	87	0
#SofPed	69.069010	0	0
#SofPed	69.083333	88	0
#SofPed	69.179688	0	0
#SofPed	69.192708	92	0
#SusPed	69.218750	0	0
#SusPed	69.227865	60	0
#SofPed	69.329427	0	0
#SofPed	69.343750	104	0
#SusPed	69.359375	0	0
#SusPed	69.371094	63	0
#SofPed	69.429688	0	0
#SofPed	69.436198	108	0
#SofPed	69.500000	0	0
#SofPed	69.509115	108	0
#SusPed	69.769531	0	0
#SusPed	69.776042	63	0
#SofPed	69.869792	0	0
#SofPed	69.875000	103	0
#SusPed	69.938802	0	0
#SusPed	69.946615	72	0
#SofPed	69.949219	0	0
#SofPed	69.962240	103	0
#SofPed	70.029948	0	0
#SofPed	70.039062	99	0
#SusPed	70.179688	0	0
#SusPed	70.192708	68	0
#SofPed	70.209635	0	0
#SofPed	70.214844	102	0
#SofPed	70.309896	0	0
#SofPed	70.315104	101	0
#SofPed	70.399740	0	0
#SofPed	70.404948	101	0
#SofPed	70.468750	0	0
#SofPed	70.481771	97	0
#SusPed	70.549479	0	0
#SofPed	70.549479	0	0
#SofPed	70.554688	97	0
#SusPed	70.561198	45	0
#SofPed	70.628906	0	0
#SofPed	70.641927	95	0
#SusPed	70.688802	0	0
#SusPed	70.697917	60	0
#SofPed	70.829427	0	0
#SofPed	70.842448	63	0
#SofPed	71.019531	0	0
#SofPed	71.027344	76	0
#SusPed	71.209635	0	0
#SusPed	71.216146	61	0
#SusPed	71.589844	0	0
#SusPed	71.595052	50	0
#SusPed	72.209635	0	0
#SusPed	72.223958	61	0
#SusPed	72.688802	0	0
#SusPed	72.695312	63	0
#SusPed	72.839844	0	0
#SusPed	72.845052	90	0
#SusPed	73.029948	0	0
#SusPed	73.040365	93	0
#SusPed	73.229167	0	0
#SusPed	73.238281	62	0
#SusPed	73.399740	0	0
#SusPed	73.412760	46	0
#SusPed	73.609375	0	0
#SusPed	73.614583	59	0
#SusPed	73.750000	0	0
#SusPed	73.753906	78	0
#SusPed	73.908854	0	0
#SusPed	73.915365	86	0
#SusPed	74.250000	0	0
#SusPed	74.263021	62	0
#SusPed	74.688802	0	0
#SusPed	74.701823	60	0
#SusPed	74.869792	0	0
#SusPed	74.875000	52	0
#SofPed	74.899740	0	0
#SofPed	74.904948	115	0
#SofPed	75.029948	0	0
#SofPed	75.044271	117	0
#SusPed	75.119792	0	0
#SusPed	75.130208	65	0
#SofPed	75.179688	0	0
#SofPed	75.187500	116	0
#SofPed	75.339844	0	0
#SusPed	75.348958	0	0
#SofPed	75.351562	109	0
#SusPed	75.359375	59	0
#SofPed	75.419271	0	0
#SofPed	75.430990	97	0
#SusPed	75.779948	0	0
#SusPed	75.790365	63	0
#SofPed	75.979167	0	0
#SofPed	75.985677	75	0
#SofPed	76.209635	0	0
#SusPed	76.259115	0	0
#SusPed	76.268229	74	0
#SusPed	76.348958	0	0
#SusPed	76.360677	62	0
#SusPed	76.529948	0	0
#SusPed	77.611979	56	0
#SusPed	77.688802	0	0
#SusPed	77.695312	68	0
#SusPed	78.359375	0	0
#SusPed	78.365885	61	0
#SusPed	78.779948	0	0
#SusPed	78.791667	80	0
#SofPed	78.933594	61	0
#SofPed	78.968750	0	0
#SofPed	78.984375	64	0
#SusPed	78.989583	0	0
#SusPed	79.001302	66	0
#SusPed	79.069010	0	0
#SusPed	79.082031	51	0
#SusPed	79.158854	0	0
#SusPed	79.170573	66	0
#SusPed	79.519531	0	0
#SusPed	79.528646	68	0
#SusPed	79.809896	0	0
#SusPed	79.819010	65	0
#SofPed	79.979167	0	0
#SofPed	79.989583	90	0
#SofPed	80.188802	0	0
#SofPed	80.204427	78	0
#SofPed	80.329427	0	0
#SofPed	80.334635	64	0
#SofPed	80.359375	0	0
#SusPed	80.579427	0	0
#SusPed	80.591146	70	0
#SusPed	81.209635	0	0
#SusPed	82.002604	67	0
#SofPed	82.343750	71	0
#SofPed	82.352865	0	0
#SofPed	82.424479	70	0
#SofPed	82.438802	0	0
#SofPed	82.593750	65	0
#SofPed	82.598958	0	0
#SofPed	82.817708	73	0
#SofPed	82.829427	0	0
#SusPed	82.848958	0	0
#SusPed	82.855469	65	0
#SofPed	83.223958	89	0
#SusPed	83.229167	0	0
#SusPed	83.235677	81	0
#SusPed	83.468750	0	0
#SusPed	83.483073	55	0
#SusPed	83.529948	0	0
#SusPed	83.542969	61	0
#SusPed	83.619792	0	0
#SusPed	83.625000	84	0
#SusPed	83.989583	0	0
#SusPed	84.002604	68	0
#SusPed	84.309896	0	0
#SusPed	84.320312	58	0
#SusPed	84.688802	0	0
#SusPed	84.694010	61	0
#SusPed	84.989583	0	0
#SusPed	84.996094	79	0
#SusPed	85.239583	0	0
#SusPed	85.252604	63	0
#SusPed	85.739583	0	0
#SusPed	85.747396	53	0
#SusPed	85.819010	0	0
#SusPed	85.833333	60	0
#SusPed	85.979167	0	0
#SusPed	85.990885	83	0
#SusPed	86.188802	0	0
#SusPed	86.195312	90	0
#SusPed	86.309896	0	0
#SusPed	86.319010	92	0
#SusPed	86.500000	0	0
#SusPed	86.514323	84	0
#SusPed	87.098958	0	0
#SusPed	87.108073	71	0
#SusPed	87.369792	0	0
#SusPed	87.375000	68	0
#SusPed	87.750000	0	0
#SusPed	87.763021	70	0
#SusPed	88.239583	0	0
#SusPed	88.244792	64	0
#SusPed	88.718750	0	0
#SusPed	88.733073	59	0
#SusPed	88.889323	0	0
#SusPed	88.898438	68	0
#SofPed	89.218750	0	0
#SusPed	89.489583	0	0
#SusPed	89.498698	98	0
#SusPed	89.949219	0	0
#SusPed	89.963542	51	0
#SusPed	90.139323	0	0
#SusPed	90.149740	71	0
#SusPed	90.549479	0	0
#SusPed	90.563802	61	0
#SusPed	90.929688	0	0
#SusPed	90.934896	68	0
#SusPed	91.139323	0	0
#SusPed	91.144531	70	0
#SusPed	91.539062	0	0
#SusPed	91.553385	64	0
#SusPed	92.049479	0	0
#SusPed	92.058594	63	0
#SusPed	92.188802	0	0
#SusPed	92.195312	78	0
#SusPed	92.908854	0	0
#SusPed	92.915365	68	0
#SusPed	93.699219	0	0
#SusPed	93.713542	66	0
#SusPed	96.709635	0	0
#SusPed	96.723958	58	0
#SusPed	96.809896	0	0
#SusPed	96.815104	53	0
#SusPed	97.348958	0	0
#SusPed	97.355469	78	0
#SusPed	97.649740	0	0
#SusPed	97.654948	57	0
#SusPed	97.839844	0	0
#SusPed	97.845052	55	0
#SusPed	98.199219	0	0
#SusPed	98.205729	69	0
#SusPed	98.309896	0	0
#SusPed	98.320312	59	0
#SusPed	98.459635	0	0
#SusPed	98.471354	51	0
#SusPed	98.819010	0	0
#SusPed	98.833333	47	0
#SusPed	98.908854	0	0
#SusPed	98.923177	68	0
#SusPed	99.239583	0	0
#SusPed	99.250000	83	0
#SusPed	99.718750	0	0
#SusPed	99.723958	53	0
#SusPed	99.878906	0	0
#SusPed	99.885417	59	0
#SusPed	100.119792	0	0
#SusPed	100.127604	60	0
#SusPed	100.188802	0	0
#SusPed	100.195312	59	0
#SusPed	100.348958	0	0
#SusPed	100.359375	56	0
#SofPed	100.459635	111	0
#SofPed	100.569010	0	0
#SofPed	100.576823	107	0
#SusPed	100.729167	0	0
#SofPed	100.729167	0	0
#SusPed	100.734375	56	0
#SofPed	100.735677	103	0
#SofPed	101.049479	0	0
#SofPed	101.058594	102	0
#SofPed	101.128906	0	0
#SofPed	101.141927	102	0
#SofPed	101.169271	0	0
#SofPed	101.179688	100	0
#SofPed	101.218750	0	0
#SofPed	101.231771	97	0
#SusPed	101.519531	0	0
#SusPed	101.532552	57	0
#SofPed	101.699219	0	0
#SusPed	101.779948	0	0
#SusPed	101.791667	62	0
#SusPed	102.199219	0	0
#SusPed	102.212240	60	0
#SusPed	102.348958	0	0
#SusPed	102.355469	64	0
#SusPed	102.539062	0	0
#SusPed	102.549479	49	0
#SusPed	102.718750	0	0
#SusPed	102.734375	61	0
#SusPed	103.119792	0	0
#SusPed	103.127604	72	0
#SusPed	103.218750	0	0
#SusPed	103.230469	72	0
#SusPed	103.479167	0	0
#SusPed	103.486979	51	0
#SusPed	103.649740	0	0
#SusPed	103.654948	62	0
#SusPed	103.869792	0	0
#SusPed	103.876302	71	0
#SusPed	104.029948	0	0
#SusPed	104.033854	77	0
#SusPed	104.199219	0	0
#SusPed	104.208333	78	0
#SusPed	104.449219	0	0
#SusPed	104.462240	65	0
#SusPed	104.669271	0	0
#SusPed	104.674479	65	0
#SusPed	105.259115	0	0
#SusPed	105.266927	59	0
#SusPed	105.549479	0	0
#SusPed	105.554688	64	0
#SusPed	105.779948	0	0
#SusPed	105.786458	74	0
#SusPed	105.859375	0	0
#SusPed	105.872396	73	0
#SusPed	105.929688	0	0
#SusPed	105.942708	67	0
#SusPed	106.059896	0	0
#SusPed	106.074219	68	0
#SusPed	106.098958	0	0
#SusPed	106.110677	69	0
#SusPed	106.259115	0	0
#SusPed	106.266927	57	0
#SusPed	106.598958	0	0
#SusPed	106.604167	65	0
#SusPed	106.908854	0	0
#SusPed	106.920573	63	0
#SusPed	106.968750	0	0
#SusPed	106.983073	59	0
#SusPed	107.239583	0	0
#SusPed	107.253906	55	0
#SusPed	107.449219	0	0
#SusPed	107.462240	60	0
#SusPed	107.750000	0	0
#SusPed	107.763021	68	0
#SusPed	107.839844	0	0
#SusPed	107.847656	72	0
#SusPed	108.149740	0	0
#SusPed	108.164062	70	0
#SusPed	108.369792	0	0
#SusPed	108.375000	80	0
#SusPed	108.569010	0	0
#SusPed	108.578125	85	0
#SusPed	108.658854	0	0
#SusPed	108.674479	79	0
#SusPed	109.059896	0	0
#SusPed	109.074219	69	0
#SusPed	109.250000	0	0
#SusPed	109.264323	74	0
#SusPed	109.529948	0	0
#SusPed	109.541667	80	0
#SusPed	109.579427	0	0
#SusPed	109.587240	67	0
#SusPed	109.628906	0	0
#SusPed	109.641927	76	0
#SusPed	109.729167	0	0
#SusPed	109.735677	85	0
#SusPed	109.919271	0	0
#SusPed	109.929688	65	0
#SusPed	110.199219	0	0
#SusPed	110.210938	72	0
#SusPed	110.399740	0	0
#SusPed	110.407552	81	0
#SusPed	110.479167	0	0
#SusPed	110.493490	68	0
#SusPed	110.579427	0	0
#SusPed	110.593750	66	0
#SusPed	110.639323	0	0
#SusPed	110.647135	72	0
#SusPed	110.839844	0	0
#SusPed	110.845052	60	0
#SusPed	111.019531	0	0
#SusPed	111.032552	71	0
#SusPed	111.259115	0	0
#SusPed	111.273438	61	0
#SofPed	111.471354	64	0
#SofPed	111.549479	0	0
#SofPed	111.557292	62	0
#SofPed	111.628906	0	0
#SofPed	111.635417	56	0
#SusPed	111.639323	0	0
#SusPed	111.652344	50	0
#SusPed	111.729167	0	0
#SusPed	111.742188	46	0
#SusPed	112.299479	0	0
#SusPed	112.308594	54	0
#SusPed	112.468750	0	0
#SusPed	112.475260	51	0
#SofPed	112.509115	0	0
#SofPed	112.523438	57	0
#SofPed	112.679688	0	0
#SofPed	112.687500	57	0
#SusPed	112.688802	0	0
#SusPed	112.700521	59	0
#SusPed	112.899740	0	0
#SusPed	112.914062	65	0
#SusPed	112.979167	0	0
#SusPed	112.992188	66	0
#SusPed	113.089844	0	0
#SusPed	113.095052	63	0
#SusPed	114.408854	0	0
#SusPed	114.423177	54	0
#SusPed	114.519531	0	0
#SusPed	114.524740	53	0
#SofPed	115.500000	0	0
#SofPed	115.505208	78	0
#SofPed	115.579427	0	0
#SofPed	115.593750	74	0
#SofPed	115.679688	0	0
#SofPed	115.692708	64	0
#SofPed	115.750000	0	0
#SofPed	115.759115	60	0
#SofPed	115.929688	0	0
#SofPed	115.938802	56	0
#SofPed	116.079427	0	0
#SofPed	116.085938	47	0
#SofPed	116.179688	0	0
#SofPed	116.184896	43	0
#SofPed	116.419271	0	0
#SofPed	117.510417	55	0
#SofPed	117.639323	0	0
#SofPed	117.653646	73	0
#SofPed	117.699219	0	0
#SofPed	117.704427	76	0
#SusPed	119.459635	0	0
#SusPed	119.472656	63	0
#SofPed	120.399740	0	0
#SofPed	120.412760	53	0
#SusPed	120.658854	0	0
#SusPed	120.674479	82	0
#SusPed	120.759115	0	0
#SusPed	120.764323	70	0
#SusPed	120.979167	0	0
#SusPed	120.992188	55	0
#SofPed	121.429688	0	0
#SofPed	121.441406	64	0
#SusPed	121.459635	0	0
#SusPed	121.473958	62	0
#SofPed	121.579427	0	0
#SofPed	121.584635	65	0
#SusPed	121.789062	0	0
#SusPed	121.799479	63	0
#SusPed	122.119792	0	0
#SusPed	122.127604	54	0
#SusPed	122.438802	0	0
#SusPed	122.445312	53	0
#SusPed	122.839844	0	0
#SusPed	122.846354	60	0
#SofPed	122.869792	0	0
#SofPed	122.875000	70	0
#SofPed	122.929688	0	0
#SofPed	122.944010	64	0
#SofPed	123.069010	0	0
#SofPed	123.075521	48	0
#SusPed	123.199219	0	0
#SusPed	123.207031	64	0
#SofPed	123.269531	0	0
#SofPed	123.276042	39	0
#SusPed	123.500000	0	0
#SusPed	123.511719	53	0
#SofPed	123.529948	0	0
#SofPed	123.544271	45	0
#SofPed	123.829427	0	0
#SofPed	123.842448	62	0
#SusPed	123.889323	0	0
#SusPed	123.903646	51	0
#SusPed	123.929688	0	0
#SusPed	123.944010	53	0
#SofPed	124.000000	0	0
#SofPed	124.013021	82	0
#SusPed	124.209635	0	0
#SusPed	124.217448	68	0
#SofPed	124.529948	0	0
#SofPed	124.535156	93	0
#SusPed	124.609375	0	0
#SusPed	124.621094	60	0
#SusPed	124.859375	0	0
#SusPed	124.873698	60	0
#SofPed	125.000000	0	0
#SofPed	125.014323	77	0
#SofPed	125.169271	0	0
#SofPed	125.183594	82	0
#SofPed	125.229167	0	0
#SofPed	125.238281	85	0
#SofPed	125.299479	0	0
#SofPed	125.305990	86	0
#SusPed	125.329427	0	0
#SusPed	125.343750	72	0
#SofPed	125.359375	0	0
#SofPed	125.367188	86	0
#SofPed	125.429688	0	0
#SofPed	125.438802	86	0
#SofPed	125.489583	0	0
#SofPed	125.501302	87	0
#SofPed	125.549479	0	0
#SofPed	125.563802	88	0
#SusPed	125.609375	0	0
#SofPed	125.609375	0	0
#SofPed	125.615885	88	0
#SusPed	125.623698	72	0
#SofPed	125.688802	0	0
#SofPed	125.704427	90	0
#SusPed	125.819010	0	0
#SofPed	125.829427	0	0
#SusPed	125.833333	66	0
#SofPed	125.838542	86	0
#SofPed	125.949219	0	0
#SofPed	125.957031	89	0
#SusPed	126.000000	0	0
#SusPed	126.014323	62	0
#SofPed	126.019531	0	0
#SofPed	126.033854	89	0
#SusPed	126.109375	0	0
#SusPed	126.114583	65	0
#SusPed	126.239583	0	0
#SusPed	126.244792	72	0
#SusPed	126.628906	0	0
#SusPed	126.635417	63	0
#SusPed	126.699219	0	0
#SusPed	126.705729	53	0
#SusPed	126.839844	0	0
#SusPed	126.845052	56	0
#SusPed	126.929688	0	0
#SusPed	126.936198	70	0
#SofPed	127.019531	0	0
#SofPed	127.026042	46	0
#SusPed	127.179688	0	0
#SusPed	127.190104	80	0
#SusPed	127.329427	0	0
#SusPed	127.342448	78	0
#SusPed	127.598958	0	0
#SusPed	127.605469	79	0
#SusPed	127.829427	0	0
#SusPed	127.837240	77	0
#SusPed	127.959635	0	0
#SusPed	127.964844	69	0
#SusPed	128.139323	0	0
#SusPed	128.144531	65	0
#SusPed	128.269531	0	0
#SusPed	128.276042	69	0
#SusPed	128.789062	0	0
#SusPed	128.795573	68	0
#SusPed	129.029948	0	0
#SusPed	129.033854	62	0
#SusPed	129.429688	0	0
#SusPed	129.438802	76	0
#SusPed	129.759115	0	0
#SusPed	129.772135	66	0
#SusPed	129.829427	0	0
#SusPed	129.843750	58	0
#SusPed	130.139323	0	0
#SusPed	130.147135	57	0
#SusPed	130.378906	0	0
#SusPed	130.386719	64	0
#SusPed	130.509115	0	0
#SusPed	130.514323	59	0
#SusPed	130.649740	0	0
#SusPed	130.662760	57	0
#SusPed	130.839844	0	0
#SusPed	130.851562	52	0
#SofPed	130.919271	0	0
#SusPed	131.438802	0	0
#SusPed	131.454427	68	0
#SusPed	131.519531	0	0
#SusPed	131.524740	68	0
#SusPed	132.039062	0	0
#SusPed	132.052083	68	0
#SusPed	132.438802	0	0
#SusPed	132.454427	75	0
#SofPed	132.549479	31	0
#SofPed	132.628906	0	0
#SofPed	132.634115	40	0
#SusPed	132.639323	0	0
#SusPed	132.645833	88	0
#SofPed	132.989583	0	0
#SusPed	133.019531	0	0
#SusPed	133.026042	62	0
#SusPed	133.139323	0	0
#SusPed	133.152344	63	0
#SusPed	133.389323	0	0
#SusPed	133.402344	68	0
#SusPed	133.468750	0	0
#SusPed	133.481771	71	0
#SusPed	133.989583	0	0
#SusPed	134.003906	69	0
#SusPed	134.139323	0	0
#SusPed	134.147135	60	0
#SusPed	135.000000	0	0
#SusPed	135.014323	76	0
#SusPed	135.899740	0	0
#SusPed	135.907552	68	0
#SusPed	136.000000	0	0
#SusPed	136.013021	69	0
#SusPed	136.169271	0	0
#SusPed	136.175781	87	0
#SusPed	136.829427	0	0
#SusPed	136.842448	62	0
#SusPed	136.929688	0	0
#SusPed	136.934896	73	0
#SusPed	137.809896	0	0
#SusPed	137.815104	59	0
#SusPed	137.878906	0	0
#SusPed	137.891927	68	0
#SusPed	138.709635	0	0
#SusPed	138.716146	60	0
#SusPed	138.809896	0	0
#SusPed	138.817708	77	0
#SusPed	139.628906	0	0
#SusPed	139.636719	65	0
#SusPed	139.729167	0	0
#SusPed	139.735677	84	0
#SusPed	140.598958	0	0
#SusPed	140.613281	57	0
#SusPed	140.679688	0	0
#SusPed	140.692708	68	0
#SusPed	140.949219	0	0
#SusPed	140.963542	89	0
#SusPed	143.139323	0	0
#SusPed	143.148438	67	0
#SofPed	143.304688	49	0
#SusPed	143.378906	0	0
#SusPed	143.386719	43	0
#SofPed	143.639323	0	0
#SofPed	143.648438	62	0
#SusPed	143.739583	0	0
#SusPed	143.753906	57	0
#SusPed	143.949219	0	0
#SusPed	143.962240	62	0
#SusPed	144.098958	0	0
#SusPed	144.110677	57	0
#SusPed	144.239583	0	0
#SusPed	144.247396	56	0
#SusPed	144.399740	0	0
#SusPed	144.412760	52	0
#SusPed	144.438802	0	0
#SusPed	144.446615	48	0
#SusPed	144.598958	0	0
#SusPed	144.614583	55	0
#SusPed	144.829427	0	0
#SusPed	144.837240	61	0
#SusPed	144.919271	0	0
#SusPed	144.933594	66	0
#SusPed	145.098958	0	0
#SusPed	145.110677	65	0
#SusPed	145.259115	0	0
#SusPed	145.265625	65	0
#SusPed	145.438802	0	0
#SusPed	145.447917	74	0
#SusPed	145.579427	0	0
#SusPed	145.593750	61	0
#SofPed	145.669271	0	0
#SofPed	145.683594	53	0
#SusPed	145.779948	0	0
#SusPed	145.785156	59	0
#SusPed	145.869792	0	0
#SusPed	145.876302	58	0
#SusPed	146.059896	0	0
#SusPed	146.074219	57	0
#SusPed	146.468750	0	0
#SusPed	146.476562	53	0
#SusPed	146.759115	0	0
#SusPed	146.765625	69	0
#SusPed	147.419271	0	0
#SusPed	147.432292	63	0
#SusPed	147.509115	0	0
#SusPed	147.515625	60	0
#SusPed	147.609375	0	0
#SusPed	147.618490	55	0
#SusPed	147.839844	0	0
#SusPed	147.852865	57	0
#SusPed	147.878906	0	0
#SusPed	147.891927	61	0
#SusPed	148.019531	0	0
#SusPed	148.026042	76	0
#SusPed	148.589844	0	0
#SusPed	148.596354	52	0
#SusPed	148.779948	0	0
#SusPed	148.789062	63	0
#SusPed	149.250000	0	0
#SusPed	149.264323	93	0
#SusPed	149.559896	0	0
#SusPed	149.565104	66	0
#SusPed	149.859375	0	0
#SusPed	149.869792	63	0
#SusPed	150.468750	0	0
#SusPed	150.484375	71	0
#SusPed	150.679688	0	0
#SusPed	150.692708	80	0
#SusPed	150.929688	0	0
#SusPed	150.934896	89	0
#SusPed	151.500000	0	0
#SusPed	151.511719	79	0
#SusPed	151.658854	0	0
#SusPed	151.669271	75	0
#SofPed	151.679688	0	0
#SusPed	151.949219	0	0
#SusPed	151.954427	61	0
#SusPed	152.119792	0	0
#SusPed	152.128906	51	0
#SusPed	152.309896	0	0
#SusPed	152.319010	55	0
#SusPed	152.369792	0	0
#SusPed	152.382812	61	0
#SusPed	152.509115	0	0
#SusPed	152.522135	77	0
#SofPed	152.708333	65	0
#SusPed	152.750000	0	0
#SusPed	152.761719	62	0
#SofPed	153.279948	0	0
#SofPed	153.294271	37	0
#SusPed	153.329427	0	0
#SusPed	153.343750	67	0
#SofPed	153.419271	0	0
#SofPed	153.433594	40	0
#SofPed	153.598958	0	0
#SofPed	153.611979	50	0
#SusPed	153.639323	0	0
#SusPed	153.644531	73	0
#SofPed	153.729167	0	0
#SofPed	153.738281	57	0
#SusPed	153.829427	0	0
#SusPed	153.841146	53	0
#SusPed	153.869792	0	0
#SofPed	153.869792	0	0
#SusPed	153.876302	53	0
#SofPed	153.884115	54	0
#SofPed	153.929688	0	0
#SofPed	153.942708	53	0
#SusPed	154.019531	0	0
#SusPed	154.031250	44	0
#SofPed	154.049479	0	0
#SusPed	154.089844	0	0
#SusPed	154.102865	44	0
#SusPed	154.319010	0	0
#SusPed	154.332031	40	0
#SusPed	154.438802	0	0
#SusPed	154.445312	39	0
#SusPed	154.679688	0	0
#SusPed	154.690104	82	0
#SusPed	154.899740	0	0
#SusPed	154.914062	75	0
#SusPed	155.199219	0	0
#SusPed	155.205729	69	0
#SusPed	155.769531	0	0
#SusPed	155.781250	88	0
#SusPed	155.908854	0	0
#SusPed	155.916667	74	0
#SofPed	156.039062	67	0
#SofPed	156.069010	0	0
#SofPed	156.074219	66	0
#SofPed	156.279948	0	0
#SofPed	156.292969	85	0
#SusPed	156.449219	0	0
#SusPed	156.454427	81	0
#SofPed	156.468750	0	0
#SofPed	156.480469	109	0
#SusPed	156.769531	0	0
#SusPed	156.782552	49	0
#SofPed	156.819010	0	0
#SofPed	156.832031	112	0
#SusPed	157.269531	0	0
#SusPed	157.277344	74	0
#SusPed	157.968750	0	0
#SusPed	157.979167	70	0
#SofPed	158.158854	0	0
#SofPed	158.174479	77	0
#SusPed	158.209635	0	0
#SusPed	158.223958	63	0
#SofPed	158.449219	0	0
#SusPed	158.559896	0	0
#SusPed	158.566406	45	0
#SusPed	158.819010	0	0
#SusPed	158.832031	29	0
#SusPed	158.938802	0	0
#SusPed	158.949219	53	0
#SusPed	159.209635	0	0
#SusPed	159.214844	90	0
#SusPed	159.529948	0	0
#SusPed	159.536458	64	0
#SusPed	159.679688	0	0
#SusPed	159.692708	85	0
#SusPed	159.809896	0	0
#SusPed	159.824219	71	0
#SusPed	160.128906	0	0
#SusPed	160.135417	81	0
#SusPed	160.399740	0	0
#SusPed	160.406250	76	0
#SofPed	160.473958	65	0
#SofPed	160.750000	0	0
#SofPed	160.761719	58	0
#SusPed	160.938802	0	0
#SusPed	160.946615	66	0
#SofPed	160.949219	0	0
#SofPed	160.960938	55	0
#SusPed	161.199219	0	0
#SofPed	161.199219	0	0
#SusPed	161.212240	70	0
#SofPed	161.213542	55	0
#SusPed	161.479167	0	0
#SusPed	161.484375	85	0
#SusPed	161.769531	0	0
#SusPed	161.783854	73	0
#SusPed	162.009115	0	0
#SusPed	162.023438	65	0
#SusPed	162.229167	0	0
#SusPed	162.240885	59	0
#SusPed	162.549479	0	0
#SusPed	162.559896	71	0
#SofPed	162.839844	0	0
#SofPed	162.851562	44	0
#SusPed	162.878906	0	0
#SusPed	162.891927	67	0
#SofPed	163.049479	0	0
#SofPed	163.063802	36	0
#SusPed	163.149740	0	0
#SusPed	163.164062	53	0
#SusPed	163.199219	0	0
#SofPed	163.199219	0	0
#SofPed	163.213542	37	0
#SusPed	163.214844	55	0
#SofPed	163.579427	0	0
#SofPed	163.587240	61	0
#SusPed	163.589844	0	0
#SusPed	163.595052	63	0
#SusPed	164.209635	0	0
#SusPed	164.217448	56	0
#SusPed	164.339844	0	0
#SusPed	164.354167	51	0
#SusPed	164.549479	0	0
#SofPed	164.559896	0	0
#SusPed	164.563802	55	0
#SofPed	164.570312	20	0
#SusPed	164.848958	0	0
#SusPed	164.859375	55	0
#SofPed	164.859375	0	0
#SofPed	164.865885	22	0
#SofPed	164.979167	0	0
#SofPed	164.992188	26	0
#SofPed	165.019531	0	0
#SofPed	165.027344	27	0
#SofPed	165.239583	0	0
#SofPed	165.252604	39	0
#SusPed	165.378906	0	0
#SusPed	165.390625	52	0
#SofPed	165.399740	0	0
#SofPed	165.406250	44	0
#SusPed	165.468750	0	0
#SusPed	165.483073	50	0
#SofPed	165.649740	0	0
#SofPed	165.654948	38	0
#SofPed	165.729167	0	0
#SofPed	165.740885	40	0
#SofPed	165.819010	0	0
#SofPed	165.833333	41	0
#SusPed	165.878906	0	0
#SusPed	165.886719	58	0
#SofPed	166.029948	0	0
#SofPed	166.042969	41	0
#SusPed	166.378906	0	0
#SusPed	166.390625	55	0
#SofPed	166.399740	0	0
#SofPed	166.411458	24	0
#SusPed	166.718750	0	0
#SusPed	166.734375	55	0
#SusPed	166.839844	0	0
#SusPed	166.851562	53	0
#SofPed	166.949219	0	0
#SofPed	166.963542	41	0
#SofPed	167.059896	0	0
#SofPed	167.071615	53	0
#SusPed	167.098958	0	0
#SusPed	167.104167	68	0
#SofPed	167.109375	0	0
#SofPed	167.117188	55	0
#SusPed	167.429688	0	0
#SofPed	167.429688	0	0
#SofPed	167.442708	45	0
#SusPed	167.444010	65	0
#SusPed	167.809896	0	0
#SofPed	167.819010	0	0
#SusPed	167.821615	50	0
#SofPed	167.826823	68	0
#SofPed	167.859375	0	0
#SofPed	167.872396	67	0
#SusPed	168.139323	0	0
#SusPed	168.145833	46	0
#SofPed	168.149740	0	0
#SofPed	168.157552	62	0
#SofPed	168.250000	0	0
#SofPed	168.257812	75	0
#SusPed	168.569010	0	0
#SusPed	168.574219	50	0
#SusPed	168.869792	0	0
#SusPed	168.878906	51	0
#SusPed	169.019531	0	0
#SusPed	169.028646	66	0
#SusPed	169.259115	0	0
#SusPed	169.264323	86	0
#SusPed	169.299479	0	0
#SusPed	169.312500	88	0
#SusPed	169.699219	0	0
#SusPed	169.704427	72	0
#SusPed	170.449219	0	0
#SusPed	170.457031	57	0
#SusPed	171.128906	0	0
#SusPed	171.136719	64	0
#SusPed	171.500000	0	0
#SusPed	171.503906	62	0
#SusPed	171.968750	0	0
#SusPed	171.976562	74	0
#SofPed	172.750000	0	0
#SofPed	172.764323	78	0
#SusPed	173.419271	0	0
#SusPed	173.432292	65	0
#SofPed	173.449219	0	0
#SofPed	173.463542	48	0
#SusPed	173.539062	0	0
#SusPed	173.546875	61	0
#SofPed	173.709635	0	0
#SofPed	173.720052	75	0
#SusPed	173.759115	0	0
#SusPed	173.773438	51	0
#SofPed	173.839844	0	0
#SofPed	173.852865	83	0
#SusPed	173.989583	0	0
#SusPed	173.994792	63	0
#SusPed	174.259115	0	0
#SusPed	174.272135	64	0
#SusPed	174.449219	0	0
#SusPed	174.463542	62	0
#SusPed	174.809896	0	0
#SusPed	174.822917	72	0
#SusPed	175.419271	0	0
#SusPed	175.433594	71	0
#SusPed	175.709635	0	0
#SusPed	175.721354	64	0
#SusPed	176.139323	0	0
#SusPed	176.144531	78	0
#SusPed	176.218750	0	0
#SusPed	176.226562	77	0
#SusPed	176.579427	0	0
#SusPed	176.592448	67	0
#SusPed	176.938802	0	0
#SusPed	176.953125	61	0
#SofPed	177.139323	0	0
#SofPed	177.149740	56	0
#SofPed	177.319010	0	0
#SofPed	177.324219	50	0
#SusPed	177.529948	0	0
#SusPed	177.536458	59	0
#SofPed	177.549479	0	0
#SofPed	177.562500	66	0
#SusPed	177.688802	0	0
#SusPed	177.694010	58	0
#SusPed	178.019531	0	0
#SusPed	178.029948	68	0
#SofPed	178.119792	0	0
#SusPed	178.289062	0	0
#SusPed	178.295573	86	0
#SusPed	178.649740	0	0
#SusPed	178.656250	68	0
#SusPed	178.889323	0	0
#SusPed	178.898438	79	0
#SusPed	179.239583	0	0
#SusPed	179.247396	83	0
#SusPed	179.769531	0	0
#SusPed	179.783854	91	0
#SusPed	180.128906	0	0
#SusPed	180.141927	72	0
#SofPed	180.279948	47	0
#SusPed	180.519531	0	0
#SusPed	180.526042	65	0
#SofPed	180.579427	0	0
#SofPed	180.584635	77	0
#SusPed	180.718750	0	0
#SusPed	180.731771	66	0
#SofPed	180.789062	0	0
#SofPed	180.795573	100	0
#SusPed	181.079427	0	0
#SusPed	181.092448	70	0
#SusPed	181.459635	0	0
#SusPed	181.470052	62	0
#SusPed	181.919271	0	0
#SusPed	181.927083	76	0
#SusPed	181.968750	0	0
#SusPed	181.983073	72	0
#SusPed	182.319010	0	0
#SusPed	182.334635	63	0
#SusPed	182.989583	0	0
#SusPed	182.994792	71	0
#SusPed	183.429688	0	0
#SusPed	183.442708	69	0
#SusPed	183.979167	0	0
#SusPed	183.985677	66	0
#SusPed	184.979167	0	0
#SusPed	184.992188	53	0
#SusPed	185.139323	0	0
#SusPed	185.145833	54	0
#SusPed	185.408854	0	0
#SusPed	185.417969	62	0
#SusPed	185.829427	0	0
#SusPed	185.837240	55	0
#SusPed	186.500000	0	0
#SusPed	186.509115	64	0
#SofPed	186.799479	0	0
#SusPed	186.959635	0	0
#SusPed	186.966146	62	0
#SusPed	187.218750	0	0
#SusPed	187.230469	60	0
#SusPed	187.559896	0	0
#SusPed	187.572917	55	0
#SusPed	187.709635	0	0
#SusPed	187.714844	82	0
#SusPed	188.089844	0	0
#SusPed	188.102865	64	0
#SusPed	188.289062	0	0
#SusPed	188.304688	56	0
#SusPed	188.718750	0	0
#SusPed	188.734375	60	0
#SusPed	189.179688	0	0
#SusPed	189.187500	61	0
#SusPed	189.419271	0	0
#SusPed	189.433594	39	0
#SusPed	189.848958	0	0
#SusPed	189.855469	94	0
#SusPed	190.559896	0	0
#SusPed	190.574219	86	0
#SusPed	190.809896	0	0
#SusPed	190.821615	76	0
#SusPed	191.079427	0	0
#SusPed	191.091146	67	0
#SusPed	191.319010	0	0
#SusPed	191.330729	50	0
#SusPed	191.359375	0	0
#SusPed	191.372396	51	0
#SusPed	191.468750	0	0
#SusPed	191.480469	53	0
#SusPed	191.549479	0	0
#SusPed	191.561198	52	0
#SusPed	191.619792	0	0
#SusPed	191.626302	54	0
#SusPed	191.779948	0	0
#SusPed	191.794271	48	0
#SusPed	191.919271	0	0
#SusPed	191.925781	49	0
#SusPed	192.049479	0	0
#SusPed	192.057292	51	0
#SusPed	192.598958	0	0
#SusPed	192.605469	45	0
#SusPed	193.049479	0	0
#SusPed	193.055990	81	0
#SusPed	193.289062	0	0
#SusPed	193.296875	68	0
#SusPed	193.609375	0	0
#SusPed	193.614583	56	0
#SusPed	194.009115	0	0
#SusPed	194.020833	86	0
#SofPed	195.330729	35	0
#SofPed	195.389323	0	0
#SusPed	195.399740	0	0
#SofPed	195.403646	43	0
#SusPed	195.406250	55	0
#SofPed	195.449219	0	0
#SofPed	195.454427	52	0
#SofPed	195.529948	0	0
#SofPed	195.540365	60	0
#SofPed	195.609375	0	0
#SofPed	195.622396	70	0
#SofPed	195.679688	0	0
#SofPed	195.687500	79	0
#SusPed	195.709635	0	0
#SusPed	195.714844	32	0
#SofPed	195.819010	0	0
#SofPed	195.826823	84	0
#SofPed	195.869792	0	0
#SofPed	195.881510	78	0
#SusPed	195.908854	0	0
#SusPed	195.923177	41	0
#SofPed	196.488281	0	0
#SusPed	196.539062	0	0
#SusPed	196.553385	45	0
#SusPed	196.938802	0	0
#SusPed	196.944010	74	0
#SofPed	197.104167	89	0
#SusPed	197.119792	0	0
#SusPed	197.132812	77	0
#SusPed	197.769531	0	0
#SusPed	197.774740	58	0
#SusPed	198.139323	0	0
#SusPed	198.152344	62	0
#SusPed	198.459635	0	0
#SusPed	198.470052	84	0
#SusPed	198.718750	0	0
#SusPed	198.730469	78	0
#SusPed	198.949219	0	0
#SusPed	198.955729	79	0
#SusPed	199.269531	0	0
#SusPed	199.282552	56	0
#SusPed	199.579427	0	0
#SusPed	199.591146	59	0
#SusPed	199.989583	0	0
#SusPed	200.000000	50	0
#SusPed	200.098958	0	0
#SusPed	200.110677	59	0
#SusPed	200.598958	0	0
#SusPed	200.614583	75	0
#SusPed	200.769531	0	0
#SusPed	200.783854	62	0
#SusPed	201.098958	0	0
#SusPed	201.113281	67	0
#SofPed	201.169271	0	0
#SofPed	201.183594	74	0
#SofPed	201.549479	0	0
#SofPed	201.559896	65	0
#SusPed	201.739583	0	0
#SusPed	201.744792	63	0
#SusPed	201.968750	0	0
#SofPed	201.979167	0	0
#SusPed	201.981771	66	0
#SofPed	201.986979	63	0
#SofPed	202.019531	0	0
#SofPed	202.024740	65	0
#SofPed	202.069010	0	0
#SofPed	202.075521	66	0
#SofPed	202.209635	0	0
#SusPed	203.489583	0	0
#SusPed	203.501302	65	0
#SusPed	203.628906	0	0
#SusPed	203.639323	82	0
#SusPed	203.869792	0	0
#SusPed	203.875000	72	0
#SusPed	203.908854	0	0
#SusPed	203.917969	96	0
#SusPed	204.539062	0	0
#SusPed	204.545573	77	0
#SusPed	204.899740	0	0
#SusPed	204.904948	85	0
#SusPed	205.429688	0	0
#SusPed	205.434896	82	0
#SusPed	205.649740	0	0
#SusPed	205.661458	67	0
#SusPed	205.848958	0	0
#SusPed	205.856771	64	0
#SusPed	205.979167	0	0
#SusPed	205.985677	58	0
#SusPed	206.199219	0	0
#SusPed	206.209635	71	0
#SusPed	206.718750	0	0
#SusPed	206.731771	58	0
#SusPed	206.899740	0	0
#SusPed	206.911458	79	0
#SusPed	207.209635	0	0
#SusPed	207.221354	61	0
#SusPed	207.699219	0	0
#SusPed	207.705729	50	0
#SusPed	207.938802	0	0
#SusPed	207.946615	33	0
#SusPed	208.059896	0	0
#SusPed	208.065104	36	0
#SusPed	208.119792	0	0
#SusPed	208.134115	37	0
#SusPed	208.289062	0	0
#SusPed	208.296875	43	0
#SusPed	208.419271	0	0
#SusPed	208.432292	37	0
#SusPed	208.619792	0	0
#SusPed	208.627604	89	0
#SusPed	208.699219	0	0
#SusPed	208.713542	77	0
#SusPed	208.908854	0	0
#SusPed	208.914062	44	0
#SusPed	208.989583	0	0
#SusPed	208.997396	44	0
#SusPed	209.218750	0	0
#SusPed	209.226562	40	0
#SusPed	209.378906	0	0
#SusPed	209.393229	43	0
#SusPed	209.539062	0	0
#SusPed	209.544271	69	0
#SusPed	209.619792	0	0
#SusPed	209.632812	60	0
#SusPed	209.769531	0	0
#SusPed	209.781250	39	0
#SusPed	210.009115	0	0
#SusPed	210.014323	52	0
#SusPed	210.259115	0	0
#SusPed	210.265625	50	0
#SusPed	210.438802	0	0
#SusPed	210.446615	56	0
#SusPed	210.619792	0	0
#SusPed	210.625000	44	0
#SusPed	210.688802	0	0
#SusPed	210.701823	41	0
#SusPed	210.938802	0	0
#SusPed	210.954427	51	0
#SusPed	211.139323	0	0
#SusPed	211.152344	39	0
#SusPed	211.279948	0	0
#SofPed	211.279948	72	0
#SusPed	211.292969	41	0
#SusPed	211.449219	0	0
#SusPed	211.454427	48	0
#SofPed	211.479167	0	0
#SofPed	211.486979	62	0
#SusPed	211.569010	0	0
#SusPed	211.580729	72	0
#SofPed	211.628906	0	0
#SofPed	211.641927	75	0
#SusPed	211.729167	0	0
#SusPed	211.736979	74	0
#SofPed	211.769531	0	0
#SofPed	211.782552	65	0
#SusPed	211.819010	0	0
#SusPed	211.830729	74	0
#SusPed	211.869792	0	0
#SusPed	211.882812	80	0
#SusPed	211.959635	0	0
#SusPed	211.966146	85	0
#SusPed	212.019531	0	0
#SusPed	212.027344	81	0
#SusPed	212.098958	0	0
#SusPed	212.106771	83	0
#SusPed	212.179688	0	0
#SusPed	212.186198	83	0
#SofPed	212.199219	0	0
#SusPed	212.250000	0	0
#SusPed	212.264323	80	0
#SusPed	212.319010	0	0
#SusPed	212.328125	68	0
#SusPed	212.408854	0	0
#SusPed	212.417969	76	0
#SusPed	212.468750	0	0
#SusPed	212.484375	72	0
#SusPed	212.569010	0	0
#SusPed	212.576823	77	0
#SusPed	212.709635	0	0
#SusPed	212.714844	76	0
#SusPed	212.859375	0	0
#SusPed	212.864583	81	0
#SusPed	213.059896	0	0
#SusPed	213.065104	56	0
#SusPed	213.179688	0	0
#SusPed	213.191406	69	0
#SusPed	215.269531	0	0
#SusPed	215.283854	62	0
#SusPed	215.438802	0	0
#SusPed	215.445312	73	0
#SusPed	215.779948	0	0
#SusPed	215.792969	58	0
#SusPed	215.889323	0	0
#SusPed	215.894531	61	0
#SusPed	216.489583	0	0
#SusPed	216.503906	96	0
#SusPed	216.739583	0	0
#SusPed	216.752604	68	0
#SusPed	216.899740	0	0
#SusPed	216.911458	68	0
#SusPed	217.519531	0	0
#SusPed	217.532552	90	0
#SusPed	217.579427	0	0
#SusPed	217.584635	87	0
#SofPed	217.600260	47	0
#SusPed	217.718750	0	0
#SusPed	217.725260	61	0
#SofPed	217.729167	0	0
#SofPed	217.736979	56	0
#SofPed	217.829427	0	0
#SofPed	217.841146	65	0
#SusPed	217.929688	0	0
#SofPed	217.929688	0	0
#SusPed	217.934896	69	0
#SofPed	217.937500	74	0
#SofPed	218.128906	0	0
#SofPed	218.143229	77	0
#SofPed	218.239583	0	0
#SofPed	218.246094	77	0
#SusPed	218.399740	0	0
#SusPed	218.407552	99	0
#SusPed	218.459635	0	0
#SusPed	218.471354	97	0
#SusPed	218.529948	0	0
#SusPed	218.542969	97	0
#SusPed	218.589844	0	0
#SusPed	218.596354	98	0
#SusPed	218.799479	0	0
#SusPed	218.805990	64	0
#SusPed	218.938802	0	0
#SusPed	218.953125	61	0
#SusPed	218.989583	0	0
#SusPed	218.996094	76	0
#SofPed	219.019531	0	0
#SofPed	219.027344	80	0
#SofPed	219.089844	0	0
#SofPed	219.104167	75	0
#SofPed	219.128906	0	0
#SofPed	219.138021	72	0
#SusPed	219.459635	0	0
#SusPed	219.470052	70	0
#SusPed	219.579427	0	0
#SusPed	219.584635	65	0
#SofPed	219.669271	0	0
#SofPed	219.682292	49	0
#SusPed	219.779948	0	0
#SusPed	219.787760	63	0
#SofPed	219.799479	0	0
#SofPed	219.804688	48	0
#SusPed	219.869792	0	0
#SusPed	219.880208	76	0
#SofPed	219.899740	0	0
#SofPed	219.904948	41	0
#SofPed	219.968750	0	0
#SofPed	219.983073	39	0
#SofPed	220.109375	0	0
#SofPed	220.117188	34	0
#SusPed	220.149740	0	0
#SusPed	220.164062	70	0
#SusPed	220.199219	0	0
#SusPed	220.205729	93	0
#SofPed	220.279948	0	0
#SofPed	220.291667	31	0
#SusPed	220.438802	0	0
#SusPed	220.453125	54	0
#SofPed	220.468750	0	0
#SofPed	220.476562	44	0
#SusPed	220.569010	0	0
#SusPed	220.583333	70	0
#SofPed	220.609375	0	0
#SofPed	220.615885	64	0
#SofPed	220.699219	0	0
#SofPed	220.707031	76	0
#SusPed	220.848958	0	0
#SusPed	220.863281	98	0
#SofPed	220.899740	0	0
#SofPed	220.908854	95	0
#SofPed	220.989583	0	0
#SofPed	220.997396	94	0
#SofPed	221.039062	0	0
#SofPed	221.054688	93	0
#SusPed	221.169271	0	0
#SusPed	221.180990	83	0
#SofPed	221.199219	0	0
#SofPed	221.204427	80	0
#SusPed	221.259115	0	0
#SusPed	221.266927	68	0
#SofPed	221.279948	0	0
#SofPed	221.292969	79	0
#SusPed	221.408854	0	0
#SusPed	221.417969	80	0
#SofPed	221.669271	0	0
#SofPed	221.680990	37	0
#SusPed	221.688802	0	0
#SusPed	221.704427	65	0
#SusPed	221.839844	0	0
#SusPed	221.846354	80	0
#SofPed	221.878906	0	0
#SofPed	221.893229	20	0
#SusPed	221.919271	0	0
#SusPed	221.933594	63	0
#SofPed	221.949219	0	0
#SofPed	221.955729	20	0
#SofPed	222.039062	0	0
#SofPed	222.045573	18	0
#SofPed	222.098958	0	0
#SofPed	222.108073	17	0
#SofPed	222.279948	0	0
#SofPed	222.286458	17	0
#SusPed	222.468750	0	0
#SusPed	222.483073	64	0
#SofPed	222.549479	0	0
#SofPed	222.557292	37	0
#SofPed	222.669271	0	0
#SofPed	222.682292	35	0
#SofPed	222.789062	0	0
#SofPed	222.803385	47	0
#SusPed	222.848958	0	0
#SusPed	222.855469	61	0
#SofPed	222.889323	0	0
#SofPed	222.897135	46	0
#SofPed	222.968750	0	0
#SofPed	222.981771	51	0
#SofPed	223.029948	0	0
#SofPed	223.039062	60	0
#SusPed	223.119792	0	0
#SusPed	223.126302	84	0
#SusPed	223.299479	0	0
#SusPed	223.309896	92	0
#SusPed	223.500000	0	0
#SusPed	223.505208	58	0
#SofPed	223.509115	0	0
#SofPed	223.524740	59	0
#SofPed	223.658854	0	0
#SofPed	223.664062	51	0
#SusPed	223.709635	0	0
#SusPed	223.721354	49	0
#SusPed	223.938802	0	0
#SusPed	223.945312	58	0
#SusPed	224.549479	0	0
#SusPed	224.562500	62	0
#SusPed	224.789062	0	0
#SusPed	224.803385	43	0
#SusPed	225.149740	0	0
#SusPed	225.158854	75	0
#SusPed	225.429688	0	0
#SusPed	225.434896	60	0
#SusPed	225.529948	0	0
#SusPed	225.539062	53	0
#SusPed	225.649740	0	0
#SusPed	225.654948	57	0
#SusPed	225.709635	0	0
#SusPed	225.714844	58	0
#SusPed	225.769531	0	0
#SusPed	225.777344	58	0
#SusPed	225.968750	0	0
#SusPed	225.980469	54	0
#SofPed	225.989583	0	0
#SusPed	226.149740	0	0
#SusPed	226.154948	67	0
#SusPed	226.309896	0	0
#SusPed	226.324219	63	0
#SusPed	226.468750	0	0
#SusPed	226.484375	68	0
#SusPed	226.848958	0	0
#SusPed	226.864583	69	0
#SusPed	227.479167	0	0
#SusPed	227.484375	61	0
#SusPed	228.149740	0	0
#SusPed	228.158854	58	0
#SusPed	228.239583	0	0
#SusPed	228.248698	59	0
#SusPed	228.279948	0	0
#SusPed	228.286458	56	0
#SusPed	228.569010	0	0
#SusPed	228.575521	81	0
#SusPed	228.729167	0	0
#SusPed	228.734375	74	0
#SusPed	229.339844	0	0
#SusPed	229.352865	70	0
#SusPed	229.688802	0	0
#SusPed	229.704427	81	0
#SusPed	229.968750	0	0
#SusPed	229.983073	75	0
#SofPed	230.015625	51	0
#SusPed	230.069010	0	0
#SusPed	230.074219	48	0
#SusPed	230.109375	0	0
#SusPed	230.121094	63	0
#SofPed	230.259115	0	0
#SofPed	230.270833	73	0
#SusPed	230.459635	0	0
#SusPed	230.464844	66	0
#SofPed	230.519531	0	0
#SofPed	230.531250	88	0
#SofPed	230.739583	0	0
#SofPed	230.746094	95	0
#SusPed	230.759115	0	0
#SusPed	230.765625	61	0
#SusPed	231.408854	0	0
#SusPed	231.423177	67	0
#SusPed	231.569010	0	0
#SusPed	231.578125	75	0
#SofPed	231.639323	0	0
#SusPed	231.839844	0	0
#SusPed	231.845052	59	0
#SusPed	232.309896	0	0
#SusPed	232.316406	68	0
#SusPed	232.519531	0	0
#SusPed	232.529948	61	0
#SusPed	232.968750	0	0
#SusPed	232.981771	82	0
#SofPed	233.067708	76	0
#SofPed	233.098958	0	0
#SofPed	233.108073	75	0
#SofPed	233.218750	0	0
#SofPed	233.229167	66	0
#SusPed	233.579427	0	0
#SusPed	233.592448	88	0
#SusPed	234.000000	0	0
#SusPed	234.009115	59	0
#SofPed	234.158854	0	0
#SofPed	234.165365	42	0
#SofPed	234.218750	0	0
#SofPed	234.231771	44	0
#SofPed	234.259115	0	0
#SofPed	234.270833	45	0
#SusPed	234.329427	0	0
#SusPed	234.341146	68	0
#SofPed	234.369792	0	0
#SofPed	234.376302	64	0
#SusPed	234.459635	0	0
#SusPed	234.472656	57	0
#SusPed	234.729167	0	0
#SusPed	234.743490	80	0
#SofPed	234.750000	0	0
#SofPed	234.756510	111	0
#SusPed	235.209635	0	0
#SusPed	235.214844	61	0
#SusPed	235.479167	0	0
#SusPed	235.494792	56	0
#SusPed	235.729167	0	0
#SusPed	235.743490	70	0
#SusPed	235.959635	0	0
#SusPed	235.970052	65	0
#SusPed	236.699219	0	0
#SusPed	236.713542	57	0
#SusPed	237.039062	0	0
#SusPed	237.046875	53	0
#SusPed	237.218750	0	0
#SusPed	237.230469	46	0
#SusPed	237.809896	0	0
#SusPed	237.815104	41	0
#SusPed	238.069010	0	0
#SusPed	238.080729	65	0
#SusPed	238.309896	0	0
#SusPed	238.315104	64	0
#SusPed	239.199219	0	0
#SusPed	239.207031	58	0
#SusPed	239.509115	0	0
#SusPed	239.520833	64	0
#SusPed	239.869792	0	0
#SusPed	239.880208	63	0
#SusPed	240.519531	0	0
#SusPed	240.533854	67	0
#SofPed	240.759115	0	0
#SusPed	240.859375	0	0
#SusPed	240.865885	65	0
#SofPed	240.985677	88	0
#SofPed	241.089844	0	0
#SofPed	241.095052	89	0
#SusPed	241.509115	0	0
#SusPed	241.520833	61	0
#SusPed	241.819010	0	0
#SusPed	241.830729	61	0
#SusPed	242.339844	0	0
#SusPed	242.345052	54	0
#SusPed	242.839844	0	0
#SusPed	242.846354	65	0
#SusPed	243.128906	0	0
#SusPed	243.139323	44	0
#SusPed	243.389323	0	0
#SusPed	243.395833	56	0
#SusPed	243.899740	0	0
#SusPed	243.912760	65	0
#SusPed	244.658854	0	0
#SusPed	244.671875	66	0
#SusPed	244.938802	0	0
#SusPed	244.953125	72	0
#SusPed	245.259115	0	0
#SusPed	245.270833	63	0
#SusPed	246.479167	0	0
#SusPed	246.493490	61	0
#SusPed	246.899740	0	0
#SusPed	246.907552	95	0
#SofPed	247.098958	0	0
#SusPed	247.309896	0	0
#SusPed	247.324219	64	0
#SusPed	247.549479	0	0
#SusPed	247.563802	66	0
#SusPed	247.929688	0	0
#SusPed	247.934896	66	0
#SusPed	248.359375	0	0
#SusPed	248.373698	49	0
#SusPed	248.699219	0	0
#SusPed	248.710938	63	0
#SusPed	249.009115	0	0
#SusPed	249.014323	58	0
#SusPed	249.199219	0	0
#SusPed	249.214844	97	0
#SusPed	249.500000	0	0
#SusPed	249.513021	84	0
#SusPed	249.819010	0	0
#SusPed	249.825521	78	0
#SusPed	250.848958	0	0
#SusPed	250.864583	63	0
#SusPed	250.899740	0	0
#SusPed	250.912760	64	0
#SusPed	251.299479	0	0
#SusPed	251.307292	83	0
#SusPed	251.699219	0	0
#SusPed	251.708333	65	0
#SusPed	251.919271	0	0
#SusPed	251.924479	84	0
#SusPed	252.128906	0	0
#SusPed	252.135417	85	0
#SusPed	252.188802	0	0
#SusPed	252.195312	74	0
#SusPed	252.339844	0	0
#SusPed	252.348958	69	0
#SusPed	252.669271	0	0
#SusPed	252.675781	67	0
#SusPed	252.848958	0	0
#SusPed	252.854167	65	0
#SusPed	253.289062	0	0
#SusPed	253.296875	74	0
#SusPed	253.959635	0	0
#SusPed	253.972656	38	0
#SusPed	254.179688	0	0
#SusPed	254.187500	81	0
#SusPed	254.419271	0	0
#SusPed	254.427083	59	0
#SofPed	254.761719	42	0
#SusPed	254.878906	0	0
#SusPed	254.885417	66	0
#SofPed	254.968750	0	0
#SofPed	254.975260	44	0
#SofPed	255.239583	0	0
#SofPed	255.248698	36	0
#SusPed	255.309896	0	0
#SusPed	255.321615	80	0
#SofPed	255.509115	0	0
#SofPed	255.522135	39	0
#SusPed	255.569010	0	0
#SusPed	255.574219	70	0
#SusPed	256.039062	0	0
#SusPed	256.045573	72	0
#SusPed	256.199219	0	0
#SusPed	256.207031	43	0
#SusPed	256.309896	0	0
#SusPed	256.319010	44	0
#SusPed	256.718750	0	0
#SusPed	256.733073	45	0
#SusPed	256.919271	0	0
#SusPed	256.929688	54	0
#SofPed	257.049479	0	0
#SofPed	257.061198	83	0
#SusPed	257.359375	0	0
#SusPed	257.369792	62	0
#SusPed	257.819010	0	0
#SusPed	257.830729	45	0
#SusPed	257.989583	0	0
#SusPed	258.001302	69	0
#SusPed	258.509115	0	0
#SusPed	258.522135	83	0
#SusPed	259.549479	0	0
#SusPed	259.554688	71	0
#SusPed	259.739583	0	0
#SusPed	259.753906	39	0
#SusPed	260.149740	0	0
#SusPed	260.154948	59	0
#SusPed	260.859375	0	0
#SusPed	260.873698	74	0
#SusPed	261.179688	0	0
#SusPed	261.194010	59	0
#SofPed	262.598958	0	0
#SofPed	262.613281	95	0
#SusPed	262.759115	0	0
#SusPed	262.766927	61	0
#SofPed	262.789062	0	0
#SofPed	262.795573	94	0
#SofPed	262.859375	0	0
#SofPed	262.872396	96	0
#SofPed	262.938802	0	0
#SofPed	262.947917	101	0
#SofPed	263.000000	0	0
#SofPed	263.006510	102	0
#SusPed	263.179688	0	0
#SusPed	263.184896	76	0
#SusPed	264.459635	0	0
#SusPed	264.464844	73	0
#SusPed	265.639323	0	0
#SusPed	265.648438	70	0
#SusPed	265.908854	0	0
#SusPed	265.921875	71	0
#SusPed	266.859375	0	0
#SusPed	266.872396	73	0
#SusPed	267.169271	0	0
#SusPed	267.183594	69	0
#SofPed	267.459635	0	0
#SofPed	267.464844	68	0
#SofPed	267.628906	0	0
#SofPed	267.635417	52	0
#SofPed	267.750000	0	0
#SofPed	267.763021	54	0
#SusPed	267.889323	0	0
#SusPed	267.899740	61	0
#SofPed	267.908854	0	0
#SofPed	267.915365	56	0
#SusPed	268.059896	0	0
#SusPed	268.070312	64	0
#SofPed	268.109375	0	0
#SofPed	268.123698	71	0
#SofPed	268.279948	0	0
#SofPed	268.285156	75	0
#SusPed	268.639323	0	0
#SusPed	268.653646	71	0
#SusPed	268.809896	0	0
#SusPed	268.817708	66	0
#SofPed	268.819010	0	0
#SofPed	268.825521	70	0
#SusPed	269.059896	0	0
#SusPed	269.066406	69	0
#SusPed	269.339844	0	0
#SusPed	269.354167	63	0
#SusPed	269.799479	0	0
#SusPed	269.813802	60	0
#SusPed	269.989583	0	0
#SusPed	269.997396	81	0
#SusPed	270.408854	0	0
#SusPed	270.420573	73	0
#SusPed	270.639323	0	0
#SusPed	270.653646	62	0
#SusPed	271.250000	0	0
#SusPed	271.263021	67	0
#SusPed	271.399740	0	0
#SusPed	271.404948	67	0
#SusPed	271.809896	0	0
#SusPed	271.824219	72	0
#SusPed	272.079427	0	0
#SusPed	272.087240	72	0
#SofPed	272.500000	0	0
#SusPed	272.598958	0	0
#SusPed	272.614583	73	0
#SusPed	272.819010	0	0
#SusPed	272.825521	71	0
#SusPed	272.908854	0	0
#SusPed	272.923177	74	0
#SusPed	273.598958	0	0
#SusPed	273.606771	69	0
#SusPed	274.009115	0	0
#SusPed	274.024740	63	0
#SusPed	274.989583	0	0
#SusPed	274.994792	73	0
#SusPed	275.218750	0	0
#SusPed	275.230469	69	0
#SusPed	275.399740	0	0
#SusPed	275.414062	69	0
#SusPed	276.250000	0	0
#SusPed	276.264323	77	0
#SusPed	276.408854	0	0
#SusPed	276.423177	84	0
#SusPed	276.878906	0	0
#SusPed	276.884115	90	0
#SusPed	277.309896	0	0
#SusPed	277.317708	65	0
#SusPed	279.989583	0	0
