//Version: ScorePerfmMatch_v170503
// Score: /Users/toddywang/Documents/VsCodeProjects/xmltoexp/ATEPP-1.2/ATEPP-1.2/Ludwig_van_Beethoven/Piano_Sonata_No._27_in_E_Minor,_Op._90/I._Mit_Lebhaftigkeit_und_durchaus_mit_Empfindung_und_Ausdruck/score_hmm.txt
// Perfm: /Users/toddywang/Documents/VsCodeProjects/xmltoexp/ATEPP-1.2/ATEPP-1.2/Ludwig_van_Beethoven/Piano_Sonata_No._27_in_E_Minor,_Op._90/I._Mit_Lebhaftigkeit_und_durchaus_mit_Empfindung_und_Ausdruck/08545_spr.txt
// fmt3x: /Users/toddywang/Documents/VsCodeProjects/xmltoexp/ATEPP-1.2/ATEPP-1.2/Ludwig_van_Beethoven/Piano_Sonata_No._27_in_E_Minor,_Op._90/I._Mit_Lebhaftigkeit_und_durchaus_mit_Empfindung_und_Ausdruck/score_fmt3x.txt
0	0.217448	0.266927	E2	95	80	0	0	0	P1-0-6	0	0
1	0.218750	0.299479	E4	98	80	0	0	0	P1-0-3	0	-
2	0.222656	0.269531	E1	93	80	0	0	-1	*	3	-
3	0.223958	0.289062	D4	96	80	0	0	-1	*	3	-
4	0.223958	0.265625	G3	103	80	0	0	0	P1-0-1	0	-
5	0.225260	0.259115	B3	95	80	0	0	0	P1-0-2	0	-
6	0.684896	1.209635	E2	91	80	0	0	60	P1-1-9	0	-
7	0.686198	0.959635	E4	99	80	0	0	60	P1-1-7	0	-
8	0.691406	0.729167	E1	95	80	0	0	-1	*	3	-
9	0.692708	1.049479	G4	93	80	0	0	60	P1-1-1	0	-
10	0.692708	1.089844	B3	99	80	0	0	60	P1-1-6	0	-
11	0.696615	1.229167	G3	95	80	0	0	60	P1-1-5	0	-
12	1.210938	1.399740	F#4	76	80	0	0	150	P1-1-2	0	-
13	1.325521	1.380208	E4	88	80	0	0	180	P1-1-4	0	-
14	1.332031	1.408854	G4	75	80	0	0	-1	*	3	-
15	1.335938	1.393229	E2	84	80	0	0	180	P1-1-11	0	-
16	1.341146	1.399740	D4	80	80	0	0	-1	*	3	-
17	1.342448	1.369792	E1	88	80	0	0	-1	*	3	-
18	1.343750	1.394531	G3	84	80	0	0	180	P1-1-3	0	-
19	1.751302	2.069010	A4	88	80	0	0	240	P1-2-3	0	-
20	1.752604	2.089844	F#4	87	80	0	0	240	P1-2-2	0	-
21	1.752604	2.057292	D2	88	80	0	0	240	P1-2-7	0	-
22	1.755208	2.059896	D4	79	80	0	0	240	P1-2-8	1	-
23	2.515625	2.755208	A4	53	80	0	0	360	P1-2-6	0	-
24	2.524740	2.759115	F#4	42	80	0	0	360	P1-2-5	0	-
25	2.541667	2.760417	D4	42	80	0	0	360	P1-2-10	0	-
26	2.924479	3.468750	A4	59	80	0	0	420	P1-3-2	0	-
27	2.936198	3.479167	F#4	43	80	0	0	420	P1-3-1	0	-
28	2.936198	3.250000	D4	48	80	0	0	420	P1-3-7	0	-
29	2.945312	3.299479	C4	39	80	0	0	420	P1-3-6	0	-
30	3.417969	3.569010	G4	64	80	0	0	510	P1-3-3	0	-
31	3.446615	3.555990	D4	51	80	0	0	510	P1-3-9	0	-
32	3.453125	3.531250	B3	48	80	0	0	510	P1-3-8	0	-
33	3.557292	3.949219	A4	65	80	0	0	540	P1-3-5	0	-
34	3.585938	3.929688	F#4	53	80	0	0	540	P1-3-4	0	-
35	3.595052	3.919271	A3	46	80	0	0	540	P1-3-10	0	-
36	3.596354	3.933594	C4	48	80	0	0	540	P1-3-11	0	-
37	3.979167	4.279948	G4	48	80	0	0	600	P1-4-1	0	-
38	3.985677	4.191406	B3	44	80	0	0	600	P1-4-9	0	-
39	3.993490	4.194010	G3	41	80	0	0	600	P1-4-8	0	-
40	4.000000	4.009115	D4	34	80	0	0	600	*	3	-
41	4.673177	4.725260	D4	96	80	0	0	720	P1-4-5	0	-
42	4.673177	4.729167	G1	82	80	0	0	-1	*	3	-
43	4.673177	4.769531	G4	90	80	0	0	720	P1-4-6	0	-
44	4.674479	4.723958	G2	94	80	0	0	720	P1-4-11	0	-
45	4.674479	4.725260	B3	93	80	0	0	720	P1-4-4	0	-
46	4.675781	4.725260	G3	96	80	0	0	720	P1-4-12	0	-
47	5.125000	5.559896	G4	95	80	0	0	780	P1-5-7	0	-
48	5.125000	5.639323	D4	98	80	0	0	780	P1-5-6	0	-
49	5.127604	5.609375	B3	98	80	0	0	780	P1-5-5	0	-
50	5.128906	5.519531	G2	94	80	0	0	780	P1-5-9	0	-
51	5.131510	5.389323	G1	85	80	0	0	-1	*	3	-
52	5.132812	5.139323	G3	101	80	0	0	780	P1-5-10	0	-
53	5.611979	5.799479	A4	84	80	0	0	870	P1-5-2	0	-
54	5.723958	5.848958	G4	88	80	0	0	900	P1-5-4	0	-
55	5.729167	5.786458	B3	85	80	0	0	900	P1-5-3	0	-
56	5.733073	5.739583	G3	86	80	0	0	-1	*	3	-
57	5.734375	5.791667	G2	87	80	0	0	900	P1-5-12	0	-
58	5.740885	5.792969	G1	83	80	0	0	900	P1-5-11	0	-
59	6.136719	6.294271	C#4	100	80	0	0	960	P1-6-1	0	-
60	6.140625	6.309896	F#2	95	80	0	0	960	P1-6-8	0	-
61	6.143229	6.399740	E4	87	80	0	0	960	P1-6-3	1	-
62	6.144531	6.309896	F#1	87	80	0	0	960	P1-6-7	0	-
63	6.914062	7.229167	C#5	52	80	0	0	1080	P1-6-6	0	-
64	6.924479	7.209635	Bb4	48	80	0	0	1080	P1-6-5	0	-
65	6.946615	7.218750	F#4	34	80	0	0	1080	P1-6-10	0	-
66	6.947917	6.959635	C#4	30	80	0	0	1080	*	3	-
67	7.341146	7.868490	C#5	59	80	0	0	1140	P1-7-2	0	-
68	7.345052	7.819010	Bb4	57	80	0	0	1140	P1-7-1	0	-
69	7.372396	7.839844	F#4	40	80	0	0	1140	P1-7-7	0	-
70	7.375000	7.848958	E4	41	80	0	0	1140	P1-7-6	0	-
71	7.846354	8.319010	F#4	45	80	0	0	1230	P1-7-9	0	-
72	7.848958	8.292969	B4	64	80	0	0	1230	P1-7-3	0	-
73	7.855469	7.919271	E4	46	80	0	0	1230	*	3	-
74	7.864583	8.009115	D4	45	80	0	0	1230	P1-7-8	0	-
75	7.993490	8.326823	Bb4	66	80	0	0	1260	P1-7-4	0	-
76	7.993490	8.299479	E4	54	80	0	0	1260	P1-7-11	0	-
77	7.994792	8.319010	C#5	66	80	0	0	1260	P1-7-5	0	-
78	8.010417	8.283854	C#4	52	80	0	0	1260	P1-7-10	0	-
79	8.415365	8.658854	D5	57	80	0	0	1320	P1-8-2	0	-
80	8.421875	8.609375	B4	50	80	0	0	1320	P1-8-1	0	-
81	8.436198	8.679688	D4	39	80	0	0	1320	P1-8-6	0	-
82	8.438802	8.709635	B3	40	80	0	0	1320	P1-8-5	0	-
83	9.337240	10.319010	D5	72	80	0	0	1440	P1-8-4	0	-
84	9.803385	11.569010	G4	58	80	0	0	1500	P1-9-7	0	-
85	9.805990	10.639323	D4	52	80	0	0	1500	P1-9-4	0	-
86	9.824219	10.949219	B3	49	80	0	0	1500	P1-9-6	0	-
87	10.208333	10.679688	G5	73	80	0	0	1560	P1-9-2	0	-
88	10.567708	10.908854	E5	75	80	0	0	1620	P1-9-3	0	-
89	10.571615	10.899740	E4	55	80	0	0	1620	P1-9-5	0	-
90	10.576823	10.589844	C4	46	80	0	0	1620	*	3	-
91	10.911458	11.319010	D5	71	80	0	0	1680	P1-10-1	0	-
92	10.923177	11.029948	A3	44	80	0	0	1680	P1-10-6	0	-
93	11.265625	11.479167	C5	60	80	0	0	1740	P1-10-2	0	-
94	11.605469	12.119792	C5	72	80	0	0	1800	P1-10-3	0	-
95	11.606771	12.500000	F#4	58	80	0	0	1800	P1-10-5	0	-
96	11.619792	11.881510	D#4	53	80	0	0	1800	P1-10-8	0	-
97	11.954427	12.679688	D4	65	80	0	0	1860	P1-11-6	0	-
98	12.260417	12.500000	A5	84	80	0	0	1920	P1-11-2	0	-
99	12.617188	13.109375	C5	78	80	0	0	1980	P1-11-3	0	-
100	12.621094	13.069010	F#4	71	80	0	0	1980	P1-11-7	0	-
101	12.975260	13.649740	G4	68	80	0	0	2040	P1-12-4	0	-
102	13.295573	13.529948	B4	66	80	0	0	2100	P1-12-2	0	-
103	13.638021	14.009115	G3	55	80	0	0	2160	P1-12-5	0	-
104	13.644531	16.229167	B4	58	80	0	0	2160	P1-12-3	0	-
105	13.975260	14.679688	E3	53	80	0	0	2220	P1-13-4	0	-
106	14.266927	14.429688	G4	53	80	0	0	2280	P1-13-2	0	-
107	14.623698	14.968750	E4	52	80	0	0	2340	P1-13-5	0	-
108	14.626302	15.250000	G4	51	80	0	0	2340	P1-13-3	0	-
109	14.960938	15.639323	C4	40	80	0	0	2400	P1-14-4	0	-
110	15.260417	15.389323	E4	37	80	0	0	2460	P1-14-2	0	-
111	15.261719	15.848958	G4	33	80	0	0	2460	*	3	-
112	15.641927	15.919271	E4	32	80	0	0	2520	P1-14-3	0	-
113	15.647135	16.089844	C3	32	80	0	0	2520	P1-14-8	0	-
114	15.653646	16.489583	C4	29	80	0	0	2520	*	3	-
115	16.028646	17.829427	C2	33	80	0	0	2580	P1-15-4	0	-
116	16.412760	16.968750	G3	30	80	0	0	2640	P1-15-2	0	-
117	16.415365	17.049479	E4	29	80	0	0	2640	*	3	-
118	16.419271	17.069010	F4	28	80	0	0	2640	*	3	-
119	16.923177	17.829427	E3	26	80	0	0	2700	P1-15-3	0	-
120	17.747396	18.919271	B3	26	80	0	0	2760	P1-16-2	0	-
121	17.759115	18.889323	B2	23	80	0	0	2760	P1-16-6	0	-
122	17.761719	19.169271	B1	23	80	0	0	2760	P1-16-5	0	-
123	17.764323	19.098958	D#3	23	80	0	0	2760	P1-16-1	0	-
124	19.895833	20.929688	E6	53	80	0	0	2880	P1-16-4	0	-
125	19.903646	20.699219	E5	47	80	0	0	2880	P1-16-3	0	-
126	20.391927	20.628906	B3	28	80	0	0	2940	P1-17-8	0	-
127	20.393229	20.609375	E3	26	80	0	0	2940	P1-17-9	0	-
128	20.393229	20.399740	E4	28	80	0	0	2940	*	3	-
129	20.403646	20.408854	D4	27	80	0	0	2940	*	3	-
130	20.420573	21.158854	G2	20	80	0	0	2940	P1-17-7	0	-
131	20.897135	21.089844	D#6	55	80	0	0	3030	P1-17-4	0	-
132	20.902344	21.009115	D#5	52	80	0	0	3030	P1-17-3	0	-
133	21.062500	21.239583	E6	59	80	0	0	3060	P1-17-6	0	-
134	21.074219	21.218750	E5	57	80	0	0	3060	P1-17-5	0	-
135	21.477865	22.119792	F#4	50	80	0	0	3120	P1-18-3	0	-
136	21.486979	21.500000	E4	41	80	0	0	3120	P1-18-2	0	-
137	21.488281	21.979167	C4	39	80	0	0	3120	P1-18-1	0	-
138	21.490885	22.489583	A1	38	80	0	0	3120	*	3	-
139	21.492188	22.049479	A2	37	80	0	0	3120	P1-18-8	0	-
140	22.128906	22.378906	F#4	68	80	0	0	3240	P1-18-6	0	-
141	22.144531	22.378906	E4	64	80	0	0	3240	P1-18-5	0	-
142	22.154948	22.348958	C#4	55	80	0	0	3240	P1-18-4	0	-
143	22.162760	22.289062	Bb2	52	80	0	0	3240	P1-18-10	0	-
144	22.164062	22.319010	Bb1	49	80	0	0	3240	*	3	-
145	22.522135	22.529948	A4	63	80	0	0	3300	*	3	-
146	22.522135	23.158854	F#4	71	80	0	0	3300	P1-19-1	0	-
147	22.531250	23.039062	B2	58	80	0	0	3300	P1-19-7	0	-
148	22.531250	23.199219	D#4	57	80	0	0	3300	P1-19-6	0	-
149	22.545573	23.319010	A3	50	80	0	0	3300	P1-19-5	0	-
150	23.033854	23.188802	G4	66	80	0	0	3390	P1-19-2	0	-
151	23.186198	23.408854	A4	72	80	0	0	3420	P1-19-3	0	-
152	23.334635	23.503906	G4	68	80	0	0	3450	P1-19-4	0	-
153	23.497396	23.919271	F#4	70	80	0	0	3480	P1-20-1	0	-
154	23.513021	23.789062	C4	54	80	0	0	-1	*	3	-
155	23.822917	23.919271	E4	64	80	0	0	3540	P1-20-2	0	-
156	24.213542	24.709635	E6	66	80	0	0	3600	P1-20-4	0	-
157	24.214844	24.438802	B2	48	80	0	0	3600	P1-20-7	0	-
158	24.216146	24.609375	E5	60	80	0	0	3600	P1-20-3	0	-
159	24.217448	24.229167	B3	51	80	0	0	3600	*	3	-
160	24.408854	24.729167	A2	47	80	0	0	3630	P1-20-8	0	-
161	24.684896	24.899740	E2	37	80	0	0	3660	*	3	-
162	24.691406	25.169271	E3	39	80	0	0	3660	P1-21-7	0	-
163	24.692708	25.259115	G2	40	80	0	0	3660	P1-21-9	0	-
164	24.805990	24.959635	B3	42	80	0	0	3660	P1-21-8	0	-
165	25.199219	25.419271	D#6	74	80	0	0	3750	P1-21-4	0	-
166	25.203125	25.348958	D#5	66	80	0	0	3750	P1-21-3	0	-
167	25.355469	25.589844	G#2	58	80	0	0	3780	P1-21-10	0	-
168	25.355469	25.500000	G#1	58	80	0	0	-1	*	3	-
169	25.355469	25.589844	E6	80	80	0	0	3780	P1-21-6	0	-
170	25.358073	25.459635	E5	77	80	0	0	3780	P1-21-5	0	-
171	25.830729	26.649740	F#4	77	80	0	0	3840	P1-22-3	0	-
172	25.833333	26.649740	A2	79	80	0	0	3840	P1-22-7	0	-
173	25.833333	26.468750	C4	75	80	0	0	3840	P1-22-1	0	-
174	25.834635	26.688802	A1	68	80	0	0	-1	*	3	-
175	26.654948	27.019531	F#4	52	80	0	0	3960	P1-22-6	0	-
176	26.665365	27.213542	E4	50	80	0	0	3960	P1-22-5	0	-
177	26.674479	26.848958	Bb2	40	80	0	0	3960	P1-22-8	0	-
178	26.674479	26.688802	D4	46	80	0	0	3960	P1-22-4	1	-
179	26.677083	27.158854	Bb1	38	80	0	0	-1	*	3	-
180	27.184896	28.339844	F#4	36	80	0	0	4020	P1-23-1	0	-
181	27.186198	28.019531	A4	37	80	0	0	-1	*	3	-
182	27.195312	28.894531	D#4	34	80	0	0	4020	P1-23-6	0	-
183	27.216146	27.438802	B2	26	80	0	0	4020	P1-23-8	0	-
184	27.221354	29.419271	B1	28	80	0	0	4020	P1-23-7	0	-
185	28.024740	28.345052	A4	30	80	0	0	4110	P1-23-2	0	-
186	28.363281	28.739583	G4	31	80	0	0	4140	P1-23-3	0	-
187	28.717448	29.459635	F#4	24	80	0	0	4170	P1-23-4	0	-
188	29.376302	30.539062	E4	26	80	0	0	4200	P1-24-2	0	-
189	29.381510	30.489583	G4	26	80	0	0	4200	*	3	-
190	29.408854	29.519531	G3	16	80	0	0	4200	P1-24-1	0	-
191	29.414062	30.529948	E2	16	80	0	0	4200	P1-24-6	0	-
192	31.069010	31.079427	A4	31	80	0	0	4320	P1-24-5	1	-
193	31.072917	31.138021	B2	25	80	0	0	4320	P1-24-10	0	-
194	31.072917	31.144531	B3	32	80	0	0	4320	P1-24-4	0	-
195	31.075521	31.139323	B1	26	80	0	0	4320	P1-24-9	0	-
196	31.446615	32.149740	B4	38	80	0	0	4380	P1-25-2	0	-
197	31.454427	31.718750	B2	28	80	0	0	4380	P1-25-6	0	-
198	31.454427	31.718750	B3	31	80	0	0	4380	P1-25-1	0	-
199	31.457031	31.649740	B1	29	80	0	0	4380	P1-25-5	0	-
200	32.074219	32.158854	E4	40	80	0	0	4500	P1-25-3	0	-
201	32.076823	32.152344	E2	33	80	0	0	4500	P1-25-7	0	-
202	32.079427	32.169271	E3	36	80	0	0	4500	P1-25-8	0	-
203	32.080729	32.089844	E5	41	80	0	0	4500	P1-25-4	0	-
204	32.455729	32.589844	E4	37	80	0	0	4560	P1-26-1	0	-
205	32.455729	32.639323	E2	33	80	0	0	4560	P1-26-5	0	-
206	32.455729	32.609375	E3	37	80	0	0	4560	P1-26-6	0	-
207	32.457031	32.649740	E5	44	80	0	0	4560	P1-26-2	0	-
208	33.054688	33.169271	B4	53	80	0	0	4680	P1-26-3	0	-
209	33.054688	33.114583	B5	56	80	0	0	4680	P1-26-4	0	-
210	33.061198	33.158854	B3	50	80	0	0	4680	P1-26-8	0	-
211	33.062500	33.121094	B2	43	80	0	0	4680	P1-26-7	0	-
212	33.423177	34.079427	B5	72	80	0	0	4740	P1-27-2	0	-
213	33.423177	33.750000	B4	64	80	0	0	4740	P1-27-1	0	-
214	33.428385	34.096354	B3	59	80	0	0	4740	P1-27-6	0	-
215	33.430990	33.529948	B2	51	80	0	0	4740	P1-27-5	0	-
216	34.024740	34.067708	E4	57	80	0	0	4860	P1-27-8	0	-
217	34.024740	34.065104	E6	67	80	0	0	4860	P1-27-4	0	-
218	34.027344	34.093750	E3	46	80	0	0	4860	P1-27-7	0	-
219	34.028646	34.089844	E5	65	80	0	0	4860	P1-27-3	0	-
220	34.404948	34.446615	E4	68	80	0	0	4920	P1-28-8	0	-
221	34.406250	34.699219	E6	80	80	0	0	4920	P1-28-2	0	-
222	34.407552	34.466146	E3	59	80	0	0	4920	P1-28-7	0	-
223	34.411458	34.445312	E5	78	80	0	0	4920	P1-28-1	0	-
224	34.977865	35.059896	F4	95	80	0	0	5040	P1-28-12	0	-
225	34.980469	35.089844	F6	101	80	0	0	5040	P1-28-6	0	-
226	34.981771	35.036458	D4	98	80	0	0	5040	P1-28-11	0	-
227	34.981771	35.036458	B3	97	80	0	0	5040	P1-28-10	0	-
228	34.983073	35.029948	B5	99	80	0	0	5040	P1-28-4	0	-
229	34.986979	35.059896	D6	93	80	0	0	5040	P1-28-5	0	-
230	34.986979	35.049479	G3	94	80	0	0	5040	P1-28-9	0	-
231	35.433594	35.929688	F4	96	80	0	0	5100	P1-29-14	0	-
232	35.436198	35.509115	D4	92	80	0	0	5100	P1-29-13	0	-
233	35.438802	36.029948	F6	106	80	0	0	5100	P1-29-4	0	-
234	35.441406	36.109375	B3	92	80	0	0	5100	P1-29-12	0	-
235	35.445312	35.628906	B5	99	80	0	0	5100	P1-29-2	0	-
236	35.447917	35.529948	G3	91	80	0	0	5100	P1-29-11	0	-
237	35.447917	35.559896	D6	99	80	0	0	5100	P1-29-3	0	-
238	35.924479	36.046875	E6	90	80	0	0	5190	P1-29-5	0	-
239	36.014323	36.095052	D6	82	80	0	0	5205	P1-29-6	0	-
240	36.076823	36.144531	C6	89	80	0	0	5220	P1-29-7	0	-
241	36.169271	36.242188	B5	79	80	0	0	5235	P1-29-8	0	-
242	36.252604	36.330729	A5	78	80	0	0	5250	P1-29-9	0	-
243	36.324219	36.384115	G5	82	80	0	0	5265	P1-29-10	0	-
244	36.380208	36.489583	F5	75	80	0	0	5280	P1-30-1	0	-
245	36.454427	36.516927	E5	80	80	0	0	5295	P1-30-2	0	-
246	36.515625	36.565104	D5	80	80	0	0	5310	P1-30-3	0	-
247	36.565104	36.669271	C5	77	80	0	0	5325	P1-30-4	0	-
248	36.641927	36.705729	B4	76	80	0	0	5340	P1-30-5	0	-
249	36.704427	36.764323	A4	75	80	0	0	5350	P1-30-6	0	-
250	36.755208	36.859375	G4	72	80	0	0	5360	P1-30-7	0	-
251	36.812500	36.898438	F4	64	80	0	0	5370	P1-30-8	0	-
252	36.885417	36.954427	E4	78	80	0	0	5380	P1-30-9	0	-
253	36.953125	37.006510	D4	71	80	0	0	5390	P1-30-10	0	-
254	36.997396	37.098958	C4	77	80	0	0	5400	P1-30-11	0	-
255	37.079427	37.153646	B3	82	80	0	0	5412	P1-30-12	0	-
256	37.149740	37.217448	A3	78	80	0	0	5424	P1-30-13	0	-
257	37.209635	37.299479	G3	69	80	0	0	5436	P1-30-14	0	-
258	37.302083	37.385417	F#3	78	80	0	0	5448	P1-30-15	0	-
259	37.380208	37.468750	G3	99	80	0	0	5460	P1-31-1	0	-
260	38.014323	38.062500	F4	96	80	0	0	5580	P1-31-5	0	-
261	38.016927	38.058594	B2	96	80	0	0	5580	P1-31-9	0	-
262	38.018229	38.065104	D4	94	80	0	0	5580	P1-31-4	0	-
263	38.019531	38.029948	G#3	99	80	0	0	5580	*	3	-
264	38.022135	38.080729	G3	98	80	0	0	5580	P1-31-3	0	-
265	38.022135	38.063802	B1	90	80	0	0	5580	P1-31-8	0	-
266	38.401042	38.455729	G3	98	80	0	0	5640	P1-32-1	0	-
267	38.402344	38.489583	C4	95	80	0	0	5640	P1-32-2	0	-
268	38.403646	38.464844	E4	96	80	0	0	5640	P1-32-3	0	-
269	38.404948	38.459635	C3	99	80	0	0	5640	P1-32-10	0	-
270	38.404948	38.458333	C2	96	80	0	0	5640	P1-32-9	0	-
271	39.049479	39.105469	B3	98	80	0	0	5760	P1-32-14	0	-
272	39.050781	39.106771	E2	87	80	0	0	-1	*	3	-
273	39.050781	39.114583	B5	97	80	0	0	5760	P1-32-7	0	-
274	39.052083	39.059896	E1	92	80	0	0	5760	P1-32-5	1	-
275	39.052083	39.105469	D4	99	80	0	0	5760	P1-32-15	0	-
276	39.054688	39.113281	G#5	97	80	0	0	5760	P1-32-6	0	-
277	39.054688	39.105469	E3	93	80	0	0	5760	P1-32-12	0	-
278	39.527344	39.968750	B5	101	80	0	0	5820	P1-33-3	0	-
279	39.528646	40.039062	E1	94	80	0	0	5820	P1-33-1	1	-
280	39.529948	41.559896	E2	91	80	0	0	5820	P1-33-11	1	-
281	39.532552	40.098958	G#5	103	80	0	0	5820	P1-33-2	0	-
282	39.533854	40.139323	D6	104	80	0	0	5820	P1-33-4	0	-
283	39.539062	39.729167	D4	100	80	0	0	5820	P1-33-14	0	-
284	40.095052	40.279948	C6	97	80	0	0	5910	P1-33-5	0	-
285	40.195312	40.265625	B5	90	80	0	0	5925	P1-33-6	0	-
286	40.263021	40.354167	A5	84	80	0	0	5940	P1-33-7	0	-
287	40.354167	40.453125	G#5	81	80	0	0	5955	P1-33-8	0	-
288	40.436198	40.523438	F#5	85	80	0	0	5970	P1-33-9	0	-
289	40.513021	40.566406	E5	71	80	0	0	5985	P1-33-10	0	-
290	40.563802	40.626302	D5	80	80	0	0	6000	P1-34-1	0	-
291	40.634115	40.690104	C5	75	80	0	0	6015	P1-34-2	0	-
292	40.704427	40.756510	B4	76	80	0	0	6030	P1-34-3	0	-
293	40.756510	40.846354	A4	82	80	0	0	6045	P1-34-4	0	-
294	40.835938	40.914062	G#4	77	80	0	0	6060	P1-34-5	0	-
295	40.906250	40.984375	F#4	70	80	0	0	6070	P1-34-6	0	-
296	40.975260	41.079427	E4	75	80	0	0	6080	P1-34-7	0	-
297	41.033854	41.097656	D4	73	80	0	0	6090	P1-34-8	0	-
298	41.106771	41.170573	C4	75	80	0	0	6100	P1-34-9	0	-
299	41.182292	41.299479	B3	73	80	0	0	6110	P1-34-10	0	-
300	41.233073	41.348958	A3	75	80	0	0	6120	P1-34-11	0	-
301	41.317708	41.388021	G#3	75	80	0	0	6132	P1-34-12	0	-
302	41.381510	41.509115	F#3	67	80	0	0	6144	P1-34-13	0	-
303	41.451823	41.589844	E3	74	80	0	0	6156	P1-34-14	0	-
304	41.531250	41.615885	D#3	82	80	0	0	6168	P1-34-15	0	-
305	41.597656	41.658854	E3	90	80	0	0	6180	P1-35-1	0	-
306	41.602865	41.669271	E2	72	80	0	0	6180	*	3	-
307	42.256510	42.339844	E2	96	80	0	0	6300	P1-35-3	1	-
308	42.260417	42.328125	D4	96	80	0	0	6300	P1-35-4	0	-
309	42.261719	42.322917	B3	96	80	0	0	-1	*	3	-
310	42.263021	42.311198	G#1	96	80	0	0	6300	P1-35-8	0	-
311	42.263021	42.313802	G#2	101	80	0	0	6300	P1-35-9	0	-
312	42.264323	42.324219	E4	90	80	0	0	6300	P1-35-5	1	-
313	42.684896	42.899740	A2	99	80	0	0	6360	P1-36-7	0	-
314	42.684896	42.919271	A1	92	80	0	0	6360	P1-36-6	0	-
315	42.686198	42.859375	C4	98	80	0	0	6360	P1-36-3	0	-
316	42.690104	42.699219	A3	93	80	0	0	6360	P1-36-2	0	-
317	43.520833	43.848958	Bb5	60	80	0	0	6480	P1-36-5	0	-
318	43.527344	43.539062	Bb3	31	80	0	0	6480	P1-36-9	0	-
319	43.968750	44.479167	Bb5	52	80	0	0	6540	P1-37-1	0	-
320	43.983073	45.289062	Bb3	29	80	0	0	6540	P1-37-8	0	-
321	44.454427	44.511719	A5	45	80	0	0	6630	P1-37-2	0	-
322	44.536458	44.619792	G5	54	80	0	0	6645	P1-37-3	0	-
323	44.605469	44.652344	F5	62	80	0	0	6660	P1-37-4	0	-
324	44.684896	44.769531	D#5	65	80	0	0	6675	P1-37-5	0	-
325	44.755208	44.800781	D5	59	80	0	0	6690	P1-37-6	0	-
326	44.824219	44.871094	C5	62	80	0	0	6705	P1-37-7	0	-
327	44.910156	44.964844	Bb4	67	80	0	0	6720	P1-38-1	0	-
328	44.988281	45.035156	A4	63	80	0	0	6735	P1-38-2	0	-
329	45.054688	45.128906	G4	60	80	0	0	6750	P1-38-3	0	-
330	45.114583	45.174479	F4	62	80	0	0	6765	P1-38-4	0	-
331	45.209635	45.294271	D#4	63	80	0	0	6780	P1-38-5	0	-
332	45.315104	45.350260	D4	53	80	0	0	6800	P1-38-6	0	-
333	45.404948	45.559896	C4	54	80	0	0	6820	P1-38-7	0	-
334	45.544271	45.718750	Bb3	59	80	0	0	6840	P1-38-8	0	-
335	45.981771	46.859375	Bb3	39	80	0	0	6900	P1-39-1	0	-
336	46.596354	46.769531	E4	39	80	0	0	7020	P1-39-4	0	-
337	46.972656	47.239583	E4	53	80	0	0	7080	P1-40-3	0	-
338	47.557292	47.731771	G4	43	80	0	0	7200	P1-40-2	0	-
339	47.574219	47.733073	E4	33	80	0	0	7200	P1-40-5	0	-
340	47.574219	47.734375	Bb3	36	80	0	0	7200	P1-40-4	0	-
341	47.944010	48.229167	G4	51	80	0	0	7260	P1-41-1	0	-
342	47.949219	48.239583	E4	51	80	0	0	7260	P1-41-5	0	-
343	47.950521	48.209635	Bb3	48	80	0	0	7260	P1-41-4	0	-
344	48.536458	48.766927	C#5	60	80	0	0	7380	P1-41-3	0	-
345	48.536458	48.819010	G4	47	80	0	0	7380	P1-41-2	0	-
346	48.557292	48.759115	Bb3	36	80	0	0	7380	P1-41-6	0	-
347	48.557292	48.769531	E4	42	80	0	0	7380	P1-41-7	0	-
348	48.933594	49.149740	C#5	74	80	0	0	7440	P1-42-2	0	-
349	48.934896	49.329427	G4	61	80	0	0	7440	P1-42-1	0	-
350	48.942708	49.109375	Bb3	56	80	0	0	7440	P1-42-6	0	-
351	48.944010	49.279948	E4	61	80	0	0	7440	P1-42-7	0	-
352	49.536458	49.878906	G4	85	80	0	0	7560	P1-42-11	0	-
353	49.542969	49.809896	E4	78	80	0	0	7560	P1-42-10	0	-
354	49.544271	49.789062	Bb3	76	80	0	0	7560	P1-42-8	0	-
355	49.548177	49.809896	C#4	79	80	0	0	7560	P1-42-9	0	-
356	49.997396	50.098958	C#5	92	80	0	0	7620	P1-43-3	0	-
357	49.998698	50.989583	G4	92	80	0	0	7620	P1-43-8	0	-
358	50.001302	50.519531	E4	89	80	0	0	7620	P1-43-12	0	-
359	50.001302	50.239583	Bb3	85	80	0	0	7620	P1-43-10	0	-
360	50.003906	50.378906	C#4	87	80	0	0	7620	P1-43-11	0	-
361	50.635417	51.109375	F#4	99	80	0	0	7740	P1-43-9	0	-
362	51.046875	51.339844	F4	96	80	0	0	7800	P1-44-8	0	-
363	51.686198	51.819010	Bb3	87	80	0	0	7920	P1-44-9	0	-
364	51.687500	51.829427	F#4	94	80	0	0	7920	P1-44-12	0	-
365	51.687500	51.809896	E4	92	80	0	0	7920	P1-44-11	0	-
366	51.690104	51.755208	C#4	90	80	0	0	7920	P1-44-10	0	-
367	52.204427	52.256510	F#4	92	80	0	0	7980	P1-45-6	0	-
368	52.204427	52.260417	B3	94	80	0	0	7980	P1-45-4	0	-
369	52.205729	52.263021	D4	90	80	0	0	7980	P1-45-5	0	-
370	52.367188	52.415365	F#4	78	80	0	0	8010	P1-45-9	0	-
371	52.368490	52.414062	D4	78	80	0	0	8010	P1-45-8	0	-
372	52.372396	52.415365	B3	71	80	0	0	8010	P1-45-7	0	-
373	52.522135	52.574219	D4	72	80	0	0	8040	P1-45-11	0	-
374	52.523438	52.575521	B3	69	80	0	0	8040	P1-45-10	0	-
375	52.523438	52.574219	F#4	72	80	0	0	8040	P1-45-12	0	-
376	52.524740	52.539062	F#3	63	80	0	0	-1	*	3	-
377	52.682292	52.734375	D4	78	80	0	0	8070	P1-45-14	0	-
378	52.683594	52.688802	F#3	67	80	0	0	-1	*	3	-
379	52.684896	52.734375	B3	72	80	0	0	8070	P1-45-13	0	-
380	52.686198	52.733073	F#4	69	80	0	0	8070	P1-45-15	0	-
381	52.842448	52.891927	D4	77	80	0	0	8100	P1-45-17	0	-
382	52.845052	52.890625	F#4	72	80	0	0	8100	P1-45-18	0	-
383	52.845052	52.889323	F#3	66	80	0	0	-1	*	3	-
384	52.845052	52.886719	B3	69	80	0	0	8100	P1-45-16	0	-
385	52.985677	53.032552	D4	70	80	0	0	8130	P1-45-20	0	-
386	52.985677	53.035156	F#4	76	80	0	0	8130	P1-45-21	0	-
387	52.985677	53.000000	F#3	72	80	0	0	-1	*	3	-
388	52.988281	53.033854	B3	72	80	0	0	8130	P1-45-19	0	-
389	53.154948	53.210938	B3	96	80	0	0	8160	P1-46-6	0	-
390	53.156250	53.169271	F#2	85	80	0	0	-1	*	3	-
391	53.157552	53.209635	D4	88	80	0	0	-1	*	3	-
392	53.162760	53.214844	F#3	88	80	0	0	8160	P1-46-5	0	-
393	53.164062	53.223958	D3	85	80	0	0	8160	P1-46-4	0	-
394	53.320312	53.372396	B3	75	80	0	0	8190	P1-46-9	0	-
395	53.321615	53.369792	D3	72	80	0	0	8190	P1-46-7	0	-
396	53.321615	53.389323	F#3	73	80	0	0	8190	P1-46-8	0	-
397	53.471354	53.524740	B3	78	80	0	0	8220	P1-46-12	0	-
398	53.473958	53.526042	F#3	72	80	0	0	8220	P1-46-11	0	-
399	53.475260	53.526042	D3	65	80	0	0	8220	P1-46-10	0	-
400	53.625000	53.677083	F#3	81	80	0	0	8250	P1-46-14	0	-
401	53.626302	53.678385	B3	75	80	0	0	8250	P1-46-15	0	-
402	53.631510	53.682292	D3	69	80	0	0	8250	P1-46-13	0	-
403	53.785156	53.841146	B3	75	80	0	0	8280	P1-46-18	0	-
404	53.785156	53.848958	F#3	72	80	0	0	8280	P1-46-17	0	-
405	53.786458	53.838542	D3	75	80	0	0	8280	P1-46-16	0	-
406	53.930990	54.000000	D4	73	80	0	0	-1	*	3	-
407	53.932292	53.973958	F#3	67	80	0	0	8310	P1-46-20	0	-
408	53.933594	53.975260	D3	71	80	0	0	8310	P1-46-19	0	-
409	53.933594	53.975260	B3	73	80	0	0	8310	P1-46-21	0	-
410	54.078125	54.125000	B3	90	80	0	0	8340	P1-47-2	1	-
411	54.080729	54.123698	F#3	94	80	0	0	8340	P1-47-7	0	-
412	54.080729	54.128906	B2	89	80	0	0	-1	*	3	-
413	54.082031	54.128906	D#3	91	80	0	0	8340	P1-47-6	0	-
414	54.083333	54.131510	A3	92	80	0	0	8340	P1-47-8	0	-
415	54.238281	54.291667	D#3	75	80	0	0	8370	P1-47-9	0	-
416	54.240885	54.283854	A3	78	80	0	0	8370	P1-47-11	0	-
417	54.243490	54.289062	F#3	80	80	0	0	8370	P1-47-10	0	-
418	54.243490	54.250000	B3	75	80	0	0	-1	*	3	-
419	54.244792	54.250000	B2	71	80	0	0	-1	*	3	-
420	54.397135	54.454427	C4	95	80	0	0	8400	P1-47-3	0	-
421	54.401042	54.455729	E3	87	80	0	0	8400	P1-47-12	0	-
422	54.402344	54.408854	B1	74	80	0	0	8400	P1-47-4	1	-
423	54.404948	54.459635	B3	94	80	0	0	-1	*	3	-
424	54.404948	54.453125	G3	85	80	0	0	8400	P1-47-13	0	-
425	54.562500	54.604167	G3	77	80	0	0	8430	P1-47-15	0	-
426	54.563802	54.611979	E3	69	80	0	0	8430	P1-47-14	0	-
427	54.566406	54.609375	B3	59	80	0	0	-1	*	3	-
428	54.713542	54.757812	G3	78	80	0	0	8460	P1-47-17	0	-
429	54.717448	54.769531	B3	69	80	0	0	-1	*	3	-
430	54.860677	54.904948	G3	82	80	0	0	8490	P1-47-19	0	-
431	54.865885	54.919271	B3	64	80	0	0	-1	*	3	-
432	55.001302	55.049479	G3	94	80	0	0	8520	P1-48-7	0	-
433	55.003906	55.009115	E4	89	80	0	0	8520	P1-48-2	1	-
434	55.005208	55.057292	E2	79	80	0	0	8520	P1-48-6	1	-
435	55.006510	55.059896	B3	91	80	0	0	8520	P1-48-8	0	-
436	55.170573	55.179688	E2	66	80	0	0	8550	P1-48-9	1	-
437	55.171875	55.179688	F#3	75	80	0	0	8550	P1-48-10	1	-
438	55.171875	55.222656	B3	79	80	0	0	8550	P1-48-11	0	-
439	55.325521	55.376302	A3	89	80	0	0	8580	P1-48-13	0	-
440	55.328125	55.339844	B1	70	80	0	0	-1	*	3	-
441	55.330729	55.381510	D#4	92	80	0	0	8580	P1-48-3	0	-
442	55.334635	55.359375	F#3	85	80	0	0	8580	P1-48-12	0	-
443	55.484375	55.523438	A3	69	80	0	0	8610	P1-48-15	0	-
444	55.484375	55.528646	F#3	63	80	0	0	8610	P1-48-14	0	-
445	55.635417	55.649740	B1	60	80	0	0	-1	*	3	-
446	55.638021	55.683594	A3	75	80	0	0	8640	P1-48-17	0	-
447	55.639323	55.684896	F#3	68	80	0	0	8640	P1-48-16	0	-
448	55.779948	55.824219	A3	82	80	0	0	8670	P1-48-19	0	-
449	55.785156	55.799479	F#2	61	80	0	0	-1	*	3	-
450	55.786458	55.825521	F#3	65	80	0	0	8670	P1-48-18	0	-
451	55.924479	55.975260	A3	94	80	0	0	8700	P1-49-7	0	-
452	55.927083	55.938802	F#1	82	80	0	0	-1	*	3	-
453	55.929688	55.977865	F#3	89	80	0	0	8700	P1-49-6	0	-
454	55.930990	55.938802	F#2	84	80	0	0	-1	*	3	-
455	55.932292	55.989583	Eb4	85	80	0	0	8700	P1-49-2	1	-
456	55.933594	55.977865	C4	87	80	0	0	8700	P1-49-8	0	-
457	55.933594	55.938802	B3	92	80	0	0	-1	*	3	-
458	56.092448	56.098958	F#2	75	80	0	0	-1	*	3	-
459	56.095052	56.139323	B3	86	80	0	0	8730	P1-49-11	1	-
460	56.095052	56.141927	F#3	73	80	0	0	8730	P1-49-9	0	-
461	56.095052	56.141927	A3	82	80	0	0	8730	P1-49-10	0	-
462	56.250000	56.339844	E4	96	80	0	0	8760	P1-49-3	0	-
463	56.253906	56.305990	B3	92	80	0	0	8760	P1-49-13	0	-
464	56.403646	56.434896	B3	84	80	0	0	8790	P1-49-15	0	-
465	56.403646	56.444010	G3	84	80	0	0	8790	P1-49-14	0	-
466	56.554688	56.600260	B3	83	80	0	0	8820	P1-49-17	0	-
467	56.557292	56.569010	G#3	85	80	0	0	8820	P1-49-16	1	-
468	56.700521	56.742188	B3	81	80	0	0	8850	P1-49-19	0	-
469	56.704427	56.709635	G#3	80	80	0	0	8850	P1-49-18	1	-
470	56.712240	56.718750	D4	68	80	0	0	-1	*	3	-
471	56.843750	56.889323	B3	97	80	0	0	8880	P1-50-7	0	-
472	56.845052	56.884115	G#3	92	80	0	0	8880	P1-50-6	0	-
473	56.984375	57.033854	B3	91	80	0	0	8910	P1-50-9	0	-
474	56.986979	57.045573	D4	91	80	0	0	8910	P1-50-10	0	-
475	56.989583	57.033854	G#3	80	80	0	0	8910	P1-50-8	0	-
476	57.145833	57.209635	B3	85	80	0	0	8940	P1-50-12	0	-
477	57.147135	57.209635	F#4	96	80	0	0	8940	P1-50-4	1	-
478	57.149740	57.192708	C#4	83	80	0	0	8940	P1-50-13	0	-
479	57.151042	57.184896	G#3	91	80	0	0	8940	P1-50-11	0	-
480	57.283854	57.334635	B3	76	80	0	0	8970	P1-50-15	0	-
481	57.285156	57.359375	F#4	71	80	0	0	-1	*	3	-
482	57.285156	57.333333	G#3	77	80	0	0	8970	P1-50-14	0	-
483	57.286458	57.369792	C#4	71	80	0	0	8970	P1-50-16	0	-
484	57.434896	57.476562	B3	71	80	0	0	9000	P1-50-18	0	-
485	57.434896	57.489583	F#4	67	80	0	0	-1	*	3	-
486	57.440104	57.475260	G#3	76	80	0	0	9000	P1-50-17	0	-
487	57.442708	57.473958	C#4	69	80	0	0	9000	P1-50-19	0	-
488	57.576823	57.589844	F#3	65	80	0	0	-1	*	3	-
489	57.578125	57.622396	B3	72	80	0	0	9030	P1-50-21	0	-
490	57.580729	57.618490	C#4	73	80	0	0	9030	P1-50-22	0	-
491	57.582031	57.619792	G#3	70	80	0	0	9030	P1-50-20	0	-
492	57.743490	57.777344	C#4	65	80	0	0	9060	P1-51-19	0	-
493	57.744792	57.786458	B4	68	80	0	0	9060	P1-51-2	0	-
494	57.744792	57.799479	E5	69	80	0	0	9060	P1-51-3	0	-
495	57.747396	57.799479	B3	60	80	0	0	-1	*	3	-
496	57.748698	57.799479	C#3	56	80	0	0	-1	*	3	-
497	57.894531	57.932292	B4	68	80	0	0	9090	P1-51-5	0	-
498	57.894531	57.949219	C#4	66	80	0	0	9090	P1-51-20	0	-
499	57.895833	57.938802	B3	62	80	0	0	-1	*	3	-
500	57.898438	57.949219	G#4	70	80	0	0	9090	P1-51-4	0	-
501	57.899740	57.936198	C#3	60	80	0	0	-1	*	3	-
502	57.899740	57.908854	F#2	59	80	0	0	9090	P1-51-6	1	-
503	58.035156	58.098958	B3	65	80	0	0	-1	*	3	-
504	58.039062	58.078125	B4	66	80	0	0	9120	P1-51-8	0	-
505	58.039062	58.098958	C#4	64	80	0	0	9120	P1-51-21	0	-
506	58.052083	58.085938	G#4	63	80	0	0	9120	P1-51-7	0	-
507	58.186198	58.223958	C#4	62	80	0	0	9150	P1-51-22	0	-
508	58.187500	58.226562	G#4	66	80	0	0	9150	P1-51-10	0	-
509	58.187500	58.239583	B3	63	80	0	0	-1	*	3	-
510	58.188802	58.226562	B4	70	80	0	0	9150	P1-51-11	0	-
511	58.329427	58.378906	B3	73	80	0	0	-1	*	3	-
512	58.330729	58.372396	C#4	78	80	0	0	9180	P1-51-23	0	-
513	58.333333	58.375000	B4	80	80	0	0	9180	P1-51-14	0	-
514	58.333333	58.373698	G#4	78	80	0	0	9180	P1-51-13	0	-
515	58.334635	58.348958	F#1	56	80	0	0	9180	P1-51-15	1	-
516	58.473958	58.518229	B4	80	80	0	0	9210	P1-51-17	0	-
517	58.475260	58.519531	B3	70	80	0	0	9210	P1-51-24	1	-
518	58.475260	58.489583	D4	68	80	0	0	-1	*	3	-
519	58.476562	58.522135	G#4	80	80	0	0	9210	P1-51-16	0	-
520	58.479167	58.489583	F#2	64	80	0	0	-1	*	3	-
521	58.480469	58.489583	F#1	62	80	0	0	9210	P1-51-18	1	-
522	58.625000	58.674479	B4	82	80	0	0	9240	P1-52-2	0	-
523	58.627604	58.688802	B3	77	80	0	0	9240	P1-52-19	1	-
524	58.627604	58.673177	G#4	86	80	0	0	9240	P1-52-1	0	-
525	58.628906	58.639323	D4	75	80	0	0	-1	*	3	-
526	58.631510	58.639323	F#3	70	80	0	0	-1	*	3	-
527	58.634115	58.639323	F#2	67	80	0	0	-1	*	3	-
528	58.634115	58.649740	F#1	64	80	0	0	9240	P1-52-3	1	-
529	58.773438	58.779948	D4	80	80	0	0	-1	*	3	-
530	58.774740	58.824219	B4	92	80	0	0	9270	P1-52-5	0	-
531	58.774740	58.829427	B3	78	80	0	0	-1	*	3	-
532	58.777344	58.824219	G#4	92	80	0	0	9270	P1-52-4	0	-
533	58.781250	58.829427	C#4	82	80	0	0	9270	P1-52-20	0	-
534	58.781250	58.789062	F#2	65	80	0	0	-1	*	3	-
535	58.782552	58.789062	F#1	64	80	0	0	9270	P1-52-6	1	-
536	58.923177	58.968750	B3	80	80	0	0	-1	*	3	-
537	58.923177	58.972656	B4	90	80	0	0	9300	P1-52-8	0	-
538	58.924479	58.938802	D4	79	80	0	0	-1	*	3	-
539	58.925781	58.970052	G#4	86	80	0	0	9300	P1-52-7	0	-
540	58.929688	58.979167	C#4	82	80	0	0	9300	P1-52-21	0	-
541	59.070312	59.139323	C#4	84	80	0	0	9330	P1-52-22	0	-
542	59.071615	59.128906	B3	85	80	0	0	-1	*	3	-
543	59.071615	59.117188	B4	86	80	0	0	9330	P1-52-11	0	-
544	59.071615	59.115885	G#4	87	80	0	0	9330	P1-52-10	0	-
545	59.072917	59.079427	F#3	73	80	0	0	-1	*	3	-
546	59.074219	59.089844	F#2	65	80	0	0	-1	*	3	-
547	59.075521	59.089844	F#1	66	80	0	0	9330	P1-52-12	1	-
548	59.217448	59.261719	B4	97	80	0	0	9360	P1-52-14	0	-
549	59.218750	59.259115	B3	85	80	0	0	9390	P1-52-24	1	-
550	59.345052	59.359375	E3	71	80	0	0	-1	*	3	-
551	59.345052	59.359375	D4	85	80	0	0	9420	P1-53-33	1	-
552	59.345052	59.397135	B4	96	80	0	0	9390	P1-52-17	0	-
553	59.346354	59.359375	Bb3	85	80	0	0	9420	P1-53-32	0	-
554	59.347656	59.359375	F#3	75	80	0	0	9420	P1-53-31	0	-
555	59.347656	59.359375	E4	84	80	0	0	9420	P1-53-34	0	-
556	59.511719	59.589844	Bb3	85	80	0	0	9450	P1-53-36	0	-
557	59.511719	59.519531	C#4	86	80	0	0	9450	P1-53-37	0	-
558	59.514323	59.579427	E4	88	80	0	0	9450	P1-53-38	0	-
559	59.514323	59.598958	F#3	80	80	0	0	9450	P1-53-35	0	-
560	59.524740	59.589844	F#4	85	80	0	0	9420	P1-53-1	1	-
561	59.735677	59.789062	E4	89	80	0	0	9480	P1-53-42	0	-
562	59.736979	59.809896	F#3	82	80	0	0	9480	P1-53-39	0	-
563	59.738281	59.809896	F#4	90	80	0	0	-1	*	3	-
564	59.739583	59.809896	Bb3	84	80	0	0	9480	P1-53-40	0	-
565	59.742188	59.750000	Bb4	95	80	0	0	9450	P1-53-7	1	-
566	59.746094	59.759115	C#4	85	80	0	0	9480	P1-53-41	0	-
567	59.894531	59.899740	Bb4	89	80	0	0	9480	P1-53-12	1	-
568	59.894531	59.938802	E4	77	80	0	0	9510	P1-53-46	0	-
569	59.894531	59.959635	F#3	73	80	0	0	9510	P1-53-43	0	-
570	59.895833	59.949219	F#4	80	80	0	0	-1	*	3	-
571	59.895833	59.937500	Bb3	82	80	0	0	9510	P1-53-44	0	-
572	60.042969	60.093750	Bb5	96	80	0	0	9510	P1-53-17	0	-
573	60.045573	60.109375	Bb3	79	80	0	0	-1	*	3	-
574	60.045573	60.098958	E4	82	80	0	0	-1	*	3	-
575	60.045573	60.109375	F#3	76	80	0	0	-1	*	3	-
576	60.048177	60.059896	Bb4	92	80	0	0	-1	*	3	-
577	60.050781	60.059896	F#4	83	80	0	0	-1	*	3	-
578	60.052083	60.091146	C#4	83	80	0	0	-1	*	3	-
579	60.192708	60.259115	Bb3	77	80	0	0	9540	P1-53-48	0	-
580	60.194010	60.259115	F#3	72	80	0	0	9540	P1-53-47	0	-
581	60.194010	60.199219	Bb4	87	80	0	0	-1	*	3	-
582	60.194010	60.209635	C#4	76	80	0	0	9540	P1-53-49	0	-
583	60.194010	60.239583	E4	83	80	0	0	9540	P1-53-50	0	-
584	60.195312	60.250000	F#4	87	80	0	0	-1	*	3	-
585	60.339844	60.399740	F#2	77	80	0	0	-1	*	3	-
586	60.343750	60.408854	F#4	88	80	0	0	-1	*	3	-
587	60.343750	60.419271	F#3	77	80	0	0	9570	P1-53-51	0	-
588	60.343750	60.408854	Bb3	82	80	0	0	9570	P1-53-52	0	-
589	60.345052	60.359375	Bb4	91	80	0	0	-1	*	3	-
590	60.345052	60.389323	E4	83	80	0	0	9570	P1-53-54	0	-
591	60.503906	60.559896	Bb3	84	80	0	0	9600	P1-54-32	0	-
592	60.503906	60.509115	Bb4	94	80	0	0	-1	*	3	-
593	60.503906	60.569010	F#4	83	80	0	0	-1	*	3	-
594	60.505208	60.549479	E4	81	80	0	0	9600	P1-54-34	0	-
595	60.506510	60.559896	F#3	80	80	0	0	9600	P1-54-31	0	-
596	60.673177	60.679688	Bb4	86	80	0	0	-1	*	3	-
597	60.674479	60.739583	Bb3	78	80	0	0	9630	P1-54-36	0	-
598	60.674479	60.750000	F#4	79	80	0	0	-1	*	3	-
599	60.675781	60.759115	F#3	71	80	0	0	9630	P1-54-35	0	-
600	60.675781	60.718750	E4	74	80	0	0	9630	P1-54-38	0	-
601	60.677083	60.688802	C#4	80	80	0	0	9630	P1-54-37	0	-
602	60.847656	60.908854	Bb3	77	80	0	0	9660	P1-54-40	0	-
603	60.852865	60.908854	E4	79	80	0	0	9660	P1-54-42	0	-
604	60.852865	60.859375	F#4	79	80	0	0	-1	*	3	-
605	61.031250	61.039062	F#2	72	80	0	0	9690	P1-54-43	1	-
606	61.035156	61.128906	Bb3	76	80	0	0	9690	P1-54-44	0	-
607	61.035156	61.098958	E4	73	80	0	0	9690	P1-54-46	0	-
608	61.036458	61.049479	C#4	76	80	0	0	9690	P1-54-45	0	-
609	61.247396	61.309896	C#4	72	80	0	0	9720	P1-54-49	0	-
610	61.251302	61.319010	E4	72	80	0	0	9720	P1-54-50	0	-
611	61.252604	61.339844	Bb3	76	80	0	0	9720	P1-54-48	0	-
612	61.475260	61.559896	C#4	75	80	0	0	9750	P1-54-53	0	-
613	61.477865	61.569010	Bb3	75	80	0	0	9750	P1-54-52	0	-
614	61.481771	61.549479	E4	73	80	0	0	9750	P1-54-54	0	-
615	61.882812	62.059896	B2	54	80	0	0	9780	P1-55-5	0	-
616	61.884115	62.299479	G6	72	80	0	0	9780	P1-55-2	0	-
617	61.886719	62.128906	G5	64	80	0	0	9780	P1-55-1	0	-
618	62.022135	62.069010	D4	37	80	0	0	9795	P1-55-6	0	-
619	62.101562	62.218750	F#3	47	80	0	0	9810	P1-55-7	0	-
620	62.186198	62.269531	D4	43	80	0	0	9825	P1-55-8	0	-
621	62.309896	62.408854	C#3	57	80	0	0	9840	P1-55-9	0	-
622	62.345052	62.949219	F#6	77	80	0	0	9840	P1-55-4	0	-
623	62.361979	63.000000	F#5	69	80	0	0	9840	P1-55-3	0	-
624	62.415365	62.489583	E4	58	80	0	0	9855	P1-55-10	0	-
625	62.505208	62.658854	F#3	49	80	0	0	9870	P1-55-11	0	-
626	62.575521	62.639323	E4	51	80	0	0	9885	P1-55-12	0	-
627	62.648438	62.713542	D3	65	80	0	0	9900	P1-55-13	0	-
628	62.774740	62.839844	F#4	60	80	0	0	9915	P1-55-14	0	-
629	62.839844	62.953125	F#3	55	80	0	0	9930	P1-55-15	0	-
630	62.902344	63.019531	F#4	58	80	0	0	9945	P1-55-16	0	-
631	63.018229	63.128906	B2	64	80	0	0	9960	P1-56-5	0	-
632	63.104167	63.179688	D4	64	80	0	0	9975	P1-56-6	0	-
633	63.108073	63.119792	E4	61	80	0	0	9975	*	3	-
634	63.173177	63.222656	F#3	70	80	0	0	9990	P1-56-7	0	-
635	63.255208	63.289062	D4	63	80	0	0	10005	P1-56-8	0	-
636	63.313802	63.419271	B5	82	80	0	0	10020	P1-56-4	0	-
637	63.320312	63.609375	B4	69	80	0	0	10020	P1-56-3	0	-
638	63.355469	63.449219	C#3	61	80	0	0	10020	P1-56-9	0	-
639	63.425781	63.466146	E4	67	80	0	0	10035	P1-56-10	0	-
640	63.518229	63.529948	F#3	46	80	0	0	10050	P1-56-11	0	-
641	63.588542	63.679688	E4	66	80	0	0	10065	P1-56-12	0	-
642	63.639323	63.692708	D3	70	80	0	0	10080	P1-56-13	0	-
643	63.763021	63.795573	F#4	64	80	0	0	10095	P1-56-14	0	-
644	63.824219	63.829427	F#3	46	80	0	0	10110	P1-56-15	0	-
645	63.875000	63.924479	F#4	67	80	0	0	10125	P1-56-16	0	-
646	63.993490	64.042969	B2	66	80	0	0	10140	P1-57-5	0	-
647	63.994792	64.009115	C3	65	80	0	0	-1	*	3	-
648	64.075521	64.135417	D4	72	80	0	0	10155	P1-57-6	0	-
649	64.153646	64.209635	F#4	43	80	0	0	-1	*	3	-
650	64.154948	64.179688	F#3	41	80	0	0	10170	P1-57-7	0	-
651	64.244792	64.289062	D4	54	80	0	0	10185	P1-57-8	0	-
652	64.305990	64.345052	C#3	67	80	0	0	10200	P1-57-9	0	-
653	64.312500	64.559896	F#4	73	80	0	0	10200	P1-57-3	0	-
654	64.402344	64.457031	E4	63	80	0	0	10215	P1-57-10	0	-
655	64.494792	64.639323	F#3	50	80	0	0	10230	P1-57-11	0	-
656	64.554688	64.658854	E4	54	80	0	0	10245	P1-57-12	0	-
657	64.611979	64.665365	D3	68	80	0	0	10260	P1-57-13	0	-
658	64.738281	64.899740	F#4	66	80	0	0	10275	P1-57-14	0	-
659	64.813802	64.919271	F#3	69	80	0	0	10290	P1-57-15	0	-
660	64.819010	64.908854	D4	55	80	0	0	-1	*	3	-
661	64.998698	65.053385	B2	65	80	0	0	10320	P1-58-6	0	-
662	65.085938	65.218750	D4	52	80	0	0	10335	P1-58-7	0	-
663	65.144531	65.199219	F#3	62	80	0	0	10350	P1-58-8	0	-
664	65.230469	65.259115	D4	32	80	0	0	10365	P1-58-9	0	-
665	65.281250	65.569010	B4	73	80	0	0	10380	P1-58-5	0	-
666	65.294271	65.489583	B3	72	80	0	0	10380	P1-58-3	0	-
667	65.303385	65.350260	C#3	68	80	0	0	10380	P1-58-10	0	-
668	65.384115	65.433594	E4	63	80	0	0	10395	P1-58-11	0	-
669	65.391927	65.399740	F#4	61	80	0	0	-1	*	3	-
670	65.459635	65.519531	G4	53	80	0	0	-1	*	3	-
671	65.462240	65.468750	F#3	50	80	0	0	10410	P1-58-12	0	-
672	65.529948	65.649740	E4	66	80	0	0	10425	P1-58-13	0	-
673	65.593750	65.643229	D3	64	80	0	0	10440	P1-58-14	0	-
674	65.713542	65.752604	F#4	68	80	0	0	10455	P1-58-15	0	-
675	65.790365	65.889323	F#3	64	80	0	0	10470	P1-58-16	0	-
676	65.842448	65.919271	F#4	80	80	0	0	10485	P1-58-17	0	-
677	65.936198	65.984375	E3	65	80	0	0	10500	P1-59-7	0	-
678	66.016927	66.071615	D4	66	80	0	0	10515	P1-59-8	0	-
679	66.087240	66.144531	B3	66	80	0	0	10530	P1-59-9	0	-
680	66.174479	66.212240	D4	67	80	0	0	10545	P1-59-10	0	-
681	66.253906	66.286458	F3	65	80	0	0	10560	P1-59-11	0	-
682	66.255208	66.359375	G4	78	80	0	0	10560	P1-59-2	0	-
683	66.315104	66.355469	D4	74	80	0	0	10575	P1-59-12	0	-
684	66.388021	66.446615	B3	70	80	0	0	10590	P1-59-13	0	-
685	66.467448	66.513021	D4	66	80	0	0	10605	P1-59-14	0	-
686	66.562500	66.718750	F#4	87	80	0	0	10620	P1-59-3	0	-
687	66.622396	66.675781	D4	74	80	0	0	10635	P1-59-16	0	-
688	66.697917	66.751302	B3	70	80	0	0	10650	P1-59-17	0	-
689	66.783854	66.878906	D4	63	80	0	0	10665	P1-59-18	0	-
690	66.854167	66.979167	F#3	72	80	0	0	10680	P1-60-3	0	-
691	66.885417	67.059896	F#4	75	80	0	0	10680	P1-60-1	0	-
692	66.934896	66.989583	D4	63	80	0	0	10695	P1-60-4	0	-
693	67.002604	67.053385	B3	76	80	0	0	10710	P1-60-5	0	-
694	67.076823	67.126302	D4	69	80	0	0	10725	P1-60-6	0	-
695	67.165365	67.269531	F#3	65	80	0	0	10740	P1-60-7	0	-
696	67.234375	67.282552	D4	67	80	0	0	10755	P1-60-8	0	-
697	67.294271	67.378906	B3	81	80	0	0	10770	P1-60-9	0	-
698	67.375000	67.438802	D4	55	80	0	0	10785	P1-60-10	0	-
699	67.436198	67.449219	E3	42	80	0	0	10800	*	3	-
700	67.468750	67.569010	F#3	57	80	0	0	10800	P1-60-11	0	-
701	67.473958	67.598958	Bb4	84	80	0	0	10800	P1-60-2	0	-
702	67.554688	67.598958	E4	58	80	0	0	10815	P1-60-12	0	-
703	67.618490	67.699219	C#4	69	80	0	0	10830	P1-60-13	0	-
704	67.686198	67.769531	E4	67	80	0	0	10845	P1-60-14	0	-
705	67.828125	67.903646	B2	66	80	0	0	10860	P1-61-5	0	-
706	67.986979	68.059896	D4	60	80	0	0	10875	P1-61-6	0	-
707	67.992188	68.229167	G5	76	80	0	0	10890	P1-61-2	0	-
708	68.069010	68.169271	F#3	67	80	0	0	10890	P1-61-7	0	-
709	68.158854	68.229167	D4	53	80	0	0	10905	P1-61-8	0	-
710	68.244792	68.311198	C#3	70	80	0	0	10920	P1-61-9	0	-
711	68.264323	68.799479	G6	95	80	0	0	10920	P1-61-3	0	-
712	68.348958	68.429688	E4	65	80	0	0	10935	P1-61-10	0	-
713	68.442708	68.449219	F#3	51	80	0	0	10950	P1-61-11	0	-
714	68.503906	68.639323	E4	74	80	0	0	10965	P1-61-12	0	-
715	68.585938	68.639323	D3	61	80	0	0	10980	P1-61-13	0	-
716	68.713542	68.769531	F#4	52	80	0	0	10995	P1-61-14	0	-
717	68.765625	68.889323	F#6	82	80	0	0	11010	P1-61-4	0	-
718	68.766927	68.839844	C#4	55	80	0	0	11010	P1-61-15	1	-
719	68.949219	68.994792	B2	52	80	0	0	11040	P1-62-5	0	-
720	69.033854	69.079427	D4	53	80	0	0	11055	P1-62-6	0	-
721	69.084635	69.269531	F#6	91	80	0	0	11070	P1-62-2	0	-
722	69.104167	69.218750	F#3	50	80	0	0	11070	P1-62-7	0	-
723	69.169271	69.221354	D4	63	80	0	0	11085	P1-62-8	0	-
724	69.257812	69.324219	C#3	73	80	0	0	11100	P1-62-9	0	-
725	69.264323	69.729167	C#6	99	80	0	0	11100	P1-62-3	0	-
726	69.339844	69.380208	E4	72	80	0	0	11115	P1-62-10	0	-
727	69.432292	69.658854	F#3	48	80	0	0	11130	P1-62-11	0	-
728	69.490885	69.527344	E4	69	80	0	0	11145	P1-62-12	0	-
729	69.557292	69.617188	D3	71	80	0	0	11160	P1-62-13	0	-
730	69.696615	69.779948	F#4	60	80	0	0	11175	P1-62-14	0	-
731	69.744792	69.839844	B5	85	80	0	0	11190	P1-62-4	0	-
732	69.932292	69.983073	B2	59	80	0	0	11220	P1-63-5	0	-
733	70.011719	70.044271	D4	63	80	0	0	11235	P1-63-6	0	-
734	70.071615	70.169271	B5	84	80	0	0	11250	P1-63-2	0	-
735	70.071615	70.123698	F#3	53	80	0	0	11250	P1-63-7	0	-
736	70.153646	70.201823	D4	63	80	0	0	11265	P1-63-8	0	-
737	70.234375	70.281250	C#3	67	80	0	0	11280	P1-63-9	0	-
738	70.243490	70.359375	G5	90	80	0	0	11280	P1-63-3	0	-
739	70.305990	70.350260	E4	70	80	0	0	11295	P1-63-10	0	-
740	70.394531	70.509115	F#3	51	80	0	0	11310	P1-63-11	0	-
741	70.466146	70.539062	E4	68	80	0	0	11325	P1-63-12	0	-
742	70.522135	70.570312	D3	64	80	0	0	11340	P1-63-13	0	-
743	70.652344	70.697917	F#4	58	80	0	0	11355	P1-63-14	0	-
744	70.704427	70.839844	F#5	78	80	0	0	11370	P1-63-4	0	-
745	70.791667	70.889323	F#4	54	80	0	0	11385	P1-63-16	0	-
746	70.895833	70.942708	B2	53	80	0	0	11400	P1-64-5	0	-
747	70.975260	71.031250	D4	56	80	0	0	11415	P1-64-6	0	-
748	71.014323	71.179688	F#5	81	80	0	0	11430	P1-64-2	0	-
749	71.061198	71.188802	F#3	51	80	0	0	11430	P1-64-7	0	-
750	71.139323	71.199219	D4	58	80	0	0	11445	P1-64-8	0	-
751	71.216146	71.459635	C#5	82	80	0	0	11460	P1-64-3	0	-
752	71.229167	71.309896	C#3	65	80	0	0	11460	P1-64-9	0	-
753	71.305990	71.363281	E4	63	80	0	0	11475	P1-64-10	0	-
754	71.457031	71.628906	E4	40	80	0	0	11505	P1-64-12	0	-
755	71.522135	71.576823	D3	61	80	0	0	11520	P1-64-13	0	-
756	71.636719	71.769531	F#4	62	80	0	0	11535	P1-64-14	0	-
757	71.764323	71.859375	B4	73	80	0	0	11550	P1-64-4	0	-
758	71.884115	71.925781	E3	57	80	0	0	11550	P1-64-15	1	-
759	71.946615	72.039062	B4	70	80	0	0	11580	P1-65-1	0	-
760	71.953125	72.011719	D4	70	80	0	0	11595	P1-65-5	0	-
761	72.045573	72.096354	B3	56	80	0	0	11580	P1-65-4	1	-
762	72.126302	72.174479	D4	66	80	0	0	11625	P1-65-7	0	-
763	72.213542	72.255208	F3	63	80	0	0	11610	P1-65-6	1	-
764	72.269531	72.399740	G4	73	80	0	0	11640	P1-65-2	0	-
765	72.295573	72.341146	D4	70	80	0	0	11655	P1-65-9	1	-
766	72.360677	72.407552	B3	65	80	0	0	11640	P1-65-8	1	-
767	72.446615	72.509115	D4	77	80	0	0	11685	P1-65-11	1	-
768	72.544271	72.597656	F#3	65	80	0	0	11670	P1-65-10	0	-
769	72.561198	72.626302	F#4	78	80	0	0	11700	P1-65-3	0	-
770	72.627604	72.673177	D4	73	80	0	0	11715	P1-65-13	1	-
771	72.684896	72.735677	B3	75	80	0	0	11700	P1-65-12	1	-
772	72.764323	72.815104	D4	76	80	0	0	11745	P1-65-15	1	-
773	72.845052	73.128906	F#3	78	80	0	0	11730	P1-65-14	0	-
774	72.854167	73.299479	F#4	80	80	0	0	11760	P1-66-1	0	-
775	73.014323	73.083333	D4	71	80	0	0	11790	P1-66-2	0	-
776	73.164062	73.329427	B3	88	80	0	0	11820	P1-66-3	0	-
777	73.317708	73.365885	G3	88	80	0	0	11850	P1-66-4	0	-
778	73.464844	73.559896	F#3	92	80	0	0	11880	P1-66-5	0	-
779	73.471354	73.532552	F#2	95	80	0	0	11880	P1-66-9	0	-
780	73.473958	73.529948	F#1	87	80	0	0	11880	P1-66-8	0	-
781	73.619792	73.682292	Bb3	95	80	0	0	11910	P1-66-6	0	-
782	73.792969	74.000000	B3	99	80	0	0	11940	P1-67-1	0	-
783	73.795573	73.869792	B2	101	80	0	0	11940	P1-67-5	0	-
784	73.802083	73.845052	B1	92	80	0	0	11940	P1-67-4	0	-
785	73.955729	74.039062	C#4	92	80	0	0	11970	*	3	-
786	73.958333	74.000000	C#3	96	80	0	0	11970	P1-67-7	0	-
787	73.958333	74.002604	C#2	86	80	0	0	11970	P1-67-6	0	-
788	74.111979	74.156250	D3	89	80	0	0	12000	P1-67-9	0	-
789	74.113281	74.164062	D2	80	80	0	0	12000	P1-67-8	0	-
790	74.263021	74.300781	E3	93	80	0	0	12030	P1-67-11	0	-
791	74.263021	74.304688	E2	84	80	0	0	12030	P1-67-10	0	-
792	74.444010	75.479167	F#3	97	80	0	0	12060	P1-67-13	0	-
793	74.445312	75.789062	F#2	94	80	0	0	12060	P1-67-12	0	-
794	74.841146	75.089844	B3	104	80	0	0	12120	P1-68-2	0	-
795	75.903646	76.739583	C4	76	80	0	0	12300	P1-69-4	0	-
796	75.934896	76.729167	E2	47	80	0	0	12300	P1-69-6	0	-
797	75.936198	75.949219	E1	54	80	0	0	12300	*	3	-
798	76.605469	77.279948	G4	86	80	0	0	12420	P1-69-3	0	-
799	77.014323	77.859375	C#4	43	80	0	0	12480	P1-70-7	0	-
800	77.028646	77.938802	E4	42	80	0	0	12480	P1-70-8	0	-
801	77.040365	77.669271	F#2	39	80	0	0	12480	P1-70-9	0	-
802	77.045573	77.878906	Bb3	42	80	0	0	12480	P1-70-6	0	-
803	77.730469	78.039062	F#4	52	80	0	0	12600	P1-70-5	0	-
804	78.114583	78.188802	B2	94	80	0	0	12660	P1-71-7	0	-
805	78.114583	78.412760	D4	88	80	0	0	12660	P1-71-2	0	-
806	78.115885	78.229167	B1	88	80	0	0	12660	P1-71-6	0	-
807	78.118490	78.218750	B3	88	80	0	0	12660	P1-71-1	0	-
808	78.265625	78.313802	C#3	96	80	0	0	12690	P1-71-9	0	-
809	78.266927	78.319010	C#2	85	80	0	0	12690	P1-71-8	0	-
810	78.420573	78.429688	D3	88	80	0	0	12720	P1-71-11	0	-
811	78.423177	78.470052	D2	82	80	0	0	12720	P1-71-10	0	-
812	78.567708	78.614583	E2	86	80	0	0	12750	P1-71-12	0	-
813	78.738281	78.789062	F#3	96	80	0	0	12780	P1-71-15	0	-
814	78.742188	80.279948	F#2	95	80	0	0	12780	P1-71-14	0	-
815	79.154948	79.348958	B3	103	80	0	0	12840	P1-72-2	0	-
816	79.156250	79.199219	G3	99	80	0	0	12840	P1-72-1	0	-
817	80.223958	81.069010	E2	51	80	0	0	13020	P1-73-6	0	-
818	80.223958	80.769531	C4	80	80	0	0	13020	P1-73-4	0	-
819	80.226562	80.239583	E1	59	80	0	0	13020	*	3	-
820	80.875000	81.959635	G4	87	80	0	0	13140	P1-73-3	0	-
821	81.295573	82.339844	E4	46	80	0	0	13200	P1-74-8	0	-
822	81.295573	82.459635	F#2	39	80	0	0	13200	P1-74-9	0	-
823	81.296875	82.128906	C#4	44	80	0	0	13200	P1-74-7	0	-
824	81.296875	82.079427	Bb3	47	80	0	0	13200	P1-74-6	0	-
825	82.019531	82.429688	F#4	40	80	0	0	13320	P1-74-5	0	-
826	83.053385	84.009115	G4	72	80	0	0	13500	P1-75-3	0	-
827	83.483073	84.589844	D4	47	80	0	0	13560	P1-76-7	0	-
828	83.485677	84.359375	B3	38	80	0	0	13560	P1-76-6	0	-
829	83.497396	84.463542	B2	29	80	0	0	13560	P1-76-9	0	-
830	83.501302	84.239583	B1	31	80	0	0	13560	P1-76-8	0	-
831	84.250000	84.619792	F#4	43	80	0	0	13680	P1-76-5	0	-
832	84.252604	84.539062	B1	27	80	0	0	13680	*	3	-
833	85.385417	86.658854	G4	54	80	0	0	13860	P1-77-4	0	-
834	85.813802	85.819010	F#2	28	80	0	0	13920	P1-78-9	0	-
835	85.816406	86.559896	C#4	32	80	0	0	13920	P1-78-6	0	-
836	85.816406	86.669271	E4	33	80	0	0	13920	P1-78-7	0	-
837	85.817708	86.669271	F#1	28	80	0	0	13920	P1-78-8	0	-
838	86.575521	87.079427	Bb4	49	80	0	0	14040	P1-78-3	0	-
839	87.035156	87.628906	B4	40	80	0	0	14100	P1-79-3	0	-
840	87.045573	87.559896	B3	34	80	0	0	14100	P1-79-1	0	-
841	87.046875	87.524740	D4	32	80	0	0	14100	P1-79-2	0	-
842	87.054688	87.059896	B2	26	80	0	0	14100	P1-79-7	0	-
843	87.076823	87.520833	B1	22	80	0	0	14100	P1-79-6	0	-
844	88.132812	88.658854	B4	35	80	0	0	14280	P1-80-3	0	-
845	88.141927	88.569010	B1	24	80	0	0	14280	P1-80-6	0	-
846	88.141927	88.578125	D4	26	80	0	0	14280	P1-80-2	0	-
847	88.143229	88.598958	B2	24	80	0	0	14280	P1-80-7	0	-
848	88.143229	88.619792	B3	29	80	0	0	14280	P1-80-1	0	-
849	88.152344	88.158854	F#3	22	80	0	0	14280	*	3	-
850	89.240885	90.139323	B4	35	80	0	0	14460	P1-81-3	0	-
851	89.243490	90.059896	B2	23	80	0	0	14460	P1-81-7	0	-
852	89.243490	90.069010	D4	25	80	0	0	14460	P1-81-2	0	-
853	89.243490	90.039062	B1	23	80	0	0	14460	P1-81-6	0	-
854	89.246094	89.699219	B3	25	80	0	0	14460	P1-81-1	0	-
855	90.419271	91.589844	B4	38	80	0	0	14640	P1-82-1	0	-
856	91.602865	92.569010	B4	34	80	0	0	14820	P1-83-1	0	-
857	92.731771	93.389323	B4	34	80	0	0	15000	P1-84-1	0	-
858	93.466146	93.649740	A5	53	80	0	0	15120	P1-84-2	0	-
859	93.467448	93.549479	B4	45	80	0	0	15120	P1-84-7	0	-
860	93.473958	93.519531	A4	46	80	0	0	15120	P1-84-11	0	-
861	93.475260	93.579427	F#4	40	80	0	0	15120	P1-84-10	0	-
862	93.628906	93.666667	B4	47	80	0	0	15150	P1-84-3	0	-
863	93.809896	93.856771	B4	51	80	0	0	15180	P1-85-11	0	-
864	93.811198	94.389323	A5	64	80	0	0	15180	P1-85-1	0	-
865	93.822917	93.859375	A4	49	80	0	0	15180	P1-85-15	0	-
866	93.830729	94.158854	F#4	45	80	0	0	15180	P1-85-14	0	-
867	93.947917	93.994792	B4	59	80	0	0	15210	P1-85-2	0	-
868	94.115885	94.218750	B4	55	80	0	0	15240	P1-85-4	0	-
869	94.264323	94.295573	B4	48	80	0	0	15270	P1-85-6	0	-
870	94.266927	94.479167	G5	56	80	0	0	15270	P1-85-7	0	-
871	94.415365	94.489583	F#5	63	80	0	0	15300	P1-85-9	0	-
872	94.420573	94.472656	B4	53	80	0	0	15300	P1-85-8	0	-
873	94.430990	94.468750	A4	47	80	0	0	15300	P1-85-18	0	-
874	94.437500	94.471354	F#4	45	80	0	0	15300	P1-85-17	0	-
875	94.567708	94.613281	B4	62	80	0	0	15330	P1-85-10	0	-
876	94.751302	94.795573	B4	54	80	0	0	15360	P1-86-13	0	-
877	94.756510	94.979167	B5	62	80	0	0	15360	P1-86-2	0	-
878	94.765625	95.128906	G5	54	80	0	0	15360	P1-86-1	0	-
879	94.774740	94.839844	E4	41	80	0	0	15360	P1-86-16	0	-
880	94.774740	94.968750	G4	46	80	0	0	15360	P1-86-17	0	-
881	94.923177	94.958333	B4	56	80	0	0	15390	P1-86-3	0	-
882	95.069010	95.105469	B4	52	80	0	0	15420	P1-86-6	0	-
883	95.222656	95.260417	B4	56	80	0	0	15450	P1-86-7	0	-
884	95.375000	95.432292	B4	56	80	0	0	15480	P1-86-15	0	-
885	95.391927	95.429688	G4	52	80	0	0	15480	P1-86-20	0	-
886	95.394531	95.436198	E4	48	80	0	0	15480	P1-86-19	0	-
887	95.526042	95.539062	C5	57	80	0	0	-1	*	3	-
888	95.527344	95.565104	B4	56	80	0	0	15510	P1-86-10	0	-
889	95.708333	95.744792	B4	56	80	0	0	15540	P1-87-15	0	-
890	95.714844	96.079427	B5	64	80	0	0	15540	P1-87-2	0	-
891	95.720052	95.968750	G#5	58	80	0	0	15540	P1-87-1	0	-
892	95.726562	96.209635	F4	43	80	0	0	15540	P1-87-19	0	-
893	95.734375	96.049479	D4	45	80	0	0	15540	P1-87-18	0	-
894	95.864583	95.902344	B4	60	80	0	0	15570	P1-87-3	0	-
895	96.019531	96.054688	B4	61	80	0	0	15600	P1-87-6	0	-
896	96.156250	96.239583	A5	73	80	0	0	15630	P1-87-10	0	-
897	96.157552	96.218750	B4	64	80	0	0	15630	P1-87-9	0	-
898	96.304688	96.369792	B5	73	80	0	0	15660	P1-87-13	0	-
899	96.311198	96.348958	B4	65	80	0	0	15660	P1-87-11	0	-
900	96.311198	96.419271	F4	55	80	0	0	15660	P1-87-22	0	-
901	96.313802	96.365885	D4	53	80	0	0	15660	P1-87-21	0	-
902	96.453125	96.488281	B4	60	80	0	0	15690	P1-87-14	0	-
903	96.614583	97.119792	C6	70	80	0	0	15720	P1-88-3	0	-
904	96.614583	96.628906	C5	65	80	0	0	15720	P1-88-1	0	-
905	96.628906	96.665365	E4	49	80	0	0	15720	P1-88-8	0	-
906	96.635417	96.889323	C4	48	80	0	0	15720	P1-88-7	0	-
907	96.805990	96.845052	E4	51	80	0	0	15750	P1-88-9	0	-
908	96.932292	96.966146	E4	53	80	0	0	15780	P1-88-10	0	-
909	97.082031	97.114583	E4	59	80	0	0	15810	P1-88-11	0	-
910	97.233073	97.269531	E4	66	80	0	0	15840	P1-88-12	0	-
911	97.234375	97.299479	C6	79	80	0	0	15840	P1-88-6	0	-
912	97.236979	97.289062	C5	76	80	0	0	15840	P1-88-5	0	-
913	97.380208	97.416667	E4	62	80	0	0	15870	P1-88-13	0	-
914	97.544271	97.584635	E4	68	80	0	0	15900	P1-89-7	0	-
915	97.554688	97.669271	C4	57	80	0	0	15900	P1-89-16	0	-
916	97.555990	97.649740	A3	56	80	0	0	15900	P1-89-15	0	-
917	97.561198	98.009115	C6	82	80	0	0	15900	P1-89-2	0	-
918	97.705729	97.751302	E4	54	80	0	0	15930	P1-89-8	0	-
919	97.843750	97.881510	E4	66	80	0	0	15960	P1-89-9	0	-
920	97.996094	98.035156	E4	54	80	0	0	15990	P1-89-10	0	-
921	97.996094	98.119792	B4	76	80	0	0	15990	P1-89-3	0	-
922	97.998698	98.209635	B5	74	80	0	0	15990	P1-89-4	0	-
923	98.138021	98.174479	E4	67	80	0	0	16020	P1-89-13	0	-
924	98.143229	98.192708	C4	64	80	0	0	16020	P1-89-12	0	-
925	98.143229	98.194010	A3	66	80	0	0	16020	P1-89-11	0	-
926	98.144531	98.218750	A4	77	80	0	0	16020	P1-89-5	0	-
927	98.283854	98.321615	E4	60	80	0	0	16050	P1-89-14	0	-
928	98.470052	98.531250	B3	64	80	0	0	16080	P1-90-13	0	-
929	98.471354	98.949219	D6	77	80	0	0	16080	P1-90-2	0	-
930	98.472656	98.518229	F4	69	80	0	0	16080	P1-90-6	0	-
931	98.475260	98.859375	D5	80	80	0	0	16080	P1-90-1	0	-
932	98.627604	98.671875	F4	64	80	0	0	16110	P1-90-7	0	-
933	98.763021	98.811198	F4	67	80	0	0	16140	P1-90-8	0	-
934	98.903646	98.953125	F4	74	80	0	0	16170	P1-90-9	0	-
935	99.050781	99.102865	D6	91	80	0	0	16200	P1-90-5	0	-
936	99.054688	99.093750	F4	83	80	0	0	16200	P1-90-10	0	-
937	99.055990	99.106771	B3	83	80	0	0	16200	P1-90-16	0	-
938	99.057292	99.105469	D5	91	80	0	0	16200	P1-90-4	0	-
939	99.207031	99.261719	F4	69	80	0	0	16230	P1-90-11	0	-
940	99.373698	99.415365	F4	93	80	0	0	16260	P1-91-7	0	-
941	99.382812	99.779948	D6	102	80	0	0	16260	P1-91-2	0	-
942	99.385417	99.579427	D5	99	80	0	0	16260	P1-91-1	0	-
943	99.537760	99.584635	F4	79	80	0	0	16290	P1-91-8	0	-
944	99.669271	99.718750	F4	80	80	0	0	16320	P1-91-9	0	-
945	99.813802	99.860677	F4	80	80	0	0	16350	P1-91-10	0	-
946	99.822917	99.829427	Bb2	61	80	0	0	-1	*	3	-
947	99.826823	99.959635	C6	93	80	0	0	16350	P1-91-4	0	-
948	99.966146	99.979167	Bb2	75	80	0	0	16380	P1-91-11	1	-
949	99.967448	100.079427	D6	98	80	0	0	16380	P1-91-6	0	-
950	99.970052	100.014323	Bb3	83	80	0	0	16380	P1-91-12	0	-
951	99.972656	100.049479	D5	99	80	0	0	16380	P1-91-5	0	-
952	100.122396	100.178385	F4	79	80	0	0	16410	P1-91-14	0	-
953	100.304688	100.351562	D#4	90	80	0	0	16440	P1-92-9	0	-
954	100.305990	100.319010	G2	82	80	0	0	-1	*	3	-
955	100.307292	100.369792	G3	85	80	0	0	16440	P1-92-7	0	-
956	100.309896	100.679688	D#6	104	80	0	0	16440	P1-92-2	0	-
957	100.311198	100.364583	Bb3	85	80	0	0	16440	P1-92-8	0	-
958	100.462240	100.511719	D#4	76	80	0	0	16470	P1-92-12	0	-
959	100.462240	100.513021	Bb3	78	80	0	0	16470	P1-92-11	0	-
960	100.463542	100.514323	G3	77	80	0	0	16470	P1-92-10	0	-
961	100.597656	100.644531	D#4	67	80	0	0	16500	P1-92-15	0	-
962	100.604167	100.649740	Bb3	69	80	0	0	16500	P1-92-14	0	-
963	100.613281	100.653646	G3	72	80	0	0	16500	P1-92-13	0	-
964	100.739583	100.783854	Bb3	74	80	0	0	16530	P1-92-17	0	-
965	100.739583	100.779948	D#4	76	80	0	0	16530	P1-92-18	0	-
966	100.742188	100.786458	G3	73	80	0	0	16530	P1-92-16	0	-
967	100.884115	100.932292	D#4	93	80	0	0	16560	P1-92-21	0	-
968	100.884115	100.889323	G2	80	80	0	0	16560	P1-92-19	1	-
969	100.884115	100.930990	Bb3	85	80	0	0	16560	P1-92-20	0	-
970	101.019531	101.057292	D#4	76	80	0	0	16590	P1-92-24	0	-
971	101.020833	101.063802	Bb3	74	80	0	0	16590	P1-92-23	0	-
972	101.024740	101.063802	G3	69	80	0	0	16590	P1-92-22	0	-
973	101.221354	101.649740	D#4	104	80	0	0	16620	P1-93-1	0	-
974	101.223958	101.229167	F#2	86	80	0	0	16620	P1-93-4	1	-
975	101.225260	101.272135	Bb3	88	80	0	0	16620	P1-93-5	0	-
976	101.390625	101.399740	Bb2	66	80	0	0	-1	*	3	-
977	101.390625	101.429688	Bb3	75	80	0	0	16650	P1-93-7	0	-
978	101.391927	101.419271	F#3	74	80	0	0	16650	P1-93-6	0	-
979	101.528646	101.571615	Bb3	71	80	0	0	16680	P1-93-9	0	-
980	101.528646	101.569010	F#3	63	80	0	0	16680	P1-93-8	0	-
981	101.529948	101.539062	Bb2	62	80	0	0	-1	*	3	-
982	101.533854	101.539062	F#2	62	80	0	0	-1	*	3	-
983	101.682292	101.726562	D4	80	80	0	0	16710	P1-93-2	0	-
984	101.682292	101.688802	D3	63	80	0	0	-1	*	3	-
985	101.683594	101.688802	F#2	65	80	0	0	-1	*	3	-
986	101.683594	101.750000	F#3	68	80	0	0	16710	P1-93-10	0	-
987	101.822917	101.869792	D#4	77	80	0	0	16740	P1-93-3	0	-
988	101.829427	101.875000	F#3	67	80	0	0	16740	P1-93-12	0	-
989	101.832031	101.839844	A2	65	80	0	0	-1	*	3	-
990	101.975260	101.989583	A2	56	80	0	0	-1	*	3	-
991	101.981771	101.989583	A3	58	80	0	0	16770	P1-93-15	1	-
992	101.981771	101.989583	C3	51	80	0	0	-1	*	3	-
993	101.981771	102.020833	F#3	61	80	0	0	16770	P1-93-14	0	-
994	102.132812	102.639323	F#4	100	80	0	0	16800	P1-94-2	0	-
995	102.134115	102.199219	D#4	96	80	0	0	16800	P1-94-1	0	-
996	102.135417	102.177083	D#3	92	80	0	0	16800	P1-94-7	0	-
997	102.138021	102.149740	A2	89	80	0	0	-1	*	3	-
998	102.138021	102.149740	C3	86	80	0	0	-1	*	3	-
999	102.140625	102.199219	F#3	96	80	0	0	16800	P1-94-8	0	-
1000	102.296875	102.309896	A2	68	80	0	0	-1	*	3	-
1001	102.298177	102.348958	D#3	71	80	0	0	16830	P1-94-9	0	-
1002	102.300781	102.348958	F#3	75	80	0	0	16830	P1-94-10	0	-
1003	102.302083	102.309896	C3	71	80	0	0	-1	*	3	-
1004	102.425781	102.438802	A2	75	80	0	0	-1	*	3	-
1005	102.425781	102.472656	D#3	87	80	0	0	16860	P1-94-11	0	-
1006	102.430990	102.438802	C3	74	80	0	0	-1	*	3	-
1007	102.430990	102.500000	F#3	73	80	0	0	16860	P1-94-12	0	-
1008	102.574219	102.589844	D3	76	80	0	0	16890	P1-94-3	1	-
1009	102.575521	102.628906	F#3	76	80	0	0	16890	P1-94-14	0	-
1010	102.575521	102.589844	C3	69	80	0	0	-1	*	3	-
1011	102.578125	102.613281	D#3	83	80	0	0	16890	P1-94-13	0	-
1012	102.578125	102.589844	A2	73	80	0	0	-1	*	3	-
1013	102.710938	102.959635	F#4	82	80	0	0	16920	P1-94-6	0	-
1014	102.725260	102.739583	C3	74	80	0	0	-1	*	3	-
1015	102.725260	102.779948	D#3	87	80	0	0	16920	P1-94-15	0	-
1016	102.726562	102.739583	A2	80	80	0	0	-1	*	3	-
1017	102.743490	102.750000	F#2	68	80	0	0	-1	*	3	-
1018	102.891927	102.937500	D#3	88	80	0	0	16950	P1-94-17	0	-
1019	102.893229	102.899740	C3	76	80	0	0	-1	*	3	-
1020	103.045573	103.059896	A2	91	80	0	0	-1	*	3	-
1021	103.045573	103.083333	D#3	93	80	0	0	16980	P1-95-8	0	-
1022	103.046875	103.059896	F#2	93	80	0	0	-1	*	3	-
1023	103.049479	103.098958	C2	88	80	0	0	-1	*	3	-
1024	103.050781	103.119792	C3	92	80	0	0	16980	P1-95-7	0	-
1025	103.052083	103.438802	F#5	104	80	0	0	16980	P1-95-2	0	-
1026	103.196615	103.209635	A2	85	80	0	0	-1	*	3	-
1027	103.197917	103.269531	D#3	88	80	0	0	17010	P1-95-10	0	-
1028	103.200521	103.244792	C3	80	80	0	0	17010	P1-95-9	0	-
1029	103.345052	103.385417	D#3	80	80	0	0	17040	P1-95-12	0	-
1030	103.345052	103.359375	A2	75	80	0	0	-1	*	3	-
1031	103.351562	103.391927	C3	77	80	0	0	17040	P1-95-11	0	-
1032	103.483073	103.489583	A2	81	80	0	0	-1	*	3	-
1033	103.485677	103.579427	F5	86	80	0	0	17070	P1-95-4	0	-
1034	103.488281	103.532552	C3	82	80	0	0	17070	P1-95-13	0	-
1035	103.488281	103.529948	D#3	84	80	0	0	17070	P1-95-14	0	-
1036	103.614583	103.848958	F#5	92	80	0	0	17100	P1-95-6	0	-
1037	103.615885	103.628906	A2	79	80	0	0	-1	*	3	-
1038	103.623698	103.682292	C3	79	80	0	0	17100	P1-95-15	0	-
1039	103.623698	103.729167	D#3	81	80	0	0	17100	P1-95-16	0	-
1040	103.782552	103.789062	D3	74	80	0	0	17130	P1-95-18	1	-
1041	103.783854	103.832031	C3	70	80	0	0	17130	P1-95-17	0	-
1042	103.789062	103.799479	C2	64	80	0	0	-1	*	3	-
1043	103.942708	104.005208	A2	83	80	0	0	17160	P1-96-7	0	-
1044	103.946615	104.011719	C3	83	80	0	0	17160	P1-96-8	0	-
1045	103.953125	104.339844	C6	106	80	0	0	17160	P1-96-2	0	-
1046	104.102865	104.156250	A2	74	80	0	0	17190	P1-96-9	0	-
1047	104.104167	104.149740	C3	74	80	0	0	17190	P1-96-10	0	-
1048	104.251302	104.296875	A2	76	80	0	0	17220	P1-96-11	0	-
1049	104.253906	104.296875	C3	78	80	0	0	17220	P1-96-12	0	-
1050	104.384115	104.559896	B5	92	80	0	0	17250	P1-96-4	0	-
1051	104.393229	104.434896	C3	82	80	0	0	17250	P1-96-14	0	-
1052	104.394531	104.436198	A2	76	80	0	0	17250	P1-96-13	0	-
1053	104.394531	104.399740	A1	71	80	0	0	-1	*	3	-
1054	104.515625	104.649740	C6	99	80	0	0	17280	P1-96-6	0	-
1055	104.518229	104.576823	A2	78	80	0	0	17280	P1-96-15	0	-
1056	104.523438	104.575521	C3	85	80	0	0	17280	P1-96-16	0	-
1057	104.667969	104.727865	A2	84	80	0	0	17310	P1-96-17	0	-
1058	104.674479	104.729167	C2	77	80	0	0	17310	P1-96-18	1	-
1059	104.842448	104.919271	A2	96	80	0	0	17340	P1-97-5	0	-
1060	104.842448	104.908854	C3	87	80	0	0	17340	P1-97-6	0	-
1061	104.845052	104.878906	C2	80	80	0	0	-1	*	3	-
1062	104.847656	104.959635	F#2	83	80	0	0	17340	P1-97-4	0	-
1063	105.005208	105.059896	A2	79	80	0	0	17370	P1-97-8	0	-
1064	105.006510	105.069010	C3	73	80	0	0	17370	P1-97-9	0	-
1065	105.007812	105.059896	C2	72	80	0	0	-1	*	3	-
1066	105.010417	105.069010	F#2	74	80	0	0	17370	P1-97-7	0	-
1067	105.148438	105.205729	A2	82	80	0	0	17400	P1-97-11	0	-
1068	105.152344	105.205729	C3	79	80	0	0	17400	P1-97-12	0	-
1069	105.153646	105.269531	F#2	79	80	0	0	17400	P1-97-10	0	-
1070	105.153646	105.218750	C2	78	80	0	0	-1	*	3	-
1071	105.298177	105.348958	A2	80	80	0	0	17430	P1-97-14	0	-
1072	105.298177	105.369792	C2	76	80	0	0	17430	P1-97-13	1	-
1073	105.430990	105.494792	A2	91	80	0	0	17460	P1-97-17	0	-
1074	105.445312	105.496094	C3	87	80	0	0	17460	P1-97-18	0	-
1075	105.446615	105.509115	F#2	84	80	0	0	17460	P1-97-16	0	-
1076	105.446615	105.539062	C2	83	80	0	0	-1	*	3	-
1077	105.584635	105.645833	A2	82	80	0	0	17490	P1-97-20	0	-
1078	105.585938	105.651042	F#2	75	80	0	0	17490	P1-97-19	0	-
1079	105.587240	105.639323	D2	71	80	0	0	-1	*	3	-
1080	105.588542	105.669271	C3	75	80	0	0	17490	P1-97-21	0	-
1081	105.589844	105.679688	C2	73	80	0	0	-1	*	3	-
1082	105.757812	106.119792	F#5	110	80	0	0	17520	P1-98-1	0	-
1083	105.757812	106.139323	F#6	109	80	0	0	17520	P1-98-2	0	-
1084	105.759115	105.829427	A2	94	80	0	0	17520	P1-98-9	0	-
1085	105.761719	105.848958	D2	88	80	0	0	-1	*	3	-
1086	105.772135	105.878906	D#2	83	80	0	0	17520	P1-98-7	0	-
1087	105.912760	105.959635	A2	82	80	0	0	17550	P1-98-13	0	-
1088	105.915365	105.989583	D2	73	80	0	0	17550	P1-98-11	1	-
1089	106.052083	106.108073	A2	83	80	0	0	17580	P1-98-17	0	-
1090	106.055990	106.114583	D#2	82	80	0	0	17580	P1-98-15	0	-
1091	106.057292	106.128906	D2	81	80	0	0	-1	*	3	-
1092	106.057292	106.119792	C3	80	80	0	0	17580	P1-98-18	0	-
1093	106.059896	106.069010	C2	76	80	0	0	-1	*	3	-
1094	106.174479	106.299479	F6	104	80	0	0	17610	P1-98-4	0	-
1095	106.184896	106.235677	F5	94	80	0	0	17610	P1-98-3	0	-
1096	106.191406	106.259115	A2	85	80	0	0	17610	P1-98-21	0	-
1097	106.194010	106.259115	D2	79	80	0	0	17610	P1-98-20	1	-
1098	106.199219	106.259115	C2	82	80	0	0	17610	P1-98-19	1	-
1099	106.329427	106.449219	F#5	106	80	0	0	17640	P1-98-5	0	-
1100	106.332031	106.419271	A2	97	80	0	0	17640	P1-98-25	0	-
1101	106.332031	106.399740	F#6	103	80	0	0	17640	P1-98-6	0	-
1102	106.333333	106.399740	D2	89	80	0	0	17640	P1-98-24	1	-
1103	106.334635	106.369792	C2	88	80	0	0	17640	P1-98-23	1	-
1104	106.481771	106.579427	A2	87	80	0	0	17670	P1-98-29	0	-
1105	106.483073	106.569010	D2	84	80	0	0	17670	P1-98-28	1	-
1106	106.485677	106.549479	C2	82	80	0	0	17670	P1-98-27	1	-
1107	106.488281	106.500000	C3	81	80	0	0	17670	P1-98-30	0	-
1108	106.662760	106.959635	C5	98	80	0	0	17700	P1-99-3	0	-
1109	106.665365	106.759115	A2	97	80	0	0	17700	P1-99-12	0	-
1110	106.667969	106.789062	D2	96	80	0	0	17700	P1-99-10	0	-
1111	106.670573	106.739583	A1	90	80	0	0	-1	*	3	-
1112	106.833333	106.979167	A2	74	80	0	0	17730	P1-99-16	0	-
1113	106.834635	106.848958	G2	74	80	0	0	17730	P1-99-15	1	-
1114	106.985677	107.098958	A2	82	80	0	0	17760	P1-99-20	0	-
1115	106.986979	107.059896	D2	82	80	0	0	17760	P1-99-18	0	-
1116	106.992188	107.000000	F2	80	80	0	0	17760	P1-99-19	1	-
1117	107.102865	107.158854	A1	79	80	0	0	-1	*	3	-
1118	107.102865	107.269531	F#4	81	80	0	0	17790	P1-99-4	0	-
1119	107.104167	107.171875	D2	85	80	0	0	17790	P1-99-22	0	-
1120	107.108073	107.160156	A2	83	80	0	0	17790	P1-99-24	0	-
1121	107.234375	107.339844	C5	83	80	0	0	17820	P1-99-9	0	-
1122	107.244792	107.316406	A2	88	80	0	0	17820	P1-99-28	0	-
1123	107.247396	107.479167	D2	86	80	0	0	17820	P1-99-26	0	-
1124	107.255208	107.269531	G4	81	80	0	0	17820	P1-99-8	1	-
1125	107.263021	107.319010	G5	82	80	0	0	-1	*	3	-
1126	107.406250	107.466146	A2	87	80	0	0	17850	P1-99-32	0	-
1127	107.407552	107.419271	A1	78	80	0	0	17850	P1-99-31	1	-
1128	107.408854	107.479167	G4	79	80	0	0	17850	P1-99-33	1	-
1129	107.562500	107.799479	B4	94	80	0	0	17880	P1-100-3	0	-
1130	107.563802	107.679688	G1	97	80	0	0	17880	P1-100-11	0	-
1131	107.563802	107.636719	G2	104	80	0	0	17880	P1-100-12	0	-
1132	107.563802	107.638021	F4	96	80	0	0	17880	P1-100-1	0	-
1133	107.730469	107.787760	G2	99	80	0	0	17910	P1-100-14	0	-
1134	107.731771	107.796875	G1	90	80	0	0	17910	P1-100-13	0	-
1135	107.734375	107.819010	D2	88	80	0	0	-1	*	3	-
1136	107.884115	107.944010	G2	91	80	0	0	17940	P1-100-16	0	-
1137	107.885417	108.029948	G1	84	80	0	0	17940	P1-100-15	0	-
1138	107.890625	108.009115	B4	86	80	0	0	-1	*	3	-
1139	107.890625	107.959635	G4	84	80	0	0	17970	P1-100-5	1	-
1140	108.016927	108.059896	B4	87	80	0	0	17970	P1-100-6	0	-
1141	108.016927	108.149740	F5	85	80	0	0	17970	P1-100-7	0	-
1142	108.169271	108.220052	G1	72	80	0	0	-1	*	3	-
1143	108.173177	108.214844	G4	80	80	0	0	18000	P1-100-8	0	-
1144	108.175781	108.218750	E5	75	80	0	0	18000	P1-100-10	0	-
1145	108.175781	108.213542	C5	74	80	0	0	18000	P1-100-9	0	-
1146	108.518229	108.563802	A4	64	80	0	0	18060	P1-101-2	0	-
1147	108.523438	108.578125	F#4	62	80	0	0	18060	P1-101-1	0	-
1148	108.666667	108.716146	G2	69	80	0	0	18090	P1-101-13	0	-
1149	108.667969	108.721354	G1	68	80	0	0	18090	P1-101-12	0	-
1150	108.671875	108.739583	B4	61	80	0	0	-1	*	3	-
1151	108.673177	108.718750	G4	55	80	0	0	-1	*	3	-
1152	108.675781	108.729167	F5	63	80	0	0	18060	P1-101-3	1	-
1153	108.812500	108.865885	G1	68	80	0	0	18120	P1-101-14	0	-
1154	108.812500	108.869792	G2	72	80	0	0	18120	P1-101-15	0	-
1155	108.945312	108.990885	D#5	74	80	0	0	18150	P1-101-7	0	-
1156	108.945312	108.959635	G4	64	80	0	0	-1	*	3	-
1157	108.946615	108.996094	A4	65	80	0	0	18150	P1-101-6	0	-
1158	108.949219	108.993490	F#4	64	80	0	0	18150	P1-101-5	0	-
1159	108.953125	109.009115	G1	60	80	0	0	-1	*	3	-
1160	109.078125	109.098958	G1	61	80	0	0	-1	*	3	-
1161	109.083333	109.123698	F4	63	80	0	0	18180	P1-101-8	0	-
1162	109.084635	109.121094	B4	70	80	0	0	18180	P1-101-9	0	-
1163	109.393229	109.399740	E2	53	80	0	0	-1	*	3	-
1164	109.393229	109.454427	C#5	72	80	0	0	18240	P1-102-3	0	-
1165	109.404948	109.467448	G4	55	80	0	0	18240	P1-102-2	0	-
1166	109.404948	109.446615	E4	56	80	0	0	18240	P1-102-1	0	-
1167	109.544271	109.592448	G2	66	80	0	0	18270	P1-102-13	0	-
1168	109.545573	109.593750	G1	64	80	0	0	18270	P1-102-12	0	-
1169	109.549479	109.609375	G4	57	80	0	0	-1	*	3	-
1170	109.552083	109.609375	B3	54	80	0	0	-1	*	3	-
1171	109.552083	109.559896	D4	56	80	0	0	-1	*	3	-
1172	109.553385	109.609375	F4	55	80	0	0	-1	*	3	-
1173	109.684896	109.727865	G2	75	80	0	0	18300	P1-102-15	0	-
1174	109.686198	109.734375	G1	74	80	0	0	18300	P1-102-14	0	-
1175	109.692708	109.769531	F4	61	80	0	0	-1	*	3	-
1176	109.809896	109.851562	C5	68	80	0	0	18330	P1-102-7	0	-
1177	109.813802	109.852865	G4	64	80	0	0	18330	P1-102-6	0	-
1178	109.815104	109.864583	D#4	63	80	0	0	18330	P1-102-5	0	-
1179	109.950521	109.959635	G1	59	80	0	0	-1	*	3	-
1180	109.954427	110.000000	B4	70	80	0	0	18360	P1-102-10	0	-
1181	109.955729	110.003906	G4	69	80	0	0	18360	P1-102-9	0	-
1182	109.963542	110.006510	D4	64	80	0	0	18360	P1-102-8	0	-
1183	110.114583	110.119792	G4	43	80	0	0	-1	*	3	-
1184	110.265625	110.324219	Bb4	66	80	0	0	18420	P1-103-3	0	-
1185	110.272135	110.322917	C#4	53	80	0	0	18420	P1-103-1	0	-
1186	110.273438	110.322917	E4	58	80	0	0	18420	P1-103-2	0	-
1187	110.415365	110.466146	G2	59	80	0	0	18450	P1-103-12	0	-
1188	110.416667	110.470052	G1	58	80	0	0	18450	P1-103-11	0	-
1189	110.423177	110.459635	G4	48	80	0	0	-1	*	3	-
1190	110.425781	110.500000	B3	45	80	0	0	-1	*	3	-
1191	110.428385	110.500000	F4	46	80	0	0	-1	*	3	-
1192	110.574219	110.630208	A4	58	80	0	0	18480	P1-103-6	0	-
1193	110.575521	110.625000	C4	58	80	0	0	18480	P1-103-4	0	-
1194	110.583333	110.626302	E4	58	80	0	0	18480	P1-103-5	0	-
1195	110.731771	110.782552	G2	60	80	0	0	18510	P1-103-15	0	-
1196	110.734375	110.785156	G1	59	80	0	0	18510	P1-103-14	0	-
1197	110.736979	110.809896	G4	46	80	0	0	-1	*	3	-
1198	110.736979	110.809896	F4	47	80	0	0	-1	*	3	-
1199	110.740885	110.819010	B3	48	80	0	0	-1	*	3	-
1200	110.875000	110.889323	G#4	56	80	0	0	18540	P1-103-9	0	-
1201	110.884115	110.936198	C4	52	80	0	0	18540	P1-103-7	0	-
1202	110.884115	110.936198	D#4	54	80	0	0	18540	P1-103-8	0	-
1203	111.022135	111.074219	G2	59	80	0	0	18570	P1-103-18	0	-
1204	111.023438	111.078125	G1	58	80	0	0	18570	P1-103-17	0	-
1205	111.027344	111.059896	G4	48	80	0	0	-1	*	3	-
1206	111.028646	111.119792	F4	48	80	0	0	-1	*	3	-
1207	111.031250	111.109375	B3	51	80	0	0	-1	*	3	-
1208	111.031250	111.039062	G3	51	80	0	0	-1	*	3	-
1209	111.183594	111.234375	G4	54	80	0	0	18600	P1-104-1	0	-
1210	111.325521	111.371094	G2	59	80	0	0	18630	P1-104-6	0	-
1211	111.325521	111.375000	G1	60	80	0	0	18630	P1-104-5	0	-
1212	111.332031	111.339844	D4	50	80	0	0	-1	*	3	-
1213	111.333333	111.389323	G3	52	80	0	0	-1	*	3	-
1214	111.334635	111.419271	B3	49	80	0	0	-1	*	3	-
1215	111.466146	111.507812	F#4	62	80	0	0	18660	P1-104-2	0	-
1216	111.622396	111.699219	A2	81	80	0	0	18690	P1-104-9	0	-
1217	111.625000	111.690104	A1	75	80	0	0	18690	P1-104-8	0	-
1218	111.753906	111.834635	F4	74	80	0	0	18720	P1-104-3	0	-
1219	111.904948	112.009115	B2	81	80	0	0	18750	P1-104-12	0	-
1220	111.911458	111.964844	B1	74	80	0	0	18750	P1-104-11	0	-
1221	112.046875	112.098958	E4	85	80	0	0	18780	P1-105-1	0	-
1222	112.216146	112.279948	C2	81	80	0	0	18810	P1-105-5	0	-
1223	112.216146	112.289062	C3	86	80	0	0	18810	P1-105-6	0	-
1224	112.342448	112.407552	D#4	88	80	0	0	18840	P1-105-2	0	-
1225	112.506510	112.584635	C#2	79	80	0	0	18870	P1-105-8	0	-
1226	112.507812	112.583333	C#3	90	80	0	0	18870	P1-105-9	0	-
1227	112.634115	112.705729	D4	102	80	0	0	18900	P1-105-3	0	-
1228	112.794271	112.856771	D2	81	80	0	0	18930	P1-105-11	0	-
1229	112.936198	113.022135	C#4	95	80	0	0	18960	P1-106-1	0	-
1230	113.100260	113.188802	D#3	81	80	0	0	18990	P1-106-6	0	-
1231	113.104167	113.191406	D#2	72	80	0	0	18990	P1-106-5	0	-
1232	113.240885	113.309896	C4	78	80	0	0	19020	P1-106-2	0	-
1233	113.391927	113.457031	E2	65	80	0	0	19050	P1-106-8	0	-
1234	113.536458	113.611979	B3	77	80	0	0	19080	P1-106-3	0	-
1235	113.686198	113.734375	F2	57	80	0	0	19110	P1-106-11	0	-
1236	113.691406	113.750000	F3	61	80	0	0	19110	P1-106-12	0	-
1237	113.841146	113.912760	Bb3	65	80	0	0	19140	P1-107-1	0	-
1238	113.990885	114.096354	F#2	46	80	0	0	19170	P1-107-5	0	-
1239	114.162760	114.243490	A3	54	80	0	0	19200	P1-107-2	0	-
1240	114.324219	114.414062	G2	41	80	0	0	19230	P1-107-8	0	-
1241	114.324219	114.419271	G3	41	80	0	0	19230	P1-107-9	0	-
1242	114.493490	114.554688	G#3	48	80	0	0	19260	P1-107-3	0	-
1243	114.667969	114.744792	G3	36	80	0	0	19290	P1-107-12	0	-
1244	114.667969	114.746094	G2	35	80	0	0	19290	P1-107-11	0	-
1245	114.845052	114.899740	G#3	43	80	0	0	19320	P1-108-1	0	-
1246	115.091146	115.098958	G2	35	80	0	0	19350	*	3	-
1247	115.095052	115.330729	G3	40	80	0	0	19350	P1-108-2	0	-
1248	115.355469	116.078125	G4	38	80	0	0	19380	P1-108-3	0	-
1249	116.085938	116.658854	F4	21	80	0	0	19500	P1-109-3	0	-
1250	116.971354	118.169271	G4	50	80	0	0	19620	P1-109-2	0	-
1251	116.977865	117.459635	F4	39	80	0	0	19620	P1-109-5	0	-
1252	117.024740	117.386719	B3	37	80	0	0	19620	P1-109-4	0	-
1253	117.393229	118.139323	E4	41	80	0	0	19680	P1-110-5	0	-
1254	117.415365	117.589844	C4	23	80	0	0	19680	P1-110-4	0	-
1255	117.739583	118.509115	C5	55	80	0	0	19740	P1-110-2	0	-
1256	117.742188	118.144531	C4	34	80	0	0	19740	P1-110-6	0	-
1257	118.111979	118.486979	A4	55	80	0	0	19800	P1-110-3	0	-
1258	118.125000	118.489583	C#4	40	80	0	0	19800	P1-110-7	0	-
1259	118.477865	118.845052	G4	47	80	0	0	19860	P1-111-1	0	-
1260	118.503906	118.864583	D4	41	80	0	0	19860	P1-111-4	0	-
1261	118.843750	118.938802	A3	33	80	0	0	19920	P1-111-5	0	-
1262	118.845052	119.199219	F4	36	80	0	0	19920	P1-111-2	0	-
1263	119.210938	119.912760	F4	55	80	0	0	19980	P1-111-3	0	-
1264	119.212240	119.289062	Bb3	54	80	0	0	19980	P1-111-6	0	-
1265	119.544271	119.915365	B3	73	80	0	0	20040	P1-112-4	0	-
1266	119.871094	120.049479	D5	71	80	0	0	20100	P1-112-2	0	-
1267	119.882812	120.250000	G3	62	80	0	0	20100	P1-112-5	0	-
1268	120.225260	120.604167	D4	60	80	0	0	20160	P1-112-6	0	-
1269	120.225260	120.976562	F4	60	80	0	0	20160	P1-112-3	0	-
1270	120.593750	120.977865	C#4	54	80	0	0	20220	P1-113-7	0	-
1271	121.002604	121.250000	C4	43	80	0	0	20280	P1-113-8	0	-
1272	121.003906	121.289062	E4	44	80	0	0	20280	P1-113-2	0	-
1273	121.377604	121.489583	Bb3	48	80	0	0	20340	P1-113-12	0	-
1274	121.381510	121.589844	C4	47	80	0	0	20340	P1-113-9	0	-
1275	121.386719	121.489583	E4	51	80	0	0	20340	P1-113-3	0	-
1276	121.485677	121.589844	G4	51	80	0	0	20355	P1-113-4	0	-
1277	121.555990	121.669271	C5	61	80	0	0	20370	P1-113-5	0	-
1278	121.626302	121.709635	E5	61	80	0	0	20385	P1-113-6	0	-
1279	121.692708	121.750000	F5	68	80	0	0	20400	P1-114-1	0	-
1280	121.696615	121.949219	A3	49	80	0	0	20400	P1-114-13	0	-
1281	121.783854	121.830729	C5	58	80	0	0	20415	P1-114-2	0	-
1282	121.852865	121.891927	A4	61	80	0	0	20430	P1-114-3	0	-
1283	121.911458	121.949219	F4	57	80	0	0	20445	P1-114-4	0	-
1284	121.975260	122.079427	A4	70	80	0	0	20460	P1-114-5	0	-
1285	122.023438	122.158854	F4	64	80	0	0	20460	P1-114-16	0	-
1286	122.026042	122.149740	F3	61	80	0	0	20460	P1-114-15	0	-
1287	122.104167	122.153646	C5	67	80	0	0	20475	P1-114-6	0	-
1288	122.180990	122.244792	F5	72	80	0	0	20490	P1-114-7	0	-
1289	122.256510	122.369792	A5	68	80	0	0	20505	P1-114-8	0	-
1290	122.338542	122.628906	D4	68	80	0	0	20520	P1-114-18	0	-
1291	122.375000	122.433594	A5	75	80	0	0	20520	P1-114-9	0	-
1292	122.463542	122.519531	D5	71	80	0	0	20535	P1-114-10	0	-
1293	122.513021	122.582031	A5	72	80	0	0	20550	P1-114-11	0	-
1294	122.589844	122.647135	D6	76	80	0	0	20565	P1-114-12	0	-
1295	122.691406	122.929688	C4	64	80	0	0	20580	P1-115-17	0	-
1296	122.727865	123.059896	G3	35	80	0	0	20580	P1-115-16	0	-
1297	122.769531	122.815104	D5	63	80	0	0	20595	P1-115-2	0	-
1298	122.832031	122.907552	A5	69	80	0	0	20610	P1-115-3	0	-
1299	122.937500	122.993490	Bb5	65	80	0	0	20625	P1-115-4	0	-
1300	123.022135	123.139323	G5	68	80	0	0	20640	P1-115-5	0	-
1301	123.027344	123.139323	Bb3	64	80	0	0	20640	P1-115-19	0	-
1302	123.053385	123.158854	D3	48	80	0	0	20640	P1-115-18	0	-
1303	123.097656	123.135417	D5	58	80	0	0	20655	P1-115-6	0	-
1304	123.153646	123.222656	G5	63	80	0	0	20670	P1-115-7	0	-
1305	123.247396	123.333333	Bb5	71	80	0	0	20685	P1-115-8	0	-
1306	123.346354	123.500000	G5	72	80	0	0	20700	P1-115-9	0	-
1307	123.355469	123.579427	Bb3	82	80	0	0	20700	P1-115-15	0	-
1308	123.380208	123.389323	F3	62	80	0	0	20700	P1-115-20	0	-
1309	123.386719	123.479167	F2	53	80	0	0	20700	*	3	-
1310	123.424479	123.473958	C#5	65	80	0	0	20715	P1-115-10	0	-
1311	123.513021	123.559896	G5	58	80	0	0	20730	P1-115-11	0	-
1312	123.567708	123.627604	Bb5	72	80	0	0	20745	P1-115-12	0	-
1313	123.649740	123.779948	G5	65	80	0	0	20760	P1-116-1	0	-
1314	123.674479	123.959635	E3	64	80	0	0	20760	P1-116-16	0	-
1315	123.723958	123.756510	C5	57	80	0	0	20775	P1-116-2	0	-
1316	123.785156	123.834635	G5	62	80	0	0	20790	P1-116-3	0	-
1317	123.837240	123.894531	Bb5	74	80	0	0	20805	P1-116-4	0	-
1318	123.953125	124.079427	G4	76	80	0	0	20820	P1-116-17	0	-
1319	123.957031	123.998698	E5	66	80	0	0	20820	P1-116-5	0	-
1320	124.029948	124.128906	C5	63	80	0	0	20835	P1-116-6	0	-
1321	124.104167	124.179688	E5	65	80	0	0	20850	P1-116-7	0	-
1322	124.192708	124.389323	G5	61	80	0	0	20865	P1-116-8	0	-
1323	124.294271	124.519531	Bb3	77	80	0	0	20880	P1-116-15	0	-
1324	124.307292	124.408854	F5	71	80	0	0	20880	P1-116-9	1	-
1325	124.313802	124.459635	C3	64	80	0	0	20880	P1-116-18	0	-
1326	124.393229	124.399740	E5	48	80	0	0	20895	P1-116-10	0	-
1327	124.531250	124.596354	C6	78	80	0	0	20925	P1-116-12	0	-
1328	124.621094	124.656250	G5	65	80	0	0	20940	P1-117-1	0	-
1329	124.643229	125.019531	F3	59	80	0	0	20940	P1-117-16	0	-
1330	124.694010	124.733073	E5	66	80	0	0	20955	P1-117-2	0	-
1331	124.755208	124.824219	G5	59	80	0	0	20970	P1-117-3	0	-
1332	124.845052	124.959635	C6	71	80	0	0	20985	P1-117-4	0	-
1333	124.949219	125.029948	A5	64	80	0	0	21000	P1-117-5	0	-
1334	124.981771	125.059896	A3	59	80	0	0	21000	P1-117-18	0	-
1335	125.037760	125.158854	F5	59	80	0	0	21015	P1-117-6	0	-
1336	125.132812	125.184896	A5	58	80	0	0	21030	P1-117-7	0	-
1337	125.201823	125.319010	C6	65	80	0	0	21045	P1-117-8	0	-
1338	125.315104	125.367188	A5	64	80	0	0	21060	P1-117-9	0	-
1339	125.345052	126.098958	A2	71	80	0	0	21060	P1-117-19	0	-
1340	125.348958	125.359375	A1	63	80	0	0	-1	*	3	-
1341	125.414062	125.489583	F5	52	80	0	0	21075	P1-117-10	0	-
1342	125.505208	125.566406	A5	59	80	0	0	21090	P1-117-11	0	-
1343	125.604167	125.656250	C6	64	80	0	0	21105	P1-117-12	0	-
1344	125.680990	125.725260	A5	61	80	0	0	21120	P1-118-1	0	-
1345	125.763021	125.804688	F5	56	80	0	0	21135	P1-118-2	0	-
1346	125.832031	125.885417	A5	68	80	0	0	21150	P1-118-3	0	-
1347	125.919271	125.992188	D6	62	80	0	0	21165	P1-118-4	0	-
1348	126.005208	126.098958	A5	65	80	0	0	21180	P1-118-5	0	-
1349	126.022135	126.359375	D3	70	80	0	0	21180	P1-118-15	0	-
1350	126.093750	126.188802	F5	58	80	0	0	21195	P1-118-6	0	-
1351	126.184896	126.248698	A5	62	80	0	0	21210	P1-118-7	0	-
1352	126.274740	126.355469	D6	63	80	0	0	21225	P1-118-8	0	-
1353	126.375000	126.658854	Bb2	62	80	0	0	21240	P1-118-16	0	-
1354	126.378906	126.468750	Bb5	70	80	0	0	21240	P1-118-9	0	-
1355	126.460938	126.589844	F5	60	80	0	0	21255	P1-118-10	1	-
1356	126.544271	126.615885	Bb5	70	80	0	0	21270	P1-118-11	0	-
1357	126.632812	126.709635	D6	60	80	0	0	21285	P1-118-12	0	-
1358	126.716146	127.128906	A2	72	80	0	0	21300	P1-119-13	0	-
1359	126.725260	126.819010	B5	65	80	0	0	21300	P1-119-1	0	-
1360	126.731771	126.739583	G5	62	80	0	0	-1	*	3	-
1361	126.833333	126.875000	F5	57	80	0	0	21315	P1-119-2	0	-
1362	126.924479	126.980469	B5	60	80	0	0	21330	P1-119-3	0	-
1363	127.011719	127.084635	D6	58	80	0	0	21345	P1-119-4	0	-
1364	127.108073	127.154948	B5	61	80	0	0	21360	P1-119-5	0	-
1365	127.115885	127.264323	G#2	55	80	0	0	21360	P1-119-14	0	-
1366	127.183594	127.227865	E5	60	80	0	0	21375	P1-119-6	0	-
1367	127.263021	127.324219	B5	65	80	0	0	21390	P1-119-7	0	-
1368	127.355469	127.423177	D6	58	80	0	0	21405	P1-119-8	0	-
1369	127.454427	127.492188	B5	57	80	0	0	21420	P1-119-9	0	-
1370	127.466146	127.889323	G#2	53	80	0	0	21420	P1-119-15	0	-
1371	127.524740	127.589844	E5	50	80	0	0	21435	P1-119-10	0	-
1372	127.595052	127.651042	B5	61	80	0	0	21450	P1-119-11	0	-
1373	127.666667	127.725260	D6	65	80	0	0	21465	P1-119-12	0	-
1374	127.752604	127.799479	B5	69	80	0	0	21480	P1-120-1	0	-
1375	127.826823	127.908854	E5	61	80	0	0	21495	P1-120-2	0	-
1376	127.904948	127.963542	B5	72	80	0	0	21510	P1-120-3	0	-
1377	127.984375	128.046875	D6	74	80	0	0	21525	P1-120-4	0	-
1378	128.067708	128.378906	E3	74	80	0	0	21540	P1-120-14	0	-
1379	128.076823	128.141927	B5	73	80	0	0	21540	P1-120-5	0	-
1380	128.162760	128.213542	E5	70	80	0	0	21555	P1-120-6	0	-
1381	128.243490	128.312500	B5	71	80	0	0	21570	P1-120-7	0	-
1382	128.334635	128.391927	D6	72	80	0	0	21585	P1-120-8	0	-
1383	128.424479	128.472656	B5	69	80	0	0	21600	P1-120-9	0	-
1384	128.424479	128.569010	G#2	69	80	0	0	21600	P1-120-15	0	-
1385	128.503906	128.544271	E5	69	80	0	0	21615	P1-120-10	0	-
1386	128.580729	128.636719	B5	68	80	0	0	21630	P1-120-11	0	-
1387	128.658854	128.744792	D6	74	80	0	0	21645	P1-120-12	0	-
1388	128.746094	128.809896	B5	65	80	0	0	21660	P1-121-1	0	-
1389	128.753906	129.139323	A2	70	80	0	0	21660	P1-121-13	0	-
1390	128.763021	128.908854	G5	66	80	0	0	21660	*	3	-
1391	128.815104	128.873698	E5	65	80	0	0	21675	P1-121-2	0	-
1392	128.897135	128.977865	B5	68	80	0	0	21690	P1-121-3	0	-
1393	128.976562	129.055990	C6	84	80	0	0	21705	P1-121-4	0	-
1394	129.093750	129.259115	E3	81	80	0	0	21720	P1-121-14	0	-
1395	129.095052	129.153646	A5	72	80	0	0	21720	P1-121-5	0	-
1396	129.166667	129.220052	E5	72	80	0	0	21735	P1-121-6	0	-
1397	129.251302	129.322917	A5	69	80	0	0	21750	P1-121-7	0	-
1398	129.335938	129.403646	C6	78	80	0	0	21765	P1-121-8	0	-
1399	129.419271	129.466146	A5	75	80	0	0	21780	P1-121-9	0	-
1400	129.423177	129.649740	A2	71	80	0	0	21780	P1-121-15	0	-
1401	129.425781	129.483073	G5	69	80	0	0	21780	*	3	-
1402	129.493490	129.545573	E5	73	80	0	0	21795	P1-121-10	0	-
1403	129.574219	129.634115	A5	74	80	0	0	21810	P1-121-11	0	-
1404	129.651042	129.723958	C6	82	80	0	0	21825	P1-121-12	0	-
1405	129.744792	129.791667	A5	70	80	0	0	21840	P1-122-1	0	-
1406	129.753906	130.029948	B2	78	80	0	0	21840	P1-122-13	0	-
1407	129.807292	129.863281	D5	73	80	0	0	21855	P1-122-2	0	-
1408	129.880208	129.962240	A5	74	80	0	0	21870	P1-122-3	0	-
1409	129.968750	130.042969	B5	79	80	0	0	21885	P1-122-4	0	-
1410	130.071615	130.149740	G#5	74	80	0	0	21900	P1-122-5	0	-
1411	130.074219	130.489583	E3	83	80	0	0	21900	P1-122-14	0	-
1412	130.144531	130.250000	D5	76	80	0	0	21915	P1-122-6	0	-
1413	130.221354	130.319010	G#5	74	80	0	0	21930	P1-122-7	0	-
1414	130.313802	130.438802	B5	77	80	0	0	21945	P1-122-8	0	-
1415	130.397135	130.589844	B2	65	80	0	0	21960	P1-122-15	0	-
1416	130.403646	130.450521	G#5	66	80	0	0	21960	P1-122-9	0	-
1417	130.463542	130.515625	D5	74	80	0	0	21975	P1-122-10	0	-
1418	130.540365	130.625000	G#5	75	80	0	0	21990	P1-122-11	0	-
1419	130.634115	130.779948	B5	81	80	0	0	22005	P1-122-12	0	-
1420	130.722656	130.729167	C2	73	80	0	0	-1	*	3	-
1421	130.723958	130.799479	C3	88	80	0	0	22020	P1-123-13	0	-
1422	130.726562	130.739583	C6	67	80	0	0	22035	P1-123-2	1	-
1423	130.859375	130.949219	G#5	65	80	0	0	22050	P1-123-3	0	-
1424	130.934896	131.023438	B5	79	80	0	0	22065	P1-123-4	0	-
1425	130.936198	130.979167	C6	78	80	0	0	-1	*	3	-
1426	131.039062	131.149740	G#5	75	80	0	0	22080	P1-123-5	0	-
1427	131.042969	131.259115	E3	79	80	0	0	22080	P1-123-14	0	-
1428	131.134115	131.269531	A5	70	80	0	0	22095	P1-123-6	0	-
1429	131.183594	131.269531	C5	67	80	0	0	22110	P1-123-7	0	-
1430	131.307292	131.371094	G#5	70	80	0	0	22140	P1-123-9	0	-
1431	131.364583	131.529948	C3	70	80	0	0	22140	P1-123-15	0	-
1432	131.391927	131.468750	Bb5	65	80	0	0	-1	*	3	-
1433	131.395833	131.454427	A5	64	80	0	0	22155	P1-123-10	0	-
1434	131.475260	131.569010	C5	70	80	0	0	22170	P1-123-11	0	-
1435	131.537760	131.609375	A5	67	80	0	0	22185	P1-123-12	0	-
1436	131.662760	131.726562	A5	80	80	0	0	22200	P1-124-1	0	-
1437	131.677083	131.769531	Eb3	82	80	0	0	22200	P1-124-13	0	-
1438	131.747396	131.859375	B4	69	80	0	0	22215	P1-124-2	0	-
1439	131.824219	131.902344	A5	73	80	0	0	22230	P1-124-3	0	-
1440	131.903646	131.951823	B5	83	80	0	0	22245	P1-124-4	0	-
1441	131.985677	132.149740	B3	97	80	0	0	22260	P1-124-14	0	-
1442	131.994792	132.059896	A5	86	80	0	0	22260	P1-124-5	0	-
1443	132.083333	132.259115	B4	72	80	0	0	22275	P1-124-6	0	-
1444	132.170573	132.242188	A5	78	80	0	0	22290	P1-124-7	0	-
1445	132.244792	132.305990	B5	82	80	0	0	22305	P1-124-8	0	-
1446	132.304688	132.429688	Eb3	81	80	0	0	22320	P1-124-15	0	-
1447	132.328125	132.384115	A5	84	80	0	0	22320	P1-124-9	0	-
1448	132.403646	132.455729	B4	73	80	0	0	22335	P1-124-10	0	-
1449	132.484375	132.554688	A5	81	80	0	0	22350	P1-124-11	0	-
1450	132.561198	132.631510	B5	86	80	0	0	22365	P1-124-12	0	-
1451	132.644531	132.696615	A5	84	80	0	0	22380	P1-125-1	0	-
1452	132.665365	132.819010	E3	81	80	0	0	22380	P1-125-13	0	-
1453	132.721354	132.769531	B4	75	80	0	0	22395	P1-125-2	0	-
1454	132.803385	132.873698	A5	76	80	0	0	22410	P1-125-3	0	-
1455	132.880208	132.928385	B5	92	80	0	0	22425	P1-125-4	0	-
1456	132.976562	133.049479	C4	99	80	0	0	22440	P1-125-14	0	-
1457	133.037760	133.096354	B4	80	80	0	0	22455	P1-125-6	0	-
1458	133.127604	133.188802	A5	77	80	0	0	22470	P1-125-7	0	-
1459	133.214844	133.272135	B5	88	80	0	0	22485	P1-125-8	0	-
1460	133.283854	133.346354	E3	77	80	0	0	22500	P1-125-15	0	-
1461	133.292969	133.348958	A5	77	80	0	0	22500	P1-125-9	0	-
1462	133.369792	133.416667	B4	79	80	0	0	22515	P1-125-10	0	-
1463	133.455729	133.519531	A5	81	80	0	0	22530	P1-125-11	0	-
1464	133.526042	133.597656	B5	92	80	0	0	22545	P1-125-12	0	-
1465	133.623698	133.694010	A5	86	80	0	0	22560	P1-126-1	0	-
1466	133.623698	133.628906	F#3	88	80	0	0	22560	P1-126-13	0	-
1467	133.627604	133.639323	F#2	73	80	0	0	22560	*	3	-
1468	133.704427	133.761719	B4	81	80	0	0	22575	P1-126-2	0	-
1469	133.783854	133.847656	A5	82	80	0	0	22590	P1-126-3	0	-
1470	133.858073	133.959635	B5	88	80	0	0	22605	P1-126-4	0	-
1471	133.920573	134.049479	Eb4	101	80	0	0	22620	P1-126-14	0	-
1472	133.934896	134.003906	A5	88	80	0	0	22620	P1-126-5	0	-
1473	134.014323	134.080729	B4	75	80	0	0	22635	P1-126-6	0	-
1474	134.111979	134.161458	A5	76	80	0	0	22650	P1-126-7	0	-
1475	134.194010	134.256510	B5	87	80	0	0	22665	P1-126-8	0	-
1476	134.266927	134.315104	A5	81	80	0	0	22680	P1-126-9	0	-
1477	134.325521	134.408854	B4	70	80	0	0	22695	P1-126-10	0	-
1478	134.401042	134.468750	A5	76	80	0	0	22710	P1-126-11	0	-
1479	134.472656	134.533854	B5	88	80	0	0	22725	P1-126-12	0	-
1480	134.565104	134.717448	G3	98	80	0	0	22740	P1-127-13	0	-
1481	134.626302	134.688802	B4	73	80	0	0	22755	P1-127-2	0	-
1482	134.713542	134.776042	G5	71	80	0	0	22770	P1-127-3	0	-
1483	134.781250	134.843750	B5	85	80	0	0	22785	P1-127-4	0	-
1484	134.863281	135.139323	E4	99	80	0	0	22800	P1-127-14	0	-
1485	134.871094	134.989583	G5	80	80	0	0	22800	P1-127-5	0	-
1486	134.914062	135.009115	B4	75	80	0	0	22815	P1-127-6	0	-
1487	134.994792	135.079427	G5	73	80	0	0	22830	P1-127-7	0	-
1488	135.057292	135.149740	B5	79	80	0	0	22845	P1-127-8	0	-
1489	135.162760	135.225260	G3	85	80	0	0	22860	P1-127-15	0	-
1490	135.162760	135.279948	B5	87	80	0	0	22860	P1-127-9	0	-
1491	135.234375	135.276042	E5	74	80	0	0	22875	P1-127-10	0	-
1492	135.290365	135.361979	B5	76	80	0	0	22890	P1-127-11	0	-
1493	135.360677	135.467448	E6	93	80	0	0	22905	P1-127-12	0	-
1494	135.454427	135.559896	C6	92	80	0	0	22920	P1-128-1	0	-
1495	135.457031	135.529948	A3	92	80	0	0	22920	P1-128-13	0	-
1496	135.536458	135.584635	E5	75	80	0	0	22935	P1-128-2	0	-
1497	135.609375	135.683594	C6	85	80	0	0	22950	P1-128-3	0	-
1498	135.682292	135.773438	E6	89	80	0	0	22965	P1-128-4	0	-
1499	135.774740	135.835938	C6	94	80	0	0	22980	P1-128-5	0	-
1500	135.776042	136.019531	F#4	104	80	0	0	22980	P1-128-14	0	-
1501	135.850260	135.902344	E5	80	80	0	0	22995	P1-128-6	0	-
1502	135.932292	136.003906	C6	84	80	0	0	23010	P1-128-7	0	-
1503	136.009115	136.096354	E6	92	80	0	0	23025	P1-128-8	0	-
1504	136.083333	136.158854	A3	74	80	0	0	23040	P1-128-15	0	-
1505	136.088542	136.098958	C#6	79	80	0	0	23040	*	3	-
1506	136.091146	136.144531	C6	80	80	0	0	23040	P1-128-9	0	-
1507	136.154948	136.195312	E5	67	80	0	0	23055	P1-128-10	0	-
1508	136.233073	136.304688	C6	81	80	0	0	23070	P1-128-11	0	-
1509	136.312500	136.428385	E6	88	80	0	0	23085	P1-128-12	0	-
1510	136.373698	136.429688	Bb3	96	80	0	0	23100	P1-129-13	0	-
1511	136.398438	136.463542	C#6	89	80	0	0	23100	P1-129-1	0	-
1512	136.457031	136.524740	G5	80	80	0	0	23115	P1-129-2	0	-
1513	136.542969	136.621094	C#6	76	80	0	0	23130	P1-129-3	0	-
1514	136.623698	136.733073	E6	87	80	0	0	23145	P1-129-4	0	-
1515	136.623698	136.669271	F6	90	80	0	0	23145	*	3	-
1516	136.704427	136.929688	G4	98	80	0	0	23160	P1-129-14	0	-
1517	136.708333	136.785156	C#6	82	80	0	0	23160	P1-129-5	0	-
1518	136.783854	136.835938	G5	83	80	0	0	23175	P1-129-6	0	-
1519	136.867188	136.945312	C#6	86	80	0	0	23190	P1-129-7	0	-
1520	136.954427	137.053385	E6	92	80	0	0	23205	P1-129-8	0	-
1521	137.031250	137.109375	Bb3	88	80	0	0	23220	P1-129-15	0	-
1522	137.033854	137.093750	C#6	80	80	0	0	23220	P1-129-9	0	-
1523	137.104167	137.154948	G5	80	80	0	0	23235	P1-129-10	0	-
1524	137.177083	137.248698	C#6	81	80	0	0	23250	P1-129-11	0	-
1525	137.230469	137.360677	E6	86	80	0	0	23265	P1-129-12	0	-
1526	137.343750	137.729167	B3	105	80	0	0	23280	P1-130-13	0	-
1527	137.388021	137.489583	G5	70	80	0	0	23295	P1-130-2	0	-
1528	137.455729	137.559896	B5	83	80	0	0	23310	P1-130-3	0	-
1529	137.546875	137.630208	E6	88	80	0	0	23325	P1-130-4	0	-
1530	137.617188	137.720052	G6	95	80	0	0	23340	P1-130-5	0	-
1531	137.619792	137.769531	E4	91	80	0	0	23340	P1-130-14	0	-
1532	137.701823	137.807292	F#6	98	80	0	0	23355	P1-130-6	0	-
1533	137.792969	137.872396	E6	85	80	0	0	23370	P1-130-7	0	-
1534	137.861979	137.910156	D#6	86	80	0	0	23385	P1-130-8	0	-
1535	137.937500	138.479167	G4	90	80	0	0	23400	P1-130-15	0	-
1536	137.996094	138.059896	D#6	91	80	0	0	23415	P1-130-10	0	-
1537	138.070312	138.140625	E6	88	80	0	0	23430	P1-130-11	0	-
1538	138.135417	138.194010	F#6	88	80	0	0	23445	P1-130-12	0	-
1539	138.205729	138.316406	G6	101	80	0	0	23460	P1-131-1	0	-
1540	138.221354	138.729167	B4	87	80	0	0	23460	P1-131-13	0	-
1541	138.295573	138.385417	F#6	96	80	0	0	23475	P1-131-2	0	-
1542	138.372396	138.450521	E6	92	80	0	0	23490	P1-131-3	0	-
1543	138.442708	138.506510	D#6	91	80	0	0	23505	P1-131-4	0	-
1544	138.524740	138.656250	G6	107	80	0	0	23520	P1-131-5	0	-
1545	138.524740	138.619792	E5	98	80	0	0	23520	P1-131-14	0	-
1546	138.626302	138.744792	F#6	99	80	0	0	23535	P1-131-6	0	-
1547	138.692708	138.765625	E6	86	80	0	0	23550	P1-131-7	0	-
1548	138.769531	138.829427	D#6	89	80	0	0	23565	P1-131-8	0	-
1549	138.848958	139.009115	G6	107	80	0	0	23580	P1-131-9	0	-
1550	138.852865	138.959635	G5	104	80	0	0	23580	P1-131-15	0	-
1551	138.942708	139.079427	F#6	97	80	0	0	23595	P1-131-10	0	-
1552	139.005208	139.100260	E6	86	80	0	0	23610	P1-131-11	0	-
1553	139.082031	139.187500	D#6	87	80	0	0	23625	P1-131-12	0	-
1554	139.183594	139.329427	G6	108	80	0	0	23640	P1-132-1	0	-
1555	139.294271	139.391927	F#6	101	80	0	0	23655	P1-132-2	0	-
1556	139.376302	139.459635	E6	94	80	0	0	23670	P1-132-3	0	-
1557	139.449219	139.514323	D#6	89	80	0	0	23685	P1-132-4	0	-
1558	139.513021	139.593750	G5	102	80	0	0	23700	P1-132-8	0	-
1559	139.515625	139.628906	E6	102	80	0	0	23700	P1-132-5	0	-
1560	139.615885	139.699219	F#5	90	80	0	0	23715	P1-132-9	0	-
1561	139.695312	139.761719	E5	82	80	0	0	23730	P1-132-10	0	-
1562	139.782552	139.856771	D#5	85	80	0	0	23745	P1-132-11	0	-
1563	139.867188	140.089844	E5	90	80	0	0	23760	P1-132-12	0	-
1564	140.223958	140.459635	G6	92	80	0	0	23820	P1-133-1	0	-
1565	140.425781	140.589844	F#6	96	80	0	0	23850	P1-133-2	0	-
1566	140.578125	140.746094	E6	91	80	0	0	23880	P1-133-3	0	-
1567	140.584635	140.755208	G5	82	80	0	0	23880	P1-133-7	0	-
1568	140.713542	140.859375	D#6	85	80	0	0	23910	P1-133-4	0	-
1569	140.738281	140.886719	F#5	73	80	0	0	23910	P1-133-8	0	-
1570	140.872396	141.069010	E6	90	80	0	0	23940	P1-133-5	0	-
1571	140.875000	141.009115	E5	88	80	0	0	23940	P1-133-9	0	-
1572	141.013021	141.199219	D#5	73	80	0	0	23970	P1-133-10	0	-
1573	141.019531	141.069010	E5	72	80	0	0	24000	*	3	-
1574	141.175781	141.218750	E5	57	80	0	0	24000	P1-134-4	0	-
1575	141.180990	141.188802	G5	59	80	0	0	24000	*	3	-
1576	141.203125	141.598958	G6	84	80	0	0	24000	P1-134-1	0	-
1577	141.514323	141.819010	F#6	88	80	0	0	24060	P1-134-2	0	-
1578	141.813802	142.158854	E6	82	80	0	0	24120	P1-134-3	0	-
1579	141.815104	142.209635	G5	77	80	0	0	24120	P1-134-6	0	-
1580	142.136719	142.438802	D#6	70	80	0	0	24180	P1-135-1	0	-
1581	142.139323	142.476562	F#5	69	80	0	0	24180	P1-135-4	0	-
1582	142.441406	142.529948	E5	70	80	0	0	24240	P1-135-5	0	-
1583	142.457031	142.750000	E6	65	80	0	0	24240	P1-135-2	0	-
1584	142.742188	142.859375	D#5	72	80	0	0	-1	*	3	-
1585	142.747396	142.759115	E5	69	80	0	0	24240	P1-135-5	0	-
1586	143.076823	143.089844	D#5	46	80	0	0	24300	P1-135-6	0	-
1587	143.104167	143.809896	G6	81	80	0	0	24360	P1-136-1	0	-
1588	143.114583	143.128906	E5	52	80	0	0	-1	*	3	-
1589	143.763021	144.089844	F#6	69	80	0	0	24480	P1-136-2	0	-
1590	144.102865	144.859375	G5	79	80	0	0	24540	P1-137-4	0	-
1591	144.481771	144.769531	E6	61	80	0	0	24600	P1-137-2	0	-
1592	144.794271	145.319010	F#5	69	80	0	0	24660	P1-137-5	0	-
1593	145.130208	145.819010	G4	69	80	0	0	24720	P1-138-1	0	-
1594	145.432292	145.579427	E5	59	80	0	0	24780	P1-138-5	0	-
1595	145.747396	146.158854	F#4	55	80	0	0	24840	P1-138-2	0	-
1596	145.885417	146.039062	E4	50	80	0	0	24870	P1-138-3	0	-
1597	146.140625	147.000000	G4	65	80	0	0	24900	P1-139-4	0	-
1598	146.153646	146.679688	E4	51	80	0	0	24900	P1-139-1	0	-
1599	146.738281	147.019531	F#4	49	80	0	0	25020	P1-139-5	0	-
1600	146.876302	147.007812	E4	47	80	0	0	25050	P1-139-6	0	-
1601	147.055990	147.263021	E4	57	80	0	0	25080	P1-140-5	0	-
1602	147.371094	147.569010	G4	65	80	0	0	25140	P1-140-2	0	-
1603	147.714844	147.908854	G4	67	80	0	0	25200	P1-140-7	0	-
1604	147.716146	147.919271	F#4	66	80	0	0	25200	P1-140-3	0	-
1605	147.872396	147.930990	E4	58	80	0	0	25230	P1-140-4	0	-
1606	148.054688	148.238281	F#4	66	80	0	0	25260	P1-141-6	0	-
1607	148.054688	148.069010	E4	57	80	0	0	25260	P1-141-1	0	-
1608	148.223958	148.289062	E4	57	80	0	0	25290	P1-141-7	0	-
1609	148.373698	148.500000	E4	62	80	0	0	25320	P1-141-8	0	-
1610	148.527344	148.750000	G4	50	80	0	0	25350	P1-141-3	0	-
1611	148.687500	149.179688	F#4	60	80	0	0	25380	P1-141-4	0	-
1612	148.846354	149.149740	G5	78	80	0	0	25410	P1-141-10	0	-
1613	148.846354	149.378906	E4	51	80	0	0	25410	P1-141-5	0	-
1614	149.045573	149.209635	F#5	86	80	0	0	25440	P1-142-7	0	-
1615	149.196615	149.414062	G6	101	80	0	0	25470	P1-142-2	0	-
1616	149.212240	149.378906	E5	80	80	0	0	25470	P1-142-8	0	-
1617	149.377604	149.549479	F#6	93	80	0	0	25500	P1-142-3	0	-
1618	149.526042	149.729167	E6	94	80	0	0	25530	P1-142-4	0	-
1619	149.529948	149.750000	G5	89	80	0	0	25530	P1-142-10	0	-
1620	149.690104	149.875000	F#5	84	80	0	0	25560	P1-142-11	0	-
1621	149.833333	149.899740	E5	78	80	0	0	25590	P1-142-12	0	-
1622	149.834635	150.079427	G4	95	80	0	0	25590	P1-142-6	0	-
1623	150.003906	150.169271	F#4	79	80	0	0	25620	P1-143-1	0	-
1624	150.147135	150.369792	G3	95	80	0	0	25650	P1-143-6	0	-
1625	150.148438	150.339844	E4	90	80	0	0	25650	P1-143-2	0	-
1626	150.295573	150.479167	F#3	80	80	0	0	25680	P1-143-7	0	-
1627	150.440104	150.539062	E3	88	80	0	0	25710	P1-143-8	0	-
1628	150.618490	150.675781	E3	101	80	0	0	25740	P1-143-9	0	-
1629	150.619792	150.729167	G4	96	80	0	0	25740	P1-143-4	0	-
1630	150.621094	150.709635	G3	93	80	0	0	-1	*	3	-
1631	151.114583	151.619792	E4	95	80	0	0	25800	P1-144-5	0	-
1632	151.115885	151.579427	G4	91	80	0	0	25800	P1-144-1	0	-
1633	151.115885	151.658854	E2	92	80	0	0	25800	P1-144-12	0	-
1634	151.118490	151.139323	E1	93	80	0	0	-1	*	3	-
1635	151.615885	151.929688	F#4	74	80	0	0	25890	P1-144-9	0	-
1636	151.740885	151.949219	E4	86	80	0	0	25920	P1-144-11	0	-
1637	151.747396	151.938802	G4	74	80	0	0	25920	P1-144-10	1	-
1638	151.747396	151.906250	E2	75	80	0	0	25920	P1-144-14	0	-
1639	151.753906	151.759115	E1	75	80	0	0	-1	*	3	-
1640	152.171875	152.438802	A4	91	80	0	0	25980	P1-145-3	0	-
1641	152.173177	152.279948	A3	97	80	0	0	25980	P1-145-1	0	-
1642	152.174479	152.389323	F#4	89	80	0	0	25980	P1-145-2	0	-
1643	152.174479	152.269531	D2	91	80	0	0	25980	P1-145-7	0	-
1644	152.182292	152.299479	D4	81	80	0	0	25980	P1-145-8	1	-
1645	152.954427	153.229167	A4	43	80	0	0	26100	P1-145-6	0	-
1646	152.960938	153.192708	F#4	40	80	0	0	26100	P1-145-5	0	-
1647	152.962240	153.019531	C4	37	80	0	0	26100	*	3	-
1648	152.963542	153.192708	D4	43	80	0	0	26100	P1-145-10	0	-
1649	153.373698	153.834635	A4	51	80	0	0	26160	P1-146-2	0	-
1650	153.385417	153.658854	D4	40	80	0	0	26160	P1-146-7	0	-
1651	153.393229	153.889323	F#4	36	80	0	0	26160	P1-146-1	0	-
1652	153.399740	153.779948	C4	34	80	0	0	26160	P1-146-6	0	-
1653	153.854167	154.000000	G4	48	80	0	0	26250	P1-146-3	0	-
1654	153.865885	153.963542	D4	36	80	0	0	26250	P1-146-9	0	-
1655	153.877604	153.960938	B3	41	80	0	0	26250	P1-146-8	0	-
1656	153.985677	154.324219	A4	49	80	0	0	26280	P1-146-5	0	-
1657	154.014323	154.317708	F#4	34	80	0	0	26280	P1-146-4	0	-
1658	154.029948	154.322917	C4	32	80	0	0	26280	P1-146-11	0	-
1659	154.031250	154.319010	A3	34	80	0	0	26280	P1-146-10	0	-
1660	154.395833	154.789062	B4	47	80	0	0	26340	P1-147-2	0	-
1661	154.415365	154.799479	B3	40	80	0	0	26340	P1-147-9	0	-
1662	154.421875	154.789062	G4	35	80	0	0	26340	P1-147-1	0	-
1663	154.425781	154.779948	G3	29	80	0	0	26340	P1-147-8	0	-
1664	155.072917	155.134115	D4	100	80	0	0	26460	P1-147-5	0	-
1665	155.074219	155.125000	G1	87	80	0	0	-1	*	3	-
1666	155.074219	155.134115	B3	95	80	0	0	26460	P1-147-4	0	-
1667	155.074219	155.126302	G2	95	80	0	0	26460	P1-147-11	0	-
1668	155.076823	155.158854	G3	98	80	0	0	26460	P1-147-12	0	-
1669	155.520833	155.699219	D4	100	80	0	0	26520	P1-148-4	0	-
1670	155.523438	156.039062	G2	92	80	0	0	26520	P1-148-12	0	-
1671	155.524740	155.589844	G1	85	80	0	0	-1	*	3	-
1672	155.524740	155.829427	B3	97	80	0	0	26520	P1-148-3	0	-
1673	155.528646	155.628906	G3	98	80	0	0	26520	P1-148-13	0	-
1674	156.007812	156.063802	A4	84	80	0	0	26610	P1-148-9	0	-
1675	156.126302	156.309896	G4	91	80	0	0	26640	P1-148-11	0	-
1676	156.132812	156.197917	B3	87	80	0	0	26640	P1-148-10	0	-
1677	156.135417	156.239583	G2	87	80	0	0	26640	P1-148-15	0	-
1678	156.135417	156.259115	F4	82	80	0	0	-1	*	3	-
1679	156.136719	156.259115	G1	88	80	0	0	26640	P1-148-14	0	-
1680	156.542969	156.707031	C#4	92	80	0	0	26700	P1-149-1	0	-
1681	156.545573	156.750000	F#2	92	80	0	0	26700	P1-149-8	0	-
1682	156.548177	156.769531	F#1	87	80	0	0	26700	P1-149-7	0	-
1683	157.325521	157.588542	C#5	56	80	0	0	26820	P1-149-6	0	-
1684	157.355469	157.584635	Bb4	39	80	0	0	26820	P1-149-5	0	-
1685	157.355469	157.658854	F#4	38	80	0	0	26820	P1-149-10	0	-
1686	157.776042	158.281250	C#5	59	80	0	0	26880	P1-150-2	0	-
1687	157.785156	158.348958	F#4	42	80	0	0	26880	P1-150-7	0	-
1688	157.795573	158.289062	Bb4	46	80	0	0	26880	P1-150-1	0	-
1689	157.795573	158.269531	E4	39	80	0	0	26880	P1-150-6	0	-
1690	158.266927	158.539062	B4	55	80	0	0	26970	P1-150-3	0	-
1691	158.285156	158.386719	D4	38	80	0	0	26970	P1-150-8	0	-
1692	158.414062	158.779948	E4	47	80	0	0	27000	P1-150-11	0	-
1693	158.421875	158.809896	C#5	57	80	0	0	27000	P1-150-5	0	-
1694	158.423177	158.760417	Bb4	52	80	0	0	27000	P1-150-4	0	-
1695	158.433594	158.755208	C#4	46	80	0	0	27000	P1-150-10	0	-
1696	158.851562	159.000000	B4	43	80	0	0	27060	P1-151-1	0	-
1697	158.852865	159.079427	D5	52	80	0	0	27060	P1-151-2	0	-
1698	158.873698	159.484375	D4	33	80	0	0	27060	P1-151-6	0	-
1699	158.876302	159.475260	B3	33	80	0	0	27060	P1-151-5	0	-
1700	159.746094	160.759115	D5	62	80	0	0	27180	P1-151-4	0	-
1701	160.165365	161.779948	G4	50	80	0	0	27240	P1-152-7	0	-
1702	160.173177	160.919271	D4	46	80	0	0	27240	P1-152-4	0	-
1703	160.183594	161.079427	B3	46	80	0	0	27240	P1-152-6	0	-
1704	160.510417	161.119792	G5	74	80	0	0	27300	P1-152-2	0	-
1705	160.865885	161.359375	E5	77	80	0	0	27360	P1-152-3	0	-
1706	160.867188	161.199219	E4	63	80	0	0	27360	P1-152-5	0	-
1707	161.225260	161.658854	D5	77	80	0	0	27420	P1-153-1	0	-
1708	161.244792	161.729167	A3	47	80	0	0	27420	P1-153-6	0	-
1709	161.593750	161.809896	C5	65	80	0	0	27480	P1-153-2	0	-
1710	161.957031	162.739583	C5	69	80	0	0	27540	P1-153-3	0	-
1711	161.964844	162.829427	F#4	51	80	0	0	27540	P1-153-5	0	-
1712	161.970052	162.369792	D#4	48	80	0	0	27540	P1-153-8	0	-
1713	162.304688	162.739583	D4	60	80	0	0	27600	P1-154-6	0	-
1714	162.628906	162.809896	A5	74	80	0	0	27660	P1-154-2	0	-
1715	163.041667	163.500000	C5	67	80	0	0	27720	P1-154-3	0	-
1716	163.044271	163.539062	F#4	52	80	0	0	27720	P1-154-7	0	-
1717	163.395833	163.949219	G4	56	80	0	0	27780	P1-155-4	0	-
1718	163.713542	163.854167	B4	59	80	0	0	27840	P1-155-2	0	-
1719	164.080729	165.348958	B4	55	80	0	0	27900	P1-155-3	0	-
1720	164.093750	164.442708	G3	44	80	0	0	27900	P1-155-5	0	-
1721	164.432292	165.128906	E3	43	80	0	0	27960	P1-156-4	0	-
1722	164.733073	164.869792	G4	48	80	0	0	28020	P1-156-2	0	-
1723	165.091146	165.809896	G4	45	80	0	0	28080	P1-156-3	0	-
1724	165.106771	165.449219	E4	42	80	0	0	28080	P1-156-5	0	-
1725	165.434896	165.889323	C4	35	80	0	0	28140	P1-157-4	0	-
1726	165.753906	165.908854	E4	38	80	0	0	28200	P1-157-2	0	-
1727	166.145833	166.649740	E4	33	80	0	0	28260	P1-157-3	0	-
1728	166.169271	166.579427	C3	31	80	0	0	28260	P1-157-8	0	-
1729	166.174479	166.979167	C4	27	80	0	0	28260	*	3	-
1730	166.552083	168.389323	C2	30	80	0	0	28320	P1-158-4	0	-
1731	166.984375	167.658854	G3	29	80	0	0	28380	P1-158-2	0	-
1732	166.992188	167.199219	E4	29	80	0	0	28380	*	3	-
1733	167.535156	168.519531	E3	28	80	0	0	28440	P1-158-3	0	-
1734	167.540365	168.378906	C4	22	80	0	0	28440	*	3	-
1735	168.404948	169.679688	B3	26	80	0	0	28500	P1-159-2	0	-
1736	168.412760	169.529948	B2	20	80	0	0	28500	P1-159-6	0	-
1737	168.460938	168.468750	C3	15	80	0	0	28500	*	3	-
1738	168.466146	169.628906	D#3	16	80	0	0	28500	P1-159-1	0	-
1739	170.604167	171.539062	E6	56	80	0	0	28620	P1-159-4	0	-
1740	170.611979	171.369792	E5	46	80	0	0	28620	P1-159-3	0	-
1741	170.992188	171.339844	B3	38	80	0	0	28680	P1-160-8	0	-
1742	170.993490	171.769531	G2	30	80	0	0	28680	P1-160-7	0	-
1743	170.996094	171.709635	E3	31	80	0	0	28680	P1-160-9	0	-
1744	171.493490	171.688802	D#6	65	80	0	0	28770	P1-160-4	0	-
1745	171.494792	171.628906	D#5	60	80	0	0	28770	P1-160-3	0	-
1746	171.630208	171.759115	E6	77	80	0	0	28800	P1-160-6	0	-
1747	171.635417	171.709635	E5	68	80	0	0	28800	P1-160-5	0	-
1748	172.023438	172.619792	F#4	62	80	0	0	28860	P1-161-3	0	-
1749	172.031250	172.169271	E4	56	80	0	0	28860	P1-161-2	0	-
1750	172.033854	173.549479	A2	48	80	0	0	28860	P1-161-8	0	-
1751	172.033854	172.500000	C4	51	80	0	0	28860	P1-161-1	0	-
1752	172.033854	172.869792	A1	48	80	0	0	28860	*	3	-
1753	172.625000	172.919271	F#4	70	80	0	0	28980	P1-161-6	0	-
1754	172.635417	172.968750	E4	69	80	0	0	28980	P1-161-5	0	-
1755	172.644531	173.019531	C#4	65	80	0	0	28980	P1-161-4	0	-
1756	172.653646	172.889323	Bb2	57	80	0	0	28980	P1-161-10	0	-
1757	172.656250	172.938802	Bb1	51	80	0	0	28980	*	3	-
1758	173.003906	173.569010	F#4	71	80	0	0	29040	P1-162-1	0	-
1759	173.009115	173.019531	A4	68	80	0	0	29040	*	3	-
1760	173.013021	173.699219	D#4	68	80	0	0	29040	P1-162-4	0	-
1761	173.013021	173.829427	B2	66	80	0	0	29040	P1-162-14	0	-
1762	173.023438	173.929688	A3	61	80	0	0	29040	P1-162-3	0	-
1763	173.475260	173.649740	G4	78	80	0	0	29130	P1-162-7	0	-
1764	173.622396	173.759115	A4	83	80	0	0	29160	P1-162-10	0	-
1765	173.753906	173.933594	G4	80	80	0	0	29190	P1-162-13	0	-
1766	173.898438	174.309896	F#4	85	80	0	0	29220	P1-163-1	0	-
1767	174.217448	174.339844	E4	79	80	0	0	29280	P1-163-2	0	-
1768	174.587240	174.829427	B2	68	80	0	0	29340	P1-163-7	0	-
1769	174.593750	175.589844	E6	92	80	0	0	29340	P1-163-4	0	-
1770	174.602865	175.348958	E5	83	80	0	0	29340	P1-163-3	0	-
1771	174.781250	175.114583	A2	71	80	0	0	29370	P1-163-8	0	-
1772	175.067708	175.639323	G2	57	80	0	0	29400	P1-164-9	0	-
1773	175.074219	175.459635	E4	56	80	0	0	-1	*	3	-
1774	175.085938	175.609375	B3	54	80	0	0	29400	P1-164-8	0	-
1775	175.554688	175.789062	D#6	87	80	0	0	29490	P1-164-4	0	-
1776	175.562500	175.718750	D#5	83	80	0	0	29490	P1-164-3	0	-
1777	175.696615	175.859375	G#2	70	80	0	0	29520	P1-164-10	0	-
1778	175.696615	175.769531	G#1	67	80	0	0	29520	*	3	-
1779	175.704427	175.848958	E6	96	80	0	0	29520	P1-164-6	0	-
1780	175.707031	175.799479	E5	92	80	0	0	29520	P1-164-5	0	-
1781	176.144531	176.822917	F#4	80	80	0	0	29580	P1-165-3	0	-
1782	176.149740	176.923177	A2	75	80	0	0	29580	P1-165-7	0	-
1783	176.151042	176.819010	A1	66	80	0	0	29580	*	3	-
1784	176.152344	176.889323	C4	75	80	0	0	29580	P1-165-1	0	-
1785	176.153646	176.158854	E4	77	80	0	0	29580	P1-165-2	0	-
1786	176.927083	177.432292	E4	47	80	0	0	29700	P1-165-5	0	-
1787	176.934896	177.430990	C#4	44	80	0	0	29700	P1-165-4	0	-
1788	176.944010	177.429688	Bb2	39	80	0	0	29700	P1-165-8	0	-
1789	177.397135	178.199219	F#4	50	80	0	0	29760	P1-166-1	0	-
1790	177.412760	179.098958	D#4	39	80	0	0	29760	P1-166-4	0	-
1791	177.430990	178.809896	A3	33	80	0	0	29760	P1-166-3	0	-
1792	177.438802	179.408854	B2	30	80	0	0	29760	P1-166-15	0	-
1793	178.105469	178.451823	A4	34	80	0	0	29850	P1-166-7	0	-
1794	178.463542	178.899740	G4	33	80	0	0	29880	P1-166-10	0	-
1795	178.825521	179.149740	F#4	33	80	0	0	29910	P1-166-13	0	-
1796	179.446615	180.619792	G4	30	80	0	0	29940	*	3	-
1797	179.453125	180.709635	E4	29	80	0	0	29940	P1-167-2	0	-
1798	179.454427	180.688802	G3	22	80	0	0	29940	P1-167-1	0	-
1799	179.464844	180.709635	E2	20	80	0	0	29940	P1-167-6	0	-
1800	181.217448	181.329427	G4	28	80	0	0	30060	P1-167-5	0	-
1801	181.226562	181.295573	G2	22	80	0	0	30060	P1-167-10	0	-
1802	181.229167	181.292969	G1	26	80	0	0	30060	P1-167-9	0	-
1803	181.230469	181.329427	G3	20	80	0	0	30060	P1-167-4	0	-
1804	181.236979	181.348958	B3	22	80	0	0	30060	*	3	-
1805	181.243490	181.250000	D4	21	80	0	0	30060	*	3	-
1806	181.605469	182.283854	G4	36	80	0	0	30120	P1-168-2	0	-
1807	181.609375	181.769531	G2	25	80	0	0	30120	P1-168-6	0	-
1808	181.611979	181.919271	G1	29	80	0	0	30120	P1-168-5	0	-
1809	181.617188	181.889323	B3	26	80	0	0	30120	*	3	-
1810	181.626302	181.789062	G3	20	80	0	0	30120	P1-168-1	0	-
1811	182.222656	182.290365	C4	42	80	0	0	30240	P1-168-3	0	-
1812	182.226562	182.291667	C2	31	80	0	0	30240	P1-168-7	0	-
1813	182.227865	182.319010	Bb4	40	80	0	0	30240	P1-168-4	1	-
1814	182.230469	182.291667	C3	34	80	0	0	30240	P1-168-8	0	-
1815	182.593750	182.919271	C5	45	80	0	0	30300	P1-169-2	0	-
1816	182.595052	182.789062	C4	36	80	0	0	30300	P1-169-1	0	-
1817	182.602865	182.709635	C3	28	80	0	0	30300	P1-169-6	0	-
1818	182.604167	182.878906	C2	27	80	0	0	30300	P1-169-5	0	-
1819	182.606771	183.059896	Bb4	35	80	0	0	-1	*	3	-
1820	182.613281	182.769531	G4	29	80	0	0	-1	*	3	-
1821	183.177083	183.348958	G5	45	80	0	0	30420	P1-169-4	0	-
1822	183.177083	183.238281	G4	36	80	0	0	30420	P1-169-3	0	-
1823	183.183594	183.299479	G2	32	80	0	0	30420	P1-169-7	0	-
1824	183.183594	183.289062	G3	32	80	0	0	30420	P1-169-8	0	-
1825	183.184896	183.234375	F5	37	80	0	0	-1	*	3	-
1826	183.559896	183.634115	G4	49	80	0	0	30480	P1-170-1	0	-
1827	183.563802	183.688802	G5	56	80	0	0	30480	P1-170-2	0	-
1828	183.569010	183.688802	F5	47	80	0	0	-1	*	3	-
1829	183.570312	183.634115	G2	35	80	0	0	30480	P1-170-5	0	-
1830	183.572917	183.649740	G3	38	80	0	0	30480	P1-170-6	0	-
1831	184.143229	184.250000	C6	61	80	0	0	30600	P1-170-4	0	-
1832	184.143229	184.204427	C4	51	80	0	0	30600	P1-170-8	0	-
1833	184.148438	184.209635	C3	45	80	0	0	30600	P1-170-7	0	-
1834	184.542969	184.688802	C6	75	80	0	0	30660	P1-171-2	0	-
1835	184.544271	184.596354	C4	57	80	0	0	30660	P1-171-7	0	-
1836	184.553385	184.598958	C3	46	80	0	0	30660	P1-171-6	0	-
1837	185.083333	185.138021	F4	93	80	0	0	30780	P1-171-10	0	-
1838	185.083333	185.139323	G4	94	80	0	0	30780	P1-171-11	0	-
1839	185.083333	185.179688	F6	103	80	0	0	30780	P1-171-5	0	-
1840	185.084635	185.089844	D6	94	80	0	0	30780	P1-171-4	0	-
1841	185.084635	185.148438	D4	84	80	0	0	30780	P1-171-9	0	-
1842	185.085938	185.149740	B3	83	80	0	0	30780	P1-171-8	0	-
1843	185.087240	185.126302	F5	100	80	0	0	30780	P1-171-3	0	-
1844	185.494792	185.919271	F4	96	80	0	0	30840	P1-172-12	0	-
1845	185.494792	185.598958	D4	90	80	0	0	30840	P1-172-11	0	-
1846	185.494792	185.679688	G4	99	80	0	0	30840	P1-172-13	0	-
1847	185.494792	186.029948	F6	107	80	0	0	30840	P1-172-3	0	-
1848	185.496094	185.658854	B3	89	80	0	0	30840	P1-172-10	0	-
1849	185.953125	186.079427	E6	93	80	0	0	30930	P1-172-4	0	-
1850	186.036458	186.115885	D6	85	80	0	0	30945	P1-172-5	0	-
1851	186.104167	186.175781	C6	91	80	0	0	30960	P1-172-6	0	-
1852	186.194010	186.260417	B5	84	80	0	0	30975	P1-172-7	0	-
1853	186.274740	186.339844	A5	82	80	0	0	30990	P1-172-8	0	-
1854	186.347656	186.395833	G5	81	80	0	0	31005	P1-172-9	0	-
1855	186.407552	186.509115	F5	80	80	0	0	31020	P1-173-1	0	-
1856	186.481771	186.540365	E5	81	80	0	0	31035	P1-173-2	0	-
1857	186.546875	186.601562	D5	82	80	0	0	31050	P1-173-3	0	-
1858	186.604167	186.699219	C5	77	80	0	0	31065	P1-173-4	0	-
1859	186.680990	186.799479	B4	80	80	0	0	31080	P1-173-5	0	-
1860	186.743490	186.812500	A4	76	80	0	0	31090	P1-173-6	0	-
1861	186.805990	186.908854	G4	76	80	0	0	31100	P1-173-7	0	-
1862	186.855469	186.979167	F4	75	80	0	0	31110	P1-173-8	0	-
1863	186.933594	186.997396	E4	79	80	0	0	31120	P1-173-9	0	-
1864	187.002604	187.066406	D4	80	80	0	0	31130	P1-173-10	0	-
1865	187.063802	187.125000	C4	80	80	0	0	31140	P1-173-11	0	-
1866	187.132812	187.196615	B3	83	80	0	0	31152	P1-173-12	0	-
1867	187.209635	187.274740	A3	78	80	0	0	31164	P1-173-13	0	-
1868	187.274740	187.369792	G3	74	80	0	0	31176	P1-173-14	0	-
1869	187.359375	187.441406	F#3	78	80	0	0	31188	P1-173-15	0	-
1870	187.437500	187.638021	G3	101	80	0	0	31200	P1-174-1	0	-
1871	188.069010	188.108073	B2	98	80	0	0	31320	P1-174-9	0	-
1872	188.071615	188.079427	G2	98	80	0	0	31320	*	3	-
1873	188.072917	188.125000	F4	96	80	0	0	31320	P1-174-5	0	-
1874	188.072917	188.114583	B1	91	80	0	0	31320	P1-174-8	0	-
1875	188.072917	188.127604	D4	95	80	0	0	31320	P1-174-4	0	-
1876	188.074219	188.139323	G3	95	80	0	0	31320	P1-174-3	0	-
1877	188.464844	188.579427	E4	96	80	0	0	31380	P1-175-3	0	-
1878	188.467448	188.589844	C4	96	80	0	0	31380	P1-175-2	0	-
1879	188.468750	188.750000	G3	97	80	0	0	31380	P1-175-1	0	-
1880	188.468750	188.479167	G2	97	80	0	0	31380	*	3	-
1881	188.472656	188.479167	C3	100	80	0	0	31380	P1-175-10	0	-
1882	188.473958	188.709635	C2	93	80	0	0	31380	P1-175-9	0	-
1883	189.092448	189.153646	E2	85	80	0	0	-1	*	3	-
1884	189.093750	189.144531	D4	101	80	0	0	31500	P1-175-15	0	-
1885	189.093750	189.162760	B5	94	80	0	0	31500	P1-175-7	0	-
1886	189.095052	189.188802	D6	97	80	0	0	31500	P1-175-8	0	-
1887	189.095052	189.145833	B3	97	80	0	0	31500	P1-175-14	0	-
1888	189.096354	189.145833	E3	92	80	0	0	31500	P1-175-12	0	-
1889	189.096354	189.154948	G#5	95	80	0	0	31500	P1-175-6	0	-
1890	189.523438	190.449219	E2	86	80	0	0	-1	*	3	-
1891	189.523438	189.529948	E1	91	80	0	0	-1	*	3	-
1892	189.524740	189.679688	B5	99	80	0	0	31560	P1-176-3	0	-
1893	189.526042	190.149740	E3	94	80	0	0	31560	P1-176-11	0	-
1894	189.527344	189.709635	D4	100	80	0	0	31560	P1-176-14	0	-
1895	189.528646	190.009115	G#5	104	80	0	0	31560	P1-176-2	0	-
1896	189.531250	190.069010	D6	103	80	0	0	31560	P1-176-4	0	-
1897	189.533854	190.000000	B3	96	80	0	0	31560	P1-176-13	0	-
1898	190.026042	190.179688	C6	90	80	0	0	31650	P1-176-5	0	-
1899	190.104167	190.179688	B5	86	80	0	0	31665	P1-176-6	0	-
1900	190.173177	190.264323	A5	85	80	0	0	31680	P1-176-7	0	-
1901	190.259115	190.347656	G#5	78	80	0	0	31695	P1-176-8	0	-
1902	190.335938	190.432292	F#5	87	80	0	0	31710	P1-176-9	0	-
1903	190.411458	190.484375	E5	84	80	0	0	31725	P1-176-10	0	-
1904	190.472656	190.536458	D5	80	80	0	0	31740	P1-177-1	0	-
1905	190.545573	190.658854	C5	72	80	0	0	31755	P1-177-2	0	-
1906	190.618490	190.718750	B4	76	80	0	0	31770	P1-177-3	0	-
1907	190.670573	190.789062	A4	80	80	0	0	31785	P1-177-4	0	-
1908	190.750000	190.824219	G#4	77	80	0	0	31800	P1-177-5	0	-
1909	190.815104	190.893229	F#4	75	80	0	0	31810	P1-177-6	0	-
1910	190.882812	190.944010	E4	75	80	0	0	31820	P1-177-7	0	-
1911	190.933594	191.005208	D4	77	80	0	0	31830	P1-177-8	0	-
1912	191.002604	191.061198	C4	80	80	0	0	31840	P1-177-9	0	-
1913	191.078125	191.218750	B3	69	80	0	0	31850	P1-177-10	0	-
1914	191.130208	191.250000	A3	81	80	0	0	31860	P1-177-11	0	-
1915	191.210938	191.276042	G#3	78	80	0	0	31872	P1-177-12	0	-
1916	191.274740	191.339844	F#3	70	80	0	0	31884	P1-177-13	0	-
1917	191.343750	191.459635	E3	70	80	0	0	31896	P1-177-14	0	-
1918	191.425781	191.514323	D#3	81	80	0	0	31908	P1-177-15	0	-
1919	191.505208	191.569010	E3	94	80	0	0	31920	P1-178-1	0	-
1920	192.144531	192.209635	E2	89	80	0	0	32040	P1-178-3	1	-
1921	192.147135	192.194010	G#2	92	80	0	0	32040	P1-178-9	0	-
1922	192.148438	192.194010	G#1	88	80	0	0	32040	P1-178-8	0	-
1923	192.149740	192.205729	D4	94	80	0	0	32040	P1-178-5	0	-
1924	192.151042	192.199219	B3	91	80	0	0	32040	P1-178-4	0	-
1925	192.152344	192.218750	E4	91	80	0	0	-1	*	3	-
1926	192.565104	192.619792	F2	85	80	0	0	-1	*	3	-
1927	192.565104	192.718750	C4	89	80	0	0	32100	P1-179-3	0	-
1928	192.566406	192.779948	A1	85	80	0	0	32100	P1-179-6	0	-
1929	192.566406	192.759115	A2	91	80	0	0	32100	P1-179-7	0	-
1930	192.570312	192.649740	A3	85	80	0	0	32100	P1-179-2	0	-
1931	193.313802	193.649740	C6	60	80	0	0	32220	P1-179-5	0	-
1932	193.322917	193.329427	A2	30	80	0	0	32220	P1-179-11	1	-
1933	193.334635	193.419271	F2	32	80	0	0	32220	P1-179-9	0	-
1934	193.337240	193.348958	C2	30	80	0	0	-1	*	3	-
1935	193.820312	194.438802	C6	68	80	0	0	32280	P1-180-1	0	-
1936	193.832031	193.839844	A2	27	80	0	0	-1	*	3	-
1937	193.838542	195.269531	F2	27	80	0	0	32280	P1-180-8	0	-
1938	193.846354	193.859375	C3	24	80	0	0	32280	P1-180-9	0	-
1939	194.337240	194.468750	Bb5	62	80	0	0	32370	P1-180-2	0	-
1940	194.430990	194.477865	A5	48	80	0	0	32385	P1-180-3	0	-
1941	194.501302	194.550781	G5	54	80	0	0	32400	P1-180-4	0	-
1942	194.584635	194.628906	F5	57	80	0	0	32415	P1-180-5	0	-
1943	194.654948	194.714844	E5	58	80	0	0	32430	P1-180-6	0	-
1944	194.735677	194.792969	D5	57	80	0	0	32445	P1-180-7	0	-
1945	194.804688	194.889323	C5	61	80	0	0	32460	P1-181-1	0	-
1946	194.894531	194.949219	Bb4	63	80	0	0	32475	P1-181-2	0	-
1947	194.972656	195.059896	A4	57	80	0	0	32490	P1-181-3	0	-
1948	195.026042	195.109375	G4	58	80	0	0	32505	P1-181-4	0	-
1949	195.091146	195.135417	F4	56	80	0	0	32520	P1-181-5	0	-
1950	195.161458	195.208333	E4	61	80	0	0	32532	P1-181-6	0	-
1951	195.238281	195.319010	D4	57	80	0	0	32544	P1-181-7	0	-
1952	195.312500	195.365885	C4	56	80	0	0	32556	P1-181-8	0	-
1953	195.315104	195.329427	C3	47	80	0	0	-1	*	3	-
1954	195.518229	195.639323	A3	38	80	0	0	32580	P1-181-10	0	-
1955	195.537760	195.649740	F1	31	80	0	0	-1	*	3	-
1956	195.544271	195.549479	C3	30	80	0	0	32580	P1-181-15	0	-
1957	195.544271	195.684896	F2	28	80	0	0	32580	P1-181-14	0	-
1958	195.985677	196.199219	A3	29	80	0	0	32640	P1-182-1	0	-
1959	195.990885	196.128906	F1	30	80	0	0	-1	*	3	-
1960	196.001302	196.169271	C3	27	80	0	0	32640	P1-182-5	0	-
1961	196.002604	196.188802	F2	27	80	0	0	32640	P1-182-4	0	-
1962	196.601562	196.759115	A3	28	80	0	0	32760	P1-182-2	0	-
1963	196.601562	196.722656	D#4	33	80	0	0	32760	P1-182-3	0	-
1964	196.602865	196.609375	F#2	29	80	0	0	32760	P1-182-6	1	-
1965	196.604167	196.725260	C3	28	80	0	0	32760	P1-182-7	0	-
1966	196.981771	197.378906	D#4	36	80	0	0	32820	P1-183-2	0	-
1967	196.985677	197.199219	C2	30	80	0	0	-1	*	3	-
1968	196.986979	197.259115	A3	28	80	0	0	32820	P1-183-1	0	-
1969	196.992188	197.250000	C3	29	80	0	0	32820	P1-183-6	0	-
1970	196.993490	197.000000	F#2	29	80	0	0	32820	P1-183-5	1	-
1971	196.994792	197.000000	C4	29	80	0	0	-1	*	3	-
1972	197.582031	197.848958	A4	47	80	0	0	32940	P1-183-4	0	-
1973	197.592448	197.777344	D#4	34	80	0	0	32940	P1-183-3	0	-
1974	197.613281	197.819010	C4	29	80	0	0	32940	P1-183-8	1	-
1975	197.618490	197.809896	F#2	30	80	0	0	32940	P1-183-7	0	-
1976	197.623698	197.819010	F#1	31	80	0	0	-1	*	3	-
1977	197.983073	198.419271	A4	53	80	0	0	33000	P1-184-2	0	-
1978	197.986979	198.179688	A3	45	80	0	0	33000	P1-184-8	0	-
1979	197.988281	198.239583	C4	44	80	0	0	-1	*	3	-
1980	197.988281	198.419271	D#4	48	80	0	0	33000	P1-184-1	0	-
1981	197.988281	198.419271	F#2	41	80	0	0	33000	P1-184-6	0	-
1982	197.990885	198.419271	F#1	41	80	0	0	-1	*	3	-
1983	197.994792	198.009115	C3	43	80	0	0	33000	P1-184-7	0	-
1984	198.606771	198.799479	D#5	71	80	0	0	33120	P1-184-5	0	-
1985	198.614583	198.850260	A4	59	80	0	0	33120	P1-184-4	0	-
1986	198.618490	198.779948	C3	55	80	0	0	33120	P1-184-10	0	-
1987	198.619792	198.848958	F#2	56	80	0	0	33120	P1-184-9	0	-
1988	198.622396	198.809896	D#4	52	80	0	0	33120	P1-184-3	0	-
1989	199.003906	199.106771	D#4	79	80	0	0	33180	P1-185-1	0	-
1990	199.006510	199.123698	A4	80	80	0	0	33180	P1-185-2	0	-
1991	199.010417	199.279948	D#5	83	80	0	0	33180	P1-185-3	0	-
1992	199.010417	199.098958	C2	70	80	0	0	33180	P1-185-8	1	-
1993	199.011719	199.098958	C3	79	80	0	0	33180	P1-185-9	0	-
1994	199.493490	199.579427	F#2	63	80	0	0	33300	P1-185-11	0	-
1995	199.501302	199.559896	F2	66	80	0	0	-1	*	3	-
1996	199.533854	199.539062	C3	65	80	0	0	33300	P1-185-12	0	-
1997	199.582031	199.894531	C6	102	80	0	0	33300	P1-185-7	0	-
1998	199.583333	199.919271	A5	91	80	0	0	33300	P1-185-6	0	-
1999	199.584635	199.899740	D#5	97	80	0	0	33300	P1-185-5	0	-
2000	199.587240	199.899740	C5	95	80	0	0	33300	P1-185-4	0	-
2001	199.597656	199.759115	A4	81	80	0	0	-1	*	3	-
2002	199.986979	200.000000	C2	70	80	0	0	33360	P1-186-11	1	-
2003	199.988281	200.000000	B1	65	80	0	0	33360	P1-186-10	1	-
2004	199.994792	200.519531	C6	103	80	0	0	33360	P1-186-4	0	-
2005	200.001302	200.519531	D#5	99	80	0	0	33360	P1-186-2	0	-
2006	200.002604	200.489583	C5	100	80	0	0	33360	P1-186-1	0	-
2007	200.003906	200.509115	A5	94	80	0	0	33360	P1-186-3	0	-
2008	200.009115	200.019531	B5	100	80	0	0	-1	*	3	-
2009	200.613281	200.908854	B5	103	80	0	0	33480	P1-186-8	0	-
2010	200.613281	200.908854	B4	102	80	0	0	33480	P1-186-5	0	-
2011	200.614583	200.929688	A5	99	80	0	0	33480	P1-186-7	0	-
2012	200.615885	200.628906	C5	99	80	0	0	-1	*	3	-
2013	200.619792	200.878906	D#5	96	80	0	0	33480	P1-186-6	0	-
2014	201.009115	201.489583	Bb5	106	80	0	0	33540	P1-187-3	0	-
2015	201.013021	201.399740	Bb4	108	80	0	0	33540	P1-187-1	0	-
2016	201.019531	201.218750	E5	96	80	0	0	33540	P1-187-2	1	-
2017	201.447917	201.779948	F#2	74	80	0	0	33660	P1-187-11	0	-
2018	201.528646	201.718750	B2	69	80	0	0	33660	P1-187-12	0	-
2019	201.593750	201.839844	A5	96	80	0	0	33660	P1-187-6	0	-
2020	201.596354	201.819010	B5	100	80	0	0	33660	P1-187-7	0	-
2021	201.596354	201.609375	A4	100	80	0	0	-1	*	3	-
2022	201.596354	201.848958	B4	102	80	0	0	33660	P1-187-4	0	-
2023	201.598958	201.609375	C5	98	80	0	0	33660	P1-187-5	1	-
2024	202.074219	202.119792	G1	87	80	0	0	-1	*	3	-
2025	202.075521	202.529948	B5	100	80	0	0	33720	P1-188-3	0	-
2026	202.076823	202.169271	G2	95	80	0	0	33720	P1-188-4	0	-
2027	202.078125	202.329427	B4	98	80	0	0	33720	P1-188-1	0	-
2028	202.273438	202.324219	B3	86	80	0	0	33750	P1-188-8	0	-
2029	202.273438	202.279948	D4	76	80	0	0	-1	*	3	-
2030	202.273438	202.408854	G2	64	80	0	0	-1	*	3	-
2031	202.276042	202.329427	G3	68	80	0	0	33750	P1-188-7	0	-
2032	202.417969	202.477865	G2	67	80	0	0	-1	*	3	-
2033	202.420573	202.489583	G3	73	80	0	0	33780	P1-188-9	0	-
2034	202.425781	202.489583	B3	90	80	0	0	33780	P1-188-10	0	-
2035	202.580729	202.589844	D4	72	80	0	0	-1	*	3	-
2036	202.580729	202.630208	B3	84	80	0	0	33810	P1-188-12	0	-
2037	202.583333	202.634115	G3	73	80	0	0	33810	P1-188-11	0	-
2038	202.731771	202.739583	D4	72	80	0	0	-1	*	3	-
2039	202.733073	202.777344	G3	78	80	0	0	33840	P1-188-13	0	-
2040	202.735677	202.785156	B3	82	80	0	0	33840	P1-188-14	0	-
2041	202.878906	202.930990	G3	89	80	0	0	33870	P1-188-15	0	-
2042	202.884115	202.924479	B3	79	80	0	0	33870	P1-188-16	0	-
2043	203.053385	203.709635	E6	107	80	0	0	33900	P1-189-2	0	-
2044	203.054688	203.095052	B3	90	80	0	0	33900	P1-189-4	0	-
2045	203.054688	203.095052	G#3	94	80	0	0	33900	P1-189-3	0	-
2046	203.055990	203.468750	E5	102	80	0	0	33900	P1-189-1	0	-
2047	203.194010	203.239583	G#3	79	80	0	0	33930	P1-189-5	0	-
2048	203.194010	203.250000	B3	77	80	0	0	33930	P1-189-6	0	-
2049	203.346354	203.395833	G#3	88	80	0	0	33960	P1-189-7	0	-
2050	203.347656	203.397135	B3	81	80	0	0	33960	P1-189-8	0	-
2051	203.493490	203.536458	B3	84	80	0	0	33990	P1-189-10	0	-
2052	203.496094	203.540365	G#3	81	80	0	0	33990	P1-189-9	0	-
2053	203.635417	203.684896	G#3	76	80	0	0	34020	P1-189-11	0	-
2054	203.653646	203.695312	B3	86	80	0	0	34020	P1-189-12	0	-
2055	203.796875	203.834635	G#3	80	80	0	0	34050	P1-189-13	0	-
2056	203.796875	203.859375	B3	84	80	0	0	34050	P1-189-14	0	-
2057	203.949219	203.998698	B3	95	80	0	0	34080	P1-190-9	0	-
2058	203.951823	204.009115	E5	94	80	0	0	34080	P1-190-3	0	-
2059	203.954427	204.002604	D4	99	80	0	0	34080	P1-190-10	0	-
2060	204.122396	204.169271	D4	77	80	0	0	34110	P1-190-13	0	-
2061	204.126302	204.188802	B3	75	80	0	0	34110	P1-190-12	0	-
2062	204.282552	204.378906	F4	92	80	0	0	34140	P1-190-4	0	-
2063	204.283854	204.324219	A3	86	80	0	0	34140	P1-190-14	0	-
2064	204.285156	204.328125	C4	86	80	0	0	34140	P1-190-15	0	-
2065	204.442708	204.449219	E3	65	80	0	0	-1	*	3	-
2066	204.444010	204.473958	C4	72	80	0	0	34170	P1-190-17	0	-
2067	204.444010	204.475260	A3	69	80	0	0	34170	P1-190-16	0	-
2068	204.445312	204.459635	E4	66	80	0	0	-1	*	3	-
2069	204.445312	204.479167	A4	69	80	0	0	-1	*	3	-
2070	204.585938	204.625000	A3	66	80	0	0	34200	P1-190-18	0	-
2071	204.585938	204.649740	C4	73	80	0	0	34200	P1-190-19	0	-
2072	204.591146	204.598958	E4	60	80	0	0	-1	*	3	-
2073	204.731771	204.774740	C4	75	80	0	0	34230	P1-190-21	0	-
2074	204.733073	204.739583	E4	63	80	0	0	-1	*	3	-
2075	204.733073	204.773438	A3	69	80	0	0	34230	P1-190-20	0	-
2076	204.873698	204.949219	A3	87	80	0	0	34260	P1-191-8	0	-
2077	204.875000	205.029948	F5	97	80	0	0	34260	P1-191-3	1	-
2078	204.875000	204.929688	E4	96	80	0	0	34260	P1-191-10	0	-
2079	204.877604	204.959635	C4	87	80	0	0	34260	P1-191-9	0	-
2080	204.881510	204.889323	E5	95	80	0	0	34260	P1-191-2	0	-
2081	205.042969	205.098958	E4	72	80	0	0	34290	P1-191-13	0	-
2082	205.044271	205.098958	C4	72	80	0	0	34290	P1-191-12	0	-
2083	205.045573	205.109375	A3	68	80	0	0	34290	P1-191-11	0	-
2084	205.046875	205.059896	D4	72	80	0	0	-1	*	3	-
2085	205.197917	205.255208	D4	94	80	0	0	34320	P1-191-15	0	-
2086	205.200521	205.299479	G#4	95	80	0	0	34320	P1-191-4	0	-
2087	205.200521	205.359375	G#5	92	80	0	0	34320	P1-191-6	0	-
2088	205.203125	205.255208	B3	86	80	0	0	34320	P1-191-14	0	-
2089	205.352865	205.408854	D4	78	80	0	0	34350	P1-191-17	0	-
2090	205.354167	205.408854	B3	70	80	0	0	34350	P1-191-16	0	-
2091	205.494792	205.544271	D4	86	80	0	0	34380	P1-191-19	0	-
2092	205.494792	205.509115	E4	78	80	0	0	-1	*	3	-
2093	205.496094	205.546875	B3	71	80	0	0	34380	P1-191-18	0	-
2094	205.643229	205.686198	D4	88	80	0	0	34410	P1-191-21	0	-
2095	205.644531	205.658854	E4	80	80	0	0	-1	*	3	-
2096	205.645833	205.692708	B3	77	80	0	0	34410	P1-191-20	0	-
2097	205.783854	205.847656	E4	95	80	0	0	34440	P1-192-11	0	-
2098	205.783854	205.839844	D4	98	80	0	0	34440	P1-192-10	0	-
2099	205.783854	205.973958	G#5	99	80	0	0	34440	P1-192-4	0	-
2100	205.785156	205.837240	B3	92	80	0	0	34440	P1-192-9	0	-
2101	205.787760	205.799479	E5	91	80	0	0	34440	P1-192-3	0	-
2102	205.938802	205.981771	D4	82	80	0	0	34470	P1-192-13	0	-
2103	205.940104	205.981771	E4	82	80	0	0	34470	P1-192-14	0	-
2104	205.945312	205.985677	B3	68	80	0	0	34470	P1-192-12	0	-
2105	205.945312	205.959635	C4	70	80	0	0	-1	*	3	-
2106	206.104167	206.309896	A5	94	80	0	0	34500	P1-192-7	0	-
2107	206.105469	206.299479	A4	98	80	0	0	34500	P1-192-5	0	-
2108	206.105469	206.153646	E4	89	80	0	0	34500	P1-192-16	0	-
2109	206.105469	206.151042	C4	82	80	0	0	34500	P1-192-15	0	-
2110	206.111979	206.119792	E5	89	80	0	0	34500	P1-192-6	0	-
2111	206.260417	206.295573	E4	79	80	0	0	34530	P1-192-18	0	-
2112	206.264323	206.298177	C4	73	80	0	0	34530	P1-192-17	0	-
2113	206.401042	206.445312	C4	75	80	0	0	34560	P1-192-19	0	-
2114	206.402344	206.445312	E4	80	80	0	0	34560	P1-192-20	0	-
2115	206.544271	206.609375	E4	78	80	0	0	34590	P1-192-22	0	-
2116	206.544271	206.584635	C4	69	80	0	0	34590	P1-192-21	0	-
2117	206.686198	206.733073	C4	86	80	0	0	34620	P1-193-9	0	-
2118	206.687500	206.734375	E4	92	80	0	0	34620	P1-193-10	0	-
2119	206.690104	206.839844	A5	94	80	0	0	34620	P1-193-3	0	-
2120	206.692708	206.739583	E5	96	80	0	0	34620	P1-193-2	0	-
2121	206.692708	206.699219	Bb5	95	80	0	0	-1	*	3	-
2122	206.841146	206.885417	E4	84	80	0	0	34650	P1-193-12	0	-
2123	206.842448	206.888021	C#4	82	80	0	0	34650	P1-193-11	0	-
2124	206.989583	207.049479	E4	90	80	0	0	34680	P1-193-14	0	-
2125	206.989583	207.309896	Bb5	100	80	0	0	34680	P1-193-7	0	-
2126	206.993490	207.042969	C#4	84	80	0	0	34680	P1-193-13	0	-
2127	206.993490	207.299479	Bb4	100	80	0	0	34680	P1-193-4	0	-
2128	206.996094	207.339844	E5	86	80	0	0	34680	P1-193-5	0	-
2129	207.000000	207.348958	G5	83	80	0	0	34680	P1-193-6	0	-
2130	207.135417	207.174479	E4	72	80	0	0	34710	P1-193-16	0	-
2131	207.140625	207.174479	C#4	79	80	0	0	34710	P1-193-15	0	-
2132	207.274740	207.339844	E4	72	80	0	0	34740	P1-193-18	0	-
2133	207.274740	207.339844	C#4	75	80	0	0	34740	P1-193-17	0	-
2134	207.414062	207.454427	E4	71	80	0	0	34770	P1-193-20	0	-
2135	207.414062	207.479167	C#4	64	80	0	0	34770	P1-193-19	0	-
2136	207.566406	207.759115	A5	64	80	0	0	34800	P1-194-3	0	-
2137	207.578125	207.658854	E5	55	80	0	0	34800	P1-194-2	0	-
2138	207.580729	207.631510	F#4	56	80	0	0	34800	P1-194-19	0	-
2139	207.744792	207.819010	Bb5	66	80	0	0	34830	P1-194-6	0	-
2140	207.753906	207.792969	F#4	54	80	0	0	34830	P1-194-20	0	-
2141	207.755208	207.791667	E5	53	80	0	0	34830	P1-194-5	0	-
2142	207.891927	207.936198	Bb5	78	80	0	0	34860	P1-194-9	0	-
2143	207.893229	207.944010	F#4	59	80	0	0	34860	P1-194-21	0	-
2144	207.894531	207.936198	E5	71	80	0	0	34860	P1-194-8	0	-
2145	208.035156	208.084635	Bb5	85	80	0	0	34890	P1-194-12	0	-
2146	208.042969	208.083333	E5	73	80	0	0	34890	P1-194-11	0	-
2147	208.044271	208.091146	F#4	60	80	0	0	34890	P1-194-22	0	-
2148	208.177083	208.225260	Bb5	86	80	0	0	34920	P1-194-15	0	-
2149	208.184896	208.231771	E5	82	80	0	0	34920	P1-194-14	0	-
2150	208.186198	208.233073	F#4	72	80	0	0	34920	P1-194-23	0	-
2151	208.325521	208.382812	Bb5	89	80	0	0	34950	P1-194-18	0	-
2152	208.332031	208.376302	E5	86	80	0	0	34950	P1-194-17	0	-
2153	208.333333	208.384115	F#4	85	80	0	0	34950	P1-194-24	0	-
2154	208.473958	208.529948	Bb5	92	80	0	0	34980	P1-195-3	0	-
2155	208.480469	208.527344	E5	87	80	0	0	34980	P1-195-2	0	-
2156	208.481771	208.489583	C4	67	80	0	0	-1	*	3	-
2157	208.483073	208.529948	F#4	76	80	0	0	34980	P1-195-19	0	-
2158	208.626302	208.682292	Bb5	94	80	0	0	35010	P1-195-6	0	-
2159	208.634115	208.680990	E5	88	80	0	0	35010	P1-195-5	0	-
2160	208.634115	208.683594	F#4	81	80	0	0	35010	P1-195-20	0	-
2161	208.773438	208.779948	B5	93	80	0	0	35040	P1-195-9	1	-
2162	208.774740	208.789062	C4	63	80	0	0	-1	*	3	-
2163	208.774740	208.830729	F#4	94	80	0	0	35040	P1-195-21	0	-
2164	208.776042	208.824219	E5	91	80	0	0	35040	P1-195-8	0	-
2165	208.915365	208.967448	E5	85	80	0	0	35070	P1-195-11	0	-
2166	208.916667	208.968750	B5	95	80	0	0	35070	P1-195-12	1	-
2167	208.916667	208.966146	F#4	76	80	0	0	35070	P1-195-22	0	-
2168	208.920573	208.929688	C4	69	80	0	0	-1	*	3	-
2169	209.058594	209.109375	B5	92	80	0	0	-1	*	3	-
2170	209.061198	209.069010	C6	92	80	0	0	35100	P1-195-15	1	-
2171	209.061198	209.069010	C4	68	80	0	0	-1	*	3	-
2172	209.061198	209.111979	F#4	95	80	0	0	35100	P1-195-23	0	-
2173	209.063802	209.106771	E5	91	80	0	0	35100	P1-195-14	0	-
2174	209.184896	209.256510	Bb5	94	80	0	0	35130	P1-195-18	0	-
2175	209.184896	209.199219	A4	85	80	0	0	35130	P1-195-17	1	-
2176	209.191406	209.199219	C4	65	80	0	0	-1	*	3	-
2177	209.192708	209.252604	F#4	88	80	0	0	35130	P1-195-24	0	-
2178	209.194010	209.199219	B3	71	80	0	0	-1	*	3	-
2179	209.368490	209.470052	F#4	92	80	0	0	35160	P1-196-15	0	-
2180	209.369792	209.485677	A4	91	80	0	0	35160	P1-196-16	0	-
2181	209.372396	209.484375	D#4	85	80	0	0	35160	P1-196-14	0	-
2182	209.377604	209.509115	B3	79	80	0	0	35160	P1-196-13	0	-
2183	209.378906	209.468750	C6	92	80	0	0	35160	P1-196-1	1	-
2184	209.611979	209.670573	C6	97	80	0	0	35190	P1-196-3	0	-
2185	209.611979	209.664062	A4	85	80	0	0	35190	P1-196-20	0	-
2186	209.613281	209.665365	F#4	84	80	0	0	35190	P1-196-19	0	-
2187	209.613281	209.665365	D#4	80	80	0	0	35190	P1-196-18	0	-
2188	209.615885	209.671875	B3	81	80	0	0	35190	P1-196-17	0	-
2189	209.764323	209.816406	F#4	87	80	0	0	35220	P1-196-23	0	-
2190	209.765625	209.815104	A4	89	80	0	0	35220	P1-196-24	0	-
2191	209.768229	209.822917	C6	98	80	0	0	35220	P1-196-5	0	-
2192	209.768229	209.819010	D#4	77	80	0	0	35220	P1-196-22	0	-
2193	209.773438	209.830729	B3	78	80	0	0	35220	P1-196-21	0	-
2194	209.773438	209.779948	C4	74	80	0	0	-1	*	3	-
2195	209.915365	209.972656	F#4	90	80	0	0	35250	P1-196-27	0	-
2196	209.916667	209.972656	C6	104	80	0	0	35250	P1-196-7	0	-
2197	209.916667	209.968750	A4	89	80	0	0	35250	P1-196-28	0	-
2198	209.920573	209.980469	B3	81	80	0	0	35250	P1-196-25	0	-
2199	209.921875	209.972656	D#4	79	80	0	0	35250	P1-196-26	0	-
2200	209.921875	209.929688	C4	78	80	0	0	-1	*	3	-
2201	210.065104	210.125000	F#4	88	80	0	0	35280	P1-196-31	0	-
2202	210.065104	210.119792	C6	103	80	0	0	35280	P1-196-9	0	-
2203	210.066406	210.117188	A4	91	80	0	0	35280	P1-196-32	0	-
2204	210.070312	210.122396	D#4	80	80	0	0	35280	P1-196-30	0	-
2205	210.072917	210.136719	B3	84	80	0	0	35280	P1-196-29	0	-
2206	210.074219	210.079427	C4	82	80	0	0	-1	*	3	-
2207	210.208333	210.276042	C7	107	80	0	0	35310	P1-196-12	0	-
2208	210.213542	210.266927	C6	102	80	0	0	35310	P1-196-11	0	-
2209	210.214844	210.273438	F#4	88	80	0	0	35310	P1-196-35	0	-
2210	210.216146	210.272135	A4	92	80	0	0	35310	P1-196-36	0	-
2211	210.222656	210.277344	D#4	79	80	0	0	35310	P1-196-34	0	-
2212	210.222656	210.229167	C4	78	80	0	0	-1	*	3	-
2213	210.223958	210.285156	B3	80	80	0	0	35310	P1-196-33	0	-
2214	210.365885	210.427083	C6	103	80	0	0	35340	P1-197-1	0	-
2215	210.367188	210.421875	A4	91	80	0	0	35340	P1-197-16	0	-
2216	210.372396	210.433594	F#4	89	80	0	0	35340	P1-197-15	0	-
2217	210.373698	210.378906	C4	79	80	0	0	-1	*	3	-
2218	210.373698	210.433594	D#4	81	80	0	0	35340	P1-197-14	0	-
2219	210.375000	210.441406	B3	78	80	0	0	35340	P1-197-13	0	-
2220	210.533854	210.604167	C6	99	80	0	0	35370	P1-197-3	0	-
2221	210.537760	210.601562	A4	82	80	0	0	35370	P1-197-20	0	-
2222	210.537760	210.608073	F#4	83	80	0	0	35370	P1-197-19	0	-
2223	210.541667	210.608073	D#4	74	80	0	0	35370	P1-197-18	0	-
2224	210.544271	210.549479	C4	70	80	0	0	-1	*	3	-
2225	210.553385	210.615885	B3	68	80	0	0	35370	P1-197-17	0	-
2226	210.704427	210.783854	C7	103	80	0	0	35400	P1-197-6	0	-
2227	210.707031	210.772135	C6	96	80	0	0	35400	P1-197-5	0	-
2228	210.709635	210.772135	A4	79	80	0	0	35400	P1-197-24	0	-
2229	210.713542	210.777344	F#4	76	80	0	0	35400	P1-197-23	0	-
2230	210.714844	210.782552	D#4	66	80	0	0	35400	P1-197-22	0	-
2231	210.714844	210.786458	B3	69	80	0	0	35400	P1-197-21	0	-
2232	210.890625	210.968750	C7	100	80	0	0	35430	P1-197-8	0	-
2233	210.890625	210.963542	F#4	78	80	0	0	35430	P1-197-27	0	-
2234	210.894531	210.960938	C6	92	80	0	0	35430	P1-197-7	0	-
2235	210.894531	210.954427	A4	73	80	0	0	35430	P1-197-28	0	-
2236	210.897135	210.964844	D#4	66	80	0	0	35430	P1-197-26	0	-
2237	210.903646	210.908854	C4	62	80	0	0	-1	*	3	-
2238	210.903646	210.979167	B3	65	80	0	0	35430	P1-197-25	0	-
2239	211.074219	211.259115	C7	92	80	0	0	35460	P1-197-10	0	-
2240	211.080729	211.209635	C6	88	80	0	0	35460	P1-197-9	0	-
2241	211.097656	211.164062	A4	56	80	0	0	35460	P1-197-32	0	-
2242	211.104167	211.174479	F#4	53	80	0	0	35460	P1-197-31	0	-
2243	211.109375	211.119792	B3	46	80	0	0	35460	P1-197-29	0	-
2244	211.111979	211.174479	D#4	50	80	0	0	35460	P1-197-30	0	-
2245	211.317708	211.355469	A4	71	80	0	0	35490	P1-197-36	0	-
2246	211.325521	211.569010	D#4	55	80	0	0	35490	P1-197-34	0	-
2247	211.326823	211.378906	C4	61	80	0	0	35490	P1-197-33	1	-
2248	211.328125	211.688802	C7	88	80	0	0	35490	P1-197-12	0	-
2249	211.332031	211.609375	C6	82	80	0	0	35490	P1-197-11	0	-
2250	211.695312	211.919271	E3	52	80	0	0	35520	P1-198-5	0	-
2251	211.695312	212.319010	C7	93	80	0	0	35520	P1-198-2	0	-
2252	211.703125	212.089844	C6	83	80	0	0	35520	P1-198-1	0	-
2253	211.855469	211.915365	G4	52	80	0	0	35535	P1-198-6	0	-
2254	211.955729	212.007812	B3	49	80	0	0	35550	P1-198-7	0	-
2255	212.039062	212.076823	G4	50	80	0	0	35565	P1-198-8	0	-
2256	212.134115	212.218750	F#3	52	80	0	0	35580	P1-198-9	0	-
2257	212.194010	212.750000	B6	80	80	0	0	35580	P1-198-4	0	-
2258	212.203125	212.899740	B5	79	80	0	0	35580	P1-198-3	0	-
2259	212.243490	212.295573	A4	58	80	0	0	35595	P1-198-10	0	-
2260	212.364583	212.459635	B3	48	80	0	0	35610	P1-198-11	0	-
2261	212.417969	212.529948	A4	54	80	0	0	35625	P1-198-12	0	-
2262	212.489583	212.544271	G3	51	80	0	0	35640	P1-198-13	0	-
2263	212.592448	212.699219	B4	62	80	0	0	35655	P1-198-14	0	-
2264	212.674479	212.734375	B3	53	80	0	0	35670	P1-198-15	0	-
2265	212.871094	212.989583	E3	52	80	0	0	35700	P1-199-5	0	-
2266	212.871094	212.878906	G4	44	80	0	0	35685	P1-198-16	1	-
2267	212.968750	213.005208	G4	61	80	0	0	35715	P1-199-6	0	-
2268	213.050781	213.095052	B3	51	80	0	0	35730	P1-199-7	0	-
2269	213.111979	213.144531	G4	60	80	0	0	35745	P1-199-8	0	-
2270	213.194010	213.919271	E6	83	80	0	0	35760	P1-199-4	0	-
2271	213.197917	213.209635	G3	55	80	0	0	35760	P1-199-9	1	-
2272	213.203125	213.669271	E5	73	80	0	0	35760	P1-199-3	0	-
2273	213.292969	213.342448	A4	51	80	0	0	35775	P1-199-10	0	-
2274	213.394531	213.500000	B3	55	80	0	0	35790	P1-199-11	0	-
2275	213.455729	213.529948	A4	55	80	0	0	35805	P1-199-12	0	-
2276	213.526042	213.580729	G3	60	80	0	0	35820	P1-199-13	0	-
2277	213.623698	213.699219	B4	64	80	0	0	35835	P1-199-14	0	-
2278	213.695312	213.789062	B3	47	80	0	0	35850	P1-199-15	0	-
2279	213.696615	213.739583	C4	44	80	0	0	-1	*	3	-
2280	213.774740	213.869792	B4	50	80	0	0	35865	P1-199-16	0	-
2281	213.880208	213.936198	E3	57	80	0	0	35880	P1-200-5	0	-
2282	213.884115	213.889323	E4	51	80	0	0	-1	*	3	-
2283	213.975260	214.015625	G4	66	80	0	0	35895	P1-200-6	0	-
2284	214.132812	214.199219	G4	58	80	0	0	35925	P1-200-8	0	-
2285	214.204427	214.209635	F#3	55	80	0	0	35940	P1-200-9	0	-
2286	214.220052	214.688802	B5	89	80	0	0	35940	P1-200-4	0	-
2287	214.223958	214.509115	B4	86	80	0	0	35940	P1-200-3	0	-
2288	214.294271	214.389323	A4	49	80	0	0	35955	P1-200-10	0	-
2289	214.421875	214.502604	B3	51	80	0	0	35970	P1-200-11	0	-
2290	214.454427	214.519531	A4	46	80	0	0	35985	P1-200-12	0	-
2291	214.528646	214.583333	G3	64	80	0	0	36000	P1-200-13	0	-
2292	214.626302	214.665365	B4	59	80	0	0	36015	P1-200-14	0	-
2293	214.712240	214.755208	C4	45	80	0	0	-1	*	3	-
2294	214.714844	214.848958	B3	47	80	0	0	36030	P1-200-15	0	-
2295	214.773438	214.830729	B4	60	80	0	0	36045	P1-200-16	0	-
2296	214.897135	214.955729	E3	57	80	0	0	36060	P1-201-4	0	-
2297	214.985677	215.032552	G4	65	80	0	0	36075	P1-201-5	0	-
2298	215.074219	215.122396	B3	59	80	0	0	36090	P1-201-6	0	-
2299	215.147135	215.194010	G4	58	80	0	0	36105	P1-201-7	0	-
2300	215.236979	215.329427	F#3	61	80	0	0	36120	P1-201-8	0	-
2301	215.236979	215.302083	E4	67	80	0	0	36120	P1-201-3	1	-
2302	215.325521	215.373698	A4	66	80	0	0	36135	P1-201-9	0	-
2303	215.437500	215.549479	B3	52	80	0	0	36150	P1-201-10	0	-
2304	215.488281	215.528646	A4	71	80	0	0	36165	P1-201-11	0	-
2305	215.569010	215.618490	G3	66	80	0	0	36180	P1-201-12	0	-
2306	215.662760	215.707031	B4	57	80	0	0	36195	P1-201-13	0	-
2307	215.748698	215.811198	B3	64	80	0	0	36210	P1-201-14	0	-
2308	215.751302	215.759115	C4	62	80	0	0	-1	*	3	-
2309	215.796875	215.834635	B4	61	80	0	0	36225	P1-201-15	0	-
2310	215.885417	215.950521	A3	70	80	0	0	36240	P1-202-4	1	-
2311	215.975260	216.018229	G4	55	80	0	0	36255	P1-202-5	0	-
2312	216.045573	216.100260	E4	63	80	0	0	36270	P1-202-6	0	-
2313	216.126302	216.166667	G4	63	80	0	0	36285	P1-202-7	0	-
2314	216.214844	216.419271	C5	68	80	0	0	36300	P1-202-2	0	-
2315	216.227865	216.309896	Bb3	53	80	0	0	36300	P1-202-8	0	-
2316	216.286458	216.335938	G4	66	80	0	0	36315	P1-202-9	0	-
2317	216.372396	216.427083	E4	67	80	0	0	36330	P1-202-10	0	-
2318	216.450521	216.489583	G4	61	80	0	0	36345	P1-202-11	0	-
2319	216.539062	216.639323	B3	70	80	0	0	36360	P1-202-12	0	-
2320	216.544271	216.688802	B4	67	80	0	0	36360	P1-202-3	0	-
2321	216.592448	216.641927	G4	67	80	0	0	36375	P1-202-13	0	-
2322	216.670573	216.769531	E4	64	80	0	0	36390	P1-202-14	0	-
2323	216.764323	216.804688	G4	63	80	0	0	36405	P1-202-15	0	-
2324	216.839844	216.968750	B3	76	80	0	0	36420	P1-203-3	0	-
2325	216.864583	217.089844	B4	81	80	0	0	36420	P1-203-1	0	-
2326	216.908854	216.955729	G4	67	80	0	0	36435	P1-203-4	0	-
2327	216.985677	217.045573	E4	67	80	0	0	36450	P1-203-5	0	-
2328	217.074219	217.118490	G4	64	80	0	0	36465	P1-203-6	0	-
2329	217.148438	217.204427	B3	83	80	0	0	36480	P1-203-7	0	-
2330	217.223958	217.270833	G4	72	80	0	0	36495	P1-203-8	0	-
2331	217.292969	217.351562	E4	63	80	0	0	36510	P1-203-9	0	-
2332	217.365885	217.500000	G4	75	80	0	0	36525	P1-203-10	0	-
2333	217.445312	217.589844	B3	72	80	0	0	36540	P1-203-11	0	-
2334	217.473958	217.718750	D#5	92	80	0	0	36540	P1-203-2	0	-
2335	217.553385	217.609375	A4	66	80	0	0	36555	P1-203-12	0	-
2336	217.614583	217.678385	F#4	70	80	0	0	36570	P1-203-13	0	-
2337	217.682292	217.799479	A4	68	80	0	0	36585	P1-203-14	0	-
2338	217.868490	218.158854	E5	85	80	0	0	36600	P1-204-1	0	-
2339	217.912760	218.039062	E2	42	80	0	0	36600	P1-204-5	0	-
2340	218.032552	218.119792	G3	63	80	0	0	36615	P1-204-6	0	-
2341	218.114583	218.128906	C3	54	80	0	0	36630	P1-204-7	1	-
2342	218.121094	218.549479	C5	82	80	0	0	36630	P1-204-2	0	-
2343	218.121094	218.199219	E2	54	80	0	0	-1	*	3	-
2344	218.274740	218.378906	F#2	68	80	0	0	36660	P1-204-9	0	-
2345	218.348958	218.889323	C6	96	80	0	0	36660	P1-204-3	0	-
2346	218.375000	218.449219	A3	65	80	0	0	36675	P1-204-10	0	-
2347	218.483073	218.533854	B2	59	80	0	0	36690	P1-204-11	0	-
2348	218.561198	218.619792	A3	75	80	0	0	36705	P1-204-12	0	-
2349	218.634115	218.704427	G2	70	80	0	0	36720	P1-204-13	0	-
2350	218.760417	218.803385	B3	69	80	0	0	36735	P1-204-14	0	-
2351	218.825521	218.968750	B5	79	80	0	0	36750	P1-204-4	0	-
2352	218.891927	218.968750	B3	75	80	0	0	36765	P1-204-16	0	-
2353	219.018229	219.087240	E2	58	80	0	0	36780	P1-205-5	0	-
2354	219.122396	219.169271	G3	67	80	0	0	36795	P1-205-6	0	-
2355	219.167969	219.399740	B5	83	80	0	0	36810	P1-205-2	0	-
2356	219.184896	219.309896	E2	58	80	0	0	-1	*	3	-
2357	219.186198	219.242188	B2	63	80	0	0	36810	P1-205-7	0	-
2358	219.256510	219.289062	G3	62	80	0	0	36825	P1-205-8	0	-
2359	219.346354	219.434896	F#2	72	80	0	0	36840	P1-205-9	0	-
2360	219.348958	219.489583	F#1	64	80	0	0	-1	*	3	-
2361	219.356771	220.009115	F#5	91	80	0	0	36840	P1-205-3	0	-
2362	219.436198	219.509115	A3	69	80	0	0	36855	P1-205-10	0	-
2363	219.536458	219.549479	B2	49	80	0	0	36870	P1-205-11	0	-
2364	219.580729	219.649740	A3	76	80	0	0	36885	P1-205-12	0	-
2365	219.670573	219.743490	G2	69	80	0	0	36900	P1-205-13	0	-
2366	219.782552	219.899740	B3	64	80	0	0	36915	P1-205-14	0	-
2367	219.845052	219.938802	B2	71	80	0	0	36930	P1-205-15	0	-
2368	219.878906	220.049479	E5	79	80	0	0	36930	P1-205-4	0	-
2369	219.942708	220.000000	G2	50	80	0	0	36945	P1-205-16	1	-
2370	220.044271	220.239583	E1	76	80	0	0	-1	*	3	-
2371	220.044271	220.229167	E2	71	80	0	0	36960	P1-206-5	0	-
2372	220.149740	220.218750	G3	68	80	0	0	36975	P1-206-6	0	-
2373	220.218750	220.399740	E5	88	80	0	0	36990	P1-206-2	0	-
2374	220.381510	220.529948	F#2	67	80	0	0	37020	P1-206-9	0	-
2375	220.388021	220.549479	C5	84	80	0	0	37020	P1-206-3	0	-
2376	220.466146	220.523438	A3	64	80	0	0	37035	P1-206-10	0	-
2377	220.553385	220.598958	B2	57	80	0	0	37050	P1-206-11	0	-
2378	220.553385	220.649740	B1	55	80	0	0	-1	*	3	-
2379	220.621094	220.679688	A3	58	80	0	0	37065	P1-206-12	0	-
2380	220.701823	220.752604	G2	67	80	0	0	37080	P1-206-13	0	-
2381	220.796875	220.809896	C4	64	80	0	0	-1	*	3	-
2382	220.807292	220.968750	B3	67	80	0	0	37095	P1-206-14	0	-
2383	220.864583	220.949219	B2	65	80	0	0	37110	P1-206-15	0	-
2384	220.867188	220.938802	B1	59	80	0	0	-1	*	3	-
2385	221.048177	221.169271	E2	71	80	0	0	37140	P1-207-5	0	-
2386	221.152344	221.239583	G3	73	80	0	0	37155	P1-207-6	0	-
2387	221.210938	221.438802	B3	69	80	0	0	37170	P1-207-2	1	-
2388	221.376302	221.649740	F#4	82	80	0	0	37200	P1-207-3	0	-
2389	221.384115	221.462240	F#2	71	80	0	0	37200	P1-207-9	0	-
2390	221.483073	221.537760	A3	64	80	0	0	37215	P1-207-10	0	-
2391	221.557292	221.602865	B2	60	80	0	0	37230	P1-207-11	0	-
2392	221.615885	221.665365	A3	73	80	0	0	37245	P1-207-12	0	-
2393	221.707031	221.763021	G2	68	80	0	0	37260	P1-207-13	0	-
2394	221.811198	221.860677	B3	65	80	0	0	37275	P1-207-14	0	-
2395	221.843750	221.940104	E4	76	80	0	0	37290	P1-207-4	0	-
2396	221.860677	221.959635	B2	65	80	0	0	37290	P1-207-15	0	-
2397	221.865885	221.938802	B1	60	80	0	0	-1	*	3	-
2398	221.966146	222.026042	B3	80	80	0	0	37305	P1-207-16	0	-
2399	222.050781	222.259115	A2	80	80	0	0	37320	P1-208-4	0	-
2400	222.070312	222.348958	E4	85	80	0	0	37320	P1-208-1	0	-
2401	222.135417	222.348958	G4	64	80	0	0	-1	*	3	-
2402	222.138021	222.188802	G3	63	80	0	0	37335	P1-208-5	0	-
2403	222.208333	222.270833	A1	65	80	0	0	-1	*	3	-
2404	222.214844	222.299479	E2	62	80	0	0	-1	*	3	-
2405	222.216146	222.278646	E3	67	80	0	0	37350	P1-208-6	0	-
2406	222.294271	222.378906	G3	65	80	0	0	37365	P1-208-7	0	-
2407	222.403646	222.489583	Bb3	75	80	0	0	37380	P1-208-8	1	-
2408	222.406250	223.149740	C4	82	80	0	0	37380	P1-208-2	0	-
2409	222.468750	222.619792	G3	71	80	0	0	37395	P1-208-9	0	-
2410	222.549479	222.631510	E3	75	80	0	0	37410	P1-208-10	0	-
2411	222.632812	222.769531	G3	77	80	0	0	37425	P1-208-11	0	-
2412	222.722656	222.869792	B2	88	80	0	0	37440	P1-208-12	0	-
2413	222.805990	222.938802	G3	69	80	0	0	37455	P1-208-13	0	-
2414	222.855469	223.009115	E3	72	80	0	0	37470	P1-208-14	0	-
2415	222.947917	223.083333	G3	81	80	0	0	37485	P1-208-15	0	-
2416	223.024740	223.378906	B2	93	80	0	0	37500	P1-209-7	0	-
2417	223.036458	223.449219	B3	97	80	0	0	37500	P1-209-1	0	-
2418	223.191406	223.489583	G3	89	80	0	0	37530	P1-209-2	0	-
2419	223.343750	223.549479	E2	76	80	0	0	37560	*	3	-
2420	223.343750	223.569010	E3	88	80	0	0	37560	P1-209-3	0	-
2421	223.484375	223.619792	C3	94	80	0	0	37590	P1-209-4	0	-
2422	223.636719	223.829427	B2	100	80	0	0	37620	P1-209-5	0	-
2423	223.641927	223.839844	B1	92	80	0	0	37620	P1-209-8	0	-
2424	223.782552	223.825521	D#3	101	80	0	0	37650	P1-209-6	0	-
2425	223.989583	224.042969	E2	89	80	0	0	37680	P1-210-4	0	-
2426	224.143229	224.196615	F#3	90	80	0	0	37710	P1-210-6	0	-
2427	224.143229	224.205729	F#2	92	80	0	0	37710	P1-210-5	0	-
2428	224.303385	224.354167	G3	95	80	0	0	37740	P1-210-8	0	-
2429	224.304688	224.359375	G2	80	80	0	0	37740	P1-210-7	0	-
2430	224.444010	224.485677	A2	93	80	0	0	37770	P1-210-9	0	-
2431	224.654948	225.779948	B3	104	80	0	0	37800	P1-210-12	0	-
2432	224.656250	226.119792	B2	101	80	0	0	37800	P1-210-11	0	-
2433	225.083333	225.319010	E4	101	80	0	0	37860	P1-211-2	0	-
2434	225.088542	225.369792	B1	82	80	0	0	37860	P1-211-1	1	-
2435	226.174479	226.329427	F4	60	80	0	0	38040	P1-212-1	0	-
2436	226.191406	227.000000	A2	45	80	0	0	38040	P1-212-4	0	-
2437	226.845052	228.019531	C5	82	80	0	0	38160	P1-212-2	0	-
2438	227.236979	227.955729	A4	54	80	0	0	38220	P1-213-8	0	-
2439	227.236979	228.628906	F#4	51	80	0	0	38220	P1-213-7	0	-
2440	227.243490	230.468750	D#4	51	80	0	0	38220	P1-213-6	0	-
2441	227.281250	228.000000	B2	38	80	0	0	38220	P1-213-9	0	-
2442	227.921875	229.329427	B4	73	80	0	0	38340	P1-213-5	0	-
2443	228.312500	228.319010	G4	93	80	0	0	38400	P1-214-2	0	-
2444	228.312500	228.539062	E2	96	80	0	0	38400	P1-214-7	0	-
2445	228.313802	228.489583	E1	96	80	0	0	38400	P1-214-6	0	-
2446	228.473958	228.649740	F#1	79	80	0	0	38430	P1-214-8	0	-
2447	228.475260	228.628906	F#2	93	80	0	0	38430	P1-214-9	0	-
2448	228.623698	228.718750	G2	97	80	0	0	38460	P1-214-11	0	-
2449	228.625000	228.759115	G1	81	80	0	0	38460	P1-214-10	0	-
2450	228.770833	228.843750	A2	100	80	0	0	38490	P1-214-13	0	-
2451	228.932292	229.789062	B2	103	80	0	0	38520	P1-214-15	0	-
2452	228.933594	232.619792	B1	96	80	0	0	38520	P1-214-14	0	-
2453	229.325521	229.339844	E2	92	80	0	0	-1	*	3	-
2454	229.326823	229.729167	A1	90	80	0	0	-1	*	3	-
2455	229.330729	229.339844	C3	94	80	0	0	38580	P1-215-1	0	-
2456	229.330729	230.509115	C2	89	80	0	0	-1	*	3	-
2457	230.423177	231.419271	A1	56	80	0	0	38760	P1-216-4	0	-
2458	231.125000	232.279948	C4	82	80	0	0	38880	P1-216-3	0	-
2459	231.520833	232.750000	A3	49	80	0	0	38940	P1-217-7	0	-
2460	231.526042	232.750000	D#3	44	80	0	0	38940	P1-217-5	0	-
2461	232.221354	232.500000	B3	50	80	0	0	39060	P1-217-2	0	-
2462	233.325521	234.438802	C4	71	80	0	0	39240	P1-218-3	0	-
2463	233.726562	234.658854	E3	42	80	0	0	39300	P1-219-5	0	-
2464	233.733073	234.919271	G3	44	80	0	0	39300	P1-219-6	0	-
2465	233.738281	234.884115	E2	34	80	0	0	39300	P1-219-3	0	-
2466	233.743490	233.779948	E1	41	80	0	0	39300	*	3	-
2467	234.389323	234.908854	B3	50	80	0	0	39420	P1-219-2	0	-
2468	235.390625	236.429688	C4	66	80	0	0	39600	P1-220-3	0	-
2469	235.821615	236.809896	A3	38	80	0	0	39660	P1-221-6	0	-
2470	235.832031	236.779948	B1	31	80	0	0	39660	P1-221-3	0	-
2471	235.832031	235.839844	B2	29	80	0	0	39660	P1-221-4	0	-
2472	235.841146	236.789062	F#3	35	80	0	0	39660	P1-221-5	0	-
2473	235.843750	236.279948	Eb4	36	80	0	0	39660	*	3	-
2474	236.399740	236.809896	D#4	49	80	0	0	39780	P1-221-2	0	-
2475	236.839844	237.199219	E4	39	80	0	0	39840	P1-222-4	0	-
2476	236.841146	236.848958	E1	38	80	0	0	39840	*	3	-
2477	236.841146	237.248698	E2	30	80	0	0	39840	P1-222-7	0	-
2478	236.843750	237.279948	G3	33	80	0	0	39840	P1-222-8	0	-
2479	237.509115	238.559896	C5	68	80	0	0	39960	P1-222-3	0	-
2480	237.904948	239.000000	A4	40	80	0	0	40020	P1-223-8	0	-
2481	237.906250	239.059896	F#4	36	80	0	0	40020	P1-223-7	0	-
2482	237.911458	239.029948	D#4	43	80	0	0	40020	P1-223-6	0	-
2483	237.945312	238.789062	B2	28	80	0	0	40020	P1-223-9	0	-
2484	238.575521	239.019531	B4	38	80	0	0	40140	P1-223-5	0	-
2485	239.601562	240.649740	C5	54	80	0	0	40320	P1-224-3	0	-
2486	240.015625	241.169271	E4	30	80	0	0	40380	P1-225-6	0	-
2487	240.035156	241.389323	G4	29	80	0	0	40380	P1-225-7	0	-
2488	240.044271	241.339844	E3	26	80	0	0	40380	P1-225-8	0	-
2489	240.046875	241.369792	B3	27	80	0	0	40380	P1-225-9	0	-
2490	240.778646	241.739583	B4	31	80	0	0	40500	P1-225-5	0	-
2491	241.885417	243.000000	C5	40	80	0	0	40680	P1-226-4	0	-
2492	242.292969	243.399740	F#4	31	80	0	0	40740	P1-227-6	0	-
2493	242.294271	243.459635	A4	32	80	0	0	40740	P1-227-7	0	-
2494	242.324219	243.459635	B3	26	80	0	0	40740	P1-227-9	0	-
2495	242.332031	243.408854	B2	23	80	0	0	40740	P1-227-8	0	-
2496	242.962240	243.389323	D#5	46	80	0	0	40860	P1-227-3	0	-
2497	243.376302	243.859375	G4	27	80	0	0	40920	P1-228-4	0	-
2498	243.377604	243.989583	E5	45	80	0	0	40920	P1-228-5	0	-
2499	243.404948	243.821615	E3	20	80	0	0	40920	P1-228-8	0	-
2500	244.035156	244.468750	C6	68	80	0	0	41040	P1-228-3	0	-
2501	244.473958	244.479167	A5	42	80	0	0	41100	P1-229-5	0	-
2502	244.475260	245.779948	B4	35	80	0	0	41100	P1-229-9	0	-
2503	244.481771	245.750000	D#5	41	80	0	0	41100	P1-229-3	0	-
2504	245.226562	245.519531	B5	29	80	0	0	41220	P1-229-8	0	-
2505	246.325521	247.359375	C5	60	80	0	0	41400	P1-230-4	0	-
2506	247.096354	247.494792	B4	35	80	0	0	41520	P1-231-6	0	-
2507	247.533854	248.029948	D#5	42	80	0	0	41580	P1-231-3	0	-
2508	247.535156	248.057292	A4	34	80	0	0	41580	P1-231-8	0	-
2509	247.536458	247.968750	F#5	47	80	0	0	41580	P1-231-4	0	-
2510	247.571615	248.059896	F#4	31	80	0	0	41580	P1-231-7	0	-
2511	248.003906	248.519531	E5	42	80	0	0	41640	P1-232-1	0	-
2512	248.005208	248.575521	E4	36	80	0	0	41640	P1-232-6	0	-
2513	248.006510	248.639323	G5	43	80	0	0	41640	P1-232-2	0	-
2514	248.011719	248.584635	G4	35	80	0	0	41640	P1-232-7	0	-
2515	248.576823	248.658854	F#4	35	80	0	0	41730	P1-232-8	0	-
2516	248.576823	248.720052	A4	34	80	0	0	41730	P1-232-9	0	-
2517	248.578125	248.750000	D#5	43	80	0	0	41730	P1-232-3	0	-
2518	248.746094	248.968750	E5	49	80	0	0	41760	P1-232-5	0	-
2519	248.747396	249.143229	G4	37	80	0	0	41760	P1-232-10	0	-
2520	248.748698	248.789062	A4	34	80	0	0	-1	*	3	-
2521	249.178385	249.729167	A5	40	80	0	0	41820	P1-233-2	0	-
2522	249.184896	249.779948	A4	27	80	0	0	41820	P1-233-8	0	-
2523	249.184896	249.769531	F#4	29	80	0	0	41820	P1-233-7	0	-
2524	249.188802	249.789062	F#5	35	80	0	0	41820	P1-233-1	0	-
2525	249.191406	249.378906	D4	28	80	0	0	41820	P1-233-6	0	-
2526	249.194010	249.199219	D5	34	80	0	0	-1	*	3	-
2527	249.954427	250.279948	F#5	53	80	0	0	41940	P1-233-4	0	-
2528	249.954427	250.239583	A5	56	80	0	0	41940	P1-233-5	0	-
2529	249.959635	250.259115	D5	50	80	0	0	41940	P1-233-10	0	-
2530	250.407552	250.968750	A5	58	80	0	0	42000	P1-234-2	0	-
2531	250.410156	250.968750	F#5	57	80	0	0	42000	P1-234-1	0	-
2532	250.411458	250.649740	C5	57	80	0	0	42000	P1-234-6	0	-
2533	250.415365	250.929688	D5	55	80	0	0	42000	P1-234-7	0	-
2534	250.933594	251.122396	G5	71	80	0	0	42090	P1-234-3	0	-
2535	250.934896	251.158854	B4	60	80	0	0	42090	P1-234-8	0	-
2536	250.937500	251.109375	F5	67	80	0	0	42090	*	3	-
2537	250.938802	251.117188	D5	62	80	0	0	42090	P1-234-9	0	-
2538	251.100260	251.559896	A5	66	80	0	0	42120	P1-234-5	0	-
2539	251.104167	251.533854	F#5	72	80	0	0	42120	P1-234-4	0	-
2540	251.111979	251.419271	C5	58	80	0	0	42120	P1-234-11	0	-
2541	251.113281	251.533854	A4	54	80	0	0	42120	P1-234-10	0	-
2542	251.531250	251.989583	B5	63	80	0	0	42180	P1-235-2	0	-
2543	251.533854	251.938802	B4	54	80	0	0	42180	P1-235-6	0	-
2544	251.541667	251.979167	G5	53	80	0	0	42180	P1-235-1	0	-
2545	251.567708	252.259115	G4	34	80	0	0	42180	P1-235-5	0	-
2546	252.351562	252.699219	B5	68	80	0	0	42300	P1-235-4	0	-
2547	252.354167	252.628906	G5	66	80	0	0	42300	P1-235-8	0	-
2548	252.944010	253.919271	B5	57	80	0	0	42360	P1-236-1	0	-
2549	252.950521	253.899740	G5	54	80	0	0	42360	P1-236-5	0	-
2550	253.884115	254.269531	A5	41	80	0	0	42450	P1-236-2	0	-
2551	253.893229	254.329427	F#5	41	80	0	0	42450	P1-236-6	0	-
2552	254.243490	254.319010	B5	39	80	0	0	42480	P1-236-4	0	-
2553	254.253906	254.529948	E5	37	80	0	0	42480	P1-236-7	0	-
2554	254.255208	255.539062	G5	38	80	0	0	42480	P1-236-3	0	-
2555	255.332031	255.669271	C6	45	80	0	0	42540	P1-237-2	0	-
2556	255.345052	257.139323	A5	40	80	0	0	42540	P1-237-1	0	-
2557	255.358073	257.369792	D#5	36	80	0	0	42540	P1-237-6	0	-
2558	258.335938	259.369792	E6	59	80	0	0	42660	P1-237-5	0	-
2559	258.343750	259.169271	E5	52	80	0	0	42660	P1-237-4	0	-
2560	258.833333	259.348958	E3	27	80	0	0	42720	P1-238-8	0	-
2561	258.834635	259.669271	B3	30	80	0	0	42720	P1-238-9	0	-
2562	258.835938	259.750000	G2	26	80	0	0	42720	P1-238-7	0	-
2563	259.330729	259.549479	D#6	58	80	0	0	42810	P1-238-4	0	-
2564	259.334635	259.489583	D#5	53	80	0	0	42810	P1-238-3	0	-
2565	259.494792	259.718750	E6	60	80	0	0	42840	P1-238-6	0	-
2566	259.498698	259.639323	E5	60	80	0	0	42840	P1-238-5	0	-
2567	259.953125	260.619792	F#4	50	80	0	0	42900	P1-239-3	0	-
2568	259.954427	260.419271	C4	46	80	0	0	42900	P1-239-1	0	-
2569	259.958333	260.250000	E4	46	80	0	0	42900	P1-239-2	0	-
2570	259.994792	260.438802	A2	34	80	0	0	42900	P1-239-7	0	-
2571	260.627604	260.899740	F#4	59	80	0	0	43020	P1-239-6	0	-
2572	260.644531	260.919271	Bb2	48	80	0	0	43020	P1-239-8	0	-
2573	260.645833	260.878906	E4	54	80	0	0	43020	P1-239-5	0	-
2574	260.649740	260.979167	Bb1	46	80	0	0	-1	*	3	-
2575	260.660156	260.878906	C#4	51	80	0	0	43020	P1-239-4	0	-
2576	261.033854	261.639323	F#4	59	80	0	0	43080	P1-240-1	0	-
2577	261.061198	261.069010	B3	51	80	0	0	43080	P1-240-5	1	-
2578	261.061198	261.699219	B2	50	80	0	0	43080	P1-240-7	0	-
2579	261.063802	261.779948	D#4	50	80	0	0	43080	P1-240-6	0	-
2580	261.536458	261.729167	G4	67	80	0	0	43170	P1-240-2	0	-
2581	261.720052	261.919271	A4	63	80	0	0	43200	P1-240-3	0	-
2582	261.826823	261.962240	G4	72	80	0	0	43230	P1-240-4	0	-
2583	262.003906	262.425781	F#4	66	80	0	0	43260	P1-241-1	0	-
2584	262.024740	262.459635	C2	40	80	0	0	43260	P1-241-5	1	-
2585	262.415365	262.529948	E4	53	80	0	0	43320	P1-241-2	0	-
2586	262.804688	263.041667	B2	48	80	0	0	43380	P1-241-8	0	-
2587	262.809896	263.049479	B1	49	80	0	0	43380	P1-241-7	0	-
2588	262.821615	263.378906	E5	60	80	0	0	43380	P1-241-3	0	-
2589	262.983073	263.053385	A2	58	80	0	0	43410	P1-241-10	0	-
2590	262.992188	263.149740	A1	55	80	0	0	43410	P1-241-9	0	-
2591	263.173177	263.289062	G2	49	80	0	0	43440	P1-242-8	0	-
2592	263.173177	263.799479	G1	52	80	0	0	43440	P1-242-7	0	-
2593	263.712240	263.869792	D#6	78	80	0	0	43530	P1-242-4	0	-
2594	263.718750	263.848958	D#5	65	80	0	0	43530	P1-242-3	0	-
2595	263.867188	264.089844	G#2	56	80	0	0	43560	P1-242-10	0	-
2596	263.871094	264.279948	G#1	56	80	0	0	43560	P1-242-9	0	-
2597	263.880208	264.158854	E6	77	80	0	0	43560	P1-242-6	0	-
2598	263.882812	263.929688	E5	77	80	0	0	43560	P1-242-5	0	-
2599	264.322917	264.878906	F#4	68	80	0	0	43620	P1-243-3	0	-
2600	264.324219	265.149740	A1	55	80	0	0	43620	P1-243-7	0	-
2601	264.324219	264.809896	A2	57	80	0	0	43620	P1-243-8	0	-
2602	264.332031	264.779948	C4	58	80	0	0	43620	P1-243-1	0	-
2603	264.334635	264.509115	E4	60	80	0	0	43620	P1-243-2	0	-
2604	265.177083	265.359375	F#4	37	80	0	0	43740	P1-243-6	0	-
2605	265.180990	265.688802	E4	38	80	0	0	43740	P1-243-5	0	-
2606	265.184896	265.660156	C#4	35	80	0	0	43740	P1-243-4	0	-
2607	265.186198	265.339844	Bb2	28	80	0	0	43740	P1-243-10	1	-
2608	265.191406	265.459635	Bb1	26	80	0	0	43740	P1-243-9	0	-
2609	265.691406	266.319010	A4	33	80	0	0	-1	*	3	-
2610	265.694010	266.669271	F#4	34	80	0	0	43800	P1-244-1	0	-
2611	265.704427	267.329427	D#4	33	80	0	0	43800	P1-244-6	0	-
2612	265.704427	266.609375	B2	25	80	0	0	43800	P1-244-8	0	-
2613	265.708333	267.339844	B1	26	80	0	0	43800	P1-244-7	0	-
2614	266.397135	267.179688	A4	31	80	0	0	43890	P1-244-2	0	-
2615	266.678385	266.938802	G4	30	80	0	0	43920	P1-244-3	0	-
2616	266.936198	267.369792	F#4	31	80	0	0	43950	P1-244-4	0	-
2617	267.311198	268.218750	E4	30	80	0	0	43980	P1-245-2	0	-
2618	267.335938	267.348958	E1	26	80	0	0	43980	*	3	-
2619	267.335938	268.329427	E2	19	80	0	0	43980	P1-245-5	0	-
//Missing 0	P1-0-4
//Missing 0	P1-0-7
//Missing 60	P1-1-10
//Missing 180	P1-1-12
//Missing 240	P1-2-1
//Missing 600	P1-4-2
//Missing 720	P1-4-7
//Missing 780	P1-5-1
//Missing 960	P1-6-2
//Missing 3480	P1-20-6
//Missing 3840	P1-22-2
//Missing 4020	P1-23-5
//Missing 4200	P1-24-7
//Missing 5040	P1-28-3
//Missing 5100	P1-29-1
//Missing 5760	P1-32-8
//Missing 5760	P1-32-13
//Missing 6360	P1-36-1
//Missing 7560	P1-42-3
//Missing 7560	P1-42-4
//Missing 7560	P1-42-5
//Missing 7620	P1-43-1
//Missing 7620	P1-43-4
//Missing 7740	P1-43-7
//Missing 7800	P1-44-4
//Missing 7920	P1-44-5
//Missing 7920	P1-44-6
//Missing 7920	P1-44-7
//Missing 7980	P1-45-1
//Missing 7980	P1-45-2
//Missing 7980	P1-45-3
//Missing 8160	P1-46-1
//Missing 8160	P1-46-2
//Missing 8340	P1-47-1
//Missing 8460	P1-47-16
//Missing 8490	P1-47-18
//Missing 8520	P1-48-1
//Missing 8580	P1-48-4
//Missing 8700	P1-49-1
//Missing 8760	P1-49-4
//Missing 8760	P1-49-12
//Missing 8880	P1-50-1
//Missing 8880	P1-50-2
//Missing 9060	P1-51-1
//Missing 9120	P1-51-9
//Missing 9150	P1-51-12
//Missing 9300	P1-52-9
//Missing 9360	P1-52-13
//Missing 9360	P1-52-15
//Missing 9390	P1-52-18
//Missing 9420	P1-53-2
//Missing 9420	P1-53-3
//Missing 9420	P1-53-4
//Missing 9420	P1-53-5
//Missing 9450	P1-53-8
//Missing 9450	P1-53-9
//Missing 9450	P1-53-10
//Missing 9480	P1-53-13
//Missing 9480	P1-53-14
//Missing 9480	P1-53-15
//Missing 9510	P1-53-18
//Missing 9510	P1-53-19
//Missing 9510	P1-53-20
//Missing 9540	P1-53-23
//Missing 9540	P1-53-24
//Missing 9540	P1-53-25
//Missing 9570	P1-53-28
//Missing 9570	P1-53-29
//Missing 9570	P1-53-30
//Missing 9570	P1-53-53
//Missing 9600	P1-54-3
//Missing 9600	P1-54-4
//Missing 9600	P1-54-5
//Missing 9600	P1-54-33
//Missing 9630	P1-54-8
//Missing 9630	P1-54-9
//Missing 9630	P1-54-10
//Missing 9660	P1-54-11
//Missing 9660	P1-54-12
//Missing 9660	P1-54-13
//Missing 9660	P1-54-14
//Missing 9660	P1-54-39
//Missing 9660	P1-54-41
//Missing 9690	P1-54-16
//Missing 9690	P1-54-17
//Missing 9690	P1-54-18
//Missing 9690	P1-54-19
//Missing 9690	P1-54-20
//Missing 9720	P1-54-21
//Missing 9720	P1-54-22
//Missing 9720	P1-54-23
//Missing 9720	P1-54-24
//Missing 9720	P1-54-25
//Missing 9720	P1-54-47
//Missing 9750	P1-54-26
//Missing 9750	P1-54-27
//Missing 9750	P1-54-28
//Missing 9750	P1-54-29
//Missing 9750	P1-54-30
//Missing 9750	P1-54-51
//Missing 10200	P1-57-4
//Missing 10620	P1-59-15
//Missing 11190	P1-62-15
//Missing 11205	P1-62-16
//Missing 11370	P1-63-15
//Missing 11490	P1-64-11
//Missing 11565	P1-64-16
//Missing 12120	P1-68-1
//Missing 12300	P1-69-7
//Missing 12300	P1-69-8
//Missing 12480	P1-70-10
//Missing 12660	P1-71-3
//Missing 12750	P1-71-13
//Missing 13020	P1-73-7
//Missing 13020	P1-73-8
//Missing 13200	P1-74-10
//Missing 15480	P1-86-8
//Missing 15480	P1-86-9
//Missing 15660	P1-87-12
//Missing 15720	P1-88-2
//Missing 15900	P1-89-1
//Missing 16020	P1-89-6
//Missing 16080	P1-90-12
//Missing 16200	P1-90-15
//Missing 16260	P1-91-15
//Missing 16260	P1-91-16
//Missing 16350	P1-91-3
//Missing 16380	P1-91-13
//Missing 16440	P1-92-1
//Missing 16530	P1-92-3
//Missing 16530	P1-92-4
//Missing 16560	P1-92-5
//Missing 16560	P1-92-6
//Missing 16710	P1-93-11
//Missing 16740	P1-93-13
//Missing 16890	P1-94-4
//Missing 16920	P1-94-5
//Missing 16920	P1-94-16
//Missing 16950	P1-94-18
//Missing 16980	P1-95-1
//Missing 17070	P1-95-3
//Missing 17100	P1-95-5
//Missing 17160	P1-96-1
//Missing 17250	P1-96-3
//Missing 17280	P1-96-5
//Missing 17340	P1-97-1
//Missing 17430	P1-97-2
//Missing 17430	P1-97-15
//Missing 17460	P1-97-3
//Missing 17520	P1-98-8
//Missing 17520	P1-98-10
//Missing 17550	P1-98-12
//Missing 17550	P1-98-14
//Missing 17580	P1-98-16
//Missing 17610	P1-98-22
//Missing 17640	P1-98-26
//Missing 17700	P1-99-1
//Missing 17700	P1-99-2
//Missing 17700	P1-99-11
//Missing 17700	P1-99-13
//Missing 17730	P1-99-14
//Missing 17730	P1-99-17
//Missing 17760	P1-99-21
//Missing 17790	P1-99-5
//Missing 17790	P1-99-6
//Missing 17790	P1-99-23
//Missing 17790	P1-99-25
//Missing 17820	P1-99-7
//Missing 17820	P1-99-27
//Missing 17820	P1-99-29
//Missing 17850	P1-99-30
//Missing 18180	P1-101-10
//Missing 18930	P1-105-12
//Missing 19050	P1-106-9
//Missing 19170	P1-107-6
//Missing 20520	P1-114-17
//Missing 20580	P1-115-1
//Missing 20910	P1-116-11
//Missing 21000	P1-117-17
//Missing 21480	P1-120-13
//Missing 22020	P1-123-1
//Missing 22440	P1-125-5
//Missing 22680	P1-126-15
//Missing 22740	P1-127-1
//Missing 23280	P1-130-1
//Missing 23400	P1-130-9
//Missing 25800	P1-144-13
//Missing 25800	P1-144-3
//Missing 25800	P1-144-4
//Missing 25920	P1-144-15
//Missing 26460	P1-147-6
//Missing 26460	P1-147-7
//Missing 26520	P1-148-1
//Missing 26520	P1-148-5
//Missing 26700	P1-149-2
//Missing 26700	P1-149-3
//Missing 26970	P1-150-9
//Missing 28500	P1-159-5
//Missing 29220	P1-163-5
//Missing 29220	P1-163-6
//Missing 29400	P1-164-7
//Missing 29700	P1-165-6
//Missing 29760	P1-166-14
//Missing 29940	P1-167-7
//Missing 30600	P1-170-3
//Missing 30660	P1-171-1
//Missing 30840	P1-172-1
//Missing 30840	P1-172-2
//Missing 31500	P1-175-5
//Missing 31500	P1-175-13
//Missing 31560	P1-176-1
//Missing 31560	P1-176-12
//Missing 32100	P1-179-1
//Missing 32220	P1-179-10
//Missing 32280	P1-180-10
//Missing 32940	P1-183-9
//Missing 33120	P1-184-11
//Missing 33180	P1-185-10
//Missing 33360	P1-186-9
//Missing 33720	P1-188-2
//Missing 33720	P1-188-5
//Missing 33720	P1-188-6
//Missing 34080	P1-190-1
//Missing 34080	P1-190-2
//Missing 34080	P1-190-8
//Missing 34110	P1-190-11
//Missing 34140	P1-190-5
//Missing 34140	P1-190-6
//Missing 34260	P1-191-1
//Missing 34320	P1-191-5
//Missing 34440	P1-192-1
//Missing 34440	P1-192-2
//Missing 34620	P1-193-1
//Missing 34800	P1-194-1
//Missing 34830	P1-194-4
//Missing 34860	P1-194-7
//Missing 34890	P1-194-10
//Missing 34920	P1-194-13
//Missing 34950	P1-194-16
//Missing 34980	P1-195-1
//Missing 35010	P1-195-4
//Missing 35040	P1-195-7
//Missing 35070	P1-195-10
//Missing 35100	P1-195-13
//Missing 35130	P1-195-16
//Missing 35160	P1-196-2
//Missing 35190	P1-196-4
//Missing 35220	P1-196-6
//Missing 35250	P1-196-8
//Missing 35280	P1-196-10
//Missing 35340	P1-197-2
//Missing 35370	P1-197-4
//Missing 35490	P1-197-35
//Missing 35910	P1-200-7
//Missing 36645	P1-204-8
//Missing 36750	P1-204-15
//Missing 36990	P1-206-7
//Missing 37005	P1-206-8
//Missing 37110	P1-206-4
//Missing 37125	P1-206-16
//Missing 37170	P1-207-7
//Missing 37185	P1-207-8
//Missing 37440	P1-208-3
//Missing 37680	P1-210-1
//Missing 37770	P1-210-10
//Missing 38040	P1-212-5
//Missing 38040	P1-212-3
//Missing 38220	P1-213-10
//Missing 38400	P1-214-1
//Missing 38400	P1-214-3
//Missing 38490	P1-214-12
//Missing 38580	P1-215-2
//Missing 38760	P1-216-1
//Missing 38760	P1-216-2
//Missing 38760	P1-216-5
//Missing 38940	P1-217-3
//Missing 38940	P1-217-4
//Missing 38940	P1-217-6
//Missing 39300	P1-219-4
//Missing 40020	P1-223-10
//Missing 41100	P1-229-4
//Missing 41730	P1-232-4
//Missing 43260	P1-241-6
//Missing 43380	P1-241-4
//Missing 43800	P1-244-5
//Missing 43980	P1-245-1
//Missing 3480	P1-20-5
//Missing 5820	P1-33-12
//Missing 5820	P1-33-13
//Missing 8160	P1-46-3
//Missing 8940	P1-50-3
//Missing 9360	P1-52-23
//Missing 9390	P1-52-16
//Missing 9450	P1-53-6
//Missing 9480	P1-53-11
//Missing 9510	P1-53-16
//Missing 9510	P1-53-45
//Missing 9540	P1-53-22
//Missing 9540	P1-53-21
//Missing 9570	P1-53-26
//Missing 9570	P1-53-27
//Missing 9600	P1-54-2
//Missing 9600	P1-54-1
//Missing 9630	P1-54-7
//Missing 9630	P1-54-6
//Missing 9660	P1-54-15
//Missing 10305	P1-57-16
//Missing 11025	P1-61-16
//Missing 11760	P1-66-7
//Missing 15510	P1-86-12
//Missing 17880	P1-100-2
//Missing 22125	P1-123-8
//Missing 24360	P1-136-3
//Missing 32568	P1-181-9
//Missing 33300	P1-185-13
//Missing 33660	P1-187-13
