//Version: ScorePerfmMatch_v170503
// Score: /Users/toddywang/Documents/VsCodeProjects/xmltoexp/ATEPP-1.2/ATEPP-1.2/Ludwig_van_Beethoven/Piano_Sonata_No._27_in_E_Minor,_Op._90/I._Mit_Lebhaftigkeit_und_durchaus_mit_Empfindung_und_Ausdruck/score_hmm.txt
// Perfm: /Users/toddywang/Documents/VsCodeProjects/xmltoexp/ATEPP-1.2/ATEPP-1.2/Ludwig_van_Beethoven/Piano_Sonata_No._27_in_E_Minor,_Op._90/I._Mit_Lebhaftigkeit_und_durchaus_mit_Empfindung_und_Ausdruck/08543_spr.txt
// fmt3x: /Users/toddywang/Documents/VsCodeProjects/xmltoexp/ATEPP-1.2/ATEPP-1.2/Ludwig_van_Beethoven/Piano_Sonata_No._27_in_E_Minor,_Op._90/I._Mit_Lebhaftigkeit_und_durchaus_mit_Empfindung_und_Ausdruck/score_fmt3x.txt
0	1.468750	1.537760	E3	59	80	0	0	0	P1-0-7	0	0
1	1.473958	1.541667	G3	59	80	0	0	0	P1-0-1	0	-
2	1.473958	1.559896	B3	58	80	0	0	0	P1-0-2	0	-
3	1.481771	1.544271	E2	52	80	0	0	0	P1-0-6	0	-
4	1.488281	1.540365	G2	50	80	0	0	0	*	3	-
5	1.938802	2.229167	E4	65	80	0	0	60	P1-1-7	0	-
6	1.940104	2.369792	G4	70	80	0	0	60	P1-1-1	0	-
7	1.942708	2.378906	E3	69	80	0	0	60	P1-1-10	0	-
8	1.944010	2.399740	G3	72	80	0	0	60	P1-1-5	0	-
9	1.946615	2.209635	B3	71	80	0	0	60	P1-1-6	0	-
10	1.953125	2.468750	E2	66	80	0	0	60	P1-1-9	0	-
11	1.954427	2.079427	B2	67	80	0	0	60	*	3	-
12	1.954427	2.128906	G2	68	80	0	0	60	*	3	-
13	2.514323	2.679688	F#4	65	80	0	0	150	P1-1-2	0	-
14	2.515625	2.688802	F#5	65	80	0	0	150	*	3	-
15	2.647135	2.707031	E5	70	80	0	0	180	*	3	-
16	2.657552	2.789062	E4	69	80	0	0	180	P1-1-4	0	-
17	2.658854	2.705729	E3	66	80	0	0	180	P1-1-12	0	-
18	2.665365	2.799479	E2	62	80	0	0	180	P1-1-11	0	-
19	2.665365	2.729167	G2	62	80	0	0	180	*	3	-
20	3.071615	3.239583	A3	72	80	0	0	240	P1-2-1	0	-
21	3.075521	3.299479	F#5	71	80	0	0	240	*	3	-
22	3.075521	3.348958	D3	71	80	0	0	240	P1-2-8	0	-
23	3.075521	3.359375	A4	75	80	0	0	240	P1-2-3	0	-
24	3.076823	3.339844	F#4	69	80	0	0	240	P1-2-2	0	-
25	3.082031	3.369792	D2	68	80	0	0	240	P1-2-7	0	-
26	3.083333	3.269531	A2	67	80	0	0	240	*	3	-
27	3.967448	4.128906	A5	49	80	0	0	360	*	3	-
28	3.973958	4.105469	A4	43	80	0	0	360	P1-2-6	0	-
29	3.973958	4.100260	F#5	38	80	0	0	360	*	3	-
30	3.984375	4.000000	D3	32	80	0	0	360	*	3	-
31	3.984375	4.109375	D5	32	80	0	0	360	*	3	-
32	4.002604	4.108073	F#4	28	80	0	0	360	P1-2-5	0	-
33	4.015625	4.111979	D4	27	80	0	0	360	P1-2-10	0	-
34	4.477865	4.809896	A4	47	80	0	0	420	P1-3-2	0	-
35	4.480469	4.759115	F#5	44	80	0	0	420	*	3	-
36	4.485677	4.750000	D5	40	80	0	0	420	*	3	-
37	4.492188	4.848958	F#4	37	80	0	0	420	P1-3-1	0	-
38	4.494792	4.859375	C4	35	80	0	0	420	P1-3-6	0	-
39	4.515625	4.529948	D3	32	80	0	0	420	*	3	-
40	4.516927	4.759115	D4	31	80	0	0	420	P1-3-7	0	-
41	5.100260	5.199219	G4	42	80	0	0	510	P1-3-3	0	-
42	5.104167	5.229167	D5	40	80	0	0	510	*	3	-
43	5.113281	5.279948	B4	34	80	0	0	510	*	3	-
44	5.126302	5.209635	B3	27	80	0	0	510	P1-3-8	0	-
45	5.136719	5.195312	D4	29	80	0	0	510	P1-3-9	0	-
46	5.259115	5.359375	A4	52	80	0	0	540	P1-3-5	0	-
47	5.268229	5.339844	C5	45	80	0	0	540	*	3	-
48	5.269531	5.669271	F#4	37	80	0	0	540	P1-3-4	0	-
49	5.278646	5.359375	A3	40	80	0	0	540	P1-3-10	0	-
50	5.292969	5.399740	C4	32	80	0	0	540	P1-3-11	0	-
51	5.694010	6.149740	B4	48	80	0	0	600	P1-4-2	0	-
52	5.722656	6.079427	B3	29	80	0	0	600	P1-4-9	0	-
53	5.723958	5.729167	D4	21	80	0	0	600	*	3	-
54	5.723958	6.098958	G3	26	80	0	0	600	P1-4-8	0	-
55	5.725260	6.119792	G4	25	80	0	0	600	P1-4-1	0	-
56	6.523438	6.592448	B4	68	80	0	0	720	P1-4-7	0	-
57	6.523438	6.583333	D4	62	80	0	0	720	P1-4-5	0	-
58	6.524740	6.628906	G3	64	80	0	0	720	P1-4-12	0	-
59	6.524740	6.639323	B3	67	80	0	0	720	P1-4-4	0	-
60	6.528646	6.585938	G4	64	80	0	0	720	P1-4-6	0	-
61	6.536458	6.593750	G2	51	80	0	0	720	P1-4-11	0	-
62	6.925781	7.250000	G3	71	80	0	0	780	P1-5-10	0	-
63	6.927083	7.500000	G2	64	80	0	0	780	P1-5-9	0	-
64	6.934896	7.408854	B3	73	80	0	0	780	P1-5-5	0	-
65	6.936198	7.519531	B4	75	80	0	0	780	P1-5-1	0	-
66	6.940104	7.188802	D4	67	80	0	0	780	P1-5-6	0	-
67	6.944010	7.299479	G4	66	80	0	0	780	P1-5-7	0	-
68	6.953125	6.959635	F4	59	80	0	0	780	*	3	-
69	7.505208	7.553385	A4	75	80	0	0	870	P1-5-2	0	-
70	7.648438	7.819010	G4	68	80	0	0	900	P1-5-4	0	-
71	7.652344	7.819010	B3	72	80	0	0	900	P1-5-3	0	-
72	7.653646	7.769531	G3	69	80	0	0	900	*	3	-
73	7.660156	7.759115	G1	71	80	0	0	900	P1-5-11	0	-
74	7.664062	7.756510	G2	70	80	0	0	900	P1-5-12	0	-
75	8.045573	8.408854	C#5	67	80	0	0	960	P1-6-3	0	-
76	8.050781	8.229167	Bb3	75	80	0	0	960	*	3	-
77	8.054688	8.389323	F#4	61	80	0	0	960	*	3	-
78	8.054688	8.339844	F#2	68	80	0	0	960	P1-6-8	0	-
79	8.054688	8.399740	Bb4	66	80	0	0	960	P1-6-2	0	-
80	8.055990	8.319010	C#4	59	80	0	0	960	P1-6-1	0	-
81	8.059896	8.348958	F#1	69	80	0	0	960	P1-6-7	0	-
82	9.050781	9.319010	C#5	48	80	0	0	1080	P1-6-6	0	-
83	9.069010	9.329427	Bb4	47	80	0	0	1080	P1-6-5	0	-
84	9.080729	9.399740	F#4	34	80	0	0	1080	P1-6-10	0	-
85	9.533854	10.128906	C#5	52	80	0	0	1140	P1-7-2	0	-
86	9.554688	9.609375	Bb4	49	80	0	0	1140	P1-7-1	0	-
87	9.571615	10.259115	E4	31	80	0	0	1140	P1-7-6	0	-
88	9.615885	9.949219	F#4	32	80	0	0	1140	P1-7-7	0	-
89	9.621094	9.843750	Bb4	39	80	0	0	1140	*	3	-
90	10.145833	10.296875	B4	55	80	0	0	1230	P1-7-3	0	-
91	10.184896	10.559896	F#4	25	80	0	0	1230	P1-7-9	0	-
92	10.194010	10.274740	D4	25	80	0	0	1230	P1-7-8	0	-
93	10.316406	10.649740	C#5	52	80	0	0	1260	P1-7-5	0	-
94	10.345052	10.639323	Bb4	43	80	0	0	1260	P1-7-4	0	-
95	10.361979	10.539062	E4	29	80	0	0	1260	P1-7-11	0	-
96	10.365885	10.559896	C#4	29	80	0	0	1260	P1-7-10	0	-
97	10.786458	11.319010	D5	45	80	0	0	1320	P1-8-2	0	-
98	10.819010	11.259115	B4	37	80	0	0	1320	P1-8-1	0	-
99	10.824219	11.079427	F#4	25	80	0	0	1320	*	3	-
100	10.825521	11.098958	B3	30	80	0	0	1320	P1-8-5	0	-
101	10.828125	11.158854	D4	27	80	0	0	1320	P1-8-6	0	-
102	11.822917	12.779948	D5	58	80	0	0	1440	P1-8-4	0	-
103	12.244792	12.449219	G5	37	80	0	0	1500	*	3	-
104	12.253906	14.029948	G4	28	80	0	0	1500	P1-9-7	0	-
105	12.264323	12.779948	B4	31	80	0	0	1500	*	3	-
106	12.296875	13.218750	D4	23	80	0	0	1500	P1-9-4	0	-
107	12.305990	13.149740	B3	27	80	0	0	1500	P1-9-6	0	-
108	12.644531	13.859375	G5	54	80	0	0	1560	P1-9-2	0	-
109	13.041667	13.750000	E5	53	80	0	0	1620	P1-9-3	0	-
110	13.096354	13.848958	E4	22	80	0	0	1620	P1-9-5	0	-
111	13.417969	13.908854	D5	44	80	0	0	1680	P1-10-1	0	-
112	13.462240	13.959635	D4	20	80	0	0	1680	P1-10-7	1	-
113	13.812500	14.069010	C5	51	80	0	0	1740	P1-10-2	0	-
114	14.207031	15.059896	C5	62	80	0	0	1800	P1-10-3	0	-
115	14.234375	14.549479	D#4	34	80	0	0	1800	P1-10-8	0	-
116	14.235677	14.979167	F#4	35	80	0	0	1800	P1-10-5	0	-
117	14.566406	14.579427	D5	48	80	0	0	1860	*	3	-
118	14.572917	15.609375	D4	49	80	0	0	1860	P1-11-6	0	-
119	14.915365	15.479167	A5	62	80	0	0	1920	P1-11-2	0	-
120	14.984375	15.139323	F#4	28	80	0	0	1980	*	3	-
121	15.295573	15.789062	C5	67	80	0	0	1980	P1-11-3	0	-
122	15.334635	15.739583	F#4	46	80	0	0	1980	P1-11-7	0	-
123	15.656250	16.250000	G4	44	80	0	0	2040	P1-12-4	0	-
124	16.046875	16.160156	B4	58	80	0	0	2100	P1-12-2	0	-
125	16.436198	17.519531	B4	58	80	0	0	2160	P1-12-3	0	-
126	16.454427	16.949219	G3	33	80	0	0	2160	P1-12-5	0	-
127	16.485677	16.569010	D4	24	80	0	0	2160	*	3	-
128	16.845052	17.598958	E3	39	80	0	0	2220	P1-13-4	0	-
129	17.225260	17.438802	G4	43	80	0	0	2280	P1-13-2	0	-
130	17.645833	17.829427	E5	33	80	0	0	2340	*	3	-
131	17.648438	18.639323	G4	32	80	0	0	2340	P1-13-3	0	-
132	17.670573	18.109375	E4	25	80	0	0	2340	P1-13-5	0	-
133	18.050781	18.059896	E5	26	80	0	0	2340	*	3	-
134	18.063802	18.549479	C5	35	80	0	0	2340	*	3	-
135	18.097656	18.598958	C4	23	80	0	0	2400	P1-14-4	0	-
136	18.473958	18.718750	E5	31	80	0	0	2460	*	3	-
137	18.475260	18.578125	E4	30	80	0	0	2460	P1-14-2	0	-
138	18.963542	20.098958	E5	33	80	0	0	2520	*	3	-
139	18.964844	19.408854	E4	26	80	0	0	2520	P1-14-3	0	-
140	18.993490	19.199219	C4	23	80	0	0	2520	*	3	-
141	18.993490	19.389323	C3	26	80	0	0	2520	P1-14-8	0	-
142	19.000000	19.169271	G3	23	80	0	0	2520	*	3	-
143	19.591146	20.408854	C2	24	80	0	0	2580	P1-15-4	0	-
144	20.184896	20.199219	D5	28	80	0	0	2640	*	3	-
145	20.235677	20.569010	G3	23	80	0	0	2640	P1-15-2	0	-
146	20.868490	21.639323	E3	23	80	0	0	2700	P1-15-3	0	-
147	22.082031	22.938802	B3	23	80	0	0	2760	P1-16-2	0	-
148	22.084635	22.619792	D#3	21	80	0	0	2760	P1-16-1	0	-
149	22.102865	22.750000	B2	20	80	0	0	2760	P1-16-6	0	-
150	25.692708	26.809896	E6	55	80	0	0	2880	P1-16-4	0	-
151	25.694010	26.769531	E5	49	80	0	0	2880	P1-16-3	0	-
152	26.250000	27.128906	B3	36	80	0	0	2940	P1-17-8	0	-
153	26.274740	27.009115	E3	26	80	0	0	2940	P1-17-9	0	-
154	26.289062	27.009115	G2	24	80	0	0	2940	P1-17-7	0	-
155	26.980469	27.119792	Eb6	59	80	0	0	2880	*	3	-
156	26.984375	27.052083	Eb5	51	80	0	0	2880	*	3	-
157	27.014323	27.269531	G2	23	80	0	0	2940	*	3	-
158	27.019531	27.419271	E3	21	80	0	0	2940	*	3	-
159	27.154948	27.229167	E6	64	80	0	0	3060	P1-17-6	0	-
160	27.154948	27.269531	E5	64	80	0	0	3060	P1-17-5	0	-
161	27.205729	27.218750	E2	25	80	0	0	3060	*	3	-
162	27.385417	27.848958	E5	33	80	0	0	3060	*	3	-
163	27.656250	28.158854	F#5	57	80	0	0	3120	*	3	-
164	27.664062	28.359375	F#4	55	80	0	0	3120	P1-18-3	0	-
165	27.679688	28.319010	A2	42	80	0	0	3120	P1-18-8	0	-
166	27.684896	28.229167	E4	43	80	0	0	3120	P1-18-2	0	-
167	27.701823	28.119792	C4	37	80	0	0	3120	P1-18-1	0	-
168	28.493490	28.779948	F#4	62	80	0	0	3240	P1-18-6	0	-
169	28.505208	28.789062	Bb2	49	80	0	0	3240	P1-18-10	0	-
170	28.506510	28.769531	E4	55	80	0	0	3240	P1-18-5	0	-
171	28.540365	28.709635	C#4	43	80	0	0	3240	P1-18-4	0	-
172	28.966146	29.559896	F#5	68	80	0	0	3300	*	3	-
173	28.980469	29.500000	F#4	65	80	0	0	3300	P1-19-1	0	-
174	29.003906	29.819010	A3	59	80	0	0	3300	P1-19-5	0	-
175	29.005208	29.500000	D#4	52	80	0	0	3300	P1-19-6	0	-
176	29.005208	29.569010	B3	51	80	0	0	3300	*	3	-
177	29.018229	30.000000	B2	47	80	0	0	3300	P1-19-7	0	-
178	29.709635	29.829427	G5	58	80	0	0	3390	*	3	-
179	29.710938	29.829427	G4	61	80	0	0	3390	P1-19-2	0	-
180	29.897135	29.989583	A5	62	80	0	0	3420	*	3	-
181	29.898438	30.009115	A4	64	80	0	0	3420	P1-19-3	0	-
182	30.053385	30.169271	G4	62	80	0	0	3450	P1-19-4	0	-
183	30.054688	30.598958	G5	62	80	0	0	3450	*	3	-
184	30.242188	30.819010	F#4	54	80	0	0	3480	P1-20-1	0	-
185	30.244792	30.679688	F#5	56	80	0	0	3480	*	3	-
186	30.263021	31.019531	C3	42	80	0	0	3480	P1-20-5	0	-
187	30.266927	31.079427	G3	44	80	0	0	3480	P1-20-6	0	-
188	30.735677	30.864583	E5	53	80	0	0	3540	*	3	-
189	30.743490	30.834635	E4	58	80	0	0	3540	P1-20-2	0	-
190	31.113281	32.079427	E6	68	80	0	0	3600	P1-20-4	0	-
191	31.121094	32.139323	E5	67	80	0	0	3600	P1-20-3	0	-
192	31.152344	31.419271	B2	50	80	0	0	3600	P1-20-7	0	-
193	31.152344	31.158854	E4	44	80	0	0	3600	*	3	-
194	31.352865	31.589844	A2	54	80	0	0	3630	P1-20-8	0	-
195	31.640625	32.158854	E4	44	80	0	0	3660	*	3	-
196	31.645833	32.169271	B3	48	80	0	0	3660	P1-21-8	0	-
197	31.653646	32.389323	E3	50	80	0	0	3660	P1-21-7	0	-
198	31.684896	32.309896	G2	43	80	0	0	3660	P1-21-9	0	-
199	32.303385	32.419271	D#6	74	80	0	0	3750	P1-21-4	0	-
200	32.304688	32.408854	D#5	65	80	0	0	3750	P1-21-3	0	-
201	32.477865	32.699219	E5	72	80	0	0	3780	P1-21-5	0	-
202	32.479167	32.579427	E6	72	80	0	0	3780	P1-21-6	0	-
203	32.486979	32.679688	G#3	61	80	0	0	3780	*	3	-
204	32.493490	32.750000	G#2	60	80	0	0	3780	P1-21-10	0	-
205	32.964844	33.718750	F#4	63	80	0	0	3840	P1-22-3	0	-
206	32.986979	33.000000	E4	49	80	0	0	3840	P1-22-2	0	-
207	32.988281	33.750000	A2	56	80	0	0	3840	P1-22-7	0	-
208	34.084635	34.559896	F#5	55	80	0	0	3960	*	3	-
209	34.104167	34.509115	C#5	47	80	0	0	3960	*	3	-
210	34.104167	34.489583	E4	41	80	0	0	3960	P1-22-5	0	-
211	34.105469	34.549479	F#4	43	80	0	0	3960	P1-22-6	0	-
212	34.108073	34.609375	Bb2	37	80	0	0	3960	P1-22-8	0	-
213	34.113281	34.509115	C#4	38	80	0	0	3960	P1-22-4	0	-
214	34.825521	36.549479	F#5	45	80	0	0	4020	*	3	-
215	34.837240	36.299479	F#4	36	80	0	0	4020	P1-23-1	0	-
216	34.842448	35.429688	B3	34	80	0	0	4020	*	3	-
217	34.846354	35.669271	Eb5	40	80	0	0	4020	*	3	-
218	34.854167	36.619792	D#4	32	80	0	0	4020	P1-23-6	0	-
219	34.859375	36.718750	B2	28	80	0	0	4020	P1-23-8	0	-
220	34.860677	36.679688	A3	33	80	0	0	4020	P1-23-5	0	-
221	34.873698	34.878906	B1	31	80	0	0	4020	P1-23-7	0	-
222	36.054688	36.968750	A4	38	80	0	0	4110	P1-23-2	0	-
223	36.438802	36.899740	G4	35	80	0	0	4140	P1-23-3	0	-
224	36.847656	37.179688	F#5	34	80	0	0	4170	*	3	-
225	36.859375	36.899740	F#4	30	80	0	0	4170	*	3	-
226	36.911458	37.158854	F#4	28	80	0	0	4170	P1-23-4	0	-
227	37.500000	38.628906	E4	24	80	0	0	4200	P1-24-2	0	-
228	37.503906	38.438802	E3	21	80	0	0	4200	P1-24-7	0	-
229	37.513021	38.229167	E2	20	80	0	0	4200	P1-24-6	0	-
230	39.854167	40.179688	B4	42	80	0	0	4320	P1-24-5	0	-
231	39.898438	40.250000	B1	21	80	0	0	4320	P1-24-9	0	-
232	39.899740	40.179688	B2	17	80	0	0	4320	P1-24-10	0	-
233	40.330729	40.649740	B4	43	80	0	0	4380	P1-25-2	0	-
234	40.351562	40.769531	B2	20	80	0	0	4380	P1-25-6	0	-
235	40.359375	40.639323	F#4	18	80	0	0	4380	P1-25-1	1	-
236	40.361979	40.549479	B1	22	80	0	0	4380	P1-25-5	0	-
237	41.087240	41.389323	E5	39	80	0	0	4500	P1-25-4	0	-
238	41.105469	41.319010	B3	26	80	0	0	4500	*	3	-
239	41.108073	41.378906	B4	34	80	0	0	4500	*	3	-
240	41.110677	41.348958	E2	23	80	0	0	4500	P1-25-7	0	-
241	41.114583	41.699219	E3	26	80	0	0	4500	P1-25-8	0	-
242	41.121094	41.429688	E4	27	80	0	0	4500	P1-25-3	0	-
243	41.539062	41.929688	E5	34	80	0	0	4560	P1-26-2	0	-
244	41.544271	41.769531	B4	27	80	0	0	4560	*	3	-
245	41.554688	41.908854	E4	23	80	0	0	4560	P1-26-1	0	-
246	42.290365	42.416667	B5	42	80	0	0	4680	P1-26-4	0	-
247	42.299479	42.424479	B4	35	80	0	0	4680	P1-26-3	0	-
248	42.299479	42.414062	B2	24	80	0	0	4680	P1-26-7	0	-
249	42.303385	42.427083	B3	26	80	0	0	4680	P1-26-8	0	-
250	42.733073	42.808594	B5	42	80	0	0	4740	P1-27-2	0	-
251	42.736979	42.822917	B2	26	80	0	0	4740	P1-27-5	0	-
252	42.738281	42.899740	B3	28	80	0	0	4740	P1-27-6	0	-
253	42.744792	42.908854	B4	34	80	0	0	4740	P1-27-1	0	-
254	43.475260	43.679688	E5	36	80	0	0	4860	P1-27-3	0	-
255	43.477865	43.848958	E3	22	80	0	0	4860	P1-27-7	0	-
256	43.480469	43.789062	E4	26	80	0	0	4860	P1-27-8	0	-
257	43.925781	44.139323	E5	34	80	0	0	4920	P1-28-1	0	-
258	43.938802	44.199219	E4	20	80	0	0	4920	P1-28-8	0	-
259	44.621094	44.662760	F5	67	80	0	0	5040	P1-28-3	0	-
260	44.622396	44.679688	F6	70	80	0	0	5040	P1-28-6	0	-
261	44.623698	44.671875	B5	68	80	0	0	5040	P1-28-4	0	-
262	44.623698	44.665365	D5	61	80	0	0	5040	*	3	-
263	44.626302	44.699219	D6	63	80	0	0	5040	P1-28-5	0	-
264	44.628906	44.670573	B4	61	80	0	0	5040	*	3	-
265	44.635417	44.709635	G4	53	80	0	0	5040	*	3	-
266	44.658854	44.729167	F4	47	80	0	0	5040	P1-28-12	0	-
267	44.671875	44.729167	D4	46	80	0	0	5040	P1-28-11	0	-
268	44.673177	44.705729	B3	36	80	0	0	5040	P1-28-10	0	-
269	45.052083	45.688802	F5	70	80	0	0	5100	P1-29-1	0	-
270	45.052083	45.819010	F6	76	80	0	0	5100	P1-29-4	0	-
271	45.061198	45.848958	D5	65	80	0	0	5100	*	3	-
272	45.063802	45.688802	B4	72	80	0	0	5100	*	3	-
273	45.071615	46.089844	F4	59	80	0	0	5100	P1-29-14	0	-
274	45.072917	45.779948	D6	66	80	0	0	5100	P1-29-3	0	-
275	45.091146	46.119792	B3	47	80	0	0	5100	P1-29-12	0	-
276	45.093750	45.979167	D4	52	80	0	0	5100	P1-29-13	0	-
277	45.695312	45.809896	E6	56	80	0	0	5190	P1-29-5	0	-
278	45.786458	45.908854	D6	58	80	0	0	5205	P1-29-6	0	-
279	45.863281	45.959635	C6	62	80	0	0	5220	P1-29-7	0	-
280	45.871094	45.968750	F5	51	80	0	0	5220	*	3	-
281	45.941406	46.020833	B5	64	80	0	0	5235	P1-29-8	0	-
282	46.026042	46.084635	A5	67	80	0	0	5250	P1-29-9	0	-
283	46.102865	46.199219	G5	67	80	0	0	5265	P1-29-10	0	-
284	46.174479	46.299479	F5	65	80	0	0	5280	P1-30-1	0	-
285	46.259115	46.329427	E5	65	80	0	0	5295	P1-30-2	0	-
286	46.345052	46.459635	D5	65	80	0	0	5310	P1-30-3	0	-
287	46.403646	46.460938	C5	67	80	0	0	5325	P1-30-4	0	-
288	46.475260	46.544271	B4	66	80	0	0	5340	P1-30-5	0	-
289	46.541667	46.596354	A4	60	80	0	0	5350	P1-30-6	0	-
290	46.609375	46.729167	G4	57	80	0	0	5360	P1-30-7	0	-
291	46.673177	46.819010	F4	56	80	0	0	5370	P1-30-8	0	-
292	46.747396	46.798177	E4	58	80	0	0	5380	P1-30-9	0	-
293	46.837240	46.908854	D5	56	80	0	0	5390	*	3	-
294	46.842448	46.929688	D4	56	80	0	0	5390	P1-30-10	0	-
295	46.886719	46.899740	C5	55	80	0	0	5400	*	3	-
296	46.897135	47.000000	C4	51	80	0	0	5400	P1-30-11	0	-
297	46.954427	47.039062	B3	61	80	0	0	5412	P1-30-12	0	-
298	47.007812	47.169271	A3	53	80	0	0	5424	P1-30-13	0	-
299	47.071615	47.123698	G3	52	80	0	0	5436	P1-30-14	0	-
300	47.135417	47.214844	F#3	63	80	0	0	5448	P1-30-15	0	-
301	47.197917	47.279948	C3	60	80	0	0	5460	*	3	-
302	47.209635	47.529948	G3	74	80	0	0	5460	P1-31-1	0	-
303	47.975260	48.139323	D4	69	80	0	0	5580	P1-31-4	0	-
304	47.980469	48.279948	F4	66	80	0	0	5580	P1-31-5	0	-
305	47.985677	48.000000	G#3	66	80	0	0	5580	P1-31-3	1	-
306	47.986979	48.052083	B2	70	80	0	0	5580	P1-31-9	0	-
307	47.994792	48.050781	B1	64	80	0	0	5580	P1-31-8	0	-
308	48.402344	48.649740	E5	70	80	0	0	5640	*	3	-
309	48.403646	48.609375	E4	67	80	0	0	5640	P1-32-3	0	-
310	48.403646	48.718750	C4	71	80	0	0	5640	P1-32-2	0	-
311	48.404948	48.598958	C3	74	80	0	0	5640	P1-32-10	0	-
312	48.406250	48.628906	G3	73	80	0	0	5640	P1-32-1	0	-
313	48.415365	48.549479	E3	62	80	0	0	5640	*	3	-
314	48.417969	48.628906	C2	72	80	0	0	5640	P1-32-9	0	-
315	49.177083	49.359375	G#5	72	80	0	0	5760	P1-32-6	0	-
316	49.183594	49.339844	D4	71	80	0	0	5760	P1-32-15	0	-
317	49.183594	49.309896	E5	70	80	0	0	5760	*	3	-
318	49.183594	49.449219	D5	74	80	0	0	5760	P1-32-5	0	-
319	49.191406	49.277344	B5	70	80	0	0	5760	P1-32-7	0	-
320	49.192708	49.359375	B3	68	80	0	0	5760	P1-32-14	0	-
321	49.194010	49.369792	G#3	61	80	0	0	5760	P1-32-13	0	-
322	49.201823	49.359375	E3	60	80	0	0	5760	P1-32-12	0	-
323	49.627604	50.309896	G#5	76	80	0	0	5820	P1-33-2	0	-
324	49.627604	50.279948	D5	77	80	0	0	5820	P1-33-1	0	-
325	49.635417	50.029948	B5	71	80	0	0	5820	P1-33-3	0	-
326	49.638021	50.848958	D4	69	80	0	0	5820	P1-33-14	0	-
327	49.647135	50.809896	B3	67	80	0	0	5820	P1-33-13	0	-
328	49.654948	50.899740	G#3	56	80	0	0	5820	P1-33-12	0	-
329	49.661458	51.389323	E3	58	80	0	0	5820	P1-33-11	0	-
330	50.279948	50.529948	C6	64	80	0	0	5910	P1-33-5	0	-
331	50.373698	50.519531	B5	64	80	0	0	5925	P1-33-6	0	-
332	50.434896	50.493490	A5	68	80	0	0	5940	P1-33-7	0	-
333	50.514323	50.628906	G#5	65	80	0	0	5955	P1-33-8	0	-
334	50.585938	50.709635	F#5	64	80	0	0	5970	P1-33-9	0	-
335	50.661458	50.779948	E5	63	80	0	0	5985	P1-33-10	0	-
336	50.730469	50.839844	D5	61	80	0	0	6000	P1-34-1	0	-
337	50.805990	50.859375	C5	67	80	0	0	6015	P1-34-2	0	-
338	50.875000	50.968750	B4	69	80	0	0	6030	P1-34-3	0	-
339	50.940104	50.984375	A4	61	80	0	0	6045	P1-34-4	0	-
340	51.002604	51.139323	G#4	50	80	0	0	6060	P1-34-5	0	-
341	51.058594	51.134115	F#4	58	80	0	0	6070	P1-34-6	0	-
342	51.135417	51.184896	E5	60	80	0	0	6080	*	3	-
343	51.141927	51.205729	E4	58	80	0	0	6080	P1-34-7	0	-
344	51.204427	51.251302	D4	57	80	0	0	6090	P1-34-8	0	-
345	51.279948	51.334635	C4	56	80	0	0	6100	P1-34-9	0	-
346	51.343750	51.449219	B3	63	80	0	0	6110	P1-34-10	0	-
347	51.424479	51.492188	A3	55	80	0	0	6120	P1-34-11	0	-
348	51.489583	51.544271	G#3	61	80	0	0	6132	P1-34-12	0	-
349	51.554688	51.628906	F#3	61	80	0	0	6144	P1-34-13	0	-
350	51.626302	51.739583	E3	63	80	0	0	6156	P1-34-14	0	-
351	51.674479	51.799479	D#3	70	80	0	0	6168	P1-34-15	0	-
352	51.746094	52.098958	E3	70	80	0	0	6180	P1-35-1	0	-
353	51.782552	51.848958	G#2	57	80	0	0	6300	*	3	-
354	52.486979	52.500000	G#3	71	80	0	0	6300	*	3	-
355	52.492188	52.709635	B3	72	80	0	0	6300	*	3	-
356	52.501302	52.561198	E3	65	80	0	0	6300	P1-35-3	0	-
357	52.503906	52.578125	D4	65	80	0	0	6300	P1-35-4	0	-
358	52.507812	52.628906	G#2	71	80	0	0	6300	P1-35-9	0	-
359	52.513021	52.649740	G#1	68	80	0	0	6300	P1-35-8	0	-
360	52.924479	53.369792	A3	74	80	0	0	6360	P1-36-2	0	-
361	52.928385	53.259115	A2	74	80	0	0	6360	P1-36-7	0	-
362	52.933594	53.449219	A1	73	80	0	0	6360	P1-36-6	0	-
363	52.933594	53.199219	C4	68	80	0	0	6360	P1-36-3	0	-
364	52.940104	53.209635	E3	68	80	0	0	6360	P1-36-1	0	-
365	54.007812	54.259115	Bb5	53	80	0	0	6480	P1-36-5	0	-
366	54.023438	54.399740	Bb3	31	80	0	0	6480	P1-36-9	0	-
367	54.031250	54.250000	Bb4	41	80	0	0	6480	*	3	-
368	54.557292	55.329427	Bb5	62	80	0	0	6540	P1-37-1	0	-
369	54.585938	55.128906	Bb4	46	80	0	0	6540	*	3	-
370	54.604167	56.059896	Bb3	36	80	0	0	6540	P1-37-8	0	-
371	55.243490	55.369792	A5	50	80	0	0	6630	P1-37-2	0	-
372	55.346354	55.449219	G5	48	80	0	0	6645	P1-37-3	0	-
373	55.447917	55.515625	F5	56	80	0	0	6660	P1-37-4	0	-
374	55.545573	55.598958	D#5	49	80	0	0	6675	P1-37-5	0	-
375	55.641927	55.686198	D5	45	80	0	0	6690	P1-37-6	0	-
376	55.730469	55.781250	C5	54	80	0	0	6705	P1-37-7	0	-
377	55.838542	55.968750	Bb4	50	80	0	0	6720	P1-38-1	0	-
378	55.928385	55.983073	A4	51	80	0	0	6735	P1-38-2	0	-
379	55.950521	56.000000	C5	46	80	0	0	6750	*	3	-
380	56.016927	56.067708	G4	42	80	0	0	6750	P1-38-3	0	-
381	56.110677	56.250000	F4	43	80	0	0	6765	P1-38-4	0	-
382	56.235677	56.305990	D#4	44	80	0	0	6780	P1-38-5	0	-
383	56.356771	56.415365	D4	44	80	0	0	6800	P1-38-6	0	-
384	56.473958	56.545573	C4	41	80	0	0	6820	P1-38-7	0	-
385	56.575521	56.889323	Bb3	48	80	0	0	6840	P1-38-8	0	-
386	57.053385	57.539062	Bb3	47	80	0	0	6900	P1-39-1	0	-
387	57.830729	57.984375	E4	37	80	0	0	7020	P1-39-4	0	-
388	58.295573	58.759115	E4	44	80	0	0	7080	P1-40-3	0	-
389	59.013021	59.149740	G4	44	80	0	0	7200	P1-40-2	0	-
390	59.028646	59.179688	Bb4	39	80	0	0	7200	*	3	-
391	59.042969	59.209635	Bb3	30	80	0	0	7200	P1-40-4	0	-
392	59.058594	59.250000	E4	26	80	0	0	7200	P1-40-5	0	-
393	59.444010	60.429688	G4	47	80	0	0	7260	P1-41-1	0	-
394	59.463542	60.119792	Bb3	33	80	0	0	7260	P1-41-4	0	-
395	59.472656	59.639323	Bb4	41	80	0	0	7260	*	3	-
396	59.503906	59.878906	E4	21	80	0	0	7260	P1-41-5	0	-
397	60.180990	60.375000	C#5	46	80	0	0	7380	P1-41-3	0	-
398	60.214844	60.419271	Bb4	33	80	0	0	7380	P1-41-2	1	-
399	60.235677	60.459635	E4	19	80	0	0	7380	P1-41-7	0	-
400	60.664062	61.089844	C#5	37	80	0	0	7440	P1-42-2	0	-
401	60.697917	61.019531	E4	20	80	0	0	7440	P1-42-7	0	-
402	60.701823	61.009115	Bb4	30	80	0	0	7440	*	3	-
403	60.705729	61.000000	G4	24	80	0	0	7440	P1-42-1	0	-
404	61.432292	61.729167	G5	68	80	0	0	7560	P1-42-5	0	-
405	61.433594	61.739583	E5	56	80	0	0	7560	P1-42-4	0	-
406	61.446615	61.679688	Bb4	55	80	0	0	7560	*	3	-
407	61.449219	61.688802	C#5	53	80	0	0	7560	P1-42-3	0	-
408	61.451823	61.699219	Bb3	53	80	0	0	7560	P1-42-8	0	-
409	61.458333	61.583333	G4	49	80	0	0	7560	P1-42-11	0	-
410	61.472656	61.613281	C#4	44	80	0	0	7560	P1-42-9	0	-
411	61.481771	61.598958	E4	42	80	0	0	7560	P1-42-10	0	-
412	61.882812	62.679688	G5	68	80	0	0	7620	P1-43-1	0	-
413	61.893229	62.839844	E5	62	80	0	0	7620	P1-43-4	0	-
414	61.911458	62.419271	C#5	57	80	0	0	7620	P1-43-3	0	-
415	61.914062	62.479167	C#4	55	80	0	0	7620	P1-43-11	0	-
416	61.915365	62.419271	Bb3	52	80	0	0	7620	P1-43-10	0	-
417	61.920573	62.408854	G4	55	80	0	0	7620	P1-43-8	0	-
418	61.920573	62.408854	Bb4	59	80	0	0	7620	*	3	-
419	61.924479	62.389323	E4	50	80	0	0	7620	P1-43-12	0	-
420	61.929688	61.938802	Bb2	44	80	0	0	7620	*	3	-
421	62.657552	62.968750	F#5	70	80	0	0	7740	P1-43-7	0	-
422	62.673177	62.834635	F#4	57	80	0	0	7740	P1-43-9	0	-
423	62.697917	62.869792	E4	36	80	0	0	7740	*	3	-
424	63.046875	63.579427	F5	67	80	0	0	7800	P1-44-4	0	-
425	63.053385	63.519531	F4	57	80	0	0	7800	P1-44-8	0	-
426	63.074219	63.399740	E5	54	80	0	0	7800	P1-44-3	0	-
427	63.074219	63.500000	F#4	56	80	0	0	7800	*	3	-
428	63.079427	63.089844	C5	44	80	0	0	7800	P1-44-2	1	-
429	63.087240	63.569010	E4	49	80	0	0	7800	*	3	-
430	63.804688	64.029948	F#5	74	80	0	0	7920	P1-44-7	0	-
431	63.816406	64.049479	E5	67	80	0	0	7920	P1-44-6	0	-
432	63.819010	64.019531	C#5	61	80	0	0	7920	P1-44-5	0	-
433	63.825521	64.009115	Bb4	66	80	0	0	7920	*	3	-
434	63.826823	64.009115	F#4	55	80	0	0	7920	P1-44-12	0	-
435	63.830729	64.049479	Bb3	59	80	0	0	7920	P1-44-9	0	-
436	63.834635	63.997396	C#4	53	80	0	0	7920	P1-44-10	0	-
437	63.837240	63.966146	E4	49	80	0	0	7920	P1-44-11	0	-
438	64.144531	64.933594	F#5	73	80	0	0	7980	P1-45-3	0	-
439	64.156250	64.519531	D5	61	80	0	0	7980	P1-45-2	0	-
440	64.164062	64.519531	B4	66	80	0	0	7980	P1-45-1	0	-
441	64.173177	64.348958	F#4	54	80	0	0	7980	P1-45-6	0	-
442	64.180990	64.281250	D4	58	80	0	0	7980	P1-45-5	0	-
443	64.187500	64.359375	B3	52	80	0	0	7980	P1-45-4	0	-
444	64.364583	64.412760	F#4	40	80	0	0	8010	P1-45-9	0	-
445	64.364583	64.449219	D4	44	80	0	0	8010	P1-45-8	0	-
446	64.371094	64.449219	B3	47	80	0	0	8010	P1-45-7	0	-
447	64.527344	64.658854	D5	49	80	0	0	8040	*	3	-
448	64.527344	64.588542	F#4	47	80	0	0	8040	P1-45-12	0	-
449	64.529948	64.709635	B4	48	80	0	0	8040	*	3	-
450	64.536458	64.585938	D4	45	80	0	0	8040	P1-45-11	0	-
451	64.544271	64.639323	B3	47	80	0	0	8040	P1-45-10	0	-
452	64.709635	64.773438	D5	51	80	0	0	8070	*	3	-
453	64.714844	64.774740	B4	54	80	0	0	8070	*	3	-
454	64.722656	64.777344	F#4	45	80	0	0	8070	P1-45-15	0	-
455	64.723958	64.783854	D4	48	80	0	0	8070	P1-45-14	0	-
456	64.723958	64.782552	B3	49	80	0	0	8070	P1-45-13	0	-
457	64.878906	64.937500	F#4	49	80	0	0	8100	P1-45-18	0	-
458	64.878906	64.941406	D4	51	80	0	0	8100	P1-45-17	0	-
459	64.884115	64.940104	B4	54	80	0	0	8100	*	3	-
460	64.885417	64.937500	B3	49	80	0	0	8100	P1-45-16	0	-
461	65.032552	65.093750	B3	57	80	0	0	8130	P1-45-19	0	-
462	65.033854	65.095052	D4	54	80	0	0	8130	P1-45-20	0	-
463	65.040365	65.096354	F#4	55	80	0	0	8130	P1-45-21	0	-
464	65.041667	65.091146	B4	56	80	0	0	8130	*	3	-
465	65.216146	65.949219	F#5	73	80	0	0	8160	P1-46-2	0	-
466	65.222656	65.408854	B4	78	80	0	0	8160	P1-46-1	0	-
467	65.222656	65.290365	B3	67	80	0	0	8160	P1-46-6	0	-
468	65.235677	65.309896	D4	64	80	0	0	8160	*	3	-
469	65.243490	65.298177	D3	59	80	0	0	8160	P1-46-4	0	-
470	65.246094	65.294271	F#3	53	80	0	0	8160	P1-46-5	0	-
471	65.403646	65.463542	B3	60	80	0	0	8190	P1-46-9	0	-
472	65.403646	65.569010	D3	47	80	0	0	8190	P1-46-7	0	-
473	65.406250	65.658854	D4	51	80	0	0	8190	*	3	-
474	65.408854	65.464844	F#3	44	80	0	0	8190	P1-46-8	0	-
475	65.416667	65.641927	B4	54	80	0	0	8190	*	3	-
476	65.427083	65.539062	F#4	40	80	0	0	8190	*	3	-
477	65.583333	65.634115	D3	41	80	0	0	8220	P1-46-10	0	-
478	65.595052	65.679688	B3	48	80	0	0	8220	P1-46-12	0	-
479	65.602865	65.669271	F#3	42	80	0	0	8220	P1-46-11	0	-
480	65.751302	65.803385	B3	48	80	0	0	8250	P1-46-15	0	-
481	65.759115	65.804688	F#3	39	80	0	0	8250	P1-46-14	0	-
482	65.760417	65.859375	D3	40	80	0	0	8250	P1-46-13	0	-
483	65.916667	65.992188	B4	53	80	0	0	8280	*	3	-
484	65.924479	65.994792	B3	52	80	0	0	8280	P1-46-18	0	-
485	65.925781	66.039062	F#4	37	80	0	0	8280	*	3	-
486	65.933594	65.938802	D4	44	80	0	0	8280	*	3	-
487	65.937500	65.996094	F#3	40	80	0	0	8280	P1-46-17	0	-
488	65.955729	65.998698	D3	38	80	0	0	8280	P1-46-16	0	-
489	66.105469	66.154948	B3	51	80	0	0	8310	P1-46-21	0	-
490	66.113281	66.188802	D4	47	80	0	0	8310	*	3	-
491	66.114583	66.166667	F#3	51	80	0	0	8310	P1-46-20	0	-
492	66.125000	66.339844	D3	49	80	0	0	8310	P1-46-19	0	-
493	66.165365	66.188802	F#4	36	80	0	0	8340	*	3	-
494	66.247396	66.500000	B4	75	80	0	0	8340	P1-47-2	0	-
495	66.261719	66.399740	F#4	57	80	0	0	8340	P1-47-1	0	-
496	66.268229	66.316406	A3	53	80	0	0	8340	P1-47-8	0	-
497	66.273438	66.369792	F#3	54	80	0	0	8340	P1-47-7	0	-
498	66.276042	66.289062	Eb4	51	80	0	0	8340	*	3	-
499	66.277344	66.339844	D#3	53	80	0	0	8340	P1-47-6	0	-
500	66.445312	66.501302	A3	51	80	0	0	8370	P1-47-11	0	-
501	66.446615	66.513021	D#3	43	80	0	0	8370	P1-47-9	0	-
502	66.453125	66.507812	F#3	45	80	0	0	8370	P1-47-10	0	-
503	66.615885	66.713542	C5	69	80	0	0	8400	P1-47-4	0	-
504	66.621094	66.779948	G3	62	80	0	0	8400	P1-47-13	0	-
505	66.623698	66.708333	C4	57	80	0	0	8400	P1-47-3	0	-
506	66.639323	66.878906	E3	54	80	0	0	8400	P1-47-12	0	-
507	66.643229	66.649740	C3	56	80	0	0	8400	*	3	-
508	66.662760	66.929688	G4	50	80	0	0	8400	*	3	-
509	66.792969	66.889323	G3	43	80	0	0	8430	P1-47-15	0	-
510	66.973958	67.032552	G3	50	80	0	0	8460	P1-47-17	0	-
511	66.973958	67.024740	E3	45	80	0	0	8460	P1-47-16	0	-
512	66.981771	66.989583	C4	42	80	0	0	8460	*	3	-
513	67.154948	67.239583	G3	54	80	0	0	8490	P1-47-19	0	-
514	67.156250	67.200521	E3	51	80	0	0	8490	P1-47-18	0	-
515	67.161458	67.169271	C4	46	80	0	0	8490	*	3	-
516	67.308594	67.377604	C5	68	80	0	0	8520	P1-48-2	0	-
517	67.322917	67.449219	G4	63	80	0	0	8520	P1-48-1	0	-
518	67.324219	67.378906	C4	61	80	0	0	8520	*	3	-
519	67.324219	67.373698	E3	62	80	0	0	8520	P1-48-6	0	-
520	67.324219	67.459635	B3	65	80	0	0	8520	P1-48-8	0	-
521	67.325521	67.378906	C3	60	80	0	0	8520	*	3	-
522	67.326823	67.408854	G3	60	80	0	0	8520	P1-48-7	0	-
523	67.485677	67.539062	G3	53	80	0	0	8550	P1-48-10	0	-
524	67.488281	67.545573	C4	56	80	0	0	8550	P1-48-11	1	-
525	67.493490	67.609375	E3	52	80	0	0	8550	P1-48-9	0	-
526	67.501302	67.539062	C3	52	80	0	0	8550	*	3	-
527	67.660156	67.989583	D#5	68	80	0	0	8580	P1-48-4	0	-
528	67.664062	67.705729	A3	68	80	0	0	8580	P1-48-13	0	-
529	67.666667	67.908854	D#4	63	80	0	0	8580	P1-48-3	0	-
530	67.667969	67.679688	C4	56	80	0	0	8580	*	3	-
531	67.674479	67.819010	F#3	63	80	0	0	8580	P1-48-12	0	-
532	67.825521	67.929688	A3	67	80	0	0	8610	P1-48-15	0	-
533	67.832031	67.938802	F#3	54	80	0	0	8610	P1-48-14	0	-
534	68.010417	68.059896	F#3	49	80	0	0	8640	P1-48-16	0	-
535	68.013021	68.098958	C4	47	80	0	0	8640	*	3	-
536	68.013021	68.109375	A3	54	80	0	0	8640	P1-48-17	0	-
537	68.179688	68.222656	A3	65	80	0	0	8670	P1-48-19	0	-
538	68.180990	68.229167	C4	51	80	0	0	8670	*	3	-
539	68.183594	68.259115	F#3	60	80	0	0	8670	P1-48-18	0	-
540	68.195312	68.209635	C3	49	80	0	0	8670	*	3	-
541	68.334635	68.375000	D#5	73	80	0	0	8700	P1-49-2	0	-
542	68.338542	68.399740	A4	76	80	0	0	8700	P1-49-1	0	-
543	68.352865	68.429688	C4	62	80	0	0	8700	P1-49-8	0	-
544	68.356771	68.401042	A3	66	80	0	0	8700	P1-49-7	0	-
545	68.365885	68.509115	F#3	57	80	0	0	8700	P1-49-6	0	-
546	68.367188	68.438802	C3	52	80	0	0	8700	*	3	-
547	68.513021	68.554688	C4	57	80	0	0	8730	P1-49-11	0	-
548	68.513021	68.562500	A3	66	80	0	0	8730	P1-49-10	0	-
549	68.514323	68.669271	F#3	55	80	0	0	8730	P1-49-9	0	-
550	68.686198	68.740885	B3	67	80	0	0	8760	P1-49-13	0	-
551	68.692708	68.750000	G3	67	80	0	0	8760	P1-49-12	0	-
552	68.692708	68.919271	E5	74	80	0	0	8760	P1-49-4	0	-
553	68.703125	68.919271	E4	67	80	0	0	8760	P1-49-3	0	-
554	68.855469	68.914062	G3	61	80	0	0	8790	P1-49-14	0	-
555	68.858073	68.938802	B3	58	80	0	0	8790	P1-49-15	0	-
556	69.024740	69.070312	B3	63	80	0	0	8820	P1-49-17	0	-
557	69.035156	69.119792	G3	48	80	0	0	8820	P1-49-16	0	-
558	69.192708	69.235677	B3	71	80	0	0	8850	P1-49-19	0	-
559	69.192708	69.236979	G3	67	80	0	0	8850	P1-49-18	0	-
560	69.192708	69.269531	B4	64	80	0	0	8850	*	3	-
561	69.352865	69.415365	E5	74	80	0	0	8880	P1-50-2	0	-
562	69.352865	69.408854	B3	70	80	0	0	8880	P1-50-7	0	-
563	69.354167	69.609375	B4	73	80	0	0	8880	P1-50-1	0	-
564	69.356771	69.500000	G#3	75	80	0	0	8880	P1-50-6	0	-
565	69.361979	69.438802	C#3	64	80	0	0	8880	*	3	-
566	69.527344	69.539062	D3	58	80	0	0	8910	*	3	-
567	69.527344	69.574219	B3	67	80	0	0	8910	P1-50-9	0	-
568	69.528646	69.580729	D5	64	80	0	0	8910	*	3	-
569	69.532552	69.609375	D4	65	80	0	0	8910	P1-50-10	0	-
570	69.542969	69.609375	G#3	57	80	0	0	8910	P1-50-8	0	-
571	69.707031	69.829427	C#5	66	80	0	0	8940	*	3	-
572	69.707031	69.919271	F5	71	80	0	0	8940	P1-50-4	0	-
573	69.707031	69.789062	C#4	59	80	0	0	8940	P1-50-13	0	-
574	69.709635	69.744792	B3	65	80	0	0	8940	P1-50-12	0	-
575	69.713542	69.979167	F4	63	80	0	0	8940	P1-50-3	0	-
576	69.721354	69.799479	G#3	65	80	0	0	8940	P1-50-11	0	-
577	69.723958	69.779948	B4	64	80	0	0	8940	*	3	-
578	69.723958	69.729167	G#2	63	80	0	0	8940	*	3	-
579	69.894531	70.019531	C#5	55	80	0	0	8970	*	3	-
580	69.895833	69.951823	C#4	53	80	0	0	8970	P1-50-16	0	-
581	69.895833	69.958333	B3	52	80	0	0	8970	P1-50-15	0	-
582	69.903646	69.959635	G#3	51	80	0	0	8970	P1-50-14	0	-
583	70.096354	70.289062	C#4	46	80	0	0	9000	P1-50-19	0	-
584	70.104167	70.199219	B3	49	80	0	0	9000	P1-50-18	0	-
585	70.125000	70.359375	B4	40	80	0	0	9000	*	3	-
586	70.302083	70.354167	C#4	44	80	0	0	9030	P1-50-22	0	-
587	70.533854	70.699219	E5	49	80	0	0	9060	P1-51-3	0	-
588	70.542969	70.549479	C#3	34	80	0	0	9060	*	3	-
589	70.544271	70.750000	G#4	41	80	0	0	9060	P1-51-1	0	-
590	70.544271	70.604167	C#4	34	80	0	0	9060	P1-51-19	0	-
591	70.555990	70.639323	B4	40	80	0	0	9060	P1-51-2	0	-
592	70.716146	70.769531	C#4	44	80	0	0	9090	P1-51-20	0	-
593	70.727865	70.809896	B4	45	80	0	0	9090	P1-51-5	0	-
594	70.727865	70.774740	F5	47	80	0	0	9090	P1-51-6	0	-
595	70.748698	70.759115	C#3	36	80	0	0	9090	*	3	-
596	70.760417	70.979167	G#4	28	80	0	0	9090	P1-51-4	0	-
597	70.897135	70.946615	F5	52	80	0	0	9120	P1-51-9	0	-
598	70.917969	70.955729	B4	44	80	0	0	9120	P1-51-8	0	-
599	70.924479	71.019531	C#4	35	80	0	0	9120	P1-51-21	0	-
600	70.929688	70.989583	C#3	35	80	0	0	9120	*	3	-
601	71.084635	71.169271	F5	56	80	0	0	9150	P1-51-12	0	-
602	71.093750	71.130208	B4	53	80	0	0	9150	P1-51-11	0	-
603	71.105469	71.209635	G#4	43	80	0	0	9150	P1-51-10	0	-
604	71.113281	71.179688	C#4	41	80	0	0	9150	P1-51-22	0	-
605	71.115885	71.179688	C#3	43	80	0	0	9150	*	3	-
606	71.257812	71.309896	F5	61	80	0	0	9180	P1-51-15	0	-
607	71.260417	71.348958	C#5	49	80	0	0	9180	*	3	-
608	71.266927	71.311198	B4	54	80	0	0	9180	P1-51-14	0	-
609	71.274740	71.315104	C#4	42	80	0	0	9180	P1-51-23	0	-
610	71.295573	71.369792	C#3	43	80	0	0	9180	*	3	-
611	71.444010	71.485677	F5	60	80	0	0	9210	P1-51-18	0	-
612	71.445312	71.485677	B4	59	80	0	0	9210	P1-51-17	0	-
613	71.457031	71.529948	G#4	52	80	0	0	9210	P1-51-16	0	-
614	71.467448	71.539062	C#4	42	80	0	0	9210	P1-51-24	0	-
615	71.617188	71.709635	F5	62	80	0	0	9240	P1-52-3	0	-
616	71.617188	71.660156	C#5	62	80	0	0	9240	*	3	-
617	71.622396	71.661458	B4	65	80	0	0	9240	P1-52-2	0	-
618	71.634115	71.699219	G#4	51	80	0	0	9240	P1-52-1	0	-
619	71.635417	71.709635	C#4	51	80	0	0	9240	P1-52-19	0	-
620	71.798177	71.841146	B4	64	80	0	0	9270	P1-52-5	0	-
621	71.800781	71.899740	F5	69	80	0	0	9270	P1-52-6	0	-
622	71.813802	71.878906	G#4	58	80	0	0	9270	P1-52-4	0	-
623	71.813802	71.845052	C#4	54	80	0	0	9270	P1-52-20	0	-
624	71.975260	72.079427	F5	65	80	0	0	9300	P1-52-9	0	-
625	71.976562	72.049479	C#5	59	80	0	0	9300	*	3	-
626	71.976562	72.059896	C#4	55	80	0	0	9300	P1-52-21	0	-
627	71.976562	72.059896	G#4	59	80	0	0	9300	P1-52-7	0	-
628	71.979167	72.059896	B4	62	80	0	0	9300	P1-52-8	0	-
629	72.157552	72.279948	F5	68	80	0	0	9330	P1-52-12	0	-
630	72.160156	72.259115	C#4	56	80	0	0	9330	P1-52-22	0	-
631	72.160156	72.205729	B4	65	80	0	0	9330	P1-52-11	0	-
632	72.165365	72.208333	G#4	59	80	0	0	9330	P1-52-10	0	-
633	72.346354	72.449219	F5	68	80	0	0	9360	P1-52-15	0	-
634	72.347656	72.500000	B4	65	80	0	0	9360	P1-52-14	0	-
635	72.352865	72.429688	G#4	65	80	0	0	9360	P1-52-13	0	-
636	72.358073	72.395833	C#4	58	80	0	0	9360	P1-52-23	0	-
637	72.511719	72.572917	F5	70	80	0	0	9390	P1-52-18	0	-
638	72.513021	72.575521	C#4	64	80	0	0	9390	P1-52-24	0	-
639	72.515625	72.570312	G#4	67	80	0	0	9390	P1-52-16	0	-
640	72.515625	72.609375	C#5	68	80	0	0	9390	*	3	-
641	72.518229	72.571615	B4	68	80	0	0	9390	P1-52-17	0	-
642	72.730469	72.869792	Bb5	77	80	0	0	9420	P1-53-2	0	-
643	72.734375	72.889323	F#5	72	80	0	0	9420	P1-53-1	0	-
644	72.734375	72.839844	E5	70	80	0	0	9420	*	3	-
645	72.735677	72.859375	C#5	64	80	0	0	9420	*	3	-
646	72.743490	72.826823	C#4	59	80	0	0	9420	P1-53-33	0	-
647	72.744792	72.919271	E4	65	80	0	0	9420	P1-53-34	0	-
648	72.744792	72.847656	F#3	64	80	0	0	9420	P1-53-31	0	-
649	72.748698	72.938802	Bb3	59	80	0	0	9420	P1-53-32	0	-
650	73.001302	73.089844	E5	69	80	0	0	9450	*	3	-
651	73.002604	73.078125	G5	76	80	0	0	9450	P1-53-6	0	-
652	73.002604	73.074219	Bb5	73	80	0	0	9450	P1-53-7	0	-
653	73.005208	73.079427	E6	71	80	0	0	9450	P1-53-9	0	-
654	73.007812	73.079427	Bb4	70	80	0	0	9450	*	3	-
655	73.009115	73.067708	C#4	54	80	0	0	9450	P1-53-37	0	-
656	73.016927	73.072917	F#3	65	80	0	0	9450	P1-53-35	0	-
657	73.022135	73.069010	E4	59	80	0	0	9450	P1-53-38	0	-
658	73.032552	73.109375	Bb3	51	80	0	0	9450	P1-53-36	0	-
659	73.214844	73.294271	G5	72	80	0	0	9480	P1-53-11	0	-
660	73.214844	73.298177	G6	79	80	0	0	9480	P1-53-15	0	-
661	73.214844	73.298177	Bb5	75	80	0	0	9480	P1-53-12	0	-
662	73.218750	73.300781	E6	72	80	0	0	9480	P1-53-14	0	-
663	73.227865	73.239583	G3	61	80	0	0	9480	*	3	-
664	73.234375	73.294271	C#4	56	80	0	0	9480	P1-53-41	0	-
665	73.235677	73.250000	E3	52	80	0	0	9480	P1-53-39	1	-
666	73.235677	73.339844	Bb3	57	80	0	0	9480	P1-53-40	0	-
667	73.243490	73.289062	E4	54	80	0	0	9480	P1-53-42	0	-
668	73.404948	73.492188	G5	72	80	0	0	9510	P1-53-16	0	-
669	73.414062	73.484375	E5	69	80	0	0	9510	*	3	-
670	73.415365	73.494792	Bb5	70	80	0	0	9510	P1-53-17	0	-
671	73.419271	73.502604	E6	66	80	0	0	9510	P1-53-19	0	-
672	73.425781	73.539062	C#6	64	80	0	0	9510	P1-53-18	0	-
673	73.427083	73.493490	C#4	51	80	0	0	9510	P1-53-45	0	-
674	73.432292	73.494792	F#3	59	80	0	0	9510	P1-53-43	0	-
675	73.440104	73.494792	E4	53	80	0	0	9510	P1-53-46	0	-
676	73.442708	73.496094	Bb3	49	80	0	0	9510	P1-53-44	0	-
677	73.614583	73.712240	G6	75	80	0	0	9540	P1-53-25	0	-
678	73.617188	73.712240	Bb5	68	80	0	0	9540	P1-53-22	0	-
679	73.618490	73.628906	C#5	62	80	0	0	9540	*	3	-
680	73.618490	73.718750	Bb4	63	80	0	0	9540	*	3	-
681	73.619792	73.707031	G5	68	80	0	0	9540	P1-53-21	0	-
682	73.621094	73.704427	E6	65	80	0	0	9540	P1-53-24	0	-
683	73.623698	73.694010	E4	57	80	0	0	9540	P1-53-50	0	-
684	73.625000	73.700521	C#4	53	80	0	0	9540	P1-53-49	0	-
685	73.653646	73.729167	Bb3	45	80	0	0	9540	P1-53-48	0	-
686	73.654948	73.739583	F#3	44	80	0	0	9540	P1-53-47	0	-
687	73.821615	73.914062	E5	67	80	0	0	9570	*	3	-
688	73.825521	73.923177	G5	71	80	0	0	9570	P1-53-26	0	-
689	73.825521	73.839844	C#5	56	80	0	0	9570	*	3	-
690	73.826823	73.923177	E6	64	80	0	0	9570	P1-53-29	0	-
691	73.826823	73.929688	G6	77	80	0	0	9570	P1-53-30	0	-
692	73.830729	73.920573	Bb5	64	80	0	0	9570	P1-53-27	0	-
693	73.837240	73.916667	C#4	45	80	0	0	9570	P1-53-53	0	-
694	73.839844	73.916667	E4	56	80	0	0	9570	P1-53-54	0	-
695	73.842448	73.848958	G3	51	80	0	0	9570	P1-53-51	1	-
696	73.845052	73.938802	Bb3	46	80	0	0	9570	P1-53-52	0	-
697	74.037760	74.145833	G6	72	80	0	0	9600	P1-54-5	0	-
698	74.044271	74.149740	Bb5	60	80	0	0	9600	P1-54-2	0	-
699	74.046875	74.156250	E6	54	80	0	0	9600	P1-54-4	0	-
700	74.048177	74.145833	G5	61	80	0	0	9600	P1-54-1	0	-
701	74.054688	74.179688	C#6	51	80	0	0	9600	P1-54-3	0	-
702	74.062500	74.128906	C#5	50	80	0	0	9600	*	3	-
703	74.066406	74.144531	E4	38	80	0	0	9600	P1-54-34	0	-
704	74.067708	74.149740	C#4	34	80	0	0	9600	P1-54-33	0	-
705	74.072917	74.188802	Bb3	48	80	0	0	9600	P1-54-32	0	-
706	74.075521	74.158854	F#3	37	80	0	0	9600	P1-54-31	0	-
707	74.295573	74.759115	G6	59	80	0	0	9630	P1-54-10	0	-
708	74.304688	74.394531	G5	56	80	0	0	9630	P1-54-6	0	-
709	74.307292	74.394531	Bb5	54	80	0	0	9630	P1-54-7	0	-
710	74.324219	74.401042	C#4	40	80	0	0	9630	P1-54-37	0	-
711	74.330729	74.395833	E4	38	80	0	0	9630	P1-54-38	0	-
712	74.334635	74.429688	F#3	34	80	0	0	9630	P1-54-35	0	-
713	74.343750	74.438802	Bb3	37	80	0	0	9630	P1-54-36	0	-
714	74.570312	74.729167	G5	51	80	0	0	9660	P1-54-11	0	-
715	74.574219	74.799479	Bb5	54	80	0	0	9660	P1-54-12	0	-
716	74.575521	74.589844	F#5	47	80	0	0	9660	*	3	-
717	74.575521	74.809896	C#6	50	80	0	0	9660	P1-54-13	0	-
718	74.582031	74.589844	C#5	45	80	0	0	9660	*	3	-
719	74.584635	74.718750	Bb4	45	80	0	0	9660	*	3	-
720	74.588542	74.700521	C#4	37	80	0	0	9660	P1-54-41	0	-
721	74.606771	74.701823	E4	31	80	0	0	9660	P1-54-42	0	-
722	74.625000	74.750000	F#3	29	80	0	0	9660	P1-54-39	0	-
723	74.634115	74.750000	Bb3	34	80	0	0	9660	P1-54-40	0	-
724	74.869792	75.019531	G5	50	80	0	0	9690	P1-54-16	0	-
725	74.873698	75.009115	F#5	50	80	0	0	9690	*	3	-
726	74.875000	75.128906	Bb5	52	80	0	0	9690	P1-54-17	0	-
727	74.881510	75.109375	E6	53	80	0	0	9690	P1-54-19	0	-
728	74.882812	74.959635	C#5	39	80	0	0	9690	*	3	-
729	74.886719	75.019531	Bb4	43	80	0	0	9690	*	3	-
730	74.890625	75.049479	F#3	36	80	0	0	9690	P1-54-43	0	-
731	74.894531	74.973958	E4	32	80	0	0	9690	P1-54-46	0	-
732	74.901042	74.981771	C#4	27	80	0	0	9690	P1-54-45	0	-
733	75.216146	75.529948	G5	45	80	0	0	9720	P1-54-21	0	-
734	75.222656	75.949219	Bb5	42	80	0	0	9720	P1-54-22	0	-
735	75.225260	75.908854	E6	39	80	0	0	9720	P1-54-24	0	-
736	75.226562	75.269531	C#5	35	80	0	0	9720	*	3	-
737	75.229167	75.429688	F#5	42	80	0	0	9720	*	3	-
738	75.233073	75.399740	Bb4	38	80	0	0	9720	*	3	-
739	75.246094	75.489583	E4	27	80	0	0	9720	P1-54-50	0	-
740	75.248698	75.430990	C#4	27	80	0	0	9720	P1-54-49	0	-
741	75.257812	75.639323	F#3	29	80	0	0	9720	P1-54-47	0	-
742	75.731771	75.878906	G5	43	80	0	0	9750	P1-54-26	0	-
743	75.738281	75.829427	C4	32	80	0	0	9750	P1-54-52	1	-
744	75.765625	75.779948	E3	30	80	0	0	9750	*	3	-
745	75.768229	75.839844	E4	27	80	0	0	9750	P1-54-54	0	-
746	75.777344	75.959635	F#3	30	80	0	0	9750	P1-54-51	0	-
747	76.345052	76.639323	G6	56	80	0	0	9780	P1-55-2	0	-
748	76.351562	76.589844	G5	53	80	0	0	9780	P1-55-1	0	-
749	76.393229	76.481771	B2	29	80	0	0	9780	P1-55-5	0	-
750	76.666667	76.729167	D4	34	80	0	0	9795	P1-55-6	0	-
751	76.677083	76.779948	B2	34	80	0	0	9810	*	3	-
752	76.682292	76.839844	F#3	35	80	0	0	9810	P1-55-7	0	-
753	76.764323	76.859375	D5	42	80	0	0	9825	*	3	-
754	76.769531	76.848958	D4	37	80	0	0	9825	P1-55-8	0	-
755	76.888021	76.966146	F#6	69	80	0	0	9840	P1-55-4	0	-
756	76.893229	77.029948	C#3	49	80	0	0	9840	P1-55-9	0	-
757	76.903646	77.049479	F#5	63	80	0	0	9840	P1-55-3	0	-
758	77.044271	77.084635	E4	41	80	0	0	9855	P1-55-10	0	-
759	77.162760	77.250000	E4	40	80	0	0	9885	P1-55-12	0	-
760	77.269531	77.519531	D3	46	80	0	0	9900	P1-55-13	0	-
761	77.377604	77.479167	F#4	39	80	0	0	9915	P1-55-14	0	-
762	77.520833	77.649740	F#3	41	80	0	0	9930	P1-55-15	0	-
763	77.524740	77.584635	F#4	52	80	0	0	9945	P1-55-16	0	-
764	77.692708	77.779948	B3	48	80	0	0	9960	*	3	-
765	77.694010	77.848958	B2	55	80	0	0	9960	P1-56-5	0	-
766	77.807292	77.979167	D5	45	80	0	0	9975	*	3	-
767	77.813802	77.868490	D4	44	80	0	0	9975	P1-56-6	0	-
768	77.936198	78.029948	F#4	30	80	0	0	9990	*	3	-
769	77.953125	78.049479	F#3	31	80	0	0	9990	P1-56-7	0	-
770	78.014323	78.128906	B2	46	80	0	0	9990	*	3	-
771	78.016927	78.089844	D4	46	80	0	0	10005	P1-56-8	0	-
772	78.035156	78.119792	B3	42	80	0	0	10005	*	3	-
773	78.109375	78.154948	B5	63	80	0	0	10020	P1-56-4	0	-
774	78.109375	78.119792	C#4	52	80	0	0	10020	*	3	-
775	78.113281	78.269531	C#3	56	80	0	0	10020	P1-56-9	0	-
776	78.123698	78.167969	B4	58	80	0	0	10020	P1-56-3	0	-
777	78.216146	78.272135	E4	52	80	0	0	10035	P1-56-10	0	-
778	78.365885	78.500000	F#3	43	80	0	0	10050	P1-56-11	0	-
779	78.365885	78.438802	E4	50	80	0	0	10065	P1-56-12	0	-
780	78.467448	78.718750	D3	58	80	0	0	10080	P1-56-13	0	-
781	78.571615	78.679688	F#4	50	80	0	0	10095	P1-56-14	0	-
782	78.683594	78.821615	F#3	47	80	0	0	10110	P1-56-15	0	-
783	78.684896	78.899740	F#4	43	80	0	0	10125	P1-56-16	0	-
784	78.794271	78.850260	B2	51	80	0	0	10140	P1-57-5	0	-
785	78.796875	78.848958	D5	44	80	0	0	10155	*	3	-
786	78.796875	78.938802	B3	45	80	0	0	10155	*	3	-
787	78.904948	79.009115	D5	49	80	0	0	10155	*	3	-
788	78.904948	79.009115	D4	42	80	0	0	10155	P1-57-6	0	-
789	79.019531	79.119792	F#3	37	80	0	0	10170	P1-57-7	0	-
790	79.066406	79.179688	D5	50	80	0	0	10185	*	3	-
791	79.072917	79.125000	D4	43	80	0	0	10185	P1-57-8	0	-
792	79.173177	79.339844	F#5	69	80	0	0	10200	P1-57-4	0	-
793	79.195312	79.329427	F#4	51	80	0	0	10200	P1-57-3	0	-
794	79.203125	79.299479	C#4	43	80	0	0	10200	P1-57-9	1	-
795	79.213542	79.399740	F#3	43	80	0	0	10200	*	3	-
796	79.292969	79.363281	E4	48	80	0	0	10215	P1-57-10	0	-
797	79.404948	79.619792	F#3	38	80	0	0	10230	P1-57-11	0	-
798	79.475260	79.559896	E4	46	80	0	0	10245	P1-57-12	0	-
799	79.493490	79.688802	D4	40	80	0	0	10260	P1-57-13	1	-
800	79.657552	79.889323	F#4	47	80	0	0	10275	P1-57-14	0	-
801	79.903646	80.039062	F#4	38	80	0	0	10305	P1-57-16	0	-
802	79.903646	79.977865	B3	47	80	0	0	10320	*	3	-
803	79.906250	79.975260	B2	44	80	0	0	10320	P1-58-6	0	-
804	80.014323	80.149740	D5	54	80	0	0	10335	*	3	-
805	80.014323	80.089844	D4	47	80	0	0	10335	P1-58-7	0	-
806	80.104167	80.158854	D4	42	80	0	0	10335	*	3	-
807	80.115885	80.339844	F#3	39	80	0	0	10350	P1-58-8	0	-
808	80.154948	80.399740	F#4	39	80	0	0	10350	*	3	-
809	80.164062	80.259115	D5	50	80	0	0	10365	*	3	-
810	80.165365	80.255208	D4	44	80	0	0	10365	P1-58-9	0	-
811	80.218750	80.289062	D3	46	80	0	0	10365	*	3	-
812	80.278646	80.438802	B4	70	80	0	0	10380	P1-58-5	0	-
813	80.292969	80.350260	B3	58	80	0	0	10380	P1-58-3	0	-
814	80.316406	80.369792	G2	41	80	0	0	10380	P1-58-10	1	-
815	80.385417	80.434896	E4	45	80	0	0	10395	P1-58-11	0	-
816	80.519531	80.869792	B3	44	80	0	0	10410	P1-58-12	1	-
817	80.522135	80.578125	E4	54	80	0	0	10425	P1-58-13	0	-
818	80.615885	80.759115	D3	57	80	0	0	10440	P1-58-14	0	-
819	80.617188	80.729167	D4	55	80	0	0	10440	*	3	-
820	80.723958	80.869792	F#4	50	80	0	0	10455	P1-58-15	0	-
821	80.773438	80.889323	D3	45	80	0	0	10470	*	3	-
822	80.816406	81.069010	F#3	46	80	0	0	10470	P1-58-16	0	-
823	80.880208	81.019531	F#4	54	80	0	0	10485	P1-58-17	0	-
824	81.011719	81.319010	E3	48	80	0	0	10500	P1-59-7	0	-
825	81.013021	81.119792	E4	43	80	0	0	10515	*	3	-
826	81.104167	81.177083	D5	53	80	0	0	10515	*	3	-
827	81.105469	81.183594	D4	46	80	0	0	10515	P1-59-8	0	-
828	81.222656	81.438802	B3	41	80	0	0	10530	P1-59-9	0	-
829	81.334635	81.479167	D4	44	80	0	0	10545	P1-59-10	0	-
830	81.440104	81.589844	G4	53	80	0	0	10560	P1-59-2	0	-
831	81.476562	81.709635	F3	35	80	0	0	10560	P1-59-11	0	-
832	81.572917	81.615885	D5	46	80	0	0	10575	*	3	-
833	81.583333	81.679688	D4	36	80	0	0	10575	P1-59-12	0	-
834	81.640625	81.829427	B3	40	80	0	0	10590	P1-59-13	0	-
835	81.764323	81.899740	D4	33	80	0	0	10605	P1-59-14	0	-
836	81.912760	82.119792	F#3	40	80	0	0	10620	P1-59-15	0	-
837	81.912760	82.149740	F#4	49	80	0	0	10620	P1-59-3	0	-
838	82.010417	82.065104	D4	38	80	0	0	10635	P1-59-16	0	-
839	82.097656	82.229167	B3	38	80	0	0	10650	P1-59-17	0	-
840	82.186198	82.243490	D4	41	80	0	0	10665	P1-59-18	0	-
841	82.294271	82.539062	F#4	46	80	0	0	10680	P1-60-1	0	-
842	82.369792	82.579427	F#3	36	80	0	0	10680	P1-60-3	0	-
843	82.380208	82.468750	D4	30	80	0	0	10695	P1-60-4	0	-
844	82.471354	82.619792	B3	36	80	0	0	10710	P1-60-5	0	-
845	82.576823	82.625000	D5	46	80	0	0	10725	*	3	-
846	82.578125	82.635417	D4	38	80	0	0	10725	P1-60-6	0	-
847	82.683594	82.954427	F#4	33	80	0	0	10740	P1-60-7	1	-
848	82.781250	82.837240	D5	48	80	0	0	10755	*	3	-
849	82.783854	82.859375	D4	42	80	0	0	10755	P1-60-8	0	-
850	82.877604	82.989583	B4	42	80	0	0	10770	P1-60-9	1	-
851	82.993490	83.072917	D4	40	80	0	0	10785	P1-60-10	0	-
852	83.003906	83.095052	B3	36	80	0	0	10785	*	3	-
853	83.143229	83.319010	F#2	38	80	0	0	10800	P1-60-11	1	-
854	83.143229	83.263021	Bb4	58	80	0	0	10800	P1-60-2	0	-
855	83.246094	83.332031	E4	32	80	0	0	10815	P1-60-12	0	-
856	83.382812	83.500000	C#4	38	80	0	0	10830	P1-60-13	0	-
857	83.454427	83.563802	E4	37	80	0	0	10845	P1-60-14	0	-
858	83.636719	83.735677	B2	48	80	0	0	10860	P1-61-5	0	-
859	83.776042	83.855469	D4	42	80	0	0	10875	P1-61-6	0	-
860	83.891927	83.989583	G5	69	80	0	0	10890	P1-61-2	0	-
861	83.954427	84.041667	D4	43	80	0	0	10905	P1-61-8	0	-
862	84.075521	84.153646	C#3	50	80	0	0	10920	P1-61-9	0	-
863	84.108073	84.279948	G6	70	80	0	0	10920	P1-61-3	0	-
864	84.183594	84.339844	E4	46	80	0	0	10935	P1-61-10	0	-
865	84.291667	84.444010	F#3	31	80	0	0	10950	P1-61-11	0	-
866	84.352865	84.438802	E4	48	80	0	0	10965	P1-61-12	0	-
867	84.354167	84.407552	E5	50	80	0	0	10965	*	3	-
868	84.472656	84.669271	D3	49	80	0	0	10980	P1-61-13	0	-
869	84.595052	84.819010	F#5	43	80	0	0	10995	*	3	-
870	84.636719	84.649740	F#4	23	80	0	0	10995	P1-61-14	0	-
871	84.723958	84.799479	F#4	54	80	0	0	10995	*	3	-
872	84.739583	84.852865	F#3	42	80	0	0	11010	P1-61-15	0	-
873	84.774740	84.929688	F#6	62	80	0	0	11010	P1-61-4	0	-
874	84.880208	85.019531	F#4	36	80	0	0	11025	P1-61-16	0	-
875	84.884115	84.954427	B2	43	80	0	0	11040	P1-62-5	0	-
876	84.990885	85.109375	D5	55	80	0	0	11055	*	3	-
877	84.993490	85.139323	D4	52	80	0	0	11055	P1-62-6	0	-
878	85.105469	85.171875	F#6	71	80	0	0	11070	P1-62-2	0	-
879	85.135417	85.259115	F#3	44	80	0	0	11070	P1-62-7	0	-
880	85.145833	85.209635	D5	49	80	0	0	11085	*	3	-
881	85.147135	85.239583	D4	45	80	0	0	11085	P1-62-8	0	-
882	85.263021	85.459635	C#4	55	80	0	0	11100	*	3	-
883	85.268229	85.438802	C#3	60	80	0	0	11100	P1-62-9	0	-
884	85.294271	85.669271	C#6	66	80	0	0	11100	P1-62-3	0	-
885	85.355469	85.559896	E5	54	80	0	0	11115	*	3	-
886	85.368490	85.519531	E4	50	80	0	0	11115	P1-62-10	0	-
887	85.451823	85.621094	F#3	42	80	0	0	11130	P1-62-11	0	-
888	85.532552	85.658854	E4	47	80	0	0	11145	P1-62-12	0	-
889	85.653646	85.839844	D4	50	80	0	0	11160	*	3	-
890	85.664062	85.842448	D3	53	80	0	0	11160	P1-62-13	0	-
891	85.759115	85.769531	F#4	30	80	0	0	11175	P1-62-14	0	-
892	85.759115	85.769531	F#5	37	80	0	0	11175	*	3	-
893	85.885417	86.009115	F#4	61	80	0	0	11175	*	3	-
894	85.895833	86.089844	B5	66	80	0	0	11190	P1-62-4	0	-
895	85.907552	85.919271	F#2	50	80	0	0	11190	*	3	-
896	85.912760	86.069010	F#3	50	80	0	0	11190	P1-62-15	0	-
897	86.022135	86.092448	B2	55	80	0	0	11220	P1-63-5	0	-
898	86.122396	86.239583	D5	58	80	0	0	11235	*	3	-
899	86.123698	86.218750	D4	56	80	0	0	11235	P1-63-6	0	-
900	86.223958	86.347656	F#3	50	80	0	0	11250	P1-63-7	0	-
901	86.223958	86.295573	B5	74	80	0	0	11250	P1-63-2	0	-
902	86.225260	86.348958	D4	49	80	0	0	11265	P1-63-8	0	-
903	86.394531	86.479167	C#3	59	80	0	0	11280	P1-63-9	0	-
904	86.402344	86.628906	G5	71	80	0	0	11280	P1-63-3	0	-
905	86.493490	86.773438	E5	58	80	0	0	11295	*	3	-
906	86.496094	86.658854	E4	54	80	0	0	11295	P1-63-10	0	-
907	86.604167	86.755208	F#3	47	80	0	0	11310	P1-63-11	0	-
908	86.666667	86.848958	E4	51	80	0	0	11325	P1-63-12	0	-
909	86.783854	86.968750	D3	47	80	0	0	11340	P1-63-13	0	-
910	86.894531	86.959635	F#4	45	80	0	0	11355	P1-63-14	0	-
911	87.014323	87.109375	F#4	60	80	0	0	11355	*	3	-
912	87.014323	87.188802	F#5	67	80	0	0	11370	P1-63-4	0	-
913	87.015625	87.134115	F#3	47	80	0	0	11370	P1-63-15	0	-
914	87.123698	87.209635	F#4	40	80	0	0	11385	P1-63-16	0	-
915	87.158854	87.229167	B3	41	80	0	0	11400	*	3	-
916	87.171875	87.231771	B2	42	80	0	0	11400	P1-64-5	0	-
917	87.195312	87.259115	F#5	49	80	0	0	11400	*	3	-
918	87.253906	87.369792	D5	56	80	0	0	11415	*	3	-
919	87.255208	87.312500	D4	55	80	0	0	11415	P1-64-6	0	-
920	87.338542	87.397135	F#5	70	80	0	0	11430	P1-64-2	0	-
921	87.354167	87.468750	F#3	45	80	0	0	11430	P1-64-7	0	-
922	87.423177	87.501302	D5	61	80	0	0	11445	*	3	-
923	87.423177	87.484375	D4	60	80	0	0	11445	P1-64-8	0	-
924	87.515625	87.889323	C#5	65	80	0	0	11460	P1-64-3	0	-
925	87.527344	87.739583	C#4	57	80	0	0	11460	*	3	-
926	87.532552	87.595052	C#3	55	80	0	0	11460	P1-64-9	0	-
927	87.617188	87.729167	F#3	55	80	0	0	11475	*	3	-
928	87.618490	87.699219	E4	58	80	0	0	11475	P1-64-10	0	-
929	87.736979	87.860677	F#3	46	80	0	0	11490	P1-64-11	0	-
930	87.776042	87.860677	E4	58	80	0	0	11505	P1-64-12	0	-
931	87.877604	88.089844	D4	50	80	0	0	11505	*	3	-
932	87.885417	88.149740	D3	57	80	0	0	11520	P1-64-13	0	-
933	87.979167	88.119792	F#4	59	80	0	0	11535	P1-64-14	0	-
934	88.065104	88.195312	F#3	43	80	0	0	11550	P1-64-15	0	-
935	88.106771	88.175781	B4	69	80	0	0	11550	P1-64-4	0	-
936	88.125000	88.229167	F#4	50	80	0	0	11565	P1-64-16	0	-
937	88.263021	88.729167	E3	49	80	0	0	11580	P1-65-4	1	-
938	88.303385	88.799479	B4	69	80	0	0	11580	P1-65-1	0	-
939	88.385417	88.539062	D4	46	80	0	0	11595	P1-65-5	0	-
940	88.389323	88.688802	D5	56	80	0	0	11595	*	3	-
941	88.541667	88.769531	B3	37	80	0	0	11610	P1-65-6	1	-
942	88.611979	88.692708	D4	38	80	0	0	11625	P1-65-7	0	-
943	88.743490	88.929688	G4	60	80	0	0	11640	P1-65-2	0	-
944	88.764323	89.158854	F3	41	80	0	0	11670	P1-65-10	1	-
945	88.845052	88.949219	D4	41	80	0	0	11685	P1-65-11	1	-
946	88.930990	89.029948	B3	40	80	0	0	11685	*	3	-
947	89.024740	89.188802	G4	44	80	0	0	11700	P1-65-3	1	-
948	89.031250	89.134115	D4	45	80	0	0	11700	P1-65-12	1	-
949	89.041667	89.188802	B3	44	80	0	0	11700	*	3	-
950	89.144531	89.209635	F#3	45	80	0	0	11715	*	3	-
951	89.149740	89.509115	F#4	55	80	0	0	11715	P1-65-13	0	-
952	89.220052	89.449219	F#3	42	80	0	0	11730	P1-65-14	0	-
953	89.309896	89.522135	B3	38	80	0	0	11730	*	3	-
954	89.317708	89.399740	F3	32	80	0	0	11730	*	3	-
955	89.397135	89.559896	D4	45	80	0	0	11745	P1-65-15	1	-
956	89.596354	89.688802	F#3	42	80	0	0	11760	P1-66-7	0	-
957	89.618490	90.069010	F#4	45	80	0	0	11760	P1-66-1	0	-
958	89.697917	90.149740	F#3	36	80	0	0	11760	*	3	-
959	89.884115	90.039062	D5	57	80	0	0	11790	*	3	-
960	89.886719	90.119792	D4	53	80	0	0	11790	P1-66-2	0	-
961	90.093750	90.329427	B3	57	80	0	0	11820	P1-66-3	0	-
962	90.283854	90.489583	G3	64	80	0	0	11850	P1-66-4	0	-
963	90.325521	90.519531	G4	48	80	0	0	11850	*	3	-
964	90.468750	90.929688	F#2	66	80	0	0	11880	P1-66-9	0	-
965	90.473958	90.739583	F#3	67	80	0	0	11880	P1-66-5	0	-
966	90.666667	90.809896	Bb3	72	80	0	0	11910	P1-66-6	0	-
967	90.833333	90.928385	B1	65	80	0	0	11940	P1-67-4	0	-
968	90.834635	90.933594	B2	70	80	0	0	11940	P1-67-5	0	-
969	90.863281	90.968750	B3	70	80	0	0	11940	P1-67-1	0	-
970	90.975260	91.408854	B3	59	80	0	0	11940	*	3	-
971	91.023438	91.218750	C#3	79	80	0	0	11970	P1-67-7	0	-
972	91.035156	91.188802	C#2	73	80	0	0	11970	P1-67-6	0	-
973	91.212240	91.369792	D2	73	80	0	0	12000	P1-67-8	0	-
974	91.213542	91.378906	D3	77	80	0	0	12000	P1-67-9	0	-
975	91.389323	91.589844	E3	77	80	0	0	12030	P1-67-11	0	-
976	91.393229	91.559896	E2	76	80	0	0	12030	P1-67-10	0	-
977	91.566406	93.419271	F#3	81	80	0	0	12060	P1-67-13	0	-
978	91.576823	93.279948	F#2	76	80	0	0	12060	P1-67-12	0	-
979	91.980469	92.539062	B4	72	80	0	0	12120	*	3	-
980	91.984375	92.979167	B3	78	80	0	0	12120	P1-68-2	0	-
981	91.988281	92.158854	G2	60	80	0	0	12120	*	3	-
982	91.992188	92.809896	G3	66	80	0	0	12120	P1-68-1	0	-
983	93.455729	94.489583	C5	56	80	0	0	12300	*	3	-
984	93.464844	94.929688	C4	52	80	0	0	12300	P1-69-4	0	-
985	93.472656	94.679688	E3	46	80	0	0	12300	P1-69-7	0	-
986	93.486979	93.589844	G2	46	80	0	0	12300	*	3	-
987	93.494792	94.438802	E2	43	80	0	0	12300	P1-69-6	0	-
988	94.372396	95.149740	G4	55	80	0	0	12420	P1-69-3	0	-
989	94.833333	95.859375	F#3	41	80	0	0	12480	P1-70-10	0	-
990	94.843750	94.848958	Bb4	47	80	0	0	12480	*	3	-
991	94.843750	95.848958	E4	41	80	0	0	12480	P1-70-8	0	-
992	94.845052	95.889323	F#2	42	80	0	0	12480	P1-70-9	0	-
993	94.855469	95.859375	Bb3	42	80	0	0	12480	P1-70-6	0	-
994	95.742188	95.968750	F#4	42	80	0	0	12600	P1-70-5	0	-
995	96.128906	96.300781	B2	72	80	0	0	12660	P1-71-7	0	-
996	96.134115	96.319010	B3	64	80	0	0	12660	P1-71-1	0	-
997	96.134115	96.559896	F#4	61	80	0	0	12660	P1-71-3	0	-
998	96.144531	96.292969	B1	67	80	0	0	12660	P1-71-6	0	-
999	96.295573	96.529948	C#3	82	80	0	0	12690	P1-71-9	0	-
1000	96.308594	96.502604	C#2	72	80	0	0	12690	P1-71-8	0	-
1001	96.486979	96.546875	D3	73	80	0	0	12720	P1-71-11	0	-
1002	96.493490	96.669271	C3	68	80	0	0	12720	*	3	-
1003	96.494792	96.639323	D2	69	80	0	0	12720	P1-71-10	0	-
1004	96.503906	96.509115	C2	67	80	0	0	12720	*	3	-
1005	96.664062	96.845052	E3	73	80	0	0	12750	P1-71-13	0	-
1006	96.664062	96.832031	E2	72	80	0	0	12750	P1-71-12	0	-
1007	96.826823	96.839844	F#4	68	80	0	0	12780	*	3	-
1008	96.835938	98.489583	F#3	76	80	0	0	12780	P1-71-15	0	-
1009	96.850260	98.519531	F#2	68	80	0	0	12780	P1-71-14	0	-
1010	97.261719	97.649740	B4	74	80	0	0	12840	*	3	-
1011	97.263021	97.919271	B3	78	80	0	0	12840	P1-72-2	0	-
1012	97.268229	97.279948	B1	59	80	0	0	12840	*	3	-
1013	97.269531	97.859375	G3	63	80	0	0	12840	P1-72-1	0	-
1014	97.272135	97.279948	B2	62	80	0	0	12840	*	3	-
1015	97.283854	97.289062	G4	56	80	0	0	12840	*	3	-
1016	98.044271	98.378906	B3	50	80	0	0	12840	*	3	-
1017	98.054688	98.209635	G3	46	80	0	0	12840	*	3	-
1018	98.631510	98.639323	C5	60	80	0	0	13020	*	3	-
1019	98.640625	99.729167	C4	53	80	0	0	13020	P1-73-4	0	-
1020	98.657552	99.309896	E3	45	80	0	0	13020	P1-73-7	0	-
1021	98.675781	99.688802	G3	42	80	0	0	13020	P1-73-8	0	-
1022	98.682292	99.669271	E2	46	80	0	0	13020	P1-73-6	0	-
1023	99.473958	100.369792	G4	53	80	0	0	13140	P1-73-3	0	-
1024	99.970052	100.959635	F#2	39	80	0	0	13200	P1-74-9	0	-
1025	99.971354	100.878906	E4	39	80	0	0	13200	P1-74-8	0	-
1026	99.973958	100.589844	C#4	37	80	0	0	13200	P1-74-7	0	-
1027	99.984375	100.699219	Bb3	38	80	0	0	13200	P1-74-6	0	-
1028	99.985677	100.929688	F#3	35	80	0	0	13200	P1-74-10	0	-
1029	100.765625	101.229167	F#4	32	80	0	0	13320	P1-74-5	0	-
1030	102.393229	102.889323	G4	37	80	0	0	13500	P1-75-3	0	-
1031	102.895833	103.579427	B3	28	80	0	0	13560	P1-76-6	0	-
1032	102.902344	104.239583	D4	27	80	0	0	13560	P1-76-7	0	-
1033	102.902344	103.889323	B2	25	80	0	0	13560	P1-76-9	0	-
1034	102.912760	103.869792	B1	26	80	0	0	13560	P1-76-8	0	-
1035	106.050781	107.069010	F#2	25	80	0	0	13860	P1-77-4	1	-
1036	106.054688	107.000000	F#1	28	80	0	0	13920	P1-78-8	0	-
1037	106.888021	107.438802	Bb4	40	80	0	0	14040	P1-78-3	0	-
1038	107.410156	108.039062	B4	43	80	0	0	14100	P1-79-3	0	-
1039	107.421875	107.869792	B3	29	80	0	0	14100	P1-79-1	0	-
1040	107.434896	107.779948	B2	23	80	0	0	14100	P1-79-7	0	-
1041	107.438802	107.739583	D4	23	80	0	0	14100	P1-79-2	0	-
1042	107.444010	107.759115	B1	24	80	0	0	14100	P1-79-6	0	-
1043	108.627604	108.869792	B1	26	80	0	0	14280	P1-80-6	0	-
1044	108.628906	108.979167	B2	24	80	0	0	14280	P1-80-7	0	-
1045	108.634115	109.598958	B4	40	80	0	0	14280	P1-80-3	0	-
1046	109.993490	110.158854	B2	22	80	0	0	14460	P1-81-7	0	-
1047	110.003906	110.009115	B1	24	80	0	0	14460	P1-81-6	0	-
1048	112.794271	113.569010	B4	42	80	0	0	14820	P1-83-1	0	-
1049	114.174479	114.589844	B4	36	80	0	0	15000	P1-84-1	0	-
1050	115.192708	115.348958	A4	31	80	0	0	15120	P1-84-11	0	-
1051	115.200521	115.348958	B4	30	80	0	0	15120	P1-84-7	0	-
1052	115.208333	115.989583	F#4	19	80	0	0	15120	P1-84-10	0	-
1053	115.423177	115.484375	B4	34	80	0	0	15150	P1-84-3	0	-
1054	115.666667	116.339844	A5	47	80	0	0	15180	P1-85-1	0	-
1055	115.670573	115.755208	B4	35	80	0	0	15180	P1-85-11	0	-
1056	115.671875	115.869792	A4	34	80	0	0	15180	P1-85-15	0	-
1057	115.886719	116.029948	B4	36	80	0	0	15210	P1-85-2	0	-
1058	116.195312	116.348958	G5	49	80	0	0	15240	P1-85-5	1	-
1059	116.234375	116.399740	B4	35	80	0	0	15240	P1-85-4	0	-
1060	116.356771	116.539062	G5	47	80	0	0	15270	P1-85-7	0	-
1061	116.437500	116.553385	A4	29	80	0	0	15300	P1-85-18	0	-
1062	116.444010	116.509115	F#4	21	80	0	0	15300	*	3	-
1063	116.514323	116.739583	F#5	48	80	0	0	15300	P1-85-9	0	-
1064	116.524740	116.718750	F#4	31	80	0	0	15300	P1-85-17	0	-
1065	116.528646	116.565104	B4	37	80	0	0	15300	P1-85-8	0	-
1066	116.686198	116.769531	B4	49	80	0	0	15330	P1-85-10	0	-
1067	116.910156	117.628906	B5	52	80	0	0	15360	P1-86-2	0	-
1068	116.914062	117.399740	G5	43	80	0	0	15360	P1-86-1	0	-
1069	116.923177	116.972656	B4	43	80	0	0	15360	P1-86-13	0	-
1070	116.960938	117.139323	E4	23	80	0	0	15360	P1-86-16	0	-
1071	116.966146	117.149740	G4	27	80	0	0	15360	P1-86-17	0	-
1072	117.102865	117.145833	B4	45	80	0	0	15390	P1-86-3	0	-
1073	117.290365	117.335938	B4	40	80	0	0	15420	P1-86-6	0	-
1074	117.467448	117.505208	B4	45	80	0	0	15450	P1-86-7	0	-
1075	117.644531	118.019531	B5	54	80	0	0	15480	P1-86-9	0	-
1076	117.651042	117.819010	G5	47	80	0	0	15480	P1-86-8	0	-
1077	117.658854	117.714844	B4	49	80	0	0	15480	P1-86-15	0	-
1078	117.694010	117.735677	G4	29	80	0	0	15480	P1-86-20	0	-
1079	117.714844	117.869792	E4	28	80	0	0	15480	P1-86-19	0	-
1080	117.841146	117.881510	B4	52	80	0	0	15510	P1-86-10	0	-
1081	118.028646	118.649740	B5	58	80	0	0	15540	P1-87-2	0	-
1082	118.045573	118.093750	B4	54	80	0	0	15540	P1-87-15	0	-
1083	118.045573	118.299479	G#5	46	80	0	0	15540	P1-87-1	0	-
1084	118.117188	118.549479	F4	25	80	0	0	15540	P1-87-19	0	-
1085	118.226562	118.309896	B4	53	80	0	0	15570	P1-87-3	0	-
1086	118.404948	118.468750	B4	52	80	0	0	15600	P1-87-6	0	-
1087	118.572917	118.729167	A5	62	80	0	0	15630	P1-87-10	0	-
1088	118.595052	118.631510	B4	53	80	0	0	15630	P1-87-9	0	-
1089	118.755208	118.979167	B5	60	80	0	0	15660	P1-87-13	0	-
1090	118.755208	118.848958	B4	56	80	0	0	15660	P1-87-11	0	-
1091	118.760417	118.889323	G#5	50	80	0	0	15660	P1-87-12	0	-
1092	118.821615	118.949219	D4	21	80	0	0	15660	P1-87-21	0	-
1093	118.842448	119.009115	F4	21	80	0	0	15660	P1-87-22	0	-
1094	118.941406	118.976562	B4	48	80	0	0	15690	P1-87-14	0	-
1095	119.119792	119.729167	C6	53	80	0	0	15720	P1-88-3	0	-
1096	119.122396	119.799479	A5	47	80	0	0	15720	P1-88-2	0	-
1097	119.123698	119.438802	C5	47	80	0	0	15720	P1-88-1	0	-
1098	119.171875	119.229167	E4	26	80	0	0	15720	P1-88-8	0	-
1099	119.171875	119.250000	C4	29	80	0	0	15720	P1-88-7	0	-
1100	119.299479	119.345052	E4	42	80	0	0	15750	P1-88-9	0	-
1101	119.513021	119.554688	E5	43	80	0	0	15780	*	3	-
1102	119.515625	119.558594	E4	33	80	0	0	15780	P1-88-10	0	-
1103	119.524740	119.529948	B4	40	80	0	0	15780	*	3	-
1104	119.699219	119.735677	E4	40	80	0	0	15810	P1-88-11	0	-
1105	119.898438	120.009115	C5	55	80	0	0	15840	P1-88-5	0	-
1106	119.898438	120.089844	E5	48	80	0	0	15840	*	3	-
1107	119.899740	120.218750	C6	57	80	0	0	15840	P1-88-6	0	-
1108	119.945312	120.029948	E4	32	80	0	0	15840	P1-88-12	0	-
1109	120.087240	120.179688	E4	25	80	0	0	15870	P1-88-13	0	-
1110	120.282552	120.688802	C6	63	80	0	0	15900	P1-89-2	0	-
1111	120.282552	120.500000	C5	60	80	0	0	15900	P1-89-1	0	-
1112	120.298177	120.419271	A3	36	80	0	0	15900	P1-89-15	0	-
1113	120.308594	120.389323	C4	36	80	0	0	15900	P1-89-16	0	-
1114	120.322917	120.408854	E4	37	80	0	0	15900	P1-89-7	0	-
1115	120.464844	120.549479	E4	46	80	0	0	15930	P1-89-8	0	-
1116	120.631510	120.688802	E5	50	80	0	0	15960	*	3	-
1117	120.635417	120.769531	E4	47	80	0	0	15960	P1-89-9	0	-
1118	120.813802	120.859375	B5	67	80	0	0	15990	P1-89-4	0	-
1119	120.815104	120.855469	E5	59	80	0	0	15990	*	3	-
1120	120.816406	120.878906	B4	67	80	0	0	15990	P1-89-3	0	-
1121	120.855469	120.908854	E4	46	80	0	0	15990	P1-89-10	0	-
1122	120.973958	121.169271	A5	72	80	0	0	16020	P1-89-6	0	-
1123	120.973958	121.020833	E5	56	80	0	0	16020	*	3	-
1124	120.976562	121.015625	A4	66	80	0	0	16020	P1-89-5	0	-
1125	120.993490	121.119792	A3	47	80	0	0	16020	P1-89-11	0	-
1126	121.010417	121.069010	E4	44	80	0	0	16020	P1-89-13	0	-
1127	121.011719	121.079427	C4	36	80	0	0	16020	P1-89-12	0	-
1128	121.145833	121.209635	E5	55	80	0	0	16050	*	3	-
1129	121.151042	121.186198	E4	50	80	0	0	16050	P1-89-14	0	-
1130	121.350260	121.829427	F5	55	80	0	0	16080	*	3	-
1131	121.350260	121.549479	D5	57	80	0	0	16080	P1-90-1	0	-
1132	121.351562	121.658854	D6	68	80	0	0	16080	P1-90-2	0	-
1133	121.388021	121.549479	B3	41	80	0	0	16080	P1-90-13	0	-
1134	121.399740	121.519531	F4	41	80	0	0	16080	P1-90-6	0	-
1135	121.407552	121.639323	G#3	39	80	0	0	16080	P1-90-12	0	-
1136	121.528646	121.574219	F4	47	80	0	0	16110	P1-90-7	0	-
1137	121.713542	121.751302	F4	47	80	0	0	16140	P1-90-8	0	-
1138	121.882812	121.968750	F4	48	80	0	0	16170	P1-90-9	0	-
1139	122.055990	122.186198	D5	61	80	0	0	16200	P1-90-4	0	-
1140	122.055990	122.269531	D6	70	80	0	0	16200	P1-90-5	0	-
1141	122.059896	122.149740	F5	57	80	0	0	16200	*	3	-
1142	122.105469	122.164062	F4	43	80	0	0	16200	P1-90-10	0	-
1143	122.113281	122.250000	B3	46	80	0	0	16200	P1-90-16	0	-
1144	122.114583	122.348958	G#3	42	80	0	0	16200	P1-90-15	0	-
1145	122.230469	122.274740	F5	56	80	0	0	16230	*	3	-
1146	122.238281	122.329427	F4	46	80	0	0	16230	P1-90-11	0	-
1147	122.434896	122.519531	F4	53	80	0	0	16260	P1-91-7	0	-
1148	122.434896	122.628906	F5	61	80	0	0	16260	*	3	-
1149	122.436198	122.649740	D6	76	80	0	0	16260	P1-91-2	0	-
1150	122.441406	122.619792	D5	64	80	0	0	16260	P1-91-1	0	-
1151	122.445312	122.739583	Bb3	49	80	0	0	16260	P1-91-16	0	-
1152	122.602865	122.679688	F4	51	80	0	0	16290	P1-91-8	0	-
1153	122.783854	122.889323	F4	53	80	0	0	16320	P1-91-9	0	-
1154	122.953125	122.959635	F7	68	80	0	0	16350	*	3	-
1155	122.954427	122.989583	F6	66	80	0	0	16350	*	3	-
1156	122.955729	122.979167	C7	72	80	0	0	16350	P1-91-4	1	-
1157	122.958333	123.019531	C5	72	80	0	0	16350	P1-91-3	0	-
1158	122.976562	123.029948	F4	50	80	0	0	16350	P1-91-10	0	-
1159	122.993490	123.000000	E4	45	80	0	0	16350	*	3	-
1160	123.111979	123.151042	F5	67	80	0	0	16380	*	3	-
1161	123.113281	123.160156	D6	75	80	0	0	16380	P1-91-6	0	-
1162	123.113281	123.209635	F4	57	80	0	0	16380	P1-91-13	0	-
1163	123.114583	123.299479	D5	68	80	0	0	16380	P1-91-5	0	-
1164	123.114583	123.158854	F6	67	80	0	0	16380	*	3	-
1165	123.115885	123.128906	D7	73	80	0	0	16380	*	3	-
1166	123.121094	123.218750	Bb4	64	80	0	0	16380	*	3	-
1167	123.134115	123.299479	Bb3	51	80	0	0	16380	P1-91-12	0	-
1168	123.281250	123.339844	F5	60	80	0	0	16380	*	3	-
1169	123.283854	123.324219	F4	55	80	0	0	16380	*	3	-
1170	123.292969	123.335938	G#3	50	80	0	0	16380	P1-91-11	0	-
1171	123.313802	123.389323	Bb3	40	80	0	0	16380	*	3	-
1172	123.472656	123.569010	D#6	78	80	0	0	16440	P1-92-2	0	-
1173	123.475260	123.729167	D#5	72	80	0	0	16440	P1-92-1	0	-
1174	123.476562	123.589844	Bb5	65	80	0	0	16440	*	3	-
1175	123.483073	123.529948	D#4	60	80	0	0	16440	P1-92-9	0	-
1176	123.484375	123.535156	G3	55	80	0	0	16440	P1-92-7	0	-
1177	123.493490	123.589844	Bb3	58	80	0	0	16440	P1-92-8	0	-
1178	123.494792	123.559896	Bb4	57	80	0	0	16440	*	3	-
1179	123.644531	123.691406	D#4	52	80	0	0	16470	P1-92-12	0	-
1180	123.649740	123.709635	Bb4	53	80	0	0	16470	*	3	-
1181	123.654948	123.697917	G3	60	80	0	0	16470	P1-92-10	0	-
1182	123.654948	123.750000	Bb3	60	80	0	0	16470	P1-92-11	0	-
1183	123.834635	123.919271	Bb4	57	80	0	0	16500	*	3	-
1184	123.835938	123.919271	D#4	50	80	0	0	16500	P1-92-15	0	-
1185	123.838542	123.929688	Bb3	53	80	0	0	16500	P1-92-14	0	-
1186	123.863281	123.938802	G3	47	80	0	0	16500	P1-92-13	0	-
1187	123.983073	124.024740	D6	75	80	0	0	16530	P1-92-4	0	-
1188	123.983073	124.023438	D5	70	80	0	0	16530	P1-92-3	0	-
1189	124.028646	124.098958	D#4	46	80	0	0	16530	P1-92-18	0	-
1190	124.037760	124.179688	Bb3	47	80	0	0	16530	P1-92-17	0	-
1191	124.045573	124.188802	G3	45	80	0	0	16530	P1-92-16	0	-
1192	124.140625	124.184896	D#5	75	80	0	0	16560	*	3	-
1193	124.143229	124.188802	D#6	79	80	0	0	16560	P1-92-6	0	-
1194	124.153646	124.158854	Bb5	64	80	0	0	16560	*	3	-
1195	124.174479	124.229167	Bb4	59	80	0	0	16560	*	3	-
1196	124.174479	124.250000	D#4	46	80	0	0	16560	*	3	-
1197	124.184896	124.319010	Bb3	45	80	0	0	16560	P1-92-20	0	-
1198	124.203125	124.339844	G3	38	80	0	0	16560	P1-92-19	0	-
1199	124.298177	124.309896	D#5	58	80	0	0	16560	P1-92-5	0	-
1200	124.305990	124.389323	Bb4	52	80	0	0	16560	*	3	-
1201	124.313802	124.389323	D#4	52	80	0	0	16560	P1-92-21	0	-
1202	124.325521	124.389323	Bb3	47	80	0	0	16560	*	3	-
1203	124.345052	124.399740	G3	37	80	0	0	16560	*	3	-
1204	124.502604	124.545573	Eb5	71	80	0	0	16590	*	3	-
1205	124.505208	124.555990	Bb4	70	80	0	0	16590	*	3	-
1206	124.506510	124.557292	D#4	67	80	0	0	16590	P1-92-24	0	-
1207	124.510417	124.555990	Bb3	70	80	0	0	16590	P1-92-23	0	-
1208	124.542969	124.669271	F#3	50	80	0	0	16620	*	3	-
1209	124.667969	124.759115	Bb3	67	80	0	0	16620	P1-93-5	0	-
1210	124.675781	124.819010	F#3	54	80	0	0	16620	P1-93-4	0	-
1211	124.694010	124.779948	Bb4	61	80	0	0	16620	*	3	-
1212	124.694010	124.919271	F#4	50	80	0	0	16620	*	3	-
1213	124.703125	124.929688	D#4	45	80	0	0	16620	P1-93-1	0	-
1214	124.828125	125.019531	F#3	49	80	0	0	16650	P1-93-6	0	-
1215	124.852865	124.949219	Bb3	52	80	0	0	16680	P1-93-9	0	-
1216	124.854167	124.938802	Bb4	51	80	0	0	16680	*	3	-
1217	125.003906	125.053385	D4	65	80	0	0	16710	P1-93-2	0	-
1218	125.006510	125.098958	D5	62	80	0	0	16710	*	3	-
1219	125.026042	125.098958	Bb4	58	80	0	0	16710	*	3	-
1220	125.032552	125.098958	F#3	57	80	0	0	16710	P1-93-10	0	-
1221	125.033854	125.039062	Bb2	47	80	0	0	16710	*	3	-
1222	125.165365	125.269531	Eb5	61	80	0	0	16740	*	3	-
1223	125.165365	125.250000	D#4	62	80	0	0	16740	P1-93-3	0	-
1224	125.169271	125.216146	Bb4	61	80	0	0	16740	*	3	-
1225	125.173177	125.250000	F#3	58	80	0	0	16740	P1-93-12	0	-
1226	125.179688	125.329427	Eb3	61	80	0	0	16740	*	3	-
1227	125.347656	125.429688	Bb4	51	80	0	0	16770	*	3	-
1228	125.356771	125.419271	F#3	45	80	0	0	16770	P1-93-14	0	-
1229	125.360677	125.419271	Bb3	50	80	0	0	16770	P1-93-15	0	-
1230	125.360677	125.395833	F#4	35	80	0	0	16770	*	3	-
1231	125.364583	125.419271	Bb2	42	80	0	0	16770	*	3	-
1232	125.527344	125.628906	F#5	69	80	0	0	16800	*	3	-
1233	125.528646	125.609375	F#4	71	80	0	0	16800	P1-94-2	0	-
1234	125.532552	125.576823	F#3	70	80	0	0	16800	P1-94-8	0	-
1235	125.533854	125.549479	A2	62	80	0	0	16800	*	3	-
1236	125.537760	125.576823	D#4	59	80	0	0	16800	P1-94-1	0	-
1237	125.537760	125.583333	D#3	64	80	0	0	16800	P1-94-7	0	-
1238	125.542969	125.549479	C3	57	80	0	0	16800	*	3	-
1239	125.701823	125.742188	F#4	61	80	0	0	16800	*	3	-
1240	125.703125	125.799479	D#3	68	80	0	0	16800	*	3	-
1241	125.703125	125.746094	F#3	63	80	0	0	16800	*	3	-
1242	125.705729	125.769531	D#4	59	80	0	0	16800	*	3	-
1243	125.884115	125.929688	C5	58	80	0	0	16830	*	3	-
1244	125.886719	125.932292	D#3	56	80	0	0	16830	P1-94-9	0	-
1245	125.886719	125.927083	F#3	56	80	0	0	16830	P1-94-10	0	-
1246	125.890625	125.899740	C3	51	80	0	0	16860	P1-94-11	1	-
1247	125.891927	125.949219	F#4	53	80	0	0	16860	P1-94-12	1	-
1248	126.045573	126.139323	F5	64	80	0	0	16890	*	3	-
1249	126.053385	126.084635	F4	62	80	0	0	16890	P1-94-4	0	-
1250	126.053385	126.119792	F#4	62	80	0	0	16890	*	3	-
1251	126.053385	126.059896	Bb2	60	80	0	0	16890	*	3	-
1252	126.054688	126.128906	D5	53	80	0	0	16890	*	3	-
1253	126.054688	126.069010	A2	59	80	0	0	16890	*	3	-
1254	126.057292	126.098958	D#3	69	80	0	0	16890	P1-94-13	0	-
1255	126.061198	126.109375	C3	56	80	0	0	16890	*	3	-
1256	126.062500	126.096354	F#3	60	80	0	0	16890	P1-94-14	0	-
1257	126.063802	126.109375	F3	62	80	0	0	16890	*	3	-
1258	126.204427	126.248698	F#4	67	80	0	0	16920	P1-94-6	0	-
1259	126.207031	126.359375	F#3	67	80	0	0	16920	P1-94-16	0	-
1260	126.209635	126.369792	D#3	68	80	0	0	16920	P1-94-15	0	-
1261	126.210938	126.279948	D#4	59	80	0	0	16920	P1-94-5	0	-
1262	126.216146	126.229167	C3	56	80	0	0	16920	*	3	-
1263	126.216146	126.259115	C5	53	80	0	0	16920	*	3	-
1264	126.567708	126.968750	F#5	77	80	0	0	16980	P1-95-2	0	-
1265	126.574219	126.718750	D#3	70	80	0	0	16980	P1-95-8	0	-
1266	126.575521	126.709635	D#5	67	80	0	0	16980	P1-95-1	0	-
1267	126.578125	126.819010	F#4	63	80	0	0	16980	*	3	-
1268	126.580729	126.829427	Eb4	66	80	0	0	16980	*	3	-
1269	126.584635	126.799479	C3	62	80	0	0	16980	P1-95-7	0	-
1270	126.731771	126.859375	D#3	63	80	0	0	17010	P1-95-10	0	-
1271	126.906250	126.989583	D#3	51	80	0	0	17040	P1-95-12	0	-
1272	126.908854	126.989583	C3	48	80	0	0	17040	P1-95-11	0	-
1273	127.095052	127.128906	Eb5	64	80	0	0	17070	P1-95-3	1	-
1274	127.096354	127.209635	F5	62	80	0	0	17070	P1-95-4	0	-
1275	127.098958	127.259115	C3	61	80	0	0	17070	P1-95-13	0	-
1276	127.101562	127.188802	D#3	61	80	0	0	17070	P1-95-14	0	-
1277	127.243490	127.292969	F#5	68	80	0	0	17100	P1-95-6	0	-
1278	127.250000	127.309896	D#5	64	80	0	0	17100	P1-95-5	0	-
1279	127.265625	127.319010	C3	52	80	0	0	17100	P1-95-15	0	-
1280	127.273438	127.329427	D#3	52	80	0	0	17100	P1-95-16	0	-
1281	127.393229	127.441406	D#3	64	80	0	0	17130	P1-95-18	0	-
1282	127.394531	127.442708	C3	61	80	0	0	17130	P1-95-17	0	-
1283	127.625000	128.039062	C5	74	80	0	0	17160	P1-96-1	0	-
1284	127.626302	127.709635	C4	66	80	0	0	17160	*	3	-
1285	127.631510	127.779948	C3	67	80	0	0	17160	P1-96-8	0	-
1286	127.634115	127.779948	A2	70	80	0	0	17160	P1-96-7	0	-
1287	127.634115	127.729167	F#3	65	80	0	0	17160	*	3	-
1288	127.790365	127.899740	C3	59	80	0	0	17190	P1-96-10	0	-
1289	127.791667	127.959635	A2	62	80	0	0	17190	P1-96-9	0	-
1290	127.964844	128.098958	C3	55	80	0	0	17220	P1-96-12	0	-
1291	127.967448	128.128906	A2	63	80	0	0	17220	P1-96-11	0	-
1292	127.977865	128.019531	F#3	51	80	0	0	17220	*	3	-
1293	128.132812	128.289062	B4	73	80	0	0	17250	P1-96-3	0	-
1294	128.138021	128.279948	C3	60	80	0	0	17250	P1-96-14	0	-
1295	128.140625	128.239583	A2	60	80	0	0	17250	P1-96-13	0	-
1296	128.144531	128.299479	B5	68	80	0	0	17250	P1-96-4	0	-
1297	128.281250	128.326823	C6	75	80	0	0	17280	P1-96-6	0	-
1298	128.281250	128.324219	C5	71	80	0	0	17280	P1-96-5	0	-
1299	128.285156	128.299479	C4	61	80	0	0	17280	*	3	-
1300	128.290365	128.334635	C3	64	80	0	0	17280	P1-96-16	0	-
1301	128.292969	128.341146	A2	68	80	0	0	17280	P1-96-15	0	-
1302	128.471354	128.598958	C3	53	80	0	0	17310	P1-96-18	0	-
1303	128.471354	128.524740	A2	54	80	0	0	17310	P1-96-17	0	-
1304	128.641927	128.789062	F#2	70	80	0	0	17340	P1-97-4	0	-
1305	128.641927	128.809896	A3	81	80	0	0	17340	P1-97-1	0	-
1306	128.644531	128.789062	C3	66	80	0	0	17340	P1-97-6	0	-
1307	128.647135	128.799479	A2	73	80	0	0	17340	P1-97-5	0	-
1308	128.802083	128.979167	F#2	64	80	0	0	17370	P1-97-7	0	-
1309	128.804688	128.989583	C3	62	80	0	0	17370	P1-97-9	0	-
1310	128.805990	128.929688	A2	58	80	0	0	17370	P1-97-8	0	-
1311	128.994792	129.158854	F#2	56	80	0	0	17400	P1-97-10	0	-
1312	128.996094	129.158854	A2	58	80	0	0	17400	P1-97-11	0	-
1313	129.001302	129.158854	C3	55	80	0	0	17400	P1-97-12	0	-
1314	129.166667	129.279948	F#2	60	80	0	0	17430	P1-97-13	0	-
1315	129.169271	129.250000	C3	58	80	0	0	17430	P1-97-15	0	-
1316	129.182292	129.299479	G#3	70	80	0	0	17430	P1-97-2	0	-
1317	129.324219	129.372396	A3	79	80	0	0	17460	P1-97-3	0	-
1318	129.332031	129.369792	Eb3	64	80	0	0	17460	*	3	-
1319	129.335938	129.419271	A2	68	80	0	0	17460	P1-97-17	0	-
1320	129.335938	129.500000	C3	64	80	0	0	17460	P1-97-18	0	-
1321	129.337240	129.438802	F#2	66	80	0	0	17460	P1-97-16	0	-
1322	129.338542	129.378906	F#3	61	80	0	0	17460	*	3	-
1323	129.343750	129.348958	Eb2	61	80	0	0	17460	*	3	-
1324	129.532552	129.669271	F#2	64	80	0	0	17490	P1-97-19	0	-
1325	129.535156	129.649740	C3	57	80	0	0	17490	P1-97-21	0	-
1326	129.536458	129.628906	A2	58	80	0	0	17490	P1-97-20	0	-
1327	129.675781	130.059896	F#5	82	80	0	0	17520	P1-98-1	0	-
1328	129.675781	129.908854	F#6	84	80	0	0	17520	P1-98-2	0	-
1329	129.683594	129.779948	A2	72	80	0	0	17520	P1-98-9	0	-
1330	129.683594	129.688802	C2	72	80	0	0	17520	*	3	-
1331	129.684896	129.779948	C3	67	80	0	0	17520	P1-98-10	0	-
1332	129.684896	129.718750	F#2	69	80	0	0	17520	P1-98-8	0	-
1333	129.694010	129.779948	D#2	64	80	0	0	17520	P1-98-7	0	-
1334	129.826823	129.908854	D#2	67	80	0	0	17550	P1-98-11	0	-
1335	129.832031	129.929688	F#2	65	80	0	0	17550	P1-98-12	0	-
1336	129.832031	129.968750	C3	63	80	0	0	17550	P1-98-14	0	-
1337	129.833333	129.908854	A2	66	80	0	0	17550	P1-98-13	0	-
1338	129.994792	130.046875	A2	61	80	0	0	17580	P1-98-17	0	-
1339	129.994792	130.149740	F#2	67	80	0	0	17580	P1-98-16	0	-
1340	129.997396	130.009115	C2	62	80	0	0	17580	P1-98-15	1	-
1341	129.998698	130.158854	C3	63	80	0	0	17580	P1-98-18	0	-
1342	130.161458	130.203125	F5	73	80	0	0	17610	P1-98-3	0	-
1343	130.162760	130.205729	F#2	74	80	0	0	17610	P1-98-20	0	-
1344	130.162760	130.205729	F6	75	80	0	0	17610	P1-98-4	0	-
1345	130.164062	130.220052	A2	66	80	0	0	17610	P1-98-21	0	-
1346	130.167969	130.239583	C3	65	80	0	0	17610	P1-98-22	0	-
1347	130.170573	130.179688	C2	70	80	0	0	17610	P1-98-19	1	-
1348	130.305990	130.356771	F#6	83	80	0	0	17640	P1-98-6	0	-
1349	130.305990	130.354167	F#5	82	80	0	0	17640	P1-98-5	0	-
1350	130.308594	130.389323	A2	75	80	0	0	17640	P1-98-25	0	-
1351	130.311198	130.389323	F#2	76	80	0	0	17640	P1-98-24	0	-
1352	130.315104	130.329427	C2	73	80	0	0	17640	P1-98-23	1	-
1353	130.315104	130.408854	C3	71	80	0	0	17640	P1-98-26	0	-
1354	130.480469	130.489583	C2	68	80	0	0	17670	*	3	-
1355	130.481771	130.544271	A2	63	80	0	0	17670	P1-98-29	0	-
1356	130.483073	130.554688	C3	64	80	0	0	17670	P1-98-30	0	-
1357	130.483073	130.489583	D2	68	80	0	0	17670	P1-98-27	1	-
1358	130.483073	130.549479	F#2	64	80	0	0	17670	P1-98-28	0	-
1359	130.645833	130.759115	C5	78	80	0	0	17700	P1-99-3	0	-
1360	130.652344	130.658854	F#7	79	80	0	0	17700	*	3	-
1361	130.653646	130.704427	F#2	80	80	0	0	17700	P1-99-11	0	-
1362	130.653646	130.705729	C3	76	80	0	0	17700	P1-99-13	0	-
1363	130.654948	130.658854	D3	78	80	0	0	17700	P1-99-2	1	-
1364	130.654948	130.959635	D2	81	80	0	0	17700	P1-99-10	0	-
1365	130.656250	130.712240	A2	77	80	0	0	17700	P1-99-12	0	-
1366	130.656250	130.699219	F#6	76	80	0	0	17700	*	3	-
1367	130.657552	130.750000	F#5	72	80	0	0	17700	*	3	-
1368	130.660156	130.718750	C2	81	80	0	0	17700	*	3	-
1369	130.664062	130.699219	C6	78	80	0	0	17700	*	3	-
1370	130.824219	130.989583	C3	67	80	0	0	17730	P1-99-17	0	-
1371	130.832031	131.000000	F#2	69	80	0	0	17730	P1-99-15	0	-
1372	130.833333	130.949219	A2	66	80	0	0	17730	P1-99-16	0	-
1373	131.003906	131.079427	C3	67	80	0	0	17760	P1-99-21	0	-
1374	131.003906	131.054688	A2	74	80	0	0	17760	P1-99-20	0	-
1375	131.005208	131.019531	C2	67	80	0	0	17760	*	3	-
1376	131.011719	131.218750	F#2	67	80	0	0	17760	P1-99-19	0	-
1377	131.015625	131.079427	D2	67	80	0	0	17760	P1-99-18	0	-
1378	131.134115	131.250000	B4	79	80	0	0	17790	P1-99-6	0	-
1379	131.135417	131.149740	A1	73	80	0	0	17790	*	3	-
1380	131.136719	131.195312	A2	72	80	0	0	17790	P1-99-24	0	-
1381	131.141927	131.209635	D2	75	80	0	0	17790	P1-99-22	0	-
1382	131.144531	131.191406	A4	75	80	0	0	17790	P1-99-5	0	-
1383	131.145833	131.158854	C2	73	80	0	0	17790	*	3	-
1384	131.147135	131.158854	F#4	64	80	0	0	17790	P1-99-4	0	-
1385	131.285156	131.399740	C3	76	80	0	0	17820	P1-99-29	0	-
1386	131.285156	131.354167	C5	77	80	0	0	17820	P1-99-9	0	-
1387	131.289062	131.369792	C2	81	80	0	0	17820	*	3	-
1388	131.292969	131.346354	A4	76	80	0	0	17820	P1-99-8	0	-
1389	131.292969	131.429688	F#2	78	80	0	0	17820	P1-99-27	0	-
1390	131.294271	131.389323	A2	74	80	0	0	17820	P1-99-28	0	-
1391	131.296875	131.378906	D2	77	80	0	0	17820	P1-99-26	0	-
1392	131.298177	131.378906	F#4	68	80	0	0	17820	P1-99-7	0	-
1393	131.449219	131.579427	C3	68	80	0	0	17850	P1-99-33	0	-
1394	131.453125	131.669271	D2	71	80	0	0	17850	P1-99-30	0	-
1395	131.454427	131.598958	C2	72	80	0	0	17850	*	3	-
1396	131.459635	131.579427	A2	68	80	0	0	17850	P1-99-32	0	-
1397	131.611979	131.619792	G#5	77	80	0	0	17880	*	3	-
1398	131.617188	131.859375	B4	76	80	0	0	17880	P1-100-3	0	-
1399	131.622396	131.878906	F5	72	80	0	0	17880	*	3	-
1400	131.623698	131.789062	G1	80	80	0	0	17880	P1-100-11	0	-
1401	131.625000	131.718750	G2	76	80	0	0	17880	P1-100-12	0	-
1402	131.634115	131.829427	F4	62	80	0	0	17880	P1-100-1	0	-
1403	131.796875	132.000000	G2	66	80	0	0	17910	P1-100-14	0	-
1404	131.798177	132.688802	G1	69	80	0	0	17910	P1-100-13	0	-
1405	132.006510	132.259115	G2	62	80	0	0	17940	P1-100-16	0	-
1406	132.194010	132.253906	F5	61	80	0	0	17970	P1-100-7	0	-
1407	132.199219	132.251302	B4	58	80	0	0	17970	P1-100-6	0	-
1408	132.199219	132.253906	G#4	58	80	0	0	17970	P1-100-5	0	-
1409	132.355469	132.430990	E5	61	80	0	0	18000	P1-100-10	0	-
1410	132.364583	132.416667	C5	64	80	0	0	18000	P1-100-9	0	-
1411	132.371094	132.434896	G4	49	80	0	0	18000	P1-100-8	0	-
1412	132.714844	133.149740	D#5	58	80	0	0	18060	P1-101-3	0	-
1413	132.720052	132.949219	A4	57	80	0	0	18060	P1-101-2	0	-
1414	132.734375	132.881510	F#4	46	80	0	0	18060	P1-101-1	0	-
1415	132.898438	133.019531	G2	50	80	0	0	18090	P1-101-13	0	-
1416	132.902344	133.069010	G1	50	80	0	0	18090	P1-101-12	0	-
1417	133.083333	133.250000	G2	51	80	0	0	18120	P1-101-15	0	-
1418	133.084635	133.229167	G1	51	80	0	0	18120	P1-101-14	0	-
1419	133.274740	133.328125	D#5	58	80	0	0	18150	P1-101-7	0	-
1420	133.282552	133.337240	A4	52	80	0	0	18150	P1-101-6	0	-
1421	133.285156	133.335938	F#4	40	80	0	0	18150	P1-101-5	0	-
1422	133.444010	133.609375	D5	58	80	0	0	18180	P1-101-10	0	-
1423	133.460938	133.598958	B4	53	80	0	0	18180	P1-101-9	0	-
1424	133.464844	133.593750	F4	41	80	0	0	18180	P1-101-8	0	-
1425	133.804688	134.378906	E5	51	80	0	0	18240	*	3	-
1426	133.804688	134.229167	C#5	55	80	0	0	18240	P1-102-3	0	-
1427	133.833333	134.179688	G4	33	80	0	0	18240	P1-102-2	0	-
1428	133.835938	133.975260	E4	32	80	0	0	18240	P1-102-1	0	-
1429	133.984375	134.062500	G2	46	80	0	0	18270	P1-102-13	0	-
1430	134.170573	134.329427	G2	46	80	0	0	18300	P1-102-15	0	-
1431	134.337240	134.384115	C5	59	80	0	0	18330	P1-102-7	0	-
1432	134.358073	134.479167	G4	42	80	0	0	18330	P1-102-6	0	-
1433	134.376302	134.489583	D#4	35	80	0	0	18330	P1-102-5	0	-
1434	134.514323	134.649740	B4	53	80	0	0	18360	P1-102-10	0	-
1435	134.536458	134.658854	D5	36	80	0	0	18360	*	3	-
1436	134.553385	134.628906	D4	27	80	0	0	18360	P1-102-8	0	-
1437	134.585938	134.809896	G4	25	80	0	0	18360	P1-102-9	0	-
1438	134.908854	135.119792	Bb4	53	80	0	0	18420	P1-103-3	0	-
1439	134.914062	135.239583	C#5	44	80	0	0	18420	*	3	-
1440	134.934896	135.019531	E4	35	80	0	0	18420	P1-103-2	0	-
1441	134.941406	135.026042	C#4	32	80	0	0	18420	P1-103-1	0	-
1442	135.067708	135.134115	G2	43	80	0	0	18450	P1-103-12	0	-
1443	135.071615	135.149740	G3	42	80	0	0	18450	*	3	-
1444	135.282552	135.333333	A4	51	80	0	0	18480	P1-103-6	0	-
1445	135.315104	135.399740	E4	32	80	0	0	18480	P1-103-5	0	-
1446	135.325521	135.408854	C4	25	80	0	0	18480	P1-103-4	0	-
1447	135.453125	135.549479	G2	47	80	0	0	18510	P1-103-15	0	-
1448	135.636719	135.759115	G#4	53	80	0	0	18540	P1-103-9	0	-
1449	135.640625	136.089844	Eb5	44	80	0	0	18540	*	3	-
1450	135.664062	135.878906	D#4	33	80	0	0	18540	P1-103-8	0	-
1451	135.678385	135.750000	C4	22	80	0	0	18540	P1-103-7	0	-
1452	135.812500	135.864583	G2	52	80	0	0	18570	P1-103-18	0	-
1453	135.847656	135.949219	G1	44	80	0	0	18570	P1-103-17	0	-
1454	135.996094	136.057292	G4	54	80	0	0	18600	P1-104-1	0	-
1455	136.201823	136.252604	G2	58	80	0	0	18630	P1-104-6	0	-
1456	136.204427	136.252604	G1	59	80	0	0	18630	P1-104-5	0	-
1457	136.356771	136.579427	F#4	62	80	0	0	18660	P1-104-2	0	-
1458	136.533854	136.729167	A2	67	80	0	0	18690	P1-104-9	0	-
1459	136.545573	136.729167	A1	63	80	0	0	18690	P1-104-8	0	-
1460	136.696615	136.839844	F4	64	80	0	0	18720	P1-104-3	0	-
1461	136.700521	136.709635	F5	68	80	0	0	18720	*	3	-
1462	136.873698	136.946615	B2	74	80	0	0	18750	P1-104-12	0	-
1463	136.884115	137.019531	B1	70	80	0	0	18750	P1-104-11	0	-
1464	137.035156	137.149740	E5	70	80	0	0	18780	*	3	-
1465	137.037760	137.218750	E4	70	80	0	0	18780	P1-105-1	0	-
1466	137.213542	137.319010	C3	79	80	0	0	18810	P1-105-6	0	-
1467	137.222656	137.419271	C2	76	80	0	0	18810	P1-105-5	0	-
1468	137.376302	137.500000	Eb5	70	80	0	0	18840	*	3	-
1469	137.378906	137.567708	D#4	76	80	0	0	18840	P1-105-2	0	-
1470	137.552083	137.729167	C#3	79	80	0	0	18870	P1-105-9	0	-
1471	137.558594	137.750000	C#2	74	80	0	0	18870	P1-105-8	0	-
1472	137.721354	137.809896	D5	69	80	0	0	18900	*	3	-
1473	137.722656	137.789062	D4	72	80	0	0	18900	P1-105-3	0	-
1474	137.902344	138.079427	D3	76	80	0	0	18930	P1-105-12	0	-
1475	137.911458	138.079427	D2	67	80	0	0	18930	P1-105-11	0	-
1476	138.074219	138.188802	C#5	59	80	0	0	18960	*	3	-
1477	138.076823	138.157552	C#4	61	80	0	0	18960	P1-106-1	0	-
1478	138.261719	138.359375	D#3	74	80	0	0	18990	P1-106-6	0	-
1479	138.292969	138.339844	D#2	47	80	0	0	18990	P1-106-5	0	-
1480	138.444010	138.589844	C5	60	80	0	0	19020	*	3	-
1481	138.445312	138.566406	C4	57	80	0	0	19020	P1-106-2	0	-
1482	138.613281	138.819010	E3	58	80	0	0	19050	P1-106-9	0	-
1483	138.811198	138.929688	B3	55	80	0	0	19080	P1-106-3	0	-
1484	139.001302	139.154948	F3	49	80	0	0	19110	P1-106-12	0	-
1485	139.167969	139.316406	Bb3	55	80	0	0	19140	P1-107-1	0	-
1486	139.355469	139.369792	C#5	45	80	0	0	19170	*	3	-
1487	139.355469	139.609375	F#3	40	80	0	0	19170	P1-107-6	0	-
1488	139.356771	139.549479	F#2	41	80	0	0	19170	P1-107-5	0	-
1489	139.561198	139.679688	A3	43	80	0	0	19200	P1-107-2	0	-
1490	139.770833	140.029948	G3	40	80	0	0	19230	P1-107-9	0	-
1491	139.990885	140.229167	G#3	34	80	0	0	19260	P1-107-3	0	-
1492	140.214844	140.479167	G3	28	80	0	0	19290	P1-107-12	0	-
1493	140.476562	140.688802	G#3	34	80	0	0	19320	P1-108-1	0	-
1494	140.765625	141.309896	G3	32	80	0	0	19350	P1-108-2	0	-
1495	141.125000	141.688802	G4	38	80	0	0	19380	P1-108-3	0	-
1496	142.684896	143.250000	F4	22	80	0	0	19500	P1-109-3	0	-
1497	144.497396	146.000000	G4	42	80	0	0	19620	P1-109-2	0	-
1498	144.550781	144.829427	B3	20	80	0	0	19620	P1-109-4	0	-
1499	144.558594	144.878906	F4	20	80	0	0	19620	P1-109-5	0	-
1500	145.014323	145.218750	C5	31	80	0	0	19680	*	3	-
1501	145.015625	145.309896	C4	26	80	0	0	19680	P1-110-4	0	-
1502	145.022135	145.218750	F4	20	80	0	0	19680	P1-110-5	1	-
1503	145.464844	146.319010	C5	52	80	0	0	19740	P1-110-2	0	-
1504	145.502604	145.979167	C4	33	80	0	0	19740	P1-110-6	0	-
1505	145.894531	146.333333	A4	50	80	0	0	19800	P1-110-3	0	-
1506	145.904948	146.339844	C#4	36	80	0	0	19800	P1-110-7	0	-
1507	145.936198	146.128906	E4	24	80	0	0	19800	*	3	-
1508	146.303385	146.809896	G5	47	80	0	0	19860	*	3	-
1509	146.304688	147.309896	G4	42	80	0	0	19860	P1-111-1	0	-
1510	146.343750	146.989583	D4	32	80	0	0	19860	P1-111-4	0	-
1511	146.736979	147.149740	F5	57	80	0	0	19920	*	3	-
1512	146.740885	146.989583	F4	53	80	0	0	19920	P1-111-2	0	-
1513	146.750000	147.239583	A3	43	80	0	0	19920	P1-111-5	0	-
1514	147.164062	147.569010	Bb3	50	80	0	0	19980	P1-111-6	0	-
1515	147.164062	148.000000	F4	39	80	0	0	19980	P1-111-3	0	-
1516	147.221354	147.459635	D4	27	80	0	0	19980	*	3	-
1517	147.566406	148.009115	B3	49	80	0	0	20040	P1-112-4	0	-
1518	147.955729	149.209635	D5	45	80	0	0	20100	P1-112-2	0	-
1519	147.958333	148.549479	G3	38	80	0	0	20100	P1-112-5	0	-
1520	148.013021	148.092448	F4	22	80	0	0	20160	*	3	-
1521	148.022135	148.128906	B3	34	80	0	0	20160	*	3	-
1522	148.377604	148.899740	D4	34	80	0	0	20160	P1-112-6	0	-
1523	148.377604	148.929688	F4	38	80	0	0	20160	P1-112-3	0	-
1524	148.795573	149.119792	C#5	34	80	0	0	20220	*	3	-
1525	148.805990	149.019531	C#4	31	80	0	0	20220	P1-113-7	0	-
1526	148.998698	149.158854	F4	24	80	0	0	20280	*	3	-
1527	149.170573	149.408854	E5	47	80	0	0	20280	*	3	-
1528	149.173177	149.429688	E4	42	80	0	0	20280	P1-113-2	0	-
1529	149.190104	149.329427	C4	37	80	0	0	20280	P1-113-8	0	-
1530	149.554688	150.019531	Bb3	44	80	0	0	20340	P1-113-12	0	-
1531	149.582031	149.589844	G3	35	80	0	0	20340	*	3	-
1532	149.605469	149.718750	C5	48	80	0	0	20340	*	3	-
1533	149.614583	150.109375	C4	44	80	0	0	20340	P1-113-9	0	-
1534	149.644531	150.009115	E4	31	80	0	0	20340	P1-113-3	0	-
1535	149.708333	149.787760	G4	38	80	0	0	20355	P1-113-4	0	-
1536	149.830729	149.884115	C5	45	80	0	0	20370	P1-113-5	0	-
1537	149.920573	149.984375	E5	53	80	0	0	20385	P1-113-6	0	-
1538	149.990885	150.619792	A3	39	80	0	0	20400	P1-114-13	0	-
1539	149.998698	150.139323	F5	48	80	0	0	20400	P1-114-1	0	-
1540	150.097656	150.162760	C5	51	80	0	0	20415	P1-114-2	0	-
1541	150.173177	150.214844	A4	49	80	0	0	20430	P1-114-3	0	-
1542	150.248698	150.339844	F4	47	80	0	0	20445	P1-114-4	0	-
1543	150.324219	150.549479	F3	48	80	0	0	20460	P1-114-15	0	-
1544	150.330729	150.397135	A4	64	80	0	0	20460	P1-114-5	0	-
1545	150.350260	150.468750	F4	54	80	0	0	20460	P1-114-16	0	-
1546	150.462240	150.527344	C5	59	80	0	0	20475	P1-114-6	0	-
1547	150.562500	150.630208	F5	59	80	0	0	20490	P1-114-7	0	-
1548	150.636719	150.718750	A5	59	80	0	0	20505	P1-114-8	0	-
1549	150.714844	151.157552	D4	58	80	0	0	20520	P1-114-18	0	-
1550	150.729167	150.848958	A5	59	80	0	0	20520	P1-114-9	0	-
1551	150.751302	151.039062	F#3	45	80	0	0	20520	P1-114-17	0	-
1552	150.864583	150.979167	D5	51	80	0	0	20535	P1-114-10	0	-
1553	150.959635	151.039062	A5	56	80	0	0	20550	P1-114-11	0	-
1554	151.045573	151.139323	A5	51	80	0	0	20550	*	3	-
1555	151.053385	151.100260	D6	52	80	0	0	20565	P1-114-12	0	-
1556	151.113281	151.174479	C4	52	80	0	0	20580	P1-115-17	0	-
1557	151.153646	151.269531	A5	47	80	0	0	20580	P1-115-1	0	-
1558	151.156250	151.289062	G3	41	80	0	0	20580	P1-115-16	0	-
1559	151.240885	151.552083	C4	54	80	0	0	20580	*	3	-
1560	151.417969	151.539062	Bb5	55	80	0	0	20610	P1-115-3	1	-
1561	151.518229	151.809896	Bb3	57	80	0	0	20640	P1-115-19	0	-
1562	151.542969	151.899740	D3	42	80	0	0	20640	P1-115-18	0	-
1563	151.545573	151.649740	G5	53	80	0	0	20640	P1-115-5	0	-
1564	151.644531	151.713542	D5	44	80	0	0	20655	P1-115-6	0	-
1565	151.753906	151.813802	G5	55	80	0	0	20670	P1-115-7	0	-
1566	151.835938	151.911458	Bb5	57	80	0	0	20685	P1-115-8	0	-
1567	151.923177	151.929688	F3	44	80	0	0	20700	P1-115-20	0	-
1568	151.927083	151.993490	Bb3	68	80	0	0	20700	P1-115-15	0	-
1569	151.940104	152.015625	G5	62	80	0	0	20700	P1-115-9	0	-
1570	152.050781	152.125000	C#5	56	80	0	0	20715	P1-115-10	0	-
1571	152.052083	152.899740	Bb3	62	80	0	0	20715	*	3	-
1572	152.135417	152.250000	G5	65	80	0	0	20730	P1-115-11	0	-
1573	152.251302	152.295573	Bb5	60	80	0	0	20745	P1-115-12	0	-
1574	152.287760	152.649740	E3	49	80	0	0	20760	P1-116-16	0	-
1575	152.334635	152.385417	G5	60	80	0	0	20760	P1-116-1	0	-
1576	152.434896	152.500000	C5	54	80	0	0	20775	P1-116-2	0	-
1577	152.502604	152.609375	G5	55	80	0	0	20790	P1-116-3	0	-
1578	152.604167	152.651042	Bb5	64	80	0	0	20805	P1-116-4	0	-
1579	152.703125	152.809896	G4	59	80	0	0	20820	P1-116-17	0	-
1580	152.725260	152.829427	E5	56	80	0	0	20820	P1-116-5	0	-
1581	152.835938	152.919271	C5	52	80	0	0	20835	P1-116-6	0	-
1582	152.954427	153.014323	E5	54	80	0	0	20850	P1-116-7	0	-
1583	153.069010	153.115885	G5	59	80	0	0	20865	P1-116-8	0	-
1584	153.151042	153.269531	Bb3	53	80	0	0	20880	P1-116-15	0	-
1585	153.234375	153.289062	C3	49	80	0	0	20880	P1-116-18	0	-
1586	153.283854	153.489583	Bb3	56	80	0	0	20880	*	3	-
1587	153.289062	153.363281	E5	55	80	0	0	20895	P1-116-10	0	-
1588	153.395833	153.453125	G5	53	80	0	0	20910	P1-116-11	0	-
1589	153.483073	153.579427	C6	59	80	0	0	20925	P1-116-12	0	-
1590	153.526042	153.989583	F3	43	80	0	0	20940	P1-117-16	0	-
1591	153.532552	153.829427	Bb3	45	80	0	0	20940	*	3	-
1592	153.576823	153.617188	G5	57	80	0	0	20940	P1-117-1	0	-
1593	153.671875	153.769531	E5	56	80	0	0	20955	P1-117-2	0	-
1594	153.763021	153.805990	G5	56	80	0	0	20970	P1-117-3	0	-
1595	153.834635	153.949219	C6	57	80	0	0	20985	P1-117-4	0	-
1596	153.954427	154.079427	A5	57	80	0	0	21000	P1-117-5	0	-
1597	153.984375	154.169271	A3	53	80	0	0	21000	P1-117-18	0	-
1598	154.062500	154.209635	F5	50	80	0	0	21015	P1-117-6	0	-
1599	154.182292	154.250000	A5	59	80	0	0	21030	P1-117-7	0	-
1600	154.261719	154.308594	A5	53	80	0	0	21030	*	3	-
1601	154.319010	154.429688	C6	53	80	0	0	21045	P1-117-8	0	-
1602	154.473958	154.718750	A2	62	80	0	0	21060	P1-117-19	0	-
1603	154.476562	154.639323	A5	55	80	0	0	21060	P1-117-9	0	-
1604	154.595052	154.699219	F5	44	80	0	0	21075	P1-117-10	0	-
1605	154.717448	154.789062	A5	55	80	0	0	21090	P1-117-11	0	-
1606	154.796875	154.889323	A5	57	80	0	0	21090	*	3	-
1607	154.825521	154.989583	A2	40	80	0	0	21105	P1-117-12	1	-
1608	154.897135	154.941406	A5	62	80	0	0	21120	P1-118-1	0	-
1609	154.994792	155.079427	F5	52	80	0	0	21135	P1-118-2	0	-
1610	154.994792	155.649740	A2	48	80	0	0	21135	*	3	-
1611	155.083333	155.149740	A5	58	80	0	0	21150	P1-118-3	0	-
1612	155.157552	155.239583	D6	60	80	0	0	21165	P1-118-4	0	-
1613	155.160156	155.259115	A5	53	80	0	0	21180	*	3	-
1614	155.268229	155.348958	A5	60	80	0	0	21180	P1-118-5	0	-
1615	155.360677	155.389323	A5	54	80	0	0	21180	*	3	-
1616	155.372396	155.468750	F5	59	80	0	0	21195	P1-118-6	0	-
1617	155.451823	155.579427	A5	64	80	0	0	21210	P1-118-7	0	-
1618	155.562500	155.615885	D6	64	80	0	0	21225	P1-118-8	0	-
1619	155.647135	156.000000	Bb2	65	80	0	0	21240	P1-118-16	0	-
1620	155.664062	155.714844	Bb5	71	80	0	0	21240	P1-118-9	0	-
1621	155.757812	155.859375	F5	55	80	0	0	21255	P1-118-10	1	-
1622	155.861979	155.959635	Bb5	62	80	0	0	21270	P1-118-11	0	-
1623	155.962240	156.022135	D6	66	80	0	0	21285	P1-118-12	0	-
1624	156.026042	156.429688	A2	67	80	0	0	21300	P1-119-13	0	-
1625	156.063802	156.123698	B5	56	80	0	0	21300	P1-119-1	0	-
1626	156.153646	156.269531	F5	58	80	0	0	21315	P1-119-2	0	-
1627	156.278646	156.334635	B5	54	80	0	0	21330	P1-119-3	0	-
1628	156.375000	156.479167	D6	56	80	0	0	21345	P1-119-4	0	-
1629	156.457031	156.649740	G#2	64	80	0	0	21360	P1-119-14	0	-
1630	156.500000	156.554688	B5	56	80	0	0	21360	P1-119-5	0	-
1631	156.572917	156.627604	E5	62	80	0	0	21375	P1-119-6	0	-
1632	156.664062	156.716146	G#2	55	80	0	0	21390	*	3	-
1633	156.674479	156.726562	B5	59	80	0	0	21390	P1-119-7	0	-
1634	156.748698	156.848958	D6	62	80	0	0	21405	P1-119-8	0	-
1635	156.839844	156.902344	B5	62	80	0	0	21420	P1-119-9	0	-
1636	156.842448	157.109375	G#2	57	80	0	0	21420	P1-119-15	0	-
1637	156.932292	156.985677	E5	60	80	0	0	21435	P1-119-10	0	-
1638	157.037760	157.104167	B5	65	80	0	0	21450	P1-119-11	0	-
1639	157.132812	157.229167	D6	61	80	0	0	21465	P1-119-12	0	-
1640	157.200521	157.579427	G#2	61	80	0	0	21480	P1-120-13	0	-
1641	157.234375	157.295573	B5	66	80	0	0	21480	P1-120-1	0	-
1642	157.316406	157.375000	E5	62	80	0	0	21495	P1-120-2	0	-
1643	157.419271	157.486979	B5	69	80	0	0	21510	P1-120-3	0	-
1644	157.513021	157.578125	D6	65	80	0	0	21525	P1-120-4	0	-
1645	157.601562	157.949219	E3	61	80	0	0	21540	P1-120-14	0	-
1646	157.605469	157.679688	B5	66	80	0	0	21540	P1-120-5	0	-
1647	157.695312	157.765625	E5	64	80	0	0	21555	P1-120-6	0	-
1648	157.807292	157.880208	B5	62	80	0	0	21570	P1-120-7	0	-
1649	157.911458	157.963542	D6	61	80	0	0	21585	P1-120-8	0	-
1650	158.000000	158.074219	B5	65	80	0	0	21600	P1-120-9	0	-
1651	158.023438	158.369792	E3	50	80	0	0	21600	*	3	-
1652	158.028646	158.279948	G#2	45	80	0	0	21600	P1-120-15	0	-
1653	158.097656	158.209635	E5	59	80	0	0	21615	P1-120-10	0	-
1654	158.210938	158.273438	B5	59	80	0	0	21630	P1-120-11	0	-
1655	158.307292	158.356771	D6	59	80	0	0	21645	P1-120-12	0	-
1656	158.403646	158.609375	A2	49	80	0	0	21660	P1-121-13	0	-
1657	158.403646	158.464844	B5	65	80	0	0	21660	P1-121-1	0	-
1658	158.484375	158.546875	E5	59	80	0	0	21675	P1-121-2	0	-
1659	158.578125	158.653646	B5	65	80	0	0	21690	P1-121-3	0	-
1660	158.667969	158.730469	C6	65	80	0	0	21705	P1-121-4	0	-
1661	158.764323	158.869792	A5	71	80	0	0	21720	P1-121-5	0	-
1662	158.765625	159.539062	E3	71	80	0	0	21720	P1-121-14	0	-
1663	158.847656	158.917969	E5	61	80	0	0	21735	P1-121-6	0	-
1664	158.958333	159.027344	A5	70	80	0	0	21750	P1-121-7	0	-
1665	159.063802	159.136719	C6	64	80	0	0	21765	P1-121-8	0	-
1666	159.156250	159.239583	A5	69	80	0	0	21780	P1-121-9	0	-
1667	159.162760	159.509115	A2	54	80	0	0	21780	P1-121-15	0	-
1668	159.244792	159.312500	E5	59	80	0	0	21795	P1-121-10	0	-
1669	159.348958	159.404948	A5	65	80	0	0	21810	P1-121-11	0	-
1670	159.437500	159.518229	C6	65	80	0	0	21825	P1-121-12	0	-
1671	159.533854	159.592448	A5	71	80	0	0	21840	P1-122-1	0	-
1672	159.561198	159.878906	B2	57	80	0	0	21840	P1-122-13	0	-
1673	159.631510	159.695312	D5	54	80	0	0	21855	P1-122-2	0	-
1674	159.721354	159.785156	A5	69	80	0	0	21870	P1-122-3	0	-
1675	159.819010	159.903646	B5	71	80	0	0	21885	P1-122-4	0	-
1676	159.914062	159.989583	G#5	69	80	0	0	21900	P1-122-5	0	-
1677	159.925781	160.188802	E3	67	80	0	0	21900	P1-122-14	0	-
1678	159.925781	159.973958	E5	57	80	0	0	21900	*	3	-
1679	159.994792	160.149740	D5	60	80	0	0	21915	P1-122-6	0	-
1680	160.093750	160.156250	G#5	68	80	0	0	21930	P1-122-7	0	-
1681	160.097656	160.158854	E5	53	80	0	0	21930	*	3	-
1682	160.209635	160.286458	B5	66	80	0	0	21945	P1-122-8	0	-
1683	160.303385	160.354167	G#5	68	80	0	0	21960	P1-122-9	0	-
1684	160.307292	160.669271	B2	59	80	0	0	21960	P1-122-15	0	-
1685	160.312500	160.639323	E3	58	80	0	0	21960	*	3	-
1686	160.404948	160.479167	D5	63	80	0	0	21975	P1-122-10	0	-
1687	160.516927	160.565104	G#5	67	80	0	0	21990	P1-122-11	0	-
1688	160.625000	160.692708	B5	64	80	0	0	22005	P1-122-12	0	-
1689	160.699219	160.959635	C3	60	80	0	0	22020	P1-123-13	0	-
1690	160.703125	160.709635	C4	60	80	0	0	22020	*	3	-
1691	160.704427	160.889323	E3	57	80	0	0	22020	*	3	-
1692	160.704427	160.760417	G#5	65	80	0	0	22020	P1-123-1	0	-
1693	160.791667	160.838542	C5	64	80	0	0	22035	P1-123-2	0	-
1694	160.895833	160.979167	G#5	67	80	0	0	22050	P1-123-3	0	-
1695	160.975260	161.037760	B5	66	80	0	0	22065	P1-123-4	0	-
1696	161.040365	161.109375	G#5	70	80	0	0	22080	P1-123-5	0	-
1697	161.049479	161.438802	E3	68	80	0	0	22080	P1-123-14	0	-
1698	161.072917	161.209635	C3	59	80	0	0	22080	*	3	-
1699	161.135417	161.200521	A5	74	80	0	0	22095	P1-123-6	0	-
1700	161.235677	161.282552	C5	65	80	0	0	22110	P1-123-7	0	-
1701	161.334635	161.390625	A5	68	80	0	0	22125	P1-123-8	0	-
1702	161.414062	161.464844	G#5	64	80	0	0	22140	P1-123-9	0	-
1703	161.445312	161.639323	C3	53	80	0	0	22140	P1-123-15	0	-
1704	161.447917	161.819010	E3	50	80	0	0	22140	*	3	-
1705	161.501302	161.553385	A5	66	80	0	0	22155	P1-123-10	0	-
1706	161.582031	161.634115	C5	67	80	0	0	22170	P1-123-11	0	-
1707	161.661458	161.750000	A5	69	80	0	0	22185	P1-123-12	0	-
1708	161.759115	161.855469	A5	68	80	0	0	22200	P1-124-1	0	-
1709	161.795573	162.359375	Eb3	59	80	0	0	22200	P1-124-13	0	-
1710	161.882812	161.933594	B4	63	80	0	0	22215	P1-124-2	0	-
1711	161.954427	162.022135	A5	71	80	0	0	22230	P1-124-3	0	-
1712	162.041667	162.126302	B5	69	80	0	0	22245	P1-124-4	0	-
1713	162.128906	162.209635	A5	67	80	0	0	22260	P1-124-5	0	-
1714	162.134115	162.348958	B3	73	80	0	0	22260	P1-124-14	0	-
1715	162.251302	162.308594	B4	67	80	0	0	22275	P1-124-6	0	-
1716	162.345052	162.424479	A5	64	80	0	0	22290	P1-124-7	0	-
1717	162.455729	162.532552	B5	67	80	0	0	22305	P1-124-8	0	-
1718	162.550781	162.625000	A5	70	80	0	0	22320	P1-124-9	0	-
1719	162.563802	162.819010	Eb3	56	80	0	0	22320	P1-124-15	0	-
1720	162.652344	162.714844	B4	68	80	0	0	22335	P1-124-10	0	-
1721	162.746094	162.819010	A5	69	80	0	0	22350	P1-124-11	0	-
1722	162.830729	162.908854	A5	64	80	0	0	22350	*	3	-
1723	162.833333	162.899740	B5	63	80	0	0	22365	P1-124-12	0	-
1724	162.911458	163.049479	E3	57	80	0	0	22380	P1-125-13	0	-
1725	162.914062	162.988281	A5	66	80	0	0	22380	P1-125-1	0	-
1726	163.018229	163.066406	B4	65	80	0	0	22395	P1-125-2	0	-
1727	163.113281	163.179688	A5	64	80	0	0	22410	P1-125-3	0	-
1728	163.192708	163.261719	B5	68	80	0	0	22425	P1-125-4	0	-
1729	163.194010	163.259115	A5	66	80	0	0	22440	*	3	-
1730	163.264323	163.509115	C4	65	80	0	0	22440	P1-125-14	0	-
1731	163.264323	163.438802	E3	52	80	0	0	22440	*	3	-
1732	163.268229	163.369792	A5	68	80	0	0	22440	P1-125-5	0	-
1733	163.373698	163.440104	B4	65	80	0	0	22455	P1-125-6	0	-
1734	163.476562	163.559896	A5	65	80	0	0	22470	P1-125-7	0	-
1735	163.566406	163.628906	A5	63	80	0	0	22470	*	3	-
1736	163.570312	163.621094	B5	67	80	0	0	22485	P1-125-8	0	-
1737	163.653646	163.716146	A5	60	80	0	0	22500	P1-125-9	0	-
1738	163.661458	163.908854	E3	52	80	0	0	22500	P1-125-15	0	-
1739	163.747396	163.805990	B4	65	80	0	0	22515	P1-125-10	0	-
1740	163.848958	163.959635	A5	63	80	0	0	22530	P1-125-11	0	-
1741	163.934896	163.986979	B5	62	80	0	0	22545	P1-125-12	0	-
1742	164.009115	164.149740	F#3	60	80	0	0	22560	P1-126-13	0	-
1743	164.011719	164.088542	A5	69	80	0	0	22560	P1-126-1	0	-
1744	164.111979	164.154948	B4	60	80	0	0	22575	P1-126-2	0	-
1745	164.204427	164.309896	A5	58	80	0	0	22590	P1-126-3	0	-
1746	164.291667	164.355469	B5	64	80	0	0	22605	P1-126-4	0	-
1747	164.364583	164.449219	A5	71	80	0	0	22620	P1-126-5	0	-
1748	164.372396	164.779948	Eb4	67	80	0	0	22620	P1-126-14	0	-
1749	164.459635	164.549479	A5	61	80	0	0	22620	*	3	-
1750	164.462240	164.628906	B4	67	80	0	0	22635	P1-126-6	0	-
1751	164.562500	164.739583	A5	65	80	0	0	22650	P1-126-7	0	-
1752	164.661458	164.726562	B5	60	80	0	0	22665	P1-126-8	0	-
1753	164.744792	164.859375	A5	68	80	0	0	22680	P1-126-9	0	-
1754	164.774740	165.128906	F#3	60	80	0	0	22680	P1-126-15	0	-
1755	164.834635	165.000000	B4	63	80	0	0	22695	P1-126-10	0	-
1756	164.843750	165.209635	Eb4	55	80	0	0	22695	*	3	-
1757	164.871094	164.979167	A5	60	80	0	0	22710	*	3	-
1758	164.985677	165.029948	A5	58	80	0	0	22710	P1-126-11	0	-
1759	164.988281	165.071615	B5	59	80	0	0	22725	P1-126-12	0	-
1760	165.070312	165.115885	G5	65	80	0	0	22740	P1-127-1	0	-
1761	165.114583	165.199219	G3	58	80	0	0	22740	P1-127-13	0	-
1762	165.156250	165.210938	B4	63	80	0	0	22755	P1-127-2	0	-
1763	165.240885	165.295573	G5	60	80	0	0	22770	P1-127-3	0	-
1764	165.343750	165.445312	B5	68	80	0	0	22785	P1-127-4	0	-
1765	165.427083	165.509115	G5	62	80	0	0	22800	P1-127-5	0	-
1766	165.459635	165.589844	E5	66	80	0	0	22800	*	3	-
1767	165.505208	166.019531	E4	57	80	0	0	22800	P1-127-14	0	-
1768	165.514323	165.649740	B4	63	80	0	0	22815	P1-127-6	0	-
1769	165.601562	165.686198	G5	61	80	0	0	22830	P1-127-7	0	-
1770	165.704427	165.809896	B5	62	80	0	0	22845	P1-127-8	0	-
1771	165.820312	165.959635	G3	62	80	0	0	22860	P1-127-15	0	-
1772	165.824219	165.872396	B5	59	80	0	0	22860	P1-127-9	0	-
1773	165.894531	165.989583	E5	59	80	0	0	22875	P1-127-10	0	-
1774	165.903646	165.945312	F5	61	80	0	0	22875	*	3	-
1775	165.984375	166.052083	B5	59	80	0	0	22890	P1-127-11	0	-
1776	166.080729	166.153646	E6	68	80	0	0	22905	P1-127-12	0	-
1777	166.169271	166.289062	A3	65	80	0	0	22920	P1-128-13	0	-
1778	166.174479	166.242188	C6	67	80	0	0	22920	P1-128-1	0	-
1779	166.269531	166.333333	E5	61	80	0	0	22935	P1-128-2	0	-
1780	166.373698	166.434896	C6	59	80	0	0	22950	P1-128-3	0	-
1781	166.454427	166.527344	E6	68	80	0	0	22965	P1-128-4	0	-
1782	166.460938	166.559896	A3	51	80	0	0	22980	*	3	-
1783	166.526042	166.688802	F#5	72	80	0	0	22980	*	3	-
1784	166.531250	166.604167	C6	75	80	0	0	22980	P1-128-5	0	-
1785	166.536458	166.848958	F#4	73	80	0	0	22980	P1-128-14	0	-
1786	166.645833	166.789062	E5	60	80	0	0	22995	P1-128-6	0	-
1787	166.752604	166.821615	C6	61	80	0	0	23010	P1-128-7	0	-
1788	166.854167	166.949219	E6	62	80	0	0	23025	P1-128-8	0	-
1789	166.932292	166.975260	C6	69	80	0	0	23040	P1-128-9	0	-
1790	166.954427	167.055990	A3	63	80	0	0	23040	P1-128-15	0	-
1791	167.003906	167.199219	F#4	54	80	0	0	23055	*	3	-
1792	167.010417	167.069010	E5	60	80	0	0	23055	P1-128-10	0	-
1793	167.084635	167.152344	C6	67	80	0	0	23070	P1-128-11	0	-
1794	167.180990	167.268229	E6	67	80	0	0	23085	P1-128-12	0	-
1795	167.273438	167.356771	C#6	66	80	0	0	23100	P1-129-1	0	-
1796	167.274740	168.079427	Bb3	76	80	0	0	23100	P1-129-13	0	-
1797	167.365885	167.444010	G5	61	80	0	0	23115	P1-129-2	0	-
1798	167.470052	167.545573	C#6	65	80	0	0	23130	P1-129-3	0	-
1799	167.566406	167.653646	E6	66	80	0	0	23145	P1-129-4	0	-
1800	167.656250	168.329427	G4	73	80	0	0	23160	P1-129-14	0	-
1801	167.660156	167.752604	C#6	69	80	0	0	23160	P1-129-5	0	-
1802	167.669271	167.759115	E5	57	80	0	0	23160	*	3	-
1803	167.774740	167.855469	G5	65	80	0	0	23175	P1-129-6	0	-
1804	167.893229	167.983073	C#6	71	80	0	0	23190	P1-129-7	0	-
1805	168.005208	168.078125	E6	67	80	0	0	23205	P1-129-8	0	-
1806	168.093750	168.144531	C#6	68	80	0	0	23220	P1-129-9	0	-
1807	168.093750	168.339844	Bb3	68	80	0	0	23220	P1-129-15	0	-
1808	168.167969	168.289062	G5	61	80	0	0	23235	P1-129-10	0	-
1809	168.273438	168.325521	C#6	62	80	0	0	23250	P1-129-11	0	-
1810	168.342448	168.434896	E6	66	80	0	0	23265	P1-129-12	0	-
1811	168.433594	168.569010	B5	63	80	0	0	23280	P1-130-1	0	-
1812	168.436198	168.598958	B3	76	80	0	0	23280	P1-130-13	0	-
1813	168.494792	168.598958	G5	59	80	0	0	23295	P1-130-2	0	-
1814	168.574219	168.658854	B5	54	80	0	0	23310	P1-130-3	0	-
1815	168.574219	168.619792	C6	53	80	0	0	23310	*	3	-
1816	168.654948	168.723958	E6	66	80	0	0	23325	P1-130-4	0	-
1817	168.742188	168.834635	G6	75	80	0	0	23340	P1-130-5	0	-
1818	168.750000	168.829427	E5	64	80	0	0	23340	*	3	-
1819	168.766927	170.688802	E4	62	80	0	0	23340	P1-130-14	0	-
1820	168.834635	168.925781	F#6	74	80	0	0	23355	P1-130-6	0	-
1821	168.912760	168.970052	E6	62	80	0	0	23370	P1-130-7	0	-
1822	168.998698	169.054688	D#6	60	80	0	0	23385	P1-130-8	0	-
1823	169.076823	169.309896	G4	67	80	0	0	23400	P1-130-15	0	-
1824	169.084635	169.179688	E5	61	80	0	0	23400	*	3	-
1825	169.085938	169.218750	E6	71	80	0	0	23400	P1-130-9	0	-
1826	169.233073	169.291667	E6	59	80	0	0	23430	P1-130-11	0	-
1827	169.315104	170.319010	G4	46	80	0	0	23445	*	3	-
1828	169.322917	169.390625	F#6	66	80	0	0	23445	P1-130-12	0	-
1829	169.410156	170.139323	B4	75	80	0	0	23460	P1-131-13	0	-
1830	169.417969	169.519531	G6	79	80	0	0	23460	P1-131-1	0	-
1831	169.574219	169.636719	E6	67	80	0	0	23490	P1-131-3	0	-
1832	169.666667	169.716146	D#6	66	80	0	0	23505	P1-131-4	0	-
1833	169.747396	169.821615	G6	76	80	0	0	23520	P1-131-5	0	-
1834	169.753906	169.979167	E5	71	80	0	0	23520	P1-131-14	0	-
1835	169.835938	169.898438	F#6	72	80	0	0	23535	P1-131-6	0	-
1836	169.923177	169.981771	E6	69	80	0	0	23550	P1-131-7	0	-
1837	170.003906	170.063802	D#6	66	80	0	0	23565	P1-131-8	0	-
1838	170.087240	170.188802	G6	78	80	0	0	23580	P1-131-9	0	-
1839	170.095052	170.136719	G5	76	80	0	0	23580	P1-131-15	0	-
1840	170.148438	170.718750	B4	53	80	0	0	23580	*	3	-
1841	170.167969	170.223958	F#6	70	80	0	0	23595	P1-131-10	0	-
1842	170.244792	170.324219	E6	67	80	0	0	23610	P1-131-11	0	-
1843	170.322917	170.385417	D#6	66	80	0	0	23625	P1-131-12	0	-
1844	170.404948	170.475260	G6	71	80	0	0	23640	P1-132-1	0	-
1845	170.492188	170.598958	F#6	67	80	0	0	23655	P1-132-2	0	-
1846	170.545573	170.601562	E6	68	80	0	0	23670	P1-132-3	0	-
1847	170.625000	170.686198	D#6	60	80	0	0	23685	P1-132-4	0	-
1848	170.707031	170.789062	E7	71	80	0	0	23700	*	3	-
1849	170.708333	170.789062	E6	78	80	0	0	23700	P1-132-5	0	-
1850	170.713542	170.779948	G6	75	80	0	0	23700	*	3	-
1851	170.714844	170.795573	G5	72	80	0	0	23700	P1-132-8	0	-
1852	170.804688	170.875000	F#5	68	80	0	0	23715	P1-132-9	0	-
1853	170.903646	170.966146	E5	65	80	0	0	23730	P1-132-10	0	-
1854	170.990885	171.119792	D#5	64	80	0	0	23745	P1-132-11	0	-
1855	171.065104	171.789062	E5	74	80	0	0	23760	P1-132-12	0	-
1856	171.587240	171.829427	G6	59	80	0	0	23820	P1-133-1	0	-
1857	171.794271	171.966146	F#6	61	80	0	0	23850	P1-133-2	0	-
1858	171.802083	172.149740	E5	43	80	0	0	23880	*	3	-
1859	171.966146	172.158854	E6	62	80	0	0	23880	P1-133-3	0	-
1860	171.975260	172.104167	G5	54	80	0	0	23880	P1-133-7	0	-
1861	172.134115	172.281250	D#6	62	80	0	0	23910	P1-133-4	0	-
1862	172.152344	172.459635	F#5	51	80	0	0	23910	P1-133-8	0	-
1863	172.321615	172.619792	E6	59	80	0	0	23940	P1-133-5	0	-
1864	172.324219	172.477865	E5	54	80	0	0	23940	P1-133-9	0	-
1865	172.503906	173.509115	D#5	50	80	0	0	23970	P1-133-10	0	-
1866	172.680990	173.199219	E5	50	80	0	0	24000	P1-134-4	0	-
1867	172.721354	173.299479	G6	55	80	0	0	24000	P1-134-1	0	-
1868	173.132812	173.539062	F#6	56	80	0	0	24060	P1-134-2	0	-
1869	173.514323	174.128906	E6	52	80	0	0	24120	P1-134-3	0	-
1870	173.528646	173.949219	G5	46	80	0	0	24120	P1-134-6	0	-
1871	173.903646	174.489583	F#5	47	80	0	0	24180	P1-135-4	0	-
1872	173.903646	174.609375	D#6	46	80	0	0	24180	P1-135-1	0	-
1873	174.315104	174.789062	E5	46	80	0	0	24240	P1-135-5	0	-
1874	174.333333	176.079427	E6	46	80	0	0	24240	P1-135-2	0	-
1875	174.722656	175.079427	D#5	42	80	0	0	24300	P1-135-6	0	-
1876	175.214844	177.500000	G6	55	80	0	0	24360	P1-136-1	0	-
1877	175.217448	175.989583	E5	39	80	0	0	24360	P1-136-3	0	-
1878	176.141927	177.079427	F#6	58	80	0	0	24480	P1-136-2	0	-
1879	176.604167	177.549479	G5	52	80	0	0	24540	P1-137-4	0	-
1880	177.044271	177.509115	E6	46	80	0	0	24600	P1-137-2	0	-
1881	177.510417	178.000000	F#5	44	80	0	0	24660	P1-137-5	0	-
1882	177.924479	178.529948	G5	45	80	0	0	24720	*	3	-
1883	177.927083	178.309896	G4	43	80	0	0	24720	P1-138-1	0	-
1884	178.412760	179.459635	E5	40	80	0	0	24780	P1-138-5	0	-
1885	178.451823	178.899740	G4	26	80	0	0	24780	*	3	-
1886	178.955729	179.489583	F#5	33	80	0	0	24840	*	3	-
1887	178.960938	179.369792	F#4	34	80	0	0	24840	P1-138-2	0	-
1888	179.278646	179.355469	E4	33	80	0	0	24870	P1-138-3	0	-
1889	179.532552	179.919271	E4	34	80	0	0	24900	P1-139-1	0	-
1890	179.575521	180.009115	G4	26	80	0	0	24900	P1-139-4	0	-
1891	180.457031	180.819010	F#4	29	80	0	0	25020	P1-139-5	0	-
1892	180.691406	180.929688	E4	29	80	0	0	25050	P1-139-6	0	-
1893	180.937500	181.289062	E4	24	80	0	0	25080	P1-140-5	0	-
1894	181.338542	181.619792	G4	28	80	0	0	25140	P1-140-2	0	-
1895	181.666667	181.769531	G4	25	80	0	0	25200	*	3	-
1896	181.768229	181.949219	F#4	30	80	0	0	25200	P1-140-3	0	-
1897	181.834635	181.908854	G4	28	80	0	0	25200	P1-140-7	0	-
1898	182.040365	182.089844	F#4	31	80	0	0	25230	*	3	-
1899	182.044271	182.095052	E4	29	80	0	0	25230	P1-140-4	0	-
1900	182.205729	182.500000	E5	42	80	0	0	25260	*	3	-
1901	182.208333	182.468750	F#4	33	80	0	0	25260	P1-141-6	0	-
1902	182.208333	182.272135	E4	30	80	0	0	25260	P1-141-1	0	-
1903	182.416667	182.519531	E4	31	80	0	0	25290	P1-141-7	0	-
1904	182.613281	183.049479	E5	33	80	0	0	25320	*	3	-
1905	182.674479	182.889323	E4	25	80	0	0	25320	P1-141-8	0	-
1906	182.839844	182.993490	G4	33	80	0	0	25350	P1-141-3	0	-
1907	183.039062	183.199219	F#4	37	80	0	0	25380	P1-141-4	0	-
1908	183.216146	183.419271	G5	53	80	0	0	25410	P1-141-10	0	-
1909	183.234375	183.438802	E4	38	80	0	0	25410	P1-141-5	0	-
1910	183.424479	183.609375	F#5	49	80	0	0	25440	P1-142-7	0	-
1911	183.432292	183.519531	E5	43	80	0	0	25440	*	3	-
1912	183.602865	183.658854	E5	49	80	0	0	25470	P1-142-8	0	-
1913	183.634115	183.769531	E4	29	80	0	0	25470	*	3	-
1914	183.640625	183.819010	G6	54	80	0	0	25470	P1-142-2	0	-
1915	183.803385	183.968750	F#6	71	80	0	0	25500	P1-142-3	0	-
1916	183.973958	184.109375	E6	66	80	0	0	25530	P1-142-4	0	-
1917	183.975260	184.123698	G5	61	80	0	0	25530	P1-142-10	0	-
1918	184.166667	184.299479	F#5	64	80	0	0	25560	P1-142-11	0	-
1919	184.214844	184.229167	F#4	20	80	0	0	25560	*	3	-
1920	184.332031	184.449219	E5	59	80	0	0	25590	P1-142-12	0	-
1921	184.365885	184.429688	G4	63	80	0	0	25590	P1-142-6	0	-
1922	184.553385	184.718750	F#5	63	80	0	0	25620	*	3	-
1923	184.555990	184.769531	F#4	65	80	0	0	25620	P1-143-1	0	-
1924	184.730469	185.169271	E5	61	80	0	0	25650	*	3	-
1925	184.734375	184.938802	E4	60	80	0	0	25650	P1-143-2	0	-
1926	184.774740	185.019531	G3	59	80	0	0	25650	P1-143-6	0	-
1927	184.938802	185.119792	F#3	61	80	0	0	25680	P1-143-7	0	-
1928	184.951823	185.019531	E4	45	80	0	0	25710	P1-143-8	1	-
1929	185.102865	185.164062	E3	64	80	0	0	25740	*	3	-
1930	185.114583	185.119792	G2	50	80	0	0	25740	*	3	-
1931	185.123698	185.209635	E4	47	80	0	0	25740	*	3	-
1932	185.292969	185.449219	E3	71	80	0	0	25740	P1-143-9	0	-
1933	185.292969	185.299479	G2	59	80	0	0	25740	*	3	-
1934	185.296875	185.408854	G4	67	80	0	0	25740	P1-143-4	0	-
1935	185.296875	185.346354	E5	60	80	0	0	25740	*	3	-
1936	185.687500	186.000000	B4	64	80	0	0	25800	*	3	-
1937	185.688802	186.049479	G4	64	80	0	0	25800	P1-144-1	0	-
1938	185.690104	185.899740	E5	64	80	0	0	25800	*	3	-
1939	185.691406	186.009115	B3	65	80	0	0	25800	P1-144-4	0	-
1940	185.691406	186.069010	E3	63	80	0	0	25800	P1-144-13	0	-
1941	185.700521	186.009115	E4	58	80	0	0	25800	P1-144-5	0	-
1942	185.700521	186.039062	G3	66	80	0	0	25800	P1-144-3	0	-
1943	185.701823	185.759115	B2	56	80	0	0	25800	P1-144-12	1	-
1944	186.299479	186.337240	F#5	67	80	0	0	25890	*	3	-
1945	186.302083	186.378906	F#4	69	80	0	0	25890	P1-144-9	0	-
1946	186.430990	186.639323	E3	68	80	0	0	25920	P1-144-15	0	-
1947	186.433594	186.438802	C3	70	80	0	0	25920	*	3	-
1948	186.434896	186.509115	G4	68	80	0	0	25920	*	3	-
1949	186.434896	186.589844	E5	71	80	0	0	25920	P1-144-11	1	-
1950	186.436198	186.511719	E2	67	80	0	0	25920	P1-144-14	0	-
1951	186.444010	186.569010	G2	72	80	0	0	25920	*	3	-
1952	186.451823	186.779948	G3	69	80	0	0	25920	P1-144-10	0	-
1953	186.519531	186.739583	G4	58	80	0	0	25920	*	3	-
1954	186.864583	187.049479	D3	80	80	0	0	25980	P1-145-8	0	-
1955	186.865885	187.019531	A3	74	80	0	0	25980	P1-145-1	0	-
1956	186.868490	187.069010	A4	75	80	0	0	25980	P1-145-3	0	-
1957	186.871094	187.092448	D2	75	80	0	0	25980	P1-145-7	0	-
1958	186.873698	187.059896	D4	65	80	0	0	25980	*	3	-
1959	186.873698	187.089844	F#4	64	80	0	0	25980	P1-145-2	0	-
1960	187.829427	188.066406	A4	45	80	0	0	26100	P1-145-6	0	-
1961	187.832031	188.098958	F#5	41	80	0	0	26100	*	3	-
1962	187.833333	188.035156	D5	37	80	0	0	26100	*	3	-
1963	187.842448	188.019531	F#4	34	80	0	0	26100	P1-145-5	0	-
1964	187.864583	188.027344	D4	27	80	0	0	26100	P1-145-10	0	-
1965	188.321615	188.559896	A5	46	80	0	0	26160	*	3	-
1966	188.321615	188.699219	A4	43	80	0	0	26160	P1-146-2	0	-
1967	188.324219	188.679688	F#5	39	80	0	0	26160	*	3	-
1968	188.355469	188.569010	D4	28	80	0	0	26160	P1-146-7	0	-
1969	188.363281	188.559896	C4	27	80	0	0	26160	P1-146-6	0	-
1970	188.363281	188.819010	F#4	27	80	0	0	26160	P1-146-1	0	-
1971	188.934896	189.089844	G5	47	80	0	0	26250	*	3	-
1972	188.936198	189.049479	G4	41	80	0	0	26250	P1-146-3	0	-
1973	188.936198	189.109375	D5	43	80	0	0	26250	*	3	-
1974	188.942708	188.949219	B4	40	80	0	0	26250	*	3	-
1975	188.951823	189.011719	B3	32	80	0	0	26250	P1-146-8	0	-
1976	188.953125	189.023438	D4	31	80	0	0	26250	P1-146-9	0	-
1977	189.118490	189.199219	A5	47	80	0	0	26280	*	3	-
1978	189.121094	189.269531	A4	48	80	0	0	26280	P1-146-5	0	-
1979	189.128906	189.289062	F#5	38	80	0	0	26280	*	3	-
1980	189.153646	189.273438	F#4	25	80	0	0	26280	P1-146-4	0	-
1981	189.164062	189.263021	C4	25	80	0	0	26280	P1-146-11	0	-
1982	189.167969	189.319010	A3	24	80	0	0	26280	P1-146-10	0	-
1983	189.565104	189.765625	B4	47	80	0	0	26340	P1-147-2	0	-
1984	189.572917	189.759115	G5	40	80	0	0	26340	*	3	-
1985	189.584635	189.908854	G4	28	80	0	0	26340	P1-147-1	0	-
1986	189.595052	189.729167	D4	19	80	0	0	26340	*	3	-
1987	189.601562	189.772135	G3	24	80	0	0	26340	P1-147-8	0	-
1988	189.602865	189.777344	B3	25	80	0	0	26340	P1-147-9	0	-
1989	190.371094	190.459635	B4	70	80	0	0	26460	P1-147-7	0	-
1990	190.375000	190.434896	G3	66	80	0	0	26460	P1-147-12	0	-
1991	190.375000	190.446615	B3	66	80	0	0	26460	P1-147-4	0	-
1992	190.376302	190.509115	D4	58	80	0	0	26460	P1-147-5	0	-
1993	190.382812	190.519531	G4	65	80	0	0	26460	P1-147-6	0	-
1994	190.389323	190.453125	G2	58	80	0	0	26460	P1-147-11	0	-
1995	190.776042	191.049479	G3	68	80	0	0	26520	P1-148-13	0	-
1996	190.792969	191.218750	G2	64	80	0	0	26520	P1-148-12	0	-
1997	190.795573	191.169271	B3	67	80	0	0	26520	P1-148-3	0	-
1998	190.796875	191.149740	G4	65	80	0	0	26520	P1-148-5	0	-
1999	190.796875	191.199219	B4	73	80	0	0	26520	P1-148-1	0	-
2000	190.803385	190.989583	D4	64	80	0	0	26520	P1-148-4	0	-
2001	191.335938	191.380208	A4	72	80	0	0	26610	P1-148-9	0	-
2002	191.341146	191.408854	B4	65	80	0	0	26610	*	3	-
2003	191.472656	191.658854	B4	68	80	0	0	26640	*	3	-
2004	191.472656	191.609375	B3	73	80	0	0	26640	P1-148-10	0	-
2005	191.472656	191.549479	G4	65	80	0	0	26640	P1-148-11	0	-
2006	191.489583	191.549479	G2	68	80	0	0	26640	P1-148-15	0	-
2007	191.496094	191.554688	G1	64	80	0	0	26640	P1-148-14	0	-
2008	191.901042	192.309896	C#5	71	80	0	0	26700	P1-149-3	0	-
2009	191.907552	192.188802	F#2	69	80	0	0	26700	P1-149-8	0	-
2010	191.907552	192.309896	Bb4	72	80	0	0	26700	P1-149-2	0	-
2011	191.911458	192.179688	C#4	63	80	0	0	26700	P1-149-1	0	-
2012	191.914062	192.188802	F#1	69	80	0	0	26700	P1-149-7	0	-
2013	191.915365	192.259115	F#4	57	80	0	0	26700	*	3	-
2014	192.869792	193.149740	C#5	46	80	0	0	26820	P1-149-6	0	-
2015	192.884115	193.188802	Bb4	48	80	0	0	26820	P1-149-5	0	-
2016	192.895833	193.319010	F#4	33	80	0	0	26820	P1-149-10	0	-
2017	193.369792	194.009115	C#5	49	80	0	0	26880	P1-150-2	0	-
2018	193.394531	194.019531	Bb4	47	80	0	0	26880	P1-150-1	0	-
2019	193.421875	194.348958	E4	28	80	0	0	26880	P1-150-6	0	-
2020	193.424479	194.000000	F#4	27	80	0	0	26880	P1-150-7	0	-
2021	193.964844	194.134115	B4	54	80	0	0	26970	P1-150-3	0	-
2022	194.006510	194.239583	D4	24	80	0	0	26970	P1-150-8	0	-
2023	194.007812	194.339844	F#4	22	80	0	0	26970	P1-150-9	0	-
2024	194.156250	194.324219	C#5	46	80	0	0	27000	P1-150-5	0	-
2025	194.183594	194.509115	Bb4	44	80	0	0	27000	P1-150-4	0	-
2026	194.247396	194.308594	C#4	26	80	0	0	27000	P1-150-10	0	-
2027	194.615885	195.079427	D5	37	80	0	0	27060	P1-151-2	0	-
2028	194.635417	195.089844	B4	34	80	0	0	27060	P1-151-1	0	-
2029	194.664062	194.669271	B3	27	80	0	0	27060	P1-151-5	0	-
2030	194.675781	195.069010	D4	23	80	0	0	27060	P1-151-6	0	-
2031	195.614583	197.019531	D5	46	80	0	0	27180	P1-151-4	0	-
2032	196.115885	196.628906	B3	23	80	0	0	27240	P1-152-6	0	-
2033	196.119792	196.709635	D4	23	80	0	0	27240	P1-152-4	0	-
2034	196.127604	197.819010	G4	23	80	0	0	27240	P1-152-7	0	-
2035	196.509115	197.500000	G5	56	80	0	0	27300	P1-152-2	0	-
2036	196.923177	197.479167	E5	52	80	0	0	27360	P1-152-3	0	-
2037	196.966146	197.908854	E4	28	80	0	0	27360	P1-152-5	0	-
2038	197.317708	197.779948	D5	54	80	0	0	27420	P1-153-1	0	-
2039	197.342448	197.348958	A2	28	80	0	0	27420	P1-153-6	1	-
2040	197.361979	197.619792	D4	25	80	0	0	27420	P1-153-7	1	-
2041	197.725260	197.912760	C5	57	80	0	0	27480	P1-153-2	0	-
2042	198.100260	199.009115	C5	66	80	0	0	27540	P1-153-3	0	-
2043	198.140625	198.500000	D#4	33	80	0	0	27540	P1-153-8	0	-
2044	198.145833	199.049479	F#4	36	80	0	0	27540	P1-153-5	0	-
2045	198.479167	199.718750	D4	47	80	0	0	27600	P1-154-6	0	-
2046	198.871094	199.339844	A5	57	80	0	0	27660	P1-154-2	0	-
2047	199.276042	200.059896	C5	63	80	0	0	27720	P1-154-3	0	-
2048	199.324219	199.718750	F#4	32	80	0	0	27720	P1-154-7	0	-
2049	199.640625	200.869792	G4	42	80	0	0	27780	P1-155-4	0	-
2050	200.024740	200.269531	B4	57	80	0	0	27840	P1-155-2	0	-
2051	200.429688	202.500000	B4	56	80	0	0	27900	P1-155-3	0	-
2052	200.462240	200.929688	G3	34	80	0	0	27900	P1-155-5	0	-
2053	200.473958	200.489583	G2	34	80	0	0	27900	*	3	-
2054	200.842448	201.658854	E3	39	80	0	0	27960	P1-156-4	0	-
2055	201.264323	201.419271	G4	42	80	0	0	28020	P1-156-2	0	-
2056	201.292969	201.459635	E4	26	80	0	0	28080	*	3	-
2057	201.686198	202.269531	E4	31	80	0	0	28080	P1-156-5	0	-
2058	201.692708	203.049479	G4	39	80	0	0	28080	P1-156-3	0	-
2059	202.125000	202.649740	C4	31	80	0	0	28140	P1-157-4	0	-
2060	202.563802	203.049479	E4	35	80	0	0	28200	P1-157-2	0	-
2061	203.054688	203.359375	C4	29	80	0	0	28260	*	3	-
2062	203.057292	204.009115	C3	30	80	0	0	28260	P1-157-8	0	-
2063	203.061198	204.779948	E4	31	80	0	0	28260	P1-157-3	0	-
2064	203.615885	204.329427	C2	20	80	0	0	28320	P1-158-4	0	-
2065	204.167969	204.949219	G3	24	80	0	0	28380	P1-158-2	0	-
2066	204.895833	205.438802	E3	24	80	0	0	28440	P1-158-3	0	-
2067	206.354167	207.500000	Eb4	22	80	0	0	28500	*	3	-
2068	206.360677	207.500000	B3	22	80	0	0	28500	P1-159-2	0	-
2069	206.367188	207.500000	D#3	19	80	0	0	28500	P1-159-1	0	-
2070	206.394531	207.500000	B2	18	80	0	0	28500	P1-159-6	0	-
2071	209.582031	210.408854	E6	50	80	0	0	28620	P1-159-4	0	-
2072	209.587240	210.049479	E5	47	80	0	0	28620	P1-159-3	0	-
2073	210.149740	211.069010	B3	31	80	0	0	28680	P1-160-8	0	-
2074	210.157552	211.079427	E3	25	80	0	0	28680	P1-160-9	0	-
2075	210.179688	210.809896	G3	21	80	0	0	28680	*	3	-
2076	210.845052	210.959635	D#6	59	80	0	0	28770	P1-160-4	0	-
2077	210.854167	210.910156	D#5	51	80	0	0	28770	P1-160-3	0	-
2078	211.026042	211.209635	E6	65	80	0	0	28800	P1-160-6	0	-
2079	211.031250	211.218750	E5	63	80	0	0	28800	P1-160-5	0	-
2080	211.544271	212.179688	F#4	52	80	0	0	28860	P1-161-3	0	-
2081	211.565104	212.000000	E4	39	80	0	0	28860	P1-161-2	0	-
2082	211.579427	213.878906	A2	35	80	0	0	28860	P1-161-8	0	-
2083	211.585938	212.059896	C4	33	80	0	0	28860	P1-161-1	0	-
2084	212.446615	212.819010	F#4	62	80	0	0	28980	P1-161-6	0	-
2085	212.454427	212.839844	E4	54	80	0	0	28980	P1-161-5	0	-
2086	212.463542	212.829427	C#4	46	80	0	0	28980	P1-161-4	0	-
2087	212.472656	212.479167	Bb3	49	80	0	0	28980	P1-161-11	1	-
2088	212.472656	212.819010	Bb2	46	80	0	0	28980	P1-161-10	0	-
2089	212.960938	213.889323	F#4	63	80	0	0	29040	P1-162-1	0	-
2090	212.971354	214.199219	B2	50	80	0	0	29040	P1-162-14	0	-
2091	212.976562	214.139323	B3	53	80	0	0	29040	*	3	-
2092	212.979167	214.079427	D#4	52	80	0	0	29040	P1-162-4	0	-
2093	212.996094	214.269531	A3	44	80	0	0	29040	P1-162-3	0	-
2094	213.824219	214.098958	G4	61	80	0	0	29130	P1-162-7	0	-
2095	214.054688	214.259115	A4	65	80	0	0	29160	P1-162-10	0	-
2096	214.234375	214.389323	G4	56	80	0	0	29190	P1-162-13	0	-
2097	214.425781	215.128906	F#4	50	80	0	0	29220	P1-163-1	0	-
2098	214.432292	215.169271	C4	48	80	0	0	29220	*	3	-
2099	214.444010	215.609375	C3	45	80	0	0	29220	P1-163-5	0	-
2100	214.446615	215.589844	G3	41	80	0	0	29220	P1-163-6	0	-
2101	214.985677	215.289062	E5	51	80	0	0	29280	*	3	-
2102	214.988281	215.188802	E4	55	80	0	0	29280	P1-163-2	0	-
2103	215.584635	216.579427	E6	63	80	0	0	29340	P1-163-4	0	-
2104	215.597656	216.609375	E5	58	80	0	0	29340	P1-163-3	0	-
2105	215.602865	215.709635	E4	40	80	0	0	29340	*	3	-
2106	215.602865	215.878906	B2	36	80	0	0	29340	P1-163-7	0	-
2107	215.604167	215.709635	B3	38	80	0	0	29340	*	3	-
2108	215.798177	216.229167	A2	49	80	0	0	29370	P1-163-8	0	-
2109	216.114583	216.869792	B3	45	80	0	0	29400	P1-164-8	0	-
2110	216.132812	217.378906	E3	36	80	0	0	29400	P1-164-7	0	-
2111	216.852865	216.968750	D#6	70	80	0	0	29490	P1-164-4	0	-
2112	216.856771	216.904948	D#5	58	80	0	0	29490	P1-164-3	0	-
2113	217.024740	217.500000	E5	70	80	0	0	29520	P1-164-5	0	-
2114	217.027344	217.229167	E6	71	80	0	0	29520	P1-164-6	0	-
2115	217.054688	217.389323	G#2	50	80	0	0	29520	P1-164-10	0	-
2116	217.544271	218.269531	F#4	62	80	0	0	29580	P1-165-3	0	-
2117	217.555990	218.149740	A3	55	80	0	0	29580	*	3	-
2118	217.563802	218.339844	A2	53	80	0	0	29580	P1-165-7	0	-
2119	217.565104	218.158854	E4	54	80	0	0	29580	P1-165-2	0	-
2120	217.582031	218.139323	C4	51	80	0	0	29580	P1-165-1	0	-
2121	218.803385	219.339844	F#4	46	80	0	0	29700	P1-165-6	0	-
2122	218.804688	219.329427	C#5	45	80	0	0	29700	*	3	-
2123	218.808594	219.359375	Bb2	40	80	0	0	29700	P1-165-8	0	-
2124	218.811198	219.289062	E4	44	80	0	0	29700	P1-165-5	0	-
2125	218.813802	219.269531	C#4	41	80	0	0	29700	P1-165-4	0	-
2126	218.813802	219.259115	Bb3	42	80	0	0	29700	*	3	-
2127	219.618490	220.519531	F#4	40	80	0	0	29760	P1-166-1	0	-
2128	219.638021	220.369792	B3	31	80	0	0	29760	*	3	-
2129	219.640625	221.000000	A3	33	80	0	0	29760	P1-166-3	0	-
2130	219.640625	220.408854	D#4	30	80	0	0	29760	P1-166-4	0	-
2131	219.645833	220.029948	B2	27	80	0	0	29760	P1-166-15	0	-
2132	220.039062	221.369792	B2	25	80	0	0	29760	*	3	-
2133	220.845052	221.158854	A4	43	80	0	0	29850	P1-166-7	0	-
2134	221.203125	221.408854	G4	40	80	0	0	29880	P1-166-10	0	-
2135	221.549479	221.750000	F#4	39	80	0	0	29910	P1-166-13	0	-
2136	222.072917	222.929688	E4	33	80	0	0	29940	P1-167-2	0	-
2137	222.083333	222.679688	B3	27	80	0	0	29940	P1-167-1	1	-
2138	222.084635	223.000000	E3	27	80	0	0	29940	P1-167-7	0	-
2139	224.416667	224.509115	G1	24	80	0	0	30060	P1-167-9	0	-
2140	224.911458	224.919271	G1	21	80	0	0	30120	P1-168-5	0	-
2141	225.691406	226.139323	C5	38	80	0	0	30240	P1-168-4	0	-
2142	225.707031	225.878906	C4	25	80	0	0	30240	P1-168-3	0	-
2143	225.717448	226.049479	C2	20	80	0	0	30240	P1-168-7	0	-
2144	225.722656	225.959635	C3	21	80	0	0	30240	P1-168-8	0	-
2145	226.145833	226.389323	C5	38	80	0	0	30300	P1-169-2	0	-
2146	226.154948	226.359375	C4	29	80	0	0	30300	P1-169-1	0	-
2147	226.164062	226.819010	C3	24	80	0	0	30300	P1-169-6	0	-
2148	226.946615	227.054688	G5	40	80	0	0	30420	P1-169-4	0	-
2149	226.973958	227.369792	G2	21	80	0	0	30420	P1-169-7	0	-
2150	226.976562	227.139323	G4	25	80	0	0	30420	P1-169-3	0	-
2151	226.976562	227.250000	G3	23	80	0	0	30420	P1-169-8	0	-
2152	227.398438	227.729167	G5	46	80	0	0	30480	P1-170-2	0	-
2153	227.425781	228.019531	G3	29	80	0	0	30480	P1-170-6	0	-
2154	227.432292	227.679688	G4	32	80	0	0	30480	P1-170-1	0	-
2155	227.432292	228.628906	G2	23	80	0	0	30480	P1-170-5	0	-
2156	228.220052	228.378906	C5	33	80	0	0	30600	P1-170-3	0	-
2157	228.234375	228.313802	C4	20	80	0	0	30600	P1-170-8	0	-
2158	228.283854	228.500000	C3	14	80	0	0	30600	P1-170-7	0	-
2159	228.714844	228.852865	C5	38	80	0	0	30660	P1-171-1	0	-
2160	228.726562	228.834635	C4	21	80	0	0	30660	P1-171-7	0	-
2161	228.743490	228.899740	C3	16	80	0	0	30660	P1-171-6	0	-
2162	229.579427	229.617188	F5	63	80	0	0	30780	P1-171-3	0	-
2163	229.580729	229.669271	F6	68	80	0	0	30780	P1-171-5	0	-
2164	229.583333	229.632812	G4	59	80	0	0	30780	P1-171-11	0	-
2165	229.591146	229.630208	D6	66	80	0	0	30780	P1-171-4	0	-
2166	229.592448	229.648438	B3	43	80	0	0	30780	P1-171-8	0	-
2167	229.596354	229.679688	D4	43	80	0	0	30780	P1-171-9	0	-
2168	229.602865	229.645833	F4	45	80	0	0	30780	P1-171-10	0	-
2169	230.013021	230.619792	F5	72	80	0	0	30840	P1-172-1	0	-
2170	230.014323	230.718750	F6	75	80	0	0	30840	P1-172-3	0	-
2171	230.014323	230.968750	G4	65	80	0	0	30840	P1-172-13	0	-
2172	230.018229	230.089844	D6	71	80	0	0	30840	P1-172-2	0	-
2173	230.022135	230.188802	D5	60	80	0	0	30840	*	3	-
2174	230.033854	231.250000	F4	53	80	0	0	30840	P1-172-12	0	-
2175	230.040365	231.339844	B3	47	80	0	0	30840	P1-172-10	0	-
2176	230.046875	231.089844	D4	46	80	0	0	30840	P1-172-11	0	-
2177	230.641927	230.759115	E6	57	80	0	0	30930	P1-172-4	0	-
2178	230.742188	230.839844	D6	62	80	0	0	30945	P1-172-5	0	-
2179	230.805990	230.889323	C6	63	80	0	0	30960	P1-172-6	0	-
2180	230.902344	230.957031	B5	66	80	0	0	30975	P1-172-7	0	-
2181	230.980469	231.059896	A5	63	80	0	0	30990	P1-172-8	0	-
2182	231.046875	231.128906	G5	66	80	0	0	31005	P1-172-9	0	-
2183	231.071615	231.098958	A5	58	80	0	0	31005	*	3	-
2184	231.114583	231.209635	F5	67	80	0	0	31020	P1-173-1	0	-
2185	231.212240	231.273438	E5	66	80	0	0	31035	P1-173-2	0	-
2186	231.282552	231.378906	D5	63	80	0	0	31050	P1-173-3	0	-
2187	231.345052	231.429688	C5	67	80	0	0	31065	P1-173-4	0	-
2188	231.389323	231.489583	D5	58	80	0	0	31065	*	3	-
2189	231.427083	231.529948	B4	71	80	0	0	31080	P1-173-5	0	-
2190	231.497396	231.544271	A4	61	80	0	0	31090	P1-173-6	0	-
2191	231.565104	231.679688	G4	52	80	0	0	31100	P1-173-7	0	-
2192	231.615885	231.674479	F4	55	80	0	0	31110	P1-173-8	0	-
2193	231.705729	231.809896	E4	61	80	0	0	31120	P1-173-9	0	-
2194	231.782552	231.854167	D4	57	80	0	0	31130	P1-173-10	0	-
2195	231.854167	231.959635	C4	43	80	0	0	31140	P1-173-11	0	-
2196	231.920573	232.279948	B3	58	80	0	0	31152	P1-173-12	0	-
2197	231.977865	232.039062	A3	52	80	0	0	31164	P1-173-13	0	-
2198	232.044271	232.049479	G2	47	80	0	0	31176	*	3	-
2199	232.053385	232.239583	A3	51	80	0	0	31176	*	3	-
2200	232.055990	232.139323	G3	52	80	0	0	31176	P1-173-14	0	-
2201	232.126302	232.188802	F#3	56	80	0	0	31188	P1-173-15	0	-
2202	232.184896	232.519531	G3	63	80	0	0	31200	P1-174-1	0	-
2203	232.251302	232.369792	G2	56	80	0	0	31200	*	3	-
2204	232.929688	233.069010	D4	66	80	0	0	31320	P1-174-4	0	-
2205	232.930990	233.009115	B3	70	80	0	0	31320	*	3	-
2206	232.933594	233.209635	F4	68	80	0	0	31320	P1-174-5	0	-
2207	232.933594	233.049479	G3	68	80	0	0	31320	P1-174-3	0	-
2208	232.933594	233.039062	G2	69	80	0	0	31320	*	3	-
2209	232.937500	232.986979	B2	67	80	0	0	31320	P1-174-9	0	-
2210	232.941406	233.059896	B1	65	80	0	0	31320	P1-174-8	0	-
2211	233.377604	233.709635	E4	70	80	0	0	31380	P1-175-3	0	-
2212	233.384115	233.688802	C4	68	80	0	0	31380	P1-175-2	0	-
2213	233.388021	233.658854	C3	68	80	0	0	31380	P1-175-10	0	-
2214	233.390625	233.549479	G3	66	80	0	0	31380	P1-175-1	0	-
2215	233.393229	233.679688	C2	67	80	0	0	31380	P1-175-9	0	-
2216	234.213542	234.291667	G#5	69	80	0	0	31500	P1-175-6	0	-
2217	234.214844	234.319010	E5	66	80	0	0	31500	*	3	-
2218	234.214844	234.291667	B5	68	80	0	0	31500	P1-175-7	0	-
2219	234.221354	234.291667	D5	71	80	0	0	31500	P1-175-5	0	-
2220	234.222656	234.283854	D4	66	80	0	0	31500	P1-175-15	0	-
2221	234.234375	234.339844	B3	61	80	0	0	31500	P1-175-14	0	-
2222	234.235677	234.348958	E3	55	80	0	0	31500	P1-175-12	0	-
2223	234.242188	234.329427	G#3	54	80	0	0	31500	P1-175-13	0	-
2224	234.665365	234.889323	B5	69	80	0	0	31560	P1-176-3	0	-
2225	234.666667	235.059896	G#5	66	80	0	0	31560	P1-176-2	0	-
2226	234.670573	234.989583	D5	71	80	0	0	31560	P1-176-1	0	-
2227	234.671875	235.509115	D4	67	80	0	0	31560	P1-176-14	0	-
2228	234.678385	235.309896	G#3	61	80	0	0	31560	P1-176-12	0	-
2229	234.678385	235.359375	B3	67	80	0	0	31560	P1-176-13	0	-
2230	234.683594	235.729167	E3	59	80	0	0	31560	P1-176-11	0	-
2231	235.040365	235.158854	B5	54	80	0	0	31650	*	3	-
2232	235.266927	235.389323	C6	66	80	0	0	31650	P1-176-5	0	-
2233	235.351562	235.459635	B5	59	80	0	0	31665	P1-176-6	0	-
2234	235.415365	235.529948	A5	64	80	0	0	31680	P1-176-7	0	-
2235	235.503906	235.598958	G#5	60	80	0	0	31695	P1-176-8	0	-
2236	235.566406	235.614583	F#5	63	80	0	0	31710	P1-176-9	0	-
2237	235.648438	235.759115	E5	59	80	0	0	31725	P1-176-10	0	-
2238	235.654948	235.694010	F5	60	80	0	0	31725	*	3	-
2239	235.696615	235.819010	D5	60	80	0	0	31740	P1-177-1	0	-
2240	235.783854	235.848958	C5	64	80	0	0	31755	P1-177-2	0	-
2241	235.854167	235.938802	B4	65	80	0	0	31770	P1-177-3	0	-
2242	235.915365	235.954427	A4	60	80	0	0	31785	P1-177-4	0	-
2243	235.985677	236.069010	G#4	64	80	0	0	31800	P1-177-5	0	-
2244	236.028646	236.098958	F#4	61	80	0	0	31810	P1-177-6	0	-
2245	236.082031	236.121094	E5	59	80	0	0	31820	*	3	-
2246	236.092448	236.179688	E4	63	80	0	0	31820	P1-177-7	0	-
2247	236.131510	236.209635	D4	62	80	0	0	31830	P1-177-8	0	-
2248	236.132812	236.161458	D5	61	80	0	0	31830	*	3	-
2249	236.220052	236.229167	B4	57	80	0	0	31840	P1-177-9	1	-
2250	236.274740	236.408854	B3	66	80	0	0	31850	P1-177-10	0	-
2251	236.282552	236.339844	C4	62	80	0	0	31850	*	3	-
2252	236.361979	236.404948	A3	61	80	0	0	31860	P1-177-11	0	-
2253	236.432292	236.510417	G#3	55	80	0	0	31872	P1-177-12	0	-
2254	236.503906	236.554688	F#3	57	80	0	0	31884	P1-177-13	0	-
2255	236.592448	236.647135	D#3	63	80	0	0	31908	P1-177-15	0	-
2256	236.667969	237.029948	E3	69	80	0	0	31920	P1-178-1	0	-
2257	237.450521	237.528646	D4	65	80	0	0	32040	P1-178-5	0	-
2258	237.455729	237.579427	B3	61	80	0	0	32040	P1-178-4	0	-
2259	237.462240	237.559896	G#3	60	80	0	0	32040	*	3	-
2260	237.463542	237.579427	E3	61	80	0	0	32040	P1-178-3	0	-
2261	237.463542	237.468750	D3	61	80	0	0	32040	*	3	-
2262	237.466146	237.546875	G#2	59	80	0	0	32040	P1-178-9	0	-
2263	237.475260	237.598958	G#1	54	80	0	0	32040	P1-178-8	0	-
2264	237.903646	238.059896	C4	66	80	0	0	32100	P1-179-3	0	-
2265	237.904948	238.269531	A3	71	80	0	0	32100	P1-179-2	0	-
2266	237.904948	238.243490	A2	72	80	0	0	32100	P1-179-7	0	-
2267	237.906250	238.242188	A1	72	80	0	0	32100	P1-179-6	0	-
2268	237.911458	238.269531	E3	67	80	0	0	32100	P1-179-1	0	-
2269	239.174479	239.399740	C6	48	80	0	0	32220	P1-179-5	0	-
2270	239.192708	239.468750	C3	28	80	0	0	32220	P1-179-10	0	-
2271	239.194010	239.348958	A3	30	80	0	0	32220	P1-179-11	0	-
2272	239.194010	239.339844	F3	27	80	0	0	32220	*	3	-
2273	239.197917	239.408854	A2	29	80	0	0	32220	P1-179-9	1	-
2274	239.736979	240.489583	C6	59	80	0	0	32280	P1-180-1	0	-
2275	239.772135	240.279948	C4	30	80	0	0	32280	*	3	-
2276	239.774740	241.069010	F3	25	80	0	0	32280	*	3	-
2277	239.774740	240.729167	A3	27	80	0	0	32280	P1-180-10	0	-
2278	239.776042	240.598958	C3	27	80	0	0	32280	P1-180-9	0	-
2279	240.442708	240.579427	Bb5	53	80	0	0	32370	P1-180-2	0	-
2280	240.533854	240.649740	A5	54	80	0	0	32385	P1-180-3	0	-
2281	240.611979	241.069010	C4	30	80	0	0	32400	*	3	-
2282	240.613281	240.809896	C3	31	80	0	0	32400	*	3	-
2283	240.614583	240.674479	G5	51	80	0	0	32400	P1-180-4	0	-
2284	240.705729	240.763021	F5	51	80	0	0	32415	P1-180-5	0	-
2285	240.799479	240.968750	E5	51	80	0	0	32430	P1-180-6	0	-
2286	240.816406	241.089844	C3	27	80	0	0	32430	*	3	-
2287	240.911458	240.963542	D5	44	80	0	0	32445	P1-180-7	0	-
2288	241.002604	241.053385	C5	48	80	0	0	32460	P1-181-1	0	-
2289	241.095052	241.149740	C3	30	80	0	0	32475	*	3	-
2290	241.098958	241.179688	Bb4	49	80	0	0	32475	P1-181-2	0	-
2291	241.190104	241.246094	A4	46	80	0	0	32490	P1-181-3	0	-
2292	241.207031	241.549479	C3	30	80	0	0	32490	*	3	-
2293	241.223958	241.348958	A3	30	80	0	0	32490	*	3	-
2294	241.256510	241.302083	G4	42	80	0	0	32505	P1-181-4	0	-
2295	241.334635	241.394531	F4	42	80	0	0	32520	P1-181-5	0	-
2296	241.436198	241.485677	E4	38	80	0	0	32532	P1-181-6	0	-
2297	241.506510	241.619792	D4	44	80	0	0	32544	P1-181-7	0	-
2298	241.604167	241.729167	C4	34	80	0	0	32556	P1-181-8	0	-
2299	241.694010	241.819010	Bb3	41	80	0	0	32568	P1-181-9	0	-
2300	241.802083	242.039062	A3	33	80	0	0	32580	P1-181-10	0	-
2301	241.846354	242.104167	C3	25	80	0	0	32580	P1-181-15	0	-
2302	241.847656	242.079427	F2	23	80	0	0	32580	P1-181-14	0	-
2303	242.054688	242.111979	A3	23	80	0	0	32580	*	3	-
2304	242.273438	242.750000	A3	40	80	0	0	32640	P1-182-1	0	-
2305	242.313802	243.149740	F2	22	80	0	0	32640	P1-182-4	0	-
2306	242.313802	242.669271	C3	25	80	0	0	32640	P1-182-5	0	-
2307	242.790365	242.949219	C3	20	80	0	0	32760	P1-182-7	0	-
2308	242.967448	243.095052	D#4	35	80	0	0	32820	P1-183-2	0	-
2309	243.005208	243.218750	A3	20	80	0	0	32820	P1-183-1	0	-
2310	243.006510	243.019531	Eb3	26	80	0	0	32820	*	3	-
2311	243.007812	243.188802	C3	21	80	0	0	32820	P1-183-6	0	-
2312	243.009115	243.019531	F#3	24	80	0	0	32820	*	3	-
2313	243.416667	243.908854	D#4	34	80	0	0	32940	P1-183-3	0	-
2314	243.460938	243.839844	A3	23	80	0	0	32940	P1-183-9	0	-
2315	243.463542	243.519531	C3	25	80	0	0	32940	*	3	-
2316	243.466146	243.479167	F#3	22	80	0	0	32940	*	3	-
2317	243.533854	243.829427	C3	24	80	0	0	32940	P1-183-8	0	-
2318	244.127604	244.302083	A4	41	80	0	0	33000	P1-184-2	0	-
2319	244.131510	244.303385	D#4	27	80	0	0	33000	P1-184-1	0	-
2320	244.154948	244.329427	C4	26	80	0	0	33000	*	3	-
2321	244.154948	244.369792	A3	27	80	0	0	33000	P1-184-8	0	-
2322	244.157552	244.509115	F#2	28	80	0	0	33000	P1-184-6	0	-
2323	244.173177	244.468750	C3	30	80	0	0	33000	P1-184-7	0	-
2324	244.552083	244.721354	A4	42	80	0	0	32940	*	3	-
2325	244.588542	244.598958	F#4	25	80	0	0	32940	*	3	-
2326	244.596354	244.799479	D#4	27	80	0	0	32940	*	3	-
2327	244.598958	244.848958	C3	31	80	0	0	32940	*	3	-
2328	244.604167	244.819010	F#3	26	80	0	0	32940	*	3	-
2329	244.617188	244.718750	A3	23	80	0	0	32940	*	3	-
2330	245.003906	245.065104	A4	29	80	0	0	33000	*	3	-
2331	245.013021	245.158854	C3	25	80	0	0	33000	*	3	-
2332	245.014323	245.074219	D#4	20	80	0	0	33000	*	3	-
2333	245.016927	245.079427	C4	20	80	0	0	33000	*	3	-
2334	245.027344	245.079427	A3	20	80	0	0	33000	*	3	-
2335	245.253906	245.438802	D#5	46	80	0	0	33120	P1-184-5	0	-
2336	245.291667	245.438802	A4	36	80	0	0	33120	P1-184-4	0	-
2337	245.303385	245.489583	D#4	28	80	0	0	33120	P1-184-3	0	-
2338	245.322917	245.410156	C3	25	80	0	0	33120	P1-184-10	0	-
2339	245.720052	246.019531	D#5	41	80	0	0	33180	P1-185-3	0	-
2340	245.729167	245.872396	A4	38	80	0	0	33180	P1-185-2	0	-
2341	245.783854	246.098958	C3	27	80	0	0	33180	P1-185-9	0	-
2342	245.785156	246.009115	D#4	22	80	0	0	33180	P1-185-1	0	-
2343	246.446615	246.649740	C6	54	80	0	0	33300	P1-185-7	0	-
2344	246.450521	246.569010	F#2	31	80	0	0	33300	P1-185-11	0	-
2345	246.454427	246.595052	A5	43	80	0	0	33300	P1-185-6	0	-
2346	246.463542	246.567708	C5	44	80	0	0	33300	P1-185-4	0	-
2347	246.463542	246.574219	D#5	42	80	0	0	33300	P1-185-5	0	-
2348	246.473958	246.584635	C3	30	80	0	0	33300	P1-185-12	0	-
2349	246.835938	247.169271	C6	59	80	0	0	33360	P1-186-4	0	-
2350	246.843750	247.218750	A5	47	80	0	0	33360	P1-186-3	0	-
2351	246.850260	247.329427	D#5	49	80	0	0	33360	P1-186-2	0	-
2352	246.851562	247.188802	C5	54	80	0	0	33360	P1-186-1	0	-
2353	246.860677	246.869792	C3	38	80	0	0	33360	P1-186-11	1	-
2354	246.861979	247.579427	F#3	37	80	0	0	33360	*	3	-
2355	246.872396	248.089844	B2	34	80	0	0	33360	P1-186-10	0	-
2356	247.552083	247.643229	B5	64	80	0	0	33480	P1-186-8	0	-
2357	247.554688	247.679688	A5	63	80	0	0	33480	P1-186-7	0	-
2358	247.559896	247.628906	D#5	57	80	0	0	33480	P1-186-6	0	-
2359	247.563802	247.699219	B4	62	80	0	0	33480	P1-186-5	0	-
2360	247.592448	248.069010	F#3	37	80	0	0	33480	*	3	-
2361	247.923177	248.209635	Bb5	69	80	0	0	33540	P1-187-3	0	-
2362	247.924479	248.299479	D#5	58	80	0	0	33540	P1-187-2	0	-
2363	247.928385	248.158854	Bb4	63	80	0	0	33540	P1-187-1	0	-
2364	248.572917	248.579427	F#2	47	80	0	0	33660	P1-187-11	0	-
2365	248.584635	248.589844	F#3	49	80	0	0	33660	P1-187-12	1	-
2366	248.611979	248.701823	B5	67	80	0	0	33660	P1-187-7	0	-
2367	248.614583	248.680990	D#5	66	80	0	0	33660	P1-187-5	0	-
2368	248.617188	248.692708	A5	65	80	0	0	33660	P1-187-6	0	-
2369	248.622396	248.759115	B4	68	80	0	0	33660	P1-187-4	0	-
2370	248.645833	248.658854	A3	45	80	0	0	33660	P1-187-13	0	-
2371	248.661458	248.669271	A4	57	80	0	0	33660	*	3	-
2372	248.673177	248.779948	B3	42	80	0	0	33660	*	3	-
2373	248.966146	249.380208	B4	74	80	0	0	33720	P1-188-1	0	-
2374	248.968750	249.089844	G3	64	80	0	0	33720	P1-188-6	0	-
2375	248.972656	249.908854	E5	69	80	0	0	33720	P1-188-2	0	-
2376	248.976562	249.031250	B2	54	80	0	0	33720	P1-188-5	0	-
2377	249.147135	249.199219	B3	57	80	0	0	33750	P1-188-8	0	-
2378	249.153646	249.209635	G3	54	80	0	0	33750	P1-188-7	0	-
2379	249.326823	249.378906	G3	56	80	0	0	33780	P1-188-9	0	-
2380	249.333333	249.375000	B3	55	80	0	0	33780	P1-188-10	0	-
2381	249.505208	249.519531	E3	48	80	0	0	33810	*	3	-
2382	249.506510	249.598958	B3	59	80	0	0	33810	P1-188-12	0	-
2383	249.513021	249.589844	G3	50	80	0	0	33810	P1-188-11	0	-
2384	249.675781	249.759115	B3	64	80	0	0	33840	P1-188-14	0	-
2385	249.677083	249.789062	B4	58	80	0	0	33840	*	3	-
2386	249.677083	249.731771	G3	53	80	0	0	33840	P1-188-13	0	-
2387	249.848958	249.959635	B4	62	80	0	0	33870	*	3	-
2388	249.850260	249.891927	B3	62	80	0	0	33870	P1-188-16	0	-
2389	249.850260	249.895833	G3	64	80	0	0	33870	P1-188-15	0	-
2390	250.016927	250.605469	E5	71	80	0	0	33900	P1-189-1	0	-
2391	250.018229	250.066406	B3	61	80	0	0	33900	P1-189-4	0	-
2392	250.033854	250.188802	G#3	64	80	0	0	33900	P1-189-3	0	-
2393	250.194010	250.246094	B3	57	80	0	0	33930	P1-189-6	0	-
2394	250.200521	250.246094	G#3	56	80	0	0	33930	P1-189-5	0	-
2395	250.378906	250.423177	G#3	60	80	0	0	33960	P1-189-7	0	-
2396	250.378906	250.419271	B3	57	80	0	0	33960	P1-189-8	0	-
2397	250.561198	250.605469	B3	51	80	0	0	33990	P1-189-10	0	-
2398	250.562500	250.606771	G#3	55	80	0	0	33990	P1-189-9	0	-
2399	250.563802	250.729167	E4	38	80	0	0	33990	*	3	-
2400	250.753906	250.792969	B3	50	80	0	0	34020	P1-189-12	0	-
2401	250.755208	250.794271	G#3	47	80	0	0	34020	P1-189-11	0	-
2402	250.915365	250.958333	B3	55	80	0	0	34050	P1-189-14	0	-
2403	250.916667	250.964844	G#3	55	80	0	0	34050	P1-189-13	0	-
2404	250.917969	251.039062	E4	45	80	0	0	34050	*	3	-
2405	251.063802	251.378906	E5	65	80	0	0	34080	P1-190-3	0	-
2406	251.067708	251.229167	B4	66	80	0	0	34080	P1-190-1	0	-
2407	251.074219	251.118490	B3	65	80	0	0	34080	P1-190-9	0	-
2408	251.075521	251.122396	D4	58	80	0	0	34080	P1-190-10	0	-
2409	251.082031	251.158854	G#3	62	80	0	0	34080	P1-190-8	0	-
2410	251.089844	251.119792	D3	51	80	0	0	34080	*	3	-
2411	251.263021	251.304688	D4	52	80	0	0	34110	P1-190-13	0	-
2412	251.268229	251.312500	B3	51	80	0	0	34110	P1-190-12	0	-
2413	251.425781	251.779948	F5	66	80	0	0	34140	P1-190-6	0	-
2414	251.430990	251.476562	C5	62	80	0	0	34140	P1-190-5	0	-
2415	251.437500	251.549479	A3	66	80	0	0	34140	P1-190-14	0	-
2416	251.441406	251.539062	F4	60	80	0	0	34140	P1-190-4	0	-
2417	251.442708	251.484375	C4	59	80	0	0	34140	P1-190-15	0	-
2418	251.453125	251.569010	A4	61	80	0	0	34170	P1-190-16	1	-
2419	251.787760	251.828125	C4	52	80	0	0	34200	P1-190-19	0	-
2420	251.791667	251.938802	C5	53	80	0	0	34200	*	3	-
2421	251.792969	251.830729	A3	49	80	0	0	34200	P1-190-18	0	-
2422	251.794271	251.878906	E4	43	80	0	0	34200	*	3	-
2423	251.964844	252.029948	C4	58	80	0	0	34230	P1-190-21	0	-
2424	251.966146	252.003906	A3	55	80	0	0	34230	P1-190-20	0	-
2425	252.125000	252.199219	F5	67	80	0	0	34260	P1-191-3	1	-
2426	252.131510	252.239583	A3	71	80	0	0	34260	P1-191-8	0	-
2427	252.132812	252.250000	E5	67	80	0	0	34260	P1-191-2	0	-
2428	252.134115	252.174479	C5	68	80	0	0	34260	P1-191-1	0	-
2429	252.143229	252.149740	E3	60	80	0	0	34260	*	3	-
2430	252.174479	252.239583	E4	48	80	0	0	34260	P1-191-10	0	-
2431	252.191406	252.239583	C4	52	80	0	0	34260	P1-191-9	0	-
2432	252.289062	252.369792	E4	55	80	0	0	34290	P1-191-13	0	-
2433	252.325521	252.339844	C4	38	80	0	0	34290	P1-191-12	0	-
2434	252.455729	252.559896	G#5	63	80	0	0	34320	P1-191-6	0	-
2435	252.463542	252.549479	D5	63	80	0	0	34320	P1-191-5	0	-
2436	252.463542	252.529948	E5	59	80	0	0	34320	*	3	-
2437	252.466146	252.688802	G#4	64	80	0	0	34320	P1-191-4	0	-
2438	252.467448	252.539062	B4	61	80	0	0	34320	*	3	-
2439	252.473958	252.559896	B3	59	80	0	0	34320	P1-191-14	0	-
2440	252.475260	252.559896	D4	57	80	0	0	34320	P1-191-15	0	-
2441	252.653646	252.690104	B3	58	80	0	0	34350	P1-191-16	0	-
2442	252.664062	252.729167	D4	48	80	0	0	34350	P1-191-17	0	-
2443	252.819010	252.859375	B4	56	80	0	0	34380	*	3	-
2444	252.822917	252.864583	D4	58	80	0	0	34380	P1-191-19	0	-
2445	252.828125	252.878906	E4	47	80	0	0	34380	*	3	-
2446	252.828125	252.889323	B3	51	80	0	0	34380	P1-191-18	0	-
2447	252.986979	253.029948	B3	58	80	0	0	34410	P1-191-20	0	-
2448	252.986979	253.027344	D4	61	80	0	0	34410	P1-191-21	0	-
2449	252.992188	253.024740	D5	65	80	0	0	34440	*	3	-
2450	252.993490	253.000000	F#5	55	80	0	0	34440	*	3	-
2451	252.996094	253.049479	E4	49	80	0	0	34440	*	3	-
2452	253.111979	253.218750	G#5	70	80	0	0	34440	P1-192-4	0	-
2453	253.114583	253.184896	E5	64	80	0	0	34440	P1-192-3	0	-
2454	253.114583	253.178385	G#4	69	80	0	0	34440	P1-192-1	0	-
2455	253.115885	253.175781	D5	63	80	0	0	34440	P1-192-2	0	-
2456	253.126302	253.174479	B3	64	80	0	0	34440	P1-192-9	0	-
2457	253.127604	253.178385	D4	62	80	0	0	34440	P1-192-10	0	-
2458	253.128906	253.194010	E4	55	80	0	0	34440	P1-192-11	0	-
2459	253.294271	253.337240	E5	60	80	0	0	34440	*	3	-
2460	253.296875	253.339844	D5	60	80	0	0	34440	*	3	-
2461	253.299479	253.341146	G#4	60	80	0	0	34440	*	3	-
2462	253.302083	253.343750	B3	57	80	0	0	34470	P1-192-12	0	-
2463	253.302083	253.347656	E4	57	80	0	0	34470	P1-192-14	0	-
2464	253.303385	253.341146	B4	57	80	0	0	34470	*	3	-
2465	253.316406	253.378906	D4	50	80	0	0	34470	P1-192-13	0	-
2466	253.463542	253.513021	A4	74	80	0	0	34500	P1-192-5	0	-
2467	253.463542	253.669271	A5	75	80	0	0	34500	P1-192-7	0	-
2468	253.463542	253.513021	E5	69	80	0	0	34500	P1-192-6	0	-
2469	253.472656	253.520833	C5	71	80	0	0	34500	*	3	-
2470	253.475260	253.489583	F#4	57	80	0	0	34500	*	3	-
2471	253.484375	253.520833	E4	65	80	0	0	34500	P1-192-16	0	-
2472	253.489583	253.559896	C4	56	80	0	0	34500	P1-192-15	0	-
2473	253.623698	253.669271	E4	66	80	0	0	34530	P1-192-18	0	-
2474	253.625000	253.839844	E5	62	80	0	0	34530	*	3	-
2475	253.632812	253.839844	C5	63	80	0	0	34530	*	3	-
2476	253.632812	253.675781	C4	56	80	0	0	34530	P1-192-17	0	-
2477	253.792969	253.830729	C4	59	80	0	0	34560	P1-192-19	0	-
2478	253.792969	253.833333	E4	61	80	0	0	34560	P1-192-20	0	-
2479	253.949219	254.009115	F#4	63	80	0	0	34590	*	3	-
2480	253.951823	253.994792	E5	63	80	0	0	34590	*	3	-
2481	253.951823	253.996094	E4	66	80	0	0	34590	P1-192-22	0	-
2482	253.959635	254.006510	C4	55	80	0	0	34590	P1-192-21	0	-
2483	254.102865	254.269531	A5	80	80	0	0	34620	P1-193-3	0	-
2484	254.105469	254.259115	E5	68	80	0	0	34620	P1-193-2	0	-
2485	254.114583	254.188802	C5	64	80	0	0	34620	P1-193-1	1	-
2486	254.147135	254.209635	C4	52	80	0	0	34620	P1-193-9	0	-
2487	254.147135	254.209635	E4	44	80	0	0	34620	P1-193-10	0	-
2488	254.294271	254.352865	C#4	63	80	0	0	34650	P1-193-11	0	-
2489	254.295573	254.351562	E4	59	80	0	0	34650	P1-193-12	0	-
2490	254.473958	254.869792	G5	67	80	0	0	34680	P1-193-6	0	-
2491	254.475260	254.519531	C#5	66	80	0	0	34680	*	3	-
2492	254.475260	254.628906	E5	67	80	0	0	34680	P1-193-5	0	-
2493	254.476562	254.709635	Bb4	75	80	0	0	34680	P1-193-4	0	-
2494	254.484375	254.533854	C#4	63	80	0	0	34680	P1-193-13	0	-
2495	254.496094	254.569010	E4	56	80	0	0	34680	P1-193-14	0	-
2496	254.641927	254.750000	E5	62	80	0	0	34710	*	3	-
2497	254.644531	254.695312	E4	58	80	0	0	34710	P1-193-16	0	-
2498	254.644531	254.696615	C#4	59	80	0	0	34710	P1-193-15	0	-
2499	254.812500	254.872396	C#5	55	80	0	0	34740	*	3	-
2500	254.813802	254.876302	E4	58	80	0	0	34740	P1-193-18	0	-
2501	254.815104	254.959635	E5	58	80	0	0	34740	*	3	-
2502	254.815104	254.908854	C#4	48	80	0	0	34740	P1-193-17	0	-
2503	255.016927	255.062500	E5	53	80	0	0	34770	*	3	-
2504	255.019531	255.089844	E4	50	80	0	0	34770	P1-193-20	0	-
2505	255.023438	255.079427	C#4	48	80	0	0	34770	P1-193-19	0	-
2506	255.235677	255.329427	A5	53	80	0	0	34800	P1-194-3	0	-
2507	255.244792	255.313802	E5	48	80	0	0	34800	P1-194-2	0	-
2508	255.250000	255.305990	C#5	42	80	0	0	34800	P1-194-1	0	-
2509	255.256510	255.429688	F#4	31	80	0	0	34800	P1-194-19	0	-
2510	255.444010	255.503906	F#4	49	80	0	0	34830	P1-194-20	0	-
2511	255.446615	255.503906	F#5	52	80	0	0	34830	*	3	-
2512	255.446615	255.503906	Bb5	56	80	0	0	34830	P1-194-6	0	-
2513	255.453125	255.501302	C#5	43	80	0	0	34830	P1-194-4	0	-
2514	255.462240	255.502604	E5	50	80	0	0	34830	P1-194-5	0	-
2515	255.627604	255.678385	C#5	48	80	0	0	34860	P1-194-7	0	-
2516	255.634115	255.684896	Bb5	59	80	0	0	34860	P1-194-9	0	-
2517	255.634115	255.680990	E5	54	80	0	0	34860	P1-194-8	0	-
2518	255.636719	255.739583	F#4	45	80	0	0	34860	P1-194-21	0	-
2519	255.802083	255.854167	Bb5	63	80	0	0	34890	P1-194-12	0	-
2520	255.804688	255.851562	C#5	54	80	0	0	34890	P1-194-10	0	-
2521	255.807292	255.861979	F#5	56	80	0	0	34890	*	3	-
2522	255.807292	255.854167	E5	58	80	0	0	34890	P1-194-11	0	-
2523	255.811198	255.854167	F#4	53	80	0	0	34890	P1-194-22	0	-
2524	255.972656	256.031250	Bb5	67	80	0	0	34920	P1-194-15	0	-
2525	255.979167	256.026042	C#5	55	80	0	0	34920	P1-194-13	0	-
2526	255.980469	256.032552	F#5	58	80	0	0	34920	*	3	-
2527	255.983073	256.027344	E5	60	80	0	0	34920	P1-194-14	0	-
2528	255.984375	256.079427	F#4	50	80	0	0	34920	P1-194-23	0	-
2529	256.144531	256.204427	Bb5	67	80	0	0	34950	P1-194-18	0	-
2530	256.151042	256.199219	C#5	63	80	0	0	34950	P1-194-16	0	-
2531	256.151042	256.205729	F#5	62	80	0	0	34950	*	3	-
2532	256.153646	256.201823	E5	67	80	0	0	34950	P1-194-17	0	-
2533	256.153646	256.201823	F#4	64	80	0	0	34950	P1-194-24	0	-
2534	256.317708	256.376302	Bb5	70	80	0	0	34980	P1-195-3	0	-
2535	256.324219	256.373698	E5	69	80	0	0	34980	P1-195-2	0	-
2536	256.324219	256.372396	C#5	62	80	0	0	34980	P1-195-1	0	-
2537	256.325521	256.380208	F#4	58	80	0	0	34980	P1-195-19	0	-
2538	256.475260	256.562500	F#5	69	80	0	0	35010	*	3	-
2539	256.485677	256.559896	Bb5	69	80	0	0	35010	P1-195-6	0	-
2540	256.486979	256.565104	F#4	61	80	0	0	35010	P1-195-20	0	-
2541	256.490885	256.563802	E5	62	80	0	0	35010	P1-195-5	0	-
2542	256.667969	256.759115	F#5	67	80	0	0	35040	*	3	-
2543	256.675781	256.738281	F#4	59	80	0	0	35040	P1-195-21	0	-
2544	256.675781	256.734375	C#5	60	80	0	0	35040	P1-195-7	0	-
2545	256.680990	256.743490	Bb5	68	80	0	0	35040	P1-195-9	0	-
2546	256.682292	256.736979	E5	67	80	0	0	35040	P1-195-8	0	-
2547	256.863281	256.934896	F#4	61	80	0	0	35070	P1-195-22	0	-
2548	256.863281	256.944010	F#5	69	80	0	0	35070	*	3	-
2549	256.867188	256.933594	C#5	61	80	0	0	35070	P1-195-10	0	-
2550	256.869792	256.938802	Bb5	67	80	0	0	35070	P1-195-12	0	-
2551	256.871094	256.933594	E5	66	80	0	0	35070	P1-195-11	0	-
2552	257.063802	257.114583	Bb5	64	80	0	0	35100	P1-195-15	0	-
2553	257.063802	257.114583	C#5	65	80	0	0	35100	P1-195-13	0	-
2554	257.069010	257.114583	E5	59	80	0	0	35100	P1-195-14	0	-
2555	257.071615	257.125000	F#4	53	80	0	0	35100	P1-195-23	0	-
2556	257.225260	257.295573	Bb5	64	80	0	0	35130	P1-195-18	0	-
2557	257.227865	257.292969	C#5	57	80	0	0	35130	P1-195-16	0	-
2558	257.231771	257.287760	E5	62	80	0	0	35130	P1-195-17	0	-
2559	257.235677	257.250000	B3	50	80	0	0	35130	*	3	-
2560	257.235677	257.312500	F#4	54	80	0	0	35130	P1-195-24	0	-
2561	257.520833	257.622396	A4	66	80	0	0	35160	P1-196-16	0	-
2562	257.523438	257.608073	B5	72	80	0	0	35160	P1-196-1	0	-
2563	257.524740	257.632812	B3	56	80	0	0	35160	P1-196-13	0	-
2564	257.524740	257.609375	B6	76	80	0	0	35160	P1-196-2	0	-
2565	257.535156	257.679688	F#4	51	80	0	0	35160	P1-196-15	0	-
2566	257.542969	257.640625	D#4	47	80	0	0	35160	P1-196-14	0	-
2567	257.794271	257.919271	C7	76	80	0	0	35190	P1-196-4	0	-
2568	257.795573	257.919271	C6	75	80	0	0	35190	P1-196-3	0	-
2569	257.802083	257.884115	A4	67	80	0	0	35190	P1-196-20	0	-
2570	257.803385	257.894531	F#4	63	80	0	0	35190	P1-196-19	0	-
2571	257.811198	257.908854	B3	56	80	0	0	35190	P1-196-17	0	-
2572	257.813802	257.897135	D#4	45	80	0	0	35190	P1-196-18	0	-
2573	258.009115	258.079427	C7	80	80	0	0	35220	P1-196-6	0	-
2574	258.009115	258.083333	C6	80	80	0	0	35220	P1-196-5	0	-
2575	258.013021	258.084635	A4	68	80	0	0	35220	P1-196-24	0	-
2576	258.014323	258.096354	F#4	62	80	0	0	35220	P1-196-23	0	-
2577	258.015625	258.105469	B3	58	80	0	0	35220	P1-196-21	0	-
2578	258.022135	258.102865	D#4	54	80	0	0	35220	P1-196-22	0	-
2579	258.205729	258.269531	C7	83	80	0	0	35250	P1-196-8	0	-
2580	258.210938	258.274740	C6	81	80	0	0	35250	P1-196-7	0	-
2581	258.212240	258.279948	F#4	68	80	0	0	35250	P1-196-27	0	-
2582	258.212240	258.286458	B3	59	80	0	0	35250	P1-196-25	0	-
2583	258.212240	258.278646	A4	67	80	0	0	35250	P1-196-28	0	-
2584	258.214844	258.291667	D#4	54	80	0	0	35250	P1-196-26	0	-
2585	258.402344	258.589844	C7	79	80	0	0	35280	P1-196-10	0	-
2586	258.403646	258.500000	C6	76	80	0	0	35280	P1-196-9	0	-
2587	258.403646	258.475260	F#4	60	80	0	0	35280	P1-196-31	0	-
2588	258.404948	258.485677	B3	54	80	0	0	35280	P1-196-29	0	-
2589	258.404948	258.475260	A4	63	80	0	0	35280	P1-196-32	0	-
2590	258.410156	258.485677	D#4	50	80	0	0	35280	P1-196-30	0	-
2591	258.602865	258.709635	C7	80	80	0	0	35310	P1-196-12	0	-
2592	258.604167	258.683594	C6	73	80	0	0	35310	P1-196-11	0	-
2593	258.611979	258.695312	A4	68	80	0	0	35310	P1-196-36	0	-
2594	258.614583	258.700521	F#4	57	80	0	0	35310	P1-196-35	0	-
2595	258.625000	258.707031	D#4	45	80	0	0	35310	P1-196-34	0	-
2596	258.632812	258.708333	B3	49	80	0	0	35310	P1-196-33	0	-
2597	258.824219	258.908854	C7	82	80	0	0	35340	P1-197-2	0	-
2598	258.825521	258.907552	C6	76	80	0	0	35340	P1-197-1	0	-
2599	258.833333	258.907552	A4	64	80	0	0	35340	P1-197-16	0	-
2600	258.834635	258.923177	F#4	55	80	0	0	35340	P1-197-15	0	-
2601	258.835938	258.920573	D#4	50	80	0	0	35340	P1-197-14	0	-
2602	258.837240	258.946615	B3	54	80	0	0	35340	P1-197-13	0	-
2603	259.063802	259.149740	C7	69	80	0	0	35370	P1-197-4	0	-
2604	259.067708	259.188802	C6	70	80	0	0	35370	P1-197-3	0	-
2605	259.070312	259.138021	A4	52	80	0	0	35370	P1-197-20	0	-
2606	259.071615	259.079427	B3	49	80	0	0	35370	P1-197-17	0	-
2607	259.074219	259.143229	F#4	53	80	0	0	35370	P1-197-19	0	-
2608	259.076823	259.160156	D#4	46	80	0	0	35370	P1-197-18	0	-
2609	259.334635	259.619792	C7	75	80	0	0	35400	P1-197-6	0	-
2610	259.334635	259.539062	C6	70	80	0	0	35400	P1-197-5	0	-
2611	259.343750	259.404948	A4	54	80	0	0	35400	P1-197-24	0	-
2612	259.348958	259.444010	F#4	45	80	0	0	35400	P1-197-23	0	-
2613	259.381510	259.598958	D#4	30	80	0	0	35400	P1-197-22	0	-
2614	259.391927	259.460938	B3	37	80	0	0	35400	P1-197-21	0	-
2615	259.628906	259.979167	C7	65	80	0	0	35430	P1-197-8	0	-
2616	259.643229	259.859375	C6	60	80	0	0	35430	P1-197-7	0	-
2617	259.644531	259.697917	A4	39	80	0	0	35430	P1-197-28	0	-
2618	259.645833	259.658854	B3	31	80	0	0	35430	P1-197-25	0	-
2619	259.647135	259.718750	F#4	37	80	0	0	35430	P1-197-27	0	-
2620	259.673177	259.869792	D#4	25	80	0	0	35430	P1-197-26	0	-
2621	259.772135	259.829427	F#4	30	80	0	0	35430	*	3	-
2622	259.808594	259.929688	A4	29	80	0	0	35430	*	3	-
2623	259.986979	260.429688	C7	59	80	0	0	35460	P1-197-10	0	-
2624	260.002604	260.319010	C6	55	80	0	0	35460	P1-197-9	0	-
2625	260.013021	260.019531	B3	26	80	0	0	35460	P1-197-29	0	-
2626	260.035156	260.139323	F#4	28	80	0	0	35460	P1-197-31	0	-
2627	260.044271	260.139323	A4	27	80	0	0	35460	P1-197-32	0	-
2628	260.054688	260.419271	D#4	23	80	0	0	35460	P1-197-30	0	-
2629	260.329427	260.389323	A4	27	80	0	0	35490	*	3	-
2630	260.401042	260.449219	A4	32	80	0	0	35490	*	3	-
2631	260.444010	261.059896	C7	53	80	0	0	35490	P1-197-12	0	-
2632	260.457031	260.869792	C6	48	80	0	0	35490	P1-197-11	0	-
2633	260.460938	260.619792	A4	29	80	0	0	35490	P1-197-36	0	-
2634	260.473958	260.562500	F#4	28	80	0	0	35490	P1-197-35	0	-
2635	260.515625	260.589844	B3	25	80	0	0	35490	P1-197-33	0	-
2636	260.630208	261.429688	A4	29	80	0	0	35490	*	3	-
2637	261.074219	261.609375	C7	59	80	0	0	35520	P1-198-2	0	-
2638	261.082031	261.319010	C6	55	80	0	0	35520	P1-198-1	0	-
2639	261.083333	261.089844	E4	30	80	0	0	35520	*	3	-
2640	261.087240	261.259115	E3	29	80	0	0	35520	P1-198-5	0	-
2641	261.325521	261.429688	G4	30	80	0	0	35535	P1-198-6	0	-
2642	261.511719	261.709635	C4	29	80	0	0	35550	P1-198-7	1	-
2643	261.518229	261.639323	G4	28	80	0	0	35565	P1-198-8	0	-
2644	261.652344	261.750000	B6	61	80	0	0	35580	P1-198-4	0	-
2645	261.658854	261.729167	F#3	30	80	0	0	35580	P1-198-9	0	-
2646	261.664062	261.718750	B5	58	80	0	0	35580	P1-198-3	0	-
2647	261.845052	262.000000	B3	30	80	0	0	35610	P1-198-11	0	-
2648	261.916667	262.019531	A4	45	80	0	0	35625	P1-198-12	0	-
2649	262.024740	262.169271	G3	38	80	0	0	35640	P1-198-13	0	-
2650	262.134115	262.209635	B4	51	80	0	0	35655	P1-198-14	0	-
2651	262.192708	262.319010	B3	47	80	0	0	35670	P1-198-15	0	-
2652	262.266927	262.348958	B4	53	80	0	0	35685	P1-198-16	0	-
2653	262.505208	262.598958	B3	40	80	0	0	35700	P1-199-5	1	-
2654	262.506510	262.563802	G4	52	80	0	0	35715	*	3	-
2655	262.665365	262.759115	G4	49	80	0	0	35715	P1-199-6	0	-
2656	262.666667	262.735677	B3	39	80	0	0	35730	P1-199-7	0	-
2657	262.763021	263.539062	E6	68	80	0	0	35760	P1-199-4	0	-
2658	262.764323	262.949219	F#3	53	80	0	0	35760	P1-199-9	0	-
2659	262.765625	263.809896	E5	66	80	0	0	35760	P1-199-3	0	-
2660	262.880208	262.921875	A4	45	80	0	0	35775	P1-199-10	0	-
2661	262.950521	263.019531	B3	36	80	0	0	35790	P1-199-11	0	-
2662	263.024740	263.096354	A4	51	80	0	0	35805	P1-199-12	0	-
2663	263.024740	263.149740	B3	42	80	0	0	35805	*	3	-
2664	263.132812	263.339844	G3	46	80	0	0	35820	P1-199-13	0	-
2665	263.244792	263.348958	B4	42	80	0	0	35835	P1-199-14	0	-
2666	263.295573	263.529948	B3	48	80	0	0	35850	P1-199-15	0	-
2667	263.363281	263.468750	B4	57	80	0	0	35865	*	3	-
2668	263.483073	263.639323	B4	48	80	0	0	35865	P1-199-16	0	-
2669	263.493490	263.575521	E3	46	80	0	0	35880	P1-200-5	0	-
2670	263.535156	263.718750	G3	41	80	0	0	35895	*	3	-
2671	263.597656	263.750000	G4	49	80	0	0	35895	P1-200-6	0	-
2672	263.684896	263.829427	B3	43	80	0	0	35910	P1-200-7	0	-
2673	263.756510	263.848958	G4	49	80	0	0	35925	P1-200-8	0	-
2674	263.856771	264.359375	B5	71	80	0	0	35940	P1-200-4	0	-
2675	263.864583	264.299479	B4	72	80	0	0	35940	P1-200-3	0	-
2676	263.894531	264.098958	F#3	43	80	0	0	35940	P1-200-9	0	-
2677	263.954427	264.039062	A4	45	80	0	0	35955	P1-200-10	0	-
2678	264.032552	264.239583	B3	39	80	0	0	35970	P1-200-11	0	-
2679	264.101562	264.109375	A5	54	80	0	0	35985	*	3	-
2680	264.104167	264.359375	A4	51	80	0	0	35985	P1-200-12	0	-
2681	264.208333	264.278646	G3	47	80	0	0	36000	P1-200-13	0	-
2682	264.278646	264.355469	E3	39	80	0	0	36000	*	3	-
2683	264.307292	264.438802	B4	52	80	0	0	36015	P1-200-14	0	-
2684	264.377604	264.500000	B3	52	80	0	0	36030	P1-200-15	0	-
2685	264.444010	265.069010	B4	55	80	0	0	36045	P1-200-16	0	-
2686	264.449219	264.619792	G3	43	80	0	0	36060	*	3	-
2687	264.575521	264.709635	B3	47	80	0	0	36060	*	3	-
2688	264.576823	264.643229	E3	41	80	0	0	36060	P1-201-4	0	-
2689	264.673177	264.789062	G4	53	80	0	0	36075	P1-201-5	0	-
2690	264.764323	265.109375	G3	41	80	0	0	36075	*	3	-
2691	264.769531	265.049479	B3	42	80	0	0	36090	P1-201-6	0	-
2692	264.852865	264.979167	G4	46	80	0	0	36105	P1-201-7	0	-
2693	264.938802	265.158854	F#3	42	80	0	0	36120	P1-201-8	0	-
2694	264.975260	266.919271	E5	66	80	0	0	36120	P1-201-3	0	-
2695	265.048177	265.218750	A4	56	80	0	0	36135	P1-201-9	0	-
2696	265.139323	265.339844	B3	37	80	0	0	36150	P1-201-10	0	-
2697	265.226562	265.819010	A4	48	80	0	0	36165	P1-201-11	0	-
2698	265.305990	265.429688	D5	45	80	0	0	36165	*	3	-
2699	265.313802	265.468750	G3	37	80	0	0	36180	P1-201-12	0	-
2700	265.423177	265.549479	B4	52	80	0	0	36195	P1-201-13	0	-
2701	265.485677	265.739583	B3	43	80	0	0	36210	P1-201-14	0	-
2702	265.554688	265.949219	B4	55	80	0	0	36225	P1-201-15	0	-
2703	265.697917	265.979167	A3	38	80	0	0	36240	P1-202-4	1	-
2704	265.825521	266.029948	A4	42	80	0	0	36255	*	3	-
2705	265.837240	265.903646	G4	38	80	0	0	36255	P1-202-5	0	-
2706	265.891927	266.199219	E4	39	80	0	0	36270	P1-202-6	0	-
2707	265.984375	266.069010	G4	41	80	0	0	36285	P1-202-7	0	-
2708	266.118490	266.639323	C5	56	80	0	0	36300	P1-202-2	0	-
2709	266.123698	266.408854	Bb3	47	80	0	0	36300	P1-202-8	0	-
2710	266.213542	266.282552	G4	34	80	0	0	36315	P1-202-9	0	-
2711	266.308594	266.419271	E4	34	80	0	0	36330	P1-202-10	0	-
2712	266.429688	266.759115	G4	37	80	0	0	36345	P1-202-11	0	-
2713	266.432292	266.669271	E4	33	80	0	0	36345	*	3	-
2714	266.576823	266.979167	B4	61	80	0	0	36360	P1-202-3	0	-
2715	266.579427	266.658854	B3	46	80	0	0	36360	P1-202-12	0	-
2716	266.665365	266.959635	B3	43	80	0	0	36360	*	3	-
2717	266.772135	266.899740	G4	37	80	0	0	36375	P1-202-13	0	-
2718	266.776042	266.889323	E4	34	80	0	0	36390	*	3	-
2719	266.902344	267.049479	E4	28	80	0	0	36390	P1-202-14	0	-
2720	266.912760	267.069010	G4	34	80	0	0	36405	P1-202-15	0	-
2721	266.990885	267.378906	B4	53	80	0	0	36420	P1-203-1	0	-
2722	267.076823	267.239583	B3	36	80	0	0	36420	P1-203-3	0	-
2723	267.076823	267.199219	G4	33	80	0	0	36435	P1-203-4	0	-
2724	267.196615	267.348958	E4	31	80	0	0	36450	P1-203-5	0	-
2725	267.308594	267.399740	G4	36	80	0	0	36465	P1-203-6	0	-
2726	267.391927	267.759115	B4	47	80	0	0	36480	*	3	-
2727	267.404948	267.649740	B3	41	80	0	0	36480	P1-203-7	0	-
2728	267.506510	267.598958	G4	37	80	0	0	36495	P1-203-8	0	-
2729	267.635417	267.769531	E4	24	80	0	0	36510	P1-203-9	0	-
2730	267.709635	267.809896	G4	34	80	0	0	36525	P1-203-10	0	-
2731	267.826823	268.169271	D#5	53	80	0	0	36540	P1-203-2	0	-
2732	267.830729	268.079427	B3	39	80	0	0	36540	P1-203-11	0	-
2733	267.917969	267.989583	A4	45	80	0	0	36555	P1-203-12	0	-
2734	268.014323	268.139323	F#4	33	80	0	0	36570	P1-203-13	0	-
2735	268.066406	268.399740	A4	51	80	0	0	36585	P1-203-14	0	-
2736	268.295573	268.351562	E2	39	80	0	0	36600	P1-204-5	0	-
2737	268.337240	268.598958	E5	57	80	0	0	36600	P1-204-1	0	-
2738	268.425781	268.539062	G3	45	80	0	0	36615	P1-204-6	0	-
2739	268.553385	268.669271	B2	33	80	0	0	36630	P1-204-7	0	-
2740	268.623698	268.750000	C5	68	80	0	0	36630	P1-204-2	0	-
2741	268.643229	268.649740	C2	39	80	0	0	36630	*	3	-
2742	268.653646	268.658854	C3	35	80	0	0	36630	*	3	-
2743	268.764323	268.878906	F#2	47	80	0	0	36660	P1-204-9	0	-
2744	268.830729	269.438802	C6	67	80	0	0	36660	P1-204-3	0	-
2745	268.984375	269.119792	B2	37	80	0	0	36690	P1-204-11	0	-
2746	269.083333	269.128906	A3	33	80	0	0	36705	P1-204-12	0	-
2747	269.190104	269.269531	G2	43	80	0	0	36720	P1-204-13	0	-
2748	269.195312	269.209635	E5	37	80	0	0	36720	*	3	-
2749	269.286458	269.348958	B3	41	80	0	0	36735	P1-204-14	0	-
2750	269.380208	269.489583	B2	47	80	0	0	36750	P1-204-15	0	-
2751	269.427083	269.769531	B5	63	80	0	0	36750	P1-204-4	0	-
2752	269.428385	269.759115	B4	57	80	0	0	36750	*	3	-
2753	269.455729	269.529948	B3	45	80	0	0	36765	P1-204-16	0	-
2754	269.496094	269.598958	B2	42	80	0	0	36765	*	3	-
2755	269.604167	269.652344	E2	38	80	0	0	36780	P1-205-5	0	-
2756	269.694010	269.809896	B2	43	80	0	0	36795	*	3	-
2757	269.704427	269.889323	G3	46	80	0	0	36795	P1-205-6	0	-
2758	269.783854	270.000000	B5	69	80	0	0	36810	P1-205-2	0	-
2759	269.821615	269.919271	B2	37	80	0	0	36810	P1-205-7	0	-
2760	269.851562	269.859375	E2	38	80	0	0	36810	*	3	-
2761	269.895833	269.932292	G3	40	80	0	0	36825	P1-205-8	0	-
2762	269.990885	270.779948	F#5	62	80	0	0	36840	P1-205-3	0	-
2763	269.993490	270.040365	F#2	45	80	0	0	36840	P1-205-9	0	-
2764	270.204427	270.329427	B2	33	80	0	0	36870	P1-205-11	0	-
2765	270.290365	270.345052	A3	40	80	0	0	36885	P1-205-12	0	-
2766	270.421875	270.569010	G2	38	80	0	0	36900	P1-205-13	0	-
2767	270.503906	270.545573	B3	44	80	0	0	36915	P1-205-14	0	-
2768	270.602865	270.709635	B2	39	80	0	0	36930	P1-205-15	0	-
2769	270.671875	270.889323	E5	57	80	0	0	36930	P1-205-4	0	-
2770	270.716146	270.859375	B2	34	80	0	0	36945	P1-205-16	1	-
2771	270.819010	270.865885	E2	38	80	0	0	36960	P1-206-5	0	-
2772	270.911458	271.128906	G3	43	80	0	0	36975	P1-206-6	0	-
2773	270.914062	271.239583	G2	45	80	0	0	36975	*	3	-
2774	270.962240	271.119792	B2	36	80	0	0	36990	P1-206-7	0	-
2775	271.014323	271.289062	E5	61	80	0	0	36990	P1-206-2	0	-
2776	271.066406	271.149740	E2	34	80	0	0	37020	*	3	-
2777	271.097656	271.109375	D5	41	80	0	0	37020	*	3	-
2778	271.164062	271.230469	F#2	42	80	0	0	37020	P1-206-9	0	-
2779	271.217448	271.479167	C5	62	80	0	0	37020	P1-206-3	0	-
2780	271.433594	271.519531	B2	31	80	0	0	37050	P1-206-11	0	-
2781	271.492188	271.549479	A3	40	80	0	0	37065	P1-206-12	0	-
2782	271.585938	271.718750	G2	37	80	0	0	37080	P1-206-13	0	-
2783	271.707031	271.779948	B3	39	80	0	0	37095	P1-206-14	0	-
2784	271.789062	271.938802	B2	46	80	0	0	37110	P1-206-15	0	-
2785	271.804688	272.049479	B4	57	80	0	0	37110	P1-206-4	0	-
2786	271.816406	272.044271	B3	52	80	0	0	37125	P1-206-16	0	-
2787	271.949219	272.119792	B2	41	80	0	0	37125	*	3	-
2788	272.011719	272.089844	E3	35	80	0	0	37140	P1-207-5	1	-
2789	272.088542	272.329427	G3	44	80	0	0	37155	P1-207-6	0	-
2790	272.093750	272.218750	G4	41	80	0	0	37155	*	3	-
2791	272.132812	272.289062	B2	42	80	0	0	37170	P1-207-7	0	-
2792	272.175781	272.500000	B4	59	80	0	0	37170	P1-207-2	0	-
2793	272.364583	272.415365	F#2	55	80	0	0	37200	P1-207-9	0	-
2794	272.381510	272.709635	F#4	52	80	0	0	37200	P1-207-3	0	-
2795	272.463542	272.549479	A3	45	80	0	0	37215	P1-207-10	0	-
2796	272.589844	272.632812	B2	45	80	0	0	37230	P1-207-11	0	-
2797	272.613281	272.679688	A3	50	80	0	0	37245	P1-207-12	0	-
2798	272.705729	272.929688	G2	54	80	0	0	37260	P1-207-13	0	-
2799	272.808594	272.992188	B3	52	80	0	0	37275	P1-207-14	0	-
2800	272.873698	272.949219	B2	41	80	0	0	37290	*	3	-
2801	272.933594	272.990885	E4	56	80	0	0	37290	P1-207-4	0	-
2802	272.960938	273.279948	B2	42	80	0	0	37290	P1-207-15	0	-
2803	273.104167	273.359375	A2	54	80	0	0	37320	P1-208-4	0	-
2804	273.132812	273.369792	E4	56	80	0	0	37320	P1-208-1	0	-
2805	273.313802	273.449219	E3	44	80	0	0	37350	P1-208-6	0	-
2806	273.414062	273.529948	G3	50	80	0	0	37365	P1-208-7	0	-
2807	273.553385	273.639323	E3	50	80	0	0	37380	*	3	-
2808	273.553385	273.878906	C4	60	80	0	0	37380	P1-208-2	0	-
2809	273.583333	273.848958	Bb2	47	80	0	0	37380	P1-208-8	0	-
2810	273.694010	273.809896	G3	41	80	0	0	37395	P1-208-9	0	-
2811	273.748698	273.949219	E3	46	80	0	0	37410	P1-208-10	0	-
2812	273.867188	273.959635	G3	48	80	0	0	37425	P1-208-11	0	-
2813	273.990885	274.309896	B3	67	80	0	0	37440	P1-208-3	0	-
2814	273.993490	274.069010	B2	51	80	0	0	37440	P1-208-12	0	-
2815	274.078125	274.500000	G3	44	80	0	0	37455	P1-208-13	0	-
2816	274.082031	274.299479	B2	45	80	0	0	37455	*	3	-
2817	274.161458	274.509115	E3	46	80	0	0	37470	P1-208-14	0	-
2818	274.304688	274.408854	B2	46	80	0	0	37485	P1-208-15	1	-
2819	274.421875	274.539062	B2	48	80	0	0	37500	P1-209-7	0	-
2820	274.457031	274.739583	B3	53	80	0	0	37500	P1-209-1	0	-
2821	274.588542	274.669271	B2	42	80	0	0	37500	*	3	-
2822	274.671875	274.809896	G3	57	80	0	0	37530	P1-209-2	0	-
2823	274.725260	274.929688	B2	44	80	0	0	37530	*	3	-
2824	274.856771	275.019531	E3	58	80	0	0	37560	*	3	-
2825	275.031250	275.109375	E3	49	80	0	0	37560	P1-209-3	0	-
2826	275.044271	275.158854	C3	62	80	0	0	37590	P1-209-4	0	-
2827	275.122396	275.319010	E3	42	80	0	0	37590	*	3	-
2828	275.223958	275.500000	B2	68	80	0	0	37620	P1-209-5	0	-
2829	275.244792	275.468750	B1	60	80	0	0	37620	P1-209-8	0	-
2830	275.410156	275.455729	D#3	72	80	0	0	37650	P1-209-6	0	-
2831	275.595052	275.718750	E3	72	80	0	0	37680	P1-210-1	0	-
2832	275.595052	275.750000	E2	72	80	0	0	37680	P1-210-4	0	-
2833	275.777344	275.878906	F#3	66	80	0	0	37710	P1-210-6	0	-
2834	275.809896	275.938802	F#2	58	80	0	0	37710	P1-210-5	0	-
2835	275.960938	276.049479	G3	68	80	0	0	37740	P1-210-8	0	-
2836	275.963542	276.011719	G2	67	80	0	0	37740	P1-210-7	0	-
2837	276.153646	276.229167	A3	74	80	0	0	37770	P1-210-10	0	-
2838	276.154948	276.250000	A2	72	80	0	0	37770	P1-210-9	0	-
2839	276.164062	276.229167	G3	67	80	0	0	37770	*	3	-
2840	276.354167	276.509115	B3	76	80	0	0	37800	P1-210-12	0	-
2841	276.355469	276.809896	B2	71	80	0	0	37800	P1-210-11	0	-
2842	276.772135	278.378906	E5	74	80	0	0	37860	*	3	-
2843	276.774740	277.649740	E4	71	80	0	0	37860	P1-211-2	0	-
2844	276.783854	277.199219	C5	68	80	0	0	37860	*	3	-
2845	276.802083	277.098958	C4	58	80	0	0	37860	P1-211-1	0	-
2846	276.804688	277.069010	B3	58	80	0	0	37860	*	3	-
2847	276.815104	276.919271	C3	54	80	0	0	37860	*	3	-
2848	276.824219	277.279948	B2	53	80	0	0	37860	*	3	-
2849	278.285156	279.199219	F4	54	80	0	0	38040	P1-212-1	0	-
2850	278.300781	279.348958	A3	42	80	0	0	38040	P1-212-5	0	-
2851	278.305990	278.899740	C4	43	80	0	0	38040	P1-212-3	0	-
2852	278.312500	279.699219	A2	40	80	0	0	38040	P1-212-4	0	-
2853	279.214844	280.019531	C5	56	80	0	0	38160	P1-212-2	0	-
2854	279.704427	280.369792	B3	37	80	0	0	38220	P1-213-10	0	-
2855	279.705729	280.539062	A4	39	80	0	0	38220	P1-213-8	0	-
2856	279.713542	280.669271	F#4	34	80	0	0	38220	P1-213-7	0	-
2857	279.713542	280.729167	D#4	35	80	0	0	38220	P1-213-6	0	-
2858	279.723958	280.329427	B2	31	80	0	0	38220	P1-213-9	0	-
2859	280.583333	280.739583	B4	48	80	0	0	38340	P1-213-5	0	-
2860	280.944010	281.069010	E2	73	80	0	0	38400	P1-214-7	0	-
2861	280.950521	281.059896	E3	64	80	0	0	38400	*	3	-
2862	280.953125	281.209635	B4	63	80	0	0	38400	P1-214-3	0	-
2863	280.979167	281.119792	G4	52	80	0	0	38400	P1-214-2	0	-
2864	280.981771	281.179688	E4	48	80	0	0	38400	P1-214-1	0	-
2865	281.125000	281.174479	F#2	69	80	0	0	38430	P1-214-9	0	-
2866	281.127604	281.177083	F#1	70	80	0	0	38430	P1-214-8	0	-
2867	281.294271	281.352865	G2	69	80	0	0	38460	P1-214-11	0	-
2868	281.308594	281.352865	G1	70	80	0	0	38460	P1-214-10	0	-
2869	281.322917	281.369792	A1	69	80	0	0	38460	*	3	-
2870	281.462240	281.609375	A1	75	80	0	0	38490	P1-214-12	0	-
2871	281.462240	281.522135	A2	75	80	0	0	38490	P1-214-13	0	-
2872	281.656250	283.468750	B2	76	80	0	0	38520	P1-214-15	0	-
2873	281.664062	283.669271	B1	71	80	0	0	38520	P1-214-14	0	-
2874	281.691406	281.848958	A1	67	80	0	0	38520	*	3	-
2875	282.092448	283.419271	E3	69	80	0	0	38580	P1-215-2	0	-
2876	282.104167	282.109375	C3	61	80	0	0	38580	P1-215-1	0	-
2877	282.106771	282.119792	C4	55	80	0	0	38580	*	3	-
2878	282.122396	282.128906	C2	54	80	0	0	38580	*	3	-
2879	283.739583	284.299479	C#4	47	80	0	0	38760	*	3	-
2880	283.740885	284.649740	F3	55	80	0	0	38760	P1-216-2	0	-
2881	283.783854	284.529948	A1	50	80	0	0	38760	P1-216-4	0	-
2882	283.783854	284.539062	A2	45	80	0	0	38760	P1-216-5	0	-
2883	284.533854	285.289062	C4	56	80	0	0	38880	P1-216-3	0	-
2884	284.537760	285.079427	A1	38	80	0	0	38940	*	3	-
2885	284.544271	285.089844	A2	36	80	0	0	38940	*	3	-
2886	285.045573	286.369792	A3	42	80	0	0	38940	P1-217-7	0	-
2887	285.054688	286.369792	D#3	50	80	0	0	38940	P1-217-5	0	-
2888	285.074219	286.359375	B2	41	80	0	0	38940	P1-217-4	0	-
2889	285.074219	286.378906	B1	44	80	0	0	38940	P1-217-3	0	-
2890	285.897135	286.419271	B3	37	80	0	0	39060	P1-217-2	0	-
2891	287.507812	288.179688	C4	41	80	0	0	39240	P1-218-3	0	-
2892	288.050781	289.259115	G3	34	80	0	0	39300	P1-219-6	0	-
2893	288.058594	289.279948	E3	36	80	0	0	39300	P1-219-5	0	-
2894	288.062500	288.579427	B3	34	80	0	0	39300	*	3	-
2895	288.074219	289.239583	B2	32	80	0	0	39300	P1-219-4	0	-
2896	288.074219	288.829427	E2	33	80	0	0	39300	P1-219-3	0	-
2897	289.020833	289.149740	E2	19	80	0	0	39300	*	3	-
2898	289.024740	289.559896	B3	29	80	0	0	39420	P1-219-2	0	-
2899	290.555990	290.709635	C4	33	80	0	0	39600	P1-220-3	0	-
2900	291.014323	291.279948	F#3	27	80	0	0	39660	P1-221-5	0	-
2901	291.014323	291.389323	C4	27	80	0	0	39660	*	3	-
2902	291.014323	291.408854	A3	28	80	0	0	39660	P1-221-6	0	-
2903	291.024740	291.348958	B2	27	80	0	0	39660	P1-221-4	0	-
2904	291.026042	291.468750	B1	29	80	0	0	39660	P1-221-3	0	-
2905	291.029948	291.319010	D#4	23	80	0	0	39780	P1-221-2	0	-
2906	291.535156	291.869792	B3	24	80	0	0	39660	*	3	-
2907	291.535156	291.889323	F#3	19	80	0	0	39660	*	3	-
2908	291.537760	291.908854	A3	24	80	0	0	39660	*	3	-
2909	291.537760	291.878906	B2	20	80	0	0	39660	*	3	-
2910	291.786458	292.109375	D#4	31	80	0	0	39780	*	3	-
2911	292.287760	292.739583	E4	24	80	0	0	39840	P1-222-4	0	-
2912	292.302083	292.658854	E2	20	80	0	0	39840	P1-222-7	0	-
2913	292.303385	292.569010	E3	21	80	0	0	39840	*	3	-
2914	292.311198	292.619792	G3	23	80	0	0	39840	P1-222-8	0	-
2915	292.312500	292.598958	B3	21	80	0	0	39840	*	3	-
2916	293.203125	294.399740	C5	56	80	0	0	39960	P1-222-3	0	-
2917	293.726562	294.250000	B3	26	80	0	0	40020	P1-223-10	0	-
2918	293.734375	294.289062	F#4	25	80	0	0	40020	P1-223-7	0	-
2919	293.735677	294.079427	B2	23	80	0	0	40020	P1-223-9	0	-
2920	293.748698	293.759115	Eb3	21	80	0	0	40020	*	3	-
2921	293.766927	294.779948	D#4	20	80	0	0	40020	P1-223-6	0	-
2922	296.268229	297.289062	C5	51	80	0	0	40320	P1-224-3	0	-
2923	296.834635	297.378906	G4	29	80	0	0	40380	P1-225-7	0	-
2924	296.839844	298.089844	E4	23	80	0	0	40380	P1-225-6	0	-
2925	296.867188	297.500000	E3	24	80	0	0	40380	P1-225-8	0	-
2926	297.824219	298.500000	B4	35	80	0	0	40500	P1-225-5	0	-
2927	299.223958	299.809896	C5	39	80	0	0	40680	P1-226-4	0	-
2928	299.734375	300.539062	A4	34	80	0	0	40740	P1-227-7	0	-
2929	299.735677	301.250000	B3	29	80	0	0	40740	P1-227-9	0	-
2930	300.493490	300.819010	D#5	36	80	0	0	40860	P1-227-3	0	-
2931	300.942708	301.908854	E5	42	80	0	0	40920	P1-228-5	0	-
2932	300.992188	301.199219	G4	24	80	0	0	40920	P1-228-4	0	-
2933	301.919271	302.619792	C6	54	80	0	0	41040	P1-228-3	0	-
2934	302.546875	304.529948	A5	41	80	0	0	41100	P1-229-5	0	-
2935	302.552083	305.289062	F#5	35	80	0	0	41100	P1-229-4	0	-
2936	302.559896	303.829427	D#5	34	80	0	0	41100	P1-229-3	0	-
2937	302.566406	303.319010	B4	37	80	0	0	41100	P1-229-9	0	-
2938	303.727865	304.669271	B5	39	80	0	0	41220	P1-229-8	0	-
2939	305.143229	306.139323	C5	44	80	0	0	41400	P1-230-4	0	-
2940	306.537760	307.139323	B4	44	80	0	0	41520	P1-231-6	0	-
2941	307.144531	307.669271	F#5	41	80	0	0	41580	P1-231-4	0	-
2942	307.149740	307.598958	D#5	33	80	0	0	41580	P1-231-3	0	-
2943	307.156250	307.699219	A4	31	80	0	0	41580	P1-231-8	0	-
2944	307.194010	307.688802	F#4	20	80	0	0	41580	P1-231-7	0	-
2945	307.601562	308.259115	G5	48	80	0	0	41640	P1-232-2	0	-
2946	307.617188	308.089844	E5	35	80	0	0	41640	P1-232-1	0	-
2947	307.651042	308.000000	G4	23	80	0	0	41640	P1-232-7	0	-
2948	307.652344	307.949219	E4	20	80	0	0	41640	P1-232-6	0	-
2949	308.226562	308.429688	F#5	44	80	0	0	41730	P1-232-4	0	-
2950	308.234375	308.348958	D#5	36	80	0	0	41730	P1-232-3	0	-
2951	308.240885	308.489583	A4	30	80	0	0	41730	P1-232-9	0	-
2952	308.408854	308.679688	E5	41	80	0	0	41760	P1-232-5	0	-
2953	308.442708	308.559896	G4	25	80	0	0	41760	P1-232-10	0	-
2954	308.882812	309.509115	A5	45	80	0	0	41820	P1-233-2	0	-
2955	308.888021	309.408854	F#5	30	80	0	0	41820	P1-233-1	0	-
2956	308.901042	309.239583	A4	31	80	0	0	41820	P1-233-8	0	-
2957	308.924479	309.250000	F#4	15	80	0	0	41820	P1-233-7	0	-
2958	308.944010	309.158854	D4	15	80	0	0	41820	P1-233-6	0	-
2959	309.825521	310.079427	A5	50	80	0	0	41940	P1-233-5	0	-
2960	309.833333	310.109375	F#5	37	80	0	0	41940	P1-233-4	0	-
2961	310.371094	311.199219	A5	48	80	0	0	42000	P1-234-2	0	-
2962	310.373698	311.149740	F#5	39	80	0	0	42000	P1-234-1	0	-
2963	310.377604	310.789062	C5	30	80	0	0	42000	P1-234-6	0	-
2964	311.109375	311.378906	G5	45	80	0	0	42090	P1-234-3	0	-
2965	311.144531	311.329427	B4	28	80	0	0	42090	P1-234-8	0	-
2966	311.144531	311.299479	D5	25	80	0	0	42090	P1-234-9	0	-
2967	311.334635	311.959635	A5	46	80	0	0	42120	P1-234-5	0	-
2968	311.343750	311.919271	F#5	37	80	0	0	42120	P1-234-4	0	-
2969	311.352865	311.829427	C5	33	80	0	0	42120	P1-234-11	0	-
2970	311.364583	311.750000	A4	32	80	0	0	42120	P1-234-10	0	-
2971	311.930990	312.339844	B5	39	80	0	0	42180	P1-235-2	0	-
2972	311.933594	312.529948	G5	34	80	0	0	42180	P1-235-1	0	-
2973	311.951823	312.348958	B4	34	80	0	0	42180	P1-235-6	0	-
2974	313.194010	313.598958	B5	41	80	0	0	42300	P1-235-4	0	-
2975	313.820312	314.569010	B5	43	80	0	0	42360	P1-236-1	0	-
2976	313.822917	314.359375	G5	38	80	0	0	42360	P1-236-5	0	-
2977	314.796875	315.119792	A5	43	80	0	0	42450	P1-236-2	0	-
2978	314.796875	315.098958	F#5	34	80	0	0	42450	P1-236-6	0	-
2979	315.113281	315.739583	E5	29	80	0	0	42480	P1-236-7	0	-
2980	315.114583	315.329427	B5	39	80	0	0	42480	P1-236-4	0	-
2981	315.114583	315.938802	G5	35	80	0	0	42480	P1-236-3	0	-
2982	319.861979	321.079427	E6	56	80	0	0	42660	P1-237-5	0	-
2983	319.865885	321.049479	E5	52	80	0	0	42660	P1-237-4	0	-
2984	320.582031	321.009115	B3	39	80	0	0	42720	P1-238-9	0	-
2985	320.638021	321.128906	E3	25	80	0	0	42720	P1-238-8	0	-
2986	320.640625	321.169271	G2	25	80	0	0	42720	P1-238-7	0	-
2987	321.470052	321.544271	D#6	62	80	0	0	42810	P1-238-4	0	-
2988	321.472656	321.533854	D#5	56	80	0	0	42810	P1-238-3	0	-
2989	321.680990	321.819010	E6	64	80	0	0	42840	P1-238-6	0	-
2990	321.682292	321.839844	E5	64	80	0	0	42840	P1-238-5	0	-
2991	321.872396	322.039062	E5	47	80	0	0	42840	*	3	-
2992	322.242188	322.919271	F#4	60	80	0	0	42900	P1-239-3	0	-
2993	322.259115	322.809896	E4	50	80	0	0	42900	P1-239-2	0	-
2994	322.278646	323.229167	A2	44	80	0	0	42900	P1-239-7	0	-
2995	322.279948	322.718750	C4	48	80	0	0	42900	P1-239-1	0	-
2996	323.264323	323.459635	F#4	63	80	0	0	43020	P1-239-6	0	-
2997	323.268229	323.589844	Bb2	61	80	0	0	43020	P1-239-8	0	-
2998	323.270833	323.619792	E4	56	80	0	0	43020	P1-239-5	0	-
2999	323.319010	323.619792	C#4	44	80	0	0	43020	P1-239-4	0	-
3000	323.466146	323.669271	F#4	53	80	0	0	43020	*	3	-
3001	323.598958	323.750000	Bb2	48	80	0	0	43020	*	3	-
3002	323.873698	324.598958	F#4	57	80	0	0	43080	P1-240-1	0	-
3003	323.895833	324.908854	B3	53	80	0	0	43080	*	3	-
3004	323.898438	325.639323	B2	47	80	0	0	43080	P1-240-7	0	-
3005	323.902344	324.779948	D#4	50	80	0	0	43080	P1-240-6	0	-
3006	323.921875	325.619792	A3	49	80	0	0	43080	P1-240-5	0	-
3007	325.003906	325.269531	G4	50	80	0	0	43170	P1-240-2	0	-
3008	325.266927	325.569010	A4	54	80	0	0	43200	P1-240-3	0	-
3009	325.490885	325.769531	G4	55	80	0	0	43230	P1-240-4	0	-
3010	325.700521	326.059896	F#5	54	80	0	0	43260	*	3	-
3011	325.710938	326.529948	C3	46	80	0	0	43260	P1-241-5	0	-
3012	325.710938	326.438802	F#4	47	80	0	0	43260	P1-241-1	0	-
3013	325.717448	326.109375	G3	43	80	0	0	43260	P1-241-6	0	-
3014	326.345052	326.639323	E5	47	80	0	0	43320	*	3	-
3015	326.350260	326.579427	E4	53	80	0	0	43320	P1-241-2	0	-
3016	327.003906	328.279948	E6	70	80	0	0	43380	P1-241-4	0	-
3017	327.011719	328.289062	E5	68	80	0	0	43380	P1-241-3	0	-
3018	327.035156	327.319010	B2	50	80	0	0	43380	P1-241-8	0	-
3019	327.036458	327.389323	B1	49	80	0	0	43380	P1-241-7	0	-
3020	327.292969	327.519531	A2	64	80	0	0	43410	P1-241-10	0	-
3021	327.300781	327.579427	A1	65	80	0	0	43410	P1-241-9	0	-
3022	327.553385	328.539062	G2	64	80	0	0	43440	P1-242-8	0	-
3023	327.562500	328.438802	G1	62	80	0	0	43440	P1-242-7	0	-
3024	328.322917	328.628906	D#6	78	80	0	0	43530	P1-242-4	0	-
3025	328.325521	328.559896	D#5	68	80	0	0	43530	P1-242-3	0	-
3026	328.572917	329.309896	E5	70	80	0	0	43560	P1-242-5	0	-
3027	328.572917	329.329427	E6	73	80	0	0	43560	P1-242-6	0	-
3028	328.582031	329.250000	G#2	58	80	0	0	43560	P1-242-10	0	-
3029	328.583333	329.309896	G#1	56	80	0	0	43560	P1-242-9	0	-
3030	329.454427	330.479167	F#5	60	80	0	0	43620	*	3	-
3031	329.455729	330.459635	F#4	54	80	0	0	43620	P1-243-3	0	-
3032	329.463542	330.459635	A2	46	80	0	0	43620	P1-243-8	0	-
3033	329.463542	330.039062	E5	56	80	0	0	43620	*	3	-
3034	329.464844	329.479167	E4	50	80	0	0	43620	P1-243-2	0	-
3035	329.468750	329.479167	C4	45	80	0	0	43620	P1-243-1	0	-
3036	331.157552	332.209635	F#4	37	80	0	0	43740	P1-243-6	0	-
3037	331.162760	331.859375	Bb2	33	80	0	0	43740	P1-243-10	1	-
3038	331.164062	331.869792	C#4	30	80	0	0	43740	P1-243-4	0	-
3039	332.222656	333.878906	F#4	31	80	0	0	43800	P1-244-1	0	-
3040	332.223958	337.039062	B3	34	80	0	0	43800	*	3	-
3041	332.235677	336.329427	B2	27	80	0	0	43800	P1-244-8	0	-
3042	332.238281	335.729167	D#4	25	80	0	0	43800	P1-244-6	0	-
3043	332.240885	335.549479	A3	32	80	0	0	43800	P1-244-5	0	-
3044	332.243490	332.500000	B1	30	80	0	0	43800	P1-244-7	0	-
//Missing 0	P1-0-3
//Missing 0	P1-0-4
//Missing 180	P1-1-3
//Missing 1680	P1-10-6
//Missing 2760	P1-16-5
//Missing 3030	P1-17-3
//Missing 3030	P1-17-4
//Missing 3840	P1-22-1
//Missing 4200	P1-24-1
//Missing 4320	P1-24-4
//Missing 4560	P1-26-5
//Missing 4560	P1-26-6
//Missing 4860	P1-27-4
//Missing 4920	P1-28-2
//Missing 4920	P1-28-7
//Missing 5040	P1-28-9
//Missing 5100	P1-29-2
//Missing 5100	P1-29-11
//Missing 5760	P1-32-8
//Missing 5820	P1-33-4
//Missing 6300	P1-35-5
//Missing 7380	P1-41-6
//Missing 7440	P1-42-6
//Missing 8160	P1-46-3
//Missing 8430	P1-47-14
//Missing 9000	P1-50-17
//Missing 9030	P1-50-20
//Missing 9030	P1-50-21
//Missing 9120	P1-51-7
//Missing 9180	P1-51-13
//Missing 9420	P1-53-3
//Missing 9420	P1-53-4
//Missing 9420	P1-53-5
//Missing 9450	P1-53-8
//Missing 9450	P1-53-10
//Missing 9480	P1-53-13
//Missing 9510	P1-53-20
//Missing 9540	P1-53-23
//Missing 9570	P1-53-28
//Missing 9630	P1-54-8
//Missing 9630	P1-54-9
//Missing 9660	P1-54-14
//Missing 9660	P1-54-15
//Missing 9690	P1-54-18
//Missing 9690	P1-54-20
//Missing 9690	P1-54-44
//Missing 9720	P1-54-23
//Missing 9720	P1-54-25
//Missing 9720	P1-54-48
//Missing 9750	P1-54-27
//Missing 9750	P1-54-28
//Missing 9750	P1-54-29
//Missing 9750	P1-54-30
//Missing 9750	P1-54-53
//Missing 9870	P1-55-11
//Missing 10290	P1-57-15
//Missing 10890	P1-61-7
//Missing 11205	P1-62-16
//Missing 11640	P1-65-8
//Missing 11655	P1-65-9
//Missing 11880	P1-66-8
//Missing 12300	P1-69-8
//Missing 12480	P1-70-7
//Missing 12660	P1-71-2
//Missing 13680	P1-76-5
//Missing 13920	P1-78-9
//Missing 13920	P1-78-6
//Missing 13920	P1-78-7
//Missing 14280	P1-80-1
//Missing 14280	P1-80-2
//Missing 14460	P1-81-1
//Missing 14460	P1-81-2
//Missing 14460	P1-81-3
//Missing 14640	P1-82-1
//Missing 15120	P1-84-2
//Missing 15180	P1-85-14
//Missing 15270	P1-85-6
//Missing 15540	P1-87-18
//Missing 16260	P1-91-15
//Missing 16410	P1-91-14
//Missing 16590	P1-92-22
//Missing 16650	P1-93-7
//Missing 16680	P1-93-8
//Missing 16710	P1-93-11
//Missing 16740	P1-93-13
//Missing 16890	P1-94-3
//Missing 16950	P1-94-17
//Missing 16950	P1-94-18
//Missing 17010	P1-95-9
//Missing 17160	P1-96-2
//Missing 17430	P1-97-14
//Missing 17700	P1-99-1
//Missing 17730	P1-99-14
//Missing 17790	P1-99-23
//Missing 17790	P1-99-25
//Missing 17850	P1-99-31
//Missing 17880	P1-100-2
//Missing 17940	P1-100-15
//Missing 18270	P1-102-12
//Missing 18300	P1-102-14
//Missing 18450	P1-103-11
//Missing 18510	P1-103-14
//Missing 19050	P1-106-8
//Missing 19110	P1-106-11
//Missing 19230	P1-107-8
//Missing 19290	P1-107-11
//Missing 20595	P1-115-2
//Missing 20625	P1-115-4
//Missing 20880	P1-116-9
//Missing 21000	P1-117-17
//Missing 21180	P1-118-15
//Missing 23415	P1-130-10
//Missing 23475	P1-131-2
//Missing 27000	P1-150-11
//Missing 28500	P1-159-5
//Missing 28680	P1-160-7
//Missing 29400	P1-164-9
//Missing 29760	P1-166-14
//Missing 29940	P1-167-6
//Missing 30060	P1-167-4
//Missing 30060	P1-167-5
//Missing 30060	P1-167-10
//Missing 30120	P1-168-1
//Missing 30120	P1-168-2
//Missing 30120	P1-168-6
//Missing 30300	P1-169-5
//Missing 30600	P1-170-4
//Missing 30660	P1-171-2
//Missing 31500	P1-175-8
//Missing 31560	P1-176-4
//Missing 31896	P1-177-14
//Missing 32280	P1-180-8
//Missing 32760	P1-182-2
//Missing 32760	P1-182-3
//Missing 32760	P1-182-6
//Missing 32820	P1-183-5
//Missing 32940	P1-183-4
//Missing 32940	P1-183-7
//Missing 33120	P1-184-9
//Missing 33120	P1-184-11
//Missing 33180	P1-185-8
//Missing 33180	P1-185-10
//Missing 33300	P1-185-13
//Missing 33360	P1-186-9
//Missing 33720	P1-188-3
//Missing 33720	P1-188-4
//Missing 33900	P1-189-2
//Missing 34080	P1-190-2
//Missing 34110	P1-190-11
//Missing 34170	P1-190-17
//Missing 34290	P1-191-11
//Missing 34680	P1-193-7
//Missing 35010	P1-195-4
//Missing 35490	P1-197-34
//Missing 35595	P1-198-10
//Missing 35745	P1-199-8
//Missing 36645	P1-204-8
//Missing 36675	P1-204-10
//Missing 36855	P1-205-10
//Missing 37005	P1-206-8
//Missing 37035	P1-206-10
//Missing 37185	P1-207-8
//Missing 37305	P1-207-16
//Missing 37335	P1-208-5
//Missing 38400	P1-214-6
//Missing 38760	P1-216-1
//Missing 38940	P1-217-6
//Missing 40020	P1-223-8
//Missing 40140	P1-223-5
//Missing 40380	P1-225-9
//Missing 40740	P1-227-8
//Missing 40740	P1-227-6
//Missing 40920	P1-228-8
//Missing 41730	P1-232-8
//Missing 41940	P1-233-10
//Missing 42000	P1-234-7
//Missing 42180	P1-235-5
//Missing 42300	P1-235-8
//Missing 42540	P1-237-1
//Missing 42540	P1-237-2
//Missing 42540	P1-237-6
//Missing 43620	P1-243-7
//Missing 43740	P1-243-5
//Missing 43740	P1-243-9
//Missing 43890	P1-244-2
//Missing 43920	P1-244-3
//Missing 43950	P1-244-4
//Missing 43980	P1-245-1
//Missing 43980	P1-245-2
//Missing 43980	P1-245-5
