//Version: PianoRoll_v170101
0	1.468750	1.537760	E3	59	80	0
1	1.473958	1.541667	G3	59	80	0
2	1.473958	1.559896	B3	58	80	0
3	1.481771	1.544271	E2	52	80	0
4	1.488281	1.540365	G2	50	80	0
5	1.938802	2.229167	E4	65	80	0
6	1.940104	2.369792	G4	70	80	0
7	1.942708	2.378906	E3	69	80	0
8	1.944010	2.399740	G3	72	80	0
9	1.946615	2.209635	B3	71	80	0
10	1.953125	2.468750	E2	66	80	0
11	1.954427	2.079427	B2	67	80	0
12	1.954427	2.128906	G2	68	80	0
13	2.514323	2.679688	F#4	65	80	0
14	2.515625	2.688802	F#5	65	80	0
15	2.647135	2.707031	E5	70	80	0
16	2.657552	2.789062	E4	69	80	0
17	2.658854	2.705729	E3	66	80	0
18	2.665365	2.799479	E2	62	80	0
19	2.665365	2.729167	G2	62	80	0
20	3.071615	3.239583	A3	72	80	0
21	3.075521	3.299479	F#5	71	80	0
22	3.075521	3.348958	D3	71	80	0
23	3.075521	3.359375	A4	75	80	0
24	3.076823	3.339844	F#4	69	80	0
25	3.082031	3.369792	D2	68	80	0
26	3.083333	3.269531	A2	67	80	0
27	3.967448	4.128906	A5	49	80	0
28	3.973958	4.105469	A4	43	80	0
29	3.973958	4.100260	F#5	38	80	0
30	3.984375	4.000000	D3	32	80	0
31	3.984375	4.109375	D5	32	80	0
32	4.002604	4.108073	F#4	28	80	0
33	4.015625	4.111979	D4	27	80	0
34	4.477865	4.809896	A4	47	80	0
35	4.480469	4.759115	F#5	44	80	0
36	4.485677	4.750000	D5	40	80	0
37	4.492188	4.848958	F#4	37	80	0
38	4.494792	4.859375	C4	35	80	0
39	4.515625	4.529948	D3	32	80	0
40	4.516927	4.759115	D4	31	80	0
41	5.100260	5.199219	G4	42	80	0
42	5.104167	5.229167	D5	40	80	0
43	5.113281	5.279948	B4	34	80	0
44	5.126302	5.209635	B3	27	80	0
45	5.136719	5.195312	D4	29	80	0
46	5.259115	5.359375	A4	52	80	0
47	5.268229	5.339844	C5	45	80	0
48	5.269531	5.669271	F#4	37	80	0
49	5.278646	5.359375	A3	40	80	0
50	5.292969	5.399740	C4	32	80	0
51	5.694010	6.149740	B4	48	80	0
52	5.722656	6.079427	B3	29	80	0
53	5.723958	5.729167	D4	21	80	0
54	5.723958	6.098958	G3	26	80	0
55	5.725260	6.119792	G4	25	80	0
56	6.523438	6.592448	B4	68	80	0
57	6.523438	6.583333	D4	62	80	0
58	6.524740	6.628906	G3	64	80	0
59	6.524740	6.639323	B3	67	80	0
60	6.528646	6.585938	G4	64	80	0
61	6.536458	6.593750	G2	51	80	0
62	6.925781	7.250000	G3	71	80	0
63	6.927083	7.500000	G2	64	80	0
64	6.934896	7.408854	B3	73	80	0
65	6.936198	7.519531	B4	75	80	0
66	6.940104	7.188802	D4	67	80	0
67	6.944010	7.299479	G4	66	80	0
68	6.953125	6.959635	F4	59	80	0
69	7.505208	7.553385	A4	75	80	0
70	7.648438	7.819010	G4	68	80	0
71	7.652344	7.819010	B3	72	80	0
72	7.653646	7.769531	G3	69	80	0
73	7.660156	7.759115	G1	71	80	0
74	7.664062	7.756510	G2	70	80	0
75	8.045573	8.408854	C#5	67	80	0
76	8.050781	8.229167	Bb3	75	80	0
77	8.054688	8.389323	F#4	61	80	0
78	8.054688	8.339844	F#2	68	80	0
79	8.054688	8.399740	Bb4	66	80	0
80	8.055990	8.319010	C#4	59	80	0
81	8.059896	8.348958	F#1	69	80	0
82	9.050781	9.319010	C#5	48	80	0
83	9.069010	9.329427	Bb4	47	80	0
84	9.080729	9.399740	F#4	34	80	0
85	9.533854	10.128906	C#5	52	80	0
86	9.554688	9.609375	Bb4	49	80	0
87	9.571615	10.259115	E4	31	80	0
88	9.615885	9.949219	F#4	32	80	0
89	9.621094	9.843750	Bb4	39	80	0
90	10.145833	10.296875	B4	55	80	0
91	10.184896	10.559896	F#4	25	80	0
92	10.194010	10.274740	D4	25	80	0
93	10.316406	10.649740	C#5	52	80	0
94	10.345052	10.639323	Bb4	43	80	0
95	10.361979	10.539062	E4	29	80	0
96	10.365885	10.559896	C#4	29	80	0
97	10.786458	11.319010	D5	45	80	0
98	10.819010	11.259115	B4	37	80	0
99	10.824219	11.079427	F#4	25	80	0
100	10.825521	11.098958	B3	30	80	0
101	10.828125	11.158854	D4	27	80	0
102	11.822917	12.779948	D5	58	80	0
103	12.244792	12.449219	G5	37	80	0
104	12.253906	14.029948	G4	28	80	0
105	12.264323	12.779948	B4	31	80	0
106	12.296875	13.218750	D4	23	80	0
107	12.305990	13.149740	B3	27	80	0
108	12.644531	13.859375	G5	54	80	0
109	13.041667	13.750000	E5	53	80	0
110	13.096354	13.848958	E4	22	80	0
111	13.417969	13.908854	D5	44	80	0
112	13.462240	13.959635	D4	20	80	0
113	13.812500	14.069010	C5	51	80	0
114	14.207031	15.059896	C5	62	80	0
115	14.234375	14.549479	Eb4	34	80	0
116	14.235677	14.979167	F#4	35	80	0
117	14.566406	14.579427	D5	48	80	0
118	14.572917	15.609375	D4	49	80	0
119	14.915365	15.479167	A5	62	80	0
120	14.984375	15.139323	F#4	28	80	0
121	15.295573	15.789062	C5	67	80	0
122	15.334635	15.739583	F#4	46	80	0
123	15.656250	16.250000	G4	44	80	0
124	16.046875	16.160156	B4	58	80	0
125	16.436198	17.519531	B4	58	80	0
126	16.454427	16.949219	G3	33	80	0
127	16.485677	16.569010	D4	24	80	0
128	16.845052	17.598958	E3	39	80	0
129	17.225260	17.438802	G4	43	80	0
130	17.645833	17.829427	E5	33	80	0
131	17.648438	18.639323	G4	32	80	0
132	17.670573	18.109375	E4	25	80	0
133	18.050781	18.059896	E5	26	80	0
134	18.063802	18.549479	C5	35	80	0
135	18.097656	18.598958	C4	23	80	0
136	18.473958	18.718750	E5	31	80	0
137	18.475260	18.578125	E4	30	80	0
138	18.963542	20.098958	E5	33	80	0
139	18.964844	19.408854	E4	26	80	0
140	18.993490	19.199219	C4	23	80	0
141	18.993490	19.389323	C3	26	80	0
142	19.000000	19.169271	G3	23	80	0
143	19.591146	20.408854	C2	24	80	0
144	20.184896	20.199219	D5	28	80	0
145	20.235677	20.569010	G3	23	80	0
146	20.868490	21.639323	E3	23	80	0
147	22.082031	22.938802	B3	23	80	0
148	22.084635	22.619792	Eb3	21	80	0
149	22.102865	22.750000	B2	20	80	0
150	25.692708	26.809896	E6	55	80	0
151	25.694010	26.769531	E5	49	80	0
152	26.250000	27.128906	B3	36	80	0
153	26.274740	27.009115	E3	26	80	0
154	26.289062	27.009115	G2	24	80	0
155	26.980469	27.119792	Eb6	59	80	0
156	26.984375	27.052083	Eb5	51	80	0
157	27.014323	27.269531	G2	23	80	0
158	27.019531	27.419271	E3	21	80	0
159	27.154948	27.229167	E6	64	80	0
160	27.154948	27.269531	E5	64	80	0
161	27.205729	27.218750	E2	25	80	0
162	27.385417	27.848958	E5	33	80	0
163	27.656250	28.158854	F#5	57	80	0
164	27.664062	28.359375	F#4	55	80	0
165	27.679688	28.319010	A2	42	80	0
166	27.684896	28.229167	E4	43	80	0
167	27.701823	28.119792	C4	37	80	0
168	28.493490	28.779948	F#4	62	80	0
169	28.505208	28.789062	Bb2	49	80	0
170	28.506510	28.769531	E4	55	80	0
171	28.540365	28.709635	C#4	43	80	0
172	28.966146	29.559896	F#5	68	80	0
173	28.980469	29.500000	F#4	65	80	0
174	29.003906	29.819010	A3	59	80	0
175	29.005208	29.500000	Eb4	52	80	0
176	29.005208	29.569010	B3	51	80	0
177	29.018229	30.000000	B2	47	80	0
178	29.709635	29.829427	G5	58	80	0
179	29.710938	29.829427	G4	61	80	0
180	29.897135	29.989583	A5	62	80	0
181	29.898438	30.009115	A4	64	80	0
182	30.053385	30.169271	G4	62	80	0
183	30.054688	30.598958	G5	62	80	0
184	30.242188	30.819010	F#4	54	80	0
185	30.244792	30.679688	F#5	56	80	0
186	30.263021	31.019531	C3	42	80	0
187	30.266927	31.079427	G3	44	80	0
188	30.735677	30.864583	E5	53	80	0
189	30.743490	30.834635	E4	58	80	0
190	31.113281	32.079427	E6	68	80	0
191	31.121094	32.139323	E5	67	80	0
192	31.152344	31.419271	B2	50	80	0
193	31.152344	31.158854	E4	44	80	0
194	31.352865	31.589844	A2	54	80	0
195	31.640625	32.158854	E4	44	80	0
196	31.645833	32.169271	B3	48	80	0
197	31.653646	32.389323	E3	50	80	0
198	31.684896	32.309896	G2	43	80	0
199	32.303385	32.419271	Eb6	74	80	0
200	32.304688	32.408854	Eb5	65	80	0
201	32.477865	32.699219	E5	72	80	0
202	32.479167	32.579427	E6	72	80	0
203	32.486979	32.679688	G#3	61	80	0
204	32.493490	32.750000	G#2	60	80	0
205	32.964844	33.718750	F#4	63	80	0
206	32.986979	33.000000	E4	49	80	0
207	32.988281	33.750000	A2	56	80	0
208	34.084635	34.559896	F#5	55	80	0
209	34.104167	34.509115	C#5	47	80	0
210	34.104167	34.489583	E4	41	80	0
211	34.105469	34.549479	F#4	43	80	0
212	34.108073	34.609375	Bb2	37	80	0
213	34.113281	34.509115	C#4	38	80	0
214	34.825521	36.549479	F#5	45	80	0
215	34.837240	36.299479	F#4	36	80	0
216	34.842448	35.429688	B3	34	80	0
217	34.846354	35.669271	Eb5	40	80	0
218	34.854167	36.619792	Eb4	32	80	0
219	34.859375	36.718750	B2	28	80	0
220	34.860677	36.679688	A3	33	80	0
221	34.873698	34.878906	B1	31	80	0
222	36.054688	36.968750	A4	38	80	0
223	36.438802	36.899740	G4	35	80	0
224	36.847656	37.179688	F#5	34	80	0
225	36.859375	36.899740	F#4	30	80	0
226	36.911458	37.158854	F#4	28	80	0
227	37.500000	38.628906	E4	24	80	0
228	37.503906	38.438802	E3	21	80	0
229	37.513021	38.229167	E2	20	80	0
230	39.854167	40.179688	B4	42	80	0
231	39.898438	40.250000	B1	21	80	0
232	39.899740	40.179688	B2	17	80	0
233	40.330729	40.649740	B4	43	80	0
234	40.351562	40.769531	B2	20	80	0
235	40.359375	40.639323	F#4	18	80	0
236	40.361979	40.549479	B1	22	80	0
237	41.087240	41.389323	E5	39	80	0
238	41.105469	41.319010	B3	26	80	0
239	41.108073	41.378906	B4	34	80	0
240	41.110677	41.348958	E2	23	80	0
241	41.114583	41.699219	E3	26	80	0
242	41.121094	41.429688	E4	27	80	0
243	41.539062	41.929688	E5	34	80	0
244	41.544271	41.769531	B4	27	80	0
245	41.554688	41.908854	E4	23	80	0
246	42.290365	42.416667	B5	42	80	0
247	42.299479	42.424479	B4	35	80	0
248	42.299479	42.414062	B2	24	80	0
249	42.303385	42.427083	B3	26	80	0
250	42.733073	42.808594	B5	42	80	0
251	42.736979	42.822917	B2	26	80	0
252	42.738281	42.899740	B3	28	80	0
253	42.744792	42.908854	B4	34	80	0
254	43.475260	43.679688	E5	36	80	0
255	43.477865	43.848958	E3	22	80	0
256	43.480469	43.789062	E4	26	80	0
257	43.925781	44.139323	E5	34	80	0
258	43.938802	44.199219	E4	20	80	0
259	44.621094	44.662760	F5	67	80	0
260	44.622396	44.679688	F6	70	80	0
261	44.623698	44.671875	B5	68	80	0
262	44.623698	44.665365	D5	61	80	0
263	44.626302	44.699219	D6	63	80	0
264	44.628906	44.670573	B4	61	80	0
265	44.635417	44.709635	G4	53	80	0
266	44.658854	44.729167	F4	47	80	0
267	44.671875	44.729167	D4	46	80	0
268	44.673177	44.705729	B3	36	80	0
269	45.052083	45.688802	F5	70	80	0
270	45.052083	45.819010	F6	76	80	0
271	45.061198	45.848958	D5	65	80	0
272	45.063802	45.688802	B4	72	80	0
273	45.071615	46.089844	F4	59	80	0
274	45.072917	45.779948	D6	66	80	0
275	45.091146	46.119792	B3	47	80	0
276	45.093750	45.979167	D4	52	80	0
277	45.695312	45.809896	E6	56	80	0
278	45.786458	45.908854	D6	58	80	0
279	45.863281	45.959635	C6	62	80	0
280	45.871094	45.968750	F5	51	80	0
281	45.941406	46.020833	B5	64	80	0
282	46.026042	46.084635	A5	67	80	0
283	46.102865	46.199219	G5	67	80	0
284	46.174479	46.299479	F5	65	80	0
285	46.259115	46.329427	E5	65	80	0
286	46.345052	46.459635	D5	65	80	0
287	46.403646	46.460938	C5	67	80	0
288	46.475260	46.544271	B4	66	80	0
289	46.541667	46.596354	A4	60	80	0
290	46.609375	46.729167	G4	57	80	0
291	46.673177	46.819010	F4	56	80	0
292	46.747396	46.798177	E4	58	80	0
293	46.837240	46.908854	D5	56	80	0
294	46.842448	46.929688	D4	56	80	0
295	46.886719	46.899740	C5	55	80	0
296	46.897135	47.000000	C4	51	80	0
297	46.954427	47.039062	B3	61	80	0
298	47.007812	47.169271	A3	53	80	0
299	47.071615	47.123698	G3	52	80	0
300	47.135417	47.214844	F#3	63	80	0
301	47.197917	47.279948	C3	60	80	0
302	47.209635	47.529948	G3	74	80	0
303	47.975260	48.139323	D4	69	80	0
304	47.980469	48.279948	F4	66	80	0
305	47.985677	48.000000	G#3	66	80	0
306	47.986979	48.052083	B2	70	80	0
307	47.994792	48.050781	B1	64	80	0
308	48.402344	48.649740	E5	70	80	0
309	48.403646	48.609375	E4	67	80	0
310	48.403646	48.718750	C4	71	80	0
311	48.404948	48.598958	C3	74	80	0
312	48.406250	48.628906	G3	73	80	0
313	48.415365	48.549479	E3	62	80	0
314	48.417969	48.628906	C2	72	80	0
315	49.177083	49.359375	G#5	72	80	0
316	49.183594	49.339844	D4	71	80	0
317	49.183594	49.309896	E5	70	80	0
318	49.183594	49.449219	D5	74	80	0
319	49.191406	49.277344	B5	70	80	0
320	49.192708	49.359375	B3	68	80	0
321	49.194010	49.369792	G#3	61	80	0
322	49.201823	49.359375	E3	60	80	0
323	49.627604	50.309896	G#5	76	80	0
324	49.627604	50.279948	D5	77	80	0
325	49.635417	50.029948	B5	71	80	0
326	49.638021	50.848958	D4	69	80	0
327	49.647135	50.809896	B3	67	80	0
328	49.654948	50.899740	G#3	56	80	0
329	49.661458	51.389323	E3	58	80	0
330	50.279948	50.529948	C6	64	80	0
331	50.373698	50.519531	B5	64	80	0
332	50.434896	50.493490	A5	68	80	0
333	50.514323	50.628906	G#5	65	80	0
334	50.585938	50.709635	F#5	64	80	0
335	50.661458	50.779948	E5	63	80	0
336	50.730469	50.839844	D5	61	80	0
337	50.805990	50.859375	C5	67	80	0
338	50.875000	50.968750	B4	69	80	0
339	50.940104	50.984375	A4	61	80	0
340	51.002604	51.139323	G#4	50	80	0
341	51.058594	51.134115	F#4	58	80	0
342	51.135417	51.184896	E5	60	80	0
343	51.141927	51.205729	E4	58	80	0
344	51.204427	51.251302	D4	57	80	0
345	51.279948	51.334635	C4	56	80	0
346	51.343750	51.449219	B3	63	80	0
347	51.424479	51.492188	A3	55	80	0
348	51.489583	51.544271	G#3	61	80	0
349	51.554688	51.628906	F#3	61	80	0
350	51.626302	51.739583	E3	63	80	0
351	51.674479	51.799479	Eb3	70	80	0
352	51.746094	52.098958	E3	70	80	0
353	51.782552	51.848958	G#2	57	80	0
354	52.486979	52.500000	G#3	71	80	0
355	52.492188	52.709635	B3	72	80	0
356	52.501302	52.561198	E3	65	80	0
357	52.503906	52.578125	D4	65	80	0
358	52.507812	52.628906	G#2	71	80	0
359	52.513021	52.649740	G#1	68	80	0
360	52.924479	53.369792	A3	74	80	0
361	52.928385	53.259115	A2	74	80	0
362	52.933594	53.449219	A1	73	80	0
363	52.933594	53.199219	C4	68	80	0
364	52.940104	53.209635	E3	68	80	0
365	54.007812	54.259115	Bb5	53	80	0
366	54.023438	54.399740	Bb3	31	80	0
367	54.031250	54.250000	Bb4	41	80	0
368	54.557292	55.329427	Bb5	62	80	0
369	54.585938	55.128906	Bb4	46	80	0
370	54.604167	56.059896	Bb3	36	80	0
371	55.243490	55.369792	A5	50	80	0
372	55.346354	55.449219	G5	48	80	0
373	55.447917	55.515625	F5	56	80	0
374	55.545573	55.598958	Eb5	49	80	0
375	55.641927	55.686198	D5	45	80	0
376	55.730469	55.781250	C5	54	80	0
377	55.838542	55.968750	Bb4	50	80	0
378	55.928385	55.983073	A4	51	80	0
379	55.950521	56.000000	C5	46	80	0
380	56.016927	56.067708	G4	42	80	0
381	56.110677	56.250000	F4	43	80	0
382	56.235677	56.305990	Eb4	44	80	0
383	56.356771	56.415365	D4	44	80	0
384	56.473958	56.545573	C4	41	80	0
385	56.575521	56.889323	Bb3	48	80	0
386	57.053385	57.539062	Bb3	47	80	0
387	57.830729	57.984375	E4	37	80	0
388	58.295573	58.759115	E4	44	80	0
389	59.013021	59.149740	G4	44	80	0
390	59.028646	59.179688	Bb4	39	80	0
391	59.042969	59.209635	Bb3	30	80	0
392	59.058594	59.250000	E4	26	80	0
393	59.444010	60.429688	G4	47	80	0
394	59.463542	60.119792	Bb3	33	80	0
395	59.472656	59.639323	Bb4	41	80	0
396	59.503906	59.878906	E4	21	80	0
397	60.180990	60.375000	C#5	46	80	0
398	60.214844	60.419271	Bb4	33	80	0
399	60.235677	60.459635	E4	19	80	0
400	60.664062	61.089844	C#5	37	80	0
401	60.697917	61.019531	E4	20	80	0
402	60.701823	61.009115	Bb4	30	80	0
403	60.705729	61.000000	G4	24	80	0
404	61.432292	61.729167	G5	68	80	0
405	61.433594	61.739583	E5	56	80	0
406	61.446615	61.679688	Bb4	55	80	0
407	61.449219	61.688802	C#5	53	80	0
408	61.451823	61.699219	Bb3	53	80	0
409	61.458333	61.583333	G4	49	80	0
410	61.472656	61.613281	C#4	44	80	0
411	61.481771	61.598958	E4	42	80	0
412	61.882812	62.679688	G5	68	80	0
413	61.893229	62.839844	E5	62	80	0
414	61.911458	62.419271	C#5	57	80	0
415	61.914062	62.479167	C#4	55	80	0
416	61.915365	62.419271	Bb3	52	80	0
417	61.920573	62.408854	G4	55	80	0
418	61.920573	62.408854	Bb4	59	80	0
419	61.924479	62.389323	E4	50	80	0
420	61.929688	61.938802	Bb2	44	80	0
421	62.657552	62.968750	F#5	70	80	0
422	62.673177	62.834635	F#4	57	80	0
423	62.697917	62.869792	E4	36	80	0
424	63.046875	63.579427	F5	67	80	0
425	63.053385	63.519531	F4	57	80	0
426	63.074219	63.399740	E5	54	80	0
427	63.074219	63.500000	F#4	56	80	0
428	63.079427	63.089844	C5	44	80	0
429	63.087240	63.569010	E4	49	80	0
430	63.804688	64.029948	F#5	74	80	0
431	63.816406	64.049479	E5	67	80	0
432	63.819010	64.019531	C#5	61	80	0
433	63.825521	64.009115	Bb4	66	80	0
434	63.826823	64.009115	F#4	55	80	0
435	63.830729	64.049479	Bb3	59	80	0
436	63.834635	63.997396	C#4	53	80	0
437	63.837240	63.966146	E4	49	80	0
438	64.144531	64.933594	F#5	73	80	0
439	64.156250	64.519531	D5	61	80	0
440	64.164062	64.519531	B4	66	80	0
441	64.173177	64.348958	F#4	54	80	0
442	64.180990	64.281250	D4	58	80	0
443	64.187500	64.359375	B3	52	80	0
444	64.364583	64.412760	F#4	40	80	0
445	64.364583	64.449219	D4	44	80	0
446	64.371094	64.449219	B3	47	80	0
447	64.527344	64.658854	D5	49	80	0
448	64.527344	64.588542	F#4	47	80	0
449	64.529948	64.709635	B4	48	80	0
450	64.536458	64.585938	D4	45	80	0
451	64.544271	64.639323	B3	47	80	0
452	64.709635	64.773438	D5	51	80	0
453	64.714844	64.774740	B4	54	80	0
454	64.722656	64.777344	F#4	45	80	0
455	64.723958	64.783854	D4	48	80	0
456	64.723958	64.782552	B3	49	80	0
457	64.878906	64.937500	F#4	49	80	0
458	64.878906	64.941406	D4	51	80	0
459	64.884115	64.940104	B4	54	80	0
460	64.885417	64.937500	B3	49	80	0
461	65.032552	65.093750	B3	57	80	0
462	65.033854	65.095052	D4	54	80	0
463	65.040365	65.096354	F#4	55	80	0
464	65.041667	65.091146	B4	56	80	0
465	65.216146	65.949219	F#5	73	80	0
466	65.222656	65.408854	B4	78	80	0
467	65.222656	65.290365	B3	67	80	0
468	65.235677	65.309896	D4	64	80	0
469	65.243490	65.298177	D3	59	80	0
470	65.246094	65.294271	F#3	53	80	0
471	65.403646	65.463542	B3	60	80	0
472	65.403646	65.569010	D3	47	80	0
473	65.406250	65.658854	D4	51	80	0
474	65.408854	65.464844	F#3	44	80	0
475	65.416667	65.641927	B4	54	80	0
476	65.427083	65.539062	F#4	40	80	0
477	65.583333	65.634115	D3	41	80	0
478	65.595052	65.679688	B3	48	80	0
479	65.602865	65.669271	F#3	42	80	0
480	65.751302	65.803385	B3	48	80	0
481	65.759115	65.804688	F#3	39	80	0
482	65.760417	65.859375	D3	40	80	0
483	65.916667	65.992188	B4	53	80	0
484	65.924479	65.994792	B3	52	80	0
485	65.925781	66.039062	F#4	37	80	0
486	65.933594	65.938802	D4	44	80	0
487	65.937500	65.996094	F#3	40	80	0
488	65.955729	65.998698	D3	38	80	0
489	66.105469	66.154948	B3	51	80	0
490	66.113281	66.188802	D4	47	80	0
491	66.114583	66.166667	F#3	51	80	0
492	66.125000	66.339844	D3	49	80	0
493	66.165365	66.188802	F#4	36	80	0
494	66.247396	66.500000	B4	75	80	0
495	66.261719	66.399740	F#4	57	80	0
496	66.268229	66.316406	A3	53	80	0
497	66.273438	66.369792	F#3	54	80	0
498	66.276042	66.289062	Eb4	51	80	0
499	66.277344	66.339844	Eb3	53	80	0
500	66.445312	66.501302	A3	51	80	0
501	66.446615	66.513021	Eb3	43	80	0
502	66.453125	66.507812	F#3	45	80	0
503	66.615885	66.713542	C5	69	80	0
504	66.621094	66.779948	G3	62	80	0
505	66.623698	66.708333	C4	57	80	0
506	66.639323	66.878906	E3	54	80	0
507	66.643229	66.649740	C3	56	80	0
508	66.662760	66.929688	G4	50	80	0
509	66.792969	66.889323	G3	43	80	0
510	66.973958	67.032552	G3	50	80	0
511	66.973958	67.024740	E3	45	80	0
512	66.981771	66.989583	C4	42	80	0
513	67.154948	67.239583	G3	54	80	0
514	67.156250	67.200521	E3	51	80	0
515	67.161458	67.169271	C4	46	80	0
516	67.308594	67.377604	C5	68	80	0
517	67.322917	67.449219	G4	63	80	0
518	67.324219	67.378906	C4	61	80	0
519	67.324219	67.373698	E3	62	80	0
520	67.324219	67.459635	B3	65	80	0
521	67.325521	67.378906	C3	60	80	0
522	67.326823	67.408854	G3	60	80	0
523	67.485677	67.539062	G3	53	80	0
524	67.488281	67.545573	C4	56	80	0
525	67.493490	67.609375	E3	52	80	0
526	67.501302	67.539062	C3	52	80	0
527	67.660156	67.989583	Eb5	68	80	0
528	67.664062	67.705729	A3	68	80	0
529	67.666667	67.908854	Eb4	63	80	0
530	67.667969	67.679688	C4	56	80	0
531	67.674479	67.819010	F#3	63	80	0
532	67.825521	67.929688	A3	67	80	0
533	67.832031	67.938802	F#3	54	80	0
534	68.010417	68.059896	F#3	49	80	0
535	68.013021	68.098958	C4	47	80	0
536	68.013021	68.109375	A3	54	80	0
537	68.179688	68.222656	A3	65	80	0
538	68.180990	68.229167	C4	51	80	0
539	68.183594	68.259115	F#3	60	80	0
540	68.195312	68.209635	C3	49	80	0
541	68.334635	68.375000	Eb5	73	80	0
542	68.338542	68.399740	A4	76	80	0
543	68.352865	68.429688	C4	62	80	0
544	68.356771	68.401042	A3	66	80	0
545	68.365885	68.509115	F#3	57	80	0
546	68.367188	68.438802	C3	52	80	0
547	68.513021	68.554688	C4	57	80	0
548	68.513021	68.562500	A3	66	80	0
549	68.514323	68.669271	F#3	55	80	0
550	68.686198	68.740885	B3	67	80	0
551	68.692708	68.750000	G3	67	80	0
552	68.692708	68.919271	E5	74	80	0
553	68.703125	68.919271	E4	67	80	0
554	68.855469	68.914062	G3	61	80	0
555	68.858073	68.938802	B3	58	80	0
556	69.024740	69.070312	B3	63	80	0
557	69.035156	69.119792	G3	48	80	0
558	69.192708	69.235677	B3	71	80	0
559	69.192708	69.236979	G3	67	80	0
560	69.192708	69.269531	B4	64	80	0
561	69.352865	69.415365	E5	74	80	0
562	69.352865	69.408854	B3	70	80	0
563	69.354167	69.609375	B4	73	80	0
564	69.356771	69.500000	G#3	75	80	0
565	69.361979	69.438802	C#3	64	80	0
566	69.527344	69.539062	D3	58	80	0
567	69.527344	69.574219	B3	67	80	0
568	69.528646	69.580729	D5	64	80	0
569	69.532552	69.609375	D4	65	80	0
570	69.542969	69.609375	G#3	57	80	0
571	69.707031	69.829427	C#5	66	80	0
572	69.707031	69.919271	F5	71	80	0
573	69.707031	69.789062	C#4	59	80	0
574	69.709635	69.744792	B3	65	80	0
575	69.713542	69.979167	F4	63	80	0
576	69.721354	69.799479	G#3	65	80	0
577	69.723958	69.779948	B4	64	80	0
578	69.723958	69.729167	G#2	63	80	0
579	69.894531	70.019531	C#5	55	80	0
580	69.895833	69.951823	C#4	53	80	0
581	69.895833	69.958333	B3	52	80	0
582	69.903646	69.959635	G#3	51	80	0
583	70.096354	70.289062	C#4	46	80	0
584	70.104167	70.199219	B3	49	80	0
585	70.125000	70.359375	B4	40	80	0
586	70.302083	70.354167	C#4	44	80	0
587	70.533854	70.699219	E5	49	80	0
588	70.542969	70.549479	C#3	34	80	0
589	70.544271	70.750000	G#4	41	80	0
590	70.544271	70.604167	C#4	34	80	0
591	70.555990	70.639323	B4	40	80	0
592	70.716146	70.769531	C#4	44	80	0
593	70.727865	70.809896	B4	45	80	0
594	70.727865	70.774740	F5	47	80	0
595	70.748698	70.759115	C#3	36	80	0
596	70.760417	70.979167	G#4	28	80	0
597	70.897135	70.946615	F5	52	80	0
598	70.917969	70.955729	B4	44	80	0
599	70.924479	71.019531	C#4	35	80	0
600	70.929688	70.989583	C#3	35	80	0
601	71.084635	71.169271	F5	56	80	0
602	71.093750	71.130208	B4	53	80	0
603	71.105469	71.209635	G#4	43	80	0
604	71.113281	71.179688	C#4	41	80	0
605	71.115885	71.179688	C#3	43	80	0
606	71.257812	71.309896	F5	61	80	0
607	71.260417	71.348958	C#5	49	80	0
608	71.266927	71.311198	B4	54	80	0
609	71.274740	71.315104	C#4	42	80	0
610	71.295573	71.369792	C#3	43	80	0
611	71.444010	71.485677	F5	60	80	0
612	71.445312	71.485677	B4	59	80	0
613	71.457031	71.529948	G#4	52	80	0
614	71.467448	71.539062	C#4	42	80	0
615	71.617188	71.709635	F5	62	80	0
616	71.617188	71.660156	C#5	62	80	0
617	71.622396	71.661458	B4	65	80	0
618	71.634115	71.699219	G#4	51	80	0
619	71.635417	71.709635	C#4	51	80	0
620	71.798177	71.841146	B4	64	80	0
621	71.800781	71.899740	F5	69	80	0
622	71.813802	71.878906	G#4	58	80	0
623	71.813802	71.845052	C#4	54	80	0
624	71.975260	72.079427	F5	65	80	0
625	71.976562	72.049479	C#5	59	80	0
626	71.976562	72.059896	C#4	55	80	0
627	71.976562	72.059896	G#4	59	80	0
628	71.979167	72.059896	B4	62	80	0
629	72.157552	72.279948	F5	68	80	0
630	72.160156	72.259115	C#4	56	80	0
631	72.160156	72.205729	B4	65	80	0
632	72.165365	72.208333	G#4	59	80	0
633	72.346354	72.449219	F5	68	80	0
634	72.347656	72.500000	B4	65	80	0
635	72.352865	72.429688	G#4	65	80	0
636	72.358073	72.395833	C#4	58	80	0
637	72.511719	72.572917	F5	70	80	0
638	72.513021	72.575521	C#4	64	80	0
639	72.515625	72.570312	G#4	67	80	0
640	72.515625	72.609375	C#5	68	80	0
641	72.518229	72.571615	B4	68	80	0
642	72.730469	72.869792	Bb5	77	80	0
643	72.734375	72.889323	F#5	72	80	0
644	72.734375	72.839844	E5	70	80	0
645	72.735677	72.859375	C#5	64	80	0
646	72.743490	72.826823	C#4	59	80	0
647	72.744792	72.919271	E4	65	80	0
648	72.744792	72.847656	F#3	64	80	0
649	72.748698	72.938802	Bb3	59	80	0
650	73.001302	73.089844	E5	69	80	0
651	73.002604	73.078125	G5	76	80	0
652	73.002604	73.074219	Bb5	73	80	0
653	73.005208	73.079427	E6	71	80	0
654	73.007812	73.079427	Bb4	70	80	0
655	73.009115	73.067708	C#4	54	80	0
656	73.016927	73.072917	F#3	65	80	0
657	73.022135	73.069010	E4	59	80	0
658	73.032552	73.109375	Bb3	51	80	0
659	73.214844	73.294271	G5	72	80	0
660	73.214844	73.298177	G6	79	80	0
661	73.214844	73.298177	Bb5	75	80	0
662	73.218750	73.300781	E6	72	80	0
663	73.227865	73.239583	G3	61	80	0
664	73.234375	73.294271	C#4	56	80	0
665	73.235677	73.250000	E3	52	80	0
666	73.235677	73.339844	Bb3	57	80	0
667	73.243490	73.289062	E4	54	80	0
668	73.404948	73.492188	G5	72	80	0
669	73.414062	73.484375	E5	69	80	0
670	73.415365	73.494792	Bb5	70	80	0
671	73.419271	73.502604	E6	66	80	0
672	73.425781	73.539062	C#6	64	80	0
673	73.427083	73.493490	C#4	51	80	0
674	73.432292	73.494792	F#3	59	80	0
675	73.440104	73.494792	E4	53	80	0
676	73.442708	73.496094	Bb3	49	80	0
677	73.614583	73.712240	G6	75	80	0
678	73.617188	73.712240	Bb5	68	80	0
679	73.618490	73.628906	C#5	62	80	0
680	73.618490	73.718750	Bb4	63	80	0
681	73.619792	73.707031	G5	68	80	0
682	73.621094	73.704427	E6	65	80	0
683	73.623698	73.694010	E4	57	80	0
684	73.625000	73.700521	C#4	53	80	0
685	73.653646	73.729167	Bb3	45	80	0
686	73.654948	73.739583	F#3	44	80	0
687	73.821615	73.914062	E5	67	80	0
688	73.825521	73.923177	G5	71	80	0
689	73.825521	73.839844	C#5	56	80	0
690	73.826823	73.923177	E6	64	80	0
691	73.826823	73.929688	G6	77	80	0
692	73.830729	73.920573	Bb5	64	80	0
693	73.837240	73.916667	C#4	45	80	0
694	73.839844	73.916667	E4	56	80	0
695	73.842448	73.848958	G3	51	80	0
696	73.845052	73.938802	Bb3	46	80	0
697	74.037760	74.145833	G6	72	80	0
698	74.044271	74.149740	Bb5	60	80	0
699	74.046875	74.156250	E6	54	80	0
700	74.048177	74.145833	G5	61	80	0
701	74.054688	74.179688	C#6	51	80	0
702	74.062500	74.128906	C#5	50	80	0
703	74.066406	74.144531	E4	38	80	0
704	74.067708	74.149740	C#4	34	80	0
705	74.072917	74.188802	Bb3	48	80	0
706	74.075521	74.158854	F#3	37	80	0
707	74.295573	74.759115	G6	59	80	0
708	74.304688	74.394531	G5	56	80	0
709	74.307292	74.394531	Bb5	54	80	0
710	74.324219	74.401042	C#4	40	80	0
711	74.330729	74.395833	E4	38	80	0
712	74.334635	74.429688	F#3	34	80	0
713	74.343750	74.438802	Bb3	37	80	0
714	74.570312	74.729167	G5	51	80	0
715	74.574219	74.799479	Bb5	54	80	0
716	74.575521	74.589844	F#5	47	80	0
717	74.575521	74.809896	C#6	50	80	0
718	74.582031	74.589844	C#5	45	80	0
719	74.584635	74.718750	Bb4	45	80	0
720	74.588542	74.700521	C#4	37	80	0
721	74.606771	74.701823	E4	31	80	0
722	74.625000	74.750000	F#3	29	80	0
723	74.634115	74.750000	Bb3	34	80	0
724	74.869792	75.019531	G5	50	80	0
725	74.873698	75.009115	F#5	50	80	0
726	74.875000	75.128906	Bb5	52	80	0
727	74.881510	75.109375	E6	53	80	0
728	74.882812	74.959635	C#5	39	80	0
729	74.886719	75.019531	Bb4	43	80	0
730	74.890625	75.049479	F#3	36	80	0
731	74.894531	74.973958	E4	32	80	0
732	74.901042	74.981771	C#4	27	80	0
733	75.216146	75.529948	G5	45	80	0
734	75.222656	75.949219	Bb5	42	80	0
735	75.225260	75.908854	E6	39	80	0
736	75.226562	75.269531	C#5	35	80	0
737	75.229167	75.429688	F#5	42	80	0
738	75.233073	75.399740	Bb4	38	80	0
739	75.246094	75.489583	E4	27	80	0
740	75.248698	75.430990	C#4	27	80	0
741	75.257812	75.639323	F#3	29	80	0
742	75.731771	75.878906	G5	43	80	0
743	75.738281	75.829427	C4	32	80	0
744	75.765625	75.779948	E3	30	80	0
745	75.768229	75.839844	E4	27	80	0
746	75.777344	75.959635	F#3	30	80	0
747	76.345052	76.639323	G6	56	80	0
748	76.351562	76.589844	G5	53	80	0
749	76.393229	76.481771	B2	29	80	0
750	76.666667	76.729167	D4	34	80	0
751	76.677083	76.779948	B2	34	80	0
752	76.682292	76.839844	F#3	35	80	0
753	76.764323	76.859375	D5	42	80	0
754	76.769531	76.848958	D4	37	80	0
755	76.888021	76.966146	F#6	69	80	0
756	76.893229	77.029948	C#3	49	80	0
757	76.903646	77.049479	F#5	63	80	0
758	77.044271	77.084635	E4	41	80	0
759	77.162760	77.250000	E4	40	80	0
760	77.269531	77.519531	D3	46	80	0
761	77.377604	77.479167	F#4	39	80	0
762	77.520833	77.649740	F#3	41	80	0
763	77.524740	77.584635	F#4	52	80	0
764	77.692708	77.779948	B3	48	80	0
765	77.694010	77.848958	B2	55	80	0
766	77.807292	77.979167	D5	45	80	0
767	77.813802	77.868490	D4	44	80	0
768	77.936198	78.029948	F#4	30	80	0
769	77.953125	78.049479	F#3	31	80	0
770	78.014323	78.128906	B2	46	80	0
771	78.016927	78.089844	D4	46	80	0
772	78.035156	78.119792	B3	42	80	0
773	78.109375	78.154948	B5	63	80	0
774	78.109375	78.119792	C#4	52	80	0
775	78.113281	78.269531	C#3	56	80	0
776	78.123698	78.167969	B4	58	80	0
777	78.216146	78.272135	E4	52	80	0
778	78.365885	78.500000	F#3	43	80	0
779	78.365885	78.438802	E4	50	80	0
780	78.467448	78.718750	D3	58	80	0
781	78.571615	78.679688	F#4	50	80	0
782	78.683594	78.821615	F#3	47	80	0
783	78.684896	78.899740	F#4	43	80	0
784	78.794271	78.850260	B2	51	80	0
785	78.796875	78.848958	D5	44	80	0
786	78.796875	78.938802	B3	45	80	0
787	78.904948	79.009115	D5	49	80	0
788	78.904948	79.009115	D4	42	80	0
789	79.019531	79.119792	F#3	37	80	0
790	79.066406	79.179688	D5	50	80	0
791	79.072917	79.125000	D4	43	80	0
792	79.173177	79.339844	F#5	69	80	0
793	79.195312	79.329427	F#4	51	80	0
794	79.203125	79.299479	C#4	43	80	0
795	79.213542	79.399740	F#3	43	80	0
796	79.292969	79.363281	E4	48	80	0
797	79.404948	79.619792	F#3	38	80	0
798	79.475260	79.559896	E4	46	80	0
799	79.493490	79.688802	D4	40	80	0
800	79.657552	79.889323	F#4	47	80	0
801	79.903646	80.039062	F#4	38	80	0
802	79.903646	79.977865	B3	47	80	0
803	79.906250	79.975260	B2	44	80	0
804	80.014323	80.149740	D5	54	80	0
805	80.014323	80.089844	D4	47	80	0
806	80.104167	80.158854	D4	42	80	0
807	80.115885	80.339844	F#3	39	80	0
808	80.154948	80.399740	F#4	39	80	0
809	80.164062	80.259115	D5	50	80	0
810	80.165365	80.255208	D4	44	80	0
811	80.218750	80.289062	D3	46	80	0
812	80.278646	80.438802	B4	70	80	0
813	80.292969	80.350260	B3	58	80	0
814	80.316406	80.369792	G2	41	80	0
815	80.385417	80.434896	E4	45	80	0
816	80.519531	80.869792	B3	44	80	0
817	80.522135	80.578125	E4	54	80	0
818	80.615885	80.759115	D3	57	80	0
819	80.617188	80.729167	D4	55	80	0
820	80.723958	80.869792	F#4	50	80	0
821	80.773438	80.889323	D3	45	80	0
822	80.816406	81.069010	F#3	46	80	0
823	80.880208	81.019531	F#4	54	80	0
824	81.011719	81.319010	E3	48	80	0
825	81.013021	81.119792	E4	43	80	0
826	81.104167	81.177083	D5	53	80	0
827	81.105469	81.183594	D4	46	80	0
828	81.222656	81.438802	B3	41	80	0
829	81.334635	81.479167	D4	44	80	0
830	81.440104	81.589844	G4	53	80	0
831	81.476562	81.709635	F3	35	80	0
832	81.572917	81.615885	D5	46	80	0
833	81.583333	81.679688	D4	36	80	0
834	81.640625	81.829427	B3	40	80	0
835	81.764323	81.899740	D4	33	80	0
836	81.912760	82.119792	F#3	40	80	0
837	81.912760	82.149740	F#4	49	80	0
838	82.010417	82.065104	D4	38	80	0
839	82.097656	82.229167	B3	38	80	0
840	82.186198	82.243490	D4	41	80	0
841	82.294271	82.539062	F#4	46	80	0
842	82.369792	82.579427	F#3	36	80	0
843	82.380208	82.468750	D4	30	80	0
844	82.471354	82.619792	B3	36	80	0
845	82.576823	82.625000	D5	46	80	0
846	82.578125	82.635417	D4	38	80	0
847	82.683594	82.954427	F#4	33	80	0
848	82.781250	82.837240	D5	48	80	0
849	82.783854	82.859375	D4	42	80	0
850	82.877604	82.989583	B4	42	80	0
851	82.993490	83.072917	D4	40	80	0
852	83.003906	83.095052	B3	36	80	0
853	83.143229	83.319010	F#2	38	80	0
854	83.143229	83.263021	Bb4	58	80	0
855	83.246094	83.332031	E4	32	80	0
856	83.382812	83.500000	C#4	38	80	0
857	83.454427	83.563802	E4	37	80	0
858	83.636719	83.735677	B2	48	80	0
859	83.776042	83.855469	D4	42	80	0
860	83.891927	83.989583	G5	69	80	0
861	83.954427	84.041667	D4	43	80	0
862	84.075521	84.153646	C#3	50	80	0
863	84.108073	84.279948	G6	70	80	0
864	84.183594	84.339844	E4	46	80	0
865	84.291667	84.444010	F#3	31	80	0
866	84.352865	84.438802	E4	48	80	0
867	84.354167	84.407552	E5	50	80	0
868	84.472656	84.669271	D3	49	80	0
869	84.595052	84.819010	F#5	43	80	0
870	84.636719	84.649740	F#4	23	80	0
871	84.723958	84.799479	F#4	54	80	0
872	84.739583	84.852865	F#3	42	80	0
873	84.774740	84.929688	F#6	62	80	0
874	84.880208	85.019531	F#4	36	80	0
875	84.884115	84.954427	B2	43	80	0
876	84.990885	85.109375	D5	55	80	0
877	84.993490	85.139323	D4	52	80	0
878	85.105469	85.171875	F#6	71	80	0
879	85.135417	85.259115	F#3	44	80	0
880	85.145833	85.209635	D5	49	80	0
881	85.147135	85.239583	D4	45	80	0
882	85.263021	85.459635	C#4	55	80	0
883	85.268229	85.438802	C#3	60	80	0
884	85.294271	85.669271	C#6	66	80	0
885	85.355469	85.559896	E5	54	80	0
886	85.368490	85.519531	E4	50	80	0
887	85.451823	85.621094	F#3	42	80	0
888	85.532552	85.658854	E4	47	80	0
889	85.653646	85.839844	D4	50	80	0
890	85.664062	85.842448	D3	53	80	0
891	85.759115	85.769531	F#4	30	80	0
892	85.759115	85.769531	F#5	37	80	0
893	85.885417	86.009115	F#4	61	80	0
894	85.895833	86.089844	B5	66	80	0
895	85.907552	85.919271	F#2	50	80	0
896	85.912760	86.069010	F#3	50	80	0
897	86.022135	86.092448	B2	55	80	0
898	86.122396	86.239583	D5	58	80	0
899	86.123698	86.218750	D4	56	80	0
900	86.223958	86.347656	F#3	50	80	0
901	86.223958	86.295573	B5	74	80	0
902	86.225260	86.348958	D4	49	80	0
903	86.394531	86.479167	C#3	59	80	0
904	86.402344	86.628906	G5	71	80	0
905	86.493490	86.773438	E5	58	80	0
906	86.496094	86.658854	E4	54	80	0
907	86.604167	86.755208	F#3	47	80	0
908	86.666667	86.848958	E4	51	80	0
909	86.783854	86.968750	D3	47	80	0
910	86.894531	86.959635	F#4	45	80	0
911	87.014323	87.109375	F#4	60	80	0
912	87.014323	87.188802	F#5	67	80	0
913	87.015625	87.134115	F#3	47	80	0
914	87.123698	87.209635	F#4	40	80	0
915	87.158854	87.229167	B3	41	80	0
916	87.171875	87.231771	B2	42	80	0
917	87.195312	87.259115	F#5	49	80	0
918	87.253906	87.369792	D5	56	80	0
919	87.255208	87.312500	D4	55	80	0
920	87.338542	87.397135	F#5	70	80	0
921	87.354167	87.468750	F#3	45	80	0
922	87.423177	87.501302	D5	61	80	0
923	87.423177	87.484375	D4	60	80	0
924	87.515625	87.889323	C#5	65	80	0
925	87.527344	87.739583	C#4	57	80	0
926	87.532552	87.595052	C#3	55	80	0
927	87.617188	87.729167	F#3	55	80	0
928	87.618490	87.699219	E4	58	80	0
929	87.736979	87.860677	F#3	46	80	0
930	87.776042	87.860677	E4	58	80	0
931	87.877604	88.089844	D4	50	80	0
932	87.885417	88.149740	D3	57	80	0
933	87.979167	88.119792	F#4	59	80	0
934	88.065104	88.195312	F#3	43	80	0
935	88.106771	88.175781	B4	69	80	0
936	88.125000	88.229167	F#4	50	80	0
937	88.263021	88.729167	E3	49	80	0
938	88.303385	88.799479	B4	69	80	0
939	88.385417	88.539062	D4	46	80	0
940	88.389323	88.688802	D5	56	80	0
941	88.541667	88.769531	B3	37	80	0
942	88.611979	88.692708	D4	38	80	0
943	88.743490	88.929688	G4	60	80	0
944	88.764323	89.158854	F3	41	80	0
945	88.845052	88.949219	D4	41	80	0
946	88.930990	89.029948	B3	40	80	0
947	89.024740	89.188802	G4	44	80	0
948	89.031250	89.134115	D4	45	80	0
949	89.041667	89.188802	B3	44	80	0
950	89.144531	89.209635	F#3	45	80	0
951	89.149740	89.509115	F#4	55	80	0
952	89.220052	89.449219	F#3	42	80	0
953	89.309896	89.522135	B3	38	80	0
954	89.317708	89.399740	F3	32	80	0
955	89.397135	89.559896	D4	45	80	0
956	89.596354	89.688802	F#3	42	80	0
957	89.618490	90.069010	F#4	45	80	0
958	89.697917	90.149740	F#3	36	80	0
959	89.884115	90.039062	D5	57	80	0
960	89.886719	90.119792	D4	53	80	0
961	90.093750	90.329427	B3	57	80	0
962	90.283854	90.489583	G3	64	80	0
963	90.325521	90.519531	G4	48	80	0
964	90.468750	90.929688	F#2	66	80	0
965	90.473958	90.739583	F#3	67	80	0
966	90.666667	90.809896	Bb3	72	80	0
967	90.833333	90.928385	B1	65	80	0
968	90.834635	90.933594	B2	70	80	0
969	90.863281	90.968750	B3	70	80	0
970	90.975260	91.408854	B3	59	80	0
971	91.023438	91.218750	C#3	79	80	0
972	91.035156	91.188802	C#2	73	80	0
973	91.212240	91.369792	D2	73	80	0
974	91.213542	91.378906	D3	77	80	0
975	91.389323	91.589844	E3	77	80	0
976	91.393229	91.559896	E2	76	80	0
977	91.566406	93.419271	F#3	81	80	0
978	91.576823	93.279948	F#2	76	80	0
979	91.980469	92.539062	B4	72	80	0
980	91.984375	92.979167	B3	78	80	0
981	91.988281	92.158854	G2	60	80	0
982	91.992188	92.809896	G3	66	80	0
983	93.455729	94.489583	C5	56	80	0
984	93.464844	94.929688	C4	52	80	0
985	93.472656	94.679688	E3	46	80	0
986	93.486979	93.589844	G2	46	80	0
987	93.494792	94.438802	E2	43	80	0
988	94.372396	95.149740	G4	55	80	0
989	94.833333	95.859375	F#3	41	80	0
990	94.843750	94.848958	Bb4	47	80	0
991	94.843750	95.848958	E4	41	80	0
992	94.845052	95.889323	F#2	42	80	0
993	94.855469	95.859375	Bb3	42	80	0
994	95.742188	95.968750	F#4	42	80	0
995	96.128906	96.300781	B2	72	80	0
996	96.134115	96.319010	B3	64	80	0
997	96.134115	96.559896	F#4	61	80	0
998	96.144531	96.292969	B1	67	80	0
999	96.295573	96.529948	C#3	82	80	0
1000	96.308594	96.502604	C#2	72	80	0
1001	96.486979	96.546875	D3	73	80	0
1002	96.493490	96.669271	C3	68	80	0
1003	96.494792	96.639323	D2	69	80	0
1004	96.503906	96.509115	C2	67	80	0
1005	96.664062	96.845052	E3	73	80	0
1006	96.664062	96.832031	E2	72	80	0
1007	96.826823	96.839844	F#4	68	80	0
1008	96.835938	98.489583	F#3	76	80	0
1009	96.850260	98.519531	F#2	68	80	0
1010	97.261719	97.649740	B4	74	80	0
1011	97.263021	97.919271	B3	78	80	0
1012	97.268229	97.279948	B1	59	80	0
1013	97.269531	97.859375	G3	63	80	0
1014	97.272135	97.279948	B2	62	80	0
1015	97.283854	97.289062	G4	56	80	0
1016	98.044271	98.378906	B3	50	80	0
1017	98.054688	98.209635	G3	46	80	0
1018	98.631510	98.639323	C5	60	80	0
1019	98.640625	99.729167	C4	53	80	0
1020	98.657552	99.309896	E3	45	80	0
1021	98.675781	99.688802	G3	42	80	0
1022	98.682292	99.669271	E2	46	80	0
1023	99.473958	100.369792	G4	53	80	0
1024	99.970052	100.959635	F#2	39	80	0
1025	99.971354	100.878906	E4	39	80	0
1026	99.973958	100.589844	C#4	37	80	0
1027	99.984375	100.699219	Bb3	38	80	0
1028	99.985677	100.929688	F#3	35	80	0
1029	100.765625	101.229167	F#4	32	80	0
1030	102.393229	102.889323	G4	37	80	0
1031	102.895833	103.579427	B3	28	80	0
1032	102.902344	104.239583	D4	27	80	0
1033	102.902344	103.889323	B2	25	80	0
1034	102.912760	103.869792	B1	26	80	0
1035	106.050781	107.069010	F#2	25	80	0
1036	106.054688	107.000000	F#1	28	80	0
1037	106.888021	107.438802	Bb4	40	80	0
1038	107.410156	108.039062	B4	43	80	0
1039	107.421875	107.869792	B3	29	80	0
1040	107.434896	107.779948	B2	23	80	0
1041	107.438802	107.739583	D4	23	80	0
1042	107.444010	107.759115	B1	24	80	0
1043	108.627604	108.869792	B1	26	80	0
1044	108.628906	108.979167	B2	24	80	0
1045	108.634115	109.598958	B4	40	80	0
1046	109.993490	110.158854	B2	22	80	0
1047	110.003906	110.009115	B1	24	80	0
1048	112.794271	113.569010	B4	42	80	0
1049	114.174479	114.589844	B4	36	80	0
1050	115.192708	115.348958	A4	31	80	0
1051	115.200521	115.348958	B4	30	80	0
1052	115.208333	115.989583	F#4	19	80	0
1053	115.423177	115.484375	B4	34	80	0
1054	115.666667	116.339844	A5	47	80	0
1055	115.670573	115.755208	B4	35	80	0
1056	115.671875	115.869792	A4	34	80	0
1057	115.886719	116.029948	B4	36	80	0
1058	116.195312	116.348958	G5	49	80	0
1059	116.234375	116.399740	B4	35	80	0
1060	116.356771	116.539062	G5	47	80	0
1061	116.437500	116.553385	A4	29	80	0
1062	116.444010	116.509115	F#4	21	80	0
1063	116.514323	116.739583	F#5	48	80	0
1064	116.524740	116.718750	F#4	31	80	0
1065	116.528646	116.565104	B4	37	80	0
1066	116.686198	116.769531	B4	49	80	0
1067	116.910156	117.628906	B5	52	80	0
1068	116.914062	117.399740	G5	43	80	0
1069	116.923177	116.972656	B4	43	80	0
1070	116.960938	117.139323	E4	23	80	0
1071	116.966146	117.149740	G4	27	80	0
1072	117.102865	117.145833	B4	45	80	0
1073	117.290365	117.335938	B4	40	80	0
1074	117.467448	117.505208	B4	45	80	0
1075	117.644531	118.019531	B5	54	80	0
1076	117.651042	117.819010	G5	47	80	0
1077	117.658854	117.714844	B4	49	80	0
1078	117.694010	117.735677	G4	29	80	0
1079	117.714844	117.869792	E4	28	80	0
1080	117.841146	117.881510	B4	52	80	0
1081	118.028646	118.649740	B5	58	80	0
1082	118.045573	118.093750	B4	54	80	0
1083	118.045573	118.299479	G#5	46	80	0
1084	118.117188	118.549479	F4	25	80	0
1085	118.226562	118.309896	B4	53	80	0
1086	118.404948	118.468750	B4	52	80	0
1087	118.572917	118.729167	A5	62	80	0
1088	118.595052	118.631510	B4	53	80	0
1089	118.755208	118.979167	B5	60	80	0
1090	118.755208	118.848958	B4	56	80	0
1091	118.760417	118.889323	G#5	50	80	0
1092	118.821615	118.949219	D4	21	80	0
1093	118.842448	119.009115	F4	21	80	0
1094	118.941406	118.976562	B4	48	80	0
1095	119.119792	119.729167	C6	53	80	0
1096	119.122396	119.799479	A5	47	80	0
1097	119.123698	119.438802	C5	47	80	0
1098	119.171875	119.229167	E4	26	80	0
1099	119.171875	119.250000	C4	29	80	0
1100	119.299479	119.345052	E4	42	80	0
1101	119.513021	119.554688	E5	43	80	0
1102	119.515625	119.558594	E4	33	80	0
1103	119.524740	119.529948	B4	40	80	0
1104	119.699219	119.735677	E4	40	80	0
1105	119.898438	120.009115	C5	55	80	0
1106	119.898438	120.089844	E5	48	80	0
1107	119.899740	120.218750	C6	57	80	0
1108	119.945312	120.029948	E4	32	80	0
1109	120.087240	120.179688	E4	25	80	0
1110	120.282552	120.688802	C6	63	80	0
1111	120.282552	120.500000	C5	60	80	0
1112	120.298177	120.419271	A3	36	80	0
1113	120.308594	120.389323	C4	36	80	0
1114	120.322917	120.408854	E4	37	80	0
1115	120.464844	120.549479	E4	46	80	0
1116	120.631510	120.688802	E5	50	80	0
1117	120.635417	120.769531	E4	47	80	0
1118	120.813802	120.859375	B5	67	80	0
1119	120.815104	120.855469	E5	59	80	0
1120	120.816406	120.878906	B4	67	80	0
1121	120.855469	120.908854	E4	46	80	0
1122	120.973958	121.169271	A5	72	80	0
1123	120.973958	121.020833	E5	56	80	0
1124	120.976562	121.015625	A4	66	80	0
1125	120.993490	121.119792	A3	47	80	0
1126	121.010417	121.069010	E4	44	80	0
1127	121.011719	121.079427	C4	36	80	0
1128	121.145833	121.209635	E5	55	80	0
1129	121.151042	121.186198	E4	50	80	0
1130	121.350260	121.829427	F5	55	80	0
1131	121.350260	121.549479	D5	57	80	0
1132	121.351562	121.658854	D6	68	80	0
1133	121.388021	121.549479	B3	41	80	0
1134	121.399740	121.519531	F4	41	80	0
1135	121.407552	121.639323	G#3	39	80	0
1136	121.528646	121.574219	F4	47	80	0
1137	121.713542	121.751302	F4	47	80	0
1138	121.882812	121.968750	F4	48	80	0
1139	122.055990	122.186198	D5	61	80	0
1140	122.055990	122.269531	D6	70	80	0
1141	122.059896	122.149740	F5	57	80	0
1142	122.105469	122.164062	F4	43	80	0
1143	122.113281	122.250000	B3	46	80	0
1144	122.114583	122.348958	G#3	42	80	0
1145	122.230469	122.274740	F5	56	80	0
1146	122.238281	122.329427	F4	46	80	0
1147	122.434896	122.519531	F4	53	80	0
1148	122.434896	122.628906	F5	61	80	0
1149	122.436198	122.649740	D6	76	80	0
1150	122.441406	122.619792	D5	64	80	0
1151	122.445312	122.739583	Bb3	49	80	0
1152	122.602865	122.679688	F4	51	80	0
1153	122.783854	122.889323	F4	53	80	0
1154	122.953125	122.959635	F7	68	80	0
1155	122.954427	122.989583	F6	66	80	0
1156	122.955729	122.979167	C7	72	80	0
1157	122.958333	123.019531	C5	72	80	0
1158	122.976562	123.029948	F4	50	80	0
1159	122.993490	123.000000	E4	45	80	0
1160	123.111979	123.151042	F5	67	80	0
1161	123.113281	123.160156	D6	75	80	0
1162	123.113281	123.209635	F4	57	80	0
1163	123.114583	123.299479	D5	68	80	0
1164	123.114583	123.158854	F6	67	80	0
1165	123.115885	123.128906	D7	73	80	0
1166	123.121094	123.218750	Bb4	64	80	0
1167	123.134115	123.299479	Bb3	51	80	0
1168	123.281250	123.339844	F5	60	80	0
1169	123.283854	123.324219	F4	55	80	0
1170	123.292969	123.335938	G#3	50	80	0
1171	123.313802	123.389323	Bb3	40	80	0
1172	123.472656	123.569010	Eb6	78	80	0
1173	123.475260	123.729167	Eb5	72	80	0
1174	123.476562	123.589844	Bb5	65	80	0
1175	123.483073	123.529948	Eb4	60	80	0
1176	123.484375	123.535156	G3	55	80	0
1177	123.493490	123.589844	Bb3	58	80	0
1178	123.494792	123.559896	Bb4	57	80	0
1179	123.644531	123.691406	Eb4	52	80	0
1180	123.649740	123.709635	Bb4	53	80	0
1181	123.654948	123.697917	G3	60	80	0
1182	123.654948	123.750000	Bb3	60	80	0
1183	123.834635	123.919271	Bb4	57	80	0
1184	123.835938	123.919271	Eb4	50	80	0
1185	123.838542	123.929688	Bb3	53	80	0
1186	123.863281	123.938802	G3	47	80	0
1187	123.983073	124.024740	D6	75	80	0
1188	123.983073	124.023438	D5	70	80	0
1189	124.028646	124.098958	Eb4	46	80	0
1190	124.037760	124.179688	Bb3	47	80	0
1191	124.045573	124.188802	G3	45	80	0
1192	124.140625	124.184896	Eb5	75	80	0
1193	124.143229	124.188802	Eb6	79	80	0
1194	124.153646	124.158854	Bb5	64	80	0
1195	124.174479	124.229167	Bb4	59	80	0
1196	124.174479	124.250000	Eb4	46	80	0
1197	124.184896	124.319010	Bb3	45	80	0
1198	124.203125	124.339844	G3	38	80	0
1199	124.298177	124.309896	Eb5	58	80	0
1200	124.305990	124.389323	Bb4	52	80	0
1201	124.313802	124.389323	Eb4	52	80	0
1202	124.325521	124.389323	Bb3	47	80	0
1203	124.345052	124.399740	G3	37	80	0
1204	124.502604	124.545573	Eb5	71	80	0
1205	124.505208	124.555990	Bb4	70	80	0
1206	124.506510	124.557292	Eb4	67	80	0
1207	124.510417	124.555990	Bb3	70	80	0
1208	124.542969	124.669271	F#3	50	80	0
1209	124.667969	124.759115	Bb3	67	80	0
1210	124.675781	124.819010	F#3	54	80	0
1211	124.694010	124.779948	Bb4	61	80	0
1212	124.694010	124.919271	F#4	50	80	0
1213	124.703125	124.929688	Eb4	45	80	0
1214	124.828125	125.019531	F#3	49	80	0
1215	124.852865	124.949219	Bb3	52	80	0
1216	124.854167	124.938802	Bb4	51	80	0
1217	125.003906	125.053385	D4	65	80	0
1218	125.006510	125.098958	D5	62	80	0
1219	125.026042	125.098958	Bb4	58	80	0
1220	125.032552	125.098958	F#3	57	80	0
1221	125.033854	125.039062	Bb2	47	80	0
1222	125.165365	125.269531	Eb5	61	80	0
1223	125.165365	125.250000	Eb4	62	80	0
1224	125.169271	125.216146	Bb4	61	80	0
1225	125.173177	125.250000	F#3	58	80	0
1226	125.179688	125.329427	Eb3	61	80	0
1227	125.347656	125.429688	Bb4	51	80	0
1228	125.356771	125.419271	F#3	45	80	0
1229	125.360677	125.419271	Bb3	50	80	0
1230	125.360677	125.395833	F#4	35	80	0
1231	125.364583	125.419271	Bb2	42	80	0
1232	125.527344	125.628906	F#5	69	80	0
1233	125.528646	125.609375	F#4	71	80	0
1234	125.532552	125.576823	F#3	70	80	0
1235	125.533854	125.549479	A2	62	80	0
1236	125.537760	125.576823	Eb4	59	80	0
1237	125.537760	125.583333	Eb3	64	80	0
1238	125.542969	125.549479	C3	57	80	0
1239	125.701823	125.742188	F#4	61	80	0
1240	125.703125	125.799479	Eb3	68	80	0
1241	125.703125	125.746094	F#3	63	80	0
1242	125.705729	125.769531	Eb4	59	80	0
1243	125.884115	125.929688	C5	58	80	0
1244	125.886719	125.932292	Eb3	56	80	0
1245	125.886719	125.927083	F#3	56	80	0
1246	125.890625	125.899740	C3	51	80	0
1247	125.891927	125.949219	F#4	53	80	0
1248	126.045573	126.139323	F5	64	80	0
1249	126.053385	126.084635	F4	62	80	0
1250	126.053385	126.119792	F#4	62	80	0
1251	126.053385	126.059896	Bb2	60	80	0
1252	126.054688	126.128906	D5	53	80	0
1253	126.054688	126.069010	A2	59	80	0
1254	126.057292	126.098958	Eb3	69	80	0
1255	126.061198	126.109375	C3	56	80	0
1256	126.062500	126.096354	F#3	60	80	0
1257	126.063802	126.109375	F3	62	80	0
1258	126.204427	126.248698	F#4	67	80	0
1259	126.207031	126.359375	F#3	67	80	0
1260	126.209635	126.369792	Eb3	68	80	0
1261	126.210938	126.279948	Eb4	59	80	0
1262	126.216146	126.229167	C3	56	80	0
1263	126.216146	126.259115	C5	53	80	0
1264	126.567708	126.968750	F#5	77	80	0
1265	126.574219	126.718750	Eb3	70	80	0
1266	126.575521	126.709635	Eb5	67	80	0
1267	126.578125	126.819010	F#4	63	80	0
1268	126.580729	126.829427	Eb4	66	80	0
1269	126.584635	126.799479	C3	62	80	0
1270	126.731771	126.859375	Eb3	63	80	0
1271	126.906250	126.989583	Eb3	51	80	0
1272	126.908854	126.989583	C3	48	80	0
1273	127.095052	127.128906	Eb5	64	80	0
1274	127.096354	127.209635	F5	62	80	0
1275	127.098958	127.259115	C3	61	80	0
1276	127.101562	127.188802	Eb3	61	80	0
1277	127.243490	127.292969	F#5	68	80	0
1278	127.250000	127.309896	Eb5	64	80	0
1279	127.265625	127.319010	C3	52	80	0
1280	127.273438	127.329427	Eb3	52	80	0
1281	127.393229	127.441406	Eb3	64	80	0
1282	127.394531	127.442708	C3	61	80	0
1283	127.625000	128.039062	C5	74	80	0
1284	127.626302	127.709635	C4	66	80	0
1285	127.631510	127.779948	C3	67	80	0
1286	127.634115	127.779948	A2	70	80	0
1287	127.634115	127.729167	F#3	65	80	0
1288	127.790365	127.899740	C3	59	80	0
1289	127.791667	127.959635	A2	62	80	0
1290	127.964844	128.098958	C3	55	80	0
1291	127.967448	128.128906	A2	63	80	0
1292	127.977865	128.019531	F#3	51	80	0
1293	128.132812	128.289062	B4	73	80	0
1294	128.138021	128.279948	C3	60	80	0
1295	128.140625	128.239583	A2	60	80	0
1296	128.144531	128.299479	B5	68	80	0
1297	128.281250	128.326823	C6	75	80	0
1298	128.281250	128.324219	C5	71	80	0
1299	128.285156	128.299479	C4	61	80	0
1300	128.290365	128.334635	C3	64	80	0
1301	128.292969	128.341146	A2	68	80	0
1302	128.471354	128.598958	C3	53	80	0
1303	128.471354	128.524740	A2	54	80	0
1304	128.641927	128.789062	F#2	70	80	0
1305	128.641927	128.809896	A3	81	80	0
1306	128.644531	128.789062	C3	66	80	0
1307	128.647135	128.799479	A2	73	80	0
1308	128.802083	128.979167	F#2	64	80	0
1309	128.804688	128.989583	C3	62	80	0
1310	128.805990	128.929688	A2	58	80	0
1311	128.994792	129.158854	F#2	56	80	0
1312	128.996094	129.158854	A2	58	80	0
1313	129.001302	129.158854	C3	55	80	0
1314	129.166667	129.279948	F#2	60	80	0
1315	129.169271	129.250000	C3	58	80	0
1316	129.182292	129.299479	G#3	70	80	0
1317	129.324219	129.372396	A3	79	80	0
1318	129.332031	129.369792	Eb3	64	80	0
1319	129.335938	129.419271	A2	68	80	0
1320	129.335938	129.500000	C3	64	80	0
1321	129.337240	129.438802	F#2	66	80	0
1322	129.338542	129.378906	F#3	61	80	0
1323	129.343750	129.348958	Eb2	61	80	0
1324	129.532552	129.669271	F#2	64	80	0
1325	129.535156	129.649740	C3	57	80	0
1326	129.536458	129.628906	A2	58	80	0
1327	129.675781	130.059896	F#5	82	80	0
1328	129.675781	129.908854	F#6	84	80	0
1329	129.683594	129.779948	A2	72	80	0
1330	129.683594	129.688802	C2	72	80	0
1331	129.684896	129.779948	C3	67	80	0
1332	129.684896	129.718750	F#2	69	80	0
1333	129.694010	129.779948	Eb2	64	80	0
1334	129.826823	129.908854	Eb2	67	80	0
1335	129.832031	129.929688	F#2	65	80	0
1336	129.832031	129.968750	C3	63	80	0
1337	129.833333	129.908854	A2	66	80	0
1338	129.994792	130.046875	A2	61	80	0
1339	129.994792	130.149740	F#2	67	80	0
1340	129.997396	130.009115	C2	62	80	0
1341	129.998698	130.158854	C3	63	80	0
1342	130.161458	130.203125	F5	73	80	0
1343	130.162760	130.205729	F#2	74	80	0
1344	130.162760	130.205729	F6	75	80	0
1345	130.164062	130.220052	A2	66	80	0
1346	130.167969	130.239583	C3	65	80	0
1347	130.170573	130.179688	C2	70	80	0
1348	130.305990	130.356771	F#6	83	80	0
1349	130.305990	130.354167	F#5	82	80	0
1350	130.308594	130.389323	A2	75	80	0
1351	130.311198	130.389323	F#2	76	80	0
1352	130.315104	130.329427	C2	73	80	0
1353	130.315104	130.408854	C3	71	80	0
1354	130.480469	130.489583	C2	68	80	0
1355	130.481771	130.544271	A2	63	80	0
1356	130.483073	130.554688	C3	64	80	0
1357	130.483073	130.489583	D2	68	80	0
1358	130.483073	130.549479	F#2	64	80	0
1359	130.645833	130.759115	C5	78	80	0
1360	130.652344	130.658854	F#7	79	80	0
1361	130.653646	130.704427	F#2	80	80	0
1362	130.653646	130.705729	C3	76	80	0
1363	130.654948	130.658854	D3	78	80	0
1364	130.654948	130.959635	D2	81	80	0
1365	130.656250	130.712240	A2	77	80	0
1366	130.656250	130.699219	F#6	76	80	0
1367	130.657552	130.750000	F#5	72	80	0
1368	130.660156	130.718750	C2	81	80	0
1369	130.664062	130.699219	C6	78	80	0
1370	130.824219	130.989583	C3	67	80	0
1371	130.832031	131.000000	F#2	69	80	0
1372	130.833333	130.949219	A2	66	80	0
1373	131.003906	131.079427	C3	67	80	0
1374	131.003906	131.054688	A2	74	80	0
1375	131.005208	131.019531	C2	67	80	0
1376	131.011719	131.218750	F#2	67	80	0
1377	131.015625	131.079427	D2	67	80	0
1378	131.134115	131.250000	B4	79	80	0
1379	131.135417	131.149740	A1	73	80	0
1380	131.136719	131.195312	A2	72	80	0
1381	131.141927	131.209635	D2	75	80	0
1382	131.144531	131.191406	A4	75	80	0
1383	131.145833	131.158854	C2	73	80	0
1384	131.147135	131.158854	F#4	64	80	0
1385	131.285156	131.399740	C3	76	80	0
1386	131.285156	131.354167	C5	77	80	0
1387	131.289062	131.369792	C2	81	80	0
1388	131.292969	131.346354	A4	76	80	0
1389	131.292969	131.429688	F#2	78	80	0
1390	131.294271	131.389323	A2	74	80	0
1391	131.296875	131.378906	D2	77	80	0
1392	131.298177	131.378906	F#4	68	80	0
1393	131.449219	131.579427	C3	68	80	0
1394	131.453125	131.669271	D2	71	80	0
1395	131.454427	131.598958	C2	72	80	0
1396	131.459635	131.579427	A2	68	80	0
1397	131.611979	131.619792	G#5	77	80	0
1398	131.617188	131.859375	B4	76	80	0
1399	131.622396	131.878906	F5	72	80	0
1400	131.623698	131.789062	G1	80	80	0
1401	131.625000	131.718750	G2	76	80	0
1402	131.634115	131.829427	F4	62	80	0
1403	131.796875	132.000000	G2	66	80	0
1404	131.798177	132.688802	G1	69	80	0
1405	132.006510	132.259115	G2	62	80	0
1406	132.194010	132.253906	F5	61	80	0
1407	132.199219	132.251302	B4	58	80	0
1408	132.199219	132.253906	G#4	58	80	0
1409	132.355469	132.430990	E5	61	80	0
1410	132.364583	132.416667	C5	64	80	0
1411	132.371094	132.434896	G4	49	80	0
1412	132.714844	133.149740	Eb5	58	80	0
1413	132.720052	132.949219	A4	57	80	0
1414	132.734375	132.881510	F#4	46	80	0
1415	132.898438	133.019531	G2	50	80	0
1416	132.902344	133.069010	G1	50	80	0
1417	133.083333	133.250000	G2	51	80	0
1418	133.084635	133.229167	G1	51	80	0
1419	133.274740	133.328125	Eb5	58	80	0
1420	133.282552	133.337240	A4	52	80	0
1421	133.285156	133.335938	F#4	40	80	0
1422	133.444010	133.609375	D5	58	80	0
1423	133.460938	133.598958	B4	53	80	0
1424	133.464844	133.593750	F4	41	80	0
1425	133.804688	134.378906	E5	51	80	0
1426	133.804688	134.229167	C#5	55	80	0
1427	133.833333	134.179688	G4	33	80	0
1428	133.835938	133.975260	E4	32	80	0
1429	133.984375	134.062500	G2	46	80	0
1430	134.170573	134.329427	G2	46	80	0
1431	134.337240	134.384115	C5	59	80	0
1432	134.358073	134.479167	G4	42	80	0
1433	134.376302	134.489583	Eb4	35	80	0
1434	134.514323	134.649740	B4	53	80	0
1435	134.536458	134.658854	D5	36	80	0
1436	134.553385	134.628906	D4	27	80	0
1437	134.585938	134.809896	G4	25	80	0
1438	134.908854	135.119792	Bb4	53	80	0
1439	134.914062	135.239583	C#5	44	80	0
1440	134.934896	135.019531	E4	35	80	0
1441	134.941406	135.026042	C#4	32	80	0
1442	135.067708	135.134115	G2	43	80	0
1443	135.071615	135.149740	G3	42	80	0
1444	135.282552	135.333333	A4	51	80	0
1445	135.315104	135.399740	E4	32	80	0
1446	135.325521	135.408854	C4	25	80	0
1447	135.453125	135.549479	G2	47	80	0
1448	135.636719	135.759115	G#4	53	80	0
1449	135.640625	136.089844	Eb5	44	80	0
1450	135.664062	135.878906	Eb4	33	80	0
1451	135.678385	135.750000	C4	22	80	0
1452	135.812500	135.864583	G2	52	80	0
1453	135.847656	135.949219	G1	44	80	0
1454	135.996094	136.057292	G4	54	80	0
1455	136.201823	136.252604	G2	58	80	0
1456	136.204427	136.252604	G1	59	80	0
1457	136.356771	136.579427	F#4	62	80	0
1458	136.533854	136.729167	A2	67	80	0
1459	136.545573	136.729167	A1	63	80	0
1460	136.696615	136.839844	F4	64	80	0
1461	136.700521	136.709635	F5	68	80	0
1462	136.873698	136.946615	B2	74	80	0
1463	136.884115	137.019531	B1	70	80	0
1464	137.035156	137.149740	E5	70	80	0
1465	137.037760	137.218750	E4	70	80	0
1466	137.213542	137.319010	C3	79	80	0
1467	137.222656	137.419271	C2	76	80	0
1468	137.376302	137.500000	Eb5	70	80	0
1469	137.378906	137.567708	Eb4	76	80	0
1470	137.552083	137.729167	C#3	79	80	0
1471	137.558594	137.750000	C#2	74	80	0
1472	137.721354	137.809896	D5	69	80	0
1473	137.722656	137.789062	D4	72	80	0
1474	137.902344	138.079427	D3	76	80	0
1475	137.911458	138.079427	D2	67	80	0
1476	138.074219	138.188802	C#5	59	80	0
1477	138.076823	138.157552	C#4	61	80	0
1478	138.261719	138.359375	Eb3	74	80	0
1479	138.292969	138.339844	Eb2	47	80	0
1480	138.444010	138.589844	C5	60	80	0
1481	138.445312	138.566406	C4	57	80	0
1482	138.613281	138.819010	E3	58	80	0
1483	138.811198	138.929688	B3	55	80	0
1484	139.001302	139.154948	F3	49	80	0
1485	139.167969	139.316406	Bb3	55	80	0
1486	139.355469	139.369792	C#5	45	80	0
1487	139.355469	139.609375	F#3	40	80	0
1488	139.356771	139.549479	F#2	41	80	0
1489	139.561198	139.679688	A3	43	80	0
1490	139.770833	140.029948	G3	40	80	0
1491	139.990885	140.229167	G#3	34	80	0
1492	140.214844	140.479167	G3	28	80	0
1493	140.476562	140.688802	G#3	34	80	0
1494	140.765625	141.309896	G3	32	80	0
1495	141.125000	141.688802	G4	38	80	0
1496	142.684896	143.250000	F4	22	80	0
1497	144.497396	146.000000	G4	42	80	0
1498	144.550781	144.829427	B3	20	80	0
1499	144.558594	144.878906	F4	20	80	0
1500	145.014323	145.218750	C5	31	80	0
1501	145.015625	145.309896	C4	26	80	0
1502	145.022135	145.218750	F4	20	80	0
1503	145.464844	146.319010	C5	52	80	0
1504	145.502604	145.979167	C4	33	80	0
1505	145.894531	146.333333	A4	50	80	0
1506	145.904948	146.339844	C#4	36	80	0
1507	145.936198	146.128906	E4	24	80	0
1508	146.303385	146.809896	G5	47	80	0
1509	146.304688	147.309896	G4	42	80	0
1510	146.343750	146.989583	D4	32	80	0
1511	146.736979	147.149740	F5	57	80	0
1512	146.740885	146.989583	F4	53	80	0
1513	146.750000	147.239583	A3	43	80	0
1514	147.164062	147.569010	Bb3	50	80	0
1515	147.164062	148.000000	F4	39	80	0
1516	147.221354	147.459635	D4	27	80	0
1517	147.566406	148.009115	B3	49	80	0
1518	147.955729	149.209635	D5	45	80	0
1519	147.958333	148.549479	G3	38	80	0
1520	148.013021	148.092448	F4	22	80	0
1521	148.022135	148.128906	B3	34	80	0
1522	148.377604	148.899740	D4	34	80	0
1523	148.377604	148.929688	F4	38	80	0
1524	148.795573	149.119792	C#5	34	80	0
1525	148.805990	149.019531	C#4	31	80	0
1526	148.998698	149.158854	F4	24	80	0
1527	149.170573	149.408854	E5	47	80	0
1528	149.173177	149.429688	E4	42	80	0
1529	149.190104	149.329427	C4	37	80	0
1530	149.554688	150.019531	Bb3	44	80	0
1531	149.582031	149.589844	G3	35	80	0
1532	149.605469	149.718750	C5	48	80	0
1533	149.614583	150.109375	C4	44	80	0
1534	149.644531	150.009115	E4	31	80	0
1535	149.708333	149.787760	G4	38	80	0
1536	149.830729	149.884115	C5	45	80	0
1537	149.920573	149.984375	E5	53	80	0
1538	149.990885	150.619792	A3	39	80	0
1539	149.998698	150.139323	F5	48	80	0
1540	150.097656	150.162760	C5	51	80	0
1541	150.173177	150.214844	A4	49	80	0
1542	150.248698	150.339844	F4	47	80	0
1543	150.324219	150.549479	F3	48	80	0
1544	150.330729	150.397135	A4	64	80	0
1545	150.350260	150.468750	F4	54	80	0
1546	150.462240	150.527344	C5	59	80	0
1547	150.562500	150.630208	F5	59	80	0
1548	150.636719	150.718750	A5	59	80	0
1549	150.714844	151.157552	D4	58	80	0
1550	150.729167	150.848958	A5	59	80	0
1551	150.751302	151.039062	F#3	45	80	0
1552	150.864583	150.979167	D5	51	80	0
1553	150.959635	151.039062	A5	56	80	0
1554	151.045573	151.139323	A5	51	80	0
1555	151.053385	151.100260	D6	52	80	0
1556	151.113281	151.174479	C4	52	80	0
1557	151.153646	151.269531	A5	47	80	0
1558	151.156250	151.289062	G3	41	80	0
1559	151.240885	151.552083	C4	54	80	0
1560	151.417969	151.539062	Bb5	55	80	0
1561	151.518229	151.809896	Bb3	57	80	0
1562	151.542969	151.899740	D3	42	80	0
1563	151.545573	151.649740	G5	53	80	0
1564	151.644531	151.713542	D5	44	80	0
1565	151.753906	151.813802	G5	55	80	0
1566	151.835938	151.911458	Bb5	57	80	0
1567	151.923177	151.929688	F3	44	80	0
1568	151.927083	151.993490	Bb3	68	80	0
1569	151.940104	152.015625	G5	62	80	0
1570	152.050781	152.125000	C#5	56	80	0
1571	152.052083	152.899740	Bb3	62	80	0
1572	152.135417	152.250000	G5	65	80	0
1573	152.251302	152.295573	Bb5	60	80	0
1574	152.287760	152.649740	E3	49	80	0
1575	152.334635	152.385417	G5	60	80	0
1576	152.434896	152.500000	C5	54	80	0
1577	152.502604	152.609375	G5	55	80	0
1578	152.604167	152.651042	Bb5	64	80	0
1579	152.703125	152.809896	G4	59	80	0
1580	152.725260	152.829427	E5	56	80	0
1581	152.835938	152.919271	C5	52	80	0
1582	152.954427	153.014323	E5	54	80	0
1583	153.069010	153.115885	G5	59	80	0
1584	153.151042	153.269531	Bb3	53	80	0
1585	153.234375	153.289062	C3	49	80	0
1586	153.283854	153.489583	Bb3	56	80	0
1587	153.289062	153.363281	E5	55	80	0
1588	153.395833	153.453125	G5	53	80	0
1589	153.483073	153.579427	C6	59	80	0
1590	153.526042	153.989583	F3	43	80	0
1591	153.532552	153.829427	Bb3	45	80	0
1592	153.576823	153.617188	G5	57	80	0
1593	153.671875	153.769531	E5	56	80	0
1594	153.763021	153.805990	G5	56	80	0
1595	153.834635	153.949219	C6	57	80	0
1596	153.954427	154.079427	A5	57	80	0
1597	153.984375	154.169271	A3	53	80	0
1598	154.062500	154.209635	F5	50	80	0
1599	154.182292	154.250000	A5	59	80	0
1600	154.261719	154.308594	A5	53	80	0
1601	154.319010	154.429688	C6	53	80	0
1602	154.473958	154.718750	A2	62	80	0
1603	154.476562	154.639323	A5	55	80	0
1604	154.595052	154.699219	F5	44	80	0
1605	154.717448	154.789062	A5	55	80	0
1606	154.796875	154.889323	A5	57	80	0
1607	154.825521	154.989583	A2	40	80	0
1608	154.897135	154.941406	A5	62	80	0
1609	154.994792	155.079427	F5	52	80	0
1610	154.994792	155.649740	A2	48	80	0
1611	155.083333	155.149740	A5	58	80	0
1612	155.157552	155.239583	D6	60	80	0
1613	155.160156	155.259115	A5	53	80	0
1614	155.268229	155.348958	A5	60	80	0
1615	155.360677	155.389323	A5	54	80	0
1616	155.372396	155.468750	F5	59	80	0
1617	155.451823	155.579427	A5	64	80	0
1618	155.562500	155.615885	D6	64	80	0
1619	155.647135	156.000000	Bb2	65	80	0
1620	155.664062	155.714844	Bb5	71	80	0
1621	155.757812	155.859375	F5	55	80	0
1622	155.861979	155.959635	Bb5	62	80	0
1623	155.962240	156.022135	D6	66	80	0
1624	156.026042	156.429688	A2	67	80	0
1625	156.063802	156.123698	B5	56	80	0
1626	156.153646	156.269531	F5	58	80	0
1627	156.278646	156.334635	B5	54	80	0
1628	156.375000	156.479167	D6	56	80	0
1629	156.457031	156.649740	G#2	64	80	0
1630	156.500000	156.554688	B5	56	80	0
1631	156.572917	156.627604	E5	62	80	0
1632	156.664062	156.716146	G#2	55	80	0
1633	156.674479	156.726562	B5	59	80	0
1634	156.748698	156.848958	D6	62	80	0
1635	156.839844	156.902344	B5	62	80	0
1636	156.842448	157.109375	G#2	57	80	0
1637	156.932292	156.985677	E5	60	80	0
1638	157.037760	157.104167	B5	65	80	0
1639	157.132812	157.229167	D6	61	80	0
1640	157.200521	157.579427	G#2	61	80	0
1641	157.234375	157.295573	B5	66	80	0
1642	157.316406	157.375000	E5	62	80	0
1643	157.419271	157.486979	B5	69	80	0
1644	157.513021	157.578125	D6	65	80	0
1645	157.601562	157.949219	E3	61	80	0
1646	157.605469	157.679688	B5	66	80	0
1647	157.695312	157.765625	E5	64	80	0
1648	157.807292	157.880208	B5	62	80	0
1649	157.911458	157.963542	D6	61	80	0
1650	158.000000	158.074219	B5	65	80	0
1651	158.023438	158.369792	E3	50	80	0
1652	158.028646	158.279948	G#2	45	80	0
1653	158.097656	158.209635	E5	59	80	0
1654	158.210938	158.273438	B5	59	80	0
1655	158.307292	158.356771	D6	59	80	0
1656	158.403646	158.609375	A2	49	80	0
1657	158.403646	158.464844	B5	65	80	0
1658	158.484375	158.546875	E5	59	80	0
1659	158.578125	158.653646	B5	65	80	0
1660	158.667969	158.730469	C6	65	80	0
1661	158.764323	158.869792	A5	71	80	0
1662	158.765625	159.539062	E3	71	80	0
1663	158.847656	158.917969	E5	61	80	0
1664	158.958333	159.027344	A5	70	80	0
1665	159.063802	159.136719	C6	64	80	0
1666	159.156250	159.239583	A5	69	80	0
1667	159.162760	159.509115	A2	54	80	0
1668	159.244792	159.312500	E5	59	80	0
1669	159.348958	159.404948	A5	65	80	0
1670	159.437500	159.518229	C6	65	80	0
1671	159.533854	159.592448	A5	71	80	0
1672	159.561198	159.878906	B2	57	80	0
1673	159.631510	159.695312	D5	54	80	0
1674	159.721354	159.785156	A5	69	80	0
1675	159.819010	159.903646	B5	71	80	0
1676	159.914062	159.989583	G#5	69	80	0
1677	159.925781	160.188802	E3	67	80	0
1678	159.925781	159.973958	E5	57	80	0
1679	159.994792	160.149740	D5	60	80	0
1680	160.093750	160.156250	G#5	68	80	0
1681	160.097656	160.158854	E5	53	80	0
1682	160.209635	160.286458	B5	66	80	0
1683	160.303385	160.354167	G#5	68	80	0
1684	160.307292	160.669271	B2	59	80	0
1685	160.312500	160.639323	E3	58	80	0
1686	160.404948	160.479167	D5	63	80	0
1687	160.516927	160.565104	G#5	67	80	0
1688	160.625000	160.692708	B5	64	80	0
1689	160.699219	160.959635	C3	60	80	0
1690	160.703125	160.709635	C4	60	80	0
1691	160.704427	160.889323	E3	57	80	0
1692	160.704427	160.760417	G#5	65	80	0
1693	160.791667	160.838542	C5	64	80	0
1694	160.895833	160.979167	G#5	67	80	0
1695	160.975260	161.037760	B5	66	80	0
1696	161.040365	161.109375	G#5	70	80	0
1697	161.049479	161.438802	E3	68	80	0
1698	161.072917	161.209635	C3	59	80	0
1699	161.135417	161.200521	A5	74	80	0
1700	161.235677	161.282552	C5	65	80	0
1701	161.334635	161.390625	A5	68	80	0
1702	161.414062	161.464844	G#5	64	80	0
1703	161.445312	161.639323	C3	53	80	0
1704	161.447917	161.819010	E3	50	80	0
1705	161.501302	161.553385	A5	66	80	0
1706	161.582031	161.634115	C5	67	80	0
1707	161.661458	161.750000	A5	69	80	0
1708	161.759115	161.855469	A5	68	80	0
1709	161.795573	162.359375	Eb3	59	80	0
1710	161.882812	161.933594	B4	63	80	0
1711	161.954427	162.022135	A5	71	80	0
1712	162.041667	162.126302	B5	69	80	0
1713	162.128906	162.209635	A5	67	80	0
1714	162.134115	162.348958	B3	73	80	0
1715	162.251302	162.308594	B4	67	80	0
1716	162.345052	162.424479	A5	64	80	0
1717	162.455729	162.532552	B5	67	80	0
1718	162.550781	162.625000	A5	70	80	0
1719	162.563802	162.819010	Eb3	56	80	0
1720	162.652344	162.714844	B4	68	80	0
1721	162.746094	162.819010	A5	69	80	0
1722	162.830729	162.908854	A5	64	80	0
1723	162.833333	162.899740	B5	63	80	0
1724	162.911458	163.049479	E3	57	80	0
1725	162.914062	162.988281	A5	66	80	0
1726	163.018229	163.066406	B4	65	80	0
1727	163.113281	163.179688	A5	64	80	0
1728	163.192708	163.261719	B5	68	80	0
1729	163.194010	163.259115	A5	66	80	0
1730	163.264323	163.509115	C4	65	80	0
1731	163.264323	163.438802	E3	52	80	0
1732	163.268229	163.369792	A5	68	80	0
1733	163.373698	163.440104	B4	65	80	0
1734	163.476562	163.559896	A5	65	80	0
1735	163.566406	163.628906	A5	63	80	0
1736	163.570312	163.621094	B5	67	80	0
1737	163.653646	163.716146	A5	60	80	0
1738	163.661458	163.908854	E3	52	80	0
1739	163.747396	163.805990	B4	65	80	0
1740	163.848958	163.959635	A5	63	80	0
1741	163.934896	163.986979	B5	62	80	0
1742	164.009115	164.149740	F#3	60	80	0
1743	164.011719	164.088542	A5	69	80	0
1744	164.111979	164.154948	B4	60	80	0
1745	164.204427	164.309896	A5	58	80	0
1746	164.291667	164.355469	B5	64	80	0
1747	164.364583	164.449219	A5	71	80	0
1748	164.372396	164.779948	Eb4	67	80	0
1749	164.459635	164.549479	A5	61	80	0
1750	164.462240	164.628906	B4	67	80	0
1751	164.562500	164.739583	A5	65	80	0
1752	164.661458	164.726562	B5	60	80	0
1753	164.744792	164.859375	A5	68	80	0
1754	164.774740	165.128906	F#3	60	80	0
1755	164.834635	165.000000	B4	63	80	0
1756	164.843750	165.209635	Eb4	55	80	0
1757	164.871094	164.979167	A5	60	80	0
1758	164.985677	165.029948	A5	58	80	0
1759	164.988281	165.071615	B5	59	80	0
1760	165.070312	165.115885	G5	65	80	0
1761	165.114583	165.199219	G3	58	80	0
1762	165.156250	165.210938	B4	63	80	0
1763	165.240885	165.295573	G5	60	80	0
1764	165.343750	165.445312	B5	68	80	0
1765	165.427083	165.509115	G5	62	80	0
1766	165.459635	165.589844	E5	66	80	0
1767	165.505208	166.019531	E4	57	80	0
1768	165.514323	165.649740	B4	63	80	0
1769	165.601562	165.686198	G5	61	80	0
1770	165.704427	165.809896	B5	62	80	0
1771	165.820312	165.959635	G3	62	80	0
1772	165.824219	165.872396	B5	59	80	0
1773	165.894531	165.989583	E5	59	80	0
1774	165.903646	165.945312	F5	61	80	0
1775	165.984375	166.052083	B5	59	80	0
1776	166.080729	166.153646	E6	68	80	0
1777	166.169271	166.289062	A3	65	80	0
1778	166.174479	166.242188	C6	67	80	0
1779	166.269531	166.333333	E5	61	80	0
1780	166.373698	166.434896	C6	59	80	0
1781	166.454427	166.527344	E6	68	80	0
1782	166.460938	166.559896	A3	51	80	0
1783	166.526042	166.688802	F#5	72	80	0
1784	166.531250	166.604167	C6	75	80	0
1785	166.536458	166.848958	F#4	73	80	0
1786	166.645833	166.789062	E5	60	80	0
1787	166.752604	166.821615	C6	61	80	0
1788	166.854167	166.949219	E6	62	80	0
1789	166.932292	166.975260	C6	69	80	0
1790	166.954427	167.055990	A3	63	80	0
1791	167.003906	167.199219	F#4	54	80	0
1792	167.010417	167.069010	E5	60	80	0
1793	167.084635	167.152344	C6	67	80	0
1794	167.180990	167.268229	E6	67	80	0
1795	167.273438	167.356771	C#6	66	80	0
1796	167.274740	168.079427	Bb3	76	80	0
1797	167.365885	167.444010	G5	61	80	0
1798	167.470052	167.545573	C#6	65	80	0
1799	167.566406	167.653646	E6	66	80	0
1800	167.656250	168.329427	G4	73	80	0
1801	167.660156	167.752604	C#6	69	80	0
1802	167.669271	167.759115	E5	57	80	0
1803	167.774740	167.855469	G5	65	80	0
1804	167.893229	167.983073	C#6	71	80	0
1805	168.005208	168.078125	E6	67	80	0
1806	168.093750	168.144531	C#6	68	80	0
1807	168.093750	168.339844	Bb3	68	80	0
1808	168.167969	168.289062	G5	61	80	0
1809	168.273438	168.325521	C#6	62	80	0
1810	168.342448	168.434896	E6	66	80	0
1811	168.433594	168.569010	B5	63	80	0
1812	168.436198	168.598958	B3	76	80	0
1813	168.494792	168.598958	G5	59	80	0
1814	168.574219	168.658854	B5	54	80	0
1815	168.574219	168.619792	C6	53	80	0
1816	168.654948	168.723958	E6	66	80	0
1817	168.742188	168.834635	G6	75	80	0
1818	168.750000	168.829427	E5	64	80	0
1819	168.766927	170.688802	E4	62	80	0
1820	168.834635	168.925781	F#6	74	80	0
1821	168.912760	168.970052	E6	62	80	0
1822	168.998698	169.054688	Eb6	60	80	0
1823	169.076823	169.309896	G4	67	80	0
1824	169.084635	169.179688	E5	61	80	0
1825	169.085938	169.218750	E6	71	80	0
1826	169.233073	169.291667	E6	59	80	0
1827	169.315104	170.319010	G4	46	80	0
1828	169.322917	169.390625	F#6	66	80	0
1829	169.410156	170.139323	B4	75	80	0
1830	169.417969	169.519531	G6	79	80	0
1831	169.574219	169.636719	E6	67	80	0
1832	169.666667	169.716146	Eb6	66	80	0
1833	169.747396	169.821615	G6	76	80	0
1834	169.753906	169.979167	E5	71	80	0
1835	169.835938	169.898438	F#6	72	80	0
1836	169.923177	169.981771	E6	69	80	0
1837	170.003906	170.063802	Eb6	66	80	0
1838	170.087240	170.188802	G6	78	80	0
1839	170.095052	170.136719	G5	76	80	0
1840	170.148438	170.718750	B4	53	80	0
1841	170.167969	170.223958	F#6	70	80	0
1842	170.244792	170.324219	E6	67	80	0
1843	170.322917	170.385417	Eb6	66	80	0
1844	170.404948	170.475260	G6	71	80	0
1845	170.492188	170.598958	F#6	67	80	0
1846	170.545573	170.601562	E6	68	80	0
1847	170.625000	170.686198	Eb6	60	80	0
1848	170.707031	170.789062	E7	71	80	0
1849	170.708333	170.789062	E6	78	80	0
1850	170.713542	170.779948	G6	75	80	0
1851	170.714844	170.795573	G5	72	80	0
1852	170.804688	170.875000	F#5	68	80	0
1853	170.903646	170.966146	E5	65	80	0
1854	170.990885	171.119792	Eb5	64	80	0
1855	171.065104	171.789062	E5	74	80	0
1856	171.587240	171.829427	G6	59	80	0
1857	171.794271	171.966146	F#6	61	80	0
1858	171.802083	172.149740	E5	43	80	0
1859	171.966146	172.158854	E6	62	80	0
1860	171.975260	172.104167	G5	54	80	0
1861	172.134115	172.281250	Eb6	62	80	0
1862	172.152344	172.459635	F#5	51	80	0
1863	172.321615	172.619792	E6	59	80	0
1864	172.324219	172.477865	E5	54	80	0
1865	172.503906	173.509115	Eb5	50	80	0
1866	172.680990	173.199219	E5	50	80	0
1867	172.721354	173.299479	G6	55	80	0
1868	173.132812	173.539062	F#6	56	80	0
1869	173.514323	174.128906	E6	52	80	0
1870	173.528646	173.949219	G5	46	80	0
1871	173.903646	174.489583	F#5	47	80	0
1872	173.903646	174.609375	Eb6	46	80	0
1873	174.315104	174.789062	E5	46	80	0
1874	174.333333	176.079427	E6	46	80	0
1875	174.722656	175.079427	Eb5	42	80	0
1876	175.214844	177.500000	G6	55	80	0
1877	175.217448	175.989583	E5	39	80	0
1878	176.141927	177.079427	F#6	58	80	0
1879	176.604167	177.549479	G5	52	80	0
1880	177.044271	177.509115	E6	46	80	0
1881	177.510417	178.000000	F#5	44	80	0
1882	177.924479	178.529948	G5	45	80	0
1883	177.927083	178.309896	G4	43	80	0
1884	178.412760	179.459635	E5	40	80	0
1885	178.451823	178.899740	G4	26	80	0
1886	178.955729	179.489583	F#5	33	80	0
1887	178.960938	179.369792	F#4	34	80	0
1888	179.278646	179.355469	E4	33	80	0
1889	179.532552	179.919271	E4	34	80	0
1890	179.575521	180.009115	G4	26	80	0
1891	180.457031	180.819010	F#4	29	80	0
1892	180.691406	180.929688	E4	29	80	0
1893	180.937500	181.289062	E4	24	80	0
1894	181.338542	181.619792	G4	28	80	0
1895	181.666667	181.769531	G4	25	80	0
1896	181.768229	181.949219	F#4	30	80	0
1897	181.834635	181.908854	G4	28	80	0
1898	182.040365	182.089844	F#4	31	80	0
1899	182.044271	182.095052	E4	29	80	0
1900	182.205729	182.500000	E5	42	80	0
1901	182.208333	182.468750	F#4	33	80	0
1902	182.208333	182.272135	E4	30	80	0
1903	182.416667	182.519531	E4	31	80	0
1904	182.613281	183.049479	E5	33	80	0
1905	182.674479	182.889323	E4	25	80	0
1906	182.839844	182.993490	G4	33	80	0
1907	183.039062	183.199219	F#4	37	80	0
1908	183.216146	183.419271	G5	53	80	0
1909	183.234375	183.438802	E4	38	80	0
1910	183.424479	183.609375	F#5	49	80	0
1911	183.432292	183.519531	E5	43	80	0
1912	183.602865	183.658854	E5	49	80	0
1913	183.634115	183.769531	E4	29	80	0
1914	183.640625	183.819010	G6	54	80	0
1915	183.803385	183.968750	F#6	71	80	0
1916	183.973958	184.109375	E6	66	80	0
1917	183.975260	184.123698	G5	61	80	0
1918	184.166667	184.299479	F#5	64	80	0
1919	184.214844	184.229167	F#4	20	80	0
1920	184.332031	184.449219	E5	59	80	0
1921	184.365885	184.429688	G4	63	80	0
1922	184.553385	184.718750	F#5	63	80	0
1923	184.555990	184.769531	F#4	65	80	0
1924	184.730469	185.169271	E5	61	80	0
1925	184.734375	184.938802	E4	60	80	0
1926	184.774740	185.019531	G3	59	80	0
1927	184.938802	185.119792	F#3	61	80	0
1928	184.951823	185.019531	E4	45	80	0
1929	185.102865	185.164062	E3	64	80	0
1930	185.114583	185.119792	G2	50	80	0
1931	185.123698	185.209635	E4	47	80	0
1932	185.292969	185.449219	E3	71	80	0
1933	185.292969	185.299479	G2	59	80	0
1934	185.296875	185.408854	G4	67	80	0
1935	185.296875	185.346354	E5	60	80	0
1936	185.687500	186.000000	B4	64	80	0
1937	185.688802	186.049479	G4	64	80	0
1938	185.690104	185.899740	E5	64	80	0
1939	185.691406	186.009115	B3	65	80	0
1940	185.691406	186.069010	E3	63	80	0
1941	185.700521	186.009115	E4	58	80	0
1942	185.700521	186.039062	G3	66	80	0
1943	185.701823	185.759115	B2	56	80	0
1944	186.299479	186.337240	F#5	67	80	0
1945	186.302083	186.378906	F#4	69	80	0
1946	186.430990	186.639323	E3	68	80	0
1947	186.433594	186.438802	C3	70	80	0
1948	186.434896	186.509115	G4	68	80	0
1949	186.434896	186.589844	E5	71	80	0
1950	186.436198	186.511719	E2	67	80	0
1951	186.444010	186.569010	G2	72	80	0
1952	186.451823	186.779948	G3	69	80	0
1953	186.519531	186.739583	G4	58	80	0
1954	186.864583	187.049479	D3	80	80	0
1955	186.865885	187.019531	A3	74	80	0
1956	186.868490	187.069010	A4	75	80	0
1957	186.871094	187.092448	D2	75	80	0
1958	186.873698	187.059896	D4	65	80	0
1959	186.873698	187.089844	F#4	64	80	0
1960	187.829427	188.066406	A4	45	80	0
1961	187.832031	188.098958	F#5	41	80	0
1962	187.833333	188.035156	D5	37	80	0
1963	187.842448	188.019531	F#4	34	80	0
1964	187.864583	188.027344	D4	27	80	0
1965	188.321615	188.559896	A5	46	80	0
1966	188.321615	188.699219	A4	43	80	0
1967	188.324219	188.679688	F#5	39	80	0
1968	188.355469	188.569010	D4	28	80	0
1969	188.363281	188.559896	C4	27	80	0
1970	188.363281	188.819010	F#4	27	80	0
1971	188.934896	189.089844	G5	47	80	0
1972	188.936198	189.049479	G4	41	80	0
1973	188.936198	189.109375	D5	43	80	0
1974	188.942708	188.949219	B4	40	80	0
1975	188.951823	189.011719	B3	32	80	0
1976	188.953125	189.023438	D4	31	80	0
1977	189.118490	189.199219	A5	47	80	0
1978	189.121094	189.269531	A4	48	80	0
1979	189.128906	189.289062	F#5	38	80	0
1980	189.153646	189.273438	F#4	25	80	0
1981	189.164062	189.263021	C4	25	80	0
1982	189.167969	189.319010	A3	24	80	0
1983	189.565104	189.765625	B4	47	80	0
1984	189.572917	189.759115	G5	40	80	0
1985	189.584635	189.908854	G4	28	80	0
1986	189.595052	189.729167	D4	19	80	0
1987	189.601562	189.772135	G3	24	80	0
1988	189.602865	189.777344	B3	25	80	0
1989	190.371094	190.459635	B4	70	80	0
1990	190.375000	190.434896	G3	66	80	0
1991	190.375000	190.446615	B3	66	80	0
1992	190.376302	190.509115	D4	58	80	0
1993	190.382812	190.519531	G4	65	80	0
1994	190.389323	190.453125	G2	58	80	0
1995	190.776042	191.049479	G3	68	80	0
1996	190.792969	191.218750	G2	64	80	0
1997	190.795573	191.169271	B3	67	80	0
1998	190.796875	191.149740	G4	65	80	0
1999	190.796875	191.199219	B4	73	80	0
2000	190.803385	190.989583	D4	64	80	0
2001	191.335938	191.380208	A4	72	80	0
2002	191.341146	191.408854	B4	65	80	0
2003	191.472656	191.658854	B4	68	80	0
2004	191.472656	191.609375	B3	73	80	0
2005	191.472656	191.549479	G4	65	80	0
2006	191.489583	191.549479	G2	68	80	0
2007	191.496094	191.554688	G1	64	80	0
2008	191.901042	192.309896	C#5	71	80	0
2009	191.907552	192.188802	F#2	69	80	0
2010	191.907552	192.309896	Bb4	72	80	0
2011	191.911458	192.179688	C#4	63	80	0
2012	191.914062	192.188802	F#1	69	80	0
2013	191.915365	192.259115	F#4	57	80	0
2014	192.869792	193.149740	C#5	46	80	0
2015	192.884115	193.188802	Bb4	48	80	0
2016	192.895833	193.319010	F#4	33	80	0
2017	193.369792	194.009115	C#5	49	80	0
2018	193.394531	194.019531	Bb4	47	80	0
2019	193.421875	194.348958	E4	28	80	0
2020	193.424479	194.000000	F#4	27	80	0
2021	193.964844	194.134115	B4	54	80	0
2022	194.006510	194.239583	D4	24	80	0
2023	194.007812	194.339844	F#4	22	80	0
2024	194.156250	194.324219	C#5	46	80	0
2025	194.183594	194.509115	Bb4	44	80	0
2026	194.247396	194.308594	C#4	26	80	0
2027	194.615885	195.079427	D5	37	80	0
2028	194.635417	195.089844	B4	34	80	0
2029	194.664062	194.669271	B3	27	80	0
2030	194.675781	195.069010	D4	23	80	0
2031	195.614583	197.019531	D5	46	80	0
2032	196.115885	196.628906	B3	23	80	0
2033	196.119792	196.709635	D4	23	80	0
2034	196.127604	197.819010	G4	23	80	0
2035	196.509115	197.500000	G5	56	80	0
2036	196.923177	197.479167	E5	52	80	0
2037	196.966146	197.908854	E4	28	80	0
2038	197.317708	197.779948	D5	54	80	0
2039	197.342448	197.348958	A2	28	80	0
2040	197.361979	197.619792	D4	25	80	0
2041	197.725260	197.912760	C5	57	80	0
2042	198.100260	199.009115	C5	66	80	0
2043	198.140625	198.500000	Eb4	33	80	0
2044	198.145833	199.049479	F#4	36	80	0
2045	198.479167	199.718750	D4	47	80	0
2046	198.871094	199.339844	A5	57	80	0
2047	199.276042	200.059896	C5	63	80	0
2048	199.324219	199.718750	F#4	32	80	0
2049	199.640625	200.869792	G4	42	80	0
2050	200.024740	200.269531	B4	57	80	0
2051	200.429688	202.500000	B4	56	80	0
2052	200.462240	200.929688	G3	34	80	0
2053	200.473958	200.489583	G2	34	80	0
2054	200.842448	201.658854	E3	39	80	0
2055	201.264323	201.419271	G4	42	80	0
2056	201.292969	201.459635	E4	26	80	0
2057	201.686198	202.269531	E4	31	80	0
2058	201.692708	203.049479	G4	39	80	0
2059	202.125000	202.649740	C4	31	80	0
2060	202.563802	203.049479	E4	35	80	0
2061	203.054688	203.359375	C4	29	80	0
2062	203.057292	204.009115	C3	30	80	0
2063	203.061198	204.779948	E4	31	80	0
2064	203.615885	204.329427	C2	20	80	0
2065	204.167969	204.949219	G3	24	80	0
2066	204.895833	205.438802	E3	24	80	0
2067	206.354167	207.500000	Eb4	22	80	0
2068	206.360677	207.500000	B3	22	80	0
2069	206.367188	207.500000	Eb3	19	80	0
2070	206.394531	207.500000	B2	18	80	0
2071	209.582031	210.408854	E6	50	80	0
2072	209.587240	210.049479	E5	47	80	0
2073	210.149740	211.069010	B3	31	80	0
2074	210.157552	211.079427	E3	25	80	0
2075	210.179688	210.809896	G3	21	80	0
2076	210.845052	210.959635	Eb6	59	80	0
2077	210.854167	210.910156	Eb5	51	80	0
2078	211.026042	211.209635	E6	65	80	0
2079	211.031250	211.218750	E5	63	80	0
2080	211.544271	212.179688	F#4	52	80	0
2081	211.565104	212.000000	E4	39	80	0
2082	211.579427	213.878906	A2	35	80	0
2083	211.585938	212.059896	C4	33	80	0
2084	212.446615	212.819010	F#4	62	80	0
2085	212.454427	212.839844	E4	54	80	0
2086	212.463542	212.829427	C#4	46	80	0
2087	212.472656	212.479167	Bb3	49	80	0
2088	212.472656	212.819010	Bb2	46	80	0
2089	212.960938	213.889323	F#4	63	80	0
2090	212.971354	214.199219	B2	50	80	0
2091	212.976562	214.139323	B3	53	80	0
2092	212.979167	214.079427	Eb4	52	80	0
2093	212.996094	214.269531	A3	44	80	0
2094	213.824219	214.098958	G4	61	80	0
2095	214.054688	214.259115	A4	65	80	0
2096	214.234375	214.389323	G4	56	80	0
2097	214.425781	215.128906	F#4	50	80	0
2098	214.432292	215.169271	C4	48	80	0
2099	214.444010	215.609375	C3	45	80	0
2100	214.446615	215.589844	G3	41	80	0
2101	214.985677	215.289062	E5	51	80	0
2102	214.988281	215.188802	E4	55	80	0
2103	215.584635	216.579427	E6	63	80	0
2104	215.597656	216.609375	E5	58	80	0
2105	215.602865	215.709635	E4	40	80	0
2106	215.602865	215.878906	B2	36	80	0
2107	215.604167	215.709635	B3	38	80	0
2108	215.798177	216.229167	A2	49	80	0
2109	216.114583	216.869792	B3	45	80	0
2110	216.132812	217.378906	E3	36	80	0
2111	216.852865	216.968750	Eb6	70	80	0
2112	216.856771	216.904948	Eb5	58	80	0
2113	217.024740	217.500000	E5	70	80	0
2114	217.027344	217.229167	E6	71	80	0
2115	217.054688	217.389323	G#2	50	80	0
2116	217.544271	218.269531	F#4	62	80	0
2117	217.555990	218.149740	A3	55	80	0
2118	217.563802	218.339844	A2	53	80	0
2119	217.565104	218.158854	E4	54	80	0
2120	217.582031	218.139323	C4	51	80	0
2121	218.803385	219.339844	F#4	46	80	0
2122	218.804688	219.329427	C#5	45	80	0
2123	218.808594	219.359375	Bb2	40	80	0
2124	218.811198	219.289062	E4	44	80	0
2125	218.813802	219.269531	C#4	41	80	0
2126	218.813802	219.259115	Bb3	42	80	0
2127	219.618490	220.519531	F#4	40	80	0
2128	219.638021	220.369792	B3	31	80	0
2129	219.640625	221.000000	A3	33	80	0
2130	219.640625	220.408854	Eb4	30	80	0
2131	219.645833	220.029948	B2	27	80	0
2132	220.039062	221.369792	B2	25	80	0
2133	220.845052	221.158854	A4	43	80	0
2134	221.203125	221.408854	G4	40	80	0
2135	221.549479	221.750000	F#4	39	80	0
2136	222.072917	222.929688	E4	33	80	0
2137	222.083333	222.679688	B3	27	80	0
2138	222.084635	223.000000	E3	27	80	0
2139	224.416667	224.509115	G1	24	80	0
2140	224.911458	224.919271	G1	21	80	0
2141	225.691406	226.139323	C5	38	80	0
2142	225.707031	225.878906	C4	25	80	0
2143	225.717448	226.049479	C2	20	80	0
2144	225.722656	225.959635	C3	21	80	0
2145	226.145833	226.389323	C5	38	80	0
2146	226.154948	226.359375	C4	29	80	0
2147	226.164062	226.819010	C3	24	80	0
2148	226.946615	227.054688	G5	40	80	0
2149	226.973958	227.369792	G2	21	80	0
2150	226.976562	227.139323	G4	25	80	0
2151	226.976562	227.250000	G3	23	80	0
2152	227.398438	227.729167	G5	46	80	0
2153	227.425781	228.019531	G3	29	80	0
2154	227.432292	227.679688	G4	32	80	0
2155	227.432292	228.628906	G2	23	80	0
2156	228.220052	228.378906	C5	33	80	0
2157	228.234375	228.313802	C4	20	80	0
2158	228.283854	228.500000	C3	14	80	0
2159	228.714844	228.852865	C5	38	80	0
2160	228.726562	228.834635	C4	21	80	0
2161	228.743490	228.899740	C3	16	80	0
2162	229.579427	229.617188	F5	63	80	0
2163	229.580729	229.669271	F6	68	80	0
2164	229.583333	229.632812	G4	59	80	0
2165	229.591146	229.630208	D6	66	80	0
2166	229.592448	229.648438	B3	43	80	0
2167	229.596354	229.679688	D4	43	80	0
2168	229.602865	229.645833	F4	45	80	0
2169	230.013021	230.619792	F5	72	80	0
2170	230.014323	230.718750	F6	75	80	0
2171	230.014323	230.968750	G4	65	80	0
2172	230.018229	230.089844	D6	71	80	0
2173	230.022135	230.188802	D5	60	80	0
2174	230.033854	231.250000	F4	53	80	0
2175	230.040365	231.339844	B3	47	80	0
2176	230.046875	231.089844	D4	46	80	0
2177	230.641927	230.759115	E6	57	80	0
2178	230.742188	230.839844	D6	62	80	0
2179	230.805990	230.889323	C6	63	80	0
2180	230.902344	230.957031	B5	66	80	0
2181	230.980469	231.059896	A5	63	80	0
2182	231.046875	231.128906	G5	66	80	0
2183	231.071615	231.098958	A5	58	80	0
2184	231.114583	231.209635	F5	67	80	0
2185	231.212240	231.273438	E5	66	80	0
2186	231.282552	231.378906	D5	63	80	0
2187	231.345052	231.429688	C5	67	80	0
2188	231.389323	231.489583	D5	58	80	0
2189	231.427083	231.529948	B4	71	80	0
2190	231.497396	231.544271	A4	61	80	0
2191	231.565104	231.679688	G4	52	80	0
2192	231.615885	231.674479	F4	55	80	0
2193	231.705729	231.809896	E4	61	80	0
2194	231.782552	231.854167	D4	57	80	0
2195	231.854167	231.959635	C4	43	80	0
2196	231.920573	232.279948	B3	58	80	0
2197	231.977865	232.039062	A3	52	80	0
2198	232.044271	232.049479	G2	47	80	0
2199	232.053385	232.239583	A3	51	80	0
2200	232.055990	232.139323	G3	52	80	0
2201	232.126302	232.188802	F#3	56	80	0
2202	232.184896	232.519531	G3	63	80	0
2203	232.251302	232.369792	G2	56	80	0
2204	232.929688	233.069010	D4	66	80	0
2205	232.930990	233.009115	B3	70	80	0
2206	232.933594	233.209635	F4	68	80	0
2207	232.933594	233.049479	G3	68	80	0
2208	232.933594	233.039062	G2	69	80	0
2209	232.937500	232.986979	B2	67	80	0
2210	232.941406	233.059896	B1	65	80	0
2211	233.377604	233.709635	E4	70	80	0
2212	233.384115	233.688802	C4	68	80	0
2213	233.388021	233.658854	C3	68	80	0
2214	233.390625	233.549479	G3	66	80	0
2215	233.393229	233.679688	C2	67	80	0
2216	234.213542	234.291667	G#5	69	80	0
2217	234.214844	234.319010	E5	66	80	0
2218	234.214844	234.291667	B5	68	80	0
2219	234.221354	234.291667	D5	71	80	0
2220	234.222656	234.283854	D4	66	80	0
2221	234.234375	234.339844	B3	61	80	0
2222	234.235677	234.348958	E3	55	80	0
2223	234.242188	234.329427	G#3	54	80	0
2224	234.665365	234.889323	B5	69	80	0
2225	234.666667	235.059896	G#5	66	80	0
2226	234.670573	234.989583	D5	71	80	0
2227	234.671875	235.509115	D4	67	80	0
2228	234.678385	235.309896	G#3	61	80	0
2229	234.678385	235.359375	B3	67	80	0
2230	234.683594	235.729167	E3	59	80	0
2231	235.040365	235.158854	B5	54	80	0
2232	235.266927	235.389323	C6	66	80	0
2233	235.351562	235.459635	B5	59	80	0
2234	235.415365	235.529948	A5	64	80	0
2235	235.503906	235.598958	G#5	60	80	0
2236	235.566406	235.614583	F#5	63	80	0
2237	235.648438	235.759115	E5	59	80	0
2238	235.654948	235.694010	F5	60	80	0
2239	235.696615	235.819010	D5	60	80	0
2240	235.783854	235.848958	C5	64	80	0
2241	235.854167	235.938802	B4	65	80	0
2242	235.915365	235.954427	A4	60	80	0
2243	235.985677	236.069010	G#4	64	80	0
2244	236.028646	236.098958	F#4	61	80	0
2245	236.082031	236.121094	E5	59	80	0
2246	236.092448	236.179688	E4	63	80	0
2247	236.131510	236.209635	D4	62	80	0
2248	236.132812	236.161458	D5	61	80	0
2249	236.220052	236.229167	B4	57	80	0
2250	236.274740	236.408854	B3	66	80	0
2251	236.282552	236.339844	C4	62	80	0
2252	236.361979	236.404948	A3	61	80	0
2253	236.432292	236.510417	G#3	55	80	0
2254	236.503906	236.554688	F#3	57	80	0
2255	236.592448	236.647135	Eb3	63	80	0
2256	236.667969	237.029948	E3	69	80	0
2257	237.450521	237.528646	D4	65	80	0
2258	237.455729	237.579427	B3	61	80	0
2259	237.462240	237.559896	G#3	60	80	0
2260	237.463542	237.579427	E3	61	80	0
2261	237.463542	237.468750	D3	61	80	0
2262	237.466146	237.546875	G#2	59	80	0
2263	237.475260	237.598958	G#1	54	80	0
2264	237.903646	238.059896	C4	66	80	0
2265	237.904948	238.269531	A3	71	80	0
2266	237.904948	238.243490	A2	72	80	0
2267	237.906250	238.242188	A1	72	80	0
2268	237.911458	238.269531	E3	67	80	0
2269	239.174479	239.399740	C6	48	80	0
2270	239.192708	239.468750	C3	28	80	0
2271	239.194010	239.348958	A3	30	80	0
2272	239.194010	239.339844	F3	27	80	0
2273	239.197917	239.408854	A2	29	80	0
2274	239.736979	240.489583	C6	59	80	0
2275	239.772135	240.279948	C4	30	80	0
2276	239.774740	241.069010	F3	25	80	0
2277	239.774740	240.729167	A3	27	80	0
2278	239.776042	240.598958	C3	27	80	0
2279	240.442708	240.579427	Bb5	53	80	0
2280	240.533854	240.649740	A5	54	80	0
2281	240.611979	241.069010	C4	30	80	0
2282	240.613281	240.809896	C3	31	80	0
2283	240.614583	240.674479	G5	51	80	0
2284	240.705729	240.763021	F5	51	80	0
2285	240.799479	240.968750	E5	51	80	0
2286	240.816406	241.089844	C3	27	80	0
2287	240.911458	240.963542	D5	44	80	0
2288	241.002604	241.053385	C5	48	80	0
2289	241.095052	241.149740	C3	30	80	0
2290	241.098958	241.179688	Bb4	49	80	0
2291	241.190104	241.246094	A4	46	80	0
2292	241.207031	241.549479	C3	30	80	0
2293	241.223958	241.348958	A3	30	80	0
2294	241.256510	241.302083	G4	42	80	0
2295	241.334635	241.394531	F4	42	80	0
2296	241.436198	241.485677	E4	38	80	0
2297	241.506510	241.619792	D4	44	80	0
2298	241.604167	241.729167	C4	34	80	0
2299	241.694010	241.819010	Bb3	41	80	0
2300	241.802083	242.039062	A3	33	80	0
2301	241.846354	242.104167	C3	25	80	0
2302	241.847656	242.079427	F2	23	80	0
2303	242.054688	242.111979	A3	23	80	0
2304	242.273438	242.750000	A3	40	80	0
2305	242.313802	243.149740	F2	22	80	0
2306	242.313802	242.669271	C3	25	80	0
2307	242.790365	242.949219	C3	20	80	0
2308	242.967448	243.095052	Eb4	35	80	0
2309	243.005208	243.218750	A3	20	80	0
2310	243.006510	243.019531	Eb3	26	80	0
2311	243.007812	243.188802	C3	21	80	0
2312	243.009115	243.019531	F#3	24	80	0
2313	243.416667	243.908854	Eb4	34	80	0
2314	243.460938	243.839844	A3	23	80	0
2315	243.463542	243.519531	C3	25	80	0
2316	243.466146	243.479167	F#3	22	80	0
2317	243.533854	243.829427	C3	24	80	0
2318	244.127604	244.302083	A4	41	80	0
2319	244.131510	244.303385	Eb4	27	80	0
2320	244.154948	244.329427	C4	26	80	0
2321	244.154948	244.369792	A3	27	80	0
2322	244.157552	244.509115	F#2	28	80	0
2323	244.173177	244.468750	C3	30	80	0
2324	244.552083	244.721354	A4	42	80	0
2325	244.588542	244.598958	F#4	25	80	0
2326	244.596354	244.799479	Eb4	27	80	0
2327	244.598958	244.848958	C3	31	80	0
2328	244.604167	244.819010	F#3	26	80	0
2329	244.617188	244.718750	A3	23	80	0
2330	245.003906	245.065104	A4	29	80	0
2331	245.013021	245.158854	C3	25	80	0
2332	245.014323	245.074219	Eb4	20	80	0
2333	245.016927	245.079427	C4	20	80	0
2334	245.027344	245.079427	A3	20	80	0
2335	245.253906	245.438802	Eb5	46	80	0
2336	245.291667	245.438802	A4	36	80	0
2337	245.303385	245.489583	Eb4	28	80	0
2338	245.322917	245.410156	C3	25	80	0
2339	245.720052	246.019531	Eb5	41	80	0
2340	245.729167	245.872396	A4	38	80	0
2341	245.783854	246.098958	C3	27	80	0
2342	245.785156	246.009115	Eb4	22	80	0
2343	246.446615	246.649740	C6	54	80	0
2344	246.450521	246.569010	F#2	31	80	0
2345	246.454427	246.595052	A5	43	80	0
2346	246.463542	246.567708	C5	44	80	0
2347	246.463542	246.574219	Eb5	42	80	0
2348	246.473958	246.584635	C3	30	80	0
2349	246.835938	247.169271	C6	59	80	0
2350	246.843750	247.218750	A5	47	80	0
2351	246.850260	247.329427	Eb5	49	80	0
2352	246.851562	247.188802	C5	54	80	0
2353	246.860677	246.869792	C3	38	80	0
2354	246.861979	247.579427	F#3	37	80	0
2355	246.872396	248.089844	B2	34	80	0
2356	247.552083	247.643229	B5	64	80	0
2357	247.554688	247.679688	A5	63	80	0
2358	247.559896	247.628906	Eb5	57	80	0
2359	247.563802	247.699219	B4	62	80	0
2360	247.592448	248.069010	F#3	37	80	0
2361	247.923177	248.209635	Bb5	69	80	0
2362	247.924479	248.299479	Eb5	58	80	0
2363	247.928385	248.158854	Bb4	63	80	0
2364	248.572917	248.579427	F#2	47	80	0
2365	248.584635	248.589844	F#3	49	80	0
2366	248.611979	248.701823	B5	67	80	0
2367	248.614583	248.680990	Eb5	66	80	0
2368	248.617188	248.692708	A5	65	80	0
2369	248.622396	248.759115	B4	68	80	0
2370	248.645833	248.658854	A3	45	80	0
2371	248.661458	248.669271	A4	57	80	0
2372	248.673177	248.779948	B3	42	80	0
2373	248.966146	249.380208	B4	74	80	0
2374	248.968750	249.089844	G3	64	80	0
2375	248.972656	249.908854	E5	69	80	0
2376	248.976562	249.031250	B2	54	80	0
2377	249.147135	249.199219	B3	57	80	0
2378	249.153646	249.209635	G3	54	80	0
2379	249.326823	249.378906	G3	56	80	0
2380	249.333333	249.375000	B3	55	80	0
2381	249.505208	249.519531	E3	48	80	0
2382	249.506510	249.598958	B3	59	80	0
2383	249.513021	249.589844	G3	50	80	0
2384	249.675781	249.759115	B3	64	80	0
2385	249.677083	249.789062	B4	58	80	0
2386	249.677083	249.731771	G3	53	80	0
2387	249.848958	249.959635	B4	62	80	0
2388	249.850260	249.891927	B3	62	80	0
2389	249.850260	249.895833	G3	64	80	0
2390	250.016927	250.605469	E5	71	80	0
2391	250.018229	250.066406	B3	61	80	0
2392	250.033854	250.188802	G#3	64	80	0
2393	250.194010	250.246094	B3	57	80	0
2394	250.200521	250.246094	G#3	56	80	0
2395	250.378906	250.423177	G#3	60	80	0
2396	250.378906	250.419271	B3	57	80	0
2397	250.561198	250.605469	B3	51	80	0
2398	250.562500	250.606771	G#3	55	80	0
2399	250.563802	250.729167	E4	38	80	0
2400	250.753906	250.792969	B3	50	80	0
2401	250.755208	250.794271	G#3	47	80	0
2402	250.915365	250.958333	B3	55	80	0
2403	250.916667	250.964844	G#3	55	80	0
2404	250.917969	251.039062	E4	45	80	0
2405	251.063802	251.378906	E5	65	80	0
2406	251.067708	251.229167	B4	66	80	0
2407	251.074219	251.118490	B3	65	80	0
2408	251.075521	251.122396	D4	58	80	0
2409	251.082031	251.158854	G#3	62	80	0
2410	251.089844	251.119792	D3	51	80	0
2411	251.263021	251.304688	D4	52	80	0
2412	251.268229	251.312500	B3	51	80	0
2413	251.425781	251.779948	F5	66	80	0
2414	251.430990	251.476562	C5	62	80	0
2415	251.437500	251.549479	A3	66	80	0
2416	251.441406	251.539062	F4	60	80	0
2417	251.442708	251.484375	C4	59	80	0
2418	251.453125	251.569010	A4	61	80	0
2419	251.787760	251.828125	C4	52	80	0
2420	251.791667	251.938802	C5	53	80	0
2421	251.792969	251.830729	A3	49	80	0
2422	251.794271	251.878906	E4	43	80	0
2423	251.964844	252.029948	C4	58	80	0
2424	251.966146	252.003906	A3	55	80	0
2425	252.125000	252.199219	F5	67	80	0
2426	252.131510	252.239583	A3	71	80	0
2427	252.132812	252.250000	E5	67	80	0
2428	252.134115	252.174479	C5	68	80	0
2429	252.143229	252.149740	E3	60	80	0
2430	252.174479	252.239583	E4	48	80	0
2431	252.191406	252.239583	C4	52	80	0
2432	252.289062	252.369792	E4	55	80	0
2433	252.325521	252.339844	C4	38	80	0
2434	252.455729	252.559896	G#5	63	80	0
2435	252.463542	252.549479	D5	63	80	0
2436	252.463542	252.529948	E5	59	80	0
2437	252.466146	252.688802	G#4	64	80	0
2438	252.467448	252.539062	B4	61	80	0
2439	252.473958	252.559896	B3	59	80	0
2440	252.475260	252.559896	D4	57	80	0
2441	252.653646	252.690104	B3	58	80	0
2442	252.664062	252.729167	D4	48	80	0
2443	252.819010	252.859375	B4	56	80	0
2444	252.822917	252.864583	D4	58	80	0
2445	252.828125	252.878906	E4	47	80	0
2446	252.828125	252.889323	B3	51	80	0
2447	252.986979	253.029948	B3	58	80	0
2448	252.986979	253.027344	D4	61	80	0
2449	252.992188	253.024740	D5	65	80	0
2450	252.993490	253.000000	F#5	55	80	0
2451	252.996094	253.049479	E4	49	80	0
2452	253.111979	253.218750	G#5	70	80	0
2453	253.114583	253.184896	E5	64	80	0
2454	253.114583	253.178385	G#4	69	80	0
2455	253.115885	253.175781	D5	63	80	0
2456	253.126302	253.174479	B3	64	80	0
2457	253.127604	253.178385	D4	62	80	0
2458	253.128906	253.194010	E4	55	80	0
2459	253.294271	253.337240	E5	60	80	0
2460	253.296875	253.339844	D5	60	80	0
2461	253.299479	253.341146	G#4	60	80	0
2462	253.302083	253.343750	B3	57	80	0
2463	253.302083	253.347656	E4	57	80	0
2464	253.303385	253.341146	B4	57	80	0
2465	253.316406	253.378906	D4	50	80	0
2466	253.463542	253.513021	A4	74	80	0
2467	253.463542	253.669271	A5	75	80	0
2468	253.463542	253.513021	E5	69	80	0
2469	253.472656	253.520833	C5	71	80	0
2470	253.475260	253.489583	F#4	57	80	0
2471	253.484375	253.520833	E4	65	80	0
2472	253.489583	253.559896	C4	56	80	0
2473	253.623698	253.669271	E4	66	80	0
2474	253.625000	253.839844	E5	62	80	0
2475	253.632812	253.839844	C5	63	80	0
2476	253.632812	253.675781	C4	56	80	0
2477	253.792969	253.830729	C4	59	80	0
2478	253.792969	253.833333	E4	61	80	0
2479	253.949219	254.009115	F#4	63	80	0
2480	253.951823	253.994792	E5	63	80	0
2481	253.951823	253.996094	E4	66	80	0
2482	253.959635	254.006510	C4	55	80	0
2483	254.102865	254.269531	A5	80	80	0
2484	254.105469	254.259115	E5	68	80	0
2485	254.114583	254.188802	C5	64	80	0
2486	254.147135	254.209635	C4	52	80	0
2487	254.147135	254.209635	E4	44	80	0
2488	254.294271	254.352865	C#4	63	80	0
2489	254.295573	254.351562	E4	59	80	0
2490	254.473958	254.869792	G5	67	80	0
2491	254.475260	254.519531	C#5	66	80	0
2492	254.475260	254.628906	E5	67	80	0
2493	254.476562	254.709635	Bb4	75	80	0
2494	254.484375	254.533854	C#4	63	80	0
2495	254.496094	254.569010	E4	56	80	0
2496	254.641927	254.750000	E5	62	80	0
2497	254.644531	254.695312	E4	58	80	0
2498	254.644531	254.696615	C#4	59	80	0
2499	254.812500	254.872396	C#5	55	80	0
2500	254.813802	254.876302	E4	58	80	0
2501	254.815104	254.959635	E5	58	80	0
2502	254.815104	254.908854	C#4	48	80	0
2503	255.016927	255.062500	E5	53	80	0
2504	255.019531	255.089844	E4	50	80	0
2505	255.023438	255.079427	C#4	48	80	0
2506	255.235677	255.329427	A5	53	80	0
2507	255.244792	255.313802	E5	48	80	0
2508	255.250000	255.305990	C#5	42	80	0
2509	255.256510	255.429688	F#4	31	80	0
2510	255.444010	255.503906	F#4	49	80	0
2511	255.446615	255.503906	F#5	52	80	0
2512	255.446615	255.503906	Bb5	56	80	0
2513	255.453125	255.501302	C#5	43	80	0
2514	255.462240	255.502604	E5	50	80	0
2515	255.627604	255.678385	C#5	48	80	0
2516	255.634115	255.684896	Bb5	59	80	0
2517	255.634115	255.680990	E5	54	80	0
2518	255.636719	255.739583	F#4	45	80	0
2519	255.802083	255.854167	Bb5	63	80	0
2520	255.804688	255.851562	C#5	54	80	0
2521	255.807292	255.861979	F#5	56	80	0
2522	255.807292	255.854167	E5	58	80	0
2523	255.811198	255.854167	F#4	53	80	0
2524	255.972656	256.031250	Bb5	67	80	0
2525	255.979167	256.026042	C#5	55	80	0
2526	255.980469	256.032552	F#5	58	80	0
2527	255.983073	256.027344	E5	60	80	0
2528	255.984375	256.079427	F#4	50	80	0
2529	256.144531	256.204427	Bb5	67	80	0
2530	256.151042	256.199219	C#5	63	80	0
2531	256.151042	256.205729	F#5	62	80	0
2532	256.153646	256.201823	E5	67	80	0
2533	256.153646	256.201823	F#4	64	80	0
2534	256.317708	256.376302	Bb5	70	80	0
2535	256.324219	256.373698	E5	69	80	0
2536	256.324219	256.372396	C#5	62	80	0
2537	256.325521	256.380208	F#4	58	80	0
2538	256.475260	256.562500	F#5	69	80	0
2539	256.485677	256.559896	Bb5	69	80	0
2540	256.486979	256.565104	F#4	61	80	0
2541	256.490885	256.563802	E5	62	80	0
2542	256.667969	256.759115	F#5	67	80	0
2543	256.675781	256.738281	F#4	59	80	0
2544	256.675781	256.734375	C#5	60	80	0
2545	256.680990	256.743490	Bb5	68	80	0
2546	256.682292	256.736979	E5	67	80	0
2547	256.863281	256.934896	F#4	61	80	0
2548	256.863281	256.944010	F#5	69	80	0
2549	256.867188	256.933594	C#5	61	80	0
2550	256.869792	256.938802	Bb5	67	80	0
2551	256.871094	256.933594	E5	66	80	0
2552	257.063802	257.114583	Bb5	64	80	0
2553	257.063802	257.114583	C#5	65	80	0
2554	257.069010	257.114583	E5	59	80	0
2555	257.071615	257.125000	F#4	53	80	0
2556	257.225260	257.295573	Bb5	64	80	0
2557	257.227865	257.292969	C#5	57	80	0
2558	257.231771	257.287760	E5	62	80	0
2559	257.235677	257.250000	B3	50	80	0
2560	257.235677	257.312500	F#4	54	80	0
2561	257.520833	257.622396	A4	66	80	0
2562	257.523438	257.608073	B5	72	80	0
2563	257.524740	257.632812	B3	56	80	0
2564	257.524740	257.609375	B6	76	80	0
2565	257.535156	257.679688	F#4	51	80	0
2566	257.542969	257.640625	Eb4	47	80	0
2567	257.794271	257.919271	C7	76	80	0
2568	257.795573	257.919271	C6	75	80	0
2569	257.802083	257.884115	A4	67	80	0
2570	257.803385	257.894531	F#4	63	80	0
2571	257.811198	257.908854	B3	56	80	0
2572	257.813802	257.897135	Eb4	45	80	0
2573	258.009115	258.079427	C7	80	80	0
2574	258.009115	258.083333	C6	80	80	0
2575	258.013021	258.084635	A4	68	80	0
2576	258.014323	258.096354	F#4	62	80	0
2577	258.015625	258.105469	B3	58	80	0
2578	258.022135	258.102865	Eb4	54	80	0
2579	258.205729	258.269531	C7	83	80	0
2580	258.210938	258.274740	C6	81	80	0
2581	258.212240	258.279948	F#4	68	80	0
2582	258.212240	258.286458	B3	59	80	0
2583	258.212240	258.278646	A4	67	80	0
2584	258.214844	258.291667	Eb4	54	80	0
2585	258.402344	258.589844	C7	79	80	0
2586	258.403646	258.500000	C6	76	80	0
2587	258.403646	258.475260	F#4	60	80	0
2588	258.404948	258.485677	B3	54	80	0
2589	258.404948	258.475260	A4	63	80	0
2590	258.410156	258.485677	Eb4	50	80	0
2591	258.602865	258.709635	C7	80	80	0
2592	258.604167	258.683594	C6	73	80	0
2593	258.611979	258.695312	A4	68	80	0
2594	258.614583	258.700521	F#4	57	80	0
2595	258.625000	258.707031	Eb4	45	80	0
2596	258.632812	258.708333	B3	49	80	0
2597	258.824219	258.908854	C7	82	80	0
2598	258.825521	258.907552	C6	76	80	0
2599	258.833333	258.907552	A4	64	80	0
2600	258.834635	258.923177	F#4	55	80	0
2601	258.835938	258.920573	Eb4	50	80	0
2602	258.837240	258.946615	B3	54	80	0
2603	259.063802	259.149740	C7	69	80	0
2604	259.067708	259.188802	C6	70	80	0
2605	259.070312	259.138021	A4	52	80	0
2606	259.071615	259.079427	B3	49	80	0
2607	259.074219	259.143229	F#4	53	80	0
2608	259.076823	259.160156	Eb4	46	80	0
2609	259.334635	259.619792	C7	75	80	0
2610	259.334635	259.539062	C6	70	80	0
2611	259.343750	259.404948	A4	54	80	0
2612	259.348958	259.444010	F#4	45	80	0
2613	259.381510	259.598958	Eb4	30	80	0
2614	259.391927	259.460938	B3	37	80	0
2615	259.628906	259.979167	C7	65	80	0
2616	259.643229	259.859375	C6	60	80	0
2617	259.644531	259.697917	A4	39	80	0
2618	259.645833	259.658854	B3	31	80	0
2619	259.647135	259.718750	F#4	37	80	0
2620	259.673177	259.869792	Eb4	25	80	0
2621	259.772135	259.829427	F#4	30	80	0
2622	259.808594	259.929688	A4	29	80	0
2623	259.986979	260.429688	C7	59	80	0
2624	260.002604	260.319010	C6	55	80	0
2625	260.013021	260.019531	B3	26	80	0
2626	260.035156	260.139323	F#4	28	80	0
2627	260.044271	260.139323	A4	27	80	0
2628	260.054688	260.419271	Eb4	23	80	0
2629	260.329427	260.389323	A4	27	80	0
2630	260.401042	260.449219	A4	32	80	0
2631	260.444010	261.059896	C7	53	80	0
2632	260.457031	260.869792	C6	48	80	0
2633	260.460938	260.619792	A4	29	80	0
2634	260.473958	260.562500	F#4	28	80	0
2635	260.515625	260.589844	B3	25	80	0
2636	260.630208	261.429688	A4	29	80	0
2637	261.074219	261.609375	C7	59	80	0
2638	261.082031	261.319010	C6	55	80	0
2639	261.083333	261.089844	E4	30	80	0
2640	261.087240	261.259115	E3	29	80	0
2641	261.325521	261.429688	G4	30	80	0
2642	261.511719	261.709635	C4	29	80	0
2643	261.518229	261.639323	G4	28	80	0
2644	261.652344	261.750000	B6	61	80	0
2645	261.658854	261.729167	F#3	30	80	0
2646	261.664062	261.718750	B5	58	80	0
2647	261.845052	262.000000	B3	30	80	0
2648	261.916667	262.019531	A4	45	80	0
2649	262.024740	262.169271	G3	38	80	0
2650	262.134115	262.209635	B4	51	80	0
2651	262.192708	262.319010	B3	47	80	0
2652	262.266927	262.348958	B4	53	80	0
2653	262.505208	262.598958	B3	40	80	0
2654	262.506510	262.563802	G4	52	80	0
2655	262.665365	262.759115	G4	49	80	0
2656	262.666667	262.735677	B3	39	80	0
2657	262.763021	263.539062	E6	68	80	0
2658	262.764323	262.949219	F#3	53	80	0
2659	262.765625	263.809896	E5	66	80	0
2660	262.880208	262.921875	A4	45	80	0
2661	262.950521	263.019531	B3	36	80	0
2662	263.024740	263.096354	A4	51	80	0
2663	263.024740	263.149740	B3	42	80	0
2664	263.132812	263.339844	G3	46	80	0
2665	263.244792	263.348958	B4	42	80	0
2666	263.295573	263.529948	B3	48	80	0
2667	263.363281	263.468750	B4	57	80	0
2668	263.483073	263.639323	B4	48	80	0
2669	263.493490	263.575521	E3	46	80	0
2670	263.535156	263.718750	G3	41	80	0
2671	263.597656	263.750000	G4	49	80	0
2672	263.684896	263.829427	B3	43	80	0
2673	263.756510	263.848958	G4	49	80	0
2674	263.856771	264.359375	B5	71	80	0
2675	263.864583	264.299479	B4	72	80	0
2676	263.894531	264.098958	F#3	43	80	0
2677	263.954427	264.039062	A4	45	80	0
2678	264.032552	264.239583	B3	39	80	0
2679	264.101562	264.109375	A5	54	80	0
2680	264.104167	264.359375	A4	51	80	0
2681	264.208333	264.278646	G3	47	80	0
2682	264.278646	264.355469	E3	39	80	0
2683	264.307292	264.438802	B4	52	80	0
2684	264.377604	264.500000	B3	52	80	0
2685	264.444010	265.069010	B4	55	80	0
2686	264.449219	264.619792	G3	43	80	0
2687	264.575521	264.709635	B3	47	80	0
2688	264.576823	264.643229	E3	41	80	0
2689	264.673177	264.789062	G4	53	80	0
2690	264.764323	265.109375	G3	41	80	0
2691	264.769531	265.049479	B3	42	80	0
2692	264.852865	264.979167	G4	46	80	0
2693	264.938802	265.158854	F#3	42	80	0
2694	264.975260	266.919271	E5	66	80	0
2695	265.048177	265.218750	A4	56	80	0
2696	265.139323	265.339844	B3	37	80	0
2697	265.226562	265.819010	A4	48	80	0
2698	265.305990	265.429688	D5	45	80	0
2699	265.313802	265.468750	G3	37	80	0
2700	265.423177	265.549479	B4	52	80	0
2701	265.485677	265.739583	B3	43	80	0
2702	265.554688	265.949219	B4	55	80	0
2703	265.697917	265.979167	A3	38	80	0
2704	265.825521	266.029948	A4	42	80	0
2705	265.837240	265.903646	G4	38	80	0
2706	265.891927	266.199219	E4	39	80	0
2707	265.984375	266.069010	G4	41	80	0
2708	266.118490	266.639323	C5	56	80	0
2709	266.123698	266.408854	Bb3	47	80	0
2710	266.213542	266.282552	G4	34	80	0
2711	266.308594	266.419271	E4	34	80	0
2712	266.429688	266.759115	G4	37	80	0
2713	266.432292	266.669271	E4	33	80	0
2714	266.576823	266.979167	B4	61	80	0
2715	266.579427	266.658854	B3	46	80	0
2716	266.665365	266.959635	B3	43	80	0
2717	266.772135	266.899740	G4	37	80	0
2718	266.776042	266.889323	E4	34	80	0
2719	266.902344	267.049479	E4	28	80	0
2720	266.912760	267.069010	G4	34	80	0
2721	266.990885	267.378906	B4	53	80	0
2722	267.076823	267.239583	B3	36	80	0
2723	267.076823	267.199219	G4	33	80	0
2724	267.196615	267.348958	E4	31	80	0
2725	267.308594	267.399740	G4	36	80	0
2726	267.391927	267.759115	B4	47	80	0
2727	267.404948	267.649740	B3	41	80	0
2728	267.506510	267.598958	G4	37	80	0
2729	267.635417	267.769531	E4	24	80	0
2730	267.709635	267.809896	G4	34	80	0
2731	267.826823	268.169271	Eb5	53	80	0
2732	267.830729	268.079427	B3	39	80	0
2733	267.917969	267.989583	A4	45	80	0
2734	268.014323	268.139323	F#4	33	80	0
2735	268.066406	268.399740	A4	51	80	0
2736	268.295573	268.351562	E2	39	80	0
2737	268.337240	268.598958	E5	57	80	0
2738	268.425781	268.539062	G3	45	80	0
2739	268.553385	268.669271	B2	33	80	0
2740	268.623698	268.750000	C5	68	80	0
2741	268.643229	268.649740	C2	39	80	0
2742	268.653646	268.658854	C3	35	80	0
2743	268.764323	268.878906	F#2	47	80	0
2744	268.830729	269.438802	C6	67	80	0
2745	268.984375	269.119792	B2	37	80	0
2746	269.083333	269.128906	A3	33	80	0
2747	269.190104	269.269531	G2	43	80	0
2748	269.195312	269.209635	E5	37	80	0
2749	269.286458	269.348958	B3	41	80	0
2750	269.380208	269.489583	B2	47	80	0
2751	269.427083	269.769531	B5	63	80	0
2752	269.428385	269.759115	B4	57	80	0
2753	269.455729	269.529948	B3	45	80	0
2754	269.496094	269.598958	B2	42	80	0
2755	269.604167	269.652344	E2	38	80	0
2756	269.694010	269.809896	B2	43	80	0
2757	269.704427	269.889323	G3	46	80	0
2758	269.783854	270.000000	B5	69	80	0
2759	269.821615	269.919271	B2	37	80	0
2760	269.851562	269.859375	E2	38	80	0
2761	269.895833	269.932292	G3	40	80	0
2762	269.990885	270.779948	F#5	62	80	0
2763	269.993490	270.040365	F#2	45	80	0
2764	270.204427	270.329427	B2	33	80	0
2765	270.290365	270.345052	A3	40	80	0
2766	270.421875	270.569010	G2	38	80	0
2767	270.503906	270.545573	B3	44	80	0
2768	270.602865	270.709635	B2	39	80	0
2769	270.671875	270.889323	E5	57	80	0
2770	270.716146	270.859375	B2	34	80	0
2771	270.819010	270.865885	E2	38	80	0
2772	270.911458	271.128906	G3	43	80	0
2773	270.914062	271.239583	G2	45	80	0
2774	270.962240	271.119792	B2	36	80	0
2775	271.014323	271.289062	E5	61	80	0
2776	271.066406	271.149740	E2	34	80	0
2777	271.097656	271.109375	D5	41	80	0
2778	271.164062	271.230469	F#2	42	80	0
2779	271.217448	271.479167	C5	62	80	0
2780	271.433594	271.519531	B2	31	80	0
2781	271.492188	271.549479	A3	40	80	0
2782	271.585938	271.718750	G2	37	80	0
2783	271.707031	271.779948	B3	39	80	0
2784	271.789062	271.938802	B2	46	80	0
2785	271.804688	272.049479	B4	57	80	0
2786	271.816406	272.044271	B3	52	80	0
2787	271.949219	272.119792	B2	41	80	0
2788	272.011719	272.089844	E3	35	80	0
2789	272.088542	272.329427	G3	44	80	0
2790	272.093750	272.218750	G4	41	80	0
2791	272.132812	272.289062	B2	42	80	0
2792	272.175781	272.500000	B4	59	80	0
2793	272.364583	272.415365	F#2	55	80	0
2794	272.381510	272.709635	F#4	52	80	0
2795	272.463542	272.549479	A3	45	80	0
2796	272.589844	272.632812	B2	45	80	0
2797	272.613281	272.679688	A3	50	80	0
2798	272.705729	272.929688	G2	54	80	0
2799	272.808594	272.992188	B3	52	80	0
2800	272.873698	272.949219	B2	41	80	0
2801	272.933594	272.990885	E4	56	80	0
2802	272.960938	273.279948	B2	42	80	0
2803	273.104167	273.359375	A2	54	80	0
2804	273.132812	273.369792	E4	56	80	0
2805	273.313802	273.449219	E3	44	80	0
2806	273.414062	273.529948	G3	50	80	0
2807	273.553385	273.639323	E3	50	80	0
2808	273.553385	273.878906	C4	60	80	0
2809	273.583333	273.848958	Bb2	47	80	0
2810	273.694010	273.809896	G3	41	80	0
2811	273.748698	273.949219	E3	46	80	0
2812	273.867188	273.959635	G3	48	80	0
2813	273.990885	274.309896	B3	67	80	0
2814	273.993490	274.069010	B2	51	80	0
2815	274.078125	274.500000	G3	44	80	0
2816	274.082031	274.299479	B2	45	80	0
2817	274.161458	274.509115	E3	46	80	0
2818	274.304688	274.408854	B2	46	80	0
2819	274.421875	274.539062	B2	48	80	0
2820	274.457031	274.739583	B3	53	80	0
2821	274.588542	274.669271	B2	42	80	0
2822	274.671875	274.809896	G3	57	80	0
2823	274.725260	274.929688	B2	44	80	0
2824	274.856771	275.019531	E3	58	80	0
2825	275.031250	275.109375	E3	49	80	0
2826	275.044271	275.158854	C3	62	80	0
2827	275.122396	275.319010	E3	42	80	0
2828	275.223958	275.500000	B2	68	80	0
2829	275.244792	275.468750	B1	60	80	0
2830	275.410156	275.455729	Eb3	72	80	0
2831	275.595052	275.718750	E3	72	80	0
2832	275.595052	275.750000	E2	72	80	0
2833	275.777344	275.878906	F#3	66	80	0
2834	275.809896	275.938802	F#2	58	80	0
2835	275.960938	276.049479	G3	68	80	0
2836	275.963542	276.011719	G2	67	80	0
2837	276.153646	276.229167	A3	74	80	0
2838	276.154948	276.250000	A2	72	80	0
2839	276.164062	276.229167	G3	67	80	0
2840	276.354167	276.509115	B3	76	80	0
2841	276.355469	276.809896	B2	71	80	0
2842	276.772135	278.378906	E5	74	80	0
2843	276.774740	277.649740	E4	71	80	0
2844	276.783854	277.199219	C5	68	80	0
2845	276.802083	277.098958	C4	58	80	0
2846	276.804688	277.069010	B3	58	80	0
2847	276.815104	276.919271	C3	54	80	0
2848	276.824219	277.279948	B2	53	80	0
2849	278.285156	279.199219	F4	54	80	0
2850	278.300781	279.348958	A3	42	80	0
2851	278.305990	278.899740	C4	43	80	0
2852	278.312500	279.699219	A2	40	80	0
2853	279.214844	280.019531	C5	56	80	0
2854	279.704427	280.369792	B3	37	80	0
2855	279.705729	280.539062	A4	39	80	0
2856	279.713542	280.669271	F#4	34	80	0
2857	279.713542	280.729167	Eb4	35	80	0
2858	279.723958	280.329427	B2	31	80	0
2859	280.583333	280.739583	B4	48	80	0
2860	280.944010	281.069010	E2	73	80	0
2861	280.950521	281.059896	E3	64	80	0
2862	280.953125	281.209635	B4	63	80	0
2863	280.979167	281.119792	G4	52	80	0
2864	280.981771	281.179688	E4	48	80	0
2865	281.125000	281.174479	F#2	69	80	0
2866	281.127604	281.177083	F#1	70	80	0
2867	281.294271	281.352865	G2	69	80	0
2868	281.308594	281.352865	G1	70	80	0
2869	281.322917	281.369792	A1	69	80	0
2870	281.462240	281.609375	A1	75	80	0
2871	281.462240	281.522135	A2	75	80	0
2872	281.656250	283.468750	B2	76	80	0
2873	281.664062	283.669271	B1	71	80	0
2874	281.691406	281.848958	A1	67	80	0
2875	282.092448	283.419271	E3	69	80	0
2876	282.104167	282.109375	C3	61	80	0
2877	282.106771	282.119792	C4	55	80	0
2878	282.122396	282.128906	C2	54	80	0
2879	283.739583	284.299479	C#4	47	80	0
2880	283.740885	284.649740	F3	55	80	0
2881	283.783854	284.529948	A1	50	80	0
2882	283.783854	284.539062	A2	45	80	0
2883	284.533854	285.289062	C4	56	80	0
2884	284.537760	285.079427	A1	38	80	0
2885	284.544271	285.089844	A2	36	80	0
2886	285.045573	286.369792	A3	42	80	0
2887	285.054688	286.369792	Eb3	50	80	0
2888	285.074219	286.359375	B2	41	80	0
2889	285.074219	286.378906	B1	44	80	0
2890	285.897135	286.419271	B3	37	80	0
2891	287.507812	288.179688	C4	41	80	0
2892	288.050781	289.259115	G3	34	80	0
2893	288.058594	289.279948	E3	36	80	0
2894	288.062500	288.579427	B3	34	80	0
2895	288.074219	289.239583	B2	32	80	0
2896	288.074219	288.829427	E2	33	80	0
2897	289.020833	289.149740	E2	19	80	0
2898	289.024740	289.559896	B3	29	80	0
2899	290.555990	290.709635	C4	33	80	0
2900	291.014323	291.279948	F#3	27	80	0
2901	291.014323	291.389323	C4	27	80	0
2902	291.014323	291.408854	A3	28	80	0
2903	291.024740	291.348958	B2	27	80	0
2904	291.026042	291.468750	B1	29	80	0
2905	291.029948	291.319010	Eb4	23	80	0
2906	291.535156	291.869792	B3	24	80	0
2907	291.535156	291.889323	F#3	19	80	0
2908	291.537760	291.908854	A3	24	80	0
2909	291.537760	291.878906	B2	20	80	0
2910	291.786458	292.109375	Eb4	31	80	0
2911	292.287760	292.739583	E4	24	80	0
2912	292.302083	292.658854	E2	20	80	0
2913	292.303385	292.569010	E3	21	80	0
2914	292.311198	292.619792	G3	23	80	0
2915	292.312500	292.598958	B3	21	80	0
2916	293.203125	294.399740	C5	56	80	0
2917	293.726562	294.250000	B3	26	80	0
2918	293.734375	294.289062	F#4	25	80	0
2919	293.735677	294.079427	B2	23	80	0
2920	293.748698	293.759115	Eb3	21	80	0
2921	293.766927	294.779948	Eb4	20	80	0
2922	296.268229	297.289062	C5	51	80	0
2923	296.834635	297.378906	G4	29	80	0
2924	296.839844	298.089844	E4	23	80	0
2925	296.867188	297.500000	E3	24	80	0
2926	297.824219	298.500000	B4	35	80	0
2927	299.223958	299.809896	C5	39	80	0
2928	299.734375	300.539062	A4	34	80	0
2929	299.735677	301.250000	B3	29	80	0
2930	300.493490	300.819010	Eb5	36	80	0
2931	300.942708	301.908854	E5	42	80	0
2932	300.992188	301.199219	G4	24	80	0
2933	301.919271	302.619792	C6	54	80	0
2934	302.546875	304.529948	A5	41	80	0
2935	302.552083	305.289062	F#5	35	80	0
2936	302.559896	303.829427	Eb5	34	80	0
2937	302.566406	303.319010	B4	37	80	0
2938	303.727865	304.669271	B5	39	80	0
2939	305.143229	306.139323	C5	44	80	0
2940	306.537760	307.139323	B4	44	80	0
2941	307.144531	307.669271	F#5	41	80	0
2942	307.149740	307.598958	Eb5	33	80	0
2943	307.156250	307.699219	A4	31	80	0
2944	307.194010	307.688802	F#4	20	80	0
2945	307.601562	308.259115	G5	48	80	0
2946	307.617188	308.089844	E5	35	80	0
2947	307.651042	308.000000	G4	23	80	0
2948	307.652344	307.949219	E4	20	80	0
2949	308.226562	308.429688	F#5	44	80	0
2950	308.234375	308.348958	Eb5	36	80	0
2951	308.240885	308.489583	A4	30	80	0
2952	308.408854	308.679688	E5	41	80	0
2953	308.442708	308.559896	G4	25	80	0
2954	308.882812	309.509115	A5	45	80	0
2955	308.888021	309.408854	F#5	30	80	0
2956	308.901042	309.239583	A4	31	80	0
2957	308.924479	309.250000	F#4	15	80	0
2958	308.944010	309.158854	D4	15	80	0
2959	309.825521	310.079427	A5	50	80	0
2960	309.833333	310.109375	F#5	37	80	0
2961	310.371094	311.199219	A5	48	80	0
2962	310.373698	311.149740	F#5	39	80	0
2963	310.377604	310.789062	C5	30	80	0
2964	311.109375	311.378906	G5	45	80	0
2965	311.144531	311.329427	B4	28	80	0
2966	311.144531	311.299479	D5	25	80	0
2967	311.334635	311.959635	A5	46	80	0
2968	311.343750	311.919271	F#5	37	80	0
2969	311.352865	311.829427	C5	33	80	0
2970	311.364583	311.750000	A4	32	80	0
2971	311.930990	312.339844	B5	39	80	0
2972	311.933594	312.529948	G5	34	80	0
2973	311.951823	312.348958	B4	34	80	0
2974	313.194010	313.598958	B5	41	80	0
2975	313.820312	314.569010	B5	43	80	0
2976	313.822917	314.359375	G5	38	80	0
2977	314.796875	315.119792	A5	43	80	0
2978	314.796875	315.098958	F#5	34	80	0
2979	315.113281	315.739583	E5	29	80	0
2980	315.114583	315.329427	B5	39	80	0
2981	315.114583	315.938802	G5	35	80	0
2982	319.861979	321.079427	E6	56	80	0
2983	319.865885	321.049479	E5	52	80	0
2984	320.582031	321.009115	B3	39	80	0
2985	320.638021	321.128906	E3	25	80	0
2986	320.640625	321.169271	G2	25	80	0
2987	321.470052	321.544271	Eb6	62	80	0
2988	321.472656	321.533854	Eb5	56	80	0
2989	321.680990	321.819010	E6	64	80	0
2990	321.682292	321.839844	E5	64	80	0
2991	321.872396	322.039062	E5	47	80	0
2992	322.242188	322.919271	F#4	60	80	0
2993	322.259115	322.809896	E4	50	80	0
2994	322.278646	323.229167	A2	44	80	0
2995	322.279948	322.718750	C4	48	80	0
2996	323.264323	323.459635	F#4	63	80	0
2997	323.268229	323.589844	Bb2	61	80	0
2998	323.270833	323.619792	E4	56	80	0
2999	323.319010	323.619792	C#4	44	80	0
3000	323.466146	323.669271	F#4	53	80	0
3001	323.598958	323.750000	Bb2	48	80	0
3002	323.873698	324.598958	F#4	57	80	0
3003	323.895833	324.908854	B3	53	80	0
3004	323.898438	325.639323	B2	47	80	0
3005	323.902344	324.779948	Eb4	50	80	0
3006	323.921875	325.619792	A3	49	80	0
3007	325.003906	325.269531	G4	50	80	0
3008	325.266927	325.569010	A4	54	80	0
3009	325.490885	325.769531	G4	55	80	0
3010	325.700521	326.059896	F#5	54	80	0
3011	325.710938	326.529948	C3	46	80	0
3012	325.710938	326.438802	F#4	47	80	0
3013	325.717448	326.109375	G3	43	80	0
3014	326.345052	326.639323	E5	47	80	0
3015	326.350260	326.579427	E4	53	80	0
3016	327.003906	328.279948	E6	70	80	0
3017	327.011719	328.289062	E5	68	80	0
3018	327.035156	327.319010	B2	50	80	0
3019	327.036458	327.389323	B1	49	80	0
3020	327.292969	327.519531	A2	64	80	0
3021	327.300781	327.579427	A1	65	80	0
3022	327.553385	328.539062	G2	64	80	0
3023	327.562500	328.438802	G1	62	80	0
3024	328.322917	328.628906	Eb6	78	80	0
3025	328.325521	328.559896	Eb5	68	80	0
3026	328.572917	329.309896	E5	70	80	0
3027	328.572917	329.329427	E6	73	80	0
3028	328.582031	329.250000	G#2	58	80	0
3029	328.583333	329.309896	G#1	56	80	0
3030	329.454427	330.479167	F#5	60	80	0
3031	329.455729	330.459635	F#4	54	80	0
3032	329.463542	330.459635	A2	46	80	0
3033	329.463542	330.039062	E5	56	80	0
3034	329.464844	329.479167	E4	50	80	0
3035	329.468750	329.479167	C4	45	80	0
3036	331.157552	332.209635	F#4	37	80	0
3037	331.162760	331.859375	Bb2	33	80	0
3038	331.164062	331.869792	C#4	30	80	0
3039	332.222656	333.878906	F#4	31	80	0
3040	332.223958	337.039062	B3	34	80	0
3041	332.235677	336.329427	B2	27	80	0
3042	332.238281	335.729167	Eb4	25	80	0
3043	332.240885	335.549479	A3	32	80	0
3044	332.243490	332.500000	B1	30	80	0
#SofPed	0.807292	66	0
#SusPed	1.544271	67	0
#SusPed	2.019531	0	0
#SusPed	2.024740	84	0
#SusPed	2.688802	0	0
#SusPed	2.696615	61	0
#SusPed	3.348958	0	0
#SusPed	3.361979	69	0
#SofPed	3.539062	0	0
#SofPed	3.548177	35	0
#SusPed	3.559896	0	0
#SusPed	3.572917	68	0
#SusPed	4.039062	0	0
#SusPed	4.052083	96	0
#SofPed	4.059896	0	0
#SofPed	4.066406	94	0
#SusPed	4.468750	0	0
#SusPed	4.480469	73	0
#SusPed	4.579427	0	0
#SusPed	4.591146	62	0
#SusPed	5.089844	0	0
#SusPed	5.101562	75	0
#SusPed	5.339844	0	0
#SusPed	5.348958	64	0
#SusPed	5.408854	0	0
#SusPed	5.414062	64	0
#SusPed	5.699219	0	0
#SusPed	5.712240	63	0
#SusPed	5.889323	0	0
#SusPed	5.902344	70	0
#SofPed	6.069010	0	0
#SofPed	6.076823	92	0
#SusPed	6.408854	0	0
#SusPed	6.415365	64	0
#SofPed	6.609375	0	0
#SusPed	6.619792	0	0
#SofPed	6.621094	47	0
#SusPed	6.628906	60	0
#SofPed	6.709635	0	0
#SofPed	6.718750	43	0
#SofPed	6.908854	0	0
#SofPed	6.916667	48	0
#SusPed	6.929688	0	0
#SusPed	6.937500	51	0
#SofPed	7.059896	0	0
#SofPed	7.069010	45	0
#SusPed	7.089844	0	0
#SusPed	7.095052	75	0
#SofPed	7.549479	0	0
#SofPed	7.558594	41	0
#SusPed	7.628906	0	0
#SusPed	7.641927	47	0
#SofPed	7.658854	0	0
#SofPed	7.673177	47	0
#SusPed	7.739583	0	0
#SusPed	7.753906	56	0
#SusPed	7.779948	0	0
#SusPed	7.786458	54	0
#SofPed	8.049479	0	0
#SofPed	8.063802	52	0
#SusPed	8.289062	0	0
#SusPed	8.302083	71	0
#SofPed	8.329427	0	0
#SofPed	8.341146	69	0
#SofPed	8.519531	0	0
#SofPed	8.528646	64	0
#SofPed	8.639323	0	0
#SofPed	8.651042	49	0
#SofPed	8.718750	0	0
#SofPed	8.725260	51	0
#SusPed	8.739583	0	0
#SusPed	8.751302	79	0
#SusPed	9.019531	0	0
#SusPed	9.033854	77	0
#SusPed	9.128906	0	0
#SusPed	9.141927	93	0
#SofPed	9.188802	0	0
#SofPed	9.196615	74	0
#SusPed	9.569010	0	0
#SusPed	9.580729	78	0
#SofPed	9.759115	0	0
#SofPed	9.774740	88	0
#SusPed	10.149740	0	0
#SusPed	10.156250	83	0
#SusPed	10.829427	0	0
#SusPed	10.842448	79	0
#SusPed	10.869792	0	0
#SusPed	10.884115	92	0
#SusPed	11.369792	0	0
#SusPed	11.376302	71	0
#SofPed	11.419271	0	0
#SofPed	11.429688	95	0
#SofPed	11.639323	0	0
#SofPed	11.649740	96	0
#SusPed	11.658854	0	0
#SusPed	11.666667	80	0
#SusPed	11.759115	0	0
#SusPed	11.772135	83	0
#SusPed	11.859375	0	0
#SusPed	11.873698	97	0
#SofPed	11.908854	0	0
#SofPed	11.921875	106	0
#SusPed	12.289062	0	0
#SusPed	12.295573	72	0
#SusPed	12.389323	0	0
#SusPed	12.395833	87	0
#SofPed	12.408854	0	0
#SofPed	12.415365	75	0
#SofPed	12.489583	0	0
#SofPed	12.503906	62	0
#SusPed	13.199219	0	0
#SusPed	13.204427	93	0
#SusPed	13.378906	0	0
#SusPed	13.391927	93	0
#SofPed	13.759115	0	0
#SofPed	13.770833	79	0
#SofPed	13.878906	0	0
#SofPed	13.890625	73	0
#SusPed	14.199219	0	0
#SusPed	14.214844	96	0
#SofPed	14.259115	0	0
#SofPed	14.268229	52	0
#SusPed	14.369792	0	0
#SusPed	14.384115	79	0
#SusPed	14.489583	0	0
#SusPed	14.500000	67	0
#SofPed	14.549479	0	0
#SusPed	14.559896	0	0
#SofPed	14.563802	43	0
#SusPed	14.569010	69	0
#SusPed	14.699219	0	0
#SusPed	14.710938	77	0
#SofPed	14.739583	0	0
#SofPed	14.744792	44	0
#SofPed	14.919271	0	0
#SofPed	14.924479	56	0
#SofPed	15.079427	0	0
#SofPed	15.088542	74	0
#SofPed	15.259115	0	0
#SofPed	15.272135	88	0
#SusPed	15.309896	0	0
#SusPed	15.315104	91	0
#SusPed	15.649740	0	0
#SofPed	15.649740	0	0
#SusPed	15.660156	78	0
#SofPed	15.660156	87	0
#SusPed	15.718750	0	0
#SusPed	15.727865	68	0
#SofPed	15.889323	0	0
#SofPed	15.901042	83	0
#SusPed	15.908854	0	0
#SusPed	15.916667	72	0
#SofPed	16.049479	0	0
#SofPed	16.061198	85	0
#SusPed	16.509115	0	0
#SusPed	16.519531	92	0
#SusPed	16.718750	0	0
#SusPed	16.726562	81	0
#SusPed	16.799479	0	0
#SusPed	16.807292	78	0
#SusPed	16.889323	0	0
#SusPed	16.895833	56	0
#SusPed	16.979167	0	0
#SusPed	16.985677	72	0
#SusPed	17.250000	0	0
#SusPed	17.264323	95	0
#SusPed	17.628906	0	0
#SusPed	17.641927	65	0
#SusPed	17.759115	0	0
#SusPed	17.768229	65	0
#SofPed	22.059896	0	0
#SusPed	22.089844	0	0
#SusPed	22.097656	78	0
#SusPed	22.479167	0	0
#SusPed	22.484375	75	0
#SusPed	24.158854	0	0
#SusPed	24.171875	87	0
#SusPed	24.569010	0	0
#SusPed	24.574219	84	0
#SusPed	24.908854	0	0
#SusPed	24.923177	80	0
#SusPed	25.759115	0	0
#SusPed	25.765625	72	0
#SusPed	26.289062	0	0
#SusPed	26.302083	101	0
#SusPed	26.449219	0	0
#SusPed	26.457031	106	0
#SofPed	26.692708	66	0
#SofPed	27.009115	0	0
#SofPed	27.015625	64	0
#SofPed	27.179688	0	0
#SofPed	27.187500	61	0
#SofPed	27.229167	0	0
#SofPed	27.244792	62	0
#SofPed	27.408854	0	0
#SofPed	27.415365	68	0
#SusPed	27.709635	0	0
#SusPed	27.720052	84	0
#SusPed	28.009115	0	0
#SusPed	28.022135	91	0
#SofPed	28.169271	0	0
#SofPed	28.177083	64	0
#SofPed	28.479167	0	0
#SofPed	28.485677	64	0
#SofPed	28.569010	0	0
#SofPed	28.575521	52	0
#SofPed	28.859375	0	0
#SofPed	28.872396	49	0
#SofPed	29.029948	0	0
#SofPed	29.035156	52	0
#SusPed	29.039062	0	0
#SusPed	29.049479	75	0
#SofPed	29.188802	0	0
#SofPed	29.203125	55	0
#SusPed	29.299479	0	0
#SusPed	29.313802	76	0
#SofPed	29.718750	0	0
#SofPed	29.725260	85	0
#SusPed	29.938802	0	0
#SusPed	29.950521	98	0
#SofPed	30.079427	0	0
#SofPed	30.093750	99	0
#SofPed	30.139323	0	0
#SofPed	30.144531	99	0
#SusPed	30.229167	0	0
#SofPed	30.229167	0	0
#SofPed	30.243490	101	0
#SusPed	30.243490	80	0
#SusPed	30.598958	0	0
#SusPed	30.614583	73	0
#SusPed	31.128906	0	0
#SusPed	31.143229	98	0
#SusPed	31.209635	0	0
#SusPed	31.214844	73	0
#SusPed	31.679688	0	0
#SusPed	31.686198	78	0
#SusPed	31.908854	0	0
#SusPed	31.920573	79	0
#SofPed	32.029948	0	0
#SofPed	32.040365	90	0
#SofPed	32.199219	0	0
#SofPed	32.212240	82	0
#SofPed	32.269531	0	0
#SofPed	32.276042	81	0
#SofPed	32.319010	0	0
#SofPed	32.325521	78	0
#SofPed	32.419271	0	0
#SofPed	32.432292	71	0
#SusPed	32.569010	0	0
#SofPed	32.569010	0	0
#SofPed	32.575521	54	0
#SusPed	32.575521	85	0
#SusPed	32.979167	0	0
#SusPed	32.993490	87	0
#SusPed	33.098958	0	0
#SusPed	33.384115	86	0
#SofPed	33.429688	0	0
#SofPed	33.441406	60	0
#SusPed	34.039062	0	0
#SusPed	34.052083	96	0
#SofPed	34.119792	0	0
#SofPed	34.132812	101	0
#SusPed	34.250000	0	0
#SusPed	34.260417	73	0
#SofPed	34.299479	0	0
#SofPed	34.305990	104	0
#SusPed	34.829427	0	0
#SusPed	34.834635	86	0
#SusPed	35.119792	0	0
#SusPed	35.132812	64	0
#SofPed	35.309896	0	0
#SofPed	35.319010	96	0
#SofPed	35.348958	0	0
#SofPed	35.355469	98	0
#SusPed	37.459635	0	0
#SusPed	37.472656	83	0
#SofPed	37.500000	0	0
#SusPed	37.549479	0	0
#SusPed	37.555990	72	0
#SusPed	37.729167	0	0
#SusPed	37.740885	72	0
#SusPed	37.829427	0	0
#SusPed	37.838542	72	0
#SusPed	38.299479	0	0
#SusPed	38.311198	70	0
#SusPed	39.079427	0	0
#SusPed	39.092448	72	0
#SusPed	39.429688	0	0
#SusPed	39.436198	88	0
#SusPed	39.899740	0	0
#SusPed	39.908854	101	0
#SusPed	41.188802	0	0
#SusPed	41.196615	79	0
#SusPed	42.289062	0	0
#SusPed	42.300781	81	0
#SusPed	43.319010	0	0
#SusPed	43.329427	79	0
#SofPed	44.279948	103	0
#SofPed	44.559896	0	0
#SofPed	44.574219	101	0
#SusPed	44.679688	0	0
#SusPed	44.690104	66	0
#SofPed	44.819010	0	0
#SofPed	44.829427	47	0
#SofPed	45.000000	0	0
#SofPed	45.013021	53	0
#SusPed	45.128906	0	0
#SusPed	45.135417	57	0
#SusPed	45.259115	0	0
#SusPed	45.270833	60	0
#SofPed	45.500000	0	0
#SofPed	45.505208	52	0
#SofPed	45.718750	0	0
#SofPed	45.733073	57	0
#SofPed	45.929688	0	0
#SofPed	45.941406	55	0
#SofPed	45.989583	0	0
#SofPed	45.994792	57	0
#SofPed	46.119792	0	0
#SofPed	46.134115	75	0
#SofPed	46.209635	0	0
#SofPed	46.214844	83	0
#SofPed	46.279948	0	0
#SofPed	46.285156	83	0
#SofPed	46.359375	0	0
#SofPed	46.373698	83	0
#SofPed	46.479167	0	0
#SofPed	46.484375	86	0
#SofPed	46.569010	0	0
#SofPed	46.574219	85	0
#SofPed	46.609375	0	0
#SofPed	46.621094	83	0
#SofPed	46.769531	0	0
#SofPed	46.774740	95	0
#SofPed	46.848958	0	0
#SofPed	46.856771	95	0
#SofPed	46.899740	0	0
#SofPed	46.907552	95	0
#SofPed	47.149740	0	0
#SofPed	47.157552	83	0
#SofPed	47.218750	0	0
#SofPed	47.226562	84	0
#SusPed	47.259115	0	0
#SusPed	47.273438	69	0
#SusPed	47.500000	0	0
#SusPed	49.270833	86	0
#SusPed	49.688802	0	0
#SusPed	49.697917	92	0
#SusPed	49.938802	0	0
#SusPed	49.951823	92	0
#SofPed	50.179688	0	0
#SofPed	50.194010	34	0
#SofPed	50.549479	0	0
#SofPed	50.555990	52	0
#SofPed	50.619792	0	0
#SofPed	50.626302	60	0
#SofPed	50.669271	0	0
#SofPed	50.680990	67	0
#SofPed	50.759115	0	0
#SofPed	50.765625	75	0
#SofPed	50.809896	0	0
#SofPed	50.819010	82	0
#SofPed	50.889323	0	0
#SofPed	50.898438	90	0
#SusPed	50.979167	0	0
#SofPed	50.979167	0	0
#SusPed	50.988281	85	0
#SofPed	50.989583	94	0
#SofPed	51.089844	0	0
#SofPed	51.100260	92	0
#SusPed	51.119792	0	0
#SusPed	51.132812	94	0
#SofPed	51.149740	0	0
#SofPed	51.154948	89	0
#SofPed	51.299479	0	0
#SofPed	51.313802	95	0
#SofPed	51.359375	0	0
#SusPed	51.369792	0	0
#SofPed	51.373698	93	0
#SusPed	51.382812	65	0
#SofPed	51.449219	0	0
#SofPed	51.462240	94	0
#SofPed	51.509115	0	0
#SofPed	51.515625	92	0
#SofPed	51.628906	0	0
#SofPed	51.641927	88	0
#SofPed	51.688802	0	0
#SofPed	51.704427	76	0
#SusPed	51.789062	0	0
#SusPed	51.796875	84	0
#SofPed	51.809896	0	0
#SofPed	51.819010	68	0
#SusPed	51.899740	0	0
#SofPed	52.250000	0	0
#SofPed	52.256510	68	0
#SofPed	52.419271	0	0
#SofPed	52.430990	61	0
#SusPed	52.563802	89	0
#SofPed	52.889323	0	0
#SofPed	52.898438	40	0
#SofPed	52.959635	0	0
#SofPed	52.967448	43	0
#SofPed	53.119792	0	0
#SofPed	53.132812	38	0
#SofPed	53.479167	0	0
#SofPed	53.493490	39	0
#SofPed	53.688802	0	0
#SofPed	53.696615	36	0
#SofPed	54.009115	0	0
#SofPed	54.018229	66	0
#SusPed	54.089844	0	0
#SusPed	54.102865	95	0
#SofPed	54.158854	0	0
#SofPed	54.173177	87	0
#SusPed	54.549479	0	0
#SusPed	54.559896	95	0
#SofPed	54.579427	0	0
#SofPed	54.588542	50	0
#SusPed	54.759115	0	0
#SusPed	54.772135	82	0
#SusPed	56.529948	0	0
#SusPed	56.544271	74	0
#SusPed	56.899740	0	0
#SusPed	56.910156	111	0
#SusPed	57.019531	0	0
#SusPed	57.024740	106	0
#SusPed	57.158854	0	0
#SusPed	57.166667	76	0
#SofPed	57.598958	0	0
#SusPed	58.359375	0	0
#SusPed	58.373698	73	0
#SusPed	58.479167	0	0
#SusPed	58.492188	91	0
#SusPed	60.628906	0	0
#SusPed	60.635417	80	0
#SusPed	60.669271	0	0
#SusPed	60.682292	75	0
#SusPed	60.779948	0	0
#SusPed	60.794271	80	0
#SusPed	61.589844	0	0
#SusPed	61.595052	88	0
#SusPed	61.989583	0	0
#SusPed	62.003906	75	0
#SusPed	62.128906	0	0
#SusPed	62.143229	90	0
#SofPed	62.436198	64	0
#SofPed	62.649740	0	0
#SofPed	62.654948	65	0
#SofPed	62.839844	0	0
#SofPed	62.852865	50	0
#SofPed	63.039062	0	0
#SofPed	63.046875	64	0
#SofPed	63.139323	0	0
#SofPed	63.147135	60	0
#SofPed	63.218750	0	0
#SofPed	63.225260	61	0
#SofPed	63.289062	0	0
#SofPed	63.295573	59	0
#SofPed	63.669271	0	0
#SofPed	63.675781	61	0
#SofPed	63.799479	0	0
#SofPed	63.812500	70	0
#SusPed	63.908854	0	0
#SusPed	63.914062	67	0
#SofPed	64.079427	0	0
#SofPed	64.093750	83	0
#SofPed	64.169271	0	0
#SusPed	64.179688	0	0
#SofPed	64.183594	82	0
#SusPed	64.187500	86	0
#SofPed	64.309896	0	0
#SofPed	64.315104	85	0
#SusPed	64.389323	0	0
#SusPed	64.395833	65	0
#SusPed	64.589844	0	0
#SusPed	64.595052	70	0
#SusPed	64.878906	0	0
#SusPed	64.886719	103	0
#SusPed	65.218750	0	0
#SusPed	65.230469	98	0
#SusPed	65.429688	0	0
#SusPed	65.444010	72	0
#SusPed	65.929688	0	0
#SusPed	65.934896	100	0
#SusPed	66.250000	0	0
#SusPed	66.263021	73	0
#SusPed	66.688802	0	0
#SusPed	66.701823	65	0
#SusPed	67.039062	0	0
#SusPed	67.050781	76	0
#SofPed	67.209635	0	0
#SusPed	67.218750	0	0
#SofPed	67.222656	87	0
#SusPed	67.234375	75	0
#SusPed	67.319010	0	0
#SofPed	67.329427	0	0
#SusPed	67.332031	75	0
#SofPed	67.334635	73	0
#SofPed	67.459635	0	0
#SofPed	67.472656	65	0
#SusPed	67.658854	0	0
#SusPed	67.674479	56	0
#SofPed	67.679688	0	0
#SofPed	67.692708	80	0
#SusPed	67.819010	0	0
#SofPed	67.829427	0	0
#SusPed	67.833333	63	0
#SofPed	67.834635	84	0
#SusPed	68.009115	0	0
#SusPed	68.023438	68	0
#SusPed	68.089844	0	0
#SusPed	68.095052	76	0
#SusPed	68.199219	0	0
#SusPed	68.210938	75	0
#SofPed	68.329427	0	0
#SofPed	68.338542	83	0
#SusPed	68.369792	0	0
#SusPed	68.378906	59	0
#SusPed	68.438802	0	0
#SusPed	68.451823	67	0
#SofPed	68.509115	0	0
#SofPed	68.519531	87	0
#SofPed	68.589844	0	0
#SofPed	68.595052	91	0
#SusPed	68.658854	0	0
#SusPed	68.673177	59	0
#SofPed	68.679688	0	0
#SofPed	68.687500	90	0
#SofPed	68.899740	0	0
#SofPed	68.914062	88	0
#SusPed	69.009115	0	0
#SusPed	69.015625	61	0
#SofPed	69.029948	0	0
#SofPed	69.036458	88	0
#SofPed	69.109375	0	0
#SofPed	69.114583	84	0
#SofPed	69.188802	0	0
#SofPed	69.196615	78	0
#SofPed	69.299479	0	0
#SofPed	69.304688	73	0
#SusPed	69.378906	0	0
#SusPed	69.390625	63	0
#SofPed	69.500000	0	0
#SofPed	69.506510	76	0
#SofPed	69.619792	0	0
#SofPed	69.634115	85	0
#SofPed	69.699219	0	0
#SofPed	69.713542	90	0
#SusPed	69.789062	0	0
#SusPed	69.799479	69	0
#SofPed	69.889323	0	0
#SofPed	69.899740	104	0
#SusPed	70.000000	0	0
#SusPed	70.010417	63	0
#SusPed	70.299479	0	0
#SusPed	70.309896	63	0
#SusPed	70.598958	0	0
#SusPed	70.605469	70	0
#SusPed	70.739583	0	0
#SusPed	70.744792	83	0
#SofPed	71.399740	0	0
#SofPed	71.410156	113	0
#SofPed	71.559896	0	0
#SofPed	71.565104	107	0
#SofPed	71.729167	0	0
#SofPed	71.734375	96	0
#SofPed	71.899740	0	0
#SofPed	71.904948	77	0
#SofPed	72.079427	0	0
#SofPed	72.091146	75	0
#SofPed	72.269531	0	0
#SofPed	72.274740	78	0
#SofPed	72.438802	0	0
#SofPed	72.446615	82	0
#SofPed	72.729167	0	0
#SofPed	72.734375	78	0
#SusPed	72.759115	0	0
#SusPed	72.773438	84	0
#SofPed	72.989583	0	0
#SofPed	73.002604	83	0
#SofPed	73.059896	0	0
#SofPed	73.069010	77	0
#SofPed	73.218750	0	0
#SofPed	73.226562	64	0
#SofPed	73.299479	0	0
#SofPed	73.309896	62	0
#SofPed	73.408854	0	0
#SofPed	73.415365	53	0
#SofPed	73.609375	0	0
#SofPed	73.615885	48	0
#SofPed	73.709635	0	0
#SofPed	73.716146	57	0
#SofPed	73.809896	0	0
#SofPed	73.815104	64	0
#SusPed	73.989583	0	0
#SusPed	73.994792	82	0
#SofPed	74.039062	0	0
#SofPed	74.046875	91	0
#SusPed	74.098958	0	0
#SusPed	74.110677	75	0
#SofPed	74.139323	0	0
#SofPed	74.147135	94	0
#SusPed	76.359375	0	0
#SusPed	76.372396	78	0
#SusPed	77.259115	0	0
#SusPed	77.265625	68	0
#SusPed	77.348958	0	0
#SusPed	77.363281	69	0
#SofPed	77.500000	0	0
#SusPed	78.549479	0	0
#SusPed	78.561198	76	0
#SusPed	78.739583	0	0
#SusPed	78.747396	98	0
#SusPed	79.699219	0	0
#SusPed	79.704427	65	0
#SusPed	79.829427	0	0
#SusPed	79.843750	82	0
#SusPed	80.679688	0	0
#SusPed	80.694010	74	0
#SusPed	80.809896	0	0
#SusPed	80.813802	69	0
#SusPed	81.359375	0	0
#SusPed	81.372396	67	0
#SusPed	81.500000	0	0
#SusPed	81.505208	76	0
#SusPed	81.878906	0	0
#SusPed	81.888021	66	0
#SusPed	82.319010	0	0
#SusPed	82.325521	70	0
#SusPed	83.079427	0	0
#SusPed	83.085938	61	0
#SusPed	83.179688	0	0
#SusPed	83.192708	79	0
#SusPed	83.649740	0	0
#SusPed	83.664062	84	0
#SusPed	84.139323	0	0
#SusPed	84.153646	71	0
#SusPed	84.239583	0	0
#SusPed	84.253906	56	0
#SofPed	85.325521	106	0
#SofPed	85.419271	0	0
#SusPed	85.429688	0	0
#SofPed	85.433594	101	0
#SusPed	85.444010	58	0
#SusPed	85.519531	0	0
#SusPed	85.526042	75	0
#SofPed	85.559896	0	0
#SofPed	85.571615	101	0
#SofPed	85.899740	0	0
#SofPed	85.904948	80	0
#SusPed	85.919271	0	0
#SusPed	85.932292	87	0
#SofPed	86.029948	0	0
#SofPed	86.042969	70	0
#SofPed	86.139323	0	0
#SofPed	86.151042	75	0
#SofPed	86.209635	0	0
#SofPed	86.217448	76	0
#SofPed	86.309896	0	0
#SofPed	86.316406	73	0
#SofPed	86.419271	0	0
#SofPed	86.430990	75	0
#SusPed	86.479167	0	0
#SusPed	86.492188	70	0
#SofPed	86.509115	0	0
#SofPed	86.524740	80	0
#SofPed	86.688802	0	0
#SofPed	86.695312	101	0
#SusPed	86.699219	0	0
#SusPed	86.705729	77	0
#SofPed	86.899740	0	0
#SofPed	86.912760	87	0
#SofPed	87.029948	0	0
#SofPed	87.042969	76	0
#SofPed	87.179688	0	0
#SofPed	87.192708	78	0
#SofPed	87.348958	0	0
#SofPed	87.363281	71	0
#SofPed	87.459635	0	0
#SofPed	87.472656	74	0
#SusPed	87.529948	0	0
#SusPed	87.539062	83	0
#SofPed	87.549479	0	0
#SofPed	87.563802	88	0
#SofPed	87.649740	0	0
#SofPed	87.661458	89	0
#SusPed	87.718750	0	0
#SusPed	87.734375	88	0
#SofPed	87.809896	0	0
#SofPed	87.819010	89	0
#SofPed	87.859375	0	0
#SofPed	87.872396	87	0
#SofPed	87.908854	0	0
#SofPed	87.917969	81	0
#SofPed	87.979167	0	0
#SofPed	87.993490	73	0
#SofPed	88.079427	0	0
#SofPed	88.089844	61	0
#SofPed	88.169271	0	0
#SofPed	88.179688	59	0
#SofPed	88.329427	0	0
#SofPed	88.335938	58	0
#SusPed	88.348958	0	0
#SusPed	88.358073	77	0
#SofPed	88.429688	0	0
#SofPed	88.442708	63	0
#SusPed	88.459635	0	0
#SusPed	88.472656	70	0
#SofPed	88.559896	0	0
#SofPed	88.571615	57	0
#SofPed	88.639323	0	0
#SofPed	88.649740	59	0
#SusPed	88.729167	0	0
#SusPed	88.740885	80	0
#SofPed	88.779948	0	0
#SofPed	88.785156	82	0
#SofPed	88.859375	0	0
#SofPed	88.865885	91	0
#SusPed	88.889323	0	0
#SusPed	88.899740	84	0
#SofPed	88.938802	0	0
#SofPed	88.950521	96	0
#SofPed	89.029948	0	0
#SofPed	89.044271	95	0
#SofPed	89.149740	0	0
#SofPed	89.156250	101	0
#SusPed	89.209635	0	0
#SusPed	89.223958	75	0
#SusPed	89.529948	0	0
#SusPed	89.537760	73	0
#SusPed	89.699219	0	0
#SusPed	89.707031	68	0
#SusPed	89.878906	0	0
#SusPed	89.893229	84	0
#SofPed	90.009115	0	0
#SofPed	90.022135	91	0
#SofPed	90.128906	0	0
#SofPed	90.141927	95	0
#SofPed	90.309896	0	0
#SofPed	90.319010	99	0
#SofPed	90.459635	0	0
#SofPed	90.466146	98	0
#SusPed	90.489583	0	0
#SusPed	90.501302	84	0
#SofPed	90.619792	0	0
#SofPed	90.634115	84	0
#SofPed	90.878906	0	0
#SofPed	90.885417	75	0
#SusPed	90.889323	0	0
#SusPed	90.903646	89	0
#SofPed	90.979167	0	0
#SofPed	90.986979	69	0
#SofPed	91.039062	0	0
#SofPed	91.045573	66	0
#SofPed	91.279948	0	0
#SofPed	91.285156	61	0
#SofPed	91.408854	0	0
#SofPed	91.417969	65	0
#SofPed	91.589844	0	0
#SofPed	91.601562	61	0
#SusPed	91.699219	0	0
#SusPed	91.708333	77	0
#SusPed	92.009115	0	0
#SofPed	92.009115	0	0
#SofPed	92.023438	46	0
#SusPed	92.024740	93	0
#SofPed	92.239583	0	0
#SusPed	92.250000	0	0
#SofPed	92.253906	46	0
#SusPed	92.255208	83	0
#SofPed	92.309896	0	0
#SofPed	92.320312	40	0
#SofPed	92.750000	0	0
#SofPed	92.761719	29	0
#SusPed	93.529948	0	0
#SusPed	93.533854	78	0
#SusPed	93.769531	0	0
#SusPed	93.782552	105	0
#SusPed	93.889323	0	0
#SusPed	93.903646	79	0
#SusPed	94.869792	0	0
#SusPed	94.877604	82	0
#SusPed	95.019531	0	0
#SusPed	95.026042	89	0
#SusPed	96.188802	0	0
#SusPed	96.201823	79	0
#SusPed	96.479167	0	0
#SusPed	96.484375	72	0
#SofPed	96.859375	0	0
#SofPed	96.864583	107	0
#SusPed	96.989583	0	0
#SusPed	96.994792	93	0
#SofPed	97.289062	0	0
#SofPed	97.296875	74	0
#SusPed	97.299479	0	0
#SusPed	97.311198	86	0
#SofPed	97.479167	0	0
#SofPed	97.484375	59	0
#SusPed	98.658854	0	0
#SusPed	98.673177	74	0
#SusPed	98.929688	0	0
#SusPed	98.937500	90	0
#SusPed	100.019531	0	0
#SofPed	100.019531	0	0
#SofPed	100.033854	88	0
#SusPed	100.033854	88	0
#SusPed	100.279948	0	0
#SusPed	100.285156	96	0
#SofPed	100.329427	0	0
#SofPed	100.343750	72	0
#SofPed	100.769531	0	0
#SofPed	100.777344	83	0
#SusPed	101.188802	0	0
#SusPed	101.194010	70	0
#SusPed	101.628906	0	0
#SusPed	101.636719	77	0
#SusPed	102.179688	0	0
#SusPed	102.194010	92	0
#SusPed	102.929688	0	0
#SusPed	102.936198	95	0
#SusPed	103.229167	0	0
#SusPed	103.239583	95	0
#SusPed	103.449219	0	0
#SusPed	103.454427	95	0
#SusPed	103.769531	0	0
#SusPed	103.783854	83	0
#SusPed	104.149740	0	0
#SusPed	104.161458	66	0
#SusPed	105.979167	0	0
#SusPed	105.985677	93	0
#SusPed	106.069010	0	0
#SusPed	106.075521	91	0
#SofPed	106.779948	0	0
#SusPed	107.459635	0	0
#SusPed	107.473958	69	0
#SusPed	108.389323	0	0
#SusPed	108.402344	47	0
#SusPed	110.069010	0	0
#SusPed	110.079427	55	0
#SusPed	110.669271	0	0
#SusPed	110.674479	74	0
#SusPed	110.739583	0	0
#SusPed	110.747396	75	0
#SusPed	116.658854	0	0
#SusPed	116.673177	69	0
#SusPed	116.889323	0	0
#SusPed	116.894531	64	0
#SusPed	116.949219	0	0
#SusPed	116.962240	65	0
#SusPed	117.309896	0	0
#SusPed	117.324219	92	0
#SusPed	117.500000	0	0
#SusPed	117.503906	84	0
#SusPed	117.628906	0	0
#SusPed	117.635417	78	0
#SusPed	117.688802	0	0
#SusPed	117.703125	74	0
#SusPed	118.039062	0	0
#SusPed	118.052083	72	0
#SusPed	118.259115	0	0
#SusPed	118.273438	84	0
#SusPed	118.559896	0	0
#SusPed	118.572917	90	0
#SusPed	118.750000	0	0
#SusPed	118.761719	82	0
#SusPed	119.089844	0	0
#SusPed	119.104167	74	0
#SusPed	119.209635	0	0
#SusPed	119.216146	64	0
#SusPed	119.539062	0	0
#SusPed	119.549479	93	0
#SusPed	119.919271	0	0
#SusPed	119.925781	77	0
#SusPed	120.199219	0	0
#SusPed	120.204427	75	0
#SusPed	120.309896	0	0
#SusPed	120.322917	71	0
#SusPed	120.869792	0	0
#SusPed	120.876302	63	0
#SusPed	121.009115	0	0
#SusPed	121.016927	84	0
#SusPed	121.289062	0	0
#SusPed	121.302083	53	0
#SusPed	121.419271	0	0
#SusPed	121.432292	92	0
#SusPed	121.739583	0	0
#SusPed	121.746094	62	0
#SusPed	121.819010	0	0
#SusPed	121.824219	79	0
#SofPed	121.985677	60	0
#SofPed	122.128906	0	0
#SofPed	122.141927	55	0
#SofPed	122.179688	0	0
#SofPed	122.192708	49	0
#SusPed	122.468750	0	0
#SusPed	122.477865	90	0
#SofPed	122.789062	0	0
#SofPed	122.802083	57	0
#SusPed	122.848958	0	0
#SusPed	122.861979	69	0
#SofPed	122.869792	0	0
#SofPed	122.877604	64	0
#SofPed	122.908854	0	0
#SofPed	122.923177	66	0
#SusPed	122.959635	0	0
#SofPed	122.968750	0	0
#SusPed	122.972656	67	0
#SofPed	122.975260	70	0
#SofPed	123.119792	0	0
#SofPed	123.126302	80	0
#SofPed	123.199219	0	0
#SofPed	123.205729	81	0
#SofPed	123.289062	0	0
#SofPed	123.294271	89	0
#SofPed	123.348958	0	0
#SofPed	123.363281	93	0
#SusPed	123.489583	0	0
#SofPed	123.500000	0	0
#SusPed	123.503906	93	0
#SofPed	123.513021	88	0
#SofPed	123.579427	0	0
#SofPed	123.592448	81	0
#SofPed	123.628906	0	0
#SofPed	123.644531	79	0
#SofPed	123.889323	0	0
#SofPed	123.897135	77	0
#SofPed	124.069010	0	0
#SofPed	124.074219	85	0
#SofPed	124.149740	0	0
#SofPed	124.162760	83	0
#SusPed	124.179688	0	0
#SusPed	124.194010	103	0
#SofPed	124.329427	0	0
#SusPed	124.339844	0	0
#SofPed	124.339844	91	0
#SusPed	124.351562	63	0
#SofPed	124.399740	0	0
#SofPed	124.412760	91	0
#SusPed	124.438802	0	0
#SusPed	124.446615	79	0
#SofPed	124.479167	0	0
#SofPed	124.489583	94	0
#SofPed	124.589844	0	0
#SofPed	124.600260	82	0
#SofPed	124.649740	0	0
#SofPed	124.661458	77	0
#SofPed	124.819010	0	0
#SofPed	124.826823	59	0
#SofPed	124.919271	0	0
#SofPed	124.927083	57	0
#SusPed	125.139323	0	0
#SusPed	125.144531	83	0
#SofPed	125.149740	0	0
#SofPed	125.161458	73	0
#SusPed	125.269531	0	0
#SusPed	125.276042	99	0
#SofPed	125.319010	0	0
#SofPed	125.326823	74	0
#SofPed	125.399740	0	0
#SofPed	125.404948	80	0
#SofPed	125.549479	0	0
#SofPed	125.563802	63	0
#SusPed	125.569010	0	0
#SusPed	125.575521	79	0
#SofPed	125.709635	0	0
#SofPed	125.714844	51	0
#SofPed	125.848958	0	0
#SofPed	125.858073	57	0
#SofPed	126.000000	0	0
#SofPed	126.013021	53	0
#SusPed	126.079427	0	0
#SofPed	126.079427	0	0
#SusPed	126.084635	97	0
#SofPed	126.092448	51	0
#SofPed	126.209635	0	0
#SofPed	126.220052	54	0
#SofPed	126.289062	0	0
#SofPed	126.299479	57	0
#SofPed	126.369792	0	0
#SofPed	126.375000	69	0
#SusPed	126.378906	0	0
#SusPed	126.389323	87	0
#SofPed	126.579427	0	0
#SofPed	126.591146	67	0
#SusPed	126.658854	0	0
#SusPed	126.673177	97	0
#SofPed	126.739583	0	0
#SofPed	126.747396	58	0
#SofPed	127.069010	0	0
#SofPed	127.079427	48	0
#SusPed	127.128906	0	0
#SusPed	127.143229	106	0
#SofPed	127.239583	0	0
#SofPed	127.244792	49	0
#SusPed	127.269531	0	0
#SusPed	127.281250	73	0
#SofPed	127.479167	0	0
#SofPed	127.484375	45	0
#SofPed	127.589844	0	0
#SofPed	127.596354	48	0
#SusPed	127.669271	0	0
#SusPed	127.683594	79	0
#SusPed	128.139323	0	0
#SofPed	128.149740	0	0
#SusPed	128.149740	82	0
#SofPed	128.154948	95	0
#SofPed	128.250000	0	0
#SusPed	128.259115	0	0
#SofPed	128.261719	96	0
#SusPed	128.265625	72	0
#SofPed	128.408854	0	0
#SofPed	128.423177	92	0
#SusPed	128.468750	0	0
#SusPed	128.481771	79	0
#SofPed	128.609375	0	0
#SofPed	128.622396	94	0
#SusPed	128.679688	0	0
#SusPed	128.690104	71	0
#SusPed	129.269531	0	0
#SusPed	129.281250	88	0
#SusPed	129.579427	0	0
#SusPed	129.585938	89	0
#SusPed	129.709635	0	0
#SusPed	129.714844	95	0
#SusPed	130.319010	0	0
#SusPed	130.325521	80	0
#SusPed	130.468750	0	0
#SusPed	130.475260	62	0
#SusPed	130.688802	0	0
#SusPed	130.696615	78	0
#SusPed	130.759115	0	0
#SusPed	130.766927	85	0
#SusPed	131.029948	0	0
#SusPed	131.037760	85	0
#SusPed	131.158854	0	0
#SusPed	131.171875	82	0
#SusPed	131.649740	0	0
#SusPed	131.662760	80	0
#SusPed	131.709635	0	0
#SusPed	131.723958	87	0
#SusPed	131.889323	0	0
#SusPed	131.901042	73	0
#SofPed	131.949219	0	0
#SofPed	131.962240	54	0
#SofPed	132.000000	0	0
#SofPed	132.014323	57	0
#SofPed	132.119792	0	0
#SofPed	132.126302	55	0
#SofPed	132.209635	0	0
#SofPed	132.221354	69	0
#SofPed	132.299479	0	0
#SofPed	132.305990	84	0
#SofPed	132.389323	0	0
#SofPed	132.395833	81	0
#SusPed	132.408854	0	0
#SusPed	132.421875	66	0
#SusPed	132.688802	0	0
#SusPed	132.700521	66	0
#SusPed	132.759115	0	0
#SusPed	132.764323	66	0
#SusPed	132.889323	0	0
#SusPed	132.895833	59	0
#SusPed	133.089844	0	0
#SusPed	133.096354	70	0
#SusPed	133.209635	0	0
#SusPed	133.221354	66	0
#SusPed	133.569010	0	0
#SusPed	133.582031	60	0
#SofPed	133.739583	0	0
#SofPed	133.748698	104	0
#SusPed	133.789062	0	0
#SusPed	133.803385	68	0
#SusPed	133.979167	0	0
#SusPed	133.988281	65	0
#SusPed	134.069010	0	0
#SusPed	134.083333	69	0
#SusPed	134.158854	0	0
#SofPed	134.169271	0	0
#SusPed	134.173177	73	0
#SofPed	134.175781	116	0
#SusPed	134.329427	0	0
#SusPed	134.335938	65	0
#SofPed	134.399740	0	0
#SofPed	134.406250	118	0
#SusPed	134.609375	0	0
#SusPed	134.619792	59	0
#SusPed	134.938802	0	0
#SusPed	134.954427	67	0
#SusPed	134.989583	0	0
#SusPed	134.996094	66	0
#SusPed	135.059896	0	0
#SusPed	135.071615	64	0
#SusPed	135.139323	0	0
#SusPed	135.144531	62	0
#SusPed	135.348958	0	0
#SusPed	135.355469	60	0
#SusPed	135.500000	0	0
#SusPed	135.505208	62	0
#SusPed	135.669271	0	0
#SusPed	135.683594	63	0
#SusPed	135.848958	0	0
#SusPed	135.859375	63	0
#SusPed	135.908854	0	0
#SusPed	135.923177	61	0
#SusPed	135.949219	0	0
#SusPed	135.959635	61	0
#SusPed	136.269531	0	0
#SusPed	136.282552	61	0
#SusPed	136.319010	0	0
#SusPed	136.329427	59	0
#SofPed	136.369792	0	0
#SofPed	136.376302	77	0
#SusPed	136.489583	0	0
#SusPed	136.501302	64	0
#SofPed	136.549479	0	0
#SofPed	136.557292	80	0
#SusPed	136.649740	0	0
#SusPed	136.661458	61	0
#SusPed	136.718750	0	0
#SusPed	136.725260	61	0
#SofPed	136.759115	0	0
#SofPed	136.766927	80	0
#SofPed	136.848958	0	0
#SofPed	136.861979	87	0
#SusPed	136.878906	0	0
#SusPed	136.888021	63	0
#SofPed	137.059896	0	0
#SofPed	137.065104	82	0
#SusPed	137.119792	0	0
#SusPed	137.126302	57	0
#SofPed	137.128906	0	0
#SofPed	137.141927	86	0
#SusPed	137.408854	0	0
#SusPed	137.423177	58	0
#SofPed	137.500000	0	0
#SusPed	137.718750	0	0
#SusPed	137.726562	54	0
#SusPed	141.399740	0	0
#SusPed	141.414062	80	0
#SusPed	141.979167	0	0
#SusPed	141.992188	75	0
#SusPed	142.069010	0	0
#SusPed	142.076823	75	0
#SusPed	142.658854	0	0
#SusPed	142.665365	92	0
#SusPed	142.718750	0	0
#SusPed	142.730469	93	0
#SusPed	142.899740	0	0
#SusPed	142.906250	96	0
#SusPed	143.149740	0	0
#SusPed	143.164062	97	0
#SusPed	143.279948	0	0
#SusPed	143.294271	98	0
#SusPed	143.628906	0	0
#SusPed	143.641927	103	0
#SusPed	143.779948	0	0
#SusPed	143.794271	102	0
#SusPed	143.959635	0	0
#SusPed	143.966146	98	0
#SusPed	144.239583	0	0
#SusPed	144.253906	101	0
#SusPed	144.598958	0	0
#SusPed	144.605469	87	0
#SusPed	145.229167	0	0
#SusPed	145.239583	96	0
#SusPed	145.500000	0	0
#SusPed	145.513021	87	0
#SusPed	145.649740	0	0
#SusPed	145.656250	82	0
#SusPed	146.309896	0	0
#SusPed	146.315104	84	0
#SusPed	146.459635	0	0
#SusPed	146.472656	71	0
#SusPed	147.209635	0	0
#SusPed	147.216146	78	0
#SusPed	147.348958	0	0
#SusPed	147.355469	68	0
#SusPed	147.569010	0	0
#SusPed	147.574219	77	0
#SusPed	148.029948	0	0
#SusPed	148.035156	83	0
#SusPed	148.199219	0	0
#SusPed	148.213542	73	0
#SusPed	148.938802	0	0
#SusPed	148.951823	73	0
#SusPed	149.199219	0	0
#SusPed	149.207031	92	0
#SusPed	149.559896	0	0
#SusPed	149.572917	66	0
#SusPed	149.718750	0	0
#SusPed	149.725260	78	0
#SusPed	150.029948	0	0
#SusPed	150.036458	86	0
#SusPed	150.369792	0	0
#SusPed	150.375000	78	0
#SusPed	150.489583	0	0
#SusPed	150.500000	85	0
#SusPed	150.589844	0	0
#SusPed	150.604167	79	0
#SusPed	150.750000	0	0
#SusPed	150.759115	81	0
#SusPed	151.128906	0	0
#SusPed	151.143229	87	0
#SusPed	151.279948	0	0
#SusPed	151.287760	81	0
#SusPed	151.539062	0	0
#SusPed	151.548177	84	0
#SusPed	151.979167	0	0
#SusPed	151.986979	65	0
#SusPed	152.158854	0	0
#SusPed	152.165365	86	0
#SusPed	152.309896	0	0
#SusPed	152.319010	84	0
#SusPed	152.750000	0	0
#SusPed	152.755208	81	0
#SusPed	153.128906	0	0
#SusPed	153.141927	82	0
#SusPed	153.299479	0	0
#SusPed	153.312500	79	0
#SusPed	153.878906	0	0
#SusPed	153.890625	79	0
#SusPed	154.009115	0	0
#SusPed	154.020833	77	0
#SusPed	154.459635	0	0
#SusPed	154.466146	88	0
#SusPed	154.509115	0	0
#SusPed	154.516927	76	0
#SusPed	154.769531	0	0
#SusPed	154.782552	95	0
#SusPed	154.949219	0	0
#SusPed	154.954427	83	0
#SusPed	155.000000	0	0
#SusPed	155.005208	89	0
#SusPed	155.250000	0	0
#SusPed	155.259115	87	0
#SusPed	155.329427	0	0
#SusPed	155.343750	83	0
#SusPed	155.569010	0	0
#SusPed	155.584635	90	0
#SusPed	155.688802	0	0
#SusPed	155.703125	97	0
#SusPed	155.959635	0	0
#SusPed	155.966146	78	0
#SusPed	156.149740	0	0
#SusPed	156.156250	73	0
#SusPed	156.609375	0	0
#SusPed	156.622396	83	0
#SusPed	156.878906	0	0
#SusPed	156.884115	80	0
#SusPed	157.149740	0	0
#SusPed	157.154948	81	0
#SusPed	157.279948	0	0
#SusPed	157.292969	76	0
#SusPed	157.319010	0	0
#SusPed	157.325521	84	0
#SusPed	157.598958	0	0
#SusPed	157.614583	71	0
#SofPed	157.664062	57	0
#SusPed	157.718750	0	0
#SusPed	157.725260	70	0
#SofPed	157.759115	0	0
#SofPed	157.770833	61	0
#SofPed	157.829427	0	0
#SofPed	157.837240	60	0
#SusPed	157.839844	0	0
#SusPed	157.852865	86	0
#SofPed	157.929688	0	0
#SofPed	157.942708	61	0
#SusPed	158.059896	0	0
#SofPed	158.059896	0	0
#SofPed	158.070312	61	0
#SusPed	158.074219	85	0
#SofPed	158.128906	0	0
#SofPed	158.144531	59	0
#SofPed	158.229167	0	0
#SofPed	158.235677	53	0
#SusPed	158.289062	0	0
#SusPed	158.299479	79	0
#SofPed	158.339844	0	0
#SofPed	158.345052	49	0
#SusPed	158.449219	0	0
#SusPed	158.463542	87	0
#SofPed	158.509115	0	0
#SofPed	158.518229	44	0
#SusPed	158.688802	0	0
#SusPed	158.699219	81	0
#SofPed	158.699219	0	0
#SofPed	158.705729	39	0
#SusPed	158.869792	0	0
#SofPed	158.878906	0	0
#SusPed	158.881510	81	0
#SofPed	158.893229	29	0
#SofPed	158.989583	0	0
#SofPed	158.994792	29	0
#SusPed	159.199219	0	0
#SofPed	159.199219	0	0
#SusPed	159.205729	84	0
#SofPed	159.212240	28	0
#SofPed	159.269531	0	0
#SofPed	159.274740	36	0
#SofPed	159.369792	0	0
#SofPed	159.376302	42	0
#SusPed	159.449219	0	0
#SofPed	159.459635	0	0
#SusPed	159.460938	82	0
#SofPed	159.473958	42	0
#SofPed	159.559896	0	0
#SofPed	159.567708	40	0
#SusPed	159.609375	0	0
#SusPed	159.619792	94	0
#SofPed	159.658854	0	0
#SofPed	159.664062	44	0
#SofPed	159.739583	0	0
#SofPed	159.747396	52	0
#SusPed	159.848958	0	0
#SusPed	159.861979	85	0
#SofPed	159.899740	0	0
#SofPed	159.904948	52	0
#SofPed	159.938802	0	0
#SofPed	159.950521	50	0
#SusPed	159.989583	0	0
#SusPed	160.003906	89	0
#SofPed	160.049479	0	0
#SofPed	160.057292	49	0
#SofPed	160.109375	0	0
#SofPed	160.115885	48	0
#SofPed	160.218750	0	0
#SofPed	160.226562	39	0
#SofPed	160.329427	0	0
#SofPed	160.335938	35	0
#SusPed	160.348958	0	0
#SusPed	160.361979	89	0
#SusPed	160.429688	0	0
#SusPed	160.440104	104	0
#SofPed	160.459635	0	0
#SofPed	160.464844	32	0
#SofPed	160.539062	0	0
#SofPed	160.549479	31	0
#SofPed	160.649740	0	0
#SofPed	160.656250	28	0
#SusPed	160.729167	0	0
#SusPed	160.742188	83	0
#SofPed	160.809896	0	0
#SofPed	160.817708	27	0
#SofPed	160.919271	0	0
#SofPed	160.932292	27	0
#SusPed	160.938802	0	0
#SusPed	160.945312	81	0
#SofPed	160.979167	0	0
#SofPed	160.993490	25	0
#SusPed	161.179688	0	0
#SusPed	161.184896	79	0
#SofPed	161.239583	0	0
#SofPed	161.253906	27	0
#SofPed	161.348958	0	0
#SofPed	161.356771	29	0
#SofPed	161.519531	0	0
#SofPed	161.524740	34	0
#SofPed	161.579427	0	0
#SofPed	161.593750	33	0
#SofPed	161.669271	0	0
#SofPed	161.675781	47	0
#SofPed	161.769531	0	0
#SofPed	161.777344	56	0
#SusPed	161.908854	0	0
#SofPed	161.908854	0	0
#SofPed	161.915365	60	0
#SusPed	161.917969	89	0
#SofPed	161.979167	0	0
#SofPed	161.986979	67	0
#SofPed	162.059896	0	0
#SofPed	162.065104	58	0
#SusPed	162.158854	0	0
#SusPed	162.171875	79	0
#SofPed	162.179688	0	0
#SofPed	162.188802	49	0
#SusPed	162.239583	0	0
#SusPed	162.244792	71	0
#SofPed	162.259115	0	0
#SofPed	162.270833	39	0
#SofPed	162.378906	0	0
#SofPed	162.385417	42	0
#SofPed	162.479167	0	0
#SofPed	162.485677	46	0
#SusPed	162.500000	0	0
#SusPed	162.510417	92	0
#SusPed	162.609375	0	0
#SusPed	162.621094	89	0
#SofPed	162.669271	0	0
#SofPed	162.675781	41	0
#SofPed	162.759115	0	0
#SofPed	162.768229	43	0
#SofPed	162.839844	0	0
#SofPed	162.850260	46	0
#SusPed	162.889323	0	0
#SusPed	162.894531	97	0
#SofPed	162.949219	0	0
#SofPed	162.963542	46	0
#SofPed	163.029948	0	0
#SofPed	163.036458	43	0
#SofPed	163.188802	0	0
#SofPed	163.204427	43	0
#SusPed	163.239583	0	0
#SusPed	163.244792	93	0
#SusPed	163.378906	0	0
#SusPed	163.389323	75	0
#SofPed	163.399740	0	0
#SofPed	163.412760	34	0
#SofPed	163.500000	0	0
#SofPed	163.505208	37	0
#SofPed	163.589844	0	0
#SofPed	163.596354	42	0
#SusPed	163.619792	0	0
#SusPed	163.632812	98	0
#SusPed	163.669271	0	0
#SusPed	163.680990	98	0
#SofPed	163.759115	0	0
#SofPed	163.769531	49	0
#SofPed	163.859375	0	0
#SofPed	163.867188	54	0
#SofPed	163.938802	0	0
#SofPed	163.947917	56	0
#SofPed	164.009115	0	0
#SofPed	164.020833	59	0
#SofPed	164.109375	0	0
#SofPed	164.119792	51	0
#SofPed	164.218750	0	0
#SofPed	164.229167	50	0
#SusPed	164.319010	0	0
#SofPed	164.319010	0	0
#SofPed	164.329427	48	0
#SusPed	164.332031	92	0
#SofPed	164.389323	0	0
#SofPed	164.402344	56	0
#SusPed	164.449219	0	0
#SusPed	164.459635	74	0
#SofPed	164.468750	0	0
#SofPed	164.476562	55	0
#SofPed	164.569010	0	0
#SofPed	164.579427	53	0
#SofPed	164.658854	0	0
#SofPed	164.667969	52	0
#SofPed	164.739583	0	0
#SofPed	164.746094	52	0
#SofPed	164.799479	0	0
#SofPed	164.813802	43	0
#SusPed	164.829427	0	0
#SusPed	164.843750	88	0
#SofPed	164.889323	0	0
#SofPed	164.895833	33	0
#SofPed	164.989583	0	0
#SofPed	164.998698	35	0
#SofPed	165.029948	0	0
#SofPed	165.039062	32	0
#SofPed	165.098958	0	0
#SofPed	165.105469	32	0
#SofPed	165.199219	0	0
#SofPed	165.204427	38	0
#SusPed	165.389323	0	0
#SusPed	165.403646	98	0
#SofPed	165.449219	0	0
#SofPed	165.462240	33	0
#SusPed	165.549479	0	0
#SusPed	165.554688	76	0
#SofPed	165.619792	0	0
#SofPed	165.625000	33	0
#SofPed	165.699219	0	0
#SofPed	165.705729	36	0
#SofPed	165.839844	0	0
#SofPed	165.851562	38	0
#SusPed	165.859375	0	0
#SusPed	165.873698	85	0
#SofPed	165.908854	0	0
#SofPed	165.915365	41	0
#SusPed	165.919271	0	0
#SusPed	165.924479	83	0
#SofPed	166.000000	0	0
#SofPed	166.003906	45	0
#SofPed	166.109375	0	0
#SofPed	166.115885	45	0
#SusPed	166.199219	0	0
#SusPed	166.213542	70	0
#SusPed	166.479167	0	0
#SofPed	166.489583	0	0
#SusPed	166.489583	101	0
#SofPed	166.497396	43	0
#SusPed	166.628906	0	0
#SusPed	166.643229	73	0
#SusPed	166.979167	0	0
#SusPed	166.986979	77	0
#SusPed	167.029948	0	0
#SusPed	167.037760	76	0
#SusPed	167.269531	0	0
#SusPed	167.277344	97	0
#SusPed	167.399740	0	0
#SofPed	167.399740	0	0
#SofPed	167.407552	39	0
#SusPed	167.410156	72	0
#SusPed	167.609375	0	0
#SusPed	167.623698	104	0
#SusPed	168.449219	0	0
#SusPed	168.457031	72	0
#SusPed	168.519531	0	0
#SusPed	168.524740	64	0
#SofPed	168.799479	0	0
#SusPed	168.809896	0	0
#SofPed	168.813802	43	0
#SusPed	168.817708	78	0
#SofPed	168.938802	0	0
#SofPed	168.946615	46	0
#SofPed	169.098958	0	0
#SofPed	169.106771	42	0
#SofPed	169.769531	0	0
#SofPed	169.782552	53	0
#SusPed	169.809896	0	0
#SusPed	169.815104	91	0
#SofPed	169.869792	0	0
#SofPed	169.884115	53	0
#SofPed	169.938802	0	0
#SofPed	169.949219	54	0
#SofPed	170.119792	0	0
#SofPed	170.128906	57	0
#SofPed	170.199219	0	0
#SofPed	170.205729	58	0
#SofPed	170.250000	0	0
#SofPed	170.255208	61	0
#SofPed	170.769531	0	0
#SofPed	170.781250	50	0
#SofPed	170.848958	0	0
#SofPed	170.856771	46	0
#SofPed	170.938802	0	0
#SofPed	170.945312	51	0
#SusPed	171.119792	0	0
#SofPed	171.119792	0	0
#SusPed	171.127604	83	0
#SofPed	171.132812	64	0
#SofPed	171.269531	0	0
#SofPed	171.274740	61	0
#SusPed	171.449219	0	0
#SusPed	171.455729	69	0
#SusPed	171.679688	0	0
#SusPed	171.690104	75	0
#SusPed	172.449219	0	0
#SusPed	172.457031	71	0
#SusPed	173.179688	0	0
#SusPed	173.184896	72	0
#SusPed	173.329427	0	0
#SusPed	173.341146	83	0
#SusPed	174.408854	0	0
#SusPed	174.423177	69	0
#SofPed	177.279948	0	0
#SusPed	177.579427	0	0
#SusPed	177.587240	69	0
#SusPed	183.589844	0	0
#SusPed	183.614583	73	0
#SusPed	183.779948	0	0
#SusPed	183.792969	75	0
#SusPed	183.878906	0	0
#SusPed	183.884115	73	0
#SusPed	183.929688	0	0
#SusPed	183.936198	79	0
#SusPed	183.989583	0	0
#SusPed	183.997396	83	0
#SusPed	184.579427	0	0
#SusPed	184.588542	73	0
#SusPed	184.669271	0	0
#SusPed	184.683594	64	0
#SofPed	184.744792	83	0
#SofPed	184.839844	0	0
#SofPed	184.851562	78	0
#SofPed	185.009115	0	0
#SofPed	185.014323	79	0
#SofPed	185.049479	0	0
#SofPed	185.062500	73	0
#SofPed	185.149740	0	0
#SofPed	185.160156	64	0
#SofPed	185.309896	0	0
#SofPed	185.315104	62	0
#SofPed	185.449219	0	0
#SofPed	185.457031	54	0
#SusPed	185.639323	0	0
#SusPed	185.653646	75	0
#SofPed	185.699219	0	0
#SofPed	185.705729	45	0
#SusPed	185.789062	0	0
#SusPed	185.803385	74	0
#SusPed	186.449219	0	0
#SusPed	186.462240	75	0
#SusPed	186.759115	0	0
#SofPed	187.549479	0	0
#SofPed	187.558594	50	0
#SofPed	187.628906	0	0
#SofPed	187.638021	58	0
#SusPed	187.902344	94	0
#SofPed	187.949219	0	0
#SofPed	187.957031	88	0
#SusPed	188.348958	0	0
#SusPed	188.361979	76	0
#SofPed	188.389323	0	0
#SofPed	188.402344	94	0
#SofPed	188.479167	0	0
#SusPed	188.489583	0	0
#SofPed	188.490885	96	0
#SusPed	188.494792	76	0
#SusPed	188.919271	0	0
#SusPed	188.928385	83	0
#SusPed	189.209635	0	0
#SusPed	189.218750	66	0
#SusPed	189.559896	0	0
#SusPed	189.572917	65	0
#SusPed	189.718750	0	0
#SusPed	189.733073	76	0
#SofPed	189.899740	0	0
#SofPed	189.911458	103	0
#SusPed	190.049479	0	0
#SusPed	190.055990	80	0
#SusPed	190.348958	0	0
#SusPed	190.364583	80	0
#SofPed	190.389323	0	0
#SofPed	190.394531	47	0
#SusPed	190.459635	0	0
#SusPed	190.472656	73	0
#SofPed	190.769531	0	0
#SofPed	190.779948	26	0
#SusPed	190.799479	0	0
#SusPed	190.805990	85	0
#SusPed	191.039062	0	0
#SusPed	191.050781	89	0
#SusPed	191.500000	0	0
#SusPed	191.510417	82	0
#SusPed	192.158854	0	0
#SusPed	192.167969	75	0
#SofPed	192.309896	0	0
#SofPed	192.322917	35	0
#SofPed	192.559896	0	0
#SofPed	192.566406	29	0
#SofPed	192.878906	0	0
#SofPed	192.893229	60	0
#SofPed	193.109375	0	0
#SofPed	193.118490	77	0
#SofPed	193.359375	0	0
#SofPed	193.372396	71	0
#SusPed	193.408854	0	0
#SusPed	193.417969	105	0
#SusPed	193.519531	0	0
#SusPed	193.527344	72	0
#SofPed	193.639323	0	0
#SofPed	193.645833	89	0
#SusPed	193.989583	0	0
#SusPed	194.001302	83	0
#SusPed	194.649740	0	0
#SusPed	194.656250	73	0
#SusPed	194.759115	0	0
#SusPed	194.772135	70	0
#SusPed	195.389323	0	0
#SusPed	195.402344	72	0
#SusPed	195.509115	0	0
#SusPed	195.523438	76	0
#SusPed	195.679688	0	0
#SusPed	195.692708	89	0
#SusPed	196.139323	0	0
#SusPed	196.152344	68	0
#SusPed	197.348958	0	0
#SusPed	197.355469	91	0
#SusPed	197.549479	0	0
#SusPed	197.558594	69	0
#SusPed	198.098958	0	0
#SusPed	198.113281	92	0
#SusPed	198.468750	0	0
#SusPed	198.483073	69	0
#SusPed	198.598958	0	0
#SusPed	198.610677	70	0
#SusPed	198.968750	0	0
#SusPed	198.975260	96	0
#SofPed	199.119792	0	0
#SofPed	199.130208	100	0
#SofPed	199.218750	0	0
#SofPed	199.227865	101	0
#SusPed	199.309896	0	0
#SusPed	199.316406	82	0
#SusPed	199.628906	0	0
#SusPed	199.638021	84	0
#SusPed	199.878906	0	0
#SusPed	199.894531	81	0
#SusPed	200.098958	0	0
#SusPed	200.108073	83	0
#SusPed	200.489583	0	0
#SusPed	200.501302	76	0
#SusPed	200.739583	0	0
#SusPed	200.753906	66	0
#SusPed	200.968750	0	0
#SusPed	200.983073	65	0
#SusPed	201.619792	0	0
#SusPed	201.627604	75	0
#SusPed	201.779948	0	0
#SusPed	201.791667	64	0
#SusPed	202.299479	0	0
#SusPed	202.309896	70	0
#SofPed	202.500000	0	0
#SusPed	203.109375	0	0
#SusPed	203.123698	77	0
#SusPed	203.250000	0	0
#SusPed	203.264323	76	0
#SusPed	203.589844	0	0
#SusPed	203.602865	76	0
#SusPed	203.769531	0	0
#SusPed	203.777344	75	0
#SusPed	204.158854	0	0
#SusPed	204.165365	80	0
#SusPed	206.069010	0	0
#SusPed	206.083333	91	0
#SusPed	206.299479	0	0
#SusPed	206.307292	89	0
#SusPed	206.669271	0	0
#SusPed	206.680990	73	0
#SusPed	207.279948	0	0
#SusPed	207.287760	80	0
#SofPed	211.194010	61	0
#SofPed	211.529948	0	0
#SofPed	211.539062	63	0
#SusPed	211.829427	0	0
#SusPed	211.842448	90	0
#SofPed	211.869792	0	0
#SofPed	211.884115	70	0
#SofPed	212.119792	0	0
#SofPed	212.131510	58	0
#SofPed	212.199219	0	0
#SofPed	212.204427	55	0
#SofPed	212.649740	0	0
#SofPed	212.661458	69	0
#SofPed	212.848958	0	0
#SofPed	212.858073	69	0
#SofPed	212.979167	0	0
#SofPed	212.993490	66	0
#SusPed	213.039062	0	0
#SusPed	213.044271	79	0
#SusPed	213.218750	0	0
#SusPed	213.225260	82	0
#SofPed	213.229167	0	0
#SofPed	213.235677	63	0
#SofPed	213.699219	0	0
#SofPed	213.705729	63	0
#SofPed	213.750000	0	0
#SofPed	213.764323	61	0
#SofPed	213.829427	0	0
#SofPed	213.834635	67	0
#SofPed	213.949219	0	0
#SofPed	213.959635	75	0
#SofPed	214.128906	0	0
#SofPed	214.135417	70	0
#SofPed	214.279948	0	0
#SofPed	214.286458	59	0
#SusPed	214.419271	0	0
#SofPed	214.419271	0	0
#SusPed	214.425781	95	0
#SofPed	214.425781	60	0
#SusPed	214.619792	0	0
#SusPed	214.625000	98	0
#SofPed	214.649740	0	0
#SofPed	214.657552	62	0
#SofPed	215.019531	0	0
#SofPed	215.028646	65	0
#SusPed	216.158854	0	0
#SusPed	216.170573	82	0
#SusPed	216.339844	0	0
#SusPed	216.351562	98	0
#SofPed	216.449219	0	0
#SofPed	216.462240	94	0
#SofPed	216.908854	0	0
#SofPed	216.924479	89	0
#SofPed	217.059896	0	0
#SofPed	217.066406	84	0
#SusPed	217.069010	0	0
#SusPed	217.075521	83	0
#SusPed	217.179688	0	0
#SusPed	217.187500	94	0
#SofPed	217.209635	0	0
#SofPed	217.218750	92	0
#SofPed	217.559896	0	0
#SofPed	217.569010	58	0
#SusPed	217.609375	0	0
#SusPed	217.623698	91	0
#SofPed	217.658854	0	0
#SofPed	217.673177	47	0
#SusPed	217.718750	0	0
#SofPed	217.859375	0	0
#SofPed	217.865885	45	0
#SusPed	217.873698	98	0
#SofPed	218.199219	0	0
#SofPed	218.205729	57	0
#SofPed	218.269531	0	0
#SofPed	218.283854	51	0
#SofPed	218.389323	0	0
#SofPed	218.402344	49	0
#SofPed	218.509115	0	0
#SofPed	218.522135	58	0
#SusPed	218.729167	0	0
#SusPed	218.743490	91	0
#SusPed	218.968750	0	0
#SusPed	218.976562	74	0
#SofPed	219.000000	0	0
#SofPed	219.009115	77	0
#SusPed	219.619792	0	0
#SusPed	219.628906	85	0
#SofPed	219.669271	0	0
#SofPed	219.675781	78	0
#SusPed	219.739583	0	0
#SusPed	219.750000	77	0
#SofPed	219.809896	0	0
#SofPed	219.821615	73	0
#SusPed	220.019531	0	0
#SusPed	220.033854	106	0
#SofPed	220.059896	0	0
#SofPed	220.065104	99	0
#SusPed	221.049479	0	0
#SusPed	221.062500	81	0
#SusPed	221.149740	0	0
#SusPed	221.156250	85	0
#SusPed	222.128906	0	0
#SusPed	222.141927	74	0
#SusPed	222.239583	0	0
#SusPed	222.251302	66	0
#SusPed	222.339844	0	0
#SusPed	222.345052	98	0
#SofPed	222.500000	0	0
#SusPed	225.729167	0	0
#SusPed	225.735677	94	0
#SusPed	225.799479	0	0
#SusPed	225.808594	95	0
#SofPed	229.167969	107	0
#SusPed	229.569010	0	0
#SusPed	229.583333	89	0
#SofPed	229.699219	0	0
#SofPed	229.705729	64	0
#SusPed	230.079427	0	0
#SusPed	230.085938	81	0
#SofPed	230.459635	0	0
#SofPed	230.471354	45	0
#SofPed	230.899740	0	0
#SofPed	230.904948	47	0
#SofPed	231.000000	0	0
#SofPed	231.007812	50	0
#SofPed	231.079427	0	0
#SofPed	231.084635	47	0
#SofPed	231.229167	0	0
#SofPed	231.234375	40	0
#SofPed	231.299479	0	0
#SofPed	231.311198	38	0
#SofPed	231.348958	0	0
#SofPed	231.356771	39	0
#SofPed	231.438802	0	0
#SofPed	231.454427	43	0
#SusPed	231.500000	0	0
#SusPed	231.506510	76	0
#SofPed	231.559896	0	0
#SofPed	231.570312	42	0
#SofPed	231.639323	0	0
#SofPed	231.647135	47	0
#SusPed	231.658854	0	0
#SusPed	231.669271	78	0
#SofPed	231.699219	0	0
#SofPed	231.713542	53	0
#SusPed	231.769531	0	0
#SusPed	231.782552	78	0
#SofPed	231.989583	0	0
#SofPed	231.996094	80	0
#SusPed	232.000000	0	0
#SusPed	232.011719	71	0
#SofPed	232.139323	0	0
#SofPed	232.153646	89	0
#SofPed	232.188802	0	0
#SofPed	232.201823	89	0
#SofPed	232.259115	0	0
#SofPed	232.273438	92	0
#SusPed	232.289062	0	0
#SusPed	232.302083	69	0
#SofPed	232.869792	0	0
#SofPed	232.876302	104	0
#SofPed	233.529948	0	0
#SofPed	233.537760	69	0
#SofPed	234.250000	0	0
#SofPed	234.261719	48	0
#SusPed	234.319010	0	0
#SusPed	234.330729	83	0
#SofPed	234.359375	0	0
#SofPed	234.368490	43	0
#SusPed	234.750000	0	0
#SusPed	234.756510	71	0
#SofPed	234.908854	0	0
#SofPed	234.917969	46	0
#SofPed	235.049479	0	0
#SofPed	235.058594	50	0
#SofPed	235.378906	0	0
#SofPed	235.389323	42	0
#SofPed	235.529948	0	0
#SofPed	235.535156	53	0
#SofPed	235.639323	0	0
#SofPed	235.653646	56	0
#SofPed	235.729167	0	0
#SofPed	235.736979	56	0
#SofPed	235.949219	0	0
#SofPed	235.957031	69	0
#SofPed	236.039062	0	0
#SofPed	236.052083	69	0
#SofPed	236.229167	0	0
#SofPed	236.243490	77	0
#SofPed	236.449219	0	0
#SofPed	236.455729	70	0
#SofPed	236.509115	0	0
#SofPed	236.515625	71	0
#SofPed	236.609375	0	0
#SofPed	236.621094	71	0
#SofPed	236.709635	0	0
#SusPed	236.718750	0	0
#SofPed	236.723958	68	0
#SusPed	236.731771	69	0
#SusPed	238.009115	0	0
#SusPed	238.015625	73	0
#SusPed	238.188802	0	0
#SusPed	238.203125	72	0
#SofPed	238.609375	0	0
#SofPed	238.622396	89	0
#SofPed	238.789062	0	0
#SofPed	238.798177	93	0
#SusPed	238.949219	0	0
#SusPed	238.954427	65	0
#SusPed	239.729167	0	0
#SusPed	239.739583	93	0
#SusPed	241.158854	0	0
#SusPed	241.173177	85	0
#SusPed	241.319010	0	0
#SusPed	241.333333	68	0
#SusPed	241.459635	0	0
#SusPed	241.464844	79	0
#SusPed	241.889323	0	0
#SusPed	241.895833	79	0
#SofPed	242.500000	0	0
#SofPed	246.826823	65	0
#SusPed	246.959635	0	0
#SusPed	246.972656	58	0
#SofPed	247.039062	0	0
#SofPed	247.052083	35	0
#SofPed	247.369792	0	0
#SofPed	247.381510	24	0
#SofPed	247.539062	0	0
#SofPed	247.546875	26	0
#SofPed	247.649740	0	0
#SofPed	247.654948	24	0
#SofPed	247.899740	0	0
#SofPed	247.912760	28	0
#SofPed	248.259115	0	0
#SofPed	248.269531	36	0
#SofPed	248.449219	0	0
#SofPed	248.454427	50	0
#SofPed	248.569010	0	0
#SofPed	248.575521	44	0
#SofPed	248.739583	0	0
#SofPed	248.752604	43	0
#SofPed	249.000000	0	0
#SusPed	249.009115	0	0
#SofPed	249.014323	45	0
#SusPed	249.023438	83	0
#SofPed	249.169271	0	0
#SofPed	249.174479	52	0
#SusPed	249.188802	0	0
#SusPed	249.201823	65	0
#SofPed	249.259115	0	0
#SofPed	249.269531	57	0
#SofPed	249.759115	0	0
#SofPed	249.765625	74	0
#SofPed	249.929688	0	0
#SofPed	249.936198	77	0
#SusPed	250.009115	0	0
#SusPed	250.015625	75	0
#SofPed	250.029948	0	0
#SofPed	250.042969	81	0
#SofPed	250.128906	0	0
#SofPed	250.143229	81	0
#SusPed	250.149740	0	0
#SusPed	250.164062	60	0
#SofPed	250.199219	0	0
#SofPed	250.205729	82	0
#SofPed	250.309896	0	0
#SofPed	250.316406	80	0
#SusPed	250.378906	0	0
#SusPed	250.388021	75	0
#SofPed	250.389323	0	0
#SofPed	250.395833	81	0
#SusPed	250.468750	0	0
#SofPed	250.468750	0	0
#SofPed	250.475260	80	0
#SusPed	250.484375	65	0
#SofPed	250.569010	0	0
#SofPed	250.583333	87	0
#SofPed	250.759115	0	0
#SofPed	250.764323	86	0
#SofPed	250.938802	0	0
#SofPed	250.946615	93	0
#SusPed	250.989583	0	0
#SusPed	250.994792	71	0
#SofPed	251.079427	0	0
#SusPed	251.089844	0	0
#SofPed	251.092448	90	0
#SusPed	251.095052	61	0
#SofPed	251.378906	0	0
#SofPed	251.393229	82	0
#SofPed	251.529948	0	0
#SofPed	251.540365	92	0
#SusPed	251.829427	0	0
#SusPed	251.835938	70	0
#SofPed	252.289062	0	0
#SofPed	252.303385	54	0
#SofPed	252.479167	0	0
#SofPed	252.484375	53	0
#SusPed	252.529948	0	0
#SusPed	252.542969	69	0
#SusPed	252.619792	0	0
#SusPed	252.625000	69	0
#SusPed	253.158854	0	0
#SusPed	253.169271	62	0
#SusPed	253.239583	0	0
#SusPed	253.244792	64	0
#SofPed	253.309896	0	0
#SofPed	253.315104	83	0
#SofPed	253.408854	0	0
#SofPed	253.420573	81	0
#SusPed	253.429688	0	0
#SusPed	253.441406	61	0
#SusPed	253.539062	0	0
#SusPed	253.552083	71	0
#SofPed	253.619792	0	0
#SofPed	253.627604	83	0
#SofPed	253.769531	0	0
#SofPed	253.776042	89	0
#SusPed	253.789062	0	0
#SusPed	253.802083	59	0
#SofPed	253.908854	0	0
#SofPed	253.923177	78	0
#SofPed	254.109375	0	0
#SofPed	254.119792	79	0
#SofPed	254.378906	0	0
#SofPed	254.384115	76	0
#SofPed	254.459635	0	0
#SofPed	254.471354	76	0
#SusPed	254.500000	0	0
#SusPed	254.507812	68	0
#SofPed	254.628906	0	0
#SofPed	254.635417	90	0
#SusPed	254.739583	0	0
#SofPed	254.739583	0	0
#SusPed	254.751302	64	0
#SofPed	254.753906	95	0
#SofPed	254.809896	0	0
#SofPed	254.820312	97	0
#SofPed	255.639323	0	0
#SofPed	255.649740	90	0
#SofPed	255.799479	0	0
#SofPed	255.809896	94	0
#SofPed	255.968750	0	0
#SofPed	255.977865	91	0
#SofPed	256.139323	0	0
#SofPed	256.153646	94	0
#SusPed	256.279948	0	0
#SusPed	256.287760	77	0
#SofPed	256.309896	0	0
#SofPed	256.324219	94	0
#SusPed	256.339844	0	0
#SusPed	256.352865	84	0
#SofPed	256.468750	0	0
#SofPed	256.484375	92	0
#SofPed	256.669271	0	0
#SofPed	256.677083	80	0
#SofPed	256.859375	0	0
#SofPed	256.865885	73	0
#SofPed	257.059896	0	0
#SofPed	257.071615	77	0
#SofPed	257.218750	0	0
#SofPed	257.227865	74	0
#SofPed	257.529948	0	0
#SofPed	257.542969	86	0
#SofPed	257.750000	0	0
#SofPed	257.759115	94	0
#SofPed	257.979167	0	0
#SofPed	257.985677	78	0
#SofPed	258.029948	0	0
#SofPed	258.036458	80	0
#SofPed	258.229167	0	0
#SofPed	258.235677	78	0
#SofPed	258.369792	0	0
#SofPed	258.384115	86	0
#SofPed	258.419271	0	0
#SofPed	258.428385	82	0
#SofPed	258.519531	0	0
#SofPed	258.527344	72	0
#SofPed	258.569010	0	0
#SofPed	258.575521	67	0
#SofPed	258.639323	0	0
#SofPed	258.645833	60	0
#SofPed	258.789062	0	0
#SofPed	258.802083	75	0
#SofPed	258.848958	0	0
#SofPed	258.855469	82	0
#SofPed	259.029948	0	0
#SofPed	259.039062	92	0
#SofPed	259.079427	0	0
#SofPed	259.092448	93	0
#SusPed	261.079427	0	0
#SusPed	261.089844	89	0
#SusPed	261.179688	0	0
#SusPed	261.184896	86	0
#SusPed	262.049479	0	0
#SusPed	262.061198	76	0
#SusPed	262.779948	0	0
#SusPed	262.791667	88	0
#SusPed	263.098958	0	0
#SusPed	263.105469	76	0
#SusPed	263.209635	0	0
#SusPed	263.218750	69	0
#SusPed	263.529948	0	0
#SusPed	263.539062	89	0
#SusPed	263.628906	0	0
#SusPed	263.635417	88	0
#SusPed	263.908854	0	0
#SusPed	263.920573	83	0
#SusPed	264.369792	0	0
#SusPed	264.377604	75	0
#SusPed	264.429688	0	0
#SusPed	264.441406	81	0
#SusPed	264.750000	0	0
#SusPed	264.761719	83	0
#SusPed	265.009115	0	0
#SusPed	265.023438	67	0
#SofPed	265.089844	0	0
#SusPed	265.179688	0	0
#SusPed	265.186198	78	0
#SusPed	265.779948	0	0
#SusPed	265.785156	74	0
#SusPed	266.109375	0	0
#SusPed	266.122396	62	0
#SusPed	266.199219	0	0
#SusPed	266.207031	78	0
#SusPed	266.519531	0	0
#SusPed	266.531250	69	0
#SusPed	266.669271	0	0
#SusPed	266.675781	72	0
#SusPed	266.979167	0	0
#SusPed	266.984375	70	0
#SusPed	267.619792	0	0
#SusPed	267.630208	95	0
#SusPed	267.919271	0	0
#SusPed	267.930990	99	0
#SusPed	268.259115	0	0
#SusPed	268.274740	96	0
#SusPed	268.369792	0	0
#SusPed	268.384115	79	0
#SusPed	268.878906	0	0
#SusPed	268.884115	77	0
#SusPed	268.989583	0	0
#SusPed	269.000000	72	0
#SusPed	269.829427	0	0
#SusPed	269.837240	89	0
#SusPed	269.989583	0	0
#SusPed	269.996094	94	0
#SusPed	270.269531	0	0
#SusPed	270.282552	88	0
#SusPed	270.549479	0	0
#SusPed	270.562500	108	0
#SusPed	270.729167	0	0
#SusPed	270.742188	105	0
#SusPed	270.869792	0	0
#SusPed	270.882812	106	0
#SusPed	271.209635	0	0
#SusPed	271.222656	90	0
#SusPed	271.339844	0	0
#SusPed	271.352865	64	0
#SusPed	271.449219	0	0
#SusPed	271.457031	89	0
#SusPed	271.938802	0	0
#SusPed	271.951823	102	0
#SusPed	272.319010	0	0
#SusPed	272.333333	60	0
#SusPed	272.519531	0	0
#SusPed	272.533854	88	0
#SusPed	273.269531	0	0
#SusPed	273.274740	76	0
#SusPed	273.579427	0	0
#SusPed	273.593750	94	0
#SusPed	273.679688	0	0
#SusPed	273.694010	58	0
#SusPed	274.009115	0	0
#SusPed	274.023438	102	0
#SusPed	274.119792	0	0
#SusPed	274.127604	104	0
#SusPed	274.389323	0	0
#SusPed	274.403646	84	0
#SusPed	274.649740	0	0
#SusPed	274.654948	98	0
#SofPed	275.066406	71	0
#SofPed	275.158854	0	0
#SofPed	275.174479	68	0
#SofPed	275.218750	0	0
#SofPed	275.227865	70	0
#SusPed	275.269531	0	0
#SusPed	275.279948	90	0
#SusPed	275.429688	0	0
#SusPed	275.434896	79	0
#SofPed	275.449219	0	0
#SofPed	275.454427	63	0
#SusPed	275.679688	0	0
#SusPed	275.688802	71	0
#SofPed	275.699219	0	0
#SofPed	275.710938	57	0
#SofPed	275.949219	0	0
#SofPed	275.960938	59	0
#SusPed	276.000000	0	0
#SusPed	276.005208	94	0
#SofPed	276.239583	0	0
#SofPed	276.252604	62	0
#SusPed	276.289062	0	0
#SusPed	276.303385	87	0
#SofPed	276.369792	0	0
#SofPed	276.377604	53	0
#SusPed	276.459635	0	0
#SusPed	276.472656	42	0
#SusPed	276.809896	0	0
#SusPed	276.824219	97	0
#SusPed	276.968750	0	0
#SusPed	276.981771	92	0
#SofPed	278.039062	0	0
#SofPed	278.052083	96	0
#SofPed	278.229167	0	0
#SofPed	278.235677	107	0
#SusPed	278.348958	0	0
#SusPed	278.359375	69	0
#SofPed	278.389323	0	0
#SofPed	278.397135	95	0
#SusPed	278.539062	0	0
#SusPed	278.545573	99	0
#SofPed	278.589844	0	0
#SofPed	278.596354	68	0
#SofPed	278.878906	0	0
#SofPed	278.888021	50	0
#SofPed	279.089844	0	0
#SofPed	279.098958	54	0
#SofPed	279.139323	0	0
#SofPed	279.151042	60	0
#SofPed	279.369792	0	0
#SofPed	279.375000	95	0
#SusPed	279.729167	0	0
#SofPed	279.739583	0	0
#SusPed	279.743490	103	0
#SofPed	279.752604	104	0
#SofPed	279.908854	0	0
#SusPed	279.919271	0	0
#SofPed	279.924479	101	0
#SusPed	279.933594	88	0
#SofPed	280.679688	0	0
#SofPed	280.687500	95	0
#SusPed	280.829427	0	0
#SusPed	280.837240	82	0
#SusPed	280.959635	0	0
#SusPed	280.964844	84	0
#SofPed	281.009115	0	0
#SofPed	281.023438	100	0
#SofPed	281.119792	0	0
#SofPed	281.126302	100	0
#SofPed	281.319010	0	0
#SofPed	281.325521	93	0
#SusPed	281.389323	0	0
#SusPed	281.395833	64	0
#SofPed	281.459635	0	0
#SofPed	281.468750	83	0
#SusPed	281.519531	0	0
#SusPed	281.528646	70	0
#SofPed	281.658854	0	0
#SofPed	281.673177	73	0
#SusPed	281.679688	0	0
#SusPed	281.686198	83	0
#SusPed	281.979167	0	0
#SusPed	281.984375	96	0
#SusPed	282.128906	0	0
#SusPed	282.143229	85	0
#SusPed	282.438802	0	0
#SusPed	282.445312	98	0
#SusPed	283.779948	0	0
#SusPed	283.792969	84	0
#SusPed	284.128906	0	0
#SusPed	284.141927	87	0
#SusPed	284.579427	0	0
#SusPed	284.587240	84	0
#SusPed	285.098958	0	0
#SusPed	285.106771	86	0
#SusPed	285.259115	0	0
#SusPed	285.264323	63	0
#SusPed	285.479167	0	0
#SusPed	285.486979	74	0
#SusPed	285.938802	0	0
#SusPed	285.946615	74	0
#SusPed	286.119792	0	0
#SusPed	286.131510	73	0
#SusPed	286.389323	0	0
#SusPed	286.403646	60	0
#SusPed	287.188802	0	0
#SusPed	287.200521	82	0
#SofPed	287.209635	0	0
#SofPed	287.223958	114	0
#SofPed	287.269531	0	0
#SofPed	287.278646	113	0
#SusPed	288.098958	0	0
#SusPed	288.104167	88	0
#SusPed	288.509115	0	0
#SusPed	288.523438	76	0
#SusPed	289.069010	0	0
#SusPed	289.079427	72	0
#SusPed	289.199219	0	0
#SusPed	289.204427	76	0
#SusPed	289.569010	0	0
#SusPed	289.583333	81	0
#SusPed	289.839844	0	0
#SusPed	289.846354	85	0
#SusPed	290.069010	0	0
#SusPed	290.082031	84	0
#SusPed	290.158854	0	0
#SusPed	290.170573	87	0
#SusPed	290.329427	0	0
#SusPed	290.341146	89	0
#SusPed	290.579427	0	0
#SusPed	290.593750	97	0
#SusPed	291.019531	0	0
#SusPed	291.033854	96	0
#SusPed	291.889323	0	0
#SusPed	291.903646	90	0
#SusPed	291.949219	0	0
#SusPed	291.954427	90	0
#SusPed	292.329427	0	0
#SusPed	292.335938	80	0
#SusPed	292.509115	0	0
#SusPed	292.519531	67	0
#SusPed	292.669271	0	0
#SusPed	292.678385	66	0
#SusPed	292.929688	0	0
#SusPed	292.934896	97	0
#SusPed	293.239583	0	0
#SusPed	293.252604	95	0
#SofPed	293.279948	0	0
#SusPed	293.848958	0	0
#SusPed	293.864583	92	0
#SusPed	294.979167	0	0
#SusPed	294.990885	77	0
#SusPed	295.679688	0	0
#SusPed	295.684896	74	0
#SusPed	297.089844	0	0
#SusPed	297.102865	88	0
#SusPed	297.869792	0	0
#SusPed	297.882812	83	0
#SusPed	303.878906	0	0
#SusPed	306.361979	84	0
#SusPed	307.229167	0	0
#SusPed	307.242188	82	0
#SusPed	307.899740	0	0
#SusPed	307.908854	74	0
#SusPed	308.209635	0	0
#SusPed	308.221354	82	0
#SusPed	308.899740	0	0
#SusPed	308.907552	75	0
#SusPed	309.029948	0	0
#SusPed	309.037760	76	0
#SofPed	310.154948	24	0
#SusPed	310.319010	0	0
#SusPed	310.333333	98	0
#SofPed	310.500000	0	0
#SofPed	310.511719	42	0
#SusPed	310.968750	0	0
#SusPed	310.975260	95	0
#SusPed	311.119792	0	0
#SusPed	311.130208	85	0
#SofPed	312.500000	0	0
#SusPed	317.128906	0	0
#SusPed	321.743490	82	0
#SusPed	322.309896	0	0
#SusPed	322.320312	100	0
#SusPed	322.389323	0	0
#SusPed	322.394531	101	0
#SofPed	323.044271	53	0
#SofPed	323.250000	0	0
#SofPed	323.263021	53	0
#SusPed	323.449219	0	0
#SusPed	323.457031	81	0
#SofPed	323.479167	0	0
#SofPed	323.484375	46	0
#SofPed	323.598958	0	0
#SofPed	323.613281	51	0
#SusPed	323.949219	0	0
#SofPed	323.959635	0	0
#SusPed	323.962240	81	0
#SofPed	323.972656	76	0
#SofPed	324.158854	0	0
#SofPed	324.165365	66	0
#SusPed	324.199219	0	0
#SusPed	324.213542	87	0
#SofPed	324.688802	0	0
#SofPed	324.695312	43	0
#SofPed	325.000000	0	0
#SofPed	325.011719	57	0
#SofPed	325.369792	0	0
#SofPed	325.378906	84	0
#SofPed	325.729167	0	0
#SofPed	325.738281	94	0
#SusPed	325.759115	0	0
#SusPed	325.768229	68	0
#SofPed	325.789062	0	0
#SofPed	325.796875	97	0
#SusPed	325.959635	0	0
#SusPed	325.971354	89	0
#SofPed	325.979167	0	0
#SofPed	325.993490	99	0
#SofPed	326.539062	0	0
#SofPed	326.544271	92	0
#SofPed	326.598958	0	0
#SofPed	326.608073	94	0
#SofPed	327.039062	0	0
#SofPed	327.046875	90	0
#SusPed	327.069010	0	0
#SusPed	327.084635	82	0
#SofPed	327.119792	0	0
#SofPed	327.131510	83	0
#SusPed	327.209635	0	0
#SofPed	327.209635	0	0
#SusPed	327.218750	81	0
#SofPed	327.223958	80	0
#SofPed	327.299479	0	0
#SofPed	327.313802	64	0
#SusPed	327.628906	0	0
#SusPed	327.635417	85	0
#SusPed	327.848958	0	0
#SusPed	327.864583	94	0
#SusPed	328.619792	0	0
#SusPed	328.628906	91	0
#SusPed	328.819010	0	0
#SusPed	328.829427	73	0
#SusPed	329.509115	0	0
#SusPed	329.516927	70	0
#SusPed	329.819010	0	0
#SusPed	329.826823	90	0
#SusPed	331.209635	0	0
#SusPed	331.214844	73	0
#SusPed	331.429688	0	0
#SusPed	331.437500	96	0
#SusPed	332.229167	0	0
#SusPed	332.242188	99	0
#SofPed	332.500000	0	0
#SusPed	332.739583	0	0
#SusPed	332.746094	84	0
#SusPed	335.369792	0	0
#SusPed	335.375000	71	0
#SusPed	336.419271	0	0
#SusPed	336.428385	81	0
#SusPed	336.658854	0	0
#SusPed	336.673177	93	0
#SusPed	337.158854	0	0
#SusPed	337.164062	93	0
#SusPed	337.348958	0	0
#SusPed	337.355469	96	0
#SusPed	337.489583	0	0
#SusPed	337.503906	92	0
#SusPed	337.609375	0	0
#SusPed	337.615885	92	0
#SusPed	338.359375	0	0
#SusPed	338.364583	100	0
#SusPed	344.369792	0	0
