Running nested 3x3 on seed=42 from /gpfs/work/int/yuxuanliu2204/Changheng/xmltoexp/MERIX SUBMISSION/Boundary_Restart
Command: python3 Command: run_nested_piece_cv.py Command: --config Command: configs/salience_grouped3_hi8_score_only_xml_curated.yaml Command: --outer_heldout_piece Command: M06-1 Command: M06-2 Command: M06-3 Command: --inner_mode Command: leave_one Command: --n_splits Command: 5 Command: --candidate_json Command: configs/nested_candidates_level56_tcn_085_095.json Command: --model Command: tcn Command: --detector_target Command: level56_boundary Command: --selection_metric Command: union_recall Command: --loss_type Command: bce Command: --rest_span_label_mode Command: none Command: --rest_span_tolerance_negative_weight Command: 1.0 Command: --device Command: cuda Command: --seed Command: 42 Command: --output_dir Command: reports/nested_piece_cv/M06_outer_level56_seed42 Command: --run_outer_fit Command: --reuse_existing 
Epoch 1/30 | train_loss 1.5406 | union_precision 0.1364 | weighted_recall 0.1104 | consensus_recall 0.0000 | threshold 0.050
Epoch 2/30 | train_loss 1.4261 | union_precision 0.2667 | weighted_recall 0.1902 | consensus_recall 0.0000 | threshold 0.500
Epoch 3/30 | train_loss 1.3308 | union_precision 0.5000 | weighted_recall 0.0675 | consensus_recall 0.0000 | threshold 0.525
Epoch 4/30 | train_loss 1.2824 | union_precision 0.6667 | weighted_recall 0.0675 | consensus_recall 0.0000 | threshold 0.525
Epoch 5/30 | train_loss 1.2558 | union_precision 0.6667 | weighted_recall 0.0675 | consensus_recall 0.0000 | threshold 0.525
Epoch 6/30 | train_loss 1.2111 | union_precision 0.6667 | weighted_recall 0.0675 | consensus_recall 0.0000 | threshold 0.525
Epoch 7/30 | train_loss 1.1966 | union_precision 0.8000 | weighted_recall 0.1043 | consensus_recall 0.0000 | threshold 0.525
Epoch 8/30 | train_loss 1.1655 | union_precision 0.8333 | weighted_recall 0.1166 | consensus_recall 0.0000 | threshold 0.525
Epoch 9/30 | train_loss 1.1541 | union_precision 0.8000 | weighted_recall 0.1043 | consensus_recall 0.0000 | threshold 0.550
Epoch 10/30 | train_loss 1.1320 | union_precision 0.8000 | weighted_recall 0.1043 | consensus_recall 0.0000 | threshold 0.575
Epoch 11/30 | train_loss 1.1114 | union_precision 0.8000 | weighted_recall 0.1288 | consensus_recall 0.0000 | threshold 0.575
Epoch 12/30 | train_loss 1.0931 | union_precision 0.8000 | weighted_recall 0.1227 | consensus_recall 0.0000 | threshold 0.575
Epoch 13/30 | train_loss 1.0669 | union_precision 0.8000 | weighted_recall 0.1043 | consensus_recall 0.0000 | threshold 0.600
Early stopping at epoch 13
Held-out M07-1 | union_precision=0.8333 | weighted_recall=0.1166 | consensus_recall=0.0000
  oracle_stage_macro_f1=0.2315 | end_to_end_stage_macro_f1=0.0635
  end_to_end_stage_class_f1=low:0.0000,mid:0.1905,high:0.0000
Epoch 1/30 | train_loss 1.5481 | union_precision 0.6667 | weighted_recall 0.0223 | consensus_recall 0.5000 | threshold 0.600
Epoch 2/30 | train_loss 1.4334 | union_precision 0.6667 | weighted_recall 0.0559 | consensus_recall 1.0000 | threshold 0.575
Epoch 3/30 | train_loss 1.3378 | union_precision 0.7000 | weighted_recall 0.0950 | consensus_recall 1.0000 | threshold 0.600
Epoch 4/30 | train_loss 1.2859 | union_precision 0.7500 | weighted_recall 0.0894 | consensus_recall 1.0000 | threshold 0.625
Epoch 5/30 | train_loss 1.2612 | union_precision 0.6667 | weighted_recall 0.0391 | consensus_recall 1.0000 | threshold 0.650
Epoch 6/30 | train_loss 1.2152 | union_precision 0.7778 | weighted_recall 0.1173 | consensus_recall 1.0000 | threshold 0.650
Epoch 7/30 | train_loss 1.2007 | union_precision 1.0000 | weighted_recall 0.0112 | consensus_recall 0.5000 | threshold 0.725
Epoch 8/30 | train_loss 1.1686 | union_precision 0.8000 | weighted_recall 0.0391 | consensus_recall 1.0000 | threshold 0.725
Epoch 9/30 | train_loss 1.1532 | union_precision 0.8571 | weighted_recall 0.0894 | consensus_recall 1.0000 | threshold 0.725
Epoch 10/30 | train_loss 1.1351 | union_precision 0.8750 | weighted_recall 0.1173 | consensus_recall 1.0000 | threshold 0.725
Epoch 11/30 | train_loss 1.1159 | union_precision 1.0000 | weighted_recall 0.0894 | consensus_recall 1.0000 | threshold 0.750
Epoch 12/30 | train_loss 1.0957 | union_precision 1.0000 | weighted_recall 0.0950 | consensus_recall 1.0000 | threshold 0.750
Epoch 13/30 | train_loss 1.0707 | union_precision 1.0000 | weighted_recall 0.0391 | consensus_recall 0.0000 | threshold 0.775
Epoch 14/30 | train_loss 1.0523 | union_precision 1.0000 | weighted_recall 0.0503 | consensus_recall 0.0000 | threshold 0.775
Epoch 15/30 | train_loss 1.0400 | union_precision 1.0000 | weighted_recall 0.0503 | consensus_recall 0.0000 | threshold 0.775
Early stopping at epoch 15
Held-out M07-2 | union_precision=0.8750 | weighted_recall=0.1173 | consensus_recall=1.0000
  oracle_stage_macro_f1=0.4237 | end_to_end_stage_macro_f1=0.0000
  end_to_end_stage_class_f1=low:0.0000,mid:0.0000,high:0.0000
Epoch 1/30 | train_loss 1.5416 | union_precision 0.4444 | weighted_recall 0.0387 | consensus_recall 0.0000 | threshold 0.550
Epoch 2/30 | train_loss 1.4310 | union_precision 0.4444 | weighted_recall 0.0774 | consensus_recall 0.0000 | threshold 0.575
Epoch 3/30 | train_loss 1.3312 | union_precision 0.4444 | weighted_recall 0.0774 | consensus_recall 0.0000 | threshold 0.600
Epoch 4/30 | train_loss 1.2777 | union_precision 0.4444 | weighted_recall 0.0387 | consensus_recall 0.0000 | threshold 0.600
Epoch 5/30 | train_loss 1.2557 | union_precision 0.5000 | weighted_recall 0.0710 | consensus_recall 0.0000 | threshold 0.600
Epoch 6/30 | train_loss 1.2081 | union_precision 0.5000 | weighted_recall 0.0194 | consensus_recall 0.0000 | threshold 0.675
Epoch 7/30 | train_loss 1.1914 | union_precision 0.5000 | weighted_recall 0.0710 | consensus_recall 0.0000 | threshold 0.625
Epoch 8/30 | train_loss 1.1602 | union_precision 0.4167 | weighted_recall 0.0710 | consensus_recall 0.0000 | threshold 0.600
Epoch 9/30 | train_loss 1.1464 | union_precision 0.5000 | weighted_recall 0.0516 | consensus_recall 0.0000 | threshold 0.675
Epoch 10/30 | train_loss 1.1282 | union_precision 0.4444 | weighted_recall 0.1032 | consensus_recall 0.0000 | threshold 0.675
Early stopping at epoch 10
Held-out M07-3 | union_precision=0.5000 | weighted_recall=0.0710 | consensus_recall=0.0000
  oracle_stage_macro_f1=0.3548 | end_to_end_stage_macro_f1=0.1119
  end_to_end_stage_class_f1=low:0.0000,mid:0.1538,high:0.1818
Epoch 1/30 | train_loss 1.5418 | union_precision 1.0000 | weighted_recall 0.1477 | consensus_recall 1.0000 | threshold 0.575
Epoch 2/30 | train_loss 1.4294 | union_precision 1.0000 | weighted_recall 0.1477 | consensus_recall 1.0000 | threshold 0.575
Epoch 3/30 | train_loss 1.3317 | union_precision 1.0000 | weighted_recall 0.1477 | consensus_recall 1.0000 | threshold 0.575
Epoch 4/30 | train_loss 1.2759 | union_precision 1.0000 | weighted_recall 0.1477 | consensus_recall 1.0000 | threshold 0.575
Epoch 5/30 | train_loss 1.2543 | union_precision 1.0000 | weighted_recall 0.1477 | consensus_recall 1.0000 | threshold 0.575
Epoch 6/30 | train_loss 1.2160 | union_precision 1.0000 | weighted_recall 0.1477 | consensus_recall 1.0000 | threshold 0.575
Early stopping at epoch 6
Held-out M17-1 | union_precision=1.0000 | weighted_recall=0.1477 | consensus_recall=1.0000
  oracle_stage_macro_f1=0.4349 | end_to_end_stage_macro_f1=0.0370
  end_to_end_stage_class_f1=low:0.0000,mid:0.0000,high:0.1111
Epoch 1/30 | train_loss 1.5402 | union_precision 0.5000 | weighted_recall 0.3977 | consensus_recall 0.0000 | threshold 0.550
Epoch 2/30 | train_loss 1.4257 | union_precision 0.5000 | weighted_recall 0.1250 | consensus_recall 0.0000 | threshold 0.575
Epoch 3/30 | train_loss 1.3306 | union_precision 0.5000 | weighted_recall 0.1250 | consensus_recall 0.0000 | threshold 0.575
Epoch 4/30 | train_loss 1.2749 | union_precision 0.7500 | weighted_recall 0.1932 | consensus_recall 0.0000 | threshold 0.575
Epoch 5/30 | train_loss 1.2530 | union_precision 1.0000 | weighted_recall 0.1250 | consensus_recall 0.0000 | threshold 0.650
Epoch 6/30 | train_loss 1.2149 | union_precision 1.0000 | weighted_recall 0.1250 | consensus_recall 0.0000 | threshold 0.650
Epoch 7/30 | train_loss 1.1919 | union_precision 0.5000 | weighted_recall 0.1250 | consensus_recall 0.0000 | threshold 0.650
Epoch 8/30 | train_loss 1.1617 | union_precision 0.4286 | weighted_recall 0.1818 | consensus_recall 0.0000 | threshold 0.575
Epoch 9/30 | train_loss 1.1441 | union_precision 0.5000 | weighted_recall 0.0114 | consensus_recall 0.0000 | threshold 0.675
Epoch 10/30 | train_loss 1.1250 | union_precision 0.4286 | weighted_recall 0.1818 | consensus_recall 0.0000 | threshold 0.600
Early stopping at epoch 10
Held-out M17-2 | union_precision=1.0000 | weighted_recall=0.1250 | consensus_recall=0.0000
  oracle_stage_macro_f1=0.2607 | end_to_end_stage_macro_f1=0.0000
  end_to_end_stage_class_f1=low:0.0000,mid:0.0000,high:0.0000
Epoch 1/30 | train_loss 1.5444 | union_precision 1.0000 | weighted_recall 0.0469 | consensus_recall 0.0000 | threshold 0.625
Epoch 2/30 | train_loss 1.4250 | union_precision 1.0000 | weighted_recall 0.0469 | consensus_recall 0.0000 | threshold 0.625
Epoch 3/30 | train_loss 1.3267 | union_precision 1.0000 | weighted_recall 0.0469 | consensus_recall 0.0000 | threshold 0.625
Epoch 4/30 | train_loss 1.2727 | union_precision 0.3235 | weighted_recall 0.2817 | consensus_recall 0.0000 | threshold 0.525
Epoch 5/30 | train_loss 1.2535 | union_precision 0.5000 | weighted_recall 0.0469 | consensus_recall 0.0000 | threshold 0.650
Epoch 6/30 | train_loss 1.2139 | union_precision 0.5000 | weighted_recall 0.0469 | consensus_recall 0.0000 | threshold 0.650
Early stopping at epoch 6
Held-out M17-3 | union_precision=1.0000 | weighted_recall=0.0469 | consensus_recall=0.0000
  oracle_stage_macro_f1=0.4568 | end_to_end_stage_macro_f1=0.0000
  end_to_end_stage_class_f1=low:0.0000,mid:0.0000,high:0.0000
Epoch 1/30 | train_loss 1.5443 | union_precision 1.0000 | weighted_recall 0.0032 | consensus_recall 0.0000 | threshold 0.600
Epoch 2/30 | train_loss 1.4194 | union_precision 1.0000 | weighted_recall 0.0032 | consensus_recall 0.0000 | threshold 0.600
Epoch 3/30 | train_loss 1.3247 | union_precision 1.0000 | weighted_recall 0.0032 | consensus_recall 0.0000 | threshold 0.625
Epoch 4/30 | train_loss 1.2717 | union_precision 1.0000 | weighted_recall 0.0064 | consensus_recall 0.0000 | threshold 0.625
Epoch 5/30 | train_loss 1.2463 | union_precision 1.0000 | weighted_recall 0.0127 | consensus_recall 0.0000 | threshold 0.625
Epoch 6/30 | train_loss 1.2075 | union_precision 1.0000 | weighted_recall 0.0032 | consensus_recall 0.0000 | threshold 0.650
Epoch 7/30 | train_loss 1.1868 | union_precision 1.0000 | weighted_recall 0.0127 | consensus_recall 0.0000 | threshold 0.650
Epoch 8/30 | train_loss 1.1586 | union_precision 1.0000 | weighted_recall 0.0191 | consensus_recall 0.0000 | threshold 0.650
Epoch 9/30 | train_loss 1.1383 | union_precision 1.0000 | weighted_recall 0.0414 | consensus_recall 0.0000 | threshold 0.650
Epoch 10/30 | train_loss 1.1146 | union_precision 1.0000 | weighted_recall 0.0127 | consensus_recall 0.0000 | threshold 0.700
Epoch 11/30 | train_loss 1.1022 | union_precision 1.0000 | weighted_recall 0.0223 | consensus_recall 0.0000 | threshold 0.725
Epoch 12/30 | train_loss 1.0778 | union_precision 1.0000 | weighted_recall 0.0318 | consensus_recall 0.0000 | threshold 0.725
Epoch 13/30 | train_loss 1.0535 | union_precision 1.0000 | weighted_recall 0.0223 | consensus_recall 0.0000 | threshold 0.750
Epoch 14/30 | train_loss 1.0311 | union_precision 1.0000 | weighted_recall 0.0223 | consensus_recall 0.0000 | threshold 0.750
Early stopping at epoch 14
Held-out M17-4 | union_precision=1.0000 | weighted_recall=0.0414 | consensus_recall=0.0000
  oracle_stage_macro_f1=0.2351 | end_to_end_stage_macro_f1=0.0272
  end_to_end_stage_class_f1=low:0.0816,mid:0.0000,high:0.0000
Epoch 1/30 | train_loss 1.5437 | union_precision 0.3500 | weighted_recall 0.1875 | consensus_recall 0.0000 | threshold 0.525
Epoch 2/30 | train_loss 1.4216 | union_precision 0.4348 | weighted_recall 0.5250 | consensus_recall 0.0000 | threshold 0.525
Epoch 3/30 | train_loss 1.3299 | union_precision 0.3793 | weighted_recall 0.4125 | consensus_recall 0.0000 | threshold 0.500
Epoch 4/30 | train_loss 1.2740 | union_precision 0.3793 | weighted_recall 0.3250 | consensus_recall 0.0000 | threshold 0.500
Epoch 5/30 | train_loss 1.2521 | union_precision 0.4615 | weighted_recall 0.2625 | consensus_recall 0.0000 | threshold 0.575
Epoch 6/30 | train_loss 1.2122 | union_precision 0.4286 | weighted_recall 0.2625 | consensus_recall 0.0000 | threshold 0.575
Epoch 7/30 | train_loss 1.1907 | union_precision 0.6667 | weighted_recall 0.0375 | consensus_recall 0.0000 | threshold 0.625
Epoch 8/30 | train_loss 1.1638 | union_precision 0.5714 | weighted_recall 0.1000 | consensus_recall 0.0000 | threshold 0.625
Epoch 9/30 | train_loss 1.1412 | union_precision 0.6000 | weighted_recall 0.2625 | consensus_recall 0.0000 | threshold 0.625
Epoch 10/30 | train_loss 1.1203 | union_precision 0.5714 | weighted_recall 0.1000 | consensus_recall 0.0000 | threshold 0.650
Epoch 11/30 | train_loss 1.1048 | union_precision 0.6667 | weighted_recall 0.1000 | consensus_recall 0.0000 | threshold 0.675
Epoch 12/30 | train_loss 1.0815 | union_precision 0.7500 | weighted_recall 0.2625 | consensus_recall 0.0000 | threshold 0.675
Epoch 13/30 | train_loss 1.0616 | union_precision 0.7143 | weighted_recall 0.1875 | consensus_recall 0.0000 | threshold 0.700
Epoch 14/30 | train_loss 1.0356 | union_precision 0.6667 | weighted_recall 0.2625 | consensus_recall 0.0000 | threshold 0.675
Epoch 15/30 | train_loss 1.0310 | union_precision 0.6667 | weighted_recall 0.2625 | consensus_recall 0.0000 | threshold 0.675
Epoch 16/30 | train_loss 1.0070 | union_precision 0.6667 | weighted_recall 0.2625 | consensus_recall 0.0000 | threshold 0.700
Epoch 17/30 | train_loss 1.0039 | union_precision 0.7143 | weighted_recall 0.2125 | consensus_recall 0.0000 | threshold 0.775
Early stopping at epoch 17
Held-out M24-1 | union_precision=0.7500 | weighted_recall=0.2625 | consensus_recall=0.0000
  oracle_stage_macro_f1=0.2993 | end_to_end_stage_macro_f1=0.1026
  end_to_end_stage_class_f1=low:0.0000,mid:0.0000,high:0.3077
Epoch 1/30 | train_loss 1.5443 | union_precision 0.2162 | weighted_recall 0.2778 | consensus_recall 1.0000 | threshold 0.500
Epoch 2/30 | train_loss 1.4203 | union_precision 0.2619 | weighted_recall 0.3030 | consensus_recall 1.0000 | threshold 0.450
Epoch 3/30 | train_loss 1.3291 | union_precision 0.2683 | weighted_recall 0.0859 | consensus_recall 1.0000 | threshold 0.050
Epoch 4/30 | train_loss 1.2748 | union_precision 0.3000 | weighted_recall 0.1111 | consensus_recall 1.0000 | threshold 0.475
Epoch 5/30 | train_loss 1.2517 | union_precision 0.2750 | weighted_recall 0.1061 | consensus_recall 1.0000 | threshold 0.475
Epoch 6/30 | train_loss 1.2117 | union_precision 0.2683 | weighted_recall 0.1061 | consensus_recall 1.0000 | threshold 0.475
Epoch 7/30 | train_loss 1.1901 | union_precision 0.3000 | weighted_recall 0.1212 | consensus_recall 1.0000 | threshold 0.475
Epoch 8/30 | train_loss 1.1664 | union_precision 0.3095 | weighted_recall 0.1364 | consensus_recall 1.0000 | threshold 0.050
Epoch 9/30 | train_loss 1.1409 | union_precision 0.3333 | weighted_recall 0.1919 | consensus_recall 1.0000 | threshold 0.525
Epoch 10/30 | train_loss 1.1192 | union_precision 0.4545 | weighted_recall 0.1263 | consensus_recall 0.0000 | threshold 0.575
Epoch 11/30 | train_loss 1.1020 | union_precision 0.5455 | weighted_recall 0.1414 | consensus_recall 0.0000 | threshold 0.575
Epoch 12/30 | train_loss 1.0806 | union_precision 0.4286 | weighted_recall 0.1414 | consensus_recall 0.0000 | threshold 0.575
Epoch 13/30 | train_loss 1.0631 | union_precision 0.4286 | weighted_recall 0.0455 | consensus_recall 0.0000 | threshold 0.575
Epoch 14/30 | train_loss 1.0329 | union_precision 0.4167 | weighted_recall 0.0303 | consensus_recall 0.0000 | threshold 0.575
Epoch 15/30 | train_loss 1.0304 | union_precision 0.3571 | weighted_recall 0.0303 | consensus_recall 0.0000 | threshold 0.575
Epoch 16/30 | train_loss 1.0060 | union_precision 0.3333 | weighted_recall 0.0657 | consensus_recall 1.0000 | threshold 0.525
Early stopping at epoch 16
Held-out M24-2 | union_precision=0.5455 | weighted_recall=0.1414 | consensus_recall=0.0000
  oracle_stage_macro_f1=0.2479 | end_to_end_stage_macro_f1=0.0714
  end_to_end_stage_class_f1=low:0.2143,mid:0.0000,high:0.0000
Epoch 1/30 | train_loss 1.5442 | union_precision 0.6667 | weighted_recall 0.0288 | consensus_recall 0.0000 | threshold 0.575
Epoch 2/30 | train_loss 1.4210 | union_precision 1.0000 | weighted_recall 0.0192 | consensus_recall 0.0000 | threshold 0.650
Epoch 3/30 | train_loss 1.3296 | union_precision 1.0000 | weighted_recall 0.0192 | consensus_recall 0.0000 | threshold 0.675
Epoch 4/30 | train_loss 1.2797 | union_precision 1.0000 | weighted_recall 0.0192 | consensus_recall 0.0000 | threshold 0.700
Epoch 5/30 | train_loss 1.2534 | union_precision 1.0000 | weighted_recall 0.0192 | consensus_recall 0.0000 | threshold 0.700
Epoch 6/30 | train_loss 1.2130 | union_precision 0.8750 | weighted_recall 0.1154 | consensus_recall 0.0000 | threshold 0.575
Epoch 7/30 | train_loss 1.1922 | union_precision 1.0000 | weighted_recall 0.0577 | consensus_recall 0.0000 | threshold 0.675
Epoch 8/30 | train_loss 1.1677 | union_precision 0.8750 | weighted_recall 0.1154 | consensus_recall 0.0000 | threshold 0.600
Epoch 9/30 | train_loss 1.1464 | union_precision 1.0000 | weighted_recall 0.0192 | consensus_recall 0.0000 | threshold 0.700
Epoch 10/30 | train_loss 1.1224 | union_precision 0.8571 | weighted_recall 0.1058 | consensus_recall 0.0000 | threshold 0.625
Epoch 11/30 | train_loss 1.1069 | union_precision 1.0000 | weighted_recall 0.0192 | consensus_recall 0.0000 | threshold 0.700
Early stopping at epoch 11
Held-out M24-3 | union_precision=0.8750 | weighted_recall=0.1154 | consensus_recall=0.0000
  oracle_stage_macro_f1=0.3311 | end_to_end_stage_macro_f1=0.3056
  end_to_end_stage_class_f1=low:0.2500,mid:0.2667,high:0.4000
Epoch 1/30 | train_loss 1.5480 | union_precision 0.3333 | weighted_recall 0.1890 | consensus_recall 0.0000 | threshold 0.525
Epoch 2/30 | train_loss 1.4225 | union_precision 0.4035 | weighted_recall 0.2317 | consensus_recall 0.0000 | threshold 0.525
Epoch 3/30 | train_loss 1.3303 | union_precision 0.3793 | weighted_recall 0.1463 | consensus_recall 0.0000 | threshold 0.550
Epoch 4/30 | train_loss 1.2799 | union_precision 0.3846 | weighted_recall 0.1128 | consensus_recall 0.0000 | threshold 0.575
Epoch 5/30 | train_loss 1.2537 | union_precision 0.3750 | weighted_recall 0.1189 | consensus_recall 0.0000 | threshold 0.575
Epoch 6/30 | train_loss 1.2142 | union_precision 0.3846 | weighted_recall 0.1860 | consensus_recall 0.0000 | threshold 0.575
Epoch 7/30 | train_loss 1.1919 | union_precision 0.5000 | weighted_recall 0.1037 | consensus_recall 0.0000 | threshold 0.600
Epoch 8/30 | train_loss 1.1690 | union_precision 0.5385 | weighted_recall 0.1250 | consensus_recall 0.0000 | threshold 0.600
Epoch 9/30 | train_loss 1.1438 | union_precision 1.0000 | weighted_recall 0.0244 | consensus_recall 0.0000 | threshold 0.650
Epoch 10/30 | train_loss 1.1198 | union_precision 1.0000 | weighted_recall 0.0244 | consensus_recall 0.0000 | threshold 0.675
Epoch 11/30 | train_loss 1.1035 | union_precision 0.6000 | weighted_recall 0.0427 | consensus_recall 0.0000 | threshold 0.675
Epoch 12/30 | train_loss 1.0798 | union_precision 0.6667 | weighted_recall 0.0091 | consensus_recall 0.0000 | threshold 0.700
Epoch 13/30 | train_loss 1.0614 | union_precision 0.6667 | weighted_recall 0.0091 | consensus_recall 0.0000 | threshold 0.725
Epoch 14/30 | train_loss 1.0343 | union_precision 0.7500 | weighted_recall 0.0213 | consensus_recall 0.0000 | threshold 0.725
Early stopping at epoch 14
Held-out M24-4 | union_precision=1.0000 | weighted_recall=0.0244 | consensus_recall=0.0000
  oracle_stage_macro_f1=0.4716 | end_to_end_stage_macro_f1=0.0208
  end_to_end_stage_class_f1=low:0.0000,mid:0.0625,high:0.0000
Epoch 1/30 | train_loss 1.5388 | union_precision 0.6667 | weighted_recall 0.0746 | consensus_recall 0.0000 | threshold 0.550
Epoch 2/30 | train_loss 1.4202 | union_precision 0.6667 | weighted_recall 0.0746 | consensus_recall 0.0000 | threshold 0.550
Epoch 3/30 | train_loss 1.3287 | union_precision 0.6667 | weighted_recall 0.0746 | consensus_recall 0.0000 | threshold 0.575
Epoch 4/30 | train_loss 1.2811 | union_precision 0.5000 | weighted_recall 0.1194 | consensus_recall 0.0000 | threshold 0.550
Epoch 5/30 | train_loss 1.2576 | union_precision 0.5000 | weighted_recall 0.1194 | consensus_recall 0.0000 | threshold 0.575
Epoch 6/30 | train_loss 1.2175 | union_precision 0.5000 | weighted_recall 0.1194 | consensus_recall 0.0000 | threshold 0.575
Early stopping at epoch 6
Held-out M30-1 | union_precision=0.6667 | weighted_recall=0.0746 | consensus_recall=0.0000
  oracle_stage_macro_f1=0.3443 | end_to_end_stage_macro_f1=0.2444
  end_to_end_stage_class_f1=low:0.3333,mid:0.4000,high:0.0000
Epoch 1/30 | train_loss 1.5377 | union_precision 0.2692 | weighted_recall 0.4512 | consensus_recall 0.0000 | threshold 0.050
Epoch 2/30 | train_loss 1.4217 | union_precision 0.5000 | weighted_recall 0.1098 | consensus_recall 0.0000 | threshold 0.575
Epoch 3/30 | train_loss 1.3282 | union_precision 0.5000 | weighted_recall 0.1098 | consensus_recall 0.0000 | threshold 0.575
Epoch 4/30 | train_loss 1.2807 | union_precision 0.5000 | weighted_recall 0.1098 | consensus_recall 0.0000 | threshold 0.575
Epoch 5/30 | train_loss 1.2559 | union_precision 0.5000 | weighted_recall 0.1098 | consensus_recall 0.0000 | threshold 0.575
Epoch 6/30 | train_loss 1.2169 | union_precision 0.5000 | weighted_recall 0.1098 | consensus_recall 0.0000 | threshold 0.575
Epoch 7/30 | train_loss 1.1948 | union_precision 0.6667 | weighted_recall 0.2073 | consensus_recall 0.0000 | threshold 0.575
Epoch 8/30 | train_loss 1.1718 | union_precision 0.7500 | weighted_recall 0.3171 | consensus_recall 0.0000 | threshold 0.575
Epoch 9/30 | train_loss 1.1502 | union_precision 1.0000 | weighted_recall 0.1098 | consensus_recall 0.0000 | threshold 0.675
Epoch 10/30 | train_loss 1.1206 | union_precision 1.0000 | weighted_recall 0.2073 | consensus_recall 0.0000 | threshold 0.675
Epoch 11/30 | train_loss 1.1054 | union_precision 1.0000 | weighted_recall 0.2073 | consensus_recall 0.0000 | threshold 0.675
Epoch 12/30 | train_loss 1.0868 | union_precision 1.0000 | weighted_recall 0.2073 | consensus_recall 0.0000 | threshold 0.675
Epoch 13/30 | train_loss 1.0646 | union_precision 1.0000 | weighted_recall 0.3171 | consensus_recall 0.0000 | threshold 0.675
Epoch 14/30 | train_loss 1.0367 | union_precision 1.0000 | weighted_recall 0.3171 | consensus_recall 0.0000 | threshold 0.675
Epoch 15/30 | train_loss 1.0337 | union_precision 1.0000 | weighted_recall 0.3415 | consensus_recall 0.0000 | threshold 0.650
Epoch 16/30 | train_loss 1.0066 | union_precision 1.0000 | weighted_recall 0.3415 | consensus_recall 0.0000 | threshold 0.675
Epoch 17/30 | train_loss 1.0070 | union_precision 1.0000 | weighted_recall 0.3415 | consensus_recall 0.0000 | threshold 0.675
Epoch 18/30 | train_loss 0.9849 | union_precision 1.0000 | weighted_recall 0.3415 | consensus_recall 0.0000 | threshold 0.675
Epoch 19/30 | train_loss 0.9645 | union_precision 1.0000 | weighted_recall 0.3415 | consensus_recall 0.0000 | threshold 0.700
Epoch 20/30 | train_loss 0.9553 | union_precision 1.0000 | weighted_recall 0.3415 | consensus_recall 0.0000 | threshold 0.700
Early stopping at epoch 20
Held-out M30-2 | union_precision=1.0000 | weighted_recall=0.3415 | consensus_recall=0.0000
  oracle_stage_macro_f1=0.4242 | end_to_end_stage_macro_f1=0.1111
  end_to_end_stage_class_f1=low:0.0000,mid:0.3333,high:0.0000
Epoch 1/30 | train_loss 1.5389 | union_precision 0.5000 | weighted_recall 0.0327 | consensus_recall 0.0000 | threshold 0.575
Epoch 2/30 | train_loss 1.4204 | union_precision 0.4545 | weighted_recall 0.1869 | consensus_recall 0.0000 | threshold 0.500
Epoch 3/30 | train_loss 1.3293 | union_precision 0.5714 | weighted_recall 0.1869 | consensus_recall 0.0000 | threshold 0.550
Epoch 4/30 | train_loss 1.2784 | union_precision 0.5417 | weighted_recall 0.3598 | consensus_recall 0.0000 | threshold 0.525
Epoch 5/30 | train_loss 1.2535 | union_precision 0.5000 | weighted_recall 0.3785 | consensus_recall 0.0000 | threshold 0.500
Epoch 6/30 | train_loss 1.2139 | union_precision 0.5000 | weighted_recall 0.4720 | consensus_recall 0.0000 | threshold 0.525
Epoch 7/30 | train_loss 1.1935 | union_precision 0.5312 | weighted_recall 0.4860 | consensus_recall 0.0000 | threshold 0.525
Epoch 8/30 | train_loss 1.1706 | union_precision 0.5000 | weighted_recall 0.4860 | consensus_recall 0.0000 | threshold 0.525
Early stopping at epoch 8
Held-out M30-3 | union_precision=0.5714 | weighted_recall=0.1869 | consensus_recall=0.0000
  oracle_stage_macro_f1=0.2133 | end_to_end_stage_macro_f1=0.0476
  end_to_end_stage_class_f1=low:0.0000,mid:0.0000,high:0.1429
Epoch 1/30 | train_loss 1.5432 | union_precision 1.0000 | weighted_recall 0.1686 | consensus_recall 1.0000 | threshold 0.825
Epoch 2/30 | train_loss 1.4219 | union_precision 1.0000 | weighted_recall 0.0115 | consensus_recall 0.0000 | threshold 0.800
Epoch 3/30 | train_loss 1.3287 | union_precision 0.5385 | weighted_recall 0.2529 | consensus_recall 1.0000 | threshold 0.550
Epoch 4/30 | train_loss 1.2847 | union_precision 0.5000 | weighted_recall 0.3333 | consensus_recall 1.0000 | threshold 0.550
Epoch 5/30 | train_loss 1.2608 | union_precision 0.4615 | weighted_recall 0.2989 | consensus_recall 1.0000 | threshold 0.575
Epoch 6/30 | train_loss 1.2190 | union_precision 0.5000 | weighted_recall 0.2490 | consensus_recall 1.0000 | threshold 0.775
Early stopping at epoch 6
Held-out M30-4 | union_precision=1.0000 | weighted_recall=0.1686 | consensus_recall=1.0000
  oracle_stage_macro_f1=0.3944 | end_to_end_stage_macro_f1=0.0000
  end_to_end_stage_class_f1=low:0.0000,mid:0.0000,high:0.0000
Epoch 1/30 | train_loss 1.5352 | union_precision 0.2222 | weighted_recall 0.3103 | consensus_recall 0.0000 | threshold 0.450
Epoch 2/30 | train_loss 1.4170 | union_precision 0.2500 | weighted_recall 0.3103 | consensus_recall 0.0000 | threshold 0.475
Epoch 3/30 | train_loss 1.3204 | union_precision 0.2500 | weighted_recall 0.3103 | consensus_recall 0.0000 | threshold 0.475
Epoch 4/30 | train_loss 1.2781 | union_precision 0.2308 | weighted_recall 0.2759 | consensus_recall 0.0000 | threshold 0.550
Epoch 5/30 | train_loss 1.2543 | union_precision 0.2143 | weighted_recall 0.2759 | consensus_recall 0.0000 | threshold 0.550
Epoch 6/30 | train_loss 1.2130 | union_precision 0.2500 | weighted_recall 0.2759 | consensus_recall 0.0000 | threshold 0.575
Epoch 7/30 | train_loss 1.1944 | union_precision 0.3077 | weighted_recall 0.3103 | consensus_recall 0.0000 | threshold 0.575
Epoch 8/30 | train_loss 1.1668 | union_precision 0.5000 | weighted_recall 0.0345 | consensus_recall 0.0000 | threshold 0.625
Epoch 9/30 | train_loss 1.1459 | union_precision 0.5000 | weighted_recall 0.0345 | consensus_recall 0.0000 | threshold 0.650
Epoch 10/30 | train_loss 1.1182 | union_precision 1.0000 | weighted_recall 0.0345 | consensus_recall 0.0000 | threshold 0.700
Epoch 11/30 | train_loss 1.0992 | union_precision 1.0000 | weighted_recall 0.0345 | consensus_recall 0.0000 | threshold 0.725
Epoch 12/30 | train_loss 1.0807 | union_precision 1.0000 | weighted_recall 0.0345 | consensus_recall 0.0000 | threshold 0.725
Epoch 13/30 | train_loss 1.0591 | union_precision 1.0000 | weighted_recall 0.0345 | consensus_recall 0.0000 | threshold 0.750
Epoch 14/30 | train_loss 1.0353 | union_precision 1.0000 | weighted_recall 0.0345 | consensus_recall 0.0000 | threshold 0.775
Epoch 15/30 | train_loss 1.0310 | union_precision 1.0000 | weighted_recall 0.0345 | consensus_recall 0.0000 | threshold 0.775
Early stopping at epoch 15
Held-out M33-1 | union_precision=1.0000 | weighted_recall=0.0345 | consensus_recall=0.0000
  oracle_stage_macro_f1=0.3944 | end_to_end_stage_macro_f1=0.0000
  end_to_end_stage_class_f1=low:0.0000,mid:0.0000,high:0.0000
Epoch 1/30 | train_loss 1.5387 | union_precision 0.3913 | weighted_recall 0.0620 | consensus_recall 0.0000 | threshold 0.525
Epoch 2/30 | train_loss 1.4162 | union_precision 0.6667 | weighted_recall 0.0331 | consensus_recall 0.0000 | threshold 0.550
Epoch 3/30 | train_loss 1.3194 | union_precision 0.7500 | weighted_recall 0.0207 | consensus_recall 0.0000 | threshold 0.575
Epoch 4/30 | train_loss 1.2792 | union_precision 0.8571 | weighted_recall 0.0372 | consensus_recall 0.0000 | threshold 0.575
Epoch 5/30 | train_loss 1.2538 | union_precision 0.8000 | weighted_recall 0.0248 | consensus_recall 0.0000 | threshold 0.600
Epoch 6/30 | train_loss 1.2133 | union_precision 0.8000 | weighted_recall 0.0248 | consensus_recall 0.0000 | threshold 0.600
Epoch 7/30 | train_loss 1.1929 | union_precision 0.8571 | weighted_recall 0.0372 | consensus_recall 0.0000 | threshold 0.600
Epoch 8/30 | train_loss 1.1668 | union_precision 0.7500 | weighted_recall 0.0372 | consensus_recall 0.0000 | threshold 0.600
Epoch 9/30 | train_loss 1.1460 | union_precision 0.6667 | weighted_recall 0.0207 | consensus_recall 0.0000 | threshold 0.625
Early stopping at epoch 9
Held-out M33-2 | union_precision=0.8571 | weighted_recall=0.0372 | consensus_recall=0.0000
  oracle_stage_macro_f1=0.4451 | end_to_end_stage_macro_f1=0.1111
  end_to_end_stage_class_f1=low:0.3333,mid:0.0000,high:0.0000
Epoch 1/30 | train_loss 1.5326 | union_precision 0.0952 | weighted_recall 0.3846 | consensus_recall 0.0000 | threshold 0.500
Epoch 2/30 | train_loss 1.4171 | union_precision 0.0952 | weighted_recall 0.3846 | consensus_recall 0.0000 | threshold 0.500
Epoch 3/30 | train_loss 1.3199 | union_precision 0.1176 | weighted_recall 0.3846 | consensus_recall 0.0000 | threshold 0.525
Epoch 4/30 | train_loss 1.2826 | union_precision 0.1667 | weighted_recall 0.3846 | consensus_recall 0.0000 | threshold 0.550
Epoch 5/30 | train_loss 1.2520 | union_precision 0.2000 | weighted_recall 0.5128 | consensus_recall 0.0000 | threshold 0.525
Epoch 6/30 | train_loss 1.2170 | union_precision 0.1739 | weighted_recall 0.5128 | consensus_recall 0.0000 | threshold 0.525
Epoch 7/30 | train_loss 1.1928 | union_precision 0.2105 | weighted_recall 0.5128 | consensus_recall 0.0000 | threshold 0.550
Epoch 8/30 | train_loss 1.1685 | union_precision 0.2105 | weighted_recall 0.5128 | consensus_recall 0.0000 | threshold 0.550
Epoch 9/30 | train_loss 1.1472 | union_precision 0.2222 | weighted_recall 0.5128 | consensus_recall 0.0000 | threshold 0.575
Epoch 10/30 | train_loss 1.1189 | union_precision 0.2500 | weighted_recall 0.2051 | consensus_recall 0.0000 | threshold 0.625
Epoch 11/30 | train_loss 1.0992 | union_precision 1.0000 | weighted_recall 0.2051 | consensus_recall 0.0000 | threshold 0.650
Epoch 12/30 | train_loss 1.0789 | union_precision 0.3077 | weighted_recall 0.5128 | consensus_recall 0.0000 | threshold 0.600
Epoch 13/30 | train_loss 1.0583 | union_precision 0.5000 | weighted_recall 0.2564 | consensus_recall 0.0000 | threshold 0.650
Epoch 14/30 | train_loss 1.0367 | union_precision 0.3333 | weighted_recall 0.5128 | consensus_recall 0.0000 | threshold 0.625
Epoch 15/30 | train_loss 1.0323 | union_precision 0.3846 | weighted_recall 0.5641 | consensus_recall 0.0000 | threshold 0.600
Epoch 16/30 | train_loss 1.0108 | union_precision 0.3846 | weighted_recall 0.5641 | consensus_recall 0.0000 | threshold 0.575
Early stopping at epoch 16
Held-out M33-3 | union_precision=1.0000 | weighted_recall=0.2051 | consensus_recall=0.0000
  oracle_stage_macro_f1=0.3611 | end_to_end_stage_macro_f1=0.0000
  end_to_end_stage_class_f1=low:0.0000,mid:0.0000,high:0.0000
Epoch 1/30 | train_loss 1.5343 | union_precision 1.0000 | weighted_recall 0.0203 | consensus_recall 0.0000 | threshold 0.550
Epoch 2/30 | train_loss 1.3907 | union_precision 1.0000 | weighted_recall 0.0304 | consensus_recall 0.0000 | threshold 0.550
Epoch 3/30 | train_loss 1.3373 | union_precision 0.8889 | weighted_recall 0.1542 | consensus_recall 1.0000 | threshold 0.550
Epoch 4/30 | train_loss 1.2835 | union_precision 0.8889 | weighted_recall 0.1136 | consensus_recall 1.0000 | threshold 0.575
Epoch 5/30 | train_loss 1.2404 | union_precision 0.9091 | weighted_recall 0.0345 | consensus_recall 0.0000 | threshold 0.600
Epoch 6/30 | train_loss 1.2107 | union_precision 0.8696 | weighted_recall 0.1582 | consensus_recall 1.0000 | threshold 0.575
Epoch 7/30 | train_loss 1.1852 | union_precision 0.8636 | weighted_recall 0.0913 | consensus_recall 0.0000 | threshold 0.600
Epoch 8/30 | train_loss 1.1505 | union_precision 0.8824 | weighted_recall 0.0791 | consensus_recall 0.0000 | threshold 0.625
Epoch 9/30 | train_loss 1.1353 | union_precision 0.8571 | weighted_recall 0.0710 | consensus_recall 0.0000 | threshold 0.650
Epoch 10/30 | train_loss 1.1160 | union_precision 0.9167 | weighted_recall 0.0690 | consensus_recall 0.0000 | threshold 0.675
Epoch 11/30 | train_loss 1.0907 | union_precision 0.9091 | weighted_recall 0.0669 | consensus_recall 0.0000 | threshold 0.700
Early stopping at epoch 11
Held-out M33-4 | union_precision=0.8696 | weighted_recall=0.1582 | consensus_recall=1.0000
  oracle_stage_macro_f1=0.4435 | end_to_end_stage_macro_f1=0.1180
  end_to_end_stage_class_f1=low:0.0732,mid:0.2807,high:0.0000
Epoch 1/30 | train_loss 1.5358 | union_precision 0.1176 | weighted_recall 0.0746 | consensus_recall 0.0000 | threshold 0.050
Epoch 2/30 | train_loss 1.4101 | union_precision 0.1429 | weighted_recall 0.1716 | consensus_recall 0.0000 | threshold 0.050
Epoch 3/30 | train_loss 1.3267 | union_precision 0.1455 | weighted_recall 0.1716 | consensus_recall 0.0000 | threshold 0.450
Epoch 4/30 | train_loss 1.2762 | union_precision 0.1481 | weighted_recall 0.1940 | consensus_recall 0.0000 | threshold 0.450
Epoch 5/30 | train_loss 1.2479 | union_precision 0.1562 | weighted_recall 0.1642 | consensus_recall 0.0000 | threshold 0.500
Epoch 6/30 | train_loss 1.2113 | union_precision 0.2069 | weighted_recall 0.1791 | consensus_recall 0.0000 | threshold 0.500
Epoch 7/30 | train_loss 1.1839 | union_precision 0.2609 | weighted_recall 0.1866 | consensus_recall 0.0000 | threshold 0.525
Epoch 8/30 | train_loss 1.1655 | union_precision 0.2500 | weighted_recall 0.1866 | consensus_recall 0.0000 | threshold 0.525
Epoch 9/30 | train_loss 1.1395 | union_precision 0.2800 | weighted_recall 0.2090 | consensus_recall 0.0000 | threshold 0.525
Epoch 10/30 | train_loss 1.1149 | union_precision 0.2500 | weighted_recall 0.2090 | consensus_recall 0.0000 | threshold 0.525
Epoch 11/30 | train_loss 1.0902 | union_precision 0.3125 | weighted_recall 0.1493 | consensus_recall 0.0000 | threshold 0.600
Epoch 12/30 | train_loss 1.0721 | union_precision 0.4000 | weighted_recall 0.0448 | consensus_recall 0.0000 | threshold 0.675
Epoch 13/30 | train_loss 1.0494 | union_precision 0.3846 | weighted_recall 0.1493 | consensus_recall 0.0000 | threshold 0.625
Epoch 14/30 | train_loss 1.0259 | union_precision 0.4167 | weighted_recall 0.1493 | consensus_recall 0.0000 | threshold 0.625
Epoch 15/30 | train_loss 1.0263 | union_precision 0.4167 | weighted_recall 0.0746 | consensus_recall 0.0000 | threshold 0.625
Epoch 16/30 | train_loss 1.0048 | union_precision 0.4444 | weighted_recall 0.0672 | consensus_recall 0.0000 | threshold 0.650
Epoch 17/30 | train_loss 0.9933 | union_precision 0.4118 | weighted_recall 0.1269 | consensus_recall 0.0000 | threshold 0.600
Epoch 18/30 | train_loss 0.9749 | union_precision 0.4444 | weighted_recall 0.0672 | consensus_recall 0.0000 | threshold 0.675
Epoch 19/30 | train_loss 0.9614 | union_precision 0.6667 | weighted_recall 0.0597 | consensus_recall 0.0000 | threshold 0.700
Epoch 20/30 | train_loss 0.9510 | union_precision 1.0000 | weighted_recall 0.0373 | consensus_recall 0.0000 | threshold 0.800
Epoch 21/30 | train_loss 0.9362 | union_precision 1.0000 | weighted_recall 0.0373 | consensus_recall 0.0000 | threshold 0.800
Epoch 22/30 | train_loss 0.9365 | union_precision 1.0000 | weighted_recall 0.0373 | consensus_recall 0.0000 | threshold 0.800
Epoch 23/30 | train_loss 0.9178 | union_precision 1.0000 | weighted_recall 0.0373 | consensus_recall 0.0000 | threshold 0.800
Epoch 24/30 | train_loss 0.9137 | union_precision 1.0000 | weighted_recall 0.0448 | consensus_recall 0.0000 | threshold 0.800
Epoch 25/30 | train_loss 0.9048 | union_precision 1.0000 | weighted_recall 0.0373 | consensus_recall 0.0000 | threshold 0.825
Epoch 26/30 | train_loss 0.8910 | union_precision 1.0000 | weighted_recall 0.0373 | consensus_recall 0.0000 | threshold 0.850
Epoch 27/30 | train_loss 0.8776 | union_precision 1.0000 | weighted_recall 0.0373 | consensus_recall 0.0000 | threshold 0.850
Epoch 28/30 | train_loss 0.8732 | union_precision 1.0000 | weighted_recall 0.0373 | consensus_recall 0.0000 | threshold 0.850
Epoch 29/30 | train_loss 0.8622 | union_precision 1.0000 | weighted_recall 0.0373 | consensus_recall 0.0000 | threshold 0.850
Early stopping at epoch 29
Held-out M41-1 | union_precision=1.0000 | weighted_recall=0.0448 | consensus_recall=0.0000
  oracle_stage_macro_f1=0.4516 | end_to_end_stage_macro_f1=0.0333
  end_to_end_stage_class_f1=low:0.1000,mid:0.0000,high:0.0000
Epoch 1/30 | train_loss 1.5350 | union_precision 0.3750 | weighted_recall 0.1481 | consensus_recall 0.0000 | threshold 0.475
Epoch 2/30 | train_loss 1.4124 | union_precision 0.3846 | weighted_recall 0.1296 | consensus_recall 0.0000 | threshold 0.475
Epoch 3/30 | train_loss 1.3282 | union_precision 0.3125 | weighted_recall 0.2037 | consensus_recall 0.0000 | threshold 0.475
Epoch 4/30 | train_loss 1.2799 | union_precision 0.3333 | weighted_recall 0.2037 | consensus_recall 0.0000 | threshold 0.500
Epoch 5/30 | train_loss 1.2523 | union_precision 0.3750 | weighted_recall 0.2222 | consensus_recall 0.0000 | threshold 0.500
Epoch 6/30 | train_loss 1.2152 | union_precision 0.4000 | weighted_recall 0.1852 | consensus_recall 0.0000 | threshold 0.550
Epoch 7/30 | train_loss 1.1879 | union_precision 0.4000 | weighted_recall 0.2222 | consensus_recall 0.0000 | threshold 0.525
Epoch 8/30 | train_loss 1.1661 | union_precision 0.4000 | weighted_recall 0.2222 | consensus_recall 0.0000 | threshold 0.525
Epoch 9/30 | train_loss 1.1466 | union_precision 0.3571 | weighted_recall 0.2037 | consensus_recall 0.0000 | threshold 0.550
Epoch 10/30 | train_loss 1.1185 | union_precision 0.4000 | weighted_recall 0.2222 | consensus_recall 0.0000 | threshold 0.550
Epoch 11/30 | train_loss 1.0978 | union_precision 0.3750 | weighted_recall 0.2222 | consensus_recall 0.0000 | threshold 0.550
Epoch 12/30 | train_loss 1.0760 | union_precision 0.3750 | weighted_recall 0.2222 | consensus_recall 0.0000 | threshold 0.550
Early stopping at epoch 12
Held-out M41-2 | union_precision=0.4000 | weighted_recall=0.2222 | consensus_recall=0.0000
  oracle_stage_macro_f1=0.4128 | end_to_end_stage_macro_f1=0.1111
  end_to_end_stage_class_f1=low:0.1111,mid:0.2222,high:0.0000
Epoch 1/30 | train_loss 1.5354 | union_precision 0.5455 | weighted_recall 0.1828 | consensus_recall 0.0000 | threshold 0.550
Epoch 2/30 | train_loss 1.4100 | union_precision 0.6667 | weighted_recall 0.2043 | consensus_recall 0.0000 | threshold 0.550
Epoch 3/30 | train_loss 1.3260 | union_precision 0.6667 | weighted_recall 0.2043 | consensus_recall 0.0000 | threshold 0.550
Epoch 4/30 | train_loss 1.2796 | union_precision 0.6667 | weighted_recall 0.2043 | consensus_recall 0.0000 | threshold 0.575
Epoch 5/30 | train_loss 1.2513 | union_precision 0.6429 | weighted_recall 0.2796 | consensus_recall 0.0000 | threshold 0.525
Epoch 6/30 | train_loss 1.2136 | union_precision 0.6667 | weighted_recall 0.2796 | consensus_recall 0.0000 | threshold 0.525
Epoch 7/30 | train_loss 1.1876 | union_precision 0.6667 | weighted_recall 0.2796 | consensus_recall 0.0000 | threshold 0.525
Epoch 8/30 | train_loss 1.1658 | union_precision 0.7143 | weighted_recall 0.1720 | consensus_recall 0.0000 | threshold 0.625
Epoch 9/30 | train_loss 1.1496 | union_precision 0.7500 | weighted_recall 0.2473 | consensus_recall 0.0000 | threshold 0.625
Epoch 10/30 | train_loss 1.1187 | union_precision 0.6667 | weighted_recall 0.3011 | consensus_recall 0.0000 | threshold 0.550
Epoch 11/30 | train_loss 1.0979 | union_precision 0.6000 | weighted_recall 0.2366 | consensus_recall 0.0000 | threshold 0.550
Epoch 12/30 | train_loss 1.0765 | union_precision 1.0000 | weighted_recall 0.1398 | consensus_recall 0.0000 | threshold 0.675
Epoch 13/30 | train_loss 1.0536 | union_precision 1.0000 | weighted_recall 0.0645 | consensus_recall 0.0000 | threshold 0.700
Epoch 14/30 | train_loss 1.0313 | union_precision 1.0000 | weighted_recall 0.1290 | consensus_recall 0.0000 | threshold 0.700
Epoch 15/30 | train_loss 1.0275 | union_precision 1.0000 | weighted_recall 0.1290 | consensus_recall 0.0000 | threshold 0.700
Epoch 16/30 | train_loss 1.0075 | union_precision 1.0000 | weighted_recall 0.1290 | consensus_recall 0.0000 | threshold 0.700
Epoch 17/30 | train_loss 0.9970 | union_precision 1.0000 | weighted_recall 0.1290 | consensus_recall 0.0000 | threshold 0.700
Early stopping at epoch 17
Held-out M41-3 | union_precision=1.0000 | weighted_recall=0.1398 | consensus_recall=0.0000
  oracle_stage_macro_f1=0.4784 | end_to_end_stage_macro_f1=0.1574
  end_to_end_stage_class_f1=low:0.2222,mid:0.2500,high:0.0000
Epoch 1/30 | train_loss 1.5378 | union_precision 0.5000 | weighted_recall 0.0149 | consensus_recall 0.0000 | threshold 0.575
Epoch 2/30 | train_loss 1.4118 | union_precision 0.4000 | weighted_recall 0.0299 | consensus_recall 0.0000 | threshold 0.575
Epoch 3/30 | train_loss 1.3275 | union_precision 1.0000 | weighted_recall 0.0149 | consensus_recall 0.0000 | threshold 0.625
Epoch 4/30 | train_loss 1.2830 | union_precision 1.0000 | weighted_recall 0.0149 | consensus_recall 0.0000 | threshold 0.625
Epoch 5/30 | train_loss 1.2514 | union_precision 1.0000 | weighted_recall 0.0149 | consensus_recall 0.0000 | threshold 0.650
Epoch 6/30 | train_loss 1.2153 | union_precision 0.8750 | weighted_recall 0.1791 | consensus_recall 0.0000 | threshold 0.625
Epoch 7/30 | train_loss 1.1908 | union_precision 1.0000 | weighted_recall 0.0448 | consensus_recall 0.0000 | threshold 0.650
Epoch 8/30 | train_loss 1.1683 | union_precision 1.0000 | weighted_recall 0.0149 | consensus_recall 0.0000 | threshold 0.675
Epoch 9/30 | train_loss 1.1479 | union_precision 1.0000 | weighted_recall 0.0299 | consensus_recall 0.0000 | threshold 0.675
Epoch 10/30 | train_loss 1.1203 | union_precision 0.6667 | weighted_recall 0.0448 | consensus_recall 0.0000 | threshold 0.675
Epoch 11/30 | train_loss 1.1020 | union_precision 0.5000 | weighted_recall 0.0149 | consensus_recall 0.0000 | threshold 0.700
Early stopping at epoch 11
Held-out M41-4 | union_precision=0.8750 | weighted_recall=0.1791 | consensus_recall=0.0000
  oracle_stage_macro_f1=0.2618 | end_to_end_stage_macro_f1=0.1159
  end_to_end_stage_class_f1=low:0.0000,mid:0.3478,high:0.0000
Epoch 1/30 | train_loss 1.5333 | union_precision 0.2632 | weighted_recall 0.1558 | consensus_recall 0.0000 | threshold 0.475
Epoch 2/30 | train_loss 1.4072 | union_precision 0.2812 | weighted_recall 0.1948 | consensus_recall 0.0000 | threshold 0.525
Epoch 3/30 | train_loss 1.3253 | union_precision 0.2683 | weighted_recall 0.2078 | consensus_recall 0.0000 | threshold 0.500
Epoch 4/30 | train_loss 1.2809 | union_precision 0.2750 | weighted_recall 0.2078 | consensus_recall 0.0000 | threshold 0.525
Epoch 5/30 | train_loss 1.2490 | union_precision 0.2778 | weighted_recall 0.2013 | consensus_recall 0.0000 | threshold 0.550
Epoch 6/30 | train_loss 1.2125 | union_precision 0.2857 | weighted_recall 0.2208 | consensus_recall 0.0000 | threshold 0.625
Epoch 7/30 | train_loss 1.1850 | union_precision 0.2857 | weighted_recall 0.2208 | consensus_recall 0.0000 | threshold 0.625
Epoch 8/30 | train_loss 1.1678 | union_precision 0.2857 | weighted_recall 0.3506 | consensus_recall 0.0000 | threshold 0.050
Epoch 9/30 | train_loss 1.1484 | union_precision 0.2941 | weighted_recall 0.2857 | consensus_recall 0.0000 | threshold 0.650
Epoch 10/30 | train_loss 1.1153 | union_precision 0.4444 | weighted_recall 0.1688 | consensus_recall 0.0000 | threshold 0.700
Epoch 11/30 | train_loss 1.0990 | union_precision 0.5556 | weighted_recall 0.1818 | consensus_recall 0.0000 | threshold 0.725
Epoch 12/30 | train_loss 1.0752 | union_precision 0.5714 | weighted_recall 0.0714 | consensus_recall 0.0000 | threshold 0.750
Epoch 13/30 | train_loss 1.0558 | union_precision 1.0000 | weighted_recall 0.0065 | consensus_recall 0.0000 | threshold 0.800
Epoch 14/30 | train_loss 1.0272 | union_precision 0.6667 | weighted_recall 0.0714 | consensus_recall 0.0000 | threshold 0.775
Epoch 15/30 | train_loss 1.0253 | union_precision 1.0000 | weighted_recall 0.0065 | consensus_recall 0.0000 | threshold 0.825
Epoch 16/30 | train_loss 1.0042 | union_precision 0.8000 | weighted_recall 0.0714 | consensus_recall 0.0000 | threshold 0.800
Epoch 17/30 | train_loss 0.9949 | union_precision 1.0000 | weighted_recall 0.0065 | consensus_recall 0.0000 | threshold 0.850
Epoch 18/30 | train_loss 0.9782 | union_precision 1.0000 | weighted_recall 0.0065 | consensus_recall 0.0000 | threshold 0.850
Early stopping at epoch 18
Held-out M50-1 | union_precision=1.0000 | weighted_recall=0.0065 | consensus_recall=0.0000
  oracle_stage_macro_f1=0.4371 | end_to_end_stage_macro_f1=0.0370
  end_to_end_stage_class_f1=low:0.0000,mid:0.1111,high:0.0000
Epoch 1/30 | train_loss 1.5351 | union_precision 0.2917 | weighted_recall 0.1205 | consensus_recall 0.0000 | threshold 0.525
Epoch 2/30 | train_loss 1.4093 | union_precision 0.2333 | weighted_recall 0.1325 | consensus_recall 0.0000 | threshold 0.475
Epoch 3/30 | train_loss 1.3242 | union_precision 0.2308 | weighted_recall 0.1446 | consensus_recall 0.0000 | threshold 0.450
Epoch 4/30 | train_loss 1.2836 | union_precision 0.2778 | weighted_recall 0.1024 | consensus_recall 0.0000 | threshold 0.525
Epoch 5/30 | train_loss 1.2483 | union_precision 0.3750 | weighted_recall 0.0482 | consensus_recall 0.0000 | threshold 0.575
Epoch 6/30 | train_loss 1.2143 | union_precision 0.3333 | weighted_recall 0.0482 | consensus_recall 0.0000 | threshold 0.575
Epoch 7/30 | train_loss 1.1877 | union_precision 0.3333 | weighted_recall 0.0181 | consensus_recall 0.0000 | threshold 0.600
Epoch 8/30 | train_loss 1.1700 | union_precision 0.3571 | weighted_recall 0.0663 | consensus_recall 0.0000 | threshold 0.575
Epoch 9/30 | train_loss 1.1505 | union_precision 0.5000 | weighted_recall 0.0181 | consensus_recall 0.0000 | threshold 0.650
Epoch 10/30 | train_loss 1.1198 | union_precision 0.5000 | weighted_recall 0.0422 | consensus_recall 0.0000 | threshold 0.600
Epoch 11/30 | train_loss 1.0992 | union_precision 0.5000 | weighted_recall 0.0181 | consensus_recall 0.0000 | threshold 0.650
Epoch 12/30 | train_loss 1.0742 | union_precision 0.6000 | weighted_recall 0.0361 | consensus_recall 0.0000 | threshold 0.625
Epoch 13/30 | train_loss 1.0566 | union_precision 0.5000 | weighted_recall 0.0361 | consensus_recall 0.0000 | threshold 0.625
Epoch 14/30 | train_loss 1.0304 | union_precision 0.5714 | weighted_recall 0.0422 | consensus_recall 0.0000 | threshold 0.625
Epoch 15/30 | train_loss 1.0277 | union_precision 0.5000 | weighted_recall 0.0181 | consensus_recall 0.0000 | threshold 0.650
Epoch 16/30 | train_loss 1.0065 | union_precision 0.6667 | weighted_recall 0.0301 | consensus_recall 0.0000 | threshold 0.650
Epoch 17/30 | train_loss 0.9955 | union_precision 0.6667 | weighted_recall 0.0301 | consensus_recall 0.0000 | threshold 0.675
Epoch 18/30 | train_loss 0.9783 | union_precision 0.6667 | weighted_recall 0.0301 | consensus_recall 0.0000 | threshold 0.700
Epoch 19/30 | train_loss 0.9680 | union_precision 0.6667 | weighted_recall 0.0301 | consensus_recall 0.0000 | threshold 0.725
Epoch 20/30 | train_loss 0.9557 | union_precision 0.6667 | weighted_recall 0.0301 | consensus_recall 0.0000 | threshold 0.750
Epoch 21/30 | train_loss 0.9451 | union_precision 0.6667 | weighted_recall 0.0301 | consensus_recall 0.0000 | threshold 0.775
Early stopping at epoch 21
Held-out M50-2 | union_precision=0.6667 | weighted_recall=0.0301 | consensus_recall=0.0000
  oracle_stage_macro_f1=0.4261 | end_to_end_stage_macro_f1=0.0906
  end_to_end_stage_class_f1=low:0.1667,mid:0.1053,high:0.0000
Epoch 1/30 | train_loss 1.5445 | union_precision 0.8000 | weighted_recall 0.0350 | consensus_recall 0.0000 | threshold 0.575
Epoch 2/30 | train_loss 1.4193 | union_precision 0.8000 | weighted_recall 0.0350 | consensus_recall 0.0000 | threshold 0.575
Epoch 3/30 | train_loss 1.3351 | union_precision 0.8889 | weighted_recall 0.0626 | consensus_recall 0.0000 | threshold 0.575
Epoch 4/30 | train_loss 1.2889 | union_precision 0.8750 | weighted_recall 0.0608 | consensus_recall 0.0000 | threshold 0.600
Epoch 5/30 | train_loss 1.2516 | union_precision 0.8333 | weighted_recall 0.0479 | consensus_recall 0.0000 | threshold 0.625
Epoch 6/30 | train_loss 1.2190 | union_precision 0.8000 | weighted_recall 0.0902 | consensus_recall 0.0000 | threshold 0.650
Epoch 7/30 | train_loss 1.1921 | union_precision 0.8333 | weighted_recall 0.0958 | consensus_recall 0.0000 | threshold 0.650
Epoch 8/30 | train_loss 1.1704 | union_precision 0.7500 | weighted_recall 0.0792 | consensus_recall 0.0000 | threshold 0.675
Early stopping at epoch 8
Held-out M50-3 | union_precision=0.8889 | weighted_recall=0.0626 | consensus_recall=0.0000
  oracle_stage_macro_f1=0.3641 | end_to_end_stage_macro_f1=0.0735
  end_to_end_stage_class_f1=low:0.0000,mid:0.1538,high:0.0667
Epoch 1/30 | train_loss 1.5322 | union_precision 0.3333 | weighted_recall 0.0581 | consensus_recall 0.0000 | threshold 0.525
Epoch 2/30 | train_loss 1.4074 | union_precision 0.5000 | weighted_recall 0.0581 | consensus_recall 0.0000 | threshold 0.575
Epoch 3/30 | train_loss 1.3296 | union_precision 0.5000 | weighted_recall 0.0664 | consensus_recall 0.0000 | threshold 0.525
Epoch 4/30 | train_loss 1.2827 | union_precision 0.5333 | weighted_recall 0.2033 | consensus_recall 1.0000 | threshold 0.525
Epoch 5/30 | train_loss 1.2446 | union_precision 0.5263 | weighted_recall 0.2116 | consensus_recall 1.0000 | threshold 0.525
Epoch 6/30 | train_loss 1.2116 | union_precision 0.6364 | weighted_recall 0.1992 | consensus_recall 1.0000 | threshold 0.550
Epoch 7/30 | train_loss 1.1800 | union_precision 0.5714 | weighted_recall 0.2033 | consensus_recall 1.0000 | threshold 0.550
Epoch 8/30 | train_loss 1.1614 | union_precision 0.5000 | weighted_recall 0.2656 | consensus_recall 1.0000 | threshold 0.550
Epoch 9/30 | train_loss 1.1461 | union_precision 0.5455 | weighted_recall 0.3071 | consensus_recall 1.0000 | threshold 0.550
Epoch 10/30 | train_loss 1.1162 | union_precision 0.5217 | weighted_recall 0.3071 | consensus_recall 1.0000 | threshold 0.550
Epoch 11/30 | train_loss 1.0904 | union_precision 0.5185 | weighted_recall 0.2199 | consensus_recall 1.0000 | threshold 0.550
Early stopping at epoch 11
Held-out M56-1 | union_precision=0.6364 | weighted_recall=0.1992 | consensus_recall=1.0000
  oracle_stage_macro_f1=0.4497 | end_to_end_stage_macro_f1=0.0351
  end_to_end_stage_class_f1=low:0.1053,mid:0.0000,high:0.0000
Epoch 1/30 | train_loss 1.5258 | union_precision 0.2121 | weighted_recall 0.0803 | consensus_recall 0.0000 | threshold 0.050
Epoch 2/30 | train_loss 1.4090 | union_precision 0.3125 | weighted_recall 0.2117 | consensus_recall 0.0000 | threshold 0.050
Epoch 3/30 | train_loss 1.3280 | union_precision 0.3030 | weighted_recall 0.2117 | consensus_recall 0.0000 | threshold 0.050
Epoch 4/30 | train_loss 1.2823 | union_precision 0.2941 | weighted_recall 0.2117 | consensus_recall 0.0000 | threshold 0.050
Epoch 5/30 | train_loss 1.2458 | union_precision 0.2941 | weighted_recall 0.2117 | consensus_recall 0.0000 | threshold 0.475
Epoch 6/30 | train_loss 1.2151 | union_precision 0.3030 | weighted_recall 0.2117 | consensus_recall 0.0000 | threshold 0.475
Epoch 7/30 | train_loss 1.1800 | union_precision 0.3030 | weighted_recall 0.1971 | consensus_recall 0.0000 | threshold 0.475
Early stopping at epoch 7
Held-out M56-2 | union_precision=0.3125 | weighted_recall=0.2117 | consensus_recall=0.0000
  oracle_stage_macro_f1=0.3146 | end_to_end_stage_macro_f1=0.0444
  end_to_end_stage_class_f1=low:0.1333,mid:0.0000,high:0.0000
Epoch 1/30 | train_loss 1.5292 | union_precision 0.8667 | weighted_recall 0.0723 | consensus_recall 0.0000 | threshold 0.550
Epoch 2/30 | train_loss 1.4113 | union_precision 0.8571 | weighted_recall 0.0648 | consensus_recall 0.0000 | threshold 0.575
Epoch 3/30 | train_loss 1.3388 | union_precision 0.8824 | weighted_recall 0.0823 | consensus_recall 0.0000 | threshold 0.575
Epoch 4/30 | train_loss 1.2864 | union_precision 0.8750 | weighted_recall 0.0798 | consensus_recall 0.0000 | threshold 0.600
Epoch 5/30 | train_loss 1.2508 | union_precision 0.8571 | weighted_recall 0.0773 | consensus_recall 0.0000 | threshold 0.625
Epoch 6/30 | train_loss 1.2189 | union_precision 0.8750 | weighted_recall 0.1496 | consensus_recall 0.0000 | threshold 0.625
Epoch 7/30 | train_loss 1.1800 | union_precision 0.8750 | weighted_recall 0.0524 | consensus_recall 0.0000 | threshold 0.675
Epoch 8/30 | train_loss 1.1684 | union_precision 0.8571 | weighted_recall 0.1596 | consensus_recall 0.0000 | threshold 0.650
Early stopping at epoch 8
Held-out M56-3 | union_precision=0.8824 | weighted_recall=0.0823 | consensus_recall=0.0000
  oracle_stage_macro_f1=0.2771 | end_to_end_stage_macro_f1=0.0278
  end_to_end_stage_class_f1=low:0.0833,mid:0.0000,high:0.0000
Epoch 1/30 | train_loss 1.5218 | union_precision 0.4545 | weighted_recall 0.0879 | consensus_recall 0.0000 | threshold 0.525
Epoch 2/30 | train_loss 1.4057 | union_precision 0.5000 | weighted_recall 0.0165 | consensus_recall 0.0000 | threshold 0.625
Epoch 3/30 | train_loss 1.3306 | union_precision 0.3404 | weighted_recall 0.2637 | consensus_recall 0.0000 | threshold 0.475
Epoch 4/30 | train_loss 1.2826 | union_precision 0.3478 | weighted_recall 0.3297 | consensus_recall 0.0000 | threshold 0.475
Epoch 5/30 | train_loss 1.2479 | union_precision 0.3571 | weighted_recall 0.1593 | consensus_recall 0.0000 | threshold 0.550
Epoch 6/30 | train_loss 1.2152 | union_precision 0.3778 | weighted_recall 0.3297 | consensus_recall 0.0000 | threshold 0.475
Epoch 7/30 | train_loss 1.1759 | union_precision 0.3750 | weighted_recall 0.0934 | consensus_recall 0.0000 | threshold 0.575
Early stopping at epoch 7
Held-out M59-1 | union_precision=0.5000 | weighted_recall=0.0165 | consensus_recall=0.0000
  oracle_stage_macro_f1=0.2695 | end_to_end_stage_macro_f1=0.0000
  end_to_end_stage_class_f1=low:0.0000,mid:0.0000,high:0.0000
Epoch 1/30 | train_loss 1.5198 | union_precision 0.6667 | weighted_recall 0.0614 | consensus_recall 0.0000 | threshold 0.550
Epoch 2/30 | train_loss 1.4054 | union_precision 0.5000 | weighted_recall 0.0088 | consensus_recall 0.0000 | threshold 0.575
Epoch 3/30 | train_loss 1.3293 | union_precision 0.5161 | weighted_recall 0.3509 | consensus_recall 0.0000 | threshold 0.500
Epoch 4/30 | train_loss 1.2825 | union_precision 0.5000 | weighted_recall 0.3509 | consensus_recall 0.0000 | threshold 0.500
Epoch 5/30 | train_loss 1.2478 | union_precision 0.5000 | weighted_recall 0.1447 | consensus_recall 0.0000 | threshold 0.525
Epoch 6/30 | train_loss 1.2099 | union_precision 0.6667 | weighted_recall 0.0132 | consensus_recall 0.0000 | threshold 0.625
Early stopping at epoch 6
Held-out M59-2 | union_precision=0.6667 | weighted_recall=0.0614 | consensus_recall=0.0000
  oracle_stage_macro_f1=0.4061 | end_to_end_stage_macro_f1=0.0303
  end_to_end_stage_class_f1=low:0.0000,mid:0.0909,high:0.0000
Epoch 1/30 | train_loss 1.5175 | union_precision 0.1875 | weighted_recall 0.1390 | consensus_recall 0.0000 | threshold 0.050
Epoch 2/30 | train_loss 1.4093 | union_precision 0.2222 | weighted_recall 0.2305 | consensus_recall 0.5000 | threshold 0.475
Epoch 3/30 | train_loss 1.3295 | union_precision 0.5000 | weighted_recall 0.0712 | consensus_recall 0.0000 | threshold 0.575
Epoch 4/30 | train_loss 1.2902 | union_precision 0.5000 | weighted_recall 0.1831 | consensus_recall 0.5000 | threshold 0.550
Epoch 5/30 | train_loss 1.2540 | union_precision 0.5455 | weighted_recall 0.1763 | consensus_recall 0.5000 | threshold 0.575
Epoch 6/30 | train_loss 1.2230 | union_precision 0.6667 | weighted_recall 0.1085 | consensus_recall 0.5000 | threshold 0.650
Epoch 7/30 | train_loss 1.1760 | union_precision 0.6667 | weighted_recall 0.1085 | consensus_recall 0.5000 | threshold 0.675
Epoch 8/30 | train_loss 1.1646 | union_precision 0.6667 | weighted_recall 0.1085 | consensus_recall 0.5000 | threshold 0.675
Epoch 9/30 | train_loss 1.1479 | union_precision 0.6667 | weighted_recall 0.1085 | consensus_recall 0.5000 | threshold 0.675
Epoch 10/30 | train_loss 1.1244 | union_precision 0.6667 | weighted_recall 0.1085 | consensus_recall 0.5000 | threshold 0.700
Epoch 11/30 | train_loss 1.0933 | union_precision 0.6667 | weighted_recall 0.1085 | consensus_recall 0.5000 | threshold 0.700
Early stopping at epoch 11
Held-out M59-3 | union_precision=0.6667 | weighted_recall=0.1085 | consensus_recall=0.5000
  oracle_stage_macro_f1=0.3288 | end_to_end_stage_macro_f1=0.0000
  end_to_end_stage_class_f1=low:0.0000,mid:0.0000,high:0.0000
Epoch 1/30 | train_loss 1.5248 | union_precision 0.7500 | weighted_recall 0.0500 | consensus_recall 0.0000 | threshold 0.575
Epoch 2/30 | train_loss 1.4051 | union_precision 0.6667 | weighted_recall 0.0417 | consensus_recall 0.0000 | threshold 0.600
Epoch 3/30 | train_loss 1.3226 | union_precision 0.6667 | weighted_recall 0.0417 | consensus_recall 0.0000 | threshold 0.625
Epoch 4/30 | train_loss 1.2806 | union_precision 0.6667 | weighted_recall 0.0417 | consensus_recall 0.0000 | threshold 0.650
Epoch 5/30 | train_loss 1.2474 | union_precision 0.5000 | weighted_recall 0.0083 | consensus_recall 0.0000 | threshold 0.675
Epoch 6/30 | train_loss 1.2116 | union_precision 0.3750 | weighted_recall 0.1833 | consensus_recall 0.0000 | threshold 0.475
Early stopping at epoch 6
Held-out M63-1 | union_precision=0.7500 | weighted_recall=0.0500 | consensus_recall=0.0000
  oracle_stage_macro_f1=0.3271 | end_to_end_stage_macro_f1=0.0606
  end_to_end_stage_class_f1=low:0.0000,mid:0.1818,high:0.0000
Epoch 1/30 | train_loss 1.5249 | union_precision 0.6667 | weighted_recall 0.0714 | consensus_recall 0.0000 | threshold 0.575
Epoch 2/30 | train_loss 1.4048 | union_precision 1.0000 | weighted_recall 0.0556 | consensus_recall 0.0000 | threshold 0.650
Epoch 3/30 | train_loss 1.3219 | union_precision 0.7500 | weighted_recall 0.0794 | consensus_recall 0.0000 | threshold 0.575
Epoch 4/30 | train_loss 1.2804 | union_precision 0.6667 | weighted_recall 0.0714 | consensus_recall 0.0000 | threshold 0.600
Epoch 5/30 | train_loss 1.2453 | union_precision 0.6250 | weighted_recall 0.1508 | consensus_recall 0.0000 | threshold 0.575
Epoch 6/30 | train_loss 1.2128 | union_precision 0.6000 | weighted_recall 0.1349 | consensus_recall 0.0000 | threshold 0.600
Epoch 7/30 | train_loss 1.1721 | union_precision 0.6000 | weighted_recall 0.1349 | consensus_recall 0.0000 | threshold 0.600
Early stopping at epoch 7
Held-out M63-3 | union_precision=1.0000 | weighted_recall=0.0556 | consensus_recall=0.0000
  oracle_stage_macro_f1=0.2721 | end_to_end_stage_macro_f1=0.0000
  end_to_end_stage_class_f1=low:0.0000,mid:0.0000,high:0.0000
Epoch 1/30 | train_loss 1.5223 | union_precision 0.8000 | weighted_recall 0.1746 | consensus_recall 0.0000 | threshold 0.550
Epoch 2/30 | train_loss 1.4063 | union_precision 0.8000 | weighted_recall 0.3333 | consensus_recall 0.0000 | threshold 0.550
Epoch 3/30 | train_loss 1.3250 | union_precision 0.8000 | weighted_recall 0.3333 | consensus_recall 0.0000 | threshold 0.575
Epoch 4/30 | train_loss 1.2820 | union_precision 0.8000 | weighted_recall 0.3333 | consensus_recall 0.0000 | threshold 0.600
Epoch 5/30 | train_loss 1.2489 | union_precision 0.8000 | weighted_recall 0.2540 | consensus_recall 0.0000 | threshold 0.600
Epoch 6/30 | train_loss 1.2159 | union_precision 0.8000 | weighted_recall 0.2540 | consensus_recall 0.0000 | threshold 0.600
Epoch 7/30 | train_loss 1.1740 | union_precision 0.6667 | weighted_recall 0.2540 | consensus_recall 0.0000 | threshold 0.600
Epoch 8/30 | train_loss 1.1592 | union_precision 0.8000 | weighted_recall 0.2540 | consensus_recall 0.0000 | threshold 0.625
Early stopping at epoch 8
Held-out M67-1 | union_precision=0.8000 | weighted_recall=0.3333 | consensus_recall=0.0000
  oracle_stage_macro_f1=0.5759 | end_to_end_stage_macro_f1=0.1667
  end_to_end_stage_class_f1=low:0.0000,mid:0.5000,high:0.0000
Epoch 1/30 | train_loss 1.5231 | union_precision 0.2800 | weighted_recall 0.2203 | consensus_recall 0.0000 | threshold 0.475
Epoch 2/30 | train_loss 1.4058 | union_precision 0.3636 | weighted_recall 0.1695 | consensus_recall 0.0000 | threshold 0.525
Epoch 3/30 | train_loss 1.3243 | union_precision 0.4286 | weighted_recall 0.0847 | consensus_recall 0.0000 | threshold 0.550
Epoch 4/30 | train_loss 1.2808 | union_precision 0.6667 | weighted_recall 0.0678 | consensus_recall 0.0000 | threshold 0.575
Epoch 5/30 | train_loss 1.2460 | union_precision 0.5000 | weighted_recall 0.0847 | consensus_recall 0.0000 | threshold 0.575
Epoch 6/30 | train_loss 1.2130 | union_precision 0.5000 | weighted_recall 0.0847 | consensus_recall 0.0000 | threshold 0.575
Epoch 7/30 | train_loss 1.1727 | union_precision 0.5714 | weighted_recall 0.1356 | consensus_recall 0.0000 | threshold 0.575
Epoch 8/30 | train_loss 1.1568 | union_precision 0.6000 | weighted_recall 0.1186 | consensus_recall 0.0000 | threshold 0.575
Epoch 9/30 | train_loss 1.1385 | union_precision 0.6000 | weighted_recall 0.1186 | consensus_recall 0.0000 | threshold 0.575
Early stopping at epoch 9
Held-out M67-2 | union_precision=0.6667 | weighted_recall=0.0678 | consensus_recall=0.0000
  oracle_stage_macro_f1=0.2055 | end_to_end_stage_macro_f1=0.0000
  end_to_end_stage_class_f1=low:0.0000,mid:0.0000,high:0.0000
Epoch 1/30 | train_loss 1.5226 | union_precision 1.0000 | weighted_recall 0.0746 | consensus_recall 0.0000 | threshold 0.600
Epoch 2/30 | train_loss 1.4081 | union_precision 1.0000 | weighted_recall 0.0746 | consensus_recall 0.0000 | threshold 0.625
Epoch 3/30 | train_loss 1.3255 | union_precision 1.0000 | weighted_recall 0.0746 | consensus_recall 0.0000 | threshold 0.650
Epoch 4/30 | train_loss 1.2808 | union_precision 1.0000 | weighted_recall 0.0746 | consensus_recall 0.0000 | threshold 0.625
Epoch 5/30 | train_loss 1.2458 | union_precision 1.0000 | weighted_recall 0.0746 | consensus_recall 0.0000 | threshold 0.650
Epoch 6/30 | train_loss 1.2139 | union_precision 1.0000 | weighted_recall 0.0746 | consensus_recall 0.0000 | threshold 0.675
Early stopping at epoch 6
Held-out M67-3 | union_precision=1.0000 | weighted_recall=0.0746 | consensus_recall=0.0000
  oracle_stage_macro_f1=0.4522 | end_to_end_stage_macro_f1=0.0667
  end_to_end_stage_class_f1=low:0.0000,mid:0.2000,high:0.0000
Epoch 1/30 | train_loss 1.5234 | union_precision 0.6364 | weighted_recall 0.0828 | consensus_recall 0.0000 | threshold 0.550
Epoch 2/30 | train_loss 1.4083 | union_precision 0.7143 | weighted_recall 0.0510 | consensus_recall 0.0000 | threshold 0.575
Epoch 3/30 | train_loss 1.3240 | union_precision 0.7143 | weighted_recall 0.0510 | consensus_recall 0.0000 | threshold 0.600
Epoch 4/30 | train_loss 1.2812 | union_precision 0.7143 | weighted_recall 0.0510 | consensus_recall 0.0000 | threshold 0.625
Epoch 5/30 | train_loss 1.2452 | union_precision 0.7500 | weighted_recall 0.0701 | consensus_recall 0.0000 | threshold 0.625
Epoch 6/30 | train_loss 1.2142 | union_precision 0.8000 | weighted_recall 0.0510 | consensus_recall 0.0000 | threshold 0.650
Epoch 7/30 | train_loss 1.1722 | union_precision 1.0000 | weighted_recall 0.0191 | consensus_recall 0.0000 | threshold 0.675
Epoch 8/30 | train_loss 1.1589 | union_precision 1.0000 | weighted_recall 0.0191 | consensus_recall 0.0000 | threshold 0.675
Epoch 9/30 | train_loss 1.1411 | union_precision 1.0000 | weighted_recall 0.0191 | consensus_recall 0.0000 | threshold 0.675
Epoch 10/30 | train_loss 1.1207 | union_precision 0.8750 | weighted_recall 0.1146 | consensus_recall 0.0000 | threshold 0.650
Epoch 11/30 | train_loss 1.0903 | union_precision 1.0000 | weighted_recall 0.0191 | consensus_recall 0.0000 | threshold 0.700
Epoch 12/30 | train_loss 1.0705 | union_precision 1.0000 | weighted_recall 0.0446 | consensus_recall 0.0000 | threshold 0.700
Epoch 13/30 | train_loss 1.0517 | union_precision 0.8667 | weighted_recall 0.4076 | consensus_recall 0.0000 | threshold 0.650
Epoch 14/30 | train_loss 1.0319 | union_precision 0.8750 | weighted_recall 0.4204 | consensus_recall 0.0000 | threshold 0.650
Epoch 15/30 | train_loss 1.0266 | union_precision 1.0000 | weighted_recall 0.0382 | consensus_recall 0.0000 | threshold 0.750
Epoch 16/30 | train_loss 1.0091 | union_precision 1.0000 | weighted_recall 0.0382 | consensus_recall 0.0000 | threshold 0.775
Epoch 17/30 | train_loss 0.9950 | union_precision 1.0000 | weighted_recall 0.0191 | consensus_recall 0.0000 | threshold 0.800
Epoch 18/30 | train_loss 0.9781 | union_precision 0.8571 | weighted_recall 0.2229 | consensus_recall 0.0000 | threshold 0.800
Epoch 19/30 | train_loss 0.9626 | union_precision 1.0000 | weighted_recall 0.1083 | consensus_recall 0.0000 | threshold 0.825
Early stopping at epoch 19
Held-out M67-4 | union_precision=0.8750 | weighted_recall=0.4204 | consensus_recall=0.0000
  oracle_stage_macro_f1=0.5089 | end_to_end_stage_macro_f1=0.3825
  end_to_end_stage_class_f1=low:0.1905,mid:0.4571,high:0.5000
Epoch 1/30 | train_loss 1.5205 | union_precision 0.3333 | weighted_recall 0.0313 | consensus_recall 0.0000 | threshold 0.575
Epoch 2/30 | train_loss 1.4067 | union_precision 0.3333 | weighted_recall 0.0313 | consensus_recall 0.0000 | threshold 0.575
Epoch 3/30 | train_loss 1.3172 | union_precision 0.3793 | weighted_recall 0.1797 | consensus_recall 0.0000 | threshold 0.050
Epoch 4/30 | train_loss 1.2796 | union_precision 1.0000 | weighted_recall 0.0078 | consensus_recall 0.0000 | threshold 0.625
Epoch 5/30 | train_loss 1.2404 | union_precision 1.0000 | weighted_recall 0.0078 | consensus_recall 0.0000 | threshold 0.650
Epoch 6/30 | train_loss 1.2093 | union_precision 1.0000 | weighted_recall 0.0078 | consensus_recall 0.0000 | threshold 0.650
Epoch 7/30 | train_loss 1.1660 | union_precision 1.0000 | weighted_recall 0.0078 | consensus_recall 0.0000 | threshold 0.650
Epoch 8/30 | train_loss 1.1563 | union_precision 1.0000 | weighted_recall 0.0078 | consensus_recall 0.0000 | threshold 0.650
Epoch 9/30 | train_loss 1.1382 | union_precision 1.0000 | weighted_recall 0.0078 | consensus_recall 0.0000 | threshold 0.650
Early stopping at epoch 9
Held-out M68-1 | union_precision=1.0000 | weighted_recall=0.0078 | consensus_recall=0.0000
  oracle_stage_macro_f1=0.2550 | end_to_end_stage_macro_f1=0.0741
  end_to_end_stage_class_f1=low:0.0000,mid:0.2222,high:0.0000
Epoch 1/30 | train_loss 1.5229 | union_precision 1.0000 | weighted_recall 0.0769 | consensus_recall 0.0000 | threshold 0.600
Epoch 2/30 | train_loss 1.4073 | union_precision 1.0000 | weighted_recall 0.2137 | consensus_recall 0.0000 | threshold 0.600
Epoch 3/30 | train_loss 1.3239 | union_precision 1.0000 | weighted_recall 0.0769 | consensus_recall 0.0000 | threshold 0.650
Epoch 4/30 | train_loss 1.2844 | union_precision 1.0000 | weighted_recall 0.0769 | consensus_recall 0.0000 | threshold 0.675
Epoch 5/30 | train_loss 1.2446 | union_precision 1.0000 | weighted_recall 0.0769 | consensus_recall 0.0000 | threshold 0.675
Epoch 6/30 | train_loss 1.2123 | union_precision 1.0000 | weighted_recall 0.0769 | consensus_recall 0.0000 | threshold 0.700
Epoch 7/30 | train_loss 1.1715 | union_precision 0.6000 | weighted_recall 0.1880 | consensus_recall 0.0000 | threshold 0.650
Early stopping at epoch 7
Held-out M68-2 | union_precision=1.0000 | weighted_recall=0.2137 | consensus_recall=0.0000
  oracle_stage_macro_f1=0.2102 | end_to_end_stage_macro_f1=0.1212
  end_to_end_stage_class_f1=low:0.0000,mid:0.3636,high:0.0000
Epoch 1/30 | train_loss 1.5191 | union_precision 0.2941 | weighted_recall 0.3750 | consensus_recall 0.0000 | threshold 0.525
Epoch 2/30 | train_loss 1.4058 | union_precision 0.2941 | weighted_recall 0.5625 | consensus_recall 0.0000 | threshold 0.500
Epoch 3/30 | train_loss 1.3242 | union_precision 0.3333 | weighted_recall 0.6250 | consensus_recall 0.0000 | threshold 0.600
Epoch 4/30 | train_loss 1.2851 | union_precision 0.3125 | weighted_recall 0.6250 | consensus_recall 0.0000 | threshold 0.500
Epoch 5/30 | train_loss 1.2459 | union_precision 0.2941 | weighted_recall 0.6250 | consensus_recall 0.0000 | threshold 0.475
Epoch 6/30 | train_loss 1.2138 | union_precision 0.3333 | weighted_recall 0.0156 | consensus_recall 0.0000 | threshold 0.675
Epoch 7/30 | train_loss 1.1714 | union_precision 0.3333 | weighted_recall 0.2031 | consensus_recall 0.0000 | threshold 0.675
Epoch 8/30 | train_loss 1.1574 | union_precision 0.5000 | weighted_recall 0.2031 | consensus_recall 0.0000 | threshold 0.700
Epoch 9/30 | train_loss 1.1431 | union_precision 0.5000 | weighted_recall 0.3438 | consensus_recall 0.0000 | threshold 0.700
Epoch 10/30 | train_loss 1.1228 | union_precision 0.5000 | weighted_recall 0.2031 | consensus_recall 0.0000 | threshold 0.775
Epoch 11/30 | train_loss 1.0930 | union_precision 0.5000 | weighted_recall 0.2031 | consensus_recall 0.0000 | threshold 0.800
Epoch 12/30 | train_loss 1.0732 | union_precision 0.5385 | weighted_recall 0.7500 | consensus_recall 0.0000 | threshold 0.775
Epoch 13/30 | train_loss 1.0543 | union_precision 0.6667 | weighted_recall 0.3594 | consensus_recall 0.0000 | threshold 0.800
Epoch 14/30 | train_loss 1.0361 | union_precision 0.7143 | weighted_recall 0.6719 | consensus_recall 0.0000 | threshold 0.800
Epoch 15/30 | train_loss 1.0304 | union_precision 0.6250 | weighted_recall 0.6719 | consensus_recall 0.0000 | threshold 0.800
Epoch 16/30 | train_loss 1.0060 | union_precision 0.6667 | weighted_recall 0.6250 | consensus_recall 0.0000 | threshold 0.825
Epoch 17/30 | train_loss 0.9974 | union_precision 0.6250 | weighted_recall 0.6719 | consensus_recall 0.0000 | threshold 0.825
Epoch 18/30 | train_loss 0.9823 | union_precision 0.6667 | weighted_recall 0.6250 | consensus_recall 0.0000 | threshold 0.850
Epoch 19/30 | train_loss 0.9658 | union_precision 0.6250 | weighted_recall 0.6719 | consensus_recall 0.0000 | threshold 0.850
Early stopping at epoch 19
Held-out M68-3 | union_precision=0.7143 | weighted_recall=0.6719 | consensus_recall=0.0000
  oracle_stage_macro_f1=0.3556 | end_to_end_stage_macro_f1=0.1250
  end_to_end_stage_class_f1=low:0.0000,mid:0.3750,high:0.0000
Epoch 1/30 | train_loss 1.5406 | union_precision 0.1364 | weighted_recall 0.1104 | consensus_recall 0.0000 | threshold 0.050
Epoch 2/30 | train_loss 1.4261 | union_precision 0.2667 | weighted_recall 0.1902 | consensus_recall 0.0000 | threshold 0.500
Epoch 3/30 | train_loss 1.3308 | union_precision 0.5000 | weighted_recall 0.0675 | consensus_recall 0.0000 | threshold 0.525
Epoch 4/30 | train_loss 1.2824 | union_precision 0.6667 | weighted_recall 0.0675 | consensus_recall 0.0000 | threshold 0.525
Epoch 5/30 | train_loss 1.2558 | union_precision 0.6667 | weighted_recall 0.0675 | consensus_recall 0.0000 | threshold 0.525
Epoch 6/30 | train_loss 1.2111 | union_precision 0.6667 | weighted_recall 0.0675 | consensus_recall 0.0000 | threshold 0.525
Epoch 7/30 | train_loss 1.1966 | union_precision 0.8000 | weighted_recall 0.1043 | consensus_recall 0.0000 | threshold 0.525
Epoch 8/30 | train_loss 1.1655 | union_precision 0.8333 | weighted_recall 0.1166 | consensus_recall 0.0000 | threshold 0.525
Epoch 9/30 | train_loss 1.1541 | union_precision 0.8000 | weighted_recall 0.1043 | consensus_recall 0.0000 | threshold 0.550
Epoch 10/30 | train_loss 1.1320 | union_precision 0.8000 | weighted_recall 0.1043 | consensus_recall 0.0000 | threshold 0.575
Epoch 11/30 | train_loss 1.1114 | union_precision 0.8000 | weighted_recall 0.1288 | consensus_recall 0.0000 | threshold 0.575
Epoch 12/30 | train_loss 1.0931 | union_precision 0.8000 | weighted_recall 0.1227 | consensus_recall 0.0000 | threshold 0.575
Epoch 13/30 | train_loss 1.0669 | union_precision 0.8000 | weighted_recall 0.1043 | consensus_recall 0.0000 | threshold 0.600
Early stopping at epoch 13
Held-out M07-1 | union_precision=0.8333 | weighted_recall=0.1166 | consensus_recall=0.0000
  oracle_stage_macro_f1=0.2315 | end_to_end_stage_macro_f1=0.0635
  end_to_end_stage_class_f1=low:0.0000,mid:0.1905,high:0.0000
Epoch 1/30 | train_loss 1.5481 | union_precision 0.6667 | weighted_recall 0.0223 | consensus_recall 0.5000 | threshold 0.600
Epoch 2/30 | train_loss 1.4334 | union_precision 0.6667 | weighted_recall 0.0559 | consensus_recall 1.0000 | threshold 0.575
Epoch 3/30 | train_loss 1.3378 | union_precision 0.7000 | weighted_recall 0.0950 | consensus_recall 1.0000 | threshold 0.600
Epoch 4/30 | train_loss 1.2859 | union_precision 0.7500 | weighted_recall 0.0894 | consensus_recall 1.0000 | threshold 0.625
Epoch 5/30 | train_loss 1.2612 | union_precision 0.6667 | weighted_recall 0.0391 | consensus_recall 1.0000 | threshold 0.650
Epoch 6/30 | train_loss 1.2152 | union_precision 0.7778 | weighted_recall 0.1173 | consensus_recall 1.0000 | threshold 0.650
Epoch 7/30 | train_loss 1.2007 | union_precision 1.0000 | weighted_recall 0.0112 | consensus_recall 0.5000 | threshold 0.725
Epoch 8/30 | train_loss 1.1686 | union_precision 0.8000 | weighted_recall 0.0391 | consensus_recall 1.0000 | threshold 0.725
Epoch 9/30 | train_loss 1.1532 | union_precision 1.0000 | weighted_recall 0.0112 | consensus_recall 0.5000 | threshold 0.750
Epoch 10/30 | train_loss 1.1351 | union_precision 1.0000 | weighted_recall 0.0279 | consensus_recall 1.0000 | threshold 0.750
Epoch 11/30 | train_loss 1.1159 | union_precision 1.0000 | weighted_recall 0.0894 | consensus_recall 1.0000 | threshold 0.750
Epoch 12/30 | train_loss 1.0957 | union_precision 1.0000 | weighted_recall 0.0950 | consensus_recall 1.0000 | threshold 0.750
Epoch 13/30 | train_loss 1.0707 | union_precision 1.0000 | weighted_recall 0.0391 | consensus_recall 0.0000 | threshold 0.775
Epoch 14/30 | train_loss 1.0523 | union_precision 1.0000 | weighted_recall 0.0503 | consensus_recall 0.0000 | threshold 0.775
Epoch 15/30 | train_loss 1.0400 | union_precision 1.0000 | weighted_recall 0.0503 | consensus_recall 0.0000 | threshold 0.775
Epoch 16/30 | train_loss 1.0275 | union_precision 1.0000 | weighted_recall 0.0503 | consensus_recall 0.0000 | threshold 0.775
Early stopping at epoch 16
Held-out M07-2 | union_precision=1.0000 | weighted_recall=0.0894 | consensus_recall=1.0000
  oracle_stage_macro_f1=0.4237 | end_to_end_stage_macro_f1=0.0000
  end_to_end_stage_class_f1=low:0.0000,mid:0.0000,high:0.0000
Epoch 1/30 | train_loss 1.5416 | union_precision 0.4444 | weighted_recall 0.0387 | consensus_recall 0.0000 | threshold 0.550
Epoch 2/30 | train_loss 1.4310 | union_precision 0.4444 | weighted_recall 0.0774 | consensus_recall 0.0000 | threshold 0.575
Epoch 3/30 | train_loss 1.3312 | union_precision 0.4444 | weighted_recall 0.0774 | consensus_recall 0.0000 | threshold 0.600
Epoch 4/30 | train_loss 1.2777 | union_precision 0.4444 | weighted_recall 0.0387 | consensus_recall 0.0000 | threshold 0.600
Epoch 5/30 | train_loss 1.2557 | union_precision 0.5000 | weighted_recall 0.0710 | consensus_recall 0.0000 | threshold 0.600
Epoch 6/30 | train_loss 1.2081 | union_precision 0.5000 | weighted_recall 0.0194 | consensus_recall 0.0000 | threshold 0.675
Epoch 7/30 | train_loss 1.1914 | union_precision 0.5000 | weighted_recall 0.0710 | consensus_recall 0.0000 | threshold 0.625
Epoch 8/30 | train_loss 1.1602 | union_precision 0.4167 | weighted_recall 0.0710 | consensus_recall 0.0000 | threshold 0.600
Epoch 9/30 | train_loss 1.1464 | union_precision 0.5000 | weighted_recall 0.0516 | consensus_recall 0.0000 | threshold 0.675
Epoch 10/30 | train_loss 1.1282 | union_precision 0.4444 | weighted_recall 0.1032 | consensus_recall 0.0000 | threshold 0.675
Early stopping at epoch 10
Held-out M07-3 | union_precision=0.5000 | weighted_recall=0.0710 | consensus_recall=0.0000
  oracle_stage_macro_f1=0.3548 | end_to_end_stage_macro_f1=0.1119
  end_to_end_stage_class_f1=low:0.0000,mid:0.1538,high:0.1818
Epoch 1/30 | train_loss 1.5418 | union_precision 1.0000 | weighted_recall 0.1477 | consensus_recall 1.0000 | threshold 0.575
Epoch 2/30 | train_loss 1.4294 | union_precision 1.0000 | weighted_recall 0.1477 | consensus_recall 1.0000 | threshold 0.575
Epoch 3/30 | train_loss 1.3317 | union_precision 1.0000 | weighted_recall 0.1477 | consensus_recall 1.0000 | threshold 0.575
Epoch 4/30 | train_loss 1.2759 | union_precision 1.0000 | weighted_recall 0.1477 | consensus_recall 1.0000 | threshold 0.575
Epoch 5/30 | train_loss 1.2543 | union_precision 1.0000 | weighted_recall 0.1477 | consensus_recall 1.0000 | threshold 0.575
Epoch 6/30 | train_loss 1.2160 | union_precision 1.0000 | weighted_recall 0.1477 | consensus_recall 1.0000 | threshold 0.575
Early stopping at epoch 6
Held-out M17-1 | union_precision=1.0000 | weighted_recall=0.1477 | consensus_recall=1.0000
  oracle_stage_macro_f1=0.4349 | end_to_end_stage_macro_f1=0.0370
  end_to_end_stage_class_f1=low:0.0000,mid:0.0000,high:0.1111
Epoch 1/30 | train_loss 1.5402 | union_precision 0.5000 | weighted_recall 0.3977 | consensus_recall 0.0000 | threshold 0.550
Epoch 2/30 | train_loss 1.4257 | union_precision 0.5000 | weighted_recall 0.1250 | consensus_recall 0.0000 | threshold 0.575
Epoch 3/30 | train_loss 1.3306 | union_precision 0.5000 | weighted_recall 0.1250 | consensus_recall 0.0000 | threshold 0.575
Epoch 4/30 | train_loss 1.2749 | union_precision 0.7500 | weighted_recall 0.1932 | consensus_recall 0.0000 | threshold 0.575
Epoch 5/30 | train_loss 1.2530 | union_precision 1.0000 | weighted_recall 0.1250 | consensus_recall 0.0000 | threshold 0.650
Epoch 6/30 | train_loss 1.2149 | union_precision 1.0000 | weighted_recall 0.1250 | consensus_recall 0.0000 | threshold 0.650
Epoch 7/30 | train_loss 1.1919 | union_precision 0.5000 | weighted_recall 0.1250 | consensus_recall 0.0000 | threshold 0.650
Epoch 8/30 | train_loss 1.1617 | union_precision 0.4286 | weighted_recall 0.1818 | consensus_recall 0.0000 | threshold 0.575
Epoch 9/30 | train_loss 1.1441 | union_precision 0.5000 | weighted_recall 0.0114 | consensus_recall 0.0000 | threshold 0.675
Epoch 10/30 | train_loss 1.1250 | union_precision 0.4286 | weighted_recall 0.1818 | consensus_recall 0.0000 | threshold 0.600
Early stopping at epoch 10
Held-out M17-2 | union_precision=1.0000 | weighted_recall=0.1250 | consensus_recall=0.0000
  oracle_stage_macro_f1=0.2607 | end_to_end_stage_macro_f1=0.0000
  end_to_end_stage_class_f1=low:0.0000,mid:0.0000,high:0.0000
Epoch 1/30 | train_loss 1.5444 | union_precision 1.0000 | weighted_recall 0.0469 | consensus_recall 0.0000 | threshold 0.625
Epoch 2/30 | train_loss 1.4250 | union_precision 1.0000 | weighted_recall 0.0469 | consensus_recall 0.0000 | threshold 0.625
Epoch 3/30 | train_loss 1.3267 | union_precision 1.0000 | weighted_recall 0.0469 | consensus_recall 0.0000 | threshold 0.625
Epoch 4/30 | train_loss 1.2727 | union_precision 0.3235 | weighted_recall 0.2817 | consensus_recall 0.0000 | threshold 0.525
Epoch 5/30 | train_loss 1.2535 | union_precision 0.5000 | weighted_recall 0.0469 | consensus_recall 0.0000 | threshold 0.650
Epoch 6/30 | train_loss 1.2139 | union_precision 0.5000 | weighted_recall 0.0469 | consensus_recall 0.0000 | threshold 0.650
Early stopping at epoch 6
Held-out M17-3 | union_precision=1.0000 | weighted_recall=0.0469 | consensus_recall=0.0000
  oracle_stage_macro_f1=0.4568 | end_to_end_stage_macro_f1=0.0000
  end_to_end_stage_class_f1=low:0.0000,mid:0.0000,high:0.0000
Epoch 1/30 | train_loss 1.5443 | union_precision 1.0000 | weighted_recall 0.0032 | consensus_recall 0.0000 | threshold 0.600
Epoch 2/30 | train_loss 1.4194 | union_precision 1.0000 | weighted_recall 0.0032 | consensus_recall 0.0000 | threshold 0.600
Epoch 3/30 | train_loss 1.3247 | union_precision 1.0000 | weighted_recall 0.0032 | consensus_recall 0.0000 | threshold 0.625
Epoch 4/30 | train_loss 1.2717 | union_precision 1.0000 | weighted_recall 0.0064 | consensus_recall 0.0000 | threshold 0.625
Epoch 5/30 | train_loss 1.2463 | union_precision 1.0000 | weighted_recall 0.0127 | consensus_recall 0.0000 | threshold 0.625
Epoch 6/30 | train_loss 1.2075 | union_precision 1.0000 | weighted_recall 0.0032 | consensus_recall 0.0000 | threshold 0.650
Epoch 7/30 | train_loss 1.1868 | union_precision 1.0000 | weighted_recall 0.0127 | consensus_recall 0.0000 | threshold 0.650
Epoch 8/30 | train_loss 1.1586 | union_precision 1.0000 | weighted_recall 0.0191 | consensus_recall 0.0000 | threshold 0.650
Epoch 9/30 | train_loss 1.1383 | union_precision 1.0000 | weighted_recall 0.0414 | consensus_recall 0.0000 | threshold 0.650
Epoch 10/30 | train_loss 1.1146 | union_precision 1.0000 | weighted_recall 0.0127 | consensus_recall 0.0000 | threshold 0.700
Epoch 11/30 | train_loss 1.1022 | union_precision 1.0000 | weighted_recall 0.0223 | consensus_recall 0.0000 | threshold 0.725
Epoch 12/30 | train_loss 1.0778 | union_precision 1.0000 | weighted_recall 0.0318 | consensus_recall 0.0000 | threshold 0.725
Epoch 13/30 | train_loss 1.0535 | union_precision 1.0000 | weighted_recall 0.0223 | consensus_recall 0.0000 | threshold 0.750
Epoch 14/30 | train_loss 1.0311 | union_precision 1.0000 | weighted_recall 0.0223 | consensus_recall 0.0000 | threshold 0.750
Early stopping at epoch 14
Held-out M17-4 | union_precision=1.0000 | weighted_recall=0.0414 | consensus_recall=0.0000
  oracle_stage_macro_f1=0.2351 | end_to_end_stage_macro_f1=0.0272
  end_to_end_stage_class_f1=low:0.0816,mid:0.0000,high:0.0000
Epoch 1/30 | train_loss 1.5437 | union_precision 0.3500 | weighted_recall 0.1875 | consensus_recall 0.0000 | threshold 0.525
Epoch 2/30 | train_loss 1.4216 | union_precision 0.4348 | weighted_recall 0.5250 | consensus_recall 0.0000 | threshold 0.525
Epoch 3/30 | train_loss 1.3299 | union_precision 0.3793 | weighted_recall 0.4125 | consensus_recall 0.0000 | threshold 0.500
Epoch 4/30 | train_loss 1.2740 | union_precision 0.3793 | weighted_recall 0.3250 | consensus_recall 0.0000 | threshold 0.500
Epoch 5/30 | train_loss 1.2521 | union_precision 0.4615 | weighted_recall 0.2625 | consensus_recall 0.0000 | threshold 0.575
Epoch 6/30 | train_loss 1.2122 | union_precision 0.4286 | weighted_recall 0.2625 | consensus_recall 0.0000 | threshold 0.575
Epoch 7/30 | train_loss 1.1907 | union_precision 0.6667 | weighted_recall 0.0375 | consensus_recall 0.0000 | threshold 0.625
Epoch 8/30 | train_loss 1.1638 | union_precision 0.5714 | weighted_recall 0.1000 | consensus_recall 0.0000 | threshold 0.625
Epoch 9/30 | train_loss 1.1412 | union_precision 0.6000 | weighted_recall 0.2625 | consensus_recall 0.0000 | threshold 0.625
Epoch 10/30 | train_loss 1.1203 | union_precision 0.5714 | weighted_recall 0.1000 | consensus_recall 0.0000 | threshold 0.650
Epoch 11/30 | train_loss 1.1048 | union_precision 0.6667 | weighted_recall 0.1000 | consensus_recall 0.0000 | threshold 0.675
Epoch 12/30 | train_loss 1.0815 | union_precision 0.7500 | weighted_recall 0.2625 | consensus_recall 0.0000 | threshold 0.675
Epoch 13/30 | train_loss 1.0616 | union_precision 0.7143 | weighted_recall 0.1875 | consensus_recall 0.0000 | threshold 0.700
Epoch 14/30 | train_loss 1.0356 | union_precision 0.6667 | weighted_recall 0.2625 | consensus_recall 0.0000 | threshold 0.675
Epoch 15/30 | train_loss 1.0310 | union_precision 0.6667 | weighted_recall 0.2625 | consensus_recall 0.0000 | threshold 0.675
Epoch 16/30 | train_loss 1.0070 | union_precision 0.6667 | weighted_recall 0.2625 | consensus_recall 0.0000 | threshold 0.700
Epoch 17/30 | train_loss 1.0039 | union_precision 0.7143 | weighted_recall 0.2125 | consensus_recall 0.0000 | threshold 0.775
Early stopping at epoch 17
Held-out M24-1 | union_precision=0.7500 | weighted_recall=0.2625 | consensus_recall=0.0000
  oracle_stage_macro_f1=0.2993 | end_to_end_stage_macro_f1=0.1026
  end_to_end_stage_class_f1=low:0.0000,mid:0.0000,high:0.3077
Epoch 1/30 | train_loss 1.5443 | union_precision 0.2162 | weighted_recall 0.2778 | consensus_recall 1.0000 | threshold 0.500
Epoch 2/30 | train_loss 1.4203 | union_precision 0.2619 | weighted_recall 0.3030 | consensus_recall 1.0000 | threshold 0.450
Epoch 3/30 | train_loss 1.3291 | union_precision 0.2683 | weighted_recall 0.0859 | consensus_recall 1.0000 | threshold 0.050
Epoch 4/30 | train_loss 1.2748 | union_precision 0.3000 | weighted_recall 0.1111 | consensus_recall 1.0000 | threshold 0.475
Epoch 5/30 | train_loss 1.2517 | union_precision 0.2750 | weighted_recall 0.1061 | consensus_recall 1.0000 | threshold 0.475
Epoch 6/30 | train_loss 1.2117 | union_precision 0.2683 | weighted_recall 0.1061 | consensus_recall 1.0000 | threshold 0.475
Epoch 7/30 | train_loss 1.1901 | union_precision 0.3000 | weighted_recall 0.1212 | consensus_recall 1.0000 | threshold 0.475
Epoch 8/30 | train_loss 1.1664 | union_precision 0.3095 | weighted_recall 0.1364 | consensus_recall 1.0000 | threshold 0.050
Epoch 9/30 | train_loss 1.1409 | union_precision 0.3333 | weighted_recall 0.1919 | consensus_recall 1.0000 | threshold 0.525
Epoch 10/30 | train_loss 1.1192 | union_precision 0.4545 | weighted_recall 0.1263 | consensus_recall 0.0000 | threshold 0.575
Epoch 11/30 | train_loss 1.1020 | union_precision 0.5455 | weighted_recall 0.1414 | consensus_recall 0.0000 | threshold 0.575
Epoch 12/30 | train_loss 1.0806 | union_precision 0.4286 | weighted_recall 0.1414 | consensus_recall 0.0000 | threshold 0.575
Epoch 13/30 | train_loss 1.0631 | union_precision 0.4286 | weighted_recall 0.0455 | consensus_recall 0.0000 | threshold 0.575
Epoch 14/30 | train_loss 1.0329 | union_precision 0.4167 | weighted_recall 0.0303 | consensus_recall 0.0000 | threshold 0.575
Epoch 15/30 | train_loss 1.0304 | union_precision 0.3571 | weighted_recall 0.0303 | consensus_recall 0.0000 | threshold 0.575
Epoch 16/30 | train_loss 1.0060 | union_precision 0.3333 | weighted_recall 0.0657 | consensus_recall 1.0000 | threshold 0.525
Early stopping at epoch 16
Held-out M24-2 | union_precision=0.5455 | weighted_recall=0.1414 | consensus_recall=0.0000
  oracle_stage_macro_f1=0.2479 | end_to_end_stage_macro_f1=0.0714
  end_to_end_stage_class_f1=low:0.2143,mid:0.0000,high:0.0000
Epoch 1/30 | train_loss 1.5442 | union_precision 0.6667 | weighted_recall 0.0288 | consensus_recall 0.0000 | threshold 0.575
Epoch 2/30 | train_loss 1.4210 | union_precision 1.0000 | weighted_recall 0.0192 | consensus_recall 0.0000 | threshold 0.650
Epoch 3/30 | train_loss 1.3296 | union_precision 1.0000 | weighted_recall 0.0192 | consensus_recall 0.0000 | threshold 0.675
Epoch 4/30 | train_loss 1.2797 | union_precision 1.0000 | weighted_recall 0.0192 | consensus_recall 0.0000 | threshold 0.700
Epoch 5/30 | train_loss 1.2534 | union_precision 1.0000 | weighted_recall 0.0192 | consensus_recall 0.0000 | threshold 0.700
Epoch 6/30 | train_loss 1.2130 | union_precision 1.0000 | weighted_recall 0.0192 | consensus_recall 0.0000 | threshold 0.700
Epoch 7/30 | train_loss 1.1922 | union_precision 1.0000 | weighted_recall 0.0577 | consensus_recall 0.0000 | threshold 0.675
Epoch 8/30 | train_loss 1.1677 | union_precision 1.0000 | weighted_recall 0.0288 | consensus_recall 0.0000 | threshold 0.675
Epoch 9/30 | train_loss 1.1464 | union_precision 1.0000 | weighted_recall 0.0192 | consensus_recall 0.0000 | threshold 0.700
Epoch 10/30 | train_loss 1.1224 | union_precision 1.0000 | weighted_recall 0.0192 | consensus_recall 0.0000 | threshold 0.700
Epoch 11/30 | train_loss 1.1069 | union_precision 1.0000 | weighted_recall 0.0192 | consensus_recall 0.0000 | threshold 0.700
Epoch 12/30 | train_loss 1.0804 | union_precision 1.0000 | weighted_recall 0.0192 | consensus_recall 0.0000 | threshold 0.700
Early stopping at epoch 12
Held-out M24-3 | union_precision=1.0000 | weighted_recall=0.0577 | consensus_recall=0.0000
  oracle_stage_macro_f1=0.3311 | end_to_end_stage_macro_f1=0.1846
  end_to_end_stage_class_f1=low:0.0000,mid:0.1538,high:0.4000
Epoch 1/30 | train_loss 1.5480 | union_precision 0.3333 | weighted_recall 0.1890 | consensus_recall 0.0000 | threshold 0.525
Epoch 2/30 | train_loss 1.4225 | union_precision 0.4035 | weighted_recall 0.2317 | consensus_recall 0.0000 | threshold 0.525
Epoch 3/30 | train_loss 1.3303 | union_precision 0.3793 | weighted_recall 0.1463 | consensus_recall 0.0000 | threshold 0.550
Epoch 4/30 | train_loss 1.2799 | union_precision 0.3846 | weighted_recall 0.1128 | consensus_recall 0.0000 | threshold 0.575
Epoch 5/30 | train_loss 1.2537 | union_precision 0.3750 | weighted_recall 0.1189 | consensus_recall 0.0000 | threshold 0.575
Epoch 6/30 | train_loss 1.2142 | union_precision 0.3846 | weighted_recall 0.1860 | consensus_recall 0.0000 | threshold 0.575
Epoch 7/30 | train_loss 1.1919 | union_precision 0.5000 | weighted_recall 0.1037 | consensus_recall 0.0000 | threshold 0.600
Epoch 8/30 | train_loss 1.1690 | union_precision 0.5385 | weighted_recall 0.1250 | consensus_recall 0.0000 | threshold 0.600
Epoch 9/30 | train_loss 1.1438 | union_precision 1.0000 | weighted_recall 0.0244 | consensus_recall 0.0000 | threshold 0.650
Epoch 10/30 | train_loss 1.1198 | union_precision 1.0000 | weighted_recall 0.0244 | consensus_recall 0.0000 | threshold 0.675
Epoch 11/30 | train_loss 1.1035 | union_precision 0.6000 | weighted_recall 0.0427 | consensus_recall 0.0000 | threshold 0.675
Epoch 12/30 | train_loss 1.0798 | union_precision 0.6667 | weighted_recall 0.0091 | consensus_recall 0.0000 | threshold 0.700
Epoch 13/30 | train_loss 1.0614 | union_precision 0.6667 | weighted_recall 0.0091 | consensus_recall 0.0000 | threshold 0.725
Epoch 14/30 | train_loss 1.0343 | union_precision 0.7500 | weighted_recall 0.0213 | consensus_recall 0.0000 | threshold 0.725
Early stopping at epoch 14
Held-out M24-4 | union_precision=1.0000 | weighted_recall=0.0244 | consensus_recall=0.0000
  oracle_stage_macro_f1=0.4716 | end_to_end_stage_macro_f1=0.0208
  end_to_end_stage_class_f1=low:0.0000,mid:0.0625,high:0.0000
Epoch 1/30 | train_loss 1.5388 | union_precision 0.6667 | weighted_recall 0.0746 | consensus_recall 0.0000 | threshold 0.550
Epoch 2/30 | train_loss 1.4202 | union_precision 0.6667 | weighted_recall 0.0746 | consensus_recall 0.0000 | threshold 0.550
Epoch 3/30 | train_loss 1.3287 | union_precision 0.6667 | weighted_recall 0.0746 | consensus_recall 0.0000 | threshold 0.575
Epoch 4/30 | train_loss 1.2811 | union_precision 0.5000 | weighted_recall 0.1194 | consensus_recall 0.0000 | threshold 0.550
Epoch 5/30 | train_loss 1.2576 | union_precision 0.5000 | weighted_recall 0.1194 | consensus_recall 0.0000 | threshold 0.575
Epoch 6/30 | train_loss 1.2175 | union_precision 0.5000 | weighted_recall 0.1194 | consensus_recall 0.0000 | threshold 0.575
Early stopping at epoch 6
Held-out M30-1 | union_precision=0.6667 | weighted_recall=0.0746 | consensus_recall=0.0000
  oracle_stage_macro_f1=0.3443 | end_to_end_stage_macro_f1=0.2444
  end_to_end_stage_class_f1=low:0.3333,mid:0.4000,high:0.0000
Epoch 1/30 | train_loss 1.5377 | union_precision 0.2692 | weighted_recall 0.4512 | consensus_recall 0.0000 | threshold 0.050
Epoch 2/30 | train_loss 1.4217 | union_precision 0.5000 | weighted_recall 0.1098 | consensus_recall 0.0000 | threshold 0.575
Epoch 3/30 | train_loss 1.3282 | union_precision 0.5000 | weighted_recall 0.1098 | consensus_recall 0.0000 | threshold 0.575
Epoch 4/30 | train_loss 1.2807 | union_precision 0.5000 | weighted_recall 0.1098 | consensus_recall 0.0000 | threshold 0.575
Epoch 5/30 | train_loss 1.2559 | union_precision 0.5000 | weighted_recall 0.1098 | consensus_recall 0.0000 | threshold 0.575
Epoch 6/30 | train_loss 1.2169 | union_precision 0.5000 | weighted_recall 0.1098 | consensus_recall 0.0000 | threshold 0.575
Epoch 7/30 | train_loss 1.1948 | union_precision 0.6667 | weighted_recall 0.2073 | consensus_recall 0.0000 | threshold 0.575
Epoch 8/30 | train_loss 1.1718 | union_precision 0.7500 | weighted_recall 0.3171 | consensus_recall 0.0000 | threshold 0.575
Epoch 9/30 | train_loss 1.1502 | union_precision 1.0000 | weighted_recall 0.1098 | consensus_recall 0.0000 | threshold 0.675
Epoch 10/30 | train_loss 1.1206 | union_precision 1.0000 | weighted_recall 0.2073 | consensus_recall 0.0000 | threshold 0.675
Epoch 11/30 | train_loss 1.1054 | union_precision 1.0000 | weighted_recall 0.2073 | consensus_recall 0.0000 | threshold 0.675
Epoch 12/30 | train_loss 1.0868 | union_precision 1.0000 | weighted_recall 0.2073 | consensus_recall 0.0000 | threshold 0.675
Epoch 13/30 | train_loss 1.0646 | union_precision 1.0000 | weighted_recall 0.3171 | consensus_recall 0.0000 | threshold 0.675
Epoch 14/30 | train_loss 1.0367 | union_precision 1.0000 | weighted_recall 0.3171 | consensus_recall 0.0000 | threshold 0.675
Epoch 15/30 | train_loss 1.0337 | union_precision 1.0000 | weighted_recall 0.3415 | consensus_recall 0.0000 | threshold 0.650
Epoch 16/30 | train_loss 1.0066 | union_precision 1.0000 | weighted_recall 0.3415 | consensus_recall 0.0000 | threshold 0.675
Epoch 17/30 | train_loss 1.0070 | union_precision 1.0000 | weighted_recall 0.3415 | consensus_recall 0.0000 | threshold 0.675
Epoch 18/30 | train_loss 0.9849 | union_precision 1.0000 | weighted_recall 0.3415 | consensus_recall 0.0000 | threshold 0.675
Epoch 19/30 | train_loss 0.9645 | union_precision 1.0000 | weighted_recall 0.3415 | consensus_recall 0.0000 | threshold 0.700
Epoch 20/30 | train_loss 0.9553 | union_precision 1.0000 | weighted_recall 0.3415 | consensus_recall 0.0000 | threshold 0.700
Early stopping at epoch 20
Held-out M30-2 | union_precision=1.0000 | weighted_recall=0.3415 | consensus_recall=0.0000
  oracle_stage_macro_f1=0.4242 | end_to_end_stage_macro_f1=0.1111
  end_to_end_stage_class_f1=low:0.0000,mid:0.3333,high:0.0000
Epoch 1/30 | train_loss 1.5389 | union_precision 0.5000 | weighted_recall 0.0327 | consensus_recall 0.0000 | threshold 0.575
Epoch 2/30 | train_loss 1.4204 | union_precision 0.4545 | weighted_recall 0.1869 | consensus_recall 0.0000 | threshold 0.500
Epoch 3/30 | train_loss 1.3293 | union_precision 0.5714 | weighted_recall 0.1869 | consensus_recall 0.0000 | threshold 0.550
Epoch 4/30 | train_loss 1.2784 | union_precision 0.5417 | weighted_recall 0.3598 | consensus_recall 0.0000 | threshold 0.525
Epoch 5/30 | train_loss 1.2535 | union_precision 0.5000 | weighted_recall 0.3785 | consensus_recall 0.0000 | threshold 0.500
Epoch 6/30 | train_loss 1.2139 | union_precision 0.5000 | weighted_recall 0.4720 | consensus_recall 0.0000 | threshold 0.525
Epoch 7/30 | train_loss 1.1935 | union_precision 0.5312 | weighted_recall 0.4860 | consensus_recall 0.0000 | threshold 0.525
Epoch 8/30 | train_loss 1.1706 | union_precision 0.5000 | weighted_recall 0.4860 | consensus_recall 0.0000 | threshold 0.525
Early stopping at epoch 8
Held-out M30-3 | union_precision=0.5714 | weighted_recall=0.1869 | consensus_recall=0.0000
  oracle_stage_macro_f1=0.2133 | end_to_end_stage_macro_f1=0.0476
  end_to_end_stage_class_f1=low:0.0000,mid:0.0000,high:0.1429
Epoch 1/30 | train_loss 1.5432 | union_precision 1.0000 | weighted_recall 0.1686 | consensus_recall 1.0000 | threshold 0.825
Epoch 2/30 | train_loss 1.4219 | union_precision 1.0000 | weighted_recall 0.0115 | consensus_recall 0.0000 | threshold 0.800
Epoch 3/30 | train_loss 1.3287 | union_precision 0.5385 | weighted_recall 0.2529 | consensus_recall 1.0000 | threshold 0.550
Epoch 4/30 | train_loss 1.2847 | union_precision 0.5000 | weighted_recall 0.3333 | consensus_recall 1.0000 | threshold 0.550
Epoch 5/30 | train_loss 1.2608 | union_precision 0.4615 | weighted_recall 0.2989 | consensus_recall 1.0000 | threshold 0.575
Epoch 6/30 | train_loss 1.2190 | union_precision 0.5000 | weighted_recall 0.2490 | consensus_recall 1.0000 | threshold 0.775
Early stopping at epoch 6
Held-out M30-4 | union_precision=1.0000 | weighted_recall=0.1686 | consensus_recall=1.0000
  oracle_stage_macro_f1=0.3944 | end_to_end_stage_macro_f1=0.0000
  end_to_end_stage_class_f1=low:0.0000,mid:0.0000,high:0.0000
Epoch 1/30 | train_loss 1.5352 | union_precision 0.2222 | weighted_recall 0.3103 | consensus_recall 0.0000 | threshold 0.450
Epoch 2/30 | train_loss 1.4170 | union_precision 0.2500 | weighted_recall 0.3103 | consensus_recall 0.0000 | threshold 0.475
Epoch 3/30 | train_loss 1.3204 | union_precision 0.2500 | weighted_recall 0.3103 | consensus_recall 0.0000 | threshold 0.475
Epoch 4/30 | train_loss 1.2781 | union_precision 0.2308 | weighted_recall 0.2759 | consensus_recall 0.0000 | threshold 0.550
Epoch 5/30 | train_loss 1.2543 | union_precision 0.2143 | weighted_recall 0.2759 | consensus_recall 0.0000 | threshold 0.550
Epoch 6/30 | train_loss 1.2130 | union_precision 0.2500 | weighted_recall 0.2759 | consensus_recall 0.0000 | threshold 0.575
Epoch 7/30 | train_loss 1.1944 | union_precision 0.3077 | weighted_recall 0.3103 | consensus_recall 0.0000 | threshold 0.575
Epoch 8/30 | train_loss 1.1668 | union_precision 0.5000 | weighted_recall 0.0345 | consensus_recall 0.0000 | threshold 0.625
Epoch 9/30 | train_loss 1.1459 | union_precision 0.5000 | weighted_recall 0.0345 | consensus_recall 0.0000 | threshold 0.650
Epoch 10/30 | train_loss 1.1182 | union_precision 1.0000 | weighted_recall 0.0345 | consensus_recall 0.0000 | threshold 0.700
Epoch 11/30 | train_loss 1.0992 | union_precision 1.0000 | weighted_recall 0.0345 | consensus_recall 0.0000 | threshold 0.725
Epoch 12/30 | train_loss 1.0807 | union_precision 1.0000 | weighted_recall 0.0345 | consensus_recall 0.0000 | threshold 0.725
Epoch 13/30 | train_loss 1.0591 | union_precision 1.0000 | weighted_recall 0.0345 | consensus_recall 0.0000 | threshold 0.750
Epoch 14/30 | train_loss 1.0353 | union_precision 1.0000 | weighted_recall 0.0345 | consensus_recall 0.0000 | threshold 0.775
Epoch 15/30 | train_loss 1.0310 | union_precision 1.0000 | weighted_recall 0.0345 | consensus_recall 0.0000 | threshold 0.775
Early stopping at epoch 15
Held-out M33-1 | union_precision=1.0000 | weighted_recall=0.0345 | consensus_recall=0.0000
  oracle_stage_macro_f1=0.3944 | end_to_end_stage_macro_f1=0.0000
  end_to_end_stage_class_f1=low:0.0000,mid:0.0000,high:0.0000
Epoch 1/30 | train_loss 1.5387 | union_precision 0.3913 | weighted_recall 0.0620 | consensus_recall 0.0000 | threshold 0.525
Epoch 2/30 | train_loss 1.4162 | union_precision 0.6667 | weighted_recall 0.0331 | consensus_recall 0.0000 | threshold 0.550
Epoch 3/30 | train_loss 1.3194 | union_precision 0.7500 | weighted_recall 0.0207 | consensus_recall 0.0000 | threshold 0.575
Epoch 4/30 | train_loss 1.2792 | union_precision 0.8571 | weighted_recall 0.0372 | consensus_recall 0.0000 | threshold 0.575
Epoch 5/30 | train_loss 1.2538 | union_precision 0.8000 | weighted_recall 0.0248 | consensus_recall 0.0000 | threshold 0.600
Epoch 6/30 | train_loss 1.2133 | union_precision 0.8000 | weighted_recall 0.0248 | consensus_recall 0.0000 | threshold 0.600
Epoch 7/30 | train_loss 1.1929 | union_precision 0.8571 | weighted_recall 0.0372 | consensus_recall 0.0000 | threshold 0.600
Epoch 8/30 | train_loss 1.1668 | union_precision 0.7500 | weighted_recall 0.0372 | consensus_recall 0.0000 | threshold 0.600
Epoch 9/30 | train_loss 1.1460 | union_precision 0.6667 | weighted_recall 0.0207 | consensus_recall 0.0000 | threshold 0.625
Early stopping at epoch 9
Held-out M33-2 | union_precision=0.8571 | weighted_recall=0.0372 | consensus_recall=0.0000
  oracle_stage_macro_f1=0.4451 | end_to_end_stage_macro_f1=0.1111
  end_to_end_stage_class_f1=low:0.3333,mid:0.0000,high:0.0000
Epoch 1/30 | train_loss 1.5326 | union_precision 0.0952 | weighted_recall 0.3846 | consensus_recall 0.0000 | threshold 0.500
Epoch 2/30 | train_loss 1.4171 | union_precision 0.0952 | weighted_recall 0.3846 | consensus_recall 0.0000 | threshold 0.500
Epoch 3/30 | train_loss 1.3199 | union_precision 0.1176 | weighted_recall 0.3846 | consensus_recall 0.0000 | threshold 0.525
Epoch 4/30 | train_loss 1.2826 | union_precision 0.1667 | weighted_recall 0.3846 | consensus_recall 0.0000 | threshold 0.550
Epoch 5/30 | train_loss 1.2520 | union_precision 0.2000 | weighted_recall 0.5128 | consensus_recall 0.0000 | threshold 0.525
Epoch 6/30 | train_loss 1.2170 | union_precision 0.1739 | weighted_recall 0.5128 | consensus_recall 0.0000 | threshold 0.525
Epoch 7/30 | train_loss 1.1928 | union_precision 0.2105 | weighted_recall 0.5128 | consensus_recall 0.0000 | threshold 0.550
Epoch 8/30 | train_loss 1.1685 | union_precision 0.2105 | weighted_recall 0.5128 | consensus_recall 0.0000 | threshold 0.550
Epoch 9/30 | train_loss 1.1472 | union_precision 0.2222 | weighted_recall 0.5128 | consensus_recall 0.0000 | threshold 0.575
Epoch 10/30 | train_loss 1.1189 | union_precision 0.2500 | weighted_recall 0.2051 | consensus_recall 0.0000 | threshold 0.625
Epoch 11/30 | train_loss 1.0992 | union_precision 1.0000 | weighted_recall 0.2051 | consensus_recall 0.0000 | threshold 0.650
Epoch 12/30 | train_loss 1.0789 | union_precision 0.3077 | weighted_recall 0.5128 | consensus_recall 0.0000 | threshold 0.600
Epoch 13/30 | train_loss 1.0583 | union_precision 0.5000 | weighted_recall 0.2564 | consensus_recall 0.0000 | threshold 0.650
Epoch 14/30 | train_loss 1.0367 | union_precision 0.3333 | weighted_recall 0.5128 | consensus_recall 0.0000 | threshold 0.625
Epoch 15/30 | train_loss 1.0323 | union_precision 0.3846 | weighted_recall 0.5641 | consensus_recall 0.0000 | threshold 0.600
Epoch 16/30 | train_loss 1.0108 | union_precision 0.3846 | weighted_recall 0.5641 | consensus_recall 0.0000 | threshold 0.575
Early stopping at epoch 16
Held-out M33-3 | union_precision=1.0000 | weighted_recall=0.2051 | consensus_recall=0.0000
  oracle_stage_macro_f1=0.3611 | end_to_end_stage_macro_f1=0.0000
  end_to_end_stage_class_f1=low:0.0000,mid:0.0000,high:0.0000
Epoch 1/30 | train_loss 1.5343 | union_precision 1.0000 | weighted_recall 0.0203 | consensus_recall 0.0000 | threshold 0.550
Epoch 2/30 | train_loss 1.3907 | union_precision 1.0000 | weighted_recall 0.0304 | consensus_recall 0.0000 | threshold 0.550
Epoch 3/30 | train_loss 1.3373 | union_precision 1.0000 | weighted_recall 0.0264 | consensus_recall 0.0000 | threshold 0.600
Epoch 4/30 | train_loss 1.2835 | union_precision 1.0000 | weighted_recall 0.0264 | consensus_recall 0.0000 | threshold 0.600
Epoch 5/30 | train_loss 1.2404 | union_precision 0.9091 | weighted_recall 0.0345 | consensus_recall 0.0000 | threshold 0.600
Epoch 6/30 | train_loss 1.2107 | union_precision 1.0000 | weighted_recall 0.0020 | consensus_recall 0.0000 | threshold 0.725
Epoch 7/30 | train_loss 1.1852 | union_precision 1.0000 | weighted_recall 0.0020 | consensus_recall 0.0000 | threshold 0.725
Epoch 8/30 | train_loss 1.1505 | union_precision 1.0000 | weighted_recall 0.0020 | consensus_recall 0.0000 | threshold 0.750
Epoch 9/30 | train_loss 1.1353 | union_precision 1.0000 | weighted_recall 0.0061 | consensus_recall 0.0000 | threshold 0.750
Epoch 10/30 | train_loss 1.1160 | union_precision 0.9167 | weighted_recall 0.0690 | consensus_recall 0.0000 | threshold 0.675
Epoch 11/30 | train_loss 1.0907 | union_precision 0.9091 | weighted_recall 0.0669 | consensus_recall 0.0000 | threshold 0.700
Epoch 12/30 | train_loss 1.0825 | union_precision 0.9333 | weighted_recall 0.0771 | consensus_recall 0.0000 | threshold 0.700
Epoch 13/30 | train_loss 1.0529 | union_precision 0.9091 | weighted_recall 0.0669 | consensus_recall 0.0000 | threshold 0.725
Epoch 14/30 | train_loss 1.0500 | union_precision 0.9231 | weighted_recall 0.0710 | consensus_recall 0.0000 | threshold 0.725
Epoch 15/30 | train_loss 1.0300 | union_precision 1.0000 | weighted_recall 0.0548 | consensus_recall 0.0000 | threshold 0.775
Epoch 16/30 | train_loss 1.0105 | union_precision 1.0000 | weighted_recall 0.0548 | consensus_recall 0.0000 | threshold 0.775
Epoch 17/30 | train_loss 0.9963 | union_precision 1.0000 | weighted_recall 0.0467 | consensus_recall 0.0000 | threshold 0.800
Early stopping at epoch 17
Held-out M33-4 | union_precision=0.9333 | weighted_recall=0.0771 | consensus_recall=0.0000
  oracle_stage_macro_f1=0.4435 | end_to_end_stage_macro_f1=0.1202
  end_to_end_stage_class_f1=low:0.1205,mid:0.2400,high:0.0000
Epoch 1/30 | train_loss 1.5358 | union_precision 0.1176 | weighted_recall 0.0746 | consensus_recall 0.0000 | threshold 0.050
Epoch 2/30 | train_loss 1.4101 | union_precision 0.1429 | weighted_recall 0.1716 | consensus_recall 0.0000 | threshold 0.050
Epoch 3/30 | train_loss 1.3267 | union_precision 0.1455 | weighted_recall 0.1716 | consensus_recall 0.0000 | threshold 0.450
Epoch 4/30 | train_loss 1.2762 | union_precision 0.1481 | weighted_recall 0.1940 | consensus_recall 0.0000 | threshold 0.450
Epoch 5/30 | train_loss 1.2479 | union_precision 0.1562 | weighted_recall 0.1642 | consensus_recall 0.0000 | threshold 0.500
Epoch 6/30 | train_loss 1.2113 | union_precision 0.2069 | weighted_recall 0.1791 | consensus_recall 0.0000 | threshold 0.500
Epoch 7/30 | train_loss 1.1839 | union_precision 0.2609 | weighted_recall 0.1866 | consensus_recall 0.0000 | threshold 0.525
Epoch 8/30 | train_loss 1.1655 | union_precision 0.2500 | weighted_recall 0.1866 | consensus_recall 0.0000 | threshold 0.525
Epoch 9/30 | train_loss 1.1395 | union_precision 0.2800 | weighted_recall 0.2090 | consensus_recall 0.0000 | threshold 0.525
Epoch 10/30 | train_loss 1.1149 | union_precision 0.2500 | weighted_recall 0.2090 | consensus_recall 0.0000 | threshold 0.525
Epoch 11/30 | train_loss 1.0902 | union_precision 0.3125 | weighted_recall 0.1493 | consensus_recall 0.0000 | threshold 0.600
Epoch 12/30 | train_loss 1.0721 | union_precision 0.4000 | weighted_recall 0.0448 | consensus_recall 0.0000 | threshold 0.675
Epoch 13/30 | train_loss 1.0494 | union_precision 0.3846 | weighted_recall 0.1493 | consensus_recall 0.0000 | threshold 0.625
Epoch 14/30 | train_loss 1.0259 | union_precision 0.4167 | weighted_recall 0.1493 | consensus_recall 0.0000 | threshold 0.625
Epoch 15/30 | train_loss 1.0263 | union_precision 0.4167 | weighted_recall 0.0746 | consensus_recall 0.0000 | threshold 0.625
Epoch 16/30 | train_loss 1.0048 | union_precision 0.4444 | weighted_recall 0.0672 | consensus_recall 0.0000 | threshold 0.650
Epoch 17/30 | train_loss 0.9933 | union_precision 0.4118 | weighted_recall 0.1269 | consensus_recall 0.0000 | threshold 0.600
Epoch 18/30 | train_loss 0.9749 | union_precision 0.4444 | weighted_recall 0.0672 | consensus_recall 0.0000 | threshold 0.675
Epoch 19/30 | train_loss 0.9614 | union_precision 0.6667 | weighted_recall 0.0597 | consensus_recall 0.0000 | threshold 0.700
Epoch 20/30 | train_loss 0.9510 | union_precision 1.0000 | weighted_recall 0.0373 | consensus_recall 0.0000 | threshold 0.800
Epoch 21/30 | train_loss 0.9362 | union_precision 1.0000 | weighted_recall 0.0373 | consensus_recall 0.0000 | threshold 0.800
Epoch 22/30 | train_loss 0.9365 | union_precision 1.0000 | weighted_recall 0.0373 | consensus_recall 0.0000 | threshold 0.800
Epoch 23/30 | train_loss 0.9178 | union_precision 1.0000 | weighted_recall 0.0373 | consensus_recall 0.0000 | threshold 0.800
Epoch 24/30 | train_loss 0.9137 | union_precision 1.0000 | weighted_recall 0.0448 | consensus_recall 0.0000 | threshold 0.800
Epoch 25/30 | train_loss 0.9048 | union_precision 1.0000 | weighted_recall 0.0373 | consensus_recall 0.0000 | threshold 0.825
Epoch 26/30 | train_loss 0.8910 | union_precision 1.0000 | weighted_recall 0.0373 | consensus_recall 0.0000 | threshold 0.850
Epoch 27/30 | train_loss 0.8776 | union_precision 1.0000 | weighted_recall 0.0373 | consensus_recall 0.0000 | threshold 0.850
Epoch 28/30 | train_loss 0.8732 | union_precision 1.0000 | weighted_recall 0.0373 | consensus_recall 0.0000 | threshold 0.850
Epoch 29/30 | train_loss 0.8622 | union_precision 1.0000 | weighted_recall 0.0373 | consensus_recall 0.0000 | threshold 0.850
Early stopping at epoch 29
Held-out M41-1 | union_precision=1.0000 | weighted_recall=0.0448 | consensus_recall=0.0000
  oracle_stage_macro_f1=0.4516 | end_to_end_stage_macro_f1=0.0333
  end_to_end_stage_class_f1=low:0.1000,mid:0.0000,high:0.0000
Epoch 1/30 | train_loss 1.5350 | union_precision 0.3750 | weighted_recall 0.1481 | consensus_recall 0.0000 | threshold 0.475
Epoch 2/30 | train_loss 1.4124 | union_precision 0.3846 | weighted_recall 0.1296 | consensus_recall 0.0000 | threshold 0.475
Epoch 3/30 | train_loss 1.3282 | union_precision 0.3125 | weighted_recall 0.2037 | consensus_recall 0.0000 | threshold 0.475
Epoch 4/30 | train_loss 1.2799 | union_precision 0.3333 | weighted_recall 0.2037 | consensus_recall 0.0000 | threshold 0.500
Epoch 5/30 | train_loss 1.2523 | union_precision 0.3750 | weighted_recall 0.2222 | consensus_recall 0.0000 | threshold 0.500
Epoch 6/30 | train_loss 1.2152 | union_precision 0.4000 | weighted_recall 0.1852 | consensus_recall 0.0000 | threshold 0.550
Epoch 7/30 | train_loss 1.1879 | union_precision 0.4000 | weighted_recall 0.2222 | consensus_recall 0.0000 | threshold 0.525
Epoch 8/30 | train_loss 1.1661 | union_precision 0.4000 | weighted_recall 0.2222 | consensus_recall 0.0000 | threshold 0.525
Epoch 9/30 | train_loss 1.1466 | union_precision 0.3571 | weighted_recall 0.2037 | consensus_recall 0.0000 | threshold 0.550
Epoch 10/30 | train_loss 1.1185 | union_precision 0.4000 | weighted_recall 0.2222 | consensus_recall 0.0000 | threshold 0.550
Epoch 11/30 | train_loss 1.0978 | union_precision 0.3750 | weighted_recall 0.2222 | consensus_recall 0.0000 | threshold 0.550
Epoch 12/30 | train_loss 1.0760 | union_precision 0.3750 | weighted_recall 0.2222 | consensus_recall 0.0000 | threshold 0.550
Early stopping at epoch 12
Held-out M41-2 | union_precision=0.4000 | weighted_recall=0.2222 | consensus_recall=0.0000
  oracle_stage_macro_f1=0.4128 | end_to_end_stage_macro_f1=0.1111
  end_to_end_stage_class_f1=low:0.1111,mid:0.2222,high:0.0000
Epoch 1/30 | train_loss 1.5354 | union_precision 0.5455 | weighted_recall 0.1828 | consensus_recall 0.0000 | threshold 0.550
Epoch 2/30 | train_loss 1.4100 | union_precision 0.6667 | weighted_recall 0.2043 | consensus_recall 0.0000 | threshold 0.550
Epoch 3/30 | train_loss 1.3260 | union_precision 0.6667 | weighted_recall 0.2043 | consensus_recall 0.0000 | threshold 0.550
Epoch 4/30 | train_loss 1.2796 | union_precision 0.6667 | weighted_recall 0.2043 | consensus_recall 0.0000 | threshold 0.575
Epoch 5/30 | train_loss 1.2513 | union_precision 0.6429 | weighted_recall 0.2796 | consensus_recall 0.0000 | threshold 0.525
Epoch 6/30 | train_loss 1.2136 | union_precision 0.6667 | weighted_recall 0.2796 | consensus_recall 0.0000 | threshold 0.525
Epoch 7/30 | train_loss 1.1876 | union_precision 0.6667 | weighted_recall 0.2796 | consensus_recall 0.0000 | threshold 0.525
Epoch 8/30 | train_loss 1.1658 | union_precision 0.7143 | weighted_recall 0.1720 | consensus_recall 0.0000 | threshold 0.625
Epoch 9/30 | train_loss 1.1496 | union_precision 0.7500 | weighted_recall 0.2473 | consensus_recall 0.0000 | threshold 0.625
Epoch 10/30 | train_loss 1.1187 | union_precision 0.6667 | weighted_recall 0.3011 | consensus_recall 0.0000 | threshold 0.550
Epoch 11/30 | train_loss 1.0979 | union_precision 0.6000 | weighted_recall 0.2366 | consensus_recall 0.0000 | threshold 0.550
Epoch 12/30 | train_loss 1.0765 | union_precision 1.0000 | weighted_recall 0.1398 | consensus_recall 0.0000 | threshold 0.675
Epoch 13/30 | train_loss 1.0536 | union_precision 1.0000 | weighted_recall 0.0645 | consensus_recall 0.0000 | threshold 0.700
Epoch 14/30 | train_loss 1.0313 | union_precision 1.0000 | weighted_recall 0.1290 | consensus_recall 0.0000 | threshold 0.700
Epoch 15/30 | train_loss 1.0275 | union_precision 1.0000 | weighted_recall 0.1290 | consensus_recall 0.0000 | threshold 0.700
Epoch 16/30 | train_loss 1.0075 | union_precision 1.0000 | weighted_recall 0.1290 | consensus_recall 0.0000 | threshold 0.700
Epoch 17/30 | train_loss 0.9970 | union_precision 1.0000 | weighted_recall 0.1290 | consensus_recall 0.0000 | threshold 0.700
Early stopping at epoch 17
Held-out M41-3 | union_precision=1.0000 | weighted_recall=0.1398 | consensus_recall=0.0000
  oracle_stage_macro_f1=0.4784 | end_to_end_stage_macro_f1=0.1574
  end_to_end_stage_class_f1=low:0.2222,mid:0.2500,high:0.0000
Epoch 1/30 | train_loss 1.5378 | union_precision 0.5000 | weighted_recall 0.0149 | consensus_recall 0.0000 | threshold 0.575
Epoch 2/30 | train_loss 1.4118 | union_precision 0.4000 | weighted_recall 0.0299 | consensus_recall 0.0000 | threshold 0.575
Epoch 3/30 | train_loss 1.3275 | union_precision 1.0000 | weighted_recall 0.0149 | consensus_recall 0.0000 | threshold 0.625
Epoch 4/30 | train_loss 1.2830 | union_precision 1.0000 | weighted_recall 0.0149 | consensus_recall 0.0000 | threshold 0.625
Epoch 5/30 | train_loss 1.2514 | union_precision 1.0000 | weighted_recall 0.0149 | consensus_recall 0.0000 | threshold 0.650
Epoch 6/30 | train_loss 1.2153 | union_precision 1.0000 | weighted_recall 0.0149 | consensus_recall 0.0000 | threshold 0.650
Epoch 7/30 | train_loss 1.1908 | union_precision 1.0000 | weighted_recall 0.0448 | consensus_recall 0.0000 | threshold 0.650
Epoch 8/30 | train_loss 1.1683 | union_precision 1.0000 | weighted_recall 0.0149 | consensus_recall 0.0000 | threshold 0.675
Epoch 9/30 | train_loss 1.1479 | union_precision 1.0000 | weighted_recall 0.0299 | consensus_recall 0.0000 | threshold 0.675
Epoch 10/30 | train_loss 1.1203 | union_precision 0.6667 | weighted_recall 0.0448 | consensus_recall 0.0000 | threshold 0.675
Epoch 11/30 | train_loss 1.1020 | union_precision 0.5000 | weighted_recall 0.0149 | consensus_recall 0.0000 | threshold 0.700
Epoch 12/30 | train_loss 1.0772 | union_precision 0.6667 | weighted_recall 0.0448 | consensus_recall 0.0000 | threshold 0.700
Early stopping at epoch 12
Held-out M41-4 | union_precision=1.0000 | weighted_recall=0.0448 | consensus_recall=0.0000
  oracle_stage_macro_f1=0.2618 | end_to_end_stage_macro_f1=0.0351
  end_to_end_stage_class_f1=low:0.0000,mid:0.1053,high:0.0000
Epoch 1/30 | train_loss 1.5333 | union_precision 0.2632 | weighted_recall 0.1558 | consensus_recall 0.0000 | threshold 0.475
Epoch 2/30 | train_loss 1.4072 | union_precision 0.2812 | weighted_recall 0.1948 | consensus_recall 0.0000 | threshold 0.525
Epoch 3/30 | train_loss 1.3253 | union_precision 0.2683 | weighted_recall 0.2078 | consensus_recall 0.0000 | threshold 0.500
Epoch 4/30 | train_loss 1.2809 | union_precision 0.2750 | weighted_recall 0.2078 | consensus_recall 0.0000 | threshold 0.525
Epoch 5/30 | train_loss 1.2490 | union_precision 0.2778 | weighted_recall 0.2013 | consensus_recall 0.0000 | threshold 0.550
Epoch 6/30 | train_loss 1.2125 | union_precision 0.2857 | weighted_recall 0.2208 | consensus_recall 0.0000 | threshold 0.625
Epoch 7/30 | train_loss 1.1850 | union_precision 0.2857 | weighted_recall 0.2208 | consensus_recall 0.0000 | threshold 0.625
Epoch 8/30 | train_loss 1.1678 | union_precision 0.2857 | weighted_recall 0.3506 | consensus_recall 0.0000 | threshold 0.050
Epoch 9/30 | train_loss 1.1484 | union_precision 0.2941 | weighted_recall 0.2857 | consensus_recall 0.0000 | threshold 0.650
Epoch 10/30 | train_loss 1.1153 | union_precision 0.4444 | weighted_recall 0.1688 | consensus_recall 0.0000 | threshold 0.700
Epoch 11/30 | train_loss 1.0990 | union_precision 0.5556 | weighted_recall 0.1818 | consensus_recall 0.0000 | threshold 0.725
Epoch 12/30 | train_loss 1.0752 | union_precision 0.5714 | weighted_recall 0.0714 | consensus_recall 0.0000 | threshold 0.750
Epoch 13/30 | train_loss 1.0558 | union_precision 1.0000 | weighted_recall 0.0065 | consensus_recall 0.0000 | threshold 0.800
Epoch 14/30 | train_loss 1.0272 | union_precision 0.6667 | weighted_recall 0.0714 | consensus_recall 0.0000 | threshold 0.775
Epoch 15/30 | train_loss 1.0253 | union_precision 1.0000 | weighted_recall 0.0065 | consensus_recall 0.0000 | threshold 0.825
Epoch 16/30 | train_loss 1.0042 | union_precision 0.8000 | weighted_recall 0.0714 | consensus_recall 0.0000 | threshold 0.800
Epoch 17/30 | train_loss 0.9949 | union_precision 1.0000 | weighted_recall 0.0065 | consensus_recall 0.0000 | threshold 0.850
Epoch 18/30 | train_loss 0.9782 | union_precision 1.0000 | weighted_recall 0.0065 | consensus_recall 0.0000 | threshold 0.850
Early stopping at epoch 18
Held-out M50-1 | union_precision=1.0000 | weighted_recall=0.0065 | consensus_recall=0.0000
  oracle_stage_macro_f1=0.4371 | end_to_end_stage_macro_f1=0.0370
  end_to_end_stage_class_f1=low:0.0000,mid:0.1111,high:0.0000
Epoch 1/30 | train_loss 1.5351 | union_precision 0.2917 | weighted_recall 0.1205 | consensus_recall 0.0000 | threshold 0.525
Epoch 2/30 | train_loss 1.4093 | union_precision 0.2333 | weighted_recall 0.1325 | consensus_recall 0.0000 | threshold 0.475
Epoch 3/30 | train_loss 1.3242 | union_precision 0.2308 | weighted_recall 0.1446 | consensus_recall 0.0000 | threshold 0.450
Epoch 4/30 | train_loss 1.2836 | union_precision 0.2778 | weighted_recall 0.1024 | consensus_recall 0.0000 | threshold 0.525
Epoch 5/30 | train_loss 1.2483 | union_precision 0.3750 | weighted_recall 0.0482 | consensus_recall 0.0000 | threshold 0.575
Epoch 6/30 | train_loss 1.2143 | union_precision 0.3333 | weighted_recall 0.0482 | consensus_recall 0.0000 | threshold 0.575
Epoch 7/30 | train_loss 1.1877 | union_precision 0.3333 | weighted_recall 0.0181 | consensus_recall 0.0000 | threshold 0.600
Epoch 8/30 | train_loss 1.1700 | union_precision 0.3571 | weighted_recall 0.0663 | consensus_recall 0.0000 | threshold 0.575
Epoch 9/30 | train_loss 1.1505 | union_precision 0.5000 | weighted_recall 0.0181 | consensus_recall 0.0000 | threshold 0.650
Epoch 10/30 | train_loss 1.1198 | union_precision 0.5000 | weighted_recall 0.0422 | consensus_recall 0.0000 | threshold 0.600
Epoch 11/30 | train_loss 1.0992 | union_precision 0.5000 | weighted_recall 0.0181 | consensus_recall 0.0000 | threshold 0.650
Epoch 12/30 | train_loss 1.0742 | union_precision 0.6000 | weighted_recall 0.0361 | consensus_recall 0.0000 | threshold 0.625
Epoch 13/30 | train_loss 1.0566 | union_precision 0.5000 | weighted_recall 0.0361 | consensus_recall 0.0000 | threshold 0.625
Epoch 14/30 | train_loss 1.0304 | union_precision 0.5714 | weighted_recall 0.0422 | consensus_recall 0.0000 | threshold 0.625
Epoch 15/30 | train_loss 1.0277 | union_precision 0.5000 | weighted_recall 0.0181 | consensus_recall 0.0000 | threshold 0.650
Epoch 16/30 | train_loss 1.0065 | union_precision 0.6667 | weighted_recall 0.0301 | consensus_recall 0.0000 | threshold 0.650
Epoch 17/30 | train_loss 0.9955 | union_precision 0.6667 | weighted_recall 0.0301 | consensus_recall 0.0000 | threshold 0.675
Epoch 18/30 | train_loss 0.9783 | union_precision 0.6667 | weighted_recall 0.0301 | consensus_recall 0.0000 | threshold 0.700
Epoch 19/30 | train_loss 0.9680 | union_precision 0.6667 | weighted_recall 0.0301 | consensus_recall 0.0000 | threshold 0.725
Epoch 20/30 | train_loss 0.9557 | union_precision 0.6667 | weighted_recall 0.0301 | consensus_recall 0.0000 | threshold 0.750
Epoch 21/30 | train_loss 0.9451 | union_precision 0.6667 | weighted_recall 0.0301 | consensus_recall 0.0000 | threshold 0.775
Early stopping at epoch 21
Held-out M50-2 | union_precision=0.6667 | weighted_recall=0.0301 | consensus_recall=0.0000
  oracle_stage_macro_f1=0.4261 | end_to_end_stage_macro_f1=0.0906
  end_to_end_stage_class_f1=low:0.1667,mid:0.1053,high:0.0000
Epoch 1/30 | train_loss 1.5445 | union_precision 0.8000 | weighted_recall 0.0350 | consensus_recall 0.0000 | threshold 0.575
Epoch 2/30 | train_loss 1.4193 | union_precision 0.8000 | weighted_recall 0.0350 | consensus_recall 0.0000 | threshold 0.575
Epoch 3/30 | train_loss 1.3351 | union_precision 0.8889 | weighted_recall 0.0626 | consensus_recall 0.0000 | threshold 0.575
Epoch 4/30 | train_loss 1.2889 | union_precision 0.8750 | weighted_recall 0.0608 | consensus_recall 0.0000 | threshold 0.600
Epoch 5/30 | train_loss 1.2516 | union_precision 0.8333 | weighted_recall 0.0479 | consensus_recall 0.0000 | threshold 0.625
Epoch 6/30 | train_loss 1.2190 | union_precision 0.8000 | weighted_recall 0.0902 | consensus_recall 0.0000 | threshold 0.650
Epoch 7/30 | train_loss 1.1921 | union_precision 0.8333 | weighted_recall 0.0958 | consensus_recall 0.0000 | threshold 0.650
Epoch 8/30 | train_loss 1.1704 | union_precision 0.7500 | weighted_recall 0.0792 | consensus_recall 0.0000 | threshold 0.675
Early stopping at epoch 8
Held-out M50-3 | union_precision=0.8889 | weighted_recall=0.0626 | consensus_recall=0.0000
  oracle_stage_macro_f1=0.3641 | end_to_end_stage_macro_f1=0.0735
  end_to_end_stage_class_f1=low:0.0000,mid:0.1538,high:0.0667
Epoch 1/30 | train_loss 1.5322 | union_precision 0.3333 | weighted_recall 0.0581 | consensus_recall 0.0000 | threshold 0.525
Epoch 2/30 | train_loss 1.4074 | union_precision 0.5000 | weighted_recall 0.0581 | consensus_recall 0.0000 | threshold 0.575
Epoch 3/30 | train_loss 1.3296 | union_precision 0.5000 | weighted_recall 0.0664 | consensus_recall 0.0000 | threshold 0.525
Epoch 4/30 | train_loss 1.2827 | union_precision 0.5333 | weighted_recall 0.2033 | consensus_recall 1.0000 | threshold 0.525
Epoch 5/30 | train_loss 1.2446 | union_precision 0.5263 | weighted_recall 0.2116 | consensus_recall 1.0000 | threshold 0.525
Epoch 6/30 | train_loss 1.2116 | union_precision 0.6364 | weighted_recall 0.1992 | consensus_recall 1.0000 | threshold 0.550
Epoch 7/30 | train_loss 1.1800 | union_precision 0.5714 | weighted_recall 0.2033 | consensus_recall 1.0000 | threshold 0.550
Epoch 8/30 | train_loss 1.1614 | union_precision 0.5000 | weighted_recall 0.2656 | consensus_recall 1.0000 | threshold 0.550
Epoch 9/30 | train_loss 1.1461 | union_precision 0.5455 | weighted_recall 0.3071 | consensus_recall 1.0000 | threshold 0.550
Epoch 10/30 | train_loss 1.1162 | union_precision 0.5217 | weighted_recall 0.3071 | consensus_recall 1.0000 | threshold 0.550
Epoch 11/30 | train_loss 1.0904 | union_precision 0.5185 | weighted_recall 0.2199 | consensus_recall 1.0000 | threshold 0.550
Early stopping at epoch 11
Held-out M56-1 | union_precision=0.6364 | weighted_recall=0.1992 | consensus_recall=1.0000
  oracle_stage_macro_f1=0.4497 | end_to_end_stage_macro_f1=0.0351
  end_to_end_stage_class_f1=low:0.1053,mid:0.0000,high:0.0000
Epoch 1/30 | train_loss 1.5258 | union_precision 0.2121 | weighted_recall 0.0803 | consensus_recall 0.0000 | threshold 0.050
Epoch 2/30 | train_loss 1.4090 | union_precision 0.3125 | weighted_recall 0.2117 | consensus_recall 0.0000 | threshold 0.050
Epoch 3/30 | train_loss 1.3280 | union_precision 0.3030 | weighted_recall 0.2117 | consensus_recall 0.0000 | threshold 0.050
Epoch 4/30 | train_loss 1.2823 | union_precision 0.2941 | weighted_recall 0.2117 | consensus_recall 0.0000 | threshold 0.050
Epoch 5/30 | train_loss 1.2458 | union_precision 0.2941 | weighted_recall 0.2117 | consensus_recall 0.0000 | threshold 0.475
Epoch 6/30 | train_loss 1.2151 | union_precision 0.3030 | weighted_recall 0.2117 | consensus_recall 0.0000 | threshold 0.475
Epoch 7/30 | train_loss 1.1800 | union_precision 0.3030 | weighted_recall 0.1971 | consensus_recall 0.0000 | threshold 0.475
Early stopping at epoch 7
Held-out M56-2 | union_precision=0.3125 | weighted_recall=0.2117 | consensus_recall=0.0000
  oracle_stage_macro_f1=0.3146 | end_to_end_stage_macro_f1=0.0444
  end_to_end_stage_class_f1=low:0.1333,mid:0.0000,high:0.0000
Epoch 1/30 | train_loss 1.5292 | union_precision 1.0000 | weighted_recall 0.0075 | consensus_recall 0.0000 | threshold 0.650
Epoch 2/30 | train_loss 1.4113 | union_precision 1.0000 | weighted_recall 0.0299 | consensus_recall 0.0000 | threshold 0.650
Epoch 3/30 | train_loss 1.3388 | union_precision 0.9000 | weighted_recall 0.0449 | consensus_recall 0.0000 | threshold 0.625
Epoch 4/30 | train_loss 1.2864 | union_precision 0.9000 | weighted_recall 0.0449 | consensus_recall 0.0000 | threshold 0.625
Epoch 5/30 | train_loss 1.2508 | union_precision 1.0000 | weighted_recall 0.0224 | consensus_recall 0.0000 | threshold 0.675
Epoch 6/30 | train_loss 1.2189 | union_precision 1.0000 | weighted_recall 0.0075 | consensus_recall 0.0000 | threshold 0.700
Epoch 7/30 | train_loss 1.1800 | union_precision 1.0000 | weighted_recall 0.0374 | consensus_recall 0.0000 | threshold 0.700
Epoch 8/30 | train_loss 1.1684 | union_precision 1.0000 | weighted_recall 0.0374 | consensus_recall 0.0000 | threshold 0.700
Early stopping at epoch 8
Held-out M56-3 | union_precision=0.9000 | weighted_recall=0.0449 | consensus_recall=0.0000
  oracle_stage_macro_f1=0.2771 | end_to_end_stage_macro_f1=0.0190
  end_to_end_stage_class_f1=low:0.0571,mid:0.0000,high:0.0000
Epoch 1/30 | train_loss 1.5218 | union_precision 0.4545 | weighted_recall 0.0879 | consensus_recall 0.0000 | threshold 0.525
Epoch 2/30 | train_loss 1.4057 | union_precision 0.5000 | weighted_recall 0.0165 | consensus_recall 0.0000 | threshold 0.625
Epoch 3/30 | train_loss 1.3306 | union_precision 0.3404 | weighted_recall 0.2637 | consensus_recall 0.0000 | threshold 0.475
Epoch 4/30 | train_loss 1.2826 | union_precision 0.3478 | weighted_recall 0.3297 | consensus_recall 0.0000 | threshold 0.475
Epoch 5/30 | train_loss 1.2479 | union_precision 0.3571 | weighted_recall 0.1593 | consensus_recall 0.0000 | threshold 0.550
Epoch 6/30 | train_loss 1.2152 | union_precision 0.3778 | weighted_recall 0.3297 | consensus_recall 0.0000 | threshold 0.475
Epoch 7/30 | train_loss 1.1759 | union_precision 0.3750 | weighted_recall 0.0934 | consensus_recall 0.0000 | threshold 0.575
Early stopping at epoch 7
Held-out M59-1 | union_precision=0.5000 | weighted_recall=0.0165 | consensus_recall=0.0000
  oracle_stage_macro_f1=0.2695 | end_to_end_stage_macro_f1=0.0000
  end_to_end_stage_class_f1=low:0.0000,mid:0.0000,high:0.0000
Epoch 1/30 | train_loss 1.5198 | union_precision 0.6667 | weighted_recall 0.0614 | consensus_recall 0.0000 | threshold 0.550
Epoch 2/30 | train_loss 1.4054 | union_precision 0.5000 | weighted_recall 0.0088 | consensus_recall 0.0000 | threshold 0.575
Epoch 3/30 | train_loss 1.3293 | union_precision 0.5161 | weighted_recall 0.3509 | consensus_recall 0.0000 | threshold 0.500
Epoch 4/30 | train_loss 1.2825 | union_precision 0.5000 | weighted_recall 0.3509 | consensus_recall 0.0000 | threshold 0.500
Epoch 5/30 | train_loss 1.2478 | union_precision 0.5000 | weighted_recall 0.1447 | consensus_recall 0.0000 | threshold 0.525
Epoch 6/30 | train_loss 1.2099 | union_precision 0.6667 | weighted_recall 0.0132 | consensus_recall 0.0000 | threshold 0.625
Early stopping at epoch 6
Held-out M59-2 | union_precision=0.6667 | weighted_recall=0.0614 | consensus_recall=0.0000
  oracle_stage_macro_f1=0.4061 | end_to_end_stage_macro_f1=0.0303
  end_to_end_stage_class_f1=low:0.0000,mid:0.0909,high:0.0000
Epoch 1/30 | train_loss 1.5175 | union_precision 0.1875 | weighted_recall 0.1390 | consensus_recall 0.0000 | threshold 0.050
Epoch 2/30 | train_loss 1.4093 | union_precision 0.2222 | weighted_recall 0.2305 | consensus_recall 0.5000 | threshold 0.475
Epoch 3/30 | train_loss 1.3295 | union_precision 0.5000 | weighted_recall 0.0712 | consensus_recall 0.0000 | threshold 0.575
Epoch 4/30 | train_loss 1.2902 | union_precision 0.5000 | weighted_recall 0.1831 | consensus_recall 0.5000 | threshold 0.550
Epoch 5/30 | train_loss 1.2540 | union_precision 0.5455 | weighted_recall 0.1763 | consensus_recall 0.5000 | threshold 0.575
Epoch 6/30 | train_loss 1.2230 | union_precision 0.6667 | weighted_recall 0.1085 | consensus_recall 0.5000 | threshold 0.650
Epoch 7/30 | train_loss 1.1760 | union_precision 0.6667 | weighted_recall 0.1085 | consensus_recall 0.5000 | threshold 0.675
Epoch 8/30 | train_loss 1.1646 | union_precision 0.6667 | weighted_recall 0.1085 | consensus_recall 0.5000 | threshold 0.675
Epoch 9/30 | train_loss 1.1479 | union_precision 0.6667 | weighted_recall 0.1085 | consensus_recall 0.5000 | threshold 0.675
Epoch 10/30 | train_loss 1.1244 | union_precision 0.6667 | weighted_recall 0.1085 | consensus_recall 0.5000 | threshold 0.700
Epoch 11/30 | train_loss 1.0933 | union_precision 0.6667 | weighted_recall 0.1085 | consensus_recall 0.5000 | threshold 0.700
Early stopping at epoch 11
Held-out M59-3 | union_precision=0.6667 | weighted_recall=0.1085 | consensus_recall=0.5000
  oracle_stage_macro_f1=0.3288 | end_to_end_stage_macro_f1=0.0000
  end_to_end_stage_class_f1=low:0.0000,mid:0.0000,high:0.0000
Epoch 1/30 | train_loss 1.5248 | union_precision 0.7500 | weighted_recall 0.0500 | consensus_recall 0.0000 | threshold 0.575
Epoch 2/30 | train_loss 1.4051 | union_precision 0.6667 | weighted_recall 0.0417 | consensus_recall 0.0000 | threshold 0.600
Epoch 3/30 | train_loss 1.3226 | union_precision 0.6667 | weighted_recall 0.0417 | consensus_recall 0.0000 | threshold 0.625
Epoch 4/30 | train_loss 1.2806 | union_precision 0.6667 | weighted_recall 0.0417 | consensus_recall 0.0000 | threshold 0.650
Epoch 5/30 | train_loss 1.2474 | union_precision 0.5000 | weighted_recall 0.0083 | consensus_recall 0.0000 | threshold 0.675
Epoch 6/30 | train_loss 1.2116 | union_precision 0.3750 | weighted_recall 0.1833 | consensus_recall 0.0000 | threshold 0.475
Early stopping at epoch 6
Held-out M63-1 | union_precision=0.7500 | weighted_recall=0.0500 | consensus_recall=0.0000
  oracle_stage_macro_f1=0.3271 | end_to_end_stage_macro_f1=0.0606
  end_to_end_stage_class_f1=low:0.0000,mid:0.1818,high:0.0000
Epoch 1/30 | train_loss 1.5249 | union_precision 0.6667 | weighted_recall 0.0714 | consensus_recall 0.0000 | threshold 0.575
Epoch 2/30 | train_loss 1.4048 | union_precision 1.0000 | weighted_recall 0.0556 | consensus_recall 0.0000 | threshold 0.650
Epoch 3/30 | train_loss 1.3219 | union_precision 0.7500 | weighted_recall 0.0794 | consensus_recall 0.0000 | threshold 0.575
Epoch 4/30 | train_loss 1.2804 | union_precision 0.6667 | weighted_recall 0.0714 | consensus_recall 0.0000 | threshold 0.600
Epoch 5/30 | train_loss 1.2453 | union_precision 0.6250 | weighted_recall 0.1508 | consensus_recall 0.0000 | threshold 0.575
Epoch 6/30 | train_loss 1.2128 | union_precision 0.6000 | weighted_recall 0.1349 | consensus_recall 0.0000 | threshold 0.600
Epoch 7/30 | train_loss 1.1721 | union_precision 0.6000 | weighted_recall 0.1349 | consensus_recall 0.0000 | threshold 0.600
Early stopping at epoch 7
Held-out M63-3 | union_precision=1.0000 | weighted_recall=0.0556 | consensus_recall=0.0000
  oracle_stage_macro_f1=0.2721 | end_to_end_stage_macro_f1=0.0000
  end_to_end_stage_class_f1=low:0.0000,mid:0.0000,high:0.0000
Epoch 1/30 | train_loss 1.5223 | union_precision 0.8000 | weighted_recall 0.1746 | consensus_recall 0.0000 | threshold 0.550
Epoch 2/30 | train_loss 1.4063 | union_precision 0.8000 | weighted_recall 0.3333 | consensus_recall 0.0000 | threshold 0.550
Epoch 3/30 | train_loss 1.3250 | union_precision 0.8000 | weighted_recall 0.3333 | consensus_recall 0.0000 | threshold 0.575
Epoch 4/30 | train_loss 1.2820 | union_precision 0.8000 | weighted_recall 0.3333 | consensus_recall 0.0000 | threshold 0.600
Epoch 5/30 | train_loss 1.2489 | union_precision 0.8000 | weighted_recall 0.2540 | consensus_recall 0.0000 | threshold 0.600
Epoch 6/30 | train_loss 1.2159 | union_precision 0.8000 | weighted_recall 0.2540 | consensus_recall 0.0000 | threshold 0.600
Epoch 7/30 | train_loss 1.1740 | union_precision 0.6667 | weighted_recall 0.2540 | consensus_recall 0.0000 | threshold 0.600
Epoch 8/30 | train_loss 1.1592 | union_precision 0.8000 | weighted_recall 0.2540 | consensus_recall 0.0000 | threshold 0.625
Early stopping at epoch 8
Held-out M67-1 | union_precision=0.8000 | weighted_recall=0.3333 | consensus_recall=0.0000
  oracle_stage_macro_f1=0.5759 | end_to_end_stage_macro_f1=0.1667
  end_to_end_stage_class_f1=low:0.0000,mid:0.5000,high:0.0000
Epoch 1/30 | train_loss 1.5231 | union_precision 0.2800 | weighted_recall 0.2203 | consensus_recall 0.0000 | threshold 0.475
Epoch 2/30 | train_loss 1.4058 | union_precision 0.3636 | weighted_recall 0.1695 | consensus_recall 0.0000 | threshold 0.525
Epoch 3/30 | train_loss 1.3243 | union_precision 0.4286 | weighted_recall 0.0847 | consensus_recall 0.0000 | threshold 0.550
Epoch 4/30 | train_loss 1.2808 | union_precision 0.6667 | weighted_recall 0.0678 | consensus_recall 0.0000 | threshold 0.575
Epoch 5/30 | train_loss 1.2460 | union_precision 0.5000 | weighted_recall 0.0847 | consensus_recall 0.0000 | threshold 0.575
Epoch 6/30 | train_loss 1.2130 | union_precision 0.5000 | weighted_recall 0.0847 | consensus_recall 0.0000 | threshold 0.575
Epoch 7/30 | train_loss 1.1727 | union_precision 0.5714 | weighted_recall 0.1356 | consensus_recall 0.0000 | threshold 0.575
Epoch 8/30 | train_loss 1.1568 | union_precision 0.6000 | weighted_recall 0.1186 | consensus_recall 0.0000 | threshold 0.575
Epoch 9/30 | train_loss 1.1385 | union_precision 0.6000 | weighted_recall 0.1186 | consensus_recall 0.0000 | threshold 0.575
Early stopping at epoch 9
Held-out M67-2 | union_precision=0.6667 | weighted_recall=0.0678 | consensus_recall=0.0000
  oracle_stage_macro_f1=0.2055 | end_to_end_stage_macro_f1=0.0000
  end_to_end_stage_class_f1=low:0.0000,mid:0.0000,high:0.0000
Epoch 1/30 | train_loss 1.5226 | union_precision 1.0000 | weighted_recall 0.0746 | consensus_recall 0.0000 | threshold 0.600
Epoch 2/30 | train_loss 1.4081 | union_precision 1.0000 | weighted_recall 0.0746 | consensus_recall 0.0000 | threshold 0.625
Epoch 3/30 | train_loss 1.3255 | union_precision 1.0000 | weighted_recall 0.0746 | consensus_recall 0.0000 | threshold 0.650
Epoch 4/30 | train_loss 1.2808 | union_precision 1.0000 | weighted_recall 0.0746 | consensus_recall 0.0000 | threshold 0.625
Epoch 5/30 | train_loss 1.2458 | union_precision 1.0000 | weighted_recall 0.0746 | consensus_recall 0.0000 | threshold 0.650
Epoch 6/30 | train_loss 1.2139 | union_precision 1.0000 | weighted_recall 0.0746 | consensus_recall 0.0000 | threshold 0.675
Early stopping at epoch 6
Held-out M67-3 | union_precision=1.0000 | weighted_recall=0.0746 | consensus_recall=0.0000
  oracle_stage_macro_f1=0.4522 | end_to_end_stage_macro_f1=0.0667
  end_to_end_stage_class_f1=low:0.0000,mid:0.2000,high:0.0000
Epoch 1/30 | train_loss 1.5234 | union_precision 0.6364 | weighted_recall 0.0828 | consensus_recall 0.0000 | threshold 0.550
Epoch 2/30 | train_loss 1.4083 | union_precision 0.7143 | weighted_recall 0.0510 | consensus_recall 0.0000 | threshold 0.575
Epoch 3/30 | train_loss 1.3240 | union_precision 0.7143 | weighted_recall 0.0510 | consensus_recall 0.0000 | threshold 0.600
Epoch 4/30 | train_loss 1.2812 | union_precision 0.7143 | weighted_recall 0.0510 | consensus_recall 0.0000 | threshold 0.625
Epoch 5/30 | train_loss 1.2452 | union_precision 0.7500 | weighted_recall 0.0701 | consensus_recall 0.0000 | threshold 0.625
Epoch 6/30 | train_loss 1.2142 | union_precision 0.8000 | weighted_recall 0.0510 | consensus_recall 0.0000 | threshold 0.650
Epoch 7/30 | train_loss 1.1722 | union_precision 1.0000 | weighted_recall 0.0191 | consensus_recall 0.0000 | threshold 0.675
Epoch 8/30 | train_loss 1.1589 | union_precision 1.0000 | weighted_recall 0.0191 | consensus_recall 0.0000 | threshold 0.675
Epoch 9/30 | train_loss 1.1411 | union_precision 1.0000 | weighted_recall 0.0191 | consensus_recall 0.0000 | threshold 0.675
Epoch 10/30 | train_loss 1.1207 | union_precision 1.0000 | weighted_recall 0.0446 | consensus_recall 0.0000 | threshold 0.675
Epoch 11/30 | train_loss 1.0903 | union_precision 1.0000 | weighted_recall 0.0191 | consensus_recall 0.0000 | threshold 0.700
Epoch 12/30 | train_loss 1.0705 | union_precision 1.0000 | weighted_recall 0.0446 | consensus_recall 0.0000 | threshold 0.700
Epoch 13/30 | train_loss 1.0517 | union_precision 1.0000 | weighted_recall 0.0191 | consensus_recall 0.0000 | threshold 0.725
Epoch 14/30 | train_loss 1.0319 | union_precision 1.0000 | weighted_recall 0.0637 | consensus_recall 0.0000 | threshold 0.725
Epoch 15/30 | train_loss 1.0266 | union_precision 1.0000 | weighted_recall 0.0382 | consensus_recall 0.0000 | threshold 0.750
Epoch 16/30 | train_loss 1.0091 | union_precision 1.0000 | weighted_recall 0.0382 | consensus_recall 0.0000 | threshold 0.775
Epoch 17/30 | train_loss 0.9950 | union_precision 1.0000 | weighted_recall 0.0191 | consensus_recall 0.0000 | threshold 0.800
Epoch 18/30 | train_loss 0.9781 | union_precision 1.0000 | weighted_recall 0.0191 | consensus_recall 0.0000 | threshold 0.825
Epoch 19/30 | train_loss 0.9626 | union_precision 1.0000 | weighted_recall 0.1083 | consensus_recall 0.0000 | threshold 0.825
Early stopping at epoch 19
Held-out M67-4 | union_precision=1.0000 | weighted_recall=0.0637 | consensus_recall=0.0000
  oracle_stage_macro_f1=0.5089 | end_to_end_stage_macro_f1=0.0889
  end_to_end_stage_class_f1=low:0.0000,mid:0.2667,high:0.0000
Epoch 1/30 | train_loss 1.5205 | union_precision 0.3333 | weighted_recall 0.0313 | consensus_recall 0.0000 | threshold 0.575
Epoch 2/30 | train_loss 1.4067 | union_precision 0.3333 | weighted_recall 0.0313 | consensus_recall 0.0000 | threshold 0.575
Epoch 3/30 | train_loss 1.3172 | union_precision 0.3793 | weighted_recall 0.1797 | consensus_recall 0.0000 | threshold 0.050
Epoch 4/30 | train_loss 1.2796 | union_precision 1.0000 | weighted_recall 0.0078 | consensus_recall 0.0000 | threshold 0.625
Epoch 5/30 | train_loss 1.2404 | union_precision 1.0000 | weighted_recall 0.0078 | consensus_recall 0.0000 | threshold 0.650
Epoch 6/30 | train_loss 1.2093 | union_precision 1.0000 | weighted_recall 0.0078 | consensus_recall 0.0000 | threshold 0.650
Epoch 7/30 | train_loss 1.1660 | union_precision 1.0000 | weighted_recall 0.0078 | consensus_recall 0.0000 | threshold 0.650
Epoch 8/30 | train_loss 1.1563 | union_precision 1.0000 | weighted_recall 0.0078 | consensus_recall 0.0000 | threshold 0.650
Epoch 9/30 | train_loss 1.1382 | union_precision 1.0000 | weighted_recall 0.0078 | consensus_recall 0.0000 | threshold 0.650
Early stopping at epoch 9
Held-out M68-1 | union_precision=1.0000 | weighted_recall=0.0078 | consensus_recall=0.0000
  oracle_stage_macro_f1=0.2550 | end_to_end_stage_macro_f1=0.0741
  end_to_end_stage_class_f1=low:0.0000,mid:0.2222,high:0.0000
Epoch 1/30 | train_loss 1.5229 | union_precision 1.0000 | weighted_recall 0.0769 | consensus_recall 0.0000 | threshold 0.600
Epoch 2/30 | train_loss 1.4073 | union_precision 1.0000 | weighted_recall 0.2137 | consensus_recall 0.0000 | threshold 0.600
Epoch 3/30 | train_loss 1.3239 | union_precision 1.0000 | weighted_recall 0.0769 | consensus_recall 0.0000 | threshold 0.650
Epoch 4/30 | train_loss 1.2844 | union_precision 1.0000 | weighted_recall 0.0769 | consensus_recall 0.0000 | threshold 0.675
Epoch 5/30 | train_loss 1.2446 | union_precision 1.0000 | weighted_recall 0.0769 | consensus_recall 0.0000 | threshold 0.675
Epoch 6/30 | train_loss 1.2123 | union_precision 1.0000 | weighted_recall 0.0769 | consensus_recall 0.0000 | threshold 0.700
Epoch 7/30 | train_loss 1.1715 | union_precision 0.6000 | weighted_recall 0.1880 | consensus_recall 0.0000 | threshold 0.650
Early stopping at epoch 7
Held-out M68-2 | union_precision=1.0000 | weighted_recall=0.2137 | consensus_recall=0.0000
  oracle_stage_macro_f1=0.2102 | end_to_end_stage_macro_f1=0.1212
  end_to_end_stage_class_f1=low:0.0000,mid:0.3636,high:0.0000
Epoch 1/30 | train_loss 1.5191 | union_precision 0.2941 | weighted_recall 0.3750 | consensus_recall 0.0000 | threshold 0.525
Epoch 2/30 | train_loss 1.4058 | union_precision 0.2941 | weighted_recall 0.5625 | consensus_recall 0.0000 | threshold 0.500
Epoch 3/30 | train_loss 1.3242 | union_precision 0.3333 | weighted_recall 0.6250 | consensus_recall 0.0000 | threshold 0.600
Epoch 4/30 | train_loss 1.2851 | union_precision 0.3125 | weighted_recall 0.6250 | consensus_recall 0.0000 | threshold 0.500
Epoch 5/30 | train_loss 1.2459 | union_precision 0.2941 | weighted_recall 0.6250 | consensus_recall 0.0000 | threshold 0.475
Epoch 6/30 | train_loss 1.2138 | union_precision 0.3333 | weighted_recall 0.0156 | consensus_recall 0.0000 | threshold 0.675
Epoch 7/30 | train_loss 1.1714 | union_precision 0.3333 | weighted_recall 0.2031 | consensus_recall 0.0000 | threshold 0.675
Epoch 8/30 | train_loss 1.1574 | union_precision 0.5000 | weighted_recall 0.2031 | consensus_recall 0.0000 | threshold 0.700
Epoch 9/30 | train_loss 1.1431 | union_precision 0.5000 | weighted_recall 0.3438 | consensus_recall 0.0000 | threshold 0.700
Epoch 10/30 | train_loss 1.1228 | union_precision 0.5000 | weighted_recall 0.2031 | consensus_recall 0.0000 | threshold 0.775
Epoch 11/30 | train_loss 1.0930 | union_precision 0.5000 | weighted_recall 0.2031 | consensus_recall 0.0000 | threshold 0.800
Epoch 12/30 | train_loss 1.0732 | union_precision 0.5385 | weighted_recall 0.7500 | consensus_recall 0.0000 | threshold 0.775
Epoch 13/30 | train_loss 1.0543 | union_precision 0.6667 | weighted_recall 0.3594 | consensus_recall 0.0000 | threshold 0.800
Epoch 14/30 | train_loss 1.0361 | union_precision 0.7143 | weighted_recall 0.6719 | consensus_recall 0.0000 | threshold 0.800
Epoch 15/30 | train_loss 1.0304 | union_precision 0.6250 | weighted_recall 0.6719 | consensus_recall 0.0000 | threshold 0.800
Epoch 16/30 | train_loss 1.0060 | union_precision 0.6667 | weighted_recall 0.6250 | consensus_recall 0.0000 | threshold 0.825
Epoch 17/30 | train_loss 0.9974 | union_precision 0.6250 | weighted_recall 0.6719 | consensus_recall 0.0000 | threshold 0.825
Epoch 18/30 | train_loss 0.9823 | union_precision 0.6667 | weighted_recall 0.6250 | consensus_recall 0.0000 | threshold 0.850
Epoch 19/30 | train_loss 0.9658 | union_precision 0.6250 | weighted_recall 0.6719 | consensus_recall 0.0000 | threshold 0.850
Early stopping at epoch 19
Held-out M68-3 | union_precision=0.7143 | weighted_recall=0.6719 | consensus_recall=0.0000
  oracle_stage_macro_f1=0.3556 | end_to_end_stage_macro_f1=0.1250
  end_to_end_stage_class_f1=low:0.0000,mid:0.3750,high:0.0000
Epoch 1/30 | train_loss 1.5406 | union_precision 0.1364 | weighted_recall 0.1104 | consensus_recall 0.0000 | threshold 0.050
Epoch 2/30 | train_loss 1.4261 | union_precision 0.2667 | weighted_recall 0.1902 | consensus_recall 0.0000 | threshold 0.500
Epoch 3/30 | train_loss 1.3308 | union_precision 0.5000 | weighted_recall 0.0675 | consensus_recall 0.0000 | threshold 0.525
Epoch 4/30 | train_loss 1.2824 | union_precision 0.6667 | weighted_recall 0.0675 | consensus_recall 0.0000 | threshold 0.525
Epoch 5/30 | train_loss 1.2558 | union_precision 0.6667 | weighted_recall 0.0675 | consensus_recall 0.0000 | threshold 0.525
Epoch 6/30 | train_loss 1.2111 | union_precision 0.6667 | weighted_recall 0.0675 | consensus_recall 0.0000 | threshold 0.525
Epoch 7/30 | train_loss 1.1966 | union_precision 0.8000 | weighted_recall 0.1043 | consensus_recall 0.0000 | threshold 0.525
Epoch 8/30 | train_loss 1.1655 | union_precision 0.8333 | weighted_recall 0.1166 | consensus_recall 0.0000 | threshold 0.525
Epoch 9/30 | train_loss 1.1541 | union_precision 0.8000 | weighted_recall 0.1043 | consensus_recall 0.0000 | threshold 0.550
Epoch 10/30 | train_loss 1.1320 | union_precision 0.8000 | weighted_recall 0.1043 | consensus_recall 0.0000 | threshold 0.575
Epoch 11/30 | train_loss 1.1114 | union_precision 0.8000 | weighted_recall 0.1288 | consensus_recall 0.0000 | threshold 0.575
Epoch 12/30 | train_loss 1.0931 | union_precision 0.8000 | weighted_recall 0.1227 | consensus_recall 0.0000 | threshold 0.575
Epoch 13/30 | train_loss 1.0669 | union_precision 0.8000 | weighted_recall 0.1043 | consensus_recall 0.0000 | threshold 0.600
Early stopping at epoch 13
Held-out M07-1 | union_precision=0.8333 | weighted_recall=0.1166 | consensus_recall=0.0000
  oracle_stage_macro_f1=0.2315 | end_to_end_stage_macro_f1=0.0635
  end_to_end_stage_class_f1=low:0.0000,mid:0.1905,high:0.0000
Epoch 1/30 | train_loss 1.5481 | union_precision 0.6667 | weighted_recall 0.0223 | consensus_recall 0.5000 | threshold 0.600
Epoch 2/30 | train_loss 1.4334 | union_precision 0.6667 | weighted_recall 0.0559 | consensus_recall 1.0000 | threshold 0.575
Epoch 3/30 | train_loss 1.3378 | union_precision 0.7000 | weighted_recall 0.0950 | consensus_recall 1.0000 | threshold 0.600
Epoch 4/30 | train_loss 1.2859 | union_precision 0.7500 | weighted_recall 0.0894 | consensus_recall 1.0000 | threshold 0.625
Epoch 5/30 | train_loss 1.2612 | union_precision 0.6667 | weighted_recall 0.0391 | consensus_recall 1.0000 | threshold 0.650
Epoch 6/30 | train_loss 1.2152 | union_precision 0.7778 | weighted_recall 0.1173 | consensus_recall 1.0000 | threshold 0.650
Epoch 7/30 | train_loss 1.2007 | union_precision 1.0000 | weighted_recall 0.0112 | consensus_recall 0.5000 | threshold 0.725
Epoch 8/30 | train_loss 1.1686 | union_precision 0.8000 | weighted_recall 0.0391 | consensus_recall 1.0000 | threshold 0.725
Epoch 9/30 | train_loss 1.1532 | union_precision 1.0000 | weighted_recall 0.0112 | consensus_recall 0.5000 | threshold 0.750
Epoch 10/30 | train_loss 1.1351 | union_precision 1.0000 | weighted_recall 0.0279 | consensus_recall 1.0000 | threshold 0.750
Epoch 11/30 | train_loss 1.1159 | union_precision 1.0000 | weighted_recall 0.0894 | consensus_recall 1.0000 | threshold 0.750
Epoch 12/30 | train_loss 1.0957 | union_precision 1.0000 | weighted_recall 0.0950 | consensus_recall 1.0000 | threshold 0.750
Epoch 13/30 | train_loss 1.0707 | union_precision 1.0000 | weighted_recall 0.0391 | consensus_recall 0.0000 | threshold 0.775
Epoch 14/30 | train_loss 1.0523 | union_precision 1.0000 | weighted_recall 0.0503 | consensus_recall 0.0000 | threshold 0.775
Epoch 15/30 | train_loss 1.0400 | union_precision 1.0000 | weighted_recall 0.0503 | consensus_recall 0.0000 | threshold 0.775
Epoch 16/30 | train_loss 1.0275 | union_precision 1.0000 | weighted_recall 0.0503 | consensus_recall 0.0000 | threshold 0.775
Early stopping at epoch 16
Held-out M07-2 | union_precision=1.0000 | weighted_recall=0.0894 | consensus_recall=1.0000
  oracle_stage_macro_f1=0.4237 | end_to_end_stage_macro_f1=0.0000
  end_to_end_stage_class_f1=low:0.0000,mid:0.0000,high:0.0000
Epoch 1/30 | train_loss 1.5416 | union_precision 0.4444 | weighted_recall 0.0387 | consensus_recall 0.0000 | threshold 0.550
Epoch 2/30 | train_loss 1.4310 | union_precision 0.4444 | weighted_recall 0.0774 | consensus_recall 0.0000 | threshold 0.575
Epoch 3/30 | train_loss 1.3312 | union_precision 0.4444 | weighted_recall 0.0774 | consensus_recall 0.0000 | threshold 0.600
Epoch 4/30 | train_loss 1.2777 | union_precision 0.4444 | weighted_recall 0.0387 | consensus_recall 0.0000 | threshold 0.600
Epoch 5/30 | train_loss 1.2557 | union_precision 0.5000 | weighted_recall 0.0710 | consensus_recall 0.0000 | threshold 0.600
Epoch 6/30 | train_loss 1.2081 | union_precision 0.5000 | weighted_recall 0.0194 | consensus_recall 0.0000 | threshold 0.675
Epoch 7/30 | train_loss 1.1914 | union_precision 0.5000 | weighted_recall 0.0710 | consensus_recall 0.0000 | threshold 0.625
Epoch 8/30 | train_loss 1.1602 | union_precision 0.4167 | weighted_recall 0.0710 | consensus_recall 0.0000 | threshold 0.600
Epoch 9/30 | train_loss 1.1464 | union_precision 0.5000 | weighted_recall 0.0516 | consensus_recall 0.0000 | threshold 0.675
Epoch 10/30 | train_loss 1.1282 | union_precision 0.4444 | weighted_recall 0.1032 | consensus_recall 0.0000 | threshold 0.675
Early stopping at epoch 10
Held-out M07-3 | union_precision=0.5000 | weighted_recall=0.0710 | consensus_recall=0.0000
  oracle_stage_macro_f1=0.3548 | end_to_end_stage_macro_f1=0.1119
  end_to_end_stage_class_f1=low:0.0000,mid:0.1538,high:0.1818
Epoch 1/30 | train_loss 1.5418 | union_precision 1.0000 | weighted_recall 0.1477 | consensus_recall 1.0000 | threshold 0.575
Epoch 2/30 | train_loss 1.4294 | union_precision 1.0000 | weighted_recall 0.1477 | consensus_recall 1.0000 | threshold 0.575
Epoch 3/30 | train_loss 1.3317 | union_precision 1.0000 | weighted_recall 0.1477 | consensus_recall 1.0000 | threshold 0.575
Epoch 4/30 | train_loss 1.2759 | union_precision 1.0000 | weighted_recall 0.1477 | consensus_recall 1.0000 | threshold 0.575
Epoch 5/30 | train_loss 1.2543 | union_precision 1.0000 | weighted_recall 0.1477 | consensus_recall 1.0000 | threshold 0.575
Epoch 6/30 | train_loss 1.2160 | union_precision 1.0000 | weighted_recall 0.1477 | consensus_recall 1.0000 | threshold 0.575
Early stopping at epoch 6
Held-out M17-1 | union_precision=1.0000 | weighted_recall=0.1477 | consensus_recall=1.0000
  oracle_stage_macro_f1=0.4349 | end_to_end_stage_macro_f1=0.0370
  end_to_end_stage_class_f1=low:0.0000,mid:0.0000,high:0.1111
Epoch 1/30 | train_loss 1.5402 | union_precision 0.5000 | weighted_recall 0.3977 | consensus_recall 0.0000 | threshold 0.550
Epoch 2/30 | train_loss 1.4257 | union_precision 0.5000 | weighted_recall 0.1250 | consensus_recall 0.0000 | threshold 0.575
Epoch 3/30 | train_loss 1.3306 | union_precision 0.5000 | weighted_recall 0.1250 | consensus_recall 0.0000 | threshold 0.575
Epoch 4/30 | train_loss 1.2749 | union_precision 0.7500 | weighted_recall 0.1932 | consensus_recall 0.0000 | threshold 0.575
Epoch 5/30 | train_loss 1.2530 | union_precision 1.0000 | weighted_recall 0.1250 | consensus_recall 0.0000 | threshold 0.650
Epoch 6/30 | train_loss 1.2149 | union_precision 1.0000 | weighted_recall 0.1250 | consensus_recall 0.0000 | threshold 0.650
Epoch 7/30 | train_loss 1.1919 | union_precision 0.5000 | weighted_recall 0.1250 | consensus_recall 0.0000 | threshold 0.650
Epoch 8/30 | train_loss 1.1617 | union_precision 0.4286 | weighted_recall 0.1818 | consensus_recall 0.0000 | threshold 0.575
Epoch 9/30 | train_loss 1.1441 | union_precision 0.5000 | weighted_recall 0.0114 | consensus_recall 0.0000 | threshold 0.675
Epoch 10/30 | train_loss 1.1250 | union_precision 0.4286 | weighted_recall 0.1818 | consensus_recall 0.0000 | threshold 0.600
Early stopping at epoch 10
Held-out M17-2 | union_precision=1.0000 | weighted_recall=0.1250 | consensus_recall=0.0000
  oracle_stage_macro_f1=0.2607 | end_to_end_stage_macro_f1=0.0000
  end_to_end_stage_class_f1=low:0.0000,mid:0.0000,high:0.0000
Epoch 1/30 | train_loss 1.5444 | union_precision 1.0000 | weighted_recall 0.0469 | consensus_recall 0.0000 | threshold 0.625
Epoch 2/30 | train_loss 1.4250 | union_precision 1.0000 | weighted_recall 0.0469 | consensus_recall 0.0000 | threshold 0.625
Epoch 3/30 | train_loss 1.3267 | union_precision 1.0000 | weighted_recall 0.0469 | consensus_recall 0.0000 | threshold 0.625
Epoch 4/30 | train_loss 1.2727 | union_precision 0.3235 | weighted_recall 0.2817 | consensus_recall 0.0000 | threshold 0.525
Epoch 5/30 | train_loss 1.2535 | union_precision 0.5000 | weighted_recall 0.0469 | consensus_recall 0.0000 | threshold 0.650
Epoch 6/30 | train_loss 1.2139 | union_precision 0.5000 | weighted_recall 0.0469 | consensus_recall 0.0000 | threshold 0.650
Early stopping at epoch 6
Held-out M17-3 | union_precision=1.0000 | weighted_recall=0.0469 | consensus_recall=0.0000
  oracle_stage_macro_f1=0.4568 | end_to_end_stage_macro_f1=0.0000
  end_to_end_stage_class_f1=low:0.0000,mid:0.0000,high:0.0000
Epoch 1/30 | train_loss 1.5443 | union_precision 1.0000 | weighted_recall 0.0032 | consensus_recall 0.0000 | threshold 0.600
Epoch 2/30 | train_loss 1.4194 | union_precision 1.0000 | weighted_recall 0.0032 | consensus_recall 0.0000 | threshold 0.600
Epoch 3/30 | train_loss 1.3247 | union_precision 1.0000 | weighted_recall 0.0032 | consensus_recall 0.0000 | threshold 0.625
Epoch 4/30 | train_loss 1.2717 | union_precision 1.0000 | weighted_recall 0.0064 | consensus_recall 0.0000 | threshold 0.625
Epoch 5/30 | train_loss 1.2463 | union_precision 1.0000 | weighted_recall 0.0127 | consensus_recall 0.0000 | threshold 0.625
Epoch 6/30 | train_loss 1.2075 | union_precision 1.0000 | weighted_recall 0.0032 | consensus_recall 0.0000 | threshold 0.650
Epoch 7/30 | train_loss 1.1868 | union_precision 1.0000 | weighted_recall 0.0127 | consensus_recall 0.0000 | threshold 0.650
Epoch 8/30 | train_loss 1.1586 | union_precision 1.0000 | weighted_recall 0.0191 | consensus_recall 0.0000 | threshold 0.650
Epoch 9/30 | train_loss 1.1383 | union_precision 1.0000 | weighted_recall 0.0414 | consensus_recall 0.0000 | threshold 0.650
Epoch 10/30 | train_loss 1.1146 | union_precision 1.0000 | weighted_recall 0.0127 | consensus_recall 0.0000 | threshold 0.700
Epoch 11/30 | train_loss 1.1022 | union_precision 1.0000 | weighted_recall 0.0223 | consensus_recall 0.0000 | threshold 0.725
Epoch 12/30 | train_loss 1.0778 | union_precision 1.0000 | weighted_recall 0.0318 | consensus_recall 0.0000 | threshold 0.725
Epoch 13/30 | train_loss 1.0535 | union_precision 1.0000 | weighted_recall 0.0223 | consensus_recall 0.0000 | threshold 0.750
Epoch 14/30 | train_loss 1.0311 | union_precision 1.0000 | weighted_recall 0.0223 | consensus_recall 0.0000 | threshold 0.750
Early stopping at epoch 14
Held-out M17-4 | union_precision=1.0000 | weighted_recall=0.0414 | consensus_recall=0.0000
  oracle_stage_macro_f1=0.2351 | end_to_end_stage_macro_f1=0.0272
  end_to_end_stage_class_f1=low:0.0816,mid:0.0000,high:0.0000
Epoch 1/30 | train_loss 1.5437 | union_precision 0.3500 | weighted_recall 0.1875 | consensus_recall 0.0000 | threshold 0.525
Epoch 2/30 | train_loss 1.4216 | union_precision 0.4348 | weighted_recall 0.5250 | consensus_recall 0.0000 | threshold 0.525
Epoch 3/30 | train_loss 1.3299 | union_precision 0.3793 | weighted_recall 0.4125 | consensus_recall 0.0000 | threshold 0.500
Epoch 4/30 | train_loss 1.2740 | union_precision 0.3793 | weighted_recall 0.3250 | consensus_recall 0.0000 | threshold 0.500
Epoch 5/30 | train_loss 1.2521 | union_precision 0.4615 | weighted_recall 0.2625 | consensus_recall 0.0000 | threshold 0.575
Epoch 6/30 | train_loss 1.2122 | union_precision 0.4286 | weighted_recall 0.2625 | consensus_recall 0.0000 | threshold 0.575
Epoch 7/30 | train_loss 1.1907 | union_precision 0.6667 | weighted_recall 0.0375 | consensus_recall 0.0000 | threshold 0.625
Epoch 8/30 | train_loss 1.1638 | union_precision 0.5714 | weighted_recall 0.1000 | consensus_recall 0.0000 | threshold 0.625
Epoch 9/30 | train_loss 1.1412 | union_precision 0.6000 | weighted_recall 0.2625 | consensus_recall 0.0000 | threshold 0.625
Epoch 10/30 | train_loss 1.1203 | union_precision 0.5714 | weighted_recall 0.1000 | consensus_recall 0.0000 | threshold 0.650
Epoch 11/30 | train_loss 1.1048 | union_precision 0.6667 | weighted_recall 0.1000 | consensus_recall 0.0000 | threshold 0.675
Epoch 12/30 | train_loss 1.0815 | union_precision 0.7500 | weighted_recall 0.2625 | consensus_recall 0.0000 | threshold 0.675
Epoch 13/30 | train_loss 1.0616 | union_precision 0.7143 | weighted_recall 0.1875 | consensus_recall 0.0000 | threshold 0.700
Epoch 14/30 | train_loss 1.0356 | union_precision 0.6667 | weighted_recall 0.2625 | consensus_recall 0.0000 | threshold 0.675
Epoch 15/30 | train_loss 1.0310 | union_precision 0.6667 | weighted_recall 0.2625 | consensus_recall 0.0000 | threshold 0.675
Epoch 16/30 | train_loss 1.0070 | union_precision 0.6667 | weighted_recall 0.2625 | consensus_recall 0.0000 | threshold 0.700
Epoch 17/30 | train_loss 1.0039 | union_precision 0.7143 | weighted_recall 0.2125 | consensus_recall 0.0000 | threshold 0.775
Early stopping at epoch 17
Held-out M24-1 | union_precision=0.7500 | weighted_recall=0.2625 | consensus_recall=0.0000
  oracle_stage_macro_f1=0.2993 | end_to_end_stage_macro_f1=0.1026
  end_to_end_stage_class_f1=low:0.0000,mid:0.0000,high:0.3077
Epoch 1/30 | train_loss 1.5443 | union_precision 0.2162 | weighted_recall 0.2778 | consensus_recall 1.0000 | threshold 0.500
Epoch 2/30 | train_loss 1.4203 | union_precision 0.2619 | weighted_recall 0.3030 | consensus_recall 1.0000 | threshold 0.450
Epoch 3/30 | train_loss 1.3291 | union_precision 0.2683 | weighted_recall 0.0859 | consensus_recall 1.0000 | threshold 0.050
Epoch 4/30 | train_loss 1.2748 | union_precision 0.3000 | weighted_recall 0.1111 | consensus_recall 1.0000 | threshold 0.475
Epoch 5/30 | train_loss 1.2517 | union_precision 0.2750 | weighted_recall 0.1061 | consensus_recall 1.0000 | threshold 0.475
Epoch 6/30 | train_loss 1.2117 | union_precision 0.2683 | weighted_recall 0.1061 | consensus_recall 1.0000 | threshold 0.475
Epoch 7/30 | train_loss 1.1901 | union_precision 0.3000 | weighted_recall 0.1212 | consensus_recall 1.0000 | threshold 0.475
Epoch 8/30 | train_loss 1.1664 | union_precision 0.3095 | weighted_recall 0.1364 | consensus_recall 1.0000 | threshold 0.050
Epoch 9/30 | train_loss 1.1409 | union_precision 0.3333 | weighted_recall 0.1919 | consensus_recall 1.0000 | threshold 0.525
Epoch 10/30 | train_loss 1.1192 | union_precision 0.4545 | weighted_recall 0.1263 | consensus_recall 0.0000 | threshold 0.575
Epoch 11/30 | train_loss 1.1020 | union_precision 0.5455 | weighted_recall 0.1414 | consensus_recall 0.0000 | threshold 0.575
Epoch 12/30 | train_loss 1.0806 | union_precision 0.4286 | weighted_recall 0.1414 | consensus_recall 0.0000 | threshold 0.575
Epoch 13/30 | train_loss 1.0631 | union_precision 0.4286 | weighted_recall 0.0455 | consensus_recall 0.0000 | threshold 0.575
Epoch 14/30 | train_loss 1.0329 | union_precision 0.4167 | weighted_recall 0.0303 | consensus_recall 0.0000 | threshold 0.575
Epoch 15/30 | train_loss 1.0304 | union_precision 0.3571 | weighted_recall 0.0303 | consensus_recall 0.0000 | threshold 0.575
Epoch 16/30 | train_loss 1.0060 | union_precision 0.3333 | weighted_recall 0.0657 | consensus_recall 1.0000 | threshold 0.525
Early stopping at epoch 16
Held-out M24-2 | union_precision=0.5455 | weighted_recall=0.1414 | consensus_recall=0.0000
  oracle_stage_macro_f1=0.2479 | end_to_end_stage_macro_f1=0.0714
  end_to_end_stage_class_f1=low:0.2143,mid:0.0000,high:0.0000
Epoch 1/30 | train_loss 1.5442 | union_precision 0.6667 | weighted_recall 0.0288 | consensus_recall 0.0000 | threshold 0.575
Epoch 2/30 | train_loss 1.4210 | union_precision 1.0000 | weighted_recall 0.0192 | consensus_recall 0.0000 | threshold 0.650
Epoch 3/30 | train_loss 1.3296 | union_precision 1.0000 | weighted_recall 0.0192 | consensus_recall 0.0000 | threshold 0.675
Epoch 4/30 | train_loss 1.2797 | union_precision 1.0000 | weighted_recall 0.0192 | consensus_recall 0.0000 | threshold 0.700
Epoch 5/30 | train_loss 1.2534 | union_precision 1.0000 | weighted_recall 0.0192 | consensus_recall 0.0000 | threshold 0.700
Epoch 6/30 | train_loss 1.2130 | union_precision 1.0000 | weighted_recall 0.0192 | consensus_recall 0.0000 | threshold 0.700
Epoch 7/30 | train_loss 1.1922 | union_precision 1.0000 | weighted_recall 0.0577 | consensus_recall 0.0000 | threshold 0.675
Epoch 8/30 | train_loss 1.1677 | union_precision 1.0000 | weighted_recall 0.0288 | consensus_recall 0.0000 | threshold 0.675
Epoch 9/30 | train_loss 1.1464 | union_precision 1.0000 | weighted_recall 0.0192 | consensus_recall 0.0000 | threshold 0.700
Epoch 10/30 | train_loss 1.1224 | union_precision 1.0000 | weighted_recall 0.0192 | consensus_recall 0.0000 | threshold 0.700
Epoch 11/30 | train_loss 1.1069 | union_precision 1.0000 | weighted_recall 0.0192 | consensus_recall 0.0000 | threshold 0.700
Epoch 12/30 | train_loss 1.0804 | union_precision 1.0000 | weighted_recall 0.0192 | consensus_recall 0.0000 | threshold 0.700
Early stopping at epoch 12
Held-out M24-3 | union_precision=1.0000 | weighted_recall=0.0577 | consensus_recall=0.0000
  oracle_stage_macro_f1=0.3311 | end_to_end_stage_macro_f1=0.1846
  end_to_end_stage_class_f1=low:0.0000,mid:0.1538,high:0.4000
Epoch 1/30 | train_loss 1.5480 | union_precision 0.3333 | weighted_recall 0.1890 | consensus_recall 0.0000 | threshold 0.525
Epoch 2/30 | train_loss 1.4225 | union_precision 0.4035 | weighted_recall 0.2317 | consensus_recall 0.0000 | threshold 0.525
Epoch 3/30 | train_loss 1.3303 | union_precision 0.3793 | weighted_recall 0.1463 | consensus_recall 0.0000 | threshold 0.550
Epoch 4/30 | train_loss 1.2799 | union_precision 0.3846 | weighted_recall 0.1128 | consensus_recall 0.0000 | threshold 0.575
Epoch 5/30 | train_loss 1.2537 | union_precision 0.3750 | weighted_recall 0.1189 | consensus_recall 0.0000 | threshold 0.575
Epoch 6/30 | train_loss 1.2142 | union_precision 0.3846 | weighted_recall 0.1860 | consensus_recall 0.0000 | threshold 0.575
Epoch 7/30 | train_loss 1.1919 | union_precision 0.5000 | weighted_recall 0.1037 | consensus_recall 0.0000 | threshold 0.600
Epoch 8/30 | train_loss 1.1690 | union_precision 0.5385 | weighted_recall 0.1250 | consensus_recall 0.0000 | threshold 0.600
Epoch 9/30 | train_loss 1.1438 | union_precision 1.0000 | weighted_recall 0.0244 | consensus_recall 0.0000 | threshold 0.650
Epoch 10/30 | train_loss 1.1198 | union_precision 1.0000 | weighted_recall 0.0244 | consensus_recall 0.0000 | threshold 0.675
Epoch 11/30 | train_loss 1.1035 | union_precision 0.6000 | weighted_recall 0.0427 | consensus_recall 0.0000 | threshold 0.675
Epoch 12/30 | train_loss 1.0798 | union_precision 0.6667 | weighted_recall 0.0091 | consensus_recall 0.0000 | threshold 0.700
Epoch 13/30 | train_loss 1.0614 | union_precision 0.6667 | weighted_recall 0.0091 | consensus_recall 0.0000 | threshold 0.725
Epoch 14/30 | train_loss 1.0343 | union_precision 0.7500 | weighted_recall 0.0213 | consensus_recall 0.0000 | threshold 0.725
Early stopping at epoch 14
Held-out M24-4 | union_precision=1.0000 | weighted_recall=0.0244 | consensus_recall=0.0000
  oracle_stage_macro_f1=0.4716 | end_to_end_stage_macro_f1=0.0208
  end_to_end_stage_class_f1=low:0.0000,mid:0.0625,high:0.0000
Epoch 1/30 | train_loss 1.5388 | union_precision 0.6667 | weighted_recall 0.0746 | consensus_recall 0.0000 | threshold 0.550
Epoch 2/30 | train_loss 1.4202 | union_precision 0.6667 | weighted_recall 0.0746 | consensus_recall 0.0000 | threshold 0.550
Epoch 3/30 | train_loss 1.3287 | union_precision 0.6667 | weighted_recall 0.0746 | consensus_recall 0.0000 | threshold 0.575
Epoch 4/30 | train_loss 1.2811 | union_precision 0.5000 | weighted_recall 0.1194 | consensus_recall 0.0000 | threshold 0.550
Epoch 5/30 | train_loss 1.2576 | union_precision 0.5000 | weighted_recall 0.1194 | consensus_recall 0.0000 | threshold 0.575
Epoch 6/30 | train_loss 1.2175 | union_precision 0.5000 | weighted_recall 0.1194 | consensus_recall 0.0000 | threshold 0.575
Early stopping at epoch 6
Held-out M30-1 | union_precision=0.6667 | weighted_recall=0.0746 | consensus_recall=0.0000
  oracle_stage_macro_f1=0.3443 | end_to_end_stage_macro_f1=0.2444
  end_to_end_stage_class_f1=low:0.3333,mid:0.4000,high:0.0000
Epoch 1/30 | train_loss 1.5377 | union_precision 0.2692 | weighted_recall 0.4512 | consensus_recall 0.0000 | threshold 0.050
Epoch 2/30 | train_loss 1.4217 | union_precision 0.5000 | weighted_recall 0.1098 | consensus_recall 0.0000 | threshold 0.575
Epoch 3/30 | train_loss 1.3282 | union_precision 0.5000 | weighted_recall 0.1098 | consensus_recall 0.0000 | threshold 0.575
Epoch 4/30 | train_loss 1.2807 | union_precision 0.5000 | weighted_recall 0.1098 | consensus_recall 0.0000 | threshold 0.575
Epoch 5/30 | train_loss 1.2559 | union_precision 0.5000 | weighted_recall 0.1098 | consensus_recall 0.0000 | threshold 0.575
Epoch 6/30 | train_loss 1.2169 | union_precision 0.5000 | weighted_recall 0.1098 | consensus_recall 0.0000 | threshold 0.575
Epoch 7/30 | train_loss 1.1948 | union_precision 0.6667 | weighted_recall 0.2073 | consensus_recall 0.0000 | threshold 0.575
Epoch 8/30 | train_loss 1.1718 | union_precision 0.7500 | weighted_recall 0.3171 | consensus_recall 0.0000 | threshold 0.575
Epoch 9/30 | train_loss 1.1502 | union_precision 1.0000 | weighted_recall 0.1098 | consensus_recall 0.0000 | threshold 0.675
Epoch 10/30 | train_loss 1.1206 | union_precision 1.0000 | weighted_recall 0.2073 | consensus_recall 0.0000 | threshold 0.675
Epoch 11/30 | train_loss 1.1054 | union_precision 1.0000 | weighted_recall 0.2073 | consensus_recall 0.0000 | threshold 0.675
Epoch 12/30 | train_loss 1.0868 | union_precision 1.0000 | weighted_recall 0.2073 | consensus_recall 0.0000 | threshold 0.675
Epoch 13/30 | train_loss 1.0646 | union_precision 1.0000 | weighted_recall 0.3171 | consensus_recall 0.0000 | threshold 0.675
Epoch 14/30 | train_loss 1.0367 | union_precision 1.0000 | weighted_recall 0.3171 | consensus_recall 0.0000 | threshold 0.675
Epoch 15/30 | train_loss 1.0337 | union_precision 1.0000 | weighted_recall 0.3415 | consensus_recall 0.0000 | threshold 0.650
Epoch 16/30 | train_loss 1.0066 | union_precision 1.0000 | weighted_recall 0.3415 | consensus_recall 0.0000 | threshold 0.675
Epoch 17/30 | train_loss 1.0070 | union_precision 1.0000 | weighted_recall 0.3415 | consensus_recall 0.0000 | threshold 0.675
Epoch 18/30 | train_loss 0.9849 | union_precision 1.0000 | weighted_recall 0.3415 | consensus_recall 0.0000 | threshold 0.675
Epoch 19/30 | train_loss 0.9645 | union_precision 1.0000 | weighted_recall 0.3415 | consensus_recall 0.0000 | threshold 0.700
Epoch 20/30 | train_loss 0.9553 | union_precision 1.0000 | weighted_recall 0.3415 | consensus_recall 0.0000 | threshold 0.700
Early stopping at epoch 20
Held-out M30-2 | union_precision=1.0000 | weighted_recall=0.3415 | consensus_recall=0.0000
  oracle_stage_macro_f1=0.4242 | end_to_end_stage_macro_f1=0.1111
  end_to_end_stage_class_f1=low:0.0000,mid:0.3333,high:0.0000
Epoch 1/30 | train_loss 1.5389 | union_precision 0.5000 | weighted_recall 0.0327 | consensus_recall 0.0000 | threshold 0.575
Epoch 2/30 | train_loss 1.4204 | union_precision 0.4545 | weighted_recall 0.1869 | consensus_recall 0.0000 | threshold 0.500
Epoch 3/30 | train_loss 1.3293 | union_precision 0.5714 | weighted_recall 0.1869 | consensus_recall 0.0000 | threshold 0.550
Epoch 4/30 | train_loss 1.2784 | union_precision 0.5417 | weighted_recall 0.3598 | consensus_recall 0.0000 | threshold 0.525
Epoch 5/30 | train_loss 1.2535 | union_precision 0.5000 | weighted_recall 0.3785 | consensus_recall 0.0000 | threshold 0.500
Epoch 6/30 | train_loss 1.2139 | union_precision 0.5000 | weighted_recall 0.4720 | consensus_recall 0.0000 | threshold 0.525
Epoch 7/30 | train_loss 1.1935 | union_precision 0.5312 | weighted_recall 0.4860 | consensus_recall 0.0000 | threshold 0.525
Epoch 8/30 | train_loss 1.1706 | union_precision 0.5000 | weighted_recall 0.4860 | consensus_recall 0.0000 | threshold 0.525
Early stopping at epoch 8
Held-out M30-3 | union_precision=0.5714 | weighted_recall=0.1869 | consensus_recall=0.0000
  oracle_stage_macro_f1=0.2133 | end_to_end_stage_macro_f1=0.0476
  end_to_end_stage_class_f1=low:0.0000,mid:0.0000,high:0.1429
Epoch 1/30 | train_loss 1.5432 | union_precision 1.0000 | weighted_recall 0.1686 | consensus_recall 1.0000 | threshold 0.825
Epoch 2/30 | train_loss 1.4219 | union_precision 1.0000 | weighted_recall 0.0115 | consensus_recall 0.0000 | threshold 0.800
Epoch 3/30 | train_loss 1.3287 | union_precision 0.5385 | weighted_recall 0.2529 | consensus_recall 1.0000 | threshold 0.550
Epoch 4/30 | train_loss 1.2847 | union_precision 0.5000 | weighted_recall 0.3333 | consensus_recall 1.0000 | threshold 0.550
Epoch 5/30 | train_loss 1.2608 | union_precision 0.4615 | weighted_recall 0.2989 | consensus_recall 1.0000 | threshold 0.575
Epoch 6/30 | train_loss 1.2190 | union_precision 0.5000 | weighted_recall 0.2490 | consensus_recall 1.0000 | threshold 0.775
Early stopping at epoch 6
Held-out M30-4 | union_precision=1.0000 | weighted_recall=0.1686 | consensus_recall=1.0000
  oracle_stage_macro_f1=0.3944 | end_to_end_stage_macro_f1=0.0000
  end_to_end_stage_class_f1=low:0.0000,mid:0.0000,high:0.0000
Epoch 1/30 | train_loss 1.5352 | union_precision 0.2222 | weighted_recall 0.3103 | consensus_recall 0.0000 | threshold 0.450
Epoch 2/30 | train_loss 1.4170 | union_precision 0.2500 | weighted_recall 0.3103 | consensus_recall 0.0000 | threshold 0.475
Epoch 3/30 | train_loss 1.3204 | union_precision 0.2500 | weighted_recall 0.3103 | consensus_recall 0.0000 | threshold 0.475
Epoch 4/30 | train_loss 1.2781 | union_precision 0.2308 | weighted_recall 0.2759 | consensus_recall 0.0000 | threshold 0.550
Epoch 5/30 | train_loss 1.2543 | union_precision 0.2143 | weighted_recall 0.2759 | consensus_recall 0.0000 | threshold 0.550
Epoch 6/30 | train_loss 1.2130 | union_precision 0.2500 | weighted_recall 0.2759 | consensus_recall 0.0000 | threshold 0.575
Epoch 7/30 | train_loss 1.1944 | union_precision 0.3077 | weighted_recall 0.3103 | consensus_recall 0.0000 | threshold 0.575
Epoch 8/30 | train_loss 1.1668 | union_precision 0.5000 | weighted_recall 0.0345 | consensus_recall 0.0000 | threshold 0.625
Epoch 9/30 | train_loss 1.1459 | union_precision 0.5000 | weighted_recall 0.0345 | consensus_recall 0.0000 | threshold 0.650
Epoch 10/30 | train_loss 1.1182 | union_precision 1.0000 | weighted_recall 0.0345 | consensus_recall 0.0000 | threshold 0.700
Epoch 11/30 | train_loss 1.0992 | union_precision 1.0000 | weighted_recall 0.0345 | consensus_recall 0.0000 | threshold 0.725
Epoch 12/30 | train_loss 1.0807 | union_precision 1.0000 | weighted_recall 0.0345 | consensus_recall 0.0000 | threshold 0.725
Epoch 13/30 | train_loss 1.0591 | union_precision 1.0000 | weighted_recall 0.0345 | consensus_recall 0.0000 | threshold 0.750
Epoch 14/30 | train_loss 1.0353 | union_precision 1.0000 | weighted_recall 0.0345 | consensus_recall 0.0000 | threshold 0.775
Epoch 15/30 | train_loss 1.0310 | union_precision 1.0000 | weighted_recall 0.0345 | consensus_recall 0.0000 | threshold 0.775
Early stopping at epoch 15
Held-out M33-1 | union_precision=1.0000 | weighted_recall=0.0345 | consensus_recall=0.0000
  oracle_stage_macro_f1=0.3944 | end_to_end_stage_macro_f1=0.0000
  end_to_end_stage_class_f1=low:0.0000,mid:0.0000,high:0.0000
Epoch 1/30 | train_loss 1.5387 | union_precision 0.3913 | weighted_recall 0.0620 | consensus_recall 0.0000 | threshold 0.525
Epoch 2/30 | train_loss 1.4162 | union_precision 0.6667 | weighted_recall 0.0331 | consensus_recall 0.0000 | threshold 0.550
Epoch 3/30 | train_loss 1.3194 | union_precision 0.7500 | weighted_recall 0.0207 | consensus_recall 0.0000 | threshold 0.575
Epoch 4/30 | train_loss 1.2792 | union_precision 0.8571 | weighted_recall 0.0372 | consensus_recall 0.0000 | threshold 0.575
Epoch 5/30 | train_loss 1.2538 | union_precision 0.8000 | weighted_recall 0.0248 | consensus_recall 0.0000 | threshold 0.600
Epoch 6/30 | train_loss 1.2133 | union_precision 0.8000 | weighted_recall 0.0248 | consensus_recall 0.0000 | threshold 0.600
Epoch 7/30 | train_loss 1.1929 | union_precision 0.8571 | weighted_recall 0.0372 | consensus_recall 0.0000 | threshold 0.600
Epoch 8/30 | train_loss 1.1668 | union_precision 0.7500 | weighted_recall 0.0372 | consensus_recall 0.0000 | threshold 0.600
Epoch 9/30 | train_loss 1.1460 | union_precision 0.6667 | weighted_recall 0.0207 | consensus_recall 0.0000 | threshold 0.625
Early stopping at epoch 9
Held-out M33-2 | union_precision=0.8571 | weighted_recall=0.0372 | consensus_recall=0.0000
  oracle_stage_macro_f1=0.4451 | end_to_end_stage_macro_f1=0.1111
  end_to_end_stage_class_f1=low:0.3333,mid:0.0000,high:0.0000
Epoch 1/30 | train_loss 1.5326 | union_precision 0.0952 | weighted_recall 0.3846 | consensus_recall 0.0000 | threshold 0.500
Epoch 2/30 | train_loss 1.4171 | union_precision 0.0952 | weighted_recall 0.3846 | consensus_recall 0.0000 | threshold 0.500
Epoch 3/30 | train_loss 1.3199 | union_precision 0.1176 | weighted_recall 0.3846 | consensus_recall 0.0000 | threshold 0.525
Epoch 4/30 | train_loss 1.2826 | union_precision 0.1667 | weighted_recall 0.3846 | consensus_recall 0.0000 | threshold 0.550
Epoch 5/30 | train_loss 1.2520 | union_precision 0.2000 | weighted_recall 0.5128 | consensus_recall 0.0000 | threshold 0.525
Epoch 6/30 | train_loss 1.2170 | union_precision 0.1739 | weighted_recall 0.5128 | consensus_recall 0.0000 | threshold 0.525
Epoch 7/30 | train_loss 1.1928 | union_precision 0.2105 | weighted_recall 0.5128 | consensus_recall 0.0000 | threshold 0.550
Epoch 8/30 | train_loss 1.1685 | union_precision 0.2105 | weighted_recall 0.5128 | consensus_recall 0.0000 | threshold 0.550
Epoch 9/30 | train_loss 1.1472 | union_precision 0.2222 | weighted_recall 0.5128 | consensus_recall 0.0000 | threshold 0.575
Epoch 10/30 | train_loss 1.1189 | union_precision 0.2500 | weighted_recall 0.2051 | consensus_recall 0.0000 | threshold 0.625
Epoch 11/30 | train_loss 1.0992 | union_precision 1.0000 | weighted_recall 0.2051 | consensus_recall 0.0000 | threshold 0.650
Epoch 12/30 | train_loss 1.0789 | union_precision 0.3077 | weighted_recall 0.5128 | consensus_recall 0.0000 | threshold 0.600
Epoch 13/30 | train_loss 1.0583 | union_precision 0.5000 | weighted_recall 0.2564 | consensus_recall 0.0000 | threshold 0.650
Epoch 14/30 | train_loss 1.0367 | union_precision 0.3333 | weighted_recall 0.5128 | consensus_recall 0.0000 | threshold 0.625
Epoch 15/30 | train_loss 1.0323 | union_precision 0.3846 | weighted_recall 0.5641 | consensus_recall 0.0000 | threshold 0.600
Epoch 16/30 | train_loss 1.0108 | union_precision 0.3846 | weighted_recall 0.5641 | consensus_recall 0.0000 | threshold 0.575
Early stopping at epoch 16
Held-out M33-3 | union_precision=1.0000 | weighted_recall=0.2051 | consensus_recall=0.0000
  oracle_stage_macro_f1=0.3611 | end_to_end_stage_macro_f1=0.0000
  end_to_end_stage_class_f1=low:0.0000,mid:0.0000,high:0.0000
Epoch 1/30 | train_loss 1.5343 | union_precision 1.0000 | weighted_recall 0.0203 | consensus_recall 0.0000 | threshold 0.550
Epoch 2/30 | train_loss 1.3907 | union_precision 1.0000 | weighted_recall 0.0304 | consensus_recall 0.0000 | threshold 0.550
Epoch 3/30 | train_loss 1.3373 | union_precision 1.0000 | weighted_recall 0.0264 | consensus_recall 0.0000 | threshold 0.600
Epoch 4/30 | train_loss 1.2835 | union_precision 1.0000 | weighted_recall 0.0264 | consensus_recall 0.0000 | threshold 0.600
Epoch 5/30 | train_loss 1.2404 | union_precision 1.0000 | weighted_recall 0.0081 | consensus_recall 0.0000 | threshold 0.700
Epoch 6/30 | train_loss 1.2107 | union_precision 1.0000 | weighted_recall 0.0020 | consensus_recall 0.0000 | threshold 0.725
Epoch 7/30 | train_loss 1.1852 | union_precision 1.0000 | weighted_recall 0.0020 | consensus_recall 0.0000 | threshold 0.725
Epoch 8/30 | train_loss 1.1505 | union_precision 1.0000 | weighted_recall 0.0020 | consensus_recall 0.0000 | threshold 0.750
Early stopping at epoch 8
Held-out M33-4 | union_precision=1.0000 | weighted_recall=0.0264 | consensus_recall=0.0000
  oracle_stage_macro_f1=0.4435 | end_to_end_stage_macro_f1=0.0471
  end_to_end_stage_class_f1=low:0.1412,mid:0.0000,high:0.0000
Epoch 1/30 | train_loss 1.5358 | union_precision 0.1176 | weighted_recall 0.0746 | consensus_recall 0.0000 | threshold 0.050
Epoch 2/30 | train_loss 1.4101 | union_precision 0.1429 | weighted_recall 0.1716 | consensus_recall 0.0000 | threshold 0.050
Epoch 3/30 | train_loss 1.3267 | union_precision 0.1455 | weighted_recall 0.1716 | consensus_recall 0.0000 | threshold 0.450
Epoch 4/30 | train_loss 1.2762 | union_precision 0.1481 | weighted_recall 0.1940 | consensus_recall 0.0000 | threshold 0.450
Epoch 5/30 | train_loss 1.2479 | union_precision 0.1562 | weighted_recall 0.1642 | consensus_recall 0.0000 | threshold 0.500
Epoch 6/30 | train_loss 1.2113 | union_precision 0.2069 | weighted_recall 0.1791 | consensus_recall 0.0000 | threshold 0.500
Epoch 7/30 | train_loss 1.1839 | union_precision 0.2609 | weighted_recall 0.1866 | consensus_recall 0.0000 | threshold 0.525
Epoch 8/30 | train_loss 1.1655 | union_precision 0.2500 | weighted_recall 0.1866 | consensus_recall 0.0000 | threshold 0.525
Epoch 9/30 | train_loss 1.1395 | union_precision 0.2800 | weighted_recall 0.2090 | consensus_recall 0.0000 | threshold 0.525
Epoch 10/30 | train_loss 1.1149 | union_precision 0.2500 | weighted_recall 0.2090 | consensus_recall 0.0000 | threshold 0.525
Epoch 11/30 | train_loss 1.0902 | union_precision 0.3125 | weighted_recall 0.1493 | consensus_recall 0.0000 | threshold 0.600
Epoch 12/30 | train_loss 1.0721 | union_precision 0.4000 | weighted_recall 0.0448 | consensus_recall 0.0000 | threshold 0.675
Epoch 13/30 | train_loss 1.0494 | union_precision 0.3846 | weighted_recall 0.1493 | consensus_recall 0.0000 | threshold 0.625
Epoch 14/30 | train_loss 1.0259 | union_precision 0.4167 | weighted_recall 0.1493 | consensus_recall 0.0000 | threshold 0.625
Epoch 15/30 | train_loss 1.0263 | union_precision 0.4167 | weighted_recall 0.0746 | consensus_recall 0.0000 | threshold 0.625
Epoch 16/30 | train_loss 1.0048 | union_precision 0.4444 | weighted_recall 0.0672 | consensus_recall 0.0000 | threshold 0.650
Epoch 17/30 | train_loss 0.9933 | union_precision 0.4118 | weighted_recall 0.1269 | consensus_recall 0.0000 | threshold 0.600
Epoch 18/30 | train_loss 0.9749 | union_precision 0.4444 | weighted_recall 0.0672 | consensus_recall 0.0000 | threshold 0.675
Epoch 19/30 | train_loss 0.9614 | union_precision 0.6667 | weighted_recall 0.0597 | consensus_recall 0.0000 | threshold 0.700
Epoch 20/30 | train_loss 0.9510 | union_precision 1.0000 | weighted_recall 0.0373 | consensus_recall 0.0000 | threshold 0.800
Epoch 21/30 | train_loss 0.9362 | union_precision 1.0000 | weighted_recall 0.0373 | consensus_recall 0.0000 | threshold 0.800
Epoch 22/30 | train_loss 0.9365 | union_precision 1.0000 | weighted_recall 0.0373 | consensus_recall 0.0000 | threshold 0.800
Epoch 23/30 | train_loss 0.9178 | union_precision 1.0000 | weighted_recall 0.0373 | consensus_recall 0.0000 | threshold 0.800
Epoch 24/30 | train_loss 0.9137 | union_precision 1.0000 | weighted_recall 0.0448 | consensus_recall 0.0000 | threshold 0.800
Epoch 25/30 | train_loss 0.9048 | union_precision 1.0000 | weighted_recall 0.0373 | consensus_recall 0.0000 | threshold 0.825
Epoch 26/30 | train_loss 0.8910 | union_precision 1.0000 | weighted_recall 0.0373 | consensus_recall 0.0000 | threshold 0.850
Epoch 27/30 | train_loss 0.8776 | union_precision 1.0000 | weighted_recall 0.0373 | consensus_recall 0.0000 | threshold 0.850
Epoch 28/30 | train_loss 0.8732 | union_precision 1.0000 | weighted_recall 0.0373 | consensus_recall 0.0000 | threshold 0.850
Epoch 29/30 | train_loss 0.8622 | union_precision 1.0000 | weighted_recall 0.0373 | consensus_recall 0.0000 | threshold 0.850
Early stopping at epoch 29
Held-out M41-1 | union_precision=1.0000 | weighted_recall=0.0448 | consensus_recall=0.0000
  oracle_stage_macro_f1=0.4516 | end_to_end_stage_macro_f1=0.0333
  end_to_end_stage_class_f1=low:0.1000,mid:0.0000,high:0.0000
Epoch 1/30 | train_loss 1.5350 | union_precision 0.3750 | weighted_recall 0.1481 | consensus_recall 0.0000 | threshold 0.475
Epoch 2/30 | train_loss 1.4124 | union_precision 0.3846 | weighted_recall 0.1296 | consensus_recall 0.0000 | threshold 0.475
Epoch 3/30 | train_loss 1.3282 | union_precision 0.3125 | weighted_recall 0.2037 | consensus_recall 0.0000 | threshold 0.475
Epoch 4/30 | train_loss 1.2799 | union_precision 0.3333 | weighted_recall 0.2037 | consensus_recall 0.0000 | threshold 0.500
Epoch 5/30 | train_loss 1.2523 | union_precision 0.3750 | weighted_recall 0.2222 | consensus_recall 0.0000 | threshold 0.500
Epoch 6/30 | train_loss 1.2152 | union_precision 0.4000 | weighted_recall 0.1852 | consensus_recall 0.0000 | threshold 0.550
Epoch 7/30 | train_loss 1.1879 | union_precision 0.4000 | weighted_recall 0.2222 | consensus_recall 0.0000 | threshold 0.525
Epoch 8/30 | train_loss 1.1661 | union_precision 0.4000 | weighted_recall 0.2222 | consensus_recall 0.0000 | threshold 0.525
Epoch 9/30 | train_loss 1.1466 | union_precision 0.3571 | weighted_recall 0.2037 | consensus_recall 0.0000 | threshold 0.550
Epoch 10/30 | train_loss 1.1185 | union_precision 0.4000 | weighted_recall 0.2222 | consensus_recall 0.0000 | threshold 0.550
Epoch 11/30 | train_loss 1.0978 | union_precision 0.3750 | weighted_recall 0.2222 | consensus_recall 0.0000 | threshold 0.550
Epoch 12/30 | train_loss 1.0760 | union_precision 0.3750 | weighted_recall 0.2222 | consensus_recall 0.0000 | threshold 0.550
Early stopping at epoch 12
Held-out M41-2 | union_precision=0.4000 | weighted_recall=0.2222 | consensus_recall=0.0000
  oracle_stage_macro_f1=0.4128 | end_to_end_stage_macro_f1=0.1111
  end_to_end_stage_class_f1=low:0.1111,mid:0.2222,high:0.0000
Epoch 1/30 | train_loss 1.5354 | union_precision 0.5455 | weighted_recall 0.1828 | consensus_recall 0.0000 | threshold 0.550
Epoch 2/30 | train_loss 1.4100 | union_precision 0.6667 | weighted_recall 0.2043 | consensus_recall 0.0000 | threshold 0.550
Epoch 3/30 | train_loss 1.3260 | union_precision 0.6667 | weighted_recall 0.2043 | consensus_recall 0.0000 | threshold 0.550
Epoch 4/30 | train_loss 1.2796 | union_precision 0.6667 | weighted_recall 0.2043 | consensus_recall 0.0000 | threshold 0.575
Epoch 5/30 | train_loss 1.2513 | union_precision 0.6429 | weighted_recall 0.2796 | consensus_recall 0.0000 | threshold 0.525
Epoch 6/30 | train_loss 1.2136 | union_precision 0.6667 | weighted_recall 0.2796 | consensus_recall 0.0000 | threshold 0.525
Epoch 7/30 | train_loss 1.1876 | union_precision 0.6667 | weighted_recall 0.2796 | consensus_recall 0.0000 | threshold 0.525
Epoch 8/30 | train_loss 1.1658 | union_precision 0.7143 | weighted_recall 0.1720 | consensus_recall 0.0000 | threshold 0.625
Epoch 9/30 | train_loss 1.1496 | union_precision 0.7500 | weighted_recall 0.2473 | consensus_recall 0.0000 | threshold 0.625
Epoch 10/30 | train_loss 1.1187 | union_precision 0.6667 | weighted_recall 0.3011 | consensus_recall 0.0000 | threshold 0.550
Epoch 11/30 | train_loss 1.0979 | union_precision 0.6000 | weighted_recall 0.2366 | consensus_recall 0.0000 | threshold 0.550
Epoch 12/30 | train_loss 1.0765 | union_precision 1.0000 | weighted_recall 0.1398 | consensus_recall 0.0000 | threshold 0.675
Epoch 13/30 | train_loss 1.0536 | union_precision 1.0000 | weighted_recall 0.0645 | consensus_recall 0.0000 | threshold 0.700
Epoch 14/30 | train_loss 1.0313 | union_precision 1.0000 | weighted_recall 0.1290 | consensus_recall 0.0000 | threshold 0.700
Epoch 15/30 | train_loss 1.0275 | union_precision 1.0000 | weighted_recall 0.1290 | consensus_recall 0.0000 | threshold 0.700
Epoch 16/30 | train_loss 1.0075 | union_precision 1.0000 | weighted_recall 0.1290 | consensus_recall 0.0000 | threshold 0.700
Epoch 17/30 | train_loss 0.9970 | union_precision 1.0000 | weighted_recall 0.1290 | consensus_recall 0.0000 | threshold 0.700
Early stopping at epoch 17
Held-out M41-3 | union_precision=1.0000 | weighted_recall=0.1398 | consensus_recall=0.0000
  oracle_stage_macro_f1=0.4784 | end_to_end_stage_macro_f1=0.1574
  end_to_end_stage_class_f1=low:0.2222,mid:0.2500,high:0.0000
Epoch 1/30 | train_loss 1.5378 | union_precision 0.5000 | weighted_recall 0.0149 | consensus_recall 0.0000 | threshold 0.575
Epoch 2/30 | train_loss 1.4118 | union_precision 0.4000 | weighted_recall 0.0299 | consensus_recall 0.0000 | threshold 0.575
Epoch 3/30 | train_loss 1.3275 | union_precision 1.0000 | weighted_recall 0.0149 | consensus_recall 0.0000 | threshold 0.625
Epoch 4/30 | train_loss 1.2830 | union_precision 1.0000 | weighted_recall 0.0149 | consensus_recall 0.0000 | threshold 0.625
Epoch 5/30 | train_loss 1.2514 | union_precision 1.0000 | weighted_recall 0.0149 | consensus_recall 0.0000 | threshold 0.650
Epoch 6/30 | train_loss 1.2153 | union_precision 1.0000 | weighted_recall 0.0149 | consensus_recall 0.0000 | threshold 0.650
Epoch 7/30 | train_loss 1.1908 | union_precision 1.0000 | weighted_recall 0.0448 | consensus_recall 0.0000 | threshold 0.650
Epoch 8/30 | train_loss 1.1683 | union_precision 1.0000 | weighted_recall 0.0149 | consensus_recall 0.0000 | threshold 0.675
Epoch 9/30 | train_loss 1.1479 | union_precision 1.0000 | weighted_recall 0.0299 | consensus_recall 0.0000 | threshold 0.675
Epoch 10/30 | train_loss 1.1203 | union_precision 0.6667 | weighted_recall 0.0448 | consensus_recall 0.0000 | threshold 0.675
Epoch 11/30 | train_loss 1.1020 | union_precision 0.5000 | weighted_recall 0.0149 | consensus_recall 0.0000 | threshold 0.700
Epoch 12/30 | train_loss 1.0772 | union_precision 0.6667 | weighted_recall 0.0448 | consensus_recall 0.0000 | threshold 0.700
Early stopping at epoch 12
Held-out M41-4 | union_precision=1.0000 | weighted_recall=0.0448 | consensus_recall=0.0000
  oracle_stage_macro_f1=0.2618 | end_to_end_stage_macro_f1=0.0351
  end_to_end_stage_class_f1=low:0.0000,mid:0.1053,high:0.0000
Epoch 1/30 | train_loss 1.5333 | union_precision 0.2632 | weighted_recall 0.1558 | consensus_recall 0.0000 | threshold 0.475
Epoch 2/30 | train_loss 1.4072 | union_precision 0.2812 | weighted_recall 0.1948 | consensus_recall 0.0000 | threshold 0.525
Epoch 3/30 | train_loss 1.3253 | union_precision 0.2683 | weighted_recall 0.2078 | consensus_recall 0.0000 | threshold 0.500
Epoch 4/30 | train_loss 1.2809 | union_precision 0.2750 | weighted_recall 0.2078 | consensus_recall 0.0000 | threshold 0.525
Epoch 5/30 | train_loss 1.2490 | union_precision 0.2778 | weighted_recall 0.2013 | consensus_recall 0.0000 | threshold 0.550
Epoch 6/30 | train_loss 1.2125 | union_precision 0.2857 | weighted_recall 0.2208 | consensus_recall 0.0000 | threshold 0.625
Epoch 7/30 | train_loss 1.1850 | union_precision 0.2857 | weighted_recall 0.2208 | consensus_recall 0.0000 | threshold 0.625
Epoch 8/30 | train_loss 1.1678 | union_precision 0.2857 | weighted_recall 0.3506 | consensus_recall 0.0000 | threshold 0.050
Epoch 9/30 | train_loss 1.1484 | union_precision 0.2941 | weighted_recall 0.2857 | consensus_recall 0.0000 | threshold 0.650
Epoch 10/30 | train_loss 1.1153 | union_precision 0.4444 | weighted_recall 0.1688 | consensus_recall 0.0000 | threshold 0.700
Epoch 11/30 | train_loss 1.0990 | union_precision 0.5556 | weighted_recall 0.1818 | consensus_recall 0.0000 | threshold 0.725
Epoch 12/30 | train_loss 1.0752 | union_precision 0.5714 | weighted_recall 0.0714 | consensus_recall 0.0000 | threshold 0.750
Epoch 13/30 | train_loss 1.0558 | union_precision 1.0000 | weighted_recall 0.0065 | consensus_recall 0.0000 | threshold 0.800
Epoch 14/30 | train_loss 1.0272 | union_precision 0.6667 | weighted_recall 0.0714 | consensus_recall 0.0000 | threshold 0.775
Epoch 15/30 | train_loss 1.0253 | union_precision 1.0000 | weighted_recall 0.0065 | consensus_recall 0.0000 | threshold 0.825
Epoch 16/30 | train_loss 1.0042 | union_precision 0.8000 | weighted_recall 0.0714 | consensus_recall 0.0000 | threshold 0.800
Epoch 17/30 | train_loss 0.9949 | union_precision 1.0000 | weighted_recall 0.0065 | consensus_recall 0.0000 | threshold 0.850
Epoch 18/30 | train_loss 0.9782 | union_precision 1.0000 | weighted_recall 0.0065 | consensus_recall 0.0000 | threshold 0.850
Early stopping at epoch 18
Held-out M50-1 | union_precision=1.0000 | weighted_recall=0.0065 | consensus_recall=0.0000
  oracle_stage_macro_f1=0.4371 | end_to_end_stage_macro_f1=0.0370
  end_to_end_stage_class_f1=low:0.0000,mid:0.1111,high:0.0000
Epoch 1/30 | train_loss 1.5351 | union_precision 0.2917 | weighted_recall 0.1205 | consensus_recall 0.0000 | threshold 0.525
Epoch 2/30 | train_loss 1.4093 | union_precision 0.2333 | weighted_recall 0.1325 | consensus_recall 0.0000 | threshold 0.475
Epoch 3/30 | train_loss 1.3242 | union_precision 0.2308 | weighted_recall 0.1446 | consensus_recall 0.0000 | threshold 0.450
Epoch 4/30 | train_loss 1.2836 | union_precision 0.2778 | weighted_recall 0.1024 | consensus_recall 0.0000 | threshold 0.525
Epoch 5/30 | train_loss 1.2483 | union_precision 0.3750 | weighted_recall 0.0482 | consensus_recall 0.0000 | threshold 0.575
Epoch 6/30 | train_loss 1.2143 | union_precision 0.3333 | weighted_recall 0.0482 | consensus_recall 0.0000 | threshold 0.575
Epoch 7/30 | train_loss 1.1877 | union_precision 0.3333 | weighted_recall 0.0181 | consensus_recall 0.0000 | threshold 0.600
Epoch 8/30 | train_loss 1.1700 | union_precision 0.3571 | weighted_recall 0.0663 | consensus_recall 0.0000 | threshold 0.575
Epoch 9/30 | train_loss 1.1505 | union_precision 0.5000 | weighted_recall 0.0181 | consensus_recall 0.0000 | threshold 0.650
Epoch 10/30 | train_loss 1.1198 | union_precision 0.5000 | weighted_recall 0.0422 | consensus_recall 0.0000 | threshold 0.600
Epoch 11/30 | train_loss 1.0992 | union_precision 0.5000 | weighted_recall 0.0181 | consensus_recall 0.0000 | threshold 0.650
Epoch 12/30 | train_loss 1.0742 | union_precision 0.6000 | weighted_recall 0.0361 | consensus_recall 0.0000 | threshold 0.625
Epoch 13/30 | train_loss 1.0566 | union_precision 0.5000 | weighted_recall 0.0361 | consensus_recall 0.0000 | threshold 0.625
Epoch 14/30 | train_loss 1.0304 | union_precision 0.5714 | weighted_recall 0.0422 | consensus_recall 0.0000 | threshold 0.625
Epoch 15/30 | train_loss 1.0277 | union_precision 0.5000 | weighted_recall 0.0181 | consensus_recall 0.0000 | threshold 0.650
Epoch 16/30 | train_loss 1.0065 | union_precision 0.6667 | weighted_recall 0.0301 | consensus_recall 0.0000 | threshold 0.650
Epoch 17/30 | train_loss 0.9955 | union_precision 0.6667 | weighted_recall 0.0301 | consensus_recall 0.0000 | threshold 0.675
Epoch 18/30 | train_loss 0.9783 | union_precision 0.6667 | weighted_recall 0.0301 | consensus_recall 0.0000 | threshold 0.700
Epoch 19/30 | train_loss 0.9680 | union_precision 0.6667 | weighted_recall 0.0301 | consensus_recall 0.0000 | threshold 0.725
Epoch 20/30 | train_loss 0.9557 | union_precision 0.6667 | weighted_recall 0.0301 | consensus_recall 0.0000 | threshold 0.750
Epoch 21/30 | train_loss 0.9451 | union_precision 0.6667 | weighted_recall 0.0301 | consensus_recall 0.0000 | threshold 0.775
Early stopping at epoch 21
Held-out M50-2 | union_precision=0.6667 | weighted_recall=0.0301 | consensus_recall=0.0000
  oracle_stage_macro_f1=0.4261 | end_to_end_stage_macro_f1=0.0906
  end_to_end_stage_class_f1=low:0.1667,mid:0.1053,high:0.0000
Epoch 1/30 | train_loss 1.5445 | union_precision 0.8000 | weighted_recall 0.0350 | consensus_recall 0.0000 | threshold 0.575
Epoch 2/30 | train_loss 1.4193 | union_precision 0.8000 | weighted_recall 0.0350 | consensus_recall 0.0000 | threshold 0.575
Epoch 3/30 | train_loss 1.3351 | union_precision 0.8889 | weighted_recall 0.0626 | consensus_recall 0.0000 | threshold 0.575
Epoch 4/30 | train_loss 1.2889 | union_precision 0.8750 | weighted_recall 0.0608 | consensus_recall 0.0000 | threshold 0.600
Epoch 5/30 | train_loss 1.2516 | union_precision 0.8333 | weighted_recall 0.0479 | consensus_recall 0.0000 | threshold 0.625
Epoch 6/30 | train_loss 1.2190 | union_precision 0.8000 | weighted_recall 0.0902 | consensus_recall 0.0000 | threshold 0.650
Epoch 7/30 | train_loss 1.1921 | union_precision 0.8333 | weighted_recall 0.0958 | consensus_recall 0.0000 | threshold 0.650
Epoch 8/30 | train_loss 1.1704 | union_precision 0.7500 | weighted_recall 0.0792 | consensus_recall 0.0000 | threshold 0.675
Early stopping at epoch 8
Held-out M50-3 | union_precision=0.8889 | weighted_recall=0.0626 | consensus_recall=0.0000
  oracle_stage_macro_f1=0.3641 | end_to_end_stage_macro_f1=0.0735
  end_to_end_stage_class_f1=low:0.0000,mid:0.1538,high:0.0667
Epoch 1/30 | train_loss 1.5322 | union_precision 0.3333 | weighted_recall 0.0581 | consensus_recall 0.0000 | threshold 0.525
Epoch 2/30 | train_loss 1.4074 | union_precision 0.5000 | weighted_recall 0.0581 | consensus_recall 0.0000 | threshold 0.575
Epoch 3/30 | train_loss 1.3296 | union_precision 0.5000 | weighted_recall 0.0664 | consensus_recall 0.0000 | threshold 0.525
Epoch 4/30 | train_loss 1.2827 | union_precision 0.5333 | weighted_recall 0.2033 | consensus_recall 1.0000 | threshold 0.525
Epoch 5/30 | train_loss 1.2446 | union_precision 0.5263 | weighted_recall 0.2116 | consensus_recall 1.0000 | threshold 0.525
Epoch 6/30 | train_loss 1.2116 | union_precision 0.6364 | weighted_recall 0.1992 | consensus_recall 1.0000 | threshold 0.550
Epoch 7/30 | train_loss 1.1800 | union_precision 0.5714 | weighted_recall 0.2033 | consensus_recall 1.0000 | threshold 0.550
Epoch 8/30 | train_loss 1.1614 | union_precision 0.5000 | weighted_recall 0.2656 | consensus_recall 1.0000 | threshold 0.550
Epoch 9/30 | train_loss 1.1461 | union_precision 0.5455 | weighted_recall 0.3071 | consensus_recall 1.0000 | threshold 0.550
Epoch 10/30 | train_loss 1.1162 | union_precision 0.5217 | weighted_recall 0.3071 | consensus_recall 1.0000 | threshold 0.550
Epoch 11/30 | train_loss 1.0904 | union_precision 0.5185 | weighted_recall 0.2199 | consensus_recall 1.0000 | threshold 0.550
Early stopping at epoch 11
Held-out M56-1 | union_precision=0.6364 | weighted_recall=0.1992 | consensus_recall=1.0000
  oracle_stage_macro_f1=0.4497 | end_to_end_stage_macro_f1=0.0351
  end_to_end_stage_class_f1=low:0.1053,mid:0.0000,high:0.0000
Epoch 1/30 | train_loss 1.5258 | union_precision 0.2121 | weighted_recall 0.0803 | consensus_recall 0.0000 | threshold 0.050
Epoch 2/30 | train_loss 1.4090 | union_precision 0.3125 | weighted_recall 0.2117 | consensus_recall 0.0000 | threshold 0.050
Epoch 3/30 | train_loss 1.3280 | union_precision 0.3030 | weighted_recall 0.2117 | consensus_recall 0.0000 | threshold 0.050
Epoch 4/30 | train_loss 1.2823 | union_precision 0.2941 | weighted_recall 0.2117 | consensus_recall 0.0000 | threshold 0.050
Epoch 5/30 | train_loss 1.2458 | union_precision 0.2941 | weighted_recall 0.2117 | consensus_recall 0.0000 | threshold 0.475
Epoch 6/30 | train_loss 1.2151 | union_precision 0.3030 | weighted_recall 0.2117 | consensus_recall 0.0000 | threshold 0.475
Epoch 7/30 | train_loss 1.1800 | union_precision 0.3030 | weighted_recall 0.1971 | consensus_recall 0.0000 | threshold 0.475
Early stopping at epoch 7
Held-out M56-2 | union_precision=0.3125 | weighted_recall=0.2117 | consensus_recall=0.0000
  oracle_stage_macro_f1=0.3146 | end_to_end_stage_macro_f1=0.0444
  end_to_end_stage_class_f1=low:0.1333,mid:0.0000,high:0.0000
Epoch 1/30 | train_loss 1.5292 | union_precision 1.0000 | weighted_recall 0.0075 | consensus_recall 0.0000 | threshold 0.650
Epoch 2/30 | train_loss 1.4113 | union_precision 1.0000 | weighted_recall 0.0299 | consensus_recall 0.0000 | threshold 0.650
Epoch 3/30 | train_loss 1.3388 | union_precision 1.0000 | weighted_recall 0.0349 | consensus_recall 0.0000 | threshold 0.675
Epoch 4/30 | train_loss 1.2864 | union_precision 1.0000 | weighted_recall 0.0349 | consensus_recall 0.0000 | threshold 0.675
Epoch 5/30 | train_loss 1.2508 | union_precision 1.0000 | weighted_recall 0.0224 | consensus_recall 0.0000 | threshold 0.675
Epoch 6/30 | train_loss 1.2189 | union_precision 1.0000 | weighted_recall 0.0075 | consensus_recall 0.0000 | threshold 0.700
Epoch 7/30 | train_loss 1.1800 | union_precision 1.0000 | weighted_recall 0.0374 | consensus_recall 0.0000 | threshold 0.700
Epoch 8/30 | train_loss 1.1684 | union_precision 1.0000 | weighted_recall 0.0374 | consensus_recall 0.0000 | threshold 0.700
Early stopping at epoch 8
Held-out M56-3 | union_precision=1.0000 | weighted_recall=0.0349 | consensus_recall=0.0000
  oracle_stage_macro_f1=0.2771 | end_to_end_stage_macro_f1=0.0190
  end_to_end_stage_class_f1=low:0.0571,mid:0.0000,high:0.0000
Epoch 1/30 | train_loss 1.5218 | union_precision 0.4545 | weighted_recall 0.0879 | consensus_recall 0.0000 | threshold 0.525
Epoch 2/30 | train_loss 1.4057 | union_precision 0.5000 | weighted_recall 0.0165 | consensus_recall 0.0000 | threshold 0.625
Epoch 3/30 | train_loss 1.3306 | union_precision 0.3404 | weighted_recall 0.2637 | consensus_recall 0.0000 | threshold 0.475
Epoch 4/30 | train_loss 1.2826 | union_precision 0.3478 | weighted_recall 0.3297 | consensus_recall 0.0000 | threshold 0.475
Epoch 5/30 | train_loss 1.2479 | union_precision 0.3571 | weighted_recall 0.1593 | consensus_recall 0.0000 | threshold 0.550
Epoch 6/30 | train_loss 1.2152 | union_precision 0.3778 | weighted_recall 0.3297 | consensus_recall 0.0000 | threshold 0.475
Epoch 7/30 | train_loss 1.1759 | union_precision 0.3750 | weighted_recall 0.0934 | consensus_recall 0.0000 | threshold 0.575
Early stopping at epoch 7
Held-out M59-1 | union_precision=0.5000 | weighted_recall=0.0165 | consensus_recall=0.0000
  oracle_stage_macro_f1=0.2695 | end_to_end_stage_macro_f1=0.0000
  end_to_end_stage_class_f1=low:0.0000,mid:0.0000,high:0.0000
Epoch 1/30 | train_loss 1.5198 | union_precision 0.6667 | weighted_recall 0.0614 | consensus_recall 0.0000 | threshold 0.550
Epoch 2/30 | train_loss 1.4054 | union_precision 0.5000 | weighted_recall 0.0088 | consensus_recall 0.0000 | threshold 0.575
Epoch 3/30 | train_loss 1.3293 | union_precision 0.5161 | weighted_recall 0.3509 | consensus_recall 0.0000 | threshold 0.500
Epoch 4/30 | train_loss 1.2825 | union_precision 0.5000 | weighted_recall 0.3509 | consensus_recall 0.0000 | threshold 0.500
Epoch 5/30 | train_loss 1.2478 | union_precision 0.5000 | weighted_recall 0.1447 | consensus_recall 0.0000 | threshold 0.525
Epoch 6/30 | train_loss 1.2099 | union_precision 0.6667 | weighted_recall 0.0132 | consensus_recall 0.0000 | threshold 0.625
Early stopping at epoch 6
Held-out M59-2 | union_precision=0.6667 | weighted_recall=0.0614 | consensus_recall=0.0000
  oracle_stage_macro_f1=0.4061 | end_to_end_stage_macro_f1=0.0303
  end_to_end_stage_class_f1=low:0.0000,mid:0.0909,high:0.0000
Epoch 1/30 | train_loss 1.5175 | union_precision 0.1875 | weighted_recall 0.1390 | consensus_recall 0.0000 | threshold 0.050
Epoch 2/30 | train_loss 1.4093 | union_precision 0.2222 | weighted_recall 0.2305 | consensus_recall 0.5000 | threshold 0.475
Epoch 3/30 | train_loss 1.3295 | union_precision 0.5000 | weighted_recall 0.0712 | consensus_recall 0.0000 | threshold 0.575
Epoch 4/30 | train_loss 1.2902 | union_precision 0.5000 | weighted_recall 0.1831 | consensus_recall 0.5000 | threshold 0.550
Epoch 5/30 | train_loss 1.2540 | union_precision 0.5455 | weighted_recall 0.1763 | consensus_recall 0.5000 | threshold 0.575
Epoch 6/30 | train_loss 1.2230 | union_precision 0.6667 | weighted_recall 0.1085 | consensus_recall 0.5000 | threshold 0.650
Epoch 7/30 | train_loss 1.1760 | union_precision 0.6667 | weighted_recall 0.1085 | consensus_recall 0.5000 | threshold 0.675
Epoch 8/30 | train_loss 1.1646 | union_precision 0.6667 | weighted_recall 0.1085 | consensus_recall 0.5000 | threshold 0.675
Epoch 9/30 | train_loss 1.1479 | union_precision 0.6667 | weighted_recall 0.1085 | consensus_recall 0.5000 | threshold 0.675
Epoch 10/30 | train_loss 1.1244 | union_precision 0.6667 | weighted_recall 0.1085 | consensus_recall 0.5000 | threshold 0.700
Epoch 11/30 | train_loss 1.0933 | union_precision 0.6667 | weighted_recall 0.1085 | consensus_recall 0.5000 | threshold 0.700
Early stopping at epoch 11
Held-out M59-3 | union_precision=0.6667 | weighted_recall=0.1085 | consensus_recall=0.5000
  oracle_stage_macro_f1=0.3288 | end_to_end_stage_macro_f1=0.0000
  end_to_end_stage_class_f1=low:0.0000,mid:0.0000,high:0.0000
Epoch 1/30 | train_loss 1.5248 | union_precision 0.7500 | weighted_recall 0.0500 | consensus_recall 0.0000 | threshold 0.575
Epoch 2/30 | train_loss 1.4051 | union_precision 0.6667 | weighted_recall 0.0417 | consensus_recall 0.0000 | threshold 0.600
Epoch 3/30 | train_loss 1.3226 | union_precision 0.6667 | weighted_recall 0.0417 | consensus_recall 0.0000 | threshold 0.625
Epoch 4/30 | train_loss 1.2806 | union_precision 0.6667 | weighted_recall 0.0417 | consensus_recall 0.0000 | threshold 0.650
Epoch 5/30 | train_loss 1.2474 | union_precision 0.5000 | weighted_recall 0.0083 | consensus_recall 0.0000 | threshold 0.675
Epoch 6/30 | train_loss 1.2116 | union_precision 0.3750 | weighted_recall 0.1833 | consensus_recall 0.0000 | threshold 0.475
Early stopping at epoch 6
Held-out M63-1 | union_precision=0.7500 | weighted_recall=0.0500 | consensus_recall=0.0000
  oracle_stage_macro_f1=0.3271 | end_to_end_stage_macro_f1=0.0606
  end_to_end_stage_class_f1=low:0.0000,mid:0.1818,high:0.0000
Epoch 1/30 | train_loss 1.5249 | union_precision 0.6667 | weighted_recall 0.0714 | consensus_recall 0.0000 | threshold 0.575
Epoch 2/30 | train_loss 1.4048 | union_precision 1.0000 | weighted_recall 0.0556 | consensus_recall 0.0000 | threshold 0.650
Epoch 3/30 | train_loss 1.3219 | union_precision 0.7500 | weighted_recall 0.0794 | consensus_recall 0.0000 | threshold 0.575
Epoch 4/30 | train_loss 1.2804 | union_precision 0.6667 | weighted_recall 0.0714 | consensus_recall 0.0000 | threshold 0.600
Epoch 5/30 | train_loss 1.2453 | union_precision 0.6250 | weighted_recall 0.1508 | consensus_recall 0.0000 | threshold 0.575
Epoch 6/30 | train_loss 1.2128 | union_precision 0.6000 | weighted_recall 0.1349 | consensus_recall 0.0000 | threshold 0.600
Epoch 7/30 | train_loss 1.1721 | union_precision 0.6000 | weighted_recall 0.1349 | consensus_recall 0.0000 | threshold 0.600
Early stopping at epoch 7
Held-out M63-3 | union_precision=1.0000 | weighted_recall=0.0556 | consensus_recall=0.0000
  oracle_stage_macro_f1=0.2721 | end_to_end_stage_macro_f1=0.0000
  end_to_end_stage_class_f1=low:0.0000,mid:0.0000,high:0.0000
Epoch 1/30 | train_loss 1.5223 | union_precision 0.8000 | weighted_recall 0.1746 | consensus_recall 0.0000 | threshold 0.550
Epoch 2/30 | train_loss 1.4063 | union_precision 0.8000 | weighted_recall 0.3333 | consensus_recall 0.0000 | threshold 0.550
Epoch 3/30 | train_loss 1.3250 | union_precision 0.8000 | weighted_recall 0.3333 | consensus_recall 0.0000 | threshold 0.575
Epoch 4/30 | train_loss 1.2820 | union_precision 0.8000 | weighted_recall 0.3333 | consensus_recall 0.0000 | threshold 0.600
Epoch 5/30 | train_loss 1.2489 | union_precision 0.8000 | weighted_recall 0.2540 | consensus_recall 0.0000 | threshold 0.600
Epoch 6/30 | train_loss 1.2159 | union_precision 0.8000 | weighted_recall 0.2540 | consensus_recall 0.0000 | threshold 0.600
Epoch 7/30 | train_loss 1.1740 | union_precision 0.6667 | weighted_recall 0.2540 | consensus_recall 0.0000 | threshold 0.600
Epoch 8/30 | train_loss 1.1592 | union_precision 0.8000 | weighted_recall 0.2540 | consensus_recall 0.0000 | threshold 0.625
Early stopping at epoch 8
Held-out M67-1 | union_precision=0.8000 | weighted_recall=0.3333 | consensus_recall=0.0000
  oracle_stage_macro_f1=0.5759 | end_to_end_stage_macro_f1=0.1667
  end_to_end_stage_class_f1=low:0.0000,mid:0.5000,high:0.0000
Epoch 1/30 | train_loss 1.5231 | union_precision 0.2800 | weighted_recall 0.2203 | consensus_recall 0.0000 | threshold 0.475
Epoch 2/30 | train_loss 1.4058 | union_precision 0.3636 | weighted_recall 0.1695 | consensus_recall 0.0000 | threshold 0.525
Epoch 3/30 | train_loss 1.3243 | union_precision 0.4286 | weighted_recall 0.0847 | consensus_recall 0.0000 | threshold 0.550
Epoch 4/30 | train_loss 1.2808 | union_precision 0.6667 | weighted_recall 0.0678 | consensus_recall 0.0000 | threshold 0.575
Epoch 5/30 | train_loss 1.2460 | union_precision 0.5000 | weighted_recall 0.0847 | consensus_recall 0.0000 | threshold 0.575
Epoch 6/30 | train_loss 1.2130 | union_precision 0.5000 | weighted_recall 0.0847 | consensus_recall 0.0000 | threshold 0.575
Epoch 7/30 | train_loss 1.1727 | union_precision 0.5714 | weighted_recall 0.1356 | consensus_recall 0.0000 | threshold 0.575
Epoch 8/30 | train_loss 1.1568 | union_precision 0.6000 | weighted_recall 0.1186 | consensus_recall 0.0000 | threshold 0.575
Epoch 9/30 | train_loss 1.1385 | union_precision 0.6000 | weighted_recall 0.1186 | consensus_recall 0.0000 | threshold 0.575
Early stopping at epoch 9
Held-out M67-2 | union_precision=0.6667 | weighted_recall=0.0678 | consensus_recall=0.0000
  oracle_stage_macro_f1=0.2055 | end_to_end_stage_macro_f1=0.0000
  end_to_end_stage_class_f1=low:0.0000,mid:0.0000,high:0.0000
Epoch 1/30 | train_loss 1.5226 | union_precision 1.0000 | weighted_recall 0.0746 | consensus_recall 0.0000 | threshold 0.600
Epoch 2/30 | train_loss 1.4081 | union_precision 1.0000 | weighted_recall 0.0746 | consensus_recall 0.0000 | threshold 0.625
Epoch 3/30 | train_loss 1.3255 | union_precision 1.0000 | weighted_recall 0.0746 | consensus_recall 0.0000 | threshold 0.650
Epoch 4/30 | train_loss 1.2808 | union_precision 1.0000 | weighted_recall 0.0746 | consensus_recall 0.0000 | threshold 0.625
Epoch 5/30 | train_loss 1.2458 | union_precision 1.0000 | weighted_recall 0.0746 | consensus_recall 0.0000 | threshold 0.650
Epoch 6/30 | train_loss 1.2139 | union_precision 1.0000 | weighted_recall 0.0746 | consensus_recall 0.0000 | threshold 0.675
Early stopping at epoch 6
Held-out M67-3 | union_precision=1.0000 | weighted_recall=0.0746 | consensus_recall=0.0000
  oracle_stage_macro_f1=0.4522 | end_to_end_stage_macro_f1=0.0667
  end_to_end_stage_class_f1=low:0.0000,mid:0.2000,high:0.0000
Epoch 1/30 | train_loss 1.5234 | union_precision 0.6364 | weighted_recall 0.0828 | consensus_recall 0.0000 | threshold 0.550
Epoch 2/30 | train_loss 1.4083 | union_precision 0.7143 | weighted_recall 0.0510 | consensus_recall 0.0000 | threshold 0.575
Epoch 3/30 | train_loss 1.3240 | union_precision 0.7143 | weighted_recall 0.0510 | consensus_recall 0.0000 | threshold 0.600
Epoch 4/30 | train_loss 1.2812 | union_precision 0.7143 | weighted_recall 0.0510 | consensus_recall 0.0000 | threshold 0.625
Epoch 5/30 | train_loss 1.2452 | union_precision 0.7500 | weighted_recall 0.0701 | consensus_recall 0.0000 | threshold 0.625
Epoch 6/30 | train_loss 1.2142 | union_precision 0.8000 | weighted_recall 0.0510 | consensus_recall 0.0000 | threshold 0.650
Epoch 7/30 | train_loss 1.1722 | union_precision 1.0000 | weighted_recall 0.0191 | consensus_recall 0.0000 | threshold 0.675
Epoch 8/30 | train_loss 1.1589 | union_precision 1.0000 | weighted_recall 0.0191 | consensus_recall 0.0000 | threshold 0.675
Epoch 9/30 | train_loss 1.1411 | union_precision 1.0000 | weighted_recall 0.0191 | consensus_recall 0.0000 | threshold 0.675
Epoch 10/30 | train_loss 1.1207 | union_precision 1.0000 | weighted_recall 0.0446 | consensus_recall 0.0000 | threshold 0.675
Epoch 11/30 | train_loss 1.0903 | union_precision 1.0000 | weighted_recall 0.0191 | consensus_recall 0.0000 | threshold 0.700
Epoch 12/30 | train_loss 1.0705 | union_precision 1.0000 | weighted_recall 0.0446 | consensus_recall 0.0000 | threshold 0.700
Epoch 13/30 | train_loss 1.0517 | union_precision 1.0000 | weighted_recall 0.0191 | consensus_recall 0.0000 | threshold 0.725
Epoch 14/30 | train_loss 1.0319 | union_precision 1.0000 | weighted_recall 0.0637 | consensus_recall 0.0000 | threshold 0.725
Epoch 15/30 | train_loss 1.0266 | union_precision 1.0000 | weighted_recall 0.0382 | consensus_recall 0.0000 | threshold 0.750
Epoch 16/30 | train_loss 1.0091 | union_precision 1.0000 | weighted_recall 0.0382 | consensus_recall 0.0000 | threshold 0.775
Epoch 17/30 | train_loss 0.9950 | union_precision 1.0000 | weighted_recall 0.0191 | consensus_recall 0.0000 | threshold 0.800
Epoch 18/30 | train_loss 0.9781 | union_precision 1.0000 | weighted_recall 0.0191 | consensus_recall 0.0000 | threshold 0.825
Epoch 19/30 | train_loss 0.9626 | union_precision 1.0000 | weighted_recall 0.1083 | consensus_recall 0.0000 | threshold 0.825
Early stopping at epoch 19
Held-out M67-4 | union_precision=1.0000 | weighted_recall=0.0637 | consensus_recall=0.0000
  oracle_stage_macro_f1=0.5089 | end_to_end_stage_macro_f1=0.0889
  end_to_end_stage_class_f1=low:0.0000,mid:0.2667,high:0.0000
Epoch 1/30 | train_loss 1.5205 | union_precision 0.3333 | weighted_recall 0.0313 | consensus_recall 0.0000 | threshold 0.575
Epoch 2/30 | train_loss 1.4067 | union_precision 0.3333 | weighted_recall 0.0313 | consensus_recall 0.0000 | threshold 0.575
Epoch 3/30 | train_loss 1.3172 | union_precision 0.3793 | weighted_recall 0.1797 | consensus_recall 0.0000 | threshold 0.050
Epoch 4/30 | train_loss 1.2796 | union_precision 1.0000 | weighted_recall 0.0078 | consensus_recall 0.0000 | threshold 0.625
Epoch 5/30 | train_loss 1.2404 | union_precision 1.0000 | weighted_recall 0.0078 | consensus_recall 0.0000 | threshold 0.650
Epoch 6/30 | train_loss 1.2093 | union_precision 1.0000 | weighted_recall 0.0078 | consensus_recall 0.0000 | threshold 0.650
Epoch 7/30 | train_loss 1.1660 | union_precision 1.0000 | weighted_recall 0.0078 | consensus_recall 0.0000 | threshold 0.650
Epoch 8/30 | train_loss 1.1563 | union_precision 1.0000 | weighted_recall 0.0078 | consensus_recall 0.0000 | threshold 0.650
Epoch 9/30 | train_loss 1.1382 | union_precision 1.0000 | weighted_recall 0.0078 | consensus_recall 0.0000 | threshold 0.650
Early stopping at epoch 9
Held-out M68-1 | union_precision=1.0000 | weighted_recall=0.0078 | consensus_recall=0.0000
  oracle_stage_macro_f1=0.2550 | end_to_end_stage_macro_f1=0.0741
  end_to_end_stage_class_f1=low:0.0000,mid:0.2222,high:0.0000
Epoch 1/30 | train_loss 1.5229 | union_precision 1.0000 | weighted_recall 0.0769 | consensus_recall 0.0000 | threshold 0.600
Epoch 2/30 | train_loss 1.4073 | union_precision 1.0000 | weighted_recall 0.2137 | consensus_recall 0.0000 | threshold 0.600
Epoch 3/30 | train_loss 1.3239 | union_precision 1.0000 | weighted_recall 0.0769 | consensus_recall 0.0000 | threshold 0.650
Epoch 4/30 | train_loss 1.2844 | union_precision 1.0000 | weighted_recall 0.0769 | consensus_recall 0.0000 | threshold 0.675
Epoch 5/30 | train_loss 1.2446 | union_precision 1.0000 | weighted_recall 0.0769 | consensus_recall 0.0000 | threshold 0.675
Epoch 6/30 | train_loss 1.2123 | union_precision 1.0000 | weighted_recall 0.0769 | consensus_recall 0.0000 | threshold 0.700
Epoch 7/30 | train_loss 1.1715 | union_precision 0.6000 | weighted_recall 0.1880 | consensus_recall 0.0000 | threshold 0.650
Early stopping at epoch 7
Held-out M68-2 | union_precision=1.0000 | weighted_recall=0.2137 | consensus_recall=0.0000
  oracle_stage_macro_f1=0.2102 | end_to_end_stage_macro_f1=0.1212
  end_to_end_stage_class_f1=low:0.0000,mid:0.3636,high:0.0000
Epoch 1/30 | train_loss 1.5191 | union_precision 0.2941 | weighted_recall 0.3750 | consensus_recall 0.0000 | threshold 0.525
Epoch 2/30 | train_loss 1.4058 | union_precision 0.2941 | weighted_recall 0.5625 | consensus_recall 0.0000 | threshold 0.500
Epoch 3/30 | train_loss 1.3242 | union_precision 0.3333 | weighted_recall 0.6250 | consensus_recall 0.0000 | threshold 0.600
Epoch 4/30 | train_loss 1.2851 | union_precision 0.3125 | weighted_recall 0.6250 | consensus_recall 0.0000 | threshold 0.500
Epoch 5/30 | train_loss 1.2459 | union_precision 0.2941 | weighted_recall 0.6250 | consensus_recall 0.0000 | threshold 0.475
Epoch 6/30 | train_loss 1.2138 | union_precision 0.3333 | weighted_recall 0.0156 | consensus_recall 0.0000 | threshold 0.675
Epoch 7/30 | train_loss 1.1714 | union_precision 0.3333 | weighted_recall 0.2031 | consensus_recall 0.0000 | threshold 0.675
Epoch 8/30 | train_loss 1.1574 | union_precision 0.5000 | weighted_recall 0.2031 | consensus_recall 0.0000 | threshold 0.700
Epoch 9/30 | train_loss 1.1431 | union_precision 0.5000 | weighted_recall 0.3438 | consensus_recall 0.0000 | threshold 0.700
Epoch 10/30 | train_loss 1.1228 | union_precision 0.5000 | weighted_recall 0.2031 | consensus_recall 0.0000 | threshold 0.775
Epoch 11/30 | train_loss 1.0930 | union_precision 0.5000 | weighted_recall 0.2031 | consensus_recall 0.0000 | threshold 0.800
Epoch 12/30 | train_loss 1.0732 | union_precision 0.5385 | weighted_recall 0.7500 | consensus_recall 0.0000 | threshold 0.775
Epoch 13/30 | train_loss 1.0543 | union_precision 0.6667 | weighted_recall 0.3594 | consensus_recall 0.0000 | threshold 0.800
Epoch 14/30 | train_loss 1.0361 | union_precision 0.7143 | weighted_recall 0.6719 | consensus_recall 0.0000 | threshold 0.800
Epoch 15/30 | train_loss 1.0304 | union_precision 0.6250 | weighted_recall 0.6719 | consensus_recall 0.0000 | threshold 0.800
Epoch 16/30 | train_loss 1.0060 | union_precision 0.6667 | weighted_recall 0.6250 | consensus_recall 0.0000 | threshold 0.825
Epoch 17/30 | train_loss 0.9974 | union_precision 0.6250 | weighted_recall 0.6719 | consensus_recall 0.0000 | threshold 0.825
Epoch 18/30 | train_loss 0.9823 | union_precision 0.6667 | weighted_recall 0.6250 | consensus_recall 0.0000 | threshold 0.850
Epoch 19/30 | train_loss 0.9658 | union_precision 0.6250 | weighted_recall 0.6719 | consensus_recall 0.0000 | threshold 0.850
Early stopping at epoch 19
Held-out M68-3 | union_precision=0.7143 | weighted_recall=0.6719 | consensus_recall=0.0000
  oracle_stage_macro_f1=0.3556 | end_to_end_stage_macro_f1=0.1250
  end_to_end_stage_class_f1=low:0.0000,mid:0.3750,high:0.0000
Epoch 1/30 | train_loss 1.5388 | union_precision 0.4000 | weighted_recall 0.0096 | consensus_recall 0.0000 | threshold 0.650
Epoch 2/30 | train_loss 1.4069 | union_precision 0.4545 | weighted_recall 0.0346 | consensus_recall 0.0000 | threshold 0.575
Epoch 3/30 | train_loss 1.3309 | union_precision 0.5000 | weighted_recall 0.0402 | consensus_recall 0.0000 | threshold 0.575
Epoch 4/30 | train_loss 1.2764 | union_precision 0.5333 | weighted_recall 0.2328 | consensus_recall 0.4000 | threshold 0.550
Epoch 5/30 | train_loss 1.2423 | union_precision 0.5789 | weighted_recall 0.1994 | consensus_recall 0.4000 | threshold 0.575
Epoch 6/30 | train_loss 1.2141 | union_precision 0.6364 | weighted_recall 0.3296 | consensus_recall 0.6000 | threshold 0.575
Epoch 7/30 | train_loss 1.1808 | union_precision 0.7273 | weighted_recall 0.3093 | consensus_recall 0.6000 | threshold 0.600
Epoch 8/30 | train_loss 1.1628 | union_precision 0.6897 | weighted_recall 0.3217 | consensus_recall 0.6000 | threshold 0.600
Epoch 9/30 | train_loss 1.1389 | union_precision 0.8636 | weighted_recall 0.3206 | consensus_recall 0.6000 | threshold 0.625
Epoch 10/30 | train_loss 1.1220 | union_precision 0.9375 | weighted_recall 0.3077 | consensus_recall 0.6000 | threshold 0.650
Epoch 11/30 | train_loss 1.1090 | union_precision 0.9545 | weighted_recall 0.3302 | consensus_recall 0.6000 | threshold 0.650
Epoch 12/30 | train_loss 1.0779 | union_precision 1.0000 | weighted_recall 0.3183 | consensus_recall 0.6000 | threshold 0.675
Epoch 13/30 | train_loss 1.0765 | union_precision 0.9286 | weighted_recall 0.0896 | consensus_recall 0.0000 | threshold 0.700
Epoch 14/30 | train_loss 1.0447 | union_precision 0.9091 | weighted_recall 0.2483 | consensus_recall 0.4000 | threshold 0.700
Epoch 15/30 | train_loss 1.0373 | union_precision 0.9000 | weighted_recall 0.1053 | consensus_recall 0.0000 | threshold 0.725
Epoch 16/30 | train_loss 1.0204 | union_precision 0.8636 | weighted_recall 0.1726 | consensus_recall 0.2000 | threshold 0.725
Early stopping at epoch 16
Held-out M06-1__M06-2__M06-3 | union_precision=0.9545 | weighted_recall=0.3302 | consensus_recall=0.6000
  oracle_stage_macro_f1=0.4048 | end_to_end_stage_macro_f1=0.1083
  end_to_end_stage_class_f1=low:0.0000,mid:0.2623,high:0.0625
Wrote nested CV results to /gpfs/work/int/yuxuanliu2204/Changheng/xmltoexp/MERIX SUBMISSION/Boundary_Restart/reports/nested_piece_cv/M06_outer_level56_seed42
Best candidate: model-tcn__detector_target-level56_boundary__selection_metric-union_recall__min_precision-0p85__loss_type-bce__rest_span_label_mode-none__rest_span_tolerance_negative_weight-1p0 | mean_primary_metric=0.1074 | mean_union_precision=0.8206
