Running weighted-topdown nested direct seed=42 target=level1plus_split56_boundary min_precision=0.85
Command: python3 Command: run_nested_piece_cv.py Command: --config Command: configs/salience_grouped3_hi8_score_only_xml_curated.yaml Command: --outer_heldout_piece Command: M06-1 Command: M06-2 Command: M06-3 Command: --inner_mode Command: leave_one Command: --model Command: tcn Command: --detector_target Command: level1plus_split56_boundary Command: --selection_metric Command: weighted_recall Command: --precision_metric Command: union_precision Command: --min_precision Command: 0.85 Command: --loss_type Command: bce Command: --min_train_frequency_target Command: 0.05 Command: --cumulative_merge_tolerance Command: 2 Command: --cumulative_component_weights_json Command: \{\"level6\":1.0\,\"level5\":0.82\,\"level4\":0.64\,\"level3\":0.46\,\"level2\":0.28\,\"level1\":0.16\} Command: --device Command: cuda Command: --epochs Command: 60 Command: --early_stop_patience Command: 10 Command: --seed Command: 42 Command: --skip_stage_grading Command: --output_dir Command: reports/nested_piece_cv/weighted_topdown_level1plus_split56_boundary_seed42 Command: --run_outer_fit Command: --reuse_existing 
Epoch 1/60 | train_loss 1.5174 | union_precision 0.8636 | weighted_recall 0.2504 | union_precision 0.8636 | threshold 0.050 | val_model raw | lr 0.001000
Epoch 2/60 | train_loss 1.4179 | union_precision 0.8864 | weighted_recall 0.2862 | union_precision 0.8864 | threshold 0.050 | val_model raw | lr 0.001000
Epoch 3/60 | train_loss 1.3461 | union_precision 0.9091 | weighted_recall 0.3325 | union_precision 0.9091 | threshold 0.050 | val_model raw | lr 0.001000
Epoch 4/60 | train_loss 1.3006 | union_precision 0.8864 | weighted_recall 0.3239 | union_precision 0.8864 | threshold 0.050 | val_model raw | lr 0.001000
Epoch 5/60 | train_loss 1.2749 | union_precision 0.8913 | weighted_recall 0.3745 | union_precision 0.8913 | threshold 0.050 | val_model raw | lr 0.001000
Epoch 6/60 | train_loss 1.2370 | union_precision 0.8750 | weighted_recall 0.4140 | union_precision 0.8750 | threshold 0.050 | val_model raw | lr 0.001000
Epoch 7/60 | train_loss 1.2331 | union_precision 0.9000 | weighted_recall 0.4255 | union_precision 0.9000 | threshold 0.050 | val_model raw | lr 0.001000
Epoch 8/60 | train_loss 1.2020 | union_precision 0.9000 | weighted_recall 0.4180 | union_precision 0.9000 | threshold 0.050 | val_model raw | lr 0.001000
Epoch 9/60 | train_loss 1.2040 | union_precision 0.9231 | weighted_recall 0.4156 | union_precision 0.9231 | threshold 0.500 | val_model raw | lr 0.001000
Epoch 10/60 | train_loss 1.1826 | union_precision 0.9231 | weighted_recall 0.4055 | union_precision 0.9231 | threshold 0.500 | val_model raw | lr 0.001000
Epoch 11/60 | train_loss 1.1681 | union_precision 0.9474 | weighted_recall 0.4172 | union_precision 0.9474 | threshold 0.500 | val_model raw | lr 0.001000
Epoch 12/60 | train_loss 1.1591 | union_precision 0.9000 | weighted_recall 0.4172 | union_precision 0.9000 | threshold 0.050 | val_model raw | lr 0.001000
Epoch 13/60 | train_loss 1.1433 | union_precision 0.9000 | weighted_recall 0.4172 | union_precision 0.9000 | threshold 0.050 | val_model raw | lr 0.001000
Epoch 14/60 | train_loss 1.1286 | union_precision 0.9000 | weighted_recall 0.4172 | union_precision 0.9000 | threshold 0.050 | val_model raw | lr 0.001000
Epoch 15/60 | train_loss 1.1203 | union_precision 0.9000 | weighted_recall 0.4172 | union_precision 0.9000 | threshold 0.050 | val_model raw | lr 0.001000
Epoch 16/60 | train_loss 1.1099 | union_precision 0.9474 | weighted_recall 0.4172 | union_precision 0.9474 | threshold 0.500 | val_model raw | lr 0.001000
Epoch 17/60 | train_loss 1.0895 | union_precision 0.9024 | weighted_recall 0.4176 | union_precision 0.9024 | threshold 0.050 | val_model raw | lr 0.001000
Early stopping at epoch 17
Held-out M07-1 | union_precision=0.9000 | weighted_recall=0.4255 | consensus_recall=0.0000
Epoch 1/60 | train_loss 1.5197 | union_precision 0.9091 | weighted_recall 0.0731 | union_precision 0.9091 | threshold 0.550 | val_model raw | lr 0.001000
Epoch 2/60 | train_loss 1.4203 | union_precision 0.9286 | weighted_recall 0.0957 | union_precision 0.9286 | threshold 0.550 | val_model raw | lr 0.001000
Epoch 3/60 | train_loss 1.3463 | union_precision 0.8667 | weighted_recall 0.2641 | union_precision 0.8667 | threshold 0.050 | val_model raw | lr 0.001000
Epoch 4/60 | train_loss 1.3019 | union_precision 0.8750 | weighted_recall 0.1148 | union_precision 0.8750 | threshold 0.575 | val_model raw | lr 0.001000
Epoch 5/60 | train_loss 1.2737 | union_precision 0.8462 | weighted_recall 0.1022 | union_precision 0.8462 | threshold 0.600 | val_model raw | lr 0.001000
Epoch 6/60 | train_loss 1.2392 | union_precision 1.0000 | weighted_recall 0.0413 | union_precision 1.0000 | threshold 0.700 | val_model raw | lr 0.001000
Epoch 7/60 | train_loss 1.2331 | union_precision 0.8750 | weighted_recall 0.0826 | union_precision 0.8750 | threshold 0.650 | val_model raw | lr 0.001000
Epoch 8/60 | train_loss 1.2035 | union_precision 0.8889 | weighted_recall 0.0941 | union_precision 0.8889 | threshold 0.650 | val_model raw | lr 0.001000
Epoch 9/60 | train_loss 1.2008 | union_precision 0.8889 | weighted_recall 0.0941 | union_precision 0.8889 | threshold 0.650 | val_model raw | lr 0.001000
Epoch 10/60 | train_loss 1.1822 | union_precision 0.8600 | weighted_recall 0.2824 | union_precision 0.8600 | threshold 0.050 | val_model raw | lr 0.001000
Epoch 11/60 | train_loss 1.1680 | union_precision 0.8667 | weighted_recall 0.1742 | union_precision 0.8667 | threshold 0.600 | val_model raw | lr 0.001000
Epoch 12/60 | train_loss 1.1582 | union_precision 0.8889 | weighted_recall 0.0945 | union_precision 0.8889 | threshold 0.675 | val_model raw | lr 0.001000
Epoch 13/60 | train_loss 1.1418 | union_precision 0.8571 | weighted_recall 0.3220 | union_precision 0.8571 | threshold 0.050 | val_model raw | lr 0.001000
Epoch 14/60 | train_loss 1.1301 | union_precision 0.8571 | weighted_recall 0.3220 | union_precision 0.8571 | threshold 0.050 | val_model raw | lr 0.001000
Epoch 15/60 | train_loss 1.1198 | union_precision 0.8571 | weighted_recall 0.3220 | union_precision 0.8571 | threshold 0.050 | val_model raw | lr 0.001000
Epoch 16/60 | train_loss 1.1099 | union_precision 0.8600 | weighted_recall 0.3395 | union_precision 0.8600 | threshold 0.050 | val_model raw | lr 0.001000
Epoch 17/60 | train_loss 1.0868 | union_precision 0.8800 | weighted_recall 0.3785 | union_precision 0.8800 | threshold 0.050 | val_model raw | lr 0.001000
Epoch 18/60 | train_loss 1.0900 | union_precision 0.8800 | weighted_recall 0.3785 | union_precision 0.8800 | threshold 0.050 | val_model raw | lr 0.001000
Epoch 19/60 | train_loss 1.0848 | union_precision 0.8800 | weighted_recall 0.3785 | union_precision 0.8800 | threshold 0.050 | val_model raw | lr 0.001000
Epoch 20/60 | train_loss 1.0675 | union_precision 0.8800 | weighted_recall 0.3745 | union_precision 0.8800 | threshold 0.050 | val_model raw | lr 0.001000
Epoch 21/60 | train_loss 1.0631 | union_precision 0.8750 | weighted_recall 0.3666 | union_precision 0.8750 | threshold 0.050 | val_model raw | lr 0.001000
Epoch 22/60 | train_loss 1.0592 | union_precision 0.8936 | weighted_recall 0.3639 | union_precision 0.8936 | threshold 0.050 | val_model raw | lr 0.001000
Epoch 23/60 | train_loss 1.0451 | union_precision 0.9130 | weighted_recall 0.3667 | union_precision 0.9130 | threshold 0.050 | val_model raw | lr 0.001000
Epoch 24/60 | train_loss 1.0400 | union_precision 0.9556 | weighted_recall 0.4188 | union_precision 0.9556 | threshold 0.050 | val_model raw | lr 0.001000
Epoch 25/60 | train_loss 1.0329 | union_precision 0.9333 | weighted_recall 0.3567 | union_precision 0.9333 | threshold 0.050 | val_model raw | lr 0.001000
Epoch 26/60 | train_loss 1.0222 | union_precision 0.9130 | weighted_recall 0.3567 | union_precision 0.9130 | threshold 0.050 | val_model raw | lr 0.001000
Epoch 27/60 | train_loss 1.0220 | union_precision 0.9130 | weighted_recall 0.3570 | union_precision 0.9130 | threshold 0.050 | val_model raw | lr 0.001000
Epoch 28/60 | train_loss 1.0107 | union_precision 0.9348 | weighted_recall 0.4017 | union_precision 0.9348 | threshold 0.050 | val_model raw | lr 0.001000
Epoch 29/60 | train_loss 1.0097 | union_precision 0.9362 | weighted_recall 0.4439 | union_precision 0.9362 | threshold 0.050 | val_model raw | lr 0.001000
Epoch 30/60 | train_loss 1.0048 | union_precision 0.9362 | weighted_recall 0.4446 | union_precision 0.9362 | threshold 0.050 | val_model raw | lr 0.001000
Epoch 31/60 | train_loss 0.9920 | union_precision 0.9348 | weighted_recall 0.4358 | union_precision 0.9348 | threshold 0.050 | val_model raw | lr 0.001000
Epoch 32/60 | train_loss 0.9922 | union_precision 0.9565 | weighted_recall 0.4436 | union_precision 0.9565 | threshold 0.050 | val_model raw | lr 0.001000
Epoch 33/60 | train_loss 0.9699 | union_precision 0.9565 | weighted_recall 0.4436 | union_precision 0.9565 | threshold 0.050 | val_model raw | lr 0.001000
Epoch 34/60 | train_loss 0.9702 | union_precision 0.9565 | weighted_recall 0.4409 | union_precision 0.9565 | threshold 0.050 | val_model raw | lr 0.001000
Epoch 35/60 | train_loss 0.9646 | union_precision 0.9783 | weighted_recall 0.4363 | union_precision 0.9783 | threshold 0.050 | val_model raw | lr 0.001000
Epoch 36/60 | train_loss 0.9595 | union_precision 0.9783 | weighted_recall 0.4372 | union_precision 0.9783 | threshold 0.050 | val_model raw | lr 0.001000
Epoch 37/60 | train_loss 0.9533 | union_precision 0.9565 | weighted_recall 0.4338 | union_precision 0.9565 | threshold 0.050 | val_model raw | lr 0.001000
Epoch 38/60 | train_loss 0.9471 | union_precision 0.9545 | weighted_recall 0.4455 | union_precision 0.9545 | threshold 0.050 | val_model raw | lr 0.001000
Epoch 39/60 | train_loss 0.9463 | union_precision 0.9773 | weighted_recall 0.4510 | union_precision 0.9773 | threshold 0.050 | val_model raw | lr 0.001000
Epoch 40/60 | train_loss 0.9340 | union_precision 0.9773 | weighted_recall 0.4510 | union_precision 0.9773 | threshold 0.050 | val_model raw | lr 0.001000
Epoch 41/60 | train_loss 0.9341 | union_precision 0.9773 | weighted_recall 0.4467 | union_precision 0.9773 | threshold 0.050 | val_model raw | lr 0.001000
Epoch 42/60 | train_loss 0.9267 | union_precision 0.9773 | weighted_recall 0.4467 | union_precision 0.9773 | threshold 0.050 | val_model raw | lr 0.001000
Epoch 43/60 | train_loss 0.9182 | union_precision 0.9778 | weighted_recall 0.4297 | union_precision 0.9778 | threshold 0.050 | val_model raw | lr 0.001000
Epoch 44/60 | train_loss 0.9118 | union_precision 0.9783 | weighted_recall 0.4407 | union_precision 0.9783 | threshold 0.050 | val_model raw | lr 0.001000
Epoch 45/60 | train_loss 0.9056 | union_precision 0.9783 | weighted_recall 0.4407 | union_precision 0.9783 | threshold 0.050 | val_model raw | lr 0.001000
Epoch 46/60 | train_loss 0.8967 | union_precision 0.9778 | weighted_recall 0.4361 | union_precision 0.9778 | threshold 0.050 | val_model raw | lr 0.001000
Epoch 47/60 | train_loss 0.9015 | union_precision 0.9783 | weighted_recall 0.4407 | union_precision 0.9783 | threshold 0.050 | val_model raw | lr 0.001000
Epoch 48/60 | train_loss 0.8897 | union_precision 0.9783 | weighted_recall 0.4407 | union_precision 0.9783 | threshold 0.050 | val_model raw | lr 0.001000
Epoch 49/60 | train_loss 0.8801 | union_precision 0.9783 | weighted_recall 0.4407 | union_precision 0.9783 | threshold 0.050 | val_model raw | lr 0.001000
Early stopping at epoch 49
Held-out M07-2 | union_precision=0.9773 | weighted_recall=0.4510 | consensus_recall=0.0000
Epoch 1/60 | train_loss 1.5214 | union_precision 0.8919 | weighted_recall 0.2642 | union_precision 0.8919 | threshold 0.050 | val_model raw | lr 0.001000
Epoch 2/60 | train_loss 1.4232 | union_precision 0.8780 | weighted_recall 0.3320 | union_precision 0.8780 | threshold 0.050 | val_model raw | lr 0.001000
Epoch 3/60 | train_loss 1.3457 | union_precision 0.9024 | weighted_recall 0.3863 | union_precision 0.9024 | threshold 0.050 | val_model raw | lr 0.001000
Epoch 4/60 | train_loss 1.2988 | union_precision 0.9024 | weighted_recall 0.3654 | union_precision 0.9024 | threshold 0.050 | val_model raw | lr 0.001000
Epoch 5/60 | train_loss 1.2753 | union_precision 0.8500 | weighted_recall 0.3246 | union_precision 0.8500 | threshold 0.050 | val_model raw | lr 0.001000
Epoch 6/60 | train_loss 1.2393 | union_precision 0.8500 | weighted_recall 0.3146 | union_precision 0.8500 | threshold 0.050 | val_model raw | lr 0.001000
Epoch 7/60 | train_loss 1.2314 | union_precision 0.8500 | weighted_recall 0.3329 | union_precision 0.8500 | threshold 0.050 | val_model raw | lr 0.001000
Epoch 8/60 | train_loss 1.2017 | union_precision 0.9024 | weighted_recall 0.3750 | union_precision 0.9024 | threshold 0.050 | val_model raw | lr 0.001000
Epoch 9/60 | train_loss 1.2014 | union_precision 0.9024 | weighted_recall 0.3839 | union_precision 0.9024 | threshold 0.050 | val_model raw | lr 0.001000
Epoch 10/60 | train_loss 1.1815 | union_precision 0.8974 | weighted_recall 0.3715 | union_precision 0.8974 | threshold 0.050 | val_model raw | lr 0.001000
Epoch 11/60 | train_loss 1.1688 | union_precision 0.8718 | weighted_recall 0.3971 | union_precision 0.8718 | threshold 0.050 | val_model raw | lr 0.001000
Epoch 12/60 | train_loss 1.1595 | union_precision 0.8718 | weighted_recall 0.3834 | union_precision 0.8718 | threshold 0.050 | val_model raw | lr 0.001000
Epoch 13/60 | train_loss 1.1406 | union_precision 0.8750 | weighted_recall 0.3839 | union_precision 0.8750 | threshold 0.050 | val_model raw | lr 0.001000
Epoch 14/60 | train_loss 1.1299 | union_precision 0.8750 | weighted_recall 0.3831 | union_precision 0.8750 | threshold 0.050 | val_model raw | lr 0.001000
Epoch 15/60 | train_loss 1.1206 | union_precision 0.9250 | weighted_recall 0.4001 | union_precision 0.9250 | threshold 0.050 | val_model raw | lr 0.001000
Epoch 16/60 | train_loss 1.1089 | union_precision 0.9231 | weighted_recall 0.4132 | union_precision 0.9231 | threshold 0.050 | val_model raw | lr 0.001000
Epoch 17/60 | train_loss 1.0884 | union_precision 0.9231 | weighted_recall 0.4105 | union_precision 0.9231 | threshold 0.050 | val_model raw | lr 0.001000
Epoch 18/60 | train_loss 1.0867 | union_precision 0.9231 | weighted_recall 0.4234 | union_precision 0.9231 | threshold 0.050 | val_model raw | lr 0.001000
Epoch 19/60 | train_loss 1.0835 | union_precision 0.9231 | weighted_recall 0.4090 | union_precision 0.9231 | threshold 0.050 | val_model raw | lr 0.001000
Epoch 20/60 | train_loss 1.0662 | union_precision 0.8974 | weighted_recall 0.4194 | union_precision 0.8974 | threshold 0.050 | val_model raw | lr 0.001000
Epoch 21/60 | train_loss 1.0649 | union_precision 0.8974 | weighted_recall 0.4057 | union_precision 0.8974 | threshold 0.050 | val_model raw | lr 0.001000
Epoch 22/60 | train_loss 1.0653 | union_precision 0.9000 | weighted_recall 0.4512 | union_precision 0.9000 | threshold 0.050 | val_model raw | lr 0.001000
Epoch 23/60 | train_loss 1.0465 | union_precision 0.8974 | weighted_recall 0.4458 | union_precision 0.8974 | threshold 0.050 | val_model raw | lr 0.001000
Epoch 24/60 | train_loss 1.0400 | union_precision 0.8974 | weighted_recall 0.4458 | union_precision 0.8974 | threshold 0.050 | val_model raw | lr 0.001000
Epoch 25/60 | train_loss 1.0326 | union_precision 0.8974 | weighted_recall 0.4458 | union_precision 0.8974 | threshold 0.050 | val_model raw | lr 0.001000
Epoch 26/60 | train_loss 1.0238 | union_precision 0.8974 | weighted_recall 0.4458 | union_precision 0.8974 | threshold 0.050 | val_model raw | lr 0.001000
Epoch 27/60 | train_loss 1.0233 | union_precision 0.8947 | weighted_recall 0.4440 | union_precision 0.8947 | threshold 0.050 | val_model raw | lr 0.001000
Epoch 28/60 | train_loss 1.0153 | union_precision 0.8947 | weighted_recall 0.4076 | union_precision 0.8947 | threshold 0.050 | val_model raw | lr 0.001000
Epoch 29/60 | train_loss 1.0130 | union_precision 0.9211 | weighted_recall 0.4175 | union_precision 0.9211 | threshold 0.050 | val_model raw | lr 0.001000
Epoch 30/60 | train_loss 1.0079 | union_precision 0.9231 | weighted_recall 0.4193 | union_precision 0.9231 | threshold 0.050 | val_model raw | lr 0.001000
Epoch 31/60 | train_loss 0.9923 | union_precision 0.9231 | weighted_recall 0.4193 | union_precision 0.9231 | threshold 0.050 | val_model raw | lr 0.001000
Epoch 32/60 | train_loss 0.9940 | union_precision 0.9231 | weighted_recall 0.4266 | union_precision 0.9231 | threshold 0.050 | val_model raw | lr 0.001000
Early stopping at epoch 32
Held-out M07-3 | union_precision=0.9000 | weighted_recall=0.4512 | consensus_recall=0.0000
Epoch 1/60 | train_loss 1.5186 | union_precision 0.8611 | weighted_recall 0.4176 | union_precision 0.8611 | threshold 0.050 | val_model raw | lr 0.001000
Epoch 2/60 | train_loss 1.4199 | union_precision 0.8571 | weighted_recall 0.5058 | union_precision 0.8571 | threshold 0.050 | val_model raw | lr 0.001000
Epoch 3/60 | train_loss 1.3490 | union_precision 0.9600 | weighted_recall 0.6535 | union_precision 0.9600 | threshold 0.050 | val_model raw | lr 0.001000
Epoch 4/60 | train_loss 1.2977 | union_precision 0.9600 | weighted_recall 0.6535 | union_precision 0.9600 | threshold 0.050 | val_model raw | lr 0.001000
Epoch 5/60 | train_loss 1.2729 | union_precision 0.9600 | weighted_recall 0.6535 | union_precision 0.9600 | threshold 0.050 | val_model raw | lr 0.001000
Epoch 6/60 | train_loss 1.2445 | union_precision 0.9600 | weighted_recall 0.6535 | union_precision 0.9600 | threshold 0.050 | val_model raw | lr 0.001000
Epoch 7/60 | train_loss 1.2323 | union_precision 0.9600 | weighted_recall 0.6535 | union_precision 0.9600 | threshold 0.050 | val_model raw | lr 0.001000
Epoch 8/60 | train_loss 1.2028 | union_precision 0.9600 | weighted_recall 0.6535 | union_precision 0.9600 | threshold 0.050 | val_model raw | lr 0.001000
Epoch 9/60 | train_loss 1.2048 | union_precision 0.9600 | weighted_recall 0.6535 | union_precision 0.9600 | threshold 0.050 | val_model raw | lr 0.001000
Epoch 10/60 | train_loss 1.1842 | union_precision 0.9600 | weighted_recall 0.6535 | union_precision 0.9600 | threshold 0.050 | val_model raw | lr 0.001000
Epoch 11/60 | train_loss 1.1705 | union_precision 0.9600 | weighted_recall 0.6535 | union_precision 0.9600 | threshold 0.050 | val_model raw | lr 0.001000
Epoch 12/60 | train_loss 1.1612 | union_precision 0.9600 | weighted_recall 0.6535 | union_precision 0.9600 | threshold 0.050 | val_model raw | lr 0.001000
Epoch 13/60 | train_loss 1.1402 | union_precision 0.9600 | weighted_recall 0.6535 | union_precision 0.9600 | threshold 0.050 | val_model raw | lr 0.001000
Early stopping at epoch 13
Held-out M17-1 | union_precision=0.9600 | weighted_recall=0.6535 | consensus_recall=0.0000
Epoch 1/60 | train_loss 1.5175 | union_precision 0.8571 | weighted_recall 0.1511 | union_precision 0.8571 | threshold 0.550 | val_model raw | lr 0.001000
Epoch 2/60 | train_loss 1.4162 | union_precision 1.0000 | weighted_recall 0.0680 | union_precision 1.0000 | threshold 0.575 | val_model raw | lr 0.001000
Epoch 3/60 | train_loss 1.3455 | union_precision 1.0000 | weighted_recall 0.1608 | union_precision 1.0000 | threshold 0.575 | val_model raw | lr 0.001000
Epoch 4/60 | train_loss 1.2932 | union_precision 0.8966 | weighted_recall 0.3902 | union_precision 0.8966 | threshold 0.475 | val_model raw | lr 0.001000
Epoch 5/60 | train_loss 1.2714 | union_precision 0.8966 | weighted_recall 0.4278 | union_precision 0.8966 | threshold 0.475 | val_model raw | lr 0.001000
Epoch 6/60 | train_loss 1.2410 | union_precision 0.8966 | weighted_recall 0.4278 | union_precision 0.8966 | threshold 0.475 | val_model raw | lr 0.001000
Epoch 7/60 | train_loss 1.2293 | union_precision 0.9310 | weighted_recall 0.4753 | union_precision 0.9310 | threshold 0.050 | val_model raw | lr 0.001000
Epoch 8/60 | train_loss 1.2005 | union_precision 0.9310 | weighted_recall 0.4753 | union_precision 0.9310 | threshold 0.050 | val_model raw | lr 0.001000
Epoch 9/60 | train_loss 1.2016 | union_precision 0.9310 | weighted_recall 0.4753 | union_precision 0.9310 | threshold 0.050 | val_model raw | lr 0.001000
Epoch 10/60 | train_loss 1.1815 | union_precision 0.9310 | weighted_recall 0.4465 | union_precision 0.9310 | threshold 0.050 | val_model raw | lr 0.001000
Epoch 11/60 | train_loss 1.1681 | union_precision 0.9310 | weighted_recall 0.4465 | union_precision 0.9310 | threshold 0.050 | val_model raw | lr 0.001000
Epoch 12/60 | train_loss 1.1582 | union_precision 0.9310 | weighted_recall 0.4465 | union_precision 0.9310 | threshold 0.050 | val_model raw | lr 0.001000
Epoch 13/60 | train_loss 1.1372 | union_precision 0.9286 | weighted_recall 0.4446 | union_precision 0.9286 | threshold 0.050 | val_model raw | lr 0.001000
Epoch 14/60 | train_loss 1.1284 | union_precision 0.9286 | weighted_recall 0.4446 | union_precision 0.9286 | threshold 0.050 | val_model raw | lr 0.001000
Epoch 15/60 | train_loss 1.1189 | union_precision 0.9286 | weighted_recall 0.4446 | union_precision 0.9286 | threshold 0.050 | val_model raw | lr 0.001000
Epoch 16/60 | train_loss 1.1076 | union_precision 0.9286 | weighted_recall 0.4446 | union_precision 0.9286 | threshold 0.050 | val_model raw | lr 0.001000
Epoch 17/60 | train_loss 1.0871 | union_precision 0.8929 | weighted_recall 0.3865 | union_precision 0.8929 | threshold 0.050 | val_model raw | lr 0.001000
Early stopping at epoch 17
Held-out M17-2 | union_precision=0.9310 | weighted_recall=0.4753 | consensus_recall=0.0000
Epoch 1/60 | train_loss 1.5197 | union_precision 0.8571 | weighted_recall 0.2409 | union_precision 0.8571 | threshold 0.500 | val_model raw | lr 0.001000
Epoch 2/60 | train_loss 1.4176 | union_precision 0.8500 | weighted_recall 0.3125 | union_precision 0.8500 | threshold 0.475 | val_model raw | lr 0.001000
Epoch 3/60 | train_loss 1.3442 | union_precision 0.8718 | weighted_recall 0.1991 | union_precision 0.8718 | threshold 0.525 | val_model raw | lr 0.001000
Epoch 4/60 | train_loss 1.2921 | union_precision 0.8696 | weighted_recall 0.3382 | union_precision 0.8696 | threshold 0.050 | val_model raw | lr 0.001000
Epoch 5/60 | train_loss 1.2721 | union_precision 0.8732 | weighted_recall 0.3591 | union_precision 0.8732 | threshold 0.050 | val_model raw | lr 0.001000
Epoch 6/60 | train_loss 1.2393 | union_precision 0.8714 | weighted_recall 0.3586 | union_precision 0.8714 | threshold 0.050 | val_model raw | lr 0.001000
Epoch 7/60 | train_loss 1.2278 | union_precision 0.8551 | weighted_recall 0.3686 | union_precision 0.8551 | threshold 0.050 | val_model raw | lr 0.001000
Epoch 8/60 | train_loss 1.1991 | union_precision 0.8507 | weighted_recall 0.3709 | union_precision 0.8507 | threshold 0.500 | val_model raw | lr 0.001000
Epoch 9/60 | train_loss 1.1993 | union_precision 0.8864 | weighted_recall 0.2582 | union_precision 0.8864 | threshold 0.550 | val_model raw | lr 0.001000
Epoch 10/60 | train_loss 1.1793 | union_precision 0.8542 | weighted_recall 0.2951 | union_precision 0.8542 | threshold 0.550 | val_model raw | lr 0.001000
Epoch 11/60 | train_loss 1.1658 | union_precision 0.8529 | weighted_recall 0.4266 | union_precision 0.8529 | threshold 0.050 | val_model raw | lr 0.001000
Epoch 12/60 | train_loss 1.1558 | union_precision 0.8955 | weighted_recall 0.4236 | union_precision 0.8955 | threshold 0.050 | val_model raw | lr 0.001000
Epoch 13/60 | train_loss 1.1338 | union_precision 0.9062 | weighted_recall 0.4250 | union_precision 0.9062 | threshold 0.050 | val_model raw | lr 0.001000
Epoch 14/60 | train_loss 1.1267 | union_precision 0.8889 | weighted_recall 0.4221 | union_precision 0.8889 | threshold 0.050 | val_model raw | lr 0.001000
Epoch 15/60 | train_loss 1.1178 | union_precision 0.8871 | weighted_recall 0.4023 | union_precision 0.8871 | threshold 0.050 | val_model raw | lr 0.001000
Epoch 16/60 | train_loss 1.1044 | union_precision 0.9062 | weighted_recall 0.4218 | union_precision 0.9062 | threshold 0.050 | val_model raw | lr 0.001000
Epoch 17/60 | train_loss 1.0835 | union_precision 0.9062 | weighted_recall 0.4391 | union_precision 0.9062 | threshold 0.050 | val_model raw | lr 0.001000
Epoch 18/60 | train_loss 1.0836 | union_precision 0.8923 | weighted_recall 0.4381 | union_precision 0.8923 | threshold 0.050 | val_model raw | lr 0.001000
Epoch 19/60 | train_loss 1.0776 | union_precision 0.8923 | weighted_recall 0.4381 | union_precision 0.8923 | threshold 0.050 | val_model raw | lr 0.001000
Epoch 20/60 | train_loss 1.0653 | union_precision 0.9062 | weighted_recall 0.4347 | union_precision 0.9062 | threshold 0.050 | val_model raw | lr 0.001000
Epoch 21/60 | train_loss 1.0632 | union_precision 0.8923 | weighted_recall 0.4537 | union_precision 0.8923 | threshold 0.050 | val_model raw | lr 0.001000
Epoch 22/60 | train_loss 1.0548 | union_precision 0.8923 | weighted_recall 0.4537 | union_precision 0.8923 | threshold 0.050 | val_model raw | lr 0.001000
Epoch 23/60 | train_loss 1.0402 | union_precision 0.8939 | weighted_recall 0.4680 | union_precision 0.8939 | threshold 0.050 | val_model raw | lr 0.001000
Epoch 24/60 | train_loss 1.0364 | union_precision 0.9104 | weighted_recall 0.4732 | union_precision 0.9104 | threshold 0.050 | val_model raw | lr 0.001000
Epoch 25/60 | train_loss 1.0301 | union_precision 0.8806 | weighted_recall 0.4712 | union_precision 0.8806 | threshold 0.050 | val_model raw | lr 0.001000
Epoch 26/60 | train_loss 1.0182 | union_precision 0.8676 | weighted_recall 0.4634 | union_precision 0.8676 | threshold 0.050 | val_model raw | lr 0.001000
Epoch 27/60 | train_loss 1.0170 | union_precision 0.8551 | weighted_recall 0.4747 | union_precision 0.8551 | threshold 0.050 | val_model raw | lr 0.001000
Epoch 28/60 | train_loss 1.0081 | union_precision 0.8824 | weighted_recall 0.2007 | union_precision 0.8824 | threshold 0.700 | val_model raw | lr 0.001000
Epoch 29/60 | train_loss 1.0030 | union_precision 0.8824 | weighted_recall 0.1898 | union_precision 0.8824 | threshold 0.725 | val_model raw | lr 0.001000
Epoch 30/60 | train_loss 1.0024 | union_precision 0.9091 | weighted_recall 0.0935 | union_precision 0.9091 | threshold 0.750 | val_model raw | lr 0.001000
Epoch 31/60 | train_loss 0.9837 | union_precision 0.9167 | weighted_recall 0.1255 | union_precision 0.9167 | threshold 0.750 | val_model raw | lr 0.001000
Epoch 32/60 | train_loss 0.9892 | union_precision 0.8750 | weighted_recall 0.1559 | union_precision 0.8750 | threshold 0.725 | val_model raw | lr 0.001000
Epoch 33/60 | train_loss 0.9658 | union_precision 0.8525 | weighted_recall 0.4911 | union_precision 0.8525 | threshold 0.350 | val_model raw | lr 0.001000
Epoch 34/60 | train_loss 0.9677 | union_precision 0.8689 | weighted_recall 0.4950 | union_precision 0.8689 | threshold 0.350 | val_model raw | lr 0.001000
Epoch 35/60 | train_loss 0.9630 | union_precision 0.8710 | weighted_recall 0.4909 | union_precision 0.8710 | threshold 0.350 | val_model raw | lr 0.001000
Epoch 36/60 | train_loss 0.9556 | union_precision 0.8710 | weighted_recall 0.4909 | union_precision 0.8710 | threshold 0.350 | val_model raw | lr 0.001000
Epoch 37/60 | train_loss 0.9502 | union_precision 0.8594 | weighted_recall 0.4952 | union_precision 0.8594 | threshold 0.050 | val_model raw | lr 0.001000
Epoch 38/60 | train_loss 0.9421 | union_precision 0.8871 | weighted_recall 0.5008 | union_precision 0.8871 | threshold 0.325 | val_model raw | lr 0.001000
Epoch 39/60 | train_loss 0.9400 | union_precision 0.8750 | weighted_recall 0.5017 | union_precision 0.8750 | threshold 0.050 | val_model raw | lr 0.001000
Epoch 40/60 | train_loss 0.9283 | union_precision 0.8730 | weighted_recall 0.4998 | union_precision 0.8730 | threshold 0.050 | val_model raw | lr 0.001000
Epoch 41/60 | train_loss 0.9325 | union_precision 0.8852 | weighted_recall 0.5033 | union_precision 0.8852 | threshold 0.300 | val_model raw | lr 0.001000
Epoch 42/60 | train_loss 0.9169 | union_precision 0.8548 | weighted_recall 0.4904 | union_precision 0.8548 | threshold 0.300 | val_model raw | lr 0.001000
Epoch 43/60 | train_loss 0.9161 | union_precision 0.8548 | weighted_recall 0.4855 | union_precision 0.8548 | threshold 0.300 | val_model raw | lr 0.001000
Epoch 44/60 | train_loss 0.9082 | union_precision 0.8548 | weighted_recall 0.4902 | union_precision 0.8548 | threshold 0.300 | val_model raw | lr 0.001000
Epoch 45/60 | train_loss 0.9010 | union_precision 0.8571 | weighted_recall 0.4827 | union_precision 0.8571 | threshold 0.275 | val_model raw | lr 0.001000
Epoch 46/60 | train_loss 0.8918 | union_precision 0.8596 | weighted_recall 0.4551 | union_precision 0.8596 | threshold 0.475 | val_model raw | lr 0.001000
Epoch 47/60 | train_loss 0.8956 | union_precision 0.9000 | weighted_recall 0.2016 | union_precision 0.9000 | threshold 0.750 | val_model raw | lr 0.001000
Epoch 48/60 | train_loss 0.8886 | union_precision 0.8636 | weighted_recall 0.2029 | union_precision 0.8636 | threshold 0.750 | val_model raw | lr 0.001000
Epoch 49/60 | train_loss 0.8739 | union_precision 0.8571 | weighted_recall 0.2457 | union_precision 0.8571 | threshold 0.700 | val_model raw | lr 0.001000
Epoch 50/60 | train_loss 0.8815 | union_precision 0.8594 | weighted_recall 0.4394 | union_precision 0.8594 | threshold 0.275 | val_model raw | lr 0.001000
Epoch 51/60 | train_loss 0.8715 | union_precision 0.8769 | weighted_recall 0.4842 | union_precision 0.8769 | threshold 0.275 | val_model raw | lr 0.001000
Early stopping at epoch 51
Held-out M17-3 | union_precision=0.8852 | weighted_recall=0.5033 | consensus_recall=0.0000
Epoch 1/60 | train_loss 1.5220 | union_precision 0.9184 | weighted_recall 0.3119 | union_precision 0.9184 | threshold 0.350 | val_model raw | lr 0.001000
Epoch 2/60 | train_loss 1.4114 | union_precision 0.8571 | weighted_recall 0.2462 | union_precision 0.8571 | threshold 0.400 | val_model raw | lr 0.001000
Epoch 3/60 | train_loss 1.3415 | union_precision 0.9000 | weighted_recall 0.1559 | union_precision 0.9000 | threshold 0.525 | val_model raw | lr 0.001000
Epoch 4/60 | train_loss 1.2902 | union_precision 0.8511 | weighted_recall 0.2527 | union_precision 0.8511 | threshold 0.475 | val_model raw | lr 0.001000
Epoch 5/60 | train_loss 1.2666 | union_precision 0.9286 | weighted_recall 0.2084 | union_precision 0.9286 | threshold 0.525 | val_model raw | lr 0.001000
Epoch 6/60 | train_loss 1.2367 | union_precision 0.8889 | weighted_recall 0.1152 | union_precision 0.8889 | threshold 0.550 | val_model raw | lr 0.001000
Epoch 7/60 | train_loss 1.2254 | union_precision 0.8800 | weighted_recall 0.2403 | union_precision 0.8800 | threshold 0.475 | val_model raw | lr 0.001000
Epoch 8/60 | train_loss 1.1956 | union_precision 0.9000 | weighted_recall 0.2573 | union_precision 0.9000 | threshold 0.050 | val_model raw | lr 0.001000
Epoch 9/60 | train_loss 1.1979 | union_precision 0.8776 | weighted_recall 0.2476 | union_precision 0.8776 | threshold 0.050 | val_model raw | lr 0.001000
Epoch 10/60 | train_loss 1.1755 | union_precision 0.8958 | weighted_recall 0.2743 | union_precision 0.8958 | threshold 0.450 | val_model raw | lr 0.001000
Epoch 11/60 | train_loss 1.1649 | union_precision 0.8958 | weighted_recall 0.2752 | union_precision 0.8958 | threshold 0.425 | val_model raw | lr 0.001000
Early stopping at epoch 11
Held-out M17-4 | union_precision=0.9184 | weighted_recall=0.3119 | consensus_recall=0.0000
Epoch 1/60 | train_loss 1.5215 | union_precision 0.8095 | weighted_recall 0.2544 | union_precision 0.8095 | threshold 0.525 | val_model raw | lr 0.001000
Epoch 2/60 | train_loss 1.4131 | union_precision 0.8462 | weighted_recall 0.3009 | union_precision 0.8462 | threshold 0.525 | val_model raw | lr 0.001000
Epoch 3/60 | train_loss 1.3431 | union_precision 0.8462 | weighted_recall 0.2890 | union_precision 0.8462 | threshold 0.550 | val_model raw | lr 0.001000
Epoch 4/60 | train_loss 1.2934 | union_precision 0.8000 | weighted_recall 0.3243 | union_precision 0.8000 | threshold 0.050 | val_model raw | lr 0.001000
Epoch 5/60 | train_loss 1.2718 | union_precision 0.7895 | weighted_recall 0.3145 | union_precision 0.7895 | threshold 0.475 | val_model raw | lr 0.001000
Epoch 6/60 | train_loss 1.2405 | union_precision 0.8000 | weighted_recall 0.3772 | union_precision 0.8000 | threshold 0.050 | val_model raw | lr 0.001000
Epoch 7/60 | train_loss 1.2304 | union_precision 0.8333 | weighted_recall 0.4113 | union_precision 0.8333 | threshold 0.050 | val_model raw | lr 0.001000
Epoch 8/60 | train_loss 1.2008 | union_precision 0.8250 | weighted_recall 0.3987 | union_precision 0.8250 | threshold 0.050 | val_model raw | lr 0.001000
Epoch 9/60 | train_loss 1.2011 | union_precision 0.8780 | weighted_recall 0.4751 | union_precision 0.8780 | threshold 0.050 | val_model raw | lr 0.001000
Epoch 10/60 | train_loss 1.1804 | union_precision 0.9000 | weighted_recall 0.4924 | union_precision 0.9000 | threshold 0.050 | val_model raw | lr 0.001000
Epoch 11/60 | train_loss 1.1685 | union_precision 0.8718 | weighted_recall 0.4517 | union_precision 0.8718 | threshold 0.050 | val_model raw | lr 0.001000
Epoch 12/60 | train_loss 1.1585 | union_precision 0.8684 | weighted_recall 0.4656 | union_precision 0.8684 | threshold 0.050 | val_model raw | lr 0.001000
Epoch 13/60 | train_loss 1.1382 | union_precision 0.8947 | weighted_recall 0.4785 | union_precision 0.8947 | threshold 0.050 | val_model raw | lr 0.001000
Epoch 14/60 | train_loss 1.1276 | union_precision 0.8684 | weighted_recall 0.4813 | union_precision 0.8684 | threshold 0.050 | val_model raw | lr 0.001000
Epoch 15/60 | train_loss 1.1209 | union_precision 0.8718 | weighted_recall 0.4885 | union_precision 0.8718 | threshold 0.050 | val_model raw | lr 0.001000
Epoch 16/60 | train_loss 1.1058 | union_precision 0.8718 | weighted_recall 0.4885 | union_precision 0.8718 | threshold 0.050 | val_model raw | lr 0.001000
Epoch 17/60 | train_loss 1.0864 | union_precision 0.8667 | weighted_recall 0.2794 | union_precision 0.8667 | threshold 0.625 | val_model raw | lr 0.001000
Epoch 18/60 | train_loss 1.0856 | union_precision 0.8824 | weighted_recall 0.2884 | union_precision 0.8824 | threshold 0.625 | val_model raw | lr 0.001000
Epoch 19/60 | train_loss 1.0769 | union_precision 0.8824 | weighted_recall 0.2884 | union_precision 0.8824 | threshold 0.625 | val_model raw | lr 0.001000
Epoch 20/60 | train_loss 1.0653 | union_precision 0.8947 | weighted_recall 0.2993 | union_precision 0.8947 | threshold 0.625 | val_model raw | lr 0.001000
Early stopping at epoch 20
Held-out M24-1 | union_precision=0.9000 | weighted_recall=0.4924 | consensus_recall=0.0000
Epoch 1/60 | train_loss 1.5220 | union_precision 0.8810 | weighted_recall 0.3412 | union_precision 0.8810 | threshold 0.050 | val_model raw | lr 0.001000
Epoch 2/60 | train_loss 1.4137 | union_precision 0.8780 | weighted_recall 0.2603 | union_precision 0.8780 | threshold 0.050 | val_model raw | lr 0.001000
Epoch 3/60 | train_loss 1.3420 | union_precision 0.8837 | weighted_recall 0.2753 | union_precision 0.8837 | threshold 0.050 | val_model raw | lr 0.001000
Epoch 4/60 | train_loss 1.2943 | union_precision 0.8810 | weighted_recall 0.2565 | union_precision 0.8810 | threshold 0.050 | val_model raw | lr 0.001000
Epoch 5/60 | train_loss 1.2717 | union_precision 0.8605 | weighted_recall 0.2486 | union_precision 0.8605 | threshold 0.050 | val_model raw | lr 0.001000
Epoch 6/60 | train_loss 1.2410 | union_precision 0.8537 | weighted_recall 0.2355 | union_precision 0.8537 | threshold 0.050 | val_model raw | lr 0.001000
Epoch 7/60 | train_loss 1.2305 | union_precision 0.8537 | weighted_recall 0.2355 | union_precision 0.8537 | threshold 0.475 | val_model raw | lr 0.001000
Epoch 8/60 | train_loss 1.2027 | union_precision 0.8438 | weighted_recall 0.1900 | union_precision 0.8438 | threshold 0.525 | val_model raw | lr 0.001000
Epoch 9/60 | train_loss 1.2016 | union_precision 0.8529 | weighted_recall 0.2251 | union_precision 0.8529 | threshold 0.525 | val_model raw | lr 0.001000
Epoch 10/60 | train_loss 1.1806 | union_precision 0.8571 | weighted_recall 0.2371 | union_precision 0.8571 | threshold 0.525 | val_model raw | lr 0.001000
Epoch 11/60 | train_loss 1.1673 | union_precision 0.8571 | weighted_recall 0.2380 | union_precision 0.8571 | threshold 0.525 | val_model raw | lr 0.001000
Early stopping at epoch 11
Held-out M24-2 | union_precision=0.8810 | weighted_recall=0.3412 | consensus_recall=1.0000
Epoch 1/60 | train_loss 1.5219 | union_precision 0.6667 | weighted_recall 0.0245 | union_precision 0.6667 | threshold 0.575 | val_model raw | lr 0.001000
Epoch 2/60 | train_loss 1.4150 | union_precision 1.0000 | weighted_recall 0.0223 | union_precision 1.0000 | threshold 0.650 | val_model raw | lr 0.001000
Epoch 3/60 | train_loss 1.3398 | union_precision 1.0000 | weighted_recall 0.0223 | union_precision 1.0000 | threshold 0.675 | val_model raw | lr 0.001000
Epoch 4/60 | train_loss 1.2960 | union_precision 1.0000 | weighted_recall 0.0223 | union_precision 1.0000 | threshold 0.675 | val_model raw | lr 0.001000
Epoch 5/60 | train_loss 1.2736 | union_precision 1.0000 | weighted_recall 0.0223 | union_precision 1.0000 | threshold 0.675 | val_model raw | lr 0.001000
Epoch 6/60 | train_loss 1.2416 | union_precision 1.0000 | weighted_recall 0.0223 | union_precision 1.0000 | threshold 0.675 | val_model raw | lr 0.001000
Epoch 7/60 | train_loss 1.2329 | union_precision 0.8750 | weighted_recall 0.3874 | union_precision 0.8750 | threshold 0.050 | val_model raw | lr 0.001000
Epoch 8/60 | train_loss 1.2035 | union_precision 0.8710 | weighted_recall 0.3272 | union_precision 0.8710 | threshold 0.050 | val_model raw | lr 0.001000
Epoch 9/60 | train_loss 1.2031 | union_precision 0.8710 | weighted_recall 0.3272 | union_precision 0.8710 | threshold 0.050 | val_model raw | lr 0.001000
Epoch 10/60 | train_loss 1.1816 | union_precision 0.8710 | weighted_recall 0.3272 | union_precision 0.8710 | threshold 0.050 | val_model raw | lr 0.001000
Epoch 11/60 | train_loss 1.1699 | union_precision 0.8667 | weighted_recall 0.2848 | union_precision 0.8667 | threshold 0.050 | val_model raw | lr 0.001000
Epoch 12/60 | train_loss 1.1592 | union_precision 0.8667 | weighted_recall 0.2848 | union_precision 0.8667 | threshold 0.050 | val_model raw | lr 0.001000
Epoch 13/60 | train_loss 1.1401 | union_precision 0.8710 | weighted_recall 0.2933 | union_precision 0.8710 | threshold 0.050 | val_model raw | lr 0.001000
Epoch 14/60 | train_loss 1.1292 | union_precision 0.8710 | weighted_recall 0.2933 | union_precision 0.8710 | threshold 0.050 | val_model raw | lr 0.001000
Epoch 15/60 | train_loss 1.1246 | union_precision 0.8710 | weighted_recall 0.2939 | union_precision 0.8710 | threshold 0.050 | val_model raw | lr 0.001000
Epoch 16/60 | train_loss 1.1070 | union_precision 0.8710 | weighted_recall 0.2939 | union_precision 0.8710 | threshold 0.050 | val_model raw | lr 0.001000
Epoch 17/60 | train_loss 1.0914 | union_precision 0.8710 | weighted_recall 0.2939 | union_precision 0.8710 | threshold 0.050 | val_model raw | lr 0.001000
Early stopping at epoch 17
Held-out M24-3 | union_precision=0.8750 | weighted_recall=0.3874 | consensus_recall=0.0000
Epoch 1/60 | train_loss 1.5264 | union_precision 0.8571 | weighted_recall 0.0185 | union_precision 0.8571 | threshold 0.575 | val_model raw | lr 0.001000
Epoch 2/60 | train_loss 1.4196 | union_precision 0.8000 | weighted_recall 0.4169 | union_precision 0.8000 | threshold 0.050 | val_model raw | lr 0.001000
Epoch 3/60 | train_loss 1.3400 | union_precision 0.8571 | weighted_recall 0.1076 | union_precision 0.8571 | threshold 0.575 | val_model raw | lr 0.001000
Epoch 4/60 | train_loss 1.2968 | union_precision 0.9024 | weighted_recall 0.4485 | union_precision 0.9024 | threshold 0.050 | val_model raw | lr 0.001000
Epoch 5/60 | train_loss 1.2744 | union_precision 0.9036 | weighted_recall 0.4583 | union_precision 0.9036 | threshold 0.050 | val_model raw | lr 0.001000
Epoch 6/60 | train_loss 1.2419 | union_precision 0.9024 | weighted_recall 0.4698 | union_precision 0.9024 | threshold 0.050 | val_model raw | lr 0.001000
Epoch 7/60 | train_loss 1.2318 | union_precision 0.9059 | weighted_recall 0.4764 | union_precision 0.9059 | threshold 0.050 | val_model raw | lr 0.001000
Epoch 8/60 | train_loss 1.2023 | union_precision 0.9036 | weighted_recall 0.4648 | union_precision 0.9036 | threshold 0.050 | val_model raw | lr 0.001000
Epoch 9/60 | train_loss 1.2016 | union_precision 0.9036 | weighted_recall 0.4648 | union_precision 0.9036 | threshold 0.050 | val_model raw | lr 0.001000
Epoch 10/60 | train_loss 1.1786 | union_precision 0.8795 | weighted_recall 0.4243 | union_precision 0.8795 | threshold 0.050 | val_model raw | lr 0.001000
Epoch 11/60 | train_loss 1.1676 | union_precision 0.8765 | weighted_recall 0.4251 | union_precision 0.8765 | threshold 0.050 | val_model raw | lr 0.001000
Epoch 12/60 | train_loss 1.1559 | union_precision 0.8750 | weighted_recall 0.4234 | union_precision 0.8750 | threshold 0.050 | val_model raw | lr 0.001000
Epoch 13/60 | train_loss 1.1350 | union_precision 0.8537 | weighted_recall 0.4163 | union_precision 0.8537 | threshold 0.050 | val_model raw | lr 0.001000
Epoch 14/60 | train_loss 1.1257 | union_precision 0.8571 | weighted_recall 0.4184 | union_precision 0.8571 | threshold 0.050 | val_model raw | lr 0.001000
Epoch 15/60 | train_loss 1.1152 | union_precision 0.8824 | weighted_recall 0.4590 | union_precision 0.8824 | threshold 0.050 | val_model raw | lr 0.001000
Epoch 16/60 | train_loss 1.1015 | union_precision 0.8941 | weighted_recall 0.4634 | union_precision 0.8941 | threshold 0.050 | val_model raw | lr 0.001000
Epoch 17/60 | train_loss 1.0844 | union_precision 0.8941 | weighted_recall 0.4634 | union_precision 0.8941 | threshold 0.050 | val_model raw | lr 0.001000
Early stopping at epoch 17
Held-out M24-4 | union_precision=0.9059 | weighted_recall=0.4764 | consensus_recall=0.0000
Epoch 1/60 | train_loss 1.5199 | union_precision 1.0000 | weighted_recall 0.0340 | union_precision 1.0000 | threshold 0.550 | val_model raw | lr 0.001000
Epoch 2/60 | train_loss 1.4148 | union_precision 1.0000 | weighted_recall 0.0340 | union_precision 1.0000 | threshold 0.575 | val_model raw | lr 0.001000
Epoch 3/60 | train_loss 1.3382 | union_precision 1.0000 | weighted_recall 0.0356 | union_precision 1.0000 | threshold 0.575 | val_model raw | lr 0.001000
Epoch 4/60 | train_loss 1.2955 | union_precision 1.0000 | weighted_recall 0.0538 | union_precision 1.0000 | threshold 0.575 | val_model raw | lr 0.001000
Epoch 5/60 | train_loss 1.2731 | union_precision 1.0000 | weighted_recall 0.0857 | union_precision 1.0000 | threshold 0.575 | val_model raw | lr 0.001000
Epoch 6/60 | train_loss 1.2437 | union_precision 1.0000 | weighted_recall 0.0857 | union_precision 1.0000 | threshold 0.575 | val_model raw | lr 0.001000
Epoch 7/60 | train_loss 1.2328 | union_precision 0.8750 | weighted_recall 0.0857 | union_precision 0.8750 | threshold 0.575 | val_model raw | lr 0.001000
Epoch 8/60 | train_loss 1.2044 | union_precision 0.8750 | weighted_recall 0.0796 | union_precision 0.8750 | threshold 0.575 | val_model raw | lr 0.001000
Epoch 9/60 | train_loss 1.2034 | union_precision 1.0000 | weighted_recall 0.0564 | union_precision 1.0000 | threshold 0.600 | val_model raw | lr 0.001000
Epoch 10/60 | train_loss 1.1803 | union_precision 0.8571 | weighted_recall 0.2825 | union_precision 0.8571 | threshold 0.050 | val_model raw | lr 0.001000
Epoch 11/60 | train_loss 1.1674 | union_precision 0.8750 | weighted_recall 0.3682 | union_precision 0.8750 | threshold 0.575 | val_model raw | lr 0.001000
Epoch 12/60 | train_loss 1.1597 | union_precision 0.8750 | weighted_recall 0.3682 | union_precision 0.8750 | threshold 0.575 | val_model raw | lr 0.001000
Epoch 13/60 | train_loss 1.1389 | union_precision 0.8750 | weighted_recall 0.3682 | union_precision 0.8750 | threshold 0.575 | val_model raw | lr 0.001000
Epoch 14/60 | train_loss 1.1271 | union_precision 0.8824 | weighted_recall 0.3848 | union_precision 0.8824 | threshold 0.575 | val_model raw | lr 0.001000
Epoch 15/60 | train_loss 1.1166 | union_precision 0.8824 | weighted_recall 0.3848 | union_precision 0.8824 | threshold 0.575 | val_model raw | lr 0.001000
Epoch 16/60 | train_loss 1.1071 | union_precision 0.9167 | weighted_recall 0.4574 | union_precision 0.9167 | threshold 0.050 | val_model raw | lr 0.001000
Epoch 17/60 | train_loss 1.0900 | union_precision 0.9167 | weighted_recall 0.4574 | union_precision 0.9167 | threshold 0.050 | val_model raw | lr 0.001000
Epoch 18/60 | train_loss 1.0857 | union_precision 0.9200 | weighted_recall 0.4911 | union_precision 0.9200 | threshold 0.050 | val_model raw | lr 0.001000
Epoch 19/60 | train_loss 1.0760 | union_precision 0.9200 | weighted_recall 0.4911 | union_precision 0.9200 | threshold 0.050 | val_model raw | lr 0.001000
Epoch 20/60 | train_loss 1.0695 | union_precision 0.9200 | weighted_recall 0.4911 | union_precision 0.9200 | threshold 0.050 | val_model raw | lr 0.001000
Epoch 21/60 | train_loss 1.0649 | union_precision 0.8800 | weighted_recall 0.4800 | union_precision 0.8800 | threshold 0.050 | val_model raw | lr 0.001000
Epoch 22/60 | train_loss 1.0618 | union_precision 0.8800 | weighted_recall 0.4800 | union_precision 0.8800 | threshold 0.050 | val_model raw | lr 0.001000
Epoch 23/60 | train_loss 1.0376 | union_precision 0.8846 | weighted_recall 0.4842 | union_precision 0.8846 | threshold 0.050 | val_model raw | lr 0.001000
Epoch 24/60 | train_loss 1.0332 | union_precision 0.8846 | weighted_recall 0.4842 | union_precision 0.8846 | threshold 0.050 | val_model raw | lr 0.001000
Epoch 25/60 | train_loss 1.0298 | union_precision 0.8846 | weighted_recall 0.4842 | union_precision 0.8846 | threshold 0.050 | val_model raw | lr 0.001000
Epoch 26/60 | train_loss 1.0229 | union_precision 0.8846 | weighted_recall 0.4842 | union_precision 0.8846 | threshold 0.050 | val_model raw | lr 0.001000
Epoch 27/60 | train_loss 1.0182 | union_precision 0.8846 | weighted_recall 0.4842 | union_precision 0.8846 | threshold 0.050 | val_model raw | lr 0.001000
Epoch 28/60 | train_loss 1.0070 | union_precision 0.9231 | weighted_recall 0.5063 | union_precision 0.9231 | threshold 0.050 | val_model raw | lr 0.001000
Epoch 29/60 | train_loss 1.0058 | union_precision 0.9231 | weighted_recall 0.5063 | union_precision 0.9231 | threshold 0.050 | val_model raw | lr 0.001000
Epoch 30/60 | train_loss 1.0059 | union_precision 0.9231 | weighted_recall 0.5063 | union_precision 0.9231 | threshold 0.050 | val_model raw | lr 0.001000
Epoch 31/60 | train_loss 0.9877 | union_precision 0.9231 | weighted_recall 0.5063 | union_precision 0.9231 | threshold 0.050 | val_model raw | lr 0.001000
Epoch 32/60 | train_loss 0.9896 | union_precision 0.9231 | weighted_recall 0.5063 | union_precision 0.9231 | threshold 0.050 | val_model raw | lr 0.001000
Epoch 33/60 | train_loss 0.9662 | union_precision 0.9231 | weighted_recall 0.5063 | union_precision 0.9231 | threshold 0.050 | val_model raw | lr 0.001000
Epoch 34/60 | train_loss 0.9699 | union_precision 0.8846 | weighted_recall 0.4842 | union_precision 0.8846 | threshold 0.050 | val_model raw | lr 0.001000
Epoch 35/60 | train_loss 0.9635 | union_precision 0.8846 | weighted_recall 0.4842 | union_precision 0.8846 | threshold 0.050 | val_model raw | lr 0.001000
Epoch 36/60 | train_loss 0.9568 | union_precision 0.8800 | weighted_recall 0.4826 | union_precision 0.8800 | threshold 0.050 | val_model raw | lr 0.001000
Epoch 37/60 | train_loss 0.9526 | union_precision 0.8846 | weighted_recall 0.4842 | union_precision 0.8846 | threshold 0.050 | val_model raw | lr 0.001000
Epoch 38/60 | train_loss 0.9437 | union_precision 0.8846 | weighted_recall 0.4842 | union_precision 0.8846 | threshold 0.050 | val_model raw | lr 0.001000
Early stopping at epoch 38
Held-out M30-1 | union_precision=0.9231 | weighted_recall=0.5063 | consensus_recall=0.0000
Epoch 1/60 | train_loss 1.5201 | union_precision 0.7778 | weighted_recall 0.2725 | union_precision 0.7778 | threshold 0.500 | val_model raw | lr 0.001000
Epoch 2/60 | train_loss 1.4151 | union_precision 1.0000 | weighted_recall 0.0525 | union_precision 1.0000 | threshold 0.575 | val_model raw | lr 0.001000
Epoch 3/60 | train_loss 1.3394 | union_precision 1.0000 | weighted_recall 0.0525 | union_precision 1.0000 | threshold 0.600 | val_model raw | lr 0.001000
Epoch 4/60 | train_loss 1.2971 | union_precision 1.0000 | weighted_recall 0.0525 | union_precision 1.0000 | threshold 0.625 | val_model raw | lr 0.001000
Epoch 5/60 | train_loss 1.2729 | union_precision 1.0000 | weighted_recall 0.0525 | union_precision 1.0000 | threshold 0.625 | val_model raw | lr 0.001000
Epoch 6/60 | train_loss 1.2443 | union_precision 1.0000 | weighted_recall 0.0525 | union_precision 1.0000 | threshold 0.650 | val_model raw | lr 0.001000
Epoch 7/60 | train_loss 1.2331 | union_precision 0.9167 | weighted_recall 0.2188 | union_precision 0.9167 | threshold 0.550 | val_model raw | lr 0.001000
Epoch 8/60 | train_loss 1.2054 | union_precision 0.9231 | weighted_recall 0.2785 | union_precision 0.9231 | threshold 0.550 | val_model raw | lr 0.001000
Epoch 9/60 | train_loss 1.2037 | union_precision 0.8519 | weighted_recall 0.3711 | union_precision 0.8519 | threshold 0.050 | val_model raw | lr 0.001000
Epoch 10/60 | train_loss 1.1812 | union_precision 0.8519 | weighted_recall 0.3711 | union_precision 0.8519 | threshold 0.050 | val_model raw | lr 0.001000
Epoch 11/60 | train_loss 1.1678 | union_precision 0.8519 | weighted_recall 0.3711 | union_precision 0.8519 | threshold 0.050 | val_model raw | lr 0.001000
Epoch 12/60 | train_loss 1.1604 | union_precision 0.8519 | weighted_recall 0.3711 | union_precision 0.8519 | threshold 0.050 | val_model raw | lr 0.001000
Epoch 13/60 | train_loss 1.1388 | union_precision 0.8519 | weighted_recall 0.4091 | union_precision 0.8519 | threshold 0.050 | val_model raw | lr 0.001000
Epoch 14/60 | train_loss 1.1282 | union_precision 0.8519 | weighted_recall 0.4091 | union_precision 0.8519 | threshold 0.050 | val_model raw | lr 0.001000
Epoch 15/60 | train_loss 1.1186 | union_precision 0.8519 | weighted_recall 0.4091 | union_precision 0.8519 | threshold 0.050 | val_model raw | lr 0.001000
Epoch 16/60 | train_loss 1.1078 | union_precision 0.8571 | weighted_recall 0.3910 | union_precision 0.8571 | threshold 0.475 | val_model raw | lr 0.001000
Epoch 17/60 | train_loss 1.0907 | union_precision 0.8636 | weighted_recall 0.4134 | union_precision 0.8636 | threshold 0.425 | val_model raw | lr 0.001000
Epoch 18/60 | train_loss 1.0871 | union_precision 0.8500 | weighted_recall 0.3846 | union_precision 0.8500 | threshold 0.425 | val_model raw | lr 0.001000
Epoch 19/60 | train_loss 1.0762 | union_precision 0.8696 | weighted_recall 0.4092 | union_precision 0.8696 | threshold 0.375 | val_model raw | lr 0.001000
Epoch 20/60 | train_loss 1.0690 | union_precision 0.9130 | weighted_recall 0.4157 | union_precision 0.9130 | threshold 0.375 | val_model raw | lr 0.001000
Epoch 21/60 | train_loss 1.0662 | union_precision 0.8696 | weighted_recall 0.4192 | union_precision 0.8696 | threshold 0.350 | val_model raw | lr 0.001000
Epoch 22/60 | train_loss 1.0627 | union_precision 0.8750 | weighted_recall 0.4251 | union_precision 0.8750 | threshold 0.325 | val_model raw | lr 0.001000
Epoch 23/60 | train_loss 1.0377 | union_precision 0.8696 | weighted_recall 0.4192 | union_precision 0.8696 | threshold 0.325 | val_model raw | lr 0.001000
Epoch 24/60 | train_loss 1.0333 | union_precision 0.9130 | weighted_recall 0.4251 | union_precision 0.9130 | threshold 0.300 | val_model raw | lr 0.001000
Epoch 25/60 | train_loss 1.0305 | union_precision 0.9130 | weighted_recall 0.4251 | union_precision 0.9130 | threshold 0.275 | val_model raw | lr 0.001000
Epoch 26/60 | train_loss 1.0229 | union_precision 0.9130 | weighted_recall 0.4251 | union_precision 0.9130 | threshold 0.250 | val_model raw | lr 0.001000
Epoch 27/60 | train_loss 1.0190 | union_precision 0.9091 | weighted_recall 0.4169 | union_precision 0.9091 | threshold 0.250 | val_model raw | lr 0.001000
Epoch 28/60 | train_loss 1.0067 | union_precision 0.9091 | weighted_recall 0.4282 | union_precision 0.9091 | threshold 0.225 | val_model raw | lr 0.001000
Epoch 29/60 | train_loss 1.0059 | union_precision 0.9091 | weighted_recall 0.4282 | union_precision 0.9091 | threshold 0.225 | val_model raw | lr 0.001000
Epoch 30/60 | train_loss 1.0061 | union_precision 0.9130 | weighted_recall 0.4363 | union_precision 0.9130 | threshold 0.200 | val_model raw | lr 0.001000
Epoch 31/60 | train_loss 0.9875 | union_precision 0.9130 | weighted_recall 0.4363 | union_precision 0.9130 | threshold 0.200 | val_model raw | lr 0.001000
Epoch 32/60 | train_loss 0.9908 | union_precision 0.9130 | weighted_recall 0.4363 | union_precision 0.9130 | threshold 0.200 | val_model raw | lr 0.001000
Epoch 33/60 | train_loss 0.9654 | union_precision 0.9130 | weighted_recall 0.4251 | union_precision 0.9130 | threshold 0.175 | val_model raw | lr 0.001000
Epoch 34/60 | train_loss 0.9697 | union_precision 0.9130 | weighted_recall 0.4251 | union_precision 0.9130 | threshold 0.050 | val_model raw | lr 0.001000
Epoch 35/60 | train_loss 0.9633 | union_precision 1.0000 | weighted_recall 0.4335 | union_precision 1.0000 | threshold 0.050 | val_model raw | lr 0.001000
Epoch 36/60 | train_loss 0.9563 | union_precision 1.0000 | weighted_recall 0.4335 | union_precision 1.0000 | threshold 0.050 | val_model raw | lr 0.001000
Epoch 37/60 | train_loss 0.9532 | union_precision 1.0000 | weighted_recall 0.4335 | union_precision 1.0000 | threshold 0.050 | val_model raw | lr 0.001000
Epoch 38/60 | train_loss 0.9450 | union_precision 1.0000 | weighted_recall 0.4335 | union_precision 1.0000 | threshold 0.050 | val_model raw | lr 0.001000
Epoch 39/60 | train_loss 0.9417 | union_precision 1.0000 | weighted_recall 0.4401 | union_precision 1.0000 | threshold 0.050 | val_model raw | lr 0.001000
Epoch 40/60 | train_loss 0.9317 | union_precision 1.0000 | weighted_recall 0.4391 | union_precision 1.0000 | threshold 0.050 | val_model raw | lr 0.001000
Epoch 41/60 | train_loss 0.9317 | union_precision 1.0000 | weighted_recall 0.4391 | union_precision 1.0000 | threshold 0.050 | val_model raw | lr 0.001000
Epoch 42/60 | train_loss 0.9193 | union_precision 1.0000 | weighted_recall 0.4476 | union_precision 1.0000 | threshold 0.050 | val_model raw | lr 0.001000
Epoch 43/60 | train_loss 0.9201 | union_precision 1.0000 | weighted_recall 0.4557 | union_precision 1.0000 | threshold 0.050 | val_model raw | lr 0.001000
Epoch 44/60 | train_loss 0.9119 | union_precision 1.0000 | weighted_recall 0.4476 | union_precision 1.0000 | threshold 0.050 | val_model raw | lr 0.001000
Epoch 45/60 | train_loss 0.9004 | union_precision 1.0000 | weighted_recall 0.4427 | union_precision 1.0000 | threshold 0.050 | val_model raw | lr 0.001000
Epoch 46/60 | train_loss 0.8949 | union_precision 1.0000 | weighted_recall 0.4427 | union_precision 1.0000 | threshold 0.050 | val_model raw | lr 0.001000
Epoch 47/60 | train_loss 0.8965 | union_precision 1.0000 | weighted_recall 0.4427 | union_precision 1.0000 | threshold 0.050 | val_model raw | lr 0.001000
Epoch 48/60 | train_loss 0.8893 | union_precision 1.0000 | weighted_recall 0.4427 | union_precision 1.0000 | threshold 0.050 | val_model raw | lr 0.001000
Epoch 49/60 | train_loss 0.8754 | union_precision 1.0000 | weighted_recall 0.4427 | union_precision 1.0000 | threshold 0.050 | val_model raw | lr 0.001000
Epoch 50/60 | train_loss 0.8826 | union_precision 1.0000 | weighted_recall 0.4345 | union_precision 1.0000 | threshold 0.050 | val_model raw | lr 0.001000
Epoch 51/60 | train_loss 0.8741 | union_precision 1.0000 | weighted_recall 0.4417 | union_precision 1.0000 | threshold 0.050 | val_model raw | lr 0.001000
Epoch 52/60 | train_loss 0.8702 | union_precision 1.0000 | weighted_recall 0.4225 | union_precision 1.0000 | threshold 0.050 | val_model raw | lr 0.001000
Epoch 53/60 | train_loss 0.8580 | union_precision 1.0000 | weighted_recall 0.4225 | union_precision 1.0000 | threshold 0.050 | val_model raw | lr 0.001000
Early stopping at epoch 53
Held-out M30-2 | union_precision=1.0000 | weighted_recall=0.4557 | consensus_recall=0.0000
Epoch 1/60 | train_loss 1.5207 | union_precision 0.7273 | weighted_recall 0.1530 | union_precision 0.7273 | threshold 0.500 | val_model raw | lr 0.001000
Epoch 2/60 | train_loss 1.4145 | union_precision 0.7561 | weighted_recall 0.2533 | union_precision 0.7561 | threshold 0.050 | val_model raw | lr 0.001000
Epoch 3/60 | train_loss 1.3399 | union_precision 0.8333 | weighted_recall 0.3495 | union_precision 0.8333 | threshold 0.050 | val_model raw | lr 0.001000
Epoch 4/60 | train_loss 1.2942 | union_precision 0.8636 | weighted_recall 0.3658 | union_precision 0.8636 | threshold 0.050 | val_model raw | lr 0.001000
Epoch 5/60 | train_loss 1.2720 | union_precision 0.8372 | weighted_recall 0.3442 | union_precision 0.8372 | threshold 0.050 | val_model raw | lr 0.001000
Epoch 6/60 | train_loss 1.2410 | union_precision 0.8667 | weighted_recall 0.3840 | union_precision 0.8667 | threshold 0.050 | val_model raw | lr 0.001000
Epoch 7/60 | train_loss 1.2324 | union_precision 0.8958 | weighted_recall 0.4342 | union_precision 0.8958 | threshold 0.450 | val_model raw | lr 0.001000
Epoch 8/60 | train_loss 1.2055 | union_precision 0.8958 | weighted_recall 0.4220 | union_precision 0.8958 | threshold 0.450 | val_model raw | lr 0.001000
Epoch 9/60 | train_loss 1.2016 | union_precision 0.9167 | weighted_recall 0.4282 | union_precision 0.9167 | threshold 0.450 | val_model raw | lr 0.001000
Epoch 10/60 | train_loss 1.1784 | union_precision 0.9149 | weighted_recall 0.4031 | union_precision 0.9149 | threshold 0.450 | val_model raw | lr 0.001000
Epoch 11/60 | train_loss 1.1651 | union_precision 0.9149 | weighted_recall 0.4031 | union_precision 0.9149 | threshold 0.050 | val_model raw | lr 0.001000
Epoch 12/60 | train_loss 1.1593 | union_precision 0.9149 | weighted_recall 0.4373 | union_precision 0.9149 | threshold 0.050 | val_model raw | lr 0.001000
Epoch 13/60 | train_loss 1.1380 | union_precision 0.9149 | weighted_recall 0.4503 | union_precision 0.9149 | threshold 0.050 | val_model raw | lr 0.001000
Epoch 14/60 | train_loss 1.1264 | union_precision 0.9149 | weighted_recall 0.4503 | union_precision 0.9149 | threshold 0.050 | val_model raw | lr 0.001000
Epoch 15/60 | train_loss 1.1143 | union_precision 0.8936 | weighted_recall 0.4448 | union_precision 0.8936 | threshold 0.050 | val_model raw | lr 0.001000
Epoch 16/60 | train_loss 1.1060 | union_precision 0.9111 | weighted_recall 0.4400 | union_precision 0.9111 | threshold 0.050 | val_model raw | lr 0.001000
Epoch 17/60 | train_loss 1.0883 | union_precision 0.9333 | weighted_recall 0.4403 | union_precision 0.9333 | threshold 0.050 | val_model raw | lr 0.001000
Epoch 18/60 | train_loss 1.0831 | union_precision 0.9333 | weighted_recall 0.4948 | union_precision 0.9333 | threshold 0.050 | val_model raw | lr 0.001000
Epoch 19/60 | train_loss 1.0730 | union_precision 0.9556 | weighted_recall 0.5049 | union_precision 0.9556 | threshold 0.050 | val_model raw | lr 0.001000
Epoch 20/60 | train_loss 1.0655 | union_precision 0.9556 | weighted_recall 0.5049 | union_precision 0.9556 | threshold 0.050 | val_model raw | lr 0.001000
Epoch 21/60 | train_loss 1.0634 | union_precision 0.9556 | weighted_recall 0.5049 | union_precision 0.9556 | threshold 0.050 | val_model raw | lr 0.001000
Epoch 22/60 | train_loss 1.0621 | union_precision 0.9556 | weighted_recall 0.5049 | union_precision 0.9556 | threshold 0.050 | val_model raw | lr 0.001000
Epoch 23/60 | train_loss 1.0341 | union_precision 0.9556 | weighted_recall 0.5049 | union_precision 0.9556 | threshold 0.050 | val_model raw | lr 0.001000
Epoch 24/60 | train_loss 1.0307 | union_precision 0.9556 | weighted_recall 0.5049 | union_precision 0.9556 | threshold 0.050 | val_model raw | lr 0.001000
Epoch 25/60 | train_loss 1.0278 | union_precision 0.9556 | weighted_recall 0.5049 | union_precision 0.9556 | threshold 0.050 | val_model raw | lr 0.001000
Epoch 26/60 | train_loss 1.0178 | union_precision 0.9556 | weighted_recall 0.5049 | union_precision 0.9556 | threshold 0.050 | val_model raw | lr 0.001000
Epoch 27/60 | train_loss 1.0171 | union_precision 0.9545 | weighted_recall 0.5071 | union_precision 0.9545 | threshold 0.050 | val_model raw | lr 0.001000
Epoch 28/60 | train_loss 1.0034 | union_precision 0.9565 | weighted_recall 0.5198 | union_precision 0.9565 | threshold 0.050 | val_model raw | lr 0.001000
Epoch 29/60 | train_loss 1.0036 | union_precision 0.9565 | weighted_recall 0.5198 | union_precision 0.9565 | threshold 0.050 | val_model raw | lr 0.001000
Epoch 30/60 | train_loss 1.0042 | union_precision 0.9565 | weighted_recall 0.5198 | union_precision 0.9565 | threshold 0.050 | val_model raw | lr 0.001000
Epoch 31/60 | train_loss 0.9846 | union_precision 0.9556 | weighted_recall 0.5003 | union_precision 0.9556 | threshold 0.050 | val_model raw | lr 0.001000
Epoch 32/60 | train_loss 0.9860 | union_precision 0.9556 | weighted_recall 0.4870 | union_precision 0.9556 | threshold 0.050 | val_model raw | lr 0.001000
Epoch 33/60 | train_loss 0.9637 | union_precision 0.9556 | weighted_recall 0.4870 | union_precision 0.9556 | threshold 0.050 | val_model raw | lr 0.001000
Epoch 34/60 | train_loss 0.9670 | union_precision 0.9556 | weighted_recall 0.5210 | union_precision 0.9556 | threshold 0.050 | val_model raw | lr 0.001000
Epoch 35/60 | train_loss 0.9593 | union_precision 0.9574 | weighted_recall 0.5271 | union_precision 0.9574 | threshold 0.050 | val_model raw | lr 0.001000
Epoch 36/60 | train_loss 0.9531 | union_precision 0.9787 | weighted_recall 0.5360 | union_precision 0.9787 | threshold 0.050 | val_model raw | lr 0.001000
Epoch 37/60 | train_loss 0.9507 | union_precision 0.9792 | weighted_recall 0.5354 | union_precision 0.9792 | threshold 0.050 | val_model raw | lr 0.001000
Epoch 38/60 | train_loss 0.9393 | union_precision 0.9792 | weighted_recall 0.4988 | union_precision 0.9792 | threshold 0.050 | val_model raw | lr 0.001000
Epoch 39/60 | train_loss 0.9387 | union_precision 0.9792 | weighted_recall 0.4995 | union_precision 0.9792 | threshold 0.050 | val_model raw | lr 0.001000
Epoch 40/60 | train_loss 0.9279 | union_precision 0.9783 | weighted_recall 0.4952 | union_precision 0.9783 | threshold 0.050 | val_model raw | lr 0.001000
Epoch 41/60 | train_loss 0.9293 | union_precision 0.9783 | weighted_recall 0.4952 | union_precision 0.9783 | threshold 0.050 | val_model raw | lr 0.001000
Epoch 42/60 | train_loss 0.9163 | union_precision 0.9792 | weighted_recall 0.5150 | union_precision 0.9792 | threshold 0.050 | val_model raw | lr 0.001000
Epoch 43/60 | train_loss 0.9152 | union_precision 0.9792 | weighted_recall 0.5173 | union_precision 0.9792 | threshold 0.050 | val_model raw | lr 0.001000
Epoch 44/60 | train_loss 0.9089 | union_precision 0.9792 | weighted_recall 0.5150 | union_precision 0.9792 | threshold 0.050 | val_model raw | lr 0.001000
Epoch 45/60 | train_loss 0.8982 | union_precision 0.9574 | weighted_recall 0.4570 | union_precision 0.9574 | threshold 0.050 | val_model raw | lr 0.001000
Epoch 46/60 | train_loss 0.8919 | union_precision 0.9565 | weighted_recall 0.4511 | union_precision 0.9565 | threshold 0.050 | val_model raw | lr 0.001000
Early stopping at epoch 46
Held-out M30-3 | union_precision=0.9787 | weighted_recall=0.5360 | consensus_recall=1.0000
Epoch 1/60 | train_loss 1.5250 | union_precision 0.9107 | weighted_recall 0.3972 | union_precision 0.9107 | threshold 0.425 | val_model raw | lr 0.001000
Epoch 2/60 | train_loss 1.4169 | union_precision 0.8947 | weighted_recall 0.3294 | union_precision 0.8947 | threshold 0.050 | val_model raw | lr 0.001000
Epoch 3/60 | train_loss 1.3402 | union_precision 0.9107 | weighted_recall 0.2992 | union_precision 0.9107 | threshold 0.450 | val_model raw | lr 0.001000
Epoch 4/60 | train_loss 1.2972 | union_precision 0.8679 | weighted_recall 0.2639 | union_precision 0.8679 | threshold 0.450 | val_model raw | lr 0.001000
Epoch 5/60 | train_loss 1.2766 | union_precision 0.9000 | weighted_recall 0.0909 | union_precision 0.9000 | threshold 0.600 | val_model raw | lr 0.001000
Epoch 6/60 | train_loss 1.2443 | union_precision 0.8571 | weighted_recall 0.1147 | union_precision 0.8571 | threshold 0.575 | val_model raw | lr 0.001000
Epoch 7/60 | train_loss 1.2340 | union_precision 0.9000 | weighted_recall 0.0909 | union_precision 0.9000 | threshold 0.600 | val_model raw | lr 0.001000
Epoch 8/60 | train_loss 1.2088 | union_precision 0.8727 | weighted_recall 0.3333 | union_precision 0.8727 | threshold 0.050 | val_model raw | lr 0.001000
Epoch 9/60 | train_loss 1.2012 | union_precision 0.8868 | weighted_recall 0.3064 | union_precision 0.8868 | threshold 0.050 | val_model raw | lr 0.001000
Epoch 10/60 | train_loss 1.1827 | union_precision 0.8679 | weighted_recall 0.2985 | union_precision 0.8679 | threshold 0.050 | val_model raw | lr 0.001000
Epoch 11/60 | train_loss 1.1677 | union_precision 0.8704 | weighted_recall 0.3030 | union_precision 0.8704 | threshold 0.050 | val_model raw | lr 0.001000
Early stopping at epoch 11
Held-out M30-4 | union_precision=0.9107 | weighted_recall=0.3972 | consensus_recall=0.6667
Epoch 1/60 | train_loss 1.5198 | union_precision 0.8947 | weighted_recall 0.3780 | union_precision 0.8947 | threshold 0.050 | val_model raw | lr 0.001000
Epoch 2/60 | train_loss 1.4144 | union_precision 0.8947 | weighted_recall 0.3796 | union_precision 0.8947 | threshold 0.050 | val_model raw | lr 0.001000
Epoch 3/60 | train_loss 1.3374 | union_precision 0.8667 | weighted_recall 0.3359 | union_precision 0.8667 | threshold 0.525 | val_model raw | lr 0.001000
Epoch 4/60 | train_loss 1.2939 | union_precision 0.8667 | weighted_recall 0.3359 | union_precision 0.8667 | threshold 0.550 | val_model raw | lr 0.001000
Epoch 5/60 | train_loss 1.2745 | union_precision 0.8667 | weighted_recall 0.3359 | union_precision 0.8667 | threshold 0.550 | val_model raw | lr 0.001000
Epoch 6/60 | train_loss 1.2427 | union_precision 0.8667 | weighted_recall 0.3359 | union_precision 0.8667 | threshold 0.550 | val_model raw | lr 0.001000
Epoch 7/60 | train_loss 1.2321 | union_precision 0.8750 | weighted_recall 0.3606 | union_precision 0.8750 | threshold 0.475 | val_model raw | lr 0.001000
Epoch 8/60 | train_loss 1.2063 | union_precision 0.8571 | weighted_recall 0.4051 | union_precision 0.8571 | threshold 0.050 | val_model raw | lr 0.001000
Epoch 9/60 | train_loss 1.2003 | union_precision 0.8571 | weighted_recall 0.4051 | union_precision 0.8571 | threshold 0.050 | val_model raw | lr 0.001000
Epoch 10/60 | train_loss 1.1786 | union_precision 0.8571 | weighted_recall 0.4051 | union_precision 0.8571 | threshold 0.050 | val_model raw | lr 0.001000
Epoch 11/60 | train_loss 1.1651 | union_precision 0.9444 | weighted_recall 0.4223 | union_precision 0.9444 | threshold 0.500 | val_model raw | lr 0.001000
Epoch 12/60 | train_loss 1.1583 | union_precision 0.9444 | weighted_recall 0.4223 | union_precision 0.9444 | threshold 0.500 | val_model raw | lr 0.001000
Epoch 13/60 | train_loss 1.1366 | union_precision 0.9444 | weighted_recall 0.4223 | union_precision 0.9444 | threshold 0.500 | val_model raw | lr 0.001000
Epoch 14/60 | train_loss 1.1287 | union_precision 0.9444 | weighted_recall 0.4019 | union_precision 0.9444 | threshold 0.500 | val_model raw | lr 0.001000
Epoch 15/60 | train_loss 1.1171 | union_precision 0.9444 | weighted_recall 0.4311 | union_precision 0.9444 | threshold 0.500 | val_model raw | lr 0.001000
Epoch 16/60 | train_loss 1.1086 | union_precision 0.9444 | weighted_recall 0.4311 | union_precision 0.9444 | threshold 0.500 | val_model raw | lr 0.001000
Epoch 17/60 | train_loss 1.0877 | union_precision 0.9444 | weighted_recall 0.4311 | union_precision 0.9444 | threshold 0.500 | val_model raw | lr 0.001000
Epoch 18/60 | train_loss 1.0843 | union_precision 0.9412 | weighted_recall 0.4264 | union_precision 0.9412 | threshold 0.500 | val_model raw | lr 0.001000
Epoch 19/60 | train_loss 1.0744 | union_precision 0.8889 | weighted_recall 0.4264 | union_precision 0.8889 | threshold 0.050 | val_model raw | lr 0.001000
Epoch 20/60 | train_loss 1.0675 | union_precision 0.8947 | weighted_recall 0.4261 | union_precision 0.8947 | threshold 0.050 | val_model raw | lr 0.001000
Epoch 21/60 | train_loss 1.0625 | union_precision 0.9500 | weighted_recall 0.4416 | union_precision 0.9500 | threshold 0.050 | val_model raw | lr 0.001000
Epoch 22/60 | train_loss 1.0608 | union_precision 0.9500 | weighted_recall 0.4416 | union_precision 0.9500 | threshold 0.050 | val_model raw | lr 0.001000
Epoch 23/60 | train_loss 1.0366 | union_precision 0.9500 | weighted_recall 0.4416 | union_precision 0.9500 | threshold 0.050 | val_model raw | lr 0.001000
Epoch 24/60 | train_loss 1.0326 | union_precision 0.9500 | weighted_recall 0.4408 | union_precision 0.9500 | threshold 0.050 | val_model raw | lr 0.001000
Epoch 25/60 | train_loss 1.0292 | union_precision 0.9500 | weighted_recall 0.4408 | union_precision 0.9500 | threshold 0.050 | val_model raw | lr 0.001000
Epoch 26/60 | train_loss 1.0200 | union_precision 0.9500 | weighted_recall 0.4408 | union_precision 0.9500 | threshold 0.050 | val_model raw | lr 0.001000
Epoch 27/60 | train_loss 1.0180 | union_precision 0.9500 | weighted_recall 0.4418 | union_precision 0.9500 | threshold 0.050 | val_model raw | lr 0.001000
Epoch 28/60 | train_loss 1.0056 | union_precision 0.9500 | weighted_recall 0.4418 | union_precision 0.9500 | threshold 0.050 | val_model raw | lr 0.001000
Epoch 29/60 | train_loss 1.0057 | union_precision 0.9500 | weighted_recall 0.4418 | union_precision 0.9500 | threshold 0.050 | val_model raw | lr 0.001000
Epoch 30/60 | train_loss 1.0069 | union_precision 0.9474 | weighted_recall 0.4295 | union_precision 0.9474 | threshold 0.050 | val_model raw | lr 0.001000
Epoch 31/60 | train_loss 0.9860 | union_precision 0.9500 | weighted_recall 0.4418 | union_precision 0.9500 | threshold 0.050 | val_model raw | lr 0.001000
Epoch 32/60 | train_loss 0.9895 | union_precision 0.9500 | weighted_recall 0.4418 | union_precision 0.9500 | threshold 0.050 | val_model raw | lr 0.001000
Epoch 33/60 | train_loss 0.9654 | union_precision 0.9500 | weighted_recall 0.4418 | union_precision 0.9500 | threshold 0.050 | val_model raw | lr 0.001000
Epoch 34/60 | train_loss 0.9676 | union_precision 0.9474 | weighted_recall 0.4295 | union_precision 0.9474 | threshold 0.050 | val_model raw | lr 0.001000
Epoch 35/60 | train_loss 0.9622 | union_precision 0.9444 | weighted_recall 0.4255 | union_precision 0.9444 | threshold 0.050 | val_model raw | lr 0.001000
Epoch 36/60 | train_loss 0.9569 | union_precision 0.9500 | weighted_recall 0.4408 | union_precision 0.9500 | threshold 0.050 | val_model raw | lr 0.001000
Epoch 37/60 | train_loss 0.9515 | union_precision 0.9500 | weighted_recall 0.4612 | union_precision 0.9500 | threshold 0.050 | val_model raw | lr 0.001000
Epoch 38/60 | train_loss 0.9433 | union_precision 0.9500 | weighted_recall 0.4612 | union_precision 0.9500 | threshold 0.050 | val_model raw | lr 0.001000
Epoch 39/60 | train_loss 0.9410 | union_precision 0.9500 | weighted_recall 0.4612 | union_precision 0.9500 | threshold 0.050 | val_model raw | lr 0.001000
Epoch 40/60 | train_loss 0.9311 | union_precision 0.9500 | weighted_recall 0.4612 | union_precision 0.9500 | threshold 0.050 | val_model raw | lr 0.001000
Epoch 41/60 | train_loss 0.9315 | union_precision 0.9474 | weighted_recall 0.4571 | union_precision 0.9474 | threshold 0.050 | val_model raw | lr 0.001000
Epoch 42/60 | train_loss 0.9203 | union_precision 0.9444 | weighted_recall 0.4449 | union_precision 0.9444 | threshold 0.050 | val_model raw | lr 0.001000
Epoch 43/60 | train_loss 0.9213 | union_precision 0.9444 | weighted_recall 0.4449 | union_precision 0.9444 | threshold 0.050 | val_model raw | lr 0.001000
Epoch 44/60 | train_loss 0.9114 | union_precision 0.9444 | weighted_recall 0.4449 | union_precision 0.9444 | threshold 0.050 | val_model raw | lr 0.001000
Epoch 45/60 | train_loss 0.8993 | union_precision 0.9444 | weighted_recall 0.4449 | union_precision 0.9444 | threshold 0.050 | val_model raw | lr 0.001000
Epoch 46/60 | train_loss 0.8956 | union_precision 0.9500 | weighted_recall 0.4618 | union_precision 0.9500 | threshold 0.050 | val_model raw | lr 0.001000
Epoch 47/60 | train_loss 0.8975 | union_precision 0.9500 | weighted_recall 0.4618 | union_precision 0.9500 | threshold 0.050 | val_model raw | lr 0.001000
Epoch 48/60 | train_loss 0.8908 | union_precision 0.9500 | weighted_recall 0.4618 | union_precision 0.9500 | threshold 0.050 | val_model raw | lr 0.001000
Epoch 49/60 | train_loss 0.8756 | union_precision 1.0000 | weighted_recall 0.4596 | union_precision 1.0000 | threshold 0.050 | val_model raw | lr 0.001000
Epoch 50/60 | train_loss 0.8842 | union_precision 1.0000 | weighted_recall 0.4473 | union_precision 1.0000 | threshold 0.050 | val_model raw | lr 0.001000
Epoch 51/60 | train_loss 0.8754 | union_precision 1.0000 | weighted_recall 0.4473 | union_precision 1.0000 | threshold 0.050 | val_model raw | lr 0.001000
Epoch 52/60 | train_loss 0.8705 | union_precision 1.0000 | weighted_recall 0.4514 | union_precision 1.0000 | threshold 0.050 | val_model raw | lr 0.001000
Epoch 53/60 | train_loss 0.8578 | union_precision 1.0000 | weighted_recall 0.4514 | union_precision 1.0000 | threshold 0.050 | val_model raw | lr 0.001000
Epoch 54/60 | train_loss 0.8579 | union_precision 1.0000 | weighted_recall 0.4514 | union_precision 1.0000 | threshold 0.050 | val_model raw | lr 0.001000
Epoch 55/60 | train_loss 0.8507 | union_precision 1.0000 | weighted_recall 0.4473 | union_precision 1.0000 | threshold 0.050 | val_model raw | lr 0.001000
Epoch 56/60 | train_loss 0.8591 | union_precision 1.0000 | weighted_recall 0.4473 | union_precision 1.0000 | threshold 0.050 | val_model raw | lr 0.001000
Early stopping at epoch 56
Held-out M33-1 | union_precision=0.9500 | weighted_recall=0.4618 | consensus_recall=1.0000
Epoch 1/60 | train_loss 1.5222 | union_precision 0.8525 | weighted_recall 0.3907 | union_precision 0.8525 | threshold 0.050 | val_model raw | lr 0.001000
Epoch 2/60 | train_loss 1.4158 | union_precision 0.9333 | weighted_recall 0.1015 | union_precision 0.9333 | threshold 0.550 | val_model raw | lr 0.001000
Epoch 3/60 | train_loss 1.3375 | union_precision 0.8519 | weighted_recall 0.2977 | union_precision 0.8519 | threshold 0.525 | val_model raw | lr 0.001000
Epoch 4/60 | train_loss 1.2933 | union_precision 0.9474 | weighted_recall 0.1063 | union_precision 0.9474 | threshold 0.575 | val_model raw | lr 0.001000
Epoch 5/60 | train_loss 1.2765 | union_precision 0.8800 | weighted_recall 0.1370 | union_precision 0.8800 | threshold 0.575 | val_model raw | lr 0.001000
Epoch 6/60 | train_loss 1.2414 | union_precision 0.8537 | weighted_recall 0.2130 | union_precision 0.8537 | threshold 0.550 | val_model raw | lr 0.001000
Epoch 7/60 | train_loss 1.2322 | union_precision 0.8545 | weighted_recall 0.2693 | union_precision 0.8545 | threshold 0.475 | val_model raw | lr 0.001000
Epoch 8/60 | train_loss 1.2058 | union_precision 0.8605 | weighted_recall 0.2197 | union_precision 0.8605 | threshold 0.550 | val_model raw | lr 0.001000
Epoch 9/60 | train_loss 1.1980 | union_precision 0.8636 | weighted_recall 0.2770 | union_precision 0.8636 | threshold 0.550 | val_model raw | lr 0.001000
Epoch 10/60 | train_loss 1.1760 | union_precision 0.8889 | weighted_recall 0.3618 | union_precision 0.8889 | threshold 0.050 | val_model raw | lr 0.001000
Epoch 11/60 | train_loss 1.1630 | union_precision 0.9231 | weighted_recall 0.3984 | union_precision 0.9231 | threshold 0.050 | val_model raw | lr 0.001000
Epoch 12/60 | train_loss 1.1574 | union_precision 0.9231 | weighted_recall 0.4132 | union_precision 0.9231 | threshold 0.050 | val_model raw | lr 0.001000
Epoch 13/60 | train_loss 1.1360 | union_precision 0.9242 | weighted_recall 0.4285 | union_precision 0.9242 | threshold 0.050 | val_model raw | lr 0.001000
Epoch 14/60 | train_loss 1.1274 | union_precision 0.9242 | weighted_recall 0.4327 | union_precision 0.9242 | threshold 0.050 | val_model raw | lr 0.001000
Epoch 15/60 | train_loss 1.1157 | union_precision 0.9118 | weighted_recall 0.4762 | union_precision 0.9118 | threshold 0.050 | val_model raw | lr 0.001000
Epoch 16/60 | train_loss 1.1046 | union_precision 0.9091 | weighted_recall 0.4637 | union_precision 0.9091 | threshold 0.050 | val_model raw | lr 0.001000
Epoch 17/60 | train_loss 1.0876 | union_precision 0.9077 | weighted_recall 0.4602 | union_precision 0.9077 | threshold 0.050 | val_model raw | lr 0.001000
Epoch 18/60 | train_loss 1.0822 | union_precision 0.9062 | weighted_recall 0.4559 | union_precision 0.9062 | threshold 0.050 | val_model raw | lr 0.001000
Epoch 19/60 | train_loss 1.0712 | union_precision 0.9048 | weighted_recall 0.4489 | union_precision 0.9048 | threshold 0.050 | val_model raw | lr 0.001000
Epoch 20/60 | train_loss 1.0658 | union_precision 0.8871 | weighted_recall 0.4413 | union_precision 0.8871 | threshold 0.050 | val_model raw | lr 0.001000
Epoch 21/60 | train_loss 1.0626 | union_precision 0.8923 | weighted_recall 0.4507 | union_precision 0.8923 | threshold 0.050 | val_model raw | lr 0.001000
Epoch 22/60 | train_loss 1.0565 | union_precision 0.8939 | weighted_recall 0.4538 | union_precision 0.8939 | threshold 0.050 | val_model raw | lr 0.001000
Epoch 23/60 | train_loss 1.0338 | union_precision 0.8788 | weighted_recall 0.4493 | union_precision 0.8788 | threshold 0.050 | val_model raw | lr 0.001000
Epoch 24/60 | train_loss 1.0320 | union_precision 0.8852 | weighted_recall 0.4357 | union_precision 0.8852 | threshold 0.050 | val_model raw | lr 0.001000
Epoch 25/60 | train_loss 1.0256 | union_precision 0.8833 | weighted_recall 0.4319 | union_precision 0.8833 | threshold 0.050 | val_model raw | lr 0.001000
Early stopping at epoch 25
Held-out M33-2 | union_precision=0.9118 | weighted_recall=0.4762 | consensus_recall=0.0000
Epoch 1/60 | train_loss 1.5197 | union_precision 0.7500 | weighted_recall 0.2115 | union_precision 0.7500 | threshold 0.050 | val_model raw | lr 0.001000
Epoch 2/60 | train_loss 1.4157 | union_precision 0.7619 | weighted_recall 0.1591 | union_precision 0.7619 | threshold 0.500 | val_model raw | lr 0.001000
Epoch 3/60 | train_loss 1.3363 | union_precision 0.8000 | weighted_recall 0.1796 | union_precision 0.8000 | threshold 0.050 | val_model raw | lr 0.001000
Epoch 4/60 | train_loss 1.2943 | union_precision 0.8000 | weighted_recall 0.2604 | union_precision 0.8000 | threshold 0.050 | val_model raw | lr 0.001000
Epoch 5/60 | train_loss 1.2769 | union_precision 0.8333 | weighted_recall 0.3005 | union_precision 0.8333 | threshold 0.050 | val_model raw | lr 0.001000
Epoch 6/60 | train_loss 1.2436 | union_precision 1.0000 | weighted_recall 0.0027 | union_precision 1.0000 | threshold 0.600 | val_model raw | lr 0.001000
Epoch 7/60 | train_loss 1.2322 | union_precision 1.0000 | weighted_recall 0.1919 | union_precision 1.0000 | threshold 0.575 | val_model raw | lr 0.001000
Epoch 8/60 | train_loss 1.2069 | union_precision 1.0000 | weighted_recall 0.2547 | union_precision 1.0000 | threshold 0.575 | val_model raw | lr 0.001000
Epoch 9/60 | train_loss 1.1995 | union_precision 1.0000 | weighted_recall 0.2547 | union_precision 1.0000 | threshold 0.575 | val_model raw | lr 0.001000
Epoch 10/60 | train_loss 1.1776 | union_precision 0.8750 | weighted_recall 0.4391 | union_precision 0.8750 | threshold 0.050 | val_model raw | lr 0.001000
Epoch 11/60 | train_loss 1.1645 | union_precision 0.9615 | weighted_recall 0.5487 | union_precision 0.9615 | threshold 0.050 | val_model raw | lr 0.001000
Epoch 12/60 | train_loss 1.1578 | union_precision 0.9630 | weighted_recall 0.6024 | union_precision 0.9630 | threshold 0.050 | val_model raw | lr 0.001000
Epoch 13/60 | train_loss 1.1389 | union_precision 0.9630 | weighted_recall 0.5984 | union_precision 0.9630 | threshold 0.050 | val_model raw | lr 0.001000
Epoch 14/60 | train_loss 1.1279 | union_precision 0.9630 | weighted_recall 0.5984 | union_precision 0.9630 | threshold 0.050 | val_model raw | lr 0.001000
Epoch 15/60 | train_loss 1.1172 | union_precision 0.9630 | weighted_recall 0.5984 | union_precision 0.9630 | threshold 0.050 | val_model raw | lr 0.001000
Epoch 16/60 | train_loss 1.1079 | union_precision 0.9643 | weighted_recall 0.6199 | union_precision 0.9643 | threshold 0.050 | val_model raw | lr 0.001000
Epoch 17/60 | train_loss 1.0899 | union_precision 0.9630 | weighted_recall 0.6172 | union_precision 0.9630 | threshold 0.050 | val_model raw | lr 0.001000
Epoch 18/60 | train_loss 1.0843 | union_precision 0.9615 | weighted_recall 0.6145 | union_precision 0.9615 | threshold 0.050 | val_model raw | lr 0.001000
Epoch 19/60 | train_loss 1.0756 | union_precision 0.9600 | weighted_recall 0.5788 | union_precision 0.9600 | threshold 0.050 | val_model raw | lr 0.001000
Epoch 20/60 | train_loss 1.0687 | union_precision 0.9600 | weighted_recall 0.5788 | union_precision 0.9600 | threshold 0.050 | val_model raw | lr 0.001000
Epoch 21/60 | train_loss 1.0659 | union_precision 0.9565 | weighted_recall 0.5638 | union_precision 0.9565 | threshold 0.050 | val_model raw | lr 0.001000
Epoch 22/60 | train_loss 1.0616 | union_precision 0.9565 | weighted_recall 0.5446 | union_precision 0.9565 | threshold 0.050 | val_model raw | lr 0.001000
Epoch 23/60 | train_loss 1.0388 | union_precision 0.9565 | weighted_recall 0.5446 | union_precision 0.9565 | threshold 0.050 | val_model raw | lr 0.001000
Epoch 24/60 | train_loss 1.0351 | union_precision 0.9565 | weighted_recall 0.5446 | union_precision 0.9565 | threshold 0.050 | val_model raw | lr 0.001000
Epoch 25/60 | train_loss 1.0298 | union_precision 0.9048 | weighted_recall 0.4702 | union_precision 0.9048 | threshold 0.050 | val_model raw | lr 0.001000
Epoch 26/60 | train_loss 1.0228 | union_precision 0.9048 | weighted_recall 0.4702 | union_precision 0.9048 | threshold 0.050 | val_model raw | lr 0.001000
Early stopping at epoch 26
Held-out M33-3 | union_precision=0.9643 | weighted_recall=0.6199 | consensus_recall=0.0000
Epoch 1/60 | train_loss 1.5187 | union_precision 0.8646 | weighted_recall 0.3822 | union_precision 0.8646 | threshold 0.050 | val_model raw | lr 0.001000
Epoch 2/60 | train_loss 1.4011 | union_precision 0.8878 | weighted_recall 0.4139 | union_precision 0.8878 | threshold 0.050 | val_model raw | lr 0.001000
Epoch 3/60 | train_loss 1.3422 | union_precision 0.9355 | weighted_recall 0.4113 | union_precision 0.9355 | threshold 0.050 | val_model raw | lr 0.001000
Epoch 4/60 | train_loss 1.2993 | union_precision 0.9255 | weighted_recall 0.3956 | union_precision 0.9255 | threshold 0.050 | val_model raw | lr 0.001000
Epoch 5/60 | train_loss 1.2759 | union_precision 0.9574 | weighted_recall 0.4226 | union_precision 0.9574 | threshold 0.050 | val_model raw | lr 0.001000
Epoch 6/60 | train_loss 1.2543 | union_precision 0.9677 | weighted_recall 0.4347 | union_precision 0.9677 | threshold 0.050 | val_model raw | lr 0.001000
Epoch 7/60 | train_loss 1.2244 | union_precision 0.9780 | weighted_recall 0.4416 | union_precision 0.9780 | threshold 0.050 | val_model raw | lr 0.001000
Epoch 8/60 | train_loss 1.2065 | union_precision 0.9875 | weighted_recall 0.3594 | union_precision 0.9875 | threshold 0.050 | val_model raw | lr 0.001000
Epoch 9/60 | train_loss 1.1868 | union_precision 0.9873 | weighted_recall 0.3489 | union_precision 0.9873 | threshold 0.050 | val_model raw | lr 0.001000
Epoch 10/60 | train_loss 1.1743 | union_precision 0.9747 | weighted_recall 0.3612 | union_precision 0.9747 | threshold 0.050 | val_model raw | lr 0.001000
Epoch 11/60 | train_loss 1.1509 | union_precision 0.9630 | weighted_recall 0.3626 | union_precision 0.9630 | threshold 0.050 | val_model raw | lr 0.001000
Epoch 12/60 | train_loss 1.1444 | union_precision 0.9630 | weighted_recall 0.3603 | union_precision 0.9630 | threshold 0.050 | val_model raw | lr 0.001000
Epoch 13/60 | train_loss 1.1327 | union_precision 0.9625 | weighted_recall 0.3431 | union_precision 0.9625 | threshold 0.050 | val_model raw | lr 0.001000
Epoch 14/60 | train_loss 1.1250 | union_precision 0.9625 | weighted_recall 0.3559 | union_precision 0.9625 | threshold 0.050 | val_model raw | lr 0.001000
Epoch 15/60 | train_loss 1.1121 | union_precision 0.9630 | weighted_recall 0.3561 | union_precision 0.9630 | threshold 0.050 | val_model raw | lr 0.001000
Epoch 16/60 | train_loss 1.0973 | union_precision 0.9620 | weighted_recall 0.3411 | union_precision 0.9620 | threshold 0.050 | val_model raw | lr 0.001000
Epoch 17/60 | train_loss 1.0905 | union_precision 0.9620 | weighted_recall 0.3411 | union_precision 0.9620 | threshold 0.050 | val_model raw | lr 0.001000
Early stopping at epoch 17
Held-out M33-4 | union_precision=0.9780 | weighted_recall=0.4416 | consensus_recall=0.0000
Epoch 1/60 | train_loss 1.5217 | union_precision 0.9020 | weighted_recall 0.2051 | union_precision 0.9020 | threshold 0.050 | val_model raw | lr 0.001000
Epoch 2/60 | train_loss 1.4119 | union_precision 0.8485 | weighted_recall 0.1118 | union_precision 0.8485 | threshold 0.500 | val_model raw | lr 0.001000
Epoch 3/60 | train_loss 1.3409 | union_precision 0.8500 | weighted_recall 0.0748 | union_precision 0.8500 | threshold 0.525 | val_model raw | lr 0.001000
Epoch 4/60 | train_loss 1.2905 | union_precision 0.8525 | weighted_recall 0.3003 | union_precision 0.8525 | threshold 0.050 | val_model raw | lr 0.001000
Epoch 5/60 | train_loss 1.2747 | union_precision 0.8525 | weighted_recall 0.3031 | union_precision 0.8525 | threshold 0.050 | val_model raw | lr 0.001000
Epoch 6/60 | train_loss 1.2382 | union_precision 0.8667 | weighted_recall 0.2889 | union_precision 0.8667 | threshold 0.050 | val_model raw | lr 0.001000
Epoch 7/60 | train_loss 1.2278 | union_precision 0.8545 | weighted_recall 0.2313 | union_precision 0.8545 | threshold 0.050 | val_model raw | lr 0.001000
Epoch 8/60 | train_loss 1.2063 | union_precision 0.8704 | weighted_recall 0.2451 | union_precision 0.8704 | threshold 0.050 | val_model raw | lr 0.001000
Epoch 9/60 | train_loss 1.1960 | union_precision 0.8519 | weighted_recall 0.2406 | union_precision 0.8519 | threshold 0.050 | val_model raw | lr 0.001000
Epoch 10/60 | train_loss 1.1708 | union_precision 0.8393 | weighted_recall 0.2410 | union_precision 0.8393 | threshold 0.050 | val_model raw | lr 0.001000
Epoch 11/60 | train_loss 1.1587 | union_precision 0.8182 | weighted_recall 0.2493 | union_precision 0.8182 | threshold 0.050 | val_model raw | lr 0.001000
Epoch 12/60 | train_loss 1.1504 | union_precision 0.8519 | weighted_recall 0.2924 | union_precision 0.8519 | threshold 0.050 | val_model raw | lr 0.001000
Epoch 13/60 | train_loss 1.1334 | union_precision 0.8511 | weighted_recall 0.2780 | union_precision 0.8511 | threshold 0.500 | val_model raw | lr 0.001000
Epoch 14/60 | train_loss 1.1213 | union_precision 0.8511 | weighted_recall 0.2780 | union_precision 0.8511 | threshold 0.500 | val_model raw | lr 0.001000
Epoch 15/60 | train_loss 1.1101 | union_precision 0.8571 | weighted_recall 0.2686 | union_precision 0.8571 | threshold 0.525 | val_model raw | lr 0.001000
Early stopping at epoch 15
Held-out M41-1 | union_precision=0.8525 | weighted_recall=0.3031 | consensus_recall=0.0000
Epoch 1/60 | train_loss 1.5194 | union_precision 0.8696 | weighted_recall 0.2896 | union_precision 0.8696 | threshold 0.425 | val_model raw | lr 0.001000
Epoch 2/60 | train_loss 1.4109 | union_precision 0.9615 | weighted_recall 0.3537 | union_precision 0.9615 | threshold 0.050 | val_model raw | lr 0.001000
Epoch 3/60 | train_loss 1.3423 | union_precision 0.9615 | weighted_recall 0.3496 | union_precision 0.9615 | threshold 0.475 | val_model raw | lr 0.001000
Epoch 4/60 | train_loss 1.2927 | union_precision 0.9231 | weighted_recall 0.3418 | union_precision 0.9231 | threshold 0.050 | val_model raw | lr 0.001000
Epoch 5/60 | train_loss 1.2781 | union_precision 0.9615 | weighted_recall 0.3439 | union_precision 0.9615 | threshold 0.050 | val_model raw | lr 0.001000
Epoch 6/60 | train_loss 1.2402 | union_precision 0.9615 | weighted_recall 0.3439 | union_precision 0.9615 | threshold 0.050 | val_model raw | lr 0.001000
Epoch 7/60 | train_loss 1.2302 | union_precision 0.9630 | weighted_recall 0.3642 | union_precision 0.9630 | threshold 0.050 | val_model raw | lr 0.001000
Epoch 8/60 | train_loss 1.2076 | union_precision 0.9583 | weighted_recall 0.3552 | union_precision 0.9583 | threshold 0.050 | val_model raw | lr 0.001000
Epoch 9/60 | train_loss 1.1985 | union_precision 0.9583 | weighted_recall 0.3552 | union_precision 0.9583 | threshold 0.050 | val_model raw | lr 0.001000
Epoch 10/60 | train_loss 1.1741 | union_precision 0.9583 | weighted_recall 0.3517 | union_precision 0.9583 | threshold 0.050 | val_model raw | lr 0.001000
Epoch 11/60 | train_loss 1.1645 | union_precision 0.9583 | weighted_recall 0.3517 | union_precision 0.9583 | threshold 0.050 | val_model raw | lr 0.001000
Epoch 12/60 | train_loss 1.1522 | union_precision 0.9565 | weighted_recall 0.3682 | union_precision 0.9565 | threshold 0.050 | val_model raw | lr 0.001000
Epoch 13/60 | train_loss 1.1376 | union_precision 0.9565 | weighted_recall 0.3682 | union_precision 0.9565 | threshold 0.050 | val_model raw | lr 0.001000
Epoch 14/60 | train_loss 1.1239 | union_precision 0.9565 | weighted_recall 0.3682 | union_precision 0.9565 | threshold 0.050 | val_model raw | lr 0.001000
Epoch 15/60 | train_loss 1.1131 | union_precision 0.9583 | weighted_recall 0.3795 | union_precision 0.9583 | threshold 0.050 | val_model raw | lr 0.001000
Epoch 16/60 | train_loss 1.1063 | union_precision 0.9583 | weighted_recall 0.3795 | union_precision 0.9583 | threshold 0.050 | val_model raw | lr 0.001000
Epoch 17/60 | train_loss 1.0903 | union_precision 0.9565 | weighted_recall 0.3733 | union_precision 0.9565 | threshold 0.050 | val_model raw | lr 0.001000
Epoch 18/60 | train_loss 1.0844 | union_precision 0.9565 | weighted_recall 0.3733 | union_precision 0.9565 | threshold 0.050 | val_model raw | lr 0.001000
Epoch 19/60 | train_loss 1.0752 | union_precision 0.9167 | weighted_recall 0.3773 | union_precision 0.9167 | threshold 0.050 | val_model raw | lr 0.001000
Epoch 20/60 | train_loss 1.0698 | union_precision 0.9167 | weighted_recall 0.3681 | union_precision 0.9167 | threshold 0.050 | val_model raw | lr 0.001000
Epoch 21/60 | train_loss 1.0640 | union_precision 0.9167 | weighted_recall 0.3681 | union_precision 0.9167 | threshold 0.050 | val_model raw | lr 0.001000
Epoch 22/60 | train_loss 1.0571 | union_precision 0.9231 | weighted_recall 0.3808 | union_precision 0.9231 | threshold 0.050 | val_model raw | lr 0.001000
Epoch 23/60 | train_loss 1.0361 | union_precision 0.9231 | weighted_recall 0.3808 | union_precision 0.9231 | threshold 0.050 | val_model raw | lr 0.001000
Epoch 24/60 | train_loss 1.0350 | union_precision 0.9167 | weighted_recall 0.3674 | union_precision 0.9167 | threshold 0.050 | val_model raw | lr 0.001000
Epoch 25/60 | train_loss 1.0274 | union_precision 0.9200 | weighted_recall 0.3752 | union_precision 0.9200 | threshold 0.050 | val_model raw | lr 0.001000
Epoch 26/60 | train_loss 1.0230 | union_precision 0.9200 | weighted_recall 0.3752 | union_precision 0.9200 | threshold 0.050 | val_model raw | lr 0.001000
Epoch 27/60 | train_loss 1.0164 | union_precision 0.9200 | weighted_recall 0.3752 | union_precision 0.9200 | threshold 0.050 | val_model raw | lr 0.001000
Epoch 28/60 | train_loss 1.0033 | union_precision 0.9231 | weighted_recall 0.3808 | union_precision 0.9231 | threshold 0.050 | val_model raw | lr 0.001000
Epoch 29/60 | train_loss 0.9992 | union_precision 0.9259 | weighted_recall 0.3865 | union_precision 0.9259 | threshold 0.050 | val_model raw | lr 0.001000
Epoch 30/60 | train_loss 1.0078 | union_precision 0.9630 | weighted_recall 0.3989 | union_precision 0.9630 | threshold 0.050 | val_model raw | lr 0.001000
Epoch 31/60 | train_loss 0.9828 | union_precision 0.9630 | weighted_recall 0.3989 | union_precision 0.9630 | threshold 0.050 | val_model raw | lr 0.001000
Epoch 32/60 | train_loss 0.9828 | union_precision 0.9630 | weighted_recall 0.3989 | union_precision 0.9630 | threshold 0.050 | val_model raw | lr 0.001000
Epoch 33/60 | train_loss 0.9644 | union_precision 0.9630 | weighted_recall 0.3989 | union_precision 0.9630 | threshold 0.050 | val_model raw | lr 0.001000
Epoch 34/60 | train_loss 0.9703 | union_precision 0.9630 | weighted_recall 0.3989 | union_precision 0.9630 | threshold 0.050 | val_model raw | lr 0.001000
Epoch 35/60 | train_loss 0.9638 | union_precision 0.9630 | weighted_recall 0.3989 | union_precision 0.9630 | threshold 0.050 | val_model raw | lr 0.001000
Epoch 36/60 | train_loss 0.9546 | union_precision 0.9630 | weighted_recall 0.3989 | union_precision 0.9630 | threshold 0.050 | val_model raw | lr 0.001000
Epoch 37/60 | train_loss 0.9467 | union_precision 0.9630 | weighted_recall 0.3989 | union_precision 0.9630 | threshold 0.050 | val_model raw | lr 0.001000
Epoch 38/60 | train_loss 0.9431 | union_precision 0.9630 | weighted_recall 0.3989 | union_precision 0.9630 | threshold 0.050 | val_model raw | lr 0.001000
Epoch 39/60 | train_loss 0.9390 | union_precision 0.9630 | weighted_recall 0.3989 | union_precision 0.9630 | threshold 0.050 | val_model raw | lr 0.001000
Epoch 40/60 | train_loss 0.9307 | union_precision 0.9630 | weighted_recall 0.3989 | union_precision 0.9630 | threshold 0.050 | val_model raw | lr 0.001000
Early stopping at epoch 40
Held-out M41-2 | union_precision=0.9630 | weighted_recall=0.3989 | consensus_recall=0.0000
Epoch 1/60 | train_loss 1.5223 | union_precision 0.9091 | weighted_recall 0.1467 | union_precision 0.9091 | threshold 0.525 | val_model raw | lr 0.001000
Epoch 2/60 | train_loss 1.4112 | union_precision 0.8571 | weighted_recall 0.2097 | union_precision 0.8571 | threshold 0.525 | val_model raw | lr 0.001000
Epoch 3/60 | train_loss 1.3427 | union_precision 0.8667 | weighted_recall 0.2319 | union_precision 0.8667 | threshold 0.525 | val_model raw | lr 0.001000
Epoch 4/60 | train_loss 1.2942 | union_precision 0.8500 | weighted_recall 0.2877 | union_precision 0.8500 | threshold 0.500 | val_model raw | lr 0.001000
Epoch 5/60 | train_loss 1.2781 | union_precision 0.9167 | weighted_recall 0.3259 | union_precision 0.9167 | threshold 0.475 | val_model raw | lr 0.001000
Epoch 6/60 | train_loss 1.2411 | union_precision 0.8929 | weighted_recall 0.3388 | union_precision 0.8929 | threshold 0.050 | val_model raw | lr 0.001000
Epoch 7/60 | train_loss 1.2294 | union_precision 0.8571 | weighted_recall 0.3467 | union_precision 0.8571 | threshold 0.050 | val_model raw | lr 0.001000
Epoch 8/60 | train_loss 1.2078 | union_precision 0.8667 | weighted_recall 0.3894 | union_precision 0.8667 | threshold 0.050 | val_model raw | lr 0.001000
Epoch 9/60 | train_loss 1.2002 | union_precision 0.9000 | weighted_recall 0.4146 | union_precision 0.9000 | threshold 0.050 | val_model raw | lr 0.001000
Epoch 10/60 | train_loss 1.1747 | union_precision 0.9655 | weighted_recall 0.4195 | union_precision 0.9655 | threshold 0.050 | val_model raw | lr 0.001000
Epoch 11/60 | train_loss 1.1658 | union_precision 1.0000 | weighted_recall 0.4162 | union_precision 1.0000 | threshold 0.050 | val_model raw | lr 0.001000
Epoch 12/60 | train_loss 1.1525 | union_precision 1.0000 | weighted_recall 0.4233 | union_precision 1.0000 | threshold 0.050 | val_model raw | lr 0.001000
Epoch 13/60 | train_loss 1.1378 | union_precision 1.0000 | weighted_recall 0.4233 | union_precision 1.0000 | threshold 0.050 | val_model raw | lr 0.001000
Epoch 14/60 | train_loss 1.1244 | union_precision 1.0000 | weighted_recall 0.4233 | union_precision 1.0000 | threshold 0.050 | val_model raw | lr 0.001000
Epoch 15/60 | train_loss 1.1136 | union_precision 1.0000 | weighted_recall 0.4141 | union_precision 1.0000 | threshold 0.050 | val_model raw | lr 0.001000
Epoch 16/60 | train_loss 1.1056 | union_precision 1.0000 | weighted_recall 0.4085 | union_precision 1.0000 | threshold 0.050 | val_model raw | lr 0.001000
Epoch 17/60 | train_loss 1.0885 | union_precision 0.9677 | weighted_recall 0.4406 | union_precision 0.9677 | threshold 0.050 | val_model raw | lr 0.001000
Epoch 18/60 | train_loss 1.0854 | union_precision 0.9697 | weighted_recall 0.4758 | union_precision 0.9697 | threshold 0.050 | val_model raw | lr 0.001000
Epoch 19/60 | train_loss 1.0735 | union_precision 0.9697 | weighted_recall 0.4918 | union_precision 0.9697 | threshold 0.050 | val_model raw | lr 0.001000
Epoch 20/60 | train_loss 1.0697 | union_precision 0.9697 | weighted_recall 0.4918 | union_precision 0.9697 | threshold 0.050 | val_model raw | lr 0.001000
Epoch 21/60 | train_loss 1.0638 | union_precision 0.9697 | weighted_recall 0.4918 | union_precision 0.9697 | threshold 0.050 | val_model raw | lr 0.001000
Epoch 22/60 | train_loss 1.0558 | union_precision 0.9697 | weighted_recall 0.4918 | union_precision 0.9697 | threshold 0.050 | val_model raw | lr 0.001000
Epoch 23/60 | train_loss 1.0354 | union_precision 0.9697 | weighted_recall 0.4918 | union_precision 0.9697 | threshold 0.050 | val_model raw | lr 0.001000
Epoch 24/60 | train_loss 1.0359 | union_precision 0.9697 | weighted_recall 0.4758 | union_precision 0.9697 | threshold 0.050 | val_model raw | lr 0.001000
Epoch 25/60 | train_loss 1.0248 | union_precision 0.9697 | weighted_recall 0.4758 | union_precision 0.9697 | threshold 0.050 | val_model raw | lr 0.001000
Epoch 26/60 | train_loss 1.0231 | union_precision 0.9697 | weighted_recall 0.4758 | union_precision 0.9697 | threshold 0.050 | val_model raw | lr 0.001000
Epoch 27/60 | train_loss 1.0176 | union_precision 0.9697 | weighted_recall 0.4758 | union_precision 0.9697 | threshold 0.050 | val_model raw | lr 0.001000
Epoch 28/60 | train_loss 1.0029 | union_precision 0.9394 | weighted_recall 0.4778 | union_precision 0.9394 | threshold 0.050 | val_model raw | lr 0.001000
Epoch 29/60 | train_loss 0.9996 | union_precision 0.9118 | weighted_recall 0.4973 | union_precision 0.9118 | threshold 0.050 | val_model raw | lr 0.001000
Epoch 30/60 | train_loss 1.0076 | union_precision 0.9118 | weighted_recall 0.4973 | union_precision 0.9118 | threshold 0.050 | val_model raw | lr 0.001000
Epoch 31/60 | train_loss 0.9838 | union_precision 0.9118 | weighted_recall 0.4973 | union_precision 0.9118 | threshold 0.050 | val_model raw | lr 0.001000
Epoch 32/60 | train_loss 0.9828 | union_precision 0.9091 | weighted_recall 0.4933 | union_precision 0.9091 | threshold 0.050 | val_model raw | lr 0.001000
Epoch 33/60 | train_loss 0.9640 | union_precision 0.9091 | weighted_recall 0.4933 | union_precision 0.9091 | threshold 0.050 | val_model raw | lr 0.001000
Epoch 34/60 | train_loss 0.9706 | union_precision 0.9062 | weighted_recall 0.4920 | union_precision 0.9062 | threshold 0.050 | val_model raw | lr 0.001000
Epoch 35/60 | train_loss 0.9645 | union_precision 0.9375 | weighted_recall 0.4939 | union_precision 0.9375 | threshold 0.050 | val_model raw | lr 0.001000
Epoch 36/60 | train_loss 0.9551 | union_precision 0.9375 | weighted_recall 0.4939 | union_precision 0.9375 | threshold 0.050 | val_model raw | lr 0.001000
Epoch 37/60 | train_loss 0.9463 | union_precision 0.9375 | weighted_recall 0.4939 | union_precision 0.9375 | threshold 0.050 | val_model raw | lr 0.001000
Epoch 38/60 | train_loss 0.9410 | union_precision 0.9677 | weighted_recall 0.4815 | union_precision 0.9677 | threshold 0.050 | val_model raw | lr 0.001000
Epoch 39/60 | train_loss 0.9383 | union_precision 0.9677 | weighted_recall 0.5104 | union_precision 0.9677 | threshold 0.050 | val_model raw | lr 0.001000
Epoch 40/60 | train_loss 0.9287 | union_precision 0.9667 | weighted_recall 0.4693 | union_precision 0.9667 | threshold 0.050 | val_model raw | lr 0.001000
Epoch 41/60 | train_loss 0.9310 | union_precision 0.9667 | weighted_recall 0.4693 | union_precision 0.9667 | threshold 0.050 | val_model raw | lr 0.001000
Epoch 42/60 | train_loss 0.9180 | union_precision 0.9667 | weighted_recall 0.4693 | union_precision 0.9667 | threshold 0.050 | val_model raw | lr 0.001000
Epoch 43/60 | train_loss 0.9171 | union_precision 0.9667 | weighted_recall 0.4685 | union_precision 0.9667 | threshold 0.050 | val_model raw | lr 0.001000
Epoch 44/60 | train_loss 0.9122 | union_precision 0.9667 | weighted_recall 0.4685 | union_precision 0.9667 | threshold 0.050 | val_model raw | lr 0.001000
Epoch 45/60 | train_loss 0.8946 | union_precision 0.9655 | weighted_recall 0.4588 | union_precision 0.9655 | threshold 0.050 | val_model raw | lr 0.001000
Epoch 46/60 | train_loss 0.8931 | union_precision 0.9655 | weighted_recall 0.4588 | union_precision 0.9655 | threshold 0.050 | val_model raw | lr 0.001000
Epoch 47/60 | train_loss 0.8949 | union_precision 0.9655 | weighted_recall 0.4588 | union_precision 0.9655 | threshold 0.050 | val_model raw | lr 0.001000
Epoch 48/60 | train_loss 0.8892 | union_precision 0.9655 | weighted_recall 0.4588 | union_precision 0.9655 | threshold 0.050 | val_model raw | lr 0.001000
Epoch 49/60 | train_loss 0.8775 | union_precision 1.0000 | weighted_recall 0.4573 | union_precision 1.0000 | threshold 0.050 | val_model raw | lr 0.001000
Early stopping at epoch 49
Held-out M41-3 | union_precision=0.9677 | weighted_recall=0.5104 | consensus_recall=0.0000
Epoch 1/60 | train_loss 1.5225 | union_precision 0.8667 | weighted_recall 0.2899 | union_precision 0.8667 | threshold 0.550 | val_model raw | lr 0.001000
Epoch 2/60 | train_loss 1.4147 | union_precision 0.8214 | weighted_recall 0.3515 | union_precision 0.8214 | threshold 0.525 | val_model raw | lr 0.001000
Epoch 3/60 | train_loss 1.3431 | union_precision 0.8276 | weighted_recall 0.3793 | union_precision 0.8276 | threshold 0.525 | val_model raw | lr 0.001000
Epoch 4/60 | train_loss 1.2975 | union_precision 0.8261 | weighted_recall 0.3409 | union_precision 0.8261 | threshold 0.575 | val_model raw | lr 0.001000
Epoch 5/60 | train_loss 1.2788 | union_precision 0.8571 | weighted_recall 0.1662 | union_precision 0.8571 | threshold 0.625 | val_model raw | lr 0.001000
Epoch 6/60 | train_loss 1.2437 | union_precision 0.8333 | weighted_recall 0.3446 | union_precision 0.8333 | threshold 0.575 | val_model raw | lr 0.001000
Epoch 7/60 | train_loss 1.2321 | union_precision 0.8571 | weighted_recall 0.1662 | union_precision 0.8571 | threshold 0.650 | val_model raw | lr 0.001000
Epoch 8/60 | train_loss 1.2107 | union_precision 1.0000 | weighted_recall 0.1416 | union_precision 1.0000 | threshold 0.675 | val_model raw | lr 0.001000
Epoch 9/60 | train_loss 1.2014 | union_precision 1.0000 | weighted_recall 0.1416 | union_precision 1.0000 | threshold 0.675 | val_model raw | lr 0.001000
Epoch 10/60 | train_loss 1.1741 | union_precision 1.0000 | weighted_recall 0.1416 | union_precision 1.0000 | threshold 0.700 | val_model raw | lr 0.001000
Epoch 11/60 | train_loss 1.1683 | union_precision 1.0000 | weighted_recall 0.1416 | union_precision 1.0000 | threshold 0.725 | val_model raw | lr 0.001000
Early stopping at epoch 11
Held-out M41-4 | union_precision=0.8667 | weighted_recall=0.2899 | consensus_recall=0.0000
Epoch 1/60 | train_loss 1.5218 | union_precision 1.0000 | weighted_recall 0.0059 | union_precision 1.0000 | threshold 0.625 | val_model raw | lr 0.001000
Epoch 2/60 | train_loss 1.4099 | union_precision 0.8333 | weighted_recall 0.2961 | union_precision 0.8333 | threshold 0.525 | val_model raw | lr 0.001000
Epoch 3/60 | train_loss 1.3421 | union_precision 0.8333 | weighted_recall 0.2200 | union_precision 0.8333 | threshold 0.575 | val_model raw | lr 0.001000
Epoch 4/60 | train_loss 1.2943 | union_precision 0.8696 | weighted_recall 0.2593 | union_precision 0.8696 | threshold 0.575 | val_model raw | lr 0.001000
Epoch 5/60 | train_loss 1.2785 | union_precision 0.8696 | weighted_recall 0.2690 | union_precision 0.8696 | threshold 0.575 | val_model raw | lr 0.001000
Epoch 6/60 | train_loss 1.2424 | union_precision 0.8571 | weighted_recall 0.1956 | union_precision 0.8571 | threshold 0.600 | val_model raw | lr 0.001000
Epoch 7/60 | train_loss 1.2319 | union_precision 0.8667 | weighted_recall 0.2577 | union_precision 0.8667 | threshold 0.600 | val_model raw | lr 0.001000
Epoch 8/60 | train_loss 1.2115 | union_precision 1.0000 | weighted_recall 0.0093 | union_precision 1.0000 | threshold 0.675 | val_model raw | lr 0.001000
Epoch 9/60 | train_loss 1.2021 | union_precision 0.9024 | weighted_recall 0.5272 | union_precision 0.9024 | threshold 0.050 | val_model raw | lr 0.001000
Epoch 10/60 | train_loss 1.1732 | union_precision 0.9024 | weighted_recall 0.5217 | union_precision 0.9024 | threshold 0.050 | val_model raw | lr 0.001000
Epoch 11/60 | train_loss 1.1681 | union_precision 0.9250 | weighted_recall 0.4955 | union_precision 0.9250 | threshold 0.050 | val_model raw | lr 0.001000
Epoch 12/60 | train_loss 1.1554 | union_precision 0.9231 | weighted_recall 0.4826 | union_precision 0.9231 | threshold 0.050 | val_model raw | lr 0.001000
Epoch 13/60 | train_loss 1.1395 | union_precision 0.9231 | weighted_recall 0.4966 | union_precision 0.9231 | threshold 0.050 | val_model raw | lr 0.001000
Epoch 14/60 | train_loss 1.1262 | union_precision 0.9211 | weighted_recall 0.4936 | union_precision 0.9211 | threshold 0.050 | val_model raw | lr 0.001000
Epoch 15/60 | train_loss 1.1151 | union_precision 0.9211 | weighted_recall 0.4936 | union_precision 0.9211 | threshold 0.050 | val_model raw | lr 0.001000
Epoch 16/60 | train_loss 1.1072 | union_precision 0.9189 | weighted_recall 0.5039 | union_precision 0.9189 | threshold 0.050 | val_model raw | lr 0.001000
Epoch 17/60 | train_loss 1.0925 | union_precision 0.9459 | weighted_recall 0.5223 | union_precision 0.9459 | threshold 0.050 | val_model raw | lr 0.001000
Epoch 18/60 | train_loss 1.0881 | union_precision 0.9167 | weighted_recall 0.4892 | union_precision 0.9167 | threshold 0.050 | val_model raw | lr 0.001000
Epoch 19/60 | train_loss 1.0785 | union_precision 0.8919 | weighted_recall 0.4922 | union_precision 0.8919 | threshold 0.050 | val_model raw | lr 0.001000
Early stopping at epoch 19
Held-out M50-1 | union_precision=0.9024 | weighted_recall=0.5272 | consensus_recall=0.0000
Epoch 1/60 | train_loss 1.5208 | union_precision 0.9020 | weighted_recall 0.2644 | union_precision 0.9020 | threshold 0.050 | val_model raw | lr 0.001000
Epoch 2/60 | train_loss 1.4106 | union_precision 0.9000 | weighted_recall 0.2282 | union_precision 0.9000 | threshold 0.050 | val_model raw | lr 0.001000
Epoch 3/60 | train_loss 1.3406 | union_precision 0.8600 | weighted_recall 0.2332 | union_precision 0.8600 | threshold 0.050 | val_model raw | lr 0.001000
Epoch 4/60 | train_loss 1.2934 | union_precision 0.8571 | weighted_recall 0.2146 | union_precision 0.8571 | threshold 0.425 | val_model raw | lr 0.001000
Epoch 5/60 | train_loss 1.2799 | union_precision 0.8654 | weighted_recall 0.2150 | union_precision 0.8654 | threshold 0.050 | val_model raw | lr 0.001000
Epoch 6/60 | train_loss 1.2428 | union_precision 0.8600 | weighted_recall 0.2249 | union_precision 0.8600 | threshold 0.050 | val_model raw | lr 0.001000
Epoch 7/60 | train_loss 1.2325 | union_precision 0.8958 | weighted_recall 0.2422 | union_precision 0.8958 | threshold 0.050 | val_model raw | lr 0.001000
Epoch 8/60 | train_loss 1.2120 | union_precision 0.8750 | weighted_recall 0.2731 | union_precision 0.8750 | threshold 0.050 | val_model raw | lr 0.001000
Epoch 9/60 | train_loss 1.2016 | union_precision 0.9167 | weighted_recall 0.2713 | union_precision 0.9167 | threshold 0.050 | val_model raw | lr 0.001000
Epoch 10/60 | train_loss 1.1750 | union_precision 0.9149 | weighted_recall 0.2965 | union_precision 0.9149 | threshold 0.050 | val_model raw | lr 0.001000
Epoch 11/60 | train_loss 1.1655 | union_precision 0.9167 | weighted_recall 0.3081 | union_precision 0.9167 | threshold 0.050 | val_model raw | lr 0.001000
Epoch 12/60 | train_loss 1.1535 | union_precision 0.9000 | weighted_recall 0.2841 | union_precision 0.9000 | threshold 0.050 | val_model raw | lr 0.001000
Epoch 13/60 | train_loss 1.1400 | union_precision 0.9400 | weighted_recall 0.2960 | union_precision 0.9400 | threshold 0.050 | val_model raw | lr 0.001000
Epoch 14/60 | train_loss 1.1257 | union_precision 0.9400 | weighted_recall 0.2954 | union_precision 0.9400 | threshold 0.050 | val_model raw | lr 0.001000
Epoch 15/60 | train_loss 1.1139 | union_precision 0.9388 | weighted_recall 0.3343 | union_precision 0.9388 | threshold 0.050 | val_model raw | lr 0.001000
Epoch 16/60 | train_loss 1.1086 | union_precision 0.9388 | weighted_recall 0.3343 | union_precision 0.9388 | threshold 0.050 | val_model raw | lr 0.001000
Epoch 17/60 | train_loss 1.0933 | union_precision 0.9412 | weighted_recall 0.3289 | union_precision 0.9412 | threshold 0.050 | val_model raw | lr 0.001000
Epoch 18/60 | train_loss 1.0871 | union_precision 0.9000 | weighted_recall 0.3129 | union_precision 0.9000 | threshold 0.050 | val_model raw | lr 0.001000
Epoch 19/60 | train_loss 1.0789 | union_precision 0.9184 | weighted_recall 0.3224 | union_precision 0.9184 | threshold 0.050 | val_model raw | lr 0.001000
Epoch 20/60 | train_loss 1.0720 | union_precision 0.9184 | weighted_recall 0.3224 | union_precision 0.9184 | threshold 0.050 | val_model raw | lr 0.001000
Epoch 21/60 | train_loss 1.0633 | union_precision 0.9200 | weighted_recall 0.3517 | union_precision 0.9200 | threshold 0.050 | val_model raw | lr 0.001000
Epoch 22/60 | train_loss 1.0568 | union_precision 0.9200 | weighted_recall 0.3517 | union_precision 0.9200 | threshold 0.050 | val_model raw | lr 0.001000
Epoch 23/60 | train_loss 1.0385 | union_precision 0.9400 | weighted_recall 0.3537 | union_precision 0.9400 | threshold 0.050 | val_model raw | lr 0.001000
Epoch 24/60 | train_loss 1.0370 | union_precision 0.9388 | weighted_recall 0.3359 | union_precision 0.9388 | threshold 0.050 | val_model raw | lr 0.001000
Epoch 25/60 | train_loss 1.0262 | union_precision 0.9400 | weighted_recall 0.3409 | union_precision 0.9400 | threshold 0.050 | val_model raw | lr 0.001000
Epoch 26/60 | train_loss 1.0242 | union_precision 0.9375 | weighted_recall 0.3363 | union_precision 0.9375 | threshold 0.050 | val_model raw | lr 0.001000
Epoch 27/60 | train_loss 1.0158 | union_precision 0.9362 | weighted_recall 0.3366 | union_precision 0.9362 | threshold 0.300 | val_model raw | lr 0.001000
Epoch 28/60 | train_loss 1.0055 | union_precision 0.8913 | weighted_recall 0.2967 | union_precision 0.8913 | threshold 0.300 | val_model raw | lr 0.001000
Epoch 29/60 | train_loss 0.9994 | union_precision 0.8750 | weighted_recall 0.3057 | union_precision 0.8750 | threshold 0.300 | val_model raw | lr 0.001000
Epoch 30/60 | train_loss 1.0090 | union_precision 0.8936 | weighted_recall 0.3057 | union_precision 0.8936 | threshold 0.275 | val_model raw | lr 0.001000
Epoch 31/60 | train_loss 0.9844 | union_precision 0.8913 | weighted_recall 0.3021 | union_precision 0.8913 | threshold 0.275 | val_model raw | lr 0.001000
Epoch 32/60 | train_loss 0.9855 | union_precision 0.9130 | weighted_recall 0.3087 | union_precision 0.9130 | threshold 0.275 | val_model raw | lr 0.001000
Epoch 33/60 | train_loss 0.9681 | union_precision 0.9348 | weighted_recall 0.3157 | union_precision 0.9348 | threshold 0.275 | val_model raw | lr 0.001000
Early stopping at epoch 33
Held-out M50-2 | union_precision=0.9400 | weighted_recall=0.3537 | consensus_recall=0.0000
Epoch 1/60 | train_loss 1.5301 | union_precision 0.8667 | weighted_recall 0.0979 | union_precision 0.8667 | threshold 0.525 | val_model raw | lr 0.001000
Epoch 2/60 | train_loss 1.4185 | union_precision 0.8523 | weighted_recall 0.3266 | union_precision 0.8523 | threshold 0.450 | val_model raw | lr 0.001000
Epoch 3/60 | train_loss 1.3465 | union_precision 0.9444 | weighted_recall 0.4024 | union_precision 0.9444 | threshold 0.050 | val_model raw | lr 0.001000
Epoch 4/60 | train_loss 1.3016 | union_precision 0.9341 | weighted_recall 0.4319 | union_precision 0.9341 | threshold 0.050 | val_model raw | lr 0.001000
Epoch 5/60 | train_loss 1.2843 | union_precision 0.9457 | weighted_recall 0.5081 | union_precision 0.9457 | threshold 0.050 | val_model raw | lr 0.001000
Epoch 6/60 | train_loss 1.2502 | union_precision 0.9681 | weighted_recall 0.5367 | union_precision 0.9681 | threshold 0.050 | val_model raw | lr 0.001000
Epoch 7/60 | train_loss 1.2389 | union_precision 0.9789 | weighted_recall 0.5391 | union_precision 0.9789 | threshold 0.050 | val_model raw | lr 0.001000
Epoch 8/60 | train_loss 1.2167 | union_precision 0.9896 | weighted_recall 0.5460 | union_precision 0.9896 | threshold 0.050 | val_model raw | lr 0.001000
Epoch 9/60 | train_loss 1.2058 | union_precision 0.9792 | weighted_recall 0.5182 | union_precision 0.9792 | threshold 0.050 | val_model raw | lr 0.001000
Epoch 10/60 | train_loss 1.1798 | union_precision 0.9792 | weighted_recall 0.5195 | union_precision 0.9792 | threshold 0.050 | val_model raw | lr 0.001000
Epoch 11/60 | train_loss 1.1735 | union_precision 0.9794 | weighted_recall 0.5215 | union_precision 0.9794 | threshold 0.050 | val_model raw | lr 0.001000
Epoch 12/60 | train_loss 1.1594 | union_precision 0.9792 | weighted_recall 0.5197 | union_precision 0.9792 | threshold 0.050 | val_model raw | lr 0.001000
Epoch 13/60 | train_loss 1.1474 | union_precision 0.9792 | weighted_recall 0.5202 | union_precision 0.9792 | threshold 0.050 | val_model raw | lr 0.001000
Epoch 14/60 | train_loss 1.1339 | union_precision 0.9792 | weighted_recall 0.5202 | union_precision 0.9792 | threshold 0.050 | val_model raw | lr 0.001000
Epoch 15/60 | train_loss 1.1213 | union_precision 0.9789 | weighted_recall 0.5175 | union_precision 0.9789 | threshold 0.275 | val_model raw | lr 0.001000
Epoch 16/60 | train_loss 1.1151 | union_precision 0.9895 | weighted_recall 0.5246 | union_precision 0.9895 | threshold 0.250 | val_model raw | lr 0.001000
Epoch 17/60 | train_loss 1.1014 | union_precision 0.9892 | weighted_recall 0.5146 | union_precision 0.9892 | threshold 0.225 | val_model raw | lr 0.001000
Epoch 18/60 | train_loss 1.0929 | union_precision 0.9891 | weighted_recall 0.5107 | union_precision 0.9891 | threshold 0.200 | val_model raw | lr 0.001000
Early stopping at epoch 18
Held-out M50-3 | union_precision=0.9896 | weighted_recall=0.5460 | consensus_recall=0.0000
Epoch 1/60 | train_loss 1.5248 | union_precision 1.0000 | weighted_recall 0.0006 | union_precision 1.0000 | threshold 0.575 | val_model raw | lr 0.001000
Epoch 2/60 | train_loss 1.4097 | union_precision 0.8630 | weighted_recall 0.2968 | union_precision 0.8630 | threshold 0.050 | val_model raw | lr 0.001000
Epoch 3/60 | train_loss 1.3415 | union_precision 0.8684 | weighted_recall 0.2837 | union_precision 0.8684 | threshold 0.400 | val_model raw | lr 0.001000
Epoch 4/60 | train_loss 1.2963 | union_precision 0.8846 | weighted_recall 0.3051 | union_precision 0.8846 | threshold 0.425 | val_model raw | lr 0.001000
Epoch 5/60 | train_loss 1.2764 | union_precision 0.9000 | weighted_recall 0.3712 | union_precision 0.9000 | threshold 0.050 | val_model raw | lr 0.001000
Epoch 6/60 | train_loss 1.2398 | union_precision 0.8987 | weighted_recall 0.3731 | union_precision 0.8987 | threshold 0.050 | val_model raw | lr 0.001000
Epoch 7/60 | train_loss 1.2264 | union_precision 0.9114 | weighted_recall 0.3744 | union_precision 0.9114 | threshold 0.050 | val_model raw | lr 0.001000
Epoch 8/60 | train_loss 1.2045 | union_precision 0.9125 | weighted_recall 0.3384 | union_precision 0.9125 | threshold 0.050 | val_model raw | lr 0.001000
Epoch 9/60 | train_loss 1.1978 | union_precision 0.9114 | weighted_recall 0.3105 | union_precision 0.9114 | threshold 0.050 | val_model raw | lr 0.001000
Epoch 10/60 | train_loss 1.1680 | union_precision 0.9012 | weighted_recall 0.3320 | union_precision 0.9012 | threshold 0.050 | val_model raw | lr 0.001000
Epoch 11/60 | train_loss 1.1604 | union_precision 0.9079 | weighted_recall 0.3158 | union_precision 0.9079 | threshold 0.425 | val_model raw | lr 0.001000
Epoch 12/60 | train_loss 1.1460 | union_precision 0.9091 | weighted_recall 0.3105 | union_precision 0.9091 | threshold 0.425 | val_model raw | lr 0.001000
Epoch 13/60 | train_loss 1.1376 | union_precision 0.9189 | weighted_recall 0.2945 | union_precision 0.9189 | threshold 0.425 | val_model raw | lr 0.001000
Epoch 14/60 | train_loss 1.1200 | union_precision 0.9296 | weighted_recall 0.2984 | union_precision 0.9296 | threshold 0.425 | val_model raw | lr 0.001000
Epoch 15/60 | train_loss 1.1093 | union_precision 0.9315 | weighted_recall 0.2876 | union_precision 0.9315 | threshold 0.400 | val_model raw | lr 0.001000
Epoch 16/60 | train_loss 1.1036 | union_precision 0.9577 | weighted_recall 0.2942 | union_precision 0.9577 | threshold 0.375 | val_model raw | lr 0.001000
Epoch 17/60 | train_loss 1.0900 | union_precision 0.9559 | weighted_recall 0.2820 | union_precision 0.9559 | threshold 0.375 | val_model raw | lr 0.001000
Early stopping at epoch 17
Held-out M56-1 | union_precision=0.9114 | weighted_recall=0.3744 | consensus_recall=1.0000
Epoch 1/60 | train_loss 1.5217 | union_precision 1.0000 | weighted_recall 0.0216 | union_precision 1.0000 | threshold 0.525 | val_model raw | lr 0.001000
Epoch 2/60 | train_loss 1.4080 | union_precision 1.0000 | weighted_recall 0.0216 | union_precision 1.0000 | threshold 0.550 | val_model raw | lr 0.001000
Epoch 3/60 | train_loss 1.3390 | union_precision 1.0000 | weighted_recall 0.0216 | union_precision 1.0000 | threshold 0.575 | val_model raw | lr 0.001000
Epoch 4/60 | train_loss 1.2950 | union_precision 1.0000 | weighted_recall 0.0216 | union_precision 1.0000 | threshold 0.575 | val_model raw | lr 0.001000
Epoch 5/60 | train_loss 1.2754 | union_precision 1.0000 | weighted_recall 0.0216 | union_precision 1.0000 | threshold 0.600 | val_model raw | lr 0.001000
Epoch 6/60 | train_loss 1.2431 | union_precision 0.9167 | weighted_recall 0.0871 | union_precision 0.9167 | threshold 0.575 | val_model raw | lr 0.001000
Epoch 7/60 | train_loss 1.2274 | union_precision 1.0000 | weighted_recall 0.0276 | union_precision 1.0000 | threshold 0.600 | val_model raw | lr 0.001000
Epoch 8/60 | train_loss 1.2047 | union_precision 1.0000 | weighted_recall 0.0209 | union_precision 1.0000 | threshold 0.625 | val_model raw | lr 0.001000
Epoch 9/60 | train_loss 1.1979 | union_precision 1.0000 | weighted_recall 0.0269 | union_precision 1.0000 | threshold 0.625 | val_model raw | lr 0.001000
Epoch 10/60 | train_loss 1.1660 | union_precision 0.8529 | weighted_recall 0.2285 | union_precision 0.8529 | threshold 0.450 | val_model raw | lr 0.001000
Epoch 11/60 | train_loss 1.1618 | union_precision 0.8438 | weighted_recall 0.1525 | union_precision 0.8438 | threshold 0.475 | val_model raw | lr 0.001000
Epoch 12/60 | train_loss 1.1458 | union_precision 0.8125 | weighted_recall 0.1640 | union_precision 0.8125 | threshold 0.500 | val_model raw | lr 0.001000
Epoch 13/60 | train_loss 1.1376 | union_precision 1.0000 | weighted_recall 0.0060 | union_precision 1.0000 | threshold 0.700 | val_model raw | lr 0.001000
Epoch 14/60 | train_loss 1.1199 | union_precision 0.7895 | weighted_recall 0.0975 | union_precision 0.7895 | threshold 0.625 | val_model raw | lr 0.001000
Epoch 15/60 | train_loss 1.1116 | union_precision 0.7500 | weighted_recall 0.0975 | union_precision 0.7500 | threshold 0.625 | val_model raw | lr 0.001000
Epoch 16/60 | train_loss 1.1055 | union_precision 0.7500 | weighted_recall 0.0632 | union_precision 0.7500 | threshold 0.650 | val_model raw | lr 0.001000
Epoch 17/60 | train_loss 1.0906 | union_precision 0.7500 | weighted_recall 0.0093 | union_precision 0.7500 | threshold 0.725 | val_model raw | lr 0.001000
Epoch 18/60 | train_loss 1.0827 | union_precision 0.7500 | weighted_recall 0.0093 | union_precision 0.7500 | threshold 0.725 | val_model raw | lr 0.001000
Epoch 19/60 | train_loss 1.0757 | union_precision 0.7500 | weighted_recall 0.0093 | union_precision 0.7500 | threshold 0.750 | val_model raw | lr 0.001000
Epoch 20/60 | train_loss 1.0655 | union_precision 0.7500 | weighted_recall 0.0093 | union_precision 0.7500 | threshold 0.750 | val_model raw | lr 0.001000
Early stopping at epoch 20
Held-out M56-2 | union_precision=0.8529 | weighted_recall=0.2285 | consensus_recall=0.0000
Epoch 1/60 | train_loss 1.5255 | union_precision 0.8837 | weighted_recall 0.3230 | union_precision 0.8837 | threshold 0.050 | val_model raw | lr 0.001000
Epoch 2/60 | train_loss 1.4144 | union_precision 0.9059 | weighted_recall 0.3077 | union_precision 0.9059 | threshold 0.050 | val_model raw | lr 0.001000
Epoch 3/60 | train_loss 1.3468 | union_precision 0.9080 | weighted_recall 0.3295 | union_precision 0.9080 | threshold 0.050 | val_model raw | lr 0.001000
Epoch 4/60 | train_loss 1.3037 | union_precision 0.8966 | weighted_recall 0.3822 | union_precision 0.8966 | threshold 0.050 | val_model raw | lr 0.001000
Epoch 5/60 | train_loss 1.2850 | union_precision 0.8764 | weighted_recall 0.3912 | union_precision 0.8764 | threshold 0.050 | val_model raw | lr 0.001000
Epoch 6/60 | train_loss 1.2511 | union_precision 0.8901 | weighted_recall 0.4604 | union_precision 0.8901 | threshold 0.050 | val_model raw | lr 0.001000
Epoch 7/60 | train_loss 1.2326 | union_precision 0.8737 | weighted_recall 0.4545 | union_precision 0.8737 | threshold 0.050 | val_model raw | lr 0.001000
Epoch 8/60 | train_loss 1.2153 | union_precision 0.8571 | weighted_recall 0.4660 | union_precision 0.8571 | threshold 0.050 | val_model raw | lr 0.001000
Epoch 9/60 | train_loss 1.2051 | union_precision 0.8557 | weighted_recall 0.4519 | union_precision 0.8557 | threshold 0.050 | val_model raw | lr 0.001000
Epoch 10/60 | train_loss 1.1741 | union_precision 0.8602 | weighted_recall 0.4247 | union_precision 0.8602 | threshold 0.050 | val_model raw | lr 0.001000
Epoch 11/60 | train_loss 1.1669 | union_precision 0.8605 | weighted_recall 0.3905 | union_precision 0.8605 | threshold 0.475 | val_model raw | lr 0.001000
Epoch 12/60 | train_loss 1.1524 | union_precision 0.8605 | weighted_recall 0.3905 | union_precision 0.8605 | threshold 0.475 | val_model raw | lr 0.001000
Epoch 13/60 | train_loss 1.1453 | union_precision 0.8817 | weighted_recall 0.4283 | union_precision 0.8817 | threshold 0.050 | val_model raw | lr 0.001000
Epoch 14/60 | train_loss 1.1266 | union_precision 0.9032 | weighted_recall 0.4630 | union_precision 0.9032 | threshold 0.050 | val_model raw | lr 0.001000
Epoch 15/60 | train_loss 1.1225 | union_precision 0.8925 | weighted_recall 0.4583 | union_precision 0.8925 | threshold 0.050 | val_model raw | lr 0.001000
Epoch 16/60 | train_loss 1.1114 | union_precision 0.9032 | weighted_recall 0.4690 | union_precision 0.9032 | threshold 0.050 | val_model raw | lr 0.001000
Epoch 17/60 | train_loss 1.0978 | union_precision 0.8925 | weighted_recall 0.4777 | union_precision 0.8925 | threshold 0.050 | val_model raw | lr 0.001000
Epoch 18/60 | train_loss 1.0873 | union_precision 0.8936 | weighted_recall 0.4884 | union_precision 0.8936 | threshold 0.050 | val_model raw | lr 0.001000
Epoch 19/60 | train_loss 1.0801 | union_precision 0.8830 | weighted_recall 0.4975 | union_precision 0.8830 | threshold 0.050 | val_model raw | lr 0.001000
Epoch 20/60 | train_loss 1.0750 | union_precision 0.8830 | weighted_recall 0.5093 | union_precision 0.8830 | threshold 0.050 | val_model raw | lr 0.001000
Epoch 21/60 | train_loss 1.0559 | union_precision 0.9022 | weighted_recall 0.5099 | union_precision 0.9022 | threshold 0.050 | val_model raw | lr 0.001000
Epoch 22/60 | train_loss 1.0541 | union_precision 0.9022 | weighted_recall 0.5099 | union_precision 0.9022 | threshold 0.050 | val_model raw | lr 0.001000
Epoch 23/60 | train_loss 1.0385 | union_precision 0.9121 | weighted_recall 0.5139 | union_precision 0.9121 | threshold 0.050 | val_model raw | lr 0.001000
Epoch 24/60 | train_loss 1.0381 | union_precision 0.9231 | weighted_recall 0.5168 | union_precision 0.9231 | threshold 0.325 | val_model raw | lr 0.001000
Epoch 25/60 | train_loss 1.0249 | union_precision 0.9231 | weighted_recall 0.5168 | union_precision 0.9231 | threshold 0.300 | val_model raw | lr 0.001000
Epoch 26/60 | train_loss 1.0268 | union_precision 0.9130 | weighted_recall 0.5168 | union_precision 0.9130 | threshold 0.050 | val_model raw | lr 0.001000
Epoch 27/60 | train_loss 1.0169 | union_precision 0.9111 | weighted_recall 0.5112 | union_precision 0.9111 | threshold 0.050 | val_model raw | lr 0.001000
Epoch 28/60 | train_loss 1.0028 | union_precision 0.9111 | weighted_recall 0.5112 | union_precision 0.9111 | threshold 0.050 | val_model raw | lr 0.001000
Epoch 29/60 | train_loss 0.9988 | union_precision 0.9111 | weighted_recall 0.5112 | union_precision 0.9111 | threshold 0.050 | val_model raw | lr 0.001000
Epoch 30/60 | train_loss 1.0010 | union_precision 0.9111 | weighted_recall 0.5112 | union_precision 0.9111 | threshold 0.050 | val_model raw | lr 0.001000
Epoch 31/60 | train_loss 0.9826 | union_precision 0.9213 | weighted_recall 0.5250 | union_precision 0.9213 | threshold 0.050 | val_model raw | lr 0.001000
Epoch 32/60 | train_loss 0.9813 | union_precision 0.9205 | weighted_recall 0.5165 | union_precision 0.9205 | threshold 0.050 | val_model raw | lr 0.001000
Epoch 33/60 | train_loss 0.9667 | union_precision 0.9205 | weighted_recall 0.5165 | union_precision 0.9205 | threshold 0.050 | val_model raw | lr 0.001000
Epoch 34/60 | train_loss 0.9688 | union_precision 0.9310 | weighted_recall 0.5198 | union_precision 0.9310 | threshold 0.200 | val_model raw | lr 0.001000
Epoch 35/60 | train_loss 0.9627 | union_precision 0.9310 | weighted_recall 0.5198 | union_precision 0.9310 | threshold 0.200 | val_model raw | lr 0.001000
Epoch 36/60 | train_loss 0.9508 | union_precision 0.9302 | weighted_recall 0.5193 | union_precision 0.9302 | threshold 0.200 | val_model raw | lr 0.001000
Epoch 37/60 | train_loss 0.9443 | union_precision 0.9302 | weighted_recall 0.5159 | union_precision 0.9302 | threshold 0.050 | val_model raw | lr 0.001000
Epoch 38/60 | train_loss 0.9350 | union_precision 0.9405 | weighted_recall 0.5112 | union_precision 0.9405 | threshold 0.175 | val_model raw | lr 0.001000
Epoch 39/60 | train_loss 0.9336 | union_precision 0.9405 | weighted_recall 0.5112 | union_precision 0.9405 | threshold 0.175 | val_model raw | lr 0.001000
Epoch 40/60 | train_loss 0.9231 | union_precision 0.9412 | weighted_recall 0.5114 | union_precision 0.9412 | threshold 0.175 | val_model raw | lr 0.001000
Epoch 41/60 | train_loss 0.9277 | union_precision 0.9412 | weighted_recall 0.5114 | union_precision 0.9412 | threshold 0.175 | val_model raw | lr 0.001000
Early stopping at epoch 41
Held-out M56-3 | union_precision=0.9213 | weighted_recall=0.5250 | consensus_recall=0.0000
Epoch 1/60 | train_loss 1.5197 | union_precision 0.8727 | weighted_recall 0.3429 | union_precision 0.8727 | threshold 0.050 | val_model raw | lr 0.001000
Epoch 2/60 | train_loss 1.4108 | union_precision 0.9074 | weighted_recall 0.3648 | union_precision 0.9074 | threshold 0.050 | val_model raw | lr 0.001000
Epoch 3/60 | train_loss 1.3417 | union_precision 0.9107 | weighted_recall 0.4019 | union_precision 0.9107 | threshold 0.050 | val_model raw | lr 0.001000
Epoch 4/60 | train_loss 1.2974 | union_precision 0.9107 | weighted_recall 0.4116 | union_precision 0.9107 | threshold 0.050 | val_model raw | lr 0.001000
Epoch 5/60 | train_loss 1.2778 | union_precision 0.8889 | weighted_recall 0.3760 | union_precision 0.8889 | threshold 0.050 | val_model raw | lr 0.001000
Epoch 6/60 | train_loss 1.2436 | union_precision 0.8679 | weighted_recall 0.3560 | union_precision 0.8679 | threshold 0.050 | val_model raw | lr 0.001000
Epoch 7/60 | train_loss 1.2235 | union_precision 0.8824 | weighted_recall 0.3429 | union_precision 0.8824 | threshold 0.050 | val_model raw | lr 0.001000
Epoch 8/60 | train_loss 1.2080 | union_precision 0.8600 | weighted_recall 0.3257 | union_precision 0.8600 | threshold 0.050 | val_model raw | lr 0.001000
Epoch 9/60 | train_loss 1.1964 | union_precision 0.8654 | weighted_recall 0.3394 | union_precision 0.8654 | threshold 0.050 | val_model raw | lr 0.001000
Epoch 10/60 | train_loss 1.1669 | union_precision 0.8800 | weighted_recall 0.3162 | union_precision 0.8800 | threshold 0.400 | val_model raw | lr 0.001000
Epoch 11/60 | train_loss 1.1588 | union_precision 0.8600 | weighted_recall 0.3014 | union_precision 0.8600 | threshold 0.400 | val_model raw | lr 0.001000
Epoch 12/60 | train_loss 1.1466 | union_precision 0.8600 | weighted_recall 0.3058 | union_precision 0.8600 | threshold 0.375 | val_model raw | lr 0.001000
Epoch 13/60 | train_loss 1.1370 | union_precision 0.8750 | weighted_recall 0.3072 | union_precision 0.8750 | threshold 0.475 | val_model raw | lr 0.001000
Epoch 14/60 | train_loss 1.1185 | union_precision 0.8600 | weighted_recall 0.3196 | union_precision 0.8600 | threshold 0.350 | val_model raw | lr 0.001000
Early stopping at epoch 14
Held-out M59-1 | union_precision=0.9107 | weighted_recall=0.4116 | consensus_recall=0.0000
Epoch 1/60 | train_loss 1.5174 | union_precision 0.9500 | weighted_recall 0.3728 | union_precision 0.9500 | threshold 0.050 | val_model raw | lr 0.001000
Epoch 2/60 | train_loss 1.4121 | union_precision 0.9268 | weighted_recall 0.4077 | union_precision 0.9268 | threshold 0.050 | val_model raw | lr 0.001000
Epoch 3/60 | train_loss 1.3426 | union_precision 0.9302 | weighted_recall 0.4558 | union_precision 0.9302 | threshold 0.050 | val_model raw | lr 0.001000
Epoch 4/60 | train_loss 1.2997 | union_precision 0.9302 | weighted_recall 0.4261 | union_precision 0.9302 | threshold 0.050 | val_model raw | lr 0.001000
Epoch 5/60 | train_loss 1.2799 | union_precision 0.9091 | weighted_recall 0.4258 | union_precision 0.9091 | threshold 0.050 | val_model raw | lr 0.001000
Epoch 6/60 | train_loss 1.2452 | union_precision 0.9091 | weighted_recall 0.4143 | union_precision 0.9091 | threshold 0.050 | val_model raw | lr 0.001000
Epoch 7/60 | train_loss 1.2253 | union_precision 0.9091 | weighted_recall 0.3893 | union_precision 0.9091 | threshold 0.050 | val_model raw | lr 0.001000
Epoch 8/60 | train_loss 1.2127 | union_precision 0.9268 | weighted_recall 0.3987 | union_precision 0.9268 | threshold 0.050 | val_model raw | lr 0.001000
Epoch 9/60 | train_loss 1.1982 | union_precision 0.9512 | weighted_recall 0.4211 | union_precision 0.9512 | threshold 0.050 | val_model raw | lr 0.001000
Epoch 10/60 | train_loss 1.1700 | union_precision 0.9500 | weighted_recall 0.4163 | union_precision 0.9500 | threshold 0.050 | val_model raw | lr 0.001000
Epoch 11/60 | train_loss 1.1597 | union_precision 1.0000 | weighted_recall 0.4053 | union_precision 1.0000 | threshold 0.050 | val_model raw | lr 0.001000
Epoch 12/60 | train_loss 1.1514 | union_precision 1.0000 | weighted_recall 0.3552 | union_precision 1.0000 | threshold 0.400 | val_model raw | lr 0.001000
Epoch 13/60 | train_loss 1.1413 | union_precision 1.0000 | weighted_recall 0.3686 | union_precision 1.0000 | threshold 0.400 | val_model raw | lr 0.001000
Early stopping at epoch 13
Held-out M59-2 | union_precision=0.9302 | weighted_recall=0.4558 | consensus_recall=0.0000
Epoch 1/60 | train_loss 1.5190 | union_precision 0.8947 | weighted_recall 0.0678 | union_precision 0.8947 | threshold 0.525 | val_model raw | lr 0.001000
Epoch 2/60 | train_loss 1.4118 | union_precision 1.0000 | weighted_recall 0.0221 | union_precision 1.0000 | threshold 0.550 | val_model raw | lr 0.001000
Epoch 3/60 | train_loss 1.3437 | union_precision 0.9077 | weighted_recall 0.4050 | union_precision 0.9077 | threshold 0.450 | val_model raw | lr 0.001000
Epoch 4/60 | train_loss 1.3028 | union_precision 0.9412 | weighted_recall 0.4838 | union_precision 0.9412 | threshold 0.050 | val_model raw | lr 0.001000
Epoch 5/60 | train_loss 1.2832 | union_precision 0.9412 | weighted_recall 0.4838 | union_precision 0.9412 | threshold 0.050 | val_model raw | lr 0.001000
Epoch 6/60 | train_loss 1.2509 | union_precision 0.9412 | weighted_recall 0.4840 | union_precision 0.9412 | threshold 0.050 | val_model raw | lr 0.001000
Epoch 7/60 | train_loss 1.2246 | union_precision 0.9565 | weighted_recall 0.4950 | union_precision 0.9565 | threshold 0.050 | val_model raw | lr 0.001000
Epoch 8/60 | train_loss 1.2147 | union_precision 0.9565 | weighted_recall 0.4950 | union_precision 0.9565 | threshold 0.050 | val_model raw | lr 0.001000
Epoch 9/60 | train_loss 1.1980 | union_precision 0.9565 | weighted_recall 0.4950 | union_precision 0.9565 | threshold 0.050 | val_model raw | lr 0.001000
Epoch 10/60 | train_loss 1.1738 | union_precision 0.9559 | weighted_recall 0.5005 | union_precision 0.9559 | threshold 0.050 | val_model raw | lr 0.001000
Epoch 11/60 | train_loss 1.1615 | union_precision 0.9559 | weighted_recall 0.5005 | union_precision 0.9559 | threshold 0.050 | val_model raw | lr 0.001000
Epoch 12/60 | train_loss 1.1526 | union_precision 0.9565 | weighted_recall 0.5251 | union_precision 0.9565 | threshold 0.050 | val_model raw | lr 0.001000
Epoch 13/60 | train_loss 1.1423 | union_precision 0.9559 | weighted_recall 0.5153 | union_precision 0.9559 | threshold 0.050 | val_model raw | lr 0.001000
Epoch 14/60 | train_loss 1.1235 | union_precision 0.9559 | weighted_recall 0.5175 | union_precision 0.9559 | threshold 0.050 | val_model raw | lr 0.001000
Epoch 15/60 | train_loss 1.1195 | union_precision 0.9552 | weighted_recall 0.4909 | union_precision 0.9552 | threshold 0.050 | val_model raw | lr 0.001000
Epoch 16/60 | train_loss 1.1051 | union_precision 0.9552 | weighted_recall 0.5007 | union_precision 0.9552 | threshold 0.050 | val_model raw | lr 0.001000
Epoch 17/60 | train_loss 1.0994 | union_precision 0.9559 | weighted_recall 0.5105 | union_precision 0.9559 | threshold 0.050 | val_model raw | lr 0.001000
Epoch 18/60 | train_loss 1.0870 | union_precision 0.9552 | weighted_recall 0.5009 | union_precision 0.9552 | threshold 0.050 | val_model raw | lr 0.001000
Epoch 19/60 | train_loss 1.0784 | union_precision 0.9412 | weighted_recall 0.4973 | union_precision 0.9412 | threshold 0.050 | val_model raw | lr 0.001000
Epoch 20/60 | train_loss 1.0764 | union_precision 0.9412 | weighted_recall 0.4973 | union_precision 0.9412 | threshold 0.050 | val_model raw | lr 0.001000
Epoch 21/60 | train_loss 1.0569 | union_precision 0.9412 | weighted_recall 0.4962 | union_precision 0.9412 | threshold 0.050 | val_model raw | lr 0.001000
Epoch 22/60 | train_loss 1.0546 | union_precision 0.9412 | weighted_recall 0.4927 | union_precision 0.9412 | threshold 0.050 | val_model raw | lr 0.001000
Early stopping at epoch 22
Held-out M59-3 | union_precision=0.9565 | weighted_recall=0.5251 | consensus_recall=0.5000
Epoch 1/60 | train_loss 1.5202 | union_precision 1.0000 | weighted_recall 0.0038 | union_precision 1.0000 | threshold 0.600 | val_model raw | lr 0.001000
Epoch 2/60 | train_loss 1.4090 | union_precision 0.8571 | weighted_recall 0.0574 | union_precision 0.8571 | threshold 0.550 | val_model raw | lr 0.001000
Epoch 3/60 | train_loss 1.3378 | union_precision 0.8500 | weighted_recall 0.3083 | union_precision 0.8500 | threshold 0.050 | val_model raw | lr 0.001000
Epoch 4/60 | train_loss 1.2964 | union_precision 0.9048 | weighted_recall 0.3756 | union_precision 0.9048 | threshold 0.050 | val_model raw | lr 0.001000
Epoch 5/60 | train_loss 1.2787 | union_precision 0.8810 | weighted_recall 0.3541 | union_precision 0.8810 | threshold 0.050 | val_model raw | lr 0.001000
Epoch 6/60 | train_loss 1.2466 | union_precision 0.8810 | weighted_recall 0.3541 | union_precision 0.8810 | threshold 0.050 | val_model raw | lr 0.001000
Epoch 7/60 | train_loss 1.2220 | union_precision 0.9048 | weighted_recall 0.3705 | union_precision 0.9048 | threshold 0.050 | val_model raw | lr 0.001000
Epoch 8/60 | train_loss 1.2092 | union_precision 0.9487 | weighted_recall 0.3315 | union_precision 0.9487 | threshold 0.050 | val_model raw | lr 0.001000
Epoch 9/60 | train_loss 1.1944 | union_precision 0.9250 | weighted_recall 0.3374 | union_precision 0.9250 | threshold 0.050 | val_model raw | lr 0.001000
Epoch 10/60 | train_loss 1.1696 | union_precision 0.9268 | weighted_recall 0.3524 | union_precision 0.9268 | threshold 0.050 | val_model raw | lr 0.001000
Epoch 11/60 | train_loss 1.1582 | union_precision 0.9286 | weighted_recall 0.3541 | union_precision 0.9286 | threshold 0.050 | val_model raw | lr 0.001000
Epoch 12/60 | train_loss 1.1494 | union_precision 0.9302 | weighted_recall 0.3631 | union_precision 0.9302 | threshold 0.050 | val_model raw | lr 0.001000
Epoch 13/60 | train_loss 1.1372 | union_precision 0.9091 | weighted_recall 0.3554 | union_precision 0.9091 | threshold 0.050 | val_model raw | lr 0.001000
Epoch 14/60 | train_loss 1.1219 | union_precision 0.8837 | weighted_recall 0.3444 | union_precision 0.8837 | threshold 0.050 | val_model raw | lr 0.001000
Early stopping at epoch 14
Held-out M63-1 | union_precision=0.9048 | weighted_recall=0.3756 | consensus_recall=0.0000
Epoch 1/60 | train_loss 1.5200 | union_precision 0.9032 | weighted_recall 0.3643 | union_precision 0.9032 | threshold 0.050 | val_model raw | lr 0.001000
Epoch 2/60 | train_loss 1.4106 | union_precision 1.0000 | weighted_recall 0.1181 | union_precision 1.0000 | threshold 0.575 | val_model raw | lr 0.001000
Epoch 3/60 | train_loss 1.3396 | union_precision 0.9167 | weighted_recall 0.2803 | union_precision 0.9167 | threshold 0.550 | val_model raw | lr 0.001000
Epoch 4/60 | train_loss 1.2986 | union_precision 0.8636 | weighted_recall 0.3694 | union_precision 0.8636 | threshold 0.550 | val_model raw | lr 0.001000
Epoch 5/60 | train_loss 1.2791 | union_precision 0.8571 | weighted_recall 0.4743 | union_precision 0.8571 | threshold 0.450 | val_model raw | lr 0.001000
Epoch 6/60 | train_loss 1.2481 | union_precision 0.8857 | weighted_recall 0.5047 | union_precision 0.8857 | threshold 0.450 | val_model raw | lr 0.001000
Epoch 7/60 | train_loss 1.2243 | union_precision 0.8824 | weighted_recall 0.4996 | union_precision 0.8824 | threshold 0.450 | val_model raw | lr 0.001000
Epoch 8/60 | train_loss 1.2108 | union_precision 0.8824 | weighted_recall 0.4996 | union_precision 0.8824 | threshold 0.450 | val_model raw | lr 0.001000
Epoch 9/60 | train_loss 1.1964 | union_precision 0.9143 | weighted_recall 0.5464 | union_precision 0.9143 | threshold 0.450 | val_model raw | lr 0.001000
Epoch 10/60 | train_loss 1.1721 | union_precision 0.9143 | weighted_recall 0.5464 | union_precision 0.9143 | threshold 0.450 | val_model raw | lr 0.001000
Epoch 11/60 | train_loss 1.1596 | union_precision 0.9091 | weighted_recall 0.5103 | union_precision 0.9091 | threshold 0.425 | val_model raw | lr 0.001000
Epoch 12/60 | train_loss 1.1512 | union_precision 0.9062 | weighted_recall 0.4826 | union_precision 0.9062 | threshold 0.425 | val_model raw | lr 0.001000
Epoch 13/60 | train_loss 1.1401 | union_precision 0.8750 | weighted_recall 0.4672 | union_precision 0.8750 | threshold 0.425 | val_model raw | lr 0.001000
Epoch 14/60 | train_loss 1.1240 | union_precision 0.8788 | weighted_recall 0.4826 | union_precision 0.8788 | threshold 0.050 | val_model raw | lr 0.001000
Epoch 15/60 | train_loss 1.1190 | union_precision 0.8750 | weighted_recall 0.4814 | union_precision 0.8750 | threshold 0.050 | val_model raw | lr 0.001000
Epoch 16/60 | train_loss 1.1048 | union_precision 0.8750 | weighted_recall 0.4814 | union_precision 0.8750 | threshold 0.050 | val_model raw | lr 0.001000
Epoch 17/60 | train_loss 1.0996 | union_precision 0.8750 | weighted_recall 0.4814 | union_precision 0.8750 | threshold 0.050 | val_model raw | lr 0.001000
Epoch 18/60 | train_loss 1.0855 | union_precision 0.8750 | weighted_recall 0.4814 | union_precision 0.8750 | threshold 0.050 | val_model raw | lr 0.001000
Epoch 19/60 | train_loss 1.0769 | union_precision 0.9032 | weighted_recall 0.4697 | union_precision 0.9032 | threshold 0.050 | val_model raw | lr 0.001000
Early stopping at epoch 19
Held-out M63-3 | union_precision=0.9143 | weighted_recall=0.5464 | consensus_recall=0.0000
Epoch 1/60 | train_loss 1.5181 | union_precision 0.8500 | weighted_recall 0.3666 | union_precision 0.8500 | threshold 0.050 | val_model raw | lr 0.001000
Epoch 2/60 | train_loss 1.4126 | union_precision 0.9583 | weighted_recall 0.5184 | union_precision 0.9583 | threshold 0.050 | val_model raw | lr 0.001000
Epoch 3/60 | train_loss 1.3408 | union_precision 0.9545 | weighted_recall 0.4885 | union_precision 0.9545 | threshold 0.050 | val_model raw | lr 0.001000
Epoch 4/60 | train_loss 1.2994 | union_precision 1.0000 | weighted_recall 0.5277 | union_precision 1.0000 | threshold 0.050 | val_model raw | lr 0.001000
Epoch 5/60 | train_loss 1.2814 | union_precision 1.0000 | weighted_recall 0.4982 | union_precision 1.0000 | threshold 0.050 | val_model raw | lr 0.001000
Epoch 6/60 | train_loss 1.2501 | union_precision 1.0000 | weighted_recall 0.5039 | union_precision 1.0000 | threshold 0.050 | val_model raw | lr 0.001000
Epoch 7/60 | train_loss 1.2267 | union_precision 1.0000 | weighted_recall 0.5078 | union_precision 1.0000 | threshold 0.050 | val_model raw | lr 0.001000
Epoch 8/60 | train_loss 1.2138 | union_precision 1.0000 | weighted_recall 0.5165 | union_precision 1.0000 | threshold 0.050 | val_model raw | lr 0.001000
Epoch 9/60 | train_loss 1.1999 | union_precision 1.0000 | weighted_recall 0.5373 | union_precision 1.0000 | threshold 0.050 | val_model raw | lr 0.001000
Epoch 10/60 | train_loss 1.1756 | union_precision 1.0000 | weighted_recall 0.5102 | union_precision 1.0000 | threshold 0.050 | val_model raw | lr 0.001000
Epoch 11/60 | train_loss 1.1627 | union_precision 1.0000 | weighted_recall 0.4702 | union_precision 1.0000 | threshold 0.050 | val_model raw | lr 0.001000
Epoch 12/60 | train_loss 1.1553 | union_precision 0.9524 | weighted_recall 0.4594 | union_precision 0.9524 | threshold 0.050 | val_model raw | lr 0.001000
Epoch 13/60 | train_loss 1.1441 | union_precision 1.0000 | weighted_recall 0.4606 | union_precision 1.0000 | threshold 0.050 | val_model raw | lr 0.001000
Epoch 14/60 | train_loss 1.1283 | union_precision 1.0000 | weighted_recall 0.4606 | union_precision 1.0000 | threshold 0.050 | val_model raw | lr 0.001000
Epoch 15/60 | train_loss 1.1232 | union_precision 1.0000 | weighted_recall 0.4289 | union_precision 1.0000 | threshold 0.050 | val_model raw | lr 0.001000
Epoch 16/60 | train_loss 1.1089 | union_precision 1.0000 | weighted_recall 0.4525 | union_precision 1.0000 | threshold 0.050 | val_model raw | lr 0.001000
Epoch 17/60 | train_loss 1.1034 | union_precision 1.0000 | weighted_recall 0.4565 | union_precision 1.0000 | threshold 0.050 | val_model raw | lr 0.001000
Epoch 18/60 | train_loss 1.0893 | union_precision 1.0000 | weighted_recall 0.4490 | union_precision 1.0000 | threshold 0.425 | val_model raw | lr 0.001000
Epoch 19/60 | train_loss 1.0823 | union_precision 1.0000 | weighted_recall 0.4490 | union_precision 1.0000 | threshold 0.400 | val_model raw | lr 0.001000
Early stopping at epoch 19
Held-out M67-1 | union_precision=1.0000 | weighted_recall=0.5373 | consensus_recall=0.0000
Epoch 1/60 | train_loss 1.5170 | union_precision 0.7857 | weighted_recall 0.2997 | union_precision 0.7857 | threshold 0.475 | val_model raw | lr 0.001000
Epoch 2/60 | train_loss 1.4111 | union_precision 0.8000 | weighted_recall 0.3250 | union_precision 0.8000 | threshold 0.425 | val_model raw | lr 0.001000
Epoch 3/60 | train_loss 1.3388 | union_precision 0.8750 | weighted_recall 0.3356 | union_precision 0.8750 | threshold 0.425 | val_model raw | lr 0.001000
Epoch 4/60 | train_loss 1.2967 | union_precision 0.8824 | weighted_recall 0.3444 | union_precision 0.8824 | threshold 0.050 | val_model raw | lr 0.001000
Epoch 5/60 | train_loss 1.2774 | union_precision 0.8824 | weighted_recall 0.3444 | union_precision 0.8824 | threshold 0.050 | val_model raw | lr 0.001000
Epoch 6/60 | train_loss 1.2463 | union_precision 0.8824 | weighted_recall 0.3518 | union_precision 0.8824 | threshold 0.050 | val_model raw | lr 0.001000
Epoch 7/60 | train_loss 1.2247 | union_precision 0.9118 | weighted_recall 0.3659 | union_precision 0.9118 | threshold 0.050 | val_model raw | lr 0.001000
Epoch 8/60 | train_loss 1.2111 | union_precision 0.9143 | weighted_recall 0.3736 | union_precision 0.9143 | threshold 0.050 | val_model raw | lr 0.001000
Epoch 9/60 | train_loss 1.1972 | union_precision 0.9143 | weighted_recall 0.3736 | union_precision 0.9143 | threshold 0.050 | val_model raw | lr 0.001000
Epoch 10/60 | train_loss 1.1732 | union_precision 0.9143 | weighted_recall 0.3843 | union_precision 0.9143 | threshold 0.050 | val_model raw | lr 0.001000
Epoch 11/60 | train_loss 1.1607 | union_precision 0.9118 | weighted_recall 0.3717 | union_precision 0.9118 | threshold 0.050 | val_model raw | lr 0.001000
Epoch 12/60 | train_loss 1.1525 | union_precision 0.9091 | weighted_recall 0.3575 | union_precision 0.9091 | threshold 0.050 | val_model raw | lr 0.001000
Epoch 13/60 | train_loss 1.1415 | union_precision 0.9355 | weighted_recall 0.3589 | union_precision 0.9355 | threshold 0.050 | val_model raw | lr 0.001000
Epoch 14/60 | train_loss 1.1265 | union_precision 0.9310 | weighted_recall 0.3604 | union_precision 0.9310 | threshold 0.050 | val_model raw | lr 0.001000
Epoch 15/60 | train_loss 1.1208 | union_precision 0.9310 | weighted_recall 0.3604 | union_precision 0.9310 | threshold 0.050 | val_model raw | lr 0.001000
Epoch 16/60 | train_loss 1.1067 | union_precision 0.9333 | weighted_recall 0.3698 | union_precision 0.9333 | threshold 0.050 | val_model raw | lr 0.001000
Epoch 17/60 | train_loss 1.1012 | union_precision 0.9333 | weighted_recall 0.3698 | union_precision 0.9333 | threshold 0.050 | val_model raw | lr 0.001000
Epoch 18/60 | train_loss 1.0881 | union_precision 0.9333 | weighted_recall 0.4048 | union_precision 0.9333 | threshold 0.050 | val_model raw | lr 0.001000
Epoch 19/60 | train_loss 1.0798 | union_precision 0.9333 | weighted_recall 0.4048 | union_precision 0.9333 | threshold 0.050 | val_model raw | lr 0.001000
Epoch 20/60 | train_loss 1.0746 | union_precision 0.9310 | weighted_recall 0.3976 | union_precision 0.9310 | threshold 0.050 | val_model raw | lr 0.001000
Epoch 21/60 | train_loss 1.0578 | union_precision 0.9310 | weighted_recall 0.3976 | union_precision 0.9310 | threshold 0.050 | val_model raw | lr 0.001000
Epoch 22/60 | train_loss 1.0535 | union_precision 0.9310 | weighted_recall 0.3976 | union_precision 0.9310 | threshold 0.050 | val_model raw | lr 0.001000
Epoch 23/60 | train_loss 1.0368 | union_precision 0.9333 | weighted_recall 0.4015 | union_precision 0.9333 | threshold 0.050 | val_model raw | lr 0.001000
Epoch 24/60 | train_loss 1.0411 | union_precision 0.9333 | weighted_recall 0.4015 | union_precision 0.9333 | threshold 0.050 | val_model raw | lr 0.001000
Epoch 25/60 | train_loss 1.0251 | union_precision 0.9333 | weighted_recall 0.4015 | union_precision 0.9333 | threshold 0.050 | val_model raw | lr 0.001000
Epoch 26/60 | train_loss 1.0264 | union_precision 0.9333 | weighted_recall 0.4015 | union_precision 0.9333 | threshold 0.050 | val_model raw | lr 0.001000
Epoch 27/60 | train_loss 1.0161 | union_precision 0.9333 | weighted_recall 0.4015 | union_precision 0.9333 | threshold 0.050 | val_model raw | lr 0.001000
Epoch 28/60 | train_loss 1.0072 | union_precision 0.9333 | weighted_recall 0.4015 | union_precision 0.9333 | threshold 0.050 | val_model raw | lr 0.001000
Early stopping at epoch 28
Held-out M67-2 | union_precision=0.9333 | weighted_recall=0.4048 | consensus_recall=0.0000
Epoch 1/60 | train_loss 1.5174 | union_precision 0.9130 | weighted_recall 0.3708 | union_precision 0.9130 | threshold 0.050 | val_model raw | lr 0.001000
Epoch 2/60 | train_loss 1.4134 | union_precision 0.9048 | weighted_recall 0.4478 | union_precision 0.9048 | threshold 0.500 | val_model raw | lr 0.001000
Epoch 3/60 | train_loss 1.3408 | union_precision 1.0000 | weighted_recall 0.5627 | union_precision 1.0000 | threshold 0.550 | val_model raw | lr 0.001000
Epoch 4/60 | train_loss 1.2974 | union_precision 0.9048 | weighted_recall 0.6008 | union_precision 0.9048 | threshold 0.550 | val_model raw | lr 0.001000
Epoch 5/60 | train_loss 1.2775 | union_precision 0.8750 | weighted_recall 0.6236 | union_precision 0.8750 | threshold 0.550 | val_model raw | lr 0.001000
Epoch 6/60 | train_loss 1.2477 | union_precision 0.9286 | weighted_recall 0.4751 | union_precision 0.9286 | threshold 0.600 | val_model raw | lr 0.001000
Epoch 7/60 | train_loss 1.2258 | union_precision 0.9375 | weighted_recall 0.5221 | union_precision 0.9375 | threshold 0.600 | val_model raw | lr 0.001000
Epoch 8/60 | train_loss 1.2117 | union_precision 0.9000 | weighted_recall 0.4004 | union_precision 0.9000 | threshold 0.625 | val_model raw | lr 0.001000
Epoch 9/60 | train_loss 1.1982 | union_precision 0.8667 | weighted_recall 0.4924 | union_precision 0.8667 | threshold 0.625 | val_model raw | lr 0.001000
Epoch 10/60 | train_loss 1.1744 | union_precision 0.9091 | weighted_recall 0.4021 | union_precision 0.9091 | threshold 0.650 | val_model raw | lr 0.001000
Epoch 11/60 | train_loss 1.1614 | union_precision 0.9000 | weighted_recall 0.4004 | union_precision 0.9000 | threshold 0.675 | val_model raw | lr 0.001000
Epoch 12/60 | train_loss 1.1526 | union_precision 0.8889 | weighted_recall 0.3468 | union_precision 0.8889 | threshold 0.700 | val_model raw | lr 0.001000
Epoch 13/60 | train_loss 1.1415 | union_precision 0.8889 | weighted_recall 0.3468 | union_precision 0.8889 | threshold 0.725 | val_model raw | lr 0.001000
Epoch 14/60 | train_loss 1.1271 | union_precision 0.8889 | weighted_recall 0.3468 | union_precision 0.8889 | threshold 0.750 | val_model raw | lr 0.001000
Epoch 15/60 | train_loss 1.1214 | union_precision 0.8750 | weighted_recall 0.3202 | union_precision 0.8750 | threshold 0.775 | val_model raw | lr 0.001000
Early stopping at epoch 15
Held-out M67-3 | union_precision=0.8750 | weighted_recall=0.6236 | consensus_recall=0.0000
Epoch 1/60 | train_loss 1.5168 | union_precision 0.8800 | weighted_recall 0.2428 | union_precision 0.8800 | threshold 0.525 | val_model raw | lr 0.001000
Epoch 2/60 | train_loss 1.4142 | union_precision 0.9032 | weighted_recall 0.3597 | union_precision 0.9032 | threshold 0.525 | val_model raw | lr 0.001000
Epoch 3/60 | train_loss 1.3425 | union_precision 0.8889 | weighted_recall 0.5623 | union_precision 0.8889 | threshold 0.500 | val_model raw | lr 0.001000
Epoch 4/60 | train_loss 1.2980 | union_precision 0.9167 | weighted_recall 0.6185 | union_precision 0.9167 | threshold 0.050 | val_model raw | lr 0.001000
Epoch 5/60 | train_loss 1.2781 | union_precision 0.9167 | weighted_recall 0.6185 | union_precision 0.9167 | threshold 0.050 | val_model raw | lr 0.001000
Epoch 6/60 | train_loss 1.2478 | union_precision 0.9167 | weighted_recall 0.6185 | union_precision 0.9167 | threshold 0.050 | val_model raw | lr 0.001000
Epoch 7/60 | train_loss 1.2269 | union_precision 0.9423 | weighted_recall 0.6956 | union_precision 0.9423 | threshold 0.050 | val_model raw | lr 0.001000
Epoch 8/60 | train_loss 1.2156 | union_precision 0.9423 | weighted_recall 0.6956 | union_precision 0.9423 | threshold 0.050 | val_model raw | lr 0.001000
Epoch 9/60 | train_loss 1.1990 | union_precision 0.8704 | weighted_recall 0.6440 | union_precision 0.8704 | threshold 0.050 | val_model raw | lr 0.001000
Epoch 10/60 | train_loss 1.1756 | union_precision 0.8704 | weighted_recall 0.6440 | union_precision 0.8704 | threshold 0.050 | val_model raw | lr 0.001000
Epoch 11/60 | train_loss 1.1633 | union_precision 0.8704 | weighted_recall 0.6440 | union_precision 0.8704 | threshold 0.050 | val_model raw | lr 0.001000
Epoch 12/60 | train_loss 1.1540 | union_precision 0.8704 | weighted_recall 0.6430 | union_precision 0.8704 | threshold 0.050 | val_model raw | lr 0.001000
Epoch 13/60 | train_loss 1.1427 | union_precision 0.8704 | weighted_recall 0.6398 | union_precision 0.8704 | threshold 0.050 | val_model raw | lr 0.001000
Epoch 14/60 | train_loss 1.1299 | union_precision 0.8679 | weighted_recall 0.6293 | union_precision 0.8679 | threshold 0.050 | val_model raw | lr 0.001000
Epoch 15/60 | train_loss 1.1230 | union_precision 0.8679 | weighted_recall 0.6293 | union_precision 0.8679 | threshold 0.050 | val_model raw | lr 0.001000
Epoch 16/60 | train_loss 1.1083 | union_precision 0.8605 | weighted_recall 0.5935 | union_precision 0.8605 | threshold 0.575 | val_model raw | lr 0.001000
Epoch 17/60 | train_loss 1.1023 | union_precision 0.9474 | weighted_recall 0.5748 | union_precision 0.9474 | threshold 0.600 | val_model raw | lr 0.001000
Early stopping at epoch 17
Held-out M67-4 | union_precision=0.9423 | weighted_recall=0.6956 | consensus_recall=0.0000
Epoch 1/60 | train_loss 1.5151 | union_precision 0.9630 | weighted_recall 0.3354 | union_precision 0.9630 | threshold 0.425 | val_model raw | lr 0.001000
Epoch 2/60 | train_loss 1.4148 | union_precision 0.8621 | weighted_recall 0.2495 | union_precision 0.8621 | threshold 0.425 | val_model raw | lr 0.001000
Epoch 3/60 | train_loss 1.3388 | union_precision 0.8667 | weighted_recall 0.2741 | union_precision 0.8667 | threshold 0.050 | val_model raw | lr 0.001000
Epoch 4/60 | train_loss 1.2970 | union_precision 0.8667 | weighted_recall 0.2875 | union_precision 0.8667 | threshold 0.050 | val_model raw | lr 0.001000
Epoch 5/60 | train_loss 1.2748 | union_precision 0.8500 | weighted_recall 0.2323 | union_precision 0.8500 | threshold 0.500 | val_model raw | lr 0.001000
Epoch 6/60 | train_loss 1.2441 | union_precision 1.0000 | weighted_recall 0.0147 | union_precision 1.0000 | threshold 0.625 | val_model raw | lr 0.001000
Epoch 7/60 | train_loss 1.2226 | union_precision 1.0000 | weighted_recall 0.0147 | union_precision 1.0000 | threshold 0.625 | val_model raw | lr 0.001000
Epoch 8/60 | train_loss 1.2105 | union_precision 1.0000 | weighted_recall 0.0147 | union_precision 1.0000 | threshold 0.625 | val_model raw | lr 0.001000
Epoch 9/60 | train_loss 1.1939 | union_precision 1.0000 | weighted_recall 0.0460 | union_precision 1.0000 | threshold 0.625 | val_model raw | lr 0.001000
Epoch 10/60 | train_loss 1.1737 | union_precision 1.0000 | weighted_recall 0.0698 | union_precision 1.0000 | threshold 0.625 | val_model raw | lr 0.001000
Epoch 11/60 | train_loss 1.1601 | union_precision 1.0000 | weighted_recall 0.0698 | union_precision 1.0000 | threshold 0.650 | val_model raw | lr 0.001000
Early stopping at epoch 11
Held-out M68-1 | union_precision=0.9630 | weighted_recall=0.3354 | consensus_recall=0.0000
Epoch 1/60 | train_loss 1.5166 | union_precision 0.8929 | weighted_recall 0.4096 | union_precision 0.8929 | threshold 0.050 | val_model raw | lr 0.001000
Epoch 2/60 | train_loss 1.4146 | union_precision 0.9394 | weighted_recall 0.4923 | union_precision 0.9394 | threshold 0.050 | val_model raw | lr 0.001000
Epoch 3/60 | train_loss 1.3408 | union_precision 0.8919 | weighted_recall 0.4914 | union_precision 0.8919 | threshold 0.475 | val_model raw | lr 0.001000
Epoch 4/60 | train_loss 1.2969 | union_precision 0.9474 | weighted_recall 0.5972 | union_precision 0.9474 | threshold 0.050 | val_model raw | lr 0.001000
Epoch 5/60 | train_loss 1.2758 | union_precision 1.0000 | weighted_recall 0.5443 | union_precision 1.0000 | threshold 0.050 | val_model raw | lr 0.001000
Epoch 6/60 | train_loss 1.2450 | union_precision 0.9730 | weighted_recall 0.5145 | union_precision 0.9730 | threshold 0.050 | val_model raw | lr 0.001000
Epoch 7/60 | train_loss 1.2244 | union_precision 0.9730 | weighted_recall 0.5308 | union_precision 0.9730 | threshold 0.050 | val_model raw | lr 0.001000
Epoch 8/60 | train_loss 1.2112 | union_precision 0.9189 | weighted_recall 0.4945 | union_precision 0.9189 | threshold 0.050 | val_model raw | lr 0.001000
Epoch 9/60 | train_loss 1.1954 | union_precision 0.9412 | weighted_recall 0.4662 | union_precision 0.9412 | threshold 0.475 | val_model raw | lr 0.001000
Epoch 10/60 | train_loss 1.1738 | union_precision 0.9412 | weighted_recall 0.4662 | union_precision 0.9412 | threshold 0.475 | val_model raw | lr 0.001000
Epoch 11/60 | train_loss 1.1599 | union_precision 0.8857 | weighted_recall 0.4615 | union_precision 0.8857 | threshold 0.475 | val_model raw | lr 0.001000
Epoch 12/60 | train_loss 1.1520 | union_precision 0.8611 | weighted_recall 0.4571 | union_precision 0.8611 | threshold 0.475 | val_model raw | lr 0.001000
Epoch 13/60 | train_loss 1.1433 | union_precision 0.8696 | weighted_recall 0.4047 | union_precision 0.8696 | threshold 0.575 | val_model raw | lr 0.001000
Epoch 14/60 | train_loss 1.1281 | union_precision 0.8571 | weighted_recall 0.4538 | union_precision 0.8571 | threshold 0.450 | val_model raw | lr 0.001000
Early stopping at epoch 14
Held-out M68-2 | union_precision=0.9474 | weighted_recall=0.5972 | consensus_recall=0.0000
Epoch 1/60 | train_loss 1.5140 | union_precision 0.9615 | weighted_recall 0.3008 | union_precision 0.9615 | threshold 0.050 | val_model raw | lr 0.001000
Epoch 2/60 | train_loss 1.4134 | union_precision 0.9615 | weighted_recall 0.3103 | union_precision 0.9615 | threshold 0.050 | val_model raw | lr 0.001000
Epoch 3/60 | train_loss 1.3424 | union_precision 0.9600 | weighted_recall 0.2960 | union_precision 0.9600 | threshold 0.050 | val_model raw | lr 0.001000
Epoch 4/60 | train_loss 1.2973 | union_precision 0.9615 | weighted_recall 0.4156 | union_precision 0.9615 | threshold 0.050 | val_model raw | lr 0.001000
Epoch 5/60 | train_loss 1.2769 | union_precision 0.9167 | weighted_recall 0.4469 | union_precision 0.9167 | threshold 0.050 | val_model raw | lr 0.001000
Epoch 6/60 | train_loss 1.2446 | union_precision 0.9130 | weighted_recall 0.4196 | union_precision 0.9130 | threshold 0.050 | val_model raw | lr 0.001000
Epoch 7/60 | train_loss 1.2254 | union_precision 0.9200 | weighted_recall 0.5505 | union_precision 0.9200 | threshold 0.050 | val_model raw | lr 0.001000
Epoch 8/60 | train_loss 1.2111 | union_precision 0.9259 | weighted_recall 0.5754 | union_precision 0.9259 | threshold 0.050 | val_model raw | lr 0.001000
Epoch 9/60 | train_loss 1.1967 | union_precision 0.9286 | weighted_recall 0.5880 | union_precision 0.9286 | threshold 0.050 | val_model raw | lr 0.001000
Epoch 10/60 | train_loss 1.1757 | union_precision 0.9200 | weighted_recall 0.5746 | union_precision 0.9200 | threshold 0.050 | val_model raw | lr 0.001000
Epoch 11/60 | train_loss 1.1613 | union_precision 0.9167 | weighted_recall 0.5628 | union_precision 0.9167 | threshold 0.050 | val_model raw | lr 0.001000
Epoch 12/60 | train_loss 1.1532 | union_precision 0.9167 | weighted_recall 0.5628 | union_precision 0.9167 | threshold 0.050 | val_model raw | lr 0.001000
Epoch 13/60 | train_loss 1.1444 | union_precision 0.9167 | weighted_recall 0.5628 | union_precision 0.9167 | threshold 0.050 | val_model raw | lr 0.001000
Epoch 14/60 | train_loss 1.1285 | union_precision 0.9130 | weighted_recall 0.5576 | union_precision 0.9130 | threshold 0.050 | val_model raw | lr 0.001000
Epoch 15/60 | train_loss 1.1246 | union_precision 0.9130 | weighted_recall 0.5576 | union_precision 0.9130 | threshold 0.050 | val_model raw | lr 0.001000
Epoch 16/60 | train_loss 1.1063 | union_precision 0.9545 | weighted_recall 0.5576 | union_precision 0.9545 | threshold 0.450 | val_model raw | lr 0.001000
Epoch 17/60 | train_loss 1.1013 | union_precision 0.9545 | weighted_recall 0.5576 | union_precision 0.9545 | threshold 0.450 | val_model raw | lr 0.001000
Epoch 18/60 | train_loss 1.0886 | union_precision 0.9545 | weighted_recall 0.5576 | union_precision 0.9545 | threshold 0.425 | val_model raw | lr 0.001000
Epoch 19/60 | train_loss 1.0804 | union_precision 0.9545 | weighted_recall 0.5576 | union_precision 0.9545 | threshold 0.425 | val_model raw | lr 0.001000
Early stopping at epoch 19
Held-out M68-3 | union_precision=0.9286 | weighted_recall=0.5880 | consensus_recall=0.0000
Epoch 1/60 | train_loss 1.5273 | union_precision 0.6875 | weighted_recall 0.0928 | union_precision 0.6875 | threshold 0.525 | val_model raw | lr 0.001000
Epoch 2/60 | train_loss 1.4098 | union_precision 0.7965 | weighted_recall 0.3154 | union_precision 0.7965 | threshold 0.050 | val_model raw | lr 0.001000
Epoch 3/60 | train_loss 1.3539 | union_precision 0.8370 | weighted_recall 0.3285 | union_precision 0.8370 | threshold 0.500 | val_model raw | lr 0.001000
Epoch 4/60 | train_loss 1.2973 | union_precision 0.8699 | weighted_recall 0.4676 | union_precision 0.8699 | threshold 0.050 | val_model raw | lr 0.001000
Epoch 5/60 | train_loss 1.2733 | union_precision 0.8750 | weighted_recall 0.4958 | union_precision 0.8750 | threshold 0.050 | val_model raw | lr 0.001000
Epoch 6/60 | train_loss 1.2449 | union_precision 0.8720 | weighted_recall 0.4883 | union_precision 0.8720 | threshold 0.050 | val_model raw | lr 0.001000
Epoch 7/60 | train_loss 1.2221 | union_precision 0.8871 | weighted_recall 0.4940 | union_precision 0.8871 | threshold 0.050 | val_model raw | lr 0.001000
Epoch 8/60 | train_loss 1.2103 | union_precision 0.8952 | weighted_recall 0.5072 | union_precision 0.8952 | threshold 0.050 | val_model raw | lr 0.001000
Epoch 9/60 | train_loss 1.1964 | union_precision 0.9032 | weighted_recall 0.5091 | union_precision 0.9032 | threshold 0.050 | val_model raw | lr 0.001000
Epoch 10/60 | train_loss 1.1833 | union_precision 0.9120 | weighted_recall 0.5107 | union_precision 0.9120 | threshold 0.050 | val_model raw | lr 0.001000
Epoch 11/60 | train_loss 1.1672 | union_precision 0.9134 | weighted_recall 0.5180 | union_precision 0.9134 | threshold 0.050 | val_model raw | lr 0.001000
Epoch 12/60 | train_loss 1.1453 | union_precision 0.9147 | weighted_recall 0.5214 | union_precision 0.9147 | threshold 0.050 | val_model raw | lr 0.001000
Epoch 13/60 | train_loss 1.1434 | union_precision 0.9160 | weighted_recall 0.5211 | union_precision 0.9160 | threshold 0.050 | val_model raw | lr 0.001000
Epoch 14/60 | train_loss 1.1282 | union_precision 0.9160 | weighted_recall 0.5181 | union_precision 0.9160 | threshold 0.050 | val_model raw | lr 0.001000
Epoch 15/60 | train_loss 1.1185 | union_precision 0.9084 | weighted_recall 0.5169 | union_precision 0.9084 | threshold 0.050 | val_model raw | lr 0.001000
Epoch 16/60 | train_loss 1.1061 | union_precision 0.9141 | weighted_recall 0.5119 | union_precision 0.9141 | threshold 0.375 | val_model raw | lr 0.001000
Epoch 17/60 | train_loss 1.1008 | union_precision 0.9141 | weighted_recall 0.4929 | union_precision 0.9141 | threshold 0.375 | val_model raw | lr 0.001000
Epoch 18/60 | train_loss 1.0873 | union_precision 0.9200 | weighted_recall 0.4916 | union_precision 0.9200 | threshold 0.350 | val_model raw | lr 0.001000
Epoch 19/60 | train_loss 1.0802 | union_precision 0.9206 | weighted_recall 0.4969 | union_precision 0.9206 | threshold 0.325 | val_model raw | lr 0.001000
Epoch 20/60 | train_loss 1.0638 | union_precision 0.9200 | weighted_recall 0.4942 | union_precision 0.9200 | threshold 0.300 | val_model raw | lr 0.001000
Epoch 21/60 | train_loss 1.0545 | union_precision 0.9187 | weighted_recall 0.4913 | union_precision 0.9187 | threshold 0.300 | val_model raw | lr 0.001000
Epoch 22/60 | train_loss 1.0470 | union_precision 0.9120 | weighted_recall 0.4917 | union_precision 0.9120 | threshold 0.050 | val_model raw | lr 0.001000
Early stopping at epoch 22
Held-out M06-1__M06-2__M06-3 | union_precision=0.9147 | weighted_recall=0.5214 | consensus_recall=0.5000
Wrote nested CV results to /gpfs/work/int/yuxuanliu2204/Changheng/xmltoexp/MERIX SUBMISSION/Boundary_Restart/reports/nested_piece_cv/weighted_topdown_level1plus_split56_boundary_seed42
Best candidate: model-tcn__detector_target-level1plus_split56_boundary__selection_metric-weighted_recall__min_precision-0p85__loss_type-bce__rest_span_label_mode-none__rest_span_tolerance_negative_weight-1p0 | mean_primary_metric=0.4638 | mean_union_precision=0.9274
Running weighted-topdown nested direct seed=42 target=level2plus_split56_boundary min_precision=0.85
Command: python3 Command: run_nested_piece_cv.py Command: --config Command: configs/salience_grouped3_hi8_score_only_xml_curated.yaml Command: --outer_heldout_piece Command: M06-1 Command: M06-2 Command: M06-3 Command: --inner_mode Command: leave_one Command: --model Command: tcn Command: --detector_target Command: level2plus_split56_boundary Command: --selection_metric Command: weighted_recall Command: --precision_metric Command: union_precision Command: --min_precision Command: 0.85 Command: --loss_type Command: bce Command: --min_train_frequency_target Command: 0.05 Command: --cumulative_merge_tolerance Command: 2 Command: --cumulative_component_weights_json Command: \{\"level6\":1.0\,\"level5\":0.82\,\"level4\":0.64\,\"level3\":0.46\,\"level2\":0.28\,\"level1\":0.16\} Command: --device Command: cuda Command: --epochs Command: 60 Command: --early_stop_patience Command: 10 Command: --seed Command: 42 Command: --skip_stage_grading Command: --output_dir Command: reports/nested_piece_cv/weighted_topdown_level2plus_split56_boundary_seed42 Command: --run_outer_fit Command: --reuse_existing 
Epoch 1/60 | train_loss 1.5201 | union_precision 0.7273 | weighted_recall 0.2239 | union_precision 0.7273 | threshold 0.050 | val_model raw | lr 0.001000
Epoch 2/60 | train_loss 1.4143 | union_precision 0.8421 | weighted_recall 0.0916 | union_precision 0.8421 | threshold 0.525 | val_model raw | lr 0.001000
Epoch 3/60 | train_loss 1.3367 | union_precision 0.8537 | weighted_recall 0.4094 | union_precision 0.8537 | threshold 0.400 | val_model raw | lr 0.001000
Epoch 4/60 | train_loss 1.2896 | union_precision 0.8529 | weighted_recall 0.2899 | union_precision 0.8529 | threshold 0.500 | val_model raw | lr 0.001000
Epoch 5/60 | train_loss 1.2611 | union_precision 0.8065 | weighted_recall 0.2893 | union_precision 0.8065 | threshold 0.500 | val_model raw | lr 0.001000
Epoch 6/60 | train_loss 1.2198 | union_precision 0.8000 | weighted_recall 0.1911 | union_precision 0.8000 | threshold 0.525 | val_model raw | lr 0.001000
Epoch 7/60 | train_loss 1.2134 | union_precision 0.8286 | weighted_recall 0.4369 | union_precision 0.8286 | threshold 0.500 | val_model raw | lr 0.001000
Epoch 8/60 | train_loss 1.1791 | union_precision 0.8333 | weighted_recall 0.4328 | union_precision 0.8333 | threshold 0.500 | val_model raw | lr 0.001000
Epoch 9/60 | train_loss 1.1811 | union_precision 0.8889 | weighted_recall 0.1069 | union_precision 0.8889 | threshold 0.575 | val_model raw | lr 0.001000
Epoch 10/60 | train_loss 1.1577 | union_precision 0.8235 | weighted_recall 0.3784 | union_precision 0.8235 | threshold 0.525 | val_model raw | lr 0.001000
Epoch 11/60 | train_loss 1.1403 | union_precision 0.8824 | weighted_recall 0.4237 | union_precision 0.8824 | threshold 0.525 | val_model raw | lr 0.001000
Epoch 12/60 | train_loss 1.1283 | union_precision 0.8824 | weighted_recall 0.4320 | union_precision 0.8824 | threshold 0.525 | val_model raw | lr 0.001000
Epoch 13/60 | train_loss 1.1109 | union_precision 0.8824 | weighted_recall 0.4430 | union_precision 0.8824 | threshold 0.525 | val_model raw | lr 0.001000
Epoch 14/60 | train_loss 1.0954 | union_precision 0.8824 | weighted_recall 0.4366 | union_precision 0.8824 | threshold 0.525 | val_model raw | lr 0.001000
Epoch 15/60 | train_loss 1.0847 | union_precision 0.8529 | weighted_recall 0.4289 | union_precision 0.8529 | threshold 0.525 | val_model raw | lr 0.001000
Epoch 16/60 | train_loss 1.0708 | union_precision 0.8571 | weighted_recall 0.4142 | union_precision 0.8571 | threshold 0.550 | val_model raw | lr 0.001000
Epoch 17/60 | train_loss 1.0470 | union_precision 0.8571 | weighted_recall 0.4142 | union_precision 0.8571 | threshold 0.550 | val_model raw | lr 0.001000
Epoch 18/60 | train_loss 1.0513 | union_precision 0.9000 | weighted_recall 0.1177 | union_precision 0.9000 | threshold 0.700 | val_model raw | lr 0.001000
Epoch 19/60 | train_loss 1.0426 | union_precision 0.8750 | weighted_recall 0.1077 | union_precision 0.8750 | threshold 0.725 | val_model raw | lr 0.001000
Epoch 20/60 | train_loss 1.0242 | union_precision 0.9000 | weighted_recall 0.1177 | union_precision 0.9000 | threshold 0.725 | val_model raw | lr 0.001000
Epoch 21/60 | train_loss 1.0234 | union_precision 0.8571 | weighted_recall 0.0992 | union_precision 0.8571 | threshold 0.750 | val_model raw | lr 0.001000
Epoch 22/60 | train_loss 1.0160 | union_precision 0.9091 | weighted_recall 0.1281 | union_precision 0.9091 | threshold 0.750 | val_model raw | lr 0.001000
Epoch 23/60 | train_loss 1.0005 | union_precision 0.9167 | weighted_recall 0.1356 | union_precision 0.9167 | threshold 0.750 | val_model raw | lr 0.001000
Early stopping at epoch 23
Held-out M07-1 | union_precision=0.8824 | weighted_recall=0.4430 | consensus_recall=0.0000
Epoch 1/60 | train_loss 1.5225 | union_precision 0.8182 | weighted_recall 0.0768 | union_precision 0.8182 | threshold 0.550 | val_model raw | lr 0.001000
Epoch 2/60 | train_loss 1.4171 | union_precision 0.7609 | weighted_recall 0.2302 | union_precision 0.7609 | threshold 0.050 | val_model raw | lr 0.001000
Epoch 3/60 | train_loss 1.3369 | union_precision 0.8085 | weighted_recall 0.2782 | union_precision 0.8085 | threshold 0.050 | val_model raw | lr 0.001000
Epoch 4/60 | train_loss 1.2905 | union_precision 0.7551 | weighted_recall 0.2339 | union_precision 0.7551 | threshold 0.050 | val_model raw | lr 0.001000
Epoch 5/60 | train_loss 1.2601 | union_precision 0.7333 | weighted_recall 0.1917 | union_precision 0.7333 | threshold 0.050 | val_model raw | lr 0.001000
Epoch 6/60 | train_loss 1.2212 | union_precision 1.0000 | weighted_recall 0.0470 | union_precision 1.0000 | threshold 0.700 | val_model raw | lr 0.001000
Epoch 7/60 | train_loss 1.2130 | union_precision 0.8000 | weighted_recall 0.0574 | union_precision 0.8000 | threshold 0.700 | val_model raw | lr 0.001000
Epoch 8/60 | train_loss 1.1797 | union_precision 1.0000 | weighted_recall 0.0440 | union_precision 1.0000 | threshold 0.725 | val_model raw | lr 0.001000
Epoch 9/60 | train_loss 1.1768 | union_precision 0.8571 | weighted_recall 0.0870 | union_precision 0.8571 | threshold 0.700 | val_model raw | lr 0.001000
Epoch 10/60 | train_loss 1.1570 | union_precision 0.8750 | weighted_recall 0.0993 | union_precision 0.8750 | threshold 0.675 | val_model raw | lr 0.001000
Epoch 11/60 | train_loss 1.1394 | union_precision 0.8750 | weighted_recall 0.0993 | union_precision 0.8750 | threshold 0.700 | val_model raw | lr 0.001000
Epoch 12/60 | train_loss 1.1268 | union_precision 0.8750 | weighted_recall 0.0993 | union_precision 0.8750 | threshold 0.700 | val_model raw | lr 0.001000
Epoch 13/60 | train_loss 1.1084 | union_precision 0.9167 | weighted_recall 0.1095 | union_precision 0.9167 | threshold 0.700 | val_model raw | lr 0.001000
Epoch 14/60 | train_loss 1.0954 | union_precision 0.8750 | weighted_recall 0.2205 | union_precision 0.8750 | threshold 0.625 | val_model raw | lr 0.001000
Epoch 15/60 | train_loss 1.0828 | union_precision 0.8571 | weighted_recall 0.3554 | union_precision 0.8571 | threshold 0.600 | val_model raw | lr 0.001000
Epoch 16/60 | train_loss 1.0696 | union_precision 0.8537 | weighted_recall 0.3861 | union_precision 0.8537 | threshold 0.575 | val_model raw | lr 0.001000
Epoch 17/60 | train_loss 1.0433 | union_precision 0.8571 | weighted_recall 0.3953 | union_precision 0.8571 | threshold 0.550 | val_model raw | lr 0.001000
Epoch 18/60 | train_loss 1.0471 | union_precision 0.8750 | weighted_recall 0.3928 | union_precision 0.8750 | threshold 0.550 | val_model raw | lr 0.001000
Epoch 19/60 | train_loss 1.0408 | union_precision 0.8696 | weighted_recall 0.4000 | union_precision 0.8696 | threshold 0.050 | val_model raw | lr 0.001000
Epoch 20/60 | train_loss 1.0226 | union_precision 0.8696 | weighted_recall 0.4000 | union_precision 0.8696 | threshold 0.050 | val_model raw | lr 0.001000
Epoch 21/60 | train_loss 1.0181 | union_precision 0.8696 | weighted_recall 0.4000 | union_precision 0.8696 | threshold 0.050 | val_model raw | lr 0.001000
Epoch 22/60 | train_loss 1.0120 | union_precision 0.8696 | weighted_recall 0.4120 | union_precision 0.8696 | threshold 0.050 | val_model raw | lr 0.001000
Epoch 23/60 | train_loss 0.9980 | union_precision 0.9545 | weighted_recall 0.4335 | union_precision 0.9545 | threshold 0.050 | val_model raw | lr 0.001000
Epoch 24/60 | train_loss 0.9897 | union_precision 0.9111 | weighted_recall 0.4123 | union_precision 0.9111 | threshold 0.050 | val_model raw | lr 0.001000
Epoch 25/60 | train_loss 0.9793 | union_precision 0.9111 | weighted_recall 0.4203 | union_precision 0.9111 | threshold 0.050 | val_model raw | lr 0.001000
Epoch 26/60 | train_loss 0.9724 | union_precision 0.9111 | weighted_recall 0.4203 | union_precision 0.9111 | threshold 0.050 | val_model raw | lr 0.001000
Epoch 27/60 | train_loss 0.9665 | union_precision 0.9565 | weighted_recall 0.4607 | union_precision 0.9565 | threshold 0.050 | val_model raw | lr 0.001000
Epoch 28/60 | train_loss 0.9554 | union_precision 0.9565 | weighted_recall 0.4561 | union_precision 0.9565 | threshold 0.300 | val_model raw | lr 0.001000
Epoch 29/60 | train_loss 0.9546 | union_precision 0.9556 | weighted_recall 0.4791 | union_precision 0.9556 | threshold 0.300 | val_model raw | lr 0.001000
Epoch 30/60 | train_loss 0.9492 | union_precision 0.9545 | weighted_recall 0.4955 | union_precision 0.9545 | threshold 0.300 | val_model raw | lr 0.001000
Epoch 31/60 | train_loss 0.9304 | union_precision 0.9545 | weighted_recall 0.4955 | union_precision 0.9545 | threshold 0.275 | val_model raw | lr 0.001000
Epoch 32/60 | train_loss 0.9344 | union_precision 0.9762 | weighted_recall 0.5021 | union_precision 0.9762 | threshold 0.250 | val_model raw | lr 0.001000
Epoch 33/60 | train_loss 0.9136 | union_precision 0.9524 | weighted_recall 0.5004 | union_precision 0.9524 | threshold 0.050 | val_model raw | lr 0.001000
Epoch 34/60 | train_loss 0.9115 | union_precision 0.9545 | weighted_recall 0.5051 | union_precision 0.9545 | threshold 0.050 | val_model raw | lr 0.001000
Epoch 35/60 | train_loss 0.9050 | union_precision 0.9333 | weighted_recall 0.4855 | union_precision 0.9333 | threshold 0.050 | val_model raw | lr 0.001000
Epoch 36/60 | train_loss 0.8989 | union_precision 0.9333 | weighted_recall 0.4855 | union_precision 0.9333 | threshold 0.050 | val_model raw | lr 0.001000
Epoch 37/60 | train_loss 0.8905 | union_precision 0.9556 | weighted_recall 0.4871 | union_precision 0.9556 | threshold 0.100 | val_model raw | lr 0.001000
Epoch 38/60 | train_loss 0.8871 | union_precision 0.9556 | weighted_recall 0.4871 | union_precision 0.9556 | threshold 0.100 | val_model raw | lr 0.001000
Epoch 39/60 | train_loss 0.8827 | union_precision 0.9556 | weighted_recall 0.4888 | union_precision 0.9556 | threshold 0.100 | val_model raw | lr 0.001000
Epoch 40/60 | train_loss 0.8679 | union_precision 0.9545 | weighted_recall 0.4838 | union_precision 0.9545 | threshold 0.100 | val_model raw | lr 0.001000
Epoch 41/60 | train_loss 0.8694 | union_precision 0.9545 | weighted_recall 0.4805 | union_precision 0.9545 | threshold 0.075 | val_model raw | lr 0.001000
Epoch 42/60 | train_loss 0.8610 | union_precision 0.9535 | weighted_recall 0.4601 | union_precision 0.9535 | threshold 0.075 | val_model raw | lr 0.001000
Epoch 43/60 | train_loss 0.8492 | union_precision 0.9512 | weighted_recall 0.4367 | union_precision 0.9512 | threshold 0.075 | val_model raw | lr 0.001000
Epoch 44/60 | train_loss 0.8474 | union_precision 0.9500 | weighted_recall 0.4309 | union_precision 0.9500 | threshold 0.075 | val_model raw | lr 0.001000
Early stopping at epoch 44
Held-out M07-2 | union_precision=0.9545 | weighted_recall=0.5051 | consensus_recall=0.0000
Epoch 1/60 | train_loss 1.5234 | union_precision 1.0000 | weighted_recall 0.0314 | union_precision 1.0000 | threshold 0.575 | val_model raw | lr 0.001000
Epoch 2/60 | train_loss 1.4195 | union_precision 0.8571 | weighted_recall 0.0409 | union_precision 0.8571 | threshold 0.575 | val_model raw | lr 0.001000
Epoch 3/60 | train_loss 1.3357 | union_precision 0.8750 | weighted_recall 0.0668 | union_precision 0.8750 | threshold 0.550 | val_model raw | lr 0.001000
Epoch 4/60 | train_loss 1.2863 | union_precision 0.8750 | weighted_recall 0.1149 | union_precision 0.8750 | threshold 0.550 | val_model raw | lr 0.001000
Epoch 5/60 | train_loss 1.2604 | union_precision 0.8889 | weighted_recall 0.0929 | union_precision 0.8889 | threshold 0.600 | val_model raw | lr 0.001000
Epoch 6/60 | train_loss 1.2203 | union_precision 0.8750 | weighted_recall 0.0895 | union_precision 0.8750 | threshold 0.625 | val_model raw | lr 0.001000
Epoch 7/60 | train_loss 1.2106 | union_precision 0.8065 | weighted_recall 0.3103 | union_precision 0.8065 | threshold 0.525 | val_model raw | lr 0.001000
Epoch 8/60 | train_loss 1.1772 | union_precision 0.8000 | weighted_recall 0.3022 | union_precision 0.8000 | threshold 0.525 | val_model raw | lr 0.001000
Epoch 9/60 | train_loss 1.1769 | union_precision 0.8438 | weighted_recall 0.3579 | union_precision 0.8438 | threshold 0.525 | val_model raw | lr 0.001000
Epoch 10/60 | train_loss 1.1552 | union_precision 0.8788 | weighted_recall 0.3705 | union_precision 0.8788 | threshold 0.525 | val_model raw | lr 0.001000
Epoch 11/60 | train_loss 1.1394 | union_precision 0.8529 | weighted_recall 0.3862 | union_precision 0.8529 | threshold 0.525 | val_model raw | lr 0.001000
Epoch 12/60 | train_loss 1.1268 | union_precision 0.8636 | weighted_recall 0.2949 | union_precision 0.8636 | threshold 0.600 | val_model raw | lr 0.001000
Epoch 13/60 | train_loss 1.1064 | union_precision 0.8571 | weighted_recall 0.1125 | union_precision 0.8571 | threshold 0.700 | val_model raw | lr 0.001000
Epoch 14/60 | train_loss 1.0939 | union_precision 1.0000 | weighted_recall 0.1112 | union_precision 1.0000 | threshold 0.725 | val_model raw | lr 0.001000
Epoch 15/60 | train_loss 1.0819 | union_precision 0.8571 | weighted_recall 0.2093 | union_precision 0.8571 | threshold 0.675 | val_model raw | lr 0.001000
Epoch 16/60 | train_loss 1.0681 | union_precision 0.8571 | weighted_recall 0.2093 | union_precision 0.8571 | threshold 0.675 | val_model raw | lr 0.001000
Epoch 17/60 | train_loss 1.0443 | union_precision 1.0000 | weighted_recall 0.0796 | union_precision 1.0000 | threshold 0.725 | val_model raw | lr 0.001000
Epoch 18/60 | train_loss 1.0440 | union_precision 1.0000 | weighted_recall 0.1111 | union_precision 1.0000 | threshold 0.725 | val_model raw | lr 0.001000
Epoch 19/60 | train_loss 1.0371 | union_precision 1.0000 | weighted_recall 0.1375 | union_precision 1.0000 | threshold 0.725 | val_model raw | lr 0.001000
Epoch 20/60 | train_loss 1.0209 | union_precision 0.8889 | weighted_recall 0.1556 | union_precision 0.8889 | threshold 0.725 | val_model raw | lr 0.001000
Epoch 21/60 | train_loss 1.0200 | union_precision 0.9091 | weighted_recall 0.1843 | union_precision 0.9091 | threshold 0.725 | val_model raw | lr 0.001000
Early stopping at epoch 21
Held-out M07-3 | union_precision=0.8529 | weighted_recall=0.3862 | consensus_recall=0.0000
Epoch 1/60 | train_loss 1.5209 | union_precision 1.0000 | weighted_recall 0.0842 | union_precision 1.0000 | threshold 0.550 | val_model raw | lr 0.001000
Epoch 2/60 | train_loss 1.4176 | union_precision 1.0000 | weighted_recall 0.1151 | union_precision 1.0000 | threshold 0.550 | val_model raw | lr 0.001000
Epoch 3/60 | train_loss 1.3397 | union_precision 0.9400 | weighted_recall 0.6486 | union_precision 0.9400 | threshold 0.050 | val_model raw | lr 0.001000
Epoch 4/60 | train_loss 1.2861 | union_precision 0.9400 | weighted_recall 0.6486 | union_precision 0.9400 | threshold 0.050 | val_model raw | lr 0.001000
Epoch 5/60 | train_loss 1.2586 | union_precision 0.9400 | weighted_recall 0.6486 | union_precision 0.9400 | threshold 0.050 | val_model raw | lr 0.001000
Epoch 6/60 | train_loss 1.2260 | union_precision 0.9400 | weighted_recall 0.6486 | union_precision 0.9400 | threshold 0.050 | val_model raw | lr 0.001000
Epoch 7/60 | train_loss 1.2123 | union_precision 0.9400 | weighted_recall 0.6486 | union_precision 0.9400 | threshold 0.050 | val_model raw | lr 0.001000
Epoch 8/60 | train_loss 1.1794 | union_precision 0.9400 | weighted_recall 0.6486 | union_precision 0.9400 | threshold 0.050 | val_model raw | lr 0.001000
Epoch 9/60 | train_loss 1.1800 | union_precision 0.9400 | weighted_recall 0.6486 | union_precision 0.9400 | threshold 0.050 | val_model raw | lr 0.001000
Epoch 10/60 | train_loss 1.1583 | union_precision 0.9400 | weighted_recall 0.6486 | union_precision 0.9400 | threshold 0.050 | val_model raw | lr 0.001000
Epoch 11/60 | train_loss 1.1403 | union_precision 0.9400 | weighted_recall 0.6486 | union_precision 0.9400 | threshold 0.050 | val_model raw | lr 0.001000
Epoch 12/60 | train_loss 1.1292 | union_precision 0.9400 | weighted_recall 0.6486 | union_precision 0.9400 | threshold 0.050 | val_model raw | lr 0.001000
Epoch 13/60 | train_loss 1.1060 | union_precision 0.9400 | weighted_recall 0.6486 | union_precision 0.9400 | threshold 0.050 | val_model raw | lr 0.001000
Early stopping at epoch 13
Held-out M17-1 | union_precision=0.9400 | weighted_recall=0.6486 | consensus_recall=0.0000
Epoch 1/60 | train_loss 1.5197 | union_precision 0.8571 | weighted_recall 0.1619 | union_precision 0.8571 | threshold 0.550 | val_model raw | lr 0.001000
Epoch 2/60 | train_loss 1.4139 | union_precision 1.0000 | weighted_recall 0.1428 | union_precision 1.0000 | threshold 0.575 | val_model raw | lr 0.001000
Epoch 3/60 | train_loss 1.3362 | union_precision 1.0000 | weighted_recall 0.1619 | union_precision 1.0000 | threshold 0.575 | val_model raw | lr 0.001000
Epoch 4/60 | train_loss 1.2820 | union_precision 0.8667 | weighted_recall 0.2444 | union_precision 0.8667 | threshold 0.550 | val_model raw | lr 0.001000
Epoch 5/60 | train_loss 1.2576 | union_precision 0.8846 | weighted_recall 0.3755 | union_precision 0.8846 | threshold 0.525 | val_model raw | lr 0.001000
Epoch 6/60 | train_loss 1.2228 | union_precision 0.8846 | weighted_recall 0.4244 | union_precision 0.8846 | threshold 0.525 | val_model raw | lr 0.001000
Epoch 7/60 | train_loss 1.2097 | union_precision 0.8621 | weighted_recall 0.4932 | union_precision 0.8621 | threshold 0.050 | val_model raw | lr 0.001000
Epoch 8/60 | train_loss 1.1778 | union_precision 0.8621 | weighted_recall 0.4932 | union_precision 0.8621 | threshold 0.050 | val_model raw | lr 0.001000
Epoch 9/60 | train_loss 1.1777 | union_precision 0.8621 | weighted_recall 0.4932 | union_precision 0.8621 | threshold 0.050 | val_model raw | lr 0.001000
Epoch 10/60 | train_loss 1.1560 | union_precision 0.8929 | weighted_recall 0.4621 | union_precision 0.8929 | threshold 0.500 | val_model raw | lr 0.001000
Epoch 11/60 | train_loss 1.1389 | union_precision 0.8929 | weighted_recall 0.4621 | union_precision 0.8929 | threshold 0.500 | val_model raw | lr 0.001000
Epoch 12/60 | train_loss 1.1270 | union_precision 0.8929 | weighted_recall 0.4621 | union_precision 0.8929 | threshold 0.500 | val_model raw | lr 0.001000
Epoch 13/60 | train_loss 1.1036 | union_precision 0.8929 | weighted_recall 0.4621 | union_precision 0.8929 | threshold 0.475 | val_model raw | lr 0.001000
Epoch 14/60 | train_loss 1.0933 | union_precision 0.8929 | weighted_recall 0.4621 | union_precision 0.8929 | threshold 0.050 | val_model raw | lr 0.001000
Epoch 15/60 | train_loss 1.0811 | union_precision 0.8929 | weighted_recall 0.4621 | union_precision 0.8929 | threshold 0.050 | val_model raw | lr 0.001000
Epoch 16/60 | train_loss 1.0676 | union_precision 0.8929 | weighted_recall 0.4621 | union_precision 0.8929 | threshold 0.050 | val_model raw | lr 0.001000
Epoch 17/60 | train_loss 1.0424 | union_precision 0.8929 | weighted_recall 0.4633 | union_precision 0.8929 | threshold 0.050 | val_model raw | lr 0.001000
Early stopping at epoch 17
Held-out M17-2 | union_precision=0.8621 | weighted_recall=0.4932 | consensus_recall=0.0000
Epoch 1/60 | train_loss 1.5225 | union_precision 1.0000 | weighted_recall 0.0215 | union_precision 1.0000 | threshold 0.625 | val_model raw | lr 0.001000
Epoch 2/60 | train_loss 1.4155 | union_precision 1.0000 | weighted_recall 0.0215 | union_precision 1.0000 | threshold 0.625 | val_model raw | lr 0.001000
Epoch 3/60 | train_loss 1.3345 | union_precision 1.0000 | weighted_recall 0.0236 | union_precision 1.0000 | threshold 0.625 | val_model raw | lr 0.001000
Epoch 4/60 | train_loss 1.2804 | union_precision 1.0000 | weighted_recall 0.0236 | union_precision 1.0000 | threshold 0.625 | val_model raw | lr 0.001000
Epoch 5/60 | train_loss 1.2583 | union_precision 1.0000 | weighted_recall 0.0215 | union_precision 1.0000 | threshold 0.650 | val_model raw | lr 0.001000
Epoch 6/60 | train_loss 1.2217 | union_precision 0.8571 | weighted_recall 0.0462 | union_precision 0.8571 | threshold 0.625 | val_model raw | lr 0.001000
Epoch 7/60 | train_loss 1.2083 | union_precision 0.8571 | weighted_recall 0.0462 | union_precision 0.8571 | threshold 0.625 | val_model raw | lr 0.001000
Epoch 8/60 | train_loss 1.1774 | union_precision 0.8000 | weighted_recall 0.1643 | union_precision 0.8000 | threshold 0.600 | val_model raw | lr 0.001000
Epoch 9/60 | train_loss 1.1761 | union_precision 1.0000 | weighted_recall 0.0215 | union_precision 1.0000 | threshold 0.675 | val_model raw | lr 0.001000
Epoch 10/60 | train_loss 1.1541 | union_precision 0.8182 | weighted_recall 0.0888 | union_precision 0.8182 | threshold 0.650 | val_model raw | lr 0.001000
Epoch 11/60 | train_loss 1.1367 | union_precision 0.8182 | weighted_recall 0.0888 | union_precision 0.8182 | threshold 0.650 | val_model raw | lr 0.001000
Epoch 12/60 | train_loss 1.1251 | union_precision 0.8462 | weighted_recall 0.1232 | union_precision 0.8462 | threshold 0.650 | val_model raw | lr 0.001000
Epoch 13/60 | train_loss 1.1010 | union_precision 0.8571 | weighted_recall 0.1239 | union_precision 0.8571 | threshold 0.650 | val_model raw | lr 0.001000
Epoch 14/60 | train_loss 1.0915 | union_precision 0.8667 | weighted_recall 0.1368 | union_precision 0.8667 | threshold 0.650 | val_model raw | lr 0.001000
Epoch 15/60 | train_loss 1.0801 | union_precision 1.0000 | weighted_recall 0.0196 | union_precision 1.0000 | threshold 0.725 | val_model raw | lr 0.001000
Epoch 16/60 | train_loss 1.0640 | union_precision 1.0000 | weighted_recall 0.0196 | union_precision 1.0000 | threshold 0.750 | val_model raw | lr 0.001000
Epoch 17/60 | train_loss 1.0395 | union_precision 1.0000 | weighted_recall 0.0196 | union_precision 1.0000 | threshold 0.750 | val_model raw | lr 0.001000
Epoch 18/60 | train_loss 1.0411 | union_precision 1.0000 | weighted_recall 0.0434 | union_precision 1.0000 | threshold 0.750 | val_model raw | lr 0.001000
Epoch 19/60 | train_loss 1.0339 | union_precision 1.0000 | weighted_recall 0.0649 | union_precision 1.0000 | threshold 0.750 | val_model raw | lr 0.001000
Epoch 20/60 | train_loss 1.0225 | union_precision 1.0000 | weighted_recall 0.0831 | union_precision 1.0000 | threshold 0.750 | val_model raw | lr 0.001000
Epoch 21/60 | train_loss 1.0192 | union_precision 0.8571 | weighted_recall 0.5230 | union_precision 0.8571 | threshold 0.425 | val_model raw | lr 0.001000
Epoch 22/60 | train_loss 1.0079 | union_precision 0.8667 | weighted_recall 0.2829 | union_precision 0.8667 | threshold 0.650 | val_model raw | lr 0.001000
Epoch 23/60 | train_loss 0.9932 | union_precision 0.8710 | weighted_recall 0.2858 | union_precision 0.8710 | threshold 0.650 | val_model raw | lr 0.001000
Epoch 24/60 | train_loss 0.9863 | union_precision 0.8500 | weighted_recall 0.3774 | union_precision 0.8500 | threshold 0.600 | val_model raw | lr 0.001000
Epoch 25/60 | train_loss 0.9752 | union_precision 0.8537 | weighted_recall 0.3899 | union_precision 0.8537 | threshold 0.600 | val_model raw | lr 0.001000
Epoch 26/60 | train_loss 0.9664 | union_precision 0.8750 | weighted_recall 0.1963 | union_precision 0.8750 | threshold 0.700 | val_model raw | lr 0.001000
Epoch 27/60 | train_loss 0.9606 | union_precision 0.8824 | weighted_recall 0.1994 | union_precision 0.8824 | threshold 0.700 | val_model raw | lr 0.001000
Epoch 28/60 | train_loss 0.9506 | union_precision 1.0000 | weighted_recall 0.0660 | union_precision 1.0000 | threshold 0.775 | val_model raw | lr 0.001000
Epoch 29/60 | train_loss 0.9467 | union_precision 1.0000 | weighted_recall 0.0660 | union_precision 1.0000 | threshold 0.775 | val_model raw | lr 0.001000
Epoch 30/60 | train_loss 0.9452 | union_precision 1.0000 | weighted_recall 0.1407 | union_precision 1.0000 | threshold 0.775 | val_model raw | lr 0.001000
Epoch 31/60 | train_loss 0.9223 | union_precision 0.9167 | weighted_recall 0.1805 | union_precision 0.9167 | threshold 0.750 | val_model raw | lr 0.001000
Early stopping at epoch 31
Held-out M17-3 | union_precision=0.8571 | weighted_recall=0.5230 | consensus_recall=0.0000
Epoch 1/60 | train_loss 1.5249 | union_precision 0.8571 | weighted_recall 0.2607 | union_precision 0.8571 | threshold 0.350 | val_model raw | lr 0.001000
Epoch 2/60 | train_loss 1.4077 | union_precision 0.8542 | weighted_recall 0.2248 | union_precision 0.8542 | threshold 0.450 | val_model raw | lr 0.001000
Epoch 3/60 | train_loss 1.3316 | union_precision 0.8571 | weighted_recall 0.1224 | union_precision 0.8571 | threshold 0.550 | val_model raw | lr 0.001000
Epoch 4/60 | train_loss 1.2784 | union_precision 0.9091 | weighted_recall 0.1087 | union_precision 0.9091 | threshold 0.575 | val_model raw | lr 0.001000
Epoch 5/60 | train_loss 1.2519 | union_precision 0.9091 | weighted_recall 0.1087 | union_precision 0.9091 | threshold 0.575 | val_model raw | lr 0.001000
Epoch 6/60 | train_loss 1.2174 | union_precision 1.0000 | weighted_recall 0.0824 | union_precision 1.0000 | threshold 0.575 | val_model raw | lr 0.001000
Epoch 7/60 | train_loss 1.2041 | union_precision 1.0000 | weighted_recall 0.0906 | union_precision 1.0000 | threshold 0.575 | val_model raw | lr 0.001000
Epoch 8/60 | train_loss 1.1732 | union_precision 0.8667 | weighted_recall 0.1683 | union_precision 0.8667 | threshold 0.550 | val_model raw | lr 0.001000
Epoch 9/60 | train_loss 1.1736 | union_precision 0.8636 | weighted_recall 0.1222 | union_precision 0.8636 | threshold 0.575 | val_model raw | lr 0.001000
Epoch 10/60 | train_loss 1.1493 | union_precision 0.8500 | weighted_recall 0.2385 | union_precision 0.8500 | threshold 0.525 | val_model raw | lr 0.001000
Epoch 11/60 | train_loss 1.1344 | union_precision 0.8605 | weighted_recall 0.2633 | union_precision 0.8605 | threshold 0.525 | val_model raw | lr 0.001000
Epoch 12/60 | train_loss 1.1216 | union_precision 1.0000 | weighted_recall 0.0976 | union_precision 1.0000 | threshold 0.650 | val_model raw | lr 0.001000
Epoch 13/60 | train_loss 1.0989 | union_precision 1.0000 | weighted_recall 0.0976 | union_precision 1.0000 | threshold 0.650 | val_model raw | lr 0.001000
Epoch 14/60 | train_loss 1.0892 | union_precision 0.8571 | weighted_recall 0.2239 | union_precision 0.8571 | threshold 0.525 | val_model raw | lr 0.001000
Epoch 15/60 | train_loss 1.0766 | union_precision 0.8780 | weighted_recall 0.2588 | union_precision 0.8780 | threshold 0.500 | val_model raw | lr 0.001000
Epoch 16/60 | train_loss 1.0623 | union_precision 0.8974 | weighted_recall 0.2654 | union_precision 0.8974 | threshold 0.525 | val_model raw | lr 0.001000
Epoch 17/60 | train_loss 1.0356 | union_precision 0.8947 | weighted_recall 0.2777 | union_precision 0.8947 | threshold 0.525 | val_model raw | lr 0.001000
Epoch 18/60 | train_loss 1.0393 | union_precision 0.8684 | weighted_recall 0.2860 | union_precision 0.8684 | threshold 0.475 | val_model raw | lr 0.001000
Epoch 19/60 | train_loss 1.0315 | union_precision 0.8750 | weighted_recall 0.2878 | union_precision 0.8750 | threshold 0.475 | val_model raw | lr 0.001000
Epoch 20/60 | train_loss 1.0168 | union_precision 0.8718 | weighted_recall 0.2585 | union_precision 0.8718 | threshold 0.475 | val_model raw | lr 0.001000
Epoch 21/60 | train_loss 1.0149 | union_precision 0.8529 | weighted_recall 0.2063 | union_precision 0.8529 | threshold 0.525 | val_model raw | lr 0.001000
Epoch 22/60 | train_loss 1.0069 | union_precision 0.8611 | weighted_recall 0.2107 | union_precision 0.8611 | threshold 0.500 | val_model raw | lr 0.001000
Epoch 23/60 | train_loss 0.9879 | union_precision 0.8611 | weighted_recall 0.2107 | union_precision 0.8611 | threshold 0.500 | val_model raw | lr 0.001000
Epoch 24/60 | train_loss 0.9830 | union_precision 0.8571 | weighted_recall 0.2231 | union_precision 0.8571 | threshold 0.500 | val_model raw | lr 0.001000
Epoch 25/60 | train_loss 0.9729 | union_precision 0.8611 | weighted_recall 0.2331 | union_precision 0.8611 | threshold 0.500 | val_model raw | lr 0.001000
Epoch 26/60 | train_loss 0.9642 | union_precision 0.8649 | weighted_recall 0.2525 | union_precision 0.8649 | threshold 0.475 | val_model raw | lr 0.001000
Epoch 27/60 | train_loss 0.9573 | union_precision 0.8611 | weighted_recall 0.2521 | union_precision 0.8611 | threshold 0.475 | val_model raw | lr 0.001000
Epoch 28/60 | train_loss 0.9497 | union_precision 0.8500 | weighted_recall 0.2705 | union_precision 0.8500 | threshold 0.425 | val_model raw | lr 0.001000
Epoch 29/60 | train_loss 0.9452 | union_precision 0.8605 | weighted_recall 0.3250 | union_precision 0.8605 | threshold 0.225 | val_model raw | lr 0.001000
Epoch 30/60 | train_loss 0.9484 | union_precision 0.8837 | weighted_recall 0.3370 | union_precision 0.8837 | threshold 0.225 | val_model raw | lr 0.001000
Epoch 31/60 | train_loss 0.9238 | union_precision 0.8605 | weighted_recall 0.3349 | union_precision 0.8605 | threshold 0.225 | val_model raw | lr 0.001000
Epoch 32/60 | train_loss 0.9263 | union_precision 0.8605 | weighted_recall 0.3349 | union_precision 0.8605 | threshold 0.225 | val_model raw | lr 0.001000
Epoch 33/60 | train_loss 0.9064 | union_precision 0.8611 | weighted_recall 0.2580 | union_precision 0.8611 | threshold 0.450 | val_model raw | lr 0.001000
Epoch 34/60 | train_loss 0.9065 | union_precision 0.8571 | weighted_recall 0.2413 | union_precision 0.8571 | threshold 0.450 | val_model raw | lr 0.001000
Epoch 35/60 | train_loss 0.8999 | union_precision 0.8571 | weighted_recall 0.2428 | union_precision 0.8571 | threshold 0.450 | val_model raw | lr 0.001000
Epoch 36/60 | train_loss 0.8941 | union_precision 0.8571 | weighted_recall 0.2428 | union_precision 0.8571 | threshold 0.450 | val_model raw | lr 0.001000
Epoch 37/60 | train_loss 0.8868 | union_precision 0.8529 | weighted_recall 0.2406 | union_precision 0.8529 | threshold 0.500 | val_model raw | lr 0.001000
Epoch 38/60 | train_loss 0.8792 | union_precision 0.8649 | weighted_recall 0.2744 | union_precision 0.8649 | threshold 0.450 | val_model raw | lr 0.001000
Epoch 39/60 | train_loss 0.8756 | union_precision 0.8649 | weighted_recall 0.2744 | union_precision 0.8649 | threshold 0.450 | val_model raw | lr 0.001000
Epoch 40/60 | train_loss 0.8660 | union_precision 0.8571 | weighted_recall 0.2674 | union_precision 0.8571 | threshold 0.500 | val_model raw | lr 0.001000
Early stopping at epoch 40
Held-out M17-4 | union_precision=0.8837 | weighted_recall=0.3370 | consensus_recall=0.0000
Epoch 1/60 | train_loss 1.5245 | union_precision 0.7619 | weighted_recall 0.2708 | union_precision 0.7619 | threshold 0.525 | val_model raw | lr 0.001000
Epoch 2/60 | train_loss 1.4101 | union_precision 0.7692 | weighted_recall 0.3224 | union_precision 0.7692 | threshold 0.525 | val_model raw | lr 0.001000
Epoch 3/60 | train_loss 1.3334 | union_precision 0.7812 | weighted_recall 0.3408 | union_precision 0.7812 | threshold 0.525 | val_model raw | lr 0.001000
Epoch 4/60 | train_loss 1.2823 | union_precision 0.7179 | weighted_recall 0.3248 | union_precision 0.7179 | threshold 0.475 | val_model raw | lr 0.001000
Epoch 5/60 | train_loss 1.2578 | union_precision 0.7368 | weighted_recall 0.3264 | union_precision 0.7368 | threshold 0.475 | val_model raw | lr 0.001000
Epoch 6/60 | train_loss 1.2219 | union_precision 0.7500 | weighted_recall 0.3976 | union_precision 0.7500 | threshold 0.475 | val_model raw | lr 0.001000
Epoch 7/60 | train_loss 1.2100 | union_precision 0.7879 | weighted_recall 0.4042 | union_precision 0.7879 | threshold 0.525 | val_model raw | lr 0.001000
Epoch 8/60 | train_loss 1.1794 | union_precision 0.7857 | weighted_recall 0.2021 | union_precision 0.7857 | threshold 0.600 | val_model raw | lr 0.001000
Epoch 9/60 | train_loss 1.1775 | union_precision 0.8462 | weighted_recall 0.3799 | union_precision 0.8462 | threshold 0.550 | val_model raw | lr 0.001000
Epoch 10/60 | train_loss 1.1554 | union_precision 0.8929 | weighted_recall 0.4512 | union_precision 0.8929 | threshold 0.550 | val_model raw | lr 0.001000
Epoch 11/60 | train_loss 1.1390 | union_precision 0.8929 | weighted_recall 0.4512 | union_precision 0.8929 | threshold 0.550 | val_model raw | lr 0.001000
Epoch 12/60 | train_loss 1.1269 | union_precision 0.8519 | weighted_recall 0.4365 | union_precision 0.8519 | threshold 0.550 | val_model raw | lr 0.001000
Epoch 13/60 | train_loss 1.1044 | union_precision 0.8571 | weighted_recall 0.4069 | union_precision 0.8571 | threshold 0.600 | val_model raw | lr 0.001000
Epoch 14/60 | train_loss 1.0929 | union_precision 0.8500 | weighted_recall 0.3960 | union_precision 0.8500 | threshold 0.600 | val_model raw | lr 0.001000
Epoch 15/60 | train_loss 1.0824 | union_precision 0.8696 | weighted_recall 0.4159 | union_precision 0.8696 | threshold 0.600 | val_model raw | lr 0.001000
Epoch 16/60 | train_loss 1.0641 | union_precision 0.8696 | weighted_recall 0.4055 | union_precision 0.8696 | threshold 0.600 | val_model raw | lr 0.001000
Epoch 17/60 | train_loss 1.0428 | union_precision 0.8846 | weighted_recall 0.4343 | union_precision 0.8846 | threshold 0.575 | val_model raw | lr 0.001000
Epoch 18/60 | train_loss 1.0438 | union_precision 0.8846 | weighted_recall 0.4309 | union_precision 0.8846 | threshold 0.575 | val_model raw | lr 0.001000
Epoch 19/60 | train_loss 1.0330 | union_precision 0.8846 | weighted_recall 0.4309 | union_precision 0.8846 | threshold 0.575 | val_model raw | lr 0.001000
Epoch 20/60 | train_loss 1.0194 | union_precision 0.9200 | weighted_recall 0.4309 | union_precision 0.9200 | threshold 0.575 | val_model raw | lr 0.001000
Early stopping at epoch 20
Held-out M24-1 | union_precision=0.8929 | weighted_recall=0.4512 | consensus_recall=0.0000
Epoch 1/60 | train_loss 1.5249 | union_precision 0.8333 | weighted_recall 0.0319 | union_precision 0.8333 | threshold 0.575 | val_model raw | lr 0.001000
Epoch 2/60 | train_loss 1.4113 | union_precision 1.0000 | weighted_recall 0.0104 | union_precision 1.0000 | threshold 0.625 | val_model raw | lr 0.001000
Epoch 3/60 | train_loss 1.3327 | union_precision 1.0000 | weighted_recall 0.0104 | union_precision 1.0000 | threshold 0.650 | val_model raw | lr 0.001000
Epoch 4/60 | train_loss 1.2833 | union_precision 1.0000 | weighted_recall 0.0104 | union_precision 1.0000 | threshold 0.675 | val_model raw | lr 0.001000
Epoch 5/60 | train_loss 1.2583 | union_precision 0.8333 | weighted_recall 0.0288 | union_precision 0.8333 | threshold 0.600 | val_model raw | lr 0.001000
Epoch 6/60 | train_loss 1.2225 | union_precision 0.7692 | weighted_recall 0.2544 | union_precision 0.7692 | threshold 0.500 | val_model raw | lr 0.001000
Epoch 7/60 | train_loss 1.2111 | union_precision 0.7895 | weighted_recall 0.2690 | union_precision 0.7895 | threshold 0.500 | val_model raw | lr 0.001000
Epoch 8/60 | train_loss 1.1822 | union_precision 0.7895 | weighted_recall 0.2686 | union_precision 0.7895 | threshold 0.500 | val_model raw | lr 0.001000
Epoch 9/60 | train_loss 1.1790 | union_precision 0.7381 | weighted_recall 0.2696 | union_precision 0.7381 | threshold 0.450 | val_model raw | lr 0.001000
Epoch 10/60 | train_loss 1.1564 | union_precision 0.7778 | weighted_recall 0.2740 | union_precision 0.7778 | threshold 0.525 | val_model raw | lr 0.001000
Epoch 11/60 | train_loss 1.1386 | union_precision 0.7778 | weighted_recall 0.2740 | union_precision 0.7778 | threshold 0.525 | val_model raw | lr 0.001000
Epoch 12/60 | train_loss 1.1289 | union_precision 1.0000 | weighted_recall 0.0104 | union_precision 1.0000 | threshold 0.725 | val_model raw | lr 0.001000
Early stopping at epoch 12
Held-out M24-2 | union_precision=1.0000 | weighted_recall=0.0104 | consensus_recall=0.0000
Epoch 1/60 | train_loss 1.5248 | union_precision 0.5000 | weighted_recall 0.0259 | union_precision 0.5000 | threshold 0.575 | val_model raw | lr 0.001000
Epoch 2/60 | train_loss 1.4125 | union_precision 1.0000 | weighted_recall 0.0248 | union_precision 1.0000 | threshold 0.650 | val_model raw | lr 0.001000
Epoch 3/60 | train_loss 1.3303 | union_precision 1.0000 | weighted_recall 0.0248 | union_precision 1.0000 | threshold 0.675 | val_model raw | lr 0.001000
Epoch 4/60 | train_loss 1.2853 | union_precision 1.0000 | weighted_recall 0.0248 | union_precision 1.0000 | threshold 0.675 | val_model raw | lr 0.001000
Epoch 5/60 | train_loss 1.2598 | union_precision 1.0000 | weighted_recall 0.0248 | union_precision 1.0000 | threshold 0.675 | val_model raw | lr 0.001000
Epoch 6/60 | train_loss 1.2224 | union_precision 1.0000 | weighted_recall 0.0248 | union_precision 1.0000 | threshold 0.700 | val_model raw | lr 0.001000
Epoch 7/60 | train_loss 1.2128 | union_precision 1.0000 | weighted_recall 0.0248 | union_precision 1.0000 | threshold 0.700 | val_model raw | lr 0.001000
Epoch 8/60 | train_loss 1.1823 | union_precision 1.0000 | weighted_recall 0.0248 | union_precision 1.0000 | threshold 0.700 | val_model raw | lr 0.001000
Epoch 9/60 | train_loss 1.1802 | union_precision 1.0000 | weighted_recall 0.0248 | union_precision 1.0000 | threshold 0.700 | val_model raw | lr 0.001000
Epoch 10/60 | train_loss 1.1569 | union_precision 1.0000 | weighted_recall 0.0248 | union_precision 1.0000 | threshold 0.700 | val_model raw | lr 0.001000
Epoch 11/60 | train_loss 1.1414 | union_precision 1.0000 | weighted_recall 0.0248 | union_precision 1.0000 | threshold 0.725 | val_model raw | lr 0.001000
Epoch 12/60 | train_loss 1.1273 | union_precision 1.0000 | weighted_recall 0.0248 | union_precision 1.0000 | threshold 0.725 | val_model raw | lr 0.001000
Early stopping at epoch 12
Held-out M24-3 | union_precision=1.0000 | weighted_recall=0.0248 | consensus_recall=0.0000
Epoch 1/60 | train_loss 1.5291 | union_precision 0.8750 | weighted_recall 0.0163 | union_precision 0.8750 | threshold 0.575 | val_model raw | lr 0.001000
Epoch 2/60 | train_loss 1.4160 | union_precision 0.7294 | weighted_recall 0.4281 | union_precision 0.7294 | threshold 0.050 | val_model raw | lr 0.001000
Epoch 3/60 | train_loss 1.3299 | union_precision 0.8095 | weighted_recall 0.1131 | union_precision 0.8095 | threshold 0.575 | val_model raw | lr 0.001000
Epoch 4/60 | train_loss 1.2848 | union_precision 0.8395 | weighted_recall 0.4603 | union_precision 0.8395 | threshold 0.425 | val_model raw | lr 0.001000
Epoch 5/60 | train_loss 1.2601 | union_precision 0.8551 | weighted_recall 0.4106 | union_precision 0.8551 | threshold 0.550 | val_model raw | lr 0.001000
Epoch 6/60 | train_loss 1.2223 | union_precision 0.8750 | weighted_recall 0.3717 | union_precision 0.8750 | threshold 0.550 | val_model raw | lr 0.001000
Epoch 7/60 | train_loss 1.2116 | union_precision 0.8767 | weighted_recall 0.4653 | union_precision 0.8767 | threshold 0.525 | val_model raw | lr 0.001000
Epoch 8/60 | train_loss 1.1803 | union_precision 0.8710 | weighted_recall 0.3578 | union_precision 0.8710 | threshold 0.550 | val_model raw | lr 0.001000
Epoch 9/60 | train_loss 1.1779 | union_precision 0.9444 | weighted_recall 0.1321 | union_precision 0.9444 | threshold 0.625 | val_model raw | lr 0.001000
Epoch 10/60 | train_loss 1.1536 | union_precision 0.8889 | weighted_recall 0.1631 | union_precision 0.8889 | threshold 0.625 | val_model raw | lr 0.001000
Epoch 11/60 | train_loss 1.1378 | union_precision 0.8571 | weighted_recall 0.3311 | union_precision 0.8571 | threshold 0.575 | val_model raw | lr 0.001000
Epoch 12/60 | train_loss 1.1224 | union_precision 0.8542 | weighted_recall 0.2918 | union_precision 0.8542 | threshold 0.600 | val_model raw | lr 0.001000
Epoch 13/60 | train_loss 1.1001 | union_precision 0.8600 | weighted_recall 0.3006 | union_precision 0.8600 | threshold 0.600 | val_model raw | lr 0.001000
Epoch 14/60 | train_loss 1.0889 | union_precision 0.8857 | weighted_recall 0.2291 | union_precision 0.8857 | threshold 0.650 | val_model raw | lr 0.001000
Epoch 15/60 | train_loss 1.0743 | union_precision 0.8551 | weighted_recall 0.4150 | union_precision 0.8551 | threshold 0.525 | val_model raw | lr 0.001000
Epoch 16/60 | train_loss 1.0585 | union_precision 0.8514 | weighted_recall 0.4451 | union_precision 0.8514 | threshold 0.500 | val_model raw | lr 0.001000
Epoch 17/60 | train_loss 1.0393 | union_precision 0.8625 | weighted_recall 0.5031 | union_precision 0.8625 | threshold 0.400 | val_model raw | lr 0.001000
Epoch 18/60 | train_loss 1.0391 | union_precision 0.8625 | weighted_recall 0.5031 | union_precision 0.8625 | threshold 0.350 | val_model raw | lr 0.001000
Epoch 19/60 | train_loss 1.0288 | union_precision 0.8554 | weighted_recall 0.5037 | union_precision 0.8554 | threshold 0.050 | val_model raw | lr 0.001000
Epoch 20/60 | train_loss 1.0203 | union_precision 0.8571 | weighted_recall 0.4923 | union_precision 0.8571 | threshold 0.050 | val_model raw | lr 0.001000
Epoch 21/60 | train_loss 1.0147 | union_precision 0.8571 | weighted_recall 0.4923 | union_precision 0.8571 | threshold 0.050 | val_model raw | lr 0.001000
Epoch 22/60 | train_loss 1.0088 | union_precision 0.8537 | weighted_recall 0.4947 | union_precision 0.8537 | threshold 0.250 | val_model raw | lr 0.001000
Epoch 23/60 | train_loss 0.9847 | union_precision 0.8772 | weighted_recall 0.3703 | union_precision 0.8772 | threshold 0.575 | val_model raw | lr 0.001000
Epoch 24/60 | train_loss 0.9764 | union_precision 0.8525 | weighted_recall 0.3770 | union_precision 0.8525 | threshold 0.550 | val_model raw | lr 0.001000
Epoch 25/60 | train_loss 0.9709 | union_precision 0.8727 | weighted_recall 0.3457 | union_precision 0.8727 | threshold 0.575 | val_model raw | lr 0.001000
Epoch 26/60 | train_loss 0.9662 | union_precision 0.8571 | weighted_recall 0.3852 | union_precision 0.8571 | threshold 0.525 | val_model raw | lr 0.001000
Epoch 27/60 | train_loss 0.9551 | union_precision 0.8507 | weighted_recall 0.4419 | union_precision 0.8507 | threshold 0.475 | val_model raw | lr 0.001000
Epoch 28/60 | train_loss 0.9469 | union_precision 0.8507 | weighted_recall 0.4419 | union_precision 0.8507 | threshold 0.475 | val_model raw | lr 0.001000
Epoch 29/60 | train_loss 0.9447 | union_precision 0.8500 | weighted_recall 0.4302 | union_precision 0.8500 | threshold 0.050 | val_model raw | lr 0.001000
Early stopping at epoch 29
Held-out M24-4 | union_precision=0.8554 | weighted_recall=0.5037 | consensus_recall=0.0000
Epoch 1/60 | train_loss 1.5224 | union_precision 0.6667 | weighted_recall 0.0352 | union_precision 0.6667 | threshold 0.550 | val_model raw | lr 0.001000
Epoch 2/60 | train_loss 1.4116 | union_precision 0.6667 | weighted_recall 0.0352 | union_precision 0.6667 | threshold 0.575 | val_model raw | lr 0.001000
Epoch 3/60 | train_loss 1.3283 | union_precision 0.6667 | weighted_recall 0.0442 | union_precision 0.6667 | threshold 0.575 | val_model raw | lr 0.001000
Epoch 4/60 | train_loss 1.2838 | union_precision 0.7500 | weighted_recall 0.0348 | union_precision 0.7500 | threshold 0.600 | val_model raw | lr 0.001000
Epoch 5/60 | train_loss 1.2591 | union_precision 1.0000 | weighted_recall 0.0258 | union_precision 1.0000 | threshold 0.675 | val_model raw | lr 0.001000
Epoch 6/60 | train_loss 1.2248 | union_precision 0.6667 | weighted_recall 0.0718 | union_precision 0.6667 | threshold 0.600 | val_model raw | lr 0.001000
Epoch 7/60 | train_loss 1.2133 | union_precision 0.6667 | weighted_recall 0.0718 | union_precision 0.6667 | threshold 0.600 | val_model raw | lr 0.001000
Epoch 8/60 | train_loss 1.1831 | union_precision 0.6667 | weighted_recall 0.1705 | union_precision 0.6667 | threshold 0.450 | val_model raw | lr 0.001000
Epoch 9/60 | train_loss 1.1799 | union_precision 0.6667 | weighted_recall 0.0629 | union_precision 0.6667 | threshold 0.625 | val_model raw | lr 0.001000
Epoch 10/60 | train_loss 1.1556 | union_precision 0.7857 | weighted_recall 0.2258 | union_precision 0.7857 | threshold 0.575 | val_model raw | lr 0.001000
Epoch 11/60 | train_loss 1.1383 | union_precision 0.7778 | weighted_recall 0.2058 | union_precision 0.7778 | threshold 0.600 | val_model raw | lr 0.001000
Epoch 12/60 | train_loss 1.1277 | union_precision 0.7500 | weighted_recall 0.2015 | union_precision 0.7500 | threshold 0.650 | val_model raw | lr 0.001000
Epoch 13/60 | train_loss 1.1048 | union_precision 0.6923 | weighted_recall 0.3753 | union_precision 0.6923 | threshold 0.600 | val_model raw | lr 0.001000
Epoch 14/60 | train_loss 1.0921 | union_precision 0.7273 | weighted_recall 0.3673 | union_precision 0.7273 | threshold 0.625 | val_model raw | lr 0.001000
Epoch 15/60 | train_loss 1.0773 | union_precision 0.7647 | weighted_recall 0.5441 | union_precision 0.7647 | threshold 0.575 | val_model raw | lr 0.001000
Early stopping at epoch 15
Held-out M30-1 | union_precision=1.0000 | weighted_recall=0.0258 | consensus_recall=0.0000
Epoch 1/60 | train_loss 1.5223 | union_precision 1.0000 | weighted_recall 0.0625 | union_precision 1.0000 | threshold 0.575 | val_model raw | lr 0.001000
Epoch 2/60 | train_loss 1.4115 | union_precision 1.0000 | weighted_recall 0.0625 | union_precision 1.0000 | threshold 0.575 | val_model raw | lr 0.001000
Epoch 3/60 | train_loss 1.3292 | union_precision 1.0000 | weighted_recall 0.0625 | union_precision 1.0000 | threshold 0.600 | val_model raw | lr 0.001000
Epoch 4/60 | train_loss 1.2855 | union_precision 1.0000 | weighted_recall 0.0625 | union_precision 1.0000 | threshold 0.625 | val_model raw | lr 0.001000
Epoch 5/60 | train_loss 1.2594 | union_precision 1.0000 | weighted_recall 0.0625 | union_precision 1.0000 | threshold 0.625 | val_model raw | lr 0.001000
Epoch 6/60 | train_loss 1.2257 | union_precision 1.0000 | weighted_recall 0.0625 | union_precision 1.0000 | threshold 0.650 | val_model raw | lr 0.001000
Epoch 7/60 | train_loss 1.2138 | union_precision 0.8571 | weighted_recall 0.1785 | union_precision 0.8571 | threshold 0.575 | val_model raw | lr 0.001000
Epoch 8/60 | train_loss 1.1846 | union_precision 0.8667 | weighted_recall 0.3340 | union_precision 0.8667 | threshold 0.550 | val_model raw | lr 0.001000
Epoch 9/60 | train_loss 1.1805 | union_precision 0.8824 | weighted_recall 0.3457 | union_precision 0.8824 | threshold 0.550 | val_model raw | lr 0.001000
Epoch 10/60 | train_loss 1.1569 | union_precision 0.8824 | weighted_recall 0.3416 | union_precision 0.8824 | threshold 0.550 | val_model raw | lr 0.001000
Epoch 11/60 | train_loss 1.1389 | union_precision 0.8824 | weighted_recall 0.3416 | union_precision 0.8824 | threshold 0.550 | val_model raw | lr 0.001000
Epoch 12/60 | train_loss 1.1282 | union_precision 0.8571 | weighted_recall 0.4024 | union_precision 0.8571 | threshold 0.500 | val_model raw | lr 0.001000
Epoch 13/60 | train_loss 1.1054 | union_precision 0.8500 | weighted_recall 0.3823 | union_precision 0.8500 | threshold 0.500 | val_model raw | lr 0.001000
Epoch 14/60 | train_loss 1.0934 | union_precision 0.9375 | weighted_recall 0.3715 | union_precision 0.9375 | threshold 0.575 | val_model raw | lr 0.001000
Epoch 15/60 | train_loss 1.0788 | union_precision 0.8500 | weighted_recall 0.3823 | union_precision 0.8500 | threshold 0.475 | val_model raw | lr 0.001000
Epoch 16/60 | train_loss 1.0667 | union_precision 0.9375 | weighted_recall 0.4139 | union_precision 0.9375 | threshold 0.575 | val_model raw | lr 0.001000
Epoch 17/60 | train_loss 1.0473 | union_precision 0.9375 | weighted_recall 0.4384 | union_precision 0.9375 | threshold 0.500 | val_model raw | lr 0.001000
Epoch 18/60 | train_loss 1.0458 | union_precision 0.9375 | weighted_recall 0.4125 | union_precision 0.9375 | threshold 0.500 | val_model raw | lr 0.001000
Epoch 19/60 | train_loss 1.0333 | union_precision 0.9375 | weighted_recall 0.4152 | union_precision 0.9375 | threshold 0.525 | val_model raw | lr 0.001000
Epoch 20/60 | train_loss 1.0247 | union_precision 0.9375 | weighted_recall 0.4152 | union_precision 0.9375 | threshold 0.525 | val_model raw | lr 0.001000
Epoch 21/60 | train_loss 1.0207 | union_precision 0.9375 | weighted_recall 0.4438 | union_precision 0.9375 | threshold 0.525 | val_model raw | lr 0.001000
Epoch 22/60 | train_loss 1.0144 | union_precision 0.9375 | weighted_recall 0.4438 | union_precision 0.9375 | threshold 0.525 | val_model raw | lr 0.001000
Epoch 23/60 | train_loss 0.9897 | union_precision 0.9375 | weighted_recall 0.4398 | union_precision 0.9375 | threshold 0.525 | val_model raw | lr 0.001000
Epoch 24/60 | train_loss 0.9818 | union_precision 1.0000 | weighted_recall 0.4398 | union_precision 1.0000 | threshold 0.650 | val_model raw | lr 0.001000
Epoch 25/60 | train_loss 0.9735 | union_precision 0.8571 | weighted_recall 0.4709 | union_precision 0.8571 | threshold 0.250 | val_model raw | lr 0.001000
Epoch 26/60 | train_loss 0.9705 | union_precision 0.8571 | weighted_recall 0.4709 | union_precision 0.8571 | threshold 0.225 | val_model raw | lr 0.001000
Epoch 27/60 | train_loss 0.9602 | union_precision 0.8500 | weighted_recall 0.4653 | union_precision 0.8500 | threshold 0.050 | val_model raw | lr 0.001000
Epoch 28/60 | train_loss 0.9485 | union_precision 0.8500 | weighted_recall 0.4465 | union_precision 0.8500 | threshold 0.050 | val_model raw | lr 0.001000
Epoch 29/60 | train_loss 0.9492 | union_precision 0.8636 | weighted_recall 0.4506 | union_precision 0.8636 | threshold 0.050 | val_model raw | lr 0.001000
Epoch 30/60 | train_loss 0.9499 | union_precision 0.8636 | weighted_recall 0.4506 | union_precision 0.8636 | threshold 0.050 | val_model raw | lr 0.001000
Epoch 31/60 | train_loss 0.9246 | union_precision 0.8696 | weighted_recall 0.4790 | union_precision 0.8696 | threshold 0.050 | val_model raw | lr 0.001000
Epoch 32/60 | train_loss 0.9306 | union_precision 0.8636 | weighted_recall 0.4777 | union_precision 0.8636 | threshold 0.050 | val_model raw | lr 0.001000
Epoch 33/60 | train_loss 0.9077 | union_precision 0.8750 | weighted_recall 0.4804 | union_precision 0.8750 | threshold 0.050 | val_model raw | lr 0.001000
Epoch 34/60 | train_loss 0.9105 | union_precision 0.9565 | weighted_recall 0.4831 | union_precision 0.9565 | threshold 0.050 | val_model raw | lr 0.001000
Epoch 35/60 | train_loss 0.9035 | union_precision 0.9565 | weighted_recall 0.4831 | union_precision 0.9565 | threshold 0.050 | val_model raw | lr 0.001000
Epoch 36/60 | train_loss 0.8948 | union_precision 0.9565 | weighted_recall 0.4831 | union_precision 0.9565 | threshold 0.050 | val_model raw | lr 0.001000
Epoch 37/60 | train_loss 0.8908 | union_precision 0.9565 | weighted_recall 0.4831 | union_precision 0.9565 | threshold 0.050 | val_model raw | lr 0.001000
Epoch 38/60 | train_loss 0.8839 | union_precision 0.9565 | weighted_recall 0.4831 | union_precision 0.9565 | threshold 0.050 | val_model raw | lr 0.001000
Epoch 39/60 | train_loss 0.8762 | union_precision 0.9565 | weighted_recall 0.4831 | union_precision 0.9565 | threshold 0.050 | val_model raw | lr 0.001000
Epoch 40/60 | train_loss 0.8672 | union_precision 1.0000 | weighted_recall 0.5402 | union_precision 1.0000 | threshold 0.050 | val_model raw | lr 0.001000
Epoch 41/60 | train_loss 0.8713 | union_precision 1.0000 | weighted_recall 0.5402 | union_precision 1.0000 | threshold 0.050 | val_model raw | lr 0.001000
Epoch 42/60 | train_loss 0.8551 | union_precision 1.0000 | weighted_recall 0.5402 | union_precision 1.0000 | threshold 0.050 | val_model raw | lr 0.001000
Epoch 43/60 | train_loss 0.8553 | union_precision 1.0000 | weighted_recall 0.5402 | union_precision 1.0000 | threshold 0.050 | val_model raw | lr 0.001000
Epoch 44/60 | train_loss 0.8455 | union_precision 1.0000 | weighted_recall 0.5402 | union_precision 1.0000 | threshold 0.050 | val_model raw | lr 0.001000
Epoch 45/60 | train_loss 0.8357 | union_precision 1.0000 | weighted_recall 0.5402 | union_precision 1.0000 | threshold 0.050 | val_model raw | lr 0.001000
Epoch 46/60 | train_loss 0.8304 | union_precision 1.0000 | weighted_recall 0.5374 | union_precision 1.0000 | threshold 0.050 | val_model raw | lr 0.001000
Epoch 47/60 | train_loss 0.8331 | union_precision 1.0000 | weighted_recall 0.5374 | union_precision 1.0000 | threshold 0.075 | val_model raw | lr 0.001000
Epoch 48/60 | train_loss 0.8219 | union_precision 1.0000 | weighted_recall 0.5374 | union_precision 1.0000 | threshold 0.075 | val_model raw | lr 0.001000
Epoch 49/60 | train_loss 0.8070 | union_precision 1.0000 | weighted_recall 0.5134 | union_precision 1.0000 | threshold 0.075 | val_model raw | lr 0.001000
Epoch 50/60 | train_loss 0.8156 | union_precision 1.0000 | weighted_recall 0.5161 | union_precision 1.0000 | threshold 0.050 | val_model raw | lr 0.001000
Early stopping at epoch 50
Held-out M30-2 | union_precision=1.0000 | weighted_recall=0.5402 | consensus_recall=0.0000
Epoch 1/60 | train_loss 1.5229 | union_precision 0.6341 | weighted_recall 0.3078 | union_precision 0.6341 | threshold 0.050 | val_model raw | lr 0.001000
Epoch 2/60 | train_loss 1.4103 | union_precision 0.6098 | weighted_recall 0.2602 | union_precision 0.6098 | threshold 0.050 | val_model raw | lr 0.001000
Epoch 3/60 | train_loss 1.3301 | union_precision 0.7805 | weighted_recall 0.3343 | union_precision 0.7805 | threshold 0.050 | val_model raw | lr 0.001000
Epoch 4/60 | train_loss 1.2821 | union_precision 0.8293 | weighted_recall 0.3370 | union_precision 0.8293 | threshold 0.475 | val_model raw | lr 0.001000
Epoch 5/60 | train_loss 1.2580 | union_precision 0.8065 | weighted_recall 0.2658 | union_precision 0.8065 | threshold 0.525 | val_model raw | lr 0.001000
Epoch 6/60 | train_loss 1.2224 | union_precision 0.8605 | weighted_recall 0.3868 | union_precision 0.8605 | threshold 0.475 | val_model raw | lr 0.001000
Epoch 7/60 | train_loss 1.2133 | union_precision 0.8462 | weighted_recall 0.2813 | union_precision 0.8462 | threshold 0.550 | val_model raw | lr 0.001000
Epoch 8/60 | train_loss 1.1841 | union_precision 0.8750 | weighted_recall 0.4417 | union_precision 0.8750 | threshold 0.450 | val_model raw | lr 0.001000
Epoch 9/60 | train_loss 1.1786 | union_precision 0.8958 | weighted_recall 0.4479 | union_precision 0.8958 | threshold 0.450 | val_model raw | lr 0.001000
Epoch 10/60 | train_loss 1.1540 | union_precision 0.8723 | weighted_recall 0.3988 | union_precision 0.8723 | threshold 0.450 | val_model raw | lr 0.001000
Epoch 11/60 | train_loss 1.1355 | union_precision 0.8936 | weighted_recall 0.4146 | union_precision 0.8936 | threshold 0.450 | val_model raw | lr 0.001000
Epoch 12/60 | train_loss 1.1269 | union_precision 0.9130 | weighted_recall 0.4499 | union_precision 0.9130 | threshold 0.450 | val_model raw | lr 0.001000
Epoch 13/60 | train_loss 1.1040 | union_precision 0.9130 | weighted_recall 0.4499 | union_precision 0.9130 | threshold 0.425 | val_model raw | lr 0.001000
Epoch 14/60 | train_loss 1.0907 | union_precision 0.9130 | weighted_recall 0.4499 | union_precision 0.9130 | threshold 0.425 | val_model raw | lr 0.001000
Epoch 15/60 | train_loss 1.0747 | union_precision 0.8913 | weighted_recall 0.4505 | union_precision 0.8913 | threshold 0.050 | val_model raw | lr 0.001000
Epoch 16/60 | train_loss 1.0652 | union_precision 0.8889 | weighted_recall 0.4480 | union_precision 0.8889 | threshold 0.050 | val_model raw | lr 0.001000
Epoch 17/60 | train_loss 1.0447 | union_precision 0.9111 | weighted_recall 0.4587 | union_precision 0.9111 | threshold 0.050 | val_model raw | lr 0.001000
Epoch 18/60 | train_loss 1.0421 | union_precision 0.9333 | weighted_recall 0.4599 | union_precision 0.9333 | threshold 0.050 | val_model raw | lr 0.001000
Epoch 19/60 | train_loss 1.0304 | union_precision 0.9556 | weighted_recall 0.4812 | union_precision 0.9556 | threshold 0.050 | val_model raw | lr 0.001000
Epoch 20/60 | train_loss 1.0213 | union_precision 0.9556 | weighted_recall 0.4812 | union_precision 0.9556 | threshold 0.050 | val_model raw | lr 0.001000
Epoch 21/60 | train_loss 1.0177 | union_precision 0.9556 | weighted_recall 0.5476 | union_precision 0.9556 | threshold 0.050 | val_model raw | lr 0.001000
Epoch 22/60 | train_loss 1.0130 | union_precision 0.9556 | weighted_recall 0.5451 | union_precision 0.9556 | threshold 0.050 | val_model raw | lr 0.001000
Epoch 23/60 | train_loss 0.9861 | union_precision 0.9545 | weighted_recall 0.5437 | union_precision 0.9545 | threshold 0.050 | val_model raw | lr 0.001000
Epoch 24/60 | train_loss 0.9787 | union_precision 0.9545 | weighted_recall 0.5437 | union_precision 0.9545 | threshold 0.050 | val_model raw | lr 0.001000
Epoch 25/60 | train_loss 0.9712 | union_precision 0.9535 | weighted_recall 0.5423 | union_precision 0.9535 | threshold 0.050 | val_model raw | lr 0.001000
Epoch 26/60 | train_loss 0.9662 | union_precision 0.9535 | weighted_recall 0.5423 | union_precision 0.9535 | threshold 0.050 | val_model raw | lr 0.001000
Epoch 27/60 | train_loss 0.9571 | union_precision 0.9524 | weighted_recall 0.5265 | union_precision 0.9524 | threshold 0.050 | val_model raw | lr 0.001000
Epoch 28/60 | train_loss 0.9449 | union_precision 0.9524 | weighted_recall 0.5265 | union_precision 0.9524 | threshold 0.050 | val_model raw | lr 0.001000
Epoch 29/60 | train_loss 0.9472 | union_precision 0.9524 | weighted_recall 0.5265 | union_precision 0.9524 | threshold 0.050 | val_model raw | lr 0.001000
Epoch 30/60 | train_loss 0.9478 | union_precision 0.9286 | weighted_recall 0.5397 | union_precision 0.9286 | threshold 0.050 | val_model raw | lr 0.001000
Epoch 31/60 | train_loss 0.9223 | union_precision 0.9048 | weighted_recall 0.4753 | union_precision 0.9048 | threshold 0.050 | val_model raw | lr 0.001000
Early stopping at epoch 31
Held-out M30-3 | union_precision=0.9556 | weighted_recall=0.5476 | consensus_recall=1.0000
Epoch 1/60 | train_loss 1.5269 | union_precision 0.8750 | weighted_recall 0.3537 | union_precision 0.8750 | threshold 0.475 | val_model raw | lr 0.001000
Epoch 2/60 | train_loss 1.4133 | union_precision 1.0000 | weighted_recall 0.0848 | union_precision 1.0000 | threshold 0.650 | val_model raw | lr 0.001000
Epoch 3/60 | train_loss 1.3302 | union_precision 1.0000 | weighted_recall 0.0848 | union_precision 1.0000 | threshold 0.675 | val_model raw | lr 0.001000
Epoch 4/60 | train_loss 1.2856 | union_precision 1.0000 | weighted_recall 0.0848 | union_precision 1.0000 | threshold 0.700 | val_model raw | lr 0.001000
Epoch 5/60 | train_loss 1.2633 | union_precision 1.0000 | weighted_recall 0.0848 | union_precision 1.0000 | threshold 0.700 | val_model raw | lr 0.001000
Epoch 6/60 | train_loss 1.2260 | union_precision 0.8571 | weighted_recall 0.1270 | union_precision 0.8571 | threshold 0.575 | val_model raw | lr 0.001000
Epoch 7/60 | train_loss 1.2149 | union_precision 0.9000 | weighted_recall 0.1013 | union_precision 0.9000 | threshold 0.600 | val_model raw | lr 0.001000
Epoch 8/60 | train_loss 1.1869 | union_precision 0.9167 | weighted_recall 0.1076 | union_precision 0.9167 | threshold 0.600 | val_model raw | lr 0.001000
Epoch 9/60 | train_loss 1.1778 | union_precision 0.8667 | weighted_recall 0.1219 | union_precision 0.8667 | threshold 0.600 | val_model raw | lr 0.001000
Epoch 10/60 | train_loss 1.1588 | union_precision 0.8571 | weighted_recall 0.1392 | union_precision 0.8571 | threshold 0.625 | val_model raw | lr 0.001000
Epoch 11/60 | train_loss 1.1381 | union_precision 0.8667 | weighted_recall 0.1406 | union_precision 0.8667 | threshold 0.625 | val_model raw | lr 0.001000
Early stopping at epoch 11
Held-out M30-4 | union_precision=0.8750 | weighted_recall=0.3537 | consensus_recall=0.6667
Epoch 1/60 | train_loss 1.5212 | union_precision 0.8947 | weighted_recall 0.3580 | union_precision 0.8947 | threshold 0.050 | val_model raw | lr 0.001000
Epoch 2/60 | train_loss 1.4113 | union_precision 0.9375 | weighted_recall 0.3423 | union_precision 0.9375 | threshold 0.500 | val_model raw | lr 0.001000
Epoch 3/60 | train_loss 1.3272 | union_precision 0.8750 | weighted_recall 0.3397 | union_precision 0.8750 | threshold 0.500 | val_model raw | lr 0.001000
Epoch 4/60 | train_loss 1.2817 | union_precision 0.8667 | weighted_recall 0.3138 | union_precision 0.8667 | threshold 0.550 | val_model raw | lr 0.001000
Epoch 5/60 | train_loss 1.2610 | union_precision 0.8667 | weighted_recall 0.3138 | union_precision 0.8667 | threshold 0.550 | val_model raw | lr 0.001000
Epoch 6/60 | train_loss 1.2246 | union_precision 0.8667 | weighted_recall 0.3138 | union_precision 0.8667 | threshold 0.550 | val_model raw | lr 0.001000
Epoch 7/60 | train_loss 1.2132 | union_precision 0.8750 | weighted_recall 0.3615 | union_precision 0.8750 | threshold 0.500 | val_model raw | lr 0.001000
Epoch 8/60 | train_loss 1.1843 | union_precision 0.8947 | weighted_recall 0.3827 | union_precision 0.8947 | threshold 0.475 | val_model raw | lr 0.001000
Epoch 9/60 | train_loss 1.1773 | union_precision 0.8947 | weighted_recall 0.3827 | union_precision 0.8947 | threshold 0.475 | val_model raw | lr 0.001000
Epoch 10/60 | train_loss 1.1534 | union_precision 0.8500 | weighted_recall 0.3827 | union_precision 0.8500 | threshold 0.475 | val_model raw | lr 0.001000
Epoch 11/60 | train_loss 1.1349 | union_precision 0.8500 | weighted_recall 0.3827 | union_precision 0.8500 | threshold 0.475 | val_model raw | lr 0.001000
Epoch 12/60 | train_loss 1.1254 | union_precision 0.9444 | weighted_recall 0.3827 | union_precision 0.9444 | threshold 0.500 | val_model raw | lr 0.001000
Epoch 13/60 | train_loss 1.1026 | union_precision 0.9444 | weighted_recall 0.3827 | union_precision 0.9444 | threshold 0.500 | val_model raw | lr 0.001000
Epoch 14/60 | train_loss 1.0921 | union_precision 0.8947 | weighted_recall 0.3827 | union_precision 0.8947 | threshold 0.500 | val_model raw | lr 0.001000
Epoch 15/60 | train_loss 1.0778 | union_precision 0.8947 | weighted_recall 0.3827 | union_precision 0.8947 | threshold 0.475 | val_model raw | lr 0.001000
Epoch 16/60 | train_loss 1.0695 | union_precision 0.8947 | weighted_recall 0.3827 | union_precision 0.8947 | threshold 0.475 | val_model raw | lr 0.001000
Epoch 17/60 | train_loss 1.0443 | union_precision 0.8947 | weighted_recall 0.3827 | union_precision 0.8947 | threshold 0.475 | val_model raw | lr 0.001000
Epoch 18/60 | train_loss 1.0426 | union_precision 0.9000 | weighted_recall 0.4196 | union_precision 0.9000 | threshold 0.450 | val_model raw | lr 0.001000
Epoch 19/60 | train_loss 1.0312 | union_precision 0.9000 | weighted_recall 0.4196 | union_precision 0.9000 | threshold 0.450 | val_model raw | lr 0.001000
Epoch 20/60 | train_loss 1.0234 | union_precision 0.9000 | weighted_recall 0.4120 | union_precision 0.9000 | threshold 0.050 | val_model raw | lr 0.001000
Epoch 21/60 | train_loss 1.0170 | union_precision 0.9000 | weighted_recall 0.4120 | union_precision 0.9000 | threshold 0.050 | val_model raw | lr 0.001000
Epoch 22/60 | train_loss 1.0129 | union_precision 0.9524 | weighted_recall 0.3865 | union_precision 0.9524 | threshold 0.050 | val_model raw | lr 0.001000
Epoch 23/60 | train_loss 0.9883 | union_precision 0.9474 | weighted_recall 0.3798 | union_precision 0.9474 | threshold 0.250 | val_model raw | lr 0.001000
Epoch 24/60 | train_loss 0.9802 | union_precision 0.9474 | weighted_recall 0.3798 | union_precision 0.9474 | threshold 0.250 | val_model raw | lr 0.001000
Epoch 25/60 | train_loss 0.9726 | union_precision 0.9474 | weighted_recall 0.3798 | union_precision 0.9474 | threshold 0.225 | val_model raw | lr 0.001000
Epoch 26/60 | train_loss 0.9692 | union_precision 0.9474 | weighted_recall 0.4120 | union_precision 0.9474 | threshold 0.200 | val_model raw | lr 0.001000
Epoch 27/60 | train_loss 0.9577 | union_precision 0.9474 | weighted_recall 0.4120 | union_precision 0.9474 | threshold 0.175 | val_model raw | lr 0.001000
Epoch 28/60 | train_loss 0.9463 | union_precision 0.9474 | weighted_recall 0.4120 | union_precision 0.9474 | threshold 0.150 | val_model raw | lr 0.001000
Early stopping at epoch 28
Held-out M33-1 | union_precision=0.9000 | weighted_recall=0.4196 | consensus_recall=1.0000
Epoch 1/60 | train_loss 1.5238 | union_precision 0.9000 | weighted_recall 0.0655 | union_precision 0.9000 | threshold 0.550 | val_model raw | lr 0.001000
Epoch 2/60 | train_loss 1.4125 | union_precision 1.0000 | weighted_recall 0.0260 | union_precision 1.0000 | threshold 0.600 | val_model raw | lr 0.001000
Epoch 3/60 | train_loss 1.3283 | union_precision 1.0000 | weighted_recall 0.0260 | union_precision 1.0000 | threshold 0.625 | val_model raw | lr 0.001000
Epoch 4/60 | train_loss 1.2819 | union_precision 1.0000 | weighted_recall 0.0010 | union_precision 1.0000 | threshold 0.650 | val_model raw | lr 0.001000
Epoch 5/60 | train_loss 1.2639 | union_precision 1.0000 | weighted_recall 0.0260 | union_precision 1.0000 | threshold 0.650 | val_model raw | lr 0.001000
Epoch 6/60 | train_loss 1.2241 | union_precision 1.0000 | weighted_recall 0.0260 | union_precision 1.0000 | threshold 0.650 | val_model raw | lr 0.001000
Epoch 7/60 | train_loss 1.2144 | union_precision 1.0000 | weighted_recall 0.0260 | union_precision 1.0000 | threshold 0.650 | val_model raw | lr 0.001000
Epoch 8/60 | train_loss 1.1857 | union_precision 1.0000 | weighted_recall 0.0456 | union_precision 1.0000 | threshold 0.650 | val_model raw | lr 0.001000
Epoch 9/60 | train_loss 1.1754 | union_precision 1.0000 | weighted_recall 0.0557 | union_precision 1.0000 | threshold 0.650 | val_model raw | lr 0.001000
Epoch 10/60 | train_loss 1.1520 | union_precision 0.8571 | weighted_recall 0.0667 | union_precision 0.8571 | threshold 0.650 | val_model raw | lr 0.001000
Epoch 11/60 | train_loss 1.1338 | union_precision 1.0000 | weighted_recall 0.0667 | union_precision 1.0000 | threshold 0.675 | val_model raw | lr 0.001000
Epoch 12/60 | train_loss 1.1256 | union_precision 0.8780 | weighted_recall 0.3814 | union_precision 0.8780 | threshold 0.575 | val_model raw | lr 0.001000
Epoch 13/60 | train_loss 1.1034 | union_precision 0.8605 | weighted_recall 0.4186 | union_precision 0.8605 | threshold 0.575 | val_model raw | lr 0.001000
Epoch 14/60 | train_loss 1.0924 | union_precision 0.8837 | weighted_recall 0.4567 | union_precision 0.8837 | threshold 0.575 | val_model raw | lr 0.001000
Epoch 15/60 | train_loss 1.0784 | union_precision 0.9070 | weighted_recall 0.4437 | union_precision 0.9070 | threshold 0.575 | val_model raw | lr 0.001000
Epoch 16/60 | train_loss 1.0667 | union_precision 0.9070 | weighted_recall 0.4737 | union_precision 0.9070 | threshold 0.575 | val_model raw | lr 0.001000
Epoch 17/60 | train_loss 1.0464 | union_precision 0.8776 | weighted_recall 0.4820 | union_precision 0.8776 | threshold 0.525 | val_model raw | lr 0.001000
Epoch 18/60 | train_loss 1.0428 | union_precision 0.8889 | weighted_recall 0.4739 | union_precision 0.8889 | threshold 0.525 | val_model raw | lr 0.001000
Epoch 19/60 | train_loss 1.0287 | union_precision 0.8519 | weighted_recall 0.4627 | union_precision 0.8519 | threshold 0.500 | val_model raw | lr 0.001000
Epoch 20/60 | train_loss 1.0237 | union_precision 0.8679 | weighted_recall 0.4894 | union_precision 0.8679 | threshold 0.500 | val_model raw | lr 0.001000
Epoch 21/60 | train_loss 1.0180 | union_precision 0.8654 | weighted_recall 0.4757 | union_precision 0.8654 | threshold 0.500 | val_model raw | lr 0.001000
Epoch 22/60 | train_loss 1.0106 | union_precision 0.8654 | weighted_recall 0.4757 | union_precision 0.8654 | threshold 0.500 | val_model raw | lr 0.001000
Epoch 23/60 | train_loss 0.9867 | union_precision 0.8519 | weighted_recall 0.4762 | union_precision 0.8519 | threshold 0.475 | val_model raw | lr 0.001000
Epoch 24/60 | train_loss 0.9811 | union_precision 0.8571 | weighted_recall 0.4597 | union_precision 0.8571 | threshold 0.475 | val_model raw | lr 0.001000
Epoch 25/60 | train_loss 0.9701 | union_precision 0.8542 | weighted_recall 0.4593 | union_precision 0.8542 | threshold 0.475 | val_model raw | lr 0.001000
Epoch 26/60 | train_loss 0.9687 | union_precision 0.8511 | weighted_recall 0.4545 | union_precision 0.8511 | threshold 0.450 | val_model raw | lr 0.001000
Epoch 27/60 | train_loss 0.9563 | union_precision 0.8864 | weighted_recall 0.4361 | union_precision 0.8864 | threshold 0.475 | val_model raw | lr 0.001000
Epoch 28/60 | train_loss 0.9445 | union_precision 0.8864 | weighted_recall 0.4361 | union_precision 0.8864 | threshold 0.475 | val_model raw | lr 0.001000
Epoch 29/60 | train_loss 0.9462 | union_precision 0.8864 | weighted_recall 0.4361 | union_precision 0.8864 | threshold 0.450 | val_model raw | lr 0.001000
Epoch 30/60 | train_loss 0.9524 | union_precision 0.8864 | weighted_recall 0.4361 | union_precision 0.8864 | threshold 0.475 | val_model raw | lr 0.001000
Early stopping at epoch 30
Held-out M33-2 | union_precision=0.8679 | weighted_recall=0.4894 | consensus_recall=0.0000
Epoch 1/60 | train_loss 1.5210 | union_precision 0.5714 | weighted_recall 0.2026 | union_precision 0.5714 | threshold 0.500 | val_model raw | lr 0.001000
Epoch 2/60 | train_loss 1.4124 | union_precision 0.5455 | weighted_recall 0.1645 | union_precision 0.5455 | threshold 0.500 | val_model raw | lr 0.001000
Epoch 3/60 | train_loss 1.3268 | union_precision 0.5652 | weighted_recall 0.1581 | union_precision 0.5652 | threshold 0.500 | val_model raw | lr 0.001000
Epoch 4/60 | train_loss 1.2823 | union_precision 0.5263 | weighted_recall 0.1963 | union_precision 0.5263 | threshold 0.525 | val_model raw | lr 0.001000
Epoch 5/60 | train_loss 1.2634 | union_precision 0.5556 | weighted_recall 0.2222 | union_precision 0.5556 | threshold 0.525 | val_model raw | lr 0.001000
Epoch 6/60 | train_loss 1.2262 | union_precision 0.5833 | weighted_recall 0.3608 | union_precision 0.5833 | threshold 0.050 | val_model raw | lr 0.001000
Epoch 7/60 | train_loss 1.2129 | union_precision 0.6250 | weighted_recall 0.1366 | union_precision 0.6250 | threshold 0.575 | val_model raw | lr 0.001000
Epoch 8/60 | train_loss 1.1854 | union_precision 0.7273 | weighted_recall 0.2717 | union_precision 0.7273 | threshold 0.575 | val_model raw | lr 0.001000
Epoch 9/60 | train_loss 1.1755 | union_precision 1.0000 | weighted_recall 0.0618 | union_precision 1.0000 | threshold 0.625 | val_model raw | lr 0.001000
Epoch 10/60 | train_loss 1.1523 | union_precision 0.8889 | weighted_recall 0.3124 | union_precision 0.8889 | threshold 0.600 | val_model raw | lr 0.001000
Epoch 11/60 | train_loss 1.1341 | union_precision 0.8571 | weighted_recall 0.4581 | union_precision 0.8571 | threshold 0.575 | val_model raw | lr 0.001000
Epoch 12/60 | train_loss 1.1244 | union_precision 0.9333 | weighted_recall 0.5357 | union_precision 0.9333 | threshold 0.575 | val_model raw | lr 0.001000
Epoch 13/60 | train_loss 1.1045 | union_precision 0.9333 | weighted_recall 0.5994 | union_precision 0.9333 | threshold 0.575 | val_model raw | lr 0.001000
Epoch 14/60 | train_loss 1.0913 | union_precision 1.0000 | weighted_recall 0.6231 | union_precision 1.0000 | threshold 0.575 | val_model raw | lr 0.001000
Epoch 15/60 | train_loss 1.0780 | union_precision 1.0000 | weighted_recall 0.6231 | union_precision 1.0000 | threshold 0.575 | val_model raw | lr 0.001000
Epoch 16/60 | train_loss 1.0681 | union_precision 1.0000 | weighted_recall 0.6231 | union_precision 1.0000 | threshold 0.550 | val_model raw | lr 0.001000
Epoch 17/60 | train_loss 1.0465 | union_precision 1.0000 | weighted_recall 0.5928 | union_precision 1.0000 | threshold 0.575 | val_model raw | lr 0.001000
Epoch 18/60 | train_loss 1.0435 | union_precision 1.0000 | weighted_recall 0.5928 | union_precision 1.0000 | threshold 0.575 | val_model raw | lr 0.001000
Epoch 19/60 | train_loss 1.0311 | union_precision 0.8889 | weighted_recall 0.5638 | union_precision 0.8889 | threshold 0.525 | val_model raw | lr 0.001000
Epoch 20/60 | train_loss 1.0248 | union_precision 1.0000 | weighted_recall 0.5400 | union_precision 1.0000 | threshold 0.550 | val_model raw | lr 0.001000
Epoch 21/60 | train_loss 1.0198 | union_precision 1.0000 | weighted_recall 0.5400 | union_precision 1.0000 | threshold 0.550 | val_model raw | lr 0.001000
Epoch 22/60 | train_loss 1.0134 | union_precision 0.8889 | weighted_recall 0.5427 | union_precision 0.8889 | threshold 0.500 | val_model raw | lr 0.001000
Epoch 23/60 | train_loss 0.9901 | union_precision 1.0000 | weighted_recall 0.5400 | union_precision 1.0000 | threshold 0.525 | val_model raw | lr 0.001000
Epoch 24/60 | train_loss 0.9828 | union_precision 1.0000 | weighted_recall 0.5400 | union_precision 1.0000 | threshold 0.500 | val_model raw | lr 0.001000
Early stopping at epoch 24
Held-out M33-3 | union_precision=1.0000 | weighted_recall=0.6231 | consensus_recall=0.0000
Epoch 1/60 | train_loss 1.5189 | union_precision 1.0000 | weighted_recall 0.0279 | union_precision 1.0000 | threshold 0.550 | val_model raw | lr 0.001000
Epoch 2/60 | train_loss 1.3939 | union_precision 0.9167 | weighted_recall 0.3392 | union_precision 0.9167 | threshold 0.500 | val_model raw | lr 0.001000
Epoch 3/60 | train_loss 1.3350 | union_precision 0.8830 | weighted_recall 0.4271 | union_precision 0.8830 | threshold 0.050 | val_model raw | lr 0.001000
Epoch 4/60 | train_loss 1.2884 | union_precision 0.8723 | weighted_recall 0.4131 | union_precision 0.8723 | threshold 0.050 | val_model raw | lr 0.001000
Epoch 5/60 | train_loss 1.2627 | union_precision 0.8830 | weighted_recall 0.4140 | union_precision 0.8830 | threshold 0.050 | val_model raw | lr 0.001000
Epoch 6/60 | train_loss 1.2377 | union_precision 0.9140 | weighted_recall 0.4464 | union_precision 0.9140 | threshold 0.050 | val_model raw | lr 0.001000
Epoch 7/60 | train_loss 1.2053 | union_precision 0.9341 | weighted_recall 0.4645 | union_precision 0.9341 | threshold 0.050 | val_model raw | lr 0.001000
Epoch 8/60 | train_loss 1.1855 | union_precision 0.9518 | weighted_recall 0.3998 | union_precision 0.9518 | threshold 0.050 | val_model raw | lr 0.001000
Epoch 9/60 | train_loss 1.1622 | union_precision 0.9250 | weighted_recall 0.3914 | union_precision 0.9250 | threshold 0.050 | val_model raw | lr 0.001000
Epoch 10/60 | train_loss 1.1473 | union_precision 0.9259 | weighted_recall 0.3896 | union_precision 0.9259 | threshold 0.050 | val_model raw | lr 0.001000
Epoch 11/60 | train_loss 1.1211 | union_precision 0.9268 | weighted_recall 0.3905 | union_precision 0.9268 | threshold 0.050 | val_model raw | lr 0.001000
Epoch 12/60 | train_loss 1.1130 | union_precision 0.9157 | weighted_recall 0.3841 | union_precision 0.9157 | threshold 0.050 | val_model raw | lr 0.001000
Epoch 13/60 | train_loss 1.0984 | union_precision 0.8941 | weighted_recall 0.3704 | union_precision 0.8941 | threshold 0.050 | val_model raw | lr 0.001000
Epoch 14/60 | train_loss 1.0894 | union_precision 0.8902 | weighted_recall 0.3742 | union_precision 0.8902 | threshold 0.050 | val_model raw | lr 0.001000
Epoch 15/60 | train_loss 1.0744 | union_precision 0.9125 | weighted_recall 0.3745 | union_precision 0.9125 | threshold 0.050 | val_model raw | lr 0.001000
Epoch 16/60 | train_loss 1.0609 | union_precision 0.9114 | weighted_recall 0.3673 | union_precision 0.9114 | threshold 0.050 | val_model raw | lr 0.001000
Epoch 17/60 | train_loss 1.0510 | union_precision 0.9103 | weighted_recall 0.3639 | union_precision 0.9103 | threshold 0.050 | val_model raw | lr 0.001000
Early stopping at epoch 17
Held-out M33-4 | union_precision=0.9341 | weighted_recall=0.4645 | consensus_recall=0.0000
Epoch 1/60 | train_loss 1.5235 | union_precision 0.7179 | weighted_recall 0.1404 | union_precision 0.7179 | threshold 0.475 | val_model raw | lr 0.001000
Epoch 2/60 | train_loss 1.4077 | union_precision 0.6724 | weighted_recall 0.2594 | union_precision 0.6724 | threshold 0.050 | val_model raw | lr 0.001000
Epoch 3/60 | train_loss 1.3318 | union_precision 0.6721 | weighted_recall 0.2800 | union_precision 0.6721 | threshold 0.050 | val_model raw | lr 0.001000
Epoch 4/60 | train_loss 1.2779 | union_precision 0.6885 | weighted_recall 0.2910 | union_precision 0.6885 | threshold 0.050 | val_model raw | lr 0.001000
Epoch 5/60 | train_loss 1.2622 | union_precision 0.7049 | weighted_recall 0.2854 | union_precision 0.7049 | threshold 0.050 | val_model raw | lr 0.001000
Epoch 6/60 | train_loss 1.2206 | union_precision 0.6949 | weighted_recall 0.2674 | union_precision 0.6949 | threshold 0.050 | val_model raw | lr 0.001000
Epoch 7/60 | train_loss 1.2078 | union_precision 0.6346 | weighted_recall 0.1969 | union_precision 0.6346 | threshold 0.475 | val_model raw | lr 0.001000
Epoch 8/60 | train_loss 1.1848 | union_precision 0.7255 | weighted_recall 0.2226 | union_precision 0.7255 | threshold 0.475 | val_model raw | lr 0.001000
Epoch 9/60 | train_loss 1.1733 | union_precision 0.7451 | weighted_recall 0.2273 | union_precision 0.7451 | threshold 0.475 | val_model raw | lr 0.001000
Epoch 10/60 | train_loss 1.1456 | union_precision 0.7308 | weighted_recall 0.2388 | union_precision 0.7308 | threshold 0.475 | val_model raw | lr 0.001000
Epoch 11/60 | train_loss 1.1284 | union_precision 0.7333 | weighted_recall 0.2325 | union_precision 0.7333 | threshold 0.500 | val_model raw | lr 0.001000
Epoch 12/60 | train_loss 1.1165 | union_precision 0.7391 | weighted_recall 0.2360 | union_precision 0.7391 | threshold 0.500 | val_model raw | lr 0.001000
Epoch 13/60 | train_loss 1.0994 | union_precision 0.8333 | weighted_recall 0.0662 | union_precision 0.8333 | threshold 0.650 | val_model raw | lr 0.001000
Epoch 14/60 | train_loss 1.0853 | union_precision 0.8750 | weighted_recall 0.0872 | union_precision 0.8750 | threshold 0.650 | val_model raw | lr 0.001000
Epoch 15/60 | train_loss 1.0715 | union_precision 0.8333 | weighted_recall 0.2622 | union_precision 0.8333 | threshold 0.550 | val_model raw | lr 0.001000
Epoch 16/60 | train_loss 1.0637 | union_precision 0.8462 | weighted_recall 0.1080 | union_precision 0.8462 | threshold 0.650 | val_model raw | lr 0.001000
Epoch 17/60 | train_loss 1.0424 | union_precision 0.8718 | weighted_recall 0.2757 | union_precision 0.8718 | threshold 0.525 | val_model raw | lr 0.001000
Epoch 18/60 | train_loss 1.0405 | union_precision 0.8571 | weighted_recall 0.2452 | union_precision 0.8571 | threshold 0.550 | val_model raw | lr 0.001000
Epoch 19/60 | train_loss 1.0288 | union_precision 0.8571 | weighted_recall 0.2895 | union_precision 0.8571 | threshold 0.500 | val_model raw | lr 0.001000
Epoch 20/60 | train_loss 1.0203 | union_precision 0.8571 | weighted_recall 0.0557 | union_precision 0.8571 | threshold 0.725 | val_model raw | lr 0.001000
Epoch 21/60 | train_loss 1.0151 | union_precision 0.8571 | weighted_recall 0.1146 | union_precision 0.8571 | threshold 0.700 | val_model raw | lr 0.001000
Epoch 22/60 | train_loss 1.0063 | union_precision 0.8571 | weighted_recall 0.0557 | union_precision 0.8571 | threshold 0.750 | val_model raw | lr 0.001000
Epoch 23/60 | train_loss 0.9823 | union_precision 0.8750 | weighted_recall 0.2122 | union_precision 0.8750 | threshold 0.650 | val_model raw | lr 0.001000
Epoch 24/60 | train_loss 0.9796 | union_precision 0.8800 | weighted_recall 0.2103 | union_precision 0.8800 | threshold 0.650 | val_model raw | lr 0.001000
Epoch 25/60 | train_loss 0.9709 | union_precision 0.8621 | weighted_recall 0.2555 | union_precision 0.8621 | threshold 0.625 | val_model raw | lr 0.001000
Epoch 26/60 | train_loss 0.9673 | union_precision 0.8529 | weighted_recall 0.2866 | union_precision 0.8529 | threshold 0.600 | val_model raw | lr 0.001000
Epoch 27/60 | train_loss 0.9549 | union_precision 0.8571 | weighted_recall 0.3195 | union_precision 0.8571 | threshold 0.475 | val_model raw | lr 0.001000
Epoch 28/60 | train_loss 0.9465 | union_precision 0.8571 | weighted_recall 0.3195 | union_precision 0.8571 | threshold 0.475 | val_model raw | lr 0.001000
Epoch 29/60 | train_loss 0.9402 | union_precision 0.8571 | weighted_recall 0.3613 | union_precision 0.8571 | threshold 0.050 | val_model raw | lr 0.001000
Epoch 30/60 | train_loss 0.9495 | union_precision 0.8571 | weighted_recall 0.3374 | union_precision 0.8571 | threshold 0.250 | val_model raw | lr 0.001000
Epoch 31/60 | train_loss 0.9168 | union_precision 0.8542 | weighted_recall 0.3358 | union_precision 0.8542 | threshold 0.225 | val_model raw | lr 0.001000
Epoch 32/60 | train_loss 0.9187 | union_precision 0.8542 | weighted_recall 0.3358 | union_precision 0.8542 | threshold 0.225 | val_model raw | lr 0.001000
Epoch 33/60 | train_loss 0.9047 | union_precision 0.8542 | weighted_recall 0.3401 | union_precision 0.8542 | threshold 0.225 | val_model raw | lr 0.001000
Epoch 34/60 | train_loss 0.9115 | union_precision 0.8511 | weighted_recall 0.3393 | union_precision 0.8511 | threshold 0.225 | val_model raw | lr 0.001000
Epoch 35/60 | train_loss 0.9012 | union_precision 0.8511 | weighted_recall 0.3393 | union_precision 0.8511 | threshold 0.225 | val_model raw | lr 0.001000
Epoch 36/60 | train_loss 0.8913 | union_precision 0.8511 | weighted_recall 0.3580 | union_precision 0.8511 | threshold 0.300 | val_model raw | lr 0.001000
Epoch 37/60 | train_loss 0.8842 | union_precision 0.8810 | weighted_recall 0.3536 | union_precision 0.8810 | threshold 0.450 | val_model raw | lr 0.001000
Epoch 38/60 | train_loss 0.8765 | union_precision 0.8810 | weighted_recall 0.3536 | union_precision 0.8810 | threshold 0.450 | val_model raw | lr 0.001000
Epoch 39/60 | train_loss 0.8736 | union_precision 0.8780 | weighted_recall 0.3476 | union_precision 0.8780 | threshold 0.450 | val_model raw | lr 0.001000
Early stopping at epoch 39
Held-out M41-1 | union_precision=0.8571 | weighted_recall=0.3613 | consensus_recall=0.0000
Epoch 1/60 | train_loss 1.5211 | union_precision 0.8636 | weighted_recall 0.3043 | union_precision 0.8636 | threshold 0.425 | val_model raw | lr 0.001000
Epoch 2/60 | train_loss 1.4057 | union_precision 0.8846 | weighted_recall 0.3835 | union_precision 0.8846 | threshold 0.050 | val_model raw | lr 0.001000
Epoch 3/60 | train_loss 1.3336 | union_precision 0.9231 | weighted_recall 0.3595 | union_precision 0.9231 | threshold 0.475 | val_model raw | lr 0.001000
Epoch 4/60 | train_loss 1.2806 | union_precision 0.8846 | weighted_recall 0.3415 | union_precision 0.8846 | threshold 0.050 | val_model raw | lr 0.001000
Epoch 5/60 | train_loss 1.2656 | union_precision 0.9231 | weighted_recall 0.3540 | union_precision 0.9231 | threshold 0.050 | val_model raw | lr 0.001000
Epoch 6/60 | train_loss 1.2229 | union_precision 0.9231 | weighted_recall 0.3540 | union_precision 0.9231 | threshold 0.050 | val_model raw | lr 0.001000
Epoch 7/60 | train_loss 1.2105 | union_precision 0.9259 | weighted_recall 0.3802 | union_precision 0.9259 | threshold 0.050 | val_model raw | lr 0.001000
Epoch 8/60 | train_loss 1.1868 | union_precision 0.8889 | weighted_recall 0.3761 | union_precision 0.8889 | threshold 0.050 | val_model raw | lr 0.001000
Epoch 9/60 | train_loss 1.1764 | union_precision 0.9167 | weighted_recall 0.3726 | union_precision 0.9167 | threshold 0.050 | val_model raw | lr 0.001000
Epoch 10/60 | train_loss 1.1493 | union_precision 0.9565 | weighted_recall 0.3917 | union_precision 0.9565 | threshold 0.050 | val_model raw | lr 0.001000
Epoch 11/60 | train_loss 1.1352 | union_precision 0.9565 | weighted_recall 0.3917 | union_precision 0.9565 | threshold 0.050 | val_model raw | lr 0.001000
Epoch 12/60 | train_loss 1.1190 | union_precision 0.9565 | weighted_recall 0.3917 | union_precision 0.9565 | threshold 0.050 | val_model raw | lr 0.001000
Epoch 13/60 | train_loss 1.1042 | union_precision 0.9545 | weighted_recall 0.3848 | union_precision 0.9545 | threshold 0.050 | val_model raw | lr 0.001000
Epoch 14/60 | train_loss 1.0888 | union_precision 0.9545 | weighted_recall 0.3848 | union_precision 0.9545 | threshold 0.050 | val_model raw | lr 0.001000
Epoch 15/60 | train_loss 1.0755 | union_precision 0.9167 | weighted_recall 0.3973 | union_precision 0.9167 | threshold 0.050 | val_model raw | lr 0.001000
Epoch 16/60 | train_loss 1.0688 | union_precision 0.9167 | weighted_recall 0.3973 | union_precision 0.9167 | threshold 0.050 | val_model raw | lr 0.001000
Epoch 17/60 | train_loss 1.0481 | union_precision 0.9167 | weighted_recall 0.3973 | union_precision 0.9167 | threshold 0.050 | val_model raw | lr 0.001000
Epoch 18/60 | train_loss 1.0448 | union_precision 0.9259 | weighted_recall 0.4091 | union_precision 0.9259 | threshold 0.050 | val_model raw | lr 0.001000
Epoch 19/60 | train_loss 1.0326 | union_precision 0.8889 | weighted_recall 0.4010 | union_precision 0.8889 | threshold 0.050 | val_model raw | lr 0.001000
Epoch 20/60 | train_loss 1.0255 | union_precision 0.8800 | weighted_recall 0.3858 | union_precision 0.8800 | threshold 0.050 | val_model raw | lr 0.001000
Epoch 21/60 | train_loss 1.0180 | union_precision 0.8846 | weighted_recall 0.3982 | union_precision 0.8846 | threshold 0.050 | val_model raw | lr 0.001000
Epoch 22/60 | train_loss 1.0092 | union_precision 0.8846 | weighted_recall 0.3982 | union_precision 0.8846 | threshold 0.050 | val_model raw | lr 0.001000
Epoch 23/60 | train_loss 0.9873 | union_precision 0.8846 | weighted_recall 0.3982 | union_precision 0.8846 | threshold 0.050 | val_model raw | lr 0.001000
Epoch 24/60 | train_loss 0.9830 | union_precision 0.8846 | weighted_recall 0.3982 | union_precision 0.8846 | threshold 0.050 | val_model raw | lr 0.001000
Epoch 25/60 | train_loss 0.9719 | union_precision 0.8846 | weighted_recall 0.3982 | union_precision 0.8846 | threshold 0.050 | val_model raw | lr 0.001000
Epoch 26/60 | train_loss 0.9709 | union_precision 0.8846 | weighted_recall 0.3982 | union_precision 0.8846 | threshold 0.050 | val_model raw | lr 0.001000
Epoch 27/60 | train_loss 0.9578 | union_precision 0.8846 | weighted_recall 0.3982 | union_precision 0.8846 | threshold 0.050 | val_model raw | lr 0.001000
Epoch 28/60 | train_loss 0.9470 | union_precision 0.8846 | weighted_recall 0.3982 | union_precision 0.8846 | threshold 0.050 | val_model raw | lr 0.001000
Early stopping at epoch 28
Held-out M41-2 | union_precision=0.9259 | weighted_recall=0.4091 | consensus_recall=0.0000
Epoch 1/60 | train_loss 1.5239 | union_precision 0.9091 | weighted_recall 0.1567 | union_precision 0.9091 | threshold 0.525 | val_model raw | lr 0.001000
Epoch 2/60 | train_loss 1.4060 | union_precision 0.8571 | weighted_recall 0.2240 | union_precision 0.8571 | threshold 0.525 | val_model raw | lr 0.001000
Epoch 3/60 | train_loss 1.3343 | union_precision 0.8667 | weighted_recall 0.2481 | union_precision 0.8667 | threshold 0.525 | val_model raw | lr 0.001000
Epoch 4/60 | train_loss 1.2817 | union_precision 0.8500 | weighted_recall 0.3048 | union_precision 0.8500 | threshold 0.500 | val_model raw | lr 0.001000
Epoch 5/60 | train_loss 1.2659 | union_precision 0.9167 | weighted_recall 0.3401 | union_precision 0.9167 | threshold 0.475 | val_model raw | lr 0.001000
Epoch 6/60 | train_loss 1.2238 | union_precision 0.9565 | weighted_recall 0.3385 | union_precision 0.9565 | threshold 0.475 | val_model raw | lr 0.001000
Epoch 7/60 | train_loss 1.2099 | union_precision 0.9583 | weighted_recall 0.3429 | union_precision 0.9583 | threshold 0.475 | val_model raw | lr 0.001000
Epoch 8/60 | train_loss 1.1868 | union_precision 0.9200 | weighted_recall 0.3663 | union_precision 0.9200 | threshold 0.475 | val_model raw | lr 0.001000
Epoch 9/60 | train_loss 1.1783 | union_precision 0.8519 | weighted_recall 0.3724 | union_precision 0.8519 | threshold 0.450 | val_model raw | lr 0.001000
Epoch 10/60 | train_loss 1.1497 | union_precision 0.8621 | weighted_recall 0.3959 | union_precision 0.8621 | threshold 0.050 | val_model raw | lr 0.001000
Epoch 11/60 | train_loss 1.1373 | union_precision 0.9310 | weighted_recall 0.4164 | union_precision 0.9310 | threshold 0.050 | val_model raw | lr 0.001000
Epoch 12/60 | train_loss 1.1198 | union_precision 0.9310 | weighted_recall 0.4164 | union_precision 0.9310 | threshold 0.050 | val_model raw | lr 0.001000
Epoch 13/60 | train_loss 1.1050 | union_precision 0.9667 | weighted_recall 0.4171 | union_precision 0.9667 | threshold 0.050 | val_model raw | lr 0.001000
Epoch 14/60 | train_loss 1.0894 | union_precision 0.9667 | weighted_recall 0.4171 | union_precision 0.9667 | threshold 0.050 | val_model raw | lr 0.001000
Epoch 15/60 | train_loss 1.0763 | union_precision 0.9667 | weighted_recall 0.4185 | union_precision 0.9667 | threshold 0.050 | val_model raw | lr 0.001000
Epoch 16/60 | train_loss 1.0685 | union_precision 0.9355 | weighted_recall 0.4328 | union_precision 0.9355 | threshold 0.050 | val_model raw | lr 0.001000
Epoch 17/60 | train_loss 1.0471 | union_precision 0.9688 | weighted_recall 0.4650 | union_precision 0.9688 | threshold 0.050 | val_model raw | lr 0.001000
Epoch 18/60 | train_loss 1.0458 | union_precision 0.9697 | weighted_recall 0.4928 | union_precision 0.9697 | threshold 0.050 | val_model raw | lr 0.001000
Epoch 19/60 | train_loss 1.0318 | union_precision 0.9697 | weighted_recall 0.4928 | union_precision 0.9697 | threshold 0.050 | val_model raw | lr 0.001000
Epoch 20/60 | train_loss 1.0266 | union_precision 0.9697 | weighted_recall 0.4928 | union_precision 0.9697 | threshold 0.050 | val_model raw | lr 0.001000
Epoch 21/60 | train_loss 1.0179 | union_precision 0.9091 | weighted_recall 0.4491 | union_precision 0.9091 | threshold 0.050 | val_model raw | lr 0.001000
Epoch 22/60 | train_loss 1.0077 | union_precision 0.9091 | weighted_recall 0.4491 | union_precision 0.9091 | threshold 0.050 | val_model raw | lr 0.001000
Epoch 23/60 | train_loss 0.9870 | union_precision 0.9091 | weighted_recall 0.4491 | union_precision 0.9091 | threshold 0.050 | val_model raw | lr 0.001000
Epoch 24/60 | train_loss 0.9846 | union_precision 0.9091 | weighted_recall 0.4491 | union_precision 0.9091 | threshold 0.050 | val_model raw | lr 0.001000
Epoch 25/60 | train_loss 0.9698 | union_precision 0.8667 | weighted_recall 0.4030 | union_precision 0.8667 | threshold 0.300 | val_model raw | lr 0.001000
Epoch 26/60 | train_loss 0.9715 | union_precision 0.8667 | weighted_recall 0.4030 | union_precision 0.8667 | threshold 0.300 | val_model raw | lr 0.001000
Epoch 27/60 | train_loss 0.9587 | union_precision 0.8621 | weighted_recall 0.3943 | union_precision 0.8621 | threshold 0.300 | val_model raw | lr 0.001000
Epoch 28/60 | train_loss 0.9472 | union_precision 0.8710 | weighted_recall 0.3969 | union_precision 0.8710 | threshold 0.050 | val_model raw | lr 0.001000
Early stopping at epoch 28
Held-out M41-3 | union_precision=0.9697 | weighted_recall=0.4928 | consensus_recall=0.0000
Epoch 1/60 | train_loss 1.5245 | union_precision 0.8750 | weighted_recall 0.3172 | union_precision 0.8750 | threshold 0.550 | val_model raw | lr 0.001000
Epoch 2/60 | train_loss 1.4102 | union_precision 0.8276 | weighted_recall 0.4030 | union_precision 0.8276 | threshold 0.525 | val_model raw | lr 0.001000
Epoch 3/60 | train_loss 1.3345 | union_precision 0.8333 | weighted_recall 0.1629 | union_precision 0.8333 | threshold 0.600 | val_model raw | lr 0.001000
Epoch 4/60 | train_loss 1.2853 | union_precision 0.8261 | weighted_recall 0.3541 | union_precision 0.8261 | threshold 0.575 | val_model raw | lr 0.001000
Epoch 5/60 | train_loss 1.2664 | union_precision 0.8571 | weighted_recall 0.1778 | union_precision 0.8571 | threshold 0.625 | val_model raw | lr 0.001000
Epoch 6/60 | train_loss 1.2265 | union_precision 0.8333 | weighted_recall 0.3569 | union_precision 0.8333 | threshold 0.575 | val_model raw | lr 0.001000
Epoch 7/60 | train_loss 1.2125 | union_precision 0.8571 | weighted_recall 0.1778 | union_precision 0.8571 | threshold 0.650 | val_model raw | lr 0.001000
Epoch 8/60 | train_loss 1.1897 | union_precision 0.8333 | weighted_recall 0.1640 | union_precision 0.8333 | threshold 0.675 | val_model raw | lr 0.001000
Epoch 9/60 | train_loss 1.1788 | union_precision 0.8571 | weighted_recall 0.1778 | union_precision 0.8571 | threshold 0.675 | val_model raw | lr 0.001000
Epoch 10/60 | train_loss 1.1492 | union_precision 1.0000 | weighted_recall 0.0826 | union_precision 1.0000 | threshold 0.725 | val_model raw | lr 0.001000
Epoch 11/60 | train_loss 1.1397 | union_precision 0.8571 | weighted_recall 0.1778 | union_precision 0.8571 | threshold 0.700 | val_model raw | lr 0.001000
Early stopping at epoch 11
Held-out M41-4 | union_precision=0.8750 | weighted_recall=0.3172 | consensus_recall=0.0000
Epoch 1/60 | train_loss 1.5240 | union_precision 1.0000 | weighted_recall 0.0070 | union_precision 1.0000 | threshold 0.625 | val_model raw | lr 0.001000
Epoch 2/60 | train_loss 1.4045 | union_precision 0.6829 | weighted_recall 0.3969 | union_precision 0.6829 | threshold 0.050 | val_model raw | lr 0.001000
Epoch 3/60 | train_loss 1.3329 | union_precision 0.6905 | weighted_recall 0.3977 | union_precision 0.6905 | threshold 0.050 | val_model raw | lr 0.001000
Epoch 4/60 | train_loss 1.2815 | union_precision 0.7209 | weighted_recall 0.4021 | union_precision 0.7209 | threshold 0.050 | val_model raw | lr 0.001000
Epoch 5/60 | train_loss 1.2662 | union_precision 0.7381 | weighted_recall 0.4125 | union_precision 0.7381 | threshold 0.050 | val_model raw | lr 0.001000
Epoch 6/60 | train_loss 1.2254 | union_precision 1.0000 | weighted_recall 0.0009 | union_precision 1.0000 | threshold 0.700 | val_model raw | lr 0.001000
Epoch 7/60 | train_loss 1.2122 | union_precision 1.0000 | weighted_recall 0.0009 | union_precision 1.0000 | threshold 0.700 | val_model raw | lr 0.001000
Epoch 8/60 | train_loss 1.1907 | union_precision 1.0000 | weighted_recall 0.0009 | union_precision 1.0000 | threshold 0.700 | val_model raw | lr 0.001000
Epoch 9/60 | train_loss 1.1796 | union_precision 1.0000 | weighted_recall 0.0009 | union_precision 1.0000 | threshold 0.700 | val_model raw | lr 0.001000
Epoch 10/60 | train_loss 1.1491 | union_precision 1.0000 | weighted_recall 0.0009 | union_precision 1.0000 | threshold 0.725 | val_model raw | lr 0.001000
Epoch 11/60 | train_loss 1.1396 | union_precision 0.8500 | weighted_recall 0.4001 | union_precision 0.8500 | threshold 0.650 | val_model raw | lr 0.001000
Epoch 12/60 | train_loss 1.1229 | union_precision 0.8500 | weighted_recall 0.3873 | union_precision 0.8500 | threshold 0.675 | val_model raw | lr 0.001000
Epoch 13/60 | train_loss 1.1074 | union_precision 0.8333 | weighted_recall 0.1450 | union_precision 0.8333 | threshold 0.750 | val_model raw | lr 0.001000
Epoch 14/60 | train_loss 1.0911 | union_precision 1.0000 | weighted_recall 0.0730 | union_precision 1.0000 | threshold 0.800 | val_model raw | lr 0.001000
Epoch 15/60 | train_loss 1.0774 | union_precision 1.0000 | weighted_recall 0.1112 | union_precision 1.0000 | threshold 0.800 | val_model raw | lr 0.001000
Epoch 16/60 | train_loss 1.0710 | union_precision 0.8500 | weighted_recall 0.3887 | union_precision 0.8500 | threshold 0.675 | val_model raw | lr 0.001000
Epoch 17/60 | train_loss 1.0516 | union_precision 0.9048 | weighted_recall 0.4183 | union_precision 0.9048 | threshold 0.675 | val_model raw | lr 0.001000
Epoch 18/60 | train_loss 1.0477 | union_precision 0.8571 | weighted_recall 0.5301 | union_precision 0.8571 | threshold 0.500 | val_model raw | lr 0.001000
Epoch 19/60 | train_loss 1.0364 | union_precision 0.8571 | weighted_recall 0.5181 | union_precision 0.8571 | threshold 0.500 | val_model raw | lr 0.001000
Epoch 20/60 | train_loss 1.0285 | union_precision 0.8621 | weighted_recall 0.4742 | union_precision 0.8621 | threshold 0.600 | val_model raw | lr 0.001000
Epoch 21/60 | train_loss 1.0187 | union_precision 0.8750 | weighted_recall 0.4293 | union_precision 0.8750 | threshold 0.650 | val_model raw | lr 0.001000
Epoch 22/60 | train_loss 1.0091 | union_precision 0.8571 | weighted_recall 0.5044 | union_precision 0.8571 | threshold 0.475 | val_model raw | lr 0.001000
Epoch 23/60 | train_loss 0.9887 | union_precision 0.8857 | weighted_recall 0.5035 | union_precision 0.8857 | threshold 0.475 | val_model raw | lr 0.001000
Epoch 24/60 | train_loss 0.9878 | union_precision 0.8857 | weighted_recall 0.5313 | union_precision 0.8857 | threshold 0.450 | val_model raw | lr 0.001000
Epoch 25/60 | train_loss 0.9740 | union_precision 0.8857 | weighted_recall 0.5176 | union_precision 0.8857 | threshold 0.450 | val_model raw | lr 0.001000
Epoch 26/60 | train_loss 0.9731 | union_precision 0.8824 | weighted_recall 0.4888 | union_precision 0.8824 | threshold 0.425 | val_model raw | lr 0.001000
Epoch 27/60 | train_loss 0.9579 | union_precision 0.8824 | weighted_recall 0.4888 | union_precision 0.8824 | threshold 0.425 | val_model raw | lr 0.001000
Epoch 28/60 | train_loss 0.9506 | union_precision 0.8857 | weighted_recall 0.4906 | union_precision 0.8857 | threshold 0.425 | val_model raw | lr 0.001000
Epoch 29/60 | train_loss 0.9416 | union_precision 0.8857 | weighted_recall 0.5150 | union_precision 0.8857 | threshold 0.425 | val_model raw | lr 0.001000
Epoch 30/60 | train_loss 0.9526 | union_precision 0.8611 | weighted_recall 0.4686 | union_precision 0.8611 | threshold 0.050 | val_model raw | lr 0.001000
Epoch 31/60 | train_loss 0.9236 | union_precision 0.8611 | weighted_recall 0.4906 | union_precision 0.8611 | threshold 0.200 | val_model raw | lr 0.001000
Epoch 32/60 | train_loss 0.9278 | union_precision 0.8611 | weighted_recall 0.4906 | union_precision 0.8611 | threshold 0.200 | val_model raw | lr 0.001000
Epoch 33/60 | train_loss 0.9117 | union_precision 0.8611 | weighted_recall 0.4906 | union_precision 0.8611 | threshold 0.250 | val_model raw | lr 0.001000
Epoch 34/60 | train_loss 0.9134 | union_precision 0.8649 | weighted_recall 0.5163 | union_precision 0.8649 | threshold 0.250 | val_model raw | lr 0.001000
Early stopping at epoch 34
Held-out M50-1 | union_precision=0.8857 | weighted_recall=0.5313 | consensus_recall=0.0000
Epoch 1/60 | train_loss 1.5232 | union_precision 1.0000 | weighted_recall 0.0018 | union_precision 1.0000 | threshold 0.600 | val_model raw | lr 0.001000
Epoch 2/60 | train_loss 1.4051 | union_precision 0.7500 | weighted_recall 0.1658 | union_precision 0.7500 | threshold 0.500 | val_model raw | lr 0.001000
Epoch 3/60 | train_loss 1.3310 | union_precision 0.8571 | weighted_recall 0.0378 | union_precision 0.8571 | threshold 0.575 | val_model raw | lr 0.001000
Epoch 4/60 | train_loss 1.2801 | union_precision 0.8276 | weighted_recall 0.1713 | union_precision 0.8276 | threshold 0.500 | val_model raw | lr 0.001000
Epoch 5/60 | train_loss 1.2671 | union_precision 0.8261 | weighted_recall 0.1691 | union_precision 0.8261 | threshold 0.525 | val_model raw | lr 0.001000
Epoch 6/60 | train_loss 1.2254 | union_precision 0.8571 | weighted_recall 0.0431 | union_precision 0.8571 | threshold 0.600 | val_model raw | lr 0.001000
Epoch 7/60 | train_loss 1.2124 | union_precision 0.8571 | weighted_recall 0.0431 | union_precision 0.8571 | threshold 0.600 | val_model raw | lr 0.001000
Epoch 8/60 | train_loss 1.1916 | union_precision 0.8571 | weighted_recall 0.0711 | union_precision 0.8571 | threshold 0.600 | val_model raw | lr 0.001000
Epoch 9/60 | train_loss 1.1793 | union_precision 0.8500 | weighted_recall 0.1672 | union_precision 0.8500 | threshold 0.550 | val_model raw | lr 0.001000
Epoch 10/60 | train_loss 1.1511 | union_precision 0.8636 | weighted_recall 0.2192 | union_precision 0.8636 | threshold 0.550 | val_model raw | lr 0.001000
Epoch 11/60 | train_loss 1.1366 | union_precision 0.8636 | weighted_recall 0.3309 | union_precision 0.8636 | threshold 0.450 | val_model raw | lr 0.001000
Epoch 12/60 | train_loss 1.1208 | union_precision 0.8636 | weighted_recall 0.2989 | union_precision 0.8636 | threshold 0.475 | val_model raw | lr 0.001000
Epoch 13/60 | train_loss 1.1078 | union_precision 0.8636 | weighted_recall 0.2958 | union_precision 0.8636 | threshold 0.475 | val_model raw | lr 0.001000
Epoch 14/60 | train_loss 1.0912 | union_precision 0.8600 | weighted_recall 0.3546 | union_precision 0.8600 | threshold 0.050 | val_model raw | lr 0.001000
Epoch 15/60 | train_loss 1.0775 | union_precision 0.8571 | weighted_recall 0.3568 | union_precision 0.8571 | threshold 0.050 | val_model raw | lr 0.001000
Epoch 16/60 | train_loss 1.0731 | union_precision 0.8696 | weighted_recall 0.3729 | union_precision 0.8696 | threshold 0.425 | val_model raw | lr 0.001000
Epoch 17/60 | train_loss 1.0510 | union_precision 0.8723 | weighted_recall 0.3447 | union_precision 0.8723 | threshold 0.400 | val_model raw | lr 0.001000
Epoch 18/60 | train_loss 1.0472 | union_precision 0.8750 | weighted_recall 0.3459 | union_precision 0.8750 | threshold 0.400 | val_model raw | lr 0.001000
Epoch 19/60 | train_loss 1.0371 | union_precision 0.8600 | weighted_recall 0.3469 | union_precision 0.8600 | threshold 0.375 | val_model raw | lr 0.001000
Epoch 20/60 | train_loss 1.0295 | union_precision 0.9020 | weighted_recall 0.3920 | union_precision 0.9020 | threshold 0.350 | val_model raw | lr 0.001000
Epoch 21/60 | train_loss 1.0180 | union_precision 0.8824 | weighted_recall 0.3870 | union_precision 0.8824 | threshold 0.325 | val_model raw | lr 0.001000
Epoch 22/60 | train_loss 1.0092 | union_precision 0.8824 | weighted_recall 0.3870 | union_precision 0.8824 | threshold 0.300 | val_model raw | lr 0.001000
Epoch 23/60 | train_loss 0.9880 | union_precision 0.8800 | weighted_recall 0.3858 | union_precision 0.8800 | threshold 0.275 | val_model raw | lr 0.001000
Epoch 24/60 | train_loss 0.9853 | union_precision 0.8800 | weighted_recall 0.3794 | union_precision 0.8800 | threshold 0.250 | val_model raw | lr 0.001000
Epoch 25/60 | train_loss 0.9714 | union_precision 0.8750 | weighted_recall 0.3602 | union_precision 0.8750 | threshold 0.050 | val_model raw | lr 0.001000
Epoch 26/60 | train_loss 0.9715 | union_precision 0.8696 | weighted_recall 0.3470 | union_precision 0.8696 | threshold 0.050 | val_model raw | lr 0.001000
Epoch 27/60 | train_loss 0.9561 | union_precision 0.8696 | weighted_recall 0.3470 | union_precision 0.8696 | threshold 0.050 | val_model raw | lr 0.001000
Epoch 28/60 | train_loss 0.9506 | union_precision 0.8667 | weighted_recall 0.3429 | union_precision 0.8667 | threshold 0.050 | val_model raw | lr 0.001000
Epoch 29/60 | train_loss 0.9427 | union_precision 0.8667 | weighted_recall 0.3429 | union_precision 0.8667 | threshold 0.050 | val_model raw | lr 0.001000
Epoch 30/60 | train_loss 0.9553 | union_precision 0.8667 | weighted_recall 0.3429 | union_precision 0.8667 | threshold 0.050 | val_model raw | lr 0.001000
Early stopping at epoch 30
Held-out M50-2 | union_precision=0.9020 | weighted_recall=0.3920 | consensus_recall=0.0000
Epoch 1/60 | train_loss 1.5330 | union_precision 1.0000 | weighted_recall 0.0068 | union_precision 1.0000 | threshold 0.675 | val_model raw | lr 0.001000
Epoch 2/60 | train_loss 1.4125 | union_precision 1.0000 | weighted_recall 0.0068 | union_precision 1.0000 | threshold 0.700 | val_model raw | lr 0.001000
Epoch 3/60 | train_loss 1.3374 | union_precision 0.9000 | weighted_recall 0.3822 | union_precision 0.9000 | threshold 0.050 | val_model raw | lr 0.001000
Epoch 4/60 | train_loss 1.2879 | union_precision 0.9121 | weighted_recall 0.4323 | union_precision 0.9121 | threshold 0.050 | val_model raw | lr 0.001000
Epoch 5/60 | train_loss 1.2716 | union_precision 0.9239 | weighted_recall 0.5183 | union_precision 0.9239 | threshold 0.050 | val_model raw | lr 0.001000
Epoch 6/60 | train_loss 1.2326 | union_precision 0.9362 | weighted_recall 0.5605 | union_precision 0.9362 | threshold 0.050 | val_model raw | lr 0.001000
Epoch 7/60 | train_loss 1.2187 | union_precision 0.9468 | weighted_recall 0.5609 | union_precision 0.9468 | threshold 0.050 | val_model raw | lr 0.001000
Epoch 8/60 | train_loss 1.1961 | union_precision 0.9579 | weighted_recall 0.5539 | union_precision 0.9579 | threshold 0.050 | val_model raw | lr 0.001000
Epoch 9/60 | train_loss 1.1833 | union_precision 0.9368 | weighted_recall 0.5364 | union_precision 0.9368 | threshold 0.050 | val_model raw | lr 0.001000
Epoch 10/60 | train_loss 1.1557 | union_precision 0.9375 | weighted_recall 0.5369 | union_precision 0.9375 | threshold 0.050 | val_model raw | lr 0.001000
Epoch 11/60 | train_loss 1.1445 | union_precision 0.9278 | weighted_recall 0.5380 | union_precision 0.9278 | threshold 0.050 | val_model raw | lr 0.001000
Epoch 12/60 | train_loss 1.1270 | union_precision 0.9271 | weighted_recall 0.5371 | union_precision 0.9271 | threshold 0.050 | val_model raw | lr 0.001000
Epoch 13/60 | train_loss 1.1154 | union_precision 0.9271 | weighted_recall 0.5371 | union_precision 0.9271 | threshold 0.050 | val_model raw | lr 0.001000
Epoch 14/60 | train_loss 1.0992 | union_precision 0.9263 | weighted_recall 0.5198 | union_precision 0.9263 | threshold 0.250 | val_model raw | lr 0.001000
Epoch 15/60 | train_loss 1.0843 | union_precision 0.9263 | weighted_recall 0.5334 | union_precision 0.9263 | threshold 0.225 | val_model raw | lr 0.001000
Epoch 16/60 | train_loss 1.0777 | union_precision 0.9368 | weighted_recall 0.5416 | union_precision 0.9368 | threshold 0.200 | val_model raw | lr 0.001000
Epoch 17/60 | train_loss 1.0579 | union_precision 0.9263 | weighted_recall 0.5352 | union_precision 0.9263 | threshold 0.150 | val_model raw | lr 0.001000
Early stopping at epoch 17
Held-out M50-3 | union_precision=0.9468 | weighted_recall=0.5609 | consensus_recall=0.0000
Epoch 1/60 | train_loss 1.5278 | union_precision 1.0000 | weighted_recall 0.0005 | union_precision 1.0000 | threshold 0.575 | val_model raw | lr 0.001000
Epoch 2/60 | train_loss 1.4036 | union_precision 1.0000 | weighted_recall 0.0005 | union_precision 1.0000 | threshold 0.600 | val_model raw | lr 0.001000
Epoch 3/60 | train_loss 1.3320 | union_precision 1.0000 | weighted_recall 0.0347 | union_precision 1.0000 | threshold 0.525 | val_model raw | lr 0.001000
Epoch 4/60 | train_loss 1.2825 | union_precision 0.9091 | weighted_recall 0.1034 | union_precision 0.9091 | threshold 0.525 | val_model raw | lr 0.001000
Epoch 5/60 | train_loss 1.2634 | union_precision 0.8500 | weighted_recall 0.1742 | union_precision 0.8500 | threshold 0.525 | val_model raw | lr 0.001000
Epoch 6/60 | train_loss 1.2208 | union_precision 0.8696 | weighted_recall 0.1825 | union_precision 0.8696 | threshold 0.525 | val_model raw | lr 0.001000
Epoch 7/60 | train_loss 1.2045 | union_precision 0.8929 | weighted_recall 0.1992 | union_precision 0.8929 | threshold 0.525 | val_model raw | lr 0.001000
Epoch 8/60 | train_loss 1.1828 | union_precision 0.9032 | weighted_recall 0.2058 | union_precision 0.9032 | threshold 0.525 | val_model raw | lr 0.001000
Epoch 9/60 | train_loss 1.1749 | union_precision 0.8684 | weighted_recall 0.2215 | union_precision 0.8684 | threshold 0.525 | val_model raw | lr 0.001000
Epoch 10/60 | train_loss 1.1425 | union_precision 0.8846 | weighted_recall 0.1929 | union_precision 0.8846 | threshold 0.550 | val_model raw | lr 0.001000
Epoch 11/60 | train_loss 1.1300 | union_precision 0.8750 | weighted_recall 0.1793 | union_precision 0.8750 | threshold 0.550 | val_model raw | lr 0.001000
Epoch 12/60 | train_loss 1.1126 | union_precision 0.8947 | weighted_recall 0.2063 | union_precision 0.8947 | threshold 0.550 | val_model raw | lr 0.001000
Epoch 13/60 | train_loss 1.1045 | union_precision 0.8571 | weighted_recall 0.2177 | union_precision 0.8571 | threshold 0.550 | val_model raw | lr 0.001000
Epoch 14/60 | train_loss 1.0846 | union_precision 0.8679 | weighted_recall 0.2726 | union_precision 0.8679 | threshold 0.525 | val_model raw | lr 0.001000
Epoch 15/60 | train_loss 1.0706 | union_precision 0.8654 | weighted_recall 0.2760 | union_precision 0.8654 | threshold 0.525 | val_model raw | lr 0.001000
Epoch 16/60 | train_loss 1.0642 | union_precision 0.8837 | weighted_recall 0.2441 | union_precision 0.8837 | threshold 0.550 | val_model raw | lr 0.001000
Epoch 17/60 | train_loss 1.0462 | union_precision 0.8837 | weighted_recall 0.2543 | union_precision 0.8837 | threshold 0.550 | val_model raw | lr 0.001000
Epoch 18/60 | train_loss 1.0375 | union_precision 0.8529 | weighted_recall 0.2929 | union_precision 0.8529 | threshold 0.375 | val_model raw | lr 0.001000
Epoch 19/60 | train_loss 1.0286 | union_precision 0.8679 | weighted_recall 0.2507 | union_precision 0.8679 | threshold 0.500 | val_model raw | lr 0.001000
Epoch 20/60 | train_loss 1.0178 | union_precision 0.8654 | weighted_recall 0.2477 | union_precision 0.8654 | threshold 0.500 | val_model raw | lr 0.001000
Epoch 21/60 | train_loss 1.0050 | union_precision 0.8571 | weighted_recall 0.2411 | union_precision 0.8571 | threshold 0.525 | val_model raw | lr 0.001000
Epoch 22/60 | train_loss 1.0009 | union_precision 0.8600 | weighted_recall 0.2528 | union_precision 0.8600 | threshold 0.525 | val_model raw | lr 0.001000
Epoch 23/60 | train_loss 0.9784 | union_precision 0.8571 | weighted_recall 0.2416 | union_precision 0.8571 | threshold 0.525 | val_model raw | lr 0.001000
Epoch 24/60 | train_loss 0.9792 | union_precision 0.8500 | weighted_recall 0.1814 | union_precision 0.8500 | threshold 0.600 | val_model raw | lr 0.001000
Epoch 25/60 | train_loss 0.9640 | union_precision 0.8571 | weighted_recall 0.2405 | union_precision 0.8571 | threshold 0.525 | val_model raw | lr 0.001000
Epoch 26/60 | train_loss 0.9639 | union_precision 0.8511 | weighted_recall 0.2496 | union_precision 0.8511 | threshold 0.550 | val_model raw | lr 0.001000
Epoch 27/60 | train_loss 0.9479 | union_precision 0.8723 | weighted_recall 0.2603 | union_precision 0.8723 | threshold 0.550 | val_model raw | lr 0.001000
Epoch 28/60 | train_loss 0.9417 | union_precision 0.8723 | weighted_recall 0.2603 | union_precision 0.8723 | threshold 0.550 | val_model raw | lr 0.001000
Early stopping at epoch 28
Held-out M56-1 | union_precision=0.8529 | weighted_recall=0.2929 | consensus_recall=1.0000
Epoch 1/60 | train_loss 1.5243 | union_precision 1.0000 | weighted_recall 0.0235 | union_precision 1.0000 | threshold 0.525 | val_model raw | lr 0.001000
Epoch 2/60 | train_loss 1.4027 | union_precision 1.0000 | weighted_recall 0.0235 | union_precision 1.0000 | threshold 0.550 | val_model raw | lr 0.001000
Epoch 3/60 | train_loss 1.3302 | union_precision 1.0000 | weighted_recall 0.0235 | union_precision 1.0000 | threshold 0.575 | val_model raw | lr 0.001000
Epoch 4/60 | train_loss 1.2823 | union_precision 1.0000 | weighted_recall 0.0235 | union_precision 1.0000 | threshold 0.575 | val_model raw | lr 0.001000
Epoch 5/60 | train_loss 1.2631 | union_precision 1.0000 | weighted_recall 0.0235 | union_precision 1.0000 | threshold 0.600 | val_model raw | lr 0.001000
Epoch 6/60 | train_loss 1.2256 | union_precision 1.0000 | weighted_recall 0.0258 | union_precision 1.0000 | threshold 0.600 | val_model raw | lr 0.001000
Epoch 7/60 | train_loss 1.2063 | union_precision 1.0000 | weighted_recall 0.0273 | union_precision 1.0000 | threshold 0.600 | val_model raw | lr 0.001000
Epoch 8/60 | train_loss 1.1839 | union_precision 0.8571 | weighted_recall 0.0588 | union_precision 0.8571 | threshold 0.600 | val_model raw | lr 0.001000
Epoch 9/60 | train_loss 1.1766 | union_precision 1.0000 | weighted_recall 0.0243 | union_precision 1.0000 | threshold 0.625 | val_model raw | lr 0.001000
Epoch 10/60 | train_loss 1.1417 | union_precision 0.7143 | weighted_recall 0.1003 | union_precision 0.7143 | threshold 0.600 | val_model raw | lr 0.001000
Epoch 11/60 | train_loss 1.1330 | union_precision 0.6667 | weighted_recall 0.0638 | union_precision 0.6667 | threshold 0.625 | val_model raw | lr 0.001000
Epoch 12/60 | train_loss 1.1147 | union_precision 0.6667 | weighted_recall 0.0042 | union_precision 0.6667 | threshold 0.675 | val_model raw | lr 0.001000
Epoch 13/60 | train_loss 1.1064 | union_precision 0.6429 | weighted_recall 0.0631 | union_precision 0.6429 | threshold 0.650 | val_model raw | lr 0.001000
Epoch 14/60 | train_loss 1.0863 | union_precision 0.6250 | weighted_recall 0.0638 | union_precision 0.6250 | threshold 0.650 | val_model raw | lr 0.001000
Epoch 15/60 | train_loss 1.0760 | union_precision 1.0000 | weighted_recall 0.0027 | union_precision 1.0000 | threshold 0.725 | val_model raw | lr 0.001000
Epoch 16/60 | train_loss 1.0688 | union_precision 0.5882 | weighted_recall 0.1128 | union_precision 0.5882 | threshold 0.650 | val_model raw | lr 0.001000
Epoch 17/60 | train_loss 1.0490 | union_precision 1.0000 | weighted_recall 0.0027 | union_precision 1.0000 | threshold 0.750 | val_model raw | lr 0.001000
Epoch 18/60 | train_loss 1.0431 | union_precision 1.0000 | weighted_recall 0.0027 | union_precision 1.0000 | threshold 0.775 | val_model raw | lr 0.001000
Early stopping at epoch 18
Held-out M56-2 | union_precision=0.8571 | weighted_recall=0.0588 | consensus_recall=0.0000
Epoch 1/60 | train_loss 1.5278 | union_precision 0.8750 | weighted_recall 0.1564 | union_precision 0.8750 | threshold 0.525 | val_model raw | lr 0.001000
Epoch 2/60 | train_loss 1.4100 | union_precision 1.0000 | weighted_recall 0.1172 | union_precision 1.0000 | threshold 0.550 | val_model raw | lr 0.001000
Epoch 3/60 | train_loss 1.3377 | union_precision 0.8644 | weighted_recall 0.2622 | union_precision 0.8644 | threshold 0.525 | val_model raw | lr 0.001000
Epoch 4/60 | train_loss 1.2909 | union_precision 0.8750 | weighted_recall 0.3512 | union_precision 0.8750 | threshold 0.500 | val_model raw | lr 0.001000
Epoch 5/60 | train_loss 1.2724 | union_precision 0.8667 | weighted_recall 0.3840 | union_precision 0.8667 | threshold 0.500 | val_model raw | lr 0.001000
Epoch 6/60 | train_loss 1.2332 | union_precision 0.8701 | weighted_recall 0.4147 | union_precision 0.8701 | threshold 0.500 | val_model raw | lr 0.001000
Epoch 7/60 | train_loss 1.2105 | union_precision 0.8765 | weighted_recall 0.4569 | union_precision 0.8765 | threshold 0.500 | val_model raw | lr 0.001000
Epoch 8/60 | train_loss 1.1937 | union_precision 0.8675 | weighted_recall 0.4470 | union_precision 0.8675 | threshold 0.500 | val_model raw | lr 0.001000
Epoch 9/60 | train_loss 1.1834 | union_precision 0.8507 | weighted_recall 0.3402 | union_precision 0.8507 | threshold 0.550 | val_model raw | lr 0.001000
Epoch 10/60 | train_loss 1.1498 | union_precision 0.8545 | weighted_recall 0.2643 | union_precision 0.8545 | threshold 0.575 | val_model raw | lr 0.001000
Epoch 11/60 | train_loss 1.1371 | union_precision 0.8548 | weighted_recall 0.2981 | union_precision 0.8548 | threshold 0.575 | val_model raw | lr 0.001000
Epoch 12/60 | train_loss 1.1185 | union_precision 0.8857 | weighted_recall 0.2130 | union_precision 0.8857 | threshold 0.650 | val_model raw | lr 0.001000
Epoch 13/60 | train_loss 1.1140 | union_precision 0.8571 | weighted_recall 0.3677 | union_precision 0.8571 | threshold 0.575 | val_model raw | lr 0.001000
Epoch 14/60 | train_loss 1.0911 | union_precision 0.8611 | weighted_recall 0.3905 | union_precision 0.8611 | threshold 0.550 | val_model raw | lr 0.001000
Epoch 15/60 | train_loss 1.0854 | union_precision 0.8767 | weighted_recall 0.4213 | union_precision 0.8767 | threshold 0.550 | val_model raw | lr 0.001000
Epoch 16/60 | train_loss 1.0733 | union_precision 0.8571 | weighted_recall 0.4353 | union_precision 0.8571 | threshold 0.525 | val_model raw | lr 0.001000
Epoch 17/60 | train_loss 1.0533 | union_precision 0.8642 | weighted_recall 0.4568 | union_precision 0.8642 | threshold 0.500 | val_model raw | lr 0.001000
Early stopping at epoch 17
Held-out M56-3 | union_precision=0.8765 | weighted_recall=0.4569 | consensus_recall=0.0000
Epoch 1/60 | train_loss 1.5216 | union_precision 0.9286 | weighted_recall 0.1384 | union_precision 0.9286 | threshold 0.525 | val_model raw | lr 0.001000
Epoch 2/60 | train_loss 1.4063 | union_precision 0.9375 | weighted_recall 0.1602 | union_precision 0.9375 | threshold 0.525 | val_model raw | lr 0.001000
Epoch 3/60 | train_loss 1.3328 | union_precision 0.8750 | weighted_recall 0.0740 | union_precision 0.8750 | threshold 0.575 | val_model raw | lr 0.001000
Epoch 4/60 | train_loss 1.2847 | union_precision 0.8571 | weighted_recall 0.0734 | union_precision 0.8571 | threshold 0.575 | val_model raw | lr 0.001000
Epoch 5/60 | train_loss 1.2640 | union_precision 0.8571 | weighted_recall 0.0589 | union_precision 0.8571 | threshold 0.575 | val_model raw | lr 0.001000
Epoch 6/60 | train_loss 1.2244 | union_precision 1.0000 | weighted_recall 0.0577 | union_precision 1.0000 | threshold 0.575 | val_model raw | lr 0.001000
Epoch 7/60 | train_loss 1.2007 | union_precision 1.0000 | weighted_recall 0.0740 | union_precision 1.0000 | threshold 0.575 | val_model raw | lr 0.001000
Epoch 8/60 | train_loss 1.1859 | union_precision 1.0000 | weighted_recall 0.0498 | union_precision 1.0000 | threshold 0.600 | val_model raw | lr 0.001000
Epoch 9/60 | train_loss 1.1734 | union_precision 0.8889 | weighted_recall 0.0740 | union_precision 0.8889 | threshold 0.600 | val_model raw | lr 0.001000
Epoch 10/60 | train_loss 1.1408 | union_precision 0.8571 | weighted_recall 0.0553 | union_precision 0.8571 | threshold 0.625 | val_model raw | lr 0.001000
Epoch 11/60 | train_loss 1.1289 | union_precision 0.8500 | weighted_recall 0.1683 | union_precision 0.8500 | threshold 0.575 | val_model raw | lr 0.001000
Epoch 12/60 | train_loss 1.1135 | union_precision 0.8571 | weighted_recall 0.0963 | union_precision 0.8571 | threshold 0.600 | val_model raw | lr 0.001000
Epoch 13/60 | train_loss 1.1041 | union_precision 0.8667 | weighted_recall 0.1210 | union_precision 0.8667 | threshold 0.600 | val_model raw | lr 0.001000
Epoch 14/60 | train_loss 1.0812 | union_precision 0.8571 | weighted_recall 0.2651 | union_precision 0.8571 | threshold 0.525 | val_model raw | lr 0.001000
Epoch 15/60 | train_loss 1.0731 | union_precision 0.8611 | weighted_recall 0.2783 | union_precision 0.8611 | threshold 0.525 | val_model raw | lr 0.001000
Epoch 16/60 | train_loss 1.0629 | union_precision 0.8537 | weighted_recall 0.3163 | union_precision 0.8537 | threshold 0.500 | val_model raw | lr 0.001000
Epoch 17/60 | train_loss 1.0474 | union_precision 0.9000 | weighted_recall 0.0753 | union_precision 0.9000 | threshold 0.650 | val_model raw | lr 0.001000
Epoch 18/60 | train_loss 1.0388 | union_precision 0.8621 | weighted_recall 0.1934 | union_precision 0.8621 | threshold 0.575 | val_model raw | lr 0.001000
Epoch 19/60 | train_loss 1.0300 | union_precision 0.8750 | weighted_recall 0.2208 | union_precision 0.8750 | threshold 0.575 | val_model raw | lr 0.001000
Epoch 20/60 | train_loss 1.0197 | union_precision 0.8500 | weighted_recall 0.2806 | union_precision 0.8500 | threshold 0.475 | val_model raw | lr 0.001000
Epoch 21/60 | train_loss 1.0010 | union_precision 0.8718 | weighted_recall 0.3314 | union_precision 0.8718 | threshold 0.450 | val_model raw | lr 0.001000
Epoch 22/60 | train_loss 0.9972 | union_precision 0.8537 | weighted_recall 0.3164 | union_precision 0.8537 | threshold 0.450 | val_model raw | lr 0.001000
Epoch 23/60 | train_loss 0.9813 | union_precision 0.8571 | weighted_recall 0.3200 | union_precision 0.8571 | threshold 0.450 | val_model raw | lr 0.001000
Epoch 24/60 | train_loss 0.9813 | union_precision 0.8571 | weighted_recall 0.3207 | union_precision 0.8571 | threshold 0.450 | val_model raw | lr 0.001000
Epoch 25/60 | train_loss 0.9642 | union_precision 0.8636 | weighted_recall 0.3404 | union_precision 0.8636 | threshold 0.400 | val_model raw | lr 0.001000
Epoch 26/60 | train_loss 0.9662 | union_precision 0.8636 | weighted_recall 0.3404 | union_precision 0.8636 | threshold 0.375 | val_model raw | lr 0.001000
Epoch 27/60 | train_loss 0.9499 | union_precision 0.8571 | weighted_recall 0.3200 | union_precision 0.8571 | threshold 0.400 | val_model raw | lr 0.001000
Epoch 28/60 | train_loss 0.9373 | union_precision 0.8500 | weighted_recall 0.3020 | union_precision 0.8500 | threshold 0.425 | val_model raw | lr 0.001000
Epoch 29/60 | train_loss 0.9317 | union_precision 0.8537 | weighted_recall 0.3188 | union_precision 0.8537 | threshold 0.425 | val_model raw | lr 0.001000
Epoch 30/60 | train_loss 0.9409 | union_precision 0.9000 | weighted_recall 0.3099 | union_precision 0.9000 | threshold 0.500 | val_model raw | lr 0.001000
Epoch 31/60 | train_loss 0.9179 | union_precision 0.9000 | weighted_recall 0.3099 | union_precision 0.9000 | threshold 0.500 | val_model raw | lr 0.001000
Epoch 32/60 | train_loss 0.9127 | union_precision 0.9000 | weighted_recall 0.3064 | union_precision 0.9000 | threshold 0.500 | val_model raw | lr 0.001000
Epoch 33/60 | train_loss 0.9050 | union_precision 0.9000 | weighted_recall 0.3064 | union_precision 0.9000 | threshold 0.500 | val_model raw | lr 0.001000
Epoch 34/60 | train_loss 0.9130 | union_precision 0.9250 | weighted_recall 0.3104 | union_precision 0.9250 | threshold 0.500 | val_model raw | lr 0.001000
Epoch 35/60 | train_loss 0.8941 | union_precision 0.9000 | weighted_recall 0.3084 | union_precision 0.9000 | threshold 0.525 | val_model raw | lr 0.001000
Early stopping at epoch 35
Held-out M59-1 | union_precision=0.8636 | weighted_recall=0.3404 | consensus_recall=0.0000
Epoch 1/60 | train_loss 1.5193 | union_precision 0.8750 | weighted_recall 0.3799 | union_precision 0.8750 | threshold 0.050 | val_model raw | lr 0.001000
Epoch 2/60 | train_loss 1.4073 | union_precision 0.8780 | weighted_recall 0.4225 | union_precision 0.8780 | threshold 0.050 | val_model raw | lr 0.001000
Epoch 3/60 | train_loss 1.3338 | union_precision 0.9286 | weighted_recall 0.2583 | union_precision 0.9286 | threshold 0.550 | val_model raw | lr 0.001000
Epoch 4/60 | train_loss 1.2876 | union_precision 0.8571 | weighted_recall 0.4000 | union_precision 0.8571 | threshold 0.525 | val_model raw | lr 0.001000
Epoch 5/60 | train_loss 1.2664 | union_precision 0.8667 | weighted_recall 0.4176 | union_precision 0.8667 | threshold 0.525 | val_model raw | lr 0.001000
Epoch 6/60 | train_loss 1.2264 | union_precision 0.8571 | weighted_recall 0.2860 | union_precision 0.8571 | threshold 0.550 | val_model raw | lr 0.001000
Epoch 7/60 | train_loss 1.2037 | union_precision 0.8750 | weighted_recall 0.3343 | union_precision 0.8750 | threshold 0.550 | val_model raw | lr 0.001000
Epoch 8/60 | train_loss 1.1914 | union_precision 0.8519 | weighted_recall 0.3211 | union_precision 0.8519 | threshold 0.550 | val_model raw | lr 0.001000
Epoch 9/60 | train_loss 1.1761 | union_precision 0.8667 | weighted_recall 0.3968 | union_precision 0.8667 | threshold 0.525 | val_model raw | lr 0.001000
Epoch 10/60 | train_loss 1.1454 | union_precision 0.8889 | weighted_recall 0.3813 | union_precision 0.8889 | threshold 0.550 | val_model raw | lr 0.001000
Epoch 11/60 | train_loss 1.1311 | union_precision 0.8889 | weighted_recall 0.3824 | union_precision 0.8889 | threshold 0.550 | val_model raw | lr 0.001000
Epoch 12/60 | train_loss 1.1198 | union_precision 0.8929 | weighted_recall 0.3543 | union_precision 0.8929 | threshold 0.550 | val_model raw | lr 0.001000
Early stopping at epoch 12
Held-out M59-2 | union_precision=0.8780 | weighted_recall=0.4225 | consensus_recall=0.0000
Epoch 1/60 | train_loss 1.5208 | union_precision 1.0000 | weighted_recall 0.0127 | union_precision 1.0000 | threshold 0.550 | val_model raw | lr 0.001000
Epoch 2/60 | train_loss 1.4068 | union_precision 1.0000 | weighted_recall 0.0241 | union_precision 1.0000 | threshold 0.550 | val_model raw | lr 0.001000
Epoch 3/60 | train_loss 1.3355 | union_precision 0.8657 | weighted_recall 0.4312 | union_precision 0.8657 | threshold 0.450 | val_model raw | lr 0.001000
Epoch 4/60 | train_loss 1.2909 | union_precision 0.8971 | weighted_recall 0.4890 | union_precision 0.8971 | threshold 0.050 | val_model raw | lr 0.001000
Epoch 5/60 | train_loss 1.2698 | union_precision 0.9265 | weighted_recall 0.5031 | union_precision 0.9265 | threshold 0.050 | val_model raw | lr 0.001000
Epoch 6/60 | train_loss 1.2325 | union_precision 0.9275 | weighted_recall 0.5185 | union_precision 0.9275 | threshold 0.050 | val_model raw | lr 0.001000
Epoch 7/60 | train_loss 1.2030 | union_precision 0.9275 | weighted_recall 0.5157 | union_precision 0.9275 | threshold 0.050 | val_model raw | lr 0.001000
Epoch 8/60 | train_loss 1.1942 | union_precision 0.9275 | weighted_recall 0.5157 | union_precision 0.9275 | threshold 0.050 | val_model raw | lr 0.001000
Epoch 9/60 | train_loss 1.1753 | union_precision 0.9143 | weighted_recall 0.5126 | union_precision 0.9143 | threshold 0.050 | val_model raw | lr 0.001000
Epoch 10/60 | train_loss 1.1492 | union_precision 0.9143 | weighted_recall 0.5126 | union_precision 0.9143 | threshold 0.050 | val_model raw | lr 0.001000
Epoch 11/60 | train_loss 1.1329 | union_precision 0.9265 | weighted_recall 0.5082 | union_precision 0.9265 | threshold 0.500 | val_model raw | lr 0.001000
Epoch 12/60 | train_loss 1.1211 | union_precision 0.9265 | weighted_recall 0.5217 | union_precision 0.9265 | threshold 0.050 | val_model raw | lr 0.001000
Epoch 13/60 | train_loss 1.1104 | union_precision 0.9265 | weighted_recall 0.5217 | union_precision 0.9265 | threshold 0.050 | val_model raw | lr 0.001000
Epoch 14/60 | train_loss 1.0871 | union_precision 0.9412 | weighted_recall 0.5372 | union_precision 0.9412 | threshold 0.050 | val_model raw | lr 0.001000
Epoch 15/60 | train_loss 1.0825 | union_precision 0.9420 | weighted_recall 0.5403 | union_precision 0.9420 | threshold 0.050 | val_model raw | lr 0.001000
Epoch 16/60 | train_loss 1.0670 | union_precision 0.9420 | weighted_recall 0.5383 | union_precision 0.9420 | threshold 0.050 | val_model raw | lr 0.001000
Epoch 17/60 | train_loss 1.0561 | union_precision 0.9420 | weighted_recall 0.5287 | union_precision 0.9420 | threshold 0.050 | val_model raw | lr 0.001000
Epoch 18/60 | train_loss 1.0462 | union_precision 0.9420 | weighted_recall 0.5287 | union_precision 0.9420 | threshold 0.050 | val_model raw | lr 0.001000
Epoch 19/60 | train_loss 1.0352 | union_precision 0.9420 | weighted_recall 0.5287 | union_precision 0.9420 | threshold 0.050 | val_model raw | lr 0.001000
Epoch 20/60 | train_loss 1.0322 | union_precision 0.9420 | weighted_recall 0.5271 | union_precision 0.9420 | threshold 0.050 | val_model raw | lr 0.001000
Epoch 21/60 | train_loss 1.0095 | union_precision 0.9275 | weighted_recall 0.5127 | union_precision 0.9275 | threshold 0.050 | val_model raw | lr 0.001000
Epoch 22/60 | train_loss 1.0053 | union_precision 0.9275 | weighted_recall 0.4951 | union_precision 0.9275 | threshold 0.050 | val_model raw | lr 0.001000
Epoch 23/60 | train_loss 0.9881 | union_precision 0.9275 | weighted_recall 0.4951 | union_precision 0.9275 | threshold 0.050 | val_model raw | lr 0.001000
Epoch 24/60 | train_loss 0.9873 | union_precision 0.9275 | weighted_recall 0.4951 | union_precision 0.9275 | threshold 0.050 | val_model raw | lr 0.001000
Epoch 25/60 | train_loss 0.9714 | union_precision 0.9275 | weighted_recall 0.4951 | union_precision 0.9275 | threshold 0.050 | val_model raw | lr 0.001000
Early stopping at epoch 25
Held-out M59-3 | union_precision=0.9420 | weighted_recall=0.5403 | consensus_recall=0.5000
Epoch 1/60 | train_loss 1.5221 | union_precision 1.0000 | weighted_recall 0.0008 | union_precision 1.0000 | threshold 0.600 | val_model raw | lr 0.001000
Epoch 2/60 | train_loss 1.4039 | union_precision 0.7179 | weighted_recall 0.2850 | union_precision 0.7179 | threshold 0.050 | val_model raw | lr 0.001000
Epoch 3/60 | train_loss 1.3288 | union_precision 0.7895 | weighted_recall 0.3076 | union_precision 0.7895 | threshold 0.450 | val_model raw | lr 0.001000
Epoch 4/60 | train_loss 1.2841 | union_precision 0.8049 | weighted_recall 0.3814 | union_precision 0.8049 | threshold 0.050 | val_model raw | lr 0.001000
Epoch 5/60 | train_loss 1.2651 | union_precision 0.8095 | weighted_recall 0.3888 | union_precision 0.8095 | threshold 0.050 | val_model raw | lr 0.001000
Epoch 6/60 | train_loss 1.2276 | union_precision 0.7907 | weighted_recall 0.3910 | union_precision 0.7907 | threshold 0.050 | val_model raw | lr 0.001000
Epoch 7/60 | train_loss 1.2005 | union_precision 0.8000 | weighted_recall 0.3453 | union_precision 0.8000 | threshold 0.050 | val_model raw | lr 0.001000
Epoch 8/60 | train_loss 1.1882 | union_precision 0.8333 | weighted_recall 0.3920 | union_precision 0.8333 | threshold 0.050 | val_model raw | lr 0.001000
Epoch 9/60 | train_loss 1.1713 | union_precision 1.0000 | weighted_recall 0.0058 | union_precision 1.0000 | threshold 0.700 | val_model raw | lr 0.001000
Epoch 10/60 | train_loss 1.1441 | union_precision 0.8571 | weighted_recall 0.3676 | union_precision 0.8571 | threshold 0.050 | val_model raw | lr 0.001000
Epoch 11/60 | train_loss 1.1293 | union_precision 0.8571 | weighted_recall 0.3676 | union_precision 0.8571 | threshold 0.050 | val_model raw | lr 0.001000
Epoch 12/60 | train_loss 1.1175 | union_precision 1.0000 | weighted_recall 0.0630 | union_precision 1.0000 | threshold 0.700 | val_model raw | lr 0.001000
Epoch 13/60 | train_loss 1.1045 | union_precision 1.0000 | weighted_recall 0.0630 | union_precision 1.0000 | threshold 0.725 | val_model raw | lr 0.001000
Epoch 14/60 | train_loss 1.0857 | union_precision 0.8529 | weighted_recall 0.3186 | union_precision 0.8529 | threshold 0.550 | val_model raw | lr 0.001000
Epoch 15/60 | train_loss 1.0790 | union_precision 0.8571 | weighted_recall 0.0848 | union_precision 0.8571 | threshold 0.700 | val_model raw | lr 0.001000
Epoch 16/60 | train_loss 1.0640 | union_precision 0.8529 | weighted_recall 0.3419 | union_precision 0.8529 | threshold 0.550 | val_model raw | lr 0.001000
Epoch 17/60 | train_loss 1.0537 | union_precision 0.8529 | weighted_recall 0.3419 | union_precision 0.8529 | threshold 0.550 | val_model raw | lr 0.001000
Epoch 18/60 | train_loss 1.0424 | union_precision 0.8621 | weighted_recall 0.3404 | union_precision 0.8621 | threshold 0.575 | val_model raw | lr 0.001000
Epoch 19/60 | train_loss 1.0323 | union_precision 0.8621 | weighted_recall 0.3404 | union_precision 0.8621 | threshold 0.575 | val_model raw | lr 0.001000
Epoch 20/60 | train_loss 1.0305 | union_precision 0.8571 | weighted_recall 0.1602 | union_precision 0.8571 | threshold 0.675 | val_model raw | lr 0.001000
Early stopping at epoch 20
Held-out M63-1 | union_precision=0.8571 | weighted_recall=0.3676 | consensus_recall=0.0000
Epoch 1/60 | train_loss 1.5223 | union_precision 0.8710 | weighted_recall 0.3693 | union_precision 0.8710 | threshold 0.050 | val_model raw | lr 0.001000
Epoch 2/60 | train_loss 1.4056 | union_precision 1.0000 | weighted_recall 0.1423 | union_precision 1.0000 | threshold 0.575 | val_model raw | lr 0.001000
Epoch 3/60 | train_loss 1.3316 | union_precision 1.0000 | weighted_recall 0.2056 | union_precision 1.0000 | threshold 0.575 | val_model raw | lr 0.001000
Epoch 4/60 | train_loss 1.2869 | union_precision 1.0000 | weighted_recall 0.2574 | union_precision 1.0000 | threshold 0.575 | val_model raw | lr 0.001000
Epoch 5/60 | train_loss 1.2651 | union_precision 0.8800 | weighted_recall 0.4262 | union_precision 0.8800 | threshold 0.550 | val_model raw | lr 0.001000
Epoch 6/60 | train_loss 1.2290 | union_precision 0.9444 | weighted_recall 0.3608 | union_precision 0.9444 | threshold 0.575 | val_model raw | lr 0.001000
Epoch 7/60 | train_loss 1.2021 | union_precision 0.8800 | weighted_recall 0.4431 | union_precision 0.8800 | threshold 0.550 | val_model raw | lr 0.001000
Epoch 8/60 | train_loss 1.1902 | union_precision 1.0000 | weighted_recall 0.4096 | union_precision 1.0000 | threshold 0.575 | val_model raw | lr 0.001000
Epoch 9/60 | train_loss 1.1732 | union_precision 0.8571 | weighted_recall 0.5514 | union_precision 0.8571 | threshold 0.450 | val_model raw | lr 0.001000
Epoch 10/60 | train_loss 1.1468 | union_precision 0.8571 | weighted_recall 0.5514 | union_precision 0.8571 | threshold 0.450 | val_model raw | lr 0.001000
Epoch 11/60 | train_loss 1.1313 | union_precision 0.8571 | weighted_recall 0.5514 | union_precision 0.8571 | threshold 0.450 | val_model raw | lr 0.001000
Epoch 12/60 | train_loss 1.1187 | union_precision 0.8571 | weighted_recall 0.4617 | union_precision 0.8571 | threshold 0.550 | val_model raw | lr 0.001000
Epoch 13/60 | train_loss 1.1067 | union_precision 0.8571 | weighted_recall 0.4617 | union_precision 0.8571 | threshold 0.550 | val_model raw | lr 0.001000
Epoch 14/60 | train_loss 1.0882 | union_precision 0.8667 | weighted_recall 0.4709 | union_precision 0.8667 | threshold 0.425 | val_model raw | lr 0.001000
Epoch 15/60 | train_loss 1.0824 | union_precision 0.8667 | weighted_recall 0.4709 | union_precision 0.8667 | threshold 0.425 | val_model raw | lr 0.001000
Epoch 16/60 | train_loss 1.0664 | union_precision 0.8667 | weighted_recall 0.4709 | union_precision 0.8667 | threshold 0.400 | val_model raw | lr 0.001000
Epoch 17/60 | train_loss 1.0562 | union_precision 0.8621 | weighted_recall 0.4532 | union_precision 0.8621 | threshold 0.400 | val_model raw | lr 0.001000
Epoch 18/60 | train_loss 1.0440 | union_precision 0.8621 | weighted_recall 0.4532 | union_precision 0.8621 | threshold 0.375 | val_model raw | lr 0.001000
Epoch 19/60 | train_loss 1.0332 | union_precision 0.8621 | weighted_recall 0.4532 | union_precision 0.8621 | threshold 0.375 | val_model raw | lr 0.001000
Early stopping at epoch 19
Held-out M63-3 | union_precision=0.8571 | weighted_recall=0.5514 | consensus_recall=0.0000
Epoch 1/60 | train_loss 1.5202 | union_precision 0.8750 | weighted_recall 0.2480 | union_precision 0.8750 | threshold 0.525 | val_model raw | lr 0.001000
Epoch 2/60 | train_loss 1.4081 | union_precision 0.9545 | weighted_recall 0.5598 | union_precision 0.9545 | threshold 0.500 | val_model raw | lr 0.001000
Epoch 3/60 | train_loss 1.3331 | union_precision 0.8636 | weighted_recall 0.5196 | union_precision 0.8636 | threshold 0.050 | val_model raw | lr 0.001000
Epoch 4/60 | train_loss 1.2877 | union_precision 0.9091 | weighted_recall 0.5624 | union_precision 0.9091 | threshold 0.050 | val_model raw | lr 0.001000
Epoch 5/60 | train_loss 1.2684 | union_precision 0.9091 | weighted_recall 0.5301 | union_precision 0.9091 | threshold 0.050 | val_model raw | lr 0.001000
Epoch 6/60 | train_loss 1.2322 | union_precision 0.9500 | weighted_recall 0.4934 | union_precision 0.9500 | threshold 0.050 | val_model raw | lr 0.001000
Epoch 7/60 | train_loss 1.2054 | union_precision 0.9545 | weighted_recall 0.5407 | union_precision 0.9545 | threshold 0.050 | val_model raw | lr 0.001000
Epoch 8/60 | train_loss 1.1939 | union_precision 0.9565 | weighted_recall 0.5422 | union_precision 0.9565 | threshold 0.050 | val_model raw | lr 0.001000
Epoch 9/60 | train_loss 1.1772 | union_precision 0.9524 | weighted_recall 0.5263 | union_precision 0.9524 | threshold 0.050 | val_model raw | lr 0.001000
Epoch 10/60 | train_loss 1.1507 | union_precision 0.9048 | weighted_recall 0.4938 | union_precision 0.9048 | threshold 0.050 | val_model raw | lr 0.001000
Epoch 11/60 | train_loss 1.1353 | union_precision 0.9500 | weighted_recall 0.4906 | union_precision 0.9500 | threshold 0.050 | val_model raw | lr 0.001000
Epoch 12/60 | train_loss 1.1231 | union_precision 0.9500 | weighted_recall 0.4906 | union_precision 0.9500 | threshold 0.050 | val_model raw | lr 0.001000
Epoch 13/60 | train_loss 1.1113 | union_precision 0.9500 | weighted_recall 0.4906 | union_precision 0.9500 | threshold 0.050 | val_model raw | lr 0.001000
Epoch 14/60 | train_loss 1.0930 | union_precision 0.9500 | weighted_recall 0.4560 | union_precision 0.9500 | threshold 0.050 | val_model raw | lr 0.001000
Early stopping at epoch 14
Held-out M67-1 | union_precision=0.9091 | weighted_recall=0.5624 | consensus_recall=0.0000
Epoch 1/60 | train_loss 1.5191 | union_precision 0.7241 | weighted_recall 0.3162 | union_precision 0.7241 | threshold 0.475 | val_model raw | lr 0.001000
Epoch 2/60 | train_loss 1.4061 | union_precision 0.6667 | weighted_recall 0.3208 | union_precision 0.6667 | threshold 0.425 | val_model raw | lr 0.001000
Epoch 3/60 | train_loss 1.3310 | union_precision 0.7143 | weighted_recall 0.2505 | union_precision 0.7143 | threshold 0.500 | val_model raw | lr 0.001000
Epoch 4/60 | train_loss 1.2851 | union_precision 0.8235 | weighted_recall 0.3456 | union_precision 0.8235 | threshold 0.050 | val_model raw | lr 0.001000
Epoch 5/60 | train_loss 1.2640 | union_precision 0.8235 | weighted_recall 0.3456 | union_precision 0.8235 | threshold 0.050 | val_model raw | lr 0.001000
Epoch 6/60 | train_loss 1.2288 | union_precision 0.8182 | weighted_recall 0.3439 | union_precision 0.8182 | threshold 0.050 | val_model raw | lr 0.001000
Epoch 7/60 | train_loss 1.2029 | union_precision 0.8182 | weighted_recall 0.3439 | union_precision 0.8182 | threshold 0.050 | val_model raw | lr 0.001000
Epoch 8/60 | train_loss 1.1905 | union_precision 0.8529 | weighted_recall 0.3712 | union_precision 0.8529 | threshold 0.050 | val_model raw | lr 0.001000
Epoch 9/60 | train_loss 1.1742 | union_precision 0.8571 | weighted_recall 0.3798 | union_precision 0.8571 | threshold 0.050 | val_model raw | lr 0.001000
Epoch 10/60 | train_loss 1.1480 | union_precision 0.8529 | weighted_recall 0.3777 | union_precision 0.8529 | threshold 0.050 | val_model raw | lr 0.001000
Epoch 11/60 | train_loss 1.1331 | union_precision 1.0000 | weighted_recall 0.0199 | union_precision 1.0000 | threshold 0.675 | val_model raw | lr 0.001000
Epoch 12/60 | train_loss 1.1203 | union_precision 0.8750 | weighted_recall 0.3621 | union_precision 0.8750 | threshold 0.050 | val_model raw | lr 0.001000
Epoch 13/60 | train_loss 1.1080 | union_precision 0.8667 | weighted_recall 0.3794 | union_precision 0.8667 | threshold 0.050 | val_model raw | lr 0.001000
Epoch 14/60 | train_loss 1.0913 | union_precision 0.8710 | weighted_recall 0.3898 | union_precision 0.8710 | threshold 0.050 | val_model raw | lr 0.001000
Epoch 15/60 | train_loss 1.0834 | union_precision 0.8667 | weighted_recall 0.3813 | union_precision 0.8667 | threshold 0.050 | val_model raw | lr 0.001000
Epoch 16/60 | train_loss 1.0690 | union_precision 0.8667 | weighted_recall 0.3813 | union_precision 0.8667 | threshold 0.050 | val_model raw | lr 0.001000
Epoch 17/60 | train_loss 1.0588 | union_precision 0.8710 | weighted_recall 0.3855 | union_precision 0.8710 | threshold 0.050 | val_model raw | lr 0.001000
Epoch 18/60 | train_loss 1.0456 | union_precision 0.8667 | weighted_recall 0.3804 | union_precision 0.8667 | threshold 0.050 | val_model raw | lr 0.001000
Epoch 19/60 | train_loss 1.0366 | union_precision 0.8667 | weighted_recall 0.3804 | union_precision 0.8667 | threshold 0.050 | val_model raw | lr 0.001000
Epoch 20/60 | train_loss 1.0301 | union_precision 0.8667 | weighted_recall 0.3804 | union_precision 0.8667 | threshold 0.050 | val_model raw | lr 0.001000
Epoch 21/60 | train_loss 1.0102 | union_precision 0.8667 | weighted_recall 0.3804 | union_precision 0.8667 | threshold 0.050 | val_model raw | lr 0.001000
Epoch 22/60 | train_loss 1.0033 | union_precision 0.8667 | weighted_recall 0.3804 | union_precision 0.8667 | threshold 0.050 | val_model raw | lr 0.001000
Epoch 23/60 | train_loss 0.9856 | union_precision 0.8667 | weighted_recall 0.4184 | union_precision 0.8667 | threshold 0.050 | val_model raw | lr 0.001000
Epoch 24/60 | train_loss 0.9888 | union_precision 0.8667 | weighted_recall 0.4184 | union_precision 0.8667 | threshold 0.050 | val_model raw | lr 0.001000
Epoch 25/60 | train_loss 0.9712 | union_precision 0.8667 | weighted_recall 0.4184 | union_precision 0.8667 | threshold 0.050 | val_model raw | lr 0.001000
Epoch 26/60 | train_loss 0.9724 | union_precision 0.8667 | weighted_recall 0.4184 | union_precision 0.8667 | threshold 0.050 | val_model raw | lr 0.001000
Epoch 27/60 | train_loss 0.9586 | union_precision 0.8667 | weighted_recall 0.4184 | union_precision 0.8667 | threshold 0.050 | val_model raw | lr 0.001000
Epoch 28/60 | train_loss 0.9507 | union_precision 0.8667 | weighted_recall 0.3804 | union_precision 0.8667 | threshold 0.050 | val_model raw | lr 0.001000
Epoch 29/60 | train_loss 0.9374 | union_precision 0.8667 | weighted_recall 0.3804 | union_precision 0.8667 | threshold 0.050 | val_model raw | lr 0.001000
Epoch 30/60 | train_loss 0.9452 | union_precision 0.9333 | weighted_recall 0.4099 | union_precision 0.9333 | threshold 0.050 | val_model raw | lr 0.001000
Epoch 31/60 | train_loss 0.9240 | union_precision 0.9333 | weighted_recall 0.4099 | union_precision 0.9333 | threshold 0.050 | val_model raw | lr 0.001000
Epoch 32/60 | train_loss 0.9167 | union_precision 0.9333 | weighted_recall 0.4099 | union_precision 0.9333 | threshold 0.050 | val_model raw | lr 0.001000
Epoch 33/60 | train_loss 0.9137 | union_precision 0.9333 | weighted_recall 0.4099 | union_precision 0.9333 | threshold 0.050 | val_model raw | lr 0.001000
Early stopping at epoch 33
Held-out M67-2 | union_precision=0.8667 | weighted_recall=0.4184 | consensus_recall=0.0000
Epoch 1/60 | train_loss 1.5194 | union_precision 1.0000 | weighted_recall 0.0431 | union_precision 1.0000 | threshold 0.575 | val_model raw | lr 0.001000
Epoch 2/60 | train_loss 1.4087 | union_precision 1.0000 | weighted_recall 0.0431 | union_precision 1.0000 | threshold 0.575 | val_model raw | lr 0.001000
Epoch 3/60 | train_loss 1.3329 | union_precision 0.9375 | weighted_recall 0.5887 | union_precision 0.9375 | threshold 0.550 | val_model raw | lr 0.001000
Epoch 4/60 | train_loss 1.2857 | union_precision 0.9375 | weighted_recall 0.5887 | union_precision 0.9375 | threshold 0.575 | val_model raw | lr 0.001000
Epoch 5/60 | train_loss 1.2641 | union_precision 0.9375 | weighted_recall 0.5887 | union_precision 0.9375 | threshold 0.575 | val_model raw | lr 0.001000
Epoch 6/60 | train_loss 1.2297 | union_precision 0.8750 | weighted_recall 0.5456 | union_precision 0.8750 | threshold 0.600 | val_model raw | lr 0.001000
Epoch 7/60 | train_loss 1.2037 | union_precision 0.8750 | weighted_recall 0.5456 | union_precision 0.8750 | threshold 0.600 | val_model raw | lr 0.001000
Epoch 8/60 | train_loss 1.1907 | union_precision 0.8889 | weighted_recall 0.3679 | union_precision 0.8889 | threshold 0.650 | val_model raw | lr 0.001000
Epoch 9/60 | train_loss 1.1746 | union_precision 0.8571 | weighted_recall 0.5205 | union_precision 0.8571 | threshold 0.625 | val_model raw | lr 0.001000
Epoch 10/60 | train_loss 1.1487 | union_precision 0.8889 | weighted_recall 0.3679 | union_precision 0.8889 | threshold 0.675 | val_model raw | lr 0.001000
Epoch 11/60 | train_loss 1.1335 | union_precision 0.9000 | weighted_recall 0.4246 | union_precision 0.9000 | threshold 0.675 | val_model raw | lr 0.001000
Epoch 12/60 | train_loss 1.1197 | union_precision 0.8889 | weighted_recall 0.3679 | union_precision 0.8889 | threshold 0.700 | val_model raw | lr 0.001000
Epoch 13/60 | train_loss 1.1085 | union_precision 0.8889 | weighted_recall 0.3679 | union_precision 0.8889 | threshold 0.725 | val_model raw | lr 0.001000
Early stopping at epoch 13
Held-out M67-3 | union_precision=0.9375 | weighted_recall=0.5887 | consensus_recall=0.0000
Epoch 1/60 | train_loss 1.5185 | union_precision 0.8000 | weighted_recall 0.2571 | union_precision 0.8000 | threshold 0.525 | val_model raw | lr 0.001000
Epoch 2/60 | train_loss 1.4089 | union_precision 0.8065 | weighted_recall 0.3816 | union_precision 0.8065 | threshold 0.525 | val_model raw | lr 0.001000
Epoch 3/60 | train_loss 1.3349 | union_precision 0.8438 | weighted_recall 0.4113 | union_precision 0.8438 | threshold 0.550 | val_model raw | lr 0.001000
Epoch 4/60 | train_loss 1.2855 | union_precision 0.8667 | weighted_recall 0.4088 | union_precision 0.8667 | threshold 0.575 | val_model raw | lr 0.001000
Epoch 5/60 | train_loss 1.2643 | union_precision 0.8750 | weighted_recall 0.4344 | union_precision 0.8750 | threshold 0.575 | val_model raw | lr 0.001000
Epoch 6/60 | train_loss 1.2294 | union_precision 0.8605 | weighted_recall 0.6333 | union_precision 0.8605 | threshold 0.550 | val_model raw | lr 0.001000
Epoch 7/60 | train_loss 1.2045 | union_precision 0.8654 | weighted_recall 0.7109 | union_precision 0.8654 | threshold 0.050 | val_model raw | lr 0.001000
Epoch 8/60 | train_loss 1.1940 | union_precision 0.8654 | weighted_recall 0.7109 | union_precision 0.8654 | threshold 0.050 | val_model raw | lr 0.001000
Epoch 9/60 | train_loss 1.1746 | union_precision 0.8511 | weighted_recall 0.6482 | union_precision 0.8511 | threshold 0.525 | val_model raw | lr 0.001000
Epoch 10/60 | train_loss 1.1494 | union_precision 0.8696 | weighted_recall 0.6482 | union_precision 0.8696 | threshold 0.525 | val_model raw | lr 0.001000
Epoch 11/60 | train_loss 1.1352 | union_precision 0.8605 | weighted_recall 0.6443 | union_precision 0.8605 | threshold 0.550 | val_model raw | lr 0.001000
Epoch 12/60 | train_loss 1.1208 | union_precision 0.8605 | weighted_recall 0.6443 | union_precision 0.8605 | threshold 0.550 | val_model raw | lr 0.001000
Epoch 13/60 | train_loss 1.1089 | union_precision 0.8605 | weighted_recall 0.6407 | union_precision 0.8605 | threshold 0.575 | val_model raw | lr 0.001000
Epoch 14/60 | train_loss 1.0941 | union_precision 0.8571 | weighted_recall 0.6208 | union_precision 0.8571 | threshold 0.575 | val_model raw | lr 0.001000
Epoch 15/60 | train_loss 1.0845 | union_precision 0.8919 | weighted_recall 0.5772 | union_precision 0.8919 | threshold 0.600 | val_model raw | lr 0.001000
Epoch 16/60 | train_loss 1.0706 | union_precision 0.8919 | weighted_recall 0.5772 | union_precision 0.8919 | threshold 0.600 | val_model raw | lr 0.001000
Epoch 17/60 | train_loss 1.0591 | union_precision 0.8919 | weighted_recall 0.5772 | union_precision 0.8919 | threshold 0.600 | val_model raw | lr 0.001000
Early stopping at epoch 17
Held-out M67-4 | union_precision=0.8654 | weighted_recall=0.7109 | consensus_recall=0.0000
Epoch 1/60 | train_loss 1.5168 | union_precision 0.9259 | weighted_recall 0.3318 | union_precision 0.9259 | threshold 0.425 | val_model raw | lr 0.001000
Epoch 2/60 | train_loss 1.4093 | union_precision 0.9000 | weighted_recall 0.1997 | union_precision 0.9000 | threshold 0.500 | val_model raw | lr 0.001000
Epoch 3/60 | train_loss 1.3312 | union_precision 0.8500 | weighted_recall 0.1867 | union_precision 0.8500 | threshold 0.500 | val_model raw | lr 0.001000
Epoch 4/60 | train_loss 1.2854 | union_precision 1.0000 | weighted_recall 0.0165 | union_precision 1.0000 | threshold 0.625 | val_model raw | lr 0.001000
Epoch 5/60 | train_loss 1.2609 | union_precision 1.0000 | weighted_recall 0.0165 | union_precision 1.0000 | threshold 0.625 | val_model raw | lr 0.001000
Epoch 6/60 | train_loss 1.2261 | union_precision 1.0000 | weighted_recall 0.0165 | union_precision 1.0000 | threshold 0.625 | val_model raw | lr 0.001000
Epoch 7/60 | train_loss 1.2006 | union_precision 1.0000 | weighted_recall 0.0165 | union_precision 1.0000 | threshold 0.625 | val_model raw | lr 0.001000
Epoch 8/60 | train_loss 1.1899 | union_precision 1.0000 | weighted_recall 0.0165 | union_precision 1.0000 | threshold 0.625 | val_model raw | lr 0.001000
Epoch 9/60 | train_loss 1.1709 | union_precision 1.0000 | weighted_recall 0.0517 | union_precision 1.0000 | threshold 0.625 | val_model raw | lr 0.001000
Epoch 10/60 | train_loss 1.1489 | union_precision 1.0000 | weighted_recall 0.0517 | union_precision 1.0000 | threshold 0.650 | val_model raw | lr 0.001000
Epoch 11/60 | train_loss 1.1331 | union_precision 1.0000 | weighted_recall 0.0785 | union_precision 1.0000 | threshold 0.650 | val_model raw | lr 0.001000
Early stopping at epoch 11
Held-out M68-1 | union_precision=0.9259 | weighted_recall=0.3318 | consensus_recall=0.0000
Epoch 1/60 | train_loss 1.5187 | union_precision 0.9091 | weighted_recall 0.2068 | union_precision 0.9091 | threshold 0.550 | val_model raw | lr 0.001000
Epoch 2/60 | train_loss 1.4094 | union_precision 0.8621 | weighted_recall 0.5005 | union_precision 0.8621 | threshold 0.475 | val_model raw | lr 0.001000
Epoch 3/60 | train_loss 1.3335 | union_precision 0.8519 | weighted_recall 0.4965 | union_precision 0.8519 | threshold 0.525 | val_model raw | lr 0.001000
Epoch 4/60 | train_loss 1.2857 | union_precision 0.8529 | weighted_recall 0.6128 | union_precision 0.8529 | threshold 0.500 | val_model raw | lr 0.001000
Epoch 5/60 | train_loss 1.2617 | union_precision 0.8529 | weighted_recall 0.5349 | union_precision 0.8529 | threshold 0.500 | val_model raw | lr 0.001000
Epoch 6/60 | train_loss 1.2274 | union_precision 0.8571 | weighted_recall 0.5371 | union_precision 0.8571 | threshold 0.500 | val_model raw | lr 0.001000
Epoch 7/60 | train_loss 1.2025 | union_precision 0.8286 | weighted_recall 0.5187 | union_precision 0.8286 | threshold 0.500 | val_model raw | lr 0.001000
Epoch 8/60 | train_loss 1.1898 | union_precision 0.8235 | weighted_recall 0.4232 | union_precision 0.8235 | threshold 0.600 | val_model raw | lr 0.001000
Epoch 9/60 | train_loss 1.1722 | union_precision 0.8235 | weighted_recall 0.4232 | union_precision 0.8235 | threshold 0.600 | val_model raw | lr 0.001000
Epoch 10/60 | train_loss 1.1485 | union_precision 0.8421 | weighted_recall 0.4410 | union_precision 0.8421 | threshold 0.600 | val_model raw | lr 0.001000
Epoch 11/60 | train_loss 1.1327 | union_precision 0.8421 | weighted_recall 0.4410 | union_precision 0.8421 | threshold 0.600 | val_model raw | lr 0.001000
Epoch 12/60 | train_loss 1.1201 | union_precision 0.8500 | weighted_recall 0.4419 | union_precision 0.8500 | threshold 0.600 | val_model raw | lr 0.001000
Epoch 13/60 | train_loss 1.1106 | union_precision 0.8500 | weighted_recall 0.4419 | union_precision 0.8500 | threshold 0.600 | val_model raw | lr 0.001000
Epoch 14/60 | train_loss 1.0934 | union_precision 0.8421 | weighted_recall 0.4410 | union_precision 0.8421 | threshold 0.600 | val_model raw | lr 0.001000
Early stopping at epoch 14
Held-out M68-2 | union_precision=0.8529 | weighted_recall=0.6128 | consensus_recall=0.0000
Epoch 1/60 | train_loss 1.5159 | union_precision 0.8333 | weighted_recall 0.0568 | union_precision 0.8333 | threshold 0.600 | val_model raw | lr 0.001000
Epoch 2/60 | train_loss 1.4076 | union_precision 0.8235 | weighted_recall 0.2307 | union_precision 0.8235 | threshold 0.500 | val_model raw | lr 0.001000
Epoch 3/60 | train_loss 1.3347 | union_precision 0.8235 | weighted_recall 0.2307 | union_precision 0.8235 | threshold 0.500 | val_model raw | lr 0.001000
Epoch 4/60 | train_loss 1.2865 | union_precision 0.8235 | weighted_recall 0.3263 | union_precision 0.8235 | threshold 0.500 | val_model raw | lr 0.001000
Epoch 5/60 | train_loss 1.2628 | union_precision 0.8125 | weighted_recall 0.3971 | union_precision 0.8125 | threshold 0.500 | val_model raw | lr 0.001000
Epoch 6/60 | train_loss 1.2273 | union_precision 0.8125 | weighted_recall 0.4081 | union_precision 0.8125 | threshold 0.500 | val_model raw | lr 0.001000
Epoch 7/60 | train_loss 1.2037 | union_precision 0.8889 | weighted_recall 0.4822 | union_precision 0.8889 | threshold 0.475 | val_model raw | lr 0.001000
Epoch 8/60 | train_loss 1.1902 | union_precision 0.8571 | weighted_recall 0.6025 | union_precision 0.8571 | threshold 0.475 | val_model raw | lr 0.001000
Epoch 9/60 | train_loss 1.1732 | union_precision 0.9474 | weighted_recall 0.6025 | union_precision 0.9474 | threshold 0.500 | val_model raw | lr 0.001000
Epoch 10/60 | train_loss 1.1506 | union_precision 0.9474 | weighted_recall 0.6025 | union_precision 0.9474 | threshold 0.500 | val_model raw | lr 0.001000
Epoch 11/60 | train_loss 1.1344 | union_precision 0.8800 | weighted_recall 0.6151 | union_precision 0.8800 | threshold 0.050 | val_model raw | lr 0.001000
Epoch 12/60 | train_loss 1.1217 | union_precision 0.8696 | weighted_recall 0.6119 | union_precision 0.8696 | threshold 0.050 | val_model raw | lr 0.001000
Epoch 13/60 | train_loss 1.1115 | union_precision 0.8636 | weighted_recall 0.6104 | union_precision 0.8636 | threshold 0.050 | val_model raw | lr 0.001000
Epoch 14/60 | train_loss 1.0942 | union_precision 0.9048 | weighted_recall 0.6104 | union_precision 0.9048 | threshold 0.475 | val_model raw | lr 0.001000
Epoch 15/60 | train_loss 1.0889 | union_precision 0.9048 | weighted_recall 0.6104 | union_precision 0.9048 | threshold 0.475 | val_model raw | lr 0.001000
Epoch 16/60 | train_loss 1.0695 | union_precision 0.9048 | weighted_recall 0.6104 | union_precision 0.9048 | threshold 0.450 | val_model raw | lr 0.001000
Epoch 17/60 | train_loss 1.0593 | union_precision 0.9048 | weighted_recall 0.6104 | union_precision 0.9048 | threshold 0.425 | val_model raw | lr 0.001000
Epoch 18/60 | train_loss 1.0453 | union_precision 0.9048 | weighted_recall 0.6104 | union_precision 0.9048 | threshold 0.400 | val_model raw | lr 0.001000
Epoch 19/60 | train_loss 1.0372 | union_precision 0.9500 | weighted_recall 0.6104 | union_precision 0.9500 | threshold 0.475 | val_model raw | lr 0.001000
Epoch 20/60 | train_loss 1.0307 | union_precision 0.9500 | weighted_recall 0.6104 | union_precision 0.9500 | threshold 0.450 | val_model raw | lr 0.001000
Epoch 21/60 | train_loss 1.0150 | union_precision 0.9474 | weighted_recall 0.5961 | union_precision 0.9474 | threshold 0.425 | val_model raw | lr 0.001000
Early stopping at epoch 21
Held-out M68-3 | union_precision=0.8800 | weighted_recall=0.6151 | consensus_recall=0.0000
Epoch 1/60 | train_loss 1.5313 | union_precision 0.6216 | weighted_recall 0.2175 | union_precision 0.6216 | threshold 0.475 | val_model raw | lr 0.001000
Epoch 2/60 | train_loss 1.4053 | union_precision 0.7051 | weighted_recall 0.2273 | union_precision 0.7051 | threshold 0.500 | val_model raw | lr 0.001000
Epoch 3/60 | train_loss 1.3451 | union_precision 0.7473 | weighted_recall 0.3218 | union_precision 0.7473 | threshold 0.500 | val_model raw | lr 0.001000
Epoch 4/60 | train_loss 1.2852 | union_precision 0.8356 | weighted_recall 0.3348 | union_precision 0.8356 | threshold 0.525 | val_model raw | lr 0.001000
Epoch 5/60 | train_loss 1.2565 | union_precision 0.8590 | weighted_recall 0.3718 | union_precision 0.8590 | threshold 0.525 | val_model raw | lr 0.001000
Epoch 6/60 | train_loss 1.2305 | union_precision 0.8545 | weighted_recall 0.5039 | union_precision 0.8545 | threshold 0.500 | val_model raw | lr 0.001000
Epoch 7/60 | train_loss 1.2035 | union_precision 0.8649 | weighted_recall 0.5093 | union_precision 0.8649 | threshold 0.500 | val_model raw | lr 0.001000
Epoch 8/60 | train_loss 1.1914 | union_precision 0.8584 | weighted_recall 0.5120 | union_precision 0.8584 | threshold 0.500 | val_model raw | lr 0.001000
Epoch 9/60 | train_loss 1.1730 | union_precision 0.8596 | weighted_recall 0.5153 | union_precision 0.8596 | threshold 0.500 | val_model raw | lr 0.001000
Epoch 10/60 | train_loss 1.1578 | union_precision 0.8560 | weighted_recall 0.5217 | union_precision 0.8560 | threshold 0.050 | val_model raw | lr 0.001000
Epoch 11/60 | train_loss 1.1414 | union_precision 0.8583 | weighted_recall 0.5375 | union_precision 0.8583 | threshold 0.050 | val_model raw | lr 0.001000
Epoch 12/60 | train_loss 1.1141 | union_precision 0.8504 | weighted_recall 0.5318 | union_precision 0.8504 | threshold 0.400 | val_model raw | lr 0.001000
Epoch 13/60 | train_loss 1.1108 | union_precision 0.8537 | weighted_recall 0.5310 | union_precision 0.8537 | threshold 0.450 | val_model raw | lr 0.001000
Epoch 14/60 | train_loss 1.0920 | union_precision 0.8548 | weighted_recall 0.5358 | union_precision 0.8548 | threshold 0.425 | val_model raw | lr 0.001000
Epoch 15/60 | train_loss 1.0830 | union_precision 0.8644 | weighted_recall 0.5336 | union_precision 0.8644 | threshold 0.450 | val_model raw | lr 0.001000
Epoch 16/60 | train_loss 1.0662 | union_precision 0.8525 | weighted_recall 0.5366 | union_precision 0.8525 | threshold 0.400 | val_model raw | lr 0.001000
Epoch 17/60 | train_loss 1.0609 | union_precision 0.8571 | weighted_recall 0.5399 | union_precision 0.8571 | threshold 0.350 | val_model raw | lr 0.001000
Epoch 18/60 | train_loss 1.0437 | union_precision 0.8595 | weighted_recall 0.5334 | union_precision 0.8595 | threshold 0.350 | val_model raw | lr 0.001000
Epoch 19/60 | train_loss 1.0384 | union_precision 0.8595 | weighted_recall 0.5299 | union_precision 0.8595 | threshold 0.325 | val_model raw | lr 0.001000
Epoch 20/60 | train_loss 1.0216 | union_precision 0.8500 | weighted_recall 0.5052 | union_precision 0.8500 | threshold 0.300 | val_model raw | lr 0.001000
Epoch 21/60 | train_loss 1.0102 | union_precision 0.8534 | weighted_recall 0.5071 | union_precision 0.8534 | threshold 0.325 | val_model raw | lr 0.001000
Epoch 22/60 | train_loss 1.0011 | union_precision 0.8596 | weighted_recall 0.4987 | union_precision 0.8596 | threshold 0.325 | val_model raw | lr 0.001000
Epoch 23/60 | train_loss 0.9904 | union_precision 0.8509 | weighted_recall 0.5091 | union_precision 0.8509 | threshold 0.300 | val_model raw | lr 0.001000
Epoch 24/60 | train_loss 0.9907 | union_precision 0.8649 | weighted_recall 0.5441 | union_precision 0.8649 | threshold 0.300 | val_model raw | lr 0.001000
Epoch 25/60 | train_loss 0.9768 | union_precision 0.8519 | weighted_recall 0.5059 | union_precision 0.8519 | threshold 0.300 | val_model raw | lr 0.001000
Epoch 26/60 | train_loss 0.9690 | union_precision 0.8692 | weighted_recall 0.5034 | union_precision 0.8692 | threshold 0.275 | val_model raw | lr 0.001000
Epoch 27/60 | train_loss 0.9644 | union_precision 0.8598 | weighted_recall 0.5005 | union_precision 0.8598 | threshold 0.250 | val_model raw | lr 0.001000
Epoch 28/60 | train_loss 0.9550 | union_precision 0.8598 | weighted_recall 0.4961 | union_precision 0.8598 | threshold 0.225 | val_model raw | lr 0.001000
Epoch 29/60 | train_loss 0.9408 | union_precision 0.8641 | weighted_recall 0.4923 | union_precision 0.8641 | threshold 0.275 | val_model raw | lr 0.001000
Epoch 30/60 | train_loss 0.9331 | union_precision 0.8673 | weighted_recall 0.4733 | union_precision 0.8673 | threshold 0.275 | val_model raw | lr 0.001000
Epoch 31/60 | train_loss 0.9298 | union_precision 0.8529 | weighted_recall 0.4810 | union_precision 0.8529 | threshold 0.250 | val_model raw | lr 0.001000
Epoch 32/60 | train_loss 0.9230 | union_precision 0.8529 | weighted_recall 0.4897 | union_precision 0.8529 | threshold 0.250 | val_model raw | lr 0.001000
Epoch 33/60 | train_loss 0.9173 | union_precision 0.8529 | weighted_recall 0.4895 | union_precision 0.8529 | threshold 0.200 | val_model raw | lr 0.001000
Epoch 34/60 | train_loss 0.9036 | union_precision 0.8529 | weighted_recall 0.4764 | union_precision 0.8529 | threshold 0.200 | val_model raw | lr 0.001000
Early stopping at epoch 34
Held-out M06-1__M06-2__M06-3 | union_precision=0.8649 | weighted_recall=0.5441 | consensus_recall=0.5000
Wrote nested CV results to /gpfs/work/int/yuxuanliu2204/Changheng/xmltoexp/MERIX SUBMISSION/Boundary_Restart/reports/nested_piece_cv/weighted_topdown_level2plus_split56_boundary_seed42
Best candidate: model-tcn__detector_target-level2plus_split56_boundary__selection_metric-weighted_recall__min_precision-0p85__loss_type-bce__rest_span_label_mode-none__rest_span_tolerance_negative_weight-1p0 | mean_primary_metric=0.4323 | mean_union_precision=0.9048
Running weighted-topdown nested direct seed=42 target=level3plus_split56_boundary min_precision=0.85
Command: python3 Command: run_nested_piece_cv.py Command: --config Command: configs/salience_grouped3_hi8_score_only_xml_curated.yaml Command: --outer_heldout_piece Command: M06-1 Command: M06-2 Command: M06-3 Command: --inner_mode Command: leave_one Command: --model Command: tcn Command: --detector_target Command: level3plus_split56_boundary Command: --selection_metric Command: weighted_recall Command: --precision_metric Command: union_precision Command: --min_precision Command: 0.85 Command: --loss_type Command: bce Command: --min_train_frequency_target Command: 0.05 Command: --cumulative_merge_tolerance Command: 2 Command: --cumulative_component_weights_json Command: \{\"level6\":1.0\,\"level5\":0.82\,\"level4\":0.64\,\"level3\":0.46\,\"level2\":0.28\,\"level1\":0.16\} Command: --device Command: cuda Command: --epochs Command: 60 Command: --early_stop_patience Command: 10 Command: --seed Command: 42 Command: --skip_stage_grading Command: --output_dir Command: reports/nested_piece_cv/weighted_topdown_level3plus_split56_boundary_seed42 Command: --run_outer_fit Command: --reuse_existing 
Epoch 1/60 | train_loss 1.5277 | union_precision 0.5909 | weighted_recall 0.1735 | union_precision 0.5909 | threshold 0.050 | val_model raw | lr 0.001000
Epoch 2/60 | train_loss 1.4133 | union_precision 0.6667 | weighted_recall 0.0367 | union_precision 0.6667 | threshold 0.525 | val_model raw | lr 0.001000
Epoch 3/60 | train_loss 1.3221 | union_precision 0.7778 | weighted_recall 0.0645 | union_precision 0.7778 | threshold 0.525 | val_model raw | lr 0.001000
Epoch 4/60 | train_loss 1.2650 | union_precision 0.7778 | weighted_recall 0.0645 | union_precision 0.7778 | threshold 0.525 | val_model raw | lr 0.001000
Epoch 5/60 | train_loss 1.2359 | union_precision 0.8182 | weighted_recall 0.1420 | union_precision 0.8182 | threshold 0.525 | val_model raw | lr 0.001000
Epoch 6/60 | train_loss 1.1922 | union_precision 0.7568 | weighted_recall 0.4413 | union_precision 0.7568 | threshold 0.400 | val_model raw | lr 0.001000
Epoch 7/60 | train_loss 1.1807 | union_precision 0.8000 | weighted_recall 0.0916 | union_precision 0.8000 | threshold 0.550 | val_model raw | lr 0.001000
Epoch 8/60 | train_loss 1.1394 | union_precision 0.8000 | weighted_recall 0.0916 | union_precision 0.8000 | threshold 0.575 | val_model raw | lr 0.001000
Epoch 9/60 | train_loss 1.1344 | union_precision 0.8000 | weighted_recall 0.0916 | union_precision 0.8000 | threshold 0.575 | val_model raw | lr 0.001000
Epoch 10/60 | train_loss 1.1110 | union_precision 0.8235 | weighted_recall 0.3965 | union_precision 0.8235 | threshold 0.500 | val_model raw | lr 0.001000
Epoch 11/60 | train_loss 1.0869 | union_precision 0.8261 | weighted_recall 0.3110 | union_precision 0.8261 | threshold 0.550 | val_model raw | lr 0.001000
Epoch 12/60 | train_loss 1.0665 | union_precision 0.8571 | weighted_recall 0.1132 | union_precision 0.8571 | threshold 0.625 | val_model raw | lr 0.001000
Epoch 13/60 | train_loss 1.0437 | union_precision 0.8333 | weighted_recall 0.3589 | union_precision 0.8333 | threshold 0.550 | val_model raw | lr 0.001000
Epoch 14/60 | train_loss 1.0233 | union_precision 0.8000 | weighted_recall 0.2874 | union_precision 0.8000 | threshold 0.575 | val_model raw | lr 0.001000
Epoch 15/60 | train_loss 1.0109 | union_precision 0.8889 | weighted_recall 0.1289 | union_precision 0.8889 | threshold 0.675 | val_model raw | lr 0.001000
Epoch 16/60 | train_loss 0.9907 | union_precision 0.8462 | weighted_recall 0.3846 | union_precision 0.8462 | threshold 0.550 | val_model raw | lr 0.001000
Epoch 17/60 | train_loss 0.9633 | union_precision 0.8889 | weighted_recall 0.1289 | union_precision 0.8889 | threshold 0.700 | val_model raw | lr 0.001000
Epoch 18/60 | train_loss 0.9579 | union_precision 0.8333 | weighted_recall 0.1062 | union_precision 0.8333 | threshold 0.725 | val_model raw | lr 0.001000
Epoch 19/60 | train_loss 0.9527 | union_precision 0.8750 | weighted_recall 0.1199 | union_precision 0.8750 | threshold 0.725 | val_model raw | lr 0.001000
Epoch 20/60 | train_loss 0.9297 | union_precision 0.8889 | weighted_recall 0.1289 | union_precision 0.8889 | threshold 0.725 | val_model raw | lr 0.001000
Epoch 21/60 | train_loss 0.9300 | union_precision 0.8571 | weighted_recall 0.1129 | union_precision 0.8571 | threshold 0.750 | val_model raw | lr 0.001000
Epoch 22/60 | train_loss 0.9191 | union_precision 0.8750 | weighted_recall 0.1199 | union_precision 0.8750 | threshold 0.750 | val_model raw | lr 0.001000
Epoch 23/60 | train_loss 0.8926 | union_precision 1.0000 | weighted_recall 0.0329 | union_precision 1.0000 | threshold 0.850 | val_model raw | lr 0.001000
Epoch 24/60 | train_loss 0.8894 | union_precision 0.8571 | weighted_recall 0.1129 | union_precision 0.8571 | threshold 0.775 | val_model raw | lr 0.001000
Epoch 25/60 | train_loss 0.8702 | union_precision 0.8750 | weighted_recall 0.1199 | union_precision 0.8750 | threshold 0.775 | val_model raw | lr 0.001000
Early stopping at epoch 25
Held-out M07-1 | union_precision=0.8889 | weighted_recall=0.1289 | consensus_recall=0.0000
Epoch 1/60 | train_loss 1.5311 | union_precision 0.7500 | weighted_recall 0.0836 | union_precision 0.7500 | threshold 0.575 | val_model raw | lr 0.001000
Epoch 2/60 | train_loss 1.4163 | union_precision 0.7500 | weighted_recall 0.0836 | union_precision 0.7500 | threshold 0.575 | val_model raw | lr 0.001000
Epoch 3/60 | train_loss 1.3237 | union_precision 0.8000 | weighted_recall 0.0777 | union_precision 0.8000 | threshold 0.650 | val_model raw | lr 0.001000
Epoch 4/60 | train_loss 1.2658 | union_precision 0.7333 | weighted_recall 0.1419 | union_precision 0.7333 | threshold 0.600 | val_model raw | lr 0.001000
Epoch 5/60 | train_loss 1.2354 | union_precision 1.0000 | weighted_recall 0.0702 | union_precision 1.0000 | threshold 0.700 | val_model raw | lr 0.001000
Epoch 6/60 | train_loss 1.1948 | union_precision 0.6667 | weighted_recall 0.0777 | union_precision 0.6667 | threshold 0.675 | val_model raw | lr 0.001000
Epoch 7/60 | train_loss 1.1821 | union_precision 1.0000 | weighted_recall 0.0636 | union_precision 1.0000 | threshold 0.725 | val_model raw | lr 0.001000
Epoch 8/60 | train_loss 1.1414 | union_precision 0.8000 | weighted_recall 0.0777 | union_precision 0.8000 | threshold 0.725 | val_model raw | lr 0.001000
Epoch 9/60 | train_loss 1.1311 | union_precision 1.0000 | weighted_recall 0.0596 | union_precision 1.0000 | threshold 0.750 | val_model raw | lr 0.001000
Epoch 10/60 | train_loss 1.1121 | union_precision 0.8750 | weighted_recall 0.1304 | union_precision 0.8750 | threshold 0.725 | val_model raw | lr 0.001000
Epoch 11/60 | train_loss 1.0875 | union_precision 0.8750 | weighted_recall 0.1304 | union_precision 0.8750 | threshold 0.725 | val_model raw | lr 0.001000
Epoch 12/60 | train_loss 1.0666 | union_precision 0.8750 | weighted_recall 0.1304 | union_precision 0.8750 | threshold 0.725 | val_model raw | lr 0.001000
Epoch 13/60 | train_loss 1.0452 | union_precision 0.8750 | weighted_recall 0.1304 | union_precision 0.8750 | threshold 0.725 | val_model raw | lr 0.001000
Epoch 14/60 | train_loss 1.0251 | union_precision 1.0000 | weighted_recall 0.1304 | union_precision 1.0000 | threshold 0.725 | val_model raw | lr 0.001000
Epoch 15/60 | train_loss 1.0112 | union_precision 1.0000 | weighted_recall 0.1926 | union_precision 1.0000 | threshold 0.725 | val_model raw | lr 0.001000
Epoch 16/60 | train_loss 0.9916 | union_precision 1.0000 | weighted_recall 0.1888 | union_precision 1.0000 | threshold 0.725 | val_model raw | lr 0.001000
Epoch 17/60 | train_loss 0.9620 | union_precision 0.8667 | weighted_recall 0.2223 | union_precision 0.8667 | threshold 0.700 | val_model raw | lr 0.001000
Epoch 18/60 | train_loss 0.9572 | union_precision 1.0000 | weighted_recall 0.1981 | union_precision 1.0000 | threshold 0.725 | val_model raw | lr 0.001000
Epoch 19/60 | train_loss 0.9560 | union_precision 0.9286 | weighted_recall 0.2223 | union_precision 0.9286 | threshold 0.725 | val_model raw | lr 0.001000
Epoch 20/60 | train_loss 0.9315 | union_precision 0.8966 | weighted_recall 0.4787 | union_precision 0.8966 | threshold 0.625 | val_model raw | lr 0.001000
Epoch 21/60 | train_loss 0.9292 | union_precision 0.8929 | weighted_recall 0.4302 | union_precision 0.8929 | threshold 0.625 | val_model raw | lr 0.001000
Epoch 22/60 | train_loss 0.9178 | union_precision 0.8529 | weighted_recall 0.4458 | union_precision 0.8529 | threshold 0.575 | val_model raw | lr 0.001000
Epoch 23/60 | train_loss 0.8942 | union_precision 0.8529 | weighted_recall 0.4458 | union_precision 0.8529 | threshold 0.575 | val_model raw | lr 0.001000
Epoch 24/60 | train_loss 0.8896 | union_precision 0.9167 | weighted_recall 0.4185 | union_precision 0.9167 | threshold 0.625 | val_model raw | lr 0.001000
Epoch 25/60 | train_loss 0.8716 | union_precision 0.9091 | weighted_recall 0.3684 | union_precision 0.9091 | threshold 0.625 | val_model raw | lr 0.001000
Epoch 26/60 | train_loss 0.8674 | union_precision 0.9091 | weighted_recall 0.3684 | union_precision 0.9091 | threshold 0.625 | val_model raw | lr 0.001000
Epoch 27/60 | train_loss 0.8556 | union_precision 0.8571 | weighted_recall 0.4267 | union_precision 0.8571 | threshold 0.575 | val_model raw | lr 0.001000
Epoch 28/60 | train_loss 0.8419 | union_precision 0.8571 | weighted_recall 0.4234 | union_precision 0.8571 | threshold 0.575 | val_model raw | lr 0.001000
Epoch 29/60 | train_loss 0.8461 | union_precision 0.8571 | weighted_recall 0.4976 | union_precision 0.8571 | threshold 0.425 | val_model raw | lr 0.001000
Epoch 30/60 | train_loss 0.8260 | union_precision 0.8571 | weighted_recall 0.4976 | union_precision 0.8571 | threshold 0.400 | val_model raw | lr 0.001000
Epoch 31/60 | train_loss 0.8094 | union_precision 0.8611 | weighted_recall 0.5385 | union_precision 0.8611 | threshold 0.400 | val_model raw | lr 0.001000
Epoch 32/60 | train_loss 0.8127 | union_precision 0.8611 | weighted_recall 0.5479 | union_precision 0.8611 | threshold 0.375 | val_model raw | lr 0.001000
Epoch 33/60 | train_loss 0.7963 | union_precision 0.8571 | weighted_recall 0.5348 | union_precision 0.8571 | threshold 0.375 | val_model raw | lr 0.001000
Epoch 34/60 | train_loss 0.7914 | union_precision 0.8649 | weighted_recall 0.5488 | union_precision 0.8649 | threshold 0.350 | val_model raw | lr 0.001000
Epoch 35/60 | train_loss 0.7820 | union_precision 0.8696 | weighted_recall 0.4855 | union_precision 0.8696 | threshold 0.575 | val_model raw | lr 0.001000
Epoch 36/60 | train_loss 0.7697 | union_precision 0.9091 | weighted_recall 0.4763 | union_precision 0.9091 | threshold 0.600 | val_model raw | lr 0.001000
Epoch 37/60 | train_loss 0.7599 | union_precision 0.9000 | weighted_recall 0.5050 | union_precision 0.9000 | threshold 0.600 | val_model raw | lr 0.001000
Epoch 38/60 | train_loss 0.7587 | union_precision 0.8929 | weighted_recall 0.5595 | union_precision 0.8929 | threshold 0.475 | val_model raw | lr 0.001000
Epoch 39/60 | train_loss 0.7570 | union_precision 0.8929 | weighted_recall 0.5614 | union_precision 0.8929 | threshold 0.475 | val_model raw | lr 0.001000
Epoch 40/60 | train_loss 0.7403 | union_precision 0.8929 | weighted_recall 0.5614 | union_precision 0.8929 | threshold 0.475 | val_model raw | lr 0.001000
Epoch 41/60 | train_loss 0.7443 | union_precision 0.8929 | weighted_recall 0.5614 | union_precision 0.8929 | threshold 0.475 | val_model raw | lr 0.001000
Epoch 42/60 | train_loss 0.7293 | union_precision 0.8929 | weighted_recall 0.5614 | union_precision 0.8929 | threshold 0.475 | val_model raw | lr 0.001000
Epoch 43/60 | train_loss 0.7213 | union_precision 0.8621 | weighted_recall 0.5261 | union_precision 0.8621 | threshold 0.450 | val_model raw | lr 0.001000
Epoch 44/60 | train_loss 0.7081 | union_precision 0.8621 | weighted_recall 0.5261 | union_precision 0.8621 | threshold 0.450 | val_model raw | lr 0.001000
Epoch 45/60 | train_loss 0.7105 | union_precision 0.8571 | weighted_recall 0.5242 | union_precision 0.8571 | threshold 0.475 | val_model raw | lr 0.001000
Epoch 46/60 | train_loss 0.7032 | union_precision 0.8571 | weighted_recall 0.5242 | union_precision 0.8571 | threshold 0.475 | val_model raw | lr 0.001000
Epoch 47/60 | train_loss 0.7019 | union_precision 0.8571 | weighted_recall 0.5620 | union_precision 0.8571 | threshold 0.375 | val_model raw | lr 0.001000
Epoch 48/60 | train_loss 0.6860 | union_precision 0.8571 | weighted_recall 0.5620 | union_precision 0.8571 | threshold 0.375 | val_model raw | lr 0.001000
Epoch 49/60 | train_loss 0.6798 | union_precision 0.8667 | weighted_recall 0.5287 | union_precision 0.8667 | threshold 0.450 | val_model raw | lr 0.001000
Epoch 50/60 | train_loss 0.6906 | union_precision 0.8929 | weighted_recall 0.5526 | union_precision 0.8929 | threshold 0.500 | val_model raw | lr 0.001000
Epoch 51/60 | train_loss 0.6690 | union_precision 0.8571 | weighted_recall 0.5470 | union_precision 0.8571 | threshold 0.500 | val_model raw | lr 0.001000
Epoch 52/60 | train_loss 0.6723 | union_precision 0.8519 | weighted_recall 0.5358 | union_precision 0.8519 | threshold 0.500 | val_model raw | lr 0.001000
Epoch 53/60 | train_loss 0.6628 | union_precision 0.8519 | weighted_recall 0.5358 | union_precision 0.8519 | threshold 0.500 | val_model raw | lr 0.001000
Epoch 54/60 | train_loss 0.6525 | union_precision 0.8519 | weighted_recall 0.5358 | union_precision 0.8519 | threshold 0.500 | val_model raw | lr 0.001000
Epoch 55/60 | train_loss 0.6506 | union_precision 0.8519 | weighted_recall 0.5358 | union_precision 0.8519 | threshold 0.500 | val_model raw | lr 0.001000
Epoch 56/60 | train_loss 0.6474 | union_precision 0.8929 | weighted_recall 0.5711 | union_precision 0.8929 | threshold 0.475 | val_model raw | lr 0.001000
Epoch 57/60 | train_loss 0.6435 | union_precision 0.8929 | weighted_recall 0.5711 | union_precision 0.8929 | threshold 0.475 | val_model raw | lr 0.001000
Epoch 58/60 | train_loss 0.6435 | union_precision 0.9000 | weighted_recall 0.5785 | union_precision 0.9000 | threshold 0.450 | val_model raw | lr 0.001000
Epoch 59/60 | train_loss 0.6330 | union_precision 0.9259 | weighted_recall 0.5033 | union_precision 0.9259 | threshold 0.450 | val_model raw | lr 0.001000
Epoch 60/60 | train_loss 0.6203 | union_precision 0.8966 | weighted_recall 0.5219 | union_precision 0.8966 | threshold 0.450 | val_model raw | lr 0.001000
Held-out M07-2 | union_precision=0.9000 | weighted_recall=0.5785 | consensus_recall=0.0000
Epoch 1/60 | train_loss 1.5300 | union_precision 0.8000 | weighted_recall 0.0430 | union_precision 0.8000 | threshold 0.575 | val_model raw | lr 0.001000
Epoch 2/60 | train_loss 1.4174 | union_precision 0.8571 | weighted_recall 0.0531 | union_precision 0.8571 | threshold 0.575 | val_model raw | lr 0.001000
Epoch 3/60 | train_loss 1.3226 | union_precision 0.7778 | weighted_recall 0.0549 | union_precision 0.7778 | threshold 0.575 | val_model raw | lr 0.001000
Epoch 4/60 | train_loss 1.2637 | union_precision 0.7778 | weighted_recall 0.0549 | union_precision 0.7778 | threshold 0.600 | val_model raw | lr 0.001000
Epoch 5/60 | train_loss 1.2351 | union_precision 0.7778 | weighted_recall 0.1222 | union_precision 0.7778 | threshold 0.600 | val_model raw | lr 0.001000
Epoch 6/60 | train_loss 1.1930 | union_precision 0.8333 | weighted_recall 0.1101 | union_precision 0.8333 | threshold 0.650 | val_model raw | lr 0.001000
Epoch 7/60 | train_loss 1.1783 | union_precision 0.8000 | weighted_recall 0.0819 | union_precision 0.8000 | threshold 0.650 | val_model raw | lr 0.001000
Epoch 8/60 | train_loss 1.1378 | union_precision 0.8000 | weighted_recall 0.1047 | union_precision 0.8000 | threshold 0.675 | val_model raw | lr 0.001000
Epoch 9/60 | train_loss 1.1290 | union_precision 0.8333 | weighted_recall 0.1483 | union_precision 0.8333 | threshold 0.700 | val_model raw | lr 0.001000
Epoch 10/60 | train_loss 1.1084 | union_precision 1.0000 | weighted_recall 0.1583 | union_precision 1.0000 | threshold 0.725 | val_model raw | lr 0.001000
Epoch 11/60 | train_loss 1.0844 | union_precision 1.0000 | weighted_recall 0.1583 | union_precision 1.0000 | threshold 0.725 | val_model raw | lr 0.001000
Epoch 12/60 | train_loss 1.0659 | union_precision 1.0000 | weighted_recall 0.1602 | union_precision 1.0000 | threshold 0.725 | val_model raw | lr 0.001000
Epoch 13/60 | train_loss 1.0427 | union_precision 1.0000 | weighted_recall 0.1602 | union_precision 1.0000 | threshold 0.725 | val_model raw | lr 0.001000
Epoch 14/60 | train_loss 1.0217 | union_precision 1.0000 | weighted_recall 0.1602 | union_precision 1.0000 | threshold 0.725 | val_model raw | lr 0.001000
Epoch 15/60 | train_loss 1.0089 | union_precision 1.0000 | weighted_recall 0.1624 | union_precision 1.0000 | threshold 0.725 | val_model raw | lr 0.001000
Epoch 16/60 | train_loss 0.9891 | union_precision 1.0000 | weighted_recall 0.1624 | union_precision 1.0000 | threshold 0.725 | val_model raw | lr 0.001000
Epoch 17/60 | train_loss 0.9594 | union_precision 1.0000 | weighted_recall 0.0986 | union_precision 1.0000 | threshold 0.725 | val_model raw | lr 0.001000
Epoch 18/60 | train_loss 0.9520 | union_precision 1.0000 | weighted_recall 0.0892 | union_precision 1.0000 | threshold 0.725 | val_model raw | lr 0.001000
Epoch 19/60 | train_loss 0.9469 | union_precision 1.0000 | weighted_recall 0.0892 | union_precision 1.0000 | threshold 0.750 | val_model raw | lr 0.001000
Epoch 20/60 | train_loss 0.9285 | union_precision 1.0000 | weighted_recall 0.0852 | union_precision 1.0000 | threshold 0.775 | val_model raw | lr 0.001000
Epoch 21/60 | train_loss 0.9302 | union_precision 0.8000 | weighted_recall 0.0933 | union_precision 0.8000 | threshold 0.775 | val_model raw | lr 0.001000
Epoch 22/60 | train_loss 0.9209 | union_precision 1.0000 | weighted_recall 0.0281 | union_precision 1.0000 | threshold 0.800 | val_model raw | lr 0.001000
Epoch 23/60 | train_loss 0.8947 | union_precision 0.8000 | weighted_recall 0.0639 | union_precision 0.8000 | threshold 0.800 | val_model raw | lr 0.001000
Epoch 24/60 | train_loss 0.8880 | union_precision 0.8333 | weighted_recall 0.0679 | union_precision 0.8333 | threshold 0.800 | val_model raw | lr 0.001000
Epoch 25/60 | train_loss 0.8665 | union_precision 1.0000 | weighted_recall 0.0479 | union_precision 1.0000 | threshold 0.825 | val_model raw | lr 0.001000
Early stopping at epoch 25
Held-out M07-3 | union_precision=1.0000 | weighted_recall=0.1624 | consensus_recall=0.0000
Epoch 1/60 | train_loss 1.5275 | union_precision 1.0000 | weighted_recall 0.0672 | union_precision 1.0000 | threshold 0.575 | val_model raw | lr 0.001000
Epoch 2/60 | train_loss 1.4154 | union_precision 1.0000 | weighted_recall 0.0672 | union_precision 1.0000 | threshold 0.575 | val_model raw | lr 0.001000
Epoch 3/60 | train_loss 1.3285 | union_precision 1.0000 | weighted_recall 0.0672 | union_precision 1.0000 | threshold 0.575 | val_model raw | lr 0.001000
Epoch 4/60 | train_loss 1.2638 | union_precision 1.0000 | weighted_recall 0.0672 | union_precision 1.0000 | threshold 0.600 | val_model raw | lr 0.001000
Epoch 5/60 | train_loss 1.2332 | union_precision 1.0000 | weighted_recall 0.1093 | union_precision 1.0000 | threshold 0.600 | val_model raw | lr 0.001000
Epoch 6/60 | train_loss 1.1982 | union_precision 0.8000 | weighted_recall 0.6230 | union_precision 0.8000 | threshold 0.500 | val_model raw | lr 0.001000
Epoch 7/60 | train_loss 1.1781 | union_precision 1.0000 | weighted_recall 0.0421 | union_precision 1.0000 | threshold 0.625 | val_model raw | lr 0.001000
Epoch 8/60 | train_loss 1.1392 | union_precision 1.0000 | weighted_recall 0.0421 | union_precision 1.0000 | threshold 0.650 | val_model raw | lr 0.001000
Epoch 9/60 | train_loss 1.1319 | union_precision 1.0000 | weighted_recall 0.0827 | union_precision 1.0000 | threshold 0.650 | val_model raw | lr 0.001000
Epoch 10/60 | train_loss 1.1102 | union_precision 1.0000 | weighted_recall 0.0827 | union_precision 1.0000 | threshold 0.675 | val_model raw | lr 0.001000
Epoch 11/60 | train_loss 1.0852 | union_precision 1.0000 | weighted_recall 0.0421 | union_precision 1.0000 | threshold 0.700 | val_model raw | lr 0.001000
Epoch 12/60 | train_loss 1.0659 | union_precision 0.8571 | weighted_recall 0.5550 | union_precision 0.8571 | threshold 0.575 | val_model raw | lr 0.001000
Epoch 13/60 | train_loss 1.0427 | union_precision 0.8621 | weighted_recall 0.5651 | union_precision 0.8621 | threshold 0.575 | val_model raw | lr 0.001000
Epoch 14/60 | train_loss 1.0236 | union_precision 0.8519 | weighted_recall 0.5521 | union_precision 0.8519 | threshold 0.600 | val_model raw | lr 0.001000
Epoch 15/60 | train_loss 1.0069 | union_precision 0.8571 | weighted_recall 0.5622 | union_precision 0.8571 | threshold 0.600 | val_model raw | lr 0.001000
Epoch 16/60 | train_loss 0.9872 | union_precision 0.8621 | weighted_recall 0.5651 | union_precision 0.8621 | threshold 0.575 | val_model raw | lr 0.001000
Epoch 17/60 | train_loss 0.9594 | union_precision 0.8571 | weighted_recall 0.5622 | union_precision 0.8571 | threshold 0.575 | val_model raw | lr 0.001000
Epoch 18/60 | train_loss 0.9533 | union_precision 0.8571 | weighted_recall 0.5622 | union_precision 0.8571 | threshold 0.550 | val_model raw | lr 0.001000
Epoch 19/60 | train_loss 0.9467 | union_precision 0.8519 | weighted_recall 0.5608 | union_precision 0.8519 | threshold 0.550 | val_model raw | lr 0.001000
Epoch 20/60 | train_loss 0.9278 | union_precision 0.8800 | weighted_recall 0.5535 | union_precision 0.8800 | threshold 0.550 | val_model raw | lr 0.001000
Epoch 21/60 | train_loss 0.9273 | union_precision 0.8800 | weighted_recall 0.5535 | union_precision 0.8800 | threshold 0.550 | val_model raw | lr 0.001000
Epoch 22/60 | train_loss 0.9166 | union_precision 0.8519 | weighted_recall 0.5561 | union_precision 0.8519 | threshold 0.525 | val_model raw | lr 0.001000
Epoch 23/60 | train_loss 0.8915 | union_precision 0.8846 | weighted_recall 0.5561 | union_precision 0.8846 | threshold 0.550 | val_model raw | lr 0.001000
Early stopping at epoch 23
Held-out M17-1 | union_precision=0.8621 | weighted_recall=0.5651 | consensus_recall=0.0000
Epoch 1/60 | train_loss 1.5260 | union_precision 1.0000 | weighted_recall 0.0918 | union_precision 1.0000 | threshold 0.600 | val_model raw | lr 0.001000
Epoch 2/60 | train_loss 1.4109 | union_precision 0.6667 | weighted_recall 0.2318 | union_precision 0.6667 | threshold 0.550 | val_model raw | lr 0.001000
Epoch 3/60 | train_loss 1.3259 | union_precision 0.6667 | weighted_recall 0.1327 | union_precision 0.6667 | threshold 0.575 | val_model raw | lr 0.001000
Epoch 4/60 | train_loss 1.2607 | union_precision 0.8000 | weighted_recall 0.2758 | union_precision 0.8000 | threshold 0.575 | val_model raw | lr 0.001000
Epoch 5/60 | train_loss 1.2331 | union_precision 0.8000 | weighted_recall 0.2758 | union_precision 0.8000 | threshold 0.575 | val_model raw | lr 0.001000
Epoch 6/60 | train_loss 1.1957 | union_precision 0.8000 | weighted_recall 0.1946 | union_precision 0.8000 | threshold 0.575 | val_model raw | lr 0.001000
Epoch 7/60 | train_loss 1.1766 | union_precision 0.8125 | weighted_recall 0.4620 | union_precision 0.8125 | threshold 0.550 | val_model raw | lr 0.001000
Epoch 8/60 | train_loss 1.1389 | union_precision 0.8182 | weighted_recall 0.2399 | union_precision 0.8182 | threshold 0.575 | val_model raw | lr 0.001000
Epoch 9/60 | train_loss 1.1308 | union_precision 0.8333 | weighted_recall 0.5727 | union_precision 0.8333 | threshold 0.050 | val_model raw | lr 0.001000
Epoch 10/60 | train_loss 1.1079 | union_precision 0.8462 | weighted_recall 0.3006 | union_precision 0.8462 | threshold 0.575 | val_model raw | lr 0.001000
Epoch 11/60 | train_loss 1.0843 | union_precision 0.8235 | weighted_recall 0.4722 | union_precision 0.8235 | threshold 0.550 | val_model raw | lr 0.001000
Early stopping at epoch 11
Held-out M17-2 | union_precision=1.0000 | weighted_recall=0.0918 | consensus_recall=0.0000
Epoch 1/60 | train_loss 1.5294 | union_precision 1.0000 | weighted_recall 0.0269 | union_precision 1.0000 | threshold 0.625 | val_model raw | lr 0.001000
Epoch 2/60 | train_loss 1.4115 | union_precision 1.0000 | weighted_recall 0.0269 | union_precision 1.0000 | threshold 0.625 | val_model raw | lr 0.001000
Epoch 3/60 | train_loss 1.3234 | union_precision 1.0000 | weighted_recall 0.0295 | union_precision 1.0000 | threshold 0.625 | val_model raw | lr 0.001000
Epoch 4/60 | train_loss 1.2601 | union_precision 1.0000 | weighted_recall 0.0295 | union_precision 1.0000 | threshold 0.625 | val_model raw | lr 0.001000
Epoch 5/60 | train_loss 1.2348 | union_precision 1.0000 | weighted_recall 0.0295 | union_precision 1.0000 | threshold 0.625 | val_model raw | lr 0.001000
Epoch 6/60 | train_loss 1.1952 | union_precision 1.0000 | weighted_recall 0.0295 | union_precision 1.0000 | threshold 0.650 | val_model raw | lr 0.001000
Epoch 7/60 | train_loss 1.1776 | union_precision 1.0000 | weighted_recall 0.0295 | union_precision 1.0000 | threshold 0.650 | val_model raw | lr 0.001000
Epoch 8/60 | train_loss 1.1387 | union_precision 1.0000 | weighted_recall 0.0269 | union_precision 1.0000 | threshold 0.675 | val_model raw | lr 0.001000
Epoch 9/60 | train_loss 1.1297 | union_precision 1.0000 | weighted_recall 0.0514 | union_precision 1.0000 | threshold 0.675 | val_model raw | lr 0.001000
Epoch 10/60 | train_loss 1.1063 | union_precision 1.0000 | weighted_recall 0.0245 | union_precision 1.0000 | threshold 0.700 | val_model raw | lr 0.001000
Epoch 11/60 | train_loss 1.0831 | union_precision 1.0000 | weighted_recall 0.0514 | union_precision 1.0000 | threshold 0.700 | val_model raw | lr 0.001000
Epoch 12/60 | train_loss 1.0618 | union_precision 1.0000 | weighted_recall 0.0726 | union_precision 1.0000 | threshold 0.700 | val_model raw | lr 0.001000
Epoch 13/60 | train_loss 1.0411 | union_precision 1.0000 | weighted_recall 0.0514 | union_precision 1.0000 | threshold 0.725 | val_model raw | lr 0.001000
Epoch 14/60 | train_loss 1.0168 | union_precision 1.0000 | weighted_recall 0.0811 | union_precision 1.0000 | threshold 0.725 | val_model raw | lr 0.001000
Epoch 15/60 | train_loss 1.0054 | union_precision 1.0000 | weighted_recall 0.1022 | union_precision 1.0000 | threshold 0.725 | val_model raw | lr 0.001000
Epoch 16/60 | train_loss 0.9840 | union_precision 0.8571 | weighted_recall 0.1291 | union_precision 0.8571 | threshold 0.725 | val_model raw | lr 0.001000
Epoch 17/60 | train_loss 0.9549 | union_precision 1.0000 | weighted_recall 0.0811 | union_precision 1.0000 | threshold 0.750 | val_model raw | lr 0.001000
Epoch 18/60 | train_loss 0.9499 | union_precision 1.0000 | weighted_recall 0.1291 | union_precision 1.0000 | threshold 0.750 | val_model raw | lr 0.001000
Epoch 19/60 | train_loss 0.9422 | union_precision 1.0000 | weighted_recall 0.0811 | union_precision 1.0000 | threshold 0.775 | val_model raw | lr 0.001000
Epoch 20/60 | train_loss 0.9279 | union_precision 1.0000 | weighted_recall 0.1475 | union_precision 1.0000 | threshold 0.775 | val_model raw | lr 0.001000
Epoch 21/60 | train_loss 0.9262 | union_precision 1.0000 | weighted_recall 0.0811 | union_precision 1.0000 | threshold 0.800 | val_model raw | lr 0.001000
Epoch 22/60 | train_loss 0.9121 | union_precision 1.0000 | weighted_recall 0.1188 | union_precision 1.0000 | threshold 0.800 | val_model raw | lr 0.001000
Epoch 23/60 | train_loss 0.8888 | union_precision 1.0000 | weighted_recall 0.1188 | union_precision 1.0000 | threshold 0.800 | val_model raw | lr 0.001000
Epoch 24/60 | train_loss 0.8833 | union_precision 1.0000 | weighted_recall 0.1188 | union_precision 1.0000 | threshold 0.800 | val_model raw | lr 0.001000
Epoch 25/60 | train_loss 0.8663 | union_precision 1.0000 | weighted_recall 0.1188 | union_precision 1.0000 | threshold 0.800 | val_model raw | lr 0.001000
Epoch 26/60 | train_loss 0.8602 | union_precision 1.0000 | weighted_recall 0.1188 | union_precision 1.0000 | threshold 0.800 | val_model raw | lr 0.001000
Epoch 27/60 | train_loss 0.8462 | union_precision 1.0000 | weighted_recall 0.1188 | union_precision 1.0000 | threshold 0.800 | val_model raw | lr 0.001000
Epoch 28/60 | train_loss 0.8348 | union_precision 0.8571 | weighted_recall 0.2821 | union_precision 0.8571 | threshold 0.750 | val_model raw | lr 0.001000
Epoch 29/60 | train_loss 0.8379 | union_precision 0.8636 | weighted_recall 0.3445 | union_precision 0.8636 | threshold 0.700 | val_model raw | lr 0.001000
Epoch 30/60 | train_loss 0.8172 | union_precision 0.8636 | weighted_recall 0.3445 | union_precision 0.8636 | threshold 0.700 | val_model raw | lr 0.001000
Epoch 31/60 | train_loss 0.7991 | union_precision 0.8636 | weighted_recall 0.3265 | union_precision 0.8636 | threshold 0.700 | val_model raw | lr 0.001000
Epoch 32/60 | train_loss 0.8053 | union_precision 0.8947 | weighted_recall 0.3208 | union_precision 0.8947 | threshold 0.725 | val_model raw | lr 0.001000
Epoch 33/60 | train_loss 0.7836 | union_precision 0.8947 | weighted_recall 0.3388 | union_precision 0.8947 | threshold 0.725 | val_model raw | lr 0.001000
Epoch 34/60 | train_loss 0.7817 | union_precision 0.8889 | weighted_recall 0.3371 | union_precision 0.8889 | threshold 0.725 | val_model raw | lr 0.001000
Epoch 35/60 | train_loss 0.7788 | union_precision 0.8889 | weighted_recall 0.3371 | union_precision 0.8889 | threshold 0.725 | val_model raw | lr 0.001000
Epoch 36/60 | train_loss 0.7641 | union_precision 0.8571 | weighted_recall 0.3164 | union_precision 0.8571 | threshold 0.750 | val_model raw | lr 0.001000
Epoch 37/60 | train_loss 0.7576 | union_precision 1.0000 | weighted_recall 0.2689 | union_precision 1.0000 | threshold 0.800 | val_model raw | lr 0.001000
Epoch 38/60 | train_loss 0.7519 | union_precision 0.9000 | weighted_recall 0.2689 | union_precision 0.9000 | threshold 0.800 | val_model raw | lr 0.001000
Epoch 39/60 | train_loss 0.7504 | union_precision 0.8500 | weighted_recall 0.3388 | union_precision 0.8500 | threshold 0.750 | val_model raw | lr 0.001000
Early stopping at epoch 39
Held-out M17-3 | union_precision=0.8636 | weighted_recall=0.3445 | consensus_recall=0.0000
Epoch 1/60 | train_loss 1.5322 | union_precision 0.7500 | weighted_recall 0.0593 | union_precision 0.7500 | threshold 0.550 | val_model raw | lr 0.001000
Epoch 2/60 | train_loss 1.4056 | union_precision 0.8750 | weighted_recall 0.0819 | union_precision 0.8750 | threshold 0.550 | val_model raw | lr 0.001000
Epoch 3/60 | train_loss 1.3214 | union_precision 0.8750 | weighted_recall 0.0819 | union_precision 0.8750 | threshold 0.575 | val_model raw | lr 0.001000
Epoch 4/60 | train_loss 1.2581 | union_precision 1.0000 | weighted_recall 0.0784 | union_precision 1.0000 | threshold 0.600 | val_model raw | lr 0.001000
Epoch 5/60 | train_loss 1.2280 | union_precision 0.8750 | weighted_recall 0.1051 | union_precision 0.8750 | threshold 0.600 | val_model raw | lr 0.001000
Epoch 6/60 | train_loss 1.1918 | union_precision 0.8571 | weighted_recall 0.0352 | union_precision 0.8571 | threshold 0.600 | val_model raw | lr 0.001000
Epoch 7/60 | train_loss 1.1722 | union_precision 0.8571 | weighted_recall 0.0352 | union_precision 0.8571 | threshold 0.600 | val_model raw | lr 0.001000
Epoch 8/60 | train_loss 1.1349 | union_precision 1.0000 | weighted_recall 0.0077 | union_precision 1.0000 | threshold 0.675 | val_model raw | lr 0.001000
Epoch 9/60 | train_loss 1.1260 | union_precision 1.0000 | weighted_recall 0.0125 | union_precision 1.0000 | threshold 0.675 | val_model raw | lr 0.001000
Epoch 10/60 | train_loss 1.1007 | union_precision 1.0000 | weighted_recall 0.0504 | union_precision 1.0000 | threshold 0.675 | val_model raw | lr 0.001000
Epoch 11/60 | train_loss 1.0802 | union_precision 0.8750 | weighted_recall 0.0978 | union_precision 0.8750 | threshold 0.650 | val_model raw | lr 0.001000
Epoch 12/60 | train_loss 1.0581 | union_precision 0.8889 | weighted_recall 0.1004 | union_precision 0.8889 | threshold 0.650 | val_model raw | lr 0.001000
Epoch 13/60 | train_loss 1.0359 | union_precision 0.9091 | weighted_recall 0.1150 | union_precision 0.9091 | threshold 0.650 | val_model raw | lr 0.001000
Epoch 14/60 | train_loss 1.0118 | union_precision 0.8571 | weighted_recall 0.1198 | union_precision 0.8571 | threshold 0.650 | val_model raw | lr 0.001000
Epoch 15/60 | train_loss 1.0020 | union_precision 0.8750 | weighted_recall 0.1076 | union_precision 0.8750 | threshold 0.675 | val_model raw | lr 0.001000
Epoch 16/60 | train_loss 0.9801 | union_precision 0.8750 | weighted_recall 0.2109 | union_precision 0.8750 | threshold 0.525 | val_model raw | lr 0.001000
Epoch 17/60 | train_loss 0.9511 | union_precision 0.8750 | weighted_recall 0.2109 | union_precision 0.8750 | threshold 0.500 | val_model raw | lr 0.001000
Epoch 18/60 | train_loss 0.9464 | union_precision 0.8750 | weighted_recall 0.2109 | union_precision 0.8750 | threshold 0.500 | val_model raw | lr 0.001000
Epoch 19/60 | train_loss 0.9391 | union_precision 0.8750 | weighted_recall 0.2145 | union_precision 0.8750 | threshold 0.475 | val_model raw | lr 0.001000
Epoch 20/60 | train_loss 0.9221 | union_precision 0.8750 | weighted_recall 0.2145 | union_precision 0.8750 | threshold 0.450 | val_model raw | lr 0.001000
Epoch 21/60 | train_loss 0.9187 | union_precision 0.8571 | weighted_recall 0.1292 | union_precision 0.8571 | threshold 0.725 | val_model raw | lr 0.001000
Epoch 22/60 | train_loss 0.9087 | union_precision 0.8667 | weighted_recall 0.1316 | union_precision 0.8667 | threshold 0.725 | val_model raw | lr 0.001000
Epoch 23/60 | train_loss 0.8817 | union_precision 0.8571 | weighted_recall 0.0780 | union_precision 0.8571 | threshold 0.775 | val_model raw | lr 0.001000
Epoch 24/60 | train_loss 0.8785 | union_precision 0.8571 | weighted_recall 0.0780 | union_precision 0.8571 | threshold 0.775 | val_model raw | lr 0.001000
Epoch 25/60 | train_loss 0.8625 | union_precision 0.8571 | weighted_recall 0.0780 | union_precision 0.8571 | threshold 0.775 | val_model raw | lr 0.001000
Epoch 26/60 | train_loss 0.8558 | union_precision 0.8571 | weighted_recall 0.0780 | union_precision 0.8571 | threshold 0.775 | val_model raw | lr 0.001000
Epoch 27/60 | train_loss 0.8444 | union_precision 0.8571 | weighted_recall 0.0780 | union_precision 0.8571 | threshold 0.775 | val_model raw | lr 0.001000
Epoch 28/60 | train_loss 0.8316 | union_precision 0.8571 | weighted_recall 0.0780 | union_precision 0.8571 | threshold 0.775 | val_model raw | lr 0.001000
Epoch 29/60 | train_loss 0.8344 | union_precision 0.8571 | weighted_recall 0.0780 | union_precision 0.8571 | threshold 0.800 | val_model raw | lr 0.001000
Early stopping at epoch 29
Held-out M17-4 | union_precision=0.8750 | weighted_recall=0.2145 | consensus_recall=0.0000
Epoch 1/60 | train_loss 1.5316 | union_precision 0.7500 | weighted_recall 0.3095 | union_precision 0.7500 | threshold 0.525 | val_model raw | lr 0.001000
Epoch 2/60 | train_loss 1.4074 | union_precision 0.7826 | weighted_recall 0.4399 | union_precision 0.7826 | threshold 0.525 | val_model raw | lr 0.001000
Epoch 3/60 | train_loss 1.3217 | union_precision 0.6818 | weighted_recall 0.3223 | union_precision 0.6818 | threshold 0.550 | val_model raw | lr 0.001000
Epoch 4/60 | train_loss 1.2609 | union_precision 0.6364 | weighted_recall 0.2926 | union_precision 0.6364 | threshold 0.525 | val_model raw | lr 0.001000
Epoch 5/60 | train_loss 1.2325 | union_precision 0.5758 | weighted_recall 0.2405 | union_precision 0.5758 | threshold 0.525 | val_model raw | lr 0.001000
Epoch 6/60 | train_loss 1.1947 | union_precision 0.6667 | weighted_recall 0.2231 | union_precision 0.6667 | threshold 0.600 | val_model raw | lr 0.001000
Epoch 7/60 | train_loss 1.1776 | union_precision 0.6875 | weighted_recall 0.2272 | union_precision 0.6875 | threshold 0.600 | val_model raw | lr 0.001000
Epoch 8/60 | train_loss 1.1403 | union_precision 0.7500 | weighted_recall 0.2189 | union_precision 0.7500 | threshold 0.625 | val_model raw | lr 0.001000
Epoch 9/60 | train_loss 1.1293 | union_precision 1.0000 | weighted_recall 0.1001 | union_precision 1.0000 | threshold 0.675 | val_model raw | lr 0.001000
Epoch 10/60 | train_loss 1.1076 | union_precision 1.0000 | weighted_recall 0.1001 | union_precision 1.0000 | threshold 0.675 | val_model raw | lr 0.001000
Epoch 11/60 | train_loss 1.0848 | union_precision 0.8750 | weighted_recall 0.1610 | union_precision 0.8750 | threshold 0.675 | val_model raw | lr 0.001000
Epoch 12/60 | train_loss 1.0636 | union_precision 0.8571 | weighted_recall 0.2669 | union_precision 0.8571 | threshold 0.650 | val_model raw | lr 0.001000
Epoch 13/60 | train_loss 1.0422 | union_precision 0.8571 | weighted_recall 0.2669 | union_precision 0.8571 | threshold 0.650 | val_model raw | lr 0.001000
Epoch 14/60 | train_loss 1.0166 | union_precision 0.8667 | weighted_recall 0.3452 | union_precision 0.8667 | threshold 0.650 | val_model raw | lr 0.001000
Epoch 15/60 | train_loss 1.0071 | union_precision 0.8667 | weighted_recall 0.3452 | union_precision 0.8667 | threshold 0.650 | val_model raw | lr 0.001000
Epoch 16/60 | train_loss 0.9819 | union_precision 0.8667 | weighted_recall 0.3452 | union_precision 0.8667 | threshold 0.650 | val_model raw | lr 0.001000
Epoch 17/60 | train_loss 0.9589 | union_precision 0.8750 | weighted_recall 0.4037 | union_precision 0.8750 | threshold 0.650 | val_model raw | lr 0.001000
Epoch 18/60 | train_loss 0.9516 | union_precision 0.8750 | weighted_recall 0.4037 | union_precision 0.8750 | threshold 0.650 | val_model raw | lr 0.001000
Epoch 19/60 | train_loss 0.9425 | union_precision 0.9167 | weighted_recall 0.2293 | union_precision 0.9167 | threshold 0.750 | val_model raw | lr 0.001000
Epoch 20/60 | train_loss 0.9260 | union_precision 0.8571 | weighted_recall 0.3077 | union_precision 0.8571 | threshold 0.725 | val_model raw | lr 0.001000
Epoch 21/60 | train_loss 0.9212 | union_precision 0.8571 | weighted_recall 0.3077 | union_precision 0.8571 | threshold 0.725 | val_model raw | lr 0.001000
Epoch 22/60 | train_loss 0.9136 | union_precision 0.9231 | weighted_recall 0.3324 | union_precision 0.9231 | threshold 0.750 | val_model raw | lr 0.001000
Epoch 23/60 | train_loss 0.8837 | union_precision 0.9231 | weighted_recall 0.3324 | union_precision 0.9231 | threshold 0.750 | val_model raw | lr 0.001000
Epoch 24/60 | train_loss 0.8812 | union_precision 0.9231 | weighted_recall 0.3324 | union_precision 0.9231 | threshold 0.725 | val_model raw | lr 0.001000
Epoch 25/60 | train_loss 0.8676 | union_precision 0.8750 | weighted_recall 0.4078 | union_precision 0.8750 | threshold 0.700 | val_model raw | lr 0.001000
Epoch 26/60 | train_loss 0.8636 | union_precision 0.8750 | weighted_recall 0.4078 | union_precision 0.8750 | threshold 0.700 | val_model raw | lr 0.001000
Epoch 27/60 | train_loss 0.8492 | union_precision 0.8824 | weighted_recall 0.4416 | union_precision 0.8824 | threshold 0.675 | val_model raw | lr 0.001000
Epoch 28/60 | train_loss 0.8376 | union_precision 0.8824 | weighted_recall 0.4416 | union_precision 0.8824 | threshold 0.650 | val_model raw | lr 0.001000
Epoch 29/60 | train_loss 0.8361 | union_precision 0.8750 | weighted_recall 0.5358 | union_precision 0.8750 | threshold 0.400 | val_model raw | lr 0.001000
Epoch 30/60 | train_loss 0.8222 | union_precision 0.9167 | weighted_recall 0.5400 | union_precision 0.9167 | threshold 0.400 | val_model raw | lr 0.001000
Epoch 31/60 | train_loss 0.8019 | union_precision 0.9167 | weighted_recall 0.5400 | union_precision 0.9167 | threshold 0.400 | val_model raw | lr 0.001000
Epoch 32/60 | train_loss 0.8081 | union_precision 0.8750 | weighted_recall 0.5463 | union_precision 0.8750 | threshold 0.375 | val_model raw | lr 0.001000
Epoch 33/60 | train_loss 0.7821 | union_precision 0.9130 | weighted_recall 0.5981 | union_precision 0.9130 | threshold 0.550 | val_model raw | lr 0.001000
Epoch 34/60 | train_loss 0.7819 | union_precision 0.9130 | weighted_recall 0.5981 | union_precision 0.9130 | threshold 0.525 | val_model raw | lr 0.001000
Epoch 35/60 | train_loss 0.7779 | union_precision 0.8696 | weighted_recall 0.5605 | union_precision 0.8696 | threshold 0.500 | val_model raw | lr 0.001000
Epoch 36/60 | train_loss 0.7666 | union_precision 0.8696 | weighted_recall 0.5605 | union_precision 0.8696 | threshold 0.475 | val_model raw | lr 0.001000
Epoch 37/60 | train_loss 0.7545 | union_precision 0.8696 | weighted_recall 0.5605 | union_precision 0.8696 | threshold 0.450 | val_model raw | lr 0.001000
Epoch 38/60 | train_loss 0.7517 | union_precision 0.8696 | weighted_recall 0.5605 | union_precision 0.8696 | threshold 0.450 | val_model raw | lr 0.001000
Epoch 39/60 | train_loss 0.7528 | union_precision 0.9130 | weighted_recall 0.5981 | union_precision 0.9130 | threshold 0.425 | val_model raw | lr 0.001000
Epoch 40/60 | train_loss 0.7353 | union_precision 0.8889 | weighted_recall 0.6106 | union_precision 0.8889 | threshold 0.150 | val_model raw | lr 0.001000
Epoch 41/60 | train_loss 0.7402 | union_precision 0.8889 | weighted_recall 0.6106 | union_precision 0.8889 | threshold 0.150 | val_model raw | lr 0.001000
Epoch 42/60 | train_loss 0.7233 | union_precision 0.8889 | weighted_recall 0.6106 | union_precision 0.8889 | threshold 0.150 | val_model raw | lr 0.001000
Epoch 43/60 | train_loss 0.7176 | union_precision 0.8889 | weighted_recall 0.6106 | union_precision 0.8889 | threshold 0.150 | val_model raw | lr 0.001000
Epoch 44/60 | train_loss 0.6976 | union_precision 0.8889 | weighted_recall 0.6106 | union_precision 0.8889 | threshold 0.150 | val_model raw | lr 0.001000
Epoch 45/60 | train_loss 0.7038 | union_precision 0.8889 | weighted_recall 0.6106 | union_precision 0.8889 | threshold 0.150 | val_model raw | lr 0.001000
Epoch 46/60 | train_loss 0.6973 | union_precision 0.8621 | weighted_recall 0.6168 | union_precision 0.8621 | threshold 0.100 | val_model raw | lr 0.001000
Epoch 47/60 | train_loss 0.6956 | union_precision 0.8621 | weighted_recall 0.6168 | union_precision 0.8621 | threshold 0.100 | val_model raw | lr 0.001000
Epoch 48/60 | train_loss 0.6835 | union_precision 0.8621 | weighted_recall 0.6168 | union_precision 0.8621 | threshold 0.100 | val_model raw | lr 0.001000
Epoch 49/60 | train_loss 0.6698 | union_precision 0.8621 | weighted_recall 0.6168 | union_precision 0.8621 | threshold 0.100 | val_model raw | lr 0.001000
Epoch 50/60 | train_loss 0.6765 | union_precision 0.8889 | weighted_recall 0.6106 | union_precision 0.8889 | threshold 0.125 | val_model raw | lr 0.001000
Epoch 51/60 | train_loss 0.6661 | union_precision 0.8889 | weighted_recall 0.6106 | union_precision 0.8889 | threshold 0.125 | val_model raw | lr 0.001000
Epoch 52/60 | train_loss 0.6682 | union_precision 0.8519 | weighted_recall 0.5730 | union_precision 0.8519 | threshold 0.150 | val_model raw | lr 0.001000
Epoch 53/60 | train_loss 0.6571 | union_precision 0.8519 | weighted_recall 0.5275 | union_precision 0.8519 | threshold 0.150 | val_model raw | lr 0.001000
Epoch 54/60 | train_loss 0.6447 | union_precision 0.8519 | weighted_recall 0.5275 | union_precision 0.8519 | threshold 0.150 | val_model raw | lr 0.001000
Epoch 55/60 | train_loss 0.6420 | union_precision 0.9167 | weighted_recall 0.5212 | union_precision 0.9167 | threshold 0.225 | val_model raw | lr 0.001000
Epoch 56/60 | train_loss 0.6407 | union_precision 0.9167 | weighted_recall 0.5212 | union_precision 0.9167 | threshold 0.225 | val_model raw | lr 0.001000
Epoch 57/60 | train_loss 0.6315 | union_precision 0.9167 | weighted_recall 0.5212 | union_precision 0.9167 | threshold 0.225 | val_model raw | lr 0.001000
Early stopping at epoch 57
Held-out M24-1 | union_precision=0.8621 | weighted_recall=0.6168 | consensus_recall=0.0000
Epoch 1/60 | train_loss 1.5319 | union_precision 0.7500 | weighted_recall 0.0208 | union_precision 0.7500 | threshold 0.600 | val_model raw | lr 0.001000
Epoch 2/60 | train_loss 1.4065 | union_precision 0.6667 | weighted_recall 0.0306 | union_precision 0.6667 | threshold 0.550 | val_model raw | lr 0.001000
Epoch 3/60 | train_loss 1.3213 | union_precision 0.7500 | weighted_recall 0.0295 | union_precision 0.7500 | threshold 0.625 | val_model raw | lr 0.001000
Epoch 4/60 | train_loss 1.2616 | union_precision 1.0000 | weighted_recall 0.0120 | union_precision 1.0000 | threshold 0.675 | val_model raw | lr 0.001000
Epoch 5/60 | train_loss 1.2321 | union_precision 0.6842 | weighted_recall 0.2297 | union_precision 0.6842 | threshold 0.500 | val_model raw | lr 0.001000
Epoch 6/60 | train_loss 1.1935 | union_precision 0.7037 | weighted_recall 0.1668 | union_precision 0.7037 | threshold 0.525 | val_model raw | lr 0.001000
Epoch 7/60 | train_loss 1.1762 | union_precision 0.6923 | weighted_recall 0.2403 | union_precision 0.6923 | threshold 0.500 | val_model raw | lr 0.001000
Epoch 8/60 | train_loss 1.1417 | union_precision 0.7188 | weighted_recall 0.2024 | union_precision 0.7188 | threshold 0.525 | val_model raw | lr 0.001000
Epoch 9/60 | train_loss 1.1287 | union_precision 0.7429 | weighted_recall 0.2303 | union_precision 0.7429 | threshold 0.525 | val_model raw | lr 0.001000
Epoch 10/60 | train_loss 1.1072 | union_precision 0.7500 | weighted_recall 0.0295 | union_precision 0.7500 | threshold 0.650 | val_model raw | lr 0.001000
Epoch 11/60 | train_loss 1.0821 | union_precision 0.7500 | weighted_recall 0.0295 | union_precision 0.7500 | threshold 0.650 | val_model raw | lr 0.001000
Epoch 12/60 | train_loss 1.0644 | union_precision 0.7500 | weighted_recall 0.0295 | union_precision 0.7500 | threshold 0.650 | val_model raw | lr 0.001000
Epoch 13/60 | train_loss 1.0418 | union_precision 0.7000 | weighted_recall 0.2753 | union_precision 0.7000 | threshold 0.550 | val_model raw | lr 0.001000
Epoch 14/60 | train_loss 1.0131 | union_precision 0.7000 | weighted_recall 0.2753 | union_precision 0.7000 | threshold 0.550 | val_model raw | lr 0.001000
Early stopping at epoch 14
Held-out M24-2 | union_precision=1.0000 | weighted_recall=0.0120 | consensus_recall=0.0000
Epoch 1/60 | train_loss 1.5323 | union_precision 0.3333 | weighted_recall 0.0303 | union_precision 0.3333 | threshold 0.575 | val_model raw | lr 0.001000
Epoch 2/60 | train_loss 1.4085 | union_precision 1.0000 | weighted_recall 0.0303 | union_precision 1.0000 | threshold 0.650 | val_model raw | lr 0.001000
Epoch 3/60 | train_loss 1.3193 | union_precision 1.0000 | weighted_recall 0.0303 | union_precision 1.0000 | threshold 0.675 | val_model raw | lr 0.001000
Epoch 4/60 | train_loss 1.2648 | union_precision 1.0000 | weighted_recall 0.0303 | union_precision 1.0000 | threshold 0.700 | val_model raw | lr 0.001000
Epoch 5/60 | train_loss 1.2343 | union_precision 1.0000 | weighted_recall 0.0303 | union_precision 1.0000 | threshold 0.700 | val_model raw | lr 0.001000
Epoch 6/60 | train_loss 1.1950 | union_precision 1.0000 | weighted_recall 0.0303 | union_precision 1.0000 | threshold 0.700 | val_model raw | lr 0.001000
Epoch 7/60 | train_loss 1.1792 | union_precision 1.0000 | weighted_recall 0.0303 | union_precision 1.0000 | threshold 0.700 | val_model raw | lr 0.001000
Epoch 8/60 | train_loss 1.1423 | union_precision 1.0000 | weighted_recall 0.0303 | union_precision 1.0000 | threshold 0.725 | val_model raw | lr 0.001000
Epoch 9/60 | train_loss 1.1327 | union_precision 1.0000 | weighted_recall 0.0303 | union_precision 1.0000 | threshold 0.725 | val_model raw | lr 0.001000
Epoch 10/60 | train_loss 1.1088 | union_precision 1.0000 | weighted_recall 0.0303 | union_precision 1.0000 | threshold 0.725 | val_model raw | lr 0.001000
Epoch 11/60 | train_loss 1.0876 | union_precision 1.0000 | weighted_recall 0.0303 | union_precision 1.0000 | threshold 0.750 | val_model raw | lr 0.001000
Epoch 12/60 | train_loss 1.0642 | union_precision 1.0000 | weighted_recall 0.0303 | union_precision 1.0000 | threshold 0.750 | val_model raw | lr 0.001000
Early stopping at epoch 12
Held-out M24-3 | union_precision=1.0000 | weighted_recall=0.0303 | consensus_recall=0.0000
Epoch 1/60 | train_loss 1.5371 | union_precision 0.5085 | weighted_recall 0.2578 | union_precision 0.5085 | threshold 0.525 | val_model raw | lr 0.001000
Epoch 2/60 | train_loss 1.4120 | union_precision 0.5890 | weighted_recall 0.4041 | union_precision 0.5890 | threshold 0.525 | val_model raw | lr 0.001000
Epoch 3/60 | train_loss 1.3193 | union_precision 0.7368 | weighted_recall 0.1032 | union_precision 0.7368 | threshold 0.575 | val_model raw | lr 0.001000
Epoch 4/60 | train_loss 1.2657 | union_precision 0.6667 | weighted_recall 0.0333 | union_precision 0.6667 | threshold 0.600 | val_model raw | lr 0.001000
Epoch 5/60 | train_loss 1.2345 | union_precision 0.7500 | weighted_recall 0.0136 | union_precision 0.7500 | threshold 0.625 | val_model raw | lr 0.001000
Epoch 6/60 | train_loss 1.1940 | union_precision 1.0000 | weighted_recall 0.0333 | union_precision 1.0000 | threshold 0.625 | val_model raw | lr 0.001000
Epoch 7/60 | train_loss 1.1788 | union_precision 1.0000 | weighted_recall 0.0111 | union_precision 1.0000 | threshold 0.650 | val_model raw | lr 0.001000
Epoch 8/60 | train_loss 1.1418 | union_precision 1.0000 | weighted_recall 0.0515 | union_precision 1.0000 | threshold 0.650 | val_model raw | lr 0.001000
Epoch 9/60 | train_loss 1.1307 | union_precision 1.0000 | weighted_recall 0.0604 | union_precision 1.0000 | threshold 0.650 | val_model raw | lr 0.001000
Epoch 10/60 | train_loss 1.1053 | union_precision 1.0000 | weighted_recall 0.0515 | union_precision 1.0000 | threshold 0.675 | val_model raw | lr 0.001000
Epoch 11/60 | train_loss 1.0824 | union_precision 1.0000 | weighted_recall 0.0746 | union_precision 1.0000 | threshold 0.675 | val_model raw | lr 0.001000
Epoch 12/60 | train_loss 1.0583 | union_precision 1.0000 | weighted_recall 0.0642 | union_precision 1.0000 | threshold 0.700 | val_model raw | lr 0.001000
Epoch 13/60 | train_loss 1.0370 | union_precision 1.0000 | weighted_recall 0.0515 | union_precision 1.0000 | threshold 0.725 | val_model raw | lr 0.001000
Epoch 14/60 | train_loss 1.0120 | union_precision 1.0000 | weighted_recall 0.0902 | union_precision 1.0000 | threshold 0.725 | val_model raw | lr 0.001000
Epoch 15/60 | train_loss 0.9973 | union_precision 1.0000 | weighted_recall 0.0589 | union_precision 1.0000 | threshold 0.750 | val_model raw | lr 0.001000
Epoch 16/60 | train_loss 0.9746 | union_precision 1.0000 | weighted_recall 0.0522 | union_precision 1.0000 | threshold 0.775 | val_model raw | lr 0.001000
Epoch 17/60 | train_loss 0.9537 | union_precision 1.0000 | weighted_recall 0.0678 | union_precision 1.0000 | threshold 0.775 | val_model raw | lr 0.001000
Epoch 18/60 | train_loss 0.9467 | union_precision 1.0000 | weighted_recall 0.0522 | union_precision 1.0000 | threshold 0.800 | val_model raw | lr 0.001000
Epoch 19/60 | train_loss 0.9338 | union_precision 1.0000 | weighted_recall 0.0119 | union_precision 1.0000 | threshold 0.825 | val_model raw | lr 0.001000
Epoch 20/60 | train_loss 0.9232 | union_precision 1.0000 | weighted_recall 0.0007 | union_precision 1.0000 | threshold 0.850 | val_model raw | lr 0.001000
Epoch 21/60 | train_loss 0.9160 | union_precision 1.0000 | weighted_recall 0.0030 | union_precision 1.0000 | threshold 0.850 | val_model raw | lr 0.001000
Epoch 22/60 | train_loss 0.9119 | union_precision 1.0000 | weighted_recall 0.0007 | union_precision 1.0000 | threshold 0.875 | val_model raw | lr 0.001000
Epoch 23/60 | train_loss 0.8765 | union_precision 0.7292 | weighted_recall 0.3627 | union_precision 0.7292 | threshold 0.575 | val_model raw | lr 0.001000
Epoch 24/60 | train_loss 0.8701 | union_precision 0.7333 | weighted_recall 0.3598 | union_precision 0.7333 | threshold 0.600 | val_model raw | lr 0.001000
Early stopping at epoch 24
Held-out M24-4 | union_precision=1.0000 | weighted_recall=0.0902 | consensus_recall=0.0000
Epoch 1/60 | train_loss 1.5298 | union_precision 0.6667 | weighted_recall 0.0530 | union_precision 0.6667 | threshold 0.550 | val_model raw | lr 0.001000
Epoch 2/60 | train_loss 1.4067 | union_precision 0.6667 | weighted_recall 0.0530 | union_precision 0.6667 | threshold 0.575 | val_model raw | lr 0.001000
Epoch 3/60 | train_loss 1.3174 | union_precision 0.6667 | weighted_recall 0.0665 | union_precision 0.6667 | threshold 0.575 | val_model raw | lr 0.001000
Epoch 4/60 | train_loss 1.2658 | union_precision 0.8000 | weighted_recall 0.0665 | union_precision 0.8000 | threshold 0.600 | val_model raw | lr 0.001000
Epoch 5/60 | train_loss 1.2353 | union_precision 0.7143 | weighted_recall 0.1223 | union_precision 0.7143 | threshold 0.575 | val_model raw | lr 0.001000
Epoch 6/60 | train_loss 1.1978 | union_precision 0.7500 | weighted_recall 0.0523 | union_precision 0.7500 | threshold 0.625 | val_model raw | lr 0.001000
Epoch 7/60 | train_loss 1.1797 | union_precision 0.7500 | weighted_recall 0.0523 | union_precision 0.7500 | threshold 0.625 | val_model raw | lr 0.001000
Epoch 8/60 | train_loss 1.1454 | union_precision 0.6667 | weighted_recall 0.0468 | union_precision 0.6667 | threshold 0.625 | val_model raw | lr 0.001000
Epoch 9/60 | train_loss 1.1342 | union_precision 0.6250 | weighted_recall 0.1168 | union_precision 0.6250 | threshold 0.600 | val_model raw | lr 0.001000
Epoch 10/60 | train_loss 1.1091 | union_precision 0.7500 | weighted_recall 0.2363 | union_precision 0.7500 | threshold 0.600 | val_model raw | lr 0.001000
Epoch 11/60 | train_loss 1.0834 | union_precision 0.7500 | weighted_recall 0.3508 | union_precision 0.7500 | threshold 0.575 | val_model raw | lr 0.001000
Epoch 12/60 | train_loss 1.0656 | union_precision 0.7500 | weighted_recall 0.3031 | union_precision 0.7500 | threshold 0.675 | val_model raw | lr 0.001000
Epoch 13/60 | train_loss 1.0432 | union_precision 0.6923 | weighted_recall 0.3508 | union_precision 0.6923 | threshold 0.575 | val_model raw | lr 0.001000
Epoch 14/60 | train_loss 1.0171 | union_precision 0.6667 | weighted_recall 0.3468 | union_precision 0.6667 | threshold 0.575 | val_model raw | lr 0.001000
Early stopping at epoch 14
Held-out M30-1 | union_precision=0.8000 | weighted_recall=0.0665 | consensus_recall=0.0000
Epoch 1/60 | train_loss 1.5291 | union_precision 1.0000 | weighted_recall 0.0767 | union_precision 1.0000 | threshold 0.575 | val_model raw | lr 0.001000
Epoch 2/60 | train_loss 1.4069 | union_precision 1.0000 | weighted_recall 0.0767 | union_precision 1.0000 | threshold 0.575 | val_model raw | lr 0.001000
Epoch 3/60 | train_loss 1.3181 | union_precision 1.0000 | weighted_recall 0.0767 | union_precision 1.0000 | threshold 0.600 | val_model raw | lr 0.001000
Epoch 4/60 | train_loss 1.2666 | union_precision 1.0000 | weighted_recall 0.0767 | union_precision 1.0000 | threshold 0.625 | val_model raw | lr 0.001000
Epoch 5/60 | train_loss 1.2347 | union_precision 1.0000 | weighted_recall 0.0767 | union_precision 1.0000 | threshold 0.650 | val_model raw | lr 0.001000
Epoch 6/60 | train_loss 1.1982 | union_precision 1.0000 | weighted_recall 0.0767 | union_precision 1.0000 | threshold 0.650 | val_model raw | lr 0.001000
Epoch 7/60 | train_loss 1.1804 | union_precision 1.0000 | weighted_recall 0.0767 | union_precision 1.0000 | threshold 0.675 | val_model raw | lr 0.001000
Epoch 8/60 | train_loss 1.1471 | union_precision 1.0000 | weighted_recall 0.0767 | union_precision 1.0000 | threshold 0.675 | val_model raw | lr 0.001000
Epoch 9/60 | train_loss 1.1347 | union_precision 1.0000 | weighted_recall 0.1781 | union_precision 1.0000 | threshold 0.675 | val_model raw | lr 0.001000
Epoch 10/60 | train_loss 1.1102 | union_precision 1.0000 | weighted_recall 0.1781 | union_precision 1.0000 | threshold 0.700 | val_model raw | lr 0.001000
Epoch 11/60 | train_loss 1.0834 | union_precision 1.0000 | weighted_recall 0.2493 | union_precision 1.0000 | threshold 0.700 | val_model raw | lr 0.001000
Epoch 12/60 | train_loss 1.0648 | union_precision 0.8571 | weighted_recall 0.3672 | union_precision 0.8571 | threshold 0.625 | val_model raw | lr 0.001000
Epoch 13/60 | train_loss 1.0431 | union_precision 1.0000 | weighted_recall 0.2493 | union_precision 1.0000 | threshold 0.700 | val_model raw | lr 0.001000
Epoch 14/60 | train_loss 1.0173 | union_precision 1.0000 | weighted_recall 0.2493 | union_precision 1.0000 | threshold 0.700 | val_model raw | lr 0.001000
Epoch 15/60 | train_loss 1.0028 | union_precision 0.8571 | weighted_recall 0.3973 | union_precision 0.8571 | threshold 0.675 | val_model raw | lr 0.001000
Epoch 16/60 | train_loss 0.9829 | union_precision 0.8889 | weighted_recall 0.4685 | union_precision 0.8889 | threshold 0.675 | val_model raw | lr 0.001000
Epoch 17/60 | train_loss 0.9632 | union_precision 0.9000 | weighted_recall 0.4838 | union_precision 0.9000 | threshold 0.675 | val_model raw | lr 0.001000
Epoch 18/60 | train_loss 0.9515 | union_precision 0.8889 | weighted_recall 0.4685 | union_precision 0.8889 | threshold 0.700 | val_model raw | lr 0.001000
Epoch 19/60 | train_loss 0.9395 | union_precision 0.9000 | weighted_recall 0.4838 | union_precision 0.9000 | threshold 0.700 | val_model raw | lr 0.001000
Epoch 20/60 | train_loss 0.9299 | union_precision 0.9000 | weighted_recall 0.4838 | union_precision 0.9000 | threshold 0.700 | val_model raw | lr 0.001000
Epoch 21/60 | train_loss 0.9205 | union_precision 0.9091 | weighted_recall 0.5222 | union_precision 0.9091 | threshold 0.675 | val_model raw | lr 0.001000
Epoch 22/60 | train_loss 0.9150 | union_precision 0.9091 | weighted_recall 0.5222 | union_precision 0.9091 | threshold 0.700 | val_model raw | lr 0.001000
Epoch 23/60 | train_loss 0.8815 | union_precision 0.9000 | weighted_recall 0.4838 | union_precision 0.9000 | threshold 0.725 | val_model raw | lr 0.001000
Epoch 24/60 | train_loss 0.8766 | union_precision 0.9000 | weighted_recall 0.4838 | union_precision 0.9000 | threshold 0.725 | val_model raw | lr 0.001000
Epoch 25/60 | train_loss 0.8640 | union_precision 0.9000 | weighted_recall 0.4838 | union_precision 0.9000 | threshold 0.750 | val_model raw | lr 0.001000
Epoch 26/60 | train_loss 0.8626 | union_precision 0.9000 | weighted_recall 0.4838 | union_precision 0.9000 | threshold 0.750 | val_model raw | lr 0.001000
Epoch 27/60 | train_loss 0.8476 | union_precision 0.9000 | weighted_recall 0.4838 | union_precision 0.9000 | threshold 0.750 | val_model raw | lr 0.001000
Epoch 28/60 | train_loss 0.8279 | union_precision 0.9000 | weighted_recall 0.4838 | union_precision 0.9000 | threshold 0.750 | val_model raw | lr 0.001000
Epoch 29/60 | train_loss 0.8364 | union_precision 0.9000 | weighted_recall 0.4838 | union_precision 0.9000 | threshold 0.750 | val_model raw | lr 0.001000
Epoch 30/60 | train_loss 0.8249 | union_precision 0.9000 | weighted_recall 0.4838 | union_precision 0.9000 | threshold 0.775 | val_model raw | lr 0.001000
Epoch 31/60 | train_loss 0.8012 | union_precision 0.9000 | weighted_recall 0.4838 | union_precision 0.9000 | threshold 0.775 | val_model raw | lr 0.001000
Early stopping at epoch 31
Held-out M30-2 | union_precision=0.9091 | weighted_recall=0.5222 | consensus_recall=0.0000
Epoch 1/60 | train_loss 1.5305 | union_precision 0.5238 | weighted_recall 0.3298 | union_precision 0.5238 | threshold 0.050 | val_model raw | lr 0.001000
Epoch 2/60 | train_loss 1.4046 | union_precision 0.4500 | weighted_recall 0.2493 | union_precision 0.4500 | threshold 0.050 | val_model raw | lr 0.001000
Epoch 3/60 | train_loss 1.3188 | union_precision 0.6279 | weighted_recall 0.3267 | union_precision 0.6279 | threshold 0.050 | val_model raw | lr 0.001000
Epoch 4/60 | train_loss 1.2622 | union_precision 0.7241 | weighted_recall 0.3526 | union_precision 0.7241 | threshold 0.525 | val_model raw | lr 0.001000
Epoch 5/60 | train_loss 1.2332 | union_precision 0.7241 | weighted_recall 0.3463 | union_precision 0.7241 | threshold 0.525 | val_model raw | lr 0.001000
Epoch 6/60 | train_loss 1.1943 | union_precision 0.7308 | weighted_recall 0.3212 | union_precision 0.7308 | threshold 0.550 | val_model raw | lr 0.001000
Epoch 7/60 | train_loss 1.1791 | union_precision 0.7857 | weighted_recall 0.3797 | union_precision 0.7857 | threshold 0.550 | val_model raw | lr 0.001000
Epoch 8/60 | train_loss 1.1454 | union_precision 0.8421 | weighted_recall 0.2585 | union_precision 0.8421 | threshold 0.625 | val_model raw | lr 0.001000
Epoch 9/60 | train_loss 1.1319 | union_precision 0.8696 | weighted_recall 0.3528 | union_precision 0.8696 | threshold 0.625 | val_model raw | lr 0.001000
Epoch 10/60 | train_loss 1.1061 | union_precision 0.8387 | weighted_recall 0.4167 | union_precision 0.8387 | threshold 0.575 | val_model raw | lr 0.001000
Epoch 11/60 | train_loss 1.0787 | union_precision 0.8462 | weighted_recall 0.3695 | union_precision 0.8462 | threshold 0.625 | val_model raw | lr 0.001000
Epoch 12/60 | train_loss 1.0620 | union_precision 0.8519 | weighted_recall 0.3707 | union_precision 0.8519 | threshold 0.625 | val_model raw | lr 0.001000
Epoch 13/60 | train_loss 1.0403 | union_precision 0.8519 | weighted_recall 0.3707 | union_precision 0.8519 | threshold 0.625 | val_model raw | lr 0.001000
Epoch 14/60 | train_loss 1.0137 | union_precision 0.8621 | weighted_recall 0.4244 | union_precision 0.8621 | threshold 0.625 | val_model raw | lr 0.001000
Epoch 15/60 | train_loss 0.9966 | union_precision 0.8621 | weighted_recall 0.4244 | union_precision 0.8621 | threshold 0.600 | val_model raw | lr 0.001000
Epoch 16/60 | train_loss 0.9796 | union_precision 0.8621 | weighted_recall 0.4244 | union_precision 0.8621 | threshold 0.600 | val_model raw | lr 0.001000
Epoch 17/60 | train_loss 0.9600 | union_precision 0.8667 | weighted_recall 0.4339 | union_precision 0.8667 | threshold 0.600 | val_model raw | lr 0.001000
Epoch 18/60 | train_loss 0.9452 | union_precision 0.8750 | weighted_recall 0.4612 | union_precision 0.8750 | threshold 0.600 | val_model raw | lr 0.001000
Epoch 19/60 | train_loss 0.9343 | union_precision 0.8710 | weighted_recall 0.4595 | union_precision 0.8710 | threshold 0.600 | val_model raw | lr 0.001000
Epoch 20/60 | train_loss 0.9248 | union_precision 0.9032 | weighted_recall 0.4786 | union_precision 0.9032 | threshold 0.600 | val_model raw | lr 0.001000
Epoch 21/60 | train_loss 0.9163 | union_precision 0.8611 | weighted_recall 0.5183 | union_precision 0.8611 | threshold 0.525 | val_model raw | lr 0.001000
Epoch 22/60 | train_loss 0.9145 | union_precision 0.8611 | weighted_recall 0.5183 | union_precision 0.8611 | threshold 0.525 | val_model raw | lr 0.001000
Epoch 23/60 | train_loss 0.8762 | union_precision 0.8529 | weighted_recall 0.4869 | union_precision 0.8529 | threshold 0.525 | val_model raw | lr 0.001000
Epoch 24/60 | train_loss 0.8714 | union_precision 0.8571 | weighted_recall 0.5167 | union_precision 0.8571 | threshold 0.500 | val_model raw | lr 0.001000
Epoch 25/60 | train_loss 0.8605 | union_precision 0.8966 | weighted_recall 0.4641 | union_precision 0.8966 | threshold 0.575 | val_model raw | lr 0.001000
Epoch 26/60 | train_loss 0.8552 | union_precision 0.8571 | weighted_recall 0.4522 | union_precision 0.8571 | threshold 0.550 | val_model raw | lr 0.001000
Epoch 27/60 | train_loss 0.8421 | union_precision 0.9231 | weighted_recall 0.4522 | union_precision 0.9231 | threshold 0.625 | val_model raw | lr 0.001000
Epoch 28/60 | train_loss 0.8264 | union_precision 0.8667 | weighted_recall 0.4483 | union_precision 0.8667 | threshold 0.550 | val_model raw | lr 0.001000
Epoch 29/60 | train_loss 0.8320 | union_precision 0.8667 | weighted_recall 0.4483 | union_precision 0.8667 | threshold 0.575 | val_model raw | lr 0.001000
Epoch 30/60 | train_loss 0.8238 | union_precision 0.8667 | weighted_recall 0.4483 | union_precision 0.8667 | threshold 0.575 | val_model raw | lr 0.001000
Epoch 31/60 | train_loss 0.7986 | union_precision 0.8667 | weighted_recall 0.4483 | union_precision 0.8667 | threshold 0.600 | val_model raw | lr 0.001000
Early stopping at epoch 31
Held-out M30-3 | union_precision=0.8611 | weighted_recall=0.5183 | consensus_recall=1.0000
Epoch 1/60 | train_loss 1.5350 | union_precision 1.0000 | weighted_recall 0.0860 | union_precision 1.0000 | threshold 0.850 | val_model raw | lr 0.001000
Epoch 2/60 | train_loss 1.4082 | union_precision 0.6667 | weighted_recall 0.0892 | union_precision 0.6667 | threshold 0.675 | val_model raw | lr 0.001000
Epoch 3/60 | train_loss 1.3178 | union_precision 0.6667 | weighted_recall 0.0892 | union_precision 0.6667 | threshold 0.675 | val_model raw | lr 0.001000
Epoch 4/60 | train_loss 1.2665 | union_precision 0.6667 | weighted_recall 0.0892 | union_precision 0.6667 | threshold 0.700 | val_model raw | lr 0.001000
Epoch 5/60 | train_loss 1.2395 | union_precision 0.6667 | weighted_recall 0.0892 | union_precision 0.6667 | threshold 0.725 | val_model raw | lr 0.001000
Epoch 6/60 | train_loss 1.1985 | union_precision 0.6667 | weighted_recall 0.2085 | union_precision 0.6667 | threshold 0.550 | val_model raw | lr 0.001000
Epoch 7/60 | train_loss 1.1816 | union_precision 0.6667 | weighted_recall 0.0892 | union_precision 0.6667 | threshold 0.725 | val_model raw | lr 0.001000
Epoch 8/60 | train_loss 1.1507 | union_precision 0.7273 | weighted_recall 0.2407 | union_precision 0.7273 | threshold 0.575 | val_model raw | lr 0.001000
Epoch 9/60 | train_loss 1.1314 | union_precision 0.7500 | weighted_recall 0.2450 | union_precision 0.7500 | threshold 0.575 | val_model raw | lr 0.001000
Epoch 10/60 | train_loss 1.1112 | union_precision 0.7600 | weighted_recall 0.2515 | union_precision 0.7600 | threshold 0.575 | val_model raw | lr 0.001000
Epoch 11/60 | train_loss 1.0821 | union_precision 1.0000 | weighted_recall 0.0011 | union_precision 1.0000 | threshold 0.875 | val_model raw | lr 0.001000
Early stopping at epoch 11
Held-out M30-4 | union_precision=1.0000 | weighted_recall=0.0860 | consensus_recall=0.6667
Epoch 1/60 | train_loss 1.5289 | union_precision 1.0000 | weighted_recall 0.0036 | union_precision 1.0000 | threshold 0.575 | val_model raw | lr 0.001000
Epoch 2/60 | train_loss 1.4058 | union_precision 0.6875 | weighted_recall 0.3188 | union_precision 0.6875 | threshold 0.475 | val_model raw | lr 0.001000
Epoch 3/60 | train_loss 1.3130 | union_precision 0.6250 | weighted_recall 0.3152 | union_precision 0.6250 | threshold 0.500 | val_model raw | lr 0.001000
Epoch 4/60 | train_loss 1.2628 | union_precision 0.6000 | weighted_recall 0.2789 | union_precision 0.6000 | threshold 0.525 | val_model raw | lr 0.001000
Epoch 5/60 | train_loss 1.2374 | union_precision 0.6667 | weighted_recall 0.0290 | union_precision 0.6667 | threshold 0.625 | val_model raw | lr 0.001000
Epoch 6/60 | train_loss 1.1958 | union_precision 0.8000 | weighted_recall 0.1378 | union_precision 0.8000 | threshold 0.625 | val_model raw | lr 0.001000
Epoch 7/60 | train_loss 1.1787 | union_precision 0.8000 | weighted_recall 0.1378 | union_precision 0.8000 | threshold 0.625 | val_model raw | lr 0.001000
Epoch 8/60 | train_loss 1.1469 | union_precision 0.7500 | weighted_recall 0.2863 | union_precision 0.7500 | threshold 0.625 | val_model raw | lr 0.001000
Epoch 9/60 | train_loss 1.1295 | union_precision 1.0000 | weighted_recall 0.0543 | union_precision 1.0000 | threshold 0.675 | val_model raw | lr 0.001000
Epoch 10/60 | train_loss 1.1075 | union_precision 1.0000 | weighted_recall 0.0543 | union_precision 1.0000 | threshold 0.700 | val_model raw | lr 0.001000
Epoch 11/60 | train_loss 1.0795 | union_precision 1.0000 | weighted_recall 0.0543 | union_precision 1.0000 | threshold 0.700 | val_model raw | lr 0.001000
Epoch 12/60 | train_loss 1.0615 | union_precision 1.0000 | weighted_recall 0.0543 | union_precision 1.0000 | threshold 0.725 | val_model raw | lr 0.001000
Epoch 13/60 | train_loss 1.0409 | union_precision 1.0000 | weighted_recall 0.0543 | union_precision 1.0000 | threshold 0.725 | val_model raw | lr 0.001000
Epoch 14/60 | train_loss 1.0182 | union_precision 1.0000 | weighted_recall 0.0543 | union_precision 1.0000 | threshold 0.725 | val_model raw | lr 0.001000
Epoch 15/60 | train_loss 1.0018 | union_precision 1.0000 | weighted_recall 0.0543 | union_precision 1.0000 | threshold 0.725 | val_model raw | lr 0.001000
Epoch 16/60 | train_loss 0.9884 | union_precision 1.0000 | weighted_recall 0.2101 | union_precision 1.0000 | threshold 0.725 | val_model raw | lr 0.001000
Epoch 17/60 | train_loss 0.9603 | union_precision 1.0000 | weighted_recall 0.2101 | union_precision 1.0000 | threshold 0.725 | val_model raw | lr 0.001000
Epoch 18/60 | train_loss 0.9482 | union_precision 1.0000 | weighted_recall 0.2101 | union_precision 1.0000 | threshold 0.725 | val_model raw | lr 0.001000
Epoch 19/60 | train_loss 0.9372 | union_precision 1.0000 | weighted_recall 0.2101 | union_precision 1.0000 | threshold 0.725 | val_model raw | lr 0.001000
Epoch 20/60 | train_loss 0.9277 | union_precision 1.0000 | weighted_recall 0.2101 | union_precision 1.0000 | threshold 0.725 | val_model raw | lr 0.001000
Epoch 21/60 | train_loss 0.9203 | union_precision 1.0000 | weighted_recall 0.2101 | union_precision 1.0000 | threshold 0.725 | val_model raw | lr 0.001000
Epoch 22/60 | train_loss 0.9161 | union_precision 1.0000 | weighted_recall 0.2101 | union_precision 1.0000 | threshold 0.725 | val_model raw | lr 0.001000
Epoch 23/60 | train_loss 0.8830 | union_precision 1.0000 | weighted_recall 0.2202 | union_precision 1.0000 | threshold 0.700 | val_model raw | lr 0.001000
Epoch 24/60 | train_loss 0.8764 | union_precision 1.0000 | weighted_recall 0.2202 | union_precision 1.0000 | threshold 0.675 | val_model raw | lr 0.001000
Epoch 25/60 | train_loss 0.8637 | union_precision 1.0000 | weighted_recall 0.2202 | union_precision 1.0000 | threshold 0.675 | val_model raw | lr 0.001000
Epoch 26/60 | train_loss 0.8598 | union_precision 1.0000 | weighted_recall 0.2202 | union_precision 1.0000 | threshold 0.675 | val_model raw | lr 0.001000
Epoch 27/60 | train_loss 0.8455 | union_precision 0.8571 | weighted_recall 0.3109 | union_precision 0.8571 | threshold 0.675 | val_model raw | lr 0.001000
Epoch 28/60 | train_loss 0.8306 | union_precision 1.0000 | weighted_recall 0.2101 | union_precision 1.0000 | threshold 0.725 | val_model raw | lr 0.001000
Epoch 29/60 | train_loss 0.8356 | union_precision 1.0000 | weighted_recall 0.0978 | union_precision 1.0000 | threshold 0.775 | val_model raw | lr 0.001000
Epoch 30/60 | train_loss 0.8312 | union_precision 1.0000 | weighted_recall 0.0978 | union_precision 1.0000 | threshold 0.775 | val_model raw | lr 0.001000
Epoch 31/60 | train_loss 0.8051 | union_precision 1.0000 | weighted_recall 0.0978 | union_precision 1.0000 | threshold 0.800 | val_model raw | lr 0.001000
Epoch 32/60 | train_loss 0.8037 | union_precision 1.0000 | weighted_recall 0.0978 | union_precision 1.0000 | threshold 0.800 | val_model raw | lr 0.001000
Epoch 33/60 | train_loss 0.7846 | union_precision 1.0000 | weighted_recall 0.0978 | union_precision 1.0000 | threshold 0.775 | val_model raw | lr 0.001000
Epoch 34/60 | train_loss 0.7817 | union_precision 1.0000 | weighted_recall 0.1079 | union_precision 1.0000 | threshold 0.750 | val_model raw | lr 0.001000
Epoch 35/60 | train_loss 0.7755 | union_precision 1.0000 | weighted_recall 0.1079 | union_precision 1.0000 | threshold 0.750 | val_model raw | lr 0.001000
Epoch 36/60 | train_loss 0.7681 | union_precision 1.0000 | weighted_recall 0.1079 | union_precision 1.0000 | threshold 0.775 | val_model raw | lr 0.001000
Epoch 37/60 | train_loss 0.7605 | union_precision 1.0000 | weighted_recall 0.0978 | union_precision 1.0000 | threshold 0.800 | val_model raw | lr 0.001000
Early stopping at epoch 37
Held-out M33-1 | union_precision=0.8571 | weighted_recall=0.3109 | consensus_recall=1.0000
Epoch 1/60 | train_loss 1.5320 | union_precision 0.6552 | weighted_recall 0.1994 | union_precision 0.6552 | threshold 0.525 | val_model raw | lr 0.001000
Epoch 2/60 | train_loss 1.4065 | union_precision 0.6364 | weighted_recall 0.0796 | union_precision 0.6364 | threshold 0.550 | val_model raw | lr 0.001000
Epoch 3/60 | train_loss 1.3146 | union_precision 0.6842 | weighted_recall 0.1812 | union_precision 0.6842 | threshold 0.550 | val_model raw | lr 0.001000
Epoch 4/60 | train_loss 1.2637 | union_precision 0.6154 | weighted_recall 0.1323 | union_precision 0.6154 | threshold 0.575 | val_model raw | lr 0.001000
Epoch 5/60 | train_loss 1.2390 | union_precision 0.6667 | weighted_recall 0.0758 | union_precision 0.6667 | threshold 0.600 | val_model raw | lr 0.001000
Epoch 6/60 | train_loss 1.1960 | union_precision 0.6818 | weighted_recall 0.2144 | union_precision 0.6818 | threshold 0.575 | val_model raw | lr 0.001000
Epoch 7/60 | train_loss 1.1792 | union_precision 0.6538 | weighted_recall 0.2338 | union_precision 0.6538 | threshold 0.575 | val_model raw | lr 0.001000
Epoch 8/60 | train_loss 1.1484 | union_precision 0.7500 | weighted_recall 0.0449 | union_precision 0.7500 | threshold 0.650 | val_model raw | lr 0.001000
Epoch 9/60 | train_loss 1.1282 | union_precision 0.8000 | weighted_recall 0.0573 | union_precision 0.8000 | threshold 0.650 | val_model raw | lr 0.001000
Epoch 10/60 | train_loss 1.1049 | union_precision 0.8333 | weighted_recall 0.0707 | union_precision 0.8333 | threshold 0.650 | val_model raw | lr 0.001000
Epoch 11/60 | train_loss 1.0769 | union_precision 0.8333 | weighted_recall 0.0707 | union_precision 0.8333 | threshold 0.650 | val_model raw | lr 0.001000
Epoch 12/60 | train_loss 1.0614 | union_precision 0.8333 | weighted_recall 0.3674 | union_precision 0.8333 | threshold 0.600 | val_model raw | lr 0.001000
Epoch 13/60 | train_loss 1.0399 | union_precision 0.8684 | weighted_recall 0.4462 | union_precision 0.8684 | threshold 0.550 | val_model raw | lr 0.001000
Epoch 14/60 | train_loss 1.0154 | union_precision 0.8718 | weighted_recall 0.4520 | union_precision 0.8718 | threshold 0.550 | val_model raw | lr 0.001000
Epoch 15/60 | train_loss 1.0026 | union_precision 0.8684 | weighted_recall 0.4510 | union_precision 0.8684 | threshold 0.550 | val_model raw | lr 0.001000
Epoch 16/60 | train_loss 0.9852 | union_precision 0.8537 | weighted_recall 0.4529 | union_precision 0.8537 | threshold 0.525 | val_model raw | lr 0.001000
Epoch 17/60 | train_loss 0.9622 | union_precision 0.8571 | weighted_recall 0.4488 | union_precision 0.8571 | threshold 0.575 | val_model raw | lr 0.001000
Epoch 18/60 | train_loss 0.9470 | union_precision 0.9062 | weighted_recall 0.4469 | union_precision 0.9062 | threshold 0.575 | val_model raw | lr 0.001000
Epoch 19/60 | train_loss 0.9331 | union_precision 0.8684 | weighted_recall 0.4512 | union_precision 0.8684 | threshold 0.475 | val_model raw | lr 0.001000
Epoch 20/60 | train_loss 0.9277 | union_precision 0.8947 | weighted_recall 0.4907 | union_precision 0.8947 | threshold 0.450 | val_model raw | lr 0.001000
Epoch 21/60 | train_loss 0.9168 | union_precision 0.8947 | weighted_recall 0.4907 | union_precision 0.8947 | threshold 0.425 | val_model raw | lr 0.001000
Epoch 22/60 | train_loss 0.9113 | union_precision 0.8947 | weighted_recall 0.4907 | union_precision 0.8947 | threshold 0.400 | val_model raw | lr 0.001000
Epoch 23/60 | train_loss 0.8781 | union_precision 0.8947 | weighted_recall 0.4907 | union_precision 0.8947 | threshold 0.375 | val_model raw | lr 0.001000
Epoch 24/60 | train_loss 0.8750 | union_precision 0.8684 | weighted_recall 0.4846 | union_precision 0.8684 | threshold 0.375 | val_model raw | lr 0.001000
Epoch 25/60 | train_loss 0.8614 | union_precision 0.8919 | weighted_recall 0.4846 | union_precision 0.8919 | threshold 0.425 | val_model raw | lr 0.001000
Epoch 26/60 | train_loss 0.8568 | union_precision 0.8919 | weighted_recall 0.4846 | union_precision 0.8919 | threshold 0.375 | val_model raw | lr 0.001000
Epoch 27/60 | train_loss 0.8436 | union_precision 0.8919 | weighted_recall 0.4521 | union_precision 0.8919 | threshold 0.350 | val_model raw | lr 0.001000
Epoch 28/60 | train_loss 0.8289 | union_precision 0.8718 | weighted_recall 0.4474 | union_precision 0.8718 | threshold 0.350 | val_model raw | lr 0.001000
Epoch 29/60 | train_loss 0.8336 | union_precision 0.8718 | weighted_recall 0.4474 | union_precision 0.8718 | threshold 0.350 | val_model raw | lr 0.001000
Epoch 30/60 | train_loss 0.8298 | union_precision 0.8974 | weighted_recall 0.4700 | union_precision 0.8974 | threshold 0.350 | val_model raw | lr 0.001000
Early stopping at epoch 30
Held-out M33-2 | union_precision=0.8947 | weighted_recall=0.4907 | consensus_recall=0.0000
Epoch 1/60 | train_loss 1.5291 | union_precision 0.3333 | weighted_recall 0.1670 | union_precision 0.3333 | threshold 0.500 | val_model raw | lr 0.001000
Epoch 2/60 | train_loss 1.4075 | union_precision 0.5000 | weighted_recall 0.0053 | union_precision 0.5000 | threshold 0.550 | val_model raw | lr 0.001000
Epoch 3/60 | train_loss 1.3124 | union_precision 0.3704 | weighted_recall 0.2213 | union_precision 0.3704 | threshold 0.050 | val_model raw | lr 0.001000
Epoch 4/60 | train_loss 1.2646 | union_precision 0.3333 | weighted_recall 0.1774 | union_precision 0.3333 | threshold 0.050 | val_model raw | lr 0.001000
Epoch 5/60 | train_loss 1.2383 | union_precision 0.4074 | weighted_recall 0.2620 | union_precision 0.4074 | threshold 0.050 | val_model raw | lr 0.001000
Epoch 6/60 | train_loss 1.1976 | union_precision 0.4800 | weighted_recall 0.3528 | union_precision 0.4800 | threshold 0.050 | val_model raw | lr 0.001000
Epoch 7/60 | train_loss 1.1770 | union_precision 0.5000 | weighted_recall 0.3528 | union_precision 0.5000 | threshold 0.050 | val_model raw | lr 0.001000
Epoch 8/60 | train_loss 1.1473 | union_precision 0.6000 | weighted_recall 0.1082 | union_precision 0.6000 | threshold 0.600 | val_model raw | lr 0.001000
Epoch 9/60 | train_loss 1.1274 | union_precision 1.0000 | weighted_recall 0.1082 | union_precision 1.0000 | threshold 0.625 | val_model raw | lr 0.001000
Epoch 10/60 | train_loss 1.1051 | union_precision 1.0000 | weighted_recall 0.0762 | union_precision 1.0000 | threshold 0.650 | val_model raw | lr 0.001000
Epoch 11/60 | train_loss 1.0766 | union_precision 0.8750 | weighted_recall 0.2898 | union_precision 0.8750 | threshold 0.625 | val_model raw | lr 0.001000
Epoch 12/60 | train_loss 1.0591 | union_precision 0.8571 | weighted_recall 0.5458 | union_precision 0.8571 | threshold 0.600 | val_model raw | lr 0.001000
Epoch 13/60 | train_loss 1.0406 | union_precision 0.8571 | weighted_recall 0.5458 | union_precision 0.8571 | threshold 0.600 | val_model raw | lr 0.001000
Epoch 14/60 | train_loss 1.0155 | union_precision 0.9333 | weighted_recall 0.6489 | union_precision 0.9333 | threshold 0.600 | val_model raw | lr 0.001000
Epoch 15/60 | train_loss 0.9997 | union_precision 0.9333 | weighted_recall 0.6489 | union_precision 0.9333 | threshold 0.575 | val_model raw | lr 0.001000
Epoch 16/60 | train_loss 0.9840 | union_precision 0.9333 | weighted_recall 0.6489 | union_precision 0.9333 | threshold 0.575 | val_model raw | lr 0.001000
Epoch 17/60 | train_loss 0.9617 | union_precision 0.9333 | weighted_recall 0.5848 | union_precision 0.9333 | threshold 0.575 | val_model raw | lr 0.001000
Epoch 18/60 | train_loss 0.9488 | union_precision 0.9333 | weighted_recall 0.5848 | union_precision 0.9333 | threshold 0.575 | val_model raw | lr 0.001000
Epoch 19/60 | train_loss 0.9360 | union_precision 0.8667 | weighted_recall 0.5634 | union_precision 0.8667 | threshold 0.550 | val_model raw | lr 0.001000
Epoch 20/60 | train_loss 0.9279 | union_precision 1.0000 | weighted_recall 0.2311 | union_precision 1.0000 | threshold 0.775 | val_model raw | lr 0.001000
Epoch 21/60 | train_loss 0.9185 | union_precision 0.8889 | weighted_recall 0.3978 | union_precision 0.8889 | threshold 0.750 | val_model raw | lr 0.001000
Epoch 22/60 | train_loss 0.9151 | union_precision 0.9000 | weighted_recall 0.4032 | union_precision 0.9000 | threshold 0.750 | val_model raw | lr 0.001000
Epoch 23/60 | train_loss 0.8811 | union_precision 0.8889 | weighted_recall 0.3978 | union_precision 0.8889 | threshold 0.750 | val_model raw | lr 0.001000
Epoch 24/60 | train_loss 0.8785 | union_precision 0.8750 | weighted_recall 0.3925 | union_precision 0.8750 | threshold 0.750 | val_model raw | lr 0.001000
Early stopping at epoch 24
Held-out M33-3 | union_precision=0.9333 | weighted_recall=0.6489 | consensus_recall=0.0000
Epoch 1/60 | train_loss 1.5244 | union_precision 1.0000 | weighted_recall 0.0420 | union_precision 1.0000 | threshold 0.550 | val_model raw | lr 0.001000
Epoch 2/60 | train_loss 1.3892 | union_precision 1.0000 | weighted_recall 0.0735 | union_precision 1.0000 | threshold 0.550 | val_model raw | lr 0.001000
Epoch 3/60 | train_loss 1.3266 | union_precision 0.8696 | weighted_recall 0.3277 | union_precision 0.8696 | threshold 0.525 | val_model raw | lr 0.001000
Epoch 4/60 | train_loss 1.2704 | union_precision 0.8780 | weighted_recall 0.3003 | union_precision 0.8780 | threshold 0.550 | val_model raw | lr 0.001000
Epoch 5/60 | train_loss 1.2326 | union_precision 0.8864 | weighted_recall 0.3147 | union_precision 0.8864 | threshold 0.550 | val_model raw | lr 0.001000
Epoch 6/60 | train_loss 1.2086 | union_precision 0.8864 | weighted_recall 0.3147 | union_precision 0.8864 | threshold 0.550 | val_model raw | lr 0.001000
Epoch 7/60 | train_loss 1.1729 | union_precision 0.8889 | weighted_recall 0.2888 | union_precision 0.8889 | threshold 0.525 | val_model raw | lr 0.001000
Epoch 8/60 | train_loss 1.1413 | union_precision 0.8592 | weighted_recall 0.3686 | union_precision 0.8592 | threshold 0.500 | val_model raw | lr 0.001000
Epoch 9/60 | train_loss 1.1175 | union_precision 0.8529 | weighted_recall 0.3611 | union_precision 0.8529 | threshold 0.500 | val_model raw | lr 0.001000
Epoch 10/60 | train_loss 1.0975 | union_precision 0.8788 | weighted_recall 0.3591 | union_precision 0.8788 | threshold 0.500 | val_model raw | lr 0.001000
Epoch 11/60 | train_loss 1.0652 | union_precision 0.8788 | weighted_recall 0.3447 | union_precision 0.8788 | threshold 0.500 | val_model raw | lr 0.001000
Epoch 12/60 | train_loss 1.0499 | union_precision 0.8514 | weighted_recall 0.3259 | union_precision 0.8514 | threshold 0.475 | val_model raw | lr 0.001000
Epoch 13/60 | train_loss 1.0344 | union_precision 0.8630 | weighted_recall 0.3259 | union_precision 0.8630 | threshold 0.475 | val_model raw | lr 0.001000
Epoch 14/60 | train_loss 1.0201 | union_precision 0.8857 | weighted_recall 0.3191 | union_precision 0.8857 | threshold 0.475 | val_model raw | lr 0.001000
Epoch 15/60 | train_loss 0.9988 | union_precision 0.8788 | weighted_recall 0.3304 | union_precision 0.8788 | threshold 0.475 | val_model raw | lr 0.001000
Epoch 16/60 | train_loss 0.9882 | union_precision 0.8571 | weighted_recall 0.3315 | union_precision 0.8571 | threshold 0.450 | val_model raw | lr 0.001000
Epoch 17/60 | train_loss 0.9656 | union_precision 0.8889 | weighted_recall 0.3331 | union_precision 0.8889 | threshold 0.450 | val_model raw | lr 0.001000
Epoch 18/60 | train_loss 0.9532 | union_precision 0.8571 | weighted_recall 0.3265 | union_precision 0.8571 | threshold 0.350 | val_model raw | lr 0.001000
Early stopping at epoch 18
Held-out M33-4 | union_precision=0.8592 | weighted_recall=0.3686 | consensus_recall=0.0000
Epoch 1/60 | train_loss 1.5302 | union_precision 0.4615 | weighted_recall 0.1706 | union_precision 0.4615 | threshold 0.050 | val_model raw | lr 0.001000
Epoch 2/60 | train_loss 1.4007 | union_precision 0.5000 | weighted_recall 0.2293 | union_precision 0.5000 | threshold 0.050 | val_model raw | lr 0.001000
Epoch 3/60 | train_loss 1.3178 | union_precision 0.5410 | weighted_recall 0.2701 | union_precision 0.5410 | threshold 0.050 | val_model raw | lr 0.001000
Epoch 4/60 | train_loss 1.2599 | union_precision 0.5323 | weighted_recall 0.2560 | union_precision 0.5323 | threshold 0.050 | val_model raw | lr 0.001000
Epoch 5/60 | train_loss 1.2359 | union_precision 0.5645 | weighted_recall 0.2496 | union_precision 0.5645 | threshold 0.050 | val_model raw | lr 0.001000
Epoch 6/60 | train_loss 1.1908 | union_precision 0.5588 | weighted_recall 0.1601 | union_precision 0.5588 | threshold 0.500 | val_model raw | lr 0.001000
Epoch 7/60 | train_loss 1.1696 | union_precision 0.5769 | weighted_recall 0.1019 | union_precision 0.5769 | threshold 0.525 | val_model raw | lr 0.001000
Epoch 8/60 | train_loss 1.1447 | union_precision 0.5556 | weighted_recall 0.0295 | union_precision 0.5556 | threshold 0.600 | val_model raw | lr 0.001000
Epoch 9/60 | train_loss 1.1228 | union_precision 0.5714 | weighted_recall 0.0263 | union_precision 0.5714 | threshold 0.650 | val_model raw | lr 0.001000
Epoch 10/60 | train_loss 1.0974 | union_precision 0.6000 | weighted_recall 0.0468 | union_precision 0.6000 | threshold 0.625 | val_model raw | lr 0.001000
Epoch 11/60 | train_loss 1.0675 | union_precision 0.6667 | weighted_recall 0.0263 | union_precision 0.6667 | threshold 0.675 | val_model raw | lr 0.001000
Epoch 12/60 | train_loss 1.0497 | union_precision 0.6923 | weighted_recall 0.0987 | union_precision 0.6923 | threshold 0.625 | val_model raw | lr 0.001000
Epoch 13/60 | train_loss 1.0305 | union_precision 0.6875 | weighted_recall 0.2113 | union_precision 0.6875 | threshold 0.550 | val_model raw | lr 0.001000
Epoch 14/60 | train_loss 1.0057 | union_precision 0.8000 | weighted_recall 0.0355 | union_precision 0.8000 | threshold 0.675 | val_model raw | lr 0.001000
Epoch 15/60 | train_loss 0.9934 | union_precision 0.8333 | weighted_recall 0.1464 | union_precision 0.8333 | threshold 0.650 | val_model raw | lr 0.001000
Epoch 16/60 | train_loss 0.9790 | union_precision 1.0000 | weighted_recall 0.0079 | union_precision 1.0000 | threshold 0.775 | val_model raw | lr 0.001000
Epoch 17/60 | train_loss 0.9538 | union_precision 1.0000 | weighted_recall 0.0079 | union_precision 1.0000 | threshold 0.775 | val_model raw | lr 0.001000
Epoch 18/60 | train_loss 0.9410 | union_precision 1.0000 | weighted_recall 0.0276 | union_precision 1.0000 | threshold 0.775 | val_model raw | lr 0.001000
Epoch 19/60 | train_loss 0.9310 | union_precision 0.8500 | weighted_recall 0.1741 | union_precision 0.8500 | threshold 0.650 | val_model raw | lr 0.001000
Epoch 20/60 | train_loss 0.9210 | union_precision 0.8500 | weighted_recall 0.1741 | union_precision 0.8500 | threshold 0.675 | val_model raw | lr 0.001000
Epoch 21/60 | train_loss 0.9105 | union_precision 1.0000 | weighted_recall 0.0197 | union_precision 1.0000 | threshold 0.800 | val_model raw | lr 0.001000
Epoch 22/60 | train_loss 0.9061 | union_precision 0.8750 | weighted_recall 0.0763 | union_precision 0.8750 | threshold 0.750 | val_model raw | lr 0.001000
Epoch 23/60 | train_loss 0.8715 | union_precision 0.8750 | weighted_recall 0.0763 | union_precision 0.8750 | threshold 0.750 | val_model raw | lr 0.001000
Epoch 24/60 | train_loss 0.8717 | union_precision 1.0000 | weighted_recall 0.0197 | union_precision 1.0000 | threshold 0.800 | val_model raw | lr 0.001000
Epoch 25/60 | train_loss 0.8576 | union_precision 1.0000 | weighted_recall 0.0197 | union_precision 1.0000 | threshold 0.800 | val_model raw | lr 0.001000
Epoch 26/60 | train_loss 0.8575 | union_precision 0.8571 | weighted_recall 0.0707 | union_precision 0.8571 | threshold 0.775 | val_model raw | lr 0.001000
Epoch 27/60 | train_loss 0.8403 | union_precision 0.8529 | weighted_recall 0.2853 | union_precision 0.8529 | threshold 0.600 | val_model raw | lr 0.001000
Epoch 28/60 | train_loss 0.8253 | union_precision 0.8750 | weighted_recall 0.2838 | union_precision 0.8750 | threshold 0.625 | val_model raw | lr 0.001000
Epoch 29/60 | train_loss 0.8252 | union_precision 0.8571 | weighted_recall 0.3035 | union_precision 0.8571 | threshold 0.600 | val_model raw | lr 0.001000
Epoch 30/60 | train_loss 0.8269 | union_precision 0.8529 | weighted_recall 0.2894 | union_precision 0.8529 | threshold 0.625 | val_model raw | lr 0.001000
Epoch 31/60 | train_loss 0.7975 | union_precision 0.8529 | weighted_recall 0.2894 | union_precision 0.8529 | threshold 0.600 | val_model raw | lr 0.001000
Epoch 32/60 | train_loss 0.7931 | union_precision 0.8788 | weighted_recall 0.2894 | union_precision 0.8788 | threshold 0.625 | val_model raw | lr 0.001000
Epoch 33/60 | train_loss 0.7781 | union_precision 0.8611 | weighted_recall 0.2656 | union_precision 0.8611 | threshold 0.575 | val_model raw | lr 0.001000
Epoch 34/60 | train_loss 0.7820 | union_precision 0.8857 | weighted_recall 0.2671 | union_precision 0.8857 | threshold 0.550 | val_model raw | lr 0.001000
Epoch 35/60 | train_loss 0.7701 | union_precision 0.8857 | weighted_recall 0.2831 | union_precision 0.8857 | threshold 0.550 | val_model raw | lr 0.001000
Epoch 36/60 | train_loss 0.7582 | union_precision 0.8857 | weighted_recall 0.2959 | union_precision 0.8857 | threshold 0.550 | val_model raw | lr 0.001000
Epoch 37/60 | train_loss 0.7503 | union_precision 0.8889 | weighted_recall 0.3190 | union_precision 0.8889 | threshold 0.475 | val_model raw | lr 0.001000
Epoch 38/60 | train_loss 0.7473 | union_precision 0.8889 | weighted_recall 0.3190 | union_precision 0.8889 | threshold 0.475 | val_model raw | lr 0.001000
Epoch 39/60 | train_loss 0.7414 | union_precision 0.8889 | weighted_recall 0.3190 | union_precision 0.8889 | threshold 0.475 | val_model raw | lr 0.001000
Epoch 40/60 | train_loss 0.7346 | union_precision 0.8889 | weighted_recall 0.3190 | union_precision 0.8889 | threshold 0.450 | val_model raw | lr 0.001000
Epoch 41/60 | train_loss 0.7367 | union_precision 0.9143 | weighted_recall 0.3030 | union_precision 0.9143 | threshold 0.500 | val_model raw | lr 0.001000
Epoch 42/60 | train_loss 0.7144 | union_precision 0.9143 | weighted_recall 0.3030 | union_precision 0.9143 | threshold 0.500 | val_model raw | lr 0.001000
Epoch 43/60 | train_loss 0.7105 | union_precision 0.8919 | weighted_recall 0.3078 | union_precision 0.8919 | threshold 0.425 | val_model raw | lr 0.001000
Epoch 44/60 | train_loss 0.6998 | union_precision 0.9143 | weighted_recall 0.3307 | union_precision 0.9143 | threshold 0.475 | val_model raw | lr 0.001000
Epoch 45/60 | train_loss 0.6961 | union_precision 0.8718 | weighted_recall 0.3496 | union_precision 0.8718 | threshold 0.375 | val_model raw | lr 0.001000
Epoch 46/60 | train_loss 0.6849 | union_precision 0.8718 | weighted_recall 0.3655 | union_precision 0.8718 | threshold 0.400 | val_model raw | lr 0.001000
Epoch 47/60 | train_loss 0.6864 | union_precision 0.9143 | weighted_recall 0.3316 | union_precision 0.9143 | threshold 0.500 | val_model raw | lr 0.001000
Epoch 48/60 | train_loss 0.6814 | union_precision 0.8718 | weighted_recall 0.3268 | union_precision 0.8718 | threshold 0.325 | val_model raw | lr 0.001000
Epoch 49/60 | train_loss 0.6752 | union_precision 0.8500 | weighted_recall 0.3268 | union_precision 0.8500 | threshold 0.300 | val_model raw | lr 0.001000
Epoch 50/60 | train_loss 0.6702 | union_precision 0.8500 | weighted_recall 0.3253 | union_precision 0.8500 | threshold 0.325 | val_model raw | lr 0.001000
Epoch 51/60 | train_loss 0.6642 | union_precision 0.9167 | weighted_recall 0.3237 | union_precision 0.9167 | threshold 0.400 | val_model raw | lr 0.001000
Epoch 52/60 | train_loss 0.6607 | union_precision 0.8500 | weighted_recall 0.3530 | union_precision 0.8500 | threshold 0.300 | val_model raw | lr 0.001000
Epoch 53/60 | train_loss 0.6460 | union_precision 0.8500 | weighted_recall 0.3545 | union_precision 0.8500 | threshold 0.300 | val_model raw | lr 0.001000
Epoch 54/60 | train_loss 0.6340 | union_precision 0.9143 | weighted_recall 0.3593 | union_precision 0.9143 | threshold 0.450 | val_model raw | lr 0.001000
Epoch 55/60 | train_loss 0.6339 | union_precision 0.9143 | weighted_recall 0.3593 | union_precision 0.9143 | threshold 0.500 | val_model raw | lr 0.001000
Epoch 56/60 | train_loss 0.6349 | union_precision 0.9143 | weighted_recall 0.3648 | union_precision 0.9143 | threshold 0.525 | val_model raw | lr 0.001000
Early stopping at epoch 56
Held-out M41-1 | union_precision=0.8718 | weighted_recall=0.3655 | consensus_recall=0.0000
Epoch 1/60 | train_loss 1.5273 | union_precision 0.7083 | weighted_recall 0.3241 | union_precision 0.7083 | threshold 0.050 | val_model raw | lr 0.001000
Epoch 2/60 | train_loss 1.3999 | union_precision 0.7500 | weighted_recall 0.3633 | union_precision 0.7500 | threshold 0.050 | val_model raw | lr 0.001000
Epoch 3/60 | train_loss 1.3207 | union_precision 0.7500 | weighted_recall 0.1813 | union_precision 0.7500 | threshold 0.525 | val_model raw | lr 0.001000
Epoch 4/60 | train_loss 1.2631 | union_precision 0.7500 | weighted_recall 0.1230 | union_precision 0.7500 | threshold 0.550 | val_model raw | lr 0.001000
Epoch 5/60 | train_loss 1.2410 | union_precision 0.7500 | weighted_recall 0.1230 | union_precision 0.7500 | threshold 0.575 | val_model raw | lr 0.001000
Epoch 6/60 | train_loss 1.1937 | union_precision 0.7500 | weighted_recall 0.1230 | union_precision 0.7500 | threshold 0.600 | val_model raw | lr 0.001000
Epoch 7/60 | train_loss 1.1741 | union_precision 0.8000 | weighted_recall 0.1863 | union_precision 0.8000 | threshold 0.600 | val_model raw | lr 0.001000
Epoch 8/60 | train_loss 1.1471 | union_precision 0.7500 | weighted_recall 0.1492 | union_precision 0.7500 | threshold 0.625 | val_model raw | lr 0.001000
Epoch 9/60 | train_loss 1.1279 | union_precision 1.0000 | weighted_recall 0.0373 | union_precision 1.0000 | threshold 0.700 | val_model raw | lr 0.001000
Epoch 10/60 | train_loss 1.1011 | union_precision 1.0000 | weighted_recall 0.0373 | union_precision 1.0000 | threshold 0.700 | val_model raw | lr 0.001000
Epoch 11/60 | train_loss 1.0765 | union_precision 1.0000 | weighted_recall 0.0373 | union_precision 1.0000 | threshold 0.725 | val_model raw | lr 0.001000
Epoch 12/60 | train_loss 1.0548 | union_precision 1.0000 | weighted_recall 0.0373 | union_precision 1.0000 | threshold 0.700 | val_model raw | lr 0.001000
Epoch 13/60 | train_loss 1.0372 | union_precision 1.0000 | weighted_recall 0.1492 | union_precision 1.0000 | threshold 0.700 | val_model raw | lr 0.001000
Epoch 14/60 | train_loss 1.0118 | union_precision 1.0000 | weighted_recall 0.1863 | union_precision 1.0000 | threshold 0.700 | val_model raw | lr 0.001000
Epoch 15/60 | train_loss 0.9983 | union_precision 0.8750 | weighted_recall 0.2287 | union_precision 0.8750 | threshold 0.675 | val_model raw | lr 0.001000
Epoch 16/60 | train_loss 0.9849 | union_precision 0.8750 | weighted_recall 0.2287 | union_precision 0.8750 | threshold 0.675 | val_model raw | lr 0.001000
Epoch 17/60 | train_loss 0.9603 | union_precision 0.8750 | weighted_recall 0.2287 | union_precision 0.8750 | threshold 0.675 | val_model raw | lr 0.001000
Epoch 18/60 | train_loss 0.9485 | union_precision 0.8889 | weighted_recall 0.2447 | union_precision 0.8889 | threshold 0.675 | val_model raw | lr 0.001000
Epoch 19/60 | train_loss 0.9385 | union_precision 0.8750 | weighted_recall 0.3912 | union_precision 0.8750 | threshold 0.625 | val_model raw | lr 0.001000
Epoch 20/60 | train_loss 0.9288 | union_precision 0.8750 | weighted_recall 0.3912 | union_precision 0.8750 | threshold 0.625 | val_model raw | lr 0.001000
Epoch 21/60 | train_loss 0.9162 | union_precision 0.9286 | weighted_recall 0.3886 | union_precision 0.9286 | threshold 0.650 | val_model raw | lr 0.001000
Epoch 22/60 | train_loss 0.9105 | union_precision 0.8750 | weighted_recall 0.3912 | union_precision 0.8750 | threshold 0.625 | val_model raw | lr 0.001000
Epoch 23/60 | train_loss 0.8782 | union_precision 0.9333 | weighted_recall 0.3912 | union_precision 0.9333 | threshold 0.650 | val_model raw | lr 0.001000
Epoch 24/60 | train_loss 0.8770 | union_precision 0.9333 | weighted_recall 0.3912 | union_precision 0.9333 | threshold 0.650 | val_model raw | lr 0.001000
Epoch 25/60 | train_loss 0.8604 | union_precision 0.9333 | weighted_recall 0.3912 | union_precision 0.9333 | threshold 0.650 | val_model raw | lr 0.001000
Epoch 26/60 | train_loss 0.8628 | union_precision 0.9333 | weighted_recall 0.3912 | union_precision 0.9333 | threshold 0.650 | val_model raw | lr 0.001000
Epoch 27/60 | train_loss 0.8444 | union_precision 0.9333 | weighted_recall 0.3912 | union_precision 0.9333 | threshold 0.675 | val_model raw | lr 0.001000
Epoch 28/60 | train_loss 0.8268 | union_precision 0.9333 | weighted_recall 0.3912 | union_precision 0.9333 | threshold 0.675 | val_model raw | lr 0.001000
Epoch 29/60 | train_loss 0.8270 | union_precision 0.9333 | weighted_recall 0.3912 | union_precision 0.9333 | threshold 0.675 | val_model raw | lr 0.001000
Epoch 30/60 | train_loss 0.8307 | union_precision 0.9333 | weighted_recall 0.3912 | union_precision 0.9333 | threshold 0.675 | val_model raw | lr 0.001000
Epoch 31/60 | train_loss 0.7992 | union_precision 0.9333 | weighted_recall 0.3912 | union_precision 0.9333 | threshold 0.675 | val_model raw | lr 0.001000
Epoch 32/60 | train_loss 0.7998 | union_precision 0.9333 | weighted_recall 0.3912 | union_precision 0.9333 | threshold 0.675 | val_model raw | lr 0.001000
Epoch 33/60 | train_loss 0.7806 | union_precision 0.9333 | weighted_recall 0.3912 | union_precision 0.9333 | threshold 0.650 | val_model raw | lr 0.001000
Epoch 34/60 | train_loss 0.7843 | union_precision 0.9333 | weighted_recall 0.3912 | union_precision 0.9333 | threshold 0.650 | val_model raw | lr 0.001000
Epoch 35/60 | train_loss 0.7743 | union_precision 0.9333 | weighted_recall 0.3912 | union_precision 0.9333 | threshold 0.650 | val_model raw | lr 0.001000
Epoch 36/60 | train_loss 0.7587 | union_precision 0.9333 | weighted_recall 0.3912 | union_precision 0.9333 | threshold 0.625 | val_model raw | lr 0.001000
Early stopping at epoch 36
Held-out M41-2 | union_precision=0.9333 | weighted_recall=0.3912 | consensus_recall=0.0000
Epoch 1/60 | train_loss 1.5305 | union_precision 0.7000 | weighted_recall 0.1727 | union_precision 0.7000 | threshold 0.550 | val_model raw | lr 0.001000
Epoch 2/60 | train_loss 1.4010 | union_precision 0.7778 | weighted_recall 0.1652 | union_precision 0.7778 | threshold 0.550 | val_model raw | lr 0.001000
Epoch 3/60 | train_loss 1.3222 | union_precision 0.7692 | weighted_recall 0.2748 | union_precision 0.7692 | threshold 0.550 | val_model raw | lr 0.001000
Epoch 4/60 | train_loss 1.2652 | union_precision 0.7857 | weighted_recall 0.2910 | union_precision 0.7857 | threshold 0.525 | val_model raw | lr 0.001000
Epoch 5/60 | train_loss 1.2423 | union_precision 0.8235 | weighted_recall 0.3285 | union_precision 0.8235 | threshold 0.500 | val_model raw | lr 0.001000
Epoch 6/60 | train_loss 1.1949 | union_precision 0.8235 | weighted_recall 0.3438 | union_precision 0.8235 | threshold 0.500 | val_model raw | lr 0.001000
Epoch 7/60 | train_loss 1.1742 | union_precision 1.0000 | weighted_recall 0.0420 | union_precision 1.0000 | threshold 0.675 | val_model raw | lr 0.001000
Epoch 8/60 | train_loss 1.1471 | union_precision 0.8125 | weighted_recall 0.3354 | union_precision 0.8125 | threshold 0.525 | val_model raw | lr 0.001000
Epoch 9/60 | train_loss 1.1304 | union_precision 0.8000 | weighted_recall 0.3404 | union_precision 0.8000 | threshold 0.550 | val_model raw | lr 0.001000
Epoch 10/60 | train_loss 1.1024 | union_precision 0.8000 | weighted_recall 0.3581 | union_precision 0.8000 | threshold 0.550 | val_model raw | lr 0.001000
Epoch 11/60 | train_loss 1.0792 | union_precision 1.0000 | weighted_recall 0.1102 | union_precision 1.0000 | threshold 0.700 | val_model raw | lr 0.001000
Epoch 12/60 | train_loss 1.0565 | union_precision 0.8125 | weighted_recall 0.3757 | union_precision 0.8125 | threshold 0.575 | val_model raw | lr 0.001000
Epoch 13/60 | train_loss 1.0389 | union_precision 1.0000 | weighted_recall 0.0455 | union_precision 1.0000 | threshold 0.725 | val_model raw | lr 0.001000
Epoch 14/60 | train_loss 1.0130 | union_precision 1.0000 | weighted_recall 0.1102 | union_precision 1.0000 | threshold 0.725 | val_model raw | lr 0.001000
Epoch 15/60 | train_loss 0.9984 | union_precision 0.8182 | weighted_recall 0.2851 | union_precision 0.8182 | threshold 0.650 | val_model raw | lr 0.001000
Epoch 16/60 | train_loss 0.9849 | union_precision 1.0000 | weighted_recall 0.0226 | union_precision 1.0000 | threshold 0.750 | val_model raw | lr 0.001000
Epoch 17/60 | train_loss 0.9577 | union_precision 1.0000 | weighted_recall 0.0647 | union_precision 1.0000 | threshold 0.750 | val_model raw | lr 0.001000
Epoch 18/60 | train_loss 0.9512 | union_precision 1.0000 | weighted_recall 0.0647 | union_precision 1.0000 | threshold 0.775 | val_model raw | lr 0.001000
Epoch 19/60 | train_loss 0.9378 | union_precision 1.0000 | weighted_recall 0.0226 | union_precision 1.0000 | threshold 0.800 | val_model raw | lr 0.001000
Epoch 20/60 | train_loss 0.9305 | union_precision 1.0000 | weighted_recall 0.0647 | union_precision 1.0000 | threshold 0.800 | val_model raw | lr 0.001000
Epoch 21/60 | train_loss 0.9174 | union_precision 1.0000 | weighted_recall 0.0647 | union_precision 1.0000 | threshold 0.825 | val_model raw | lr 0.001000
Early stopping at epoch 21
Held-out M41-3 | union_precision=1.0000 | weighted_recall=0.1102 | consensus_recall=0.0000
Epoch 1/60 | train_loss 1.5316 | union_precision 0.8571 | weighted_recall 0.3193 | union_precision 0.8571 | threshold 0.550 | val_model raw | lr 0.001000
Epoch 2/60 | train_loss 1.4053 | union_precision 0.8182 | weighted_recall 0.2963 | union_precision 0.8182 | threshold 0.575 | val_model raw | lr 0.001000
Epoch 3/60 | train_loss 1.3222 | union_precision 0.8000 | weighted_recall 0.1870 | union_precision 0.8000 | threshold 0.600 | val_model raw | lr 0.001000
Epoch 4/60 | train_loss 1.2680 | union_precision 0.7692 | weighted_recall 0.3181 | union_precision 0.7692 | threshold 0.600 | val_model raw | lr 0.001000
Epoch 5/60 | train_loss 1.2426 | union_precision 0.8750 | weighted_recall 0.2692 | union_precision 0.8750 | threshold 0.625 | val_model raw | lr 0.001000
Epoch 6/60 | train_loss 1.1974 | union_precision 0.8571 | weighted_recall 0.2174 | union_precision 0.8571 | threshold 0.650 | val_model raw | lr 0.001000
Epoch 7/60 | train_loss 1.1762 | union_precision 0.7500 | weighted_recall 0.1352 | union_precision 0.7500 | threshold 0.675 | val_model raw | lr 0.001000
Epoch 8/60 | train_loss 1.1516 | union_precision 0.8333 | weighted_recall 0.2001 | union_precision 0.8333 | threshold 0.675 | val_model raw | lr 0.001000
Epoch 9/60 | train_loss 1.1299 | union_precision 0.8000 | weighted_recall 0.1899 | union_precision 0.8000 | threshold 0.700 | val_model raw | lr 0.001000
Epoch 10/60 | train_loss 1.1027 | union_precision 0.8571 | weighted_recall 0.2174 | union_precision 0.8571 | threshold 0.700 | val_model raw | lr 0.001000
Epoch 11/60 | train_loss 1.0812 | union_precision 1.0000 | weighted_recall 0.1899 | union_precision 1.0000 | threshold 0.725 | val_model raw | lr 0.001000
Early stopping at epoch 11
Held-out M41-4 | union_precision=0.8571 | weighted_recall=0.3193 | consensus_recall=0.0000
Epoch 1/60 | train_loss 1.5307 | union_precision 1.0000 | weighted_recall 0.0033 | union_precision 1.0000 | threshold 0.650 | val_model raw | lr 0.001000
Epoch 2/60 | train_loss 1.3985 | union_precision 0.6000 | weighted_recall 0.2007 | union_precision 0.6000 | threshold 0.550 | val_model raw | lr 0.001000
Epoch 3/60 | train_loss 1.3199 | union_precision 0.5882 | weighted_recall 0.2018 | union_precision 0.5882 | threshold 0.575 | val_model raw | lr 0.001000
Epoch 4/60 | train_loss 1.2642 | union_precision 0.5854 | weighted_recall 0.3925 | union_precision 0.5854 | threshold 0.500 | val_model raw | lr 0.001000
Epoch 5/60 | train_loss 1.2422 | union_precision 0.5641 | weighted_recall 0.4159 | union_precision 0.5641 | threshold 0.525 | val_model raw | lr 0.001000
Epoch 6/60 | train_loss 1.1965 | union_precision 0.5854 | weighted_recall 0.4424 | union_precision 0.5854 | threshold 0.525 | val_model raw | lr 0.001000
Epoch 7/60 | train_loss 1.1753 | union_precision 0.5500 | weighted_recall 0.3652 | union_precision 0.5500 | threshold 0.600 | val_model raw | lr 0.001000
Epoch 8/60 | train_loss 1.1524 | union_precision 0.5833 | weighted_recall 0.2374 | union_precision 0.5833 | threshold 0.650 | val_model raw | lr 0.001000
Epoch 9/60 | train_loss 1.1312 | union_precision 0.5000 | weighted_recall 0.4692 | union_precision 0.5000 | threshold 0.050 | val_model raw | lr 0.001000
Epoch 10/60 | train_loss 1.1018 | union_precision 0.6667 | weighted_recall 0.0918 | union_precision 0.6667 | threshold 0.725 | val_model raw | lr 0.001000
Epoch 11/60 | train_loss 1.0808 | union_precision 0.7500 | weighted_recall 0.1281 | union_precision 0.7500 | threshold 0.750 | val_model raw | lr 0.001000
Early stopping at epoch 11
Held-out M50-1 | union_precision=1.0000 | weighted_recall=0.0033 | consensus_recall=0.0000
Epoch 1/60 | train_loss 1.5294 | union_precision 0.7000 | weighted_recall 0.0455 | union_precision 0.7000 | threshold 0.550 | val_model raw | lr 0.001000
Epoch 2/60 | train_loss 1.3991 | union_precision 0.6667 | weighted_recall 0.1256 | union_precision 0.6667 | threshold 0.525 | val_model raw | lr 0.001000
Epoch 3/60 | train_loss 1.3172 | union_precision 0.8750 | weighted_recall 0.0415 | union_precision 0.8750 | threshold 0.575 | val_model raw | lr 0.001000
Epoch 4/60 | train_loss 1.2615 | union_precision 1.0000 | weighted_recall 0.0023 | union_precision 1.0000 | threshold 0.650 | val_model raw | lr 0.001000
Epoch 5/60 | train_loss 1.2414 | union_precision 0.8000 | weighted_recall 0.0271 | union_precision 0.8000 | threshold 0.600 | val_model raw | lr 0.001000
Epoch 6/60 | train_loss 1.1960 | union_precision 1.0000 | weighted_recall 0.0023 | union_precision 1.0000 | threshold 0.675 | val_model raw | lr 0.001000
Epoch 7/60 | train_loss 1.1748 | union_precision 1.0000 | weighted_recall 0.0023 | union_precision 1.0000 | threshold 0.675 | val_model raw | lr 0.001000
Epoch 8/60 | train_loss 1.1534 | union_precision 1.0000 | weighted_recall 0.0023 | union_precision 1.0000 | threshold 0.675 | val_model raw | lr 0.001000
Epoch 9/60 | train_loss 1.1306 | union_precision 1.0000 | weighted_recall 0.0154 | union_precision 1.0000 | threshold 0.675 | val_model raw | lr 0.001000
Epoch 10/60 | train_loss 1.1038 | union_precision 0.8571 | weighted_recall 0.1571 | union_precision 0.8571 | threshold 0.600 | val_model raw | lr 0.001000
Epoch 11/60 | train_loss 1.0778 | union_precision 0.8750 | weighted_recall 0.2550 | union_precision 0.8750 | threshold 0.550 | val_model raw | lr 0.001000
Epoch 12/60 | train_loss 1.0548 | union_precision 0.9091 | weighted_recall 0.1336 | union_precision 0.9091 | threshold 0.625 | val_model raw | lr 0.001000
Epoch 13/60 | train_loss 1.0404 | union_precision 0.9333 | weighted_recall 0.1752 | union_precision 0.9333 | threshold 0.625 | val_model raw | lr 0.001000
Epoch 14/60 | train_loss 1.0146 | union_precision 0.8611 | weighted_recall 0.3856 | union_precision 0.8611 | threshold 0.500 | val_model raw | lr 0.001000
Epoch 15/60 | train_loss 0.9977 | union_precision 0.8649 | weighted_recall 0.3867 | union_precision 0.8649 | threshold 0.475 | val_model raw | lr 0.001000
Epoch 16/60 | train_loss 0.9889 | union_precision 0.8649 | weighted_recall 0.3516 | union_precision 0.8649 | threshold 0.475 | val_model raw | lr 0.001000
Epoch 17/60 | train_loss 0.9625 | union_precision 0.8571 | weighted_recall 0.2035 | union_precision 0.8571 | threshold 0.575 | val_model raw | lr 0.001000
Epoch 18/60 | train_loss 0.9526 | union_precision 0.8947 | weighted_recall 0.1859 | union_precision 0.8947 | threshold 0.600 | val_model raw | lr 0.001000
Epoch 19/60 | train_loss 0.9453 | union_precision 0.8636 | weighted_recall 0.1594 | union_precision 0.8636 | threshold 0.600 | val_model raw | lr 0.001000
Epoch 20/60 | train_loss 0.9332 | union_precision 0.8519 | weighted_recall 0.1887 | union_precision 0.8519 | threshold 0.575 | val_model raw | lr 0.001000
Epoch 21/60 | train_loss 0.9200 | union_precision 0.8571 | weighted_recall 0.2918 | union_precision 0.8571 | threshold 0.450 | val_model raw | lr 0.001000
Epoch 22/60 | train_loss 0.9115 | union_precision 0.8571 | weighted_recall 0.2918 | union_precision 0.8571 | threshold 0.425 | val_model raw | lr 0.001000
Epoch 23/60 | train_loss 0.8824 | union_precision 0.8611 | weighted_recall 0.2934 | union_precision 0.8611 | threshold 0.400 | val_model raw | lr 0.001000
Epoch 24/60 | train_loss 0.8799 | union_precision 0.8611 | weighted_recall 0.2969 | union_precision 0.8611 | threshold 0.375 | val_model raw | lr 0.001000
Epoch 25/60 | train_loss 0.8592 | union_precision 0.8611 | weighted_recall 0.2969 | union_precision 0.8611 | threshold 0.350 | val_model raw | lr 0.001000
Early stopping at epoch 25
Held-out M50-2 | union_precision=0.8649 | weighted_recall=0.3867 | consensus_recall=0.0000
Epoch 1/60 | train_loss 1.5405 | union_precision 0.8000 | weighted_recall 0.0526 | union_precision 0.8000 | threshold 0.575 | val_model raw | lr 0.001000
Epoch 2/60 | train_loss 1.4090 | union_precision 1.0000 | weighted_recall 0.0069 | union_precision 1.0000 | threshold 0.700 | val_model raw | lr 0.001000
Epoch 3/60 | train_loss 1.3263 | union_precision 0.9000 | weighted_recall 0.0699 | union_precision 0.9000 | threshold 0.575 | val_model raw | lr 0.001000
Epoch 4/60 | train_loss 1.2721 | union_precision 1.0000 | weighted_recall 0.0069 | union_precision 1.0000 | threshold 0.775 | val_model raw | lr 0.001000
Epoch 5/60 | train_loss 1.2474 | union_precision 0.8500 | weighted_recall 0.2958 | union_precision 0.8500 | threshold 0.575 | val_model raw | lr 0.001000
Epoch 6/60 | train_loss 1.2046 | union_precision 0.8846 | weighted_recall 0.3599 | union_precision 0.8846 | threshold 0.575 | val_model raw | lr 0.001000
Epoch 7/60 | train_loss 1.1827 | union_precision 0.8868 | weighted_recall 0.3773 | union_precision 0.8868 | threshold 0.575 | val_model raw | lr 0.001000
Epoch 8/60 | train_loss 1.1574 | union_precision 0.8529 | weighted_recall 0.4690 | union_precision 0.8529 | threshold 0.550 | val_model raw | lr 0.001000
Epoch 9/60 | train_loss 1.1350 | union_precision 0.8714 | weighted_recall 0.4727 | union_precision 0.8714 | threshold 0.550 | val_model raw | lr 0.001000
Epoch 10/60 | train_loss 1.1100 | union_precision 0.8696 | weighted_recall 0.4713 | union_precision 0.8696 | threshold 0.550 | val_model raw | lr 0.001000
Epoch 11/60 | train_loss 1.0871 | union_precision 0.8696 | weighted_recall 0.4739 | union_precision 0.8696 | threshold 0.550 | val_model raw | lr 0.001000
Epoch 12/60 | train_loss 1.0657 | union_precision 0.8545 | weighted_recall 0.4184 | union_precision 0.8545 | threshold 0.600 | val_model raw | lr 0.001000
Epoch 13/60 | train_loss 1.0499 | union_precision 0.8723 | weighted_recall 0.3843 | union_precision 0.8723 | threshold 0.625 | val_model raw | lr 0.001000
Epoch 14/60 | train_loss 1.0262 | union_precision 0.8667 | weighted_recall 0.3623 | union_precision 0.8667 | threshold 0.650 | val_model raw | lr 0.001000
Epoch 15/60 | train_loss 1.0086 | union_precision 0.8696 | weighted_recall 0.3817 | union_precision 0.8696 | threshold 0.650 | val_model raw | lr 0.001000
Epoch 16/60 | train_loss 0.9959 | union_precision 0.8611 | weighted_recall 0.4935 | union_precision 0.8611 | threshold 0.525 | val_model raw | lr 0.001000
Epoch 17/60 | train_loss 0.9714 | union_precision 0.8533 | weighted_recall 0.5209 | union_precision 0.8533 | threshold 0.500 | val_model raw | lr 0.001000
Epoch 18/60 | train_loss 0.9600 | union_precision 0.8533 | weighted_recall 0.5400 | union_precision 0.8533 | threshold 0.500 | val_model raw | lr 0.001000
Epoch 19/60 | train_loss 0.9504 | union_precision 0.8514 | weighted_recall 0.5326 | union_precision 0.8514 | threshold 0.475 | val_model raw | lr 0.001000
Epoch 20/60 | train_loss 0.9380 | union_precision 0.8514 | weighted_recall 0.5326 | union_precision 0.8514 | threshold 0.475 | val_model raw | lr 0.001000
Epoch 21/60 | train_loss 0.9226 | union_precision 0.8514 | weighted_recall 0.5326 | union_precision 0.8514 | threshold 0.450 | val_model raw | lr 0.001000
Epoch 22/60 | train_loss 0.9127 | union_precision 0.8514 | weighted_recall 0.5240 | union_precision 0.8514 | threshold 0.450 | val_model raw | lr 0.001000
Epoch 23/60 | train_loss 0.8851 | union_precision 0.8514 | weighted_recall 0.5223 | union_precision 0.8514 | threshold 0.450 | val_model raw | lr 0.001000
Epoch 24/60 | train_loss 0.8850 | union_precision 0.8533 | weighted_recall 0.5298 | union_precision 0.8533 | threshold 0.425 | val_model raw | lr 0.001000
Epoch 25/60 | train_loss 0.8645 | union_precision 0.8514 | weighted_recall 0.5207 | union_precision 0.8514 | threshold 0.425 | val_model raw | lr 0.001000
Epoch 26/60 | train_loss 0.8693 | union_precision 0.8514 | weighted_recall 0.5207 | union_precision 0.8514 | threshold 0.425 | val_model raw | lr 0.001000
Epoch 27/60 | train_loss 0.8536 | union_precision 0.8553 | weighted_recall 0.5230 | union_precision 0.8553 | threshold 0.425 | val_model raw | lr 0.001000
Epoch 28/60 | train_loss 0.8329 | union_precision 0.8514 | weighted_recall 0.5444 | union_precision 0.8514 | threshold 0.425 | val_model raw | lr 0.001000
Epoch 29/60 | train_loss 0.8335 | union_precision 0.8592 | weighted_recall 0.5371 | union_precision 0.8592 | threshold 0.450 | val_model raw | lr 0.001000
Epoch 30/60 | train_loss 0.8367 | union_precision 0.8571 | weighted_recall 0.5313 | union_precision 0.8571 | threshold 0.425 | val_model raw | lr 0.001000
Epoch 31/60 | train_loss 0.8093 | union_precision 0.8529 | weighted_recall 0.5213 | union_precision 0.8529 | threshold 0.475 | val_model raw | lr 0.001000
Epoch 32/60 | train_loss 0.7992 | union_precision 0.8507 | weighted_recall 0.5219 | union_precision 0.8507 | threshold 0.475 | val_model raw | lr 0.001000
Epoch 33/60 | train_loss 0.7871 | union_precision 0.8636 | weighted_recall 0.5219 | union_precision 0.8636 | threshold 0.450 | val_model raw | lr 0.001000
Epoch 34/60 | train_loss 0.7902 | union_precision 0.8507 | weighted_recall 0.5219 | union_precision 0.8507 | threshold 0.450 | val_model raw | lr 0.001000
Epoch 35/60 | train_loss 0.7777 | union_precision 0.8500 | weighted_recall 0.5045 | union_precision 0.8500 | threshold 0.500 | val_model raw | lr 0.001000
Epoch 36/60 | train_loss 0.7694 | union_precision 0.8500 | weighted_recall 0.5033 | union_precision 0.8500 | threshold 0.500 | val_model raw | lr 0.001000
Epoch 37/60 | train_loss 0.7583 | union_precision 0.8727 | weighted_recall 0.4881 | union_precision 0.8727 | threshold 0.500 | val_model raw | lr 0.001000
Epoch 38/60 | train_loss 0.7533 | union_precision 0.8507 | weighted_recall 0.5325 | union_precision 0.8507 | threshold 0.425 | val_model raw | lr 0.001000
Early stopping at epoch 38
Held-out M50-3 | union_precision=0.8514 | weighted_recall=0.5444 | consensus_recall=0.0000
Epoch 1/60 | train_loss 1.5343 | union_precision 0.5625 | weighted_recall 0.0385 | union_precision 0.5625 | threshold 0.500 | val_model raw | lr 0.001000
Epoch 2/60 | train_loss 1.3976 | union_precision 0.5342 | weighted_recall 0.3372 | union_precision 0.5342 | threshold 0.050 | val_model raw | lr 0.001000
Epoch 3/60 | train_loss 1.3205 | union_precision 0.7500 | weighted_recall 0.0305 | union_precision 0.7500 | threshold 0.525 | val_model raw | lr 0.001000
Epoch 4/60 | train_loss 1.2648 | union_precision 0.7500 | weighted_recall 0.0305 | union_precision 0.7500 | threshold 0.550 | val_model raw | lr 0.001000
Epoch 5/60 | train_loss 1.2359 | union_precision 0.8000 | weighted_recall 0.0329 | union_precision 0.8000 | threshold 0.550 | val_model raw | lr 0.001000
Epoch 6/60 | train_loss 1.1898 | union_precision 0.7500 | weighted_recall 0.0305 | union_precision 0.7500 | threshold 0.575 | val_model raw | lr 0.001000
Epoch 7/60 | train_loss 1.1651 | union_precision 0.8000 | weighted_recall 0.1638 | union_precision 0.8000 | threshold 0.550 | val_model raw | lr 0.001000
Epoch 8/60 | train_loss 1.1420 | union_precision 0.8125 | weighted_recall 0.1657 | union_precision 0.8125 | threshold 0.550 | val_model raw | lr 0.001000
Epoch 9/60 | train_loss 1.1229 | union_precision 0.7778 | weighted_recall 0.1056 | union_precision 0.7778 | threshold 0.575 | val_model raw | lr 0.001000
Epoch 10/60 | train_loss 1.0940 | union_precision 0.7500 | weighted_recall 0.0590 | union_precision 0.7500 | threshold 0.625 | val_model raw | lr 0.001000
Epoch 11/60 | train_loss 1.0712 | union_precision 0.7778 | weighted_recall 0.1056 | union_precision 0.7778 | threshold 0.600 | val_model raw | lr 0.001000
Epoch 12/60 | train_loss 1.0480 | union_precision 0.7500 | weighted_recall 0.1222 | union_precision 0.7500 | threshold 0.600 | val_model raw | lr 0.001000
Epoch 13/60 | train_loss 1.0356 | union_precision 0.8000 | weighted_recall 0.1394 | union_precision 0.8000 | threshold 0.600 | val_model raw | lr 0.001000
Epoch 14/60 | train_loss 1.0087 | union_precision 0.8125 | weighted_recall 0.1510 | union_precision 0.8125 | threshold 0.600 | val_model raw | lr 0.001000
Epoch 15/60 | train_loss 0.9913 | union_precision 0.8333 | weighted_recall 0.0731 | union_precision 0.8333 | threshold 0.650 | val_model raw | lr 0.001000
Epoch 16/60 | train_loss 0.9783 | union_precision 0.8000 | weighted_recall 0.1498 | union_precision 0.8000 | threshold 0.600 | val_model raw | lr 0.001000
Epoch 17/60 | train_loss 0.9565 | union_precision 0.8333 | weighted_recall 0.1047 | union_precision 0.8333 | threshold 0.650 | val_model raw | lr 0.001000
Epoch 18/60 | train_loss 0.9409 | union_precision 0.8462 | weighted_recall 0.1163 | union_precision 0.8462 | threshold 0.650 | val_model raw | lr 0.001000
Epoch 19/60 | train_loss 0.9303 | union_precision 0.8261 | weighted_recall 0.1683 | union_precision 0.8261 | threshold 0.625 | val_model raw | lr 0.001000
Epoch 20/60 | train_loss 0.9150 | union_precision 0.8077 | weighted_recall 0.1776 | union_precision 0.8077 | threshold 0.625 | val_model raw | lr 0.001000
Epoch 21/60 | train_loss 0.9012 | union_precision 0.8333 | weighted_recall 0.1378 | union_precision 0.8333 | threshold 0.675 | val_model raw | lr 0.001000
Epoch 22/60 | train_loss 0.9010 | union_precision 0.8333 | weighted_recall 0.1886 | union_precision 0.8333 | threshold 0.625 | val_model raw | lr 0.001000
Epoch 23/60 | train_loss 0.8688 | union_precision 0.8387 | weighted_recall 0.1959 | union_precision 0.8387 | threshold 0.625 | val_model raw | lr 0.001000
Epoch 24/60 | train_loss 0.8685 | union_precision 0.8387 | weighted_recall 0.1870 | union_precision 0.8387 | threshold 0.625 | val_model raw | lr 0.001000
Epoch 25/60 | train_loss 0.8498 | union_precision 0.8182 | weighted_recall 0.1989 | union_precision 0.8182 | threshold 0.625 | val_model raw | lr 0.001000
Epoch 26/60 | train_loss 0.8552 | union_precision 0.8182 | weighted_recall 0.1989 | union_precision 0.8182 | threshold 0.625 | val_model raw | lr 0.001000
Epoch 27/60 | train_loss 0.8375 | union_precision 0.8182 | weighted_recall 0.1989 | union_precision 0.8182 | threshold 0.625 | val_model raw | lr 0.001000
Epoch 28/60 | train_loss 0.8224 | union_precision 0.8148 | weighted_recall 0.1788 | union_precision 0.8148 | threshold 0.650 | val_model raw | lr 0.001000
Early stopping at epoch 28
Held-out M56-1 | union_precision=0.8462 | weighted_recall=0.1163 | consensus_recall=1.0000
Epoch 1/60 | train_loss 1.5306 | union_precision 0.6316 | weighted_recall 0.0839 | union_precision 0.6316 | threshold 0.500 | val_model raw | lr 0.001000
Epoch 2/60 | train_loss 1.3987 | union_precision 1.0000 | weighted_recall 0.0015 | union_precision 1.0000 | threshold 0.625 | val_model raw | lr 0.001000
Epoch 3/60 | train_loss 1.3171 | union_precision 1.0000 | weighted_recall 0.0015 | union_precision 1.0000 | threshold 0.625 | val_model raw | lr 0.001000
Epoch 4/60 | train_loss 1.2650 | union_precision 1.0000 | weighted_recall 0.0015 | union_precision 1.0000 | threshold 0.625 | val_model raw | lr 0.001000
Epoch 5/60 | train_loss 1.2386 | union_precision 1.0000 | weighted_recall 0.0015 | union_precision 1.0000 | threshold 0.625 | val_model raw | lr 0.001000
Epoch 6/60 | train_loss 1.1954 | union_precision 1.0000 | weighted_recall 0.0015 | union_precision 1.0000 | threshold 0.625 | val_model raw | lr 0.001000
Epoch 7/60 | train_loss 1.1685 | union_precision 1.0000 | weighted_recall 0.0042 | union_precision 1.0000 | threshold 0.625 | val_model raw | lr 0.001000
Epoch 8/60 | train_loss 1.1470 | union_precision 1.0000 | weighted_recall 0.0015 | union_precision 1.0000 | threshold 0.650 | val_model raw | lr 0.001000
Epoch 9/60 | train_loss 1.1274 | union_precision 1.0000 | weighted_recall 0.0042 | union_precision 1.0000 | threshold 0.650 | val_model raw | lr 0.001000
Epoch 10/60 | train_loss 1.0954 | union_precision 0.5000 | weighted_recall 0.0072 | union_precision 0.5000 | threshold 0.650 | val_model raw | lr 0.001000
Epoch 11/60 | train_loss 1.0778 | union_precision 1.0000 | weighted_recall 0.0027 | union_precision 1.0000 | threshold 0.675 | val_model raw | lr 0.001000
Epoch 12/60 | train_loss 1.0529 | union_precision 0.6667 | weighted_recall 0.0704 | union_precision 0.6667 | threshold 0.650 | val_model raw | lr 0.001000
Epoch 13/60 | train_loss 1.0416 | union_precision 0.7500 | weighted_recall 0.0113 | union_precision 0.7500 | threshold 0.675 | val_model raw | lr 0.001000
Epoch 14/60 | train_loss 1.0149 | union_precision 0.6250 | weighted_recall 0.0960 | union_precision 0.6250 | threshold 0.675 | val_model raw | lr 0.001000
Epoch 15/60 | train_loss 1.0012 | union_precision 0.5000 | weighted_recall 0.1184 | union_precision 0.5000 | threshold 0.650 | val_model raw | lr 0.001000
Epoch 16/60 | train_loss 0.9893 | union_precision 0.5000 | weighted_recall 0.1289 | union_precision 0.5000 | threshold 0.650 | val_model raw | lr 0.001000
Epoch 17/60 | train_loss 0.9661 | union_precision 0.6667 | weighted_recall 0.0540 | union_precision 0.6667 | threshold 0.725 | val_model raw | lr 0.001000
Early stopping at epoch 17
Held-out M56-2 | union_precision=1.0000 | weighted_recall=0.0042 | consensus_recall=0.0000
Epoch 1/60 | train_loss 1.5329 | union_precision 0.9375 | weighted_recall 0.0886 | union_precision 0.9375 | threshold 0.550 | val_model raw | lr 0.001000
Epoch 2/60 | train_loss 1.4044 | union_precision 0.9444 | weighted_recall 0.1238 | union_precision 0.9444 | threshold 0.550 | val_model raw | lr 0.001000
Epoch 3/60 | train_loss 1.3253 | union_precision 0.8667 | weighted_recall 0.0995 | union_precision 0.8667 | threshold 0.575 | val_model raw | lr 0.001000
Epoch 4/60 | train_loss 1.2745 | union_precision 0.8750 | weighted_recall 0.1234 | union_precision 0.8750 | threshold 0.600 | val_model raw | lr 0.001000
Epoch 5/60 | train_loss 1.2491 | union_precision 0.9286 | weighted_recall 0.1003 | union_precision 0.9286 | threshold 0.625 | val_model raw | lr 0.001000
Epoch 6/60 | train_loss 1.2024 | union_precision 0.8519 | weighted_recall 0.1468 | union_precision 0.8519 | threshold 0.600 | val_model raw | lr 0.001000
Epoch 7/60 | train_loss 1.1724 | union_precision 0.8800 | weighted_recall 0.1728 | union_precision 0.8800 | threshold 0.625 | val_model raw | lr 0.001000
Epoch 8/60 | train_loss 1.1560 | union_precision 0.8889 | weighted_recall 0.1811 | union_precision 0.8889 | threshold 0.625 | val_model raw | lr 0.001000
Epoch 9/60 | train_loss 1.1332 | union_precision 0.9062 | weighted_recall 0.2458 | union_precision 0.9062 | threshold 0.625 | val_model raw | lr 0.001000
Epoch 10/60 | train_loss 1.1015 | union_precision 0.8571 | weighted_recall 0.2342 | union_precision 0.8571 | threshold 0.625 | val_model raw | lr 0.001000
Epoch 11/60 | train_loss 1.0774 | union_precision 0.8621 | weighted_recall 0.2023 | union_precision 0.8621 | threshold 0.650 | val_model raw | lr 0.001000
Epoch 12/60 | train_loss 1.0520 | union_precision 0.8571 | weighted_recall 0.2364 | union_precision 0.8571 | threshold 0.650 | val_model raw | lr 0.001000
Epoch 13/60 | train_loss 1.0442 | union_precision 0.8667 | weighted_recall 0.2331 | union_precision 0.8667 | threshold 0.675 | val_model raw | lr 0.001000
Epoch 14/60 | train_loss 1.0172 | union_precision 0.8750 | weighted_recall 0.2346 | union_precision 0.8750 | threshold 0.675 | val_model raw | lr 0.001000
Epoch 15/60 | train_loss 1.0059 | union_precision 0.8846 | weighted_recall 0.2173 | union_precision 0.8846 | threshold 0.700 | val_model raw | lr 0.001000
Epoch 16/60 | train_loss 0.9908 | union_precision 0.8929 | weighted_recall 0.2188 | union_precision 0.8929 | threshold 0.700 | val_model raw | lr 0.001000
Epoch 17/60 | train_loss 0.9650 | union_precision 0.8929 | weighted_recall 0.2188 | union_precision 0.8929 | threshold 0.700 | val_model raw | lr 0.001000
Epoch 18/60 | train_loss 0.9530 | union_precision 0.8846 | weighted_recall 0.2097 | union_precision 0.8846 | threshold 0.725 | val_model raw | lr 0.001000
Epoch 19/60 | train_loss 0.9409 | union_precision 0.8615 | weighted_recall 0.4227 | union_precision 0.8615 | threshold 0.500 | val_model raw | lr 0.001000
Epoch 20/60 | train_loss 0.9256 | union_precision 0.8657 | weighted_recall 0.4646 | union_precision 0.8657 | threshold 0.475 | val_model raw | lr 0.001000
Epoch 21/60 | train_loss 0.9015 | union_precision 0.8657 | weighted_recall 0.4646 | union_precision 0.8657 | threshold 0.450 | val_model raw | lr 0.001000
Epoch 22/60 | train_loss 0.9035 | union_precision 0.8592 | weighted_recall 0.4919 | union_precision 0.8592 | threshold 0.425 | val_model raw | lr 0.001000
Epoch 23/60 | train_loss 0.8793 | union_precision 0.8533 | weighted_recall 0.5285 | union_precision 0.8533 | threshold 0.375 | val_model raw | lr 0.001000
Epoch 24/60 | train_loss 0.8756 | union_precision 0.8696 | weighted_recall 0.4899 | union_precision 0.8696 | threshold 0.475 | val_model raw | lr 0.001000
Epoch 25/60 | train_loss 0.8562 | union_precision 0.8592 | weighted_recall 0.5138 | union_precision 0.8592 | threshold 0.400 | val_model raw | lr 0.001000
Epoch 26/60 | train_loss 0.8597 | union_precision 0.8533 | weighted_recall 0.5121 | union_precision 0.8533 | threshold 0.300 | val_model raw | lr 0.001000
Epoch 27/60 | train_loss 0.8450 | union_precision 0.8533 | weighted_recall 0.5121 | union_precision 0.8533 | threshold 0.300 | val_model raw | lr 0.001000
Epoch 28/60 | train_loss 0.8310 | union_precision 0.8592 | weighted_recall 0.4754 | union_precision 0.8592 | threshold 0.425 | val_model raw | lr 0.001000
Epoch 29/60 | train_loss 0.8255 | union_precision 0.8592 | weighted_recall 0.4646 | union_precision 0.8592 | threshold 0.400 | val_model raw | lr 0.001000
Epoch 30/60 | train_loss 0.8240 | union_precision 0.8529 | weighted_recall 0.4356 | union_precision 0.8529 | threshold 0.425 | val_model raw | lr 0.001000
Epoch 31/60 | train_loss 0.8008 | union_precision 0.8507 | weighted_recall 0.4393 | union_precision 0.8507 | threshold 0.425 | val_model raw | lr 0.001000
Epoch 32/60 | train_loss 0.7953 | union_precision 0.8548 | weighted_recall 0.4388 | union_precision 0.8548 | threshold 0.525 | val_model raw | lr 0.001000
Epoch 33/60 | train_loss 0.7841 | union_precision 0.8548 | weighted_recall 0.4202 | union_precision 0.8548 | threshold 0.525 | val_model raw | lr 0.001000
Early stopping at epoch 33
Held-out M56-3 | union_precision=0.8533 | weighted_recall=0.5285 | consensus_recall=0.0000
Epoch 1/60 | train_loss 1.5263 | union_precision 1.0000 | weighted_recall 0.1156 | union_precision 1.0000 | threshold 0.550 | val_model raw | lr 0.001000
Epoch 2/60 | train_loss 1.4009 | union_precision 1.0000 | weighted_recall 0.0218 | union_precision 1.0000 | threshold 0.600 | val_model raw | lr 0.001000
Epoch 3/60 | train_loss 1.3192 | union_precision 0.6111 | weighted_recall 0.3686 | union_precision 0.6111 | threshold 0.050 | val_model raw | lr 0.001000
Epoch 4/60 | train_loss 1.2673 | union_precision 0.7143 | weighted_recall 0.0960 | union_precision 0.7143 | threshold 0.600 | val_model raw | lr 0.001000
Epoch 5/60 | train_loss 1.2398 | union_precision 0.7500 | weighted_recall 0.0459 | union_precision 0.7500 | threshold 0.625 | val_model raw | lr 0.001000
Epoch 6/60 | train_loss 1.1919 | union_precision 1.0000 | weighted_recall 0.0459 | union_precision 1.0000 | threshold 0.625 | val_model raw | lr 0.001000
Epoch 7/60 | train_loss 1.1590 | union_precision 1.0000 | weighted_recall 0.0502 | union_precision 1.0000 | threshold 0.600 | val_model raw | lr 0.001000
Epoch 8/60 | train_loss 1.1468 | union_precision 0.8571 | weighted_recall 0.0696 | union_precision 0.8571 | threshold 0.600 | val_model raw | lr 0.001000
Epoch 9/60 | train_loss 1.1238 | union_precision 1.0000 | weighted_recall 0.0332 | union_precision 1.0000 | threshold 0.650 | val_model raw | lr 0.001000
Epoch 10/60 | train_loss 1.0899 | union_precision 1.0000 | weighted_recall 0.0296 | union_precision 1.0000 | threshold 0.675 | val_model raw | lr 0.001000
Epoch 11/60 | train_loss 1.0661 | union_precision 1.0000 | weighted_recall 0.0253 | union_precision 1.0000 | threshold 0.700 | val_model raw | lr 0.001000
Early stopping at epoch 11
Held-out M59-1 | union_precision=1.0000 | weighted_recall=0.1156 | consensus_recall=0.0000
Epoch 1/60 | train_loss 1.5241 | union_precision 1.0000 | weighted_recall 0.0438 | union_precision 1.0000 | threshold 0.550 | val_model raw | lr 0.001000
Epoch 2/60 | train_loss 1.4026 | union_precision 1.0000 | weighted_recall 0.0907 | union_precision 1.0000 | threshold 0.550 | val_model raw | lr 0.001000
Epoch 3/60 | train_loss 1.3210 | union_precision 1.0000 | weighted_recall 0.0850 | union_precision 1.0000 | threshold 0.575 | val_model raw | lr 0.001000
Epoch 4/60 | train_loss 1.2717 | union_precision 1.0000 | weighted_recall 0.0414 | union_precision 1.0000 | threshold 0.625 | val_model raw | lr 0.001000
Epoch 5/60 | train_loss 1.2436 | union_precision 0.8750 | weighted_recall 0.1436 | union_precision 0.8750 | threshold 0.600 | val_model raw | lr 0.001000
Epoch 6/60 | train_loss 1.1956 | union_precision 0.8750 | weighted_recall 0.1436 | union_precision 0.8750 | threshold 0.625 | val_model raw | lr 0.001000
Epoch 7/60 | train_loss 1.1635 | union_precision 0.8750 | weighted_recall 0.1436 | union_precision 0.8750 | threshold 0.625 | val_model raw | lr 0.001000
Epoch 8/60 | train_loss 1.1536 | union_precision 0.8889 | weighted_recall 0.1459 | union_precision 0.8889 | threshold 0.625 | val_model raw | lr 0.001000
Epoch 9/60 | train_loss 1.1296 | union_precision 0.9000 | weighted_recall 0.1684 | union_precision 0.9000 | threshold 0.625 | val_model raw | lr 0.001000
Epoch 10/60 | train_loss 1.0974 | union_precision 0.8889 | weighted_recall 0.1459 | union_precision 0.8889 | threshold 0.650 | val_model raw | lr 0.001000
Epoch 11/60 | train_loss 1.0702 | union_precision 0.8889 | weighted_recall 0.1252 | union_precision 0.8889 | threshold 0.675 | val_model raw | lr 0.001000
Epoch 12/60 | train_loss 1.0551 | union_precision 0.8889 | weighted_recall 0.1252 | union_precision 0.8889 | threshold 0.675 | val_model raw | lr 0.001000
Epoch 13/60 | train_loss 1.0423 | union_precision 0.8750 | weighted_recall 0.1126 | union_precision 0.8750 | threshold 0.700 | val_model raw | lr 0.001000
Epoch 14/60 | train_loss 1.0116 | union_precision 0.8750 | weighted_recall 0.1126 | union_precision 0.8750 | threshold 0.700 | val_model raw | lr 0.001000
Epoch 15/60 | train_loss 1.0023 | union_precision 0.8889 | weighted_recall 0.1252 | union_precision 0.8889 | threshold 0.700 | val_model raw | lr 0.001000
Epoch 16/60 | train_loss 0.9861 | union_precision 0.9000 | weighted_recall 0.1298 | union_precision 0.9000 | threshold 0.700 | val_model raw | lr 0.001000
Epoch 17/60 | train_loss 0.9643 | union_precision 1.0000 | weighted_recall 0.1298 | union_precision 1.0000 | threshold 0.700 | val_model raw | lr 0.001000
Epoch 18/60 | train_loss 0.9536 | union_precision 0.9091 | weighted_recall 0.1666 | union_precision 0.9091 | threshold 0.700 | val_model raw | lr 0.001000
Epoch 19/60 | train_loss 0.9419 | union_precision 1.0000 | weighted_recall 0.1298 | union_precision 1.0000 | threshold 0.725 | val_model raw | lr 0.001000
Early stopping at epoch 19
Held-out M59-2 | union_precision=0.9000 | weighted_recall=0.1684 | consensus_recall=0.0000
Epoch 1/60 | train_loss 1.5239 | union_precision 0.6667 | weighted_recall 0.0067 | union_precision 0.6667 | threshold 0.550 | val_model raw | lr 0.001000
Epoch 2/60 | train_loss 1.4044 | union_precision 1.0000 | weighted_recall 0.0059 | union_precision 1.0000 | threshold 0.575 | val_model raw | lr 0.001000
Epoch 3/60 | train_loss 1.3231 | union_precision 1.0000 | weighted_recall 0.0059 | union_precision 1.0000 | threshold 0.600 | val_model raw | lr 0.001000
Epoch 4/60 | train_loss 1.2770 | union_precision 0.8750 | weighted_recall 0.1733 | union_precision 0.8750 | threshold 0.575 | val_model raw | lr 0.001000
Epoch 5/60 | train_loss 1.2491 | union_precision 1.0000 | weighted_recall 0.0373 | union_precision 1.0000 | threshold 0.650 | val_model raw | lr 0.001000
Epoch 6/60 | train_loss 1.2045 | union_precision 1.0000 | weighted_recall 0.1000 | union_precision 1.0000 | threshold 0.650 | val_model raw | lr 0.001000
Epoch 7/60 | train_loss 1.1633 | union_precision 1.0000 | weighted_recall 0.1000 | union_precision 1.0000 | threshold 0.675 | val_model raw | lr 0.001000
Epoch 8/60 | train_loss 1.1562 | union_precision 1.0000 | weighted_recall 0.1000 | union_precision 1.0000 | threshold 0.675 | val_model raw | lr 0.001000
Epoch 9/60 | train_loss 1.1302 | union_precision 1.0000 | weighted_recall 0.1000 | union_precision 1.0000 | threshold 0.700 | val_model raw | lr 0.001000
Epoch 10/60 | train_loss 1.1020 | union_precision 1.0000 | weighted_recall 0.1000 | union_precision 1.0000 | threshold 0.700 | val_model raw | lr 0.001000
Epoch 11/60 | train_loss 1.0729 | union_precision 1.0000 | weighted_recall 0.1000 | union_precision 1.0000 | threshold 0.725 | val_model raw | lr 0.001000
Epoch 12/60 | train_loss 1.0560 | union_precision 0.8889 | weighted_recall 0.1931 | union_precision 0.8889 | threshold 0.675 | val_model raw | lr 0.001000
Epoch 13/60 | train_loss 1.0437 | union_precision 0.8571 | weighted_recall 0.2543 | union_precision 0.8571 | threshold 0.675 | val_model raw | lr 0.001000
Epoch 14/60 | train_loss 1.0155 | union_precision 0.9091 | weighted_recall 0.2258 | union_precision 0.9091 | threshold 0.700 | val_model raw | lr 0.001000
Epoch 15/60 | train_loss 1.0058 | union_precision 0.8750 | weighted_recall 0.3166 | union_precision 0.8750 | threshold 0.650 | val_model raw | lr 0.001000
Epoch 16/60 | train_loss 0.9858 | union_precision 0.8519 | weighted_recall 0.3159 | union_precision 0.8519 | threshold 0.625 | val_model raw | lr 0.001000
Epoch 17/60 | train_loss 0.9690 | union_precision 0.8800 | weighted_recall 0.3092 | union_precision 0.8800 | threshold 0.650 | val_model raw | lr 0.001000
Epoch 18/60 | train_loss 0.9572 | union_precision 0.8800 | weighted_recall 0.3092 | union_precision 0.8800 | threshold 0.650 | val_model raw | lr 0.001000
Epoch 19/60 | train_loss 0.9451 | union_precision 0.8519 | weighted_recall 0.3159 | union_precision 0.8519 | threshold 0.650 | val_model raw | lr 0.001000
Epoch 20/60 | train_loss 0.9334 | union_precision 0.8750 | weighted_recall 0.3074 | union_precision 0.8750 | threshold 0.675 | val_model raw | lr 0.001000
Epoch 21/60 | train_loss 0.9108 | union_precision 0.8750 | weighted_recall 0.3074 | union_precision 0.8750 | threshold 0.675 | val_model raw | lr 0.001000
Epoch 22/60 | train_loss 0.9076 | union_precision 0.8696 | weighted_recall 0.3027 | union_precision 0.8696 | threshold 0.700 | val_model raw | lr 0.001000
Epoch 23/60 | train_loss 0.8837 | union_precision 0.8889 | weighted_recall 0.2739 | union_precision 0.8889 | threshold 0.725 | val_model raw | lr 0.001000
Epoch 24/60 | train_loss 0.8790 | union_precision 0.8889 | weighted_recall 0.2739 | union_precision 0.8889 | threshold 0.725 | val_model raw | lr 0.001000
Epoch 25/60 | train_loss 0.8609 | union_precision 0.8889 | weighted_recall 0.2739 | union_precision 0.8889 | threshold 0.725 | val_model raw | lr 0.001000
Early stopping at epoch 25
Held-out M59-3 | union_precision=0.8750 | weighted_recall=0.3166 | consensus_recall=0.5000
Epoch 1/60 | train_loss 1.5265 | union_precision 0.6154 | weighted_recall 0.3056 | union_precision 0.6154 | threshold 0.050 | val_model raw | lr 0.001000
Epoch 2/60 | train_loss 1.3991 | union_precision 0.6098 | weighted_recall 0.2791 | union_precision 0.6098 | threshold 0.050 | val_model raw | lr 0.001000
Epoch 3/60 | train_loss 1.3174 | union_precision 0.6538 | weighted_recall 0.1848 | union_precision 0.6538 | threshold 0.475 | val_model raw | lr 0.001000
Epoch 4/60 | train_loss 1.2687 | union_precision 0.6757 | weighted_recall 0.3696 | union_precision 0.6757 | threshold 0.450 | val_model raw | lr 0.001000
Epoch 5/60 | train_loss 1.2431 | union_precision 1.0000 | weighted_recall 0.0307 | union_precision 1.0000 | threshold 0.675 | val_model raw | lr 0.001000
Epoch 6/60 | train_loss 1.1970 | union_precision 0.6970 | weighted_recall 0.2744 | union_precision 0.6970 | threshold 0.475 | val_model raw | lr 0.001000
Epoch 7/60 | train_loss 1.1605 | union_precision 0.7143 | weighted_recall 0.3335 | union_precision 0.7143 | threshold 0.475 | val_model raw | lr 0.001000
Epoch 8/60 | train_loss 1.1488 | union_precision 0.7188 | weighted_recall 0.2632 | union_precision 0.7188 | threshold 0.500 | val_model raw | lr 0.001000
Epoch 9/60 | train_loss 1.1231 | union_precision 1.0000 | weighted_recall 0.0343 | union_precision 1.0000 | threshold 0.700 | val_model raw | lr 0.001000
Epoch 10/60 | train_loss 1.0945 | union_precision 1.0000 | weighted_recall 0.0054 | union_precision 1.0000 | threshold 0.725 | val_model raw | lr 0.001000
Epoch 11/60 | train_loss 1.0673 | union_precision 1.0000 | weighted_recall 0.0054 | union_precision 1.0000 | threshold 0.725 | val_model raw | lr 0.001000
Epoch 12/60 | train_loss 1.0511 | union_precision 1.0000 | weighted_recall 0.0667 | union_precision 1.0000 | threshold 0.725 | val_model raw | lr 0.001000
Epoch 13/60 | train_loss 1.0365 | union_precision 1.0000 | weighted_recall 0.0361 | union_precision 1.0000 | threshold 0.750 | val_model raw | lr 0.001000
Epoch 14/60 | train_loss 1.0114 | union_precision 1.0000 | weighted_recall 0.0361 | union_precision 1.0000 | threshold 0.750 | val_model raw | lr 0.001000
Epoch 15/60 | train_loss 1.0024 | union_precision 1.0000 | weighted_recall 0.0361 | union_precision 1.0000 | threshold 0.750 | val_model raw | lr 0.001000
Epoch 16/60 | train_loss 0.9802 | union_precision 1.0000 | weighted_recall 0.0325 | union_precision 1.0000 | threshold 0.750 | val_model raw | lr 0.001000
Epoch 17/60 | train_loss 0.9659 | union_precision 1.0000 | weighted_recall 0.0667 | union_precision 1.0000 | threshold 0.750 | val_model raw | lr 0.001000
Epoch 18/60 | train_loss 0.9512 | union_precision 1.0000 | weighted_recall 0.0667 | union_precision 1.0000 | threshold 0.750 | val_model raw | lr 0.001000
Epoch 19/60 | train_loss 0.9406 | union_precision 1.0000 | weighted_recall 0.0631 | union_precision 1.0000 | threshold 0.775 | val_model raw | lr 0.001000
Epoch 20/60 | train_loss 0.9307 | union_precision 1.0000 | weighted_recall 0.0667 | union_precision 1.0000 | threshold 0.775 | val_model raw | lr 0.001000
Epoch 21/60 | train_loss 0.9065 | union_precision 1.0000 | weighted_recall 0.0667 | union_precision 1.0000 | threshold 0.775 | val_model raw | lr 0.001000
Epoch 22/60 | train_loss 0.9017 | union_precision 1.0000 | weighted_recall 0.0667 | union_precision 1.0000 | threshold 0.775 | val_model raw | lr 0.001000
Early stopping at epoch 22
Held-out M63-1 | union_precision=1.0000 | weighted_recall=0.0667 | consensus_recall=0.0000
Epoch 1/60 | train_loss 1.5263 | union_precision 0.9231 | weighted_recall 0.1972 | union_precision 0.9231 | threshold 0.525 | val_model raw | lr 0.001000
Epoch 2/60 | train_loss 1.3999 | union_precision 1.0000 | weighted_recall 0.1220 | union_precision 1.0000 | threshold 0.575 | val_model raw | lr 0.001000
Epoch 3/60 | train_loss 1.3198 | union_precision 1.0000 | weighted_recall 0.2129 | union_precision 1.0000 | threshold 0.575 | val_model raw | lr 0.001000
Epoch 4/60 | train_loss 1.2725 | union_precision 0.8636 | weighted_recall 0.4710 | union_precision 0.8636 | threshold 0.550 | val_model raw | lr 0.001000
Epoch 5/60 | train_loss 1.2454 | union_precision 0.8947 | weighted_recall 0.4320 | union_precision 0.8947 | threshold 0.575 | val_model raw | lr 0.001000
Epoch 6/60 | train_loss 1.2011 | union_precision 0.8571 | weighted_recall 0.4805 | union_precision 0.8571 | threshold 0.575 | val_model raw | lr 0.001000
Epoch 7/60 | train_loss 1.1628 | union_precision 0.8800 | weighted_recall 0.5213 | union_precision 0.8800 | threshold 0.550 | val_model raw | lr 0.001000
Epoch 8/60 | train_loss 1.1524 | union_precision 0.8636 | weighted_recall 0.5053 | union_precision 0.8636 | threshold 0.575 | val_model raw | lr 0.001000
Epoch 9/60 | train_loss 1.1271 | union_precision 0.8636 | weighted_recall 0.5053 | union_precision 0.8636 | threshold 0.575 | val_model raw | lr 0.001000
Epoch 10/60 | train_loss 1.0998 | union_precision 0.9000 | weighted_recall 0.5019 | union_precision 0.9000 | threshold 0.600 | val_model raw | lr 0.001000
Epoch 11/60 | train_loss 1.0733 | union_precision 0.9474 | weighted_recall 0.5019 | union_precision 0.9474 | threshold 0.625 | val_model raw | lr 0.001000
Epoch 12/60 | train_loss 1.0551 | union_precision 0.9474 | weighted_recall 0.5019 | union_precision 0.9474 | threshold 0.625 | val_model raw | lr 0.001000
Epoch 13/60 | train_loss 1.0425 | union_precision 0.9474 | weighted_recall 0.5019 | union_precision 0.9474 | threshold 0.625 | val_model raw | lr 0.001000
Epoch 14/60 | train_loss 1.0170 | union_precision 0.9444 | weighted_recall 0.4994 | union_precision 0.9444 | threshold 0.625 | val_model raw | lr 0.001000
Epoch 15/60 | train_loss 1.0066 | union_precision 0.9412 | weighted_recall 0.4959 | union_precision 0.9412 | threshold 0.650 | val_model raw | lr 0.001000
Epoch 16/60 | train_loss 0.9860 | union_precision 0.8947 | weighted_recall 0.5029 | union_precision 0.8947 | threshold 0.625 | val_model raw | lr 0.001000
Epoch 17/60 | train_loss 0.9728 | union_precision 0.8947 | weighted_recall 0.5029 | union_precision 0.8947 | threshold 0.625 | val_model raw | lr 0.001000
Early stopping at epoch 17
Held-out M63-3 | union_precision=0.8800 | weighted_recall=0.5213 | consensus_recall=0.0000
Epoch 1/60 | train_loss 1.5239 | union_precision 0.8000 | weighted_recall 0.1870 | union_precision 0.8000 | threshold 0.550 | val_model raw | lr 0.001000
Epoch 2/60 | train_loss 1.4016 | union_precision 0.9000 | weighted_recall 0.2912 | union_precision 0.9000 | threshold 0.525 | val_model raw | lr 0.001000
Epoch 3/60 | train_loss 1.3214 | union_precision 0.9375 | weighted_recall 0.5974 | union_precision 0.9375 | threshold 0.500 | val_model raw | lr 0.001000
Epoch 4/60 | train_loss 1.2725 | union_precision 0.9231 | weighted_recall 0.5314 | union_precision 0.9231 | threshold 0.525 | val_model raw | lr 0.001000
Epoch 5/60 | train_loss 1.2473 | union_precision 0.9286 | weighted_recall 0.5446 | union_precision 0.9286 | threshold 0.525 | val_model raw | lr 0.001000
Epoch 6/60 | train_loss 1.2029 | union_precision 0.8667 | weighted_recall 0.5016 | union_precision 0.8667 | threshold 0.525 | val_model raw | lr 0.001000
Epoch 7/60 | train_loss 1.1650 | union_precision 0.9286 | weighted_recall 0.5016 | union_precision 0.9286 | threshold 0.550 | val_model raw | lr 0.001000
Epoch 8/60 | train_loss 1.1542 | union_precision 0.8667 | weighted_recall 0.4832 | union_precision 0.8667 | threshold 0.550 | val_model raw | lr 0.001000
Epoch 9/60 | train_loss 1.1295 | union_precision 0.8667 | weighted_recall 0.5262 | union_precision 0.8667 | threshold 0.550 | val_model raw | lr 0.001000
Epoch 10/60 | train_loss 1.1010 | union_precision 0.8667 | weighted_recall 0.5446 | union_precision 0.8667 | threshold 0.550 | val_model raw | lr 0.001000
Epoch 11/60 | train_loss 1.0758 | union_precision 0.8571 | weighted_recall 0.5314 | union_precision 0.8571 | threshold 0.575 | val_model raw | lr 0.001000
Epoch 12/60 | train_loss 1.0570 | union_precision 0.8571 | weighted_recall 0.5314 | union_precision 0.8571 | threshold 0.600 | val_model raw | lr 0.001000
Epoch 13/60 | train_loss 1.0443 | union_precision 0.8667 | weighted_recall 0.5545 | union_precision 0.8667 | threshold 0.600 | val_model raw | lr 0.001000
Early stopping at epoch 13
Held-out M67-1 | union_precision=0.9375 | weighted_recall=0.5974 | consensus_recall=0.0000
Epoch 1/60 | train_loss 1.5231 | union_precision 0.4828 | weighted_recall 0.3027 | union_precision 0.4828 | threshold 0.475 | val_model raw | lr 0.001000
Epoch 2/60 | train_loss 1.3994 | union_precision 0.4516 | weighted_recall 0.3404 | union_precision 0.4516 | threshold 0.050 | val_model raw | lr 0.001000
Epoch 3/60 | train_loss 1.3191 | union_precision 0.5455 | weighted_recall 0.2985 | union_precision 0.5455 | threshold 0.450 | val_model raw | lr 0.001000
Epoch 4/60 | train_loss 1.2705 | union_precision 0.6000 | weighted_recall 0.3215 | union_precision 0.6000 | threshold 0.475 | val_model raw | lr 0.001000
Epoch 5/60 | train_loss 1.2431 | union_precision 0.6250 | weighted_recall 0.1481 | union_precision 0.6250 | threshold 0.575 | val_model raw | lr 0.001000
Epoch 6/60 | train_loss 1.2008 | union_precision 0.6667 | weighted_recall 0.1555 | union_precision 0.6667 | threshold 0.575 | val_model raw | lr 0.001000
Epoch 7/60 | train_loss 1.1639 | union_precision 0.7143 | weighted_recall 0.1489 | union_precision 0.7143 | threshold 0.575 | val_model raw | lr 0.001000
Epoch 8/60 | train_loss 1.1509 | union_precision 0.7143 | weighted_recall 0.1489 | union_precision 0.7143 | threshold 0.575 | val_model raw | lr 0.001000
Epoch 9/60 | train_loss 1.1275 | union_precision 0.7500 | weighted_recall 0.1711 | union_precision 0.7500 | threshold 0.575 | val_model raw | lr 0.001000
Epoch 10/60 | train_loss 1.0990 | union_precision 0.7143 | weighted_recall 0.1489 | union_precision 0.7143 | threshold 0.600 | val_model raw | lr 0.001000
Epoch 11/60 | train_loss 1.0753 | union_precision 0.7692 | weighted_recall 0.2706 | union_precision 0.7692 | threshold 0.575 | val_model raw | lr 0.001000
Epoch 12/60 | train_loss 1.0565 | union_precision 1.0000 | weighted_recall 0.0258 | union_precision 1.0000 | threshold 0.700 | val_model raw | lr 0.001000
Epoch 13/60 | train_loss 1.0436 | union_precision 0.8333 | weighted_recall 0.2559 | union_precision 0.8333 | threshold 0.600 | val_model raw | lr 0.001000
Epoch 14/60 | train_loss 1.0192 | union_precision 0.8667 | weighted_recall 0.2965 | union_precision 0.8667 | threshold 0.600 | val_model raw | lr 0.001000
Epoch 15/60 | train_loss 1.0067 | union_precision 0.8667 | weighted_recall 0.2965 | union_precision 0.8667 | threshold 0.600 | val_model raw | lr 0.001000
Epoch 16/60 | train_loss 0.9865 | union_precision 0.8750 | weighted_recall 0.3149 | union_precision 0.8750 | threshold 0.600 | val_model raw | lr 0.001000
Epoch 17/60 | train_loss 0.9750 | union_precision 0.8750 | weighted_recall 0.3149 | union_precision 0.8750 | threshold 0.600 | val_model raw | lr 0.001000
Epoch 18/60 | train_loss 0.9557 | union_precision 0.9333 | weighted_recall 0.3149 | union_precision 0.9333 | threshold 0.600 | val_model raw | lr 0.001000
Epoch 19/60 | train_loss 0.9475 | union_precision 0.9333 | weighted_recall 0.3149 | union_precision 0.9333 | threshold 0.600 | val_model raw | lr 0.001000
Epoch 20/60 | train_loss 0.9362 | union_precision 0.9375 | weighted_recall 0.3412 | union_precision 0.9375 | threshold 0.600 | val_model raw | lr 0.001000
Epoch 21/60 | train_loss 0.9142 | union_precision 0.9375 | weighted_recall 0.3412 | union_precision 0.9375 | threshold 0.600 | val_model raw | lr 0.001000
Epoch 22/60 | train_loss 0.9064 | union_precision 0.9333 | weighted_recall 0.3149 | union_precision 0.9333 | threshold 0.600 | val_model raw | lr 0.001000
Epoch 23/60 | train_loss 0.8845 | union_precision 0.9333 | weighted_recall 0.3149 | union_precision 0.9333 | threshold 0.600 | val_model raw | lr 0.001000
Epoch 24/60 | train_loss 0.8793 | union_precision 0.8824 | weighted_recall 0.3412 | union_precision 0.8824 | threshold 0.575 | val_model raw | lr 0.001000
Epoch 25/60 | train_loss 0.8611 | union_precision 0.8824 | weighted_recall 0.3412 | union_precision 0.8824 | threshold 0.575 | val_model raw | lr 0.001000
Epoch 26/60 | train_loss 0.8611 | union_precision 0.9375 | weighted_recall 0.3412 | union_precision 0.9375 | threshold 0.575 | val_model raw | lr 0.001000
Epoch 27/60 | train_loss 0.8498 | union_precision 0.9375 | weighted_recall 0.3412 | union_precision 0.9375 | threshold 0.575 | val_model raw | lr 0.001000
Epoch 28/60 | train_loss 0.8354 | union_precision 0.9375 | weighted_recall 0.3338 | union_precision 0.9375 | threshold 0.575 | val_model raw | lr 0.001000
Epoch 29/60 | train_loss 0.8250 | union_precision 0.9375 | weighted_recall 0.3338 | union_precision 0.9375 | threshold 0.575 | val_model raw | lr 0.001000
Epoch 30/60 | train_loss 0.8314 | union_precision 0.9375 | weighted_recall 0.3449 | union_precision 0.9375 | threshold 0.575 | val_model raw | lr 0.001000
Epoch 31/60 | train_loss 0.8085 | union_precision 0.9375 | weighted_recall 0.3449 | union_precision 0.9375 | threshold 0.550 | val_model raw | lr 0.001000
Epoch 32/60 | train_loss 0.7959 | union_precision 0.9375 | weighted_recall 0.3449 | union_precision 0.9375 | threshold 0.550 | val_model raw | lr 0.001000
Epoch 33/60 | train_loss 0.7889 | union_precision 0.9375 | weighted_recall 0.3449 | union_precision 0.9375 | threshold 0.550 | val_model raw | lr 0.001000
Epoch 34/60 | train_loss 0.7892 | union_precision 0.9375 | weighted_recall 0.3338 | union_precision 0.9375 | threshold 0.525 | val_model raw | lr 0.001000
Epoch 35/60 | train_loss 0.7801 | union_precision 0.9375 | weighted_recall 0.3338 | union_precision 0.9375 | threshold 0.525 | val_model raw | lr 0.001000
Epoch 36/60 | train_loss 0.7691 | union_precision 0.9375 | weighted_recall 0.3338 | union_precision 0.9375 | threshold 0.525 | val_model raw | lr 0.001000
Epoch 37/60 | train_loss 0.7628 | union_precision 0.9375 | weighted_recall 0.3338 | union_precision 0.9375 | threshold 0.525 | val_model raw | lr 0.001000
Epoch 38/60 | train_loss 0.7479 | union_precision 0.9375 | weighted_recall 0.3338 | union_precision 0.9375 | threshold 0.550 | val_model raw | lr 0.001000
Epoch 39/60 | train_loss 0.7447 | union_precision 0.9375 | weighted_recall 0.3338 | union_precision 0.9375 | threshold 0.550 | val_model raw | lr 0.001000
Epoch 40/60 | train_loss 0.7354 | union_precision 0.9375 | weighted_recall 0.3338 | union_precision 0.9375 | threshold 0.550 | val_model raw | lr 0.001000
Early stopping at epoch 40
Held-out M67-2 | union_precision=0.9375 | weighted_recall=0.3449 | consensus_recall=0.0000
Epoch 1/60 | train_loss 1.5229 | union_precision 1.0000 | weighted_recall 0.0595 | union_precision 1.0000 | threshold 0.575 | val_model raw | lr 0.001000
Epoch 2/60 | train_loss 1.4013 | union_precision 1.0000 | weighted_recall 0.0595 | union_precision 1.0000 | threshold 0.575 | val_model raw | lr 0.001000
Epoch 3/60 | train_loss 1.3210 | union_precision 0.9231 | weighted_recall 0.6786 | union_precision 0.9231 | threshold 0.550 | val_model raw | lr 0.001000
Epoch 4/60 | train_loss 1.2721 | union_precision 0.9231 | weighted_recall 0.6786 | union_precision 0.9231 | threshold 0.575 | val_model raw | lr 0.001000
Epoch 5/60 | train_loss 1.2435 | union_precision 0.9000 | weighted_recall 0.5003 | union_precision 0.9000 | threshold 0.600 | val_model raw | lr 0.001000
Epoch 6/60 | train_loss 1.2029 | union_precision 0.8889 | weighted_recall 0.4408 | union_precision 0.8889 | threshold 0.625 | val_model raw | lr 0.001000
Epoch 7/60 | train_loss 1.1663 | union_precision 0.8750 | weighted_recall 0.4372 | union_precision 0.8750 | threshold 0.650 | val_model raw | lr 0.001000
Epoch 8/60 | train_loss 1.1532 | union_precision 0.8889 | weighted_recall 0.4408 | union_precision 0.8889 | threshold 0.650 | val_model raw | lr 0.001000
Epoch 9/60 | train_loss 1.1299 | union_precision 0.8750 | weighted_recall 0.4372 | union_precision 0.8750 | threshold 0.675 | val_model raw | lr 0.001000
Epoch 10/60 | train_loss 1.1023 | union_precision 0.8750 | weighted_recall 0.4372 | union_precision 0.8750 | threshold 0.675 | val_model raw | lr 0.001000
Epoch 11/60 | train_loss 1.0777 | union_precision 0.8750 | weighted_recall 0.4372 | union_precision 0.8750 | threshold 0.700 | val_model raw | lr 0.001000
Epoch 12/60 | train_loss 1.0584 | union_precision 0.8750 | weighted_recall 0.4372 | union_precision 0.8750 | threshold 0.700 | val_model raw | lr 0.001000
Epoch 13/60 | train_loss 1.0464 | union_precision 0.8750 | weighted_recall 0.4372 | union_precision 0.8750 | threshold 0.700 | val_model raw | lr 0.001000
Early stopping at epoch 13
Held-out M67-3 | union_precision=0.9231 | weighted_recall=0.6786 | consensus_recall=0.0000
Epoch 1/60 | train_loss 1.5214 | union_precision 0.5455 | weighted_recall 0.0796 | union_precision 0.5455 | threshold 0.550 | val_model raw | lr 0.001000
Epoch 2/60 | train_loss 1.4004 | union_precision 0.6000 | weighted_recall 0.0872 | union_precision 0.6000 | threshold 0.575 | val_model raw | lr 0.001000
Epoch 3/60 | train_loss 1.3219 | union_precision 0.7500 | weighted_recall 0.0766 | union_precision 0.7500 | threshold 0.600 | val_model raw | lr 0.001000
Epoch 4/60 | train_loss 1.2699 | union_precision 0.7143 | weighted_recall 0.0656 | union_precision 0.7143 | threshold 0.625 | val_model raw | lr 0.001000
Epoch 5/60 | train_loss 1.2422 | union_precision 0.8462 | weighted_recall 0.2012 | union_precision 0.8462 | threshold 0.625 | val_model raw | lr 0.001000
Epoch 6/60 | train_loss 1.2006 | union_precision 0.9231 | weighted_recall 0.2492 | union_precision 0.9231 | threshold 0.625 | val_model raw | lr 0.001000
Epoch 7/60 | train_loss 1.1645 | union_precision 1.0000 | weighted_recall 0.2900 | union_precision 1.0000 | threshold 0.625 | val_model raw | lr 0.001000
Epoch 8/60 | train_loss 1.1543 | union_precision 1.0000 | weighted_recall 0.2900 | union_precision 1.0000 | threshold 0.625 | val_model raw | lr 0.001000
Epoch 9/60 | train_loss 1.1273 | union_precision 0.9412 | weighted_recall 0.3765 | union_precision 0.9412 | threshold 0.625 | val_model raw | lr 0.001000
Epoch 10/60 | train_loss 1.1002 | union_precision 0.9524 | weighted_recall 0.4909 | union_precision 0.9524 | threshold 0.625 | val_model raw | lr 0.001000
Epoch 11/60 | train_loss 1.0757 | union_precision 0.9545 | weighted_recall 0.5216 | union_precision 0.9545 | threshold 0.625 | val_model raw | lr 0.001000
Epoch 12/60 | train_loss 1.0562 | union_precision 0.8800 | weighted_recall 0.5743 | union_precision 0.8800 | threshold 0.625 | val_model raw | lr 0.001000
Epoch 13/60 | train_loss 1.0437 | union_precision 0.8800 | weighted_recall 0.5743 | union_precision 0.8800 | threshold 0.625 | val_model raw | lr 0.001000
Epoch 14/60 | train_loss 1.0198 | union_precision 0.8696 | weighted_recall 0.4909 | union_precision 0.8696 | threshold 0.650 | val_model raw | lr 0.001000
Epoch 15/60 | train_loss 1.0067 | union_precision 0.8696 | weighted_recall 0.4909 | union_precision 0.8696 | threshold 0.650 | val_model raw | lr 0.001000
Epoch 16/60 | train_loss 0.9863 | union_precision 0.8696 | weighted_recall 0.4909 | union_precision 0.8696 | threshold 0.650 | val_model raw | lr 0.001000
Epoch 17/60 | train_loss 0.9745 | union_precision 0.8800 | weighted_recall 0.5650 | union_precision 0.8800 | threshold 0.650 | val_model raw | lr 0.001000
Epoch 18/60 | train_loss 0.9549 | union_precision 0.9048 | weighted_recall 0.4711 | union_precision 0.9048 | threshold 0.700 | val_model raw | lr 0.001000
Epoch 19/60 | train_loss 0.9457 | union_precision 0.8800 | weighted_recall 0.5650 | union_precision 0.8800 | threshold 0.675 | val_model raw | lr 0.001000
Epoch 20/60 | train_loss 0.9359 | union_precision 0.8800 | weighted_recall 0.5650 | union_precision 0.8800 | threshold 0.675 | val_model raw | lr 0.001000
Epoch 21/60 | train_loss 0.9160 | union_precision 0.9130 | weighted_recall 0.5453 | union_precision 0.9130 | threshold 0.700 | val_model raw | lr 0.001000
Epoch 22/60 | train_loss 0.9044 | union_precision 0.9130 | weighted_recall 0.5453 | union_precision 0.9130 | threshold 0.700 | val_model raw | lr 0.001000
Early stopping at epoch 22
Held-out M67-4 | union_precision=0.8800 | weighted_recall=0.5743 | consensus_recall=0.0000
Epoch 1/60 | train_loss 1.5202 | union_precision 0.9286 | weighted_recall 0.1089 | union_precision 0.9286 | threshold 0.525 | val_model raw | lr 0.001000
Epoch 2/60 | train_loss 1.4016 | union_precision 0.8889 | weighted_recall 0.2062 | union_precision 0.8889 | threshold 0.500 | val_model raw | lr 0.001000
Epoch 3/60 | train_loss 1.3187 | union_precision 1.0000 | weighted_recall 0.0205 | union_precision 1.0000 | threshold 0.600 | val_model raw | lr 0.001000
Epoch 4/60 | train_loss 1.2707 | union_precision 1.0000 | weighted_recall 0.0205 | union_precision 1.0000 | threshold 0.625 | val_model raw | lr 0.001000
Epoch 5/60 | train_loss 1.2398 | union_precision 1.0000 | weighted_recall 0.0205 | union_precision 1.0000 | threshold 0.625 | val_model raw | lr 0.001000
Epoch 6/60 | train_loss 1.1982 | union_precision 1.0000 | weighted_recall 0.0205 | union_precision 1.0000 | threshold 0.625 | val_model raw | lr 0.001000
Epoch 7/60 | train_loss 1.1616 | union_precision 1.0000 | weighted_recall 0.0205 | union_precision 1.0000 | threshold 0.625 | val_model raw | lr 0.001000
Epoch 8/60 | train_loss 1.1502 | union_precision 1.0000 | weighted_recall 0.0205 | union_precision 1.0000 | threshold 0.625 | val_model raw | lr 0.001000
Epoch 9/60 | train_loss 1.1243 | union_precision 1.0000 | weighted_recall 0.0205 | union_precision 1.0000 | threshold 0.625 | val_model raw | lr 0.001000
Epoch 10/60 | train_loss 1.0998 | union_precision 1.0000 | weighted_recall 0.0512 | union_precision 1.0000 | threshold 0.625 | val_model raw | lr 0.001000
Epoch 11/60 | train_loss 1.0756 | union_precision 1.0000 | weighted_recall 0.0512 | union_precision 1.0000 | threshold 0.650 | val_model raw | lr 0.001000
Epoch 12/60 | train_loss 1.0574 | union_precision 1.0000 | weighted_recall 0.0845 | union_precision 1.0000 | threshold 0.650 | val_model raw | lr 0.001000
Early stopping at epoch 12
Held-out M68-1 | union_precision=0.8889 | weighted_recall=0.2062 | consensus_recall=0.0000
Epoch 1/60 | train_loss 1.5221 | union_precision 1.0000 | weighted_recall 0.2148 | union_precision 1.0000 | threshold 0.575 | val_model raw | lr 0.001000
Epoch 2/60 | train_loss 1.4028 | union_precision 1.0000 | weighted_recall 0.1212 | union_precision 1.0000 | threshold 0.600 | val_model raw | lr 0.001000
Epoch 3/60 | train_loss 1.3219 | union_precision 1.0000 | weighted_recall 0.0929 | union_precision 1.0000 | threshold 0.625 | val_model raw | lr 0.001000
Epoch 4/60 | train_loss 1.2709 | union_precision 0.6875 | weighted_recall 0.4898 | union_precision 0.6875 | threshold 0.575 | val_model raw | lr 0.001000
Epoch 5/60 | train_loss 1.2417 | union_precision 0.7059 | weighted_recall 0.4958 | union_precision 0.7059 | threshold 0.575 | val_model raw | lr 0.001000
Epoch 6/60 | train_loss 1.1999 | union_precision 0.6471 | weighted_recall 0.4473 | union_precision 0.6471 | threshold 0.600 | val_model raw | lr 0.001000
Epoch 7/60 | train_loss 1.1634 | union_precision 0.6471 | weighted_recall 0.4473 | union_precision 0.6471 | threshold 0.600 | val_model raw | lr 0.001000
Epoch 8/60 | train_loss 1.1505 | union_precision 0.6667 | weighted_recall 0.2242 | union_precision 0.6667 | threshold 0.650 | val_model raw | lr 0.001000
Epoch 9/60 | train_loss 1.1269 | union_precision 0.6667 | weighted_recall 0.3292 | union_precision 0.6667 | threshold 0.650 | val_model raw | lr 0.001000
Epoch 10/60 | train_loss 1.1007 | union_precision 0.7143 | weighted_recall 0.2949 | union_precision 0.7143 | threshold 0.675 | val_model raw | lr 0.001000
Epoch 11/60 | train_loss 1.0757 | union_precision 0.7778 | weighted_recall 0.4022 | union_precision 0.7778 | threshold 0.675 | val_model raw | lr 0.001000
Early stopping at epoch 11
Held-out M68-2 | union_precision=1.0000 | weighted_recall=0.2148 | consensus_recall=0.0000
Epoch 1/60 | train_loss 1.5193 | union_precision 0.7222 | weighted_recall 0.2486 | union_precision 0.7222 | threshold 0.500 | val_model raw | lr 0.001000
Epoch 2/60 | train_loss 1.4000 | union_precision 0.7059 | weighted_recall 0.2418 | union_precision 0.7059 | threshold 0.500 | val_model raw | lr 0.001000
Epoch 3/60 | train_loss 1.3228 | union_precision 0.7059 | weighted_recall 0.3661 | union_precision 0.7059 | threshold 0.475 | val_model raw | lr 0.001000
Epoch 4/60 | train_loss 1.2717 | union_precision 0.7143 | weighted_recall 0.4505 | union_precision 0.7143 | threshold 0.500 | val_model raw | lr 0.001000
Epoch 5/60 | train_loss 1.2420 | union_precision 0.6923 | weighted_recall 0.4977 | union_precision 0.6923 | threshold 0.500 | val_model raw | lr 0.001000
Epoch 6/60 | train_loss 1.1986 | union_precision 0.7857 | weighted_recall 0.5956 | union_precision 0.7857 | threshold 0.500 | val_model raw | lr 0.001000
Epoch 7/60 | train_loss 1.1641 | union_precision 0.8333 | weighted_recall 0.6428 | union_precision 0.8333 | threshold 0.500 | val_model raw | lr 0.001000
Epoch 8/60 | train_loss 1.1489 | union_precision 0.8667 | weighted_recall 0.5001 | union_precision 0.8667 | threshold 0.650 | val_model raw | lr 0.001000
Epoch 9/60 | train_loss 1.1267 | union_precision 0.8750 | weighted_recall 0.6395 | union_precision 0.8750 | threshold 0.650 | val_model raw | lr 0.001000
Epoch 10/60 | train_loss 1.1016 | union_precision 0.8750 | weighted_recall 0.6395 | union_precision 0.8750 | threshold 0.650 | val_model raw | lr 0.001000
Epoch 11/60 | train_loss 1.0773 | union_precision 0.8750 | weighted_recall 0.6395 | union_precision 0.8750 | threshold 0.625 | val_model raw | lr 0.001000
Epoch 12/60 | train_loss 1.0568 | union_precision 0.8750 | weighted_recall 0.6395 | union_precision 0.8750 | threshold 0.625 | val_model raw | lr 0.001000
Epoch 13/60 | train_loss 1.0468 | union_precision 0.8750 | weighted_recall 0.6395 | union_precision 0.8750 | threshold 0.600 | val_model raw | lr 0.001000
Epoch 14/60 | train_loss 1.0197 | union_precision 0.8824 | weighted_recall 0.6428 | union_precision 0.8824 | threshold 0.575 | val_model raw | lr 0.001000
Epoch 15/60 | train_loss 1.0120 | union_precision 0.8824 | weighted_recall 0.6428 | union_precision 0.8824 | threshold 0.550 | val_model raw | lr 0.001000
Epoch 16/60 | train_loss 0.9870 | union_precision 0.8889 | weighted_recall 0.6732 | union_precision 0.8889 | threshold 0.525 | val_model raw | lr 0.001000
Epoch 17/60 | train_loss 0.9732 | union_precision 0.8889 | weighted_recall 0.6732 | union_precision 0.8889 | threshold 0.475 | val_model raw | lr 0.001000
Epoch 18/60 | train_loss 0.9554 | union_precision 0.8889 | weighted_recall 0.6732 | union_precision 0.8889 | threshold 0.475 | val_model raw | lr 0.001000
Epoch 19/60 | train_loss 0.9479 | union_precision 0.8889 | weighted_recall 0.6732 | union_precision 0.8889 | threshold 0.450 | val_model raw | lr 0.001000
Epoch 20/60 | train_loss 0.9358 | union_precision 0.8889 | weighted_recall 0.6732 | union_precision 0.8889 | threshold 0.450 | val_model raw | lr 0.001000
Epoch 21/60 | train_loss 0.9182 | union_precision 0.8824 | weighted_recall 0.6698 | union_precision 0.8824 | threshold 0.450 | val_model raw | lr 0.001000
Epoch 22/60 | train_loss 0.9040 | union_precision 0.8824 | weighted_recall 0.6698 | union_precision 0.8824 | threshold 0.425 | val_model raw | lr 0.001000
Epoch 23/60 | train_loss 0.8891 | union_precision 0.8750 | weighted_recall 0.6652 | union_precision 0.8750 | threshold 0.400 | val_model raw | lr 0.001000
Epoch 24/60 | train_loss 0.8823 | union_precision 0.8824 | weighted_recall 0.6719 | union_precision 0.8824 | threshold 0.275 | val_model raw | lr 0.001000
Epoch 25/60 | train_loss 0.8670 | union_precision 0.9375 | weighted_recall 0.6820 | union_precision 0.9375 | threshold 0.275 | val_model raw | lr 0.001000
Epoch 26/60 | train_loss 0.8656 | union_precision 0.8667 | weighted_recall 0.6558 | union_precision 0.8667 | threshold 0.250 | val_model raw | lr 0.001000
Epoch 27/60 | train_loss 0.8504 | union_precision 0.8667 | weighted_recall 0.6558 | union_precision 0.8667 | threshold 0.225 | val_model raw | lr 0.001000
Epoch 28/60 | train_loss 0.8408 | union_precision 0.8667 | weighted_recall 0.6558 | union_precision 0.8667 | threshold 0.225 | val_model raw | lr 0.001000
Epoch 29/60 | train_loss 0.8226 | union_precision 0.8667 | weighted_recall 0.6625 | union_precision 0.8667 | threshold 0.200 | val_model raw | lr 0.001000
Epoch 30/60 | train_loss 0.8303 | union_precision 0.8750 | weighted_recall 0.6685 | union_precision 0.8750 | threshold 0.175 | val_model raw | lr 0.001000
Epoch 31/60 | train_loss 0.8104 | union_precision 0.8750 | weighted_recall 0.6685 | union_precision 0.8750 | threshold 0.175 | val_model raw | lr 0.001000
Epoch 32/60 | train_loss 0.7985 | union_precision 0.8750 | weighted_recall 0.6685 | union_precision 0.8750 | threshold 0.150 | val_model raw | lr 0.001000
Epoch 33/60 | train_loss 0.7906 | union_precision 0.8750 | weighted_recall 0.6685 | union_precision 0.8750 | threshold 0.150 | val_model raw | lr 0.001000
Epoch 34/60 | train_loss 0.7925 | union_precision 0.8667 | weighted_recall 0.6625 | union_precision 0.8667 | threshold 0.125 | val_model raw | lr 0.001000
Epoch 35/60 | train_loss 0.7812 | union_precision 0.8667 | weighted_recall 0.6625 | union_precision 0.8667 | threshold 0.125 | val_model raw | lr 0.001000
Early stopping at epoch 35
Held-out M68-3 | union_precision=0.9375 | weighted_recall=0.6820 | consensus_recall=0.0000
Epoch 1/60 | train_loss 1.5364 | union_precision 0.4444 | weighted_recall 0.0199 | union_precision 0.4444 | threshold 0.575 | val_model raw | lr 0.001000
Epoch 2/60 | train_loss 1.4020 | union_precision 0.5000 | weighted_recall 0.0216 | union_precision 0.5000 | threshold 0.575 | val_model raw | lr 0.001000
Epoch 3/60 | train_loss 1.3321 | union_precision 0.5882 | weighted_recall 0.0959 | union_precision 0.5882 | threshold 0.575 | val_model raw | lr 0.001000
Epoch 4/60 | train_loss 1.2630 | union_precision 0.6667 | weighted_recall 0.2507 | union_precision 0.6667 | threshold 0.550 | val_model raw | lr 0.001000
Epoch 5/60 | train_loss 1.2253 | union_precision 0.6842 | weighted_recall 0.3395 | union_precision 0.6842 | threshold 0.550 | val_model raw | lr 0.001000
Epoch 6/60 | train_loss 1.2047 | union_precision 0.7179 | weighted_recall 0.3175 | union_precision 0.7179 | threshold 0.575 | val_model raw | lr 0.001000
Epoch 7/60 | train_loss 1.1670 | union_precision 0.7500 | weighted_recall 0.3225 | union_precision 0.7500 | threshold 0.575 | val_model raw | lr 0.001000
Epoch 8/60 | train_loss 1.1504 | union_precision 0.7736 | weighted_recall 0.3444 | union_precision 0.7736 | threshold 0.575 | val_model raw | lr 0.001000
Epoch 9/60 | train_loss 1.1249 | union_precision 0.7746 | weighted_recall 0.3942 | union_precision 0.7746 | threshold 0.575 | val_model raw | lr 0.001000
Epoch 10/60 | train_loss 1.1075 | union_precision 0.7636 | weighted_recall 0.3707 | union_precision 0.7636 | threshold 0.600 | val_model raw | lr 0.001000
Epoch 11/60 | train_loss 1.0896 | union_precision 1.0000 | weighted_recall 0.0243 | union_precision 1.0000 | threshold 0.750 | val_model raw | lr 0.001000
Epoch 12/60 | train_loss 1.0528 | union_precision 1.0000 | weighted_recall 0.0243 | union_precision 1.0000 | threshold 0.775 | val_model raw | lr 0.001000
Epoch 13/60 | train_loss 1.0476 | union_precision 1.0000 | weighted_recall 0.0633 | union_precision 1.0000 | threshold 0.775 | val_model raw | lr 0.001000
Epoch 14/60 | train_loss 1.0191 | union_precision 1.0000 | weighted_recall 0.1043 | union_precision 1.0000 | threshold 0.775 | val_model raw | lr 0.001000
Epoch 15/60 | train_loss 1.0100 | union_precision 1.0000 | weighted_recall 0.0864 | union_precision 1.0000 | threshold 0.800 | val_model raw | lr 0.001000
Epoch 16/60 | train_loss 0.9940 | union_precision 0.9167 | weighted_recall 0.1407 | union_precision 0.9167 | threshold 0.800 | val_model raw | lr 0.001000
Epoch 17/60 | train_loss 0.9812 | union_precision 0.8571 | weighted_recall 0.2632 | union_precision 0.8571 | threshold 0.775 | val_model raw | lr 0.001000
Epoch 18/60 | train_loss 0.9570 | union_precision 0.8571 | weighted_recall 0.2632 | union_precision 0.8571 | threshold 0.775 | val_model raw | lr 0.001000
Epoch 19/60 | train_loss 0.9499 | union_precision 0.8511 | weighted_recall 0.3622 | union_precision 0.8511 | threshold 0.700 | val_model raw | lr 0.001000
Epoch 20/60 | train_loss 0.9299 | union_precision 0.8571 | weighted_recall 0.3654 | union_precision 0.8571 | threshold 0.700 | val_model raw | lr 0.001000
Epoch 21/60 | train_loss 0.9103 | union_precision 0.8571 | weighted_recall 0.3654 | union_precision 0.8571 | threshold 0.700 | val_model raw | lr 0.001000
Epoch 22/60 | train_loss 0.9048 | union_precision 0.9000 | weighted_recall 0.3718 | union_precision 0.9000 | threshold 0.700 | val_model raw | lr 0.001000
Epoch 23/60 | train_loss 0.8880 | union_precision 0.8846 | weighted_recall 0.3754 | union_precision 0.8846 | threshold 0.700 | val_model raw | lr 0.001000
Epoch 24/60 | train_loss 0.8933 | union_precision 0.8846 | weighted_recall 0.3754 | union_precision 0.8846 | threshold 0.700 | val_model raw | lr 0.001000
Epoch 25/60 | train_loss 0.8647 | union_precision 0.8654 | weighted_recall 0.3684 | union_precision 0.8654 | threshold 0.700 | val_model raw | lr 0.001000
Epoch 26/60 | train_loss 0.8571 | union_precision 0.8679 | weighted_recall 0.3841 | union_precision 0.8679 | threshold 0.700 | val_model raw | lr 0.001000
Epoch 27/60 | train_loss 0.8554 | union_precision 0.8519 | weighted_recall 0.3841 | union_precision 0.8519 | threshold 0.700 | val_model raw | lr 0.001000
Epoch 28/60 | train_loss 0.8367 | union_precision 0.8824 | weighted_recall 0.3835 | union_precision 0.8824 | threshold 0.725 | val_model raw | lr 0.001000
Epoch 29/60 | train_loss 0.8279 | union_precision 0.8654 | weighted_recall 0.3835 | union_precision 0.8654 | threshold 0.700 | val_model raw | lr 0.001000
Epoch 30/60 | train_loss 0.8224 | union_precision 0.8846 | weighted_recall 0.3896 | union_precision 0.8846 | threshold 0.700 | val_model raw | lr 0.001000
Epoch 31/60 | train_loss 0.8073 | union_precision 0.8846 | weighted_recall 0.3896 | union_precision 0.8846 | threshold 0.700 | val_model raw | lr 0.001000
Epoch 32/60 | train_loss 0.8030 | union_precision 0.8679 | weighted_recall 0.3763 | union_precision 0.8679 | threshold 0.700 | val_model raw | lr 0.001000
Epoch 33/60 | train_loss 0.7952 | union_precision 0.8727 | weighted_recall 0.3783 | union_precision 0.8727 | threshold 0.700 | val_model raw | lr 0.001000
Epoch 34/60 | train_loss 0.7760 | union_precision 0.8621 | weighted_recall 0.3948 | union_precision 0.8621 | threshold 0.700 | val_model raw | lr 0.001000
Epoch 35/60 | train_loss 0.7826 | union_precision 0.8750 | weighted_recall 0.3791 | union_precision 0.8750 | threshold 0.700 | val_model raw | lr 0.001000
Epoch 36/60 | train_loss 0.7752 | union_precision 0.8889 | weighted_recall 0.3784 | union_precision 0.8889 | threshold 0.700 | val_model raw | lr 0.001000
Epoch 37/60 | train_loss 0.7695 | union_precision 0.8704 | weighted_recall 0.3770 | union_precision 0.8704 | threshold 0.700 | val_model raw | lr 0.001000
Epoch 38/60 | train_loss 0.7596 | union_precision 0.9184 | weighted_recall 0.3725 | union_precision 0.9184 | threshold 0.725 | val_model raw | lr 0.001000
Epoch 39/60 | train_loss 0.7496 | union_precision 0.8980 | weighted_recall 0.3762 | union_precision 0.8980 | threshold 0.725 | val_model raw | lr 0.001000
Epoch 40/60 | train_loss 0.7435 | union_precision 0.8980 | weighted_recall 0.3762 | union_precision 0.8980 | threshold 0.725 | val_model raw | lr 0.001000
Epoch 41/60 | train_loss 0.7223 | union_precision 0.9149 | weighted_recall 0.3838 | union_precision 0.9149 | threshold 0.725 | val_model raw | lr 0.001000
Epoch 42/60 | train_loss 0.7192 | union_precision 0.8519 | weighted_recall 0.3891 | union_precision 0.8519 | threshold 0.700 | val_model raw | lr 0.001000
Epoch 43/60 | train_loss 0.7177 | union_precision 0.8571 | weighted_recall 0.3756 | union_precision 0.8571 | threshold 0.675 | val_model raw | lr 0.001000
Epoch 44/60 | train_loss 0.7096 | union_precision 0.8596 | weighted_recall 0.3707 | union_precision 0.8596 | threshold 0.650 | val_model raw | lr 0.001000
Early stopping at epoch 44
Held-out M06-1__M06-2__M06-3 | union_precision=0.8621 | weighted_recall=0.3948 | consensus_recall=0.5000
Wrote nested CV results to /gpfs/work/int/yuxuanliu2204/Changheng/xmltoexp/MERIX SUBMISSION/Boundary_Restart/reports/nested_piece_cv/weighted_topdown_level3plus_split56_boundary_seed42
Best candidate: model-tcn__detector_target-level3plus_split56_boundary__selection_metric-weighted_recall__min_precision-0p85__loss_type-bce__rest_span_label_mode-none__rest_span_tolerance_negative_weight-1p0 | mean_primary_metric=0.3196 | mean_union_precision=0.9172
Running weighted-topdown nested direct seed=42 target=level4plus_split56_boundary min_precision=0.85
Command: python3 Command: run_nested_piece_cv.py Command: --config Command: configs/salience_grouped3_hi8_score_only_xml_curated.yaml Command: --outer_heldout_piece Command: M06-1 Command: M06-2 Command: M06-3 Command: --inner_mode Command: leave_one Command: --model Command: tcn Command: --detector_target Command: level4plus_split56_boundary Command: --selection_metric Command: weighted_recall Command: --precision_metric Command: union_precision Command: --min_precision Command: 0.85 Command: --loss_type Command: bce Command: --min_train_frequency_target Command: 0.05 Command: --cumulative_merge_tolerance Command: 2 Command: --cumulative_component_weights_json Command: \{\"level6\":1.0\,\"level5\":0.82\,\"level4\":0.64\,\"level3\":0.46\,\"level2\":0.28\,\"level1\":0.16\} Command: --device Command: cuda Command: --epochs Command: 60 Command: --early_stop_patience Command: 10 Command: --seed Command: 42 Command: --skip_stage_grading Command: --output_dir Command: reports/nested_piece_cv/weighted_topdown_level4plus_split56_boundary_seed42 Command: --run_outer_fit Command: --reuse_existing 
Epoch 1/60 | train_loss 1.5332 | union_precision 0.2826 | weighted_recall 0.1829 | union_precision 0.2826 | threshold 0.050 | val_model raw | lr 0.001000
Epoch 2/60 | train_loss 1.4163 | union_precision 0.5000 | weighted_recall 0.0337 | union_precision 0.5000 | threshold 0.525 | val_model raw | lr 0.001000
Epoch 3/60 | train_loss 1.3082 | union_precision 0.6667 | weighted_recall 0.0875 | union_precision 0.6667 | threshold 0.525 | val_model raw | lr 0.001000
Epoch 4/60 | train_loss 1.2477 | union_precision 0.6667 | weighted_recall 0.0875 | union_precision 0.6667 | threshold 0.525 | val_model raw | lr 0.001000
Epoch 5/60 | train_loss 1.2170 | union_precision 0.6667 | weighted_recall 0.0875 | union_precision 0.6667 | threshold 0.525 | val_model raw | lr 0.001000
Epoch 6/60 | train_loss 1.1718 | union_precision 0.7273 | weighted_recall 0.1791 | union_precision 0.7273 | threshold 0.525 | val_model raw | lr 0.001000
Epoch 7/60 | train_loss 1.1573 | union_precision 0.8000 | weighted_recall 0.3364 | union_precision 0.8000 | threshold 0.525 | val_model raw | lr 0.001000
Epoch 8/60 | train_loss 1.1099 | union_precision 0.8000 | weighted_recall 0.1453 | union_precision 0.8000 | threshold 0.550 | val_model raw | lr 0.001000
Epoch 9/60 | train_loss 1.1062 | union_precision 0.8000 | weighted_recall 0.1453 | union_precision 0.8000 | threshold 0.575 | val_model raw | lr 0.001000
Epoch 10/60 | train_loss 1.0721 | union_precision 0.8000 | weighted_recall 0.1453 | union_precision 0.8000 | threshold 0.600 | val_model raw | lr 0.001000
Epoch 11/60 | train_loss 1.0517 | union_precision 0.8000 | weighted_recall 0.1453 | union_precision 0.8000 | threshold 0.625 | val_model raw | lr 0.001000
Epoch 12/60 | train_loss 1.0312 | union_precision 0.8000 | weighted_recall 0.1453 | union_precision 0.8000 | threshold 0.625 | val_model raw | lr 0.001000
Epoch 13/60 | train_loss 1.0059 | union_precision 0.8000 | weighted_recall 0.1453 | union_precision 0.8000 | threshold 0.650 | val_model raw | lr 0.001000
Epoch 14/60 | train_loss 0.9778 | union_precision 0.8000 | weighted_recall 0.1453 | union_precision 0.8000 | threshold 0.650 | val_model raw | lr 0.001000
Epoch 15/60 | train_loss 0.9610 | union_precision 0.8000 | weighted_recall 0.1034 | union_precision 0.8000 | threshold 0.675 | val_model raw | lr 0.001000
Epoch 16/60 | train_loss 0.9423 | union_precision 0.8125 | weighted_recall 0.2105 | union_precision 0.8125 | threshold 0.625 | val_model raw | lr 0.001000
Epoch 17/60 | train_loss 0.9117 | union_precision 0.8000 | weighted_recall 0.1034 | union_precision 0.8000 | threshold 0.700 | val_model raw | lr 0.001000
Epoch 18/60 | train_loss 0.8973 | union_precision 0.8000 | weighted_recall 0.1953 | union_precision 0.8000 | threshold 0.650 | val_model raw | lr 0.001000
Epoch 19/60 | train_loss 0.8895 | union_precision 0.8000 | weighted_recall 0.1034 | union_precision 0.8000 | threshold 0.750 | val_model raw | lr 0.001000
Epoch 20/60 | train_loss 0.8627 | union_precision 0.7619 | weighted_recall 0.2945 | union_precision 0.7619 | threshold 0.650 | val_model raw | lr 0.001000
Epoch 21/60 | train_loss 0.8624 | union_precision 0.7826 | weighted_recall 0.3708 | union_precision 0.7826 | threshold 0.650 | val_model raw | lr 0.001000
Epoch 22/60 | train_loss 0.8544 | union_precision 0.7826 | weighted_recall 0.3708 | union_precision 0.7826 | threshold 0.650 | val_model raw | lr 0.001000
Epoch 23/60 | train_loss 0.8203 | union_precision 1.0000 | weighted_recall 0.0538 | union_precision 1.0000 | threshold 0.875 | val_model raw | lr 0.001000
Epoch 24/60 | train_loss 0.8186 | union_precision 1.0000 | weighted_recall 0.0538 | union_precision 1.0000 | threshold 0.850 | val_model raw | lr 0.001000
Epoch 25/60 | train_loss 0.7911 | union_precision 1.0000 | weighted_recall 0.0538 | union_precision 1.0000 | threshold 0.825 | val_model raw | lr 0.001000
Epoch 26/60 | train_loss 0.7936 | union_precision 0.8571 | weighted_recall 0.1348 | union_precision 0.8571 | threshold 0.775 | val_model raw | lr 0.001000
Epoch 27/60 | train_loss 0.7707 | union_precision 1.0000 | weighted_recall 0.1348 | union_precision 1.0000 | threshold 0.775 | val_model raw | lr 0.001000
Epoch 28/60 | train_loss 0.7523 | union_precision 0.9000 | weighted_recall 0.1654 | union_precision 0.9000 | threshold 0.750 | val_model raw | lr 0.001000
Epoch 29/60 | train_loss 0.7568 | union_precision 0.9167 | weighted_recall 0.1997 | union_precision 0.9167 | threshold 0.750 | val_model raw | lr 0.001000
Epoch 30/60 | train_loss 0.7276 | union_precision 0.9231 | weighted_recall 0.2111 | union_precision 0.9231 | threshold 0.750 | val_model raw | lr 0.001000
Epoch 31/60 | train_loss 0.7131 | union_precision 0.8750 | weighted_recall 0.2493 | union_precision 0.8750 | threshold 0.725 | val_model raw | lr 0.001000
Epoch 32/60 | train_loss 0.7165 | union_precision 0.8750 | weighted_recall 0.2493 | union_precision 0.8750 | threshold 0.725 | val_model raw | lr 0.001000
Epoch 33/60 | train_loss 0.6908 | union_precision 0.8750 | weighted_recall 0.2493 | union_precision 0.8750 | threshold 0.725 | val_model raw | lr 0.001000
Epoch 34/60 | train_loss 0.6927 | union_precision 0.8571 | weighted_recall 0.2111 | union_precision 0.8571 | threshold 0.725 | val_model raw | lr 0.001000
Epoch 35/60 | train_loss 0.6698 | union_precision 0.8571 | weighted_recall 0.2111 | union_precision 0.8571 | threshold 0.725 | val_model raw | lr 0.001000
Epoch 36/60 | train_loss 0.6618 | union_precision 0.8571 | weighted_recall 0.2111 | union_precision 0.8571 | threshold 0.725 | val_model raw | lr 0.001000
Epoch 37/60 | train_loss 0.6516 | union_precision 0.8750 | weighted_recall 0.2487 | union_precision 0.8750 | threshold 0.700 | val_model raw | lr 0.001000
Epoch 38/60 | train_loss 0.6406 | union_precision 0.8750 | weighted_recall 0.2487 | union_precision 0.8750 | threshold 0.700 | val_model raw | lr 0.001000
Epoch 39/60 | train_loss 0.6378 | union_precision 0.9286 | weighted_recall 0.2340 | union_precision 0.9286 | threshold 0.725 | val_model raw | lr 0.001000
Epoch 40/60 | train_loss 0.6238 | union_precision 0.8667 | weighted_recall 0.3293 | union_precision 0.8667 | threshold 0.700 | val_model raw | lr 0.001000
Epoch 41/60 | train_loss 0.6190 | union_precision 0.9286 | weighted_recall 0.3293 | union_precision 0.9286 | threshold 0.700 | val_model raw | lr 0.001000
Epoch 42/60 | train_loss 0.6053 | union_precision 0.8667 | weighted_recall 0.3293 | union_precision 0.8667 | threshold 0.675 | val_model raw | lr 0.001000
Epoch 43/60 | train_loss 0.5954 | union_precision 0.9231 | weighted_recall 0.3064 | union_precision 0.9231 | threshold 0.700 | val_model raw | lr 0.001000
Epoch 44/60 | train_loss 0.5818 | union_precision 0.8571 | weighted_recall 0.3064 | union_precision 0.8571 | threshold 0.700 | val_model raw | lr 0.001000
Epoch 45/60 | train_loss 0.5763 | union_precision 1.0000 | weighted_recall 0.2606 | union_precision 1.0000 | threshold 0.750 | val_model raw | lr 0.001000
Epoch 46/60 | train_loss 0.5767 | union_precision 1.0000 | weighted_recall 0.2606 | union_precision 1.0000 | threshold 0.750 | val_model raw | lr 0.001000
Epoch 47/60 | train_loss 0.5684 | union_precision 1.0000 | weighted_recall 0.2606 | union_precision 1.0000 | threshold 0.750 | val_model raw | lr 0.001000
Epoch 48/60 | train_loss 0.5617 | union_precision 1.0000 | weighted_recall 0.2020 | union_precision 1.0000 | threshold 0.750 | val_model raw | lr 0.001000
Epoch 49/60 | train_loss 0.5514 | union_precision 1.0000 | weighted_recall 0.2020 | union_precision 1.0000 | threshold 0.750 | val_model raw | lr 0.001000
Epoch 50/60 | train_loss 0.5560 | union_precision 0.8667 | weighted_recall 0.2624 | union_precision 0.8667 | threshold 0.650 | val_model raw | lr 0.001000
Epoch 51/60 | train_loss 0.5314 | union_precision 0.8667 | weighted_recall 0.2624 | union_precision 0.8667 | threshold 0.650 | val_model raw | lr 0.001000
Early stopping at epoch 51
Held-out M07-1 | union_precision=0.9286 | weighted_recall=0.3293 | consensus_recall=0.0000
Epoch 1/60 | train_loss 1.5383 | union_precision 0.7500 | weighted_recall 0.1221 | union_precision 0.7500 | threshold 0.575 | val_model raw | lr 0.001000
Epoch 2/60 | train_loss 1.4182 | union_precision 0.7500 | weighted_recall 0.1221 | union_precision 0.7500 | threshold 0.600 | val_model raw | lr 0.001000
Epoch 3/60 | train_loss 1.3107 | union_precision 0.7500 | weighted_recall 0.1221 | union_precision 0.7500 | threshold 0.625 | val_model raw | lr 0.001000
Epoch 4/60 | train_loss 1.2470 | union_precision 0.6667 | weighted_recall 0.1134 | union_precision 0.6667 | threshold 0.675 | val_model raw | lr 0.001000
Epoch 5/60 | train_loss 1.2176 | union_precision 0.6667 | weighted_recall 0.1134 | union_precision 0.6667 | threshold 0.700 | val_model raw | lr 0.001000
Epoch 6/60 | train_loss 1.1730 | union_precision 0.6923 | weighted_recall 0.1921 | union_precision 0.6923 | threshold 0.650 | val_model raw | lr 0.001000
Epoch 7/60 | train_loss 1.1595 | union_precision 1.0000 | weighted_recall 0.0879 | union_precision 1.0000 | threshold 0.750 | val_model raw | lr 0.001000
Epoch 8/60 | train_loss 1.1096 | union_precision 0.8000 | weighted_recall 0.1134 | union_precision 0.8000 | threshold 0.750 | val_model raw | lr 0.001000
Epoch 9/60 | train_loss 1.1024 | union_precision 0.8000 | weighted_recall 0.1134 | union_precision 0.8000 | threshold 0.750 | val_model raw | lr 0.001000
Epoch 10/60 | train_loss 1.0742 | union_precision 0.8571 | weighted_recall 0.1590 | union_precision 0.8571 | threshold 0.750 | val_model raw | lr 0.001000
Epoch 11/60 | train_loss 1.0542 | union_precision 0.8750 | weighted_recall 0.1834 | union_precision 0.8750 | threshold 0.750 | val_model raw | lr 0.001000
Epoch 12/60 | train_loss 1.0321 | union_precision 0.8750 | weighted_recall 0.1834 | union_precision 0.8750 | threshold 0.750 | val_model raw | lr 0.001000
Epoch 13/60 | train_loss 1.0063 | union_precision 0.8750 | weighted_recall 0.1834 | union_precision 0.8750 | threshold 0.750 | val_model raw | lr 0.001000
Epoch 14/60 | train_loss 0.9817 | union_precision 1.0000 | weighted_recall 0.1834 | union_precision 1.0000 | threshold 0.750 | val_model raw | lr 0.001000
Epoch 15/60 | train_loss 0.9638 | union_precision 1.0000 | weighted_recall 0.1579 | union_precision 1.0000 | threshold 0.750 | val_model raw | lr 0.001000
Epoch 16/60 | train_loss 0.9430 | union_precision 1.0000 | weighted_recall 0.0700 | union_precision 1.0000 | threshold 0.750 | val_model raw | lr 0.001000
Epoch 17/60 | train_loss 0.9110 | union_precision 1.0000 | weighted_recall 0.0700 | union_precision 1.0000 | threshold 0.775 | val_model raw | lr 0.001000
Epoch 18/60 | train_loss 0.8976 | union_precision 1.0000 | weighted_recall 0.0700 | union_precision 1.0000 | threshold 0.775 | val_model raw | lr 0.001000
Epoch 19/60 | train_loss 0.8952 | union_precision 1.0000 | weighted_recall 0.1152 | union_precision 1.0000 | threshold 0.775 | val_model raw | lr 0.001000
Epoch 20/60 | train_loss 0.8670 | union_precision 1.0000 | weighted_recall 0.0700 | union_precision 1.0000 | threshold 0.800 | val_model raw | lr 0.001000
Epoch 21/60 | train_loss 0.8626 | union_precision 1.0000 | weighted_recall 0.2266 | union_precision 1.0000 | threshold 0.800 | val_model raw | lr 0.001000
Epoch 22/60 | train_loss 0.8573 | union_precision 1.0000 | weighted_recall 0.3243 | union_precision 1.0000 | threshold 0.800 | val_model raw | lr 0.001000
Epoch 23/60 | train_loss 0.8259 | union_precision 1.0000 | weighted_recall 0.3243 | union_precision 1.0000 | threshold 0.800 | val_model raw | lr 0.001000
Epoch 24/60 | train_loss 0.8201 | union_precision 1.0000 | weighted_recall 0.3243 | union_precision 1.0000 | threshold 0.800 | val_model raw | lr 0.001000
Epoch 25/60 | train_loss 0.7943 | union_precision 1.0000 | weighted_recall 0.3243 | union_precision 1.0000 | threshold 0.800 | val_model raw | lr 0.001000
Epoch 26/60 | train_loss 0.7968 | union_precision 1.0000 | weighted_recall 0.3243 | union_precision 1.0000 | threshold 0.775 | val_model raw | lr 0.001000
Epoch 27/60 | train_loss 0.7784 | union_precision 1.0000 | weighted_recall 0.3243 | union_precision 1.0000 | threshold 0.775 | val_model raw | lr 0.001000
Epoch 28/60 | train_loss 0.7581 | union_precision 1.0000 | weighted_recall 0.3243 | union_precision 1.0000 | threshold 0.775 | val_model raw | lr 0.001000
Epoch 29/60 | train_loss 0.7585 | union_precision 1.0000 | weighted_recall 0.3787 | union_precision 1.0000 | threshold 0.775 | val_model raw | lr 0.001000
Epoch 30/60 | train_loss 0.7324 | union_precision 0.9231 | weighted_recall 0.3787 | union_precision 0.9231 | threshold 0.775 | val_model raw | lr 0.001000
Epoch 31/60 | train_loss 0.7153 | union_precision 0.9231 | weighted_recall 0.3787 | union_precision 0.9231 | threshold 0.775 | val_model raw | lr 0.001000
Epoch 32/60 | train_loss 0.7186 | union_precision 0.9286 | weighted_recall 0.3885 | union_precision 0.9286 | threshold 0.775 | val_model raw | lr 0.001000
Epoch 33/60 | train_loss 0.6976 | union_precision 0.9231 | weighted_recall 0.3787 | union_precision 0.9231 | threshold 0.775 | val_model raw | lr 0.001000
Epoch 34/60 | train_loss 0.6945 | union_precision 1.0000 | weighted_recall 0.3738 | union_precision 1.0000 | threshold 0.775 | val_model raw | lr 0.001000
Epoch 35/60 | train_loss 0.6769 | union_precision 0.9167 | weighted_recall 0.3738 | union_precision 0.9167 | threshold 0.775 | val_model raw | lr 0.001000
Epoch 36/60 | train_loss 0.6656 | union_precision 0.9167 | weighted_recall 0.3738 | union_precision 0.9167 | threshold 0.775 | val_model raw | lr 0.001000
Epoch 37/60 | train_loss 0.6543 | union_precision 0.9167 | weighted_recall 0.3738 | union_precision 0.9167 | threshold 0.800 | val_model raw | lr 0.001000
Epoch 38/60 | train_loss 0.6448 | union_precision 0.9167 | weighted_recall 0.3738 | union_precision 0.9167 | threshold 0.800 | val_model raw | lr 0.001000
Epoch 39/60 | train_loss 0.6440 | union_precision 0.9167 | weighted_recall 0.3738 | union_precision 0.9167 | threshold 0.825 | val_model raw | lr 0.001000
Epoch 40/60 | train_loss 0.6241 | union_precision 0.9167 | weighted_recall 0.3738 | union_precision 0.9167 | threshold 0.825 | val_model raw | lr 0.001000
Epoch 41/60 | train_loss 0.6227 | union_precision 0.9167 | weighted_recall 0.3738 | union_precision 0.9167 | threshold 0.800 | val_model raw | lr 0.001000
Epoch 42/60 | train_loss 0.6064 | union_precision 0.9167 | weighted_recall 0.3738 | union_precision 0.9167 | threshold 0.800 | val_model raw | lr 0.001000
Early stopping at epoch 42
Held-out M07-2 | union_precision=0.9286 | weighted_recall=0.3885 | consensus_recall=0.0000
Epoch 1/60 | train_loss 1.5364 | union_precision 0.6000 | weighted_recall 0.0702 | union_precision 0.6000 | threshold 0.550 | val_model raw | lr 0.001000
Epoch 2/60 | train_loss 1.4215 | union_precision 0.5833 | weighted_recall 0.0728 | union_precision 0.5833 | threshold 0.550 | val_model raw | lr 0.001000
Epoch 3/60 | train_loss 1.3093 | union_precision 0.5652 | weighted_recall 0.1402 | union_precision 0.5652 | threshold 0.525 | val_model raw | lr 0.001000
Epoch 4/60 | train_loss 1.2422 | union_precision 0.5652 | weighted_recall 0.2179 | union_precision 0.5652 | threshold 0.525 | val_model raw | lr 0.001000
Epoch 5/60 | train_loss 1.2171 | union_precision 0.6000 | weighted_recall 0.1479 | union_precision 0.6000 | threshold 0.600 | val_model raw | lr 0.001000
Epoch 6/60 | train_loss 1.1715 | union_precision 0.5556 | weighted_recall 0.1454 | union_precision 0.5556 | threshold 0.625 | val_model raw | lr 0.001000
Epoch 7/60 | train_loss 1.1553 | union_precision 0.5714 | weighted_recall 0.0514 | union_precision 0.5714 | threshold 0.675 | val_model raw | lr 0.001000
Epoch 8/60 | train_loss 1.1044 | union_precision 0.6250 | weighted_recall 0.1454 | union_precision 0.6250 | threshold 0.675 | val_model raw | lr 0.001000
Epoch 9/60 | train_loss 1.1001 | union_precision 0.6667 | weighted_recall 0.1058 | union_precision 0.6667 | threshold 0.700 | val_model raw | lr 0.001000
Epoch 10/60 | train_loss 1.0674 | union_precision 0.6364 | weighted_recall 0.1834 | union_precision 0.6364 | threshold 0.650 | val_model raw | lr 0.001000
Epoch 11/60 | train_loss 1.0481 | union_precision 0.6667 | weighted_recall 0.1794 | union_precision 0.6667 | threshold 0.700 | val_model raw | lr 0.001000
Epoch 12/60 | train_loss 1.0288 | union_precision 0.7143 | weighted_recall 0.1675 | union_precision 0.7143 | threshold 0.725 | val_model raw | lr 0.001000
Epoch 13/60 | train_loss 0.9985 | union_precision 1.0000 | weighted_recall 0.0939 | union_precision 1.0000 | threshold 0.750 | val_model raw | lr 0.001000
Epoch 14/60 | train_loss 0.9733 | union_precision 1.0000 | weighted_recall 0.0979 | union_precision 1.0000 | threshold 0.725 | val_model raw | lr 0.001000
Epoch 15/60 | train_loss 0.9569 | union_precision 1.0000 | weighted_recall 0.0979 | union_precision 1.0000 | threshold 0.725 | val_model raw | lr 0.001000
Epoch 16/60 | train_loss 0.9365 | union_precision 1.0000 | weighted_recall 0.0979 | union_precision 1.0000 | threshold 0.725 | val_model raw | lr 0.001000
Epoch 17/60 | train_loss 0.9023 | union_precision 1.0000 | weighted_recall 0.0979 | union_precision 1.0000 | threshold 0.725 | val_model raw | lr 0.001000
Epoch 18/60 | train_loss 0.8914 | union_precision 1.0000 | weighted_recall 0.0979 | union_precision 1.0000 | threshold 0.750 | val_model raw | lr 0.001000
Epoch 19/60 | train_loss 0.8819 | union_precision 0.8571 | weighted_recall 0.1425 | union_precision 0.8571 | threshold 0.725 | val_model raw | lr 0.001000
Epoch 20/60 | train_loss 0.8619 | union_precision 0.8571 | weighted_recall 0.1425 | union_precision 0.8571 | threshold 0.725 | val_model raw | lr 0.001000
Epoch 21/60 | train_loss 0.8580 | union_precision 0.8571 | weighted_recall 0.1425 | union_precision 0.8571 | threshold 0.750 | val_model raw | lr 0.001000
Epoch 22/60 | train_loss 0.8536 | union_precision 0.8750 | weighted_recall 0.1857 | union_precision 0.8750 | threshold 0.750 | val_model raw | lr 0.001000
Epoch 23/60 | train_loss 0.8223 | union_precision 0.8571 | weighted_recall 0.1817 | union_precision 0.8571 | threshold 0.775 | val_model raw | lr 0.001000
Epoch 24/60 | train_loss 0.8173 | union_precision 0.8571 | weighted_recall 0.1040 | union_precision 0.8571 | threshold 0.775 | val_model raw | lr 0.001000
Epoch 25/60 | train_loss 0.7852 | union_precision 0.8750 | weighted_recall 0.1080 | union_precision 0.8750 | threshold 0.775 | val_model raw | lr 0.001000
Epoch 26/60 | train_loss 0.7873 | union_precision 0.8750 | weighted_recall 0.1080 | union_precision 0.8750 | threshold 0.775 | val_model raw | lr 0.001000
Epoch 27/60 | train_loss 0.7675 | union_precision 0.8750 | weighted_recall 0.1857 | union_precision 0.8750 | threshold 0.775 | val_model raw | lr 0.001000
Epoch 28/60 | train_loss 0.7518 | union_precision 0.8571 | weighted_recall 0.1817 | union_precision 0.8571 | threshold 0.800 | val_model raw | lr 0.001000
Epoch 29/60 | train_loss 0.7595 | union_precision 0.8571 | weighted_recall 0.1817 | union_precision 0.8571 | threshold 0.800 | val_model raw | lr 0.001000
Epoch 30/60 | train_loss 0.7310 | union_precision 0.8571 | weighted_recall 0.1817 | union_precision 0.8571 | threshold 0.800 | val_model raw | lr 0.001000
Epoch 31/60 | train_loss 0.7128 | union_precision 0.8571 | weighted_recall 0.1817 | union_precision 0.8571 | threshold 0.800 | val_model raw | lr 0.001000
Epoch 32/60 | train_loss 0.7138 | union_precision 0.8571 | weighted_recall 0.1817 | union_precision 0.8571 | threshold 0.800 | val_model raw | lr 0.001000
Early stopping at epoch 32
Held-out M07-3 | union_precision=0.8750 | weighted_recall=0.1857 | consensus_recall=0.0000
Epoch 1/60 | train_loss 1.5336 | union_precision 1.0000 | weighted_recall 0.1008 | union_precision 1.0000 | threshold 0.575 | val_model raw | lr 0.001000
Epoch 2/60 | train_loss 1.4173 | union_precision 1.0000 | weighted_recall 0.1008 | union_precision 1.0000 | threshold 0.575 | val_model raw | lr 0.001000
Epoch 3/60 | train_loss 1.3165 | union_precision 1.0000 | weighted_recall 0.1008 | union_precision 1.0000 | threshold 0.575 | val_model raw | lr 0.001000
Epoch 4/60 | train_loss 1.2443 | union_precision 1.0000 | weighted_recall 0.1008 | union_precision 1.0000 | threshold 0.575 | val_model raw | lr 0.001000
Epoch 5/60 | train_loss 1.2177 | union_precision 1.0000 | weighted_recall 0.1008 | union_precision 1.0000 | threshold 0.600 | val_model raw | lr 0.001000
Epoch 6/60 | train_loss 1.1804 | union_precision 1.0000 | weighted_recall 0.1008 | union_precision 1.0000 | threshold 0.600 | val_model raw | lr 0.001000
Epoch 7/60 | train_loss 1.1569 | union_precision 1.0000 | weighted_recall 0.1492 | union_precision 1.0000 | threshold 0.600 | val_model raw | lr 0.001000
Epoch 8/60 | train_loss 1.1086 | union_precision 1.0000 | weighted_recall 0.1008 | union_precision 1.0000 | threshold 0.625 | val_model raw | lr 0.001000
Epoch 9/60 | train_loss 1.1037 | union_precision 1.0000 | weighted_recall 0.1492 | union_precision 1.0000 | threshold 0.625 | val_model raw | lr 0.001000
Epoch 10/60 | train_loss 1.0711 | union_precision 1.0000 | weighted_recall 0.0484 | union_precision 1.0000 | threshold 0.650 | val_model raw | lr 0.001000
Epoch 11/60 | train_loss 1.0512 | union_precision 0.6667 | weighted_recall 0.5800 | union_precision 0.6667 | threshold 0.575 | val_model raw | lr 0.001000
Epoch 12/60 | train_loss 1.0304 | union_precision 1.0000 | weighted_recall 0.0484 | union_precision 1.0000 | threshold 0.675 | val_model raw | lr 0.001000
Epoch 13/60 | train_loss 1.0039 | union_precision 1.0000 | weighted_recall 0.0484 | union_precision 1.0000 | threshold 0.700 | val_model raw | lr 0.001000
Epoch 14/60 | train_loss 0.9772 | union_precision 1.0000 | weighted_recall 0.1029 | union_precision 1.0000 | threshold 0.700 | val_model raw | lr 0.001000
Epoch 15/60 | train_loss 0.9585 | union_precision 1.0000 | weighted_recall 0.0484 | union_precision 1.0000 | threshold 0.725 | val_model raw | lr 0.001000
Epoch 16/60 | train_loss 0.9397 | union_precision 1.0000 | weighted_recall 0.0484 | union_precision 1.0000 | threshold 0.750 | val_model raw | lr 0.001000
Epoch 17/60 | train_loss 0.9074 | union_precision 1.0000 | weighted_recall 0.0484 | union_precision 1.0000 | threshold 0.750 | val_model raw | lr 0.001000
Early stopping at epoch 17
Held-out M17-1 | union_precision=1.0000 | weighted_recall=0.1492 | consensus_recall=0.0000
Epoch 1/60 | train_loss 1.5333 | union_precision 1.0000 | weighted_recall 0.1449 | union_precision 1.0000 | threshold 0.625 | val_model raw | lr 0.001000
Epoch 2/60 | train_loss 1.4127 | union_precision 1.0000 | weighted_recall 0.1449 | union_precision 1.0000 | threshold 0.625 | val_model raw | lr 0.001000
Epoch 3/60 | train_loss 1.3134 | union_precision 1.0000 | weighted_recall 0.1449 | union_precision 1.0000 | threshold 0.650 | val_model raw | lr 0.001000
Epoch 4/60 | train_loss 1.2415 | union_precision 0.5455 | weighted_recall 0.3764 | union_precision 0.5455 | threshold 0.550 | val_model raw | lr 0.001000
Epoch 5/60 | train_loss 1.2161 | union_precision 1.0000 | weighted_recall 0.1449 | union_precision 1.0000 | threshold 0.675 | val_model raw | lr 0.001000
Epoch 6/60 | train_loss 1.1777 | union_precision 1.0000 | weighted_recall 0.1449 | union_precision 1.0000 | threshold 0.675 | val_model raw | lr 0.001000
Epoch 7/60 | train_loss 1.1561 | union_precision 1.0000 | weighted_recall 0.1449 | union_precision 1.0000 | threshold 0.675 | val_model raw | lr 0.001000
Epoch 8/60 | train_loss 1.1081 | union_precision 0.5714 | weighted_recall 0.2952 | union_precision 0.5714 | threshold 0.625 | val_model raw | lr 0.001000
Epoch 9/60 | train_loss 1.1018 | union_precision 0.5714 | weighted_recall 0.2952 | union_precision 0.5714 | threshold 0.625 | val_model raw | lr 0.001000
Epoch 10/60 | train_loss 1.0690 | union_precision 0.6667 | weighted_recall 0.2952 | union_precision 0.6667 | threshold 0.700 | val_model raw | lr 0.001000
Epoch 11/60 | train_loss 1.0496 | union_precision 0.6000 | weighted_recall 0.1503 | union_precision 0.6000 | threshold 0.725 | val_model raw | lr 0.001000
Early stopping at epoch 11
Held-out M17-2 | union_precision=1.0000 | weighted_recall=0.1449 | consensus_recall=0.0000
Epoch 1/60 | train_loss 1.5370 | union_precision 0.4375 | weighted_recall 0.2591 | union_precision 0.4375 | threshold 0.500 | val_model raw | lr 0.001000
Epoch 2/60 | train_loss 1.4112 | union_precision 0.4400 | weighted_recall 0.2004 | union_precision 0.4400 | threshold 0.525 | val_model raw | lr 0.001000
Epoch 3/60 | train_loss 1.3086 | union_precision 1.0000 | weighted_recall 0.0371 | union_precision 1.0000 | threshold 0.625 | val_model raw | lr 0.001000
Epoch 4/60 | train_loss 1.2380 | union_precision 0.4590 | weighted_recall 0.4560 | union_precision 0.4590 | threshold 0.500 | val_model raw | lr 0.001000
Epoch 5/60 | train_loss 1.2175 | union_precision 1.0000 | weighted_recall 0.0025 | union_precision 1.0000 | threshold 0.650 | val_model raw | lr 0.001000
Epoch 6/60 | train_loss 1.1751 | union_precision 1.0000 | weighted_recall 0.0025 | union_precision 1.0000 | threshold 0.650 | val_model raw | lr 0.001000
Epoch 7/60 | train_loss 1.1569 | union_precision 1.0000 | weighted_recall 0.0025 | union_precision 1.0000 | threshold 0.675 | val_model raw | lr 0.001000
Epoch 8/60 | train_loss 1.1087 | union_precision 0.5000 | weighted_recall 0.0025 | union_precision 0.5000 | threshold 0.675 | val_model raw | lr 0.001000
Epoch 9/60 | train_loss 1.1002 | union_precision 1.0000 | weighted_recall 0.0322 | union_precision 1.0000 | threshold 0.700 | val_model raw | lr 0.001000
Epoch 10/60 | train_loss 1.0672 | union_precision 1.0000 | weighted_recall 0.0297 | union_precision 1.0000 | threshold 0.725 | val_model raw | lr 0.001000
Epoch 11/60 | train_loss 1.0489 | union_precision 1.0000 | weighted_recall 0.0693 | union_precision 1.0000 | threshold 0.725 | val_model raw | lr 0.001000
Epoch 12/60 | train_loss 1.0247 | union_precision 1.0000 | weighted_recall 0.0297 | union_precision 1.0000 | threshold 0.750 | val_model raw | lr 0.001000
Epoch 13/60 | train_loss 1.0015 | union_precision 1.0000 | weighted_recall 0.0668 | union_precision 1.0000 | threshold 0.750 | val_model raw | lr 0.001000
Epoch 14/60 | train_loss 0.9720 | union_precision 1.0000 | weighted_recall 0.0668 | union_precision 1.0000 | threshold 0.750 | val_model raw | lr 0.001000
Epoch 15/60 | train_loss 0.9555 | union_precision 1.0000 | weighted_recall 0.0668 | union_precision 1.0000 | threshold 0.775 | val_model raw | lr 0.001000
Epoch 16/60 | train_loss 0.9306 | union_precision 1.0000 | weighted_recall 0.0668 | union_precision 1.0000 | threshold 0.775 | val_model raw | lr 0.001000
Epoch 17/60 | train_loss 0.9022 | union_precision 0.8571 | weighted_recall 0.1955 | union_precision 0.8571 | threshold 0.750 | val_model raw | lr 0.001000
Epoch 18/60 | train_loss 0.8917 | union_precision 1.0000 | weighted_recall 0.1188 | union_precision 1.0000 | threshold 0.800 | val_model raw | lr 0.001000
Epoch 19/60 | train_loss 0.8794 | union_precision 0.8571 | weighted_recall 0.1955 | union_precision 0.8571 | threshold 0.775 | val_model raw | lr 0.001000
Epoch 20/60 | train_loss 0.8608 | union_precision 1.0000 | weighted_recall 0.1188 | union_precision 1.0000 | threshold 0.825 | val_model raw | lr 0.001000
Epoch 21/60 | train_loss 0.8551 | union_precision 1.0000 | weighted_recall 0.1559 | union_precision 1.0000 | threshold 0.825 | val_model raw | lr 0.001000
Epoch 22/60 | train_loss 0.8484 | union_precision 1.0000 | weighted_recall 0.1559 | union_precision 1.0000 | threshold 0.825 | val_model raw | lr 0.001000
Epoch 23/60 | train_loss 0.8147 | union_precision 1.0000 | weighted_recall 0.1188 | union_precision 1.0000 | threshold 0.850 | val_model raw | lr 0.001000
Epoch 24/60 | train_loss 0.8096 | union_precision 1.0000 | weighted_recall 0.1188 | union_precision 1.0000 | threshold 0.850 | val_model raw | lr 0.001000
Epoch 25/60 | train_loss 0.7862 | union_precision 1.0000 | weighted_recall 0.0817 | union_precision 1.0000 | threshold 0.875 | val_model raw | lr 0.001000
Epoch 26/60 | train_loss 0.7893 | union_precision 1.0000 | weighted_recall 0.0817 | union_precision 1.0000 | threshold 0.875 | val_model raw | lr 0.001000
Epoch 27/60 | train_loss 0.7619 | union_precision 1.0000 | weighted_recall 0.0817 | union_precision 1.0000 | threshold 0.875 | val_model raw | lr 0.001000
Early stopping at epoch 27
Held-out M17-3 | union_precision=0.8571 | weighted_recall=0.1955 | consensus_recall=0.0000
Epoch 1/60 | train_loss 1.5391 | union_precision 1.0000 | weighted_recall 0.0021 | union_precision 1.0000 | threshold 0.600 | val_model raw | lr 0.001000
Epoch 2/60 | train_loss 1.4040 | union_precision 1.0000 | weighted_recall 0.0021 | union_precision 1.0000 | threshold 0.600 | val_model raw | lr 0.001000
Epoch 3/60 | train_loss 1.3048 | union_precision 1.0000 | weighted_recall 0.0169 | union_precision 1.0000 | threshold 0.625 | val_model raw | lr 0.001000
Epoch 4/60 | train_loss 1.2394 | union_precision 1.0000 | weighted_recall 0.0717 | union_precision 1.0000 | threshold 0.625 | val_model raw | lr 0.001000
Epoch 5/60 | train_loss 1.2126 | union_precision 1.0000 | weighted_recall 0.0221 | union_precision 1.0000 | threshold 0.650 | val_model raw | lr 0.001000
Epoch 6/60 | train_loss 1.1720 | union_precision 1.0000 | weighted_recall 0.0287 | union_precision 1.0000 | threshold 0.650 | val_model raw | lr 0.001000
Epoch 7/60 | train_loss 1.1510 | union_precision 1.0000 | weighted_recall 0.0139 | union_precision 1.0000 | threshold 0.675 | val_model raw | lr 0.001000
Epoch 8/60 | train_loss 1.1075 | union_precision 1.0000 | weighted_recall 0.0139 | union_precision 1.0000 | threshold 0.675 | val_model raw | lr 0.001000
Epoch 9/60 | train_loss 1.0976 | union_precision 1.0000 | weighted_recall 0.0087 | union_precision 1.0000 | threshold 0.700 | val_model raw | lr 0.001000
Epoch 10/60 | train_loss 1.0619 | union_precision 0.9000 | weighted_recall 0.1021 | union_precision 0.9000 | threshold 0.625 | val_model raw | lr 0.001000
Epoch 11/60 | train_loss 1.0450 | union_precision 0.9000 | weighted_recall 0.1021 | union_precision 0.9000 | threshold 0.625 | val_model raw | lr 0.001000
Epoch 12/60 | train_loss 1.0209 | union_precision 0.9091 | weighted_recall 0.1104 | union_precision 0.9091 | threshold 0.625 | val_model raw | lr 0.001000
Epoch 13/60 | train_loss 0.9961 | union_precision 0.9167 | weighted_recall 0.1220 | union_precision 0.9167 | threshold 0.625 | val_model raw | lr 0.001000
Epoch 14/60 | train_loss 0.9647 | union_precision 0.9000 | weighted_recall 0.0823 | union_precision 0.9000 | threshold 0.650 | val_model raw | lr 0.001000
Epoch 15/60 | train_loss 0.9529 | union_precision 0.8889 | weighted_recall 0.0781 | union_precision 0.8889 | threshold 0.675 | val_model raw | lr 0.001000
Epoch 16/60 | train_loss 0.9267 | union_precision 1.0000 | weighted_recall 0.0668 | union_precision 1.0000 | threshold 0.725 | val_model raw | lr 0.001000
Epoch 17/60 | train_loss 0.9002 | union_precision 1.0000 | weighted_recall 0.0616 | union_precision 1.0000 | threshold 0.725 | val_model raw | lr 0.001000
Epoch 18/60 | train_loss 0.8900 | union_precision 1.0000 | weighted_recall 0.0765 | union_precision 1.0000 | threshold 0.725 | val_model raw | lr 0.001000
Epoch 19/60 | train_loss 0.8777 | union_precision 1.0000 | weighted_recall 0.0682 | union_precision 1.0000 | threshold 0.750 | val_model raw | lr 0.001000
Epoch 20/60 | train_loss 0.8562 | union_precision 0.8571 | weighted_recall 0.0984 | union_precision 0.8571 | threshold 0.700 | val_model raw | lr 0.001000
Epoch 21/60 | train_loss 0.8515 | union_precision 0.8571 | weighted_recall 0.0765 | union_precision 0.8571 | threshold 0.750 | val_model raw | lr 0.001000
Epoch 22/60 | train_loss 0.8429 | union_precision 0.8889 | weighted_recall 0.2021 | union_precision 0.8889 | threshold 0.675 | val_model raw | lr 0.001000
Epoch 23/60 | train_loss 0.8052 | union_precision 0.8667 | weighted_recall 0.1163 | union_precision 0.8667 | threshold 0.700 | val_model raw | lr 0.001000
Epoch 24/60 | train_loss 0.8030 | union_precision 1.0000 | weighted_recall 0.0215 | union_precision 1.0000 | threshold 0.825 | val_model raw | lr 0.001000
Epoch 25/60 | train_loss 0.7767 | union_precision 1.0000 | weighted_recall 0.0165 | union_precision 1.0000 | threshold 0.850 | val_model raw | lr 0.001000
Epoch 26/60 | train_loss 0.7821 | union_precision 1.0000 | weighted_recall 0.0099 | union_precision 1.0000 | threshold 0.875 | val_model raw | lr 0.001000
Epoch 27/60 | train_loss 0.7567 | union_precision 1.0000 | weighted_recall 0.0099 | union_precision 1.0000 | threshold 0.875 | val_model raw | lr 0.001000
Epoch 28/60 | train_loss 0.7405 | union_precision 1.0000 | weighted_recall 0.0099 | union_precision 1.0000 | threshold 0.900 | val_model raw | lr 0.001000
Epoch 29/60 | train_loss 0.7404 | union_precision 1.0000 | weighted_recall 0.0099 | union_precision 1.0000 | threshold 0.900 | val_model raw | lr 0.001000
Epoch 30/60 | train_loss 0.7166 | union_precision 1.0000 | weighted_recall 0.0099 | union_precision 1.0000 | threshold 0.900 | val_model raw | lr 0.001000
Epoch 31/60 | train_loss 0.7053 | union_precision 1.0000 | weighted_recall 0.0099 | union_precision 1.0000 | threshold 0.900 | val_model raw | lr 0.001000
Epoch 32/60 | train_loss 0.7095 | union_precision 1.0000 | weighted_recall 0.0099 | union_precision 1.0000 | threshold 0.900 | val_model raw | lr 0.001000
Early stopping at epoch 32
Held-out M17-4 | union_precision=0.8889 | weighted_recall=0.2021 | consensus_recall=0.0000
Epoch 1/60 | train_loss 1.5388 | union_precision 0.6000 | weighted_recall 0.2907 | union_precision 0.6000 | threshold 0.525 | val_model raw | lr 0.001000
Epoch 2/60 | train_loss 1.4040 | union_precision 0.6522 | weighted_recall 0.5039 | union_precision 0.6522 | threshold 0.525 | val_model raw | lr 0.001000
Epoch 3/60 | train_loss 1.3078 | union_precision 0.5667 | weighted_recall 0.3295 | union_precision 0.5667 | threshold 0.500 | val_model raw | lr 0.001000
Epoch 4/60 | train_loss 1.2404 | union_precision 0.4857 | weighted_recall 0.2631 | union_precision 0.4857 | threshold 0.500 | val_model raw | lr 0.001000
Epoch 5/60 | train_loss 1.2166 | union_precision 0.4359 | weighted_recall 0.2868 | union_precision 0.4359 | threshold 0.050 | val_model raw | lr 0.001000
Epoch 6/60 | train_loss 1.1734 | union_precision 0.5333 | weighted_recall 0.1737 | union_precision 0.5333 | threshold 0.600 | val_model raw | lr 0.001000
Epoch 7/60 | train_loss 1.1545 | union_precision 0.6667 | weighted_recall 0.0474 | union_precision 0.6667 | threshold 0.650 | val_model raw | lr 0.001000
Epoch 8/60 | train_loss 1.1101 | union_precision 0.8000 | weighted_recall 0.0474 | union_precision 0.8000 | threshold 0.675 | val_model raw | lr 0.001000
Epoch 9/60 | train_loss 1.0970 | union_precision 0.8000 | weighted_recall 0.0474 | union_precision 0.8000 | threshold 0.675 | val_model raw | lr 0.001000
Epoch 10/60 | train_loss 1.0679 | union_precision 0.8571 | weighted_recall 0.0792 | union_precision 0.8571 | threshold 0.675 | val_model raw | lr 0.001000
Epoch 11/60 | train_loss 1.0487 | union_precision 0.8750 | weighted_recall 0.1218 | union_precision 0.8750 | threshold 0.675 | val_model raw | lr 0.001000
Epoch 12/60 | train_loss 1.0249 | union_precision 0.9000 | weighted_recall 0.1785 | union_precision 0.9000 | threshold 0.675 | val_model raw | lr 0.001000
Epoch 13/60 | train_loss 1.0014 | union_precision 1.0000 | weighted_recall 0.1785 | union_precision 1.0000 | threshold 0.700 | val_model raw | lr 0.001000
Epoch 14/60 | train_loss 0.9664 | union_precision 0.9167 | weighted_recall 0.1880 | union_precision 0.9167 | threshold 0.675 | val_model raw | lr 0.001000
Epoch 15/60 | train_loss 0.9541 | union_precision 1.0000 | weighted_recall 0.1880 | union_precision 1.0000 | threshold 0.700 | val_model raw | lr 0.001000
Epoch 16/60 | train_loss 0.9248 | union_precision 1.0000 | weighted_recall 0.1880 | union_precision 1.0000 | threshold 0.700 | val_model raw | lr 0.001000
Epoch 17/60 | train_loss 0.9053 | union_precision 0.8571 | weighted_recall 0.3160 | union_precision 0.8571 | threshold 0.675 | val_model raw | lr 0.001000
Epoch 18/60 | train_loss 0.8923 | union_precision 0.8571 | weighted_recall 0.3160 | union_precision 0.8571 | threshold 0.675 | val_model raw | lr 0.001000
Epoch 19/60 | train_loss 0.8804 | union_precision 0.8571 | weighted_recall 0.3160 | union_precision 0.8571 | threshold 0.675 | val_model raw | lr 0.001000
Epoch 20/60 | train_loss 0.8584 | union_precision 1.0000 | weighted_recall 0.3160 | union_precision 1.0000 | threshold 0.700 | val_model raw | lr 0.001000
Epoch 21/60 | train_loss 0.8509 | union_precision 1.0000 | weighted_recall 0.3160 | union_precision 1.0000 | threshold 0.700 | val_model raw | lr 0.001000
Epoch 22/60 | train_loss 0.8496 | union_precision 1.0000 | weighted_recall 0.3160 | union_precision 1.0000 | threshold 0.700 | val_model raw | lr 0.001000
Epoch 23/60 | train_loss 0.8086 | union_precision 0.9231 | weighted_recall 0.4103 | union_precision 0.9231 | threshold 0.650 | val_model raw | lr 0.001000
Epoch 24/60 | train_loss 0.8044 | union_precision 0.9231 | weighted_recall 0.4076 | union_precision 0.9231 | threshold 0.650 | val_model raw | lr 0.001000
Epoch 25/60 | train_loss 0.7820 | union_precision 0.9231 | weighted_recall 0.4076 | union_precision 0.9231 | threshold 0.625 | val_model raw | lr 0.001000
Epoch 26/60 | train_loss 0.7865 | union_precision 0.9333 | weighted_recall 0.4232 | union_precision 0.9333 | threshold 0.625 | val_model raw | lr 0.001000
Epoch 27/60 | train_loss 0.7627 | union_precision 0.8750 | weighted_recall 0.4232 | union_precision 0.8750 | threshold 0.600 | val_model raw | lr 0.001000
Epoch 28/60 | train_loss 0.7443 | union_precision 0.9333 | weighted_recall 0.4232 | union_precision 0.9333 | threshold 0.600 | val_model raw | lr 0.001000
Epoch 29/60 | train_loss 0.7424 | union_precision 0.9333 | weighted_recall 0.4232 | union_precision 0.9333 | threshold 0.600 | val_model raw | lr 0.001000
Epoch 30/60 | train_loss 0.7257 | union_precision 0.9333 | weighted_recall 0.4259 | union_precision 0.9333 | threshold 0.575 | val_model raw | lr 0.001000
Epoch 31/60 | train_loss 0.7059 | union_precision 0.9333 | weighted_recall 0.4259 | union_precision 0.9333 | threshold 0.575 | val_model raw | lr 0.001000
Epoch 32/60 | train_loss 0.7139 | union_precision 0.9375 | weighted_recall 0.4333 | union_precision 0.9375 | threshold 0.575 | val_model raw | lr 0.001000
Epoch 33/60 | train_loss 0.6753 | union_precision 0.8824 | weighted_recall 0.4333 | union_precision 0.8824 | threshold 0.550 | val_model raw | lr 0.001000
Epoch 34/60 | train_loss 0.6859 | union_precision 0.8824 | weighted_recall 0.4333 | union_precision 0.8824 | threshold 0.550 | val_model raw | lr 0.001000
Epoch 35/60 | train_loss 0.6685 | union_precision 0.9375 | weighted_recall 0.4875 | union_precision 0.9375 | threshold 0.575 | val_model raw | lr 0.001000
Epoch 36/60 | train_loss 0.6581 | union_precision 0.8889 | weighted_recall 0.4896 | union_precision 0.8889 | threshold 0.550 | val_model raw | lr 0.001000
Epoch 37/60 | train_loss 0.6475 | union_precision 0.8500 | weighted_recall 0.5974 | union_precision 0.8500 | threshold 0.550 | val_model raw | lr 0.001000
Epoch 38/60 | train_loss 0.6318 | union_precision 0.8500 | weighted_recall 0.5974 | union_precision 0.8500 | threshold 0.525 | val_model raw | lr 0.001000
Epoch 39/60 | train_loss 0.6441 | union_precision 0.9444 | weighted_recall 0.6001 | union_precision 0.9444 | threshold 0.575 | val_model raw | lr 0.001000
Epoch 40/60 | train_loss 0.6107 | union_precision 0.8947 | weighted_recall 0.6001 | union_precision 0.8947 | threshold 0.550 | val_model raw | lr 0.001000
Epoch 41/60 | train_loss 0.6180 | union_precision 0.9444 | weighted_recall 0.6001 | union_precision 0.9444 | threshold 0.550 | val_model raw | lr 0.001000
Epoch 42/60 | train_loss 0.6020 | union_precision 0.9444 | weighted_recall 0.6001 | union_precision 0.9444 | threshold 0.550 | val_model raw | lr 0.001000
Epoch 43/60 | train_loss 0.5906 | union_precision 0.9444 | weighted_recall 0.6001 | union_precision 0.9444 | threshold 0.550 | val_model raw | lr 0.001000
Epoch 44/60 | train_loss 0.5773 | union_precision 0.8500 | weighted_recall 0.6001 | union_precision 0.8500 | threshold 0.500 | val_model raw | lr 0.001000
Epoch 45/60 | train_loss 0.5722 | union_precision 0.8500 | weighted_recall 0.6001 | union_precision 0.8500 | threshold 0.500 | val_model raw | lr 0.001000
Epoch 46/60 | train_loss 0.5748 | union_precision 0.9375 | weighted_recall 0.5716 | union_precision 0.9375 | threshold 0.600 | val_model raw | lr 0.001000
Epoch 47/60 | train_loss 0.5626 | union_precision 0.8824 | weighted_recall 0.5716 | union_precision 0.8824 | threshold 0.525 | val_model raw | lr 0.001000
Epoch 48/60 | train_loss 0.5599 | union_precision 0.8824 | weighted_recall 0.5716 | union_precision 0.8824 | threshold 0.525 | val_model raw | lr 0.001000
Epoch 49/60 | train_loss 0.5506 | union_precision 0.9091 | weighted_recall 0.5986 | union_precision 0.9091 | threshold 0.400 | val_model raw | lr 0.001000
Early stopping at epoch 49
Held-out M24-1 | union_precision=0.9444 | weighted_recall=0.6001 | consensus_recall=0.0000
Epoch 1/60 | train_loss 1.5393 | union_precision 0.3636 | weighted_recall 0.0535 | union_precision 0.3636 | threshold 0.525 | val_model raw | lr 0.001000
Epoch 2/60 | train_loss 1.4035 | union_precision 0.3659 | weighted_recall 0.1877 | union_precision 0.3659 | threshold 0.450 | val_model raw | lr 0.001000
Epoch 3/60 | train_loss 1.3089 | union_precision 1.0000 | weighted_recall 0.0174 | union_precision 1.0000 | threshold 0.675 | val_model raw | lr 0.001000
Epoch 4/60 | train_loss 1.2416 | union_precision 1.0000 | weighted_recall 0.0174 | union_precision 1.0000 | threshold 0.675 | val_model raw | lr 0.001000
Epoch 5/60 | train_loss 1.2160 | union_precision 1.0000 | weighted_recall 0.0174 | union_precision 1.0000 | threshold 0.675 | val_model raw | lr 0.001000
Epoch 6/60 | train_loss 1.1727 | union_precision 0.5000 | weighted_recall 0.0198 | union_precision 0.5000 | threshold 0.675 | val_model raw | lr 0.001000
Epoch 7/60 | train_loss 1.1542 | union_precision 0.5000 | weighted_recall 0.0198 | union_precision 0.5000 | threshold 0.675 | val_model raw | lr 0.001000
Epoch 8/60 | train_loss 1.1124 | union_precision 1.0000 | weighted_recall 0.0198 | union_precision 1.0000 | threshold 0.700 | val_model raw | lr 0.001000
Epoch 9/60 | train_loss 1.0971 | union_precision 0.5000 | weighted_recall 0.0198 | union_precision 0.5000 | threshold 0.675 | val_model raw | lr 0.001000
Epoch 10/60 | train_loss 1.0663 | union_precision 0.5385 | weighted_recall 0.2210 | union_precision 0.5385 | threshold 0.550 | val_model raw | lr 0.001000
Epoch 11/60 | train_loss 1.0427 | union_precision 0.5714 | weighted_recall 0.0496 | union_precision 0.5714 | threshold 0.600 | val_model raw | lr 0.001000
Epoch 12/60 | train_loss 1.0241 | union_precision 0.6667 | weighted_recall 0.0248 | union_precision 0.6667 | threshold 0.650 | val_model raw | lr 0.001000
Epoch 13/60 | train_loss 1.0020 | union_precision 0.7500 | weighted_recall 0.0446 | union_precision 0.7500 | threshold 0.625 | val_model raw | lr 0.001000
Epoch 14/60 | train_loss 0.9629 | union_precision 0.7500 | weighted_recall 0.0446 | union_precision 0.7500 | threshold 0.625 | val_model raw | lr 0.001000
Epoch 15/60 | train_loss 0.9505 | union_precision 0.8000 | weighted_recall 0.0794 | union_precision 0.8000 | threshold 0.625 | val_model raw | lr 0.001000
Epoch 16/60 | train_loss 0.9213 | union_precision 0.7000 | weighted_recall 0.0918 | union_precision 0.7000 | threshold 0.600 | val_model raw | lr 0.001000
Epoch 17/60 | train_loss 0.9020 | union_precision 0.6667 | weighted_recall 0.0794 | union_precision 0.6667 | threshold 0.625 | val_model raw | lr 0.001000
Epoch 18/60 | train_loss 0.8887 | union_precision 1.0000 | weighted_recall 0.0174 | union_precision 1.0000 | threshold 0.750 | val_model raw | lr 0.001000
Early stopping at epoch 18
Held-out M24-2 | union_precision=1.0000 | weighted_recall=0.0198 | consensus_recall=0.0000
Epoch 1/60 | train_loss 1.5396 | union_precision 0.5714 | weighted_recall 0.3599 | union_precision 0.5714 | threshold 0.550 | val_model raw | lr 0.001000
Epoch 2/60 | train_loss 1.4033 | union_precision 1.0000 | weighted_recall 0.0514 | union_precision 1.0000 | threshold 0.675 | val_model raw | lr 0.001000
Epoch 3/60 | train_loss 1.3070 | union_precision 1.0000 | weighted_recall 0.0514 | union_precision 1.0000 | threshold 0.700 | val_model raw | lr 0.001000
Epoch 4/60 | train_loss 1.2453 | union_precision 1.0000 | weighted_recall 0.0514 | union_precision 1.0000 | threshold 0.725 | val_model raw | lr 0.001000
Epoch 5/60 | train_loss 1.2187 | union_precision 1.0000 | weighted_recall 0.0514 | union_precision 1.0000 | threshold 0.725 | val_model raw | lr 0.001000
Epoch 6/60 | train_loss 1.1748 | union_precision 1.0000 | weighted_recall 0.0514 | union_precision 1.0000 | threshold 0.725 | val_model raw | lr 0.001000
Epoch 7/60 | train_loss 1.1565 | union_precision 1.0000 | weighted_recall 0.0514 | union_precision 1.0000 | threshold 0.725 | val_model raw | lr 0.001000
Epoch 8/60 | train_loss 1.1150 | union_precision 1.0000 | weighted_recall 0.0514 | union_precision 1.0000 | threshold 0.725 | val_model raw | lr 0.001000
Epoch 9/60 | train_loss 1.1026 | union_precision 1.0000 | weighted_recall 0.0514 | union_precision 1.0000 | threshold 0.725 | val_model raw | lr 0.001000
Epoch 10/60 | train_loss 1.0699 | union_precision 1.0000 | weighted_recall 0.0514 | union_precision 1.0000 | threshold 0.725 | val_model raw | lr 0.001000
Epoch 11/60 | train_loss 1.0492 | union_precision 1.0000 | weighted_recall 0.0514 | union_precision 1.0000 | threshold 0.725 | val_model raw | lr 0.001000
Epoch 12/60 | train_loss 1.0246 | union_precision 1.0000 | weighted_recall 0.0514 | union_precision 1.0000 | threshold 0.725 | val_model raw | lr 0.001000
Early stopping at epoch 12
Held-out M24-3 | union_precision=1.0000 | weighted_recall=0.0514 | consensus_recall=0.0000
Epoch 1/60 | train_loss 1.5410 | union_precision 0.7500 | weighted_recall 0.0096 | union_precision 0.7500 | threshold 0.600 | val_model raw | lr 0.001000
Epoch 2/60 | train_loss 1.4066 | union_precision 0.7500 | weighted_recall 0.0096 | union_precision 0.7500 | threshold 0.600 | val_model raw | lr 0.001000
Epoch 3/60 | train_loss 1.3073 | union_precision 0.6667 | weighted_recall 0.0056 | union_precision 0.6667 | threshold 0.625 | val_model raw | lr 0.001000
Epoch 4/60 | train_loss 1.2447 | union_precision 0.7500 | weighted_recall 0.0096 | union_precision 0.7500 | threshold 0.625 | val_model raw | lr 0.001000
Epoch 5/60 | train_loss 1.2157 | union_precision 1.0000 | weighted_recall 0.0056 | union_precision 1.0000 | threshold 0.650 | val_model raw | lr 0.001000
Epoch 6/60 | train_loss 1.1764 | union_precision 1.0000 | weighted_recall 0.0056 | union_precision 1.0000 | threshold 0.650 | val_model raw | lr 0.001000
Epoch 7/60 | train_loss 1.1556 | union_precision 1.0000 | weighted_recall 0.0056 | union_precision 1.0000 | threshold 0.650 | val_model raw | lr 0.001000
Epoch 8/60 | train_loss 1.1153 | union_precision 1.0000 | weighted_recall 0.0056 | union_precision 1.0000 | threshold 0.675 | val_model raw | lr 0.001000
Epoch 9/60 | train_loss 1.0983 | union_precision 1.0000 | weighted_recall 0.0325 | union_precision 1.0000 | threshold 0.675 | val_model raw | lr 0.001000
Epoch 10/60 | train_loss 1.0647 | union_precision 1.0000 | weighted_recall 0.0269 | union_precision 1.0000 | threshold 0.700 | val_model raw | lr 0.001000
Epoch 11/60 | train_loss 1.0440 | union_precision 0.6667 | weighted_recall 0.0304 | union_precision 0.6667 | threshold 0.700 | val_model raw | lr 0.001000
Epoch 12/60 | train_loss 1.0181 | union_precision 1.0000 | weighted_recall 0.0269 | union_precision 1.0000 | threshold 0.725 | val_model raw | lr 0.001000
Epoch 13/60 | train_loss 0.9942 | union_precision 0.8000 | weighted_recall 0.0442 | union_precision 0.8000 | threshold 0.700 | val_model raw | lr 0.001000
Epoch 14/60 | train_loss 0.9631 | union_precision 0.7778 | weighted_recall 0.0906 | union_precision 0.7778 | threshold 0.700 | val_model raw | lr 0.001000
Epoch 15/60 | train_loss 0.9455 | union_precision 0.8333 | weighted_recall 0.0563 | union_precision 0.8333 | threshold 0.725 | val_model raw | lr 0.001000
Epoch 16/60 | train_loss 0.9188 | union_precision 0.8000 | weighted_recall 0.1040 | union_precision 0.8000 | threshold 0.725 | val_model raw | lr 0.001000
Epoch 17/60 | train_loss 0.9008 | union_precision 0.8333 | weighted_recall 0.0563 | union_precision 0.8333 | threshold 0.750 | val_model raw | lr 0.001000
Epoch 18/60 | train_loss 0.8880 | union_precision 0.8889 | weighted_recall 0.1040 | union_precision 0.8889 | threshold 0.750 | val_model raw | lr 0.001000
Epoch 19/60 | train_loss 0.8685 | union_precision 0.8000 | weighted_recall 0.0494 | union_precision 0.8000 | threshold 0.775 | val_model raw | lr 0.001000
Epoch 20/60 | train_loss 0.8569 | union_precision 0.8571 | weighted_recall 0.0698 | union_precision 0.8571 | threshold 0.775 | val_model raw | lr 0.001000
Epoch 21/60 | train_loss 0.8415 | union_precision 0.7273 | weighted_recall 0.1116 | union_precision 0.7273 | threshold 0.775 | val_model raw | lr 0.001000
Epoch 22/60 | train_loss 0.8441 | union_precision 0.7500 | weighted_recall 0.1202 | union_precision 0.7500 | threshold 0.775 | val_model raw | lr 0.001000
Epoch 23/60 | train_loss 0.7985 | union_precision 0.6429 | weighted_recall 0.1202 | union_precision 0.6429 | threshold 0.775 | val_model raw | lr 0.001000
Epoch 24/60 | train_loss 0.7951 | union_precision 1.0000 | weighted_recall 0.0162 | union_precision 1.0000 | threshold 0.825 | val_model raw | lr 0.001000
Epoch 25/60 | train_loss 0.7835 | union_precision 0.5714 | weighted_recall 0.1133 | union_precision 0.5714 | threshold 0.800 | val_model raw | lr 0.001000
Epoch 26/60 | train_loss 0.7777 | union_precision 1.0000 | weighted_recall 0.0162 | union_precision 1.0000 | threshold 0.850 | val_model raw | lr 0.001000
Epoch 27/60 | train_loss 0.7554 | union_precision 0.5714 | weighted_recall 0.1133 | union_precision 0.5714 | threshold 0.800 | val_model raw | lr 0.001000
Epoch 28/60 | train_loss 0.7380 | union_precision 1.0000 | weighted_recall 0.0162 | union_precision 1.0000 | threshold 0.875 | val_model raw | lr 0.001000
Early stopping at epoch 28
Held-out M24-4 | union_precision=0.8889 | weighted_recall=0.1040 | consensus_recall=0.0000
Epoch 1/60 | train_loss 1.5337 | union_precision 0.6667 | weighted_recall 0.0828 | union_precision 0.6667 | threshold 0.550 | val_model raw | lr 0.001000
Epoch 2/60 | train_loss 1.4032 | union_precision 0.6667 | weighted_recall 0.0828 | union_precision 0.6667 | threshold 0.575 | val_model raw | lr 0.001000
Epoch 3/60 | train_loss 1.3079 | union_precision 1.0000 | weighted_recall 0.0606 | union_precision 1.0000 | threshold 0.675 | val_model raw | lr 0.001000
Epoch 4/60 | train_loss 1.2478 | union_precision 1.0000 | weighted_recall 0.0606 | union_precision 1.0000 | threshold 0.700 | val_model raw | lr 0.001000
Epoch 5/60 | train_loss 1.2210 | union_precision 1.0000 | weighted_recall 0.0606 | union_precision 1.0000 | threshold 0.700 | val_model raw | lr 0.001000
Epoch 6/60 | train_loss 1.1824 | union_precision 1.0000 | weighted_recall 0.0606 | union_precision 1.0000 | threshold 0.700 | val_model raw | lr 0.001000
Epoch 7/60 | train_loss 1.1585 | union_precision 1.0000 | weighted_recall 0.0606 | union_precision 1.0000 | threshold 0.725 | val_model raw | lr 0.001000
Epoch 8/60 | train_loss 1.1214 | union_precision 1.0000 | weighted_recall 0.0606 | union_precision 1.0000 | threshold 0.725 | val_model raw | lr 0.001000
Epoch 9/60 | train_loss 1.1053 | union_precision 0.7500 | weighted_recall 0.0779 | union_precision 0.7500 | threshold 0.650 | val_model raw | lr 0.001000
Epoch 10/60 | train_loss 1.0714 | union_precision 0.7500 | weighted_recall 0.0779 | union_precision 0.7500 | threshold 0.650 | val_model raw | lr 0.001000
Epoch 11/60 | train_loss 1.0464 | union_precision 0.7500 | weighted_recall 0.0779 | union_precision 0.7500 | threshold 0.650 | val_model raw | lr 0.001000
Epoch 12/60 | train_loss 1.0276 | union_precision 0.7500 | weighted_recall 0.4211 | union_precision 0.7500 | threshold 0.600 | val_model raw | lr 0.001000
Epoch 13/60 | train_loss 1.0036 | union_precision 0.7500 | weighted_recall 0.4211 | union_precision 0.7500 | threshold 0.600 | val_model raw | lr 0.001000
Early stopping at epoch 13
Held-out M30-1 | union_precision=1.0000 | weighted_recall=0.0606 | consensus_recall=0.0000
Epoch 1/60 | train_loss 1.5332 | union_precision 0.3478 | weighted_recall 0.4405 | union_precision 0.3478 | threshold 0.475 | val_model raw | lr 0.001000
Epoch 2/60 | train_loss 1.4035 | union_precision 0.3125 | weighted_recall 0.3051 | union_precision 0.3125 | threshold 0.500 | val_model raw | lr 0.001000
Epoch 3/60 | train_loss 1.3090 | union_precision 0.5000 | weighted_recall 0.0850 | union_precision 0.5000 | threshold 0.575 | val_model raw | lr 0.001000
Epoch 4/60 | train_loss 1.2489 | union_precision 0.3333 | weighted_recall 0.0850 | union_precision 0.3333 | threshold 0.575 | val_model raw | lr 0.001000
Epoch 5/60 | train_loss 1.2203 | union_precision 0.6000 | weighted_recall 0.0950 | union_precision 0.6000 | threshold 0.575 | val_model raw | lr 0.001000
Epoch 6/60 | train_loss 1.1824 | union_precision 0.8000 | weighted_recall 0.1951 | union_precision 0.8000 | threshold 0.600 | val_model raw | lr 0.001000
Epoch 7/60 | train_loss 1.1593 | union_precision 0.8333 | weighted_recall 0.2851 | union_precision 0.8333 | threshold 0.600 | val_model raw | lr 0.001000
Epoch 8/60 | train_loss 1.1230 | union_precision 0.8333 | weighted_recall 0.2851 | union_precision 0.8333 | threshold 0.600 | val_model raw | lr 0.001000
Epoch 9/60 | train_loss 1.1055 | union_precision 1.0000 | weighted_recall 0.1000 | union_precision 1.0000 | threshold 0.700 | val_model raw | lr 0.001000
Epoch 10/60 | train_loss 1.0720 | union_precision 1.0000 | weighted_recall 0.1000 | union_precision 1.0000 | threshold 0.725 | val_model raw | lr 0.001000
Epoch 11/60 | train_loss 1.0459 | union_precision 0.8889 | weighted_recall 0.3501 | union_precision 0.8889 | threshold 0.600 | val_model raw | lr 0.001000
Epoch 12/60 | train_loss 1.0284 | union_precision 1.0000 | weighted_recall 0.2751 | union_precision 1.0000 | threshold 0.725 | val_model raw | lr 0.001000
Epoch 13/60 | train_loss 1.0042 | union_precision 0.8750 | weighted_recall 0.3301 | union_precision 0.8750 | threshold 0.625 | val_model raw | lr 0.001000
Epoch 14/60 | train_loss 0.9733 | union_precision 1.0000 | weighted_recall 0.2751 | union_precision 1.0000 | threshold 0.725 | val_model raw | lr 0.001000
Epoch 15/60 | train_loss 0.9554 | union_precision 1.0000 | weighted_recall 0.2751 | union_precision 1.0000 | threshold 0.725 | val_model raw | lr 0.001000
Epoch 16/60 | train_loss 0.9294 | union_precision 1.0000 | weighted_recall 0.2751 | union_precision 1.0000 | threshold 0.700 | val_model raw | lr 0.001000
Epoch 17/60 | train_loss 0.9099 | union_precision 1.0000 | weighted_recall 0.3001 | union_precision 1.0000 | threshold 0.700 | val_model raw | lr 0.001000
Epoch 18/60 | train_loss 0.8936 | union_precision 1.0000 | weighted_recall 0.3201 | union_precision 1.0000 | threshold 0.700 | val_model raw | lr 0.001000
Epoch 19/60 | train_loss 0.8781 | union_precision 0.8571 | weighted_recall 0.3851 | union_precision 0.8571 | threshold 0.700 | val_model raw | lr 0.001000
Epoch 20/60 | train_loss 0.8632 | union_precision 0.8571 | weighted_recall 0.3851 | union_precision 0.8571 | threshold 0.700 | val_model raw | lr 0.001000
Epoch 21/60 | train_loss 0.8495 | union_precision 1.0000 | weighted_recall 0.3651 | union_precision 1.0000 | threshold 0.725 | val_model raw | lr 0.001000
Epoch 22/60 | train_loss 0.8492 | union_precision 0.8571 | weighted_recall 0.4501 | union_precision 0.8571 | threshold 0.725 | val_model raw | lr 0.001000
Epoch 23/60 | train_loss 0.8064 | union_precision 1.0000 | weighted_recall 0.3651 | union_precision 1.0000 | threshold 0.775 | val_model raw | lr 0.001000
Epoch 24/60 | train_loss 0.8033 | union_precision 1.0000 | weighted_recall 0.3651 | union_precision 1.0000 | threshold 0.775 | val_model raw | lr 0.001000
Epoch 25/60 | train_loss 0.7849 | union_precision 1.0000 | weighted_recall 0.3651 | union_precision 1.0000 | threshold 0.800 | val_model raw | lr 0.001000
Epoch 26/60 | train_loss 0.7822 | union_precision 1.0000 | weighted_recall 0.3651 | union_precision 1.0000 | threshold 0.825 | val_model raw | lr 0.001000
Epoch 27/60 | train_loss 0.7617 | union_precision 1.0000 | weighted_recall 0.3651 | union_precision 1.0000 | threshold 0.825 | val_model raw | lr 0.001000
Epoch 28/60 | train_loss 0.7370 | union_precision 1.0000 | weighted_recall 0.3651 | union_precision 1.0000 | threshold 0.825 | val_model raw | lr 0.001000
Epoch 29/60 | train_loss 0.7425 | union_precision 1.0000 | weighted_recall 0.3651 | union_precision 1.0000 | threshold 0.825 | val_model raw | lr 0.001000
Epoch 30/60 | train_loss 0.7289 | union_precision 1.0000 | weighted_recall 0.3651 | union_precision 1.0000 | threshold 0.825 | val_model raw | lr 0.001000
Epoch 31/60 | train_loss 0.7065 | union_precision 1.0000 | weighted_recall 0.3651 | union_precision 1.0000 | threshold 0.825 | val_model raw | lr 0.001000
Epoch 32/60 | train_loss 0.7058 | union_precision 1.0000 | weighted_recall 0.3001 | union_precision 1.0000 | threshold 0.850 | val_model raw | lr 0.001000
Early stopping at epoch 32
Held-out M30-2 | union_precision=0.8571 | weighted_recall=0.4501 | consensus_recall=0.0000
Epoch 1/60 | train_loss 1.5360 | union_precision 0.5000 | weighted_recall 0.0207 | union_precision 0.5000 | threshold 0.600 | val_model raw | lr 0.001000
Epoch 2/60 | train_loss 1.4001 | union_precision 0.5128 | weighted_recall 0.3328 | union_precision 0.5128 | threshold 0.050 | val_model raw | lr 0.001000
Epoch 3/60 | train_loss 1.3080 | union_precision 0.6087 | weighted_recall 0.3048 | union_precision 0.6087 | threshold 0.500 | val_model raw | lr 0.001000
Epoch 4/60 | train_loss 1.2434 | union_precision 0.6316 | weighted_recall 0.2794 | union_precision 0.6316 | threshold 0.525 | val_model raw | lr 0.001000
Epoch 5/60 | train_loss 1.2170 | union_precision 0.6667 | weighted_recall 0.3779 | union_precision 0.6667 | threshold 0.525 | val_model raw | lr 0.001000
Epoch 6/60 | train_loss 1.1771 | union_precision 0.6774 | weighted_recall 0.4139 | union_precision 0.6774 | threshold 0.525 | val_model raw | lr 0.001000
Epoch 7/60 | train_loss 1.1575 | union_precision 0.6774 | weighted_recall 0.4139 | union_precision 0.6774 | threshold 0.525 | val_model raw | lr 0.001000
Epoch 8/60 | train_loss 1.1206 | union_precision 0.6571 | weighted_recall 0.3592 | union_precision 0.6571 | threshold 0.525 | val_model raw | lr 0.001000
Epoch 9/60 | train_loss 1.1015 | union_precision 0.6667 | weighted_recall 0.3278 | union_precision 0.6667 | threshold 0.600 | val_model raw | lr 0.001000
Epoch 10/60 | train_loss 1.0677 | union_precision 0.6667 | weighted_recall 0.4342 | union_precision 0.6667 | threshold 0.600 | val_model raw | lr 0.001000
Epoch 11/60 | train_loss 1.0420 | union_precision 0.7200 | weighted_recall 0.4365 | union_precision 0.7200 | threshold 0.625 | val_model raw | lr 0.001000
Epoch 12/60 | train_loss 1.0226 | union_precision 0.7097 | weighted_recall 0.4619 | union_precision 0.7097 | threshold 0.550 | val_model raw | lr 0.001000
Epoch 13/60 | train_loss 0.9987 | union_precision 0.7083 | weighted_recall 0.4335 | union_precision 0.7083 | threshold 0.625 | val_model raw | lr 0.001000
Epoch 14/60 | train_loss 0.9660 | union_precision 0.7097 | weighted_recall 0.3638 | union_precision 0.7097 | threshold 0.575 | val_model raw | lr 0.001000
Epoch 15/60 | train_loss 0.9496 | union_precision 0.7143 | weighted_recall 0.2982 | union_precision 0.7143 | threshold 0.650 | val_model raw | lr 0.001000
Epoch 16/60 | train_loss 0.9261 | union_precision 0.7143 | weighted_recall 0.2592 | union_precision 0.7143 | threshold 0.700 | val_model raw | lr 0.001000
Epoch 17/60 | train_loss 0.9055 | union_precision 0.7500 | weighted_recall 0.1520 | union_precision 0.7500 | threshold 0.800 | val_model raw | lr 0.001000
Epoch 18/60 | train_loss 0.8877 | union_precision 0.7500 | weighted_recall 0.1520 | union_precision 0.7500 | threshold 0.825 | val_model raw | lr 0.001000
Epoch 19/60 | train_loss 0.8727 | union_precision 0.8000 | weighted_recall 0.1580 | union_precision 0.8000 | threshold 0.825 | val_model raw | lr 0.001000
Epoch 20/60 | train_loss 0.8543 | union_precision 0.8000 | weighted_recall 0.1580 | union_precision 0.8000 | threshold 0.850 | val_model raw | lr 0.001000
Epoch 21/60 | train_loss 0.8419 | union_precision 1.0000 | weighted_recall 0.1520 | union_precision 1.0000 | threshold 0.875 | val_model raw | lr 0.001000
Epoch 22/60 | train_loss 0.8454 | union_precision 1.0000 | weighted_recall 0.1580 | union_precision 1.0000 | threshold 0.875 | val_model raw | lr 0.001000
Epoch 23/60 | train_loss 0.7982 | union_precision 1.0000 | weighted_recall 0.1580 | union_precision 1.0000 | threshold 0.875 | val_model raw | lr 0.001000
Epoch 24/60 | train_loss 0.7924 | union_precision 1.0000 | weighted_recall 0.1580 | union_precision 1.0000 | threshold 0.875 | val_model raw | lr 0.001000
Epoch 25/60 | train_loss 0.7778 | union_precision 1.0000 | weighted_recall 0.1580 | union_precision 1.0000 | threshold 0.875 | val_model raw | lr 0.001000
Epoch 26/60 | train_loss 0.7723 | union_precision 1.0000 | weighted_recall 0.0809 | union_precision 1.0000 | threshold 0.900 | val_model raw | lr 0.001000
Epoch 27/60 | train_loss 0.7560 | union_precision 1.0000 | weighted_recall 0.0869 | union_precision 1.0000 | threshold 0.900 | val_model raw | lr 0.001000
Epoch 28/60 | train_loss 0.7331 | union_precision 1.0000 | weighted_recall 0.1580 | union_precision 1.0000 | threshold 0.900 | val_model raw | lr 0.001000
Epoch 29/60 | train_loss 0.7369 | union_precision 1.0000 | weighted_recall 0.1428 | union_precision 1.0000 | threshold 0.925 | val_model raw | lr 0.001000
Epoch 30/60 | train_loss 0.7265 | union_precision 1.0000 | weighted_recall 0.1487 | union_precision 1.0000 | threshold 0.925 | val_model raw | lr 0.001000
Epoch 31/60 | train_loss 0.7046 | union_precision 1.0000 | weighted_recall 0.0717 | union_precision 1.0000 | threshold 0.950 | val_model raw | lr 0.001000
Epoch 32/60 | train_loss 0.6936 | union_precision 1.0000 | weighted_recall 0.0717 | union_precision 1.0000 | threshold 0.950 | val_model raw | lr 0.001000
Early stopping at epoch 32
Held-out M30-3 | union_precision=1.0000 | weighted_recall=0.1580 | consensus_recall=0.0000
Epoch 1/60 | train_loss 1.5401 | union_precision 1.0000 | weighted_recall 0.1114 | union_precision 1.0000 | threshold 0.825 | val_model raw | lr 0.001000
Epoch 2/60 | train_loss 1.4042 | union_precision 1.0000 | weighted_recall 0.1114 | union_precision 1.0000 | threshold 0.800 | val_model raw | lr 0.001000
Epoch 3/60 | train_loss 1.3087 | union_precision 1.0000 | weighted_recall 0.0097 | union_precision 1.0000 | threshold 0.775 | val_model raw | lr 0.001000
Epoch 4/60 | train_loss 1.2513 | union_precision 0.6316 | weighted_recall 0.3191 | union_precision 0.6316 | threshold 0.525 | val_model raw | lr 0.001000
Epoch 5/60 | train_loss 1.2269 | union_precision 0.6471 | weighted_recall 0.3269 | union_precision 0.6471 | threshold 0.550 | val_model raw | lr 0.001000
Epoch 6/60 | train_loss 1.1834 | union_precision 1.0000 | weighted_recall 0.0949 | union_precision 1.0000 | threshold 0.750 | val_model raw | lr 0.001000
Epoch 7/60 | train_loss 1.1635 | union_precision 1.0000 | weighted_recall 0.1966 | union_precision 1.0000 | threshold 0.750 | val_model raw | lr 0.001000
Epoch 8/60 | train_loss 1.1272 | union_precision 0.5455 | weighted_recall 0.3288 | union_precision 0.5455 | threshold 0.550 | val_model raw | lr 0.001000
Epoch 9/60 | train_loss 1.1046 | union_precision 1.0000 | weighted_recall 0.1966 | union_precision 1.0000 | threshold 0.775 | val_model raw | lr 0.001000
Epoch 10/60 | train_loss 1.0735 | union_precision 1.0000 | weighted_recall 0.0949 | union_precision 1.0000 | threshold 0.800 | val_model raw | lr 0.001000
Epoch 11/60 | train_loss 1.0465 | union_precision 1.0000 | weighted_recall 0.0949 | union_precision 1.0000 | threshold 0.825 | val_model raw | lr 0.001000
Epoch 12/60 | train_loss 1.0265 | union_precision 0.5882 | weighted_recall 0.2955 | union_precision 0.5882 | threshold 0.650 | val_model raw | lr 0.001000
Epoch 13/60 | train_loss 1.0047 | union_precision 1.0000 | weighted_recall 0.0949 | union_precision 1.0000 | threshold 0.850 | val_model raw | lr 0.001000
Epoch 14/60 | train_loss 0.9745 | union_precision 0.6000 | weighted_recall 0.2936 | union_precision 0.6000 | threshold 0.675 | val_model raw | lr 0.001000
Epoch 15/60 | train_loss 0.9582 | union_precision 0.5882 | weighted_recall 0.2955 | union_precision 0.5882 | threshold 0.650 | val_model raw | lr 0.001000
Epoch 16/60 | train_loss 0.9388 | union_precision 1.0000 | weighted_recall 0.0949 | union_precision 1.0000 | threshold 0.875 | val_model raw | lr 0.001000
Epoch 17/60 | train_loss 0.9097 | union_precision 0.6667 | weighted_recall 0.1966 | union_precision 0.6667 | threshold 0.875 | val_model raw | lr 0.001000
Early stopping at epoch 17
Held-out M30-4 | union_precision=1.0000 | weighted_recall=0.1966 | consensus_recall=0.6667
Epoch 1/60 | train_loss 1.5315 | union_precision 0.4444 | weighted_recall 0.2541 | union_precision 0.4444 | threshold 0.450 | val_model raw | lr 0.001000
Epoch 2/60 | train_loss 1.4011 | union_precision 0.4444 | weighted_recall 0.2541 | union_precision 0.4444 | threshold 0.425 | val_model raw | lr 0.001000
Epoch 3/60 | train_loss 1.3012 | union_precision 0.4375 | weighted_recall 0.2385 | union_precision 0.4375 | threshold 0.500 | val_model raw | lr 0.001000
Epoch 4/60 | train_loss 1.2451 | union_precision 0.4375 | weighted_recall 0.2385 | union_precision 0.4375 | threshold 0.500 | val_model raw | lr 0.001000
Epoch 5/60 | train_loss 1.2218 | union_precision 0.4000 | weighted_recall 0.2229 | union_precision 0.4000 | threshold 0.525 | val_model raw | lr 0.001000
Epoch 6/60 | train_loss 1.1774 | union_precision 0.4000 | weighted_recall 0.2229 | union_precision 0.4000 | threshold 0.525 | val_model raw | lr 0.001000
Epoch 7/60 | train_loss 1.1570 | union_precision 0.4286 | weighted_recall 0.1873 | union_precision 0.4286 | threshold 0.625 | val_model raw | lr 0.001000
Epoch 8/60 | train_loss 1.1211 | union_precision 0.4000 | weighted_recall 0.2185 | union_precision 0.4000 | threshold 0.550 | val_model raw | lr 0.001000
Epoch 9/60 | train_loss 1.0999 | union_precision 1.0000 | weighted_recall 0.0078 | union_precision 1.0000 | threshold 0.675 | val_model raw | lr 0.001000
Epoch 10/60 | train_loss 1.0687 | union_precision 1.0000 | weighted_recall 0.0234 | union_precision 1.0000 | threshold 0.675 | val_model raw | lr 0.001000
Epoch 11/60 | train_loss 1.0413 | union_precision 1.0000 | weighted_recall 0.0234 | union_precision 1.0000 | threshold 0.700 | val_model raw | lr 0.001000
Epoch 12/60 | train_loss 1.0192 | union_precision 1.0000 | weighted_recall 0.0234 | union_precision 1.0000 | threshold 0.700 | val_model raw | lr 0.001000
Epoch 13/60 | train_loss 0.9974 | union_precision 1.0000 | weighted_recall 0.0234 | union_precision 1.0000 | threshold 0.725 | val_model raw | lr 0.001000
Epoch 14/60 | train_loss 0.9730 | union_precision 1.0000 | weighted_recall 0.0234 | union_precision 1.0000 | threshold 0.725 | val_model raw | lr 0.001000
Epoch 15/60 | train_loss 0.9542 | union_precision 1.0000 | weighted_recall 0.0234 | union_precision 1.0000 | threshold 0.725 | val_model raw | lr 0.001000
Epoch 16/60 | train_loss 0.9374 | union_precision 1.0000 | weighted_recall 0.0234 | union_precision 1.0000 | threshold 0.725 | val_model raw | lr 0.001000
Epoch 17/60 | train_loss 0.9075 | union_precision 1.0000 | weighted_recall 0.0234 | union_precision 1.0000 | threshold 0.725 | val_model raw | lr 0.001000
Epoch 18/60 | train_loss 0.8906 | union_precision 1.0000 | weighted_recall 0.0234 | union_precision 1.0000 | threshold 0.725 | val_model raw | lr 0.001000
Epoch 19/60 | train_loss 0.8733 | union_precision 1.0000 | weighted_recall 0.1249 | union_precision 1.0000 | threshold 0.700 | val_model raw | lr 0.001000
Epoch 20/60 | train_loss 0.8574 | union_precision 1.0000 | weighted_recall 0.1249 | union_precision 1.0000 | threshold 0.700 | val_model raw | lr 0.001000
Epoch 21/60 | train_loss 0.8450 | union_precision 1.0000 | weighted_recall 0.1249 | union_precision 1.0000 | threshold 0.700 | val_model raw | lr 0.001000
Epoch 22/60 | train_loss 0.8504 | union_precision 1.0000 | weighted_recall 0.1249 | union_precision 1.0000 | threshold 0.675 | val_model raw | lr 0.001000
Epoch 23/60 | train_loss 0.8101 | union_precision 1.0000 | weighted_recall 0.1249 | union_precision 1.0000 | threshold 0.650 | val_model raw | lr 0.001000
Epoch 24/60 | train_loss 0.7983 | union_precision 0.8571 | weighted_recall 0.2810 | union_precision 0.8571 | threshold 0.600 | val_model raw | lr 0.001000
Epoch 25/60 | train_loss 0.7840 | union_precision 0.8571 | weighted_recall 0.2810 | union_precision 0.8571 | threshold 0.600 | val_model raw | lr 0.001000
Epoch 26/60 | train_loss 0.7817 | union_precision 1.0000 | weighted_recall 0.1405 | union_precision 1.0000 | threshold 0.625 | val_model raw | lr 0.001000
Epoch 27/60 | train_loss 0.7634 | union_precision 1.0000 | weighted_recall 0.1249 | union_precision 1.0000 | threshold 0.625 | val_model raw | lr 0.001000
Epoch 28/60 | train_loss 0.7406 | union_precision 1.0000 | weighted_recall 0.1249 | union_precision 1.0000 | threshold 0.650 | val_model raw | lr 0.001000
Epoch 29/60 | train_loss 0.7449 | union_precision 1.0000 | weighted_recall 0.0859 | union_precision 1.0000 | threshold 0.675 | val_model raw | lr 0.001000
Epoch 30/60 | train_loss 0.7347 | union_precision 1.0000 | weighted_recall 0.0859 | union_precision 1.0000 | threshold 0.700 | val_model raw | lr 0.001000
Epoch 31/60 | train_loss 0.7073 | union_precision 1.0000 | weighted_recall 0.0859 | union_precision 1.0000 | threshold 0.725 | val_model raw | lr 0.001000
Epoch 32/60 | train_loss 0.7010 | union_precision 1.0000 | weighted_recall 0.0859 | union_precision 1.0000 | threshold 0.725 | val_model raw | lr 0.001000
Epoch 33/60 | train_loss 0.6796 | union_precision 1.0000 | weighted_recall 0.0859 | union_precision 1.0000 | threshold 0.700 | val_model raw | lr 0.001000
Epoch 34/60 | train_loss 0.6837 | union_precision 1.0000 | weighted_recall 0.0859 | union_precision 1.0000 | threshold 0.675 | val_model raw | lr 0.001000
Early stopping at epoch 34
Held-out M33-1 | union_precision=0.8571 | weighted_recall=0.2810 | consensus_recall=1.0000
Epoch 1/60 | train_loss 1.5353 | union_precision 0.3864 | weighted_recall 0.3363 | union_precision 0.3864 | threshold 0.500 | val_model raw | lr 0.001000
Epoch 2/60 | train_loss 1.3994 | union_precision 0.6667 | weighted_recall 0.0540 | union_precision 0.6667 | threshold 0.575 | val_model raw | lr 0.001000
Epoch 3/60 | train_loss 1.3008 | union_precision 0.6667 | weighted_recall 0.0540 | union_precision 0.6667 | threshold 0.600 | val_model raw | lr 0.001000
Epoch 4/60 | train_loss 1.2450 | union_precision 0.6667 | weighted_recall 0.0540 | union_precision 0.6667 | threshold 0.625 | val_model raw | lr 0.001000
Epoch 5/60 | train_loss 1.2221 | union_precision 0.6667 | weighted_recall 0.0540 | union_precision 0.6667 | threshold 0.650 | val_model raw | lr 0.001000
Epoch 6/60 | train_loss 1.1773 | union_precision 0.5556 | weighted_recall 0.0657 | union_precision 0.5556 | threshold 0.600 | val_model raw | lr 0.001000
Epoch 7/60 | train_loss 1.1543 | union_precision 0.5000 | weighted_recall 0.0657 | union_precision 0.5000 | threshold 0.600 | val_model raw | lr 0.001000
Epoch 8/60 | train_loss 1.1203 | union_precision 0.6667 | weighted_recall 0.0540 | union_precision 0.6667 | threshold 0.675 | val_model raw | lr 0.001000
Epoch 9/60 | train_loss 1.0984 | union_precision 0.6667 | weighted_recall 0.0540 | union_precision 0.6667 | threshold 0.675 | val_model raw | lr 0.001000
Epoch 10/60 | train_loss 1.0653 | union_precision 0.5556 | weighted_recall 0.0657 | union_precision 0.5556 | threshold 0.625 | val_model raw | lr 0.001000
Epoch 11/60 | train_loss 1.0360 | union_precision 0.5714 | weighted_recall 0.0617 | union_precision 0.5714 | threshold 0.675 | val_model raw | lr 0.001000
Epoch 12/60 | train_loss 1.0149 | union_precision 0.5714 | weighted_recall 0.0617 | union_precision 0.5714 | threshold 0.675 | val_model raw | lr 0.001000
Early stopping at epoch 12
Held-out M33-2 | union_precision=0.6667 | weighted_recall=0.0540 | consensus_recall=0.0000
Epoch 1/60 | train_loss 1.5321 | union_precision 0.0476 | weighted_recall 0.1572 | union_precision 0.0476 | threshold 0.500 | val_model raw | lr 0.001000
Epoch 2/60 | train_loss 1.4038 | union_precision 0.1154 | weighted_recall 0.2776 | union_precision 0.1154 | threshold 0.050 | val_model raw | lr 0.001000
Epoch 3/60 | train_loss 1.3011 | union_precision 0.1111 | weighted_recall 0.2776 | union_precision 0.1111 | threshold 0.050 | val_model raw | lr 0.001000
Epoch 4/60 | train_loss 1.2476 | union_precision 0.1724 | weighted_recall 0.3212 | union_precision 0.1724 | threshold 0.050 | val_model raw | lr 0.001000
Epoch 5/60 | train_loss 1.2231 | union_precision 0.1724 | weighted_recall 0.3212 | union_precision 0.1724 | threshold 0.050 | val_model raw | lr 0.001000
Epoch 6/60 | train_loss 1.1809 | union_precision 0.1786 | weighted_recall 0.3126 | union_precision 0.1786 | threshold 0.500 | val_model raw | lr 0.001000
Epoch 7/60 | train_loss 1.1537 | union_precision 0.1786 | weighted_recall 0.3126 | union_precision 0.1786 | threshold 0.500 | val_model raw | lr 0.001000
Epoch 8/60 | train_loss 1.1206 | union_precision 0.1724 | weighted_recall 0.3126 | union_precision 0.1724 | threshold 0.050 | val_model raw | lr 0.001000
Epoch 9/60 | train_loss 1.1001 | union_precision 1.0000 | weighted_recall 0.1572 | union_precision 1.0000 | threshold 0.625 | val_model raw | lr 0.001000
Epoch 10/60 | train_loss 1.0659 | union_precision 1.0000 | weighted_recall 0.1572 | union_precision 1.0000 | threshold 0.650 | val_model raw | lr 0.001000
Epoch 11/60 | train_loss 1.0380 | union_precision 1.0000 | weighted_recall 0.1572 | union_precision 1.0000 | threshold 0.650 | val_model raw | lr 0.001000
Epoch 12/60 | train_loss 1.0156 | union_precision 1.0000 | weighted_recall 0.1572 | union_precision 1.0000 | threshold 0.675 | val_model raw | lr 0.001000
Epoch 13/60 | train_loss 0.9978 | union_precision 1.0000 | weighted_recall 0.2776 | union_precision 1.0000 | threshold 0.675 | val_model raw | lr 0.001000
Epoch 14/60 | train_loss 0.9696 | union_precision 1.0000 | weighted_recall 0.1572 | union_precision 1.0000 | threshold 0.700 | val_model raw | lr 0.001000
Epoch 15/60 | train_loss 0.9535 | union_precision 1.0000 | weighted_recall 0.2776 | union_precision 1.0000 | threshold 0.700 | val_model raw | lr 0.001000
Epoch 16/60 | train_loss 0.9317 | union_precision 1.0000 | weighted_recall 0.2776 | union_precision 1.0000 | threshold 0.725 | val_model raw | lr 0.001000
Epoch 17/60 | train_loss 0.9088 | union_precision 1.0000 | weighted_recall 0.1203 | union_precision 1.0000 | threshold 0.750 | val_model raw | lr 0.001000
Epoch 18/60 | train_loss 0.8909 | union_precision 1.0000 | weighted_recall 0.2776 | union_precision 1.0000 | threshold 0.750 | val_model raw | lr 0.001000
Epoch 19/60 | train_loss 0.8730 | union_precision 1.0000 | weighted_recall 0.2776 | union_precision 1.0000 | threshold 0.775 | val_model raw | lr 0.001000
Epoch 20/60 | train_loss 0.8583 | union_precision 1.0000 | weighted_recall 0.1203 | union_precision 1.0000 | threshold 0.800 | val_model raw | lr 0.001000
Epoch 21/60 | train_loss 0.8434 | union_precision 1.0000 | weighted_recall 0.2776 | union_precision 1.0000 | threshold 0.800 | val_model raw | lr 0.001000
Epoch 22/60 | train_loss 0.8511 | union_precision 1.0000 | weighted_recall 0.1203 | union_precision 1.0000 | threshold 0.825 | val_model raw | lr 0.001000
Epoch 23/60 | train_loss 0.8064 | union_precision 1.0000 | weighted_recall 0.0590 | union_precision 1.0000 | threshold 0.850 | val_model raw | lr 0.001000
Early stopping at epoch 23
Held-out M33-3 | union_precision=1.0000 | weighted_recall=0.2776 | consensus_recall=0.0000
Epoch 1/60 | train_loss 1.5275 | union_precision 1.0000 | weighted_recall 0.0589 | union_precision 1.0000 | threshold 0.550 | val_model raw | lr 0.001000
Epoch 2/60 | train_loss 1.3800 | union_precision 1.0000 | weighted_recall 0.0479 | union_precision 1.0000 | threshold 0.575 | val_model raw | lr 0.001000
Epoch 3/60 | train_loss 1.3181 | union_precision 0.8571 | weighted_recall 0.0506 | union_precision 0.8571 | threshold 0.625 | val_model raw | lr 0.001000
Epoch 4/60 | train_loss 1.2450 | union_precision 0.7500 | weighted_recall 0.3118 | union_precision 0.7500 | threshold 0.550 | val_model raw | lr 0.001000
Epoch 5/60 | train_loss 1.2064 | union_precision 0.7429 | weighted_recall 0.3225 | union_precision 0.7429 | threshold 0.575 | val_model raw | lr 0.001000
Epoch 6/60 | train_loss 1.1867 | union_precision 0.7250 | weighted_recall 0.3283 | union_precision 0.7250 | threshold 0.575 | val_model raw | lr 0.001000
Epoch 7/60 | train_loss 1.1517 | union_precision 0.7059 | weighted_recall 0.0798 | union_precision 0.7059 | threshold 0.625 | val_model raw | lr 0.001000
Epoch 8/60 | train_loss 1.1088 | union_precision 0.7727 | weighted_recall 0.1607 | union_precision 0.7727 | threshold 0.625 | val_model raw | lr 0.001000
Epoch 9/60 | train_loss 1.0896 | union_precision 0.8000 | weighted_recall 0.1504 | union_precision 0.8000 | threshold 0.650 | val_model raw | lr 0.001000
Epoch 10/60 | train_loss 1.0595 | union_precision 0.8214 | weighted_recall 0.1729 | union_precision 0.8214 | threshold 0.650 | val_model raw | lr 0.001000
Epoch 11/60 | train_loss 1.0292 | union_precision 0.8182 | weighted_recall 0.1543 | union_precision 0.8182 | threshold 0.675 | val_model raw | lr 0.001000
Early stopping at epoch 11
Held-out M33-4 | union_precision=1.0000 | weighted_recall=0.0589 | consensus_recall=0.0000
Epoch 1/60 | train_loss 1.5322 | union_precision 0.3333 | weighted_recall 0.0032 | union_precision 0.3333 | threshold 0.525 | val_model raw | lr 0.001000
Epoch 2/60 | train_loss 1.3928 | union_precision 0.3036 | weighted_recall 0.1848 | union_precision 0.3036 | threshold 0.050 | val_model raw | lr 0.001000
Epoch 3/60 | train_loss 1.3080 | union_precision 0.3276 | weighted_recall 0.1590 | union_precision 0.3276 | threshold 0.050 | val_model raw | lr 0.001000
Epoch 4/60 | train_loss 1.2410 | union_precision 0.3333 | weighted_recall 0.1718 | union_precision 0.3333 | threshold 0.450 | val_model raw | lr 0.001000
Epoch 5/60 | train_loss 1.2156 | union_precision 0.3621 | weighted_recall 0.1929 | union_precision 0.3621 | threshold 0.050 | val_model raw | lr 0.001000
Epoch 6/60 | train_loss 1.1724 | union_precision 0.3621 | weighted_recall 0.1933 | union_precision 0.3621 | threshold 0.050 | val_model raw | lr 0.001000
Epoch 7/60 | train_loss 1.1471 | union_precision 0.3571 | weighted_recall 0.2075 | union_precision 0.3571 | threshold 0.050 | val_model raw | lr 0.001000
Epoch 8/60 | train_loss 1.1185 | union_precision 0.3273 | weighted_recall 0.1956 | union_precision 0.3273 | threshold 0.050 | val_model raw | lr 0.001000
Epoch 9/60 | train_loss 1.0943 | union_precision 0.3636 | weighted_recall 0.2070 | union_precision 0.3636 | threshold 0.050 | val_model raw | lr 0.001000
Epoch 10/60 | train_loss 1.0618 | union_precision 0.5000 | weighted_recall 0.0032 | union_precision 0.5000 | threshold 0.700 | val_model raw | lr 0.001000
Epoch 11/60 | train_loss 1.0277 | union_precision 0.5000 | weighted_recall 0.0032 | union_precision 0.5000 | threshold 0.700 | val_model raw | lr 0.001000
Epoch 12/60 | train_loss 1.0035 | union_precision 0.5000 | weighted_recall 0.0320 | union_precision 0.5000 | threshold 0.675 | val_model raw | lr 0.001000
Epoch 13/60 | train_loss 0.9865 | union_precision 0.6667 | weighted_recall 0.0320 | union_precision 0.6667 | threshold 0.700 | val_model raw | lr 0.001000
Epoch 14/60 | train_loss 0.9562 | union_precision 0.5833 | weighted_recall 0.1602 | union_precision 0.5833 | threshold 0.650 | val_model raw | lr 0.001000
Epoch 15/60 | train_loss 0.9444 | union_precision 0.6667 | weighted_recall 0.0320 | union_precision 0.6667 | threshold 0.725 | val_model raw | lr 0.001000
Epoch 16/60 | train_loss 0.9273 | union_precision 0.5714 | weighted_recall 0.1852 | union_precision 0.5714 | threshold 0.650 | val_model raw | lr 0.001000
Epoch 17/60 | train_loss 0.8985 | union_precision 0.5714 | weighted_recall 0.1852 | union_precision 0.5714 | threshold 0.650 | val_model raw | lr 0.001000
Epoch 18/60 | train_loss 0.8823 | union_precision 0.6667 | weighted_recall 0.0737 | union_precision 0.6667 | threshold 0.725 | val_model raw | lr 0.001000
Epoch 19/60 | train_loss 0.8670 | union_precision 1.0000 | weighted_recall 0.0288 | union_precision 1.0000 | threshold 0.800 | val_model raw | lr 0.001000
Epoch 20/60 | train_loss 0.8495 | union_precision 1.0000 | weighted_recall 0.0288 | union_precision 1.0000 | threshold 0.800 | val_model raw | lr 0.001000
Epoch 21/60 | train_loss 0.8332 | union_precision 1.0000 | weighted_recall 0.0513 | union_precision 1.0000 | threshold 0.800 | val_model raw | lr 0.001000
Epoch 22/60 | train_loss 0.8453 | union_precision 1.0000 | weighted_recall 0.0513 | union_precision 1.0000 | threshold 0.800 | val_model raw | lr 0.001000
Epoch 23/60 | train_loss 0.7936 | union_precision 1.0000 | weighted_recall 0.0513 | union_precision 1.0000 | threshold 0.825 | val_model raw | lr 0.001000
Epoch 24/60 | train_loss 0.7937 | union_precision 1.0000 | weighted_recall 0.0513 | union_precision 1.0000 | threshold 0.825 | val_model raw | lr 0.001000
Epoch 25/60 | train_loss 0.7692 | union_precision 1.0000 | weighted_recall 0.0663 | union_precision 1.0000 | threshold 0.825 | val_model raw | lr 0.001000
Epoch 26/60 | train_loss 0.7743 | union_precision 1.0000 | weighted_recall 0.0439 | union_precision 1.0000 | threshold 0.850 | val_model raw | lr 0.001000
Epoch 27/60 | train_loss 0.7585 | union_precision 1.0000 | weighted_recall 0.0663 | union_precision 1.0000 | threshold 0.850 | val_model raw | lr 0.001000
Epoch 28/60 | train_loss 0.7358 | union_precision 1.0000 | weighted_recall 0.0439 | union_precision 1.0000 | threshold 0.875 | val_model raw | lr 0.001000
Epoch 29/60 | train_loss 0.7279 | union_precision 1.0000 | weighted_recall 0.0663 | union_precision 1.0000 | threshold 0.875 | val_model raw | lr 0.001000
Epoch 30/60 | train_loss 0.7321 | union_precision 1.0000 | weighted_recall 0.0663 | union_precision 1.0000 | threshold 0.875 | val_model raw | lr 0.001000
Epoch 31/60 | train_loss 0.6984 | union_precision 1.0000 | weighted_recall 0.0663 | union_precision 1.0000 | threshold 0.900 | val_model raw | lr 0.001000
Epoch 32/60 | train_loss 0.6866 | union_precision 1.0000 | weighted_recall 0.0663 | union_precision 1.0000 | threshold 0.900 | val_model raw | lr 0.001000
Epoch 33/60 | train_loss 0.6671 | union_precision 1.0000 | weighted_recall 0.0663 | union_precision 1.0000 | threshold 0.900 | val_model raw | lr 0.001000
Epoch 34/60 | train_loss 0.6790 | union_precision 1.0000 | weighted_recall 0.0288 | union_precision 1.0000 | threshold 0.925 | val_model raw | lr 0.001000
Epoch 35/60 | train_loss 0.6565 | union_precision 1.0000 | weighted_recall 0.0288 | union_precision 1.0000 | threshold 0.925 | val_model raw | lr 0.001000
Early stopping at epoch 35
Held-out M41-1 | union_precision=1.0000 | weighted_recall=0.0663 | consensus_recall=0.0000
Epoch 1/60 | train_loss 1.5319 | union_precision 0.6667 | weighted_recall 0.1397 | union_precision 0.6667 | threshold 0.500 | val_model raw | lr 0.001000
Epoch 2/60 | train_loss 1.3944 | union_precision 0.5714 | weighted_recall 0.1397 | union_precision 0.5714 | threshold 0.500 | val_model raw | lr 0.001000
Epoch 3/60 | train_loss 1.3115 | union_precision 0.5714 | weighted_recall 0.1397 | union_precision 0.5714 | threshold 0.525 | val_model raw | lr 0.001000
Epoch 4/60 | train_loss 1.2447 | union_precision 0.5714 | weighted_recall 0.1397 | union_precision 0.5714 | threshold 0.550 | val_model raw | lr 0.001000
Epoch 5/60 | train_loss 1.2242 | union_precision 0.6667 | weighted_recall 0.2223 | union_precision 0.6667 | threshold 0.550 | val_model raw | lr 0.001000
Epoch 6/60 | train_loss 1.1780 | union_precision 0.5556 | weighted_recall 0.1778 | union_precision 0.5556 | threshold 0.575 | val_model raw | lr 0.001000
Epoch 7/60 | train_loss 1.1535 | union_precision 0.6000 | weighted_recall 0.2413 | union_precision 0.6000 | threshold 0.575 | val_model raw | lr 0.001000
Epoch 8/60 | train_loss 1.1225 | union_precision 1.0000 | weighted_recall 0.0445 | union_precision 1.0000 | threshold 0.700 | val_model raw | lr 0.001000
Epoch 9/60 | train_loss 1.1027 | union_precision 1.0000 | weighted_recall 0.0445 | union_precision 1.0000 | threshold 0.700 | val_model raw | lr 0.001000
Epoch 10/60 | train_loss 1.0678 | union_precision 1.0000 | weighted_recall 0.0445 | union_precision 1.0000 | threshold 0.700 | val_model raw | lr 0.001000
Epoch 11/60 | train_loss 1.0412 | union_precision 1.0000 | weighted_recall 0.0445 | union_precision 1.0000 | threshold 0.700 | val_model raw | lr 0.001000
Epoch 12/60 | train_loss 1.0128 | union_precision 1.0000 | weighted_recall 0.0445 | union_precision 1.0000 | threshold 0.700 | val_model raw | lr 0.001000
Epoch 13/60 | train_loss 0.9964 | union_precision 1.0000 | weighted_recall 0.0445 | union_precision 1.0000 | threshold 0.700 | val_model raw | lr 0.001000
Epoch 14/60 | train_loss 0.9654 | union_precision 1.0000 | weighted_recall 0.1334 | union_precision 1.0000 | threshold 0.700 | val_model raw | lr 0.001000
Epoch 15/60 | train_loss 0.9531 | union_precision 1.0000 | weighted_recall 0.1842 | union_precision 1.0000 | threshold 0.700 | val_model raw | lr 0.001000
Epoch 16/60 | train_loss 0.9374 | union_precision 1.0000 | weighted_recall 0.2477 | union_precision 1.0000 | threshold 0.700 | val_model raw | lr 0.001000
Epoch 17/60 | train_loss 0.9079 | union_precision 1.0000 | weighted_recall 0.1842 | union_precision 1.0000 | threshold 0.725 | val_model raw | lr 0.001000
Epoch 18/60 | train_loss 0.8942 | union_precision 1.0000 | weighted_recall 0.1842 | union_precision 1.0000 | threshold 0.725 | val_model raw | lr 0.001000
Epoch 19/60 | train_loss 0.8796 | union_precision 1.0000 | weighted_recall 0.2477 | union_precision 1.0000 | threshold 0.725 | val_model raw | lr 0.001000
Epoch 20/60 | train_loss 0.8644 | union_precision 1.0000 | weighted_recall 0.2477 | union_precision 1.0000 | threshold 0.725 | val_model raw | lr 0.001000
Epoch 21/60 | train_loss 0.8461 | union_precision 1.0000 | weighted_recall 0.1842 | union_precision 1.0000 | threshold 0.750 | val_model raw | lr 0.001000
Epoch 22/60 | train_loss 0.8544 | union_precision 1.0000 | weighted_recall 0.1842 | union_precision 1.0000 | threshold 0.750 | val_model raw | lr 0.001000
Epoch 23/60 | train_loss 0.8071 | union_precision 1.0000 | weighted_recall 0.1842 | union_precision 1.0000 | threshold 0.750 | val_model raw | lr 0.001000
Epoch 24/60 | train_loss 0.8039 | union_precision 1.0000 | weighted_recall 0.1842 | union_precision 1.0000 | threshold 0.750 | val_model raw | lr 0.001000
Epoch 25/60 | train_loss 0.7804 | union_precision 1.0000 | weighted_recall 0.1842 | union_precision 1.0000 | threshold 0.750 | val_model raw | lr 0.001000
Epoch 26/60 | train_loss 0.7863 | union_precision 1.0000 | weighted_recall 0.2477 | union_precision 1.0000 | threshold 0.725 | val_model raw | lr 0.001000
Epoch 27/60 | train_loss 0.7654 | union_precision 1.0000 | weighted_recall 0.2477 | union_precision 1.0000 | threshold 0.750 | val_model raw | lr 0.001000
Epoch 28/60 | train_loss 0.7448 | union_precision 0.8571 | weighted_recall 0.2558 | union_precision 0.8571 | threshold 0.725 | val_model raw | lr 0.001000
Epoch 29/60 | train_loss 0.7380 | union_precision 1.0000 | weighted_recall 0.2477 | union_precision 1.0000 | threshold 0.750 | val_model raw | lr 0.001000
Epoch 30/60 | train_loss 0.7382 | union_precision 1.0000 | weighted_recall 0.2477 | union_precision 1.0000 | threshold 0.775 | val_model raw | lr 0.001000
Epoch 31/60 | train_loss 0.7039 | union_precision 1.0000 | weighted_recall 0.2477 | union_precision 1.0000 | threshold 0.775 | val_model raw | lr 0.001000
Epoch 32/60 | train_loss 0.6971 | union_precision 1.0000 | weighted_recall 0.2477 | union_precision 1.0000 | threshold 0.775 | val_model raw | lr 0.001000
Epoch 33/60 | train_loss 0.6739 | union_precision 1.0000 | weighted_recall 0.2477 | union_precision 1.0000 | threshold 0.750 | val_model raw | lr 0.001000
Epoch 34/60 | train_loss 0.6900 | union_precision 1.0000 | weighted_recall 0.2477 | union_precision 1.0000 | threshold 0.750 | val_model raw | lr 0.001000
Epoch 35/60 | train_loss 0.6678 | union_precision 1.0000 | weighted_recall 0.2477 | union_precision 1.0000 | threshold 0.750 | val_model raw | lr 0.001000
Epoch 36/60 | train_loss 0.6540 | union_precision 1.0000 | weighted_recall 0.1842 | union_precision 1.0000 | threshold 0.775 | val_model raw | lr 0.001000
Epoch 37/60 | train_loss 0.6426 | union_precision 1.0000 | weighted_recall 0.1842 | union_precision 1.0000 | threshold 0.800 | val_model raw | lr 0.001000
Epoch 38/60 | train_loss 0.6330 | union_precision 1.0000 | weighted_recall 0.1842 | union_precision 1.0000 | threshold 0.800 | val_model raw | lr 0.001000
Early stopping at epoch 38
Held-out M41-2 | union_precision=0.8571 | weighted_recall=0.2558 | consensus_recall=0.0000
Epoch 1/60 | train_loss 1.5343 | union_precision 0.6000 | weighted_recall 0.1278 | union_precision 0.6000 | threshold 0.575 | val_model raw | lr 0.001000
Epoch 2/60 | train_loss 1.3938 | union_precision 0.6667 | weighted_recall 0.2178 | union_precision 0.6667 | threshold 0.575 | val_model raw | lr 0.001000
Epoch 3/60 | train_loss 1.3114 | union_precision 0.6667 | weighted_recall 0.2178 | union_precision 0.6667 | threshold 0.575 | val_model raw | lr 0.001000
Epoch 4/60 | train_loss 1.2466 | union_precision 0.6667 | weighted_recall 0.2178 | union_precision 0.6667 | threshold 0.600 | val_model raw | lr 0.001000
Epoch 5/60 | train_loss 1.2235 | union_precision 0.6667 | weighted_recall 0.3190 | union_precision 0.6667 | threshold 0.525 | val_model raw | lr 0.001000
Epoch 6/60 | train_loss 1.1768 | union_precision 0.6667 | weighted_recall 0.3541 | union_precision 0.6667 | threshold 0.500 | val_model raw | lr 0.001000
Epoch 7/60 | train_loss 1.1521 | union_precision 0.6875 | weighted_recall 0.3494 | union_precision 0.6875 | threshold 0.525 | val_model raw | lr 0.001000
Epoch 8/60 | train_loss 1.1196 | union_precision 0.6875 | weighted_recall 0.3739 | union_precision 0.6875 | threshold 0.525 | val_model raw | lr 0.001000
Epoch 9/60 | train_loss 1.1040 | union_precision 0.6875 | weighted_recall 0.3739 | union_precision 0.6875 | threshold 0.525 | val_model raw | lr 0.001000
Epoch 10/60 | train_loss 1.0676 | union_precision 0.6875 | weighted_recall 0.3929 | union_precision 0.6875 | threshold 0.525 | val_model raw | lr 0.001000
Epoch 11/60 | train_loss 1.0412 | union_precision 0.7647 | weighted_recall 0.4226 | union_precision 0.7647 | threshold 0.525 | val_model raw | lr 0.001000
Epoch 12/60 | train_loss 1.0120 | union_precision 0.7500 | weighted_recall 0.2699 | union_precision 0.7500 | threshold 0.675 | val_model raw | lr 0.001000
Epoch 13/60 | train_loss 0.9962 | union_precision 0.7500 | weighted_recall 0.4179 | union_precision 0.7500 | threshold 0.550 | val_model raw | lr 0.001000
Epoch 14/60 | train_loss 0.9663 | union_precision 0.7500 | weighted_recall 0.4179 | union_precision 0.7500 | threshold 0.550 | val_model raw | lr 0.001000
Epoch 15/60 | train_loss 0.9511 | union_precision 1.0000 | weighted_recall 0.0616 | union_precision 1.0000 | threshold 0.725 | val_model raw | lr 0.001000
Epoch 16/60 | train_loss 0.9363 | union_precision 0.7692 | weighted_recall 0.3646 | union_precision 0.7692 | threshold 0.625 | val_model raw | lr 0.001000
Epoch 17/60 | train_loss 0.9055 | union_precision 0.7500 | weighted_recall 0.2699 | union_precision 0.7500 | threshold 0.700 | val_model raw | lr 0.001000
Epoch 18/60 | train_loss 0.8954 | union_precision 0.8000 | weighted_recall 0.1563 | union_precision 0.8000 | threshold 0.750 | val_model raw | lr 0.001000
Epoch 19/60 | train_loss 0.8780 | union_precision 0.7333 | weighted_recall 0.3862 | union_precision 0.7333 | threshold 0.600 | val_model raw | lr 0.001000
Epoch 20/60 | train_loss 0.8614 | union_precision 1.0000 | weighted_recall 0.0426 | union_precision 1.0000 | threshold 0.800 | val_model raw | lr 0.001000
Epoch 21/60 | train_loss 0.8465 | union_precision 0.8000 | weighted_recall 0.1563 | union_precision 0.8000 | threshold 0.775 | val_model raw | lr 0.001000
Epoch 22/60 | train_loss 0.8512 | union_precision 0.8000 | weighted_recall 0.1563 | union_precision 0.8000 | threshold 0.775 | val_model raw | lr 0.001000
Epoch 23/60 | train_loss 0.8071 | union_precision 0.8333 | weighted_recall 0.2083 | union_precision 0.8333 | threshold 0.750 | val_model raw | lr 0.001000
Epoch 24/60 | train_loss 0.8029 | union_precision 1.0000 | weighted_recall 0.1278 | union_precision 1.0000 | threshold 0.775 | val_model raw | lr 0.001000
Epoch 25/60 | train_loss 0.7768 | union_precision 1.0000 | weighted_recall 0.0568 | union_precision 1.0000 | threshold 0.775 | val_model raw | lr 0.001000
Epoch 26/60 | train_loss 0.7830 | union_precision 1.0000 | weighted_recall 0.0852 | union_precision 1.0000 | threshold 0.750 | val_model raw | lr 0.001000
Epoch 27/60 | train_loss 0.7644 | union_precision 0.8750 | weighted_recall 0.2983 | union_precision 0.8750 | threshold 0.700 | val_model raw | lr 0.001000
Epoch 28/60 | train_loss 0.7427 | union_precision 0.8750 | weighted_recall 0.2983 | union_precision 0.8750 | threshold 0.700 | val_model raw | lr 0.001000
Epoch 29/60 | train_loss 0.7361 | union_precision 0.8750 | weighted_recall 0.2983 | union_precision 0.8750 | threshold 0.700 | val_model raw | lr 0.001000
Epoch 30/60 | train_loss 0.7372 | union_precision 0.8750 | weighted_recall 0.2983 | union_precision 0.8750 | threshold 0.675 | val_model raw | lr 0.001000
Epoch 31/60 | train_loss 0.7078 | union_precision 0.8750 | weighted_recall 0.2983 | union_precision 0.8750 | threshold 0.650 | val_model raw | lr 0.001000
Epoch 32/60 | train_loss 0.6924 | union_precision 0.8750 | weighted_recall 0.2983 | union_precision 0.8750 | threshold 0.625 | val_model raw | lr 0.001000
Epoch 33/60 | train_loss 0.6729 | union_precision 0.8750 | weighted_recall 0.2983 | union_precision 0.8750 | threshold 0.600 | val_model raw | lr 0.001000
Epoch 34/60 | train_loss 0.6855 | union_precision 0.8571 | weighted_recall 0.2462 | union_precision 0.8571 | threshold 0.625 | val_model raw | lr 0.001000
Epoch 35/60 | train_loss 0.6656 | union_precision 0.8571 | weighted_recall 0.2462 | union_precision 0.8571 | threshold 0.625 | val_model raw | lr 0.001000
Epoch 36/60 | train_loss 0.6514 | union_precision 1.0000 | weighted_recall 0.1278 | union_precision 1.0000 | threshold 0.725 | val_model raw | lr 0.001000
Epoch 37/60 | train_loss 0.6411 | union_precision 0.8571 | weighted_recall 0.2178 | union_precision 0.8571 | threshold 0.650 | val_model raw | lr 0.001000
Early stopping at epoch 37
Held-out M41-3 | union_precision=0.8750 | weighted_recall=0.2983 | consensus_recall=0.0000
Epoch 1/60 | train_loss 1.5358 | union_precision 0.7000 | weighted_recall 0.1424 | union_precision 0.7000 | threshold 0.550 | val_model raw | lr 0.001000
Epoch 2/60 | train_loss 1.3958 | union_precision 0.7500 | weighted_recall 0.2052 | union_precision 0.7500 | threshold 0.550 | val_model raw | lr 0.001000
Epoch 3/60 | train_loss 1.3107 | union_precision 0.7500 | weighted_recall 0.2052 | union_precision 0.7500 | threshold 0.575 | val_model raw | lr 0.001000
Epoch 4/60 | train_loss 1.2473 | union_precision 0.7500 | weighted_recall 0.1767 | union_precision 0.7500 | threshold 0.600 | val_model raw | lr 0.001000
Epoch 5/60 | train_loss 1.2218 | union_precision 0.8571 | weighted_recall 0.1767 | union_precision 0.8571 | threshold 0.625 | val_model raw | lr 0.001000
Epoch 6/60 | train_loss 1.1784 | union_precision 0.8750 | weighted_recall 0.1910 | union_precision 0.8750 | threshold 0.625 | val_model raw | lr 0.001000
Epoch 7/60 | train_loss 1.1535 | union_precision 0.8571 | weighted_recall 0.1767 | union_precision 0.8571 | threshold 0.650 | val_model raw | lr 0.001000
Epoch 8/60 | train_loss 1.1228 | union_precision 0.8571 | weighted_recall 0.1767 | union_precision 0.8571 | threshold 0.650 | val_model raw | lr 0.001000
Epoch 9/60 | train_loss 1.1007 | union_precision 0.8333 | weighted_recall 0.1625 | union_precision 0.8333 | threshold 0.675 | val_model raw | lr 0.001000
Epoch 10/60 | train_loss 1.0670 | union_precision 0.8571 | weighted_recall 0.1767 | union_precision 0.8571 | threshold 0.675 | val_model raw | lr 0.001000
Epoch 11/60 | train_loss 1.0432 | union_precision 0.8333 | weighted_recall 0.1625 | union_precision 0.8333 | threshold 0.700 | val_model raw | lr 0.001000
Epoch 12/60 | train_loss 1.0113 | union_precision 0.8571 | weighted_recall 0.1767 | union_precision 0.8571 | threshold 0.700 | val_model raw | lr 0.001000
Epoch 13/60 | train_loss 0.9953 | union_precision 0.8333 | weighted_recall 0.1585 | union_precision 0.8333 | threshold 0.725 | val_model raw | lr 0.001000
Epoch 14/60 | train_loss 0.9705 | union_precision 0.8000 | weighted_recall 0.1442 | union_precision 0.8000 | threshold 0.750 | val_model raw | lr 0.001000
Epoch 15/60 | train_loss 0.9513 | union_precision 1.0000 | weighted_recall 0.0427 | union_precision 1.0000 | threshold 0.775 | val_model raw | lr 0.001000
Epoch 16/60 | train_loss 0.9373 | union_precision 1.0000 | weighted_recall 0.1442 | union_precision 1.0000 | threshold 0.775 | val_model raw | lr 0.001000
Early stopping at epoch 16
Held-out M41-4 | union_precision=0.8750 | weighted_recall=0.1910 | consensus_recall=0.0000
Epoch 1/60 | train_loss 1.5355 | union_precision 1.0000 | weighted_recall 0.0042 | union_precision 1.0000 | threshold 0.650 | val_model raw | lr 0.001000
Epoch 2/60 | train_loss 1.3894 | union_precision 0.4872 | weighted_recall 0.3707 | union_precision 0.4872 | threshold 0.475 | val_model raw | lr 0.001000
Epoch 3/60 | train_loss 1.3090 | union_precision 0.4750 | weighted_recall 0.3707 | union_precision 0.4750 | threshold 0.500 | val_model raw | lr 0.001000
Epoch 4/60 | train_loss 1.2462 | union_precision 0.4750 | weighted_recall 0.3707 | union_precision 0.4750 | threshold 0.500 | val_model raw | lr 0.001000
Epoch 5/60 | train_loss 1.2216 | union_precision 0.4750 | weighted_recall 0.3707 | union_precision 0.4750 | threshold 0.500 | val_model raw | lr 0.001000
Epoch 6/60 | train_loss 1.1779 | union_precision 0.4750 | weighted_recall 0.4645 | union_precision 0.4750 | threshold 0.525 | val_model raw | lr 0.001000
Epoch 7/60 | train_loss 1.1519 | union_precision 0.4524 | weighted_recall 0.4237 | union_precision 0.4524 | threshold 0.525 | val_model raw | lr 0.001000
Epoch 8/60 | train_loss 1.1246 | union_precision 0.5000 | weighted_recall 0.2732 | union_precision 0.5000 | threshold 0.650 | val_model raw | lr 0.001000
Epoch 9/60 | train_loss 1.1041 | union_precision 0.5000 | weighted_recall 0.2732 | union_precision 0.5000 | threshold 0.675 | val_model raw | lr 0.001000
Epoch 10/60 | train_loss 1.0665 | union_precision 0.5000 | weighted_recall 0.3598 | union_precision 0.5000 | threshold 0.675 | val_model raw | lr 0.001000
Epoch 11/60 | train_loss 1.0433 | union_precision 0.6364 | weighted_recall 0.3033 | union_precision 0.6364 | threshold 0.725 | val_model raw | lr 0.001000
Early stopping at epoch 11
Held-out M50-1 | union_precision=1.0000 | weighted_recall=0.0042 | consensus_recall=0.0000
Epoch 1/60 | train_loss 1.5356 | union_precision 1.0000 | weighted_recall 0.0024 | union_precision 1.0000 | threshold 0.625 | val_model raw | lr 0.001000
Epoch 2/60 | train_loss 1.3896 | union_precision 1.0000 | weighted_recall 0.0024 | union_precision 1.0000 | threshold 0.625 | val_model raw | lr 0.001000
Epoch 3/60 | train_loss 1.3061 | union_precision 0.5294 | weighted_recall 0.1701 | union_precision 0.5294 | threshold 0.525 | val_model raw | lr 0.001000
Epoch 4/60 | train_loss 1.2469 | union_precision 1.0000 | weighted_recall 0.0024 | union_precision 1.0000 | threshold 0.650 | val_model raw | lr 0.001000
Epoch 5/60 | train_loss 1.2228 | union_precision 1.0000 | weighted_recall 0.0024 | union_precision 1.0000 | threshold 0.675 | val_model raw | lr 0.001000
Epoch 6/60 | train_loss 1.1770 | union_precision 1.0000 | weighted_recall 0.0024 | union_precision 1.0000 | threshold 0.675 | val_model raw | lr 0.001000
Epoch 7/60 | train_loss 1.1510 | union_precision 1.0000 | weighted_recall 0.0024 | union_precision 1.0000 | threshold 0.675 | val_model raw | lr 0.001000
Epoch 8/60 | train_loss 1.1271 | union_precision 1.0000 | weighted_recall 0.0024 | union_precision 1.0000 | threshold 0.675 | val_model raw | lr 0.001000
Epoch 9/60 | train_loss 1.1045 | union_precision 1.0000 | weighted_recall 0.0218 | union_precision 1.0000 | threshold 0.675 | val_model raw | lr 0.001000
Epoch 10/60 | train_loss 1.0692 | union_precision 1.0000 | weighted_recall 0.0218 | union_precision 1.0000 | threshold 0.675 | val_model raw | lr 0.001000
Epoch 11/60 | train_loss 1.0414 | union_precision 1.0000 | weighted_recall 0.0218 | union_precision 1.0000 | threshold 0.675 | val_model raw | lr 0.001000
Epoch 12/60 | train_loss 1.0085 | union_precision 1.0000 | weighted_recall 0.0218 | union_precision 1.0000 | threshold 0.675 | val_model raw | lr 0.001000
Epoch 13/60 | train_loss 0.9968 | union_precision 1.0000 | weighted_recall 0.0218 | union_precision 1.0000 | threshold 0.700 | val_model raw | lr 0.001000
Epoch 14/60 | train_loss 0.9668 | union_precision 1.0000 | weighted_recall 0.0218 | union_precision 1.0000 | threshold 0.700 | val_model raw | lr 0.001000
Epoch 15/60 | train_loss 0.9514 | union_precision 1.0000 | weighted_recall 0.0218 | union_precision 1.0000 | threshold 0.700 | val_model raw | lr 0.001000
Epoch 16/60 | train_loss 0.9371 | union_precision 1.0000 | weighted_recall 0.0218 | union_precision 1.0000 | threshold 0.725 | val_model raw | lr 0.001000
Epoch 17/60 | train_loss 0.9117 | union_precision 1.0000 | weighted_recall 0.0194 | union_precision 1.0000 | threshold 0.750 | val_model raw | lr 0.001000
Epoch 18/60 | train_loss 0.8956 | union_precision 1.0000 | weighted_recall 0.0194 | union_precision 1.0000 | threshold 0.775 | val_model raw | lr 0.001000
Epoch 19/60 | train_loss 0.8856 | union_precision 0.8000 | weighted_recall 0.1958 | union_precision 0.8000 | threshold 0.625 | val_model raw | lr 0.001000
Epoch 20/60 | train_loss 0.8662 | union_precision 0.8571 | weighted_recall 0.1267 | union_precision 0.8571 | threshold 0.725 | val_model raw | lr 0.001000
Epoch 21/60 | train_loss 0.8515 | union_precision 0.8333 | weighted_recall 0.0678 | union_precision 0.8333 | threshold 0.750 | val_model raw | lr 0.001000
Epoch 22/60 | train_loss 0.8549 | union_precision 0.8571 | weighted_recall 0.1267 | union_precision 0.8571 | threshold 0.750 | val_model raw | lr 0.001000
Epoch 23/60 | train_loss 0.8115 | union_precision 0.8000 | weighted_recall 0.0654 | union_precision 0.8000 | threshold 0.775 | val_model raw | lr 0.001000
Epoch 24/60 | train_loss 0.8064 | union_precision 0.8000 | weighted_recall 0.0654 | union_precision 0.8000 | threshold 0.775 | val_model raw | lr 0.001000
Epoch 25/60 | train_loss 0.7804 | union_precision 0.8333 | weighted_recall 0.0678 | union_precision 0.8333 | threshold 0.775 | val_model raw | lr 0.001000
Epoch 26/60 | train_loss 0.7878 | union_precision 0.8333 | weighted_recall 0.0678 | union_precision 0.8333 | threshold 0.775 | val_model raw | lr 0.001000
Epoch 27/60 | train_loss 0.7642 | union_precision 0.8333 | weighted_recall 0.0522 | union_precision 0.8333 | threshold 0.775 | val_model raw | lr 0.001000
Epoch 28/60 | train_loss 0.7482 | union_precision 0.8571 | weighted_recall 0.0646 | union_precision 0.8571 | threshold 0.775 | val_model raw | lr 0.001000
Epoch 29/60 | train_loss 0.7390 | union_precision 0.8333 | weighted_recall 0.0522 | union_precision 0.8333 | threshold 0.800 | val_model raw | lr 0.001000
Epoch 30/60 | train_loss 0.7378 | union_precision 0.8571 | weighted_recall 0.0646 | union_precision 0.8571 | threshold 0.800 | val_model raw | lr 0.001000
Early stopping at epoch 30
Held-out M50-2 | union_precision=0.8571 | weighted_recall=0.1267 | consensus_recall=0.0000
Epoch 1/60 | train_loss 1.5474 | union_precision 0.8000 | weighted_recall 0.0804 | union_precision 0.8000 | threshold 0.575 | val_model raw | lr 0.001000
Epoch 2/60 | train_loss 1.4000 | union_precision 0.8000 | weighted_recall 0.0804 | union_precision 0.8000 | threshold 0.575 | val_model raw | lr 0.001000
Epoch 3/60 | train_loss 1.3179 | union_precision 0.8182 | weighted_recall 0.1278 | union_precision 0.8182 | threshold 0.575 | val_model raw | lr 0.001000
Epoch 4/60 | train_loss 1.2597 | union_precision 0.7500 | weighted_recall 0.0202 | union_precision 0.7500 | threshold 0.625 | val_model raw | lr 0.001000
Epoch 5/60 | train_loss 1.2295 | union_precision 0.8333 | weighted_recall 0.0443 | union_precision 0.8333 | threshold 0.650 | val_model raw | lr 0.001000
Epoch 6/60 | train_loss 1.1862 | union_precision 0.8333 | weighted_recall 0.0762 | union_precision 0.8333 | threshold 0.675 | val_model raw | lr 0.001000
Epoch 7/60 | train_loss 1.1582 | union_precision 0.6829 | weighted_recall 0.3280 | union_precision 0.6829 | threshold 0.600 | val_model raw | lr 0.001000
Epoch 8/60 | train_loss 1.1282 | union_precision 0.6667 | weighted_recall 0.0671 | union_precision 0.6667 | threshold 0.700 | val_model raw | lr 0.001000
Epoch 9/60 | train_loss 1.1085 | union_precision 0.6765 | weighted_recall 0.2604 | union_precision 0.6765 | threshold 0.625 | val_model raw | lr 0.001000
Epoch 10/60 | train_loss 1.0763 | union_precision 1.0000 | weighted_recall 0.0399 | union_precision 1.0000 | threshold 0.825 | val_model raw | lr 0.001000
Epoch 11/60 | train_loss 1.0485 | union_precision 0.7037 | weighted_recall 0.1995 | union_precision 0.7037 | threshold 0.650 | val_model raw | lr 0.001000
Epoch 12/60 | train_loss 1.0177 | union_precision 1.0000 | weighted_recall 0.0399 | union_precision 1.0000 | threshold 0.850 | val_model raw | lr 0.001000
Epoch 13/60 | train_loss 1.0067 | union_precision 1.0000 | weighted_recall 0.0399 | union_precision 1.0000 | threshold 0.850 | val_model raw | lr 0.001000
Epoch 14/60 | train_loss 0.9764 | union_precision 1.0000 | weighted_recall 0.0399 | union_precision 1.0000 | threshold 0.850 | val_model raw | lr 0.001000
Epoch 15/60 | train_loss 0.9595 | union_precision 1.0000 | weighted_recall 0.0509 | union_precision 1.0000 | threshold 0.825 | val_model raw | lr 0.001000
Epoch 16/60 | train_loss 0.9422 | union_precision 1.0000 | weighted_recall 0.0640 | union_precision 1.0000 | threshold 0.825 | val_model raw | lr 0.001000
Epoch 17/60 | train_loss 0.9139 | union_precision 1.0000 | weighted_recall 0.0399 | union_precision 1.0000 | threshold 0.850 | val_model raw | lr 0.001000
Epoch 18/60 | train_loss 0.9014 | union_precision 0.8889 | weighted_recall 0.0863 | union_precision 0.8889 | threshold 0.775 | val_model raw | lr 0.001000
Epoch 19/60 | train_loss 0.8837 | union_precision 0.9000 | weighted_recall 0.0883 | union_precision 0.9000 | threshold 0.775 | val_model raw | lr 0.001000
Epoch 20/60 | train_loss 0.8688 | union_precision 0.8571 | weighted_recall 0.1178 | union_precision 0.8571 | threshold 0.750 | val_model raw | lr 0.001000
Epoch 21/60 | train_loss 0.8496 | union_precision 0.8571 | weighted_recall 0.1178 | union_precision 0.8571 | threshold 0.750 | val_model raw | lr 0.001000
Epoch 22/60 | train_loss 0.8511 | union_precision 0.8571 | weighted_recall 0.1259 | union_precision 0.8571 | threshold 0.750 | val_model raw | lr 0.001000
Epoch 23/60 | train_loss 0.8110 | union_precision 0.9231 | weighted_recall 0.1259 | union_precision 0.9231 | threshold 0.750 | val_model raw | lr 0.001000
Epoch 24/60 | train_loss 0.8071 | union_precision 0.8750 | weighted_recall 0.1309 | union_precision 0.8750 | threshold 0.750 | val_model raw | lr 0.001000
Epoch 25/60 | train_loss 0.7771 | union_precision 0.8889 | weighted_recall 0.0781 | union_precision 0.8889 | threshold 0.800 | val_model raw | lr 0.001000
Epoch 26/60 | train_loss 0.7845 | union_precision 0.8667 | weighted_recall 0.1279 | union_precision 0.8667 | threshold 0.775 | val_model raw | lr 0.001000
Epoch 27/60 | train_loss 0.7645 | union_precision 0.9000 | weighted_recall 0.0932 | union_precision 0.9000 | threshold 0.825 | val_model raw | lr 0.001000
Epoch 28/60 | train_loss 0.7449 | union_precision 0.8889 | weighted_recall 0.0781 | union_precision 0.8889 | threshold 0.850 | val_model raw | lr 0.001000
Epoch 29/60 | train_loss 0.7361 | union_precision 0.9000 | weighted_recall 0.0932 | union_precision 0.9000 | threshold 0.850 | val_model raw | lr 0.001000
Epoch 30/60 | train_loss 0.7368 | union_precision 0.9000 | weighted_recall 0.0932 | union_precision 0.9000 | threshold 0.850 | val_model raw | lr 0.001000
Epoch 31/60 | train_loss 0.7072 | union_precision 0.9000 | weighted_recall 0.0932 | union_precision 0.9000 | threshold 0.850 | val_model raw | lr 0.001000
Epoch 32/60 | train_loss 0.6883 | union_precision 0.9000 | weighted_recall 0.0932 | union_precision 0.9000 | threshold 0.825 | val_model raw | lr 0.001000
Epoch 33/60 | train_loss 0.6781 | union_precision 0.9091 | weighted_recall 0.1304 | union_precision 0.9091 | threshold 0.800 | val_model raw | lr 0.001000
Epoch 34/60 | train_loss 0.6778 | union_precision 0.9231 | weighted_recall 0.1570 | union_precision 0.9231 | threshold 0.800 | val_model raw | lr 0.001000
Epoch 35/60 | train_loss 0.6644 | union_precision 0.8571 | weighted_recall 0.1570 | union_precision 0.8571 | threshold 0.800 | val_model raw | lr 0.001000
Epoch 36/60 | train_loss 0.6535 | union_precision 0.9231 | weighted_recall 0.1570 | union_precision 0.9231 | threshold 0.825 | val_model raw | lr 0.001000
Epoch 37/60 | train_loss 0.6421 | union_precision 0.8571 | weighted_recall 0.1570 | union_precision 0.8571 | threshold 0.825 | val_model raw | lr 0.001000
Epoch 38/60 | train_loss 0.6356 | union_precision 0.8571 | weighted_recall 0.1570 | union_precision 0.8571 | threshold 0.825 | val_model raw | lr 0.001000
Epoch 39/60 | train_loss 0.6220 | union_precision 0.9167 | weighted_recall 0.1539 | union_precision 0.9167 | threshold 0.825 | val_model raw | lr 0.001000
Epoch 40/60 | train_loss 0.6113 | union_precision 0.9167 | weighted_recall 0.1539 | union_precision 0.9167 | threshold 0.825 | val_model raw | lr 0.001000
Epoch 41/60 | train_loss 0.6113 | union_precision 0.9167 | weighted_recall 0.1539 | union_precision 0.9167 | threshold 0.850 | val_model raw | lr 0.001000
Epoch 42/60 | train_loss 0.5989 | union_precision 0.9167 | weighted_recall 0.1539 | union_precision 0.9167 | threshold 0.850 | val_model raw | lr 0.001000
Epoch 43/60 | train_loss 0.5857 | union_precision 1.0000 | weighted_recall 0.1080 | union_precision 1.0000 | threshold 0.875 | val_model raw | lr 0.001000
Epoch 44/60 | train_loss 0.5751 | union_precision 1.0000 | weighted_recall 0.1140 | union_precision 1.0000 | threshold 0.875 | val_model raw | lr 0.001000
Early stopping at epoch 44
Held-out M50-3 | union_precision=0.9231 | weighted_recall=0.1570 | consensus_recall=0.0000
Epoch 1/60 | train_loss 1.5377 | union_precision 0.3333 | weighted_recall 0.0386 | union_precision 0.3333 | threshold 0.525 | val_model raw | lr 0.001000
Epoch 2/60 | train_loss 1.3915 | union_precision 0.5000 | weighted_recall 0.0386 | union_precision 0.5000 | threshold 0.575 | val_model raw | lr 0.001000
Epoch 3/60 | train_loss 1.3121 | union_precision 0.6000 | weighted_recall 0.0447 | union_precision 0.6000 | threshold 0.525 | val_model raw | lr 0.001000
Epoch 4/60 | train_loss 1.2536 | union_precision 0.5882 | weighted_recall 0.1479 | union_precision 0.5882 | threshold 0.525 | val_model raw | lr 0.001000
Epoch 5/60 | train_loss 1.2162 | union_precision 0.5556 | weighted_recall 0.1681 | union_precision 0.5556 | threshold 0.525 | val_model raw | lr 0.001000
Epoch 6/60 | train_loss 1.1695 | union_precision 0.6429 | weighted_recall 0.1473 | union_precision 0.6429 | threshold 0.550 | val_model raw | lr 0.001000
Epoch 7/60 | train_loss 1.1427 | union_precision 0.5882 | weighted_recall 0.1540 | union_precision 0.5882 | threshold 0.550 | val_model raw | lr 0.001000
Epoch 8/60 | train_loss 1.1131 | union_precision 0.6190 | weighted_recall 0.2170 | union_precision 0.6190 | threshold 0.550 | val_model raw | lr 0.001000
Epoch 9/60 | train_loss 1.0952 | union_precision 0.5556 | weighted_recall 0.2407 | union_precision 0.5556 | threshold 0.550 | val_model raw | lr 0.001000
Epoch 10/60 | train_loss 1.0623 | union_precision 0.5152 | weighted_recall 0.2551 | union_precision 0.5152 | threshold 0.550 | val_model raw | lr 0.001000
Epoch 11/60 | train_loss 1.0310 | union_precision 0.5405 | weighted_recall 0.2670 | union_precision 0.5405 | threshold 0.550 | val_model raw | lr 0.001000
Epoch 12/60 | train_loss 1.0032 | union_precision 0.5641 | weighted_recall 0.2860 | union_precision 0.5641 | threshold 0.550 | val_model raw | lr 0.001000
Epoch 13/60 | train_loss 0.9939 | union_precision 0.5833 | weighted_recall 0.1868 | union_precision 0.5833 | threshold 0.550 | val_model raw | lr 0.001000
Epoch 14/60 | train_loss 0.9617 | union_precision 0.5946 | weighted_recall 0.2132 | union_precision 0.5946 | threshold 0.550 | val_model raw | lr 0.001000
Epoch 15/60 | train_loss 0.9478 | union_precision 0.5882 | weighted_recall 0.2055 | union_precision 0.5882 | threshold 0.550 | val_model raw | lr 0.001000
Epoch 16/60 | train_loss 0.9309 | union_precision 1.0000 | weighted_recall 0.0441 | union_precision 1.0000 | threshold 0.800 | val_model raw | lr 0.001000
Epoch 17/60 | train_loss 0.9074 | union_precision 1.0000 | weighted_recall 0.0441 | union_precision 1.0000 | threshold 0.800 | val_model raw | lr 0.001000
Epoch 18/60 | train_loss 0.8830 | union_precision 1.0000 | weighted_recall 0.0441 | union_precision 1.0000 | threshold 0.800 | val_model raw | lr 0.001000
Epoch 19/60 | train_loss 0.8680 | union_precision 1.0000 | weighted_recall 0.0441 | union_precision 1.0000 | threshold 0.800 | val_model raw | lr 0.001000
Epoch 20/60 | train_loss 0.8524 | union_precision 1.0000 | weighted_recall 0.0441 | union_precision 1.0000 | threshold 0.800 | val_model raw | lr 0.001000
Epoch 21/60 | train_loss 0.8342 | union_precision 1.0000 | weighted_recall 0.0441 | union_precision 1.0000 | threshold 0.800 | val_model raw | lr 0.001000
Epoch 22/60 | train_loss 0.8416 | union_precision 1.0000 | weighted_recall 0.0441 | union_precision 1.0000 | threshold 0.825 | val_model raw | lr 0.001000
Epoch 23/60 | train_loss 0.7993 | union_precision 1.0000 | weighted_recall 0.0441 | union_precision 1.0000 | threshold 0.850 | val_model raw | lr 0.001000
Epoch 24/60 | train_loss 0.7969 | union_precision 1.0000 | weighted_recall 0.0441 | union_precision 1.0000 | threshold 0.850 | val_model raw | lr 0.001000
Epoch 25/60 | train_loss 0.7691 | union_precision 1.0000 | weighted_recall 0.0441 | union_precision 1.0000 | threshold 0.875 | val_model raw | lr 0.001000
Epoch 26/60 | train_loss 0.7790 | union_precision 1.0000 | weighted_recall 0.0441 | union_precision 1.0000 | threshold 0.875 | val_model raw | lr 0.001000
Early stopping at epoch 26
Held-out M56-1 | union_precision=1.0000 | weighted_recall=0.0441 | consensus_recall=0.0000
Epoch 1/60 | train_loss 1.5333 | union_precision 0.3871 | weighted_recall 0.1551 | union_precision 0.3871 | threshold 0.050 | val_model raw | lr 0.001000
Epoch 2/60 | train_loss 1.3920 | union_precision 0.3000 | weighted_recall 0.2146 | union_precision 0.3000 | threshold 0.050 | val_model raw | lr 0.001000
Epoch 3/60 | train_loss 1.3082 | union_precision 0.3030 | weighted_recall 0.2181 | union_precision 0.3030 | threshold 0.050 | val_model raw | lr 0.001000
Epoch 4/60 | train_loss 1.2522 | union_precision 0.2727 | weighted_recall 0.2146 | union_precision 0.2727 | threshold 0.475 | val_model raw | lr 0.001000
Epoch 5/60 | train_loss 1.2167 | union_precision 0.1935 | weighted_recall 0.1881 | union_precision 0.1935 | threshold 0.475 | val_model raw | lr 0.001000
Epoch 6/60 | train_loss 1.1746 | union_precision 0.1667 | weighted_recall 0.0045 | union_precision 0.1667 | threshold 0.625 | val_model raw | lr 0.001000
Epoch 7/60 | train_loss 1.1437 | union_precision 0.1923 | weighted_recall 0.1069 | union_precision 0.1923 | threshold 0.525 | val_model raw | lr 0.001000
Epoch 8/60 | train_loss 1.1188 | union_precision 0.1923 | weighted_recall 0.1069 | union_precision 0.1923 | threshold 0.525 | val_model raw | lr 0.001000
Epoch 9/60 | train_loss 1.0971 | union_precision 0.1923 | weighted_recall 0.0355 | union_precision 0.1923 | threshold 0.525 | val_model raw | lr 0.001000
Epoch 10/60 | train_loss 1.0622 | union_precision 0.2000 | weighted_recall 0.0355 | union_precision 0.2000 | threshold 0.550 | val_model raw | lr 0.001000
Epoch 11/60 | train_loss 1.0365 | union_precision 0.2000 | weighted_recall 0.0355 | union_precision 0.2000 | threshold 0.550 | val_model raw | lr 0.001000
Early stopping at epoch 11
Held-out M56-2 | union_precision=0.3871 | weighted_recall=0.1551 | consensus_recall=0.0000
Epoch 1/60 | train_loss 1.5349 | union_precision 0.8571 | weighted_recall 0.0980 | union_precision 0.8571 | threshold 0.575 | val_model raw | lr 0.001000
Epoch 2/60 | train_loss 1.3939 | union_precision 0.8889 | weighted_recall 0.1445 | union_precision 0.8889 | threshold 0.550 | val_model raw | lr 0.001000
Epoch 3/60 | train_loss 1.3163 | union_precision 0.8571 | weighted_recall 0.1032 | union_precision 0.8571 | threshold 0.600 | val_model raw | lr 0.001000
Epoch 4/60 | train_loss 1.2603 | union_precision 0.8500 | weighted_recall 0.1744 | union_precision 0.8500 | threshold 0.600 | val_model raw | lr 0.001000
Epoch 5/60 | train_loss 1.2286 | union_precision 0.8750 | weighted_recall 0.0394 | union_precision 0.8750 | threshold 0.675 | val_model raw | lr 0.001000
Epoch 6/60 | train_loss 1.1813 | union_precision 1.0000 | weighted_recall 0.0394 | union_precision 1.0000 | threshold 0.700 | val_model raw | lr 0.001000
Epoch 7/60 | train_loss 1.1473 | union_precision 1.0000 | weighted_recall 0.0257 | union_precision 1.0000 | threshold 0.725 | val_model raw | lr 0.001000
Epoch 8/60 | train_loss 1.1269 | union_precision 1.0000 | weighted_recall 0.0257 | union_precision 1.0000 | threshold 0.725 | val_model raw | lr 0.001000
Epoch 9/60 | train_loss 1.1018 | union_precision 1.0000 | weighted_recall 0.0257 | union_precision 1.0000 | threshold 0.750 | val_model raw | lr 0.001000
Epoch 10/60 | train_loss 1.0671 | union_precision 1.0000 | weighted_recall 0.0257 | union_precision 1.0000 | threshold 0.750 | val_model raw | lr 0.001000
Epoch 11/60 | train_loss 1.0341 | union_precision 1.0000 | weighted_recall 0.0080 | union_precision 1.0000 | threshold 0.775 | val_model raw | lr 0.001000
Epoch 12/60 | train_loss 1.0054 | union_precision 0.7600 | weighted_recall 0.1740 | union_precision 0.7600 | threshold 0.675 | val_model raw | lr 0.001000
Epoch 13/60 | train_loss 1.0005 | union_precision 0.7692 | weighted_recall 0.1777 | union_precision 0.7692 | threshold 0.675 | val_model raw | lr 0.001000
Epoch 14/60 | train_loss 0.9637 | union_precision 0.7742 | weighted_recall 0.1963 | union_precision 0.7742 | threshold 0.675 | val_model raw | lr 0.001000
Early stopping at epoch 14
Held-out M56-3 | union_precision=0.8500 | weighted_recall=0.1744 | consensus_recall=0.0000
Epoch 1/60 | train_loss 1.5264 | union_precision 0.7143 | weighted_recall 0.1342 | union_precision 0.7143 | threshold 0.550 | val_model raw | lr 0.001000
Epoch 2/60 | train_loss 1.3901 | union_precision 0.5000 | weighted_recall 0.1244 | union_precision 0.5000 | threshold 0.550 | val_model raw | lr 0.001000
Epoch 3/60 | train_loss 1.3092 | union_precision 0.4545 | weighted_recall 0.1610 | union_precision 0.4545 | threshold 0.550 | val_model raw | lr 0.001000
Epoch 4/60 | train_loss 1.2537 | union_precision 0.4444 | weighted_recall 0.1537 | union_precision 0.4444 | threshold 0.575 | val_model raw | lr 0.001000
Epoch 5/60 | train_loss 1.2213 | union_precision 0.5000 | weighted_recall 0.0024 | union_precision 0.5000 | threshold 0.650 | val_model raw | lr 0.001000
Epoch 6/60 | train_loss 1.1731 | union_precision 0.5000 | weighted_recall 0.1735 | union_precision 0.5000 | threshold 0.575 | val_model raw | lr 0.001000
Epoch 7/60 | train_loss 1.1320 | union_precision 0.5714 | weighted_recall 0.0526 | union_precision 0.5714 | threshold 0.600 | val_model raw | lr 0.001000
Epoch 8/60 | train_loss 1.1193 | union_precision 1.0000 | weighted_recall 0.0024 | union_precision 1.0000 | threshold 0.650 | val_model raw | lr 0.001000
Epoch 9/60 | train_loss 1.0978 | union_precision 1.0000 | weighted_recall 0.0390 | union_precision 1.0000 | threshold 0.650 | val_model raw | lr 0.001000
Epoch 10/60 | train_loss 1.0594 | union_precision 1.0000 | weighted_recall 0.0390 | union_precision 1.0000 | threshold 0.675 | val_model raw | lr 0.001000
Epoch 11/60 | train_loss 1.0256 | union_precision 0.5000 | weighted_recall 0.1916 | union_precision 0.5000 | threshold 0.600 | val_model raw | lr 0.001000
Epoch 12/60 | train_loss 1.0029 | union_precision 0.5000 | weighted_recall 0.1185 | union_precision 0.5000 | threshold 0.625 | val_model raw | lr 0.001000
Epoch 13/60 | train_loss 0.9886 | union_precision 0.5833 | weighted_recall 0.1843 | union_precision 0.5833 | threshold 0.625 | val_model raw | lr 0.001000
Epoch 14/60 | train_loss 0.9523 | union_precision 0.5833 | weighted_recall 0.1843 | union_precision 0.5833 | threshold 0.625 | val_model raw | lr 0.001000
Epoch 15/60 | train_loss 0.9438 | union_precision 0.4667 | weighted_recall 0.2773 | union_precision 0.4667 | threshold 0.550 | val_model raw | lr 0.001000
Epoch 16/60 | train_loss 0.9314 | union_precision 0.5000 | weighted_recall 0.1868 | union_precision 0.5000 | threshold 0.600 | val_model raw | lr 0.001000
Epoch 17/60 | train_loss 0.9060 | union_precision 0.5000 | weighted_recall 0.1954 | union_precision 0.5000 | threshold 0.600 | val_model raw | lr 0.001000
Epoch 18/60 | train_loss 0.8822 | union_precision 0.5000 | weighted_recall 0.1954 | union_precision 0.5000 | threshold 0.600 | val_model raw | lr 0.001000
Epoch 19/60 | train_loss 0.8718 | union_precision 0.5714 | weighted_recall 0.1710 | union_precision 0.5714 | threshold 0.650 | val_model raw | lr 0.001000
Early stopping at epoch 19
Held-out M59-1 | union_precision=1.0000 | weighted_recall=0.0390 | consensus_recall=0.0000
Epoch 1/60 | train_loss 1.5237 | union_precision 1.0000 | weighted_recall 0.0206 | union_precision 1.0000 | threshold 0.550 | val_model raw | lr 0.001000
Epoch 2/60 | train_loss 1.3916 | union_precision 1.0000 | weighted_recall 0.0192 | union_precision 1.0000 | threshold 0.550 | val_model raw | lr 0.001000
Epoch 3/60 | train_loss 1.3103 | union_precision 1.0000 | weighted_recall 0.0192 | union_precision 1.0000 | threshold 0.575 | val_model raw | lr 0.001000
Epoch 4/60 | train_loss 1.2594 | union_precision 1.0000 | weighted_recall 0.0313 | union_precision 1.0000 | threshold 0.600 | val_model raw | lr 0.001000
Epoch 5/60 | train_loss 1.2224 | union_precision 1.0000 | weighted_recall 0.0313 | union_precision 1.0000 | threshold 0.625 | val_model raw | lr 0.001000
Epoch 6/60 | train_loss 1.1735 | union_precision 1.0000 | weighted_recall 0.0409 | union_precision 1.0000 | threshold 0.625 | val_model raw | lr 0.001000
Epoch 7/60 | train_loss 1.1349 | union_precision 1.0000 | weighted_recall 0.0433 | union_precision 1.0000 | threshold 0.625 | val_model raw | lr 0.001000
Epoch 8/60 | train_loss 1.1204 | union_precision 0.8571 | weighted_recall 0.0433 | union_precision 0.8571 | threshold 0.625 | val_model raw | lr 0.001000
Epoch 9/60 | train_loss 1.0985 | union_precision 1.0000 | weighted_recall 0.0433 | union_precision 1.0000 | threshold 0.650 | val_model raw | lr 0.001000
Epoch 10/60 | train_loss 1.0639 | union_precision 0.8571 | weighted_recall 0.0433 | union_precision 0.8571 | threshold 0.650 | val_model raw | lr 0.001000
Epoch 11/60 | train_loss 1.0267 | union_precision 1.0000 | weighted_recall 0.0433 | union_precision 1.0000 | threshold 0.675 | val_model raw | lr 0.001000
Epoch 12/60 | train_loss 1.0110 | union_precision 1.0000 | weighted_recall 0.0433 | union_precision 1.0000 | threshold 0.675 | val_model raw | lr 0.001000
Epoch 13/60 | train_loss 0.9981 | union_precision 1.0000 | weighted_recall 0.0289 | union_precision 1.0000 | threshold 0.750 | val_model raw | lr 0.001000
Epoch 14/60 | train_loss 0.9543 | union_precision 1.0000 | weighted_recall 0.0289 | union_precision 1.0000 | threshold 0.750 | val_model raw | lr 0.001000
Epoch 15/60 | train_loss 0.9581 | union_precision 1.0000 | weighted_recall 0.0289 | union_precision 1.0000 | threshold 0.750 | val_model raw | lr 0.001000
Epoch 16/60 | train_loss 0.9357 | union_precision 1.0000 | weighted_recall 0.0289 | union_precision 1.0000 | threshold 0.775 | val_model raw | lr 0.001000
Epoch 17/60 | train_loss 0.9071 | union_precision 1.0000 | weighted_recall 0.0289 | union_precision 1.0000 | threshold 0.775 | val_model raw | lr 0.001000
Early stopping at epoch 17
Held-out M59-2 | union_precision=1.0000 | weighted_recall=0.0433 | consensus_recall=0.0000
Epoch 1/60 | train_loss 1.5216 | union_precision 1.0000 | weighted_recall 0.0035 | union_precision 1.0000 | threshold 0.575 | val_model raw | lr 0.001000
Epoch 2/60 | train_loss 1.3929 | union_precision 1.0000 | weighted_recall 0.0035 | union_precision 1.0000 | threshold 0.575 | val_model raw | lr 0.001000
Epoch 3/60 | train_loss 1.3098 | union_precision 1.0000 | weighted_recall 0.0035 | union_precision 1.0000 | threshold 0.600 | val_model raw | lr 0.001000
Epoch 4/60 | train_loss 1.2649 | union_precision 1.0000 | weighted_recall 0.1457 | union_precision 1.0000 | threshold 0.625 | val_model raw | lr 0.001000
Epoch 5/60 | train_loss 1.2268 | union_precision 1.0000 | weighted_recall 0.1457 | union_precision 1.0000 | threshold 0.650 | val_model raw | lr 0.001000
Epoch 6/60 | train_loss 1.1845 | union_precision 1.0000 | weighted_recall 0.1457 | union_precision 1.0000 | threshold 0.675 | val_model raw | lr 0.001000
Epoch 7/60 | train_loss 1.1346 | union_precision 1.0000 | weighted_recall 0.1457 | union_precision 1.0000 | threshold 0.675 | val_model raw | lr 0.001000
Epoch 8/60 | train_loss 1.1217 | union_precision 1.0000 | weighted_recall 0.1457 | union_precision 1.0000 | threshold 0.700 | val_model raw | lr 0.001000
Epoch 9/60 | train_loss 1.1025 | union_precision 1.0000 | weighted_recall 0.1457 | union_precision 1.0000 | threshold 0.700 | val_model raw | lr 0.001000
Epoch 10/60 | train_loss 1.0710 | union_precision 1.0000 | weighted_recall 0.1457 | union_precision 1.0000 | threshold 0.700 | val_model raw | lr 0.001000
Epoch 11/60 | train_loss 1.0302 | union_precision 1.0000 | weighted_recall 0.1457 | union_precision 1.0000 | threshold 0.725 | val_model raw | lr 0.001000
Epoch 12/60 | train_loss 1.0125 | union_precision 1.0000 | weighted_recall 0.1457 | union_precision 1.0000 | threshold 0.725 | val_model raw | lr 0.001000
Epoch 13/60 | train_loss 1.0000 | union_precision 1.0000 | weighted_recall 0.1457 | union_precision 1.0000 | threshold 0.750 | val_model raw | lr 0.001000
Epoch 14/60 | train_loss 0.9625 | union_precision 1.0000 | weighted_recall 0.1457 | union_precision 1.0000 | threshold 0.750 | val_model raw | lr 0.001000
Early stopping at epoch 14
Held-out M59-3 | union_precision=1.0000 | weighted_recall=0.1457 | consensus_recall=0.5000
Epoch 1/60 | train_loss 1.5254 | union_precision 0.5000 | weighted_recall 0.0515 | union_precision 0.5000 | threshold 0.525 | val_model raw | lr 0.001000
Epoch 2/60 | train_loss 1.3866 | union_precision 0.5172 | weighted_recall 0.1797 | union_precision 0.5172 | threshold 0.450 | val_model raw | lr 0.001000
Epoch 3/60 | train_loss 1.3059 | union_precision 0.5758 | weighted_recall 0.2474 | union_precision 0.5758 | threshold 0.450 | val_model raw | lr 0.001000
Epoch 4/60 | train_loss 1.2566 | union_precision 0.5000 | weighted_recall 0.2287 | union_precision 0.5000 | threshold 0.475 | val_model raw | lr 0.001000
Epoch 5/60 | train_loss 1.2224 | union_precision 0.5200 | weighted_recall 0.2338 | union_precision 0.5200 | threshold 0.500 | val_model raw | lr 0.001000
Epoch 6/60 | train_loss 1.1770 | union_precision 0.5600 | weighted_recall 0.2505 | union_precision 0.5600 | threshold 0.500 | val_model raw | lr 0.001000
Epoch 7/60 | train_loss 1.1322 | union_precision 1.0000 | weighted_recall 0.0389 | union_precision 1.0000 | threshold 0.725 | val_model raw | lr 0.001000
Epoch 8/60 | train_loss 1.1147 | union_precision 1.0000 | weighted_recall 0.0389 | union_precision 1.0000 | threshold 0.725 | val_model raw | lr 0.001000
Epoch 9/60 | train_loss 1.0947 | union_precision 1.0000 | weighted_recall 0.0389 | union_precision 1.0000 | threshold 0.725 | val_model raw | lr 0.001000
Epoch 10/60 | train_loss 1.0657 | union_precision 1.0000 | weighted_recall 0.0424 | union_precision 1.0000 | threshold 0.725 | val_model raw | lr 0.001000
Epoch 11/60 | train_loss 1.0250 | union_precision 0.5366 | weighted_recall 0.2342 | union_precision 0.5366 | threshold 0.450 | val_model raw | lr 0.001000
Epoch 12/60 | train_loss 1.0085 | union_precision 1.0000 | weighted_recall 0.0424 | union_precision 1.0000 | threshold 0.750 | val_model raw | lr 0.001000
Epoch 13/60 | train_loss 0.9942 | union_precision 1.0000 | weighted_recall 0.0389 | union_precision 1.0000 | threshold 0.775 | val_model raw | lr 0.001000
Epoch 14/60 | train_loss 0.9596 | union_precision 1.0000 | weighted_recall 0.0389 | union_precision 1.0000 | threshold 0.775 | val_model raw | lr 0.001000
Epoch 15/60 | train_loss 0.9563 | union_precision 1.0000 | weighted_recall 0.0389 | union_precision 1.0000 | threshold 0.775 | val_model raw | lr 0.001000
Epoch 16/60 | train_loss 0.9325 | union_precision 1.0000 | weighted_recall 0.0389 | union_precision 1.0000 | threshold 0.800 | val_model raw | lr 0.001000
Epoch 17/60 | train_loss 0.9148 | union_precision 1.0000 | weighted_recall 0.0389 | union_precision 1.0000 | threshold 0.800 | val_model raw | lr 0.001000
Epoch 18/60 | train_loss 0.8909 | union_precision 1.0000 | weighted_recall 0.0389 | union_precision 1.0000 | threshold 0.800 | val_model raw | lr 0.001000
Epoch 19/60 | train_loss 0.8808 | union_precision 1.0000 | weighted_recall 0.0389 | union_precision 1.0000 | threshold 0.800 | val_model raw | lr 0.001000
Epoch 20/60 | train_loss 0.8581 | union_precision 1.0000 | weighted_recall 0.0389 | union_precision 1.0000 | threshold 0.825 | val_model raw | lr 0.001000
Epoch 21/60 | train_loss 0.8369 | union_precision 1.0000 | weighted_recall 0.0389 | union_precision 1.0000 | threshold 0.825 | val_model raw | lr 0.001000
Epoch 22/60 | train_loss 0.8423 | union_precision 1.0000 | weighted_recall 0.0389 | union_precision 1.0000 | threshold 0.825 | val_model raw | lr 0.001000
Early stopping at epoch 22
Held-out M63-1 | union_precision=1.0000 | weighted_recall=0.0424 | consensus_recall=0.0000
Epoch 1/60 | train_loss 1.5264 | union_precision 1.0000 | weighted_recall 0.0827 | union_precision 1.0000 | threshold 0.600 | val_model raw | lr 0.001000
Epoch 2/60 | train_loss 1.3873 | union_precision 1.0000 | weighted_recall 0.0827 | union_precision 1.0000 | threshold 0.600 | val_model raw | lr 0.001000
Epoch 3/60 | train_loss 1.3070 | union_precision 1.0000 | weighted_recall 0.0827 | union_precision 1.0000 | threshold 0.600 | val_model raw | lr 0.001000
Epoch 4/60 | train_loss 1.2591 | union_precision 1.0000 | weighted_recall 0.1391 | union_precision 1.0000 | threshold 0.600 | val_model raw | lr 0.001000
Epoch 5/60 | train_loss 1.2216 | union_precision 1.0000 | weighted_recall 0.0827 | union_precision 1.0000 | threshold 0.625 | val_model raw | lr 0.001000
Epoch 6/60 | train_loss 1.1808 | union_precision 1.0000 | weighted_recall 0.0827 | union_precision 1.0000 | threshold 0.625 | val_model raw | lr 0.001000
Epoch 7/60 | train_loss 1.1336 | union_precision 1.0000 | weighted_recall 0.0827 | union_precision 1.0000 | threshold 0.650 | val_model raw | lr 0.001000
Epoch 8/60 | train_loss 1.1178 | union_precision 0.8889 | weighted_recall 0.3077 | union_precision 0.8889 | threshold 0.625 | val_model raw | lr 0.001000
Epoch 9/60 | train_loss 1.0961 | union_precision 0.8889 | weighted_recall 0.3077 | union_precision 0.8889 | threshold 0.625 | val_model raw | lr 0.001000
Epoch 10/60 | train_loss 1.0704 | union_precision 0.8750 | weighted_recall 0.3018 | union_precision 0.8750 | threshold 0.650 | val_model raw | lr 0.001000
Epoch 11/60 | train_loss 1.0303 | union_precision 1.0000 | weighted_recall 0.0827 | union_precision 1.0000 | threshold 0.700 | val_model raw | lr 0.001000
Epoch 12/60 | train_loss 1.0109 | union_precision 1.0000 | weighted_recall 0.0827 | union_precision 1.0000 | threshold 0.700 | val_model raw | lr 0.001000
Epoch 13/60 | train_loss 0.9972 | union_precision 1.0000 | weighted_recall 0.0827 | union_precision 1.0000 | threshold 0.725 | val_model raw | lr 0.001000
Epoch 14/60 | train_loss 0.9618 | union_precision 1.0000 | weighted_recall 0.1213 | union_precision 1.0000 | threshold 0.725 | val_model raw | lr 0.001000
Epoch 15/60 | train_loss 0.9587 | union_precision 1.0000 | weighted_recall 0.0827 | union_precision 1.0000 | threshold 0.750 | val_model raw | lr 0.001000
Epoch 16/60 | train_loss 0.9350 | union_precision 1.0000 | weighted_recall 0.1213 | union_precision 1.0000 | threshold 0.750 | val_model raw | lr 0.001000
Epoch 17/60 | train_loss 0.9204 | union_precision 1.0000 | weighted_recall 0.0827 | union_precision 1.0000 | threshold 0.775 | val_model raw | lr 0.001000
Epoch 18/60 | train_loss 0.8927 | union_precision 1.0000 | weighted_recall 0.1213 | union_precision 1.0000 | threshold 0.775 | val_model raw | lr 0.001000
Early stopping at epoch 18
Held-out M63-3 | union_precision=0.8889 | weighted_recall=0.3077 | consensus_recall=0.0000
Epoch 1/60 | train_loss 1.5230 | union_precision 0.8000 | weighted_recall 0.1239 | union_precision 0.8000 | threshold 0.550 | val_model raw | lr 0.001000
Epoch 2/60 | train_loss 1.3884 | union_precision 0.9000 | weighted_recall 0.2000 | union_precision 0.9000 | threshold 0.525 | val_model raw | lr 0.001000
Epoch 3/60 | train_loss 1.3093 | union_precision 0.9091 | weighted_recall 0.3230 | union_precision 0.9091 | threshold 0.525 | val_model raw | lr 0.001000
Epoch 4/60 | train_loss 1.2599 | union_precision 0.8667 | weighted_recall 0.4748 | union_precision 0.8667 | threshold 0.500 | val_model raw | lr 0.001000
Epoch 5/60 | train_loss 1.2253 | union_precision 0.9231 | weighted_recall 0.3794 | union_precision 0.9231 | threshold 0.525 | val_model raw | lr 0.001000
Epoch 6/60 | train_loss 1.1825 | union_precision 0.9231 | weighted_recall 0.3794 | union_precision 0.9231 | threshold 0.525 | val_model raw | lr 0.001000
Epoch 7/60 | train_loss 1.1349 | union_precision 0.9231 | weighted_recall 0.3794 | union_precision 0.9231 | threshold 0.525 | val_model raw | lr 0.001000
Epoch 8/60 | train_loss 1.1211 | union_precision 0.8571 | weighted_recall 0.4334 | union_precision 0.8571 | threshold 0.525 | val_model raw | lr 0.001000
Epoch 9/60 | train_loss 1.0989 | union_precision 0.9091 | weighted_recall 0.4032 | union_precision 0.9091 | threshold 0.575 | val_model raw | lr 0.001000
Epoch 10/60 | train_loss 1.0713 | union_precision 0.8571 | weighted_recall 0.5135 | union_precision 0.8571 | threshold 0.550 | val_model raw | lr 0.001000
Epoch 11/60 | train_loss 1.0334 | union_precision 0.8571 | weighted_recall 0.5135 | union_precision 0.8571 | threshold 0.550 | val_model raw | lr 0.001000
Epoch 12/60 | train_loss 1.0134 | union_precision 0.9091 | weighted_recall 0.4032 | union_precision 0.9091 | threshold 0.600 | val_model raw | lr 0.001000
Epoch 13/60 | train_loss 1.0003 | union_precision 0.9167 | weighted_recall 0.4651 | union_precision 0.9167 | threshold 0.575 | val_model raw | lr 0.001000
Epoch 14/60 | train_loss 0.9641 | union_precision 1.0000 | weighted_recall 0.4651 | union_precision 1.0000 | threshold 0.600 | val_model raw | lr 0.001000
Epoch 15/60 | train_loss 0.9595 | union_precision 1.0000 | weighted_recall 0.4651 | union_precision 1.0000 | threshold 0.600 | val_model raw | lr 0.001000
Epoch 16/60 | train_loss 0.9346 | union_precision 1.0000 | weighted_recall 0.4651 | union_precision 1.0000 | threshold 0.625 | val_model raw | lr 0.001000
Epoch 17/60 | train_loss 0.9223 | union_precision 0.8571 | weighted_recall 0.5135 | union_precision 0.8571 | threshold 0.525 | val_model raw | lr 0.001000
Epoch 18/60 | train_loss 0.8915 | union_precision 0.8571 | weighted_recall 0.5135 | union_precision 0.8571 | threshold 0.500 | val_model raw | lr 0.001000
Epoch 19/60 | train_loss 0.8865 | union_precision 0.8571 | weighted_recall 0.5135 | union_precision 0.8571 | threshold 0.500 | val_model raw | lr 0.001000
Epoch 20/60 | train_loss 0.8604 | union_precision 0.8571 | weighted_recall 0.5135 | union_precision 0.8571 | threshold 0.475 | val_model raw | lr 0.001000
Early stopping at epoch 20
Held-out M67-1 | union_precision=0.8571 | weighted_recall=0.5135 | consensus_recall=0.0000
Epoch 1/60 | train_loss 1.5226 | union_precision 0.3103 | weighted_recall 0.2654 | union_precision 0.3103 | threshold 0.450 | val_model raw | lr 0.001000
Epoch 2/60 | train_loss 1.3853 | union_precision 0.3750 | weighted_recall 0.3288 | union_precision 0.3750 | threshold 0.050 | val_model raw | lr 0.001000
Epoch 3/60 | train_loss 1.3077 | union_precision 0.4167 | weighted_recall 0.2057 | union_precision 0.4167 | threshold 0.500 | val_model raw | lr 0.001000
Epoch 4/60 | train_loss 1.2577 | union_precision 0.4583 | weighted_recall 0.2146 | union_precision 0.4583 | threshold 0.500 | val_model raw | lr 0.001000
Epoch 5/60 | train_loss 1.2201 | union_precision 0.4583 | weighted_recall 0.2057 | union_precision 0.4583 | threshold 0.500 | val_model raw | lr 0.001000
Epoch 6/60 | train_loss 1.1797 | union_precision 0.5556 | weighted_recall 0.1448 | union_precision 0.5556 | threshold 0.575 | val_model raw | lr 0.001000
Epoch 7/60 | train_loss 1.1335 | union_precision 0.6667 | weighted_recall 0.1537 | union_precision 0.6667 | threshold 0.575 | val_model raw | lr 0.001000
Epoch 8/60 | train_loss 1.1160 | union_precision 0.6667 | weighted_recall 0.1537 | union_precision 0.6667 | threshold 0.575 | val_model raw | lr 0.001000
Epoch 9/60 | train_loss 1.0940 | union_precision 0.7143 | weighted_recall 0.1423 | union_precision 0.7143 | threshold 0.600 | val_model raw | lr 0.001000
Epoch 10/60 | train_loss 1.0669 | union_precision 0.7143 | weighted_recall 0.1423 | union_precision 0.7143 | threshold 0.600 | val_model raw | lr 0.001000
Epoch 11/60 | train_loss 1.0322 | union_precision 0.7143 | weighted_recall 0.1423 | union_precision 0.7143 | threshold 0.600 | val_model raw | lr 0.001000
Epoch 12/60 | train_loss 1.0123 | union_precision 0.7143 | weighted_recall 0.1423 | union_precision 0.7143 | threshold 0.600 | val_model raw | lr 0.001000
Epoch 13/60 | train_loss 0.9985 | union_precision 0.7143 | weighted_recall 0.1423 | union_precision 0.7143 | threshold 0.600 | val_model raw | lr 0.001000
Epoch 14/60 | train_loss 0.9621 | union_precision 0.8182 | weighted_recall 0.2046 | union_precision 0.8182 | threshold 0.600 | val_model raw | lr 0.001000
Epoch 15/60 | train_loss 0.9573 | union_precision 0.8000 | weighted_recall 0.1334 | union_precision 0.8000 | threshold 0.675 | val_model raw | lr 0.001000
Epoch 16/60 | train_loss 0.9352 | union_precision 0.8333 | weighted_recall 0.1423 | union_precision 0.8333 | threshold 0.675 | val_model raw | lr 0.001000
Epoch 17/60 | train_loss 0.9205 | union_precision 0.8333 | weighted_recall 0.1423 | union_precision 0.8333 | threshold 0.675 | val_model raw | lr 0.001000
Epoch 18/60 | train_loss 0.8908 | union_precision 0.9000 | weighted_recall 0.2046 | union_precision 0.9000 | threshold 0.650 | val_model raw | lr 0.001000
Epoch 19/60 | train_loss 0.8840 | union_precision 0.9167 | weighted_recall 0.2248 | union_precision 0.9167 | threshold 0.650 | val_model raw | lr 0.001000
Epoch 20/60 | train_loss 0.8599 | union_precision 0.9167 | weighted_recall 0.2248 | union_precision 0.9167 | threshold 0.650 | val_model raw | lr 0.001000
Epoch 21/60 | train_loss 0.8404 | union_precision 0.9231 | weighted_recall 0.2337 | union_precision 0.9231 | threshold 0.650 | val_model raw | lr 0.001000
Epoch 22/60 | train_loss 0.8460 | union_precision 0.9231 | weighted_recall 0.2337 | union_precision 0.9231 | threshold 0.650 | val_model raw | lr 0.001000
Epoch 23/60 | train_loss 0.8067 | union_precision 0.9231 | weighted_recall 0.2337 | union_precision 0.9231 | threshold 0.650 | val_model raw | lr 0.001000
Epoch 24/60 | train_loss 0.7975 | union_precision 0.8571 | weighted_recall 0.2337 | union_precision 0.8571 | threshold 0.625 | val_model raw | lr 0.001000
Epoch 25/60 | train_loss 0.7756 | union_precision 0.8571 | weighted_recall 0.2337 | union_precision 0.8571 | threshold 0.625 | val_model raw | lr 0.001000
Epoch 26/60 | train_loss 0.7826 | union_precision 0.8571 | weighted_recall 0.2337 | union_precision 0.8571 | threshold 0.625 | val_model raw | lr 0.001000
Epoch 27/60 | train_loss 0.7596 | union_precision 0.8571 | weighted_recall 0.2337 | union_precision 0.8571 | threshold 0.650 | val_model raw | lr 0.001000
Epoch 28/60 | train_loss 0.7407 | union_precision 0.8571 | weighted_recall 0.2337 | union_precision 0.8571 | threshold 0.650 | val_model raw | lr 0.001000
Epoch 29/60 | train_loss 0.7401 | union_precision 0.8750 | weighted_recall 0.1359 | union_precision 0.8750 | threshold 0.700 | val_model raw | lr 0.001000
Epoch 30/60 | train_loss 0.7296 | union_precision 0.8750 | weighted_recall 0.1359 | union_precision 0.8750 | threshold 0.700 | val_model raw | lr 0.001000
Epoch 31/60 | train_loss 0.6987 | union_precision 0.9000 | weighted_recall 0.2271 | union_precision 0.9000 | threshold 0.675 | val_model raw | lr 0.001000
Early stopping at epoch 31
Held-out M67-2 | union_precision=0.9231 | weighted_recall=0.2337 | consensus_recall=0.0000
Epoch 1/60 | train_loss 1.5226 | union_precision 1.0000 | weighted_recall 0.0963 | union_precision 1.0000 | threshold 0.600 | val_model raw | lr 0.001000
Epoch 2/60 | train_loss 1.3885 | union_precision 1.0000 | weighted_recall 0.0963 | union_precision 1.0000 | threshold 0.600 | val_model raw | lr 0.001000
Epoch 3/60 | train_loss 1.3107 | union_precision 1.0000 | weighted_recall 0.0963 | union_precision 1.0000 | threshold 0.625 | val_model raw | lr 0.001000
Epoch 4/60 | train_loss 1.2602 | union_precision 1.0000 | weighted_recall 0.0963 | union_precision 1.0000 | threshold 0.650 | val_model raw | lr 0.001000
Epoch 5/60 | train_loss 1.2211 | union_precision 1.0000 | weighted_recall 0.0963 | union_precision 1.0000 | threshold 0.650 | val_model raw | lr 0.001000
Epoch 6/60 | train_loss 1.1839 | union_precision 0.8750 | weighted_recall 0.5303 | union_precision 0.8750 | threshold 0.650 | val_model raw | lr 0.001000
Epoch 7/60 | train_loss 1.1364 | union_precision 0.8750 | weighted_recall 0.5303 | union_precision 0.8750 | threshold 0.650 | val_model raw | lr 0.001000
Epoch 8/60 | train_loss 1.1194 | union_precision 0.8750 | weighted_recall 0.5303 | union_precision 0.8750 | threshold 0.650 | val_model raw | lr 0.001000
Epoch 9/60 | train_loss 1.0985 | union_precision 0.7500 | weighted_recall 0.4341 | union_precision 0.7500 | threshold 0.675 | val_model raw | lr 0.001000
Epoch 10/60 | train_loss 1.0711 | union_precision 0.7500 | weighted_recall 0.4341 | union_precision 0.7500 | threshold 0.675 | val_model raw | lr 0.001000
Epoch 11/60 | train_loss 1.0355 | union_precision 0.7500 | weighted_recall 0.4341 | union_precision 0.7500 | threshold 0.700 | val_model raw | lr 0.001000
Epoch 12/60 | train_loss 1.0152 | union_precision 0.7143 | weighted_recall 0.3929 | union_precision 0.7143 | threshold 0.725 | val_model raw | lr 0.001000
Epoch 13/60 | train_loss 1.0032 | union_precision 0.7143 | weighted_recall 0.3929 | union_precision 0.7143 | threshold 0.725 | val_model raw | lr 0.001000
Epoch 14/60 | train_loss 0.9655 | union_precision 0.7500 | weighted_recall 0.4341 | union_precision 0.7500 | threshold 0.725 | val_model raw | lr 0.001000
Epoch 15/60 | train_loss 0.9618 | union_precision 0.7500 | weighted_recall 0.4661 | union_precision 0.7500 | threshold 0.700 | val_model raw | lr 0.001000
Epoch 16/60 | train_loss 0.9386 | union_precision 0.8000 | weighted_recall 0.4501 | union_precision 0.8000 | threshold 0.725 | val_model raw | lr 0.001000
Early stopping at epoch 16
Held-out M67-3 | union_precision=0.8750 | weighted_recall=0.5303 | consensus_recall=0.0000
Epoch 1/60 | train_loss 1.5220 | union_precision 0.5455 | weighted_recall 0.0902 | union_precision 0.5455 | threshold 0.550 | val_model raw | lr 0.001000
Epoch 2/60 | train_loss 1.3897 | union_precision 0.5556 | weighted_recall 0.0855 | union_precision 0.5556 | threshold 0.575 | val_model raw | lr 0.001000
Epoch 3/60 | train_loss 1.3113 | union_precision 0.6250 | weighted_recall 0.0671 | union_precision 0.6250 | threshold 0.600 | val_model raw | lr 0.001000
Epoch 4/60 | train_loss 1.2598 | union_precision 0.6667 | weighted_recall 0.0244 | union_precision 0.6667 | threshold 0.650 | val_model raw | lr 0.001000
Epoch 5/60 | train_loss 1.2185 | union_precision 0.6667 | weighted_recall 0.1294 | union_precision 0.6667 | threshold 0.625 | val_model raw | lr 0.001000
Epoch 6/60 | train_loss 1.1836 | union_precision 1.0000 | weighted_recall 0.0183 | union_precision 1.0000 | threshold 0.675 | val_model raw | lr 0.001000
Epoch 7/60 | train_loss 1.1352 | union_precision 1.0000 | weighted_recall 0.3004 | union_precision 1.0000 | threshold 0.650 | val_model raw | lr 0.001000
Epoch 8/60 | train_loss 1.1200 | union_precision 1.0000 | weighted_recall 0.3858 | union_precision 1.0000 | threshold 0.650 | val_model raw | lr 0.001000
Epoch 9/60 | train_loss 1.0964 | union_precision 0.9286 | weighted_recall 0.4133 | union_precision 0.9286 | threshold 0.650 | val_model raw | lr 0.001000
Epoch 10/60 | train_loss 1.0706 | union_precision 0.8500 | weighted_recall 0.5627 | union_precision 0.8500 | threshold 0.650 | val_model raw | lr 0.001000
Epoch 11/60 | train_loss 1.0341 | union_precision 0.9286 | weighted_recall 0.4711 | union_precision 0.9286 | threshold 0.675 | val_model raw | lr 0.001000
Epoch 12/60 | train_loss 1.0134 | union_precision 0.9375 | weighted_recall 0.5138 | union_precision 0.9375 | threshold 0.675 | val_model raw | lr 0.001000
Epoch 13/60 | train_loss 0.9998 | union_precision 0.8500 | weighted_recall 0.5644 | union_precision 0.8500 | threshold 0.675 | val_model raw | lr 0.001000
Epoch 14/60 | train_loss 0.9629 | union_precision 0.9167 | weighted_recall 0.3887 | union_precision 0.9167 | threshold 0.700 | val_model raw | lr 0.001000
Epoch 15/60 | train_loss 0.9594 | union_precision 0.8750 | weighted_recall 0.4331 | union_precision 0.8750 | threshold 0.700 | val_model raw | lr 0.001000
Epoch 16/60 | train_loss 0.9345 | union_precision 0.9167 | weighted_recall 0.3887 | union_precision 0.9167 | threshold 0.725 | val_model raw | lr 0.001000
Epoch 17/60 | train_loss 0.9188 | union_precision 0.9231 | weighted_recall 0.3965 | union_precision 0.9231 | threshold 0.725 | val_model raw | lr 0.001000
Epoch 18/60 | train_loss 0.8923 | union_precision 0.9167 | weighted_recall 0.3887 | union_precision 0.9167 | threshold 0.750 | val_model raw | lr 0.001000
Epoch 19/60 | train_loss 0.8796 | union_precision 0.9167 | weighted_recall 0.3887 | union_precision 0.9167 | threshold 0.750 | val_model raw | lr 0.001000
Epoch 20/60 | train_loss 0.8591 | union_precision 0.9167 | weighted_recall 0.3887 | union_precision 0.9167 | threshold 0.775 | val_model raw | lr 0.001000
Epoch 21/60 | train_loss 0.8442 | union_precision 0.9167 | weighted_recall 0.3887 | union_precision 0.9167 | threshold 0.775 | val_model raw | lr 0.001000
Epoch 22/60 | train_loss 0.8433 | union_precision 0.9167 | weighted_recall 0.3887 | union_precision 0.9167 | threshold 0.775 | val_model raw | lr 0.001000
Epoch 23/60 | train_loss 0.8075 | union_precision 0.9231 | weighted_recall 0.4162 | union_precision 0.9231 | threshold 0.775 | val_model raw | lr 0.001000
Early stopping at epoch 23
Held-out M67-4 | union_precision=0.8500 | weighted_recall=0.5644 | consensus_recall=0.0000
Epoch 1/60 | train_loss 1.5182 | union_precision 1.0000 | weighted_recall 0.0143 | union_precision 1.0000 | threshold 0.600 | val_model raw | lr 0.001000
Epoch 2/60 | train_loss 1.3904 | union_precision 1.0000 | weighted_recall 0.0143 | union_precision 1.0000 | threshold 0.600 | val_model raw | lr 0.001000
Epoch 3/60 | train_loss 1.3065 | union_precision 0.6667 | weighted_recall 0.0478 | union_precision 0.6667 | threshold 0.575 | val_model raw | lr 0.001000
Epoch 4/60 | train_loss 1.2579 | union_precision 1.0000 | weighted_recall 0.0143 | union_precision 1.0000 | threshold 0.625 | val_model raw | lr 0.001000
Epoch 5/60 | train_loss 1.2152 | union_precision 1.0000 | weighted_recall 0.0143 | union_precision 1.0000 | threshold 0.650 | val_model raw | lr 0.001000
Epoch 6/60 | train_loss 1.1782 | union_precision 1.0000 | weighted_recall 0.0143 | union_precision 1.0000 | threshold 0.650 | val_model raw | lr 0.001000
Epoch 7/60 | train_loss 1.1294 | union_precision 1.0000 | weighted_recall 0.0143 | union_precision 1.0000 | threshold 0.650 | val_model raw | lr 0.001000
Epoch 8/60 | train_loss 1.1155 | union_precision 1.0000 | weighted_recall 0.0143 | union_precision 1.0000 | threshold 0.650 | val_model raw | lr 0.001000
Epoch 9/60 | train_loss 1.0919 | union_precision 1.0000 | weighted_recall 0.0143 | union_precision 1.0000 | threshold 0.650 | val_model raw | lr 0.001000
Epoch 10/60 | train_loss 1.0672 | union_precision 1.0000 | weighted_recall 0.0478 | union_precision 1.0000 | threshold 0.650 | val_model raw | lr 0.001000
Epoch 11/60 | train_loss 1.0334 | union_precision 1.0000 | weighted_recall 0.0478 | union_precision 1.0000 | threshold 0.675 | val_model raw | lr 0.001000
Epoch 12/60 | train_loss 1.0146 | union_precision 1.0000 | weighted_recall 0.0478 | union_precision 1.0000 | threshold 0.675 | val_model raw | lr 0.001000
Epoch 13/60 | train_loss 0.9984 | union_precision 1.0000 | weighted_recall 0.0478 | union_precision 1.0000 | threshold 0.675 | val_model raw | lr 0.001000
Epoch 14/60 | train_loss 0.9608 | union_precision 1.0000 | weighted_recall 0.0669 | union_precision 1.0000 | threshold 0.675 | val_model raw | lr 0.001000
Epoch 15/60 | train_loss 0.9613 | union_precision 1.0000 | weighted_recall 0.0669 | union_precision 1.0000 | threshold 0.675 | val_model raw | lr 0.001000
Epoch 16/60 | train_loss 0.9354 | union_precision 1.0000 | weighted_recall 0.0669 | union_precision 1.0000 | threshold 0.700 | val_model raw | lr 0.001000
Epoch 17/60 | train_loss 0.9195 | union_precision 0.8571 | weighted_recall 0.1290 | union_precision 0.8571 | threshold 0.625 | val_model raw | lr 0.001000
Epoch 18/60 | train_loss 0.8955 | union_precision 0.8889 | weighted_recall 0.1481 | union_precision 0.8889 | threshold 0.625 | val_model raw | lr 0.001000
Epoch 19/60 | train_loss 0.8855 | union_precision 0.8750 | weighted_recall 0.1338 | union_precision 0.8750 | threshold 0.650 | val_model raw | lr 0.001000
Epoch 20/60 | train_loss 0.8592 | union_precision 0.8750 | weighted_recall 0.1338 | union_precision 0.8750 | threshold 0.650 | val_model raw | lr 0.001000
Epoch 21/60 | train_loss 0.8442 | union_precision 0.8889 | weighted_recall 0.1481 | union_precision 0.8889 | threshold 0.650 | val_model raw | lr 0.001000
Epoch 22/60 | train_loss 0.8440 | union_precision 0.8889 | weighted_recall 0.1481 | union_precision 0.8889 | threshold 0.650 | val_model raw | lr 0.001000
Epoch 23/60 | train_loss 0.8089 | union_precision 1.0000 | weighted_recall 0.1338 | union_precision 1.0000 | threshold 0.675 | val_model raw | lr 0.001000
Epoch 24/60 | train_loss 0.8010 | union_precision 0.8889 | weighted_recall 0.1481 | union_precision 0.8889 | threshold 0.650 | val_model raw | lr 0.001000
Epoch 25/60 | train_loss 0.7797 | union_precision 1.0000 | weighted_recall 0.1338 | union_precision 1.0000 | threshold 0.675 | val_model raw | lr 0.001000
Epoch 26/60 | train_loss 0.7832 | union_precision 1.0000 | weighted_recall 0.1338 | union_precision 1.0000 | threshold 0.675 | val_model raw | lr 0.001000
Epoch 27/60 | train_loss 0.7582 | union_precision 1.0000 | weighted_recall 0.1338 | union_precision 1.0000 | threshold 0.675 | val_model raw | lr 0.001000
Epoch 28/60 | train_loss 0.7466 | union_precision 1.0000 | weighted_recall 0.1338 | union_precision 1.0000 | threshold 0.675 | val_model raw | lr 0.001000
Early stopping at epoch 28
Held-out M68-1 | union_precision=0.8889 | weighted_recall=0.1481 | consensus_recall=0.0000
Epoch 1/60 | train_loss 1.5201 | union_precision 1.0000 | weighted_recall 0.1972 | union_precision 1.0000 | threshold 0.575 | val_model raw | lr 0.001000
Epoch 2/60 | train_loss 1.3918 | union_precision 1.0000 | weighted_recall 0.1719 | union_precision 1.0000 | threshold 0.600 | val_model raw | lr 0.001000
Epoch 3/60 | train_loss 1.3119 | union_precision 1.0000 | weighted_recall 0.1719 | union_precision 1.0000 | threshold 0.625 | val_model raw | lr 0.001000
Epoch 4/60 | train_loss 1.2590 | union_precision 1.0000 | weighted_recall 0.0710 | union_precision 1.0000 | threshold 0.650 | val_model raw | lr 0.001000
Epoch 5/60 | train_loss 1.2175 | union_precision 1.0000 | weighted_recall 0.1888 | union_precision 1.0000 | threshold 0.650 | val_model raw | lr 0.001000
Epoch 6/60 | train_loss 1.1804 | union_precision 1.0000 | weighted_recall 0.2140 | union_precision 1.0000 | threshold 0.650 | val_model raw | lr 0.001000
Epoch 7/60 | train_loss 1.1318 | union_precision 1.0000 | weighted_recall 0.1635 | union_precision 1.0000 | threshold 0.675 | val_model raw | lr 0.001000
Epoch 8/60 | train_loss 1.1157 | union_precision 0.5294 | weighted_recall 0.5337 | union_precision 0.5294 | threshold 0.600 | val_model raw | lr 0.001000
Epoch 9/60 | train_loss 1.0944 | union_precision 0.5294 | weighted_recall 0.5337 | union_precision 0.5294 | threshold 0.625 | val_model raw | lr 0.001000
Epoch 10/60 | train_loss 1.0683 | union_precision 0.5294 | weighted_recall 0.5337 | union_precision 0.5294 | threshold 0.625 | val_model raw | lr 0.001000
Epoch 11/60 | train_loss 1.0344 | union_precision 0.6667 | weighted_recall 0.5271 | union_precision 0.6667 | threshold 0.675 | val_model raw | lr 0.001000
Epoch 12/60 | train_loss 1.0156 | union_precision 0.7143 | weighted_recall 0.2779 | union_precision 0.7143 | threshold 0.700 | val_model raw | lr 0.001000
Epoch 13/60 | train_loss 1.0032 | union_precision 0.7778 | weighted_recall 0.4260 | union_precision 0.7778 | threshold 0.700 | val_model raw | lr 0.001000
Epoch 14/60 | train_loss 0.9649 | union_precision 0.8000 | weighted_recall 0.5271 | union_precision 0.8000 | threshold 0.700 | val_model raw | lr 0.001000
Epoch 15/60 | train_loss 0.9668 | union_precision 0.8182 | weighted_recall 0.5337 | union_precision 0.8182 | threshold 0.700 | val_model raw | lr 0.001000
Epoch 16/60 | train_loss 0.9384 | union_precision 0.7500 | weighted_recall 0.5337 | union_precision 0.7500 | threshold 0.700 | val_model raw | lr 0.001000
Early stopping at epoch 16
Held-out M68-2 | union_precision=1.0000 | weighted_recall=0.2140 | consensus_recall=0.0000
Epoch 1/60 | train_loss 1.5171 | union_precision 0.4706 | weighted_recall 0.3017 | union_precision 0.4706 | threshold 0.525 | val_model raw | lr 0.001000
Epoch 2/60 | train_loss 1.3896 | union_precision 0.4706 | weighted_recall 0.3017 | union_precision 0.4706 | threshold 0.500 | val_model raw | lr 0.001000
Epoch 3/60 | train_loss 1.3111 | union_precision 0.4706 | weighted_recall 0.3017 | union_precision 0.4706 | threshold 0.475 | val_model raw | lr 0.001000
Epoch 4/60 | train_loss 1.2592 | union_precision 0.4706 | weighted_recall 0.4684 | union_precision 0.4706 | threshold 0.475 | val_model raw | lr 0.001000
Epoch 5/60 | train_loss 1.2180 | union_precision 0.4706 | weighted_recall 0.4684 | union_precision 0.4706 | threshold 0.500 | val_model raw | lr 0.001000
Epoch 6/60 | train_loss 1.1789 | union_precision 0.5000 | weighted_recall 0.4684 | union_precision 0.5000 | threshold 0.650 | val_model raw | lr 0.001000
Epoch 7/60 | train_loss 1.1308 | union_precision 0.5000 | weighted_recall 0.5539 | union_precision 0.5000 | threshold 0.650 | val_model raw | lr 0.001000
Epoch 8/60 | train_loss 1.1142 | union_precision 0.6154 | weighted_recall 0.5928 | union_precision 0.6154 | threshold 0.650 | val_model raw | lr 0.001000
Epoch 9/60 | train_loss 1.0953 | union_precision 0.6667 | weighted_recall 0.4376 | union_precision 0.6667 | threshold 0.700 | val_model raw | lr 0.001000
Epoch 10/60 | train_loss 1.0720 | union_precision 0.7000 | weighted_recall 0.4609 | union_precision 0.7000 | threshold 0.725 | val_model raw | lr 0.001000
Epoch 11/60 | train_loss 1.0360 | union_precision 0.5833 | weighted_recall 0.4609 | union_precision 0.5833 | threshold 0.750 | val_model raw | lr 0.001000
Epoch 12/60 | train_loss 1.0143 | union_precision 0.6364 | weighted_recall 0.4609 | union_precision 0.6364 | threshold 0.775 | val_model raw | lr 0.001000
Epoch 13/60 | train_loss 1.0024 | union_precision 0.7143 | weighted_recall 0.4431 | union_precision 0.7143 | threshold 0.800 | val_model raw | lr 0.001000
Epoch 14/60 | train_loss 0.9636 | union_precision 0.6250 | weighted_recall 0.4431 | union_precision 0.6250 | threshold 0.800 | val_model raw | lr 0.001000
Epoch 15/60 | train_loss 0.9658 | union_precision 0.6000 | weighted_recall 0.6740 | union_precision 0.6000 | threshold 0.775 | val_model raw | lr 0.001000
Epoch 16/60 | train_loss 0.9350 | union_precision 0.6154 | weighted_recall 0.6917 | union_precision 0.6154 | threshold 0.725 | val_model raw | lr 0.001000
Epoch 17/60 | train_loss 0.9199 | union_precision 0.6667 | weighted_recall 0.3499 | union_precision 0.6667 | threshold 0.825 | val_model raw | lr 0.001000
Epoch 18/60 | train_loss 0.8953 | union_precision 0.6667 | weighted_recall 0.3499 | union_precision 0.6667 | threshold 0.825 | val_model raw | lr 0.001000
Epoch 19/60 | train_loss 0.8829 | union_precision 0.6154 | weighted_recall 0.6917 | union_precision 0.6154 | threshold 0.650 | val_model raw | lr 0.001000
Epoch 20/60 | train_loss 0.8633 | union_precision 0.6154 | weighted_recall 0.6917 | union_precision 0.6154 | threshold 0.625 | val_model raw | lr 0.001000
Epoch 21/60 | train_loss 0.8479 | union_precision 0.6154 | weighted_recall 0.6917 | union_precision 0.6154 | threshold 0.600 | val_model raw | lr 0.001000
Epoch 22/60 | train_loss 0.8466 | union_precision 0.5882 | weighted_recall 0.7072 | union_precision 0.5882 | threshold 0.350 | val_model raw | lr 0.001000
Epoch 23/60 | train_loss 0.8156 | union_precision 0.5833 | weighted_recall 0.6817 | union_precision 0.5833 | threshold 0.575 | val_model raw | lr 0.001000
Early stopping at epoch 23
Held-out M68-3 | union_precision=0.7143 | weighted_recall=0.4431 | consensus_recall=0.0000
Epoch 1/60 | train_loss 1.5339 | union_precision 0.4000 | weighted_recall 0.0082 | union_precision 0.4000 | threshold 0.650 | val_model raw | lr 0.001000
Epoch 2/60 | train_loss 1.3978 | union_precision 0.4545 | weighted_recall 0.0281 | union_precision 0.4545 | threshold 0.575 | val_model raw | lr 0.001000
Epoch 3/60 | train_loss 1.3141 | union_precision 0.4625 | weighted_recall 0.3752 | union_precision 0.4625 | threshold 0.500 | val_model raw | lr 0.001000
Epoch 4/60 | train_loss 1.2469 | union_precision 0.5500 | weighted_recall 0.1233 | union_precision 0.5500 | threshold 0.575 | val_model raw | lr 0.001000
Epoch 5/60 | train_loss 1.2026 | union_precision 0.6061 | weighted_recall 0.2085 | union_precision 0.6061 | threshold 0.575 | val_model raw | lr 0.001000
Epoch 6/60 | train_loss 1.1856 | union_precision 0.6667 | weighted_recall 0.3006 | union_precision 0.6667 | threshold 0.575 | val_model raw | lr 0.001000
Epoch 7/60 | train_loss 1.1398 | union_precision 0.6389 | weighted_recall 0.2509 | union_precision 0.6389 | threshold 0.600 | val_model raw | lr 0.001000
Epoch 8/60 | train_loss 1.1184 | union_precision 1.0000 | weighted_recall 0.0095 | union_precision 1.0000 | threshold 0.750 | val_model raw | lr 0.001000
Epoch 9/60 | train_loss 1.0921 | union_precision 1.0000 | weighted_recall 0.0095 | union_precision 1.0000 | threshold 0.750 | val_model raw | lr 0.001000
Epoch 10/60 | train_loss 1.0786 | union_precision 1.0000 | weighted_recall 0.0095 | union_precision 1.0000 | threshold 0.775 | val_model raw | lr 0.001000
Epoch 11/60 | train_loss 1.0541 | union_precision 1.0000 | weighted_recall 0.0238 | union_precision 1.0000 | threshold 0.775 | val_model raw | lr 0.001000
Epoch 12/60 | train_loss 1.0156 | union_precision 1.0000 | weighted_recall 0.0238 | union_precision 1.0000 | threshold 0.775 | val_model raw | lr 0.001000
Epoch 13/60 | train_loss 1.0062 | union_precision 1.0000 | weighted_recall 0.0238 | union_precision 1.0000 | threshold 0.800 | val_model raw | lr 0.001000
Epoch 14/60 | train_loss 0.9703 | union_precision 1.0000 | weighted_recall 0.0654 | union_precision 1.0000 | threshold 0.800 | val_model raw | lr 0.001000
Epoch 15/60 | train_loss 0.9665 | union_precision 0.8750 | weighted_recall 0.0713 | union_precision 0.8750 | threshold 0.800 | val_model raw | lr 0.001000
Epoch 16/60 | train_loss 0.9436 | union_precision 0.9231 | weighted_recall 0.1516 | union_precision 0.9231 | threshold 0.800 | val_model raw | lr 0.001000
Epoch 17/60 | train_loss 0.9318 | union_precision 0.9000 | weighted_recall 0.1277 | union_precision 0.9000 | threshold 0.825 | val_model raw | lr 0.001000
Epoch 18/60 | train_loss 0.9033 | union_precision 1.0000 | weighted_recall 0.0713 | union_precision 1.0000 | threshold 0.850 | val_model raw | lr 0.001000
Epoch 19/60 | train_loss 0.8956 | union_precision 0.8519 | weighted_recall 0.2521 | union_precision 0.8519 | threshold 0.800 | val_model raw | lr 0.001000
Epoch 20/60 | train_loss 0.8673 | union_precision 1.0000 | weighted_recall 0.1656 | union_precision 1.0000 | threshold 0.850 | val_model raw | lr 0.001000
Epoch 21/60 | train_loss 0.8458 | union_precision 0.9375 | weighted_recall 0.1702 | union_precision 0.9375 | threshold 0.850 | val_model raw | lr 0.001000
Epoch 22/60 | train_loss 0.8372 | union_precision 1.0000 | weighted_recall 0.1167 | union_precision 1.0000 | threshold 0.875 | val_model raw | lr 0.001000
Epoch 23/60 | train_loss 0.8131 | union_precision 1.0000 | weighted_recall 0.1167 | union_precision 1.0000 | threshold 0.875 | val_model raw | lr 0.001000
Epoch 24/60 | train_loss 0.8279 | union_precision 1.0000 | weighted_recall 0.1213 | union_precision 1.0000 | threshold 0.875 | val_model raw | lr 0.001000
Epoch 25/60 | train_loss 0.7848 | union_precision 0.9375 | weighted_recall 0.1702 | union_precision 0.9375 | threshold 0.875 | val_model raw | lr 0.001000
Epoch 26/60 | train_loss 0.7769 | union_precision 0.9412 | weighted_recall 0.1731 | union_precision 0.9412 | threshold 0.875 | val_model raw | lr 0.001000
Epoch 27/60 | train_loss 0.7697 | union_precision 0.9412 | weighted_recall 0.1731 | union_precision 0.9412 | threshold 0.875 | val_model raw | lr 0.001000
Epoch 28/60 | train_loss 0.7445 | union_precision 0.9444 | weighted_recall 0.1806 | union_precision 0.9444 | threshold 0.875 | val_model raw | lr 0.001000
Epoch 29/60 | train_loss 0.7299 | union_precision 0.9412 | weighted_recall 0.1776 | union_precision 0.9412 | threshold 0.875 | val_model raw | lr 0.001000
Early stopping at epoch 29
Held-out M06-1__M06-2__M06-3 | union_precision=0.8519 | weighted_recall=0.2521 | consensus_recall=0.5000
Wrote nested CV results to /gpfs/work/int/yuxuanliu2204/Changheng/xmltoexp/MERIX SUBMISSION/Boundary_Restart/reports/nested_piece_cv/weighted_topdown_level4plus_split56_boundary_seed42
Best candidate: model-tcn__detector_target-level4plus_split56_boundary__selection_metric-weighted_recall__min_precision-0p85__loss_type-bce__rest_span_label_mode-none__rest_span_tolerance_negative_weight-1p0 | mean_primary_metric=0.2099 | mean_union_precision=0.9101
Running weighted-topdown nested direct seed=42 target=level5plus_split56_boundary min_precision=0.80
Command: python3 Command: run_nested_piece_cv.py Command: --config Command: configs/salience_grouped3_hi8_score_only_xml_curated.yaml Command: --outer_heldout_piece Command: M06-1 Command: M06-2 Command: M06-3 Command: --inner_mode Command: leave_one Command: --model Command: tcn Command: --detector_target Command: level5plus_split56_boundary Command: --selection_metric Command: weighted_recall Command: --precision_metric Command: union_precision Command: --min_precision Command: 0.80 Command: --loss_type Command: bce Command: --min_train_frequency_target Command: 0.05 Command: --cumulative_merge_tolerance Command: 2 Command: --cumulative_component_weights_json Command: \{\"level6\":1.0\,\"level5\":0.82\,\"level4\":0.64\,\"level3\":0.46\,\"level2\":0.28\,\"level1\":0.16\} Command: --device Command: cuda Command: --epochs Command: 60 Command: --early_stop_patience Command: 10 Command: --seed Command: 42 Command: --skip_stage_grading Command: --output_dir Command: reports/nested_piece_cv/weighted_topdown_level5plus_split56_boundary_seed42 Command: --run_outer_fit Command: --reuse_existing 
Epoch 1/60 | train_loss 1.5426 | union_precision 0.1556 | weighted_recall 0.1489 | union_precision 0.1556 | threshold 0.050 | val_model raw | lr 0.001000
Epoch 2/60 | train_loss 1.4059 | union_precision 0.3000 | weighted_recall 0.2131 | union_precision 0.3000 | threshold 0.500 | val_model raw | lr 0.001000
Epoch 3/60 | train_loss 1.2935 | union_precision 0.4444 | weighted_recall 0.1051 | union_precision 0.4444 | threshold 0.525 | val_model raw | lr 0.001000
Epoch 4/60 | train_loss 1.2277 | union_precision 0.5000 | weighted_recall 0.0197 | union_precision 0.5000 | threshold 0.550 | val_model raw | lr 0.001000
Epoch 5/60 | train_loss 1.1969 | union_precision 0.6667 | weighted_recall 0.0723 | union_precision 0.6667 | threshold 0.550 | val_model raw | lr 0.001000
Epoch 6/60 | train_loss 1.1405 | union_precision 0.6667 | weighted_recall 0.0723 | union_precision 0.6667 | threshold 0.550 | val_model raw | lr 0.001000
Epoch 7/60 | train_loss 1.1210 | union_precision 0.8000 | weighted_recall 0.1146 | union_precision 0.8000 | threshold 0.550 | val_model raw | lr 0.001000
Epoch 8/60 | train_loss 1.0773 | union_precision 0.8000 | weighted_recall 0.1146 | union_precision 0.8000 | threshold 0.550 | val_model raw | lr 0.001000
Epoch 9/60 | train_loss 1.0592 | union_precision 0.8571 | weighted_recall 0.1569 | union_precision 0.8571 | threshold 0.550 | val_model raw | lr 0.001000
Epoch 10/60 | train_loss 1.0200 | union_precision 0.8000 | weighted_recall 0.2394 | union_precision 0.8000 | threshold 0.575 | val_model raw | lr 0.001000
Epoch 11/60 | train_loss 0.9949 | union_precision 0.8571 | weighted_recall 0.2817 | union_precision 0.8571 | threshold 0.575 | val_model raw | lr 0.001000
Epoch 12/60 | train_loss 0.9795 | union_precision 0.8000 | weighted_recall 0.2394 | union_precision 0.8000 | threshold 0.600 | val_model raw | lr 0.001000
Epoch 13/60 | train_loss 0.9413 | union_precision 0.8000 | weighted_recall 0.2394 | union_precision 0.8000 | threshold 0.600 | val_model raw | lr 0.001000
Epoch 14/60 | train_loss 0.9086 | union_precision 0.8000 | weighted_recall 0.2394 | union_precision 0.8000 | threshold 0.625 | val_model raw | lr 0.001000
Epoch 15/60 | train_loss 0.8920 | union_precision 0.8000 | weighted_recall 0.2212 | union_precision 0.8000 | threshold 0.625 | val_model raw | lr 0.001000
Epoch 16/60 | train_loss 0.8670 | union_precision 0.8571 | weighted_recall 0.2474 | union_precision 0.8571 | threshold 0.625 | val_model raw | lr 0.001000
Epoch 17/60 | train_loss 0.8508 | union_precision 0.8000 | weighted_recall 0.2212 | union_precision 0.8000 | threshold 0.650 | val_model raw | lr 0.001000
Epoch 18/60 | train_loss 0.8123 | union_precision 0.8571 | weighted_recall 0.2474 | union_precision 0.8571 | threshold 0.650 | val_model raw | lr 0.001000
Epoch 19/60 | train_loss 0.7950 | union_precision 0.8000 | weighted_recall 0.2212 | union_precision 0.8000 | threshold 0.675 | val_model raw | lr 0.001000
Epoch 20/60 | train_loss 0.7719 | union_precision 0.8000 | weighted_recall 0.2212 | union_precision 0.8000 | threshold 0.700 | val_model raw | lr 0.001000
Epoch 21/60 | train_loss 0.7679 | union_precision 0.8000 | weighted_recall 0.2963 | union_precision 0.8000 | threshold 0.675 | val_model raw | lr 0.001000
Epoch 22/60 | train_loss 0.7536 | union_precision 1.0000 | weighted_recall 0.1183 | union_precision 1.0000 | threshold 0.850 | val_model raw | lr 0.001000
Epoch 23/60 | train_loss 0.7202 | union_precision 0.8000 | weighted_recall 0.2963 | union_precision 0.8000 | threshold 0.700 | val_model raw | lr 0.001000
Epoch 24/60 | train_loss 0.7142 | union_precision 0.8182 | weighted_recall 0.3029 | union_precision 0.8182 | threshold 0.700 | val_model raw | lr 0.001000
Epoch 25/60 | train_loss 0.6925 | union_precision 0.8182 | weighted_recall 0.3029 | union_precision 0.8182 | threshold 0.700 | val_model raw | lr 0.001000
Epoch 26/60 | train_loss 0.6759 | union_precision 0.8000 | weighted_recall 0.2869 | union_precision 0.8000 | threshold 0.700 | val_model raw | lr 0.001000
Epoch 27/60 | train_loss 0.6685 | union_precision 1.0000 | weighted_recall 0.2737 | union_precision 1.0000 | threshold 0.725 | val_model raw | lr 0.001000
Epoch 28/60 | train_loss 0.6368 | union_precision 0.8750 | weighted_recall 0.2737 | union_precision 0.8750 | threshold 0.725 | val_model raw | lr 0.001000
Epoch 29/60 | train_loss 0.6409 | union_precision 0.8571 | weighted_recall 0.2474 | union_precision 0.8571 | threshold 0.725 | val_model raw | lr 0.001000
Epoch 30/60 | train_loss 0.6220 | union_precision 0.8000 | weighted_recall 0.3489 | union_precision 0.8000 | threshold 0.600 | val_model raw | lr 0.001000
Epoch 31/60 | train_loss 0.5940 | union_precision 0.8000 | weighted_recall 0.3489 | union_precision 0.8000 | threshold 0.600 | val_model raw | lr 0.001000
Epoch 32/60 | train_loss 0.5928 | union_precision 0.8000 | weighted_recall 0.3489 | union_precision 0.8000 | threshold 0.575 | val_model raw | lr 0.001000
Epoch 33/60 | train_loss 0.5791 | union_precision 0.8000 | weighted_recall 0.3489 | union_precision 0.8000 | threshold 0.550 | val_model raw | lr 0.001000
Epoch 34/60 | train_loss 0.5675 | union_precision 0.8571 | weighted_recall 0.2446 | union_precision 0.8571 | threshold 0.725 | val_model raw | lr 0.001000
Epoch 35/60 | train_loss 0.5447 | union_precision 0.8571 | weighted_recall 0.2446 | union_precision 0.8571 | threshold 0.725 | val_model raw | lr 0.001000
Epoch 36/60 | train_loss 0.5431 | union_precision 0.8333 | weighted_recall 0.2314 | union_precision 0.8333 | threshold 0.725 | val_model raw | lr 0.001000
Epoch 37/60 | train_loss 0.5348 | union_precision 0.8750 | weighted_recall 0.2577 | union_precision 0.8750 | threshold 0.700 | val_model raw | lr 0.001000
Epoch 38/60 | train_loss 0.5007 | union_precision 1.0000 | weighted_recall 0.1971 | union_precision 1.0000 | threshold 0.800 | val_model raw | lr 0.001000
Epoch 39/60 | train_loss 0.5172 | union_precision 0.8000 | weighted_recall 0.2117 | union_precision 0.8000 | threshold 0.775 | val_model raw | lr 0.001000
Epoch 40/60 | train_loss 0.4914 | union_precision 1.0000 | weighted_recall 0.2117 | union_precision 1.0000 | threshold 0.775 | val_model raw | lr 0.001000
Epoch 41/60 | train_loss 0.4791 | union_precision 1.0000 | weighted_recall 0.1971 | union_precision 1.0000 | threshold 0.800 | val_model raw | lr 0.001000
Early stopping at epoch 41
Held-out M07-1 | union_precision=0.8000 | weighted_recall=0.3489 | consensus_recall=0.0000
Epoch 1/60 | train_loss 1.5508 | union_precision 0.8000 | weighted_recall 0.1367 | union_precision 0.8000 | threshold 0.600 | val_model raw | lr 0.001000
Epoch 2/60 | train_loss 1.4146 | union_precision 0.7500 | weighted_recall 0.1295 | union_precision 0.7500 | threshold 0.625 | val_model raw | lr 0.001000
Epoch 3/60 | train_loss 1.3039 | union_precision 0.6667 | weighted_recall 0.1367 | union_precision 0.6667 | threshold 0.625 | val_model raw | lr 0.001000
Epoch 4/60 | train_loss 1.2316 | union_precision 0.6667 | weighted_recall 0.1367 | union_precision 0.6667 | threshold 0.650 | val_model raw | lr 0.001000
Epoch 5/60 | train_loss 1.2008 | union_precision 0.8000 | weighted_recall 0.1367 | union_precision 0.8000 | threshold 0.700 | val_model raw | lr 0.001000
Epoch 6/60 | train_loss 1.1454 | union_precision 1.0000 | weighted_recall 0.1060 | union_precision 1.0000 | threshold 0.725 | val_model raw | lr 0.001000
Epoch 7/60 | train_loss 1.1256 | union_precision 0.8000 | weighted_recall 0.1367 | union_precision 0.8000 | threshold 0.725 | val_model raw | lr 0.001000
Epoch 8/60 | train_loss 1.0799 | union_precision 0.8000 | weighted_recall 0.1367 | union_precision 0.8000 | threshold 0.725 | val_model raw | lr 0.001000
Epoch 9/60 | train_loss 1.0572 | union_precision 0.8000 | weighted_recall 0.1367 | union_precision 0.8000 | threshold 0.750 | val_model raw | lr 0.001000
Epoch 10/60 | train_loss 1.0240 | union_precision 0.8571 | weighted_recall 0.1897 | union_precision 0.8571 | threshold 0.750 | val_model raw | lr 0.001000
Epoch 11/60 | train_loss 1.0019 | union_precision 1.0000 | weighted_recall 0.1897 | union_precision 1.0000 | threshold 0.775 | val_model raw | lr 0.001000
Epoch 12/60 | train_loss 0.9840 | union_precision 1.0000 | weighted_recall 0.2191 | union_precision 1.0000 | threshold 0.775 | val_model raw | lr 0.001000
Epoch 13/60 | train_loss 0.9484 | union_precision 1.0000 | weighted_recall 0.0530 | union_precision 1.0000 | threshold 0.800 | val_model raw | lr 0.001000
Epoch 14/60 | train_loss 0.9184 | union_precision 1.0000 | weighted_recall 0.0412 | union_precision 1.0000 | threshold 0.825 | val_model raw | lr 0.001000
Epoch 15/60 | train_loss 0.8932 | union_precision 1.0000 | weighted_recall 0.0530 | union_precision 1.0000 | threshold 0.825 | val_model raw | lr 0.001000
Epoch 16/60 | train_loss 0.8714 | union_precision 1.0000 | weighted_recall 0.0530 | union_precision 1.0000 | threshold 0.825 | val_model raw | lr 0.001000
Epoch 17/60 | train_loss 0.8533 | union_precision 1.0000 | weighted_recall 0.0412 | union_precision 1.0000 | threshold 0.850 | val_model raw | lr 0.001000
Epoch 18/60 | train_loss 0.8123 | union_precision 1.0000 | weighted_recall 0.0530 | union_precision 1.0000 | threshold 0.850 | val_model raw | lr 0.001000
Epoch 19/60 | train_loss 0.8016 | union_precision 1.0000 | weighted_recall 0.0412 | union_precision 1.0000 | threshold 0.875 | val_model raw | lr 0.001000
Epoch 20/60 | train_loss 0.7755 | union_precision 1.0000 | weighted_recall 0.0530 | union_precision 1.0000 | threshold 0.875 | val_model raw | lr 0.001000
Epoch 21/60 | train_loss 0.7686 | union_precision 1.0000 | weighted_recall 0.0412 | union_precision 1.0000 | threshold 0.900 | val_model raw | lr 0.001000
Epoch 22/60 | train_loss 0.7613 | union_precision 1.0000 | weighted_recall 0.0530 | union_precision 1.0000 | threshold 0.900 | val_model raw | lr 0.001000
Early stopping at epoch 22
Held-out M07-2 | union_precision=1.0000 | weighted_recall=0.2191 | consensus_recall=0.0000
Epoch 1/60 | train_loss 1.5413 | union_precision 0.4000 | weighted_recall 0.0162 | union_precision 0.4000 | threshold 0.575 | val_model raw | lr 0.001000
Epoch 2/60 | train_loss 1.4132 | union_precision 0.3333 | weighted_recall 0.0788 | union_precision 0.3333 | threshold 0.575 | val_model raw | lr 0.001000
Epoch 3/60 | train_loss 1.2946 | union_precision 0.3333 | weighted_recall 0.2808 | union_precision 0.3333 | threshold 0.475 | val_model raw | lr 0.001000
Epoch 4/60 | train_loss 1.2191 | union_precision 0.5000 | weighted_recall 0.0243 | union_precision 0.5000 | threshold 0.675 | val_model raw | lr 0.001000
Epoch 5/60 | train_loss 1.1940 | union_precision 0.3333 | weighted_recall 0.1466 | union_precision 0.3333 | threshold 0.600 | val_model raw | lr 0.001000
Epoch 6/60 | train_loss 1.1355 | union_precision 0.3333 | weighted_recall 0.1466 | union_precision 0.3333 | threshold 0.625 | val_model raw | lr 0.001000
Epoch 7/60 | train_loss 1.1160 | union_precision 0.5000 | weighted_recall 0.0243 | union_precision 0.5000 | threshold 0.725 | val_model raw | lr 0.001000
Epoch 8/60 | train_loss 1.0705 | union_precision 0.5000 | weighted_recall 0.0243 | union_precision 0.5000 | threshold 0.725 | val_model raw | lr 0.001000
Epoch 9/60 | train_loss 1.0500 | union_precision 0.3333 | weighted_recall 0.0243 | union_precision 0.3333 | threshold 0.725 | val_model raw | lr 0.001000
Epoch 10/60 | train_loss 1.0160 | union_precision 0.4000 | weighted_recall 0.1304 | union_precision 0.4000 | threshold 0.725 | val_model raw | lr 0.001000
Epoch 11/60 | train_loss 0.9874 | union_precision 0.4000 | weighted_recall 0.1304 | union_precision 0.4000 | threshold 0.725 | val_model raw | lr 0.001000
Epoch 12/60 | train_loss 0.9731 | union_precision 0.3846 | weighted_recall 0.1931 | union_precision 0.3846 | threshold 0.675 | val_model raw | lr 0.001000
Epoch 13/60 | train_loss 0.9289 | union_precision 0.4000 | weighted_recall 0.1850 | union_precision 0.4000 | threshold 0.725 | val_model raw | lr 0.001000
Epoch 14/60 | train_loss 0.9044 | union_precision 0.4286 | weighted_recall 0.1385 | union_precision 0.4286 | threshold 0.725 | val_model raw | lr 0.001000
Early stopping at epoch 14
Held-out M07-3 | union_precision=0.5000 | weighted_recall=0.0243 | consensus_recall=0.0000
Epoch 1/60 | train_loss 1.5433 | union_precision 1.0000 | weighted_recall 0.1622 | union_precision 1.0000 | threshold 0.575 | val_model raw | lr 0.001000
Epoch 2/60 | train_loss 1.4130 | union_precision 1.0000 | weighted_recall 0.1622 | union_precision 1.0000 | threshold 0.575 | val_model raw | lr 0.001000
Epoch 3/60 | train_loss 1.2991 | union_precision 1.0000 | weighted_recall 0.1622 | union_precision 1.0000 | threshold 0.575 | val_model raw | lr 0.001000
Epoch 4/60 | train_loss 1.2200 | union_precision 1.0000 | weighted_recall 0.1622 | union_precision 1.0000 | threshold 0.575 | val_model raw | lr 0.001000
Epoch 5/60 | train_loss 1.1946 | union_precision 1.0000 | weighted_recall 0.1622 | union_precision 1.0000 | threshold 0.600 | val_model raw | lr 0.001000
Epoch 6/60 | train_loss 1.1476 | union_precision 1.0000 | weighted_recall 0.1622 | union_precision 1.0000 | threshold 0.600 | val_model raw | lr 0.001000
Epoch 7/60 | train_loss 1.1178 | union_precision 1.0000 | weighted_recall 0.2558 | union_precision 1.0000 | threshold 0.600 | val_model raw | lr 0.001000
Epoch 8/60 | train_loss 1.0761 | union_precision 1.0000 | weighted_recall 0.2121 | union_precision 1.0000 | threshold 0.625 | val_model raw | lr 0.001000
Epoch 9/60 | train_loss 1.0556 | union_precision 1.0000 | weighted_recall 0.1622 | union_precision 1.0000 | threshold 0.650 | val_model raw | lr 0.001000
Epoch 10/60 | train_loss 1.0218 | union_precision 1.0000 | weighted_recall 0.2121 | union_precision 1.0000 | threshold 0.650 | val_model raw | lr 0.001000
Epoch 11/60 | train_loss 0.9896 | union_precision 1.0000 | weighted_recall 0.0499 | union_precision 1.0000 | threshold 0.675 | val_model raw | lr 0.001000
Epoch 12/60 | train_loss 0.9712 | union_precision 1.0000 | weighted_recall 0.0499 | union_precision 1.0000 | threshold 0.675 | val_model raw | lr 0.001000
Epoch 13/60 | train_loss 0.9372 | union_precision 1.0000 | weighted_recall 0.0499 | union_precision 1.0000 | threshold 0.700 | val_model raw | lr 0.001000
Epoch 14/60 | train_loss 0.9087 | union_precision 0.6667 | weighted_recall 0.2759 | union_precision 0.6667 | threshold 0.650 | val_model raw | lr 0.001000
Epoch 15/60 | train_loss 0.8849 | union_precision 1.0000 | weighted_recall 0.0499 | union_precision 1.0000 | threshold 0.725 | val_model raw | lr 0.001000
Epoch 16/60 | train_loss 0.8615 | union_precision 1.0000 | weighted_recall 0.0499 | union_precision 1.0000 | threshold 0.750 | val_model raw | lr 0.001000
Epoch 17/60 | train_loss 0.8540 | union_precision 0.7222 | weighted_recall 0.6252 | union_precision 0.7222 | threshold 0.625 | val_model raw | lr 0.001000
Early stopping at epoch 17
Held-out M17-1 | union_precision=1.0000 | weighted_recall=0.2558 | consensus_recall=0.0000
Epoch 1/60 | train_loss 1.5418 | union_precision 0.5000 | weighted_recall 0.1317 | union_precision 0.5000 | threshold 0.575 | val_model raw | lr 0.001000
Epoch 2/60 | train_loss 1.4077 | union_precision 1.0000 | weighted_recall 0.1317 | union_precision 1.0000 | threshold 0.625 | val_model raw | lr 0.001000
Epoch 3/60 | train_loss 1.2950 | union_precision 0.6667 | weighted_recall 0.1796 | union_precision 0.6667 | threshold 0.575 | val_model raw | lr 0.001000
Epoch 4/60 | train_loss 1.2173 | union_precision 0.5000 | weighted_recall 0.1317 | union_precision 0.5000 | threshold 0.600 | val_model raw | lr 0.001000
Epoch 5/60 | train_loss 1.1915 | union_precision 0.5000 | weighted_recall 0.1317 | union_precision 0.5000 | threshold 0.625 | val_model raw | lr 0.001000
Epoch 6/60 | train_loss 1.1443 | union_precision 1.0000 | weighted_recall 0.1317 | union_precision 1.0000 | threshold 0.675 | val_model raw | lr 0.001000
Epoch 7/60 | train_loss 1.1157 | union_precision 1.0000 | weighted_recall 0.1317 | union_precision 1.0000 | threshold 0.675 | val_model raw | lr 0.001000
Epoch 8/60 | train_loss 1.0752 | union_precision 1.0000 | weighted_recall 0.1317 | union_precision 1.0000 | threshold 0.675 | val_model raw | lr 0.001000
Epoch 9/60 | train_loss 1.0517 | union_precision 1.0000 | weighted_recall 0.1317 | union_precision 1.0000 | threshold 0.700 | val_model raw | lr 0.001000
Epoch 10/60 | train_loss 1.0200 | union_precision 0.4286 | weighted_recall 0.2035 | union_precision 0.4286 | threshold 0.625 | val_model raw | lr 0.001000
Epoch 11/60 | train_loss 0.9877 | union_precision 0.4286 | weighted_recall 0.2035 | union_precision 0.4286 | threshold 0.625 | val_model raw | lr 0.001000
Epoch 12/60 | train_loss 0.9656 | union_precision 0.4286 | weighted_recall 0.2035 | union_precision 0.4286 | threshold 0.625 | val_model raw | lr 0.001000
Early stopping at epoch 12
Held-out M17-2 | union_precision=1.0000 | weighted_recall=0.1317 | consensus_recall=0.0000
Epoch 1/60 | train_loss 1.5463 | union_precision 1.0000 | weighted_recall 0.0477 | union_precision 1.0000 | threshold 0.625 | val_model raw | lr 0.001000
Epoch 2/60 | train_loss 1.4048 | union_precision 1.0000 | weighted_recall 0.0477 | union_precision 1.0000 | threshold 0.625 | val_model raw | lr 0.001000
Epoch 3/60 | train_loss 1.2873 | union_precision 0.5000 | weighted_recall 0.0477 | union_precision 0.5000 | threshold 0.625 | val_model raw | lr 0.001000
Epoch 4/60 | train_loss 1.2113 | union_precision 0.3548 | weighted_recall 0.2490 | union_precision 0.3548 | threshold 0.525 | val_model raw | lr 0.001000
Epoch 5/60 | train_loss 1.1910 | union_precision 0.3571 | weighted_recall 0.2575 | union_precision 0.3571 | threshold 0.550 | val_model raw | lr 0.001000
Epoch 6/60 | train_loss 1.1425 | union_precision 0.3548 | weighted_recall 0.2634 | union_precision 0.3548 | threshold 0.550 | val_model raw | lr 0.001000
Epoch 7/60 | train_loss 1.1145 | union_precision 0.3333 | weighted_recall 0.2241 | union_precision 0.3333 | threshold 0.575 | val_model raw | lr 0.001000
Epoch 8/60 | train_loss 1.0733 | union_precision 0.3889 | weighted_recall 0.2241 | union_precision 0.3889 | threshold 0.600 | val_model raw | lr 0.001000
Epoch 9/60 | train_loss 1.0521 | union_precision 0.6667 | weighted_recall 0.0668 | union_precision 0.6667 | threshold 0.675 | val_model raw | lr 0.001000
Epoch 10/60 | train_loss 1.0170 | union_precision 0.7500 | weighted_recall 0.1133 | union_precision 0.7500 | threshold 0.675 | val_model raw | lr 0.001000
Epoch 11/60 | train_loss 0.9871 | union_precision 0.8000 | weighted_recall 0.1563 | union_precision 0.8000 | threshold 0.675 | val_model raw | lr 0.001000
Epoch 12/60 | train_loss 0.9658 | union_precision 1.0000 | weighted_recall 0.0477 | union_precision 1.0000 | threshold 0.750 | val_model raw | lr 0.001000
Epoch 13/60 | train_loss 0.9320 | union_precision 0.8000 | weighted_recall 0.1563 | union_precision 0.8000 | threshold 0.700 | val_model raw | lr 0.001000
Epoch 14/60 | train_loss 0.9017 | union_precision 0.8000 | weighted_recall 0.1563 | union_precision 0.8000 | threshold 0.700 | val_model raw | lr 0.001000
Epoch 15/60 | train_loss 0.8806 | union_precision 0.8000 | weighted_recall 0.1563 | union_precision 0.8000 | threshold 0.700 | val_model raw | lr 0.001000
Epoch 16/60 | train_loss 0.8485 | union_precision 0.8000 | weighted_recall 0.1563 | union_precision 0.8000 | threshold 0.725 | val_model raw | lr 0.001000
Epoch 17/60 | train_loss 0.8411 | union_precision 0.8000 | weighted_recall 0.1563 | union_precision 0.8000 | threshold 0.725 | val_model raw | lr 0.001000
Epoch 18/60 | train_loss 0.8037 | union_precision 0.8000 | weighted_recall 0.1563 | union_precision 0.8000 | threshold 0.725 | val_model raw | lr 0.001000
Epoch 19/60 | train_loss 0.7852 | union_precision 0.8333 | weighted_recall 0.1849 | union_precision 0.8333 | threshold 0.700 | val_model raw | lr 0.001000
Epoch 20/60 | train_loss 0.7706 | union_precision 1.0000 | weighted_recall 0.1563 | union_precision 1.0000 | threshold 0.800 | val_model raw | lr 0.001000
Epoch 21/60 | train_loss 0.7561 | union_precision 0.8333 | weighted_recall 0.1849 | union_precision 0.8333 | threshold 0.725 | val_model raw | lr 0.001000
Epoch 22/60 | train_loss 0.7464 | union_precision 0.8333 | weighted_recall 0.1849 | union_precision 0.8333 | threshold 0.750 | val_model raw | lr 0.001000
Epoch 23/60 | train_loss 0.7150 | union_precision 0.8333 | weighted_recall 0.1849 | union_precision 0.8333 | threshold 0.750 | val_model raw | lr 0.001000
Epoch 24/60 | train_loss 0.7082 | union_precision 1.0000 | weighted_recall 0.1849 | union_precision 1.0000 | threshold 0.775 | val_model raw | lr 0.001000
Epoch 25/60 | train_loss 0.6843 | union_precision 0.8333 | weighted_recall 0.1849 | union_precision 0.8333 | threshold 0.750 | val_model raw | lr 0.001000
Epoch 26/60 | train_loss 0.6753 | union_precision 0.8333 | weighted_recall 0.1849 | union_precision 0.8333 | threshold 0.750 | val_model raw | lr 0.001000
Epoch 27/60 | train_loss 0.6501 | union_precision 1.0000 | weighted_recall 0.1420 | union_precision 1.0000 | threshold 0.800 | val_model raw | lr 0.001000
Epoch 28/60 | train_loss 0.6304 | union_precision 1.0000 | weighted_recall 0.1420 | union_precision 1.0000 | threshold 0.800 | val_model raw | lr 0.001000
Epoch 29/60 | train_loss 0.6362 | union_precision 1.0000 | weighted_recall 0.1420 | union_precision 1.0000 | threshold 0.800 | val_model raw | lr 0.001000
Epoch 30/60 | train_loss 0.6123 | union_precision 1.0000 | weighted_recall 0.1420 | union_precision 1.0000 | threshold 0.800 | val_model raw | lr 0.001000
Epoch 31/60 | train_loss 0.5939 | union_precision 1.0000 | weighted_recall 0.1420 | union_precision 1.0000 | threshold 0.800 | val_model raw | lr 0.001000
Epoch 32/60 | train_loss 0.6050 | union_precision 0.8333 | weighted_recall 0.1536 | union_precision 0.8333 | threshold 0.775 | val_model raw | lr 0.001000
Epoch 33/60 | train_loss 0.5725 | union_precision 0.8333 | weighted_recall 0.1536 | union_precision 0.8333 | threshold 0.800 | val_model raw | lr 0.001000
Epoch 34/60 | train_loss 0.5566 | union_precision 0.8333 | weighted_recall 0.1754 | union_precision 0.8333 | threshold 0.800 | val_model raw | lr 0.001000
Early stopping at epoch 34
Held-out M17-3 | union_precision=1.0000 | weighted_recall=0.1849 | consensus_recall=0.0000
Epoch 1/60 | train_loss 1.5471 | union_precision 1.0000 | weighted_recall 0.0036 | union_precision 1.0000 | threshold 0.600 | val_model raw | lr 0.001000
Epoch 2/60 | train_loss 1.3981 | union_precision 1.0000 | weighted_recall 0.0036 | union_precision 1.0000 | threshold 0.600 | val_model raw | lr 0.001000
Epoch 3/60 | train_loss 1.2860 | union_precision 1.0000 | weighted_recall 0.0036 | union_precision 1.0000 | threshold 0.625 | val_model raw | lr 0.001000
Epoch 4/60 | train_loss 1.2157 | union_precision 1.0000 | weighted_recall 0.0287 | union_precision 1.0000 | threshold 0.650 | val_model raw | lr 0.001000
Epoch 5/60 | train_loss 1.1862 | union_precision 1.0000 | weighted_recall 0.0287 | union_precision 1.0000 | threshold 0.650 | val_model raw | lr 0.001000
Epoch 6/60 | train_loss 1.1383 | union_precision 1.0000 | weighted_recall 0.0036 | union_precision 1.0000 | threshold 0.675 | val_model raw | lr 0.001000
Epoch 7/60 | train_loss 1.1091 | union_precision 1.0000 | weighted_recall 0.0231 | union_precision 1.0000 | threshold 0.675 | val_model raw | lr 0.001000
Epoch 8/60 | train_loss 1.0729 | union_precision 1.0000 | weighted_recall 0.0144 | union_precision 1.0000 | threshold 0.700 | val_model raw | lr 0.001000
Epoch 9/60 | train_loss 1.0479 | union_precision 1.0000 | weighted_recall 0.0231 | union_precision 1.0000 | threshold 0.700 | val_model raw | lr 0.001000
Epoch 10/60 | train_loss 1.0100 | union_precision 0.8000 | weighted_recall 0.0483 | union_precision 0.8000 | threshold 0.700 | val_model raw | lr 0.001000
Epoch 11/60 | train_loss 0.9830 | union_precision 0.8000 | weighted_recall 0.0483 | union_precision 0.8000 | threshold 0.700 | val_model raw | lr 0.001000
Epoch 12/60 | train_loss 0.9605 | union_precision 0.8333 | weighted_recall 0.0591 | union_precision 0.8333 | threshold 0.675 | val_model raw | lr 0.001000
Epoch 13/60 | train_loss 0.9252 | union_precision 0.8333 | weighted_recall 0.0591 | union_precision 0.8333 | threshold 0.675 | val_model raw | lr 0.001000
Epoch 14/60 | train_loss 0.8949 | union_precision 0.8000 | weighted_recall 0.0483 | union_precision 0.8000 | threshold 0.700 | val_model raw | lr 0.001000
Epoch 15/60 | train_loss 0.8758 | union_precision 1.0000 | weighted_recall 0.0252 | union_precision 1.0000 | threshold 0.800 | val_model raw | lr 0.001000
Epoch 16/60 | train_loss 0.8418 | union_precision 1.0000 | weighted_recall 0.0252 | union_precision 1.0000 | threshold 0.825 | val_model raw | lr 0.001000
Epoch 17/60 | train_loss 0.8377 | union_precision 1.0000 | weighted_recall 0.0252 | union_precision 1.0000 | threshold 0.825 | val_model raw | lr 0.001000
Epoch 18/60 | train_loss 0.8055 | union_precision 1.0000 | weighted_recall 0.0252 | union_precision 1.0000 | threshold 0.825 | val_model raw | lr 0.001000
Epoch 19/60 | train_loss 0.7838 | union_precision 1.0000 | weighted_recall 0.0359 | union_precision 1.0000 | threshold 0.825 | val_model raw | lr 0.001000
Epoch 20/60 | train_loss 0.7629 | union_precision 1.0000 | weighted_recall 0.0359 | union_precision 1.0000 | threshold 0.825 | val_model raw | lr 0.001000
Epoch 21/60 | train_loss 0.7483 | union_precision 1.0000 | weighted_recall 0.0359 | union_precision 1.0000 | threshold 0.850 | val_model raw | lr 0.001000
Epoch 22/60 | train_loss 0.7427 | union_precision 1.0000 | weighted_recall 0.0359 | union_precision 1.0000 | threshold 0.850 | val_model raw | lr 0.001000
Early stopping at epoch 22
Held-out M17-4 | union_precision=0.8333 | weighted_recall=0.0591 | consensus_recall=0.0000
Epoch 1/60 | train_loss 1.5467 | union_precision 0.3500 | weighted_recall 0.1910 | union_precision 0.3500 | threshold 0.525 | val_model raw | lr 0.001000
Epoch 2/60 | train_loss 1.4034 | union_precision 0.4348 | weighted_recall 0.5467 | union_precision 0.4348 | threshold 0.525 | val_model raw | lr 0.001000
Epoch 3/60 | train_loss 1.2953 | union_precision 0.3793 | weighted_recall 0.2610 | union_precision 0.3793 | threshold 0.525 | val_model raw | lr 0.001000
Epoch 4/60 | train_loss 1.2202 | union_precision 0.3333 | weighted_recall 0.2385 | union_precision 0.3333 | threshold 0.550 | val_model raw | lr 0.001000
Epoch 5/60 | train_loss 1.1926 | union_precision 0.3077 | weighted_recall 0.0925 | union_precision 0.3077 | threshold 0.600 | val_model raw | lr 0.001000
Epoch 6/60 | train_loss 1.1436 | union_precision 0.4444 | weighted_recall 0.0925 | union_precision 0.4444 | threshold 0.625 | val_model raw | lr 0.001000
Epoch 7/60 | train_loss 1.1138 | union_precision 0.4444 | weighted_recall 0.0925 | union_precision 0.4444 | threshold 0.650 | val_model raw | lr 0.001000
Epoch 8/60 | train_loss 1.0804 | union_precision 0.4444 | weighted_recall 0.0925 | union_precision 0.4444 | threshold 0.650 | val_model raw | lr 0.001000
Epoch 9/60 | train_loss 1.0518 | union_precision 0.5000 | weighted_recall 0.1885 | union_precision 0.5000 | threshold 0.650 | val_model raw | lr 0.001000
Epoch 10/60 | train_loss 1.0185 | union_precision 0.6667 | weighted_recall 0.0338 | union_precision 0.6667 | threshold 0.725 | val_model raw | lr 0.001000
Epoch 11/60 | train_loss 0.9880 | union_precision 0.5455 | weighted_recall 0.2560 | union_precision 0.5455 | threshold 0.675 | val_model raw | lr 0.001000
Epoch 12/60 | train_loss 0.9679 | union_precision 0.6667 | weighted_recall 0.0925 | union_precision 0.6667 | threshold 0.700 | val_model raw | lr 0.001000
Epoch 13/60 | train_loss 0.9375 | union_precision 0.7500 | weighted_recall 0.2560 | union_precision 0.7500 | threshold 0.700 | val_model raw | lr 0.001000
Epoch 14/60 | train_loss 0.9000 | union_precision 0.7143 | weighted_recall 0.1885 | union_precision 0.7143 | threshold 0.725 | val_model raw | lr 0.001000
Epoch 15/60 | train_loss 0.8840 | union_precision 0.7500 | weighted_recall 0.2560 | union_precision 0.7500 | threshold 0.725 | val_model raw | lr 0.001000
Epoch 16/60 | train_loss 0.8450 | union_precision 0.7143 | weighted_recall 0.2110 | union_precision 0.7143 | threshold 0.750 | val_model raw | lr 0.001000
Epoch 17/60 | train_loss 0.8443 | union_precision 0.7500 | weighted_recall 0.2560 | union_precision 0.7500 | threshold 0.750 | val_model raw | lr 0.001000
Epoch 18/60 | train_loss 0.8100 | union_precision 0.6667 | weighted_recall 0.2560 | union_precision 0.6667 | threshold 0.750 | val_model raw | lr 0.001000
Epoch 19/60 | train_loss 0.7903 | union_precision 0.7143 | weighted_recall 0.2110 | union_precision 0.7143 | threshold 0.775 | val_model raw | lr 0.001000
Epoch 20/60 | train_loss 0.7668 | union_precision 0.6667 | weighted_recall 0.0338 | union_precision 0.6667 | threshold 0.900 | val_model raw | lr 0.001000
Epoch 21/60 | train_loss 0.7524 | union_precision 0.6667 | weighted_recall 0.2248 | union_precision 0.6667 | threshold 0.750 | val_model raw | lr 0.001000
Epoch 22/60 | train_loss 0.7486 | union_precision 0.6250 | weighted_recall 0.2110 | union_precision 0.6250 | threshold 0.750 | val_model raw | lr 0.001000
Epoch 23/60 | train_loss 0.7112 | union_precision 0.6250 | weighted_recall 0.2110 | union_precision 0.6250 | threshold 0.775 | val_model raw | lr 0.001000
Early stopping at epoch 23
Held-out M24-1 | union_precision=0.7500 | weighted_recall=0.2560 | consensus_recall=0.0000
Epoch 1/60 | train_loss 1.5470 | union_precision 0.1892 | weighted_recall 0.2755 | union_precision 0.1892 | threshold 0.500 | val_model raw | lr 0.001000
Epoch 2/60 | train_loss 1.4007 | union_precision 0.2195 | weighted_recall 0.0672 | union_precision 0.2195 | threshold 0.450 | val_model raw | lr 0.001000
Epoch 3/60 | train_loss 1.2940 | union_precision 0.2258 | weighted_recall 0.0570 | union_precision 0.2258 | threshold 0.500 | val_model raw | lr 0.001000
Epoch 4/60 | train_loss 1.2195 | union_precision 0.2250 | weighted_recall 0.0672 | union_precision 0.2250 | threshold 0.475 | val_model raw | lr 0.001000
Epoch 5/60 | train_loss 1.1909 | union_precision 0.2308 | weighted_recall 0.0672 | union_precision 0.2308 | threshold 0.475 | val_model raw | lr 0.001000
Epoch 6/60 | train_loss 1.1432 | union_precision 0.2381 | weighted_recall 0.0824 | union_precision 0.2381 | threshold 0.450 | val_model raw | lr 0.001000
Epoch 7/60 | train_loss 1.1114 | union_precision 0.2439 | weighted_recall 0.0824 | union_precision 0.2439 | threshold 0.450 | val_model raw | lr 0.001000
Epoch 8/60 | train_loss 1.0810 | union_precision 0.2222 | weighted_recall 0.0824 | union_precision 0.2222 | threshold 0.425 | val_model raw | lr 0.001000
Epoch 9/60 | train_loss 1.0516 | union_precision 0.2500 | weighted_recall 0.0468 | union_precision 0.2500 | threshold 0.550 | val_model raw | lr 0.001000
Epoch 10/60 | train_loss 1.0178 | union_precision 0.3529 | weighted_recall 0.0559 | union_precision 0.3529 | threshold 0.575 | val_model raw | lr 0.001000
Epoch 11/60 | train_loss 0.9839 | union_precision 0.3889 | weighted_recall 0.0621 | union_precision 0.3889 | threshold 0.575 | val_model raw | lr 0.001000
Epoch 12/60 | train_loss 0.9649 | union_precision 0.4118 | weighted_recall 0.0621 | union_precision 0.4118 | threshold 0.575 | val_model raw | lr 0.001000
Epoch 13/60 | train_loss 0.9409 | union_precision 0.4545 | weighted_recall 0.0316 | union_precision 0.4545 | threshold 0.600 | val_model raw | lr 0.001000
Epoch 14/60 | train_loss 0.8948 | union_precision 0.4545 | weighted_recall 0.0316 | union_precision 0.4545 | threshold 0.600 | val_model raw | lr 0.001000
Epoch 15/60 | train_loss 0.8811 | union_precision 0.4545 | weighted_recall 0.0316 | union_precision 0.4545 | threshold 0.600 | val_model raw | lr 0.001000
Epoch 16/60 | train_loss 0.8424 | union_precision 0.3200 | weighted_recall 0.0672 | union_precision 0.3200 | threshold 0.525 | val_model raw | lr 0.001000
Epoch 17/60 | train_loss 0.8408 | union_precision 0.3333 | weighted_recall 0.0265 | union_precision 0.3333 | threshold 0.600 | val_model raw | lr 0.001000
Epoch 18/60 | train_loss 0.8073 | union_precision 0.3333 | weighted_recall 0.0316 | union_precision 0.3333 | threshold 0.575 | val_model raw | lr 0.001000
Epoch 19/60 | train_loss 0.7864 | union_precision 0.4000 | weighted_recall 0.0265 | union_precision 0.4000 | threshold 0.625 | val_model raw | lr 0.001000
Epoch 20/60 | train_loss 0.7661 | union_precision 0.4000 | weighted_recall 0.0265 | union_precision 0.4000 | threshold 0.625 | val_model raw | lr 0.001000
Epoch 21/60 | train_loss 0.7554 | union_precision 0.5000 | weighted_recall 0.0418 | union_precision 0.5000 | threshold 0.625 | val_model raw | lr 0.001000
Epoch 22/60 | train_loss 0.7474 | union_precision 0.6250 | weighted_recall 0.0418 | union_precision 0.6250 | threshold 0.650 | val_model raw | lr 0.001000
Epoch 23/60 | train_loss 0.7075 | union_precision 0.5714 | weighted_recall 0.0367 | union_precision 0.5714 | threshold 0.650 | val_model raw | lr 0.001000
Epoch 24/60 | train_loss 0.7083 | union_precision 0.4286 | weighted_recall 0.0214 | union_precision 0.4286 | threshold 0.650 | val_model raw | lr 0.001000
Epoch 25/60 | train_loss 0.6855 | union_precision 0.4118 | weighted_recall 0.0592 | union_precision 0.4118 | threshold 0.450 | val_model raw | lr 0.001000
Epoch 26/60 | train_loss 0.6763 | union_precision 0.4118 | weighted_recall 0.0592 | union_precision 0.4118 | threshold 0.425 | val_model raw | lr 0.001000
Epoch 27/60 | train_loss 0.6531 | union_precision 0.4118 | weighted_recall 0.0592 | union_precision 0.4118 | threshold 0.425 | val_model raw | lr 0.001000
Epoch 28/60 | train_loss 0.6362 | union_precision 0.4118 | weighted_recall 0.0592 | union_precision 0.4118 | threshold 0.425 | val_model raw | lr 0.001000
Epoch 29/60 | train_loss 0.6294 | union_precision 0.4118 | weighted_recall 0.0592 | union_precision 0.4118 | threshold 0.425 | val_model raw | lr 0.001000
Epoch 30/60 | train_loss 0.6158 | union_precision 0.4194 | weighted_recall 0.1213 | union_precision 0.4194 | threshold 0.250 | val_model raw | lr 0.001000
Epoch 31/60 | train_loss 0.5904 | union_precision 0.4194 | weighted_recall 0.1213 | union_precision 0.4194 | threshold 0.225 | val_model raw | lr 0.001000
Epoch 32/60 | train_loss 0.6071 | union_precision 0.4194 | weighted_recall 0.1213 | union_precision 0.4194 | threshold 0.200 | val_model raw | lr 0.001000
Early stopping at epoch 32
Held-out M24-2 | union_precision=0.6250 | weighted_recall=0.0418 | consensus_recall=0.0000
Epoch 1/60 | train_loss 1.5478 | union_precision 0.6667 | weighted_recall 0.1622 | union_precision 0.6667 | threshold 0.600 | val_model raw | lr 0.001000
Epoch 2/60 | train_loss 1.4016 | union_precision 1.0000 | weighted_recall 0.0631 | union_precision 1.0000 | threshold 0.650 | val_model raw | lr 0.001000
Epoch 3/60 | train_loss 1.2932 | union_precision 1.0000 | weighted_recall 0.0631 | union_precision 1.0000 | threshold 0.675 | val_model raw | lr 0.001000
Epoch 4/60 | train_loss 1.2246 | union_precision 0.8000 | weighted_recall 0.1058 | union_precision 0.8000 | threshold 0.600 | val_model raw | lr 0.001000
Epoch 5/60 | train_loss 1.1917 | union_precision 0.8000 | weighted_recall 0.1058 | union_precision 0.8000 | threshold 0.600 | val_model raw | lr 0.001000
Epoch 6/60 | train_loss 1.1422 | union_precision 0.8000 | weighted_recall 0.1058 | union_precision 0.8000 | threshold 0.625 | val_model raw | lr 0.001000
Epoch 7/60 | train_loss 1.1138 | union_precision 0.8000 | weighted_recall 0.1058 | union_precision 0.8000 | threshold 0.625 | val_model raw | lr 0.001000
Epoch 8/60 | train_loss 1.0815 | union_precision 0.8000 | weighted_recall 0.1058 | union_precision 0.8000 | threshold 0.625 | val_model raw | lr 0.001000
Epoch 9/60 | train_loss 1.0572 | union_precision 0.8333 | weighted_recall 0.1363 | union_precision 0.8333 | threshold 0.625 | val_model raw | lr 0.001000
Epoch 10/60 | train_loss 1.0200 | union_precision 1.0000 | weighted_recall 0.0631 | union_precision 1.0000 | threshold 0.725 | val_model raw | lr 0.001000
Epoch 11/60 | train_loss 0.9895 | union_precision 1.0000 | weighted_recall 0.0631 | union_precision 1.0000 | threshold 0.725 | val_model raw | lr 0.001000
Epoch 12/60 | train_loss 0.9618 | union_precision 1.0000 | weighted_recall 0.0631 | union_precision 1.0000 | threshold 0.725 | val_model raw | lr 0.001000
Epoch 13/60 | train_loss 0.9476 | union_precision 1.0000 | weighted_recall 0.0631 | union_precision 1.0000 | threshold 0.725 | val_model raw | lr 0.001000
Epoch 14/60 | train_loss 0.8974 | union_precision 1.0000 | weighted_recall 0.0631 | union_precision 1.0000 | threshold 0.725 | val_model raw | lr 0.001000
Epoch 15/60 | train_loss 0.8899 | union_precision 1.0000 | weighted_recall 0.0631 | union_precision 1.0000 | threshold 0.725 | val_model raw | lr 0.001000
Epoch 16/60 | train_loss 0.8465 | union_precision 1.0000 | weighted_recall 0.0631 | union_precision 1.0000 | threshold 0.725 | val_model raw | lr 0.001000
Epoch 17/60 | train_loss 0.8459 | union_precision 1.0000 | weighted_recall 0.0631 | union_precision 1.0000 | threshold 0.750 | val_model raw | lr 0.001000
Epoch 18/60 | train_loss 0.8136 | union_precision 1.0000 | weighted_recall 0.0631 | union_precision 1.0000 | threshold 0.750 | val_model raw | lr 0.001000
Epoch 19/60 | train_loss 0.7865 | union_precision 1.0000 | weighted_recall 0.0631 | union_precision 1.0000 | threshold 0.775 | val_model raw | lr 0.001000
Early stopping at epoch 19
Held-out M24-3 | union_precision=0.8333 | weighted_recall=0.1363 | consensus_recall=0.0000
Epoch 1/60 | train_loss 1.5491 | union_precision 0.5000 | weighted_recall 0.0143 | union_precision 0.5000 | threshold 0.600 | val_model raw | lr 0.001000
Epoch 2/60 | train_loss 1.4039 | union_precision 0.4098 | weighted_recall 0.3884 | union_precision 0.4098 | threshold 0.525 | val_model raw | lr 0.001000
Epoch 3/60 | train_loss 1.2912 | union_precision 0.4211 | weighted_recall 0.2008 | union_precision 0.4211 | threshold 0.550 | val_model raw | lr 0.001000
Epoch 4/60 | train_loss 1.2238 | union_precision 0.3810 | weighted_recall 0.1335 | union_precision 0.3810 | threshold 0.575 | val_model raw | lr 0.001000
Epoch 5/60 | train_loss 1.1892 | union_precision 0.4167 | weighted_recall 0.1206 | union_precision 0.4167 | threshold 0.600 | val_model raw | lr 0.001000
Epoch 6/60 | train_loss 1.1454 | union_precision 0.5000 | weighted_recall 0.0079 | union_precision 0.5000 | threshold 0.675 | val_model raw | lr 0.001000
Epoch 7/60 | train_loss 1.1111 | union_precision 0.5000 | weighted_recall 0.0079 | union_precision 0.5000 | threshold 0.675 | val_model raw | lr 0.001000
Epoch 8/60 | train_loss 1.0821 | union_precision 0.4167 | weighted_recall 0.1980 | union_precision 0.4167 | threshold 0.625 | val_model raw | lr 0.001000
Epoch 9/60 | train_loss 1.0524 | union_precision 0.5000 | weighted_recall 0.1110 | union_precision 0.5000 | threshold 0.650 | val_model raw | lr 0.001000
Epoch 10/60 | train_loss 1.0150 | union_precision 0.6667 | weighted_recall 0.0336 | union_precision 0.6667 | threshold 0.700 | val_model raw | lr 0.001000
Epoch 11/60 | train_loss 0.9804 | union_precision 0.6667 | weighted_recall 0.0336 | union_precision 0.6667 | threshold 0.700 | val_model raw | lr 0.001000
Epoch 12/60 | train_loss 0.9593 | union_precision 0.5833 | weighted_recall 0.1321 | union_precision 0.5833 | threshold 0.675 | val_model raw | lr 0.001000
Epoch 13/60 | train_loss 0.9341 | union_precision 1.0000 | weighted_recall 0.0064 | union_precision 1.0000 | threshold 0.750 | val_model raw | lr 0.001000
Epoch 14/60 | train_loss 0.8922 | union_precision 0.6667 | weighted_recall 0.1482 | union_precision 0.6667 | threshold 0.700 | val_model raw | lr 0.001000
Epoch 15/60 | train_loss 0.8729 | union_precision 0.6667 | weighted_recall 0.0322 | union_precision 0.6667 | threshold 0.750 | val_model raw | lr 0.001000
Epoch 16/60 | train_loss 0.8354 | union_precision 1.0000 | weighted_recall 0.0064 | union_precision 1.0000 | threshold 0.800 | val_model raw | lr 0.001000
Epoch 17/60 | train_loss 0.8312 | union_precision 0.7500 | weighted_recall 0.0329 | union_precision 0.7500 | threshold 0.775 | val_model raw | lr 0.001000
Epoch 18/60 | train_loss 0.8089 | union_precision 0.7273 | weighted_recall 0.1264 | union_precision 0.7273 | threshold 0.750 | val_model raw | lr 0.001000
Epoch 19/60 | train_loss 0.7771 | union_precision 1.0000 | weighted_recall 0.0064 | union_precision 1.0000 | threshold 0.825 | val_model raw | lr 0.001000
Epoch 20/60 | train_loss 0.7702 | union_precision 0.7500 | weighted_recall 0.0329 | union_precision 0.7500 | threshold 0.800 | val_model raw | lr 0.001000
Epoch 21/60 | train_loss 0.7410 | union_precision 0.8000 | weighted_recall 0.0748 | union_precision 0.8000 | threshold 0.800 | val_model raw | lr 0.001000
Epoch 22/60 | train_loss 0.7485 | union_precision 1.0000 | weighted_recall 0.0064 | union_precision 1.0000 | threshold 0.850 | val_model raw | lr 0.001000
Epoch 23/60 | train_loss 0.7069 | union_precision 0.8000 | weighted_recall 0.0748 | union_precision 0.8000 | threshold 0.825 | val_model raw | lr 0.001000
Epoch 24/60 | train_loss 0.7053 | union_precision 1.0000 | weighted_recall 0.0226 | union_precision 1.0000 | threshold 0.850 | val_model raw | lr 0.001000
Epoch 25/60 | train_loss 0.6783 | union_precision 0.8000 | weighted_recall 0.0981 | union_precision 0.8000 | threshold 0.825 | val_model raw | lr 0.001000
Epoch 26/60 | train_loss 0.6677 | union_precision 1.0000 | weighted_recall 0.0644 | union_precision 1.0000 | threshold 0.850 | val_model raw | lr 0.001000
Epoch 27/60 | train_loss 0.6529 | union_precision 1.0000 | weighted_recall 0.0644 | union_precision 1.0000 | threshold 0.875 | val_model raw | lr 0.001000
Epoch 28/60 | train_loss 0.6271 | union_precision 1.0000 | weighted_recall 0.0644 | union_precision 1.0000 | threshold 0.875 | val_model raw | lr 0.001000
Epoch 29/60 | train_loss 0.6178 | union_precision 1.0000 | weighted_recall 0.0644 | union_precision 1.0000 | threshold 0.875 | val_model raw | lr 0.001000
Epoch 30/60 | train_loss 0.6076 | union_precision 1.0000 | weighted_recall 0.0709 | union_precision 1.0000 | threshold 0.875 | val_model raw | lr 0.001000
Epoch 31/60 | train_loss 0.5832 | union_precision 1.0000 | weighted_recall 0.0226 | union_precision 1.0000 | threshold 0.900 | val_model raw | lr 0.001000
Epoch 32/60 | train_loss 0.6029 | union_precision 1.0000 | weighted_recall 0.0226 | union_precision 1.0000 | threshold 0.900 | val_model raw | lr 0.001000
Epoch 33/60 | train_loss 0.5629 | union_precision 0.7500 | weighted_recall 0.1038 | union_precision 0.7500 | threshold 0.775 | val_model raw | lr 0.001000
Epoch 34/60 | train_loss 0.5566 | union_precision 0.7500 | weighted_recall 0.1038 | union_precision 0.7500 | threshold 0.775 | val_model raw | lr 0.001000
Epoch 35/60 | train_loss 0.5378 | union_precision 0.8000 | weighted_recall 0.0902 | union_precision 0.8000 | threshold 0.825 | val_model raw | lr 0.001000
Early stopping at epoch 35
Held-out M24-4 | union_precision=0.8000 | weighted_recall=0.0981 | consensus_recall=0.0000
Epoch 1/60 | train_loss 1.5393 | union_precision 0.6667 | weighted_recall 0.0859 | union_precision 0.6667 | threshold 0.550 | val_model raw | lr 0.001000
Epoch 2/60 | train_loss 1.4010 | union_precision 0.6667 | weighted_recall 0.0859 | union_precision 0.6667 | threshold 0.575 | val_model raw | lr 0.001000
Epoch 3/60 | train_loss 1.2914 | union_precision 0.6667 | weighted_recall 0.0859 | union_precision 0.6667 | threshold 0.600 | val_model raw | lr 0.001000
Epoch 4/60 | train_loss 1.2269 | union_precision 1.0000 | weighted_recall 0.0515 | union_precision 1.0000 | threshold 0.700 | val_model raw | lr 0.001000
Epoch 5/60 | train_loss 1.1950 | union_precision 1.0000 | weighted_recall 0.0515 | union_precision 1.0000 | threshold 0.700 | val_model raw | lr 0.001000
Epoch 6/60 | train_loss 1.1534 | union_precision 1.0000 | weighted_recall 0.0515 | union_precision 1.0000 | threshold 0.700 | val_model raw | lr 0.001000
Epoch 7/60 | train_loss 1.1165 | union_precision 1.0000 | weighted_recall 0.0515 | union_precision 1.0000 | threshold 0.700 | val_model raw | lr 0.001000
Epoch 8/60 | train_loss 1.0897 | union_precision 1.0000 | weighted_recall 0.0515 | union_precision 1.0000 | threshold 0.725 | val_model raw | lr 0.001000
Epoch 9/60 | train_loss 1.0607 | union_precision 0.5000 | weighted_recall 0.0515 | union_precision 0.5000 | threshold 0.700 | val_model raw | lr 0.001000
Epoch 10/60 | train_loss 1.0205 | union_precision 0.5000 | weighted_recall 0.0515 | union_precision 0.5000 | threshold 0.700 | val_model raw | lr 0.001000
Epoch 11/60 | train_loss 0.9881 | union_precision 0.5000 | weighted_recall 0.0515 | union_precision 0.5000 | threshold 0.675 | val_model raw | lr 0.001000
Epoch 12/60 | train_loss 0.9711 | union_precision 0.5000 | weighted_recall 0.3301 | union_precision 0.5000 | threshold 0.650 | val_model raw | lr 0.001000
Epoch 13/60 | train_loss 0.9443 | union_precision 0.6000 | weighted_recall 0.5706 | union_precision 0.6000 | threshold 0.650 | val_model raw | lr 0.001000
Epoch 14/60 | train_loss 0.9008 | union_precision 0.6000 | weighted_recall 0.5840 | union_precision 0.6000 | threshold 0.650 | val_model raw | lr 0.001000
Early stopping at epoch 14
Held-out M30-1 | union_precision=1.0000 | weighted_recall=0.0515 | consensus_recall=0.0000
Epoch 1/60 | train_loss 1.5377 | union_precision 0.2692 | weighted_recall 0.4840 | union_precision 0.2692 | threshold 0.050 | val_model raw | lr 0.001000
Epoch 2/60 | train_loss 1.4021 | union_precision 0.2857 | weighted_recall 0.3055 | union_precision 0.2857 | threshold 0.500 | val_model raw | lr 0.001000
Epoch 3/60 | train_loss 1.2913 | union_precision 0.5000 | weighted_recall 0.1073 | union_precision 0.5000 | threshold 0.575 | val_model raw | lr 0.001000
Epoch 4/60 | train_loss 1.2257 | union_precision 0.3333 | weighted_recall 0.1073 | union_precision 0.3333 | threshold 0.575 | val_model raw | lr 0.001000
Epoch 5/60 | train_loss 1.1919 | union_precision 0.5000 | weighted_recall 0.1073 | union_precision 0.5000 | threshold 0.600 | val_model raw | lr 0.001000
Epoch 6/60 | train_loss 1.1513 | union_precision 0.3333 | weighted_recall 0.2026 | union_precision 0.3333 | threshold 0.575 | val_model raw | lr 0.001000
Epoch 7/60 | train_loss 1.1143 | union_precision 0.5000 | weighted_recall 0.1073 | union_precision 0.5000 | threshold 0.625 | val_model raw | lr 0.001000
Epoch 8/60 | train_loss 1.0890 | union_precision 1.0000 | weighted_recall 0.0953 | union_precision 1.0000 | threshold 0.650 | val_model raw | lr 0.001000
Epoch 9/60 | train_loss 1.0600 | union_precision 1.0000 | weighted_recall 0.0953 | union_precision 1.0000 | threshold 0.675 | val_model raw | lr 0.001000
Epoch 10/60 | train_loss 1.0201 | union_precision 1.0000 | weighted_recall 0.2026 | union_precision 1.0000 | threshold 0.675 | val_model raw | lr 0.001000
Epoch 11/60 | train_loss 0.9854 | union_precision 1.0000 | weighted_recall 0.3099 | union_precision 1.0000 | threshold 0.675 | val_model raw | lr 0.001000
Epoch 12/60 | train_loss 0.9704 | union_precision 1.0000 | weighted_recall 0.3099 | union_precision 1.0000 | threshold 0.675 | val_model raw | lr 0.001000
Epoch 13/60 | train_loss 0.9404 | union_precision 1.0000 | weighted_recall 0.3099 | union_precision 1.0000 | threshold 0.650 | val_model raw | lr 0.001000
Epoch 14/60 | train_loss 0.8986 | union_precision 1.0000 | weighted_recall 0.3099 | union_precision 1.0000 | threshold 0.650 | val_model raw | lr 0.001000
Epoch 15/60 | train_loss 0.8797 | union_precision 1.0000 | weighted_recall 0.3390 | union_precision 1.0000 | threshold 0.650 | val_model raw | lr 0.001000
Epoch 16/60 | train_loss 0.8479 | union_precision 1.0000 | weighted_recall 0.3390 | union_precision 1.0000 | threshold 0.675 | val_model raw | lr 0.001000
Epoch 17/60 | train_loss 0.8429 | union_precision 1.0000 | weighted_recall 0.3390 | union_precision 1.0000 | threshold 0.675 | val_model raw | lr 0.001000
Epoch 18/60 | train_loss 0.8146 | union_precision 1.0000 | weighted_recall 0.3390 | union_precision 1.0000 | threshold 0.675 | val_model raw | lr 0.001000
Epoch 19/60 | train_loss 0.7872 | union_precision 1.0000 | weighted_recall 0.3390 | union_precision 1.0000 | threshold 0.675 | val_model raw | lr 0.001000
Epoch 20/60 | train_loss 0.7703 | union_precision 1.0000 | weighted_recall 0.3390 | union_precision 1.0000 | threshold 0.675 | val_model raw | lr 0.001000
Epoch 21/60 | train_loss 0.7497 | union_precision 1.0000 | weighted_recall 0.3390 | union_precision 1.0000 | threshold 0.675 | val_model raw | lr 0.001000
Epoch 22/60 | train_loss 0.7533 | union_precision 1.0000 | weighted_recall 0.3628 | union_precision 1.0000 | threshold 0.675 | val_model raw | lr 0.001000
Epoch 23/60 | train_loss 0.7067 | union_precision 1.0000 | weighted_recall 0.3628 | union_precision 1.0000 | threshold 0.675 | val_model raw | lr 0.001000
Epoch 24/60 | train_loss 0.7066 | union_precision 1.0000 | weighted_recall 0.3628 | union_precision 1.0000 | threshold 0.700 | val_model raw | lr 0.001000
Epoch 25/60 | train_loss 0.6845 | union_precision 1.0000 | weighted_recall 0.3628 | union_precision 1.0000 | threshold 0.725 | val_model raw | lr 0.001000
Epoch 26/60 | train_loss 0.6714 | union_precision 1.0000 | weighted_recall 0.3628 | union_precision 1.0000 | threshold 0.750 | val_model raw | lr 0.001000
Epoch 27/60 | train_loss 0.6548 | union_precision 1.0000 | weighted_recall 0.3628 | union_precision 1.0000 | threshold 0.750 | val_model raw | lr 0.001000
Epoch 28/60 | train_loss 0.6262 | union_precision 0.8333 | weighted_recall 0.3628 | union_precision 0.8333 | threshold 0.725 | val_model raw | lr 0.001000
Epoch 29/60 | train_loss 0.6247 | union_precision 1.0000 | weighted_recall 0.3628 | union_precision 1.0000 | threshold 0.725 | val_model raw | lr 0.001000
Epoch 30/60 | train_loss 0.6155 | union_precision 0.8333 | weighted_recall 0.3628 | union_precision 0.8333 | threshold 0.700 | val_model raw | lr 0.001000
Epoch 31/60 | train_loss 0.5882 | union_precision 1.0000 | weighted_recall 0.3337 | union_precision 1.0000 | threshold 0.725 | val_model raw | lr 0.001000
Epoch 32/60 | train_loss 0.5994 | union_precision 1.0000 | weighted_recall 0.3099 | union_precision 1.0000 | threshold 0.725 | val_model raw | lr 0.001000
Early stopping at epoch 32
Held-out M30-2 | union_precision=1.0000 | weighted_recall=0.3628 | consensus_recall=0.0000
Epoch 1/60 | train_loss 1.5393 | union_precision 0.5000 | weighted_recall 0.0336 | union_precision 0.5000 | threshold 0.600 | val_model raw | lr 0.001000
Epoch 2/60 | train_loss 1.4006 | union_precision 0.4091 | weighted_recall 0.2253 | union_precision 0.4091 | threshold 0.500 | val_model raw | lr 0.001000
Epoch 3/60 | train_loss 1.2920 | union_precision 0.5357 | weighted_recall 0.4852 | union_precision 0.5357 | threshold 0.500 | val_model raw | lr 0.001000
Epoch 4/60 | train_loss 1.2211 | union_precision 0.4848 | weighted_recall 0.4899 | union_precision 0.4848 | threshold 0.500 | val_model raw | lr 0.001000
Epoch 5/60 | train_loss 1.1912 | union_precision 0.5000 | weighted_recall 0.4852 | union_precision 0.5000 | threshold 0.525 | val_model raw | lr 0.001000
Epoch 6/60 | train_loss 1.1470 | union_precision 0.5185 | weighted_recall 0.4804 | union_precision 0.5185 | threshold 0.550 | val_model raw | lr 0.001000
Epoch 7/60 | train_loss 1.1138 | union_precision 0.5152 | weighted_recall 0.3999 | union_precision 0.5152 | threshold 0.525 | val_model raw | lr 0.001000
Epoch 8/60 | train_loss 1.0877 | union_precision 0.5000 | weighted_recall 0.4095 | union_precision 0.5000 | threshold 0.525 | val_model raw | lr 0.001000
Epoch 9/60 | train_loss 1.0582 | union_precision 0.5263 | weighted_recall 0.3462 | union_precision 0.5263 | threshold 0.625 | val_model raw | lr 0.001000
Epoch 10/60 | train_loss 1.0124 | union_precision 0.5172 | weighted_recall 0.4910 | union_precision 0.5172 | threshold 0.600 | val_model raw | lr 0.001000
Epoch 11/60 | train_loss 0.9821 | union_precision 1.0000 | weighted_recall 0.0192 | union_precision 1.0000 | threshold 0.800 | val_model raw | lr 0.001000
Epoch 12/60 | train_loss 0.9647 | union_precision 0.5455 | weighted_recall 0.4660 | union_precision 0.5455 | threshold 0.650 | val_model raw | lr 0.001000
Epoch 13/60 | train_loss 0.9356 | union_precision 0.5455 | weighted_recall 0.4660 | union_precision 0.5455 | threshold 0.650 | val_model raw | lr 0.001000
Epoch 14/60 | train_loss 0.8911 | union_precision 0.6923 | weighted_recall 0.2934 | union_precision 0.6923 | threshold 0.700 | val_model raw | lr 0.001000
Epoch 15/60 | train_loss 0.8753 | union_precision 1.0000 | weighted_recall 0.1150 | union_precision 1.0000 | threshold 0.850 | val_model raw | lr 0.001000
Epoch 16/60 | train_loss 0.8460 | union_precision 1.0000 | weighted_recall 0.1150 | union_precision 1.0000 | threshold 0.850 | val_model raw | lr 0.001000
Epoch 17/60 | train_loss 0.8404 | union_precision 1.0000 | weighted_recall 0.1150 | union_precision 1.0000 | threshold 0.875 | val_model raw | lr 0.001000
Epoch 18/60 | train_loss 0.8111 | union_precision 1.0000 | weighted_recall 0.1150 | union_precision 1.0000 | threshold 0.875 | val_model raw | lr 0.001000
Epoch 19/60 | train_loss 0.7824 | union_precision 0.7500 | weighted_recall 0.1821 | union_precision 0.7500 | threshold 0.825 | val_model raw | lr 0.001000
Epoch 20/60 | train_loss 0.7647 | union_precision 0.7500 | weighted_recall 0.1821 | union_precision 0.7500 | threshold 0.850 | val_model raw | lr 0.001000
Epoch 21/60 | train_loss 0.7454 | union_precision 0.7500 | weighted_recall 0.1821 | union_precision 0.7500 | threshold 0.875 | val_model raw | lr 0.001000
Epoch 22/60 | train_loss 0.7560 | union_precision 1.0000 | weighted_recall 0.1150 | union_precision 1.0000 | threshold 0.925 | val_model raw | lr 0.001000
Epoch 23/60 | train_loss 0.7013 | union_precision 1.0000 | weighted_recall 0.1150 | union_precision 1.0000 | threshold 0.925 | val_model raw | lr 0.001000
Epoch 24/60 | train_loss 0.6985 | union_precision 0.7692 | weighted_recall 0.3760 | union_precision 0.7692 | threshold 0.775 | val_model raw | lr 0.001000
Epoch 25/60 | train_loss 0.6773 | union_precision 0.7333 | weighted_recall 0.4143 | union_precision 0.7333 | threshold 0.725 | val_model raw | lr 0.001000
Early stopping at epoch 25
Held-out M30-3 | union_precision=1.0000 | weighted_recall=0.1150 | consensus_recall=0.0000
Epoch 1/60 | train_loss 1.5456 | union_precision 1.0000 | weighted_recall 0.1864 | union_precision 1.0000 | threshold 0.825 | val_model raw | lr 0.001000
Epoch 2/60 | train_loss 1.4031 | union_precision 1.0000 | weighted_recall 0.0127 | union_precision 1.0000 | threshold 0.800 | val_model raw | lr 0.001000
Epoch 3/60 | train_loss 1.2927 | union_precision 1.0000 | weighted_recall 0.1864 | union_precision 1.0000 | threshold 0.750 | val_model raw | lr 0.001000
Epoch 4/60 | train_loss 1.2315 | union_precision 0.3571 | weighted_recall 0.3200 | union_precision 0.3571 | threshold 0.550 | val_model raw | lr 0.001000
Epoch 5/60 | train_loss 1.2017 | union_precision 0.3846 | weighted_recall 0.3200 | union_precision 0.3846 | threshold 0.575 | val_model raw | lr 0.001000
Epoch 6/60 | train_loss 1.1546 | union_precision 0.4286 | weighted_recall 0.4255 | union_precision 0.4286 | threshold 0.525 | val_model raw | lr 0.001000
Epoch 7/60 | train_loss 1.1239 | union_precision 0.5000 | weighted_recall 0.2754 | union_precision 0.5000 | threshold 0.825 | val_model raw | lr 0.001000
Epoch 8/60 | train_loss 1.0928 | union_precision 1.0000 | weighted_recall 0.1017 | union_precision 1.0000 | threshold 0.850 | val_model raw | lr 0.001000
Epoch 9/60 | train_loss 1.0643 | union_precision 0.5000 | weighted_recall 0.2754 | union_precision 0.5000 | threshold 0.850 | val_model raw | lr 0.001000
Epoch 10/60 | train_loss 1.0229 | union_precision 0.5000 | weighted_recall 0.2754 | union_precision 0.5000 | threshold 0.875 | val_model raw | lr 0.001000
Epoch 11/60 | train_loss 0.9868 | union_precision 1.0000 | weighted_recall 0.1017 | union_precision 1.0000 | threshold 0.900 | val_model raw | lr 0.001000
Early stopping at epoch 11
Held-out M30-4 | union_precision=1.0000 | weighted_recall=0.1864 | consensus_recall=1.0000
Epoch 1/60 | train_loss 1.5339 | union_precision 0.2222 | weighted_recall 0.3103 | union_precision 0.2222 | threshold 0.450 | val_model raw | lr 0.001000
Epoch 2/60 | train_loss 1.3982 | union_precision 0.2500 | weighted_recall 0.3103 | union_precision 0.2500 | threshold 0.475 | val_model raw | lr 0.001000
Epoch 3/60 | train_loss 1.2815 | union_precision 0.2500 | weighted_recall 0.3103 | union_precision 0.2500 | threshold 0.500 | val_model raw | lr 0.001000
Epoch 4/60 | train_loss 1.2211 | union_precision 0.2500 | weighted_recall 0.3103 | union_precision 0.2500 | threshold 0.500 | val_model raw | lr 0.001000
Epoch 5/60 | train_loss 1.1948 | union_precision 0.2500 | weighted_recall 0.2759 | union_precision 0.2500 | threshold 0.575 | val_model raw | lr 0.001000
Epoch 6/60 | train_loss 1.1482 | union_precision 0.2727 | weighted_recall 0.2759 | union_precision 0.2727 | threshold 0.600 | val_model raw | lr 0.001000
Epoch 7/60 | train_loss 1.1148 | union_precision 0.2727 | weighted_recall 0.2759 | union_precision 0.2727 | threshold 0.600 | val_model raw | lr 0.001000
Epoch 8/60 | train_loss 1.0840 | union_precision 0.2727 | weighted_recall 0.2759 | union_precision 0.2727 | threshold 0.600 | val_model raw | lr 0.001000
Epoch 9/60 | train_loss 1.0563 | union_precision 0.3333 | weighted_recall 0.2414 | union_precision 0.3333 | threshold 0.625 | val_model raw | lr 0.001000
Epoch 10/60 | train_loss 1.0177 | union_precision 0.5000 | weighted_recall 0.0345 | union_precision 0.5000 | threshold 0.675 | val_model raw | lr 0.001000
Epoch 11/60 | train_loss 0.9834 | union_precision 0.5000 | weighted_recall 0.0345 | union_precision 0.5000 | threshold 0.675 | val_model raw | lr 0.001000
Epoch 12/60 | train_loss 0.9647 | union_precision 0.5000 | weighted_recall 0.0690 | union_precision 0.5000 | threshold 0.650 | val_model raw | lr 0.001000
Epoch 13/60 | train_loss 0.9361 | union_precision 1.0000 | weighted_recall 0.0345 | union_precision 1.0000 | threshold 0.775 | val_model raw | lr 0.001000
Epoch 14/60 | train_loss 0.8968 | union_precision 1.0000 | weighted_recall 0.0345 | union_precision 1.0000 | threshold 0.775 | val_model raw | lr 0.001000
Epoch 15/60 | train_loss 0.8814 | union_precision 1.0000 | weighted_recall 0.0345 | union_precision 1.0000 | threshold 0.800 | val_model raw | lr 0.001000
Epoch 16/60 | train_loss 0.8525 | union_precision 1.0000 | weighted_recall 0.0345 | union_precision 1.0000 | threshold 0.825 | val_model raw | lr 0.001000
Epoch 17/60 | train_loss 0.8481 | union_precision 1.0000 | weighted_recall 0.0345 | union_precision 1.0000 | threshold 0.825 | val_model raw | lr 0.001000
Epoch 18/60 | train_loss 0.8148 | union_precision 1.0000 | weighted_recall 0.0345 | union_precision 1.0000 | threshold 0.850 | val_model raw | lr 0.001000
Epoch 19/60 | train_loss 0.7862 | union_precision 1.0000 | weighted_recall 0.0345 | union_precision 1.0000 | threshold 0.850 | val_model raw | lr 0.001000
Epoch 20/60 | train_loss 0.7693 | union_precision 1.0000 | weighted_recall 0.0345 | union_precision 1.0000 | threshold 0.875 | val_model raw | lr 0.001000
Epoch 21/60 | train_loss 0.7488 | union_precision 1.0000 | weighted_recall 0.0345 | union_precision 1.0000 | threshold 0.875 | val_model raw | lr 0.001000
Epoch 22/60 | train_loss 0.7567 | union_precision 1.0000 | weighted_recall 0.0345 | union_precision 1.0000 | threshold 0.875 | val_model raw | lr 0.001000
Epoch 23/60 | train_loss 0.7088 | union_precision 1.0000 | weighted_recall 0.0345 | union_precision 1.0000 | threshold 0.875 | val_model raw | lr 0.001000
Early stopping at epoch 23
Held-out M33-1 | union_precision=1.0000 | weighted_recall=0.0345 | consensus_recall=0.0000
Epoch 1/60 | train_loss 1.5388 | union_precision 0.2927 | weighted_recall 0.3202 | union_precision 0.2927 | threshold 0.500 | val_model raw | lr 0.001000
Epoch 2/60 | train_loss 1.3965 | union_precision 0.5000 | weighted_recall 0.0467 | union_precision 0.5000 | threshold 0.575 | val_model raw | lr 0.001000
Epoch 3/60 | train_loss 1.2798 | union_precision 0.5000 | weighted_recall 0.0467 | union_precision 0.5000 | threshold 0.600 | val_model raw | lr 0.001000
Epoch 4/60 | train_loss 1.2220 | union_precision 0.5000 | weighted_recall 0.0467 | union_precision 0.5000 | threshold 0.625 | val_model raw | lr 0.001000
Epoch 5/60 | train_loss 1.1926 | union_precision 0.5000 | weighted_recall 0.0607 | union_precision 0.5000 | threshold 0.625 | val_model raw | lr 0.001000
Epoch 6/60 | train_loss 1.1456 | union_precision 0.6667 | weighted_recall 0.0607 | union_precision 0.6667 | threshold 0.650 | val_model raw | lr 0.001000
Epoch 7/60 | train_loss 1.1120 | union_precision 0.5000 | weighted_recall 0.0607 | union_precision 0.5000 | threshold 0.650 | val_model raw | lr 0.001000
Epoch 8/60 | train_loss 1.0828 | union_precision 0.5000 | weighted_recall 0.0607 | union_precision 0.5000 | threshold 0.650 | val_model raw | lr 0.001000
Epoch 9/60 | train_loss 1.0532 | union_precision 0.5000 | weighted_recall 0.0747 | union_precision 0.5000 | threshold 0.625 | val_model raw | lr 0.001000
Epoch 10/60 | train_loss 1.0114 | union_precision 0.5000 | weighted_recall 0.0607 | union_precision 0.5000 | threshold 0.650 | val_model raw | lr 0.001000
Epoch 11/60 | train_loss 0.9757 | union_precision 0.5000 | weighted_recall 0.0467 | union_precision 0.5000 | threshold 0.675 | val_model raw | lr 0.001000
Epoch 12/60 | train_loss 0.9587 | union_precision 0.6000 | weighted_recall 0.0607 | union_precision 0.6000 | threshold 0.650 | val_model raw | lr 0.001000
Epoch 13/60 | train_loss 0.9300 | union_precision 0.6667 | weighted_recall 0.0721 | union_precision 0.6667 | threshold 0.650 | val_model raw | lr 0.001000
Epoch 14/60 | train_loss 0.8919 | union_precision 0.5714 | weighted_recall 0.0721 | union_precision 0.5714 | threshold 0.650 | val_model raw | lr 0.001000
Epoch 15/60 | train_loss 0.8781 | union_precision 0.6000 | weighted_recall 0.0254 | union_precision 0.6000 | threshold 0.675 | val_model raw | lr 0.001000
Epoch 16/60 | train_loss 0.8442 | union_precision 0.5714 | weighted_recall 0.1489 | union_precision 0.5714 | threshold 0.625 | val_model raw | lr 0.001000
Epoch 17/60 | train_loss 0.8446 | union_precision 0.6000 | weighted_recall 0.0254 | union_precision 0.6000 | threshold 0.700 | val_model raw | lr 0.001000
Epoch 18/60 | train_loss 0.8063 | union_precision 0.5455 | weighted_recall 0.0975 | union_precision 0.5455 | threshold 0.650 | val_model raw | lr 0.001000
Epoch 19/60 | train_loss 0.7775 | union_precision 0.6000 | weighted_recall 0.0254 | union_precision 0.6000 | threshold 0.725 | val_model raw | lr 0.001000
Epoch 20/60 | train_loss 0.7637 | union_precision 0.6000 | weighted_recall 0.1032 | union_precision 0.6000 | threshold 0.675 | val_model raw | lr 0.001000
Epoch 21/60 | train_loss 0.7431 | union_precision 0.7500 | weighted_recall 0.0254 | union_precision 0.7500 | threshold 0.750 | val_model raw | lr 0.001000
Epoch 22/60 | train_loss 0.7487 | union_precision 1.0000 | weighted_recall 0.0207 | union_precision 1.0000 | threshold 0.775 | val_model raw | lr 0.001000
Epoch 23/60 | train_loss 0.7025 | union_precision 1.0000 | weighted_recall 0.0207 | union_precision 1.0000 | threshold 0.775 | val_model raw | lr 0.001000
Epoch 24/60 | train_loss 0.6971 | union_precision 1.0000 | weighted_recall 0.0093 | union_precision 1.0000 | threshold 0.800 | val_model raw | lr 0.001000
Epoch 25/60 | train_loss 0.6860 | union_precision 1.0000 | weighted_recall 0.0093 | union_precision 1.0000 | threshold 0.825 | val_model raw | lr 0.001000
Epoch 26/60 | train_loss 0.6752 | union_precision 1.0000 | weighted_recall 0.0093 | union_precision 1.0000 | threshold 0.825 | val_model raw | lr 0.001000
Epoch 27/60 | train_loss 0.6500 | union_precision 1.0000 | weighted_recall 0.0093 | union_precision 1.0000 | threshold 0.850 | val_model raw | lr 0.001000
Epoch 28/60 | train_loss 0.6205 | union_precision 1.0000 | weighted_recall 0.0093 | union_precision 1.0000 | threshold 0.850 | val_model raw | lr 0.001000
Epoch 29/60 | train_loss 0.6176 | union_precision 1.0000 | weighted_recall 0.0207 | union_precision 1.0000 | threshold 0.825 | val_model raw | lr 0.001000
Epoch 30/60 | train_loss 0.6197 | union_precision 1.0000 | weighted_recall 0.0207 | union_precision 1.0000 | threshold 0.825 | val_model raw | lr 0.001000
Epoch 31/60 | train_loss 0.5821 | union_precision 1.0000 | weighted_recall 0.0207 | union_precision 1.0000 | threshold 0.825 | val_model raw | lr 0.001000
Epoch 32/60 | train_loss 0.5895 | union_precision 1.0000 | weighted_recall 0.0207 | union_precision 1.0000 | threshold 0.800 | val_model raw | lr 0.001000
Early stopping at epoch 32
Held-out M33-2 | union_precision=1.0000 | weighted_recall=0.0207 | consensus_recall=0.0000
Epoch 1/60 | train_loss 1.5297 | union_precision 0.0476 | weighted_recall 0.2209 | union_precision 0.0476 | threshold 0.500 | val_model raw | lr 0.001000
Epoch 2/60 | train_loss 1.3981 | union_precision 0.0476 | weighted_recall 0.2209 | union_precision 0.0476 | threshold 0.500 | val_model raw | lr 0.001000
Epoch 3/60 | train_loss 1.2803 | union_precision 0.1154 | weighted_recall 0.3589 | union_precision 0.1154 | threshold 0.050 | val_model raw | lr 0.001000
Epoch 4/60 | train_loss 1.2259 | union_precision 0.1200 | weighted_recall 0.3589 | union_precision 0.1200 | threshold 0.500 | val_model raw | lr 0.001000
Epoch 5/60 | train_loss 1.1923 | union_precision 0.1429 | weighted_recall 0.3926 | union_precision 0.1429 | threshold 0.050 | val_model raw | lr 0.001000
Epoch 6/60 | train_loss 1.1496 | union_precision 0.1724 | weighted_recall 0.4202 | union_precision 0.1724 | threshold 0.050 | val_model raw | lr 0.001000
Epoch 7/60 | train_loss 1.1125 | union_precision 0.1579 | weighted_recall 0.3589 | union_precision 0.1579 | threshold 0.575 | val_model raw | lr 0.001000
Epoch 8/60 | train_loss 1.0864 | union_precision 0.1579 | weighted_recall 0.3589 | union_precision 0.1579 | threshold 0.575 | val_model raw | lr 0.001000
Epoch 9/60 | train_loss 1.0552 | union_precision 0.1765 | weighted_recall 0.3589 | union_precision 0.1765 | threshold 0.600 | val_model raw | lr 0.001000
Epoch 10/60 | train_loss 1.0153 | union_precision 0.1667 | weighted_recall 0.3589 | union_precision 0.1667 | threshold 0.600 | val_model raw | lr 0.001000
Epoch 11/60 | train_loss 0.9777 | union_precision 0.2308 | weighted_recall 0.3589 | union_precision 0.2308 | threshold 0.625 | val_model raw | lr 0.001000
Epoch 12/60 | train_loss 0.9599 | union_precision 0.2308 | weighted_recall 0.3589 | union_precision 0.2308 | threshold 0.625 | val_model raw | lr 0.001000
Epoch 13/60 | train_loss 0.9329 | union_precision 0.2857 | weighted_recall 0.5522 | union_precision 0.2857 | threshold 0.625 | val_model raw | lr 0.001000
Epoch 14/60 | train_loss 0.8932 | union_precision 0.2857 | weighted_recall 0.5522 | union_precision 0.2857 | threshold 0.625 | val_model raw | lr 0.001000
Epoch 15/60 | train_loss 0.8789 | union_precision 0.2857 | weighted_recall 0.5522 | union_precision 0.2857 | threshold 0.625 | val_model raw | lr 0.001000
Epoch 16/60 | train_loss 0.8464 | union_precision 0.2857 | weighted_recall 0.5522 | union_precision 0.2857 | threshold 0.625 | val_model raw | lr 0.001000
Epoch 17/60 | train_loss 0.8454 | union_precision 0.3077 | weighted_recall 0.5522 | union_precision 0.3077 | threshold 0.650 | val_model raw | lr 0.001000
Epoch 18/60 | train_loss 0.8084 | union_precision 0.3077 | weighted_recall 0.5522 | union_precision 0.3077 | threshold 0.650 | val_model raw | lr 0.001000
Epoch 19/60 | train_loss 0.7852 | union_precision 0.3333 | weighted_recall 0.3589 | union_precision 0.3333 | threshold 0.725 | val_model raw | lr 0.001000
Epoch 20/60 | train_loss 0.7672 | union_precision 0.3750 | weighted_recall 0.3589 | union_precision 0.3750 | threshold 0.750 | val_model raw | lr 0.001000
Epoch 21/60 | train_loss 0.7480 | union_precision 0.3750 | weighted_recall 0.3589 | union_precision 0.3750 | threshold 0.750 | val_model raw | lr 0.001000
Epoch 22/60 | train_loss 0.7594 | union_precision 0.4286 | weighted_recall 0.3589 | union_precision 0.4286 | threshold 0.775 | val_model raw | lr 0.001000
Epoch 23/60 | train_loss 0.7083 | union_precision 0.4286 | weighted_recall 0.3589 | union_precision 0.4286 | threshold 0.775 | val_model raw | lr 0.001000
Epoch 24/60 | train_loss 0.7040 | union_precision 0.4000 | weighted_recall 0.1380 | union_precision 0.4000 | threshold 0.775 | val_model raw | lr 0.001000
Epoch 25/60 | train_loss 0.6886 | union_precision 0.4286 | weighted_recall 0.3589 | union_precision 0.4286 | threshold 0.750 | val_model raw | lr 0.001000
Epoch 26/60 | train_loss 0.6797 | union_precision 0.3333 | weighted_recall 0.1380 | union_precision 0.3333 | threshold 0.750 | val_model raw | lr 0.001000
Epoch 27/60 | train_loss 0.6605 | union_precision 0.3333 | weighted_recall 0.0828 | union_precision 0.3333 | threshold 0.775 | val_model raw | lr 0.001000
Epoch 28/60 | train_loss 0.6299 | union_precision 0.3333 | weighted_recall 0.0828 | union_precision 0.3333 | threshold 0.775 | val_model raw | lr 0.001000
Epoch 29/60 | train_loss 0.6274 | union_precision 0.3636 | weighted_recall 0.3865 | union_precision 0.3636 | threshold 0.525 | val_model raw | lr 0.001000
Epoch 30/60 | train_loss 0.6274 | union_precision 0.4000 | weighted_recall 0.1380 | union_precision 0.4000 | threshold 0.750 | val_model raw | lr 0.001000
Epoch 31/60 | train_loss 0.5903 | union_precision 0.6000 | weighted_recall 0.3589 | union_precision 0.6000 | threshold 0.725 | val_model raw | lr 0.001000
Epoch 32/60 | train_loss 0.5973 | union_precision 0.6000 | weighted_recall 0.3589 | union_precision 0.6000 | threshold 0.725 | val_model raw | lr 0.001000
Epoch 33/60 | train_loss 0.5713 | union_precision 0.6000 | weighted_recall 0.3589 | union_precision 0.6000 | threshold 0.725 | val_model raw | lr 0.001000
Epoch 34/60 | train_loss 0.5694 | union_precision 0.6000 | weighted_recall 0.3589 | union_precision 0.6000 | threshold 0.725 | val_model raw | lr 0.001000
Epoch 35/60 | train_loss 0.5441 | union_precision 0.6000 | weighted_recall 0.3589 | union_precision 0.6000 | threshold 0.725 | val_model raw | lr 0.001000
Epoch 36/60 | train_loss 0.5368 | union_precision 0.6000 | weighted_recall 0.3589 | union_precision 0.6000 | threshold 0.725 | val_model raw | lr 0.001000
Epoch 37/60 | train_loss 0.5265 | union_precision 0.4000 | weighted_recall 0.1380 | union_precision 0.4000 | threshold 0.700 | val_model raw | lr 0.001000
Epoch 38/60 | train_loss 0.4930 | union_precision 0.4000 | weighted_recall 0.1380 | union_precision 0.4000 | threshold 0.700 | val_model raw | lr 0.001000
Epoch 39/60 | train_loss 0.5111 | union_precision 0.4286 | weighted_recall 0.1933 | union_precision 0.4286 | threshold 0.625 | val_model raw | lr 0.001000
Epoch 40/60 | train_loss 0.4954 | union_precision 0.4286 | weighted_recall 0.1933 | union_precision 0.4286 | threshold 0.600 | val_model raw | lr 0.001000
Epoch 41/60 | train_loss 0.4794 | union_precision 0.6000 | weighted_recall 0.3589 | union_precision 0.6000 | threshold 0.725 | val_model raw | lr 0.001000
Early stopping at epoch 41
Held-out M33-3 | union_precision=0.6000 | weighted_recall=0.3589 | consensus_recall=0.0000
Epoch 1/60 | train_loss 1.5359 | union_precision 1.0000 | weighted_recall 0.0328 | union_precision 1.0000 | threshold 0.550 | val_model raw | lr 0.001000
Epoch 2/60 | train_loss 1.3705 | union_precision 1.0000 | weighted_recall 0.0436 | union_precision 1.0000 | threshold 0.575 | val_model raw | lr 0.001000
Epoch 3/60 | train_loss 1.3018 | union_precision 0.8750 | weighted_recall 0.0415 | union_precision 0.8750 | threshold 0.600 | val_model raw | lr 0.001000
Epoch 4/60 | train_loss 1.2283 | union_precision 0.8750 | weighted_recall 0.0415 | union_precision 0.8750 | threshold 0.625 | val_model raw | lr 0.001000
Epoch 5/60 | train_loss 1.1721 | union_precision 0.8000 | weighted_recall 0.0221 | union_precision 0.8000 | threshold 0.700 | val_model raw | lr 0.001000
Epoch 6/60 | train_loss 1.1399 | union_precision 0.6667 | weighted_recall 0.1261 | union_precision 0.6667 | threshold 0.600 | val_model raw | lr 0.001000
Epoch 7/60 | train_loss 1.1015 | union_precision 0.6800 | weighted_recall 0.1789 | union_precision 0.6800 | threshold 0.600 | val_model raw | lr 0.001000
Epoch 8/60 | train_loss 1.0572 | union_precision 0.7727 | weighted_recall 0.1103 | union_precision 0.7727 | threshold 0.625 | val_model raw | lr 0.001000
Epoch 9/60 | train_loss 1.0332 | union_precision 0.8125 | weighted_recall 0.0964 | union_precision 0.8125 | threshold 0.650 | val_model raw | lr 0.001000
Epoch 10/60 | train_loss 1.0054 | union_precision 0.8000 | weighted_recall 0.1194 | union_precision 0.8000 | threshold 0.650 | val_model raw | lr 0.001000
Epoch 11/60 | train_loss 0.9675 | union_precision 0.8333 | weighted_recall 0.0705 | union_precision 0.8333 | threshold 0.700 | val_model raw | lr 0.001000
Epoch 12/60 | train_loss 0.9505 | union_precision 0.8125 | weighted_recall 0.0904 | union_precision 0.8125 | threshold 0.700 | val_model raw | lr 0.001000
Epoch 13/60 | train_loss 0.9162 | union_precision 0.8462 | weighted_recall 0.0731 | union_precision 0.8462 | threshold 0.725 | val_model raw | lr 0.001000
Epoch 14/60 | train_loss 0.9021 | union_precision 0.8000 | weighted_recall 0.0753 | union_precision 0.8000 | threshold 0.725 | val_model raw | lr 0.001000
Epoch 15/60 | train_loss 0.8773 | union_precision 0.7778 | weighted_recall 0.0597 | union_precision 0.7778 | threshold 0.775 | val_model raw | lr 0.001000
Epoch 16/60 | train_loss 0.8615 | union_precision 0.7778 | weighted_recall 0.0597 | union_precision 0.7778 | threshold 0.800 | val_model raw | lr 0.001000
Epoch 17/60 | train_loss 0.8343 | union_precision 0.7778 | weighted_recall 0.0597 | union_precision 0.7778 | threshold 0.825 | val_model raw | lr 0.001000
Epoch 18/60 | train_loss 0.8060 | union_precision 0.7778 | weighted_recall 0.0597 | union_precision 0.7778 | threshold 0.825 | val_model raw | lr 0.001000
Epoch 19/60 | train_loss 0.7731 | union_precision 0.8000 | weighted_recall 0.0204 | union_precision 0.8000 | threshold 0.875 | val_model raw | lr 0.001000
Epoch 20/60 | train_loss 0.7774 | union_precision 0.7500 | weighted_recall 0.0511 | union_precision 0.7500 | threshold 0.875 | val_model raw | lr 0.001000
Early stopping at epoch 20
Held-out M33-4 | union_precision=0.8000 | weighted_recall=0.1194 | consensus_recall=0.0000
Epoch 1/60 | train_loss 1.5352 | union_precision 0.2000 | weighted_recall 0.0095 | union_precision 0.2000 | threshold 0.525 | val_model raw | lr 0.001000
Epoch 2/60 | train_loss 1.3845 | union_precision 0.2222 | weighted_recall 0.0173 | union_precision 0.2222 | threshold 0.525 | val_model raw | lr 0.001000
Epoch 3/60 | train_loss 1.2914 | union_precision 0.1404 | weighted_recall 0.2190 | union_precision 0.1404 | threshold 0.425 | val_model raw | lr 0.001000
Epoch 4/60 | train_loss 1.2181 | union_precision 0.1552 | weighted_recall 0.1553 | union_precision 0.1552 | threshold 0.050 | val_model raw | lr 0.001000
Epoch 5/60 | train_loss 1.1872 | union_precision 0.1607 | weighted_recall 0.1553 | union_precision 0.1607 | threshold 0.450 | val_model raw | lr 0.001000
Epoch 6/60 | train_loss 1.1400 | union_precision 0.1724 | weighted_recall 0.1648 | union_precision 0.1724 | threshold 0.450 | val_model raw | lr 0.001000
Epoch 7/60 | train_loss 1.1026 | union_precision 0.2308 | weighted_recall 0.1225 | union_precision 0.2308 | threshold 0.525 | val_model raw | lr 0.001000
Epoch 8/60 | train_loss 1.0774 | union_precision 0.2222 | weighted_recall 0.1225 | union_precision 0.2222 | threshold 0.525 | val_model raw | lr 0.001000
Epoch 9/60 | train_loss 1.0466 | union_precision 0.2500 | weighted_recall 0.1225 | union_precision 0.2500 | threshold 0.550 | val_model raw | lr 0.001000
Epoch 10/60 | train_loss 1.0110 | union_precision 0.2500 | weighted_recall 0.2819 | union_precision 0.2500 | threshold 0.525 | val_model raw | lr 0.001000
Epoch 11/60 | train_loss 0.9679 | union_precision 0.2609 | weighted_recall 0.2535 | union_precision 0.2609 | threshold 0.575 | val_model raw | lr 0.001000
Epoch 12/60 | train_loss 0.9502 | union_precision 0.2857 | weighted_recall 0.0768 | union_precision 0.2857 | threshold 0.675 | val_model raw | lr 0.001000
Epoch 13/60 | train_loss 0.9220 | union_precision 0.4000 | weighted_recall 0.0768 | union_precision 0.4000 | threshold 0.700 | val_model raw | lr 0.001000
Epoch 14/60 | train_loss 0.8832 | union_precision 0.4000 | weighted_recall 0.0768 | union_precision 0.4000 | threshold 0.700 | val_model raw | lr 0.001000
Epoch 15/60 | train_loss 0.8712 | union_precision 0.4000 | weighted_recall 0.0940 | union_precision 0.4000 | threshold 0.650 | val_model raw | lr 0.001000
Epoch 16/60 | train_loss 0.8421 | union_precision 0.4444 | weighted_recall 0.0940 | union_precision 0.4444 | threshold 0.650 | val_model raw | lr 0.001000
Epoch 17/60 | train_loss 0.8310 | union_precision 0.5000 | weighted_recall 0.0768 | union_precision 0.5000 | threshold 0.725 | val_model raw | lr 0.001000
Epoch 18/60 | train_loss 0.7989 | union_precision 0.5000 | weighted_recall 0.0768 | union_precision 0.5000 | threshold 0.725 | val_model raw | lr 0.001000
Epoch 19/60 | train_loss 0.7828 | union_precision 0.5714 | weighted_recall 0.0940 | union_precision 0.5714 | threshold 0.700 | val_model raw | lr 0.001000
Epoch 20/60 | train_loss 0.7634 | union_precision 0.6667 | weighted_recall 0.0940 | union_precision 0.6667 | threshold 0.725 | val_model raw | lr 0.001000
Epoch 21/60 | train_loss 0.7347 | union_precision 1.0000 | weighted_recall 0.0389 | union_precision 1.0000 | threshold 0.850 | val_model raw | lr 0.001000
Epoch 22/60 | train_loss 0.7440 | union_precision 1.0000 | weighted_recall 0.0389 | union_precision 1.0000 | threshold 0.850 | val_model raw | lr 0.001000
Epoch 23/60 | train_loss 0.7005 | union_precision 1.0000 | weighted_recall 0.0389 | union_precision 1.0000 | threshold 0.850 | val_model raw | lr 0.001000
Epoch 24/60 | train_loss 0.6964 | union_precision 1.0000 | weighted_recall 0.0389 | union_precision 1.0000 | threshold 0.875 | val_model raw | lr 0.001000
Epoch 25/60 | train_loss 0.6831 | union_precision 0.8000 | weighted_recall 0.0846 | union_precision 0.8000 | threshold 0.750 | val_model raw | lr 0.001000
Epoch 26/60 | train_loss 0.6671 | union_precision 1.0000 | weighted_recall 0.0389 | union_precision 1.0000 | threshold 0.875 | val_model raw | lr 0.001000
Epoch 27/60 | train_loss 0.6549 | union_precision 1.0000 | weighted_recall 0.0389 | union_precision 1.0000 | threshold 0.900 | val_model raw | lr 0.001000
Epoch 28/60 | train_loss 0.6228 | union_precision 0.8000 | weighted_recall 0.1147 | union_precision 0.8000 | threshold 0.775 | val_model raw | lr 0.001000
Epoch 29/60 | train_loss 0.6155 | union_precision 0.8000 | weighted_recall 0.1147 | union_precision 0.8000 | threshold 0.775 | val_model raw | lr 0.001000
Epoch 30/60 | train_loss 0.6211 | union_precision 0.8000 | weighted_recall 0.1147 | union_precision 0.8000 | threshold 0.800 | val_model raw | lr 0.001000
Epoch 31/60 | train_loss 0.5805 | union_precision 0.8000 | weighted_recall 0.1147 | union_precision 0.8000 | threshold 0.800 | val_model raw | lr 0.001000
Epoch 32/60 | train_loss 0.5852 | union_precision 0.8000 | weighted_recall 0.1147 | union_precision 0.8000 | threshold 0.825 | val_model raw | lr 0.001000
Epoch 33/60 | train_loss 0.5621 | union_precision 0.8000 | weighted_recall 0.1147 | union_precision 0.8000 | threshold 0.825 | val_model raw | lr 0.001000
Epoch 34/60 | train_loss 0.5613 | union_precision 0.8000 | weighted_recall 0.1147 | union_precision 0.8000 | threshold 0.825 | val_model raw | lr 0.001000
Epoch 35/60 | train_loss 0.5339 | union_precision 0.8000 | weighted_recall 0.1147 | union_precision 0.8000 | threshold 0.825 | val_model raw | lr 0.001000
Epoch 36/60 | train_loss 0.5247 | union_precision 0.8000 | weighted_recall 0.1147 | union_precision 0.8000 | threshold 0.825 | val_model raw | lr 0.001000
Epoch 37/60 | train_loss 0.5234 | union_precision 0.8000 | weighted_recall 0.1147 | union_precision 0.8000 | threshold 0.825 | val_model raw | lr 0.001000
Epoch 38/60 | train_loss 0.4963 | union_precision 0.8000 | weighted_recall 0.1147 | union_precision 0.8000 | threshold 0.825 | val_model raw | lr 0.001000
Early stopping at epoch 38
Held-out M41-1 | union_precision=0.8000 | weighted_recall=0.1147 | consensus_recall=0.0000
Epoch 1/60 | train_loss 1.5361 | union_precision 0.3750 | weighted_recall 0.1516 | union_precision 0.3750 | threshold 0.475 | val_model raw | lr 0.001000
Epoch 2/60 | train_loss 1.3891 | union_precision 0.3889 | weighted_recall 0.2623 | union_precision 0.3889 | threshold 0.450 | val_model raw | lr 0.001000
Epoch 3/60 | train_loss 1.2941 | union_precision 0.3571 | weighted_recall 0.2029 | union_precision 0.3571 | threshold 0.475 | val_model raw | lr 0.001000
Epoch 4/60 | train_loss 1.2239 | union_precision 0.3750 | weighted_recall 0.0922 | union_precision 0.3750 | threshold 0.525 | val_model raw | lr 0.001000
Epoch 5/60 | train_loss 1.1948 | union_precision 0.3636 | weighted_recall 0.1844 | union_precision 0.3636 | threshold 0.525 | val_model raw | lr 0.001000
Epoch 6/60 | train_loss 1.1449 | union_precision 0.2500 | weighted_recall 0.1291 | union_precision 0.2500 | threshold 0.500 | val_model raw | lr 0.001000
Epoch 7/60 | train_loss 1.1084 | union_precision 0.2727 | weighted_recall 0.0922 | union_precision 0.2727 | threshold 0.575 | val_model raw | lr 0.001000
Epoch 8/60 | train_loss 1.0799 | union_precision 0.3333 | weighted_recall 0.1291 | union_precision 0.3333 | threshold 0.550 | val_model raw | lr 0.001000
Epoch 9/60 | train_loss 1.0579 | union_precision 0.3333 | weighted_recall 0.1844 | union_precision 0.3333 | threshold 0.550 | val_model raw | lr 0.001000
Epoch 10/60 | train_loss 1.0157 | union_precision 0.3333 | weighted_recall 0.1844 | union_precision 0.3333 | threshold 0.550 | val_model raw | lr 0.001000
Epoch 11/60 | train_loss 0.9818 | union_precision 0.4000 | weighted_recall 0.2213 | union_precision 0.4000 | threshold 0.550 | val_model raw | lr 0.001000
Epoch 12/60 | train_loss 0.9560 | union_precision 0.4286 | weighted_recall 0.2213 | union_precision 0.4286 | threshold 0.575 | val_model raw | lr 0.001000
Epoch 13/60 | train_loss 0.9299 | union_precision 0.3636 | weighted_recall 0.1660 | union_precision 0.3636 | threshold 0.625 | val_model raw | lr 0.001000
Epoch 14/60 | train_loss 0.8929 | union_precision 0.3846 | weighted_recall 0.1844 | union_precision 0.3846 | threshold 0.600 | val_model raw | lr 0.001000
Epoch 15/60 | train_loss 0.8784 | union_precision 0.4167 | weighted_recall 0.1844 | union_precision 0.4167 | threshold 0.625 | val_model raw | lr 0.001000
Epoch 16/60 | train_loss 0.8503 | union_precision 0.4167 | weighted_recall 0.1844 | union_precision 0.4167 | threshold 0.625 | val_model raw | lr 0.001000
Epoch 17/60 | train_loss 0.8399 | union_precision 0.4000 | weighted_recall 0.1660 | union_precision 0.4000 | threshold 0.650 | val_model raw | lr 0.001000
Epoch 18/60 | train_loss 0.8066 | union_precision 0.4000 | weighted_recall 0.1660 | union_precision 0.4000 | threshold 0.650 | val_model raw | lr 0.001000
Epoch 19/60 | train_loss 0.7958 | union_precision 0.4444 | weighted_recall 0.1660 | union_precision 0.4444 | threshold 0.650 | val_model raw | lr 0.001000
Epoch 20/60 | train_loss 0.7747 | union_precision 0.4444 | weighted_recall 0.1107 | union_precision 0.4444 | threshold 0.650 | val_model raw | lr 0.001000
Epoch 21/60 | train_loss 0.7485 | union_precision 0.3750 | weighted_recall 0.1475 | union_precision 0.3750 | threshold 0.650 | val_model raw | lr 0.001000
Epoch 22/60 | train_loss 0.7511 | union_precision 0.4545 | weighted_recall 0.1844 | union_precision 0.4545 | threshold 0.625 | val_model raw | lr 0.001000
Epoch 23/60 | train_loss 0.7077 | union_precision 0.5556 | weighted_recall 0.1844 | union_precision 0.5556 | threshold 0.625 | val_model raw | lr 0.001000
Epoch 24/60 | train_loss 0.7065 | union_precision 0.5000 | weighted_recall 0.1844 | union_precision 0.5000 | threshold 0.600 | val_model raw | lr 0.001000
Epoch 25/60 | train_loss 0.6935 | union_precision 0.5714 | weighted_recall 0.1660 | union_precision 0.5714 | threshold 0.625 | val_model raw | lr 0.001000
Epoch 26/60 | train_loss 0.6792 | union_precision 0.5556 | weighted_recall 0.1844 | union_precision 0.5556 | threshold 0.600 | val_model raw | lr 0.001000
Epoch 27/60 | train_loss 0.6649 | union_precision 0.6250 | weighted_recall 0.1844 | union_precision 0.6250 | threshold 0.600 | val_model raw | lr 0.001000
Epoch 28/60 | train_loss 0.6301 | union_precision 0.6667 | weighted_recall 0.1107 | union_precision 0.6667 | threshold 0.725 | val_model raw | lr 0.001000
Epoch 29/60 | train_loss 0.6267 | union_precision 0.6667 | weighted_recall 0.1107 | union_precision 0.6667 | threshold 0.725 | val_model raw | lr 0.001000
Epoch 30/60 | train_loss 0.6272 | union_precision 0.6667 | weighted_recall 0.1107 | union_precision 0.6667 | threshold 0.700 | val_model raw | lr 0.001000
Epoch 31/60 | train_loss 0.5860 | union_precision 0.6000 | weighted_recall 0.1291 | union_precision 0.6000 | threshold 0.675 | val_model raw | lr 0.001000
Epoch 32/60 | train_loss 0.5940 | union_precision 0.7500 | weighted_recall 0.1291 | union_precision 0.7500 | threshold 0.675 | val_model raw | lr 0.001000
Epoch 33/60 | train_loss 0.5688 | union_precision 0.6667 | weighted_recall 0.1107 | union_precision 0.6667 | threshold 0.675 | val_model raw | lr 0.001000
Epoch 34/60 | train_loss 0.5690 | union_precision 0.6667 | weighted_recall 0.1107 | union_precision 0.6667 | threshold 0.675 | val_model raw | lr 0.001000
Epoch 35/60 | train_loss 0.5419 | union_precision 0.6667 | weighted_recall 0.1107 | union_precision 0.6667 | threshold 0.675 | val_model raw | lr 0.001000
Epoch 36/60 | train_loss 0.5337 | union_precision 0.6667 | weighted_recall 0.1107 | union_precision 0.6667 | threshold 0.675 | val_model raw | lr 0.001000
Epoch 37/60 | train_loss 0.5235 | union_precision 0.6667 | weighted_recall 0.1516 | union_precision 0.6667 | threshold 0.600 | val_model raw | lr 0.001000
Epoch 38/60 | train_loss 0.4970 | union_precision 0.7143 | weighted_recall 0.1885 | union_precision 0.7143 | threshold 0.575 | val_model raw | lr 0.001000
Epoch 39/60 | train_loss 0.5080 | union_precision 0.6667 | weighted_recall 0.1107 | union_precision 0.6667 | threshold 0.650 | val_model raw | lr 0.001000
Epoch 40/60 | train_loss 0.4954 | union_precision 0.6667 | weighted_recall 0.1107 | union_precision 0.6667 | threshold 0.650 | val_model raw | lr 0.001000
Epoch 41/60 | train_loss 0.4812 | union_precision 0.6667 | weighted_recall 0.1107 | union_precision 0.6667 | threshold 0.675 | val_model raw | lr 0.001000
Epoch 42/60 | train_loss 0.4877 | union_precision 0.6667 | weighted_recall 0.1107 | union_precision 0.6667 | threshold 0.675 | val_model raw | lr 0.001000
Early stopping at epoch 42
Held-out M41-2 | union_precision=0.7500 | weighted_recall=0.1291 | consensus_recall=0.0000
Epoch 1/60 | train_loss 1.5357 | union_precision 0.5455 | weighted_recall 0.1791 | union_precision 0.5455 | threshold 0.550 | val_model raw | lr 0.001000
Epoch 2/60 | train_loss 1.3865 | union_precision 0.6667 | weighted_recall 0.2002 | union_precision 0.6667 | threshold 0.550 | val_model raw | lr 0.001000
Epoch 3/60 | train_loss 1.2904 | union_precision 0.6667 | weighted_recall 0.2002 | union_precision 0.6667 | threshold 0.575 | val_model raw | lr 0.001000
Epoch 4/60 | train_loss 1.2232 | union_precision 0.6667 | weighted_recall 0.2002 | union_precision 0.6667 | threshold 0.600 | val_model raw | lr 0.001000
Epoch 5/60 | train_loss 1.1913 | union_precision 0.6667 | weighted_recall 0.1791 | union_precision 0.6667 | threshold 0.600 | val_model raw | lr 0.001000
Epoch 6/60 | train_loss 1.1434 | union_precision 0.6667 | weighted_recall 0.2878 | union_precision 0.6667 | threshold 0.525 | val_model raw | lr 0.001000
Epoch 7/60 | train_loss 1.1053 | union_precision 0.6875 | weighted_recall 0.3405 | union_precision 0.6875 | threshold 0.525 | val_model raw | lr 0.001000
Epoch 8/60 | train_loss 1.0777 | union_precision 0.6667 | weighted_recall 0.2763 | union_precision 0.6667 | threshold 0.550 | val_model raw | lr 0.001000
Epoch 9/60 | train_loss 1.0608 | union_precision 0.6667 | weighted_recall 0.2763 | union_precision 0.6667 | threshold 0.550 | val_model raw | lr 0.001000
Epoch 10/60 | train_loss 1.0151 | union_precision 0.6667 | weighted_recall 0.2974 | union_precision 0.6667 | threshold 0.550 | val_model raw | lr 0.001000
Epoch 11/60 | train_loss 0.9822 | union_precision 1.0000 | weighted_recall 0.0632 | union_precision 1.0000 | threshold 0.700 | val_model raw | lr 0.001000
Epoch 12/60 | train_loss 0.9550 | union_precision 1.0000 | weighted_recall 0.0632 | union_precision 1.0000 | threshold 0.700 | val_model raw | lr 0.001000
Epoch 13/60 | train_loss 0.9286 | union_precision 1.0000 | weighted_recall 0.0738 | union_precision 1.0000 | threshold 0.700 | val_model raw | lr 0.001000
Epoch 14/60 | train_loss 0.8914 | union_precision 1.0000 | weighted_recall 0.1264 | union_precision 1.0000 | threshold 0.700 | val_model raw | lr 0.001000
Epoch 15/60 | train_loss 0.8732 | union_precision 0.8000 | weighted_recall 0.1370 | union_precision 0.8000 | threshold 0.700 | val_model raw | lr 0.001000
Epoch 16/60 | train_loss 0.8489 | union_precision 1.0000 | weighted_recall 0.0738 | union_precision 1.0000 | threshold 0.725 | val_model raw | lr 0.001000
Epoch 17/60 | train_loss 0.8389 | union_precision 1.0000 | weighted_recall 0.0738 | union_precision 1.0000 | threshold 0.725 | val_model raw | lr 0.001000
Epoch 18/60 | train_loss 0.8058 | union_precision 0.8000 | weighted_recall 0.1475 | union_precision 0.8000 | threshold 0.725 | val_model raw | lr 0.001000
Epoch 19/60 | train_loss 0.7901 | union_precision 0.8000 | weighted_recall 0.1475 | union_precision 0.8000 | threshold 0.725 | val_model raw | lr 0.001000
Epoch 20/60 | train_loss 0.7698 | union_precision 0.8571 | weighted_recall 0.2424 | union_precision 0.8571 | threshold 0.725 | val_model raw | lr 0.001000
Epoch 21/60 | train_loss 0.7457 | union_precision 1.0000 | weighted_recall 0.0632 | union_precision 1.0000 | threshold 0.775 | val_model raw | lr 0.001000
Epoch 22/60 | train_loss 0.7507 | union_precision 1.0000 | weighted_recall 0.1897 | union_precision 1.0000 | threshold 0.750 | val_model raw | lr 0.001000
Epoch 23/60 | train_loss 0.7069 | union_precision 0.8750 | weighted_recall 0.2529 | union_precision 0.8750 | threshold 0.725 | val_model raw | lr 0.001000
Epoch 24/60 | train_loss 0.7016 | union_precision 1.0000 | weighted_recall 0.2529 | union_precision 1.0000 | threshold 0.725 | val_model raw | lr 0.001000
Epoch 25/60 | train_loss 0.6909 | union_precision 1.0000 | weighted_recall 0.2529 | union_precision 1.0000 | threshold 0.700 | val_model raw | lr 0.001000
Epoch 26/60 | train_loss 0.6768 | union_precision 1.0000 | weighted_recall 0.2529 | union_precision 1.0000 | threshold 0.700 | val_model raw | lr 0.001000
Epoch 27/60 | train_loss 0.6616 | union_precision 1.0000 | weighted_recall 0.2529 | union_precision 1.0000 | threshold 0.700 | val_model raw | lr 0.001000
Epoch 28/60 | train_loss 0.6243 | union_precision 1.0000 | weighted_recall 0.2529 | union_precision 1.0000 | threshold 0.675 | val_model raw | lr 0.001000
Epoch 29/60 | train_loss 0.6247 | union_precision 1.0000 | weighted_recall 0.2529 | union_precision 1.0000 | threshold 0.675 | val_model raw | lr 0.001000
Epoch 30/60 | train_loss 0.6246 | union_precision 0.8750 | weighted_recall 0.2529 | union_precision 0.8750 | threshold 0.625 | val_model raw | lr 0.001000
Epoch 31/60 | train_loss 0.5837 | union_precision 0.8750 | weighted_recall 0.2424 | union_precision 0.8750 | threshold 0.625 | val_model raw | lr 0.001000
Epoch 32/60 | train_loss 0.5917 | union_precision 0.8750 | weighted_recall 0.2424 | union_precision 0.8750 | threshold 0.625 | val_model raw | lr 0.001000
Epoch 33/60 | train_loss 0.5658 | union_precision 1.0000 | weighted_recall 0.1791 | union_precision 1.0000 | threshold 0.625 | val_model raw | lr 0.001000
Epoch 34/60 | train_loss 0.5631 | union_precision 1.0000 | weighted_recall 0.1791 | union_precision 1.0000 | threshold 0.600 | val_model raw | lr 0.001000
Early stopping at epoch 34
Held-out M41-3 | union_precision=1.0000 | weighted_recall=0.2529 | consensus_recall=0.0000
Epoch 1/60 | train_loss 1.5396 | union_precision 0.5000 | weighted_recall 0.0213 | union_precision 0.5000 | threshold 0.575 | val_model raw | lr 0.001000
Epoch 2/60 | train_loss 1.3891 | union_precision 0.4000 | weighted_recall 0.0387 | union_precision 0.4000 | threshold 0.575 | val_model raw | lr 0.001000
Epoch 3/60 | train_loss 1.2921 | union_precision 0.4000 | weighted_recall 0.0387 | union_precision 0.4000 | threshold 0.600 | val_model raw | lr 0.001000
Epoch 4/60 | train_loss 1.2270 | union_precision 0.5714 | weighted_recall 0.1588 | union_precision 0.5714 | threshold 0.600 | val_model raw | lr 0.001000
Epoch 5/60 | train_loss 1.1916 | union_precision 0.6667 | weighted_recall 0.1588 | union_precision 0.6667 | threshold 0.625 | val_model raw | lr 0.001000
Epoch 6/60 | train_loss 1.1452 | union_precision 0.6000 | weighted_recall 0.0736 | union_precision 0.6000 | threshold 0.650 | val_model raw | lr 0.001000
Epoch 7/60 | train_loss 1.1095 | union_precision 0.6250 | weighted_recall 0.1801 | union_precision 0.6250 | threshold 0.650 | val_model raw | lr 0.001000
Epoch 8/60 | train_loss 1.0799 | union_precision 0.6667 | weighted_recall 0.1588 | union_precision 0.6667 | threshold 0.675 | val_model raw | lr 0.001000
Epoch 9/60 | train_loss 1.0583 | union_precision 0.5000 | weighted_recall 0.0562 | union_precision 0.5000 | threshold 0.700 | val_model raw | lr 0.001000
Epoch 10/60 | train_loss 1.0171 | union_precision 0.6000 | weighted_recall 0.0736 | union_precision 0.6000 | threshold 0.700 | val_model raw | lr 0.001000
Epoch 11/60 | train_loss 0.9842 | union_precision 0.5000 | weighted_recall 0.0213 | union_precision 0.5000 | threshold 0.725 | val_model raw | lr 0.001000
Epoch 12/60 | train_loss 0.9532 | union_precision 0.5000 | weighted_recall 0.0736 | union_precision 0.5000 | threshold 0.725 | val_model raw | lr 0.001000
Epoch 13/60 | train_loss 0.9282 | union_precision 0.5000 | weighted_recall 0.0213 | union_precision 0.5000 | threshold 0.750 | val_model raw | lr 0.001000
Epoch 14/60 | train_loss 0.8947 | union_precision 0.3846 | weighted_recall 0.1801 | union_precision 0.3846 | threshold 0.725 | val_model raw | lr 0.001000
Epoch 15/60 | train_loss 0.8732 | union_precision 0.3750 | weighted_recall 0.2014 | union_precision 0.3750 | threshold 0.675 | val_model raw | lr 0.001000
Early stopping at epoch 15
Held-out M41-4 | union_precision=0.6667 | weighted_recall=0.1588 | consensus_recall=0.0000
Epoch 1/60 | train_loss 1.5385 | union_precision 0.2632 | weighted_recall 0.3199 | union_precision 0.2632 | threshold 0.475 | val_model raw | lr 0.001000
Epoch 2/60 | train_loss 1.3802 | union_precision 0.2917 | weighted_recall 0.2754 | union_precision 0.2917 | threshold 0.550 | val_model raw | lr 0.001000
Epoch 3/60 | train_loss 1.2893 | union_precision 0.2683 | weighted_recall 0.3997 | union_precision 0.2683 | threshold 0.500 | val_model raw | lr 0.001000
Epoch 4/60 | train_loss 1.2232 | union_precision 0.2778 | weighted_recall 0.3905 | union_precision 0.2778 | threshold 0.550 | val_model raw | lr 0.001000
Epoch 5/60 | train_loss 1.1900 | union_precision 0.2821 | weighted_recall 0.4753 | union_precision 0.2821 | threshold 0.550 | val_model raw | lr 0.001000
Epoch 6/60 | train_loss 1.1421 | union_precision 0.2727 | weighted_recall 0.4644 | union_precision 0.2727 | threshold 0.600 | val_model raw | lr 0.001000
Epoch 7/60 | train_loss 1.1035 | union_precision 0.2857 | weighted_recall 0.2570 | union_precision 0.2857 | threshold 0.650 | val_model raw | lr 0.001000
Epoch 8/60 | train_loss 1.0785 | union_precision 0.3077 | weighted_recall 0.2570 | union_precision 0.3077 | threshold 0.675 | val_model raw | lr 0.001000
Epoch 9/60 | train_loss 1.0606 | union_precision 0.3077 | weighted_recall 0.2570 | union_precision 0.3077 | threshold 0.700 | val_model raw | lr 0.001000
Epoch 10/60 | train_loss 1.0155 | union_precision 0.3125 | weighted_recall 0.3326 | union_precision 0.3125 | threshold 0.700 | val_model raw | lr 0.001000
Epoch 11/60 | train_loss 0.9834 | union_precision 0.5000 | weighted_recall 0.1512 | union_precision 0.5000 | threshold 0.750 | val_model raw | lr 0.001000
Epoch 12/60 | train_loss 0.9498 | union_precision 0.5000 | weighted_recall 0.2646 | union_precision 0.5000 | threshold 0.775 | val_model raw | lr 0.001000
Epoch 13/60 | train_loss 0.9271 | union_precision 0.5455 | weighted_recall 0.3553 | union_precision 0.5455 | threshold 0.775 | val_model raw | lr 0.001000
Epoch 14/60 | train_loss 0.8872 | union_precision 1.0000 | weighted_recall 0.0076 | union_precision 1.0000 | threshold 0.825 | val_model raw | lr 0.001000
Epoch 15/60 | train_loss 0.8709 | union_precision 1.0000 | weighted_recall 0.0076 | union_precision 1.0000 | threshold 0.850 | val_model raw | lr 0.001000
Epoch 16/60 | train_loss 0.8430 | union_precision 0.6667 | weighted_recall 0.1512 | union_precision 0.6667 | threshold 0.825 | val_model raw | lr 0.001000
Epoch 17/60 | train_loss 0.8330 | union_precision 1.0000 | weighted_recall 0.0076 | union_precision 1.0000 | threshold 0.875 | val_model raw | lr 0.001000
Epoch 18/60 | train_loss 0.8009 | union_precision 0.7143 | weighted_recall 0.2268 | union_precision 0.7143 | threshold 0.825 | val_model raw | lr 0.001000
Epoch 19/60 | train_loss 0.7985 | union_precision 0.7143 | weighted_recall 0.2268 | union_precision 0.7143 | threshold 0.850 | val_model raw | lr 0.001000
Epoch 20/60 | train_loss 0.7741 | union_precision 0.7143 | weighted_recall 0.2268 | union_precision 0.7143 | threshold 0.850 | val_model raw | lr 0.001000
Epoch 21/60 | train_loss 0.7477 | union_precision 1.0000 | weighted_recall 0.0756 | union_precision 1.0000 | threshold 0.900 | val_model raw | lr 0.001000
Epoch 22/60 | train_loss 0.7496 | union_precision 0.5000 | weighted_recall 0.1016 | union_precision 0.5000 | threshold 0.850 | val_model raw | lr 0.001000
Epoch 23/60 | train_loss 0.7062 | union_precision 0.5000 | weighted_recall 0.0940 | union_precision 0.5000 | threshold 0.850 | val_model raw | lr 0.001000
Epoch 24/60 | train_loss 0.7037 | union_precision 0.5000 | weighted_recall 0.0940 | union_precision 0.5000 | threshold 0.850 | val_model raw | lr 0.001000
Epoch 25/60 | train_loss 0.6866 | union_precision 1.0000 | weighted_recall 0.0756 | union_precision 1.0000 | threshold 0.925 | val_model raw | lr 0.001000
Epoch 26/60 | train_loss 0.6769 | union_precision 1.0000 | weighted_recall 0.0756 | union_precision 1.0000 | threshold 0.925 | val_model raw | lr 0.001000
Epoch 27/60 | train_loss 0.6620 | union_precision 1.0000 | weighted_recall 0.0756 | union_precision 1.0000 | threshold 0.925 | val_model raw | lr 0.001000
Epoch 28/60 | train_loss 0.6213 | union_precision 1.0000 | weighted_recall 0.0756 | union_precision 1.0000 | threshold 0.925 | val_model raw | lr 0.001000
Epoch 29/60 | train_loss 0.6226 | union_precision 1.0000 | weighted_recall 0.0756 | union_precision 1.0000 | threshold 0.925 | val_model raw | lr 0.001000
Epoch 30/60 | train_loss 0.6156 | union_precision 1.0000 | weighted_recall 0.0756 | union_precision 1.0000 | threshold 0.925 | val_model raw | lr 0.001000
Epoch 31/60 | train_loss 0.5840 | union_precision 1.0000 | weighted_recall 0.0940 | union_precision 1.0000 | threshold 0.925 | val_model raw | lr 0.001000
Epoch 32/60 | train_loss 0.5890 | union_precision 1.0000 | weighted_recall 0.0940 | union_precision 1.0000 | threshold 0.925 | val_model raw | lr 0.001000
Epoch 33/60 | train_loss 0.5605 | union_precision 0.6667 | weighted_recall 0.0940 | union_precision 0.6667 | threshold 0.925 | val_model raw | lr 0.001000
Epoch 34/60 | train_loss 0.5585 | union_precision 0.6667 | weighted_recall 0.0940 | union_precision 0.6667 | threshold 0.925 | val_model raw | lr 0.001000
Epoch 35/60 | train_loss 0.5377 | union_precision 0.6667 | weighted_recall 0.0940 | union_precision 0.6667 | threshold 0.925 | val_model raw | lr 0.001000
Epoch 36/60 | train_loss 0.5287 | union_precision 0.6667 | weighted_recall 0.0940 | union_precision 0.6667 | threshold 0.925 | val_model raw | lr 0.001000
Epoch 37/60 | train_loss 0.5121 | union_precision 0.5000 | weighted_recall 0.0940 | union_precision 0.5000 | threshold 0.925 | val_model raw | lr 0.001000
Epoch 38/60 | train_loss 0.4965 | union_precision 0.5000 | weighted_recall 0.0940 | union_precision 0.5000 | threshold 0.925 | val_model raw | lr 0.001000
Epoch 39/60 | train_loss 0.5030 | union_precision 0.6667 | weighted_recall 0.0940 | union_precision 0.6667 | threshold 0.950 | val_model raw | lr 0.001000
Epoch 40/60 | train_loss 0.4923 | union_precision 0.5000 | weighted_recall 0.0940 | union_precision 0.5000 | threshold 0.925 | val_model raw | lr 0.001000
Epoch 41/60 | train_loss 0.4754 | union_precision 0.6667 | weighted_recall 0.0940 | union_precision 0.6667 | threshold 0.950 | val_model raw | lr 0.001000
Early stopping at epoch 41
Held-out M50-1 | union_precision=1.0000 | weighted_recall=0.0940 | consensus_recall=0.0000
Epoch 1/60 | train_loss 1.5390 | union_precision 0.2917 | weighted_recall 0.2529 | union_precision 0.2917 | threshold 0.525 | val_model raw | lr 0.001000
Epoch 2/60 | train_loss 1.3838 | union_precision 0.2353 | weighted_recall 0.1572 | union_precision 0.2353 | threshold 0.525 | val_model raw | lr 0.001000
Epoch 3/60 | train_loss 1.2883 | union_precision 0.2143 | weighted_recall 0.2134 | union_precision 0.2143 | threshold 0.500 | val_model raw | lr 0.001000
Epoch 4/60 | train_loss 1.2275 | union_precision 0.2500 | weighted_recall 0.0273 | union_precision 0.2500 | threshold 0.575 | val_model raw | lr 0.001000
Epoch 5/60 | train_loss 1.1877 | union_precision 0.3333 | weighted_recall 0.0752 | union_precision 0.3333 | threshold 0.575 | val_model raw | lr 0.001000
Epoch 6/60 | train_loss 1.1449 | union_precision 0.5000 | weighted_recall 0.0478 | union_precision 0.5000 | threshold 0.600 | val_model raw | lr 0.001000
Epoch 7/60 | train_loss 1.1066 | union_precision 0.4000 | weighted_recall 0.0478 | union_precision 0.4000 | threshold 0.600 | val_model raw | lr 0.001000
Epoch 8/60 | train_loss 1.0817 | union_precision 0.3333 | weighted_recall 0.0478 | union_precision 0.3333 | threshold 0.600 | val_model raw | lr 0.001000
Epoch 9/60 | train_loss 1.0632 | union_precision 0.5000 | weighted_recall 0.0205 | union_precision 0.5000 | threshold 0.675 | val_model raw | lr 0.001000
Epoch 10/60 | train_loss 1.0175 | union_precision 0.5000 | weighted_recall 0.0205 | union_precision 0.5000 | threshold 0.675 | val_model raw | lr 0.001000
Epoch 11/60 | train_loss 0.9805 | union_precision 0.5000 | weighted_recall 0.0205 | union_precision 0.5000 | threshold 0.675 | val_model raw | lr 0.001000
Epoch 12/60 | train_loss 0.9458 | union_precision 0.5000 | weighted_recall 0.0205 | union_precision 0.5000 | threshold 0.675 | val_model raw | lr 0.001000
Epoch 13/60 | train_loss 0.9284 | union_precision 0.5000 | weighted_recall 0.1094 | union_precision 0.5000 | threshold 0.650 | val_model raw | lr 0.001000
Epoch 14/60 | train_loss 0.8887 | union_precision 0.5000 | weighted_recall 0.0205 | union_precision 0.5000 | threshold 0.675 | val_model raw | lr 0.001000
Epoch 15/60 | train_loss 0.8696 | union_precision 0.5000 | weighted_recall 0.0205 | union_precision 0.5000 | threshold 0.675 | val_model raw | lr 0.001000
Epoch 16/60 | train_loss 0.8446 | union_precision 0.6667 | weighted_recall 0.1094 | union_precision 0.6667 | threshold 0.675 | val_model raw | lr 0.001000
Epoch 17/60 | train_loss 0.8339 | union_precision 0.5000 | weighted_recall 0.0205 | union_precision 0.5000 | threshold 0.700 | val_model raw | lr 0.001000
Epoch 18/60 | train_loss 0.8004 | union_precision 0.6667 | weighted_recall 0.1094 | union_precision 0.6667 | threshold 0.700 | val_model raw | lr 0.001000
Epoch 19/60 | train_loss 0.7944 | union_precision 0.5000 | weighted_recall 0.1572 | union_precision 0.5000 | threshold 0.675 | val_model raw | lr 0.001000
Epoch 20/60 | train_loss 0.7654 | union_precision 0.6000 | weighted_recall 0.0850 | union_precision 0.6000 | threshold 0.700 | val_model raw | lr 0.001000
Epoch 21/60 | train_loss 0.7460 | union_precision 0.6000 | weighted_recall 0.0850 | union_precision 0.6000 | threshold 0.725 | val_model raw | lr 0.001000
Epoch 22/60 | train_loss 0.7491 | union_precision 0.6667 | weighted_recall 0.0372 | union_precision 0.6667 | threshold 0.800 | val_model raw | lr 0.001000
Epoch 23/60 | train_loss 0.7086 | union_precision 0.6667 | weighted_recall 0.0372 | union_precision 0.6667 | threshold 0.800 | val_model raw | lr 0.001000
Epoch 24/60 | train_loss 0.7003 | union_precision 0.6000 | weighted_recall 0.0850 | union_precision 0.6000 | threshold 0.725 | val_model raw | lr 0.001000
Epoch 25/60 | train_loss 0.6840 | union_precision 1.0000 | weighted_recall 0.0167 | union_precision 1.0000 | threshold 0.850 | val_model raw | lr 0.001000
Epoch 26/60 | train_loss 0.6741 | union_precision 1.0000 | weighted_recall 0.0167 | union_precision 1.0000 | threshold 0.850 | val_model raw | lr 0.001000
Epoch 27/60 | train_loss 0.6623 | union_precision 0.6667 | weighted_recall 0.0918 | union_precision 0.6667 | threshold 0.725 | val_model raw | lr 0.001000
Epoch 28/60 | train_loss 0.6295 | union_precision 1.0000 | weighted_recall 0.0167 | union_precision 1.0000 | threshold 0.875 | val_model raw | lr 0.001000
Epoch 29/60 | train_loss 0.6203 | union_precision 1.0000 | weighted_recall 0.0167 | union_precision 1.0000 | threshold 0.875 | val_model raw | lr 0.001000
Epoch 30/60 | train_loss 0.6199 | union_precision 1.0000 | weighted_recall 0.0167 | union_precision 1.0000 | threshold 0.875 | val_model raw | lr 0.001000
Epoch 31/60 | train_loss 0.5848 | union_precision 1.0000 | weighted_recall 0.0167 | union_precision 1.0000 | threshold 0.875 | val_model raw | lr 0.001000
Epoch 32/60 | train_loss 0.5878 | union_precision 0.8000 | weighted_recall 0.0797 | union_precision 0.8000 | threshold 0.725 | val_model raw | lr 0.001000
Epoch 33/60 | train_loss 0.5608 | union_precision 0.8000 | weighted_recall 0.0797 | union_precision 0.8000 | threshold 0.700 | val_model raw | lr 0.001000
Epoch 34/60 | train_loss 0.5599 | union_precision 0.8000 | weighted_recall 0.0797 | union_precision 0.8000 | threshold 0.725 | val_model raw | lr 0.001000
Epoch 35/60 | train_loss 0.5322 | union_precision 0.8000 | weighted_recall 0.0797 | union_precision 0.8000 | threshold 0.750 | val_model raw | lr 0.001000
Epoch 36/60 | train_loss 0.5222 | union_precision 1.0000 | weighted_recall 0.0797 | union_precision 1.0000 | threshold 0.750 | val_model raw | lr 0.001000
Epoch 37/60 | train_loss 0.5077 | union_precision 0.8000 | weighted_recall 0.0797 | union_precision 0.8000 | threshold 0.675 | val_model raw | lr 0.001000
Epoch 38/60 | train_loss 0.4980 | union_precision 0.8000 | weighted_recall 0.0797 | union_precision 0.8000 | threshold 0.700 | val_model raw | lr 0.001000
Epoch 39/60 | train_loss 0.5001 | union_precision 0.8000 | weighted_recall 0.0797 | union_precision 0.8000 | threshold 0.700 | val_model raw | lr 0.001000
Epoch 40/60 | train_loss 0.4873 | union_precision 0.8000 | weighted_recall 0.0797 | union_precision 0.8000 | threshold 0.700 | val_model raw | lr 0.001000
Epoch 41/60 | train_loss 0.4687 | union_precision 0.8000 | weighted_recall 0.0797 | union_precision 0.8000 | threshold 0.725 | val_model raw | lr 0.001000
Epoch 42/60 | train_loss 0.4815 | union_precision 0.8000 | weighted_recall 0.0797 | union_precision 0.8000 | threshold 0.700 | val_model raw | lr 0.001000
Epoch 43/60 | train_loss 0.4672 | union_precision 0.8333 | weighted_recall 0.1070 | union_precision 0.8333 | threshold 0.675 | val_model raw | lr 0.001000
Epoch 44/60 | train_loss 0.4404 | union_precision 0.8333 | weighted_recall 0.1070 | union_precision 0.8333 | threshold 0.675 | val_model raw | lr 0.001000
Epoch 45/60 | train_loss 0.4456 | union_precision 0.8333 | weighted_recall 0.1070 | union_precision 0.8333 | threshold 0.700 | val_model raw | lr 0.001000
Epoch 46/60 | train_loss 0.4446 | union_precision 0.8333 | weighted_recall 0.1070 | union_precision 0.8333 | threshold 0.700 | val_model raw | lr 0.001000
Epoch 47/60 | train_loss 0.4345 | union_precision 0.8000 | weighted_recall 0.0797 | union_precision 0.8000 | threshold 0.750 | val_model raw | lr 0.001000
Epoch 48/60 | train_loss 0.4292 | union_precision 0.8000 | weighted_recall 0.0797 | union_precision 0.8000 | threshold 0.775 | val_model raw | lr 0.001000
Epoch 49/60 | train_loss 0.4253 | union_precision 1.0000 | weighted_recall 0.0728 | union_precision 1.0000 | threshold 0.850 | val_model raw | lr 0.001000
Epoch 50/60 | train_loss 0.4042 | union_precision 1.0000 | weighted_recall 0.0728 | union_precision 1.0000 | threshold 0.825 | val_model raw | lr 0.001000
Epoch 51/60 | train_loss 0.3941 | union_precision 1.0000 | weighted_recall 0.0728 | union_precision 1.0000 | threshold 0.825 | val_model raw | lr 0.001000
Epoch 52/60 | train_loss 0.3939 | union_precision 0.8000 | weighted_recall 0.0797 | union_precision 0.8000 | threshold 0.775 | val_model raw | lr 0.001000
Epoch 53/60 | train_loss 0.3963 | union_precision 1.0000 | weighted_recall 0.0728 | union_precision 1.0000 | threshold 0.800 | val_model raw | lr 0.001000
Early stopping at epoch 53
Held-out M50-2 | union_precision=0.8333 | weighted_recall=0.1070 | consensus_recall=0.0000
Epoch 1/60 | train_loss 1.5507 | union_precision 0.8000 | weighted_recall 0.0452 | union_precision 0.8000 | threshold 0.575 | val_model raw | lr 0.001000
Epoch 2/60 | train_loss 1.3957 | union_precision 0.8000 | weighted_recall 0.0452 | union_precision 0.8000 | threshold 0.575 | val_model raw | lr 0.001000
Epoch 3/60 | train_loss 1.2998 | union_precision 0.7778 | weighted_recall 0.0773 | union_precision 0.7778 | threshold 0.575 | val_model raw | lr 0.001000
Epoch 4/60 | train_loss 1.2331 | union_precision 0.8333 | weighted_recall 0.0486 | union_precision 0.8333 | threshold 0.600 | val_model raw | lr 0.001000
Epoch 5/60 | train_loss 1.1921 | union_precision 0.8333 | weighted_recall 0.0486 | union_precision 0.8333 | threshold 0.625 | val_model raw | lr 0.001000
Epoch 6/60 | train_loss 1.1515 | union_precision 0.8000 | weighted_recall 0.1034 | union_precision 0.8000 | threshold 0.675 | val_model raw | lr 0.001000
Epoch 7/60 | train_loss 1.1106 | union_precision 0.8333 | weighted_recall 0.1083 | union_precision 0.8333 | threshold 0.675 | val_model raw | lr 0.001000
Epoch 8/60 | train_loss 1.0820 | union_precision 0.7500 | weighted_recall 0.0894 | union_precision 0.7500 | threshold 0.700 | val_model raw | lr 0.001000
Epoch 9/60 | train_loss 1.0662 | union_precision 0.7500 | weighted_recall 0.0894 | union_precision 0.7500 | threshold 0.725 | val_model raw | lr 0.001000
Epoch 10/60 | train_loss 1.0233 | union_precision 1.0000 | weighted_recall 0.0622 | union_precision 1.0000 | threshold 0.825 | val_model raw | lr 0.001000
Epoch 11/60 | train_loss 0.9862 | union_precision 0.8000 | weighted_recall 0.0954 | union_precision 0.8000 | threshold 0.725 | val_model raw | lr 0.001000
Epoch 12/60 | train_loss 0.9510 | union_precision 0.8000 | weighted_recall 0.0954 | union_precision 0.8000 | threshold 0.750 | val_model raw | lr 0.001000
Epoch 13/60 | train_loss 0.9346 | union_precision 0.8000 | weighted_recall 0.0954 | union_precision 0.8000 | threshold 0.750 | val_model raw | lr 0.001000
Epoch 14/60 | train_loss 0.8970 | union_precision 0.8000 | weighted_recall 0.0954 | union_precision 0.8000 | threshold 0.775 | val_model raw | lr 0.001000
Epoch 15/60 | train_loss 0.8732 | union_precision 1.0000 | weighted_recall 0.0954 | union_precision 1.0000 | threshold 0.775 | val_model raw | lr 0.001000
Epoch 16/60 | train_loss 0.8478 | union_precision 1.0000 | weighted_recall 0.0954 | union_precision 1.0000 | threshold 0.800 | val_model raw | lr 0.001000
Epoch 17/60 | train_loss 0.8345 | union_precision 1.0000 | weighted_recall 0.0954 | union_precision 1.0000 | threshold 0.800 | val_model raw | lr 0.001000
Early stopping at epoch 17
Held-out M50-3 | union_precision=0.8333 | weighted_recall=0.1083 | consensus_recall=0.0000
Epoch 1/60 | train_loss 1.5362 | union_precision 0.3333 | weighted_recall 0.0583 | union_precision 0.3333 | threshold 0.550 | val_model raw | lr 0.001000
Epoch 2/60 | train_loss 1.3835 | union_precision 0.5000 | weighted_recall 0.0583 | union_precision 0.5000 | threshold 0.575 | val_model raw | lr 0.001000
Epoch 3/60 | train_loss 1.2935 | union_precision 0.5000 | weighted_recall 0.0583 | union_precision 0.5000 | threshold 0.600 | val_model raw | lr 0.001000
Epoch 4/60 | train_loss 1.2249 | union_precision 0.5000 | weighted_recall 0.0633 | union_precision 0.5000 | threshold 0.550 | val_model raw | lr 0.001000
Epoch 5/60 | train_loss 1.1826 | union_precision 0.5000 | weighted_recall 0.0684 | union_precision 0.5000 | threshold 0.550 | val_model raw | lr 0.001000
Epoch 6/60 | train_loss 1.1384 | union_precision 0.5000 | weighted_recall 0.2076 | union_precision 0.5000 | threshold 0.550 | val_model raw | lr 0.001000
Epoch 7/60 | train_loss 1.0902 | union_precision 0.5000 | weighted_recall 0.0633 | union_precision 0.5000 | threshold 0.600 | val_model raw | lr 0.001000
Epoch 8/60 | train_loss 1.0693 | union_precision 0.5000 | weighted_recall 0.1299 | union_precision 0.5000 | threshold 0.575 | val_model raw | lr 0.001000
Epoch 9/60 | train_loss 1.0540 | union_precision 0.5000 | weighted_recall 0.1248 | union_precision 0.5000 | threshold 0.625 | val_model raw | lr 0.001000
Epoch 10/60 | train_loss 1.0087 | union_precision 0.5000 | weighted_recall 0.3092 | union_precision 0.5000 | threshold 0.575 | val_model raw | lr 0.001000
Epoch 11/60 | train_loss 0.9655 | union_precision 0.5455 | weighted_recall 0.2264 | union_precision 0.5455 | threshold 0.575 | val_model raw | lr 0.001000
Epoch 12/60 | train_loss 0.9396 | union_precision 0.5217 | weighted_recall 0.2264 | union_precision 0.5217 | threshold 0.575 | val_model raw | lr 0.001000
Epoch 13/60 | train_loss 0.9235 | union_precision 1.0000 | weighted_recall 0.0666 | union_precision 1.0000 | threshold 0.775 | val_model raw | lr 0.001000
Epoch 14/60 | train_loss 0.8807 | union_precision 1.0000 | weighted_recall 0.0666 | union_precision 1.0000 | threshold 0.775 | val_model raw | lr 0.001000
Epoch 15/60 | train_loss 0.8576 | union_precision 1.0000 | weighted_recall 0.0666 | union_precision 1.0000 | threshold 0.775 | val_model raw | lr 0.001000
Epoch 16/60 | train_loss 0.8489 | union_precision 1.0000 | weighted_recall 0.0666 | union_precision 1.0000 | threshold 0.775 | val_model raw | lr 0.001000
Epoch 17/60 | train_loss 0.8287 | union_precision 1.0000 | weighted_recall 0.0666 | union_precision 1.0000 | threshold 0.775 | val_model raw | lr 0.001000
Epoch 18/60 | train_loss 0.7882 | union_precision 1.0000 | weighted_recall 0.0666 | union_precision 1.0000 | threshold 0.775 | val_model raw | lr 0.001000
Epoch 19/60 | train_loss 0.7770 | union_precision 1.0000 | weighted_recall 0.0666 | union_precision 1.0000 | threshold 0.775 | val_model raw | lr 0.001000
Epoch 20/60 | train_loss 0.7431 | union_precision 1.0000 | weighted_recall 0.0666 | union_precision 1.0000 | threshold 0.775 | val_model raw | lr 0.001000
Epoch 21/60 | train_loss 0.7331 | union_precision 1.0000 | weighted_recall 0.0666 | union_precision 1.0000 | threshold 0.800 | val_model raw | lr 0.001000
Epoch 22/60 | train_loss 0.7336 | union_precision 1.0000 | weighted_recall 0.0666 | union_precision 1.0000 | threshold 0.825 | val_model raw | lr 0.001000
Epoch 23/60 | train_loss 0.6866 | union_precision 1.0000 | weighted_recall 0.0666 | union_precision 1.0000 | threshold 0.825 | val_model raw | lr 0.001000
Early stopping at epoch 23
Held-out M56-1 | union_precision=1.0000 | weighted_recall=0.0666 | consensus_recall=0.0000
Epoch 1/60 | train_loss 1.5303 | union_precision 0.1667 | weighted_recall 0.0744 | union_precision 0.1667 | threshold 0.500 | val_model raw | lr 0.001000
Epoch 2/60 | train_loss 1.3866 | union_precision 0.2581 | weighted_recall 0.2421 | union_precision 0.2581 | threshold 0.050 | val_model raw | lr 0.001000
Epoch 3/60 | train_loss 1.2893 | union_precision 0.2188 | weighted_recall 0.2169 | union_precision 0.2188 | threshold 0.050 | val_model raw | lr 0.001000
Epoch 4/60 | train_loss 1.2254 | union_precision 0.2647 | weighted_recall 0.3864 | union_precision 0.2647 | threshold 0.050 | val_model raw | lr 0.001000
Epoch 5/60 | train_loss 1.1808 | union_precision 0.2258 | weighted_recall 0.3594 | union_precision 0.2258 | threshold 0.475 | val_model raw | lr 0.001000
Epoch 6/60 | train_loss 1.1468 | union_precision 0.2258 | weighted_recall 0.3594 | union_precision 0.2258 | threshold 0.475 | val_model raw | lr 0.001000
Epoch 7/60 | train_loss 1.0942 | union_precision 0.2143 | weighted_recall 0.3343 | union_precision 0.2143 | threshold 0.500 | val_model raw | lr 0.001000
Epoch 8/60 | train_loss 1.0768 | union_precision 0.2069 | weighted_recall 0.3343 | union_precision 0.2069 | threshold 0.500 | val_model raw | lr 0.001000
Epoch 9/60 | train_loss 1.0484 | union_precision 0.2000 | weighted_recall 0.3343 | union_precision 0.2000 | threshold 0.500 | val_model raw | lr 0.001000
Epoch 10/60 | train_loss 1.0088 | union_precision 0.2000 | weighted_recall 0.2002 | union_precision 0.2000 | threshold 0.500 | val_model raw | lr 0.001000
Epoch 11/60 | train_loss 0.9705 | union_precision 0.2500 | weighted_recall 0.2104 | union_precision 0.2500 | threshold 0.500 | val_model raw | lr 0.001000
Epoch 12/60 | train_loss 0.9408 | union_precision 0.1852 | weighted_recall 0.0846 | union_precision 0.1852 | threshold 0.500 | val_model raw | lr 0.001000
Epoch 13/60 | train_loss 0.9244 | union_precision 0.1538 | weighted_recall 0.0642 | union_precision 0.1538 | threshold 0.550 | val_model raw | lr 0.001000
Epoch 14/60 | train_loss 0.8823 | union_precision 0.1538 | weighted_recall 0.1983 | union_precision 0.1538 | threshold 0.525 | val_model raw | lr 0.001000
Early stopping at epoch 14
Held-out M56-2 | union_precision=0.2647 | weighted_recall=0.3864 | consensus_recall=0.0000
Epoch 1/60 | train_loss 1.5304 | union_precision 1.0000 | weighted_recall 0.0086 | union_precision 1.0000 | threshold 0.650 | val_model raw | lr 0.001000
Epoch 2/60 | train_loss 1.3902 | union_precision 1.0000 | weighted_recall 0.0539 | union_precision 1.0000 | threshold 0.675 | val_model raw | lr 0.001000
Epoch 3/60 | train_loss 1.2996 | union_precision 0.8000 | weighted_recall 0.0539 | union_precision 0.8000 | threshold 0.700 | val_model raw | lr 0.001000
Epoch 4/60 | train_loss 1.2324 | union_precision 1.0000 | weighted_recall 0.0086 | union_precision 1.0000 | threshold 0.725 | val_model raw | lr 0.001000
Epoch 5/60 | train_loss 1.1889 | union_precision 0.8000 | weighted_recall 0.0299 | union_precision 0.8000 | threshold 0.700 | val_model raw | lr 0.001000
Epoch 6/60 | train_loss 1.1537 | union_precision 1.0000 | weighted_recall 0.0432 | union_precision 1.0000 | threshold 0.725 | val_model raw | lr 0.001000
Epoch 7/60 | train_loss 1.0962 | union_precision 1.0000 | weighted_recall 0.0432 | union_precision 1.0000 | threshold 0.725 | val_model raw | lr 0.001000
Epoch 8/60 | train_loss 1.0836 | union_precision 0.8000 | weighted_recall 0.0453 | union_precision 0.8000 | threshold 0.725 | val_model raw | lr 0.001000
Epoch 9/60 | train_loss 1.0518 | union_precision 0.8000 | weighted_recall 0.1995 | union_precision 0.8000 | threshold 0.675 | val_model raw | lr 0.001000
Epoch 10/60 | train_loss 1.0127 | union_precision 1.0000 | weighted_recall 0.0400 | union_precision 1.0000 | threshold 0.775 | val_model raw | lr 0.001000
Epoch 11/60 | train_loss 0.9683 | union_precision 1.0000 | weighted_recall 0.0186 | union_precision 1.0000 | threshold 0.800 | val_model raw | lr 0.001000
Epoch 12/60 | train_loss 0.9417 | union_precision 0.8000 | weighted_recall 0.0453 | union_precision 0.8000 | threshold 0.775 | val_model raw | lr 0.001000
Epoch 13/60 | train_loss 0.9263 | union_precision 0.7500 | weighted_recall 0.0240 | union_precision 0.7500 | threshold 0.800 | val_model raw | lr 0.001000
Epoch 14/60 | train_loss 0.8882 | union_precision 0.7500 | weighted_recall 0.1595 | union_precision 0.7500 | threshold 0.725 | val_model raw | lr 0.001000
Epoch 15/60 | train_loss 0.8725 | union_precision 0.7143 | weighted_recall 0.1270 | union_precision 0.7143 | threshold 0.750 | val_model raw | lr 0.001000
Epoch 16/60 | train_loss 0.8523 | union_precision 0.7333 | weighted_recall 0.1563 | union_precision 0.7333 | threshold 0.750 | val_model raw | lr 0.001000
Epoch 17/60 | train_loss 0.8373 | union_precision 0.7222 | weighted_recall 0.1622 | union_precision 0.7222 | threshold 0.750 | val_model raw | lr 0.001000
Epoch 18/60 | train_loss 0.7924 | union_precision 0.7333 | weighted_recall 0.1563 | union_precision 0.7333 | threshold 0.775 | val_model raw | lr 0.001000
Epoch 19/60 | train_loss 0.7884 | union_precision 0.7000 | weighted_recall 0.1654 | union_precision 0.7000 | threshold 0.750 | val_model raw | lr 0.001000
Early stopping at epoch 19
Held-out M56-3 | union_precision=0.8000 | weighted_recall=0.1995 | consensus_recall=0.0000
Epoch 1/60 | train_loss 1.5251 | union_precision 0.4444 | weighted_recall 0.0881 | union_precision 0.4444 | threshold 0.550 | val_model raw | lr 0.001000
Epoch 2/60 | train_loss 1.3853 | union_precision 0.4286 | weighted_recall 0.1046 | union_precision 0.4286 | threshold 0.525 | val_model raw | lr 0.001000
Epoch 3/60 | train_loss 1.2924 | union_precision 0.3333 | weighted_recall 0.3204 | union_precision 0.3333 | threshold 0.050 | val_model raw | lr 0.001000
Epoch 4/60 | train_loss 1.2245 | union_precision 0.3333 | weighted_recall 0.0771 | union_precision 0.3333 | threshold 0.575 | val_model raw | lr 0.001000
Epoch 5/60 | train_loss 1.1828 | union_precision 0.3158 | weighted_recall 0.3204 | union_precision 0.3158 | threshold 0.050 | val_model raw | lr 0.001000
Epoch 6/60 | train_loss 1.1455 | union_precision 0.3333 | weighted_recall 0.0991 | union_precision 0.3333 | threshold 0.575 | val_model raw | lr 0.001000
Epoch 7/60 | train_loss 1.0910 | union_precision 0.3208 | weighted_recall 0.2550 | union_precision 0.3208 | threshold 0.425 | val_model raw | lr 0.001000
Epoch 8/60 | train_loss 1.0832 | union_precision 0.3750 | weighted_recall 0.2238 | union_precision 0.3750 | threshold 0.525 | val_model raw | lr 0.001000
Epoch 9/60 | train_loss 1.0494 | union_precision 0.5000 | weighted_recall 0.0110 | union_precision 0.5000 | threshold 0.650 | val_model raw | lr 0.001000
Epoch 10/60 | train_loss 1.0103 | union_precision 0.5000 | weighted_recall 0.0110 | union_precision 0.5000 | threshold 0.675 | val_model raw | lr 0.001000
Epoch 11/60 | train_loss 0.9649 | union_precision 0.4444 | weighted_recall 0.1003 | union_precision 0.4444 | threshold 0.650 | val_model raw | lr 0.001000
Epoch 12/60 | train_loss 0.9392 | union_precision 0.4545 | weighted_recall 0.1278 | union_precision 0.4545 | threshold 0.625 | val_model raw | lr 0.001000
Epoch 13/60 | train_loss 0.9214 | union_precision 0.4545 | weighted_recall 0.1278 | union_precision 0.4545 | threshold 0.650 | val_model raw | lr 0.001000
Epoch 14/60 | train_loss 0.8792 | union_precision 0.4545 | weighted_recall 0.1278 | union_precision 0.4545 | threshold 0.650 | val_model raw | lr 0.001000
Epoch 15/60 | train_loss 0.8740 | union_precision 0.4545 | weighted_recall 0.1278 | union_precision 0.4545 | threshold 0.650 | val_model raw | lr 0.001000
Epoch 16/60 | train_loss 0.8560 | union_precision 0.4444 | weighted_recall 0.1003 | union_precision 0.4444 | threshold 0.675 | val_model raw | lr 0.001000
Epoch 17/60 | train_loss 0.8308 | union_precision 0.4286 | weighted_recall 0.1553 | union_precision 0.4286 | threshold 0.650 | val_model raw | lr 0.001000
Epoch 18/60 | train_loss 0.7942 | union_precision 0.4286 | weighted_recall 0.1553 | union_precision 0.4286 | threshold 0.650 | val_model raw | lr 0.001000
Epoch 19/60 | train_loss 0.7858 | union_precision 0.4118 | weighted_recall 0.2829 | union_precision 0.4118 | threshold 0.625 | val_model raw | lr 0.001000
Early stopping at epoch 19
Held-out M59-1 | union_precision=0.5000 | weighted_recall=0.0110 | consensus_recall=0.0000
Epoch 1/60 | train_loss 1.5218 | union_precision 0.7500 | weighted_recall 0.0678 | union_precision 0.7500 | threshold 0.550 | val_model raw | lr 0.001000
Epoch 2/60 | train_loss 1.3860 | union_precision 0.5000 | weighted_recall 0.0089 | union_precision 0.5000 | threshold 0.575 | val_model raw | lr 0.001000
Epoch 3/60 | train_loss 1.2897 | union_precision 0.5000 | weighted_recall 0.0089 | union_precision 0.5000 | threshold 0.575 | val_model raw | lr 0.001000
Epoch 4/60 | train_loss 1.2254 | union_precision 0.5000 | weighted_recall 0.0089 | union_precision 0.5000 | threshold 0.600 | val_model raw | lr 0.001000
Epoch 5/60 | train_loss 1.1802 | union_precision 0.6667 | weighted_recall 0.0143 | union_precision 0.6667 | threshold 0.625 | val_model raw | lr 0.001000
Epoch 6/60 | train_loss 1.1386 | union_precision 0.6667 | weighted_recall 0.0143 | union_precision 0.6667 | threshold 0.650 | val_model raw | lr 0.001000
Epoch 7/60 | train_loss 1.0859 | union_precision 0.6667 | weighted_recall 0.0143 | union_precision 0.6667 | threshold 0.650 | val_model raw | lr 0.001000
Epoch 8/60 | train_loss 1.0747 | union_precision 0.6667 | weighted_recall 0.0143 | union_precision 0.6667 | threshold 0.675 | val_model raw | lr 0.001000
Epoch 9/60 | train_loss 1.0430 | union_precision 1.0000 | weighted_recall 0.0143 | union_precision 1.0000 | threshold 0.725 | val_model raw | lr 0.001000
Epoch 10/60 | train_loss 1.0085 | union_precision 1.0000 | weighted_recall 0.0143 | union_precision 1.0000 | threshold 0.725 | val_model raw | lr 0.001000
Epoch 11/60 | train_loss 0.9617 | union_precision 1.0000 | weighted_recall 0.0143 | union_precision 1.0000 | threshold 0.725 | val_model raw | lr 0.001000
Epoch 12/60 | train_loss 0.9360 | union_precision 1.0000 | weighted_recall 0.0143 | union_precision 1.0000 | threshold 0.750 | val_model raw | lr 0.001000
Epoch 13/60 | train_loss 0.9206 | union_precision 1.0000 | weighted_recall 0.0143 | union_precision 1.0000 | threshold 0.750 | val_model raw | lr 0.001000
Epoch 14/60 | train_loss 0.8741 | union_precision 1.0000 | weighted_recall 0.0143 | union_precision 1.0000 | threshold 0.750 | val_model raw | lr 0.001000
Epoch 15/60 | train_loss 0.8750 | union_precision 1.0000 | weighted_recall 0.0143 | union_precision 1.0000 | threshold 0.750 | val_model raw | lr 0.001000
Epoch 16/60 | train_loss 0.8504 | union_precision 1.0000 | weighted_recall 0.0143 | union_precision 1.0000 | threshold 0.750 | val_model raw | lr 0.001000
Epoch 17/60 | train_loss 0.8253 | union_precision 1.0000 | weighted_recall 0.0143 | union_precision 1.0000 | threshold 0.750 | val_model raw | lr 0.001000
Epoch 18/60 | train_loss 0.7944 | union_precision 1.0000 | weighted_recall 0.0143 | union_precision 1.0000 | threshold 0.750 | val_model raw | lr 0.001000
Epoch 19/60 | train_loss 0.7854 | union_precision 1.0000 | weighted_recall 0.0143 | union_precision 1.0000 | threshold 0.750 | val_model raw | lr 0.001000
Early stopping at epoch 19
Held-out M59-2 | union_precision=1.0000 | weighted_recall=0.0143 | consensus_recall=0.0000
Epoch 1/60 | train_loss 1.5177 | union_precision 0.1475 | weighted_recall 0.1223 | union_precision 0.1475 | threshold 0.450 | val_model raw | lr 0.001000
Epoch 2/60 | train_loss 1.3888 | union_precision 0.1892 | weighted_recall 0.3241 | union_precision 0.1892 | threshold 0.500 | val_model raw | lr 0.001000
Epoch 3/60 | train_loss 1.2894 | union_precision 0.4444 | weighted_recall 0.2388 | union_precision 0.4444 | threshold 0.550 | val_model raw | lr 0.001000
Epoch 4/60 | train_loss 1.2362 | union_precision 0.5000 | weighted_recall 0.2238 | union_precision 0.5000 | threshold 0.600 | val_model raw | lr 0.001000
Epoch 5/60 | train_loss 1.1897 | union_precision 0.6667 | weighted_recall 0.2238 | union_precision 0.6667 | threshold 0.650 | val_model raw | lr 0.001000
Epoch 6/60 | train_loss 1.1555 | union_precision 0.6667 | weighted_recall 0.2238 | union_precision 0.6667 | threshold 0.675 | val_model raw | lr 0.001000
Epoch 7/60 | train_loss 1.0899 | union_precision 0.6667 | weighted_recall 0.2238 | union_precision 0.6667 | threshold 0.700 | val_model raw | lr 0.001000
Epoch 8/60 | train_loss 1.0764 | union_precision 0.6667 | weighted_recall 0.2238 | union_precision 0.6667 | threshold 0.700 | val_model raw | lr 0.001000
Epoch 9/60 | train_loss 1.0548 | union_precision 0.6667 | weighted_recall 0.2238 | union_precision 0.6667 | threshold 0.725 | val_model raw | lr 0.001000
Epoch 10/60 | train_loss 1.0252 | union_precision 0.6667 | weighted_recall 0.2238 | union_precision 0.6667 | threshold 0.725 | val_model raw | lr 0.001000
Epoch 11/60 | train_loss 0.9715 | union_precision 0.6667 | weighted_recall 0.2238 | union_precision 0.6667 | threshold 0.750 | val_model raw | lr 0.001000
Epoch 12/60 | train_loss 0.9462 | union_precision 0.6667 | weighted_recall 0.2238 | union_precision 0.6667 | threshold 0.750 | val_model raw | lr 0.001000
Epoch 13/60 | train_loss 0.9325 | union_precision 0.6667 | weighted_recall 0.2238 | union_precision 0.6667 | threshold 0.750 | val_model raw | lr 0.001000
Epoch 14/60 | train_loss 0.8945 | union_precision 0.6667 | weighted_recall 0.2238 | union_precision 0.6667 | threshold 0.775 | val_model raw | lr 0.001000
Epoch 15/60 | train_loss 0.8862 | union_precision 0.6667 | weighted_recall 0.2238 | union_precision 0.6667 | threshold 0.775 | val_model raw | lr 0.001000
Early stopping at epoch 15
Held-out M59-3 | union_precision=0.6667 | weighted_recall=0.2238 | consensus_recall=0.5000
Epoch 1/60 | train_loss 1.5294 | union_precision 0.3590 | weighted_recall 0.2031 | union_precision 0.3590 | threshold 0.050 | val_model raw | lr 0.001000
Epoch 2/60 | train_loss 1.3846 | union_precision 0.5000 | weighted_recall 0.0444 | union_precision 0.5000 | threshold 0.575 | val_model raw | lr 0.001000
Epoch 3/60 | train_loss 1.2807 | union_precision 0.5000 | weighted_recall 0.0444 | union_precision 0.5000 | threshold 0.600 | val_model raw | lr 0.001000
Epoch 4/60 | train_loss 1.2242 | union_precision 0.5000 | weighted_recall 0.0444 | union_precision 0.5000 | threshold 0.625 | val_model raw | lr 0.001000
Epoch 5/60 | train_loss 1.1831 | union_precision 0.5000 | weighted_recall 0.0444 | union_precision 0.5000 | threshold 0.650 | val_model raw | lr 0.001000
Epoch 6/60 | train_loss 1.1418 | union_precision 0.3243 | weighted_recall 0.1973 | union_precision 0.3243 | threshold 0.425 | val_model raw | lr 0.001000
Epoch 7/60 | train_loss 1.0846 | union_precision 0.3548 | weighted_recall 0.1888 | union_precision 0.3548 | threshold 0.475 | val_model raw | lr 0.001000
Epoch 8/60 | train_loss 1.0680 | union_precision 0.3333 | weighted_recall 0.1803 | union_precision 0.3333 | threshold 0.475 | val_model raw | lr 0.001000
Epoch 9/60 | train_loss 1.0419 | union_precision 0.3571 | weighted_recall 0.1803 | union_precision 0.3571 | threshold 0.500 | val_model raw | lr 0.001000
Epoch 10/60 | train_loss 1.0153 | union_precision 0.3750 | weighted_recall 0.1973 | union_precision 0.3750 | threshold 0.475 | val_model raw | lr 0.001000
Epoch 11/60 | train_loss 0.9625 | union_precision 0.4286 | weighted_recall 0.1624 | union_precision 0.4286 | threshold 0.500 | val_model raw | lr 0.001000
Epoch 12/60 | train_loss 0.9366 | union_precision 0.4444 | weighted_recall 0.1624 | union_precision 0.4444 | threshold 0.500 | val_model raw | lr 0.001000
Early stopping at epoch 12
Held-out M63-1 | union_precision=0.5000 | weighted_recall=0.0444 | consensus_recall=0.0000
Epoch 1/60 | train_loss 1.5292 | union_precision 0.5000 | weighted_recall 0.0855 | union_precision 0.5000 | threshold 0.575 | val_model raw | lr 0.001000
Epoch 2/60 | train_loss 1.3854 | union_precision 1.0000 | weighted_recall 0.0665 | union_precision 1.0000 | threshold 0.650 | val_model raw | lr 0.001000
Epoch 3/60 | train_loss 1.2811 | union_precision 1.0000 | weighted_recall 0.0665 | union_precision 1.0000 | threshold 0.700 | val_model raw | lr 0.001000
Epoch 4/60 | train_loss 1.2262 | union_precision 0.6667 | weighted_recall 0.0855 | union_precision 0.6667 | threshold 0.600 | val_model raw | lr 0.001000
Epoch 5/60 | train_loss 1.1813 | union_precision 0.5714 | weighted_recall 0.1732 | union_precision 0.5714 | threshold 0.600 | val_model raw | lr 0.001000
Epoch 6/60 | train_loss 1.1458 | union_precision 0.6000 | weighted_recall 0.1616 | union_precision 0.6000 | threshold 0.625 | val_model raw | lr 0.001000
Epoch 7/60 | train_loss 1.0854 | union_precision 0.5455 | weighted_recall 0.2207 | union_precision 0.5455 | threshold 0.600 | val_model raw | lr 0.001000
Epoch 8/60 | train_loss 1.0701 | union_precision 0.5714 | weighted_recall 0.1732 | union_precision 0.5714 | threshold 0.625 | val_model raw | lr 0.001000
Epoch 9/60 | train_loss 1.0423 | union_precision 0.6000 | weighted_recall 0.1616 | union_precision 0.6000 | threshold 0.650 | val_model raw | lr 0.001000
Epoch 10/60 | train_loss 1.0208 | union_precision 0.6000 | weighted_recall 0.1616 | union_precision 0.6000 | threshold 0.650 | val_model raw | lr 0.001000
Epoch 11/60 | train_loss 0.9665 | union_precision 0.6667 | weighted_recall 0.2872 | union_precision 0.6667 | threshold 0.650 | val_model raw | lr 0.001000
Epoch 12/60 | train_loss 0.9378 | union_precision 0.6667 | weighted_recall 0.2872 | union_precision 0.6667 | threshold 0.650 | val_model raw | lr 0.001000
Early stopping at epoch 12
Held-out M63-3 | union_precision=1.0000 | weighted_recall=0.0665 | consensus_recall=0.0000
Epoch 1/60 | train_loss 1.5252 | union_precision 0.8000 | weighted_recall 0.1766 | union_precision 0.8000 | threshold 0.550 | val_model raw | lr 0.001000
Epoch 2/60 | train_loss 1.3855 | union_precision 0.8000 | weighted_recall 0.3387 | union_precision 0.8000 | threshold 0.550 | val_model raw | lr 0.001000
Epoch 3/60 | train_loss 1.2833 | union_precision 0.8000 | weighted_recall 0.3387 | union_precision 0.8000 | threshold 0.575 | val_model raw | lr 0.001000
Epoch 4/60 | train_loss 1.2259 | union_precision 0.8000 | weighted_recall 0.3387 | union_precision 0.8000 | threshold 0.600 | val_model raw | lr 0.001000
Epoch 5/60 | train_loss 1.1819 | union_precision 0.8000 | weighted_recall 0.3387 | union_precision 0.8000 | threshold 0.600 | val_model raw | lr 0.001000
Epoch 6/60 | train_loss 1.1477 | union_precision 0.8000 | weighted_recall 0.2657 | union_precision 0.8000 | threshold 0.625 | val_model raw | lr 0.001000
Epoch 7/60 | train_loss 1.0852 | union_precision 0.8000 | weighted_recall 0.2657 | union_precision 0.8000 | threshold 0.625 | val_model raw | lr 0.001000
Epoch 8/60 | train_loss 1.0719 | union_precision 0.8000 | weighted_recall 0.2657 | union_precision 0.8000 | threshold 0.650 | val_model raw | lr 0.001000
Epoch 9/60 | train_loss 1.0435 | union_precision 1.0000 | weighted_recall 0.2657 | union_precision 1.0000 | threshold 0.650 | val_model raw | lr 0.001000
Epoch 10/60 | train_loss 1.0202 | union_precision 1.0000 | weighted_recall 0.3387 | union_precision 1.0000 | threshold 0.650 | val_model raw | lr 0.001000
Epoch 11/60 | train_loss 0.9686 | union_precision 1.0000 | weighted_recall 0.3387 | union_precision 1.0000 | threshold 0.675 | val_model raw | lr 0.001000
Epoch 12/60 | train_loss 0.9390 | union_precision 0.8333 | weighted_recall 0.3533 | union_precision 0.8333 | threshold 0.650 | val_model raw | lr 0.001000
Epoch 13/60 | train_loss 0.9255 | union_precision 1.0000 | weighted_recall 0.3387 | union_precision 1.0000 | threshold 0.700 | val_model raw | lr 0.001000
Epoch 14/60 | train_loss 0.8891 | union_precision 0.8333 | weighted_recall 0.3533 | union_precision 0.8333 | threshold 0.675 | val_model raw | lr 0.001000
Epoch 15/60 | train_loss 0.8810 | union_precision 1.0000 | weighted_recall 0.3387 | union_precision 1.0000 | threshold 0.725 | val_model raw | lr 0.001000
Epoch 16/60 | train_loss 0.8579 | union_precision 1.0000 | weighted_recall 0.3387 | union_precision 1.0000 | threshold 0.750 | val_model raw | lr 0.001000
Epoch 17/60 | train_loss 0.8383 | union_precision 0.8333 | weighted_recall 0.3533 | union_precision 0.8333 | threshold 0.725 | val_model raw | lr 0.001000
Epoch 18/60 | train_loss 0.8033 | union_precision 0.8333 | weighted_recall 0.3533 | union_precision 0.8333 | threshold 0.750 | val_model raw | lr 0.001000
Epoch 19/60 | train_loss 0.7945 | union_precision 0.8333 | weighted_recall 0.3533 | union_precision 0.8333 | threshold 0.750 | val_model raw | lr 0.001000
Epoch 20/60 | train_loss 0.7699 | union_precision 0.8333 | weighted_recall 0.3533 | union_precision 0.8333 | threshold 0.750 | val_model raw | lr 0.001000
Epoch 21/60 | train_loss 0.7485 | union_precision 0.8333 | weighted_recall 0.2803 | union_precision 0.8333 | threshold 0.750 | val_model raw | lr 0.001000
Epoch 22/60 | train_loss 0.7460 | union_precision 0.8000 | weighted_recall 0.1200 | union_precision 0.8000 | threshold 0.750 | val_model raw | lr 0.001000
Early stopping at epoch 22
Held-out M67-1 | union_precision=0.8333 | weighted_recall=0.3533 | consensus_recall=0.0000
Epoch 1/60 | train_loss 1.5269 | union_precision 0.2759 | weighted_recall 0.2909 | union_precision 0.2759 | threshold 0.450 | val_model raw | lr 0.001000
Epoch 2/60 | train_loss 1.3843 | union_precision 0.3636 | weighted_recall 0.1818 | union_precision 0.3636 | threshold 0.525 | val_model raw | lr 0.001000
Epoch 3/60 | train_loss 1.2829 | union_precision 0.3333 | weighted_recall 0.2182 | union_precision 0.3333 | threshold 0.500 | val_model raw | lr 0.001000
Epoch 4/60 | train_loss 1.2258 | union_precision 0.4118 | weighted_recall 0.2000 | union_precision 0.4118 | threshold 0.550 | val_model raw | lr 0.001000
Epoch 5/60 | train_loss 1.1798 | union_precision 0.5000 | weighted_recall 0.0727 | union_precision 0.5000 | threshold 0.600 | val_model raw | lr 0.001000
Epoch 6/60 | train_loss 1.1463 | union_precision 0.5000 | weighted_recall 0.1455 | union_precision 0.5000 | threshold 0.600 | val_model raw | lr 0.001000
Epoch 7/60 | train_loss 1.0881 | union_precision 0.5000 | weighted_recall 0.1455 | union_precision 0.5000 | threshold 0.600 | val_model raw | lr 0.001000
Epoch 8/60 | train_loss 1.0717 | union_precision 0.5000 | weighted_recall 0.0727 | union_precision 0.5000 | threshold 0.625 | val_model raw | lr 0.001000
Epoch 9/60 | train_loss 1.0440 | union_precision 0.6000 | weighted_recall 0.1273 | union_precision 0.6000 | threshold 0.625 | val_model raw | lr 0.001000
Epoch 10/60 | train_loss 1.0181 | union_precision 0.6667 | weighted_recall 0.0727 | union_precision 0.6667 | threshold 0.650 | val_model raw | lr 0.001000
Epoch 11/60 | train_loss 0.9698 | union_precision 0.7500 | weighted_recall 0.1273 | union_precision 0.7500 | threshold 0.650 | val_model raw | lr 0.001000
Epoch 12/60 | train_loss 0.9419 | union_precision 0.6000 | weighted_recall 0.1273 | union_precision 0.6000 | threshold 0.650 | val_model raw | lr 0.001000
Epoch 13/60 | train_loss 0.9245 | union_precision 0.6000 | weighted_recall 0.1273 | union_precision 0.6000 | threshold 0.650 | val_model raw | lr 0.001000
Epoch 14/60 | train_loss 0.8891 | union_precision 0.7500 | weighted_recall 0.1273 | union_precision 0.7500 | threshold 0.675 | val_model raw | lr 0.001000
Epoch 15/60 | train_loss 0.8798 | union_precision 0.7500 | weighted_recall 0.1273 | union_precision 0.7500 | threshold 0.675 | val_model raw | lr 0.001000
Epoch 16/60 | train_loss 0.8585 | union_precision 0.7500 | weighted_recall 0.1273 | union_precision 0.7500 | threshold 0.700 | val_model raw | lr 0.001000
Epoch 17/60 | train_loss 0.8374 | union_precision 0.7500 | weighted_recall 0.1273 | union_precision 0.7500 | threshold 0.700 | val_model raw | lr 0.001000
Epoch 18/60 | train_loss 0.8033 | union_precision 0.7500 | weighted_recall 0.1273 | union_precision 0.7500 | threshold 0.700 | val_model raw | lr 0.001000
Epoch 19/60 | train_loss 0.7923 | union_precision 0.7500 | weighted_recall 0.1273 | union_precision 0.7500 | threshold 0.700 | val_model raw | lr 0.001000
Epoch 20/60 | train_loss 0.7692 | union_precision 0.7500 | weighted_recall 0.1273 | union_precision 0.7500 | threshold 0.700 | val_model raw | lr 0.001000
Epoch 21/60 | train_loss 0.7492 | union_precision 0.7500 | weighted_recall 0.1273 | union_precision 0.7500 | threshold 0.725 | val_model raw | lr 0.001000
Early stopping at epoch 21
Held-out M67-2 | union_precision=0.7500 | weighted_recall=0.1273 | consensus_recall=0.0000
Epoch 1/60 | train_loss 1.5275 | union_precision 1.0000 | weighted_recall 0.0874 | union_precision 1.0000 | threshold 0.600 | val_model raw | lr 0.001000
Epoch 2/60 | train_loss 1.3870 | union_precision 1.0000 | weighted_recall 0.0874 | union_precision 1.0000 | threshold 0.600 | val_model raw | lr 0.001000
Epoch 3/60 | train_loss 1.2842 | union_precision 1.0000 | weighted_recall 0.0874 | union_precision 1.0000 | threshold 0.650 | val_model raw | lr 0.001000
Epoch 4/60 | train_loss 1.2258 | union_precision 1.0000 | weighted_recall 0.0874 | union_precision 1.0000 | threshold 0.650 | val_model raw | lr 0.001000
Epoch 5/60 | train_loss 1.1787 | union_precision 1.0000 | weighted_recall 0.0874 | union_precision 1.0000 | threshold 0.650 | val_model raw | lr 0.001000
Epoch 6/60 | train_loss 1.1478 | union_precision 1.0000 | weighted_recall 0.0874 | union_precision 1.0000 | threshold 0.700 | val_model raw | lr 0.001000
Epoch 7/60 | train_loss 1.0881 | union_precision 0.6250 | weighted_recall 0.4544 | union_precision 0.6250 | threshold 0.650 | val_model raw | lr 0.001000
Epoch 8/60 | train_loss 1.0719 | union_precision 0.6250 | weighted_recall 0.4544 | union_precision 0.6250 | threshold 0.675 | val_model raw | lr 0.001000
Epoch 9/60 | train_loss 1.0457 | union_precision 0.6250 | weighted_recall 0.4544 | union_precision 0.6250 | threshold 0.675 | val_model raw | lr 0.001000
Epoch 10/60 | train_loss 1.0207 | union_precision 0.6250 | weighted_recall 0.4544 | union_precision 0.6250 | threshold 0.675 | val_model raw | lr 0.001000
Epoch 11/60 | train_loss 0.9697 | union_precision 0.6250 | weighted_recall 0.4544 | union_precision 0.6250 | threshold 0.675 | val_model raw | lr 0.001000
Early stopping at epoch 11
Held-out M67-3 | union_precision=1.0000 | weighted_recall=0.0874 | consensus_recall=0.0000
Epoch 1/60 | train_loss 1.5271 | union_precision 0.4545 | weighted_recall 0.0838 | union_precision 0.4545 | threshold 0.550 | val_model raw | lr 0.001000
Epoch 2/60 | train_loss 1.3882 | union_precision 0.5000 | weighted_recall 0.0965 | union_precision 0.5000 | threshold 0.575 | val_model raw | lr 0.001000
Epoch 3/60 | train_loss 1.2832 | union_precision 0.5000 | weighted_recall 0.1899 | union_precision 0.5000 | threshold 0.575 | val_model raw | lr 0.001000
Epoch 4/60 | train_loss 1.2268 | union_precision 0.5385 | weighted_recall 0.2259 | union_precision 0.5385 | threshold 0.600 | val_model raw | lr 0.001000
Epoch 5/60 | train_loss 1.1760 | union_precision 0.7000 | weighted_recall 0.2259 | union_precision 0.7000 | threshold 0.625 | val_model raw | lr 0.001000
Epoch 6/60 | train_loss 1.1469 | union_precision 0.6250 | weighted_recall 0.3049 | union_precision 0.6250 | threshold 0.625 | val_model raw | lr 0.001000
Epoch 7/60 | train_loss 1.0853 | union_precision 0.8182 | weighted_recall 0.2802 | union_precision 0.8182 | threshold 0.650 | val_model raw | lr 0.001000
Epoch 8/60 | train_loss 1.0737 | union_precision 0.9231 | weighted_recall 0.3520 | union_precision 0.9231 | threshold 0.650 | val_model raw | lr 0.001000
Epoch 9/60 | train_loss 1.0436 | union_precision 0.9286 | weighted_recall 0.3736 | union_precision 0.9286 | threshold 0.650 | val_model raw | lr 0.001000
Epoch 10/60 | train_loss 1.0201 | union_precision 0.8125 | weighted_recall 0.3736 | union_precision 0.8125 | threshold 0.650 | val_model raw | lr 0.001000
Epoch 11/60 | train_loss 0.9691 | union_precision 0.9091 | weighted_recall 0.3017 | union_precision 0.9091 | threshold 0.675 | val_model raw | lr 0.001000
Epoch 12/60 | train_loss 0.9410 | union_precision 0.8571 | weighted_recall 0.4813 | union_precision 0.8571 | threshold 0.675 | val_model raw | lr 0.001000
Epoch 13/60 | train_loss 0.9248 | union_precision 0.8571 | weighted_recall 0.4813 | union_precision 0.8571 | threshold 0.675 | val_model raw | lr 0.001000
Epoch 14/60 | train_loss 0.8898 | union_precision 0.8571 | weighted_recall 0.4813 | union_precision 0.8571 | threshold 0.700 | val_model raw | lr 0.001000
Epoch 15/60 | train_loss 0.8791 | union_precision 0.8571 | weighted_recall 0.4813 | union_precision 0.8571 | threshold 0.700 | val_model raw | lr 0.001000
Epoch 16/60 | train_loss 0.8587 | union_precision 0.8000 | weighted_recall 0.4813 | union_precision 0.8000 | threshold 0.700 | val_model raw | lr 0.001000
Epoch 17/60 | train_loss 0.8372 | union_precision 0.8571 | weighted_recall 0.4813 | union_precision 0.8571 | threshold 0.725 | val_model raw | lr 0.001000
Epoch 18/60 | train_loss 0.8046 | union_precision 0.8571 | weighted_recall 0.4813 | union_precision 0.8571 | threshold 0.725 | val_model raw | lr 0.001000
Epoch 19/60 | train_loss 0.7905 | union_precision 0.8000 | weighted_recall 0.4813 | union_precision 0.8000 | threshold 0.725 | val_model raw | lr 0.001000
Epoch 20/60 | train_loss 0.7736 | union_precision 0.8571 | weighted_recall 0.4813 | union_precision 0.8571 | threshold 0.725 | val_model raw | lr 0.001000
Epoch 21/60 | train_loss 0.7544 | union_precision 0.8571 | weighted_recall 0.4813 | union_precision 0.8571 | threshold 0.725 | val_model raw | lr 0.001000
Epoch 22/60 | train_loss 0.7478 | union_precision 0.8571 | weighted_recall 0.4813 | union_precision 0.8571 | threshold 0.725 | val_model raw | lr 0.001000
Early stopping at epoch 22
Held-out M67-4 | union_precision=0.8571 | weighted_recall=0.4813 | consensus_recall=0.0000
Epoch 1/60 | train_loss 1.5219 | union_precision 0.3214 | weighted_recall 0.4475 | union_precision 0.3214 | threshold 0.425 | val_model raw | lr 0.001000
Epoch 2/60 | train_loss 1.3895 | union_precision 0.3333 | weighted_recall 0.0402 | union_precision 0.3333 | threshold 0.575 | val_model raw | lr 0.001000
Epoch 3/60 | train_loss 1.2758 | union_precision 0.3793 | weighted_recall 0.2470 | union_precision 0.3793 | threshold 0.050 | val_model raw | lr 0.001000
Epoch 4/60 | train_loss 1.2228 | union_precision 0.4286 | weighted_recall 0.3392 | union_precision 0.4286 | threshold 0.050 | val_model raw | lr 0.001000
Epoch 5/60 | train_loss 1.1678 | union_precision 0.4000 | weighted_recall 0.0649 | union_precision 0.4000 | threshold 0.550 | val_model raw | lr 0.001000
Epoch 6/60 | train_loss 1.1391 | union_precision 0.3333 | weighted_recall 0.2086 | union_precision 0.3333 | threshold 0.450 | val_model raw | lr 0.001000
Epoch 7/60 | train_loss 1.0743 | union_precision 0.5000 | weighted_recall 0.0649 | union_precision 0.5000 | threshold 0.575 | val_model raw | lr 0.001000
Epoch 8/60 | train_loss 1.0661 | union_precision 0.5000 | weighted_recall 0.0649 | union_precision 0.5000 | threshold 0.575 | val_model raw | lr 0.001000
Epoch 9/60 | train_loss 1.0377 | union_precision 0.3333 | weighted_recall 0.0247 | union_precision 0.3333 | threshold 0.600 | val_model raw | lr 0.001000
Epoch 10/60 | train_loss 1.0142 | union_precision 0.5000 | weighted_recall 0.1252 | union_precision 0.5000 | threshold 0.600 | val_model raw | lr 0.001000
Epoch 11/60 | train_loss 0.9671 | union_precision 0.5000 | weighted_recall 0.1654 | union_precision 0.5000 | threshold 0.600 | val_model raw | lr 0.001000
Epoch 12/60 | train_loss 0.9370 | union_precision 0.6000 | weighted_recall 0.1654 | union_precision 0.6000 | threshold 0.625 | val_model raw | lr 0.001000
Epoch 13/60 | train_loss 0.9181 | union_precision 0.6000 | weighted_recall 0.1654 | union_precision 0.6000 | threshold 0.625 | val_model raw | lr 0.001000
Epoch 14/60 | train_loss 0.8865 | union_precision 0.7500 | weighted_recall 0.1654 | union_precision 0.7500 | threshold 0.625 | val_model raw | lr 0.001000
Epoch 15/60 | train_loss 0.8791 | union_precision 0.6667 | weighted_recall 0.0649 | union_precision 0.6667 | threshold 0.650 | val_model raw | lr 0.001000
Epoch 16/60 | train_loss 0.8557 | union_precision 0.6667 | weighted_recall 0.1984 | union_precision 0.6667 | threshold 0.625 | val_model raw | lr 0.001000
Epoch 17/60 | train_loss 0.8345 | union_precision 0.7500 | weighted_recall 0.0979 | union_precision 0.7500 | threshold 0.650 | val_model raw | lr 0.001000
Epoch 18/60 | train_loss 0.8041 | union_precision 0.6667 | weighted_recall 0.1984 | union_precision 0.6667 | threshold 0.625 | val_model raw | lr 0.001000
Epoch 19/60 | train_loss 0.7893 | union_precision 0.7500 | weighted_recall 0.0979 | union_precision 0.7500 | threshold 0.675 | val_model raw | lr 0.001000
Epoch 20/60 | train_loss 0.7683 | union_precision 0.7500 | weighted_recall 0.0979 | union_precision 0.7500 | threshold 0.675 | val_model raw | lr 0.001000
Epoch 21/60 | train_loss 0.7511 | union_precision 0.7500 | weighted_recall 0.0979 | union_precision 0.7500 | threshold 0.700 | val_model raw | lr 0.001000
Epoch 22/60 | train_loss 0.7449 | union_precision 0.7500 | weighted_recall 0.0979 | union_precision 0.7500 | threshold 0.725 | val_model raw | lr 0.001000
Epoch 23/60 | train_loss 0.7068 | union_precision 0.6667 | weighted_recall 0.0577 | union_precision 0.6667 | threshold 0.750 | val_model raw | lr 0.001000
Epoch 24/60 | train_loss 0.7091 | union_precision 0.6667 | weighted_recall 0.0577 | union_precision 0.6667 | threshold 0.750 | val_model raw | lr 0.001000
Early stopping at epoch 24
Held-out M68-1 | union_precision=0.7500 | weighted_recall=0.1654 | consensus_recall=0.0000
Epoch 1/60 | train_loss 1.5252 | union_precision 0.8000 | weighted_recall 0.2331 | union_precision 0.8000 | threshold 0.575 | val_model raw | lr 0.001000
Epoch 2/60 | train_loss 1.3923 | union_precision 1.0000 | weighted_recall 0.2331 | union_precision 1.0000 | threshold 0.600 | val_model raw | lr 0.001000
Epoch 3/60 | train_loss 1.2841 | union_precision 1.0000 | weighted_recall 0.2331 | union_precision 1.0000 | threshold 0.625 | val_model raw | lr 0.001000
Epoch 4/60 | train_loss 1.2269 | union_precision 1.0000 | weighted_recall 0.0825 | union_precision 1.0000 | threshold 0.650 | val_model raw | lr 0.001000
Epoch 5/60 | train_loss 1.1750 | union_precision 0.8000 | weighted_recall 0.2331 | union_precision 0.8000 | threshold 0.650 | val_model raw | lr 0.001000
Epoch 6/60 | train_loss 1.1436 | union_precision 1.0000 | weighted_recall 0.0825 | union_precision 1.0000 | threshold 0.700 | val_model raw | lr 0.001000
Epoch 7/60 | train_loss 1.0811 | union_precision 0.5000 | weighted_recall 0.1832 | union_precision 0.5000 | threshold 0.675 | val_model raw | lr 0.001000
Epoch 8/60 | train_loss 1.0651 | union_precision 0.4118 | weighted_recall 0.6306 | union_precision 0.4118 | threshold 0.600 | val_model raw | lr 0.001000
Epoch 9/60 | train_loss 1.0427 | union_precision 0.4118 | weighted_recall 0.6306 | union_precision 0.4118 | threshold 0.625 | val_model raw | lr 0.001000
Epoch 10/60 | train_loss 1.0150 | union_precision 0.4118 | weighted_recall 0.6306 | union_precision 0.4118 | threshold 0.625 | val_model raw | lr 0.001000
Epoch 11/60 | train_loss 0.9685 | union_precision 0.5000 | weighted_recall 0.4413 | union_precision 0.5000 | threshold 0.700 | val_model raw | lr 0.001000
Epoch 12/60 | train_loss 0.9411 | union_precision 0.5455 | weighted_recall 0.6063 | union_precision 0.5455 | threshold 0.700 | val_model raw | lr 0.001000
Early stopping at epoch 12
Held-out M68-2 | union_precision=1.0000 | weighted_recall=0.2331 | consensus_recall=0.0000
Epoch 1/60 | train_loss 1.5202 | union_precision 0.2941 | weighted_recall 0.3956 | union_precision 0.2941 | threshold 0.525 | val_model raw | lr 0.001000
Epoch 2/60 | train_loss 1.3899 | union_precision 0.2941 | weighted_recall 0.5893 | union_precision 0.2941 | threshold 0.500 | val_model raw | lr 0.001000
Epoch 3/60 | train_loss 1.2844 | union_precision 0.3077 | weighted_recall 0.6326 | union_precision 0.3077 | threshold 0.600 | val_model raw | lr 0.001000
Epoch 4/60 | train_loss 1.2291 | union_precision 0.3333 | weighted_recall 0.6471 | union_precision 0.3333 | threshold 0.625 | val_model raw | lr 0.001000
Epoch 5/60 | train_loss 1.1761 | union_precision 0.3125 | weighted_recall 0.6471 | union_precision 0.3125 | threshold 0.625 | val_model raw | lr 0.001000
Epoch 6/60 | train_loss 1.1458 | union_precision 0.3125 | weighted_recall 0.6471 | union_precision 0.3125 | threshold 0.650 | val_model raw | lr 0.001000
Epoch 7/60 | train_loss 1.0834 | union_precision 0.3125 | weighted_recall 0.6471 | union_precision 0.3125 | threshold 0.650 | val_model raw | lr 0.001000
Epoch 8/60 | train_loss 1.0647 | union_precision 0.4444 | weighted_recall 0.2836 | union_precision 0.4444 | threshold 0.700 | val_model raw | lr 0.001000
Epoch 9/60 | train_loss 1.0459 | union_precision 0.5000 | weighted_recall 0.2113 | union_precision 0.5000 | threshold 0.750 | val_model raw | lr 0.001000
Epoch 10/60 | train_loss 1.0198 | union_precision 0.5000 | weighted_recall 0.2113 | union_precision 0.5000 | threshold 0.775 | val_model raw | lr 0.001000
Epoch 11/60 | train_loss 0.9722 | union_precision 0.5000 | weighted_recall 0.2980 | union_precision 0.5000 | threshold 0.775 | val_model raw | lr 0.001000
Epoch 12/60 | train_loss 0.9416 | union_precision 0.5000 | weighted_recall 0.4280 | union_precision 0.5000 | threshold 0.800 | val_model raw | lr 0.001000
Epoch 13/60 | train_loss 0.9273 | union_precision 0.5455 | weighted_recall 0.4280 | union_precision 0.5455 | threshold 0.825 | val_model raw | lr 0.001000
Epoch 14/60 | train_loss 0.8927 | union_precision 0.6000 | weighted_recall 0.2836 | union_precision 0.6000 | threshold 0.850 | val_model raw | lr 0.001000
Epoch 15/60 | train_loss 0.8833 | union_precision 0.5000 | weighted_recall 0.7626 | union_precision 0.5000 | threshold 0.825 | val_model raw | lr 0.001000
Epoch 16/60 | train_loss 0.8570 | union_precision 0.5556 | weighted_recall 0.4135 | union_precision 0.5556 | threshold 0.850 | val_model raw | lr 0.001000
Epoch 17/60 | train_loss 0.8350 | union_precision 0.5455 | weighted_recall 0.7482 | union_precision 0.5455 | threshold 0.850 | val_model raw | lr 0.001000
Epoch 18/60 | train_loss 0.8063 | union_precision 0.6000 | weighted_recall 0.7482 | union_precision 0.6000 | threshold 0.875 | val_model raw | lr 0.001000
Epoch 19/60 | train_loss 0.7901 | union_precision 0.6000 | weighted_recall 0.2836 | union_precision 0.6000 | threshold 0.900 | val_model raw | lr 0.001000
Epoch 20/60 | train_loss 0.7729 | union_precision 0.6000 | weighted_recall 0.2836 | union_precision 0.6000 | threshold 0.900 | val_model raw | lr 0.001000
Epoch 21/60 | train_loss 0.7570 | union_precision 0.6000 | weighted_recall 0.2836 | union_precision 0.6000 | threshold 0.900 | val_model raw | lr 0.001000
Epoch 22/60 | train_loss 0.7456 | union_precision 0.6000 | weighted_recall 0.7482 | union_precision 0.6000 | threshold 0.875 | val_model raw | lr 0.001000
Epoch 23/60 | train_loss 0.7075 | union_precision 0.6000 | weighted_recall 0.2836 | union_precision 0.6000 | threshold 0.900 | val_model raw | lr 0.001000
Epoch 24/60 | train_loss 0.7082 | union_precision 0.6000 | weighted_recall 0.2836 | union_precision 0.6000 | threshold 0.900 | val_model raw | lr 0.001000
Epoch 25/60 | train_loss 0.6847 | union_precision 0.6667 | weighted_recall 0.6182 | union_precision 0.6667 | threshold 0.900 | val_model raw | lr 0.001000
Epoch 26/60 | train_loss 0.6752 | union_precision 0.5714 | weighted_recall 0.6182 | union_precision 0.5714 | threshold 0.900 | val_model raw | lr 0.001000
Epoch 27/60 | train_loss 0.6605 | union_precision 0.6000 | weighted_recall 0.7482 | union_precision 0.6000 | threshold 0.875 | val_model raw | lr 0.001000
Epoch 28/60 | train_loss 0.6358 | union_precision 0.6000 | weighted_recall 0.7482 | union_precision 0.6000 | threshold 0.875 | val_model raw | lr 0.001000
Epoch 29/60 | train_loss 0.6290 | union_precision 0.6000 | weighted_recall 0.7482 | union_precision 0.6000 | threshold 0.875 | val_model raw | lr 0.001000
Epoch 30/60 | train_loss 0.6028 | union_precision 0.6000 | weighted_recall 0.7482 | union_precision 0.6000 | threshold 0.850 | val_model raw | lr 0.001000
Epoch 31/60 | train_loss 0.5845 | union_precision 0.6000 | weighted_recall 0.7482 | union_precision 0.6000 | threshold 0.800 | val_model raw | lr 0.001000
Epoch 32/60 | train_loss 0.5770 | union_precision 0.6000 | weighted_recall 0.7482 | union_precision 0.6000 | threshold 0.775 | val_model raw | lr 0.001000
Epoch 33/60 | train_loss 0.5601 | union_precision 0.6000 | weighted_recall 0.7482 | union_precision 0.6000 | threshold 0.725 | val_model raw | lr 0.001000
Epoch 34/60 | train_loss 0.5631 | union_precision 0.6000 | weighted_recall 0.7482 | union_precision 0.6000 | threshold 0.700 | val_model raw | lr 0.001000
Epoch 35/60 | train_loss 0.5393 | union_precision 0.6000 | weighted_recall 0.7482 | union_precision 0.6000 | threshold 0.650 | val_model raw | lr 0.001000
Early stopping at epoch 35
Held-out M68-3 | union_precision=0.6667 | weighted_recall=0.6182 | consensus_recall=0.0000
Epoch 1/60 | train_loss 1.5402 | union_precision 0.4000 | weighted_recall 0.0109 | union_precision 0.4000 | threshold 0.650 | val_model raw | lr 0.001000
Epoch 2/60 | train_loss 1.3871 | union_precision 0.4286 | weighted_recall 0.0255 | union_precision 0.4286 | threshold 0.600 | val_model raw | lr 0.001000
Epoch 3/60 | train_loss 1.2911 | union_precision 0.5714 | weighted_recall 0.1309 | union_precision 0.5714 | threshold 0.575 | val_model raw | lr 0.001000
Epoch 4/60 | train_loss 1.2186 | union_precision 0.5714 | weighted_recall 0.1309 | union_precision 0.5714 | threshold 0.600 | val_model raw | lr 0.001000
Epoch 5/60 | train_loss 1.1787 | union_precision 0.6400 | weighted_recall 0.1963 | union_precision 0.6400 | threshold 0.575 | val_model raw | lr 0.001000
Epoch 6/60 | train_loss 1.1454 | union_precision 0.6842 | weighted_recall 0.4857 | union_precision 0.6842 | threshold 0.575 | val_model raw | lr 0.001000
Epoch 7/60 | train_loss 1.1009 | union_precision 0.6923 | weighted_recall 0.0651 | union_precision 0.6923 | threshold 0.650 | val_model raw | lr 0.001000
Epoch 8/60 | train_loss 1.0620 | union_precision 0.8000 | weighted_recall 0.1867 | union_precision 0.8000 | threshold 0.650 | val_model raw | lr 0.001000
Epoch 9/60 | train_loss 1.0335 | union_precision 0.8333 | weighted_recall 0.3444 | union_precision 0.8333 | threshold 0.650 | val_model raw | lr 0.001000
Epoch 10/60 | train_loss 1.0131 | union_precision 0.8214 | weighted_recall 0.4670 | union_precision 0.8214 | threshold 0.650 | val_model raw | lr 0.001000
Epoch 11/60 | train_loss 1.0073 | union_precision 0.8095 | weighted_recall 0.3595 | union_precision 0.8095 | threshold 0.675 | val_model raw | lr 0.001000
Epoch 12/60 | train_loss 0.9509 | union_precision 0.9375 | weighted_recall 0.2749 | union_precision 0.9375 | threshold 0.700 | val_model raw | lr 0.001000
Epoch 13/60 | train_loss 0.9457 | union_precision 0.9474 | weighted_recall 0.3661 | union_precision 0.9474 | threshold 0.700 | val_model raw | lr 0.001000
Epoch 14/60 | train_loss 0.9047 | union_precision 0.9048 | weighted_recall 0.2961 | union_precision 0.9048 | threshold 0.725 | val_model raw | lr 0.001000
Epoch 15/60 | train_loss 0.9007 | union_precision 0.9375 | weighted_recall 0.2066 | union_precision 0.9375 | threshold 0.750 | val_model raw | lr 0.001000
Epoch 16/60 | train_loss 0.8709 | union_precision 0.8636 | weighted_recall 0.2961 | union_precision 0.8636 | threshold 0.750 | val_model raw | lr 0.001000
Epoch 17/60 | train_loss 0.8522 | union_precision 0.9375 | weighted_recall 0.1970 | union_precision 0.9375 | threshold 0.775 | val_model raw | lr 0.001000
Epoch 18/60 | train_loss 0.8154 | union_precision 0.8889 | weighted_recall 0.2139 | union_precision 0.8889 | threshold 0.775 | val_model raw | lr 0.001000
Epoch 19/60 | train_loss 0.8128 | union_precision 0.8276 | weighted_recall 0.4663 | union_precision 0.8276 | threshold 0.725 | val_model raw | lr 0.001000
Epoch 20/60 | train_loss 0.7717 | union_precision 0.8214 | weighted_recall 0.4633 | union_precision 0.8214 | threshold 0.725 | val_model raw | lr 0.001000
Early stopping at epoch 20
Held-out M06-1__M06-2__M06-3 | union_precision=0.8214 | weighted_recall=0.4670 | consensus_recall=1.0000
Wrote nested CV results to /gpfs/work/int/yuxuanliu2204/Changheng/xmltoexp/MERIX SUBMISSION/Boundary_Restart/reports/nested_piece_cv/weighted_topdown_level5plus_split56_boundary_seed42
Best candidate: model-tcn__detector_target-level5plus_split56_boundary__selection_metric-weighted_recall__min_precision-0p8__loss_type-bce__rest_span_label_mode-none__rest_span_tolerance_negative_weight-1p0 | mean_primary_metric=0.1719 | mean_union_precision=0.8296
Running weighted-topdown nested direct seed=42 target=level6_boundary min_precision=0.70
Command: python3 Command: run_nested_piece_cv.py Command: --config Command: configs/salience_grouped3_hi8_score_only_xml_curated.yaml Command: --outer_heldout_piece Command: M06-1 Command: M06-2 Command: M06-3 Command: --inner_mode Command: leave_one Command: --model Command: tcn Command: --detector_target Command: level6_boundary Command: --selection_metric Command: weighted_recall Command: --precision_metric Command: union_precision Command: --min_precision Command: 0.70 Command: --loss_type Command: bce Command: --min_train_frequency_target Command: 0.05 Command: --cumulative_merge_tolerance Command: 2 Command: --cumulative_component_weights_json Command: \{\"level6\":1.0\,\"level5\":0.82\,\"level4\":0.64\,\"level3\":0.46\,\"level2\":0.28\,\"level1\":0.16\} Command: --device Command: cuda Command: --epochs Command: 60 Command: --early_stop_patience Command: 10 Command: --seed Command: 42 Command: --skip_stage_grading Command: --output_dir Command: reports/nested_piece_cv/weighted_topdown_level6_boundary_seed42 Command: --run_outer_fit Command: --reuse_existing 
Epoch 1/60 | train_loss 1.5669 | union_precision 0.1136 | weighted_recall 0.1389 | union_precision 0.1136 | threshold 0.050 | val_model raw | lr 0.001000
Epoch 2/60 | train_loss 1.4081 | union_precision 0.2051 | weighted_recall 0.2083 | union_precision 0.2051 | threshold 0.475 | val_model raw | lr 0.001000
Epoch 3/60 | train_loss 1.2904 | union_precision 0.2174 | weighted_recall 0.0972 | union_precision 0.2174 | threshold 0.525 | val_model raw | lr 0.001000
Epoch 4/60 | train_loss 1.2080 | union_precision 0.3750 | weighted_recall 0.1667 | union_precision 0.3750 | threshold 0.525 | val_model raw | lr 0.001000
Epoch 5/60 | train_loss 1.1795 | union_precision 0.6667 | weighted_recall 0.0833 | union_precision 0.6667 | threshold 0.550 | val_model raw | lr 0.001000
Epoch 6/60 | train_loss 1.1154 | union_precision 0.6667 | weighted_recall 0.0833 | union_precision 0.6667 | threshold 0.550 | val_model raw | lr 0.001000
Epoch 7/60 | train_loss 1.0741 | union_precision 0.8000 | weighted_recall 0.1250 | union_precision 0.8000 | threshold 0.550 | val_model raw | lr 0.001000
Epoch 8/60 | train_loss 1.0238 | union_precision 0.8333 | weighted_recall 0.1528 | union_precision 0.8333 | threshold 0.550 | val_model raw | lr 0.001000
Epoch 9/60 | train_loss 1.0140 | union_precision 0.7143 | weighted_recall 0.1528 | union_precision 0.7143 | threshold 0.550 | val_model raw | lr 0.001000
Epoch 10/60 | train_loss 0.9557 | union_precision 0.8000 | weighted_recall 0.1528 | union_precision 0.8000 | threshold 0.575 | val_model raw | lr 0.001000
Epoch 11/60 | train_loss 0.9292 | union_precision 0.7143 | weighted_recall 0.2917 | union_precision 0.7143 | threshold 0.575 | val_model raw | lr 0.001000
Epoch 12/60 | train_loss 0.8797 | union_precision 0.8333 | weighted_recall 0.2917 | union_precision 0.8333 | threshold 0.600 | val_model raw | lr 0.001000
Epoch 13/60 | train_loss 0.8502 | union_precision 0.8000 | weighted_recall 0.2639 | union_precision 0.8000 | threshold 0.625 | val_model raw | lr 0.001000
Epoch 14/60 | train_loss 0.8312 | union_precision 0.8000 | weighted_recall 0.2639 | union_precision 0.8000 | threshold 0.625 | val_model raw | lr 0.001000
Epoch 15/60 | train_loss 0.7861 | union_precision 0.8000 | weighted_recall 0.2639 | union_precision 0.8000 | threshold 0.650 | val_model raw | lr 0.001000
Epoch 16/60 | train_loss 0.7711 | union_precision 0.8000 | weighted_recall 0.2639 | union_precision 0.8000 | threshold 0.650 | val_model raw | lr 0.001000
Epoch 17/60 | train_loss 0.7386 | union_precision 0.8000 | weighted_recall 0.2639 | union_precision 0.8000 | threshold 0.675 | val_model raw | lr 0.001000
Epoch 18/60 | train_loss 0.6974 | union_precision 0.8000 | weighted_recall 0.2639 | union_precision 0.8000 | threshold 0.675 | val_model raw | lr 0.001000
Epoch 19/60 | train_loss 0.6730 | union_precision 0.7143 | weighted_recall 0.2917 | union_precision 0.7143 | threshold 0.675 | val_model raw | lr 0.001000
Epoch 20/60 | train_loss 0.6471 | union_precision 0.7143 | weighted_recall 0.2917 | union_precision 0.7143 | threshold 0.675 | val_model raw | lr 0.001000
Epoch 21/60 | train_loss 0.6265 | union_precision 0.7143 | weighted_recall 0.2917 | union_precision 0.7143 | threshold 0.700 | val_model raw | lr 0.001000
Epoch 22/60 | train_loss 0.5979 | union_precision 0.6667 | weighted_recall 0.0417 | union_precision 0.6667 | threshold 0.775 | val_model raw | lr 0.001000
Early stopping at epoch 22
Held-out M07-1 | union_precision=0.8333 | weighted_recall=0.2917 | consensus_recall=0.0000
Epoch 1/60 | train_loss 1.5767 | union_precision 0.5000 | weighted_recall 0.1132 | union_precision 0.5000 | threshold 0.600 | val_model raw | lr 0.001000
Epoch 2/60 | train_loss 1.4169 | union_precision 0.5000 | weighted_recall 0.1132 | union_precision 0.5000 | threshold 0.600 | val_model raw | lr 0.001000
Epoch 3/60 | train_loss 1.3013 | union_precision 0.5000 | weighted_recall 0.1132 | union_precision 0.5000 | threshold 0.625 | val_model raw | lr 0.001000
Epoch 4/60 | train_loss 1.2129 | union_precision 0.6000 | weighted_recall 0.1509 | union_precision 0.6000 | threshold 0.625 | val_model raw | lr 0.001000
Epoch 5/60 | train_loss 1.1832 | union_precision 0.6000 | weighted_recall 0.1698 | union_precision 0.6000 | threshold 0.675 | val_model raw | lr 0.001000
Epoch 6/60 | train_loss 1.1206 | union_precision 0.6000 | weighted_recall 0.1698 | union_precision 0.6000 | threshold 0.700 | val_model raw | lr 0.001000
Epoch 7/60 | train_loss 1.0740 | union_precision 0.6000 | weighted_recall 0.1698 | union_precision 0.6000 | threshold 0.725 | val_model raw | lr 0.001000
Epoch 8/60 | train_loss 1.0258 | union_precision 0.5000 | weighted_recall 0.1321 | union_precision 0.5000 | threshold 0.750 | val_model raw | lr 0.001000
Epoch 9/60 | train_loss 1.0169 | union_precision 0.5000 | weighted_recall 0.1321 | union_precision 0.5000 | threshold 0.750 | val_model raw | lr 0.001000
Epoch 10/60 | train_loss 0.9527 | union_precision 0.5000 | weighted_recall 0.1321 | union_precision 0.5000 | threshold 0.775 | val_model raw | lr 0.001000
Epoch 11/60 | train_loss 0.9347 | union_precision 0.5000 | weighted_recall 0.1321 | union_precision 0.5000 | threshold 0.775 | val_model raw | lr 0.001000
Epoch 12/60 | train_loss 0.8829 | union_precision 1.0000 | weighted_recall 0.0566 | union_precision 1.0000 | threshold 0.800 | val_model raw | lr 0.001000
Epoch 13/60 | train_loss 0.8565 | union_precision 1.0000 | weighted_recall 0.0566 | union_precision 1.0000 | threshold 0.800 | val_model raw | lr 0.001000
Epoch 14/60 | train_loss 0.8364 | union_precision 0.4000 | weighted_recall 0.1698 | union_precision 0.4000 | threshold 0.775 | val_model raw | lr 0.001000
Epoch 15/60 | train_loss 0.7886 | union_precision 0.4286 | weighted_recall 0.1509 | union_precision 0.4286 | threshold 0.800 | val_model raw | lr 0.001000
Epoch 16/60 | train_loss 0.7741 | union_precision 0.6667 | weighted_recall 0.0755 | union_precision 0.6667 | threshold 0.825 | val_model raw | lr 0.001000
Epoch 17/60 | train_loss 0.7369 | union_precision 0.6000 | weighted_recall 0.3774 | union_precision 0.6000 | threshold 0.825 | val_model raw | lr 0.001000
Epoch 18/60 | train_loss 0.6995 | union_precision 1.0000 | weighted_recall 0.0189 | union_precision 1.0000 | threshold 0.850 | val_model raw | lr 0.001000
Epoch 19/60 | train_loss 0.6744 | union_precision 0.7500 | weighted_recall 0.3774 | union_precision 0.7500 | threshold 0.850 | val_model raw | lr 0.001000
Epoch 20/60 | train_loss 0.6504 | union_precision 1.0000 | weighted_recall 0.3019 | union_precision 1.0000 | threshold 0.875 | val_model raw | lr 0.001000
Epoch 21/60 | train_loss 0.6320 | union_precision 1.0000 | weighted_recall 0.4528 | union_precision 1.0000 | threshold 0.875 | val_model raw | lr 0.001000
Epoch 22/60 | train_loss 0.6036 | union_precision 1.0000 | weighted_recall 0.3019 | union_precision 1.0000 | threshold 0.900 | val_model raw | lr 0.001000
Epoch 23/60 | train_loss 0.5942 | union_precision 1.0000 | weighted_recall 0.3019 | union_precision 1.0000 | threshold 0.900 | val_model raw | lr 0.001000
Epoch 24/60 | train_loss 0.5444 | union_precision 1.0000 | weighted_recall 0.3774 | union_precision 1.0000 | threshold 0.900 | val_model raw | lr 0.001000
Epoch 25/60 | train_loss 0.5318 | union_precision 1.0000 | weighted_recall 0.4528 | union_precision 1.0000 | threshold 0.875 | val_model raw | lr 0.001000
Epoch 26/60 | train_loss 0.5074 | union_precision 0.8000 | weighted_recall 0.4528 | union_precision 0.8000 | threshold 0.825 | val_model raw | lr 0.001000
Epoch 27/60 | train_loss 0.5014 | union_precision 0.8000 | weighted_recall 0.4528 | union_precision 0.8000 | threshold 0.800 | val_model raw | lr 0.001000
Epoch 28/60 | train_loss 0.4893 | union_precision 0.8000 | weighted_recall 0.4528 | union_precision 0.8000 | threshold 0.800 | val_model raw | lr 0.001000
Epoch 29/60 | train_loss 0.4624 | union_precision 1.0000 | weighted_recall 0.3962 | union_precision 1.0000 | threshold 0.850 | val_model raw | lr 0.001000
Epoch 30/60 | train_loss 0.4366 | union_precision 1.0000 | weighted_recall 0.3962 | union_precision 1.0000 | threshold 0.875 | val_model raw | lr 0.001000
Epoch 31/60 | train_loss 0.4330 | union_precision 1.0000 | weighted_recall 0.3962 | union_precision 1.0000 | threshold 0.875 | val_model raw | lr 0.001000
Early stopping at epoch 31
Held-out M07-2 | union_precision=1.0000 | weighted_recall=0.4528 | consensus_recall=0.0000
Epoch 1/60 | train_loss 1.5653 | union_precision 0.5000 | weighted_recall 0.0847 | union_precision 0.5000 | threshold 0.575 | val_model raw | lr 0.001000
Epoch 2/60 | train_loss 1.4076 | union_precision 0.3333 | weighted_recall 0.0508 | union_precision 0.3333 | threshold 0.600 | val_model raw | lr 0.001000
Epoch 3/60 | train_loss 1.2885 | union_precision 0.3333 | weighted_recall 0.1017 | union_precision 0.3333 | threshold 0.600 | val_model raw | lr 0.001000
Epoch 4/60 | train_loss 1.1872 | union_precision 0.4000 | weighted_recall 0.0847 | union_precision 0.4000 | threshold 0.650 | val_model raw | lr 0.001000
Epoch 5/60 | train_loss 1.1641 | union_precision 0.5000 | weighted_recall 0.0508 | union_precision 0.5000 | threshold 0.700 | val_model raw | lr 0.001000
Epoch 6/60 | train_loss 1.1064 | union_precision 0.5000 | weighted_recall 0.0508 | union_precision 0.5000 | threshold 0.725 | val_model raw | lr 0.001000
Epoch 7/60 | train_loss 1.0625 | union_precision 0.3333 | weighted_recall 0.0508 | union_precision 0.3333 | threshold 0.725 | val_model raw | lr 0.001000
Epoch 8/60 | train_loss 1.0135 | union_precision 0.3333 | weighted_recall 0.0508 | union_precision 0.3333 | threshold 0.750 | val_model raw | lr 0.001000
Epoch 9/60 | train_loss 1.0054 | union_precision 0.3333 | weighted_recall 0.0508 | union_precision 0.3333 | threshold 0.750 | val_model raw | lr 0.001000
Epoch 10/60 | train_loss 0.9401 | union_precision 0.5000 | weighted_recall 0.0678 | union_precision 0.5000 | threshold 0.750 | val_model raw | lr 0.001000
Epoch 11/60 | train_loss 0.9156 | union_precision 0.4000 | weighted_recall 0.1186 | union_precision 0.4000 | threshold 0.700 | val_model raw | lr 0.001000
Early stopping at epoch 11
Held-out M07-3 | union_precision=0.5000 | weighted_recall=0.0847 | consensus_recall=0.0000
Epoch 1/60 | train_loss 1.5788 | union_precision 1.0000 | weighted_recall 0.2576 | union_precision 1.0000 | threshold 0.575 | val_model raw | lr 0.001000
Epoch 2/60 | train_loss 1.4101 | union_precision 1.0000 | weighted_recall 0.2576 | union_precision 1.0000 | threshold 0.575 | val_model raw | lr 0.001000
Epoch 3/60 | train_loss 1.2942 | union_precision 1.0000 | weighted_recall 0.2576 | union_precision 1.0000 | threshold 0.575 | val_model raw | lr 0.001000
Epoch 4/60 | train_loss 1.1924 | union_precision 1.0000 | weighted_recall 0.2576 | union_precision 1.0000 | threshold 0.600 | val_model raw | lr 0.001000
Epoch 5/60 | train_loss 1.1717 | union_precision 1.0000 | weighted_recall 0.2576 | union_precision 1.0000 | threshold 0.600 | val_model raw | lr 0.001000
Epoch 6/60 | train_loss 1.1341 | union_precision 1.0000 | weighted_recall 0.2576 | union_precision 1.0000 | threshold 0.625 | val_model raw | lr 0.001000
Epoch 7/60 | train_loss 1.0682 | union_precision 1.0000 | weighted_recall 0.2576 | union_precision 1.0000 | threshold 0.650 | val_model raw | lr 0.001000
Epoch 8/60 | train_loss 1.0272 | union_precision 1.0000 | weighted_recall 0.2576 | union_precision 1.0000 | threshold 0.650 | val_model raw | lr 0.001000
Epoch 9/60 | train_loss 1.0152 | union_precision 0.7500 | weighted_recall 0.3636 | union_precision 0.7500 | threshold 0.625 | val_model raw | lr 0.001000
Epoch 10/60 | train_loss 0.9460 | union_precision 1.0000 | weighted_recall 0.2576 | union_precision 1.0000 | threshold 0.650 | val_model raw | lr 0.001000
Epoch 11/60 | train_loss 0.9304 | union_precision 1.0000 | weighted_recall 0.3485 | union_precision 1.0000 | threshold 0.650 | val_model raw | lr 0.001000
Epoch 12/60 | train_loss 0.8779 | union_precision 0.6000 | weighted_recall 0.3636 | union_precision 0.6000 | threshold 0.650 | val_model raw | lr 0.001000
Epoch 13/60 | train_loss 0.8598 | union_precision 1.0000 | weighted_recall 0.3485 | union_precision 1.0000 | threshold 0.675 | val_model raw | lr 0.001000
Epoch 14/60 | train_loss 0.8231 | union_precision 0.6667 | weighted_recall 0.3485 | union_precision 0.6667 | threshold 0.675 | val_model raw | lr 0.001000
Epoch 15/60 | train_loss 0.7812 | union_precision 0.5000 | weighted_recall 0.3636 | union_precision 0.5000 | threshold 0.675 | val_model raw | lr 0.001000
Epoch 16/60 | train_loss 0.7620 | union_precision 0.4444 | weighted_recall 0.3788 | union_precision 0.4444 | threshold 0.650 | val_model raw | lr 0.001000
Epoch 17/60 | train_loss 0.7357 | union_precision 0.4444 | weighted_recall 0.3788 | union_precision 0.4444 | threshold 0.650 | val_model raw | lr 0.001000
Epoch 18/60 | train_loss 0.6998 | union_precision 0.4375 | weighted_recall 0.5455 | union_precision 0.4375 | threshold 0.575 | val_model raw | lr 0.001000
Epoch 19/60 | train_loss 0.6743 | union_precision 0.4667 | weighted_recall 0.5455 | union_precision 0.4667 | threshold 0.575 | val_model raw | lr 0.001000
Early stopping at epoch 19
Held-out M17-1 | union_precision=0.7500 | weighted_recall=0.3636 | consensus_recall=0.0000
Epoch 1/60 | train_loss 1.5732 | union_precision 0.5000 | weighted_recall 0.2381 | union_precision 0.5000 | threshold 0.575 | val_model raw | lr 0.001000
Epoch 2/60 | train_loss 1.4031 | union_precision 0.5000 | weighted_recall 0.2381 | union_precision 0.5000 | threshold 0.575 | val_model raw | lr 0.001000
Epoch 3/60 | train_loss 1.2900 | union_precision 0.5000 | weighted_recall 0.2381 | union_precision 0.5000 | threshold 0.575 | val_model raw | lr 0.001000
Epoch 4/60 | train_loss 1.1865 | union_precision 0.5000 | weighted_recall 0.2381 | union_precision 0.5000 | threshold 0.600 | val_model raw | lr 0.001000
Epoch 5/60 | train_loss 1.1670 | union_precision 0.5000 | weighted_recall 0.2381 | union_precision 0.5000 | threshold 0.600 | val_model raw | lr 0.001000
Epoch 6/60 | train_loss 1.1271 | union_precision 0.5000 | weighted_recall 0.2381 | union_precision 0.5000 | threshold 0.625 | val_model raw | lr 0.001000
Epoch 7/60 | train_loss 1.0654 | union_precision 0.5000 | weighted_recall 0.2381 | union_precision 0.5000 | threshold 0.650 | val_model raw | lr 0.001000
Epoch 8/60 | train_loss 1.0218 | union_precision 0.3333 | weighted_recall 0.3333 | union_precision 0.3333 | threshold 0.625 | val_model raw | lr 0.001000
Epoch 9/60 | train_loss 1.0083 | union_precision 0.3333 | weighted_recall 0.3333 | union_precision 0.3333 | threshold 0.625 | val_model raw | lr 0.001000
Epoch 10/60 | train_loss 0.9462 | union_precision 0.3333 | weighted_recall 0.3333 | union_precision 0.3333 | threshold 0.625 | val_model raw | lr 0.001000
Epoch 11/60 | train_loss 0.9258 | union_precision 0.3333 | weighted_recall 0.3333 | union_precision 0.3333 | threshold 0.625 | val_model raw | lr 0.001000
Early stopping at epoch 11
Held-out M17-2 | union_precision=0.5000 | weighted_recall=0.2381 | consensus_recall=0.0000
Epoch 1/60 | train_loss 1.5828 | union_precision 1.0000 | weighted_recall 0.0500 | union_precision 1.0000 | threshold 0.625 | val_model raw | lr 0.001000
Epoch 2/60 | train_loss 1.3993 | union_precision 0.3333 | weighted_recall 0.0500 | union_precision 0.3333 | threshold 0.600 | val_model raw | lr 0.001000
Epoch 3/60 | train_loss 1.2758 | union_precision 0.2500 | weighted_recall 0.0500 | union_precision 0.2500 | threshold 0.600 | val_model raw | lr 0.001000
Epoch 4/60 | train_loss 1.1767 | union_precision 0.2500 | weighted_recall 0.0500 | union_precision 0.2500 | threshold 0.625 | val_model raw | lr 0.001000
Epoch 5/60 | train_loss 1.1628 | union_precision 0.2500 | weighted_recall 0.0500 | union_precision 0.2500 | threshold 0.625 | val_model raw | lr 0.001000
Epoch 6/60 | train_loss 1.1219 | union_precision 0.2500 | weighted_recall 0.0500 | union_precision 0.2500 | threshold 0.625 | val_model raw | lr 0.001000
Epoch 7/60 | train_loss 1.0571 | union_precision 0.3333 | weighted_recall 0.2875 | union_precision 0.3333 | threshold 0.600 | val_model raw | lr 0.001000
Epoch 8/60 | train_loss 1.0146 | union_precision 0.2941 | weighted_recall 0.2875 | union_precision 0.2941 | threshold 0.600 | val_model raw | lr 0.001000
Epoch 9/60 | train_loss 1.0075 | union_precision 0.3333 | weighted_recall 0.0625 | union_precision 0.3333 | threshold 0.650 | val_model raw | lr 0.001000
Epoch 10/60 | train_loss 0.9437 | union_precision 0.5000 | weighted_recall 0.0500 | union_precision 0.5000 | threshold 0.700 | val_model raw | lr 0.001000
Epoch 11/60 | train_loss 0.9228 | union_precision 0.6667 | weighted_recall 0.0625 | union_precision 0.6667 | threshold 0.700 | val_model raw | lr 0.001000
Early stopping at epoch 11
Held-out M17-3 | union_precision=1.0000 | weighted_recall=0.0500 | consensus_recall=0.0000
Epoch 1/60 | train_loss 1.5803 | union_precision 0.3846 | weighted_recall 0.0692 | union_precision 0.3846 | threshold 0.525 | val_model raw | lr 0.001000
Epoch 2/60 | train_loss 1.3901 | union_precision 0.3846 | weighted_recall 0.0692 | union_precision 0.3846 | threshold 0.525 | val_model raw | lr 0.001000
Epoch 3/60 | train_loss 1.2796 | union_precision 0.4286 | weighted_recall 0.0462 | union_precision 0.4286 | threshold 0.575 | val_model raw | lr 0.001000
Epoch 4/60 | train_loss 1.1789 | union_precision 0.5000 | weighted_recall 0.0462 | union_precision 0.5000 | threshold 0.600 | val_model raw | lr 0.001000
Epoch 5/60 | train_loss 1.1597 | union_precision 1.0000 | weighted_recall 0.0154 | union_precision 1.0000 | threshold 0.650 | val_model raw | lr 0.001000
Epoch 6/60 | train_loss 1.1271 | union_precision 0.4545 | weighted_recall 0.0692 | union_precision 0.4545 | threshold 0.625 | val_model raw | lr 0.001000
Epoch 7/60 | train_loss 1.0574 | union_precision 0.5000 | weighted_recall 0.0538 | union_precision 0.5000 | threshold 0.650 | val_model raw | lr 0.001000
Epoch 8/60 | train_loss 1.0204 | union_precision 0.5000 | weighted_recall 0.0615 | union_precision 0.5000 | threshold 0.650 | val_model raw | lr 0.001000
Epoch 9/60 | train_loss 1.0091 | union_precision 0.5000 | weighted_recall 0.0615 | union_precision 0.5000 | threshold 0.675 | val_model raw | lr 0.001000
Epoch 10/60 | train_loss 0.9392 | union_precision 0.5000 | weighted_recall 0.0615 | union_precision 0.5000 | threshold 0.675 | val_model raw | lr 0.001000
Epoch 11/60 | train_loss 0.9243 | union_precision 0.4545 | weighted_recall 0.0615 | union_precision 0.4545 | threshold 0.675 | val_model raw | lr 0.001000
Epoch 12/60 | train_loss 0.8674 | union_precision 0.3750 | weighted_recall 0.0462 | union_precision 0.3750 | threshold 0.700 | val_model raw | lr 0.001000
Epoch 13/60 | train_loss 0.8570 | union_precision 0.3333 | weighted_recall 0.0615 | union_precision 0.3333 | threshold 0.625 | val_model raw | lr 0.001000
Epoch 14/60 | train_loss 0.8132 | union_precision 0.3333 | weighted_recall 0.0615 | union_precision 0.3333 | threshold 0.650 | val_model raw | lr 0.001000
Epoch 15/60 | train_loss 0.7723 | union_precision 0.3846 | weighted_recall 0.0615 | union_precision 0.3846 | threshold 0.675 | val_model raw | lr 0.001000
Early stopping at epoch 15
Held-out M17-4 | union_precision=1.0000 | weighted_recall=0.0154 | consensus_recall=0.0000
Epoch 1/60 | train_loss 1.5795 | union_precision 0.1613 | weighted_recall 0.3913 | union_precision 0.1613 | threshold 0.050 | val_model raw | lr 0.001000
Epoch 2/60 | train_loss 1.3994 | union_precision 0.1905 | weighted_recall 0.5217 | union_precision 0.1905 | threshold 0.525 | val_model raw | lr 0.001000
Epoch 3/60 | train_loss 1.2917 | union_precision 0.2500 | weighted_recall 0.0217 | union_precision 0.2500 | threshold 0.575 | val_model raw | lr 0.001000
Epoch 4/60 | train_loss 1.1873 | union_precision 0.2000 | weighted_recall 0.0217 | union_precision 0.2000 | threshold 0.600 | val_model raw | lr 0.001000
Epoch 5/60 | train_loss 1.1658 | union_precision 0.2000 | weighted_recall 0.0217 | union_precision 0.2000 | threshold 0.625 | val_model raw | lr 0.001000
Epoch 6/60 | train_loss 1.1327 | union_precision 0.2222 | weighted_recall 0.0435 | union_precision 0.2222 | threshold 0.625 | val_model raw | lr 0.001000
Epoch 7/60 | train_loss 1.0641 | union_precision 0.5000 | weighted_recall 0.0217 | union_precision 0.5000 | threshold 0.700 | val_model raw | lr 0.001000
Epoch 8/60 | train_loss 1.0251 | union_precision 0.3333 | weighted_recall 0.0217 | union_precision 0.3333 | threshold 0.725 | val_model raw | lr 0.001000
Epoch 9/60 | train_loss 1.0150 | union_precision 0.3333 | weighted_recall 0.0217 | union_precision 0.3333 | threshold 0.750 | val_model raw | lr 0.001000
Epoch 10/60 | train_loss 0.9468 | union_precision 0.3333 | weighted_recall 0.1957 | union_precision 0.3333 | threshold 0.650 | val_model raw | lr 0.001000
Epoch 11/60 | train_loss 0.9286 | union_precision 1.0000 | weighted_recall 0.0217 | union_precision 1.0000 | threshold 0.800 | val_model raw | lr 0.001000
Epoch 12/60 | train_loss 0.8700 | union_precision 0.3750 | weighted_recall 0.1957 | union_precision 0.3750 | threshold 0.675 | val_model raw | lr 0.001000
Epoch 13/60 | train_loss 0.8619 | union_precision 0.3333 | weighted_recall 0.0217 | union_precision 0.3333 | threshold 0.825 | val_model raw | lr 0.001000
Epoch 14/60 | train_loss 0.8161 | union_precision 1.0000 | weighted_recall 0.0217 | union_precision 1.0000 | threshold 0.850 | val_model raw | lr 0.001000
Epoch 15/60 | train_loss 0.7807 | union_precision 0.2500 | weighted_recall 0.0217 | union_precision 0.2500 | threshold 0.725 | val_model raw | lr 0.001000
Epoch 16/60 | train_loss 0.7521 | union_precision 0.5000 | weighted_recall 0.0217 | union_precision 0.5000 | threshold 0.875 | val_model raw | lr 0.001000
Epoch 17/60 | train_loss 0.7282 | union_precision 0.2500 | weighted_recall 0.0217 | union_precision 0.2500 | threshold 0.775 | val_model raw | lr 0.001000
Epoch 18/60 | train_loss 0.6913 | union_precision 0.3333 | weighted_recall 0.0217 | union_precision 0.3333 | threshold 0.900 | val_model raw | lr 0.001000
Epoch 19/60 | train_loss 0.6688 | union_precision 0.2500 | weighted_recall 0.0217 | union_precision 0.2500 | threshold 0.800 | val_model raw | lr 0.001000
Epoch 20/60 | train_loss 0.6395 | union_precision 0.5000 | weighted_recall 0.0217 | union_precision 0.5000 | threshold 0.925 | val_model raw | lr 0.001000
Epoch 21/60 | train_loss 0.6268 | union_precision 0.2500 | weighted_recall 0.0217 | union_precision 0.2500 | threshold 0.825 | val_model raw | lr 0.001000
Early stopping at epoch 21
Held-out M24-1 | union_precision=1.0000 | weighted_recall=0.0217 | consensus_recall=0.0000
Epoch 1/60 | train_loss 1.5789 | union_precision 0.0541 | weighted_recall 0.3364 | union_precision 0.0541 | threshold 0.500 | val_model raw | lr 0.001000
Epoch 2/60 | train_loss 1.3967 | union_precision 0.0500 | weighted_recall 0.3364 | union_precision 0.0500 | threshold 0.450 | val_model raw | lr 0.001000
Epoch 3/60 | train_loss 1.2926 | union_precision 0.0690 | weighted_recall 0.0273 | union_precision 0.0690 | threshold 0.500 | val_model raw | lr 0.001000
Epoch 4/60 | train_loss 1.1875 | union_precision 0.0690 | weighted_recall 0.0273 | union_precision 0.0690 | threshold 0.500 | val_model raw | lr 0.001000
Epoch 5/60 | train_loss 1.1677 | union_precision 0.0714 | weighted_recall 0.0273 | union_precision 0.0714 | threshold 0.500 | val_model raw | lr 0.001000
Epoch 6/60 | train_loss 1.1375 | union_precision 0.0714 | weighted_recall 0.1000 | union_precision 0.0714 | threshold 0.450 | val_model raw | lr 0.001000
Epoch 7/60 | train_loss 1.0671 | union_precision 0.0732 | weighted_recall 0.1000 | union_precision 0.0732 | threshold 0.450 | val_model raw | lr 0.001000
Epoch 8/60 | train_loss 1.0331 | union_precision 0.0769 | weighted_recall 0.0273 | union_precision 0.0769 | threshold 0.525 | val_model raw | lr 0.001000
Epoch 9/60 | train_loss 1.0202 | union_precision 0.0833 | weighted_recall 0.0182 | union_precision 0.0833 | threshold 0.575 | val_model raw | lr 0.001000
Epoch 10/60 | train_loss 0.9487 | union_precision 0.1000 | weighted_recall 0.0273 | union_precision 0.1000 | threshold 0.550 | val_model raw | lr 0.001000
Epoch 11/60 | train_loss 0.9284 | union_precision 0.0952 | weighted_recall 0.0273 | union_precision 0.0952 | threshold 0.550 | val_model raw | lr 0.001000
Epoch 12/60 | train_loss 0.8748 | union_precision 0.1250 | weighted_recall 0.0273 | union_precision 0.1250 | threshold 0.575 | val_model raw | lr 0.001000
Epoch 13/60 | train_loss 0.8693 | union_precision 0.1053 | weighted_recall 0.0273 | union_precision 0.1053 | threshold 0.575 | val_model raw | lr 0.001000
Epoch 14/60 | train_loss 0.8178 | union_precision 0.1000 | weighted_recall 0.0273 | union_precision 0.1000 | threshold 0.575 | val_model raw | lr 0.001000
Epoch 15/60 | train_loss 0.7876 | union_precision 0.0952 | weighted_recall 0.0273 | union_precision 0.0952 | threshold 0.575 | val_model raw | lr 0.001000
Epoch 16/60 | train_loss 0.7545 | union_precision 0.2000 | weighted_recall 0.1273 | union_precision 0.2000 | threshold 0.650 | val_model raw | lr 0.001000
Epoch 17/60 | train_loss 0.7357 | union_precision 0.1429 | weighted_recall 0.1273 | union_precision 0.1429 | threshold 0.650 | val_model raw | lr 0.001000
Epoch 18/60 | train_loss 0.6921 | union_precision 0.1364 | weighted_recall 0.1545 | union_precision 0.1364 | threshold 0.575 | val_model raw | lr 0.001000
Epoch 19/60 | train_loss 0.6686 | union_precision 0.1364 | weighted_recall 0.1545 | union_precision 0.1364 | threshold 0.550 | val_model raw | lr 0.001000
Epoch 20/60 | train_loss 0.6493 | union_precision 0.1538 | weighted_recall 0.1364 | union_precision 0.1538 | threshold 0.600 | val_model raw | lr 0.001000
Epoch 21/60 | train_loss 0.6311 | union_precision 0.1081 | weighted_recall 0.3727 | union_precision 0.1081 | threshold 0.350 | val_model raw | lr 0.001000
Epoch 22/60 | train_loss 0.5950 | union_precision 0.1053 | weighted_recall 0.3727 | union_precision 0.1053 | threshold 0.300 | val_model raw | lr 0.001000
Epoch 23/60 | train_loss 0.5758 | union_precision 0.1026 | weighted_recall 0.3727 | union_precision 0.1026 | threshold 0.250 | val_model raw | lr 0.001000
Epoch 24/60 | train_loss 0.5555 | union_precision 0.1081 | weighted_recall 0.3727 | union_precision 0.1081 | threshold 0.250 | val_model raw | lr 0.001000
Epoch 25/60 | train_loss 0.5386 | union_precision 0.1500 | weighted_recall 0.1545 | union_precision 0.1500 | threshold 0.425 | val_model raw | lr 0.001000
Epoch 26/60 | train_loss 0.5113 | union_precision 0.1667 | weighted_recall 0.1273 | union_precision 0.1667 | threshold 0.600 | val_model raw | lr 0.001000
Early stopping at epoch 26
Held-out M24-2 | union_precision=0.2000 | weighted_recall=0.1273 | consensus_recall=0.0000
Epoch 1/60 | train_loss 1.5752 | union_precision 0.6667 | weighted_recall 0.1500 | union_precision 0.6667 | threshold 0.600 | val_model raw | lr 0.001000
Epoch 2/60 | train_loss 1.3950 | union_precision 1.0000 | weighted_recall 0.1000 | union_precision 1.0000 | threshold 0.650 | val_model raw | lr 0.001000
Epoch 3/60 | train_loss 1.2924 | union_precision 1.0000 | weighted_recall 0.1000 | union_precision 1.0000 | threshold 0.675 | val_model raw | lr 0.001000
Epoch 4/60 | train_loss 1.1961 | union_precision 1.0000 | weighted_recall 0.1000 | union_precision 1.0000 | threshold 0.700 | val_model raw | lr 0.001000
Epoch 5/60 | train_loss 1.1657 | union_precision 1.0000 | weighted_recall 0.1000 | union_precision 1.0000 | threshold 0.700 | val_model raw | lr 0.001000
Epoch 6/60 | train_loss 1.1290 | union_precision 0.8000 | weighted_recall 0.1750 | union_precision 0.8000 | threshold 0.625 | val_model raw | lr 0.001000
Epoch 7/60 | train_loss 1.0671 | union_precision 0.8000 | weighted_recall 0.1750 | union_precision 0.8000 | threshold 0.650 | val_model raw | lr 0.001000
Epoch 8/60 | train_loss 1.0283 | union_precision 1.0000 | weighted_recall 0.1750 | union_precision 1.0000 | threshold 0.725 | val_model raw | lr 0.001000
Epoch 9/60 | train_loss 1.0233 | union_precision 1.0000 | weighted_recall 0.1750 | union_precision 1.0000 | threshold 0.725 | val_model raw | lr 0.001000
Epoch 10/60 | train_loss 0.9509 | union_precision 1.0000 | weighted_recall 0.1750 | union_precision 1.0000 | threshold 0.700 | val_model raw | lr 0.001000
Epoch 11/60 | train_loss 0.9296 | union_precision 1.0000 | weighted_recall 0.1750 | union_precision 1.0000 | threshold 0.675 | val_model raw | lr 0.001000
Epoch 12/60 | train_loss 0.8701 | union_precision 0.7143 | weighted_recall 0.2250 | union_precision 0.7143 | threshold 0.625 | val_model raw | lr 0.001000
Epoch 13/60 | train_loss 0.8675 | union_precision 0.7143 | weighted_recall 0.2250 | union_precision 0.7143 | threshold 0.625 | val_model raw | lr 0.001000
Epoch 14/60 | train_loss 0.8139 | union_precision 1.0000 | weighted_recall 0.1750 | union_precision 1.0000 | threshold 0.675 | val_model raw | lr 0.001000
Epoch 15/60 | train_loss 0.7873 | union_precision 1.0000 | weighted_recall 0.1750 | union_precision 1.0000 | threshold 0.700 | val_model raw | lr 0.001000
Epoch 16/60 | train_loss 0.7523 | union_precision 1.0000 | weighted_recall 0.1750 | union_precision 1.0000 | threshold 0.700 | val_model raw | lr 0.001000
Epoch 17/60 | train_loss 0.7368 | union_precision 1.0000 | weighted_recall 0.1750 | union_precision 1.0000 | threshold 0.700 | val_model raw | lr 0.001000
Epoch 18/60 | train_loss 0.6938 | union_precision 1.0000 | weighted_recall 0.1750 | union_precision 1.0000 | threshold 0.725 | val_model raw | lr 0.001000
Epoch 19/60 | train_loss 0.6675 | union_precision 1.0000 | weighted_recall 0.1750 | union_precision 1.0000 | threshold 0.725 | val_model raw | lr 0.001000
Epoch 20/60 | train_loss 0.6441 | union_precision 1.0000 | weighted_recall 0.1750 | union_precision 1.0000 | threshold 0.725 | val_model raw | lr 0.001000
Epoch 21/60 | train_loss 0.6218 | union_precision 1.0000 | weighted_recall 0.1750 | union_precision 1.0000 | threshold 0.725 | val_model raw | lr 0.001000
Epoch 22/60 | train_loss 0.5899 | union_precision 1.0000 | weighted_recall 0.1750 | union_precision 1.0000 | threshold 0.700 | val_model raw | lr 0.001000
Early stopping at epoch 22
Held-out M24-3 | union_precision=0.7143 | weighted_recall=0.2250 | consensus_recall=0.0000
Epoch 1/60 | train_loss 1.5773 | union_precision 0.5000 | weighted_recall 0.0252 | union_precision 0.5000 | threshold 0.600 | val_model raw | lr 0.001000
Epoch 2/60 | train_loss 1.3939 | union_precision 0.2500 | weighted_recall 0.0252 | union_precision 0.2500 | threshold 0.575 | val_model raw | lr 0.001000
Epoch 3/60 | train_loss 1.2875 | union_precision 0.2564 | weighted_recall 0.1681 | union_precision 0.2564 | threshold 0.550 | val_model raw | lr 0.001000
Epoch 4/60 | train_loss 1.1901 | union_precision 0.3750 | weighted_recall 0.0336 | union_precision 0.3750 | threshold 0.600 | val_model raw | lr 0.001000
Epoch 5/60 | train_loss 1.1557 | union_precision 0.3333 | weighted_recall 0.0168 | union_precision 0.3333 | threshold 0.650 | val_model raw | lr 0.001000
Epoch 6/60 | train_loss 1.1252 | union_precision 0.5000 | weighted_recall 0.0168 | union_precision 0.5000 | threshold 0.675 | val_model raw | lr 0.001000
Epoch 7/60 | train_loss 1.0665 | union_precision 0.4444 | weighted_recall 0.1345 | union_precision 0.4444 | threshold 0.650 | val_model raw | lr 0.001000
Epoch 8/60 | train_loss 1.0258 | union_precision 0.5000 | weighted_recall 0.0168 | union_precision 0.5000 | threshold 0.700 | val_model raw | lr 0.001000
Epoch 9/60 | train_loss 1.0150 | union_precision 1.0000 | weighted_recall 0.0084 | union_precision 1.0000 | threshold 0.725 | val_model raw | lr 0.001000
Epoch 10/60 | train_loss 0.9419 | union_precision 0.6667 | weighted_recall 0.0588 | union_precision 0.6667 | threshold 0.725 | val_model raw | lr 0.001000
Epoch 11/60 | train_loss 0.9169 | union_precision 0.6667 | weighted_recall 0.0588 | union_precision 0.6667 | threshold 0.725 | val_model raw | lr 0.001000
Epoch 12/60 | train_loss 0.8642 | union_precision 0.6667 | weighted_recall 0.0588 | union_precision 0.6667 | threshold 0.725 | val_model raw | lr 0.001000
Epoch 13/60 | train_loss 0.8553 | union_precision 0.6667 | weighted_recall 0.0588 | union_precision 0.6667 | threshold 0.750 | val_model raw | lr 0.001000
Epoch 14/60 | train_loss 0.8070 | union_precision 0.6667 | weighted_recall 0.0588 | union_precision 0.6667 | threshold 0.750 | val_model raw | lr 0.001000
Epoch 15/60 | train_loss 0.7713 | union_precision 0.6667 | weighted_recall 0.0588 | union_precision 0.6667 | threshold 0.775 | val_model raw | lr 0.001000
Epoch 16/60 | train_loss 0.7373 | union_precision 0.6667 | weighted_recall 0.0588 | union_precision 0.6667 | threshold 0.775 | val_model raw | lr 0.001000
Epoch 17/60 | train_loss 0.7204 | union_precision 1.0000 | weighted_recall 0.0084 | union_precision 1.0000 | threshold 0.850 | val_model raw | lr 0.001000
Epoch 18/60 | train_loss 0.6833 | union_precision 1.0000 | weighted_recall 0.0084 | union_precision 1.0000 | threshold 0.850 | val_model raw | lr 0.001000
Epoch 19/60 | train_loss 0.6551 | union_precision 0.6667 | weighted_recall 0.0588 | union_precision 0.6667 | threshold 0.800 | val_model raw | lr 0.001000
Early stopping at epoch 19
Held-out M24-4 | union_precision=1.0000 | weighted_recall=0.0084 | consensus_recall=0.0000
Epoch 1/60 | train_loss 1.5690 | union_precision 0.3333 | weighted_recall 0.1000 | union_precision 0.3333 | threshold 0.550 | val_model raw | lr 0.001000
Epoch 2/60 | train_loss 1.3943 | union_precision 0.3333 | weighted_recall 0.1000 | union_precision 0.3333 | threshold 0.550 | val_model raw | lr 0.001000
Epoch 3/60 | train_loss 1.2858 | union_precision 0.3333 | weighted_recall 0.1000 | union_precision 0.3333 | threshold 0.575 | val_model raw | lr 0.001000
Epoch 4/60 | train_loss 1.1963 | union_precision 0.1667 | weighted_recall 0.1000 | union_precision 0.1667 | threshold 0.575 | val_model raw | lr 0.001000
Epoch 5/60 | train_loss 1.1628 | union_precision 0.1667 | weighted_recall 0.1000 | union_precision 0.1667 | threshold 0.575 | val_model raw | lr 0.001000
Epoch 6/60 | train_loss 1.1310 | union_precision 0.1667 | weighted_recall 0.1000 | union_precision 0.1667 | threshold 0.600 | val_model raw | lr 0.001000
Epoch 7/60 | train_loss 1.0713 | union_precision 0.1667 | weighted_recall 0.1000 | union_precision 0.1667 | threshold 0.625 | val_model raw | lr 0.001000
Epoch 8/60 | train_loss 1.0335 | union_precision 0.2000 | weighted_recall 0.1000 | union_precision 0.2000 | threshold 0.650 | val_model raw | lr 0.001000
Epoch 9/60 | train_loss 1.0224 | union_precision 0.2500 | weighted_recall 0.1000 | union_precision 0.2500 | threshold 0.675 | val_model raw | lr 0.001000
Epoch 10/60 | train_loss 0.9509 | union_precision 0.2500 | weighted_recall 0.1000 | union_precision 0.2500 | threshold 0.675 | val_model raw | lr 0.001000
Epoch 11/60 | train_loss 0.9307 | union_precision 0.3333 | weighted_recall 0.1000 | union_precision 0.3333 | threshold 0.700 | val_model raw | lr 0.001000
Early stopping at epoch 11
Held-out M30-1 | union_precision=0.3333 | weighted_recall=0.1000 | consensus_recall=0.0000
Epoch 1/60 | train_loss 1.5671 | union_precision 0.1905 | weighted_recall 0.4651 | union_precision 0.1905 | threshold 0.475 | val_model raw | lr 0.001000
Epoch 2/60 | train_loss 1.3960 | union_precision 0.2143 | weighted_recall 0.3023 | union_precision 0.2143 | threshold 0.500 | val_model raw | lr 0.001000
Epoch 3/60 | train_loss 1.2849 | union_precision 0.1154 | weighted_recall 0.2326 | union_precision 0.1154 | threshold 0.475 | val_model raw | lr 0.001000
Epoch 4/60 | train_loss 1.1931 | union_precision 0.0833 | weighted_recall 0.0698 | union_precision 0.0833 | threshold 0.500 | val_model raw | lr 0.001000
Epoch 5/60 | train_loss 1.1571 | union_precision 0.0909 | weighted_recall 0.0698 | union_precision 0.0909 | threshold 0.525 | val_model raw | lr 0.001000
Epoch 6/60 | train_loss 1.1276 | union_precision 0.1200 | weighted_recall 0.1628 | union_precision 0.1200 | threshold 0.500 | val_model raw | lr 0.001000
Epoch 7/60 | train_loss 1.0669 | union_precision 0.1200 | weighted_recall 0.1628 | union_precision 0.1200 | threshold 0.500 | val_model raw | lr 0.001000
Epoch 8/60 | train_loss 1.0311 | union_precision 0.1250 | weighted_recall 0.1628 | union_precision 0.1250 | threshold 0.500 | val_model raw | lr 0.001000
Epoch 9/60 | train_loss 1.0187 | union_precision 0.1818 | weighted_recall 0.1860 | union_precision 0.1818 | threshold 0.575 | val_model raw | lr 0.001000
Epoch 10/60 | train_loss 0.9466 | union_precision 0.2222 | weighted_recall 0.1860 | union_precision 0.2222 | threshold 0.600 | val_model raw | lr 0.001000
Epoch 11/60 | train_loss 0.9237 | union_precision 0.3333 | weighted_recall 0.1395 | union_precision 0.3333 | threshold 0.625 | val_model raw | lr 0.001000
Epoch 12/60 | train_loss 0.8789 | union_precision 0.4000 | weighted_recall 0.1860 | union_precision 0.4000 | threshold 0.625 | val_model raw | lr 0.001000
Epoch 13/60 | train_loss 0.8540 | union_precision 0.5000 | weighted_recall 0.1860 | union_precision 0.5000 | threshold 0.650 | val_model raw | lr 0.001000
Epoch 14/60 | train_loss 0.8177 | union_precision 0.4000 | weighted_recall 0.1860 | union_precision 0.4000 | threshold 0.650 | val_model raw | lr 0.001000
Epoch 15/60 | train_loss 0.7759 | union_precision 0.5000 | weighted_recall 0.1860 | union_precision 0.5000 | threshold 0.675 | val_model raw | lr 0.001000
Epoch 16/60 | train_loss 0.7476 | union_precision 0.5000 | weighted_recall 0.1860 | union_precision 0.5000 | threshold 0.700 | val_model raw | lr 0.001000
Epoch 17/60 | train_loss 0.7256 | union_precision 0.5000 | weighted_recall 0.1860 | union_precision 0.5000 | threshold 0.700 | val_model raw | lr 0.001000
Epoch 18/60 | train_loss 0.6919 | union_precision 0.5000 | weighted_recall 0.1860 | union_precision 0.5000 | threshold 0.700 | val_model raw | lr 0.001000
Epoch 19/60 | train_loss 0.6596 | union_precision 0.5000 | weighted_recall 0.2093 | union_precision 0.5000 | threshold 0.675 | val_model raw | lr 0.001000
Epoch 20/60 | train_loss 0.6437 | union_precision 0.5000 | weighted_recall 0.2093 | union_precision 0.5000 | threshold 0.675 | val_model raw | lr 0.001000
Epoch 21/60 | train_loss 0.6235 | union_precision 0.6000 | weighted_recall 0.2093 | union_precision 0.6000 | threshold 0.675 | val_model raw | lr 0.001000
Epoch 22/60 | train_loss 0.5930 | union_precision 0.6000 | weighted_recall 0.2093 | union_precision 0.6000 | threshold 0.675 | val_model raw | lr 0.001000
Epoch 23/60 | train_loss 0.5751 | union_precision 0.6000 | weighted_recall 0.2093 | union_precision 0.6000 | threshold 0.650 | val_model raw | lr 0.001000
Epoch 24/60 | train_loss 0.5451 | union_precision 0.6667 | weighted_recall 0.1860 | union_precision 0.6667 | threshold 0.750 | val_model raw | lr 0.001000
Epoch 25/60 | train_loss 0.5299 | union_precision 0.7500 | weighted_recall 0.2093 | union_precision 0.7500 | threshold 0.725 | val_model raw | lr 0.001000
Epoch 26/60 | train_loss 0.5068 | union_precision 0.7500 | weighted_recall 0.2093 | union_precision 0.7500 | threshold 0.725 | val_model raw | lr 0.001000
Epoch 27/60 | train_loss 0.4941 | union_precision 0.7500 | weighted_recall 0.2093 | union_precision 0.7500 | threshold 0.700 | val_model raw | lr 0.001000
Epoch 28/60 | train_loss 0.4799 | union_precision 0.7500 | weighted_recall 0.2093 | union_precision 0.7500 | threshold 0.700 | val_model raw | lr 0.001000
Epoch 29/60 | train_loss 0.4407 | union_precision 0.7500 | weighted_recall 0.2093 | union_precision 0.7500 | threshold 0.700 | val_model raw | lr 0.001000
Epoch 30/60 | train_loss 0.4541 | union_precision 0.7500 | weighted_recall 0.2093 | union_precision 0.7500 | threshold 0.725 | val_model raw | lr 0.001000
Epoch 31/60 | train_loss 0.4193 | union_precision 0.7500 | weighted_recall 0.2093 | union_precision 0.7500 | threshold 0.725 | val_model raw | lr 0.001000
Epoch 32/60 | train_loss 0.4460 | union_precision 0.6667 | weighted_recall 0.1860 | union_precision 0.6667 | threshold 0.775 | val_model raw | lr 0.001000
Epoch 33/60 | train_loss 0.4050 | union_precision 0.6000 | weighted_recall 0.2093 | union_precision 0.6000 | threshold 0.525 | val_model raw | lr 0.001000
Epoch 34/60 | train_loss 0.4036 | union_precision 0.6000 | weighted_recall 0.2093 | union_precision 0.6000 | threshold 0.525 | val_model raw | lr 0.001000
Epoch 35/60 | train_loss 0.3872 | union_precision 1.0000 | weighted_recall 0.1395 | union_precision 1.0000 | threshold 0.900 | val_model raw | lr 0.001000
Early stopping at epoch 35
Held-out M30-2 | union_precision=0.7500 | weighted_recall=0.2093 | consensus_recall=0.0000
Epoch 1/60 | train_loss 1.5693 | union_precision 0.5000 | weighted_recall 0.0156 | union_precision 0.5000 | threshold 0.600 | val_model raw | lr 0.001000
Epoch 2/60 | train_loss 1.3968 | union_precision 0.3333 | weighted_recall 0.0156 | union_precision 0.3333 | threshold 0.600 | val_model raw | lr 0.001000
Epoch 3/60 | train_loss 1.2860 | union_precision 0.4000 | weighted_recall 0.1719 | union_precision 0.4000 | threshold 0.575 | val_model raw | lr 0.001000
Epoch 4/60 | train_loss 1.1925 | union_precision 0.5000 | weighted_recall 0.2031 | union_precision 0.5000 | threshold 0.600 | val_model raw | lr 0.001000
Epoch 5/60 | train_loss 1.1590 | union_precision 0.5000 | weighted_recall 0.2031 | union_precision 0.5000 | threshold 0.600 | val_model raw | lr 0.001000
Epoch 6/60 | train_loss 1.1279 | union_precision 0.5000 | weighted_recall 0.1719 | union_precision 0.5000 | threshold 0.675 | val_model raw | lr 0.001000
Epoch 7/60 | train_loss 1.0718 | union_precision 0.5000 | weighted_recall 0.1719 | union_precision 0.5000 | threshold 0.700 | val_model raw | lr 0.001000
Epoch 8/60 | train_loss 1.0335 | union_precision 0.5000 | weighted_recall 0.1719 | union_precision 0.5000 | threshold 0.700 | val_model raw | lr 0.001000
Epoch 9/60 | train_loss 1.0165 | union_precision 0.5000 | weighted_recall 0.1719 | union_precision 0.5000 | threshold 0.725 | val_model raw | lr 0.001000
Epoch 10/60 | train_loss 0.9421 | union_precision 0.6667 | weighted_recall 0.1719 | union_precision 0.6667 | threshold 0.775 | val_model raw | lr 0.001000
Epoch 11/60 | train_loss 0.9224 | union_precision 0.6667 | weighted_recall 0.1719 | union_precision 0.6667 | threshold 0.800 | val_model raw | lr 0.001000
Epoch 12/60 | train_loss 0.8805 | union_precision 0.5000 | weighted_recall 0.1719 | union_precision 0.5000 | threshold 0.775 | val_model raw | lr 0.001000
Epoch 13/60 | train_loss 0.8549 | union_precision 0.6667 | weighted_recall 0.1719 | union_precision 0.6667 | threshold 0.825 | val_model raw | lr 0.001000
Epoch 14/60 | train_loss 0.8149 | union_precision 1.0000 | weighted_recall 0.1719 | union_precision 1.0000 | threshold 0.850 | val_model raw | lr 0.001000
Epoch 15/60 | train_loss 0.7739 | union_precision 1.0000 | weighted_recall 0.1562 | union_precision 1.0000 | threshold 0.875 | val_model raw | lr 0.001000
Epoch 16/60 | train_loss 0.7495 | union_precision 0.6667 | weighted_recall 0.1719 | union_precision 0.6667 | threshold 0.825 | val_model raw | lr 0.001000
Epoch 17/60 | train_loss 0.7320 | union_precision 0.6667 | weighted_recall 0.1719 | union_precision 0.6667 | threshold 0.825 | val_model raw | lr 0.001000
Epoch 18/60 | train_loss 0.6910 | union_precision 1.0000 | weighted_recall 0.1562 | union_precision 1.0000 | threshold 0.900 | val_model raw | lr 0.001000
Epoch 19/60 | train_loss 0.6605 | union_precision 1.0000 | weighted_recall 0.1562 | union_precision 1.0000 | threshold 0.900 | val_model raw | lr 0.001000
Epoch 20/60 | train_loss 0.6360 | union_precision 0.6667 | weighted_recall 0.1719 | union_precision 0.6667 | threshold 0.875 | val_model raw | lr 0.001000
Epoch 21/60 | train_loss 0.6182 | union_precision 1.0000 | weighted_recall 0.1562 | union_precision 1.0000 | threshold 0.925 | val_model raw | lr 0.001000
Epoch 22/60 | train_loss 0.5948 | union_precision 0.6667 | weighted_recall 0.1719 | union_precision 0.6667 | threshold 0.925 | val_model raw | lr 0.001000
Epoch 23/60 | train_loss 0.5705 | union_precision 0.6667 | weighted_recall 0.1719 | union_precision 0.6667 | threshold 0.925 | val_model raw | lr 0.001000
Epoch 24/60 | train_loss 0.5416 | union_precision 0.5000 | weighted_recall 0.4219 | union_precision 0.5000 | threshold 0.775 | val_model raw | lr 0.001000
Early stopping at epoch 24
Held-out M30-3 | union_precision=1.0000 | weighted_recall=0.1719 | consensus_recall=0.0000
Epoch 1/60 | train_loss 1.5705 | union_precision 0.5000 | weighted_recall 0.1477 | union_precision 0.5000 | threshold 0.825 | val_model raw | lr 0.001000
Epoch 2/60 | train_loss 1.4025 | union_precision 0.5000 | weighted_recall 0.1477 | union_precision 0.5000 | threshold 0.775 | val_model raw | lr 0.001000
Epoch 3/60 | train_loss 1.2852 | union_precision 0.3750 | weighted_recall 0.2614 | union_precision 0.3750 | threshold 0.525 | val_model raw | lr 0.001000
Epoch 4/60 | train_loss 1.2017 | union_precision 0.3000 | weighted_recall 0.3409 | union_precision 0.3000 | threshold 0.525 | val_model raw | lr 0.001000
Epoch 5/60 | train_loss 1.1651 | union_precision 0.3103 | weighted_recall 0.3750 | union_precision 0.3103 | threshold 0.500 | val_model raw | lr 0.001000
Epoch 6/60 | train_loss 1.1332 | union_precision 0.3182 | weighted_recall 0.3523 | union_precision 0.3182 | threshold 0.525 | val_model raw | lr 0.001000
Epoch 7/60 | train_loss 1.0754 | union_precision 0.3030 | weighted_recall 0.3864 | union_precision 0.3030 | threshold 0.500 | val_model raw | lr 0.001000
Epoch 8/60 | train_loss 1.0398 | union_precision 0.3125 | weighted_recall 0.3864 | union_precision 0.3125 | threshold 0.500 | val_model raw | lr 0.001000
Epoch 9/60 | train_loss 1.0237 | union_precision 0.3810 | weighted_recall 0.3750 | union_precision 0.3810 | threshold 0.550 | val_model raw | lr 0.001000
Epoch 10/60 | train_loss 0.9512 | union_precision 0.3500 | weighted_recall 0.3636 | union_precision 0.3500 | threshold 0.575 | val_model raw | lr 0.001000
Epoch 11/60 | train_loss 0.9265 | union_precision 0.3500 | weighted_recall 0.3636 | union_precision 0.3500 | threshold 0.575 | val_model raw | lr 0.001000
Early stopping at epoch 11
Held-out M30-4 | union_precision=0.5000 | weighted_recall=0.1477 | consensus_recall=0.0000
Epoch 1/60 | train_loss 1.5601 | union_precision 0.0000 | weighted_recall 0.0000 | union_precision 0.0000 | threshold 0.050 | val_model raw | lr 0.001000
Epoch 2/60 | train_loss 1.4011 | union_precision 0.0000 | weighted_recall 0.0000 | union_precision 0.0000 | threshold 0.050 | val_model raw | lr 0.001000
Epoch 3/60 | train_loss 1.2778 | union_precision 0.0000 | weighted_recall 0.0000 | union_precision 0.0000 | threshold 0.050 | val_model raw | lr 0.001000
Epoch 4/60 | train_loss 1.1968 | union_precision 0.0000 | weighted_recall 0.0000 | union_precision 0.0000 | threshold 0.050 | val_model raw | lr 0.001000
Epoch 5/60 | train_loss 1.1623 | union_precision 0.0000 | weighted_recall 0.0000 | union_precision 0.0000 | threshold 0.050 | val_model raw | lr 0.001000
Epoch 6/60 | train_loss 1.1310 | union_precision 0.0000 | weighted_recall 0.0000 | union_precision 0.0000 | threshold 0.050 | val_model raw | lr 0.001000
Epoch 7/60 | train_loss 1.0701 | union_precision 0.0000 | weighted_recall 0.0000 | union_precision 0.0000 | threshold 0.050 | val_model raw | lr 0.001000
Epoch 8/60 | train_loss 1.0350 | union_precision 0.0000 | weighted_recall 0.0000 | union_precision 0.0000 | threshold 0.050 | val_model raw | lr 0.001000
Epoch 9/60 | train_loss 1.0185 | union_precision 0.0000 | weighted_recall 0.0000 | union_precision 0.0000 | threshold 0.050 | val_model raw | lr 0.001000
Epoch 10/60 | train_loss 0.9493 | union_precision 0.0000 | weighted_recall 0.0000 | union_precision 0.0000 | threshold 0.050 | val_model raw | lr 0.001000
Epoch 11/60 | train_loss 0.9228 | union_precision 0.0000 | weighted_recall 0.0000 | union_precision 0.0000 | threshold 0.050 | val_model raw | lr 0.001000
Early stopping at epoch 11
Held-out M33-1 | union_precision=0.0000 | weighted_recall=0.0000 | consensus_recall=0.0000
Epoch 1/60 | train_loss 1.5634 | union_precision 0.2000 | weighted_recall 0.2000 | union_precision 0.2000 | threshold 0.500 | val_model raw | lr 0.001000
Epoch 2/60 | train_loss 1.3962 | union_precision 0.2857 | weighted_recall 0.0400 | union_precision 0.2857 | threshold 0.550 | val_model raw | lr 0.001000
Epoch 3/60 | train_loss 1.2741 | union_precision 0.5000 | weighted_recall 0.0300 | union_precision 0.5000 | threshold 0.575 | val_model raw | lr 0.001000
Epoch 4/60 | train_loss 1.1949 | union_precision 0.5000 | weighted_recall 0.0300 | union_precision 0.5000 | threshold 0.600 | val_model raw | lr 0.001000
Epoch 5/60 | train_loss 1.1545 | union_precision 0.5000 | weighted_recall 0.0300 | union_precision 0.5000 | threshold 0.625 | val_model raw | lr 0.001000
Epoch 6/60 | train_loss 1.1233 | union_precision 0.6667 | weighted_recall 0.0400 | union_precision 0.6667 | threshold 0.625 | val_model raw | lr 0.001000
Epoch 7/60 | train_loss 1.0620 | union_precision 0.4000 | weighted_recall 0.0400 | union_precision 0.4000 | threshold 0.625 | val_model raw | lr 0.001000
Epoch 8/60 | train_loss 1.0287 | union_precision 0.5000 | weighted_recall 0.0300 | union_precision 0.5000 | threshold 0.650 | val_model raw | lr 0.001000
Epoch 9/60 | train_loss 1.0114 | union_precision 0.5000 | weighted_recall 0.0300 | union_precision 0.5000 | threshold 0.650 | val_model raw | lr 0.001000
Epoch 10/60 | train_loss 0.9347 | union_precision 0.5000 | weighted_recall 0.0300 | union_precision 0.5000 | threshold 0.650 | val_model raw | lr 0.001000
Epoch 11/60 | train_loss 0.9105 | union_precision 0.2000 | weighted_recall 0.0400 | union_precision 0.2000 | threshold 0.600 | val_model raw | lr 0.001000
Epoch 12/60 | train_loss 0.8743 | union_precision 0.1961 | weighted_recall 0.3000 | union_precision 0.1961 | threshold 0.475 | val_model raw | lr 0.001000
Epoch 13/60 | train_loss 0.8346 | union_precision 0.2075 | weighted_recall 0.3100 | union_precision 0.2075 | threshold 0.450 | val_model raw | lr 0.001000
Epoch 14/60 | train_loss 0.8020 | union_precision 0.2308 | weighted_recall 0.0700 | union_precision 0.2308 | threshold 0.575 | val_model raw | lr 0.001000
Epoch 15/60 | train_loss 0.7666 | union_precision 0.2500 | weighted_recall 0.1100 | union_precision 0.2500 | threshold 0.575 | val_model raw | lr 0.001000
Epoch 16/60 | train_loss 0.7382 | union_precision 0.2045 | weighted_recall 0.2900 | union_precision 0.2045 | threshold 0.425 | val_model raw | lr 0.001000
Early stopping at epoch 16
Held-out M33-2 | union_precision=0.6667 | weighted_recall=0.0400 | consensus_recall=0.0000
Epoch 1/60 | train_loss 1.5522 | union_precision 0.0000 | weighted_recall 0.0000 | union_precision 0.0000 | threshold 0.050 | val_model raw | lr 0.001000
Epoch 2/60 | train_loss 1.4006 | union_precision 0.0476 | weighted_recall 0.3077 | union_precision 0.0476 | threshold 0.500 | val_model raw | lr 0.001000
Epoch 3/60 | train_loss 1.2728 | union_precision 0.1000 | weighted_recall 0.3077 | union_precision 0.1000 | threshold 0.525 | val_model raw | lr 0.001000
Epoch 4/60 | train_loss 1.2016 | union_precision 0.0870 | weighted_recall 0.3846 | union_precision 0.0870 | threshold 0.500 | val_model raw | lr 0.001000
Epoch 5/60 | train_loss 1.1546 | union_precision 0.0417 | weighted_recall 0.0769 | union_precision 0.0417 | threshold 0.500 | val_model raw | lr 0.001000
Epoch 6/60 | train_loss 1.1307 | union_precision 0.0667 | weighted_recall 0.2308 | union_precision 0.0667 | threshold 0.050 | val_model raw | lr 0.001000
Epoch 7/60 | train_loss 1.0648 | union_precision 0.0667 | weighted_recall 0.2308 | union_precision 0.0667 | threshold 0.050 | val_model raw | lr 0.001000
Epoch 8/60 | train_loss 1.0382 | union_precision 0.0500 | weighted_recall 0.1538 | union_precision 0.0500 | threshold 0.550 | val_model raw | lr 0.001000
Epoch 9/60 | train_loss 1.0166 | union_precision 0.0909 | weighted_recall 0.4615 | union_precision 0.0909 | threshold 0.550 | val_model raw | lr 0.001000
Epoch 10/60 | train_loss 0.9450 | union_precision 0.1111 | weighted_recall 0.4615 | union_precision 0.1111 | threshold 0.575 | val_model raw | lr 0.001000
Epoch 11/60 | train_loss 0.9181 | union_precision 0.2000 | weighted_recall 0.3077 | union_precision 0.2000 | threshold 0.650 | val_model raw | lr 0.001000
Epoch 12/60 | train_loss 0.8728 | union_precision 0.1429 | weighted_recall 0.3077 | union_precision 0.1429 | threshold 0.650 | val_model raw | lr 0.001000
Epoch 13/60 | train_loss 0.8397 | union_precision 0.1333 | weighted_recall 0.4615 | union_precision 0.1333 | threshold 0.600 | val_model raw | lr 0.001000
Epoch 14/60 | train_loss 0.8114 | union_precision 0.0769 | weighted_recall 0.1538 | union_precision 0.0769 | threshold 0.625 | val_model raw | lr 0.001000
Epoch 15/60 | train_loss 0.7696 | union_precision 0.1333 | weighted_recall 0.2308 | union_precision 0.1333 | threshold 0.600 | val_model raw | lr 0.001000
Epoch 16/60 | train_loss 0.7445 | union_precision 0.1250 | weighted_recall 0.2308 | union_precision 0.1250 | threshold 0.600 | val_model raw | lr 0.001000
Epoch 17/60 | train_loss 0.7268 | union_precision 0.1429 | weighted_recall 0.2308 | union_precision 0.1429 | threshold 0.625 | val_model raw | lr 0.001000
Epoch 18/60 | train_loss 0.6834 | union_precision 0.1538 | weighted_recall 0.2308 | union_precision 0.1538 | threshold 0.625 | val_model raw | lr 0.001000
Epoch 19/60 | train_loss 0.6655 | union_precision 0.1667 | weighted_recall 0.2308 | union_precision 0.1667 | threshold 0.650 | val_model raw | lr 0.001000
Epoch 20/60 | train_loss 0.6371 | union_precision 0.1667 | weighted_recall 0.2308 | union_precision 0.1667 | threshold 0.650 | val_model raw | lr 0.001000
Epoch 21/60 | train_loss 0.6177 | union_precision 0.1818 | weighted_recall 0.2308 | union_precision 0.1818 | threshold 0.650 | val_model raw | lr 0.001000
Early stopping at epoch 21
Held-out M33-3 | union_precision=0.2000 | weighted_recall=0.3077 | consensus_recall=0.0000
Epoch 1/60 | train_loss 1.5587 | union_precision 0.6667 | weighted_recall 0.0179 | union_precision 0.6667 | threshold 0.550 | val_model raw | lr 0.001000
Epoch 2/60 | train_loss 1.3507 | union_precision 0.7778 | weighted_recall 0.2018 | union_precision 0.7778 | threshold 0.550 | val_model raw | lr 0.001000
Epoch 3/60 | train_loss 1.2857 | union_precision 0.8333 | weighted_recall 0.0493 | union_precision 0.8333 | threshold 0.600 | val_model raw | lr 0.001000
Epoch 4/60 | train_loss 1.2099 | union_precision 0.7143 | weighted_recall 0.0359 | union_precision 0.7143 | threshold 0.650 | val_model raw | lr 0.001000
Epoch 5/60 | train_loss 1.1272 | union_precision 0.7143 | weighted_recall 0.0359 | union_precision 0.7143 | threshold 0.700 | val_model raw | lr 0.001000
Epoch 6/60 | train_loss 1.1111 | union_precision 0.7143 | weighted_recall 0.0224 | union_precision 0.7143 | threshold 0.725 | val_model raw | lr 0.001000
Epoch 7/60 | train_loss 1.0516 | union_precision 0.4074 | weighted_recall 0.1525 | union_precision 0.4074 | threshold 0.600 | val_model raw | lr 0.001000
Epoch 8/60 | train_loss 1.0008 | union_precision 0.5000 | weighted_recall 0.0045 | union_precision 0.5000 | threshold 0.800 | val_model raw | lr 0.001000
Epoch 9/60 | train_loss 0.9748 | union_precision 0.4348 | weighted_recall 0.1480 | union_precision 0.4348 | threshold 0.650 | val_model raw | lr 0.001000
Epoch 10/60 | train_loss 0.9263 | union_precision 0.4545 | weighted_recall 0.1480 | union_precision 0.4545 | threshold 0.675 | val_model raw | lr 0.001000
Epoch 11/60 | train_loss 0.8906 | union_precision 0.5000 | weighted_recall 0.0045 | union_precision 0.5000 | threshold 0.825 | val_model raw | lr 0.001000
Epoch 12/60 | train_loss 0.8723 | union_precision 0.5000 | weighted_recall 0.0538 | union_precision 0.5000 | threshold 0.725 | val_model raw | lr 0.001000
Early stopping at epoch 12
Held-out M33-4 | union_precision=0.7778 | weighted_recall=0.2018 | consensus_recall=0.0000
Epoch 1/60 | train_loss 1.5572 | union_precision 0.1837 | weighted_recall 0.1471 | union_precision 0.1837 | threshold 0.050 | val_model raw | lr 0.001000
Epoch 2/60 | train_loss 1.3807 | union_precision 0.1000 | weighted_recall 0.0147 | union_precision 0.1000 | threshold 0.525 | val_model raw | lr 0.001000
Epoch 3/60 | train_loss 1.2968 | union_precision 0.1053 | weighted_recall 0.0294 | union_precision 0.1053 | threshold 0.525 | val_model raw | lr 0.001000
Epoch 4/60 | train_loss 1.2000 | union_precision 0.1404 | weighted_recall 0.1912 | union_precision 0.1404 | threshold 0.450 | val_model raw | lr 0.001000
Epoch 5/60 | train_loss 1.1572 | union_precision 0.1475 | weighted_recall 0.2059 | union_precision 0.1475 | threshold 0.050 | val_model raw | lr 0.001000
Epoch 6/60 | train_loss 1.1284 | union_precision 0.2000 | weighted_recall 0.0588 | union_precision 0.2000 | threshold 0.550 | val_model raw | lr 0.001000
Epoch 7/60 | train_loss 1.0635 | union_precision 0.1765 | weighted_recall 0.0588 | union_precision 0.1765 | threshold 0.550 | val_model raw | lr 0.001000
Epoch 8/60 | train_loss 1.0364 | union_precision 0.2000 | weighted_recall 0.0588 | union_precision 0.2000 | threshold 0.575 | val_model raw | lr 0.001000
Epoch 9/60 | train_loss 1.0075 | union_precision 0.2000 | weighted_recall 0.3235 | union_precision 0.2000 | threshold 0.525 | val_model raw | lr 0.001000
Epoch 10/60 | train_loss 0.9470 | union_precision 0.2000 | weighted_recall 0.2353 | union_precision 0.2000 | threshold 0.600 | val_model raw | lr 0.001000
Epoch 11/60 | train_loss 0.9090 | union_precision 0.2222 | weighted_recall 0.0735 | union_precision 0.2222 | threshold 0.675 | val_model raw | lr 0.001000
Epoch 12/60 | train_loss 0.8673 | union_precision 0.2857 | weighted_recall 0.0735 | union_precision 0.2857 | threshold 0.700 | val_model raw | lr 0.001000
Epoch 13/60 | train_loss 0.8384 | union_precision 0.2308 | weighted_recall 0.1912 | union_precision 0.2308 | threshold 0.650 | val_model raw | lr 0.001000
Epoch 14/60 | train_loss 0.8087 | union_precision 0.3333 | weighted_recall 0.0294 | union_precision 0.3333 | threshold 0.700 | val_model raw | lr 0.001000
Epoch 15/60 | train_loss 0.7671 | union_precision 0.5000 | weighted_recall 0.0147 | union_precision 0.5000 | threshold 0.750 | val_model raw | lr 0.001000
Epoch 16/60 | train_loss 0.7499 | union_precision 0.5000 | weighted_recall 0.0294 | union_precision 0.5000 | threshold 0.725 | val_model raw | lr 0.001000
Epoch 17/60 | train_loss 0.7212 | union_precision 0.5000 | weighted_recall 0.0294 | union_precision 0.5000 | threshold 0.725 | val_model raw | lr 0.001000
Epoch 18/60 | train_loss 0.6812 | union_precision 0.6667 | weighted_recall 0.0294 | union_precision 0.6667 | threshold 0.725 | val_model raw | lr 0.001000
Epoch 19/60 | train_loss 0.6660 | union_precision 0.6667 | weighted_recall 0.0294 | union_precision 0.6667 | threshold 0.725 | val_model raw | lr 0.001000
Epoch 20/60 | train_loss 0.6325 | union_precision 0.6667 | weighted_recall 0.0294 | union_precision 0.6667 | threshold 0.725 | val_model raw | lr 0.001000
Epoch 21/60 | train_loss 0.6153 | union_precision 0.6667 | weighted_recall 0.0735 | union_precision 0.6667 | threshold 0.750 | val_model raw | lr 0.001000
Epoch 22/60 | train_loss 0.5801 | union_precision 0.6667 | weighted_recall 0.0735 | union_precision 0.6667 | threshold 0.750 | val_model raw | lr 0.001000
Epoch 23/60 | train_loss 0.5840 | union_precision 0.6667 | weighted_recall 0.0735 | union_precision 0.6667 | threshold 0.750 | val_model raw | lr 0.001000
Epoch 24/60 | train_loss 0.5502 | union_precision 0.6667 | weighted_recall 0.0735 | union_precision 0.6667 | threshold 0.750 | val_model raw | lr 0.001000
Epoch 25/60 | train_loss 0.5234 | union_precision 0.6667 | weighted_recall 0.0735 | union_precision 0.6667 | threshold 0.750 | val_model raw | lr 0.001000
Epoch 26/60 | train_loss 0.5128 | union_precision 0.6667 | weighted_recall 0.0735 | union_precision 0.6667 | threshold 0.750 | val_model raw | lr 0.001000
Epoch 27/60 | train_loss 0.4863 | union_precision 0.6667 | weighted_recall 0.0735 | union_precision 0.6667 | threshold 0.725 | val_model raw | lr 0.001000
Epoch 28/60 | train_loss 0.4675 | union_precision 0.6667 | weighted_recall 0.0735 | union_precision 0.6667 | threshold 0.725 | val_model raw | lr 0.001000
Epoch 29/60 | train_loss 0.4443 | union_precision 0.6667 | weighted_recall 0.0735 | union_precision 0.6667 | threshold 0.750 | val_model raw | lr 0.001000
Epoch 30/60 | train_loss 0.4527 | union_precision 0.6667 | weighted_recall 0.0735 | union_precision 0.6667 | threshold 0.775 | val_model raw | lr 0.001000
Epoch 31/60 | train_loss 0.4080 | union_precision 0.7500 | weighted_recall 0.2353 | union_precision 0.7500 | threshold 0.775 | val_model raw | lr 0.001000
Epoch 32/60 | train_loss 0.4369 | union_precision 0.6667 | weighted_recall 0.0735 | union_precision 0.6667 | threshold 0.800 | val_model raw | lr 0.001000
Epoch 33/60 | train_loss 0.3896 | union_precision 0.6667 | weighted_recall 0.0735 | union_precision 0.6667 | threshold 0.800 | val_model raw | lr 0.001000
Epoch 34/60 | train_loss 0.3939 | union_precision 0.6667 | weighted_recall 0.0735 | union_precision 0.6667 | threshold 0.775 | val_model raw | lr 0.001000
Epoch 35/60 | train_loss 0.3830 | union_precision 0.6667 | weighted_recall 0.0735 | union_precision 0.6667 | threshold 0.800 | val_model raw | lr 0.001000
Epoch 36/60 | train_loss 0.3793 | union_precision 0.6667 | weighted_recall 0.0735 | union_precision 0.6667 | threshold 0.850 | val_model raw | lr 0.001000
Epoch 37/60 | train_loss 0.3467 | union_precision 0.6667 | weighted_recall 0.0735 | union_precision 0.6667 | threshold 0.875 | val_model raw | lr 0.001000
Epoch 38/60 | train_loss 0.3350 | union_precision 0.6667 | weighted_recall 0.0735 | union_precision 0.6667 | threshold 0.875 | val_model raw | lr 0.001000
Epoch 39/60 | train_loss 0.3455 | union_precision 0.6667 | weighted_recall 0.0735 | union_precision 0.6667 | threshold 0.875 | val_model raw | lr 0.001000
Epoch 40/60 | train_loss 0.3382 | union_precision 0.6667 | weighted_recall 0.0735 | union_precision 0.6667 | threshold 0.875 | val_model raw | lr 0.001000
Epoch 41/60 | train_loss 0.3277 | union_precision 0.6667 | weighted_recall 0.0735 | union_precision 0.6667 | threshold 0.875 | val_model raw | lr 0.001000
Early stopping at epoch 41
Held-out M41-1 | union_precision=0.7500 | weighted_recall=0.2353 | consensus_recall=0.0000
Epoch 1/60 | train_loss 1.5610 | union_precision 0.0625 | weighted_recall 1.0000 | union_precision 0.0625 | threshold 0.475 | val_model raw | lr 0.001000
Epoch 2/60 | train_loss 1.3871 | union_precision 0.0833 | weighted_recall 1.0000 | union_precision 0.0833 | threshold 0.475 | val_model raw | lr 0.001000
Epoch 3/60 | train_loss 1.2954 | union_precision 0.0000 | weighted_recall 0.0000 | union_precision 0.0000 | threshold 0.050 | val_model raw | lr 0.001000
Epoch 4/60 | train_loss 1.2046 | union_precision 0.0000 | weighted_recall 0.0000 | union_precision 0.0000 | threshold 0.050 | val_model raw | lr 0.001000
Epoch 5/60 | train_loss 1.1620 | union_precision 0.0000 | weighted_recall 0.0000 | union_precision 0.0000 | threshold 0.050 | val_model raw | lr 0.001000
Epoch 6/60 | train_loss 1.1315 | union_precision 0.0000 | weighted_recall 0.0000 | union_precision 0.0000 | threshold 0.050 | val_model raw | lr 0.001000
Epoch 7/60 | train_loss 1.0670 | union_precision 0.0000 | weighted_recall 0.0000 | union_precision 0.0000 | threshold 0.050 | val_model raw | lr 0.001000
Epoch 8/60 | train_loss 1.0392 | union_precision 0.0000 | weighted_recall 0.0000 | union_precision 0.0000 | threshold 0.050 | val_model raw | lr 0.001000
Epoch 9/60 | train_loss 1.0153 | union_precision 0.0000 | weighted_recall 0.0000 | union_precision 0.0000 | threshold 0.050 | val_model raw | lr 0.001000
Epoch 10/60 | train_loss 0.9528 | union_precision 0.0000 | weighted_recall 0.0000 | union_precision 0.0000 | threshold 0.050 | val_model raw | lr 0.001000
Epoch 11/60 | train_loss 0.9203 | union_precision 0.0000 | weighted_recall 0.0000 | union_precision 0.0000 | threshold 0.050 | val_model raw | lr 0.001000
Epoch 12/60 | train_loss 0.8758 | union_precision 0.0000 | weighted_recall 0.0000 | union_precision 0.0000 | threshold 0.050 | val_model raw | lr 0.001000
Early stopping at epoch 12
Held-out M41-2 | union_precision=0.0833 | weighted_recall=1.0000 | consensus_recall=0.0000
Epoch 1/60 | train_loss 1.5593 | union_precision 0.1429 | weighted_recall 0.2308 | union_precision 0.1429 | threshold 0.050 | val_model raw | lr 0.001000
Epoch 2/60 | train_loss 1.3812 | union_precision 0.1071 | weighted_recall 0.1795 | union_precision 0.1071 | threshold 0.050 | val_model raw | lr 0.001000
Epoch 3/60 | train_loss 1.2918 | union_precision 0.1379 | weighted_recall 0.3077 | union_precision 0.1379 | threshold 0.050 | val_model raw | lr 0.001000
Epoch 4/60 | train_loss 1.1963 | union_precision 0.1290 | weighted_recall 0.3077 | union_precision 0.1290 | threshold 0.425 | val_model raw | lr 0.001000
Epoch 5/60 | train_loss 1.1520 | union_precision 0.1333 | weighted_recall 0.2051 | union_precision 0.1333 | threshold 0.425 | val_model raw | lr 0.001000
Epoch 6/60 | train_loss 1.1226 | union_precision 0.1429 | weighted_recall 0.2051 | union_precision 0.1429 | threshold 0.475 | val_model raw | lr 0.001000
Epoch 7/60 | train_loss 1.0553 | union_precision 0.1500 | weighted_recall 0.1795 | union_precision 0.1500 | threshold 0.500 | val_model raw | lr 0.001000
Epoch 8/60 | train_loss 1.0320 | union_precision 0.1905 | weighted_recall 0.2051 | union_precision 0.1905 | threshold 0.500 | val_model raw | lr 0.001000
Epoch 9/60 | train_loss 1.0075 | union_precision 0.2000 | weighted_recall 0.1282 | union_precision 0.2000 | threshold 0.500 | val_model raw | lr 0.001000
Epoch 10/60 | train_loss 0.9417 | union_precision 0.2105 | weighted_recall 0.1282 | union_precision 0.2105 | threshold 0.500 | val_model raw | lr 0.001000
Epoch 11/60 | train_loss 0.9078 | union_precision 0.2105 | weighted_recall 0.1282 | union_precision 0.2105 | threshold 0.500 | val_model raw | lr 0.001000
Epoch 12/60 | train_loss 0.8619 | union_precision 0.2105 | weighted_recall 0.2308 | union_precision 0.2105 | threshold 0.500 | val_model raw | lr 0.001000
Epoch 13/60 | train_loss 0.8377 | union_precision 0.1765 | weighted_recall 0.2051 | union_precision 0.1765 | threshold 0.500 | val_model raw | lr 0.001000
Epoch 14/60 | train_loss 0.8052 | union_precision 0.1765 | weighted_recall 0.2051 | union_precision 0.1765 | threshold 0.525 | val_model raw | lr 0.001000
Epoch 15/60 | train_loss 0.7604 | union_precision 0.2000 | weighted_recall 0.1538 | union_precision 0.2000 | threshold 0.550 | val_model raw | lr 0.001000
Epoch 16/60 | train_loss 0.7531 | union_precision 0.2000 | weighted_recall 0.1538 | union_precision 0.2000 | threshold 0.550 | val_model raw | lr 0.001000
Epoch 17/60 | train_loss 0.7203 | union_precision 0.1818 | weighted_recall 0.1026 | union_precision 0.1818 | threshold 0.600 | val_model raw | lr 0.001000
Epoch 18/60 | train_loss 0.6780 | union_precision 0.1818 | weighted_recall 0.1026 | union_precision 0.1818 | threshold 0.600 | val_model raw | lr 0.001000
Epoch 19/60 | train_loss 0.6631 | union_precision 0.1667 | weighted_recall 0.1538 | union_precision 0.1667 | threshold 0.500 | val_model raw | lr 0.001000
Epoch 20/60 | train_loss 0.6274 | union_precision 0.1818 | weighted_recall 0.1026 | union_precision 0.1818 | threshold 0.575 | val_model raw | lr 0.001000
Epoch 21/60 | train_loss 0.6205 | union_precision 0.1818 | weighted_recall 0.1538 | union_precision 0.1818 | threshold 0.575 | val_model raw | lr 0.001000
Epoch 22/60 | train_loss 0.5776 | union_precision 0.1818 | weighted_recall 0.1538 | union_precision 0.1818 | threshold 0.550 | val_model raw | lr 0.001000
Early stopping at epoch 22
Held-out M41-3 | union_precision=0.2105 | weighted_recall=0.2308 | consensus_recall=0.0000
Epoch 1/60 | train_loss 1.5666 | union_precision 0.5000 | weighted_recall 0.0303 | union_precision 0.5000 | threshold 0.575 | val_model raw | lr 0.001000
Epoch 2/60 | train_loss 1.3836 | union_precision 0.2000 | weighted_recall 0.0303 | union_precision 0.2000 | threshold 0.575 | val_model raw | lr 0.001000
Epoch 3/60 | train_loss 1.2940 | union_precision 0.2308 | weighted_recall 0.1818 | union_precision 0.2308 | threshold 0.550 | val_model raw | lr 0.001000
Epoch 4/60 | train_loss 1.2052 | union_precision 0.3333 | weighted_recall 0.0303 | union_precision 0.3333 | threshold 0.625 | val_model raw | lr 0.001000
Epoch 5/60 | train_loss 1.1541 | union_precision 0.5000 | weighted_recall 0.0303 | union_precision 0.5000 | threshold 0.650 | val_model raw | lr 0.001000
Epoch 6/60 | train_loss 1.1283 | union_precision 0.5000 | weighted_recall 0.0909 | union_precision 0.5000 | threshold 0.650 | val_model raw | lr 0.001000
Epoch 7/60 | train_loss 1.0609 | union_precision 0.6000 | weighted_recall 0.0909 | union_precision 0.6000 | threshold 0.675 | val_model raw | lr 0.001000
Epoch 8/60 | train_loss 1.0355 | union_precision 0.5000 | weighted_recall 0.0909 | union_precision 0.5000 | threshold 0.675 | val_model raw | lr 0.001000
Epoch 9/60 | train_loss 1.0072 | union_precision 0.6000 | weighted_recall 0.0909 | union_precision 0.6000 | threshold 0.700 | val_model raw | lr 0.001000
Epoch 10/60 | train_loss 0.9456 | union_precision 0.5000 | weighted_recall 0.0909 | union_precision 0.5000 | threshold 0.700 | val_model raw | lr 0.001000
Epoch 11/60 | train_loss 0.9130 | union_precision 0.6667 | weighted_recall 0.0606 | union_precision 0.6667 | threshold 0.725 | val_model raw | lr 0.001000
Epoch 12/60 | train_loss 0.8649 | union_precision 0.5000 | weighted_recall 0.0303 | union_precision 0.5000 | threshold 0.750 | val_model raw | lr 0.001000
Epoch 13/60 | train_loss 0.8386 | union_precision 0.5000 | weighted_recall 0.0606 | union_precision 0.5000 | threshold 0.750 | val_model raw | lr 0.001000
Epoch 14/60 | train_loss 0.8138 | union_precision 0.3333 | weighted_recall 0.0606 | union_precision 0.3333 | threshold 0.750 | val_model raw | lr 0.001000
Epoch 15/60 | train_loss 0.7637 | union_precision 0.3125 | weighted_recall 0.2424 | union_precision 0.3125 | threshold 0.650 | val_model raw | lr 0.001000
Epoch 16/60 | train_loss 0.7536 | union_precision 0.3125 | weighted_recall 0.2424 | union_precision 0.3125 | threshold 0.650 | val_model raw | lr 0.001000
Epoch 17/60 | train_loss 0.7204 | union_precision 0.3125 | weighted_recall 0.2424 | union_precision 0.3125 | threshold 0.650 | val_model raw | lr 0.001000
Epoch 18/60 | train_loss 0.6823 | union_precision 0.3125 | weighted_recall 0.2424 | union_precision 0.3125 | threshold 0.625 | val_model raw | lr 0.001000
Epoch 19/60 | train_loss 0.6716 | union_precision 0.3125 | weighted_recall 0.2424 | union_precision 0.3125 | threshold 0.600 | val_model raw | lr 0.001000
Epoch 20/60 | train_loss 0.6486 | union_precision 0.3333 | weighted_recall 0.0303 | union_precision 0.3333 | threshold 0.800 | val_model raw | lr 0.001000
Epoch 21/60 | train_loss 0.6259 | union_precision 0.3333 | weighted_recall 0.0303 | union_precision 0.3333 | threshold 0.800 | val_model raw | lr 0.001000
Early stopping at epoch 21
Held-out M41-4 | union_precision=0.6667 | weighted_recall=0.0606 | consensus_recall=0.0000
Epoch 1/60 | train_loss 1.5621 | union_precision 0.2174 | weighted_recall 0.2909 | union_precision 0.2174 | threshold 0.550 | val_model raw | lr 0.001000
Epoch 2/60 | train_loss 1.3737 | union_precision 0.2174 | weighted_recall 0.2909 | union_precision 0.2174 | threshold 0.550 | val_model raw | lr 0.001000
Epoch 3/60 | train_loss 1.2925 | union_precision 0.2105 | weighted_recall 0.2727 | union_precision 0.2105 | threshold 0.575 | val_model raw | lr 0.001000
Epoch 4/60 | train_loss 1.2041 | union_precision 0.2000 | weighted_recall 0.3636 | union_precision 0.2000 | threshold 0.525 | val_model raw | lr 0.001000
Epoch 5/60 | train_loss 1.1536 | union_precision 0.2174 | weighted_recall 0.3091 | union_precision 0.2174 | threshold 0.600 | val_model raw | lr 0.001000
Epoch 6/60 | train_loss 1.1280 | union_precision 0.2273 | weighted_recall 0.3091 | union_precision 0.2273 | threshold 0.625 | val_model raw | lr 0.001000
Epoch 7/60 | train_loss 1.0572 | union_precision 0.2381 | weighted_recall 0.3091 | union_precision 0.2381 | threshold 0.650 | val_model raw | lr 0.001000
Epoch 8/60 | train_loss 1.0341 | union_precision 0.2105 | weighted_recall 0.3455 | union_precision 0.2105 | threshold 0.675 | val_model raw | lr 0.001000
Epoch 9/60 | train_loss 1.0116 | union_precision 0.2353 | weighted_recall 0.3455 | union_precision 0.2353 | threshold 0.700 | val_model raw | lr 0.001000
Epoch 10/60 | train_loss 0.9449 | union_precision 0.3333 | weighted_recall 0.1091 | union_precision 0.3333 | threshold 0.750 | val_model raw | lr 0.001000
Epoch 11/60 | train_loss 0.9102 | union_precision 0.2727 | weighted_recall 0.3091 | union_precision 0.2727 | threshold 0.750 | val_model raw | lr 0.001000
Epoch 12/60 | train_loss 0.8624 | union_precision 0.2857 | weighted_recall 0.1091 | union_precision 0.2857 | threshold 0.775 | val_model raw | lr 0.001000
Epoch 13/60 | train_loss 0.8409 | union_precision 0.3333 | weighted_recall 0.3091 | union_precision 0.3333 | threshold 0.775 | val_model raw | lr 0.001000
Epoch 14/60 | train_loss 0.8087 | union_precision 0.2857 | weighted_recall 0.1091 | union_precision 0.2857 | threshold 0.800 | val_model raw | lr 0.001000
Epoch 15/60 | train_loss 0.7619 | union_precision 0.2500 | weighted_recall 0.0182 | union_precision 0.2500 | threshold 0.825 | val_model raw | lr 0.001000
Epoch 16/60 | train_loss 0.7532 | union_precision 0.2308 | weighted_recall 0.3091 | union_precision 0.2308 | threshold 0.800 | val_model raw | lr 0.001000
Epoch 17/60 | train_loss 0.7203 | union_precision 0.2162 | weighted_recall 0.5091 | union_precision 0.2162 | threshold 0.050 | val_model raw | lr 0.001000
Epoch 18/60 | train_loss 0.6836 | union_precision 0.2368 | weighted_recall 0.5273 | union_precision 0.2368 | threshold 0.050 | val_model raw | lr 0.001000
Epoch 19/60 | train_loss 0.6692 | union_precision 0.2564 | weighted_recall 0.4182 | union_precision 0.2564 | threshold 0.050 | val_model raw | lr 0.001000
Epoch 20/60 | train_loss 0.6455 | union_precision 0.3333 | weighted_recall 0.0182 | union_precision 0.3333 | threshold 0.875 | val_model raw | lr 0.001000
Epoch 21/60 | train_loss 0.6247 | union_precision 1.0000 | weighted_recall 0.0182 | union_precision 1.0000 | threshold 0.900 | val_model raw | lr 0.001000
Epoch 22/60 | train_loss 0.5809 | union_precision 1.0000 | weighted_recall 0.0182 | union_precision 1.0000 | threshold 0.900 | val_model raw | lr 0.001000
Epoch 23/60 | train_loss 0.5778 | union_precision 1.0000 | weighted_recall 0.0182 | union_precision 1.0000 | threshold 0.900 | val_model raw | lr 0.001000
Epoch 24/60 | train_loss 0.5390 | union_precision 1.0000 | weighted_recall 0.0182 | union_precision 1.0000 | threshold 0.875 | val_model raw | lr 0.001000
Epoch 25/60 | train_loss 0.5219 | union_precision 1.0000 | weighted_recall 0.0182 | union_precision 1.0000 | threshold 0.875 | val_model raw | lr 0.001000
Epoch 26/60 | train_loss 0.5109 | union_precision 1.0000 | weighted_recall 0.0182 | union_precision 1.0000 | threshold 0.875 | val_model raw | lr 0.001000
Epoch 27/60 | train_loss 0.4843 | union_precision 1.0000 | weighted_recall 0.0182 | union_precision 1.0000 | threshold 0.875 | val_model raw | lr 0.001000
Epoch 28/60 | train_loss 0.4563 | union_precision 1.0000 | weighted_recall 0.0182 | union_precision 1.0000 | threshold 0.900 | val_model raw | lr 0.001000
Epoch 29/60 | train_loss 0.4380 | union_precision 1.0000 | weighted_recall 0.0182 | union_precision 1.0000 | threshold 0.900 | val_model raw | lr 0.001000
Epoch 30/60 | train_loss 0.4441 | union_precision 1.0000 | weighted_recall 0.0182 | union_precision 1.0000 | threshold 0.925 | val_model raw | lr 0.001000
Epoch 31/60 | train_loss 0.4127 | union_precision 1.0000 | weighted_recall 0.0182 | union_precision 1.0000 | threshold 0.925 | val_model raw | lr 0.001000
Early stopping at epoch 31
Held-out M50-1 | union_precision=1.0000 | weighted_recall=0.0182 | consensus_recall=0.0000
Epoch 1/60 | train_loss 1.5715 | union_precision 0.2000 | weighted_recall 0.2885 | union_precision 0.2000 | threshold 0.525 | val_model raw | lr 0.001000
Epoch 2/60 | train_loss 1.3860 | union_precision 0.1500 | weighted_recall 0.1154 | union_precision 0.1500 | threshold 0.525 | val_model raw | lr 0.001000
Epoch 3/60 | train_loss 1.2998 | union_precision 0.1429 | weighted_recall 0.1154 | union_precision 0.1429 | threshold 0.525 | val_model raw | lr 0.001000
Epoch 4/60 | train_loss 1.2140 | union_precision 0.1429 | weighted_recall 0.1346 | union_precision 0.1429 | threshold 0.525 | val_model raw | lr 0.001000
Epoch 5/60 | train_loss 1.1579 | union_precision 0.1290 | weighted_recall 0.3654 | union_precision 0.1290 | threshold 0.475 | val_model raw | lr 0.001000
Epoch 6/60 | train_loss 1.1345 | union_precision 0.2000 | weighted_recall 0.0385 | union_precision 0.2000 | threshold 0.600 | val_model raw | lr 0.001000
Epoch 7/60 | train_loss 1.0620 | union_precision 0.4000 | weighted_recall 0.0962 | union_precision 0.4000 | threshold 0.600 | val_model raw | lr 0.001000
Epoch 8/60 | train_loss 1.0428 | union_precision 0.3333 | weighted_recall 0.0962 | union_precision 0.3333 | threshold 0.600 | val_model raw | lr 0.001000
Epoch 9/60 | train_loss 1.0222 | union_precision 0.3333 | weighted_recall 0.0385 | union_precision 0.3333 | threshold 0.625 | val_model raw | lr 0.001000
Epoch 10/60 | train_loss 0.9510 | union_precision 0.5000 | weighted_recall 0.0962 | union_precision 0.5000 | threshold 0.625 | val_model raw | lr 0.001000
Epoch 11/60 | train_loss 0.9184 | union_precision 0.5000 | weighted_recall 0.0385 | union_precision 0.5000 | threshold 0.675 | val_model raw | lr 0.001000
Epoch 12/60 | train_loss 0.8688 | union_precision 0.5000 | weighted_recall 0.1154 | union_precision 0.5000 | threshold 0.650 | val_model raw | lr 0.001000
Epoch 13/60 | train_loss 0.8554 | union_precision 0.6667 | weighted_recall 0.0962 | union_precision 0.6667 | threshold 0.675 | val_model raw | lr 0.001000
Epoch 14/60 | train_loss 0.8216 | union_precision 0.6667 | weighted_recall 0.1538 | union_precision 0.6667 | threshold 0.650 | val_model raw | lr 0.001000
Epoch 15/60 | train_loss 0.7699 | union_precision 0.6667 | weighted_recall 0.0962 | union_precision 0.6667 | threshold 0.675 | val_model raw | lr 0.001000
Epoch 16/60 | train_loss 0.7589 | union_precision 0.5000 | weighted_recall 0.0962 | union_precision 0.5000 | threshold 0.675 | val_model raw | lr 0.001000
Epoch 17/60 | train_loss 0.7217 | union_precision 0.5000 | weighted_recall 0.1538 | union_precision 0.5000 | threshold 0.650 | val_model raw | lr 0.001000
Epoch 18/60 | train_loss 0.6924 | union_precision 0.6667 | weighted_recall 0.0962 | union_precision 0.6667 | threshold 0.700 | val_model raw | lr 0.001000
Epoch 19/60 | train_loss 0.6757 | union_precision 0.6667 | weighted_recall 0.0962 | union_precision 0.6667 | threshold 0.700 | val_model raw | lr 0.001000
Epoch 20/60 | train_loss 0.6479 | union_precision 0.7500 | weighted_recall 0.1346 | union_precision 0.7500 | threshold 0.700 | val_model raw | lr 0.001000
Epoch 21/60 | train_loss 0.6356 | union_precision 0.7500 | weighted_recall 0.1346 | union_precision 0.7500 | threshold 0.700 | val_model raw | lr 0.001000
Epoch 22/60 | train_loss 0.5927 | union_precision 0.7500 | weighted_recall 0.1346 | union_precision 0.7500 | threshold 0.700 | val_model raw | lr 0.001000
Epoch 23/60 | train_loss 0.5853 | union_precision 0.7500 | weighted_recall 0.1346 | union_precision 0.7500 | threshold 0.700 | val_model raw | lr 0.001000
Epoch 24/60 | train_loss 0.5472 | union_precision 0.7500 | weighted_recall 0.1346 | union_precision 0.7500 | threshold 0.675 | val_model raw | lr 0.001000
Epoch 25/60 | train_loss 0.5250 | union_precision 0.6667 | weighted_recall 0.0962 | union_precision 0.6667 | threshold 0.650 | val_model raw | lr 0.001000
Epoch 26/60 | train_loss 0.5198 | union_precision 0.6667 | weighted_recall 0.2308 | union_precision 0.6667 | threshold 0.650 | val_model raw | lr 0.001000
Epoch 27/60 | train_loss 0.4851 | union_precision 0.6667 | weighted_recall 0.2308 | union_precision 0.6667 | threshold 0.650 | val_model raw | lr 0.001000
Epoch 28/60 | train_loss 0.4694 | union_precision 0.6667 | weighted_recall 0.2308 | union_precision 0.6667 | threshold 0.675 | val_model raw | lr 0.001000
Epoch 29/60 | train_loss 0.4439 | union_precision 0.6667 | weighted_recall 0.2308 | union_precision 0.6667 | threshold 0.650 | val_model raw | lr 0.001000
Epoch 30/60 | train_loss 0.4602 | union_precision 0.6667 | weighted_recall 0.0962 | union_precision 0.6667 | threshold 0.650 | val_model raw | lr 0.001000
Early stopping at epoch 30
Held-out M50-2 | union_precision=0.7500 | weighted_recall=0.1346 | consensus_recall=0.0000
Epoch 1/60 | train_loss 1.5898 | union_precision 0.8000 | weighted_recall 0.0483 | union_precision 0.8000 | threshold 0.575 | val_model raw | lr 0.001000
Epoch 2/60 | train_loss 1.4036 | union_precision 0.6667 | weighted_recall 0.0186 | union_precision 0.6667 | threshold 0.575 | val_model raw | lr 0.001000
Epoch 3/60 | train_loss 1.3104 | union_precision 0.6667 | weighted_recall 0.0186 | union_precision 0.6667 | threshold 0.600 | val_model raw | lr 0.001000
Epoch 4/60 | train_loss 1.2169 | union_precision 0.6667 | weighted_recall 0.0186 | union_precision 0.6667 | threshold 0.600 | val_model raw | lr 0.001000
Epoch 5/60 | train_loss 1.1651 | union_precision 0.6667 | weighted_recall 0.0186 | union_precision 0.6667 | threshold 0.625 | val_model raw | lr 0.001000
Epoch 6/60 | train_loss 1.1466 | union_precision 0.6667 | weighted_recall 0.0706 | union_precision 0.6667 | threshold 0.650 | val_model raw | lr 0.001000
Epoch 7/60 | train_loss 1.0683 | union_precision 0.5000 | weighted_recall 0.0706 | union_precision 0.5000 | threshold 0.675 | val_model raw | lr 0.001000
Epoch 8/60 | train_loss 1.0449 | union_precision 1.0000 | weighted_recall 0.0558 | union_precision 1.0000 | threshold 0.725 | val_model raw | lr 0.001000
Epoch 9/60 | train_loss 1.0269 | union_precision 1.0000 | weighted_recall 0.0558 | union_precision 1.0000 | threshold 0.725 | val_model raw | lr 0.001000
Epoch 10/60 | train_loss 0.9582 | union_precision 1.0000 | weighted_recall 0.0558 | union_precision 1.0000 | threshold 0.750 | val_model raw | lr 0.001000
Epoch 11/60 | train_loss 0.9244 | union_precision 1.0000 | weighted_recall 0.0558 | union_precision 1.0000 | threshold 0.750 | val_model raw | lr 0.001000
Epoch 12/60 | train_loss 0.8710 | union_precision 1.0000 | weighted_recall 0.0558 | union_precision 1.0000 | threshold 0.750 | val_model raw | lr 0.001000
Epoch 13/60 | train_loss 0.8611 | union_precision 1.0000 | weighted_recall 0.0558 | union_precision 1.0000 | threshold 0.775 | val_model raw | lr 0.001000
Epoch 14/60 | train_loss 0.8246 | union_precision 1.0000 | weighted_recall 0.0558 | union_precision 1.0000 | threshold 0.800 | val_model raw | lr 0.001000
Epoch 15/60 | train_loss 0.7792 | union_precision 1.0000 | weighted_recall 0.0074 | union_precision 1.0000 | threshold 0.800 | val_model raw | lr 0.001000
Epoch 16/60 | train_loss 0.7568 | union_precision 1.0000 | weighted_recall 0.0074 | union_precision 1.0000 | threshold 0.825 | val_model raw | lr 0.001000
Epoch 17/60 | train_loss 0.7254 | union_precision 1.0000 | weighted_recall 0.0074 | union_precision 1.0000 | threshold 0.825 | val_model raw | lr 0.001000
Epoch 18/60 | train_loss 0.6951 | union_precision 1.0000 | weighted_recall 0.0074 | union_precision 1.0000 | threshold 0.825 | val_model raw | lr 0.001000
Early stopping at epoch 18
Held-out M50-3 | union_precision=1.0000 | weighted_recall=0.0558 | consensus_recall=0.0000
Epoch 1/60 | train_loss 1.5650 | union_precision 0.3333 | weighted_recall 0.0920 | union_precision 0.3333 | threshold 0.550 | val_model raw | lr 0.001000
Epoch 2/60 | train_loss 1.3887 | union_precision 0.3333 | weighted_recall 0.0920 | union_precision 0.3333 | threshold 0.550 | val_model raw | lr 0.001000
Epoch 3/60 | train_loss 1.2942 | union_precision 0.3333 | weighted_recall 0.1034 | union_precision 0.3333 | threshold 0.525 | val_model raw | lr 0.001000
Epoch 4/60 | train_loss 1.2075 | union_precision 0.5000 | weighted_recall 0.1034 | union_precision 0.5000 | threshold 0.550 | val_model raw | lr 0.001000
Epoch 5/60 | train_loss 1.1525 | union_precision 0.5000 | weighted_recall 0.1034 | union_precision 0.5000 | threshold 0.575 | val_model raw | lr 0.001000
Epoch 6/60 | train_loss 1.1263 | union_precision 0.5000 | weighted_recall 0.1034 | union_precision 0.5000 | threshold 0.575 | val_model raw | lr 0.001000
Epoch 7/60 | train_loss 1.0448 | union_precision 0.5000 | weighted_recall 0.1034 | union_precision 0.5000 | threshold 0.600 | val_model raw | lr 0.001000
Epoch 8/60 | train_loss 1.0254 | union_precision 0.5000 | weighted_recall 0.1034 | union_precision 0.5000 | threshold 0.600 | val_model raw | lr 0.001000
Epoch 9/60 | train_loss 1.0083 | union_precision 0.5000 | weighted_recall 0.0345 | union_precision 0.5000 | threshold 0.625 | val_model raw | lr 0.001000
Epoch 10/60 | train_loss 0.9457 | union_precision 0.5000 | weighted_recall 0.1034 | union_precision 0.5000 | threshold 0.650 | val_model raw | lr 0.001000
Epoch 11/60 | train_loss 0.9024 | union_precision 0.5000 | weighted_recall 0.1034 | union_precision 0.5000 | threshold 0.650 | val_model raw | lr 0.001000
Epoch 12/60 | train_loss 0.8546 | union_precision 0.6667 | weighted_recall 0.1034 | union_precision 0.6667 | threshold 0.675 | val_model raw | lr 0.001000
Epoch 13/60 | train_loss 0.8493 | union_precision 0.5000 | weighted_recall 0.1034 | union_precision 0.5000 | threshold 0.675 | val_model raw | lr 0.001000
Epoch 14/60 | train_loss 0.8033 | union_precision 0.6667 | weighted_recall 0.1034 | union_precision 0.6667 | threshold 0.700 | val_model raw | lr 0.001000
Epoch 15/60 | train_loss 0.7714 | union_precision 0.5000 | weighted_recall 0.1034 | union_precision 0.5000 | threshold 0.700 | val_model raw | lr 0.001000
Epoch 16/60 | train_loss 0.7474 | union_precision 1.0000 | weighted_recall 0.0805 | union_precision 1.0000 | threshold 0.800 | val_model raw | lr 0.001000
Epoch 17/60 | train_loss 0.7093 | union_precision 1.0000 | weighted_recall 0.0805 | union_precision 1.0000 | threshold 0.775 | val_model raw | lr 0.001000
Epoch 18/60 | train_loss 0.6823 | union_precision 1.0000 | weighted_recall 0.0805 | union_precision 1.0000 | threshold 0.775 | val_model raw | lr 0.001000
Epoch 19/60 | train_loss 0.6594 | union_precision 1.0000 | weighted_recall 0.1034 | union_precision 1.0000 | threshold 0.750 | val_model raw | lr 0.001000
Epoch 20/60 | train_loss 0.6172 | union_precision 1.0000 | weighted_recall 0.0805 | union_precision 1.0000 | threshold 0.775 | val_model raw | lr 0.001000
Epoch 21/60 | train_loss 0.6077 | union_precision 1.0000 | weighted_recall 0.1034 | union_precision 1.0000 | threshold 0.775 | val_model raw | lr 0.001000
Epoch 22/60 | train_loss 0.5731 | union_precision 1.0000 | weighted_recall 0.0805 | union_precision 1.0000 | threshold 0.800 | val_model raw | lr 0.001000
Epoch 23/60 | train_loss 0.5662 | union_precision 1.0000 | weighted_recall 0.0805 | union_precision 1.0000 | threshold 0.800 | val_model raw | lr 0.001000
Epoch 24/60 | train_loss 0.5515 | union_precision 1.0000 | weighted_recall 0.0805 | union_precision 1.0000 | threshold 0.825 | val_model raw | lr 0.001000
Epoch 25/60 | train_loss 0.4993 | union_precision 1.0000 | weighted_recall 0.0805 | union_precision 1.0000 | threshold 0.825 | val_model raw | lr 0.001000
Epoch 26/60 | train_loss 0.5073 | union_precision 1.0000 | weighted_recall 0.0805 | union_precision 1.0000 | threshold 0.850 | val_model raw | lr 0.001000
Epoch 27/60 | train_loss 0.4734 | union_precision 1.0000 | weighted_recall 0.0805 | union_precision 1.0000 | threshold 0.850 | val_model raw | lr 0.001000
Epoch 28/60 | train_loss 0.4494 | union_precision 1.0000 | weighted_recall 0.0805 | union_precision 1.0000 | threshold 0.850 | val_model raw | lr 0.001000
Epoch 29/60 | train_loss 0.4324 | union_precision 1.0000 | weighted_recall 0.0805 | union_precision 1.0000 | threshold 0.850 | val_model raw | lr 0.001000
Early stopping at epoch 29
Held-out M56-1 | union_precision=1.0000 | weighted_recall=0.1034 | consensus_recall=0.0000
Epoch 1/60 | train_loss 1.5627 | union_precision 0.1200 | weighted_recall 0.1579 | union_precision 0.1200 | threshold 0.500 | val_model raw | lr 0.001000
Epoch 2/60 | train_loss 1.3909 | union_precision 0.1379 | weighted_recall 0.2105 | union_precision 0.1379 | threshold 0.475 | val_model raw | lr 0.001000
Epoch 3/60 | train_loss 1.2955 | union_precision 0.1429 | weighted_recall 0.1842 | union_precision 0.1429 | threshold 0.475 | val_model raw | lr 0.001000
Epoch 4/60 | train_loss 1.2047 | union_precision 0.1290 | weighted_recall 0.1842 | union_precision 0.1290 | threshold 0.050 | val_model raw | lr 0.001000
Epoch 5/60 | train_loss 1.1484 | union_precision 0.1471 | weighted_recall 0.2105 | union_precision 0.1471 | threshold 0.475 | val_model raw | lr 0.001000
Epoch 6/60 | train_loss 1.1297 | union_precision 0.1351 | weighted_recall 0.1842 | union_precision 0.1351 | threshold 0.475 | val_model raw | lr 0.001000
Epoch 7/60 | train_loss 1.0417 | union_precision 0.1316 | weighted_recall 0.1842 | union_precision 0.1316 | threshold 0.050 | val_model raw | lr 0.001000
Epoch 8/60 | train_loss 1.0275 | union_precision 0.1316 | weighted_recall 0.1842 | union_precision 0.1316 | threshold 0.050 | val_model raw | lr 0.001000
Epoch 9/60 | train_loss 1.0015 | union_precision 0.1351 | weighted_recall 0.1842 | union_precision 0.1351 | threshold 0.050 | val_model raw | lr 0.001000
Epoch 10/60 | train_loss 0.9449 | union_precision 0.1471 | weighted_recall 0.2105 | union_precision 0.1471 | threshold 0.050 | val_model raw | lr 0.001000
Epoch 11/60 | train_loss 0.8997 | union_precision 0.1515 | weighted_recall 0.2105 | union_precision 0.1515 | threshold 0.050 | val_model raw | lr 0.001000
Epoch 12/60 | train_loss 0.8601 | union_precision 0.1250 | weighted_recall 0.1579 | union_precision 0.1250 | threshold 0.500 | val_model raw | lr 0.001000
Epoch 13/60 | train_loss 0.8488 | union_precision 0.1290 | weighted_recall 0.1579 | union_precision 0.1290 | threshold 0.500 | val_model raw | lr 0.001000
Epoch 14/60 | train_loss 0.8045 | union_precision 0.1333 | weighted_recall 0.1579 | union_precision 0.1333 | threshold 0.500 | val_model raw | lr 0.001000
Epoch 15/60 | train_loss 0.7729 | union_precision 0.1613 | weighted_recall 0.1842 | union_precision 0.1613 | threshold 0.050 | val_model raw | lr 0.001000
Epoch 16/60 | train_loss 0.7598 | union_precision 0.1481 | weighted_recall 0.1579 | union_precision 0.1481 | threshold 0.500 | val_model raw | lr 0.001000
Epoch 17/60 | train_loss 0.7167 | union_precision 0.1481 | weighted_recall 0.1579 | union_precision 0.1481 | threshold 0.500 | val_model raw | lr 0.001000
Epoch 18/60 | train_loss 0.6909 | union_precision 0.1600 | weighted_recall 0.1316 | union_precision 0.1600 | threshold 0.550 | val_model raw | lr 0.001000
Epoch 19/60 | train_loss 0.6710 | union_precision 0.1923 | weighted_recall 0.1842 | union_precision 0.1923 | threshold 0.525 | val_model raw | lr 0.001000
Epoch 20/60 | train_loss 0.6300 | union_precision 0.2000 | weighted_recall 0.1842 | union_precision 0.2000 | threshold 0.525 | val_model raw | lr 0.001000
Epoch 21/60 | train_loss 0.6239 | union_precision 0.2000 | weighted_recall 0.1842 | union_precision 0.2000 | threshold 0.475 | val_model raw | lr 0.001000
Epoch 22/60 | train_loss 0.5878 | union_precision 0.2000 | weighted_recall 0.1842 | union_precision 0.2000 | threshold 0.475 | val_model raw | lr 0.001000
Epoch 23/60 | train_loss 0.5812 | union_precision 0.2000 | weighted_recall 0.1842 | union_precision 0.2000 | threshold 0.450 | val_model raw | lr 0.001000
Epoch 24/60 | train_loss 0.5674 | union_precision 0.2000 | weighted_recall 0.1842 | union_precision 0.2000 | threshold 0.425 | val_model raw | lr 0.001000
Epoch 25/60 | train_loss 0.5158 | union_precision 0.2000 | weighted_recall 0.1842 | union_precision 0.2000 | threshold 0.400 | val_model raw | lr 0.001000
Epoch 26/60 | train_loss 0.5213 | union_precision 0.1667 | weighted_recall 0.1579 | union_precision 0.1667 | threshold 0.450 | val_model raw | lr 0.001000
Epoch 27/60 | train_loss 0.4918 | union_precision 0.1429 | weighted_recall 0.1053 | union_precision 0.1429 | threshold 0.500 | val_model raw | lr 0.001000
Epoch 28/60 | train_loss 0.4699 | union_precision 0.1053 | weighted_recall 0.0526 | union_precision 0.1053 | threshold 0.500 | val_model raw | lr 0.001000
Epoch 29/60 | train_loss 0.4464 | union_precision 0.1053 | weighted_recall 0.0526 | union_precision 0.1053 | threshold 0.475 | val_model raw | lr 0.001000
Epoch 30/60 | train_loss 0.4554 | union_precision 0.1053 | weighted_recall 0.0526 | union_precision 0.1053 | threshold 0.475 | val_model raw | lr 0.001000
Early stopping at epoch 30
Held-out M56-2 | union_precision=0.2000 | weighted_recall=0.1842 | consensus_recall=0.0000
Epoch 1/60 | train_loss 1.5664 | union_precision 1.0000 | weighted_recall 0.0118 | union_precision 1.0000 | threshold 0.650 | val_model raw | lr 0.001000
Epoch 2/60 | train_loss 1.3885 | union_precision 0.8333 | weighted_recall 0.0471 | union_precision 0.8333 | threshold 0.650 | val_model raw | lr 0.001000
Epoch 3/60 | train_loss 1.3030 | union_precision 0.7273 | weighted_recall 0.0706 | union_precision 0.7273 | threshold 0.600 | val_model raw | lr 0.001000
Epoch 4/60 | train_loss 1.2175 | union_precision 0.7000 | weighted_recall 0.0647 | union_precision 0.7000 | threshold 0.650 | val_model raw | lr 0.001000
Epoch 5/60 | train_loss 1.1526 | union_precision 0.7000 | weighted_recall 0.0647 | union_precision 0.7000 | threshold 0.675 | val_model raw | lr 0.001000
Epoch 6/60 | train_loss 1.1379 | union_precision 1.0000 | weighted_recall 0.0235 | union_precision 1.0000 | threshold 0.725 | val_model raw | lr 0.001000
Epoch 7/60 | train_loss 1.0444 | union_precision 1.0000 | weighted_recall 0.0176 | union_precision 1.0000 | threshold 0.750 | val_model raw | lr 0.001000
Epoch 8/60 | train_loss 1.0327 | union_precision 0.7500 | weighted_recall 0.0471 | union_precision 0.7500 | threshold 0.725 | val_model raw | lr 0.001000
Epoch 9/60 | train_loss 1.0005 | union_precision 0.8000 | weighted_recall 0.0353 | union_precision 0.8000 | threshold 0.750 | val_model raw | lr 0.001000
Epoch 10/60 | train_loss 0.9518 | union_precision 0.7143 | weighted_recall 0.0412 | union_precision 0.7143 | threshold 0.750 | val_model raw | lr 0.001000
Epoch 11/60 | train_loss 0.9014 | union_precision 1.0000 | weighted_recall 0.0059 | union_precision 1.0000 | threshold 0.825 | val_model raw | lr 0.001000
Epoch 12/60 | train_loss 0.8654 | union_precision 1.0000 | weighted_recall 0.0059 | union_precision 1.0000 | threshold 0.825 | val_model raw | lr 0.001000
Epoch 13/60 | train_loss 0.8541 | union_precision 0.6000 | weighted_recall 0.0176 | union_precision 0.6000 | threshold 0.800 | val_model raw | lr 0.001000
Early stopping at epoch 13
Held-out M56-3 | union_precision=0.7273 | weighted_recall=0.0706 | consensus_recall=0.0000
Epoch 1/60 | train_loss 1.5584 | union_precision 0.2222 | weighted_recall 0.0294 | union_precision 0.2222 | threshold 0.550 | val_model raw | lr 0.001000
Epoch 2/60 | train_loss 1.3822 | union_precision 0.2222 | weighted_recall 0.0294 | union_precision 0.2222 | threshold 0.550 | val_model raw | lr 0.001000
Epoch 3/60 | train_loss 1.2929 | union_precision 0.1111 | weighted_recall 0.1765 | union_precision 0.1111 | threshold 0.050 | val_model raw | lr 0.001000
Epoch 4/60 | train_loss 1.2054 | union_precision 0.1455 | weighted_recall 0.2059 | union_precision 0.1455 | threshold 0.050 | val_model raw | lr 0.001000
Epoch 5/60 | train_loss 1.1450 | union_precision 0.1429 | weighted_recall 0.2059 | union_precision 0.1429 | threshold 0.050 | val_model raw | lr 0.001000
Epoch 6/60 | train_loss 1.1253 | union_precision 0.1296 | weighted_recall 0.1765 | union_precision 0.1296 | threshold 0.050 | val_model raw | lr 0.001000
Epoch 7/60 | train_loss 1.0388 | union_precision 0.1296 | weighted_recall 0.1765 | union_precision 0.1296 | threshold 0.050 | val_model raw | lr 0.001000
Epoch 8/60 | train_loss 1.0341 | union_precision 0.1296 | weighted_recall 0.1765 | union_precision 0.1296 | threshold 0.050 | val_model raw | lr 0.001000
Epoch 9/60 | train_loss 0.9937 | union_precision 0.1296 | weighted_recall 0.1765 | union_precision 0.1296 | threshold 0.050 | val_model raw | lr 0.001000
Epoch 10/60 | train_loss 0.9430 | union_precision 0.1224 | weighted_recall 0.1618 | union_precision 0.1224 | threshold 0.425 | val_model raw | lr 0.001000
Epoch 11/60 | train_loss 0.8998 | union_precision 0.1739 | weighted_recall 0.1324 | union_precision 0.1739 | threshold 0.575 | val_model raw | lr 0.001000
Early stopping at epoch 11
Held-out M59-1 | union_precision=0.2222 | weighted_recall=0.0294 | consensus_recall=0.0000
Epoch 1/60 | train_loss 1.5577 | union_precision 0.5000 | weighted_recall 0.0200 | union_precision 0.5000 | threshold 0.550 | val_model raw | lr 0.001000
Epoch 2/60 | train_loss 1.3838 | union_precision 0.2500 | weighted_recall 0.3200 | union_precision 0.2500 | threshold 0.475 | val_model raw | lr 0.001000
Epoch 3/60 | train_loss 1.2866 | union_precision 0.2759 | weighted_recall 0.3400 | union_precision 0.2759 | threshold 0.500 | val_model raw | lr 0.001000
Epoch 4/60 | train_loss 1.2041 | union_precision 0.2857 | weighted_recall 0.0600 | union_precision 0.2857 | threshold 0.575 | val_model raw | lr 0.001000
Epoch 5/60 | train_loss 1.1456 | union_precision 0.3333 | weighted_recall 0.0600 | union_precision 0.3333 | threshold 0.600 | val_model raw | lr 0.001000
Epoch 6/60 | train_loss 1.1148 | union_precision 0.3333 | weighted_recall 0.0600 | union_precision 0.3333 | threshold 0.625 | val_model raw | lr 0.001000
Epoch 7/60 | train_loss 1.0299 | union_precision 0.3333 | weighted_recall 0.0600 | union_precision 0.3333 | threshold 0.650 | val_model raw | lr 0.001000
Epoch 8/60 | train_loss 1.0247 | union_precision 0.5000 | weighted_recall 0.0100 | union_precision 0.5000 | threshold 0.700 | val_model raw | lr 0.001000
Epoch 9/60 | train_loss 0.9793 | union_precision 0.5000 | weighted_recall 0.0100 | union_precision 0.5000 | threshold 0.725 | val_model raw | lr 0.001000
Epoch 10/60 | train_loss 0.9359 | union_precision 0.4000 | weighted_recall 0.0600 | union_precision 0.4000 | threshold 0.700 | val_model raw | lr 0.001000
Epoch 11/60 | train_loss 0.8920 | union_precision 0.5000 | weighted_recall 0.0100 | union_precision 0.5000 | threshold 0.750 | val_model raw | lr 0.001000
Early stopping at epoch 11
Held-out M59-2 | union_precision=0.5000 | weighted_recall=0.0200 | consensus_recall=0.0000
Epoch 1/60 | train_loss 1.5459 | union_precision 0.0806 | weighted_recall 0.0610 | union_precision 0.0806 | threshold 0.450 | val_model raw | lr 0.001000
Epoch 2/60 | train_loss 1.3847 | union_precision 0.1176 | weighted_recall 0.0732 | union_precision 0.1176 | threshold 0.475 | val_model raw | lr 0.001000
Epoch 3/60 | train_loss 1.2801 | union_precision 0.2308 | weighted_recall 0.0854 | union_precision 0.2308 | threshold 0.525 | val_model raw | lr 0.001000
Epoch 4/60 | train_loss 1.2151 | union_precision 0.4286 | weighted_recall 0.0366 | union_precision 0.4286 | threshold 0.575 | val_model raw | lr 0.001000
Epoch 5/60 | train_loss 1.1524 | union_precision 0.5556 | weighted_recall 0.0610 | union_precision 0.5556 | threshold 0.600 | val_model raw | lr 0.001000
Epoch 6/60 | train_loss 1.1250 | union_precision 0.5000 | weighted_recall 0.0488 | union_precision 0.5000 | threshold 0.625 | val_model raw | lr 0.001000
Epoch 7/60 | train_loss 1.0389 | union_precision 1.0000 | weighted_recall 0.0122 | union_precision 1.0000 | threshold 0.725 | val_model raw | lr 0.001000
Epoch 8/60 | train_loss 1.0303 | union_precision 1.0000 | weighted_recall 0.0122 | union_precision 1.0000 | threshold 0.750 | val_model raw | lr 0.001000
Epoch 9/60 | train_loss 0.9897 | union_precision 1.0000 | weighted_recall 0.0122 | union_precision 1.0000 | threshold 0.775 | val_model raw | lr 0.001000
Epoch 10/60 | train_loss 0.9553 | union_precision 1.0000 | weighted_recall 0.0122 | union_precision 1.0000 | threshold 0.775 | val_model raw | lr 0.001000
Epoch 11/60 | train_loss 0.9035 | union_precision 1.0000 | weighted_recall 0.0122 | union_precision 1.0000 | threshold 0.800 | val_model raw | lr 0.001000
Epoch 12/60 | train_loss 0.8645 | union_precision 1.0000 | weighted_recall 0.0244 | union_precision 1.0000 | threshold 0.800 | val_model raw | lr 0.001000
Epoch 13/60 | train_loss 0.8514 | union_precision 1.0000 | weighted_recall 0.0244 | union_precision 1.0000 | threshold 0.800 | val_model raw | lr 0.001000
Epoch 14/60 | train_loss 0.8208 | union_precision 1.0000 | weighted_recall 0.0244 | union_precision 1.0000 | threshold 0.825 | val_model raw | lr 0.001000
Epoch 15/60 | train_loss 0.7778 | union_precision 1.0000 | weighted_recall 0.0244 | union_precision 1.0000 | threshold 0.825 | val_model raw | lr 0.001000
Epoch 16/60 | train_loss 0.7577 | union_precision 1.0000 | weighted_recall 0.0244 | union_precision 1.0000 | threshold 0.825 | val_model raw | lr 0.001000
Epoch 17/60 | train_loss 0.7183 | union_precision 1.0000 | weighted_recall 0.0244 | union_precision 1.0000 | threshold 0.850 | val_model raw | lr 0.001000
Epoch 18/60 | train_loss 0.6922 | union_precision 1.0000 | weighted_recall 0.0244 | union_precision 1.0000 | threshold 0.850 | val_model raw | lr 0.001000
Epoch 19/60 | train_loss 0.6580 | union_precision 1.0000 | weighted_recall 0.0244 | union_precision 1.0000 | threshold 0.850 | val_model raw | lr 0.001000
Epoch 20/60 | train_loss 0.6397 | union_precision 1.0000 | weighted_recall 0.0244 | union_precision 1.0000 | threshold 0.850 | val_model raw | lr 0.001000
Epoch 21/60 | train_loss 0.6227 | union_precision 0.7500 | weighted_recall 0.0366 | union_precision 0.7500 | threshold 0.750 | val_model raw | lr 0.001000
Epoch 22/60 | train_loss 0.5884 | union_precision 0.7500 | weighted_recall 0.0366 | union_precision 0.7500 | threshold 0.750 | val_model raw | lr 0.001000
Epoch 23/60 | train_loss 0.5720 | union_precision 0.8000 | weighted_recall 0.0488 | union_precision 0.8000 | threshold 0.750 | val_model raw | lr 0.001000
Epoch 24/60 | train_loss 0.5621 | union_precision 0.8000 | weighted_recall 0.0488 | union_precision 0.8000 | threshold 0.750 | val_model raw | lr 0.001000
Epoch 25/60 | train_loss 0.5202 | union_precision 0.8000 | weighted_recall 0.0488 | union_precision 0.8000 | threshold 0.750 | val_model raw | lr 0.001000
Epoch 26/60 | train_loss 0.5133 | union_precision 0.7500 | weighted_recall 0.0366 | union_precision 0.7500 | threshold 0.750 | val_model raw | lr 0.001000
Epoch 27/60 | train_loss 0.4861 | union_precision 0.7500 | weighted_recall 0.0366 | union_precision 0.7500 | threshold 0.750 | val_model raw | lr 0.001000
Epoch 28/60 | train_loss 0.4729 | union_precision 0.7500 | weighted_recall 0.0366 | union_precision 0.7500 | threshold 0.725 | val_model raw | lr 0.001000
Epoch 29/60 | train_loss 0.4536 | union_precision 0.7500 | weighted_recall 0.0366 | union_precision 0.7500 | threshold 0.700 | val_model raw | lr 0.001000
Epoch 30/60 | train_loss 0.4564 | union_precision 0.8000 | weighted_recall 0.0488 | union_precision 0.8000 | threshold 0.650 | val_model raw | lr 0.001000
Epoch 31/60 | train_loss 0.4197 | union_precision 0.7500 | weighted_recall 0.0366 | union_precision 0.7500 | threshold 0.650 | val_model raw | lr 0.001000
Epoch 32/60 | train_loss 0.4236 | union_precision 0.7500 | weighted_recall 0.0366 | union_precision 0.7500 | threshold 0.650 | val_model raw | lr 0.001000
Epoch 33/60 | train_loss 0.3836 | union_precision 0.7500 | weighted_recall 0.0366 | union_precision 0.7500 | threshold 0.625 | val_model raw | lr 0.001000
Early stopping at epoch 33
Held-out M59-3 | union_precision=0.8000 | weighted_recall=0.0488 | consensus_recall=0.0000
Epoch 1/60 | train_loss 1.5648 | union_precision 0.2857 | weighted_recall 0.0500 | union_precision 0.2857 | threshold 0.550 | val_model raw | lr 0.001000
Epoch 2/60 | train_loss 1.3781 | union_precision 0.5000 | weighted_recall 0.0333 | union_precision 0.5000 | threshold 0.600 | val_model raw | lr 0.001000
Epoch 3/60 | train_loss 1.2774 | union_precision 0.5000 | weighted_recall 0.0500 | union_precision 0.5000 | threshold 0.575 | val_model raw | lr 0.001000
Epoch 4/60 | train_loss 1.2072 | union_precision 0.5000 | weighted_recall 0.0500 | union_precision 0.5000 | threshold 0.600 | val_model raw | lr 0.001000
Epoch 5/60 | train_loss 1.1497 | union_precision 0.2500 | weighted_recall 0.0167 | union_precision 0.2500 | threshold 0.625 | val_model raw | lr 0.001000
Epoch 6/60 | train_loss 1.1100 | union_precision 0.2917 | weighted_recall 0.2667 | union_precision 0.2917 | threshold 0.500 | val_model raw | lr 0.001000
Epoch 7/60 | train_loss 1.0312 | union_precision 0.2917 | weighted_recall 0.2667 | union_precision 0.2917 | threshold 0.500 | val_model raw | lr 0.001000
Epoch 8/60 | train_loss 1.0236 | union_precision 0.3333 | weighted_recall 0.0167 | union_precision 0.3333 | threshold 0.725 | val_model raw | lr 0.001000
Epoch 9/60 | train_loss 0.9844 | union_precision 0.3333 | weighted_recall 0.0167 | union_precision 0.3333 | threshold 0.725 | val_model raw | lr 0.001000
Epoch 10/60 | train_loss 0.9503 | union_precision 0.3333 | weighted_recall 0.0167 | union_precision 0.3333 | threshold 0.725 | val_model raw | lr 0.001000
Epoch 11/60 | train_loss 0.8979 | union_precision 0.2667 | weighted_recall 0.2333 | union_precision 0.2667 | threshold 0.450 | val_model raw | lr 0.001000
Epoch 12/60 | train_loss 0.8511 | union_precision 0.3333 | weighted_recall 0.0667 | union_precision 0.3333 | threshold 0.675 | val_model raw | lr 0.001000
Epoch 13/60 | train_loss 0.8410 | union_precision 0.3333 | weighted_recall 0.0667 | union_precision 0.3333 | threshold 0.675 | val_model raw | lr 0.001000
Early stopping at epoch 13
Held-out M63-1 | union_precision=0.5000 | weighted_recall=0.0500 | consensus_recall=0.0000
Epoch 1/60 | train_loss 1.5652 | union_precision 0.2857 | weighted_recall 0.1250 | union_precision 0.2857 | threshold 0.550 | val_model raw | lr 0.001000
Epoch 2/60 | train_loss 1.3842 | union_precision 0.2500 | weighted_recall 0.0625 | union_precision 0.2500 | threshold 0.575 | val_model raw | lr 0.001000
Epoch 3/60 | train_loss 1.2834 | union_precision 0.4000 | weighted_recall 0.1250 | union_precision 0.4000 | threshold 0.575 | val_model raw | lr 0.001000
Epoch 4/60 | train_loss 1.2134 | union_precision 0.3333 | weighted_recall 0.0625 | union_precision 0.3333 | threshold 0.600 | val_model raw | lr 0.001000
Epoch 5/60 | train_loss 1.1536 | union_precision 0.3333 | weighted_recall 0.1250 | union_precision 0.3333 | threshold 0.600 | val_model raw | lr 0.001000
Epoch 6/60 | train_loss 1.1175 | union_precision 0.4000 | weighted_recall 0.1250 | union_precision 0.4000 | threshold 0.625 | val_model raw | lr 0.001000
Epoch 7/60 | train_loss 1.0407 | union_precision 0.3333 | weighted_recall 0.1875 | union_precision 0.3333 | threshold 0.625 | val_model raw | lr 0.001000
Epoch 8/60 | train_loss 1.0351 | union_precision 0.2500 | weighted_recall 0.1875 | union_precision 0.2500 | threshold 0.625 | val_model raw | lr 0.001000
Epoch 9/60 | train_loss 0.9867 | union_precision 0.3333 | weighted_recall 0.1250 | union_precision 0.3333 | threshold 0.650 | val_model raw | lr 0.001000
Epoch 10/60 | train_loss 0.9607 | union_precision 0.2500 | weighted_recall 0.3125 | union_precision 0.2500 | threshold 0.600 | val_model raw | lr 0.001000
Epoch 11/60 | train_loss 0.9075 | union_precision 0.4000 | weighted_recall 0.1250 | union_precision 0.4000 | threshold 0.675 | val_model raw | lr 0.001000
Epoch 12/60 | train_loss 0.8647 | union_precision 0.4286 | weighted_recall 0.3125 | union_precision 0.4286 | threshold 0.675 | val_model raw | lr 0.001000
Epoch 13/60 | train_loss 0.8509 | union_precision 0.4286 | weighted_recall 0.3125 | union_precision 0.4286 | threshold 0.675 | val_model raw | lr 0.001000
Epoch 14/60 | train_loss 0.8167 | union_precision 0.4286 | weighted_recall 0.3125 | union_precision 0.4286 | threshold 0.675 | val_model raw | lr 0.001000
Epoch 15/60 | train_loss 0.7769 | union_precision 0.4286 | weighted_recall 0.3125 | union_precision 0.4286 | threshold 0.700 | val_model raw | lr 0.001000
Epoch 16/60 | train_loss 0.7559 | union_precision 0.4286 | weighted_recall 0.3125 | union_precision 0.4286 | threshold 0.700 | val_model raw | lr 0.001000
Epoch 17/60 | train_loss 0.7172 | union_precision 0.4286 | weighted_recall 0.3125 | union_precision 0.4286 | threshold 0.700 | val_model raw | lr 0.001000
Epoch 18/60 | train_loss 0.6977 | union_precision 0.4286 | weighted_recall 0.3125 | union_precision 0.4286 | threshold 0.700 | val_model raw | lr 0.001000
Epoch 19/60 | train_loss 0.6544 | union_precision 0.4286 | weighted_recall 0.3125 | union_precision 0.4286 | threshold 0.700 | val_model raw | lr 0.001000
Epoch 20/60 | train_loss 0.6406 | union_precision 0.4545 | weighted_recall 0.4375 | union_precision 0.4545 | threshold 0.650 | val_model raw | lr 0.001000
Epoch 21/60 | train_loss 0.6287 | union_precision 0.4444 | weighted_recall 0.3750 | union_precision 0.4444 | threshold 0.675 | val_model raw | lr 0.001000
Epoch 22/60 | train_loss 0.5910 | union_precision 0.5000 | weighted_recall 0.3750 | union_precision 0.5000 | threshold 0.675 | val_model raw | lr 0.001000
Epoch 23/60 | train_loss 0.5754 | union_precision 0.5000 | weighted_recall 0.3750 | union_precision 0.5000 | threshold 0.650 | val_model raw | lr 0.001000
Epoch 24/60 | train_loss 0.5750 | union_precision 0.5000 | weighted_recall 0.3750 | union_precision 0.5000 | threshold 0.625 | val_model raw | lr 0.001000
Epoch 25/60 | train_loss 0.5260 | union_precision 0.5000 | weighted_recall 0.3750 | union_precision 0.5000 | threshold 0.600 | val_model raw | lr 0.001000
Epoch 26/60 | train_loss 0.5207 | union_precision 0.5000 | weighted_recall 0.3750 | union_precision 0.5000 | threshold 0.600 | val_model raw | lr 0.001000
Epoch 27/60 | train_loss 0.4911 | union_precision 0.4286 | weighted_recall 0.3125 | union_precision 0.4286 | threshold 0.600 | val_model raw | lr 0.001000
Epoch 28/60 | train_loss 0.4797 | union_precision 0.4286 | weighted_recall 0.3125 | union_precision 0.4286 | threshold 0.600 | val_model raw | lr 0.001000
Epoch 29/60 | train_loss 0.4612 | union_precision 0.4286 | weighted_recall 0.3125 | union_precision 0.4286 | threshold 0.575 | val_model raw | lr 0.001000
Epoch 30/60 | train_loss 0.4609 | union_precision 0.4286 | weighted_recall 0.3125 | union_precision 0.4286 | threshold 0.575 | val_model raw | lr 0.001000
Epoch 31/60 | train_loss 0.4262 | union_precision 0.4286 | weighted_recall 0.3125 | union_precision 0.4286 | threshold 0.550 | val_model raw | lr 0.001000
Epoch 32/60 | train_loss 0.4223 | union_precision 0.4286 | weighted_recall 0.3125 | union_precision 0.4286 | threshold 0.550 | val_model raw | lr 0.001000
Early stopping at epoch 32
Held-out M63-3 | union_precision=0.5000 | weighted_recall=0.3750 | consensus_recall=0.0000
Epoch 1/60 | train_loss 1.5598 | union_precision 0.4000 | weighted_recall 0.1667 | union_precision 0.4000 | threshold 0.550 | val_model raw | lr 0.001000
Epoch 2/60 | train_loss 1.3794 | union_precision 0.4000 | weighted_recall 0.3333 | union_precision 0.4000 | threshold 0.550 | val_model raw | lr 0.001000
Epoch 3/60 | train_loss 1.2796 | union_precision 0.4000 | weighted_recall 0.3333 | union_precision 0.4000 | threshold 0.575 | val_model raw | lr 0.001000
Epoch 4/60 | train_loss 1.2062 | union_precision 0.4000 | weighted_recall 0.3333 | union_precision 0.4000 | threshold 0.575 | val_model raw | lr 0.001000
Epoch 5/60 | train_loss 1.1495 | union_precision 0.4000 | weighted_recall 0.3333 | union_precision 0.4000 | threshold 0.625 | val_model raw | lr 0.001000
Epoch 6/60 | train_loss 1.1170 | union_precision 0.4000 | weighted_recall 0.3333 | union_precision 0.4000 | threshold 0.625 | val_model raw | lr 0.001000
Epoch 7/60 | train_loss 1.0389 | union_precision 0.4000 | weighted_recall 0.3333 | union_precision 0.4000 | threshold 0.650 | val_model raw | lr 0.001000
Epoch 8/60 | train_loss 1.0334 | union_precision 0.5000 | weighted_recall 0.3333 | union_precision 0.5000 | threshold 0.650 | val_model raw | lr 0.001000
Epoch 9/60 | train_loss 0.9842 | union_precision 0.5000 | weighted_recall 0.3333 | union_precision 0.5000 | threshold 0.650 | val_model raw | lr 0.001000
Epoch 10/60 | train_loss 0.9559 | union_precision 0.5000 | weighted_recall 0.3333 | union_precision 0.5000 | threshold 0.650 | val_model raw | lr 0.001000
Epoch 11/60 | train_loss 0.9031 | union_precision 0.5000 | weighted_recall 0.3333 | union_precision 0.5000 | threshold 0.650 | val_model raw | lr 0.001000
Epoch 12/60 | train_loss 0.8640 | union_precision 0.5000 | weighted_recall 0.3333 | union_precision 0.5000 | threshold 0.650 | val_model raw | lr 0.001000
Epoch 13/60 | train_loss 0.8455 | union_precision 0.5000 | weighted_recall 0.3333 | union_precision 0.5000 | threshold 0.650 | val_model raw | lr 0.001000
Epoch 14/60 | train_loss 0.8099 | union_precision 0.5000 | weighted_recall 0.3333 | union_precision 0.5000 | threshold 0.675 | val_model raw | lr 0.001000
Epoch 15/60 | train_loss 0.7703 | union_precision 0.5000 | weighted_recall 0.3333 | union_precision 0.5000 | threshold 0.675 | val_model raw | lr 0.001000
Epoch 16/60 | train_loss 0.7532 | union_precision 0.5000 | weighted_recall 0.5000 | union_precision 0.5000 | threshold 0.650 | val_model raw | lr 0.001000
Epoch 17/60 | train_loss 0.7136 | union_precision 0.5000 | weighted_recall 0.5000 | union_precision 0.5000 | threshold 0.650 | val_model raw | lr 0.001000
Epoch 18/60 | train_loss 0.6933 | union_precision 0.6000 | weighted_recall 0.5000 | union_precision 0.6000 | threshold 0.650 | val_model raw | lr 0.001000
Epoch 19/60 | train_loss 0.6480 | union_precision 0.6000 | weighted_recall 0.5000 | union_precision 0.6000 | threshold 0.675 | val_model raw | lr 0.001000
Epoch 20/60 | train_loss 0.6344 | union_precision 0.6000 | weighted_recall 0.5000 | union_precision 0.6000 | threshold 0.675 | val_model raw | lr 0.001000
Epoch 21/60 | train_loss 0.6237 | union_precision 0.6000 | weighted_recall 0.5000 | union_precision 0.6000 | threshold 0.650 | val_model raw | lr 0.001000
Epoch 22/60 | train_loss 0.5878 | union_precision 0.6000 | weighted_recall 0.5000 | union_precision 0.6000 | threshold 0.650 | val_model raw | lr 0.001000
Epoch 23/60 | train_loss 0.5686 | union_precision 0.6000 | weighted_recall 0.5000 | union_precision 0.6000 | threshold 0.650 | val_model raw | lr 0.001000
Epoch 24/60 | train_loss 0.5710 | union_precision 0.6000 | weighted_recall 0.5000 | union_precision 0.6000 | threshold 0.650 | val_model raw | lr 0.001000
Epoch 25/60 | train_loss 0.5170 | union_precision 0.6000 | weighted_recall 0.5000 | union_precision 0.6000 | threshold 0.650 | val_model raw | lr 0.001000
Epoch 26/60 | train_loss 0.5122 | union_precision 0.6000 | weighted_recall 0.5000 | union_precision 0.6000 | threshold 0.650 | val_model raw | lr 0.001000
Epoch 27/60 | train_loss 0.4840 | union_precision 0.6000 | weighted_recall 0.2333 | union_precision 0.6000 | threshold 0.675 | val_model raw | lr 0.001000
Epoch 28/60 | train_loss 0.4717 | union_precision 0.6000 | weighted_recall 0.2333 | union_precision 0.6000 | threshold 0.675 | val_model raw | lr 0.001000
Early stopping at epoch 28
Held-out M67-1 | union_precision=0.6000 | weighted_recall=0.5000 | consensus_recall=0.0000
Epoch 1/60 | train_loss 1.5609 | union_precision 0.0000 | weighted_recall 0.0000 | union_precision 0.0000 | threshold 0.050 | val_model raw | lr 0.001000
Epoch 2/60 | train_loss 1.3810 | union_precision 0.0312 | weighted_recall 1.0000 | union_precision 0.0312 | threshold 0.050 | val_model raw | lr 0.001000
Epoch 3/60 | train_loss 1.2848 | union_precision 0.0303 | weighted_recall 1.0000 | union_precision 0.0303 | threshold 0.050 | val_model raw | lr 0.001000
Epoch 4/60 | train_loss 1.2097 | union_precision 0.0000 | weighted_recall 0.0000 | union_precision 0.0000 | threshold 0.050 | val_model raw | lr 0.001000
Epoch 5/60 | train_loss 1.1532 | union_precision 0.0000 | weighted_recall 0.0000 | union_precision 0.0000 | threshold 0.050 | val_model raw | lr 0.001000
Epoch 6/60 | train_loss 1.1185 | union_precision 0.0000 | weighted_recall 0.0000 | union_precision 0.0000 | threshold 0.050 | val_model raw | lr 0.001000
Epoch 7/60 | train_loss 1.0439 | union_precision 0.0000 | weighted_recall 0.0000 | union_precision 0.0000 | threshold 0.050 | val_model raw | lr 0.001000
Epoch 8/60 | train_loss 1.0360 | union_precision 0.0000 | weighted_recall 0.0000 | union_precision 0.0000 | threshold 0.050 | val_model raw | lr 0.001000
Epoch 9/60 | train_loss 0.9855 | union_precision 0.0303 | weighted_recall 1.0000 | union_precision 0.0303 | threshold 0.425 | val_model raw | lr 0.001000
Epoch 10/60 | train_loss 0.9601 | union_precision 0.0312 | weighted_recall 1.0000 | union_precision 0.0312 | threshold 0.425 | val_model raw | lr 0.001000
Epoch 11/60 | train_loss 0.9141 | union_precision 0.0312 | weighted_recall 1.0000 | union_precision 0.0312 | threshold 0.400 | val_model raw | lr 0.001000
Epoch 12/60 | train_loss 0.8702 | union_precision 0.0303 | weighted_recall 1.0000 | union_precision 0.0303 | threshold 0.400 | val_model raw | lr 0.001000
Early stopping at epoch 12
Held-out M67-2 | union_precision=0.0312 | weighted_recall=1.0000 | consensus_recall=0.0000
Epoch 1/60 | train_loss 1.5627 | union_precision 1.0000 | weighted_recall 0.2857 | union_precision 1.0000 | threshold 0.600 | val_model raw | lr 0.001000
Epoch 2/60 | train_loss 1.3828 | union_precision 1.0000 | weighted_recall 0.2857 | union_precision 1.0000 | threshold 0.600 | val_model raw | lr 0.001000
Epoch 3/60 | train_loss 1.2851 | union_precision 1.0000 | weighted_recall 0.2857 | union_precision 1.0000 | threshold 0.625 | val_model raw | lr 0.001000
Epoch 4/60 | train_loss 1.2098 | union_precision 1.0000 | weighted_recall 0.2857 | union_precision 1.0000 | threshold 0.625 | val_model raw | lr 0.001000
Epoch 5/60 | train_loss 1.1522 | union_precision 0.5000 | weighted_recall 0.2857 | union_precision 0.5000 | threshold 0.650 | val_model raw | lr 0.001000
Epoch 6/60 | train_loss 1.1182 | union_precision 0.2222 | weighted_recall 0.2857 | union_precision 0.2222 | threshold 0.650 | val_model raw | lr 0.001000
Epoch 7/60 | train_loss 1.0428 | union_precision 0.2857 | weighted_recall 0.2857 | union_precision 0.2857 | threshold 0.675 | val_model raw | lr 0.001000
Epoch 8/60 | train_loss 1.0362 | union_precision 0.2222 | weighted_recall 0.2857 | union_precision 0.2222 | threshold 0.675 | val_model raw | lr 0.001000
Epoch 9/60 | train_loss 0.9844 | union_precision 0.2857 | weighted_recall 0.2857 | union_precision 0.2857 | threshold 0.700 | val_model raw | lr 0.001000
Epoch 10/60 | train_loss 0.9578 | union_precision 0.2222 | weighted_recall 0.2857 | union_precision 0.2222 | threshold 0.675 | val_model raw | lr 0.001000
Epoch 11/60 | train_loss 0.9135 | union_precision 0.2222 | weighted_recall 0.2857 | union_precision 0.2222 | threshold 0.675 | val_model raw | lr 0.001000
Early stopping at epoch 11
Held-out M67-3 | union_precision=1.0000 | weighted_recall=0.2857 | consensus_recall=0.0000
Epoch 1/60 | train_loss 1.5617 | union_precision 0.3636 | weighted_recall 0.0943 | union_precision 0.3636 | threshold 0.550 | val_model raw | lr 0.001000
Epoch 2/60 | train_loss 1.3817 | union_precision 0.3846 | weighted_recall 0.2642 | union_precision 0.3846 | threshold 0.550 | val_model raw | lr 0.001000
Epoch 3/60 | train_loss 1.2814 | union_precision 0.3636 | weighted_recall 0.2453 | union_precision 0.3636 | threshold 0.575 | val_model raw | lr 0.001000
Epoch 4/60 | train_loss 1.2081 | union_precision 0.5000 | weighted_recall 0.2453 | union_precision 0.5000 | threshold 0.600 | val_model raw | lr 0.001000
Epoch 5/60 | train_loss 1.1505 | union_precision 0.5000 | weighted_recall 0.1132 | union_precision 0.5000 | threshold 0.625 | val_model raw | lr 0.001000
Epoch 6/60 | train_loss 1.1152 | union_precision 0.4375 | weighted_recall 0.3208 | union_precision 0.4375 | threshold 0.625 | val_model raw | lr 0.001000
Epoch 7/60 | train_loss 1.0396 | union_precision 1.0000 | weighted_recall 0.0755 | union_precision 1.0000 | threshold 0.675 | val_model raw | lr 0.001000
Epoch 8/60 | train_loss 1.0317 | union_precision 0.8000 | weighted_recall 0.1132 | union_precision 0.8000 | threshold 0.675 | val_model raw | lr 0.001000
Epoch 9/60 | train_loss 0.9809 | union_precision 0.8000 | weighted_recall 0.1132 | union_precision 0.8000 | threshold 0.675 | val_model raw | lr 0.001000
Epoch 10/60 | train_loss 0.9577 | union_precision 0.8000 | weighted_recall 0.1132 | union_precision 0.8000 | threshold 0.675 | val_model raw | lr 0.001000
Epoch 11/60 | train_loss 0.9087 | union_precision 0.8750 | weighted_recall 0.3208 | union_precision 0.8750 | threshold 0.675 | val_model raw | lr 0.001000
Epoch 12/60 | train_loss 0.8665 | union_precision 0.8750 | weighted_recall 0.3208 | union_precision 0.8750 | threshold 0.675 | val_model raw | lr 0.001000
Epoch 13/60 | train_loss 0.8471 | union_precision 0.7778 | weighted_recall 0.3208 | union_precision 0.7778 | threshold 0.675 | val_model raw | lr 0.001000
Epoch 14/60 | train_loss 0.8093 | union_precision 0.7778 | weighted_recall 0.3208 | union_precision 0.7778 | threshold 0.675 | val_model raw | lr 0.001000
Epoch 15/60 | train_loss 0.7778 | union_precision 0.7778 | weighted_recall 0.3208 | union_precision 0.7778 | threshold 0.675 | val_model raw | lr 0.001000
Epoch 16/60 | train_loss 0.7599 | union_precision 0.8000 | weighted_recall 0.3396 | union_precision 0.8000 | threshold 0.675 | val_model raw | lr 0.001000
Epoch 17/60 | train_loss 0.7136 | union_precision 0.7692 | weighted_recall 0.5094 | union_precision 0.7692 | threshold 0.675 | val_model raw | lr 0.001000
Epoch 18/60 | train_loss 0.6969 | union_precision 0.7692 | weighted_recall 0.5094 | union_precision 0.7692 | threshold 0.675 | val_model raw | lr 0.001000
Epoch 19/60 | train_loss 0.6464 | union_precision 0.7692 | weighted_recall 0.5094 | union_precision 0.7692 | threshold 0.675 | val_model raw | lr 0.001000
Epoch 20/60 | train_loss 0.6383 | union_precision 0.7273 | weighted_recall 0.3208 | union_precision 0.7273 | threshold 0.675 | val_model raw | lr 0.001000
Epoch 21/60 | train_loss 0.6291 | union_precision 0.7778 | weighted_recall 0.3019 | union_precision 0.7778 | threshold 0.675 | val_model raw | lr 0.001000
Epoch 22/60 | train_loss 0.5952 | union_precision 0.7333 | weighted_recall 0.5283 | union_precision 0.7333 | threshold 0.625 | val_model raw | lr 0.001000
Epoch 23/60 | train_loss 0.5735 | union_precision 0.7500 | weighted_recall 0.3396 | union_precision 0.7500 | threshold 0.625 | val_model raw | lr 0.001000
Epoch 24/60 | train_loss 0.5748 | union_precision 0.7143 | weighted_recall 0.2642 | union_precision 0.7143 | threshold 0.650 | val_model raw | lr 0.001000
Epoch 25/60 | train_loss 0.5249 | union_precision 0.7500 | weighted_recall 0.2264 | union_precision 0.7500 | threshold 0.675 | val_model raw | lr 0.001000
Epoch 26/60 | train_loss 0.5159 | union_precision 0.7500 | weighted_recall 0.2264 | union_precision 0.7500 | threshold 0.675 | val_model raw | lr 0.001000
Epoch 27/60 | train_loss 0.4820 | union_precision 1.0000 | weighted_recall 0.2264 | union_precision 1.0000 | threshold 0.675 | val_model raw | lr 0.001000
Epoch 28/60 | train_loss 0.4761 | union_precision 1.0000 | weighted_recall 0.1887 | union_precision 1.0000 | threshold 0.675 | val_model raw | lr 0.001000
Epoch 29/60 | train_loss 0.4487 | union_precision 1.0000 | weighted_recall 0.1321 | union_precision 1.0000 | threshold 0.675 | val_model raw | lr 0.001000
Epoch 30/60 | train_loss 0.4541 | union_precision 1.0000 | weighted_recall 0.1321 | union_precision 1.0000 | threshold 0.675 | val_model raw | lr 0.001000
Epoch 31/60 | train_loss 0.4264 | union_precision 1.0000 | weighted_recall 0.1321 | union_precision 1.0000 | threshold 0.675 | val_model raw | lr 0.001000
Epoch 32/60 | train_loss 0.4187 | union_precision 1.0000 | weighted_recall 0.1321 | union_precision 1.0000 | threshold 0.675 | val_model raw | lr 0.001000
Early stopping at epoch 32
Held-out M67-4 | union_precision=0.7333 | weighted_recall=0.5283 | consensus_recall=0.0000
Epoch 1/60 | train_loss 1.5574 | union_precision 0.1852 | weighted_recall 0.2391 | union_precision 0.1852 | threshold 0.475 | val_model raw | lr 0.001000
Epoch 2/60 | train_loss 1.3876 | union_precision 0.1923 | weighted_recall 0.2391 | union_precision 0.1923 | threshold 0.425 | val_model raw | lr 0.001000
Epoch 3/60 | train_loss 1.2773 | union_precision 0.3333 | weighted_recall 0.0870 | union_precision 0.3333 | threshold 0.575 | val_model raw | lr 0.001000
Epoch 4/60 | train_loss 1.2076 | union_precision 0.3333 | weighted_recall 0.0870 | union_precision 0.3333 | threshold 0.575 | val_model raw | lr 0.001000
Epoch 5/60 | train_loss 1.1478 | union_precision 0.3333 | weighted_recall 0.0870 | union_precision 0.3333 | threshold 0.575 | val_model raw | lr 0.001000
Epoch 6/60 | train_loss 1.1113 | union_precision 0.4000 | weighted_recall 0.1304 | union_precision 0.4000 | threshold 0.575 | val_model raw | lr 0.001000
Epoch 7/60 | train_loss 1.0318 | union_precision 0.5000 | weighted_recall 0.1304 | union_precision 0.5000 | threshold 0.600 | val_model raw | lr 0.001000
Epoch 8/60 | train_loss 1.0235 | union_precision 0.5000 | weighted_recall 0.1522 | union_precision 0.5000 | threshold 0.575 | val_model raw | lr 0.001000
Epoch 9/60 | train_loss 0.9759 | union_precision 0.5000 | weighted_recall 0.1522 | union_precision 0.5000 | threshold 0.575 | val_model raw | lr 0.001000
Epoch 10/60 | train_loss 0.9470 | union_precision 0.5714 | weighted_recall 0.2174 | union_precision 0.5714 | threshold 0.575 | val_model raw | lr 0.001000
Epoch 11/60 | train_loss 0.9049 | union_precision 0.5714 | weighted_recall 0.4130 | union_precision 0.5714 | threshold 0.600 | val_model raw | lr 0.001000
Epoch 12/60 | train_loss 0.8607 | union_precision 0.5714 | weighted_recall 0.4130 | union_precision 0.5714 | threshold 0.600 | val_model raw | lr 0.001000
Epoch 13/60 | train_loss 0.8368 | union_precision 0.6667 | weighted_recall 0.1304 | union_precision 0.6667 | threshold 0.675 | val_model raw | lr 0.001000
Epoch 14/60 | train_loss 0.8019 | union_precision 0.6250 | weighted_recall 0.4348 | union_precision 0.6250 | threshold 0.600 | val_model raw | lr 0.001000
Epoch 15/60 | train_loss 0.7680 | union_precision 0.6667 | weighted_recall 0.3696 | union_precision 0.6667 | threshold 0.650 | val_model raw | lr 0.001000
Epoch 16/60 | train_loss 0.7469 | union_precision 0.6667 | weighted_recall 0.1304 | union_precision 0.6667 | threshold 0.700 | val_model raw | lr 0.001000
Epoch 17/60 | train_loss 0.7030 | union_precision 0.6000 | weighted_recall 0.1522 | union_precision 0.6000 | threshold 0.675 | val_model raw | lr 0.001000
Epoch 18/60 | train_loss 0.6908 | union_precision 0.6000 | weighted_recall 0.1522 | union_precision 0.6000 | threshold 0.700 | val_model raw | lr 0.001000
Epoch 19/60 | train_loss 0.6365 | union_precision 0.6000 | weighted_recall 0.1522 | union_precision 0.6000 | threshold 0.700 | val_model raw | lr 0.001000
Epoch 20/60 | train_loss 0.6240 | union_precision 0.5714 | weighted_recall 0.3696 | union_precision 0.5714 | threshold 0.625 | val_model raw | lr 0.001000
Epoch 21/60 | train_loss 0.6203 | union_precision 0.5000 | weighted_recall 0.4565 | union_precision 0.5000 | threshold 0.525 | val_model raw | lr 0.001000
Epoch 22/60 | train_loss 0.5794 | union_precision 0.6667 | weighted_recall 0.2174 | union_precision 0.6667 | threshold 0.625 | val_model raw | lr 0.001000
Epoch 23/60 | train_loss 0.5664 | union_precision 0.6667 | weighted_recall 0.2174 | union_precision 0.6667 | threshold 0.625 | val_model raw | lr 0.001000
Epoch 24/60 | train_loss 0.5713 | union_precision 0.6667 | weighted_recall 0.2174 | union_precision 0.6667 | threshold 0.625 | val_model raw | lr 0.001000
Epoch 25/60 | train_loss 0.5201 | union_precision 0.6667 | weighted_recall 0.2174 | union_precision 0.6667 | threshold 0.625 | val_model raw | lr 0.001000
Early stopping at epoch 25
Held-out M68-1 | union_precision=0.6667 | weighted_recall=0.3696 | consensus_recall=0.0000
Epoch 1/60 | train_loss 1.5610 | union_precision 0.6000 | weighted_recall 0.2857 | union_precision 0.6000 | threshold 0.575 | val_model raw | lr 0.001000
Epoch 2/60 | train_loss 1.3850 | union_precision 0.6667 | weighted_recall 0.0816 | union_precision 0.6667 | threshold 0.600 | val_model raw | lr 0.001000
Epoch 3/60 | train_loss 1.2883 | union_precision 0.5000 | weighted_recall 0.0408 | union_precision 0.5000 | threshold 0.625 | val_model raw | lr 0.001000
Epoch 4/60 | train_loss 1.2140 | union_precision 0.3750 | weighted_recall 0.6939 | union_precision 0.3750 | threshold 0.550 | val_model raw | lr 0.001000
Epoch 5/60 | train_loss 1.1563 | union_precision 0.3889 | weighted_recall 0.7143 | union_precision 0.3889 | threshold 0.550 | val_model raw | lr 0.001000
Epoch 6/60 | train_loss 1.1201 | union_precision 0.4118 | weighted_recall 0.7143 | union_precision 0.4118 | threshold 0.575 | val_model raw | lr 0.001000
Epoch 7/60 | train_loss 1.0378 | union_precision 0.4118 | weighted_recall 0.7143 | union_precision 0.4118 | threshold 0.575 | val_model raw | lr 0.001000
Epoch 8/60 | train_loss 1.0312 | union_precision 0.4118 | weighted_recall 0.7143 | union_precision 0.4118 | threshold 0.600 | val_model raw | lr 0.001000
Epoch 9/60 | train_loss 0.9864 | union_precision 0.4118 | weighted_recall 0.7143 | union_precision 0.4118 | threshold 0.600 | val_model raw | lr 0.001000
Epoch 10/60 | train_loss 0.9572 | union_precision 0.4286 | weighted_recall 0.6939 | union_precision 0.4286 | threshold 0.675 | val_model raw | lr 0.001000
Epoch 11/60 | train_loss 0.9121 | union_precision 0.5000 | weighted_recall 0.6531 | union_precision 0.5000 | threshold 0.700 | val_model raw | lr 0.001000
Epoch 12/60 | train_loss 0.8708 | union_precision 0.5000 | weighted_recall 0.6531 | union_precision 0.5000 | threshold 0.700 | val_model raw | lr 0.001000
Early stopping at epoch 12
Held-out M68-2 | union_precision=0.6667 | weighted_recall=0.0816 | consensus_recall=0.0000
Epoch 1/60 | train_loss 1.5504 | union_precision 0.1176 | weighted_recall 0.5405 | union_precision 0.1176 | threshold 0.525 | val_model raw | lr 0.001000
Epoch 2/60 | train_loss 1.3792 | union_precision 0.1250 | weighted_recall 0.5405 | union_precision 0.1250 | threshold 0.575 | val_model raw | lr 0.001000
Epoch 3/60 | train_loss 1.2834 | union_precision 0.1429 | weighted_recall 0.8378 | union_precision 0.1429 | threshold 0.475 | val_model raw | lr 0.001000
Epoch 4/60 | train_loss 1.2086 | union_precision 0.1333 | weighted_recall 0.8378 | union_precision 0.1333 | threshold 0.600 | val_model raw | lr 0.001000
Epoch 5/60 | train_loss 1.1513 | union_precision 0.1250 | weighted_recall 0.8378 | union_precision 0.1250 | threshold 0.625 | val_model raw | lr 0.001000
Epoch 6/60 | train_loss 1.1221 | union_precision 0.1176 | weighted_recall 0.8378 | union_precision 0.1176 | threshold 0.500 | val_model raw | lr 0.001000
Epoch 7/60 | train_loss 1.0398 | union_precision 0.1333 | weighted_recall 0.8378 | union_precision 0.1333 | threshold 0.650 | val_model raw | lr 0.001000
Epoch 8/60 | train_loss 1.0277 | union_precision 0.1429 | weighted_recall 0.8378 | union_precision 0.1429 | threshold 0.675 | val_model raw | lr 0.001000
Epoch 9/60 | train_loss 0.9842 | union_precision 0.1250 | weighted_recall 0.8378 | union_precision 0.1250 | threshold 0.675 | val_model raw | lr 0.001000
Epoch 10/60 | train_loss 0.9561 | union_precision 0.1250 | weighted_recall 0.8378 | union_precision 0.1250 | threshold 0.675 | val_model raw | lr 0.001000
Epoch 11/60 | train_loss 0.9097 | union_precision 0.1333 | weighted_recall 0.8378 | union_precision 0.1333 | threshold 0.725 | val_model raw | lr 0.001000
Epoch 12/60 | train_loss 0.8693 | union_precision 0.1333 | weighted_recall 0.8378 | union_precision 0.1333 | threshold 0.775 | val_model raw | lr 0.001000
Epoch 13/60 | train_loss 0.8508 | union_precision 0.1250 | weighted_recall 0.8378 | union_precision 0.1250 | threshold 0.575 | val_model raw | lr 0.001000
Early stopping at epoch 13
Held-out M68-3 | union_precision=0.1429 | weighted_recall=0.8378 | consensus_recall=0.0000
Epoch 1/60 | train_loss 1.5433 | union_precision 0.4000 | weighted_recall 0.0199 | union_precision 0.4000 | threshold 0.650 | val_model raw | lr 0.001000
Epoch 2/60 | train_loss 1.4033 | union_precision 0.4000 | weighted_recall 0.0199 | union_precision 0.4000 | threshold 0.625 | val_model raw | lr 0.001000
Epoch 3/60 | train_loss 1.3013 | union_precision 0.5714 | weighted_recall 0.0830 | union_precision 0.5714 | threshold 0.575 | val_model raw | lr 0.001000
Epoch 4/60 | train_loss 1.2024 | union_precision 0.5714 | weighted_recall 0.0830 | union_precision 0.5714 | threshold 0.600 | val_model raw | lr 0.001000
Epoch 5/60 | train_loss 1.1490 | union_precision 0.5714 | weighted_recall 0.0508 | union_precision 0.5714 | threshold 0.650 | val_model raw | lr 0.001000
Epoch 6/60 | train_loss 1.1230 | union_precision 0.6667 | weighted_recall 0.0508 | union_precision 0.6667 | threshold 0.650 | val_model raw | lr 0.001000
Epoch 7/60 | train_loss 1.0605 | union_precision 0.6667 | weighted_recall 0.0508 | union_precision 0.6667 | threshold 0.675 | val_model raw | lr 0.001000
Epoch 8/60 | train_loss 1.0240 | union_precision 0.5714 | weighted_recall 0.0508 | union_precision 0.5714 | threshold 0.675 | val_model raw | lr 0.001000
Epoch 9/60 | train_loss 0.9839 | union_precision 1.0000 | weighted_recall 0.0123 | union_precision 1.0000 | threshold 0.725 | val_model raw | lr 0.001000
Epoch 10/60 | train_loss 0.9492 | union_precision 0.7778 | weighted_recall 0.0830 | union_precision 0.7778 | threshold 0.675 | val_model raw | lr 0.001000
Epoch 11/60 | train_loss 0.9288 | union_precision 0.7143 | weighted_recall 0.1323 | union_precision 0.7143 | threshold 0.675 | val_model raw | lr 0.001000
Epoch 12/60 | train_loss 0.8760 | union_precision 0.7500 | weighted_recall 0.1247 | union_precision 0.7500 | threshold 0.700 | val_model raw | lr 0.001000
Epoch 13/60 | train_loss 0.8749 | union_precision 0.7500 | weighted_recall 0.0754 | union_precision 0.7500 | threshold 0.725 | val_model raw | lr 0.001000
Epoch 14/60 | train_loss 0.8231 | union_precision 0.7500 | weighted_recall 0.1537 | union_precision 0.7500 | threshold 0.725 | val_model raw | lr 0.001000
Epoch 15/60 | train_loss 0.7922 | union_precision 0.7857 | weighted_recall 0.1476 | union_precision 0.7857 | threshold 0.750 | val_model raw | lr 0.001000
Epoch 16/60 | train_loss 0.7443 | union_precision 0.7059 | weighted_recall 0.1537 | union_precision 0.7059 | threshold 0.750 | val_model raw | lr 0.001000
Epoch 17/60 | train_loss 0.7379 | union_precision 0.7333 | weighted_recall 0.1476 | union_precision 0.7333 | threshold 0.775 | val_model raw | lr 0.001000
Epoch 18/60 | train_loss 0.6962 | union_precision 0.8000 | weighted_recall 0.1291 | union_precision 0.8000 | threshold 0.800 | val_model raw | lr 0.001000
Epoch 19/60 | train_loss 0.6789 | union_precision 0.8000 | weighted_recall 0.1291 | union_precision 0.8000 | threshold 0.800 | val_model raw | lr 0.001000
Epoch 20/60 | train_loss 0.6437 | union_precision 0.7500 | weighted_recall 0.0384 | union_precision 0.7500 | threshold 0.850 | val_model raw | lr 0.001000
Epoch 21/60 | train_loss 0.6408 | union_precision 0.7000 | weighted_recall 0.1215 | union_precision 0.7000 | threshold 0.800 | val_model raw | lr 0.001000
Epoch 22/60 | train_loss 0.5922 | union_precision 0.7000 | weighted_recall 0.1215 | union_precision 0.7000 | threshold 0.800 | val_model raw | lr 0.001000
Epoch 23/60 | train_loss 0.5598 | union_precision 0.7500 | weighted_recall 0.1338 | union_precision 0.7500 | threshold 0.800 | val_model raw | lr 0.001000
Epoch 24/60 | train_loss 0.5506 | union_precision 0.7500 | weighted_recall 0.1338 | union_precision 0.7500 | threshold 0.800 | val_model raw | lr 0.001000
Early stopping at epoch 24
Held-out M06-1__M06-2__M06-3 | union_precision=0.7500 | weighted_recall=0.1537 | consensus_recall=0.0000
Wrote nested CV results to /gpfs/work/int/yuxuanliu2204/Changheng/xmltoexp/MERIX SUBMISSION/Boundary_Restart/reports/nested_piece_cv/weighted_topdown_level6_boundary_seed42
Best candidate: model-tcn__detector_target-level6_boundary__selection_metric-weighted_recall__min_precision-0p7__loss_type-bce__rest_span_label_mode-none__rest_span_tolerance_negative_weight-1p0 | mean_primary_metric=0.2263 | mean_union_precision=0.6214
