PROJECT_DIR=/gpfs/work/int/yuxuanliu2204/Changheng/xmltoexp/MERIX SUBMISSION/Boundary_Restart
VENV_PATH=/gpfs/work/int/yuxuanliu2204/Changheng/xmltoexp/MERIX SUBMISSION/Boundary_Restart/../MIREX_Model/.venv
CONFIG=configs/salience_grouped3_hi8_score_only_xml_curated.yaml
OUTER_HELDOUT=M06-1 M06-2 M06-3
SEEDS=42 43 44 45 46
REUSE_EXISTING=1
RUN_TCN=1
RUN_RETAINED_BASELINES=1
RUN_NEW_BASELINES=1
RUN_BILSTM=1
RUN_SUMMARY=1

=== Seed 42 ===
Command: python Command: run_nested_piece_cv.py Command: --config Command: configs/salience_grouped3_hi8_score_only_xml_curated.yaml Command: --outer_heldout_piece Command: M06-1 Command: M06-2 Command: M06-3 Command: --inner_mode Command: leave_one Command: --model Command: tcn Command: --detector_target Command: level1plus_boundary Command: --selection_metric Command: weighted_recall Command: --precision_metric Command: union_precision Command: --min_precision Command: 0.85 Command: --loss_type Command: bce Command: --min_train_frequency_target Command: 0.05 Command: --cumulative_merge_tolerance Command: 2 Command: --cumulative_component_weights_json Command: \{\"level56\":1.0\,\"level4\":0.64\,\"level3\":0.46\,\"level2\":0.28\,\"level1\":0.16\} Command: --device Command: cuda Command: --epochs Command: 60 Command: --early_stop_patience Command: 10 Command: --seed Command: 42 Command: --skip_stage_grading Command: --run_outer_fit Command: --output_dir Command: reports/nested_piece_cv/weighted_topdown_merge56_level1plus_boundary_seed42 Command: --reuse_existing 
Epoch 1/60 | train_loss 1.5205 | union_precision 0.8636 | weighted_recall 0.2284 | union_precision 0.8636 | threshold 0.050 | val_model raw | lr 0.001000
Epoch 2/60 | train_loss 1.4039 | union_precision 0.8723 | weighted_recall 0.2900 | union_precision 0.8723 | threshold 0.050 | val_model raw | lr 0.001000
Epoch 3/60 | train_loss 1.3428 | union_precision 0.9091 | weighted_recall 0.3071 | union_precision 0.9091 | threshold 0.050 | val_model raw | lr 0.001000
Epoch 4/60 | train_loss 1.3001 | union_precision 0.8889 | weighted_recall 0.3026 | union_precision 0.8889 | threshold 0.050 | val_model raw | lr 0.001000
Epoch 5/60 | train_loss 1.2763 | union_precision 0.8810 | weighted_recall 0.3538 | union_precision 0.8810 | threshold 0.475 | val_model raw | lr 0.001000
Epoch 6/60 | train_loss 1.2443 | union_precision 0.9000 | weighted_recall 0.3941 | union_precision 0.9000 | threshold 0.050 | val_model raw | lr 0.001000
Epoch 7/60 | train_loss 1.2148 | union_precision 0.9000 | weighted_recall 0.3941 | union_precision 0.9000 | threshold 0.050 | val_model raw | lr 0.001000
Epoch 8/60 | train_loss 1.2049 | union_precision 0.9000 | weighted_recall 0.3941 | union_precision 0.9000 | threshold 0.050 | val_model raw | lr 0.001000
Epoch 9/60 | train_loss 1.1846 | union_precision 0.9000 | weighted_recall 0.3941 | union_precision 0.9000 | threshold 0.050 | val_model raw | lr 0.001000
Epoch 10/60 | train_loss 1.1761 | union_precision 0.9000 | weighted_recall 0.3764 | union_precision 0.9000 | threshold 0.050 | val_model raw | lr 0.001000
Epoch 11/60 | train_loss 1.1554 | union_precision 0.9000 | weighted_recall 0.3527 | union_precision 0.9000 | threshold 0.050 | val_model raw | lr 0.001000
Epoch 12/60 | train_loss 1.1439 | union_precision 0.9474 | weighted_recall 0.3527 | union_precision 0.9474 | threshold 0.500 | val_model raw | lr 0.001000
Epoch 13/60 | train_loss 1.1355 | union_precision 0.9474 | weighted_recall 0.3527 | union_precision 0.9474 | threshold 0.500 | val_model raw | lr 0.001000
Epoch 14/60 | train_loss 1.1191 | union_precision 0.9474 | weighted_recall 0.3527 | union_precision 0.9474 | threshold 0.500 | val_model raw | lr 0.001000
Epoch 15/60 | train_loss 1.1081 | union_precision 0.9474 | weighted_recall 0.3527 | union_precision 0.9474 | threshold 0.500 | val_model raw | lr 0.001000
Epoch 16/60 | train_loss 1.1079 | union_precision 0.9000 | weighted_recall 0.3527 | union_precision 0.9000 | threshold 0.050 | val_model raw | lr 0.001000
Epoch 17/60 | train_loss 1.0873 | union_precision 0.9024 | weighted_recall 0.3531 | union_precision 0.9024 | threshold 0.050 | val_model raw | lr 0.001000
Early stopping at epoch 17
Held-out M07-1 | union_precision=0.9000 | weighted_recall=0.3941 | consensus_recall=0.0000
Epoch 1/60 | train_loss 1.5227 | union_precision 0.9091 | weighted_recall 0.0357 | union_precision 0.9091 | threshold 0.550 | val_model raw | lr 0.001000
Epoch 2/60 | train_loss 1.4049 | union_precision 0.9286 | weighted_recall 0.0590 | union_precision 0.9286 | threshold 0.550 | val_model raw | lr 0.001000
Epoch 3/60 | train_loss 1.3411 | union_precision 0.8636 | weighted_recall 0.1090 | union_precision 0.8636 | threshold 0.550 | val_model raw | lr 0.001000
Epoch 4/60 | train_loss 1.2999 | union_precision 0.8696 | weighted_recall 0.2185 | union_precision 0.8696 | threshold 0.050 | val_model raw | lr 0.001000
Epoch 5/60 | train_loss 1.2770 | union_precision 0.8667 | weighted_recall 0.2198 | union_precision 0.8667 | threshold 0.050 | val_model raw | lr 0.001000
Epoch 6/60 | train_loss 1.2458 | union_precision 0.8571 | weighted_recall 0.2350 | union_precision 0.8571 | threshold 0.050 | val_model raw | lr 0.001000
Epoch 7/60 | train_loss 1.2147 | union_precision 0.8600 | weighted_recall 0.2283 | union_precision 0.8600 | threshold 0.050 | val_model raw | lr 0.001000
Epoch 8/60 | train_loss 1.2066 | union_precision 0.8600 | weighted_recall 0.2513 | union_precision 0.8600 | threshold 0.050 | val_model raw | lr 0.001000
Epoch 9/60 | train_loss 1.1835 | union_precision 0.8889 | weighted_recall 0.0598 | union_precision 0.8889 | threshold 0.650 | val_model raw | lr 0.001000
Epoch 10/60 | train_loss 1.1767 | union_precision 0.8750 | weighted_recall 0.0590 | union_precision 0.8750 | threshold 0.675 | val_model raw | lr 0.001000
Epoch 11/60 | train_loss 1.1546 | union_precision 0.8750 | weighted_recall 0.0590 | union_precision 0.8750 | threshold 0.675 | val_model raw | lr 0.001000
Epoch 12/60 | train_loss 1.1412 | union_precision 0.8511 | weighted_recall 0.2521 | union_precision 0.8511 | threshold 0.050 | val_model raw | lr 0.001000
Epoch 13/60 | train_loss 1.1352 | union_precision 0.8511 | weighted_recall 0.2617 | union_precision 0.8511 | threshold 0.050 | val_model raw | lr 0.001000
Epoch 14/60 | train_loss 1.1184 | union_precision 0.8542 | weighted_recall 0.2675 | union_precision 0.8542 | threshold 0.050 | val_model raw | lr 0.001000
Epoch 15/60 | train_loss 1.1072 | union_precision 0.8750 | weighted_recall 0.3183 | union_precision 0.8750 | threshold 0.050 | val_model raw | lr 0.001000
Epoch 16/60 | train_loss 1.1040 | union_precision 0.8750 | weighted_recall 0.3183 | union_precision 0.8750 | threshold 0.050 | val_model raw | lr 0.001000
Epoch 17/60 | train_loss 1.0871 | union_precision 0.8750 | weighted_recall 0.3157 | union_precision 0.8750 | threshold 0.050 | val_model raw | lr 0.001000
Epoch 18/60 | train_loss 1.0886 | union_precision 0.8750 | weighted_recall 0.3157 | union_precision 0.8750 | threshold 0.050 | val_model raw | lr 0.001000
Epoch 19/60 | train_loss 1.0814 | union_precision 0.8750 | weighted_recall 0.3157 | union_precision 0.8750 | threshold 0.050 | val_model raw | lr 0.001000
Epoch 20/60 | train_loss 1.0620 | union_precision 0.8542 | weighted_recall 0.3040 | union_precision 0.8542 | threshold 0.050 | val_model raw | lr 0.001000
Epoch 21/60 | train_loss 1.0590 | union_precision 0.9149 | weighted_recall 0.3553 | union_precision 0.9149 | threshold 0.050 | val_model raw | lr 0.001000
Epoch 22/60 | train_loss 1.0436 | union_precision 0.9167 | weighted_recall 0.3596 | union_precision 0.9167 | threshold 0.050 | val_model raw | lr 0.001000
Epoch 23/60 | train_loss 1.0460 | union_precision 0.9167 | weighted_recall 0.3596 | union_precision 0.9167 | threshold 0.050 | val_model raw | lr 0.001000
Epoch 24/60 | train_loss 1.0338 | union_precision 0.9149 | weighted_recall 0.3438 | union_precision 0.9149 | threshold 0.050 | val_model raw | lr 0.001000
Epoch 25/60 | train_loss 1.0262 | union_precision 0.8936 | weighted_recall 0.3122 | union_precision 0.8936 | threshold 0.050 | val_model raw | lr 0.001000
Epoch 26/60 | train_loss 1.0220 | union_precision 0.8936 | weighted_recall 0.3122 | union_precision 0.8936 | threshold 0.050 | val_model raw | lr 0.001000
Epoch 27/60 | train_loss 1.0170 | union_precision 0.8936 | weighted_recall 0.3122 | union_precision 0.8936 | threshold 0.050 | val_model raw | lr 0.001000
Epoch 28/60 | train_loss 1.0062 | union_precision 0.9149 | weighted_recall 0.3501 | union_precision 0.9149 | threshold 0.050 | val_model raw | lr 0.001000
Epoch 29/60 | train_loss 0.9997 | union_precision 0.9149 | weighted_recall 0.3501 | union_precision 0.9149 | threshold 0.050 | val_model raw | lr 0.001000
Epoch 30/60 | train_loss 0.9914 | union_precision 0.9167 | weighted_recall 0.3544 | union_precision 0.9167 | threshold 0.050 | val_model raw | lr 0.001000
Epoch 31/60 | train_loss 0.9853 | union_precision 0.9362 | weighted_recall 0.3610 | union_precision 0.9362 | threshold 0.050 | val_model raw | lr 0.001000
Epoch 32/60 | train_loss 0.9820 | union_precision 0.9362 | weighted_recall 0.3610 | union_precision 0.9362 | threshold 0.050 | val_model raw | lr 0.001000
Epoch 33/60 | train_loss 0.9680 | union_precision 0.9362 | weighted_recall 0.3610 | union_precision 0.9362 | threshold 0.050 | val_model raw | lr 0.001000
Epoch 34/60 | train_loss 0.9690 | union_precision 0.9348 | weighted_recall 0.3600 | union_precision 0.9348 | threshold 0.050 | val_model raw | lr 0.001000
Epoch 35/60 | train_loss 0.9488 | union_precision 0.9348 | weighted_recall 0.3600 | union_precision 0.9348 | threshold 0.050 | val_model raw | lr 0.001000
Epoch 36/60 | train_loss 0.9499 | union_precision 0.9348 | weighted_recall 0.3600 | union_precision 0.9348 | threshold 0.050 | val_model raw | lr 0.001000
Epoch 37/60 | train_loss 0.9441 | union_precision 0.9348 | weighted_recall 0.3600 | union_precision 0.9348 | threshold 0.050 | val_model raw | lr 0.001000
Epoch 38/60 | train_loss 0.9446 | union_precision 0.9348 | weighted_recall 0.3585 | union_precision 0.9348 | threshold 0.050 | val_model raw | lr 0.001000
Epoch 39/60 | train_loss 0.9343 | union_precision 0.9348 | weighted_recall 0.3584 | union_precision 0.9348 | threshold 0.050 | val_model raw | lr 0.001000
Epoch 40/60 | train_loss 0.9314 | union_precision 0.9348 | weighted_recall 0.3584 | union_precision 0.9348 | threshold 0.050 | val_model raw | lr 0.001000
Epoch 41/60 | train_loss 0.9258 | union_precision 0.9130 | weighted_recall 0.3406 | union_precision 0.9130 | threshold 0.050 | val_model raw | lr 0.001000
Early stopping at epoch 41
Held-out M07-2 | union_precision=0.9362 | weighted_recall=0.3610 | consensus_recall=1.0000
Epoch 1/60 | train_loss 1.5241 | union_precision 0.9167 | weighted_recall 0.2382 | union_precision 0.9167 | threshold 0.050 | val_model raw | lr 0.001000
Epoch 2/60 | train_loss 1.4044 | union_precision 0.9474 | weighted_recall 0.2669 | union_precision 0.9474 | threshold 0.050 | val_model raw | lr 0.001000
Epoch 3/60 | train_loss 1.3441 | union_precision 0.9250 | weighted_recall 0.3186 | union_precision 0.9250 | threshold 0.050 | val_model raw | lr 0.001000
Epoch 4/60 | train_loss 1.3010 | union_precision 0.9268 | weighted_recall 0.3542 | union_precision 0.9268 | threshold 0.050 | val_model raw | lr 0.001000
Epoch 5/60 | train_loss 1.2722 | union_precision 0.8810 | weighted_recall 0.3155 | union_precision 0.8810 | threshold 0.050 | val_model raw | lr 0.001000
Epoch 6/60 | train_loss 1.2470 | union_precision 0.8864 | weighted_recall 0.3315 | union_precision 0.8864 | threshold 0.050 | val_model raw | lr 0.001000
Epoch 7/60 | train_loss 1.2144 | union_precision 0.8864 | weighted_recall 0.3315 | union_precision 0.8864 | threshold 0.050 | val_model raw | lr 0.001000
Epoch 8/60 | train_loss 1.2045 | union_precision 0.8837 | weighted_recall 0.3375 | union_precision 0.8837 | threshold 0.050 | val_model raw | lr 0.001000
Epoch 9/60 | train_loss 1.1840 | union_precision 0.8810 | weighted_recall 0.3325 | union_precision 0.8810 | threshold 0.050 | val_model raw | lr 0.001000
Epoch 10/60 | train_loss 1.1752 | union_precision 0.9024 | weighted_recall 0.3362 | union_precision 0.9024 | threshold 0.050 | val_model raw | lr 0.001000
Epoch 11/60 | train_loss 1.1550 | union_precision 0.8974 | weighted_recall 0.3257 | union_precision 0.8974 | threshold 0.050 | val_model raw | lr 0.001000
Epoch 12/60 | train_loss 1.1429 | union_precision 0.8947 | weighted_recall 0.3338 | union_precision 0.8947 | threshold 0.050 | val_model raw | lr 0.001000
Epoch 13/60 | train_loss 1.1339 | union_precision 0.8684 | weighted_recall 0.3281 | union_precision 0.8684 | threshold 0.050 | val_model raw | lr 0.001000
Epoch 14/60 | train_loss 1.1172 | union_precision 0.8684 | weighted_recall 0.3470 | union_precision 0.8684 | threshold 0.050 | val_model raw | lr 0.001000
Early stopping at epoch 14
Held-out M07-3 | union_precision=0.9268 | weighted_recall=0.3542 | consensus_recall=0.0000
Epoch 1/60 | train_loss 1.5199 | union_precision 0.8649 | weighted_recall 0.4206 | union_precision 0.8649 | threshold 0.050 | val_model raw | lr 0.001000
Epoch 2/60 | train_loss 1.4037 | union_precision 0.8571 | weighted_recall 0.5127 | union_precision 0.8571 | threshold 0.050 | val_model raw | lr 0.001000
Epoch 3/60 | train_loss 1.3478 | union_precision 0.9800 | weighted_recall 0.6658 | union_precision 0.9800 | threshold 0.050 | val_model raw | lr 0.001000
Epoch 4/60 | train_loss 1.3020 | union_precision 0.9800 | weighted_recall 0.6658 | union_precision 0.9800 | threshold 0.050 | val_model raw | lr 0.001000
Epoch 5/60 | train_loss 1.2721 | union_precision 0.9792 | weighted_recall 0.6574 | union_precision 0.9792 | threshold 0.050 | val_model raw | lr 0.001000
Epoch 6/60 | train_loss 1.2475 | union_precision 0.9796 | weighted_recall 0.6604 | union_precision 0.9796 | threshold 0.050 | val_model raw | lr 0.001000
Epoch 7/60 | train_loss 1.2197 | union_precision 0.9800 | weighted_recall 0.6658 | union_precision 0.9800 | threshold 0.050 | val_model raw | lr 0.001000
Epoch 8/60 | train_loss 1.2084 | union_precision 0.9800 | weighted_recall 0.6658 | union_precision 0.9800 | threshold 0.050 | val_model raw | lr 0.001000
Epoch 9/60 | train_loss 1.1908 | union_precision 0.9800 | weighted_recall 0.6658 | union_precision 0.9800 | threshold 0.050 | val_model raw | lr 0.001000
Epoch 10/60 | train_loss 1.1800 | union_precision 0.9800 | weighted_recall 0.6658 | union_precision 0.9800 | threshold 0.050 | val_model raw | lr 0.001000
Epoch 11/60 | train_loss 1.1610 | union_precision 0.9800 | weighted_recall 0.6658 | union_precision 0.9800 | threshold 0.050 | val_model raw | lr 0.001000
Epoch 12/60 | train_loss 1.1472 | union_precision 0.9800 | weighted_recall 0.6658 | union_precision 0.9800 | threshold 0.050 | val_model raw | lr 0.001000
Epoch 13/60 | train_loss 1.1371 | union_precision 0.9800 | weighted_recall 0.6658 | union_precision 0.9800 | threshold 0.050 | val_model raw | lr 0.001000
Early stopping at epoch 13
Held-out M17-1 | union_precision=0.9800 | weighted_recall=0.6658 | consensus_recall=1.0000
Epoch 1/60 | train_loss 1.5171 | union_precision 0.8571 | weighted_recall 0.1541 | union_precision 0.8571 | threshold 0.550 | val_model raw | lr 0.001000
Epoch 2/60 | train_loss 1.4004 | union_precision 1.0000 | weighted_recall 0.0639 | union_precision 1.0000 | threshold 0.575 | val_model raw | lr 0.001000
Epoch 3/60 | train_loss 1.3448 | union_precision 1.0000 | weighted_recall 0.1406 | union_precision 1.0000 | threshold 0.575 | val_model raw | lr 0.001000
Epoch 4/60 | train_loss 1.2986 | union_precision 0.9310 | weighted_recall 0.4025 | union_precision 0.9310 | threshold 0.475 | val_model raw | lr 0.001000
Epoch 5/60 | train_loss 1.2686 | union_precision 0.8966 | weighted_recall 0.4126 | union_precision 0.8966 | threshold 0.475 | val_model raw | lr 0.001000
Epoch 6/60 | train_loss 1.2430 | union_precision 0.9310 | weighted_recall 0.4314 | union_precision 0.9310 | threshold 0.475 | val_model raw | lr 0.001000
Epoch 7/60 | train_loss 1.2169 | union_precision 0.9310 | weighted_recall 0.4330 | union_precision 0.9310 | threshold 0.050 | val_model raw | lr 0.001000
Epoch 8/60 | train_loss 1.2047 | union_precision 0.9310 | weighted_recall 0.4380 | union_precision 0.9310 | threshold 0.050 | val_model raw | lr 0.001000
Epoch 9/60 | train_loss 1.1868 | union_precision 0.9310 | weighted_recall 0.4380 | union_precision 0.9310 | threshold 0.050 | val_model raw | lr 0.001000
Epoch 10/60 | train_loss 1.1763 | union_precision 0.9310 | weighted_recall 0.4380 | union_precision 0.9310 | threshold 0.050 | val_model raw | lr 0.001000
Epoch 11/60 | train_loss 1.1562 | union_precision 0.9310 | weighted_recall 0.4380 | union_precision 0.9310 | threshold 0.050 | val_model raw | lr 0.001000
Epoch 12/60 | train_loss 1.1424 | union_precision 0.9310 | weighted_recall 0.4380 | union_precision 0.9310 | threshold 0.050 | val_model raw | lr 0.001000
Epoch 13/60 | train_loss 1.1325 | union_precision 0.9310 | weighted_recall 0.4380 | union_precision 0.9310 | threshold 0.050 | val_model raw | lr 0.001000
Epoch 14/60 | train_loss 1.1145 | union_precision 0.9310 | weighted_recall 0.4380 | union_precision 0.9310 | threshold 0.050 | val_model raw | lr 0.001000
Epoch 15/60 | train_loss 1.1059 | union_precision 0.9310 | weighted_recall 0.4380 | union_precision 0.9310 | threshold 0.050 | val_model raw | lr 0.001000
Epoch 16/60 | train_loss 1.1031 | union_precision 0.8929 | weighted_recall 0.3625 | union_precision 0.8929 | threshold 0.050 | val_model raw | lr 0.001000
Epoch 17/60 | train_loss 1.0848 | union_precision 0.8929 | weighted_recall 0.3625 | union_precision 0.8929 | threshold 0.050 | val_model raw | lr 0.001000
Epoch 18/60 | train_loss 1.0866 | union_precision 0.8889 | weighted_recall 0.3613 | union_precision 0.8889 | threshold 0.050 | val_model raw | lr 0.001000
Early stopping at epoch 18
Held-out M17-2 | union_precision=0.9310 | weighted_recall=0.4380 | consensus_recall=0.0000
Epoch 1/60 | train_loss 1.5194 | union_precision 0.8525 | weighted_recall 0.2458 | union_precision 0.8525 | threshold 0.425 | val_model raw | lr 0.001000
Epoch 2/60 | train_loss 1.3999 | union_precision 0.8571 | weighted_recall 0.2802 | union_precision 0.8571 | threshold 0.500 | val_model raw | lr 0.001000
Epoch 3/60 | train_loss 1.3446 | union_precision 0.8947 | weighted_recall 0.1913 | union_precision 0.8947 | threshold 0.525 | val_model raw | lr 0.001000
Epoch 4/60 | train_loss 1.2979 | union_precision 0.8571 | weighted_recall 0.3485 | union_precision 0.8571 | threshold 0.050 | val_model raw | lr 0.001000
Epoch 5/60 | train_loss 1.2675 | union_precision 0.8571 | weighted_recall 0.3416 | union_precision 0.8571 | threshold 0.050 | val_model raw | lr 0.001000
Epoch 6/60 | train_loss 1.2396 | union_precision 0.8507 | weighted_recall 0.3436 | union_precision 0.8507 | threshold 0.500 | val_model raw | lr 0.001000
Epoch 7/60 | train_loss 1.2159 | union_precision 0.8571 | weighted_recall 0.3489 | union_precision 0.8571 | threshold 0.050 | val_model raw | lr 0.001000
Epoch 8/60 | train_loss 1.2043 | union_precision 0.8529 | weighted_recall 0.3498 | union_precision 0.8529 | threshold 0.500 | val_model raw | lr 0.001000
Epoch 9/60 | train_loss 1.1835 | union_precision 0.8507 | weighted_recall 0.3685 | union_precision 0.8507 | threshold 0.500 | val_model raw | lr 0.001000
Epoch 10/60 | train_loss 1.1731 | union_precision 0.8857 | weighted_recall 0.2127 | union_precision 0.8857 | threshold 0.575 | val_model raw | lr 0.001000
Epoch 11/60 | train_loss 1.1541 | union_precision 0.8621 | weighted_recall 0.1927 | union_precision 0.8621 | threshold 0.600 | val_model raw | lr 0.001000
Epoch 12/60 | train_loss 1.1386 | union_precision 0.9104 | weighted_recall 0.3961 | union_precision 0.9104 | threshold 0.050 | val_model raw | lr 0.001000
Epoch 13/60 | train_loss 1.1316 | union_precision 0.9254 | weighted_recall 0.4154 | union_precision 0.9254 | threshold 0.050 | val_model raw | lr 0.001000
Epoch 14/60 | train_loss 1.1123 | union_precision 0.9403 | weighted_recall 0.4401 | union_precision 0.9403 | threshold 0.050 | val_model raw | lr 0.001000
Epoch 15/60 | train_loss 1.1024 | union_precision 0.9403 | weighted_recall 0.4307 | union_precision 0.9403 | threshold 0.050 | val_model raw | lr 0.001000
Epoch 16/60 | train_loss 1.1005 | union_precision 0.9394 | weighted_recall 0.4133 | union_precision 0.9394 | threshold 0.050 | val_model raw | lr 0.001000
Epoch 17/60 | train_loss 1.0819 | union_precision 0.9385 | weighted_recall 0.4115 | union_precision 0.9385 | threshold 0.050 | val_model raw | lr 0.001000
Epoch 18/60 | train_loss 1.0849 | union_precision 0.9242 | weighted_recall 0.4088 | union_precision 0.9242 | threshold 0.050 | val_model raw | lr 0.001000
Epoch 19/60 | train_loss 1.0769 | union_precision 0.9254 | weighted_recall 0.4192 | union_precision 0.9254 | threshold 0.050 | val_model raw | lr 0.001000
Epoch 20/60 | train_loss 1.0561 | union_precision 0.8923 | weighted_recall 0.3729 | union_precision 0.8923 | threshold 0.050 | val_model raw | lr 0.001000
Epoch 21/60 | train_loss 1.0574 | union_precision 0.8788 | weighted_recall 0.3719 | union_precision 0.8788 | threshold 0.050 | val_model raw | lr 0.001000
Epoch 22/60 | train_loss 1.0401 | union_precision 0.8657 | weighted_recall 0.3673 | union_precision 0.8657 | threshold 0.050 | val_model raw | lr 0.001000
Epoch 23/60 | train_loss 1.0414 | union_precision 0.8636 | weighted_recall 0.3715 | union_precision 0.8636 | threshold 0.050 | val_model raw | lr 0.001000
Epoch 24/60 | train_loss 1.0288 | union_precision 0.8571 | weighted_recall 0.1870 | union_precision 0.8571 | threshold 0.675 | val_model raw | lr 0.001000
Early stopping at epoch 24
Held-out M17-3 | union_precision=0.9403 | weighted_recall=0.4401 | consensus_recall=1.0000
Epoch 1/60 | train_loss 1.5211 | union_precision 0.9216 | weighted_recall 0.2944 | union_precision 0.9216 | threshold 0.350 | val_model raw | lr 0.001000
Epoch 2/60 | train_loss 1.3986 | union_precision 0.8868 | weighted_recall 0.2834 | union_precision 0.8868 | threshold 0.050 | val_model raw | lr 0.001000
Epoch 3/60 | train_loss 1.3466 | union_precision 0.8800 | weighted_recall 0.2333 | union_precision 0.8800 | threshold 0.450 | val_model raw | lr 0.001000
Epoch 4/60 | train_loss 1.2931 | union_precision 0.9020 | weighted_recall 0.2507 | union_precision 0.9020 | threshold 0.050 | val_model raw | lr 0.001000
Epoch 5/60 | train_loss 1.2641 | union_precision 0.8980 | weighted_recall 0.2236 | union_precision 0.8980 | threshold 0.050 | val_model raw | lr 0.001000
Epoch 6/60 | train_loss 1.2359 | union_precision 0.9375 | weighted_recall 0.2274 | union_precision 0.9375 | threshold 0.475 | val_model raw | lr 0.001000
Epoch 7/60 | train_loss 1.2137 | union_precision 0.8980 | weighted_recall 0.2217 | union_precision 0.8980 | threshold 0.050 | val_model raw | lr 0.001000
Epoch 8/60 | train_loss 1.2006 | union_precision 0.8958 | weighted_recall 0.2207 | union_precision 0.8958 | threshold 0.050 | val_model raw | lr 0.001000
Epoch 9/60 | train_loss 1.1837 | union_precision 0.9375 | weighted_recall 0.2291 | union_precision 0.9375 | threshold 0.050 | val_model raw | lr 0.001000
Epoch 10/60 | train_loss 1.1696 | union_precision 0.9184 | weighted_recall 0.2539 | union_precision 0.9184 | threshold 0.050 | val_model raw | lr 0.001000
Epoch 11/60 | train_loss 1.1539 | union_precision 0.9149 | weighted_recall 0.2192 | union_precision 0.9149 | threshold 0.450 | val_model raw | lr 0.001000
Early stopping at epoch 11
Held-out M17-4 | union_precision=0.9216 | weighted_recall=0.2944 | consensus_recall=0.0000
Epoch 1/60 | train_loss 1.5198 | union_precision 0.8500 | weighted_recall 0.2538 | union_precision 0.8500 | threshold 0.525 | val_model raw | lr 0.001000
Epoch 2/60 | train_loss 1.4019 | union_precision 0.8810 | weighted_recall 0.4600 | union_precision 0.8810 | threshold 0.050 | val_model raw | lr 0.001000
Epoch 3/60 | train_loss 1.3487 | union_precision 0.8065 | weighted_recall 0.3313 | union_precision 0.8065 | threshold 0.525 | val_model raw | lr 0.001000
Epoch 4/60 | train_loss 1.2966 | union_precision 0.7879 | weighted_recall 0.2986 | union_precision 0.7879 | threshold 0.525 | val_model raw | lr 0.001000
Epoch 5/60 | train_loss 1.2679 | union_precision 0.8000 | weighted_recall 0.3798 | union_precision 0.8000 | threshold 0.050 | val_model raw | lr 0.001000
Epoch 6/60 | train_loss 1.2419 | union_precision 0.8250 | weighted_recall 0.4008 | union_precision 0.8250 | threshold 0.050 | val_model raw | lr 0.001000
Epoch 7/60 | train_loss 1.2182 | union_precision 0.8182 | weighted_recall 0.1531 | union_precision 0.8182 | threshold 0.600 | val_model raw | lr 0.001000
Epoch 8/60 | train_loss 1.2032 | union_precision 0.8684 | weighted_recall 0.4641 | union_precision 0.8684 | threshold 0.050 | val_model raw | lr 0.001000
Epoch 9/60 | train_loss 1.1866 | union_precision 0.8684 | weighted_recall 0.4641 | union_precision 0.8684 | threshold 0.050 | val_model raw | lr 0.001000
Epoch 10/60 | train_loss 1.1733 | union_precision 0.8684 | weighted_recall 0.4906 | union_precision 0.8684 | threshold 0.050 | val_model raw | lr 0.001000
Epoch 11/60 | train_loss 1.1567 | union_precision 0.9211 | weighted_recall 0.5182 | union_precision 0.9211 | threshold 0.050 | val_model raw | lr 0.001000
Epoch 12/60 | train_loss 1.1397 | union_precision 0.9211 | weighted_recall 0.5182 | union_precision 0.9211 | threshold 0.050 | val_model raw | lr 0.001000
Epoch 13/60 | train_loss 1.1329 | union_precision 0.9211 | weighted_recall 0.5182 | union_precision 0.9211 | threshold 0.050 | val_model raw | lr 0.001000
Epoch 14/60 | train_loss 1.1164 | union_precision 0.8684 | weighted_recall 0.4979 | union_precision 0.8684 | threshold 0.050 | val_model raw | lr 0.001000
Epoch 15/60 | train_loss 1.1042 | union_precision 0.8684 | weighted_recall 0.4979 | union_precision 0.8684 | threshold 0.050 | val_model raw | lr 0.001000
Epoch 16/60 | train_loss 1.1021 | union_precision 0.8684 | weighted_recall 0.4979 | union_precision 0.8684 | threshold 0.050 | val_model raw | lr 0.001000
Epoch 17/60 | train_loss 1.0860 | union_precision 0.8684 | weighted_recall 0.4789 | union_precision 0.8684 | threshold 0.050 | val_model raw | lr 0.001000
Epoch 18/60 | train_loss 1.0861 | union_precision 0.8684 | weighted_recall 0.4789 | union_precision 0.8684 | threshold 0.050 | val_model raw | lr 0.001000
Epoch 19/60 | train_loss 1.0770 | union_precision 0.8684 | weighted_recall 0.4979 | union_precision 0.8684 | threshold 0.050 | val_model raw | lr 0.001000
Epoch 20/60 | train_loss 1.0578 | union_precision 0.8684 | weighted_recall 0.4979 | union_precision 0.8684 | threshold 0.050 | val_model raw | lr 0.001000
Epoch 21/60 | train_loss 1.0583 | union_precision 0.8684 | weighted_recall 0.4979 | union_precision 0.8684 | threshold 0.050 | val_model raw | lr 0.001000
Early stopping at epoch 21
Held-out M24-1 | union_precision=0.9211 | weighted_recall=0.5182 | consensus_recall=0.0000
Epoch 1/60 | train_loss 1.5208 | union_precision 0.8780 | weighted_recall 0.3324 | union_precision 0.8780 | threshold 0.050 | val_model raw | lr 0.001000
Epoch 2/60 | train_loss 1.4014 | union_precision 1.0000 | weighted_recall 0.0111 | union_precision 1.0000 | threshold 0.625 | val_model raw | lr 0.001000
Epoch 3/60 | train_loss 1.3477 | union_precision 0.8605 | weighted_recall 0.2795 | union_precision 0.8605 | threshold 0.050 | val_model raw | lr 0.001000
Epoch 4/60 | train_loss 1.2968 | union_precision 0.8780 | weighted_recall 0.2456 | union_precision 0.8780 | threshold 0.475 | val_model raw | lr 0.001000
Epoch 5/60 | train_loss 1.2666 | union_precision 0.8537 | weighted_recall 0.2410 | union_precision 0.8537 | threshold 0.475 | val_model raw | lr 0.001000
Epoch 6/60 | train_loss 1.2407 | union_precision 0.8810 | weighted_recall 0.2480 | union_precision 0.8810 | threshold 0.475 | val_model raw | lr 0.001000
Epoch 7/60 | train_loss 1.2194 | union_precision 0.8810 | weighted_recall 0.2501 | union_precision 0.8810 | threshold 0.450 | val_model raw | lr 0.001000
Epoch 8/60 | train_loss 1.2019 | union_precision 0.8571 | weighted_recall 0.1203 | union_precision 0.8571 | threshold 0.550 | val_model raw | lr 0.001000
Epoch 9/60 | train_loss 1.1858 | union_precision 0.8571 | weighted_recall 0.2413 | union_precision 0.8571 | threshold 0.450 | val_model raw | lr 0.001000
Epoch 10/60 | train_loss 1.1729 | union_precision 0.8537 | weighted_recall 0.2523 | union_precision 0.8537 | threshold 0.400 | val_model raw | lr 0.001000
Epoch 11/60 | train_loss 1.1556 | union_precision 0.8571 | weighted_recall 0.2601 | union_precision 0.8571 | threshold 0.500 | val_model raw | lr 0.001000
Early stopping at epoch 11
Held-out M24-2 | union_precision=0.8780 | weighted_recall=0.3324 | consensus_recall=1.0000
Epoch 1/60 | train_loss 1.5186 | union_precision 0.5758 | weighted_recall 0.0962 | union_precision 0.5758 | threshold 0.050 | val_model raw | lr 0.001000
Epoch 2/60 | train_loss 1.4045 | union_precision 1.0000 | weighted_recall 0.0033 | union_precision 1.0000 | threshold 0.650 | val_model raw | lr 0.001000
Epoch 3/60 | train_loss 1.3497 | union_precision 1.0000 | weighted_recall 0.0066 | union_precision 1.0000 | threshold 0.675 | val_model raw | lr 0.001000
Epoch 4/60 | train_loss 1.2958 | union_precision 1.0000 | weighted_recall 0.0066 | union_precision 1.0000 | threshold 0.675 | val_model raw | lr 0.001000
Epoch 5/60 | train_loss 1.2688 | union_precision 1.0000 | weighted_recall 0.0066 | union_precision 1.0000 | threshold 0.675 | val_model raw | lr 0.001000
Epoch 6/60 | train_loss 1.2416 | union_precision 1.0000 | weighted_recall 0.0066 | union_precision 1.0000 | threshold 0.675 | val_model raw | lr 0.001000
Epoch 7/60 | train_loss 1.2214 | union_precision 1.0000 | weighted_recall 0.0066 | union_precision 1.0000 | threshold 0.700 | val_model raw | lr 0.001000
Epoch 8/60 | train_loss 1.2031 | union_precision 1.0000 | weighted_recall 0.0066 | union_precision 1.0000 | threshold 0.700 | val_model raw | lr 0.001000
Epoch 9/60 | train_loss 1.1876 | union_precision 1.0000 | weighted_recall 0.0066 | union_precision 1.0000 | threshold 0.700 | val_model raw | lr 0.001000
Epoch 10/60 | train_loss 1.1762 | union_precision 1.0000 | weighted_recall 0.0066 | union_precision 1.0000 | threshold 0.700 | val_model raw | lr 0.001000
Epoch 11/60 | train_loss 1.1567 | union_precision 0.8750 | weighted_recall 0.1705 | union_precision 0.8750 | threshold 0.575 | val_model raw | lr 0.001000
Epoch 12/60 | train_loss 1.1434 | union_precision 0.8750 | weighted_recall 0.1705 | union_precision 0.8750 | threshold 0.550 | val_model raw | lr 0.001000
Epoch 13/60 | train_loss 1.1376 | union_precision 0.8519 | weighted_recall 0.1763 | union_precision 0.8519 | threshold 0.525 | val_model raw | lr 0.001000
Epoch 14/60 | train_loss 1.1197 | union_precision 0.8519 | weighted_recall 0.1520 | union_precision 0.8519 | threshold 0.500 | val_model raw | lr 0.001000
Epoch 15/60 | train_loss 1.1080 | union_precision 0.9091 | weighted_recall 0.1482 | union_precision 0.9091 | threshold 0.575 | val_model raw | lr 0.001000
Epoch 16/60 | train_loss 1.1070 | union_precision 0.8621 | weighted_recall 0.1620 | union_precision 0.8621 | threshold 0.050 | val_model raw | lr 0.001000
Epoch 17/60 | train_loss 1.0870 | union_precision 0.8621 | weighted_recall 0.2169 | union_precision 0.8621 | threshold 0.050 | val_model raw | lr 0.001000
Epoch 18/60 | train_loss 1.0894 | union_precision 0.8621 | weighted_recall 0.2121 | union_precision 0.8621 | threshold 0.050 | val_model raw | lr 0.001000
Epoch 19/60 | train_loss 1.0805 | union_precision 0.8621 | weighted_recall 0.2121 | union_precision 0.8621 | threshold 0.050 | val_model raw | lr 0.001000
Epoch 20/60 | train_loss 1.0616 | union_precision 0.8621 | weighted_recall 0.2121 | union_precision 0.8621 | threshold 0.050 | val_model raw | lr 0.001000
Epoch 21/60 | train_loss 1.0616 | union_precision 0.8621 | weighted_recall 0.1620 | union_precision 0.8621 | threshold 0.050 | val_model raw | lr 0.001000
Epoch 22/60 | train_loss 1.0457 | union_precision 0.8621 | weighted_recall 0.2142 | union_precision 0.8621 | threshold 0.050 | val_model raw | lr 0.001000
Epoch 23/60 | train_loss 1.0443 | union_precision 0.8621 | weighted_recall 0.2142 | union_precision 0.8621 | threshold 0.050 | val_model raw | lr 0.001000
Epoch 24/60 | train_loss 1.0359 | union_precision 0.8621 | weighted_recall 0.2142 | union_precision 0.8621 | threshold 0.050 | val_model raw | lr 0.001000
Epoch 25/60 | train_loss 1.0249 | union_precision 0.8929 | weighted_recall 0.2279 | union_precision 0.8929 | threshold 0.050 | val_model raw | lr 0.001000
Epoch 26/60 | train_loss 1.0269 | union_precision 0.9259 | weighted_recall 0.2279 | union_precision 0.9259 | threshold 0.050 | val_model raw | lr 0.001000
Epoch 27/60 | train_loss 1.0188 | union_precision 0.9630 | weighted_recall 0.3301 | union_precision 0.9630 | threshold 0.050 | val_model raw | lr 0.001000
Epoch 28/60 | train_loss 1.0128 | union_precision 0.9643 | weighted_recall 0.4328 | union_precision 0.9643 | threshold 0.050 | val_model raw | lr 0.001000
Epoch 29/60 | train_loss 1.0026 | union_precision 0.9667 | weighted_recall 0.5254 | union_precision 0.9667 | threshold 0.050 | val_model raw | lr 0.001000
Epoch 30/60 | train_loss 0.9930 | union_precision 0.9667 | weighted_recall 0.5254 | union_precision 0.9667 | threshold 0.050 | val_model raw | lr 0.001000
Epoch 31/60 | train_loss 0.9852 | union_precision 0.9667 | weighted_recall 0.5254 | union_precision 0.9667 | threshold 0.050 | val_model raw | lr 0.001000
Epoch 32/60 | train_loss 0.9838 | union_precision 0.9667 | weighted_recall 0.5254 | union_precision 0.9667 | threshold 0.050 | val_model raw | lr 0.001000
Epoch 33/60 | train_loss 0.9750 | union_precision 0.9375 | weighted_recall 0.5601 | union_precision 0.9375 | threshold 0.050 | val_model raw | lr 0.001000
Epoch 34/60 | train_loss 0.9740 | union_precision 0.9375 | weighted_recall 0.5601 | union_precision 0.9375 | threshold 0.050 | val_model raw | lr 0.001000
Epoch 35/60 | train_loss 0.9570 | union_precision 0.9677 | weighted_recall 0.5610 | union_precision 0.9677 | threshold 0.050 | val_model raw | lr 0.001000
Epoch 36/60 | train_loss 0.9533 | union_precision 0.9677 | weighted_recall 0.5610 | union_precision 0.9677 | threshold 0.050 | val_model raw | lr 0.001000
Epoch 37/60 | train_loss 0.9494 | union_precision 0.9091 | weighted_recall 0.5601 | union_precision 0.9091 | threshold 0.050 | val_model raw | lr 0.001000
Epoch 38/60 | train_loss 0.9467 | union_precision 0.8824 | weighted_recall 0.5464 | union_precision 0.8824 | threshold 0.050 | val_model raw | lr 0.001000
Epoch 39/60 | train_loss 0.9382 | union_precision 0.8824 | weighted_recall 0.5464 | union_precision 0.8824 | threshold 0.050 | val_model raw | lr 0.001000
Epoch 40/60 | train_loss 0.9311 | union_precision 0.8824 | weighted_recall 0.5464 | union_precision 0.8824 | threshold 0.050 | val_model raw | lr 0.001000
Epoch 41/60 | train_loss 0.9317 | union_precision 0.8857 | weighted_recall 0.5689 | union_precision 0.8857 | threshold 0.050 | val_model raw | lr 0.001000
Epoch 42/60 | train_loss 0.9200 | union_precision 0.9394 | weighted_recall 0.5826 | union_precision 0.9394 | threshold 0.050 | val_model raw | lr 0.001000
Epoch 43/60 | train_loss 0.9169 | union_precision 0.9394 | weighted_recall 0.5826 | union_precision 0.9394 | threshold 0.050 | val_model raw | lr 0.001000
Epoch 44/60 | train_loss 0.9153 | union_precision 0.9394 | weighted_recall 0.5826 | union_precision 0.9394 | threshold 0.050 | val_model raw | lr 0.001000
Epoch 45/60 | train_loss 0.9144 | union_precision 0.9394 | weighted_recall 0.5826 | union_precision 0.9394 | threshold 0.050 | val_model raw | lr 0.001000
Epoch 46/60 | train_loss 0.9007 | union_precision 0.9394 | weighted_recall 0.5826 | union_precision 0.9394 | threshold 0.050 | val_model raw | lr 0.001000
Epoch 47/60 | train_loss 0.8947 | union_precision 0.9677 | weighted_recall 0.5855 | union_precision 0.9677 | threshold 0.050 | val_model raw | lr 0.001000
Epoch 48/60 | train_loss 0.8917 | union_precision 0.8788 | weighted_recall 0.5675 | union_precision 0.8788 | threshold 0.050 | val_model raw | lr 0.001000
Epoch 49/60 | train_loss 0.8964 | union_precision 0.9062 | weighted_recall 0.5727 | union_precision 0.9062 | threshold 0.050 | val_model raw | lr 0.001000
Epoch 50/60 | train_loss 0.8799 | union_precision 0.9062 | weighted_recall 0.5727 | union_precision 0.9062 | threshold 0.050 | val_model raw | lr 0.001000
Epoch 51/60 | train_loss 0.8810 | union_precision 0.9032 | weighted_recall 0.5712 | union_precision 0.9032 | threshold 0.050 | val_model raw | lr 0.001000
Epoch 52/60 | train_loss 0.8813 | union_precision 0.9032 | weighted_recall 0.5712 | union_precision 0.9032 | threshold 0.050 | val_model raw | lr 0.001000
Epoch 53/60 | train_loss 0.8694 | union_precision 0.9032 | weighted_recall 0.5712 | union_precision 0.9032 | threshold 0.050 | val_model raw | lr 0.001000
Epoch 54/60 | train_loss 0.8684 | union_precision 0.9032 | weighted_recall 0.5712 | union_precision 0.9032 | threshold 0.050 | val_model raw | lr 0.001000
Epoch 55/60 | train_loss 0.8652 | union_precision 0.8750 | weighted_recall 0.5640 | union_precision 0.8750 | threshold 0.050 | val_model raw | lr 0.001000
Epoch 56/60 | train_loss 0.8559 | union_precision 0.8710 | weighted_recall 0.5635 | union_precision 0.8710 | threshold 0.050 | val_model raw | lr 0.001000
Epoch 57/60 | train_loss 0.8480 | union_precision 0.9310 | weighted_recall 0.5779 | union_precision 0.9310 | threshold 0.050 | val_model raw | lr 0.001000
Early stopping at epoch 57
Held-out M24-3 | union_precision=0.9677 | weighted_recall=0.5855 | consensus_recall=0.0000
Epoch 1/60 | train_loss 1.5255 | union_precision 0.8571 | weighted_recall 0.0175 | union_precision 0.8571 | threshold 0.575 | val_model raw | lr 0.001000
Epoch 2/60 | train_loss 1.4119 | union_precision 0.8421 | weighted_recall 0.1577 | union_precision 0.8421 | threshold 0.550 | val_model raw | lr 0.001000
Epoch 3/60 | train_loss 1.3545 | union_precision 0.9146 | weighted_recall 0.4038 | union_precision 0.9146 | threshold 0.050 | val_model raw | lr 0.001000
Epoch 4/60 | train_loss 1.2984 | union_precision 0.9268 | weighted_recall 0.4357 | union_precision 0.9268 | threshold 0.050 | val_model raw | lr 0.001000
Epoch 5/60 | train_loss 1.2696 | union_precision 0.9259 | weighted_recall 0.4336 | union_precision 0.9259 | threshold 0.050 | val_model raw | lr 0.001000
Epoch 6/60 | train_loss 1.2373 | union_precision 0.9268 | weighted_recall 0.4244 | union_precision 0.9268 | threshold 0.050 | val_model raw | lr 0.001000
Epoch 7/60 | train_loss 1.2191 | union_precision 0.9157 | weighted_recall 0.4323 | union_precision 0.9157 | threshold 0.050 | val_model raw | lr 0.001000
Epoch 8/60 | train_loss 1.1991 | union_precision 0.9157 | weighted_recall 0.4323 | union_precision 0.9157 | threshold 0.050 | val_model raw | lr 0.001000
Epoch 9/60 | train_loss 1.1864 | union_precision 0.9157 | weighted_recall 0.4255 | union_precision 0.9157 | threshold 0.050 | val_model raw | lr 0.001000
Epoch 10/60 | train_loss 1.1734 | union_precision 0.9157 | weighted_recall 0.4255 | union_precision 0.9157 | threshold 0.050 | val_model raw | lr 0.001000
Epoch 11/60 | train_loss 1.1553 | union_precision 0.9146 | weighted_recall 0.4300 | union_precision 0.9146 | threshold 0.050 | val_model raw | lr 0.001000
Epoch 12/60 | train_loss 1.1402 | union_precision 0.9157 | weighted_recall 0.4329 | union_precision 0.9157 | threshold 0.050 | val_model raw | lr 0.001000
Epoch 13/60 | train_loss 1.1335 | union_precision 0.9176 | weighted_recall 0.4340 | union_precision 0.9176 | threshold 0.050 | val_model raw | lr 0.001000
Epoch 14/60 | train_loss 1.1151 | union_precision 0.9195 | weighted_recall 0.4359 | union_precision 0.9195 | threshold 0.050 | val_model raw | lr 0.001000
Epoch 15/60 | train_loss 1.1052 | union_precision 0.9195 | weighted_recall 0.4359 | union_precision 0.9195 | threshold 0.050 | val_model raw | lr 0.001000
Epoch 16/60 | train_loss 1.1028 | union_precision 0.9176 | weighted_recall 0.4344 | union_precision 0.9176 | threshold 0.050 | val_model raw | lr 0.001000
Epoch 17/60 | train_loss 1.0836 | union_precision 0.9167 | weighted_recall 0.4405 | union_precision 0.9167 | threshold 0.050 | val_model raw | lr 0.001000
Epoch 18/60 | train_loss 1.0826 | union_precision 0.9176 | weighted_recall 0.4421 | union_precision 0.9176 | threshold 0.050 | val_model raw | lr 0.001000
Epoch 19/60 | train_loss 1.0739 | union_precision 0.9176 | weighted_recall 0.4421 | union_precision 0.9176 | threshold 0.050 | val_model raw | lr 0.001000
Epoch 20/60 | train_loss 1.0555 | union_precision 0.9286 | weighted_recall 0.4494 | union_precision 0.9286 | threshold 0.050 | val_model raw | lr 0.001000
Epoch 21/60 | train_loss 1.0542 | union_precision 0.9277 | weighted_recall 0.4469 | union_precision 0.9277 | threshold 0.050 | val_model raw | lr 0.001000
Epoch 22/60 | train_loss 1.0390 | union_precision 0.9277 | weighted_recall 0.4469 | union_precision 0.9277 | threshold 0.050 | val_model raw | lr 0.001000
Epoch 23/60 | train_loss 1.0383 | union_precision 0.9157 | weighted_recall 0.4343 | union_precision 0.9157 | threshold 0.050 | val_model raw | lr 0.001000
Epoch 24/60 | train_loss 1.0305 | union_precision 0.9157 | weighted_recall 0.4343 | union_precision 0.9157 | threshold 0.050 | val_model raw | lr 0.001000
Epoch 25/60 | train_loss 1.0193 | union_precision 0.9157 | weighted_recall 0.4343 | union_precision 0.9157 | threshold 0.050 | val_model raw | lr 0.001000
Epoch 26/60 | train_loss 1.0208 | union_precision 0.9167 | weighted_recall 0.4368 | union_precision 0.9167 | threshold 0.050 | val_model raw | lr 0.001000
Epoch 27/60 | train_loss 1.0135 | union_precision 0.9048 | weighted_recall 0.4337 | union_precision 0.9048 | threshold 0.050 | val_model raw | lr 0.001000
Epoch 28/60 | train_loss 1.0049 | union_precision 0.9048 | weighted_recall 0.4337 | union_precision 0.9048 | threshold 0.050 | val_model raw | lr 0.001000
Epoch 29/60 | train_loss 0.9966 | union_precision 0.9036 | weighted_recall 0.4334 | union_precision 0.9036 | threshold 0.050 | val_model raw | lr 0.001000
Epoch 30/60 | train_loss 0.9904 | union_precision 0.9048 | weighted_recall 0.4339 | union_precision 0.9048 | threshold 0.050 | val_model raw | lr 0.001000
Early stopping at epoch 30
Held-out M24-4 | union_precision=0.9286 | weighted_recall=0.4494 | consensus_recall=0.0000
Epoch 1/60 | train_loss 1.5183 | union_precision 1.0000 | weighted_recall 0.0321 | union_precision 1.0000 | threshold 0.550 | val_model raw | lr 0.001000
Epoch 2/60 | train_loss 1.4098 | union_precision 1.0000 | weighted_recall 0.0321 | union_precision 1.0000 | threshold 0.575 | val_model raw | lr 0.001000
Epoch 3/60 | train_loss 1.3518 | union_precision 1.0000 | weighted_recall 0.0632 | union_precision 1.0000 | threshold 0.575 | val_model raw | lr 0.001000
Epoch 4/60 | train_loss 1.2966 | union_precision 1.0000 | weighted_recall 0.0632 | union_precision 1.0000 | threshold 0.575 | val_model raw | lr 0.001000
Epoch 5/60 | train_loss 1.2710 | union_precision 0.8571 | weighted_recall 0.1735 | union_precision 0.8571 | threshold 0.525 | val_model raw | lr 0.001000
Epoch 6/60 | train_loss 1.2386 | union_precision 0.8571 | weighted_recall 0.2123 | union_precision 0.8571 | threshold 0.050 | val_model raw | lr 0.001000
Epoch 7/60 | train_loss 1.2193 | union_precision 0.8500 | weighted_recall 0.2084 | union_precision 0.8500 | threshold 0.050 | val_model raw | lr 0.001000
Epoch 8/60 | train_loss 1.2005 | union_precision 0.8947 | weighted_recall 0.2091 | union_precision 0.8947 | threshold 0.050 | val_model raw | lr 0.001000
Epoch 9/60 | train_loss 1.1885 | union_precision 0.9500 | weighted_recall 0.3314 | union_precision 0.9500 | threshold 0.050 | val_model raw | lr 0.001000
Epoch 10/60 | train_loss 1.1758 | union_precision 0.9500 | weighted_recall 0.3314 | union_precision 0.9500 | threshold 0.050 | val_model raw | lr 0.001000
Epoch 11/60 | train_loss 1.1563 | union_precision 0.8947 | weighted_recall 0.3196 | union_precision 0.8947 | threshold 0.050 | val_model raw | lr 0.001000
Epoch 12/60 | train_loss 1.1436 | union_precision 0.9091 | weighted_recall 0.4529 | union_precision 0.9091 | threshold 0.050 | val_model raw | lr 0.001000
Epoch 13/60 | train_loss 1.1339 | union_precision 0.9130 | weighted_recall 0.5012 | union_precision 0.9130 | threshold 0.050 | val_model raw | lr 0.001000
Epoch 14/60 | train_loss 1.1172 | union_precision 0.9130 | weighted_recall 0.5012 | union_precision 0.9130 | threshold 0.050 | val_model raw | lr 0.001000
Epoch 15/60 | train_loss 1.1084 | union_precision 0.9167 | weighted_recall 0.5328 | union_precision 0.9167 | threshold 0.050 | val_model raw | lr 0.001000
Epoch 16/60 | train_loss 1.1061 | union_precision 0.9167 | weighted_recall 0.5328 | union_precision 0.9167 | threshold 0.050 | val_model raw | lr 0.001000
Epoch 17/60 | train_loss 1.0878 | union_precision 0.9167 | weighted_recall 0.5328 | union_precision 0.9167 | threshold 0.050 | val_model raw | lr 0.001000
Epoch 18/60 | train_loss 1.0850 | union_precision 0.9167 | weighted_recall 0.5328 | union_precision 0.9167 | threshold 0.050 | val_model raw | lr 0.001000
Epoch 19/60 | train_loss 1.0768 | union_precision 0.9200 | weighted_recall 0.5368 | union_precision 0.9200 | threshold 0.050 | val_model raw | lr 0.001000
Epoch 20/60 | train_loss 1.0585 | union_precision 0.9200 | weighted_recall 0.5368 | union_precision 0.9200 | threshold 0.050 | val_model raw | lr 0.001000
Epoch 21/60 | train_loss 1.0576 | union_precision 0.9200 | weighted_recall 0.5368 | union_precision 0.9200 | threshold 0.050 | val_model raw | lr 0.001000
Epoch 22/60 | train_loss 1.0425 | union_precision 0.9259 | weighted_recall 0.4795 | union_precision 0.9259 | threshold 0.050 | val_model raw | lr 0.001000
Epoch 23/60 | train_loss 1.0405 | union_precision 0.9259 | weighted_recall 0.4795 | union_precision 0.9259 | threshold 0.050 | val_model raw | lr 0.001000
Epoch 24/60 | train_loss 1.0328 | union_precision 0.9231 | weighted_recall 0.4756 | union_precision 0.9231 | threshold 0.050 | val_model raw | lr 0.001000
Epoch 25/60 | train_loss 1.0231 | union_precision 0.9231 | weighted_recall 0.4756 | union_precision 0.9231 | threshold 0.050 | val_model raw | lr 0.001000
Epoch 26/60 | train_loss 1.0228 | union_precision 0.9259 | weighted_recall 0.4795 | union_precision 0.9259 | threshold 0.050 | val_model raw | lr 0.001000
Epoch 27/60 | train_loss 1.0161 | union_precision 0.9231 | weighted_recall 0.4788 | union_precision 0.9231 | threshold 0.050 | val_model raw | lr 0.001000
Epoch 28/60 | train_loss 1.0080 | union_precision 0.9231 | weighted_recall 0.4788 | union_precision 0.9231 | threshold 0.050 | val_model raw | lr 0.001000
Epoch 29/60 | train_loss 0.9986 | union_precision 0.9200 | weighted_recall 0.4825 | union_precision 0.9200 | threshold 0.050 | val_model raw | lr 0.001000
Early stopping at epoch 29
Held-out M30-1 | union_precision=0.9200 | weighted_recall=0.5368 | consensus_recall=0.0000
Epoch 1/60 | train_loss 1.5199 | union_precision 0.7368 | weighted_recall 0.2610 | union_precision 0.7368 | threshold 0.500 | val_model raw | lr 0.001000
Epoch 2/60 | train_loss 1.4103 | union_precision 1.0000 | weighted_recall 0.0508 | union_precision 1.0000 | threshold 0.575 | val_model raw | lr 0.001000
Epoch 3/60 | train_loss 1.3521 | union_precision 1.0000 | weighted_recall 0.0508 | union_precision 1.0000 | threshold 0.600 | val_model raw | lr 0.001000
Epoch 4/60 | train_loss 1.2979 | union_precision 1.0000 | weighted_recall 0.0508 | union_precision 1.0000 | threshold 0.625 | val_model raw | lr 0.001000
Epoch 5/60 | train_loss 1.2727 | union_precision 1.0000 | weighted_recall 0.0508 | union_precision 1.0000 | threshold 0.650 | val_model raw | lr 0.001000
Epoch 6/60 | train_loss 1.2396 | union_precision 0.9091 | weighted_recall 0.2360 | union_precision 0.9091 | threshold 0.550 | val_model raw | lr 0.001000
Epoch 7/60 | train_loss 1.2204 | union_precision 0.9000 | weighted_recall 0.2545 | union_precision 0.9000 | threshold 0.550 | val_model raw | lr 0.001000
Epoch 8/60 | train_loss 1.2019 | union_precision 0.8889 | weighted_recall 0.3659 | union_precision 0.8889 | threshold 0.050 | val_model raw | lr 0.001000
Epoch 9/60 | train_loss 1.1881 | union_precision 0.8889 | weighted_recall 0.4027 | union_precision 0.8889 | threshold 0.050 | val_model raw | lr 0.001000
Epoch 10/60 | train_loss 1.1784 | union_precision 0.8889 | weighted_recall 0.4027 | union_precision 0.8889 | threshold 0.050 | val_model raw | lr 0.001000
Epoch 11/60 | train_loss 1.1588 | union_precision 0.8846 | weighted_recall 0.3850 | union_precision 0.8846 | threshold 0.050 | val_model raw | lr 0.001000
Epoch 12/60 | train_loss 1.1447 | union_precision 0.9048 | weighted_recall 0.3448 | union_precision 0.9048 | threshold 0.500 | val_model raw | lr 0.001000
Epoch 13/60 | train_loss 1.1354 | union_precision 0.8750 | weighted_recall 0.3692 | union_precision 0.8750 | threshold 0.475 | val_model raw | lr 0.001000
Epoch 14/60 | train_loss 1.1185 | union_precision 0.8636 | weighted_recall 0.3946 | union_precision 0.8636 | threshold 0.475 | val_model raw | lr 0.001000
Epoch 15/60 | train_loss 1.1100 | union_precision 0.9412 | weighted_recall 0.3791 | union_precision 0.9412 | threshold 0.475 | val_model raw | lr 0.001000
Epoch 16/60 | train_loss 1.1066 | union_precision 0.8500 | weighted_recall 0.3957 | union_precision 0.8500 | threshold 0.450 | val_model raw | lr 0.001000
Epoch 17/60 | train_loss 1.0876 | union_precision 0.9412 | weighted_recall 0.3791 | union_precision 0.9412 | threshold 0.450 | val_model raw | lr 0.001000
Epoch 18/60 | train_loss 1.0867 | union_precision 0.9412 | weighted_recall 0.3603 | union_precision 0.9412 | threshold 0.500 | val_model raw | lr 0.001000
Epoch 19/60 | train_loss 1.0775 | union_precision 0.8500 | weighted_recall 0.3767 | union_precision 0.8500 | threshold 0.375 | val_model raw | lr 0.001000
Early stopping at epoch 19
Held-out M30-2 | union_precision=0.8889 | weighted_recall=0.4027 | consensus_recall=0.0000
Epoch 1/60 | train_loss 1.5198 | union_precision 0.7381 | weighted_recall 0.2499 | union_precision 0.7381 | threshold 0.050 | val_model raw | lr 0.001000
Epoch 2/60 | train_loss 1.4096 | union_precision 0.7692 | weighted_recall 0.0553 | union_precision 0.7692 | threshold 0.525 | val_model raw | lr 0.001000
Epoch 3/60 | train_loss 1.3513 | union_precision 0.8636 | weighted_recall 0.3478 | union_precision 0.8636 | threshold 0.050 | val_model raw | lr 0.001000
Epoch 4/60 | train_loss 1.2980 | union_precision 0.8913 | weighted_recall 0.4069 | union_precision 0.8913 | threshold 0.050 | val_model raw | lr 0.001000
Epoch 5/60 | train_loss 1.2709 | union_precision 0.8636 | weighted_recall 0.3740 | union_precision 0.8636 | threshold 0.050 | val_model raw | lr 0.001000
Epoch 6/60 | train_loss 1.2389 | union_precision 0.9149 | weighted_recall 0.4177 | union_precision 0.9149 | threshold 0.450 | val_model raw | lr 0.001000
Epoch 7/60 | train_loss 1.2197 | union_precision 0.9149 | weighted_recall 0.4201 | union_precision 0.9149 | threshold 0.450 | val_model raw | lr 0.001000
Epoch 8/60 | train_loss 1.1986 | union_precision 0.9362 | weighted_recall 0.4189 | union_precision 0.9362 | threshold 0.450 | val_model raw | lr 0.001000
Epoch 9/60 | train_loss 1.1863 | union_precision 0.9375 | weighted_recall 0.4204 | union_precision 0.9375 | threshold 0.450 | val_model raw | lr 0.001000
Epoch 10/60 | train_loss 1.1759 | union_precision 0.9362 | weighted_recall 0.4334 | union_precision 0.9362 | threshold 0.450 | val_model raw | lr 0.001000
Epoch 11/60 | train_loss 1.1555 | union_precision 0.9333 | weighted_recall 0.3948 | union_precision 0.9333 | threshold 0.450 | val_model raw | lr 0.001000
Epoch 12/60 | train_loss 1.1414 | union_precision 0.9111 | weighted_recall 0.4120 | union_precision 0.9111 | threshold 0.450 | val_model raw | lr 0.001000
Epoch 13/60 | train_loss 1.1321 | union_precision 0.9130 | weighted_recall 0.4269 | union_precision 0.9130 | threshold 0.425 | val_model raw | lr 0.001000
Epoch 14/60 | train_loss 1.1161 | union_precision 0.9333 | weighted_recall 0.4278 | union_precision 0.9333 | threshold 0.050 | val_model raw | lr 0.001000
Epoch 15/60 | train_loss 1.1076 | union_precision 0.9333 | weighted_recall 0.4278 | union_precision 0.9333 | threshold 0.050 | val_model raw | lr 0.001000
Epoch 16/60 | train_loss 1.1043 | union_precision 0.9565 | weighted_recall 0.4284 | union_precision 0.9565 | threshold 0.050 | val_model raw | lr 0.001000
Epoch 17/60 | train_loss 1.0851 | union_precision 0.9783 | weighted_recall 0.4398 | union_precision 0.9783 | threshold 0.050 | val_model raw | lr 0.001000
Epoch 18/60 | train_loss 1.0814 | union_precision 0.9783 | weighted_recall 0.4378 | union_precision 0.9783 | threshold 0.050 | val_model raw | lr 0.001000
Epoch 19/60 | train_loss 1.0741 | union_precision 0.9783 | weighted_recall 0.4378 | union_precision 0.9783 | threshold 0.050 | val_model raw | lr 0.001000
Epoch 20/60 | train_loss 1.0563 | union_precision 0.9778 | weighted_recall 0.4351 | union_precision 0.9778 | threshold 0.050 | val_model raw | lr 0.001000
Epoch 21/60 | train_loss 1.0537 | union_precision 0.9565 | weighted_recall 0.4406 | union_precision 0.9565 | threshold 0.050 | val_model raw | lr 0.001000
Epoch 22/60 | train_loss 1.0412 | union_precision 0.9565 | weighted_recall 0.4406 | union_precision 0.9565 | threshold 0.050 | val_model raw | lr 0.001000
Epoch 23/60 | train_loss 1.0375 | union_precision 0.9565 | weighted_recall 0.4257 | union_precision 0.9565 | threshold 0.050 | val_model raw | lr 0.001000
Epoch 24/60 | train_loss 1.0307 | union_precision 0.9556 | weighted_recall 0.4242 | union_precision 0.9556 | threshold 0.050 | val_model raw | lr 0.001000
Epoch 25/60 | train_loss 1.0201 | union_precision 0.9556 | weighted_recall 0.4242 | union_precision 0.9556 | threshold 0.050 | val_model raw | lr 0.001000
Epoch 26/60 | train_loss 1.0209 | union_precision 0.9565 | weighted_recall 0.4288 | union_precision 0.9565 | threshold 0.050 | val_model raw | lr 0.001000
Epoch 27/60 | train_loss 1.0134 | union_precision 0.9565 | weighted_recall 0.4436 | union_precision 0.9565 | threshold 0.050 | val_model raw | lr 0.001000
Epoch 28/60 | train_loss 1.0048 | union_precision 0.9565 | weighted_recall 0.4436 | union_precision 0.9565 | threshold 0.050 | val_model raw | lr 0.001000
Epoch 29/60 | train_loss 0.9969 | union_precision 0.9565 | weighted_recall 0.4436 | union_precision 0.9565 | threshold 0.050 | val_model raw | lr 0.001000
Epoch 30/60 | train_loss 0.9900 | union_precision 0.9565 | weighted_recall 0.4436 | union_precision 0.9565 | threshold 0.050 | val_model raw | lr 0.001000
Epoch 31/60 | train_loss 0.9784 | union_precision 0.9574 | weighted_recall 0.4212 | union_precision 0.9574 | threshold 0.050 | val_model raw | lr 0.001000
Epoch 32/60 | train_loss 0.9741 | union_precision 0.9565 | weighted_recall 0.4368 | union_precision 0.9565 | threshold 0.050 | val_model raw | lr 0.001000
Epoch 33/60 | train_loss 0.9666 | union_precision 0.9556 | weighted_recall 0.4344 | union_precision 0.9556 | threshold 0.050 | val_model raw | lr 0.001000
Epoch 34/60 | train_loss 0.9686 | union_precision 0.9545 | weighted_recall 0.4189 | union_precision 0.9545 | threshold 0.050 | val_model raw | lr 0.001000
Epoch 35/60 | train_loss 0.9513 | union_precision 0.9545 | weighted_recall 0.4189 | union_precision 0.9545 | threshold 0.050 | val_model raw | lr 0.001000
Epoch 36/60 | train_loss 0.9454 | union_precision 0.9535 | weighted_recall 0.4177 | union_precision 0.9535 | threshold 0.050 | val_model raw | lr 0.001000
Epoch 37/60 | train_loss 0.9445 | union_precision 0.9535 | weighted_recall 0.4177 | union_precision 0.9535 | threshold 0.050 | val_model raw | lr 0.001000
Early stopping at epoch 37
Held-out M30-3 | union_precision=0.9565 | weighted_recall=0.4436 | consensus_recall=1.0000
Epoch 1/60 | train_loss 1.5244 | union_precision 0.9322 | weighted_recall 0.4658 | union_precision 0.9322 | threshold 0.050 | val_model raw | lr 0.001000
Epoch 2/60 | train_loss 1.4156 | union_precision 0.9167 | weighted_recall 0.4126 | union_precision 0.9167 | threshold 0.050 | val_model raw | lr 0.001000
Epoch 3/60 | train_loss 1.3535 | union_precision 0.9259 | weighted_recall 0.2961 | union_precision 0.9259 | threshold 0.450 | val_model raw | lr 0.001000
Epoch 4/60 | train_loss 1.3019 | union_precision 0.8868 | weighted_recall 0.3095 | union_precision 0.8868 | threshold 0.450 | val_model raw | lr 0.001000
Epoch 5/60 | train_loss 1.2745 | union_precision 0.8500 | weighted_recall 0.2322 | union_precision 0.8500 | threshold 0.500 | val_model raw | lr 0.001000
Epoch 6/60 | train_loss 1.2403 | union_precision 0.8545 | weighted_recall 0.2746 | union_precision 0.8545 | threshold 0.450 | val_model raw | lr 0.001000
Epoch 7/60 | train_loss 1.2251 | union_precision 0.8545 | weighted_recall 0.2570 | union_precision 0.8545 | threshold 0.050 | val_model raw | lr 0.001000
Epoch 8/60 | train_loss 1.2017 | union_precision 0.8571 | weighted_recall 0.2511 | union_precision 0.8571 | threshold 0.050 | val_model raw | lr 0.001000
Epoch 9/60 | train_loss 1.1896 | union_precision 0.8545 | weighted_recall 0.2969 | union_precision 0.8545 | threshold 0.050 | val_model raw | lr 0.001000
Epoch 10/60 | train_loss 1.1786 | union_precision 0.8500 | weighted_recall 0.2747 | union_precision 0.8500 | threshold 0.525 | val_model raw | lr 0.001000
Epoch 11/60 | train_loss 1.1602 | union_precision 0.8537 | weighted_recall 0.2758 | union_precision 0.8537 | threshold 0.525 | val_model raw | lr 0.001000
Early stopping at epoch 11
Held-out M30-4 | union_precision=0.9322 | weighted_recall=0.4658 | consensus_recall=1.0000
Epoch 1/60 | train_loss 1.5196 | union_precision 0.8947 | weighted_recall 0.3796 | union_precision 0.8947 | threshold 0.050 | val_model raw | lr 0.001000
Epoch 2/60 | train_loss 1.4104 | union_precision 0.9000 | weighted_recall 0.4072 | union_precision 0.9000 | threshold 0.050 | val_model raw | lr 0.001000
Epoch 3/60 | train_loss 1.3476 | union_precision 0.8667 | weighted_recall 0.3359 | union_precision 0.8667 | threshold 0.525 | val_model raw | lr 0.001000
Epoch 4/60 | train_loss 1.2991 | union_precision 0.8667 | weighted_recall 0.3359 | union_precision 0.8667 | threshold 0.550 | val_model raw | lr 0.001000
Epoch 5/60 | train_loss 1.2709 | union_precision 0.8667 | weighted_recall 0.3359 | union_precision 0.8667 | threshold 0.550 | val_model raw | lr 0.001000
Epoch 6/60 | train_loss 1.2380 | union_precision 0.8667 | weighted_recall 0.3359 | union_precision 0.8667 | threshold 0.550 | val_model raw | lr 0.001000
Epoch 7/60 | train_loss 1.2216 | union_precision 0.8947 | weighted_recall 0.4019 | union_precision 0.8947 | threshold 0.050 | val_model raw | lr 0.001000
Epoch 8/60 | train_loss 1.1978 | union_precision 0.9444 | weighted_recall 0.4019 | union_precision 0.9444 | threshold 0.050 | val_model raw | lr 0.001000
Epoch 9/60 | train_loss 1.1876 | union_precision 0.9444 | weighted_recall 0.4019 | union_precision 0.9444 | threshold 0.475 | val_model raw | lr 0.001000
Epoch 10/60 | train_loss 1.1765 | union_precision 0.9444 | weighted_recall 0.4019 | union_precision 0.9444 | threshold 0.475 | val_model raw | lr 0.001000
Epoch 11/60 | train_loss 1.1581 | union_precision 0.9444 | weighted_recall 0.4019 | union_precision 0.9444 | threshold 0.500 | val_model raw | lr 0.001000
Epoch 12/60 | train_loss 1.1429 | union_precision 0.9444 | weighted_recall 0.4019 | union_precision 0.9444 | threshold 0.500 | val_model raw | lr 0.001000
Early stopping at epoch 12
Held-out M33-1 | union_precision=0.9000 | weighted_recall=0.4072 | consensus_recall=0.0000
Epoch 1/60 | train_loss 1.5220 | union_precision 0.8750 | weighted_recall 0.1934 | union_precision 0.8750 | threshold 0.525 | val_model raw | lr 0.001000
Epoch 2/60 | train_loss 1.4122 | union_precision 0.9412 | weighted_recall 0.1199 | union_precision 0.9412 | threshold 0.550 | val_model raw | lr 0.001000
Epoch 3/60 | train_loss 1.3500 | union_precision 1.0000 | weighted_recall 0.0434 | union_precision 1.0000 | threshold 0.575 | val_model raw | lr 0.001000
Epoch 4/60 | train_loss 1.3004 | union_precision 1.0000 | weighted_recall 0.0982 | union_precision 1.0000 | threshold 0.575 | val_model raw | lr 0.001000
Epoch 5/60 | train_loss 1.2720 | union_precision 0.8800 | weighted_recall 0.1009 | union_precision 0.8800 | threshold 0.575 | val_model raw | lr 0.001000
Epoch 6/60 | train_loss 1.2385 | union_precision 1.0000 | weighted_recall 0.0676 | union_precision 1.0000 | threshold 0.600 | val_model raw | lr 0.001000
Epoch 7/60 | train_loss 1.2206 | union_precision 0.8667 | weighted_recall 0.1387 | union_precision 0.8667 | threshold 0.575 | val_model raw | lr 0.001000
Epoch 8/60 | train_loss 1.1991 | union_precision 0.8710 | weighted_recall 0.1804 | union_precision 0.8710 | threshold 0.575 | val_model raw | lr 0.001000
Epoch 9/60 | train_loss 1.1876 | union_precision 0.8525 | weighted_recall 0.2860 | union_precision 0.8525 | threshold 0.050 | val_model raw | lr 0.001000
Epoch 10/60 | train_loss 1.1799 | union_precision 0.8710 | weighted_recall 0.3029 | union_precision 0.8710 | threshold 0.050 | val_model raw | lr 0.001000
Epoch 11/60 | train_loss 1.1603 | union_precision 0.9194 | weighted_recall 0.3379 | union_precision 0.9194 | threshold 0.050 | val_model raw | lr 0.001000
Epoch 12/60 | train_loss 1.1466 | union_precision 0.8923 | weighted_recall 0.3523 | union_precision 0.8923 | threshold 0.050 | val_model raw | lr 0.001000
Epoch 13/60 | train_loss 1.1337 | union_precision 0.8939 | weighted_recall 0.3648 | union_precision 0.8939 | threshold 0.050 | val_model raw | lr 0.001000
Epoch 14/60 | train_loss 1.1216 | union_precision 0.9091 | weighted_recall 0.3700 | union_precision 0.9091 | threshold 0.050 | val_model raw | lr 0.001000
Epoch 15/60 | train_loss 1.1099 | union_precision 0.8955 | weighted_recall 0.3846 | union_precision 0.8955 | threshold 0.050 | val_model raw | lr 0.001000
Epoch 16/60 | train_loss 1.1083 | union_precision 0.8955 | weighted_recall 0.3846 | union_precision 0.8955 | threshold 0.050 | val_model raw | lr 0.001000
Epoch 17/60 | train_loss 1.0861 | union_precision 0.8676 | weighted_recall 0.4176 | union_precision 0.8676 | threshold 0.050 | val_model raw | lr 0.001000
Epoch 18/60 | train_loss 1.0847 | union_precision 0.8636 | weighted_recall 0.4143 | union_precision 0.8636 | threshold 0.050 | val_model raw | lr 0.001000
Epoch 19/60 | train_loss 1.0740 | union_precision 0.8730 | weighted_recall 0.4093 | union_precision 0.8730 | threshold 0.050 | val_model raw | lr 0.001000
Epoch 20/60 | train_loss 1.0571 | union_precision 0.8571 | weighted_recall 0.4062 | union_precision 0.8571 | threshold 0.050 | val_model raw | lr 0.001000
Epoch 21/60 | train_loss 1.0564 | union_precision 0.8548 | weighted_recall 0.4060 | union_precision 0.8548 | threshold 0.050 | val_model raw | lr 0.001000
Epoch 22/60 | train_loss 1.0415 | union_precision 0.8548 | weighted_recall 0.4060 | union_precision 0.8548 | threshold 0.050 | val_model raw | lr 0.001000
Epoch 23/60 | train_loss 1.0405 | union_precision 0.8548 | weighted_recall 0.4060 | union_precision 0.8548 | threshold 0.050 | val_model raw | lr 0.001000
Epoch 24/60 | train_loss 1.0325 | union_precision 0.8667 | weighted_recall 0.4062 | union_precision 0.8667 | threshold 0.050 | val_model raw | lr 0.001000
Epoch 25/60 | train_loss 1.0241 | union_precision 0.8644 | weighted_recall 0.4060 | union_precision 0.8644 | threshold 0.050 | val_model raw | lr 0.001000
Epoch 26/60 | train_loss 1.0192 | union_precision 0.8644 | weighted_recall 0.4128 | union_precision 0.8644 | threshold 0.050 | val_model raw | lr 0.001000
Epoch 27/60 | train_loss 1.0155 | union_precision 0.8644 | weighted_recall 0.3986 | union_precision 0.8644 | threshold 0.050 | val_model raw | lr 0.001000
Early stopping at epoch 27
Held-out M33-2 | union_precision=0.8676 | weighted_recall=0.4176 | consensus_recall=0.0000
Epoch 1/60 | train_loss 1.5191 | union_precision 0.8261 | weighted_recall 0.2601 | union_precision 0.8261 | threshold 0.475 | val_model raw | lr 0.001000
Epoch 2/60 | train_loss 1.4097 | union_precision 0.8095 | weighted_recall 0.2121 | union_precision 0.8095 | threshold 0.500 | val_model raw | lr 0.001000
Epoch 3/60 | train_loss 1.3515 | union_precision 0.8462 | weighted_recall 0.2907 | union_precision 0.8462 | threshold 0.050 | val_model raw | lr 0.001000
Epoch 4/60 | train_loss 1.3003 | union_precision 0.8400 | weighted_recall 0.3352 | union_precision 0.8400 | threshold 0.050 | val_model raw | lr 0.001000
Epoch 5/60 | train_loss 1.2709 | union_precision 0.8750 | weighted_recall 0.3417 | union_precision 0.8750 | threshold 0.050 | val_model raw | lr 0.001000
Epoch 6/60 | train_loss 1.2387 | union_precision 0.8333 | weighted_recall 0.3392 | union_precision 0.8333 | threshold 0.050 | val_model raw | lr 0.001000
Epoch 7/60 | train_loss 1.2214 | union_precision 0.8571 | weighted_recall 0.1099 | union_precision 0.8571 | threshold 0.575 | val_model raw | lr 0.001000
Epoch 8/60 | train_loss 1.1988 | union_precision 0.9167 | weighted_recall 0.2449 | union_precision 0.9167 | threshold 0.575 | val_model raw | lr 0.001000
Epoch 9/60 | train_loss 1.1883 | union_precision 0.9167 | weighted_recall 0.2449 | union_precision 0.9167 | threshold 0.575 | val_model raw | lr 0.001000
Epoch 10/60 | train_loss 1.1792 | union_precision 0.8800 | weighted_recall 0.5179 | union_precision 0.8800 | threshold 0.050 | val_model raw | lr 0.001000
Epoch 11/60 | train_loss 1.1592 | union_precision 0.8846 | weighted_recall 0.5377 | union_precision 0.8846 | threshold 0.050 | val_model raw | lr 0.001000
Epoch 12/60 | train_loss 1.1456 | union_precision 0.9259 | weighted_recall 0.5953 | union_precision 0.9259 | threshold 0.050 | val_model raw | lr 0.001000
Epoch 13/60 | train_loss 1.1344 | union_precision 0.9643 | weighted_recall 0.5969 | union_precision 0.9643 | threshold 0.050 | val_model raw | lr 0.001000
Epoch 14/60 | train_loss 1.1235 | union_precision 0.9643 | weighted_recall 0.5800 | union_precision 0.9643 | threshold 0.050 | val_model raw | lr 0.001000
Epoch 15/60 | train_loss 1.1118 | union_precision 0.9643 | weighted_recall 0.5800 | union_precision 0.9643 | threshold 0.050 | val_model raw | lr 0.001000
Epoch 16/60 | train_loss 1.1082 | union_precision 0.9643 | weighted_recall 0.5800 | union_precision 0.9643 | threshold 0.050 | val_model raw | lr 0.001000
Epoch 17/60 | train_loss 1.0866 | union_precision 0.9630 | weighted_recall 0.5774 | union_precision 0.9630 | threshold 0.050 | val_model raw | lr 0.001000
Epoch 18/60 | train_loss 1.0871 | union_precision 0.9630 | weighted_recall 0.5774 | union_precision 0.9630 | threshold 0.050 | val_model raw | lr 0.001000
Epoch 19/60 | train_loss 1.0767 | union_precision 0.9615 | weighted_recall 0.5630 | union_precision 0.9615 | threshold 0.050 | val_model raw | lr 0.001000
Epoch 20/60 | train_loss 1.0599 | union_precision 0.9600 | weighted_recall 0.5618 | union_precision 0.9600 | threshold 0.050 | val_model raw | lr 0.001000
Epoch 21/60 | train_loss 1.0595 | union_precision 0.9630 | weighted_recall 0.5774 | union_precision 0.9630 | threshold 0.050 | val_model raw | lr 0.001000
Epoch 22/60 | train_loss 1.0447 | union_precision 0.9643 | weighted_recall 0.5560 | union_precision 0.9643 | threshold 0.050 | val_model raw | lr 0.001000
Epoch 23/60 | train_loss 1.0423 | union_precision 0.9643 | weighted_recall 0.5560 | union_precision 0.9643 | threshold 0.050 | val_model raw | lr 0.001000
Early stopping at epoch 23
Held-out M33-3 | union_precision=0.9643 | weighted_recall=0.5969 | consensus_recall=0.0000
Epoch 1/60 | train_loss 1.5115 | union_precision 0.8602 | weighted_recall 0.3325 | union_precision 0.8602 | threshold 0.050 | val_model raw | lr 0.001000
Epoch 2/60 | train_loss 1.4128 | union_precision 0.8646 | weighted_recall 0.3482 | union_precision 0.8646 | threshold 0.050 | val_model raw | lr 0.001000
Epoch 3/60 | train_loss 1.3398 | union_precision 0.9263 | weighted_recall 0.3803 | union_precision 0.9263 | threshold 0.050 | val_model raw | lr 0.001000
Epoch 4/60 | train_loss 1.2947 | union_precision 0.9158 | weighted_recall 0.3509 | union_precision 0.9158 | threshold 0.050 | val_model raw | lr 0.001000
Epoch 5/60 | train_loss 1.2685 | union_precision 0.9362 | weighted_recall 0.3522 | union_precision 0.9362 | threshold 0.050 | val_model raw | lr 0.001000
Epoch 6/60 | train_loss 1.2403 | union_precision 0.9462 | weighted_recall 0.3785 | union_precision 0.9462 | threshold 0.050 | val_model raw | lr 0.001000
Epoch 7/60 | train_loss 1.2203 | union_precision 0.9565 | weighted_recall 0.4067 | union_precision 0.9565 | threshold 0.050 | val_model raw | lr 0.001000
Epoch 8/60 | train_loss 1.2082 | union_precision 0.9756 | weighted_recall 0.3187 | union_precision 0.9756 | threshold 0.050 | val_model raw | lr 0.001000
Epoch 9/60 | train_loss 1.1810 | union_precision 0.9747 | weighted_recall 0.3040 | union_precision 0.9747 | threshold 0.050 | val_model raw | lr 0.001000
Epoch 10/60 | train_loss 1.1633 | union_precision 0.9506 | weighted_recall 0.3167 | union_precision 0.9506 | threshold 0.050 | val_model raw | lr 0.001000
Epoch 11/60 | train_loss 1.1556 | union_precision 0.9620 | weighted_recall 0.3093 | union_precision 0.9620 | threshold 0.050 | val_model raw | lr 0.001000
Epoch 12/60 | train_loss 1.1334 | union_precision 0.9753 | weighted_recall 0.3247 | union_precision 0.9753 | threshold 0.050 | val_model raw | lr 0.001000
Epoch 13/60 | train_loss 1.1275 | union_precision 0.9759 | weighted_recall 0.3122 | union_precision 0.9759 | threshold 0.050 | val_model raw | lr 0.001000
Epoch 14/60 | train_loss 1.1108 | union_precision 0.9518 | weighted_recall 0.3072 | union_precision 0.9518 | threshold 0.050 | val_model raw | lr 0.001000
Epoch 15/60 | train_loss 1.1109 | union_precision 0.9367 | weighted_recall 0.2986 | union_precision 0.9367 | threshold 0.050 | val_model raw | lr 0.001000
Epoch 16/60 | train_loss 1.0872 | union_precision 0.9359 | weighted_recall 0.3135 | union_precision 0.9359 | threshold 0.050 | val_model raw | lr 0.001000
Epoch 17/60 | train_loss 1.0837 | union_precision 0.9359 | weighted_recall 0.3135 | union_precision 0.9359 | threshold 0.050 | val_model raw | lr 0.001000
Early stopping at epoch 17
Held-out M33-4 | union_precision=0.9565 | weighted_recall=0.4067 | consensus_recall=1.0000
Epoch 1/60 | train_loss 1.5266 | union_precision 0.8846 | weighted_recall 0.1999 | union_precision 0.8846 | threshold 0.050 | val_model raw | lr 0.001000
Epoch 2/60 | train_loss 1.4108 | union_precision 0.8485 | weighted_recall 0.1064 | union_precision 0.8485 | threshold 0.500 | val_model raw | lr 0.001000
Epoch 3/60 | train_loss 1.3488 | union_precision 0.8571 | weighted_recall 0.0719 | union_precision 0.8571 | threshold 0.525 | val_model raw | lr 0.001000
Epoch 4/60 | train_loss 1.2964 | union_precision 0.8333 | weighted_recall 0.2717 | union_precision 0.8333 | threshold 0.050 | val_model raw | lr 0.001000
Epoch 5/60 | train_loss 1.2691 | union_precision 0.8475 | weighted_recall 0.2891 | union_precision 0.8475 | threshold 0.050 | val_model raw | lr 0.001000
Epoch 6/60 | train_loss 1.2339 | union_precision 0.8148 | weighted_recall 0.2390 | union_precision 0.8148 | threshold 0.050 | val_model raw | lr 0.001000
Epoch 7/60 | train_loss 1.2127 | union_precision 0.8302 | weighted_recall 0.1961 | union_precision 0.8302 | threshold 0.050 | val_model raw | lr 0.001000
Epoch 8/60 | train_loss 1.1950 | union_precision 0.8039 | weighted_recall 0.1948 | union_precision 0.8039 | threshold 0.050 | val_model raw | lr 0.001000
Epoch 9/60 | train_loss 1.1831 | union_precision 0.8302 | weighted_recall 0.2208 | union_precision 0.8302 | threshold 0.050 | val_model raw | lr 0.001000
Epoch 10/60 | train_loss 1.1735 | union_precision 0.8302 | weighted_recall 0.2230 | union_precision 0.8302 | threshold 0.050 | val_model raw | lr 0.001000
Epoch 11/60 | train_loss 1.1513 | union_precision 0.8113 | weighted_recall 0.2404 | union_precision 0.8113 | threshold 0.050 | val_model raw | lr 0.001000
Early stopping at epoch 11
Held-out M41-1 | union_precision=0.8846 | weighted_recall=0.1999 | consensus_recall=0.0000
Epoch 1/60 | train_loss 1.5243 | union_precision 0.8636 | weighted_recall 0.2823 | union_precision 0.8636 | threshold 0.425 | val_model raw | lr 0.001000
Epoch 2/60 | train_loss 1.4116 | union_precision 0.9615 | weighted_recall 0.3499 | union_precision 0.9615 | threshold 0.050 | val_model raw | lr 0.001000
Epoch 3/60 | train_loss 1.3501 | union_precision 0.9600 | weighted_recall 0.3378 | union_precision 0.9600 | threshold 0.475 | val_model raw | lr 0.001000
Epoch 4/60 | train_loss 1.2973 | union_precision 0.9615 | weighted_recall 0.3487 | union_precision 0.9615 | threshold 0.475 | val_model raw | lr 0.001000
Epoch 5/60 | train_loss 1.2703 | union_precision 0.9615 | weighted_recall 0.3371 | union_precision 0.9615 | threshold 0.050 | val_model raw | lr 0.001000
Epoch 6/60 | train_loss 1.2352 | union_precision 0.9583 | weighted_recall 0.3682 | union_precision 0.9583 | threshold 0.050 | val_model raw | lr 0.001000
Epoch 7/60 | train_loss 1.2152 | union_precision 0.9167 | weighted_recall 0.3618 | union_precision 0.9167 | threshold 0.050 | val_model raw | lr 0.001000
Epoch 8/60 | train_loss 1.1966 | union_precision 0.9200 | weighted_recall 0.3510 | union_precision 0.9200 | threshold 0.050 | val_model raw | lr 0.001000
Epoch 9/60 | train_loss 1.1871 | union_precision 0.8846 | weighted_recall 0.3119 | union_precision 0.8846 | threshold 0.050 | val_model raw | lr 0.001000
Epoch 10/60 | train_loss 1.1774 | union_precision 0.9200 | weighted_recall 0.3270 | union_precision 0.9200 | threshold 0.050 | val_model raw | lr 0.001000
Epoch 11/60 | train_loss 1.1551 | union_precision 0.9583 | weighted_recall 0.3543 | union_precision 0.9583 | threshold 0.050 | val_model raw | lr 0.001000
Epoch 12/60 | train_loss 1.1428 | union_precision 0.9565 | weighted_recall 0.3707 | union_precision 0.9565 | threshold 0.050 | val_model raw | lr 0.001000
Epoch 13/60 | train_loss 1.1326 | union_precision 0.9565 | weighted_recall 0.3672 | union_precision 0.9565 | threshold 0.050 | val_model raw | lr 0.001000
Epoch 14/60 | train_loss 1.1212 | union_precision 0.9565 | weighted_recall 0.3672 | union_precision 0.9565 | threshold 0.050 | val_model raw | lr 0.001000
Epoch 15/60 | train_loss 1.1095 | union_precision 0.9565 | weighted_recall 0.3672 | union_precision 0.9565 | threshold 0.050 | val_model raw | lr 0.001000
Epoch 16/60 | train_loss 1.1039 | union_precision 0.9565 | weighted_recall 0.3672 | union_precision 0.9565 | threshold 0.050 | val_model raw | lr 0.001000
Epoch 17/60 | train_loss 1.0864 | union_precision 0.9130 | weighted_recall 0.3609 | union_precision 0.9130 | threshold 0.050 | val_model raw | lr 0.001000
Epoch 18/60 | train_loss 1.0805 | union_precision 0.9091 | weighted_recall 0.3547 | union_precision 0.9091 | threshold 0.050 | val_model raw | lr 0.001000
Epoch 19/60 | train_loss 1.0703 | union_precision 0.9600 | weighted_recall 0.3793 | union_precision 0.9600 | threshold 0.050 | val_model raw | lr 0.001000
Epoch 20/60 | train_loss 1.0563 | union_precision 0.9583 | weighted_recall 0.3705 | union_precision 0.9583 | threshold 0.050 | val_model raw | lr 0.001000
Epoch 21/60 | train_loss 1.0558 | union_precision 0.9231 | weighted_recall 0.3762 | union_precision 0.9231 | threshold 0.050 | val_model raw | lr 0.001000
Epoch 22/60 | train_loss 1.0414 | union_precision 0.9231 | weighted_recall 0.3762 | union_precision 0.9231 | threshold 0.050 | val_model raw | lr 0.001000
Epoch 23/60 | train_loss 1.0404 | union_precision 0.9231 | weighted_recall 0.3762 | union_precision 0.9231 | threshold 0.050 | val_model raw | lr 0.001000
Epoch 24/60 | train_loss 1.0312 | union_precision 0.9231 | weighted_recall 0.3762 | union_precision 0.9231 | threshold 0.050 | val_model raw | lr 0.001000
Epoch 25/60 | train_loss 1.0229 | union_precision 0.9200 | weighted_recall 0.3705 | union_precision 0.9200 | threshold 0.050 | val_model raw | lr 0.001000
Epoch 26/60 | train_loss 1.0204 | union_precision 0.9200 | weighted_recall 0.3670 | union_precision 0.9200 | threshold 0.050 | val_model raw | lr 0.001000
Epoch 27/60 | train_loss 1.0154 | union_precision 0.9200 | weighted_recall 0.3670 | union_precision 0.9200 | threshold 0.050 | val_model raw | lr 0.001000
Epoch 28/60 | train_loss 1.0077 | union_precision 0.9200 | weighted_recall 0.3670 | union_precision 0.9200 | threshold 0.050 | val_model raw | lr 0.001000
Epoch 29/60 | train_loss 0.9977 | union_precision 0.9200 | weighted_recall 0.3670 | union_precision 0.9200 | threshold 0.050 | val_model raw | lr 0.001000
Early stopping at epoch 29
Held-out M41-2 | union_precision=0.9600 | weighted_recall=0.3793 | consensus_recall=0.0000
Epoch 1/60 | train_loss 1.5261 | union_precision 0.9000 | weighted_recall 0.1432 | union_precision 0.9000 | threshold 0.550 | val_model raw | lr 0.001000
Epoch 2/60 | train_loss 1.4128 | union_precision 1.0000 | weighted_recall 0.1429 | union_precision 1.0000 | threshold 0.550 | val_model raw | lr 0.001000
Epoch 3/60 | train_loss 1.3506 | union_precision 0.8710 | weighted_recall 0.3830 | union_precision 0.8710 | threshold 0.050 | val_model raw | lr 0.001000
Epoch 4/60 | train_loss 1.2985 | union_precision 0.8667 | weighted_recall 0.3558 | union_precision 0.8667 | threshold 0.050 | val_model raw | lr 0.001000
Epoch 5/60 | train_loss 1.2716 | union_precision 0.8929 | weighted_recall 0.3541 | union_precision 0.8929 | threshold 0.050 | val_model raw | lr 0.001000
Epoch 6/60 | train_loss 1.2364 | union_precision 0.8929 | weighted_recall 0.3556 | union_precision 0.8929 | threshold 0.050 | val_model raw | lr 0.001000
Epoch 7/60 | train_loss 1.2156 | union_precision 0.8621 | weighted_recall 0.3656 | union_precision 0.8621 | threshold 0.050 | val_model raw | lr 0.001000
Epoch 8/60 | train_loss 1.1976 | union_precision 0.8621 | weighted_recall 0.3656 | union_precision 0.8621 | threshold 0.050 | val_model raw | lr 0.001000
Epoch 9/60 | train_loss 1.1885 | union_precision 0.8966 | weighted_recall 0.3778 | union_precision 0.8966 | threshold 0.050 | val_model raw | lr 0.001000
Epoch 10/60 | train_loss 1.1772 | union_precision 0.9000 | weighted_recall 0.3782 | union_precision 0.9000 | threshold 0.050 | val_model raw | lr 0.001000
Epoch 11/60 | train_loss 1.1542 | union_precision 0.9655 | weighted_recall 0.3593 | union_precision 0.9655 | threshold 0.050 | val_model raw | lr 0.001000
Epoch 12/60 | train_loss 1.1426 | union_precision 0.9667 | weighted_recall 0.3791 | union_precision 0.9667 | threshold 0.050 | val_model raw | lr 0.001000
Epoch 13/60 | train_loss 1.1324 | union_precision 0.9677 | weighted_recall 0.3830 | union_precision 0.9677 | threshold 0.050 | val_model raw | lr 0.001000
Epoch 14/60 | train_loss 1.1221 | union_precision 0.9688 | weighted_recall 0.3799 | union_precision 0.9688 | threshold 0.050 | val_model raw | lr 0.001000
Epoch 15/60 | train_loss 1.1096 | union_precision 0.9375 | weighted_recall 0.4071 | union_precision 0.9375 | threshold 0.050 | val_model raw | lr 0.001000
Epoch 16/60 | train_loss 1.1036 | union_precision 0.9394 | weighted_recall 0.4165 | union_precision 0.9394 | threshold 0.050 | val_model raw | lr 0.001000
Epoch 17/60 | train_loss 1.0833 | union_precision 0.9412 | weighted_recall 0.4671 | union_precision 0.9412 | threshold 0.050 | val_model raw | lr 0.001000
Epoch 18/60 | train_loss 1.0789 | union_precision 0.9412 | weighted_recall 0.4671 | union_precision 0.9412 | threshold 0.050 | val_model raw | lr 0.001000
Epoch 19/60 | train_loss 1.0686 | union_precision 0.9394 | weighted_recall 0.4455 | union_precision 0.9394 | threshold 0.050 | val_model raw | lr 0.001000
Epoch 20/60 | train_loss 1.0553 | union_precision 0.9375 | weighted_recall 0.4267 | union_precision 0.9375 | threshold 0.050 | val_model raw | lr 0.001000
Epoch 21/60 | train_loss 1.0554 | union_precision 0.9375 | weighted_recall 0.4163 | union_precision 0.9375 | threshold 0.050 | val_model raw | lr 0.001000
Epoch 22/60 | train_loss 1.0411 | union_precision 0.9375 | weighted_recall 0.4163 | union_precision 0.9375 | threshold 0.050 | val_model raw | lr 0.001000
Epoch 23/60 | train_loss 1.0397 | union_precision 0.9375 | weighted_recall 0.4163 | union_precision 0.9375 | threshold 0.050 | val_model raw | lr 0.001000
Epoch 24/60 | train_loss 1.0288 | union_precision 0.9394 | weighted_recall 0.4413 | union_precision 0.9394 | threshold 0.050 | val_model raw | lr 0.001000
Epoch 25/60 | train_loss 1.0240 | union_precision 0.9394 | weighted_recall 0.4693 | union_precision 0.9394 | threshold 0.050 | val_model raw | lr 0.001000
Epoch 26/60 | train_loss 1.0208 | union_precision 0.9394 | weighted_recall 0.4690 | union_precision 0.9394 | threshold 0.050 | val_model raw | lr 0.001000
Epoch 27/60 | train_loss 1.0159 | union_precision 0.9394 | weighted_recall 0.4690 | union_precision 0.9394 | threshold 0.050 | val_model raw | lr 0.001000
Epoch 28/60 | train_loss 1.0077 | union_precision 0.9375 | weighted_recall 0.4539 | union_precision 0.9375 | threshold 0.050 | val_model raw | lr 0.001000
Epoch 29/60 | train_loss 0.9971 | union_precision 0.9375 | weighted_recall 0.4190 | union_precision 0.9375 | threshold 0.050 | val_model raw | lr 0.001000
Epoch 30/60 | train_loss 0.9912 | union_precision 0.9375 | weighted_recall 0.4190 | union_precision 0.9375 | threshold 0.050 | val_model raw | lr 0.001000
Epoch 31/60 | train_loss 0.9814 | union_precision 0.9355 | weighted_recall 0.4159 | union_precision 0.9355 | threshold 0.050 | val_model raw | lr 0.001000
Epoch 32/60 | train_loss 0.9752 | union_precision 0.9667 | weighted_recall 0.4159 | union_precision 0.9667 | threshold 0.050 | val_model raw | lr 0.001000
Epoch 33/60 | train_loss 0.9665 | union_precision 0.9667 | weighted_recall 0.4159 | union_precision 0.9667 | threshold 0.050 | val_model raw | lr 0.001000
Epoch 34/60 | train_loss 0.9706 | union_precision 0.9677 | weighted_recall 0.4375 | union_precision 0.9677 | threshold 0.050 | val_model raw | lr 0.001000
Epoch 35/60 | train_loss 0.9531 | union_precision 0.9677 | weighted_recall 0.4375 | union_precision 0.9677 | threshold 0.050 | val_model raw | lr 0.001000
Early stopping at epoch 35
Held-out M41-3 | union_precision=0.9394 | weighted_recall=0.4693 | consensus_recall=0.0000
Epoch 1/60 | train_loss 1.5265 | union_precision 0.8684 | weighted_recall 0.3986 | union_precision 0.8684 | threshold 0.050 | val_model raw | lr 0.001000
Epoch 2/60 | train_loss 1.4143 | union_precision 0.8684 | weighted_recall 0.4149 | union_precision 0.8684 | threshold 0.050 | val_model raw | lr 0.001000
Epoch 3/60 | train_loss 1.3506 | union_precision 1.0000 | weighted_recall 0.1450 | union_precision 1.0000 | threshold 0.600 | val_model raw | lr 0.001000
Epoch 4/60 | train_loss 1.2993 | union_precision 0.8889 | weighted_recall 0.1835 | union_precision 0.8889 | threshold 0.600 | val_model raw | lr 0.001000
Epoch 5/60 | train_loss 1.2727 | union_precision 0.8750 | weighted_recall 0.3123 | union_precision 0.8750 | threshold 0.575 | val_model raw | lr 0.001000
Epoch 6/60 | train_loss 1.2389 | union_precision 0.8571 | weighted_recall 0.3402 | union_precision 0.8571 | threshold 0.525 | val_model raw | lr 0.001000
Epoch 7/60 | train_loss 1.2161 | union_precision 0.8571 | weighted_recall 0.3402 | union_precision 0.8571 | threshold 0.525 | val_model raw | lr 0.001000
Epoch 8/60 | train_loss 1.1986 | union_precision 0.8750 | weighted_recall 0.3123 | union_precision 0.8750 | threshold 0.575 | val_model raw | lr 0.001000
Epoch 9/60 | train_loss 1.1890 | union_precision 0.8750 | weighted_recall 0.3123 | union_precision 0.8750 | threshold 0.575 | val_model raw | lr 0.001000
Epoch 10/60 | train_loss 1.1791 | union_precision 1.0000 | weighted_recall 0.0494 | union_precision 1.0000 | threshold 0.725 | val_model raw | lr 0.001000
Epoch 11/60 | train_loss 1.1560 | union_precision 0.8571 | weighted_recall 0.1314 | union_precision 0.8571 | threshold 0.700 | val_model raw | lr 0.001000
Epoch 12/60 | train_loss 1.1446 | union_precision 0.8571 | weighted_recall 0.1314 | union_precision 0.8571 | threshold 0.725 | val_model raw | lr 0.001000
Early stopping at epoch 12
Held-out M41-4 | union_precision=0.8684 | weighted_recall=0.4149 | consensus_recall=0.0000
Epoch 1/60 | train_loss 1.5247 | union_precision 1.0000 | weighted_recall 0.0064 | union_precision 1.0000 | threshold 0.625 | val_model raw | lr 0.001000
Epoch 2/60 | train_loss 1.4131 | union_precision 0.8333 | weighted_recall 0.2346 | union_precision 0.8333 | threshold 0.525 | val_model raw | lr 0.001000
Epoch 3/60 | train_loss 1.3490 | union_precision 0.8500 | weighted_recall 0.1706 | union_precision 0.8500 | threshold 0.575 | val_model raw | lr 0.001000
Epoch 4/60 | train_loss 1.2980 | union_precision 0.8750 | weighted_recall 0.2162 | union_precision 0.8750 | threshold 0.575 | val_model raw | lr 0.001000
Epoch 5/60 | train_loss 1.2701 | union_precision 0.8800 | weighted_recall 0.2451 | union_precision 0.8800 | threshold 0.575 | val_model raw | lr 0.001000
Epoch 6/60 | train_loss 1.2381 | union_precision 0.8837 | weighted_recall 0.3781 | union_precision 0.8837 | threshold 0.050 | val_model raw | lr 0.001000
Epoch 7/60 | train_loss 1.2155 | union_precision 0.8621 | weighted_recall 0.2815 | union_precision 0.8621 | threshold 0.575 | val_model raw | lr 0.001000
Epoch 8/60 | train_loss 1.1959 | union_precision 0.9302 | weighted_recall 0.4544 | union_precision 0.9302 | threshold 0.050 | val_model raw | lr 0.001000
Epoch 9/60 | train_loss 1.1879 | union_precision 0.9302 | weighted_recall 0.4544 | union_precision 0.9302 | threshold 0.050 | val_model raw | lr 0.001000
Epoch 10/60 | train_loss 1.1752 | union_precision 0.9318 | weighted_recall 0.4582 | union_precision 0.9318 | threshold 0.050 | val_model raw | lr 0.001000
Epoch 11/60 | train_loss 1.1553 | union_precision 0.9318 | weighted_recall 0.4582 | union_precision 0.9318 | threshold 0.050 | val_model raw | lr 0.001000
Epoch 12/60 | train_loss 1.1433 | union_precision 0.9286 | weighted_recall 0.4082 | union_precision 0.9286 | threshold 0.050 | val_model raw | lr 0.001000
Epoch 13/60 | train_loss 1.1326 | union_precision 0.9268 | weighted_recall 0.4041 | union_precision 0.9268 | threshold 0.050 | val_model raw | lr 0.001000
Epoch 14/60 | train_loss 1.1235 | union_precision 0.9268 | weighted_recall 0.4502 | union_precision 0.9268 | threshold 0.050 | val_model raw | lr 0.001000
Epoch 15/60 | train_loss 1.1107 | union_precision 0.9268 | weighted_recall 0.4502 | union_precision 0.9268 | threshold 0.050 | val_model raw | lr 0.001000
Epoch 16/60 | train_loss 1.1022 | union_precision 0.9286 | weighted_recall 0.4342 | union_precision 0.9286 | threshold 0.050 | val_model raw | lr 0.001000
Epoch 17/60 | train_loss 1.0871 | union_precision 0.9250 | weighted_recall 0.4028 | union_precision 0.9250 | threshold 0.050 | val_model raw | lr 0.001000
Epoch 18/60 | train_loss 1.0794 | union_precision 0.9250 | weighted_recall 0.4028 | union_precision 0.9250 | threshold 0.050 | val_model raw | lr 0.001000
Epoch 19/60 | train_loss 1.0702 | union_precision 0.9211 | weighted_recall 0.3851 | union_precision 0.9211 | threshold 0.250 | val_model raw | lr 0.001000
Epoch 20/60 | train_loss 1.0574 | union_precision 0.8947 | weighted_recall 0.3549 | union_precision 0.8947 | threshold 0.225 | val_model raw | lr 0.001000
Early stopping at epoch 20
Held-out M50-1 | union_precision=0.9318 | weighted_recall=0.4582 | consensus_recall=0.0000
Epoch 1/60 | train_loss 1.5237 | union_precision 0.9216 | weighted_recall 0.2313 | union_precision 0.9216 | threshold 0.050 | val_model raw | lr 0.001000
Epoch 2/60 | train_loss 1.4139 | union_precision 0.8776 | weighted_recall 0.1863 | union_precision 0.8776 | threshold 0.050 | val_model raw | lr 0.001000
Epoch 3/60 | train_loss 1.3474 | union_precision 0.8750 | weighted_recall 0.1354 | union_precision 0.8750 | threshold 0.500 | val_model raw | lr 0.001000
Epoch 4/60 | train_loss 1.2982 | union_precision 0.8542 | weighted_recall 0.1913 | union_precision 0.8542 | threshold 0.425 | val_model raw | lr 0.001000
Epoch 5/60 | train_loss 1.2693 | union_precision 0.8600 | weighted_recall 0.2136 | union_precision 0.8600 | threshold 0.050 | val_model raw | lr 0.001000
Epoch 6/60 | train_loss 1.2391 | union_precision 0.8529 | weighted_recall 0.1580 | union_precision 0.8529 | threshold 0.500 | val_model raw | lr 0.001000
Epoch 7/60 | train_loss 1.2159 | union_precision 0.8511 | weighted_recall 0.2069 | union_precision 0.8511 | threshold 0.450 | val_model raw | lr 0.001000
Epoch 8/60 | train_loss 1.1973 | union_precision 0.8571 | weighted_recall 0.2052 | union_precision 0.8571 | threshold 0.475 | val_model raw | lr 0.001000
Epoch 9/60 | train_loss 1.1876 | union_precision 0.8750 | weighted_recall 0.2592 | union_precision 0.8750 | threshold 0.050 | val_model raw | lr 0.001000
Epoch 10/60 | train_loss 1.1762 | union_precision 0.8600 | weighted_recall 0.2573 | union_precision 0.8600 | threshold 0.050 | val_model raw | lr 0.001000
Epoch 11/60 | train_loss 1.1555 | union_precision 0.8800 | weighted_recall 0.2435 | union_precision 0.8800 | threshold 0.050 | val_model raw | lr 0.001000
Epoch 12/60 | train_loss 1.1424 | union_precision 0.9000 | weighted_recall 0.2492 | union_precision 0.9000 | threshold 0.050 | val_model raw | lr 0.001000
Epoch 13/60 | train_loss 1.1350 | union_precision 0.9000 | weighted_recall 0.2889 | union_precision 0.9000 | threshold 0.050 | val_model raw | lr 0.001000
Epoch 14/60 | train_loss 1.1222 | union_precision 0.9184 | weighted_recall 0.2802 | union_precision 0.9184 | threshold 0.050 | val_model raw | lr 0.001000
Epoch 15/60 | train_loss 1.1124 | union_precision 0.9388 | weighted_recall 0.2725 | union_precision 0.9388 | threshold 0.050 | val_model raw | lr 0.001000
Epoch 16/60 | train_loss 1.1025 | union_precision 0.9400 | weighted_recall 0.2408 | union_precision 0.9400 | threshold 0.050 | val_model raw | lr 0.001000
Epoch 17/60 | train_loss 1.0870 | union_precision 0.9400 | weighted_recall 0.2408 | union_precision 0.9400 | threshold 0.050 | val_model raw | lr 0.001000
Epoch 18/60 | train_loss 1.0795 | union_precision 0.9400 | weighted_recall 0.2408 | union_precision 0.9400 | threshold 0.050 | val_model raw | lr 0.001000
Epoch 19/60 | train_loss 1.0703 | union_precision 0.9216 | weighted_recall 0.2704 | union_precision 0.9216 | threshold 0.050 | val_model raw | lr 0.001000
Epoch 20/60 | train_loss 1.0579 | union_precision 0.9184 | weighted_recall 0.2639 | union_precision 0.9184 | threshold 0.050 | val_model raw | lr 0.001000
Epoch 21/60 | train_loss 1.0586 | union_precision 0.9184 | weighted_recall 0.2753 | union_precision 0.9184 | threshold 0.050 | val_model raw | lr 0.001000
Epoch 22/60 | train_loss 1.0403 | union_precision 0.9184 | weighted_recall 0.2838 | union_precision 0.9184 | threshold 0.050 | val_model raw | lr 0.001000
Epoch 23/60 | train_loss 1.0430 | union_precision 0.9184 | weighted_recall 0.2888 | union_precision 0.9184 | threshold 0.050 | val_model raw | lr 0.001000
Early stopping at epoch 23
Held-out M50-2 | union_precision=0.9000 | weighted_recall=0.2889 | consensus_recall=0.0000
Epoch 1/60 | train_loss 1.5324 | union_precision 1.0000 | weighted_recall 0.0189 | union_precision 1.0000 | threshold 0.575 | val_model raw | lr 0.001000
Epoch 2/60 | train_loss 1.4216 | union_precision 0.8667 | weighted_recall 0.2988 | union_precision 0.8667 | threshold 0.050 | val_model raw | lr 0.001000
Epoch 3/60 | train_loss 1.3562 | union_precision 0.9333 | weighted_recall 0.3325 | union_precision 0.9333 | threshold 0.050 | val_model raw | lr 0.001000
Epoch 4/60 | train_loss 1.3028 | union_precision 0.9556 | weighted_recall 0.3951 | union_precision 0.9556 | threshold 0.050 | val_model raw | lr 0.001000
Epoch 5/60 | train_loss 1.2737 | union_precision 0.9894 | weighted_recall 0.4575 | union_precision 0.9894 | threshold 0.050 | val_model raw | lr 0.001000
Epoch 6/60 | train_loss 1.2429 | union_precision 0.9895 | weighted_recall 0.4745 | union_precision 0.9895 | threshold 0.050 | val_model raw | lr 0.001000
Epoch 7/60 | train_loss 1.2184 | union_precision 0.9895 | weighted_recall 0.4719 | union_precision 0.9895 | threshold 0.050 | val_model raw | lr 0.001000
Epoch 8/60 | train_loss 1.2026 | union_precision 0.9894 | weighted_recall 0.4641 | union_precision 0.9894 | threshold 0.050 | val_model raw | lr 0.001000
Epoch 9/60 | train_loss 1.1926 | union_precision 0.9789 | weighted_recall 0.4637 | union_precision 0.9789 | threshold 0.050 | val_model raw | lr 0.001000
Epoch 10/60 | train_loss 1.1805 | union_precision 0.9789 | weighted_recall 0.4637 | union_precision 0.9789 | threshold 0.050 | val_model raw | lr 0.001000
Epoch 11/60 | train_loss 1.1601 | union_precision 0.9681 | weighted_recall 0.4484 | union_precision 0.9681 | threshold 0.400 | val_model raw | lr 0.001000
Epoch 12/60 | train_loss 1.1501 | union_precision 0.9570 | weighted_recall 0.4457 | union_precision 0.9570 | threshold 0.375 | val_model raw | lr 0.001000
Epoch 13/60 | train_loss 1.1408 | union_precision 0.9677 | weighted_recall 0.4523 | union_precision 0.9677 | threshold 0.350 | val_model raw | lr 0.001000
Epoch 14/60 | train_loss 1.1283 | union_precision 0.9787 | weighted_recall 0.4592 | union_precision 0.9787 | threshold 0.300 | val_model raw | lr 0.001000
Epoch 15/60 | train_loss 1.1202 | union_precision 0.9785 | weighted_recall 0.4557 | union_precision 0.9785 | threshold 0.275 | val_model raw | lr 0.001000
Epoch 16/60 | train_loss 1.1083 | union_precision 0.9783 | weighted_recall 0.4655 | union_precision 0.9783 | threshold 0.250 | val_model raw | lr 0.001000
Early stopping at epoch 16
Held-out M50-3 | union_precision=0.9895 | weighted_recall=0.4745 | consensus_recall=0.0000
Epoch 1/60 | train_loss 1.5241 | union_precision 1.0000 | weighted_recall 0.0005 | union_precision 1.0000 | threshold 0.575 | val_model raw | lr 0.001000
Epoch 2/60 | train_loss 1.4150 | union_precision 1.0000 | weighted_recall 0.0234 | union_precision 1.0000 | threshold 0.575 | val_model raw | lr 0.001000
Epoch 3/60 | train_loss 1.3490 | union_precision 0.8933 | weighted_recall 0.2673 | union_precision 0.8933 | threshold 0.425 | val_model raw | lr 0.001000
Epoch 4/60 | train_loss 1.2979 | union_precision 0.8734 | weighted_recall 0.2834 | union_precision 0.8734 | threshold 0.425 | val_model raw | lr 0.001000
Epoch 5/60 | train_loss 1.2675 | union_precision 0.8929 | weighted_recall 0.3467 | union_precision 0.8929 | threshold 0.050 | val_model raw | lr 0.001000
Epoch 6/60 | train_loss 1.2364 | union_precision 0.9036 | weighted_recall 0.3765 | union_precision 0.9036 | threshold 0.050 | val_model raw | lr 0.001000
Epoch 7/60 | train_loss 1.2083 | union_precision 0.9036 | weighted_recall 0.3635 | union_precision 0.9036 | threshold 0.450 | val_model raw | lr 0.001000
Epoch 8/60 | train_loss 1.1934 | union_precision 0.9036 | weighted_recall 0.3807 | union_precision 0.9036 | threshold 0.450 | val_model raw | lr 0.001000
Epoch 9/60 | train_loss 1.1836 | union_precision 0.9036 | weighted_recall 0.3402 | union_precision 0.9036 | threshold 0.450 | val_model raw | lr 0.001000
Epoch 10/60 | train_loss 1.1720 | union_precision 0.8889 | weighted_recall 0.3313 | union_precision 0.8889 | threshold 0.450 | val_model raw | lr 0.001000
Epoch 11/60 | train_loss 1.1514 | union_precision 0.9012 | weighted_recall 0.3550 | union_precision 0.9012 | threshold 0.450 | val_model raw | lr 0.001000
Epoch 12/60 | train_loss 1.1404 | union_precision 0.8780 | weighted_recall 0.3460 | union_precision 0.8780 | threshold 0.050 | val_model raw | lr 0.001000
Epoch 13/60 | train_loss 1.1309 | union_precision 0.8625 | weighted_recall 0.3292 | union_precision 0.8625 | threshold 0.050 | val_model raw | lr 0.001000
Epoch 14/60 | train_loss 1.1202 | union_precision 0.8919 | weighted_recall 0.3213 | union_precision 0.8919 | threshold 0.050 | val_model raw | lr 0.001000
Epoch 15/60 | train_loss 1.1083 | union_precision 0.8961 | weighted_recall 0.3279 | union_precision 0.8961 | threshold 0.050 | val_model raw | lr 0.001000
Epoch 16/60 | train_loss 1.0956 | union_precision 0.9091 | weighted_recall 0.3486 | union_precision 0.9091 | threshold 0.050 | val_model raw | lr 0.001000
Epoch 17/60 | train_loss 1.0841 | union_precision 0.9067 | weighted_recall 0.3456 | union_precision 0.9067 | threshold 0.050 | val_model raw | lr 0.001000
Epoch 18/60 | train_loss 1.0713 | union_precision 0.9200 | weighted_recall 0.3386 | union_precision 0.9200 | threshold 0.050 | val_model raw | lr 0.001000
Early stopping at epoch 18
Held-out M56-1 | union_precision=0.9036 | weighted_recall=0.3807 | consensus_recall=1.0000
Epoch 1/60 | train_loss 1.5209 | union_precision 1.0000 | weighted_recall 0.0196 | union_precision 1.0000 | threshold 0.525 | val_model raw | lr 0.001000
Epoch 2/60 | train_loss 1.4105 | union_precision 1.0000 | weighted_recall 0.0196 | union_precision 1.0000 | threshold 0.550 | val_model raw | lr 0.001000
Epoch 3/60 | train_loss 1.3470 | union_precision 1.0000 | weighted_recall 0.0221 | union_precision 1.0000 | threshold 0.550 | val_model raw | lr 0.001000
Epoch 4/60 | train_loss 1.2959 | union_precision 1.0000 | weighted_recall 0.0200 | union_precision 1.0000 | threshold 0.575 | val_model raw | lr 0.001000
Epoch 5/60 | train_loss 1.2653 | union_precision 1.0000 | weighted_recall 0.0352 | union_precision 1.0000 | threshold 0.575 | val_model raw | lr 0.001000
Epoch 6/60 | train_loss 1.2362 | union_precision 0.8529 | weighted_recall 0.2254 | union_precision 0.8529 | threshold 0.050 | val_model raw | lr 0.001000
Epoch 7/60 | train_loss 1.2084 | union_precision 0.8571 | weighted_recall 0.2437 | union_precision 0.8571 | threshold 0.050 | val_model raw | lr 0.001000
Epoch 8/60 | train_loss 1.1940 | union_precision 0.8571 | weighted_recall 0.2437 | union_precision 0.8571 | threshold 0.050 | val_model raw | lr 0.001000
Epoch 9/60 | train_loss 1.1811 | union_precision 0.8788 | weighted_recall 0.2031 | union_precision 0.8788 | threshold 0.050 | val_model raw | lr 0.001000
Epoch 10/60 | train_loss 1.1733 | union_precision 1.0000 | weighted_recall 0.0190 | union_precision 1.0000 | threshold 0.650 | val_model raw | lr 0.001000
Epoch 11/60 | train_loss 1.1533 | union_precision 0.8621 | weighted_recall 0.1335 | union_precision 0.8621 | threshold 0.500 | val_model raw | lr 0.001000
Epoch 12/60 | train_loss 1.1394 | union_precision 1.0000 | weighted_recall 0.0059 | union_precision 1.0000 | threshold 0.675 | val_model raw | lr 0.001000
Epoch 13/60 | train_loss 1.1327 | union_precision 1.0000 | weighted_recall 0.0303 | union_precision 1.0000 | threshold 0.675 | val_model raw | lr 0.001000
Epoch 14/60 | train_loss 1.1198 | union_precision 1.0000 | weighted_recall 0.0059 | union_precision 1.0000 | threshold 0.700 | val_model raw | lr 0.001000
Epoch 15/60 | train_loss 1.1109 | union_precision 1.0000 | weighted_recall 0.0059 | union_precision 1.0000 | threshold 0.700 | val_model raw | lr 0.001000
Epoch 16/60 | train_loss 1.0941 | union_precision 1.0000 | weighted_recall 0.0113 | union_precision 1.0000 | threshold 0.700 | val_model raw | lr 0.001000
Epoch 17/60 | train_loss 1.0859 | union_precision 1.0000 | weighted_recall 0.0113 | union_precision 1.0000 | threshold 0.700 | val_model raw | lr 0.001000
Epoch 18/60 | train_loss 1.0713 | union_precision 1.0000 | weighted_recall 0.0059 | union_precision 1.0000 | threshold 0.725 | val_model raw | lr 0.001000
Early stopping at epoch 18
Held-out M56-2 | union_precision=0.8571 | weighted_recall=0.2437 | consensus_recall=0.0000
Epoch 1/60 | train_loss 1.5275 | union_precision 0.8837 | weighted_recall 0.2616 | union_precision 0.8837 | threshold 0.050 | val_model raw | lr 0.001000
Epoch 2/60 | train_loss 1.4182 | union_precision 0.8966 | weighted_recall 0.3054 | union_precision 0.8966 | threshold 0.050 | val_model raw | lr 0.001000
Epoch 3/60 | train_loss 1.3540 | union_precision 0.8953 | weighted_recall 0.2893 | union_precision 0.8953 | threshold 0.050 | val_model raw | lr 0.001000
Epoch 4/60 | train_loss 1.3008 | union_precision 0.8977 | weighted_recall 0.3485 | union_precision 0.8977 | threshold 0.050 | val_model raw | lr 0.001000
Epoch 5/60 | train_loss 1.2712 | union_precision 0.8851 | weighted_recall 0.3328 | union_precision 0.8851 | threshold 0.050 | val_model raw | lr 0.001000
Epoch 6/60 | train_loss 1.2420 | union_precision 0.8690 | weighted_recall 0.3246 | union_precision 0.8690 | threshold 0.050 | val_model raw | lr 0.001000
Epoch 7/60 | train_loss 1.2157 | union_precision 0.8588 | weighted_recall 0.3185 | union_precision 0.8588 | threshold 0.050 | val_model raw | lr 0.001000
Epoch 8/60 | train_loss 1.1992 | union_precision 0.8605 | weighted_recall 0.3422 | union_precision 0.8605 | threshold 0.050 | val_model raw | lr 0.001000
Epoch 9/60 | train_loss 1.1856 | union_precision 0.8736 | weighted_recall 0.3455 | union_precision 0.8736 | threshold 0.050 | val_model raw | lr 0.001000
Epoch 10/60 | train_loss 1.1771 | union_precision 0.8750 | weighted_recall 0.3517 | union_precision 0.8750 | threshold 0.050 | val_model raw | lr 0.001000
Epoch 11/60 | train_loss 1.1578 | union_precision 0.8750 | weighted_recall 0.3632 | union_precision 0.8750 | threshold 0.050 | val_model raw | lr 0.001000
Epoch 12/60 | train_loss 1.1464 | union_precision 0.8750 | weighted_recall 0.3581 | union_precision 0.8750 | threshold 0.050 | val_model raw | lr 0.001000
Epoch 13/60 | train_loss 1.1345 | union_precision 0.8652 | weighted_recall 0.3581 | union_precision 0.8652 | threshold 0.050 | val_model raw | lr 0.001000
Epoch 14/60 | train_loss 1.1212 | union_precision 0.9111 | weighted_recall 0.4007 | union_precision 0.9111 | threshold 0.050 | val_model raw | lr 0.001000
Epoch 15/60 | train_loss 1.1126 | union_precision 0.9425 | weighted_recall 0.4155 | union_precision 0.9425 | threshold 0.050 | val_model raw | lr 0.001000
Epoch 16/60 | train_loss 1.0978 | union_precision 0.9425 | weighted_recall 0.4155 | union_precision 0.9425 | threshold 0.050 | val_model raw | lr 0.001000
Epoch 17/60 | train_loss 1.0916 | union_precision 0.9432 | weighted_recall 0.4223 | union_precision 0.9432 | threshold 0.050 | val_model raw | lr 0.001000
Epoch 18/60 | train_loss 1.0761 | union_precision 0.9318 | weighted_recall 0.4126 | union_precision 0.9318 | threshold 0.050 | val_model raw | lr 0.001000
Epoch 19/60 | train_loss 1.0699 | union_precision 0.9326 | weighted_recall 0.4298 | union_precision 0.9326 | threshold 0.050 | val_model raw | lr 0.001000
Epoch 20/60 | train_loss 1.0577 | union_precision 0.9091 | weighted_recall 0.4179 | union_precision 0.9091 | threshold 0.050 | val_model raw | lr 0.001000
Epoch 21/60 | train_loss 1.0604 | union_precision 0.9405 | weighted_recall 0.4207 | union_precision 0.9405 | threshold 0.050 | val_model raw | lr 0.001000
Epoch 22/60 | train_loss 1.0394 | union_precision 0.9412 | weighted_recall 0.4209 | union_precision 0.9412 | threshold 0.050 | val_model raw | lr 0.001000
Epoch 23/60 | train_loss 1.0415 | union_precision 0.9405 | weighted_recall 0.4102 | union_precision 0.9405 | threshold 0.050 | val_model raw | lr 0.001000
Epoch 24/60 | train_loss 1.0321 | union_precision 0.9405 | weighted_recall 0.4091 | union_precision 0.9405 | threshold 0.050 | val_model raw | lr 0.001000
Epoch 25/60 | train_loss 1.0294 | union_precision 0.9518 | weighted_recall 0.4043 | union_precision 0.9518 | threshold 0.050 | val_model raw | lr 0.001000
Epoch 26/60 | train_loss 1.0193 | union_precision 0.9310 | weighted_recall 0.4287 | union_precision 0.9310 | threshold 0.050 | val_model raw | lr 0.001000
Epoch 27/60 | train_loss 1.0126 | union_precision 0.9326 | weighted_recall 0.4370 | union_precision 0.9326 | threshold 0.050 | val_model raw | lr 0.001000
Epoch 28/60 | train_loss 1.0077 | union_precision 0.9318 | weighted_recall 0.4305 | union_precision 0.9318 | threshold 0.050 | val_model raw | lr 0.001000
Epoch 29/60 | train_loss 0.9998 | union_precision 0.9318 | weighted_recall 0.4305 | union_precision 0.9318 | threshold 0.050 | val_model raw | lr 0.001000
Epoch 30/60 | train_loss 0.9869 | union_precision 0.9545 | weighted_recall 0.4251 | union_precision 0.9545 | threshold 0.050 | val_model raw | lr 0.001000
Epoch 31/60 | train_loss 0.9793 | union_precision 0.9545 | weighted_recall 0.4251 | union_precision 0.9545 | threshold 0.050 | val_model raw | lr 0.001000
Epoch 32/60 | train_loss 0.9773 | union_precision 0.9432 | weighted_recall 0.4317 | union_precision 0.9432 | threshold 0.050 | val_model raw | lr 0.001000
Epoch 33/60 | train_loss 0.9680 | union_precision 0.9310 | weighted_recall 0.4382 | union_precision 0.9310 | threshold 0.050 | val_model raw | lr 0.001000
Epoch 34/60 | train_loss 0.9705 | union_precision 0.9425 | weighted_recall 0.4513 | union_precision 0.9425 | threshold 0.050 | val_model raw | lr 0.001000
Epoch 35/60 | train_loss 0.9503 | union_precision 0.9535 | weighted_recall 0.4626 | union_precision 0.9535 | threshold 0.050 | val_model raw | lr 0.001000
Epoch 36/60 | train_loss 0.9507 | union_precision 0.9524 | weighted_recall 0.4593 | union_precision 0.9524 | threshold 0.050 | val_model raw | lr 0.001000
Epoch 37/60 | train_loss 0.9508 | union_precision 0.9412 | weighted_recall 0.4749 | union_precision 0.9412 | threshold 0.050 | val_model raw | lr 0.001000
Epoch 38/60 | train_loss 0.9409 | union_precision 0.9419 | weighted_recall 0.4635 | union_precision 0.9419 | threshold 0.050 | val_model raw | lr 0.001000
Epoch 39/60 | train_loss 0.9373 | union_precision 0.9419 | weighted_recall 0.4586 | union_precision 0.9419 | threshold 0.050 | val_model raw | lr 0.001000
Epoch 40/60 | train_loss 0.9264 | union_precision 0.9405 | weighted_recall 0.4425 | union_precision 0.9405 | threshold 0.050 | val_model raw | lr 0.001000
Epoch 41/60 | train_loss 0.9259 | union_precision 0.9412 | weighted_recall 0.4440 | union_precision 0.9412 | threshold 0.050 | val_model raw | lr 0.001000
Epoch 42/60 | train_loss 0.9184 | union_precision 0.9412 | weighted_recall 0.4440 | union_precision 0.9412 | threshold 0.050 | val_model raw | lr 0.001000
Epoch 43/60 | train_loss 0.9136 | union_precision 0.9419 | weighted_recall 0.4581 | union_precision 0.9419 | threshold 0.050 | val_model raw | lr 0.001000
Epoch 44/60 | train_loss 0.9032 | union_precision 0.9419 | weighted_recall 0.4551 | union_precision 0.9419 | threshold 0.050 | val_model raw | lr 0.001000
Epoch 45/60 | train_loss 0.9036 | union_precision 0.9425 | weighted_recall 0.4578 | union_precision 0.9425 | threshold 0.050 | val_model raw | lr 0.001000
Epoch 46/60 | train_loss 0.8890 | union_precision 0.9425 | weighted_recall 0.4456 | union_precision 0.9425 | threshold 0.050 | val_model raw | lr 0.001000
Epoch 47/60 | train_loss 0.8881 | union_precision 0.9438 | weighted_recall 0.4695 | union_precision 0.9438 | threshold 0.050 | val_model raw | lr 0.001000
Early stopping at epoch 47
Held-out M56-3 | union_precision=0.9412 | weighted_recall=0.4749 | consensus_recall=0.0000
Epoch 1/60 | train_loss 1.5217 | union_precision 0.8545 | weighted_recall 0.3265 | union_precision 0.8545 | threshold 0.050 | val_model raw | lr 0.001000
Epoch 2/60 | train_loss 1.4099 | union_precision 0.8571 | weighted_recall 0.3438 | union_precision 0.8571 | threshold 0.050 | val_model raw | lr 0.001000
Epoch 3/60 | train_loss 1.3495 | union_precision 0.8571 | weighted_recall 0.4097 | union_precision 0.8571 | threshold 0.050 | val_model raw | lr 0.001000
Epoch 4/60 | train_loss 1.2963 | union_precision 0.8519 | weighted_recall 0.4075 | union_precision 0.8519 | threshold 0.050 | val_model raw | lr 0.001000
Epoch 5/60 | train_loss 1.2696 | union_precision 0.8511 | weighted_recall 0.3581 | union_precision 0.8511 | threshold 0.475 | val_model raw | lr 0.001000
Epoch 6/60 | train_loss 1.2357 | union_precision 0.9074 | weighted_recall 0.4171 | union_precision 0.9074 | threshold 0.450 | val_model raw | lr 0.001000
Epoch 7/60 | train_loss 1.2115 | union_precision 0.8846 | weighted_recall 0.3742 | union_precision 0.8846 | threshold 0.450 | val_model raw | lr 0.001000
Epoch 8/60 | train_loss 1.1977 | union_precision 0.9231 | weighted_recall 0.3744 | union_precision 0.9231 | threshold 0.050 | val_model raw | lr 0.001000
Epoch 9/60 | train_loss 1.1808 | union_precision 0.9245 | weighted_recall 0.3742 | union_precision 0.9245 | threshold 0.050 | val_model raw | lr 0.001000
Epoch 10/60 | train_loss 1.1707 | union_precision 0.9038 | weighted_recall 0.3578 | union_precision 0.9038 | threshold 0.050 | val_model raw | lr 0.001000
Epoch 11/60 | train_loss 1.1526 | union_precision 0.9020 | weighted_recall 0.3391 | union_precision 0.9020 | threshold 0.400 | val_model raw | lr 0.001000
Epoch 12/60 | train_loss 1.1401 | union_precision 0.8824 | weighted_recall 0.3372 | union_precision 0.8824 | threshold 0.375 | val_model raw | lr 0.001000
Epoch 13/60 | train_loss 1.1286 | union_precision 0.8627 | weighted_recall 0.3454 | union_precision 0.8627 | threshold 0.050 | val_model raw | lr 0.001000
Epoch 14/60 | train_loss 1.1177 | union_precision 0.8600 | weighted_recall 0.3517 | union_precision 0.8600 | threshold 0.050 | val_model raw | lr 0.001000
Epoch 15/60 | train_loss 1.1074 | union_precision 0.8654 | weighted_recall 0.3584 | union_precision 0.8654 | threshold 0.050 | val_model raw | lr 0.001000
Epoch 16/60 | train_loss 1.0910 | union_precision 0.8627 | weighted_recall 0.3301 | union_precision 0.8627 | threshold 0.050 | val_model raw | lr 0.001000
Early stopping at epoch 16
Held-out M59-1 | union_precision=0.9074 | weighted_recall=0.4171 | consensus_recall=0.0000
Epoch 1/60 | train_loss 1.5210 | union_precision 0.9512 | weighted_recall 0.3628 | union_precision 0.9512 | threshold 0.050 | val_model raw | lr 0.001000
Epoch 2/60 | train_loss 1.4088 | union_precision 0.9268 | weighted_recall 0.4123 | union_precision 0.9268 | threshold 0.050 | val_model raw | lr 0.001000
Epoch 3/60 | train_loss 1.3473 | union_precision 0.8974 | weighted_recall 0.3939 | union_precision 0.8974 | threshold 0.050 | val_model raw | lr 0.001000
Epoch 4/60 | train_loss 1.2964 | union_precision 0.9512 | weighted_recall 0.4283 | union_precision 0.9512 | threshold 0.050 | val_model raw | lr 0.001000
Epoch 5/60 | train_loss 1.2670 | union_precision 0.9535 | weighted_recall 0.4245 | union_precision 0.9535 | threshold 0.050 | val_model raw | lr 0.001000
Epoch 6/60 | train_loss 1.2363 | union_precision 0.9302 | weighted_recall 0.4352 | union_precision 0.9302 | threshold 0.050 | val_model raw | lr 0.001000
Epoch 7/60 | train_loss 1.2140 | union_precision 0.9302 | weighted_recall 0.4121 | union_precision 0.9302 | threshold 0.050 | val_model raw | lr 0.001000
Epoch 8/60 | train_loss 1.1958 | union_precision 0.9487 | weighted_recall 0.3984 | union_precision 0.9487 | threshold 0.050 | val_model raw | lr 0.001000
Epoch 9/60 | train_loss 1.1824 | union_precision 0.9487 | weighted_recall 0.3792 | union_precision 0.9487 | threshold 0.050 | val_model raw | lr 0.001000
Epoch 10/60 | train_loss 1.1716 | union_precision 0.9500 | weighted_recall 0.4033 | union_precision 0.9500 | threshold 0.400 | val_model raw | lr 0.001000
Epoch 11/60 | train_loss 1.1547 | union_precision 1.0000 | weighted_recall 0.4177 | union_precision 1.0000 | threshold 0.400 | val_model raw | lr 0.001000
Epoch 12/60 | train_loss 1.1438 | union_precision 1.0000 | weighted_recall 0.4177 | union_precision 1.0000 | threshold 0.400 | val_model raw | lr 0.001000
Epoch 13/60 | train_loss 1.1318 | union_precision 1.0000 | weighted_recall 0.4122 | union_precision 1.0000 | threshold 0.375 | val_model raw | lr 0.001000
Epoch 14/60 | train_loss 1.1206 | union_precision 1.0000 | weighted_recall 0.4161 | union_precision 1.0000 | threshold 0.375 | val_model raw | lr 0.001000
Epoch 15/60 | train_loss 1.1108 | union_precision 0.9762 | weighted_recall 0.3978 | union_precision 0.9762 | threshold 0.375 | val_model raw | lr 0.001000
Epoch 16/60 | train_loss 1.0936 | union_precision 0.9756 | weighted_recall 0.3552 | union_precision 0.9756 | threshold 0.375 | val_model raw | lr 0.001000
Early stopping at epoch 16
Held-out M59-2 | union_precision=0.9302 | weighted_recall=0.4352 | consensus_recall=0.0000
Epoch 1/60 | train_loss 1.5200 | union_precision 0.9000 | weighted_recall 0.0639 | union_precision 0.9000 | threshold 0.525 | val_model raw | lr 0.001000
Epoch 2/60 | train_loss 1.4089 | union_precision 0.8571 | weighted_recall 0.1679 | union_precision 0.8571 | threshold 0.500 | val_model raw | lr 0.001000
Epoch 3/60 | train_loss 1.3461 | union_precision 0.9077 | weighted_recall 0.3582 | union_precision 0.9077 | threshold 0.450 | val_model raw | lr 0.001000
Epoch 4/60 | train_loss 1.2986 | union_precision 0.9104 | weighted_recall 0.4147 | union_precision 0.9104 | threshold 0.050 | val_model raw | lr 0.001000
Epoch 5/60 | train_loss 1.2696 | union_precision 0.9403 | weighted_recall 0.4210 | union_precision 0.9403 | threshold 0.050 | val_model raw | lr 0.001000
Epoch 6/60 | train_loss 1.2380 | union_precision 0.9412 | weighted_recall 0.4271 | union_precision 0.9412 | threshold 0.050 | val_model raw | lr 0.001000
Epoch 7/60 | train_loss 1.2158 | union_precision 0.9412 | weighted_recall 0.4258 | union_precision 0.9412 | threshold 0.050 | val_model raw | lr 0.001000
Epoch 8/60 | train_loss 1.1998 | union_precision 0.9565 | weighted_recall 0.4373 | union_precision 0.9565 | threshold 0.050 | val_model raw | lr 0.001000
Epoch 9/60 | train_loss 1.1841 | union_precision 0.9559 | weighted_recall 0.4282 | union_precision 0.9559 | threshold 0.050 | val_model raw | lr 0.001000
Epoch 10/60 | train_loss 1.1725 | union_precision 0.9559 | weighted_recall 0.4370 | union_precision 0.9559 | threshold 0.050 | val_model raw | lr 0.001000
Epoch 11/60 | train_loss 1.1543 | union_precision 0.9552 | weighted_recall 0.4333 | union_precision 0.9552 | threshold 0.050 | val_model raw | lr 0.001000
Epoch 12/60 | train_loss 1.1470 | union_precision 0.9552 | weighted_recall 0.4333 | union_precision 0.9552 | threshold 0.050 | val_model raw | lr 0.001000
Epoch 13/60 | train_loss 1.1341 | union_precision 0.9706 | weighted_recall 0.4434 | union_precision 0.9706 | threshold 0.050 | val_model raw | lr 0.001000
Epoch 14/60 | train_loss 1.1216 | union_precision 0.9706 | weighted_recall 0.4434 | union_precision 0.9706 | threshold 0.050 | val_model raw | lr 0.001000
Epoch 15/60 | train_loss 1.1122 | union_precision 0.9706 | weighted_recall 0.4434 | union_precision 0.9706 | threshold 0.050 | val_model raw | lr 0.001000
Epoch 16/60 | train_loss 1.0949 | union_precision 0.9697 | weighted_recall 0.4203 | union_precision 0.9697 | threshold 0.050 | val_model raw | lr 0.001000
Epoch 17/60 | train_loss 1.0902 | union_precision 0.9697 | weighted_recall 0.4236 | union_precision 0.9697 | threshold 0.050 | val_model raw | lr 0.001000
Epoch 18/60 | train_loss 1.0783 | union_precision 0.9688 | weighted_recall 0.4197 | union_precision 0.9688 | threshold 0.050 | val_model raw | lr 0.001000
Epoch 19/60 | train_loss 1.0690 | union_precision 0.9688 | weighted_recall 0.4197 | union_precision 0.9688 | threshold 0.050 | val_model raw | lr 0.001000
Epoch 20/60 | train_loss 1.0606 | union_precision 0.9688 | weighted_recall 0.4197 | union_precision 0.9688 | threshold 0.050 | val_model raw | lr 0.001000
Epoch 21/60 | train_loss 1.0551 | union_precision 0.9688 | weighted_recall 0.4166 | union_precision 0.9688 | threshold 0.050 | val_model raw | lr 0.001000
Epoch 22/60 | train_loss 1.0429 | union_precision 0.9516 | weighted_recall 0.3952 | union_precision 0.9516 | threshold 0.050 | val_model raw | lr 0.001000
Epoch 23/60 | train_loss 1.0418 | union_precision 0.9516 | weighted_recall 0.3909 | union_precision 0.9516 | threshold 0.050 | val_model raw | lr 0.001000
Early stopping at epoch 23
Held-out M59-3 | union_precision=0.9706 | weighted_recall=0.4434 | consensus_recall=0.5000
Epoch 1/60 | train_loss 1.5201 | union_precision 0.8750 | weighted_recall 0.3176 | union_precision 0.8750 | threshold 0.050 | val_model raw | lr 0.001000
Epoch 2/60 | train_loss 1.4008 | union_precision 0.8780 | weighted_recall 0.2940 | union_precision 0.8780 | threshold 0.050 | val_model raw | lr 0.001000
Epoch 3/60 | train_loss 1.3407 | union_precision 0.9048 | weighted_recall 0.3306 | union_precision 0.9048 | threshold 0.050 | val_model raw | lr 0.001000
Epoch 4/60 | train_loss 1.2954 | union_precision 0.9762 | weighted_recall 0.3724 | union_precision 0.9762 | threshold 0.050 | val_model raw | lr 0.001000
Epoch 5/60 | train_loss 1.2632 | union_precision 0.9767 | weighted_recall 0.3753 | union_precision 0.9767 | threshold 0.050 | val_model raw | lr 0.001000
Epoch 6/60 | train_loss 1.2352 | union_precision 0.9762 | weighted_recall 0.3691 | union_precision 0.9762 | threshold 0.050 | val_model raw | lr 0.001000
Epoch 7/60 | train_loss 1.2115 | union_precision 0.9756 | weighted_recall 0.3307 | union_precision 0.9756 | threshold 0.050 | val_model raw | lr 0.001000
Epoch 8/60 | train_loss 1.1944 | union_precision 0.9524 | weighted_recall 0.3418 | union_precision 0.9524 | threshold 0.050 | val_model raw | lr 0.001000
Epoch 9/60 | train_loss 1.1821 | union_precision 0.9524 | weighted_recall 0.3326 | union_precision 0.9524 | threshold 0.050 | val_model raw | lr 0.001000
Epoch 10/60 | train_loss 1.1694 | union_precision 0.9535 | weighted_recall 0.3299 | union_precision 0.9535 | threshold 0.050 | val_model raw | lr 0.001000
Epoch 11/60 | train_loss 1.1503 | union_precision 0.9535 | weighted_recall 0.3386 | union_precision 0.9535 | threshold 0.050 | val_model raw | lr 0.001000
Epoch 12/60 | train_loss 1.1416 | union_precision 0.9762 | weighted_recall 0.3382 | union_precision 0.9762 | threshold 0.450 | val_model raw | lr 0.001000
Epoch 13/60 | train_loss 1.1329 | union_precision 0.9756 | weighted_recall 0.3369 | union_precision 0.9756 | threshold 0.050 | val_model raw | lr 0.001000
Epoch 14/60 | train_loss 1.1206 | union_precision 0.9756 | weighted_recall 0.3369 | union_precision 0.9756 | threshold 0.050 | val_model raw | lr 0.001000
Epoch 15/60 | train_loss 1.1102 | union_precision 0.9756 | weighted_recall 0.3369 | union_precision 0.9756 | threshold 0.050 | val_model raw | lr 0.001000
Early stopping at epoch 15
Held-out M63-1 | union_precision=0.9767 | weighted_recall=0.3753 | consensus_recall=0.0000
Epoch 1/60 | train_loss 1.5180 | union_precision 0.9032 | weighted_recall 0.3115 | union_precision 0.9032 | threshold 0.050 | val_model raw | lr 0.001000
Epoch 2/60 | train_loss 1.4019 | union_precision 1.0000 | weighted_recall 0.1106 | union_precision 1.0000 | threshold 0.575 | val_model raw | lr 0.001000
Epoch 3/60 | train_loss 1.3402 | union_precision 0.9091 | weighted_recall 0.2250 | union_precision 0.9091 | threshold 0.550 | val_model raw | lr 0.001000
Epoch 4/60 | train_loss 1.2969 | union_precision 0.8696 | weighted_recall 0.3297 | union_precision 0.8696 | threshold 0.550 | val_model raw | lr 0.001000
Epoch 5/60 | train_loss 1.2662 | union_precision 0.8571 | weighted_recall 0.4407 | union_precision 0.8571 | threshold 0.475 | val_model raw | lr 0.001000
Epoch 6/60 | train_loss 1.2364 | union_precision 0.8824 | weighted_recall 0.4582 | union_precision 0.8824 | threshold 0.475 | val_model raw | lr 0.001000
Epoch 7/60 | train_loss 1.2131 | union_precision 0.8529 | weighted_recall 0.4535 | union_precision 0.8529 | threshold 0.450 | val_model raw | lr 0.001000
Epoch 8/60 | train_loss 1.1956 | union_precision 0.8857 | weighted_recall 0.4972 | union_precision 0.8857 | threshold 0.450 | val_model raw | lr 0.001000
Epoch 9/60 | train_loss 1.1841 | union_precision 0.8611 | weighted_recall 0.4972 | union_precision 0.8611 | threshold 0.050 | val_model raw | lr 0.001000
Epoch 10/60 | train_loss 1.1716 | union_precision 0.8611 | weighted_recall 0.4972 | union_precision 0.8611 | threshold 0.050 | val_model raw | lr 0.001000
Epoch 11/60 | train_loss 1.1516 | union_precision 0.8529 | weighted_recall 0.4398 | union_precision 0.8529 | threshold 0.050 | val_model raw | lr 0.001000
Epoch 12/60 | train_loss 1.1434 | union_precision 0.8529 | weighted_recall 0.4398 | union_precision 0.8529 | threshold 0.050 | val_model raw | lr 0.001000
Epoch 13/60 | train_loss 1.1346 | union_precision 0.8529 | weighted_recall 0.4398 | union_precision 0.8529 | threshold 0.050 | val_model raw | lr 0.001000
Epoch 14/60 | train_loss 1.1225 | union_precision 0.8529 | weighted_recall 0.4398 | union_precision 0.8529 | threshold 0.050 | val_model raw | lr 0.001000
Epoch 15/60 | train_loss 1.1104 | union_precision 0.8710 | weighted_recall 0.4236 | union_precision 0.8710 | threshold 0.425 | val_model raw | lr 0.001000
Epoch 16/60 | train_loss 1.0950 | union_precision 0.8667 | weighted_recall 0.4213 | union_precision 0.8667 | threshold 0.400 | val_model raw | lr 0.001000
Epoch 17/60 | train_loss 1.0908 | union_precision 0.8571 | weighted_recall 0.4186 | union_precision 0.8571 | threshold 0.400 | val_model raw | lr 0.001000
Epoch 18/60 | train_loss 1.0757 | union_precision 0.8846 | weighted_recall 0.4135 | union_precision 0.8846 | threshold 0.500 | val_model raw | lr 0.001000
Early stopping at epoch 18
Held-out M63-3 | union_precision=0.8857 | weighted_recall=0.4972 | consensus_recall=0.0000
Epoch 1/60 | train_loss 1.5173 | union_precision 0.9000 | weighted_recall 0.3824 | union_precision 0.9000 | threshold 0.050 | val_model raw | lr 0.001000
Epoch 2/60 | train_loss 1.4018 | union_precision 0.9583 | weighted_recall 0.5175 | union_precision 0.9583 | threshold 0.050 | val_model raw | lr 0.001000
Epoch 3/60 | train_loss 1.3421 | union_precision 0.9545 | weighted_recall 0.5218 | union_precision 0.9545 | threshold 0.050 | val_model raw | lr 0.001000
Epoch 4/60 | train_loss 1.2980 | union_precision 1.0000 | weighted_recall 0.5315 | union_precision 1.0000 | threshold 0.050 | val_model raw | lr 0.001000
Epoch 5/60 | train_loss 1.2694 | union_precision 0.9583 | weighted_recall 0.5342 | union_precision 0.9583 | threshold 0.050 | val_model raw | lr 0.001000
Epoch 6/60 | train_loss 1.2393 | union_precision 1.0000 | weighted_recall 0.5450 | union_precision 1.0000 | threshold 0.050 | val_model raw | lr 0.001000
Epoch 7/60 | train_loss 1.2158 | union_precision 1.0000 | weighted_recall 0.5450 | union_precision 1.0000 | threshold 0.050 | val_model raw | lr 0.001000
Epoch 8/60 | train_loss 1.1974 | union_precision 1.0000 | weighted_recall 0.5450 | union_precision 1.0000 | threshold 0.050 | val_model raw | lr 0.001000
Epoch 9/60 | train_loss 1.1865 | union_precision 1.0000 | weighted_recall 0.5450 | union_precision 1.0000 | threshold 0.050 | val_model raw | lr 0.001000
Epoch 10/60 | train_loss 1.1738 | union_precision 1.0000 | weighted_recall 0.5207 | union_precision 1.0000 | threshold 0.050 | val_model raw | lr 0.001000
Epoch 11/60 | train_loss 1.1557 | union_precision 1.0000 | weighted_recall 0.4834 | union_precision 1.0000 | threshold 0.050 | val_model raw | lr 0.001000
Epoch 12/60 | train_loss 1.1477 | union_precision 1.0000 | weighted_recall 0.4598 | union_precision 1.0000 | threshold 0.050 | val_model raw | lr 0.001000
Epoch 13/60 | train_loss 1.1376 | union_precision 1.0000 | weighted_recall 0.4598 | union_precision 1.0000 | threshold 0.050 | val_model raw | lr 0.001000
Epoch 14/60 | train_loss 1.1239 | union_precision 1.0000 | weighted_recall 0.4598 | union_precision 1.0000 | threshold 0.050 | val_model raw | lr 0.001000
Epoch 15/60 | train_loss 1.1133 | union_precision 1.0000 | weighted_recall 0.4598 | union_precision 1.0000 | threshold 0.050 | val_model raw | lr 0.001000
Epoch 16/60 | train_loss 1.0967 | union_precision 1.0000 | weighted_recall 0.4777 | union_precision 1.0000 | threshold 0.425 | val_model raw | lr 0.001000
Early stopping at epoch 16
Held-out M67-1 | union_precision=1.0000 | weighted_recall=0.5450 | consensus_recall=0.0000
Epoch 1/60 | train_loss 1.5184 | union_precision 0.7857 | weighted_recall 0.2834 | union_precision 0.7857 | threshold 0.475 | val_model raw | lr 0.001000
Epoch 2/60 | train_loss 1.4006 | union_precision 0.8000 | weighted_recall 0.2787 | union_precision 0.8000 | threshold 0.425 | val_model raw | lr 0.001000
Epoch 3/60 | train_loss 1.3402 | union_precision 0.8788 | weighted_recall 0.3072 | union_precision 0.8788 | threshold 0.425 | val_model raw | lr 0.001000
Epoch 4/60 | train_loss 1.2961 | union_precision 0.8824 | weighted_recall 0.3274 | union_precision 0.8824 | threshold 0.050 | val_model raw | lr 0.001000
Epoch 5/60 | train_loss 1.2660 | union_precision 0.8824 | weighted_recall 0.3274 | union_precision 0.8824 | threshold 0.050 | val_model raw | lr 0.001000
Epoch 6/60 | train_loss 1.2377 | union_precision 0.8824 | weighted_recall 0.3346 | union_precision 0.8824 | threshold 0.050 | val_model raw | lr 0.001000
Epoch 7/60 | train_loss 1.2140 | union_precision 0.9143 | weighted_recall 0.3555 | union_precision 0.9143 | threshold 0.050 | val_model raw | lr 0.001000
Epoch 8/60 | train_loss 1.1956 | union_precision 0.9143 | weighted_recall 0.3555 | union_precision 0.9143 | threshold 0.050 | val_model raw | lr 0.001000
Epoch 9/60 | train_loss 1.1845 | union_precision 0.9143 | weighted_recall 0.3696 | union_precision 0.9143 | threshold 0.050 | val_model raw | lr 0.001000
Epoch 10/60 | train_loss 1.1724 | union_precision 0.9143 | weighted_recall 0.3696 | union_precision 0.9143 | threshold 0.050 | val_model raw | lr 0.001000
Epoch 11/60 | train_loss 1.1555 | union_precision 0.9143 | weighted_recall 0.3696 | union_precision 0.9143 | threshold 0.050 | val_model raw | lr 0.001000
Epoch 12/60 | train_loss 1.1451 | union_precision 0.9143 | weighted_recall 0.3696 | union_precision 0.9143 | threshold 0.050 | val_model raw | lr 0.001000
Epoch 13/60 | train_loss 1.1355 | union_precision 0.9118 | weighted_recall 0.3575 | union_precision 0.9118 | threshold 0.050 | val_model raw | lr 0.001000
Epoch 14/60 | train_loss 1.1210 | union_precision 0.9118 | weighted_recall 0.3575 | union_precision 0.9118 | threshold 0.050 | val_model raw | lr 0.001000
Epoch 15/60 | train_loss 1.1120 | union_precision 0.9355 | weighted_recall 0.3474 | union_precision 0.9355 | threshold 0.050 | val_model raw | lr 0.001000
Epoch 16/60 | train_loss 1.0961 | union_precision 0.9355 | weighted_recall 0.3474 | union_precision 0.9355 | threshold 0.050 | val_model raw | lr 0.001000
Epoch 17/60 | train_loss 1.0919 | union_precision 0.9333 | weighted_recall 0.3565 | union_precision 0.9333 | threshold 0.050 | val_model raw | lr 0.001000
Epoch 18/60 | train_loss 1.0763 | union_precision 0.9310 | weighted_recall 0.3654 | union_precision 0.9310 | threshold 0.050 | val_model raw | lr 0.001000
Epoch 19/60 | train_loss 1.0685 | union_precision 0.9286 | weighted_recall 0.3438 | union_precision 0.9286 | threshold 0.050 | val_model raw | lr 0.001000
Early stopping at epoch 19
Held-out M67-2 | union_precision=0.9143 | weighted_recall=0.3696 | consensus_recall=0.0000
Epoch 1/60 | train_loss 1.5176 | union_precision 0.9130 | weighted_recall 0.3176 | union_precision 0.9130 | threshold 0.050 | val_model raw | lr 0.001000
Epoch 2/60 | train_loss 1.4038 | union_precision 0.9048 | weighted_recall 0.4157 | union_precision 0.9048 | threshold 0.500 | val_model raw | lr 0.001000
Epoch 3/60 | train_loss 1.3418 | union_precision 0.9474 | weighted_recall 0.5402 | union_precision 0.9474 | threshold 0.525 | val_model raw | lr 0.001000
Epoch 4/60 | train_loss 1.2979 | union_precision 1.0000 | weighted_recall 0.5189 | union_precision 1.0000 | threshold 0.550 | val_model raw | lr 0.001000
Epoch 5/60 | train_loss 1.2672 | union_precision 0.8636 | weighted_recall 0.5528 | union_precision 0.8636 | threshold 0.550 | val_model raw | lr 0.001000
Epoch 6/60 | train_loss 1.2393 | union_precision 0.8636 | weighted_recall 0.5491 | union_precision 0.8636 | threshold 0.550 | val_model raw | lr 0.001000
Epoch 7/60 | train_loss 1.2155 | union_precision 0.8636 | weighted_recall 0.5491 | union_precision 0.8636 | threshold 0.550 | val_model raw | lr 0.001000
Epoch 8/60 | train_loss 1.1963 | union_precision 0.8636 | weighted_recall 0.5491 | union_precision 0.8636 | threshold 0.575 | val_model raw | lr 0.001000
Epoch 9/60 | train_loss 1.1855 | union_precision 0.8636 | weighted_recall 0.5491 | union_precision 0.8636 | threshold 0.575 | val_model raw | lr 0.001000
Epoch 10/60 | train_loss 1.1734 | union_precision 0.8636 | weighted_recall 0.5491 | union_precision 0.8636 | threshold 0.600 | val_model raw | lr 0.001000
Epoch 11/60 | train_loss 1.1551 | union_precision 0.8500 | weighted_recall 0.5353 | union_precision 0.8500 | threshold 0.625 | val_model raw | lr 0.001000
Epoch 12/60 | train_loss 1.1450 | union_precision 0.8636 | weighted_recall 0.5491 | union_precision 0.8636 | threshold 0.625 | val_model raw | lr 0.001000
Epoch 13/60 | train_loss 1.1362 | union_precision 0.8636 | weighted_recall 0.5491 | union_precision 0.8636 | threshold 0.625 | val_model raw | lr 0.001000
Epoch 14/60 | train_loss 1.1205 | union_precision 0.8636 | weighted_recall 0.5491 | union_precision 0.8636 | threshold 0.650 | val_model raw | lr 0.001000
Epoch 15/60 | train_loss 1.1116 | union_precision 0.8636 | weighted_recall 0.5491 | union_precision 0.8636 | threshold 0.650 | val_model raw | lr 0.001000
Early stopping at epoch 15
Held-out M67-3 | union_precision=0.8636 | weighted_recall=0.5528 | consensus_recall=0.0000
Epoch 1/60 | train_loss 1.5195 | union_precision 0.8261 | weighted_recall 0.1799 | union_precision 0.8261 | threshold 0.525 | val_model raw | lr 0.001000
Epoch 2/60 | train_loss 1.4037 | union_precision 0.9032 | weighted_recall 0.3269 | union_precision 0.9032 | threshold 0.525 | val_model raw | lr 0.001000
Epoch 3/60 | train_loss 1.3404 | union_precision 0.8889 | weighted_recall 0.5227 | union_precision 0.8889 | threshold 0.500 | val_model raw | lr 0.001000
Epoch 4/60 | train_loss 1.2976 | union_precision 0.8889 | weighted_recall 0.5227 | union_precision 0.8889 | threshold 0.525 | val_model raw | lr 0.001000
Epoch 5/60 | train_loss 1.2675 | union_precision 0.9167 | weighted_recall 0.5733 | union_precision 0.9167 | threshold 0.050 | val_model raw | lr 0.001000
Epoch 6/60 | train_loss 1.2401 | union_precision 0.9200 | weighted_recall 0.6079 | union_precision 0.9200 | threshold 0.050 | val_model raw | lr 0.001000
Epoch 7/60 | train_loss 1.2156 | union_precision 0.9423 | weighted_recall 0.6397 | union_precision 0.9423 | threshold 0.050 | val_model raw | lr 0.001000
Epoch 8/60 | train_loss 1.1980 | union_precision 0.9423 | weighted_recall 0.6397 | union_precision 0.9423 | threshold 0.050 | val_model raw | lr 0.001000
Epoch 9/60 | train_loss 1.1850 | union_precision 0.9231 | weighted_recall 0.6199 | union_precision 0.9231 | threshold 0.500 | val_model raw | lr 0.001000
Epoch 10/60 | train_loss 1.1736 | union_precision 0.8704 | weighted_recall 0.5932 | union_precision 0.8704 | threshold 0.050 | val_model raw | lr 0.001000
Epoch 11/60 | train_loss 1.1557 | union_precision 0.8889 | weighted_recall 0.5953 | union_precision 0.8889 | threshold 0.050 | val_model raw | lr 0.001000
Epoch 12/60 | train_loss 1.1465 | union_precision 0.8889 | weighted_recall 0.5925 | union_precision 0.8889 | threshold 0.050 | val_model raw | lr 0.001000
Epoch 13/60 | train_loss 1.1366 | union_precision 0.8704 | weighted_recall 0.5894 | union_precision 0.8704 | threshold 0.050 | val_model raw | lr 0.001000
Epoch 14/60 | train_loss 1.1215 | union_precision 0.8704 | weighted_recall 0.5894 | union_precision 0.8704 | threshold 0.050 | val_model raw | lr 0.001000
Epoch 15/60 | train_loss 1.1126 | union_precision 0.8704 | weighted_recall 0.5894 | union_precision 0.8704 | threshold 0.050 | val_model raw | lr 0.001000
Epoch 16/60 | train_loss 1.0977 | union_precision 0.8704 | weighted_recall 0.5894 | union_precision 0.8704 | threshold 0.050 | val_model raw | lr 0.001000
Epoch 17/60 | train_loss 1.0925 | union_precision 0.8704 | weighted_recall 0.5894 | union_precision 0.8704 | threshold 0.050 | val_model raw | lr 0.001000
Early stopping at epoch 17
Held-out M67-4 | union_precision=0.9423 | weighted_recall=0.6397 | consensus_recall=0.0000
Epoch 1/60 | train_loss 1.5191 | union_precision 0.8929 | weighted_recall 0.2396 | union_precision 0.8929 | threshold 0.425 | val_model raw | lr 0.001000
Epoch 2/60 | train_loss 1.4010 | union_precision 0.8667 | weighted_recall 0.2374 | union_precision 0.8667 | threshold 0.425 | val_model raw | lr 0.001000
Epoch 3/60 | train_loss 1.3378 | union_precision 0.8387 | weighted_recall 0.2067 | union_precision 0.8387 | threshold 0.050 | val_model raw | lr 0.001000
Epoch 4/60 | train_loss 1.2938 | union_precision 0.8065 | weighted_recall 0.2390 | union_precision 0.8065 | threshold 0.050 | val_model raw | lr 0.001000
Epoch 5/60 | train_loss 1.2661 | union_precision 0.7647 | weighted_recall 0.2428 | union_precision 0.7647 | threshold 0.050 | val_model raw | lr 0.001000
Epoch 6/60 | train_loss 1.2374 | union_precision 1.0000 | weighted_recall 0.0213 | union_precision 1.0000 | threshold 0.650 | val_model raw | lr 0.001000
Epoch 7/60 | train_loss 1.2112 | union_precision 1.0000 | weighted_recall 0.0213 | union_precision 1.0000 | threshold 0.650 | val_model raw | lr 0.001000
Epoch 8/60 | train_loss 1.1953 | union_precision 1.0000 | weighted_recall 0.0213 | union_precision 1.0000 | threshold 0.650 | val_model raw | lr 0.001000
Epoch 9/60 | train_loss 1.1818 | union_precision 1.0000 | weighted_recall 0.0213 | union_precision 1.0000 | threshold 0.650 | val_model raw | lr 0.001000
Epoch 10/60 | train_loss 1.1719 | union_precision 1.0000 | weighted_recall 0.0502 | union_precision 1.0000 | threshold 0.650 | val_model raw | lr 0.001000
Epoch 11/60 | train_loss 1.1548 | union_precision 1.0000 | weighted_recall 0.0502 | union_precision 1.0000 | threshold 0.675 | val_model raw | lr 0.001000
Early stopping at epoch 11
Held-out M68-1 | union_precision=0.8929 | weighted_recall=0.2396 | consensus_recall=0.0000
Epoch 1/60 | train_loss 1.5190 | union_precision 0.9286 | weighted_recall 0.4444 | union_precision 0.9286 | threshold 0.050 | val_model raw | lr 0.001000
Epoch 2/60 | train_loss 1.4019 | union_precision 0.9706 | weighted_recall 0.4834 | union_precision 0.9706 | threshold 0.050 | val_model raw | lr 0.001000
Epoch 3/60 | train_loss 1.3386 | union_precision 0.9189 | weighted_recall 0.4810 | union_precision 0.9189 | threshold 0.475 | val_model raw | lr 0.001000
Epoch 4/60 | train_loss 1.2962 | union_precision 0.9459 | weighted_recall 0.4925 | union_precision 0.9459 | threshold 0.050 | val_model raw | lr 0.001000
Epoch 5/60 | train_loss 1.2670 | union_precision 0.9459 | weighted_recall 0.4925 | union_precision 0.9459 | threshold 0.050 | val_model raw | lr 0.001000
Epoch 6/60 | train_loss 1.2373 | union_precision 0.9459 | weighted_recall 0.4925 | union_precision 0.9459 | threshold 0.050 | val_model raw | lr 0.001000
Epoch 7/60 | train_loss 1.2122 | union_precision 0.8919 | weighted_recall 0.4736 | union_precision 0.8919 | threshold 0.050 | val_model raw | lr 0.001000
Epoch 8/60 | train_loss 1.1967 | union_precision 0.9167 | weighted_recall 0.4431 | union_precision 0.9167 | threshold 0.050 | val_model raw | lr 0.001000
Epoch 9/60 | train_loss 1.1835 | union_precision 0.9143 | weighted_recall 0.4481 | union_precision 0.9143 | threshold 0.050 | val_model raw | lr 0.001000
Epoch 10/60 | train_loss 1.1741 | union_precision 0.9412 | weighted_recall 0.4481 | union_precision 0.9412 | threshold 0.475 | val_model raw | lr 0.001000
Epoch 11/60 | train_loss 1.1569 | union_precision 0.9143 | weighted_recall 0.4526 | union_precision 0.9143 | threshold 0.475 | val_model raw | lr 0.001000
Epoch 12/60 | train_loss 1.1436 | union_precision 0.8889 | weighted_recall 0.4455 | union_precision 0.8889 | threshold 0.475 | val_model raw | lr 0.001000
Epoch 13/60 | train_loss 1.1348 | union_precision 0.8889 | weighted_recall 0.4484 | union_precision 0.8889 | threshold 0.475 | val_model raw | lr 0.001000
Epoch 14/60 | train_loss 1.1203 | union_precision 0.8889 | weighted_recall 0.4484 | union_precision 0.8889 | threshold 0.450 | val_model raw | lr 0.001000
Early stopping at epoch 14
Held-out M68-2 | union_precision=0.9459 | weighted_recall=0.4925 | consensus_recall=0.0000
Epoch 1/60 | train_loss 1.5172 | union_precision 0.9231 | weighted_recall 0.2927 | union_precision 0.9231 | threshold 0.050 | val_model raw | lr 0.001000
Epoch 2/60 | train_loss 1.3998 | union_precision 0.9615 | weighted_recall 0.3117 | union_precision 0.9615 | threshold 0.050 | val_model raw | lr 0.001000
Epoch 3/60 | train_loss 1.3386 | union_precision 0.9130 | weighted_recall 0.4240 | union_precision 0.9130 | threshold 0.050 | val_model raw | lr 0.001000
Epoch 4/60 | train_loss 1.2999 | union_precision 0.9565 | weighted_recall 0.5530 | union_precision 0.9565 | threshold 0.050 | val_model raw | lr 0.001000
Epoch 5/60 | train_loss 1.2670 | union_precision 0.9130 | weighted_recall 0.5410 | union_precision 0.9130 | threshold 0.050 | val_model raw | lr 0.001000
Epoch 6/60 | train_loss 1.2391 | union_precision 0.9200 | weighted_recall 0.5637 | union_precision 0.9200 | threshold 0.050 | val_model raw | lr 0.001000
Epoch 7/60 | train_loss 1.2134 | union_precision 0.9259 | weighted_recall 0.5740 | union_precision 0.9259 | threshold 0.050 | val_model raw | lr 0.001000
Epoch 8/60 | train_loss 1.1976 | union_precision 0.9259 | weighted_recall 0.5740 | union_precision 0.9259 | threshold 0.050 | val_model raw | lr 0.001000
Epoch 9/60 | train_loss 1.1854 | union_precision 0.9259 | weighted_recall 0.5740 | union_precision 0.9259 | threshold 0.050 | val_model raw | lr 0.001000
Epoch 10/60 | train_loss 1.1760 | union_precision 0.9259 | weighted_recall 0.5740 | union_precision 0.9259 | threshold 0.050 | val_model raw | lr 0.001000
Epoch 11/60 | train_loss 1.1567 | union_precision 0.9200 | weighted_recall 0.5733 | union_precision 0.9200 | threshold 0.050 | val_model raw | lr 0.001000
Epoch 12/60 | train_loss 1.1439 | union_precision 0.9200 | weighted_recall 0.5733 | union_precision 0.9200 | threshold 0.050 | val_model raw | lr 0.001000
Epoch 13/60 | train_loss 1.1354 | union_precision 0.9167 | weighted_recall 0.5615 | union_precision 0.9167 | threshold 0.050 | val_model raw | lr 0.001000
Epoch 14/60 | train_loss 1.1224 | union_precision 0.9200 | weighted_recall 0.5733 | union_precision 0.9200 | threshold 0.050 | val_model raw | lr 0.001000
Epoch 15/60 | train_loss 1.1122 | union_precision 0.9200 | weighted_recall 0.5733 | union_precision 0.9200 | threshold 0.050 | val_model raw | lr 0.001000
Epoch 16/60 | train_loss 1.0970 | union_precision 0.9200 | weighted_recall 0.5733 | union_precision 0.9200 | threshold 0.050 | val_model raw | lr 0.001000
Epoch 17/60 | train_loss 1.0914 | union_precision 0.9231 | weighted_recall 0.5762 | union_precision 0.9231 | threshold 0.050 | val_model raw | lr 0.001000
Epoch 18/60 | train_loss 1.0787 | union_precision 0.9231 | weighted_recall 0.5762 | union_precision 0.9231 | threshold 0.050 | val_model raw | lr 0.001000
Epoch 19/60 | train_loss 1.0700 | union_precision 0.9231 | weighted_recall 0.5762 | union_precision 0.9231 | threshold 0.050 | val_model raw | lr 0.001000
Epoch 20/60 | train_loss 1.0622 | union_precision 0.9231 | weighted_recall 0.5835 | union_precision 0.9231 | threshold 0.050 | val_model raw | lr 0.001000
Epoch 21/60 | train_loss 1.0582 | union_precision 0.9231 | weighted_recall 0.5835 | union_precision 0.9231 | threshold 0.050 | val_model raw | lr 0.001000
Epoch 22/60 | train_loss 1.0452 | union_precision 0.9600 | weighted_recall 0.5835 | union_precision 0.9600 | threshold 0.375 | val_model raw | lr 0.001000
Epoch 23/60 | train_loss 1.0380 | union_precision 0.9600 | weighted_recall 0.5826 | union_precision 0.9600 | threshold 0.050 | val_model raw | lr 0.001000
Epoch 24/60 | train_loss 1.0311 | union_precision 1.0000 | weighted_recall 0.5958 | union_precision 1.0000 | threshold 0.050 | val_model raw | lr 0.001000
Epoch 25/60 | train_loss 1.0304 | union_precision 1.0000 | weighted_recall 0.5958 | union_precision 1.0000 | threshold 0.050 | val_model raw | lr 0.001000
Epoch 26/60 | train_loss 1.0179 | union_precision 1.0000 | weighted_recall 0.5929 | union_precision 1.0000 | threshold 0.050 | val_model raw | lr 0.001000
Epoch 27/60 | train_loss 1.0100 | union_precision 1.0000 | weighted_recall 0.5938 | union_precision 1.0000 | threshold 0.050 | val_model raw | lr 0.001000
Epoch 28/60 | train_loss 1.0044 | union_precision 1.0000 | weighted_recall 0.5822 | union_precision 1.0000 | threshold 0.200 | val_model raw | lr 0.001000
Epoch 29/60 | train_loss 0.9971 | union_precision 1.0000 | weighted_recall 0.5822 | union_precision 1.0000 | threshold 0.200 | val_model raw | lr 0.001000
Epoch 30/60 | train_loss 0.9874 | union_precision 1.0000 | weighted_recall 0.5822 | union_precision 1.0000 | threshold 0.175 | val_model raw | lr 0.001000
Epoch 31/60 | train_loss 0.9808 | union_precision 1.0000 | weighted_recall 0.5822 | union_precision 1.0000 | threshold 0.175 | val_model raw | lr 0.001000
Epoch 32/60 | train_loss 0.9784 | union_precision 1.0000 | weighted_recall 0.5822 | union_precision 1.0000 | threshold 0.175 | val_model raw | lr 0.001000
Epoch 33/60 | train_loss 0.9715 | union_precision 1.0000 | weighted_recall 0.5822 | union_precision 1.0000 | threshold 0.150 | val_model raw | lr 0.001000
Epoch 34/60 | train_loss 0.9715 | union_precision 1.0000 | weighted_recall 0.5646 | union_precision 1.0000 | threshold 0.150 | val_model raw | lr 0.001000
Early stopping at epoch 34
Held-out M68-3 | union_precision=1.0000 | weighted_recall=0.5958 | consensus_recall=0.0000
Epoch 1/60 | train_loss 1.5131 | union_precision 0.7317 | weighted_recall 0.1571 | union_precision 0.7317 | threshold 0.500 | val_model raw | lr 0.001000
Epoch 2/60 | train_loss 1.4041 | union_precision 0.8142 | weighted_recall 0.2840 | union_precision 0.8142 | threshold 0.050 | val_model raw | lr 0.001000
Epoch 3/60 | train_loss 1.3456 | union_precision 0.8427 | weighted_recall 0.2709 | union_precision 0.8427 | threshold 0.500 | val_model raw | lr 0.001000
Epoch 4/60 | train_loss 1.3027 | union_precision 0.8810 | weighted_recall 0.4349 | union_precision 0.8810 | threshold 0.050 | val_model raw | lr 0.001000
Epoch 5/60 | train_loss 1.2642 | union_precision 0.8852 | weighted_recall 0.4409 | union_precision 0.8852 | threshold 0.450 | val_model raw | lr 0.001000
Epoch 6/60 | train_loss 1.2371 | union_precision 0.9016 | weighted_recall 0.4364 | union_precision 0.9016 | threshold 0.050 | val_model raw | lr 0.001000
Epoch 7/60 | train_loss 1.2153 | union_precision 0.8960 | weighted_recall 0.4445 | union_precision 0.8960 | threshold 0.050 | val_model raw | lr 0.001000
Epoch 8/60 | train_loss 1.2107 | union_precision 0.9106 | weighted_recall 0.4527 | union_precision 0.9106 | threshold 0.450 | val_model raw | lr 0.001000
Epoch 9/60 | train_loss 1.1918 | union_precision 0.9113 | weighted_recall 0.4470 | union_precision 0.9113 | threshold 0.450 | val_model raw | lr 0.001000
Epoch 10/60 | train_loss 1.1710 | union_precision 0.9048 | weighted_recall 0.4505 | union_precision 0.9048 | threshold 0.450 | val_model raw | lr 0.001000
Epoch 11/60 | train_loss 1.1590 | union_precision 0.8992 | weighted_recall 0.4588 | union_precision 0.8992 | threshold 0.050 | val_model raw | lr 0.001000
Epoch 12/60 | train_loss 1.1495 | union_precision 0.9000 | weighted_recall 0.4647 | union_precision 0.9000 | threshold 0.050 | val_model raw | lr 0.001000
Epoch 13/60 | train_loss 1.1309 | union_precision 0.9154 | weighted_recall 0.4757 | union_precision 0.9154 | threshold 0.425 | val_model raw | lr 0.001000
Epoch 14/60 | train_loss 1.1179 | union_precision 0.9015 | weighted_recall 0.4712 | union_precision 0.9015 | threshold 0.050 | val_model raw | lr 0.001000
Epoch 15/60 | train_loss 1.1123 | union_precision 0.9008 | weighted_recall 0.4450 | union_precision 0.9008 | threshold 0.400 | val_model raw | lr 0.001000
Epoch 16/60 | train_loss 1.1092 | union_precision 0.8939 | weighted_recall 0.4451 | union_precision 0.8939 | threshold 0.050 | val_model raw | lr 0.001000
Epoch 17/60 | train_loss 1.0925 | union_precision 0.9008 | weighted_recall 0.4414 | union_precision 0.9008 | threshold 0.050 | val_model raw | lr 0.001000
Epoch 18/60 | train_loss 1.0783 | union_precision 0.8837 | weighted_recall 0.4321 | union_precision 0.8837 | threshold 0.050 | val_model raw | lr 0.001000
Epoch 19/60 | train_loss 1.0643 | union_precision 0.8837 | weighted_recall 0.4277 | union_precision 0.8837 | threshold 0.050 | val_model raw | lr 0.001000
Epoch 20/60 | train_loss 1.0701 | union_precision 0.8828 | weighted_recall 0.4346 | union_precision 0.8828 | threshold 0.300 | val_model raw | lr 0.001000
Epoch 21/60 | train_loss 1.0593 | union_precision 0.8837 | weighted_recall 0.4364 | union_precision 0.8837 | threshold 0.050 | val_model raw | lr 0.001000
Epoch 22/60 | train_loss 1.0448 | union_precision 0.8819 | weighted_recall 0.4309 | union_precision 0.8819 | threshold 0.050 | val_model raw | lr 0.001000
Epoch 23/60 | train_loss 1.0459 | union_precision 0.8819 | weighted_recall 0.4300 | union_precision 0.8819 | threshold 0.050 | val_model raw | lr 0.001000
Early stopping at epoch 23
Held-out M06-1__M06-2__M06-3 | union_precision=0.9154 | weighted_recall=0.4757 | consensus_recall=0.2000
Wrote nested CV results to /gpfs/work/int/yuxuanliu2204/Changheng/xmltoexp/MERIX SUBMISSION/Boundary_Restart/reports/nested_piece_cv/weighted_topdown_merge56_level1plus_boundary_seed42
Best candidate: model-tcn__detector_target-level1plus_boundary__selection_metric-weighted_recall__min_precision-0p85__loss_type-bce__rest_span_label_mode-none__rest_span_tolerance_negative_weight-1p0 | mean_primary_metric=0.4365 | mean_union_precision=0.9274
Command: python Command: run_nested_piece_cv.py Command: --config Command: configs/salience_grouped3_hi8_score_only_xml_curated.yaml Command: --outer_heldout_piece Command: M06-1 Command: M06-2 Command: M06-3 Command: --inner_mode Command: leave_one Command: --model Command: tcn Command: --detector_target Command: level2plus_boundary Command: --selection_metric Command: weighted_recall Command: --precision_metric Command: union_precision Command: --min_precision Command: 0.85 Command: --loss_type Command: bce Command: --min_train_frequency_target Command: 0.05 Command: --cumulative_merge_tolerance Command: 2 Command: --cumulative_component_weights_json Command: \{\"level56\":1.0\,\"level4\":0.64\,\"level3\":0.46\,\"level2\":0.28\,\"level1\":0.16\} Command: --device Command: cuda Command: --epochs Command: 60 Command: --early_stop_patience Command: 10 Command: --seed Command: 42 Command: --skip_stage_grading Command: --run_outer_fit Command: --output_dir Command: reports/nested_piece_cv/weighted_topdown_merge56_level2plus_boundary_seed42 Command: --reuse_existing 
Epoch 1/60 | train_loss 1.5236 | union_precision 0.7273 | weighted_recall 0.2226 | union_precision 0.7273 | threshold 0.050 | val_model raw | lr 0.001000
Epoch 2/60 | train_loss 1.3983 | union_precision 0.8333 | weighted_recall 0.0750 | union_precision 0.8333 | threshold 0.525 | val_model raw | lr 0.001000
Epoch 3/60 | train_loss 1.3349 | union_precision 0.8333 | weighted_recall 0.3564 | union_precision 0.8333 | threshold 0.400 | val_model raw | lr 0.001000
Epoch 4/60 | train_loss 1.2907 | union_precision 0.8387 | weighted_recall 0.2377 | union_precision 0.8387 | threshold 0.500 | val_model raw | lr 0.001000
Epoch 5/60 | train_loss 1.2631 | union_precision 0.8000 | weighted_recall 0.3497 | union_precision 0.8000 | threshold 0.475 | val_model raw | lr 0.001000
Epoch 6/60 | train_loss 1.2281 | union_precision 0.8125 | weighted_recall 0.1741 | union_precision 0.8125 | threshold 0.525 | val_model raw | lr 0.001000
Epoch 7/60 | train_loss 1.1982 | union_precision 0.8889 | weighted_recall 0.1461 | union_precision 0.8889 | threshold 0.550 | val_model raw | lr 0.001000
Epoch 8/60 | train_loss 1.1831 | union_precision 0.8056 | weighted_recall 0.3875 | union_precision 0.8056 | threshold 0.500 | val_model raw | lr 0.001000
Epoch 9/60 | train_loss 1.1613 | union_precision 0.9000 | weighted_recall 0.1121 | union_precision 0.9000 | threshold 0.575 | val_model raw | lr 0.001000
Epoch 10/60 | train_loss 1.1520 | union_precision 0.8333 | weighted_recall 0.0902 | union_precision 0.8333 | threshold 0.600 | val_model raw | lr 0.001000
Epoch 11/60 | train_loss 1.1279 | union_precision 0.8571 | weighted_recall 0.3950 | union_precision 0.8571 | threshold 0.525 | val_model raw | lr 0.001000
Epoch 12/60 | train_loss 1.1133 | union_precision 0.8824 | weighted_recall 0.3670 | union_precision 0.8824 | threshold 0.500 | val_model raw | lr 0.001000
Epoch 13/60 | train_loss 1.1028 | union_precision 0.8824 | weighted_recall 0.3670 | union_precision 0.8824 | threshold 0.500 | val_model raw | lr 0.001000
Epoch 14/60 | train_loss 1.0869 | union_precision 0.8824 | weighted_recall 0.3636 | union_precision 0.8824 | threshold 0.500 | val_model raw | lr 0.001000
Epoch 15/60 | train_loss 1.0736 | union_precision 0.8824 | weighted_recall 0.3636 | union_precision 0.8824 | threshold 0.500 | val_model raw | lr 0.001000
Epoch 16/60 | train_loss 1.0706 | union_precision 0.8824 | weighted_recall 0.3636 | union_precision 0.8824 | threshold 0.500 | val_model raw | lr 0.001000
Epoch 17/60 | train_loss 1.0504 | union_precision 0.8824 | weighted_recall 0.3636 | union_precision 0.8824 | threshold 0.500 | val_model raw | lr 0.001000
Epoch 18/60 | train_loss 1.0530 | union_precision 0.8824 | weighted_recall 0.3537 | union_precision 0.8824 | threshold 0.500 | val_model raw | lr 0.001000
Epoch 19/60 | train_loss 1.0419 | union_precision 0.8529 | weighted_recall 0.3468 | union_precision 0.8529 | threshold 0.500 | val_model raw | lr 0.001000
Epoch 20/60 | train_loss 1.0229 | union_precision 0.8529 | weighted_recall 0.3567 | union_precision 0.8529 | threshold 0.500 | val_model raw | lr 0.001000
Epoch 21/60 | train_loss 1.0167 | union_precision 0.8529 | weighted_recall 0.3567 | union_precision 0.8529 | threshold 0.500 | val_model raw | lr 0.001000
Early stopping at epoch 21
Held-out M07-1 | union_precision=0.8571 | weighted_recall=0.3950 | consensus_recall=0.0000
Epoch 1/60 | train_loss 1.5259 | union_precision 0.8182 | weighted_recall 0.0368 | union_precision 0.8182 | threshold 0.550 | val_model raw | lr 0.001000
Epoch 2/60 | train_loss 1.3991 | union_precision 0.8667 | weighted_recall 0.0624 | union_precision 0.8667 | threshold 0.550 | val_model raw | lr 0.001000
Epoch 3/60 | train_loss 1.3324 | union_precision 0.7917 | weighted_recall 0.2172 | union_precision 0.7917 | threshold 0.050 | val_model raw | lr 0.001000
Epoch 4/60 | train_loss 1.2896 | union_precision 0.8085 | weighted_recall 0.1996 | union_precision 0.8085 | threshold 0.050 | val_model raw | lr 0.001000
Epoch 5/60 | train_loss 1.2632 | union_precision 0.8049 | weighted_recall 0.1990 | union_precision 0.8049 | threshold 0.500 | val_model raw | lr 0.001000
Epoch 6/60 | train_loss 1.2291 | union_precision 0.7857 | weighted_recall 0.1983 | union_precision 0.7857 | threshold 0.500 | val_model raw | lr 0.001000
Epoch 7/60 | train_loss 1.1979 | union_precision 0.8000 | weighted_recall 0.2149 | union_precision 0.8000 | threshold 0.500 | val_model raw | lr 0.001000
Epoch 8/60 | train_loss 1.1842 | union_precision 0.8043 | weighted_recall 0.2397 | union_precision 0.8043 | threshold 0.500 | val_model raw | lr 0.001000
Epoch 9/60 | train_loss 1.1598 | union_precision 0.8333 | weighted_recall 0.0301 | union_precision 0.8333 | threshold 0.700 | val_model raw | lr 0.001000
Epoch 10/60 | train_loss 1.1518 | union_precision 0.8571 | weighted_recall 0.0436 | union_precision 0.8571 | threshold 0.700 | val_model raw | lr 0.001000
Epoch 11/60 | train_loss 1.1260 | union_precision 0.8750 | weighted_recall 0.0624 | union_precision 0.8750 | threshold 0.700 | val_model raw | lr 0.001000
Epoch 12/60 | train_loss 1.1098 | union_precision 0.8511 | weighted_recall 0.2595 | union_precision 0.8511 | threshold 0.050 | val_model raw | lr 0.001000
Epoch 13/60 | train_loss 1.1011 | union_precision 0.8537 | weighted_recall 0.2561 | union_precision 0.8537 | threshold 0.525 | val_model raw | lr 0.001000
Epoch 14/60 | train_loss 1.0848 | union_precision 0.8571 | weighted_recall 0.2997 | union_precision 0.8571 | threshold 0.525 | val_model raw | lr 0.001000
Epoch 15/60 | train_loss 1.0713 | union_precision 0.8537 | weighted_recall 0.2989 | union_precision 0.8537 | threshold 0.500 | val_model raw | lr 0.001000
Epoch 16/60 | train_loss 1.0660 | union_precision 0.8537 | weighted_recall 0.2989 | union_precision 0.8537 | threshold 0.500 | val_model raw | lr 0.001000
Epoch 17/60 | train_loss 1.0498 | union_precision 0.8511 | weighted_recall 0.3039 | union_precision 0.8511 | threshold 0.050 | val_model raw | lr 0.001000
Epoch 18/60 | train_loss 1.0484 | union_precision 0.8696 | weighted_recall 0.3077 | union_precision 0.8696 | threshold 0.050 | val_model raw | lr 0.001000
Epoch 19/60 | train_loss 1.0393 | union_precision 0.9032 | weighted_recall 0.2562 | union_precision 0.9032 | threshold 0.600 | val_model raw | lr 0.001000
Epoch 20/60 | train_loss 1.0202 | union_precision 0.8696 | weighted_recall 0.3276 | union_precision 0.8696 | threshold 0.050 | val_model raw | lr 0.001000
Epoch 21/60 | train_loss 1.0141 | union_precision 0.8913 | weighted_recall 0.3487 | union_precision 0.8913 | threshold 0.050 | val_model raw | lr 0.001000
Epoch 22/60 | train_loss 0.9952 | union_precision 0.8889 | weighted_recall 0.3479 | union_precision 0.8889 | threshold 0.050 | val_model raw | lr 0.001000
Epoch 23/60 | train_loss 1.0022 | union_precision 0.8913 | weighted_recall 0.3272 | union_precision 0.8913 | threshold 0.050 | val_model raw | lr 0.001000
Epoch 24/60 | train_loss 0.9867 | union_precision 0.8913 | weighted_recall 0.3272 | union_precision 0.8913 | threshold 0.050 | val_model raw | lr 0.001000
Epoch 25/60 | train_loss 0.9780 | union_precision 0.8913 | weighted_recall 0.3783 | union_precision 0.8913 | threshold 0.050 | val_model raw | lr 0.001000
Epoch 26/60 | train_loss 0.9725 | union_precision 0.8913 | weighted_recall 0.3783 | union_precision 0.8913 | threshold 0.050 | val_model raw | lr 0.001000
Epoch 27/60 | train_loss 0.9626 | union_precision 0.8723 | weighted_recall 0.3798 | union_precision 0.8723 | threshold 0.050 | val_model raw | lr 0.001000
Epoch 28/60 | train_loss 0.9522 | union_precision 0.8913 | weighted_recall 0.3768 | union_precision 0.8913 | threshold 0.325 | val_model raw | lr 0.001000
Epoch 29/60 | train_loss 0.9440 | union_precision 0.8913 | weighted_recall 0.3768 | union_precision 0.8913 | threshold 0.325 | val_model raw | lr 0.001000
Epoch 30/60 | train_loss 0.9365 | union_precision 0.8913 | weighted_recall 0.3768 | union_precision 0.8913 | threshold 0.300 | val_model raw | lr 0.001000
Epoch 31/60 | train_loss 0.9306 | union_precision 0.8913 | weighted_recall 0.3753 | union_precision 0.8913 | threshold 0.275 | val_model raw | lr 0.001000
Epoch 32/60 | train_loss 0.9262 | union_precision 0.8913 | weighted_recall 0.3752 | union_precision 0.8913 | threshold 0.275 | val_model raw | lr 0.001000
Epoch 33/60 | train_loss 0.9131 | union_precision 0.8913 | weighted_recall 0.3752 | union_precision 0.8913 | threshold 0.250 | val_model raw | lr 0.001000
Epoch 34/60 | train_loss 0.9108 | union_precision 0.9070 | weighted_recall 0.3778 | union_precision 0.9070 | threshold 0.250 | val_model raw | lr 0.001000
Epoch 35/60 | train_loss 0.8901 | union_precision 0.9070 | weighted_recall 0.3778 | union_precision 0.9070 | threshold 0.250 | val_model raw | lr 0.001000
Epoch 36/60 | train_loss 0.8912 | union_precision 0.9048 | weighted_recall 0.3810 | union_precision 0.9048 | threshold 0.250 | val_model raw | lr 0.001000
Epoch 37/60 | train_loss 0.8889 | union_precision 0.9048 | weighted_recall 0.3810 | union_precision 0.9048 | threshold 0.225 | val_model raw | lr 0.001000
Epoch 38/60 | train_loss 0.8823 | union_precision 0.9048 | weighted_recall 0.3756 | union_precision 0.9048 | threshold 0.200 | val_model raw | lr 0.001000
Epoch 39/60 | train_loss 0.8729 | union_precision 0.9048 | weighted_recall 0.3766 | union_precision 0.9048 | threshold 0.175 | val_model raw | lr 0.001000
Epoch 40/60 | train_loss 0.8703 | union_precision 0.9070 | weighted_recall 0.3782 | union_precision 0.9070 | threshold 0.175 | val_model raw | lr 0.001000
Epoch 41/60 | train_loss 0.8638 | union_precision 0.9070 | weighted_recall 0.3695 | union_precision 0.9070 | threshold 0.150 | val_model raw | lr 0.001000
Epoch 42/60 | train_loss 0.8562 | union_precision 0.9302 | weighted_recall 0.3763 | union_precision 0.9302 | threshold 0.150 | val_model raw | lr 0.001000
Epoch 43/60 | train_loss 0.8559 | union_precision 0.9302 | weighted_recall 0.3832 | union_precision 0.9302 | threshold 0.150 | val_model raw | lr 0.001000
Epoch 44/60 | train_loss 0.8492 | union_precision 0.9302 | weighted_recall 0.3832 | union_precision 0.9302 | threshold 0.150 | val_model raw | lr 0.001000
Epoch 45/60 | train_loss 0.8453 | union_precision 0.9302 | weighted_recall 0.3832 | union_precision 0.9302 | threshold 0.150 | val_model raw | lr 0.001000
Epoch 46/60 | train_loss 0.8303 | union_precision 0.9302 | weighted_recall 0.3832 | union_precision 0.9302 | threshold 0.150 | val_model raw | lr 0.001000
Epoch 47/60 | train_loss 0.8305 | union_precision 0.9318 | weighted_recall 0.4038 | union_precision 0.9318 | threshold 0.150 | val_model raw | lr 0.001000
Epoch 48/60 | train_loss 0.8183 | union_precision 0.9333 | weighted_recall 0.4460 | union_precision 0.9333 | threshold 0.125 | val_model raw | lr 0.001000
Epoch 49/60 | train_loss 0.8178 | union_precision 0.9333 | weighted_recall 0.4528 | union_precision 0.9333 | threshold 0.125 | val_model raw | lr 0.001000
Epoch 50/60 | train_loss 0.8141 | union_precision 0.9333 | weighted_recall 0.4528 | union_precision 0.9333 | threshold 0.125 | val_model raw | lr 0.001000
Epoch 51/60 | train_loss 0.8023 | union_precision 0.9149 | weighted_recall 0.4536 | union_precision 0.9149 | threshold 0.100 | val_model raw | lr 0.001000
Epoch 52/60 | train_loss 0.8086 | union_precision 0.9130 | weighted_recall 0.4488 | union_precision 0.9130 | threshold 0.100 | val_model raw | lr 0.001000
Epoch 53/60 | train_loss 0.7971 | union_precision 0.8936 | weighted_recall 0.4488 | union_precision 0.8936 | threshold 0.050 | val_model raw | lr 0.001000
Epoch 54/60 | train_loss 0.7942 | union_precision 0.9318 | weighted_recall 0.4480 | union_precision 0.9318 | threshold 0.150 | val_model raw | lr 0.001000
Epoch 55/60 | train_loss 0.7967 | union_precision 0.9333 | weighted_recall 0.4528 | union_precision 0.9333 | threshold 0.150 | val_model raw | lr 0.001000
Epoch 56/60 | train_loss 0.7788 | union_precision 0.9149 | weighted_recall 0.4536 | union_precision 0.9149 | threshold 0.100 | val_model raw | lr 0.001000
Epoch 57/60 | train_loss 0.7747 | union_precision 0.9149 | weighted_recall 0.4313 | union_precision 0.9149 | threshold 0.100 | val_model raw | lr 0.001000
Epoch 58/60 | train_loss 0.7735 | union_precision 0.9149 | weighted_recall 0.4313 | union_precision 0.9149 | threshold 0.075 | val_model raw | lr 0.001000
Epoch 59/60 | train_loss 0.7757 | union_precision 0.9149 | weighted_recall 0.4313 | union_precision 0.9149 | threshold 0.075 | val_model raw | lr 0.001000
Epoch 60/60 | train_loss 0.7670 | union_precision 0.8936 | weighted_recall 0.4437 | union_precision 0.8936 | threshold 0.075 | val_model raw | lr 0.001000
Held-out M07-2 | union_precision=0.9149 | weighted_recall=0.4536 | consensus_recall=1.0000
Epoch 1/60 | train_loss 1.5267 | union_precision 1.0000 | weighted_recall 0.0296 | union_precision 1.0000 | threshold 0.575 | val_model raw | lr 0.001000
Epoch 2/60 | train_loss 1.3975 | union_precision 0.8571 | weighted_recall 0.0386 | union_precision 0.8571 | threshold 0.575 | val_model raw | lr 0.001000
Epoch 3/60 | train_loss 1.3349 | union_precision 0.8519 | weighted_recall 0.2080 | union_precision 0.8519 | threshold 0.525 | val_model raw | lr 0.001000
Epoch 4/60 | train_loss 1.2903 | union_precision 0.8667 | weighted_recall 0.2714 | union_precision 0.8667 | threshold 0.525 | val_model raw | lr 0.001000
Epoch 5/60 | train_loss 1.2586 | union_precision 0.8500 | weighted_recall 0.1498 | union_precision 0.8500 | threshold 0.550 | val_model raw | lr 0.001000
Epoch 6/60 | train_loss 1.2303 | union_precision 0.8571 | weighted_recall 0.1318 | union_precision 0.8571 | threshold 0.575 | val_model raw | lr 0.001000
Epoch 7/60 | train_loss 1.1966 | union_precision 0.8333 | weighted_recall 0.0864 | union_precision 0.8333 | threshold 0.600 | val_model raw | lr 0.001000
Epoch 8/60 | train_loss 1.1815 | union_precision 0.8333 | weighted_recall 0.3146 | union_precision 0.8333 | threshold 0.525 | val_model raw | lr 0.001000
Epoch 9/60 | train_loss 1.1598 | union_precision 0.8378 | weighted_recall 0.3215 | union_precision 0.8378 | threshold 0.525 | val_model raw | lr 0.001000
Epoch 10/60 | train_loss 1.1493 | union_precision 0.8286 | weighted_recall 0.3167 | union_precision 0.8286 | threshold 0.525 | val_model raw | lr 0.001000
Epoch 11/60 | train_loss 1.1257 | union_precision 1.0000 | weighted_recall 0.0480 | union_precision 1.0000 | threshold 0.725 | val_model raw | lr 0.001000
Epoch 12/60 | train_loss 1.1108 | union_precision 1.0000 | weighted_recall 0.0615 | union_precision 1.0000 | threshold 0.725 | val_model raw | lr 0.001000
Epoch 13/60 | train_loss 1.0990 | union_precision 1.0000 | weighted_recall 0.0293 | union_precision 1.0000 | threshold 0.750 | val_model raw | lr 0.001000
Epoch 14/60 | train_loss 1.0837 | union_precision 1.0000 | weighted_recall 0.0712 | union_precision 1.0000 | threshold 0.725 | val_model raw | lr 0.001000
Early stopping at epoch 14
Held-out M07-3 | union_precision=0.8667 | weighted_recall=0.2714 | consensus_recall=0.0000
Epoch 1/60 | train_loss 1.5232 | union_precision 1.0000 | weighted_recall 0.0873 | union_precision 1.0000 | threshold 0.550 | val_model raw | lr 0.001000
Epoch 2/60 | train_loss 1.3974 | union_precision 1.0000 | weighted_recall 0.1157 | union_precision 1.0000 | threshold 0.550 | val_model raw | lr 0.001000
Epoch 3/60 | train_loss 1.3395 | union_precision 0.9600 | weighted_recall 0.6651 | union_precision 0.9600 | threshold 0.050 | val_model raw | lr 0.001000
Epoch 4/60 | train_loss 1.2916 | union_precision 0.9600 | weighted_recall 0.6651 | union_precision 0.9600 | threshold 0.050 | val_model raw | lr 0.001000
Epoch 5/60 | train_loss 1.2584 | union_precision 0.9583 | weighted_recall 0.6596 | union_precision 0.9583 | threshold 0.050 | val_model raw | lr 0.001000
Epoch 6/60 | train_loss 1.2315 | union_precision 0.9600 | weighted_recall 0.6651 | union_precision 0.9600 | threshold 0.050 | val_model raw | lr 0.001000
Epoch 7/60 | train_loss 1.2018 | union_precision 0.9600 | weighted_recall 0.6651 | union_precision 0.9600 | threshold 0.050 | val_model raw | lr 0.001000
Epoch 8/60 | train_loss 1.1855 | union_precision 0.9600 | weighted_recall 0.6651 | union_precision 0.9600 | threshold 0.050 | val_model raw | lr 0.001000
Epoch 9/60 | train_loss 1.1675 | union_precision 0.9600 | weighted_recall 0.6651 | union_precision 0.9600 | threshold 0.050 | val_model raw | lr 0.001000
Epoch 10/60 | train_loss 1.1542 | union_precision 0.9600 | weighted_recall 0.6651 | union_precision 0.9600 | threshold 0.050 | val_model raw | lr 0.001000
Epoch 11/60 | train_loss 1.1318 | union_precision 0.9600 | weighted_recall 0.6651 | union_precision 0.9600 | threshold 0.050 | val_model raw | lr 0.001000
Epoch 12/60 | train_loss 1.1152 | union_precision 0.9600 | weighted_recall 0.6651 | union_precision 0.9600 | threshold 0.050 | val_model raw | lr 0.001000
Epoch 13/60 | train_loss 1.1025 | union_precision 0.9600 | weighted_recall 0.6651 | union_precision 0.9600 | threshold 0.050 | val_model raw | lr 0.001000
Early stopping at epoch 13
Held-out M17-1 | union_precision=0.9600 | weighted_recall=0.6651 | consensus_recall=1.0000
Epoch 1/60 | train_loss 1.5201 | union_precision 0.8571 | weighted_recall 0.1644 | union_precision 0.8571 | threshold 0.550 | val_model raw | lr 0.001000
Epoch 2/60 | train_loss 1.3944 | union_precision 1.0000 | weighted_recall 0.0685 | union_precision 1.0000 | threshold 0.575 | val_model raw | lr 0.001000
Epoch 3/60 | train_loss 1.3365 | union_precision 1.0000 | weighted_recall 0.1498 | union_precision 1.0000 | threshold 0.575 | val_model raw | lr 0.001000
Epoch 4/60 | train_loss 1.2882 | union_precision 0.8636 | weighted_recall 0.3323 | union_precision 0.8636 | threshold 0.525 | val_model raw | lr 0.001000
Epoch 5/60 | train_loss 1.2553 | union_precision 0.9130 | weighted_recall 0.3497 | union_precision 0.9130 | threshold 0.525 | val_model raw | lr 0.001000
Epoch 6/60 | train_loss 1.2271 | union_precision 0.8621 | weighted_recall 0.4445 | union_precision 0.8621 | threshold 0.475 | val_model raw | lr 0.001000
Epoch 7/60 | train_loss 1.1997 | union_precision 0.8621 | weighted_recall 0.4464 | union_precision 0.8621 | threshold 0.050 | val_model raw | lr 0.001000
Epoch 8/60 | train_loss 1.1826 | union_precision 0.8621 | weighted_recall 0.4519 | union_precision 0.8621 | threshold 0.050 | val_model raw | lr 0.001000
Epoch 9/60 | train_loss 1.1639 | union_precision 0.8621 | weighted_recall 0.4519 | union_precision 0.8621 | threshold 0.050 | val_model raw | lr 0.001000
Epoch 10/60 | train_loss 1.1515 | union_precision 0.8621 | weighted_recall 0.4519 | union_precision 0.8621 | threshold 0.050 | val_model raw | lr 0.001000
Epoch 11/60 | train_loss 1.1281 | union_precision 0.8929 | weighted_recall 0.4519 | union_precision 0.8929 | threshold 0.500 | val_model raw | lr 0.001000
Epoch 12/60 | train_loss 1.1113 | union_precision 0.8929 | weighted_recall 0.4519 | union_precision 0.8929 | threshold 0.500 | val_model raw | lr 0.001000
Epoch 13/60 | train_loss 1.0987 | union_precision 0.8929 | weighted_recall 0.4519 | union_precision 0.8929 | threshold 0.500 | val_model raw | lr 0.001000
Epoch 14/60 | train_loss 1.0813 | union_precision 0.8929 | weighted_recall 0.4519 | union_precision 0.8929 | threshold 0.475 | val_model raw | lr 0.001000
Epoch 15/60 | train_loss 1.0697 | union_precision 0.8929 | weighted_recall 0.4519 | union_precision 0.8929 | threshold 0.450 | val_model raw | lr 0.001000
Epoch 16/60 | train_loss 1.0649 | union_precision 0.8929 | weighted_recall 0.4519 | union_precision 0.8929 | threshold 0.050 | val_model raw | lr 0.001000
Epoch 17/60 | train_loss 1.0474 | union_precision 0.8929 | weighted_recall 0.4530 | union_precision 0.8929 | threshold 0.050 | val_model raw | lr 0.001000
Epoch 18/60 | train_loss 1.0475 | union_precision 0.8929 | weighted_recall 0.4530 | union_precision 0.8929 | threshold 0.050 | val_model raw | lr 0.001000
Epoch 19/60 | train_loss 1.0357 | union_precision 0.8929 | weighted_recall 0.4530 | union_precision 0.8929 | threshold 0.050 | val_model raw | lr 0.001000
Epoch 20/60 | train_loss 1.0188 | union_precision 0.9259 | weighted_recall 0.4563 | union_precision 0.9259 | threshold 0.050 | val_model raw | lr 0.001000
Epoch 21/60 | train_loss 1.0153 | union_precision 0.9286 | weighted_recall 0.4258 | union_precision 0.9286 | threshold 0.050 | val_model raw | lr 0.001000
Epoch 22/60 | train_loss 0.9955 | union_precision 0.8966 | weighted_recall 0.3556 | union_precision 0.8966 | threshold 0.050 | val_model raw | lr 0.001000
Epoch 23/60 | train_loss 0.9993 | union_precision 0.8966 | weighted_recall 0.3556 | union_precision 0.8966 | threshold 0.050 | val_model raw | lr 0.001000
Epoch 24/60 | train_loss 0.9832 | union_precision 0.8966 | weighted_recall 0.3556 | union_precision 0.8966 | threshold 0.050 | val_model raw | lr 0.001000
Epoch 25/60 | train_loss 0.9740 | union_precision 0.8929 | weighted_recall 0.3456 | union_precision 0.8929 | threshold 0.050 | val_model raw | lr 0.001000
Epoch 26/60 | train_loss 0.9732 | union_precision 0.8621 | weighted_recall 0.2908 | union_precision 0.8621 | threshold 0.050 | val_model raw | lr 0.001000
Epoch 27/60 | train_loss 0.9632 | union_precision 0.8571 | weighted_recall 0.3418 | union_precision 0.8571 | threshold 0.150 | val_model raw | lr 0.001000
Epoch 28/60 | train_loss 0.9533 | union_precision 0.8571 | weighted_recall 0.3679 | union_precision 0.8571 | threshold 0.150 | val_model raw | lr 0.001000
Epoch 29/60 | train_loss 0.9430 | union_precision 0.8571 | weighted_recall 0.3716 | union_precision 0.8571 | threshold 0.150 | val_model raw | lr 0.001000
Epoch 30/60 | train_loss 0.9370 | union_precision 0.8846 | weighted_recall 0.3963 | union_precision 0.8846 | threshold 0.250 | val_model raw | lr 0.001000
Early stopping at epoch 30
Held-out M17-2 | union_precision=0.9259 | weighted_recall=0.4563 | consensus_recall=0.0000
Epoch 1/60 | train_loss 1.5224 | union_precision 1.0000 | weighted_recall 0.0211 | union_precision 1.0000 | threshold 0.625 | val_model raw | lr 0.001000
Epoch 2/60 | train_loss 1.3936 | union_precision 1.0000 | weighted_recall 0.0211 | union_precision 1.0000 | threshold 0.625 | val_model raw | lr 0.001000
Epoch 3/60 | train_loss 1.3368 | union_precision 1.0000 | weighted_recall 0.0230 | union_precision 1.0000 | threshold 0.625 | val_model raw | lr 0.001000
Epoch 4/60 | train_loss 1.2882 | union_precision 1.0000 | weighted_recall 0.0211 | union_precision 1.0000 | threshold 0.650 | val_model raw | lr 0.001000
Epoch 5/60 | train_loss 1.2540 | union_precision 1.0000 | weighted_recall 0.0211 | union_precision 1.0000 | threshold 0.650 | val_model raw | lr 0.001000
Epoch 6/60 | train_loss 1.2240 | union_precision 1.0000 | weighted_recall 0.0211 | union_precision 1.0000 | threshold 0.650 | val_model raw | lr 0.001000
Epoch 7/60 | train_loss 1.1976 | union_precision 0.8000 | weighted_recall 0.1219 | union_precision 0.8000 | threshold 0.600 | val_model raw | lr 0.001000
Epoch 8/60 | train_loss 1.1819 | union_precision 1.0000 | weighted_recall 0.0211 | union_precision 1.0000 | threshold 0.675 | val_model raw | lr 0.001000
Epoch 9/60 | train_loss 1.1607 | union_precision 0.7826 | weighted_recall 0.1656 | union_precision 0.7826 | threshold 0.600 | val_model raw | lr 0.001000
Epoch 10/60 | train_loss 1.1489 | union_precision 0.8235 | weighted_recall 0.1577 | union_precision 0.8235 | threshold 0.625 | val_model raw | lr 0.001000
Epoch 11/60 | train_loss 1.1265 | union_precision 0.8095 | weighted_recall 0.1642 | union_precision 0.8095 | threshold 0.625 | val_model raw | lr 0.001000
Epoch 12/60 | train_loss 1.1076 | union_precision 0.8209 | weighted_recall 0.4676 | union_precision 0.8209 | threshold 0.500 | val_model raw | lr 0.001000
Epoch 13/60 | train_loss 1.0981 | union_precision 0.8333 | weighted_recall 0.1037 | union_precision 0.8333 | threshold 0.675 | val_model raw | lr 0.001000
Early stopping at epoch 13
Held-out M17-3 | union_precision=1.0000 | weighted_recall=0.0230 | consensus_recall=0.0000
Epoch 1/60 | train_loss 1.5247 | union_precision 0.9167 | weighted_recall 0.0810 | union_precision 0.9167 | threshold 0.525 | val_model raw | lr 0.001000
Epoch 2/60 | train_loss 1.3919 | union_precision 0.8667 | weighted_recall 0.1544 | union_precision 0.8667 | threshold 0.500 | val_model raw | lr 0.001000
Epoch 3/60 | train_loss 1.3389 | union_precision 0.8571 | weighted_recall 0.1018 | union_precision 0.8571 | threshold 0.550 | val_model raw | lr 0.001000
Epoch 4/60 | train_loss 1.2827 | union_precision 0.8696 | weighted_recall 0.1453 | union_precision 0.8696 | threshold 0.525 | val_model raw | lr 0.001000
Epoch 5/60 | train_loss 1.2498 | union_precision 0.9167 | weighted_recall 0.0867 | union_precision 0.9167 | threshold 0.575 | val_model raw | lr 0.001000
Epoch 6/60 | train_loss 1.2200 | union_precision 0.8684 | weighted_recall 0.1947 | union_precision 0.8684 | threshold 0.525 | val_model raw | lr 0.001000
Epoch 7/60 | train_loss 1.1948 | union_precision 0.8542 | weighted_recall 0.2205 | union_precision 0.8542 | threshold 0.050 | val_model raw | lr 0.001000
Epoch 8/60 | train_loss 1.1776 | union_precision 0.8750 | weighted_recall 0.2137 | union_precision 0.8750 | threshold 0.050 | val_model raw | lr 0.001000
Epoch 9/60 | train_loss 1.1595 | union_precision 0.8750 | weighted_recall 0.2137 | union_precision 0.8750 | threshold 0.050 | val_model raw | lr 0.001000
Epoch 10/60 | train_loss 1.1441 | union_precision 0.8542 | weighted_recall 0.2466 | union_precision 0.8542 | threshold 0.425 | val_model raw | lr 0.001000
Epoch 11/60 | train_loss 1.1255 | union_precision 0.8667 | weighted_recall 0.2374 | union_precision 0.8667 | threshold 0.425 | val_model raw | lr 0.001000
Epoch 12/60 | train_loss 1.1038 | union_precision 0.8667 | weighted_recall 0.2113 | union_precision 0.8667 | threshold 0.425 | val_model raw | lr 0.001000
Epoch 13/60 | train_loss 1.0948 | union_precision 0.8636 | weighted_recall 0.2047 | union_precision 0.8636 | threshold 0.425 | val_model raw | lr 0.001000
Epoch 14/60 | train_loss 1.0761 | union_precision 0.8837 | weighted_recall 0.2400 | union_precision 0.8837 | threshold 0.425 | val_model raw | lr 0.001000
Epoch 15/60 | train_loss 1.0636 | union_precision 0.8571 | weighted_recall 0.2235 | union_precision 0.8571 | threshold 0.475 | val_model raw | lr 0.001000
Epoch 16/60 | train_loss 1.0586 | union_precision 0.8974 | weighted_recall 0.2272 | union_precision 0.8974 | threshold 0.525 | val_model raw | lr 0.001000
Epoch 17/60 | train_loss 1.0437 | union_precision 0.8974 | weighted_recall 0.2272 | union_precision 0.8974 | threshold 0.525 | val_model raw | lr 0.001000
Epoch 18/60 | train_loss 1.0440 | union_precision 0.8780 | weighted_recall 0.2291 | union_precision 0.8780 | threshold 0.475 | val_model raw | lr 0.001000
Epoch 19/60 | train_loss 1.0287 | union_precision 0.9000 | weighted_recall 0.2291 | union_precision 0.9000 | threshold 0.475 | val_model raw | lr 0.001000
Epoch 20/60 | train_loss 1.0127 | union_precision 0.8780 | weighted_recall 0.2403 | union_precision 0.8780 | threshold 0.400 | val_model raw | lr 0.001000
Early stopping at epoch 20
Held-out M17-4 | union_precision=0.8542 | weighted_recall=0.2466 | consensus_recall=0.0000
Epoch 1/60 | train_loss 1.5234 | union_precision 0.8000 | weighted_recall 0.2700 | union_precision 0.8000 | threshold 0.525 | val_model raw | lr 0.001000
Epoch 2/60 | train_loss 1.3953 | union_precision 0.8750 | weighted_recall 0.3841 | union_precision 0.8750 | threshold 0.525 | val_model raw | lr 0.001000
Epoch 3/60 | train_loss 1.3418 | union_precision 0.8125 | weighted_recall 0.3723 | union_precision 0.8125 | threshold 0.525 | val_model raw | lr 0.001000
Epoch 4/60 | train_loss 1.2866 | union_precision 0.7632 | weighted_recall 0.3573 | union_precision 0.7632 | threshold 0.475 | val_model raw | lr 0.001000
Epoch 5/60 | train_loss 1.2539 | union_precision 0.7500 | weighted_recall 0.1041 | union_precision 0.7500 | threshold 0.600 | val_model raw | lr 0.001000
Epoch 6/60 | train_loss 1.2266 | union_precision 0.8000 | weighted_recall 0.1500 | union_precision 0.8000 | threshold 0.600 | val_model raw | lr 0.001000
Epoch 7/60 | train_loss 1.2001 | union_precision 0.8182 | weighted_recall 0.1658 | union_precision 0.8182 | threshold 0.600 | val_model raw | lr 0.001000
Epoch 8/60 | train_loss 1.1809 | union_precision 1.0000 | weighted_recall 0.0464 | union_precision 1.0000 | threshold 0.675 | val_model raw | lr 0.001000
Epoch 9/60 | train_loss 1.1631 | union_precision 1.0000 | weighted_recall 0.0885 | union_precision 1.0000 | threshold 0.675 | val_model raw | lr 0.001000
Epoch 10/60 | train_loss 1.1482 | union_precision 0.8889 | weighted_recall 0.4774 | union_precision 0.8889 | threshold 0.525 | val_model raw | lr 0.001000
Epoch 11/60 | train_loss 1.1293 | union_precision 0.8571 | weighted_recall 0.4774 | union_precision 0.8571 | threshold 0.525 | val_model raw | lr 0.001000
Epoch 12/60 | train_loss 1.1087 | union_precision 0.9000 | weighted_recall 0.1885 | union_precision 0.9000 | threshold 0.675 | val_model raw | lr 0.001000
Epoch 13/60 | train_loss 1.0987 | union_precision 0.9167 | weighted_recall 0.2419 | union_precision 0.9167 | threshold 0.675 | val_model raw | lr 0.001000
Epoch 14/60 | train_loss 1.0820 | union_precision 0.8500 | weighted_recall 0.3947 | union_precision 0.8500 | threshold 0.625 | val_model raw | lr 0.001000
Epoch 15/60 | train_loss 1.0673 | union_precision 0.8824 | weighted_recall 0.3655 | union_precision 0.8824 | threshold 0.625 | val_model raw | lr 0.001000
Epoch 16/60 | train_loss 1.0633 | union_precision 0.8889 | weighted_recall 0.3592 | union_precision 0.8889 | threshold 0.625 | val_model raw | lr 0.001000
Epoch 17/60 | train_loss 1.0481 | union_precision 0.8636 | weighted_recall 0.4046 | union_precision 0.8636 | threshold 0.600 | val_model raw | lr 0.001000
Epoch 18/60 | train_loss 1.0478 | union_precision 0.8636 | weighted_recall 0.4046 | union_precision 0.8636 | threshold 0.600 | val_model raw | lr 0.001000
Epoch 19/60 | train_loss 1.0334 | union_precision 0.8750 | weighted_recall 0.4517 | union_precision 0.8750 | threshold 0.575 | val_model raw | lr 0.001000
Epoch 20/60 | train_loss 1.0176 | union_precision 0.8750 | weighted_recall 0.4517 | union_precision 0.8750 | threshold 0.575 | val_model raw | lr 0.001000
Early stopping at epoch 20
Held-out M24-1 | union_precision=0.8889 | weighted_recall=0.4774 | consensus_recall=0.0000
Epoch 1/60 | train_loss 1.5245 | union_precision 0.8333 | weighted_recall 0.0301 | union_precision 0.8333 | threshold 0.575 | val_model raw | lr 0.001000
Epoch 2/60 | train_loss 1.3954 | union_precision 1.0000 | weighted_recall 0.0128 | union_precision 1.0000 | threshold 0.625 | val_model raw | lr 0.001000
Epoch 3/60 | train_loss 1.3404 | union_precision 1.0000 | weighted_recall 0.0098 | union_precision 1.0000 | threshold 0.675 | val_model raw | lr 0.001000
Epoch 4/60 | train_loss 1.2867 | union_precision 1.0000 | weighted_recall 0.0098 | union_precision 1.0000 | threshold 0.700 | val_model raw | lr 0.001000
Epoch 5/60 | train_loss 1.2535 | union_precision 1.0000 | weighted_recall 0.0098 | union_precision 1.0000 | threshold 0.700 | val_model raw | lr 0.001000
Epoch 6/60 | train_loss 1.2271 | union_precision 0.8333 | weighted_recall 0.0272 | union_precision 0.8333 | threshold 0.600 | val_model raw | lr 0.001000
Epoch 7/60 | train_loss 1.2023 | union_precision 0.8333 | weighted_recall 0.0272 | union_precision 0.8333 | threshold 0.600 | val_model raw | lr 0.001000
Epoch 8/60 | train_loss 1.1810 | union_precision 0.8333 | weighted_recall 0.0272 | union_precision 0.8333 | threshold 0.600 | val_model raw | lr 0.001000
Epoch 9/60 | train_loss 1.1632 | union_precision 0.8333 | weighted_recall 0.0272 | union_precision 0.8333 | threshold 0.600 | val_model raw | lr 0.001000
Epoch 10/60 | train_loss 1.1492 | union_precision 0.8571 | weighted_recall 0.0587 | union_precision 0.8571 | threshold 0.600 | val_model raw | lr 0.001000
Epoch 11/60 | train_loss 1.1294 | union_precision 0.8889 | weighted_recall 0.0879 | union_precision 0.8889 | threshold 0.600 | val_model raw | lr 0.001000
Epoch 12/60 | train_loss 1.1108 | union_precision 0.8571 | weighted_recall 0.0752 | union_precision 0.8571 | threshold 0.625 | val_model raw | lr 0.001000
Epoch 13/60 | train_loss 1.1008 | union_precision 1.0000 | weighted_recall 0.0098 | union_precision 1.0000 | threshold 0.725 | val_model raw | lr 0.001000
Epoch 14/60 | train_loss 1.0832 | union_precision 1.0000 | weighted_recall 0.0098 | union_precision 1.0000 | threshold 0.725 | val_model raw | lr 0.001000
Epoch 15/60 | train_loss 1.0692 | union_precision 1.0000 | weighted_recall 0.0098 | union_precision 1.0000 | threshold 0.725 | val_model raw | lr 0.001000
Epoch 16/60 | train_loss 1.0657 | union_precision 1.0000 | weighted_recall 0.0098 | union_precision 1.0000 | threshold 0.725 | val_model raw | lr 0.001000
Epoch 17/60 | train_loss 1.0462 | union_precision 1.0000 | weighted_recall 0.0098 | union_precision 1.0000 | threshold 0.725 | val_model raw | lr 0.001000
Epoch 18/60 | train_loss 1.0500 | union_precision 1.0000 | weighted_recall 0.0098 | union_precision 1.0000 | threshold 0.725 | val_model raw | lr 0.001000
Epoch 19/60 | train_loss 1.0340 | union_precision 1.0000 | weighted_recall 0.0484 | union_precision 1.0000 | threshold 0.725 | val_model raw | lr 0.001000
Epoch 20/60 | train_loss 1.0165 | union_precision 1.0000 | weighted_recall 0.0292 | union_precision 1.0000 | threshold 0.750 | val_model raw | lr 0.001000
Epoch 21/60 | train_loss 1.0124 | union_precision 1.0000 | weighted_recall 0.0292 | union_precision 1.0000 | threshold 0.775 | val_model raw | lr 0.001000
Early stopping at epoch 21
Held-out M24-2 | union_precision=0.8889 | weighted_recall=0.0879 | consensus_recall=0.0000
Epoch 1/60 | train_loss 1.5226 | union_precision 0.5000 | weighted_recall 0.0083 | union_precision 0.5000 | threshold 0.575 | val_model raw | lr 0.001000
Epoch 2/60 | train_loss 1.3989 | union_precision 1.0000 | weighted_recall 0.0073 | union_precision 1.0000 | threshold 0.650 | val_model raw | lr 0.001000
Epoch 3/60 | train_loss 1.3418 | union_precision 1.0000 | weighted_recall 0.0073 | union_precision 1.0000 | threshold 0.675 | val_model raw | lr 0.001000
Epoch 4/60 | train_loss 1.2854 | union_precision 1.0000 | weighted_recall 0.0073 | union_precision 1.0000 | threshold 0.675 | val_model raw | lr 0.001000
Epoch 5/60 | train_loss 1.2550 | union_precision 1.0000 | weighted_recall 0.0073 | union_precision 1.0000 | threshold 0.700 | val_model raw | lr 0.001000
Epoch 6/60 | train_loss 1.2268 | union_precision 1.0000 | weighted_recall 0.0073 | union_precision 1.0000 | threshold 0.700 | val_model raw | lr 0.001000
Epoch 7/60 | train_loss 1.2034 | union_precision 1.0000 | weighted_recall 0.0073 | union_precision 1.0000 | threshold 0.700 | val_model raw | lr 0.001000
Epoch 8/60 | train_loss 1.1809 | union_precision 1.0000 | weighted_recall 0.0073 | union_precision 1.0000 | threshold 0.700 | val_model raw | lr 0.001000
Epoch 9/60 | train_loss 1.1636 | union_precision 1.0000 | weighted_recall 0.0073 | union_precision 1.0000 | threshold 0.725 | val_model raw | lr 0.001000
Epoch 10/60 | train_loss 1.1519 | union_precision 1.0000 | weighted_recall 0.0073 | union_precision 1.0000 | threshold 0.725 | val_model raw | lr 0.001000
Epoch 11/60 | train_loss 1.1295 | union_precision 1.0000 | weighted_recall 0.0073 | union_precision 1.0000 | threshold 0.725 | val_model raw | lr 0.001000
Epoch 12/60 | train_loss 1.1117 | union_precision 1.0000 | weighted_recall 0.0073 | union_precision 1.0000 | threshold 0.750 | val_model raw | lr 0.001000
Early stopping at epoch 12
Held-out M24-3 | union_precision=1.0000 | weighted_recall=0.0073 | consensus_recall=0.0000
Epoch 1/60 | train_loss 1.5295 | union_precision 0.8571 | weighted_recall 0.0151 | union_precision 0.8571 | threshold 0.575 | val_model raw | lr 0.001000
Epoch 2/60 | train_loss 1.4058 | union_precision 0.7500 | weighted_recall 0.0151 | union_precision 0.7500 | threshold 0.575 | val_model raw | lr 0.001000
Epoch 3/60 | train_loss 1.3457 | union_precision 0.8375 | weighted_recall 0.4265 | union_precision 0.8375 | threshold 0.400 | val_model raw | lr 0.001000
Epoch 4/60 | train_loss 1.2873 | union_precision 0.8642 | weighted_recall 0.4453 | union_precision 0.8642 | threshold 0.425 | val_model raw | lr 0.001000
Epoch 5/60 | train_loss 1.2551 | union_precision 0.8625 | weighted_recall 0.4360 | union_precision 0.8625 | threshold 0.425 | val_model raw | lr 0.001000
Epoch 6/60 | train_loss 1.2218 | union_precision 0.8642 | weighted_recall 0.4290 | union_precision 0.8642 | threshold 0.450 | val_model raw | lr 0.001000
Epoch 7/60 | train_loss 1.2009 | union_precision 0.8642 | weighted_recall 0.4290 | union_precision 0.8642 | threshold 0.450 | val_model raw | lr 0.001000
Epoch 8/60 | train_loss 1.1761 | union_precision 0.8537 | weighted_recall 0.4418 | union_precision 0.8537 | threshold 0.475 | val_model raw | lr 0.001000
Epoch 9/60 | train_loss 1.1616 | union_precision 0.8537 | weighted_recall 0.4418 | union_precision 0.8537 | threshold 0.475 | val_model raw | lr 0.001000
Epoch 10/60 | train_loss 1.1488 | union_precision 0.8667 | weighted_recall 0.4262 | union_precision 0.8667 | threshold 0.525 | val_model raw | lr 0.001000
Epoch 11/60 | train_loss 1.1281 | union_precision 0.8824 | weighted_recall 0.4100 | union_precision 0.8824 | threshold 0.550 | val_model raw | lr 0.001000
Epoch 12/60 | train_loss 1.1085 | union_precision 0.8519 | weighted_recall 0.4146 | union_precision 0.8519 | threshold 0.450 | val_model raw | lr 0.001000
Epoch 13/60 | train_loss 1.0992 | union_precision 0.8642 | weighted_recall 0.4258 | union_precision 0.8642 | threshold 0.450 | val_model raw | lr 0.001000
Epoch 14/60 | train_loss 1.0807 | union_precision 0.8659 | weighted_recall 0.4544 | union_precision 0.8659 | threshold 0.425 | val_model raw | lr 0.001000
Epoch 15/60 | train_loss 1.0684 | union_precision 0.8675 | weighted_recall 0.4548 | union_precision 0.8675 | threshold 0.400 | val_model raw | lr 0.001000
Epoch 16/60 | train_loss 1.0632 | union_precision 0.8554 | weighted_recall 0.4636 | union_precision 0.8554 | threshold 0.375 | val_model raw | lr 0.001000
Epoch 17/60 | train_loss 1.0443 | union_precision 0.8571 | weighted_recall 0.4528 | union_precision 0.8571 | threshold 0.325 | val_model raw | lr 0.001000
Epoch 18/60 | train_loss 1.0438 | union_precision 0.8675 | weighted_recall 0.4621 | union_precision 0.8675 | threshold 0.050 | val_model raw | lr 0.001000
Epoch 19/60 | train_loss 1.0294 | union_precision 0.8675 | weighted_recall 0.4621 | union_precision 0.8675 | threshold 0.050 | val_model raw | lr 0.001000
Epoch 20/60 | train_loss 1.0130 | union_precision 0.8675 | weighted_recall 0.4627 | union_precision 0.8675 | threshold 0.050 | val_model raw | lr 0.001000
Epoch 21/60 | train_loss 1.0096 | union_precision 0.8675 | weighted_recall 0.4627 | union_precision 0.8675 | threshold 0.050 | val_model raw | lr 0.001000
Epoch 22/60 | train_loss 0.9922 | union_precision 0.8537 | weighted_recall 0.4562 | union_precision 0.8537 | threshold 0.050 | val_model raw | lr 0.001000
Epoch 23/60 | train_loss 0.9909 | union_precision 0.8537 | weighted_recall 0.4534 | union_precision 0.8537 | threshold 0.050 | val_model raw | lr 0.001000
Epoch 24/60 | train_loss 0.9810 | union_precision 0.8537 | weighted_recall 0.4534 | union_precision 0.8537 | threshold 0.050 | val_model raw | lr 0.001000
Epoch 25/60 | train_loss 0.9712 | union_precision 0.8537 | weighted_recall 0.4534 | union_precision 0.8537 | threshold 0.050 | val_model raw | lr 0.001000
Epoch 26/60 | train_loss 0.9695 | union_precision 0.8642 | weighted_recall 0.4565 | union_precision 0.8642 | threshold 0.050 | val_model raw | lr 0.001000
Early stopping at epoch 26
Held-out M24-4 | union_precision=0.8554 | weighted_recall=0.4636 | consensus_recall=0.0000
Epoch 1/60 | train_loss 1.5222 | union_precision 0.6667 | weighted_recall 0.0347 | union_precision 0.6667 | threshold 0.550 | val_model raw | lr 0.001000
Epoch 2/60 | train_loss 1.4038 | union_precision 1.0000 | weighted_recall 0.0240 | union_precision 1.0000 | threshold 0.625 | val_model raw | lr 0.001000
Epoch 3/60 | train_loss 1.3436 | union_precision 0.8333 | weighted_recall 0.0591 | union_precision 0.8333 | threshold 0.575 | val_model raw | lr 0.001000
Epoch 4/60 | train_loss 1.2854 | union_precision 0.8333 | weighted_recall 0.0591 | union_precision 0.8333 | threshold 0.575 | val_model raw | lr 0.001000
Epoch 5/60 | train_loss 1.2569 | union_precision 0.8571 | weighted_recall 0.0935 | union_precision 0.8571 | threshold 0.575 | val_model raw | lr 0.001000
Epoch 6/60 | train_loss 1.2227 | union_precision 0.8000 | weighted_recall 0.2083 | union_precision 0.8000 | threshold 0.475 | val_model raw | lr 0.001000
Epoch 7/60 | train_loss 1.2012 | union_precision 0.8333 | weighted_recall 0.2008 | union_precision 0.8333 | threshold 0.500 | val_model raw | lr 0.001000
Epoch 8/60 | train_loss 1.1779 | union_precision 0.7222 | weighted_recall 0.1754 | union_precision 0.7222 | threshold 0.500 | val_model raw | lr 0.001000
Epoch 9/60 | train_loss 1.1635 | union_precision 0.7857 | weighted_recall 0.2802 | union_precision 0.7857 | threshold 0.575 | val_model raw | lr 0.001000
Epoch 10/60 | train_loss 1.1514 | union_precision 0.8000 | weighted_recall 0.2663 | union_precision 0.8000 | threshold 0.600 | val_model raw | lr 0.001000
Epoch 11/60 | train_loss 1.1297 | union_precision 0.7857 | weighted_recall 0.2885 | union_precision 0.7857 | threshold 0.575 | val_model raw | lr 0.001000
Epoch 12/60 | train_loss 1.1125 | union_precision 0.9000 | weighted_recall 0.2907 | union_precision 0.9000 | threshold 0.625 | val_model raw | lr 0.001000
Epoch 13/60 | train_loss 1.1009 | union_precision 0.9000 | weighted_recall 0.3796 | union_precision 0.9000 | threshold 0.625 | val_model raw | lr 0.001000
Epoch 14/60 | train_loss 1.0831 | union_precision 0.8889 | weighted_recall 0.3689 | union_precision 0.8889 | threshold 0.650 | val_model raw | lr 0.001000
Epoch 15/60 | train_loss 1.0728 | union_precision 0.8667 | weighted_recall 0.5364 | union_precision 0.8667 | threshold 0.600 | val_model raw | lr 0.001000
Epoch 16/60 | train_loss 1.0676 | union_precision 0.8571 | weighted_recall 0.5304 | union_precision 0.8571 | threshold 0.600 | val_model raw | lr 0.001000
Epoch 17/60 | train_loss 1.0494 | union_precision 0.8571 | weighted_recall 0.5304 | union_precision 0.8571 | threshold 0.600 | val_model raw | lr 0.001000
Epoch 18/60 | train_loss 1.0463 | union_precision 0.8667 | weighted_recall 0.5424 | union_precision 0.8667 | threshold 0.600 | val_model raw | lr 0.001000
Epoch 19/60 | train_loss 1.0329 | union_precision 0.8750 | weighted_recall 0.5454 | union_precision 0.8750 | threshold 0.600 | val_model raw | lr 0.001000
Epoch 20/60 | train_loss 1.0168 | union_precision 0.8750 | weighted_recall 0.5454 | union_precision 0.8750 | threshold 0.600 | val_model raw | lr 0.001000
Epoch 21/60 | train_loss 1.0141 | union_precision 0.8750 | weighted_recall 0.5454 | union_precision 0.8750 | threshold 0.600 | val_model raw | lr 0.001000
Epoch 22/60 | train_loss 0.9953 | union_precision 0.8571 | weighted_recall 0.5317 | union_precision 0.8571 | threshold 0.650 | val_model raw | lr 0.001000
Epoch 23/60 | train_loss 0.9940 | union_precision 0.8571 | weighted_recall 0.5317 | union_precision 0.8571 | threshold 0.650 | val_model raw | lr 0.001000
Epoch 24/60 | train_loss 0.9834 | union_precision 0.8571 | weighted_recall 0.5317 | union_precision 0.8571 | threshold 0.650 | val_model raw | lr 0.001000
Epoch 25/60 | train_loss 0.9765 | union_precision 0.8571 | weighted_recall 0.5317 | union_precision 0.8571 | threshold 0.625 | val_model raw | lr 0.001000
Epoch 26/60 | train_loss 0.9722 | union_precision 0.8571 | weighted_recall 0.5317 | union_precision 0.8571 | threshold 0.625 | val_model raw | lr 0.001000
Epoch 27/60 | train_loss 0.9642 | union_precision 0.8667 | weighted_recall 0.5424 | union_precision 0.8667 | threshold 0.625 | val_model raw | lr 0.001000
Epoch 28/60 | train_loss 0.9533 | union_precision 0.8500 | weighted_recall 0.5754 | union_precision 0.8500 | threshold 0.450 | val_model raw | lr 0.001000
Epoch 29/60 | train_loss 0.9441 | union_precision 0.8500 | weighted_recall 0.5754 | union_precision 0.8500 | threshold 0.450 | val_model raw | lr 0.001000
Epoch 30/60 | train_loss 0.9381 | union_precision 0.8500 | weighted_recall 0.5754 | union_precision 0.8500 | threshold 0.450 | val_model raw | lr 0.001000
Epoch 31/60 | train_loss 0.9256 | union_precision 0.8500 | weighted_recall 0.5754 | union_precision 0.8500 | threshold 0.425 | val_model raw | lr 0.001000
Epoch 32/60 | train_loss 0.9195 | union_precision 0.8667 | weighted_recall 0.4622 | union_precision 0.8667 | threshold 0.600 | val_model raw | lr 0.001000
Epoch 33/60 | train_loss 0.9146 | union_precision 0.8667 | weighted_recall 0.4622 | union_precision 0.8667 | threshold 0.575 | val_model raw | lr 0.001000
Epoch 34/60 | train_loss 0.9113 | union_precision 0.9286 | weighted_recall 0.4622 | union_precision 0.9286 | threshold 0.625 | val_model raw | lr 0.001000
Epoch 35/60 | train_loss 0.8928 | union_precision 0.9286 | weighted_recall 0.4622 | union_precision 0.9286 | threshold 0.600 | val_model raw | lr 0.001000
Epoch 36/60 | train_loss 0.8915 | union_precision 0.9286 | weighted_recall 0.4622 | union_precision 0.9286 | threshold 0.600 | val_model raw | lr 0.001000
Epoch 37/60 | train_loss 0.8904 | union_precision 0.9286 | weighted_recall 0.4622 | union_precision 0.9286 | threshold 0.575 | val_model raw | lr 0.001000
Epoch 38/60 | train_loss 0.8813 | union_precision 0.8500 | weighted_recall 0.4951 | union_precision 0.8500 | threshold 0.450 | val_model raw | lr 0.001000
Early stopping at epoch 38
Held-out M30-1 | union_precision=0.8500 | weighted_recall=0.5754 | consensus_recall=0.0000
Epoch 1/60 | train_loss 1.5235 | union_precision 1.0000 | weighted_recall 0.0601 | union_precision 1.0000 | threshold 0.575 | val_model raw | lr 0.001000
Epoch 2/60 | train_loss 1.4039 | union_precision 1.0000 | weighted_recall 0.0601 | union_precision 1.0000 | threshold 0.575 | val_model raw | lr 0.001000
Epoch 3/60 | train_loss 1.3440 | union_precision 1.0000 | weighted_recall 0.0601 | union_precision 1.0000 | threshold 0.600 | val_model raw | lr 0.001000
Epoch 4/60 | train_loss 1.2870 | union_precision 1.0000 | weighted_recall 0.0601 | union_precision 1.0000 | threshold 0.625 | val_model raw | lr 0.001000
Epoch 5/60 | train_loss 1.2589 | union_precision 1.0000 | weighted_recall 0.0601 | union_precision 1.0000 | threshold 0.650 | val_model raw | lr 0.001000
Epoch 6/60 | train_loss 1.2241 | union_precision 1.0000 | weighted_recall 0.0601 | union_precision 1.0000 | threshold 0.675 | val_model raw | lr 0.001000
Epoch 7/60 | train_loss 1.2029 | union_precision 1.0000 | weighted_recall 0.0601 | union_precision 1.0000 | threshold 0.675 | val_model raw | lr 0.001000
Epoch 8/60 | train_loss 1.1799 | union_precision 0.9091 | weighted_recall 0.3061 | union_precision 0.9091 | threshold 0.550 | val_model raw | lr 0.001000
Epoch 9/60 | train_loss 1.1640 | union_precision 0.9231 | weighted_recall 0.3480 | union_precision 0.9231 | threshold 0.550 | val_model raw | lr 0.001000
Epoch 10/60 | train_loss 1.1551 | union_precision 0.9375 | weighted_recall 0.3572 | union_precision 0.9375 | threshold 0.550 | val_model raw | lr 0.001000
Epoch 11/60 | train_loss 1.1326 | union_precision 0.9375 | weighted_recall 0.3572 | union_precision 0.9375 | threshold 0.550 | val_model raw | lr 0.001000
Epoch 12/60 | train_loss 1.1143 | union_precision 0.8571 | weighted_recall 0.3869 | union_precision 0.8571 | threshold 0.500 | val_model raw | lr 0.001000
Epoch 13/60 | train_loss 1.1029 | union_precision 0.9375 | weighted_recall 0.3572 | union_precision 0.9375 | threshold 0.550 | val_model raw | lr 0.001000
Epoch 14/60 | train_loss 1.0851 | union_precision 0.8571 | weighted_recall 0.4277 | union_precision 0.8571 | threshold 0.475 | val_model raw | lr 0.001000
Epoch 15/60 | train_loss 1.0749 | union_precision 0.9375 | weighted_recall 0.4215 | union_precision 0.9375 | threshold 0.500 | val_model raw | lr 0.001000
Epoch 16/60 | train_loss 1.0681 | union_precision 0.9375 | weighted_recall 0.4215 | union_precision 0.9375 | threshold 0.500 | val_model raw | lr 0.001000
Epoch 17/60 | train_loss 1.0493 | union_precision 0.9375 | weighted_recall 0.4215 | union_precision 0.9375 | threshold 0.525 | val_model raw | lr 0.001000
Epoch 18/60 | train_loss 1.0483 | union_precision 0.9375 | weighted_recall 0.4163 | union_precision 0.9375 | threshold 0.525 | val_model raw | lr 0.001000
Epoch 19/60 | train_loss 1.0341 | union_precision 0.9375 | weighted_recall 0.4163 | union_precision 0.9375 | threshold 0.525 | val_model raw | lr 0.001000
Epoch 20/60 | train_loss 1.0186 | union_precision 0.9375 | weighted_recall 0.4229 | union_precision 0.9375 | threshold 0.525 | val_model raw | lr 0.001000
Epoch 21/60 | train_loss 1.0152 | union_precision 0.9375 | weighted_recall 0.4229 | union_precision 0.9375 | threshold 0.550 | val_model raw | lr 0.001000
Epoch 22/60 | train_loss 0.9966 | union_precision 0.8500 | weighted_recall 0.4435 | union_precision 0.8500 | threshold 0.300 | val_model raw | lr 0.001000
Epoch 23/60 | train_loss 0.9949 | union_precision 0.8571 | weighted_recall 0.4528 | union_precision 0.8571 | threshold 0.275 | val_model raw | lr 0.001000
Epoch 24/60 | train_loss 0.9849 | union_precision 0.8571 | weighted_recall 0.4448 | union_precision 0.8571 | threshold 0.275 | val_model raw | lr 0.001000
Epoch 25/60 | train_loss 0.9770 | union_precision 0.8571 | weighted_recall 0.4348 | union_precision 0.8571 | threshold 0.250 | val_model raw | lr 0.001000
Epoch 26/60 | train_loss 0.9741 | union_precision 0.8696 | weighted_recall 0.4426 | union_precision 0.8696 | threshold 0.050 | val_model raw | lr 0.001000
Epoch 27/60 | train_loss 0.9654 | union_precision 0.8636 | weighted_recall 0.4333 | union_precision 0.8636 | threshold 0.050 | val_model raw | lr 0.001000
Epoch 28/60 | train_loss 0.9555 | union_precision 0.9524 | weighted_recall 0.4359 | union_precision 0.9524 | threshold 0.050 | val_model raw | lr 0.001000
Epoch 29/60 | train_loss 0.9458 | union_precision 0.9524 | weighted_recall 0.4359 | union_precision 0.9524 | threshold 0.050 | val_model raw | lr 0.001000
Epoch 30/60 | train_loss 0.9380 | union_precision 0.9500 | weighted_recall 0.4333 | union_precision 0.9500 | threshold 0.050 | val_model raw | lr 0.001000
Epoch 31/60 | train_loss 0.9266 | union_precision 0.9048 | weighted_recall 0.4333 | union_precision 0.9048 | threshold 0.050 | val_model raw | lr 0.001000
Epoch 32/60 | train_loss 0.9208 | union_precision 0.9048 | weighted_recall 0.4333 | union_precision 0.9048 | threshold 0.050 | val_model raw | lr 0.001000
Epoch 33/60 | train_loss 0.9147 | union_precision 0.9048 | weighted_recall 0.4333 | union_precision 0.9048 | threshold 0.050 | val_model raw | lr 0.001000
Early stopping at epoch 33
Held-out M30-2 | union_precision=0.8571 | weighted_recall=0.4528 | consensus_recall=0.0000
Epoch 1/60 | train_loss 1.5234 | union_precision 0.6512 | weighted_recall 0.2533 | union_precision 0.6512 | threshold 0.050 | val_model raw | lr 0.001000
Epoch 2/60 | train_loss 1.4036 | union_precision 0.6098 | weighted_recall 0.2113 | union_precision 0.6098 | threshold 0.050 | val_model raw | lr 0.001000
Epoch 3/60 | train_loss 1.3436 | union_precision 0.7674 | weighted_recall 0.3193 | union_precision 0.7674 | threshold 0.050 | val_model raw | lr 0.001000
Epoch 4/60 | train_loss 1.2873 | union_precision 0.8605 | weighted_recall 0.3991 | union_precision 0.8605 | threshold 0.475 | val_model raw | lr 0.001000
Epoch 5/60 | train_loss 1.2572 | union_precision 0.8519 | weighted_recall 0.2858 | union_precision 0.8519 | threshold 0.550 | val_model raw | lr 0.001000
Epoch 6/60 | train_loss 1.2232 | union_precision 0.8667 | weighted_recall 0.4126 | union_precision 0.8667 | threshold 0.450 | val_model raw | lr 0.001000
Epoch 7/60 | train_loss 1.2014 | union_precision 0.8750 | weighted_recall 0.4216 | union_precision 0.8750 | threshold 0.450 | val_model raw | lr 0.001000
Epoch 8/60 | train_loss 1.1765 | union_precision 0.9149 | weighted_recall 0.4274 | union_precision 0.9149 | threshold 0.450 | val_model raw | lr 0.001000
Epoch 9/60 | train_loss 1.1625 | union_precision 0.8750 | weighted_recall 0.4262 | union_precision 0.8750 | threshold 0.450 | val_model raw | lr 0.001000
Epoch 10/60 | train_loss 1.1525 | union_precision 0.8750 | weighted_recall 0.4262 | union_precision 0.8750 | threshold 0.450 | val_model raw | lr 0.001000
Epoch 11/60 | train_loss 1.1295 | union_precision 0.9111 | weighted_recall 0.4523 | union_precision 0.9111 | threshold 0.450 | val_model raw | lr 0.001000
Epoch 12/60 | train_loss 1.1111 | union_precision 0.9333 | weighted_recall 0.4670 | union_precision 0.9333 | threshold 0.425 | val_model raw | lr 0.001000
Epoch 13/60 | train_loss 1.1000 | union_precision 0.9333 | weighted_recall 0.4670 | union_precision 0.9333 | threshold 0.500 | val_model raw | lr 0.001000
Epoch 14/60 | train_loss 1.0824 | union_precision 0.9318 | weighted_recall 0.4459 | union_precision 0.9318 | threshold 0.500 | val_model raw | lr 0.001000
Epoch 15/60 | train_loss 1.0724 | union_precision 0.9302 | weighted_recall 0.4440 | union_precision 0.9302 | threshold 0.475 | val_model raw | lr 0.001000
Epoch 16/60 | train_loss 1.0668 | union_precision 0.9302 | weighted_recall 0.4440 | union_precision 0.9302 | threshold 0.475 | val_model raw | lr 0.001000
Epoch 17/60 | train_loss 1.0472 | union_precision 0.9130 | weighted_recall 0.4447 | union_precision 0.9130 | threshold 0.050 | val_model raw | lr 0.001000
Epoch 18/60 | train_loss 1.0424 | union_precision 0.9130 | weighted_recall 0.4447 | union_precision 0.9130 | threshold 0.050 | val_model raw | lr 0.001000
Epoch 19/60 | train_loss 1.0311 | union_precision 0.9333 | weighted_recall 0.4447 | union_precision 0.9333 | threshold 0.050 | val_model raw | lr 0.001000
Epoch 20/60 | train_loss 1.0157 | union_precision 0.9333 | weighted_recall 0.4447 | union_precision 0.9333 | threshold 0.050 | val_model raw | lr 0.001000
Epoch 21/60 | train_loss 1.0101 | union_precision 0.9130 | weighted_recall 0.4428 | union_precision 0.9130 | threshold 0.050 | val_model raw | lr 0.001000
Epoch 22/60 | train_loss 0.9960 | union_precision 0.9111 | weighted_recall 0.4411 | union_precision 0.9111 | threshold 0.050 | val_model raw | lr 0.001000
Epoch 23/60 | train_loss 0.9916 | union_precision 0.9070 | weighted_recall 0.4408 | union_precision 0.9070 | threshold 0.050 | val_model raw | lr 0.001000
Early stopping at epoch 23
Held-out M30-3 | union_precision=0.9333 | weighted_recall=0.4670 | consensus_recall=1.0000
Epoch 1/60 | train_loss 1.5281 | union_precision 0.8814 | weighted_recall 0.4853 | union_precision 0.8814 | threshold 0.050 | val_model raw | lr 0.001000
Epoch 2/60 | train_loss 1.4099 | union_precision 0.8596 | weighted_recall 0.4324 | union_precision 0.8596 | threshold 0.450 | val_model raw | lr 0.001000
Epoch 3/60 | train_loss 1.3460 | union_precision 0.8571 | weighted_recall 0.2290 | union_precision 0.8571 | threshold 0.500 | val_model raw | lr 0.001000
Epoch 4/60 | train_loss 1.2911 | union_precision 0.9000 | weighted_recall 0.1256 | union_precision 0.9000 | threshold 0.600 | val_model raw | lr 0.001000
Epoch 5/60 | train_loss 1.2603 | union_precision 0.8667 | weighted_recall 0.1461 | union_precision 0.8667 | threshold 0.575 | val_model raw | lr 0.001000
Epoch 6/60 | train_loss 1.2246 | union_precision 0.8824 | weighted_recall 0.1505 | union_precision 0.8824 | threshold 0.575 | val_model raw | lr 0.001000
Epoch 7/60 | train_loss 1.2071 | union_precision 0.8696 | weighted_recall 0.1801 | union_precision 0.8696 | threshold 0.550 | val_model raw | lr 0.001000
Epoch 8/60 | train_loss 1.1791 | union_precision 0.8667 | weighted_recall 0.1403 | union_precision 0.8667 | threshold 0.600 | val_model raw | lr 0.001000
Epoch 9/60 | train_loss 1.1660 | union_precision 0.9091 | weighted_recall 0.1585 | union_precision 0.9091 | threshold 0.650 | val_model raw | lr 0.001000
Epoch 10/60 | train_loss 1.1548 | union_precision 0.8667 | weighted_recall 0.1825 | union_precision 0.8667 | threshold 0.625 | val_model raw | lr 0.001000
Epoch 11/60 | train_loss 1.1334 | union_precision 0.9000 | weighted_recall 0.1729 | union_precision 0.9000 | threshold 0.675 | val_model raw | lr 0.001000
Early stopping at epoch 11
Held-out M30-4 | union_precision=0.8814 | weighted_recall=0.4853 | consensus_recall=1.0000
Epoch 1/60 | train_loss 1.5229 | union_precision 0.8947 | weighted_recall 0.3590 | union_precision 0.8947 | threshold 0.050 | val_model raw | lr 0.001000
Epoch 2/60 | train_loss 1.4041 | union_precision 0.9000 | weighted_recall 0.3814 | union_precision 0.9000 | threshold 0.050 | val_model raw | lr 0.001000
Epoch 3/60 | train_loss 1.3396 | union_precision 0.8667 | weighted_recall 0.3148 | union_precision 0.8667 | threshold 0.525 | val_model raw | lr 0.001000
Epoch 4/60 | train_loss 1.2884 | union_precision 0.8667 | weighted_recall 0.3148 | union_precision 0.8667 | threshold 0.550 | val_model raw | lr 0.001000
Epoch 5/60 | train_loss 1.2566 | union_precision 0.8667 | weighted_recall 0.3148 | union_precision 0.8667 | threshold 0.550 | val_model raw | lr 0.001000
Epoch 6/60 | train_loss 1.2220 | union_precision 0.8667 | weighted_recall 0.3148 | union_precision 0.8667 | threshold 0.550 | val_model raw | lr 0.001000
Epoch 7/60 | train_loss 1.2027 | union_precision 0.9412 | weighted_recall 0.3820 | union_precision 0.9412 | threshold 0.475 | val_model raw | lr 0.001000
Epoch 8/60 | train_loss 1.1754 | union_precision 0.9444 | weighted_recall 0.3836 | union_precision 0.9444 | threshold 0.475 | val_model raw | lr 0.001000
Epoch 9/60 | train_loss 1.1641 | union_precision 0.9444 | weighted_recall 0.3836 | union_precision 0.9444 | threshold 0.475 | val_model raw | lr 0.001000
Epoch 10/60 | train_loss 1.1527 | union_precision 0.8947 | weighted_recall 0.3836 | union_precision 0.8947 | threshold 0.475 | val_model raw | lr 0.001000
Epoch 11/60 | train_loss 1.1317 | union_precision 0.9444 | weighted_recall 0.3836 | union_precision 0.9444 | threshold 0.500 | val_model raw | lr 0.001000
Epoch 12/60 | train_loss 1.1131 | union_precision 0.9444 | weighted_recall 0.3836 | union_precision 0.9444 | threshold 0.500 | val_model raw | lr 0.001000
Epoch 13/60 | train_loss 1.1028 | union_precision 0.9444 | weighted_recall 0.3836 | union_precision 0.9444 | threshold 0.500 | val_model raw | lr 0.001000
Epoch 14/60 | train_loss 1.0884 | union_precision 0.9444 | weighted_recall 0.3836 | union_precision 0.9444 | threshold 0.500 | val_model raw | lr 0.001000
Epoch 15/60 | train_loss 1.0744 | union_precision 0.9444 | weighted_recall 0.3836 | union_precision 0.9444 | threshold 0.475 | val_model raw | lr 0.001000
Epoch 16/60 | train_loss 1.0673 | union_precision 0.9444 | weighted_recall 0.3836 | union_precision 0.9444 | threshold 0.475 | val_model raw | lr 0.001000
Epoch 17/60 | train_loss 1.0469 | union_precision 0.9444 | weighted_recall 0.3836 | union_precision 0.9444 | threshold 0.475 | val_model raw | lr 0.001000
Epoch 18/60 | train_loss 1.0459 | union_precision 0.9444 | weighted_recall 0.3836 | union_precision 0.9444 | threshold 0.450 | val_model raw | lr 0.001000
Early stopping at epoch 18
Held-out M33-1 | union_precision=0.9444 | weighted_recall=0.3836 | consensus_recall=1.0000
Epoch 1/60 | train_loss 1.5261 | union_precision 0.8750 | weighted_recall 0.2011 | union_precision 0.8750 | threshold 0.525 | val_model raw | lr 0.001000
Epoch 2/60 | train_loss 1.4062 | union_precision 0.9375 | weighted_recall 0.1306 | union_precision 0.9375 | threshold 0.550 | val_model raw | lr 0.001000
Epoch 3/60 | train_loss 1.3429 | union_precision 1.0000 | weighted_recall 0.0477 | union_precision 1.0000 | threshold 0.575 | val_model raw | lr 0.001000
Epoch 4/60 | train_loss 1.2897 | union_precision 1.0000 | weighted_recall 0.1396 | union_precision 1.0000 | threshold 0.575 | val_model raw | lr 0.001000
Epoch 5/60 | train_loss 1.2591 | union_precision 1.0000 | weighted_recall 0.0648 | union_precision 1.0000 | threshold 0.600 | val_model raw | lr 0.001000
Epoch 6/60 | train_loss 1.2236 | union_precision 1.0000 | weighted_recall 0.0721 | union_precision 1.0000 | threshold 0.600 | val_model raw | lr 0.001000
Epoch 7/60 | train_loss 1.2028 | union_precision 1.0000 | weighted_recall 0.0904 | union_precision 1.0000 | threshold 0.600 | val_model raw | lr 0.001000
Epoch 8/60 | train_loss 1.1780 | union_precision 0.9412 | weighted_recall 0.1413 | union_precision 0.9412 | threshold 0.600 | val_model raw | lr 0.001000
Epoch 9/60 | train_loss 1.1657 | union_precision 0.8636 | weighted_recall 0.1708 | union_precision 0.8636 | threshold 0.600 | val_model raw | lr 0.001000
Epoch 10/60 | train_loss 1.1568 | union_precision 0.8519 | weighted_recall 0.2087 | union_precision 0.8519 | threshold 0.600 | val_model raw | lr 0.001000
Epoch 11/60 | train_loss 1.1360 | union_precision 0.9167 | weighted_recall 0.1912 | union_precision 0.9167 | threshold 0.625 | val_model raw | lr 0.001000
Epoch 12/60 | train_loss 1.1187 | union_precision 0.8684 | weighted_recall 0.3067 | union_precision 0.8684 | threshold 0.575 | val_model raw | lr 0.001000
Epoch 13/60 | train_loss 1.1026 | union_precision 0.8605 | weighted_recall 0.3479 | union_precision 0.8605 | threshold 0.575 | val_model raw | lr 0.001000
Epoch 14/60 | train_loss 1.0899 | union_precision 0.9091 | weighted_recall 0.3129 | union_precision 0.9091 | threshold 0.600 | val_model raw | lr 0.001000
Epoch 15/60 | train_loss 1.0765 | union_precision 0.9091 | weighted_recall 0.3299 | union_precision 0.9091 | threshold 0.600 | val_model raw | lr 0.001000
Epoch 16/60 | train_loss 1.0728 | union_precision 0.8571 | weighted_recall 0.3637 | union_precision 0.8571 | threshold 0.575 | val_model raw | lr 0.001000
Epoch 17/60 | train_loss 1.0496 | union_precision 0.9000 | weighted_recall 0.4343 | union_precision 0.9000 | threshold 0.575 | val_model raw | lr 0.001000
Epoch 18/60 | train_loss 1.0485 | union_precision 0.8636 | weighted_recall 0.4338 | union_precision 0.8636 | threshold 0.550 | val_model raw | lr 0.001000
Epoch 19/60 | train_loss 1.0333 | union_precision 0.8837 | weighted_recall 0.4338 | union_precision 0.8837 | threshold 0.550 | val_model raw | lr 0.001000
Epoch 20/60 | train_loss 1.0164 | union_precision 0.9048 | weighted_recall 0.4445 | union_precision 0.9048 | threshold 0.550 | val_model raw | lr 0.001000
Epoch 21/60 | train_loss 1.0142 | union_precision 0.9024 | weighted_recall 0.4419 | union_precision 0.9024 | threshold 0.550 | val_model raw | lr 0.001000
Epoch 22/60 | train_loss 0.9971 | union_precision 0.8542 | weighted_recall 0.4534 | union_precision 0.8542 | threshold 0.500 | val_model raw | lr 0.001000
Epoch 23/60 | train_loss 0.9966 | union_precision 0.8627 | weighted_recall 0.4370 | union_precision 0.8627 | threshold 0.475 | val_model raw | lr 0.001000
Epoch 24/60 | train_loss 0.9848 | union_precision 0.8958 | weighted_recall 0.4366 | union_precision 0.8958 | threshold 0.475 | val_model raw | lr 0.001000
Epoch 25/60 | train_loss 0.9782 | union_precision 0.8936 | weighted_recall 0.4345 | union_precision 0.8936 | threshold 0.475 | val_model raw | lr 0.001000
Epoch 26/60 | train_loss 0.9711 | union_precision 0.8600 | weighted_recall 0.4366 | union_precision 0.8600 | threshold 0.450 | val_model raw | lr 0.001000
Epoch 27/60 | train_loss 0.9645 | union_precision 0.8936 | weighted_recall 0.4345 | union_precision 0.8936 | threshold 0.475 | val_model raw | lr 0.001000
Epoch 28/60 | train_loss 0.9536 | union_precision 0.8776 | weighted_recall 0.4321 | union_precision 0.8776 | threshold 0.475 | val_model raw | lr 0.001000
Epoch 29/60 | train_loss 0.9446 | union_precision 0.8776 | weighted_recall 0.4504 | union_precision 0.8776 | threshold 0.475 | val_model raw | lr 0.001000
Epoch 30/60 | train_loss 0.9406 | union_precision 0.8600 | weighted_recall 0.4266 | union_precision 0.8600 | threshold 0.475 | val_model raw | lr 0.001000
Epoch 31/60 | train_loss 0.9293 | union_precision 0.8750 | weighted_recall 0.4261 | union_precision 0.8750 | threshold 0.475 | val_model raw | lr 0.001000
Epoch 32/60 | train_loss 0.9188 | union_precision 0.8627 | weighted_recall 0.4347 | union_precision 0.8627 | threshold 0.375 | val_model raw | lr 0.001000
Early stopping at epoch 32
Held-out M33-2 | union_precision=0.8542 | weighted_recall=0.4534 | consensus_recall=0.0000
Epoch 1/60 | train_loss 1.5225 | union_precision 0.6190 | weighted_recall 0.2566 | union_precision 0.6190 | threshold 0.500 | val_model raw | lr 0.001000
Epoch 2/60 | train_loss 1.4031 | union_precision 0.5714 | weighted_recall 0.2101 | union_precision 0.5714 | threshold 0.500 | val_model raw | lr 0.001000
Epoch 3/60 | train_loss 1.3434 | union_precision 0.5652 | weighted_recall 0.2235 | union_precision 0.5652 | threshold 0.500 | val_model raw | lr 0.001000
Epoch 4/60 | train_loss 1.2885 | union_precision 0.5789 | weighted_recall 0.2936 | union_precision 0.5789 | threshold 0.525 | val_model raw | lr 0.001000
Epoch 5/60 | train_loss 1.2569 | union_precision 0.6111 | weighted_recall 0.3266 | union_precision 0.6111 | threshold 0.525 | val_model raw | lr 0.001000
Epoch 6/60 | train_loss 1.2229 | union_precision 0.6111 | weighted_recall 0.3266 | union_precision 0.6111 | threshold 0.525 | val_model raw | lr 0.001000
Epoch 7/60 | train_loss 1.2024 | union_precision 0.6522 | weighted_recall 0.4197 | union_precision 0.6522 | threshold 0.050 | val_model raw | lr 0.001000
Epoch 8/60 | train_loss 1.1763 | union_precision 1.0000 | weighted_recall 0.0864 | union_precision 1.0000 | threshold 0.600 | val_model raw | lr 0.001000
Epoch 9/60 | train_loss 1.1649 | union_precision 1.0000 | weighted_recall 0.1549 | union_precision 1.0000 | threshold 0.625 | val_model raw | lr 0.001000
Epoch 10/60 | train_loss 1.1545 | union_precision 1.0000 | weighted_recall 0.3181 | union_precision 1.0000 | threshold 0.600 | val_model raw | lr 0.001000
Epoch 11/60 | train_loss 1.1336 | union_precision 0.9286 | weighted_recall 0.4751 | union_precision 0.9286 | threshold 0.575 | val_model raw | lr 0.001000
Epoch 12/60 | train_loss 1.1159 | union_precision 1.0000 | weighted_recall 0.5842 | union_precision 1.0000 | threshold 0.575 | val_model raw | lr 0.001000
Epoch 13/60 | train_loss 1.1015 | union_precision 1.0000 | weighted_recall 0.5842 | union_precision 1.0000 | threshold 0.575 | val_model raw | lr 0.001000
Epoch 14/60 | train_loss 1.0892 | union_precision 1.0000 | weighted_recall 0.5791 | union_precision 1.0000 | threshold 0.575 | val_model raw | lr 0.001000
Epoch 15/60 | train_loss 1.0758 | union_precision 1.0000 | weighted_recall 0.5791 | union_precision 1.0000 | threshold 0.575 | val_model raw | lr 0.001000
Epoch 16/60 | train_loss 1.0696 | union_precision 0.8889 | weighted_recall 0.5815 | union_precision 0.8889 | threshold 0.525 | val_model raw | lr 0.001000
Epoch 17/60 | train_loss 1.0479 | union_precision 0.9412 | weighted_recall 0.5815 | union_precision 0.9412 | threshold 0.525 | val_model raw | lr 0.001000
Epoch 18/60 | train_loss 1.0489 | union_precision 1.0000 | weighted_recall 0.5515 | union_precision 1.0000 | threshold 0.550 | val_model raw | lr 0.001000
Epoch 19/60 | train_loss 1.0330 | union_precision 1.0000 | weighted_recall 0.5323 | union_precision 1.0000 | threshold 0.550 | val_model raw | lr 0.001000
Epoch 20/60 | train_loss 1.0174 | union_precision 0.8889 | weighted_recall 0.5347 | union_precision 0.8889 | threshold 0.500 | val_model raw | lr 0.001000
Epoch 21/60 | train_loss 1.0163 | union_precision 1.0000 | weighted_recall 0.5323 | union_precision 1.0000 | threshold 0.525 | val_model raw | lr 0.001000
Epoch 22/60 | train_loss 0.9978 | union_precision 1.0000 | weighted_recall 0.5323 | union_precision 1.0000 | threshold 0.525 | val_model raw | lr 0.001000
Early stopping at epoch 22
Held-out M33-3 | union_precision=1.0000 | weighted_recall=0.5842 | consensus_recall=0.0000
Epoch 1/60 | train_loss 1.5127 | union_precision 1.0000 | weighted_recall 0.0184 | union_precision 1.0000 | threshold 0.550 | val_model raw | lr 0.001000
Epoch 2/60 | train_loss 1.4095 | union_precision 0.9032 | weighted_recall 0.2858 | union_precision 0.9032 | threshold 0.500 | val_model raw | lr 0.001000
Epoch 3/60 | train_loss 1.3329 | union_precision 0.8737 | weighted_recall 0.3845 | union_precision 0.8737 | threshold 0.050 | val_model raw | lr 0.001000
Epoch 4/60 | train_loss 1.2828 | union_precision 0.8632 | weighted_recall 0.3557 | union_precision 0.8632 | threshold 0.050 | val_model raw | lr 0.001000
Epoch 5/60 | train_loss 1.2547 | union_precision 0.8617 | weighted_recall 0.3553 | union_precision 0.8617 | threshold 0.050 | val_model raw | lr 0.001000
Epoch 6/60 | train_loss 1.2242 | union_precision 0.8511 | weighted_recall 0.3616 | union_precision 0.8511 | threshold 0.050 | val_model raw | lr 0.001000
Epoch 7/60 | train_loss 1.2020 | union_precision 0.8925 | weighted_recall 0.4149 | union_precision 0.8925 | threshold 0.050 | val_model raw | lr 0.001000
Epoch 8/60 | train_loss 1.1871 | union_precision 0.9412 | weighted_recall 0.3538 | union_precision 0.9412 | threshold 0.050 | val_model raw | lr 0.001000
Epoch 9/60 | train_loss 1.1568 | union_precision 0.9405 | weighted_recall 0.3237 | union_precision 0.9405 | threshold 0.050 | val_model raw | lr 0.001000
Epoch 10/60 | train_loss 1.1364 | union_precision 0.9024 | weighted_recall 0.3343 | union_precision 0.9024 | threshold 0.050 | val_model raw | lr 0.001000
Epoch 11/60 | train_loss 1.1267 | union_precision 0.9146 | weighted_recall 0.3354 | union_precision 0.9146 | threshold 0.050 | val_model raw | lr 0.001000
Epoch 12/60 | train_loss 1.1036 | union_precision 0.9146 | weighted_recall 0.3347 | union_precision 0.9146 | threshold 0.050 | val_model raw | lr 0.001000
Epoch 13/60 | train_loss 1.0969 | union_precision 0.9036 | weighted_recall 0.3169 | union_precision 0.9036 | threshold 0.050 | val_model raw | lr 0.001000
Epoch 14/60 | train_loss 1.0774 | union_precision 0.9036 | weighted_recall 0.3100 | union_precision 0.9036 | threshold 0.050 | val_model raw | lr 0.001000
Epoch 15/60 | train_loss 1.0727 | union_precision 0.9024 | weighted_recall 0.3135 | union_precision 0.9024 | threshold 0.050 | val_model raw | lr 0.001000
Epoch 16/60 | train_loss 1.0500 | union_precision 0.9136 | weighted_recall 0.3085 | union_precision 0.9136 | threshold 0.050 | val_model raw | lr 0.001000
Epoch 17/60 | train_loss 1.0408 | union_precision 0.9125 | weighted_recall 0.3153 | union_precision 0.9125 | threshold 0.050 | val_model raw | lr 0.001000
Early stopping at epoch 17
Held-out M33-4 | union_precision=0.8925 | weighted_recall=0.4149 | consensus_recall=1.0000
Epoch 1/60 | train_loss 1.5304 | union_precision 0.7000 | weighted_recall 0.1308 | union_precision 0.7000 | threshold 0.475 | val_model raw | lr 0.001000
Epoch 2/60 | train_loss 1.4054 | union_precision 0.6739 | weighted_recall 0.1553 | union_precision 0.6739 | threshold 0.475 | val_model raw | lr 0.001000
Epoch 3/60 | train_loss 1.3403 | union_precision 0.6316 | weighted_recall 0.2125 | union_precision 0.6316 | threshold 0.050 | val_model raw | lr 0.001000
Epoch 4/60 | train_loss 1.2838 | union_precision 0.6667 | weighted_recall 0.2599 | union_precision 0.6667 | threshold 0.050 | val_model raw | lr 0.001000
Epoch 5/60 | train_loss 1.2554 | union_precision 0.7069 | weighted_recall 0.2808 | union_precision 0.7069 | threshold 0.050 | val_model raw | lr 0.001000
Epoch 6/60 | train_loss 1.2169 | union_precision 0.6600 | weighted_recall 0.2390 | union_precision 0.6600 | threshold 0.475 | val_model raw | lr 0.001000
Epoch 7/60 | train_loss 1.1926 | union_precision 0.6667 | weighted_recall 0.2196 | union_precision 0.6667 | threshold 0.050 | val_model raw | lr 0.001000
Epoch 8/60 | train_loss 1.1711 | union_precision 0.6735 | weighted_recall 0.1901 | union_precision 0.6735 | threshold 0.475 | val_model raw | lr 0.001000
Epoch 9/60 | train_loss 1.1588 | union_precision 0.7255 | weighted_recall 0.2206 | union_precision 0.7255 | threshold 0.450 | val_model raw | lr 0.001000
Epoch 10/60 | train_loss 1.1494 | union_precision 0.7500 | weighted_recall 0.0212 | union_precision 0.7500 | threshold 0.650 | val_model raw | lr 0.001000
Epoch 11/60 | train_loss 1.1261 | union_precision 0.7500 | weighted_recall 0.0212 | union_precision 0.7500 | threshold 0.650 | val_model raw | lr 0.001000
Epoch 12/60 | train_loss 1.1089 | union_precision 0.8333 | weighted_recall 0.0476 | union_precision 0.8333 | threshold 0.650 | val_model raw | lr 0.001000
Epoch 13/60 | train_loss 1.0965 | union_precision 0.8333 | weighted_recall 0.0476 | union_precision 0.8333 | threshold 0.650 | val_model raw | lr 0.001000
Epoch 14/60 | train_loss 1.0844 | union_precision 0.8750 | weighted_recall 0.0608 | union_precision 0.8750 | threshold 0.650 | val_model raw | lr 0.001000
Epoch 15/60 | train_loss 1.0703 | union_precision 0.8889 | weighted_recall 0.0630 | union_precision 0.8889 | threshold 0.650 | val_model raw | lr 0.001000
Epoch 16/60 | train_loss 1.0634 | union_precision 0.8750 | weighted_recall 0.0608 | union_precision 0.8750 | threshold 0.675 | val_model raw | lr 0.001000
Epoch 17/60 | train_loss 1.0437 | union_precision 0.9000 | weighted_recall 0.0681 | union_precision 0.9000 | threshold 0.675 | val_model raw | lr 0.001000
Epoch 18/60 | train_loss 1.0396 | union_precision 0.8571 | weighted_recall 0.0953 | union_precision 0.8571 | threshold 0.650 | val_model raw | lr 0.001000
Epoch 19/60 | train_loss 1.0250 | union_precision 1.0000 | weighted_recall 0.0542 | union_precision 1.0000 | threshold 0.725 | val_model raw | lr 0.001000
Epoch 20/60 | train_loss 1.0103 | union_precision 0.8889 | weighted_recall 0.0677 | union_precision 0.8889 | threshold 0.725 | val_model raw | lr 0.001000
Epoch 21/60 | train_loss 1.0075 | union_precision 0.9000 | weighted_recall 0.0735 | union_precision 0.9000 | threshold 0.725 | val_model raw | lr 0.001000
Epoch 22/60 | train_loss 0.9930 | union_precision 1.0000 | weighted_recall 0.0396 | union_precision 1.0000 | threshold 0.775 | val_model raw | lr 0.001000
Epoch 23/60 | train_loss 0.9931 | union_precision 1.0000 | weighted_recall 0.0314 | union_precision 1.0000 | threshold 0.800 | val_model raw | lr 0.001000
Epoch 24/60 | train_loss 0.9760 | union_precision 0.8519 | weighted_recall 0.1690 | union_precision 0.8519 | threshold 0.650 | val_model raw | lr 0.001000
Epoch 25/60 | train_loss 0.9725 | union_precision 0.8519 | weighted_recall 0.1688 | union_precision 0.8519 | threshold 0.650 | val_model raw | lr 0.001000
Epoch 26/60 | train_loss 0.9684 | union_precision 0.8571 | weighted_recall 0.1806 | union_precision 0.8571 | threshold 0.650 | val_model raw | lr 0.001000
Epoch 27/60 | train_loss 0.9600 | union_precision 0.8571 | weighted_recall 0.2402 | union_precision 0.8571 | threshold 0.600 | val_model raw | lr 0.001000
Epoch 28/60 | train_loss 0.9500 | union_precision 0.8571 | weighted_recall 0.2402 | union_precision 0.8571 | threshold 0.600 | val_model raw | lr 0.001000
Epoch 29/60 | train_loss 0.9428 | union_precision 0.8571 | weighted_recall 0.2402 | union_precision 0.8571 | threshold 0.575 | val_model raw | lr 0.001000
Epoch 30/60 | train_loss 0.9373 | union_precision 0.8571 | weighted_recall 0.2402 | union_precision 0.8571 | threshold 0.575 | val_model raw | lr 0.001000
Epoch 31/60 | train_loss 0.9234 | union_precision 0.8649 | weighted_recall 0.2539 | union_precision 0.8649 | threshold 0.550 | val_model raw | lr 0.001000
Epoch 32/60 | train_loss 0.9142 | union_precision 0.8649 | weighted_recall 0.2544 | union_precision 0.8649 | threshold 0.550 | val_model raw | lr 0.001000
Epoch 33/60 | train_loss 0.9073 | union_precision 0.8649 | weighted_recall 0.2793 | union_precision 0.8649 | threshold 0.550 | val_model raw | lr 0.001000
Epoch 34/60 | train_loss 0.9065 | union_precision 0.8500 | weighted_recall 0.2860 | union_precision 0.8500 | threshold 0.475 | val_model raw | lr 0.001000
Epoch 35/60 | train_loss 0.8907 | union_precision 0.8537 | weighted_recall 0.2917 | union_precision 0.8537 | threshold 0.450 | val_model raw | lr 0.001000
Epoch 36/60 | train_loss 0.8880 | union_precision 0.8605 | weighted_recall 0.2946 | union_precision 0.8605 | threshold 0.425 | val_model raw | lr 0.001000
Epoch 37/60 | train_loss 0.8910 | union_precision 0.8636 | weighted_recall 0.2954 | union_precision 0.8636 | threshold 0.400 | val_model raw | lr 0.001000
Epoch 38/60 | train_loss 0.8776 | union_precision 0.8605 | weighted_recall 0.2941 | union_precision 0.8605 | threshold 0.400 | val_model raw | lr 0.001000
Epoch 39/60 | train_loss 0.8693 | union_precision 0.8605 | weighted_recall 0.2941 | union_precision 0.8605 | threshold 0.400 | val_model raw | lr 0.001000
Epoch 40/60 | train_loss 0.8615 | union_precision 0.8667 | weighted_recall 0.2977 | union_precision 0.8667 | threshold 0.375 | val_model raw | lr 0.001000
Epoch 41/60 | train_loss 0.8572 | union_precision 0.8636 | weighted_recall 0.3023 | union_precision 0.8636 | threshold 0.375 | val_model raw | lr 0.001000
Epoch 42/60 | train_loss 0.8513 | union_precision 0.8667 | weighted_recall 0.3074 | union_precision 0.8667 | threshold 0.350 | val_model raw | lr 0.001000
Epoch 43/60 | train_loss 0.8475 | union_precision 0.8667 | weighted_recall 0.3074 | union_precision 0.8667 | threshold 0.350 | val_model raw | lr 0.001000
Epoch 44/60 | train_loss 0.8390 | union_precision 0.8864 | weighted_recall 0.3029 | union_precision 0.8864 | threshold 0.425 | val_model raw | lr 0.001000
Epoch 45/60 | train_loss 0.8385 | union_precision 0.8636 | weighted_recall 0.2979 | union_precision 0.8636 | threshold 0.325 | val_model raw | lr 0.001000
Epoch 46/60 | train_loss 0.8283 | union_precision 0.8864 | weighted_recall 0.2940 | union_precision 0.8864 | threshold 0.400 | val_model raw | lr 0.001000
Epoch 47/60 | train_loss 0.8192 | union_precision 0.8696 | weighted_recall 0.3019 | union_precision 0.8696 | threshold 0.275 | val_model raw | lr 0.001000
Epoch 48/60 | train_loss 0.8151 | union_precision 0.8511 | weighted_recall 0.3194 | union_precision 0.8511 | threshold 0.225 | val_model raw | lr 0.001000
Epoch 49/60 | train_loss 0.8121 | union_precision 0.8542 | weighted_recall 0.3140 | union_precision 0.8542 | threshold 0.250 | val_model raw | lr 0.001000
Epoch 50/60 | train_loss 0.8067 | union_precision 0.8571 | weighted_recall 0.3190 | union_precision 0.8571 | threshold 0.250 | val_model raw | lr 0.001000
Epoch 51/60 | train_loss 0.8030 | union_precision 0.8750 | weighted_recall 0.3269 | union_precision 0.8750 | threshold 0.275 | val_model raw | lr 0.001000
Epoch 52/60 | train_loss 0.8033 | union_precision 0.8571 | weighted_recall 0.3262 | union_precision 0.8571 | threshold 0.250 | val_model raw | lr 0.001000
Epoch 53/60 | train_loss 0.7934 | union_precision 0.8696 | weighted_recall 0.3072 | union_precision 0.8696 | threshold 0.325 | val_model raw | lr 0.001000
Epoch 54/60 | train_loss 0.7906 | union_precision 0.8542 | weighted_recall 0.3255 | union_precision 0.8542 | threshold 0.275 | val_model raw | lr 0.001000
Epoch 55/60 | train_loss 0.7905 | union_precision 0.8542 | weighted_recall 0.3011 | union_precision 0.8542 | threshold 0.275 | val_model raw | lr 0.001000
Epoch 56/60 | train_loss 0.7770 | union_precision 0.8571 | weighted_recall 0.2940 | union_precision 0.8571 | threshold 0.275 | val_model raw | lr 0.001000
Epoch 57/60 | train_loss 0.7697 | union_precision 0.8571 | weighted_recall 0.2940 | union_precision 0.8571 | threshold 0.250 | val_model raw | lr 0.001000
Epoch 58/60 | train_loss 0.7770 | union_precision 0.8571 | weighted_recall 0.2940 | union_precision 0.8571 | threshold 0.250 | val_model raw | lr 0.001000
Epoch 59/60 | train_loss 0.7696 | union_precision 0.8511 | weighted_recall 0.2911 | union_precision 0.8511 | threshold 0.250 | val_model raw | lr 0.001000
Epoch 60/60 | train_loss 0.7635 | union_precision 0.9048 | weighted_recall 0.2839 | union_precision 0.9048 | threshold 0.500 | val_model raw | lr 0.001000
Held-out M41-1 | union_precision=0.8750 | weighted_recall=0.3269 | consensus_recall=0.0000
Epoch 1/60 | train_loss 1.5283 | union_precision 0.8636 | weighted_recall 0.3023 | union_precision 0.8636 | threshold 0.425 | val_model raw | lr 0.001000
Epoch 2/60 | train_loss 1.4062 | union_precision 0.9259 | weighted_recall 0.3674 | union_precision 0.9259 | threshold 0.050 | val_model raw | lr 0.001000
Epoch 3/60 | train_loss 1.3416 | union_precision 0.9200 | weighted_recall 0.3389 | union_precision 0.9200 | threshold 0.475 | val_model raw | lr 0.001000
Epoch 4/60 | train_loss 1.2854 | union_precision 0.9231 | weighted_recall 0.3363 | union_precision 0.9231 | threshold 0.050 | val_model raw | lr 0.001000
Epoch 5/60 | train_loss 1.2570 | union_precision 0.9231 | weighted_recall 0.3457 | union_precision 0.9231 | threshold 0.050 | val_model raw | lr 0.001000
Epoch 6/60 | train_loss 1.2189 | union_precision 0.9231 | weighted_recall 0.3571 | union_precision 0.9231 | threshold 0.050 | val_model raw | lr 0.001000
Epoch 7/60 | train_loss 1.1955 | union_precision 0.9565 | weighted_recall 0.3908 | union_precision 0.9565 | threshold 0.475 | val_model raw | lr 0.001000
Epoch 8/60 | train_loss 1.1738 | union_precision 0.9565 | weighted_recall 0.3868 | union_precision 0.9565 | threshold 0.475 | val_model raw | lr 0.001000
Epoch 9/60 | train_loss 1.1643 | union_precision 0.9565 | weighted_recall 0.3714 | union_precision 0.9565 | threshold 0.475 | val_model raw | lr 0.001000
Epoch 10/60 | train_loss 1.1537 | union_precision 0.9167 | weighted_recall 0.3714 | union_precision 0.9167 | threshold 0.050 | val_model raw | lr 0.001000
Epoch 11/60 | train_loss 1.1297 | union_precision 0.9565 | weighted_recall 0.3904 | union_precision 0.9565 | threshold 0.050 | val_model raw | lr 0.001000
Epoch 12/60 | train_loss 1.1126 | union_precision 0.9545 | weighted_recall 0.3836 | union_precision 0.9545 | threshold 0.050 | val_model raw | lr 0.001000
Epoch 13/60 | train_loss 1.0997 | union_precision 0.9545 | weighted_recall 0.3836 | union_precision 0.9545 | threshold 0.050 | val_model raw | lr 0.001000
Epoch 14/60 | train_loss 1.0869 | union_precision 0.9130 | weighted_recall 0.3836 | union_precision 0.9130 | threshold 0.050 | val_model raw | lr 0.001000
Epoch 15/60 | train_loss 1.0738 | union_precision 0.9167 | weighted_recall 0.3867 | union_precision 0.9167 | threshold 0.050 | val_model raw | lr 0.001000
Epoch 16/60 | train_loss 1.0658 | union_precision 0.9200 | weighted_recall 0.3907 | union_precision 0.9200 | threshold 0.050 | val_model raw | lr 0.001000
Epoch 17/60 | train_loss 1.0476 | union_precision 0.9259 | weighted_recall 0.4076 | union_precision 0.9259 | threshold 0.050 | val_model raw | lr 0.001000
Epoch 18/60 | train_loss 1.0421 | union_precision 0.9259 | weighted_recall 0.4076 | union_precision 0.9259 | threshold 0.050 | val_model raw | lr 0.001000
Epoch 19/60 | train_loss 1.0270 | union_precision 0.9231 | weighted_recall 0.3952 | union_precision 0.9231 | threshold 0.050 | val_model raw | lr 0.001000
Epoch 20/60 | train_loss 1.0153 | union_precision 0.9231 | weighted_recall 0.3952 | union_precision 0.9231 | threshold 0.050 | val_model raw | lr 0.001000
Epoch 21/60 | train_loss 1.0127 | union_precision 0.9231 | weighted_recall 0.3993 | union_precision 0.9231 | threshold 0.050 | val_model raw | lr 0.001000
Epoch 22/60 | train_loss 0.9951 | union_precision 0.8846 | weighted_recall 0.3896 | union_precision 0.8846 | threshold 0.050 | val_model raw | lr 0.001000
Epoch 23/60 | train_loss 0.9948 | union_precision 0.8846 | weighted_recall 0.3896 | union_precision 0.8846 | threshold 0.050 | val_model raw | lr 0.001000
Epoch 24/60 | train_loss 0.9805 | union_precision 0.8800 | weighted_recall 0.3869 | union_precision 0.8800 | threshold 0.050 | val_model raw | lr 0.001000
Epoch 25/60 | train_loss 0.9745 | union_precision 0.8800 | weighted_recall 0.3869 | union_precision 0.8800 | threshold 0.050 | val_model raw | lr 0.001000
Epoch 26/60 | train_loss 0.9708 | union_precision 0.8800 | weighted_recall 0.3828 | union_precision 0.8800 | threshold 0.050 | val_model raw | lr 0.001000
Epoch 27/60 | train_loss 0.9623 | union_precision 0.8800 | weighted_recall 0.3981 | union_precision 0.8800 | threshold 0.050 | val_model raw | lr 0.001000
Early stopping at epoch 27
Held-out M41-2 | union_precision=0.9259 | weighted_recall=0.4076 | consensus_recall=0.0000
Epoch 1/60 | train_loss 1.5300 | union_precision 0.9000 | weighted_recall 0.1556 | union_precision 0.9000 | threshold 0.550 | val_model raw | lr 0.001000
Epoch 2/60 | train_loss 1.4071 | union_precision 1.0000 | weighted_recall 0.1510 | union_precision 1.0000 | threshold 0.550 | val_model raw | lr 0.001000
Epoch 3/60 | train_loss 1.3419 | union_precision 0.8710 | weighted_recall 0.3875 | union_precision 0.8710 | threshold 0.050 | val_model raw | lr 0.001000
Epoch 4/60 | train_loss 1.2865 | union_precision 0.9286 | weighted_recall 0.2555 | union_precision 0.9286 | threshold 0.525 | val_model raw | lr 0.001000
Epoch 5/60 | train_loss 1.2582 | union_precision 0.8696 | weighted_recall 0.3432 | union_precision 0.8696 | threshold 0.475 | val_model raw | lr 0.001000
Epoch 6/60 | train_loss 1.2196 | union_precision 0.9200 | weighted_recall 0.3413 | union_precision 0.9200 | threshold 0.475 | val_model raw | lr 0.001000
Epoch 7/60 | train_loss 1.1957 | union_precision 0.9565 | weighted_recall 0.3333 | union_precision 0.9565 | threshold 0.475 | val_model raw | lr 0.001000
Epoch 8/60 | train_loss 1.1753 | union_precision 0.8929 | weighted_recall 0.3721 | union_precision 0.8929 | threshold 0.050 | val_model raw | lr 0.001000
Epoch 9/60 | train_loss 1.1661 | union_precision 0.8929 | weighted_recall 0.3582 | union_precision 0.8929 | threshold 0.050 | val_model raw | lr 0.001000
Epoch 10/60 | train_loss 1.1534 | union_precision 0.8929 | weighted_recall 0.3582 | union_precision 0.8929 | threshold 0.050 | val_model raw | lr 0.001000
Epoch 11/60 | train_loss 1.1291 | union_precision 0.9259 | weighted_recall 0.3582 | union_precision 0.9259 | threshold 0.050 | val_model raw | lr 0.001000
Epoch 12/60 | train_loss 1.1131 | union_precision 0.9286 | weighted_recall 0.3802 | union_precision 0.9286 | threshold 0.050 | val_model raw | lr 0.001000
Epoch 13/60 | train_loss 1.1007 | union_precision 0.8621 | weighted_recall 0.3921 | union_precision 0.8621 | threshold 0.425 | val_model raw | lr 0.001000
Epoch 14/60 | train_loss 1.0880 | union_precision 0.8621 | weighted_recall 0.3786 | union_precision 0.8621 | threshold 0.425 | val_model raw | lr 0.001000
Epoch 15/60 | train_loss 1.0746 | union_precision 0.9062 | weighted_recall 0.4174 | union_precision 0.9062 | threshold 0.050 | val_model raw | lr 0.001000
Epoch 16/60 | train_loss 1.0659 | union_precision 0.9091 | weighted_recall 0.4186 | union_precision 0.9091 | threshold 0.050 | val_model raw | lr 0.001000
Epoch 17/60 | train_loss 1.0447 | union_precision 0.9394 | weighted_recall 0.4315 | union_precision 0.9394 | threshold 0.050 | val_model raw | lr 0.001000
Epoch 18/60 | train_loss 1.0399 | union_precision 0.9375 | weighted_recall 0.4295 | union_precision 0.9375 | threshold 0.050 | val_model raw | lr 0.001000
Epoch 19/60 | train_loss 1.0257 | union_precision 0.9375 | weighted_recall 0.4295 | union_precision 0.9375 | threshold 0.050 | val_model raw | lr 0.001000
Epoch 20/60 | train_loss 1.0149 | union_precision 0.9375 | weighted_recall 0.4186 | union_precision 0.9375 | threshold 0.050 | val_model raw | lr 0.001000
Epoch 21/60 | train_loss 1.0136 | union_precision 0.9375 | weighted_recall 0.4186 | union_precision 0.9375 | threshold 0.050 | val_model raw | lr 0.001000
Epoch 22/60 | train_loss 0.9954 | union_precision 0.9375 | weighted_recall 0.4186 | union_precision 0.9375 | threshold 0.050 | val_model raw | lr 0.001000
Epoch 23/60 | train_loss 0.9938 | union_precision 0.9355 | weighted_recall 0.3971 | union_precision 0.9355 | threshold 0.050 | val_model raw | lr 0.001000
Epoch 24/60 | train_loss 0.9787 | union_precision 0.9062 | weighted_recall 0.3971 | union_precision 0.9062 | threshold 0.050 | val_model raw | lr 0.001000
Epoch 25/60 | train_loss 0.9764 | union_precision 0.9091 | weighted_recall 0.4242 | union_precision 0.9091 | threshold 0.050 | val_model raw | lr 0.001000
Epoch 26/60 | train_loss 0.9713 | union_precision 0.8824 | weighted_recall 0.4387 | union_precision 0.8824 | threshold 0.050 | val_model raw | lr 0.001000
Epoch 27/60 | train_loss 0.9628 | union_precision 0.9118 | weighted_recall 0.4652 | union_precision 0.9118 | threshold 0.050 | val_model raw | lr 0.001000
Epoch 28/60 | train_loss 0.9554 | union_precision 0.9394 | weighted_recall 0.4646 | union_precision 0.9394 | threshold 0.050 | val_model raw | lr 0.001000
Epoch 29/60 | train_loss 0.9443 | union_precision 0.9375 | weighted_recall 0.4686 | union_precision 0.9375 | threshold 0.050 | val_model raw | lr 0.001000
Epoch 30/60 | train_loss 0.9381 | union_precision 0.9375 | weighted_recall 0.4686 | union_precision 0.9375 | threshold 0.050 | val_model raw | lr 0.001000
Epoch 31/60 | train_loss 0.9254 | union_precision 0.8788 | weighted_recall 0.4013 | union_precision 0.8788 | threshold 0.050 | val_model raw | lr 0.001000
Epoch 32/60 | train_loss 0.9177 | union_precision 0.8788 | weighted_recall 0.4013 | union_precision 0.8788 | threshold 0.050 | val_model raw | lr 0.001000
Epoch 33/60 | train_loss 0.9094 | union_precision 0.9091 | weighted_recall 0.4427 | union_precision 0.9091 | threshold 0.050 | val_model raw | lr 0.001000
Epoch 34/60 | train_loss 0.9106 | union_precision 0.9091 | weighted_recall 0.4384 | union_precision 0.9091 | threshold 0.050 | val_model raw | lr 0.001000
Epoch 35/60 | train_loss 0.8937 | union_precision 0.9355 | weighted_recall 0.4272 | union_precision 0.9355 | threshold 0.050 | val_model raw | lr 0.001000
Epoch 36/60 | train_loss 0.8909 | union_precision 0.9062 | weighted_recall 0.4101 | union_precision 0.9062 | threshold 0.050 | val_model raw | lr 0.001000
Epoch 37/60 | train_loss 0.8959 | union_precision 0.9062 | weighted_recall 0.4101 | union_precision 0.9062 | threshold 0.050 | val_model raw | lr 0.001000
Epoch 38/60 | train_loss 0.8817 | union_precision 0.9310 | weighted_recall 0.3780 | union_precision 0.9310 | threshold 0.200 | val_model raw | lr 0.001000
Epoch 39/60 | train_loss 0.8688 | union_precision 0.9286 | weighted_recall 0.4066 | union_precision 0.9286 | threshold 0.050 | val_model raw | lr 0.001000
Early stopping at epoch 39
Held-out M41-3 | union_precision=0.9375 | weighted_recall=0.4686 | consensus_recall=0.0000
Epoch 1/60 | train_loss 1.5308 | union_precision 0.8750 | weighted_recall 0.3294 | union_precision 0.8750 | threshold 0.525 | val_model raw | lr 0.001000
Epoch 2/60 | train_loss 1.4080 | union_precision 0.8571 | weighted_recall 0.3352 | union_precision 0.8571 | threshold 0.525 | val_model raw | lr 0.001000
Epoch 3/60 | train_loss 1.3415 | union_precision 1.0000 | weighted_recall 0.0426 | union_precision 1.0000 | threshold 0.625 | val_model raw | lr 0.001000
Epoch 4/60 | train_loss 1.2875 | union_precision 0.8889 | weighted_recall 0.1945 | union_precision 0.8889 | threshold 0.600 | val_model raw | lr 0.001000
Epoch 5/60 | train_loss 1.2585 | union_precision 0.8750 | weighted_recall 0.3204 | union_precision 0.8750 | threshold 0.575 | val_model raw | lr 0.001000
Epoch 6/60 | train_loss 1.2221 | union_precision 0.8571 | weighted_recall 0.3459 | union_precision 0.8571 | threshold 0.525 | val_model raw | lr 0.001000
Epoch 7/60 | train_loss 1.1962 | union_precision 0.8519 | weighted_recall 0.3395 | union_precision 0.8519 | threshold 0.525 | val_model raw | lr 0.001000
Epoch 8/60 | train_loss 1.1763 | union_precision 0.8519 | weighted_recall 0.3395 | union_precision 0.8519 | threshold 0.525 | val_model raw | lr 0.001000
Epoch 9/60 | train_loss 1.1661 | union_precision 0.8696 | weighted_recall 0.3165 | union_precision 0.8696 | threshold 0.600 | val_model raw | lr 0.001000
Epoch 10/60 | train_loss 1.1551 | union_precision 1.0000 | weighted_recall 0.0524 | union_precision 1.0000 | threshold 0.725 | val_model raw | lr 0.001000
Epoch 11/60 | train_loss 1.1306 | union_precision 1.0000 | weighted_recall 0.0524 | union_precision 1.0000 | threshold 0.750 | val_model raw | lr 0.001000
Epoch 12/60 | train_loss 1.1153 | union_precision 0.8571 | weighted_recall 0.1393 | union_precision 0.8571 | threshold 0.725 | val_model raw | lr 0.001000
Epoch 13/60 | train_loss 1.1016 | union_precision 0.8571 | weighted_recall 0.1393 | union_precision 0.8571 | threshold 0.725 | val_model raw | lr 0.001000
Epoch 14/60 | train_loss 1.0900 | union_precision 0.8571 | weighted_recall 0.4131 | union_precision 0.8571 | threshold 0.525 | val_model raw | lr 0.001000
Epoch 15/60 | train_loss 1.0768 | union_precision 0.8571 | weighted_recall 0.4131 | union_precision 0.8571 | threshold 0.500 | val_model raw | lr 0.001000
Epoch 16/60 | train_loss 1.0661 | union_precision 0.8611 | weighted_recall 0.4525 | union_precision 0.8611 | threshold 0.050 | val_model raw | lr 0.001000
Epoch 17/60 | train_loss 1.0466 | union_precision 0.8919 | weighted_recall 0.4940 | union_precision 0.8919 | threshold 0.050 | val_model raw | lr 0.001000
Epoch 18/60 | train_loss 1.0416 | union_precision 0.8919 | weighted_recall 0.4940 | union_precision 0.8919 | threshold 0.050 | val_model raw | lr 0.001000
Epoch 19/60 | train_loss 1.0274 | union_precision 0.8919 | weighted_recall 0.4940 | union_precision 0.8919 | threshold 0.050 | val_model raw | lr 0.001000
Epoch 20/60 | train_loss 1.0183 | union_precision 0.8919 | weighted_recall 0.4940 | union_precision 0.8919 | threshold 0.050 | val_model raw | lr 0.001000
Epoch 21/60 | train_loss 1.0171 | union_precision 0.8919 | weighted_recall 0.4940 | union_precision 0.8919 | threshold 0.050 | val_model raw | lr 0.001000
Epoch 22/60 | train_loss 0.9973 | union_precision 0.8919 | weighted_recall 0.4940 | union_precision 0.8919 | threshold 0.050 | val_model raw | lr 0.001000
Epoch 23/60 | train_loss 0.9959 | union_precision 0.8947 | weighted_recall 0.5377 | union_precision 0.8947 | threshold 0.050 | val_model raw | lr 0.001000
Epoch 24/60 | train_loss 0.9819 | union_precision 0.8947 | weighted_recall 0.5377 | union_precision 0.8947 | threshold 0.050 | val_model raw | lr 0.001000
Epoch 25/60 | train_loss 0.9791 | union_precision 0.8649 | weighted_recall 0.4961 | union_precision 0.8649 | threshold 0.050 | val_model raw | lr 0.001000
Epoch 26/60 | train_loss 0.9718 | union_precision 0.8649 | weighted_recall 0.4961 | union_precision 0.8649 | threshold 0.050 | val_model raw | lr 0.001000
Epoch 27/60 | train_loss 0.9637 | union_precision 0.8649 | weighted_recall 0.4961 | union_precision 0.8649 | threshold 0.050 | val_model raw | lr 0.001000
Epoch 28/60 | train_loss 0.9571 | union_precision 0.8649 | weighted_recall 0.4961 | union_precision 0.8649 | threshold 0.050 | val_model raw | lr 0.001000
Epoch 29/60 | train_loss 0.9457 | union_precision 0.8649 | weighted_recall 0.4961 | union_precision 0.8649 | threshold 0.050 | val_model raw | lr 0.001000
Epoch 30/60 | train_loss 0.9400 | union_precision 0.8684 | weighted_recall 0.5549 | union_precision 0.8684 | threshold 0.050 | val_model raw | lr 0.001000
Epoch 31/60 | train_loss 0.9281 | union_precision 0.8684 | weighted_recall 0.5549 | union_precision 0.8684 | threshold 0.050 | val_model raw | lr 0.001000
Epoch 32/60 | train_loss 0.9203 | union_precision 0.8684 | weighted_recall 0.5549 | union_precision 0.8684 | threshold 0.050 | val_model raw | lr 0.001000
Epoch 33/60 | train_loss 0.9119 | union_precision 0.8684 | weighted_recall 0.5549 | union_precision 0.8684 | threshold 0.050 | val_model raw | lr 0.001000
Epoch 34/60 | train_loss 0.9130 | union_precision 0.8684 | weighted_recall 0.5549 | union_precision 0.8684 | threshold 0.050 | val_model raw | lr 0.001000
Epoch 35/60 | train_loss 0.8956 | union_precision 0.9143 | weighted_recall 0.5485 | union_precision 0.9143 | threshold 0.350 | val_model raw | lr 0.001000
Epoch 36/60 | train_loss 0.8946 | union_precision 0.8684 | weighted_recall 0.5549 | union_precision 0.8684 | threshold 0.050 | val_model raw | lr 0.001000
Epoch 37/60 | train_loss 0.9000 | union_precision 0.8684 | weighted_recall 0.5549 | union_precision 0.8684 | threshold 0.050 | val_model raw | lr 0.001000
Epoch 38/60 | train_loss 0.8853 | union_precision 0.8919 | weighted_recall 0.5549 | union_precision 0.8919 | threshold 0.300 | val_model raw | lr 0.001000
Epoch 39/60 | train_loss 0.8738 | union_precision 0.8919 | weighted_recall 0.5549 | union_precision 0.8919 | threshold 0.300 | val_model raw | lr 0.001000
Epoch 40/60 | train_loss 0.8697 | union_precision 0.8889 | weighted_recall 0.4961 | union_precision 0.8889 | threshold 0.300 | val_model raw | lr 0.001000
Epoch 41/60 | train_loss 0.8676 | union_precision 0.8919 | weighted_recall 0.5549 | union_precision 0.8919 | threshold 0.300 | val_model raw | lr 0.001000
Epoch 42/60 | train_loss 0.8585 | union_precision 0.8919 | weighted_recall 0.5549 | union_precision 0.8919 | threshold 0.300 | val_model raw | lr 0.001000
Epoch 43/60 | train_loss 0.8520 | union_precision 0.8919 | weighted_recall 0.5549 | union_precision 0.8919 | threshold 0.300 | val_model raw | lr 0.001000
Epoch 44/60 | train_loss 0.8427 | union_precision 0.8571 | weighted_recall 0.4534 | union_precision 0.8571 | threshold 0.275 | val_model raw | lr 0.001000
Epoch 45/60 | train_loss 0.8445 | union_precision 0.8571 | weighted_recall 0.4496 | union_precision 0.8571 | threshold 0.250 | val_model raw | lr 0.001000
Epoch 46/60 | train_loss 0.8307 | union_precision 0.8571 | weighted_recall 0.4496 | union_precision 0.8571 | threshold 0.250 | val_model raw | lr 0.001000
Epoch 47/60 | train_loss 0.8241 | union_precision 0.8571 | weighted_recall 0.4496 | union_precision 0.8571 | threshold 0.250 | val_model raw | lr 0.001000
Epoch 48/60 | train_loss 0.8198 | union_precision 0.8571 | weighted_recall 0.4496 | union_precision 0.8571 | threshold 0.250 | val_model raw | lr 0.001000
Early stopping at epoch 48
Held-out M41-4 | union_precision=0.8919 | weighted_recall=0.5549 | consensus_recall=0.0000
Epoch 1/60 | train_loss 1.5287 | union_precision 0.6579 | weighted_recall 0.2619 | union_precision 0.6579 | threshold 0.475 | val_model raw | lr 0.001000
Epoch 2/60 | train_loss 1.4082 | union_precision 0.6667 | weighted_recall 0.3083 | union_precision 0.6667 | threshold 0.050 | val_model raw | lr 0.001000
Epoch 3/60 | train_loss 1.3401 | union_precision 0.7209 | weighted_recall 0.3153 | union_precision 0.7209 | threshold 0.050 | val_model raw | lr 0.001000
Epoch 4/60 | train_loss 1.2866 | union_precision 0.7045 | weighted_recall 0.3099 | union_precision 0.7045 | threshold 0.050 | val_model raw | lr 0.001000
Epoch 5/60 | train_loss 1.2563 | union_precision 0.6977 | weighted_recall 0.3429 | union_precision 0.6977 | threshold 0.050 | val_model raw | lr 0.001000
Epoch 6/60 | train_loss 1.2209 | union_precision 0.6977 | weighted_recall 0.3626 | union_precision 0.6977 | threshold 0.050 | val_model raw | lr 0.001000
Epoch 7/60 | train_loss 1.1958 | union_precision 0.7381 | weighted_recall 0.3717 | union_precision 0.7381 | threshold 0.050 | val_model raw | lr 0.001000
Epoch 8/60 | train_loss 1.1739 | union_precision 0.7619 | weighted_recall 0.4153 | union_precision 0.7619 | threshold 0.050 | val_model raw | lr 0.001000
Epoch 9/60 | train_loss 1.1655 | union_precision 0.7586 | weighted_recall 0.3400 | union_precision 0.7586 | threshold 0.600 | val_model raw | lr 0.001000
Epoch 10/60 | train_loss 1.1515 | union_precision 0.7500 | weighted_recall 0.2751 | union_precision 0.7500 | threshold 0.650 | val_model raw | lr 0.001000
Epoch 11/60 | train_loss 1.1296 | union_precision 0.7619 | weighted_recall 0.3894 | union_precision 0.7619 | threshold 0.050 | val_model raw | lr 0.001000
Epoch 12/60 | train_loss 1.1147 | union_precision 0.7561 | weighted_recall 0.3878 | union_precision 0.7561 | threshold 0.050 | val_model raw | lr 0.001000
Epoch 13/60 | train_loss 1.1006 | union_precision 0.7561 | weighted_recall 0.4103 | union_precision 0.7561 | threshold 0.050 | val_model raw | lr 0.001000
Epoch 14/60 | train_loss 1.0883 | union_precision 0.7857 | weighted_recall 0.1991 | union_precision 0.7857 | threshold 0.725 | val_model raw | lr 0.001000
Epoch 15/60 | train_loss 1.0752 | union_precision 0.7568 | weighted_recall 0.3980 | union_precision 0.7568 | threshold 0.550 | val_model raw | lr 0.001000
Epoch 16/60 | train_loss 1.0646 | union_precision 0.7619 | weighted_recall 0.4130 | union_precision 0.7619 | threshold 0.050 | val_model raw | lr 0.001000
Epoch 17/60 | train_loss 1.0484 | union_precision 0.7500 | weighted_recall 0.3533 | union_precision 0.7500 | threshold 0.525 | val_model raw | lr 0.001000
Epoch 18/60 | train_loss 1.0409 | union_precision 0.7778 | weighted_recall 0.2230 | union_precision 0.7778 | threshold 0.675 | val_model raw | lr 0.001000
Epoch 19/60 | train_loss 1.0276 | union_precision 0.7778 | weighted_recall 0.2249 | union_precision 0.7778 | threshold 0.675 | val_model raw | lr 0.001000
Epoch 20/60 | train_loss 1.0168 | union_precision 0.8000 | weighted_recall 0.1119 | union_precision 0.8000 | threshold 0.800 | val_model raw | lr 0.001000
Epoch 21/60 | train_loss 1.0150 | union_precision 0.8333 | weighted_recall 0.1173 | union_precision 0.8333 | threshold 0.800 | val_model raw | lr 0.001000
Epoch 22/60 | train_loss 0.9959 | union_precision 1.0000 | weighted_recall 0.0272 | union_precision 1.0000 | threshold 0.825 | val_model raw | lr 0.001000
Epoch 23/60 | train_loss 0.9967 | union_precision 1.0000 | weighted_recall 0.0898 | union_precision 1.0000 | threshold 0.800 | val_model raw | lr 0.001000
Epoch 24/60 | train_loss 0.9826 | union_precision 1.0000 | weighted_recall 0.1097 | union_precision 1.0000 | threshold 0.800 | val_model raw | lr 0.001000
Epoch 25/60 | train_loss 0.9800 | union_precision 1.0000 | weighted_recall 0.1097 | union_precision 1.0000 | threshold 0.775 | val_model raw | lr 0.001000
Epoch 26/60 | train_loss 0.9702 | union_precision 0.8889 | weighted_recall 0.3070 | union_precision 0.8889 | threshold 0.700 | val_model raw | lr 0.001000
Epoch 27/60 | train_loss 0.9622 | union_precision 0.9444 | weighted_recall 0.3077 | union_precision 0.9444 | threshold 0.700 | val_model raw | lr 0.001000
Epoch 28/60 | train_loss 0.9562 | union_precision 0.9444 | weighted_recall 0.3077 | union_precision 0.9444 | threshold 0.700 | val_model raw | lr 0.001000
Epoch 29/60 | train_loss 0.9451 | union_precision 0.9444 | weighted_recall 0.3077 | union_precision 0.9444 | threshold 0.700 | val_model raw | lr 0.001000
Epoch 30/60 | train_loss 0.9370 | union_precision 0.9444 | weighted_recall 0.3077 | union_precision 0.9444 | threshold 0.700 | val_model raw | lr 0.001000
Epoch 31/60 | train_loss 0.9240 | union_precision 0.8571 | weighted_recall 0.3019 | union_precision 0.8571 | threshold 0.675 | val_model raw | lr 0.001000
Epoch 32/60 | train_loss 0.9177 | union_precision 0.8571 | weighted_recall 0.3019 | union_precision 0.8571 | threshold 0.675 | val_model raw | lr 0.001000
Epoch 33/60 | train_loss 0.9085 | union_precision 0.8667 | weighted_recall 0.2083 | union_precision 0.8667 | threshold 0.725 | val_model raw | lr 0.001000
Epoch 34/60 | train_loss 0.9095 | union_precision 0.8889 | weighted_recall 0.0990 | union_precision 0.8889 | threshold 0.750 | val_model raw | lr 0.001000
Epoch 35/60 | train_loss 0.8934 | union_precision 0.9091 | weighted_recall 0.1380 | union_precision 0.9091 | threshold 0.725 | val_model raw | lr 0.001000
Epoch 36/60 | train_loss 0.8928 | union_precision 0.8571 | weighted_recall 0.1586 | union_precision 0.8571 | threshold 0.700 | val_model raw | lr 0.001000
Epoch 37/60 | train_loss 0.8978 | union_precision 0.8571 | weighted_recall 0.1586 | union_precision 0.8571 | threshold 0.700 | val_model raw | lr 0.001000
Early stopping at epoch 37
Held-out M50-1 | union_precision=0.9444 | weighted_recall=0.3077 | consensus_recall=0.0000
Epoch 1/60 | train_loss 1.5272 | union_precision 1.0000 | weighted_recall 0.0017 | union_precision 1.0000 | threshold 0.600 | val_model raw | lr 0.001000
Epoch 2/60 | train_loss 1.4083 | union_precision 0.7742 | weighted_recall 0.1255 | union_precision 0.7742 | threshold 0.500 | val_model raw | lr 0.001000
Epoch 3/60 | train_loss 1.3383 | union_precision 0.8571 | weighted_recall 0.0347 | union_precision 0.8571 | threshold 0.575 | val_model raw | lr 0.001000
Epoch 4/60 | train_loss 1.2866 | union_precision 0.8621 | weighted_recall 0.1475 | union_precision 0.8621 | threshold 0.500 | val_model raw | lr 0.001000
Epoch 5/60 | train_loss 1.2551 | union_precision 0.8571 | weighted_recall 0.1435 | union_precision 0.8571 | threshold 0.500 | val_model raw | lr 0.001000
Epoch 6/60 | train_loss 1.2224 | union_precision 0.8636 | weighted_recall 0.1215 | union_precision 0.8636 | threshold 0.525 | val_model raw | lr 0.001000
Epoch 7/60 | train_loss 1.1962 | union_precision 0.8333 | weighted_recall 0.1980 | union_precision 0.8333 | threshold 0.500 | val_model raw | lr 0.001000
Epoch 8/60 | train_loss 1.1748 | union_precision 0.8571 | weighted_recall 0.0361 | union_precision 0.8571 | threshold 0.600 | val_model raw | lr 0.001000
Epoch 9/60 | train_loss 1.1648 | union_precision 0.8500 | weighted_recall 0.1266 | union_precision 0.8500 | threshold 0.550 | val_model raw | lr 0.001000
Epoch 10/60 | train_loss 1.1526 | union_precision 0.8571 | weighted_recall 0.1409 | union_precision 0.8571 | threshold 0.550 | val_model raw | lr 0.001000
Epoch 11/60 | train_loss 1.1296 | union_precision 0.8537 | weighted_recall 0.2565 | union_precision 0.8537 | threshold 0.475 | val_model raw | lr 0.001000
Epoch 12/60 | train_loss 1.1136 | union_precision 0.8500 | weighted_recall 0.2870 | union_precision 0.8500 | threshold 0.500 | val_model raw | lr 0.001000
Epoch 13/60 | train_loss 1.1031 | union_precision 0.8511 | weighted_recall 0.2927 | union_precision 0.8511 | threshold 0.425 | val_model raw | lr 0.001000
Epoch 14/60 | train_loss 1.0879 | union_precision 0.8605 | weighted_recall 0.2830 | union_precision 0.8605 | threshold 0.475 | val_model raw | lr 0.001000
Epoch 15/60 | train_loss 1.0775 | union_precision 0.8718 | weighted_recall 0.2744 | union_precision 0.8718 | threshold 0.475 | val_model raw | lr 0.001000
Epoch 16/60 | train_loss 1.0647 | union_precision 0.8511 | weighted_recall 0.3024 | union_precision 0.8511 | threshold 0.400 | val_model raw | lr 0.001000
Epoch 17/60 | train_loss 1.0484 | union_precision 0.8605 | weighted_recall 0.2706 | union_precision 0.8605 | threshold 0.450 | val_model raw | lr 0.001000
Epoch 18/60 | train_loss 1.0409 | union_precision 0.8605 | weighted_recall 0.2689 | union_precision 0.8605 | threshold 0.450 | val_model raw | lr 0.001000
Epoch 19/60 | train_loss 1.0277 | union_precision 0.8537 | weighted_recall 0.2572 | union_precision 0.8537 | threshold 0.450 | val_model raw | lr 0.001000
Epoch 20/60 | train_loss 1.0176 | union_precision 0.8542 | weighted_recall 0.2828 | union_precision 0.8542 | threshold 0.375 | val_model raw | lr 0.001000
Epoch 21/60 | train_loss 1.0173 | union_precision 0.8571 | weighted_recall 0.2530 | union_precision 0.8571 | threshold 0.425 | val_model raw | lr 0.001000
Epoch 22/60 | train_loss 0.9944 | union_precision 0.8889 | weighted_recall 0.2523 | union_precision 0.8889 | threshold 0.450 | val_model raw | lr 0.001000
Epoch 23/60 | train_loss 0.9968 | union_precision 0.8571 | weighted_recall 0.2780 | union_precision 0.8571 | threshold 0.400 | val_model raw | lr 0.001000
Epoch 24/60 | train_loss 0.9846 | union_precision 0.8511 | weighted_recall 0.2935 | union_precision 0.8511 | threshold 0.300 | val_model raw | lr 0.001000
Epoch 25/60 | train_loss 0.9812 | union_precision 0.8780 | weighted_recall 0.2631 | union_precision 0.8780 | threshold 0.375 | val_model raw | lr 0.001000
Epoch 26/60 | train_loss 0.9690 | union_precision 0.8511 | weighted_recall 0.2708 | union_precision 0.8511 | threshold 0.050 | val_model raw | lr 0.001000
Early stopping at epoch 26
Held-out M50-2 | union_precision=0.8511 | weighted_recall=0.3024 | consensus_recall=0.0000
Epoch 1/60 | train_loss 1.5363 | union_precision 1.0000 | weighted_recall 0.0045 | union_precision 1.0000 | threshold 0.675 | val_model raw | lr 0.001000
Epoch 2/60 | train_loss 1.4169 | union_precision 1.0000 | weighted_recall 0.0045 | union_precision 1.0000 | threshold 0.700 | val_model raw | lr 0.001000
Epoch 3/60 | train_loss 1.3476 | union_precision 0.9000 | weighted_recall 0.3387 | union_precision 0.9000 | threshold 0.050 | val_model raw | lr 0.001000
Epoch 4/60 | train_loss 1.2905 | union_precision 0.9222 | weighted_recall 0.3724 | union_precision 0.9222 | threshold 0.050 | val_model raw | lr 0.001000
Epoch 5/60 | train_loss 1.2601 | union_precision 0.9570 | weighted_recall 0.4678 | union_precision 0.9570 | threshold 0.050 | val_model raw | lr 0.001000
Epoch 6/60 | train_loss 1.2267 | union_precision 0.9468 | weighted_recall 0.4856 | union_precision 0.9468 | threshold 0.050 | val_model raw | lr 0.001000
Epoch 7/60 | train_loss 1.1991 | union_precision 0.9579 | weighted_recall 0.4883 | union_precision 0.9579 | threshold 0.050 | val_model raw | lr 0.001000
Epoch 8/60 | train_loss 1.1794 | union_precision 0.9574 | weighted_recall 0.4799 | union_precision 0.9574 | threshold 0.050 | val_model raw | lr 0.001000
Epoch 9/60 | train_loss 1.1700 | union_precision 0.9355 | weighted_recall 0.4670 | union_precision 0.9355 | threshold 0.400 | val_model raw | lr 0.001000
Epoch 10/60 | train_loss 1.1560 | union_precision 0.9348 | weighted_recall 0.4576 | union_precision 0.9348 | threshold 0.375 | val_model raw | lr 0.001000
Epoch 11/60 | train_loss 1.1336 | union_precision 0.9247 | weighted_recall 0.4426 | union_precision 0.9247 | threshold 0.350 | val_model raw | lr 0.001000
Epoch 12/60 | train_loss 1.1204 | union_precision 0.9247 | weighted_recall 0.4426 | union_precision 0.9247 | threshold 0.325 | val_model raw | lr 0.001000
Epoch 13/60 | train_loss 1.1076 | union_precision 0.9255 | weighted_recall 0.4640 | union_precision 0.9255 | threshold 0.300 | val_model raw | lr 0.001000
Epoch 14/60 | train_loss 1.0941 | union_precision 0.9362 | weighted_recall 0.4702 | union_precision 0.9362 | threshold 0.250 | val_model raw | lr 0.001000
Epoch 15/60 | train_loss 1.0843 | union_precision 0.9247 | weighted_recall 0.4665 | union_precision 0.9247 | threshold 0.225 | val_model raw | lr 0.001000
Epoch 16/60 | train_loss 1.0692 | union_precision 0.9247 | weighted_recall 0.4665 | union_precision 0.9247 | threshold 0.200 | val_model raw | lr 0.001000
Epoch 17/60 | train_loss 1.0545 | union_precision 0.9140 | weighted_recall 0.4747 | union_precision 0.9140 | threshold 0.175 | val_model raw | lr 0.001000
Early stopping at epoch 17
Held-out M50-3 | union_precision=0.9579 | weighted_recall=0.4883 | consensus_recall=0.0000
Epoch 1/60 | train_loss 1.5277 | union_precision 1.0000 | weighted_recall 0.0005 | union_precision 1.0000 | threshold 0.600 | val_model raw | lr 0.001000
Epoch 2/60 | train_loss 1.4097 | union_precision 1.0000 | weighted_recall 0.0005 | union_precision 1.0000 | threshold 0.600 | val_model raw | lr 0.001000
Epoch 3/60 | train_loss 1.3400 | union_precision 1.0000 | weighted_recall 0.0368 | union_precision 1.0000 | threshold 0.525 | val_model raw | lr 0.001000
Epoch 4/60 | train_loss 1.2851 | union_precision 0.9000 | weighted_recall 0.1070 | union_precision 0.9000 | threshold 0.525 | val_model raw | lr 0.001000
Epoch 5/60 | train_loss 1.2523 | union_precision 0.8889 | weighted_recall 0.1618 | union_precision 0.8889 | threshold 0.525 | val_model raw | lr 0.001000
Epoch 6/60 | train_loss 1.2192 | union_precision 0.9091 | weighted_recall 0.1824 | union_precision 0.9091 | threshold 0.525 | val_model raw | lr 0.001000
Epoch 7/60 | train_loss 1.1878 | union_precision 0.8571 | weighted_recall 0.1993 | union_precision 0.8571 | threshold 0.525 | val_model raw | lr 0.001000
Epoch 8/60 | train_loss 1.1704 | union_precision 0.8548 | weighted_recall 0.2982 | union_precision 0.8548 | threshold 0.500 | val_model raw | lr 0.001000
Epoch 9/60 | train_loss 1.1596 | union_precision 0.8551 | weighted_recall 0.3534 | union_precision 0.8551 | threshold 0.500 | val_model raw | lr 0.001000
Epoch 10/60 | train_loss 1.1459 | union_precision 0.8676 | weighted_recall 0.3238 | union_precision 0.8676 | threshold 0.500 | val_model raw | lr 0.001000
Epoch 11/60 | train_loss 1.1244 | union_precision 0.8714 | weighted_recall 0.3327 | union_precision 0.8714 | threshold 0.500 | val_model raw | lr 0.001000
Epoch 12/60 | train_loss 1.1101 | union_precision 0.8500 | weighted_recall 0.2120 | union_precision 0.8500 | threshold 0.550 | val_model raw | lr 0.001000
Epoch 13/60 | train_loss 1.0964 | union_precision 0.8537 | weighted_recall 0.2269 | union_precision 0.8537 | threshold 0.550 | val_model raw | lr 0.001000
Epoch 14/60 | train_loss 1.0851 | union_precision 0.8537 | weighted_recall 0.2360 | union_precision 0.8537 | threshold 0.550 | val_model raw | lr 0.001000
Epoch 15/60 | train_loss 1.0715 | union_precision 0.8679 | weighted_recall 0.2895 | union_precision 0.8679 | threshold 0.525 | val_model raw | lr 0.001000
Epoch 16/60 | train_loss 1.0563 | union_precision 0.8533 | weighted_recall 0.3475 | union_precision 0.8533 | threshold 0.050 | val_model raw | lr 0.001000
Epoch 17/60 | train_loss 1.0442 | union_precision 0.8525 | weighted_recall 0.3084 | union_precision 0.8525 | threshold 0.500 | val_model raw | lr 0.001000
Epoch 18/60 | train_loss 1.0296 | union_precision 0.8525 | weighted_recall 0.3121 | union_precision 0.8525 | threshold 0.475 | val_model raw | lr 0.001000
Epoch 19/60 | train_loss 1.0205 | union_precision 0.8525 | weighted_recall 0.3064 | union_precision 0.8525 | threshold 0.450 | val_model raw | lr 0.001000
Early stopping at epoch 19
Held-out M56-1 | union_precision=0.8551 | weighted_recall=0.3534 | consensus_recall=1.0000
Epoch 1/60 | train_loss 1.5241 | union_precision 1.0000 | weighted_recall 0.0209 | union_precision 1.0000 | threshold 0.525 | val_model raw | lr 0.001000
Epoch 2/60 | train_loss 1.4055 | union_precision 1.0000 | weighted_recall 0.0209 | union_precision 1.0000 | threshold 0.550 | val_model raw | lr 0.001000
Epoch 3/60 | train_loss 1.3393 | union_precision 1.0000 | weighted_recall 0.0209 | union_precision 1.0000 | threshold 0.600 | val_model raw | lr 0.001000
Epoch 4/60 | train_loss 1.2835 | union_precision 1.0000 | weighted_recall 0.0209 | union_precision 1.0000 | threshold 0.625 | val_model raw | lr 0.001000
Epoch 5/60 | train_loss 1.2510 | union_precision 1.0000 | weighted_recall 0.0209 | union_precision 1.0000 | threshold 0.625 | val_model raw | lr 0.001000
Epoch 6/60 | train_loss 1.2198 | union_precision 1.0000 | weighted_recall 0.0209 | union_precision 1.0000 | threshold 0.625 | val_model raw | lr 0.001000
Epoch 7/60 | train_loss 1.1887 | union_precision 1.0000 | weighted_recall 0.0209 | union_precision 1.0000 | threshold 0.625 | val_model raw | lr 0.001000
Epoch 8/60 | train_loss 1.1722 | union_precision 1.0000 | weighted_recall 0.0209 | union_precision 1.0000 | threshold 0.625 | val_model raw | lr 0.001000
Epoch 9/60 | train_loss 1.1578 | union_precision 1.0000 | weighted_recall 0.0302 | union_precision 1.0000 | threshold 0.625 | val_model raw | lr 0.001000
Epoch 10/60 | train_loss 1.1496 | union_precision 1.0000 | weighted_recall 0.0203 | union_precision 1.0000 | threshold 0.650 | val_model raw | lr 0.001000
Epoch 11/60 | train_loss 1.1277 | union_precision 0.7368 | weighted_recall 0.0804 | union_precision 0.7368 | threshold 0.625 | val_model raw | lr 0.001000
Epoch 12/60 | train_loss 1.1103 | union_precision 0.8000 | weighted_recall 0.0350 | union_precision 0.8000 | threshold 0.675 | val_model raw | lr 0.001000
Epoch 13/60 | train_loss 1.1004 | union_precision 0.7097 | weighted_recall 0.1622 | union_precision 0.7097 | threshold 0.500 | val_model raw | lr 0.001000
Epoch 14/60 | train_loss 1.0866 | union_precision 0.7857 | weighted_recall 0.1133 | union_precision 0.7857 | threshold 0.650 | val_model raw | lr 0.001000
Epoch 15/60 | train_loss 1.0753 | union_precision 0.8000 | weighted_recall 0.1153 | union_precision 0.8000 | threshold 0.650 | val_model raw | lr 0.001000
Epoch 16/60 | train_loss 1.0573 | union_precision 0.8000 | weighted_recall 0.1153 | union_precision 0.8000 | threshold 0.650 | val_model raw | lr 0.001000
Epoch 17/60 | train_loss 1.0489 | union_precision 1.0000 | weighted_recall 0.0024 | union_precision 1.0000 | threshold 0.775 | val_model raw | lr 0.001000
Epoch 18/60 | train_loss 1.0310 | union_precision 0.7037 | weighted_recall 0.1594 | union_precision 0.7037 | threshold 0.525 | val_model raw | lr 0.001000
Epoch 19/60 | train_loss 1.0251 | union_precision 0.7143 | weighted_recall 0.0619 | union_precision 0.7143 | threshold 0.700 | val_model raw | lr 0.001000
Early stopping at epoch 19
Held-out M56-2 | union_precision=1.0000 | weighted_recall=0.0302 | consensus_recall=0.0000
Epoch 1/60 | train_loss 1.5311 | union_precision 0.9091 | weighted_recall 0.1354 | union_precision 0.9091 | threshold 0.525 | val_model raw | lr 0.001000
Epoch 2/60 | train_loss 1.4136 | union_precision 0.8837 | weighted_recall 0.1998 | union_precision 0.8837 | threshold 0.525 | val_model raw | lr 0.001000
Epoch 3/60 | train_loss 1.3463 | union_precision 0.8500 | weighted_recall 0.2338 | union_precision 0.8500 | threshold 0.525 | val_model raw | lr 0.001000
Epoch 4/60 | train_loss 1.2888 | union_precision 0.8542 | weighted_recall 0.2063 | union_precision 0.8542 | threshold 0.550 | val_model raw | lr 0.001000
Epoch 5/60 | train_loss 1.2574 | union_precision 0.8654 | weighted_recall 0.2189 | union_precision 0.8654 | threshold 0.550 | val_model raw | lr 0.001000
Epoch 6/60 | train_loss 1.2262 | union_precision 0.8704 | weighted_recall 0.2311 | union_precision 0.8704 | threshold 0.550 | val_model raw | lr 0.001000
Epoch 7/60 | train_loss 1.1962 | union_precision 0.8704 | weighted_recall 0.2429 | union_precision 0.8704 | threshold 0.550 | val_model raw | lr 0.001000
Epoch 8/60 | train_loss 1.1772 | union_precision 0.8500 | weighted_recall 0.3694 | union_precision 0.8500 | threshold 0.500 | val_model raw | lr 0.001000
Epoch 9/60 | train_loss 1.1626 | union_precision 0.8514 | weighted_recall 0.3209 | union_precision 0.8514 | threshold 0.525 | val_model raw | lr 0.001000
Epoch 10/60 | train_loss 1.1527 | union_precision 0.8750 | weighted_recall 0.1838 | union_precision 0.8750 | threshold 0.625 | val_model raw | lr 0.001000
Epoch 11/60 | train_loss 1.1321 | union_precision 0.8642 | weighted_recall 0.3865 | union_precision 0.8642 | threshold 0.500 | val_model raw | lr 0.001000
Epoch 12/60 | train_loss 1.1170 | union_precision 0.8608 | weighted_recall 0.3755 | union_precision 0.8608 | threshold 0.525 | val_model raw | lr 0.001000
Epoch 13/60 | train_loss 1.1015 | union_precision 0.8608 | weighted_recall 0.3755 | union_precision 0.8608 | threshold 0.525 | val_model raw | lr 0.001000
Epoch 14/60 | train_loss 1.0869 | union_precision 0.8608 | weighted_recall 0.3755 | union_precision 0.8608 | threshold 0.525 | val_model raw | lr 0.001000
Epoch 15/60 | train_loss 1.0760 | union_precision 0.8506 | weighted_recall 0.4210 | union_precision 0.8506 | threshold 0.400 | val_model raw | lr 0.001000
Epoch 16/60 | train_loss 1.0586 | union_precision 0.8605 | weighted_recall 0.4221 | union_precision 0.8605 | threshold 0.400 | val_model raw | lr 0.001000
Epoch 17/60 | train_loss 1.0529 | union_precision 0.8621 | weighted_recall 0.4280 | union_precision 0.8621 | threshold 0.375 | val_model raw | lr 0.001000
Epoch 18/60 | train_loss 1.0339 | union_precision 0.8736 | weighted_recall 0.4373 | union_precision 0.8736 | threshold 0.375 | val_model raw | lr 0.001000
Epoch 19/60 | train_loss 1.0258 | union_precision 0.8642 | weighted_recall 0.4233 | union_precision 0.8642 | threshold 0.400 | val_model raw | lr 0.001000
Epoch 20/60 | train_loss 1.0167 | union_precision 0.8625 | weighted_recall 0.4190 | union_precision 0.8625 | threshold 0.425 | val_model raw | lr 0.001000
Epoch 21/60 | train_loss 1.0176 | union_precision 0.8608 | weighted_recall 0.4071 | union_precision 0.8608 | threshold 0.425 | val_model raw | lr 0.001000
Epoch 22/60 | train_loss 0.9920 | union_precision 0.8933 | weighted_recall 0.4042 | union_precision 0.8933 | threshold 0.450 | val_model raw | lr 0.001000
Epoch 23/60 | train_loss 0.9937 | union_precision 0.8537 | weighted_recall 0.4235 | union_precision 0.8537 | threshold 0.350 | val_model raw | lr 0.001000
Epoch 24/60 | train_loss 0.9837 | union_precision 0.8554 | weighted_recall 0.4245 | union_precision 0.8554 | threshold 0.325 | val_model raw | lr 0.001000
Epoch 25/60 | train_loss 0.9811 | union_precision 0.8554 | weighted_recall 0.4246 | union_precision 0.8554 | threshold 0.325 | val_model raw | lr 0.001000
Epoch 26/60 | train_loss 0.9686 | union_precision 0.8554 | weighted_recall 0.4304 | union_precision 0.8554 | threshold 0.325 | val_model raw | lr 0.001000
Epoch 27/60 | train_loss 0.9587 | union_precision 0.8659 | weighted_recall 0.4287 | union_precision 0.8659 | threshold 0.325 | val_model raw | lr 0.001000
Epoch 28/60 | train_loss 0.9543 | union_precision 0.8659 | weighted_recall 0.4287 | union_precision 0.8659 | threshold 0.325 | val_model raw | lr 0.001000
Early stopping at epoch 28
Held-out M56-3 | union_precision=0.8736 | weighted_recall=0.4373 | consensus_recall=0.0000
Epoch 1/60 | train_loss 1.5241 | union_precision 0.9286 | weighted_recall 0.1317 | union_precision 0.9286 | threshold 0.525 | val_model raw | lr 0.001000
Epoch 2/60 | train_loss 1.4045 | union_precision 0.9333 | weighted_recall 0.1514 | union_precision 0.9333 | threshold 0.525 | val_model raw | lr 0.001000
Epoch 3/60 | train_loss 1.3418 | union_precision 0.8889 | weighted_recall 0.1082 | union_precision 0.8889 | threshold 0.575 | val_model raw | lr 0.001000
Epoch 4/60 | train_loss 1.2837 | union_precision 0.8889 | weighted_recall 0.1082 | union_precision 0.8889 | threshold 0.575 | val_model raw | lr 0.001000
Epoch 5/60 | train_loss 1.2555 | union_precision 1.0000 | weighted_recall 0.0435 | union_precision 1.0000 | threshold 0.625 | val_model raw | lr 0.001000
Epoch 6/60 | train_loss 1.2177 | union_precision 0.8750 | weighted_recall 0.0865 | union_precision 0.8750 | threshold 0.575 | val_model raw | lr 0.001000
Epoch 7/60 | train_loss 1.1908 | union_precision 1.0000 | weighted_recall 0.0841 | union_precision 1.0000 | threshold 0.600 | val_model raw | lr 0.001000
Epoch 8/60 | train_loss 1.1754 | union_precision 0.8889 | weighted_recall 0.0996 | union_precision 0.8889 | threshold 0.600 | val_model raw | lr 0.001000
Epoch 9/60 | train_loss 1.1570 | union_precision 0.8750 | weighted_recall 0.0940 | union_precision 0.8750 | threshold 0.625 | val_model raw | lr 0.001000
Epoch 10/60 | train_loss 1.1442 | union_precision 0.8889 | weighted_recall 0.0996 | union_precision 0.8889 | threshold 0.625 | val_model raw | lr 0.001000
Epoch 11/60 | train_loss 1.1252 | union_precision 0.8750 | weighted_recall 0.1494 | union_precision 0.8750 | threshold 0.600 | val_model raw | lr 0.001000
Epoch 12/60 | train_loss 1.1096 | union_precision 0.8889 | weighted_recall 0.1791 | union_precision 0.8889 | threshold 0.600 | val_model raw | lr 0.001000
Epoch 13/60 | train_loss 1.0939 | union_precision 0.8571 | weighted_recall 0.2367 | union_precision 0.8571 | threshold 0.550 | val_model raw | lr 0.001000
Epoch 14/60 | train_loss 1.0819 | union_precision 0.8750 | weighted_recall 0.2830 | union_precision 0.8750 | threshold 0.550 | val_model raw | lr 0.001000
Epoch 15/60 | train_loss 1.0687 | union_precision 0.8611 | weighted_recall 0.2969 | union_precision 0.8611 | threshold 0.525 | val_model raw | lr 0.001000
Epoch 16/60 | train_loss 1.0507 | union_precision 0.8750 | weighted_recall 0.2463 | union_precision 0.8750 | threshold 0.550 | val_model raw | lr 0.001000
Epoch 17/60 | train_loss 1.0419 | union_precision 0.8710 | weighted_recall 0.2314 | union_precision 0.8710 | threshold 0.550 | val_model raw | lr 0.001000
Epoch 18/60 | train_loss 1.0296 | union_precision 0.8710 | weighted_recall 0.2309 | union_precision 0.8710 | threshold 0.550 | val_model raw | lr 0.001000
Epoch 19/60 | train_loss 1.0193 | union_precision 0.8511 | weighted_recall 0.3288 | union_precision 0.8511 | threshold 0.175 | val_model raw | lr 0.001000
Epoch 20/60 | train_loss 1.0102 | union_precision 0.8571 | weighted_recall 0.3445 | union_precision 0.8571 | threshold 0.050 | val_model raw | lr 0.001000
Epoch 21/60 | train_loss 1.0076 | union_precision 0.8537 | weighted_recall 0.2901 | union_precision 0.8537 | threshold 0.425 | val_model raw | lr 0.001000
Epoch 22/60 | train_loss 0.9873 | union_precision 0.8750 | weighted_recall 0.2845 | union_precision 0.8750 | threshold 0.450 | val_model raw | lr 0.001000
Epoch 23/60 | train_loss 0.9885 | union_precision 0.8571 | weighted_recall 0.2897 | union_precision 0.8571 | threshold 0.400 | val_model raw | lr 0.001000
Epoch 24/60 | train_loss 0.9736 | union_precision 0.8571 | weighted_recall 0.2863 | union_precision 0.8571 | threshold 0.375 | val_model raw | lr 0.001000
Epoch 25/60 | train_loss 0.9707 | union_precision 0.8605 | weighted_recall 0.2915 | union_precision 0.8605 | threshold 0.250 | val_model raw | lr 0.001000
Epoch 26/60 | train_loss 0.9610 | union_precision 0.8571 | weighted_recall 0.2903 | union_precision 0.8571 | threshold 0.425 | val_model raw | lr 0.001000
Epoch 27/60 | train_loss 0.9513 | union_precision 0.8571 | weighted_recall 0.2903 | union_precision 0.8571 | threshold 0.425 | val_model raw | lr 0.001000
Epoch 28/60 | train_loss 0.9457 | union_precision 0.8537 | weighted_recall 0.2834 | union_precision 0.8537 | threshold 0.450 | val_model raw | lr 0.001000
Epoch 29/60 | train_loss 0.9423 | union_precision 0.8537 | weighted_recall 0.2901 | union_precision 0.8537 | threshold 0.450 | val_model raw | lr 0.001000
Epoch 30/60 | train_loss 0.9275 | union_precision 0.8571 | weighted_recall 0.1531 | union_precision 0.8571 | threshold 0.725 | val_model raw | lr 0.001000
Early stopping at epoch 30
Held-out M59-1 | union_precision=0.8571 | weighted_recall=0.3445 | consensus_recall=1.0000
Epoch 1/60 | train_loss 1.5238 | union_precision 0.8780 | weighted_recall 0.3691 | union_precision 0.8780 | threshold 0.050 | val_model raw | lr 0.001000
Epoch 2/60 | train_loss 1.4037 | union_precision 0.8780 | weighted_recall 0.4225 | union_precision 0.8780 | threshold 0.050 | val_model raw | lr 0.001000
Epoch 3/60 | train_loss 1.3402 | union_precision 0.8571 | weighted_recall 0.2190 | union_precision 0.8571 | threshold 0.550 | val_model raw | lr 0.001000
Epoch 4/60 | train_loss 1.2837 | union_precision 0.8529 | weighted_recall 0.4406 | union_precision 0.8529 | threshold 0.500 | val_model raw | lr 0.001000
Epoch 5/60 | train_loss 1.2525 | union_precision 0.8571 | weighted_recall 0.4410 | union_precision 0.8571 | threshold 0.500 | val_model raw | lr 0.001000
Epoch 6/60 | train_loss 1.2187 | union_precision 0.8621 | weighted_recall 0.3809 | union_precision 0.8621 | threshold 0.525 | val_model raw | lr 0.001000
Epoch 7/60 | train_loss 1.1936 | union_precision 0.8710 | weighted_recall 0.4174 | union_precision 0.8710 | threshold 0.525 | val_model raw | lr 0.001000
Epoch 8/60 | train_loss 1.1738 | union_precision 0.8537 | weighted_recall 0.4199 | union_precision 0.8537 | threshold 0.050 | val_model raw | lr 0.001000
Epoch 9/60 | train_loss 1.1592 | union_precision 0.9032 | weighted_recall 0.3747 | union_precision 0.9032 | threshold 0.525 | val_model raw | lr 0.001000
Epoch 10/60 | train_loss 1.1457 | union_precision 0.8788 | weighted_recall 0.4034 | union_precision 0.8788 | threshold 0.525 | val_model raw | lr 0.001000
Epoch 11/60 | train_loss 1.1294 | union_precision 0.8788 | weighted_recall 0.4304 | union_precision 0.8788 | threshold 0.525 | val_model raw | lr 0.001000
Epoch 12/60 | train_loss 1.1149 | union_precision 0.8611 | weighted_recall 0.4341 | union_precision 0.8611 | threshold 0.500 | val_model raw | lr 0.001000
Epoch 13/60 | train_loss 1.0995 | union_precision 0.8684 | weighted_recall 0.4348 | union_precision 0.8684 | threshold 0.375 | val_model raw | lr 0.001000
Epoch 14/60 | train_loss 1.0871 | union_precision 0.8537 | weighted_recall 0.4369 | union_precision 0.8537 | threshold 0.375 | val_model raw | lr 0.001000
Epoch 15/60 | train_loss 1.0753 | union_precision 0.8529 | weighted_recall 0.3894 | union_precision 0.8529 | threshold 0.525 | val_model raw | lr 0.001000
Early stopping at epoch 15
Held-out M59-2 | union_precision=0.8571 | weighted_recall=0.4410 | consensus_recall=0.0000
Epoch 1/60 | train_loss 1.5225 | union_precision 0.8500 | weighted_recall 0.0550 | union_precision 0.8500 | threshold 0.525 | val_model raw | lr 0.001000
Epoch 2/60 | train_loss 1.4039 | union_precision 1.0000 | weighted_recall 0.0222 | union_precision 1.0000 | threshold 0.550 | val_model raw | lr 0.001000
Epoch 3/60 | train_loss 1.3392 | union_precision 0.8750 | weighted_recall 0.3442 | union_precision 0.8750 | threshold 0.450 | val_model raw | lr 0.001000
Epoch 4/60 | train_loss 1.2862 | union_precision 0.8971 | weighted_recall 0.4262 | union_precision 0.8971 | threshold 0.050 | val_model raw | lr 0.001000
Epoch 5/60 | train_loss 1.2554 | union_precision 0.9265 | weighted_recall 0.4331 | union_precision 0.9265 | threshold 0.050 | val_model raw | lr 0.001000
Epoch 6/60 | train_loss 1.2208 | union_precision 0.9275 | weighted_recall 0.4456 | union_precision 0.9275 | threshold 0.050 | val_model raw | lr 0.001000
Epoch 7/60 | train_loss 1.1948 | union_precision 0.9420 | weighted_recall 0.4515 | union_precision 0.9420 | threshold 0.050 | val_model raw | lr 0.001000
Epoch 8/60 | train_loss 1.1779 | union_precision 0.9420 | weighted_recall 0.4515 | union_precision 0.9420 | threshold 0.050 | val_model raw | lr 0.001000
Epoch 9/60 | train_loss 1.1623 | union_precision 0.9412 | weighted_recall 0.4511 | union_precision 0.9412 | threshold 0.050 | val_model raw | lr 0.001000
Epoch 10/60 | train_loss 1.1458 | union_precision 0.9412 | weighted_recall 0.4511 | union_precision 0.9412 | threshold 0.050 | val_model raw | lr 0.001000
Epoch 11/60 | train_loss 1.1289 | union_precision 0.9403 | weighted_recall 0.4471 | union_precision 0.9403 | threshold 0.050 | val_model raw | lr 0.001000
Epoch 12/60 | train_loss 1.1173 | union_precision 0.9403 | weighted_recall 0.4346 | union_precision 0.9403 | threshold 0.475 | val_model raw | lr 0.001000
Epoch 13/60 | train_loss 1.1011 | union_precision 0.9403 | weighted_recall 0.4346 | union_precision 0.9403 | threshold 0.475 | val_model raw | lr 0.001000
Epoch 14/60 | train_loss 1.0877 | union_precision 0.9559 | weighted_recall 0.4571 | union_precision 0.9559 | threshold 0.050 | val_model raw | lr 0.001000
Epoch 15/60 | train_loss 1.0766 | union_precision 0.9552 | weighted_recall 0.4472 | union_precision 0.9552 | threshold 0.050 | val_model raw | lr 0.001000
Epoch 16/60 | train_loss 1.0557 | union_precision 0.9552 | weighted_recall 0.4538 | union_precision 0.9552 | threshold 0.050 | val_model raw | lr 0.001000
Epoch 17/60 | train_loss 1.0523 | union_precision 0.9538 | weighted_recall 0.4337 | union_precision 0.9538 | threshold 0.050 | val_model raw | lr 0.001000
Epoch 18/60 | train_loss 1.0365 | union_precision 0.9538 | weighted_recall 0.4337 | union_precision 0.9538 | threshold 0.050 | val_model raw | lr 0.001000
Epoch 19/60 | train_loss 1.0259 | union_precision 0.9538 | weighted_recall 0.4337 | union_precision 0.9538 | threshold 0.050 | val_model raw | lr 0.001000
Epoch 20/60 | train_loss 1.0196 | union_precision 0.9531 | weighted_recall 0.4252 | union_precision 0.9531 | threshold 0.050 | val_model raw | lr 0.001000
Epoch 21/60 | train_loss 1.0111 | union_precision 0.9531 | weighted_recall 0.4267 | union_precision 0.9531 | threshold 0.050 | val_model raw | lr 0.001000
Epoch 22/60 | train_loss 0.9964 | union_precision 0.9531 | weighted_recall 0.4252 | union_precision 0.9531 | threshold 0.050 | val_model raw | lr 0.001000
Epoch 23/60 | train_loss 0.9958 | union_precision 0.9538 | weighted_recall 0.4272 | union_precision 0.9538 | threshold 0.050 | val_model raw | lr 0.001000
Epoch 24/60 | train_loss 0.9844 | union_precision 0.9531 | weighted_recall 0.4069 | union_precision 0.9531 | threshold 0.050 | val_model raw | lr 0.001000
Early stopping at epoch 24
Held-out M59-3 | union_precision=0.9559 | weighted_recall=0.4571 | consensus_recall=0.5000
Epoch 1/60 | train_loss 1.5225 | union_precision 0.8750 | weighted_recall 0.0750 | union_precision 0.8750 | threshold 0.525 | val_model raw | lr 0.001000
Epoch 2/60 | train_loss 1.3951 | union_precision 0.8750 | weighted_recall 0.0750 | union_precision 0.8750 | threshold 0.550 | val_model raw | lr 0.001000
Epoch 3/60 | train_loss 1.3338 | union_precision 0.8571 | weighted_recall 0.0556 | union_precision 0.8571 | threshold 0.575 | val_model raw | lr 0.001000
Epoch 4/60 | train_loss 1.2823 | union_precision 0.8605 | weighted_recall 0.3953 | union_precision 0.8605 | threshold 0.050 | val_model raw | lr 0.001000
Epoch 5/60 | train_loss 1.2491 | union_precision 0.8605 | weighted_recall 0.3806 | union_precision 0.8605 | threshold 0.050 | val_model raw | lr 0.001000
Epoch 6/60 | train_loss 1.2183 | union_precision 0.8571 | weighted_recall 0.3670 | union_precision 0.8571 | threshold 0.050 | val_model raw | lr 0.001000
Epoch 7/60 | train_loss 1.1904 | union_precision 0.8571 | weighted_recall 0.3792 | union_precision 0.8571 | threshold 0.050 | val_model raw | lr 0.001000
Epoch 8/60 | train_loss 1.1728 | union_precision 0.8537 | weighted_recall 0.3402 | union_precision 0.8537 | threshold 0.050 | val_model raw | lr 0.001000
Epoch 9/60 | train_loss 1.1605 | union_precision 0.8947 | weighted_recall 0.1436 | union_precision 0.8947 | threshold 0.575 | val_model raw | lr 0.001000
Epoch 10/60 | train_loss 1.1431 | union_precision 0.8824 | weighted_recall 0.1305 | union_precision 0.8824 | threshold 0.600 | val_model raw | lr 0.001000
Epoch 11/60 | train_loss 1.1251 | union_precision 0.8947 | weighted_recall 0.1448 | union_precision 0.8947 | threshold 0.600 | val_model raw | lr 0.001000
Epoch 12/60 | train_loss 1.1120 | union_precision 0.8667 | weighted_recall 0.1149 | union_precision 0.8667 | threshold 0.625 | val_model raw | lr 0.001000
Epoch 13/60 | train_loss 1.1001 | union_precision 0.8889 | weighted_recall 0.1285 | union_precision 0.8889 | threshold 0.625 | val_model raw | lr 0.001000
Epoch 14/60 | train_loss 1.0866 | union_precision 0.8889 | weighted_recall 0.0930 | union_precision 0.8889 | threshold 0.675 | val_model raw | lr 0.001000
Early stopping at epoch 14
Held-out M63-1 | union_precision=0.8605 | weighted_recall=0.3953 | consensus_recall=0.0000
Epoch 1/60 | train_loss 1.5206 | union_precision 0.8750 | weighted_recall 0.1517 | union_precision 0.8750 | threshold 0.550 | val_model raw | lr 0.001000
Epoch 2/60 | train_loss 1.3965 | union_precision 1.0000 | weighted_recall 0.1070 | union_precision 1.0000 | threshold 0.575 | val_model raw | lr 0.001000
Epoch 3/60 | train_loss 1.3335 | union_precision 1.0000 | weighted_recall 0.1218 | union_precision 1.0000 | threshold 0.575 | val_model raw | lr 0.001000
Epoch 4/60 | train_loss 1.2837 | union_precision 1.0000 | weighted_recall 0.1978 | union_precision 1.0000 | threshold 0.575 | val_model raw | lr 0.001000
Epoch 5/60 | train_loss 1.2521 | union_precision 1.0000 | weighted_recall 0.2797 | union_precision 1.0000 | threshold 0.575 | val_model raw | lr 0.001000
Epoch 6/60 | train_loss 1.2199 | union_precision 0.9167 | weighted_recall 0.4127 | union_precision 0.9167 | threshold 0.550 | val_model raw | lr 0.001000
Epoch 7/60 | train_loss 1.1925 | union_precision 0.9130 | weighted_recall 0.4104 | union_precision 0.9130 | threshold 0.550 | val_model raw | lr 0.001000
Epoch 8/60 | train_loss 1.1740 | union_precision 1.0000 | weighted_recall 0.4003 | union_precision 1.0000 | threshold 0.575 | val_model raw | lr 0.001000
Epoch 9/60 | train_loss 1.1627 | union_precision 0.9091 | weighted_recall 0.4003 | union_precision 0.9091 | threshold 0.575 | val_model raw | lr 0.001000
Epoch 10/60 | train_loss 1.1458 | union_precision 1.0000 | weighted_recall 0.3537 | union_precision 1.0000 | threshold 0.600 | val_model raw | lr 0.001000
Epoch 11/60 | train_loss 1.1268 | union_precision 0.8519 | weighted_recall 0.4241 | union_precision 0.8519 | threshold 0.550 | val_model raw | lr 0.001000
Epoch 12/60 | train_loss 1.1138 | union_precision 0.8519 | weighted_recall 0.4241 | union_precision 0.8519 | threshold 0.550 | val_model raw | lr 0.001000
Epoch 13/60 | train_loss 1.1016 | union_precision 0.8519 | weighted_recall 0.4241 | union_precision 0.8519 | threshold 0.550 | val_model raw | lr 0.001000
Epoch 14/60 | train_loss 1.0885 | union_precision 0.9091 | weighted_recall 0.4003 | union_precision 0.9091 | threshold 0.600 | val_model raw | lr 0.001000
Epoch 15/60 | train_loss 1.0753 | union_precision 0.8750 | weighted_recall 0.4114 | union_precision 0.8750 | threshold 0.575 | val_model raw | lr 0.001000
Epoch 16/60 | train_loss 1.0565 | union_precision 0.8750 | weighted_recall 0.4114 | union_precision 0.8750 | threshold 0.575 | val_model raw | lr 0.001000
Epoch 17/60 | train_loss 1.0526 | union_precision 0.9130 | weighted_recall 0.4114 | union_precision 0.9130 | threshold 0.575 | val_model raw | lr 0.001000
Epoch 18/60 | train_loss 1.0345 | union_precision 0.8571 | weighted_recall 0.4275 | union_precision 0.8571 | threshold 0.375 | val_model raw | lr 0.001000
Epoch 19/60 | train_loss 1.0225 | union_precision 0.8846 | weighted_recall 0.4196 | union_precision 0.8846 | threshold 0.500 | val_model raw | lr 0.001000
Epoch 20/60 | train_loss 1.0152 | union_precision 0.8846 | weighted_recall 0.4196 | union_precision 0.8846 | threshold 0.500 | val_model raw | lr 0.001000
Epoch 21/60 | train_loss 1.0110 | union_precision 0.8621 | weighted_recall 0.4382 | union_precision 0.8621 | threshold 0.050 | val_model raw | lr 0.001000
Epoch 22/60 | train_loss 0.9969 | union_precision 0.8667 | weighted_recall 0.4612 | union_precision 0.8667 | threshold 0.050 | val_model raw | lr 0.001000
Epoch 23/60 | train_loss 0.9899 | union_precision 0.8667 | weighted_recall 0.4612 | union_precision 0.8667 | threshold 0.050 | val_model raw | lr 0.001000
Epoch 24/60 | train_loss 0.9851 | union_precision 0.8519 | weighted_recall 0.4404 | union_precision 0.8519 | threshold 0.275 | val_model raw | lr 0.001000
Epoch 25/60 | train_loss 0.9802 | union_precision 0.8519 | weighted_recall 0.4356 | union_precision 0.8519 | threshold 0.050 | val_model raw | lr 0.001000
Epoch 26/60 | train_loss 0.9669 | union_precision 0.8519 | weighted_recall 0.4356 | union_precision 0.8519 | threshold 0.050 | val_model raw | lr 0.001000
Epoch 27/60 | train_loss 0.9554 | union_precision 0.8846 | weighted_recall 0.4296 | union_precision 0.8846 | threshold 0.375 | val_model raw | lr 0.001000
Epoch 28/60 | train_loss 0.9543 | union_precision 0.8519 | weighted_recall 0.4296 | union_precision 0.8519 | threshold 0.200 | val_model raw | lr 0.001000
Epoch 29/60 | train_loss 0.9454 | union_precision 0.8846 | weighted_recall 0.4296 | union_precision 0.8846 | threshold 0.350 | val_model raw | lr 0.001000
Epoch 30/60 | train_loss 0.9327 | union_precision 0.8846 | weighted_recall 0.4296 | union_precision 0.8846 | threshold 0.350 | val_model raw | lr 0.001000
Epoch 31/60 | train_loss 0.9251 | union_precision 0.8750 | weighted_recall 0.3833 | union_precision 0.8750 | threshold 0.425 | val_model raw | lr 0.001000
Epoch 32/60 | train_loss 0.9211 | union_precision 0.8519 | weighted_recall 0.4276 | union_precision 0.8519 | threshold 0.150 | val_model raw | lr 0.001000
Early stopping at epoch 32
Held-out M63-3 | union_precision=0.8667 | weighted_recall=0.4612 | consensus_recall=0.0000
Epoch 1/60 | train_loss 1.5201 | union_precision 0.8500 | weighted_recall 0.4154 | union_precision 0.8500 | threshold 0.050 | val_model raw | lr 0.001000
Epoch 2/60 | train_loss 1.3973 | union_precision 0.9130 | weighted_recall 0.5587 | union_precision 0.9130 | threshold 0.050 | val_model raw | lr 0.001000
Epoch 3/60 | train_loss 1.3357 | union_precision 0.9048 | weighted_recall 0.5508 | union_precision 0.9048 | threshold 0.475 | val_model raw | lr 0.001000
Epoch 4/60 | train_loss 1.2850 | union_precision 0.9091 | weighted_recall 0.5613 | union_precision 0.9091 | threshold 0.050 | val_model raw | lr 0.001000
Epoch 5/60 | train_loss 1.2556 | union_precision 0.9130 | weighted_recall 0.5628 | union_precision 0.9130 | threshold 0.050 | val_model raw | lr 0.001000
Epoch 6/60 | train_loss 1.2232 | union_precision 0.9130 | weighted_recall 0.5615 | union_precision 0.9130 | threshold 0.475 | val_model raw | lr 0.001000
Epoch 7/60 | train_loss 1.1961 | union_precision 0.9565 | weighted_recall 0.5733 | union_precision 0.9565 | threshold 0.475 | val_model raw | lr 0.001000
Epoch 8/60 | train_loss 1.1761 | union_precision 0.9565 | weighted_recall 0.5733 | union_precision 0.9565 | threshold 0.475 | val_model raw | lr 0.001000
Epoch 9/60 | train_loss 1.1652 | union_precision 0.9524 | weighted_recall 0.5313 | union_precision 0.9524 | threshold 0.475 | val_model raw | lr 0.001000
Epoch 10/60 | train_loss 1.1485 | union_precision 0.9500 | weighted_recall 0.5147 | union_precision 0.9500 | threshold 0.050 | val_model raw | lr 0.001000
Epoch 11/60 | train_loss 1.1310 | union_precision 0.9500 | weighted_recall 0.4942 | union_precision 0.9500 | threshold 0.050 | val_model raw | lr 0.001000
Epoch 12/60 | train_loss 1.1185 | union_precision 0.9500 | weighted_recall 0.4942 | union_precision 0.9500 | threshold 0.050 | val_model raw | lr 0.001000
Epoch 13/60 | train_loss 1.1051 | union_precision 0.9500 | weighted_recall 0.4942 | union_precision 0.9500 | threshold 0.050 | val_model raw | lr 0.001000
Epoch 14/60 | train_loss 1.0901 | union_precision 0.9474 | weighted_recall 0.4791 | union_precision 0.9474 | threshold 0.425 | val_model raw | lr 0.001000
Epoch 15/60 | train_loss 1.0783 | union_precision 0.9500 | weighted_recall 0.5092 | union_precision 0.9500 | threshold 0.425 | val_model raw | lr 0.001000
Epoch 16/60 | train_loss 1.0582 | union_precision 0.9500 | weighted_recall 0.5092 | union_precision 0.9500 | threshold 0.425 | val_model raw | lr 0.001000
Epoch 17/60 | train_loss 1.0562 | union_precision 0.9500 | weighted_recall 0.4746 | union_precision 0.9500 | threshold 0.425 | val_model raw | lr 0.001000
Early stopping at epoch 17
Held-out M67-1 | union_precision=0.9565 | weighted_recall=0.5733 | consensus_recall=0.0000
Epoch 1/60 | train_loss 1.5213 | union_precision 0.6897 | weighted_recall 0.2986 | union_precision 0.6897 | threshold 0.475 | val_model raw | lr 0.001000
Epoch 2/60 | train_loss 1.3948 | union_precision 0.6552 | weighted_recall 0.2631 | union_precision 0.6552 | threshold 0.450 | val_model raw | lr 0.001000
Epoch 3/60 | train_loss 1.3337 | union_precision 0.7500 | weighted_recall 0.2892 | union_precision 0.7500 | threshold 0.425 | val_model raw | lr 0.001000
Epoch 4/60 | train_loss 1.2827 | union_precision 0.8000 | weighted_recall 0.2720 | union_precision 0.8000 | threshold 0.500 | val_model raw | lr 0.001000
Epoch 5/60 | train_loss 1.2523 | union_precision 0.8125 | weighted_recall 0.3222 | union_precision 0.8125 | threshold 0.475 | val_model raw | lr 0.001000
Epoch 6/60 | train_loss 1.2212 | union_precision 0.8065 | weighted_recall 0.3205 | union_precision 0.8065 | threshold 0.475 | val_model raw | lr 0.001000
Epoch 7/60 | train_loss 1.1938 | union_precision 0.8438 | weighted_recall 0.3466 | union_precision 0.8438 | threshold 0.450 | val_model raw | lr 0.001000
Epoch 8/60 | train_loss 1.1743 | union_precision 0.8485 | weighted_recall 0.3547 | union_precision 0.8485 | threshold 0.450 | val_model raw | lr 0.001000
Epoch 9/60 | train_loss 1.1625 | union_precision 0.8485 | weighted_recall 0.3547 | union_precision 0.8485 | threshold 0.425 | val_model raw | lr 0.001000
Epoch 10/60 | train_loss 1.1466 | union_precision 0.8571 | weighted_recall 0.3383 | union_precision 0.8571 | threshold 0.525 | val_model raw | lr 0.001000
Epoch 11/60 | train_loss 1.1302 | union_precision 0.8485 | weighted_recall 0.3701 | union_precision 0.8485 | threshold 0.425 | val_model raw | lr 0.001000
Epoch 12/60 | train_loss 1.1159 | union_precision 1.0000 | weighted_recall 0.0190 | union_precision 1.0000 | threshold 0.725 | val_model raw | lr 0.001000
Epoch 13/60 | train_loss 1.1029 | union_precision 1.0000 | weighted_recall 0.0190 | union_precision 1.0000 | threshold 0.750 | val_model raw | lr 0.001000
Epoch 14/60 | train_loss 1.0872 | union_precision 0.8710 | weighted_recall 0.3569 | union_precision 0.8710 | threshold 0.375 | val_model raw | lr 0.001000
Epoch 15/60 | train_loss 1.0771 | union_precision 0.8667 | weighted_recall 0.3536 | union_precision 0.8667 | threshold 0.350 | val_model raw | lr 0.001000
Epoch 16/60 | train_loss 1.0580 | union_precision 0.8667 | weighted_recall 0.3536 | union_precision 0.8667 | threshold 0.325 | val_model raw | lr 0.001000
Epoch 17/60 | train_loss 1.0545 | union_precision 0.8621 | weighted_recall 0.3685 | union_precision 0.8621 | threshold 0.300 | val_model raw | lr 0.001000
Epoch 18/60 | train_loss 1.0348 | union_precision 0.8667 | weighted_recall 0.3561 | union_precision 0.8667 | threshold 0.275 | val_model raw | lr 0.001000
Epoch 19/60 | train_loss 1.0248 | union_precision 0.8667 | weighted_recall 0.3561 | union_precision 0.8667 | threshold 0.250 | val_model raw | lr 0.001000
Epoch 20/60 | train_loss 1.0173 | union_precision 0.8667 | weighted_recall 0.3561 | union_precision 0.8667 | threshold 0.250 | val_model raw | lr 0.001000
Epoch 21/60 | train_loss 1.0130 | union_precision 0.8667 | weighted_recall 0.3561 | union_precision 0.8667 | threshold 0.225 | val_model raw | lr 0.001000
Epoch 22/60 | train_loss 1.0008 | union_precision 0.8667 | weighted_recall 0.3561 | union_precision 0.8667 | threshold 0.200 | val_model raw | lr 0.001000
Epoch 23/60 | train_loss 0.9897 | union_precision 0.8667 | weighted_recall 0.3561 | union_precision 0.8667 | threshold 0.175 | val_model raw | lr 0.001000
Epoch 24/60 | train_loss 0.9843 | union_precision 0.8667 | weighted_recall 0.3561 | union_precision 0.8667 | threshold 0.175 | val_model raw | lr 0.001000
Epoch 25/60 | train_loss 0.9807 | union_precision 0.8667 | weighted_recall 0.3673 | union_precision 0.8667 | threshold 0.050 | val_model raw | lr 0.001000
Epoch 26/60 | train_loss 0.9684 | union_precision 0.8667 | weighted_recall 0.3673 | union_precision 0.8667 | threshold 0.050 | val_model raw | lr 0.001000
Epoch 27/60 | train_loss 0.9561 | union_precision 0.9000 | weighted_recall 0.3709 | union_precision 0.9000 | threshold 0.125 | val_model raw | lr 0.001000
Epoch 28/60 | train_loss 0.9554 | union_precision 0.9000 | weighted_recall 0.3709 | union_precision 0.9000 | threshold 0.125 | val_model raw | lr 0.001000
Epoch 29/60 | train_loss 0.9473 | union_precision 0.9630 | weighted_recall 0.3561 | union_precision 0.9630 | threshold 0.350 | val_model raw | lr 0.001000
Epoch 30/60 | train_loss 0.9350 | union_precision 0.9000 | weighted_recall 0.3610 | union_precision 0.9000 | threshold 0.100 | val_model raw | lr 0.001000
Epoch 31/60 | train_loss 0.9260 | union_precision 0.9310 | weighted_recall 0.3610 | union_precision 0.9310 | threshold 0.100 | val_model raw | lr 0.001000
Epoch 32/60 | train_loss 0.9231 | union_precision 0.9286 | weighted_recall 0.3776 | union_precision 0.9286 | threshold 0.100 | val_model raw | lr 0.001000
Epoch 33/60 | train_loss 0.9113 | union_precision 0.9286 | weighted_recall 0.3776 | union_precision 0.9286 | threshold 0.100 | val_model raw | lr 0.001000
Epoch 34/60 | train_loss 0.9126 | union_precision 0.9600 | weighted_recall 0.3646 | union_precision 0.9600 | threshold 0.325 | val_model raw | lr 0.001000
Epoch 35/60 | train_loss 0.8946 | union_precision 0.9600 | weighted_recall 0.3646 | union_precision 0.9600 | threshold 0.300 | val_model raw | lr 0.001000
Epoch 36/60 | train_loss 0.8912 | union_precision 0.9259 | weighted_recall 0.3794 | union_precision 0.9259 | threshold 0.200 | val_model raw | lr 0.001000
Epoch 37/60 | train_loss 0.8894 | union_precision 0.9286 | weighted_recall 0.3627 | union_precision 0.9286 | threshold 0.200 | val_model raw | lr 0.001000
Epoch 38/60 | train_loss 0.8845 | union_precision 0.8966 | weighted_recall 0.3627 | union_precision 0.8966 | threshold 0.175 | val_model raw | lr 0.001000
Epoch 39/60 | train_loss 0.8796 | union_precision 0.9310 | weighted_recall 0.3676 | union_precision 0.9310 | threshold 0.175 | val_model raw | lr 0.001000
Epoch 40/60 | train_loss 0.8708 | union_precision 0.9310 | weighted_recall 0.3676 | union_precision 0.9310 | threshold 0.150 | val_model raw | lr 0.001000
Epoch 41/60 | train_loss 0.8650 | union_precision 0.9310 | weighted_recall 0.3676 | union_precision 0.9310 | threshold 0.150 | val_model raw | lr 0.001000
Epoch 42/60 | train_loss 0.8588 | union_precision 0.9310 | weighted_recall 0.3676 | union_precision 0.9310 | threshold 0.150 | val_model raw | lr 0.001000
Epoch 43/60 | train_loss 0.8458 | union_precision 0.9286 | weighted_recall 0.3812 | union_precision 0.9286 | threshold 0.050 | val_model raw | lr 0.001000
Epoch 44/60 | train_loss 0.8437 | union_precision 0.9630 | weighted_recall 0.3994 | union_precision 0.9630 | threshold 0.050 | val_model raw | lr 0.001000
Epoch 45/60 | train_loss 0.8385 | union_precision 0.9630 | weighted_recall 0.3994 | union_precision 0.9630 | threshold 0.050 | val_model raw | lr 0.001000
Epoch 46/60 | train_loss 0.8338 | union_precision 0.9630 | weighted_recall 0.3842 | union_precision 0.9630 | threshold 0.175 | val_model raw | lr 0.001000
Epoch 47/60 | train_loss 0.8241 | union_precision 0.9286 | weighted_recall 0.3660 | union_precision 0.9286 | threshold 0.175 | val_model raw | lr 0.001000
Epoch 48/60 | train_loss 0.8218 | union_precision 0.9286 | weighted_recall 0.3660 | union_precision 0.9286 | threshold 0.175 | val_model raw | lr 0.001000
Epoch 49/60 | train_loss 0.8142 | union_precision 0.9643 | weighted_recall 0.3612 | union_precision 0.9643 | threshold 0.175 | val_model raw | lr 0.001000
Epoch 50/60 | train_loss 0.8117 | union_precision 0.9630 | weighted_recall 0.3778 | union_precision 0.9630 | threshold 0.175 | val_model raw | lr 0.001000
Epoch 51/60 | train_loss 0.8106 | union_precision 0.9630 | weighted_recall 0.3778 | union_precision 0.9630 | threshold 0.175 | val_model raw | lr 0.001000
Epoch 52/60 | train_loss 0.8057 | union_precision 0.9630 | weighted_recall 0.3778 | union_precision 0.9630 | threshold 0.150 | val_model raw | lr 0.001000
Epoch 53/60 | train_loss 0.7962 | union_precision 0.9630 | weighted_recall 0.3695 | union_precision 0.9630 | threshold 0.150 | val_model raw | lr 0.001000
Epoch 54/60 | train_loss 0.7890 | union_precision 0.9630 | weighted_recall 0.3977 | union_precision 0.9630 | threshold 0.050 | val_model raw | lr 0.001000
Early stopping at epoch 54
Held-out M67-2 | union_precision=0.9630 | weighted_recall=0.3994 | consensus_recall=0.0000
Epoch 1/60 | train_loss 1.5205 | union_precision 1.0000 | weighted_recall 0.0388 | union_precision 1.0000 | threshold 0.575 | val_model raw | lr 0.001000
Epoch 2/60 | train_loss 1.3981 | union_precision 1.0000 | weighted_recall 0.0388 | union_precision 1.0000 | threshold 0.600 | val_model raw | lr 0.001000
Epoch 3/60 | train_loss 1.3356 | union_precision 0.8889 | weighted_recall 0.3545 | union_precision 0.8889 | threshold 0.575 | val_model raw | lr 0.001000
Epoch 4/60 | train_loss 1.2847 | union_precision 0.9375 | weighted_recall 0.5400 | union_precision 0.9375 | threshold 0.550 | val_model raw | lr 0.001000
Epoch 5/60 | train_loss 1.2537 | union_precision 0.9375 | weighted_recall 0.5400 | union_precision 0.9375 | threshold 0.575 | val_model raw | lr 0.001000
Epoch 6/60 | train_loss 1.2229 | union_precision 0.8889 | weighted_recall 0.5572 | union_precision 0.8889 | threshold 0.575 | val_model raw | lr 0.001000
Epoch 7/60 | train_loss 1.1951 | union_precision 0.9375 | weighted_recall 0.5360 | union_precision 0.9375 | threshold 0.600 | val_model raw | lr 0.001000
Epoch 8/60 | train_loss 1.1752 | union_precision 0.9000 | weighted_recall 0.3760 | union_precision 0.9000 | threshold 0.625 | val_model raw | lr 0.001000
Epoch 9/60 | train_loss 1.1635 | union_precision 0.8750 | weighted_recall 0.5261 | union_precision 0.8750 | threshold 0.625 | val_model raw | lr 0.001000
Epoch 10/60 | train_loss 1.1475 | union_precision 0.8571 | weighted_recall 0.4855 | union_precision 0.8571 | threshold 0.650 | val_model raw | lr 0.001000
Epoch 11/60 | train_loss 1.1300 | union_precision 0.8571 | weighted_recall 0.4855 | union_precision 0.8571 | threshold 0.675 | val_model raw | lr 0.001000
Epoch 12/60 | train_loss 1.1153 | union_precision 0.9091 | weighted_recall 0.3972 | union_precision 0.9091 | threshold 0.700 | val_model raw | lr 0.001000
Epoch 13/60 | train_loss 1.1032 | union_precision 0.8667 | weighted_recall 0.5134 | union_precision 0.8667 | threshold 0.700 | val_model raw | lr 0.001000
Epoch 14/60 | train_loss 1.0860 | union_precision 0.8667 | weighted_recall 0.5134 | union_precision 0.8667 | threshold 0.700 | val_model raw | lr 0.001000
Epoch 15/60 | train_loss 1.0763 | union_precision 0.8750 | weighted_recall 0.5261 | union_precision 0.8750 | threshold 0.700 | val_model raw | lr 0.001000
Epoch 16/60 | train_loss 1.0572 | union_precision 0.8824 | weighted_recall 0.5417 | union_precision 0.8824 | threshold 0.700 | val_model raw | lr 0.001000
Early stopping at epoch 16
Held-out M67-3 | union_precision=0.8889 | weighted_recall=0.5572 | consensus_recall=0.0000
Epoch 1/60 | train_loss 1.5226 | union_precision 0.7826 | weighted_recall 0.1901 | union_precision 0.7826 | threshold 0.525 | val_model raw | lr 0.001000
Epoch 2/60 | train_loss 1.3979 | union_precision 0.8519 | weighted_recall 0.2814 | union_precision 0.8519 | threshold 0.550 | val_model raw | lr 0.001000
Epoch 3/60 | train_loss 1.3338 | union_precision 0.8750 | weighted_recall 0.3761 | union_precision 0.8750 | threshold 0.550 | val_model raw | lr 0.001000
Epoch 4/60 | train_loss 1.2839 | union_precision 0.8529 | weighted_recall 0.3907 | union_precision 0.8529 | threshold 0.550 | val_model raw | lr 0.001000
Epoch 5/60 | train_loss 1.2537 | union_precision 0.8542 | weighted_recall 0.5902 | union_precision 0.8542 | threshold 0.050 | val_model raw | lr 0.001000
Epoch 6/60 | train_loss 1.2232 | union_precision 0.8571 | weighted_recall 0.6029 | union_precision 0.8571 | threshold 0.050 | val_model raw | lr 0.001000
Epoch 7/60 | train_loss 1.1944 | union_precision 0.8654 | weighted_recall 0.6497 | union_precision 0.8654 | threshold 0.050 | val_model raw | lr 0.001000
Epoch 8/60 | train_loss 1.1764 | union_precision 0.8654 | weighted_recall 0.6497 | union_precision 0.8654 | threshold 0.050 | val_model raw | lr 0.001000
Epoch 9/60 | train_loss 1.1623 | union_precision 0.8654 | weighted_recall 0.6497 | union_precision 0.8654 | threshold 0.050 | val_model raw | lr 0.001000
Epoch 10/60 | train_loss 1.1468 | union_precision 0.9250 | weighted_recall 0.5901 | union_precision 0.9250 | threshold 0.575 | val_model raw | lr 0.001000
Epoch 11/60 | train_loss 1.1298 | union_precision 0.8605 | weighted_recall 0.5901 | union_precision 0.8605 | threshold 0.550 | val_model raw | lr 0.001000
Epoch 12/60 | train_loss 1.1166 | union_precision 0.8605 | weighted_recall 0.5869 | union_precision 0.8605 | threshold 0.550 | val_model raw | lr 0.001000
Epoch 13/60 | train_loss 1.1032 | union_precision 0.8605 | weighted_recall 0.5869 | union_precision 0.8605 | threshold 0.575 | val_model raw | lr 0.001000
Epoch 14/60 | train_loss 1.0869 | union_precision 0.8605 | weighted_recall 0.5869 | union_precision 0.8605 | threshold 0.575 | val_model raw | lr 0.001000
Epoch 15/60 | train_loss 1.0770 | union_precision 0.8605 | weighted_recall 0.5869 | union_precision 0.8605 | threshold 0.575 | val_model raw | lr 0.001000
Epoch 16/60 | train_loss 1.0589 | union_precision 0.8667 | weighted_recall 0.6176 | union_precision 0.8667 | threshold 0.525 | val_model raw | lr 0.001000
Epoch 17/60 | train_loss 1.0544 | union_precision 0.8542 | weighted_recall 0.6211 | union_precision 0.8542 | threshold 0.500 | val_model raw | lr 0.001000
Early stopping at epoch 17
Held-out M67-4 | union_precision=0.8654 | weighted_recall=0.6497 | consensus_recall=0.0000
Epoch 1/60 | train_loss 1.5220 | union_precision 0.8571 | weighted_recall 0.2325 | union_precision 0.8571 | threshold 0.425 | val_model raw | lr 0.001000
Epoch 2/60 | train_loss 1.3958 | union_precision 0.8824 | weighted_recall 0.1257 | union_precision 0.8824 | threshold 0.500 | val_model raw | lr 0.001000
Epoch 3/60 | train_loss 1.3316 | union_precision 0.7419 | weighted_recall 0.1995 | union_precision 0.7419 | threshold 0.050 | val_model raw | lr 0.001000
Epoch 4/60 | train_loss 1.2806 | union_precision 0.7407 | weighted_recall 0.2465 | union_precision 0.7407 | threshold 0.475 | val_model raw | lr 0.001000
Epoch 5/60 | train_loss 1.2529 | union_precision 0.7143 | weighted_recall 0.2109 | union_precision 0.7143 | threshold 0.500 | val_model raw | lr 0.001000
Epoch 6/60 | train_loss 1.2213 | union_precision 1.0000 | weighted_recall 0.0237 | union_precision 1.0000 | threshold 0.650 | val_model raw | lr 0.001000
Epoch 7/60 | train_loss 1.1911 | union_precision 1.0000 | weighted_recall 0.0237 | union_precision 1.0000 | threshold 0.650 | val_model raw | lr 0.001000
Epoch 8/60 | train_loss 1.1748 | union_precision 1.0000 | weighted_recall 0.0237 | union_precision 1.0000 | threshold 0.650 | val_model raw | lr 0.001000
Epoch 9/60 | train_loss 1.1593 | union_precision 1.0000 | weighted_recall 0.0237 | union_precision 1.0000 | threshold 0.650 | val_model raw | lr 0.001000
Epoch 10/60 | train_loss 1.1460 | union_precision 1.0000 | weighted_recall 0.0807 | union_precision 1.0000 | threshold 0.650 | val_model raw | lr 0.001000
Epoch 11/60 | train_loss 1.1301 | union_precision 1.0000 | weighted_recall 0.0807 | union_precision 1.0000 | threshold 0.675 | val_model raw | lr 0.001000
Early stopping at epoch 11
Held-out M68-1 | union_precision=0.8571 | weighted_recall=0.2325 | consensus_recall=0.0000
Epoch 1/60 | train_loss 1.5220 | union_precision 0.9091 | weighted_recall 0.1961 | union_precision 0.9091 | threshold 0.550 | val_model raw | lr 0.001000
Epoch 2/60 | train_loss 1.3962 | union_precision 0.8667 | weighted_recall 0.4925 | union_precision 0.8667 | threshold 0.475 | val_model raw | lr 0.001000
Epoch 3/60 | train_loss 1.3324 | union_precision 0.8667 | weighted_recall 0.5088 | union_precision 0.8667 | threshold 0.525 | val_model raw | lr 0.001000
Epoch 4/60 | train_loss 1.2827 | union_precision 0.8529 | weighted_recall 0.5092 | union_precision 0.8529 | threshold 0.500 | val_model raw | lr 0.001000
Epoch 5/60 | train_loss 1.2535 | union_precision 0.8235 | weighted_recall 0.4743 | union_precision 0.8235 | threshold 0.500 | val_model raw | lr 0.001000
Epoch 6/60 | train_loss 1.2214 | union_precision 0.8235 | weighted_recall 0.4743 | union_precision 0.8235 | threshold 0.500 | val_model raw | lr 0.001000
Epoch 7/60 | train_loss 1.1917 | union_precision 0.8235 | weighted_recall 0.4917 | union_precision 0.8235 | threshold 0.500 | val_model raw | lr 0.001000
Epoch 8/60 | train_loss 1.1758 | union_precision 0.8333 | weighted_recall 0.4592 | union_precision 0.8333 | threshold 0.550 | val_model raw | lr 0.001000
Epoch 9/60 | train_loss 1.1609 | union_precision 0.8333 | weighted_recall 0.4592 | union_precision 0.8333 | threshold 0.550 | val_model raw | lr 0.001000
Epoch 10/60 | train_loss 1.1478 | union_precision 0.8421 | weighted_recall 0.4201 | union_precision 0.8421 | threshold 0.600 | val_model raw | lr 0.001000
Epoch 11/60 | train_loss 1.1319 | union_precision 0.8421 | weighted_recall 0.4201 | union_precision 0.8421 | threshold 0.600 | val_model raw | lr 0.001000
Epoch 12/60 | train_loss 1.1142 | union_precision 0.8500 | weighted_recall 0.4210 | union_precision 0.8500 | threshold 0.600 | val_model raw | lr 0.001000
Epoch 13/60 | train_loss 1.1018 | union_precision 0.8421 | weighted_recall 0.4201 | union_precision 0.8421 | threshold 0.625 | val_model raw | lr 0.001000
Epoch 14/60 | train_loss 1.0861 | union_precision 0.8421 | weighted_recall 0.4201 | union_precision 0.8421 | threshold 0.625 | val_model raw | lr 0.001000
Early stopping at epoch 14
Held-out M68-2 | union_precision=0.8529 | weighted_recall=0.5092 | consensus_recall=0.0000
Epoch 1/60 | train_loss 1.5206 | union_precision 0.8333 | weighted_recall 0.2428 | union_precision 0.8333 | threshold 0.500 | val_model raw | lr 0.001000
Epoch 2/60 | train_loss 1.3943 | union_precision 0.8235 | weighted_recall 0.2334 | union_precision 0.8235 | threshold 0.500 | val_model raw | lr 0.001000
Epoch 3/60 | train_loss 1.3320 | union_precision 0.8750 | weighted_recall 0.4071 | union_precision 0.8750 | threshold 0.475 | val_model raw | lr 0.001000
Epoch 4/60 | train_loss 1.2867 | union_precision 0.9091 | weighted_recall 0.5569 | union_precision 0.9091 | threshold 0.050 | val_model raw | lr 0.001000
Epoch 5/60 | train_loss 1.2532 | union_precision 0.9000 | weighted_recall 0.5790 | union_precision 0.9000 | threshold 0.475 | val_model raw | lr 0.001000
Epoch 6/60 | train_loss 1.2233 | union_precision 0.9000 | weighted_recall 0.5790 | union_precision 0.9000 | threshold 0.475 | val_model raw | lr 0.001000
Epoch 7/60 | train_loss 1.1933 | union_precision 0.8636 | weighted_recall 0.6020 | union_precision 0.8636 | threshold 0.475 | val_model raw | lr 0.001000
Epoch 8/60 | train_loss 1.1776 | union_precision 0.9048 | weighted_recall 0.6020 | union_precision 0.9048 | threshold 0.475 | val_model raw | lr 0.001000
Epoch 9/60 | train_loss 1.1640 | union_precision 0.9000 | weighted_recall 0.6004 | union_precision 0.9000 | threshold 0.475 | val_model raw | lr 0.001000
Epoch 10/60 | train_loss 1.1509 | union_precision 0.9000 | weighted_recall 0.6004 | union_precision 0.9000 | threshold 0.475 | val_model raw | lr 0.001000
Epoch 11/60 | train_loss 1.1327 | union_precision 0.8696 | weighted_recall 0.6098 | union_precision 0.8696 | threshold 0.450 | val_model raw | lr 0.001000
Epoch 12/60 | train_loss 1.1150 | union_precision 0.8800 | weighted_recall 0.6129 | union_precision 0.8800 | threshold 0.050 | val_model raw | lr 0.001000
Epoch 13/60 | train_loss 1.1036 | union_precision 0.8750 | weighted_recall 0.6114 | union_precision 0.8750 | threshold 0.050 | val_model raw | lr 0.001000
Epoch 14/60 | train_loss 1.0889 | union_precision 0.8750 | weighted_recall 0.6114 | union_precision 0.8750 | threshold 0.050 | val_model raw | lr 0.001000
Epoch 15/60 | train_loss 1.0785 | union_precision 0.8800 | weighted_recall 0.6129 | union_precision 0.8800 | threshold 0.050 | val_model raw | lr 0.001000
Epoch 16/60 | train_loss 1.0607 | union_precision 0.8800 | weighted_recall 0.6129 | union_precision 0.8800 | threshold 0.050 | val_model raw | lr 0.001000
Epoch 17/60 | train_loss 1.0552 | union_precision 0.8750 | weighted_recall 0.6114 | union_precision 0.8750 | threshold 0.375 | val_model raw | lr 0.001000
Epoch 18/60 | train_loss 1.0379 | union_precision 0.9524 | weighted_recall 0.6098 | union_precision 0.9524 | threshold 0.400 | val_model raw | lr 0.001000
Epoch 19/60 | train_loss 1.0266 | union_precision 0.8750 | weighted_recall 0.6114 | union_precision 0.8750 | threshold 0.350 | val_model raw | lr 0.001000
Epoch 20/60 | train_loss 1.0227 | union_precision 0.8750 | weighted_recall 0.6114 | union_precision 0.8750 | threshold 0.325 | val_model raw | lr 0.001000
Epoch 21/60 | train_loss 1.0161 | union_precision 0.8750 | weighted_recall 0.6098 | union_precision 0.8750 | threshold 0.325 | val_model raw | lr 0.001000
Epoch 22/60 | train_loss 0.9997 | union_precision 0.8750 | weighted_recall 0.6098 | union_precision 0.8750 | threshold 0.300 | val_model raw | lr 0.001000
Early stopping at epoch 22
Held-out M68-3 | union_precision=0.8800 | weighted_recall=0.6129 | consensus_recall=0.0000
Epoch 1/60 | train_loss 1.5167 | union_precision 0.6452 | weighted_recall 0.2264 | union_precision 0.6452 | threshold 0.050 | val_model raw | lr 0.001000
Epoch 2/60 | train_loss 1.4001 | union_precision 0.7155 | weighted_recall 0.2651 | union_precision 0.7155 | threshold 0.050 | val_model raw | lr 0.001000
Epoch 3/60 | train_loss 1.3374 | union_precision 0.7738 | weighted_recall 0.3077 | union_precision 0.7738 | threshold 0.500 | val_model raw | lr 0.001000
Epoch 4/60 | train_loss 1.2927 | union_precision 0.8493 | weighted_recall 0.2922 | union_precision 0.8493 | threshold 0.525 | val_model raw | lr 0.001000
Epoch 5/60 | train_loss 1.2486 | union_precision 0.8596 | weighted_recall 0.4564 | union_precision 0.8596 | threshold 0.475 | val_model raw | lr 0.001000
Epoch 6/60 | train_loss 1.2185 | union_precision 0.8727 | weighted_recall 0.4492 | union_precision 0.8727 | threshold 0.500 | val_model raw | lr 0.001000
Epoch 7/60 | train_loss 1.1971 | union_precision 0.8807 | weighted_recall 0.4492 | union_precision 0.8807 | threshold 0.500 | val_model raw | lr 0.001000
Epoch 8/60 | train_loss 1.1904 | union_precision 0.8537 | weighted_recall 0.4665 | union_precision 0.8537 | threshold 0.450 | val_model raw | lr 0.001000
Epoch 9/60 | train_loss 1.1687 | union_precision 0.8537 | weighted_recall 0.4606 | union_precision 0.8537 | threshold 0.450 | val_model raw | lr 0.001000
Epoch 10/60 | train_loss 1.1464 | union_precision 0.8525 | weighted_recall 0.4614 | union_precision 0.8525 | threshold 0.475 | val_model raw | lr 0.001000
Epoch 11/60 | train_loss 1.1326 | union_precision 0.8504 | weighted_recall 0.4697 | union_precision 0.8504 | threshold 0.450 | val_model raw | lr 0.001000
Epoch 12/60 | train_loss 1.1221 | union_precision 0.8615 | weighted_recall 0.4861 | union_precision 0.8615 | threshold 0.425 | val_model raw | lr 0.001000
Epoch 13/60 | train_loss 1.1003 | union_precision 0.8583 | weighted_recall 0.4719 | union_precision 0.8583 | threshold 0.425 | val_model raw | lr 0.001000
Epoch 14/60 | train_loss 1.0832 | union_precision 0.8615 | weighted_recall 0.4826 | union_precision 0.8615 | threshold 0.400 | val_model raw | lr 0.001000
Epoch 15/60 | train_loss 1.0770 | union_precision 0.8583 | weighted_recall 0.4595 | union_precision 0.8583 | threshold 0.400 | val_model raw | lr 0.001000
Epoch 16/60 | train_loss 1.0729 | union_precision 0.8527 | weighted_recall 0.4473 | union_precision 0.8527 | threshold 0.375 | val_model raw | lr 0.001000
Epoch 17/60 | train_loss 1.0535 | union_precision 0.8560 | weighted_recall 0.4334 | union_precision 0.8560 | threshold 0.375 | val_model raw | lr 0.001000
Epoch 18/60 | train_loss 1.0398 | union_precision 0.8571 | weighted_recall 0.4339 | union_precision 0.8571 | threshold 0.350 | val_model raw | lr 0.001000
Epoch 19/60 | train_loss 1.0227 | union_precision 0.8678 | weighted_recall 0.4338 | union_precision 0.8678 | threshold 0.350 | val_model raw | lr 0.001000
Epoch 20/60 | train_loss 1.0251 | union_precision 0.8739 | weighted_recall 0.4327 | union_precision 0.8739 | threshold 0.375 | val_model raw | lr 0.001000
Epoch 21/60 | train_loss 1.0147 | union_precision 0.8750 | weighted_recall 0.4242 | union_precision 0.8750 | threshold 0.325 | val_model raw | lr 0.001000
Epoch 22/60 | train_loss 1.0015 | union_precision 0.8707 | weighted_recall 0.4331 | union_precision 0.8707 | threshold 0.325 | val_model raw | lr 0.001000
Early stopping at epoch 22
Held-out M06-1__M06-2__M06-3 | union_precision=0.8615 | weighted_recall=0.4861 | consensus_recall=0.2000
Wrote nested CV results to /gpfs/work/int/yuxuanliu2204/Changheng/xmltoexp/MERIX SUBMISSION/Boundary_Restart/reports/nested_piece_cv/weighted_topdown_merge56_level2plus_boundary_seed42
Best candidate: model-tcn__detector_target-level2plus_boundary__selection_metric-weighted_recall__min_precision-0p85__loss_type-bce__rest_span_label_mode-none__rest_span_tolerance_negative_weight-1p0 | mean_primary_metric=0.4067 | mean_union_precision=0.9024
Command: python Command: run_nested_piece_cv.py Command: --config Command: configs/salience_grouped3_hi8_score_only_xml_curated.yaml Command: --outer_heldout_piece Command: M06-1 Command: M06-2 Command: M06-3 Command: --inner_mode Command: leave_one Command: --model Command: tcn Command: --detector_target Command: level3plus_boundary Command: --selection_metric Command: weighted_recall Command: --precision_metric Command: union_precision Command: --min_precision Command: 0.85 Command: --loss_type Command: bce Command: --min_train_frequency_target Command: 0.05 Command: --cumulative_merge_tolerance Command: 2 Command: --cumulative_component_weights_json Command: \{\"level56\":1.0\,\"level4\":0.64\,\"level3\":0.46\,\"level2\":0.28\,\"level1\":0.16\} Command: --device Command: cuda Command: --epochs Command: 60 Command: --early_stop_patience Command: 10 Command: --seed Command: 42 Command: --skip_stage_grading Command: --run_outer_fit Command: --output_dir Command: reports/nested_piece_cv/weighted_topdown_merge56_level3plus_boundary_seed42 Command: --reuse_existing 
Epoch 1/60 | train_loss 1.5319 | union_precision 0.6136 | weighted_recall 0.1664 | union_precision 0.6136 | threshold 0.050 | val_model raw | lr 0.001000
Epoch 2/60 | train_loss 1.3983 | union_precision 0.6744 | weighted_recall 0.2778 | union_precision 0.6744 | threshold 0.400 | val_model raw | lr 0.001000
Epoch 3/60 | train_loss 1.3257 | union_precision 0.7778 | weighted_recall 0.0642 | union_precision 0.7778 | threshold 0.525 | val_model raw | lr 0.001000
Epoch 4/60 | train_loss 1.2764 | union_precision 0.7917 | weighted_recall 0.2717 | union_precision 0.7917 | threshold 0.500 | val_model raw | lr 0.001000
Epoch 5/60 | train_loss 1.2377 | union_precision 0.8000 | weighted_recall 0.0990 | union_precision 0.8000 | threshold 0.525 | val_model raw | lr 0.001000
Epoch 6/60 | train_loss 1.1990 | union_precision 0.9091 | weighted_recall 0.1761 | union_precision 0.9091 | threshold 0.525 | val_model raw | lr 0.001000
Epoch 7/60 | train_loss 1.1628 | union_precision 0.8333 | weighted_recall 0.1181 | union_precision 0.8333 | threshold 0.550 | val_model raw | lr 0.001000
Epoch 8/60 | train_loss 1.1446 | union_precision 0.7692 | weighted_recall 0.2319 | union_precision 0.7692 | threshold 0.525 | val_model raw | lr 0.001000
Epoch 9/60 | train_loss 1.1137 | union_precision 0.7778 | weighted_recall 0.2101 | union_precision 0.7778 | threshold 0.550 | val_model raw | lr 0.001000
Epoch 10/60 | train_loss 1.1039 | union_precision 0.8095 | weighted_recall 0.2394 | union_precision 0.8095 | threshold 0.550 | val_model raw | lr 0.001000
Epoch 11/60 | train_loss 1.0775 | union_precision 0.8000 | weighted_recall 0.0943 | union_precision 0.8000 | threshold 0.625 | val_model raw | lr 0.001000
Epoch 12/60 | train_loss 1.0527 | union_precision 0.8000 | weighted_recall 0.0943 | union_precision 0.8000 | threshold 0.650 | val_model raw | lr 0.001000
Epoch 13/60 | train_loss 1.0373 | union_precision 0.8276 | weighted_recall 0.3148 | union_precision 0.8276 | threshold 0.550 | val_model raw | lr 0.001000
Epoch 14/60 | train_loss 1.0176 | union_precision 0.8519 | weighted_recall 0.3195 | union_precision 0.8519 | threshold 0.550 | val_model raw | lr 0.001000
Epoch 15/60 | train_loss 1.0048 | union_precision 0.8462 | weighted_recall 0.3152 | union_precision 0.8462 | threshold 0.575 | val_model raw | lr 0.001000
Epoch 16/60 | train_loss 0.9907 | union_precision 0.8462 | weighted_recall 0.3095 | union_precision 0.8462 | threshold 0.575 | val_model raw | lr 0.001000
Epoch 17/60 | train_loss 0.9663 | union_precision 0.8462 | weighted_recall 0.3063 | union_precision 0.8462 | threshold 0.575 | val_model raw | lr 0.001000
Epoch 18/60 | train_loss 0.9730 | union_precision 0.8462 | weighted_recall 0.3063 | union_precision 0.8462 | threshold 0.575 | val_model raw | lr 0.001000
Epoch 19/60 | train_loss 0.9573 | union_precision 0.8462 | weighted_recall 0.3063 | union_precision 0.8462 | threshold 0.550 | val_model raw | lr 0.001000
Epoch 20/60 | train_loss 0.9360 | union_precision 1.0000 | weighted_recall 0.0347 | union_precision 1.0000 | threshold 0.850 | val_model raw | lr 0.001000
Epoch 21/60 | train_loss 0.9303 | union_precision 1.0000 | weighted_recall 0.0347 | union_precision 1.0000 | threshold 0.850 | val_model raw | lr 0.001000
Epoch 22/60 | train_loss 0.9016 | union_precision 1.0000 | weighted_recall 0.0696 | union_precision 1.0000 | threshold 0.850 | val_model raw | lr 0.001000
Epoch 23/60 | train_loss 0.9093 | union_precision 1.0000 | weighted_recall 0.0943 | union_precision 1.0000 | threshold 0.825 | val_model raw | lr 0.001000
Epoch 24/60 | train_loss 0.8982 | union_precision 1.0000 | weighted_recall 0.0943 | union_precision 1.0000 | threshold 0.825 | val_model raw | lr 0.001000
Early stopping at epoch 24
Held-out M07-1 | union_precision=0.8519 | weighted_recall=0.3195 | consensus_recall=0.0000
Epoch 1/60 | train_loss 1.5361 | union_precision 0.7500 | weighted_recall 0.0304 | union_precision 0.7500 | threshold 0.575 | val_model raw | lr 0.001000
Epoch 2/60 | train_loss 1.3997 | union_precision 0.7500 | weighted_recall 0.0304 | union_precision 0.7500 | threshold 0.575 | val_model raw | lr 0.001000
Epoch 3/60 | train_loss 1.3219 | union_precision 0.7333 | weighted_recall 0.0887 | union_precision 0.7333 | threshold 0.575 | val_model raw | lr 0.001000
Epoch 4/60 | train_loss 1.2760 | union_precision 0.7778 | weighted_recall 0.0781 | union_precision 0.7778 | threshold 0.625 | val_model raw | lr 0.001000
Epoch 5/60 | train_loss 1.2391 | union_precision 0.7778 | weighted_recall 0.0781 | union_precision 0.7778 | threshold 0.650 | val_model raw | lr 0.001000
Epoch 6/60 | train_loss 1.2010 | union_precision 0.7778 | weighted_recall 0.0781 | union_precision 0.7778 | threshold 0.650 | val_model raw | lr 0.001000
Epoch 7/60 | train_loss 1.1626 | union_precision 0.7778 | weighted_recall 0.0781 | union_precision 0.7778 | threshold 0.650 | val_model raw | lr 0.001000
Epoch 8/60 | train_loss 1.1465 | union_precision 0.7778 | weighted_recall 0.0781 | union_precision 0.7778 | threshold 0.675 | val_model raw | lr 0.001000
Epoch 9/60 | train_loss 1.1135 | union_precision 0.8000 | weighted_recall 0.0246 | union_precision 0.8000 | threshold 0.725 | val_model raw | lr 0.001000
Epoch 10/60 | train_loss 1.1054 | union_precision 1.0000 | weighted_recall 0.0105 | union_precision 1.0000 | threshold 0.750 | val_model raw | lr 0.001000
Epoch 11/60 | train_loss 1.0762 | union_precision 0.8750 | weighted_recall 0.0781 | union_precision 0.8750 | threshold 0.725 | val_model raw | lr 0.001000
Epoch 12/60 | train_loss 1.0500 | union_precision 0.8750 | weighted_recall 0.0781 | union_precision 0.8750 | threshold 0.725 | val_model raw | lr 0.001000
Epoch 13/60 | train_loss 1.0381 | union_precision 0.8750 | weighted_recall 0.0781 | union_precision 0.8750 | threshold 0.725 | val_model raw | lr 0.001000
Epoch 14/60 | train_loss 1.0177 | union_precision 0.8750 | weighted_recall 0.0781 | union_precision 0.8750 | threshold 0.750 | val_model raw | lr 0.001000
Epoch 15/60 | train_loss 1.0028 | union_precision 0.8750 | weighted_recall 0.0781 | union_precision 0.8750 | threshold 0.750 | val_model raw | lr 0.001000
Epoch 16/60 | train_loss 0.9878 | union_precision 0.8750 | weighted_recall 0.0781 | union_precision 0.8750 | threshold 0.750 | val_model raw | lr 0.001000
Epoch 17/60 | train_loss 0.9681 | union_precision 0.8750 | weighted_recall 0.0781 | union_precision 0.8750 | threshold 0.750 | val_model raw | lr 0.001000
Epoch 18/60 | train_loss 0.9703 | union_precision 0.8500 | weighted_recall 0.2087 | union_precision 0.8500 | threshold 0.675 | val_model raw | lr 0.001000
Epoch 19/60 | train_loss 0.9585 | union_precision 1.0000 | weighted_recall 0.0781 | union_precision 1.0000 | threshold 0.775 | val_model raw | lr 0.001000
Epoch 20/60 | train_loss 0.9341 | union_precision 0.8529 | weighted_recall 0.3466 | union_precision 0.8529 | threshold 0.600 | val_model raw | lr 0.001000
Epoch 21/60 | train_loss 0.9297 | union_precision 0.8571 | weighted_recall 0.3242 | union_precision 0.8571 | threshold 0.625 | val_model raw | lr 0.001000
Epoch 22/60 | train_loss 0.9017 | union_precision 0.8529 | weighted_recall 0.3563 | union_precision 0.8529 | threshold 0.575 | val_model raw | lr 0.001000
Epoch 23/60 | train_loss 0.9086 | union_precision 0.8529 | weighted_recall 0.3450 | union_precision 0.8529 | threshold 0.550 | val_model raw | lr 0.001000
Epoch 24/60 | train_loss 0.8960 | union_precision 0.8529 | weighted_recall 0.3450 | union_precision 0.8529 | threshold 0.525 | val_model raw | lr 0.001000
Epoch 25/60 | train_loss 0.8867 | union_precision 0.8611 | weighted_recall 0.3489 | union_precision 0.8611 | threshold 0.500 | val_model raw | lr 0.001000
Epoch 26/60 | train_loss 0.8699 | union_precision 0.8571 | weighted_recall 0.3466 | union_precision 0.8571 | threshold 0.500 | val_model raw | lr 0.001000
Epoch 27/60 | train_loss 0.8608 | union_precision 0.8571 | weighted_recall 0.3466 | union_precision 0.8571 | threshold 0.500 | val_model raw | lr 0.001000
Epoch 28/60 | train_loss 0.8496 | union_precision 0.8529 | weighted_recall 0.3466 | union_precision 0.8529 | threshold 0.500 | val_model raw | lr 0.001000
Epoch 29/60 | train_loss 0.8321 | union_precision 0.8571 | weighted_recall 0.3586 | union_precision 0.8571 | threshold 0.500 | val_model raw | lr 0.001000
Epoch 30/60 | train_loss 0.8315 | union_precision 0.8529 | weighted_recall 0.3551 | union_precision 0.8529 | threshold 0.500 | val_model raw | lr 0.001000
Epoch 31/60 | train_loss 0.8217 | union_precision 0.9091 | weighted_recall 0.3274 | union_precision 0.9091 | threshold 0.650 | val_model raw | lr 0.001000
Epoch 32/60 | train_loss 0.8154 | union_precision 0.8621 | weighted_recall 0.3679 | union_precision 0.8621 | threshold 0.525 | val_model raw | lr 0.001000
Epoch 33/60 | train_loss 0.8052 | union_precision 0.8621 | weighted_recall 0.3873 | union_precision 0.8621 | threshold 0.525 | val_model raw | lr 0.001000
Epoch 34/60 | train_loss 0.8025 | union_precision 0.8621 | weighted_recall 0.4638 | union_precision 0.8621 | threshold 0.525 | val_model raw | lr 0.001000
Epoch 35/60 | train_loss 0.7785 | union_precision 0.8621 | weighted_recall 0.4638 | union_precision 0.8621 | threshold 0.500 | val_model raw | lr 0.001000
Epoch 36/60 | train_loss 0.7786 | union_precision 0.8929 | weighted_recall 0.4638 | union_precision 0.8929 | threshold 0.600 | val_model raw | lr 0.001000
Epoch 37/60 | train_loss 0.7744 | union_precision 0.8929 | weighted_recall 0.4638 | union_precision 0.8929 | threshold 0.600 | val_model raw | lr 0.001000
Epoch 38/60 | train_loss 0.7578 | union_precision 0.8621 | weighted_recall 0.3970 | union_precision 0.8621 | threshold 0.450 | val_model raw | lr 0.001000
Epoch 39/60 | train_loss 0.7541 | union_precision 0.8621 | weighted_recall 0.3970 | union_precision 0.8621 | threshold 0.450 | val_model raw | lr 0.001000
Epoch 40/60 | train_loss 0.7477 | union_precision 0.8667 | weighted_recall 0.3992 | union_precision 0.8667 | threshold 0.425 | val_model raw | lr 0.001000
Epoch 41/60 | train_loss 0.7400 | union_precision 0.9091 | weighted_recall 0.3705 | union_precision 0.9091 | threshold 0.650 | val_model raw | lr 0.001000
Epoch 42/60 | train_loss 0.7403 | union_precision 0.9091 | weighted_recall 0.3705 | union_precision 0.9091 | threshold 0.650 | val_model raw | lr 0.001000
Epoch 43/60 | train_loss 0.7283 | union_precision 0.9091 | weighted_recall 0.3705 | union_precision 0.9091 | threshold 0.650 | val_model raw | lr 0.001000
Epoch 44/60 | train_loss 0.7286 | union_precision 0.9091 | weighted_recall 0.3705 | union_precision 0.9091 | threshold 0.650 | val_model raw | lr 0.001000
Epoch 45/60 | train_loss 0.7174 | union_precision 0.8519 | weighted_recall 0.3915 | union_precision 0.8519 | threshold 0.575 | val_model raw | lr 0.001000
Epoch 46/60 | train_loss 0.6999 | union_precision 0.8571 | weighted_recall 0.3963 | union_precision 0.8571 | threshold 0.550 | val_model raw | lr 0.001000
Epoch 47/60 | train_loss 0.7092 | union_precision 0.9091 | weighted_recall 0.3721 | union_precision 0.9091 | threshold 0.650 | val_model raw | lr 0.001000
Early stopping at epoch 47
Held-out M07-2 | union_precision=0.8929 | weighted_recall=0.4638 | consensus_recall=1.0000
Epoch 1/60 | train_loss 1.5362 | union_precision 0.8000 | weighted_recall 0.0394 | union_precision 0.8000 | threshold 0.575 | val_model raw | lr 0.001000
Epoch 2/60 | train_loss 1.3948 | union_precision 0.9000 | weighted_recall 0.0557 | union_precision 0.9000 | threshold 0.550 | val_model raw | lr 0.001000
Epoch 3/60 | train_loss 1.3231 | union_precision 0.9000 | weighted_recall 0.1000 | union_precision 0.9000 | threshold 0.575 | val_model raw | lr 0.001000
Epoch 4/60 | train_loss 1.2743 | union_precision 0.9000 | weighted_recall 0.1000 | union_precision 0.9000 | threshold 0.600 | val_model raw | lr 0.001000
Epoch 5/60 | train_loss 1.2326 | union_precision 0.9000 | weighted_recall 0.1000 | union_precision 0.9000 | threshold 0.625 | val_model raw | lr 0.001000
Epoch 6/60 | train_loss 1.2023 | union_precision 0.8750 | weighted_recall 0.0961 | union_precision 0.8750 | threshold 0.650 | val_model raw | lr 0.001000
Epoch 7/60 | train_loss 1.1604 | union_precision 0.8333 | weighted_recall 0.1134 | union_precision 0.8333 | threshold 0.625 | val_model raw | lr 0.001000
Epoch 8/60 | train_loss 1.1408 | union_precision 0.8182 | weighted_recall 0.1107 | union_precision 0.8182 | threshold 0.650 | val_model raw | lr 0.001000
Epoch 9/60 | train_loss 1.1139 | union_precision 0.7857 | weighted_recall 0.1132 | union_precision 0.7857 | threshold 0.625 | val_model raw | lr 0.001000
Epoch 10/60 | train_loss 1.0991 | union_precision 0.8000 | weighted_recall 0.0852 | union_precision 0.8000 | threshold 0.725 | val_model raw | lr 0.001000
Epoch 11/60 | train_loss 1.0735 | union_precision 1.0000 | weighted_recall 0.0406 | union_precision 1.0000 | threshold 0.750 | val_model raw | lr 0.001000
Epoch 12/60 | train_loss 1.0481 | union_precision 1.0000 | weighted_recall 0.0798 | union_precision 1.0000 | threshold 0.750 | val_model raw | lr 0.001000
Epoch 13/60 | train_loss 1.0353 | union_precision 1.0000 | weighted_recall 0.0540 | union_precision 1.0000 | threshold 0.750 | val_model raw | lr 0.001000
Early stopping at epoch 13
Held-out M07-3 | union_precision=0.9000 | weighted_recall=0.1000 | consensus_recall=0.0000
Epoch 1/60 | train_loss 1.5340 | union_precision 1.0000 | weighted_recall 0.0733 | union_precision 1.0000 | threshold 0.575 | val_model raw | lr 0.001000
Epoch 2/60 | train_loss 1.3948 | union_precision 1.0000 | weighted_recall 0.0733 | union_precision 1.0000 | threshold 0.575 | val_model raw | lr 0.001000
Epoch 3/60 | train_loss 1.3295 | union_precision 1.0000 | weighted_recall 0.0733 | union_precision 1.0000 | threshold 0.575 | val_model raw | lr 0.001000
Epoch 4/60 | train_loss 1.2743 | union_precision 1.0000 | weighted_recall 0.0733 | union_precision 1.0000 | threshold 0.600 | val_model raw | lr 0.001000
Epoch 5/60 | train_loss 1.2319 | union_precision 1.0000 | weighted_recall 0.1563 | union_precision 1.0000 | threshold 0.600 | val_model raw | lr 0.001000
Epoch 6/60 | train_loss 1.2031 | union_precision 0.8571 | weighted_recall 0.5421 | union_precision 0.8571 | threshold 0.550 | val_model raw | lr 0.001000
Epoch 7/60 | train_loss 1.1659 | union_precision 0.8537 | weighted_recall 0.6320 | union_precision 0.8537 | threshold 0.525 | val_model raw | lr 0.001000
Epoch 8/60 | train_loss 1.1444 | union_precision 0.8571 | weighted_recall 0.6348 | union_precision 0.8571 | threshold 0.525 | val_model raw | lr 0.001000
Epoch 9/60 | train_loss 1.1207 | union_precision 0.8857 | weighted_recall 0.5929 | union_precision 0.8857 | threshold 0.550 | val_model raw | lr 0.001000
Epoch 10/60 | train_loss 1.1049 | union_precision 0.8889 | weighted_recall 0.5550 | union_precision 0.8889 | threshold 0.575 | val_model raw | lr 0.001000
Epoch 11/60 | train_loss 1.0793 | union_precision 0.8710 | weighted_recall 0.5810 | union_precision 0.8710 | threshold 0.575 | val_model raw | lr 0.001000
Epoch 12/60 | train_loss 1.0507 | union_precision 0.8750 | weighted_recall 0.5836 | union_precision 0.8750 | threshold 0.575 | val_model raw | lr 0.001000
Epoch 13/60 | train_loss 1.0400 | union_precision 0.8788 | weighted_recall 0.5864 | union_precision 0.8788 | threshold 0.575 | val_model raw | lr 0.001000
Epoch 14/60 | train_loss 1.0152 | union_precision 0.9062 | weighted_recall 0.5929 | union_precision 0.9062 | threshold 0.575 | val_model raw | lr 0.001000
Epoch 15/60 | train_loss 1.0021 | union_precision 0.8684 | weighted_recall 0.6124 | union_precision 0.8684 | threshold 0.550 | val_model raw | lr 0.001000
Epoch 16/60 | train_loss 0.9884 | union_precision 0.8824 | weighted_recall 0.5994 | union_precision 0.8824 | threshold 0.550 | val_model raw | lr 0.001000
Epoch 17/60 | train_loss 0.9696 | union_precision 0.8788 | weighted_recall 0.5968 | union_precision 0.8788 | threshold 0.550 | val_model raw | lr 0.001000
Epoch 18/60 | train_loss 0.9703 | union_precision 0.8824 | weighted_recall 0.5994 | union_precision 0.8824 | threshold 0.525 | val_model raw | lr 0.001000
Early stopping at epoch 18
Held-out M17-1 | union_precision=0.8571 | weighted_recall=0.6348 | consensus_recall=1.0000
Epoch 1/60 | train_loss 1.5302 | union_precision 0.7143 | weighted_recall 0.1912 | union_precision 0.7143 | threshold 0.550 | val_model raw | lr 0.001000
Epoch 2/60 | train_loss 1.3927 | union_precision 0.6333 | weighted_recall 0.4056 | union_precision 0.6333 | threshold 0.050 | val_model raw | lr 0.001000
Epoch 3/60 | train_loss 1.3283 | union_precision 0.7273 | weighted_recall 0.2428 | union_precision 0.7273 | threshold 0.550 | val_model raw | lr 0.001000
Epoch 4/60 | train_loss 1.2727 | union_precision 0.7500 | weighted_recall 0.2719 | union_precision 0.7500 | threshold 0.550 | val_model raw | lr 0.001000
Epoch 5/60 | train_loss 1.2307 | union_precision 0.7692 | weighted_recall 0.2799 | union_precision 0.7692 | threshold 0.550 | val_model raw | lr 0.001000
Epoch 6/60 | train_loss 1.2000 | union_precision 0.8276 | weighted_recall 0.4743 | union_precision 0.8276 | threshold 0.500 | val_model raw | lr 0.001000
Epoch 7/60 | train_loss 1.1645 | union_precision 0.8462 | weighted_recall 0.3106 | union_precision 0.8462 | threshold 0.550 | val_model raw | lr 0.001000
Epoch 8/60 | train_loss 1.1430 | union_precision 0.8235 | weighted_recall 0.4591 | union_precision 0.8235 | threshold 0.550 | val_model raw | lr 0.001000
Epoch 9/60 | train_loss 1.1178 | union_precision 0.8235 | weighted_recall 0.4591 | union_precision 0.8235 | threshold 0.550 | val_model raw | lr 0.001000
Epoch 10/60 | train_loss 1.1044 | union_precision 0.8235 | weighted_recall 0.4591 | union_precision 0.8235 | threshold 0.550 | val_model raw | lr 0.001000
Epoch 11/60 | train_loss 1.0761 | union_precision 0.8235 | weighted_recall 0.4591 | union_precision 0.8235 | threshold 0.550 | val_model raw | lr 0.001000
Epoch 12/60 | train_loss 1.0473 | union_precision 0.8235 | weighted_recall 0.4591 | union_precision 0.8235 | threshold 0.525 | val_model raw | lr 0.001000
Epoch 13/60 | train_loss 1.0360 | union_precision 0.8333 | weighted_recall 0.4658 | union_precision 0.8333 | threshold 0.525 | val_model raw | lr 0.001000
Epoch 14/60 | train_loss 1.0117 | union_precision 1.0000 | weighted_recall 0.0336 | union_precision 1.0000 | threshold 0.800 | val_model raw | lr 0.001000
Epoch 15/60 | train_loss 0.9987 | union_precision 0.8333 | weighted_recall 0.4658 | union_precision 0.8333 | threshold 0.500 | val_model raw | lr 0.001000
Epoch 16/60 | train_loss 0.9854 | union_precision 0.8333 | weighted_recall 0.4658 | union_precision 0.8333 | threshold 0.475 | val_model raw | lr 0.001000
Epoch 17/60 | train_loss 0.9650 | union_precision 1.0000 | weighted_recall 0.0022 | union_precision 1.0000 | threshold 0.825 | val_model raw | lr 0.001000
Epoch 18/60 | train_loss 0.9675 | union_precision 0.8125 | weighted_recall 0.3618 | union_precision 0.8125 | threshold 0.550 | val_model raw | lr 0.001000
Epoch 19/60 | train_loss 0.9520 | union_precision 0.8333 | weighted_recall 0.1760 | union_precision 0.8333 | threshold 0.775 | val_model raw | lr 0.001000
Epoch 20/60 | train_loss 0.9336 | union_precision 1.0000 | weighted_recall 0.0467 | union_precision 1.0000 | threshold 0.850 | val_model raw | lr 0.001000
Epoch 21/60 | train_loss 0.9278 | union_precision 0.8333 | weighted_recall 0.1332 | union_precision 0.8333 | threshold 0.775 | val_model raw | lr 0.001000
Epoch 22/60 | train_loss 0.8961 | union_precision 0.8333 | weighted_recall 0.1332 | union_precision 0.8333 | threshold 0.775 | val_model raw | lr 0.001000
Epoch 23/60 | train_loss 0.9060 | union_precision 0.8333 | weighted_recall 0.1332 | union_precision 0.8333 | threshold 0.775 | val_model raw | lr 0.001000
Epoch 24/60 | train_loss 0.8899 | union_precision 0.8333 | weighted_recall 0.1332 | union_precision 0.8333 | threshold 0.775 | val_model raw | lr 0.001000
Epoch 25/60 | train_loss 0.8817 | union_precision 1.0000 | weighted_recall 0.0623 | union_precision 1.0000 | threshold 0.850 | val_model raw | lr 0.001000
Epoch 26/60 | train_loss 0.8662 | union_precision 1.0000 | weighted_recall 0.0623 | union_precision 1.0000 | threshold 0.850 | val_model raw | lr 0.001000
Epoch 27/60 | train_loss 0.8606 | union_precision 1.0000 | weighted_recall 0.0623 | union_precision 1.0000 | threshold 0.850 | val_model raw | lr 0.001000
Epoch 28/60 | train_loss 0.8491 | union_precision 1.0000 | weighted_recall 0.0872 | union_precision 1.0000 | threshold 0.825 | val_model raw | lr 0.001000
Epoch 29/60 | train_loss 0.8311 | union_precision 0.8667 | weighted_recall 0.3101 | union_precision 0.8667 | threshold 0.575 | val_model raw | lr 0.001000
Epoch 30/60 | train_loss 0.8273 | union_precision 0.8571 | weighted_recall 0.2788 | union_precision 0.8571 | threshold 0.600 | val_model raw | lr 0.001000
Epoch 31/60 | train_loss 0.8181 | union_precision 0.8571 | weighted_recall 0.2989 | union_precision 0.8571 | threshold 0.575 | val_model raw | lr 0.001000
Epoch 32/60 | train_loss 0.8116 | union_precision 0.8571 | weighted_recall 0.2989 | union_precision 0.8571 | threshold 0.575 | val_model raw | lr 0.001000
Epoch 33/60 | train_loss 0.8023 | union_precision 0.8571 | weighted_recall 0.2982 | union_precision 0.8571 | threshold 0.550 | val_model raw | lr 0.001000
Epoch 34/60 | train_loss 0.8037 | union_precision 1.0000 | weighted_recall 0.1934 | union_precision 1.0000 | threshold 0.825 | val_model raw | lr 0.001000
Epoch 35/60 | train_loss 0.7772 | union_precision 1.0000 | weighted_recall 0.1934 | union_precision 1.0000 | threshold 0.825 | val_model raw | lr 0.001000
Epoch 36/60 | train_loss 0.7777 | union_precision 0.8750 | weighted_recall 0.2225 | union_precision 0.8750 | threshold 0.675 | val_model raw | lr 0.001000
Epoch 37/60 | train_loss 0.7702 | union_precision 1.0000 | weighted_recall 0.1934 | union_precision 1.0000 | threshold 0.825 | val_model raw | lr 0.001000
Epoch 38/60 | train_loss 0.7547 | union_precision 0.8571 | weighted_recall 0.2181 | union_precision 0.8571 | threshold 0.675 | val_model raw | lr 0.001000
Epoch 39/60 | train_loss 0.7523 | union_precision 1.0000 | weighted_recall 0.1934 | union_precision 1.0000 | threshold 0.825 | val_model raw | lr 0.001000
Early stopping at epoch 39
Held-out M17-2 | union_precision=0.8667 | weighted_recall=0.3101 | consensus_recall=0.0000
Epoch 1/60 | train_loss 1.5319 | union_precision 1.0000 | weighted_recall 0.0259 | union_precision 1.0000 | threshold 0.625 | val_model raw | lr 0.001000
Epoch 2/60 | train_loss 1.3908 | union_precision 1.0000 | weighted_recall 0.0259 | union_precision 1.0000 | threshold 0.625 | val_model raw | lr 0.001000
Epoch 3/60 | train_loss 1.3277 | union_precision 1.0000 | weighted_recall 0.0282 | union_precision 1.0000 | threshold 0.625 | val_model raw | lr 0.001000
Epoch 4/60 | train_loss 1.2725 | union_precision 0.7500 | weighted_recall 0.0282 | union_precision 0.7500 | threshold 0.625 | val_model raw | lr 0.001000
Epoch 5/60 | train_loss 1.2296 | union_precision 1.0000 | weighted_recall 0.0259 | union_precision 1.0000 | threshold 0.675 | val_model raw | lr 0.001000
Epoch 6/60 | train_loss 1.1967 | union_precision 1.0000 | weighted_recall 0.0259 | union_precision 1.0000 | threshold 0.675 | val_model raw | lr 0.001000
Epoch 7/60 | train_loss 1.1630 | union_precision 1.0000 | weighted_recall 0.0259 | union_precision 1.0000 | threshold 0.675 | val_model raw | lr 0.001000
Epoch 8/60 | train_loss 1.1429 | union_precision 1.0000 | weighted_recall 0.0259 | union_precision 1.0000 | threshold 0.675 | val_model raw | lr 0.001000
Epoch 9/60 | train_loss 1.1155 | union_precision 0.7333 | weighted_recall 0.1410 | union_precision 0.7333 | threshold 0.625 | val_model raw | lr 0.001000
Epoch 10/60 | train_loss 1.1000 | union_precision 0.7143 | weighted_recall 0.1398 | union_precision 0.7143 | threshold 0.650 | val_model raw | lr 0.001000
Epoch 11/60 | train_loss 1.0746 | union_precision 0.7500 | weighted_recall 0.1249 | union_precision 0.7500 | threshold 0.675 | val_model raw | lr 0.001000
Epoch 12/60 | train_loss 1.0439 | union_precision 0.7857 | weighted_recall 0.1422 | union_precision 0.7857 | threshold 0.675 | val_model raw | lr 0.001000
Epoch 13/60 | train_loss 1.0352 | union_precision 1.0000 | weighted_recall 0.0226 | union_precision 1.0000 | threshold 0.750 | val_model raw | lr 0.001000
Early stopping at epoch 13
Held-out M17-3 | union_precision=1.0000 | weighted_recall=0.0282 | consensus_recall=0.0000
Epoch 1/60 | train_loss 1.5350 | union_precision 0.7500 | weighted_recall 0.0485 | union_precision 0.7500 | threshold 0.550 | val_model raw | lr 0.001000
Epoch 2/60 | train_loss 1.3901 | union_precision 0.8571 | weighted_recall 0.0592 | union_precision 0.8571 | threshold 0.550 | val_model raw | lr 0.001000
Epoch 3/60 | train_loss 1.3314 | union_precision 0.8750 | weighted_recall 0.0924 | union_precision 0.8750 | threshold 0.575 | val_model raw | lr 0.001000
Epoch 4/60 | train_loss 1.2672 | union_precision 1.0000 | weighted_recall 0.0797 | union_precision 1.0000 | threshold 0.600 | val_model raw | lr 0.001000
Epoch 5/60 | train_loss 1.2251 | union_precision 0.8750 | weighted_recall 0.0879 | union_precision 0.8750 | threshold 0.600 | val_model raw | lr 0.001000
Epoch 6/60 | train_loss 1.1913 | union_precision 0.8750 | weighted_recall 0.0879 | union_precision 0.8750 | threshold 0.600 | val_model raw | lr 0.001000
Epoch 7/60 | train_loss 1.1596 | union_precision 0.8750 | weighted_recall 0.0898 | union_precision 0.8750 | threshold 0.600 | val_model raw | lr 0.001000
Epoch 8/60 | train_loss 1.1371 | union_precision 1.0000 | weighted_recall 0.0719 | union_precision 1.0000 | threshold 0.650 | val_model raw | lr 0.001000
Epoch 9/60 | train_loss 1.1130 | union_precision 0.8571 | weighted_recall 0.0865 | union_precision 0.8571 | threshold 0.625 | val_model raw | lr 0.001000
Epoch 10/60 | train_loss 1.0945 | union_precision 1.0000 | weighted_recall 0.0719 | union_precision 1.0000 | threshold 0.675 | val_model raw | lr 0.001000
Epoch 11/60 | train_loss 1.0732 | union_precision 0.8571 | weighted_recall 0.0994 | union_precision 0.8571 | threshold 0.625 | val_model raw | lr 0.001000
Epoch 12/60 | train_loss 1.0393 | union_precision 0.8750 | weighted_recall 0.1242 | union_precision 0.8750 | threshold 0.625 | val_model raw | lr 0.001000
Epoch 13/60 | train_loss 1.0305 | union_precision 0.8529 | weighted_recall 0.1631 | union_precision 0.8529 | threshold 0.550 | val_model raw | lr 0.001000
Epoch 14/60 | train_loss 1.0048 | union_precision 0.8788 | weighted_recall 0.2058 | union_precision 0.8788 | threshold 0.550 | val_model raw | lr 0.001000
Epoch 15/60 | train_loss 0.9902 | union_precision 0.8788 | weighted_recall 0.2028 | union_precision 0.8788 | threshold 0.550 | val_model raw | lr 0.001000
Epoch 16/60 | train_loss 0.9775 | union_precision 0.8857 | weighted_recall 0.2137 | union_precision 0.8857 | threshold 0.500 | val_model raw | lr 0.001000
Epoch 17/60 | train_loss 0.9598 | union_precision 0.8857 | weighted_recall 0.2219 | union_precision 0.8857 | threshold 0.475 | val_model raw | lr 0.001000
Epoch 18/60 | train_loss 0.9612 | union_precision 0.8857 | weighted_recall 0.2137 | union_precision 0.8857 | threshold 0.450 | val_model raw | lr 0.001000
Epoch 19/60 | train_loss 0.9437 | union_precision 0.8857 | weighted_recall 0.2137 | union_precision 0.8857 | threshold 0.450 | val_model raw | lr 0.001000
Epoch 20/60 | train_loss 0.9243 | union_precision 0.9062 | weighted_recall 0.2038 | union_precision 0.9062 | threshold 0.475 | val_model raw | lr 0.001000
Epoch 21/60 | train_loss 0.9193 | union_precision 0.9062 | weighted_recall 0.1595 | union_precision 0.9062 | threshold 0.450 | val_model raw | lr 0.001000
Epoch 22/60 | train_loss 0.8877 | union_precision 0.9062 | weighted_recall 0.1678 | union_precision 0.9062 | threshold 0.450 | val_model raw | lr 0.001000
Epoch 23/60 | train_loss 0.8996 | union_precision 0.9062 | weighted_recall 0.1489 | union_precision 0.9062 | threshold 0.450 | val_model raw | lr 0.001000
Epoch 24/60 | train_loss 0.8801 | union_precision 0.8571 | weighted_recall 0.1504 | union_precision 0.8571 | threshold 0.375 | val_model raw | lr 0.001000
Epoch 25/60 | train_loss 0.8757 | union_precision 0.9062 | weighted_recall 0.1489 | union_precision 0.9062 | threshold 0.425 | val_model raw | lr 0.001000
Epoch 26/60 | train_loss 0.8656 | union_precision 0.9062 | weighted_recall 0.1479 | union_precision 0.9062 | threshold 0.425 | val_model raw | lr 0.001000
Epoch 27/60 | train_loss 0.8561 | union_precision 0.9062 | weighted_recall 0.1668 | union_precision 0.9062 | threshold 0.425 | val_model raw | lr 0.001000
Early stopping at epoch 27
Held-out M17-4 | union_precision=0.8857 | weighted_recall=0.2219 | consensus_recall=0.0000
Epoch 1/60 | train_loss 1.5331 | union_precision 0.7500 | weighted_recall 0.3080 | union_precision 0.7500 | threshold 0.525 | val_model raw | lr 0.001000
Epoch 2/60 | train_loss 1.3926 | union_precision 0.7826 | weighted_recall 0.4385 | union_precision 0.7826 | threshold 0.525 | val_model raw | lr 0.001000
Epoch 3/60 | train_loss 1.3332 | union_precision 0.7500 | weighted_recall 0.3921 | union_precision 0.7500 | threshold 0.525 | val_model raw | lr 0.001000
Epoch 4/60 | train_loss 1.2707 | union_precision 0.8000 | weighted_recall 0.0994 | union_precision 0.8000 | threshold 0.625 | val_model raw | lr 0.001000
Epoch 5/60 | train_loss 1.2294 | union_precision 0.8000 | weighted_recall 0.0994 | union_precision 0.8000 | threshold 0.650 | val_model raw | lr 0.001000
Epoch 6/60 | train_loss 1.1976 | union_precision 0.8000 | weighted_recall 0.0994 | union_precision 0.8000 | threshold 0.650 | val_model raw | lr 0.001000
Epoch 7/60 | train_loss 1.1644 | union_precision 1.0000 | weighted_recall 0.0994 | union_precision 1.0000 | threshold 0.675 | val_model raw | lr 0.001000
Epoch 8/60 | train_loss 1.1408 | union_precision 1.0000 | weighted_recall 0.0994 | union_precision 1.0000 | threshold 0.675 | val_model raw | lr 0.001000
Epoch 9/60 | train_loss 1.1166 | union_precision 0.8750 | weighted_recall 0.1765 | union_precision 0.8750 | threshold 0.650 | val_model raw | lr 0.001000
Epoch 10/60 | train_loss 1.0986 | union_precision 1.0000 | weighted_recall 0.0994 | union_precision 1.0000 | threshold 0.675 | val_model raw | lr 0.001000
Epoch 11/60 | train_loss 1.0773 | union_precision 1.0000 | weighted_recall 0.2225 | union_precision 1.0000 | threshold 0.675 | val_model raw | lr 0.001000
Epoch 12/60 | train_loss 1.0453 | union_precision 0.9000 | weighted_recall 0.1852 | union_precision 0.9000 | threshold 0.675 | val_model raw | lr 0.001000
Epoch 13/60 | train_loss 1.0353 | union_precision 0.9167 | weighted_recall 0.2532 | union_precision 0.9167 | threshold 0.675 | val_model raw | lr 0.001000
Epoch 14/60 | train_loss 1.0107 | union_precision 0.9167 | weighted_recall 0.2532 | union_precision 0.9167 | threshold 0.700 | val_model raw | lr 0.001000
Epoch 15/60 | train_loss 0.9959 | union_precision 0.9167 | weighted_recall 0.2532 | union_precision 0.9167 | threshold 0.700 | val_model raw | lr 0.001000
Epoch 16/60 | train_loss 0.9848 | union_precision 0.8571 | weighted_recall 0.3309 | union_precision 0.8571 | threshold 0.675 | val_model raw | lr 0.001000
Epoch 17/60 | train_loss 0.9655 | union_precision 0.8667 | weighted_recall 0.3889 | union_precision 0.8667 | threshold 0.650 | val_model raw | lr 0.001000
Epoch 18/60 | train_loss 0.9668 | union_precision 0.9231 | weighted_recall 0.3309 | union_precision 0.9231 | threshold 0.675 | val_model raw | lr 0.001000
Epoch 19/60 | train_loss 0.9501 | union_precision 0.9286 | weighted_recall 0.3889 | union_precision 0.9286 | threshold 0.675 | val_model raw | lr 0.001000
Epoch 20/60 | train_loss 0.9317 | union_precision 0.9286 | weighted_recall 0.3889 | union_precision 0.9286 | threshold 0.675 | val_model raw | lr 0.001000
Epoch 21/60 | train_loss 0.9251 | union_precision 0.8824 | weighted_recall 0.4638 | union_precision 0.8824 | threshold 0.650 | val_model raw | lr 0.001000
Epoch 22/60 | train_loss 0.8933 | union_precision 0.8824 | weighted_recall 0.4638 | union_precision 0.8824 | threshold 0.650 | val_model raw | lr 0.001000
Epoch 23/60 | train_loss 0.9036 | union_precision 0.8824 | weighted_recall 0.4638 | union_precision 0.8824 | threshold 0.650 | val_model raw | lr 0.001000
Epoch 24/60 | train_loss 0.8879 | union_precision 0.8824 | weighted_recall 0.4638 | union_precision 0.8824 | threshold 0.650 | val_model raw | lr 0.001000
Epoch 25/60 | train_loss 0.8812 | union_precision 0.8824 | weighted_recall 0.4638 | union_precision 0.8824 | threshold 0.650 | val_model raw | lr 0.001000
Epoch 26/60 | train_loss 0.8679 | union_precision 0.8500 | weighted_recall 0.5052 | union_precision 0.8500 | threshold 0.600 | val_model raw | lr 0.001000
Epoch 27/60 | train_loss 0.8593 | union_precision 0.8500 | weighted_recall 0.5052 | union_precision 0.8500 | threshold 0.600 | val_model raw | lr 0.001000
Epoch 28/60 | train_loss 0.8528 | union_precision 0.8636 | weighted_recall 0.5611 | union_precision 0.8636 | threshold 0.575 | val_model raw | lr 0.001000
Epoch 29/60 | train_loss 0.8324 | union_precision 0.8636 | weighted_recall 0.5611 | union_precision 0.8636 | threshold 0.575 | val_model raw | lr 0.001000
Epoch 30/60 | train_loss 0.8237 | union_precision 0.8696 | weighted_recall 0.5818 | union_precision 0.8696 | threshold 0.550 | val_model raw | lr 0.001000
Epoch 31/60 | train_loss 0.8176 | union_precision 0.8696 | weighted_recall 0.5818 | union_precision 0.8696 | threshold 0.550 | val_model raw | lr 0.001000
Epoch 32/60 | train_loss 0.8090 | union_precision 0.8696 | weighted_recall 0.5818 | union_precision 0.8696 | threshold 0.525 | val_model raw | lr 0.001000
Epoch 33/60 | train_loss 0.8032 | union_precision 0.9091 | weighted_recall 0.5818 | union_precision 0.9091 | threshold 0.675 | val_model raw | lr 0.001000
Epoch 34/60 | train_loss 0.7994 | union_precision 0.9091 | weighted_recall 0.5818 | union_precision 0.9091 | threshold 0.675 | val_model raw | lr 0.001000
Epoch 35/60 | train_loss 0.7729 | union_precision 0.9091 | weighted_recall 0.5818 | union_precision 0.9091 | threshold 0.675 | val_model raw | lr 0.001000
Epoch 36/60 | train_loss 0.7744 | union_precision 0.9091 | weighted_recall 0.5818 | union_precision 0.9091 | threshold 0.675 | val_model raw | lr 0.001000
Epoch 37/60 | train_loss 0.7742 | union_precision 0.9091 | weighted_recall 0.5818 | union_precision 0.9091 | threshold 0.675 | val_model raw | lr 0.001000
Epoch 38/60 | train_loss 0.7570 | union_precision 0.9091 | weighted_recall 0.5818 | union_precision 0.9091 | threshold 0.650 | val_model raw | lr 0.001000
Epoch 39/60 | train_loss 0.7535 | union_precision 0.9091 | weighted_recall 0.5818 | union_precision 0.9091 | threshold 0.650 | val_model raw | lr 0.001000
Epoch 40/60 | train_loss 0.7444 | union_precision 0.9091 | weighted_recall 0.5818 | union_precision 0.9091 | threshold 0.650 | val_model raw | lr 0.001000
Epoch 41/60 | train_loss 0.7366 | union_precision 0.9091 | weighted_recall 0.5818 | union_precision 0.9091 | threshold 0.675 | val_model raw | lr 0.001000
Epoch 42/60 | train_loss 0.7367 | union_precision 0.9091 | weighted_recall 0.5818 | union_precision 0.9091 | threshold 0.675 | val_model raw | lr 0.001000
Epoch 43/60 | train_loss 0.7234 | union_precision 0.9091 | weighted_recall 0.5818 | union_precision 0.9091 | threshold 0.700 | val_model raw | lr 0.001000
Early stopping at epoch 43
Held-out M24-1 | union_precision=0.9091 | weighted_recall=0.5818 | consensus_recall=0.0000
Epoch 1/60 | train_loss 1.5349 | union_precision 0.7500 | weighted_recall 0.0195 | union_precision 0.7500 | threshold 0.600 | val_model raw | lr 0.001000
Epoch 2/60 | train_loss 1.3921 | union_precision 1.0000 | weighted_recall 0.0133 | union_precision 1.0000 | threshold 0.625 | val_model raw | lr 0.001000
Epoch 3/60 | train_loss 1.3304 | union_precision 1.0000 | weighted_recall 0.0113 | union_precision 1.0000 | threshold 0.675 | val_model raw | lr 0.001000
Epoch 4/60 | train_loss 1.2702 | union_precision 1.0000 | weighted_recall 0.0113 | union_precision 1.0000 | threshold 0.700 | val_model raw | lr 0.001000
Epoch 5/60 | train_loss 1.2281 | union_precision 0.6944 | weighted_recall 0.2132 | union_precision 0.6944 | threshold 0.500 | val_model raw | lr 0.001000
Epoch 6/60 | train_loss 1.1963 | union_precision 0.6944 | weighted_recall 0.2132 | union_precision 0.6944 | threshold 0.500 | val_model raw | lr 0.001000
Epoch 7/60 | train_loss 1.1659 | union_precision 0.7500 | weighted_recall 0.0277 | union_precision 0.7500 | threshold 0.675 | val_model raw | lr 0.001000
Epoch 8/60 | train_loss 1.1395 | union_precision 0.7353 | weighted_recall 0.2194 | union_precision 0.7353 | threshold 0.525 | val_model raw | lr 0.001000
Epoch 9/60 | train_loss 1.1153 | union_precision 0.7143 | weighted_recall 0.2194 | union_precision 0.7143 | threshold 0.525 | val_model raw | lr 0.001000
Epoch 10/60 | train_loss 1.0983 | union_precision 0.7692 | weighted_recall 0.2311 | union_precision 0.7692 | threshold 0.550 | val_model raw | lr 0.001000
Epoch 11/60 | train_loss 1.0752 | union_precision 0.7273 | weighted_recall 0.2725 | union_precision 0.7273 | threshold 0.525 | val_model raw | lr 0.001000
Epoch 12/60 | train_loss 1.0446 | union_precision 0.7097 | weighted_recall 0.2688 | union_precision 0.7097 | threshold 0.525 | val_model raw | lr 0.001000
Early stopping at epoch 12
Held-out M24-2 | union_precision=1.0000 | weighted_recall=0.0133 | consensus_recall=0.0000
Epoch 1/60 | train_loss 1.5334 | union_precision 0.3333 | weighted_recall 0.0088 | union_precision 0.3333 | threshold 0.575 | val_model raw | lr 0.001000
Epoch 2/60 | train_loss 1.3963 | union_precision 1.0000 | weighted_recall 0.0088 | union_precision 1.0000 | threshold 0.650 | val_model raw | lr 0.001000
Epoch 3/60 | train_loss 1.3331 | union_precision 1.0000 | weighted_recall 0.0088 | union_precision 1.0000 | threshold 0.675 | val_model raw | lr 0.001000
Epoch 4/60 | train_loss 1.2690 | union_precision 1.0000 | weighted_recall 0.0088 | union_precision 1.0000 | threshold 0.675 | val_model raw | lr 0.001000
Epoch 5/60 | train_loss 1.2305 | union_precision 1.0000 | weighted_recall 0.0088 | union_precision 1.0000 | threshold 0.700 | val_model raw | lr 0.001000
Epoch 6/60 | train_loss 1.1980 | union_precision 1.0000 | weighted_recall 0.0088 | union_precision 1.0000 | threshold 0.700 | val_model raw | lr 0.001000
Epoch 7/60 | train_loss 1.1694 | union_precision 1.0000 | weighted_recall 0.0088 | union_precision 1.0000 | threshold 0.700 | val_model raw | lr 0.001000
Epoch 8/60 | train_loss 1.1417 | union_precision 1.0000 | weighted_recall 0.0088 | union_precision 1.0000 | threshold 0.725 | val_model raw | lr 0.001000
Epoch 9/60 | train_loss 1.1183 | union_precision 1.0000 | weighted_recall 0.0088 | union_precision 1.0000 | threshold 0.725 | val_model raw | lr 0.001000
Epoch 10/60 | train_loss 1.1045 | union_precision 1.0000 | weighted_recall 0.0088 | union_precision 1.0000 | threshold 0.750 | val_model raw | lr 0.001000
Epoch 11/60 | train_loss 1.0764 | union_precision 1.0000 | weighted_recall 0.0088 | union_precision 1.0000 | threshold 0.750 | val_model raw | lr 0.001000
Epoch 12/60 | train_loss 1.0494 | union_precision 1.0000 | weighted_recall 0.0088 | union_precision 1.0000 | threshold 0.750 | val_model raw | lr 0.001000
Early stopping at epoch 12
Held-out M24-3 | union_precision=1.0000 | weighted_recall=0.0088 | consensus_recall=0.0000
Epoch 1/60 | train_loss 1.5408 | union_precision 0.5714 | weighted_recall 0.0174 | union_precision 0.5714 | threshold 0.575 | val_model raw | lr 0.001000
Epoch 2/60 | train_loss 1.4035 | union_precision 0.6667 | weighted_recall 0.0174 | union_precision 0.6667 | threshold 0.575 | val_model raw | lr 0.001000
Epoch 3/60 | train_loss 1.3368 | union_precision 0.7500 | weighted_recall 0.0126 | union_precision 0.7500 | threshold 0.600 | val_model raw | lr 0.001000
Epoch 4/60 | train_loss 1.2706 | union_precision 0.7143 | weighted_recall 0.0393 | union_precision 0.7143 | threshold 0.600 | val_model raw | lr 0.001000
Epoch 5/60 | train_loss 1.2299 | union_precision 0.7500 | weighted_recall 0.0399 | union_precision 0.7500 | threshold 0.600 | val_model raw | lr 0.001000
Epoch 6/60 | train_loss 1.1925 | union_precision 0.8000 | weighted_recall 0.0379 | union_precision 0.8000 | threshold 0.625 | val_model raw | lr 0.001000
Epoch 7/60 | train_loss 1.1653 | union_precision 0.8571 | weighted_recall 0.0399 | union_precision 0.8571 | threshold 0.625 | val_model raw | lr 0.001000
Epoch 8/60 | train_loss 1.1359 | union_precision 1.0000 | weighted_recall 0.0165 | union_precision 1.0000 | threshold 0.675 | val_model raw | lr 0.001000
Epoch 9/60 | train_loss 1.1156 | union_precision 1.0000 | weighted_recall 0.0572 | union_precision 1.0000 | threshold 0.650 | val_model raw | lr 0.001000
Epoch 10/60 | train_loss 1.1005 | union_precision 0.9167 | weighted_recall 0.1266 | union_precision 0.9167 | threshold 0.650 | val_model raw | lr 0.001000
Epoch 11/60 | train_loss 1.0726 | union_precision 0.9000 | weighted_recall 0.0838 | union_precision 0.9000 | threshold 0.675 | val_model raw | lr 0.001000
Epoch 12/60 | train_loss 1.0458 | union_precision 0.9000 | weighted_recall 0.0776 | union_precision 0.9000 | threshold 0.700 | val_model raw | lr 0.001000
Epoch 13/60 | train_loss 1.0345 | union_precision 0.8889 | weighted_recall 0.0714 | union_precision 0.8889 | threshold 0.725 | val_model raw | lr 0.001000
Epoch 14/60 | train_loss 1.0098 | union_precision 1.0000 | weighted_recall 0.0714 | union_precision 1.0000 | threshold 0.750 | val_model raw | lr 0.001000
Epoch 15/60 | train_loss 0.9963 | union_precision 1.0000 | weighted_recall 0.0700 | union_precision 1.0000 | threshold 0.775 | val_model raw | lr 0.001000
Epoch 16/60 | train_loss 0.9851 | union_precision 1.0000 | weighted_recall 0.0496 | union_precision 1.0000 | threshold 0.800 | val_model raw | lr 0.001000
Epoch 17/60 | train_loss 0.9603 | union_precision 1.0000 | weighted_recall 0.0700 | union_precision 1.0000 | threshold 0.800 | val_model raw | lr 0.001000
Epoch 18/60 | train_loss 0.9618 | union_precision 1.0000 | weighted_recall 0.0201 | union_precision 1.0000 | threshold 0.825 | val_model raw | lr 0.001000
Epoch 19/60 | train_loss 0.9475 | union_precision 0.8889 | weighted_recall 0.0714 | union_precision 0.8889 | threshold 0.825 | val_model raw | lr 0.001000
Epoch 20/60 | train_loss 0.9284 | union_precision 1.0000 | weighted_recall 0.0007 | union_precision 1.0000 | threshold 0.875 | val_model raw | lr 0.001000
Early stopping at epoch 20
Held-out M24-4 | union_precision=0.9167 | weighted_recall=0.1266 | consensus_recall=0.0000
Epoch 1/60 | train_loss 1.5336 | union_precision 0.6667 | weighted_recall 0.0504 | union_precision 0.6667 | threshold 0.550 | val_model raw | lr 0.001000
Epoch 2/60 | train_loss 1.4023 | union_precision 0.7500 | weighted_recall 0.0737 | union_precision 0.7500 | threshold 0.550 | val_model raw | lr 0.001000
Epoch 3/60 | train_loss 1.3359 | union_precision 0.8000 | weighted_recall 0.0808 | union_precision 0.8000 | threshold 0.575 | val_model raw | lr 0.001000
Epoch 4/60 | train_loss 1.2699 | union_precision 0.8333 | weighted_recall 0.0858 | union_precision 0.8333 | threshold 0.575 | val_model raw | lr 0.001000
Epoch 5/60 | train_loss 1.2323 | union_precision 0.8333 | weighted_recall 0.0858 | union_precision 0.8333 | threshold 0.575 | val_model raw | lr 0.001000
Epoch 6/60 | train_loss 1.1938 | union_precision 0.8333 | weighted_recall 0.0858 | union_precision 0.8333 | threshold 0.600 | val_model raw | lr 0.001000
Epoch 7/60 | train_loss 1.1674 | union_precision 0.8333 | weighted_recall 0.1203 | union_precision 0.8333 | threshold 0.600 | val_model raw | lr 0.001000
Epoch 8/60 | train_loss 1.1397 | union_precision 0.7500 | weighted_recall 0.2588 | union_precision 0.7500 | threshold 0.575 | val_model raw | lr 0.001000
Epoch 9/60 | train_loss 1.1176 | union_precision 0.8182 | weighted_recall 0.3443 | union_precision 0.8182 | threshold 0.600 | val_model raw | lr 0.001000
Epoch 10/60 | train_loss 1.1036 | union_precision 0.8182 | weighted_recall 0.3443 | union_precision 0.8182 | threshold 0.600 | val_model raw | lr 0.001000
Epoch 11/60 | train_loss 1.0762 | union_precision 0.7778 | weighted_recall 0.3321 | union_precision 0.7778 | threshold 0.625 | val_model raw | lr 0.001000
Epoch 12/60 | train_loss 1.0501 | union_precision 0.7143 | weighted_recall 0.3472 | union_precision 0.7143 | threshold 0.600 | val_model raw | lr 0.001000
Epoch 13/60 | train_loss 1.0389 | union_precision 0.7500 | weighted_recall 0.2987 | union_precision 0.7500 | threshold 0.700 | val_model raw | lr 0.001000
Epoch 14/60 | train_loss 1.0126 | union_precision 0.7500 | weighted_recall 0.2987 | union_precision 0.7500 | threshold 0.700 | val_model raw | lr 0.001000
Epoch 15/60 | train_loss 1.0031 | union_precision 0.7500 | weighted_recall 0.2987 | union_precision 0.7500 | threshold 0.725 | val_model raw | lr 0.001000
Epoch 16/60 | train_loss 0.9909 | union_precision 0.7500 | weighted_recall 0.2987 | union_precision 0.7500 | threshold 0.750 | val_model raw | lr 0.001000
Epoch 17/60 | train_loss 0.9655 | union_precision 1.0000 | weighted_recall 0.1088 | union_precision 1.0000 | threshold 0.800 | val_model raw | lr 0.001000
Epoch 18/60 | train_loss 0.9647 | union_precision 1.0000 | weighted_recall 0.1588 | union_precision 1.0000 | threshold 0.800 | val_model raw | lr 0.001000
Epoch 19/60 | train_loss 0.9517 | union_precision 1.0000 | weighted_recall 0.1588 | union_precision 1.0000 | threshold 0.800 | val_model raw | lr 0.001000
Epoch 20/60 | train_loss 0.9338 | union_precision 1.0000 | weighted_recall 0.1588 | union_precision 1.0000 | threshold 0.825 | val_model raw | lr 0.001000
Epoch 21/60 | train_loss 0.9290 | union_precision 1.0000 | weighted_recall 0.1588 | union_precision 1.0000 | threshold 0.825 | val_model raw | lr 0.001000
Epoch 22/60 | train_loss 0.8956 | union_precision 1.0000 | weighted_recall 0.1588 | union_precision 1.0000 | threshold 0.825 | val_model raw | lr 0.001000
Epoch 23/60 | train_loss 0.9029 | union_precision 1.0000 | weighted_recall 0.1588 | union_precision 1.0000 | threshold 0.850 | val_model raw | lr 0.001000
Epoch 24/60 | train_loss 0.8889 | union_precision 1.0000 | weighted_recall 0.1588 | union_precision 1.0000 | threshold 0.850 | val_model raw | lr 0.001000
Epoch 25/60 | train_loss 0.8803 | union_precision 1.0000 | weighted_recall 0.1588 | union_precision 1.0000 | threshold 0.850 | val_model raw | lr 0.001000
Epoch 26/60 | train_loss 0.8667 | union_precision 1.0000 | weighted_recall 0.1588 | union_precision 1.0000 | threshold 0.850 | val_model raw | lr 0.001000
Epoch 27/60 | train_loss 0.8592 | union_precision 1.0000 | weighted_recall 0.1588 | union_precision 1.0000 | threshold 0.850 | val_model raw | lr 0.001000
Epoch 28/60 | train_loss 0.8497 | union_precision 1.0000 | weighted_recall 0.1588 | union_precision 1.0000 | threshold 0.850 | val_model raw | lr 0.001000
Early stopping at epoch 28
Held-out M30-1 | union_precision=1.0000 | weighted_recall=0.1588 | consensus_recall=0.0000
Epoch 1/60 | train_loss 1.5350 | union_precision 1.0000 | weighted_recall 0.0731 | union_precision 1.0000 | threshold 0.575 | val_model raw | lr 0.001000
Epoch 2/60 | train_loss 1.4016 | union_precision 1.0000 | weighted_recall 0.0731 | union_precision 1.0000 | threshold 0.575 | val_model raw | lr 0.001000
Epoch 3/60 | train_loss 1.3362 | union_precision 1.0000 | weighted_recall 0.0731 | union_precision 1.0000 | threshold 0.600 | val_model raw | lr 0.001000
Epoch 4/60 | train_loss 1.2701 | union_precision 1.0000 | weighted_recall 0.0731 | union_precision 1.0000 | threshold 0.625 | val_model raw | lr 0.001000
Epoch 5/60 | train_loss 1.2345 | union_precision 1.0000 | weighted_recall 0.0731 | union_precision 1.0000 | threshold 0.650 | val_model raw | lr 0.001000
Epoch 6/60 | train_loss 1.1949 | union_precision 1.0000 | weighted_recall 0.0731 | union_precision 1.0000 | threshold 0.675 | val_model raw | lr 0.001000
Epoch 7/60 | train_loss 1.1692 | union_precision 1.0000 | weighted_recall 0.0731 | union_precision 1.0000 | threshold 0.700 | val_model raw | lr 0.001000
Epoch 8/60 | train_loss 1.1408 | union_precision 1.0000 | weighted_recall 0.0731 | union_precision 1.0000 | threshold 0.700 | val_model raw | lr 0.001000
Epoch 9/60 | train_loss 1.1177 | union_precision 1.0000 | weighted_recall 0.0731 | union_precision 1.0000 | threshold 0.725 | val_model raw | lr 0.001000
Epoch 10/60 | train_loss 1.1064 | union_precision 0.8571 | weighted_recall 0.3239 | union_precision 0.8571 | threshold 0.600 | val_model raw | lr 0.001000
Epoch 11/60 | train_loss 1.0784 | union_precision 1.0000 | weighted_recall 0.1698 | union_precision 1.0000 | threshold 0.725 | val_model raw | lr 0.001000
Epoch 12/60 | train_loss 1.0518 | union_precision 1.0000 | weighted_recall 0.2377 | union_precision 1.0000 | threshold 0.725 | val_model raw | lr 0.001000
Epoch 13/60 | train_loss 1.0402 | union_precision 1.0000 | weighted_recall 0.2377 | union_precision 1.0000 | threshold 0.725 | val_model raw | lr 0.001000
Epoch 14/60 | train_loss 1.0131 | union_precision 1.0000 | weighted_recall 0.2377 | union_precision 1.0000 | threshold 0.725 | val_model raw | lr 0.001000
Epoch 15/60 | train_loss 1.0036 | union_precision 1.0000 | weighted_recall 0.2899 | union_precision 1.0000 | threshold 0.725 | val_model raw | lr 0.001000
Epoch 16/60 | train_loss 0.9903 | union_precision 0.8571 | weighted_recall 0.3787 | union_precision 0.8571 | threshold 0.700 | val_model raw | lr 0.001000
Epoch 17/60 | train_loss 0.9646 | union_precision 1.0000 | weighted_recall 0.4414 | union_precision 1.0000 | threshold 0.700 | val_model raw | lr 0.001000
Epoch 18/60 | train_loss 0.9664 | union_precision 0.8889 | weighted_recall 0.4466 | union_precision 0.8889 | threshold 0.700 | val_model raw | lr 0.001000
Epoch 19/60 | train_loss 0.9517 | union_precision 0.9091 | weighted_recall 0.4977 | union_precision 0.9091 | threshold 0.700 | val_model raw | lr 0.001000
Epoch 20/60 | train_loss 0.9329 | union_precision 0.9091 | weighted_recall 0.4977 | union_precision 0.9091 | threshold 0.700 | val_model raw | lr 0.001000
Epoch 21/60 | train_loss 0.9289 | union_precision 0.9091 | weighted_recall 0.4977 | union_precision 0.9091 | threshold 0.675 | val_model raw | lr 0.001000
Epoch 22/60 | train_loss 0.8951 | union_precision 0.9091 | weighted_recall 0.4977 | union_precision 0.9091 | threshold 0.700 | val_model raw | lr 0.001000
Epoch 23/60 | train_loss 0.9010 | union_precision 0.9091 | weighted_recall 0.4977 | union_precision 0.9091 | threshold 0.700 | val_model raw | lr 0.001000
Epoch 24/60 | train_loss 0.8882 | union_precision 0.9091 | weighted_recall 0.4977 | union_precision 0.9091 | threshold 0.725 | val_model raw | lr 0.001000
Epoch 25/60 | train_loss 0.8806 | union_precision 0.9091 | weighted_recall 0.4977 | union_precision 0.9091 | threshold 0.725 | val_model raw | lr 0.001000
Epoch 26/60 | train_loss 0.8683 | union_precision 0.9091 | weighted_recall 0.4977 | union_precision 0.9091 | threshold 0.725 | val_model raw | lr 0.001000
Epoch 27/60 | train_loss 0.8590 | union_precision 0.9000 | weighted_recall 0.4612 | union_precision 0.9000 | threshold 0.725 | val_model raw | lr 0.001000
Epoch 28/60 | train_loss 0.8511 | union_precision 0.9000 | weighted_recall 0.4612 | union_precision 0.9000 | threshold 0.725 | val_model raw | lr 0.001000
Epoch 29/60 | train_loss 0.8311 | union_precision 0.9000 | weighted_recall 0.4612 | union_precision 0.9000 | threshold 0.725 | val_model raw | lr 0.001000
Epoch 30/60 | train_loss 0.8249 | union_precision 0.9000 | weighted_recall 0.4612 | union_precision 0.9000 | threshold 0.750 | val_model raw | lr 0.001000
Early stopping at epoch 30
Held-out M30-2 | union_precision=0.9091 | weighted_recall=0.4977 | consensus_recall=0.0000
Epoch 1/60 | train_loss 1.5344 | union_precision 0.5385 | weighted_recall 0.0655 | union_precision 0.5385 | threshold 0.525 | val_model raw | lr 0.001000
Epoch 2/60 | train_loss 1.4009 | union_precision 0.4500 | weighted_recall 0.1764 | union_precision 0.4500 | threshold 0.050 | val_model raw | lr 0.001000
Epoch 3/60 | train_loss 1.3361 | union_precision 0.6591 | weighted_recall 0.3749 | union_precision 0.6591 | threshold 0.450 | val_model raw | lr 0.001000
Epoch 4/60 | train_loss 1.2704 | union_precision 0.7241 | weighted_recall 0.3554 | union_precision 0.7241 | threshold 0.525 | val_model raw | lr 0.001000
Epoch 5/60 | train_loss 1.2325 | union_precision 0.8182 | weighted_recall 0.2848 | union_precision 0.8182 | threshold 0.575 | val_model raw | lr 0.001000
Epoch 6/60 | train_loss 1.1933 | union_precision 0.8500 | weighted_recall 0.2815 | union_precision 0.8500 | threshold 0.600 | val_model raw | lr 0.001000
Epoch 7/60 | train_loss 1.1669 | union_precision 0.8824 | weighted_recall 0.2624 | union_precision 0.8824 | threshold 0.625 | val_model raw | lr 0.001000
Epoch 8/60 | train_loss 1.1364 | union_precision 0.9048 | weighted_recall 0.2980 | union_precision 0.9048 | threshold 0.625 | val_model raw | lr 0.001000
Epoch 9/60 | train_loss 1.1143 | union_precision 0.8750 | weighted_recall 0.3682 | union_precision 0.8750 | threshold 0.625 | val_model raw | lr 0.001000
Epoch 10/60 | train_loss 1.1020 | union_precision 0.8889 | weighted_recall 0.3317 | union_precision 0.8889 | threshold 0.625 | val_model raw | lr 0.001000
Epoch 11/60 | train_loss 1.0734 | union_precision 0.8788 | weighted_recall 0.3981 | union_precision 0.8788 | threshold 0.575 | val_model raw | lr 0.001000
Epoch 12/60 | train_loss 1.0470 | union_precision 0.8571 | weighted_recall 0.4069 | union_precision 0.8571 | threshold 0.575 | val_model raw | lr 0.001000
Epoch 13/60 | train_loss 1.0352 | union_precision 0.8571 | weighted_recall 0.4069 | union_precision 0.8571 | threshold 0.575 | val_model raw | lr 0.001000
Epoch 14/60 | train_loss 1.0092 | union_precision 0.8750 | weighted_recall 0.3813 | union_precision 0.8750 | threshold 0.600 | val_model raw | lr 0.001000
Epoch 15/60 | train_loss 1.0004 | union_precision 0.8571 | weighted_recall 0.4128 | union_precision 0.8571 | threshold 0.575 | val_model raw | lr 0.001000
Epoch 16/60 | train_loss 0.9882 | union_precision 0.8500 | weighted_recall 0.4431 | union_precision 0.8500 | threshold 0.500 | val_model raw | lr 0.001000
Epoch 17/60 | train_loss 0.9620 | union_precision 0.8500 | weighted_recall 0.5070 | union_precision 0.8500 | threshold 0.475 | val_model raw | lr 0.001000
Epoch 18/60 | train_loss 0.9581 | union_precision 0.8500 | weighted_recall 0.5070 | union_precision 0.8500 | threshold 0.450 | val_model raw | lr 0.001000
Epoch 19/60 | train_loss 0.9467 | union_precision 0.8605 | weighted_recall 0.5353 | union_precision 0.8605 | threshold 0.375 | val_model raw | lr 0.001000
Epoch 20/60 | train_loss 0.9283 | union_precision 0.8605 | weighted_recall 0.5353 | union_precision 0.8605 | threshold 0.325 | val_model raw | lr 0.001000
Epoch 21/60 | train_loss 0.9215 | union_precision 0.8500 | weighted_recall 0.5329 | union_precision 0.8500 | threshold 0.350 | val_model raw | lr 0.001000
Epoch 22/60 | train_loss 0.8938 | union_precision 0.8788 | weighted_recall 0.5124 | union_precision 0.8788 | threshold 0.600 | val_model raw | lr 0.001000
Epoch 23/60 | train_loss 0.8963 | union_precision 0.8529 | weighted_recall 0.5195 | union_precision 0.8529 | threshold 0.550 | val_model raw | lr 0.001000
Epoch 24/60 | train_loss 0.8834 | union_precision 0.8519 | weighted_recall 0.3611 | union_precision 0.8519 | threshold 0.625 | val_model raw | lr 0.001000
Epoch 25/60 | train_loss 0.8745 | union_precision 0.8571 | weighted_recall 0.4274 | union_precision 0.8571 | threshold 0.600 | val_model raw | lr 0.001000
Epoch 26/60 | train_loss 0.8630 | union_precision 0.9091 | weighted_recall 0.3943 | union_precision 0.9091 | threshold 0.675 | val_model raw | lr 0.001000
Epoch 27/60 | train_loss 0.8547 | union_precision 0.8529 | weighted_recall 0.5012 | union_precision 0.8529 | threshold 0.550 | val_model raw | lr 0.001000
Epoch 28/60 | train_loss 0.8440 | union_precision 0.8500 | weighted_recall 0.5086 | union_precision 0.8500 | threshold 0.050 | val_model raw | lr 0.001000
Epoch 29/60 | train_loss 0.8259 | union_precision 0.8788 | weighted_recall 0.4844 | union_precision 0.8788 | threshold 0.550 | val_model raw | lr 0.001000
Early stopping at epoch 29
Held-out M30-3 | union_precision=0.8605 | weighted_recall=0.5353 | consensus_recall=1.0000
Epoch 1/60 | train_loss 1.5395 | union_precision 1.0000 | weighted_recall 0.0896 | union_precision 1.0000 | threshold 0.850 | val_model raw | lr 0.001000
Epoch 2/60 | train_loss 1.4081 | union_precision 1.0000 | weighted_recall 0.0896 | union_precision 1.0000 | threshold 0.850 | val_model raw | lr 0.001000
Epoch 3/60 | train_loss 1.3382 | union_precision 0.7143 | weighted_recall 0.1241 | union_precision 0.7143 | threshold 0.625 | val_model raw | lr 0.001000
Epoch 4/60 | train_loss 1.2750 | union_precision 0.7273 | weighted_recall 0.1492 | union_precision 0.7273 | threshold 0.600 | val_model raw | lr 0.001000
Epoch 5/60 | train_loss 1.2363 | union_precision 0.7500 | weighted_recall 0.1282 | union_precision 0.7500 | threshold 0.650 | val_model raw | lr 0.001000
Epoch 6/60 | train_loss 1.1968 | union_precision 0.7500 | weighted_recall 0.0974 | union_precision 0.7500 | threshold 0.650 | val_model raw | lr 0.001000
Epoch 7/60 | train_loss 1.1731 | union_precision 0.7778 | weighted_recall 0.1002 | union_precision 0.7778 | threshold 0.650 | val_model raw | lr 0.001000
Epoch 8/60 | train_loss 1.1395 | union_precision 0.7600 | weighted_recall 0.2096 | union_precision 0.7600 | threshold 0.550 | val_model raw | lr 0.001000
Epoch 9/60 | train_loss 1.1198 | union_precision 0.7500 | weighted_recall 0.2639 | union_precision 0.7500 | threshold 0.575 | val_model raw | lr 0.001000
Epoch 10/60 | train_loss 1.1041 | union_precision 0.8750 | weighted_recall 0.1728 | union_precision 0.8750 | threshold 0.700 | val_model raw | lr 0.001000
Epoch 11/60 | train_loss 1.0786 | union_precision 0.8667 | weighted_recall 0.2207 | union_precision 0.8667 | threshold 0.650 | val_model raw | lr 0.001000
Epoch 12/60 | train_loss 1.0552 | union_precision 1.0000 | weighted_recall 0.1495 | union_precision 1.0000 | threshold 0.775 | val_model raw | lr 0.001000
Epoch 13/60 | train_loss 1.0405 | union_precision 1.0000 | weighted_recall 0.1495 | union_precision 1.0000 | threshold 0.775 | val_model raw | lr 0.001000
Epoch 14/60 | train_loss 1.0182 | union_precision 0.8571 | weighted_recall 0.1687 | union_precision 0.8571 | threshold 0.750 | val_model raw | lr 0.001000
Epoch 15/60 | train_loss 1.0069 | union_precision 1.0000 | weighted_recall 0.1687 | union_precision 1.0000 | threshold 0.750 | val_model raw | lr 0.001000
Epoch 16/60 | train_loss 0.9957 | union_precision 1.0000 | weighted_recall 0.1687 | union_precision 1.0000 | threshold 0.750 | val_model raw | lr 0.001000
Epoch 17/60 | train_loss 0.9690 | union_precision 0.9091 | weighted_recall 0.2144 | union_precision 0.9091 | threshold 0.725 | val_model raw | lr 0.001000
Epoch 18/60 | train_loss 0.9679 | union_precision 0.8500 | weighted_recall 0.2638 | union_precision 0.8500 | threshold 0.675 | val_model raw | lr 0.001000
Epoch 19/60 | train_loss 0.9517 | union_precision 0.8500 | weighted_recall 0.2638 | union_precision 0.8500 | threshold 0.675 | val_model raw | lr 0.001000
Epoch 20/60 | train_loss 0.9345 | union_precision 0.8889 | weighted_recall 0.2495 | union_precision 0.8889 | threshold 0.725 | val_model raw | lr 0.001000
Epoch 21/60 | train_loss 0.9261 | union_precision 0.8947 | weighted_recall 0.2638 | union_precision 0.8947 | threshold 0.700 | val_model raw | lr 0.001000
Epoch 22/60 | train_loss 0.9001 | union_precision 0.8696 | weighted_recall 0.3044 | union_precision 0.8696 | threshold 0.675 | val_model raw | lr 0.001000
Epoch 23/60 | train_loss 0.9047 | union_precision 0.8519 | weighted_recall 0.3102 | union_precision 0.8519 | threshold 0.650 | val_model raw | lr 0.001000
Epoch 24/60 | train_loss 0.8876 | union_precision 0.8519 | weighted_recall 0.3102 | union_precision 0.8519 | threshold 0.650 | val_model raw | lr 0.001000
Epoch 25/60 | train_loss 0.8824 | union_precision 0.8529 | weighted_recall 0.3432 | union_precision 0.8529 | threshold 0.600 | val_model raw | lr 0.001000
Epoch 26/60 | train_loss 0.8640 | union_precision 0.8571 | weighted_recall 0.3521 | union_precision 0.8571 | threshold 0.575 | val_model raw | lr 0.001000
Epoch 27/60 | train_loss 0.8612 | union_precision 0.8824 | weighted_recall 0.3444 | union_precision 0.8824 | threshold 0.600 | val_model raw | lr 0.001000
Epoch 28/60 | train_loss 0.8521 | union_precision 0.8824 | weighted_recall 0.3444 | union_precision 0.8824 | threshold 0.600 | val_model raw | lr 0.001000
Epoch 29/60 | train_loss 0.8362 | union_precision 0.8500 | weighted_recall 0.3624 | union_precision 0.8500 | threshold 0.525 | val_model raw | lr 0.001000
Epoch 30/60 | train_loss 0.8260 | union_precision 0.8824 | weighted_recall 0.3442 | union_precision 0.8824 | threshold 0.600 | val_model raw | lr 0.001000
Epoch 31/60 | train_loss 0.8204 | union_precision 0.8500 | weighted_recall 0.3647 | union_precision 0.8500 | threshold 0.525 | val_model raw | lr 0.001000
Epoch 32/60 | train_loss 0.8071 | union_precision 0.8857 | weighted_recall 0.3523 | union_precision 0.8857 | threshold 0.600 | val_model raw | lr 0.001000
Epoch 33/60 | train_loss 0.8023 | union_precision 0.8605 | weighted_recall 0.3903 | union_precision 0.8605 | threshold 0.300 | val_model raw | lr 0.001000
Epoch 34/60 | train_loss 0.7974 | union_precision 0.8605 | weighted_recall 0.3903 | union_precision 0.8605 | threshold 0.275 | val_model raw | lr 0.001000
Epoch 35/60 | train_loss 0.7756 | union_precision 0.8611 | weighted_recall 0.3526 | union_precision 0.8611 | threshold 0.600 | val_model raw | lr 0.001000
Epoch 36/60 | train_loss 0.7772 | union_precision 0.8611 | weighted_recall 0.3967 | union_precision 0.8611 | threshold 0.600 | val_model raw | lr 0.001000
Epoch 37/60 | train_loss 0.7806 | union_precision 0.9231 | weighted_recall 0.3632 | union_precision 0.9231 | threshold 0.675 | val_model raw | lr 0.001000
Epoch 38/60 | train_loss 0.7546 | union_precision 0.8710 | weighted_recall 0.3762 | union_precision 0.8710 | threshold 0.650 | val_model raw | lr 0.001000
Epoch 39/60 | train_loss 0.7555 | union_precision 0.8889 | weighted_recall 0.3679 | union_precision 0.8889 | threshold 0.675 | val_model raw | lr 0.001000
Epoch 40/60 | train_loss 0.7462 | union_precision 0.8571 | weighted_recall 0.3679 | union_precision 0.8571 | threshold 0.675 | val_model raw | lr 0.001000
Epoch 41/60 | train_loss 0.7407 | union_precision 0.8571 | weighted_recall 0.3825 | union_precision 0.8571 | threshold 0.575 | val_model raw | lr 0.001000
Epoch 42/60 | train_loss 0.7357 | union_precision 0.8571 | weighted_recall 0.4017 | union_precision 0.8571 | threshold 0.575 | val_model raw | lr 0.001000
Epoch 43/60 | train_loss 0.7234 | union_precision 0.8529 | weighted_recall 0.4004 | union_precision 0.8529 | threshold 0.600 | val_model raw | lr 0.001000
Epoch 44/60 | train_loss 0.7263 | union_precision 0.8696 | weighted_recall 0.3618 | union_precision 0.8696 | threshold 0.700 | val_model raw | lr 0.001000
Epoch 45/60 | train_loss 0.7173 | union_precision 0.8571 | weighted_recall 0.3919 | union_precision 0.8571 | threshold 0.425 | val_model raw | lr 0.001000
Epoch 46/60 | train_loss 0.6983 | union_precision 0.8571 | weighted_recall 0.3200 | union_precision 0.8571 | threshold 0.725 | val_model raw | lr 0.001000
Epoch 47/60 | train_loss 0.7016 | union_precision 0.8500 | weighted_recall 0.3172 | union_precision 0.8500 | threshold 0.750 | val_model raw | lr 0.001000
Epoch 48/60 | train_loss 0.6914 | union_precision 0.8889 | weighted_recall 0.2718 | union_precision 0.8889 | threshold 0.775 | val_model raw | lr 0.001000
Epoch 49/60 | train_loss 0.6950 | union_precision 0.8500 | weighted_recall 0.3072 | union_precision 0.8500 | threshold 0.775 | val_model raw | lr 0.001000
Epoch 50/60 | train_loss 0.6785 | union_precision 0.8500 | weighted_recall 0.3513 | union_precision 0.8500 | threshold 0.775 | val_model raw | lr 0.001000
Epoch 51/60 | train_loss 0.6798 | union_precision 0.8571 | weighted_recall 0.3541 | union_precision 0.8571 | threshold 0.750 | val_model raw | lr 0.001000
Epoch 52/60 | train_loss 0.6794 | union_precision 0.9000 | weighted_recall 0.4322 | union_precision 0.9000 | threshold 0.750 | val_model raw | lr 0.001000
Epoch 53/60 | train_loss 0.6743 | union_precision 0.9048 | weighted_recall 0.4328 | union_precision 0.9048 | threshold 0.750 | val_model raw | lr 0.001000
Epoch 54/60 | train_loss 0.6677 | union_precision 0.8519 | weighted_recall 0.4478 | union_precision 0.8519 | threshold 0.700 | val_model raw | lr 0.001000
Epoch 55/60 | train_loss 0.6697 | union_precision 0.8947 | weighted_recall 0.3997 | union_precision 0.8947 | threshold 0.775 | val_model raw | lr 0.001000
Epoch 56/60 | train_loss 0.6451 | union_precision 0.9412 | weighted_recall 0.3984 | union_precision 0.9412 | threshold 0.775 | val_model raw | lr 0.001000
Epoch 57/60 | train_loss 0.6484 | union_precision 0.8889 | weighted_recall 0.3467 | union_precision 0.8889 | threshold 0.775 | val_model raw | lr 0.001000
Epoch 58/60 | train_loss 0.6567 | union_precision 0.8889 | weighted_recall 0.3984 | union_precision 0.8889 | threshold 0.775 | val_model raw | lr 0.001000
Epoch 59/60 | train_loss 0.6383 | union_precision 0.8500 | weighted_recall 0.3997 | union_precision 0.8500 | threshold 0.775 | val_model raw | lr 0.001000
Epoch 60/60 | train_loss 0.6413 | union_precision 0.8889 | weighted_recall 0.3988 | union_precision 0.8889 | threshold 0.800 | val_model raw | lr 0.001000
Held-out M30-4 | union_precision=0.8519 | weighted_recall=0.4478 | consensus_recall=1.0000
Epoch 1/60 | train_loss 1.5344 | union_precision 1.0000 | weighted_recall 0.0036 | union_precision 1.0000 | threshold 0.575 | val_model raw | lr 0.001000
Epoch 2/60 | train_loss 1.4020 | union_precision 1.0000 | weighted_recall 0.0036 | union_precision 1.0000 | threshold 0.575 | val_model raw | lr 0.001000
Epoch 3/60 | train_loss 1.3302 | union_precision 0.6471 | weighted_recall 0.3594 | union_precision 0.6471 | threshold 0.450 | val_model raw | lr 0.001000
Epoch 4/60 | train_loss 1.2718 | union_precision 0.7143 | weighted_recall 0.1406 | union_precision 0.7143 | threshold 0.600 | val_model raw | lr 0.001000
Epoch 5/60 | train_loss 1.2318 | union_precision 0.6667 | weighted_recall 0.2523 | union_precision 0.6667 | threshold 0.600 | val_model raw | lr 0.001000
Epoch 6/60 | train_loss 1.1936 | union_precision 0.7000 | weighted_recall 0.2680 | union_precision 0.7000 | threshold 0.600 | val_model raw | lr 0.001000
Epoch 7/60 | train_loss 1.1694 | union_precision 0.7500 | weighted_recall 0.3090 | union_precision 0.7500 | threshold 0.575 | val_model raw | lr 0.001000
Epoch 8/60 | train_loss 1.1366 | union_precision 1.0000 | weighted_recall 0.0180 | union_precision 1.0000 | threshold 0.675 | val_model raw | lr 0.001000
Epoch 9/60 | train_loss 1.1168 | union_precision 1.0000 | weighted_recall 0.0180 | union_precision 1.0000 | threshold 0.700 | val_model raw | lr 0.001000
Epoch 10/60 | train_loss 1.1033 | union_precision 1.0000 | weighted_recall 0.0180 | union_precision 1.0000 | threshold 0.700 | val_model raw | lr 0.001000
Epoch 11/60 | train_loss 1.0759 | union_precision 1.0000 | weighted_recall 0.0540 | union_precision 1.0000 | threshold 0.700 | val_model raw | lr 0.001000
Epoch 12/60 | train_loss 1.0514 | union_precision 1.0000 | weighted_recall 0.0540 | union_precision 1.0000 | threshold 0.725 | val_model raw | lr 0.001000
Epoch 13/60 | train_loss 1.0394 | union_precision 1.0000 | weighted_recall 0.0540 | union_precision 1.0000 | threshold 0.725 | val_model raw | lr 0.001000
Epoch 14/60 | train_loss 1.0174 | union_precision 1.0000 | weighted_recall 0.0540 | union_precision 1.0000 | threshold 0.725 | val_model raw | lr 0.001000
Epoch 15/60 | train_loss 1.0061 | union_precision 1.0000 | weighted_recall 0.1657 | union_precision 1.0000 | threshold 0.725 | val_model raw | lr 0.001000
Epoch 16/60 | train_loss 0.9914 | union_precision 1.0000 | weighted_recall 0.0540 | union_precision 1.0000 | threshold 0.750 | val_model raw | lr 0.001000
Epoch 17/60 | train_loss 0.9634 | union_precision 0.8750 | weighted_recall 0.3400 | union_precision 0.8750 | threshold 0.675 | val_model raw | lr 0.001000
Epoch 18/60 | train_loss 0.9661 | union_precision 0.8571 | weighted_recall 0.3148 | union_precision 0.8571 | threshold 0.675 | val_model raw | lr 0.001000
Epoch 19/60 | train_loss 0.9471 | union_precision 0.8571 | weighted_recall 0.3148 | union_precision 0.8571 | threshold 0.675 | val_model raw | lr 0.001000
Epoch 20/60 | train_loss 0.9308 | union_precision 0.8750 | weighted_recall 0.3248 | union_precision 0.8750 | threshold 0.650 | val_model raw | lr 0.001000
Epoch 21/60 | train_loss 0.9248 | union_precision 0.8750 | weighted_recall 0.3248 | union_precision 0.8750 | threshold 0.675 | val_model raw | lr 0.001000
Epoch 22/60 | train_loss 0.8979 | union_precision 0.8750 | weighted_recall 0.3248 | union_precision 0.8750 | threshold 0.675 | val_model raw | lr 0.001000
Epoch 23/60 | train_loss 0.9049 | union_precision 0.8750 | weighted_recall 0.3248 | union_precision 0.8750 | threshold 0.675 | val_model raw | lr 0.001000
Epoch 24/60 | train_loss 0.8858 | union_precision 1.0000 | weighted_recall 0.2089 | union_precision 1.0000 | threshold 0.775 | val_model raw | lr 0.001000
Epoch 25/60 | train_loss 0.8800 | union_precision 1.0000 | weighted_recall 0.2089 | union_precision 1.0000 | threshold 0.775 | val_model raw | lr 0.001000
Epoch 26/60 | train_loss 0.8624 | union_precision 0.8571 | weighted_recall 0.2346 | union_precision 0.8571 | threshold 0.700 | val_model raw | lr 0.001000
Epoch 27/60 | train_loss 0.8564 | union_precision 0.8571 | weighted_recall 0.2346 | union_precision 0.8571 | threshold 0.700 | val_model raw | lr 0.001000
Early stopping at epoch 27
Held-out M33-1 | union_precision=0.8750 | weighted_recall=0.3400 | consensus_recall=1.0000
Epoch 1/60 | train_loss 1.5379 | union_precision 0.7778 | weighted_recall 0.0413 | union_precision 0.7778 | threshold 0.550 | val_model raw | lr 0.001000
Epoch 2/60 | train_loss 1.4032 | union_precision 0.8182 | weighted_recall 0.0594 | union_precision 0.8182 | threshold 0.550 | val_model raw | lr 0.001000
Epoch 3/60 | train_loss 1.3336 | union_precision 0.8750 | weighted_recall 0.0353 | union_precision 0.8750 | threshold 0.575 | val_model raw | lr 0.001000
Epoch 4/60 | train_loss 1.2731 | union_precision 0.9000 | weighted_recall 0.0542 | union_precision 0.9000 | threshold 0.575 | val_model raw | lr 0.001000
Epoch 5/60 | train_loss 1.2347 | union_precision 0.8750 | weighted_recall 0.1392 | union_precision 0.8750 | threshold 0.575 | val_model raw | lr 0.001000
Epoch 6/60 | train_loss 1.1954 | union_precision 0.9000 | weighted_recall 0.0542 | union_precision 0.9000 | threshold 0.600 | val_model raw | lr 0.001000
Epoch 7/60 | train_loss 1.1693 | union_precision 0.8750 | weighted_recall 0.0353 | union_precision 0.8750 | threshold 0.625 | val_model raw | lr 0.001000
Epoch 8/60 | train_loss 1.1391 | union_precision 0.8889 | weighted_recall 0.0468 | union_precision 0.8889 | threshold 0.625 | val_model raw | lr 0.001000
Epoch 9/60 | train_loss 1.1185 | union_precision 0.9091 | weighted_recall 0.0668 | union_precision 0.9091 | threshold 0.625 | val_model raw | lr 0.001000
Epoch 10/60 | train_loss 1.1078 | union_precision 0.9231 | weighted_recall 0.1045 | union_precision 0.9231 | threshold 0.625 | val_model raw | lr 0.001000
Epoch 11/60 | train_loss 1.0815 | union_precision 0.9000 | weighted_recall 0.0635 | union_precision 0.9000 | threshold 0.650 | val_model raw | lr 0.001000
Epoch 12/60 | train_loss 1.0583 | union_precision 0.9375 | weighted_recall 0.1644 | union_precision 0.9375 | threshold 0.650 | val_model raw | lr 0.001000
Epoch 13/60 | train_loss 1.0413 | union_precision 0.9000 | weighted_recall 0.3977 | union_precision 0.9000 | threshold 0.625 | val_model raw | lr 0.001000
Epoch 14/60 | train_loss 1.0192 | union_precision 0.8529 | weighted_recall 0.4200 | union_precision 0.8529 | threshold 0.600 | val_model raw | lr 0.001000
Epoch 15/60 | train_loss 1.0080 | union_precision 0.8529 | weighted_recall 0.4200 | union_precision 0.8529 | threshold 0.600 | val_model raw | lr 0.001000
Epoch 16/60 | train_loss 0.9988 | union_precision 0.8750 | weighted_recall 0.4326 | union_precision 0.8750 | threshold 0.625 | val_model raw | lr 0.001000
Epoch 17/60 | train_loss 0.9671 | union_precision 0.8750 | weighted_recall 0.3971 | union_precision 0.8750 | threshold 0.600 | val_model raw | lr 0.001000
Epoch 18/60 | train_loss 0.9692 | union_precision 0.9032 | weighted_recall 0.4096 | union_precision 0.9032 | threshold 0.650 | val_model raw | lr 0.001000
Epoch 19/60 | train_loss 0.9510 | union_precision 0.8649 | weighted_recall 0.4521 | union_precision 0.8649 | threshold 0.550 | val_model raw | lr 0.001000
Epoch 20/60 | train_loss 0.9338 | union_precision 0.8750 | weighted_recall 0.4611 | union_precision 0.8750 | threshold 0.425 | val_model raw | lr 0.001000
Epoch 21/60 | train_loss 0.9285 | union_precision 0.8750 | weighted_recall 0.4611 | union_precision 0.8750 | threshold 0.400 | val_model raw | lr 0.001000
Epoch 22/60 | train_loss 0.8980 | union_precision 0.8750 | weighted_recall 0.4611 | union_precision 0.8750 | threshold 0.375 | val_model raw | lr 0.001000
Epoch 23/60 | train_loss 0.9068 | union_precision 0.8947 | weighted_recall 0.4603 | union_precision 0.8947 | threshold 0.375 | val_model raw | lr 0.001000
Epoch 24/60 | train_loss 0.8879 | union_precision 0.8718 | weighted_recall 0.4611 | union_precision 0.8718 | threshold 0.375 | val_model raw | lr 0.001000
Epoch 25/60 | train_loss 0.8850 | union_precision 0.8500 | weighted_recall 0.4611 | union_precision 0.8500 | threshold 0.375 | val_model raw | lr 0.001000
Epoch 26/60 | train_loss 0.8651 | union_precision 0.8500 | weighted_recall 0.4645 | union_precision 0.8500 | threshold 0.400 | val_model raw | lr 0.001000
Epoch 27/60 | train_loss 0.8610 | union_precision 0.8500 | weighted_recall 0.4365 | union_precision 0.8500 | threshold 0.375 | val_model raw | lr 0.001000
Epoch 28/60 | train_loss 0.8521 | union_precision 0.8500 | weighted_recall 0.4456 | union_precision 0.8500 | threshold 0.350 | val_model raw | lr 0.001000
Epoch 29/60 | train_loss 0.8330 | union_precision 0.8500 | weighted_recall 0.4289 | union_precision 0.8500 | threshold 0.350 | val_model raw | lr 0.001000
Epoch 30/60 | train_loss 0.8278 | union_precision 0.8974 | weighted_recall 0.4508 | union_precision 0.8974 | threshold 0.350 | val_model raw | lr 0.001000
Epoch 31/60 | train_loss 0.8227 | union_precision 0.8810 | weighted_recall 0.4648 | union_precision 0.8810 | threshold 0.225 | val_model raw | lr 0.001000
Epoch 32/60 | train_loss 0.8033 | union_precision 0.8605 | weighted_recall 0.4648 | union_precision 0.8605 | threshold 0.175 | val_model raw | lr 0.001000
Epoch 33/60 | train_loss 0.8014 | union_precision 0.9024 | weighted_recall 0.4648 | union_precision 0.9024 | threshold 0.200 | val_model raw | lr 0.001000
Epoch 34/60 | train_loss 0.7983 | union_precision 0.9024 | weighted_recall 0.4648 | union_precision 0.9024 | threshold 0.175 | val_model raw | lr 0.001000
Epoch 35/60 | train_loss 0.7759 | union_precision 0.9024 | weighted_recall 0.4648 | union_precision 0.9024 | threshold 0.175 | val_model raw | lr 0.001000
Epoch 36/60 | train_loss 0.7784 | union_precision 0.8837 | weighted_recall 0.4728 | union_precision 0.8837 | threshold 0.050 | val_model raw | lr 0.001000
Epoch 37/60 | train_loss 0.7771 | union_precision 0.8837 | weighted_recall 0.4728 | union_precision 0.8837 | threshold 0.050 | val_model raw | lr 0.001000
Epoch 38/60 | train_loss 0.7556 | union_precision 0.8837 | weighted_recall 0.4488 | union_precision 0.8837 | threshold 0.050 | val_model raw | lr 0.001000
Epoch 39/60 | train_loss 0.7508 | union_precision 0.9048 | weighted_recall 0.4495 | union_precision 0.9048 | threshold 0.075 | val_model raw | lr 0.001000
Epoch 40/60 | train_loss 0.7464 | union_precision 0.9024 | weighted_recall 0.4472 | union_precision 0.9024 | threshold 0.075 | val_model raw | lr 0.001000
Epoch 41/60 | train_loss 0.7379 | union_precision 0.9024 | weighted_recall 0.4465 | union_precision 0.9024 | threshold 0.075 | val_model raw | lr 0.001000
Epoch 42/60 | train_loss 0.7338 | union_precision 0.9474 | weighted_recall 0.4399 | union_precision 0.9474 | threshold 0.300 | val_model raw | lr 0.001000
Epoch 43/60 | train_loss 0.7261 | union_precision 0.9474 | weighted_recall 0.4399 | union_precision 0.9474 | threshold 0.300 | val_model raw | lr 0.001000
Epoch 44/60 | train_loss 0.7202 | union_precision 0.9474 | weighted_recall 0.4399 | union_precision 0.9474 | threshold 0.300 | val_model raw | lr 0.001000
Epoch 45/60 | train_loss 0.7163 | union_precision 0.9474 | weighted_recall 0.4300 | union_precision 0.9474 | threshold 0.300 | val_model raw | lr 0.001000
Epoch 46/60 | train_loss 0.6955 | union_precision 0.9024 | weighted_recall 0.4211 | union_precision 0.9024 | threshold 0.075 | val_model raw | lr 0.001000
Early stopping at epoch 46
Held-out M33-2 | union_precision=0.8837 | weighted_recall=0.4728 | consensus_recall=0.0000
Epoch 1/60 | train_loss 1.5346 | union_precision 0.3810 | weighted_recall 0.2356 | union_precision 0.3810 | threshold 0.500 | val_model raw | lr 0.001000
Epoch 2/60 | train_loss 1.4005 | union_precision 0.5000 | weighted_recall 0.0048 | union_precision 0.5000 | threshold 0.550 | val_model raw | lr 0.001000
Epoch 3/60 | train_loss 1.3336 | union_precision 0.3636 | weighted_recall 0.1890 | union_precision 0.3636 | threshold 0.500 | val_model raw | lr 0.001000
Epoch 4/60 | train_loss 1.2715 | union_precision 0.4348 | weighted_recall 0.2247 | union_precision 0.4348 | threshold 0.500 | val_model raw | lr 0.001000
Epoch 5/60 | train_loss 1.2311 | union_precision 0.4000 | weighted_recall 0.2714 | union_precision 0.4000 | threshold 0.050 | val_model raw | lr 0.001000
Epoch 6/60 | train_loss 1.1933 | union_precision 0.5417 | weighted_recall 0.4044 | union_precision 0.5417 | threshold 0.050 | val_model raw | lr 0.001000
Epoch 7/60 | train_loss 1.1688 | union_precision 0.5417 | weighted_recall 0.4044 | union_precision 0.5417 | threshold 0.050 | val_model raw | lr 0.001000
Epoch 8/60 | train_loss 1.1361 | union_precision 0.7500 | weighted_recall 0.1128 | union_precision 0.7500 | threshold 0.600 | val_model raw | lr 0.001000
Epoch 9/60 | train_loss 1.1173 | union_precision 0.8571 | weighted_recall 0.1935 | union_precision 0.8571 | threshold 0.600 | val_model raw | lr 0.001000
Epoch 10/60 | train_loss 1.1044 | union_precision 0.8182 | weighted_recall 0.3513 | union_precision 0.8182 | threshold 0.600 | val_model raw | lr 0.001000
Epoch 11/60 | train_loss 1.0774 | union_precision 0.8571 | weighted_recall 0.5081 | union_precision 0.8571 | threshold 0.600 | val_model raw | lr 0.001000
Epoch 12/60 | train_loss 1.0536 | union_precision 0.8571 | weighted_recall 0.5081 | union_precision 0.8571 | threshold 0.600 | val_model raw | lr 0.001000
Epoch 13/60 | train_loss 1.0380 | union_precision 0.9333 | weighted_recall 0.5998 | union_precision 0.9333 | threshold 0.575 | val_model raw | lr 0.001000
Epoch 14/60 | train_loss 1.0164 | union_precision 0.9333 | weighted_recall 0.5998 | union_precision 0.9333 | threshold 0.575 | val_model raw | lr 0.001000
Epoch 15/60 | train_loss 1.0054 | union_precision 0.9333 | weighted_recall 0.5998 | union_precision 0.9333 | threshold 0.575 | val_model raw | lr 0.001000
Epoch 16/60 | train_loss 0.9914 | union_precision 0.9333 | weighted_recall 0.5760 | union_precision 0.9333 | threshold 0.575 | val_model raw | lr 0.001000
Epoch 17/60 | train_loss 0.9634 | union_precision 0.9333 | weighted_recall 0.5428 | union_precision 0.9333 | threshold 0.575 | val_model raw | lr 0.001000
Epoch 18/60 | train_loss 0.9667 | union_precision 0.9333 | weighted_recall 0.5428 | union_precision 0.9333 | threshold 0.575 | val_model raw | lr 0.001000
Epoch 19/60 | train_loss 0.9470 | union_precision 0.8667 | weighted_recall 0.5000 | union_precision 0.8667 | threshold 0.550 | val_model raw | lr 0.001000
Epoch 20/60 | train_loss 0.9302 | union_precision 0.8667 | weighted_recall 0.5000 | union_precision 0.8667 | threshold 0.525 | val_model raw | lr 0.001000
Epoch 21/60 | train_loss 0.9269 | union_precision 0.8667 | weighted_recall 0.5000 | union_precision 0.8667 | threshold 0.525 | val_model raw | lr 0.001000
Epoch 22/60 | train_loss 0.8980 | union_precision 0.8667 | weighted_recall 0.5000 | union_precision 0.8667 | threshold 0.525 | val_model raw | lr 0.001000
Epoch 23/60 | train_loss 0.9035 | union_precision 0.8667 | weighted_recall 0.5000 | union_precision 0.8667 | threshold 0.525 | val_model raw | lr 0.001000
Early stopping at epoch 23
Held-out M33-3 | union_precision=0.9333 | weighted_recall=0.5998 | consensus_recall=0.0000
Epoch 1/60 | train_loss 1.5200 | union_precision 1.0000 | weighted_recall 0.0145 | union_precision 1.0000 | threshold 0.550 | val_model raw | lr 0.001000
Epoch 2/60 | train_loss 1.4048 | union_precision 1.0000 | weighted_recall 0.0274 | union_precision 1.0000 | threshold 0.550 | val_model raw | lr 0.001000
Epoch 3/60 | train_loss 1.3212 | union_precision 0.8966 | weighted_recall 0.2367 | union_precision 0.8966 | threshold 0.550 | val_model raw | lr 0.001000
Epoch 4/60 | train_loss 1.2663 | union_precision 0.8810 | weighted_recall 0.2569 | union_precision 0.8810 | threshold 0.550 | val_model raw | lr 0.001000
Epoch 5/60 | train_loss 1.2288 | union_precision 0.8636 | weighted_recall 0.2687 | union_precision 0.8636 | threshold 0.550 | val_model raw | lr 0.001000
Epoch 6/60 | train_loss 1.1965 | union_precision 0.8605 | weighted_recall 0.2680 | union_precision 0.8605 | threshold 0.575 | val_model raw | lr 0.001000
Epoch 7/60 | train_loss 1.1613 | union_precision 0.8621 | weighted_recall 0.2538 | union_precision 0.8621 | threshold 0.525 | val_model raw | lr 0.001000
Epoch 8/60 | train_loss 1.1429 | union_precision 0.8621 | weighted_recall 0.2603 | union_precision 0.8621 | threshold 0.525 | val_model raw | lr 0.001000
Epoch 9/60 | train_loss 1.1123 | union_precision 0.8710 | weighted_recall 0.2593 | union_precision 0.8710 | threshold 0.525 | val_model raw | lr 0.001000
Epoch 10/60 | train_loss 1.0855 | union_precision 0.8710 | weighted_recall 0.2802 | union_precision 0.8710 | threshold 0.525 | val_model raw | lr 0.001000
Epoch 11/60 | train_loss 1.0739 | union_precision 0.8529 | weighted_recall 0.2927 | union_precision 0.8529 | threshold 0.500 | val_model raw | lr 0.001000
Epoch 12/60 | train_loss 1.0439 | union_precision 0.8923 | weighted_recall 0.2868 | union_precision 0.8923 | threshold 0.525 | val_model raw | lr 0.001000
Epoch 13/60 | train_loss 1.0360 | union_precision 0.8769 | weighted_recall 0.2825 | union_precision 0.8769 | threshold 0.500 | val_model raw | lr 0.001000
Epoch 14/60 | train_loss 1.0099 | union_precision 0.8529 | weighted_recall 0.2839 | union_precision 0.8529 | threshold 0.475 | val_model raw | lr 0.001000
Epoch 15/60 | train_loss 1.0029 | union_precision 0.8551 | weighted_recall 0.3018 | union_precision 0.8551 | threshold 0.450 | val_model raw | lr 0.001000
Epoch 16/60 | train_loss 0.9755 | union_precision 0.8788 | weighted_recall 0.3113 | union_precision 0.8788 | threshold 0.450 | val_model raw | lr 0.001000
Epoch 17/60 | train_loss 0.9560 | union_precision 0.8636 | weighted_recall 0.3103 | union_precision 0.8636 | threshold 0.425 | val_model raw | lr 0.001000
Epoch 18/60 | train_loss 0.9545 | union_precision 0.8657 | weighted_recall 0.3113 | union_precision 0.8657 | threshold 0.400 | val_model raw | lr 0.001000
Epoch 19/60 | train_loss 0.9398 | union_precision 0.8696 | weighted_recall 0.3153 | union_precision 0.8696 | threshold 0.375 | val_model raw | lr 0.001000
Epoch 20/60 | train_loss 0.9282 | union_precision 0.8571 | weighted_recall 0.3096 | union_precision 0.8571 | threshold 0.350 | val_model raw | lr 0.001000
Epoch 21/60 | train_loss 0.9164 | union_precision 0.8806 | weighted_recall 0.2962 | union_precision 0.8806 | threshold 0.350 | val_model raw | lr 0.001000
Epoch 22/60 | train_loss 0.9061 | union_precision 0.8676 | weighted_recall 0.2960 | union_precision 0.8676 | threshold 0.325 | val_model raw | lr 0.001000
Epoch 23/60 | train_loss 0.8925 | union_precision 0.8636 | weighted_recall 0.2977 | union_precision 0.8636 | threshold 0.325 | val_model raw | lr 0.001000
Epoch 24/60 | train_loss 0.8794 | union_precision 0.8636 | weighted_recall 0.2925 | union_precision 0.8636 | threshold 0.300 | val_model raw | lr 0.001000
Epoch 25/60 | train_loss 0.8621 | union_precision 0.8514 | weighted_recall 0.3087 | union_precision 0.8514 | threshold 0.175 | val_model raw | lr 0.001000
Epoch 26/60 | train_loss 0.8566 | union_precision 0.8571 | weighted_recall 0.3028 | union_precision 0.8571 | threshold 0.150 | val_model raw | lr 0.001000
Epoch 27/60 | train_loss 0.8506 | union_precision 0.8529 | weighted_recall 0.2805 | union_precision 0.8529 | threshold 0.250 | val_model raw | lr 0.001000
Epoch 28/60 | train_loss 0.8311 | union_precision 0.8529 | weighted_recall 0.2812 | union_precision 0.8529 | threshold 0.225 | val_model raw | lr 0.001000
Epoch 29/60 | train_loss 0.8237 | union_precision 0.8551 | weighted_recall 0.2894 | union_precision 0.8551 | threshold 0.225 | val_model raw | lr 0.001000
Early stopping at epoch 29
Held-out M33-4 | union_precision=0.8696 | weighted_recall=0.3153 | consensus_recall=1.0000
Epoch 1/60 | train_loss 1.5433 | union_precision 0.4510 | weighted_recall 0.1344 | union_precision 0.4510 | threshold 0.050 | val_model raw | lr 0.001000
Epoch 2/60 | train_loss 1.4023 | union_precision 0.4561 | weighted_recall 0.1862 | union_precision 0.4561 | threshold 0.050 | val_model raw | lr 0.001000
Epoch 3/60 | train_loss 1.3318 | union_precision 0.4915 | weighted_recall 0.2167 | union_precision 0.4915 | threshold 0.050 | val_model raw | lr 0.001000
Epoch 4/60 | train_loss 1.2652 | union_precision 0.5000 | weighted_recall 0.2514 | union_precision 0.5000 | threshold 0.050 | val_model raw | lr 0.001000
Epoch 5/60 | train_loss 1.2297 | union_precision 0.5556 | weighted_recall 0.0272 | union_precision 0.5556 | threshold 0.575 | val_model raw | lr 0.001000
Epoch 6/60 | train_loss 1.1876 | union_precision 0.5588 | weighted_recall 0.1871 | union_precision 0.5588 | threshold 0.500 | val_model raw | lr 0.001000
Epoch 7/60 | train_loss 1.1572 | union_precision 0.5882 | weighted_recall 0.2162 | union_precision 0.5882 | threshold 0.450 | val_model raw | lr 0.001000
Epoch 8/60 | train_loss 1.1306 | union_precision 0.5714 | weighted_recall 0.0243 | union_precision 0.5714 | threshold 0.625 | val_model raw | lr 0.001000
Epoch 9/60 | train_loss 1.1097 | union_precision 0.5714 | weighted_recall 0.0243 | union_precision 0.5714 | threshold 0.625 | val_model raw | lr 0.001000
Epoch 10/60 | train_loss 1.0991 | union_precision 0.5800 | weighted_recall 0.1884 | union_precision 0.5800 | threshold 0.050 | val_model raw | lr 0.001000
Epoch 11/60 | train_loss 1.0668 | union_precision 0.7500 | weighted_recall 0.0168 | union_precision 0.7500 | threshold 0.675 | val_model raw | lr 0.001000
Epoch 12/60 | train_loss 1.0465 | union_precision 0.7500 | weighted_recall 0.0168 | union_precision 0.7500 | threshold 0.675 | val_model raw | lr 0.001000
Epoch 13/60 | train_loss 1.0311 | union_precision 0.8000 | weighted_recall 0.0350 | union_precision 0.8000 | threshold 0.675 | val_model raw | lr 0.001000
Epoch 14/60 | train_loss 1.0095 | union_precision 0.7500 | weighted_recall 0.0168 | union_precision 0.7500 | threshold 0.700 | val_model raw | lr 0.001000
Epoch 15/60 | train_loss 1.0006 | union_precision 0.8000 | weighted_recall 0.0350 | union_precision 0.8000 | threshold 0.700 | val_model raw | lr 0.001000
Epoch 16/60 | train_loss 0.9827 | union_precision 1.0000 | weighted_recall 0.0073 | union_precision 1.0000 | threshold 0.775 | val_model raw | lr 0.001000
Epoch 17/60 | train_loss 0.9556 | union_precision 0.8571 | weighted_recall 0.0552 | union_precision 0.8571 | threshold 0.700 | val_model raw | lr 0.001000
Epoch 18/60 | train_loss 0.9559 | union_precision 0.8889 | weighted_recall 0.0667 | union_precision 0.8889 | threshold 0.700 | val_model raw | lr 0.001000
Epoch 19/60 | train_loss 0.9368 | union_precision 1.0000 | weighted_recall 0.0552 | union_precision 1.0000 | threshold 0.750 | val_model raw | lr 0.001000
Epoch 20/60 | train_loss 0.9209 | union_precision 1.0000 | weighted_recall 0.0653 | union_precision 1.0000 | threshold 0.725 | val_model raw | lr 0.001000
Epoch 21/60 | train_loss 0.9167 | union_precision 0.9091 | weighted_recall 0.0905 | union_precision 0.9091 | threshold 0.725 | val_model raw | lr 0.001000
Epoch 22/60 | train_loss 0.8907 | union_precision 0.8571 | weighted_recall 0.0542 | union_precision 0.8571 | threshold 0.750 | val_model raw | lr 0.001000
Epoch 23/60 | train_loss 0.9001 | union_precision 1.0000 | weighted_recall 0.0384 | union_precision 1.0000 | threshold 0.800 | val_model raw | lr 0.001000
Epoch 24/60 | train_loss 0.8764 | union_precision 1.0000 | weighted_recall 0.0384 | union_precision 1.0000 | threshold 0.800 | val_model raw | lr 0.001000
Epoch 25/60 | train_loss 0.8693 | union_precision 1.0000 | weighted_recall 0.0471 | union_precision 1.0000 | threshold 0.775 | val_model raw | lr 0.001000
Epoch 26/60 | train_loss 0.8601 | union_precision 1.0000 | weighted_recall 0.0566 | union_precision 1.0000 | threshold 0.775 | val_model raw | lr 0.001000
Epoch 27/60 | train_loss 0.8546 | union_precision 0.8519 | weighted_recall 0.1790 | union_precision 0.8519 | threshold 0.675 | val_model raw | lr 0.001000
Epoch 28/60 | train_loss 0.8454 | union_precision 0.8519 | weighted_recall 0.1816 | union_precision 0.8519 | threshold 0.675 | val_model raw | lr 0.001000
Epoch 29/60 | train_loss 0.8263 | union_precision 0.8571 | weighted_recall 0.1961 | union_precision 0.8571 | threshold 0.675 | val_model raw | lr 0.001000
Epoch 30/60 | train_loss 0.8221 | union_precision 0.8571 | weighted_recall 0.1961 | union_precision 0.8571 | threshold 0.675 | val_model raw | lr 0.001000
Epoch 31/60 | train_loss 0.8144 | union_precision 0.8571 | weighted_recall 0.2217 | union_precision 0.8571 | threshold 0.675 | val_model raw | lr 0.001000
Epoch 32/60 | train_loss 0.7967 | union_precision 0.8571 | weighted_recall 0.2217 | union_precision 0.8571 | threshold 0.675 | val_model raw | lr 0.001000
Epoch 33/60 | train_loss 0.7925 | union_precision 0.8571 | weighted_recall 0.1616 | union_precision 0.8571 | threshold 0.725 | val_model raw | lr 0.001000
Epoch 34/60 | train_loss 0.7881 | union_precision 0.9167 | weighted_recall 0.1075 | union_precision 0.9167 | threshold 0.775 | val_model raw | lr 0.001000
Epoch 35/60 | train_loss 0.7711 | union_precision 0.9091 | weighted_recall 0.1043 | union_precision 0.9091 | threshold 0.775 | val_model raw | lr 0.001000
Epoch 36/60 | train_loss 0.7704 | union_precision 0.9091 | weighted_recall 0.1043 | union_precision 0.9091 | threshold 0.775 | val_model raw | lr 0.001000
Epoch 37/60 | train_loss 0.7703 | union_precision 0.8529 | weighted_recall 0.2567 | union_precision 0.8529 | threshold 0.600 | val_model raw | lr 0.001000
Epoch 38/60 | train_loss 0.7467 | union_precision 0.8529 | weighted_recall 0.2567 | union_precision 0.8529 | threshold 0.575 | val_model raw | lr 0.001000
Epoch 39/60 | train_loss 0.7524 | union_precision 0.8529 | weighted_recall 0.2504 | union_precision 0.8529 | threshold 0.575 | val_model raw | lr 0.001000
Epoch 40/60 | train_loss 0.7376 | union_precision 0.8529 | weighted_recall 0.2504 | union_precision 0.8529 | threshold 0.550 | val_model raw | lr 0.001000
Epoch 41/60 | train_loss 0.7318 | union_precision 0.8529 | weighted_recall 0.2504 | union_precision 0.8529 | threshold 0.575 | val_model raw | lr 0.001000
Epoch 42/60 | train_loss 0.7269 | union_precision 0.8529 | weighted_recall 0.2620 | union_precision 0.8529 | threshold 0.575 | val_model raw | lr 0.001000
Epoch 43/60 | train_loss 0.7208 | union_precision 0.8529 | weighted_recall 0.2620 | union_precision 0.8529 | threshold 0.575 | val_model raw | lr 0.001000
Epoch 44/60 | train_loss 0.7111 | union_precision 0.8529 | weighted_recall 0.2620 | union_precision 0.8529 | threshold 0.575 | val_model raw | lr 0.001000
Epoch 45/60 | train_loss 0.7044 | union_precision 0.8529 | weighted_recall 0.2606 | union_precision 0.8529 | threshold 0.550 | val_model raw | lr 0.001000
Epoch 46/60 | train_loss 0.6920 | union_precision 0.8529 | weighted_recall 0.2606 | union_precision 0.8529 | threshold 0.550 | val_model raw | lr 0.001000
Epoch 47/60 | train_loss 0.6899 | union_precision 0.8571 | weighted_recall 0.2747 | union_precision 0.8571 | threshold 0.550 | val_model raw | lr 0.001000
Epoch 48/60 | train_loss 0.6836 | union_precision 0.8571 | weighted_recall 0.2558 | union_precision 0.8571 | threshold 0.550 | val_model raw | lr 0.001000
Epoch 49/60 | train_loss 0.6828 | union_precision 0.8529 | weighted_recall 0.2632 | union_precision 0.8529 | threshold 0.525 | val_model raw | lr 0.001000
Epoch 50/60 | train_loss 0.6696 | union_precision 0.8571 | weighted_recall 0.2690 | union_precision 0.8571 | threshold 0.525 | val_model raw | lr 0.001000
Epoch 51/60 | train_loss 0.6749 | union_precision 0.8571 | weighted_recall 0.2690 | union_precision 0.8571 | threshold 0.550 | val_model raw | lr 0.001000
Epoch 52/60 | train_loss 0.6711 | union_precision 0.8621 | weighted_recall 0.2432 | union_precision 0.8621 | threshold 0.725 | val_model raw | lr 0.001000
Epoch 53/60 | train_loss 0.6559 | union_precision 0.8571 | weighted_recall 0.2188 | union_precision 0.8571 | threshold 0.725 | val_model raw | lr 0.001000
Epoch 54/60 | train_loss 0.6559 | union_precision 0.8636 | weighted_recall 0.1866 | union_precision 0.8636 | threshold 0.775 | val_model raw | lr 0.001000
Epoch 55/60 | train_loss 0.6597 | union_precision 0.8519 | weighted_recall 0.2414 | union_precision 0.8519 | threshold 0.750 | val_model raw | lr 0.001000
Epoch 56/60 | train_loss 0.6422 | union_precision 0.8571 | weighted_recall 0.2092 | union_precision 0.8571 | threshold 0.775 | val_model raw | lr 0.001000
Epoch 57/60 | train_loss 0.6386 | union_precision 0.8571 | weighted_recall 0.2457 | union_precision 0.8571 | threshold 0.725 | val_model raw | lr 0.001000
Early stopping at epoch 57
Held-out M41-1 | union_precision=0.8571 | weighted_recall=0.2747 | consensus_recall=0.0000
Epoch 1/60 | train_loss 1.5408 | union_precision 0.6957 | weighted_recall 0.3172 | union_precision 0.6957 | threshold 0.425 | val_model raw | lr 0.001000
Epoch 2/60 | train_loss 1.4039 | union_precision 0.7143 | weighted_recall 0.1425 | union_precision 0.7143 | threshold 0.500 | val_model raw | lr 0.001000
Epoch 3/60 | train_loss 1.3333 | union_precision 0.7143 | weighted_recall 0.1425 | union_precision 0.7143 | threshold 0.525 | val_model raw | lr 0.001000
Epoch 4/60 | train_loss 1.2673 | union_precision 0.7500 | weighted_recall 0.1216 | union_precision 0.7500 | threshold 0.550 | val_model raw | lr 0.001000
Epoch 5/60 | train_loss 1.2331 | union_precision 0.7778 | weighted_recall 0.2169 | union_precision 0.7778 | threshold 0.550 | val_model raw | lr 0.001000
Epoch 6/60 | train_loss 1.1913 | union_precision 0.8000 | weighted_recall 0.2640 | union_precision 0.8000 | threshold 0.550 | val_model raw | lr 0.001000
Epoch 7/60 | train_loss 1.1615 | union_precision 0.7500 | weighted_recall 0.3703 | union_precision 0.7500 | threshold 0.500 | val_model raw | lr 0.001000
Epoch 8/60 | train_loss 1.1357 | union_precision 0.8333 | weighted_recall 0.2134 | union_precision 0.8333 | threshold 0.600 | val_model raw | lr 0.001000
Epoch 9/60 | train_loss 1.1182 | union_precision 0.8333 | weighted_recall 0.2134 | union_precision 0.8333 | threshold 0.600 | val_model raw | lr 0.001000
Epoch 10/60 | train_loss 1.1052 | union_precision 1.0000 | weighted_recall 0.0369 | union_precision 1.0000 | threshold 0.725 | val_model raw | lr 0.001000
Epoch 11/60 | train_loss 1.0731 | union_precision 1.0000 | weighted_recall 0.0369 | union_precision 1.0000 | threshold 0.725 | val_model raw | lr 0.001000
Epoch 12/60 | train_loss 1.0525 | union_precision 1.0000 | weighted_recall 0.0369 | union_precision 1.0000 | threshold 0.725 | val_model raw | lr 0.001000
Epoch 13/60 | train_loss 1.0357 | union_precision 1.0000 | weighted_recall 0.0369 | union_precision 1.0000 | threshold 0.725 | val_model raw | lr 0.001000
Epoch 14/60 | train_loss 1.0145 | union_precision 1.0000 | weighted_recall 0.0978 | union_precision 1.0000 | threshold 0.700 | val_model raw | lr 0.001000
Epoch 15/60 | train_loss 1.0066 | union_precision 1.0000 | weighted_recall 0.2191 | union_precision 1.0000 | threshold 0.700 | val_model raw | lr 0.001000
Epoch 16/60 | train_loss 0.9879 | union_precision 0.8571 | weighted_recall 0.2191 | union_precision 0.8571 | threshold 0.700 | val_model raw | lr 0.001000
Epoch 17/60 | train_loss 0.9604 | union_precision 0.8750 | weighted_recall 0.2270 | union_precision 0.8750 | threshold 0.675 | val_model raw | lr 0.001000
Epoch 18/60 | train_loss 0.9606 | union_precision 0.8889 | weighted_recall 0.2718 | union_precision 0.8889 | threshold 0.675 | val_model raw | lr 0.001000
Epoch 19/60 | train_loss 0.9388 | union_precision 0.8889 | weighted_recall 0.2718 | union_precision 0.8889 | threshold 0.675 | val_model raw | lr 0.001000
Epoch 20/60 | train_loss 0.9267 | union_precision 0.9000 | weighted_recall 0.2876 | union_precision 0.9000 | threshold 0.650 | val_model raw | lr 0.001000
Epoch 21/60 | train_loss 0.9233 | union_precision 0.9286 | weighted_recall 0.3929 | union_precision 0.9286 | threshold 0.650 | val_model raw | lr 0.001000
Epoch 22/60 | train_loss 0.8943 | union_precision 0.9286 | weighted_recall 0.3929 | union_precision 0.9286 | threshold 0.650 | val_model raw | lr 0.001000
Epoch 23/60 | train_loss 0.9008 | union_precision 0.9286 | weighted_recall 0.3929 | union_precision 0.9286 | threshold 0.650 | val_model raw | lr 0.001000
Epoch 24/60 | train_loss 0.8832 | union_precision 0.8750 | weighted_recall 0.3956 | union_precision 0.8750 | threshold 0.625 | val_model raw | lr 0.001000
Epoch 25/60 | train_loss 0.8744 | union_precision 0.8750 | weighted_recall 0.3956 | union_precision 0.8750 | threshold 0.625 | val_model raw | lr 0.001000
Epoch 26/60 | train_loss 0.8638 | union_precision 0.8750 | weighted_recall 0.3956 | union_precision 0.8750 | threshold 0.625 | val_model raw | lr 0.001000
Epoch 27/60 | train_loss 0.8578 | union_precision 0.9286 | weighted_recall 0.3929 | union_precision 0.9286 | threshold 0.650 | val_model raw | lr 0.001000
Epoch 28/60 | train_loss 0.8512 | union_precision 0.9333 | weighted_recall 0.3956 | union_precision 0.9333 | threshold 0.650 | val_model raw | lr 0.001000
Epoch 29/60 | train_loss 0.8292 | union_precision 0.9333 | weighted_recall 0.4166 | union_precision 0.9333 | threshold 0.650 | val_model raw | lr 0.001000
Epoch 30/60 | train_loss 0.8246 | union_precision 0.9286 | weighted_recall 0.4140 | union_precision 0.9286 | threshold 0.650 | val_model raw | lr 0.001000
Epoch 31/60 | train_loss 0.8184 | union_precision 0.8750 | weighted_recall 0.4166 | union_precision 0.8750 | threshold 0.625 | val_model raw | lr 0.001000
Epoch 32/60 | train_loss 0.8028 | union_precision 0.8750 | weighted_recall 0.4166 | union_precision 0.8750 | threshold 0.625 | val_model raw | lr 0.001000
Epoch 33/60 | train_loss 0.7972 | union_precision 0.8750 | weighted_recall 0.4166 | union_precision 0.8750 | threshold 0.625 | val_model raw | lr 0.001000
Epoch 34/60 | train_loss 0.7947 | union_precision 0.8750 | weighted_recall 0.4166 | union_precision 0.8750 | threshold 0.625 | val_model raw | lr 0.001000
Epoch 35/60 | train_loss 0.7731 | union_precision 0.8750 | weighted_recall 0.4166 | union_precision 0.8750 | threshold 0.600 | val_model raw | lr 0.001000
Epoch 36/60 | train_loss 0.7743 | union_precision 0.8750 | weighted_recall 0.4166 | union_precision 0.8750 | threshold 0.600 | val_model raw | lr 0.001000
Epoch 37/60 | train_loss 0.7770 | union_precision 0.8750 | weighted_recall 0.4166 | union_precision 0.8750 | threshold 0.600 | val_model raw | lr 0.001000
Epoch 38/60 | train_loss 0.7520 | union_precision 0.9333 | weighted_recall 0.4166 | union_precision 0.9333 | threshold 0.625 | val_model raw | lr 0.001000
Epoch 39/60 | train_loss 0.7545 | union_precision 0.9333 | weighted_recall 0.4166 | union_precision 0.9333 | threshold 0.625 | val_model raw | lr 0.001000
Early stopping at epoch 39
Held-out M41-2 | union_precision=0.9333 | weighted_recall=0.4166 | consensus_recall=0.0000
Epoch 1/60 | train_loss 1.5424 | union_precision 0.6364 | weighted_recall 0.1724 | union_precision 0.6364 | threshold 0.525 | val_model raw | lr 0.001000
Epoch 2/60 | train_loss 1.4058 | union_precision 0.7778 | weighted_recall 0.1617 | union_precision 0.7778 | threshold 0.550 | val_model raw | lr 0.001000
Epoch 3/60 | train_loss 1.3333 | union_precision 0.7692 | weighted_recall 0.2678 | union_precision 0.7692 | threshold 0.550 | val_model raw | lr 0.001000
Epoch 4/60 | train_loss 1.2690 | union_precision 0.7857 | weighted_recall 0.2996 | union_precision 0.7857 | threshold 0.525 | val_model raw | lr 0.001000
Epoch 5/60 | train_loss 1.2351 | union_precision 0.8235 | weighted_recall 0.3407 | union_precision 0.8235 | threshold 0.500 | val_model raw | lr 0.001000
Epoch 6/60 | train_loss 1.1924 | union_precision 0.8235 | weighted_recall 0.3530 | union_precision 0.8235 | threshold 0.500 | val_model raw | lr 0.001000
Epoch 7/60 | train_loss 1.1625 | union_precision 0.8235 | weighted_recall 0.3565 | union_precision 0.8235 | threshold 0.500 | val_model raw | lr 0.001000
Epoch 8/60 | train_loss 1.1380 | union_precision 0.8125 | weighted_recall 0.3436 | union_precision 0.8125 | threshold 0.525 | val_model raw | lr 0.001000
Epoch 9/60 | train_loss 1.1218 | union_precision 0.8125 | weighted_recall 0.3436 | union_precision 0.8125 | threshold 0.525 | val_model raw | lr 0.001000
Epoch 10/60 | train_loss 1.1057 | union_precision 0.7500 | weighted_recall 0.3095 | union_precision 0.7500 | threshold 0.550 | val_model raw | lr 0.001000
Epoch 11/60 | train_loss 1.0739 | union_precision 0.7500 | weighted_recall 0.3095 | union_precision 0.7500 | threshold 0.550 | val_model raw | lr 0.001000
Epoch 12/60 | train_loss 1.0529 | union_precision 0.7778 | weighted_recall 0.3489 | union_precision 0.7778 | threshold 0.550 | val_model raw | lr 0.001000
Epoch 13/60 | train_loss 1.0369 | union_precision 0.7778 | weighted_recall 0.3781 | union_precision 0.7778 | threshold 0.575 | val_model raw | lr 0.001000
Epoch 14/60 | train_loss 1.0161 | union_precision 0.7778 | weighted_recall 0.3781 | union_precision 0.7778 | threshold 0.575 | val_model raw | lr 0.001000
Epoch 15/60 | train_loss 1.0077 | union_precision 0.7778 | weighted_recall 0.3781 | union_precision 0.7778 | threshold 0.575 | val_model raw | lr 0.001000
Epoch 16/60 | train_loss 0.9883 | union_precision 1.0000 | weighted_recall 0.0219 | union_precision 1.0000 | threshold 0.775 | val_model raw | lr 0.001000
Epoch 17/60 | train_loss 0.9584 | union_precision 0.8000 | weighted_recall 0.2131 | union_precision 0.8000 | threshold 0.700 | val_model raw | lr 0.001000
Epoch 18/60 | train_loss 0.9580 | union_precision 1.0000 | weighted_recall 0.0219 | union_precision 1.0000 | threshold 0.800 | val_model raw | lr 0.001000
Epoch 19/60 | train_loss 0.9370 | union_precision 1.0000 | weighted_recall 0.0643 | union_precision 1.0000 | threshold 0.800 | val_model raw | lr 0.001000
Epoch 20/60 | train_loss 0.9265 | union_precision 1.0000 | weighted_recall 0.0219 | union_precision 1.0000 | threshold 0.825 | val_model raw | lr 0.001000
Epoch 21/60 | train_loss 0.9258 | union_precision 1.0000 | weighted_recall 0.0219 | union_precision 1.0000 | threshold 0.825 | val_model raw | lr 0.001000
Epoch 22/60 | train_loss 0.8942 | union_precision 1.0000 | weighted_recall 0.0643 | union_precision 1.0000 | threshold 0.825 | val_model raw | lr 0.001000
Epoch 23/60 | train_loss 0.9008 | union_precision 1.0000 | weighted_recall 0.0643 | union_precision 1.0000 | threshold 0.825 | val_model raw | lr 0.001000
Epoch 24/60 | train_loss 0.8816 | union_precision 1.0000 | weighted_recall 0.0219 | union_precision 1.0000 | threshold 0.825 | val_model raw | lr 0.001000
Epoch 25/60 | train_loss 0.8762 | union_precision 1.0000 | weighted_recall 0.0219 | union_precision 1.0000 | threshold 0.825 | val_model raw | lr 0.001000
Epoch 26/60 | train_loss 0.8649 | union_precision 1.0000 | weighted_recall 0.0219 | union_precision 1.0000 | threshold 0.825 | val_model raw | lr 0.001000
Epoch 27/60 | train_loss 0.8587 | union_precision 0.8000 | weighted_recall 0.1743 | union_precision 0.8000 | threshold 0.725 | val_model raw | lr 0.001000
Epoch 28/60 | train_loss 0.8507 | union_precision 0.8750 | weighted_recall 0.1645 | union_precision 0.8750 | threshold 0.775 | val_model raw | lr 0.001000
Epoch 29/60 | train_loss 0.8295 | union_precision 0.9000 | weighted_recall 0.1830 | union_precision 0.9000 | threshold 0.675 | val_model raw | lr 0.001000
Epoch 30/60 | train_loss 0.8234 | union_precision 0.9000 | weighted_recall 0.1830 | union_precision 0.9000 | threshold 0.675 | val_model raw | lr 0.001000
Epoch 31/60 | train_loss 0.8168 | union_precision 0.9000 | weighted_recall 0.2217 | union_precision 0.9000 | threshold 0.675 | val_model raw | lr 0.001000
Epoch 32/60 | train_loss 0.8013 | union_precision 0.9000 | weighted_recall 0.2217 | union_precision 0.9000 | threshold 0.650 | val_model raw | lr 0.001000
Epoch 33/60 | train_loss 0.7964 | union_precision 0.9000 | weighted_recall 0.2217 | union_precision 0.9000 | threshold 0.650 | val_model raw | lr 0.001000
Epoch 34/60 | train_loss 0.7923 | union_precision 0.9000 | weighted_recall 0.2217 | union_precision 0.9000 | threshold 0.650 | val_model raw | lr 0.001000
Epoch 35/60 | train_loss 0.7727 | union_precision 0.8889 | weighted_recall 0.2388 | union_precision 0.8889 | threshold 0.700 | val_model raw | lr 0.001000
Epoch 36/60 | train_loss 0.7726 | union_precision 0.8889 | weighted_recall 0.2388 | union_precision 0.8889 | threshold 0.700 | val_model raw | lr 0.001000
Epoch 37/60 | train_loss 0.7767 | union_precision 0.8889 | weighted_recall 0.2388 | union_precision 0.8889 | threshold 0.700 | val_model raw | lr 0.001000
Epoch 38/60 | train_loss 0.7503 | union_precision 0.8571 | weighted_recall 0.2640 | union_precision 0.8571 | threshold 0.600 | val_model raw | lr 0.001000
Epoch 39/60 | train_loss 0.7529 | union_precision 0.8889 | weighted_recall 0.2388 | union_precision 0.8889 | threshold 0.700 | val_model raw | lr 0.001000
Epoch 40/60 | train_loss 0.7413 | union_precision 0.8889 | weighted_recall 0.2388 | union_precision 0.8889 | threshold 0.700 | val_model raw | lr 0.001000
Epoch 41/60 | train_loss 0.7392 | union_precision 0.9091 | weighted_recall 0.2567 | union_precision 0.9091 | threshold 0.675 | val_model raw | lr 0.001000
Epoch 42/60 | train_loss 0.7295 | union_precision 0.9091 | weighted_recall 0.2567 | union_precision 0.9091 | threshold 0.675 | val_model raw | lr 0.001000
Epoch 43/60 | train_loss 0.7227 | union_precision 0.9091 | weighted_recall 0.2567 | union_precision 0.9091 | threshold 0.675 | val_model raw | lr 0.001000
Epoch 44/60 | train_loss 0.7137 | union_precision 0.9167 | weighted_recall 0.2811 | union_precision 0.9167 | threshold 0.675 | val_model raw | lr 0.001000
Epoch 45/60 | train_loss 0.7076 | union_precision 0.9167 | weighted_recall 0.2705 | union_precision 0.9167 | threshold 0.675 | val_model raw | lr 0.001000
Epoch 46/60 | train_loss 0.6919 | union_precision 0.9091 | weighted_recall 0.2632 | union_precision 0.9091 | threshold 0.675 | val_model raw | lr 0.001000
Epoch 47/60 | train_loss 0.6923 | union_precision 0.9091 | weighted_recall 0.2400 | union_precision 0.9091 | threshold 0.675 | val_model raw | lr 0.001000
Epoch 48/60 | train_loss 0.6881 | union_precision 0.9091 | weighted_recall 0.2400 | union_precision 0.9091 | threshold 0.675 | val_model raw | lr 0.001000
Epoch 49/60 | train_loss 0.6914 | union_precision 0.9091 | weighted_recall 0.2400 | union_precision 0.9091 | threshold 0.675 | val_model raw | lr 0.001000
Epoch 50/60 | train_loss 0.6753 | union_precision 0.9091 | weighted_recall 0.2400 | union_precision 0.9091 | threshold 0.700 | val_model raw | lr 0.001000
Epoch 51/60 | train_loss 0.6789 | union_precision 0.9091 | weighted_recall 0.2400 | union_precision 0.9091 | threshold 0.700 | val_model raw | lr 0.001000
Epoch 52/60 | train_loss 0.6751 | union_precision 0.9000 | weighted_recall 0.2180 | union_precision 0.9000 | threshold 0.700 | val_model raw | lr 0.001000
Epoch 53/60 | train_loss 0.6624 | union_precision 0.9000 | weighted_recall 0.2180 | union_precision 0.9000 | threshold 0.675 | val_model raw | lr 0.001000
Epoch 54/60 | train_loss 0.6616 | union_precision 0.9000 | weighted_recall 0.2180 | union_precision 0.9000 | threshold 0.675 | val_model raw | lr 0.001000
Early stopping at epoch 54
Held-out M41-3 | union_precision=0.9167 | weighted_recall=0.2811 | consensus_recall=0.0000
Epoch 1/60 | train_loss 1.5426 | union_precision 0.9286 | weighted_recall 0.2933 | union_precision 0.9286 | threshold 0.550 | val_model raw | lr 0.001000
Epoch 2/60 | train_loss 1.4070 | union_precision 0.9000 | weighted_recall 0.2702 | union_precision 0.9000 | threshold 0.575 | val_model raw | lr 0.001000
Epoch 3/60 | train_loss 1.3333 | union_precision 1.0000 | weighted_recall 0.0214 | union_precision 1.0000 | threshold 0.625 | val_model raw | lr 0.001000
Epoch 4/60 | train_loss 1.2696 | union_precision 0.7500 | weighted_recall 0.1206 | union_precision 0.7500 | threshold 0.625 | val_model raw | lr 0.001000
Epoch 5/60 | train_loss 1.2345 | union_precision 0.8889 | weighted_recall 0.2352 | union_precision 0.8889 | threshold 0.625 | val_model raw | lr 0.001000
Epoch 6/60 | train_loss 1.1950 | union_precision 1.0000 | weighted_recall 0.1737 | union_precision 1.0000 | threshold 0.650 | val_model raw | lr 0.001000
Epoch 7/60 | train_loss 1.1628 | union_precision 1.0000 | weighted_recall 0.0855 | union_precision 1.0000 | threshold 0.675 | val_model raw | lr 0.001000
Epoch 8/60 | train_loss 1.1376 | union_precision 1.0000 | weighted_recall 0.0641 | union_precision 1.0000 | threshold 0.700 | val_model raw | lr 0.001000
Epoch 9/60 | train_loss 1.1225 | union_precision 1.0000 | weighted_recall 0.0205 | union_precision 1.0000 | threshold 0.725 | val_model raw | lr 0.001000
Epoch 10/60 | train_loss 1.1070 | union_precision 0.7778 | weighted_recall 0.1702 | union_precision 0.7778 | threshold 0.700 | val_model raw | lr 0.001000
Epoch 11/60 | train_loss 1.0750 | union_precision 0.8571 | weighted_recall 0.1676 | union_precision 0.8571 | threshold 0.725 | val_model raw | lr 0.001000
Early stopping at epoch 11
Held-out M41-4 | union_precision=0.9286 | weighted_recall=0.2933 | consensus_recall=0.0000
Epoch 1/60 | train_loss 1.5401 | union_precision 1.0000 | weighted_recall 0.0028 | union_precision 1.0000 | threshold 0.650 | val_model raw | lr 0.001000
Epoch 2/60 | train_loss 1.4067 | union_precision 0.6000 | weighted_recall 0.1354 | union_precision 0.6000 | threshold 0.550 | val_model raw | lr 0.001000
Epoch 3/60 | train_loss 1.3317 | union_precision 0.5750 | weighted_recall 0.2796 | union_precision 0.5750 | threshold 0.500 | val_model raw | lr 0.001000
Epoch 4/60 | train_loss 1.2677 | union_precision 0.5385 | weighted_recall 0.3064 | union_precision 0.5385 | threshold 0.525 | val_model raw | lr 0.001000
Epoch 5/60 | train_loss 1.2317 | union_precision 0.5476 | weighted_recall 0.3525 | union_precision 0.5476 | threshold 0.500 | val_model raw | lr 0.001000
Epoch 6/60 | train_loss 1.1937 | union_precision 0.5476 | weighted_recall 0.3525 | union_precision 0.5476 | threshold 0.500 | val_model raw | lr 0.001000
Epoch 7/60 | train_loss 1.1629 | union_precision 0.5500 | weighted_recall 0.3325 | union_precision 0.5500 | threshold 0.550 | val_model raw | lr 0.001000
Epoch 8/60 | train_loss 1.1343 | union_precision 0.5714 | weighted_recall 0.1723 | union_precision 0.5714 | threshold 0.675 | val_model raw | lr 0.001000
Epoch 9/60 | train_loss 1.1206 | union_precision 0.6667 | weighted_recall 0.1284 | union_precision 0.6667 | threshold 0.700 | val_model raw | lr 0.001000
Epoch 10/60 | train_loss 1.1036 | union_precision 0.6667 | weighted_recall 0.1284 | union_precision 0.6667 | threshold 0.725 | val_model raw | lr 0.001000
Epoch 11/60 | train_loss 1.0742 | union_precision 0.6667 | weighted_recall 0.1284 | union_precision 0.6667 | threshold 0.750 | val_model raw | lr 0.001000
Early stopping at epoch 11
Held-out M50-1 | union_precision=1.0000 | weighted_recall=0.0028 | consensus_recall=0.0000
Epoch 1/60 | train_loss 1.5379 | union_precision 0.7000 | weighted_recall 0.0411 | union_precision 0.7000 | threshold 0.550 | val_model raw | lr 0.001000
Epoch 2/60 | train_loss 1.4060 | union_precision 0.6842 | weighted_recall 0.0881 | union_precision 0.6842 | threshold 0.525 | val_model raw | lr 0.001000
Epoch 3/60 | train_loss 1.3287 | union_precision 0.8750 | weighted_recall 0.0375 | union_precision 0.8750 | threshold 0.575 | val_model raw | lr 0.001000
Epoch 4/60 | train_loss 1.2664 | union_precision 1.0000 | weighted_recall 0.0021 | union_precision 1.0000 | threshold 0.650 | val_model raw | lr 0.001000
Epoch 5/60 | train_loss 1.2287 | union_precision 1.0000 | weighted_recall 0.0021 | union_precision 1.0000 | threshold 0.675 | val_model raw | lr 0.001000
Epoch 6/60 | train_loss 1.1924 | union_precision 0.8750 | weighted_recall 0.0462 | union_precision 0.8750 | threshold 0.600 | val_model raw | lr 0.001000
Epoch 7/60 | train_loss 1.1607 | union_precision 0.9000 | weighted_recall 0.0539 | union_precision 0.9000 | threshold 0.600 | val_model raw | lr 0.001000
Epoch 8/60 | train_loss 1.1349 | union_precision 0.9091 | weighted_recall 0.0571 | union_precision 0.9091 | threshold 0.600 | val_model raw | lr 0.001000
Epoch 9/60 | train_loss 1.1180 | union_precision 0.8750 | weighted_recall 0.0435 | union_precision 0.8750 | threshold 0.625 | val_model raw | lr 0.001000
Epoch 10/60 | train_loss 1.1025 | union_precision 0.8571 | weighted_recall 0.0855 | union_precision 0.8571 | threshold 0.600 | val_model raw | lr 0.001000
Epoch 11/60 | train_loss 1.0726 | union_precision 0.8667 | weighted_recall 0.0806 | union_precision 0.8667 | threshold 0.600 | val_model raw | lr 0.001000
Epoch 12/60 | train_loss 1.0519 | union_precision 0.8750 | weighted_recall 0.0925 | union_precision 0.8750 | threshold 0.600 | val_model raw | lr 0.001000
Epoch 13/60 | train_loss 1.0368 | union_precision 0.8750 | weighted_recall 0.0925 | union_precision 0.8750 | threshold 0.600 | val_model raw | lr 0.001000
Epoch 14/60 | train_loss 1.0141 | union_precision 0.8636 | weighted_recall 0.1962 | union_precision 0.8636 | threshold 0.575 | val_model raw | lr 0.001000
Epoch 15/60 | train_loss 1.0084 | union_precision 0.8636 | weighted_recall 0.1962 | union_precision 0.8636 | threshold 0.575 | val_model raw | lr 0.001000
Epoch 16/60 | train_loss 0.9846 | union_precision 0.9286 | weighted_recall 0.0806 | union_precision 0.9286 | threshold 0.650 | val_model raw | lr 0.001000
Epoch 17/60 | train_loss 0.9616 | union_precision 0.9286 | weighted_recall 0.0812 | union_precision 0.9286 | threshold 0.625 | val_model raw | lr 0.001000
Epoch 18/60 | train_loss 0.9569 | union_precision 0.8529 | weighted_recall 0.2839 | union_precision 0.8529 | threshold 0.500 | val_model raw | lr 0.001000
Epoch 19/60 | train_loss 0.9384 | union_precision 0.8529 | weighted_recall 0.2507 | union_precision 0.8529 | threshold 0.450 | val_model raw | lr 0.001000
Epoch 20/60 | train_loss 0.9271 | union_precision 0.9231 | weighted_recall 0.2276 | union_precision 0.9231 | threshold 0.600 | val_model raw | lr 0.001000
Epoch 21/60 | train_loss 0.9278 | union_precision 0.8571 | weighted_recall 0.1534 | union_precision 0.8571 | threshold 0.625 | val_model raw | lr 0.001000
Epoch 22/60 | train_loss 0.8920 | union_precision 0.8889 | weighted_recall 0.1344 | union_precision 0.8889 | threshold 0.650 | val_model raw | lr 0.001000
Epoch 23/60 | train_loss 0.9026 | union_precision 0.8519 | weighted_recall 0.1825 | union_precision 0.8519 | threshold 0.600 | val_model raw | lr 0.001000
Epoch 24/60 | train_loss 0.8894 | union_precision 0.8710 | weighted_recall 0.2132 | union_precision 0.8710 | threshold 0.550 | val_model raw | lr 0.001000
Epoch 25/60 | train_loss 0.8803 | union_precision 0.8710 | weighted_recall 0.2132 | union_precision 0.8710 | threshold 0.550 | val_model raw | lr 0.001000
Epoch 26/60 | train_loss 0.8646 | union_precision 0.8710 | weighted_recall 0.2639 | union_precision 0.8710 | threshold 0.550 | val_model raw | lr 0.001000
Epoch 27/60 | train_loss 0.8543 | union_precision 0.8621 | weighted_recall 0.2391 | union_precision 0.8621 | threshold 0.575 | val_model raw | lr 0.001000
Epoch 28/60 | train_loss 0.8478 | union_precision 0.8571 | weighted_recall 0.1879 | union_precision 0.8571 | threshold 0.575 | val_model raw | lr 0.001000
Early stopping at epoch 28
Held-out M50-2 | union_precision=0.8529 | weighted_recall=0.2839 | consensus_recall=0.0000
Epoch 1/60 | train_loss 1.5482 | union_precision 0.8000 | weighted_recall 0.0462 | union_precision 0.8000 | threshold 0.575 | val_model raw | lr 0.001000
Epoch 2/60 | train_loss 1.4172 | union_precision 0.8000 | weighted_recall 0.0264 | union_precision 0.8000 | threshold 0.575 | val_model raw | lr 0.001000
Epoch 3/60 | train_loss 1.3412 | union_precision 0.9286 | weighted_recall 0.0870 | union_precision 0.9286 | threshold 0.575 | val_model raw | lr 0.001000
Epoch 4/60 | train_loss 1.2719 | union_precision 0.8511 | weighted_recall 0.2482 | union_precision 0.8511 | threshold 0.550 | val_model raw | lr 0.001000
Epoch 5/60 | train_loss 1.2358 | union_precision 0.8644 | weighted_recall 0.3741 | union_precision 0.8644 | threshold 0.550 | val_model raw | lr 0.001000
Epoch 6/60 | train_loss 1.1985 | union_precision 0.8644 | weighted_recall 0.3741 | union_precision 0.8644 | threshold 0.550 | val_model raw | lr 0.001000
Epoch 7/60 | train_loss 1.1655 | union_precision 0.8590 | weighted_recall 0.4217 | union_precision 0.8590 | threshold 0.525 | val_model raw | lr 0.001000
Epoch 8/60 | train_loss 1.1432 | union_precision 0.8923 | weighted_recall 0.4044 | union_precision 0.8923 | threshold 0.550 | val_model raw | lr 0.001000
Epoch 9/60 | train_loss 1.1248 | union_precision 0.8769 | weighted_recall 0.3871 | union_precision 0.8769 | threshold 0.550 | val_model raw | lr 0.001000
Epoch 10/60 | train_loss 1.1080 | union_precision 0.8696 | weighted_recall 0.3990 | union_precision 0.8696 | threshold 0.550 | val_model raw | lr 0.001000
Epoch 11/60 | train_loss 1.0782 | union_precision 0.8551 | weighted_recall 0.3936 | union_precision 0.8551 | threshold 0.550 | val_model raw | lr 0.001000
Epoch 12/60 | train_loss 1.0604 | union_precision 0.8545 | weighted_recall 0.3651 | union_precision 0.8545 | threshold 0.600 | val_model raw | lr 0.001000
Epoch 13/60 | train_loss 1.0436 | union_precision 0.8537 | weighted_recall 0.2859 | union_precision 0.8537 | threshold 0.650 | val_model raw | lr 0.001000
Epoch 14/60 | train_loss 1.0207 | union_precision 0.8514 | weighted_recall 0.4126 | union_precision 0.8514 | threshold 0.525 | val_model raw | lr 0.001000
Epoch 15/60 | train_loss 1.0187 | union_precision 0.8514 | weighted_recall 0.4207 | union_precision 0.8514 | threshold 0.525 | val_model raw | lr 0.001000
Epoch 16/60 | train_loss 0.9930 | union_precision 0.8630 | weighted_recall 0.4211 | union_precision 0.8630 | threshold 0.525 | val_model raw | lr 0.001000
Epoch 17/60 | train_loss 0.9689 | union_precision 0.8519 | weighted_recall 0.4524 | union_precision 0.8519 | threshold 0.450 | val_model raw | lr 0.001000
Epoch 18/60 | train_loss 0.9643 | union_precision 0.8500 | weighted_recall 0.4651 | union_precision 0.8500 | threshold 0.425 | val_model raw | lr 0.001000
Epoch 19/60 | train_loss 0.9436 | union_precision 0.8667 | weighted_recall 0.4778 | union_precision 0.8667 | threshold 0.475 | val_model raw | lr 0.001000
Epoch 20/60 | train_loss 0.9329 | union_precision 0.8553 | weighted_recall 0.4778 | union_precision 0.8553 | threshold 0.450 | val_model raw | lr 0.001000
Epoch 21/60 | train_loss 0.9330 | union_precision 0.8667 | weighted_recall 0.4778 | union_precision 0.8667 | threshold 0.450 | val_model raw | lr 0.001000
Epoch 22/60 | train_loss 0.8983 | union_precision 0.8649 | weighted_recall 0.4697 | union_precision 0.8649 | threshold 0.450 | val_model raw | lr 0.001000
Epoch 23/60 | train_loss 0.9038 | union_precision 0.8533 | weighted_recall 0.4697 | union_precision 0.8533 | threshold 0.400 | val_model raw | lr 0.001000
Epoch 24/60 | train_loss 0.8913 | union_precision 0.8611 | weighted_recall 0.4650 | union_precision 0.8611 | threshold 0.450 | val_model raw | lr 0.001000
Epoch 25/60 | train_loss 0.8806 | union_precision 0.8696 | weighted_recall 0.4650 | union_precision 0.8696 | threshold 0.450 | val_model raw | lr 0.001000
Epoch 26/60 | train_loss 0.8650 | union_precision 0.8571 | weighted_recall 0.4663 | union_precision 0.8571 | threshold 0.425 | val_model raw | lr 0.001000
Epoch 27/60 | train_loss 0.8572 | union_precision 0.8551 | weighted_recall 0.4471 | union_precision 0.8551 | threshold 0.425 | val_model raw | lr 0.001000
Epoch 28/60 | train_loss 0.8533 | union_precision 0.8551 | weighted_recall 0.4471 | union_precision 0.8551 | threshold 0.425 | val_model raw | lr 0.001000
Epoch 29/60 | train_loss 0.8393 | union_precision 0.8657 | weighted_recall 0.4467 | union_precision 0.8657 | threshold 0.450 | val_model raw | lr 0.001000
Early stopping at epoch 29
Held-out M50-3 | union_precision=0.8667 | weighted_recall=0.4778 | consensus_recall=0.0000
Epoch 1/60 | train_loss 1.5387 | union_precision 0.5625 | weighted_recall 0.0411 | union_precision 0.5625 | threshold 0.500 | val_model raw | lr 0.001000
Epoch 2/60 | train_loss 1.4067 | union_precision 0.5435 | weighted_recall 0.2035 | union_precision 0.5435 | threshold 0.475 | val_model raw | lr 0.001000
Epoch 3/60 | train_loss 1.3306 | union_precision 0.7500 | weighted_recall 0.0334 | union_precision 0.7500 | threshold 0.525 | val_model raw | lr 0.001000
Epoch 4/60 | train_loss 1.2649 | union_precision 0.7500 | weighted_recall 0.0334 | union_precision 0.7500 | threshold 0.550 | val_model raw | lr 0.001000
Epoch 5/60 | train_loss 1.2271 | union_precision 0.8000 | weighted_recall 0.0443 | union_precision 0.8000 | threshold 0.550 | val_model raw | lr 0.001000
Epoch 6/60 | train_loss 1.1881 | union_precision 0.7500 | weighted_recall 0.0334 | union_precision 0.7500 | threshold 0.575 | val_model raw | lr 0.001000
Epoch 7/60 | train_loss 1.1518 | union_precision 0.7857 | weighted_recall 0.1532 | union_precision 0.7857 | threshold 0.550 | val_model raw | lr 0.001000
Epoch 8/60 | train_loss 1.1295 | union_precision 0.8125 | weighted_recall 0.1891 | union_precision 0.8125 | threshold 0.550 | val_model raw | lr 0.001000
Epoch 9/60 | train_loss 1.1109 | union_precision 0.7778 | weighted_recall 0.1085 | union_precision 0.7778 | threshold 0.575 | val_model raw | lr 0.001000
Epoch 10/60 | train_loss 1.0960 | union_precision 0.8000 | weighted_recall 0.0767 | union_precision 0.8000 | threshold 0.625 | val_model raw | lr 0.001000
Epoch 11/60 | train_loss 1.0666 | union_precision 0.7778 | weighted_recall 0.1085 | union_precision 0.7778 | threshold 0.600 | val_model raw | lr 0.001000
Epoch 12/60 | train_loss 1.0465 | union_precision 0.8000 | weighted_recall 0.0767 | union_precision 0.8000 | threshold 0.650 | val_model raw | lr 0.001000
Epoch 13/60 | train_loss 1.0281 | union_precision 0.8333 | weighted_recall 0.0956 | union_precision 0.8333 | threshold 0.650 | val_model raw | lr 0.001000
Epoch 14/60 | train_loss 1.0085 | union_precision 0.8750 | weighted_recall 0.1007 | union_precision 0.8750 | threshold 0.650 | val_model raw | lr 0.001000
Epoch 15/60 | train_loss 1.0022 | union_precision 0.8889 | weighted_recall 0.1050 | union_precision 0.8889 | threshold 0.650 | val_model raw | lr 0.001000
Epoch 16/60 | train_loss 0.9761 | union_precision 0.9091 | weighted_recall 0.1258 | union_precision 0.9091 | threshold 0.650 | val_model raw | lr 0.001000
Epoch 17/60 | train_loss 0.9559 | union_precision 0.8889 | weighted_recall 0.1050 | union_precision 0.8889 | threshold 0.675 | val_model raw | lr 0.001000
Epoch 18/60 | train_loss 0.9412 | union_precision 0.8571 | weighted_recall 0.1780 | union_precision 0.8571 | threshold 0.625 | val_model raw | lr 0.001000
Epoch 19/60 | train_loss 0.9265 | union_precision 0.8696 | weighted_recall 0.1863 | union_precision 0.8696 | threshold 0.625 | val_model raw | lr 0.001000
Epoch 20/60 | train_loss 0.9187 | union_precision 0.8571 | weighted_recall 0.1569 | union_precision 0.8571 | threshold 0.650 | val_model raw | lr 0.001000
Epoch 21/60 | train_loss 0.9169 | union_precision 0.8571 | weighted_recall 0.1136 | union_precision 0.8571 | threshold 0.700 | val_model raw | lr 0.001000
Epoch 22/60 | train_loss 0.8841 | union_precision 0.8571 | weighted_recall 0.1569 | union_precision 0.8571 | threshold 0.675 | val_model raw | lr 0.001000
Epoch 23/60 | train_loss 0.8881 | union_precision 1.0000 | weighted_recall 0.0032 | union_precision 1.0000 | threshold 0.775 | val_model raw | lr 0.001000
Epoch 24/60 | train_loss 0.8782 | union_precision 1.0000 | weighted_recall 0.0400 | union_precision 1.0000 | threshold 0.750 | val_model raw | lr 0.001000
Epoch 25/60 | train_loss 0.8672 | union_precision 0.8750 | weighted_recall 0.0465 | union_precision 0.8750 | threshold 0.750 | val_model raw | lr 0.001000
Epoch 26/60 | train_loss 0.8553 | union_precision 0.8571 | weighted_recall 0.0948 | union_precision 0.8571 | threshold 0.725 | val_model raw | lr 0.001000
Epoch 27/60 | train_loss 0.8484 | union_precision 0.8571 | weighted_recall 0.0948 | union_precision 0.8571 | threshold 0.725 | val_model raw | lr 0.001000
Epoch 28/60 | train_loss 0.8419 | union_precision 0.8571 | weighted_recall 0.0948 | union_precision 0.8571 | threshold 0.725 | val_model raw | lr 0.001000
Epoch 29/60 | train_loss 0.8270 | union_precision 0.8824 | weighted_recall 0.1127 | union_precision 0.8824 | threshold 0.725 | val_model raw | lr 0.001000
Early stopping at epoch 29
Held-out M56-1 | union_precision=0.8696 | weighted_recall=0.1863 | consensus_recall=1.0000
Epoch 1/60 | train_loss 1.5343 | union_precision 0.5862 | weighted_recall 0.1317 | union_precision 0.5862 | threshold 0.475 | val_model raw | lr 0.001000
Epoch 2/60 | train_loss 1.4036 | union_precision 1.0000 | weighted_recall 0.0013 | union_precision 1.0000 | threshold 0.625 | val_model raw | lr 0.001000
Epoch 3/60 | train_loss 1.3306 | union_precision 1.0000 | weighted_recall 0.0013 | union_precision 1.0000 | threshold 0.625 | val_model raw | lr 0.001000
Epoch 4/60 | train_loss 1.2643 | union_precision 1.0000 | weighted_recall 0.0013 | union_precision 1.0000 | threshold 0.650 | val_model raw | lr 0.001000
Epoch 5/60 | train_loss 1.2270 | union_precision 1.0000 | weighted_recall 0.0013 | union_precision 1.0000 | threshold 0.650 | val_model raw | lr 0.001000
Epoch 6/60 | train_loss 1.1889 | union_precision 1.0000 | weighted_recall 0.0013 | union_precision 1.0000 | threshold 0.650 | val_model raw | lr 0.001000
Epoch 7/60 | train_loss 1.1537 | union_precision 1.0000 | weighted_recall 0.0013 | union_precision 1.0000 | threshold 0.650 | val_model raw | lr 0.001000
Epoch 8/60 | train_loss 1.1334 | union_precision 1.0000 | weighted_recall 0.0013 | union_precision 1.0000 | threshold 0.650 | val_model raw | lr 0.001000
Epoch 9/60 | train_loss 1.1121 | union_precision 0.6250 | weighted_recall 0.0293 | union_precision 0.6250 | threshold 0.625 | val_model raw | lr 0.001000
Epoch 10/60 | train_loss 1.1007 | union_precision 0.7500 | weighted_recall 0.0226 | union_precision 0.7500 | threshold 0.650 | val_model raw | lr 0.001000
Epoch 11/60 | train_loss 1.0722 | union_precision 0.7500 | weighted_recall 0.0462 | union_precision 0.7500 | threshold 0.650 | val_model raw | lr 0.001000
Epoch 12/60 | train_loss 1.0505 | union_precision 0.6667 | weighted_recall 0.0122 | union_precision 0.6667 | threshold 0.675 | val_model raw | lr 0.001000
Early stopping at epoch 12
Held-out M56-2 | union_precision=1.0000 | weighted_recall=0.0013 | consensus_recall=0.0000
Epoch 1/60 | train_loss 1.5414 | union_precision 1.0000 | weighted_recall 0.0805 | union_precision 1.0000 | threshold 0.550 | val_model raw | lr 0.001000
Epoch 2/60 | train_loss 1.4125 | union_precision 1.0000 | weighted_recall 0.1114 | union_precision 1.0000 | threshold 0.550 | val_model raw | lr 0.001000
Epoch 3/60 | train_loss 1.3379 | union_precision 0.8788 | weighted_recall 0.1828 | union_precision 0.8788 | threshold 0.550 | val_model raw | lr 0.001000
Epoch 4/60 | train_loss 1.2687 | union_precision 0.8824 | weighted_recall 0.1955 | union_precision 0.8824 | threshold 0.575 | val_model raw | lr 0.001000
Epoch 5/60 | train_loss 1.2341 | union_precision 0.9048 | weighted_recall 0.1234 | union_precision 0.9048 | threshold 0.600 | val_model raw | lr 0.001000
Epoch 6/60 | train_loss 1.1958 | union_precision 0.8889 | weighted_recall 0.1590 | union_precision 0.8889 | threshold 0.600 | val_model raw | lr 0.001000
Epoch 7/60 | train_loss 1.1602 | union_precision 0.8710 | weighted_recall 0.1756 | union_precision 0.8710 | threshold 0.600 | val_model raw | lr 0.001000
Epoch 8/60 | train_loss 1.1396 | union_precision 0.8529 | weighted_recall 0.1797 | union_precision 0.8529 | threshold 0.600 | val_model raw | lr 0.001000
Epoch 9/60 | train_loss 1.1158 | union_precision 0.8710 | weighted_recall 0.1739 | union_precision 0.8710 | threshold 0.625 | val_model raw | lr 0.001000
Epoch 10/60 | train_loss 1.1026 | union_precision 0.9000 | weighted_recall 0.1739 | union_precision 0.9000 | threshold 0.650 | val_model raw | lr 0.001000
Epoch 11/60 | train_loss 1.0751 | union_precision 0.8529 | weighted_recall 0.1803 | union_precision 0.8529 | threshold 0.650 | val_model raw | lr 0.001000
Epoch 12/60 | train_loss 1.0537 | union_precision 0.9333 | weighted_recall 0.1785 | union_precision 0.9333 | threshold 0.675 | val_model raw | lr 0.001000
Epoch 13/60 | train_loss 1.0358 | union_precision 0.8649 | weighted_recall 0.2133 | union_precision 0.8649 | threshold 0.675 | val_model raw | lr 0.001000
Epoch 14/60 | train_loss 1.0123 | union_precision 0.8718 | weighted_recall 0.2234 | union_precision 0.8718 | threshold 0.675 | val_model raw | lr 0.001000
Epoch 15/60 | train_loss 1.0041 | union_precision 0.8500 | weighted_recall 0.2286 | union_precision 0.8500 | threshold 0.675 | val_model raw | lr 0.001000
Epoch 16/60 | train_loss 0.9828 | union_precision 0.8537 | weighted_recall 0.2321 | union_precision 0.8537 | threshold 0.675 | val_model raw | lr 0.001000
Epoch 17/60 | train_loss 0.9690 | union_precision 0.8548 | weighted_recall 0.3531 | union_precision 0.8548 | threshold 0.550 | val_model raw | lr 0.001000
Epoch 18/60 | train_loss 0.9463 | union_precision 0.8644 | weighted_recall 0.3502 | union_precision 0.8644 | threshold 0.550 | val_model raw | lr 0.001000
Epoch 19/60 | train_loss 0.9358 | union_precision 0.8667 | weighted_recall 0.3690 | union_precision 0.8667 | threshold 0.525 | val_model raw | lr 0.001000
Epoch 20/60 | train_loss 0.9248 | union_precision 0.8594 | weighted_recall 0.3755 | union_precision 0.8594 | threshold 0.500 | val_model raw | lr 0.001000
Epoch 21/60 | train_loss 0.9285 | union_precision 0.8551 | weighted_recall 0.4109 | union_precision 0.8551 | threshold 0.400 | val_model raw | lr 0.001000
Epoch 22/60 | train_loss 0.8912 | union_precision 0.8529 | weighted_recall 0.3933 | union_precision 0.8529 | threshold 0.400 | val_model raw | lr 0.001000
Epoch 23/60 | train_loss 0.8970 | union_precision 0.8551 | weighted_recall 0.4144 | union_precision 0.8551 | threshold 0.375 | val_model raw | lr 0.001000
Epoch 24/60 | train_loss 0.8832 | union_precision 0.8500 | weighted_recall 0.3533 | union_precision 0.8500 | threshold 0.475 | val_model raw | lr 0.001000
Epoch 25/60 | train_loss 0.8750 | union_precision 0.8525 | weighted_recall 0.3550 | union_precision 0.8525 | threshold 0.450 | val_model raw | lr 0.001000
Epoch 26/60 | train_loss 0.8603 | union_precision 0.8525 | weighted_recall 0.3550 | union_precision 0.8525 | threshold 0.450 | val_model raw | lr 0.001000
Epoch 27/60 | train_loss 0.8552 | union_precision 0.8571 | weighted_recall 0.3796 | union_precision 0.8571 | threshold 0.375 | val_model raw | lr 0.001000
Epoch 28/60 | train_loss 0.8444 | union_precision 0.8636 | weighted_recall 0.4008 | union_precision 0.8636 | threshold 0.325 | val_model raw | lr 0.001000
Epoch 29/60 | train_loss 0.8360 | union_precision 0.8615 | weighted_recall 0.3996 | union_precision 0.8615 | threshold 0.325 | val_model raw | lr 0.001000
Epoch 30/60 | train_loss 0.8193 | union_precision 0.8636 | weighted_recall 0.4118 | union_precision 0.8636 | threshold 0.300 | val_model raw | lr 0.001000
Epoch 31/60 | train_loss 0.8139 | union_precision 0.8594 | weighted_recall 0.4050 | union_precision 0.8594 | threshold 0.375 | val_model raw | lr 0.001000
Epoch 32/60 | train_loss 0.7981 | union_precision 0.8730 | weighted_recall 0.4056 | union_precision 0.8730 | threshold 0.400 | val_model raw | lr 0.001000
Epoch 33/60 | train_loss 0.7972 | union_precision 0.8594 | weighted_recall 0.4214 | union_precision 0.8594 | threshold 0.400 | val_model raw | lr 0.001000
Epoch 34/60 | train_loss 0.7884 | union_precision 0.8529 | weighted_recall 0.4454 | union_precision 0.8529 | threshold 0.250 | val_model raw | lr 0.001000
Epoch 35/60 | train_loss 0.7663 | union_precision 0.8551 | weighted_recall 0.4477 | union_precision 0.8551 | threshold 0.225 | val_model raw | lr 0.001000
Epoch 36/60 | train_loss 0.7639 | union_precision 0.8906 | weighted_recall 0.4273 | union_precision 0.8906 | threshold 0.350 | val_model raw | lr 0.001000
Epoch 37/60 | train_loss 0.7736 | union_precision 0.8514 | weighted_recall 0.4360 | union_precision 0.8514 | threshold 0.100 | val_model raw | lr 0.001000
Epoch 38/60 | train_loss 0.7482 | union_precision 0.8551 | weighted_recall 0.4337 | union_precision 0.8551 | threshold 0.150 | val_model raw | lr 0.001000
Epoch 39/60 | train_loss 0.7563 | union_precision 0.8551 | weighted_recall 0.4337 | union_precision 0.8551 | threshold 0.150 | val_model raw | lr 0.001000
Epoch 40/60 | train_loss 0.7409 | union_precision 0.8676 | weighted_recall 0.4244 | union_precision 0.8676 | threshold 0.125 | val_model raw | lr 0.001000
Epoch 41/60 | train_loss 0.7409 | union_precision 0.8676 | weighted_recall 0.4670 | union_precision 0.8676 | threshold 0.125 | val_model raw | lr 0.001000
Epoch 42/60 | train_loss 0.7305 | union_precision 0.8551 | weighted_recall 0.4763 | union_precision 0.8551 | threshold 0.100 | val_model raw | lr 0.001000
Epoch 43/60 | train_loss 0.7168 | union_precision 0.8551 | weighted_recall 0.4763 | union_precision 0.8551 | threshold 0.100 | val_model raw | lr 0.001000
Epoch 44/60 | train_loss 0.7142 | union_precision 0.8657 | weighted_recall 0.4771 | union_precision 0.8657 | threshold 0.150 | val_model raw | lr 0.001000
Epoch 45/60 | train_loss 0.7062 | union_precision 0.8676 | weighted_recall 0.4791 | union_precision 0.8676 | threshold 0.150 | val_model raw | lr 0.001000
Epoch 46/60 | train_loss 0.6922 | union_precision 0.8676 | weighted_recall 0.4791 | union_precision 0.8676 | threshold 0.150 | val_model raw | lr 0.001000
Epoch 47/60 | train_loss 0.6915 | union_precision 0.8676 | weighted_recall 0.4791 | union_precision 0.8676 | threshold 0.150 | val_model raw | lr 0.001000
Epoch 48/60 | train_loss 0.6894 | union_precision 0.8551 | weighted_recall 0.4791 | union_precision 0.8551 | threshold 0.125 | val_model raw | lr 0.001000
Epoch 49/60 | train_loss 0.6809 | union_precision 0.8529 | weighted_recall 0.4751 | union_precision 0.8529 | threshold 0.125 | val_model raw | lr 0.001000
Epoch 50/60 | train_loss 0.6767 | union_precision 0.8871 | weighted_recall 0.4563 | union_precision 0.8871 | threshold 0.250 | val_model raw | lr 0.001000
Epoch 51/60 | train_loss 0.6806 | union_precision 0.8750 | weighted_recall 0.4706 | union_precision 0.8750 | threshold 0.250 | val_model raw | lr 0.001000
Epoch 52/60 | train_loss 0.6734 | union_precision 0.8529 | weighted_recall 0.4656 | union_precision 0.8529 | threshold 0.175 | val_model raw | lr 0.001000
Epoch 53/60 | train_loss 0.6552 | union_precision 0.8571 | weighted_recall 0.4347 | union_precision 0.8571 | threshold 0.300 | val_model raw | lr 0.001000
Epoch 54/60 | train_loss 0.6619 | union_precision 0.8710 | weighted_recall 0.4359 | union_precision 0.8710 | threshold 0.325 | val_model raw | lr 0.001000
Epoch 55/60 | train_loss 0.6560 | union_precision 0.8519 | weighted_recall 0.3689 | union_precision 0.8519 | threshold 0.550 | val_model raw | lr 0.001000
Early stopping at epoch 55
Held-out M56-3 | union_precision=0.8676 | weighted_recall=0.4791 | consensus_recall=0.0000
Epoch 1/60 | train_loss 1.5341 | union_precision 1.0000 | weighted_recall 0.1085 | union_precision 1.0000 | threshold 0.550 | val_model raw | lr 0.001000
Epoch 2/60 | train_loss 1.4036 | union_precision 1.0000 | weighted_recall 0.0205 | union_precision 1.0000 | threshold 0.600 | val_model raw | lr 0.001000
Epoch 3/60 | train_loss 1.3330 | union_precision 0.6667 | weighted_recall 0.0470 | union_precision 0.6667 | threshold 0.625 | val_model raw | lr 0.001000
Epoch 4/60 | train_loss 1.2624 | union_precision 0.6923 | weighted_recall 0.1262 | union_precision 0.6923 | threshold 0.550 | val_model raw | lr 0.001000
Epoch 5/60 | train_loss 1.2312 | union_precision 0.6739 | weighted_recall 0.3330 | union_precision 0.6739 | threshold 0.475 | val_model raw | lr 0.001000
Epoch 6/60 | train_loss 1.1846 | union_precision 1.0000 | weighted_recall 0.0159 | union_precision 1.0000 | threshold 0.650 | val_model raw | lr 0.001000
Epoch 7/60 | train_loss 1.1570 | union_precision 1.0000 | weighted_recall 0.0480 | union_precision 1.0000 | threshold 0.625 | val_model raw | lr 0.001000
Epoch 8/60 | train_loss 1.1371 | union_precision 1.0000 | weighted_recall 0.0923 | union_precision 1.0000 | threshold 0.625 | val_model raw | lr 0.001000
Epoch 9/60 | train_loss 1.1106 | union_precision 1.0000 | weighted_recall 0.0321 | union_precision 1.0000 | threshold 0.650 | val_model raw | lr 0.001000
Epoch 10/60 | train_loss 1.0928 | union_precision 1.0000 | weighted_recall 0.0287 | union_precision 1.0000 | threshold 0.675 | val_model raw | lr 0.001000
Epoch 11/60 | train_loss 1.0664 | union_precision 1.0000 | weighted_recall 0.0287 | union_precision 1.0000 | threshold 0.700 | val_model raw | lr 0.001000
Early stopping at epoch 11
Held-out M59-1 | union_precision=1.0000 | weighted_recall=0.1085 | consensus_recall=0.0000
Epoch 1/60 | train_loss 1.5338 | union_precision 1.0000 | weighted_recall 0.0375 | union_precision 1.0000 | threshold 0.550 | val_model raw | lr 0.001000
Epoch 2/60 | train_loss 1.4026 | union_precision 1.0000 | weighted_recall 0.0822 | union_precision 1.0000 | threshold 0.550 | val_model raw | lr 0.001000
Epoch 3/60 | train_loss 1.3322 | union_precision 1.0000 | weighted_recall 0.0489 | union_precision 1.0000 | threshold 0.575 | val_model raw | lr 0.001000
Epoch 4/60 | train_loss 1.2639 | union_precision 1.0000 | weighted_recall 0.0187 | union_precision 1.0000 | threshold 0.625 | val_model raw | lr 0.001000
Epoch 5/60 | train_loss 1.2277 | union_precision 1.0000 | weighted_recall 0.1134 | union_precision 1.0000 | threshold 0.625 | val_model raw | lr 0.001000
Epoch 6/60 | train_loss 1.1886 | union_precision 1.0000 | weighted_recall 0.1019 | union_precision 1.0000 | threshold 0.650 | val_model raw | lr 0.001000
Epoch 7/60 | train_loss 1.1609 | union_precision 1.0000 | weighted_recall 0.1134 | union_precision 1.0000 | threshold 0.650 | val_model raw | lr 0.001000
Epoch 8/60 | train_loss 1.1364 | union_precision 1.0000 | weighted_recall 0.1134 | union_precision 1.0000 | threshold 0.650 | val_model raw | lr 0.001000
Epoch 9/60 | train_loss 1.1149 | union_precision 0.8750 | weighted_recall 0.1290 | union_precision 0.8750 | threshold 0.650 | val_model raw | lr 0.001000
Epoch 10/60 | train_loss 1.0976 | union_precision 0.8889 | weighted_recall 0.1313 | union_precision 0.8889 | threshold 0.650 | val_model raw | lr 0.001000
Epoch 11/60 | train_loss 1.0749 | union_precision 0.8750 | weighted_recall 0.1290 | union_precision 0.8750 | threshold 0.675 | val_model raw | lr 0.001000
Epoch 12/60 | train_loss 1.0549 | union_precision 0.9167 | weighted_recall 0.1679 | union_precision 0.9167 | threshold 0.650 | val_model raw | lr 0.001000
Epoch 13/60 | train_loss 1.0375 | union_precision 0.9000 | weighted_recall 0.1171 | union_precision 0.9000 | threshold 0.675 | val_model raw | lr 0.001000
Epoch 14/60 | train_loss 1.0151 | union_precision 0.9091 | weighted_recall 0.1243 | union_precision 0.9091 | threshold 0.675 | val_model raw | lr 0.001000
Epoch 15/60 | train_loss 1.0057 | union_precision 0.8571 | weighted_recall 0.1950 | union_precision 0.8571 | threshold 0.675 | val_model raw | lr 0.001000
Epoch 16/60 | train_loss 0.9801 | union_precision 0.9000 | weighted_recall 0.1181 | union_precision 0.9000 | threshold 0.700 | val_model raw | lr 0.001000
Epoch 17/60 | train_loss 0.9668 | union_precision 0.9231 | weighted_recall 0.1960 | union_precision 0.9231 | threshold 0.700 | val_model raw | lr 0.001000
Epoch 18/60 | train_loss 0.9484 | union_precision 0.9231 | weighted_recall 0.1960 | union_precision 0.9231 | threshold 0.700 | val_model raw | lr 0.001000
Epoch 19/60 | train_loss 0.9404 | union_precision 1.0000 | weighted_recall 0.1379 | union_precision 1.0000 | threshold 0.725 | val_model raw | lr 0.001000
Epoch 20/60 | train_loss 0.9290 | union_precision 0.9231 | weighted_recall 0.1960 | union_precision 0.9231 | threshold 0.725 | val_model raw | lr 0.001000
Epoch 21/60 | train_loss 0.9233 | union_precision 0.9333 | weighted_recall 0.2824 | union_precision 0.9333 | threshold 0.725 | val_model raw | lr 0.001000
Epoch 22/60 | train_loss 0.8991 | union_precision 0.9333 | weighted_recall 0.2824 | union_precision 0.9333 | threshold 0.725 | val_model raw | lr 0.001000
Epoch 23/60 | train_loss 0.9027 | union_precision 0.8750 | weighted_recall 0.2824 | union_precision 0.8750 | threshold 0.725 | val_model raw | lr 0.001000
Epoch 24/60 | train_loss 0.8898 | union_precision 0.9167 | weighted_recall 0.2096 | union_precision 0.9167 | threshold 0.750 | val_model raw | lr 0.001000
Epoch 25/60 | train_loss 0.8729 | union_precision 0.9167 | weighted_recall 0.2096 | union_precision 0.9167 | threshold 0.750 | val_model raw | lr 0.001000
Epoch 26/60 | train_loss 0.8638 | union_precision 0.9091 | weighted_recall 0.1847 | union_precision 0.9091 | threshold 0.775 | val_model raw | lr 0.001000
Epoch 27/60 | train_loss 0.8547 | union_precision 0.9091 | weighted_recall 0.1847 | union_precision 0.9091 | threshold 0.775 | val_model raw | lr 0.001000
Epoch 28/60 | train_loss 0.8510 | union_precision 0.9091 | weighted_recall 0.1847 | union_precision 0.9091 | threshold 0.775 | val_model raw | lr 0.001000
Epoch 29/60 | train_loss 0.8382 | union_precision 0.8889 | weighted_recall 0.1710 | union_precision 0.8889 | threshold 0.800 | val_model raw | lr 0.001000
Epoch 30/60 | train_loss 0.8219 | union_precision 1.0000 | weighted_recall 0.1710 | union_precision 1.0000 | threshold 0.825 | val_model raw | lr 0.001000
Epoch 31/60 | train_loss 0.8173 | union_precision 1.0000 | weighted_recall 0.1710 | union_precision 1.0000 | threshold 0.825 | val_model raw | lr 0.001000
Early stopping at epoch 31
Held-out M59-2 | union_precision=0.9333 | weighted_recall=0.2824 | consensus_recall=0.0000
Epoch 1/60 | train_loss 1.5328 | union_precision 1.0000 | weighted_recall 0.0053 | union_precision 1.0000 | threshold 0.575 | val_model raw | lr 0.001000
Epoch 2/60 | train_loss 1.4030 | union_precision 1.0000 | weighted_recall 0.0053 | union_precision 1.0000 | threshold 0.575 | val_model raw | lr 0.001000
Epoch 3/60 | train_loss 1.3307 | union_precision 1.0000 | weighted_recall 0.0053 | union_precision 1.0000 | threshold 0.600 | val_model raw | lr 0.001000
Epoch 4/60 | train_loss 1.2669 | union_precision 1.0000 | weighted_recall 0.0397 | union_precision 1.0000 | threshold 0.625 | val_model raw | lr 0.001000
Epoch 5/60 | train_loss 1.2310 | union_precision 1.0000 | weighted_recall 0.0578 | union_precision 1.0000 | threshold 0.625 | val_model raw | lr 0.001000
Epoch 6/60 | train_loss 1.1915 | union_precision 1.0000 | weighted_recall 0.0578 | union_precision 1.0000 | threshold 0.650 | val_model raw | lr 0.001000
Epoch 7/60 | train_loss 1.1640 | union_precision 1.0000 | weighted_recall 0.0578 | union_precision 1.0000 | threshold 0.650 | val_model raw | lr 0.001000
Epoch 8/60 | train_loss 1.1407 | union_precision 0.8571 | weighted_recall 0.2482 | union_precision 0.8571 | threshold 0.575 | val_model raw | lr 0.001000
Epoch 9/60 | train_loss 1.1193 | union_precision 0.8571 | weighted_recall 0.1884 | union_precision 0.8571 | threshold 0.625 | val_model raw | lr 0.001000
Epoch 10/60 | train_loss 1.0970 | union_precision 0.8571 | weighted_recall 0.2780 | union_precision 0.8571 | threshold 0.575 | val_model raw | lr 0.001000
Epoch 11/60 | train_loss 1.0743 | union_precision 0.8718 | weighted_recall 0.3408 | union_precision 0.8718 | threshold 0.575 | val_model raw | lr 0.001000
Epoch 12/60 | train_loss 1.0591 | union_precision 0.8500 | weighted_recall 0.3408 | union_precision 0.8500 | threshold 0.575 | val_model raw | lr 0.001000
Epoch 13/60 | train_loss 1.0397 | union_precision 0.8621 | weighted_recall 0.2575 | union_precision 0.8621 | threshold 0.625 | val_model raw | lr 0.001000
Epoch 14/60 | train_loss 1.0160 | union_precision 0.8529 | weighted_recall 0.3021 | union_precision 0.8529 | threshold 0.600 | val_model raw | lr 0.001000
Epoch 15/60 | train_loss 1.0070 | union_precision 0.8571 | weighted_recall 0.2568 | union_precision 0.8571 | threshold 0.625 | val_model raw | lr 0.001000
Epoch 16/60 | train_loss 0.9792 | union_precision 0.8571 | weighted_recall 0.2931 | union_precision 0.8571 | threshold 0.600 | val_model raw | lr 0.001000
Epoch 17/60 | train_loss 0.9702 | union_precision 0.9200 | weighted_recall 0.2560 | union_precision 0.9200 | threshold 0.650 | val_model raw | lr 0.001000
Epoch 18/60 | train_loss 0.9537 | union_precision 0.8571 | weighted_recall 0.2644 | union_precision 0.8571 | threshold 0.625 | val_model raw | lr 0.001000
Epoch 19/60 | train_loss 0.9411 | union_precision 0.9200 | weighted_recall 0.2560 | union_precision 0.9200 | threshold 0.650 | val_model raw | lr 0.001000
Epoch 20/60 | train_loss 0.9319 | union_precision 0.8889 | weighted_recall 0.2644 | union_precision 0.8889 | threshold 0.650 | val_model raw | lr 0.001000
Epoch 21/60 | train_loss 0.9218 | union_precision 0.9167 | weighted_recall 0.2474 | union_precision 0.9167 | threshold 0.675 | val_model raw | lr 0.001000
Early stopping at epoch 21
Held-out M59-3 | union_precision=0.8718 | weighted_recall=0.3408 | consensus_recall=0.5000
Epoch 1/60 | train_loss 1.5330 | union_precision 0.7778 | weighted_recall 0.0956 | union_precision 0.7778 | threshold 0.525 | val_model raw | lr 0.001000
Epoch 2/60 | train_loss 1.3938 | union_precision 0.7500 | weighted_recall 0.0923 | union_precision 0.7500 | threshold 0.550 | val_model raw | lr 0.001000
Epoch 3/60 | train_loss 1.3243 | union_precision 0.7297 | weighted_recall 0.3047 | union_precision 0.7297 | threshold 0.450 | val_model raw | lr 0.001000
Epoch 4/60 | train_loss 1.2610 | union_precision 0.7436 | weighted_recall 0.3490 | union_precision 0.7436 | threshold 0.450 | val_model raw | lr 0.001000
Epoch 5/60 | train_loss 1.2229 | union_precision 1.0000 | weighted_recall 0.0361 | union_precision 1.0000 | threshold 0.675 | val_model raw | lr 0.001000
Epoch 6/60 | train_loss 1.1878 | union_precision 1.0000 | weighted_recall 0.0394 | union_precision 1.0000 | threshold 0.675 | val_model raw | lr 0.001000
Epoch 7/60 | train_loss 1.1565 | union_precision 0.7632 | weighted_recall 0.2748 | union_precision 0.7632 | threshold 0.475 | val_model raw | lr 0.001000
Epoch 8/60 | train_loss 1.1354 | union_precision 1.0000 | weighted_recall 0.0033 | union_precision 1.0000 | threshold 0.700 | val_model raw | lr 0.001000
Epoch 9/60 | train_loss 1.1157 | union_precision 1.0000 | weighted_recall 0.0033 | union_precision 1.0000 | threshold 0.700 | val_model raw | lr 0.001000
Epoch 10/60 | train_loss 1.0935 | union_precision 0.8000 | weighted_recall 0.0333 | union_precision 0.8000 | threshold 0.700 | val_model raw | lr 0.001000
Epoch 11/60 | train_loss 1.0701 | union_precision 1.0000 | weighted_recall 0.0300 | union_precision 1.0000 | threshold 0.725 | val_model raw | lr 0.001000
Epoch 12/60 | train_loss 1.0525 | union_precision 1.0000 | weighted_recall 0.0579 | union_precision 1.0000 | threshold 0.725 | val_model raw | lr 0.001000
Epoch 13/60 | train_loss 1.0373 | union_precision 1.0000 | weighted_recall 0.0300 | union_precision 1.0000 | threshold 0.750 | val_model raw | lr 0.001000
Epoch 14/60 | train_loss 1.0140 | union_precision 0.8750 | weighted_recall 0.0890 | union_precision 0.8750 | threshold 0.700 | val_model raw | lr 0.001000
Epoch 15/60 | train_loss 1.0042 | union_precision 0.8750 | weighted_recall 0.0890 | union_precision 0.8750 | threshold 0.700 | val_model raw | lr 0.001000
Epoch 16/60 | train_loss 0.9779 | union_precision 0.8750 | weighted_recall 0.0890 | union_precision 0.8750 | threshold 0.700 | val_model raw | lr 0.001000
Epoch 17/60 | train_loss 0.9695 | union_precision 1.0000 | weighted_recall 0.0890 | union_precision 1.0000 | threshold 0.725 | val_model raw | lr 0.001000
Epoch 18/60 | train_loss 0.9477 | union_precision 1.0000 | weighted_recall 0.0645 | union_precision 1.0000 | threshold 0.725 | val_model raw | lr 0.001000
Epoch 19/60 | train_loss 0.9389 | union_precision 1.0000 | weighted_recall 0.0645 | union_precision 1.0000 | threshold 0.725 | val_model raw | lr 0.001000
Epoch 20/60 | train_loss 0.9266 | union_precision 1.0000 | weighted_recall 0.0890 | union_precision 1.0000 | threshold 0.700 | val_model raw | lr 0.001000
Epoch 21/60 | train_loss 0.9186 | union_precision 0.8529 | weighted_recall 0.3706 | union_precision 0.8529 | threshold 0.500 | val_model raw | lr 0.001000
Epoch 22/60 | train_loss 0.8993 | union_precision 0.8529 | weighted_recall 0.3706 | union_precision 0.8529 | threshold 0.500 | val_model raw | lr 0.001000
Epoch 23/60 | train_loss 0.8976 | union_precision 0.8929 | weighted_recall 0.3054 | union_precision 0.8929 | threshold 0.600 | val_model raw | lr 0.001000
Epoch 24/60 | train_loss 0.8885 | union_precision 0.8529 | weighted_recall 0.3205 | union_precision 0.8529 | threshold 0.500 | val_model raw | lr 0.001000
Epoch 25/60 | train_loss 0.8717 | union_precision 0.8519 | weighted_recall 0.2483 | union_precision 0.8519 | threshold 0.600 | val_model raw | lr 0.001000
Epoch 26/60 | train_loss 0.8659 | union_precision 0.8696 | weighted_recall 0.2365 | union_precision 0.8696 | threshold 0.625 | val_model raw | lr 0.001000
Epoch 27/60 | train_loss 0.8531 | union_precision 0.8800 | weighted_recall 0.2480 | union_precision 0.8800 | threshold 0.600 | val_model raw | lr 0.001000
Epoch 28/60 | train_loss 0.8498 | union_precision 0.8519 | weighted_recall 0.2836 | union_precision 0.8519 | threshold 0.600 | val_model raw | lr 0.001000
Epoch 29/60 | train_loss 0.8343 | union_precision 0.8519 | weighted_recall 0.2836 | union_precision 0.8519 | threshold 0.600 | val_model raw | lr 0.001000
Epoch 30/60 | train_loss 0.8200 | union_precision 0.8611 | weighted_recall 0.3530 | union_precision 0.8611 | threshold 0.375 | val_model raw | lr 0.001000
Epoch 31/60 | train_loss 0.8124 | union_precision 0.8889 | weighted_recall 0.3039 | union_precision 0.8889 | threshold 0.600 | val_model raw | lr 0.001000
Early stopping at epoch 31
Held-out M63-1 | union_precision=0.8529 | weighted_recall=0.3706 | consensus_recall=0.0000
Epoch 1/60 | train_loss 1.5310 | union_precision 0.8750 | weighted_recall 0.1349 | union_precision 0.8750 | threshold 0.550 | val_model raw | lr 0.001000
Epoch 2/60 | train_loss 1.3962 | union_precision 1.0000 | weighted_recall 0.1119 | union_precision 1.0000 | threshold 0.575 | val_model raw | lr 0.001000
Epoch 3/60 | train_loss 1.3251 | union_precision 1.0000 | weighted_recall 0.1375 | union_precision 1.0000 | threshold 0.575 | val_model raw | lr 0.001000
Epoch 4/60 | train_loss 1.2627 | union_precision 1.0000 | weighted_recall 0.2164 | union_precision 1.0000 | threshold 0.575 | val_model raw | lr 0.001000
Epoch 5/60 | train_loss 1.2286 | union_precision 0.8889 | weighted_recall 0.3657 | union_precision 0.8889 | threshold 0.575 | val_model raw | lr 0.001000
Epoch 6/60 | train_loss 1.1913 | union_precision 0.9000 | weighted_recall 0.4358 | union_precision 0.9000 | threshold 0.575 | val_model raw | lr 0.001000
Epoch 7/60 | train_loss 1.1608 | union_precision 0.8636 | weighted_recall 0.4636 | union_precision 0.8636 | threshold 0.575 | val_model raw | lr 0.001000
Epoch 8/60 | train_loss 1.1377 | union_precision 0.8636 | weighted_recall 0.4636 | union_precision 0.8636 | threshold 0.575 | val_model raw | lr 0.001000
Epoch 9/60 | train_loss 1.1206 | union_precision 0.8636 | weighted_recall 0.4636 | union_precision 0.8636 | threshold 0.575 | val_model raw | lr 0.001000
Epoch 10/60 | train_loss 1.0989 | union_precision 0.9000 | weighted_recall 0.4604 | union_precision 0.9000 | threshold 0.600 | val_model raw | lr 0.001000
Epoch 11/60 | train_loss 1.0736 | union_precision 0.9474 | weighted_recall 0.4604 | union_precision 0.9474 | threshold 0.625 | val_model raw | lr 0.001000
Epoch 12/60 | train_loss 1.0572 | union_precision 0.9000 | weighted_recall 0.4604 | union_precision 0.9000 | threshold 0.625 | val_model raw | lr 0.001000
Epoch 13/60 | train_loss 1.0432 | union_precision 0.9474 | weighted_recall 0.4604 | union_precision 0.9474 | threshold 0.650 | val_model raw | lr 0.001000
Epoch 14/60 | train_loss 1.0191 | union_precision 0.9474 | weighted_recall 0.4604 | union_precision 0.9474 | threshold 0.650 | val_model raw | lr 0.001000
Epoch 15/60 | train_loss 1.0076 | union_precision 0.8571 | weighted_recall 0.4604 | union_precision 0.8571 | threshold 0.625 | val_model raw | lr 0.001000
Epoch 16/60 | train_loss 0.9827 | union_precision 0.8571 | weighted_recall 0.4604 | union_precision 0.8571 | threshold 0.625 | val_model raw | lr 0.001000
Epoch 17/60 | train_loss 0.9735 | union_precision 0.8500 | weighted_recall 0.4581 | union_precision 0.8500 | threshold 0.625 | val_model raw | lr 0.001000
Early stopping at epoch 17
Held-out M63-3 | union_precision=0.8636 | weighted_recall=0.4636 | consensus_recall=0.0000
Epoch 1/60 | train_loss 1.5304 | union_precision 0.8000 | weighted_recall 0.1866 | union_precision 0.8000 | threshold 0.550 | val_model raw | lr 0.001000
Epoch 2/60 | train_loss 1.3952 | union_precision 0.9000 | weighted_recall 0.2904 | union_precision 0.9000 | threshold 0.525 | val_model raw | lr 0.001000
Epoch 3/60 | train_loss 1.3263 | union_precision 0.9375 | weighted_recall 0.5959 | union_precision 0.9375 | threshold 0.500 | val_model raw | lr 0.001000
Epoch 4/60 | train_loss 1.2634 | union_precision 0.9231 | weighted_recall 0.5300 | union_precision 0.9231 | threshold 0.525 | val_model raw | lr 0.001000
Epoch 5/60 | train_loss 1.2314 | union_precision 0.9286 | weighted_recall 0.5432 | union_precision 0.9286 | threshold 0.525 | val_model raw | lr 0.001000
Epoch 6/60 | train_loss 1.1915 | union_precision 0.9231 | weighted_recall 0.5300 | union_precision 0.9231 | threshold 0.550 | val_model raw | lr 0.001000
Epoch 7/60 | train_loss 1.1622 | union_precision 0.9231 | weighted_recall 0.4986 | union_precision 0.9231 | threshold 0.550 | val_model raw | lr 0.001000
Epoch 8/60 | train_loss 1.1390 | union_precision 0.8571 | weighted_recall 0.4934 | union_precision 0.8571 | threshold 0.550 | val_model raw | lr 0.001000
Epoch 9/60 | train_loss 1.1213 | union_precision 0.8750 | weighted_recall 0.5216 | union_precision 0.8750 | threshold 0.550 | val_model raw | lr 0.001000
Epoch 10/60 | train_loss 1.0999 | union_precision 0.9333 | weighted_recall 0.5531 | union_precision 0.9333 | threshold 0.575 | val_model raw | lr 0.001000
Epoch 11/60 | train_loss 1.0756 | union_precision 0.8889 | weighted_recall 0.6189 | union_precision 0.8889 | threshold 0.475 | val_model raw | lr 0.001000
Epoch 12/60 | train_loss 1.0590 | union_precision 0.8750 | weighted_recall 0.5662 | union_precision 0.8750 | threshold 0.475 | val_model raw | lr 0.001000
Epoch 13/60 | train_loss 1.0438 | union_precision 0.8750 | weighted_recall 0.5662 | union_precision 0.8750 | threshold 0.475 | val_model raw | lr 0.001000
Epoch 14/60 | train_loss 1.0182 | union_precision 0.8750 | weighted_recall 0.5662 | union_precision 0.8750 | threshold 0.475 | val_model raw | lr 0.001000
Epoch 15/60 | train_loss 1.0081 | union_precision 0.8750 | weighted_recall 0.5662 | union_precision 0.8750 | threshold 0.450 | val_model raw | lr 0.001000
Epoch 16/60 | train_loss 0.9821 | union_precision 0.9286 | weighted_recall 0.5531 | union_precision 0.9286 | threshold 0.600 | val_model raw | lr 0.001000
Epoch 17/60 | train_loss 0.9739 | union_precision 0.9286 | weighted_recall 0.5531 | union_precision 0.9286 | threshold 0.600 | val_model raw | lr 0.001000
Epoch 18/60 | train_loss 0.9509 | union_precision 0.9333 | weighted_recall 0.5662 | union_precision 0.9333 | threshold 0.500 | val_model raw | lr 0.001000
Epoch 19/60 | train_loss 0.9395 | union_precision 0.9333 | weighted_recall 0.5662 | union_precision 0.9333 | threshold 0.475 | val_model raw | lr 0.001000
Epoch 20/60 | train_loss 0.9270 | union_precision 0.9286 | weighted_recall 0.4744 | union_precision 0.9286 | threshold 0.450 | val_model raw | lr 0.001000
Epoch 21/60 | train_loss 0.9237 | union_precision 0.9286 | weighted_recall 0.4283 | union_precision 0.9286 | threshold 0.425 | val_model raw | lr 0.001000
Early stopping at epoch 21
Held-out M67-1 | union_precision=0.8889 | weighted_recall=0.6189 | consensus_recall=0.0000
Epoch 1/60 | train_loss 1.5312 | union_precision 0.4828 | weighted_recall 0.2842 | union_precision 0.4828 | threshold 0.475 | val_model raw | lr 0.001000
Epoch 2/60 | train_loss 1.3930 | union_precision 0.4516 | weighted_recall 0.2848 | union_precision 0.4516 | threshold 0.050 | val_model raw | lr 0.001000
Epoch 3/60 | train_loss 1.3242 | union_precision 0.5312 | weighted_recall 0.2746 | union_precision 0.5312 | threshold 0.450 | val_model raw | lr 0.001000
Epoch 4/60 | train_loss 1.2616 | union_precision 0.6000 | weighted_recall 0.3021 | union_precision 0.6000 | threshold 0.475 | val_model raw | lr 0.001000
Epoch 5/60 | train_loss 1.2275 | union_precision 0.5484 | weighted_recall 0.2849 | union_precision 0.5484 | threshold 0.475 | val_model raw | lr 0.001000
Epoch 6/60 | train_loss 1.1903 | union_precision 0.5714 | weighted_recall 0.1317 | union_precision 0.5714 | threshold 0.575 | val_model raw | lr 0.001000
Epoch 7/60 | train_loss 1.1612 | union_precision 0.7143 | weighted_recall 0.1385 | union_precision 0.7143 | threshold 0.575 | val_model raw | lr 0.001000
Epoch 8/60 | train_loss 1.1370 | union_precision 0.7143 | weighted_recall 0.1385 | union_precision 0.7143 | threshold 0.575 | val_model raw | lr 0.001000
Epoch 9/60 | train_loss 1.1184 | union_precision 0.7143 | weighted_recall 0.1385 | union_precision 0.7143 | threshold 0.575 | val_model raw | lr 0.001000
Epoch 10/60 | train_loss 1.0986 | union_precision 0.7778 | weighted_recall 0.1917 | union_precision 0.7778 | threshold 0.575 | val_model raw | lr 0.001000
Epoch 11/60 | train_loss 1.0746 | union_precision 0.8000 | weighted_recall 0.2123 | union_precision 0.8000 | threshold 0.575 | val_model raw | lr 0.001000
Epoch 12/60 | train_loss 1.0578 | union_precision 0.8333 | weighted_recall 0.2535 | union_precision 0.8333 | threshold 0.575 | val_model raw | lr 0.001000
Epoch 13/60 | train_loss 1.0432 | union_precision 0.8235 | weighted_recall 0.2980 | union_precision 0.8235 | threshold 0.575 | val_model raw | lr 0.001000
Epoch 14/60 | train_loss 1.0156 | union_precision 0.8333 | weighted_recall 0.2482 | union_precision 0.8333 | threshold 0.600 | val_model raw | lr 0.001000
Epoch 15/60 | train_loss 1.0077 | union_precision 0.8750 | weighted_recall 0.2928 | union_precision 0.8750 | threshold 0.600 | val_model raw | lr 0.001000
Epoch 16/60 | train_loss 0.9832 | union_precision 0.9333 | weighted_recall 0.2928 | union_precision 0.9333 | threshold 0.600 | val_model raw | lr 0.001000
Epoch 17/60 | train_loss 0.9736 | union_precision 0.9333 | weighted_recall 0.2928 | union_precision 0.9333 | threshold 0.600 | val_model raw | lr 0.001000
Epoch 18/60 | train_loss 0.9507 | union_precision 0.9333 | weighted_recall 0.2928 | union_precision 0.9333 | threshold 0.600 | val_model raw | lr 0.001000
Epoch 19/60 | train_loss 0.9419 | union_precision 0.9333 | weighted_recall 0.2928 | union_precision 0.9333 | threshold 0.600 | val_model raw | lr 0.001000
Epoch 20/60 | train_loss 0.9280 | union_precision 0.8824 | weighted_recall 0.3065 | union_precision 0.8824 | threshold 0.525 | val_model raw | lr 0.001000
Epoch 21/60 | train_loss 0.9236 | union_precision 0.8889 | weighted_recall 0.3168 | union_precision 0.8889 | threshold 0.525 | val_model raw | lr 0.001000
Epoch 22/60 | train_loss 0.9057 | union_precision 0.8889 | weighted_recall 0.3168 | union_precision 0.8889 | threshold 0.500 | val_model raw | lr 0.001000
Epoch 23/60 | train_loss 0.8996 | union_precision 0.8889 | weighted_recall 0.3168 | union_precision 0.8889 | threshold 0.500 | val_model raw | lr 0.001000
Epoch 24/60 | train_loss 0.8915 | union_precision 0.8889 | weighted_recall 0.3168 | union_precision 0.8889 | threshold 0.475 | val_model raw | lr 0.001000
Epoch 25/60 | train_loss 0.8771 | union_precision 0.8889 | weighted_recall 0.3168 | union_precision 0.8889 | threshold 0.450 | val_model raw | lr 0.001000
Epoch 26/60 | train_loss 0.8673 | union_precision 0.8889 | weighted_recall 0.3168 | union_precision 0.8889 | threshold 0.450 | val_model raw | lr 0.001000
Epoch 27/60 | train_loss 0.8550 | union_precision 0.8889 | weighted_recall 0.3168 | union_precision 0.8889 | threshold 0.450 | val_model raw | lr 0.001000
Epoch 28/60 | train_loss 0.8496 | union_precision 0.8889 | weighted_recall 0.3168 | union_precision 0.8889 | threshold 0.475 | val_model raw | lr 0.001000
Epoch 29/60 | train_loss 0.8360 | union_precision 0.8889 | weighted_recall 0.3168 | union_precision 0.8889 | threshold 0.500 | val_model raw | lr 0.001000
Epoch 30/60 | train_loss 0.8261 | union_precision 0.8889 | weighted_recall 0.3168 | union_precision 0.8889 | threshold 0.525 | val_model raw | lr 0.001000
Epoch 31/60 | train_loss 0.8178 | union_precision 0.8889 | weighted_recall 0.3168 | union_precision 0.8889 | threshold 0.550 | val_model raw | lr 0.001000
Early stopping at epoch 31
Held-out M67-2 | union_precision=0.8889 | weighted_recall=0.3168 | consensus_recall=0.0000
Epoch 1/60 | train_loss 1.5305 | union_precision 1.0000 | weighted_recall 0.0516 | union_precision 1.0000 | threshold 0.575 | val_model raw | lr 0.001000
Epoch 2/60 | train_loss 1.3966 | union_precision 1.0000 | weighted_recall 0.0516 | union_precision 1.0000 | threshold 0.600 | val_model raw | lr 0.001000
Epoch 3/60 | train_loss 1.3265 | union_precision 0.8571 | weighted_recall 0.3271 | union_precision 0.8571 | threshold 0.575 | val_model raw | lr 0.001000
Epoch 4/60 | train_loss 1.2646 | union_precision 0.9000 | weighted_recall 0.4466 | union_precision 0.9000 | threshold 0.575 | val_model raw | lr 0.001000
Epoch 5/60 | train_loss 1.2305 | union_precision 0.9000 | weighted_recall 0.4466 | union_precision 0.9000 | threshold 0.600 | val_model raw | lr 0.001000
Epoch 6/60 | train_loss 1.1922 | union_precision 0.9000 | weighted_recall 0.4413 | union_precision 0.9000 | threshold 0.600 | val_model raw | lr 0.001000
Epoch 7/60 | train_loss 1.1639 | union_precision 0.8571 | weighted_recall 0.5957 | union_precision 0.8571 | threshold 0.600 | val_model raw | lr 0.001000
Epoch 8/60 | train_loss 1.1393 | union_precision 0.9000 | weighted_recall 0.4413 | union_precision 0.9000 | threshold 0.625 | val_model raw | lr 0.001000
Epoch 9/60 | train_loss 1.1215 | union_precision 0.9231 | weighted_recall 0.5957 | union_precision 0.9231 | threshold 0.625 | val_model raw | lr 0.001000
Epoch 10/60 | train_loss 1.1013 | union_precision 0.8667 | weighted_recall 0.6081 | union_precision 0.8667 | threshold 0.625 | val_model raw | lr 0.001000
Epoch 11/60 | train_loss 1.0759 | union_precision 0.8667 | weighted_recall 0.6081 | union_precision 0.8667 | threshold 0.650 | val_model raw | lr 0.001000
Epoch 12/60 | train_loss 1.0592 | union_precision 0.8571 | weighted_recall 0.6050 | union_precision 0.8571 | threshold 0.675 | val_model raw | lr 0.001000
Epoch 13/60 | train_loss 1.0456 | union_precision 0.9091 | weighted_recall 0.5000 | union_precision 0.9091 | threshold 0.700 | val_model raw | lr 0.001000
Epoch 14/60 | train_loss 1.0175 | union_precision 0.8571 | weighted_recall 0.6050 | union_precision 0.8571 | threshold 0.700 | val_model raw | lr 0.001000
Epoch 15/60 | train_loss 1.0085 | union_precision 0.8571 | weighted_recall 0.6050 | union_precision 0.8571 | threshold 0.700 | val_model raw | lr 0.001000
Epoch 16/60 | train_loss 0.9844 | union_precision 0.8571 | weighted_recall 0.6050 | union_precision 0.8571 | threshold 0.675 | val_model raw | lr 0.001000
Epoch 17/60 | train_loss 0.9747 | union_precision 0.8571 | weighted_recall 0.6050 | union_precision 0.8571 | threshold 0.650 | val_model raw | lr 0.001000
Epoch 18/60 | train_loss 0.9516 | union_precision 0.8571 | weighted_recall 0.6050 | union_precision 0.8571 | threshold 0.650 | val_model raw | lr 0.001000
Epoch 19/60 | train_loss 0.9440 | union_precision 0.8667 | weighted_recall 0.6081 | union_precision 0.8667 | threshold 0.625 | val_model raw | lr 0.001000
Epoch 20/60 | train_loss 0.9309 | union_precision 0.8571 | weighted_recall 0.6050 | union_precision 0.8571 | threshold 0.625 | val_model raw | lr 0.001000
Early stopping at epoch 20
Held-out M67-3 | union_precision=0.8667 | weighted_recall=0.6081 | consensus_recall=0.0000
Epoch 1/60 | train_loss 1.5327 | union_precision 0.6364 | weighted_recall 0.0722 | union_precision 0.6364 | threshold 0.550 | val_model raw | lr 0.001000
Epoch 2/60 | train_loss 1.3950 | union_precision 0.7500 | weighted_recall 0.0243 | union_precision 0.7500 | threshold 0.600 | val_model raw | lr 0.001000
Epoch 3/60 | train_loss 1.3251 | union_precision 0.7500 | weighted_recall 0.0600 | union_precision 0.7500 | threshold 0.600 | val_model raw | lr 0.001000
Epoch 4/60 | train_loss 1.2613 | union_precision 0.8571 | weighted_recall 0.1779 | union_precision 0.8571 | threshold 0.600 | val_model raw | lr 0.001000
Epoch 5/60 | train_loss 1.2295 | union_precision 0.9000 | weighted_recall 0.0984 | union_precision 0.9000 | threshold 0.625 | val_model raw | lr 0.001000
Epoch 6/60 | train_loss 1.1912 | union_precision 0.9231 | weighted_recall 0.1936 | union_precision 0.9231 | threshold 0.625 | val_model raw | lr 0.001000
Epoch 7/60 | train_loss 1.1607 | union_precision 1.0000 | weighted_recall 0.2522 | union_precision 1.0000 | threshold 0.625 | val_model raw | lr 0.001000
Epoch 8/60 | train_loss 1.1386 | union_precision 1.0000 | weighted_recall 0.2522 | union_precision 1.0000 | threshold 0.625 | val_model raw | lr 0.001000
Epoch 9/60 | train_loss 1.1189 | union_precision 0.9375 | weighted_recall 0.3267 | union_precision 0.9375 | threshold 0.625 | val_model raw | lr 0.001000
Epoch 10/60 | train_loss 1.0978 | union_precision 0.9000 | weighted_recall 0.3885 | union_precision 0.9000 | threshold 0.625 | val_model raw | lr 0.001000
Epoch 11/60 | train_loss 1.0734 | union_precision 0.9474 | weighted_recall 0.3885 | union_precision 0.9474 | threshold 0.650 | val_model raw | lr 0.001000
Epoch 12/60 | train_loss 1.0580 | union_precision 0.8696 | weighted_recall 0.4672 | union_precision 0.8696 | threshold 0.650 | val_model raw | lr 0.001000
Epoch 13/60 | train_loss 1.0418 | union_precision 0.8800 | weighted_recall 0.5179 | union_precision 0.8800 | threshold 0.650 | val_model raw | lr 0.001000
Epoch 14/60 | train_loss 1.0155 | union_precision 0.8636 | weighted_recall 0.4214 | union_precision 0.8636 | threshold 0.675 | val_model raw | lr 0.001000
Epoch 15/60 | train_loss 1.0061 | union_precision 1.0000 | weighted_recall 0.4214 | union_precision 1.0000 | threshold 0.700 | val_model raw | lr 0.001000
Epoch 16/60 | train_loss 0.9817 | union_precision 0.9048 | weighted_recall 0.4214 | union_precision 0.9048 | threshold 0.700 | val_model raw | lr 0.001000
Epoch 17/60 | train_loss 0.9743 | union_precision 1.0000 | weighted_recall 0.4214 | union_precision 1.0000 | threshold 0.725 | val_model raw | lr 0.001000
Epoch 18/60 | train_loss 0.9496 | union_precision 0.9048 | weighted_recall 0.4214 | union_precision 0.9048 | threshold 0.700 | val_model raw | lr 0.001000
Epoch 19/60 | train_loss 0.9402 | union_precision 0.9048 | weighted_recall 0.4214 | union_precision 0.9048 | threshold 0.725 | val_model raw | lr 0.001000
Epoch 20/60 | train_loss 0.9275 | union_precision 0.9048 | weighted_recall 0.4214 | union_precision 0.9048 | threshold 0.725 | val_model raw | lr 0.001000
Epoch 21/60 | train_loss 0.9232 | union_precision 0.9048 | weighted_recall 0.4214 | union_precision 0.9048 | threshold 0.750 | val_model raw | lr 0.001000
Epoch 22/60 | train_loss 0.9053 | union_precision 0.9048 | weighted_recall 0.4200 | union_precision 0.9048 | threshold 0.750 | val_model raw | lr 0.001000
Epoch 23/60 | train_loss 0.8990 | union_precision 0.8571 | weighted_recall 0.5810 | union_precision 0.8571 | threshold 0.675 | val_model raw | lr 0.001000
Epoch 24/60 | train_loss 0.8891 | union_precision 0.8571 | weighted_recall 0.5810 | union_precision 0.8571 | threshold 0.650 | val_model raw | lr 0.001000
Epoch 25/60 | train_loss 0.8780 | union_precision 0.8571 | weighted_recall 0.5810 | union_precision 0.8571 | threshold 0.625 | val_model raw | lr 0.001000
Epoch 26/60 | train_loss 0.8647 | union_precision 0.8571 | weighted_recall 0.5810 | union_precision 0.8571 | threshold 0.600 | val_model raw | lr 0.001000
Epoch 27/60 | train_loss 0.8514 | union_precision 0.8571 | weighted_recall 0.5810 | union_precision 0.8571 | threshold 0.550 | val_model raw | lr 0.001000
Epoch 28/60 | train_loss 0.8455 | union_precision 0.8571 | weighted_recall 0.5810 | union_precision 0.8571 | threshold 0.550 | val_model raw | lr 0.001000
Epoch 29/60 | train_loss 0.8298 | union_precision 0.8571 | weighted_recall 0.5810 | union_precision 0.8571 | threshold 0.575 | val_model raw | lr 0.001000
Epoch 30/60 | train_loss 0.8232 | union_precision 0.8571 | weighted_recall 0.5810 | union_precision 0.8571 | threshold 0.600 | val_model raw | lr 0.001000
Epoch 31/60 | train_loss 0.8178 | union_precision 0.8571 | weighted_recall 0.5810 | union_precision 0.8571 | threshold 0.600 | val_model raw | lr 0.001000
Epoch 32/60 | train_loss 0.8087 | union_precision 0.8571 | weighted_recall 0.5810 | union_precision 0.8571 | threshold 0.600 | val_model raw | lr 0.001000
Epoch 33/60 | train_loss 0.7988 | union_precision 0.8519 | weighted_recall 0.5352 | union_precision 0.8519 | threshold 0.600 | val_model raw | lr 0.001000
Epoch 34/60 | train_loss 0.7925 | union_precision 0.8519 | weighted_recall 0.5352 | union_precision 0.8519 | threshold 0.575 | val_model raw | lr 0.001000
Early stopping at epoch 34
Held-out M67-4 | union_precision=0.8571 | weighted_recall=0.5810 | consensus_recall=0.0000
Epoch 1/60 | train_loss 1.5327 | union_precision 0.8571 | weighted_recall 0.0791 | union_precision 0.8571 | threshold 0.525 | val_model raw | lr 0.001000
Epoch 2/60 | train_loss 1.3932 | union_precision 0.8235 | weighted_recall 0.1199 | union_precision 0.8235 | threshold 0.500 | val_model raw | lr 0.001000
Epoch 3/60 | train_loss 1.3228 | union_precision 0.6500 | weighted_recall 0.1675 | union_precision 0.6500 | threshold 0.500 | val_model raw | lr 0.001000
Epoch 4/60 | train_loss 1.2586 | union_precision 0.6667 | weighted_recall 0.2327 | union_precision 0.6667 | threshold 0.475 | val_model raw | lr 0.001000
Epoch 5/60 | train_loss 1.2290 | union_precision 0.5909 | weighted_recall 0.2085 | union_precision 0.5909 | threshold 0.500 | val_model raw | lr 0.001000
Epoch 6/60 | train_loss 1.1892 | union_precision 0.5429 | weighted_recall 0.2539 | union_precision 0.5429 | threshold 0.050 | val_model raw | lr 0.001000
Epoch 7/60 | train_loss 1.1574 | union_precision 1.0000 | weighted_recall 0.0284 | union_precision 1.0000 | threshold 0.650 | val_model raw | lr 0.001000
Epoch 8/60 | train_loss 1.1377 | union_precision 1.0000 | weighted_recall 0.0284 | union_precision 1.0000 | threshold 0.650 | val_model raw | lr 0.001000
Epoch 9/60 | train_loss 1.1161 | union_precision 1.0000 | weighted_recall 0.0284 | union_precision 1.0000 | threshold 0.650 | val_model raw | lr 0.001000
Epoch 10/60 | train_loss 1.0983 | union_precision 1.0000 | weighted_recall 0.0284 | union_precision 1.0000 | threshold 0.650 | val_model raw | lr 0.001000
Epoch 11/60 | train_loss 1.0748 | union_precision 1.0000 | weighted_recall 0.0284 | union_precision 1.0000 | threshold 0.675 | val_model raw | lr 0.001000
Early stopping at epoch 11
Held-out M68-1 | union_precision=0.8571 | weighted_recall=0.0791 | consensus_recall=0.0000
Epoch 1/60 | train_loss 1.5318 | union_precision 1.0000 | weighted_recall 0.2022 | union_precision 1.0000 | threshold 0.575 | val_model raw | lr 0.001000
Epoch 2/60 | train_loss 1.3949 | union_precision 1.0000 | weighted_recall 0.1141 | union_precision 1.0000 | threshold 0.600 | val_model raw | lr 0.001000
Epoch 3/60 | train_loss 1.3241 | union_precision 1.0000 | weighted_recall 0.0875 | union_precision 1.0000 | threshold 0.625 | val_model raw | lr 0.001000
Epoch 4/60 | train_loss 1.2613 | union_precision 0.7059 | weighted_recall 0.4888 | union_precision 0.7059 | threshold 0.575 | val_model raw | lr 0.001000
Epoch 5/60 | train_loss 1.2307 | union_precision 0.6471 | weighted_recall 0.4432 | union_precision 0.6471 | threshold 0.575 | val_model raw | lr 0.001000
Epoch 6/60 | train_loss 1.1900 | union_precision 0.6471 | weighted_recall 0.4432 | union_precision 0.6471 | threshold 0.600 | val_model raw | lr 0.001000
Epoch 7/60 | train_loss 1.1583 | union_precision 0.6471 | weighted_recall 0.4432 | union_precision 0.6471 | threshold 0.600 | val_model raw | lr 0.001000
Epoch 8/60 | train_loss 1.1398 | union_precision 0.7778 | weighted_recall 0.2832 | union_precision 0.7778 | threshold 0.650 | val_model raw | lr 0.001000
Epoch 9/60 | train_loss 1.1177 | union_precision 0.6875 | weighted_recall 0.4767 | union_precision 0.6875 | threshold 0.650 | val_model raw | lr 0.001000
Epoch 10/60 | train_loss 1.1002 | union_precision 0.7778 | weighted_recall 0.4387 | union_precision 0.7778 | threshold 0.675 | val_model raw | lr 0.001000
Epoch 11/60 | train_loss 1.0778 | union_precision 0.8182 | weighted_recall 0.4710 | union_precision 0.8182 | threshold 0.675 | val_model raw | lr 0.001000
Early stopping at epoch 11
Held-out M68-2 | union_precision=1.0000 | weighted_recall=0.2022 | consensus_recall=0.0000
Epoch 1/60 | train_loss 1.5298 | union_precision 0.7222 | weighted_recall 0.2527 | union_precision 0.7222 | threshold 0.500 | val_model raw | lr 0.001000
Epoch 2/60 | train_loss 1.3917 | union_precision 0.7059 | weighted_recall 0.2461 | union_precision 0.7059 | threshold 0.500 | val_model raw | lr 0.001000
Epoch 3/60 | train_loss 1.3228 | union_precision 0.7500 | weighted_recall 0.4464 | union_precision 0.7500 | threshold 0.500 | val_model raw | lr 0.001000
Epoch 4/60 | train_loss 1.2659 | union_precision 0.8000 | weighted_recall 0.6202 | union_precision 0.8000 | threshold 0.500 | val_model raw | lr 0.001000
Epoch 5/60 | train_loss 1.2296 | union_precision 0.8235 | weighted_recall 0.6367 | union_precision 0.8235 | threshold 0.500 | val_model raw | lr 0.001000
Epoch 6/60 | train_loss 1.1923 | union_precision 0.8235 | weighted_recall 0.6367 | union_precision 0.8235 | threshold 0.500 | val_model raw | lr 0.001000
Epoch 7/60 | train_loss 1.1593 | union_precision 0.8667 | weighted_recall 0.4926 | union_precision 0.8667 | threshold 0.650 | val_model raw | lr 0.001000
Epoch 8/60 | train_loss 1.1406 | union_precision 0.8750 | weighted_recall 0.6367 | union_precision 0.8750 | threshold 0.625 | val_model raw | lr 0.001000
Epoch 9/60 | train_loss 1.1216 | union_precision 0.8750 | weighted_recall 0.6367 | union_precision 0.8750 | threshold 0.600 | val_model raw | lr 0.001000
Epoch 10/60 | train_loss 1.1031 | union_precision 0.8750 | weighted_recall 0.6367 | union_precision 0.8750 | threshold 0.600 | val_model raw | lr 0.001000
Epoch 11/60 | train_loss 1.0773 | union_precision 0.8750 | weighted_recall 0.6367 | union_precision 0.8750 | threshold 0.575 | val_model raw | lr 0.001000
Epoch 12/60 | train_loss 1.0576 | union_precision 0.8750 | weighted_recall 0.6367 | union_precision 0.8750 | threshold 0.550 | val_model raw | lr 0.001000
Epoch 13/60 | train_loss 1.0427 | union_precision 0.8889 | weighted_recall 0.6699 | union_precision 0.8889 | threshold 0.525 | val_model raw | lr 0.001000
Epoch 14/60 | train_loss 1.0193 | union_precision 0.8889 | weighted_recall 0.6699 | union_precision 0.8889 | threshold 0.500 | val_model raw | lr 0.001000
Epoch 15/60 | train_loss 1.0091 | union_precision 0.8889 | weighted_recall 0.6699 | union_precision 0.8889 | threshold 0.475 | val_model raw | lr 0.001000
Epoch 16/60 | train_loss 0.9852 | union_precision 0.8889 | weighted_recall 0.6699 | union_precision 0.8889 | threshold 0.450 | val_model raw | lr 0.001000
Epoch 17/60 | train_loss 0.9766 | union_precision 0.8889 | weighted_recall 0.6699 | union_precision 0.8889 | threshold 0.425 | val_model raw | lr 0.001000
Epoch 18/60 | train_loss 0.9533 | union_precision 0.8889 | weighted_recall 0.6699 | union_precision 0.8889 | threshold 0.400 | val_model raw | lr 0.001000
Epoch 19/60 | train_loss 0.9424 | union_precision 0.8889 | weighted_recall 0.6699 | union_precision 0.8889 | threshold 0.400 | val_model raw | lr 0.001000
Epoch 20/60 | train_loss 0.9316 | union_precision 0.8889 | weighted_recall 0.6699 | union_precision 0.8889 | threshold 0.375 | val_model raw | lr 0.001000
Epoch 21/60 | train_loss 0.9247 | union_precision 0.9167 | weighted_recall 0.6216 | union_precision 0.9167 | threshold 0.625 | val_model raw | lr 0.001000
Epoch 22/60 | train_loss 0.9090 | union_precision 0.9231 | weighted_recall 0.6249 | union_precision 0.9231 | threshold 0.600 | val_model raw | lr 0.001000
Epoch 23/60 | train_loss 0.9021 | union_precision 0.9286 | weighted_recall 0.6321 | union_precision 0.9286 | threshold 0.575 | val_model raw | lr 0.001000
Early stopping at epoch 23
Held-out M68-3 | union_precision=0.8889 | weighted_recall=0.6699 | consensus_recall=0.0000
Epoch 1/60 | train_loss 1.5286 | union_precision 0.4524 | weighted_recall 0.1438 | union_precision 0.4524 | threshold 0.500 | val_model raw | lr 0.001000
Epoch 2/60 | train_loss 1.3981 | union_precision 0.5455 | weighted_recall 0.0259 | union_precision 0.5455 | threshold 0.575 | val_model raw | lr 0.001000
Epoch 3/60 | train_loss 1.3237 | union_precision 0.6667 | weighted_recall 0.0515 | union_precision 0.6667 | threshold 0.575 | val_model raw | lr 0.001000
Epoch 4/60 | train_loss 1.2692 | union_precision 0.7297 | weighted_recall 0.1966 | union_precision 0.7297 | threshold 0.550 | val_model raw | lr 0.001000
Epoch 5/60 | train_loss 1.2217 | union_precision 0.7143 | weighted_recall 0.2931 | union_precision 0.7143 | threshold 0.550 | val_model raw | lr 0.001000
Epoch 6/60 | train_loss 1.1880 | union_precision 0.7429 | weighted_recall 0.1868 | union_precision 0.7429 | threshold 0.575 | val_model raw | lr 0.001000
Epoch 7/60 | train_loss 1.1625 | union_precision 0.8085 | weighted_recall 0.2848 | union_precision 0.8085 | threshold 0.575 | val_model raw | lr 0.001000
Epoch 8/60 | train_loss 1.1514 | union_precision 1.0000 | weighted_recall 0.0015 | union_precision 1.0000 | threshold 0.700 | val_model raw | lr 0.001000
Epoch 9/60 | train_loss 1.1250 | union_precision 1.0000 | weighted_recall 0.0158 | union_precision 1.0000 | threshold 0.700 | val_model raw | lr 0.001000
Epoch 10/60 | train_loss 1.0967 | union_precision 1.0000 | weighted_recall 0.0413 | union_precision 1.0000 | threshold 0.700 | val_model raw | lr 0.001000
Epoch 11/60 | train_loss 1.0770 | union_precision 0.8750 | weighted_recall 0.1156 | union_precision 0.8750 | threshold 0.700 | val_model raw | lr 0.001000
Epoch 12/60 | train_loss 1.0580 | union_precision 0.8800 | weighted_recall 0.1775 | union_precision 0.8800 | threshold 0.700 | val_model raw | lr 0.001000
Epoch 13/60 | train_loss 1.0383 | union_precision 0.8571 | weighted_recall 0.2536 | union_precision 0.8571 | threshold 0.675 | val_model raw | lr 0.001000
Epoch 14/60 | train_loss 1.0140 | union_precision 0.8571 | weighted_recall 0.2548 | union_precision 0.8571 | threshold 0.675 | val_model raw | lr 0.001000
Epoch 15/60 | train_loss 1.0036 | union_precision 0.8654 | weighted_recall 0.3188 | union_precision 0.8654 | threshold 0.650 | val_model raw | lr 0.001000
Epoch 16/60 | train_loss 0.9956 | union_precision 0.8727 | weighted_recall 0.3216 | union_precision 0.8727 | threshold 0.650 | val_model raw | lr 0.001000
Epoch 17/60 | train_loss 0.9727 | union_precision 0.8571 | weighted_recall 0.3212 | union_precision 0.8571 | threshold 0.650 | val_model raw | lr 0.001000
Epoch 18/60 | train_loss 0.9521 | union_precision 0.8571 | weighted_recall 0.3298 | union_precision 0.8571 | threshold 0.650 | val_model raw | lr 0.001000
Epoch 19/60 | train_loss 0.9404 | union_precision 0.8525 | weighted_recall 0.3392 | union_precision 0.8525 | threshold 0.625 | val_model raw | lr 0.001000
Epoch 20/60 | train_loss 0.9376 | union_precision 0.8525 | weighted_recall 0.3361 | union_precision 0.8525 | threshold 0.625 | val_model raw | lr 0.001000
Epoch 21/60 | train_loss 0.9253 | union_precision 0.8525 | weighted_recall 0.3361 | union_precision 0.8525 | threshold 0.625 | val_model raw | lr 0.001000
Epoch 22/60 | train_loss 0.9030 | union_precision 0.8750 | weighted_recall 0.3308 | union_precision 0.8750 | threshold 0.650 | val_model raw | lr 0.001000
Epoch 23/60 | train_loss 0.9023 | union_precision 0.8525 | weighted_recall 0.3361 | union_precision 0.8525 | threshold 0.625 | val_model raw | lr 0.001000
Epoch 24/60 | train_loss 0.8849 | union_precision 0.8525 | weighted_recall 0.3361 | union_precision 0.8525 | threshold 0.600 | val_model raw | lr 0.001000
Epoch 25/60 | train_loss 0.8751 | union_precision 0.8594 | weighted_recall 0.3493 | union_precision 0.8594 | threshold 0.575 | val_model raw | lr 0.001000
Epoch 26/60 | train_loss 0.8704 | union_precision 0.8636 | weighted_recall 0.3527 | union_precision 0.8636 | threshold 0.550 | val_model raw | lr 0.001000
Epoch 27/60 | train_loss 0.8561 | union_precision 0.8636 | weighted_recall 0.3527 | union_precision 0.8636 | threshold 0.550 | val_model raw | lr 0.001000
Epoch 28/60 | train_loss 0.8428 | union_precision 0.8750 | weighted_recall 0.3505 | union_precision 0.8750 | threshold 0.575 | val_model raw | lr 0.001000
Epoch 29/60 | train_loss 0.8397 | union_precision 0.8750 | weighted_recall 0.3505 | union_precision 0.8750 | threshold 0.575 | val_model raw | lr 0.001000
Epoch 30/60 | train_loss 0.8282 | union_precision 0.8615 | weighted_recall 0.3505 | union_precision 0.8615 | threshold 0.575 | val_model raw | lr 0.001000
Epoch 31/60 | train_loss 0.8187 | union_precision 0.8730 | weighted_recall 0.3593 | union_precision 0.8730 | threshold 0.600 | val_model raw | lr 0.001000
Epoch 32/60 | train_loss 0.8091 | union_precision 0.8571 | weighted_recall 0.3560 | union_precision 0.8571 | threshold 0.600 | val_model raw | lr 0.001000
Epoch 33/60 | train_loss 0.8085 | union_precision 0.8594 | weighted_recall 0.3593 | union_precision 0.8594 | threshold 0.600 | val_model raw | lr 0.001000
Epoch 34/60 | train_loss 0.7983 | union_precision 0.8667 | weighted_recall 0.3526 | union_precision 0.8667 | threshold 0.625 | val_model raw | lr 0.001000
Epoch 35/60 | train_loss 0.7899 | union_precision 0.8594 | weighted_recall 0.3605 | union_precision 0.8594 | threshold 0.600 | val_model raw | lr 0.001000
Epoch 36/60 | train_loss 0.7774 | union_precision 0.8571 | weighted_recall 0.3715 | union_precision 0.8571 | threshold 0.475 | val_model raw | lr 0.001000
Epoch 37/60 | train_loss 0.7695 | union_precision 0.8529 | weighted_recall 0.3656 | union_precision 0.8529 | threshold 0.575 | val_model raw | lr 0.001000
Epoch 38/60 | train_loss 0.7668 | union_precision 0.8571 | weighted_recall 0.3756 | union_precision 0.8571 | threshold 0.475 | val_model raw | lr 0.001000
Epoch 39/60 | train_loss 0.7524 | union_precision 0.8571 | weighted_recall 0.3756 | union_precision 0.8571 | threshold 0.475 | val_model raw | lr 0.001000
Epoch 40/60 | train_loss 0.7559 | union_precision 0.8571 | weighted_recall 0.3756 | union_precision 0.8571 | threshold 0.500 | val_model raw | lr 0.001000
Epoch 41/60 | train_loss 0.7361 | union_precision 0.8571 | weighted_recall 0.3646 | union_precision 0.8571 | threshold 0.575 | val_model raw | lr 0.001000
Epoch 42/60 | train_loss 0.7332 | union_precision 0.8594 | weighted_recall 0.3684 | union_precision 0.8594 | threshold 0.575 | val_model raw | lr 0.001000
Epoch 43/60 | train_loss 0.7297 | union_precision 0.8594 | weighted_recall 0.3684 | union_precision 0.8594 | threshold 0.575 | val_model raw | lr 0.001000
Epoch 44/60 | train_loss 0.7217 | union_precision 0.8571 | weighted_recall 0.3641 | union_precision 0.8571 | threshold 0.575 | val_model raw | lr 0.001000
Epoch 45/60 | train_loss 0.7111 | union_precision 0.8594 | weighted_recall 0.3665 | union_precision 0.8594 | threshold 0.550 | val_model raw | lr 0.001000
Epoch 46/60 | train_loss 0.7087 | union_precision 0.8621 | weighted_recall 0.3587 | union_precision 0.8621 | threshold 0.625 | val_model raw | lr 0.001000
Epoch 47/60 | train_loss 0.6977 | union_precision 0.8621 | weighted_recall 0.3587 | union_precision 0.8621 | threshold 0.600 | val_model raw | lr 0.001000
Epoch 48/60 | train_loss 0.7031 | union_precision 0.8750 | weighted_recall 0.3377 | union_precision 0.8750 | threshold 0.625 | val_model raw | lr 0.001000
Early stopping at epoch 48
Held-out M06-1__M06-2__M06-3 | union_precision=0.8571 | weighted_recall=0.3756 | consensus_recall=0.2000
Wrote nested CV results to /gpfs/work/int/yuxuanliu2204/Changheng/xmltoexp/MERIX SUBMISSION/Boundary_Restart/reports/nested_piece_cv/weighted_topdown_merge56_level3plus_boundary_seed42
Best candidate: model-tcn__detector_target-level3plus_boundary__selection_metric-weighted_recall__min_precision-0p85__loss_type-bce__rest_span_label_mode-none__rest_span_tolerance_negative_weight-1p0 | mean_primary_metric=0.3296 | mean_union_precision=0.9055
Command: python Command: run_nested_piece_cv.py Command: --config Command: configs/salience_grouped3_hi8_score_only_xml_curated.yaml Command: --outer_heldout_piece Command: M06-1 Command: M06-2 Command: M06-3 Command: --inner_mode Command: leave_one Command: --model Command: tcn Command: --detector_target Command: level4plus_boundary Command: --selection_metric Command: weighted_recall Command: --precision_metric Command: union_precision Command: --min_precision Command: 0.85 Command: --loss_type Command: bce Command: --min_train_frequency_target Command: 0.05 Command: --cumulative_merge_tolerance Command: 2 Command: --cumulative_component_weights_json Command: \{\"level56\":1.0\,\"level4\":0.64\,\"level3\":0.46\,\"level2\":0.28\,\"level1\":0.16\} Command: --device Command: cuda Command: --epochs Command: 60 Command: --early_stop_patience Command: 10 Command: --seed Command: 42 Command: --skip_stage_grading Command: --run_outer_fit Command: --output_dir Command: reports/nested_piece_cv/weighted_topdown_merge56_level4plus_boundary_seed42 Command: --reuse_existing 
Epoch 1/60 | train_loss 1.5269 | union_precision 0.2500 | weighted_recall 0.1064 | union_precision 0.2500 | threshold 0.050 | val_model raw | lr 0.001000
Epoch 2/60 | train_loss 1.3991 | union_precision 0.3488 | weighted_recall 0.1614 | union_precision 0.3488 | threshold 0.400 | val_model raw | lr 0.001000
Epoch 3/60 | train_loss 1.3162 | union_precision 0.6667 | weighted_recall 0.0856 | union_precision 0.6667 | threshold 0.525 | val_model raw | lr 0.001000
Epoch 4/60 | train_loss 1.2608 | union_precision 0.6667 | weighted_recall 0.0856 | union_precision 0.6667 | threshold 0.525 | val_model raw | lr 0.001000
Epoch 5/60 | train_loss 1.2109 | union_precision 0.6667 | weighted_recall 0.0856 | union_precision 0.6667 | threshold 0.525 | val_model raw | lr 0.001000
Epoch 6/60 | train_loss 1.1803 | union_precision 0.8000 | weighted_recall 0.1616 | union_precision 0.8000 | threshold 0.525 | val_model raw | lr 0.001000
Epoch 7/60 | train_loss 1.1404 | union_precision 0.8750 | weighted_recall 0.2389 | union_precision 0.8750 | threshold 0.525 | val_model raw | lr 0.001000
Epoch 8/60 | train_loss 1.1147 | union_precision 0.8000 | weighted_recall 0.1305 | union_precision 0.8000 | threshold 0.550 | val_model raw | lr 0.001000
Epoch 9/60 | train_loss 1.0876 | union_precision 0.8000 | weighted_recall 0.1305 | union_precision 0.8000 | threshold 0.575 | val_model raw | lr 0.001000
Epoch 10/60 | train_loss 1.0698 | union_precision 0.8000 | weighted_recall 0.1305 | union_precision 0.8000 | threshold 0.600 | val_model raw | lr 0.001000
Epoch 11/60 | train_loss 1.0454 | union_precision 0.8000 | weighted_recall 0.1305 | union_precision 0.8000 | threshold 0.600 | val_model raw | lr 0.001000
Epoch 12/60 | train_loss 1.0138 | union_precision 0.8000 | weighted_recall 0.1305 | union_precision 0.8000 | threshold 0.625 | val_model raw | lr 0.001000
Epoch 13/60 | train_loss 1.0068 | union_precision 0.8000 | weighted_recall 0.0658 | union_precision 0.8000 | threshold 0.625 | val_model raw | lr 0.001000
Epoch 14/60 | train_loss 0.9818 | union_precision 0.8000 | weighted_recall 0.0658 | union_precision 0.8000 | threshold 0.650 | val_model raw | lr 0.001000
Epoch 15/60 | train_loss 0.9575 | union_precision 0.8750 | weighted_recall 0.1081 | union_precision 0.8750 | threshold 0.650 | val_model raw | lr 0.001000
Epoch 16/60 | train_loss 0.9473 | union_precision 0.8571 | weighted_recall 0.0955 | union_precision 0.8571 | threshold 0.675 | val_model raw | lr 0.001000
Epoch 17/60 | train_loss 0.9148 | union_precision 0.8571 | weighted_recall 0.0955 | union_precision 0.8571 | threshold 0.700 | val_model raw | lr 0.001000
Early stopping at epoch 17
Held-out M07-1 | union_precision=0.8750 | weighted_recall=0.2389 | consensus_recall=0.0000
Epoch 1/60 | train_loss 1.5334 | union_precision 0.7500 | weighted_recall 0.0417 | union_precision 0.7500 | threshold 0.575 | val_model raw | lr 0.001000
Epoch 2/60 | train_loss 1.4003 | union_precision 0.7500 | weighted_recall 0.0417 | union_precision 0.7500 | threshold 0.575 | val_model raw | lr 0.001000
Epoch 3/60 | train_loss 1.3133 | union_precision 0.7778 | weighted_recall 0.0514 | union_precision 0.7778 | threshold 0.600 | val_model raw | lr 0.001000
Epoch 4/60 | train_loss 1.2596 | union_precision 0.6923 | weighted_recall 0.1093 | union_precision 0.6923 | threshold 0.625 | val_model raw | lr 0.001000
Epoch 5/60 | train_loss 1.2126 | union_precision 0.7500 | weighted_recall 0.0676 | union_precision 0.7500 | threshold 0.650 | val_model raw | lr 0.001000
Epoch 6/60 | train_loss 1.1839 | union_precision 0.7143 | weighted_recall 0.0435 | union_precision 0.7143 | threshold 0.675 | val_model raw | lr 0.001000
Epoch 7/60 | train_loss 1.1413 | union_precision 0.7778 | weighted_recall 0.1014 | union_precision 0.7778 | threshold 0.675 | val_model raw | lr 0.001000
Epoch 8/60 | train_loss 1.1198 | union_precision 0.7778 | weighted_recall 0.1014 | union_precision 0.7778 | threshold 0.675 | val_model raw | lr 0.001000
Epoch 9/60 | train_loss 1.0882 | union_precision 1.0000 | weighted_recall 0.0145 | union_precision 1.0000 | threshold 0.750 | val_model raw | lr 0.001000
Epoch 10/60 | train_loss 1.0697 | union_precision 0.8333 | weighted_recall 0.0435 | union_precision 0.8333 | threshold 0.750 | val_model raw | lr 0.001000
Epoch 11/60 | train_loss 1.0480 | union_precision 0.8571 | weighted_recall 0.0676 | union_precision 0.8571 | threshold 0.750 | val_model raw | lr 0.001000
Epoch 12/60 | train_loss 1.0135 | union_precision 0.8750 | weighted_recall 0.1014 | union_precision 0.8750 | threshold 0.750 | val_model raw | lr 0.001000
Epoch 13/60 | train_loss 1.0068 | union_precision 0.8750 | weighted_recall 0.1014 | union_precision 0.8750 | threshold 0.750 | val_model raw | lr 0.001000
Epoch 14/60 | train_loss 0.9853 | union_precision 1.0000 | weighted_recall 0.0821 | union_precision 1.0000 | threshold 0.775 | val_model raw | lr 0.001000
Epoch 15/60 | train_loss 0.9567 | union_precision 1.0000 | weighted_recall 0.0821 | union_precision 1.0000 | threshold 0.775 | val_model raw | lr 0.001000
Epoch 16/60 | train_loss 0.9466 | union_precision 1.0000 | weighted_recall 0.0821 | union_precision 1.0000 | threshold 0.775 | val_model raw | lr 0.001000
Epoch 17/60 | train_loss 0.9194 | union_precision 1.0000 | weighted_recall 0.0821 | union_precision 1.0000 | threshold 0.775 | val_model raw | lr 0.001000
Epoch 18/60 | train_loss 0.9153 | union_precision 0.8571 | weighted_recall 0.2719 | union_precision 0.8571 | threshold 0.725 | val_model raw | lr 0.001000
Epoch 19/60 | train_loss 0.9060 | union_precision 0.8571 | weighted_recall 0.2719 | union_precision 0.8571 | threshold 0.750 | val_model raw | lr 0.001000
Epoch 20/60 | train_loss 0.8731 | union_precision 0.8571 | weighted_recall 0.3637 | union_precision 0.8571 | threshold 0.750 | val_model raw | lr 0.001000
Epoch 21/60 | train_loss 0.8624 | union_precision 0.9286 | weighted_recall 0.3698 | union_precision 0.9286 | threshold 0.750 | val_model raw | lr 0.001000
Epoch 22/60 | train_loss 0.8338 | union_precision 0.8750 | weighted_recall 0.3760 | union_precision 0.8750 | threshold 0.750 | val_model raw | lr 0.001000
Epoch 23/60 | train_loss 0.8397 | union_precision 0.8824 | weighted_recall 0.3791 | union_precision 0.8824 | threshold 0.750 | val_model raw | lr 0.001000
Epoch 24/60 | train_loss 0.8238 | union_precision 0.8824 | weighted_recall 0.3791 | union_precision 0.8824 | threshold 0.750 | val_model raw | lr 0.001000
Epoch 25/60 | train_loss 0.8096 | union_precision 0.8824 | weighted_recall 0.3791 | union_precision 0.8824 | threshold 0.750 | val_model raw | lr 0.001000
Epoch 26/60 | train_loss 0.7930 | union_precision 0.8824 | weighted_recall 0.3791 | union_precision 0.8824 | threshold 0.750 | val_model raw | lr 0.001000
Epoch 27/60 | train_loss 0.7786 | union_precision 0.8889 | weighted_recall 0.3839 | union_precision 0.8889 | threshold 0.750 | val_model raw | lr 0.001000
Epoch 28/60 | train_loss 0.7653 | union_precision 0.8889 | weighted_recall 0.3839 | union_precision 0.8889 | threshold 0.750 | val_model raw | lr 0.001000
Epoch 29/60 | train_loss 0.7484 | union_precision 0.8889 | weighted_recall 0.3839 | union_precision 0.8889 | threshold 0.750 | val_model raw | lr 0.001000
Epoch 30/60 | train_loss 0.7417 | union_precision 0.8889 | weighted_recall 0.3839 | union_precision 0.8889 | threshold 0.750 | val_model raw | lr 0.001000
Epoch 31/60 | train_loss 0.7267 | union_precision 0.8889 | weighted_recall 0.3839 | union_precision 0.8889 | threshold 0.750 | val_model raw | lr 0.001000
Epoch 32/60 | train_loss 0.7243 | union_precision 0.8824 | weighted_recall 0.3808 | union_precision 0.8824 | threshold 0.775 | val_model raw | lr 0.001000
Epoch 33/60 | train_loss 0.7092 | union_precision 0.8824 | weighted_recall 0.3808 | union_precision 0.8824 | threshold 0.775 | val_model raw | lr 0.001000
Epoch 34/60 | train_loss 0.7102 | union_precision 0.8824 | weighted_recall 0.3808 | union_precision 0.8824 | threshold 0.775 | val_model raw | lr 0.001000
Epoch 35/60 | train_loss 0.6800 | union_precision 0.9333 | weighted_recall 0.3747 | union_precision 0.9333 | threshold 0.800 | val_model raw | lr 0.001000
Epoch 36/60 | train_loss 0.6885 | union_precision 0.9333 | weighted_recall 0.4484 | union_precision 0.9333 | threshold 0.800 | val_model raw | lr 0.001000
Epoch 37/60 | train_loss 0.6691 | union_precision 0.9412 | weighted_recall 0.3857 | union_precision 0.9412 | threshold 0.775 | val_model raw | lr 0.001000
Epoch 38/60 | train_loss 0.6506 | union_precision 0.9375 | weighted_recall 0.3808 | union_precision 0.9375 | threshold 0.775 | val_model raw | lr 0.001000
Epoch 39/60 | train_loss 0.6483 | union_precision 0.8889 | weighted_recall 0.3857 | union_precision 0.8889 | threshold 0.750 | val_model raw | lr 0.001000
Epoch 40/60 | train_loss 0.6403 | union_precision 0.9231 | weighted_recall 0.3181 | union_precision 0.9231 | threshold 0.800 | val_model raw | lr 0.001000
Epoch 41/60 | train_loss 0.6298 | union_precision 0.9231 | weighted_recall 0.3181 | union_precision 0.9231 | threshold 0.800 | val_model raw | lr 0.001000
Epoch 42/60 | train_loss 0.6280 | union_precision 0.8571 | weighted_recall 0.3181 | union_precision 0.8571 | threshold 0.800 | val_model raw | lr 0.001000
Epoch 43/60 | train_loss 0.6208 | union_precision 0.9231 | weighted_recall 0.3181 | union_precision 0.9231 | threshold 0.825 | val_model raw | lr 0.001000
Epoch 44/60 | train_loss 0.6146 | union_precision 0.9167 | weighted_recall 0.3084 | union_precision 0.9167 | threshold 0.825 | val_model raw | lr 0.001000
Epoch 45/60 | train_loss 0.6012 | union_precision 0.9167 | weighted_recall 0.3084 | union_precision 0.9167 | threshold 0.850 | val_model raw | lr 0.001000
Epoch 46/60 | train_loss 0.5969 | union_precision 0.8571 | weighted_recall 0.2263 | union_precision 0.8571 | threshold 0.825 | val_model raw | lr 0.001000
Early stopping at epoch 46
Held-out M07-2 | union_precision=0.9333 | weighted_recall=0.4484 | consensus_recall=1.0000
Epoch 1/60 | train_loss 1.5336 | union_precision 0.6667 | weighted_recall 0.0467 | union_precision 0.6667 | threshold 0.575 | val_model raw | lr 0.001000
Epoch 2/60 | train_loss 1.3936 | union_precision 0.6667 | weighted_recall 0.0585 | union_precision 0.6667 | threshold 0.550 | val_model raw | lr 0.001000
Epoch 3/60 | train_loss 1.3106 | union_precision 0.6667 | weighted_recall 0.0742 | union_precision 0.6667 | threshold 0.600 | val_model raw | lr 0.001000
Epoch 4/60 | train_loss 1.2562 | union_precision 0.6667 | weighted_recall 0.0857 | union_precision 0.6667 | threshold 0.625 | val_model raw | lr 0.001000
Epoch 5/60 | train_loss 1.2025 | union_precision 0.6250 | weighted_recall 0.0821 | union_precision 0.6250 | threshold 0.650 | val_model raw | lr 0.001000
Epoch 6/60 | train_loss 1.1816 | union_precision 0.6667 | weighted_recall 0.0798 | union_precision 0.6667 | threshold 0.675 | val_model raw | lr 0.001000
Epoch 7/60 | train_loss 1.1359 | union_precision 0.6667 | weighted_recall 0.0798 | union_precision 0.6667 | threshold 0.675 | val_model raw | lr 0.001000
Epoch 8/60 | train_loss 1.1105 | union_precision 0.6250 | weighted_recall 0.0821 | union_precision 0.6250 | threshold 0.675 | val_model raw | lr 0.001000
Epoch 9/60 | train_loss 1.0861 | union_precision 0.6667 | weighted_recall 0.1001 | union_precision 0.6667 | threshold 0.675 | val_model raw | lr 0.001000
Epoch 10/60 | train_loss 1.0621 | union_precision 0.6000 | weighted_recall 0.1674 | union_precision 0.6000 | threshold 0.675 | val_model raw | lr 0.001000
Epoch 11/60 | train_loss 1.0395 | union_precision 0.6250 | weighted_recall 0.1566 | union_precision 0.6250 | threshold 0.700 | val_model raw | lr 0.001000
Epoch 12/60 | train_loss 1.0095 | union_precision 0.6364 | weighted_recall 0.1710 | union_precision 0.6364 | threshold 0.675 | val_model raw | lr 0.001000
Epoch 13/60 | train_loss 0.9993 | union_precision 0.6250 | weighted_recall 0.1579 | union_precision 0.6250 | threshold 0.700 | val_model raw | lr 0.001000
Epoch 14/60 | train_loss 0.9768 | union_precision 0.5833 | weighted_recall 0.1733 | union_precision 0.5833 | threshold 0.675 | val_model raw | lr 0.001000
Epoch 15/60 | train_loss 0.9575 | union_precision 0.6667 | weighted_recall 0.1327 | union_precision 0.6667 | threshold 0.700 | val_model raw | lr 0.001000
Epoch 16/60 | train_loss 0.9414 | union_precision 1.0000 | weighted_recall 0.0853 | union_precision 1.0000 | threshold 0.750 | val_model raw | lr 0.001000
Epoch 17/60 | train_loss 0.9150 | union_precision 1.0000 | weighted_recall 0.0853 | union_precision 1.0000 | threshold 0.750 | val_model raw | lr 0.001000
Epoch 18/60 | train_loss 0.9128 | union_precision 1.0000 | weighted_recall 0.0899 | union_precision 1.0000 | threshold 0.750 | val_model raw | lr 0.001000
Epoch 19/60 | train_loss 0.9001 | union_precision 0.8889 | weighted_recall 0.1540 | union_precision 0.8889 | threshold 0.700 | val_model raw | lr 0.001000
Epoch 20/60 | train_loss 0.8702 | union_precision 0.9000 | weighted_recall 0.1893 | union_precision 0.9000 | threshold 0.700 | val_model raw | lr 0.001000
Epoch 21/60 | train_loss 0.8614 | union_precision 0.9000 | weighted_recall 0.1893 | union_precision 0.9000 | threshold 0.700 | val_model raw | lr 0.001000
Epoch 22/60 | train_loss 0.8281 | union_precision 0.8750 | weighted_recall 0.1693 | union_precision 0.8750 | threshold 0.725 | val_model raw | lr 0.001000
Epoch 23/60 | train_loss 0.8356 | union_precision 1.0000 | weighted_recall 0.0899 | union_precision 1.0000 | threshold 0.800 | val_model raw | lr 0.001000
Epoch 24/60 | train_loss 0.8199 | union_precision 0.8750 | weighted_recall 0.1693 | union_precision 0.8750 | threshold 0.750 | val_model raw | lr 0.001000
Epoch 25/60 | train_loss 0.8096 | union_precision 0.8750 | weighted_recall 0.1693 | union_precision 0.8750 | threshold 0.750 | val_model raw | lr 0.001000
Epoch 26/60 | train_loss 0.7915 | union_precision 1.0000 | weighted_recall 0.1367 | union_precision 1.0000 | threshold 0.800 | val_model raw | lr 0.001000
Epoch 27/60 | train_loss 0.7763 | union_precision 1.0000 | weighted_recall 0.1367 | union_precision 1.0000 | threshold 0.800 | val_model raw | lr 0.001000
Epoch 28/60 | train_loss 0.7622 | union_precision 1.0000 | weighted_recall 0.1367 | union_precision 1.0000 | threshold 0.800 | val_model raw | lr 0.001000
Epoch 29/60 | train_loss 0.7478 | union_precision 1.0000 | weighted_recall 0.1367 | union_precision 1.0000 | threshold 0.800 | val_model raw | lr 0.001000
Epoch 30/60 | train_loss 0.7407 | union_precision 1.0000 | weighted_recall 0.0514 | union_precision 1.0000 | threshold 0.825 | val_model raw | lr 0.001000
Early stopping at epoch 30
Held-out M07-3 | union_precision=0.9000 | weighted_recall=0.1893 | consensus_recall=0.0000
Epoch 1/60 | train_loss 1.5308 | union_precision 1.0000 | weighted_recall 0.1053 | union_precision 1.0000 | threshold 0.575 | val_model raw | lr 0.001000
Epoch 2/60 | train_loss 1.3930 | union_precision 1.0000 | weighted_recall 0.1053 | union_precision 1.0000 | threshold 0.575 | val_model raw | lr 0.001000
Epoch 3/60 | train_loss 1.3159 | union_precision 1.0000 | weighted_recall 0.1053 | union_precision 1.0000 | threshold 0.575 | val_model raw | lr 0.001000
Epoch 4/60 | train_loss 1.2570 | union_precision 1.0000 | weighted_recall 0.1053 | union_precision 1.0000 | threshold 0.575 | val_model raw | lr 0.001000
Epoch 5/60 | train_loss 1.2049 | union_precision 1.0000 | weighted_recall 0.1053 | union_precision 1.0000 | threshold 0.600 | val_model raw | lr 0.001000
Epoch 6/60 | train_loss 1.1866 | union_precision 1.0000 | weighted_recall 0.1053 | union_precision 1.0000 | threshold 0.600 | val_model raw | lr 0.001000
Epoch 7/60 | train_loss 1.1440 | union_precision 1.0000 | weighted_recall 0.1468 | union_precision 1.0000 | threshold 0.600 | val_model raw | lr 0.001000
Epoch 8/60 | train_loss 1.1165 | union_precision 1.0000 | weighted_recall 0.1053 | union_precision 1.0000 | threshold 0.625 | val_model raw | lr 0.001000
Epoch 9/60 | train_loss 1.0941 | union_precision 1.0000 | weighted_recall 0.1935 | union_precision 1.0000 | threshold 0.625 | val_model raw | lr 0.001000
Epoch 10/60 | train_loss 1.0676 | union_precision 1.0000 | weighted_recall 0.1935 | union_precision 1.0000 | threshold 0.650 | val_model raw | lr 0.001000
Epoch 11/60 | train_loss 1.0519 | union_precision 1.0000 | weighted_recall 0.0415 | union_precision 1.0000 | threshold 0.675 | val_model raw | lr 0.001000
Epoch 12/60 | train_loss 1.0151 | union_precision 1.0000 | weighted_recall 0.1935 | union_precision 1.0000 | threshold 0.675 | val_model raw | lr 0.001000
Epoch 13/60 | train_loss 1.0091 | union_precision 1.0000 | weighted_recall 0.0882 | union_precision 1.0000 | threshold 0.700 | val_model raw | lr 0.001000
Epoch 14/60 | train_loss 0.9807 | union_precision 0.8750 | weighted_recall 0.5297 | union_precision 0.8750 | threshold 0.650 | val_model raw | lr 0.001000
Epoch 15/60 | train_loss 0.9580 | union_precision 0.8947 | weighted_recall 0.5779 | union_precision 0.8947 | threshold 0.650 | val_model raw | lr 0.001000
Epoch 16/60 | train_loss 0.9472 | union_precision 0.8500 | weighted_recall 0.5779 | union_precision 0.8500 | threshold 0.650 | val_model raw | lr 0.001000
Epoch 17/60 | train_loss 0.9227 | union_precision 0.8500 | weighted_recall 0.5779 | union_precision 0.8500 | threshold 0.650 | val_model raw | lr 0.001000
Epoch 18/60 | train_loss 0.9205 | union_precision 0.8947 | weighted_recall 0.5779 | union_precision 0.8947 | threshold 0.675 | val_model raw | lr 0.001000
Epoch 19/60 | train_loss 0.9074 | union_precision 0.8636 | weighted_recall 0.5912 | union_precision 0.8636 | threshold 0.650 | val_model raw | lr 0.001000
Epoch 20/60 | train_loss 0.8755 | union_precision 0.8500 | weighted_recall 0.5779 | union_precision 0.8500 | threshold 0.675 | val_model raw | lr 0.001000
Epoch 21/60 | train_loss 0.8644 | union_precision 0.8571 | weighted_recall 0.5860 | union_precision 0.8571 | threshold 0.675 | val_model raw | lr 0.001000
Epoch 22/60 | train_loss 0.8321 | union_precision 0.8500 | weighted_recall 0.5779 | union_precision 0.8500 | threshold 0.700 | val_model raw | lr 0.001000
Epoch 23/60 | train_loss 0.8431 | union_precision 0.8571 | weighted_recall 0.5860 | union_precision 0.8571 | threshold 0.700 | val_model raw | lr 0.001000
Epoch 24/60 | train_loss 0.8229 | union_precision 0.8571 | weighted_recall 0.3700 | union_precision 0.8571 | threshold 0.750 | val_model raw | lr 0.001000
Epoch 25/60 | train_loss 0.8090 | union_precision 0.8667 | weighted_recall 0.4753 | union_precision 0.8667 | threshold 0.750 | val_model raw | lr 0.001000
Epoch 26/60 | train_loss 0.7946 | union_precision 0.8667 | weighted_recall 0.4753 | union_precision 0.8667 | threshold 0.750 | val_model raw | lr 0.001000
Epoch 27/60 | train_loss 0.7806 | union_precision 0.8824 | weighted_recall 0.5427 | union_precision 0.8824 | threshold 0.725 | val_model raw | lr 0.001000
Epoch 28/60 | train_loss 0.7654 | union_precision 0.8824 | weighted_recall 0.5427 | union_precision 0.8824 | threshold 0.725 | val_model raw | lr 0.001000
Epoch 29/60 | train_loss 0.7480 | union_precision 0.8750 | weighted_recall 0.5401 | union_precision 0.8750 | threshold 0.725 | val_model raw | lr 0.001000
Early stopping at epoch 29
Held-out M17-1 | union_precision=0.8636 | weighted_recall=0.5912 | consensus_recall=1.0000
Epoch 1/60 | train_loss 1.5277 | union_precision 1.0000 | weighted_recall 0.1269 | union_precision 1.0000 | threshold 0.625 | val_model raw | lr 0.001000
Epoch 2/60 | train_loss 1.3924 | union_precision 1.0000 | weighted_recall 0.1269 | union_precision 1.0000 | threshold 0.625 | val_model raw | lr 0.001000
Epoch 3/60 | train_loss 1.3156 | union_precision 0.5000 | weighted_recall 0.1269 | union_precision 0.5000 | threshold 0.575 | val_model raw | lr 0.001000
Epoch 4/60 | train_loss 1.2549 | union_precision 0.6250 | weighted_recall 0.2074 | union_precision 0.6250 | threshold 0.575 | val_model raw | lr 0.001000
Epoch 5/60 | train_loss 1.2039 | union_precision 0.5000 | weighted_recall 0.3543 | union_precision 0.5000 | threshold 0.550 | val_model raw | lr 0.001000
Epoch 6/60 | train_loss 1.1825 | union_precision 0.5000 | weighted_recall 0.3543 | union_precision 0.5000 | threshold 0.550 | val_model raw | lr 0.001000
Epoch 7/60 | train_loss 1.1418 | union_precision 0.5714 | weighted_recall 0.2095 | union_precision 0.5714 | threshold 0.600 | val_model raw | lr 0.001000
Epoch 8/60 | train_loss 1.1146 | union_precision 0.5714 | weighted_recall 0.2095 | union_precision 0.5714 | threshold 0.600 | val_model raw | lr 0.001000
Epoch 9/60 | train_loss 1.0915 | union_precision 0.5714 | weighted_recall 0.1707 | union_precision 0.5714 | threshold 0.625 | val_model raw | lr 0.001000
Epoch 10/60 | train_loss 1.0658 | union_precision 0.5714 | weighted_recall 0.2197 | union_precision 0.5714 | threshold 0.625 | val_model raw | lr 0.001000
Epoch 11/60 | train_loss 1.0458 | union_precision 0.5714 | weighted_recall 0.2197 | union_precision 0.5714 | threshold 0.625 | val_model raw | lr 0.001000
Early stopping at epoch 11
Held-out M17-2 | union_precision=1.0000 | weighted_recall=0.1269 | consensus_recall=0.0000
Epoch 1/60 | train_loss 1.5290 | union_precision 1.0000 | weighted_recall 0.0350 | union_precision 1.0000 | threshold 0.625 | val_model raw | lr 0.001000
Epoch 2/60 | train_loss 1.3876 | union_precision 1.0000 | weighted_recall 0.0350 | union_precision 1.0000 | threshold 0.625 | val_model raw | lr 0.001000
Epoch 3/60 | train_loss 1.3144 | union_precision 0.4655 | weighted_recall 0.4066 | union_precision 0.4655 | threshold 0.500 | val_model raw | lr 0.001000
Epoch 4/60 | train_loss 1.2538 | union_precision 0.4762 | weighted_recall 0.3383 | union_precision 0.4762 | threshold 0.525 | val_model raw | lr 0.001000
Epoch 5/60 | train_loss 1.2009 | union_precision 0.4600 | weighted_recall 0.3238 | union_precision 0.4600 | threshold 0.525 | val_model raw | lr 0.001000
Epoch 6/60 | train_loss 1.1768 | union_precision 0.4848 | weighted_recall 0.4726 | union_precision 0.4848 | threshold 0.500 | val_model raw | lr 0.001000
Epoch 7/60 | train_loss 1.1398 | union_precision 1.0000 | weighted_recall 0.0022 | union_precision 1.0000 | threshold 0.675 | val_model raw | lr 0.001000
Epoch 8/60 | train_loss 1.1137 | union_precision 1.0000 | weighted_recall 0.0022 | union_precision 1.0000 | threshold 0.675 | val_model raw | lr 0.001000
Epoch 9/60 | train_loss 1.0880 | union_precision 1.0000 | weighted_recall 0.0022 | union_precision 1.0000 | threshold 0.700 | val_model raw | lr 0.001000
Epoch 10/60 | train_loss 1.0615 | union_precision 1.0000 | weighted_recall 0.0022 | union_precision 1.0000 | threshold 0.700 | val_model raw | lr 0.001000
Epoch 11/60 | train_loss 1.0439 | union_precision 1.0000 | weighted_recall 0.0291 | union_precision 1.0000 | threshold 0.700 | val_model raw | lr 0.001000
Early stopping at epoch 11
Held-out M17-3 | union_precision=1.0000 | weighted_recall=0.0350 | consensus_recall=0.0000
Epoch 1/60 | train_loss 1.5326 | union_precision 0.6667 | weighted_recall 0.0435 | union_precision 0.6667 | threshold 0.575 | val_model raw | lr 0.001000
Epoch 2/60 | train_loss 1.3877 | union_precision 1.0000 | weighted_recall 0.0022 | union_precision 1.0000 | threshold 0.600 | val_model raw | lr 0.001000
Epoch 3/60 | train_loss 1.3203 | union_precision 1.0000 | weighted_recall 0.0435 | union_precision 1.0000 | threshold 0.600 | val_model raw | lr 0.001000
Epoch 4/60 | train_loss 1.2473 | union_precision 1.0000 | weighted_recall 0.0071 | union_precision 1.0000 | threshold 0.625 | val_model raw | lr 0.001000
Epoch 5/60 | train_loss 1.1969 | union_precision 1.0000 | weighted_recall 0.0592 | union_precision 1.0000 | threshold 0.625 | val_model raw | lr 0.001000
Epoch 6/60 | train_loss 1.1727 | union_precision 1.0000 | weighted_recall 0.0549 | union_precision 1.0000 | threshold 0.650 | val_model raw | lr 0.001000
Epoch 7/60 | train_loss 1.1370 | union_precision 1.0000 | weighted_recall 0.0549 | union_precision 1.0000 | threshold 0.650 | val_model raw | lr 0.001000
Epoch 8/60 | train_loss 1.1063 | union_precision 1.0000 | weighted_recall 0.0549 | union_precision 1.0000 | threshold 0.650 | val_model raw | lr 0.001000
Epoch 9/60 | train_loss 1.0859 | union_precision 0.8750 | weighted_recall 0.0667 | union_precision 0.8750 | threshold 0.625 | val_model raw | lr 0.001000
Epoch 10/60 | train_loss 1.0550 | union_precision 1.0000 | weighted_recall 0.0571 | union_precision 1.0000 | threshold 0.650 | val_model raw | lr 0.001000
Epoch 11/60 | train_loss 1.0398 | union_precision 1.0000 | weighted_recall 0.0528 | union_precision 1.0000 | threshold 0.675 | val_model raw | lr 0.001000
Epoch 12/60 | train_loss 0.9989 | union_precision 1.0000 | weighted_recall 0.0528 | union_precision 1.0000 | threshold 0.675 | val_model raw | lr 0.001000
Epoch 13/60 | train_loss 0.9990 | union_precision 0.8750 | weighted_recall 0.0652 | union_precision 0.8750 | threshold 0.675 | val_model raw | lr 0.001000
Epoch 14/60 | train_loss 0.9656 | union_precision 1.0000 | weighted_recall 0.0555 | union_precision 1.0000 | threshold 0.700 | val_model raw | lr 0.001000
Epoch 15/60 | train_loss 0.9444 | union_precision 1.0000 | weighted_recall 0.0748 | union_precision 1.0000 | threshold 0.700 | val_model raw | lr 0.001000
Epoch 16/60 | train_loss 0.9344 | union_precision 0.9000 | weighted_recall 0.0748 | union_precision 0.9000 | threshold 0.700 | val_model raw | lr 0.001000
Epoch 17/60 | train_loss 0.9124 | union_precision 0.8571 | weighted_recall 0.0839 | union_precision 0.8571 | threshold 0.700 | val_model raw | lr 0.001000
Epoch 18/60 | train_loss 0.9097 | union_precision 0.8667 | weighted_recall 0.0882 | union_precision 0.8667 | threshold 0.700 | val_model raw | lr 0.001000
Epoch 19/60 | train_loss 0.8900 | union_precision 0.8750 | weighted_recall 0.0979 | union_precision 0.8750 | threshold 0.700 | val_model raw | lr 0.001000
Epoch 20/60 | train_loss 0.8614 | union_precision 0.8571 | weighted_recall 0.0860 | union_precision 0.8571 | threshold 0.725 | val_model raw | lr 0.001000
Epoch 21/60 | train_loss 0.8560 | union_precision 1.0000 | weighted_recall 0.0630 | union_precision 1.0000 | threshold 0.800 | val_model raw | lr 0.001000
Epoch 22/60 | train_loss 0.8213 | union_precision 1.0000 | weighted_recall 0.0603 | union_precision 1.0000 | threshold 0.825 | val_model raw | lr 0.001000
Epoch 23/60 | train_loss 0.8338 | union_precision 1.0000 | weighted_recall 0.0603 | union_precision 1.0000 | threshold 0.825 | val_model raw | lr 0.001000
Epoch 24/60 | train_loss 0.8127 | union_precision 0.8571 | weighted_recall 0.0658 | union_precision 0.8571 | threshold 0.825 | val_model raw | lr 0.001000
Epoch 25/60 | train_loss 0.8017 | union_precision 1.0000 | weighted_recall 0.0124 | union_precision 1.0000 | threshold 0.850 | val_model raw | lr 0.001000
Epoch 26/60 | train_loss 0.7886 | union_precision 1.0000 | weighted_recall 0.0124 | union_precision 1.0000 | threshold 0.850 | val_model raw | lr 0.001000
Epoch 27/60 | train_loss 0.7769 | union_precision 0.8571 | weighted_recall 0.0693 | union_precision 0.8571 | threshold 0.775 | val_model raw | lr 0.001000
Epoch 28/60 | train_loss 0.7621 | union_precision 0.8571 | weighted_recall 0.0693 | union_precision 0.8571 | threshold 0.775 | val_model raw | lr 0.001000
Epoch 29/60 | train_loss 0.7387 | union_precision 0.8571 | weighted_recall 0.0693 | union_precision 0.8571 | threshold 0.775 | val_model raw | lr 0.001000
Early stopping at epoch 29
Held-out M17-4 | union_precision=0.8750 | weighted_recall=0.0979 | consensus_recall=0.0000
Epoch 1/60 | train_loss 1.5308 | union_precision 0.6000 | weighted_recall 0.2869 | union_precision 0.6000 | threshold 0.525 | val_model raw | lr 0.001000
Epoch 2/60 | train_loss 1.3899 | union_precision 0.6667 | weighted_recall 0.1818 | union_precision 0.6667 | threshold 0.550 | val_model raw | lr 0.001000
Epoch 3/60 | train_loss 1.3213 | union_precision 0.5862 | weighted_recall 0.3600 | union_precision 0.5862 | threshold 0.525 | val_model raw | lr 0.001000
Epoch 4/60 | train_loss 1.2506 | union_precision 0.6667 | weighted_recall 0.0280 | union_precision 0.6667 | threshold 0.625 | val_model raw | lr 0.001000
Epoch 5/60 | train_loss 1.1990 | union_precision 0.8000 | weighted_recall 0.0466 | union_precision 0.8000 | threshold 0.625 | val_model raw | lr 0.001000
Epoch 6/60 | train_loss 1.1798 | union_precision 0.8000 | weighted_recall 0.0466 | union_precision 0.8000 | threshold 0.650 | val_model raw | lr 0.001000
Epoch 7/60 | train_loss 1.1409 | union_precision 0.8000 | weighted_recall 0.0466 | union_precision 0.8000 | threshold 0.650 | val_model raw | lr 0.001000
Epoch 8/60 | train_loss 1.1110 | union_precision 1.0000 | weighted_recall 0.0466 | union_precision 1.0000 | threshold 0.700 | val_model raw | lr 0.001000
Epoch 9/60 | train_loss 1.0875 | union_precision 0.8889 | weighted_recall 0.1532 | union_precision 0.8889 | threshold 0.650 | val_model raw | lr 0.001000
Epoch 10/60 | train_loss 1.0581 | union_precision 0.9000 | weighted_recall 0.1823 | union_precision 0.9000 | threshold 0.650 | val_model raw | lr 0.001000
Epoch 11/60 | train_loss 1.0425 | union_precision 0.9000 | weighted_recall 0.1823 | union_precision 0.9000 | threshold 0.650 | val_model raw | lr 0.001000
Epoch 12/60 | train_loss 1.0054 | union_precision 0.9000 | weighted_recall 0.1823 | union_precision 0.9000 | threshold 0.675 | val_model raw | lr 0.001000
Epoch 13/60 | train_loss 1.0032 | union_precision 1.0000 | weighted_recall 0.1532 | union_precision 1.0000 | threshold 0.700 | val_model raw | lr 0.001000
Epoch 14/60 | train_loss 0.9714 | union_precision 0.8889 | weighted_recall 0.1506 | union_precision 0.8889 | threshold 0.700 | val_model raw | lr 0.001000
Epoch 15/60 | train_loss 0.9493 | union_precision 0.8889 | weighted_recall 0.1506 | union_precision 0.8889 | threshold 0.700 | val_model raw | lr 0.001000
Epoch 16/60 | train_loss 0.9407 | union_precision 0.9091 | weighted_recall 0.1599 | union_precision 0.9091 | threshold 0.700 | val_model raw | lr 0.001000
Epoch 17/60 | train_loss 0.9168 | union_precision 0.9091 | weighted_recall 0.1599 | union_precision 0.9091 | threshold 0.700 | val_model raw | lr 0.001000
Epoch 18/60 | train_loss 0.9131 | union_precision 0.9091 | weighted_recall 0.1599 | union_precision 0.9091 | threshold 0.700 | val_model raw | lr 0.001000
Epoch 19/60 | train_loss 0.8958 | union_precision 0.8571 | weighted_recall 0.3743 | union_precision 0.8571 | threshold 0.625 | val_model raw | lr 0.001000
Epoch 20/60 | train_loss 0.8659 | union_precision 0.8750 | weighted_recall 0.5001 | union_precision 0.8750 | threshold 0.600 | val_model raw | lr 0.001000
Epoch 21/60 | train_loss 0.8600 | union_precision 0.8750 | weighted_recall 0.5001 | union_precision 0.8750 | threshold 0.600 | val_model raw | lr 0.001000
Epoch 22/60 | train_loss 0.8266 | union_precision 0.8750 | weighted_recall 0.5001 | union_precision 0.8750 | threshold 0.600 | val_model raw | lr 0.001000
Epoch 23/60 | train_loss 0.8365 | union_precision 0.8667 | weighted_recall 0.4908 | union_precision 0.8667 | threshold 0.600 | val_model raw | lr 0.001000
Epoch 24/60 | train_loss 0.8162 | union_precision 0.8750 | weighted_recall 0.5001 | union_precision 0.8750 | threshold 0.600 | val_model raw | lr 0.001000
Epoch 25/60 | train_loss 0.8074 | union_precision 0.8750 | weighted_recall 0.5001 | union_precision 0.8750 | threshold 0.600 | val_model raw | lr 0.001000
Epoch 26/60 | train_loss 0.7899 | union_precision 0.8750 | weighted_recall 0.5001 | union_precision 0.8750 | threshold 0.600 | val_model raw | lr 0.001000
Epoch 27/60 | train_loss 0.7813 | union_precision 0.8750 | weighted_recall 0.5001 | union_precision 0.8750 | threshold 0.600 | val_model raw | lr 0.001000
Epoch 28/60 | train_loss 0.7689 | union_precision 0.8750 | weighted_recall 0.5001 | union_precision 0.8750 | threshold 0.600 | val_model raw | lr 0.001000
Epoch 29/60 | train_loss 0.7469 | union_precision 0.8750 | weighted_recall 0.5001 | union_precision 0.8750 | threshold 0.600 | val_model raw | lr 0.001000
Epoch 30/60 | train_loss 0.7382 | union_precision 0.8750 | weighted_recall 0.5001 | union_precision 0.8750 | threshold 0.600 | val_model raw | lr 0.001000
Early stopping at epoch 30
Held-out M24-1 | union_precision=0.8750 | weighted_recall=0.5001 | consensus_recall=0.0000
Epoch 1/60 | train_loss 1.5328 | union_precision 0.5000 | weighted_recall 0.0179 | union_precision 0.5000 | threshold 0.625 | val_model raw | lr 0.001000
Epoch 2/60 | train_loss 1.3890 | union_precision 0.5000 | weighted_recall 0.0157 | union_precision 0.5000 | threshold 0.625 | val_model raw | lr 0.001000
Epoch 3/60 | train_loss 1.3186 | union_precision 0.6667 | weighted_recall 0.0224 | union_precision 0.6667 | threshold 0.650 | val_model raw | lr 0.001000
Epoch 4/60 | train_loss 1.2480 | union_precision 0.6667 | weighted_recall 0.0224 | union_precision 0.6667 | threshold 0.675 | val_model raw | lr 0.001000
Epoch 5/60 | train_loss 1.1981 | union_precision 1.0000 | weighted_recall 0.0157 | union_precision 1.0000 | threshold 0.725 | val_model raw | lr 0.001000
Epoch 6/60 | train_loss 1.1776 | union_precision 0.5000 | weighted_recall 0.0224 | union_precision 0.5000 | threshold 0.675 | val_model raw | lr 0.001000
Epoch 7/60 | train_loss 1.1417 | union_precision 0.5000 | weighted_recall 0.0224 | union_precision 0.5000 | threshold 0.675 | val_model raw | lr 0.001000
Epoch 8/60 | train_loss 1.1079 | union_precision 0.5667 | weighted_recall 0.2767 | union_precision 0.5667 | threshold 0.525 | val_model raw | lr 0.001000
Epoch 9/60 | train_loss 1.0856 | union_precision 0.5862 | weighted_recall 0.2767 | union_precision 0.5862 | threshold 0.525 | val_model raw | lr 0.001000
Epoch 10/60 | train_loss 1.0567 | union_precision 0.5862 | weighted_recall 0.2856 | union_precision 0.5862 | threshold 0.525 | val_model raw | lr 0.001000
Epoch 11/60 | train_loss 1.0404 | union_precision 0.5833 | weighted_recall 0.0864 | union_precision 0.5833 | threshold 0.575 | val_model raw | lr 0.001000
Epoch 12/60 | train_loss 1.0023 | union_precision 0.5714 | weighted_recall 0.1267 | union_precision 0.5714 | threshold 0.575 | val_model raw | lr 0.001000
Epoch 13/60 | train_loss 0.9983 | union_precision 1.0000 | weighted_recall 0.0179 | union_precision 1.0000 | threshold 0.750 | val_model raw | lr 0.001000
Epoch 14/60 | train_loss 0.9694 | union_precision 1.0000 | weighted_recall 0.0179 | union_precision 1.0000 | threshold 0.750 | val_model raw | lr 0.001000
Epoch 15/60 | train_loss 0.9493 | union_precision 1.0000 | weighted_recall 0.0179 | union_precision 1.0000 | threshold 0.750 | val_model raw | lr 0.001000
Epoch 16/60 | train_loss 0.9366 | union_precision 1.0000 | weighted_recall 0.0179 | union_precision 1.0000 | threshold 0.750 | val_model raw | lr 0.001000
Epoch 17/60 | train_loss 0.9075 | union_precision 0.6667 | weighted_recall 0.0582 | union_precision 0.6667 | threshold 0.625 | val_model raw | lr 0.001000
Epoch 18/60 | train_loss 0.9100 | union_precision 0.6250 | weighted_recall 0.0739 | union_precision 0.6250 | threshold 0.625 | val_model raw | lr 0.001000
Epoch 19/60 | train_loss 0.8948 | union_precision 1.0000 | weighted_recall 0.0157 | union_precision 1.0000 | threshold 0.750 | val_model raw | lr 0.001000
Epoch 20/60 | train_loss 0.8613 | union_precision 1.0000 | weighted_recall 0.0157 | union_precision 1.0000 | threshold 0.725 | val_model raw | lr 0.001000
Epoch 21/60 | train_loss 0.8533 | union_precision 1.0000 | weighted_recall 0.0157 | union_precision 1.0000 | threshold 0.725 | val_model raw | lr 0.001000
Epoch 22/60 | train_loss 0.8174 | union_precision 0.5882 | weighted_recall 0.1267 | union_precision 0.5882 | threshold 0.600 | val_model raw | lr 0.001000
Epoch 23/60 | train_loss 0.8317 | union_precision 0.6000 | weighted_recall 0.0919 | union_precision 0.6000 | threshold 0.625 | val_model raw | lr 0.001000
Early stopping at epoch 23
Held-out M24-2 | union_precision=1.0000 | weighted_recall=0.0179 | consensus_recall=0.0000
Epoch 1/60 | train_loss 1.5328 | union_precision 0.6667 | weighted_recall 0.0141 | union_precision 0.6667 | threshold 0.600 | val_model raw | lr 0.001000
Epoch 2/60 | train_loss 1.3936 | union_precision 1.0000 | weighted_recall 0.0141 | union_precision 1.0000 | threshold 0.650 | val_model raw | lr 0.001000
Epoch 3/60 | train_loss 1.3217 | union_precision 1.0000 | weighted_recall 0.0141 | union_precision 1.0000 | threshold 0.700 | val_model raw | lr 0.001000
Epoch 4/60 | train_loss 1.2483 | union_precision 1.0000 | weighted_recall 0.0141 | union_precision 1.0000 | threshold 0.700 | val_model raw | lr 0.001000
Epoch 5/60 | train_loss 1.2005 | union_precision 1.0000 | weighted_recall 0.0141 | union_precision 1.0000 | threshold 0.725 | val_model raw | lr 0.001000
Epoch 6/60 | train_loss 1.1770 | union_precision 1.0000 | weighted_recall 0.0141 | union_precision 1.0000 | threshold 0.700 | val_model raw | lr 0.001000
Epoch 7/60 | train_loss 1.1454 | union_precision 1.0000 | weighted_recall 0.0141 | union_precision 1.0000 | threshold 0.700 | val_model raw | lr 0.001000
Epoch 8/60 | train_loss 1.1106 | union_precision 1.0000 | weighted_recall 0.0141 | union_precision 1.0000 | threshold 0.700 | val_model raw | lr 0.001000
Epoch 9/60 | train_loss 1.0896 | union_precision 1.0000 | weighted_recall 0.0141 | union_precision 1.0000 | threshold 0.700 | val_model raw | lr 0.001000
Epoch 10/60 | train_loss 1.0622 | union_precision 1.0000 | weighted_recall 0.0141 | union_precision 1.0000 | threshold 0.725 | val_model raw | lr 0.001000
Epoch 11/60 | train_loss 1.0420 | union_precision 1.0000 | weighted_recall 0.0141 | union_precision 1.0000 | threshold 0.725 | val_model raw | lr 0.001000
Epoch 12/60 | train_loss 1.0086 | union_precision 1.0000 | weighted_recall 0.0141 | union_precision 1.0000 | threshold 0.725 | val_model raw | lr 0.001000
Early stopping at epoch 12
Held-out M24-3 | union_precision=1.0000 | weighted_recall=0.0141 | consensus_recall=0.0000
Epoch 1/60 | train_loss 1.5380 | union_precision 0.7500 | weighted_recall 0.0088 | union_precision 0.7500 | threshold 0.600 | val_model raw | lr 0.001000
Epoch 2/60 | train_loss 1.3997 | union_precision 0.7500 | weighted_recall 0.0088 | union_precision 0.7500 | threshold 0.600 | val_model raw | lr 0.001000
Epoch 3/60 | train_loss 1.3248 | union_precision 0.6667 | weighted_recall 0.0050 | union_precision 0.6667 | threshold 0.625 | val_model raw | lr 0.001000
Epoch 4/60 | train_loss 1.2494 | union_precision 0.6667 | weighted_recall 0.0050 | union_precision 0.6667 | threshold 0.625 | val_model raw | lr 0.001000
Epoch 5/60 | train_loss 1.2001 | union_precision 0.6667 | weighted_recall 0.0050 | union_precision 0.6667 | threshold 0.625 | val_model raw | lr 0.001000
Epoch 6/60 | train_loss 1.1693 | union_precision 0.6667 | weighted_recall 0.0050 | union_precision 0.6667 | threshold 0.625 | val_model raw | lr 0.001000
Epoch 7/60 | train_loss 1.1435 | union_precision 0.6667 | weighted_recall 0.0050 | union_precision 0.6667 | threshold 0.650 | val_model raw | lr 0.001000
Epoch 8/60 | train_loss 1.1045 | union_precision 0.7500 | weighted_recall 0.0074 | union_precision 0.7500 | threshold 0.650 | val_model raw | lr 0.001000
Epoch 9/60 | train_loss 1.0848 | union_precision 1.0000 | weighted_recall 0.0050 | union_precision 1.0000 | threshold 0.675 | val_model raw | lr 0.001000
Epoch 10/60 | train_loss 1.0575 | union_precision 1.0000 | weighted_recall 0.0074 | union_precision 1.0000 | threshold 0.675 | val_model raw | lr 0.001000
Epoch 11/60 | train_loss 1.0385 | union_precision 1.0000 | weighted_recall 0.0293 | union_precision 1.0000 | threshold 0.700 | val_model raw | lr 0.001000
Epoch 12/60 | train_loss 1.0099 | union_precision 1.0000 | weighted_recall 0.0478 | union_precision 1.0000 | threshold 0.700 | val_model raw | lr 0.001000
Epoch 13/60 | train_loss 0.9994 | union_precision 1.0000 | weighted_recall 0.0368 | union_precision 1.0000 | threshold 0.725 | val_model raw | lr 0.001000
Epoch 14/60 | train_loss 0.9740 | union_precision 1.0000 | weighted_recall 0.0318 | union_precision 1.0000 | threshold 0.750 | val_model raw | lr 0.001000
Epoch 15/60 | train_loss 0.9520 | union_precision 1.0000 | weighted_recall 0.0318 | union_precision 1.0000 | threshold 0.775 | val_model raw | lr 0.001000
Epoch 16/60 | train_loss 0.9386 | union_precision 1.0000 | weighted_recall 0.0428 | union_precision 1.0000 | threshold 0.775 | val_model raw | lr 0.001000
Epoch 17/60 | train_loss 0.9120 | union_precision 1.0000 | weighted_recall 0.0428 | union_precision 1.0000 | threshold 0.775 | val_model raw | lr 0.001000
Epoch 18/60 | train_loss 0.9084 | union_precision 0.8571 | weighted_recall 0.0623 | union_precision 0.8571 | threshold 0.775 | val_model raw | lr 0.001000
Epoch 19/60 | train_loss 0.8943 | union_precision 1.0000 | weighted_recall 0.0076 | union_precision 1.0000 | threshold 0.825 | val_model raw | lr 0.001000
Epoch 20/60 | train_loss 0.8610 | union_precision 1.0000 | weighted_recall 0.0076 | union_precision 1.0000 | threshold 0.825 | val_model raw | lr 0.001000
Epoch 21/60 | train_loss 0.8592 | union_precision 1.0000 | weighted_recall 0.0076 | union_precision 1.0000 | threshold 0.850 | val_model raw | lr 0.001000
Epoch 22/60 | train_loss 0.8249 | union_precision 1.0000 | weighted_recall 0.0076 | union_precision 1.0000 | threshold 0.850 | val_model raw | lr 0.001000
Epoch 23/60 | train_loss 0.8349 | union_precision 0.7500 | weighted_recall 0.0331 | union_precision 0.7500 | threshold 0.825 | val_model raw | lr 0.001000
Epoch 24/60 | train_loss 0.8138 | union_precision 0.6667 | weighted_recall 0.0221 | union_precision 0.6667 | threshold 0.850 | val_model raw | lr 0.001000
Epoch 25/60 | train_loss 0.8025 | union_precision 1.0000 | weighted_recall 0.0146 | union_precision 1.0000 | threshold 0.875 | val_model raw | lr 0.001000
Epoch 26/60 | train_loss 0.7879 | union_precision 1.0000 | weighted_recall 0.0146 | union_precision 1.0000 | threshold 0.875 | val_model raw | lr 0.001000
Epoch 27/60 | train_loss 0.7782 | union_precision 1.0000 | weighted_recall 0.0146 | union_precision 1.0000 | threshold 0.875 | val_model raw | lr 0.001000
Epoch 28/60 | train_loss 0.7604 | union_precision 1.0000 | weighted_recall 0.0146 | union_precision 1.0000 | threshold 0.875 | val_model raw | lr 0.001000
Early stopping at epoch 28
Held-out M24-4 | union_precision=0.8571 | weighted_recall=0.0623 | consensus_recall=0.0000
Epoch 1/60 | train_loss 1.5300 | union_precision 0.6667 | weighted_recall 0.0739 | union_precision 0.6667 | threshold 0.550 | val_model raw | lr 0.001000
Epoch 2/60 | train_loss 1.4012 | union_precision 1.0000 | weighted_recall 0.0511 | union_precision 1.0000 | threshold 0.650 | val_model raw | lr 0.001000
Epoch 3/60 | train_loss 1.3237 | union_precision 0.8333 | weighted_recall 0.1227 | union_precision 0.8333 | threshold 0.575 | val_model raw | lr 0.001000
Epoch 4/60 | train_loss 1.2506 | union_precision 0.8333 | weighted_recall 0.1227 | union_precision 0.8333 | threshold 0.575 | val_model raw | lr 0.001000
Epoch 5/60 | train_loss 1.2052 | union_precision 0.8333 | weighted_recall 0.1227 | union_precision 0.8333 | threshold 0.575 | val_model raw | lr 0.001000
Epoch 6/60 | train_loss 1.1712 | union_precision 0.8333 | weighted_recall 0.1227 | union_precision 0.8333 | threshold 0.600 | val_model raw | lr 0.001000
Epoch 7/60 | train_loss 1.1467 | union_precision 0.8333 | weighted_recall 0.1227 | union_precision 0.8333 | threshold 0.600 | val_model raw | lr 0.001000
Epoch 8/60 | train_loss 1.1106 | union_precision 0.7500 | weighted_recall 0.2199 | union_precision 0.7500 | threshold 0.625 | val_model raw | lr 0.001000
Epoch 9/60 | train_loss 1.0884 | union_precision 0.7500 | weighted_recall 0.2199 | union_precision 0.7500 | threshold 0.625 | val_model raw | lr 0.001000
Epoch 10/60 | train_loss 1.0628 | union_precision 0.6667 | weighted_recall 0.3983 | union_precision 0.6667 | threshold 0.600 | val_model raw | lr 0.001000
Epoch 11/60 | train_loss 1.0436 | union_precision 0.7143 | weighted_recall 0.3910 | union_precision 0.7143 | threshold 0.625 | val_model raw | lr 0.001000
Epoch 12/60 | train_loss 1.0147 | union_precision 0.6000 | weighted_recall 0.3764 | union_precision 0.6000 | threshold 0.650 | val_model raw | lr 0.001000
Early stopping at epoch 12
Held-out M30-1 | union_precision=1.0000 | weighted_recall=0.0511 | consensus_recall=0.0000
Epoch 1/60 | train_loss 1.5320 | union_precision 0.3462 | weighted_recall 0.4454 | union_precision 0.3462 | threshold 0.050 | val_model raw | lr 0.001000
Epoch 2/60 | train_loss 1.4007 | union_precision 0.3077 | weighted_recall 0.3341 | union_precision 0.3077 | threshold 0.475 | val_model raw | lr 0.001000
Epoch 3/60 | train_loss 1.3251 | union_precision 0.5000 | weighted_recall 0.0803 | union_precision 0.5000 | threshold 0.575 | val_model raw | lr 0.001000
Epoch 4/60 | train_loss 1.2512 | union_precision 0.5000 | weighted_recall 0.0803 | union_precision 0.5000 | threshold 0.575 | val_model raw | lr 0.001000
Epoch 5/60 | train_loss 1.2068 | union_precision 0.5000 | weighted_recall 0.1889 | union_precision 0.5000 | threshold 0.550 | val_model raw | lr 0.001000
Epoch 6/60 | train_loss 1.1724 | union_precision 0.6667 | weighted_recall 0.1842 | union_precision 0.6667 | threshold 0.575 | val_model raw | lr 0.001000
Epoch 7/60 | train_loss 1.1488 | union_precision 0.7143 | weighted_recall 0.2692 | union_precision 0.7143 | threshold 0.575 | val_model raw | lr 0.001000
Epoch 8/60 | train_loss 1.1120 | union_precision 0.7500 | weighted_recall 0.2597 | union_precision 0.7500 | threshold 0.600 | val_model raw | lr 0.001000
Epoch 9/60 | train_loss 1.0880 | union_precision 0.8000 | weighted_recall 0.2645 | union_precision 0.8000 | threshold 0.600 | val_model raw | lr 0.001000
Epoch 10/60 | train_loss 1.0654 | union_precision 0.8000 | weighted_recall 0.2645 | union_precision 0.8000 | threshold 0.600 | val_model raw | lr 0.001000
Epoch 11/60 | train_loss 1.0456 | union_precision 0.8571 | weighted_recall 0.3070 | union_precision 0.8571 | threshold 0.600 | val_model raw | lr 0.001000
Epoch 12/60 | train_loss 1.0163 | union_precision 1.0000 | weighted_recall 0.1795 | union_precision 1.0000 | threshold 0.750 | val_model raw | lr 0.001000
Epoch 13/60 | train_loss 1.0064 | union_precision 1.0000 | weighted_recall 0.1795 | union_precision 1.0000 | threshold 0.750 | val_model raw | lr 0.001000
Epoch 14/60 | train_loss 0.9757 | union_precision 1.0000 | weighted_recall 0.2597 | union_precision 1.0000 | threshold 0.750 | val_model raw | lr 0.001000
Epoch 15/60 | train_loss 0.9575 | union_precision 0.8571 | weighted_recall 0.3636 | union_precision 0.8571 | threshold 0.650 | val_model raw | lr 0.001000
Epoch 16/60 | train_loss 0.9444 | union_precision 0.8571 | weighted_recall 0.3636 | union_precision 0.8571 | threshold 0.650 | val_model raw | lr 0.001000
Epoch 17/60 | train_loss 0.9155 | union_precision 1.0000 | weighted_recall 0.2597 | union_precision 1.0000 | threshold 0.750 | val_model raw | lr 0.001000
Epoch 18/60 | train_loss 0.9141 | union_precision 0.8571 | weighted_recall 0.3636 | union_precision 0.8571 | threshold 0.675 | val_model raw | lr 0.001000
Epoch 19/60 | train_loss 0.8985 | union_precision 1.0000 | weighted_recall 0.2834 | union_precision 1.0000 | threshold 0.725 | val_model raw | lr 0.001000
Epoch 20/60 | train_loss 0.8677 | union_precision 1.0000 | weighted_recall 0.2834 | union_precision 1.0000 | threshold 0.725 | val_model raw | lr 0.001000
Epoch 21/60 | train_loss 0.8636 | union_precision 1.0000 | weighted_recall 0.3447 | union_precision 1.0000 | threshold 0.725 | val_model raw | lr 0.001000
Epoch 22/60 | train_loss 0.8292 | union_precision 1.0000 | weighted_recall 0.4250 | union_precision 1.0000 | threshold 0.700 | val_model raw | lr 0.001000
Epoch 23/60 | train_loss 0.8352 | union_precision 1.0000 | weighted_recall 0.3447 | union_precision 1.0000 | threshold 0.725 | val_model raw | lr 0.001000
Epoch 24/60 | train_loss 0.8168 | union_precision 1.0000 | weighted_recall 0.3447 | union_precision 1.0000 | threshold 0.725 | val_model raw | lr 0.001000
Epoch 25/60 | train_loss 0.8074 | union_precision 1.0000 | weighted_recall 0.3447 | union_precision 1.0000 | threshold 0.750 | val_model raw | lr 0.001000
Epoch 26/60 | train_loss 0.7950 | union_precision 1.0000 | weighted_recall 0.3447 | union_precision 1.0000 | threshold 0.750 | val_model raw | lr 0.001000
Epoch 27/60 | train_loss 0.7797 | union_precision 1.0000 | weighted_recall 0.3447 | union_precision 1.0000 | threshold 0.775 | val_model raw | lr 0.001000
Epoch 28/60 | train_loss 0.7659 | union_precision 1.0000 | weighted_recall 0.3447 | union_precision 1.0000 | threshold 0.775 | val_model raw | lr 0.001000
Epoch 29/60 | train_loss 0.7462 | union_precision 1.0000 | weighted_recall 0.3447 | union_precision 1.0000 | threshold 0.775 | val_model raw | lr 0.001000
Epoch 30/60 | train_loss 0.7397 | union_precision 1.0000 | weighted_recall 0.2834 | union_precision 1.0000 | threshold 0.800 | val_model raw | lr 0.001000
Epoch 31/60 | train_loss 0.7219 | union_precision 1.0000 | weighted_recall 0.2834 | union_precision 1.0000 | threshold 0.800 | val_model raw | lr 0.001000
Epoch 32/60 | train_loss 0.7173 | union_precision 1.0000 | weighted_recall 0.2834 | union_precision 1.0000 | threshold 0.800 | val_model raw | lr 0.001000
Early stopping at epoch 32
Held-out M30-2 | union_precision=1.0000 | weighted_recall=0.4250 | consensus_recall=0.0000
Epoch 1/60 | train_loss 1.5314 | union_precision 0.5000 | weighted_recall 0.0227 | union_precision 0.5000 | threshold 0.600 | val_model raw | lr 0.001000
Epoch 2/60 | train_loss 1.3994 | union_precision 0.4872 | weighted_recall 0.2378 | union_precision 0.4872 | threshold 0.450 | val_model raw | lr 0.001000
Epoch 3/60 | train_loss 1.3237 | union_precision 0.6562 | weighted_recall 0.3752 | union_precision 0.6562 | threshold 0.500 | val_model raw | lr 0.001000
Epoch 4/60 | train_loss 1.2516 | union_precision 0.6667 | weighted_recall 0.3524 | union_precision 0.6667 | threshold 0.525 | val_model raw | lr 0.001000
Epoch 5/60 | train_loss 1.2049 | union_precision 0.6923 | weighted_recall 0.4214 | union_precision 0.6923 | threshold 0.550 | val_model raw | lr 0.001000
Epoch 6/60 | train_loss 1.1713 | union_precision 0.6774 | weighted_recall 0.4448 | union_precision 0.6774 | threshold 0.525 | val_model raw | lr 0.001000
Epoch 7/60 | train_loss 1.1462 | union_precision 0.7273 | weighted_recall 0.4575 | union_precision 0.7273 | threshold 0.525 | val_model raw | lr 0.001000
Epoch 8/60 | train_loss 1.1077 | union_precision 0.7500 | weighted_recall 0.4392 | union_precision 0.7500 | threshold 0.600 | val_model raw | lr 0.001000
Epoch 9/60 | train_loss 1.0850 | union_precision 0.7143 | weighted_recall 0.4226 | union_precision 0.7143 | threshold 0.600 | val_model raw | lr 0.001000
Epoch 10/60 | train_loss 1.0609 | union_precision 0.7037 | weighted_recall 0.4205 | union_precision 0.7037 | threshold 0.625 | val_model raw | lr 0.001000
Epoch 11/60 | train_loss 1.0401 | union_precision 0.7222 | weighted_recall 0.3137 | union_precision 0.7222 | threshold 0.675 | val_model raw | lr 0.001000
Epoch 12/60 | train_loss 1.0120 | union_precision 0.7188 | weighted_recall 0.4521 | union_precision 0.7188 | threshold 0.575 | val_model raw | lr 0.001000
Epoch 13/60 | train_loss 0.9996 | union_precision 0.7143 | weighted_recall 0.2520 | union_precision 0.7143 | threshold 0.700 | val_model raw | lr 0.001000
Epoch 14/60 | train_loss 0.9679 | union_precision 0.7143 | weighted_recall 0.2520 | union_precision 0.7143 | threshold 0.700 | val_model raw | lr 0.001000
Epoch 15/60 | train_loss 0.9516 | union_precision 0.7143 | weighted_recall 0.2520 | union_precision 0.7143 | threshold 0.700 | val_model raw | lr 0.001000
Epoch 16/60 | train_loss 0.9389 | union_precision 0.7143 | weighted_recall 0.2520 | union_precision 0.7143 | threshold 0.700 | val_model raw | lr 0.001000
Epoch 17/60 | train_loss 0.9107 | union_precision 1.0000 | weighted_recall 0.0083 | union_precision 1.0000 | threshold 0.875 | val_model raw | lr 0.001000
Epoch 18/60 | train_loss 0.9064 | union_precision 1.0000 | weighted_recall 0.0083 | union_precision 1.0000 | threshold 0.900 | val_model raw | lr 0.001000
Epoch 19/60 | train_loss 0.8901 | union_precision 1.0000 | weighted_recall 0.0083 | union_precision 1.0000 | threshold 0.900 | val_model raw | lr 0.001000
Epoch 20/60 | train_loss 0.8626 | union_precision 0.8571 | weighted_recall 0.1816 | union_precision 0.8571 | threshold 0.850 | val_model raw | lr 0.001000
Epoch 21/60 | train_loss 0.8543 | union_precision 0.8571 | weighted_recall 0.1816 | union_precision 0.8571 | threshold 0.850 | val_model raw | lr 0.001000
Epoch 22/60 | train_loss 0.8243 | union_precision 1.0000 | weighted_recall 0.1816 | union_precision 1.0000 | threshold 0.850 | val_model raw | lr 0.001000
Epoch 23/60 | train_loss 0.8282 | union_precision 0.8750 | weighted_recall 0.1878 | union_precision 0.8750 | threshold 0.825 | val_model raw | lr 0.001000
Epoch 24/60 | train_loss 0.8121 | union_precision 0.8750 | weighted_recall 0.1878 | union_precision 0.8750 | threshold 0.825 | val_model raw | lr 0.001000
Epoch 25/60 | train_loss 0.7997 | union_precision 0.9000 | weighted_recall 0.2427 | union_precision 0.9000 | threshold 0.800 | val_model raw | lr 0.001000
Epoch 26/60 | train_loss 0.7897 | union_precision 0.8750 | weighted_recall 0.1878 | union_precision 0.8750 | threshold 0.825 | val_model raw | lr 0.001000
Epoch 27/60 | train_loss 0.7757 | union_precision 0.8889 | weighted_recall 0.2168 | union_precision 0.8889 | threshold 0.825 | val_model raw | lr 0.001000
Epoch 28/60 | train_loss 0.7562 | union_precision 0.9091 | weighted_recall 0.2448 | union_precision 0.9091 | threshold 0.825 | val_model raw | lr 0.001000
Epoch 29/60 | train_loss 0.7416 | union_precision 0.9091 | weighted_recall 0.2448 | union_precision 0.9091 | threshold 0.825 | val_model raw | lr 0.001000
Epoch 30/60 | train_loss 0.7331 | union_precision 0.9091 | weighted_recall 0.2448 | union_precision 0.9091 | threshold 0.825 | val_model raw | lr 0.001000
Epoch 31/60 | train_loss 0.7163 | union_precision 0.8571 | weighted_recall 0.2522 | union_precision 0.8571 | threshold 0.800 | val_model raw | lr 0.001000
Epoch 32/60 | train_loss 0.7102 | union_precision 0.8571 | weighted_recall 0.2522 | union_precision 0.8571 | threshold 0.800 | val_model raw | lr 0.001000
Epoch 33/60 | train_loss 0.7087 | union_precision 0.8667 | weighted_recall 0.2748 | union_precision 0.8667 | threshold 0.775 | val_model raw | lr 0.001000
Epoch 34/60 | train_loss 0.7010 | union_precision 0.8667 | weighted_recall 0.2748 | union_precision 0.8667 | threshold 0.800 | val_model raw | lr 0.001000
Epoch 35/60 | train_loss 0.6698 | union_precision 0.8667 | weighted_recall 0.2748 | union_precision 0.8667 | threshold 0.825 | val_model raw | lr 0.001000
Epoch 36/60 | train_loss 0.6749 | union_precision 0.8667 | weighted_recall 0.2748 | union_precision 0.8667 | threshold 0.825 | val_model raw | lr 0.001000
Epoch 37/60 | train_loss 0.6626 | union_precision 0.8667 | weighted_recall 0.2748 | union_precision 0.8667 | threshold 0.800 | val_model raw | lr 0.001000
Epoch 38/60 | train_loss 0.6377 | union_precision 0.8750 | weighted_recall 0.3432 | union_precision 0.8750 | threshold 0.775 | val_model raw | lr 0.001000
Epoch 39/60 | train_loss 0.6418 | union_precision 0.8750 | weighted_recall 0.3432 | union_precision 0.8750 | threshold 0.775 | val_model raw | lr 0.001000
Epoch 40/60 | train_loss 0.6243 | union_precision 0.8750 | weighted_recall 0.3432 | union_precision 0.8750 | threshold 0.775 | val_model raw | lr 0.001000
Epoch 41/60 | train_loss 0.6241 | union_precision 0.8750 | weighted_recall 0.3432 | union_precision 0.8750 | threshold 0.775 | val_model raw | lr 0.001000
Epoch 42/60 | train_loss 0.6179 | union_precision 0.8667 | weighted_recall 0.2748 | union_precision 0.8667 | threshold 0.800 | val_model raw | lr 0.001000
Epoch 43/60 | train_loss 0.6201 | union_precision 0.8500 | weighted_recall 0.3975 | union_precision 0.8500 | threshold 0.775 | val_model raw | lr 0.001000
Epoch 44/60 | train_loss 0.5979 | union_precision 0.8667 | weighted_recall 0.2748 | union_precision 0.8667 | threshold 0.825 | val_model raw | lr 0.001000
Epoch 45/60 | train_loss 0.5912 | union_precision 0.8667 | weighted_recall 0.2748 | union_precision 0.8667 | threshold 0.800 | val_model raw | lr 0.001000
Epoch 46/60 | train_loss 0.5825 | union_precision 0.8667 | weighted_recall 0.3639 | union_precision 0.8667 | threshold 0.800 | val_model raw | lr 0.001000
Epoch 47/60 | train_loss 0.5737 | union_precision 0.8750 | weighted_recall 0.3722 | union_precision 0.8750 | threshold 0.775 | val_model raw | lr 0.001000
Epoch 48/60 | train_loss 0.5727 | union_precision 0.8750 | weighted_recall 0.3722 | union_precision 0.8750 | threshold 0.775 | val_model raw | lr 0.001000
Epoch 49/60 | train_loss 0.5679 | union_precision 0.8667 | weighted_recall 0.3639 | union_precision 0.8667 | threshold 0.800 | val_model raw | lr 0.001000
Epoch 50/60 | train_loss 0.5632 | union_precision 0.8667 | weighted_recall 0.3639 | union_precision 0.8667 | threshold 0.825 | val_model raw | lr 0.001000
Epoch 51/60 | train_loss 0.5544 | union_precision 0.8667 | weighted_recall 0.3639 | union_precision 0.8667 | threshold 0.825 | val_model raw | lr 0.001000
Epoch 52/60 | train_loss 0.5496 | union_precision 0.8667 | weighted_recall 0.3639 | union_precision 0.8667 | threshold 0.825 | val_model raw | lr 0.001000
Epoch 53/60 | train_loss 0.5443 | union_precision 0.8750 | weighted_recall 0.3681 | union_precision 0.8750 | threshold 0.825 | val_model raw | lr 0.001000
Early stopping at epoch 53
Held-out M30-3 | union_precision=0.8500 | weighted_recall=0.3975 | consensus_recall=0.0000
Epoch 1/60 | train_loss 1.5377 | union_precision 1.0000 | weighted_recall 0.1126 | union_precision 1.0000 | threshold 0.825 | val_model raw | lr 0.001000
Epoch 2/60 | train_loss 1.4062 | union_precision 1.0000 | weighted_recall 0.0081 | union_precision 1.0000 | threshold 0.800 | val_model raw | lr 0.001000
Epoch 3/60 | train_loss 1.3280 | union_precision 0.5455 | weighted_recall 0.1659 | union_precision 0.5455 | threshold 0.575 | val_model raw | lr 0.001000
Epoch 4/60 | train_loss 1.2582 | union_precision 0.6364 | weighted_recall 0.2312 | union_precision 0.6364 | threshold 0.575 | val_model raw | lr 0.001000
Epoch 5/60 | train_loss 1.2102 | union_precision 0.5882 | weighted_recall 0.2557 | union_precision 0.5882 | threshold 0.575 | val_model raw | lr 0.001000
Epoch 6/60 | train_loss 1.1746 | union_precision 0.6667 | weighted_recall 0.1843 | union_precision 0.6667 | threshold 0.775 | val_model raw | lr 0.001000
Epoch 7/60 | train_loss 1.1546 | union_precision 1.0000 | weighted_recall 0.0799 | union_precision 1.0000 | threshold 0.800 | val_model raw | lr 0.001000
Epoch 8/60 | train_loss 1.1115 | union_precision 1.0000 | weighted_recall 0.0799 | union_precision 1.0000 | threshold 0.825 | val_model raw | lr 0.001000
Epoch 9/60 | train_loss 1.0925 | union_precision 1.0000 | weighted_recall 0.0799 | union_precision 1.0000 | threshold 0.850 | val_model raw | lr 0.001000
Epoch 10/60 | train_loss 1.0663 | union_precision 1.0000 | weighted_recall 0.0799 | union_precision 1.0000 | threshold 0.875 | val_model raw | lr 0.001000
Epoch 11/60 | train_loss 1.0486 | union_precision 1.0000 | weighted_recall 0.0799 | union_precision 1.0000 | threshold 0.900 | val_model raw | lr 0.001000
Early stopping at epoch 11
Held-out M30-4 | union_precision=1.0000 | weighted_recall=0.1126 | consensus_recall=0.6667
Epoch 1/60 | train_loss 1.5311 | union_precision 0.4444 | weighted_recall 0.2563 | union_precision 0.4444 | threshold 0.450 | val_model raw | lr 0.001000
Epoch 2/60 | train_loss 1.3994 | union_precision 0.4444 | weighted_recall 0.2563 | union_precision 0.4444 | threshold 0.425 | val_model raw | lr 0.001000
Epoch 3/60 | train_loss 1.3193 | union_precision 0.4375 | weighted_recall 0.2408 | union_precision 0.4375 | threshold 0.500 | val_model raw | lr 0.001000
Epoch 4/60 | train_loss 1.2535 | union_precision 0.4375 | weighted_recall 0.2408 | union_precision 0.4375 | threshold 0.500 | val_model raw | lr 0.001000
Epoch 5/60 | train_loss 1.2033 | union_precision 0.4000 | weighted_recall 0.2253 | union_precision 0.4000 | threshold 0.525 | val_model raw | lr 0.001000
Epoch 6/60 | train_loss 1.1693 | union_precision 0.4000 | weighted_recall 0.2253 | union_precision 0.4000 | threshold 0.525 | val_model raw | lr 0.001000
Epoch 7/60 | train_loss 1.1481 | union_precision 0.3750 | weighted_recall 0.2253 | union_precision 0.3750 | threshold 0.525 | val_model raw | lr 0.001000
Epoch 8/60 | train_loss 1.1054 | union_precision 0.5000 | weighted_recall 0.0077 | union_precision 0.5000 | threshold 0.675 | val_model raw | lr 0.001000
Epoch 9/60 | train_loss 1.0875 | union_precision 0.5000 | weighted_recall 0.0232 | union_precision 0.5000 | threshold 0.650 | val_model raw | lr 0.001000
Epoch 10/60 | train_loss 1.0648 | union_precision 0.6667 | weighted_recall 0.0232 | union_precision 0.6667 | threshold 0.675 | val_model raw | lr 0.001000
Epoch 11/60 | train_loss 1.0457 | union_precision 1.0000 | weighted_recall 0.0077 | union_precision 1.0000 | threshold 0.725 | val_model raw | lr 0.001000
Epoch 12/60 | train_loss 1.0158 | union_precision 1.0000 | weighted_recall 0.0232 | union_precision 1.0000 | threshold 0.725 | val_model raw | lr 0.001000
Epoch 13/60 | train_loss 1.0056 | union_precision 1.0000 | weighted_recall 0.0232 | union_precision 1.0000 | threshold 0.725 | val_model raw | lr 0.001000
Epoch 14/60 | train_loss 0.9774 | union_precision 1.0000 | weighted_recall 0.0232 | union_precision 1.0000 | threshold 0.725 | val_model raw | lr 0.001000
Epoch 15/60 | train_loss 0.9582 | union_precision 1.0000 | weighted_recall 0.0232 | union_precision 1.0000 | threshold 0.725 | val_model raw | lr 0.001000
Epoch 16/60 | train_loss 0.9437 | union_precision 1.0000 | weighted_recall 0.0232 | union_precision 1.0000 | threshold 0.700 | val_model raw | lr 0.001000
Epoch 17/60 | train_loss 0.9126 | union_precision 1.0000 | weighted_recall 0.0851 | union_precision 1.0000 | threshold 0.700 | val_model raw | lr 0.001000
Epoch 18/60 | train_loss 0.9161 | union_precision 1.0000 | weighted_recall 0.0851 | union_precision 1.0000 | threshold 0.700 | val_model raw | lr 0.001000
Epoch 19/60 | train_loss 0.8922 | union_precision 1.0000 | weighted_recall 0.0851 | union_precision 1.0000 | threshold 0.700 | val_model raw | lr 0.001000
Epoch 20/60 | train_loss 0.8675 | union_precision 1.0000 | weighted_recall 0.0851 | union_precision 1.0000 | threshold 0.700 | val_model raw | lr 0.001000
Epoch 21/60 | train_loss 0.8627 | union_precision 1.0000 | weighted_recall 0.0851 | union_precision 1.0000 | threshold 0.700 | val_model raw | lr 0.001000
Epoch 22/60 | train_loss 0.8349 | union_precision 0.8571 | weighted_recall 0.1634 | union_precision 0.8571 | threshold 0.650 | val_model raw | lr 0.001000
Epoch 23/60 | train_loss 0.8364 | union_precision 0.8571 | weighted_recall 0.1634 | union_precision 0.8571 | threshold 0.625 | val_model raw | lr 0.001000
Epoch 24/60 | train_loss 0.8172 | union_precision 0.8571 | weighted_recall 0.1634 | union_precision 0.8571 | threshold 0.625 | val_model raw | lr 0.001000
Epoch 25/60 | train_loss 0.8096 | union_precision 0.8571 | weighted_recall 0.1634 | union_precision 0.8571 | threshold 0.625 | val_model raw | lr 0.001000
Epoch 26/60 | train_loss 0.7892 | union_precision 0.8571 | weighted_recall 0.1634 | union_precision 0.8571 | threshold 0.600 | val_model raw | lr 0.001000
Epoch 27/60 | train_loss 0.7840 | union_precision 0.8571 | weighted_recall 0.1634 | union_precision 0.8571 | threshold 0.600 | val_model raw | lr 0.001000
Epoch 28/60 | train_loss 0.7716 | union_precision 0.8571 | weighted_recall 0.1634 | union_precision 0.8571 | threshold 0.625 | val_model raw | lr 0.001000
Epoch 29/60 | train_loss 0.7522 | union_precision 0.8571 | weighted_recall 0.1634 | union_precision 0.8571 | threshold 0.625 | val_model raw | lr 0.001000
Epoch 30/60 | train_loss 0.7407 | union_precision 0.8571 | weighted_recall 0.1634 | union_precision 0.8571 | threshold 0.600 | val_model raw | lr 0.001000
Epoch 31/60 | train_loss 0.7288 | union_precision 0.8571 | weighted_recall 0.1634 | union_precision 0.8571 | threshold 0.600 | val_model raw | lr 0.001000
Epoch 32/60 | train_loss 0.7207 | union_precision 1.0000 | weighted_recall 0.0851 | union_precision 1.0000 | threshold 0.700 | val_model raw | lr 0.001000
Early stopping at epoch 32
Held-out M33-1 | union_precision=0.8571 | weighted_recall=0.1634 | consensus_recall=1.0000
Epoch 1/60 | train_loss 1.5365 | union_precision 0.6250 | weighted_recall 0.0323 | union_precision 0.6250 | threshold 0.550 | val_model raw | lr 0.001000
Epoch 2/60 | train_loss 1.3994 | union_precision 0.7500 | weighted_recall 0.0127 | union_precision 0.7500 | threshold 0.575 | val_model raw | lr 0.001000
Epoch 3/60 | train_loss 1.3205 | union_precision 0.8333 | weighted_recall 0.0185 | union_precision 0.8333 | threshold 0.575 | val_model raw | lr 0.001000
Epoch 4/60 | train_loss 1.2515 | union_precision 0.8000 | weighted_recall 0.0160 | union_precision 0.8000 | threshold 0.600 | val_model raw | lr 0.001000
Epoch 5/60 | train_loss 1.2068 | union_precision 0.8000 | weighted_recall 0.0160 | union_precision 0.8000 | threshold 0.625 | val_model raw | lr 0.001000
Epoch 6/60 | train_loss 1.1698 | union_precision 0.8000 | weighted_recall 0.0160 | union_precision 0.8000 | threshold 0.625 | val_model raw | lr 0.001000
Epoch 7/60 | train_loss 1.1479 | union_precision 0.8571 | weighted_recall 0.0236 | union_precision 0.8571 | threshold 0.625 | val_model raw | lr 0.001000
Epoch 8/60 | train_loss 1.1076 | union_precision 0.7778 | weighted_recall 0.0269 | union_precision 0.7778 | threshold 0.600 | val_model raw | lr 0.001000
Epoch 9/60 | train_loss 1.0888 | union_precision 0.8571 | weighted_recall 0.0236 | union_precision 0.8571 | threshold 0.650 | val_model raw | lr 0.001000
Epoch 10/60 | train_loss 1.0671 | union_precision 0.8000 | weighted_recall 0.0178 | union_precision 0.8000 | threshold 0.675 | val_model raw | lr 0.001000
Epoch 11/60 | train_loss 1.0517 | union_precision 0.8000 | weighted_recall 0.0448 | union_precision 0.8000 | threshold 0.625 | val_model raw | lr 0.001000
Epoch 12/60 | train_loss 1.0208 | union_precision 0.7778 | weighted_recall 0.0269 | union_precision 0.7778 | threshold 0.650 | val_model raw | lr 0.001000
Epoch 13/60 | train_loss 1.0088 | union_precision 0.7500 | weighted_recall 0.0236 | union_precision 0.7500 | threshold 0.675 | val_model raw | lr 0.001000
Epoch 14/60 | train_loss 0.9794 | union_precision 0.7500 | weighted_recall 0.0236 | union_precision 0.7500 | threshold 0.675 | val_model raw | lr 0.001000
Epoch 15/60 | train_loss 0.9606 | union_precision 0.7241 | weighted_recall 0.2735 | union_precision 0.7241 | threshold 0.600 | val_model raw | lr 0.001000
Epoch 16/60 | train_loss 0.9486 | union_precision 1.0000 | weighted_recall 0.0076 | union_precision 1.0000 | threshold 0.800 | val_model raw | lr 0.001000
Epoch 17/60 | train_loss 0.9143 | union_precision 0.7500 | weighted_recall 0.3711 | union_precision 0.7500 | threshold 0.575 | val_model raw | lr 0.001000
Early stopping at epoch 17
Held-out M33-2 | union_precision=0.8571 | weighted_recall=0.0236 | consensus_recall=0.0000
Epoch 1/60 | train_loss 1.5340 | union_precision 0.0476 | weighted_recall 0.1313 | union_precision 0.0476 | threshold 0.500 | val_model raw | lr 0.001000
Epoch 2/60 | train_loss 1.3989 | union_precision 0.1538 | weighted_recall 0.3856 | union_precision 0.1538 | threshold 0.050 | val_model raw | lr 0.001000
Epoch 3/60 | train_loss 1.3214 | union_precision 0.1538 | weighted_recall 0.3856 | union_precision 0.1538 | threshold 0.050 | val_model raw | lr 0.001000
Epoch 4/60 | train_loss 1.2529 | union_precision 0.1538 | weighted_recall 0.3563 | union_precision 0.1538 | threshold 0.050 | val_model raw | lr 0.001000
Epoch 5/60 | train_loss 1.2049 | union_precision 0.2222 | weighted_recall 0.4164 | union_precision 0.2222 | threshold 0.500 | val_model raw | lr 0.001000
Epoch 6/60 | train_loss 1.1713 | union_precision 0.2222 | weighted_recall 0.4164 | union_precision 0.2222 | threshold 0.500 | val_model raw | lr 0.001000
Epoch 7/60 | train_loss 1.1475 | union_precision 0.2414 | weighted_recall 0.4284 | union_precision 0.2414 | threshold 0.050 | val_model raw | lr 0.001000
Epoch 8/60 | train_loss 1.1056 | union_precision 0.2500 | weighted_recall 0.1500 | union_precision 0.2500 | threshold 0.600 | val_model raw | lr 0.001000
Epoch 9/60 | train_loss 1.0888 | union_precision 1.0000 | weighted_recall 0.1500 | union_precision 1.0000 | threshold 0.625 | val_model raw | lr 0.001000
Epoch 10/60 | train_loss 1.0671 | union_precision 1.0000 | weighted_recall 0.1500 | union_precision 1.0000 | threshold 0.650 | val_model raw | lr 0.001000
Epoch 11/60 | train_loss 1.0489 | union_precision 1.0000 | weighted_recall 0.1500 | union_precision 1.0000 | threshold 0.650 | val_model raw | lr 0.001000
Epoch 12/60 | train_loss 1.0182 | union_precision 1.0000 | weighted_recall 0.1500 | union_precision 1.0000 | threshold 0.675 | val_model raw | lr 0.001000
Epoch 13/60 | train_loss 1.0054 | union_precision 1.0000 | weighted_recall 0.1500 | union_precision 1.0000 | threshold 0.700 | val_model raw | lr 0.001000
Epoch 14/60 | train_loss 0.9781 | union_precision 1.0000 | weighted_recall 0.1500 | union_precision 1.0000 | threshold 0.700 | val_model raw | lr 0.001000
Epoch 15/60 | train_loss 0.9607 | union_precision 1.0000 | weighted_recall 0.1500 | union_precision 1.0000 | threshold 0.725 | val_model raw | lr 0.001000
Epoch 16/60 | train_loss 0.9449 | union_precision 1.0000 | weighted_recall 0.2543 | union_precision 1.0000 | threshold 0.725 | val_model raw | lr 0.001000
Epoch 17/60 | train_loss 0.9113 | union_precision 1.0000 | weighted_recall 0.2063 | union_precision 1.0000 | threshold 0.750 | val_model raw | lr 0.001000
Epoch 18/60 | train_loss 0.9188 | union_precision 1.0000 | weighted_recall 0.2543 | union_precision 1.0000 | threshold 0.750 | val_model raw | lr 0.001000
Epoch 19/60 | train_loss 0.8950 | union_precision 1.0000 | weighted_recall 0.2543 | union_precision 1.0000 | threshold 0.775 | val_model raw | lr 0.001000
Epoch 20/60 | train_loss 0.8712 | union_precision 1.0000 | weighted_recall 0.2543 | union_precision 1.0000 | threshold 0.775 | val_model raw | lr 0.001000
Epoch 21/60 | train_loss 0.8685 | union_precision 1.0000 | weighted_recall 0.2543 | union_precision 1.0000 | threshold 0.800 | val_model raw | lr 0.001000
Epoch 22/60 | train_loss 0.8380 | union_precision 1.0000 | weighted_recall 0.1043 | union_precision 1.0000 | threshold 0.800 | val_model raw | lr 0.001000
Epoch 23/60 | train_loss 0.8373 | union_precision 1.0000 | weighted_recall 0.1043 | union_precision 1.0000 | threshold 0.825 | val_model raw | lr 0.001000
Epoch 24/60 | train_loss 0.8196 | union_precision 0.7500 | weighted_recall 0.2363 | union_precision 0.7500 | threshold 0.800 | val_model raw | lr 0.001000
Epoch 25/60 | train_loss 0.8111 | union_precision 1.0000 | weighted_recall 0.0563 | union_precision 1.0000 | threshold 0.850 | val_model raw | lr 0.001000
Epoch 26/60 | train_loss 0.7944 | union_precision 1.0000 | weighted_recall 0.0563 | union_precision 1.0000 | threshold 0.850 | val_model raw | lr 0.001000
Early stopping at epoch 26
Held-out M33-3 | union_precision=1.0000 | weighted_recall=0.2543 | consensus_recall=0.0000
Epoch 1/60 | train_loss 1.5254 | union_precision 1.0000 | weighted_recall 0.0193 | union_precision 1.0000 | threshold 0.550 | val_model raw | lr 0.001000
Epoch 2/60 | train_loss 1.3943 | union_precision 1.0000 | weighted_recall 0.0193 | union_precision 1.0000 | threshold 0.600 | val_model raw | lr 0.001000
Epoch 3/60 | train_loss 1.3100 | union_precision 1.0000 | weighted_recall 0.0235 | union_precision 1.0000 | threshold 0.600 | val_model raw | lr 0.001000
Epoch 4/60 | train_loss 1.2505 | union_precision 0.8571 | weighted_recall 0.0325 | union_precision 0.8571 | threshold 0.600 | val_model raw | lr 0.001000
Epoch 5/60 | train_loss 1.2124 | union_precision 1.0000 | weighted_recall 0.0014 | union_precision 1.0000 | threshold 0.750 | val_model raw | lr 0.001000
Epoch 6/60 | train_loss 1.1715 | union_precision 1.0000 | weighted_recall 0.0014 | union_precision 1.0000 | threshold 0.775 | val_model raw | lr 0.001000
Epoch 7/60 | train_loss 1.1319 | union_precision 0.8095 | weighted_recall 0.0960 | union_precision 0.8095 | threshold 0.625 | val_model raw | lr 0.001000
Epoch 8/60 | train_loss 1.1087 | union_precision 0.8889 | weighted_recall 0.0941 | union_precision 0.8889 | threshold 0.650 | val_model raw | lr 0.001000
Epoch 9/60 | train_loss 1.0793 | union_precision 0.8571 | weighted_recall 0.1123 | union_precision 0.8571 | threshold 0.650 | val_model raw | lr 0.001000
Epoch 10/60 | train_loss 1.0487 | union_precision 0.8750 | weighted_recall 0.1399 | union_precision 0.8750 | threshold 0.650 | val_model raw | lr 0.001000
Epoch 11/60 | train_loss 1.0396 | union_precision 0.8966 | weighted_recall 0.1322 | union_precision 0.8966 | threshold 0.675 | val_model raw | lr 0.001000
Epoch 12/60 | train_loss 1.0105 | union_precision 0.8889 | weighted_recall 0.1042 | union_precision 0.8889 | threshold 0.700 | val_model raw | lr 0.001000
Epoch 13/60 | train_loss 0.9948 | union_precision 0.8571 | weighted_recall 0.1332 | union_precision 0.8571 | threshold 0.700 | val_model raw | lr 0.001000
Epoch 14/60 | train_loss 0.9693 | union_precision 0.8571 | weighted_recall 0.1332 | union_precision 0.8571 | threshold 0.700 | val_model raw | lr 0.001000
Epoch 15/60 | train_loss 0.9580 | union_precision 0.9091 | weighted_recall 0.1213 | union_precision 0.9091 | threshold 0.725 | val_model raw | lr 0.001000
Epoch 16/60 | train_loss 0.9238 | union_precision 0.9231 | weighted_recall 0.1332 | union_precision 0.9231 | threshold 0.725 | val_model raw | lr 0.001000
Epoch 17/60 | train_loss 0.9147 | union_precision 0.8889 | weighted_recall 0.1332 | union_precision 0.8889 | threshold 0.725 | val_model raw | lr 0.001000
Epoch 18/60 | train_loss 0.9010 | union_precision 0.8621 | weighted_recall 0.1797 | union_precision 0.8621 | threshold 0.725 | val_model raw | lr 0.001000
Epoch 19/60 | train_loss 0.8841 | union_precision 0.8889 | weighted_recall 0.1761 | union_precision 0.8889 | threshold 0.750 | val_model raw | lr 0.001000
Epoch 20/60 | train_loss 0.8702 | union_precision 0.8889 | weighted_recall 0.1489 | union_precision 0.8889 | threshold 0.775 | val_model raw | lr 0.001000
Epoch 21/60 | train_loss 0.8526 | union_precision 0.8750 | weighted_recall 0.1556 | union_precision 0.8750 | threshold 0.800 | val_model raw | lr 0.001000
Epoch 22/60 | train_loss 0.8530 | union_precision 0.8750 | weighted_recall 0.0764 | union_precision 0.8750 | threshold 0.850 | val_model raw | lr 0.001000
Epoch 23/60 | train_loss 0.8271 | union_precision 1.0000 | weighted_recall 0.0750 | union_precision 1.0000 | threshold 0.875 | val_model raw | lr 0.001000
Epoch 24/60 | train_loss 0.8091 | union_precision 1.0000 | weighted_recall 0.0750 | union_precision 1.0000 | threshold 0.875 | val_model raw | lr 0.001000
Epoch 25/60 | train_loss 0.7962 | union_precision 1.0000 | weighted_recall 0.0750 | union_precision 1.0000 | threshold 0.875 | val_model raw | lr 0.001000
Epoch 26/60 | train_loss 0.7773 | union_precision 0.8750 | weighted_recall 0.1215 | union_precision 0.8750 | threshold 0.875 | val_model raw | lr 0.001000
Epoch 27/60 | train_loss 0.7845 | union_precision 0.8889 | weighted_recall 0.1511 | union_precision 0.8889 | threshold 0.875 | val_model raw | lr 0.001000
Epoch 28/60 | train_loss 0.7483 | union_precision 0.8519 | weighted_recall 0.2093 | union_precision 0.8519 | threshold 0.775 | val_model raw | lr 0.001000
Epoch 29/60 | train_loss 0.7369 | union_precision 0.8846 | weighted_recall 0.2093 | union_precision 0.8846 | threshold 0.775 | val_model raw | lr 0.001000
Epoch 30/60 | train_loss 0.7359 | union_precision 0.8889 | weighted_recall 0.2120 | union_precision 0.8889 | threshold 0.775 | val_model raw | lr 0.001000
Epoch 31/60 | train_loss 0.7365 | union_precision 0.8519 | weighted_recall 0.2093 | union_precision 0.8519 | threshold 0.775 | val_model raw | lr 0.001000
Epoch 32/60 | train_loss 0.7045 | union_precision 0.8571 | weighted_recall 0.2712 | union_precision 0.8571 | threshold 0.725 | val_model raw | lr 0.001000
Epoch 33/60 | train_loss 0.6947 | union_precision 0.8667 | weighted_recall 0.2327 | union_precision 0.8667 | threshold 0.750 | val_model raw | lr 0.001000
Epoch 34/60 | train_loss 0.6949 | union_precision 0.9231 | weighted_recall 0.1599 | union_precision 0.9231 | threshold 0.900 | val_model raw | lr 0.001000
Epoch 35/60 | train_loss 0.6784 | union_precision 0.9231 | weighted_recall 0.1599 | union_precision 0.9231 | threshold 0.900 | val_model raw | lr 0.001000
Epoch 36/60 | train_loss 0.6764 | union_precision 0.8500 | weighted_recall 0.1699 | union_precision 0.8500 | threshold 0.825 | val_model raw | lr 0.001000
Epoch 37/60 | train_loss 0.6661 | union_precision 0.8500 | weighted_recall 0.1699 | union_precision 0.8500 | threshold 0.850 | val_model raw | lr 0.001000
Epoch 38/60 | train_loss 0.6649 | union_precision 0.8750 | weighted_recall 0.1358 | union_precision 0.8750 | threshold 0.925 | val_model raw | lr 0.001000
Epoch 39/60 | train_loss 0.6552 | union_precision 0.8500 | weighted_recall 0.1704 | union_precision 0.8500 | threshold 0.875 | val_model raw | lr 0.001000
Epoch 40/60 | train_loss 0.6334 | union_precision 0.8889 | weighted_recall 0.1386 | union_precision 0.8889 | threshold 0.925 | val_model raw | lr 0.001000
Epoch 41/60 | train_loss 0.6274 | union_precision 0.8519 | weighted_recall 0.1943 | union_precision 0.8519 | threshold 0.825 | val_model raw | lr 0.001000
Epoch 42/60 | train_loss 0.6151 | union_precision 1.0000 | weighted_recall 0.0907 | union_precision 1.0000 | threshold 0.925 | val_model raw | lr 0.001000
Early stopping at epoch 42
Held-out M33-4 | union_precision=0.8571 | weighted_recall=0.2712 | consensus_recall=1.0000
Epoch 1/60 | train_loss 1.5439 | union_precision 0.2857 | weighted_recall 0.0086 | union_precision 0.2857 | threshold 0.525 | val_model raw | lr 0.001000
Epoch 2/60 | train_loss 1.3981 | union_precision 0.3036 | weighted_recall 0.1640 | union_precision 0.3036 | threshold 0.050 | val_model raw | lr 0.001000
Epoch 3/60 | train_loss 1.3199 | union_precision 0.2982 | weighted_recall 0.1640 | union_precision 0.2982 | threshold 0.050 | val_model raw | lr 0.001000
Epoch 4/60 | train_loss 1.2440 | union_precision 0.3273 | weighted_recall 0.1384 | union_precision 0.3273 | threshold 0.450 | val_model raw | lr 0.001000
Epoch 5/60 | train_loss 1.2024 | union_precision 0.3704 | weighted_recall 0.2296 | union_precision 0.3704 | threshold 0.050 | val_model raw | lr 0.001000
Epoch 6/60 | train_loss 1.1645 | union_precision 0.3333 | weighted_recall 0.2210 | union_precision 0.3333 | threshold 0.050 | val_model raw | lr 0.001000
Epoch 7/60 | train_loss 1.1338 | union_precision 0.3462 | weighted_recall 0.2146 | union_precision 0.3462 | threshold 0.050 | val_model raw | lr 0.001000
Epoch 8/60 | train_loss 1.0990 | union_precision 0.3922 | weighted_recall 0.2236 | union_precision 0.3922 | threshold 0.050 | val_model raw | lr 0.001000
Epoch 9/60 | train_loss 1.0847 | union_precision 0.5000 | weighted_recall 0.0029 | union_precision 0.5000 | threshold 0.675 | val_model raw | lr 0.001000
Epoch 10/60 | train_loss 1.0605 | union_precision 0.6667 | weighted_recall 0.0143 | union_precision 0.6667 | threshold 0.675 | val_model raw | lr 0.001000
Epoch 11/60 | train_loss 1.0348 | union_precision 0.6667 | weighted_recall 0.0143 | union_precision 0.6667 | threshold 0.675 | val_model raw | lr 0.001000
Epoch 12/60 | train_loss 1.0114 | union_precision 0.6667 | weighted_recall 0.0143 | union_precision 0.6667 | threshold 0.700 | val_model raw | lr 0.001000
Epoch 13/60 | train_loss 0.9949 | union_precision 0.7500 | weighted_recall 0.0401 | union_precision 0.7500 | threshold 0.700 | val_model raw | lr 0.001000
Epoch 14/60 | train_loss 0.9675 | union_precision 0.7500 | weighted_recall 0.0401 | union_precision 0.7500 | threshold 0.725 | val_model raw | lr 0.001000
Epoch 15/60 | train_loss 0.9513 | union_precision 0.7500 | weighted_recall 0.0401 | union_precision 0.7500 | threshold 0.725 | val_model raw | lr 0.001000
Epoch 16/60 | train_loss 0.9316 | union_precision 0.6667 | weighted_recall 0.1146 | union_precision 0.6667 | threshold 0.675 | val_model raw | lr 0.001000
Epoch 17/60 | train_loss 0.9028 | union_precision 1.0000 | weighted_recall 0.0286 | union_precision 1.0000 | threshold 0.775 | val_model raw | lr 0.001000
Epoch 18/60 | train_loss 0.9054 | union_precision 1.0000 | weighted_recall 0.0286 | union_precision 1.0000 | threshold 0.775 | val_model raw | lr 0.001000
Epoch 19/60 | train_loss 0.8800 | union_precision 0.8571 | weighted_recall 0.0916 | union_precision 0.8571 | threshold 0.750 | val_model raw | lr 0.001000
Epoch 20/60 | train_loss 0.8545 | union_precision 0.8571 | weighted_recall 0.0916 | union_precision 0.8571 | threshold 0.750 | val_model raw | lr 0.001000
Epoch 21/60 | train_loss 0.8530 | union_precision 1.0000 | weighted_recall 0.0258 | union_precision 1.0000 | threshold 0.825 | val_model raw | lr 0.001000
Epoch 22/60 | train_loss 0.8272 | union_precision 1.0000 | weighted_recall 0.0458 | union_precision 1.0000 | threshold 0.825 | val_model raw | lr 0.001000
Epoch 23/60 | train_loss 0.8255 | union_precision 1.0000 | weighted_recall 0.0544 | union_precision 1.0000 | threshold 0.825 | val_model raw | lr 0.001000
Epoch 24/60 | train_loss 0.8049 | union_precision 1.0000 | weighted_recall 0.0258 | union_precision 1.0000 | threshold 0.850 | val_model raw | lr 0.001000
Epoch 25/60 | train_loss 0.7999 | union_precision 1.0000 | weighted_recall 0.0458 | union_precision 1.0000 | threshold 0.850 | val_model raw | lr 0.001000
Epoch 26/60 | train_loss 0.7889 | union_precision 1.0000 | weighted_recall 0.0458 | union_precision 1.0000 | threshold 0.850 | val_model raw | lr 0.001000
Epoch 27/60 | train_loss 0.7761 | union_precision 1.0000 | weighted_recall 0.0544 | union_precision 1.0000 | threshold 0.850 | val_model raw | lr 0.001000
Epoch 28/60 | train_loss 0.7608 | union_precision 1.0000 | weighted_recall 0.0707 | union_precision 1.0000 | threshold 0.850 | val_model raw | lr 0.001000
Epoch 29/60 | train_loss 0.7446 | union_precision 1.0000 | weighted_recall 0.0458 | union_precision 1.0000 | threshold 0.875 | val_model raw | lr 0.001000
Early stopping at epoch 29
Held-out M41-1 | union_precision=0.8571 | weighted_recall=0.0916 | consensus_recall=0.0000
Epoch 1/60 | train_loss 1.5432 | union_precision 0.7500 | weighted_recall 0.0960 | union_precision 0.7500 | threshold 0.500 | val_model raw | lr 0.001000
Epoch 2/60 | train_loss 1.4015 | union_precision 0.6667 | weighted_recall 0.0480 | union_precision 0.6667 | threshold 0.525 | val_model raw | lr 0.001000
Epoch 3/60 | train_loss 1.3220 | union_precision 0.6667 | weighted_recall 0.0480 | union_precision 0.6667 | threshold 0.550 | val_model raw | lr 0.001000
Epoch 4/60 | train_loss 1.2502 | union_precision 0.5000 | weighted_recall 0.1920 | union_precision 0.5000 | threshold 0.525 | val_model raw | lr 0.001000
Epoch 5/60 | train_loss 1.2097 | union_precision 0.7143 | weighted_recall 0.1500 | union_precision 0.7143 | threshold 0.550 | val_model raw | lr 0.001000
Epoch 6/60 | train_loss 1.1711 | union_precision 0.7500 | weighted_recall 0.0900 | union_precision 0.7500 | threshold 0.600 | val_model raw | lr 0.001000
Epoch 7/60 | train_loss 1.1406 | union_precision 0.5714 | weighted_recall 0.2913 | union_precision 0.5714 | threshold 0.550 | val_model raw | lr 0.001000
Epoch 8/60 | train_loss 1.1040 | union_precision 0.6667 | weighted_recall 0.0540 | union_precision 0.6667 | threshold 0.625 | val_model raw | lr 0.001000
Epoch 9/60 | train_loss 1.0967 | union_precision 1.0000 | weighted_recall 0.0420 | union_precision 1.0000 | threshold 0.725 | val_model raw | lr 0.001000
Epoch 10/60 | train_loss 1.0689 | union_precision 1.0000 | weighted_recall 0.0420 | union_precision 1.0000 | threshold 0.750 | val_model raw | lr 0.001000
Epoch 11/60 | train_loss 1.0444 | union_precision 1.0000 | weighted_recall 0.0420 | union_precision 1.0000 | threshold 0.750 | val_model raw | lr 0.001000
Epoch 12/60 | train_loss 1.0203 | union_precision 1.0000 | weighted_recall 0.0420 | union_precision 1.0000 | threshold 0.750 | val_model raw | lr 0.001000
Epoch 13/60 | train_loss 1.0021 | union_precision 1.0000 | weighted_recall 0.0420 | union_precision 1.0000 | threshold 0.750 | val_model raw | lr 0.001000
Epoch 14/60 | train_loss 0.9763 | union_precision 1.0000 | weighted_recall 0.0420 | union_precision 1.0000 | threshold 0.750 | val_model raw | lr 0.001000
Epoch 15/60 | train_loss 0.9607 | union_precision 1.0000 | weighted_recall 0.0420 | union_precision 1.0000 | threshold 0.725 | val_model raw | lr 0.001000
Epoch 16/60 | train_loss 0.9396 | union_precision 1.0000 | weighted_recall 0.0900 | union_precision 1.0000 | threshold 0.725 | val_model raw | lr 0.001000
Epoch 17/60 | train_loss 0.9104 | union_precision 1.0000 | weighted_recall 0.0900 | union_precision 1.0000 | threshold 0.725 | val_model raw | lr 0.001000
Epoch 18/60 | train_loss 0.9133 | union_precision 1.0000 | weighted_recall 0.0900 | union_precision 1.0000 | threshold 0.725 | val_model raw | lr 0.001000
Epoch 19/60 | train_loss 0.8869 | union_precision 1.0000 | weighted_recall 0.1200 | union_precision 1.0000 | threshold 0.725 | val_model raw | lr 0.001000
Epoch 20/60 | train_loss 0.8685 | union_precision 1.0000 | weighted_recall 0.2340 | union_precision 1.0000 | threshold 0.725 | val_model raw | lr 0.001000
Epoch 21/60 | train_loss 0.8613 | union_precision 1.0000 | weighted_recall 0.2433 | union_precision 1.0000 | threshold 0.725 | val_model raw | lr 0.001000
Epoch 22/60 | train_loss 0.8347 | union_precision 1.0000 | weighted_recall 0.2433 | union_precision 1.0000 | threshold 0.725 | val_model raw | lr 0.001000
Epoch 23/60 | train_loss 0.8339 | union_precision 1.0000 | weighted_recall 0.2433 | union_precision 1.0000 | threshold 0.725 | val_model raw | lr 0.001000
Epoch 24/60 | train_loss 0.8140 | union_precision 1.0000 | weighted_recall 0.2433 | union_precision 1.0000 | threshold 0.700 | val_model raw | lr 0.001000
Epoch 25/60 | train_loss 0.8127 | union_precision 1.0000 | weighted_recall 0.2433 | union_precision 1.0000 | threshold 0.700 | val_model raw | lr 0.001000
Epoch 26/60 | train_loss 0.7958 | union_precision 1.0000 | weighted_recall 0.2913 | union_precision 1.0000 | threshold 0.700 | val_model raw | lr 0.001000
Epoch 27/60 | train_loss 0.7843 | union_precision 1.0000 | weighted_recall 0.2313 | union_precision 1.0000 | threshold 0.725 | val_model raw | lr 0.001000
Epoch 28/60 | train_loss 0.7699 | union_precision 0.8571 | weighted_recall 0.2913 | union_precision 0.8571 | threshold 0.725 | val_model raw | lr 0.001000
Epoch 29/60 | train_loss 0.7530 | union_precision 0.8571 | weighted_recall 0.2913 | union_precision 0.8571 | threshold 0.725 | val_model raw | lr 0.001000
Epoch 30/60 | train_loss 0.7437 | union_precision 0.8571 | weighted_recall 0.2913 | union_precision 0.8571 | threshold 0.725 | val_model raw | lr 0.001000
Epoch 31/60 | train_loss 0.7311 | union_precision 0.8571 | weighted_recall 0.2913 | union_precision 0.8571 | threshold 0.725 | val_model raw | lr 0.001000
Epoch 32/60 | train_loss 0.7164 | union_precision 0.8571 | weighted_recall 0.2913 | union_precision 0.8571 | threshold 0.725 | val_model raw | lr 0.001000
Epoch 33/60 | train_loss 0.7109 | union_precision 0.8571 | weighted_recall 0.2913 | union_precision 0.8571 | threshold 0.725 | val_model raw | lr 0.001000
Epoch 34/60 | train_loss 0.7076 | union_precision 1.0000 | weighted_recall 0.1380 | union_precision 1.0000 | threshold 0.775 | val_model raw | lr 0.001000
Epoch 35/60 | train_loss 0.6790 | union_precision 1.0000 | weighted_recall 0.1380 | union_precision 1.0000 | threshold 0.800 | val_model raw | lr 0.001000
Epoch 36/60 | train_loss 0.6893 | union_precision 1.0000 | weighted_recall 0.1380 | union_precision 1.0000 | threshold 0.800 | val_model raw | lr 0.001000
Early stopping at epoch 36
Held-out M41-2 | union_precision=1.0000 | weighted_recall=0.2913 | consensus_recall=0.0000
Epoch 1/60 | train_loss 1.5443 | union_precision 0.5455 | weighted_recall 0.2141 | union_precision 0.5455 | threshold 0.550 | val_model raw | lr 0.001000
Epoch 2/60 | train_loss 1.4020 | union_precision 0.6667 | weighted_recall 0.2096 | union_precision 0.6667 | threshold 0.550 | val_model raw | lr 0.001000
Epoch 3/60 | train_loss 1.3207 | union_precision 0.6667 | weighted_recall 0.2276 | union_precision 0.6667 | threshold 0.575 | val_model raw | lr 0.001000
Epoch 4/60 | train_loss 1.2497 | union_precision 0.6429 | weighted_recall 0.3239 | union_precision 0.6429 | threshold 0.525 | val_model raw | lr 0.001000
Epoch 5/60 | train_loss 1.2095 | union_precision 0.6429 | weighted_recall 0.3239 | union_precision 0.6429 | threshold 0.525 | val_model raw | lr 0.001000
Epoch 6/60 | train_loss 1.1705 | union_precision 0.6667 | weighted_recall 0.3473 | union_precision 0.6667 | threshold 0.525 | val_model raw | lr 0.001000
Epoch 7/60 | train_loss 1.1393 | union_precision 0.7059 | weighted_recall 0.4082 | union_precision 0.7059 | threshold 0.500 | val_model raw | lr 0.001000
Epoch 8/60 | train_loss 1.1043 | union_precision 0.7222 | weighted_recall 0.4152 | union_precision 0.7222 | threshold 0.500 | val_model raw | lr 0.001000
Epoch 9/60 | train_loss 1.0976 | union_precision 0.7222 | weighted_recall 0.4152 | union_precision 0.7222 | threshold 0.500 | val_model raw | lr 0.001000
Epoch 10/60 | train_loss 1.0689 | union_precision 0.7222 | weighted_recall 0.4152 | union_precision 0.7222 | threshold 0.500 | val_model raw | lr 0.001000
Epoch 11/60 | train_loss 1.0418 | union_precision 0.7778 | weighted_recall 0.4242 | union_precision 0.7778 | threshold 0.525 | val_model raw | lr 0.001000
Epoch 12/60 | train_loss 1.0176 | union_precision 0.7500 | weighted_recall 0.3234 | union_precision 0.7500 | threshold 0.600 | val_model raw | lr 0.001000
Epoch 13/60 | train_loss 1.0018 | union_precision 0.7500 | weighted_recall 0.3234 | union_precision 0.7500 | threshold 0.625 | val_model raw | lr 0.001000
Epoch 14/60 | train_loss 0.9751 | union_precision 0.7500 | weighted_recall 0.3234 | union_precision 0.7500 | threshold 0.625 | val_model raw | lr 0.001000
Epoch 15/60 | train_loss 0.9601 | union_precision 0.7500 | weighted_recall 0.2592 | union_precision 0.7500 | threshold 0.675 | val_model raw | lr 0.001000
Epoch 16/60 | train_loss 0.9381 | union_precision 0.8000 | weighted_recall 0.1825 | union_precision 0.8000 | threshold 0.725 | val_model raw | lr 0.001000
Epoch 17/60 | train_loss 0.9038 | union_precision 0.8333 | weighted_recall 0.2096 | union_precision 0.8333 | threshold 0.725 | val_model raw | lr 0.001000
Epoch 18/60 | train_loss 0.9087 | union_precision 0.8000 | weighted_recall 0.2963 | union_precision 0.8000 | threshold 0.650 | val_model raw | lr 0.001000
Epoch 19/60 | train_loss 0.8826 | union_precision 0.8333 | weighted_recall 0.2096 | union_precision 0.8333 | threshold 0.750 | val_model raw | lr 0.001000
Epoch 20/60 | train_loss 0.8629 | union_precision 0.8000 | weighted_recall 0.2963 | union_precision 0.8000 | threshold 0.650 | val_model raw | lr 0.001000
Epoch 21/60 | train_loss 0.8606 | union_precision 0.8000 | weighted_recall 0.2963 | union_precision 0.8000 | threshold 0.625 | val_model raw | lr 0.001000
Epoch 22/60 | train_loss 0.8325 | union_precision 0.8000 | weighted_recall 0.2963 | union_precision 0.8000 | threshold 0.625 | val_model raw | lr 0.001000
Epoch 23/60 | train_loss 0.8300 | union_precision 0.8000 | weighted_recall 0.2448 | union_precision 0.8000 | threshold 0.625 | val_model raw | lr 0.001000
Epoch 24/60 | train_loss 0.8145 | union_precision 0.8000 | weighted_recall 0.1510 | union_precision 0.8000 | threshold 0.800 | val_model raw | lr 0.001000
Epoch 25/60 | train_loss 0.8114 | union_precision 0.8000 | weighted_recall 0.1510 | union_precision 0.8000 | threshold 0.800 | val_model raw | lr 0.001000
Epoch 26/60 | train_loss 0.7949 | union_precision 0.8000 | weighted_recall 0.1510 | union_precision 0.8000 | threshold 0.800 | val_model raw | lr 0.001000
Epoch 27/60 | train_loss 0.7854 | union_precision 0.8333 | weighted_recall 0.1580 | union_precision 0.8333 | threshold 0.800 | val_model raw | lr 0.001000
Early stopping at epoch 27
Held-out M41-3 | union_precision=0.8333 | weighted_recall=0.2096 | consensus_recall=0.0000
Epoch 1/60 | train_loss 1.5448 | union_precision 0.6667 | weighted_recall 0.1633 | union_precision 0.6667 | threshold 0.550 | val_model raw | lr 0.001000
Epoch 2/60 | train_loss 1.4027 | union_precision 0.8333 | weighted_recall 0.2180 | union_precision 0.8333 | threshold 0.550 | val_model raw | lr 0.001000
Epoch 3/60 | train_loss 1.3190 | union_precision 1.0000 | weighted_recall 0.0350 | union_precision 1.0000 | threshold 0.650 | val_model raw | lr 0.001000
Epoch 4/60 | train_loss 1.2490 | union_precision 0.8750 | weighted_recall 0.1947 | union_precision 0.8750 | threshold 0.600 | val_model raw | lr 0.001000
Epoch 5/60 | train_loss 1.2101 | union_precision 1.0000 | weighted_recall 0.1713 | union_precision 1.0000 | threshold 0.625 | val_model raw | lr 0.001000
Epoch 6/60 | train_loss 1.1723 | union_precision 0.8889 | weighted_recall 0.2038 | union_precision 0.8889 | threshold 0.625 | val_model raw | lr 0.001000
Epoch 7/60 | train_loss 1.1383 | union_precision 1.0000 | weighted_recall 0.1921 | union_precision 1.0000 | threshold 0.650 | val_model raw | lr 0.001000
Epoch 8/60 | train_loss 1.1027 | union_precision 0.8750 | weighted_recall 0.1921 | union_precision 0.8750 | threshold 0.650 | val_model raw | lr 0.001000
Epoch 9/60 | train_loss 1.0977 | union_precision 0.8571 | weighted_recall 0.1571 | union_precision 0.8571 | threshold 0.675 | val_model raw | lr 0.001000
Epoch 10/60 | train_loss 1.0683 | union_precision 0.8000 | weighted_recall 0.1156 | union_precision 0.8000 | threshold 0.700 | val_model raw | lr 0.001000
Epoch 11/60 | train_loss 1.0438 | union_precision 0.8571 | weighted_recall 0.1571 | union_precision 0.8571 | threshold 0.700 | val_model raw | lr 0.001000
Epoch 12/60 | train_loss 1.0199 | union_precision 0.8000 | weighted_recall 0.1156 | union_precision 0.8000 | threshold 0.725 | val_model raw | lr 0.001000
Epoch 13/60 | train_loss 1.0039 | union_precision 0.8571 | weighted_recall 0.1571 | union_precision 0.8571 | threshold 0.725 | val_model raw | lr 0.001000
Epoch 14/60 | train_loss 0.9779 | union_precision 0.8333 | weighted_recall 0.1389 | union_precision 0.8333 | threshold 0.750 | val_model raw | lr 0.001000
Epoch 15/60 | train_loss 0.9616 | union_precision 0.8571 | weighted_recall 0.1571 | union_precision 0.8571 | threshold 0.750 | val_model raw | lr 0.001000
Epoch 16/60 | train_loss 0.9373 | union_precision 0.8333 | weighted_recall 0.1389 | union_precision 0.8333 | threshold 0.775 | val_model raw | lr 0.001000
Early stopping at epoch 16
Held-out M41-4 | union_precision=0.8889 | weighted_recall=0.2038 | consensus_recall=0.0000
Epoch 1/60 | train_loss 1.5428 | union_precision 1.0000 | weighted_recall 0.0032 | union_precision 1.0000 | threshold 0.650 | val_model raw | lr 0.001000
Epoch 2/60 | train_loss 1.4029 | union_precision 0.5000 | weighted_recall 0.1300 | union_precision 0.5000 | threshold 0.550 | val_model raw | lr 0.001000
Epoch 3/60 | train_loss 1.3201 | union_precision 0.4634 | weighted_recall 0.2205 | union_precision 0.4634 | threshold 0.500 | val_model raw | lr 0.001000
Epoch 4/60 | train_loss 1.2470 | union_precision 0.4390 | weighted_recall 0.2173 | union_precision 0.4390 | threshold 0.525 | val_model raw | lr 0.001000
Epoch 5/60 | train_loss 1.2058 | union_precision 0.4286 | weighted_recall 0.2626 | union_precision 0.4286 | threshold 0.500 | val_model raw | lr 0.001000
Epoch 6/60 | train_loss 1.1707 | union_precision 0.4390 | weighted_recall 0.3180 | union_precision 0.4390 | threshold 0.550 | val_model raw | lr 0.001000
Epoch 7/60 | train_loss 1.1398 | union_precision 0.4390 | weighted_recall 0.3180 | union_precision 0.4390 | threshold 0.550 | val_model raw | lr 0.001000
Epoch 8/60 | train_loss 1.1000 | union_precision 0.4390 | weighted_recall 0.3138 | union_precision 0.4390 | threshold 0.575 | val_model raw | lr 0.001000
Epoch 9/60 | train_loss 1.0956 | union_precision 0.4419 | weighted_recall 0.2684 | union_precision 0.4419 | threshold 0.050 | val_model raw | lr 0.001000
Epoch 10/60 | train_loss 1.0650 | union_precision 0.6667 | weighted_recall 0.0935 | union_precision 0.6667 | threshold 0.725 | val_model raw | lr 0.001000
Epoch 11/60 | train_loss 1.0408 | union_precision 0.6667 | weighted_recall 0.0935 | union_precision 0.6667 | threshold 0.750 | val_model raw | lr 0.001000
Early stopping at epoch 11
Held-out M50-1 | union_precision=1.0000 | weighted_recall=0.0032 | consensus_recall=0.0000
Epoch 1/60 | train_loss 1.5449 | union_precision 1.0000 | weighted_recall 0.0021 | union_precision 1.0000 | threshold 0.625 | val_model raw | lr 0.001000
Epoch 2/60 | train_loss 1.4009 | union_precision 0.5000 | weighted_recall 0.0452 | union_precision 0.5000 | threshold 0.550 | val_model raw | lr 0.001000
Epoch 3/60 | train_loss 1.3181 | union_precision 0.6667 | weighted_recall 0.0043 | union_precision 0.6667 | threshold 0.575 | val_model raw | lr 0.001000
Epoch 4/60 | train_loss 1.2453 | union_precision 0.7500 | weighted_recall 0.0473 | union_precision 0.7500 | threshold 0.575 | val_model raw | lr 0.001000
Epoch 5/60 | train_loss 1.2039 | union_precision 1.0000 | weighted_recall 0.0021 | union_precision 1.0000 | threshold 0.675 | val_model raw | lr 0.001000
Epoch 6/60 | train_loss 1.1680 | union_precision 0.7500 | weighted_recall 0.0255 | union_precision 0.7500 | threshold 0.600 | val_model raw | lr 0.001000
Epoch 7/60 | train_loss 1.1382 | union_precision 0.8333 | weighted_recall 0.0489 | union_precision 0.8333 | threshold 0.600 | val_model raw | lr 0.001000
Epoch 8/60 | train_loss 1.1029 | union_precision 0.7143 | weighted_recall 0.0489 | union_precision 0.7143 | threshold 0.600 | val_model raw | lr 0.001000
Epoch 9/60 | train_loss 1.0900 | union_precision 0.7273 | weighted_recall 0.0610 | union_precision 0.7273 | threshold 0.600 | val_model raw | lr 0.001000
Epoch 10/60 | train_loss 1.0634 | union_precision 0.7143 | weighted_recall 0.0383 | union_precision 0.7143 | threshold 0.625 | val_model raw | lr 0.001000
Epoch 11/60 | train_loss 1.0392 | union_precision 1.0000 | weighted_recall 0.0021 | union_precision 1.0000 | threshold 0.725 | val_model raw | lr 0.001000
Epoch 12/60 | train_loss 1.0173 | union_precision 1.0000 | weighted_recall 0.0021 | union_precision 1.0000 | threshold 0.700 | val_model raw | lr 0.001000
Epoch 13/60 | train_loss 0.9990 | union_precision 1.0000 | weighted_recall 0.0021 | union_precision 1.0000 | threshold 0.725 | val_model raw | lr 0.001000
Epoch 14/60 | train_loss 0.9712 | union_precision 1.0000 | weighted_recall 0.0021 | union_precision 1.0000 | threshold 0.750 | val_model raw | lr 0.001000
Epoch 15/60 | train_loss 0.9603 | union_precision 1.0000 | weighted_recall 0.0021 | union_precision 1.0000 | threshold 0.750 | val_model raw | lr 0.001000
Early stopping at epoch 15
Held-out M50-2 | union_precision=1.0000 | weighted_recall=0.0021 | consensus_recall=0.0000
Epoch 1/60 | train_loss 1.5538 | union_precision 0.8000 | weighted_recall 0.0679 | union_precision 0.8000 | threshold 0.575 | val_model raw | lr 0.001000
Epoch 2/60 | train_loss 1.4146 | union_precision 0.8333 | weighted_recall 0.0730 | union_precision 0.8333 | threshold 0.575 | val_model raw | lr 0.001000
Epoch 3/60 | train_loss 1.3333 | union_precision 0.8333 | weighted_recall 0.0495 | union_precision 0.8333 | threshold 0.600 | val_model raw | lr 0.001000
Epoch 4/60 | train_loss 1.2506 | union_precision 0.8571 | weighted_recall 0.0587 | union_precision 0.8571 | threshold 0.625 | val_model raw | lr 0.001000
Epoch 5/60 | train_loss 1.2147 | union_precision 0.8333 | weighted_recall 0.0376 | union_precision 0.8333 | threshold 0.650 | val_model raw | lr 0.001000
Epoch 6/60 | train_loss 1.1737 | union_precision 0.6774 | weighted_recall 0.2250 | union_precision 0.6774 | threshold 0.600 | val_model raw | lr 0.001000
Epoch 7/60 | train_loss 1.1419 | union_precision 0.6735 | weighted_recall 0.3249 | union_precision 0.6735 | threshold 0.575 | val_model raw | lr 0.001000
Epoch 8/60 | train_loss 1.1112 | union_precision 0.7083 | weighted_recall 0.2092 | union_precision 0.7083 | threshold 0.625 | val_model raw | lr 0.001000
Epoch 9/60 | train_loss 1.0972 | union_precision 0.7143 | weighted_recall 0.2278 | union_precision 0.7143 | threshold 0.625 | val_model raw | lr 0.001000
Epoch 10/60 | train_loss 1.0690 | union_precision 1.0000 | weighted_recall 0.0409 | union_precision 1.0000 | threshold 0.825 | val_model raw | lr 0.001000
Epoch 11/60 | train_loss 1.0447 | union_precision 0.7241 | weighted_recall 0.1810 | union_precision 0.7241 | threshold 0.650 | val_model raw | lr 0.001000
Epoch 12/60 | train_loss 1.0224 | union_precision 1.0000 | weighted_recall 0.0409 | union_precision 1.0000 | threshold 0.850 | val_model raw | lr 0.001000
Epoch 13/60 | train_loss 1.0014 | union_precision 1.0000 | weighted_recall 0.0409 | union_precision 1.0000 | threshold 0.850 | val_model raw | lr 0.001000
Epoch 14/60 | train_loss 0.9756 | union_precision 1.0000 | weighted_recall 0.0409 | union_precision 1.0000 | threshold 0.850 | val_model raw | lr 0.001000
Early stopping at epoch 14
Held-out M50-3 | union_precision=0.8571 | weighted_recall=0.0587 | consensus_recall=0.0000
Epoch 1/60 | train_loss 1.5431 | union_precision 0.3333 | weighted_recall 0.0418 | union_precision 0.3333 | threshold 0.525 | val_model raw | lr 0.001000
Epoch 2/60 | train_loss 1.4066 | union_precision 0.5000 | weighted_recall 0.0418 | union_precision 0.5000 | threshold 0.575 | val_model raw | lr 0.001000
Epoch 3/60 | train_loss 1.3210 | union_precision 0.5000 | weighted_recall 0.2434 | union_precision 0.5000 | threshold 0.475 | val_model raw | lr 0.001000
Epoch 4/60 | train_loss 1.2485 | union_precision 0.5000 | weighted_recall 0.1536 | union_precision 0.5000 | threshold 0.525 | val_model raw | lr 0.001000
Epoch 5/60 | train_loss 1.2086 | union_precision 0.5417 | weighted_recall 0.1651 | union_precision 0.5417 | threshold 0.525 | val_model raw | lr 0.001000
Epoch 6/60 | train_loss 1.1675 | union_precision 0.5833 | weighted_recall 0.1390 | union_precision 0.5833 | threshold 0.550 | val_model raw | lr 0.001000
Epoch 7/60 | train_loss 1.1317 | union_precision 0.6500 | weighted_recall 0.2382 | union_precision 0.6500 | threshold 0.550 | val_model raw | lr 0.001000
Epoch 8/60 | train_loss 1.0995 | union_precision 0.6250 | weighted_recall 0.2460 | union_precision 0.6250 | threshold 0.550 | val_model raw | lr 0.001000
Epoch 9/60 | train_loss 1.0848 | union_precision 0.6667 | weighted_recall 0.2128 | union_precision 0.6667 | threshold 0.575 | val_model raw | lr 0.001000
Epoch 10/60 | train_loss 1.0577 | union_precision 0.6250 | weighted_recall 0.1255 | union_precision 0.6250 | threshold 0.600 | val_model raw | lr 0.001000
Epoch 11/60 | train_loss 1.0381 | union_precision 0.5714 | weighted_recall 0.2424 | union_precision 0.5714 | threshold 0.575 | val_model raw | lr 0.001000
Epoch 12/60 | train_loss 1.0113 | union_precision 0.6364 | weighted_recall 0.1472 | union_precision 0.6364 | threshold 0.600 | val_model raw | lr 0.001000
Epoch 13/60 | train_loss 0.9889 | union_precision 0.5652 | weighted_recall 0.1838 | union_precision 0.5652 | threshold 0.575 | val_model raw | lr 0.001000
Epoch 14/60 | train_loss 0.9696 | union_precision 0.5714 | weighted_recall 0.1632 | union_precision 0.5714 | threshold 0.600 | val_model raw | lr 0.001000
Epoch 15/60 | train_loss 0.9555 | union_precision 0.6087 | weighted_recall 0.1909 | union_precision 0.6087 | threshold 0.575 | val_model raw | lr 0.001000
Epoch 16/60 | train_loss 0.9294 | union_precision 0.6250 | weighted_recall 0.1751 | union_precision 0.6250 | threshold 0.600 | val_model raw | lr 0.001000
Epoch 17/60 | train_loss 0.9013 | union_precision 0.7143 | weighted_recall 0.1960 | union_precision 0.7143 | threshold 0.600 | val_model raw | lr 0.001000
Epoch 18/60 | train_loss 0.8982 | union_precision 0.7391 | weighted_recall 0.2056 | union_precision 0.7391 | threshold 0.600 | val_model raw | lr 0.001000
Epoch 19/60 | train_loss 0.8759 | union_precision 1.0000 | weighted_recall 0.0477 | union_precision 1.0000 | threshold 0.800 | val_model raw | lr 0.001000
Epoch 20/60 | train_loss 0.8625 | union_precision 0.7059 | weighted_recall 0.2185 | union_precision 0.7059 | threshold 0.575 | val_model raw | lr 0.001000
Epoch 21/60 | train_loss 0.8540 | union_precision 1.0000 | weighted_recall 0.0477 | union_precision 1.0000 | threshold 0.825 | val_model raw | lr 0.001000
Epoch 22/60 | train_loss 0.8250 | union_precision 1.0000 | weighted_recall 0.0477 | union_precision 1.0000 | threshold 0.825 | val_model raw | lr 0.001000
Epoch 23/60 | train_loss 0.8261 | union_precision 1.0000 | weighted_recall 0.0477 | union_precision 1.0000 | threshold 0.825 | val_model raw | lr 0.001000
Epoch 24/60 | train_loss 0.8138 | union_precision 0.8333 | weighted_recall 0.0836 | union_precision 0.8333 | threshold 0.725 | val_model raw | lr 0.001000
Epoch 25/60 | train_loss 0.8069 | union_precision 1.0000 | weighted_recall 0.0597 | union_precision 1.0000 | threshold 0.800 | val_model raw | lr 0.001000
Epoch 26/60 | train_loss 0.7893 | union_precision 1.0000 | weighted_recall 0.0627 | union_precision 1.0000 | threshold 0.800 | val_model raw | lr 0.001000
Epoch 27/60 | train_loss 0.7800 | union_precision 1.0000 | weighted_recall 0.0627 | union_precision 1.0000 | threshold 0.775 | val_model raw | lr 0.001000
Epoch 28/60 | train_loss 0.7652 | union_precision 1.0000 | weighted_recall 0.0776 | union_precision 1.0000 | threshold 0.775 | val_model raw | lr 0.001000
Epoch 29/60 | train_loss 0.7548 | union_precision 1.0000 | weighted_recall 0.0836 | union_precision 1.0000 | threshold 0.775 | val_model raw | lr 0.001000
Epoch 30/60 | train_loss 0.7329 | union_precision 1.0000 | weighted_recall 0.0836 | union_precision 1.0000 | threshold 0.750 | val_model raw | lr 0.001000
Epoch 31/60 | train_loss 0.7252 | union_precision 1.0000 | weighted_recall 0.0985 | union_precision 1.0000 | threshold 0.750 | val_model raw | lr 0.001000
Epoch 32/60 | train_loss 0.7110 | union_precision 0.8889 | weighted_recall 0.1074 | union_precision 0.8889 | threshold 0.725 | val_model raw | lr 0.001000
Epoch 33/60 | train_loss 0.7080 | union_precision 1.0000 | weighted_recall 0.1074 | union_precision 1.0000 | threshold 0.725 | val_model raw | lr 0.001000
Epoch 34/60 | train_loss 0.6989 | union_precision 1.0000 | weighted_recall 0.0895 | union_precision 1.0000 | threshold 0.750 | val_model raw | lr 0.001000
Epoch 35/60 | train_loss 0.6736 | union_precision 1.0000 | weighted_recall 0.0776 | union_precision 1.0000 | threshold 0.775 | val_model raw | lr 0.001000
Epoch 36/60 | train_loss 0.6786 | union_precision 1.0000 | weighted_recall 0.0776 | union_precision 1.0000 | threshold 0.775 | val_model raw | lr 0.001000
Epoch 37/60 | train_loss 0.6745 | union_precision 1.0000 | weighted_recall 0.0149 | union_precision 1.0000 | threshold 0.825 | val_model raw | lr 0.001000
Epoch 38/60 | train_loss 0.6465 | union_precision 1.0000 | weighted_recall 0.0149 | union_precision 1.0000 | threshold 0.825 | val_model raw | lr 0.001000
Epoch 39/60 | train_loss 0.6460 | union_precision 1.0000 | weighted_recall 0.0149 | union_precision 1.0000 | threshold 0.825 | val_model raw | lr 0.001000
Epoch 40/60 | train_loss 0.6322 | union_precision 1.0000 | weighted_recall 0.0149 | union_precision 1.0000 | threshold 0.850 | val_model raw | lr 0.001000
Epoch 41/60 | train_loss 0.6378 | union_precision 1.0000 | weighted_recall 0.0149 | union_precision 1.0000 | threshold 0.850 | val_model raw | lr 0.001000
Epoch 42/60 | train_loss 0.6190 | union_precision 1.0000 | weighted_recall 0.0149 | union_precision 1.0000 | threshold 0.850 | val_model raw | lr 0.001000
Epoch 43/60 | train_loss 0.6249 | union_precision 1.0000 | weighted_recall 0.0149 | union_precision 1.0000 | threshold 0.850 | val_model raw | lr 0.001000
Early stopping at epoch 43
Held-out M56-1 | union_precision=1.0000 | weighted_recall=0.1074 | consensus_recall=1.0000
Epoch 1/60 | train_loss 1.5382 | union_precision 0.4118 | weighted_recall 0.1160 | union_precision 0.4118 | threshold 0.050 | val_model raw | lr 0.001000
Epoch 2/60 | train_loss 1.4043 | union_precision 0.3226 | weighted_recall 0.1870 | union_precision 0.3226 | threshold 0.050 | val_model raw | lr 0.001000
Epoch 3/60 | train_loss 1.3195 | union_precision 0.2812 | weighted_recall 0.1841 | union_precision 0.2812 | threshold 0.050 | val_model raw | lr 0.001000
Epoch 4/60 | train_loss 1.2473 | union_precision 0.3030 | weighted_recall 0.1975 | union_precision 0.3030 | threshold 0.050 | val_model raw | lr 0.001000
Epoch 5/60 | train_loss 1.2080 | union_precision 0.3333 | weighted_recall 0.1955 | union_precision 0.3333 | threshold 0.475 | val_model raw | lr 0.001000
Epoch 6/60 | train_loss 1.1649 | union_precision 0.3333 | weighted_recall 0.1955 | union_precision 0.3333 | threshold 0.475 | val_model raw | lr 0.001000
Epoch 7/60 | train_loss 1.1319 | union_precision 0.3333 | weighted_recall 0.1955 | union_precision 0.3333 | threshold 0.475 | val_model raw | lr 0.001000
Epoch 8/60 | train_loss 1.1010 | union_precision 0.2812 | weighted_recall 0.0817 | union_precision 0.2812 | threshold 0.475 | val_model raw | lr 0.001000
Epoch 9/60 | train_loss 1.0856 | union_precision 0.2069 | weighted_recall 0.0594 | union_precision 0.2069 | threshold 0.500 | val_model raw | lr 0.001000
Epoch 10/60 | train_loss 1.0596 | union_precision 0.2000 | weighted_recall 0.0594 | union_precision 0.2000 | threshold 0.500 | val_model raw | lr 0.001000
Epoch 11/60 | train_loss 1.0408 | union_precision 0.2188 | weighted_recall 0.0639 | union_precision 0.2188 | threshold 0.500 | val_model raw | lr 0.001000
Early stopping at epoch 11
Held-out M56-2 | union_precision=0.4118 | weighted_recall=0.1160 | consensus_recall=0.0000
Epoch 1/60 | train_loss 1.5446 | union_precision 0.9375 | weighted_recall 0.0875 | union_precision 0.9375 | threshold 0.550 | val_model raw | lr 0.001000
Epoch 2/60 | train_loss 1.4145 | union_precision 0.9444 | weighted_recall 0.1193 | union_precision 0.9444 | threshold 0.550 | val_model raw | lr 0.001000
Epoch 3/60 | train_loss 1.3311 | union_precision 0.8824 | weighted_recall 0.1127 | union_precision 0.8824 | threshold 0.575 | val_model raw | lr 0.001000
Epoch 4/60 | train_loss 1.2518 | union_precision 0.8889 | weighted_recall 0.1144 | union_precision 0.8889 | threshold 0.600 | val_model raw | lr 0.001000
Epoch 5/60 | train_loss 1.2165 | union_precision 0.8750 | weighted_recall 0.0935 | union_precision 0.8750 | threshold 0.625 | val_model raw | lr 0.001000
Epoch 6/60 | train_loss 1.1750 | union_precision 0.8750 | weighted_recall 0.0927 | union_precision 0.8750 | threshold 0.650 | val_model raw | lr 0.001000
Epoch 7/60 | train_loss 1.1366 | union_precision 0.8750 | weighted_recall 0.0894 | union_precision 0.8750 | threshold 0.650 | val_model raw | lr 0.001000
Epoch 8/60 | train_loss 1.1072 | union_precision 0.8500 | weighted_recall 0.1299 | union_precision 0.8500 | threshold 0.650 | val_model raw | lr 0.001000
Epoch 9/60 | train_loss 1.0879 | union_precision 0.8750 | weighted_recall 0.0894 | union_precision 0.8750 | threshold 0.675 | val_model raw | lr 0.001000
Epoch 10/60 | train_loss 1.0633 | union_precision 0.8519 | weighted_recall 0.1652 | union_precision 0.8519 | threshold 0.650 | val_model raw | lr 0.001000
Epoch 11/60 | train_loss 1.0439 | union_precision 0.8636 | weighted_recall 0.1332 | union_precision 0.8636 | threshold 0.675 | val_model raw | lr 0.001000
Epoch 12/60 | train_loss 1.0209 | union_precision 0.8519 | weighted_recall 0.1652 | union_precision 0.8519 | threshold 0.675 | val_model raw | lr 0.001000
Epoch 13/60 | train_loss 0.9914 | union_precision 0.8696 | weighted_recall 0.1557 | union_precision 0.8696 | threshold 0.700 | val_model raw | lr 0.001000
Epoch 14/60 | train_loss 0.9709 | union_precision 0.8889 | weighted_recall 0.1822 | union_precision 0.8889 | threshold 0.700 | val_model raw | lr 0.001000
Epoch 15/60 | train_loss 0.9555 | union_precision 0.8929 | weighted_recall 0.1899 | union_precision 0.8929 | threshold 0.700 | val_model raw | lr 0.001000
Epoch 16/60 | train_loss 0.9344 | union_precision 0.8750 | weighted_recall 0.1606 | union_precision 0.8750 | threshold 0.725 | val_model raw | lr 0.001000
Epoch 17/60 | train_loss 0.9132 | union_precision 0.8571 | weighted_recall 0.0875 | union_precision 0.8571 | threshold 0.750 | val_model raw | lr 0.001000
Epoch 18/60 | train_loss 0.8938 | union_precision 1.0000 | weighted_recall 0.0177 | union_precision 1.0000 | threshold 0.850 | val_model raw | lr 0.001000
Epoch 19/60 | train_loss 0.8784 | union_precision 1.0000 | weighted_recall 0.0132 | union_precision 1.0000 | threshold 0.875 | val_model raw | lr 0.001000
Epoch 20/60 | train_loss 0.8641 | union_precision 1.0000 | weighted_recall 0.0177 | union_precision 1.0000 | threshold 0.850 | val_model raw | lr 0.001000
Epoch 21/60 | train_loss 0.8589 | union_precision 1.0000 | weighted_recall 0.0132 | union_precision 1.0000 | threshold 0.875 | val_model raw | lr 0.001000
Epoch 22/60 | train_loss 0.8215 | union_precision 1.0000 | weighted_recall 0.0177 | union_precision 1.0000 | threshold 0.850 | val_model raw | lr 0.001000
Epoch 23/60 | train_loss 0.8282 | union_precision 1.0000 | weighted_recall 0.0254 | union_precision 1.0000 | threshold 0.850 | val_model raw | lr 0.001000
Epoch 24/60 | train_loss 0.8156 | union_precision 1.0000 | weighted_recall 0.0254 | union_precision 1.0000 | threshold 0.850 | val_model raw | lr 0.001000
Epoch 25/60 | train_loss 0.8110 | union_precision 1.0000 | weighted_recall 0.0132 | union_precision 1.0000 | threshold 0.875 | val_model raw | lr 0.001000
Early stopping at epoch 25
Held-out M56-3 | union_precision=0.8929 | weighted_recall=0.1899 | consensus_recall=0.0000
Epoch 1/60 | train_loss 1.5354 | union_precision 0.7143 | weighted_recall 0.1190 | union_precision 0.7143 | threshold 0.550 | val_model raw | lr 0.001000
Epoch 2/60 | train_loss 1.4031 | union_precision 0.5000 | weighted_recall 0.1596 | union_precision 0.5000 | threshold 0.525 | val_model raw | lr 0.001000
Epoch 3/60 | train_loss 1.3263 | union_precision 0.4545 | weighted_recall 0.1493 | union_precision 0.4545 | threshold 0.550 | val_model raw | lr 0.001000
Epoch 4/60 | train_loss 1.2448 | union_precision 0.4615 | weighted_recall 0.1515 | union_precision 0.4615 | threshold 0.550 | val_model raw | lr 0.001000
Epoch 5/60 | train_loss 1.2141 | union_precision 0.4444 | weighted_recall 0.1086 | union_precision 0.4444 | threshold 0.575 | val_model raw | lr 0.001000
Epoch 6/60 | train_loss 1.1646 | union_precision 0.5000 | weighted_recall 0.1786 | union_precision 0.5000 | threshold 0.575 | val_model raw | lr 0.001000
Epoch 7/60 | train_loss 1.1357 | union_precision 0.5000 | weighted_recall 0.1064 | union_precision 0.5000 | threshold 0.600 | val_model raw | lr 0.001000
Epoch 8/60 | train_loss 1.1075 | union_precision 0.5714 | weighted_recall 0.1064 | union_precision 0.5714 | threshold 0.625 | val_model raw | lr 0.001000
Epoch 9/60 | train_loss 1.0872 | union_precision 1.0000 | weighted_recall 0.1064 | union_precision 1.0000 | threshold 0.650 | val_model raw | lr 0.001000
Epoch 10/60 | train_loss 1.0563 | union_precision 1.0000 | weighted_recall 0.0093 | union_precision 1.0000 | threshold 0.675 | val_model raw | lr 0.001000
Epoch 11/60 | train_loss 1.0393 | union_precision 0.5714 | weighted_recall 0.1064 | union_precision 0.5714 | threshold 0.675 | val_model raw | lr 0.001000
Epoch 12/60 | train_loss 1.0139 | union_precision 0.6000 | weighted_recall 0.0725 | union_precision 0.6000 | threshold 0.700 | val_model raw | lr 0.001000
Epoch 13/60 | train_loss 0.9882 | union_precision 0.5714 | weighted_recall 0.1064 | union_precision 0.5714 | threshold 0.700 | val_model raw | lr 0.001000
Epoch 14/60 | train_loss 0.9691 | union_precision 0.5556 | weighted_recall 0.1267 | union_precision 0.5556 | threshold 0.650 | val_model raw | lr 0.001000
Epoch 15/60 | train_loss 0.9487 | union_precision 0.6000 | weighted_recall 0.1673 | union_precision 0.6000 | threshold 0.650 | val_model raw | lr 0.001000
Epoch 16/60 | train_loss 0.9251 | union_precision 0.5833 | weighted_recall 0.2012 | union_precision 0.5833 | threshold 0.650 | val_model raw | lr 0.001000
Epoch 17/60 | train_loss 0.9049 | union_precision 0.5556 | weighted_recall 0.1403 | union_precision 0.5556 | threshold 0.675 | val_model raw | lr 0.001000
Epoch 18/60 | train_loss 0.8918 | union_precision 0.6364 | weighted_recall 0.2012 | union_precision 0.6364 | threshold 0.675 | val_model raw | lr 0.001000
Epoch 19/60 | train_loss 0.8767 | union_precision 0.5833 | weighted_recall 0.2012 | union_precision 0.5833 | threshold 0.675 | val_model raw | lr 0.001000
Early stopping at epoch 19
Held-out M59-1 | union_precision=1.0000 | weighted_recall=0.1064 | consensus_recall=0.0000
Epoch 1/60 | train_loss 1.5358 | union_precision 1.0000 | weighted_recall 0.0150 | union_precision 1.0000 | threshold 0.550 | val_model raw | lr 0.001000
Epoch 2/60 | train_loss 1.4018 | union_precision 1.0000 | weighted_recall 0.0171 | union_precision 1.0000 | threshold 0.550 | val_model raw | lr 0.001000
Epoch 3/60 | train_loss 1.3224 | union_precision 0.6842 | weighted_recall 0.2127 | union_precision 0.6842 | threshold 0.525 | val_model raw | lr 0.001000
Epoch 4/60 | train_loss 1.2464 | union_precision 0.7500 | weighted_recall 0.2481 | union_precision 0.7500 | threshold 0.525 | val_model raw | lr 0.001000
Epoch 5/60 | train_loss 1.2080 | union_precision 1.0000 | weighted_recall 0.0278 | union_precision 1.0000 | threshold 0.625 | val_model raw | lr 0.001000
Epoch 6/60 | train_loss 1.1661 | union_precision 1.0000 | weighted_recall 0.0278 | union_precision 1.0000 | threshold 0.650 | val_model raw | lr 0.001000
Epoch 7/60 | train_loss 1.1352 | union_precision 1.0000 | weighted_recall 0.0278 | union_precision 1.0000 | threshold 0.650 | val_model raw | lr 0.001000
Epoch 8/60 | train_loss 1.1024 | union_precision 1.0000 | weighted_recall 0.0364 | union_precision 1.0000 | threshold 0.650 | val_model raw | lr 0.001000
Epoch 9/60 | train_loss 1.0871 | union_precision 1.0000 | weighted_recall 0.0364 | union_precision 1.0000 | threshold 0.650 | val_model raw | lr 0.001000
Epoch 10/60 | train_loss 1.0573 | union_precision 0.8571 | weighted_recall 0.0385 | union_precision 0.8571 | threshold 0.650 | val_model raw | lr 0.001000
Epoch 11/60 | train_loss 1.0440 | union_precision 0.8571 | weighted_recall 0.0385 | union_precision 0.8571 | threshold 0.650 | val_model raw | lr 0.001000
Epoch 12/60 | train_loss 1.0162 | union_precision 0.8571 | weighted_recall 0.1230 | union_precision 0.8571 | threshold 0.600 | val_model raw | lr 0.001000
Epoch 13/60 | train_loss 0.9926 | union_precision 0.8750 | weighted_recall 0.1584 | union_precision 0.8750 | threshold 0.600 | val_model raw | lr 0.001000
Epoch 14/60 | train_loss 0.9712 | union_precision 0.9091 | weighted_recall 0.0896 | union_precision 0.9091 | threshold 0.625 | val_model raw | lr 0.001000
Epoch 15/60 | train_loss 0.9537 | union_precision 0.9167 | weighted_recall 0.0929 | union_precision 0.9167 | threshold 0.625 | val_model raw | lr 0.001000
Epoch 16/60 | train_loss 0.9297 | union_precision 0.9231 | weighted_recall 0.1241 | union_precision 0.9231 | threshold 0.625 | val_model raw | lr 0.001000
Epoch 17/60 | train_loss 0.9116 | union_precision 0.9231 | weighted_recall 0.1241 | union_precision 0.9231 | threshold 0.625 | val_model raw | lr 0.001000
Epoch 18/60 | train_loss 0.8984 | union_precision 1.0000 | weighted_recall 0.2310 | union_precision 1.0000 | threshold 0.625 | val_model raw | lr 0.001000
Epoch 19/60 | train_loss 0.8827 | union_precision 0.8750 | weighted_recall 0.2310 | union_precision 0.8750 | threshold 0.625 | val_model raw | lr 0.001000
Epoch 20/60 | train_loss 0.8736 | union_precision 0.9286 | weighted_recall 0.1989 | union_precision 0.9286 | threshold 0.650 | val_model raw | lr 0.001000
Epoch 21/60 | train_loss 0.8550 | union_precision 1.0000 | weighted_recall 0.1989 | union_precision 1.0000 | threshold 0.675 | val_model raw | lr 0.001000
Epoch 22/60 | train_loss 0.8305 | union_precision 0.9231 | weighted_recall 0.1968 | union_precision 0.9231 | threshold 0.675 | val_model raw | lr 0.001000
Epoch 23/60 | train_loss 0.8308 | union_precision 1.0000 | weighted_recall 0.1634 | union_precision 1.0000 | threshold 0.700 | val_model raw | lr 0.001000
Epoch 24/60 | train_loss 0.8196 | union_precision 0.9000 | weighted_recall 0.1612 | union_precision 0.9000 | threshold 0.725 | val_model raw | lr 0.001000
Epoch 25/60 | train_loss 0.8078 | union_precision 0.9000 | weighted_recall 0.1612 | union_precision 0.9000 | threshold 0.725 | val_model raw | lr 0.001000
Epoch 26/60 | train_loss 0.7940 | union_precision 0.9000 | weighted_recall 0.1612 | union_precision 0.9000 | threshold 0.725 | val_model raw | lr 0.001000
Epoch 27/60 | train_loss 0.7759 | union_precision 0.8889 | weighted_recall 0.1591 | union_precision 0.8889 | threshold 0.750 | val_model raw | lr 0.001000
Epoch 28/60 | train_loss 0.7720 | union_precision 0.8889 | weighted_recall 0.1591 | union_precision 0.8889 | threshold 0.750 | val_model raw | lr 0.001000
Early stopping at epoch 28
Held-out M59-2 | union_precision=1.0000 | weighted_recall=0.2310 | consensus_recall=0.0000
Epoch 1/60 | train_loss 1.5355 | union_precision 1.0000 | weighted_recall 0.0030 | union_precision 1.0000 | threshold 0.575 | val_model raw | lr 0.001000
Epoch 2/60 | train_loss 1.4028 | union_precision 1.0000 | weighted_recall 0.0030 | union_precision 1.0000 | threshold 0.575 | val_model raw | lr 0.001000
Epoch 3/60 | train_loss 1.3227 | union_precision 1.0000 | weighted_recall 0.0784 | union_precision 1.0000 | threshold 0.575 | val_model raw | lr 0.001000
Epoch 4/60 | train_loss 1.2501 | union_precision 1.0000 | weighted_recall 0.0784 | union_precision 1.0000 | threshold 0.600 | val_model raw | lr 0.001000
Epoch 5/60 | train_loss 1.2135 | union_precision 1.0000 | weighted_recall 0.0784 | union_precision 1.0000 | threshold 0.625 | val_model raw | lr 0.001000
Epoch 6/60 | train_loss 1.1732 | union_precision 1.0000 | weighted_recall 0.0784 | union_precision 1.0000 | threshold 0.650 | val_model raw | lr 0.001000
Epoch 7/60 | train_loss 1.1415 | union_precision 1.0000 | weighted_recall 0.0784 | union_precision 1.0000 | threshold 0.650 | val_model raw | lr 0.001000
Epoch 8/60 | train_loss 1.1086 | union_precision 1.0000 | weighted_recall 0.0784 | union_precision 1.0000 | threshold 0.675 | val_model raw | lr 0.001000
Epoch 9/60 | train_loss 1.0938 | union_precision 1.0000 | weighted_recall 0.0784 | union_precision 1.0000 | threshold 0.675 | val_model raw | lr 0.001000
Epoch 10/60 | train_loss 1.0613 | union_precision 1.0000 | weighted_recall 0.0784 | union_precision 1.0000 | threshold 0.675 | val_model raw | lr 0.001000
Epoch 11/60 | train_loss 1.0492 | union_precision 1.0000 | weighted_recall 0.0784 | union_precision 1.0000 | threshold 0.700 | val_model raw | lr 0.001000
Epoch 12/60 | train_loss 1.0251 | union_precision 1.0000 | weighted_recall 0.0784 | union_precision 1.0000 | threshold 0.725 | val_model raw | lr 0.001000
Epoch 13/60 | train_loss 0.9986 | union_precision 1.0000 | weighted_recall 0.0784 | union_precision 1.0000 | threshold 0.725 | val_model raw | lr 0.001000
Early stopping at epoch 13
Held-out M59-3 | union_precision=1.0000 | weighted_recall=0.0784 | consensus_recall=0.5000
Epoch 1/60 | train_loss 1.5338 | union_precision 0.7500 | weighted_recall 0.0875 | union_precision 0.7500 | threshold 0.525 | val_model raw | lr 0.001000
Epoch 2/60 | train_loss 1.3906 | union_precision 0.7500 | weighted_recall 0.0875 | union_precision 0.7500 | threshold 0.550 | val_model raw | lr 0.001000
Epoch 3/60 | train_loss 1.3137 | union_precision 0.6667 | weighted_recall 0.0875 | union_precision 0.6667 | threshold 0.550 | val_model raw | lr 0.001000
Epoch 4/60 | train_loss 1.2441 | union_precision 0.6667 | weighted_recall 0.0494 | union_precision 0.6667 | threshold 0.625 | val_model raw | lr 0.001000
Epoch 5/60 | train_loss 1.2050 | union_precision 0.5500 | weighted_recall 0.1023 | union_precision 0.5500 | threshold 0.525 | val_model raw | lr 0.001000
Epoch 6/60 | train_loss 1.1681 | union_precision 0.5455 | weighted_recall 0.1087 | union_precision 0.5455 | threshold 0.525 | val_model raw | lr 0.001000
Epoch 7/60 | train_loss 1.1307 | union_precision 0.5500 | weighted_recall 0.1023 | union_precision 0.5500 | threshold 0.550 | val_model raw | lr 0.001000
Epoch 8/60 | train_loss 1.1030 | union_precision 0.6098 | weighted_recall 0.2880 | union_precision 0.6098 | threshold 0.450 | val_model raw | lr 0.001000
Epoch 9/60 | train_loss 1.0880 | union_precision 0.6098 | weighted_recall 0.2880 | union_precision 0.6098 | threshold 0.450 | val_model raw | lr 0.001000
Epoch 10/60 | train_loss 1.0552 | union_precision 0.6111 | weighted_recall 0.2608 | union_precision 0.6111 | threshold 0.500 | val_model raw | lr 0.001000
Epoch 11/60 | train_loss 1.0432 | union_precision 0.6000 | weighted_recall 0.2449 | union_precision 0.6000 | threshold 0.450 | val_model raw | lr 0.001000
Early stopping at epoch 11
Held-out M63-1 | union_precision=0.7500 | weighted_recall=0.0875 | consensus_recall=0.0000
Epoch 1/60 | train_loss 1.5324 | union_precision 1.0000 | weighted_recall 0.0712 | union_precision 1.0000 | threshold 0.600 | val_model raw | lr 0.001000
Epoch 2/60 | train_loss 1.3929 | union_precision 1.0000 | weighted_recall 0.1197 | union_precision 1.0000 | threshold 0.575 | val_model raw | lr 0.001000
Epoch 3/60 | train_loss 1.3139 | union_precision 1.0000 | weighted_recall 0.1197 | union_precision 1.0000 | threshold 0.600 | val_model raw | lr 0.001000
Epoch 4/60 | train_loss 1.2459 | union_precision 1.0000 | weighted_recall 0.1247 | union_precision 1.0000 | threshold 0.600 | val_model raw | lr 0.001000
Epoch 5/60 | train_loss 1.2124 | union_precision 1.0000 | weighted_recall 0.0712 | union_precision 1.0000 | threshold 0.625 | val_model raw | lr 0.001000
Epoch 6/60 | train_loss 1.1718 | union_precision 0.8750 | weighted_recall 0.2380 | union_precision 0.8750 | threshold 0.600 | val_model raw | lr 0.001000
Epoch 7/60 | train_loss 1.1355 | union_precision 1.0000 | weighted_recall 0.2070 | union_precision 1.0000 | threshold 0.625 | val_model raw | lr 0.001000
Epoch 8/60 | train_loss 1.1069 | union_precision 0.8571 | weighted_recall 0.2121 | union_precision 0.8571 | threshold 0.625 | val_model raw | lr 0.001000
Epoch 9/60 | train_loss 1.0922 | union_precision 1.0000 | weighted_recall 0.1197 | union_precision 1.0000 | threshold 0.650 | val_model raw | lr 0.001000
Epoch 10/60 | train_loss 1.0622 | union_precision 1.0000 | weighted_recall 0.0712 | union_precision 1.0000 | threshold 0.675 | val_model raw | lr 0.001000
Epoch 11/60 | train_loss 1.0463 | union_precision 0.8889 | weighted_recall 0.2727 | union_precision 0.8889 | threshold 0.650 | val_model raw | lr 0.001000
Epoch 12/60 | train_loss 1.0246 | union_precision 1.0000 | weighted_recall 0.0712 | union_precision 1.0000 | threshold 0.700 | val_model raw | lr 0.001000
Epoch 13/60 | train_loss 0.9985 | union_precision 1.0000 | weighted_recall 0.1197 | union_precision 1.0000 | threshold 0.700 | val_model raw | lr 0.001000
Epoch 14/60 | train_loss 0.9776 | union_precision 1.0000 | weighted_recall 0.0712 | union_precision 1.0000 | threshold 0.725 | val_model raw | lr 0.001000
Epoch 15/60 | train_loss 0.9579 | union_precision 1.0000 | weighted_recall 0.0712 | union_precision 1.0000 | threshold 0.750 | val_model raw | lr 0.001000
Epoch 16/60 | train_loss 0.9326 | union_precision 1.0000 | weighted_recall 0.1197 | union_precision 1.0000 | threshold 0.750 | val_model raw | lr 0.001000
Epoch 17/60 | train_loss 0.9203 | union_precision 1.0000 | weighted_recall 0.1601 | union_precision 1.0000 | threshold 0.750 | val_model raw | lr 0.001000
Epoch 18/60 | train_loss 0.9016 | union_precision 1.0000 | weighted_recall 0.1601 | union_precision 1.0000 | threshold 0.775 | val_model raw | lr 0.001000
Epoch 19/60 | train_loss 0.8804 | union_precision 1.0000 | weighted_recall 0.1601 | union_precision 1.0000 | threshold 0.775 | val_model raw | lr 0.001000
Epoch 20/60 | train_loss 0.8691 | union_precision 1.0000 | weighted_recall 0.1116 | union_precision 1.0000 | threshold 0.800 | val_model raw | lr 0.001000
Epoch 21/60 | train_loss 0.8550 | union_precision 1.0000 | weighted_recall 0.1601 | union_precision 1.0000 | threshold 0.800 | val_model raw | lr 0.001000
Early stopping at epoch 21
Held-out M63-3 | union_precision=0.8889 | weighted_recall=0.2727 | consensus_recall=0.0000
Epoch 1/60 | train_loss 1.5310 | union_precision 0.8000 | weighted_recall 0.1312 | union_precision 0.8000 | threshold 0.550 | val_model raw | lr 0.001000
Epoch 2/60 | train_loss 1.3917 | union_precision 0.8333 | weighted_recall 0.1378 | union_precision 0.8333 | threshold 0.525 | val_model raw | lr 0.001000
Epoch 3/60 | train_loss 1.3165 | union_precision 0.9091 | weighted_recall 0.3918 | union_precision 0.9091 | threshold 0.525 | val_model raw | lr 0.001000
Epoch 4/60 | train_loss 1.2476 | union_precision 0.8571 | weighted_recall 0.5117 | union_precision 0.8571 | threshold 0.500 | val_model raw | lr 0.001000
Epoch 5/60 | train_loss 1.2149 | union_precision 0.9091 | weighted_recall 0.3918 | union_precision 0.9091 | threshold 0.550 | val_model raw | lr 0.001000
Epoch 6/60 | train_loss 1.1726 | union_precision 0.8571 | weighted_recall 0.4850 | union_precision 0.8571 | threshold 0.525 | val_model raw | lr 0.001000
Epoch 7/60 | train_loss 1.1373 | union_precision 0.8000 | weighted_recall 0.2515 | union_precision 0.8000 | threshold 0.600 | val_model raw | lr 0.001000
Epoch 8/60 | train_loss 1.1085 | union_precision 0.8571 | weighted_recall 0.3028 | union_precision 0.8571 | threshold 0.600 | val_model raw | lr 0.001000
Epoch 9/60 | train_loss 1.0931 | union_precision 0.8571 | weighted_recall 0.3028 | union_precision 0.8571 | threshold 0.600 | val_model raw | lr 0.001000
Epoch 10/60 | train_loss 1.0641 | union_precision 0.8571 | weighted_recall 0.3028 | union_precision 0.8571 | threshold 0.625 | val_model raw | lr 0.001000
Epoch 11/60 | train_loss 1.0472 | union_precision 0.8571 | weighted_recall 0.3028 | union_precision 0.8571 | threshold 0.625 | val_model raw | lr 0.001000
Epoch 12/60 | train_loss 1.0258 | union_precision 0.9000 | weighted_recall 0.3830 | union_precision 0.9000 | threshold 0.625 | val_model raw | lr 0.001000
Epoch 13/60 | train_loss 0.9989 | union_precision 0.8667 | weighted_recall 0.5430 | union_precision 0.8667 | threshold 0.575 | val_model raw | lr 0.001000
Epoch 14/60 | train_loss 0.9757 | union_precision 0.9231 | weighted_recall 0.5050 | union_precision 0.9231 | threshold 0.575 | val_model raw | lr 0.001000
Epoch 15/60 | train_loss 0.9583 | union_precision 0.9167 | weighted_recall 0.4649 | union_precision 0.9167 | threshold 0.600 | val_model raw | lr 0.001000
Epoch 16/60 | train_loss 0.9315 | union_precision 1.0000 | weighted_recall 0.4649 | union_precision 1.0000 | threshold 0.600 | val_model raw | lr 0.001000
Epoch 17/60 | train_loss 0.9213 | union_precision 0.9167 | weighted_recall 0.4649 | union_precision 0.9167 | threshold 0.600 | val_model raw | lr 0.001000
Epoch 18/60 | train_loss 0.9006 | union_precision 0.9167 | weighted_recall 0.4649 | union_precision 0.9167 | threshold 0.600 | val_model raw | lr 0.001000
Epoch 19/60 | train_loss 0.8813 | union_precision 0.9167 | weighted_recall 0.4649 | union_precision 0.9167 | threshold 0.600 | val_model raw | lr 0.001000
Epoch 20/60 | train_loss 0.8695 | union_precision 0.9167 | weighted_recall 0.4649 | union_precision 0.9167 | threshold 0.600 | val_model raw | lr 0.001000
Epoch 21/60 | train_loss 0.8564 | union_precision 0.9167 | weighted_recall 0.4649 | union_precision 0.9167 | threshold 0.600 | val_model raw | lr 0.001000
Epoch 22/60 | train_loss 0.8369 | union_precision 0.9167 | weighted_recall 0.4649 | union_precision 0.9167 | threshold 0.600 | val_model raw | lr 0.001000
Epoch 23/60 | train_loss 0.8279 | union_precision 0.9000 | weighted_recall 0.2715 | union_precision 0.9000 | threshold 0.650 | val_model raw | lr 0.001000
Early stopping at epoch 23
Held-out M67-1 | union_precision=0.8667 | weighted_recall=0.5430 | consensus_recall=0.0000
Epoch 1/60 | train_loss 1.5323 | union_precision 0.3103 | weighted_recall 0.2417 | union_precision 0.3103 | threshold 0.450 | val_model raw | lr 0.001000
Epoch 2/60 | train_loss 1.3896 | union_precision 0.3750 | weighted_recall 0.2812 | union_precision 0.3750 | threshold 0.050 | val_model raw | lr 0.001000
Epoch 3/60 | train_loss 1.3150 | union_precision 0.4286 | weighted_recall 0.0891 | union_precision 0.4286 | threshold 0.550 | val_model raw | lr 0.001000
Epoch 4/60 | train_loss 1.2458 | union_precision 0.5000 | weighted_recall 0.0770 | union_precision 0.5000 | threshold 0.575 | val_model raw | lr 0.001000
Epoch 5/60 | train_loss 1.2118 | union_precision 0.5333 | weighted_recall 0.1911 | union_precision 0.5333 | threshold 0.550 | val_model raw | lr 0.001000
Epoch 6/60 | train_loss 1.1719 | union_precision 0.5714 | weighted_recall 0.1252 | union_precision 0.5714 | threshold 0.575 | val_model raw | lr 0.001000
Epoch 7/60 | train_loss 1.1357 | union_precision 0.6250 | weighted_recall 0.1329 | union_precision 0.6250 | threshold 0.575 | val_model raw | lr 0.001000
Epoch 8/60 | train_loss 1.1076 | union_precision 0.7143 | weighted_recall 0.1286 | union_precision 0.7143 | threshold 0.575 | val_model raw | lr 0.001000
Epoch 9/60 | train_loss 1.0901 | union_precision 0.7143 | weighted_recall 0.1286 | union_precision 0.7143 | threshold 0.575 | val_model raw | lr 0.001000
Epoch 10/60 | train_loss 1.0626 | union_precision 0.7143 | weighted_recall 0.1286 | union_precision 0.7143 | threshold 0.575 | val_model raw | lr 0.001000
Epoch 11/60 | train_loss 1.0463 | union_precision 0.7500 | weighted_recall 0.1647 | union_precision 0.7500 | threshold 0.575 | val_model raw | lr 0.001000
Epoch 12/60 | train_loss 1.0236 | union_precision 0.7500 | weighted_recall 0.1647 | union_precision 0.7500 | threshold 0.600 | val_model raw | lr 0.001000
Epoch 13/60 | train_loss 0.9985 | union_precision 0.7500 | weighted_recall 0.1647 | union_precision 0.7500 | threshold 0.600 | val_model raw | lr 0.001000
Epoch 14/60 | train_loss 0.9728 | union_precision 0.7500 | weighted_recall 0.1647 | union_precision 0.7500 | threshold 0.600 | val_model raw | lr 0.001000
Epoch 15/60 | train_loss 0.9570 | union_precision 0.7857 | weighted_recall 0.2152 | union_precision 0.7857 | threshold 0.575 | val_model raw | lr 0.001000
Epoch 16/60 | train_loss 0.9339 | union_precision 0.8571 | weighted_recall 0.2229 | union_precision 0.8571 | threshold 0.575 | val_model raw | lr 0.001000
Epoch 17/60 | train_loss 0.9195 | union_precision 0.8571 | weighted_recall 0.2229 | union_precision 0.8571 | threshold 0.575 | val_model raw | lr 0.001000
Epoch 18/60 | train_loss 0.8995 | union_precision 0.8571 | weighted_recall 0.2229 | union_precision 0.8571 | threshold 0.575 | val_model raw | lr 0.001000
Epoch 19/60 | train_loss 0.8832 | union_precision 0.9091 | weighted_recall 0.1998 | union_precision 0.9091 | threshold 0.625 | val_model raw | lr 0.001000
Epoch 20/60 | train_loss 0.8715 | union_precision 0.9231 | weighted_recall 0.2229 | union_precision 0.9231 | threshold 0.600 | val_model raw | lr 0.001000
Epoch 21/60 | train_loss 0.8571 | union_precision 0.9231 | weighted_recall 0.2229 | union_precision 0.9231 | threshold 0.600 | val_model raw | lr 0.001000
Epoch 22/60 | train_loss 0.8397 | union_precision 0.8571 | weighted_recall 0.2229 | union_precision 0.8571 | threshold 0.600 | val_model raw | lr 0.001000
Epoch 23/60 | train_loss 0.8277 | union_precision 0.9231 | weighted_recall 0.2229 | union_precision 0.9231 | threshold 0.625 | val_model raw | lr 0.001000
Epoch 24/60 | train_loss 0.8197 | union_precision 0.8571 | weighted_recall 0.2229 | union_precision 0.8571 | threshold 0.600 | val_model raw | lr 0.001000
Epoch 25/60 | train_loss 0.8143 | union_precision 0.8667 | weighted_recall 0.2383 | union_precision 0.8667 | threshold 0.600 | val_model raw | lr 0.001000
Epoch 26/60 | train_loss 0.7949 | union_precision 0.8571 | weighted_recall 0.2229 | union_precision 0.8571 | threshold 0.600 | val_model raw | lr 0.001000
Epoch 27/60 | train_loss 0.7728 | union_precision 0.8667 | weighted_recall 0.2383 | union_precision 0.8667 | threshold 0.575 | val_model raw | lr 0.001000
Epoch 28/60 | train_loss 0.7685 | union_precision 0.8667 | weighted_recall 0.2383 | union_precision 0.8667 | threshold 0.575 | val_model raw | lr 0.001000
Epoch 29/60 | train_loss 0.7502 | union_precision 0.8667 | weighted_recall 0.2383 | union_precision 0.8667 | threshold 0.575 | val_model raw | lr 0.001000
Epoch 30/60 | train_loss 0.7403 | union_precision 0.8750 | weighted_recall 0.1724 | union_precision 0.8750 | threshold 0.650 | val_model raw | lr 0.001000
Epoch 31/60 | train_loss 0.7382 | union_precision 0.8750 | weighted_recall 0.1724 | union_precision 0.8750 | threshold 0.650 | val_model raw | lr 0.001000
Epoch 32/60 | train_loss 0.7307 | union_precision 0.8571 | weighted_recall 0.1647 | union_precision 0.8571 | threshold 0.725 | val_model raw | lr 0.001000
Epoch 33/60 | train_loss 0.7084 | union_precision 1.0000 | weighted_recall 0.1131 | union_precision 1.0000 | threshold 0.900 | val_model raw | lr 0.001000
Epoch 34/60 | train_loss 0.7006 | union_precision 1.0000 | weighted_recall 0.1131 | union_precision 1.0000 | threshold 0.900 | val_model raw | lr 0.001000
Epoch 35/60 | train_loss 0.6773 | union_precision 1.0000 | weighted_recall 0.1131 | union_precision 1.0000 | threshold 0.900 | val_model raw | lr 0.001000
Early stopping at epoch 35
Held-out M67-2 | union_precision=0.8667 | weighted_recall=0.2383 | consensus_recall=0.0000
Epoch 1/60 | train_loss 1.5318 | union_precision 1.0000 | weighted_recall 0.0815 | union_precision 1.0000 | threshold 0.600 | val_model raw | lr 0.001000
Epoch 2/60 | train_loss 1.3933 | union_precision 1.0000 | weighted_recall 0.0815 | union_precision 1.0000 | threshold 0.600 | val_model raw | lr 0.001000
Epoch 3/60 | train_loss 1.3164 | union_precision 1.0000 | weighted_recall 0.0815 | union_precision 1.0000 | threshold 0.650 | val_model raw | lr 0.001000
Epoch 4/60 | train_loss 1.2487 | union_precision 1.0000 | weighted_recall 0.0815 | union_precision 1.0000 | threshold 0.675 | val_model raw | lr 0.001000
Epoch 5/60 | train_loss 1.2135 | union_precision 1.0000 | weighted_recall 0.0815 | union_precision 1.0000 | threshold 0.675 | val_model raw | lr 0.001000
Epoch 6/60 | train_loss 1.1731 | union_precision 1.0000 | weighted_recall 0.0815 | union_precision 1.0000 | threshold 0.675 | val_model raw | lr 0.001000
Epoch 7/60 | train_loss 1.1374 | union_precision 1.0000 | weighted_recall 0.0815 | union_precision 1.0000 | threshold 0.700 | val_model raw | lr 0.001000
Epoch 8/60 | train_loss 1.1102 | union_precision 1.0000 | weighted_recall 0.0815 | union_precision 1.0000 | threshold 0.700 | val_model raw | lr 0.001000
Epoch 9/60 | train_loss 1.0921 | union_precision 1.0000 | weighted_recall 0.1558 | union_precision 1.0000 | threshold 0.700 | val_model raw | lr 0.001000
Epoch 10/60 | train_loss 1.0644 | union_precision 1.0000 | weighted_recall 0.0136 | union_precision 1.0000 | threshold 0.725 | val_model raw | lr 0.001000
Epoch 11/60 | train_loss 1.0474 | union_precision 0.8000 | weighted_recall 0.2576 | union_precision 0.8000 | threshold 0.725 | val_model raw | lr 0.001000
Epoch 12/60 | train_loss 1.0263 | union_precision 1.0000 | weighted_recall 0.0879 | union_precision 1.0000 | threshold 0.750 | val_model raw | lr 0.001000
Epoch 13/60 | train_loss 1.0004 | union_precision 1.0000 | weighted_recall 0.0879 | union_precision 1.0000 | threshold 0.775 | val_model raw | lr 0.001000
Epoch 14/60 | train_loss 0.9748 | union_precision 0.8571 | weighted_recall 0.3599 | union_precision 0.8571 | threshold 0.750 | val_model raw | lr 0.001000
Epoch 15/60 | train_loss 0.9592 | union_precision 0.8571 | weighted_recall 0.3599 | union_precision 0.8571 | threshold 0.750 | val_model raw | lr 0.001000
Epoch 16/60 | train_loss 0.9361 | union_precision 0.8750 | weighted_recall 0.3667 | union_precision 0.8750 | threshold 0.725 | val_model raw | lr 0.001000
Epoch 17/60 | train_loss 0.9211 | union_precision 0.8571 | weighted_recall 0.3599 | union_precision 0.8571 | threshold 0.750 | val_model raw | lr 0.001000
Epoch 18/60 | train_loss 0.9016 | union_precision 0.8571 | weighted_recall 0.3599 | union_precision 0.8571 | threshold 0.775 | val_model raw | lr 0.001000
Epoch 19/60 | train_loss 0.8888 | union_precision 0.8750 | weighted_recall 0.4346 | union_precision 0.8750 | threshold 0.775 | val_model raw | lr 0.001000
Epoch 20/60 | train_loss 0.8760 | union_precision 0.8571 | weighted_recall 0.4278 | union_precision 0.8571 | threshold 0.800 | val_model raw | lr 0.001000
Epoch 21/60 | train_loss 0.8629 | union_precision 1.0000 | weighted_recall 0.3323 | union_precision 1.0000 | threshold 0.850 | val_model raw | lr 0.001000
Epoch 22/60 | train_loss 0.8440 | union_precision 1.0000 | weighted_recall 0.3323 | union_precision 1.0000 | threshold 0.850 | val_model raw | lr 0.001000
Epoch 23/60 | train_loss 0.8325 | union_precision 0.8571 | weighted_recall 0.3391 | union_precision 0.8571 | threshold 0.825 | val_model raw | lr 0.001000
Epoch 24/60 | train_loss 0.8231 | union_precision 1.0000 | weighted_recall 0.3323 | union_precision 1.0000 | threshold 0.850 | val_model raw | lr 0.001000
Epoch 25/60 | train_loss 0.8197 | union_precision 1.0000 | weighted_recall 0.3256 | union_precision 1.0000 | threshold 0.850 | val_model raw | lr 0.001000
Epoch 26/60 | train_loss 0.7966 | union_precision 1.0000 | weighted_recall 0.3256 | union_precision 1.0000 | threshold 0.850 | val_model raw | lr 0.001000
Epoch 27/60 | train_loss 0.7770 | union_precision 1.0000 | weighted_recall 0.3256 | union_precision 1.0000 | threshold 0.850 | val_model raw | lr 0.001000
Epoch 28/60 | train_loss 0.7731 | union_precision 1.0000 | weighted_recall 0.3256 | union_precision 1.0000 | threshold 0.850 | val_model raw | lr 0.001000
Epoch 29/60 | train_loss 0.7533 | union_precision 1.0000 | weighted_recall 0.3256 | union_precision 1.0000 | threshold 0.850 | val_model raw | lr 0.001000
Early stopping at epoch 29
Held-out M67-3 | union_precision=0.8750 | weighted_recall=0.4346 | consensus_recall=0.0000
Epoch 1/60 | train_loss 1.5323 | union_precision 0.6364 | weighted_recall 0.0785 | union_precision 0.6364 | threshold 0.550 | val_model raw | lr 0.001000
Epoch 2/60 | train_loss 1.3925 | union_precision 0.6667 | weighted_recall 0.0743 | union_precision 0.6667 | threshold 0.575 | val_model raw | lr 0.001000
Epoch 3/60 | train_loss 1.3167 | union_precision 0.7500 | weighted_recall 0.0585 | union_precision 0.7500 | threshold 0.600 | val_model raw | lr 0.001000
Epoch 4/60 | train_loss 1.2469 | union_precision 0.8571 | weighted_recall 0.0585 | union_precision 0.8571 | threshold 0.625 | val_model raw | lr 0.001000
Epoch 5/60 | train_loss 1.2134 | union_precision 0.8000 | weighted_recall 0.0411 | union_precision 0.8000 | threshold 0.650 | val_model raw | lr 0.001000
Epoch 6/60 | train_loss 1.1719 | union_precision 0.8333 | weighted_recall 0.0543 | union_precision 0.8333 | threshold 0.650 | val_model raw | lr 0.001000
Epoch 7/60 | train_loss 1.1348 | union_precision 1.0000 | weighted_recall 0.1245 | union_precision 1.0000 | threshold 0.650 | val_model raw | lr 0.001000
Epoch 8/60 | train_loss 1.1085 | union_precision 1.0000 | weighted_recall 0.2605 | union_precision 1.0000 | threshold 0.650 | val_model raw | lr 0.001000
Epoch 9/60 | train_loss 1.0897 | union_precision 1.0000 | weighted_recall 0.2605 | union_precision 1.0000 | threshold 0.650 | val_model raw | lr 0.001000
Epoch 10/60 | train_loss 1.0609 | union_precision 0.9167 | weighted_recall 0.2605 | union_precision 0.9167 | threshold 0.650 | val_model raw | lr 0.001000
Epoch 11/60 | train_loss 1.0428 | union_precision 0.8889 | weighted_recall 0.4974 | union_precision 0.8889 | threshold 0.650 | val_model raw | lr 0.001000
Epoch 12/60 | train_loss 1.0227 | union_precision 0.8696 | weighted_recall 0.5415 | union_precision 0.8696 | threshold 0.650 | val_model raw | lr 0.001000
Epoch 13/60 | train_loss 0.9969 | union_precision 0.8889 | weighted_recall 0.4974 | union_precision 0.8889 | threshold 0.675 | val_model raw | lr 0.001000
Epoch 14/60 | train_loss 0.9717 | union_precision 1.0000 | weighted_recall 0.3464 | union_precision 1.0000 | threshold 0.725 | val_model raw | lr 0.001000
Epoch 15/60 | train_loss 0.9544 | union_precision 0.9333 | weighted_recall 0.4298 | union_precision 0.9333 | threshold 0.700 | val_model raw | lr 0.001000
Epoch 16/60 | train_loss 0.9285 | union_precision 0.9167 | weighted_recall 0.3464 | union_precision 0.9167 | threshold 0.725 | val_model raw | lr 0.001000
Epoch 17/60 | train_loss 0.9178 | union_precision 0.8500 | weighted_recall 0.4463 | union_precision 0.8500 | threshold 0.700 | val_model raw | lr 0.001000
Epoch 18/60 | train_loss 0.8975 | union_precision 1.0000 | weighted_recall 0.3464 | union_precision 1.0000 | threshold 0.800 | val_model raw | lr 0.001000
Epoch 19/60 | train_loss 0.8815 | union_precision 1.0000 | weighted_recall 0.3464 | union_precision 1.0000 | threshold 0.825 | val_model raw | lr 0.001000
Epoch 20/60 | train_loss 0.8712 | union_precision 0.9167 | weighted_recall 0.3464 | union_precision 0.9167 | threshold 0.775 | val_model raw | lr 0.001000
Epoch 21/60 | train_loss 0.8569 | union_precision 0.9167 | weighted_recall 0.3464 | union_precision 0.9167 | threshold 0.775 | val_model raw | lr 0.001000
Epoch 22/60 | train_loss 0.8369 | union_precision 0.9167 | weighted_recall 0.3464 | union_precision 0.9167 | threshold 0.800 | val_model raw | lr 0.001000
Early stopping at epoch 22
Held-out M67-4 | union_precision=0.8696 | weighted_recall=0.5415 | consensus_recall=0.0000
Epoch 1/60 | train_loss 1.5302 | union_precision 0.5000 | weighted_recall 0.0437 | union_precision 0.5000 | threshold 0.550 | val_model raw | lr 0.001000
Epoch 2/60 | train_loss 1.3890 | union_precision 0.5714 | weighted_recall 0.0437 | union_precision 0.5714 | threshold 0.550 | val_model raw | lr 0.001000
Epoch 3/60 | train_loss 1.3132 | union_precision 0.5000 | weighted_recall 0.0437 | union_precision 0.5000 | threshold 0.525 | val_model raw | lr 0.001000
Epoch 4/60 | train_loss 1.2421 | union_precision 1.0000 | weighted_recall 0.0357 | union_precision 1.0000 | threshold 0.650 | val_model raw | lr 0.001000
Epoch 5/60 | train_loss 1.2133 | union_precision 1.0000 | weighted_recall 0.0357 | union_precision 1.0000 | threshold 0.650 | val_model raw | lr 0.001000
Epoch 6/60 | train_loss 1.1699 | union_precision 1.0000 | weighted_recall 0.0357 | union_precision 1.0000 | threshold 0.650 | val_model raw | lr 0.001000
Epoch 7/60 | train_loss 1.1296 | union_precision 1.0000 | weighted_recall 0.0357 | union_precision 1.0000 | threshold 0.650 | val_model raw | lr 0.001000
Epoch 8/60 | train_loss 1.1077 | union_precision 1.0000 | weighted_recall 0.0357 | union_precision 1.0000 | threshold 0.650 | val_model raw | lr 0.001000
Epoch 9/60 | train_loss 1.0854 | union_precision 1.0000 | weighted_recall 0.0357 | union_precision 1.0000 | threshold 0.650 | val_model raw | lr 0.001000
Epoch 10/60 | train_loss 1.0600 | union_precision 1.0000 | weighted_recall 0.0635 | union_precision 1.0000 | threshold 0.650 | val_model raw | lr 0.001000
Epoch 11/60 | train_loss 1.0439 | union_precision 1.0000 | weighted_recall 0.0357 | union_precision 1.0000 | threshold 0.675 | val_model raw | lr 0.001000
Epoch 12/60 | train_loss 1.0238 | union_precision 1.0000 | weighted_recall 0.0635 | union_precision 1.0000 | threshold 0.675 | val_model raw | lr 0.001000
Epoch 13/60 | train_loss 0.9963 | union_precision 1.0000 | weighted_recall 0.0635 | union_precision 1.0000 | threshold 0.700 | val_model raw | lr 0.001000
Epoch 14/60 | train_loss 0.9705 | union_precision 1.0000 | weighted_recall 0.0635 | union_precision 1.0000 | threshold 0.700 | val_model raw | lr 0.001000
Epoch 15/60 | train_loss 0.9581 | union_precision 1.0000 | weighted_recall 0.0635 | union_precision 1.0000 | threshold 0.700 | val_model raw | lr 0.001000
Epoch 16/60 | train_loss 0.9326 | union_precision 0.8571 | weighted_recall 0.1347 | union_precision 0.8571 | threshold 0.650 | val_model raw | lr 0.001000
Epoch 17/60 | train_loss 0.9203 | union_precision 0.8750 | weighted_recall 0.1387 | union_precision 0.8750 | threshold 0.650 | val_model raw | lr 0.001000
Epoch 18/60 | train_loss 0.9027 | union_precision 0.8750 | weighted_recall 0.1387 | union_precision 0.8750 | threshold 0.650 | val_model raw | lr 0.001000
Epoch 19/60 | train_loss 0.8881 | union_precision 1.0000 | weighted_recall 0.1347 | union_precision 1.0000 | threshold 0.700 | val_model raw | lr 0.001000
Epoch 20/60 | train_loss 0.8771 | union_precision 0.9167 | weighted_recall 0.1697 | union_precision 0.9167 | threshold 0.600 | val_model raw | lr 0.001000
Epoch 21/60 | train_loss 0.8589 | union_precision 0.9167 | weighted_recall 0.1697 | union_precision 0.9167 | threshold 0.600 | val_model raw | lr 0.001000
Epoch 22/60 | train_loss 0.8424 | union_precision 0.9286 | weighted_recall 0.1901 | union_precision 0.9286 | threshold 0.600 | val_model raw | lr 0.001000
Epoch 23/60 | train_loss 0.8296 | union_precision 0.9286 | weighted_recall 0.1901 | union_precision 0.9286 | threshold 0.600 | val_model raw | lr 0.001000
Epoch 24/60 | train_loss 0.8221 | union_precision 0.9286 | weighted_recall 0.1901 | union_precision 0.9286 | threshold 0.600 | val_model raw | lr 0.001000
Epoch 25/60 | train_loss 0.8153 | union_precision 1.0000 | weighted_recall 0.1347 | union_precision 1.0000 | threshold 0.725 | val_model raw | lr 0.001000
Epoch 26/60 | train_loss 0.7948 | union_precision 1.0000 | weighted_recall 0.1347 | union_precision 1.0000 | threshold 0.725 | val_model raw | lr 0.001000
Epoch 27/60 | train_loss 0.7709 | union_precision 1.0000 | weighted_recall 0.1347 | union_precision 1.0000 | threshold 0.725 | val_model raw | lr 0.001000
Epoch 28/60 | train_loss 0.7705 | union_precision 1.0000 | weighted_recall 0.1347 | union_precision 1.0000 | threshold 0.725 | val_model raw | lr 0.001000
Epoch 29/60 | train_loss 0.7506 | union_precision 1.0000 | weighted_recall 0.1347 | union_precision 1.0000 | threshold 0.750 | val_model raw | lr 0.001000
Epoch 30/60 | train_loss 0.7400 | union_precision 1.0000 | weighted_recall 0.1347 | union_precision 1.0000 | threshold 0.750 | val_model raw | lr 0.001000
Epoch 31/60 | train_loss 0.7368 | union_precision 1.0000 | weighted_recall 0.1347 | union_precision 1.0000 | threshold 0.775 | val_model raw | lr 0.001000
Epoch 32/60 | train_loss 0.7286 | union_precision 1.0000 | weighted_recall 0.1347 | union_precision 1.0000 | threshold 0.775 | val_model raw | lr 0.001000
Early stopping at epoch 32
Held-out M68-1 | union_precision=0.9286 | weighted_recall=0.1901 | consensus_recall=0.0000
Epoch 1/60 | train_loss 1.5295 | union_precision 1.0000 | weighted_recall 0.1878 | union_precision 1.0000 | threshold 0.575 | val_model raw | lr 0.001000
Epoch 2/60 | train_loss 1.3906 | union_precision 1.0000 | weighted_recall 0.1660 | union_precision 1.0000 | threshold 0.600 | val_model raw | lr 0.001000
Epoch 3/60 | train_loss 1.3154 | union_precision 1.0000 | weighted_recall 0.1441 | union_precision 1.0000 | threshold 0.625 | val_model raw | lr 0.001000
Epoch 4/60 | train_loss 1.2457 | union_precision 1.0000 | weighted_recall 0.0644 | union_precision 1.0000 | threshold 0.650 | val_model raw | lr 0.001000
Epoch 5/60 | train_loss 1.2155 | union_precision 0.7500 | weighted_recall 0.1416 | union_precision 0.7500 | threshold 0.650 | val_model raw | lr 0.001000
Epoch 6/60 | train_loss 1.1707 | union_precision 0.8000 | weighted_recall 0.1635 | union_precision 0.8000 | threshold 0.650 | val_model raw | lr 0.001000
Epoch 7/60 | train_loss 1.1326 | union_precision 0.5294 | weighted_recall 0.5077 | union_precision 0.5294 | threshold 0.600 | val_model raw | lr 0.001000
Epoch 8/60 | train_loss 1.1105 | union_precision 0.5294 | weighted_recall 0.5077 | union_precision 0.5294 | threshold 0.600 | val_model raw | lr 0.001000
Epoch 9/60 | train_loss 1.0881 | union_precision 0.6667 | weighted_recall 0.2363 | union_precision 0.6667 | threshold 0.675 | val_model raw | lr 0.001000
Epoch 10/60 | train_loss 1.0639 | union_precision 0.7778 | weighted_recall 0.4765 | union_precision 0.7778 | threshold 0.675 | val_model raw | lr 0.001000
Epoch 11/60 | train_loss 1.0499 | union_precision 0.6667 | weighted_recall 0.2363 | union_precision 0.6667 | threshold 0.700 | val_model raw | lr 0.001000
Early stopping at epoch 11
Held-out M68-2 | union_precision=1.0000 | weighted_recall=0.1878 | consensus_recall=0.0000
Epoch 1/60 | train_loss 1.5280 | union_precision 0.4706 | weighted_recall 0.3075 | union_precision 0.4706 | threshold 0.525 | val_model raw | lr 0.001000
Epoch 2/60 | train_loss 1.3887 | union_precision 0.4706 | weighted_recall 0.3075 | union_precision 0.4706 | threshold 0.500 | val_model raw | lr 0.001000
Epoch 3/60 | train_loss 1.3140 | union_precision 0.4706 | weighted_recall 0.4685 | union_precision 0.4706 | threshold 0.475 | val_model raw | lr 0.001000
Epoch 4/60 | train_loss 1.2527 | union_precision 0.5714 | weighted_recall 0.5512 | union_precision 0.5714 | threshold 0.500 | val_model raw | lr 0.001000
Epoch 5/60 | train_loss 1.2147 | union_precision 0.5385 | weighted_recall 0.3540 | union_precision 0.5385 | threshold 0.650 | val_model raw | lr 0.001000
Epoch 6/60 | train_loss 1.1727 | union_precision 0.5455 | weighted_recall 0.2563 | union_precision 0.5455 | threshold 0.675 | val_model raw | lr 0.001000
Epoch 7/60 | train_loss 1.1315 | union_precision 0.5833 | weighted_recall 0.3657 | union_precision 0.5833 | threshold 0.675 | val_model raw | lr 0.001000
Epoch 8/60 | train_loss 1.1118 | union_precision 0.6250 | weighted_recall 0.3347 | union_precision 0.6250 | threshold 0.700 | val_model raw | lr 0.001000
Epoch 9/60 | train_loss 1.0920 | union_precision 0.6000 | weighted_recall 0.3155 | union_precision 0.6000 | threshold 0.725 | val_model raw | lr 0.001000
Epoch 10/60 | train_loss 1.0660 | union_precision 0.6000 | weighted_recall 0.3155 | union_precision 0.6000 | threshold 0.750 | val_model raw | lr 0.001000
Epoch 11/60 | train_loss 1.0483 | union_precision 0.6000 | weighted_recall 0.3155 | union_precision 0.6000 | threshold 0.775 | val_model raw | lr 0.001000
Epoch 12/60 | train_loss 1.0265 | union_precision 0.5625 | weighted_recall 0.6906 | union_precision 0.5625 | threshold 0.600 | val_model raw | lr 0.001000
Epoch 13/60 | train_loss 0.9992 | union_precision 0.6154 | weighted_recall 0.6831 | union_precision 0.6154 | threshold 0.775 | val_model raw | lr 0.001000
Epoch 14/60 | train_loss 0.9772 | union_precision 0.6000 | weighted_recall 0.2939 | union_precision 0.6000 | threshold 0.825 | val_model raw | lr 0.001000
Epoch 15/60 | train_loss 0.9641 | union_precision 0.5714 | weighted_recall 0.6831 | union_precision 0.5714 | threshold 0.750 | val_model raw | lr 0.001000
Epoch 16/60 | train_loss 0.9384 | union_precision 0.5714 | weighted_recall 0.6831 | union_precision 0.5714 | threshold 0.725 | val_model raw | lr 0.001000
Epoch 17/60 | train_loss 0.9235 | union_precision 0.5714 | weighted_recall 0.6831 | union_precision 0.5714 | threshold 0.700 | val_model raw | lr 0.001000
Epoch 18/60 | train_loss 0.9031 | union_precision 0.6154 | weighted_recall 0.6831 | union_precision 0.6154 | threshold 0.675 | val_model raw | lr 0.001000
Early stopping at epoch 18
Held-out M68-3 | union_precision=0.6250 | weighted_recall=0.3347 | consensus_recall=0.0000
Epoch 1/60 | train_loss 1.5356 | union_precision 0.4000 | weighted_recall 0.0191 | union_precision 0.4000 | threshold 0.575 | val_model raw | lr 0.001000
Epoch 2/60 | train_loss 1.3914 | union_precision 0.4545 | weighted_recall 0.0264 | union_precision 0.4545 | threshold 0.575 | val_model raw | lr 0.001000
Epoch 3/60 | train_loss 1.3173 | union_precision 0.5833 | weighted_recall 0.2743 | union_precision 0.5833 | threshold 0.525 | val_model raw | lr 0.001000
Epoch 4/60 | train_loss 1.2503 | union_precision 0.6757 | weighted_recall 0.1989 | union_precision 0.6757 | threshold 0.550 | val_model raw | lr 0.001000
Epoch 5/60 | train_loss 1.2125 | union_precision 0.6304 | weighted_recall 0.2247 | union_precision 0.6304 | threshold 0.550 | val_model raw | lr 0.001000
Epoch 6/60 | train_loss 1.1581 | union_precision 0.6571 | weighted_recall 0.1280 | union_precision 0.6571 | threshold 0.575 | val_model raw | lr 0.001000
Epoch 7/60 | train_loss 1.1354 | union_precision 0.7000 | weighted_recall 0.0784 | union_precision 0.7000 | threshold 0.625 | val_model raw | lr 0.001000
Epoch 8/60 | train_loss 1.1206 | union_precision 1.0000 | weighted_recall 0.0098 | union_precision 1.0000 | threshold 0.725 | val_model raw | lr 0.001000
Epoch 9/60 | train_loss 1.0936 | union_precision 1.0000 | weighted_recall 0.0119 | union_precision 1.0000 | threshold 0.725 | val_model raw | lr 0.001000
Epoch 10/60 | train_loss 1.0619 | union_precision 0.9091 | weighted_recall 0.0591 | union_precision 0.9091 | threshold 0.700 | val_model raw | lr 0.001000
Epoch 11/60 | train_loss 1.0407 | union_precision 1.0000 | weighted_recall 0.0591 | union_precision 1.0000 | threshold 0.725 | val_model raw | lr 0.001000
Epoch 12/60 | train_loss 1.0226 | union_precision 1.0000 | weighted_recall 0.0726 | union_precision 1.0000 | threshold 0.725 | val_model raw | lr 0.001000
Epoch 13/60 | train_loss 0.9974 | union_precision 0.8947 | weighted_recall 0.1101 | union_precision 0.8947 | threshold 0.725 | val_model raw | lr 0.001000
Epoch 14/60 | train_loss 0.9791 | union_precision 0.9231 | weighted_recall 0.0808 | union_precision 0.9231 | threshold 0.750 | val_model raw | lr 0.001000
Epoch 15/60 | train_loss 0.9620 | union_precision 1.0000 | weighted_recall 0.0608 | union_precision 1.0000 | threshold 0.775 | val_model raw | lr 0.001000
Epoch 16/60 | train_loss 0.9431 | union_precision 0.8519 | weighted_recall 0.1350 | union_precision 0.8519 | threshold 0.725 | val_model raw | lr 0.001000
Epoch 17/60 | train_loss 0.9192 | union_precision 0.8519 | weighted_recall 0.1350 | union_precision 0.8519 | threshold 0.750 | val_model raw | lr 0.001000
Epoch 18/60 | train_loss 0.8979 | union_precision 0.8500 | weighted_recall 0.1030 | union_precision 0.8500 | threshold 0.800 | val_model raw | lr 0.001000
Epoch 19/60 | train_loss 0.8832 | union_precision 0.8519 | weighted_recall 0.1331 | union_precision 0.8519 | threshold 0.775 | val_model raw | lr 0.001000
Epoch 20/60 | train_loss 0.8779 | union_precision 0.9333 | weighted_recall 0.0942 | union_precision 0.9333 | threshold 0.825 | val_model raw | lr 0.001000
Epoch 21/60 | train_loss 0.8546 | union_precision 0.8947 | weighted_recall 0.1039 | union_precision 0.8947 | threshold 0.825 | val_model raw | lr 0.001000
Epoch 22/60 | train_loss 0.8304 | union_precision 0.8500 | weighted_recall 0.1000 | union_precision 0.8500 | threshold 0.825 | val_model raw | lr 0.001000
Epoch 23/60 | train_loss 0.8350 | union_precision 0.9231 | weighted_recall 0.0860 | union_precision 0.9231 | threshold 0.850 | val_model raw | lr 0.001000
Epoch 24/60 | train_loss 0.8113 | union_precision 0.9333 | weighted_recall 0.0902 | union_precision 0.9333 | threshold 0.850 | val_model raw | lr 0.001000
Epoch 25/60 | train_loss 0.7991 | union_precision 0.9000 | weighted_recall 0.1065 | union_precision 0.9000 | threshold 0.850 | val_model raw | lr 0.001000
Epoch 26/60 | train_loss 0.7985 | union_precision 0.9048 | weighted_recall 0.1081 | union_precision 0.9048 | threshold 0.850 | val_model raw | lr 0.001000
Early stopping at epoch 26
Held-out M06-1__M06-2__M06-3 | union_precision=0.8519 | weighted_recall=0.1350 | consensus_recall=0.0000
Wrote nested CV results to /gpfs/work/int/yuxuanliu2204/Changheng/xmltoexp/MERIX SUBMISSION/Boundary_Restart/reports/nested_piece_cv/weighted_topdown_merge56_level4plus_boundary_seed42
Best candidate: model-tcn__detector_target-level4plus_boundary__selection_metric-weighted_recall__min_precision-0p85__loss_type-bce__rest_span_label_mode-none__rest_span_tolerance_negative_weight-1p0 | mean_primary_metric=0.2083 | mean_union_precision=0.9027
Command: python Command: run_nested_piece_cv.py Command: --config Command: configs/salience_grouped3_hi8_score_only_xml_curated.yaml Command: --outer_heldout_piece Command: M06-1 Command: M06-2 Command: M06-3 Command: --inner_mode Command: leave_one Command: --model Command: tcn Command: --detector_target Command: level56_boundary Command: --selection_metric Command: weighted_recall Command: --precision_metric Command: union_precision Command: --min_precision Command: 0.80 Command: --loss_type Command: bce Command: --min_train_frequency_target Command: 0.05 Command: --cumulative_merge_tolerance Command: 2 Command: --cumulative_component_weights_json Command: \{\"level56\":1.0\,\"level4\":0.64\,\"level3\":0.46\,\"level2\":0.28\,\"level1\":0.16\} Command: --device Command: cuda Command: --epochs Command: 60 Command: --early_stop_patience Command: 10 Command: --seed Command: 42 Command: --skip_stage_grading Command: --run_outer_fit Command: --output_dir Command: reports/nested_piece_cv/weighted_topdown_merge56_level56_boundary_seed42 Command: --reuse_existing 
Epoch 1/60 | train_loss 1.5291 | union_precision 0.1364 | weighted_recall 0.1104 | union_precision 0.1364 | threshold 0.050 | val_model raw | lr 0.001000
Epoch 2/60 | train_loss 1.3935 | union_precision 0.2581 | weighted_recall 0.1902 | union_precision 0.2581 | threshold 0.500 | val_model raw | lr 0.001000
Epoch 3/60 | train_loss 1.3049 | union_precision 0.4444 | weighted_recall 0.0982 | union_precision 0.4444 | threshold 0.525 | val_model raw | lr 0.001000
Epoch 4/60 | train_loss 1.2475 | union_precision 0.4444 | weighted_recall 0.0982 | union_precision 0.4444 | threshold 0.525 | val_model raw | lr 0.001000
Epoch 5/60 | train_loss 1.1923 | union_precision 0.6667 | weighted_recall 0.0675 | union_precision 0.6667 | threshold 0.550 | val_model raw | lr 0.001000
Epoch 6/60 | train_loss 1.1642 | union_precision 0.6667 | weighted_recall 0.0675 | union_precision 0.6667 | threshold 0.550 | val_model raw | lr 0.001000
Epoch 7/60 | train_loss 1.1084 | union_precision 0.8000 | weighted_recall 0.1043 | union_precision 0.8000 | threshold 0.550 | val_model raw | lr 0.001000
Epoch 8/60 | train_loss 1.0901 | union_precision 0.8000 | weighted_recall 0.1043 | union_precision 0.8000 | threshold 0.550 | val_model raw | lr 0.001000
Epoch 9/60 | train_loss 1.0507 | union_precision 0.8000 | weighted_recall 0.1043 | union_precision 0.8000 | threshold 0.575 | val_model raw | lr 0.001000
Epoch 10/60 | train_loss 1.0391 | union_precision 0.8000 | weighted_recall 0.1043 | union_precision 0.8000 | threshold 0.575 | val_model raw | lr 0.001000
Epoch 11/60 | train_loss 1.0082 | union_precision 0.8000 | weighted_recall 0.1043 | union_precision 0.8000 | threshold 0.600 | val_model raw | lr 0.001000
Epoch 12/60 | train_loss 0.9715 | union_precision 0.8000 | weighted_recall 0.1043 | union_precision 0.8000 | threshold 0.600 | val_model raw | lr 0.001000
Epoch 13/60 | train_loss 0.9633 | union_precision 0.8000 | weighted_recall 0.1288 | union_precision 0.8000 | threshold 0.625 | val_model raw | lr 0.001000
Epoch 14/60 | train_loss 0.9428 | union_precision 0.8333 | weighted_recall 0.1288 | union_precision 0.8333 | threshold 0.625 | val_model raw | lr 0.001000
Epoch 15/60 | train_loss 0.9132 | union_precision 0.8333 | weighted_recall 0.1104 | union_precision 0.8333 | threshold 0.650 | val_model raw | lr 0.001000
Epoch 16/60 | train_loss 0.8990 | union_precision 0.8333 | weighted_recall 0.1104 | union_precision 0.8333 | threshold 0.650 | val_model raw | lr 0.001000
Epoch 17/60 | train_loss 0.8674 | union_precision 0.8571 | weighted_recall 0.2086 | union_precision 0.8571 | threshold 0.650 | val_model raw | lr 0.001000
Epoch 18/60 | train_loss 0.8580 | union_precision 0.8889 | weighted_recall 0.2454 | union_precision 0.8889 | threshold 0.650 | val_model raw | lr 0.001000
Epoch 19/60 | train_loss 0.8498 | union_precision 0.8000 | weighted_recall 0.2454 | union_precision 0.8000 | threshold 0.650 | val_model raw | lr 0.001000
Epoch 20/60 | train_loss 0.8145 | union_precision 0.8182 | weighted_recall 0.2577 | union_precision 0.8182 | threshold 0.650 | val_model raw | lr 0.001000
Epoch 21/60 | train_loss 0.7964 | union_precision 0.8889 | weighted_recall 0.2454 | union_precision 0.8889 | threshold 0.675 | val_model raw | lr 0.001000
Epoch 22/60 | train_loss 0.7665 | union_precision 0.9000 | weighted_recall 0.2577 | union_precision 0.9000 | threshold 0.675 | val_model raw | lr 0.001000
Epoch 23/60 | train_loss 0.7679 | union_precision 0.8333 | weighted_recall 0.2699 | union_precision 0.8333 | threshold 0.675 | val_model raw | lr 0.001000
Epoch 24/60 | train_loss 0.7648 | union_precision 0.8182 | weighted_recall 0.2577 | union_precision 0.8182 | threshold 0.700 | val_model raw | lr 0.001000
Epoch 25/60 | train_loss 0.7387 | union_precision 1.0000 | weighted_recall 0.2025 | union_precision 1.0000 | threshold 0.750 | val_model raw | lr 0.001000
Epoch 26/60 | train_loss 0.7186 | union_precision 0.8000 | weighted_recall 0.2454 | union_precision 0.8000 | threshold 0.725 | val_model raw | lr 0.001000
Epoch 27/60 | train_loss 0.6895 | union_precision 0.8125 | weighted_recall 0.3067 | union_precision 0.8125 | threshold 0.650 | val_model raw | lr 0.001000
Epoch 28/60 | train_loss 0.6828 | union_precision 0.8125 | weighted_recall 0.3067 | union_precision 0.8125 | threshold 0.650 | val_model raw | lr 0.001000
Epoch 29/60 | train_loss 0.6578 | union_precision 0.8235 | weighted_recall 0.3252 | union_precision 0.8235 | threshold 0.625 | val_model raw | lr 0.001000
Epoch 30/60 | train_loss 0.6578 | union_precision 0.8235 | weighted_recall 0.3252 | union_precision 0.8235 | threshold 0.600 | val_model raw | lr 0.001000
Epoch 31/60 | train_loss 0.6411 | union_precision 0.8235 | weighted_recall 0.3252 | union_precision 0.8235 | threshold 0.600 | val_model raw | lr 0.001000
Epoch 32/60 | train_loss 0.6380 | union_precision 0.8235 | weighted_recall 0.3252 | union_precision 0.8235 | threshold 0.600 | val_model raw | lr 0.001000
Epoch 33/60 | train_loss 0.6137 | union_precision 0.8235 | weighted_recall 0.3252 | union_precision 0.8235 | threshold 0.600 | val_model raw | lr 0.001000
Epoch 34/60 | train_loss 0.6170 | union_precision 0.8235 | weighted_recall 0.3252 | union_precision 0.8235 | threshold 0.600 | val_model raw | lr 0.001000
Epoch 35/60 | train_loss 0.5853 | union_precision 0.8571 | weighted_recall 0.3006 | union_precision 0.8571 | threshold 0.600 | val_model raw | lr 0.001000
Epoch 36/60 | train_loss 0.5894 | union_precision 0.8235 | weighted_recall 0.3252 | union_precision 0.8235 | threshold 0.575 | val_model raw | lr 0.001000
Epoch 37/60 | train_loss 0.5643 | union_precision 0.8571 | weighted_recall 0.3006 | union_precision 0.8571 | threshold 0.600 | val_model raw | lr 0.001000
Epoch 38/60 | train_loss 0.5718 | union_precision 0.8000 | weighted_recall 0.2393 | union_precision 0.8000 | threshold 0.700 | val_model raw | lr 0.001000
Epoch 39/60 | train_loss 0.5524 | union_precision 0.8000 | weighted_recall 0.2393 | union_precision 0.8000 | threshold 0.700 | val_model raw | lr 0.001000
Epoch 40/60 | train_loss 0.5384 | union_precision 0.8000 | weighted_recall 0.3067 | union_precision 0.8000 | threshold 0.575 | val_model raw | lr 0.001000
Early stopping at epoch 40
Held-out M07-1 | union_precision=0.8235 | weighted_recall=0.3252 | consensus_recall=0.0000
Epoch 1/60 | train_loss 1.5394 | union_precision 0.6250 | weighted_recall 0.0447 | union_precision 0.6250 | threshold 0.575 | val_model raw | lr 0.001000
Epoch 2/60 | train_loss 1.3979 | union_precision 0.6667 | weighted_recall 0.0391 | union_precision 0.6667 | threshold 0.600 | val_model raw | lr 0.001000
Epoch 3/60 | train_loss 1.3050 | union_precision 0.6667 | weighted_recall 0.0391 | union_precision 0.6667 | threshold 0.625 | val_model raw | lr 0.001000
Epoch 4/60 | train_loss 1.2480 | union_precision 0.6667 | weighted_recall 0.0391 | union_precision 0.6667 | threshold 0.650 | val_model raw | lr 0.001000
Epoch 5/60 | train_loss 1.1964 | union_precision 0.6667 | weighted_recall 0.0391 | union_precision 0.6667 | threshold 0.675 | val_model raw | lr 0.001000
Epoch 6/60 | train_loss 1.1707 | union_precision 0.6667 | weighted_recall 0.0391 | union_precision 0.6667 | threshold 0.675 | val_model raw | lr 0.001000
Epoch 7/60 | train_loss 1.1134 | union_precision 0.8000 | weighted_recall 0.0391 | union_precision 0.8000 | threshold 0.725 | val_model raw | lr 0.001000
Epoch 8/60 | train_loss 1.0995 | union_precision 0.8000 | weighted_recall 0.0391 | union_precision 0.8000 | threshold 0.725 | val_model raw | lr 0.001000
Epoch 9/60 | train_loss 1.0547 | union_precision 0.8333 | weighted_recall 0.0503 | union_precision 0.8333 | threshold 0.725 | val_model raw | lr 0.001000
Epoch 10/60 | train_loss 1.0426 | union_precision 0.8000 | weighted_recall 0.0391 | union_precision 0.8000 | threshold 0.750 | val_model raw | lr 0.001000
Epoch 11/60 | train_loss 1.0131 | union_precision 0.8750 | weighted_recall 0.1173 | union_precision 0.8750 | threshold 0.750 | val_model raw | lr 0.001000
Epoch 12/60 | train_loss 0.9745 | union_precision 0.8333 | weighted_recall 0.0503 | union_precision 0.8333 | threshold 0.775 | val_model raw | lr 0.001000
Epoch 13/60 | train_loss 0.9662 | union_precision 0.6364 | weighted_recall 0.1173 | union_precision 0.6364 | threshold 0.750 | val_model raw | lr 0.001000
Epoch 14/60 | train_loss 0.9471 | union_precision 1.0000 | weighted_recall 0.0112 | union_precision 1.0000 | threshold 0.800 | val_model raw | lr 0.001000
Epoch 15/60 | train_loss 0.9158 | union_precision 0.7000 | weighted_recall 0.1173 | union_precision 0.7000 | threshold 0.775 | val_model raw | lr 0.001000
Epoch 16/60 | train_loss 0.9009 | union_precision 1.0000 | weighted_recall 0.0112 | union_precision 1.0000 | threshold 0.825 | val_model raw | lr 0.001000
Epoch 17/60 | train_loss 0.8699 | union_precision 0.7000 | weighted_recall 0.1173 | union_precision 0.7000 | threshold 0.775 | val_model raw | lr 0.001000
Epoch 18/60 | train_loss 0.8592 | union_precision 0.7000 | weighted_recall 0.1173 | union_precision 0.7000 | threshold 0.775 | val_model raw | lr 0.001000
Epoch 19/60 | train_loss 0.8516 | union_precision 1.0000 | weighted_recall 0.0503 | union_precision 1.0000 | threshold 0.850 | val_model raw | lr 0.001000
Epoch 20/60 | train_loss 0.8153 | union_precision 0.6667 | weighted_recall 0.2291 | union_precision 0.6667 | threshold 0.775 | val_model raw | lr 0.001000
Epoch 21/60 | train_loss 0.8002 | union_precision 0.8889 | weighted_recall 0.2402 | union_precision 0.8889 | threshold 0.800 | val_model raw | lr 0.001000
Epoch 22/60 | train_loss 0.7675 | union_precision 0.8000 | weighted_recall 0.2402 | union_precision 0.8000 | threshold 0.800 | val_model raw | lr 0.001000
Epoch 23/60 | train_loss 0.7702 | union_precision 1.0000 | weighted_recall 0.1955 | union_precision 1.0000 | threshold 0.850 | val_model raw | lr 0.001000
Epoch 24/60 | train_loss 0.7667 | union_precision 1.0000 | weighted_recall 0.1564 | union_precision 1.0000 | threshold 0.850 | val_model raw | lr 0.001000
Epoch 25/60 | train_loss 0.7348 | union_precision 1.0000 | weighted_recall 0.0335 | union_precision 1.0000 | threshold 0.875 | val_model raw | lr 0.001000
Epoch 26/60 | train_loss 0.7202 | union_precision 1.0000 | weighted_recall 0.0335 | union_precision 1.0000 | threshold 0.875 | val_model raw | lr 0.001000
Epoch 27/60 | train_loss 0.6952 | union_precision 0.7500 | weighted_recall 0.1453 | union_precision 0.7500 | threshold 0.875 | val_model raw | lr 0.001000
Epoch 28/60 | train_loss 0.6856 | union_precision 0.7500 | weighted_recall 0.3743 | union_precision 0.7500 | threshold 0.725 | val_model raw | lr 0.001000
Epoch 29/60 | train_loss 0.6564 | union_precision 1.0000 | weighted_recall 0.0168 | union_precision 1.0000 | threshold 0.900 | val_model raw | lr 0.001000
Epoch 30/60 | train_loss 0.6586 | union_precision 1.0000 | weighted_recall 0.1453 | union_precision 1.0000 | threshold 0.900 | val_model raw | lr 0.001000
Epoch 31/60 | train_loss 0.6484 | union_precision 0.8000 | weighted_recall 0.2402 | union_precision 0.8000 | threshold 0.825 | val_model raw | lr 0.001000
Early stopping at epoch 31
Held-out M07-2 | union_precision=0.8889 | weighted_recall=0.2402 | consensus_recall=1.0000
Epoch 1/60 | train_loss 1.5328 | union_precision 0.5000 | weighted_recall 0.0323 | union_precision 0.5000 | threshold 0.575 | val_model raw | lr 0.001000
Epoch 2/60 | train_loss 1.3886 | union_precision 0.4444 | weighted_recall 0.0387 | union_precision 0.4444 | threshold 0.575 | val_model raw | lr 0.001000
Epoch 3/60 | train_loss 1.2998 | union_precision 0.4444 | weighted_recall 0.0774 | union_precision 0.4444 | threshold 0.600 | val_model raw | lr 0.001000
Epoch 4/60 | train_loss 1.2437 | union_precision 0.4444 | weighted_recall 0.0774 | union_precision 0.4444 | threshold 0.625 | val_model raw | lr 0.001000
Epoch 5/60 | train_loss 1.1855 | union_precision 0.5000 | weighted_recall 0.0194 | union_precision 0.5000 | threshold 0.675 | val_model raw | lr 0.001000
Epoch 6/60 | train_loss 1.1668 | union_precision 0.5000 | weighted_recall 0.0194 | union_precision 0.5000 | threshold 0.700 | val_model raw | lr 0.001000
Epoch 7/60 | train_loss 1.1064 | union_precision 0.4167 | weighted_recall 0.1097 | union_precision 0.4167 | threshold 0.625 | val_model raw | lr 0.001000
Epoch 8/60 | train_loss 1.0865 | union_precision 0.4286 | weighted_recall 0.0710 | union_precision 0.4286 | threshold 0.700 | val_model raw | lr 0.001000
Epoch 9/60 | train_loss 1.0514 | union_precision 0.3846 | weighted_recall 0.1097 | union_precision 0.3846 | threshold 0.650 | val_model raw | lr 0.001000
Epoch 10/60 | train_loss 1.0313 | union_precision 0.4444 | weighted_recall 0.1032 | union_precision 0.4444 | threshold 0.700 | val_model raw | lr 0.001000
Epoch 11/60 | train_loss 1.0036 | union_precision 0.4000 | weighted_recall 0.1742 | union_precision 0.4000 | threshold 0.700 | val_model raw | lr 0.001000
Early stopping at epoch 11
Held-out M07-3 | union_precision=0.5000 | weighted_recall=0.0323 | consensus_recall=0.0000
Epoch 1/60 | train_loss 1.5306 | union_precision 1.0000 | weighted_recall 0.1477 | union_precision 1.0000 | threshold 0.575 | val_model raw | lr 0.001000
Epoch 2/60 | train_loss 1.3899 | union_precision 1.0000 | weighted_recall 0.1477 | union_precision 1.0000 | threshold 0.575 | val_model raw | lr 0.001000
Epoch 3/60 | train_loss 1.2986 | union_precision 1.0000 | weighted_recall 0.1477 | union_precision 1.0000 | threshold 0.575 | val_model raw | lr 0.001000
Epoch 4/60 | train_loss 1.2430 | union_precision 1.0000 | weighted_recall 0.1477 | union_precision 1.0000 | threshold 0.600 | val_model raw | lr 0.001000
Epoch 5/60 | train_loss 1.1859 | union_precision 1.0000 | weighted_recall 0.1477 | union_precision 1.0000 | threshold 0.600 | val_model raw | lr 0.001000
Epoch 6/60 | train_loss 1.1743 | union_precision 1.0000 | weighted_recall 0.1477 | union_precision 1.0000 | threshold 0.600 | val_model raw | lr 0.001000
Epoch 7/60 | train_loss 1.1106 | union_precision 1.0000 | weighted_recall 0.1477 | union_precision 1.0000 | threshold 0.625 | val_model raw | lr 0.001000
Epoch 8/60 | train_loss 1.0939 | union_precision 1.0000 | weighted_recall 0.1932 | union_precision 1.0000 | threshold 0.625 | val_model raw | lr 0.001000
Epoch 9/60 | train_loss 1.0602 | union_precision 1.0000 | weighted_recall 0.1477 | union_precision 1.0000 | threshold 0.650 | val_model raw | lr 0.001000
Epoch 10/60 | train_loss 1.0361 | union_precision 1.0000 | weighted_recall 0.1932 | union_precision 1.0000 | threshold 0.650 | val_model raw | lr 0.001000
Epoch 11/60 | train_loss 1.0166 | union_precision 1.0000 | weighted_recall 0.1477 | union_precision 1.0000 | threshold 0.675 | val_model raw | lr 0.001000
Epoch 12/60 | train_loss 0.9703 | union_precision 1.0000 | weighted_recall 0.1477 | union_precision 1.0000 | threshold 0.700 | val_model raw | lr 0.001000
Epoch 13/60 | train_loss 0.9643 | union_precision 1.0000 | weighted_recall 0.1932 | union_precision 1.0000 | threshold 0.700 | val_model raw | lr 0.001000
Epoch 14/60 | train_loss 0.9463 | union_precision 1.0000 | weighted_recall 0.1477 | union_precision 1.0000 | threshold 0.725 | val_model raw | lr 0.001000
Epoch 15/60 | train_loss 0.9161 | union_precision 0.8125 | weighted_recall 0.5682 | union_precision 0.8125 | threshold 0.650 | val_model raw | lr 0.001000
Epoch 16/60 | train_loss 0.9017 | union_precision 0.8333 | weighted_recall 0.5966 | union_precision 0.8333 | threshold 0.650 | val_model raw | lr 0.001000
Epoch 17/60 | train_loss 0.8719 | union_precision 0.8333 | weighted_recall 0.5966 | union_precision 0.8333 | threshold 0.650 | val_model raw | lr 0.001000
Epoch 18/60 | train_loss 0.8636 | union_precision 0.8333 | weighted_recall 0.5966 | union_precision 0.8333 | threshold 0.650 | val_model raw | lr 0.001000
Epoch 19/60 | train_loss 0.8584 | union_precision 0.8333 | weighted_recall 0.5966 | union_precision 0.8333 | threshold 0.650 | val_model raw | lr 0.001000
Epoch 20/60 | train_loss 0.8179 | union_precision 0.8421 | weighted_recall 0.6023 | union_precision 0.8421 | threshold 0.625 | val_model raw | lr 0.001000
Epoch 21/60 | train_loss 0.8030 | union_precision 0.8421 | weighted_recall 0.6023 | union_precision 0.8421 | threshold 0.625 | val_model raw | lr 0.001000
Epoch 22/60 | train_loss 0.7642 | union_precision 0.8421 | weighted_recall 0.6023 | union_precision 0.8421 | threshold 0.625 | val_model raw | lr 0.001000
Epoch 23/60 | train_loss 0.7726 | union_precision 0.8421 | weighted_recall 0.6023 | union_precision 0.8421 | threshold 0.625 | val_model raw | lr 0.001000
Epoch 24/60 | train_loss 0.7696 | union_precision 0.8421 | weighted_recall 0.6023 | union_precision 0.8421 | threshold 0.625 | val_model raw | lr 0.001000
Epoch 25/60 | train_loss 0.7389 | union_precision 0.8000 | weighted_recall 0.6023 | union_precision 0.8000 | threshold 0.625 | val_model raw | lr 0.001000
Epoch 26/60 | train_loss 0.7153 | union_precision 0.8000 | weighted_recall 0.6023 | union_precision 0.8000 | threshold 0.625 | val_model raw | lr 0.001000
Epoch 27/60 | train_loss 0.7017 | union_precision 0.8235 | weighted_recall 0.5909 | union_precision 0.8235 | threshold 0.650 | val_model raw | lr 0.001000
Epoch 28/60 | train_loss 0.6891 | union_precision 0.8125 | weighted_recall 0.5852 | union_precision 0.8125 | threshold 0.650 | val_model raw | lr 0.001000
Epoch 29/60 | train_loss 0.6600 | union_precision 0.8125 | weighted_recall 0.5852 | union_precision 0.8125 | threshold 0.625 | val_model raw | lr 0.001000
Epoch 30/60 | train_loss 0.6577 | union_precision 0.8125 | weighted_recall 0.5852 | union_precision 0.8125 | threshold 0.600 | val_model raw | lr 0.001000
Early stopping at epoch 30
Held-out M17-1 | union_precision=0.8421 | weighted_recall=0.6023 | consensus_recall=1.0000
Epoch 1/60 | train_loss 1.5258 | union_precision 1.0000 | weighted_recall 0.1250 | union_precision 1.0000 | threshold 0.625 | val_model raw | lr 0.001000
Epoch 2/60 | train_loss 1.3896 | union_precision 1.0000 | weighted_recall 0.1250 | union_precision 1.0000 | threshold 0.625 | val_model raw | lr 0.001000
Epoch 3/60 | train_loss 1.2981 | union_precision 0.6667 | weighted_recall 0.1705 | union_precision 0.6667 | threshold 0.575 | val_model raw | lr 0.001000
Epoch 4/60 | train_loss 1.2405 | union_precision 0.5000 | weighted_recall 0.1250 | union_precision 0.5000 | threshold 0.600 | val_model raw | lr 0.001000
Epoch 5/60 | train_loss 1.1845 | union_precision 0.5000 | weighted_recall 0.1250 | union_precision 0.5000 | threshold 0.625 | val_model raw | lr 0.001000
Epoch 6/60 | train_loss 1.1683 | union_precision 0.5000 | weighted_recall 0.1250 | union_precision 0.5000 | threshold 0.650 | val_model raw | lr 0.001000
Epoch 7/60 | train_loss 1.1075 | union_precision 0.4286 | weighted_recall 0.1932 | union_precision 0.4286 | threshold 0.600 | val_model raw | lr 0.001000
Epoch 8/60 | train_loss 1.0925 | union_precision 0.4286 | weighted_recall 0.1818 | union_precision 0.4286 | threshold 0.600 | val_model raw | lr 0.001000
Epoch 9/60 | train_loss 1.0568 | union_precision 0.4286 | weighted_recall 0.1818 | union_precision 0.4286 | threshold 0.625 | val_model raw | lr 0.001000
Epoch 10/60 | train_loss 1.0321 | union_precision 0.4286 | weighted_recall 0.1591 | union_precision 0.4286 | threshold 0.625 | val_model raw | lr 0.001000
Epoch 11/60 | train_loss 1.0095 | union_precision 0.4286 | weighted_recall 0.1705 | union_precision 0.4286 | threshold 0.625 | val_model raw | lr 0.001000
Early stopping at epoch 11
Held-out M17-2 | union_precision=1.0000 | weighted_recall=0.1250 | consensus_recall=0.0000
Epoch 1/60 | train_loss 1.5269 | union_precision 1.0000 | weighted_recall 0.0469 | union_precision 1.0000 | threshold 0.625 | val_model raw | lr 0.001000
Epoch 2/60 | train_loss 1.3830 | union_precision 1.0000 | weighted_recall 0.0469 | union_precision 1.0000 | threshold 0.625 | val_model raw | lr 0.001000
Epoch 3/60 | train_loss 1.2936 | union_precision 0.3438 | weighted_recall 0.2347 | union_precision 0.3438 | threshold 0.525 | val_model raw | lr 0.001000
Epoch 4/60 | train_loss 1.2351 | union_precision 0.3500 | weighted_recall 0.3333 | union_precision 0.3500 | threshold 0.525 | val_model raw | lr 0.001000
Epoch 5/60 | train_loss 1.1790 | union_precision 0.3571 | weighted_recall 0.2441 | union_precision 0.3571 | threshold 0.550 | val_model raw | lr 0.001000
Epoch 6/60 | train_loss 1.1636 | union_precision 0.3750 | weighted_recall 0.2535 | union_precision 0.3750 | threshold 0.550 | val_model raw | lr 0.001000
Epoch 7/60 | train_loss 1.1035 | union_precision 0.3415 | weighted_recall 0.3146 | union_precision 0.3415 | threshold 0.550 | val_model raw | lr 0.001000
Epoch 8/60 | train_loss 1.0909 | union_precision 0.3529 | weighted_recall 0.2066 | union_precision 0.3529 | threshold 0.600 | val_model raw | lr 0.001000
Epoch 9/60 | train_loss 1.0537 | union_precision 0.3409 | weighted_recall 0.3568 | union_precision 0.3409 | threshold 0.550 | val_model raw | lr 0.001000
Epoch 10/60 | train_loss 1.0272 | union_precision 0.5000 | weighted_recall 0.0469 | union_precision 0.5000 | threshold 0.700 | val_model raw | lr 0.001000
Epoch 11/60 | train_loss 1.0072 | union_precision 0.5000 | weighted_recall 0.0469 | union_precision 0.5000 | threshold 0.700 | val_model raw | lr 0.001000
Early stopping at epoch 11
Held-out M17-3 | union_precision=1.0000 | weighted_recall=0.0469 | consensus_recall=0.0000
Epoch 1/60 | train_loss 1.5317 | union_precision 1.0000 | weighted_recall 0.0032 | union_precision 1.0000 | threshold 0.600 | val_model raw | lr 0.001000
Epoch 2/60 | train_loss 1.3830 | union_precision 1.0000 | weighted_recall 0.0032 | union_precision 1.0000 | threshold 0.600 | val_model raw | lr 0.001000
Epoch 3/60 | train_loss 1.3020 | union_precision 1.0000 | weighted_recall 0.0255 | union_precision 1.0000 | threshold 0.600 | val_model raw | lr 0.001000
Epoch 4/60 | train_loss 1.2285 | union_precision 1.0000 | weighted_recall 0.0032 | union_precision 1.0000 | threshold 0.650 | val_model raw | lr 0.001000
Epoch 5/60 | train_loss 1.1741 | union_precision 1.0000 | weighted_recall 0.0064 | union_precision 1.0000 | threshold 0.675 | val_model raw | lr 0.001000
Epoch 6/60 | train_loss 1.1562 | union_precision 1.0000 | weighted_recall 0.0064 | union_precision 1.0000 | threshold 0.675 | val_model raw | lr 0.001000
Epoch 7/60 | train_loss 1.0999 | union_precision 0.8000 | weighted_recall 0.0446 | union_precision 0.8000 | threshold 0.650 | val_model raw | lr 0.001000
Epoch 8/60 | train_loss 1.0822 | union_precision 0.8333 | weighted_recall 0.0478 | union_precision 0.8333 | threshold 0.625 | val_model raw | lr 0.001000
Epoch 9/60 | train_loss 1.0497 | union_precision 0.8333 | weighted_recall 0.0478 | union_precision 0.8333 | threshold 0.625 | val_model raw | lr 0.001000
Epoch 10/60 | train_loss 1.0182 | union_precision 0.8000 | weighted_recall 0.0414 | union_precision 0.8000 | threshold 0.650 | val_model raw | lr 0.001000
Epoch 11/60 | train_loss 1.0039 | union_precision 1.0000 | weighted_recall 0.0223 | union_precision 1.0000 | threshold 0.725 | val_model raw | lr 0.001000
Epoch 12/60 | train_loss 0.9556 | union_precision 1.0000 | weighted_recall 0.0318 | union_precision 1.0000 | threshold 0.725 | val_model raw | lr 0.001000
Epoch 13/60 | train_loss 0.9512 | union_precision 1.0000 | weighted_recall 0.0223 | union_precision 1.0000 | threshold 0.750 | val_model raw | lr 0.001000
Epoch 14/60 | train_loss 0.9272 | union_precision 1.0000 | weighted_recall 0.0223 | union_precision 1.0000 | threshold 0.750 | val_model raw | lr 0.001000
Epoch 15/60 | train_loss 0.8961 | union_precision 1.0000 | weighted_recall 0.0318 | union_precision 1.0000 | threshold 0.750 | val_model raw | lr 0.001000
Epoch 16/60 | train_loss 0.8844 | union_precision 1.0000 | weighted_recall 0.0223 | union_precision 1.0000 | threshold 0.775 | val_model raw | lr 0.001000
Epoch 17/60 | train_loss 0.8615 | union_precision 1.0000 | weighted_recall 0.0223 | union_precision 1.0000 | threshold 0.775 | val_model raw | lr 0.001000
Epoch 18/60 | train_loss 0.8498 | union_precision 1.0000 | weighted_recall 0.0223 | union_precision 1.0000 | threshold 0.825 | val_model raw | lr 0.001000
Early stopping at epoch 18
Held-out M17-4 | union_precision=0.8333 | weighted_recall=0.0478 | consensus_recall=0.0000
Epoch 1/60 | train_loss 1.5313 | union_precision 0.3500 | weighted_recall 0.1875 | union_precision 0.3500 | threshold 0.525 | val_model raw | lr 0.001000
Epoch 2/60 | train_loss 1.3879 | union_precision 0.4348 | weighted_recall 0.5250 | union_precision 0.4348 | threshold 0.525 | val_model raw | lr 0.001000
Epoch 3/60 | train_loss 1.3056 | union_precision 0.3793 | weighted_recall 0.3250 | union_precision 0.3793 | threshold 0.525 | val_model raw | lr 0.001000
Epoch 4/60 | train_loss 1.2338 | union_precision 0.3333 | weighted_recall 0.2625 | union_precision 0.3333 | threshold 0.575 | val_model raw | lr 0.001000
Epoch 5/60 | train_loss 1.1809 | union_precision 0.3077 | weighted_recall 0.1000 | union_precision 0.3077 | threshold 0.600 | val_model raw | lr 0.001000
Epoch 6/60 | train_loss 1.1648 | union_precision 0.3333 | weighted_recall 0.0375 | union_precision 0.3333 | threshold 0.650 | val_model raw | lr 0.001000
Epoch 7/60 | train_loss 1.1082 | union_precision 0.4000 | weighted_recall 0.2000 | union_precision 0.4000 | threshold 0.625 | val_model raw | lr 0.001000
Epoch 8/60 | train_loss 1.0890 | union_precision 0.5000 | weighted_recall 0.2625 | union_precision 0.5000 | threshold 0.625 | val_model raw | lr 0.001000
Epoch 9/60 | train_loss 1.0560 | union_precision 0.5000 | weighted_recall 0.2625 | union_precision 0.5000 | threshold 0.625 | val_model raw | lr 0.001000
Epoch 10/60 | train_loss 1.0264 | union_precision 0.5714 | weighted_recall 0.2000 | union_precision 0.5714 | threshold 0.675 | val_model raw | lr 0.001000
Epoch 11/60 | train_loss 1.0083 | union_precision 0.5556 | weighted_recall 0.2125 | union_precision 0.5556 | threshold 0.675 | val_model raw | lr 0.001000
Epoch 12/60 | train_loss 0.9661 | union_precision 0.5714 | weighted_recall 0.2000 | union_precision 0.5714 | threshold 0.700 | val_model raw | lr 0.001000
Epoch 13/60 | train_loss 0.9591 | union_precision 0.6667 | weighted_recall 0.2000 | union_precision 0.6667 | threshold 0.725 | val_model raw | lr 0.001000
Epoch 14/60 | train_loss 0.9341 | union_precision 0.6000 | weighted_recall 0.1250 | union_precision 0.6000 | threshold 0.750 | val_model raw | lr 0.001000
Epoch 15/60 | train_loss 0.9053 | union_precision 0.5714 | weighted_recall 0.2000 | union_precision 0.5714 | threshold 0.750 | val_model raw | lr 0.001000
Epoch 16/60 | train_loss 0.8919 | union_precision 0.6667 | weighted_recall 0.2000 | union_precision 0.6667 | threshold 0.775 | val_model raw | lr 0.001000
Epoch 17/60 | train_loss 0.8672 | union_precision 0.6667 | weighted_recall 0.2000 | union_precision 0.6667 | threshold 0.800 | val_model raw | lr 0.001000
Epoch 18/60 | train_loss 0.8569 | union_precision 0.6667 | weighted_recall 0.2000 | union_precision 0.6667 | threshold 0.800 | val_model raw | lr 0.001000
Epoch 19/60 | train_loss 0.8403 | union_precision 0.6000 | weighted_recall 0.1250 | union_precision 0.6000 | threshold 0.825 | val_model raw | lr 0.001000
Epoch 20/60 | train_loss 0.8078 | union_precision 0.6667 | weighted_recall 0.2000 | union_precision 0.6667 | threshold 0.825 | val_model raw | lr 0.001000
Epoch 21/60 | train_loss 0.8008 | union_precision 0.6000 | weighted_recall 0.1250 | union_precision 0.6000 | threshold 0.850 | val_model raw | lr 0.001000
Epoch 22/60 | train_loss 0.7587 | union_precision 0.5714 | weighted_recall 0.2000 | union_precision 0.5714 | threshold 0.850 | val_model raw | lr 0.001000
Epoch 23/60 | train_loss 0.7621 | union_precision 0.5714 | weighted_recall 0.2000 | union_precision 0.5714 | threshold 0.850 | val_model raw | lr 0.001000
Early stopping at epoch 23
Held-out M24-1 | union_precision=0.6667 | weighted_recall=0.2000 | consensus_recall=0.0000
Epoch 1/60 | train_loss 1.5325 | union_precision 0.2368 | weighted_recall 0.2929 | union_precision 0.2368 | threshold 0.500 | val_model raw | lr 0.001000
Epoch 2/60 | train_loss 1.3850 | union_precision 0.2439 | weighted_recall 0.0707 | union_precision 0.2439 | threshold 0.450 | val_model raw | lr 0.001000
Epoch 3/60 | train_loss 1.3027 | union_precision 0.2439 | weighted_recall 0.0707 | union_precision 0.2439 | threshold 0.450 | val_model raw | lr 0.001000
Epoch 4/60 | train_loss 1.2287 | union_precision 0.2439 | weighted_recall 0.0707 | union_precision 0.2439 | threshold 0.475 | val_model raw | lr 0.001000
Epoch 5/60 | train_loss 1.1783 | union_precision 0.2619 | weighted_recall 0.0859 | union_precision 0.2619 | threshold 0.450 | val_model raw | lr 0.001000
Epoch 6/60 | train_loss 1.1625 | union_precision 0.2381 | weighted_recall 0.0808 | union_precision 0.2381 | threshold 0.050 | val_model raw | lr 0.001000
Epoch 7/60 | train_loss 1.1084 | union_precision 0.2439 | weighted_recall 0.0808 | union_precision 0.2439 | threshold 0.475 | val_model raw | lr 0.001000
Epoch 8/60 | train_loss 1.0829 | union_precision 0.2683 | weighted_recall 0.0960 | union_precision 0.2683 | threshold 0.475 | val_model raw | lr 0.001000
Epoch 9/60 | train_loss 1.0539 | union_precision 0.3889 | weighted_recall 0.1566 | union_precision 0.3889 | threshold 0.550 | val_model raw | lr 0.001000
Epoch 10/60 | train_loss 1.0244 | union_precision 0.4500 | weighted_recall 0.1667 | union_precision 0.4500 | threshold 0.550 | val_model raw | lr 0.001000
Epoch 11/60 | train_loss 1.0063 | union_precision 0.5000 | weighted_recall 0.1414 | union_precision 0.5000 | threshold 0.575 | val_model raw | lr 0.001000
Epoch 12/60 | train_loss 0.9617 | union_precision 0.5000 | weighted_recall 0.1414 | union_precision 0.5000 | threshold 0.575 | val_model raw | lr 0.001000
Epoch 13/60 | train_loss 0.9549 | union_precision 0.4167 | weighted_recall 0.1364 | union_precision 0.4167 | threshold 0.575 | val_model raw | lr 0.001000
Epoch 14/60 | train_loss 0.9353 | union_precision 0.3256 | weighted_recall 0.2020 | union_precision 0.3256 | threshold 0.400 | val_model raw | lr 0.001000
Epoch 15/60 | train_loss 0.9063 | union_precision 0.3333 | weighted_recall 0.1212 | union_precision 0.3333 | threshold 0.575 | val_model raw | lr 0.001000
Epoch 16/60 | train_loss 0.8897 | union_precision 0.3333 | weighted_recall 0.1717 | union_precision 0.3333 | threshold 0.450 | val_model raw | lr 0.001000
Epoch 17/60 | train_loss 0.8640 | union_precision 0.3438 | weighted_recall 0.1717 | union_precision 0.3438 | threshold 0.450 | val_model raw | lr 0.001000
Epoch 18/60 | train_loss 0.8567 | union_precision 0.3529 | weighted_recall 0.1768 | union_precision 0.3529 | threshold 0.400 | val_model raw | lr 0.001000
Epoch 19/60 | train_loss 0.8391 | union_precision 0.3714 | weighted_recall 0.1869 | union_precision 0.3714 | threshold 0.375 | val_model raw | lr 0.001000
Epoch 20/60 | train_loss 0.8076 | union_precision 0.3704 | weighted_recall 0.1717 | union_precision 0.3704 | threshold 0.475 | val_model raw | lr 0.001000
Epoch 21/60 | train_loss 0.7981 | union_precision 0.3600 | weighted_recall 0.1515 | union_precision 0.3600 | threshold 0.500 | val_model raw | lr 0.001000
Early stopping at epoch 21
Held-out M24-2 | union_precision=0.5000 | weighted_recall=0.1414 | consensus_recall=0.0000
Epoch 1/60 | train_loss 1.5340 | union_precision 0.6667 | weighted_recall 0.0192 | union_precision 0.6667 | threshold 0.600 | val_model raw | lr 0.001000
Epoch 2/60 | train_loss 1.3900 | union_precision 1.0000 | weighted_recall 0.0192 | union_precision 1.0000 | threshold 0.650 | val_model raw | lr 0.001000
Epoch 3/60 | train_loss 1.3067 | union_precision 1.0000 | weighted_recall 0.0192 | union_precision 1.0000 | threshold 0.675 | val_model raw | lr 0.001000
Epoch 4/60 | train_loss 1.2291 | union_precision 1.0000 | weighted_recall 0.0192 | union_precision 1.0000 | threshold 0.700 | val_model raw | lr 0.001000
Epoch 5/60 | train_loss 1.1808 | union_precision 1.0000 | weighted_recall 0.0192 | union_precision 1.0000 | threshold 0.725 | val_model raw | lr 0.001000
Epoch 6/60 | train_loss 1.1606 | union_precision 1.0000 | weighted_recall 0.0192 | union_precision 1.0000 | threshold 0.725 | val_model raw | lr 0.001000
Epoch 7/60 | train_loss 1.1122 | union_precision 1.0000 | weighted_recall 0.0192 | union_precision 1.0000 | threshold 0.700 | val_model raw | lr 0.001000
Epoch 8/60 | train_loss 1.0842 | union_precision 1.0000 | weighted_recall 0.0192 | union_precision 1.0000 | threshold 0.700 | val_model raw | lr 0.001000
Epoch 9/60 | train_loss 1.0562 | union_precision 0.8750 | weighted_recall 0.1154 | union_precision 0.8750 | threshold 0.625 | val_model raw | lr 0.001000
Epoch 10/60 | train_loss 1.0267 | union_precision 0.8000 | weighted_recall 0.0769 | union_precision 0.8000 | threshold 0.650 | val_model raw | lr 0.001000
Epoch 11/60 | train_loss 1.0064 | union_precision 0.8571 | weighted_recall 0.1058 | union_precision 0.8571 | threshold 0.625 | val_model raw | lr 0.001000
Epoch 12/60 | train_loss 0.9679 | union_precision 1.0000 | weighted_recall 0.0192 | union_precision 1.0000 | threshold 0.700 | val_model raw | lr 0.001000
Epoch 13/60 | train_loss 0.9610 | union_precision 1.0000 | weighted_recall 0.0192 | union_precision 1.0000 | threshold 0.700 | val_model raw | lr 0.001000
Epoch 14/60 | train_loss 0.9369 | union_precision 0.8000 | weighted_recall 0.0577 | union_precision 0.8000 | threshold 0.675 | val_model raw | lr 0.001000
Epoch 15/60 | train_loss 0.9129 | union_precision 0.8333 | weighted_recall 0.0769 | union_precision 0.8333 | threshold 0.675 | val_model raw | lr 0.001000
Epoch 16/60 | train_loss 0.8934 | union_precision 0.8333 | weighted_recall 0.0769 | union_precision 0.8333 | threshold 0.675 | val_model raw | lr 0.001000
Epoch 17/60 | train_loss 0.8677 | union_precision 0.8333 | weighted_recall 0.0769 | union_precision 0.8333 | threshold 0.675 | val_model raw | lr 0.001000
Epoch 18/60 | train_loss 0.8590 | union_precision 1.0000 | weighted_recall 0.0481 | union_precision 1.0000 | threshold 0.700 | val_model raw | lr 0.001000
Epoch 19/60 | train_loss 0.8431 | union_precision 1.0000 | weighted_recall 0.0865 | union_precision 1.0000 | threshold 0.725 | val_model raw | lr 0.001000
Early stopping at epoch 19
Held-out M24-3 | union_precision=0.8750 | weighted_recall=0.1154 | consensus_recall=0.0000
Epoch 1/60 | train_loss 1.5379 | union_precision 0.5000 | weighted_recall 0.0122 | union_precision 0.5000 | threshold 0.600 | val_model raw | lr 0.001000
Epoch 2/60 | train_loss 1.3950 | union_precision 0.5000 | weighted_recall 0.0122 | union_precision 0.5000 | threshold 0.600 | val_model raw | lr 0.001000
Epoch 3/60 | train_loss 1.3107 | union_precision 0.4000 | weighted_recall 0.0122 | union_precision 0.4000 | threshold 0.600 | val_model raw | lr 0.001000
Epoch 4/60 | train_loss 1.2287 | union_precision 0.4348 | weighted_recall 0.1433 | union_precision 0.4348 | threshold 0.575 | val_model raw | lr 0.001000
Epoch 5/60 | train_loss 1.1804 | union_precision 0.3673 | weighted_recall 0.2195 | union_precision 0.3673 | threshold 0.575 | val_model raw | lr 0.001000
Epoch 6/60 | train_loss 1.1533 | union_precision 0.3846 | weighted_recall 0.3567 | union_precision 0.3846 | threshold 0.575 | val_model raw | lr 0.001000
Epoch 7/60 | train_loss 1.1107 | union_precision 0.3793 | weighted_recall 0.1707 | union_precision 0.3793 | threshold 0.600 | val_model raw | lr 0.001000
Epoch 8/60 | train_loss 1.0781 | union_precision 0.5385 | weighted_recall 0.1311 | union_precision 0.5385 | threshold 0.625 | val_model raw | lr 0.001000
Epoch 9/60 | train_loss 1.0517 | union_precision 0.6667 | weighted_recall 0.0091 | union_precision 0.6667 | threshold 0.675 | val_model raw | lr 0.001000
Epoch 10/60 | train_loss 1.0229 | union_precision 0.6000 | weighted_recall 0.0213 | union_precision 0.6000 | threshold 0.675 | val_model raw | lr 0.001000
Epoch 11/60 | train_loss 0.9998 | union_precision 0.6667 | weighted_recall 0.0305 | union_precision 0.6667 | threshold 0.700 | val_model raw | lr 0.001000
Epoch 12/60 | train_loss 0.9682 | union_precision 0.6667 | weighted_recall 0.0305 | union_precision 0.6667 | threshold 0.725 | val_model raw | lr 0.001000
Epoch 13/60 | train_loss 0.9558 | union_precision 0.8000 | weighted_recall 0.0518 | union_precision 0.8000 | threshold 0.725 | val_model raw | lr 0.001000
Epoch 14/60 | train_loss 0.9310 | union_precision 0.7500 | weighted_recall 0.0427 | union_precision 0.7500 | threshold 0.750 | val_model raw | lr 0.001000
Epoch 15/60 | train_loss 0.9100 | union_precision 1.0000 | weighted_recall 0.0122 | union_precision 1.0000 | threshold 0.775 | val_model raw | lr 0.001000
Epoch 16/60 | train_loss 0.8925 | union_precision 1.0000 | weighted_recall 0.0518 | union_precision 1.0000 | threshold 0.775 | val_model raw | lr 0.001000
Epoch 17/60 | train_loss 0.8637 | union_precision 1.0000 | weighted_recall 0.0122 | union_precision 1.0000 | threshold 0.800 | val_model raw | lr 0.001000
Epoch 18/60 | train_loss 0.8522 | union_precision 1.0000 | weighted_recall 0.0122 | union_precision 1.0000 | threshold 0.825 | val_model raw | lr 0.001000
Epoch 19/60 | train_loss 0.8382 | union_precision 0.7143 | weighted_recall 0.0518 | union_precision 0.7143 | threshold 0.800 | val_model raw | lr 0.001000
Epoch 20/60 | train_loss 0.8050 | union_precision 0.6000 | weighted_recall 0.0915 | union_precision 0.6000 | threshold 0.800 | val_model raw | lr 0.001000
Epoch 21/60 | train_loss 0.7995 | union_precision 1.0000 | weighted_recall 0.0122 | union_precision 1.0000 | threshold 0.850 | val_model raw | lr 0.001000
Epoch 22/60 | train_loss 0.7523 | union_precision 0.6000 | weighted_recall 0.0915 | union_precision 0.6000 | threshold 0.800 | val_model raw | lr 0.001000
Epoch 23/60 | train_loss 0.7552 | union_precision 0.6667 | weighted_recall 0.0335 | union_precision 0.6667 | threshold 0.850 | val_model raw | lr 0.001000
Epoch 24/60 | train_loss 0.7538 | union_precision 0.6250 | weighted_recall 0.1067 | union_precision 0.6250 | threshold 0.825 | val_model raw | lr 0.001000
Epoch 25/60 | train_loss 0.7289 | union_precision 0.6667 | weighted_recall 0.1128 | union_precision 0.6667 | threshold 0.825 | val_model raw | lr 0.001000
Epoch 26/60 | train_loss 0.7068 | union_precision 0.6000 | weighted_recall 0.1250 | union_precision 0.6000 | threshold 0.750 | val_model raw | lr 0.001000
Early stopping at epoch 26
Held-out M24-4 | union_precision=1.0000 | weighted_recall=0.0518 | consensus_recall=0.0000
Epoch 1/60 | train_loss 1.5292 | union_precision 0.6667 | weighted_recall 0.0746 | union_precision 0.6667 | threshold 0.550 | val_model raw | lr 0.001000
Epoch 2/60 | train_loss 1.3983 | union_precision 1.0000 | weighted_recall 0.0448 | union_precision 1.0000 | threshold 0.650 | val_model raw | lr 0.001000
Epoch 3/60 | train_loss 1.3094 | union_precision 1.0000 | weighted_recall 0.0448 | union_precision 1.0000 | threshold 0.675 | val_model raw | lr 0.001000
Epoch 4/60 | train_loss 1.2311 | union_precision 1.0000 | weighted_recall 0.0448 | union_precision 1.0000 | threshold 0.700 | val_model raw | lr 0.001000
Epoch 5/60 | train_loss 1.1856 | union_precision 1.0000 | weighted_recall 0.0448 | union_precision 1.0000 | threshold 0.725 | val_model raw | lr 0.001000
Epoch 6/60 | train_loss 1.1563 | union_precision 1.0000 | weighted_recall 0.0448 | union_precision 1.0000 | threshold 0.750 | val_model raw | lr 0.001000
Epoch 7/60 | train_loss 1.1165 | union_precision 0.5000 | weighted_recall 0.0448 | union_precision 0.5000 | threshold 0.650 | val_model raw | lr 0.001000
Epoch 8/60 | train_loss 1.0837 | union_precision 0.5000 | weighted_recall 0.0448 | union_precision 0.5000 | threshold 0.650 | val_model raw | lr 0.001000
Epoch 9/60 | train_loss 1.0557 | union_precision 0.5000 | weighted_recall 0.2687 | union_precision 0.5000 | threshold 0.650 | val_model raw | lr 0.001000
Epoch 10/60 | train_loss 1.0295 | union_precision 0.5000 | weighted_recall 0.2687 | union_precision 0.5000 | threshold 0.675 | val_model raw | lr 0.001000
Epoch 11/60 | train_loss 1.0054 | union_precision 0.6000 | weighted_recall 0.3284 | union_precision 0.6000 | threshold 0.625 | val_model raw | lr 0.001000
Epoch 12/60 | train_loss 0.9715 | union_precision 0.5000 | weighted_recall 0.4925 | union_precision 0.5000 | threshold 0.625 | val_model raw | lr 0.001000
Early stopping at epoch 12
Held-out M30-1 | union_precision=1.0000 | weighted_recall=0.0448 | consensus_recall=0.0000
Epoch 1/60 | train_loss 1.5332 | union_precision 0.3333 | weighted_recall 0.1098 | union_precision 0.3333 | threshold 0.550 | val_model raw | lr 0.001000
Epoch 2/60 | train_loss 1.3981 | union_precision 0.2500 | weighted_recall 0.1707 | union_precision 0.2500 | threshold 0.500 | val_model raw | lr 0.001000
Epoch 3/60 | train_loss 1.3104 | union_precision 0.5000 | weighted_recall 0.1098 | union_precision 0.5000 | threshold 0.575 | val_model raw | lr 0.001000
Epoch 4/60 | train_loss 1.2304 | union_precision 0.3333 | weighted_recall 0.1098 | union_precision 0.3333 | threshold 0.575 | val_model raw | lr 0.001000
Epoch 5/60 | train_loss 1.1859 | union_precision 0.5000 | weighted_recall 0.1098 | union_precision 0.5000 | threshold 0.600 | val_model raw | lr 0.001000
Epoch 6/60 | train_loss 1.1563 | union_precision 0.5000 | weighted_recall 0.1098 | union_precision 0.5000 | threshold 0.600 | val_model raw | lr 0.001000
Epoch 7/60 | train_loss 1.1174 | union_precision 0.5000 | weighted_recall 0.1098 | union_precision 0.5000 | threshold 0.625 | val_model raw | lr 0.001000
Epoch 8/60 | train_loss 1.0847 | union_precision 0.6667 | weighted_recall 0.2073 | union_precision 0.6667 | threshold 0.625 | val_model raw | lr 0.001000
Epoch 9/60 | train_loss 1.0542 | union_precision 0.6667 | weighted_recall 0.2073 | union_precision 0.6667 | threshold 0.625 | val_model raw | lr 0.001000
Epoch 10/60 | train_loss 1.0317 | union_precision 0.7500 | weighted_recall 0.3171 | union_precision 0.7500 | threshold 0.625 | val_model raw | lr 0.001000
Epoch 11/60 | train_loss 1.0059 | union_precision 1.0000 | weighted_recall 0.1098 | union_precision 1.0000 | threshold 0.725 | val_model raw | lr 0.001000
Epoch 12/60 | train_loss 0.9725 | union_precision 1.0000 | weighted_recall 0.2073 | union_precision 1.0000 | threshold 0.725 | val_model raw | lr 0.001000
Epoch 13/60 | train_loss 0.9633 | union_precision 0.8000 | weighted_recall 0.3415 | union_precision 0.8000 | threshold 0.625 | val_model raw | lr 0.001000
Epoch 14/60 | train_loss 0.9332 | union_precision 0.8000 | weighted_recall 0.3415 | union_precision 0.8000 | threshold 0.625 | val_model raw | lr 0.001000
Epoch 15/60 | train_loss 0.9118 | union_precision 0.8000 | weighted_recall 0.3415 | union_precision 0.8000 | threshold 0.650 | val_model raw | lr 0.001000
Epoch 16/60 | train_loss 0.8932 | union_precision 0.8000 | weighted_recall 0.3415 | union_precision 0.8000 | threshold 0.650 | val_model raw | lr 0.001000
Epoch 17/60 | train_loss 0.8702 | union_precision 0.8000 | weighted_recall 0.3415 | union_precision 0.8000 | threshold 0.650 | val_model raw | lr 0.001000
Epoch 18/60 | train_loss 0.8563 | union_precision 1.0000 | weighted_recall 0.3415 | union_precision 1.0000 | threshold 0.700 | val_model raw | lr 0.001000
Epoch 19/60 | train_loss 0.8416 | union_precision 1.0000 | weighted_recall 0.3415 | union_precision 1.0000 | threshold 0.700 | val_model raw | lr 0.001000
Epoch 20/60 | train_loss 0.8080 | union_precision 1.0000 | weighted_recall 0.3415 | union_precision 1.0000 | threshold 0.675 | val_model raw | lr 0.001000
Epoch 21/60 | train_loss 0.8045 | union_precision 1.0000 | weighted_recall 0.3415 | union_precision 1.0000 | threshold 0.700 | val_model raw | lr 0.001000
Epoch 22/60 | train_loss 0.7547 | union_precision 1.0000 | weighted_recall 0.3415 | union_precision 1.0000 | threshold 0.700 | val_model raw | lr 0.001000
Epoch 23/60 | train_loss 0.7591 | union_precision 1.0000 | weighted_recall 0.3415 | union_precision 1.0000 | threshold 0.700 | val_model raw | lr 0.001000
Epoch 24/60 | train_loss 0.7568 | union_precision 1.0000 | weighted_recall 0.3415 | union_precision 1.0000 | threshold 0.700 | val_model raw | lr 0.001000
Epoch 25/60 | train_loss 0.7331 | union_precision 0.8333 | weighted_recall 0.3659 | union_precision 0.8333 | threshold 0.700 | val_model raw | lr 0.001000
Epoch 26/60 | train_loss 0.7111 | union_precision 1.0000 | weighted_recall 0.3415 | union_precision 1.0000 | threshold 0.725 | val_model raw | lr 0.001000
Epoch 27/60 | train_loss 0.6994 | union_precision 0.8333 | weighted_recall 0.3659 | union_precision 0.8333 | threshold 0.725 | val_model raw | lr 0.001000
Epoch 28/60 | train_loss 0.6882 | union_precision 1.0000 | weighted_recall 0.3415 | union_precision 1.0000 | threshold 0.750 | val_model raw | lr 0.001000
Epoch 29/60 | train_loss 0.6570 | union_precision 1.0000 | weighted_recall 0.3415 | union_precision 1.0000 | threshold 0.750 | val_model raw | lr 0.001000
Epoch 30/60 | train_loss 0.6534 | union_precision 1.0000 | weighted_recall 0.3415 | union_precision 1.0000 | threshold 0.750 | val_model raw | lr 0.001000
Epoch 31/60 | train_loss 0.6417 | union_precision 0.8000 | weighted_recall 0.3415 | union_precision 0.8000 | threshold 0.725 | val_model raw | lr 0.001000
Epoch 32/60 | train_loss 0.6256 | union_precision 0.8000 | weighted_recall 0.3415 | union_precision 0.8000 | threshold 0.725 | val_model raw | lr 0.001000
Epoch 33/60 | train_loss 0.6254 | union_precision 0.8000 | weighted_recall 0.3415 | union_precision 0.8000 | threshold 0.750 | val_model raw | lr 0.001000
Epoch 34/60 | train_loss 0.6140 | union_precision 0.8000 | weighted_recall 0.3415 | union_precision 0.8000 | threshold 0.750 | val_model raw | lr 0.001000
Epoch 35/60 | train_loss 0.5893 | union_precision 0.8000 | weighted_recall 0.3415 | union_precision 0.8000 | threshold 0.750 | val_model raw | lr 0.001000
Early stopping at epoch 35
Held-out M30-2 | union_precision=0.8333 | weighted_recall=0.3659 | consensus_recall=0.0000
Epoch 1/60 | train_loss 1.5333 | union_precision 0.5000 | weighted_recall 0.0327 | union_precision 0.5000 | threshold 0.600 | val_model raw | lr 0.001000
Epoch 2/60 | train_loss 1.3969 | union_precision 0.4167 | weighted_recall 0.0654 | union_precision 0.4167 | threshold 0.525 | val_model raw | lr 0.001000
Epoch 3/60 | train_loss 1.3081 | union_precision 0.5161 | weighted_recall 0.3738 | union_precision 0.5161 | threshold 0.500 | val_model raw | lr 0.001000
Epoch 4/60 | train_loss 1.2307 | union_precision 0.5333 | weighted_recall 0.4766 | union_precision 0.5333 | threshold 0.525 | val_model raw | lr 0.001000
Epoch 5/60 | train_loss 1.1842 | union_precision 0.5185 | weighted_recall 0.4673 | union_precision 0.5185 | threshold 0.550 | val_model raw | lr 0.001000
Epoch 6/60 | train_loss 1.1567 | union_precision 0.5312 | weighted_recall 0.4860 | union_precision 0.5312 | threshold 0.525 | val_model raw | lr 0.001000
Epoch 7/60 | train_loss 1.1150 | union_precision 0.5172 | weighted_recall 0.4766 | union_precision 0.5172 | threshold 0.575 | val_model raw | lr 0.001000
Epoch 8/60 | train_loss 1.0808 | union_precision 0.5333 | weighted_recall 0.4813 | union_precision 0.5333 | threshold 0.575 | val_model raw | lr 0.001000
Epoch 9/60 | train_loss 1.0534 | union_precision 0.6364 | weighted_recall 0.2944 | union_precision 0.6364 | threshold 0.675 | val_model raw | lr 0.001000
Epoch 10/60 | train_loss 1.0287 | union_precision 0.5556 | weighted_recall 0.3364 | union_precision 0.5556 | threshold 0.675 | val_model raw | lr 0.001000
Epoch 11/60 | train_loss 1.0014 | union_precision 0.6000 | weighted_recall 0.3505 | union_precision 0.6000 | threshold 0.675 | val_model raw | lr 0.001000
Epoch 12/60 | train_loss 0.9709 | union_precision 0.6250 | weighted_recall 0.2383 | union_precision 0.6250 | threshold 0.725 | val_model raw | lr 0.001000
Epoch 13/60 | train_loss 0.9594 | union_precision 0.6364 | weighted_recall 0.2523 | union_precision 0.6364 | threshold 0.725 | val_model raw | lr 0.001000
Epoch 14/60 | train_loss 0.9290 | union_precision 0.7692 | weighted_recall 0.2944 | union_precision 0.7692 | threshold 0.725 | val_model raw | lr 0.001000
Epoch 15/60 | train_loss 0.9117 | union_precision 0.7692 | weighted_recall 0.2944 | union_precision 0.7692 | threshold 0.725 | val_model raw | lr 0.001000
Epoch 16/60 | train_loss 0.8895 | union_precision 0.7692 | weighted_recall 0.2944 | union_precision 0.7692 | threshold 0.725 | val_model raw | lr 0.001000
Epoch 17/60 | train_loss 0.8669 | union_precision 0.7692 | weighted_recall 0.2944 | union_precision 0.7692 | threshold 0.750 | val_model raw | lr 0.001000
Epoch 18/60 | train_loss 0.8529 | union_precision 0.7692 | weighted_recall 0.2944 | union_precision 0.7692 | threshold 0.775 | val_model raw | lr 0.001000
Epoch 19/60 | train_loss 0.8355 | union_precision 0.7692 | weighted_recall 0.2944 | union_precision 0.7692 | threshold 0.800 | val_model raw | lr 0.001000
Epoch 20/60 | train_loss 0.8074 | union_precision 0.8000 | weighted_recall 0.1869 | union_precision 0.8000 | threshold 0.850 | val_model raw | lr 0.001000
Epoch 21/60 | train_loss 0.7995 | union_precision 0.8000 | weighted_recall 0.1869 | union_precision 0.8000 | threshold 0.875 | val_model raw | lr 0.001000
Epoch 22/60 | train_loss 0.7501 | union_precision 0.8000 | weighted_recall 0.1869 | union_precision 0.8000 | threshold 0.875 | val_model raw | lr 0.001000
Epoch 23/60 | train_loss 0.7546 | union_precision 0.8000 | weighted_recall 0.1869 | union_precision 0.8000 | threshold 0.875 | val_model raw | lr 0.001000
Epoch 24/60 | train_loss 0.7544 | union_precision 0.7778 | weighted_recall 0.2009 | union_precision 0.7778 | threshold 0.825 | val_model raw | lr 0.001000
Epoch 25/60 | train_loss 0.7268 | union_precision 0.8000 | weighted_recall 0.0794 | union_precision 0.8000 | threshold 0.875 | val_model raw | lr 0.001000
Epoch 26/60 | train_loss 0.7080 | union_precision 0.8333 | weighted_recall 0.1916 | union_precision 0.8333 | threshold 0.875 | val_model raw | lr 0.001000
Epoch 27/60 | train_loss 0.6989 | union_precision 0.8333 | weighted_recall 0.1916 | union_precision 0.8333 | threshold 0.875 | val_model raw | lr 0.001000
Epoch 28/60 | train_loss 0.6847 | union_precision 0.8000 | weighted_recall 0.1729 | union_precision 0.8000 | threshold 0.900 | val_model raw | lr 0.001000
Epoch 29/60 | train_loss 0.6552 | union_precision 0.8000 | weighted_recall 0.1729 | union_precision 0.8000 | threshold 0.900 | val_model raw | lr 0.001000
Epoch 30/60 | train_loss 0.6481 | union_precision 0.8000 | weighted_recall 0.1729 | union_precision 0.8000 | threshold 0.900 | val_model raw | lr 0.001000
Epoch 31/60 | train_loss 0.6405 | union_precision 0.8000 | weighted_recall 0.1729 | union_precision 0.8000 | threshold 0.900 | val_model raw | lr 0.001000
Epoch 32/60 | train_loss 0.6220 | union_precision 0.8000 | weighted_recall 0.1729 | union_precision 0.8000 | threshold 0.900 | val_model raw | lr 0.001000
Epoch 33/60 | train_loss 0.6193 | union_precision 0.8000 | weighted_recall 0.1729 | union_precision 0.8000 | threshold 0.900 | val_model raw | lr 0.001000
Epoch 34/60 | train_loss 0.6085 | union_precision 0.8000 | weighted_recall 0.1729 | union_precision 0.8000 | threshold 0.900 | val_model raw | lr 0.001000
Epoch 35/60 | train_loss 0.5877 | union_precision 0.8000 | weighted_recall 0.1729 | union_precision 0.8000 | threshold 0.900 | val_model raw | lr 0.001000
Epoch 36/60 | train_loss 0.5821 | union_precision 0.8000 | weighted_recall 0.1729 | union_precision 0.8000 | threshold 0.900 | val_model raw | lr 0.001000
Early stopping at epoch 36
Held-out M30-3 | union_precision=0.8333 | weighted_recall=0.1916 | consensus_recall=0.0000
Epoch 1/60 | train_loss 1.5406 | union_precision 1.0000 | weighted_recall 0.1686 | union_precision 1.0000 | threshold 0.825 | val_model raw | lr 0.001000
Epoch 2/60 | train_loss 1.4043 | union_precision 1.0000 | weighted_recall 0.0115 | union_precision 1.0000 | threshold 0.800 | val_model raw | lr 0.001000
Epoch 3/60 | train_loss 1.3148 | union_precision 0.6667 | weighted_recall 0.1686 | union_precision 0.6667 | threshold 0.750 | val_model raw | lr 0.001000
Epoch 4/60 | train_loss 1.2362 | union_precision 0.6667 | weighted_recall 0.2490 | union_precision 0.6667 | threshold 0.775 | val_model raw | lr 0.001000
Epoch 5/60 | train_loss 1.1933 | union_precision 0.5385 | weighted_recall 0.3333 | union_precision 0.5385 | threshold 0.600 | val_model raw | lr 0.001000
Epoch 6/60 | train_loss 1.1601 | union_precision 0.5000 | weighted_recall 0.2490 | union_precision 0.5000 | threshold 0.825 | val_model raw | lr 0.001000
Epoch 7/60 | train_loss 1.1232 | union_precision 0.6667 | weighted_recall 0.2490 | union_precision 0.6667 | threshold 0.850 | val_model raw | lr 0.001000
Epoch 8/60 | train_loss 1.0850 | union_precision 1.0000 | weighted_recall 0.2490 | union_precision 1.0000 | threshold 0.875 | val_model raw | lr 0.001000
Epoch 9/60 | train_loss 1.0617 | union_precision 1.0000 | weighted_recall 0.0920 | union_precision 1.0000 | threshold 0.900 | val_model raw | lr 0.001000
Epoch 10/60 | train_loss 1.0370 | union_precision 1.0000 | weighted_recall 0.0920 | union_precision 1.0000 | threshold 0.925 | val_model raw | lr 0.001000
Epoch 11/60 | train_loss 1.0095 | union_precision 0.6667 | weighted_recall 0.2490 | union_precision 0.6667 | threshold 0.925 | val_model raw | lr 0.001000
Epoch 12/60 | train_loss 0.9787 | union_precision 1.0000 | weighted_recall 0.0920 | union_precision 1.0000 | threshold 0.950 | val_model raw | lr 0.001000
Epoch 13/60 | train_loss 0.9703 | union_precision 1.0000 | weighted_recall 0.0920 | union_precision 1.0000 | threshold 0.950 | val_model raw | lr 0.001000
Epoch 14/60 | train_loss 0.9387 | union_precision 1.0000 | weighted_recall 0.0920 | union_precision 1.0000 | threshold 0.950 | val_model raw | lr 0.001000
Epoch 15/60 | train_loss 0.9194 | union_precision 0.6667 | weighted_recall 0.2490 | union_precision 0.6667 | threshold 0.950 | val_model raw | lr 0.001000
Epoch 16/60 | train_loss 0.8957 | union_precision 0.6667 | weighted_recall 0.2490 | union_precision 0.6667 | threshold 0.950 | val_model raw | lr 0.001000
Epoch 17/60 | train_loss 0.8765 | union_precision 0.6667 | weighted_recall 0.2490 | union_precision 0.6667 | threshold 0.950 | val_model raw | lr 0.001000
Epoch 18/60 | train_loss 0.8621 | union_precision 0.6667 | weighted_recall 0.2490 | union_precision 0.6667 | threshold 0.950 | val_model raw | lr 0.001000
Early stopping at epoch 18
Held-out M30-4 | union_precision=1.0000 | weighted_recall=0.2490 | consensus_recall=1.0000
Epoch 1/60 | train_loss 1.5307 | union_precision 0.2353 | weighted_recall 0.3103 | union_precision 0.2353 | threshold 0.475 | val_model raw | lr 0.001000
Epoch 2/60 | train_loss 1.3944 | union_precision 0.2500 | weighted_recall 0.3103 | union_precision 0.2500 | threshold 0.475 | val_model raw | lr 0.001000
Epoch 3/60 | train_loss 1.3045 | union_precision 0.2500 | weighted_recall 0.3103 | union_precision 0.2500 | threshold 0.500 | val_model raw | lr 0.001000
Epoch 4/60 | train_loss 1.2290 | union_precision 0.2500 | weighted_recall 0.3103 | union_precision 0.2500 | threshold 0.500 | val_model raw | lr 0.001000
Epoch 5/60 | train_loss 1.1859 | union_precision 0.3000 | weighted_recall 0.2759 | union_precision 0.3000 | threshold 0.600 | val_model raw | lr 0.001000
Epoch 6/60 | train_loss 1.1546 | union_precision 0.2727 | weighted_recall 0.2759 | union_precision 0.2727 | threshold 0.600 | val_model raw | lr 0.001000
Epoch 7/60 | train_loss 1.1176 | union_precision 0.2857 | weighted_recall 0.2069 | union_precision 0.2857 | threshold 0.625 | val_model raw | lr 0.001000
Epoch 8/60 | train_loss 1.0771 | union_precision 0.2857 | weighted_recall 0.2069 | union_precision 0.2857 | threshold 0.625 | val_model raw | lr 0.001000
Epoch 9/60 | train_loss 1.0557 | union_precision 0.3333 | weighted_recall 0.2414 | union_precision 0.3333 | threshold 0.625 | val_model raw | lr 0.001000
Epoch 10/60 | train_loss 1.0348 | union_precision 0.4000 | weighted_recall 0.3103 | union_precision 0.4000 | threshold 0.625 | val_model raw | lr 0.001000
Epoch 11/60 | train_loss 1.0077 | union_precision 0.5000 | weighted_recall 0.0345 | union_precision 0.5000 | threshold 0.700 | val_model raw | lr 0.001000
Epoch 12/60 | train_loss 0.9748 | union_precision 0.5000 | weighted_recall 0.0345 | union_precision 0.5000 | threshold 0.700 | val_model raw | lr 0.001000
Epoch 13/60 | train_loss 0.9701 | union_precision 0.5000 | weighted_recall 0.1379 | union_precision 0.5000 | threshold 0.650 | val_model raw | lr 0.001000
Epoch 14/60 | train_loss 0.9378 | union_precision 0.5000 | weighted_recall 0.1379 | union_precision 0.5000 | threshold 0.650 | val_model raw | lr 0.001000
Epoch 15/60 | train_loss 0.9176 | union_precision 1.0000 | weighted_recall 0.0345 | union_precision 1.0000 | threshold 0.825 | val_model raw | lr 0.001000
Epoch 16/60 | train_loss 0.8925 | union_precision 0.5714 | weighted_recall 0.2069 | union_precision 0.5714 | threshold 0.650 | val_model raw | lr 0.001000
Epoch 17/60 | train_loss 0.8726 | union_precision 1.0000 | weighted_recall 0.0345 | union_precision 1.0000 | threshold 0.850 | val_model raw | lr 0.001000
Epoch 18/60 | train_loss 0.8623 | union_precision 1.0000 | weighted_recall 0.0345 | union_precision 1.0000 | threshold 0.875 | val_model raw | lr 0.001000
Epoch 19/60 | train_loss 0.8421 | union_precision 1.0000 | weighted_recall 0.0345 | union_precision 1.0000 | threshold 0.875 | val_model raw | lr 0.001000
Epoch 20/60 | train_loss 0.8139 | union_precision 1.0000 | weighted_recall 0.0345 | union_precision 1.0000 | threshold 0.875 | val_model raw | lr 0.001000
Epoch 21/60 | train_loss 0.8033 | union_precision 1.0000 | weighted_recall 0.0345 | union_precision 1.0000 | threshold 0.875 | val_model raw | lr 0.001000
Epoch 22/60 | train_loss 0.7637 | union_precision 1.0000 | weighted_recall 0.0345 | union_precision 1.0000 | threshold 0.900 | val_model raw | lr 0.001000
Epoch 23/60 | train_loss 0.7598 | union_precision 1.0000 | weighted_recall 0.0345 | union_precision 1.0000 | threshold 0.900 | val_model raw | lr 0.001000
Epoch 24/60 | train_loss 0.7601 | union_precision 1.0000 | weighted_recall 0.0345 | union_precision 1.0000 | threshold 0.925 | val_model raw | lr 0.001000
Epoch 25/60 | train_loss 0.7380 | union_precision 1.0000 | weighted_recall 0.0345 | union_precision 1.0000 | threshold 0.925 | val_model raw | lr 0.001000
Early stopping at epoch 25
Held-out M33-1 | union_precision=1.0000 | weighted_recall=0.0345 | consensus_recall=0.0000
Epoch 1/60 | train_loss 1.5374 | union_precision 0.5000 | weighted_recall 0.0041 | union_precision 0.5000 | threshold 0.575 | val_model raw | lr 0.001000
Epoch 2/60 | train_loss 1.3945 | union_precision 0.6364 | weighted_recall 0.0413 | union_precision 0.6364 | threshold 0.550 | val_model raw | lr 0.001000
Epoch 3/60 | train_loss 1.3055 | union_precision 0.8000 | weighted_recall 0.0248 | union_precision 0.8000 | threshold 0.575 | val_model raw | lr 0.001000
Epoch 4/60 | train_loss 1.2268 | union_precision 0.8000 | weighted_recall 0.0248 | union_precision 0.8000 | threshold 0.600 | val_model raw | lr 0.001000
Epoch 5/60 | train_loss 1.1861 | union_precision 0.8000 | weighted_recall 0.0248 | union_precision 0.8000 | threshold 0.600 | val_model raw | lr 0.001000
Epoch 6/60 | train_loss 1.1526 | union_precision 0.8000 | weighted_recall 0.0248 | union_precision 0.8000 | threshold 0.625 | val_model raw | lr 0.001000
Epoch 7/60 | train_loss 1.1146 | union_precision 0.8000 | weighted_recall 0.0248 | union_precision 0.8000 | threshold 0.625 | val_model raw | lr 0.001000
Epoch 8/60 | train_loss 1.0748 | union_precision 0.7500 | weighted_recall 0.0372 | union_precision 0.7500 | threshold 0.625 | val_model raw | lr 0.001000
Epoch 9/60 | train_loss 1.0527 | union_precision 0.7500 | weighted_recall 0.0207 | union_precision 0.7500 | threshold 0.650 | val_model raw | lr 0.001000
Epoch 10/60 | train_loss 1.0324 | union_precision 0.8000 | weighted_recall 0.0289 | union_precision 0.8000 | threshold 0.650 | val_model raw | lr 0.001000
Epoch 11/60 | train_loss 1.0072 | union_precision 0.6667 | weighted_recall 0.0289 | union_precision 0.6667 | threshold 0.650 | val_model raw | lr 0.001000
Epoch 12/60 | train_loss 0.9740 | union_precision 0.7000 | weighted_recall 0.0455 | union_precision 0.7000 | threshold 0.625 | val_model raw | lr 0.001000
Epoch 13/60 | train_loss 0.9635 | union_precision 0.6364 | weighted_recall 0.0455 | union_precision 0.6364 | threshold 0.625 | val_model raw | lr 0.001000
Epoch 14/60 | train_loss 0.9328 | union_precision 0.6667 | weighted_recall 0.0744 | union_precision 0.6667 | threshold 0.625 | val_model raw | lr 0.001000
Epoch 15/60 | train_loss 0.9141 | union_precision 0.6667 | weighted_recall 0.0579 | union_precision 0.6667 | threshold 0.650 | val_model raw | lr 0.001000
Epoch 16/60 | train_loss 0.8919 | union_precision 0.6667 | weighted_recall 0.0661 | union_precision 0.6667 | threshold 0.650 | val_model raw | lr 0.001000
Epoch 17/60 | train_loss 0.8690 | union_precision 1.0000 | weighted_recall 0.0083 | union_precision 1.0000 | threshold 0.775 | val_model raw | lr 0.001000
Epoch 18/60 | train_loss 0.8603 | union_precision 1.0000 | weighted_recall 0.0124 | union_precision 1.0000 | threshold 0.775 | val_model raw | lr 0.001000
Epoch 19/60 | train_loss 0.8392 | union_precision 1.0000 | weighted_recall 0.0124 | union_precision 1.0000 | threshold 0.775 | val_model raw | lr 0.001000
Epoch 20/60 | train_loss 0.8099 | union_precision 1.0000 | weighted_recall 0.0124 | union_precision 1.0000 | threshold 0.800 | val_model raw | lr 0.001000
Early stopping at epoch 20
Held-out M33-2 | union_precision=0.8000 | weighted_recall=0.0289 | consensus_recall=0.0000
Epoch 1/60 | train_loss 1.5310 | union_precision 0.0952 | weighted_recall 0.3846 | union_precision 0.0952 | threshold 0.500 | val_model raw | lr 0.001000
Epoch 2/60 | train_loss 1.3945 | union_precision 0.1538 | weighted_recall 0.5128 | union_precision 0.1538 | threshold 0.050 | val_model raw | lr 0.001000
Epoch 3/60 | train_loss 1.3064 | union_precision 0.1538 | weighted_recall 0.5128 | union_precision 0.1538 | threshold 0.050 | val_model raw | lr 0.001000
Epoch 4/60 | train_loss 1.2284 | union_precision 0.2143 | weighted_recall 0.5641 | union_precision 0.2143 | threshold 0.050 | val_model raw | lr 0.001000
Epoch 5/60 | train_loss 1.1872 | union_precision 0.2069 | weighted_recall 0.5641 | union_precision 0.2069 | threshold 0.050 | val_model raw | lr 0.001000
Epoch 6/60 | train_loss 1.1554 | union_precision 0.2000 | weighted_recall 0.5128 | union_precision 0.2000 | threshold 0.525 | val_model raw | lr 0.001000
Epoch 7/60 | train_loss 1.1169 | union_precision 0.2105 | weighted_recall 0.5128 | union_precision 0.2105 | threshold 0.550 | val_model raw | lr 0.001000
Epoch 8/60 | train_loss 1.0777 | union_precision 0.2105 | weighted_recall 0.5128 | union_precision 0.2105 | threshold 0.550 | val_model raw | lr 0.001000
Epoch 9/60 | train_loss 1.0571 | union_precision 0.2105 | weighted_recall 0.5128 | union_precision 0.2105 | threshold 0.575 | val_model raw | lr 0.001000
Epoch 10/60 | train_loss 1.0346 | union_precision 0.2105 | weighted_recall 0.5128 | union_precision 0.2105 | threshold 0.575 | val_model raw | lr 0.001000
Epoch 11/60 | train_loss 1.0067 | union_precision 0.2308 | weighted_recall 0.3333 | union_precision 0.2308 | threshold 0.625 | val_model raw | lr 0.001000
Epoch 12/60 | train_loss 0.9756 | union_precision 0.2308 | weighted_recall 0.3333 | union_precision 0.2308 | threshold 0.625 | val_model raw | lr 0.001000
Epoch 13/60 | train_loss 0.9670 | union_precision 0.2857 | weighted_recall 0.5128 | union_precision 0.2857 | threshold 0.625 | val_model raw | lr 0.001000
Epoch 14/60 | train_loss 0.9336 | union_precision 0.2857 | weighted_recall 0.5128 | union_precision 0.2857 | threshold 0.625 | val_model raw | lr 0.001000
Epoch 15/60 | train_loss 0.9170 | union_precision 0.3000 | weighted_recall 0.3333 | union_precision 0.3000 | threshold 0.675 | val_model raw | lr 0.001000
Epoch 16/60 | train_loss 0.8929 | union_precision 0.2857 | weighted_recall 0.5128 | union_precision 0.2857 | threshold 0.625 | val_model raw | lr 0.001000
Epoch 17/60 | train_loss 0.8701 | union_precision 0.3846 | weighted_recall 0.5641 | union_precision 0.3846 | threshold 0.650 | val_model raw | lr 0.001000
Epoch 18/60 | train_loss 0.8637 | union_precision 0.3846 | weighted_recall 0.5641 | union_precision 0.3846 | threshold 0.650 | val_model raw | lr 0.001000
Epoch 19/60 | train_loss 0.8426 | union_precision 0.4286 | weighted_recall 0.3333 | union_precision 0.4286 | threshold 0.725 | val_model raw | lr 0.001000
Epoch 20/60 | train_loss 0.8162 | union_precision 0.5000 | weighted_recall 0.1282 | union_precision 0.5000 | threshold 0.775 | val_model raw | lr 0.001000
Epoch 21/60 | train_loss 0.8063 | union_precision 1.0000 | weighted_recall 0.0769 | union_precision 1.0000 | threshold 0.800 | val_model raw | lr 0.001000
Epoch 22/60 | train_loss 0.7694 | union_precision 0.6667 | weighted_recall 0.1282 | union_precision 0.6667 | threshold 0.800 | val_model raw | lr 0.001000
Epoch 23/60 | train_loss 0.7620 | union_precision 0.6667 | weighted_recall 0.1282 | union_precision 0.6667 | threshold 0.800 | val_model raw | lr 0.001000
Epoch 24/60 | train_loss 0.7593 | union_precision 1.0000 | weighted_recall 0.0769 | union_precision 1.0000 | threshold 0.825 | val_model raw | lr 0.001000
Epoch 25/60 | train_loss 0.7357 | union_precision 1.0000 | weighted_recall 0.0769 | union_precision 1.0000 | threshold 0.825 | val_model raw | lr 0.001000
Epoch 26/60 | train_loss 0.7184 | union_precision 1.0000 | weighted_recall 0.0769 | union_precision 1.0000 | threshold 0.825 | val_model raw | lr 0.001000
Epoch 27/60 | train_loss 0.7132 | union_precision 1.0000 | weighted_recall 0.0769 | union_precision 1.0000 | threshold 0.825 | val_model raw | lr 0.001000
Epoch 28/60 | train_loss 0.6971 | union_precision 1.0000 | weighted_recall 0.0769 | union_precision 1.0000 | threshold 0.825 | val_model raw | lr 0.001000
Epoch 29/60 | train_loss 0.6694 | union_precision 1.0000 | weighted_recall 0.0769 | union_precision 1.0000 | threshold 0.825 | val_model raw | lr 0.001000
Epoch 30/60 | train_loss 0.6559 | union_precision 0.5000 | weighted_recall 0.1795 | union_precision 0.5000 | threshold 0.700 | val_model raw | lr 0.001000
Epoch 31/60 | train_loss 0.6554 | union_precision 0.5714 | weighted_recall 0.3846 | union_precision 0.5714 | threshold 0.675 | val_model raw | lr 0.001000
Early stopping at epoch 31
Held-out M33-3 | union_precision=1.0000 | weighted_recall=0.0769 | consensus_recall=0.0000
Epoch 1/60 | train_loss 1.5281 | union_precision 0.8333 | weighted_recall 0.0284 | union_precision 0.8333 | threshold 0.525 | val_model raw | lr 0.001000
Epoch 2/60 | train_loss 1.3850 | union_precision 0.8333 | weighted_recall 0.0304 | union_precision 0.8333 | threshold 0.550 | val_model raw | lr 0.001000
Epoch 3/60 | train_loss 1.2913 | union_precision 0.8889 | weighted_recall 0.1542 | union_precision 0.8889 | threshold 0.550 | val_model raw | lr 0.001000
Epoch 4/60 | train_loss 1.2355 | union_precision 0.8148 | weighted_recall 0.2333 | union_precision 0.8148 | threshold 0.550 | val_model raw | lr 0.001000
Epoch 5/60 | train_loss 1.1965 | union_precision 0.8000 | weighted_recall 0.0122 | union_precision 0.8000 | threshold 0.725 | val_model raw | lr 0.001000
Epoch 6/60 | train_loss 1.1533 | union_precision 0.8000 | weighted_recall 0.1602 | union_precision 0.8000 | threshold 0.600 | val_model raw | lr 0.001000
Epoch 7/60 | train_loss 1.0958 | union_precision 0.8750 | weighted_recall 0.0751 | union_precision 0.8750 | threshold 0.625 | val_model raw | lr 0.001000
Epoch 8/60 | train_loss 1.0853 | union_precision 0.8571 | weighted_recall 0.0892 | union_precision 0.8571 | threshold 0.625 | val_model raw | lr 0.001000
Epoch 9/60 | train_loss 1.0401 | union_precision 0.8636 | weighted_recall 0.0913 | union_precision 0.8636 | threshold 0.625 | val_model raw | lr 0.001000
Epoch 10/60 | train_loss 1.0126 | union_precision 0.8889 | weighted_recall 0.0852 | union_precision 0.8889 | threshold 0.650 | val_model raw | lr 0.001000
Epoch 11/60 | train_loss 1.0108 | union_precision 0.8148 | weighted_recall 0.0994 | union_precision 0.8148 | threshold 0.650 | val_model raw | lr 0.001000
Epoch 12/60 | train_loss 0.9697 | union_precision 0.8500 | weighted_recall 0.0872 | union_precision 0.8500 | threshold 0.675 | val_model raw | lr 0.001000
Epoch 13/60 | train_loss 0.9552 | union_precision 0.8182 | weighted_recall 0.0892 | union_precision 0.8182 | threshold 0.675 | val_model raw | lr 0.001000
Epoch 14/60 | train_loss 0.9217 | union_precision 0.8182 | weighted_recall 0.0892 | union_precision 0.8182 | threshold 0.675 | val_model raw | lr 0.001000
Early stopping at epoch 14
Held-out M33-4 | union_precision=0.8148 | weighted_recall=0.2333 | consensus_recall=1.0000
Epoch 1/60 | train_loss 1.5408 | union_precision 0.1400 | weighted_recall 0.1194 | union_precision 0.1400 | threshold 0.050 | val_model raw | lr 0.001000
Epoch 2/60 | train_loss 1.3949 | union_precision 0.2308 | weighted_recall 0.0224 | union_precision 0.2308 | threshold 0.525 | val_model raw | lr 0.001000
Epoch 3/60 | train_loss 1.3062 | union_precision 0.1379 | weighted_recall 0.1716 | union_precision 0.1379 | threshold 0.425 | val_model raw | lr 0.001000
Epoch 4/60 | train_loss 1.2207 | union_precision 0.1481 | weighted_recall 0.2015 | union_precision 0.1481 | threshold 0.450 | val_model raw | lr 0.001000
Epoch 5/60 | train_loss 1.1840 | union_precision 0.1455 | weighted_recall 0.2015 | union_precision 0.1455 | threshold 0.450 | val_model raw | lr 0.001000
Epoch 6/60 | train_loss 1.1475 | union_precision 0.2083 | weighted_recall 0.1791 | union_precision 0.2083 | threshold 0.525 | val_model raw | lr 0.001000
Epoch 7/60 | train_loss 1.1035 | union_precision 0.2400 | weighted_recall 0.1866 | union_precision 0.2400 | threshold 0.525 | val_model raw | lr 0.001000
Epoch 8/60 | train_loss 1.0727 | union_precision 0.2692 | weighted_recall 0.2090 | union_precision 0.2692 | threshold 0.525 | val_model raw | lr 0.001000
Epoch 9/60 | train_loss 1.0514 | union_precision 0.3333 | weighted_recall 0.0075 | union_precision 0.3333 | threshold 0.675 | val_model raw | lr 0.001000
Epoch 10/60 | train_loss 1.0284 | union_precision 0.2692 | weighted_recall 0.2090 | union_precision 0.2692 | threshold 0.550 | val_model raw | lr 0.001000
Epoch 11/60 | train_loss 0.9950 | union_precision 0.3333 | weighted_recall 0.0448 | union_precision 0.3333 | threshold 0.675 | val_model raw | lr 0.001000
Epoch 12/60 | train_loss 0.9659 | union_precision 0.3333 | weighted_recall 0.0448 | union_precision 0.3333 | threshold 0.675 | val_model raw | lr 0.001000
Epoch 13/60 | train_loss 0.9568 | union_precision 0.4000 | weighted_recall 0.0448 | union_precision 0.4000 | threshold 0.700 | val_model raw | lr 0.001000
Epoch 14/60 | train_loss 0.9253 | union_precision 0.5000 | weighted_recall 0.0448 | union_precision 0.5000 | threshold 0.725 | val_model raw | lr 0.001000
Epoch 15/60 | train_loss 0.9056 | union_precision 0.5000 | weighted_recall 0.0448 | union_precision 0.5000 | threshold 0.725 | val_model raw | lr 0.001000
Epoch 16/60 | train_loss 0.8808 | union_precision 0.6667 | weighted_recall 0.0448 | union_precision 0.6667 | threshold 0.750 | val_model raw | lr 0.001000
Epoch 17/60 | train_loss 0.8582 | union_precision 0.6667 | weighted_recall 0.0448 | union_precision 0.6667 | threshold 0.750 | val_model raw | lr 0.001000
Epoch 18/60 | train_loss 0.8463 | union_precision 0.6667 | weighted_recall 0.0448 | union_precision 0.6667 | threshold 0.750 | val_model raw | lr 0.001000
Epoch 19/60 | train_loss 0.8230 | union_precision 0.7143 | weighted_recall 0.0746 | union_precision 0.7143 | threshold 0.700 | val_model raw | lr 0.001000
Epoch 20/60 | train_loss 0.8018 | union_precision 0.7500 | weighted_recall 0.0522 | union_precision 0.7500 | threshold 0.775 | val_model raw | lr 0.001000
Epoch 21/60 | train_loss 0.7959 | union_precision 1.0000 | weighted_recall 0.0373 | union_precision 1.0000 | threshold 0.850 | val_model raw | lr 0.001000
Epoch 22/60 | train_loss 0.7574 | union_precision 1.0000 | weighted_recall 0.0373 | union_precision 1.0000 | threshold 0.850 | val_model raw | lr 0.001000
Epoch 23/60 | train_loss 0.7481 | union_precision 0.8000 | weighted_recall 0.0672 | union_precision 0.8000 | threshold 0.775 | val_model raw | lr 0.001000
Epoch 24/60 | train_loss 0.7462 | union_precision 1.0000 | weighted_recall 0.0448 | union_precision 1.0000 | threshold 0.825 | val_model raw | lr 0.001000
Epoch 25/60 | train_loss 0.7288 | union_precision 1.0000 | weighted_recall 0.0448 | union_precision 1.0000 | threshold 0.825 | val_model raw | lr 0.001000
Epoch 26/60 | train_loss 0.7088 | union_precision 1.0000 | weighted_recall 0.0448 | union_precision 1.0000 | threshold 0.825 | val_model raw | lr 0.001000
Epoch 27/60 | train_loss 0.7000 | union_precision 1.0000 | weighted_recall 0.0448 | union_precision 1.0000 | threshold 0.850 | val_model raw | lr 0.001000
Epoch 28/60 | train_loss 0.6806 | union_precision 1.0000 | weighted_recall 0.0448 | union_precision 1.0000 | threshold 0.850 | val_model raw | lr 0.001000
Epoch 29/60 | train_loss 0.6619 | union_precision 1.0000 | weighted_recall 0.0448 | union_precision 1.0000 | threshold 0.850 | val_model raw | lr 0.001000
Epoch 30/60 | train_loss 0.6516 | union_precision 1.0000 | weighted_recall 0.0672 | union_precision 1.0000 | threshold 0.850 | val_model raw | lr 0.001000
Epoch 31/60 | train_loss 0.6420 | union_precision 1.0000 | weighted_recall 0.0448 | union_precision 1.0000 | threshold 0.875 | val_model raw | lr 0.001000
Epoch 32/60 | train_loss 0.6279 | union_precision 1.0000 | weighted_recall 0.0672 | union_precision 1.0000 | threshold 0.875 | val_model raw | lr 0.001000
Epoch 33/60 | train_loss 0.6174 | union_precision 1.0000 | weighted_recall 0.0672 | union_precision 1.0000 | threshold 0.875 | val_model raw | lr 0.001000
Epoch 34/60 | train_loss 0.6051 | union_precision 1.0000 | weighted_recall 0.0672 | union_precision 1.0000 | threshold 0.900 | val_model raw | lr 0.001000
Epoch 35/60 | train_loss 0.5764 | union_precision 1.0000 | weighted_recall 0.0672 | union_precision 1.0000 | threshold 0.900 | val_model raw | lr 0.001000
Epoch 36/60 | train_loss 0.5787 | union_precision 1.0000 | weighted_recall 0.0597 | union_precision 1.0000 | threshold 0.900 | val_model raw | lr 0.001000
Epoch 37/60 | train_loss 0.5809 | union_precision 1.0000 | weighted_recall 0.0597 | union_precision 1.0000 | threshold 0.900 | val_model raw | lr 0.001000
Epoch 38/60 | train_loss 0.5505 | union_precision 1.0000 | weighted_recall 0.0373 | union_precision 1.0000 | threshold 0.925 | val_model raw | lr 0.001000
Epoch 39/60 | train_loss 0.5482 | union_precision 1.0000 | weighted_recall 0.0373 | union_precision 1.0000 | threshold 0.925 | val_model raw | lr 0.001000
Epoch 40/60 | train_loss 0.5336 | union_precision 1.0000 | weighted_recall 0.0373 | union_precision 1.0000 | threshold 0.925 | val_model raw | lr 0.001000
Early stopping at epoch 40
Held-out M41-1 | union_precision=1.0000 | weighted_recall=0.0672 | consensus_recall=0.0000
Epoch 1/60 | train_loss 1.5416 | union_precision 0.3750 | weighted_recall 0.1481 | union_precision 0.3750 | threshold 0.475 | val_model raw | lr 0.001000
Epoch 2/60 | train_loss 1.3974 | union_precision 0.3500 | weighted_recall 0.2593 | union_precision 0.3500 | threshold 0.450 | val_model raw | lr 0.001000
Epoch 3/60 | train_loss 1.3102 | union_precision 0.3333 | weighted_recall 0.0926 | union_precision 0.3333 | threshold 0.500 | val_model raw | lr 0.001000
Epoch 4/60 | train_loss 1.2288 | union_precision 0.3333 | weighted_recall 0.2037 | union_precision 0.3333 | threshold 0.500 | val_model raw | lr 0.001000
Epoch 5/60 | train_loss 1.1900 | union_precision 0.3846 | weighted_recall 0.2037 | union_precision 0.3846 | threshold 0.525 | val_model raw | lr 0.001000
Epoch 6/60 | train_loss 1.1510 | union_precision 0.3636 | weighted_recall 0.1852 | union_precision 0.3636 | threshold 0.550 | val_model raw | lr 0.001000
Epoch 7/60 | train_loss 1.1085 | union_precision 0.4167 | weighted_recall 0.2037 | union_precision 0.4167 | threshold 0.550 | val_model raw | lr 0.001000
Epoch 8/60 | train_loss 1.0765 | union_precision 0.3750 | weighted_recall 0.2222 | union_precision 0.3750 | threshold 0.525 | val_model raw | lr 0.001000
Epoch 9/60 | train_loss 1.0619 | union_precision 0.4000 | weighted_recall 0.2222 | union_precision 0.4000 | threshold 0.550 | val_model raw | lr 0.001000
Epoch 10/60 | train_loss 1.0337 | union_precision 0.3571 | weighted_recall 0.2037 | union_precision 0.3571 | threshold 0.575 | val_model raw | lr 0.001000
Epoch 11/60 | train_loss 1.0034 | union_precision 0.4000 | weighted_recall 0.2222 | union_precision 0.4000 | threshold 0.575 | val_model raw | lr 0.001000
Epoch 12/60 | train_loss 0.9740 | union_precision 0.4000 | weighted_recall 0.2222 | union_precision 0.4000 | threshold 0.575 | val_model raw | lr 0.001000
Epoch 13/60 | train_loss 0.9634 | union_precision 0.4000 | weighted_recall 0.2222 | union_precision 0.4000 | threshold 0.600 | val_model raw | lr 0.001000
Epoch 14/60 | train_loss 0.9338 | union_precision 0.4000 | weighted_recall 0.2222 | union_precision 0.4000 | threshold 0.575 | val_model raw | lr 0.001000
Epoch 15/60 | train_loss 0.9136 | union_precision 0.3846 | weighted_recall 0.2037 | union_precision 0.3846 | threshold 0.625 | val_model raw | lr 0.001000
Epoch 16/60 | train_loss 0.8867 | union_precision 0.3846 | weighted_recall 0.2037 | union_precision 0.3846 | threshold 0.625 | val_model raw | lr 0.001000
Epoch 17/60 | train_loss 0.8629 | union_precision 0.4444 | weighted_recall 0.1667 | union_precision 0.4444 | threshold 0.650 | val_model raw | lr 0.001000
Epoch 18/60 | train_loss 0.8551 | union_precision 0.5000 | weighted_recall 0.0926 | union_precision 0.5000 | threshold 0.750 | val_model raw | lr 0.001000
Epoch 19/60 | train_loss 0.8327 | union_precision 0.5000 | weighted_recall 0.0926 | union_precision 0.5000 | threshold 0.750 | val_model raw | lr 0.001000
Epoch 20/60 | train_loss 0.8136 | union_precision 0.5000 | weighted_recall 0.0926 | union_precision 0.5000 | threshold 0.775 | val_model raw | lr 0.001000
Epoch 21/60 | train_loss 0.8035 | union_precision 0.5000 | weighted_recall 0.1481 | union_precision 0.5000 | threshold 0.675 | val_model raw | lr 0.001000
Epoch 22/60 | train_loss 0.7632 | union_precision 0.5000 | weighted_recall 0.1481 | union_precision 0.5000 | threshold 0.675 | val_model raw | lr 0.001000
Epoch 23/60 | train_loss 0.7574 | union_precision 0.5000 | weighted_recall 0.1481 | union_precision 0.5000 | threshold 0.700 | val_model raw | lr 0.001000
Epoch 24/60 | train_loss 0.7497 | union_precision 0.6000 | weighted_recall 0.1481 | union_precision 0.6000 | threshold 0.700 | val_model raw | lr 0.001000
Epoch 25/60 | train_loss 0.7418 | union_precision 0.5000 | weighted_recall 0.1481 | union_precision 0.5000 | threshold 0.675 | val_model raw | lr 0.001000
Epoch 26/60 | train_loss 0.7154 | union_precision 0.5000 | weighted_recall 0.1481 | union_precision 0.5000 | threshold 0.675 | val_model raw | lr 0.001000
Epoch 27/60 | train_loss 0.7065 | union_precision 0.5000 | weighted_recall 0.1481 | union_precision 0.5000 | threshold 0.675 | val_model raw | lr 0.001000
Epoch 28/60 | train_loss 0.6893 | union_precision 0.5000 | weighted_recall 0.1481 | union_precision 0.5000 | threshold 0.650 | val_model raw | lr 0.001000
Epoch 29/60 | train_loss 0.6673 | union_precision 0.5000 | weighted_recall 0.1481 | union_precision 0.5000 | threshold 0.650 | val_model raw | lr 0.001000
Epoch 30/60 | train_loss 0.6580 | union_precision 0.5000 | weighted_recall 0.1481 | union_precision 0.5000 | threshold 0.650 | val_model raw | lr 0.001000
Epoch 31/60 | train_loss 0.6508 | union_precision 0.5000 | weighted_recall 0.1481 | union_precision 0.5000 | threshold 0.650 | val_model raw | lr 0.001000
Epoch 32/60 | train_loss 0.6328 | union_precision 0.5000 | weighted_recall 0.0741 | union_precision 0.5000 | threshold 0.675 | val_model raw | lr 0.001000
Epoch 33/60 | train_loss 0.6241 | union_precision 0.5000 | weighted_recall 0.1111 | union_precision 0.5000 | threshold 0.600 | val_model raw | lr 0.001000
Epoch 34/60 | train_loss 0.6137 | union_precision 0.5000 | weighted_recall 0.1111 | union_precision 0.5000 | threshold 0.600 | val_model raw | lr 0.001000
Early stopping at epoch 34
Held-out M41-2 | union_precision=0.6000 | weighted_recall=0.1481 | consensus_recall=0.0000
Epoch 1/60 | train_loss 1.5414 | union_precision 0.5455 | weighted_recall 0.1505 | union_precision 0.5455 | threshold 0.550 | val_model raw | lr 0.001000
Epoch 2/60 | train_loss 1.3948 | union_precision 0.6667 | weighted_recall 0.1828 | union_precision 0.6667 | threshold 0.550 | val_model raw | lr 0.001000
Epoch 3/60 | train_loss 1.3075 | union_precision 0.6667 | weighted_recall 0.2043 | union_precision 0.6667 | threshold 0.575 | val_model raw | lr 0.001000
Epoch 4/60 | train_loss 1.2285 | union_precision 0.6000 | weighted_recall 0.2043 | union_precision 0.6000 | threshold 0.575 | val_model raw | lr 0.001000
Epoch 5/60 | train_loss 1.1911 | union_precision 0.6429 | weighted_recall 0.3011 | union_precision 0.6429 | threshold 0.525 | val_model raw | lr 0.001000
Epoch 6/60 | train_loss 1.1510 | union_precision 0.6429 | weighted_recall 0.2796 | union_precision 0.6429 | threshold 0.525 | val_model raw | lr 0.001000
Epoch 7/60 | train_loss 1.1052 | union_precision 0.6429 | weighted_recall 0.2688 | union_precision 0.6429 | threshold 0.525 | val_model raw | lr 0.001000
Epoch 8/60 | train_loss 1.0751 | union_precision 0.6429 | weighted_recall 0.2688 | union_precision 0.6429 | threshold 0.525 | val_model raw | lr 0.001000
Epoch 9/60 | train_loss 1.0631 | union_precision 0.6667 | weighted_recall 0.3226 | union_precision 0.6667 | threshold 0.525 | val_model raw | lr 0.001000
Epoch 10/60 | train_loss 1.0321 | union_precision 0.6875 | weighted_recall 0.3333 | union_precision 0.6875 | threshold 0.525 | val_model raw | lr 0.001000
Epoch 11/60 | train_loss 1.0006 | union_precision 0.7000 | weighted_recall 0.2581 | union_precision 0.7000 | threshold 0.600 | val_model raw | lr 0.001000
Epoch 12/60 | train_loss 0.9715 | union_precision 0.7500 | weighted_recall 0.0968 | union_precision 0.7500 | threshold 0.700 | val_model raw | lr 0.001000
Epoch 13/60 | train_loss 0.9629 | union_precision 0.8000 | weighted_recall 0.1505 | union_precision 0.8000 | threshold 0.700 | val_model raw | lr 0.001000
Epoch 14/60 | train_loss 0.9318 | union_precision 0.6667 | weighted_recall 0.3226 | union_precision 0.6667 | threshold 0.550 | val_model raw | lr 0.001000
Epoch 15/60 | train_loss 0.9128 | union_precision 0.8000 | weighted_recall 0.1505 | union_precision 0.8000 | threshold 0.700 | val_model raw | lr 0.001000
Epoch 16/60 | train_loss 0.8836 | union_precision 0.8000 | weighted_recall 0.1505 | union_precision 0.8000 | threshold 0.700 | val_model raw | lr 0.001000
Epoch 17/60 | train_loss 0.8573 | union_precision 0.8750 | weighted_recall 0.2581 | union_precision 0.8750 | threshold 0.675 | val_model raw | lr 0.001000
Epoch 18/60 | train_loss 0.8485 | union_precision 0.8750 | weighted_recall 0.2581 | union_precision 0.8750 | threshold 0.675 | val_model raw | lr 0.001000
Epoch 19/60 | train_loss 0.8306 | union_precision 0.8750 | weighted_recall 0.2581 | union_precision 0.8750 | threshold 0.675 | val_model raw | lr 0.001000
Epoch 20/60 | train_loss 0.8108 | union_precision 0.8750 | weighted_recall 0.2581 | union_precision 0.8750 | threshold 0.700 | val_model raw | lr 0.001000
Epoch 21/60 | train_loss 0.8033 | union_precision 0.8750 | weighted_recall 0.2581 | union_precision 0.8750 | threshold 0.725 | val_model raw | lr 0.001000
Epoch 22/60 | train_loss 0.7597 | union_precision 0.8750 | weighted_recall 0.2366 | union_precision 0.8750 | threshold 0.725 | val_model raw | lr 0.001000
Epoch 23/60 | train_loss 0.7535 | union_precision 0.8750 | weighted_recall 0.2366 | union_precision 0.8750 | threshold 0.700 | val_model raw | lr 0.001000
Epoch 24/60 | train_loss 0.7463 | union_precision 0.8750 | weighted_recall 0.2366 | union_precision 0.8750 | threshold 0.700 | val_model raw | lr 0.001000
Epoch 25/60 | train_loss 0.7393 | union_precision 0.8750 | weighted_recall 0.2366 | union_precision 0.8750 | threshold 0.675 | val_model raw | lr 0.001000
Epoch 26/60 | train_loss 0.7133 | union_precision 0.8750 | weighted_recall 0.2581 | union_precision 0.8750 | threshold 0.650 | val_model raw | lr 0.001000
Epoch 27/60 | train_loss 0.7093 | union_precision 0.8750 | weighted_recall 0.2581 | union_precision 0.8750 | threshold 0.650 | val_model raw | lr 0.001000
Early stopping at epoch 27
Held-out M41-3 | union_precision=0.8750 | weighted_recall=0.2581 | consensus_recall=0.0000
Epoch 1/60 | train_loss 1.5428 | union_precision 0.6000 | weighted_recall 0.0448 | union_precision 0.6000 | threshold 0.575 | val_model raw | lr 0.001000
Epoch 2/60 | train_loss 1.3976 | union_precision 0.6667 | weighted_recall 0.0299 | union_precision 0.6667 | threshold 0.600 | val_model raw | lr 0.001000
Epoch 3/60 | train_loss 1.3077 | union_precision 1.0000 | weighted_recall 0.0149 | union_precision 1.0000 | threshold 0.625 | val_model raw | lr 0.001000
Epoch 4/60 | train_loss 1.2296 | union_precision 1.0000 | weighted_recall 0.0149 | union_precision 1.0000 | threshold 0.650 | val_model raw | lr 0.001000
Epoch 5/60 | train_loss 1.1944 | union_precision 0.8000 | weighted_recall 0.0746 | union_precision 0.8000 | threshold 0.625 | val_model raw | lr 0.001000
Epoch 6/60 | train_loss 1.1533 | union_precision 0.8000 | weighted_recall 0.0746 | union_precision 0.8000 | threshold 0.650 | val_model raw | lr 0.001000
Epoch 7/60 | train_loss 1.1065 | union_precision 0.8571 | weighted_recall 0.1493 | union_precision 0.8571 | threshold 0.650 | val_model raw | lr 0.001000
Epoch 8/60 | train_loss 1.0764 | union_precision 0.8000 | weighted_recall 0.0746 | union_precision 0.8000 | threshold 0.675 | val_model raw | lr 0.001000
Epoch 9/60 | train_loss 1.0645 | union_precision 0.8571 | weighted_recall 0.1493 | union_precision 0.8571 | threshold 0.675 | val_model raw | lr 0.001000
Epoch 10/60 | train_loss 1.0344 | union_precision 1.0000 | weighted_recall 0.0149 | union_precision 1.0000 | threshold 0.725 | val_model raw | lr 0.001000
Epoch 11/60 | train_loss 1.0050 | union_precision 0.6667 | weighted_recall 0.0746 | union_precision 0.6667 | threshold 0.700 | val_model raw | lr 0.001000
Epoch 12/60 | train_loss 0.9758 | union_precision 0.5833 | weighted_recall 0.1791 | union_precision 0.5833 | threshold 0.700 | val_model raw | lr 0.001000
Epoch 13/60 | train_loss 0.9660 | union_precision 0.6667 | weighted_recall 0.0746 | union_precision 0.6667 | threshold 0.725 | val_model raw | lr 0.001000
Epoch 14/60 | train_loss 0.9337 | union_precision 0.6154 | weighted_recall 0.1940 | union_precision 0.6154 | threshold 0.725 | val_model raw | lr 0.001000
Epoch 15/60 | train_loss 0.9144 | union_precision 0.6667 | weighted_recall 0.0299 | union_precision 0.6667 | threshold 0.775 | val_model raw | lr 0.001000
Epoch 16/60 | train_loss 0.8861 | union_precision 0.7273 | weighted_recall 0.1940 | union_precision 0.7273 | threshold 0.750 | val_model raw | lr 0.001000
Epoch 17/60 | train_loss 0.8630 | union_precision 0.7273 | weighted_recall 0.1940 | union_precision 0.7273 | threshold 0.750 | val_model raw | lr 0.001000
Early stopping at epoch 17
Held-out M41-4 | union_precision=0.8571 | weighted_recall=0.1493 | consensus_recall=0.0000
Epoch 1/60 | train_loss 1.5400 | union_precision 0.2632 | weighted_recall 0.1558 | union_precision 0.2632 | threshold 0.475 | val_model raw | lr 0.001000
Epoch 2/60 | train_loss 1.3982 | union_precision 0.3000 | weighted_recall 0.2143 | union_precision 0.3000 | threshold 0.525 | val_model raw | lr 0.001000
Epoch 3/60 | train_loss 1.3113 | union_precision 0.2821 | weighted_recall 0.2078 | union_precision 0.2821 | threshold 0.525 | val_model raw | lr 0.001000
Epoch 4/60 | train_loss 1.2269 | union_precision 0.2895 | weighted_recall 0.2078 | union_precision 0.2895 | threshold 0.550 | val_model raw | lr 0.001000
Epoch 5/60 | train_loss 1.1906 | union_precision 0.2750 | weighted_recall 0.2078 | union_precision 0.2750 | threshold 0.550 | val_model raw | lr 0.001000
Epoch 6/60 | train_loss 1.1510 | union_precision 0.2571 | weighted_recall 0.2532 | union_precision 0.2571 | threshold 0.600 | val_model raw | lr 0.001000
Epoch 7/60 | train_loss 1.1066 | union_precision 0.2564 | weighted_recall 0.3636 | union_precision 0.2564 | threshold 0.600 | val_model raw | lr 0.001000
Epoch 8/60 | train_loss 1.0756 | union_precision 0.2857 | weighted_recall 0.3636 | union_precision 0.2857 | threshold 0.625 | val_model raw | lr 0.001000
Epoch 9/60 | train_loss 1.0626 | union_precision 0.3125 | weighted_recall 0.3117 | union_precision 0.3125 | threshold 0.700 | val_model raw | lr 0.001000
Epoch 10/60 | train_loss 1.0316 | union_precision 0.3846 | weighted_recall 0.2403 | union_precision 0.3846 | threshold 0.725 | val_model raw | lr 0.001000
Epoch 11/60 | train_loss 1.0046 | union_precision 0.5455 | weighted_recall 0.2468 | union_precision 0.5455 | threshold 0.750 | val_model raw | lr 0.001000
Epoch 12/60 | train_loss 0.9792 | union_precision 0.5556 | weighted_recall 0.1364 | union_precision 0.5556 | threshold 0.775 | val_model raw | lr 0.001000
Epoch 13/60 | train_loss 0.9599 | union_precision 0.5714 | weighted_recall 0.0974 | union_precision 0.5714 | threshold 0.800 | val_model raw | lr 0.001000
Epoch 14/60 | train_loss 0.9311 | union_precision 0.5556 | weighted_recall 0.1364 | union_precision 0.5556 | threshold 0.800 | val_model raw | lr 0.001000
Epoch 15/60 | train_loss 0.9117 | union_precision 0.5556 | weighted_recall 0.1364 | union_precision 0.5556 | threshold 0.800 | val_model raw | lr 0.001000
Epoch 16/60 | train_loss 0.8856 | union_precision 0.5000 | weighted_recall 0.1104 | union_precision 0.5000 | threshold 0.800 | val_model raw | lr 0.001000
Epoch 17/60 | train_loss 0.8624 | union_precision 0.5000 | weighted_recall 0.1104 | union_precision 0.5000 | threshold 0.800 | val_model raw | lr 0.001000
Epoch 18/60 | train_loss 0.8493 | union_precision 0.5000 | weighted_recall 0.0649 | union_precision 0.5000 | threshold 0.850 | val_model raw | lr 0.001000
Epoch 19/60 | train_loss 0.8291 | union_precision 0.5000 | weighted_recall 0.0649 | union_precision 0.5000 | threshold 0.850 | val_model raw | lr 0.001000
Epoch 20/60 | train_loss 0.8147 | union_precision 0.5000 | weighted_recall 0.0649 | union_precision 0.5000 | threshold 0.875 | val_model raw | lr 0.001000
Epoch 21/60 | train_loss 0.8026 | union_precision 0.5000 | weighted_recall 0.0779 | union_precision 0.5000 | threshold 0.850 | val_model raw | lr 0.001000
Epoch 22/60 | train_loss 0.7628 | union_precision 0.5000 | weighted_recall 0.0779 | union_precision 0.5000 | threshold 0.850 | val_model raw | lr 0.001000
Epoch 23/60 | train_loss 0.7600 | union_precision 0.5000 | weighted_recall 0.0779 | union_precision 0.5000 | threshold 0.850 | val_model raw | lr 0.001000
Early stopping at epoch 23
Held-out M50-1 | union_precision=0.5714 | weighted_recall=0.0974 | consensus_recall=0.0000
Epoch 1/60 | train_loss 1.5444 | union_precision 0.2800 | weighted_recall 0.1205 | union_precision 0.2800 | threshold 0.525 | val_model raw | lr 0.001000
Epoch 2/60 | train_loss 1.4024 | union_precision 0.2667 | weighted_recall 0.1446 | union_precision 0.2667 | threshold 0.475 | val_model raw | lr 0.001000
Epoch 3/60 | train_loss 1.3075 | union_precision 0.2632 | weighted_recall 0.1687 | union_precision 0.2632 | threshold 0.450 | val_model raw | lr 0.001000
Epoch 4/60 | train_loss 1.2250 | union_precision 0.2667 | weighted_recall 0.1446 | union_precision 0.2667 | threshold 0.475 | val_model raw | lr 0.001000
Epoch 5/60 | train_loss 1.1865 | union_precision 0.4286 | weighted_recall 0.0482 | union_precision 0.4286 | threshold 0.575 | val_model raw | lr 0.001000
Epoch 6/60 | train_loss 1.1487 | union_precision 0.3333 | weighted_recall 0.0181 | union_precision 0.3333 | threshold 0.600 | val_model raw | lr 0.001000
Epoch 7/60 | train_loss 1.1038 | union_precision 0.3333 | weighted_recall 0.0181 | union_precision 0.3333 | threshold 0.625 | val_model raw | lr 0.001000
Epoch 8/60 | train_loss 1.0748 | union_precision 0.4286 | weighted_recall 0.0301 | union_precision 0.4286 | threshold 0.600 | val_model raw | lr 0.001000
Epoch 9/60 | train_loss 1.0583 | union_precision 0.3333 | weighted_recall 0.0663 | union_precision 0.3333 | threshold 0.575 | val_model raw | lr 0.001000
Epoch 10/60 | train_loss 1.0275 | union_precision 0.4000 | weighted_recall 0.0241 | union_precision 0.4000 | threshold 0.625 | val_model raw | lr 0.001000
Epoch 11/60 | train_loss 1.0018 | union_precision 0.4118 | weighted_recall 0.1205 | union_precision 0.4118 | threshold 0.575 | val_model raw | lr 0.001000
Epoch 12/60 | train_loss 0.9762 | union_precision 0.4118 | weighted_recall 0.1205 | union_precision 0.4118 | threshold 0.575 | val_model raw | lr 0.001000
Epoch 13/60 | train_loss 0.9567 | union_precision 0.4118 | weighted_recall 0.1205 | union_precision 0.4118 | threshold 0.600 | val_model raw | lr 0.001000
Epoch 14/60 | train_loss 0.9245 | union_precision 0.5000 | weighted_recall 0.0241 | union_precision 0.5000 | threshold 0.675 | val_model raw | lr 0.001000
Epoch 15/60 | train_loss 0.9094 | union_precision 0.4375 | weighted_recall 0.1205 | union_precision 0.4375 | threshold 0.625 | val_model raw | lr 0.001000
Epoch 16/60 | train_loss 0.8799 | union_precision 0.5000 | weighted_recall 0.0361 | union_precision 0.5000 | threshold 0.675 | val_model raw | lr 0.001000
Epoch 17/60 | train_loss 0.8545 | union_precision 0.5000 | weighted_recall 0.1205 | union_precision 0.5000 | threshold 0.625 | val_model raw | lr 0.001000
Epoch 18/60 | train_loss 0.8416 | union_precision 0.5000 | weighted_recall 0.0904 | union_precision 0.5000 | threshold 0.625 | val_model raw | lr 0.001000
Epoch 19/60 | train_loss 0.8270 | union_precision 0.5000 | weighted_recall 0.0783 | union_precision 0.5000 | threshold 0.675 | val_model raw | lr 0.001000
Epoch 20/60 | train_loss 0.8089 | union_precision 0.5000 | weighted_recall 0.0783 | union_precision 0.5000 | threshold 0.675 | val_model raw | lr 0.001000
Epoch 21/60 | train_loss 0.8000 | union_precision 0.6000 | weighted_recall 0.0723 | union_precision 0.6000 | threshold 0.725 | val_model raw | lr 0.001000
Epoch 22/60 | train_loss 0.7601 | union_precision 0.6000 | weighted_recall 0.0723 | union_precision 0.6000 | threshold 0.750 | val_model raw | lr 0.001000
Epoch 23/60 | train_loss 0.7586 | union_precision 0.6000 | weighted_recall 0.0723 | union_precision 0.6000 | threshold 0.750 | val_model raw | lr 0.001000
Epoch 24/60 | train_loss 0.7479 | union_precision 0.6000 | weighted_recall 0.0723 | union_precision 0.6000 | threshold 0.750 | val_model raw | lr 0.001000
Epoch 25/60 | train_loss 0.7363 | union_precision 0.6000 | weighted_recall 0.0723 | union_precision 0.6000 | threshold 0.750 | val_model raw | lr 0.001000
Epoch 26/60 | train_loss 0.7112 | union_precision 0.6000 | weighted_recall 0.0723 | union_precision 0.6000 | threshold 0.750 | val_model raw | lr 0.001000
Epoch 27/60 | train_loss 0.7027 | union_precision 1.0000 | weighted_recall 0.0120 | union_precision 1.0000 | threshold 0.875 | val_model raw | lr 0.001000
Epoch 28/60 | train_loss 0.6860 | union_precision 1.0000 | weighted_recall 0.0120 | union_precision 1.0000 | threshold 0.875 | val_model raw | lr 0.001000
Epoch 29/60 | train_loss 0.6683 | union_precision 1.0000 | weighted_recall 0.0120 | union_precision 1.0000 | threshold 0.875 | val_model raw | lr 0.001000
Epoch 30/60 | train_loss 0.6578 | union_precision 1.0000 | weighted_recall 0.0120 | union_precision 1.0000 | threshold 0.875 | val_model raw | lr 0.001000
Epoch 31/60 | train_loss 0.6402 | union_precision 1.0000 | weighted_recall 0.0120 | union_precision 1.0000 | threshold 0.875 | val_model raw | lr 0.001000
Epoch 32/60 | train_loss 0.6246 | union_precision 1.0000 | weighted_recall 0.0120 | union_precision 1.0000 | threshold 0.875 | val_model raw | lr 0.001000
Epoch 33/60 | train_loss 0.6198 | union_precision 1.0000 | weighted_recall 0.0120 | union_precision 1.0000 | threshold 0.875 | val_model raw | lr 0.001000
Epoch 34/60 | train_loss 0.6068 | union_precision 1.0000 | weighted_recall 0.0120 | union_precision 1.0000 | threshold 0.875 | val_model raw | lr 0.001000
Epoch 35/60 | train_loss 0.5850 | union_precision 1.0000 | weighted_recall 0.0120 | union_precision 1.0000 | threshold 0.875 | val_model raw | lr 0.001000
Epoch 36/60 | train_loss 0.5849 | union_precision 1.0000 | weighted_recall 0.0120 | union_precision 1.0000 | threshold 0.850 | val_model raw | lr 0.001000
Epoch 37/60 | train_loss 0.5840 | union_precision 1.0000 | weighted_recall 0.0120 | union_precision 1.0000 | threshold 0.850 | val_model raw | lr 0.001000
Early stopping at epoch 37
Held-out M50-2 | union_precision=1.0000 | weighted_recall=0.0120 | consensus_recall=0.0000
Epoch 1/60 | train_loss 1.5486 | union_precision 0.8000 | weighted_recall 0.0350 | union_precision 0.8000 | threshold 0.575 | val_model raw | lr 0.001000
Epoch 2/60 | train_loss 1.4142 | union_precision 0.8333 | weighted_recall 0.0368 | union_precision 0.8333 | threshold 0.575 | val_model raw | lr 0.001000
Epoch 3/60 | train_loss 1.3258 | union_precision 0.8750 | weighted_recall 0.0534 | union_precision 0.8750 | threshold 0.600 | val_model raw | lr 0.001000
Epoch 4/60 | train_loss 1.2306 | union_precision 0.8333 | weighted_recall 0.0387 | union_precision 0.8333 | threshold 0.625 | val_model raw | lr 0.001000
Epoch 5/60 | train_loss 1.1970 | union_precision 0.8000 | weighted_recall 0.0700 | union_precision 0.8000 | threshold 0.625 | val_model raw | lr 0.001000
Epoch 6/60 | train_loss 1.1523 | union_precision 0.8333 | weighted_recall 0.0939 | union_precision 0.8333 | threshold 0.675 | val_model raw | lr 0.001000
Epoch 7/60 | train_loss 1.1083 | union_precision 0.6250 | weighted_recall 0.0884 | union_precision 0.6250 | threshold 0.675 | val_model raw | lr 0.001000
Epoch 8/60 | train_loss 1.0825 | union_precision 0.7500 | weighted_recall 0.0792 | union_precision 0.7500 | threshold 0.725 | val_model raw | lr 0.001000
Epoch 9/60 | train_loss 1.0639 | union_precision 0.7500 | weighted_recall 0.0792 | union_precision 0.7500 | threshold 0.750 | val_model raw | lr 0.001000
Epoch 10/60 | train_loss 1.0289 | union_precision 1.0000 | weighted_recall 0.0571 | union_precision 1.0000 | threshold 0.825 | val_model raw | lr 0.001000
Epoch 11/60 | train_loss 1.0049 | union_precision 0.8000 | weighted_recall 0.0847 | union_precision 0.8000 | threshold 0.750 | val_model raw | lr 0.001000
Epoch 12/60 | train_loss 0.9809 | union_precision 0.8000 | weighted_recall 0.0847 | union_precision 0.8000 | threshold 0.750 | val_model raw | lr 0.001000
Epoch 13/60 | train_loss 0.9583 | union_precision 0.8000 | weighted_recall 0.0847 | union_precision 0.8000 | threshold 0.750 | val_model raw | lr 0.001000
Epoch 14/60 | train_loss 0.9304 | union_precision 0.8000 | weighted_recall 0.0847 | union_precision 0.8000 | threshold 0.775 | val_model raw | lr 0.001000
Epoch 15/60 | train_loss 0.9152 | union_precision 0.8000 | weighted_recall 0.0847 | union_precision 0.8000 | threshold 0.775 | val_model raw | lr 0.001000
Epoch 16/60 | train_loss 0.8823 | union_precision 1.0000 | weighted_recall 0.0847 | union_precision 1.0000 | threshold 0.800 | val_model raw | lr 0.001000
Early stopping at epoch 16
Held-out M50-3 | union_precision=0.8333 | weighted_recall=0.0939 | consensus_recall=0.0000
Epoch 1/60 | train_loss 1.5373 | union_precision 0.3333 | weighted_recall 0.0581 | union_precision 0.3333 | threshold 0.550 | val_model raw | lr 0.001000
Epoch 2/60 | train_loss 1.4039 | union_precision 0.5000 | weighted_recall 0.0581 | union_precision 0.5000 | threshold 0.575 | val_model raw | lr 0.001000
Epoch 3/60 | train_loss 1.3088 | union_precision 0.5000 | weighted_recall 0.0581 | union_precision 0.5000 | threshold 0.600 | val_model raw | lr 0.001000
Epoch 4/60 | train_loss 1.2323 | union_precision 0.5000 | weighted_recall 0.0664 | union_precision 0.5000 | threshold 0.550 | val_model raw | lr 0.001000
Epoch 5/60 | train_loss 1.1895 | union_precision 0.5000 | weighted_recall 0.1826 | union_precision 0.5000 | threshold 0.550 | val_model raw | lr 0.001000
Epoch 6/60 | train_loss 1.1462 | union_precision 0.5000 | weighted_recall 0.0622 | union_precision 0.5000 | threshold 0.600 | val_model raw | lr 0.001000
Epoch 7/60 | train_loss 1.1010 | union_precision 0.5000 | weighted_recall 0.0622 | union_precision 0.5000 | threshold 0.600 | val_model raw | lr 0.001000
Epoch 8/60 | train_loss 1.0743 | union_precision 0.6000 | weighted_recall 0.2075 | union_precision 0.6000 | threshold 0.575 | val_model raw | lr 0.001000
Epoch 9/60 | train_loss 1.0553 | union_precision 0.5000 | weighted_recall 0.1452 | union_precision 0.5000 | threshold 0.600 | val_model raw | lr 0.001000
Epoch 10/60 | train_loss 1.0189 | union_precision 0.5556 | weighted_recall 0.1577 | union_precision 0.5556 | threshold 0.600 | val_model raw | lr 0.001000
Epoch 11/60 | train_loss 1.0005 | union_precision 0.5714 | weighted_recall 0.1535 | union_precision 0.5714 | threshold 0.625 | val_model raw | lr 0.001000
Epoch 12/60 | train_loss 0.9700 | union_precision 0.5000 | weighted_recall 0.1535 | union_precision 0.5000 | threshold 0.625 | val_model raw | lr 0.001000
Epoch 13/60 | train_loss 0.9483 | union_precision 0.5714 | weighted_recall 0.1535 | union_precision 0.5714 | threshold 0.650 | val_model raw | lr 0.001000
Epoch 14/60 | train_loss 0.9267 | union_precision 0.6000 | weighted_recall 0.1452 | union_precision 0.6000 | threshold 0.675 | val_model raw | lr 0.001000
Epoch 15/60 | train_loss 0.9075 | union_precision 0.6250 | weighted_recall 0.1577 | union_precision 0.6250 | threshold 0.650 | val_model raw | lr 0.001000
Epoch 16/60 | train_loss 0.8758 | union_precision 0.7143 | weighted_recall 0.1203 | union_precision 0.7143 | threshold 0.675 | val_model raw | lr 0.001000
Epoch 17/60 | train_loss 0.8538 | union_precision 0.7143 | weighted_recall 0.1203 | union_precision 0.7143 | threshold 0.675 | val_model raw | lr 0.001000
Epoch 18/60 | train_loss 0.8404 | union_precision 0.7143 | weighted_recall 0.1203 | union_precision 0.7143 | threshold 0.675 | val_model raw | lr 0.001000
Epoch 19/60 | train_loss 0.8187 | union_precision 0.6000 | weighted_recall 0.1369 | union_precision 0.6000 | threshold 0.675 | val_model raw | lr 0.001000
Epoch 20/60 | train_loss 0.8069 | union_precision 0.6667 | weighted_recall 0.0871 | union_precision 0.6667 | threshold 0.750 | val_model raw | lr 0.001000
Epoch 21/60 | train_loss 0.7961 | union_precision 0.8000 | weighted_recall 0.1079 | union_precision 0.8000 | threshold 0.750 | val_model raw | lr 0.001000
Epoch 22/60 | train_loss 0.7497 | union_precision 0.8000 | weighted_recall 0.1079 | union_precision 0.8000 | threshold 0.750 | val_model raw | lr 0.001000
Epoch 23/60 | train_loss 0.7527 | union_precision 0.8000 | weighted_recall 0.1079 | union_precision 0.8000 | threshold 0.750 | val_model raw | lr 0.001000
Epoch 24/60 | train_loss 0.7378 | union_precision 0.8000 | weighted_recall 0.1079 | union_precision 0.8000 | threshold 0.750 | val_model raw | lr 0.001000
Epoch 25/60 | train_loss 0.7274 | union_precision 0.8000 | weighted_recall 0.1079 | union_precision 0.8000 | threshold 0.750 | val_model raw | lr 0.001000
Epoch 26/60 | train_loss 0.7065 | union_precision 0.8000 | weighted_recall 0.1079 | union_precision 0.8000 | threshold 0.750 | val_model raw | lr 0.001000
Epoch 27/60 | train_loss 0.6918 | union_precision 1.0000 | weighted_recall 0.1079 | union_precision 1.0000 | threshold 0.775 | val_model raw | lr 0.001000
Epoch 28/60 | train_loss 0.6810 | union_precision 0.8000 | weighted_recall 0.1079 | union_precision 0.8000 | threshold 0.750 | val_model raw | lr 0.001000
Epoch 29/60 | train_loss 0.6631 | union_precision 0.8000 | weighted_recall 0.1079 | union_precision 0.8000 | threshold 0.750 | val_model raw | lr 0.001000
Epoch 30/60 | train_loss 0.6495 | union_precision 1.0000 | weighted_recall 0.0415 | union_precision 1.0000 | threshold 0.775 | val_model raw | lr 0.001000
Epoch 31/60 | train_loss 0.6337 | union_precision 1.0000 | weighted_recall 0.0415 | union_precision 1.0000 | threshold 0.775 | val_model raw | lr 0.001000
Epoch 32/60 | train_loss 0.6237 | union_precision 1.0000 | weighted_recall 0.0415 | union_precision 1.0000 | threshold 0.800 | val_model raw | lr 0.001000
Epoch 33/60 | train_loss 0.6207 | union_precision 1.0000 | weighted_recall 0.0415 | union_precision 1.0000 | threshold 0.800 | val_model raw | lr 0.001000
Epoch 34/60 | train_loss 0.5916 | union_precision 1.0000 | weighted_recall 0.0415 | union_precision 1.0000 | threshold 0.825 | val_model raw | lr 0.001000
Epoch 35/60 | train_loss 0.5785 | union_precision 1.0000 | weighted_recall 0.0415 | union_precision 1.0000 | threshold 0.825 | val_model raw | lr 0.001000
Epoch 36/60 | train_loss 0.5743 | union_precision 1.0000 | weighted_recall 0.0207 | union_precision 1.0000 | threshold 0.825 | val_model raw | lr 0.001000
Epoch 37/60 | train_loss 0.5747 | union_precision 1.0000 | weighted_recall 0.0415 | union_precision 1.0000 | threshold 0.800 | val_model raw | lr 0.001000
Early stopping at epoch 37
Held-out M56-1 | union_precision=1.0000 | weighted_recall=0.1079 | consensus_recall=1.0000
Epoch 1/60 | train_loss 1.5361 | union_precision 0.2059 | weighted_recall 0.0803 | union_precision 0.2059 | threshold 0.050 | val_model raw | lr 0.001000
Epoch 2/60 | train_loss 1.4019 | union_precision 0.2903 | weighted_recall 0.1898 | union_precision 0.2903 | threshold 0.050 | val_model raw | lr 0.001000
Epoch 3/60 | train_loss 1.3100 | union_precision 0.2812 | weighted_recall 0.1898 | union_precision 0.2812 | threshold 0.050 | val_model raw | lr 0.001000
Epoch 4/60 | train_loss 1.2313 | union_precision 0.2727 | weighted_recall 0.1898 | union_precision 0.2727 | threshold 0.050 | val_model raw | lr 0.001000
Epoch 5/60 | train_loss 1.1901 | union_precision 0.3030 | weighted_recall 0.2117 | union_precision 0.3030 | threshold 0.475 | val_model raw | lr 0.001000
Epoch 6/60 | train_loss 1.1438 | union_precision 0.3030 | weighted_recall 0.1971 | union_precision 0.3030 | threshold 0.475 | val_model raw | lr 0.001000
Epoch 7/60 | train_loss 1.1012 | union_precision 0.2941 | weighted_recall 0.1971 | union_precision 0.2941 | threshold 0.475 | val_model raw | lr 0.001000
Epoch 8/60 | train_loss 1.0778 | union_precision 0.2857 | weighted_recall 0.1971 | union_precision 0.2857 | threshold 0.475 | val_model raw | lr 0.001000
Epoch 9/60 | train_loss 1.0555 | union_precision 0.2857 | weighted_recall 0.1971 | union_precision 0.2857 | threshold 0.475 | val_model raw | lr 0.001000
Epoch 10/60 | train_loss 1.0256 | union_precision 0.2941 | weighted_recall 0.1971 | union_precision 0.2941 | threshold 0.500 | val_model raw | lr 0.001000
Epoch 11/60 | train_loss 1.0061 | union_precision 0.2581 | weighted_recall 0.0876 | union_precision 0.2581 | threshold 0.550 | val_model raw | lr 0.001000
Epoch 12/60 | train_loss 0.9742 | union_precision 0.2353 | weighted_recall 0.0876 | union_precision 0.2353 | threshold 0.475 | val_model raw | lr 0.001000
Epoch 13/60 | train_loss 0.9539 | union_precision 0.1875 | weighted_recall 0.0657 | union_precision 0.1875 | threshold 0.475 | val_model raw | lr 0.001000
Epoch 14/60 | train_loss 0.9317 | union_precision 0.1935 | weighted_recall 0.0584 | union_precision 0.1935 | threshold 0.475 | val_model raw | lr 0.001000
Epoch 15/60 | train_loss 0.9163 | union_precision 0.2143 | weighted_recall 0.0584 | union_precision 0.2143 | threshold 0.525 | val_model raw | lr 0.001000
Early stopping at epoch 15
Held-out M56-2 | union_precision=0.3030 | weighted_recall=0.2117 | consensus_recall=0.0000
Epoch 1/60 | train_loss 1.5432 | union_precision 0.8125 | weighted_recall 0.0723 | union_precision 0.8125 | threshold 0.550 | val_model raw | lr 0.001000
Epoch 2/60 | train_loss 1.4115 | union_precision 0.8571 | weighted_recall 0.0648 | union_precision 0.8571 | threshold 0.575 | val_model raw | lr 0.001000
Epoch 3/60 | train_loss 1.3208 | union_precision 0.8462 | weighted_recall 0.0599 | union_precision 0.8462 | threshold 0.600 | val_model raw | lr 0.001000
Epoch 4/60 | train_loss 1.2347 | union_precision 0.8333 | weighted_recall 0.0823 | union_precision 0.8333 | threshold 0.600 | val_model raw | lr 0.001000
Epoch 5/60 | train_loss 1.1964 | union_precision 0.8750 | weighted_recall 0.0673 | union_precision 0.8750 | threshold 0.625 | val_model raw | lr 0.001000
Epoch 6/60 | train_loss 1.1534 | union_precision 0.8261 | weighted_recall 0.1521 | union_precision 0.8261 | threshold 0.625 | val_model raw | lr 0.001000
Epoch 7/60 | train_loss 1.1089 | union_precision 0.8333 | weighted_recall 0.1297 | union_precision 0.8333 | threshold 0.650 | val_model raw | lr 0.001000
Epoch 8/60 | train_loss 1.0820 | union_precision 0.8000 | weighted_recall 0.1322 | union_precision 0.8000 | threshold 0.650 | val_model raw | lr 0.001000
Epoch 9/60 | train_loss 1.0575 | union_precision 0.8667 | weighted_recall 0.0798 | union_precision 0.8667 | threshold 0.675 | val_model raw | lr 0.001000
Epoch 10/60 | train_loss 1.0264 | union_precision 0.8750 | weighted_recall 0.1272 | union_precision 0.8750 | threshold 0.675 | val_model raw | lr 0.001000
Epoch 11/60 | train_loss 1.0064 | union_precision 0.8571 | weighted_recall 0.0773 | union_precision 0.8571 | threshold 0.700 | val_model raw | lr 0.001000
Epoch 12/60 | train_loss 0.9807 | union_precision 0.8571 | weighted_recall 0.0773 | union_precision 0.8571 | threshold 0.700 | val_model raw | lr 0.001000
Epoch 13/60 | train_loss 0.9476 | union_precision 0.8095 | weighted_recall 0.1471 | union_precision 0.8095 | threshold 0.700 | val_model raw | lr 0.001000
Epoch 14/60 | train_loss 0.9296 | union_precision 0.8333 | weighted_recall 0.0973 | union_precision 0.8333 | threshold 0.725 | val_model raw | lr 0.001000
Epoch 15/60 | train_loss 0.9082 | union_precision 0.8421 | weighted_recall 0.0998 | union_precision 0.8421 | threshold 0.725 | val_model raw | lr 0.001000
Epoch 16/60 | train_loss 0.8832 | union_precision 0.8462 | weighted_recall 0.0648 | union_precision 0.8462 | threshold 0.750 | val_model raw | lr 0.001000
Early stopping at epoch 16
Held-out M56-3 | union_precision=0.8261 | weighted_recall=0.1521 | consensus_recall=0.0000
Epoch 1/60 | train_loss 1.5353 | union_precision 0.5000 | weighted_recall 0.0934 | union_precision 0.5000 | threshold 0.525 | val_model raw | lr 0.001000
Epoch 2/60 | train_loss 1.4038 | union_precision 0.4667 | weighted_recall 0.1044 | union_precision 0.4667 | threshold 0.525 | val_model raw | lr 0.001000
Epoch 3/60 | train_loss 1.3142 | union_precision 0.5000 | weighted_recall 0.0165 | union_precision 0.5000 | threshold 0.650 | val_model raw | lr 0.001000
Epoch 4/60 | train_loss 1.2277 | union_precision 0.3556 | weighted_recall 0.3297 | union_precision 0.3556 | threshold 0.475 | val_model raw | lr 0.001000
Epoch 5/60 | train_loss 1.1947 | union_precision 0.3889 | weighted_recall 0.2802 | union_precision 0.3889 | threshold 0.500 | val_model raw | lr 0.001000
Epoch 6/60 | train_loss 1.1433 | union_precision 0.3571 | weighted_recall 0.2253 | union_precision 0.3571 | threshold 0.525 | val_model raw | lr 0.001000
Epoch 7/60 | train_loss 1.1091 | union_precision 0.3636 | weighted_recall 0.2747 | union_precision 0.3636 | threshold 0.475 | val_model raw | lr 0.001000
Epoch 8/60 | train_loss 1.0837 | union_precision 0.3793 | weighted_recall 0.2473 | union_precision 0.3793 | threshold 0.525 | val_model raw | lr 0.001000
Epoch 9/60 | train_loss 1.0574 | union_precision 0.4000 | weighted_recall 0.1209 | union_precision 0.4000 | threshold 0.625 | val_model raw | lr 0.001000
Epoch 10/60 | train_loss 1.0248 | union_precision 0.5000 | weighted_recall 0.0824 | union_precision 0.5000 | threshold 0.675 | val_model raw | lr 0.001000
Epoch 11/60 | train_loss 1.0058 | union_precision 0.5000 | weighted_recall 0.0824 | union_precision 0.5000 | threshold 0.700 | val_model raw | lr 0.001000
Early stopping at epoch 11
Held-out M59-1 | union_precision=0.5000 | weighted_recall=0.0934 | consensus_recall=0.0000
Epoch 1/60 | train_loss 1.5352 | union_precision 0.6667 | weighted_recall 0.0614 | union_precision 0.6667 | threshold 0.550 | val_model raw | lr 0.001000
Epoch 2/60 | train_loss 1.4011 | union_precision 0.5000 | weighted_recall 0.0088 | union_precision 0.5000 | threshold 0.575 | val_model raw | lr 0.001000
Epoch 3/60 | train_loss 1.3072 | union_precision 0.5000 | weighted_recall 0.0088 | union_precision 0.5000 | threshold 0.575 | val_model raw | lr 0.001000
Epoch 4/60 | train_loss 1.2257 | union_precision 0.5333 | weighted_recall 0.3421 | union_precision 0.5333 | threshold 0.500 | val_model raw | lr 0.001000
Epoch 5/60 | train_loss 1.1855 | union_precision 0.5000 | weighted_recall 0.3860 | union_precision 0.5000 | threshold 0.500 | val_model raw | lr 0.001000
Epoch 6/60 | train_loss 1.1398 | union_precision 0.5000 | weighted_recall 0.3728 | union_precision 0.5000 | threshold 0.500 | val_model raw | lr 0.001000
Epoch 7/60 | train_loss 1.1054 | union_precision 0.5000 | weighted_recall 0.0132 | union_precision 0.5000 | threshold 0.650 | val_model raw | lr 0.001000
Epoch 8/60 | train_loss 1.0756 | union_precision 0.6667 | weighted_recall 0.0132 | union_precision 0.6667 | threshold 0.675 | val_model raw | lr 0.001000
Epoch 9/60 | train_loss 1.0529 | union_precision 1.0000 | weighted_recall 0.0088 | union_precision 1.0000 | threshold 0.750 | val_model raw | lr 0.001000
Epoch 10/60 | train_loss 1.0209 | union_precision 1.0000 | weighted_recall 0.0088 | union_precision 1.0000 | threshold 0.750 | val_model raw | lr 0.001000
Epoch 11/60 | train_loss 0.9993 | union_precision 1.0000 | weighted_recall 0.0132 | union_precision 1.0000 | threshold 0.750 | val_model raw | lr 0.001000
Epoch 12/60 | train_loss 0.9794 | union_precision 1.0000 | weighted_recall 0.0088 | union_precision 1.0000 | threshold 0.775 | val_model raw | lr 0.001000
Epoch 13/60 | train_loss 0.9477 | union_precision 1.0000 | weighted_recall 0.0132 | union_precision 1.0000 | threshold 0.775 | val_model raw | lr 0.001000
Epoch 14/60 | train_loss 0.9300 | union_precision 1.0000 | weighted_recall 0.0132 | union_precision 1.0000 | threshold 0.775 | val_model raw | lr 0.001000
Epoch 15/60 | train_loss 0.9069 | union_precision 1.0000 | weighted_recall 0.0132 | union_precision 1.0000 | threshold 0.775 | val_model raw | lr 0.001000
Epoch 16/60 | train_loss 0.8834 | union_precision 1.0000 | weighted_recall 0.0132 | union_precision 1.0000 | threshold 0.750 | val_model raw | lr 0.001000
Epoch 17/60 | train_loss 0.8603 | union_precision 1.0000 | weighted_recall 0.0132 | union_precision 1.0000 | threshold 0.750 | val_model raw | lr 0.001000
Epoch 18/60 | train_loss 0.8502 | union_precision 1.0000 | weighted_recall 0.0132 | union_precision 1.0000 | threshold 0.750 | val_model raw | lr 0.001000
Epoch 19/60 | train_loss 0.8325 | union_precision 1.0000 | weighted_recall 0.0132 | union_precision 1.0000 | threshold 0.775 | val_model raw | lr 0.001000
Epoch 20/60 | train_loss 0.8121 | union_precision 1.0000 | weighted_recall 0.0132 | union_precision 1.0000 | threshold 0.775 | val_model raw | lr 0.001000
Epoch 21/60 | train_loss 0.7985 | union_precision 1.0000 | weighted_recall 0.0132 | union_precision 1.0000 | threshold 0.825 | val_model raw | lr 0.001000
Early stopping at epoch 21
Held-out M59-2 | union_precision=1.0000 | weighted_recall=0.0132 | consensus_recall=0.0000
Epoch 1/60 | train_loss 1.5320 | union_precision 0.1803 | weighted_recall 0.1288 | union_precision 0.1803 | threshold 0.450 | val_model raw | lr 0.001000
Epoch 2/60 | train_loss 1.3997 | union_precision 0.2500 | weighted_recall 0.0102 | union_precision 0.2500 | threshold 0.550 | val_model raw | lr 0.001000
Epoch 3/60 | train_loss 1.3094 | union_precision 0.4000 | weighted_recall 0.1220 | union_precision 0.4000 | threshold 0.550 | val_model raw | lr 0.001000
Epoch 4/60 | train_loss 1.2320 | union_precision 0.5000 | weighted_recall 0.1186 | union_precision 0.5000 | threshold 0.575 | val_model raw | lr 0.001000
Epoch 5/60 | train_loss 1.1934 | union_precision 0.5000 | weighted_recall 0.1186 | union_precision 0.5000 | threshold 0.600 | val_model raw | lr 0.001000
Epoch 6/60 | train_loss 1.1505 | union_precision 0.6667 | weighted_recall 0.1085 | union_precision 0.6667 | threshold 0.650 | val_model raw | lr 0.001000
Epoch 7/60 | train_loss 1.1172 | union_precision 0.6667 | weighted_recall 0.1085 | union_precision 0.6667 | threshold 0.675 | val_model raw | lr 0.001000
Epoch 8/60 | train_loss 1.0857 | union_precision 0.6667 | weighted_recall 0.1085 | union_precision 0.6667 | threshold 0.675 | val_model raw | lr 0.001000
Epoch 9/60 | train_loss 1.0646 | union_precision 0.6667 | weighted_recall 0.1085 | union_precision 0.6667 | threshold 0.700 | val_model raw | lr 0.001000
Epoch 10/60 | train_loss 1.0318 | union_precision 0.6667 | weighted_recall 0.1085 | union_precision 0.6667 | threshold 0.700 | val_model raw | lr 0.001000
Epoch 11/60 | train_loss 1.0081 | union_precision 0.6667 | weighted_recall 0.1085 | union_precision 0.6667 | threshold 0.700 | val_model raw | lr 0.001000
Epoch 12/60 | train_loss 0.9929 | union_precision 0.6667 | weighted_recall 0.1085 | union_precision 0.6667 | threshold 0.725 | val_model raw | lr 0.001000
Epoch 13/60 | train_loss 0.9583 | union_precision 0.6667 | weighted_recall 0.1085 | union_precision 0.6667 | threshold 0.725 | val_model raw | lr 0.001000
Epoch 14/60 | train_loss 0.9385 | union_precision 0.6667 | weighted_recall 0.1085 | union_precision 0.6667 | threshold 0.750 | val_model raw | lr 0.001000
Epoch 15/60 | train_loss 0.9141 | union_precision 0.6667 | weighted_recall 0.1085 | union_precision 0.6667 | threshold 0.750 | val_model raw | lr 0.001000
Epoch 16/60 | train_loss 0.8876 | union_precision 0.6667 | weighted_recall 0.1085 | union_precision 0.6667 | threshold 0.775 | val_model raw | lr 0.001000
Early stopping at epoch 16
Held-out M59-3 | union_precision=0.6667 | weighted_recall=0.1085 | consensus_recall=0.5000
Epoch 1/60 | train_loss 1.5319 | union_precision 0.6667 | weighted_recall 0.0417 | union_precision 0.6667 | threshold 0.600 | val_model raw | lr 0.001000
Epoch 2/60 | train_loss 1.3846 | union_precision 0.6667 | weighted_recall 0.0417 | union_precision 0.6667 | threshold 0.600 | val_model raw | lr 0.001000
Epoch 3/60 | train_loss 1.2994 | union_precision 0.7500 | weighted_recall 0.0500 | union_precision 0.7500 | threshold 0.600 | val_model raw | lr 0.001000
Epoch 4/60 | train_loss 1.2269 | union_precision 1.0000 | weighted_recall 0.0083 | union_precision 1.0000 | threshold 0.675 | val_model raw | lr 0.001000
Epoch 5/60 | train_loss 1.1804 | union_precision 0.5000 | weighted_recall 0.0167 | union_precision 0.5000 | threshold 0.650 | val_model raw | lr 0.001000
Epoch 6/60 | train_loss 1.1430 | union_precision 0.5000 | weighted_recall 0.0083 | union_precision 0.5000 | threshold 0.700 | val_model raw | lr 0.001000
Epoch 7/60 | train_loss 1.1047 | union_precision 0.5000 | weighted_recall 0.0167 | union_precision 0.5000 | threshold 0.675 | val_model raw | lr 0.001000
Epoch 8/60 | train_loss 1.0799 | union_precision 0.5000 | weighted_recall 0.0083 | union_precision 0.5000 | threshold 0.700 | val_model raw | lr 0.001000
Epoch 9/60 | train_loss 1.0565 | union_precision 0.5000 | weighted_recall 0.0083 | union_precision 0.5000 | threshold 0.725 | val_model raw | lr 0.001000
Epoch 10/60 | train_loss 1.0201 | union_precision 0.4000 | weighted_recall 0.0167 | union_precision 0.4000 | threshold 0.700 | val_model raw | lr 0.001000
Epoch 11/60 | train_loss 0.9979 | union_precision 0.5000 | weighted_recall 0.0167 | union_precision 0.5000 | threshold 0.725 | val_model raw | lr 0.001000
Epoch 12/60 | train_loss 0.9812 | union_precision 1.0000 | weighted_recall 0.0083 | union_precision 1.0000 | threshold 0.775 | val_model raw | lr 0.001000
Epoch 13/60 | train_loss 0.9471 | union_precision 1.0000 | weighted_recall 0.0083 | union_precision 1.0000 | threshold 0.800 | val_model raw | lr 0.001000
Epoch 14/60 | train_loss 0.9318 | union_precision 1.0000 | weighted_recall 0.0083 | union_precision 1.0000 | threshold 0.825 | val_model raw | lr 0.001000
Early stopping at epoch 14
Held-out M63-1 | union_precision=1.0000 | weighted_recall=0.0083 | consensus_recall=0.0000
Epoch 1/60 | train_loss 1.5310 | union_precision 0.5000 | weighted_recall 0.0714 | union_precision 0.5000 | threshold 0.575 | val_model raw | lr 0.001000
Epoch 2/60 | train_loss 1.3838 | union_precision 1.0000 | weighted_recall 0.0556 | union_precision 1.0000 | threshold 0.650 | val_model raw | lr 0.001000
Epoch 3/60 | train_loss 1.2973 | union_precision 0.6667 | weighted_recall 0.0714 | union_precision 0.6667 | threshold 0.600 | val_model raw | lr 0.001000
Epoch 4/60 | train_loss 1.2269 | union_precision 0.6667 | weighted_recall 0.0714 | union_precision 0.6667 | threshold 0.600 | val_model raw | lr 0.001000
Epoch 5/60 | train_loss 1.1889 | union_precision 0.5714 | weighted_recall 0.1429 | union_precision 0.5714 | threshold 0.600 | val_model raw | lr 0.001000
Epoch 6/60 | train_loss 1.1450 | union_precision 0.6000 | weighted_recall 0.1349 | union_precision 0.6000 | threshold 0.625 | val_model raw | lr 0.001000
Epoch 7/60 | train_loss 1.1067 | union_precision 0.5000 | weighted_recall 0.1905 | union_precision 0.5000 | threshold 0.600 | val_model raw | lr 0.001000
Epoch 8/60 | train_loss 1.0843 | union_precision 0.6667 | weighted_recall 0.1190 | union_precision 0.6667 | threshold 0.650 | val_model raw | lr 0.001000
Epoch 9/60 | train_loss 1.0598 | union_precision 0.5000 | weighted_recall 0.1190 | union_precision 0.5000 | threshold 0.650 | val_model raw | lr 0.001000
Epoch 10/60 | train_loss 1.0240 | union_precision 0.6000 | weighted_recall 0.1349 | union_precision 0.6000 | threshold 0.650 | val_model raw | lr 0.001000
Epoch 11/60 | train_loss 1.0013 | union_precision 0.5714 | weighted_recall 0.1667 | union_precision 0.5714 | threshold 0.650 | val_model raw | lr 0.001000
Epoch 12/60 | train_loss 0.9865 | union_precision 0.5556 | weighted_recall 0.2302 | union_precision 0.5556 | threshold 0.650 | val_model raw | lr 0.001000
Early stopping at epoch 12
Held-out M63-3 | union_precision=1.0000 | weighted_recall=0.0556 | consensus_recall=0.0000
Epoch 1/60 | train_loss 1.5306 | union_precision 0.8000 | weighted_recall 0.1746 | union_precision 0.8000 | threshold 0.550 | val_model raw | lr 0.001000
Epoch 2/60 | train_loss 1.3830 | union_precision 0.8000 | weighted_recall 0.2540 | union_precision 0.8000 | threshold 0.525 | val_model raw | lr 0.001000
Epoch 3/60 | train_loss 1.2996 | union_precision 0.8000 | weighted_recall 0.3333 | union_precision 0.8000 | threshold 0.550 | val_model raw | lr 0.001000
Epoch 4/60 | train_loss 1.2287 | union_precision 0.8000 | weighted_recall 0.3333 | union_precision 0.8000 | threshold 0.575 | val_model raw | lr 0.001000
Epoch 5/60 | train_loss 1.1914 | union_precision 0.8000 | weighted_recall 0.3333 | union_precision 0.8000 | threshold 0.600 | val_model raw | lr 0.001000
Epoch 6/60 | train_loss 1.1473 | union_precision 0.8000 | weighted_recall 0.3333 | union_precision 0.8000 | threshold 0.600 | val_model raw | lr 0.001000
Epoch 7/60 | train_loss 1.1086 | union_precision 1.0000 | weighted_recall 0.3333 | union_precision 1.0000 | threshold 0.675 | val_model raw | lr 0.001000
Epoch 8/60 | train_loss 1.0863 | union_precision 0.8571 | weighted_recall 0.3968 | union_precision 0.8571 | threshold 0.600 | val_model raw | lr 0.001000
Epoch 9/60 | train_loss 1.0596 | union_precision 0.8571 | weighted_recall 0.3968 | union_precision 0.8571 | threshold 0.600 | val_model raw | lr 0.001000
Epoch 10/60 | train_loss 1.0258 | union_precision 0.8571 | weighted_recall 0.3968 | union_precision 0.8571 | threshold 0.625 | val_model raw | lr 0.001000
Epoch 11/60 | train_loss 1.0041 | union_precision 1.0000 | weighted_recall 0.3968 | union_precision 1.0000 | threshold 0.650 | val_model raw | lr 0.001000
Epoch 12/60 | train_loss 0.9869 | union_precision 1.0000 | weighted_recall 0.3968 | union_precision 1.0000 | threshold 0.650 | val_model raw | lr 0.001000
Epoch 13/60 | train_loss 0.9525 | union_precision 1.0000 | weighted_recall 0.3968 | union_precision 1.0000 | threshold 0.650 | val_model raw | lr 0.001000
Epoch 14/60 | train_loss 0.9363 | union_precision 1.0000 | weighted_recall 0.3968 | union_precision 1.0000 | threshold 0.675 | val_model raw | lr 0.001000
Epoch 15/60 | train_loss 0.9120 | union_precision 0.8333 | weighted_recall 0.3810 | union_precision 0.8333 | threshold 0.675 | val_model raw | lr 0.001000
Epoch 16/60 | train_loss 0.8884 | union_precision 1.0000 | weighted_recall 0.3333 | union_precision 1.0000 | threshold 0.725 | val_model raw | lr 0.001000
Epoch 17/60 | train_loss 0.8709 | union_precision 0.8333 | weighted_recall 0.3492 | union_precision 0.8333 | threshold 0.700 | val_model raw | lr 0.001000
Epoch 18/60 | train_loss 0.8538 | union_precision 0.8000 | weighted_recall 0.3333 | union_precision 0.8000 | threshold 0.725 | val_model raw | lr 0.001000
Epoch 19/60 | train_loss 0.8294 | union_precision 0.8000 | weighted_recall 0.3333 | union_precision 0.8000 | threshold 0.725 | val_model raw | lr 0.001000
Epoch 20/60 | train_loss 0.8048 | union_precision 1.0000 | weighted_recall 0.0952 | union_precision 1.0000 | threshold 0.775 | val_model raw | lr 0.001000
Epoch 21/60 | train_loss 0.8023 | union_precision 1.0000 | weighted_recall 0.0952 | union_precision 1.0000 | threshold 0.800 | val_model raw | lr 0.001000
Early stopping at epoch 21
Held-out M67-1 | union_precision=1.0000 | weighted_recall=0.3968 | consensus_recall=0.0000
Epoch 1/60 | train_loss 1.5333 | union_precision 0.2759 | weighted_recall 0.2712 | union_precision 0.2759 | threshold 0.450 | val_model raw | lr 0.001000
Epoch 2/60 | train_loss 1.3812 | union_precision 0.3636 | weighted_recall 0.1695 | union_precision 0.3636 | threshold 0.525 | val_model raw | lr 0.001000
Epoch 3/60 | train_loss 1.3023 | union_precision 0.3750 | weighted_recall 0.0847 | union_precision 0.3750 | threshold 0.550 | val_model raw | lr 0.001000
Epoch 4/60 | train_loss 1.2302 | union_precision 0.5000 | weighted_recall 0.0847 | union_precision 0.5000 | threshold 0.575 | val_model raw | lr 0.001000
Epoch 5/60 | train_loss 1.1896 | union_precision 0.5000 | weighted_recall 0.0678 | union_precision 0.5000 | threshold 0.600 | val_model raw | lr 0.001000
Epoch 6/60 | train_loss 1.1493 | union_precision 0.5000 | weighted_recall 0.0678 | union_precision 0.5000 | threshold 0.600 | val_model raw | lr 0.001000
Epoch 7/60 | train_loss 1.1093 | union_precision 0.5000 | weighted_recall 0.0678 | union_precision 0.5000 | threshold 0.625 | val_model raw | lr 0.001000
Epoch 8/60 | train_loss 1.0873 | union_precision 0.6000 | weighted_recall 0.1186 | union_precision 0.6000 | threshold 0.600 | val_model raw | lr 0.001000
Epoch 9/60 | train_loss 1.0594 | union_precision 0.6000 | weighted_recall 0.1186 | union_precision 0.6000 | threshold 0.600 | val_model raw | lr 0.001000
Epoch 10/60 | train_loss 1.0262 | union_precision 0.6000 | weighted_recall 0.1186 | union_precision 0.6000 | threshold 0.600 | val_model raw | lr 0.001000
Epoch 11/60 | train_loss 1.0047 | union_precision 0.6000 | weighted_recall 0.1186 | union_precision 0.6000 | threshold 0.625 | val_model raw | lr 0.001000
Epoch 12/60 | train_loss 0.9884 | union_precision 0.6000 | weighted_recall 0.1186 | union_precision 0.6000 | threshold 0.625 | val_model raw | lr 0.001000
Epoch 13/60 | train_loss 0.9541 | union_precision 0.6000 | weighted_recall 0.1186 | union_precision 0.6000 | threshold 0.625 | val_model raw | lr 0.001000
Epoch 14/60 | train_loss 0.9334 | union_precision 0.6000 | weighted_recall 0.1186 | union_precision 0.6000 | threshold 0.625 | val_model raw | lr 0.001000
Epoch 15/60 | train_loss 0.9114 | union_precision 0.7500 | weighted_recall 0.1186 | union_precision 0.7500 | threshold 0.700 | val_model raw | lr 0.001000
Epoch 16/60 | train_loss 0.8922 | union_precision 0.7500 | weighted_recall 0.1186 | union_precision 0.7500 | threshold 0.675 | val_model raw | lr 0.001000
Epoch 17/60 | train_loss 0.8697 | union_precision 0.7500 | weighted_recall 0.1186 | union_precision 0.7500 | threshold 0.650 | val_model raw | lr 0.001000
Epoch 18/60 | train_loss 0.8530 | union_precision 0.8000 | weighted_recall 0.1695 | union_precision 0.8000 | threshold 0.650 | val_model raw | lr 0.001000
Epoch 19/60 | train_loss 0.8308 | union_precision 0.8000 | weighted_recall 0.1695 | union_precision 0.8000 | threshold 0.650 | val_model raw | lr 0.001000
Epoch 20/60 | train_loss 0.8075 | union_precision 0.8000 | weighted_recall 0.1695 | union_precision 0.8000 | threshold 0.650 | val_model raw | lr 0.001000
Epoch 21/60 | train_loss 0.8050 | union_precision 0.8000 | weighted_recall 0.1695 | union_precision 0.8000 | threshold 0.675 | val_model raw | lr 0.001000
Epoch 22/60 | train_loss 0.7699 | union_precision 0.8000 | weighted_recall 0.1695 | union_precision 0.8000 | threshold 0.675 | val_model raw | lr 0.001000
Epoch 23/60 | train_loss 0.7620 | union_precision 0.8000 | weighted_recall 0.1695 | union_precision 0.8000 | threshold 0.675 | val_model raw | lr 0.001000
Epoch 24/60 | train_loss 0.7423 | union_precision 0.8000 | weighted_recall 0.1695 | union_precision 0.8000 | threshold 0.675 | val_model raw | lr 0.001000
Epoch 25/60 | train_loss 0.7421 | union_precision 0.8000 | weighted_recall 0.1695 | union_precision 0.8000 | threshold 0.675 | val_model raw | lr 0.001000
Epoch 26/60 | train_loss 0.7115 | union_precision 0.7500 | weighted_recall 0.1186 | union_precision 0.7500 | threshold 0.675 | val_model raw | lr 0.001000
Epoch 27/60 | train_loss 0.6885 | union_precision 0.8000 | weighted_recall 0.1695 | union_precision 0.8000 | threshold 0.650 | val_model raw | lr 0.001000
Epoch 28/60 | train_loss 0.6900 | union_precision 0.8000 | weighted_recall 0.1695 | union_precision 0.8000 | threshold 0.625 | val_model raw | lr 0.001000
Early stopping at epoch 28
Held-out M67-2 | union_precision=0.8000 | weighted_recall=0.1695 | consensus_recall=0.0000
Epoch 1/60 | train_loss 1.5322 | union_precision 1.0000 | weighted_recall 0.0746 | union_precision 1.0000 | threshold 0.600 | val_model raw | lr 0.001000
Epoch 2/60 | train_loss 1.3856 | union_precision 1.0000 | weighted_recall 0.0746 | union_precision 1.0000 | threshold 0.600 | val_model raw | lr 0.001000
Epoch 3/60 | train_loss 1.3031 | union_precision 1.0000 | weighted_recall 0.0746 | union_precision 1.0000 | threshold 0.625 | val_model raw | lr 0.001000
Epoch 4/60 | train_loss 1.2309 | union_precision 1.0000 | weighted_recall 0.0746 | union_precision 1.0000 | threshold 0.650 | val_model raw | lr 0.001000
Epoch 5/60 | train_loss 1.1889 | union_precision 1.0000 | weighted_recall 0.0746 | union_precision 1.0000 | threshold 0.650 | val_model raw | lr 0.001000
Epoch 6/60 | train_loss 1.1484 | union_precision 0.8333 | weighted_recall 0.4030 | union_precision 0.8333 | threshold 0.650 | val_model raw | lr 0.001000
Epoch 7/60 | train_loss 1.1084 | union_precision 1.0000 | weighted_recall 0.0746 | union_precision 1.0000 | threshold 0.700 | val_model raw | lr 0.001000
Epoch 8/60 | train_loss 1.0883 | union_precision 0.8333 | weighted_recall 0.4030 | union_precision 0.8333 | threshold 0.675 | val_model raw | lr 0.001000
Epoch 9/60 | train_loss 1.0600 | union_precision 0.6667 | weighted_recall 0.4627 | union_precision 0.6667 | threshold 0.650 | val_model raw | lr 0.001000
Epoch 10/60 | train_loss 1.0263 | union_precision 0.8333 | weighted_recall 0.4030 | union_precision 0.8333 | threshold 0.700 | val_model raw | lr 0.001000
Epoch 11/60 | train_loss 1.0049 | union_precision 0.6667 | weighted_recall 0.4627 | union_precision 0.6667 | threshold 0.650 | val_model raw | lr 0.001000
Epoch 12/60 | train_loss 0.9898 | union_precision 1.0000 | weighted_recall 0.0149 | union_precision 1.0000 | threshold 0.750 | val_model raw | lr 0.001000
Epoch 13/60 | train_loss 0.9548 | union_precision 1.0000 | weighted_recall 0.0149 | union_precision 1.0000 | threshold 0.775 | val_model raw | lr 0.001000
Epoch 14/60 | train_loss 0.9329 | union_precision 0.8333 | weighted_recall 0.3433 | union_precision 0.8333 | threshold 0.750 | val_model raw | lr 0.001000
Epoch 15/60 | train_loss 0.9135 | union_precision 1.0000 | weighted_recall 0.0149 | union_precision 1.0000 | threshold 0.800 | val_model raw | lr 0.001000
Epoch 16/60 | train_loss 0.8915 | union_precision 0.8333 | weighted_recall 0.3433 | union_precision 0.8333 | threshold 0.775 | val_model raw | lr 0.001000
Early stopping at epoch 16
Held-out M67-3 | union_precision=0.8333 | weighted_recall=0.4030 | consensus_recall=0.0000
Epoch 1/60 | train_loss 1.5333 | union_precision 0.6364 | weighted_recall 0.0828 | union_precision 0.6364 | threshold 0.550 | val_model raw | lr 0.001000
Epoch 2/60 | train_loss 1.3857 | union_precision 0.6667 | weighted_recall 0.0764 | union_precision 0.6667 | threshold 0.575 | val_model raw | lr 0.001000
Epoch 3/60 | train_loss 1.3015 | union_precision 0.7500 | weighted_recall 0.0318 | union_precision 0.7500 | threshold 0.625 | val_model raw | lr 0.001000
Epoch 4/60 | train_loss 1.2315 | union_precision 0.8571 | weighted_recall 0.0701 | union_precision 0.8571 | threshold 0.625 | val_model raw | lr 0.001000
Epoch 5/60 | train_loss 1.1906 | union_precision 0.8000 | weighted_recall 0.0510 | union_precision 0.8000 | threshold 0.650 | val_model raw | lr 0.001000
Epoch 6/60 | train_loss 1.1477 | union_precision 0.8333 | weighted_recall 0.0637 | union_precision 0.8333 | threshold 0.650 | val_model raw | lr 0.001000
Epoch 7/60 | train_loss 1.1075 | union_precision 0.8750 | weighted_recall 0.0764 | union_precision 0.8750 | threshold 0.650 | val_model raw | lr 0.001000
Epoch 8/60 | train_loss 1.0868 | union_precision 1.0000 | weighted_recall 0.1210 | union_precision 1.0000 | threshold 0.650 | val_model raw | lr 0.001000
Epoch 9/60 | train_loss 1.0591 | union_precision 1.0000 | weighted_recall 0.1656 | union_precision 1.0000 | threshold 0.650 | val_model raw | lr 0.001000
Epoch 10/60 | train_loss 1.0235 | union_precision 0.8095 | weighted_recall 0.4777 | union_precision 0.8095 | threshold 0.625 | val_model raw | lr 0.001000
Epoch 11/60 | train_loss 1.0018 | union_precision 0.8750 | weighted_recall 0.4204 | union_precision 0.8750 | threshold 0.650 | val_model raw | lr 0.001000
Epoch 12/60 | train_loss 0.9862 | union_precision 0.8333 | weighted_recall 0.4586 | union_precision 0.8333 | threshold 0.650 | val_model raw | lr 0.001000
Epoch 13/60 | train_loss 0.9536 | union_precision 0.8333 | weighted_recall 0.4586 | union_precision 0.8333 | threshold 0.650 | val_model raw | lr 0.001000
Epoch 14/60 | train_loss 0.9331 | union_precision 0.8125 | weighted_recall 0.4140 | union_precision 0.8125 | threshold 0.675 | val_model raw | lr 0.001000
Epoch 15/60 | train_loss 0.9113 | union_precision 0.8235 | weighted_recall 0.4204 | union_precision 0.8235 | threshold 0.675 | val_model raw | lr 0.001000
Epoch 16/60 | train_loss 0.8868 | union_precision 0.8000 | weighted_recall 0.4013 | union_precision 0.8000 | threshold 0.700 | val_model raw | lr 0.001000
Epoch 17/60 | train_loss 0.8682 | union_precision 0.8000 | weighted_recall 0.4013 | union_precision 0.8000 | threshold 0.700 | val_model raw | lr 0.001000
Epoch 18/60 | train_loss 0.8508 | union_precision 0.8333 | weighted_recall 0.2930 | union_precision 0.8333 | threshold 0.725 | val_model raw | lr 0.001000
Epoch 19/60 | train_loss 0.8313 | union_precision 0.8333 | weighted_recall 0.2930 | union_precision 0.8333 | threshold 0.725 | val_model raw | lr 0.001000
Epoch 20/60 | train_loss 0.8069 | union_precision 0.8333 | weighted_recall 0.2930 | union_precision 0.8333 | threshold 0.725 | val_model raw | lr 0.001000
Early stopping at epoch 20
Held-out M67-4 | union_precision=0.8095 | weighted_recall=0.4777 | consensus_recall=0.0000
Epoch 1/60 | train_loss 1.5302 | union_precision 0.3333 | weighted_recall 0.0313 | union_precision 0.3333 | threshold 0.575 | val_model raw | lr 0.001000
Epoch 2/60 | train_loss 1.3792 | union_precision 0.3448 | weighted_recall 0.1719 | union_precision 0.3448 | threshold 0.050 | val_model raw | lr 0.001000
Epoch 3/60 | train_loss 1.2951 | union_precision 0.4138 | weighted_recall 0.2656 | union_precision 0.4138 | threshold 0.050 | val_model raw | lr 0.001000
Epoch 4/60 | train_loss 1.2247 | union_precision 1.0000 | weighted_recall 0.0078 | union_precision 1.0000 | threshold 0.650 | val_model raw | lr 0.001000
Epoch 5/60 | train_loss 1.1866 | union_precision 1.0000 | weighted_recall 0.0078 | union_precision 1.0000 | threshold 0.650 | val_model raw | lr 0.001000
Epoch 6/60 | train_loss 1.1447 | union_precision 1.0000 | weighted_recall 0.0078 | union_precision 1.0000 | threshold 0.650 | val_model raw | lr 0.001000
Epoch 7/60 | train_loss 1.0983 | union_precision 1.0000 | weighted_recall 0.0078 | union_precision 1.0000 | threshold 0.650 | val_model raw | lr 0.001000
Epoch 8/60 | train_loss 1.0840 | union_precision 1.0000 | weighted_recall 0.0078 | union_precision 1.0000 | threshold 0.650 | val_model raw | lr 0.001000
Epoch 9/60 | train_loss 1.0538 | union_precision 1.0000 | weighted_recall 0.0078 | union_precision 1.0000 | threshold 0.650 | val_model raw | lr 0.001000
Epoch 10/60 | train_loss 1.0190 | union_precision 1.0000 | weighted_recall 0.0078 | union_precision 1.0000 | threshold 0.650 | val_model raw | lr 0.001000
Epoch 11/60 | train_loss 0.9984 | union_precision 1.0000 | weighted_recall 0.0078 | union_precision 1.0000 | threshold 0.675 | val_model raw | lr 0.001000
Epoch 12/60 | train_loss 0.9830 | union_precision 1.0000 | weighted_recall 0.0078 | union_precision 1.0000 | threshold 0.675 | val_model raw | lr 0.001000
Epoch 13/60 | train_loss 0.9512 | union_precision 1.0000 | weighted_recall 0.0391 | union_precision 1.0000 | threshold 0.675 | val_model raw | lr 0.001000
Epoch 14/60 | train_loss 0.9278 | union_precision 1.0000 | weighted_recall 0.0625 | union_precision 1.0000 | threshold 0.675 | val_model raw | lr 0.001000
Epoch 15/60 | train_loss 0.9098 | union_precision 1.0000 | weighted_recall 0.0625 | union_precision 1.0000 | threshold 0.675 | val_model raw | lr 0.001000
Epoch 16/60 | train_loss 0.8895 | union_precision 1.0000 | weighted_recall 0.0625 | union_precision 1.0000 | threshold 0.650 | val_model raw | lr 0.001000
Epoch 17/60 | train_loss 0.8696 | union_precision 1.0000 | weighted_recall 0.0625 | union_precision 1.0000 | threshold 0.650 | val_model raw | lr 0.001000
Epoch 18/60 | train_loss 0.8531 | union_precision 1.0000 | weighted_recall 0.0938 | union_precision 1.0000 | threshold 0.650 | val_model raw | lr 0.001000
Epoch 19/60 | train_loss 0.8361 | union_precision 1.0000 | weighted_recall 0.0938 | union_precision 1.0000 | threshold 0.675 | val_model raw | lr 0.001000
Epoch 20/60 | train_loss 0.8092 | union_precision 1.0000 | weighted_recall 0.0625 | union_precision 1.0000 | threshold 0.700 | val_model raw | lr 0.001000
Epoch 21/60 | train_loss 0.8023 | union_precision 0.8000 | weighted_recall 0.0938 | union_precision 0.8000 | threshold 0.725 | val_model raw | lr 0.001000
Epoch 22/60 | train_loss 0.7719 | union_precision 1.0000 | weighted_recall 0.0938 | union_precision 1.0000 | threshold 0.750 | val_model raw | lr 0.001000
Epoch 23/60 | train_loss 0.7613 | union_precision 0.8000 | weighted_recall 0.0938 | union_precision 0.8000 | threshold 0.750 | val_model raw | lr 0.001000
Epoch 24/60 | train_loss 0.7456 | union_precision 0.8000 | weighted_recall 0.0938 | union_precision 0.8000 | threshold 0.750 | val_model raw | lr 0.001000
Epoch 25/60 | train_loss 0.7369 | union_precision 1.0000 | weighted_recall 0.0703 | union_precision 1.0000 | threshold 0.800 | val_model raw | lr 0.001000
Epoch 26/60 | train_loss 0.7143 | union_precision 1.0000 | weighted_recall 0.0703 | union_precision 1.0000 | threshold 0.800 | val_model raw | lr 0.001000
Epoch 27/60 | train_loss 0.6867 | union_precision 1.0000 | weighted_recall 0.0703 | union_precision 1.0000 | threshold 0.800 | val_model raw | lr 0.001000
Epoch 28/60 | train_loss 0.6947 | union_precision 1.0000 | weighted_recall 0.0703 | union_precision 1.0000 | threshold 0.800 | val_model raw | lr 0.001000
Early stopping at epoch 28
Held-out M68-1 | union_precision=1.0000 | weighted_recall=0.0938 | consensus_recall=0.0000
Epoch 1/60 | train_loss 1.5295 | union_precision 0.8000 | weighted_recall 0.2137 | union_precision 0.8000 | threshold 0.575 | val_model raw | lr 0.001000
Epoch 2/60 | train_loss 1.3834 | union_precision 1.0000 | weighted_recall 0.2137 | union_precision 1.0000 | threshold 0.600 | val_model raw | lr 0.001000
Epoch 3/60 | train_loss 1.2981 | union_precision 1.0000 | weighted_recall 0.1966 | union_precision 1.0000 | threshold 0.625 | val_model raw | lr 0.001000
Epoch 4/60 | train_loss 1.2321 | union_precision 1.0000 | weighted_recall 0.0769 | union_precision 1.0000 | threshold 0.650 | val_model raw | lr 0.001000
Epoch 5/60 | train_loss 1.1924 | union_precision 0.6000 | weighted_recall 0.1880 | union_precision 0.6000 | threshold 0.650 | val_model raw | lr 0.001000
Epoch 6/60 | train_loss 1.1492 | union_precision 0.6667 | weighted_recall 0.1709 | union_precision 0.6667 | threshold 0.675 | val_model raw | lr 0.001000
Epoch 7/60 | train_loss 1.1058 | union_precision 0.4118 | weighted_recall 0.5726 | union_precision 0.4118 | threshold 0.600 | val_model raw | lr 0.001000
Epoch 8/60 | train_loss 1.0912 | union_precision 0.4118 | weighted_recall 0.5726 | union_precision 0.4118 | threshold 0.600 | val_model raw | lr 0.001000
Epoch 9/60 | train_loss 1.0611 | union_precision 0.4118 | weighted_recall 0.5726 | union_precision 0.4118 | threshold 0.625 | val_model raw | lr 0.001000
Epoch 10/60 | train_loss 1.0262 | union_precision 0.5714 | weighted_recall 0.4615 | union_precision 0.5714 | threshold 0.700 | val_model raw | lr 0.001000
Epoch 11/60 | train_loss 1.0077 | union_precision 0.7000 | weighted_recall 0.5812 | union_precision 0.7000 | threshold 0.700 | val_model raw | lr 0.001000
Epoch 12/60 | train_loss 0.9867 | union_precision 0.7000 | weighted_recall 0.5812 | union_precision 0.7000 | threshold 0.725 | val_model raw | lr 0.001000
Early stopping at epoch 12
Held-out M68-2 | union_precision=1.0000 | weighted_recall=0.2137 | consensus_recall=0.0000
Epoch 1/60 | train_loss 1.5288 | union_precision 0.3333 | weighted_recall 0.0156 | union_precision 0.3333 | threshold 0.625 | val_model raw | lr 0.001000
Epoch 2/60 | train_loss 1.3807 | union_precision 0.2941 | weighted_recall 0.3750 | union_precision 0.2941 | threshold 0.500 | val_model raw | lr 0.001000
Epoch 3/60 | train_loss 1.2986 | union_precision 0.3077 | weighted_recall 0.6094 | union_precision 0.3077 | threshold 0.600 | val_model raw | lr 0.001000
Epoch 4/60 | train_loss 1.2390 | union_precision 0.4615 | weighted_recall 0.7187 | union_precision 0.4615 | threshold 0.475 | val_model raw | lr 0.001000
Epoch 5/60 | train_loss 1.1915 | union_precision 0.4286 | weighted_recall 0.7187 | union_precision 0.4286 | threshold 0.475 | val_model raw | lr 0.001000
Epoch 6/60 | train_loss 1.1507 | union_precision 0.4286 | weighted_recall 0.7187 | union_precision 0.4286 | threshold 0.475 | val_model raw | lr 0.001000
Epoch 7/60 | train_loss 1.1034 | union_precision 0.4375 | weighted_recall 0.7500 | union_precision 0.4375 | threshold 0.650 | val_model raw | lr 0.001000
Epoch 8/60 | train_loss 1.0923 | union_precision 0.5000 | weighted_recall 0.4375 | union_precision 0.5000 | threshold 0.700 | val_model raw | lr 0.001000
Epoch 9/60 | train_loss 1.0642 | union_precision 0.5000 | weighted_recall 0.2031 | union_precision 0.5000 | threshold 0.750 | val_model raw | lr 0.001000
Epoch 10/60 | train_loss 1.0291 | union_precision 0.5000 | weighted_recall 0.2500 | union_precision 0.5000 | threshold 0.750 | val_model raw | lr 0.001000
Epoch 11/60 | train_loss 1.0037 | union_precision 0.6250 | weighted_recall 0.3750 | union_precision 0.6250 | threshold 0.775 | val_model raw | lr 0.001000
Epoch 12/60 | train_loss 0.9875 | union_precision 0.5556 | weighted_recall 0.3750 | union_precision 0.5556 | threshold 0.800 | val_model raw | lr 0.001000
Epoch 13/60 | train_loss 0.9587 | union_precision 0.5000 | weighted_recall 0.7500 | union_precision 0.5000 | threshold 0.800 | val_model raw | lr 0.001000
Epoch 14/60 | train_loss 0.9361 | union_precision 0.6000 | weighted_recall 0.2812 | union_precision 0.6000 | threshold 0.850 | val_model raw | lr 0.001000
Epoch 15/60 | train_loss 0.9190 | union_precision 0.5385 | weighted_recall 0.7500 | union_precision 0.5385 | threshold 0.825 | val_model raw | lr 0.001000
Epoch 16/60 | train_loss 0.8973 | union_precision 0.5455 | weighted_recall 0.7344 | union_precision 0.5455 | threshold 0.825 | val_model raw | lr 0.001000
Epoch 17/60 | train_loss 0.8708 | union_precision 0.6000 | weighted_recall 0.7344 | union_precision 0.6000 | threshold 0.825 | val_model raw | lr 0.001000
Epoch 18/60 | train_loss 0.8553 | union_precision 0.6000 | weighted_recall 0.7344 | union_precision 0.6000 | threshold 0.825 | val_model raw | lr 0.001000
Epoch 19/60 | train_loss 0.8405 | union_precision 0.6000 | weighted_recall 0.7344 | union_precision 0.6000 | threshold 0.800 | val_model raw | lr 0.001000
Epoch 20/60 | train_loss 0.8093 | union_precision 0.6000 | weighted_recall 0.7344 | union_precision 0.6000 | threshold 0.775 | val_model raw | lr 0.001000
Epoch 21/60 | train_loss 0.8064 | union_precision 0.6000 | weighted_recall 0.7344 | union_precision 0.6000 | threshold 0.800 | val_model raw | lr 0.001000
Early stopping at epoch 21
Held-out M68-3 | union_precision=0.6250 | weighted_recall=0.3750 | consensus_recall=0.0000
Epoch 1/60 | train_loss 1.5481 | union_precision 0.4000 | weighted_recall 0.0096 | union_precision 0.4000 | threshold 0.650 | val_model raw | lr 0.001000
Epoch 2/60 | train_loss 1.3839 | union_precision 0.4000 | weighted_recall 0.0255 | union_precision 0.4000 | threshold 0.575 | val_model raw | lr 0.001000
Epoch 3/60 | train_loss 1.3002 | union_precision 0.5500 | weighted_recall 0.0627 | union_precision 0.5500 | threshold 0.550 | val_model raw | lr 0.001000
Epoch 4/60 | train_loss 1.2295 | union_precision 0.6552 | weighted_recall 0.2577 | union_precision 0.6552 | threshold 0.550 | val_model raw | lr 0.001000
Epoch 5/60 | train_loss 1.1953 | union_precision 0.6800 | weighted_recall 0.1086 | union_precision 0.6800 | threshold 0.575 | val_model raw | lr 0.001000
Epoch 6/60 | train_loss 1.1273 | union_precision 0.6757 | weighted_recall 0.2918 | union_precision 0.6757 | threshold 0.575 | val_model raw | lr 0.001000
Epoch 7/60 | train_loss 1.1102 | union_precision 0.7500 | weighted_recall 0.2640 | union_precision 0.7500 | threshold 0.600 | val_model raw | lr 0.001000
Epoch 8/60 | train_loss 1.0942 | union_precision 0.7273 | weighted_recall 0.1030 | union_precision 0.7273 | threshold 0.625 | val_model raw | lr 0.001000
Epoch 9/60 | train_loss 1.0646 | union_precision 0.7778 | weighted_recall 0.0884 | union_precision 0.7778 | threshold 0.650 | val_model raw | lr 0.001000
Epoch 10/60 | train_loss 1.0277 | union_precision 0.8125 | weighted_recall 0.0873 | union_precision 0.8125 | threshold 0.675 | val_model raw | lr 0.001000
Epoch 11/60 | train_loss 1.0008 | union_precision 0.8182 | weighted_recall 0.1834 | union_precision 0.8182 | threshold 0.675 | val_model raw | lr 0.001000
Epoch 12/60 | train_loss 0.9904 | union_precision 0.9412 | weighted_recall 0.1116 | union_precision 0.9412 | threshold 0.700 | val_model raw | lr 0.001000
Epoch 13/60 | train_loss 0.9539 | union_precision 0.8571 | weighted_recall 0.1857 | union_precision 0.8571 | threshold 0.700 | val_model raw | lr 0.001000
Epoch 14/60 | train_loss 0.9374 | union_precision 0.8824 | weighted_recall 0.0957 | union_precision 0.8824 | threshold 0.725 | val_model raw | lr 0.001000
Epoch 15/60 | train_loss 0.9218 | union_precision 0.9286 | weighted_recall 0.0866 | union_precision 0.9286 | threshold 0.750 | val_model raw | lr 0.001000
Epoch 16/60 | train_loss 0.8973 | union_precision 0.8000 | weighted_recall 0.1025 | union_precision 0.8000 | threshold 0.750 | val_model raw | lr 0.001000
Epoch 17/60 | train_loss 0.8742 | union_precision 0.9333 | weighted_recall 0.0912 | union_precision 0.9333 | threshold 0.775 | val_model raw | lr 0.001000
Epoch 18/60 | train_loss 0.8382 | union_precision 0.8947 | weighted_recall 0.1343 | union_precision 0.8947 | threshold 0.775 | val_model raw | lr 0.001000
Epoch 19/60 | train_loss 0.8274 | union_precision 0.8571 | weighted_recall 0.1229 | union_precision 0.8571 | threshold 0.775 | val_model raw | lr 0.001000
Epoch 20/60 | train_loss 0.8169 | union_precision 0.8333 | weighted_recall 0.1925 | union_precision 0.8333 | threshold 0.775 | val_model raw | lr 0.001000
Epoch 21/60 | train_loss 0.7833 | union_precision 0.8696 | weighted_recall 0.1925 | union_precision 0.8696 | threshold 0.775 | val_model raw | lr 0.001000
Epoch 22/60 | train_loss 0.7610 | union_precision 0.8696 | weighted_recall 0.1925 | union_precision 0.8696 | threshold 0.775 | val_model raw | lr 0.001000
Epoch 23/60 | train_loss 0.7650 | union_precision 0.8000 | weighted_recall 0.1925 | union_precision 0.8000 | threshold 0.775 | val_model raw | lr 0.001000
Epoch 24/60 | train_loss 0.7446 | union_precision 0.8571 | weighted_recall 0.1229 | union_precision 0.8571 | threshold 0.800 | val_model raw | lr 0.001000
Epoch 25/60 | train_loss 0.7270 | union_precision 0.8421 | weighted_recall 0.1037 | union_precision 0.8421 | threshold 0.825 | val_model raw | lr 0.001000
Epoch 26/60 | train_loss 0.7207 | union_precision 0.8095 | weighted_recall 0.1173 | union_precision 0.8095 | threshold 0.825 | val_model raw | lr 0.001000
Epoch 27/60 | train_loss 0.6947 | union_precision 0.8421 | weighted_recall 0.1037 | union_precision 0.8421 | threshold 0.850 | val_model raw | lr 0.001000
Epoch 28/60 | train_loss 0.6704 | union_precision 0.8947 | weighted_recall 0.1173 | union_precision 0.8947 | threshold 0.850 | val_model raw | lr 0.001000
Epoch 29/60 | train_loss 0.6707 | union_precision 0.8889 | weighted_recall 0.1037 | union_precision 0.8889 | threshold 0.850 | val_model raw | lr 0.001000
Epoch 30/60 | train_loss 0.6490 | union_precision 0.8095 | weighted_recall 0.1173 | union_precision 0.8095 | threshold 0.825 | val_model raw | lr 0.001000
Epoch 31/60 | train_loss 0.6500 | union_precision 0.8000 | weighted_recall 0.1128 | union_precision 0.8000 | threshold 0.825 | val_model raw | lr 0.001000
Early stopping at epoch 31
Held-out M06-1__M06-2__M06-3 | union_precision=0.8696 | weighted_recall=0.1925 | consensus_recall=0.2000
Wrote nested CV results to /gpfs/work/int/yuxuanliu2204/Changheng/xmltoexp/MERIX SUBMISSION/Boundary_Restart/reports/nested_piece_cv/weighted_topdown_merge56_level56_boundary_seed42
Best candidate: model-tcn__detector_target-level56_boundary__selection_metric-weighted_recall__min_precision-0p8__loss_type-bce__rest_span_label_mode-none__rest_span_tolerance_negative_weight-1p0 | mean_primary_metric=0.1673 | mean_union_precision=0.8369
Command: python Command: run_outer_score_baselines.py Command: --config Command: configs/salience_grouped3_hi8_score_only_xml_curated.yaml Command: --models Command: logreg Command: --outer_heldout_piece Command: M06-1 Command: M06-2 Command: M06-3 Command: --target_design Command: weighted_topdown Command: --feature_family Command: all Command: --seed Command: 42 Command: --output_dir Command: reports/paper_outer_baselines_weighted_topdown_all_seed42_logreg Command: --reuse_existing 
logreg L1+ | p=0.8898 | wr=0.4516 | cr=0.2000 | thr=0.348
logreg L2+ | p=0.8165 | wr=0.4049 | cr=0.4000 | thr=0.493
logreg L3+ | p=0.8125 | wr=0.1850 | cr=0.0000 | thr=0.699
logreg L4+ | p=0.7500 | wr=0.1297 | cr=0.0000 | thr=0.750
logreg L5+6 | p=0.6129 | wr=0.1145 | cr=0.0000 | thr=0.739
/gpfs/work/int/yuxuanliu2204/Changheng/xmltoexp/MERIX SUBMISSION/Boundary_Restart/reports/paper_outer_baselines_weighted_topdown_all_seed42_logreg
Command: python Command: run_outer_score_baselines.py Command: --config Command: configs/salience_grouped3_hi8_score_only_xml_curated.yaml Command: --models Command: logreg Command: --outer_heldout_piece Command: M06-1 Command: M06-2 Command: M06-3 Command: --target_design Command: simple_union Command: --feature_family Command: all Command: --seed Command: 42 Command: --output_dir Command: reports/paper_outer_baselines_simple_union_all_seed42_logreg Command: --reuse_existing 
logreg L1+ | p=0.9836 | wr=0.3133 | cr=0.6377 | thr=0.082
logreg L2+ | p=0.7917 | wr=0.2807 | cr=0.5741 | thr=0.207
logreg L3+ | p=0.7551 | wr=0.2577 | cr=0.4815 | thr=0.652
logreg L4+ | p=0.6429 | wr=0.1083 | cr=0.0000 | thr=0.737
logreg L5+6 | p=0.6129 | wr=0.1145 | cr=0.0000 | thr=0.739
/gpfs/work/int/yuxuanliu2204/Changheng/xmltoexp/MERIX SUBMISSION/Boundary_Restart/reports/paper_outer_baselines_simple_union_all_seed42_logreg
Command: python Command: run_outer_score_baselines.py Command: --config Command: configs/salience_grouped3_hi8_score_only_xml_curated.yaml Command: --models Command: logreg Command: --outer_heldout_piece Command: M06-1 Command: M06-2 Command: M06-3 Command: --target_design Command: weighted_topdown Command: --feature_family Command: note_only Command: --seed Command: 42 Command: --output_dir Command: reports/paper_outer_baselines_weighted_topdown_note_only_seed42_logreg Command: --reuse_existing 
logreg L1+ | p=0.9000 | wr=0.4406 | cr=0.2000 | thr=0.310
logreg L2+ | p=0.8487 | wr=0.4544 | cr=0.4000 | thr=0.528
logreg L3+ | p=0.8286 | wr=0.1954 | cr=0.0000 | thr=0.692
logreg L4+ | p=0.6087 | wr=0.0596 | cr=0.0000 | thr=0.731
logreg L5+6 | p=0.4800 | wr=0.0731 | cr=0.0000 | thr=0.733
/gpfs/work/int/yuxuanliu2204/Changheng/xmltoexp/MERIX SUBMISSION/Boundary_Restart/reports/paper_outer_baselines_weighted_topdown_note_only_seed42_logreg
Command: python Command: run_outer_score_baselines.py Command: --config Command: configs/salience_grouped3_hi8_score_only_xml_curated.yaml Command: --models Command: logreg Command: --outer_heldout_piece Command: M06-1 Command: M06-2 Command: M06-3 Command: --target_design Command: weighted_topdown Command: --feature_family Command: xml_only Command: --seed Command: 42 Command: --output_dir Command: reports/paper_outer_baselines_weighted_topdown_xml_only_seed42_logreg Command: --reuse_existing 
logreg L1+ | p=0.7542 | wr=0.3379 | cr=0.4000 | thr=0.332
logreg L2+ | p=0.7308 | wr=0.2938 | cr=0.4000 | thr=0.540
logreg L3+ | p=0.6944 | wr=0.2241 | cr=0.4000 | thr=0.641
logreg L4+ | p=0.6667 | wr=0.1936 | cr=0.2000 | thr=0.676
logreg L5+6 | p=0.5714 | wr=0.3672 | cr=0.6000 | thr=0.657
/gpfs/work/int/yuxuanliu2204/Changheng/xmltoexp/MERIX SUBMISSION/Boundary_Restart/reports/paper_outer_baselines_weighted_topdown_xml_only_seed42_logreg
Command: python Command: run_outer_score_baselines.py Command: --config Command: configs/salience_grouped3_hi8_score_only_xml_curated.yaml Command: --models Command: lbdm Command: --outer_heldout_piece Command: M06-1 Command: M06-2 Command: M06-3 Command: --target_design Command: weighted_topdown Command: --feature_family Command: all Command: --seed Command: 42 Command: --output_dir Command: reports/paper_outer_baselines_weighted_topdown_all_seed42_lbdm_only Command: --reuse_existing 
lbdm L1+ | p=0.7850 | wr=0.3468 | cr=0.2000 | thr=0.357
lbdm L2+ | p=0.7358 | wr=0.3529 | cr=0.2000 | thr=0.547
lbdm L3+ | p=0.5775 | wr=0.2417 | cr=0.0000 | thr=0.790
lbdm L4+ | p=0.5435 | wr=0.1716 | cr=0.0000 | thr=0.815
lbdm L5+6 | p=0.4348 | wr=0.1395 | cr=0.0000 | thr=0.816
/gpfs/work/int/yuxuanliu2204/Changheng/xmltoexp/MERIX SUBMISSION/Boundary_Restart/reports/paper_outer_baselines_weighted_topdown_all_seed42_lbdm_only
Command: python Command: run_outer_score_baselines.py Command: --config Command: configs/salience_grouped3_hi8_score_only_xml_curated.yaml Command: --models Command: all_boundary Command: periodic Command: downbeat Command: logreg_window7 Command: --outer_heldout_piece Command: M06-1 Command: M06-2 Command: M06-3 Command: --target_design Command: weighted_topdown Command: --feature_family Command: all Command: --seed Command: 42 Command: --output_dir Command: reports/paper_outer_missing_baselines_seed42 Command: --reuse_existing 
all_boundary L1+ | p=0.3558 | wr=1.0000 | cr=1.0000 | thr=0.500
all_boundary L2+ | p=0.3145 | wr=1.0000 | cr=1.0000 | thr=0.500
all_boundary L3+ | p=0.2111 | wr=1.0000 | cr=1.0000 | thr=0.500
all_boundary L4+ | p=0.1643 | wr=1.0000 | cr=1.0000 | thr=0.500
all_boundary L5+6 | p=0.1219 | wr=1.0000 | cr=1.0000 | thr=0.500
periodic L1+ | p=0.7687 | wr=0.7638 | cr=1.0000 | thr=0.500 | k=3
periodic L2+ | p=0.8052 | wr=0.5990 | cr=1.0000 | thr=0.500 | k=6
periodic L3+ | p=0.7692 | wr=0.5888 | cr=1.0000 | thr=0.500 | k=12
periodic L4+ | p=0.8500 | wr=0.5167 | cr=1.0000 | thr=0.500 | k=24
periodic L5+6 | p=0.7143 | wr=0.3955 | cr=0.8000 | thr=0.500 | k=48
downbeat L1+ | p=0.7590 | wr=0.6683 | cr=1.0000 | thr=0.500
downbeat L2+ | p=0.6678 | wr=0.6569 | cr=1.0000 | thr=0.500
downbeat L3+ | p=0.4495 | wr=0.6057 | cr=1.0000 | thr=0.500
downbeat L4+ | p=0.3518 | wr=0.5390 | cr=1.0000 | thr=0.500
downbeat L5+6 | p=0.2476 | wr=0.4642 | cr=1.0000 | thr=0.500
logreg_window7 L1+ | p=0.8966 | wr=0.3355 | cr=0.0000 | thr=0.180
logreg_window7 L2+ | p=0.8750 | wr=0.3530 | cr=0.2000 | thr=0.378
logreg_window7 L3+ | p=0.7600 | wr=0.2102 | cr=0.0000 | thr=0.725
logreg_window7 L4+ | p=0.7027 | wr=0.1361 | cr=0.0000 | thr=0.854
logreg_window7 L5+6 | p=0.5676 | wr=0.1201 | cr=0.0000 | thr=0.849
/gpfs/work/int/yuxuanliu2204/Changheng/xmltoexp/MERIX SUBMISSION/Boundary_Restart/reports/paper_outer_missing_baselines_seed42
Command: python Command: run_outer_bilstm_baseline.py Command: --config Command: configs/salience_grouped3_hi8_score_only_xml_curated.yaml Command: --outer_heldout_piece Command: M06-1 Command: M06-2 Command: M06-3 Command: --seed Command: 42 Command: --device Command: cuda Command: --batch_size Command: 128 Command: --epochs Command: 60 Command: --early_stop_patience Command: 10 Command: --output_dir Command: reports/paper_outer_baselines_weighted_topdown_all_seed42_bilstm Command: --reuse_existing 
Epoch 1/60 | train_loss 1.3516 | union_precision 0.8649 | weighted_recall 0.3816 | union_precision 0.8649 | threshold 0.050 | val_model raw | lr 0.001000
Epoch 2/60 | train_loss 1.3480 | union_precision 0.8571 | weighted_recall 0.3688 | union_precision 0.8571 | threshold 0.050 | val_model raw | lr 0.001000
Epoch 3/60 | train_loss 1.3452 | union_precision 0.8571 | weighted_recall 0.3676 | union_precision 0.8571 | threshold 0.050 | val_model raw | lr 0.001000
Epoch 4/60 | train_loss 1.3427 | union_precision 0.9143 | weighted_recall 0.4237 | union_precision 0.9143 | threshold 0.050 | val_model raw | lr 0.001000
Epoch 5/60 | train_loss 1.3398 | union_precision 0.9143 | weighted_recall 0.4261 | union_precision 0.9143 | threshold 0.050 | val_model raw | lr 0.001000
Epoch 6/60 | train_loss 1.3363 | union_precision 0.9143 | weighted_recall 0.4261 | union_precision 0.9143 | threshold 0.050 | val_model raw | lr 0.001000
Epoch 7/60 | train_loss 1.3329 | union_precision 0.9143 | weighted_recall 0.4261 | union_precision 0.9143 | threshold 0.050 | val_model raw | lr 0.001000
Epoch 8/60 | train_loss 1.3293 | union_precision 0.9143 | weighted_recall 0.4196 | union_precision 0.9143 | threshold 0.050 | val_model raw | lr 0.001000
Epoch 9/60 | train_loss 1.3251 | union_precision 0.8857 | weighted_recall 0.4096 | union_precision 0.8857 | threshold 0.050 | val_model raw | lr 0.001000
Epoch 10/60 | train_loss 1.3200 | union_precision 0.9143 | weighted_recall 0.4176 | union_precision 0.9143 | threshold 0.050 | val_model raw | lr 0.001000
Epoch 11/60 | train_loss 1.3154 | union_precision 0.9143 | weighted_recall 0.4126 | union_precision 0.9143 | threshold 0.050 | val_model raw | lr 0.001000
Epoch 12/60 | train_loss 1.3092 | union_precision 0.9615 | weighted_recall 0.3422 | union_precision 0.9615 | threshold 0.475 | val_model raw | lr 0.001000
Epoch 13/60 | train_loss 1.3038 | union_precision 0.8667 | weighted_recall 0.3426 | union_precision 0.8667 | threshold 0.475 | val_model raw | lr 0.001000
Epoch 14/60 | train_loss 1.2958 | union_precision 0.8750 | weighted_recall 0.3473 | union_precision 0.8750 | threshold 0.475 | val_model raw | lr 0.001000
Epoch 15/60 | train_loss 1.2895 | union_precision 0.8750 | weighted_recall 0.3473 | union_precision 0.8750 | threshold 0.475 | val_model raw | lr 0.001000
Early stopping at epoch 15
Held-out M07-1 | union_precision=0.9143 | weighted_recall=0.4261 | consensus_recall=0.0000
Epoch 1/60 | train_loss 1.3514 | union_precision 0.8723 | weighted_recall 0.2584 | union_precision 0.8723 | threshold 0.050 | val_model raw | lr 0.001000
Epoch 2/60 | train_loss 1.3480 | union_precision 0.8958 | weighted_recall 0.4384 | union_precision 0.8958 | threshold 0.050 | val_model raw | lr 0.001000
Epoch 3/60 | train_loss 1.3450 | union_precision 0.9130 | weighted_recall 0.4476 | union_precision 0.9130 | threshold 0.050 | val_model raw | lr 0.001000
Epoch 4/60 | train_loss 1.3425 | union_precision 0.9111 | weighted_recall 0.4468 | union_precision 0.9111 | threshold 0.050 | val_model raw | lr 0.001000
Epoch 5/60 | train_loss 1.3398 | union_precision 0.8723 | weighted_recall 0.4365 | union_precision 0.8723 | threshold 0.050 | val_model raw | lr 0.001000
Epoch 6/60 | train_loss 1.3361 | union_precision 0.8723 | weighted_recall 0.4365 | union_precision 0.8723 | threshold 0.050 | val_model raw | lr 0.001000
Epoch 7/60 | train_loss 1.3329 | union_precision 0.8723 | weighted_recall 0.4365 | union_precision 0.8723 | threshold 0.050 | val_model raw | lr 0.001000
Epoch 8/60 | train_loss 1.3291 | union_precision 0.8723 | weighted_recall 0.4365 | union_precision 0.8723 | threshold 0.050 | val_model raw | lr 0.001000
Epoch 9/60 | train_loss 1.3250 | union_precision 0.8947 | weighted_recall 0.3196 | union_precision 0.8947 | threshold 0.575 | val_model raw | lr 0.001000
Epoch 10/60 | train_loss 1.3199 | union_precision 0.8529 | weighted_recall 0.3719 | union_precision 0.8529 | threshold 0.550 | val_model raw | lr 0.001000
Epoch 11/60 | train_loss 1.3154 | union_precision 0.8750 | weighted_recall 0.2975 | union_precision 0.8750 | threshold 0.600 | val_model raw | lr 0.001000
Epoch 12/60 | train_loss 1.3092 | union_precision 0.9048 | weighted_recall 0.3380 | union_precision 0.9048 | threshold 0.600 | val_model raw | lr 0.001000
Epoch 13/60 | train_loss 1.3040 | union_precision 0.9091 | weighted_recall 0.3393 | union_precision 0.9091 | threshold 0.600 | val_model raw | lr 0.001000
Early stopping at epoch 13
Held-out M07-2 | union_precision=0.9130 | weighted_recall=0.4476 | consensus_recall=1.0000
Epoch 1/60 | train_loss 1.3515 | union_precision 0.9474 | weighted_recall 0.1678 | union_precision 0.9474 | threshold 0.500 | val_model raw | lr 0.001000
Epoch 2/60 | train_loss 1.3479 | union_precision 0.8571 | weighted_recall 0.3757 | union_precision 0.8571 | threshold 0.050 | val_model raw | lr 0.001000
Epoch 3/60 | train_loss 1.3449 | union_precision 0.9000 | weighted_recall 0.2996 | union_precision 0.9000 | threshold 0.500 | val_model raw | lr 0.001000
Epoch 4/60 | train_loss 1.3424 | union_precision 0.9032 | weighted_recall 0.3087 | union_precision 0.9032 | threshold 0.500 | val_model raw | lr 0.001000
Epoch 5/60 | train_loss 1.3395 | union_precision 0.8966 | weighted_recall 0.2837 | union_precision 0.8966 | threshold 0.500 | val_model raw | lr 0.001000
Epoch 6/60 | train_loss 1.3359 | union_precision 0.8621 | weighted_recall 0.2520 | union_precision 0.8621 | threshold 0.500 | val_model raw | lr 0.001000
Epoch 7/60 | train_loss 1.3325 | union_precision 0.8571 | weighted_recall 0.2957 | union_precision 0.8571 | threshold 0.475 | val_model raw | lr 0.001000
Epoch 8/60 | train_loss 1.3287 | union_precision 0.8529 | weighted_recall 0.2920 | union_precision 0.8529 | threshold 0.475 | val_model raw | lr 0.001000
Epoch 9/60 | train_loss 1.3244 | union_precision 0.8529 | weighted_recall 0.2920 | union_precision 0.8529 | threshold 0.475 | val_model raw | lr 0.001000
Epoch 10/60 | train_loss 1.3194 | union_precision 0.8529 | weighted_recall 0.2920 | union_precision 0.8529 | threshold 0.475 | val_model raw | lr 0.001000
Epoch 11/60 | train_loss 1.3147 | union_precision 0.8684 | weighted_recall 0.3201 | union_precision 0.8684 | threshold 0.450 | val_model raw | lr 0.001000
Epoch 12/60 | train_loss 1.3086 | union_precision 0.8947 | weighted_recall 0.3400 | union_precision 0.8947 | threshold 0.450 | val_model raw | lr 0.001000
Early stopping at epoch 12
Held-out M07-3 | union_precision=0.8571 | weighted_recall=0.3757 | consensus_recall=0.0000
Epoch 1/60 | train_loss 1.3515 | union_precision 0.9302 | weighted_recall 0.3231 | union_precision 0.9302 | threshold 0.050 | val_model raw | lr 0.001000
Epoch 2/60 | train_loss 1.3479 | union_precision 0.9487 | weighted_recall 0.3032 | union_precision 0.9487 | threshold 0.050 | val_model raw | lr 0.001000
Epoch 3/60 | train_loss 1.3451 | union_precision 0.9474 | weighted_recall 0.3060 | union_precision 0.9474 | threshold 0.050 | val_model raw | lr 0.001000
Epoch 4/60 | train_loss 1.3424 | union_precision 0.9512 | weighted_recall 0.3544 | union_precision 0.9512 | threshold 0.050 | val_model raw | lr 0.001000
Epoch 5/60 | train_loss 1.3396 | union_precision 0.9268 | weighted_recall 0.3473 | union_precision 0.9268 | threshold 0.050 | val_model raw | lr 0.001000
Epoch 6/60 | train_loss 1.3358 | union_precision 0.9512 | weighted_recall 0.4983 | union_precision 0.9512 | threshold 0.050 | val_model raw | lr 0.001000
Epoch 7/60 | train_loss 1.3324 | union_precision 0.9500 | weighted_recall 0.4962 | union_precision 0.9500 | threshold 0.050 | val_model raw | lr 0.001000
Epoch 8/60 | train_loss 1.3289 | union_precision 0.9500 | weighted_recall 0.4962 | union_precision 0.9500 | threshold 0.050 | val_model raw | lr 0.001000
Epoch 9/60 | train_loss 1.3244 | union_precision 0.9500 | weighted_recall 0.4797 | union_precision 0.9500 | threshold 0.050 | val_model raw | lr 0.001000
Epoch 10/60 | train_loss 1.3196 | union_precision 0.9268 | weighted_recall 0.4839 | union_precision 0.9268 | threshold 0.050 | val_model raw | lr 0.001000
Epoch 11/60 | train_loss 1.3151 | union_precision 0.9268 | weighted_recall 0.4839 | union_precision 0.9268 | threshold 0.050 | val_model raw | lr 0.001000
Epoch 12/60 | train_loss 1.3093 | union_precision 0.9286 | weighted_recall 0.4954 | union_precision 0.9286 | threshold 0.050 | val_model raw | lr 0.001000
Epoch 13/60 | train_loss 1.3036 | union_precision 0.9302 | weighted_recall 0.5088 | union_precision 0.9302 | threshold 0.050 | val_model raw | lr 0.001000
Epoch 14/60 | train_loss 1.2957 | union_precision 0.9302 | weighted_recall 0.5088 | union_precision 0.9302 | threshold 0.050 | val_model raw | lr 0.001000
Epoch 15/60 | train_loss 1.2892 | union_precision 0.9524 | weighted_recall 0.5088 | union_precision 0.9524 | threshold 0.425 | val_model raw | lr 0.001000
Epoch 16/60 | train_loss 1.2813 | union_precision 0.9762 | weighted_recall 0.5430 | union_precision 0.9762 | threshold 0.425 | val_model raw | lr 0.001000
Epoch 17/60 | train_loss 1.2730 | union_precision 0.9762 | weighted_recall 0.5430 | union_precision 0.9762 | threshold 0.425 | val_model raw | lr 0.001000
Epoch 18/60 | train_loss 1.2644 | union_precision 0.9767 | weighted_recall 0.5981 | union_precision 0.9767 | threshold 0.425 | val_model raw | lr 0.001000
Epoch 19/60 | train_loss 1.2561 | union_precision 0.9767 | weighted_recall 0.5981 | union_precision 0.9767 | threshold 0.400 | val_model raw | lr 0.001000
Epoch 20/60 | train_loss 1.2490 | union_precision 0.9767 | weighted_recall 0.5981 | union_precision 0.9767 | threshold 0.400 | val_model raw | lr 0.001000
Epoch 21/60 | train_loss 1.2403 | union_precision 0.9767 | weighted_recall 0.5981 | union_precision 0.9767 | threshold 0.375 | val_model raw | lr 0.001000
Epoch 22/60 | train_loss 1.2322 | union_precision 0.9773 | weighted_recall 0.6052 | union_precision 0.9773 | threshold 0.050 | val_model raw | lr 0.001000
Epoch 23/60 | train_loss 1.2257 | union_precision 0.9773 | weighted_recall 0.6052 | union_precision 0.9773 | threshold 0.050 | val_model raw | lr 0.001000
Epoch 24/60 | train_loss 1.2200 | union_precision 0.9773 | weighted_recall 0.6052 | union_precision 0.9773 | threshold 0.050 | val_model raw | lr 0.001000
Epoch 25/60 | train_loss 1.2120 | union_precision 0.9773 | weighted_recall 0.6052 | union_precision 0.9773 | threshold 0.050 | val_model raw | lr 0.001000
Epoch 26/60 | train_loss 1.2054 | union_precision 0.9773 | weighted_recall 0.6052 | union_precision 0.9773 | threshold 0.050 | val_model raw | lr 0.001000
Epoch 27/60 | train_loss 1.2010 | union_precision 0.9773 | weighted_recall 0.6052 | union_precision 0.9773 | threshold 0.050 | val_model raw | lr 0.001000
Epoch 28/60 | train_loss 1.1960 | union_precision 0.9773 | weighted_recall 0.6052 | union_precision 0.9773 | threshold 0.050 | val_model raw | lr 0.001000
Epoch 29/60 | train_loss 1.1896 | union_precision 0.9778 | weighted_recall 0.6265 | union_precision 0.9778 | threshold 0.050 | val_model raw | lr 0.001000
Epoch 30/60 | train_loss 1.1810 | union_precision 0.9778 | weighted_recall 0.6265 | union_precision 0.9778 | threshold 0.050 | val_model raw | lr 0.001000
Epoch 31/60 | train_loss 1.1744 | union_precision 0.9778 | weighted_recall 0.6265 | union_precision 0.9778 | threshold 0.050 | val_model raw | lr 0.001000
Epoch 32/60 | train_loss 1.1678 | union_precision 1.0000 | weighted_recall 0.6265 | union_precision 1.0000 | threshold 0.050 | val_model raw | lr 0.001000
Epoch 33/60 | train_loss 1.1622 | union_precision 1.0000 | weighted_recall 0.6176 | union_precision 1.0000 | threshold 0.050 | val_model raw | lr 0.001000
Epoch 34/60 | train_loss 1.1563 | union_precision 1.0000 | weighted_recall 0.6028 | union_precision 1.0000 | threshold 0.375 | val_model raw | lr 0.001000
Epoch 35/60 | train_loss 1.1479 | union_precision 1.0000 | weighted_recall 0.5974 | union_precision 1.0000 | threshold 0.375 | val_model raw | lr 0.001000
Epoch 36/60 | train_loss 1.1413 | union_precision 1.0000 | weighted_recall 0.6266 | union_precision 1.0000 | threshold 0.050 | val_model raw | lr 0.001000
Epoch 37/60 | train_loss 1.1362 | union_precision 1.0000 | weighted_recall 0.6266 | union_precision 1.0000 | threshold 0.050 | val_model raw | lr 0.001000
Epoch 38/60 | train_loss 1.1309 | union_precision 1.0000 | weighted_recall 0.6266 | union_precision 1.0000 | threshold 0.050 | val_model raw | lr 0.001000
Epoch 39/60 | train_loss 1.1227 | union_precision 1.0000 | weighted_recall 0.6266 | union_precision 1.0000 | threshold 0.050 | val_model raw | lr 0.001000
Epoch 40/60 | train_loss 1.1170 | union_precision 1.0000 | weighted_recall 0.6266 | union_precision 1.0000 | threshold 0.050 | val_model raw | lr 0.001000
Epoch 41/60 | train_loss 1.1121 | union_precision 1.0000 | weighted_recall 0.6195 | union_precision 1.0000 | threshold 0.050 | val_model raw | lr 0.001000
Epoch 42/60 | train_loss 1.1051 | union_precision 1.0000 | weighted_recall 0.6195 | union_precision 1.0000 | threshold 0.050 | val_model raw | lr 0.001000
Epoch 43/60 | train_loss 1.0986 | union_precision 1.0000 | weighted_recall 0.6248 | union_precision 1.0000 | threshold 0.050 | val_model raw | lr 0.001000
Epoch 44/60 | train_loss 1.0956 | union_precision 1.0000 | weighted_recall 0.6103 | union_precision 1.0000 | threshold 0.050 | val_model raw | lr 0.001000
Epoch 45/60 | train_loss 1.0868 | union_precision 1.0000 | weighted_recall 0.6103 | union_precision 1.0000 | threshold 0.050 | val_model raw | lr 0.001000
Epoch 46/60 | train_loss 1.0826 | union_precision 1.0000 | weighted_recall 0.5904 | union_precision 1.0000 | threshold 0.050 | val_model raw | lr 0.001000
Early stopping at epoch 46
Held-out M17-1 | union_precision=1.0000 | weighted_recall=0.6266 | consensus_recall=1.0000
Epoch 1/60 | train_loss 1.3513 | union_precision 1.0000 | weighted_recall 0.3234 | union_precision 1.0000 | threshold 0.050 | val_model raw | lr 0.001000
Epoch 2/60 | train_loss 1.3478 | union_precision 0.9583 | weighted_recall 0.2711 | union_precision 0.9583 | threshold 0.050 | val_model raw | lr 0.001000
Epoch 3/60 | train_loss 1.3449 | union_precision 0.9600 | weighted_recall 0.2955 | union_precision 0.9600 | threshold 0.050 | val_model raw | lr 0.001000
Epoch 4/60 | train_loss 1.3424 | union_precision 0.9583 | weighted_recall 0.2763 | union_precision 0.9583 | threshold 0.050 | val_model raw | lr 0.001000
Epoch 5/60 | train_loss 1.3394 | union_precision 0.9583 | weighted_recall 0.2763 | union_precision 0.9583 | threshold 0.050 | val_model raw | lr 0.001000
Epoch 6/60 | train_loss 1.3358 | union_precision 0.9583 | weighted_recall 0.2852 | union_precision 0.9583 | threshold 0.050 | val_model raw | lr 0.001000
Epoch 7/60 | train_loss 1.3328 | union_precision 0.9565 | weighted_recall 0.2811 | union_precision 0.9565 | threshold 0.050 | val_model raw | lr 0.001000
Epoch 8/60 | train_loss 1.3294 | union_precision 0.9565 | weighted_recall 0.2846 | union_precision 0.9565 | threshold 0.050 | val_model raw | lr 0.001000
Epoch 9/60 | train_loss 1.3246 | union_precision 0.9565 | weighted_recall 0.2846 | union_precision 0.9565 | threshold 0.050 | val_model raw | lr 0.001000
Epoch 10/60 | train_loss 1.3198 | union_precision 0.9565 | weighted_recall 0.2840 | union_precision 0.9565 | threshold 0.050 | val_model raw | lr 0.001000
Epoch 11/60 | train_loss 1.3150 | union_precision 0.9565 | weighted_recall 0.2840 | union_precision 0.9565 | threshold 0.050 | val_model raw | lr 0.001000
Early stopping at epoch 11
Held-out M17-2 | union_precision=1.0000 | weighted_recall=0.3234 | consensus_recall=0.0000
Epoch 1/60 | train_loss 1.3513 | union_precision 0.9048 | weighted_recall 0.3185 | union_precision 0.9048 | threshold 0.050 | val_model raw | lr 0.001000
Epoch 2/60 | train_loss 1.3478 | union_precision 0.8571 | weighted_recall 0.3107 | union_precision 0.8571 | threshold 0.050 | val_model raw | lr 0.001000
Epoch 3/60 | train_loss 1.3447 | union_precision 0.8571 | weighted_recall 0.3119 | union_precision 0.8571 | threshold 0.050 | val_model raw | lr 0.001000
Epoch 4/60 | train_loss 1.3423 | union_precision 0.8571 | weighted_recall 0.3119 | union_precision 0.8571 | threshold 0.050 | val_model raw | lr 0.001000
Epoch 5/60 | train_loss 1.3390 | union_precision 0.8594 | weighted_recall 0.3103 | union_precision 0.8594 | threshold 0.050 | val_model raw | lr 0.001000
Epoch 6/60 | train_loss 1.3352 | union_precision 0.8594 | weighted_recall 0.3103 | union_precision 0.8594 | threshold 0.050 | val_model raw | lr 0.001000
Epoch 7/60 | train_loss 1.3322 | union_precision 0.8730 | weighted_recall 0.3113 | union_precision 0.8730 | threshold 0.050 | val_model raw | lr 0.001000
Epoch 8/60 | train_loss 1.3284 | union_precision 0.8730 | weighted_recall 0.3113 | union_precision 0.8730 | threshold 0.050 | val_model raw | lr 0.001000
Epoch 9/60 | train_loss 1.3237 | union_precision 0.8889 | weighted_recall 0.3165 | union_precision 0.8889 | threshold 0.050 | val_model raw | lr 0.001000
Epoch 10/60 | train_loss 1.3189 | union_precision 0.8889 | weighted_recall 0.3165 | union_precision 0.8889 | threshold 0.050 | val_model raw | lr 0.001000
Epoch 11/60 | train_loss 1.3139 | union_precision 0.8889 | weighted_recall 0.3165 | union_precision 0.8889 | threshold 0.050 | val_model raw | lr 0.001000
Early stopping at epoch 11
Held-out M17-3 | union_precision=0.9048 | weighted_recall=0.3185 | consensus_recall=0.0000
Epoch 1/60 | train_loss 1.3512 | union_precision 0.8913 | weighted_recall 0.2719 | union_precision 0.8913 | threshold 0.050 | val_model raw | lr 0.001000
Epoch 2/60 | train_loss 1.3478 | union_precision 0.8864 | weighted_recall 0.2176 | union_precision 0.8864 | threshold 0.050 | val_model raw | lr 0.001000
Epoch 3/60 | train_loss 1.3450 | union_precision 0.8864 | weighted_recall 0.2170 | union_precision 0.8864 | threshold 0.050 | val_model raw | lr 0.001000
Epoch 4/60 | train_loss 1.3421 | union_precision 0.9091 | weighted_recall 0.2077 | union_precision 0.9091 | threshold 0.050 | val_model raw | lr 0.001000
Epoch 5/60 | train_loss 1.3394 | union_precision 0.9070 | weighted_recall 0.2024 | union_precision 0.9070 | threshold 0.050 | val_model raw | lr 0.001000
Epoch 6/60 | train_loss 1.3351 | union_precision 0.8837 | weighted_recall 0.1928 | union_precision 0.8837 | threshold 0.050 | val_model raw | lr 0.001000
Epoch 7/60 | train_loss 1.3322 | union_precision 0.8864 | weighted_recall 0.1950 | union_precision 0.8864 | threshold 0.050 | val_model raw | lr 0.001000
Epoch 8/60 | train_loss 1.3286 | union_precision 0.8889 | weighted_recall 0.1962 | union_precision 0.8889 | threshold 0.050 | val_model raw | lr 0.001000
Epoch 9/60 | train_loss 1.3238 | union_precision 0.8696 | weighted_recall 0.1925 | union_precision 0.8696 | threshold 0.050 | val_model raw | lr 0.001000
Epoch 10/60 | train_loss 1.3189 | union_precision 0.8696 | weighted_recall 0.1925 | union_precision 0.8696 | threshold 0.050 | val_model raw | lr 0.001000
Epoch 11/60 | train_loss 1.3139 | union_precision 0.8696 | weighted_recall 0.1931 | union_precision 0.8696 | threshold 0.050 | val_model raw | lr 0.001000
Early stopping at epoch 11
Held-out M17-4 | union_precision=0.8913 | weighted_recall=0.2719 | consensus_recall=0.0000
Epoch 1/60 | train_loss 1.3512 | union_precision 0.9375 | weighted_recall 0.3471 | union_precision 0.9375 | threshold 0.050 | val_model raw | lr 0.001000
Epoch 2/60 | train_loss 1.3476 | union_precision 0.9118 | weighted_recall 0.4071 | union_precision 0.9118 | threshold 0.050 | val_model raw | lr 0.001000
Epoch 3/60 | train_loss 1.3448 | union_precision 0.9118 | weighted_recall 0.4136 | union_precision 0.9118 | threshold 0.050 | val_model raw | lr 0.001000
Epoch 4/60 | train_loss 1.3420 | union_precision 0.8788 | weighted_recall 0.4059 | union_precision 0.8788 | threshold 0.050 | val_model raw | lr 0.001000
Epoch 5/60 | train_loss 1.3393 | union_precision 0.8750 | weighted_recall 0.3931 | union_precision 0.8750 | threshold 0.050 | val_model raw | lr 0.001000
Epoch 6/60 | train_loss 1.3354 | union_precision 0.8750 | weighted_recall 0.3931 | union_precision 0.8750 | threshold 0.050 | val_model raw | lr 0.001000
Epoch 7/60 | train_loss 1.3322 | union_precision 0.8571 | weighted_recall 0.3572 | union_precision 0.8571 | threshold 0.450 | val_model raw | lr 0.001000
Epoch 8/60 | train_loss 1.3288 | union_precision 0.8571 | weighted_recall 0.3572 | union_precision 0.8571 | threshold 0.450 | val_model raw | lr 0.001000
Epoch 9/60 | train_loss 1.3240 | union_precision 0.8710 | weighted_recall 0.3877 | union_precision 0.8710 | threshold 0.050 | val_model raw | lr 0.001000
Epoch 10/60 | train_loss 1.3191 | union_precision 0.8710 | weighted_recall 0.3877 | union_precision 0.8710 | threshold 0.050 | val_model raw | lr 0.001000
Epoch 11/60 | train_loss 1.3144 | union_precision 0.8750 | weighted_recall 0.4005 | union_precision 0.8750 | threshold 0.050 | val_model raw | lr 0.001000
Epoch 12/60 | train_loss 1.3086 | union_precision 0.8750 | weighted_recall 0.4005 | union_precision 0.8750 | threshold 0.050 | val_model raw | lr 0.001000
Epoch 13/60 | train_loss 1.3028 | union_precision 0.8750 | weighted_recall 0.3624 | union_precision 0.8750 | threshold 0.050 | val_model raw | lr 0.001000
Early stopping at epoch 13
Held-out M24-1 | union_precision=0.9118 | weighted_recall=0.4136 | consensus_recall=0.0000
Epoch 1/60 | train_loss 1.3513 | union_precision 0.8636 | weighted_recall 0.2215 | union_precision 0.8636 | threshold 0.050 | val_model raw | lr 0.001000
Epoch 2/60 | train_loss 1.3479 | union_precision 0.9111 | weighted_recall 0.2584 | union_precision 0.9111 | threshold 0.050 | val_model raw | lr 0.001000
Epoch 3/60 | train_loss 1.3449 | union_precision 0.8864 | weighted_recall 0.2892 | union_precision 0.8864 | threshold 0.050 | val_model raw | lr 0.001000
Epoch 4/60 | train_loss 1.3420 | union_precision 0.8667 | weighted_recall 0.2776 | union_precision 0.8667 | threshold 0.050 | val_model raw | lr 0.001000
Epoch 5/60 | train_loss 1.3393 | union_precision 0.8696 | weighted_recall 0.2891 | union_precision 0.8696 | threshold 0.050 | val_model raw | lr 0.001000
Epoch 6/60 | train_loss 1.3353 | union_precision 0.8696 | weighted_recall 0.3229 | union_precision 0.8696 | threshold 0.050 | val_model raw | lr 0.001000
Epoch 7/60 | train_loss 1.3323 | union_precision 0.8696 | weighted_recall 0.3194 | union_precision 0.8696 | threshold 0.050 | val_model raw | lr 0.001000
Epoch 8/60 | train_loss 1.3284 | union_precision 0.8696 | weighted_recall 0.3194 | union_precision 0.8696 | threshold 0.050 | val_model raw | lr 0.001000
Epoch 9/60 | train_loss 1.3239 | union_precision 0.8889 | weighted_recall 0.3295 | union_precision 0.8889 | threshold 0.050 | val_model raw | lr 0.001000
Epoch 10/60 | train_loss 1.3190 | union_precision 0.8889 | weighted_recall 0.3295 | union_precision 0.8889 | threshold 0.050 | val_model raw | lr 0.001000
Epoch 11/60 | train_loss 1.3142 | union_precision 0.8889 | weighted_recall 0.3295 | union_precision 0.8889 | threshold 0.050 | val_model raw | lr 0.001000
Epoch 12/60 | train_loss 1.3087 | union_precision 0.8913 | weighted_recall 0.3337 | union_precision 0.8913 | threshold 0.050 | val_model raw | lr 0.001000
Epoch 13/60 | train_loss 1.3033 | union_precision 0.8696 | weighted_recall 0.3295 | union_precision 0.8696 | threshold 0.050 | val_model raw | lr 0.001000
Epoch 14/60 | train_loss 1.2952 | union_precision 0.8605 | weighted_recall 0.3152 | union_precision 0.8605 | threshold 0.425 | val_model raw | lr 0.001000
Epoch 15/60 | train_loss 1.2887 | union_precision 0.8605 | weighted_recall 0.3005 | union_precision 0.8605 | threshold 0.425 | val_model raw | lr 0.001000
Epoch 16/60 | train_loss 1.2806 | union_precision 0.8889 | weighted_recall 0.3193 | union_precision 0.8889 | threshold 0.050 | val_model raw | lr 0.001000
Epoch 17/60 | train_loss 1.2718 | union_precision 0.8889 | weighted_recall 0.3329 | union_precision 0.8889 | threshold 0.400 | val_model raw | lr 0.001000
Epoch 18/60 | train_loss 1.2635 | union_precision 0.8889 | weighted_recall 0.3329 | union_precision 0.8889 | threshold 0.400 | val_model raw | lr 0.001000
Epoch 19/60 | train_loss 1.2542 | union_precision 0.8889 | weighted_recall 0.3329 | union_precision 0.8889 | threshold 0.375 | val_model raw | lr 0.001000
Epoch 20/60 | train_loss 1.2470 | union_precision 0.8889 | weighted_recall 0.3329 | union_precision 0.8889 | threshold 0.375 | val_model raw | lr 0.001000
Epoch 21/60 | train_loss 1.2387 | union_precision 0.8889 | weighted_recall 0.3588 | union_precision 0.8889 | threshold 0.350 | val_model raw | lr 0.001000
Epoch 22/60 | train_loss 1.2299 | union_precision 0.8889 | weighted_recall 0.3555 | union_precision 0.8889 | threshold 0.325 | val_model raw | lr 0.001000
Epoch 23/60 | train_loss 1.2227 | union_precision 0.8605 | weighted_recall 0.3428 | union_precision 0.8605 | threshold 0.475 | val_model raw | lr 0.001000
Epoch 24/60 | train_loss 1.2170 | union_precision 0.8571 | weighted_recall 0.3364 | union_precision 0.8571 | threshold 0.475 | val_model raw | lr 0.001000
Epoch 25/60 | train_loss 1.2096 | union_precision 0.8537 | weighted_recall 0.3287 | union_precision 0.8537 | threshold 0.450 | val_model raw | lr 0.001000
Epoch 26/60 | train_loss 1.2019 | union_precision 0.8500 | weighted_recall 0.3319 | union_precision 0.8500 | threshold 0.425 | val_model raw | lr 0.001000
Epoch 27/60 | train_loss 1.1977 | union_precision 0.9000 | weighted_recall 0.2840 | union_precision 0.9000 | threshold 0.575 | val_model raw | lr 0.001000
Epoch 28/60 | train_loss 1.1946 | union_precision 0.8571 | weighted_recall 0.2606 | union_precision 0.8571 | threshold 0.575 | val_model raw | lr 0.001000
Epoch 29/60 | train_loss 1.1862 | union_precision 0.8571 | weighted_recall 0.2766 | union_precision 0.8571 | threshold 0.575 | val_model raw | lr 0.001000
Epoch 30/60 | train_loss 1.1772 | union_precision 0.9474 | weighted_recall 0.2196 | union_precision 0.9474 | threshold 0.700 | val_model raw | lr 0.001000
Epoch 31/60 | train_loss 1.1706 | union_precision 0.8889 | weighted_recall 0.1910 | union_precision 0.8889 | threshold 0.700 | val_model raw | lr 0.001000
Early stopping at epoch 31
Held-out M24-2 | union_precision=0.8889 | weighted_recall=0.3588 | consensus_recall=1.0000
Epoch 1/60 | train_loss 1.3513 | union_precision 0.6538 | weighted_recall 0.1276 | union_precision 0.6538 | threshold 0.050 | val_model raw | lr 0.001000
Epoch 2/60 | train_loss 1.3480 | union_precision 0.7500 | weighted_recall 0.0099 | union_precision 0.7500 | threshold 0.525 | val_model raw | lr 0.001000
Epoch 3/60 | train_loss 1.3452 | union_precision 1.0000 | weighted_recall 0.0066 | union_precision 1.0000 | threshold 0.550 | val_model raw | lr 0.001000
Epoch 4/60 | train_loss 1.3424 | union_precision 0.7931 | weighted_recall 0.3326 | union_precision 0.7931 | threshold 0.050 | val_model raw | lr 0.001000
Epoch 5/60 | train_loss 1.3395 | union_precision 0.8276 | weighted_recall 0.3885 | union_precision 0.8276 | threshold 0.050 | val_model raw | lr 0.001000
Epoch 6/60 | train_loss 1.3358 | union_precision 0.8710 | weighted_recall 0.4802 | union_precision 0.8710 | threshold 0.050 | val_model raw | lr 0.001000
Epoch 7/60 | train_loss 1.3328 | union_precision 0.8710 | weighted_recall 0.4802 | union_precision 0.8710 | threshold 0.050 | val_model raw | lr 0.001000
Epoch 8/60 | train_loss 1.3291 | union_precision 0.8667 | weighted_recall 0.4350 | union_precision 0.8667 | threshold 0.050 | val_model raw | lr 0.001000
Epoch 9/60 | train_loss 1.3241 | union_precision 0.8710 | weighted_recall 0.4900 | union_precision 0.8710 | threshold 0.050 | val_model raw | lr 0.001000
Epoch 10/60 | train_loss 1.3195 | union_precision 0.8621 | weighted_recall 0.3981 | union_precision 0.8621 | threshold 0.050 | val_model raw | lr 0.001000
Epoch 11/60 | train_loss 1.3141 | union_precision 0.8621 | weighted_recall 0.3981 | union_precision 0.8621 | threshold 0.050 | val_model raw | lr 0.001000
Epoch 12/60 | train_loss 1.3089 | union_precision 0.8621 | weighted_recall 0.3986 | union_precision 0.8621 | threshold 0.050 | val_model raw | lr 0.001000
Epoch 13/60 | train_loss 1.3032 | union_precision 0.8667 | weighted_recall 0.4012 | union_precision 0.8667 | threshold 0.050 | val_model raw | lr 0.001000
Epoch 14/60 | train_loss 1.2945 | union_precision 0.8929 | weighted_recall 0.4137 | union_precision 0.8929 | threshold 0.425 | val_model raw | lr 0.001000
Epoch 15/60 | train_loss 1.2881 | union_precision 0.8929 | weighted_recall 0.4094 | union_precision 0.8929 | threshold 0.425 | val_model raw | lr 0.001000
Epoch 16/60 | train_loss 1.2799 | union_precision 0.8929 | weighted_recall 0.4089 | union_precision 0.8929 | threshold 0.425 | val_model raw | lr 0.001000
Epoch 17/60 | train_loss 1.2711 | union_precision 0.9286 | weighted_recall 0.4126 | union_precision 0.9286 | threshold 0.400 | val_model raw | lr 0.001000
Epoch 18/60 | train_loss 1.2620 | union_precision 0.9286 | weighted_recall 0.4126 | union_precision 0.9286 | threshold 0.400 | val_model raw | lr 0.001000
Epoch 19/60 | train_loss 1.2536 | union_precision 0.9286 | weighted_recall 0.4126 | union_precision 0.9286 | threshold 0.400 | val_model raw | lr 0.001000
Early stopping at epoch 19
Held-out M24-3 | union_precision=0.8710 | weighted_recall=0.4900 | consensus_recall=0.0000
Epoch 1/60 | train_loss 1.3515 | union_precision 0.8507 | weighted_recall 0.2648 | union_precision 0.8507 | threshold 0.050 | val_model raw | lr 0.001000
Epoch 2/60 | train_loss 1.3480 | union_precision 0.8551 | weighted_recall 0.3150 | union_precision 0.8551 | threshold 0.050 | val_model raw | lr 0.001000
Epoch 3/60 | train_loss 1.3454 | union_precision 0.8657 | weighted_recall 0.3155 | union_precision 0.8657 | threshold 0.050 | val_model raw | lr 0.001000
Epoch 4/60 | train_loss 1.3426 | union_precision 0.8788 | weighted_recall 0.3046 | union_precision 0.8788 | threshold 0.050 | val_model raw | lr 0.001000
Epoch 5/60 | train_loss 1.3396 | union_precision 0.8986 | weighted_recall 0.3189 | union_precision 0.8986 | threshold 0.050 | val_model raw | lr 0.001000
Epoch 6/60 | train_loss 1.3356 | union_precision 0.8971 | weighted_recall 0.3128 | union_precision 0.8971 | threshold 0.050 | val_model raw | lr 0.001000
Epoch 7/60 | train_loss 1.3327 | union_precision 0.8971 | weighted_recall 0.3086 | union_precision 0.8971 | threshold 0.050 | val_model raw | lr 0.001000
Epoch 8/60 | train_loss 1.3290 | union_precision 0.8841 | weighted_recall 0.3080 | union_precision 0.8841 | threshold 0.050 | val_model raw | lr 0.001000
Epoch 9/60 | train_loss 1.3243 | union_precision 0.8824 | weighted_recall 0.3055 | union_precision 0.8824 | threshold 0.050 | val_model raw | lr 0.001000
Epoch 10/60 | train_loss 1.3196 | union_precision 0.8657 | weighted_recall 0.3020 | union_precision 0.8657 | threshold 0.050 | val_model raw | lr 0.001000
Epoch 11/60 | train_loss 1.3144 | union_precision 0.8657 | weighted_recall 0.3020 | union_precision 0.8657 | threshold 0.050 | val_model raw | lr 0.001000
Epoch 12/60 | train_loss 1.3091 | union_precision 0.8676 | weighted_recall 0.2916 | union_precision 0.8676 | threshold 0.050 | val_model raw | lr 0.001000
Epoch 13/60 | train_loss 1.3029 | union_precision 0.8971 | weighted_recall 0.2831 | union_precision 0.8971 | threshold 0.050 | val_model raw | lr 0.001000
Epoch 14/60 | train_loss 1.2953 | union_precision 0.8806 | weighted_recall 0.2760 | union_precision 0.8806 | threshold 0.050 | val_model raw | lr 0.001000
Epoch 15/60 | train_loss 1.2882 | union_precision 0.8806 | weighted_recall 0.2827 | union_precision 0.8806 | threshold 0.050 | val_model raw | lr 0.001000
Early stopping at epoch 15
Held-out M24-4 | union_precision=0.8986 | weighted_recall=0.3189 | consensus_recall=0.0000
Epoch 1/60 | train_loss 1.3513 | union_precision 0.9167 | weighted_recall 0.1771 | union_precision 0.9167 | threshold 0.500 | val_model raw | lr 0.001000
Epoch 2/60 | train_loss 1.3477 | union_precision 0.8500 | weighted_recall 0.2835 | union_precision 0.8500 | threshold 0.050 | val_model raw | lr 0.001000
Epoch 3/60 | train_loss 1.3451 | union_precision 0.8571 | weighted_recall 0.2594 | union_precision 0.8571 | threshold 0.050 | val_model raw | lr 0.001000
Epoch 4/60 | train_loss 1.3422 | union_precision 0.8571 | weighted_recall 0.2922 | union_precision 0.8571 | threshold 0.050 | val_model raw | lr 0.001000
Epoch 5/60 | train_loss 1.3398 | union_precision 0.8571 | weighted_recall 0.2538 | union_precision 0.8571 | threshold 0.050 | val_model raw | lr 0.001000
Epoch 6/60 | train_loss 1.3358 | union_precision 0.8571 | weighted_recall 0.2538 | union_precision 0.8571 | threshold 0.050 | val_model raw | lr 0.001000
Epoch 7/60 | train_loss 1.3326 | union_precision 0.8571 | weighted_recall 0.2919 | union_precision 0.8571 | threshold 0.050 | val_model raw | lr 0.001000
Epoch 8/60 | train_loss 1.3289 | union_precision 0.8571 | weighted_recall 0.3303 | union_precision 0.8571 | threshold 0.050 | val_model raw | lr 0.001000
Epoch 9/60 | train_loss 1.3243 | union_precision 0.9375 | weighted_recall 0.3129 | union_precision 0.9375 | threshold 0.500 | val_model raw | lr 0.001000
Epoch 10/60 | train_loss 1.3193 | union_precision 0.9375 | weighted_recall 0.3129 | union_precision 0.9375 | threshold 0.500 | val_model raw | lr 0.001000
Epoch 11/60 | train_loss 1.3146 | union_precision 0.9375 | weighted_recall 0.3129 | union_precision 0.9375 | threshold 0.500 | val_model raw | lr 0.001000
Epoch 12/60 | train_loss 1.3088 | union_precision 0.9375 | weighted_recall 0.3129 | union_precision 0.9375 | threshold 0.500 | val_model raw | lr 0.001000
Epoch 13/60 | train_loss 1.3029 | union_precision 0.9375 | weighted_recall 0.3129 | union_precision 0.9375 | threshold 0.525 | val_model raw | lr 0.001000
Epoch 14/60 | train_loss 1.2948 | union_precision 0.8889 | weighted_recall 0.3429 | union_precision 0.8889 | threshold 0.500 | val_model raw | lr 0.001000
Epoch 15/60 | train_loss 1.2879 | union_precision 0.8750 | weighted_recall 0.3114 | union_precision 0.8750 | threshold 0.525 | val_model raw | lr 0.001000
Epoch 16/60 | train_loss 1.2804 | union_precision 0.8824 | weighted_recall 0.3414 | union_precision 0.8824 | threshold 0.525 | val_model raw | lr 0.001000
Epoch 17/60 | train_loss 1.2707 | union_precision 0.8824 | weighted_recall 0.3414 | union_precision 0.8824 | threshold 0.550 | val_model raw | lr 0.001000
Epoch 18/60 | train_loss 1.2623 | union_precision 0.8824 | weighted_recall 0.3414 | union_precision 0.8824 | threshold 0.550 | val_model raw | lr 0.001000
Epoch 19/60 | train_loss 1.2532 | union_precision 0.8824 | weighted_recall 0.3414 | union_precision 0.8824 | threshold 0.550 | val_model raw | lr 0.001000
Epoch 20/60 | train_loss 1.2457 | union_precision 0.8824 | weighted_recall 0.3414 | union_precision 0.8824 | threshold 0.550 | val_model raw | lr 0.001000
Epoch 21/60 | train_loss 1.2378 | union_precision 0.8889 | weighted_recall 0.3444 | union_precision 0.8889 | threshold 0.525 | val_model raw | lr 0.001000
Epoch 22/60 | train_loss 1.2293 | union_precision 0.9048 | weighted_recall 0.3707 | union_precision 0.9048 | threshold 0.050 | val_model raw | lr 0.001000
Epoch 23/60 | train_loss 1.2222 | union_precision 0.9048 | weighted_recall 0.3707 | union_precision 0.9048 | threshold 0.050 | val_model raw | lr 0.001000
Epoch 24/60 | train_loss 1.2165 | union_precision 0.9048 | weighted_recall 0.3707 | union_precision 0.9048 | threshold 0.050 | val_model raw | lr 0.001000
Epoch 25/60 | train_loss 1.2095 | union_precision 0.9048 | weighted_recall 0.3707 | union_precision 0.9048 | threshold 0.050 | val_model raw | lr 0.001000
Epoch 26/60 | train_loss 1.2023 | union_precision 0.9048 | weighted_recall 0.3707 | union_precision 0.9048 | threshold 0.050 | val_model raw | lr 0.001000
Epoch 27/60 | train_loss 1.1971 | union_precision 0.9524 | weighted_recall 0.3789 | union_precision 0.9524 | threshold 0.050 | val_model raw | lr 0.001000
Epoch 28/60 | train_loss 1.1933 | union_precision 0.9524 | weighted_recall 0.3789 | union_precision 0.9524 | threshold 0.050 | val_model raw | lr 0.001000
Epoch 29/60 | train_loss 1.1868 | union_precision 0.9048 | weighted_recall 0.3742 | union_precision 0.9048 | threshold 0.050 | val_model raw | lr 0.001000
Epoch 30/60 | train_loss 1.1794 | union_precision 0.9048 | weighted_recall 0.3742 | union_precision 0.9048 | threshold 0.050 | val_model raw | lr 0.001000
Epoch 31/60 | train_loss 1.1729 | union_precision 0.9048 | weighted_recall 0.3767 | union_precision 0.9048 | threshold 0.050 | val_model raw | lr 0.001000
Epoch 32/60 | train_loss 1.1643 | union_precision 0.9048 | weighted_recall 0.3767 | union_precision 0.9048 | threshold 0.050 | val_model raw | lr 0.001000
Epoch 33/60 | train_loss 1.1588 | union_precision 0.9091 | weighted_recall 0.4270 | union_precision 0.9091 | threshold 0.050 | val_model raw | lr 0.001000
Epoch 34/60 | train_loss 1.1525 | union_precision 0.9091 | weighted_recall 0.4270 | union_precision 0.9091 | threshold 0.050 | val_model raw | lr 0.001000
Epoch 35/60 | train_loss 1.1455 | union_precision 0.9091 | weighted_recall 0.4270 | union_precision 0.9091 | threshold 0.050 | val_model raw | lr 0.001000
Epoch 36/60 | train_loss 1.1387 | union_precision 0.9091 | weighted_recall 0.4270 | union_precision 0.9091 | threshold 0.050 | val_model raw | lr 0.001000
Epoch 37/60 | train_loss 1.1353 | union_precision 0.9091 | weighted_recall 0.4270 | union_precision 0.9091 | threshold 0.050 | val_model raw | lr 0.001000
Epoch 38/60 | train_loss 1.1286 | union_precision 0.9091 | weighted_recall 0.4270 | union_precision 0.9091 | threshold 0.050 | val_model raw | lr 0.001000
Epoch 39/60 | train_loss 1.1213 | union_precision 0.8636 | weighted_recall 0.4205 | union_precision 0.8636 | threshold 0.050 | val_model raw | lr 0.001000
Epoch 40/60 | train_loss 1.1152 | union_precision 0.8696 | weighted_recall 0.4904 | union_precision 0.8696 | threshold 0.050 | val_model raw | lr 0.001000
Epoch 41/60 | train_loss 1.1101 | union_precision 0.8696 | weighted_recall 0.4904 | union_precision 0.8696 | threshold 0.050 | val_model raw | lr 0.001000
Epoch 42/60 | train_loss 1.1054 | union_precision 0.8696 | weighted_recall 0.4904 | union_precision 0.8696 | threshold 0.050 | val_model raw | lr 0.001000
Epoch 43/60 | train_loss 1.0989 | union_precision 0.8696 | weighted_recall 0.4904 | union_precision 0.8696 | threshold 0.050 | val_model raw | lr 0.001000
Epoch 44/60 | train_loss 1.0935 | union_precision 0.8696 | weighted_recall 0.4956 | union_precision 0.8696 | threshold 0.050 | val_model raw | lr 0.001000
Epoch 45/60 | train_loss 1.0853 | union_precision 0.8696 | weighted_recall 0.4956 | union_precision 0.8696 | threshold 0.050 | val_model raw | lr 0.001000
Epoch 46/60 | train_loss 1.0826 | union_precision 0.8696 | weighted_recall 0.4956 | union_precision 0.8696 | threshold 0.050 | val_model raw | lr 0.001000
Epoch 47/60 | train_loss 1.0764 | union_precision 0.8696 | weighted_recall 0.4956 | union_precision 0.8696 | threshold 0.050 | val_model raw | lr 0.001000
Epoch 48/60 | train_loss 1.0688 | union_precision 0.8696 | weighted_recall 0.4956 | union_precision 0.8696 | threshold 0.050 | val_model raw | lr 0.001000
Epoch 49/60 | train_loss 1.0618 | union_precision 0.8636 | weighted_recall 0.4257 | union_precision 0.8636 | threshold 0.050 | val_model raw | lr 0.001000
Epoch 50/60 | train_loss 1.0575 | union_precision 0.8636 | weighted_recall 0.4257 | union_precision 0.8636 | threshold 0.050 | val_model raw | lr 0.001000
Epoch 51/60 | train_loss 1.0520 | union_precision 0.9091 | weighted_recall 0.4426 | union_precision 0.9091 | threshold 0.050 | val_model raw | lr 0.001000
Epoch 52/60 | train_loss 1.0476 | union_precision 0.9091 | weighted_recall 0.4426 | union_precision 0.9091 | threshold 0.050 | val_model raw | lr 0.001000
Epoch 53/60 | train_loss 1.0405 | union_precision 0.9130 | weighted_recall 0.5125 | union_precision 0.9130 | threshold 0.050 | val_model raw | lr 0.001000
Epoch 54/60 | train_loss 1.0332 | union_precision 0.9130 | weighted_recall 0.5125 | union_precision 0.9130 | threshold 0.050 | val_model raw | lr 0.001000
Epoch 55/60 | train_loss 1.0271 | union_precision 0.9130 | weighted_recall 0.5125 | union_precision 0.9130 | threshold 0.050 | val_model raw | lr 0.001000
Epoch 56/60 | train_loss 1.0219 | union_precision 0.9091 | weighted_recall 0.5110 | union_precision 0.9091 | threshold 0.050 | val_model raw | lr 0.001000
Epoch 57/60 | train_loss 1.0155 | union_precision 0.9091 | weighted_recall 0.5110 | union_precision 0.9091 | threshold 0.050 | val_model raw | lr 0.001000
Epoch 58/60 | train_loss 1.0088 | union_precision 0.9091 | weighted_recall 0.5110 | union_precision 0.9091 | threshold 0.050 | val_model raw | lr 0.001000
Epoch 59/60 | train_loss 1.0031 | union_precision 0.9091 | weighted_recall 0.5110 | union_precision 0.9091 | threshold 0.050 | val_model raw | lr 0.001000
Epoch 60/60 | train_loss 0.9964 | union_precision 0.9130 | weighted_recall 0.5192 | union_precision 0.9130 | threshold 0.050 | val_model raw | lr 0.001000
Held-out M30-1 | union_precision=0.9130 | weighted_recall=0.5192 | consensus_recall=0.0000
Epoch 1/60 | train_loss 1.3513 | union_precision 0.8261 | weighted_recall 0.2918 | union_precision 0.8261 | threshold 0.050 | val_model raw | lr 0.001000
Epoch 2/60 | train_loss 1.3478 | union_precision 0.8571 | weighted_recall 0.3741 | union_precision 0.8571 | threshold 0.500 | val_model raw | lr 0.001000
Epoch 3/60 | train_loss 1.3450 | union_precision 0.8500 | weighted_recall 0.3839 | union_precision 0.8500 | threshold 0.500 | val_model raw | lr 0.001000
Epoch 4/60 | train_loss 1.3422 | union_precision 0.8500 | weighted_recall 0.3839 | union_precision 0.8500 | threshold 0.500 | val_model raw | lr 0.001000
Epoch 5/60 | train_loss 1.3398 | union_precision 0.9375 | weighted_recall 0.3681 | union_precision 0.9375 | threshold 0.500 | val_model raw | lr 0.001000
Epoch 6/60 | train_loss 1.3359 | union_precision 0.9286 | weighted_recall 0.3368 | union_precision 0.9286 | threshold 0.500 | val_model raw | lr 0.001000
Epoch 7/60 | train_loss 1.3329 | union_precision 0.9167 | weighted_recall 0.3163 | union_precision 0.9167 | threshold 0.500 | val_model raw | lr 0.001000
Epoch 8/60 | train_loss 1.3291 | union_precision 0.8500 | weighted_recall 0.3839 | union_precision 0.8500 | threshold 0.475 | val_model raw | lr 0.001000
Epoch 9/60 | train_loss 1.3250 | union_precision 0.8500 | weighted_recall 0.3839 | union_precision 0.8500 | threshold 0.475 | val_model raw | lr 0.001000
Epoch 10/60 | train_loss 1.3199 | union_precision 0.9091 | weighted_recall 0.2823 | union_precision 0.9091 | threshold 0.500 | val_model raw | lr 0.001000
Epoch 11/60 | train_loss 1.3149 | union_precision 0.9091 | weighted_recall 0.2823 | union_precision 0.9091 | threshold 0.500 | val_model raw | lr 0.001000
Epoch 12/60 | train_loss 1.3096 | union_precision 0.9091 | weighted_recall 0.2823 | union_precision 0.9091 | threshold 0.500 | val_model raw | lr 0.001000
Epoch 13/60 | train_loss 1.3036 | union_precision 0.8750 | weighted_recall 0.2291 | union_precision 0.8750 | threshold 0.525 | val_model raw | lr 0.001000
Early stopping at epoch 13
Held-out M30-2 | union_precision=0.8500 | weighted_recall=0.3839 | consensus_recall=0.0000
Epoch 1/60 | train_loss 1.3512 | union_precision 0.9111 | weighted_recall 0.3740 | union_precision 0.9111 | threshold 0.050 | val_model raw | lr 0.001000
Epoch 2/60 | train_loss 1.3478 | union_precision 0.9512 | weighted_recall 0.4125 | union_precision 0.9512 | threshold 0.050 | val_model raw | lr 0.001000
Epoch 3/60 | train_loss 1.3451 | union_precision 0.9535 | weighted_recall 0.4146 | union_precision 0.9535 | threshold 0.050 | val_model raw | lr 0.001000
Epoch 4/60 | train_loss 1.3421 | union_precision 0.9545 | weighted_recall 0.4182 | union_precision 0.9545 | threshold 0.050 | val_model raw | lr 0.001000
Epoch 5/60 | train_loss 1.3394 | union_precision 0.9318 | weighted_recall 0.4121 | union_precision 0.9318 | threshold 0.050 | val_model raw | lr 0.001000
Epoch 6/60 | train_loss 1.3357 | union_precision 0.9318 | weighted_recall 0.4121 | union_precision 0.9318 | threshold 0.050 | val_model raw | lr 0.001000
Epoch 7/60 | train_loss 1.3326 | union_precision 0.9318 | weighted_recall 0.4121 | union_precision 0.9318 | threshold 0.050 | val_model raw | lr 0.001000
Epoch 8/60 | train_loss 1.3287 | union_precision 0.9091 | weighted_recall 0.4048 | union_precision 0.9091 | threshold 0.050 | val_model raw | lr 0.001000
Epoch 9/60 | train_loss 1.3246 | union_precision 0.9048 | weighted_recall 0.3876 | union_precision 0.9048 | threshold 0.050 | val_model raw | lr 0.001000
Epoch 10/60 | train_loss 1.3198 | union_precision 0.9048 | weighted_recall 0.3900 | union_precision 0.9048 | threshold 0.050 | val_model raw | lr 0.001000
Epoch 11/60 | train_loss 1.3145 | union_precision 0.9048 | weighted_recall 0.3900 | union_precision 0.9048 | threshold 0.050 | val_model raw | lr 0.001000
Epoch 12/60 | train_loss 1.3091 | union_precision 0.9048 | weighted_recall 0.3948 | union_precision 0.9048 | threshold 0.050 | val_model raw | lr 0.001000
Epoch 13/60 | train_loss 1.3037 | union_precision 0.9048 | weighted_recall 0.3944 | union_precision 0.9048 | threshold 0.050 | val_model raw | lr 0.001000
Epoch 14/60 | train_loss 1.2960 | union_precision 0.9048 | weighted_recall 0.3434 | union_precision 0.9048 | threshold 0.050 | val_model raw | lr 0.001000
Early stopping at epoch 14
Held-out M30-3 | union_precision=0.9545 | weighted_recall=0.4182 | consensus_recall=1.0000
Epoch 1/60 | train_loss 1.3513 | union_precision 0.8913 | weighted_recall 0.2014 | union_precision 0.8913 | threshold 0.050 | val_model raw | lr 0.001000
Epoch 2/60 | train_loss 1.3481 | union_precision 0.8723 | weighted_recall 0.1794 | union_precision 0.8723 | threshold 0.050 | val_model raw | lr 0.001000
Epoch 3/60 | train_loss 1.3454 | union_precision 0.8696 | weighted_recall 0.1772 | union_precision 0.8696 | threshold 0.050 | val_model raw | lr 0.001000
Epoch 4/60 | train_loss 1.3426 | union_precision 0.8696 | weighted_recall 0.1744 | union_precision 0.8696 | threshold 0.050 | val_model raw | lr 0.001000
Epoch 5/60 | train_loss 1.3397 | union_precision 0.8696 | weighted_recall 0.1673 | union_precision 0.8696 | threshold 0.050 | val_model raw | lr 0.001000
Epoch 6/60 | train_loss 1.3358 | union_precision 0.8723 | weighted_recall 0.2000 | union_precision 0.8723 | threshold 0.050 | val_model raw | lr 0.001000
Epoch 7/60 | train_loss 1.3329 | union_precision 0.8723 | weighted_recall 0.2000 | union_precision 0.8723 | threshold 0.050 | val_model raw | lr 0.001000
Epoch 8/60 | train_loss 1.3290 | union_precision 0.8750 | weighted_recall 0.2244 | union_precision 0.8750 | threshold 0.050 | val_model raw | lr 0.001000
Epoch 9/60 | train_loss 1.3250 | union_precision 0.9184 | weighted_recall 0.2906 | union_precision 0.9184 | threshold 0.050 | val_model raw | lr 0.001000
Epoch 10/60 | train_loss 1.3201 | union_precision 0.9388 | weighted_recall 0.2996 | union_precision 0.9388 | threshold 0.050 | val_model raw | lr 0.001000
Epoch 11/60 | train_loss 1.3149 | union_precision 0.9592 | weighted_recall 0.3066 | union_precision 0.9592 | threshold 0.050 | val_model raw | lr 0.001000
Epoch 12/60 | train_loss 1.3093 | union_precision 0.9592 | weighted_recall 0.3075 | union_precision 0.9592 | threshold 0.050 | val_model raw | lr 0.001000
Epoch 13/60 | train_loss 1.3034 | union_precision 0.9592 | weighted_recall 0.3075 | union_precision 0.9592 | threshold 0.050 | val_model raw | lr 0.001000
Epoch 14/60 | train_loss 1.2958 | union_precision 0.9592 | weighted_recall 0.3042 | union_precision 0.9592 | threshold 0.050 | val_model raw | lr 0.001000
Epoch 15/60 | train_loss 1.2888 | union_precision 0.9600 | weighted_recall 0.3503 | union_precision 0.9600 | threshold 0.050 | val_model raw | lr 0.001000
Epoch 16/60 | train_loss 1.2805 | union_precision 0.9412 | weighted_recall 0.3538 | union_precision 0.9412 | threshold 0.050 | val_model raw | lr 0.001000
Epoch 17/60 | train_loss 1.2716 | union_precision 0.9412 | weighted_recall 0.3538 | union_precision 0.9412 | threshold 0.050 | val_model raw | lr 0.001000
Epoch 18/60 | train_loss 1.2634 | union_precision 0.9423 | weighted_recall 0.3557 | union_precision 0.9423 | threshold 0.050 | val_model raw | lr 0.001000
Epoch 19/60 | train_loss 1.2538 | union_precision 0.9423 | weighted_recall 0.3244 | union_precision 0.9423 | threshold 0.050 | val_model raw | lr 0.001000
Epoch 20/60 | train_loss 1.2464 | union_precision 0.9423 | weighted_recall 0.3244 | union_precision 0.9423 | threshold 0.050 | val_model raw | lr 0.001000
Epoch 21/60 | train_loss 1.2377 | union_precision 0.9434 | weighted_recall 0.3287 | union_precision 0.9434 | threshold 0.050 | val_model raw | lr 0.001000
Epoch 22/60 | train_loss 1.2292 | union_precision 0.9259 | weighted_recall 0.3326 | union_precision 0.9259 | threshold 0.050 | val_model raw | lr 0.001000
Epoch 23/60 | train_loss 1.2214 | union_precision 0.9273 | weighted_recall 0.3425 | union_precision 0.9273 | threshold 0.050 | val_model raw | lr 0.001000
Epoch 24/60 | train_loss 1.2160 | union_precision 0.9074 | weighted_recall 0.3315 | union_precision 0.9074 | threshold 0.050 | val_model raw | lr 0.001000
Epoch 25/60 | train_loss 1.2099 | union_precision 0.9057 | weighted_recall 0.3281 | union_precision 0.9057 | threshold 0.050 | val_model raw | lr 0.001000
Epoch 26/60 | train_loss 1.2019 | union_precision 0.9038 | weighted_recall 0.3322 | union_precision 0.9038 | threshold 0.050 | val_model raw | lr 0.001000
Epoch 27/60 | train_loss 1.1974 | union_precision 0.9057 | weighted_recall 0.3428 | union_precision 0.9057 | threshold 0.050 | val_model raw | lr 0.001000
Epoch 28/60 | train_loss 1.1940 | union_precision 0.9038 | weighted_recall 0.3417 | union_precision 0.9038 | threshold 0.050 | val_model raw | lr 0.001000
Early stopping at epoch 28
Held-out M30-4 | union_precision=0.9423 | weighted_recall=0.3557 | consensus_recall=0.6667
Epoch 1/60 | train_loss 1.3513 | union_precision 0.9375 | weighted_recall 0.2808 | union_precision 0.9375 | threshold 0.050 | val_model raw | lr 0.001000
Epoch 2/60 | train_loss 1.3478 | union_precision 1.0000 | weighted_recall 0.2781 | union_precision 1.0000 | threshold 0.050 | val_model raw | lr 0.001000
Epoch 3/60 | train_loss 1.3451 | union_precision 0.8889 | weighted_recall 0.3316 | union_precision 0.8889 | threshold 0.050 | val_model raw | lr 0.001000
Epoch 4/60 | train_loss 1.3424 | union_precision 0.8889 | weighted_recall 0.3316 | union_precision 0.8889 | threshold 0.050 | val_model raw | lr 0.001000
Epoch 5/60 | train_loss 1.3399 | union_precision 0.9000 | weighted_recall 0.2282 | union_precision 0.9000 | threshold 0.525 | val_model raw | lr 0.001000
Epoch 6/60 | train_loss 1.3356 | union_precision 0.9000 | weighted_recall 0.2282 | union_precision 0.9000 | threshold 0.525 | val_model raw | lr 0.001000
Epoch 7/60 | train_loss 1.3326 | union_precision 1.0000 | weighted_recall 0.1579 | union_precision 1.0000 | threshold 0.550 | val_model raw | lr 0.001000
Epoch 8/60 | train_loss 1.3287 | union_precision 0.8889 | weighted_recall 0.1693 | union_precision 0.8889 | threshold 0.550 | val_model raw | lr 0.001000
Epoch 9/60 | train_loss 1.3243 | union_precision 0.8889 | weighted_recall 0.4566 | union_precision 0.8889 | threshold 0.050 | val_model raw | lr 0.001000
Epoch 10/60 | train_loss 1.3199 | union_precision 0.9000 | weighted_recall 0.2968 | union_precision 0.9000 | threshold 0.550 | val_model raw | lr 0.001000
Epoch 11/60 | train_loss 1.3148 | union_precision 0.9091 | weighted_recall 0.3557 | union_precision 0.9091 | threshold 0.550 | val_model raw | lr 0.001000
Epoch 12/60 | train_loss 1.3090 | union_precision 0.9091 | weighted_recall 0.3557 | union_precision 0.9091 | threshold 0.550 | val_model raw | lr 0.001000
Epoch 13/60 | train_loss 1.3036 | union_precision 0.9091 | weighted_recall 0.3557 | union_precision 0.9091 | threshold 0.550 | val_model raw | lr 0.001000
Epoch 14/60 | train_loss 1.2963 | union_precision 0.8750 | weighted_recall 0.2513 | union_precision 0.8750 | threshold 0.600 | val_model raw | lr 0.001000
Epoch 15/60 | train_loss 1.2886 | union_precision 0.8889 | weighted_recall 0.2627 | union_precision 0.8889 | threshold 0.600 | val_model raw | lr 0.001000
Epoch 16/60 | train_loss 1.2811 | union_precision 0.8889 | weighted_recall 0.2627 | union_precision 0.8889 | threshold 0.600 | val_model raw | lr 0.001000
Epoch 17/60 | train_loss 1.2720 | union_precision 0.8667 | weighted_recall 0.4215 | union_precision 0.8667 | threshold 0.475 | val_model raw | lr 0.001000
Epoch 18/60 | train_loss 1.2639 | union_precision 0.8667 | weighted_recall 0.4215 | union_precision 0.8667 | threshold 0.475 | val_model raw | lr 0.001000
Epoch 19/60 | train_loss 1.2549 | union_precision 0.9375 | weighted_recall 0.5246 | union_precision 0.9375 | threshold 0.450 | val_model raw | lr 0.001000
Epoch 20/60 | train_loss 1.2472 | union_precision 0.9375 | weighted_recall 0.5246 | union_precision 0.9375 | threshold 0.425 | val_model raw | lr 0.001000
Epoch 21/60 | train_loss 1.2393 | union_precision 0.9375 | weighted_recall 0.5246 | union_precision 0.9375 | threshold 0.400 | val_model raw | lr 0.001000
Epoch 22/60 | train_loss 1.2310 | union_precision 0.9375 | weighted_recall 0.5246 | union_precision 0.9375 | threshold 0.400 | val_model raw | lr 0.001000
Epoch 23/60 | train_loss 1.2233 | union_precision 0.9375 | weighted_recall 0.5246 | union_precision 0.9375 | threshold 0.375 | val_model raw | lr 0.001000
Epoch 24/60 | train_loss 1.2177 | union_precision 0.9375 | weighted_recall 0.5246 | union_precision 0.9375 | threshold 0.350 | val_model raw | lr 0.001000
Epoch 25/60 | train_loss 1.2110 | union_precision 0.9375 | weighted_recall 0.5246 | union_precision 0.9375 | threshold 0.350 | val_model raw | lr 0.001000
Epoch 26/60 | train_loss 1.2050 | union_precision 0.9375 | weighted_recall 0.5246 | union_precision 0.9375 | threshold 0.325 | val_model raw | lr 0.001000
Epoch 27/60 | train_loss 1.1992 | union_precision 0.9375 | weighted_recall 0.5246 | union_precision 0.9375 | threshold 0.325 | val_model raw | lr 0.001000
Epoch 28/60 | train_loss 1.1952 | union_precision 0.9375 | weighted_recall 0.5246 | union_precision 0.9375 | threshold 0.325 | val_model raw | lr 0.001000
Epoch 29/60 | train_loss 1.1876 | union_precision 0.9375 | weighted_recall 0.5246 | union_precision 0.9375 | threshold 0.325 | val_model raw | lr 0.001000
Epoch 30/60 | train_loss 1.1792 | union_precision 0.9375 | weighted_recall 0.5407 | union_precision 0.9375 | threshold 0.325 | val_model raw | lr 0.001000
Epoch 31/60 | train_loss 1.1726 | union_precision 0.9375 | weighted_recall 0.5034 | union_precision 0.9375 | threshold 0.325 | val_model raw | lr 0.001000
Epoch 32/60 | train_loss 1.1675 | union_precision 0.9375 | weighted_recall 0.4699 | union_precision 0.9375 | threshold 0.325 | val_model raw | lr 0.001000
Epoch 33/60 | train_loss 1.1610 | union_precision 0.9444 | weighted_recall 0.5023 | union_precision 0.9444 | threshold 0.300 | val_model raw | lr 0.001000
Epoch 34/60 | train_loss 1.1542 | union_precision 0.9444 | weighted_recall 0.5023 | union_precision 0.9444 | threshold 0.300 | val_model raw | lr 0.001000
Epoch 35/60 | train_loss 1.1460 | union_precision 0.9474 | weighted_recall 0.5056 | union_precision 0.9474 | threshold 0.050 | val_model raw | lr 0.001000
Epoch 36/60 | train_loss 1.1403 | union_precision 0.9000 | weighted_recall 0.4557 | union_precision 0.9000 | threshold 0.050 | val_model raw | lr 0.001000
Epoch 37/60 | train_loss 1.1354 | union_precision 0.8947 | weighted_recall 0.4516 | union_precision 0.8947 | threshold 0.050 | val_model raw | lr 0.001000
Epoch 38/60 | train_loss 1.1281 | union_precision 0.8947 | weighted_recall 0.4516 | union_precision 0.8947 | threshold 0.050 | val_model raw | lr 0.001000
Epoch 39/60 | train_loss 1.1210 | union_precision 0.8947 | weighted_recall 0.4559 | union_precision 0.8947 | threshold 0.050 | val_model raw | lr 0.001000
Epoch 40/60 | train_loss 1.1170 | union_precision 0.8889 | weighted_recall 0.4461 | union_precision 0.8889 | threshold 0.050 | val_model raw | lr 0.001000
Early stopping at epoch 40
Held-out M33-1 | union_precision=0.9375 | weighted_recall=0.5407 | consensus_recall=1.0000
Epoch 1/60 | train_loss 1.3513 | union_precision 0.8393 | weighted_recall 0.1702 | union_precision 0.8393 | threshold 0.050 | val_model raw | lr 0.001000
Epoch 2/60 | train_loss 1.3481 | union_precision 0.8636 | weighted_recall 0.1829 | union_precision 0.8636 | threshold 0.500 | val_model raw | lr 0.001000
Epoch 3/60 | train_loss 1.3454 | union_precision 0.8525 | weighted_recall 0.2173 | union_precision 0.8525 | threshold 0.050 | val_model raw | lr 0.001000
Epoch 4/60 | train_loss 1.3423 | union_precision 0.8667 | weighted_recall 0.2204 | union_precision 0.8667 | threshold 0.050 | val_model raw | lr 0.001000
Epoch 5/60 | train_loss 1.3395 | union_precision 0.8710 | weighted_recall 0.2520 | union_precision 0.8710 | threshold 0.050 | val_model raw | lr 0.001000
Epoch 6/60 | train_loss 1.3352 | union_precision 0.8710 | weighted_recall 0.2516 | union_precision 0.8710 | threshold 0.050 | val_model raw | lr 0.001000
Epoch 7/60 | train_loss 1.3324 | union_precision 0.8710 | weighted_recall 0.2516 | union_precision 0.8710 | threshold 0.050 | val_model raw | lr 0.001000
Epoch 8/60 | train_loss 1.3282 | union_precision 0.8710 | weighted_recall 0.2507 | union_precision 0.8710 | threshold 0.050 | val_model raw | lr 0.001000
Epoch 9/60 | train_loss 1.3240 | union_precision 0.8730 | weighted_recall 0.2396 | union_precision 0.8730 | threshold 0.050 | val_model raw | lr 0.001000
Epoch 10/60 | train_loss 1.3198 | union_precision 0.8730 | weighted_recall 0.2414 | union_precision 0.8730 | threshold 0.050 | val_model raw | lr 0.001000
Epoch 11/60 | train_loss 1.3141 | union_precision 0.8571 | weighted_recall 0.2380 | union_precision 0.8571 | threshold 0.050 | val_model raw | lr 0.001000
Epoch 12/60 | train_loss 1.3086 | union_precision 0.9091 | weighted_recall 0.0279 | union_precision 0.9091 | threshold 0.550 | val_model raw | lr 0.001000
Epoch 13/60 | train_loss 1.3025 | union_precision 0.9286 | weighted_recall 0.0430 | union_precision 0.9286 | threshold 0.550 | val_model raw | lr 0.001000
Epoch 14/60 | train_loss 1.2953 | union_precision 0.8824 | weighted_recall 0.0474 | union_precision 0.8824 | threshold 0.550 | val_model raw | lr 0.001000
Epoch 15/60 | train_loss 1.2881 | union_precision 0.9333 | weighted_recall 0.0455 | union_precision 0.9333 | threshold 0.575 | val_model raw | lr 0.001000
Early stopping at epoch 15
Held-out M33-2 | union_precision=0.8710 | weighted_recall=0.2520 | consensus_recall=0.0000
Epoch 1/60 | train_loss 1.3511 | union_precision 0.9565 | weighted_recall 0.3333 | union_precision 0.9565 | threshold 0.050 | val_model raw | lr 0.001000
Epoch 2/60 | train_loss 1.3478 | union_precision 0.9615 | weighted_recall 0.3770 | union_precision 0.9615 | threshold 0.050 | val_model raw | lr 0.001000
Epoch 3/60 | train_loss 1.3454 | union_precision 0.9643 | weighted_recall 0.3845 | union_precision 0.9643 | threshold 0.050 | val_model raw | lr 0.001000
Epoch 4/60 | train_loss 1.3425 | union_precision 0.9643 | weighted_recall 0.3776 | union_precision 0.9643 | threshold 0.050 | val_model raw | lr 0.001000
Epoch 5/60 | train_loss 1.3399 | union_precision 0.9615 | weighted_recall 0.4190 | union_precision 0.9615 | threshold 0.050 | val_model raw | lr 0.001000
Epoch 6/60 | train_loss 1.3358 | union_precision 0.9600 | weighted_recall 0.4152 | union_precision 0.9600 | threshold 0.050 | val_model raw | lr 0.001000
Epoch 7/60 | train_loss 1.3331 | union_precision 0.9600 | weighted_recall 0.4152 | union_precision 0.9600 | threshold 0.050 | val_model raw | lr 0.001000
Epoch 8/60 | train_loss 1.3291 | union_precision 0.9600 | weighted_recall 0.4152 | union_precision 0.9600 | threshold 0.050 | val_model raw | lr 0.001000
Epoch 9/60 | train_loss 1.3249 | union_precision 0.9600 | weighted_recall 0.4152 | union_precision 0.9600 | threshold 0.050 | val_model raw | lr 0.001000
Epoch 10/60 | train_loss 1.3201 | union_precision 0.9600 | weighted_recall 0.3663 | union_precision 0.9600 | threshold 0.425 | val_model raw | lr 0.001000
Epoch 11/60 | train_loss 1.3152 | union_precision 1.0000 | weighted_recall 0.3663 | union_precision 1.0000 | threshold 0.425 | val_model raw | lr 0.001000
Epoch 12/60 | train_loss 1.3096 | union_precision 0.9600 | weighted_recall 0.3663 | union_precision 0.9600 | threshold 0.050 | val_model raw | lr 0.001000
Epoch 13/60 | train_loss 1.3041 | union_precision 1.0000 | weighted_recall 0.3663 | union_precision 1.0000 | threshold 0.400 | val_model raw | lr 0.001000
Epoch 14/60 | train_loss 1.2965 | union_precision 1.0000 | weighted_recall 0.3663 | union_precision 1.0000 | threshold 0.400 | val_model raw | lr 0.001000
Epoch 15/60 | train_loss 1.2896 | union_precision 1.0000 | weighted_recall 0.3663 | union_precision 1.0000 | threshold 0.400 | val_model raw | lr 0.001000
Early stopping at epoch 15
Held-out M33-3 | union_precision=0.9615 | weighted_recall=0.4190 | consensus_recall=0.0000
Epoch 1/60 | train_loss 1.3508 | union_precision 0.9367 | weighted_recall 0.2166 | union_precision 0.9367 | threshold 0.050 | val_model raw | lr 0.001000
Epoch 2/60 | train_loss 1.3477 | union_precision 0.9481 | weighted_recall 0.2530 | union_precision 0.9481 | threshold 0.050 | val_model raw | lr 0.001000
Epoch 3/60 | train_loss 1.3449 | union_precision 0.9444 | weighted_recall 0.2433 | union_precision 0.9444 | threshold 0.050 | val_model raw | lr 0.001000
Epoch 4/60 | train_loss 1.3421 | union_precision 0.9333 | weighted_recall 0.2478 | union_precision 0.9333 | threshold 0.050 | val_model raw | lr 0.001000
Epoch 5/60 | train_loss 1.3394 | union_precision 0.9467 | weighted_recall 0.2558 | union_precision 0.9467 | threshold 0.050 | val_model raw | lr 0.001000
Epoch 6/60 | train_loss 1.3355 | union_precision 0.9600 | weighted_recall 0.2824 | union_precision 0.9600 | threshold 0.050 | val_model raw | lr 0.001000
Epoch 7/60 | train_loss 1.3322 | union_precision 0.9600 | weighted_recall 0.2885 | union_precision 0.9600 | threshold 0.050 | val_model raw | lr 0.001000
Epoch 8/60 | train_loss 1.3283 | union_precision 0.9600 | weighted_recall 0.2885 | union_precision 0.9600 | threshold 0.050 | val_model raw | lr 0.001000
Epoch 9/60 | train_loss 1.3243 | union_precision 0.9610 | weighted_recall 0.2991 | union_precision 0.9610 | threshold 0.050 | val_model raw | lr 0.001000
Epoch 10/60 | train_loss 1.3191 | union_precision 0.9351 | weighted_recall 0.2962 | union_precision 0.9351 | threshold 0.050 | val_model raw | lr 0.001000
Epoch 11/60 | train_loss 1.3144 | union_precision 0.9351 | weighted_recall 0.2995 | union_precision 0.9351 | threshold 0.050 | val_model raw | lr 0.001000
Epoch 12/60 | train_loss 1.3096 | union_precision 0.9383 | weighted_recall 0.3192 | union_precision 0.9383 | threshold 0.050 | val_model raw | lr 0.001000
Epoch 13/60 | train_loss 1.3026 | union_precision 0.9383 | weighted_recall 0.3199 | union_precision 0.9383 | threshold 0.050 | val_model raw | lr 0.001000
Epoch 14/60 | train_loss 1.2961 | union_precision 0.9398 | weighted_recall 0.3233 | union_precision 0.9398 | threshold 0.050 | val_model raw | lr 0.001000
Epoch 15/60 | train_loss 1.2874 | union_precision 0.9390 | weighted_recall 0.3160 | union_precision 0.9390 | threshold 0.050 | val_model raw | lr 0.001000
Epoch 16/60 | train_loss 1.2794 | union_precision 0.9500 | weighted_recall 0.3133 | union_precision 0.9500 | threshold 0.050 | val_model raw | lr 0.001000
Epoch 17/60 | train_loss 1.2716 | union_precision 0.9375 | weighted_recall 0.3082 | union_precision 0.9375 | threshold 0.050 | val_model raw | lr 0.001000
Epoch 18/60 | train_loss 1.2631 | union_precision 0.9375 | weighted_recall 0.3157 | union_precision 0.9375 | threshold 0.050 | val_model raw | lr 0.001000
Epoch 19/60 | train_loss 1.2536 | union_precision 0.9383 | weighted_recall 0.3177 | union_precision 0.9383 | threshold 0.050 | val_model raw | lr 0.001000
Epoch 20/60 | train_loss 1.2455 | union_precision 0.9383 | weighted_recall 0.3211 | union_precision 0.9383 | threshold 0.050 | val_model raw | lr 0.001000
Epoch 21/60 | train_loss 1.2370 | union_precision 0.9383 | weighted_recall 0.3111 | union_precision 0.9383 | threshold 0.050 | val_model raw | lr 0.001000
Epoch 22/60 | train_loss 1.2292 | union_precision 0.9383 | weighted_recall 0.3082 | union_precision 0.9383 | threshold 0.050 | val_model raw | lr 0.001000
Epoch 23/60 | train_loss 1.2224 | union_precision 0.9639 | weighted_recall 0.3151 | union_precision 0.9639 | threshold 0.050 | val_model raw | lr 0.001000
Epoch 24/60 | train_loss 1.2159 | union_precision 0.9639 | weighted_recall 0.3151 | union_precision 0.9639 | threshold 0.050 | val_model raw | lr 0.001000
Early stopping at epoch 24
Held-out M33-4 | union_precision=0.9398 | weighted_recall=0.3233 | consensus_recall=0.0000
Epoch 1/60 | train_loss 1.3512 | union_precision 0.8333 | weighted_recall 0.0952 | union_precision 0.8333 | threshold 0.500 | val_model raw | lr 0.001000
Epoch 2/60 | train_loss 1.3479 | union_precision 0.8929 | weighted_recall 0.1335 | union_precision 0.8929 | threshold 0.500 | val_model raw | lr 0.001000
Epoch 3/60 | train_loss 1.3454 | union_precision 0.8571 | weighted_recall 0.0506 | union_precision 0.8571 | threshold 0.525 | val_model raw | lr 0.001000
Epoch 4/60 | train_loss 1.3420 | union_precision 1.0000 | weighted_recall 0.0048 | union_precision 1.0000 | threshold 0.550 | val_model raw | lr 0.001000
Epoch 5/60 | train_loss 1.3397 | union_precision 1.0000 | weighted_recall 0.0073 | union_precision 1.0000 | threshold 0.550 | val_model raw | lr 0.001000
Epoch 6/60 | train_loss 1.3353 | union_precision 1.0000 | weighted_recall 0.0048 | union_precision 1.0000 | threshold 0.575 | val_model raw | lr 0.001000
Epoch 7/60 | train_loss 1.3323 | union_precision 1.0000 | weighted_recall 0.0073 | union_precision 1.0000 | threshold 0.575 | val_model raw | lr 0.001000
Epoch 8/60 | train_loss 1.3283 | union_precision 1.0000 | weighted_recall 0.0048 | union_precision 1.0000 | threshold 0.600 | val_model raw | lr 0.001000
Epoch 9/60 | train_loss 1.3240 | union_precision 1.0000 | weighted_recall 0.0073 | union_precision 1.0000 | threshold 0.600 | val_model raw | lr 0.001000
Epoch 10/60 | train_loss 1.3194 | union_precision 1.0000 | weighted_recall 0.0048 | union_precision 1.0000 | threshold 0.625 | val_model raw | lr 0.001000
Epoch 11/60 | train_loss 1.3143 | union_precision 0.8182 | weighted_recall 0.2536 | union_precision 0.8182 | threshold 0.050 | val_model raw | lr 0.001000
Epoch 12/60 | train_loss 1.3084 | union_precision 0.8302 | weighted_recall 0.2510 | union_precision 0.8302 | threshold 0.050 | val_model raw | lr 0.001000
Early stopping at epoch 12
Held-out M41-1 | union_precision=0.8929 | weighted_recall=0.1335 | consensus_recall=0.0000
Epoch 1/60 | train_loss 1.3511 | union_precision 0.9583 | weighted_recall 0.3175 | union_precision 0.9583 | threshold 0.050 | val_model raw | lr 0.001000
Epoch 2/60 | train_loss 1.3476 | union_precision 0.9231 | weighted_recall 0.3387 | union_precision 0.9231 | threshold 0.050 | val_model raw | lr 0.001000
Epoch 3/60 | train_loss 1.3453 | union_precision 0.9231 | weighted_recall 0.3387 | union_precision 0.9231 | threshold 0.050 | val_model raw | lr 0.001000
Epoch 4/60 | train_loss 1.3422 | union_precision 0.9231 | weighted_recall 0.3387 | union_precision 0.9231 | threshold 0.050 | val_model raw | lr 0.001000
Epoch 5/60 | train_loss 1.3397 | union_precision 0.9231 | weighted_recall 0.3387 | union_precision 0.9231 | threshold 0.050 | val_model raw | lr 0.001000
Epoch 6/60 | train_loss 1.3355 | union_precision 0.9231 | weighted_recall 0.3387 | union_precision 0.9231 | threshold 0.050 | val_model raw | lr 0.001000
Epoch 7/60 | train_loss 1.3325 | union_precision 0.8846 | weighted_recall 0.3331 | union_precision 0.8846 | threshold 0.050 | val_model raw | lr 0.001000
Epoch 8/60 | train_loss 1.3283 | union_precision 0.8846 | weighted_recall 0.3331 | union_precision 0.8846 | threshold 0.050 | val_model raw | lr 0.001000
Epoch 9/60 | train_loss 1.3240 | union_precision 0.8846 | weighted_recall 0.3415 | union_precision 0.8846 | threshold 0.050 | val_model raw | lr 0.001000
Epoch 10/60 | train_loss 1.3191 | union_precision 0.8846 | weighted_recall 0.3415 | union_precision 0.8846 | threshold 0.050 | val_model raw | lr 0.001000
Epoch 11/60 | train_loss 1.3143 | union_precision 0.8846 | weighted_recall 0.3415 | union_precision 0.8846 | threshold 0.050 | val_model raw | lr 0.001000
Epoch 12/60 | train_loss 1.3086 | union_precision 0.9286 | weighted_recall 0.1009 | union_precision 0.9286 | threshold 0.550 | val_model raw | lr 0.001000
Epoch 13/60 | train_loss 1.3031 | union_precision 0.8500 | weighted_recall 0.2309 | union_precision 0.8500 | threshold 0.525 | val_model raw | lr 0.001000
Epoch 14/60 | train_loss 1.2955 | union_precision 0.8519 | weighted_recall 0.3303 | union_precision 0.8519 | threshold 0.050 | val_model raw | lr 0.001000
Epoch 15/60 | train_loss 1.2882 | union_precision 0.8519 | weighted_recall 0.3303 | union_precision 0.8519 | threshold 0.050 | val_model raw | lr 0.001000
Epoch 16/60 | train_loss 1.2797 | union_precision 0.8519 | weighted_recall 0.3303 | union_precision 0.8519 | threshold 0.050 | val_model raw | lr 0.001000
Epoch 17/60 | train_loss 1.2713 | union_precision 0.8519 | weighted_recall 0.3303 | union_precision 0.8519 | threshold 0.050 | val_model raw | lr 0.001000
Epoch 18/60 | train_loss 1.2632 | union_precision 0.8519 | weighted_recall 0.3303 | union_precision 0.8519 | threshold 0.050 | val_model raw | lr 0.001000
Epoch 19/60 | train_loss 1.2538 | union_precision 0.8846 | weighted_recall 0.3362 | union_precision 0.8846 | threshold 0.050 | val_model raw | lr 0.001000
Early stopping at epoch 19
Held-out M41-2 | union_precision=0.8846 | weighted_recall=0.3415 | consensus_recall=0.0000
Epoch 1/60 | train_loss 1.3512 | union_precision 0.8333 | weighted_recall 0.2534 | union_precision 0.8333 | threshold 0.500 | val_model raw | lr 0.001000
Epoch 2/60 | train_loss 1.3478 | union_precision 1.0000 | weighted_recall 0.0013 | union_precision 1.0000 | threshold 0.525 | val_model raw | lr 0.001000
Epoch 3/60 | train_loss 1.3452 | union_precision 0.8889 | weighted_recall 0.0890 | union_precision 0.8889 | threshold 0.525 | val_model raw | lr 0.001000
Epoch 4/60 | train_loss 1.3420 | union_precision 0.9000 | weighted_recall 0.1016 | union_precision 0.9000 | threshold 0.525 | val_model raw | lr 0.001000
Epoch 5/60 | train_loss 1.3395 | union_precision 0.9091 | weighted_recall 0.1251 | union_precision 0.9091 | threshold 0.525 | val_model raw | lr 0.001000
Epoch 6/60 | train_loss 1.3355 | union_precision 0.9091 | weighted_recall 0.1251 | union_precision 0.9091 | threshold 0.525 | val_model raw | lr 0.001000
Epoch 7/60 | train_loss 1.3326 | union_precision 0.9167 | weighted_recall 0.1290 | union_precision 0.9167 | threshold 0.525 | val_model raw | lr 0.001000
Epoch 8/60 | train_loss 1.3287 | union_precision 0.8696 | weighted_recall 0.2518 | union_precision 0.8696 | threshold 0.500 | val_model raw | lr 0.001000
Epoch 9/60 | train_loss 1.3242 | union_precision 0.8621 | weighted_recall 0.3004 | union_precision 0.8621 | threshold 0.050 | val_model raw | lr 0.001000
Epoch 10/60 | train_loss 1.3195 | union_precision 0.8621 | weighted_recall 0.3054 | union_precision 0.8621 | threshold 0.050 | val_model raw | lr 0.001000
Epoch 11/60 | train_loss 1.3144 | union_precision 0.8667 | weighted_recall 0.3098 | union_precision 0.8667 | threshold 0.050 | val_model raw | lr 0.001000
Epoch 12/60 | train_loss 1.3084 | union_precision 0.8710 | weighted_recall 0.3015 | union_precision 0.8710 | threshold 0.050 | val_model raw | lr 0.001000
Epoch 13/60 | train_loss 1.3032 | union_precision 0.8710 | weighted_recall 0.3015 | union_precision 0.8710 | threshold 0.050 | val_model raw | lr 0.001000
Epoch 14/60 | train_loss 1.2956 | union_precision 0.8710 | weighted_recall 0.3015 | union_precision 0.8710 | threshold 0.050 | val_model raw | lr 0.001000
Epoch 15/60 | train_loss 1.2881 | union_precision 0.8710 | weighted_recall 0.3015 | union_precision 0.8710 | threshold 0.050 | val_model raw | lr 0.001000
Epoch 16/60 | train_loss 1.2799 | union_precision 0.9032 | weighted_recall 0.3694 | union_precision 0.9032 | threshold 0.050 | val_model raw | lr 0.001000
Epoch 17/60 | train_loss 1.2714 | union_precision 0.9032 | weighted_recall 0.3694 | union_precision 0.9032 | threshold 0.050 | val_model raw | lr 0.001000
Epoch 18/60 | train_loss 1.2629 | union_precision 0.9032 | weighted_recall 0.3694 | union_precision 0.9032 | threshold 0.050 | val_model raw | lr 0.001000
Epoch 19/60 | train_loss 1.2540 | union_precision 0.9032 | weighted_recall 0.3644 | union_precision 0.9032 | threshold 0.050 | val_model raw | lr 0.001000
Epoch 20/60 | train_loss 1.2464 | union_precision 0.9032 | weighted_recall 0.3644 | union_precision 0.9032 | threshold 0.050 | val_model raw | lr 0.001000
Epoch 21/60 | train_loss 1.2381 | union_precision 0.9032 | weighted_recall 0.3644 | union_precision 0.9032 | threshold 0.050 | val_model raw | lr 0.001000
Epoch 22/60 | train_loss 1.2292 | union_precision 0.8667 | weighted_recall 0.3601 | union_precision 0.8667 | threshold 0.050 | val_model raw | lr 0.001000
Epoch 23/60 | train_loss 1.2231 | union_precision 0.8667 | weighted_recall 0.3601 | union_precision 0.8667 | threshold 0.050 | val_model raw | lr 0.001000
Epoch 24/60 | train_loss 1.2165 | union_precision 0.8710 | weighted_recall 0.3640 | union_precision 0.8710 | threshold 0.050 | val_model raw | lr 0.001000
Epoch 25/60 | train_loss 1.2094 | union_precision 0.8710 | weighted_recall 0.3640 | union_precision 0.8710 | threshold 0.050 | val_model raw | lr 0.001000
Epoch 26/60 | train_loss 1.2020 | union_precision 0.8710 | weighted_recall 0.3640 | union_precision 0.8710 | threshold 0.050 | val_model raw | lr 0.001000
Early stopping at epoch 26
Held-out M41-3 | union_precision=0.9032 | weighted_recall=0.3694 | consensus_recall=0.0000
Epoch 1/60 | train_loss 1.3511 | union_precision 0.8571 | weighted_recall 0.0206 | union_precision 0.8571 | threshold 0.500 | val_model raw | lr 0.001000
Epoch 2/60 | train_loss 1.3479 | union_precision 0.7931 | weighted_recall 0.3029 | union_precision 0.7931 | threshold 0.050 | val_model raw | lr 0.001000
Epoch 3/60 | train_loss 1.3453 | union_precision 0.7500 | weighted_recall 0.2866 | union_precision 0.7500 | threshold 0.050 | val_model raw | lr 0.001000
Epoch 4/60 | train_loss 1.3420 | union_precision 0.7600 | weighted_recall 0.2708 | union_precision 0.7600 | threshold 0.475 | val_model raw | lr 0.001000
Epoch 5/60 | train_loss 1.3398 | union_precision 0.8148 | weighted_recall 0.2970 | union_precision 0.8148 | threshold 0.475 | val_model raw | lr 0.001000
Epoch 6/60 | train_loss 1.3355 | union_precision 0.8077 | weighted_recall 0.2888 | union_precision 0.8077 | threshold 0.475 | val_model raw | lr 0.001000
Epoch 7/60 | train_loss 1.3327 | union_precision 0.8077 | weighted_recall 0.2888 | union_precision 0.8077 | threshold 0.450 | val_model raw | lr 0.001000
Epoch 8/60 | train_loss 1.3290 | union_precision 0.7692 | weighted_recall 0.2854 | union_precision 0.7692 | threshold 0.450 | val_model raw | lr 0.001000
Epoch 9/60 | train_loss 1.3242 | union_precision 0.7692 | weighted_recall 0.2854 | union_precision 0.7692 | threshold 0.425 | val_model raw | lr 0.001000
Epoch 10/60 | train_loss 1.3197 | union_precision 0.7692 | weighted_recall 0.2854 | union_precision 0.7692 | threshold 0.425 | val_model raw | lr 0.001000
Epoch 11/60 | train_loss 1.3145 | union_precision 0.7692 | weighted_recall 0.2854 | union_precision 0.7692 | threshold 0.400 | val_model raw | lr 0.001000
Early stopping at epoch 11
Held-out M41-4 | union_precision=0.8571 | weighted_recall=0.0206 | consensus_recall=0.0000
Epoch 1/60 | train_loss 1.3511 | union_precision 0.9062 | weighted_recall 0.2611 | union_precision 0.9062 | threshold 0.500 | val_model raw | lr 0.001000
Epoch 2/60 | train_loss 1.3478 | union_precision 0.8780 | weighted_recall 0.3156 | union_precision 0.8780 | threshold 0.050 | val_model raw | lr 0.001000
Epoch 3/60 | train_loss 1.3455 | union_precision 0.8780 | weighted_recall 0.3156 | union_precision 0.8780 | threshold 0.050 | val_model raw | lr 0.001000
Epoch 4/60 | train_loss 1.3421 | union_precision 0.9024 | weighted_recall 0.3543 | union_precision 0.9024 | threshold 0.050 | val_model raw | lr 0.001000
Epoch 5/60 | train_loss 1.3398 | union_precision 0.9024 | weighted_recall 0.3543 | union_precision 0.9024 | threshold 0.050 | val_model raw | lr 0.001000
Epoch 6/60 | train_loss 1.3359 | union_precision 0.9024 | weighted_recall 0.3543 | union_precision 0.9024 | threshold 0.050 | val_model raw | lr 0.001000
Epoch 7/60 | train_loss 1.3329 | union_precision 0.9024 | weighted_recall 0.3543 | union_precision 0.9024 | threshold 0.050 | val_model raw | lr 0.001000
Epoch 8/60 | train_loss 1.3287 | union_precision 0.9024 | weighted_recall 0.3543 | union_precision 0.9024 | threshold 0.050 | val_model raw | lr 0.001000
Epoch 9/60 | train_loss 1.3246 | union_precision 0.9024 | weighted_recall 0.3543 | union_precision 0.9024 | threshold 0.050 | val_model raw | lr 0.001000
Epoch 10/60 | train_loss 1.3200 | union_precision 0.9024 | weighted_recall 0.3543 | union_precision 0.9024 | threshold 0.050 | val_model raw | lr 0.001000
Epoch 11/60 | train_loss 1.3149 | union_precision 0.9024 | weighted_recall 0.3543 | union_precision 0.9024 | threshold 0.050 | val_model raw | lr 0.001000
Epoch 12/60 | train_loss 1.3088 | union_precision 0.9024 | weighted_recall 0.3543 | union_precision 0.9024 | threshold 0.050 | val_model raw | lr 0.001000
Epoch 13/60 | train_loss 1.3034 | union_precision 0.9000 | weighted_recall 0.3294 | union_precision 0.9000 | threshold 0.050 | val_model raw | lr 0.001000
Epoch 14/60 | train_loss 1.2959 | union_precision 0.9000 | weighted_recall 0.3294 | union_precision 0.9000 | threshold 0.050 | val_model raw | lr 0.001000
Early stopping at epoch 14
Held-out M50-1 | union_precision=0.9024 | weighted_recall=0.3543 | consensus_recall=0.0000
Epoch 1/60 | train_loss 1.3513 | union_precision 0.9130 | weighted_recall 0.2962 | union_precision 0.9130 | threshold 0.050 | val_model raw | lr 0.001000
Epoch 2/60 | train_loss 1.3482 | union_precision 0.9149 | weighted_recall 0.2944 | union_precision 0.9149 | threshold 0.050 | val_model raw | lr 0.001000
Epoch 3/60 | train_loss 1.3456 | union_precision 0.9167 | weighted_recall 0.2877 | union_precision 0.9167 | threshold 0.050 | val_model raw | lr 0.001000
Epoch 4/60 | train_loss 1.3421 | union_precision 0.8889 | weighted_recall 0.2562 | union_precision 0.8889 | threshold 0.050 | val_model raw | lr 0.001000
Epoch 5/60 | train_loss 1.3396 | union_precision 0.8936 | weighted_recall 0.2586 | union_precision 0.8936 | threshold 0.050 | val_model raw | lr 0.001000
Epoch 6/60 | train_loss 1.3354 | union_precision 0.9167 | weighted_recall 0.2736 | union_precision 0.9167 | threshold 0.050 | val_model raw | lr 0.001000
Epoch 7/60 | train_loss 1.3327 | union_precision 0.9184 | weighted_recall 0.2767 | union_precision 0.9184 | threshold 0.050 | val_model raw | lr 0.001000
Epoch 8/60 | train_loss 1.3284 | union_precision 0.8600 | weighted_recall 0.2657 | union_precision 0.8600 | threshold 0.050 | val_model raw | lr 0.001000
Epoch 9/60 | train_loss 1.3243 | union_precision 0.8600 | weighted_recall 0.2538 | union_precision 0.8600 | threshold 0.050 | val_model raw | lr 0.001000
Epoch 10/60 | train_loss 1.3198 | union_precision 0.8800 | weighted_recall 0.2565 | union_precision 0.8800 | threshold 0.050 | val_model raw | lr 0.001000
Epoch 11/60 | train_loss 1.3147 | union_precision 0.8800 | weighted_recall 0.2565 | union_precision 0.8800 | threshold 0.050 | val_model raw | lr 0.001000
Early stopping at epoch 11
Held-out M50-2 | union_precision=0.9130 | weighted_recall=0.2962 | consensus_recall=0.0000
Epoch 1/60 | train_loss 1.3510 | union_precision 0.7867 | weighted_recall 0.2711 | union_precision 0.7867 | threshold 0.050 | val_model raw | lr 0.001000
Epoch 2/60 | train_loss 1.3482 | union_precision 1.0000 | weighted_recall 0.0222 | union_precision 1.0000 | threshold 0.525 | val_model raw | lr 0.001000
Epoch 3/60 | train_loss 1.3459 | union_precision 1.0000 | weighted_recall 0.0049 | union_precision 1.0000 | threshold 0.550 | val_model raw | lr 0.001000
Epoch 4/60 | train_loss 1.3426 | union_precision 1.0000 | weighted_recall 0.0229 | union_precision 1.0000 | threshold 0.550 | val_model raw | lr 0.001000
Epoch 5/60 | train_loss 1.3400 | union_precision 0.8551 | weighted_recall 0.2295 | union_precision 0.8551 | threshold 0.050 | val_model raw | lr 0.001000
Epoch 6/60 | train_loss 1.3360 | union_precision 0.8696 | weighted_recall 0.2303 | union_precision 0.8696 | threshold 0.050 | val_model raw | lr 0.001000
Epoch 7/60 | train_loss 1.3328 | union_precision 0.8611 | weighted_recall 0.2394 | union_precision 0.8611 | threshold 0.050 | val_model raw | lr 0.001000
Epoch 8/60 | train_loss 1.3289 | union_precision 1.0000 | weighted_recall 0.0229 | union_precision 1.0000 | threshold 0.600 | val_model raw | lr 0.001000
Epoch 9/60 | train_loss 1.3241 | union_precision 0.8548 | weighted_recall 0.2254 | union_precision 0.8548 | threshold 0.475 | val_model raw | lr 0.001000
Epoch 10/60 | train_loss 1.3203 | union_precision 1.0000 | weighted_recall 0.0309 | union_precision 1.0000 | threshold 0.600 | val_model raw | lr 0.001000
Epoch 11/60 | train_loss 1.3150 | union_precision 1.0000 | weighted_recall 0.0229 | union_precision 1.0000 | threshold 0.625 | val_model raw | lr 0.001000
Epoch 12/60 | train_loss 1.3091 | union_precision 0.8571 | weighted_recall 0.0670 | union_precision 0.8571 | threshold 0.600 | val_model raw | lr 0.001000
Epoch 13/60 | train_loss 1.3030 | union_precision 0.8533 | weighted_recall 0.2648 | union_precision 0.8533 | threshold 0.050 | val_model raw | lr 0.001000
Epoch 14/60 | train_loss 1.2960 | union_precision 0.8947 | weighted_recall 0.2963 | union_precision 0.8947 | threshold 0.050 | val_model raw | lr 0.001000
Epoch 15/60 | train_loss 1.2878 | union_precision 0.9000 | weighted_recall 0.2892 | union_precision 0.9000 | threshold 0.050 | val_model raw | lr 0.001000
Epoch 16/60 | train_loss 1.2803 | union_precision 0.9250 | weighted_recall 0.3196 | union_precision 0.9250 | threshold 0.050 | val_model raw | lr 0.001000
Epoch 17/60 | train_loss 1.2713 | union_precision 0.9383 | weighted_recall 0.3409 | union_precision 0.9383 | threshold 0.050 | val_model raw | lr 0.001000
Epoch 18/60 | train_loss 1.2641 | union_precision 0.9390 | weighted_recall 0.3472 | union_precision 0.9390 | threshold 0.050 | val_model raw | lr 0.001000
Epoch 19/60 | train_loss 1.2542 | union_precision 0.9512 | weighted_recall 0.3503 | union_precision 0.9512 | threshold 0.050 | val_model raw | lr 0.001000
Epoch 20/60 | train_loss 1.2479 | union_precision 0.9512 | weighted_recall 0.3562 | union_precision 0.9512 | threshold 0.050 | val_model raw | lr 0.001000
Epoch 21/60 | train_loss 1.2392 | union_precision 0.9518 | weighted_recall 0.3713 | union_precision 0.9518 | threshold 0.050 | val_model raw | lr 0.001000
Epoch 22/60 | train_loss 1.2304 | union_precision 0.9512 | weighted_recall 0.3674 | union_precision 0.9512 | threshold 0.050 | val_model raw | lr 0.001000
Epoch 23/60 | train_loss 1.2240 | union_precision 0.9524 | weighted_recall 0.3978 | union_precision 0.9524 | threshold 0.050 | val_model raw | lr 0.001000
Epoch 24/60 | train_loss 1.2190 | union_precision 0.9529 | weighted_recall 0.3990 | union_precision 0.9529 | threshold 0.050 | val_model raw | lr 0.001000
Epoch 25/60 | train_loss 1.2114 | union_precision 0.9540 | weighted_recall 0.4088 | union_precision 0.9540 | threshold 0.050 | val_model raw | lr 0.001000
Epoch 26/60 | train_loss 1.2046 | union_precision 0.9540 | weighted_recall 0.4043 | union_precision 0.9540 | threshold 0.050 | val_model raw | lr 0.001000
Epoch 27/60 | train_loss 1.1994 | union_precision 0.9540 | weighted_recall 0.4081 | union_precision 0.9540 | threshold 0.050 | val_model raw | lr 0.001000
Epoch 28/60 | train_loss 1.1945 | union_precision 0.9540 | weighted_recall 0.3891 | union_precision 0.9540 | threshold 0.050 | val_model raw | lr 0.001000
Epoch 29/60 | train_loss 1.1870 | union_precision 0.9545 | weighted_recall 0.4067 | union_precision 0.9545 | threshold 0.050 | val_model raw | lr 0.001000
Epoch 30/60 | train_loss 1.1804 | union_precision 0.9551 | weighted_recall 0.4243 | union_precision 0.9551 | threshold 0.050 | val_model raw | lr 0.001000
Epoch 31/60 | train_loss 1.1742 | union_precision 0.9551 | weighted_recall 0.4243 | union_precision 0.9551 | threshold 0.050 | val_model raw | lr 0.001000
Epoch 32/60 | train_loss 1.1676 | union_precision 0.9333 | weighted_recall 0.4246 | union_precision 0.9333 | threshold 0.050 | val_model raw | lr 0.001000
Epoch 33/60 | train_loss 1.1604 | union_precision 0.9333 | weighted_recall 0.4246 | union_precision 0.9333 | threshold 0.050 | val_model raw | lr 0.001000
Epoch 34/60 | train_loss 1.1549 | union_precision 0.9333 | weighted_recall 0.4246 | union_precision 0.9333 | threshold 0.050 | val_model raw | lr 0.001000
Epoch 35/60 | train_loss 1.1472 | union_precision 0.9556 | weighted_recall 0.4385 | union_precision 0.9556 | threshold 0.050 | val_model raw | lr 0.001000
Epoch 36/60 | train_loss 1.1398 | union_precision 0.9663 | weighted_recall 0.4525 | union_precision 0.9663 | threshold 0.050 | val_model raw | lr 0.001000
Epoch 37/60 | train_loss 1.1349 | union_precision 0.9663 | weighted_recall 0.4525 | union_precision 0.9663 | threshold 0.050 | val_model raw | lr 0.001000
Epoch 38/60 | train_loss 1.1287 | union_precision 0.9663 | weighted_recall 0.4525 | union_precision 0.9663 | threshold 0.050 | val_model raw | lr 0.001000
Epoch 39/60 | train_loss 1.1206 | union_precision 0.9659 | weighted_recall 0.4523 | union_precision 0.9659 | threshold 0.050 | val_model raw | lr 0.001000
Epoch 40/60 | train_loss 1.1174 | union_precision 0.9651 | weighted_recall 0.4510 | union_precision 0.9651 | threshold 0.050 | val_model raw | lr 0.001000
Epoch 41/60 | train_loss 1.1114 | union_precision 0.9535 | weighted_recall 0.4452 | union_precision 0.9535 | threshold 0.050 | val_model raw | lr 0.001000
Epoch 42/60 | train_loss 1.1028 | union_precision 0.9535 | weighted_recall 0.4452 | union_precision 0.9535 | threshold 0.050 | val_model raw | lr 0.001000
Epoch 43/60 | train_loss 1.0981 | union_precision 0.9535 | weighted_recall 0.4452 | union_precision 0.9535 | threshold 0.050 | val_model raw | lr 0.001000
Epoch 44/60 | train_loss 1.0925 | union_precision 0.9419 | weighted_recall 0.4313 | union_precision 0.9419 | threshold 0.050 | val_model raw | lr 0.001000
Epoch 45/60 | train_loss 1.0865 | union_precision 0.9425 | weighted_recall 0.4327 | union_precision 0.9425 | threshold 0.050 | val_model raw | lr 0.001000
Epoch 46/60 | train_loss 1.0812 | union_precision 0.9425 | weighted_recall 0.4327 | union_precision 0.9425 | threshold 0.050 | val_model raw | lr 0.001000
Early stopping at epoch 46
Held-out M50-3 | union_precision=0.9663 | weighted_recall=0.4525 | consensus_recall=0.0000
Epoch 1/60 | train_loss 1.3507 | union_precision 0.9024 | weighted_recall 0.3065 | union_precision 0.9024 | threshold 0.050 | val_model raw | lr 0.001000
Epoch 2/60 | train_loss 1.3478 | union_precision 0.8902 | weighted_recall 0.2672 | union_precision 0.8902 | threshold 0.050 | val_model raw | lr 0.001000
Epoch 3/60 | train_loss 1.3452 | union_precision 0.9048 | weighted_recall 0.2800 | union_precision 0.9048 | threshold 0.050 | val_model raw | lr 0.001000
Epoch 4/60 | train_loss 1.3419 | union_precision 0.9036 | weighted_recall 0.3107 | union_precision 0.9036 | threshold 0.050 | val_model raw | lr 0.001000
Epoch 5/60 | train_loss 1.3391 | union_precision 0.8810 | weighted_recall 0.3029 | union_precision 0.8810 | threshold 0.050 | val_model raw | lr 0.001000
Epoch 6/60 | train_loss 1.3350 | union_precision 0.8929 | weighted_recall 0.3058 | union_precision 0.8929 | threshold 0.050 | val_model raw | lr 0.001000
Epoch 7/60 | train_loss 1.3318 | union_precision 0.8929 | weighted_recall 0.3047 | union_precision 0.8929 | threshold 0.050 | val_model raw | lr 0.001000
Epoch 8/60 | train_loss 1.3277 | union_precision 0.8824 | weighted_recall 0.3130 | union_precision 0.8824 | threshold 0.050 | val_model raw | lr 0.001000
Epoch 9/60 | train_loss 1.3229 | union_precision 0.8941 | weighted_recall 0.3198 | union_precision 0.8941 | threshold 0.050 | val_model raw | lr 0.001000
Epoch 10/60 | train_loss 1.3190 | union_precision 0.8941 | weighted_recall 0.3198 | union_precision 0.8941 | threshold 0.050 | val_model raw | lr 0.001000
Epoch 11/60 | train_loss 1.3136 | union_precision 0.9048 | weighted_recall 0.3158 | union_precision 0.9048 | threshold 0.050 | val_model raw | lr 0.001000
Epoch 12/60 | train_loss 1.3079 | union_precision 0.9048 | weighted_recall 0.3158 | union_precision 0.9048 | threshold 0.050 | val_model raw | lr 0.001000
Epoch 13/60 | train_loss 1.3012 | union_precision 0.9036 | weighted_recall 0.3139 | union_precision 0.9036 | threshold 0.050 | val_model raw | lr 0.001000
Epoch 14/60 | train_loss 1.2943 | union_precision 0.9157 | weighted_recall 0.3155 | union_precision 0.9157 | threshold 0.050 | val_model raw | lr 0.001000
Epoch 15/60 | train_loss 1.2862 | union_precision 0.9157 | weighted_recall 0.3155 | union_precision 0.9157 | threshold 0.050 | val_model raw | lr 0.001000
Epoch 16/60 | train_loss 1.2780 | union_precision 0.9167 | weighted_recall 0.3230 | union_precision 0.9167 | threshold 0.050 | val_model raw | lr 0.001000
Epoch 17/60 | train_loss 1.2688 | union_precision 0.9157 | weighted_recall 0.3211 | union_precision 0.9157 | threshold 0.050 | val_model raw | lr 0.001000
Epoch 18/60 | train_loss 1.2611 | union_precision 0.9146 | weighted_recall 0.3133 | union_precision 0.9146 | threshold 0.050 | val_model raw | lr 0.001000
Epoch 19/60 | train_loss 1.2507 | union_precision 0.9146 | weighted_recall 0.3133 | union_precision 0.9146 | threshold 0.050 | val_model raw | lr 0.001000
Epoch 20/60 | train_loss 1.2439 | union_precision 0.9277 | weighted_recall 0.3164 | union_precision 0.9277 | threshold 0.050 | val_model raw | lr 0.001000
Epoch 21/60 | train_loss 1.2352 | union_precision 0.9259 | weighted_recall 0.3054 | union_precision 0.9259 | threshold 0.050 | val_model raw | lr 0.001000
Epoch 22/60 | train_loss 1.2260 | union_precision 0.9048 | weighted_recall 0.2866 | union_precision 0.9048 | threshold 0.050 | val_model raw | lr 0.001000
Epoch 23/60 | train_loss 1.2193 | union_precision 0.9036 | weighted_recall 0.2829 | union_precision 0.9036 | threshold 0.050 | val_model raw | lr 0.001000
Epoch 24/60 | train_loss 1.2144 | union_precision 0.9146 | weighted_recall 0.2809 | union_precision 0.9146 | threshold 0.350 | val_model raw | lr 0.001000
Epoch 25/60 | train_loss 1.2067 | union_precision 0.9259 | weighted_recall 0.2797 | union_precision 0.9259 | threshold 0.350 | val_model raw | lr 0.001000
Epoch 26/60 | train_loss 1.1998 | union_precision 0.9259 | weighted_recall 0.2857 | union_precision 0.9259 | threshold 0.325 | val_model raw | lr 0.001000
Early stopping at epoch 26
Held-out M56-1 | union_precision=0.9167 | weighted_recall=0.3230 | consensus_recall=0.0000
Epoch 1/60 | train_loss 1.3510 | union_precision 0.8571 | weighted_recall 0.2001 | union_precision 0.8571 | threshold 0.500 | val_model raw | lr 0.001000
Epoch 2/60 | train_loss 1.3481 | union_precision 1.0000 | weighted_recall 0.0190 | union_precision 1.0000 | threshold 0.525 | val_model raw | lr 0.001000
Epoch 3/60 | train_loss 1.3454 | union_precision 1.0000 | weighted_recall 0.0190 | union_precision 1.0000 | threshold 0.550 | val_model raw | lr 0.001000
Epoch 4/60 | train_loss 1.3421 | union_precision 1.0000 | weighted_recall 0.0190 | union_precision 1.0000 | threshold 0.550 | val_model raw | lr 0.001000
Epoch 5/60 | train_loss 1.3394 | union_precision 1.0000 | weighted_recall 0.0251 | union_precision 1.0000 | threshold 0.550 | val_model raw | lr 0.001000
Epoch 6/60 | train_loss 1.3355 | union_precision 1.0000 | weighted_recall 0.0577 | union_precision 1.0000 | threshold 0.550 | val_model raw | lr 0.001000
Epoch 7/60 | train_loss 1.3322 | union_precision 0.9286 | weighted_recall 0.0882 | union_precision 0.9286 | threshold 0.550 | val_model raw | lr 0.001000
Epoch 8/60 | train_loss 1.3281 | union_precision 1.0000 | weighted_recall 0.0399 | union_precision 1.0000 | threshold 0.575 | val_model raw | lr 0.001000
Epoch 9/60 | train_loss 1.3233 | union_precision 0.9091 | weighted_recall 0.0773 | union_precision 0.9091 | threshold 0.575 | val_model raw | lr 0.001000
Epoch 10/60 | train_loss 1.3189 | union_precision 0.9286 | weighted_recall 0.0882 | union_precision 0.9286 | threshold 0.575 | val_model raw | lr 0.001000
Epoch 11/60 | train_loss 1.3139 | union_precision 0.9286 | weighted_recall 0.0882 | union_precision 0.9286 | threshold 0.575 | val_model raw | lr 0.001000
Early stopping at epoch 11
Held-out M56-2 | union_precision=0.8571 | weighted_recall=0.2001 | consensus_recall=0.0000
Epoch 1/60 | train_loss 1.3508 | union_precision 0.8831 | weighted_recall 0.2358 | union_precision 0.8831 | threshold 0.050 | val_model raw | lr 0.001000
Epoch 2/60 | train_loss 1.3482 | union_precision 0.8974 | weighted_recall 0.2482 | union_precision 0.8974 | threshold 0.050 | val_model raw | lr 0.001000
Epoch 3/60 | train_loss 1.3456 | union_precision 0.9221 | weighted_recall 0.2669 | union_precision 0.9221 | threshold 0.050 | val_model raw | lr 0.001000
Epoch 4/60 | train_loss 1.3424 | union_precision 0.9481 | weighted_recall 0.2958 | union_precision 0.9481 | threshold 0.050 | val_model raw | lr 0.001000
Epoch 5/60 | train_loss 1.3400 | union_precision 0.9481 | weighted_recall 0.3046 | union_precision 0.9481 | threshold 0.050 | val_model raw | lr 0.001000
Epoch 6/60 | train_loss 1.3360 | union_precision 0.9459 | weighted_recall 0.3208 | union_precision 0.9459 | threshold 0.050 | val_model raw | lr 0.001000
Epoch 7/60 | train_loss 1.3330 | union_precision 0.9459 | weighted_recall 0.3209 | union_precision 0.9459 | threshold 0.050 | val_model raw | lr 0.001000
Epoch 8/60 | train_loss 1.3287 | union_precision 0.9459 | weighted_recall 0.3209 | union_precision 0.9459 | threshold 0.050 | val_model raw | lr 0.001000
Epoch 9/60 | train_loss 1.3241 | union_precision 0.9459 | weighted_recall 0.3209 | union_precision 0.9459 | threshold 0.050 | val_model raw | lr 0.001000
Epoch 10/60 | train_loss 1.3206 | union_precision 0.9459 | weighted_recall 0.3209 | union_precision 0.9459 | threshold 0.050 | val_model raw | lr 0.001000
Epoch 11/60 | train_loss 1.3155 | union_precision 0.9342 | weighted_recall 0.3247 | union_precision 0.9342 | threshold 0.050 | val_model raw | lr 0.001000
Epoch 12/60 | train_loss 1.3097 | union_precision 0.9487 | weighted_recall 0.3323 | union_precision 0.9487 | threshold 0.050 | val_model raw | lr 0.001000
Epoch 13/60 | train_loss 1.3036 | union_precision 0.9494 | weighted_recall 0.3426 | union_precision 0.9494 | threshold 0.050 | val_model raw | lr 0.001000
Epoch 14/60 | train_loss 1.2966 | union_precision 0.9494 | weighted_recall 0.3600 | union_precision 0.9494 | threshold 0.050 | val_model raw | lr 0.001000
Epoch 15/60 | train_loss 1.2889 | union_precision 0.9500 | weighted_recall 0.3706 | union_precision 0.9500 | threshold 0.050 | val_model raw | lr 0.001000
Epoch 16/60 | train_loss 1.2816 | union_precision 0.9359 | weighted_recall 0.3633 | union_precision 0.9359 | threshold 0.050 | val_model raw | lr 0.001000
Epoch 17/60 | train_loss 1.2725 | union_precision 0.9359 | weighted_recall 0.3633 | union_precision 0.9359 | threshold 0.050 | val_model raw | lr 0.001000
Epoch 18/60 | train_loss 1.2651 | union_precision 0.9351 | weighted_recall 0.3561 | union_precision 0.9351 | threshold 0.050 | val_model raw | lr 0.001000
Epoch 19/60 | train_loss 1.2554 | union_precision 0.9351 | weighted_recall 0.3550 | union_precision 0.9351 | threshold 0.050 | val_model raw | lr 0.001000
Epoch 20/60 | train_loss 1.2485 | union_precision 0.9367 | weighted_recall 0.3655 | union_precision 0.9367 | threshold 0.050 | val_model raw | lr 0.001000
Epoch 21/60 | train_loss 1.2395 | union_precision 0.9367 | weighted_recall 0.3738 | union_precision 0.9367 | threshold 0.050 | val_model raw | lr 0.001000
Epoch 22/60 | train_loss 1.2303 | union_precision 0.9367 | weighted_recall 0.3738 | union_precision 0.9367 | threshold 0.050 | val_model raw | lr 0.001000
Epoch 23/60 | train_loss 1.2233 | union_precision 0.9367 | weighted_recall 0.3885 | union_precision 0.9367 | threshold 0.050 | val_model raw | lr 0.001000
Epoch 24/60 | train_loss 1.2177 | union_precision 0.9375 | weighted_recall 0.3899 | union_precision 0.9375 | threshold 0.050 | val_model raw | lr 0.001000
Epoch 25/60 | train_loss 1.2103 | union_precision 0.9367 | weighted_recall 0.3804 | union_precision 0.9367 | threshold 0.050 | val_model raw | lr 0.001000
Epoch 26/60 | train_loss 1.2036 | union_precision 0.9390 | weighted_recall 0.4037 | union_precision 0.9390 | threshold 0.050 | val_model raw | lr 0.001000
Epoch 27/60 | train_loss 1.1981 | union_precision 0.9146 | weighted_recall 0.3858 | union_precision 0.9146 | threshold 0.050 | val_model raw | lr 0.001000
Epoch 28/60 | train_loss 1.1934 | union_precision 0.9167 | weighted_recall 0.3964 | union_precision 0.9167 | threshold 0.050 | val_model raw | lr 0.001000
Epoch 29/60 | train_loss 1.1866 | union_precision 0.9286 | weighted_recall 0.4180 | union_precision 0.9286 | threshold 0.050 | val_model raw | lr 0.001000
Epoch 30/60 | train_loss 1.1789 | union_precision 0.9294 | weighted_recall 0.4245 | union_precision 0.9294 | threshold 0.050 | val_model raw | lr 0.001000
Epoch 31/60 | train_loss 1.1731 | union_precision 0.9412 | weighted_recall 0.4272 | union_precision 0.9412 | threshold 0.050 | val_model raw | lr 0.001000
Epoch 32/60 | train_loss 1.1658 | union_precision 0.9412 | weighted_recall 0.4272 | union_precision 0.9412 | threshold 0.050 | val_model raw | lr 0.001000
Epoch 33/60 | train_loss 1.1585 | union_precision 0.9412 | weighted_recall 0.4272 | union_precision 0.9412 | threshold 0.050 | val_model raw | lr 0.001000
Epoch 34/60 | train_loss 1.1528 | union_precision 0.9412 | weighted_recall 0.4272 | union_precision 0.9412 | threshold 0.050 | val_model raw | lr 0.001000
Epoch 35/60 | train_loss 1.1451 | union_precision 0.9524 | weighted_recall 0.4207 | union_precision 0.9524 | threshold 0.050 | val_model raw | lr 0.001000
Epoch 36/60 | train_loss 1.1383 | union_precision 0.9518 | weighted_recall 0.4167 | union_precision 0.9518 | threshold 0.050 | val_model raw | lr 0.001000
Epoch 37/60 | train_loss 1.1337 | union_precision 0.9518 | weighted_recall 0.4167 | union_precision 0.9518 | threshold 0.050 | val_model raw | lr 0.001000
Epoch 38/60 | train_loss 1.1273 | union_precision 0.9518 | weighted_recall 0.4167 | union_precision 0.9518 | threshold 0.050 | val_model raw | lr 0.001000
Epoch 39/60 | train_loss 1.1187 | union_precision 0.9643 | weighted_recall 0.4292 | union_precision 0.9643 | threshold 0.050 | val_model raw | lr 0.001000
Epoch 40/60 | train_loss 1.1150 | union_precision 0.9634 | weighted_recall 0.4325 | union_precision 0.9634 | threshold 0.050 | val_model raw | lr 0.001000
Epoch 41/60 | train_loss 1.1099 | union_precision 0.9620 | weighted_recall 0.4279 | union_precision 0.9620 | threshold 0.050 | val_model raw | lr 0.001000
Epoch 42/60 | train_loss 1.1010 | union_precision 0.9747 | weighted_recall 0.4312 | union_precision 0.9747 | threshold 0.050 | val_model raw | lr 0.001000
Epoch 43/60 | train_loss 1.0959 | union_precision 0.9750 | weighted_recall 0.4331 | union_precision 0.9750 | threshold 0.050 | val_model raw | lr 0.001000
Epoch 44/60 | train_loss 1.0903 | union_precision 0.9753 | weighted_recall 0.4527 | union_precision 0.9753 | threshold 0.050 | val_model raw | lr 0.001000
Epoch 45/60 | train_loss 1.0851 | union_precision 0.9753 | weighted_recall 0.4543 | union_precision 0.9753 | threshold 0.050 | val_model raw | lr 0.001000
Epoch 46/60 | train_loss 1.0792 | union_precision 0.9750 | weighted_recall 0.4462 | union_precision 0.9750 | threshold 0.050 | val_model raw | lr 0.001000
Epoch 47/60 | train_loss 1.0732 | union_precision 0.9753 | weighted_recall 0.4401 | union_precision 0.9753 | threshold 0.050 | val_model raw | lr 0.001000
Epoch 48/60 | train_loss 1.0670 | union_precision 0.9750 | weighted_recall 0.4393 | union_precision 0.9750 | threshold 0.050 | val_model raw | lr 0.001000
Epoch 49/60 | train_loss 1.0594 | union_precision 0.9750 | weighted_recall 0.4340 | union_precision 0.9750 | threshold 0.050 | val_model raw | lr 0.001000
Epoch 50/60 | train_loss 1.0522 | union_precision 0.9630 | weighted_recall 0.4327 | union_precision 0.9630 | threshold 0.050 | val_model raw | lr 0.001000
Epoch 51/60 | train_loss 1.0468 | union_precision 0.9630 | weighted_recall 0.4327 | union_precision 0.9630 | threshold 0.050 | val_model raw | lr 0.001000
Epoch 52/60 | train_loss 1.0436 | union_precision 0.9634 | weighted_recall 0.4336 | union_precision 0.9634 | threshold 0.050 | val_model raw | lr 0.001000
Epoch 53/60 | train_loss 1.0368 | union_precision 0.9405 | weighted_recall 0.4307 | union_precision 0.9405 | threshold 0.050 | val_model raw | lr 0.001000
Epoch 54/60 | train_loss 1.0315 | union_precision 0.9277 | weighted_recall 0.4273 | union_precision 0.9277 | threshold 0.050 | val_model raw | lr 0.001000
Epoch 55/60 | train_loss 1.0209 | union_precision 0.9277 | weighted_recall 0.4329 | union_precision 0.9277 | threshold 0.050 | val_model raw | lr 0.001000
Early stopping at epoch 55
Held-out M56-3 | union_precision=0.9753 | weighted_recall=0.4543 | consensus_recall=0.0000
Epoch 1/60 | train_loss 1.3509 | union_precision 0.9184 | weighted_recall 0.3618 | union_precision 0.9184 | threshold 0.050 | val_model raw | lr 0.001000
Epoch 2/60 | train_loss 1.3479 | union_precision 0.9000 | weighted_recall 0.3720 | union_precision 0.9000 | threshold 0.050 | val_model raw | lr 0.001000
Epoch 3/60 | train_loss 1.3454 | union_precision 0.9412 | weighted_recall 0.3779 | union_precision 0.9412 | threshold 0.050 | val_model raw | lr 0.001000
Epoch 4/60 | train_loss 1.3420 | union_precision 0.9200 | weighted_recall 0.3654 | union_precision 0.9200 | threshold 0.050 | val_model raw | lr 0.001000
Epoch 5/60 | train_loss 1.3393 | union_precision 0.8824 | weighted_recall 0.3747 | union_precision 0.8824 | threshold 0.050 | val_model raw | lr 0.001000
Epoch 6/60 | train_loss 1.3352 | union_precision 0.8824 | weighted_recall 0.3703 | union_precision 0.8824 | threshold 0.050 | val_model raw | lr 0.001000
Epoch 7/60 | train_loss 1.3321 | union_precision 0.8846 | weighted_recall 0.3726 | union_precision 0.8846 | threshold 0.050 | val_model raw | lr 0.001000
Epoch 8/60 | train_loss 1.3280 | union_precision 0.8846 | weighted_recall 0.3726 | union_precision 0.8846 | threshold 0.050 | val_model raw | lr 0.001000
Epoch 9/60 | train_loss 1.3233 | union_precision 0.8846 | weighted_recall 0.3705 | union_precision 0.8846 | threshold 0.050 | val_model raw | lr 0.001000
Epoch 10/60 | train_loss 1.3192 | union_precision 0.8846 | weighted_recall 0.3705 | union_precision 0.8846 | threshold 0.050 | val_model raw | lr 0.001000
Epoch 11/60 | train_loss 1.3140 | union_precision 0.8824 | weighted_recall 0.3303 | union_precision 0.8824 | threshold 0.050 | val_model raw | lr 0.001000
Epoch 12/60 | train_loss 1.3078 | union_precision 0.8824 | weighted_recall 0.3347 | union_precision 0.8824 | threshold 0.050 | val_model raw | lr 0.001000
Epoch 13/60 | train_loss 1.3015 | union_precision 0.8824 | weighted_recall 0.3347 | union_precision 0.8824 | threshold 0.050 | val_model raw | lr 0.001000
Early stopping at epoch 13
Held-out M59-1 | union_precision=0.9412 | weighted_recall=0.3779 | consensus_recall=0.0000
Epoch 1/60 | train_loss 1.3510 | union_precision 0.9111 | weighted_recall 0.3613 | union_precision 0.9111 | threshold 0.050 | val_model raw | lr 0.001000
Epoch 2/60 | train_loss 1.3479 | union_precision 0.9333 | weighted_recall 0.4005 | union_precision 0.9333 | threshold 0.050 | val_model raw | lr 0.001000
Epoch 3/60 | train_loss 1.3453 | union_precision 0.9318 | weighted_recall 0.3830 | union_precision 0.9318 | threshold 0.050 | val_model raw | lr 0.001000
Epoch 4/60 | train_loss 1.3420 | union_precision 0.9333 | weighted_recall 0.3826 | union_precision 0.9333 | threshold 0.050 | val_model raw | lr 0.001000
Epoch 5/60 | train_loss 1.3394 | union_precision 0.9333 | weighted_recall 0.3960 | union_precision 0.9333 | threshold 0.050 | val_model raw | lr 0.001000
Epoch 6/60 | train_loss 1.3356 | union_precision 0.9333 | weighted_recall 0.4111 | union_precision 0.9333 | threshold 0.050 | val_model raw | lr 0.001000
Epoch 7/60 | train_loss 1.3325 | union_precision 0.9348 | weighted_recall 0.4050 | union_precision 0.9348 | threshold 0.050 | val_model raw | lr 0.001000
Epoch 8/60 | train_loss 1.3284 | union_precision 0.9348 | weighted_recall 0.4050 | union_precision 0.9348 | threshold 0.050 | val_model raw | lr 0.001000
Epoch 9/60 | train_loss 1.3235 | union_precision 0.9348 | weighted_recall 0.4050 | union_precision 0.9348 | threshold 0.050 | val_model raw | lr 0.001000
Epoch 10/60 | train_loss 1.3196 | union_precision 0.9348 | weighted_recall 0.4144 | union_precision 0.9348 | threshold 0.050 | val_model raw | lr 0.001000
Epoch 11/60 | train_loss 1.3146 | union_precision 0.9348 | weighted_recall 0.4144 | union_precision 0.9348 | threshold 0.050 | val_model raw | lr 0.001000
Epoch 12/60 | train_loss 1.3086 | union_precision 0.9348 | weighted_recall 0.4144 | union_precision 0.9348 | threshold 0.050 | val_model raw | lr 0.001000
Epoch 13/60 | train_loss 1.3023 | union_precision 0.9362 | weighted_recall 0.4395 | union_precision 0.9362 | threshold 0.050 | val_model raw | lr 0.001000
Epoch 14/60 | train_loss 1.2954 | union_precision 0.9362 | weighted_recall 0.4314 | union_precision 0.9362 | threshold 0.050 | val_model raw | lr 0.001000
Epoch 15/60 | train_loss 1.2878 | union_precision 0.9565 | weighted_recall 0.4314 | union_precision 0.9565 | threshold 0.050 | val_model raw | lr 0.001000
Epoch 16/60 | train_loss 1.2798 | union_precision 0.9565 | weighted_recall 0.4314 | union_precision 0.9565 | threshold 0.050 | val_model raw | lr 0.001000
Epoch 17/60 | train_loss 1.2710 | union_precision 0.9565 | weighted_recall 0.4314 | union_precision 0.9565 | threshold 0.050 | val_model raw | lr 0.001000
Epoch 18/60 | train_loss 1.2624 | union_precision 0.9556 | weighted_recall 0.4346 | union_precision 0.9556 | threshold 0.050 | val_model raw | lr 0.001000
Epoch 19/60 | train_loss 1.2533 | union_precision 0.9773 | weighted_recall 0.4266 | union_precision 0.9773 | threshold 0.050 | val_model raw | lr 0.001000
Epoch 20/60 | train_loss 1.2455 | union_precision 0.9773 | weighted_recall 0.4266 | union_precision 0.9773 | threshold 0.050 | val_model raw | lr 0.001000
Epoch 21/60 | train_loss 1.2375 | union_precision 0.9773 | weighted_recall 0.4266 | union_precision 0.9773 | threshold 0.050 | val_model raw | lr 0.001000
Epoch 22/60 | train_loss 1.2280 | union_precision 0.9773 | weighted_recall 0.4266 | union_precision 0.9773 | threshold 0.050 | val_model raw | lr 0.001000
Epoch 23/60 | train_loss 1.2221 | union_precision 0.9767 | weighted_recall 0.4242 | union_precision 0.9767 | threshold 0.050 | val_model raw | lr 0.001000
Early stopping at epoch 23
Held-out M59-2 | union_precision=0.9362 | weighted_recall=0.4395 | consensus_recall=0.0000
Epoch 1/60 | train_loss 1.3510 | union_precision 0.9434 | weighted_recall 0.3065 | union_precision 0.9434 | threshold 0.050 | val_model raw | lr 0.001000
Epoch 2/60 | train_loss 1.3481 | union_precision 0.9310 | weighted_recall 0.3806 | union_precision 0.9310 | threshold 0.050 | val_model raw | lr 0.001000
Epoch 3/60 | train_loss 1.3458 | union_precision 0.9333 | weighted_recall 0.4183 | union_precision 0.9333 | threshold 0.050 | val_model raw | lr 0.001000
Epoch 4/60 | train_loss 1.3427 | union_precision 0.9180 | weighted_recall 0.4117 | union_precision 0.9180 | threshold 0.050 | val_model raw | lr 0.001000
Epoch 5/60 | train_loss 1.3399 | union_precision 0.9194 | weighted_recall 0.4124 | union_precision 0.9194 | threshold 0.050 | val_model raw | lr 0.001000
Epoch 6/60 | train_loss 1.3364 | union_precision 0.9194 | weighted_recall 0.4197 | union_precision 0.9194 | threshold 0.050 | val_model raw | lr 0.001000
Epoch 7/60 | train_loss 1.3337 | union_precision 0.9180 | weighted_recall 0.4216 | union_precision 0.9180 | threshold 0.050 | val_model raw | lr 0.001000
Epoch 8/60 | train_loss 1.3293 | union_precision 0.9180 | weighted_recall 0.4182 | union_precision 0.9180 | threshold 0.050 | val_model raw | lr 0.001000
Epoch 9/60 | train_loss 1.3249 | union_precision 0.9167 | weighted_recall 0.4140 | union_precision 0.9167 | threshold 0.050 | val_model raw | lr 0.001000
Epoch 10/60 | train_loss 1.3208 | union_precision 0.9180 | weighted_recall 0.4288 | union_precision 0.9180 | threshold 0.050 | val_model raw | lr 0.001000
Epoch 11/60 | train_loss 1.3157 | union_precision 0.9194 | weighted_recall 0.4312 | union_precision 0.9194 | threshold 0.050 | val_model raw | lr 0.001000
Epoch 12/60 | train_loss 1.3102 | union_precision 0.9355 | weighted_recall 0.4386 | union_precision 0.9355 | threshold 0.050 | val_model raw | lr 0.001000
Epoch 13/60 | train_loss 1.3036 | union_precision 0.9206 | weighted_recall 0.4386 | union_precision 0.9206 | threshold 0.050 | val_model raw | lr 0.001000
Epoch 14/60 | train_loss 1.2968 | union_precision 0.9206 | weighted_recall 0.4372 | union_precision 0.9206 | threshold 0.050 | val_model raw | lr 0.001000
Epoch 15/60 | train_loss 1.2900 | union_precision 0.9062 | weighted_recall 0.4409 | union_precision 0.9062 | threshold 0.050 | val_model raw | lr 0.001000
Epoch 16/60 | train_loss 1.2815 | union_precision 0.9062 | weighted_recall 0.4426 | union_precision 0.9062 | threshold 0.050 | val_model raw | lr 0.001000
Epoch 17/60 | train_loss 1.2729 | union_precision 0.9062 | weighted_recall 0.4428 | union_precision 0.9062 | threshold 0.050 | val_model raw | lr 0.001000
Epoch 18/60 | train_loss 1.2648 | union_precision 0.9077 | weighted_recall 0.4078 | union_precision 0.9077 | threshold 0.050 | val_model raw | lr 0.001000
Epoch 19/60 | train_loss 1.2555 | union_precision 0.9516 | weighted_recall 0.4153 | union_precision 0.9516 | threshold 0.375 | val_model raw | lr 0.001000
Epoch 20/60 | train_loss 1.2481 | union_precision 0.9365 | weighted_recall 0.4153 | union_precision 0.9365 | threshold 0.050 | val_model raw | lr 0.001000
Epoch 21/60 | train_loss 1.2397 | union_precision 0.9355 | weighted_recall 0.4570 | union_precision 0.9355 | threshold 0.050 | val_model raw | lr 0.001000
Epoch 22/60 | train_loss 1.2304 | union_precision 0.9355 | weighted_recall 0.4570 | union_precision 0.9355 | threshold 0.050 | val_model raw | lr 0.001000
Epoch 23/60 | train_loss 1.2239 | union_precision 0.9355 | weighted_recall 0.4793 | union_precision 0.9355 | threshold 0.050 | val_model raw | lr 0.001000
Epoch 24/60 | train_loss 1.2183 | union_precision 0.9500 | weighted_recall 0.4732 | union_precision 0.9500 | threshold 0.275 | val_model raw | lr 0.001000
Epoch 25/60 | train_loss 1.2109 | union_precision 0.9508 | weighted_recall 0.4811 | union_precision 0.9508 | threshold 0.275 | val_model raw | lr 0.001000
Epoch 26/60 | train_loss 1.2034 | union_precision 0.9516 | weighted_recall 0.4834 | union_precision 0.9516 | threshold 0.275 | val_model raw | lr 0.001000
Epoch 27/60 | train_loss 1.1987 | union_precision 0.9508 | weighted_recall 0.4805 | union_precision 0.9508 | threshold 0.250 | val_model raw | lr 0.001000
Epoch 28/60 | train_loss 1.1946 | union_precision 0.9508 | weighted_recall 0.4490 | union_precision 0.9508 | threshold 0.250 | val_model raw | lr 0.001000
Epoch 29/60 | train_loss 1.1858 | union_precision 0.9508 | weighted_recall 0.4514 | union_precision 0.9508 | threshold 0.250 | val_model raw | lr 0.001000
Epoch 30/60 | train_loss 1.1788 | union_precision 0.9524 | weighted_recall 0.4199 | union_precision 0.9524 | threshold 0.250 | val_model raw | lr 0.001000
Epoch 31/60 | train_loss 1.1733 | union_precision 0.9545 | weighted_recall 0.4252 | union_precision 0.9545 | threshold 0.250 | val_model raw | lr 0.001000
Epoch 32/60 | train_loss 1.1651 | union_precision 0.9545 | weighted_recall 0.4252 | union_precision 0.9545 | threshold 0.250 | val_model raw | lr 0.001000
Epoch 33/60 | train_loss 1.1583 | union_precision 0.9412 | weighted_recall 0.4221 | union_precision 0.9412 | threshold 0.050 | val_model raw | lr 0.001000
Epoch 34/60 | train_loss 1.1523 | union_precision 0.9420 | weighted_recall 0.4269 | union_precision 0.9420 | threshold 0.050 | val_model raw | lr 0.001000
Epoch 35/60 | train_loss 1.1451 | union_precision 0.9420 | weighted_recall 0.4269 | union_precision 0.9420 | threshold 0.050 | val_model raw | lr 0.001000
Epoch 36/60 | train_loss 1.1390 | union_precision 0.9552 | weighted_recall 0.4290 | union_precision 0.9552 | threshold 0.250 | val_model raw | lr 0.001000
Early stopping at epoch 36
Held-out M59-3 | union_precision=0.9516 | weighted_recall=0.4834 | consensus_recall=1.0000
Epoch 1/60 | train_loss 1.3509 | union_precision 0.8636 | weighted_recall 0.1729 | union_precision 0.8636 | threshold 0.500 | val_model raw | lr 0.001000
Epoch 2/60 | train_loss 1.3477 | union_precision 0.8684 | weighted_recall 0.2947 | union_precision 0.8684 | threshold 0.050 | val_model raw | lr 0.001000
Epoch 3/60 | train_loss 1.3452 | union_precision 0.8611 | weighted_recall 0.2278 | union_precision 0.8611 | threshold 0.050 | val_model raw | lr 0.001000
Epoch 4/60 | train_loss 1.3419 | union_precision 0.8857 | weighted_recall 0.2656 | union_precision 0.8857 | threshold 0.050 | val_model raw | lr 0.001000
Epoch 5/60 | train_loss 1.3389 | union_precision 0.8857 | weighted_recall 0.2656 | union_precision 0.8857 | threshold 0.050 | val_model raw | lr 0.001000
Epoch 6/60 | train_loss 1.3358 | union_precision 0.8788 | weighted_recall 0.2581 | union_precision 0.8788 | threshold 0.050 | val_model raw | lr 0.001000
Epoch 7/60 | train_loss 1.3320 | union_precision 0.8824 | weighted_recall 0.2598 | union_precision 0.8824 | threshold 0.050 | val_model raw | lr 0.001000
Epoch 8/60 | train_loss 1.3281 | union_precision 0.9143 | weighted_recall 0.2815 | union_precision 0.9143 | threshold 0.050 | val_model raw | lr 0.001000
Epoch 9/60 | train_loss 1.3233 | union_precision 0.9429 | weighted_recall 0.3003 | union_precision 0.9429 | threshold 0.050 | val_model raw | lr 0.001000
Epoch 10/60 | train_loss 1.3191 | union_precision 0.9444 | weighted_recall 0.3345 | union_precision 0.9444 | threshold 0.050 | val_model raw | lr 0.001000
Epoch 11/60 | train_loss 1.3141 | union_precision 0.9444 | weighted_recall 0.3345 | union_precision 0.9444 | threshold 0.050 | val_model raw | lr 0.001000
Epoch 12/60 | train_loss 1.3079 | union_precision 0.9459 | weighted_recall 0.3343 | union_precision 0.9459 | threshold 0.050 | val_model raw | lr 0.001000
Epoch 13/60 | train_loss 1.3016 | union_precision 0.9211 | weighted_recall 0.3316 | union_precision 0.9211 | threshold 0.050 | val_model raw | lr 0.001000
Epoch 14/60 | train_loss 1.2948 | union_precision 0.9231 | weighted_recall 0.3352 | union_precision 0.9231 | threshold 0.050 | val_model raw | lr 0.001000
Epoch 15/60 | train_loss 1.2875 | union_precision 0.9231 | weighted_recall 0.3352 | union_precision 0.9231 | threshold 0.050 | val_model raw | lr 0.001000
Epoch 16/60 | train_loss 1.2790 | union_precision 0.9250 | weighted_recall 0.3229 | union_precision 0.9250 | threshold 0.050 | val_model raw | lr 0.001000
Epoch 17/60 | train_loss 1.2707 | union_precision 0.9250 | weighted_recall 0.3252 | union_precision 0.9250 | threshold 0.050 | val_model raw | lr 0.001000
Epoch 18/60 | train_loss 1.2622 | union_precision 0.9250 | weighted_recall 0.3252 | union_precision 0.9250 | threshold 0.050 | val_model raw | lr 0.001000
Epoch 19/60 | train_loss 1.2533 | union_precision 0.9250 | weighted_recall 0.3252 | union_precision 0.9250 | threshold 0.050 | val_model raw | lr 0.001000
Epoch 20/60 | train_loss 1.2450 | union_precision 0.9231 | weighted_recall 0.3044 | union_precision 0.9231 | threshold 0.050 | val_model raw | lr 0.001000
Epoch 21/60 | train_loss 1.2369 | union_precision 0.9231 | weighted_recall 0.3044 | union_precision 0.9231 | threshold 0.050 | val_model raw | lr 0.001000
Epoch 22/60 | train_loss 1.2278 | union_precision 0.9268 | weighted_recall 0.3551 | union_precision 0.9268 | threshold 0.050 | val_model raw | lr 0.001000
Epoch 23/60 | train_loss 1.2218 | union_precision 0.9286 | weighted_recall 0.3813 | union_precision 0.9286 | threshold 0.050 | val_model raw | lr 0.001000
Epoch 24/60 | train_loss 1.2156 | union_precision 0.9286 | weighted_recall 0.3490 | union_precision 0.9286 | threshold 0.050 | val_model raw | lr 0.001000
Epoch 25/60 | train_loss 1.2081 | union_precision 0.9286 | weighted_recall 0.3294 | union_precision 0.9286 | threshold 0.325 | val_model raw | lr 0.001000
Epoch 26/60 | train_loss 1.2011 | union_precision 0.9512 | weighted_recall 0.3308 | union_precision 0.9512 | threshold 0.350 | val_model raw | lr 0.001000
Epoch 27/60 | train_loss 1.1960 | union_precision 0.9756 | weighted_recall 0.3439 | union_precision 0.9756 | threshold 0.350 | val_model raw | lr 0.001000
Epoch 28/60 | train_loss 1.1919 | union_precision 0.9512 | weighted_recall 0.3368 | union_precision 0.9512 | threshold 0.350 | val_model raw | lr 0.001000
Epoch 29/60 | train_loss 1.1844 | union_precision 0.9286 | weighted_recall 0.3368 | union_precision 0.9286 | threshold 0.050 | val_model raw | lr 0.001000
Epoch 30/60 | train_loss 1.1762 | union_precision 0.9286 | weighted_recall 0.3368 | union_precision 0.9286 | threshold 0.050 | val_model raw | lr 0.001000
Epoch 31/60 | train_loss 1.1704 | union_precision 0.9286 | weighted_recall 0.3368 | union_precision 0.9286 | threshold 0.050 | val_model raw | lr 0.001000
Epoch 32/60 | train_loss 1.1645 | union_precision 0.9268 | weighted_recall 0.3340 | union_precision 0.9268 | threshold 0.050 | val_model raw | lr 0.001000
Epoch 33/60 | train_loss 1.1568 | union_precision 0.9268 | weighted_recall 0.3340 | union_precision 0.9268 | threshold 0.050 | val_model raw | lr 0.001000
Early stopping at epoch 33
Held-out M63-1 | union_precision=0.9286 | weighted_recall=0.3813 | consensus_recall=0.0000
Epoch 1/60 | train_loss 1.3508 | union_precision 0.9259 | weighted_recall 0.3171 | union_precision 0.9259 | threshold 0.050 | val_model raw | lr 0.001000
Epoch 2/60 | train_loss 1.3477 | union_precision 0.8571 | weighted_recall 0.3156 | union_precision 0.8571 | threshold 0.050 | val_model raw | lr 0.001000
Epoch 3/60 | train_loss 1.3452 | union_precision 0.8571 | weighted_recall 0.3156 | union_precision 0.8571 | threshold 0.050 | val_model raw | lr 0.001000
Epoch 4/60 | train_loss 1.3421 | union_precision 0.8966 | weighted_recall 0.3071 | union_precision 0.8966 | threshold 0.050 | val_model raw | lr 0.001000
Epoch 5/60 | train_loss 1.3392 | union_precision 0.9000 | weighted_recall 0.3166 | union_precision 0.9000 | threshold 0.050 | val_model raw | lr 0.001000
Epoch 6/60 | train_loss 1.3359 | union_precision 0.9000 | weighted_recall 0.3166 | union_precision 0.9000 | threshold 0.050 | val_model raw | lr 0.001000
Epoch 7/60 | train_loss 1.3324 | union_precision 0.9000 | weighted_recall 0.3147 | union_precision 0.9000 | threshold 0.050 | val_model raw | lr 0.001000
Epoch 8/60 | train_loss 1.3286 | union_precision 0.9032 | weighted_recall 0.3095 | union_precision 0.9032 | threshold 0.050 | val_model raw | lr 0.001000
Epoch 9/60 | train_loss 1.3235 | union_precision 0.9032 | weighted_recall 0.3095 | union_precision 0.9032 | threshold 0.050 | val_model raw | lr 0.001000
Epoch 10/60 | train_loss 1.3197 | union_precision 0.8710 | weighted_recall 0.2673 | union_precision 0.8710 | threshold 0.050 | val_model raw | lr 0.001000
Epoch 11/60 | train_loss 1.3144 | union_precision 0.8710 | weighted_recall 0.2673 | union_precision 0.8710 | threshold 0.050 | val_model raw | lr 0.001000
Early stopping at epoch 11
Held-out M63-3 | union_precision=0.9259 | weighted_recall=0.3171 | consensus_recall=0.0000
