Running weighted-topdown merged56 nested direct seed=42 target=level1plus_boundary min_precision=0.85
Command: python3 Command: run_nested_piece_cv.py Command: --config Command: configs/salience_grouped3_hi8_score_only_xml_curated.yaml Command: --outer_heldout_piece Command: M06-1 Command: M06-2 Command: M06-3 Command: --inner_mode Command: leave_one Command: --model Command: tcn Command: --detector_target Command: level1plus_boundary Command: --selection_metric Command: weighted_recall Command: --precision_metric Command: union_precision Command: --min_precision Command: 0.85 Command: --loss_type Command: bce Command: --min_train_frequency_target Command: 0.05 Command: --cumulative_merge_tolerance Command: 2 Command: --cumulative_component_weights_json Command: \{\"level56\":1.0\,\"level4\":0.64\,\"level3\":0.46\,\"level2\":0.28\,\"level1\":0.16\} Command: --device Command: cuda Command: --epochs Command: 60 Command: --early_stop_patience Command: 10 Command: --seed Command: 42 Command: --skip_stage_grading Command: --output_dir Command: reports/nested_piece_cv/weighted_topdown_merge56_level1plus_boundary_seed42 Command: --run_outer_fit Command: --reuse_existing 
Wrote nested CV results to /gpfs/work/int/yuxuanliu2204/Changheng/xmltoexp/MERIX SUBMISSION/Boundary_Restart/reports/nested_piece_cv/weighted_topdown_merge56_level1plus_boundary_seed42
Best candidate: model-tcn__detector_target-level1plus_boundary__selection_metric-weighted_recall__min_precision-0p85__loss_type-bce__rest_span_label_mode-none__rest_span_tolerance_negative_weight-1p0 | mean_primary_metric=0.4475 | mean_union_precision=0.9175
Running weighted-topdown merged56 nested direct seed=42 target=level2plus_boundary min_precision=0.85
Command: python3 Command: run_nested_piece_cv.py Command: --config Command: configs/salience_grouped3_hi8_score_only_xml_curated.yaml Command: --outer_heldout_piece Command: M06-1 Command: M06-2 Command: M06-3 Command: --inner_mode Command: leave_one Command: --model Command: tcn Command: --detector_target Command: level2plus_boundary Command: --selection_metric Command: weighted_recall Command: --precision_metric Command: union_precision Command: --min_precision Command: 0.85 Command: --loss_type Command: bce Command: --min_train_frequency_target Command: 0.05 Command: --cumulative_merge_tolerance Command: 2 Command: --cumulative_component_weights_json Command: \{\"level56\":1.0\,\"level4\":0.64\,\"level3\":0.46\,\"level2\":0.28\,\"level1\":0.16\} Command: --device Command: cuda Command: --epochs Command: 60 Command: --early_stop_patience Command: 10 Command: --seed Command: 42 Command: --skip_stage_grading Command: --output_dir Command: reports/nested_piece_cv/weighted_topdown_merge56_level2plus_boundary_seed42 Command: --run_outer_fit Command: --reuse_existing 
Wrote nested CV results to /gpfs/work/int/yuxuanliu2204/Changheng/xmltoexp/MERIX SUBMISSION/Boundary_Restart/reports/nested_piece_cv/weighted_topdown_merge56_level2plus_boundary_seed42
Best candidate: model-tcn__detector_target-level2plus_boundary__selection_metric-weighted_recall__min_precision-0p85__loss_type-bce__rest_span_label_mode-none__rest_span_tolerance_negative_weight-1p0 | mean_primary_metric=0.4440 | mean_union_precision=0.8932
Running weighted-topdown merged56 nested direct seed=42 target=level3plus_boundary min_precision=0.85
Command: python3 Command: run_nested_piece_cv.py Command: --config Command: configs/salience_grouped3_hi8_score_only_xml_curated.yaml Command: --outer_heldout_piece Command: M06-1 Command: M06-2 Command: M06-3 Command: --inner_mode Command: leave_one Command: --model Command: tcn Command: --detector_target Command: level3plus_boundary Command: --selection_metric Command: weighted_recall Command: --precision_metric Command: union_precision Command: --min_precision Command: 0.85 Command: --loss_type Command: bce Command: --min_train_frequency_target Command: 0.05 Command: --cumulative_merge_tolerance Command: 2 Command: --cumulative_component_weights_json Command: \{\"level56\":1.0\,\"level4\":0.64\,\"level3\":0.46\,\"level2\":0.28\,\"level1\":0.16\} Command: --device Command: cuda Command: --epochs Command: 60 Command: --early_stop_patience Command: 10 Command: --seed Command: 42 Command: --skip_stage_grading Command: --output_dir Command: reports/nested_piece_cv/weighted_topdown_merge56_level3plus_boundary_seed42 Command: --run_outer_fit Command: --reuse_existing 
Wrote nested CV results to /gpfs/work/int/yuxuanliu2204/Changheng/xmltoexp/MERIX SUBMISSION/Boundary_Restart/reports/nested_piece_cv/weighted_topdown_merge56_level3plus_boundary_seed42
Best candidate: model-tcn__detector_target-level3plus_boundary__selection_metric-weighted_recall__min_precision-0p85__loss_type-bce__rest_span_label_mode-none__rest_span_tolerance_negative_weight-1p0 | mean_primary_metric=0.3353 | mean_union_precision=0.9082
Running weighted-topdown merged56 nested direct seed=42 target=level4plus_boundary min_precision=0.85
Command: python3 Command: run_nested_piece_cv.py Command: --config Command: configs/salience_grouped3_hi8_score_only_xml_curated.yaml Command: --outer_heldout_piece Command: M06-1 Command: M06-2 Command: M06-3 Command: --inner_mode Command: leave_one Command: --model Command: tcn Command: --detector_target Command: level4plus_boundary Command: --selection_metric Command: weighted_recall Command: --precision_metric Command: union_precision Command: --min_precision Command: 0.85 Command: --loss_type Command: bce Command: --min_train_frequency_target Command: 0.05 Command: --cumulative_merge_tolerance Command: 2 Command: --cumulative_component_weights_json Command: \{\"level56\":1.0\,\"level4\":0.64\,\"level3\":0.46\,\"level2\":0.28\,\"level1\":0.16\} Command: --device Command: cuda Command: --epochs Command: 60 Command: --early_stop_patience Command: 10 Command: --seed Command: 42 Command: --skip_stage_grading Command: --output_dir Command: reports/nested_piece_cv/weighted_topdown_merge56_level4plus_boundary_seed42 Command: --run_outer_fit Command: --reuse_existing 
Epoch 1/60 | train_loss 1.5538 | union_precision 0.8000 | weighted_recall 0.0679 | union_precision 0.8000 | threshold 0.575 | val_model raw | lr 0.001000
Epoch 2/60 | train_loss 1.4146 | union_precision 0.8333 | weighted_recall 0.0730 | union_precision 0.8333 | threshold 0.575 | val_model raw | lr 0.001000
Epoch 3/60 | train_loss 1.3333 | union_precision 0.8333 | weighted_recall 0.0495 | union_precision 0.8333 | threshold 0.600 | val_model raw | lr 0.001000
Epoch 4/60 | train_loss 1.2506 | union_precision 0.8571 | weighted_recall 0.0587 | union_precision 0.8571 | threshold 0.625 | val_model raw | lr 0.001000
Epoch 5/60 | train_loss 1.2147 | union_precision 0.8333 | weighted_recall 0.0376 | union_precision 0.8333 | threshold 0.650 | val_model raw | lr 0.001000
Epoch 6/60 | train_loss 1.1737 | union_precision 0.6774 | weighted_recall 0.2250 | union_precision 0.6774 | threshold 0.600 | val_model raw | lr 0.001000
Epoch 7/60 | train_loss 1.1419 | union_precision 0.6735 | weighted_recall 0.3249 | union_precision 0.6735 | threshold 0.575 | val_model raw | lr 0.001000
Epoch 8/60 | train_loss 1.1112 | union_precision 0.7083 | weighted_recall 0.2092 | union_precision 0.7083 | threshold 0.625 | val_model raw | lr 0.001000
Epoch 9/60 | train_loss 1.0972 | union_precision 0.7143 | weighted_recall 0.2278 | union_precision 0.7143 | threshold 0.625 | val_model raw | lr 0.001000
Epoch 10/60 | train_loss 1.0690 | union_precision 1.0000 | weighted_recall 0.0409 | union_precision 1.0000 | threshold 0.825 | val_model raw | lr 0.001000
Epoch 11/60 | train_loss 1.0447 | union_precision 0.7241 | weighted_recall 0.1810 | union_precision 0.7241 | threshold 0.650 | val_model raw | lr 0.001000
Epoch 12/60 | train_loss 1.0224 | union_precision 1.0000 | weighted_recall 0.0409 | union_precision 1.0000 | threshold 0.850 | val_model raw | lr 0.001000
Epoch 13/60 | train_loss 1.0014 | union_precision 1.0000 | weighted_recall 0.0409 | union_precision 1.0000 | threshold 0.850 | val_model raw | lr 0.001000
Epoch 14/60 | train_loss 0.9756 | union_precision 1.0000 | weighted_recall 0.0409 | union_precision 1.0000 | threshold 0.850 | val_model raw | lr 0.001000
Early stopping at epoch 14
Held-out M50-3 | union_precision=0.8571 | weighted_recall=0.0587 | consensus_recall=0.0000
Epoch 1/60 | train_loss 1.5431 | union_precision 0.3333 | weighted_recall 0.0418 | union_precision 0.3333 | threshold 0.525 | val_model raw | lr 0.001000
Epoch 2/60 | train_loss 1.4066 | union_precision 0.5000 | weighted_recall 0.0418 | union_precision 0.5000 | threshold 0.575 | val_model raw | lr 0.001000
Epoch 3/60 | train_loss 1.3210 | union_precision 0.5000 | weighted_recall 0.2434 | union_precision 0.5000 | threshold 0.475 | val_model raw | lr 0.001000
Epoch 4/60 | train_loss 1.2485 | union_precision 0.5000 | weighted_recall 0.1536 | union_precision 0.5000 | threshold 0.525 | val_model raw | lr 0.001000
Epoch 5/60 | train_loss 1.2086 | union_precision 0.5417 | weighted_recall 0.1651 | union_precision 0.5417 | threshold 0.525 | val_model raw | lr 0.001000
Epoch 6/60 | train_loss 1.1675 | union_precision 0.5833 | weighted_recall 0.1390 | union_precision 0.5833 | threshold 0.550 | val_model raw | lr 0.001000
Epoch 7/60 | train_loss 1.1317 | union_precision 0.6500 | weighted_recall 0.2382 | union_precision 0.6500 | threshold 0.550 | val_model raw | lr 0.001000
Epoch 8/60 | train_loss 1.0995 | union_precision 0.6250 | weighted_recall 0.2460 | union_precision 0.6250 | threshold 0.550 | val_model raw | lr 0.001000
Epoch 9/60 | train_loss 1.0848 | union_precision 0.6667 | weighted_recall 0.2128 | union_precision 0.6667 | threshold 0.575 | val_model raw | lr 0.001000
Epoch 10/60 | train_loss 1.0577 | union_precision 0.6250 | weighted_recall 0.1255 | union_precision 0.6250 | threshold 0.600 | val_model raw | lr 0.001000
Epoch 11/60 | train_loss 1.0381 | union_precision 0.5714 | weighted_recall 0.2424 | union_precision 0.5714 | threshold 0.575 | val_model raw | lr 0.001000
Epoch 12/60 | train_loss 1.0113 | union_precision 0.6364 | weighted_recall 0.1472 | union_precision 0.6364 | threshold 0.600 | val_model raw | lr 0.001000
Epoch 13/60 | train_loss 0.9889 | union_precision 0.5652 | weighted_recall 0.1838 | union_precision 0.5652 | threshold 0.575 | val_model raw | lr 0.001000
Epoch 14/60 | train_loss 0.9696 | union_precision 0.5714 | weighted_recall 0.1632 | union_precision 0.5714 | threshold 0.600 | val_model raw | lr 0.001000
Epoch 15/60 | train_loss 0.9555 | union_precision 0.6087 | weighted_recall 0.1909 | union_precision 0.6087 | threshold 0.575 | val_model raw | lr 0.001000
Epoch 16/60 | train_loss 0.9294 | union_precision 0.6250 | weighted_recall 0.1751 | union_precision 0.6250 | threshold 0.600 | val_model raw | lr 0.001000
Epoch 17/60 | train_loss 0.9013 | union_precision 0.7143 | weighted_recall 0.1960 | union_precision 0.7143 | threshold 0.600 | val_model raw | lr 0.001000
Epoch 18/60 | train_loss 0.8982 | union_precision 0.7391 | weighted_recall 0.2056 | union_precision 0.7391 | threshold 0.600 | val_model raw | lr 0.001000
Epoch 19/60 | train_loss 0.8759 | union_precision 1.0000 | weighted_recall 0.0477 | union_precision 1.0000 | threshold 0.800 | val_model raw | lr 0.001000
Epoch 20/60 | train_loss 0.8625 | union_precision 0.7059 | weighted_recall 0.2185 | union_precision 0.7059 | threshold 0.575 | val_model raw | lr 0.001000
Epoch 21/60 | train_loss 0.8540 | union_precision 1.0000 | weighted_recall 0.0477 | union_precision 1.0000 | threshold 0.825 | val_model raw | lr 0.001000
Epoch 22/60 | train_loss 0.8250 | union_precision 1.0000 | weighted_recall 0.0477 | union_precision 1.0000 | threshold 0.825 | val_model raw | lr 0.001000
Epoch 23/60 | train_loss 0.8261 | union_precision 1.0000 | weighted_recall 0.0477 | union_precision 1.0000 | threshold 0.825 | val_model raw | lr 0.001000
Epoch 24/60 | train_loss 0.8138 | union_precision 0.8333 | weighted_recall 0.0836 | union_precision 0.8333 | threshold 0.725 | val_model raw | lr 0.001000
Epoch 25/60 | train_loss 0.8069 | union_precision 1.0000 | weighted_recall 0.0597 | union_precision 1.0000 | threshold 0.800 | val_model raw | lr 0.001000
Epoch 26/60 | train_loss 0.7893 | union_precision 1.0000 | weighted_recall 0.0627 | union_precision 1.0000 | threshold 0.800 | val_model raw | lr 0.001000
Epoch 27/60 | train_loss 0.7800 | union_precision 1.0000 | weighted_recall 0.0627 | union_precision 1.0000 | threshold 0.775 | val_model raw | lr 0.001000
Epoch 28/60 | train_loss 0.7652 | union_precision 1.0000 | weighted_recall 0.0776 | union_precision 1.0000 | threshold 0.775 | val_model raw | lr 0.001000
Epoch 29/60 | train_loss 0.7548 | union_precision 1.0000 | weighted_recall 0.0836 | union_precision 1.0000 | threshold 0.775 | val_model raw | lr 0.001000
Epoch 30/60 | train_loss 0.7329 | union_precision 1.0000 | weighted_recall 0.0836 | union_precision 1.0000 | threshold 0.750 | val_model raw | lr 0.001000
Epoch 31/60 | train_loss 0.7252 | union_precision 1.0000 | weighted_recall 0.0985 | union_precision 1.0000 | threshold 0.750 | val_model raw | lr 0.001000
Epoch 32/60 | train_loss 0.7110 | union_precision 0.8889 | weighted_recall 0.1074 | union_precision 0.8889 | threshold 0.725 | val_model raw | lr 0.001000
Epoch 33/60 | train_loss 0.7080 | union_precision 1.0000 | weighted_recall 0.1074 | union_precision 1.0000 | threshold 0.725 | val_model raw | lr 0.001000
Epoch 34/60 | train_loss 0.6989 | union_precision 1.0000 | weighted_recall 0.0895 | union_precision 1.0000 | threshold 0.750 | val_model raw | lr 0.001000
Epoch 35/60 | train_loss 0.6736 | union_precision 1.0000 | weighted_recall 0.0776 | union_precision 1.0000 | threshold 0.775 | val_model raw | lr 0.001000
Epoch 36/60 | train_loss 0.6786 | union_precision 1.0000 | weighted_recall 0.0776 | union_precision 1.0000 | threshold 0.775 | val_model raw | lr 0.001000
Epoch 37/60 | train_loss 0.6745 | union_precision 1.0000 | weighted_recall 0.0149 | union_precision 1.0000 | threshold 0.825 | val_model raw | lr 0.001000
Epoch 38/60 | train_loss 0.6465 | union_precision 1.0000 | weighted_recall 0.0149 | union_precision 1.0000 | threshold 0.825 | val_model raw | lr 0.001000
Epoch 39/60 | train_loss 0.6460 | union_precision 1.0000 | weighted_recall 0.0149 | union_precision 1.0000 | threshold 0.825 | val_model raw | lr 0.001000
Epoch 40/60 | train_loss 0.6322 | union_precision 1.0000 | weighted_recall 0.0149 | union_precision 1.0000 | threshold 0.850 | val_model raw | lr 0.001000
Epoch 41/60 | train_loss 0.6378 | union_precision 1.0000 | weighted_recall 0.0149 | union_precision 1.0000 | threshold 0.850 | val_model raw | lr 0.001000
Epoch 42/60 | train_loss 0.6190 | union_precision 1.0000 | weighted_recall 0.0149 | union_precision 1.0000 | threshold 0.850 | val_model raw | lr 0.001000
Epoch 43/60 | train_loss 0.6250 | union_precision 1.0000 | weighted_recall 0.0149 | union_precision 1.0000 | threshold 0.850 | val_model raw | lr 0.001000
Early stopping at epoch 43
Held-out M56-1 | union_precision=1.0000 | weighted_recall=0.1074 | consensus_recall=1.0000
Epoch 1/60 | train_loss 1.5382 | union_precision 0.4118 | weighted_recall 0.1160 | union_precision 0.4118 | threshold 0.050 | val_model raw | lr 0.001000
Epoch 2/60 | train_loss 1.4043 | union_precision 0.3226 | weighted_recall 0.1870 | union_precision 0.3226 | threshold 0.050 | val_model raw | lr 0.001000
Epoch 3/60 | train_loss 1.3195 | union_precision 0.2812 | weighted_recall 0.1841 | union_precision 0.2812 | threshold 0.050 | val_model raw | lr 0.001000
Epoch 4/60 | train_loss 1.2473 | union_precision 0.3030 | weighted_recall 0.1975 | union_precision 0.3030 | threshold 0.050 | val_model raw | lr 0.001000
Epoch 5/60 | train_loss 1.2080 | union_precision 0.3333 | weighted_recall 0.1955 | union_precision 0.3333 | threshold 0.475 | val_model raw | lr 0.001000
Epoch 6/60 | train_loss 1.1649 | union_precision 0.3333 | weighted_recall 0.1955 | union_precision 0.3333 | threshold 0.475 | val_model raw | lr 0.001000
Epoch 7/60 | train_loss 1.1319 | union_precision 0.3333 | weighted_recall 0.1955 | union_precision 0.3333 | threshold 0.475 | val_model raw | lr 0.001000
Epoch 8/60 | train_loss 1.1010 | union_precision 0.2812 | weighted_recall 0.0817 | union_precision 0.2812 | threshold 0.475 | val_model raw | lr 0.001000
Epoch 9/60 | train_loss 1.0856 | union_precision 0.2069 | weighted_recall 0.0594 | union_precision 0.2069 | threshold 0.500 | val_model raw | lr 0.001000
Epoch 10/60 | train_loss 1.0596 | union_precision 0.2000 | weighted_recall 0.0594 | union_precision 0.2000 | threshold 0.500 | val_model raw | lr 0.001000
Epoch 11/60 | train_loss 1.0408 | union_precision 0.2188 | weighted_recall 0.0639 | union_precision 0.2188 | threshold 0.500 | val_model raw | lr 0.001000
Early stopping at epoch 11
Held-out M56-2 | union_precision=0.4118 | weighted_recall=0.1160 | consensus_recall=0.0000
Epoch 1/60 | train_loss 1.5446 | union_precision 0.9375 | weighted_recall 0.0875 | union_precision 0.9375 | threshold 0.550 | val_model raw | lr 0.001000
Epoch 2/60 | train_loss 1.4145 | union_precision 0.9444 | weighted_recall 0.1193 | union_precision 0.9444 | threshold 0.550 | val_model raw | lr 0.001000
Epoch 3/60 | train_loss 1.3311 | union_precision 0.8824 | weighted_recall 0.1127 | union_precision 0.8824 | threshold 0.575 | val_model raw | lr 0.001000
Epoch 4/60 | train_loss 1.2518 | union_precision 0.8889 | weighted_recall 0.1144 | union_precision 0.8889 | threshold 0.600 | val_model raw | lr 0.001000
Epoch 5/60 | train_loss 1.2165 | union_precision 0.8750 | weighted_recall 0.0935 | union_precision 0.8750 | threshold 0.625 | val_model raw | lr 0.001000
Epoch 6/60 | train_loss 1.1750 | union_precision 0.8750 | weighted_recall 0.0927 | union_precision 0.8750 | threshold 0.650 | val_model raw | lr 0.001000
Epoch 7/60 | train_loss 1.1366 | union_precision 0.8750 | weighted_recall 0.0894 | union_precision 0.8750 | threshold 0.650 | val_model raw | lr 0.001000
Epoch 8/60 | train_loss 1.1072 | union_precision 0.8500 | weighted_recall 0.1299 | union_precision 0.8500 | threshold 0.650 | val_model raw | lr 0.001000
Epoch 9/60 | train_loss 1.0879 | union_precision 0.8750 | weighted_recall 0.0894 | union_precision 0.8750 | threshold 0.675 | val_model raw | lr 0.001000
Epoch 10/60 | train_loss 1.0633 | union_precision 0.8519 | weighted_recall 0.1652 | union_precision 0.8519 | threshold 0.650 | val_model raw | lr 0.001000
Epoch 11/60 | train_loss 1.0439 | union_precision 0.8636 | weighted_recall 0.1332 | union_precision 0.8636 | threshold 0.675 | val_model raw | lr 0.001000
Epoch 12/60 | train_loss 1.0209 | union_precision 0.8519 | weighted_recall 0.1652 | union_precision 0.8519 | threshold 0.675 | val_model raw | lr 0.001000
Epoch 13/60 | train_loss 0.9914 | union_precision 0.8696 | weighted_recall 0.1557 | union_precision 0.8696 | threshold 0.700 | val_model raw | lr 0.001000
Epoch 14/60 | train_loss 0.9709 | union_precision 0.8889 | weighted_recall 0.1822 | union_precision 0.8889 | threshold 0.700 | val_model raw | lr 0.001000
Epoch 15/60 | train_loss 0.9555 | union_precision 0.8929 | weighted_recall 0.1899 | union_precision 0.8929 | threshold 0.700 | val_model raw | lr 0.001000
Epoch 16/60 | train_loss 0.9344 | union_precision 0.8750 | weighted_recall 0.1606 | union_precision 0.8750 | threshold 0.725 | val_model raw | lr 0.001000
Epoch 17/60 | train_loss 0.9132 | union_precision 0.8571 | weighted_recall 0.0875 | union_precision 0.8571 | threshold 0.750 | val_model raw | lr 0.001000
Epoch 18/60 | train_loss 0.8938 | union_precision 1.0000 | weighted_recall 0.0177 | union_precision 1.0000 | threshold 0.850 | val_model raw | lr 0.001000
Epoch 19/60 | train_loss 0.8784 | union_precision 1.0000 | weighted_recall 0.0132 | union_precision 1.0000 | threshold 0.875 | val_model raw | lr 0.001000
Epoch 20/60 | train_loss 0.8641 | union_precision 1.0000 | weighted_recall 0.0177 | union_precision 1.0000 | threshold 0.850 | val_model raw | lr 0.001000
Epoch 21/60 | train_loss 0.8589 | union_precision 1.0000 | weighted_recall 0.0132 | union_precision 1.0000 | threshold 0.875 | val_model raw | lr 0.001000
Epoch 22/60 | train_loss 0.8215 | union_precision 1.0000 | weighted_recall 0.0177 | union_precision 1.0000 | threshold 0.850 | val_model raw | lr 0.001000
Epoch 23/60 | train_loss 0.8282 | union_precision 1.0000 | weighted_recall 0.0254 | union_precision 1.0000 | threshold 0.850 | val_model raw | lr 0.001000
Epoch 24/60 | train_loss 0.8156 | union_precision 1.0000 | weighted_recall 0.0254 | union_precision 1.0000 | threshold 0.850 | val_model raw | lr 0.001000
Epoch 25/60 | train_loss 0.8110 | union_precision 1.0000 | weighted_recall 0.0132 | union_precision 1.0000 | threshold 0.875 | val_model raw | lr 0.001000
Early stopping at epoch 25
Held-out M56-3 | union_precision=0.8929 | weighted_recall=0.1899 | consensus_recall=0.0000
Epoch 1/60 | train_loss 1.5354 | union_precision 0.7143 | weighted_recall 0.1190 | union_precision 0.7143 | threshold 0.550 | val_model raw | lr 0.001000
Epoch 2/60 | train_loss 1.4031 | union_precision 0.5000 | weighted_recall 0.1596 | union_precision 0.5000 | threshold 0.525 | val_model raw | lr 0.001000
Epoch 3/60 | train_loss 1.3263 | union_precision 0.4545 | weighted_recall 0.1493 | union_precision 0.4545 | threshold 0.550 | val_model raw | lr 0.001000
Epoch 4/60 | train_loss 1.2448 | union_precision 0.4615 | weighted_recall 0.1515 | union_precision 0.4615 | threshold 0.550 | val_model raw | lr 0.001000
Epoch 5/60 | train_loss 1.2141 | union_precision 0.4444 | weighted_recall 0.1086 | union_precision 0.4444 | threshold 0.575 | val_model raw | lr 0.001000
Epoch 6/60 | train_loss 1.1646 | union_precision 0.5000 | weighted_recall 0.1786 | union_precision 0.5000 | threshold 0.575 | val_model raw | lr 0.001000
Epoch 7/60 | train_loss 1.1357 | union_precision 0.5000 | weighted_recall 0.1064 | union_precision 0.5000 | threshold 0.600 | val_model raw | lr 0.001000
Epoch 8/60 | train_loss 1.1075 | union_precision 0.5714 | weighted_recall 0.1064 | union_precision 0.5714 | threshold 0.625 | val_model raw | lr 0.001000
Epoch 9/60 | train_loss 1.0872 | union_precision 1.0000 | weighted_recall 0.1064 | union_precision 1.0000 | threshold 0.650 | val_model raw | lr 0.001000
Epoch 10/60 | train_loss 1.0563 | union_precision 1.0000 | weighted_recall 0.0093 | union_precision 1.0000 | threshold 0.675 | val_model raw | lr 0.001000
Epoch 11/60 | train_loss 1.0393 | union_precision 0.5714 | weighted_recall 0.1064 | union_precision 0.5714 | threshold 0.675 | val_model raw | lr 0.001000
Epoch 12/60 | train_loss 1.0139 | union_precision 0.6000 | weighted_recall 0.0725 | union_precision 0.6000 | threshold 0.700 | val_model raw | lr 0.001000
Epoch 13/60 | train_loss 0.9882 | union_precision 0.5714 | weighted_recall 0.1064 | union_precision 0.5714 | threshold 0.700 | val_model raw | lr 0.001000
Epoch 14/60 | train_loss 0.9691 | union_precision 0.5556 | weighted_recall 0.1267 | union_precision 0.5556 | threshold 0.650 | val_model raw | lr 0.001000
Epoch 15/60 | train_loss 0.9487 | union_precision 0.6000 | weighted_recall 0.1673 | union_precision 0.6000 | threshold 0.650 | val_model raw | lr 0.001000
Epoch 16/60 | train_loss 0.9251 | union_precision 0.5833 | weighted_recall 0.2012 | union_precision 0.5833 | threshold 0.650 | val_model raw | lr 0.001000
Epoch 17/60 | train_loss 0.9049 | union_precision 0.5556 | weighted_recall 0.1403 | union_precision 0.5556 | threshold 0.675 | val_model raw | lr 0.001000
Epoch 18/60 | train_loss 0.8918 | union_precision 0.6364 | weighted_recall 0.2012 | union_precision 0.6364 | threshold 0.675 | val_model raw | lr 0.001000
Epoch 19/60 | train_loss 0.8767 | union_precision 0.5833 | weighted_recall 0.2012 | union_precision 0.5833 | threshold 0.675 | val_model raw | lr 0.001000
Early stopping at epoch 19
Held-out M59-1 | union_precision=1.0000 | weighted_recall=0.1064 | consensus_recall=0.0000
Epoch 1/60 | train_loss 1.5358 | union_precision 1.0000 | weighted_recall 0.0150 | union_precision 1.0000 | threshold 0.550 | val_model raw | lr 0.001000
Epoch 2/60 | train_loss 1.4018 | union_precision 1.0000 | weighted_recall 0.0171 | union_precision 1.0000 | threshold 0.550 | val_model raw | lr 0.001000
Epoch 3/60 | train_loss 1.3224 | union_precision 0.6842 | weighted_recall 0.2127 | union_precision 0.6842 | threshold 0.525 | val_model raw | lr 0.001000
Epoch 4/60 | train_loss 1.2464 | union_precision 0.7500 | weighted_recall 0.2481 | union_precision 0.7500 | threshold 0.525 | val_model raw | lr 0.001000
Epoch 5/60 | train_loss 1.2080 | union_precision 1.0000 | weighted_recall 0.0278 | union_precision 1.0000 | threshold 0.625 | val_model raw | lr 0.001000
Epoch 6/60 | train_loss 1.1661 | union_precision 1.0000 | weighted_recall 0.0278 | union_precision 1.0000 | threshold 0.650 | val_model raw | lr 0.001000
Epoch 7/60 | train_loss 1.1352 | union_precision 1.0000 | weighted_recall 0.0278 | union_precision 1.0000 | threshold 0.650 | val_model raw | lr 0.001000
Epoch 8/60 | train_loss 1.1024 | union_precision 1.0000 | weighted_recall 0.0364 | union_precision 1.0000 | threshold 0.650 | val_model raw | lr 0.001000
Epoch 9/60 | train_loss 1.0871 | union_precision 1.0000 | weighted_recall 0.0364 | union_precision 1.0000 | threshold 0.650 | val_model raw | lr 0.001000
Epoch 10/60 | train_loss 1.0573 | union_precision 0.8571 | weighted_recall 0.0385 | union_precision 0.8571 | threshold 0.650 | val_model raw | lr 0.001000
Epoch 11/60 | train_loss 1.0440 | union_precision 0.8571 | weighted_recall 0.0385 | union_precision 0.8571 | threshold 0.650 | val_model raw | lr 0.001000
Epoch 12/60 | train_loss 1.0162 | union_precision 0.8571 | weighted_recall 0.1230 | union_precision 0.8571 | threshold 0.600 | val_model raw | lr 0.001000
Epoch 13/60 | train_loss 0.9926 | union_precision 0.8750 | weighted_recall 0.1584 | union_precision 0.8750 | threshold 0.600 | val_model raw | lr 0.001000
Epoch 14/60 | train_loss 0.9712 | union_precision 0.9091 | weighted_recall 0.0896 | union_precision 0.9091 | threshold 0.625 | val_model raw | lr 0.001000
Epoch 15/60 | train_loss 0.9537 | union_precision 0.9167 | weighted_recall 0.0929 | union_precision 0.9167 | threshold 0.625 | val_model raw | lr 0.001000
Epoch 16/60 | train_loss 0.9297 | union_precision 0.9231 | weighted_recall 0.1241 | union_precision 0.9231 | threshold 0.625 | val_model raw | lr 0.001000
Epoch 17/60 | train_loss 0.9116 | union_precision 0.9231 | weighted_recall 0.1241 | union_precision 0.9231 | threshold 0.625 | val_model raw | lr 0.001000
Epoch 18/60 | train_loss 0.8984 | union_precision 1.0000 | weighted_recall 0.2310 | union_precision 1.0000 | threshold 0.625 | val_model raw | lr 0.001000
Epoch 19/60 | train_loss 0.8827 | union_precision 0.8750 | weighted_recall 0.2310 | union_precision 0.8750 | threshold 0.625 | val_model raw | lr 0.001000
Epoch 20/60 | train_loss 0.8736 | union_precision 0.9286 | weighted_recall 0.1989 | union_precision 0.9286 | threshold 0.650 | val_model raw | lr 0.001000
Epoch 21/60 | train_loss 0.8550 | union_precision 1.0000 | weighted_recall 0.1989 | union_precision 1.0000 | threshold 0.675 | val_model raw | lr 0.001000
Epoch 22/60 | train_loss 0.8305 | union_precision 0.9231 | weighted_recall 0.1968 | union_precision 0.9231 | threshold 0.675 | val_model raw | lr 0.001000
Epoch 23/60 | train_loss 0.8308 | union_precision 1.0000 | weighted_recall 0.1634 | union_precision 1.0000 | threshold 0.700 | val_model raw | lr 0.001000
Epoch 24/60 | train_loss 0.8196 | union_precision 0.9000 | weighted_recall 0.1612 | union_precision 0.9000 | threshold 0.725 | val_model raw | lr 0.001000
Epoch 25/60 | train_loss 0.8078 | union_precision 0.9000 | weighted_recall 0.1612 | union_precision 0.9000 | threshold 0.725 | val_model raw | lr 0.001000
Epoch 26/60 | train_loss 0.7940 | union_precision 0.9000 | weighted_recall 0.1612 | union_precision 0.9000 | threshold 0.725 | val_model raw | lr 0.001000
Epoch 27/60 | train_loss 0.7759 | union_precision 0.8889 | weighted_recall 0.1591 | union_precision 0.8889 | threshold 0.750 | val_model raw | lr 0.001000
Epoch 28/60 | train_loss 0.7720 | union_precision 0.8889 | weighted_recall 0.1591 | union_precision 0.8889 | threshold 0.750 | val_model raw | lr 0.001000
Early stopping at epoch 28
Held-out M59-2 | union_precision=1.0000 | weighted_recall=0.2310 | consensus_recall=0.0000
Epoch 1/60 | train_loss 1.5355 | union_precision 1.0000 | weighted_recall 0.0030 | union_precision 1.0000 | threshold 0.575 | val_model raw | lr 0.001000
Epoch 2/60 | train_loss 1.4028 | union_precision 1.0000 | weighted_recall 0.0030 | union_precision 1.0000 | threshold 0.575 | val_model raw | lr 0.001000
Epoch 3/60 | train_loss 1.3227 | union_precision 1.0000 | weighted_recall 0.0784 | union_precision 1.0000 | threshold 0.575 | val_model raw | lr 0.001000
Epoch 4/60 | train_loss 1.2501 | union_precision 1.0000 | weighted_recall 0.0784 | union_precision 1.0000 | threshold 0.600 | val_model raw | lr 0.001000
Epoch 5/60 | train_loss 1.2135 | union_precision 1.0000 | weighted_recall 0.0784 | union_precision 1.0000 | threshold 0.625 | val_model raw | lr 0.001000
Epoch 6/60 | train_loss 1.1732 | union_precision 1.0000 | weighted_recall 0.0784 | union_precision 1.0000 | threshold 0.650 | val_model raw | lr 0.001000
Epoch 7/60 | train_loss 1.1415 | union_precision 1.0000 | weighted_recall 0.0784 | union_precision 1.0000 | threshold 0.650 | val_model raw | lr 0.001000
Epoch 8/60 | train_loss 1.1086 | union_precision 1.0000 | weighted_recall 0.0784 | union_precision 1.0000 | threshold 0.675 | val_model raw | lr 0.001000
Epoch 9/60 | train_loss 1.0938 | union_precision 1.0000 | weighted_recall 0.0784 | union_precision 1.0000 | threshold 0.675 | val_model raw | lr 0.001000
Epoch 10/60 | train_loss 1.0613 | union_precision 1.0000 | weighted_recall 0.0784 | union_precision 1.0000 | threshold 0.675 | val_model raw | lr 0.001000
Epoch 11/60 | train_loss 1.0492 | union_precision 1.0000 | weighted_recall 0.0784 | union_precision 1.0000 | threshold 0.700 | val_model raw | lr 0.001000
Epoch 12/60 | train_loss 1.0251 | union_precision 1.0000 | weighted_recall 0.0784 | union_precision 1.0000 | threshold 0.725 | val_model raw | lr 0.001000
Epoch 13/60 | train_loss 0.9986 | union_precision 1.0000 | weighted_recall 0.0784 | union_precision 1.0000 | threshold 0.725 | val_model raw | lr 0.001000
Early stopping at epoch 13
Held-out M59-3 | union_precision=1.0000 | weighted_recall=0.0784 | consensus_recall=0.5000
Epoch 1/60 | train_loss 1.5338 | union_precision 0.7500 | weighted_recall 0.0875 | union_precision 0.7500 | threshold 0.525 | val_model raw | lr 0.001000
Epoch 2/60 | train_loss 1.3906 | union_precision 0.7500 | weighted_recall 0.0875 | union_precision 0.7500 | threshold 0.550 | val_model raw | lr 0.001000
Epoch 3/60 | train_loss 1.3137 | union_precision 0.6667 | weighted_recall 0.0875 | union_precision 0.6667 | threshold 0.550 | val_model raw | lr 0.001000
Epoch 4/60 | train_loss 1.2441 | union_precision 0.6667 | weighted_recall 0.0494 | union_precision 0.6667 | threshold 0.625 | val_model raw | lr 0.001000
Epoch 5/60 | train_loss 1.2050 | union_precision 0.5500 | weighted_recall 0.1023 | union_precision 0.5500 | threshold 0.525 | val_model raw | lr 0.001000
Epoch 6/60 | train_loss 1.1681 | union_precision 0.5455 | weighted_recall 0.1087 | union_precision 0.5455 | threshold 0.525 | val_model raw | lr 0.001000
Epoch 7/60 | train_loss 1.1307 | union_precision 0.5500 | weighted_recall 0.1023 | union_precision 0.5500 | threshold 0.550 | val_model raw | lr 0.001000
Epoch 8/60 | train_loss 1.1030 | union_precision 0.6098 | weighted_recall 0.2880 | union_precision 0.6098 | threshold 0.450 | val_model raw | lr 0.001000
Epoch 9/60 | train_loss 1.0880 | union_precision 0.6098 | weighted_recall 0.2880 | union_precision 0.6098 | threshold 0.450 | val_model raw | lr 0.001000
Epoch 10/60 | train_loss 1.0552 | union_precision 0.6111 | weighted_recall 0.2608 | union_precision 0.6111 | threshold 0.500 | val_model raw | lr 0.001000
Epoch 11/60 | train_loss 1.0432 | union_precision 0.6000 | weighted_recall 0.2449 | union_precision 0.6000 | threshold 0.450 | val_model raw | lr 0.001000
Early stopping at epoch 11
Held-out M63-1 | union_precision=0.7500 | weighted_recall=0.0875 | consensus_recall=0.0000
Epoch 1/60 | train_loss 1.5324 | union_precision 1.0000 | weighted_recall 0.0712 | union_precision 1.0000 | threshold 0.600 | val_model raw | lr 0.001000
Epoch 2/60 | train_loss 1.3929 | union_precision 1.0000 | weighted_recall 0.1197 | union_precision 1.0000 | threshold 0.575 | val_model raw | lr 0.001000
Epoch 3/60 | train_loss 1.3139 | union_precision 1.0000 | weighted_recall 0.1197 | union_precision 1.0000 | threshold 0.600 | val_model raw | lr 0.001000
Epoch 4/60 | train_loss 1.2460 | union_precision 1.0000 | weighted_recall 0.1247 | union_precision 1.0000 | threshold 0.600 | val_model raw | lr 0.001000
Epoch 5/60 | train_loss 1.2124 | union_precision 1.0000 | weighted_recall 0.0712 | union_precision 1.0000 | threshold 0.625 | val_model raw | lr 0.001000
Epoch 6/60 | train_loss 1.1718 | union_precision 0.8750 | weighted_recall 0.2380 | union_precision 0.8750 | threshold 0.600 | val_model raw | lr 0.001000
Epoch 7/60 | train_loss 1.1355 | union_precision 1.0000 | weighted_recall 0.2070 | union_precision 1.0000 | threshold 0.625 | val_model raw | lr 0.001000
Epoch 8/60 | train_loss 1.1069 | union_precision 0.8571 | weighted_recall 0.2121 | union_precision 0.8571 | threshold 0.625 | val_model raw | lr 0.001000
Epoch 9/60 | train_loss 1.0922 | union_precision 1.0000 | weighted_recall 0.1197 | union_precision 1.0000 | threshold 0.650 | val_model raw | lr 0.001000
Epoch 10/60 | train_loss 1.0622 | union_precision 1.0000 | weighted_recall 0.0712 | union_precision 1.0000 | threshold 0.675 | val_model raw | lr 0.001000
Epoch 11/60 | train_loss 1.0463 | union_precision 0.8889 | weighted_recall 0.2727 | union_precision 0.8889 | threshold 0.650 | val_model raw | lr 0.001000
Epoch 12/60 | train_loss 1.0246 | union_precision 1.0000 | weighted_recall 0.0712 | union_precision 1.0000 | threshold 0.700 | val_model raw | lr 0.001000
Epoch 13/60 | train_loss 0.9985 | union_precision 1.0000 | weighted_recall 0.1197 | union_precision 1.0000 | threshold 0.700 | val_model raw | lr 0.001000
Epoch 14/60 | train_loss 0.9776 | union_precision 1.0000 | weighted_recall 0.0712 | union_precision 1.0000 | threshold 0.725 | val_model raw | lr 0.001000
Epoch 15/60 | train_loss 0.9579 | union_precision 1.0000 | weighted_recall 0.0712 | union_precision 1.0000 | threshold 0.750 | val_model raw | lr 0.001000
Epoch 16/60 | train_loss 0.9326 | union_precision 1.0000 | weighted_recall 0.1197 | union_precision 1.0000 | threshold 0.750 | val_model raw | lr 0.001000
Epoch 17/60 | train_loss 0.9203 | union_precision 1.0000 | weighted_recall 0.1601 | union_precision 1.0000 | threshold 0.750 | val_model raw | lr 0.001000
Epoch 18/60 | train_loss 0.9016 | union_precision 1.0000 | weighted_recall 0.1601 | union_precision 1.0000 | threshold 0.775 | val_model raw | lr 0.001000
Epoch 19/60 | train_loss 0.8804 | union_precision 1.0000 | weighted_recall 0.1601 | union_precision 1.0000 | threshold 0.775 | val_model raw | lr 0.001000
Epoch 20/60 | train_loss 0.8691 | union_precision 1.0000 | weighted_recall 0.1116 | union_precision 1.0000 | threshold 0.800 | val_model raw | lr 0.001000
Epoch 21/60 | train_loss 0.8550 | union_precision 1.0000 | weighted_recall 0.1601 | union_precision 1.0000 | threshold 0.800 | val_model raw | lr 0.001000
Early stopping at epoch 21
Held-out M63-3 | union_precision=0.8889 | weighted_recall=0.2727 | consensus_recall=0.0000
Epoch 1/60 | train_loss 1.5310 | union_precision 0.8000 | weighted_recall 0.1312 | union_precision 0.8000 | threshold 0.550 | val_model raw | lr 0.001000
Epoch 2/60 | train_loss 1.3917 | union_precision 0.8333 | weighted_recall 0.1378 | union_precision 0.8333 | threshold 0.525 | val_model raw | lr 0.001000
Epoch 3/60 | train_loss 1.3165 | union_precision 0.9091 | weighted_recall 0.3918 | union_precision 0.9091 | threshold 0.525 | val_model raw | lr 0.001000
Epoch 4/60 | train_loss 1.2476 | union_precision 0.8571 | weighted_recall 0.5117 | union_precision 0.8571 | threshold 0.500 | val_model raw | lr 0.001000
Epoch 5/60 | train_loss 1.2149 | union_precision 0.9091 | weighted_recall 0.3918 | union_precision 0.9091 | threshold 0.550 | val_model raw | lr 0.001000
Epoch 6/60 | train_loss 1.1726 | union_precision 0.8571 | weighted_recall 0.4850 | union_precision 0.8571 | threshold 0.525 | val_model raw | lr 0.001000
Epoch 7/60 | train_loss 1.1373 | union_precision 0.8000 | weighted_recall 0.2515 | union_precision 0.8000 | threshold 0.600 | val_model raw | lr 0.001000
Epoch 8/60 | train_loss 1.1085 | union_precision 0.8571 | weighted_recall 0.3028 | union_precision 0.8571 | threshold 0.600 | val_model raw | lr 0.001000
Epoch 9/60 | train_loss 1.0931 | union_precision 0.8571 | weighted_recall 0.3028 | union_precision 0.8571 | threshold 0.600 | val_model raw | lr 0.001000
Epoch 10/60 | train_loss 1.0641 | union_precision 0.8571 | weighted_recall 0.3028 | union_precision 0.8571 | threshold 0.625 | val_model raw | lr 0.001000
Epoch 11/60 | train_loss 1.0472 | union_precision 0.8571 | weighted_recall 0.3028 | union_precision 0.8571 | threshold 0.625 | val_model raw | lr 0.001000
Epoch 12/60 | train_loss 1.0258 | union_precision 0.9000 | weighted_recall 0.3830 | union_precision 0.9000 | threshold 0.625 | val_model raw | lr 0.001000
Epoch 13/60 | train_loss 0.9989 | union_precision 0.8667 | weighted_recall 0.5430 | union_precision 0.8667 | threshold 0.575 | val_model raw | lr 0.001000
Epoch 14/60 | train_loss 0.9757 | union_precision 0.9231 | weighted_recall 0.5050 | union_precision 0.9231 | threshold 0.575 | val_model raw | lr 0.001000
Epoch 15/60 | train_loss 0.9583 | union_precision 0.9167 | weighted_recall 0.4649 | union_precision 0.9167 | threshold 0.600 | val_model raw | lr 0.001000
Epoch 16/60 | train_loss 0.9315 | union_precision 1.0000 | weighted_recall 0.4649 | union_precision 1.0000 | threshold 0.600 | val_model raw | lr 0.001000
Epoch 17/60 | train_loss 0.9213 | union_precision 0.9167 | weighted_recall 0.4649 | union_precision 0.9167 | threshold 0.600 | val_model raw | lr 0.001000
Epoch 18/60 | train_loss 0.9006 | union_precision 0.9167 | weighted_recall 0.4649 | union_precision 0.9167 | threshold 0.600 | val_model raw | lr 0.001000
Epoch 19/60 | train_loss 0.8813 | union_precision 0.9167 | weighted_recall 0.4649 | union_precision 0.9167 | threshold 0.600 | val_model raw | lr 0.001000
Epoch 20/60 | train_loss 0.8695 | union_precision 0.9167 | weighted_recall 0.4649 | union_precision 0.9167 | threshold 0.600 | val_model raw | lr 0.001000
Epoch 21/60 | train_loss 0.8564 | union_precision 0.9167 | weighted_recall 0.4649 | union_precision 0.9167 | threshold 0.600 | val_model raw | lr 0.001000
Epoch 22/60 | train_loss 0.8369 | union_precision 0.9167 | weighted_recall 0.4649 | union_precision 0.9167 | threshold 0.600 | val_model raw | lr 0.001000
Epoch 23/60 | train_loss 0.8279 | union_precision 0.9000 | weighted_recall 0.2715 | union_precision 0.9000 | threshold 0.650 | val_model raw | lr 0.001000
Early stopping at epoch 23
Held-out M67-1 | union_precision=0.8667 | weighted_recall=0.5430 | consensus_recall=0.0000
Epoch 1/60 | train_loss 1.5323 | union_precision 0.3103 | weighted_recall 0.2417 | union_precision 0.3103 | threshold 0.450 | val_model raw | lr 0.001000
Epoch 2/60 | train_loss 1.3896 | union_precision 0.3750 | weighted_recall 0.2812 | union_precision 0.3750 | threshold 0.050 | val_model raw | lr 0.001000
Epoch 3/60 | train_loss 1.3150 | union_precision 0.4286 | weighted_recall 0.0891 | union_precision 0.4286 | threshold 0.550 | val_model raw | lr 0.001000
Epoch 4/60 | train_loss 1.2458 | union_precision 0.5000 | weighted_recall 0.0770 | union_precision 0.5000 | threshold 0.575 | val_model raw | lr 0.001000
Epoch 5/60 | train_loss 1.2118 | union_precision 0.5333 | weighted_recall 0.1911 | union_precision 0.5333 | threshold 0.550 | val_model raw | lr 0.001000
Epoch 6/60 | train_loss 1.1719 | union_precision 0.5714 | weighted_recall 0.1252 | union_precision 0.5714 | threshold 0.575 | val_model raw | lr 0.001000
Epoch 7/60 | train_loss 1.1357 | union_precision 0.6250 | weighted_recall 0.1329 | union_precision 0.6250 | threshold 0.575 | val_model raw | lr 0.001000
Epoch 8/60 | train_loss 1.1076 | union_precision 0.7143 | weighted_recall 0.1286 | union_precision 0.7143 | threshold 0.575 | val_model raw | lr 0.001000
Epoch 9/60 | train_loss 1.0901 | union_precision 0.7143 | weighted_recall 0.1286 | union_precision 0.7143 | threshold 0.575 | val_model raw | lr 0.001000
Epoch 10/60 | train_loss 1.0626 | union_precision 0.7143 | weighted_recall 0.1286 | union_precision 0.7143 | threshold 0.575 | val_model raw | lr 0.001000
Epoch 11/60 | train_loss 1.0463 | union_precision 0.7500 | weighted_recall 0.1647 | union_precision 0.7500 | threshold 0.575 | val_model raw | lr 0.001000
Epoch 12/60 | train_loss 1.0236 | union_precision 0.7500 | weighted_recall 0.1647 | union_precision 0.7500 | threshold 0.600 | val_model raw | lr 0.001000
Epoch 13/60 | train_loss 0.9985 | union_precision 0.7500 | weighted_recall 0.1647 | union_precision 0.7500 | threshold 0.600 | val_model raw | lr 0.001000
Epoch 14/60 | train_loss 0.9728 | union_precision 0.7500 | weighted_recall 0.1647 | union_precision 0.7500 | threshold 0.600 | val_model raw | lr 0.001000
Epoch 15/60 | train_loss 0.9570 | union_precision 0.7857 | weighted_recall 0.2152 | union_precision 0.7857 | threshold 0.575 | val_model raw | lr 0.001000
Epoch 16/60 | train_loss 0.9339 | union_precision 0.8571 | weighted_recall 0.2229 | union_precision 0.8571 | threshold 0.575 | val_model raw | lr 0.001000
Epoch 17/60 | train_loss 0.9195 | union_precision 0.8571 | weighted_recall 0.2229 | union_precision 0.8571 | threshold 0.575 | val_model raw | lr 0.001000
Epoch 18/60 | train_loss 0.8995 | union_precision 0.8571 | weighted_recall 0.2229 | union_precision 0.8571 | threshold 0.575 | val_model raw | lr 0.001000
Epoch 19/60 | train_loss 0.8832 | union_precision 0.9091 | weighted_recall 0.1998 | union_precision 0.9091 | threshold 0.625 | val_model raw | lr 0.001000
Epoch 20/60 | train_loss 0.8715 | union_precision 0.9231 | weighted_recall 0.2229 | union_precision 0.9231 | threshold 0.600 | val_model raw | lr 0.001000
Epoch 21/60 | train_loss 0.8571 | union_precision 0.9231 | weighted_recall 0.2229 | union_precision 0.9231 | threshold 0.600 | val_model raw | lr 0.001000
Epoch 22/60 | train_loss 0.8397 | union_precision 0.8571 | weighted_recall 0.2229 | union_precision 0.8571 | threshold 0.600 | val_model raw | lr 0.001000
Epoch 23/60 | train_loss 0.8277 | union_precision 0.9231 | weighted_recall 0.2229 | union_precision 0.9231 | threshold 0.625 | val_model raw | lr 0.001000
Epoch 24/60 | train_loss 0.8197 | union_precision 0.8571 | weighted_recall 0.2229 | union_precision 0.8571 | threshold 0.600 | val_model raw | lr 0.001000
Epoch 25/60 | train_loss 0.8143 | union_precision 0.8667 | weighted_recall 0.2383 | union_precision 0.8667 | threshold 0.600 | val_model raw | lr 0.001000
Epoch 26/60 | train_loss 0.7949 | union_precision 0.8571 | weighted_recall 0.2229 | union_precision 0.8571 | threshold 0.600 | val_model raw | lr 0.001000
Epoch 27/60 | train_loss 0.7728 | union_precision 0.8667 | weighted_recall 0.2383 | union_precision 0.8667 | threshold 0.575 | val_model raw | lr 0.001000
Epoch 28/60 | train_loss 0.7685 | union_precision 0.8667 | weighted_recall 0.2383 | union_precision 0.8667 | threshold 0.575 | val_model raw | lr 0.001000
Epoch 29/60 | train_loss 0.7502 | union_precision 0.8667 | weighted_recall 0.2383 | union_precision 0.8667 | threshold 0.575 | val_model raw | lr 0.001000
Epoch 30/60 | train_loss 0.7403 | union_precision 0.8750 | weighted_recall 0.1724 | union_precision 0.8750 | threshold 0.650 | val_model raw | lr 0.001000
Epoch 31/60 | train_loss 0.7382 | union_precision 0.8750 | weighted_recall 0.1724 | union_precision 0.8750 | threshold 0.650 | val_model raw | lr 0.001000
Epoch 32/60 | train_loss 0.7307 | union_precision 0.8571 | weighted_recall 0.1647 | union_precision 0.8571 | threshold 0.725 | val_model raw | lr 0.001000
Epoch 33/60 | train_loss 0.7084 | union_precision 1.0000 | weighted_recall 0.1131 | union_precision 1.0000 | threshold 0.900 | val_model raw | lr 0.001000
Epoch 34/60 | train_loss 0.7006 | union_precision 1.0000 | weighted_recall 0.1131 | union_precision 1.0000 | threshold 0.900 | val_model raw | lr 0.001000
Epoch 35/60 | train_loss 0.6773 | union_precision 1.0000 | weighted_recall 0.1131 | union_precision 1.0000 | threshold 0.900 | val_model raw | lr 0.001000
Early stopping at epoch 35
Held-out M67-2 | union_precision=0.8667 | weighted_recall=0.2383 | consensus_recall=0.0000
Epoch 1/60 | train_loss 1.5318 | union_precision 1.0000 | weighted_recall 0.0815 | union_precision 1.0000 | threshold 0.600 | val_model raw | lr 0.001000
Epoch 2/60 | train_loss 1.3933 | union_precision 1.0000 | weighted_recall 0.0815 | union_precision 1.0000 | threshold 0.600 | val_model raw | lr 0.001000
Epoch 3/60 | train_loss 1.3164 | union_precision 1.0000 | weighted_recall 0.0815 | union_precision 1.0000 | threshold 0.650 | val_model raw | lr 0.001000
Epoch 4/60 | train_loss 1.2487 | union_precision 1.0000 | weighted_recall 0.0815 | union_precision 1.0000 | threshold 0.675 | val_model raw | lr 0.001000
Epoch 5/60 | train_loss 1.2136 | union_precision 1.0000 | weighted_recall 0.0815 | union_precision 1.0000 | threshold 0.675 | val_model raw | lr 0.001000
Epoch 6/60 | train_loss 1.1731 | union_precision 1.0000 | weighted_recall 0.0815 | union_precision 1.0000 | threshold 0.675 | val_model raw | lr 0.001000
Epoch 7/60 | train_loss 1.1374 | union_precision 1.0000 | weighted_recall 0.0815 | union_precision 1.0000 | threshold 0.700 | val_model raw | lr 0.001000
Epoch 8/60 | train_loss 1.1102 | union_precision 1.0000 | weighted_recall 0.0815 | union_precision 1.0000 | threshold 0.700 | val_model raw | lr 0.001000
Epoch 9/60 | train_loss 1.0921 | union_precision 1.0000 | weighted_recall 0.1558 | union_precision 1.0000 | threshold 0.700 | val_model raw | lr 0.001000
Epoch 10/60 | train_loss 1.0644 | union_precision 1.0000 | weighted_recall 0.0136 | union_precision 1.0000 | threshold 0.725 | val_model raw | lr 0.001000
Epoch 11/60 | train_loss 1.0474 | union_precision 0.8000 | weighted_recall 0.2576 | union_precision 0.8000 | threshold 0.725 | val_model raw | lr 0.001000
Epoch 12/60 | train_loss 1.0263 | union_precision 1.0000 | weighted_recall 0.0879 | union_precision 1.0000 | threshold 0.750 | val_model raw | lr 0.001000
Epoch 13/60 | train_loss 1.0004 | union_precision 1.0000 | weighted_recall 0.0879 | union_precision 1.0000 | threshold 0.775 | val_model raw | lr 0.001000
Epoch 14/60 | train_loss 0.9748 | union_precision 0.8571 | weighted_recall 0.3599 | union_precision 0.8571 | threshold 0.750 | val_model raw | lr 0.001000
Epoch 15/60 | train_loss 0.9592 | union_precision 0.8571 | weighted_recall 0.3599 | union_precision 0.8571 | threshold 0.750 | val_model raw | lr 0.001000
Epoch 16/60 | train_loss 0.9361 | union_precision 0.8750 | weighted_recall 0.3667 | union_precision 0.8750 | threshold 0.725 | val_model raw | lr 0.001000
Epoch 17/60 | train_loss 0.9211 | union_precision 0.8571 | weighted_recall 0.3599 | union_precision 0.8571 | threshold 0.750 | val_model raw | lr 0.001000
Epoch 18/60 | train_loss 0.9016 | union_precision 0.8571 | weighted_recall 0.3599 | union_precision 0.8571 | threshold 0.775 | val_model raw | lr 0.001000
Epoch 19/60 | train_loss 0.8888 | union_precision 0.8750 | weighted_recall 0.4346 | union_precision 0.8750 | threshold 0.775 | val_model raw | lr 0.001000
Epoch 20/60 | train_loss 0.8760 | union_precision 0.8571 | weighted_recall 0.4278 | union_precision 0.8571 | threshold 0.800 | val_model raw | lr 0.001000
Epoch 21/60 | train_loss 0.8629 | union_precision 1.0000 | weighted_recall 0.3323 | union_precision 1.0000 | threshold 0.850 | val_model raw | lr 0.001000
Epoch 22/60 | train_loss 0.8440 | union_precision 1.0000 | weighted_recall 0.3323 | union_precision 1.0000 | threshold 0.850 | val_model raw | lr 0.001000
Epoch 23/60 | train_loss 0.8325 | union_precision 0.8571 | weighted_recall 0.3391 | union_precision 0.8571 | threshold 0.825 | val_model raw | lr 0.001000
Epoch 24/60 | train_loss 0.8230 | union_precision 1.0000 | weighted_recall 0.3323 | union_precision 1.0000 | threshold 0.850 | val_model raw | lr 0.001000
Epoch 25/60 | train_loss 0.8197 | union_precision 1.0000 | weighted_recall 0.3256 | union_precision 1.0000 | threshold 0.850 | val_model raw | lr 0.001000
Epoch 26/60 | train_loss 0.7966 | union_precision 1.0000 | weighted_recall 0.3256 | union_precision 1.0000 | threshold 0.850 | val_model raw | lr 0.001000
Epoch 27/60 | train_loss 0.7770 | union_precision 1.0000 | weighted_recall 0.3256 | union_precision 1.0000 | threshold 0.850 | val_model raw | lr 0.001000
Epoch 28/60 | train_loss 0.7731 | union_precision 1.0000 | weighted_recall 0.3256 | union_precision 1.0000 | threshold 0.850 | val_model raw | lr 0.001000
Epoch 29/60 | train_loss 0.7533 | union_precision 1.0000 | weighted_recall 0.3256 | union_precision 1.0000 | threshold 0.850 | val_model raw | lr 0.001000
Early stopping at epoch 29
Held-out M67-3 | union_precision=0.8750 | weighted_recall=0.4346 | consensus_recall=0.0000
Epoch 1/60 | train_loss 1.5323 | union_precision 0.6364 | weighted_recall 0.0785 | union_precision 0.6364 | threshold 0.550 | val_model raw | lr 0.001000
Epoch 2/60 | train_loss 1.3925 | union_precision 0.6667 | weighted_recall 0.0743 | union_precision 0.6667 | threshold 0.575 | val_model raw | lr 0.001000
Epoch 3/60 | train_loss 1.3167 | union_precision 0.7500 | weighted_recall 0.0585 | union_precision 0.7500 | threshold 0.600 | val_model raw | lr 0.001000
Epoch 4/60 | train_loss 1.2469 | union_precision 0.8571 | weighted_recall 0.0585 | union_precision 0.8571 | threshold 0.625 | val_model raw | lr 0.001000
Epoch 5/60 | train_loss 1.2134 | union_precision 0.8000 | weighted_recall 0.0411 | union_precision 0.8000 | threshold 0.650 | val_model raw | lr 0.001000
Epoch 6/60 | train_loss 1.1719 | union_precision 0.8333 | weighted_recall 0.0543 | union_precision 0.8333 | threshold 0.650 | val_model raw | lr 0.001000
Epoch 7/60 | train_loss 1.1348 | union_precision 1.0000 | weighted_recall 0.1245 | union_precision 1.0000 | threshold 0.650 | val_model raw | lr 0.001000
Epoch 8/60 | train_loss 1.1085 | union_precision 1.0000 | weighted_recall 0.2605 | union_precision 1.0000 | threshold 0.650 | val_model raw | lr 0.001000
Epoch 9/60 | train_loss 1.0897 | union_precision 1.0000 | weighted_recall 0.2605 | union_precision 1.0000 | threshold 0.650 | val_model raw | lr 0.001000
Epoch 10/60 | train_loss 1.0609 | union_precision 0.9167 | weighted_recall 0.2605 | union_precision 0.9167 | threshold 0.650 | val_model raw | lr 0.001000
Epoch 11/60 | train_loss 1.0428 | union_precision 0.8889 | weighted_recall 0.4974 | union_precision 0.8889 | threshold 0.650 | val_model raw | lr 0.001000
Epoch 12/60 | train_loss 1.0227 | union_precision 0.8696 | weighted_recall 0.5415 | union_precision 0.8696 | threshold 0.650 | val_model raw | lr 0.001000
Epoch 13/60 | train_loss 0.9969 | union_precision 0.8889 | weighted_recall 0.4974 | union_precision 0.8889 | threshold 0.675 | val_model raw | lr 0.001000
Epoch 14/60 | train_loss 0.9717 | union_precision 1.0000 | weighted_recall 0.3464 | union_precision 1.0000 | threshold 0.725 | val_model raw | lr 0.001000
Epoch 15/60 | train_loss 0.9544 | union_precision 0.9333 | weighted_recall 0.4298 | union_precision 0.9333 | threshold 0.700 | val_model raw | lr 0.001000
Epoch 16/60 | train_loss 0.9285 | union_precision 0.9167 | weighted_recall 0.3464 | union_precision 0.9167 | threshold 0.725 | val_model raw | lr 0.001000
Epoch 17/60 | train_loss 0.9178 | union_precision 0.8500 | weighted_recall 0.4463 | union_precision 0.8500 | threshold 0.700 | val_model raw | lr 0.001000
Epoch 18/60 | train_loss 0.8975 | union_precision 1.0000 | weighted_recall 0.3464 | union_precision 1.0000 | threshold 0.800 | val_model raw | lr 0.001000
Epoch 19/60 | train_loss 0.8815 | union_precision 1.0000 | weighted_recall 0.3464 | union_precision 1.0000 | threshold 0.825 | val_model raw | lr 0.001000
Epoch 20/60 | train_loss 0.8712 | union_precision 0.9167 | weighted_recall 0.3464 | union_precision 0.9167 | threshold 0.775 | val_model raw | lr 0.001000
Epoch 21/60 | train_loss 0.8569 | union_precision 0.9167 | weighted_recall 0.3464 | union_precision 0.9167 | threshold 0.775 | val_model raw | lr 0.001000
Epoch 22/60 | train_loss 0.8369 | union_precision 0.9167 | weighted_recall 0.3464 | union_precision 0.9167 | threshold 0.800 | val_model raw | lr 0.001000
Early stopping at epoch 22
Held-out M67-4 | union_precision=0.8696 | weighted_recall=0.5415 | consensus_recall=0.0000
Epoch 1/60 | train_loss 1.5302 | union_precision 0.5000 | weighted_recall 0.0437 | union_precision 0.5000 | threshold 0.550 | val_model raw | lr 0.001000
Epoch 2/60 | train_loss 1.3890 | union_precision 0.5714 | weighted_recall 0.0437 | union_precision 0.5714 | threshold 0.550 | val_model raw | lr 0.001000
Epoch 3/60 | train_loss 1.3132 | union_precision 0.5000 | weighted_recall 0.0437 | union_precision 0.5000 | threshold 0.525 | val_model raw | lr 0.001000
Epoch 4/60 | train_loss 1.2421 | union_precision 1.0000 | weighted_recall 0.0357 | union_precision 1.0000 | threshold 0.650 | val_model raw | lr 0.001000
Epoch 5/60 | train_loss 1.2133 | union_precision 1.0000 | weighted_recall 0.0357 | union_precision 1.0000 | threshold 0.650 | val_model raw | lr 0.001000
Epoch 6/60 | train_loss 1.1699 | union_precision 1.0000 | weighted_recall 0.0357 | union_precision 1.0000 | threshold 0.650 | val_model raw | lr 0.001000
Epoch 7/60 | train_loss 1.1296 | union_precision 1.0000 | weighted_recall 0.0357 | union_precision 1.0000 | threshold 0.650 | val_model raw | lr 0.001000
Epoch 8/60 | train_loss 1.1077 | union_precision 1.0000 | weighted_recall 0.0357 | union_precision 1.0000 | threshold 0.650 | val_model raw | lr 0.001000
Epoch 9/60 | train_loss 1.0854 | union_precision 1.0000 | weighted_recall 0.0357 | union_precision 1.0000 | threshold 0.650 | val_model raw | lr 0.001000
Epoch 10/60 | train_loss 1.0600 | union_precision 1.0000 | weighted_recall 0.0635 | union_precision 1.0000 | threshold 0.650 | val_model raw | lr 0.001000
Epoch 11/60 | train_loss 1.0439 | union_precision 1.0000 | weighted_recall 0.0357 | union_precision 1.0000 | threshold 0.675 | val_model raw | lr 0.001000
Epoch 12/60 | train_loss 1.0238 | union_precision 1.0000 | weighted_recall 0.0635 | union_precision 1.0000 | threshold 0.675 | val_model raw | lr 0.001000
Epoch 13/60 | train_loss 0.9963 | union_precision 1.0000 | weighted_recall 0.0635 | union_precision 1.0000 | threshold 0.700 | val_model raw | lr 0.001000
Epoch 14/60 | train_loss 0.9705 | union_precision 1.0000 | weighted_recall 0.0635 | union_precision 1.0000 | threshold 0.700 | val_model raw | lr 0.001000
Epoch 15/60 | train_loss 0.9581 | union_precision 1.0000 | weighted_recall 0.0635 | union_precision 1.0000 | threshold 0.700 | val_model raw | lr 0.001000
Epoch 16/60 | train_loss 0.9326 | union_precision 0.8571 | weighted_recall 0.1347 | union_precision 0.8571 | threshold 0.650 | val_model raw | lr 0.001000
Epoch 17/60 | train_loss 0.9202 | union_precision 0.8750 | weighted_recall 0.1387 | union_precision 0.8750 | threshold 0.650 | val_model raw | lr 0.001000
Epoch 18/60 | train_loss 0.9027 | union_precision 0.8750 | weighted_recall 0.1387 | union_precision 0.8750 | threshold 0.650 | val_model raw | lr 0.001000
Epoch 19/60 | train_loss 0.8881 | union_precision 1.0000 | weighted_recall 0.1347 | union_precision 1.0000 | threshold 0.700 | val_model raw | lr 0.001000
Epoch 20/60 | train_loss 0.8771 | union_precision 0.9167 | weighted_recall 0.1697 | union_precision 0.9167 | threshold 0.600 | val_model raw | lr 0.001000
Epoch 21/60 | train_loss 0.8589 | union_precision 0.9167 | weighted_recall 0.1697 | union_precision 0.9167 | threshold 0.600 | val_model raw | lr 0.001000
Epoch 22/60 | train_loss 0.8424 | union_precision 0.9286 | weighted_recall 0.1901 | union_precision 0.9286 | threshold 0.600 | val_model raw | lr 0.001000
Epoch 23/60 | train_loss 0.8296 | union_precision 0.9286 | weighted_recall 0.1901 | union_precision 0.9286 | threshold 0.600 | val_model raw | lr 0.001000
Epoch 24/60 | train_loss 0.8221 | union_precision 0.9286 | weighted_recall 0.1901 | union_precision 0.9286 | threshold 0.600 | val_model raw | lr 0.001000
Epoch 25/60 | train_loss 0.8153 | union_precision 1.0000 | weighted_recall 0.1347 | union_precision 1.0000 | threshold 0.725 | val_model raw | lr 0.001000
Epoch 26/60 | train_loss 0.7948 | union_precision 1.0000 | weighted_recall 0.1347 | union_precision 1.0000 | threshold 0.725 | val_model raw | lr 0.001000
Epoch 27/60 | train_loss 0.7709 | union_precision 1.0000 | weighted_recall 0.1347 | union_precision 1.0000 | threshold 0.725 | val_model raw | lr 0.001000
Epoch 28/60 | train_loss 0.7705 | union_precision 1.0000 | weighted_recall 0.1347 | union_precision 1.0000 | threshold 0.725 | val_model raw | lr 0.001000
Epoch 29/60 | train_loss 0.7506 | union_precision 1.0000 | weighted_recall 0.1347 | union_precision 1.0000 | threshold 0.750 | val_model raw | lr 0.001000
Epoch 30/60 | train_loss 0.7400 | union_precision 1.0000 | weighted_recall 0.1347 | union_precision 1.0000 | threshold 0.750 | val_model raw | lr 0.001000
Epoch 31/60 | train_loss 0.7368 | union_precision 1.0000 | weighted_recall 0.1347 | union_precision 1.0000 | threshold 0.775 | val_model raw | lr 0.001000
Epoch 32/60 | train_loss 0.7286 | union_precision 1.0000 | weighted_recall 0.1347 | union_precision 1.0000 | threshold 0.775 | val_model raw | lr 0.001000
Early stopping at epoch 32
Held-out M68-1 | union_precision=0.9286 | weighted_recall=0.1901 | consensus_recall=0.0000
Epoch 1/60 | train_loss 1.5295 | union_precision 1.0000 | weighted_recall 0.1878 | union_precision 1.0000 | threshold 0.575 | val_model raw | lr 0.001000
Epoch 2/60 | train_loss 1.3906 | union_precision 1.0000 | weighted_recall 0.1660 | union_precision 1.0000 | threshold 0.600 | val_model raw | lr 0.001000
Epoch 3/60 | train_loss 1.3154 | union_precision 1.0000 | weighted_recall 0.1441 | union_precision 1.0000 | threshold 0.625 | val_model raw | lr 0.001000
Epoch 4/60 | train_loss 1.2457 | union_precision 1.0000 | weighted_recall 0.0644 | union_precision 1.0000 | threshold 0.650 | val_model raw | lr 0.001000
Epoch 5/60 | train_loss 1.2155 | union_precision 0.7500 | weighted_recall 0.1416 | union_precision 0.7500 | threshold 0.650 | val_model raw | lr 0.001000
Epoch 6/60 | train_loss 1.1707 | union_precision 0.8000 | weighted_recall 0.1635 | union_precision 0.8000 | threshold 0.650 | val_model raw | lr 0.001000
Epoch 7/60 | train_loss 1.1326 | union_precision 0.5294 | weighted_recall 0.5077 | union_precision 0.5294 | threshold 0.600 | val_model raw | lr 0.001000
Epoch 8/60 | train_loss 1.1105 | union_precision 0.5294 | weighted_recall 0.5077 | union_precision 0.5294 | threshold 0.600 | val_model raw | lr 0.001000
Epoch 9/60 | train_loss 1.0881 | union_precision 0.6667 | weighted_recall 0.2363 | union_precision 0.6667 | threshold 0.675 | val_model raw | lr 0.001000
Epoch 10/60 | train_loss 1.0639 | union_precision 0.7778 | weighted_recall 0.4765 | union_precision 0.7778 | threshold 0.675 | val_model raw | lr 0.001000
Epoch 11/60 | train_loss 1.0499 | union_precision 0.6667 | weighted_recall 0.2363 | union_precision 0.6667 | threshold 0.700 | val_model raw | lr 0.001000
Early stopping at epoch 11
Held-out M68-2 | union_precision=1.0000 | weighted_recall=0.1878 | consensus_recall=0.0000
Epoch 1/60 | train_loss 1.5280 | union_precision 0.4706 | weighted_recall 0.3075 | union_precision 0.4706 | threshold 0.525 | val_model raw | lr 0.001000
Epoch 2/60 | train_loss 1.3887 | union_precision 0.4706 | weighted_recall 0.3075 | union_precision 0.4706 | threshold 0.500 | val_model raw | lr 0.001000
Epoch 3/60 | train_loss 1.3140 | union_precision 0.4706 | weighted_recall 0.4685 | union_precision 0.4706 | threshold 0.475 | val_model raw | lr 0.001000
Epoch 4/60 | train_loss 1.2527 | union_precision 0.5714 | weighted_recall 0.5512 | union_precision 0.5714 | threshold 0.500 | val_model raw | lr 0.001000
Epoch 5/60 | train_loss 1.2147 | union_precision 0.5385 | weighted_recall 0.3540 | union_precision 0.5385 | threshold 0.650 | val_model raw | lr 0.001000
Epoch 6/60 | train_loss 1.1727 | union_precision 0.5455 | weighted_recall 0.2563 | union_precision 0.5455 | threshold 0.675 | val_model raw | lr 0.001000
Epoch 7/60 | train_loss 1.1315 | union_precision 0.5833 | weighted_recall 0.3657 | union_precision 0.5833 | threshold 0.675 | val_model raw | lr 0.001000
Epoch 8/60 | train_loss 1.1118 | union_precision 0.6250 | weighted_recall 0.3347 | union_precision 0.6250 | threshold 0.700 | val_model raw | lr 0.001000
Epoch 9/60 | train_loss 1.0920 | union_precision 0.6000 | weighted_recall 0.3155 | union_precision 0.6000 | threshold 0.725 | val_model raw | lr 0.001000
Epoch 10/60 | train_loss 1.0660 | union_precision 0.6000 | weighted_recall 0.3155 | union_precision 0.6000 | threshold 0.750 | val_model raw | lr 0.001000
Epoch 11/60 | train_loss 1.0483 | union_precision 0.6000 | weighted_recall 0.3155 | union_precision 0.6000 | threshold 0.775 | val_model raw | lr 0.001000
Epoch 12/60 | train_loss 1.0265 | union_precision 0.5625 | weighted_recall 0.6906 | union_precision 0.5625 | threshold 0.600 | val_model raw | lr 0.001000
Epoch 13/60 | train_loss 0.9992 | union_precision 0.6154 | weighted_recall 0.6831 | union_precision 0.6154 | threshold 0.775 | val_model raw | lr 0.001000
Epoch 14/60 | train_loss 0.9772 | union_precision 0.6000 | weighted_recall 0.2939 | union_precision 0.6000 | threshold 0.825 | val_model raw | lr 0.001000
Epoch 15/60 | train_loss 0.9641 | union_precision 0.5714 | weighted_recall 0.6831 | union_precision 0.5714 | threshold 0.750 | val_model raw | lr 0.001000
Epoch 16/60 | train_loss 0.9384 | union_precision 0.5714 | weighted_recall 0.6831 | union_precision 0.5714 | threshold 0.725 | val_model raw | lr 0.001000
Epoch 17/60 | train_loss 0.9235 | union_precision 0.5714 | weighted_recall 0.6831 | union_precision 0.5714 | threshold 0.700 | val_model raw | lr 0.001000
Epoch 18/60 | train_loss 0.9031 | union_precision 0.6154 | weighted_recall 0.6831 | union_precision 0.6154 | threshold 0.675 | val_model raw | lr 0.001000
Early stopping at epoch 18
Held-out M68-3 | union_precision=0.6250 | weighted_recall=0.3347 | consensus_recall=0.0000
Epoch 1/60 | train_loss 1.5356 | union_precision 0.4000 | weighted_recall 0.0191 | union_precision 0.4000 | threshold 0.575 | val_model raw | lr 0.001000
Epoch 2/60 | train_loss 1.3914 | union_precision 0.4545 | weighted_recall 0.0264 | union_precision 0.4545 | threshold 0.575 | val_model raw | lr 0.001000
Epoch 3/60 | train_loss 1.3173 | union_precision 0.5833 | weighted_recall 0.2743 | union_precision 0.5833 | threshold 0.525 | val_model raw | lr 0.001000
Epoch 4/60 | train_loss 1.2503 | union_precision 0.6757 | weighted_recall 0.1989 | union_precision 0.6757 | threshold 0.550 | val_model raw | lr 0.001000
Epoch 5/60 | train_loss 1.2125 | union_precision 0.6304 | weighted_recall 0.2247 | union_precision 0.6304 | threshold 0.550 | val_model raw | lr 0.001000
Epoch 6/60 | train_loss 1.1581 | union_precision 0.6571 | weighted_recall 0.1280 | union_precision 0.6571 | threshold 0.575 | val_model raw | lr 0.001000
Epoch 7/60 | train_loss 1.1354 | union_precision 0.7000 | weighted_recall 0.0784 | union_precision 0.7000 | threshold 0.625 | val_model raw | lr 0.001000
Epoch 8/60 | train_loss 1.1206 | union_precision 1.0000 | weighted_recall 0.0098 | union_precision 1.0000 | threshold 0.725 | val_model raw | lr 0.001000
Epoch 9/60 | train_loss 1.0936 | union_precision 1.0000 | weighted_recall 0.0119 | union_precision 1.0000 | threshold 0.725 | val_model raw | lr 0.001000
Epoch 10/60 | train_loss 1.0619 | union_precision 0.9091 | weighted_recall 0.0591 | union_precision 0.9091 | threshold 0.700 | val_model raw | lr 0.001000
Epoch 11/60 | train_loss 1.0407 | union_precision 1.0000 | weighted_recall 0.0591 | union_precision 1.0000 | threshold 0.725 | val_model raw | lr 0.001000
Epoch 12/60 | train_loss 1.0226 | union_precision 1.0000 | weighted_recall 0.0726 | union_precision 1.0000 | threshold 0.725 | val_model raw | lr 0.001000
Epoch 13/60 | train_loss 0.9974 | union_precision 0.8947 | weighted_recall 0.1101 | union_precision 0.8947 | threshold 0.725 | val_model raw | lr 0.001000
Epoch 14/60 | train_loss 0.9791 | union_precision 0.9231 | weighted_recall 0.0808 | union_precision 0.9231 | threshold 0.750 | val_model raw | lr 0.001000
Epoch 15/60 | train_loss 0.9620 | union_precision 1.0000 | weighted_recall 0.0608 | union_precision 1.0000 | threshold 0.775 | val_model raw | lr 0.001000
Epoch 16/60 | train_loss 0.9431 | union_precision 0.8519 | weighted_recall 0.1350 | union_precision 0.8519 | threshold 0.725 | val_model raw | lr 0.001000
Epoch 17/60 | train_loss 0.9192 | union_precision 0.8519 | weighted_recall 0.1350 | union_precision 0.8519 | threshold 0.750 | val_model raw | lr 0.001000
Epoch 18/60 | train_loss 0.8979 | union_precision 0.8500 | weighted_recall 0.1030 | union_precision 0.8500 | threshold 0.800 | val_model raw | lr 0.001000
Epoch 19/60 | train_loss 0.8832 | union_precision 0.8519 | weighted_recall 0.1331 | union_precision 0.8519 | threshold 0.775 | val_model raw | lr 0.001000
Epoch 20/60 | train_loss 0.8779 | union_precision 0.9333 | weighted_recall 0.0942 | union_precision 0.9333 | threshold 0.825 | val_model raw | lr 0.001000
Epoch 21/60 | train_loss 0.8546 | union_precision 0.8947 | weighted_recall 0.1039 | union_precision 0.8947 | threshold 0.825 | val_model raw | lr 0.001000
Epoch 22/60 | train_loss 0.8304 | union_precision 0.8500 | weighted_recall 0.1000 | union_precision 0.8500 | threshold 0.825 | val_model raw | lr 0.001000
Epoch 23/60 | train_loss 0.8351 | union_precision 0.9231 | weighted_recall 0.0860 | union_precision 0.9231 | threshold 0.850 | val_model raw | lr 0.001000
Epoch 24/60 | train_loss 0.8113 | union_precision 0.9333 | weighted_recall 0.0902 | union_precision 0.9333 | threshold 0.850 | val_model raw | lr 0.001000
Epoch 25/60 | train_loss 0.7991 | union_precision 0.9000 | weighted_recall 0.1065 | union_precision 0.9000 | threshold 0.850 | val_model raw | lr 0.001000
Epoch 26/60 | train_loss 0.7985 | union_precision 0.9048 | weighted_recall 0.1081 | union_precision 0.9048 | threshold 0.850 | val_model raw | lr 0.001000
Early stopping at epoch 26
Held-out M06-1__M06-2__M06-3 | union_precision=0.8519 | weighted_recall=0.1350 | consensus_recall=0.0000
Wrote nested CV results to /gpfs/work/int/yuxuanliu2204/Changheng/xmltoexp/MERIX SUBMISSION/Boundary_Restart/reports/nested_piece_cv/weighted_topdown_merge56_level4plus_boundary_seed42
Best candidate: model-tcn__detector_target-level4plus_boundary__selection_metric-weighted_recall__min_precision-0p85__loss_type-bce__rest_span_label_mode-none__rest_span_tolerance_negative_weight-1p0 | mean_primary_metric=0.1903 | mean_union_precision=0.8932
Running weighted-topdown merged56 nested direct seed=42 target=level56_boundary min_precision=0.80
Command: python3 Command: run_nested_piece_cv.py Command: --config Command: configs/salience_grouped3_hi8_score_only_xml_curated.yaml Command: --outer_heldout_piece Command: M06-1 Command: M06-2 Command: M06-3 Command: --inner_mode Command: leave_one Command: --model Command: tcn Command: --detector_target Command: level56_boundary Command: --selection_metric Command: weighted_recall Command: --precision_metric Command: union_precision Command: --min_precision Command: 0.80 Command: --loss_type Command: bce Command: --min_train_frequency_target Command: 0.05 Command: --cumulative_merge_tolerance Command: 2 Command: --cumulative_component_weights_json Command: \{\"level56\":1.0\,\"level4\":0.64\,\"level3\":0.46\,\"level2\":0.28\,\"level1\":0.16\} Command: --device Command: cuda Command: --epochs Command: 60 Command: --early_stop_patience Command: 10 Command: --seed Command: 42 Command: --skip_stage_grading Command: --output_dir Command: reports/nested_piece_cv/weighted_topdown_merge56_level56_boundary_seed42 Command: --run_outer_fit Command: --reuse_existing 
Epoch 1/60 | train_loss 1.5291 | union_precision 0.1364 | weighted_recall 0.1104 | union_precision 0.1364 | threshold 0.050 | val_model raw | lr 0.001000
Epoch 2/60 | train_loss 1.3935 | union_precision 0.2581 | weighted_recall 0.1902 | union_precision 0.2581 | threshold 0.500 | val_model raw | lr 0.001000
Epoch 3/60 | train_loss 1.3049 | union_precision 0.4444 | weighted_recall 0.0982 | union_precision 0.4444 | threshold 0.525 | val_model raw | lr 0.001000
Epoch 4/60 | train_loss 1.2475 | union_precision 0.4444 | weighted_recall 0.0982 | union_precision 0.4444 | threshold 0.525 | val_model raw | lr 0.001000
Epoch 5/60 | train_loss 1.1923 | union_precision 0.6667 | weighted_recall 0.0675 | union_precision 0.6667 | threshold 0.550 | val_model raw | lr 0.001000
Epoch 6/60 | train_loss 1.1642 | union_precision 0.6667 | weighted_recall 0.0675 | union_precision 0.6667 | threshold 0.550 | val_model raw | lr 0.001000
Epoch 7/60 | train_loss 1.1085 | union_precision 0.8000 | weighted_recall 0.1043 | union_precision 0.8000 | threshold 0.550 | val_model raw | lr 0.001000
Epoch 8/60 | train_loss 1.0901 | union_precision 0.8000 | weighted_recall 0.1043 | union_precision 0.8000 | threshold 0.550 | val_model raw | lr 0.001000
Epoch 9/60 | train_loss 1.0507 | union_precision 0.8000 | weighted_recall 0.1043 | union_precision 0.8000 | threshold 0.575 | val_model raw | lr 0.001000
Epoch 10/60 | train_loss 1.0391 | union_precision 0.8000 | weighted_recall 0.1043 | union_precision 0.8000 | threshold 0.575 | val_model raw | lr 0.001000
Epoch 11/60 | train_loss 1.0082 | union_precision 0.8000 | weighted_recall 0.1043 | union_precision 0.8000 | threshold 0.600 | val_model raw | lr 0.001000
Epoch 12/60 | train_loss 0.9715 | union_precision 0.8000 | weighted_recall 0.1043 | union_precision 0.8000 | threshold 0.600 | val_model raw | lr 0.001000
Epoch 13/60 | train_loss 0.9633 | union_precision 0.8000 | weighted_recall 0.1288 | union_precision 0.8000 | threshold 0.625 | val_model raw | lr 0.001000
Epoch 14/60 | train_loss 0.9428 | union_precision 0.8333 | weighted_recall 0.1288 | union_precision 0.8333 | threshold 0.625 | val_model raw | lr 0.001000
Epoch 15/60 | train_loss 0.9132 | union_precision 0.8333 | weighted_recall 0.1104 | union_precision 0.8333 | threshold 0.650 | val_model raw | lr 0.001000
Epoch 16/60 | train_loss 0.8990 | union_precision 0.8333 | weighted_recall 0.1104 | union_precision 0.8333 | threshold 0.650 | val_model raw | lr 0.001000
Epoch 17/60 | train_loss 0.8674 | union_precision 0.8571 | weighted_recall 0.2086 | union_precision 0.8571 | threshold 0.650 | val_model raw | lr 0.001000
Epoch 18/60 | train_loss 0.8580 | union_precision 0.8889 | weighted_recall 0.2454 | union_precision 0.8889 | threshold 0.650 | val_model raw | lr 0.001000
Epoch 19/60 | train_loss 0.8498 | union_precision 0.8000 | weighted_recall 0.2454 | union_precision 0.8000 | threshold 0.650 | val_model raw | lr 0.001000
Epoch 20/60 | train_loss 0.8145 | union_precision 0.8182 | weighted_recall 0.2577 | union_precision 0.8182 | threshold 0.650 | val_model raw | lr 0.001000
Epoch 21/60 | train_loss 0.7964 | union_precision 0.8889 | weighted_recall 0.2454 | union_precision 0.8889 | threshold 0.675 | val_model raw | lr 0.001000
Epoch 22/60 | train_loss 0.7665 | union_precision 0.9000 | weighted_recall 0.2577 | union_precision 0.9000 | threshold 0.675 | val_model raw | lr 0.001000
Epoch 23/60 | train_loss 0.7679 | union_precision 0.8333 | weighted_recall 0.2699 | union_precision 0.8333 | threshold 0.675 | val_model raw | lr 0.001000
Epoch 24/60 | train_loss 0.7648 | union_precision 0.8182 | weighted_recall 0.2577 | union_precision 0.8182 | threshold 0.700 | val_model raw | lr 0.001000
Epoch 25/60 | train_loss 0.7387 | union_precision 1.0000 | weighted_recall 0.2025 | union_precision 1.0000 | threshold 0.750 | val_model raw | lr 0.001000
Epoch 26/60 | train_loss 0.7186 | union_precision 0.8000 | weighted_recall 0.2454 | union_precision 0.8000 | threshold 0.725 | val_model raw | lr 0.001000
Epoch 27/60 | train_loss 0.6895 | union_precision 0.8125 | weighted_recall 0.3067 | union_precision 0.8125 | threshold 0.650 | val_model raw | lr 0.001000
Epoch 28/60 | train_loss 0.6828 | union_precision 0.8125 | weighted_recall 0.3067 | union_precision 0.8125 | threshold 0.650 | val_model raw | lr 0.001000
Epoch 29/60 | train_loss 0.6578 | union_precision 0.8235 | weighted_recall 0.3252 | union_precision 0.8235 | threshold 0.625 | val_model raw | lr 0.001000
Epoch 30/60 | train_loss 0.6578 | union_precision 0.8235 | weighted_recall 0.3252 | union_precision 0.8235 | threshold 0.600 | val_model raw | lr 0.001000
Epoch 31/60 | train_loss 0.6411 | union_precision 0.8235 | weighted_recall 0.3252 | union_precision 0.8235 | threshold 0.600 | val_model raw | lr 0.001000
Epoch 32/60 | train_loss 0.6380 | union_precision 0.8235 | weighted_recall 0.3252 | union_precision 0.8235 | threshold 0.600 | val_model raw | lr 0.001000
Epoch 33/60 | train_loss 0.6137 | union_precision 0.8235 | weighted_recall 0.3252 | union_precision 0.8235 | threshold 0.600 | val_model raw | lr 0.001000
Epoch 34/60 | train_loss 0.6170 | union_precision 0.8235 | weighted_recall 0.3252 | union_precision 0.8235 | threshold 0.600 | val_model raw | lr 0.001000
Epoch 35/60 | train_loss 0.5853 | union_precision 0.8571 | weighted_recall 0.3006 | union_precision 0.8571 | threshold 0.600 | val_model raw | lr 0.001000
Epoch 36/60 | train_loss 0.5894 | union_precision 0.8125 | weighted_recall 0.3129 | union_precision 0.8125 | threshold 0.575 | val_model raw | lr 0.001000
Epoch 37/60 | train_loss 0.5643 | union_precision 0.8571 | weighted_recall 0.3006 | union_precision 0.8571 | threshold 0.600 | val_model raw | lr 0.001000
Epoch 38/60 | train_loss 0.5718 | union_precision 0.8000 | weighted_recall 0.2393 | union_precision 0.8000 | threshold 0.700 | val_model raw | lr 0.001000
Epoch 39/60 | train_loss 0.5524 | union_precision 0.8000 | weighted_recall 0.2393 | union_precision 0.8000 | threshold 0.700 | val_model raw | lr 0.001000
Epoch 40/60 | train_loss 0.5384 | union_precision 0.8000 | weighted_recall 0.3067 | union_precision 0.8000 | threshold 0.575 | val_model raw | lr 0.001000
Early stopping at epoch 40
Held-out M07-1 | union_precision=0.8235 | weighted_recall=0.3252 | consensus_recall=0.0000
Epoch 1/60 | train_loss 1.5394 | union_precision 0.6250 | weighted_recall 0.0447 | union_precision 0.6250 | threshold 0.575 | val_model raw | lr 0.001000
Epoch 2/60 | train_loss 1.3979 | union_precision 0.6667 | weighted_recall 0.0391 | union_precision 0.6667 | threshold 0.600 | val_model raw | lr 0.001000
Epoch 3/60 | train_loss 1.3050 | union_precision 0.6667 | weighted_recall 0.0391 | union_precision 0.6667 | threshold 0.625 | val_model raw | lr 0.001000
Epoch 4/60 | train_loss 1.2480 | union_precision 0.6667 | weighted_recall 0.0391 | union_precision 0.6667 | threshold 0.650 | val_model raw | lr 0.001000
Epoch 5/60 | train_loss 1.1964 | union_precision 0.6667 | weighted_recall 0.0391 | union_precision 0.6667 | threshold 0.675 | val_model raw | lr 0.001000
Epoch 6/60 | train_loss 1.1707 | union_precision 0.6667 | weighted_recall 0.0391 | union_precision 0.6667 | threshold 0.675 | val_model raw | lr 0.001000
Epoch 7/60 | train_loss 1.1134 | union_precision 0.8000 | weighted_recall 0.0391 | union_precision 0.8000 | threshold 0.725 | val_model raw | lr 0.001000
Epoch 8/60 | train_loss 1.0995 | union_precision 0.8000 | weighted_recall 0.0391 | union_precision 0.8000 | threshold 0.725 | val_model raw | lr 0.001000
Epoch 9/60 | train_loss 1.0547 | union_precision 0.8333 | weighted_recall 0.0503 | union_precision 0.8333 | threshold 0.725 | val_model raw | lr 0.001000
Epoch 10/60 | train_loss 1.0426 | union_precision 0.8000 | weighted_recall 0.0391 | union_precision 0.8000 | threshold 0.750 | val_model raw | lr 0.001000
Epoch 11/60 | train_loss 1.0131 | union_precision 0.8750 | weighted_recall 0.1173 | union_precision 0.8750 | threshold 0.750 | val_model raw | lr 0.001000
Epoch 12/60 | train_loss 0.9745 | union_precision 0.8333 | weighted_recall 0.0503 | union_precision 0.8333 | threshold 0.775 | val_model raw | lr 0.001000
Epoch 13/60 | train_loss 0.9662 | union_precision 0.6364 | weighted_recall 0.1173 | union_precision 0.6364 | threshold 0.750 | val_model raw | lr 0.001000
Epoch 14/60 | train_loss 0.9471 | union_precision 1.0000 | weighted_recall 0.0112 | union_precision 1.0000 | threshold 0.800 | val_model raw | lr 0.001000
Epoch 15/60 | train_loss 0.9158 | union_precision 0.7000 | weighted_recall 0.1173 | union_precision 0.7000 | threshold 0.775 | val_model raw | lr 0.001000
Epoch 16/60 | train_loss 0.9009 | union_precision 1.0000 | weighted_recall 0.0112 | union_precision 1.0000 | threshold 0.825 | val_model raw | lr 0.001000
Epoch 17/60 | train_loss 0.8699 | union_precision 0.7000 | weighted_recall 0.1173 | union_precision 0.7000 | threshold 0.775 | val_model raw | lr 0.001000
Epoch 18/60 | train_loss 0.8592 | union_precision 0.7000 | weighted_recall 0.1173 | union_precision 0.7000 | threshold 0.775 | val_model raw | lr 0.001000
Epoch 19/60 | train_loss 0.8516 | union_precision 1.0000 | weighted_recall 0.0503 | union_precision 1.0000 | threshold 0.850 | val_model raw | lr 0.001000
Epoch 20/60 | train_loss 0.8153 | union_precision 0.6667 | weighted_recall 0.2291 | union_precision 0.6667 | threshold 0.775 | val_model raw | lr 0.001000
Epoch 21/60 | train_loss 0.8002 | union_precision 0.8889 | weighted_recall 0.2402 | union_precision 0.8889 | threshold 0.800 | val_model raw | lr 0.001000
Epoch 22/60 | train_loss 0.7675 | union_precision 0.8000 | weighted_recall 0.2402 | union_precision 0.8000 | threshold 0.800 | val_model raw | lr 0.001000
Epoch 23/60 | train_loss 0.7702 | union_precision 1.0000 | weighted_recall 0.1955 | union_precision 1.0000 | threshold 0.850 | val_model raw | lr 0.001000
Epoch 24/60 | train_loss 0.7667 | union_precision 1.0000 | weighted_recall 0.1564 | union_precision 1.0000 | threshold 0.850 | val_model raw | lr 0.001000
Epoch 25/60 | train_loss 0.7349 | union_precision 1.0000 | weighted_recall 0.0335 | union_precision 1.0000 | threshold 0.875 | val_model raw | lr 0.001000
Epoch 26/60 | train_loss 0.7202 | union_precision 1.0000 | weighted_recall 0.0335 | union_precision 1.0000 | threshold 0.875 | val_model raw | lr 0.001000
Epoch 27/60 | train_loss 0.6952 | union_precision 0.7500 | weighted_recall 0.3743 | union_precision 0.7500 | threshold 0.725 | val_model raw | lr 0.001000
Epoch 28/60 | train_loss 0.6856 | union_precision 0.7500 | weighted_recall 0.3743 | union_precision 0.7500 | threshold 0.725 | val_model raw | lr 0.001000
Epoch 29/60 | train_loss 0.6564 | union_precision 1.0000 | weighted_recall 0.0168 | union_precision 1.0000 | threshold 0.900 | val_model raw | lr 0.001000
Epoch 30/60 | train_loss 0.6586 | union_precision 1.0000 | weighted_recall 0.1453 | union_precision 1.0000 | threshold 0.900 | val_model raw | lr 0.001000
Epoch 31/60 | train_loss 0.6484 | union_precision 0.8000 | weighted_recall 0.2402 | union_precision 0.8000 | threshold 0.825 | val_model raw | lr 0.001000
Early stopping at epoch 31
Held-out M07-2 | union_precision=0.8889 | weighted_recall=0.2402 | consensus_recall=1.0000
Epoch 1/60 | train_loss 1.5328 | union_precision 0.5000 | weighted_recall 0.0323 | union_precision 0.5000 | threshold 0.575 | val_model raw | lr 0.001000
Epoch 2/60 | train_loss 1.3886 | union_precision 0.4444 | weighted_recall 0.0387 | union_precision 0.4444 | threshold 0.575 | val_model raw | lr 0.001000
Epoch 3/60 | train_loss 1.2998 | union_precision 0.4444 | weighted_recall 0.0774 | union_precision 0.4444 | threshold 0.600 | val_model raw | lr 0.001000
Epoch 4/60 | train_loss 1.2437 | union_precision 0.4444 | weighted_recall 0.0774 | union_precision 0.4444 | threshold 0.625 | val_model raw | lr 0.001000
Epoch 5/60 | train_loss 1.1855 | union_precision 0.5000 | weighted_recall 0.0194 | union_precision 0.5000 | threshold 0.675 | val_model raw | lr 0.001000
Epoch 6/60 | train_loss 1.1668 | union_precision 0.5000 | weighted_recall 0.0194 | union_precision 0.5000 | threshold 0.700 | val_model raw | lr 0.001000
Epoch 7/60 | train_loss 1.1064 | union_precision 0.4167 | weighted_recall 0.1097 | union_precision 0.4167 | threshold 0.625 | val_model raw | lr 0.001000
Epoch 8/60 | train_loss 1.0865 | union_precision 0.4286 | weighted_recall 0.0710 | union_precision 0.4286 | threshold 0.700 | val_model raw | lr 0.001000
Epoch 9/60 | train_loss 1.0514 | union_precision 0.3846 | weighted_recall 0.1097 | union_precision 0.3846 | threshold 0.650 | val_model raw | lr 0.001000
Epoch 10/60 | train_loss 1.0313 | union_precision 0.4444 | weighted_recall 0.1032 | union_precision 0.4444 | threshold 0.700 | val_model raw | lr 0.001000
Epoch 11/60 | train_loss 1.0036 | union_precision 0.4000 | weighted_recall 0.1742 | union_precision 0.4000 | threshold 0.700 | val_model raw | lr 0.001000
Early stopping at epoch 11
Held-out M07-3 | union_precision=0.5000 | weighted_recall=0.0323 | consensus_recall=0.0000
Epoch 1/60 | train_loss 1.5306 | union_precision 1.0000 | weighted_recall 0.1477 | union_precision 1.0000 | threshold 0.575 | val_model raw | lr 0.001000
Epoch 2/60 | train_loss 1.3899 | union_precision 1.0000 | weighted_recall 0.1477 | union_precision 1.0000 | threshold 0.575 | val_model raw | lr 0.001000
Epoch 3/60 | train_loss 1.2986 | union_precision 1.0000 | weighted_recall 0.1477 | union_precision 1.0000 | threshold 0.575 | val_model raw | lr 0.001000
Epoch 4/60 | train_loss 1.2430 | union_precision 1.0000 | weighted_recall 0.1477 | union_precision 1.0000 | threshold 0.600 | val_model raw | lr 0.001000
Epoch 5/60 | train_loss 1.1859 | union_precision 1.0000 | weighted_recall 0.1477 | union_precision 1.0000 | threshold 0.600 | val_model raw | lr 0.001000
Epoch 6/60 | train_loss 1.1743 | union_precision 1.0000 | weighted_recall 0.1477 | union_precision 1.0000 | threshold 0.600 | val_model raw | lr 0.001000
Epoch 7/60 | train_loss 1.1106 | union_precision 1.0000 | weighted_recall 0.1477 | union_precision 1.0000 | threshold 0.625 | val_model raw | lr 0.001000
Epoch 8/60 | train_loss 1.0939 | union_precision 1.0000 | weighted_recall 0.1932 | union_precision 1.0000 | threshold 0.625 | val_model raw | lr 0.001000
Epoch 9/60 | train_loss 1.0602 | union_precision 1.0000 | weighted_recall 0.1477 | union_precision 1.0000 | threshold 0.650 | val_model raw | lr 0.001000
Epoch 10/60 | train_loss 1.0361 | union_precision 1.0000 | weighted_recall 0.1932 | union_precision 1.0000 | threshold 0.650 | val_model raw | lr 0.001000
Epoch 11/60 | train_loss 1.0165 | union_precision 1.0000 | weighted_recall 0.1477 | union_precision 1.0000 | threshold 0.675 | val_model raw | lr 0.001000
Epoch 12/60 | train_loss 0.9703 | union_precision 1.0000 | weighted_recall 0.1477 | union_precision 1.0000 | threshold 0.700 | val_model raw | lr 0.001000
Epoch 13/60 | train_loss 0.9643 | union_precision 1.0000 | weighted_recall 0.1932 | union_precision 1.0000 | threshold 0.700 | val_model raw | lr 0.001000
Epoch 14/60 | train_loss 0.9463 | union_precision 1.0000 | weighted_recall 0.1477 | union_precision 1.0000 | threshold 0.725 | val_model raw | lr 0.001000
Epoch 15/60 | train_loss 0.9161 | union_precision 0.8125 | weighted_recall 0.5682 | union_precision 0.8125 | threshold 0.650 | val_model raw | lr 0.001000
Epoch 16/60 | train_loss 0.9017 | union_precision 0.8333 | weighted_recall 0.5966 | union_precision 0.8333 | threshold 0.650 | val_model raw | lr 0.001000
Epoch 17/60 | train_loss 0.8719 | union_precision 0.8333 | weighted_recall 0.5966 | union_precision 0.8333 | threshold 0.650 | val_model raw | lr 0.001000
Epoch 18/60 | train_loss 0.8636 | union_precision 0.8333 | weighted_recall 0.5966 | union_precision 0.8333 | threshold 0.650 | val_model raw | lr 0.001000
Epoch 19/60 | train_loss 0.8584 | union_precision 0.8333 | weighted_recall 0.5966 | union_precision 0.8333 | threshold 0.650 | val_model raw | lr 0.001000
Epoch 20/60 | train_loss 0.8179 | union_precision 0.8421 | weighted_recall 0.6023 | union_precision 0.8421 | threshold 0.625 | val_model raw | lr 0.001000
Epoch 21/60 | train_loss 0.8030 | union_precision 0.8421 | weighted_recall 0.6023 | union_precision 0.8421 | threshold 0.625 | val_model raw | lr 0.001000
Epoch 22/60 | train_loss 0.7642 | union_precision 0.8421 | weighted_recall 0.6023 | union_precision 0.8421 | threshold 0.625 | val_model raw | lr 0.001000
Epoch 23/60 | train_loss 0.7726 | union_precision 0.8421 | weighted_recall 0.6023 | union_precision 0.8421 | threshold 0.625 | val_model raw | lr 0.001000
Epoch 24/60 | train_loss 0.7696 | union_precision 0.8421 | weighted_recall 0.6023 | union_precision 0.8421 | threshold 0.625 | val_model raw | lr 0.001000
Epoch 25/60 | train_loss 0.7389 | union_precision 0.8000 | weighted_recall 0.6023 | union_precision 0.8000 | threshold 0.625 | val_model raw | lr 0.001000
Epoch 26/60 | train_loss 0.7153 | union_precision 0.8000 | weighted_recall 0.6023 | union_precision 0.8000 | threshold 0.625 | val_model raw | lr 0.001000
Epoch 27/60 | train_loss 0.7017 | union_precision 0.8235 | weighted_recall 0.5909 | union_precision 0.8235 | threshold 0.650 | val_model raw | lr 0.001000
Epoch 28/60 | train_loss 0.6891 | union_precision 0.8125 | weighted_recall 0.5852 | union_precision 0.8125 | threshold 0.650 | val_model raw | lr 0.001000
Epoch 29/60 | train_loss 0.6600 | union_precision 0.8125 | weighted_recall 0.5852 | union_precision 0.8125 | threshold 0.625 | val_model raw | lr 0.001000
Epoch 30/60 | train_loss 0.6577 | union_precision 0.8125 | weighted_recall 0.5852 | union_precision 0.8125 | threshold 0.600 | val_model raw | lr 0.001000
Early stopping at epoch 30
Held-out M17-1 | union_precision=0.8421 | weighted_recall=0.6023 | consensus_recall=1.0000
Epoch 1/60 | train_loss 1.5258 | union_precision 1.0000 | weighted_recall 0.1250 | union_precision 1.0000 | threshold 0.625 | val_model raw | lr 0.001000
Epoch 2/60 | train_loss 1.3896 | union_precision 1.0000 | weighted_recall 0.1250 | union_precision 1.0000 | threshold 0.625 | val_model raw | lr 0.001000
Epoch 3/60 | train_loss 1.2981 | union_precision 0.6667 | weighted_recall 0.1705 | union_precision 0.6667 | threshold 0.575 | val_model raw | lr 0.001000
Epoch 4/60 | train_loss 1.2405 | union_precision 0.5000 | weighted_recall 0.1250 | union_precision 0.5000 | threshold 0.600 | val_model raw | lr 0.001000
Epoch 5/60 | train_loss 1.1845 | union_precision 0.5000 | weighted_recall 0.1250 | union_precision 0.5000 | threshold 0.625 | val_model raw | lr 0.001000
Epoch 6/60 | train_loss 1.1683 | union_precision 0.5000 | weighted_recall 0.1250 | union_precision 0.5000 | threshold 0.650 | val_model raw | lr 0.001000
Epoch 7/60 | train_loss 1.1075 | union_precision 0.4286 | weighted_recall 0.1932 | union_precision 0.4286 | threshold 0.600 | val_model raw | lr 0.001000
Epoch 8/60 | train_loss 1.0925 | union_precision 0.4286 | weighted_recall 0.1818 | union_precision 0.4286 | threshold 0.600 | val_model raw | lr 0.001000
Epoch 9/60 | train_loss 1.0568 | union_precision 0.4286 | weighted_recall 0.1818 | union_precision 0.4286 | threshold 0.625 | val_model raw | lr 0.001000
Epoch 10/60 | train_loss 1.0321 | union_precision 0.4286 | weighted_recall 0.1591 | union_precision 0.4286 | threshold 0.625 | val_model raw | lr 0.001000
Epoch 11/60 | train_loss 1.0095 | union_precision 0.4286 | weighted_recall 0.1705 | union_precision 0.4286 | threshold 0.625 | val_model raw | lr 0.001000
Early stopping at epoch 11
Held-out M17-2 | union_precision=1.0000 | weighted_recall=0.1250 | consensus_recall=0.0000
Epoch 1/60 | train_loss 1.5269 | union_precision 1.0000 | weighted_recall 0.0469 | union_precision 1.0000 | threshold 0.625 | val_model raw | lr 0.001000
Epoch 2/60 | train_loss 1.3830 | union_precision 1.0000 | weighted_recall 0.0469 | union_precision 1.0000 | threshold 0.625 | val_model raw | lr 0.001000
Epoch 3/60 | train_loss 1.2936 | union_precision 0.3438 | weighted_recall 0.2347 | union_precision 0.3438 | threshold 0.525 | val_model raw | lr 0.001000
Epoch 4/60 | train_loss 1.2351 | union_precision 0.3500 | weighted_recall 0.3333 | union_precision 0.3500 | threshold 0.525 | val_model raw | lr 0.001000
Epoch 5/60 | train_loss 1.1790 | union_precision 0.3571 | weighted_recall 0.2441 | union_precision 0.3571 | threshold 0.550 | val_model raw | lr 0.001000
Epoch 6/60 | train_loss 1.1636 | union_precision 0.3750 | weighted_recall 0.2535 | union_precision 0.3750 | threshold 0.550 | val_model raw | lr 0.001000
Epoch 7/60 | train_loss 1.1035 | union_precision 0.3415 | weighted_recall 0.3146 | union_precision 0.3415 | threshold 0.550 | val_model raw | lr 0.001000
Epoch 8/60 | train_loss 1.0909 | union_precision 0.3529 | weighted_recall 0.2066 | union_precision 0.3529 | threshold 0.600 | val_model raw | lr 0.001000
Epoch 9/60 | train_loss 1.0537 | union_precision 0.3409 | weighted_recall 0.3568 | union_precision 0.3409 | threshold 0.550 | val_model raw | lr 0.001000
Epoch 10/60 | train_loss 1.0272 | union_precision 0.5000 | weighted_recall 0.0469 | union_precision 0.5000 | threshold 0.700 | val_model raw | lr 0.001000
Epoch 11/60 | train_loss 1.0072 | union_precision 0.5000 | weighted_recall 0.0469 | union_precision 0.5000 | threshold 0.700 | val_model raw | lr 0.001000
Early stopping at epoch 11
Held-out M17-3 | union_precision=1.0000 | weighted_recall=0.0469 | consensus_recall=0.0000
Epoch 1/60 | train_loss 1.5317 | union_precision 1.0000 | weighted_recall 0.0032 | union_precision 1.0000 | threshold 0.600 | val_model raw | lr 0.001000
Epoch 2/60 | train_loss 1.3830 | union_precision 1.0000 | weighted_recall 0.0032 | union_precision 1.0000 | threshold 0.600 | val_model raw | lr 0.001000
Epoch 3/60 | train_loss 1.3020 | union_precision 1.0000 | weighted_recall 0.0255 | union_precision 1.0000 | threshold 0.600 | val_model raw | lr 0.001000
Epoch 4/60 | train_loss 1.2285 | union_precision 1.0000 | weighted_recall 0.0032 | union_precision 1.0000 | threshold 0.650 | val_model raw | lr 0.001000
Epoch 5/60 | train_loss 1.1741 | union_precision 1.0000 | weighted_recall 0.0064 | union_precision 1.0000 | threshold 0.675 | val_model raw | lr 0.001000
Epoch 6/60 | train_loss 1.1562 | union_precision 1.0000 | weighted_recall 0.0064 | union_precision 1.0000 | threshold 0.675 | val_model raw | lr 0.001000
Epoch 7/60 | train_loss 1.0999 | union_precision 0.8000 | weighted_recall 0.0446 | union_precision 0.8000 | threshold 0.650 | val_model raw | lr 0.001000
Epoch 8/60 | train_loss 1.0822 | union_precision 0.8333 | weighted_recall 0.0478 | union_precision 0.8333 | threshold 0.625 | val_model raw | lr 0.001000
Epoch 9/60 | train_loss 1.0497 | union_precision 0.8333 | weighted_recall 0.0478 | union_precision 0.8333 | threshold 0.625 | val_model raw | lr 0.001000
Epoch 10/60 | train_loss 1.0182 | union_precision 0.8000 | weighted_recall 0.0414 | union_precision 0.8000 | threshold 0.650 | val_model raw | lr 0.001000
Epoch 11/60 | train_loss 1.0039 | union_precision 1.0000 | weighted_recall 0.0223 | union_precision 1.0000 | threshold 0.725 | val_model raw | lr 0.001000
Epoch 12/60 | train_loss 0.9556 | union_precision 1.0000 | weighted_recall 0.0318 | union_precision 1.0000 | threshold 0.725 | val_model raw | lr 0.001000
Epoch 13/60 | train_loss 0.9512 | union_precision 1.0000 | weighted_recall 0.0223 | union_precision 1.0000 | threshold 0.750 | val_model raw | lr 0.001000
Epoch 14/60 | train_loss 0.9272 | union_precision 1.0000 | weighted_recall 0.0223 | union_precision 1.0000 | threshold 0.750 | val_model raw | lr 0.001000
Epoch 15/60 | train_loss 0.8961 | union_precision 1.0000 | weighted_recall 0.0318 | union_precision 1.0000 | threshold 0.750 | val_model raw | lr 0.001000
Epoch 16/60 | train_loss 0.8844 | union_precision 1.0000 | weighted_recall 0.0223 | union_precision 1.0000 | threshold 0.775 | val_model raw | lr 0.001000
Epoch 17/60 | train_loss 0.8615 | union_precision 1.0000 | weighted_recall 0.0223 | union_precision 1.0000 | threshold 0.775 | val_model raw | lr 0.001000
Epoch 18/60 | train_loss 0.8498 | union_precision 1.0000 | weighted_recall 0.0223 | union_precision 1.0000 | threshold 0.825 | val_model raw | lr 0.001000
Early stopping at epoch 18
Held-out M17-4 | union_precision=0.8333 | weighted_recall=0.0478 | consensus_recall=0.0000
Epoch 1/60 | train_loss 1.5313 | union_precision 0.3500 | weighted_recall 0.1875 | union_precision 0.3500 | threshold 0.525 | val_model raw | lr 0.001000
Epoch 2/60 | train_loss 1.3879 | union_precision 0.4348 | weighted_recall 0.5250 | union_precision 0.4348 | threshold 0.525 | val_model raw | lr 0.001000
Epoch 3/60 | train_loss 1.3056 | union_precision 0.3793 | weighted_recall 0.3250 | union_precision 0.3793 | threshold 0.525 | val_model raw | lr 0.001000
Epoch 4/60 | train_loss 1.2338 | union_precision 0.3333 | weighted_recall 0.2625 | union_precision 0.3333 | threshold 0.575 | val_model raw | lr 0.001000
Epoch 5/60 | train_loss 1.1809 | union_precision 0.3077 | weighted_recall 0.1000 | union_precision 0.3077 | threshold 0.600 | val_model raw | lr 0.001000
Epoch 6/60 | train_loss 1.1648 | union_precision 0.3333 | weighted_recall 0.0375 | union_precision 0.3333 | threshold 0.650 | val_model raw | lr 0.001000
Epoch 7/60 | train_loss 1.1082 | union_precision 0.4000 | weighted_recall 0.2000 | union_precision 0.4000 | threshold 0.625 | val_model raw | lr 0.001000
Epoch 8/60 | train_loss 1.0890 | union_precision 0.5000 | weighted_recall 0.2625 | union_precision 0.5000 | threshold 0.625 | val_model raw | lr 0.001000
Epoch 9/60 | train_loss 1.0560 | union_precision 0.5000 | weighted_recall 0.2625 | union_precision 0.5000 | threshold 0.625 | val_model raw | lr 0.001000
Epoch 10/60 | train_loss 1.0264 | union_precision 0.5714 | weighted_recall 0.2000 | union_precision 0.5714 | threshold 0.675 | val_model raw | lr 0.001000
Epoch 11/60 | train_loss 1.0083 | union_precision 0.5556 | weighted_recall 0.2125 | union_precision 0.5556 | threshold 0.675 | val_model raw | lr 0.001000
Epoch 12/60 | train_loss 0.9661 | union_precision 0.5714 | weighted_recall 0.2000 | union_precision 0.5714 | threshold 0.700 | val_model raw | lr 0.001000
Epoch 13/60 | train_loss 0.9591 | union_precision 0.6667 | weighted_recall 0.2000 | union_precision 0.6667 | threshold 0.725 | val_model raw | lr 0.001000
Epoch 14/60 | train_loss 0.9341 | union_precision 0.6000 | weighted_recall 0.1250 | union_precision 0.6000 | threshold 0.750 | val_model raw | lr 0.001000
Epoch 15/60 | train_loss 0.9053 | union_precision 0.5714 | weighted_recall 0.2000 | union_precision 0.5714 | threshold 0.750 | val_model raw | lr 0.001000
Epoch 16/60 | train_loss 0.8919 | union_precision 0.6667 | weighted_recall 0.2000 | union_precision 0.6667 | threshold 0.775 | val_model raw | lr 0.001000
Epoch 17/60 | train_loss 0.8672 | union_precision 0.6667 | weighted_recall 0.2000 | union_precision 0.6667 | threshold 0.800 | val_model raw | lr 0.001000
Epoch 18/60 | train_loss 0.8569 | union_precision 0.6667 | weighted_recall 0.2000 | union_precision 0.6667 | threshold 0.800 | val_model raw | lr 0.001000
Epoch 19/60 | train_loss 0.8403 | union_precision 0.6000 | weighted_recall 0.1250 | union_precision 0.6000 | threshold 0.825 | val_model raw | lr 0.001000
Epoch 20/60 | train_loss 0.8078 | union_precision 0.6667 | weighted_recall 0.2000 | union_precision 0.6667 | threshold 0.825 | val_model raw | lr 0.001000
Epoch 21/60 | train_loss 0.8008 | union_precision 0.6000 | weighted_recall 0.1250 | union_precision 0.6000 | threshold 0.850 | val_model raw | lr 0.001000
Epoch 22/60 | train_loss 0.7587 | union_precision 0.5714 | weighted_recall 0.2000 | union_precision 0.5714 | threshold 0.850 | val_model raw | lr 0.001000
Epoch 23/60 | train_loss 0.7621 | union_precision 0.5714 | weighted_recall 0.2000 | union_precision 0.5714 | threshold 0.850 | val_model raw | lr 0.001000
Early stopping at epoch 23
Held-out M24-1 | union_precision=0.6667 | weighted_recall=0.2000 | consensus_recall=0.0000
Epoch 1/60 | train_loss 1.5325 | union_precision 0.2368 | weighted_recall 0.2929 | union_precision 0.2368 | threshold 0.500 | val_model raw | lr 0.001000
Epoch 2/60 | train_loss 1.3850 | union_precision 0.2439 | weighted_recall 0.0707 | union_precision 0.2439 | threshold 0.450 | val_model raw | lr 0.001000
Epoch 3/60 | train_loss 1.3027 | union_precision 0.2439 | weighted_recall 0.0707 | union_precision 0.2439 | threshold 0.450 | val_model raw | lr 0.001000
Epoch 4/60 | train_loss 1.2288 | union_precision 0.2439 | weighted_recall 0.0707 | union_precision 0.2439 | threshold 0.475 | val_model raw | lr 0.001000
Epoch 5/60 | train_loss 1.1783 | union_precision 0.2619 | weighted_recall 0.0859 | union_precision 0.2619 | threshold 0.450 | val_model raw | lr 0.001000
Epoch 6/60 | train_loss 1.1625 | union_precision 0.2381 | weighted_recall 0.0808 | union_precision 0.2381 | threshold 0.050 | val_model raw | lr 0.001000
Epoch 7/60 | train_loss 1.1084 | union_precision 0.2439 | weighted_recall 0.0808 | union_precision 0.2439 | threshold 0.475 | val_model raw | lr 0.001000
Epoch 8/60 | train_loss 1.0829 | union_precision 0.2683 | weighted_recall 0.0960 | union_precision 0.2683 | threshold 0.475 | val_model raw | lr 0.001000
Epoch 9/60 | train_loss 1.0539 | union_precision 0.3889 | weighted_recall 0.1566 | union_precision 0.3889 | threshold 0.550 | val_model raw | lr 0.001000
Epoch 10/60 | train_loss 1.0244 | union_precision 0.4500 | weighted_recall 0.1667 | union_precision 0.4500 | threshold 0.550 | val_model raw | lr 0.001000
Epoch 11/60 | train_loss 1.0063 | union_precision 0.5000 | weighted_recall 0.1414 | union_precision 0.5000 | threshold 0.575 | val_model raw | lr 0.001000
Epoch 12/60 | train_loss 0.9617 | union_precision 0.5000 | weighted_recall 0.1414 | union_precision 0.5000 | threshold 0.575 | val_model raw | lr 0.001000
Epoch 13/60 | train_loss 0.9549 | union_precision 0.4167 | weighted_recall 0.1364 | union_precision 0.4167 | threshold 0.575 | val_model raw | lr 0.001000
Epoch 14/60 | train_loss 0.9353 | union_precision 0.3256 | weighted_recall 0.2020 | union_precision 0.3256 | threshold 0.400 | val_model raw | lr 0.001000
Epoch 15/60 | train_loss 0.9063 | union_precision 0.3333 | weighted_recall 0.1212 | union_precision 0.3333 | threshold 0.575 | val_model raw | lr 0.001000
Epoch 16/60 | train_loss 0.8897 | union_precision 0.3333 | weighted_recall 0.1717 | union_precision 0.3333 | threshold 0.450 | val_model raw | lr 0.001000
Epoch 17/60 | train_loss 0.8640 | union_precision 0.3438 | weighted_recall 0.1717 | union_precision 0.3438 | threshold 0.450 | val_model raw | lr 0.001000
Epoch 18/60 | train_loss 0.8567 | union_precision 0.3529 | weighted_recall 0.1768 | union_precision 0.3529 | threshold 0.400 | val_model raw | lr 0.001000
Epoch 19/60 | train_loss 0.8391 | union_precision 0.3714 | weighted_recall 0.1869 | union_precision 0.3714 | threshold 0.375 | val_model raw | lr 0.001000
Epoch 20/60 | train_loss 0.8076 | union_precision 0.3704 | weighted_recall 0.1717 | union_precision 0.3704 | threshold 0.475 | val_model raw | lr 0.001000
Epoch 21/60 | train_loss 0.7981 | union_precision 0.3600 | weighted_recall 0.1515 | union_precision 0.3600 | threshold 0.500 | val_model raw | lr 0.001000
Early stopping at epoch 21
Held-out M24-2 | union_precision=0.5000 | weighted_recall=0.1414 | consensus_recall=0.0000
Epoch 1/60 | train_loss 1.5340 | union_precision 0.6667 | weighted_recall 0.0192 | union_precision 0.6667 | threshold 0.600 | val_model raw | lr 0.001000
Epoch 2/60 | train_loss 1.3900 | union_precision 1.0000 | weighted_recall 0.0192 | union_precision 1.0000 | threshold 0.650 | val_model raw | lr 0.001000
Epoch 3/60 | train_loss 1.3067 | union_precision 1.0000 | weighted_recall 0.0192 | union_precision 1.0000 | threshold 0.675 | val_model raw | lr 0.001000
Epoch 4/60 | train_loss 1.2291 | union_precision 1.0000 | weighted_recall 0.0192 | union_precision 1.0000 | threshold 0.700 | val_model raw | lr 0.001000
Epoch 5/60 | train_loss 1.1808 | union_precision 1.0000 | weighted_recall 0.0192 | union_precision 1.0000 | threshold 0.725 | val_model raw | lr 0.001000
Epoch 6/60 | train_loss 1.1606 | union_precision 1.0000 | weighted_recall 0.0192 | union_precision 1.0000 | threshold 0.725 | val_model raw | lr 0.001000
Epoch 7/60 | train_loss 1.1122 | union_precision 1.0000 | weighted_recall 0.0192 | union_precision 1.0000 | threshold 0.700 | val_model raw | lr 0.001000
Epoch 8/60 | train_loss 1.0842 | union_precision 1.0000 | weighted_recall 0.0192 | union_precision 1.0000 | threshold 0.700 | val_model raw | lr 0.001000
Epoch 9/60 | train_loss 1.0562 | union_precision 0.8750 | weighted_recall 0.1154 | union_precision 0.8750 | threshold 0.625 | val_model raw | lr 0.001000
Epoch 10/60 | train_loss 1.0267 | union_precision 0.8000 | weighted_recall 0.0769 | union_precision 0.8000 | threshold 0.650 | val_model raw | lr 0.001000
Epoch 11/60 | train_loss 1.0064 | union_precision 0.8571 | weighted_recall 0.1058 | union_precision 0.8571 | threshold 0.625 | val_model raw | lr 0.001000
Epoch 12/60 | train_loss 0.9679 | union_precision 1.0000 | weighted_recall 0.0192 | union_precision 1.0000 | threshold 0.700 | val_model raw | lr 0.001000
Epoch 13/60 | train_loss 0.9610 | union_precision 1.0000 | weighted_recall 0.0192 | union_precision 1.0000 | threshold 0.700 | val_model raw | lr 0.001000
Epoch 14/60 | train_loss 0.9369 | union_precision 0.8000 | weighted_recall 0.0577 | union_precision 0.8000 | threshold 0.675 | val_model raw | lr 0.001000
Epoch 15/60 | train_loss 0.9129 | union_precision 0.8333 | weighted_recall 0.0769 | union_precision 0.8333 | threshold 0.675 | val_model raw | lr 0.001000
Epoch 16/60 | train_loss 0.8934 | union_precision 0.8333 | weighted_recall 0.0769 | union_precision 0.8333 | threshold 0.675 | val_model raw | lr 0.001000
Epoch 17/60 | train_loss 0.8677 | union_precision 0.8333 | weighted_recall 0.0769 | union_precision 0.8333 | threshold 0.675 | val_model raw | lr 0.001000
Epoch 18/60 | train_loss 0.8590 | union_precision 1.0000 | weighted_recall 0.0481 | union_precision 1.0000 | threshold 0.700 | val_model raw | lr 0.001000
Epoch 19/60 | train_loss 0.8431 | union_precision 1.0000 | weighted_recall 0.0865 | union_precision 1.0000 | threshold 0.725 | val_model raw | lr 0.001000
Early stopping at epoch 19
Held-out M24-3 | union_precision=0.8750 | weighted_recall=0.1154 | consensus_recall=0.0000
Epoch 1/60 | train_loss 1.5379 | union_precision 0.5000 | weighted_recall 0.0122 | union_precision 0.5000 | threshold 0.600 | val_model raw | lr 0.001000
Epoch 2/60 | train_loss 1.3950 | union_precision 0.5000 | weighted_recall 0.0122 | union_precision 0.5000 | threshold 0.600 | val_model raw | lr 0.001000
Epoch 3/60 | train_loss 1.3107 | union_precision 0.4000 | weighted_recall 0.0122 | union_precision 0.4000 | threshold 0.600 | val_model raw | lr 0.001000
Epoch 4/60 | train_loss 1.2287 | union_precision 0.4348 | weighted_recall 0.1433 | union_precision 0.4348 | threshold 0.575 | val_model raw | lr 0.001000
Epoch 5/60 | train_loss 1.1804 | union_precision 0.3673 | weighted_recall 0.2195 | union_precision 0.3673 | threshold 0.575 | val_model raw | lr 0.001000
Epoch 6/60 | train_loss 1.1533 | union_precision 0.3846 | weighted_recall 0.3567 | union_precision 0.3846 | threshold 0.575 | val_model raw | lr 0.001000
Epoch 7/60 | train_loss 1.1107 | union_precision 0.3793 | weighted_recall 0.1707 | union_precision 0.3793 | threshold 0.600 | val_model raw | lr 0.001000
Epoch 8/60 | train_loss 1.0781 | union_precision 0.5385 | weighted_recall 0.1311 | union_precision 0.5385 | threshold 0.625 | val_model raw | lr 0.001000
Epoch 9/60 | train_loss 1.0517 | union_precision 0.6667 | weighted_recall 0.0091 | union_precision 0.6667 | threshold 0.675 | val_model raw | lr 0.001000
Epoch 10/60 | train_loss 1.0229 | union_precision 0.6000 | weighted_recall 0.0213 | union_precision 0.6000 | threshold 0.675 | val_model raw | lr 0.001000
Epoch 11/60 | train_loss 0.9998 | union_precision 0.6667 | weighted_recall 0.0305 | union_precision 0.6667 | threshold 0.700 | val_model raw | lr 0.001000
Epoch 12/60 | train_loss 0.9682 | union_precision 0.6667 | weighted_recall 0.0305 | union_precision 0.6667 | threshold 0.725 | val_model raw | lr 0.001000
Epoch 13/60 | train_loss 0.9558 | union_precision 0.8000 | weighted_recall 0.0518 | union_precision 0.8000 | threshold 0.725 | val_model raw | lr 0.001000
Epoch 14/60 | train_loss 0.9310 | union_precision 0.7500 | weighted_recall 0.0427 | union_precision 0.7500 | threshold 0.750 | val_model raw | lr 0.001000
Epoch 15/60 | train_loss 0.9100 | union_precision 1.0000 | weighted_recall 0.0122 | union_precision 1.0000 | threshold 0.775 | val_model raw | lr 0.001000
Epoch 16/60 | train_loss 0.8925 | union_precision 1.0000 | weighted_recall 0.0518 | union_precision 1.0000 | threshold 0.775 | val_model raw | lr 0.001000
Epoch 17/60 | train_loss 0.8637 | union_precision 1.0000 | weighted_recall 0.0122 | union_precision 1.0000 | threshold 0.800 | val_model raw | lr 0.001000
Epoch 18/60 | train_loss 0.8522 | union_precision 1.0000 | weighted_recall 0.0122 | union_precision 1.0000 | threshold 0.825 | val_model raw | lr 0.001000
Epoch 19/60 | train_loss 0.8382 | union_precision 0.7143 | weighted_recall 0.0518 | union_precision 0.7143 | threshold 0.800 | val_model raw | lr 0.001000
Epoch 20/60 | train_loss 0.8050 | union_precision 0.6000 | weighted_recall 0.0915 | union_precision 0.6000 | threshold 0.800 | val_model raw | lr 0.001000
Epoch 21/60 | train_loss 0.7995 | union_precision 1.0000 | weighted_recall 0.0122 | union_precision 1.0000 | threshold 0.850 | val_model raw | lr 0.001000
Epoch 22/60 | train_loss 0.7523 | union_precision 0.6000 | weighted_recall 0.0915 | union_precision 0.6000 | threshold 0.800 | val_model raw | lr 0.001000
Epoch 23/60 | train_loss 0.7552 | union_precision 0.6667 | weighted_recall 0.0335 | union_precision 0.6667 | threshold 0.850 | val_model raw | lr 0.001000
Epoch 24/60 | train_loss 0.7538 | union_precision 0.6250 | weighted_recall 0.1067 | union_precision 0.6250 | threshold 0.825 | val_model raw | lr 0.001000
Epoch 25/60 | train_loss 0.7289 | union_precision 0.6667 | weighted_recall 0.1128 | union_precision 0.6667 | threshold 0.825 | val_model raw | lr 0.001000
Epoch 26/60 | train_loss 0.7068 | union_precision 0.6000 | weighted_recall 0.1250 | union_precision 0.6000 | threshold 0.750 | val_model raw | lr 0.001000
Early stopping at epoch 26
Held-out M24-4 | union_precision=1.0000 | weighted_recall=0.0518 | consensus_recall=0.0000
Epoch 1/60 | train_loss 1.5292 | union_precision 0.6667 | weighted_recall 0.0746 | union_precision 0.6667 | threshold 0.550 | val_model raw | lr 0.001000
Epoch 2/60 | train_loss 1.3983 | union_precision 1.0000 | weighted_recall 0.0448 | union_precision 1.0000 | threshold 0.650 | val_model raw | lr 0.001000
Epoch 3/60 | train_loss 1.3094 | union_precision 1.0000 | weighted_recall 0.0448 | union_precision 1.0000 | threshold 0.675 | val_model raw | lr 0.001000
Epoch 4/60 | train_loss 1.2311 | union_precision 1.0000 | weighted_recall 0.0448 | union_precision 1.0000 | threshold 0.700 | val_model raw | lr 0.001000
Epoch 5/60 | train_loss 1.1856 | union_precision 1.0000 | weighted_recall 0.0448 | union_precision 1.0000 | threshold 0.725 | val_model raw | lr 0.001000
Epoch 6/60 | train_loss 1.1563 | union_precision 1.0000 | weighted_recall 0.0448 | union_precision 1.0000 | threshold 0.750 | val_model raw | lr 0.001000
Epoch 7/60 | train_loss 1.1165 | union_precision 0.5000 | weighted_recall 0.0448 | union_precision 0.5000 | threshold 0.650 | val_model raw | lr 0.001000
Epoch 8/60 | train_loss 1.0837 | union_precision 0.5000 | weighted_recall 0.0448 | union_precision 0.5000 | threshold 0.650 | val_model raw | lr 0.001000
Epoch 9/60 | train_loss 1.0557 | union_precision 0.5000 | weighted_recall 0.2687 | union_precision 0.5000 | threshold 0.650 | val_model raw | lr 0.001000
Epoch 10/60 | train_loss 1.0295 | union_precision 0.5000 | weighted_recall 0.2687 | union_precision 0.5000 | threshold 0.675 | val_model raw | lr 0.001000
Epoch 11/60 | train_loss 1.0054 | union_precision 0.6000 | weighted_recall 0.3284 | union_precision 0.6000 | threshold 0.625 | val_model raw | lr 0.001000
Epoch 12/60 | train_loss 0.9715 | union_precision 0.5000 | weighted_recall 0.4925 | union_precision 0.5000 | threshold 0.625 | val_model raw | lr 0.001000
Early stopping at epoch 12
Held-out M30-1 | union_precision=1.0000 | weighted_recall=0.0448 | consensus_recall=0.0000
Epoch 1/60 | train_loss 1.5332 | union_precision 0.3333 | weighted_recall 0.1098 | union_precision 0.3333 | threshold 0.550 | val_model raw | lr 0.001000
Epoch 2/60 | train_loss 1.3981 | union_precision 0.2500 | weighted_recall 0.1707 | union_precision 0.2500 | threshold 0.500 | val_model raw | lr 0.001000
Epoch 3/60 | train_loss 1.3104 | union_precision 0.5000 | weighted_recall 0.1098 | union_precision 0.5000 | threshold 0.575 | val_model raw | lr 0.001000
Epoch 4/60 | train_loss 1.2304 | union_precision 0.3333 | weighted_recall 0.1098 | union_precision 0.3333 | threshold 0.575 | val_model raw | lr 0.001000
Epoch 5/60 | train_loss 1.1859 | union_precision 0.5000 | weighted_recall 0.1098 | union_precision 0.5000 | threshold 0.600 | val_model raw | lr 0.001000
Epoch 6/60 | train_loss 1.1563 | union_precision 0.5000 | weighted_recall 0.1098 | union_precision 0.5000 | threshold 0.600 | val_model raw | lr 0.001000
Epoch 7/60 | train_loss 1.1174 | union_precision 0.5000 | weighted_recall 0.1098 | union_precision 0.5000 | threshold 0.625 | val_model raw | lr 0.001000
Epoch 8/60 | train_loss 1.0847 | union_precision 0.6667 | weighted_recall 0.2073 | union_precision 0.6667 | threshold 0.625 | val_model raw | lr 0.001000
Epoch 9/60 | train_loss 1.0542 | union_precision 0.6667 | weighted_recall 0.2073 | union_precision 0.6667 | threshold 0.625 | val_model raw | lr 0.001000
Epoch 10/60 | train_loss 1.0317 | union_precision 0.7500 | weighted_recall 0.3171 | union_precision 0.7500 | threshold 0.625 | val_model raw | lr 0.001000
Epoch 11/60 | train_loss 1.0059 | union_precision 1.0000 | weighted_recall 0.1098 | union_precision 1.0000 | threshold 0.725 | val_model raw | lr 0.001000
Epoch 12/60 | train_loss 0.9725 | union_precision 1.0000 | weighted_recall 0.2073 | union_precision 1.0000 | threshold 0.725 | val_model raw | lr 0.001000
Epoch 13/60 | train_loss 0.9633 | union_precision 0.8000 | weighted_recall 0.3415 | union_precision 0.8000 | threshold 0.625 | val_model raw | lr 0.001000
Epoch 14/60 | train_loss 0.9332 | union_precision 0.8000 | weighted_recall 0.3415 | union_precision 0.8000 | threshold 0.625 | val_model raw | lr 0.001000
Epoch 15/60 | train_loss 0.9118 | union_precision 0.8000 | weighted_recall 0.3415 | union_precision 0.8000 | threshold 0.650 | val_model raw | lr 0.001000
Epoch 16/60 | train_loss 0.8932 | union_precision 0.8000 | weighted_recall 0.3415 | union_precision 0.8000 | threshold 0.650 | val_model raw | lr 0.001000
Epoch 17/60 | train_loss 0.8702 | union_precision 0.8000 | weighted_recall 0.3415 | union_precision 0.8000 | threshold 0.650 | val_model raw | lr 0.001000
Epoch 18/60 | train_loss 0.8563 | union_precision 1.0000 | weighted_recall 0.3415 | union_precision 1.0000 | threshold 0.700 | val_model raw | lr 0.001000
Epoch 19/60 | train_loss 0.8416 | union_precision 1.0000 | weighted_recall 0.3415 | union_precision 1.0000 | threshold 0.700 | val_model raw | lr 0.001000
Epoch 20/60 | train_loss 0.8080 | union_precision 1.0000 | weighted_recall 0.3415 | union_precision 1.0000 | threshold 0.675 | val_model raw | lr 0.001000
Epoch 21/60 | train_loss 0.8045 | union_precision 1.0000 | weighted_recall 0.3415 | union_precision 1.0000 | threshold 0.700 | val_model raw | lr 0.001000
Epoch 22/60 | train_loss 0.7547 | union_precision 1.0000 | weighted_recall 0.3415 | union_precision 1.0000 | threshold 0.700 | val_model raw | lr 0.001000
Epoch 23/60 | train_loss 0.7591 | union_precision 1.0000 | weighted_recall 0.3415 | union_precision 1.0000 | threshold 0.700 | val_model raw | lr 0.001000
Epoch 24/60 | train_loss 0.7568 | union_precision 1.0000 | weighted_recall 0.3415 | union_precision 1.0000 | threshold 0.700 | val_model raw | lr 0.001000
Epoch 25/60 | train_loss 0.7331 | union_precision 0.8333 | weighted_recall 0.3659 | union_precision 0.8333 | threshold 0.700 | val_model raw | lr 0.001000
Epoch 26/60 | train_loss 0.7111 | union_precision 1.0000 | weighted_recall 0.3415 | union_precision 1.0000 | threshold 0.725 | val_model raw | lr 0.001000
Epoch 27/60 | train_loss 0.6994 | union_precision 0.8333 | weighted_recall 0.3659 | union_precision 0.8333 | threshold 0.725 | val_model raw | lr 0.001000
Epoch 28/60 | train_loss 0.6882 | union_precision 1.0000 | weighted_recall 0.3415 | union_precision 1.0000 | threshold 0.750 | val_model raw | lr 0.001000
Epoch 29/60 | train_loss 0.6570 | union_precision 1.0000 | weighted_recall 0.3415 | union_precision 1.0000 | threshold 0.750 | val_model raw | lr 0.001000
Epoch 30/60 | train_loss 0.6534 | union_precision 1.0000 | weighted_recall 0.3415 | union_precision 1.0000 | threshold 0.750 | val_model raw | lr 0.001000
Epoch 31/60 | train_loss 0.6417 | union_precision 0.8000 | weighted_recall 0.3415 | union_precision 0.8000 | threshold 0.725 | val_model raw | lr 0.001000
Epoch 32/60 | train_loss 0.6256 | union_precision 0.8000 | weighted_recall 0.3415 | union_precision 0.8000 | threshold 0.725 | val_model raw | lr 0.001000
Epoch 33/60 | train_loss 0.6254 | union_precision 0.8000 | weighted_recall 0.3415 | union_precision 0.8000 | threshold 0.750 | val_model raw | lr 0.001000
Epoch 34/60 | train_loss 0.6140 | union_precision 0.8000 | weighted_recall 0.3415 | union_precision 0.8000 | threshold 0.750 | val_model raw | lr 0.001000
Epoch 35/60 | train_loss 0.5893 | union_precision 0.8000 | weighted_recall 0.3415 | union_precision 0.8000 | threshold 0.750 | val_model raw | lr 0.001000
Early stopping at epoch 35
Held-out M30-2 | union_precision=0.8333 | weighted_recall=0.3659 | consensus_recall=0.0000
Epoch 1/60 | train_loss 1.5333 | union_precision 0.5000 | weighted_recall 0.0327 | union_precision 0.5000 | threshold 0.600 | val_model raw | lr 0.001000
Epoch 2/60 | train_loss 1.3969 | union_precision 0.4167 | weighted_recall 0.0654 | union_precision 0.4167 | threshold 0.525 | val_model raw | lr 0.001000
Epoch 3/60 | train_loss 1.3081 | union_precision 0.5161 | weighted_recall 0.3738 | union_precision 0.5161 | threshold 0.500 | val_model raw | lr 0.001000
Epoch 4/60 | train_loss 1.2307 | union_precision 0.5333 | weighted_recall 0.4766 | union_precision 0.5333 | threshold 0.525 | val_model raw | lr 0.001000
Epoch 5/60 | train_loss 1.1842 | union_precision 0.5185 | weighted_recall 0.4673 | union_precision 0.5185 | threshold 0.550 | val_model raw | lr 0.001000
Epoch 6/60 | train_loss 1.1567 | union_precision 0.5312 | weighted_recall 0.4860 | union_precision 0.5312 | threshold 0.525 | val_model raw | lr 0.001000
Epoch 7/60 | train_loss 1.1150 | union_precision 0.5172 | weighted_recall 0.4766 | union_precision 0.5172 | threshold 0.575 | val_model raw | lr 0.001000
Epoch 8/60 | train_loss 1.0808 | union_precision 0.5333 | weighted_recall 0.4813 | union_precision 0.5333 | threshold 0.575 | val_model raw | lr 0.001000
Epoch 9/60 | train_loss 1.0534 | union_precision 0.6364 | weighted_recall 0.2944 | union_precision 0.6364 | threshold 0.675 | val_model raw | lr 0.001000
Epoch 10/60 | train_loss 1.0287 | union_precision 0.5556 | weighted_recall 0.3364 | union_precision 0.5556 | threshold 0.675 | val_model raw | lr 0.001000
Epoch 11/60 | train_loss 1.0014 | union_precision 0.6000 | weighted_recall 0.3505 | union_precision 0.6000 | threshold 0.675 | val_model raw | lr 0.001000
Epoch 12/60 | train_loss 0.9709 | union_precision 0.6250 | weighted_recall 0.2383 | union_precision 0.6250 | threshold 0.725 | val_model raw | lr 0.001000
Epoch 13/60 | train_loss 0.9594 | union_precision 0.6364 | weighted_recall 0.2523 | union_precision 0.6364 | threshold 0.725 | val_model raw | lr 0.001000
Epoch 14/60 | train_loss 0.9290 | union_precision 0.7692 | weighted_recall 0.2944 | union_precision 0.7692 | threshold 0.725 | val_model raw | lr 0.001000
Epoch 15/60 | train_loss 0.9117 | union_precision 0.7692 | weighted_recall 0.2944 | union_precision 0.7692 | threshold 0.725 | val_model raw | lr 0.001000
Epoch 16/60 | train_loss 0.8895 | union_precision 0.7692 | weighted_recall 0.2944 | union_precision 0.7692 | threshold 0.725 | val_model raw | lr 0.001000
Epoch 17/60 | train_loss 0.8669 | union_precision 0.7692 | weighted_recall 0.2944 | union_precision 0.7692 | threshold 0.750 | val_model raw | lr 0.001000
Epoch 18/60 | train_loss 0.8529 | union_precision 0.7692 | weighted_recall 0.2944 | union_precision 0.7692 | threshold 0.775 | val_model raw | lr 0.001000
Epoch 19/60 | train_loss 0.8355 | union_precision 0.7692 | weighted_recall 0.2944 | union_precision 0.7692 | threshold 0.800 | val_model raw | lr 0.001000
Epoch 20/60 | train_loss 0.8074 | union_precision 0.8000 | weighted_recall 0.1869 | union_precision 0.8000 | threshold 0.850 | val_model raw | lr 0.001000
Epoch 21/60 | train_loss 0.7994 | union_precision 0.8000 | weighted_recall 0.1869 | union_precision 0.8000 | threshold 0.875 | val_model raw | lr 0.001000
Epoch 22/60 | train_loss 0.7501 | union_precision 0.8000 | weighted_recall 0.1869 | union_precision 0.8000 | threshold 0.875 | val_model raw | lr 0.001000
Epoch 23/60 | train_loss 0.7546 | union_precision 0.8000 | weighted_recall 0.1869 | union_precision 0.8000 | threshold 0.875 | val_model raw | lr 0.001000
Epoch 24/60 | train_loss 0.7544 | union_precision 0.7778 | weighted_recall 0.2009 | union_precision 0.7778 | threshold 0.825 | val_model raw | lr 0.001000
Epoch 25/60 | train_loss 0.7268 | union_precision 0.8000 | weighted_recall 0.0794 | union_precision 0.8000 | threshold 0.875 | val_model raw | lr 0.001000
Epoch 26/60 | train_loss 0.7080 | union_precision 0.8333 | weighted_recall 0.1916 | union_precision 0.8333 | threshold 0.875 | val_model raw | lr 0.001000
Epoch 27/60 | train_loss 0.6989 | union_precision 0.8333 | weighted_recall 0.1916 | union_precision 0.8333 | threshold 0.875 | val_model raw | lr 0.001000
Epoch 28/60 | train_loss 0.6847 | union_precision 0.8000 | weighted_recall 0.1729 | union_precision 0.8000 | threshold 0.900 | val_model raw | lr 0.001000
Epoch 29/60 | train_loss 0.6552 | union_precision 0.8000 | weighted_recall 0.1729 | union_precision 0.8000 | threshold 0.900 | val_model raw | lr 0.001000
Epoch 30/60 | train_loss 0.6481 | union_precision 0.8000 | weighted_recall 0.1729 | union_precision 0.8000 | threshold 0.900 | val_model raw | lr 0.001000
Epoch 31/60 | train_loss 0.6405 | union_precision 0.8000 | weighted_recall 0.1729 | union_precision 0.8000 | threshold 0.900 | val_model raw | lr 0.001000
Epoch 32/60 | train_loss 0.6220 | union_precision 0.8000 | weighted_recall 0.1729 | union_precision 0.8000 | threshold 0.900 | val_model raw | lr 0.001000
Epoch 33/60 | train_loss 0.6193 | union_precision 0.8000 | weighted_recall 0.1729 | union_precision 0.8000 | threshold 0.900 | val_model raw | lr 0.001000
Epoch 34/60 | train_loss 0.6085 | union_precision 0.8000 | weighted_recall 0.1729 | union_precision 0.8000 | threshold 0.900 | val_model raw | lr 0.001000
Epoch 35/60 | train_loss 0.5877 | union_precision 0.8000 | weighted_recall 0.1729 | union_precision 0.8000 | threshold 0.900 | val_model raw | lr 0.001000
Epoch 36/60 | train_loss 0.5821 | union_precision 0.8000 | weighted_recall 0.1729 | union_precision 0.8000 | threshold 0.900 | val_model raw | lr 0.001000
Early stopping at epoch 36
Held-out M30-3 | union_precision=0.8333 | weighted_recall=0.1916 | consensus_recall=0.0000
Epoch 1/60 | train_loss 1.5406 | union_precision 1.0000 | weighted_recall 0.1686 | union_precision 1.0000 | threshold 0.825 | val_model raw | lr 0.001000
Epoch 2/60 | train_loss 1.4043 | union_precision 1.0000 | weighted_recall 0.0115 | union_precision 1.0000 | threshold 0.800 | val_model raw | lr 0.001000
Epoch 3/60 | train_loss 1.3148 | union_precision 0.6667 | weighted_recall 0.1686 | union_precision 0.6667 | threshold 0.750 | val_model raw | lr 0.001000
Epoch 4/60 | train_loss 1.2362 | union_precision 0.6667 | weighted_recall 0.2490 | union_precision 0.6667 | threshold 0.775 | val_model raw | lr 0.001000
Epoch 5/60 | train_loss 1.1933 | union_precision 0.5385 | weighted_recall 0.3333 | union_precision 0.5385 | threshold 0.600 | val_model raw | lr 0.001000
Epoch 6/60 | train_loss 1.1601 | union_precision 0.5000 | weighted_recall 0.2490 | union_precision 0.5000 | threshold 0.825 | val_model raw | lr 0.001000
Epoch 7/60 | train_loss 1.1232 | union_precision 0.6667 | weighted_recall 0.2490 | union_precision 0.6667 | threshold 0.850 | val_model raw | lr 0.001000
Epoch 8/60 | train_loss 1.0850 | union_precision 1.0000 | weighted_recall 0.2490 | union_precision 1.0000 | threshold 0.875 | val_model raw | lr 0.001000
Epoch 9/60 | train_loss 1.0617 | union_precision 1.0000 | weighted_recall 0.0920 | union_precision 1.0000 | threshold 0.900 | val_model raw | lr 0.001000
Epoch 10/60 | train_loss 1.0370 | union_precision 1.0000 | weighted_recall 0.0920 | union_precision 1.0000 | threshold 0.925 | val_model raw | lr 0.001000
Epoch 11/60 | train_loss 1.0095 | union_precision 0.6667 | weighted_recall 0.2490 | union_precision 0.6667 | threshold 0.925 | val_model raw | lr 0.001000
Epoch 12/60 | train_loss 0.9787 | union_precision 1.0000 | weighted_recall 0.0920 | union_precision 1.0000 | threshold 0.950 | val_model raw | lr 0.001000
Epoch 13/60 | train_loss 0.9703 | union_precision 1.0000 | weighted_recall 0.0920 | union_precision 1.0000 | threshold 0.950 | val_model raw | lr 0.001000
Epoch 14/60 | train_loss 0.9387 | union_precision 1.0000 | weighted_recall 0.0920 | union_precision 1.0000 | threshold 0.950 | val_model raw | lr 0.001000
Epoch 15/60 | train_loss 0.9194 | union_precision 0.6667 | weighted_recall 0.2490 | union_precision 0.6667 | threshold 0.950 | val_model raw | lr 0.001000
Epoch 16/60 | train_loss 0.8957 | union_precision 0.6667 | weighted_recall 0.2490 | union_precision 0.6667 | threshold 0.950 | val_model raw | lr 0.001000
Epoch 17/60 | train_loss 0.8765 | union_precision 0.6667 | weighted_recall 0.2490 | union_precision 0.6667 | threshold 0.950 | val_model raw | lr 0.001000
Epoch 18/60 | train_loss 0.8621 | union_precision 0.6667 | weighted_recall 0.2490 | union_precision 0.6667 | threshold 0.950 | val_model raw | lr 0.001000
Early stopping at epoch 18
Held-out M30-4 | union_precision=1.0000 | weighted_recall=0.2490 | consensus_recall=1.0000
Epoch 1/60 | train_loss 1.5307 | union_precision 0.2353 | weighted_recall 0.3103 | union_precision 0.2353 | threshold 0.475 | val_model raw | lr 0.001000
Epoch 2/60 | train_loss 1.3944 | union_precision 0.2500 | weighted_recall 0.3103 | union_precision 0.2500 | threshold 0.475 | val_model raw | lr 0.001000
Epoch 3/60 | train_loss 1.3045 | union_precision 0.2500 | weighted_recall 0.3103 | union_precision 0.2500 | threshold 0.500 | val_model raw | lr 0.001000
Epoch 4/60 | train_loss 1.2290 | union_precision 0.2500 | weighted_recall 0.3103 | union_precision 0.2500 | threshold 0.500 | val_model raw | lr 0.001000
Epoch 5/60 | train_loss 1.1859 | union_precision 0.3000 | weighted_recall 0.2759 | union_precision 0.3000 | threshold 0.600 | val_model raw | lr 0.001000
Epoch 6/60 | train_loss 1.1546 | union_precision 0.2727 | weighted_recall 0.2759 | union_precision 0.2727 | threshold 0.600 | val_model raw | lr 0.001000
Epoch 7/60 | train_loss 1.1176 | union_precision 0.2857 | weighted_recall 0.2069 | union_precision 0.2857 | threshold 0.625 | val_model raw | lr 0.001000
Epoch 8/60 | train_loss 1.0771 | union_precision 0.2857 | weighted_recall 0.2069 | union_precision 0.2857 | threshold 0.625 | val_model raw | lr 0.001000
Epoch 9/60 | train_loss 1.0557 | union_precision 0.3333 | weighted_recall 0.2414 | union_precision 0.3333 | threshold 0.625 | val_model raw | lr 0.001000
Epoch 10/60 | train_loss 1.0348 | union_precision 0.4000 | weighted_recall 0.3103 | union_precision 0.4000 | threshold 0.625 | val_model raw | lr 0.001000
Epoch 11/60 | train_loss 1.0077 | union_precision 0.5000 | weighted_recall 0.0345 | union_precision 0.5000 | threshold 0.700 | val_model raw | lr 0.001000
Epoch 12/60 | train_loss 0.9748 | union_precision 0.5000 | weighted_recall 0.0345 | union_precision 0.5000 | threshold 0.700 | val_model raw | lr 0.001000
Epoch 13/60 | train_loss 0.9701 | union_precision 0.5000 | weighted_recall 0.1379 | union_precision 0.5000 | threshold 0.650 | val_model raw | lr 0.001000
Epoch 14/60 | train_loss 0.9378 | union_precision 0.5000 | weighted_recall 0.1379 | union_precision 0.5000 | threshold 0.650 | val_model raw | lr 0.001000
Epoch 15/60 | train_loss 0.9176 | union_precision 1.0000 | weighted_recall 0.0345 | union_precision 1.0000 | threshold 0.825 | val_model raw | lr 0.001000
Epoch 16/60 | train_loss 0.8925 | union_precision 0.5714 | weighted_recall 0.2069 | union_precision 0.5714 | threshold 0.650 | val_model raw | lr 0.001000
Epoch 17/60 | train_loss 0.8726 | union_precision 1.0000 | weighted_recall 0.0345 | union_precision 1.0000 | threshold 0.850 | val_model raw | lr 0.001000
Epoch 18/60 | train_loss 0.8623 | union_precision 1.0000 | weighted_recall 0.0345 | union_precision 1.0000 | threshold 0.875 | val_model raw | lr 0.001000
Epoch 19/60 | train_loss 0.8421 | union_precision 1.0000 | weighted_recall 0.0345 | union_precision 1.0000 | threshold 0.875 | val_model raw | lr 0.001000
Epoch 20/60 | train_loss 0.8139 | union_precision 1.0000 | weighted_recall 0.0345 | union_precision 1.0000 | threshold 0.875 | val_model raw | lr 0.001000
Epoch 21/60 | train_loss 0.8033 | union_precision 1.0000 | weighted_recall 0.0345 | union_precision 1.0000 | threshold 0.875 | val_model raw | lr 0.001000
Epoch 22/60 | train_loss 0.7637 | union_precision 1.0000 | weighted_recall 0.0345 | union_precision 1.0000 | threshold 0.900 | val_model raw | lr 0.001000
Epoch 23/60 | train_loss 0.7598 | union_precision 1.0000 | weighted_recall 0.0345 | union_precision 1.0000 | threshold 0.900 | val_model raw | lr 0.001000
Epoch 24/60 | train_loss 0.7601 | union_precision 1.0000 | weighted_recall 0.0345 | union_precision 1.0000 | threshold 0.925 | val_model raw | lr 0.001000
Epoch 25/60 | train_loss 0.7380 | union_precision 1.0000 | weighted_recall 0.0345 | union_precision 1.0000 | threshold 0.925 | val_model raw | lr 0.001000
Early stopping at epoch 25
Held-out M33-1 | union_precision=1.0000 | weighted_recall=0.0345 | consensus_recall=0.0000
Epoch 1/60 | train_loss 1.5374 | union_precision 0.5000 | weighted_recall 0.0041 | union_precision 0.5000 | threshold 0.575 | val_model raw | lr 0.001000
Epoch 2/60 | train_loss 1.3945 | union_precision 0.6364 | weighted_recall 0.0413 | union_precision 0.6364 | threshold 0.550 | val_model raw | lr 0.001000
Epoch 3/60 | train_loss 1.3055 | union_precision 0.8000 | weighted_recall 0.0248 | union_precision 0.8000 | threshold 0.575 | val_model raw | lr 0.001000
Epoch 4/60 | train_loss 1.2268 | union_precision 0.8000 | weighted_recall 0.0248 | union_precision 0.8000 | threshold 0.600 | val_model raw | lr 0.001000
Epoch 5/60 | train_loss 1.1861 | union_precision 0.8000 | weighted_recall 0.0248 | union_precision 0.8000 | threshold 0.600 | val_model raw | lr 0.001000
Epoch 6/60 | train_loss 1.1526 | union_precision 0.8000 | weighted_recall 0.0248 | union_precision 0.8000 | threshold 0.625 | val_model raw | lr 0.001000
Epoch 7/60 | train_loss 1.1146 | union_precision 0.8000 | weighted_recall 0.0248 | union_precision 0.8000 | threshold 0.625 | val_model raw | lr 0.001000
Epoch 8/60 | train_loss 1.0748 | union_precision 0.7500 | weighted_recall 0.0372 | union_precision 0.7500 | threshold 0.625 | val_model raw | lr 0.001000
Epoch 9/60 | train_loss 1.0527 | union_precision 0.7500 | weighted_recall 0.0207 | union_precision 0.7500 | threshold 0.650 | val_model raw | lr 0.001000
Epoch 10/60 | train_loss 1.0324 | union_precision 0.8000 | weighted_recall 0.0289 | union_precision 0.8000 | threshold 0.650 | val_model raw | lr 0.001000
Epoch 11/60 | train_loss 1.0072 | union_precision 0.6667 | weighted_recall 0.0289 | union_precision 0.6667 | threshold 0.650 | val_model raw | lr 0.001000
Epoch 12/60 | train_loss 0.9740 | union_precision 0.7000 | weighted_recall 0.0455 | union_precision 0.7000 | threshold 0.625 | val_model raw | lr 0.001000
Epoch 13/60 | train_loss 0.9635 | union_precision 0.6364 | weighted_recall 0.0455 | union_precision 0.6364 | threshold 0.625 | val_model raw | lr 0.001000
Epoch 14/60 | train_loss 0.9328 | union_precision 0.6667 | weighted_recall 0.0744 | union_precision 0.6667 | threshold 0.625 | val_model raw | lr 0.001000
Epoch 15/60 | train_loss 0.9141 | union_precision 0.6667 | weighted_recall 0.0579 | union_precision 0.6667 | threshold 0.650 | val_model raw | lr 0.001000
Epoch 16/60 | train_loss 0.8919 | union_precision 0.6667 | weighted_recall 0.0661 | union_precision 0.6667 | threshold 0.650 | val_model raw | lr 0.001000
Epoch 17/60 | train_loss 0.8690 | union_precision 1.0000 | weighted_recall 0.0083 | union_precision 1.0000 | threshold 0.775 | val_model raw | lr 0.001000
Epoch 18/60 | train_loss 0.8603 | union_precision 1.0000 | weighted_recall 0.0124 | union_precision 1.0000 | threshold 0.775 | val_model raw | lr 0.001000
Epoch 19/60 | train_loss 0.8392 | union_precision 1.0000 | weighted_recall 0.0124 | union_precision 1.0000 | threshold 0.775 | val_model raw | lr 0.001000
Epoch 20/60 | train_loss 0.8099 | union_precision 1.0000 | weighted_recall 0.0124 | union_precision 1.0000 | threshold 0.800 | val_model raw | lr 0.001000
Early stopping at epoch 20
Held-out M33-2 | union_precision=0.8000 | weighted_recall=0.0289 | consensus_recall=0.0000
Epoch 1/60 | train_loss 1.5310 | union_precision 0.0952 | weighted_recall 0.3846 | union_precision 0.0952 | threshold 0.500 | val_model raw | lr 0.001000
Epoch 2/60 | train_loss 1.3945 | union_precision 0.1538 | weighted_recall 0.5128 | union_precision 0.1538 | threshold 0.050 | val_model raw | lr 0.001000
Epoch 3/60 | train_loss 1.3064 | union_precision 0.1538 | weighted_recall 0.5128 | union_precision 0.1538 | threshold 0.050 | val_model raw | lr 0.001000
Epoch 4/60 | train_loss 1.2284 | union_precision 0.2143 | weighted_recall 0.5641 | union_precision 0.2143 | threshold 0.050 | val_model raw | lr 0.001000
Epoch 5/60 | train_loss 1.1872 | union_precision 0.2069 | weighted_recall 0.5641 | union_precision 0.2069 | threshold 0.050 | val_model raw | lr 0.001000
Epoch 6/60 | train_loss 1.1554 | union_precision 0.2000 | weighted_recall 0.5128 | union_precision 0.2000 | threshold 0.525 | val_model raw | lr 0.001000
Epoch 7/60 | train_loss 1.1169 | union_precision 0.2105 | weighted_recall 0.5128 | union_precision 0.2105 | threshold 0.550 | val_model raw | lr 0.001000
Epoch 8/60 | train_loss 1.0777 | union_precision 0.2105 | weighted_recall 0.5128 | union_precision 0.2105 | threshold 0.550 | val_model raw | lr 0.001000
Epoch 9/60 | train_loss 1.0571 | union_precision 0.2105 | weighted_recall 0.5128 | union_precision 0.2105 | threshold 0.575 | val_model raw | lr 0.001000
Epoch 10/60 | train_loss 1.0346 | union_precision 0.2105 | weighted_recall 0.5128 | union_precision 0.2105 | threshold 0.575 | val_model raw | lr 0.001000
Epoch 11/60 | train_loss 1.0067 | union_precision 0.2308 | weighted_recall 0.3333 | union_precision 0.2308 | threshold 0.625 | val_model raw | lr 0.001000
Epoch 12/60 | train_loss 0.9756 | union_precision 0.2308 | weighted_recall 0.3333 | union_precision 0.2308 | threshold 0.625 | val_model raw | lr 0.001000
Epoch 13/60 | train_loss 0.9670 | union_precision 0.2857 | weighted_recall 0.5128 | union_precision 0.2857 | threshold 0.625 | val_model raw | lr 0.001000
Epoch 14/60 | train_loss 0.9336 | union_precision 0.2857 | weighted_recall 0.5128 | union_precision 0.2857 | threshold 0.625 | val_model raw | lr 0.001000
Epoch 15/60 | train_loss 0.9170 | union_precision 0.3000 | weighted_recall 0.3333 | union_precision 0.3000 | threshold 0.675 | val_model raw | lr 0.001000
Epoch 16/60 | train_loss 0.8929 | union_precision 0.2857 | weighted_recall 0.5128 | union_precision 0.2857 | threshold 0.625 | val_model raw | lr 0.001000
Epoch 17/60 | train_loss 0.8701 | union_precision 0.3846 | weighted_recall 0.5641 | union_precision 0.3846 | threshold 0.650 | val_model raw | lr 0.001000
Epoch 18/60 | train_loss 0.8637 | union_precision 0.3846 | weighted_recall 0.5641 | union_precision 0.3846 | threshold 0.650 | val_model raw | lr 0.001000
Epoch 19/60 | train_loss 0.8426 | union_precision 0.4286 | weighted_recall 0.3333 | union_precision 0.4286 | threshold 0.725 | val_model raw | lr 0.001000
Epoch 20/60 | train_loss 0.8162 | union_precision 0.5000 | weighted_recall 0.1282 | union_precision 0.5000 | threshold 0.775 | val_model raw | lr 0.001000
Epoch 21/60 | train_loss 0.8063 | union_precision 1.0000 | weighted_recall 0.0769 | union_precision 1.0000 | threshold 0.800 | val_model raw | lr 0.001000
Epoch 22/60 | train_loss 0.7694 | union_precision 0.6667 | weighted_recall 0.1282 | union_precision 0.6667 | threshold 0.800 | val_model raw | lr 0.001000
Epoch 23/60 | train_loss 0.7620 | union_precision 0.6667 | weighted_recall 0.1282 | union_precision 0.6667 | threshold 0.800 | val_model raw | lr 0.001000
Epoch 24/60 | train_loss 0.7593 | union_precision 1.0000 | weighted_recall 0.0769 | union_precision 1.0000 | threshold 0.825 | val_model raw | lr 0.001000
Epoch 25/60 | train_loss 0.7357 | union_precision 1.0000 | weighted_recall 0.0769 | union_precision 1.0000 | threshold 0.825 | val_model raw | lr 0.001000
Epoch 26/60 | train_loss 0.7184 | union_precision 1.0000 | weighted_recall 0.0769 | union_precision 1.0000 | threshold 0.825 | val_model raw | lr 0.001000
Epoch 27/60 | train_loss 0.7132 | union_precision 1.0000 | weighted_recall 0.0769 | union_precision 1.0000 | threshold 0.825 | val_model raw | lr 0.001000
Epoch 28/60 | train_loss 0.6971 | union_precision 1.0000 | weighted_recall 0.0769 | union_precision 1.0000 | threshold 0.825 | val_model raw | lr 0.001000
Epoch 29/60 | train_loss 0.6694 | union_precision 1.0000 | weighted_recall 0.0769 | union_precision 1.0000 | threshold 0.825 | val_model raw | lr 0.001000
Epoch 30/60 | train_loss 0.6559 | union_precision 0.5000 | weighted_recall 0.1795 | union_precision 0.5000 | threshold 0.700 | val_model raw | lr 0.001000
Epoch 31/60 | train_loss 0.6554 | union_precision 0.5714 | weighted_recall 0.3846 | union_precision 0.5714 | threshold 0.675 | val_model raw | lr 0.001000
Early stopping at epoch 31
Held-out M33-3 | union_precision=1.0000 | weighted_recall=0.0769 | consensus_recall=0.0000
Epoch 1/60 | train_loss 1.5281 | union_precision 0.8333 | weighted_recall 0.0284 | union_precision 0.8333 | threshold 0.525 | val_model raw | lr 0.001000
Epoch 2/60 | train_loss 1.3850 | union_precision 0.8333 | weighted_recall 0.0304 | union_precision 0.8333 | threshold 0.550 | val_model raw | lr 0.001000
Epoch 3/60 | train_loss 1.2913 | union_precision 0.8889 | weighted_recall 0.1542 | union_precision 0.8889 | threshold 0.550 | val_model raw | lr 0.001000
Epoch 4/60 | train_loss 1.2355 | union_precision 0.8148 | weighted_recall 0.2333 | union_precision 0.8148 | threshold 0.550 | val_model raw | lr 0.001000
Epoch 5/60 | train_loss 1.1965 | union_precision 0.8000 | weighted_recall 0.0122 | union_precision 0.8000 | threshold 0.725 | val_model raw | lr 0.001000
Epoch 6/60 | train_loss 1.1533 | union_precision 0.8000 | weighted_recall 0.1602 | union_precision 0.8000 | threshold 0.600 | val_model raw | lr 0.001000
Epoch 7/60 | train_loss 1.0958 | union_precision 0.8750 | weighted_recall 0.0751 | union_precision 0.8750 | threshold 0.625 | val_model raw | lr 0.001000
Epoch 8/60 | train_loss 1.0853 | union_precision 0.8571 | weighted_recall 0.0892 | union_precision 0.8571 | threshold 0.625 | val_model raw | lr 0.001000
Epoch 9/60 | train_loss 1.0401 | union_precision 0.8636 | weighted_recall 0.0913 | union_precision 0.8636 | threshold 0.625 | val_model raw | lr 0.001000
Epoch 10/60 | train_loss 1.0126 | union_precision 0.8889 | weighted_recall 0.0852 | union_precision 0.8889 | threshold 0.650 | val_model raw | lr 0.001000
Epoch 11/60 | train_loss 1.0108 | union_precision 0.8148 | weighted_recall 0.0994 | union_precision 0.8148 | threshold 0.650 | val_model raw | lr 0.001000
Epoch 12/60 | train_loss 0.9697 | union_precision 0.8500 | weighted_recall 0.0872 | union_precision 0.8500 | threshold 0.675 | val_model raw | lr 0.001000
Epoch 13/60 | train_loss 0.9552 | union_precision 0.8182 | weighted_recall 0.0892 | union_precision 0.8182 | threshold 0.675 | val_model raw | lr 0.001000
Epoch 14/60 | train_loss 0.9217 | union_precision 0.8182 | weighted_recall 0.0892 | union_precision 0.8182 | threshold 0.675 | val_model raw | lr 0.001000
Early stopping at epoch 14
Held-out M33-4 | union_precision=0.8148 | weighted_recall=0.2333 | consensus_recall=1.0000
Epoch 1/60 | train_loss 1.5408 | union_precision 0.1400 | weighted_recall 0.1194 | union_precision 0.1400 | threshold 0.050 | val_model raw | lr 0.001000
Epoch 2/60 | train_loss 1.3949 | union_precision 0.2308 | weighted_recall 0.0224 | union_precision 0.2308 | threshold 0.525 | val_model raw | lr 0.001000
Epoch 3/60 | train_loss 1.3062 | union_precision 0.1379 | weighted_recall 0.1716 | union_precision 0.1379 | threshold 0.425 | val_model raw | lr 0.001000
Epoch 4/60 | train_loss 1.2207 | union_precision 0.1481 | weighted_recall 0.2015 | union_precision 0.1481 | threshold 0.450 | val_model raw | lr 0.001000
Epoch 5/60 | train_loss 1.1840 | union_precision 0.1455 | weighted_recall 0.2015 | union_precision 0.1455 | threshold 0.450 | val_model raw | lr 0.001000
Epoch 6/60 | train_loss 1.1475 | union_precision 0.2083 | weighted_recall 0.1791 | union_precision 0.2083 | threshold 0.525 | val_model raw | lr 0.001000
Epoch 7/60 | train_loss 1.1035 | union_precision 0.2400 | weighted_recall 0.1866 | union_precision 0.2400 | threshold 0.525 | val_model raw | lr 0.001000
Epoch 8/60 | train_loss 1.0728 | union_precision 0.2692 | weighted_recall 0.2090 | union_precision 0.2692 | threshold 0.525 | val_model raw | lr 0.001000
Epoch 9/60 | train_loss 1.0514 | union_precision 0.3333 | weighted_recall 0.0075 | union_precision 0.3333 | threshold 0.675 | val_model raw | lr 0.001000
Epoch 10/60 | train_loss 1.0283 | union_precision 0.2692 | weighted_recall 0.2090 | union_precision 0.2692 | threshold 0.550 | val_model raw | lr 0.001000
Epoch 11/60 | train_loss 0.9950 | union_precision 0.3333 | weighted_recall 0.0448 | union_precision 0.3333 | threshold 0.675 | val_model raw | lr 0.001000
Epoch 12/60 | train_loss 0.9659 | union_precision 0.3333 | weighted_recall 0.0448 | union_precision 0.3333 | threshold 0.675 | val_model raw | lr 0.001000
Epoch 13/60 | train_loss 0.9568 | union_precision 0.4000 | weighted_recall 0.0448 | union_precision 0.4000 | threshold 0.700 | val_model raw | lr 0.001000
Epoch 14/60 | train_loss 0.9253 | union_precision 0.5000 | weighted_recall 0.0448 | union_precision 0.5000 | threshold 0.725 | val_model raw | lr 0.001000
Epoch 15/60 | train_loss 0.9056 | union_precision 0.5000 | weighted_recall 0.0448 | union_precision 0.5000 | threshold 0.725 | val_model raw | lr 0.001000
Epoch 16/60 | train_loss 0.8808 | union_precision 0.6667 | weighted_recall 0.0448 | union_precision 0.6667 | threshold 0.750 | val_model raw | lr 0.001000
Epoch 17/60 | train_loss 0.8582 | union_precision 0.6667 | weighted_recall 0.0448 | union_precision 0.6667 | threshold 0.750 | val_model raw | lr 0.001000
Epoch 18/60 | train_loss 0.8463 | union_precision 0.6667 | weighted_recall 0.0448 | union_precision 0.6667 | threshold 0.750 | val_model raw | lr 0.001000
Epoch 19/60 | train_loss 0.8230 | union_precision 0.7143 | weighted_recall 0.0746 | union_precision 0.7143 | threshold 0.700 | val_model raw | lr 0.001000
Epoch 20/60 | train_loss 0.8018 | union_precision 0.7500 | weighted_recall 0.0522 | union_precision 0.7500 | threshold 0.775 | val_model raw | lr 0.001000
Epoch 21/60 | train_loss 0.7959 | union_precision 1.0000 | weighted_recall 0.0373 | union_precision 1.0000 | threshold 0.850 | val_model raw | lr 0.001000
Epoch 22/60 | train_loss 0.7574 | union_precision 1.0000 | weighted_recall 0.0373 | union_precision 1.0000 | threshold 0.850 | val_model raw | lr 0.001000
Epoch 23/60 | train_loss 0.7481 | union_precision 0.8000 | weighted_recall 0.0672 | union_precision 0.8000 | threshold 0.775 | val_model raw | lr 0.001000
Epoch 24/60 | train_loss 0.7462 | union_precision 1.0000 | weighted_recall 0.0448 | union_precision 1.0000 | threshold 0.825 | val_model raw | lr 0.001000
Epoch 25/60 | train_loss 0.7288 | union_precision 1.0000 | weighted_recall 0.0448 | union_precision 1.0000 | threshold 0.825 | val_model raw | lr 0.001000
Epoch 26/60 | train_loss 0.7088 | union_precision 1.0000 | weighted_recall 0.0448 | union_precision 1.0000 | threshold 0.825 | val_model raw | lr 0.001000
Epoch 27/60 | train_loss 0.7000 | union_precision 1.0000 | weighted_recall 0.0448 | union_precision 1.0000 | threshold 0.850 | val_model raw | lr 0.001000
Epoch 28/60 | train_loss 0.6806 | union_precision 1.0000 | weighted_recall 0.0448 | union_precision 1.0000 | threshold 0.850 | val_model raw | lr 0.001000
Epoch 29/60 | train_loss 0.6619 | union_precision 1.0000 | weighted_recall 0.0448 | union_precision 1.0000 | threshold 0.850 | val_model raw | lr 0.001000
Epoch 30/60 | train_loss 0.6516 | union_precision 1.0000 | weighted_recall 0.0672 | union_precision 1.0000 | threshold 0.850 | val_model raw | lr 0.001000
Epoch 31/60 | train_loss 0.6420 | union_precision 1.0000 | weighted_recall 0.0448 | union_precision 1.0000 | threshold 0.875 | val_model raw | lr 0.001000
Epoch 32/60 | train_loss 0.6279 | union_precision 1.0000 | weighted_recall 0.0672 | union_precision 1.0000 | threshold 0.875 | val_model raw | lr 0.001000
Epoch 33/60 | train_loss 0.6174 | union_precision 1.0000 | weighted_recall 0.0672 | union_precision 1.0000 | threshold 0.875 | val_model raw | lr 0.001000
Epoch 34/60 | train_loss 0.6051 | union_precision 1.0000 | weighted_recall 0.0672 | union_precision 1.0000 | threshold 0.900 | val_model raw | lr 0.001000
Epoch 35/60 | train_loss 0.5764 | union_precision 1.0000 | weighted_recall 0.0672 | union_precision 1.0000 | threshold 0.900 | val_model raw | lr 0.001000
Epoch 36/60 | train_loss 0.5787 | union_precision 1.0000 | weighted_recall 0.0597 | union_precision 1.0000 | threshold 0.900 | val_model raw | lr 0.001000
Epoch 37/60 | train_loss 0.5809 | union_precision 1.0000 | weighted_recall 0.0597 | union_precision 1.0000 | threshold 0.900 | val_model raw | lr 0.001000
Epoch 38/60 | train_loss 0.5505 | union_precision 1.0000 | weighted_recall 0.0373 | union_precision 1.0000 | threshold 0.925 | val_model raw | lr 0.001000
Epoch 39/60 | train_loss 0.5482 | union_precision 1.0000 | weighted_recall 0.0373 | union_precision 1.0000 | threshold 0.925 | val_model raw | lr 0.001000
Epoch 40/60 | train_loss 0.5336 | union_precision 1.0000 | weighted_recall 0.0373 | union_precision 1.0000 | threshold 0.925 | val_model raw | lr 0.001000
Early stopping at epoch 40
Held-out M41-1 | union_precision=1.0000 | weighted_recall=0.0672 | consensus_recall=0.0000
Epoch 1/60 | train_loss 1.5416 | union_precision 0.3750 | weighted_recall 0.1481 | union_precision 0.3750 | threshold 0.475 | val_model raw | lr 0.001000
Epoch 2/60 | train_loss 1.3974 | union_precision 0.3500 | weighted_recall 0.2593 | union_precision 0.3500 | threshold 0.450 | val_model raw | lr 0.001000
Epoch 3/60 | train_loss 1.3102 | union_precision 0.3333 | weighted_recall 0.0926 | union_precision 0.3333 | threshold 0.500 | val_model raw | lr 0.001000
Epoch 4/60 | train_loss 1.2288 | union_precision 0.3333 | weighted_recall 0.2037 | union_precision 0.3333 | threshold 0.500 | val_model raw | lr 0.001000
Epoch 5/60 | train_loss 1.1900 | union_precision 0.3846 | weighted_recall 0.2037 | union_precision 0.3846 | threshold 0.525 | val_model raw | lr 0.001000
Epoch 6/60 | train_loss 1.1510 | union_precision 0.3636 | weighted_recall 0.1852 | union_precision 0.3636 | threshold 0.550 | val_model raw | lr 0.001000
Epoch 7/60 | train_loss 1.1085 | union_precision 0.4167 | weighted_recall 0.2037 | union_precision 0.4167 | threshold 0.550 | val_model raw | lr 0.001000
Epoch 8/60 | train_loss 1.0765 | union_precision 0.3571 | weighted_recall 0.2037 | union_precision 0.3571 | threshold 0.550 | val_model raw | lr 0.001000
Epoch 9/60 | train_loss 1.0619 | union_precision 0.4000 | weighted_recall 0.2222 | union_precision 0.4000 | threshold 0.550 | val_model raw | lr 0.001000
Epoch 10/60 | train_loss 1.0337 | union_precision 0.3571 | weighted_recall 0.2037 | union_precision 0.3571 | threshold 0.575 | val_model raw | lr 0.001000
Epoch 11/60 | train_loss 1.0034 | union_precision 0.4000 | weighted_recall 0.2222 | union_precision 0.4000 | threshold 0.575 | val_model raw | lr 0.001000
Epoch 12/60 | train_loss 0.9740 | union_precision 0.4000 | weighted_recall 0.2222 | union_precision 0.4000 | threshold 0.575 | val_model raw | lr 0.001000
Epoch 13/60 | train_loss 0.9634 | union_precision 0.4000 | weighted_recall 0.2222 | union_precision 0.4000 | threshold 0.600 | val_model raw | lr 0.001000
Epoch 14/60 | train_loss 0.9338 | union_precision 0.4000 | weighted_recall 0.2222 | union_precision 0.4000 | threshold 0.575 | val_model raw | lr 0.001000
Epoch 15/60 | train_loss 0.9136 | union_precision 0.3846 | weighted_recall 0.2037 | union_precision 0.3846 | threshold 0.625 | val_model raw | lr 0.001000
Epoch 16/60 | train_loss 0.8867 | union_precision 0.3846 | weighted_recall 0.2037 | union_precision 0.3846 | threshold 0.625 | val_model raw | lr 0.001000
Epoch 17/60 | train_loss 0.8629 | union_precision 0.4444 | weighted_recall 0.1667 | union_precision 0.4444 | threshold 0.650 | val_model raw | lr 0.001000
Epoch 18/60 | train_loss 0.8551 | union_precision 0.5000 | weighted_recall 0.0926 | union_precision 0.5000 | threshold 0.750 | val_model raw | lr 0.001000
Epoch 19/60 | train_loss 0.8327 | union_precision 0.5000 | weighted_recall 0.0926 | union_precision 0.5000 | threshold 0.750 | val_model raw | lr 0.001000
Epoch 20/60 | train_loss 0.8136 | union_precision 0.5000 | weighted_recall 0.0926 | union_precision 0.5000 | threshold 0.775 | val_model raw | lr 0.001000
Epoch 21/60 | train_loss 0.8035 | union_precision 0.5000 | weighted_recall 0.1481 | union_precision 0.5000 | threshold 0.675 | val_model raw | lr 0.001000
Epoch 22/60 | train_loss 0.7632 | union_precision 0.5000 | weighted_recall 0.1481 | union_precision 0.5000 | threshold 0.675 | val_model raw | lr 0.001000
Epoch 23/60 | train_loss 0.7574 | union_precision 0.5000 | weighted_recall 0.1481 | union_precision 0.5000 | threshold 0.700 | val_model raw | lr 0.001000
Epoch 24/60 | train_loss 0.7497 | union_precision 0.6000 | weighted_recall 0.1481 | union_precision 0.6000 | threshold 0.700 | val_model raw | lr 0.001000
Epoch 25/60 | train_loss 0.7418 | union_precision 0.5000 | weighted_recall 0.1481 | union_precision 0.5000 | threshold 0.675 | val_model raw | lr 0.001000
Epoch 26/60 | train_loss 0.7154 | union_precision 0.5000 | weighted_recall 0.1481 | union_precision 0.5000 | threshold 0.675 | val_model raw | lr 0.001000
Epoch 27/60 | train_loss 0.7064 | union_precision 0.5000 | weighted_recall 0.1481 | union_precision 0.5000 | threshold 0.675 | val_model raw | lr 0.001000
Epoch 28/60 | train_loss 0.6893 | union_precision 0.5000 | weighted_recall 0.1481 | union_precision 0.5000 | threshold 0.650 | val_model raw | lr 0.001000
Epoch 29/60 | train_loss 0.6673 | union_precision 0.5000 | weighted_recall 0.1481 | union_precision 0.5000 | threshold 0.650 | val_model raw | lr 0.001000
Epoch 30/60 | train_loss 0.6580 | union_precision 0.5000 | weighted_recall 0.1481 | union_precision 0.5000 | threshold 0.650 | val_model raw | lr 0.001000
Epoch 31/60 | train_loss 0.6508 | union_precision 0.5000 | weighted_recall 0.1481 | union_precision 0.5000 | threshold 0.650 | val_model raw | lr 0.001000
Epoch 32/60 | train_loss 0.6328 | union_precision 0.5000 | weighted_recall 0.1296 | union_precision 0.5000 | threshold 0.675 | val_model raw | lr 0.001000
Epoch 33/60 | train_loss 0.6241 | union_precision 0.5000 | weighted_recall 0.1111 | union_precision 0.5000 | threshold 0.600 | val_model raw | lr 0.001000
Epoch 34/60 | train_loss 0.6137 | union_precision 0.5000 | weighted_recall 0.1111 | union_precision 0.5000 | threshold 0.600 | val_model raw | lr 0.001000
Early stopping at epoch 34
Held-out M41-2 | union_precision=0.6000 | weighted_recall=0.1481 | consensus_recall=0.0000
Epoch 1/60 | train_loss 1.5414 | union_precision 0.5455 | weighted_recall 0.1505 | union_precision 0.5455 | threshold 0.550 | val_model raw | lr 0.001000
Epoch 2/60 | train_loss 1.3948 | union_precision 0.6667 | weighted_recall 0.1828 | union_precision 0.6667 | threshold 0.550 | val_model raw | lr 0.001000
Epoch 3/60 | train_loss 1.3075 | union_precision 0.6667 | weighted_recall 0.2043 | union_precision 0.6667 | threshold 0.575 | val_model raw | lr 0.001000
Epoch 4/60 | train_loss 1.2285 | union_precision 0.6000 | weighted_recall 0.2043 | union_precision 0.6000 | threshold 0.575 | val_model raw | lr 0.001000
Epoch 5/60 | train_loss 1.1911 | union_precision 0.6429 | weighted_recall 0.3011 | union_precision 0.6429 | threshold 0.525 | val_model raw | lr 0.001000
Epoch 6/60 | train_loss 1.1510 | union_precision 0.6429 | weighted_recall 0.2796 | union_precision 0.6429 | threshold 0.525 | val_model raw | lr 0.001000
Epoch 7/60 | train_loss 1.1051 | union_precision 0.6429 | weighted_recall 0.2688 | union_precision 0.6429 | threshold 0.525 | val_model raw | lr 0.001000
Epoch 8/60 | train_loss 1.0751 | union_precision 0.6429 | weighted_recall 0.2688 | union_precision 0.6429 | threshold 0.525 | val_model raw | lr 0.001000
Epoch 9/60 | train_loss 1.0631 | union_precision 0.6667 | weighted_recall 0.3226 | union_precision 0.6667 | threshold 0.525 | val_model raw | lr 0.001000
Epoch 10/60 | train_loss 1.0321 | union_precision 0.6875 | weighted_recall 0.3333 | union_precision 0.6875 | threshold 0.525 | val_model raw | lr 0.001000
Epoch 11/60 | train_loss 1.0006 | union_precision 0.7000 | weighted_recall 0.2581 | union_precision 0.7000 | threshold 0.600 | val_model raw | lr 0.001000
Epoch 12/60 | train_loss 0.9715 | union_precision 0.7500 | weighted_recall 0.0968 | union_precision 0.7500 | threshold 0.700 | val_model raw | lr 0.001000
Epoch 13/60 | train_loss 0.9629 | union_precision 0.8000 | weighted_recall 0.1505 | union_precision 0.8000 | threshold 0.700 | val_model raw | lr 0.001000
Epoch 14/60 | train_loss 0.9318 | union_precision 0.6667 | weighted_recall 0.3226 | union_precision 0.6667 | threshold 0.550 | val_model raw | lr 0.001000
Epoch 15/60 | train_loss 0.9128 | union_precision 0.8000 | weighted_recall 0.1505 | union_precision 0.8000 | threshold 0.700 | val_model raw | lr 0.001000
Epoch 16/60 | train_loss 0.8836 | union_precision 0.8000 | weighted_recall 0.1505 | union_precision 0.8000 | threshold 0.700 | val_model raw | lr 0.001000
Epoch 17/60 | train_loss 0.8573 | union_precision 0.8750 | weighted_recall 0.2581 | union_precision 0.8750 | threshold 0.675 | val_model raw | lr 0.001000
Epoch 18/60 | train_loss 0.8485 | union_precision 0.8750 | weighted_recall 0.2581 | union_precision 0.8750 | threshold 0.675 | val_model raw | lr 0.001000
Epoch 19/60 | train_loss 0.8306 | union_precision 0.8750 | weighted_recall 0.2581 | union_precision 0.8750 | threshold 0.675 | val_model raw | lr 0.001000
Epoch 20/60 | train_loss 0.8108 | union_precision 0.8750 | weighted_recall 0.2581 | union_precision 0.8750 | threshold 0.700 | val_model raw | lr 0.001000
Epoch 21/60 | train_loss 0.8033 | union_precision 0.8750 | weighted_recall 0.2581 | union_precision 0.8750 | threshold 0.725 | val_model raw | lr 0.001000
Epoch 22/60 | train_loss 0.7597 | union_precision 0.8750 | weighted_recall 0.2366 | union_precision 0.8750 | threshold 0.725 | val_model raw | lr 0.001000
Epoch 23/60 | train_loss 0.7535 | union_precision 0.8750 | weighted_recall 0.2366 | union_precision 0.8750 | threshold 0.700 | val_model raw | lr 0.001000
Epoch 24/60 | train_loss 0.7463 | union_precision 0.8750 | weighted_recall 0.2366 | union_precision 0.8750 | threshold 0.700 | val_model raw | lr 0.001000
Epoch 25/60 | train_loss 0.7393 | union_precision 0.8750 | weighted_recall 0.2366 | union_precision 0.8750 | threshold 0.675 | val_model raw | lr 0.001000
Epoch 26/60 | train_loss 0.7133 | union_precision 0.8750 | weighted_recall 0.2581 | union_precision 0.8750 | threshold 0.650 | val_model raw | lr 0.001000
Epoch 27/60 | train_loss 0.7093 | union_precision 0.8750 | weighted_recall 0.2581 | union_precision 0.8750 | threshold 0.650 | val_model raw | lr 0.001000
Early stopping at epoch 27
Held-out M41-3 | union_precision=0.8750 | weighted_recall=0.2581 | consensus_recall=0.0000
Epoch 1/60 | train_loss 1.5428 | union_precision 0.6000 | weighted_recall 0.0448 | union_precision 0.6000 | threshold 0.575 | val_model raw | lr 0.001000
Epoch 2/60 | train_loss 1.3976 | union_precision 0.6667 | weighted_recall 0.0299 | union_precision 0.6667 | threshold 0.600 | val_model raw | lr 0.001000
Epoch 3/60 | train_loss 1.3077 | union_precision 1.0000 | weighted_recall 0.0149 | union_precision 1.0000 | threshold 0.625 | val_model raw | lr 0.001000
Epoch 4/60 | train_loss 1.2296 | union_precision 1.0000 | weighted_recall 0.0149 | union_precision 1.0000 | threshold 0.650 | val_model raw | lr 0.001000
Epoch 5/60 | train_loss 1.1944 | union_precision 0.8000 | weighted_recall 0.0746 | union_precision 0.8000 | threshold 0.625 | val_model raw | lr 0.001000
Epoch 6/60 | train_loss 1.1533 | union_precision 0.8000 | weighted_recall 0.0746 | union_precision 0.8000 | threshold 0.650 | val_model raw | lr 0.001000
Epoch 7/60 | train_loss 1.1065 | union_precision 0.8571 | weighted_recall 0.1493 | union_precision 0.8571 | threshold 0.650 | val_model raw | lr 0.001000
Epoch 8/60 | train_loss 1.0764 | union_precision 0.8000 | weighted_recall 0.0746 | union_precision 0.8000 | threshold 0.675 | val_model raw | lr 0.001000
Epoch 9/60 | train_loss 1.0645 | union_precision 0.8571 | weighted_recall 0.1493 | union_precision 0.8571 | threshold 0.675 | val_model raw | lr 0.001000
Epoch 10/60 | train_loss 1.0344 | union_precision 1.0000 | weighted_recall 0.0149 | union_precision 1.0000 | threshold 0.725 | val_model raw | lr 0.001000
Epoch 11/60 | train_loss 1.0050 | union_precision 0.6667 | weighted_recall 0.0746 | union_precision 0.6667 | threshold 0.700 | val_model raw | lr 0.001000
Epoch 12/60 | train_loss 0.9758 | union_precision 0.5833 | weighted_recall 0.1791 | union_precision 0.5833 | threshold 0.700 | val_model raw | lr 0.001000
Epoch 13/60 | train_loss 0.9660 | union_precision 0.6667 | weighted_recall 0.0746 | union_precision 0.6667 | threshold 0.725 | val_model raw | lr 0.001000
Epoch 14/60 | train_loss 0.9337 | union_precision 0.6667 | weighted_recall 0.1940 | union_precision 0.6667 | threshold 0.725 | val_model raw | lr 0.001000
Epoch 15/60 | train_loss 0.9144 | union_precision 0.6667 | weighted_recall 0.0299 | union_precision 0.6667 | threshold 0.775 | val_model raw | lr 0.001000
Epoch 16/60 | train_loss 0.8861 | union_precision 0.7273 | weighted_recall 0.1940 | union_precision 0.7273 | threshold 0.750 | val_model raw | lr 0.001000
Epoch 17/60 | train_loss 0.8630 | union_precision 0.7273 | weighted_recall 0.1940 | union_precision 0.7273 | threshold 0.750 | val_model raw | lr 0.001000
Early stopping at epoch 17
Held-out M41-4 | union_precision=0.8571 | weighted_recall=0.1493 | consensus_recall=0.0000
Epoch 1/60 | train_loss 1.5400 | union_precision 0.2632 | weighted_recall 0.1558 | union_precision 0.2632 | threshold 0.475 | val_model raw | lr 0.001000
Epoch 2/60 | train_loss 1.3982 | union_precision 0.3000 | weighted_recall 0.2143 | union_precision 0.3000 | threshold 0.525 | val_model raw | lr 0.001000
Epoch 3/60 | train_loss 1.3113 | union_precision 0.2821 | weighted_recall 0.2078 | union_precision 0.2821 | threshold 0.525 | val_model raw | lr 0.001000
Epoch 4/60 | train_loss 1.2269 | union_precision 0.2895 | weighted_recall 0.2078 | union_precision 0.2895 | threshold 0.550 | val_model raw | lr 0.001000
Epoch 5/60 | train_loss 1.1906 | union_precision 0.2750 | weighted_recall 0.2078 | union_precision 0.2750 | threshold 0.550 | val_model raw | lr 0.001000
Epoch 6/60 | train_loss 1.1511 | union_precision 0.2571 | weighted_recall 0.2532 | union_precision 0.2571 | threshold 0.600 | val_model raw | lr 0.001000
Epoch 7/60 | train_loss 1.1066 | union_precision 0.2564 | weighted_recall 0.3636 | union_precision 0.2564 | threshold 0.600 | val_model raw | lr 0.001000
Epoch 8/60 | train_loss 1.0756 | union_precision 0.2857 | weighted_recall 0.3636 | union_precision 0.2857 | threshold 0.625 | val_model raw | lr 0.001000
Epoch 9/60 | train_loss 1.0626 | union_precision 0.3125 | weighted_recall 0.3117 | union_precision 0.3125 | threshold 0.700 | val_model raw | lr 0.001000
Epoch 10/60 | train_loss 1.0316 | union_precision 0.3846 | weighted_recall 0.2403 | union_precision 0.3846 | threshold 0.725 | val_model raw | lr 0.001000
Epoch 11/60 | train_loss 1.0046 | union_precision 0.5455 | weighted_recall 0.2468 | union_precision 0.5455 | threshold 0.750 | val_model raw | lr 0.001000
Epoch 12/60 | train_loss 0.9792 | union_precision 0.5556 | weighted_recall 0.1364 | union_precision 0.5556 | threshold 0.775 | val_model raw | lr 0.001000
Epoch 13/60 | train_loss 0.9599 | union_precision 0.5714 | weighted_recall 0.0974 | union_precision 0.5714 | threshold 0.800 | val_model raw | lr 0.001000
Epoch 14/60 | train_loss 0.9311 | union_precision 0.5556 | weighted_recall 0.1364 | union_precision 0.5556 | threshold 0.800 | val_model raw | lr 0.001000
Epoch 15/60 | train_loss 0.9117 | union_precision 0.5556 | weighted_recall 0.1364 | union_precision 0.5556 | threshold 0.800 | val_model raw | lr 0.001000
Epoch 16/60 | train_loss 0.8856 | union_precision 0.4444 | weighted_recall 0.0974 | union_precision 0.4444 | threshold 0.800 | val_model raw | lr 0.001000
Epoch 17/60 | train_loss 0.8624 | union_precision 0.5000 | weighted_recall 0.1104 | union_precision 0.5000 | threshold 0.800 | val_model raw | lr 0.001000
Epoch 18/60 | train_loss 0.8493 | union_precision 0.5000 | weighted_recall 0.0649 | union_precision 0.5000 | threshold 0.850 | val_model raw | lr 0.001000
Epoch 19/60 | train_loss 0.8291 | union_precision 0.5000 | weighted_recall 0.0649 | union_precision 0.5000 | threshold 0.850 | val_model raw | lr 0.001000
Epoch 20/60 | train_loss 0.8147 | union_precision 0.5000 | weighted_recall 0.0649 | union_precision 0.5000 | threshold 0.875 | val_model raw | lr 0.001000
Epoch 21/60 | train_loss 0.8026 | union_precision 0.5000 | weighted_recall 0.0779 | union_precision 0.5000 | threshold 0.850 | val_model raw | lr 0.001000
Epoch 22/60 | train_loss 0.7628 | union_precision 0.5000 | weighted_recall 0.0779 | union_precision 0.5000 | threshold 0.850 | val_model raw | lr 0.001000
Epoch 23/60 | train_loss 0.7600 | union_precision 0.5000 | weighted_recall 0.0779 | union_precision 0.5000 | threshold 0.850 | val_model raw | lr 0.001000
Early stopping at epoch 23
Held-out M50-1 | union_precision=0.5714 | weighted_recall=0.0974 | consensus_recall=0.0000
Epoch 1/60 | train_loss 1.5444 | union_precision 0.2800 | weighted_recall 0.1205 | union_precision 0.2800 | threshold 0.525 | val_model raw | lr 0.001000
Epoch 2/60 | train_loss 1.4024 | union_precision 0.2667 | weighted_recall 0.1446 | union_precision 0.2667 | threshold 0.475 | val_model raw | lr 0.001000
Epoch 3/60 | train_loss 1.3075 | union_precision 0.2632 | weighted_recall 0.1687 | union_precision 0.2632 | threshold 0.450 | val_model raw | lr 0.001000
Epoch 4/60 | train_loss 1.2250 | union_precision 0.2667 | weighted_recall 0.1446 | union_precision 0.2667 | threshold 0.475 | val_model raw | lr 0.001000
Epoch 5/60 | train_loss 1.1865 | union_precision 0.4286 | weighted_recall 0.0482 | union_precision 0.4286 | threshold 0.575 | val_model raw | lr 0.001000
Epoch 6/60 | train_loss 1.1487 | union_precision 0.3333 | weighted_recall 0.0181 | union_precision 0.3333 | threshold 0.600 | val_model raw | lr 0.001000
Epoch 7/60 | train_loss 1.1038 | union_precision 0.3333 | weighted_recall 0.0181 | union_precision 0.3333 | threshold 0.625 | val_model raw | lr 0.001000
Epoch 8/60 | train_loss 1.0748 | union_precision 0.4286 | weighted_recall 0.0301 | union_precision 0.4286 | threshold 0.600 | val_model raw | lr 0.001000
Epoch 9/60 | train_loss 1.0583 | union_precision 0.3333 | weighted_recall 0.0663 | union_precision 0.3333 | threshold 0.575 | val_model raw | lr 0.001000
Epoch 10/60 | train_loss 1.0275 | union_precision 0.4000 | weighted_recall 0.0241 | union_precision 0.4000 | threshold 0.625 | val_model raw | lr 0.001000
Epoch 11/60 | train_loss 1.0018 | union_precision 0.4118 | weighted_recall 0.1205 | union_precision 0.4118 | threshold 0.575 | val_model raw | lr 0.001000
Epoch 12/60 | train_loss 0.9762 | union_precision 0.4118 | weighted_recall 0.1205 | union_precision 0.4118 | threshold 0.575 | val_model raw | lr 0.001000
Epoch 13/60 | train_loss 0.9567 | union_precision 0.4118 | weighted_recall 0.1205 | union_precision 0.4118 | threshold 0.600 | val_model raw | lr 0.001000
Epoch 14/60 | train_loss 0.9245 | union_precision 0.5000 | weighted_recall 0.0241 | union_precision 0.5000 | threshold 0.675 | val_model raw | lr 0.001000
Epoch 15/60 | train_loss 0.9094 | union_precision 0.4375 | weighted_recall 0.1205 | union_precision 0.4375 | threshold 0.625 | val_model raw | lr 0.001000
Epoch 16/60 | train_loss 0.8799 | union_precision 0.5000 | weighted_recall 0.0361 | union_precision 0.5000 | threshold 0.675 | val_model raw | lr 0.001000
Epoch 17/60 | train_loss 0.8545 | union_precision 0.5000 | weighted_recall 0.1205 | union_precision 0.5000 | threshold 0.625 | val_model raw | lr 0.001000
Epoch 18/60 | train_loss 0.8416 | union_precision 0.5000 | weighted_recall 0.0904 | union_precision 0.5000 | threshold 0.625 | val_model raw | lr 0.001000
Epoch 19/60 | train_loss 0.8270 | union_precision 0.5000 | weighted_recall 0.0783 | union_precision 0.5000 | threshold 0.675 | val_model raw | lr 0.001000
Epoch 20/60 | train_loss 0.8089 | union_precision 0.5000 | weighted_recall 0.0783 | union_precision 0.5000 | threshold 0.675 | val_model raw | lr 0.001000
Epoch 21/60 | train_loss 0.8000 | union_precision 0.6000 | weighted_recall 0.0723 | union_precision 0.6000 | threshold 0.725 | val_model raw | lr 0.001000
Epoch 22/60 | train_loss 0.7601 | union_precision 0.6000 | weighted_recall 0.0723 | union_precision 0.6000 | threshold 0.750 | val_model raw | lr 0.001000
Epoch 23/60 | train_loss 0.7586 | union_precision 0.6000 | weighted_recall 0.0723 | union_precision 0.6000 | threshold 0.750 | val_model raw | lr 0.001000
Epoch 24/60 | train_loss 0.7479 | union_precision 0.6000 | weighted_recall 0.0723 | union_precision 0.6000 | threshold 0.750 | val_model raw | lr 0.001000
Epoch 25/60 | train_loss 0.7363 | union_precision 0.6000 | weighted_recall 0.0723 | union_precision 0.6000 | threshold 0.750 | val_model raw | lr 0.001000
Epoch 26/60 | train_loss 0.7112 | union_precision 0.6000 | weighted_recall 0.0723 | union_precision 0.6000 | threshold 0.750 | val_model raw | lr 0.001000
Epoch 27/60 | train_loss 0.7027 | union_precision 1.0000 | weighted_recall 0.0120 | union_precision 1.0000 | threshold 0.875 | val_model raw | lr 0.001000
Epoch 28/60 | train_loss 0.6860 | union_precision 1.0000 | weighted_recall 0.0120 | union_precision 1.0000 | threshold 0.875 | val_model raw | lr 0.001000
Epoch 29/60 | train_loss 0.6683 | union_precision 1.0000 | weighted_recall 0.0120 | union_precision 1.0000 | threshold 0.875 | val_model raw | lr 0.001000
Epoch 30/60 | train_loss 0.6578 | union_precision 1.0000 | weighted_recall 0.0120 | union_precision 1.0000 | threshold 0.875 | val_model raw | lr 0.001000
Epoch 31/60 | train_loss 0.6402 | union_precision 1.0000 | weighted_recall 0.0120 | union_precision 1.0000 | threshold 0.875 | val_model raw | lr 0.001000
Epoch 32/60 | train_loss 0.6246 | union_precision 1.0000 | weighted_recall 0.0120 | union_precision 1.0000 | threshold 0.875 | val_model raw | lr 0.001000
Epoch 33/60 | train_loss 0.6198 | union_precision 1.0000 | weighted_recall 0.0120 | union_precision 1.0000 | threshold 0.875 | val_model raw | lr 0.001000
Epoch 34/60 | train_loss 0.6068 | union_precision 1.0000 | weighted_recall 0.0120 | union_precision 1.0000 | threshold 0.875 | val_model raw | lr 0.001000
Epoch 35/60 | train_loss 0.5850 | union_precision 1.0000 | weighted_recall 0.0120 | union_precision 1.0000 | threshold 0.875 | val_model raw | lr 0.001000
Epoch 36/60 | train_loss 0.5849 | union_precision 1.0000 | weighted_recall 0.0120 | union_precision 1.0000 | threshold 0.850 | val_model raw | lr 0.001000
Epoch 37/60 | train_loss 0.5840 | union_precision 1.0000 | weighted_recall 0.0120 | union_precision 1.0000 | threshold 0.850 | val_model raw | lr 0.001000
Early stopping at epoch 37
Held-out M50-2 | union_precision=1.0000 | weighted_recall=0.0120 | consensus_recall=0.0000
Epoch 1/60 | train_loss 1.5486 | union_precision 0.8000 | weighted_recall 0.0350 | union_precision 0.8000 | threshold 0.575 | val_model raw | lr 0.001000
Epoch 2/60 | train_loss 1.4142 | union_precision 0.8333 | weighted_recall 0.0368 | union_precision 0.8333 | threshold 0.575 | val_model raw | lr 0.001000
Epoch 3/60 | train_loss 1.3258 | union_precision 0.8750 | weighted_recall 0.0534 | union_precision 0.8750 | threshold 0.600 | val_model raw | lr 0.001000
Epoch 4/60 | train_loss 1.2306 | union_precision 0.8333 | weighted_recall 0.0387 | union_precision 0.8333 | threshold 0.625 | val_model raw | lr 0.001000
Epoch 5/60 | train_loss 1.1970 | union_precision 0.8000 | weighted_recall 0.0700 | union_precision 0.8000 | threshold 0.625 | val_model raw | lr 0.001000
Epoch 6/60 | train_loss 1.1523 | union_precision 0.8333 | weighted_recall 0.0939 | union_precision 0.8333 | threshold 0.675 | val_model raw | lr 0.001000
Epoch 7/60 | train_loss 1.1083 | union_precision 0.6250 | weighted_recall 0.0884 | union_precision 0.6250 | threshold 0.675 | val_model raw | lr 0.001000
Epoch 8/60 | train_loss 1.0825 | union_precision 0.7500 | weighted_recall 0.0792 | union_precision 0.7500 | threshold 0.725 | val_model raw | lr 0.001000
Epoch 9/60 | train_loss 1.0639 | union_precision 0.7500 | weighted_recall 0.0792 | union_precision 0.7500 | threshold 0.750 | val_model raw | lr 0.001000
Epoch 10/60 | train_loss 1.0289 | union_precision 1.0000 | weighted_recall 0.0571 | union_precision 1.0000 | threshold 0.825 | val_model raw | lr 0.001000
Epoch 11/60 | train_loss 1.0049 | union_precision 0.8000 | weighted_recall 0.0847 | union_precision 0.8000 | threshold 0.750 | val_model raw | lr 0.001000
Epoch 12/60 | train_loss 0.9809 | union_precision 0.8000 | weighted_recall 0.0847 | union_precision 0.8000 | threshold 0.750 | val_model raw | lr 0.001000
Epoch 13/60 | train_loss 0.9583 | union_precision 0.8000 | weighted_recall 0.0847 | union_precision 0.8000 | threshold 0.750 | val_model raw | lr 0.001000
Epoch 14/60 | train_loss 0.9304 | union_precision 0.8000 | weighted_recall 0.0847 | union_precision 0.8000 | threshold 0.775 | val_model raw | lr 0.001000
Epoch 15/60 | train_loss 0.9152 | union_precision 0.8000 | weighted_recall 0.0847 | union_precision 0.8000 | threshold 0.775 | val_model raw | lr 0.001000
Epoch 16/60 | train_loss 0.8823 | union_precision 1.0000 | weighted_recall 0.0847 | union_precision 1.0000 | threshold 0.800 | val_model raw | lr 0.001000
Early stopping at epoch 16
Held-out M50-3 | union_precision=0.8333 | weighted_recall=0.0939 | consensus_recall=0.0000
Epoch 1/60 | train_loss 1.5373 | union_precision 0.3333 | weighted_recall 0.0581 | union_precision 0.3333 | threshold 0.550 | val_model raw | lr 0.001000
Epoch 2/60 | train_loss 1.4039 | union_precision 0.5000 | weighted_recall 0.0581 | union_precision 0.5000 | threshold 0.575 | val_model raw | lr 0.001000
Epoch 3/60 | train_loss 1.3088 | union_precision 0.5000 | weighted_recall 0.0581 | union_precision 0.5000 | threshold 0.600 | val_model raw | lr 0.001000
Epoch 4/60 | train_loss 1.2323 | union_precision 0.5000 | weighted_recall 0.0664 | union_precision 0.5000 | threshold 0.550 | val_model raw | lr 0.001000
Epoch 5/60 | train_loss 1.1895 | union_precision 0.5000 | weighted_recall 0.1826 | union_precision 0.5000 | threshold 0.550 | val_model raw | lr 0.001000
Epoch 6/60 | train_loss 1.1462 | union_precision 0.5000 | weighted_recall 0.0622 | union_precision 0.5000 | threshold 0.600 | val_model raw | lr 0.001000
Epoch 7/60 | train_loss 1.1010 | union_precision 0.5000 | weighted_recall 0.0622 | union_precision 0.5000 | threshold 0.600 | val_model raw | lr 0.001000
Epoch 8/60 | train_loss 1.0743 | union_precision 0.6000 | weighted_recall 0.2075 | union_precision 0.6000 | threshold 0.575 | val_model raw | lr 0.001000
Epoch 9/60 | train_loss 1.0553 | union_precision 0.5000 | weighted_recall 0.1452 | union_precision 0.5000 | threshold 0.600 | val_model raw | lr 0.001000
Epoch 10/60 | train_loss 1.0189 | union_precision 0.5556 | weighted_recall 0.1577 | union_precision 0.5556 | threshold 0.600 | val_model raw | lr 0.001000
Epoch 11/60 | train_loss 1.0005 | union_precision 0.5714 | weighted_recall 0.1535 | union_precision 0.5714 | threshold 0.625 | val_model raw | lr 0.001000
Epoch 12/60 | train_loss 0.9700 | union_precision 0.5000 | weighted_recall 0.1535 | union_precision 0.5000 | threshold 0.625 | val_model raw | lr 0.001000
Epoch 13/60 | train_loss 0.9483 | union_precision 0.5714 | weighted_recall 0.1535 | union_precision 0.5714 | threshold 0.650 | val_model raw | lr 0.001000
Epoch 14/60 | train_loss 0.9267 | union_precision 0.6000 | weighted_recall 0.1452 | union_precision 0.6000 | threshold 0.675 | val_model raw | lr 0.001000
Epoch 15/60 | train_loss 0.9075 | union_precision 0.6250 | weighted_recall 0.1577 | union_precision 0.6250 | threshold 0.650 | val_model raw | lr 0.001000
Epoch 16/60 | train_loss 0.8758 | union_precision 0.7143 | weighted_recall 0.1203 | union_precision 0.7143 | threshold 0.675 | val_model raw | lr 0.001000
Epoch 17/60 | train_loss 0.8538 | union_precision 0.7143 | weighted_recall 0.1203 | union_precision 0.7143 | threshold 0.675 | val_model raw | lr 0.001000
Epoch 18/60 | train_loss 0.8404 | union_precision 0.7143 | weighted_recall 0.1203 | union_precision 0.7143 | threshold 0.675 | val_model raw | lr 0.001000
Epoch 19/60 | train_loss 0.8187 | union_precision 0.6000 | weighted_recall 0.1369 | union_precision 0.6000 | threshold 0.675 | val_model raw | lr 0.001000
Epoch 20/60 | train_loss 0.8069 | union_precision 0.6667 | weighted_recall 0.0871 | union_precision 0.6667 | threshold 0.750 | val_model raw | lr 0.001000
Epoch 21/60 | train_loss 0.7961 | union_precision 0.8000 | weighted_recall 0.1079 | union_precision 0.8000 | threshold 0.750 | val_model raw | lr 0.001000
Epoch 22/60 | train_loss 0.7497 | union_precision 0.8000 | weighted_recall 0.1079 | union_precision 0.8000 | threshold 0.750 | val_model raw | lr 0.001000
Epoch 23/60 | train_loss 0.7527 | union_precision 0.8000 | weighted_recall 0.1079 | union_precision 0.8000 | threshold 0.750 | val_model raw | lr 0.001000
Epoch 24/60 | train_loss 0.7378 | union_precision 0.8000 | weighted_recall 0.1079 | union_precision 0.8000 | threshold 0.750 | val_model raw | lr 0.001000
Epoch 25/60 | train_loss 0.7274 | union_precision 0.8000 | weighted_recall 0.1079 | union_precision 0.8000 | threshold 0.750 | val_model raw | lr 0.001000
Epoch 26/60 | train_loss 0.7065 | union_precision 0.8000 | weighted_recall 0.1079 | union_precision 0.8000 | threshold 0.750 | val_model raw | lr 0.001000
Epoch 27/60 | train_loss 0.6918 | union_precision 1.0000 | weighted_recall 0.1079 | union_precision 1.0000 | threshold 0.775 | val_model raw | lr 0.001000
Epoch 28/60 | train_loss 0.6810 | union_precision 0.8000 | weighted_recall 0.1079 | union_precision 0.8000 | threshold 0.750 | val_model raw | lr 0.001000
Epoch 29/60 | train_loss 0.6631 | union_precision 0.8000 | weighted_recall 0.1079 | union_precision 0.8000 | threshold 0.750 | val_model raw | lr 0.001000
Epoch 30/60 | train_loss 0.6495 | union_precision 1.0000 | weighted_recall 0.0415 | union_precision 1.0000 | threshold 0.775 | val_model raw | lr 0.001000
Epoch 31/60 | train_loss 0.6337 | union_precision 1.0000 | weighted_recall 0.0415 | union_precision 1.0000 | threshold 0.775 | val_model raw | lr 0.001000
Epoch 32/60 | train_loss 0.6237 | union_precision 1.0000 | weighted_recall 0.0415 | union_precision 1.0000 | threshold 0.800 | val_model raw | lr 0.001000
Epoch 33/60 | train_loss 0.6207 | union_precision 1.0000 | weighted_recall 0.0415 | union_precision 1.0000 | threshold 0.800 | val_model raw | lr 0.001000
Epoch 34/60 | train_loss 0.5916 | union_precision 1.0000 | weighted_recall 0.0415 | union_precision 1.0000 | threshold 0.825 | val_model raw | lr 0.001000
Epoch 35/60 | train_loss 0.5785 | union_precision 1.0000 | weighted_recall 0.0415 | union_precision 1.0000 | threshold 0.825 | val_model raw | lr 0.001000
Epoch 36/60 | train_loss 0.5743 | union_precision 1.0000 | weighted_recall 0.0207 | union_precision 1.0000 | threshold 0.825 | val_model raw | lr 0.001000
Epoch 37/60 | train_loss 0.5747 | union_precision 1.0000 | weighted_recall 0.0415 | union_precision 1.0000 | threshold 0.800 | val_model raw | lr 0.001000
Early stopping at epoch 37
Held-out M56-1 | union_precision=1.0000 | weighted_recall=0.1079 | consensus_recall=1.0000
Epoch 1/60 | train_loss 1.5361 | union_precision 0.2059 | weighted_recall 0.0803 | union_precision 0.2059 | threshold 0.050 | val_model raw | lr 0.001000
Epoch 2/60 | train_loss 1.4019 | union_precision 0.2903 | weighted_recall 0.1898 | union_precision 0.2903 | threshold 0.050 | val_model raw | lr 0.001000
Epoch 3/60 | train_loss 1.3100 | union_precision 0.2812 | weighted_recall 0.1898 | union_precision 0.2812 | threshold 0.050 | val_model raw | lr 0.001000
Epoch 4/60 | train_loss 1.2313 | union_precision 0.2727 | weighted_recall 0.1898 | union_precision 0.2727 | threshold 0.050 | val_model raw | lr 0.001000
Epoch 5/60 | train_loss 1.1901 | union_precision 0.3030 | weighted_recall 0.2117 | union_precision 0.3030 | threshold 0.475 | val_model raw | lr 0.001000
Epoch 6/60 | train_loss 1.1438 | union_precision 0.3030 | weighted_recall 0.1971 | union_precision 0.3030 | threshold 0.475 | val_model raw | lr 0.001000
Epoch 7/60 | train_loss 1.1012 | union_precision 0.2941 | weighted_recall 0.1971 | union_precision 0.2941 | threshold 0.475 | val_model raw | lr 0.001000
Epoch 8/60 | train_loss 1.0778 | union_precision 0.2857 | weighted_recall 0.1971 | union_precision 0.2857 | threshold 0.475 | val_model raw | lr 0.001000
Epoch 9/60 | train_loss 1.0555 | union_precision 0.2857 | weighted_recall 0.1971 | union_precision 0.2857 | threshold 0.475 | val_model raw | lr 0.001000
Epoch 10/60 | train_loss 1.0256 | union_precision 0.2941 | weighted_recall 0.1971 | union_precision 0.2941 | threshold 0.500 | val_model raw | lr 0.001000
Epoch 11/60 | train_loss 1.0061 | union_precision 0.2581 | weighted_recall 0.0876 | union_precision 0.2581 | threshold 0.550 | val_model raw | lr 0.001000
Epoch 12/60 | train_loss 0.9742 | union_precision 0.2353 | weighted_recall 0.0876 | union_precision 0.2353 | threshold 0.475 | val_model raw | lr 0.001000
Epoch 13/60 | train_loss 0.9539 | union_precision 0.1875 | weighted_recall 0.0657 | union_precision 0.1875 | threshold 0.475 | val_model raw | lr 0.001000
Epoch 14/60 | train_loss 0.9317 | union_precision 0.1935 | weighted_recall 0.0584 | union_precision 0.1935 | threshold 0.475 | val_model raw | lr 0.001000
Epoch 15/60 | train_loss 0.9163 | union_precision 0.2143 | weighted_recall 0.0584 | union_precision 0.2143 | threshold 0.525 | val_model raw | lr 0.001000
Early stopping at epoch 15
Held-out M56-2 | union_precision=0.3030 | weighted_recall=0.2117 | consensus_recall=0.0000
Epoch 1/60 | train_loss 1.5432 | union_precision 0.8125 | weighted_recall 0.0723 | union_precision 0.8125 | threshold 0.550 | val_model raw | lr 0.001000
Epoch 2/60 | train_loss 1.4115 | union_precision 0.8571 | weighted_recall 0.0648 | union_precision 0.8571 | threshold 0.575 | val_model raw | lr 0.001000
Epoch 3/60 | train_loss 1.3208 | union_precision 0.8462 | weighted_recall 0.0599 | union_precision 0.8462 | threshold 0.600 | val_model raw | lr 0.001000
Epoch 4/60 | train_loss 1.2347 | union_precision 0.8333 | weighted_recall 0.0823 | union_precision 0.8333 | threshold 0.600 | val_model raw | lr 0.001000
Epoch 5/60 | train_loss 1.1964 | union_precision 0.8750 | weighted_recall 0.0673 | union_precision 0.8750 | threshold 0.625 | val_model raw | lr 0.001000
Epoch 6/60 | train_loss 1.1534 | union_precision 0.8261 | weighted_recall 0.1521 | union_precision 0.8261 | threshold 0.625 | val_model raw | lr 0.001000
Epoch 7/60 | train_loss 1.1089 | union_precision 0.8333 | weighted_recall 0.1297 | union_precision 0.8333 | threshold 0.650 | val_model raw | lr 0.001000
Epoch 8/60 | train_loss 1.0820 | union_precision 0.8000 | weighted_recall 0.1322 | union_precision 0.8000 | threshold 0.650 | val_model raw | lr 0.001000
Epoch 9/60 | train_loss 1.0575 | union_precision 0.8667 | weighted_recall 0.0798 | union_precision 0.8667 | threshold 0.675 | val_model raw | lr 0.001000
Epoch 10/60 | train_loss 1.0264 | union_precision 0.8750 | weighted_recall 0.1272 | union_precision 0.8750 | threshold 0.675 | val_model raw | lr 0.001000
Epoch 11/60 | train_loss 1.0064 | union_precision 0.8571 | weighted_recall 0.0773 | union_precision 0.8571 | threshold 0.700 | val_model raw | lr 0.001000
Epoch 12/60 | train_loss 0.9807 | union_precision 0.8571 | weighted_recall 0.0773 | union_precision 0.8571 | threshold 0.700 | val_model raw | lr 0.001000
Epoch 13/60 | train_loss 0.9476 | union_precision 0.8095 | weighted_recall 0.1471 | union_precision 0.8095 | threshold 0.700 | val_model raw | lr 0.001000
Epoch 14/60 | train_loss 0.9296 | union_precision 0.8333 | weighted_recall 0.0973 | union_precision 0.8333 | threshold 0.725 | val_model raw | lr 0.001000
Epoch 15/60 | train_loss 0.9082 | union_precision 0.8421 | weighted_recall 0.0998 | union_precision 0.8421 | threshold 0.725 | val_model raw | lr 0.001000
Epoch 16/60 | train_loss 0.8832 | union_precision 0.8462 | weighted_recall 0.0648 | union_precision 0.8462 | threshold 0.750 | val_model raw | lr 0.001000
Early stopping at epoch 16
Held-out M56-3 | union_precision=0.8261 | weighted_recall=0.1521 | consensus_recall=0.0000
Epoch 1/60 | train_loss 1.5353 | union_precision 0.5000 | weighted_recall 0.0934 | union_precision 0.5000 | threshold 0.525 | val_model raw | lr 0.001000
Epoch 2/60 | train_loss 1.4038 | union_precision 0.4667 | weighted_recall 0.1044 | union_precision 0.4667 | threshold 0.525 | val_model raw | lr 0.001000
Epoch 3/60 | train_loss 1.3142 | union_precision 0.5000 | weighted_recall 0.0165 | union_precision 0.5000 | threshold 0.650 | val_model raw | lr 0.001000
Epoch 4/60 | train_loss 1.2277 | union_precision 0.3556 | weighted_recall 0.3297 | union_precision 0.3556 | threshold 0.475 | val_model raw | lr 0.001000
Epoch 5/60 | train_loss 1.1947 | union_precision 0.3889 | weighted_recall 0.2802 | union_precision 0.3889 | threshold 0.500 | val_model raw | lr 0.001000
Epoch 6/60 | train_loss 1.1433 | union_precision 0.3571 | weighted_recall 0.2253 | union_precision 0.3571 | threshold 0.525 | val_model raw | lr 0.001000
Epoch 7/60 | train_loss 1.1091 | union_precision 0.3636 | weighted_recall 0.2747 | union_precision 0.3636 | threshold 0.475 | val_model raw | lr 0.001000
Epoch 8/60 | train_loss 1.0837 | union_precision 0.3793 | weighted_recall 0.2473 | union_precision 0.3793 | threshold 0.525 | val_model raw | lr 0.001000
Epoch 9/60 | train_loss 1.0575 | union_precision 0.4000 | weighted_recall 0.1209 | union_precision 0.4000 | threshold 0.625 | val_model raw | lr 0.001000
Epoch 10/60 | train_loss 1.0248 | union_precision 0.5000 | weighted_recall 0.0824 | union_precision 0.5000 | threshold 0.675 | val_model raw | lr 0.001000
Epoch 11/60 | train_loss 1.0058 | union_precision 0.5000 | weighted_recall 0.0824 | union_precision 0.5000 | threshold 0.700 | val_model raw | lr 0.001000
Early stopping at epoch 11
Held-out M59-1 | union_precision=0.5000 | weighted_recall=0.0934 | consensus_recall=0.0000
Epoch 1/60 | train_loss 1.5352 | union_precision 0.6667 | weighted_recall 0.0614 | union_precision 0.6667 | threshold 0.550 | val_model raw | lr 0.001000
Epoch 2/60 | train_loss 1.4011 | union_precision 0.5000 | weighted_recall 0.0088 | union_precision 0.5000 | threshold 0.575 | val_model raw | lr 0.001000
Epoch 3/60 | train_loss 1.3072 | union_precision 0.5000 | weighted_recall 0.0088 | union_precision 0.5000 | threshold 0.575 | val_model raw | lr 0.001000
Epoch 4/60 | train_loss 1.2257 | union_precision 0.5333 | weighted_recall 0.3421 | union_precision 0.5333 | threshold 0.500 | val_model raw | lr 0.001000
Epoch 5/60 | train_loss 1.1855 | union_precision 0.5000 | weighted_recall 0.3860 | union_precision 0.5000 | threshold 0.500 | val_model raw | lr 0.001000
Epoch 6/60 | train_loss 1.1398 | union_precision 0.5000 | weighted_recall 0.3728 | union_precision 0.5000 | threshold 0.500 | val_model raw | lr 0.001000
Epoch 7/60 | train_loss 1.1054 | union_precision 0.5000 | weighted_recall 0.0132 | union_precision 0.5000 | threshold 0.650 | val_model raw | lr 0.001000
Epoch 8/60 | train_loss 1.0756 | union_precision 0.6667 | weighted_recall 0.0132 | union_precision 0.6667 | threshold 0.675 | val_model raw | lr 0.001000
Epoch 9/60 | train_loss 1.0529 | union_precision 1.0000 | weighted_recall 0.0088 | union_precision 1.0000 | threshold 0.750 | val_model raw | lr 0.001000
Epoch 10/60 | train_loss 1.0209 | union_precision 1.0000 | weighted_recall 0.0088 | union_precision 1.0000 | threshold 0.750 | val_model raw | lr 0.001000
Epoch 11/60 | train_loss 0.9993 | union_precision 1.0000 | weighted_recall 0.0132 | union_precision 1.0000 | threshold 0.750 | val_model raw | lr 0.001000
Epoch 12/60 | train_loss 0.9794 | union_precision 1.0000 | weighted_recall 0.0088 | union_precision 1.0000 | threshold 0.775 | val_model raw | lr 0.001000
Epoch 13/60 | train_loss 0.9477 | union_precision 1.0000 | weighted_recall 0.0132 | union_precision 1.0000 | threshold 0.775 | val_model raw | lr 0.001000
Epoch 14/60 | train_loss 0.9300 | union_precision 1.0000 | weighted_recall 0.0132 | union_precision 1.0000 | threshold 0.775 | val_model raw | lr 0.001000
Epoch 15/60 | train_loss 0.9069 | union_precision 1.0000 | weighted_recall 0.0132 | union_precision 1.0000 | threshold 0.775 | val_model raw | lr 0.001000
Epoch 16/60 | train_loss 0.8834 | union_precision 1.0000 | weighted_recall 0.0132 | union_precision 1.0000 | threshold 0.750 | val_model raw | lr 0.001000
Epoch 17/60 | train_loss 0.8603 | union_precision 1.0000 | weighted_recall 0.0132 | union_precision 1.0000 | threshold 0.750 | val_model raw | lr 0.001000
Epoch 18/60 | train_loss 0.8502 | union_precision 1.0000 | weighted_recall 0.0132 | union_precision 1.0000 | threshold 0.750 | val_model raw | lr 0.001000
Epoch 19/60 | train_loss 0.8325 | union_precision 1.0000 | weighted_recall 0.0132 | union_precision 1.0000 | threshold 0.775 | val_model raw | lr 0.001000
Epoch 20/60 | train_loss 0.8121 | union_precision 1.0000 | weighted_recall 0.0132 | union_precision 1.0000 | threshold 0.775 | val_model raw | lr 0.001000
Epoch 21/60 | train_loss 0.7985 | union_precision 1.0000 | weighted_recall 0.0132 | union_precision 1.0000 | threshold 0.825 | val_model raw | lr 0.001000
Early stopping at epoch 21
Held-out M59-2 | union_precision=1.0000 | weighted_recall=0.0132 | consensus_recall=0.0000
Epoch 1/60 | train_loss 1.5320 | union_precision 0.1803 | weighted_recall 0.1288 | union_precision 0.1803 | threshold 0.450 | val_model raw | lr 0.001000
Epoch 2/60 | train_loss 1.3997 | union_precision 0.2500 | weighted_recall 0.0102 | union_precision 0.2500 | threshold 0.550 | val_model raw | lr 0.001000
Epoch 3/60 | train_loss 1.3094 | union_precision 0.4000 | weighted_recall 0.1220 | union_precision 0.4000 | threshold 0.550 | val_model raw | lr 0.001000
Epoch 4/60 | train_loss 1.2320 | union_precision 0.5000 | weighted_recall 0.1186 | union_precision 0.5000 | threshold 0.575 | val_model raw | lr 0.001000
Epoch 5/60 | train_loss 1.1934 | union_precision 0.5000 | weighted_recall 0.1186 | union_precision 0.5000 | threshold 0.600 | val_model raw | lr 0.001000
Epoch 6/60 | train_loss 1.1505 | union_precision 0.6667 | weighted_recall 0.1085 | union_precision 0.6667 | threshold 0.650 | val_model raw | lr 0.001000
Epoch 7/60 | train_loss 1.1172 | union_precision 0.6667 | weighted_recall 0.1085 | union_precision 0.6667 | threshold 0.675 | val_model raw | lr 0.001000
Epoch 8/60 | train_loss 1.0857 | union_precision 0.6667 | weighted_recall 0.1085 | union_precision 0.6667 | threshold 0.675 | val_model raw | lr 0.001000
Epoch 9/60 | train_loss 1.0646 | union_precision 0.6667 | weighted_recall 0.1085 | union_precision 0.6667 | threshold 0.700 | val_model raw | lr 0.001000
Epoch 10/60 | train_loss 1.0318 | union_precision 0.6667 | weighted_recall 0.1085 | union_precision 0.6667 | threshold 0.700 | val_model raw | lr 0.001000
Epoch 11/60 | train_loss 1.0081 | union_precision 0.6667 | weighted_recall 0.1085 | union_precision 0.6667 | threshold 0.700 | val_model raw | lr 0.001000
Epoch 12/60 | train_loss 0.9929 | union_precision 0.6667 | weighted_recall 0.1085 | union_precision 0.6667 | threshold 0.725 | val_model raw | lr 0.001000
Epoch 13/60 | train_loss 0.9583 | union_precision 0.6667 | weighted_recall 0.1085 | union_precision 0.6667 | threshold 0.725 | val_model raw | lr 0.001000
Epoch 14/60 | train_loss 0.9385 | union_precision 0.6667 | weighted_recall 0.1085 | union_precision 0.6667 | threshold 0.750 | val_model raw | lr 0.001000
Epoch 15/60 | train_loss 0.9141 | union_precision 0.6667 | weighted_recall 0.1085 | union_precision 0.6667 | threshold 0.750 | val_model raw | lr 0.001000
Epoch 16/60 | train_loss 0.8876 | union_precision 0.6667 | weighted_recall 0.1085 | union_precision 0.6667 | threshold 0.775 | val_model raw | lr 0.001000
Early stopping at epoch 16
Held-out M59-3 | union_precision=0.6667 | weighted_recall=0.1085 | consensus_recall=0.5000
Epoch 1/60 | train_loss 1.5319 | union_precision 0.6667 | weighted_recall 0.0417 | union_precision 0.6667 | threshold 0.600 | val_model raw | lr 0.001000
Epoch 2/60 | train_loss 1.3846 | union_precision 0.6667 | weighted_recall 0.0417 | union_precision 0.6667 | threshold 0.600 | val_model raw | lr 0.001000
Epoch 3/60 | train_loss 1.2994 | union_precision 0.7500 | weighted_recall 0.0500 | union_precision 0.7500 | threshold 0.600 | val_model raw | lr 0.001000
Epoch 4/60 | train_loss 1.2269 | union_precision 1.0000 | weighted_recall 0.0083 | union_precision 1.0000 | threshold 0.675 | val_model raw | lr 0.001000
Epoch 5/60 | train_loss 1.1804 | union_precision 0.5000 | weighted_recall 0.0167 | union_precision 0.5000 | threshold 0.650 | val_model raw | lr 0.001000
Epoch 6/60 | train_loss 1.1430 | union_precision 0.5000 | weighted_recall 0.0083 | union_precision 0.5000 | threshold 0.700 | val_model raw | lr 0.001000
Epoch 7/60 | train_loss 1.1047 | union_precision 0.5000 | weighted_recall 0.0167 | union_precision 0.5000 | threshold 0.675 | val_model raw | lr 0.001000
Epoch 8/60 | train_loss 1.0799 | union_precision 0.5000 | weighted_recall 0.0083 | union_precision 0.5000 | threshold 0.700 | val_model raw | lr 0.001000
Epoch 9/60 | train_loss 1.0565 | union_precision 0.5000 | weighted_recall 0.0083 | union_precision 0.5000 | threshold 0.725 | val_model raw | lr 0.001000
Epoch 10/60 | train_loss 1.0201 | union_precision 0.4000 | weighted_recall 0.0167 | union_precision 0.4000 | threshold 0.700 | val_model raw | lr 0.001000
Epoch 11/60 | train_loss 0.9979 | union_precision 0.5000 | weighted_recall 0.0167 | union_precision 0.5000 | threshold 0.725 | val_model raw | lr 0.001000
Epoch 12/60 | train_loss 0.9812 | union_precision 1.0000 | weighted_recall 0.0083 | union_precision 1.0000 | threshold 0.775 | val_model raw | lr 0.001000
Epoch 13/60 | train_loss 0.9471 | union_precision 1.0000 | weighted_recall 0.0083 | union_precision 1.0000 | threshold 0.800 | val_model raw | lr 0.001000
Epoch 14/60 | train_loss 0.9318 | union_precision 1.0000 | weighted_recall 0.0083 | union_precision 1.0000 | threshold 0.825 | val_model raw | lr 0.001000
Early stopping at epoch 14
Held-out M63-1 | union_precision=1.0000 | weighted_recall=0.0083 | consensus_recall=0.0000
Epoch 1/60 | train_loss 1.5310 | union_precision 0.5000 | weighted_recall 0.0714 | union_precision 0.5000 | threshold 0.575 | val_model raw | lr 0.001000
Epoch 2/60 | train_loss 1.3838 | union_precision 1.0000 | weighted_recall 0.0556 | union_precision 1.0000 | threshold 0.650 | val_model raw | lr 0.001000
Epoch 3/60 | train_loss 1.2973 | union_precision 0.6667 | weighted_recall 0.0714 | union_precision 0.6667 | threshold 0.600 | val_model raw | lr 0.001000
Epoch 4/60 | train_loss 1.2269 | union_precision 0.6667 | weighted_recall 0.0714 | union_precision 0.6667 | threshold 0.600 | val_model raw | lr 0.001000
Epoch 5/60 | train_loss 1.1889 | union_precision 0.5714 | weighted_recall 0.1429 | union_precision 0.5714 | threshold 0.600 | val_model raw | lr 0.001000
Epoch 6/60 | train_loss 1.1450 | union_precision 0.6000 | weighted_recall 0.1349 | union_precision 0.6000 | threshold 0.625 | val_model raw | lr 0.001000
Epoch 7/60 | train_loss 1.1067 | union_precision 0.5000 | weighted_recall 0.1905 | union_precision 0.5000 | threshold 0.600 | val_model raw | lr 0.001000
Epoch 8/60 | train_loss 1.0843 | union_precision 0.6667 | weighted_recall 0.1190 | union_precision 0.6667 | threshold 0.650 | val_model raw | lr 0.001000
Epoch 9/60 | train_loss 1.0598 | union_precision 0.5000 | weighted_recall 0.1190 | union_precision 0.5000 | threshold 0.650 | val_model raw | lr 0.001000
Epoch 10/60 | train_loss 1.0240 | union_precision 0.6000 | weighted_recall 0.1349 | union_precision 0.6000 | threshold 0.650 | val_model raw | lr 0.001000
Epoch 11/60 | train_loss 1.0013 | union_precision 0.5714 | weighted_recall 0.1667 | union_precision 0.5714 | threshold 0.650 | val_model raw | lr 0.001000
Epoch 12/60 | train_loss 0.9865 | union_precision 0.5556 | weighted_recall 0.2302 | union_precision 0.5556 | threshold 0.650 | val_model raw | lr 0.001000
Early stopping at epoch 12
Held-out M63-3 | union_precision=1.0000 | weighted_recall=0.0556 | consensus_recall=0.0000
Epoch 1/60 | train_loss 1.5306 | union_precision 0.8000 | weighted_recall 0.1746 | union_precision 0.8000 | threshold 0.550 | val_model raw | lr 0.001000
Epoch 2/60 | train_loss 1.3830 | union_precision 0.8000 | weighted_recall 0.2540 | union_precision 0.8000 | threshold 0.525 | val_model raw | lr 0.001000
Epoch 3/60 | train_loss 1.2996 | union_precision 0.8000 | weighted_recall 0.3333 | union_precision 0.8000 | threshold 0.550 | val_model raw | lr 0.001000
Epoch 4/60 | train_loss 1.2287 | union_precision 0.8000 | weighted_recall 0.3333 | union_precision 0.8000 | threshold 0.575 | val_model raw | lr 0.001000
Epoch 5/60 | train_loss 1.1914 | union_precision 0.8000 | weighted_recall 0.3333 | union_precision 0.8000 | threshold 0.600 | val_model raw | lr 0.001000
Epoch 6/60 | train_loss 1.1473 | union_precision 0.8000 | weighted_recall 0.3333 | union_precision 0.8000 | threshold 0.600 | val_model raw | lr 0.001000
Epoch 7/60 | train_loss 1.1086 | union_precision 1.0000 | weighted_recall 0.3333 | union_precision 1.0000 | threshold 0.675 | val_model raw | lr 0.001000
Epoch 8/60 | train_loss 1.0863 | union_precision 0.8571 | weighted_recall 0.3968 | union_precision 0.8571 | threshold 0.600 | val_model raw | lr 0.001000
Epoch 9/60 | train_loss 1.0596 | union_precision 0.8571 | weighted_recall 0.3968 | union_precision 0.8571 | threshold 0.600 | val_model raw | lr 0.001000
Epoch 10/60 | train_loss 1.0258 | union_precision 0.8571 | weighted_recall 0.3968 | union_precision 0.8571 | threshold 0.625 | val_model raw | lr 0.001000
Epoch 11/60 | train_loss 1.0041 | union_precision 1.0000 | weighted_recall 0.3968 | union_precision 1.0000 | threshold 0.650 | val_model raw | lr 0.001000
Epoch 12/60 | train_loss 0.9869 | union_precision 1.0000 | weighted_recall 0.3968 | union_precision 1.0000 | threshold 0.650 | val_model raw | lr 0.001000
Epoch 13/60 | train_loss 0.9525 | union_precision 1.0000 | weighted_recall 0.3968 | union_precision 1.0000 | threshold 0.650 | val_model raw | lr 0.001000
Epoch 14/60 | train_loss 0.9363 | union_precision 1.0000 | weighted_recall 0.3968 | union_precision 1.0000 | threshold 0.675 | val_model raw | lr 0.001000
Epoch 15/60 | train_loss 0.9120 | union_precision 0.8333 | weighted_recall 0.3810 | union_precision 0.8333 | threshold 0.675 | val_model raw | lr 0.001000
Epoch 16/60 | train_loss 0.8884 | union_precision 1.0000 | weighted_recall 0.3333 | union_precision 1.0000 | threshold 0.725 | val_model raw | lr 0.001000
Epoch 17/60 | train_loss 0.8709 | union_precision 0.8333 | weighted_recall 0.3492 | union_precision 0.8333 | threshold 0.700 | val_model raw | lr 0.001000
Epoch 18/60 | train_loss 0.8539 | union_precision 0.8000 | weighted_recall 0.3333 | union_precision 0.8000 | threshold 0.725 | val_model raw | lr 0.001000
Epoch 19/60 | train_loss 0.8294 | union_precision 0.8000 | weighted_recall 0.3333 | union_precision 0.8000 | threshold 0.725 | val_model raw | lr 0.001000
Epoch 20/60 | train_loss 0.8048 | union_precision 1.0000 | weighted_recall 0.0952 | union_precision 1.0000 | threshold 0.775 | val_model raw | lr 0.001000
Epoch 21/60 | train_loss 0.8023 | union_precision 1.0000 | weighted_recall 0.0952 | union_precision 1.0000 | threshold 0.800 | val_model raw | lr 0.001000
Early stopping at epoch 21
Held-out M67-1 | union_precision=1.0000 | weighted_recall=0.3968 | consensus_recall=0.0000
Epoch 1/60 | train_loss 1.5333 | union_precision 0.2759 | weighted_recall 0.2712 | union_precision 0.2759 | threshold 0.450 | val_model raw | lr 0.001000
Epoch 2/60 | train_loss 1.3812 | union_precision 0.3636 | weighted_recall 0.1695 | union_precision 0.3636 | threshold 0.525 | val_model raw | lr 0.001000
Epoch 3/60 | train_loss 1.3023 | union_precision 0.3750 | weighted_recall 0.0847 | union_precision 0.3750 | threshold 0.550 | val_model raw | lr 0.001000
Epoch 4/60 | train_loss 1.2302 | union_precision 0.5000 | weighted_recall 0.0847 | union_precision 0.5000 | threshold 0.575 | val_model raw | lr 0.001000
Epoch 5/60 | train_loss 1.1896 | union_precision 0.5000 | weighted_recall 0.0678 | union_precision 0.5000 | threshold 0.600 | val_model raw | lr 0.001000
Epoch 6/60 | train_loss 1.1493 | union_precision 0.5000 | weighted_recall 0.0678 | union_precision 0.5000 | threshold 0.600 | val_model raw | lr 0.001000
Epoch 7/60 | train_loss 1.1093 | union_precision 0.5000 | weighted_recall 0.0678 | union_precision 0.5000 | threshold 0.625 | val_model raw | lr 0.001000
Epoch 8/60 | train_loss 1.0873 | union_precision 0.6000 | weighted_recall 0.1186 | union_precision 0.6000 | threshold 0.600 | val_model raw | lr 0.001000
Epoch 9/60 | train_loss 1.0594 | union_precision 0.6000 | weighted_recall 0.1186 | union_precision 0.6000 | threshold 0.600 | val_model raw | lr 0.001000
Epoch 10/60 | train_loss 1.0262 | union_precision 0.6000 | weighted_recall 0.1186 | union_precision 0.6000 | threshold 0.600 | val_model raw | lr 0.001000
Epoch 11/60 | train_loss 1.0047 | union_precision 0.6000 | weighted_recall 0.1186 | union_precision 0.6000 | threshold 0.625 | val_model raw | lr 0.001000
Epoch 12/60 | train_loss 0.9884 | union_precision 0.6000 | weighted_recall 0.1186 | union_precision 0.6000 | threshold 0.625 | val_model raw | lr 0.001000
Epoch 13/60 | train_loss 0.9541 | union_precision 0.6000 | weighted_recall 0.1186 | union_precision 0.6000 | threshold 0.625 | val_model raw | lr 0.001000
Epoch 14/60 | train_loss 0.9334 | union_precision 0.6000 | weighted_recall 0.1186 | union_precision 0.6000 | threshold 0.625 | val_model raw | lr 0.001000
Epoch 15/60 | train_loss 0.9114 | union_precision 0.7500 | weighted_recall 0.1186 | union_precision 0.7500 | threshold 0.700 | val_model raw | lr 0.001000
Epoch 16/60 | train_loss 0.8922 | union_precision 0.7500 | weighted_recall 0.1186 | union_precision 0.7500 | threshold 0.675 | val_model raw | lr 0.001000
Epoch 17/60 | train_loss 0.8697 | union_precision 0.7500 | weighted_recall 0.1186 | union_precision 0.7500 | threshold 0.650 | val_model raw | lr 0.001000
Epoch 18/60 | train_loss 0.8530 | union_precision 0.8000 | weighted_recall 0.1695 | union_precision 0.8000 | threshold 0.650 | val_model raw | lr 0.001000
Epoch 19/60 | train_loss 0.8308 | union_precision 0.8000 | weighted_recall 0.1695 | union_precision 0.8000 | threshold 0.650 | val_model raw | lr 0.001000
Epoch 20/60 | train_loss 0.8075 | union_precision 0.8000 | weighted_recall 0.1695 | union_precision 0.8000 | threshold 0.650 | val_model raw | lr 0.001000
Epoch 21/60 | train_loss 0.8050 | union_precision 0.8000 | weighted_recall 0.1695 | union_precision 0.8000 | threshold 0.675 | val_model raw | lr 0.001000
Epoch 22/60 | train_loss 0.7699 | union_precision 0.8000 | weighted_recall 0.1695 | union_precision 0.8000 | threshold 0.675 | val_model raw | lr 0.001000
Epoch 23/60 | train_loss 0.7620 | union_precision 0.8000 | weighted_recall 0.1695 | union_precision 0.8000 | threshold 0.675 | val_model raw | lr 0.001000
Epoch 24/60 | train_loss 0.7423 | union_precision 0.8000 | weighted_recall 0.1695 | union_precision 0.8000 | threshold 0.675 | val_model raw | lr 0.001000
Epoch 25/60 | train_loss 0.7421 | union_precision 0.8000 | weighted_recall 0.1695 | union_precision 0.8000 | threshold 0.675 | val_model raw | lr 0.001000
Epoch 26/60 | train_loss 0.7115 | union_precision 0.7500 | weighted_recall 0.1186 | union_precision 0.7500 | threshold 0.675 | val_model raw | lr 0.001000
Epoch 27/60 | train_loss 0.6885 | union_precision 0.8000 | weighted_recall 0.1695 | union_precision 0.8000 | threshold 0.650 | val_model raw | lr 0.001000
Epoch 28/60 | train_loss 0.6901 | union_precision 0.8000 | weighted_recall 0.1695 | union_precision 0.8000 | threshold 0.625 | val_model raw | lr 0.001000
Early stopping at epoch 28
Held-out M67-2 | union_precision=0.8000 | weighted_recall=0.1695 | consensus_recall=0.0000
Epoch 1/60 | train_loss 1.5322 | union_precision 1.0000 | weighted_recall 0.0746 | union_precision 1.0000 | threshold 0.600 | val_model raw | lr 0.001000
Epoch 2/60 | train_loss 1.3856 | union_precision 1.0000 | weighted_recall 0.0746 | union_precision 1.0000 | threshold 0.600 | val_model raw | lr 0.001000
Epoch 3/60 | train_loss 1.3031 | union_precision 1.0000 | weighted_recall 0.0746 | union_precision 1.0000 | threshold 0.625 | val_model raw | lr 0.001000
Epoch 4/60 | train_loss 1.2309 | union_precision 1.0000 | weighted_recall 0.0746 | union_precision 1.0000 | threshold 0.650 | val_model raw | lr 0.001000
Epoch 5/60 | train_loss 1.1889 | union_precision 1.0000 | weighted_recall 0.0746 | union_precision 1.0000 | threshold 0.650 | val_model raw | lr 0.001000
Epoch 6/60 | train_loss 1.1484 | union_precision 0.8333 | weighted_recall 0.4030 | union_precision 0.8333 | threshold 0.650 | val_model raw | lr 0.001000
Epoch 7/60 | train_loss 1.1084 | union_precision 1.0000 | weighted_recall 0.0746 | union_precision 1.0000 | threshold 0.700 | val_model raw | lr 0.001000
Epoch 8/60 | train_loss 1.0883 | union_precision 0.8333 | weighted_recall 0.4030 | union_precision 0.8333 | threshold 0.675 | val_model raw | lr 0.001000
Epoch 9/60 | train_loss 1.0600 | union_precision 0.6667 | weighted_recall 0.4627 | union_precision 0.6667 | threshold 0.650 | val_model raw | lr 0.001000
Epoch 10/60 | train_loss 1.0263 | union_precision 0.8333 | weighted_recall 0.4030 | union_precision 0.8333 | threshold 0.700 | val_model raw | lr 0.001000
Epoch 11/60 | train_loss 1.0049 | union_precision 0.6667 | weighted_recall 0.4627 | union_precision 0.6667 | threshold 0.650 | val_model raw | lr 0.001000
Epoch 12/60 | train_loss 0.9898 | union_precision 1.0000 | weighted_recall 0.0149 | union_precision 1.0000 | threshold 0.750 | val_model raw | lr 0.001000
Epoch 13/60 | train_loss 0.9548 | union_precision 1.0000 | weighted_recall 0.0149 | union_precision 1.0000 | threshold 0.775 | val_model raw | lr 0.001000
Epoch 14/60 | train_loss 0.9329 | union_precision 0.8333 | weighted_recall 0.3433 | union_precision 0.8333 | threshold 0.750 | val_model raw | lr 0.001000
Epoch 15/60 | train_loss 0.9135 | union_precision 1.0000 | weighted_recall 0.0149 | union_precision 1.0000 | threshold 0.800 | val_model raw | lr 0.001000
Epoch 16/60 | train_loss 0.8915 | union_precision 0.8333 | weighted_recall 0.3433 | union_precision 0.8333 | threshold 0.775 | val_model raw | lr 0.001000
Early stopping at epoch 16
Held-out M67-3 | union_precision=0.8333 | weighted_recall=0.4030 | consensus_recall=0.0000
Epoch 1/60 | train_loss 1.5333 | union_precision 0.6364 | weighted_recall 0.0828 | union_precision 0.6364 | threshold 0.550 | val_model raw | lr 0.001000
Epoch 2/60 | train_loss 1.3857 | union_precision 0.6667 | weighted_recall 0.0764 | union_precision 0.6667 | threshold 0.575 | val_model raw | lr 0.001000
Epoch 3/60 | train_loss 1.3015 | union_precision 0.7500 | weighted_recall 0.0318 | union_precision 0.7500 | threshold 0.625 | val_model raw | lr 0.001000
Epoch 4/60 | train_loss 1.2315 | union_precision 0.8571 | weighted_recall 0.0701 | union_precision 0.8571 | threshold 0.625 | val_model raw | lr 0.001000
Epoch 5/60 | train_loss 1.1906 | union_precision 0.8000 | weighted_recall 0.0510 | union_precision 0.8000 | threshold 0.650 | val_model raw | lr 0.001000
Epoch 6/60 | train_loss 1.1477 | union_precision 0.8333 | weighted_recall 0.0637 | union_precision 0.8333 | threshold 0.650 | val_model raw | lr 0.001000
Epoch 7/60 | train_loss 1.1075 | union_precision 0.8750 | weighted_recall 0.0764 | union_precision 0.8750 | threshold 0.650 | val_model raw | lr 0.001000
Epoch 8/60 | train_loss 1.0868 | union_precision 1.0000 | weighted_recall 0.1210 | union_precision 1.0000 | threshold 0.650 | val_model raw | lr 0.001000
Epoch 9/60 | train_loss 1.0591 | union_precision 1.0000 | weighted_recall 0.1656 | union_precision 1.0000 | threshold 0.650 | val_model raw | lr 0.001000
Epoch 10/60 | train_loss 1.0235 | union_precision 0.8095 | weighted_recall 0.4777 | union_precision 0.8095 | threshold 0.625 | val_model raw | lr 0.001000
Epoch 11/60 | train_loss 1.0018 | union_precision 0.8750 | weighted_recall 0.4204 | union_precision 0.8750 | threshold 0.650 | val_model raw | lr 0.001000
Epoch 12/60 | train_loss 0.9862 | union_precision 0.8333 | weighted_recall 0.4586 | union_precision 0.8333 | threshold 0.650 | val_model raw | lr 0.001000
Epoch 13/60 | train_loss 0.9536 | union_precision 0.8333 | weighted_recall 0.4586 | union_precision 0.8333 | threshold 0.650 | val_model raw | lr 0.001000
Epoch 14/60 | train_loss 0.9332 | union_precision 0.8125 | weighted_recall 0.4140 | union_precision 0.8125 | threshold 0.675 | val_model raw | lr 0.001000
Epoch 15/60 | train_loss 0.9113 | union_precision 0.8235 | weighted_recall 0.4204 | union_precision 0.8235 | threshold 0.675 | val_model raw | lr 0.001000
Epoch 16/60 | train_loss 0.8868 | union_precision 0.8571 | weighted_recall 0.4013 | union_precision 0.8571 | threshold 0.700 | val_model raw | lr 0.001000
Epoch 17/60 | train_loss 0.8682 | union_precision 0.8000 | weighted_recall 0.4013 | union_precision 0.8000 | threshold 0.700 | val_model raw | lr 0.001000
Epoch 18/60 | train_loss 0.8508 | union_precision 0.8333 | weighted_recall 0.2930 | union_precision 0.8333 | threshold 0.725 | val_model raw | lr 0.001000
Epoch 19/60 | train_loss 0.8313 | union_precision 0.8333 | weighted_recall 0.2930 | union_precision 0.8333 | threshold 0.725 | val_model raw | lr 0.001000
Epoch 20/60 | train_loss 0.8069 | union_precision 0.8333 | weighted_recall 0.2930 | union_precision 0.8333 | threshold 0.725 | val_model raw | lr 0.001000
Early stopping at epoch 20
Held-out M67-4 | union_precision=0.8095 | weighted_recall=0.4777 | consensus_recall=0.0000
Epoch 1/60 | train_loss 1.5302 | union_precision 0.3333 | weighted_recall 0.0313 | union_precision 0.3333 | threshold 0.575 | val_model raw | lr 0.001000
Epoch 2/60 | train_loss 1.3792 | union_precision 0.3448 | weighted_recall 0.1719 | union_precision 0.3448 | threshold 0.050 | val_model raw | lr 0.001000
Epoch 3/60 | train_loss 1.2951 | union_precision 0.4138 | weighted_recall 0.2656 | union_precision 0.4138 | threshold 0.050 | val_model raw | lr 0.001000
Epoch 4/60 | train_loss 1.2247 | union_precision 1.0000 | weighted_recall 0.0078 | union_precision 1.0000 | threshold 0.650 | val_model raw | lr 0.001000
Epoch 5/60 | train_loss 1.1866 | union_precision 1.0000 | weighted_recall 0.0078 | union_precision 1.0000 | threshold 0.650 | val_model raw | lr 0.001000
Epoch 6/60 | train_loss 1.1447 | union_precision 1.0000 | weighted_recall 0.0078 | union_precision 1.0000 | threshold 0.650 | val_model raw | lr 0.001000
Epoch 7/60 | train_loss 1.0983 | union_precision 1.0000 | weighted_recall 0.0078 | union_precision 1.0000 | threshold 0.650 | val_model raw | lr 0.001000
Epoch 8/60 | train_loss 1.0840 | union_precision 1.0000 | weighted_recall 0.0078 | union_precision 1.0000 | threshold 0.650 | val_model raw | lr 0.001000
Epoch 9/60 | train_loss 1.0538 | union_precision 1.0000 | weighted_recall 0.0078 | union_precision 1.0000 | threshold 0.650 | val_model raw | lr 0.001000
Epoch 10/60 | train_loss 1.0190 | union_precision 1.0000 | weighted_recall 0.0078 | union_precision 1.0000 | threshold 0.650 | val_model raw | lr 0.001000
Epoch 11/60 | train_loss 0.9984 | union_precision 1.0000 | weighted_recall 0.0078 | union_precision 1.0000 | threshold 0.675 | val_model raw | lr 0.001000
Epoch 12/60 | train_loss 0.9830 | union_precision 1.0000 | weighted_recall 0.0078 | union_precision 1.0000 | threshold 0.675 | val_model raw | lr 0.001000
Epoch 13/60 | train_loss 0.9512 | union_precision 1.0000 | weighted_recall 0.0391 | union_precision 1.0000 | threshold 0.675 | val_model raw | lr 0.001000
Epoch 14/60 | train_loss 0.9278 | union_precision 1.0000 | weighted_recall 0.0625 | union_precision 1.0000 | threshold 0.675 | val_model raw | lr 0.001000
Epoch 15/60 | train_loss 0.9098 | union_precision 1.0000 | weighted_recall 0.0625 | union_precision 1.0000 | threshold 0.675 | val_model raw | lr 0.001000
Epoch 16/60 | train_loss 0.8895 | union_precision 1.0000 | weighted_recall 0.0625 | union_precision 1.0000 | threshold 0.650 | val_model raw | lr 0.001000
Epoch 17/60 | train_loss 0.8696 | union_precision 1.0000 | weighted_recall 0.0625 | union_precision 1.0000 | threshold 0.650 | val_model raw | lr 0.001000
Epoch 18/60 | train_loss 0.8531 | union_precision 1.0000 | weighted_recall 0.0938 | union_precision 1.0000 | threshold 0.650 | val_model raw | lr 0.001000
Epoch 19/60 | train_loss 0.8361 | union_precision 1.0000 | weighted_recall 0.0938 | union_precision 1.0000 | threshold 0.675 | val_model raw | lr 0.001000
Epoch 20/60 | train_loss 0.8092 | union_precision 1.0000 | weighted_recall 0.0625 | union_precision 1.0000 | threshold 0.700 | val_model raw | lr 0.001000
Epoch 21/60 | train_loss 0.8023 | union_precision 0.8000 | weighted_recall 0.0938 | union_precision 0.8000 | threshold 0.725 | val_model raw | lr 0.001000
Epoch 22/60 | train_loss 0.7719 | union_precision 1.0000 | weighted_recall 0.0938 | union_precision 1.0000 | threshold 0.750 | val_model raw | lr 0.001000
Epoch 23/60 | train_loss 0.7613 | union_precision 0.8000 | weighted_recall 0.0938 | union_precision 0.8000 | threshold 0.750 | val_model raw | lr 0.001000
Epoch 24/60 | train_loss 0.7456 | union_precision 0.8000 | weighted_recall 0.0938 | union_precision 0.8000 | threshold 0.750 | val_model raw | lr 0.001000
Epoch 25/60 | train_loss 0.7369 | union_precision 1.0000 | weighted_recall 0.0703 | union_precision 1.0000 | threshold 0.800 | val_model raw | lr 0.001000
Epoch 26/60 | train_loss 0.7143 | union_precision 1.0000 | weighted_recall 0.0703 | union_precision 1.0000 | threshold 0.800 | val_model raw | lr 0.001000
Epoch 27/60 | train_loss 0.6867 | union_precision 1.0000 | weighted_recall 0.0703 | union_precision 1.0000 | threshold 0.800 | val_model raw | lr 0.001000
Epoch 28/60 | train_loss 0.6947 | union_precision 1.0000 | weighted_recall 0.0703 | union_precision 1.0000 | threshold 0.800 | val_model raw | lr 0.001000
Early stopping at epoch 28
Held-out M68-1 | union_precision=1.0000 | weighted_recall=0.0938 | consensus_recall=0.0000
Epoch 1/60 | train_loss 1.5295 | union_precision 0.8000 | weighted_recall 0.2137 | union_precision 0.8000 | threshold 0.575 | val_model raw | lr 0.001000
Epoch 2/60 | train_loss 1.3834 | union_precision 1.0000 | weighted_recall 0.2137 | union_precision 1.0000 | threshold 0.600 | val_model raw | lr 0.001000
Epoch 3/60 | train_loss 1.2981 | union_precision 1.0000 | weighted_recall 0.1966 | union_precision 1.0000 | threshold 0.625 | val_model raw | lr 0.001000
Epoch 4/60 | train_loss 1.2321 | union_precision 1.0000 | weighted_recall 0.0769 | union_precision 1.0000 | threshold 0.650 | val_model raw | lr 0.001000
Epoch 5/60 | train_loss 1.1924 | union_precision 0.6000 | weighted_recall 0.1880 | union_precision 0.6000 | threshold 0.650 | val_model raw | lr 0.001000
Epoch 6/60 | train_loss 1.1492 | union_precision 0.6667 | weighted_recall 0.1709 | union_precision 0.6667 | threshold 0.675 | val_model raw | lr 0.001000
Epoch 7/60 | train_loss 1.1058 | union_precision 0.4118 | weighted_recall 0.5726 | union_precision 0.4118 | threshold 0.600 | val_model raw | lr 0.001000
Epoch 8/60 | train_loss 1.0912 | union_precision 0.4118 | weighted_recall 0.5726 | union_precision 0.4118 | threshold 0.600 | val_model raw | lr 0.001000
Epoch 9/60 | train_loss 1.0611 | union_precision 0.4118 | weighted_recall 0.5726 | union_precision 0.4118 | threshold 0.625 | val_model raw | lr 0.001000
Epoch 10/60 | train_loss 1.0262 | union_precision 0.5714 | weighted_recall 0.4615 | union_precision 0.5714 | threshold 0.700 | val_model raw | lr 0.001000
Epoch 11/60 | train_loss 1.0077 | union_precision 0.7000 | weighted_recall 0.5812 | union_precision 0.7000 | threshold 0.700 | val_model raw | lr 0.001000
Epoch 12/60 | train_loss 0.9867 | union_precision 0.7000 | weighted_recall 0.5812 | union_precision 0.7000 | threshold 0.725 | val_model raw | lr 0.001000
Early stopping at epoch 12
Held-out M68-2 | union_precision=1.0000 | weighted_recall=0.2137 | consensus_recall=0.0000
Epoch 1/60 | train_loss 1.5288 | union_precision 0.3333 | weighted_recall 0.0156 | union_precision 0.3333 | threshold 0.625 | val_model raw | lr 0.001000
Epoch 2/60 | train_loss 1.3807 | union_precision 0.2941 | weighted_recall 0.3750 | union_precision 0.2941 | threshold 0.500 | val_model raw | lr 0.001000
Epoch 3/60 | train_loss 1.2986 | union_precision 0.3077 | weighted_recall 0.6094 | union_precision 0.3077 | threshold 0.600 | val_model raw | lr 0.001000
Epoch 4/60 | train_loss 1.2390 | union_precision 0.4615 | weighted_recall 0.7187 | union_precision 0.4615 | threshold 0.475 | val_model raw | lr 0.001000
Epoch 5/60 | train_loss 1.1915 | union_precision 0.4286 | weighted_recall 0.7187 | union_precision 0.4286 | threshold 0.475 | val_model raw | lr 0.001000
Epoch 6/60 | train_loss 1.1507 | union_precision 0.4286 | weighted_recall 0.7187 | union_precision 0.4286 | threshold 0.475 | val_model raw | lr 0.001000
Epoch 7/60 | train_loss 1.1034 | union_precision 0.4375 | weighted_recall 0.7500 | union_precision 0.4375 | threshold 0.650 | val_model raw | lr 0.001000
Epoch 8/60 | train_loss 1.0923 | union_precision 0.5000 | weighted_recall 0.4375 | union_precision 0.5000 | threshold 0.700 | val_model raw | lr 0.001000
Epoch 9/60 | train_loss 1.0642 | union_precision 0.5000 | weighted_recall 0.2031 | union_precision 0.5000 | threshold 0.750 | val_model raw | lr 0.001000
Epoch 10/60 | train_loss 1.0291 | union_precision 0.5000 | weighted_recall 0.2500 | union_precision 0.5000 | threshold 0.750 | val_model raw | lr 0.001000
Epoch 11/60 | train_loss 1.0037 | union_precision 0.6250 | weighted_recall 0.3750 | union_precision 0.6250 | threshold 0.775 | val_model raw | lr 0.001000
Epoch 12/60 | train_loss 0.9875 | union_precision 0.6000 | weighted_recall 0.4375 | union_precision 0.6000 | threshold 0.800 | val_model raw | lr 0.001000
Epoch 13/60 | train_loss 0.9587 | union_precision 0.5000 | weighted_recall 0.7500 | union_precision 0.5000 | threshold 0.800 | val_model raw | lr 0.001000
Epoch 14/60 | train_loss 0.9361 | union_precision 0.6000 | weighted_recall 0.2812 | union_precision 0.6000 | threshold 0.850 | val_model raw | lr 0.001000
Epoch 15/60 | train_loss 0.9190 | union_precision 0.5385 | weighted_recall 0.7500 | union_precision 0.5385 | threshold 0.825 | val_model raw | lr 0.001000
Epoch 16/60 | train_loss 0.8973 | union_precision 0.5455 | weighted_recall 0.7344 | union_precision 0.5455 | threshold 0.825 | val_model raw | lr 0.001000
Epoch 17/60 | train_loss 0.8708 | union_precision 0.6000 | weighted_recall 0.7344 | union_precision 0.6000 | threshold 0.825 | val_model raw | lr 0.001000
Epoch 18/60 | train_loss 0.8553 | union_precision 0.6000 | weighted_recall 0.7344 | union_precision 0.6000 | threshold 0.825 | val_model raw | lr 0.001000
Epoch 19/60 | train_loss 0.8405 | union_precision 0.6000 | weighted_recall 0.7344 | union_precision 0.6000 | threshold 0.800 | val_model raw | lr 0.001000
Epoch 20/60 | train_loss 0.8093 | union_precision 0.6000 | weighted_recall 0.7344 | union_precision 0.6000 | threshold 0.775 | val_model raw | lr 0.001000
Epoch 21/60 | train_loss 0.8064 | union_precision 0.6000 | weighted_recall 0.7344 | union_precision 0.6000 | threshold 0.800 | val_model raw | lr 0.001000
Early stopping at epoch 21
Held-out M68-3 | union_precision=0.6250 | weighted_recall=0.3750 | consensus_recall=0.0000
Epoch 1/60 | train_loss 1.5481 | union_precision 0.4000 | weighted_recall 0.0096 | union_precision 0.4000 | threshold 0.650 | val_model raw | lr 0.001000
Epoch 2/60 | train_loss 1.3839 | union_precision 0.4000 | weighted_recall 0.0255 | union_precision 0.4000 | threshold 0.575 | val_model raw | lr 0.001000
Epoch 3/60 | train_loss 1.3002 | union_precision 0.5500 | weighted_recall 0.0627 | union_precision 0.5500 | threshold 0.550 | val_model raw | lr 0.001000
Epoch 4/60 | train_loss 1.2295 | union_precision 0.6552 | weighted_recall 0.2577 | union_precision 0.6552 | threshold 0.550 | val_model raw | lr 0.001000
Epoch 5/60 | train_loss 1.1953 | union_precision 0.6800 | weighted_recall 0.1086 | union_precision 0.6800 | threshold 0.575 | val_model raw | lr 0.001000
Epoch 6/60 | train_loss 1.1273 | union_precision 0.6757 | weighted_recall 0.2918 | union_precision 0.6757 | threshold 0.575 | val_model raw | lr 0.001000
Epoch 7/60 | train_loss 1.1102 | union_precision 0.7500 | weighted_recall 0.2640 | union_precision 0.7500 | threshold 0.600 | val_model raw | lr 0.001000
Epoch 8/60 | train_loss 1.0942 | union_precision 0.7273 | weighted_recall 0.1030 | union_precision 0.7273 | threshold 0.625 | val_model raw | lr 0.001000
Epoch 9/60 | train_loss 1.0646 | union_precision 0.7778 | weighted_recall 0.0884 | union_precision 0.7778 | threshold 0.650 | val_model raw | lr 0.001000
Epoch 10/60 | train_loss 1.0277 | union_precision 0.8125 | weighted_recall 0.0873 | union_precision 0.8125 | threshold 0.675 | val_model raw | lr 0.001000
Epoch 11/60 | train_loss 1.0008 | union_precision 0.8182 | weighted_recall 0.1834 | union_precision 0.8182 | threshold 0.675 | val_model raw | lr 0.001000
Epoch 12/60 | train_loss 0.9904 | union_precision 0.9412 | weighted_recall 0.1116 | union_precision 0.9412 | threshold 0.700 | val_model raw | lr 0.001000
Epoch 13/60 | train_loss 0.9539 | union_precision 0.8571 | weighted_recall 0.1857 | union_precision 0.8571 | threshold 0.700 | val_model raw | lr 0.001000
Epoch 14/60 | train_loss 0.9374 | union_precision 0.8824 | weighted_recall 0.0957 | union_precision 0.8824 | threshold 0.725 | val_model raw | lr 0.001000
Epoch 15/60 | train_loss 0.9218 | union_precision 0.9286 | weighted_recall 0.0866 | union_precision 0.9286 | threshold 0.750 | val_model raw | lr 0.001000
Epoch 16/60 | train_loss 0.8973 | union_precision 0.8000 | weighted_recall 0.1025 | union_precision 0.8000 | threshold 0.750 | val_model raw | lr 0.001000
Epoch 17/60 | train_loss 0.8742 | union_precision 0.9333 | weighted_recall 0.0912 | union_precision 0.9333 | threshold 0.775 | val_model raw | lr 0.001000
Epoch 18/60 | train_loss 0.8382 | union_precision 0.8947 | weighted_recall 0.1343 | union_precision 0.8947 | threshold 0.775 | val_model raw | lr 0.001000
Epoch 19/60 | train_loss 0.8274 | union_precision 0.8571 | weighted_recall 0.1229 | union_precision 0.8571 | threshold 0.775 | val_model raw | lr 0.001000
Epoch 20/60 | train_loss 0.8169 | union_precision 0.8333 | weighted_recall 0.1925 | union_precision 0.8333 | threshold 0.775 | val_model raw | lr 0.001000
Epoch 21/60 | train_loss 0.7833 | union_precision 0.8696 | weighted_recall 0.1925 | union_precision 0.8696 | threshold 0.775 | val_model raw | lr 0.001000
Epoch 22/60 | train_loss 0.7610 | union_precision 0.8696 | weighted_recall 0.1925 | union_precision 0.8696 | threshold 0.775 | val_model raw | lr 0.001000
Epoch 23/60 | train_loss 0.7650 | union_precision 0.8000 | weighted_recall 0.1925 | union_precision 0.8000 | threshold 0.775 | val_model raw | lr 0.001000
Epoch 24/60 | train_loss 0.7446 | union_precision 0.8571 | weighted_recall 0.1229 | union_precision 0.8571 | threshold 0.800 | val_model raw | lr 0.001000
Epoch 25/60 | train_loss 0.7270 | union_precision 0.8421 | weighted_recall 0.1037 | union_precision 0.8421 | threshold 0.825 | val_model raw | lr 0.001000
Epoch 26/60 | train_loss 0.7207 | union_precision 0.8095 | weighted_recall 0.1173 | union_precision 0.8095 | threshold 0.825 | val_model raw | lr 0.001000
Epoch 27/60 | train_loss 0.6947 | union_precision 0.8421 | weighted_recall 0.1037 | union_precision 0.8421 | threshold 0.850 | val_model raw | lr 0.001000
Epoch 28/60 | train_loss 0.6704 | union_precision 0.8947 | weighted_recall 0.1173 | union_precision 0.8947 | threshold 0.850 | val_model raw | lr 0.001000
Epoch 29/60 | train_loss 0.6707 | union_precision 0.8889 | weighted_recall 0.1037 | union_precision 0.8889 | threshold 0.850 | val_model raw | lr 0.001000
Epoch 30/60 | train_loss 0.6490 | union_precision 0.8095 | weighted_recall 0.1173 | union_precision 0.8095 | threshold 0.825 | val_model raw | lr 0.001000
Epoch 31/60 | train_loss 0.6500 | union_precision 0.8000 | weighted_recall 0.1128 | union_precision 0.8000 | threshold 0.825 | val_model raw | lr 0.001000
Early stopping at epoch 31
Held-out M06-1__M06-2__M06-3 | union_precision=0.8696 | weighted_recall=0.1925 | consensus_recall=0.2000
Wrote nested CV results to /gpfs/work/int/yuxuanliu2204/Changheng/xmltoexp/MERIX SUBMISSION/Boundary_Restart/reports/nested_piece_cv/weighted_topdown_merge56_level56_boundary_seed42
Best candidate: model-tcn__detector_target-level56_boundary__selection_metric-weighted_recall__min_precision-0p8__loss_type-bce__rest_span_label_mode-none__rest_span_tolerance_negative_weight-1p0 | mean_primary_metric=0.1673 | mean_union_precision=0.8369
