Running nested 3x3 on seed=44 from /gpfs/work/int/yuxuanliu2204/Changheng/xmltoexp/MERIX SUBMISSION/Boundary_Restart
Command: python3 Command: run_nested_piece_cv.py Command: --config Command: configs/salience_grouped3_hi8_score_only_xml_curated.yaml Command: --outer_heldout_piece Command: M06-1 Command: M06-2 Command: M06-3 Command: --inner_mode Command: leave_one Command: --n_splits Command: 5 Command: --candidate_json Command: configs/nested_candidates_level56_tcn_085_095.json Command: --model Command: tcn Command: --detector_target Command: level56_boundary Command: --selection_metric Command: union_recall Command: --loss_type Command: bce Command: --rest_span_label_mode Command: none Command: --rest_span_tolerance_negative_weight Command: 1.0 Command: --device Command: cuda Command: --seed Command: 44 Command: --output_dir Command: reports/nested_piece_cv/M06_outer_level56_seed44 Command: --run_outer_fit Command: --reuse_existing 
Epoch 1/30 | train_loss 1.5589 | union_precision 0.4545 | weighted_recall 0.2331 | consensus_recall 0.0000 | threshold 0.500
Epoch 2/30 | train_loss 1.4101 | union_precision 0.6154 | weighted_recall 0.1656 | consensus_recall 0.0000 | threshold 0.500
Epoch 3/30 | train_loss 1.3401 | union_precision 0.8182 | weighted_recall 0.1902 | consensus_recall 0.0000 | threshold 0.500
Epoch 4/30 | train_loss 1.2973 | union_precision 0.8182 | weighted_recall 0.1902 | consensus_recall 0.0000 | threshold 0.500
Epoch 5/30 | train_loss 1.2431 | union_precision 0.8000 | weighted_recall 0.1779 | consensus_recall 0.0000 | threshold 0.500
Epoch 6/30 | train_loss 1.1991 | union_precision 1.0000 | weighted_recall 0.0368 | consensus_recall 0.0000 | threshold 0.575
Epoch 7/30 | train_loss 1.1675 | union_precision 0.6667 | weighted_recall 0.2945 | consensus_recall 0.0000 | threshold 0.500
Epoch 8/30 | train_loss 1.1559 | union_precision 1.0000 | weighted_recall 0.0368 | consensus_recall 0.0000 | threshold 0.600
Epoch 9/30 | train_loss 1.1261 | union_precision 1.0000 | weighted_recall 0.0368 | consensus_recall 0.0000 | threshold 0.625
Epoch 10/30 | train_loss 1.1219 | union_precision 0.6667 | weighted_recall 0.2209 | consensus_recall 0.0000 | threshold 0.575
Epoch 11/30 | train_loss 1.0935 | union_precision 0.8000 | weighted_recall 0.2209 | consensus_recall 0.0000 | threshold 0.650
Early stopping at epoch 11
Held-out M07-1 | union_precision=1.0000 | weighted_recall=0.0368 | consensus_recall=0.0000
  oracle_stage_macro_f1=0.2315 | end_to_end_stage_macro_f1=0.0741
  end_to_end_stage_class_f1=low:0.0000,mid:0.2222,high:0.0000
Epoch 1/30 | train_loss 1.5681 | union_precision 0.5714 | weighted_recall 0.0782 | consensus_recall 0.0000 | threshold 0.675
Epoch 2/30 | train_loss 1.4067 | union_precision 0.3636 | weighted_recall 0.0782 | consensus_recall 0.0000 | threshold 0.650
Epoch 3/30 | train_loss 1.3449 | union_precision 0.3636 | weighted_recall 0.0782 | consensus_recall 0.0000 | threshold 0.675
Epoch 4/30 | train_loss 1.2976 | union_precision 0.4444 | weighted_recall 0.0782 | consensus_recall 0.0000 | threshold 0.700
Epoch 5/30 | train_loss 1.2432 | union_precision 0.4444 | weighted_recall 0.0782 | consensus_recall 0.0000 | threshold 0.700
Epoch 6/30 | train_loss 1.1978 | union_precision 0.5000 | weighted_recall 0.0335 | consensus_recall 0.0000 | threshold 0.725
Early stopping at epoch 6
Held-out M07-2 | union_precision=0.5714 | weighted_recall=0.0782 | consensus_recall=0.0000
  oracle_stage_macro_f1=0.4237 | end_to_end_stage_macro_f1=0.0317
  end_to_end_stage_class_f1=low:0.0000,mid:0.0000,high:0.0952
Epoch 1/30 | train_loss 1.5703 | union_precision 0.5000 | weighted_recall 0.0323 | consensus_recall 0.0000 | threshold 0.650
Epoch 2/30 | train_loss 1.4046 | union_precision 0.3333 | weighted_recall 0.0323 | consensus_recall 0.0000 | threshold 0.650
Epoch 3/30 | train_loss 1.3349 | union_precision 1.0000 | weighted_recall 0.0323 | consensus_recall 0.0000 | threshold 0.700
Epoch 4/30 | train_loss 1.2901 | union_precision 0.4000 | weighted_recall 0.1806 | consensus_recall 0.0000 | threshold 0.550
Epoch 5/30 | train_loss 1.2343 | union_precision 1.0000 | weighted_recall 0.0323 | consensus_recall 0.0000 | threshold 0.700
Epoch 6/30 | train_loss 1.1907 | union_precision 0.5000 | weighted_recall 0.0323 | consensus_recall 0.0000 | threshold 0.675
Epoch 7/30 | train_loss 1.1649 | union_precision 1.0000 | weighted_recall 0.0323 | consensus_recall 0.0000 | threshold 0.675
Epoch 8/30 | train_loss 1.1454 | union_precision 1.0000 | weighted_recall 0.0323 | consensus_recall 0.0000 | threshold 0.700
Epoch 9/30 | train_loss 1.1157 | union_precision 1.0000 | weighted_recall 0.0323 | consensus_recall 0.0000 | threshold 0.725
Epoch 10/30 | train_loss 1.1110 | union_precision 1.0000 | weighted_recall 0.0323 | consensus_recall 0.0000 | threshold 0.750
Epoch 11/30 | train_loss 1.0842 | union_precision 0.6000 | weighted_recall 0.0839 | consensus_recall 0.0000 | threshold 0.750
Epoch 12/30 | train_loss 1.0730 | union_precision 0.6000 | weighted_recall 0.0839 | consensus_recall 0.0000 | threshold 0.750
Early stopping at epoch 12
Held-out M07-3 | union_precision=1.0000 | weighted_recall=0.0323 | consensus_recall=0.0000
  oracle_stage_macro_f1=0.3548 | end_to_end_stage_macro_f1=0.0606
  end_to_end_stage_class_f1=low:0.0000,mid:0.1818,high:0.0000
Epoch 1/30 | train_loss 1.5586 | union_precision 0.4545 | weighted_recall 0.1193 | consensus_recall 0.0000 | threshold 0.475
Epoch 2/30 | train_loss 1.4095 | union_precision 0.4286 | weighted_recall 0.1193 | consensus_recall 0.0000 | threshold 0.050
Epoch 3/30 | train_loss 1.3320 | union_precision 0.5714 | weighted_recall 0.1080 | consensus_recall 0.0000 | threshold 0.525
Epoch 4/30 | train_loss 1.2940 | union_precision 0.7500 | weighted_recall 0.1023 | consensus_recall 0.0000 | threshold 0.550
Epoch 5/30 | train_loss 1.2488 | union_precision 0.6667 | weighted_recall 0.0568 | consensus_recall 0.0000 | threshold 0.575
Epoch 6/30 | train_loss 1.1973 | union_precision 0.7500 | weighted_recall 0.1023 | consensus_recall 0.0000 | threshold 0.575
Epoch 7/30 | train_loss 1.1715 | union_precision 1.0000 | weighted_recall 0.0398 | consensus_recall 0.0000 | threshold 0.600
Epoch 8/30 | train_loss 1.1571 | union_precision 1.0000 | weighted_recall 0.0398 | consensus_recall 0.0000 | threshold 0.625
Epoch 9/30 | train_loss 1.1252 | union_precision 1.0000 | weighted_recall 0.0398 | consensus_recall 0.0000 | threshold 0.650
Epoch 10/30 | train_loss 1.1163 | union_precision 1.0000 | weighted_recall 0.0398 | consensus_recall 0.0000 | threshold 0.675
Epoch 11/30 | train_loss 1.0885 | union_precision 1.0000 | weighted_recall 0.0398 | consensus_recall 0.0000 | threshold 0.700
Epoch 12/30 | train_loss 1.0828 | union_precision 1.0000 | weighted_recall 0.0398 | consensus_recall 0.0000 | threshold 0.725
Early stopping at epoch 12
Held-out M17-1 | union_precision=1.0000 | weighted_recall=0.0398 | consensus_recall=0.0000
  oracle_stage_macro_f1=0.4349 | end_to_end_stage_macro_f1=0.0392
  end_to_end_stage_class_f1=low:0.0000,mid:0.1176,high:0.0000
Epoch 1/30 | train_loss 1.5579 | union_precision 1.0000 | weighted_recall 0.0682 | consensus_recall 0.0000 | threshold 0.600
Epoch 2/30 | train_loss 1.4067 | union_precision 1.0000 | weighted_recall 0.0455 | consensus_recall 0.0000 | threshold 0.625
Epoch 3/30 | train_loss 1.3324 | union_precision 1.0000 | weighted_recall 0.0455 | consensus_recall 0.0000 | threshold 0.650
Epoch 4/30 | train_loss 1.2941 | union_precision 1.0000 | weighted_recall 0.0455 | consensus_recall 0.0000 | threshold 0.650
Epoch 5/30 | train_loss 1.2475 | union_precision 1.0000 | weighted_recall 0.0455 | consensus_recall 0.0000 | threshold 0.650
Epoch 6/30 | train_loss 1.1978 | union_precision 1.0000 | weighted_recall 0.0455 | consensus_recall 0.0000 | threshold 0.650
Early stopping at epoch 6
Held-out M17-2 | union_precision=1.0000 | weighted_recall=0.0682 | consensus_recall=0.0000
  oracle_stage_macro_f1=0.2607 | end_to_end_stage_macro_f1=0.0444
  end_to_end_stage_class_f1=low:0.0000,mid:0.1333,high:0.0000
Epoch 1/30 | train_loss 1.5591 | union_precision 0.3478 | weighted_recall 0.1221 | consensus_recall 0.0000 | threshold 0.575
Epoch 2/30 | train_loss 1.4025 | union_precision 0.2857 | weighted_recall 0.0704 | consensus_recall 0.0000 | threshold 0.600
Epoch 3/30 | train_loss 1.3358 | union_precision 0.2542 | weighted_recall 0.2160 | consensus_recall 0.0000 | threshold 0.050
Epoch 4/30 | train_loss 1.2935 | union_precision 0.2439 | weighted_recall 0.1737 | consensus_recall 0.0000 | threshold 0.525
Epoch 5/30 | train_loss 1.2473 | union_precision 0.2400 | weighted_recall 0.2254 | consensus_recall 0.0000 | threshold 0.500
Epoch 6/30 | train_loss 1.1954 | union_precision 0.2667 | weighted_recall 0.0751 | consensus_recall 0.0000 | threshold 0.625
Early stopping at epoch 6
Held-out M17-3 | union_precision=0.3478 | weighted_recall=0.1221 | consensus_recall=0.0000
  oracle_stage_macro_f1=0.4568 | end_to_end_stage_macro_f1=0.0901
  end_to_end_stage_class_f1=low:0.0000,mid:0.2703,high:0.0000
Epoch 1/30 | train_loss 1.5594 | union_precision 1.0000 | weighted_recall 0.0096 | consensus_recall 0.0000 | threshold 0.650
Epoch 2/30 | train_loss 1.3997 | union_precision 1.0000 | weighted_recall 0.0096 | consensus_recall 0.0000 | threshold 0.675
Epoch 3/30 | train_loss 1.3349 | union_precision 1.0000 | weighted_recall 0.0127 | consensus_recall 0.0000 | threshold 0.700
Epoch 4/30 | train_loss 1.2906 | union_precision 0.6667 | weighted_recall 0.0541 | consensus_recall 0.0000 | threshold 0.600
Epoch 5/30 | train_loss 1.2458 | union_precision 1.0000 | weighted_recall 0.0096 | consensus_recall 0.0000 | threshold 0.725
Epoch 6/30 | train_loss 1.1957 | union_precision 1.0000 | weighted_recall 0.0096 | consensus_recall 0.0000 | threshold 0.725
Epoch 7/30 | train_loss 1.1600 | union_precision 1.0000 | weighted_recall 0.0096 | consensus_recall 0.0000 | threshold 0.725
Epoch 8/30 | train_loss 1.1495 | union_precision 1.0000 | weighted_recall 0.0096 | consensus_recall 0.0000 | threshold 0.725
Early stopping at epoch 8
Held-out M17-4 | union_precision=1.0000 | weighted_recall=0.0127 | consensus_recall=0.0000
  oracle_stage_macro_f1=0.2351 | end_to_end_stage_macro_f1=0.0139
  end_to_end_stage_class_f1=low:0.0417,mid:0.0000,high:0.0000
Epoch 1/30 | train_loss 1.5557 | union_precision 0.5000 | weighted_recall 0.0375 | consensus_recall 0.0000 | threshold 0.625
Epoch 2/30 | train_loss 1.4010 | union_precision 1.0000 | weighted_recall 0.0250 | consensus_recall 0.0000 | threshold 0.675
Epoch 3/30 | train_loss 1.3366 | union_precision 0.5714 | weighted_recall 0.1000 | consensus_recall 0.0000 | threshold 0.650
Epoch 4/30 | train_loss 1.2952 | union_precision 0.5714 | weighted_recall 0.1000 | consensus_recall 0.0000 | threshold 0.650
Epoch 5/30 | train_loss 1.2507 | union_precision 0.6667 | weighted_recall 0.0375 | consensus_recall 0.0000 | threshold 0.675
Epoch 6/30 | train_loss 1.1993 | union_precision 0.5000 | weighted_recall 0.1000 | consensus_recall 0.0000 | threshold 0.625
Epoch 7/30 | train_loss 1.1670 | union_precision 0.5000 | weighted_recall 0.0500 | consensus_recall 0.0000 | threshold 0.625
Early stopping at epoch 7
Held-out M24-1 | union_precision=1.0000 | weighted_recall=0.0250 | consensus_recall=0.0000
  oracle_stage_macro_f1=0.2993 | end_to_end_stage_macro_f1=0.0000
  end_to_end_stage_class_f1=low:0.0000,mid:0.0000,high:0.0000
Epoch 1/30 | train_loss 1.5551 | union_precision 0.2558 | weighted_recall 0.2222 | consensus_recall 0.0000 | threshold 0.050
Epoch 2/30 | train_loss 1.3999 | union_precision 0.2143 | weighted_recall 0.1667 | consensus_recall 0.0000 | threshold 0.400
Epoch 3/30 | train_loss 1.3368 | union_precision 0.2500 | weighted_recall 0.1717 | consensus_recall 1.0000 | threshold 0.350
Epoch 4/30 | train_loss 1.2956 | union_precision 0.2381 | weighted_recall 0.1616 | consensus_recall 1.0000 | threshold 0.425
Epoch 5/30 | train_loss 1.2512 | union_precision 0.2564 | weighted_recall 0.1616 | consensus_recall 1.0000 | threshold 0.425
Epoch 6/30 | train_loss 1.1993 | union_precision 0.2564 | weighted_recall 0.1515 | consensus_recall 1.0000 | threshold 0.425
Epoch 7/30 | train_loss 1.1665 | union_precision 0.2791 | weighted_recall 0.2273 | consensus_recall 1.0000 | threshold 0.375
Epoch 8/30 | train_loss 1.1548 | union_precision 0.2564 | weighted_recall 0.1717 | consensus_recall 1.0000 | threshold 0.425
Epoch 9/30 | train_loss 1.1228 | union_precision 0.3256 | weighted_recall 0.2071 | consensus_recall 1.0000 | threshold 0.400
Epoch 10/30 | train_loss 1.1122 | union_precision 0.3061 | weighted_recall 0.2121 | consensus_recall 1.0000 | threshold 0.350
Epoch 11/30 | train_loss 1.0854 | union_precision 0.3095 | weighted_recall 0.2020 | consensus_recall 1.0000 | threshold 0.425
Epoch 12/30 | train_loss 1.0865 | union_precision 0.2857 | weighted_recall 0.1869 | consensus_recall 0.0000 | threshold 0.375
Epoch 13/30 | train_loss 1.0616 | union_precision 0.3095 | weighted_recall 0.1869 | consensus_recall 0.0000 | threshold 0.375
Epoch 14/30 | train_loss 1.0460 | union_precision 0.3023 | weighted_recall 0.1869 | consensus_recall 0.0000 | threshold 0.300
Early stopping at epoch 14
Held-out M24-2 | union_precision=0.3256 | weighted_recall=0.2071 | consensus_recall=1.0000
  oracle_stage_macro_f1=0.2479 | end_to_end_stage_macro_f1=0.1026
  end_to_end_stage_class_f1=low:0.3077,mid:0.0000,high:0.0000
Epoch 1/30 | train_loss 1.5538 | union_precision 1.0000 | weighted_recall 0.0385 | consensus_recall 0.0000 | threshold 0.625
Epoch 2/30 | train_loss 1.3998 | union_precision 1.0000 | weighted_recall 0.0385 | consensus_recall 0.0000 | threshold 0.650
Epoch 3/30 | train_loss 1.3411 | union_precision 1.0000 | weighted_recall 0.0577 | consensus_recall 0.0000 | threshold 0.650
Epoch 4/30 | train_loss 1.2948 | union_precision 1.0000 | weighted_recall 0.0577 | consensus_recall 0.0000 | threshold 0.650
Epoch 5/30 | train_loss 1.2553 | union_precision 1.0000 | weighted_recall 0.0577 | consensus_recall 0.0000 | threshold 0.650
Epoch 6/30 | train_loss 1.2014 | union_precision 1.0000 | weighted_recall 0.0577 | consensus_recall 0.0000 | threshold 0.625
Epoch 7/30 | train_loss 1.1689 | union_precision 1.0000 | weighted_recall 0.0192 | consensus_recall 0.0000 | threshold 0.675
Epoch 8/30 | train_loss 1.1548 | union_precision 1.0000 | weighted_recall 0.0192 | consensus_recall 0.0000 | threshold 0.700
Epoch 9/30 | train_loss 1.1260 | union_precision 1.0000 | weighted_recall 0.0192 | consensus_recall 0.0000 | threshold 0.725
Early stopping at epoch 9
Held-out M24-3 | union_precision=1.0000 | weighted_recall=0.0577 | consensus_recall=0.0000
  oracle_stage_macro_f1=0.3311 | end_to_end_stage_macro_f1=0.2222
  end_to_end_stage_class_f1=low:0.0000,mid:0.0000,high:0.6667
Epoch 1/30 | train_loss 1.5590 | union_precision 0.5263 | weighted_recall 0.1311 | consensus_recall 0.0000 | threshold 0.525
Epoch 2/30 | train_loss 1.4048 | union_precision 0.3636 | weighted_recall 0.0640 | consensus_recall 0.0000 | threshold 0.550
Epoch 3/30 | train_loss 1.3454 | union_precision 0.3750 | weighted_recall 0.0457 | consensus_recall 0.0000 | threshold 0.575
Epoch 4/30 | train_loss 1.2963 | union_precision 0.3182 | weighted_recall 0.1189 | consensus_recall 0.0000 | threshold 0.550
Epoch 5/30 | train_loss 1.2510 | union_precision 0.5000 | weighted_recall 0.0488 | consensus_recall 0.0000 | threshold 0.600
Epoch 6/30 | train_loss 1.1991 | union_precision 0.6000 | weighted_recall 0.0488 | consensus_recall 0.0000 | threshold 0.600
Epoch 7/30 | train_loss 1.1717 | union_precision 0.6667 | weighted_recall 0.0091 | consensus_recall 0.0000 | threshold 0.625
Epoch 8/30 | train_loss 1.1519 | union_precision 0.6667 | weighted_recall 0.0091 | consensus_recall 0.0000 | threshold 0.650
Epoch 9/30 | train_loss 1.1277 | union_precision 0.7500 | weighted_recall 0.0488 | consensus_recall 0.0000 | threshold 0.650
Epoch 10/30 | train_loss 1.1134 | union_precision 0.6000 | weighted_recall 0.0488 | consensus_recall 0.0000 | threshold 0.675
Epoch 11/30 | train_loss 1.0876 | union_precision 1.0000 | weighted_recall 0.0061 | consensus_recall 0.0000 | threshold 0.725
Epoch 12/30 | train_loss 1.0914 | union_precision 1.0000 | weighted_recall 0.0061 | consensus_recall 0.0000 | threshold 0.750
Epoch 13/30 | train_loss 1.0662 | union_precision 1.0000 | weighted_recall 0.0579 | consensus_recall 0.0000 | threshold 0.750
Epoch 14/30 | train_loss 1.0490 | union_precision 1.0000 | weighted_recall 0.0884 | consensus_recall 0.0000 | threshold 0.750
Epoch 15/30 | train_loss 1.0311 | union_precision 1.0000 | weighted_recall 0.0671 | consensus_recall 0.0000 | threshold 0.775
Epoch 16/30 | train_loss 1.0212 | union_precision 1.0000 | weighted_recall 0.0945 | consensus_recall 0.0000 | threshold 0.775
Epoch 17/30 | train_loss 1.0006 | union_precision 0.8750 | weighted_recall 0.0976 | consensus_recall 0.0000 | threshold 0.775
Epoch 18/30 | train_loss 0.9783 | union_precision 1.0000 | weighted_recall 0.0945 | consensus_recall 0.0000 | threshold 0.800
Epoch 19/30 | train_loss 0.9760 | union_precision 1.0000 | weighted_recall 0.0945 | consensus_recall 0.0000 | threshold 0.825
Epoch 20/30 | train_loss 0.9608 | union_precision 0.8571 | weighted_recall 0.0945 | consensus_recall 0.0000 | threshold 0.825
Epoch 21/30 | train_loss 0.9534 | union_precision 1.0000 | weighted_recall 0.0213 | consensus_recall 0.0000 | threshold 0.875
Epoch 22/30 | train_loss 0.9403 | union_precision 0.8571 | weighted_recall 0.0945 | consensus_recall 0.0000 | threshold 0.850
Early stopping at epoch 22
Held-out M24-4 | union_precision=0.8750 | weighted_recall=0.0976 | consensus_recall=0.0000
  oracle_stage_macro_f1=0.4716 | end_to_end_stage_macro_f1=0.0702
  end_to_end_stage_class_f1=low:0.0000,mid:0.2105,high:0.0000
Epoch 1/30 | train_loss 1.5543 | union_precision 0.5000 | weighted_recall 0.1045 | consensus_recall 0.0000 | threshold 0.625
Epoch 2/30 | train_loss 1.3989 | union_precision 0.3333 | weighted_recall 0.1045 | consensus_recall 0.0000 | threshold 0.650
Epoch 3/30 | train_loss 1.3419 | union_precision 0.3333 | weighted_recall 0.0448 | consensus_recall 0.0000 | threshold 0.650
Epoch 4/30 | train_loss 1.2964 | union_precision 0.3333 | weighted_recall 0.2687 | consensus_recall 0.0000 | threshold 0.650
Epoch 5/30 | train_loss 1.2523 | union_precision 0.5000 | weighted_recall 0.2687 | consensus_recall 0.0000 | threshold 0.675
Epoch 6/30 | train_loss 1.2014 | union_precision 1.0000 | weighted_recall 0.2687 | consensus_recall 0.0000 | threshold 0.675
Epoch 7/30 | train_loss 1.1712 | union_precision 1.0000 | weighted_recall 0.2687 | consensus_recall 0.0000 | threshold 0.650
Epoch 8/30 | train_loss 1.1496 | union_precision 1.0000 | weighted_recall 0.2687 | consensus_recall 0.0000 | threshold 0.650
Epoch 9/30 | train_loss 1.1302 | union_precision 1.0000 | weighted_recall 0.2687 | consensus_recall 0.0000 | threshold 0.650
Epoch 10/30 | train_loss 1.1134 | union_precision 1.0000 | weighted_recall 0.2687 | consensus_recall 0.0000 | threshold 0.650
Epoch 11/30 | train_loss 1.0878 | union_precision 1.0000 | weighted_recall 0.2687 | consensus_recall 0.0000 | threshold 0.675
Early stopping at epoch 11
Held-out M30-1 | union_precision=1.0000 | weighted_recall=0.2687 | consensus_recall=0.0000
  oracle_stage_macro_f1=0.3443 | end_to_end_stage_macro_f1=0.1333
  end_to_end_stage_class_f1=low:0.0000,mid:0.0000,high:0.4000
Epoch 1/30 | train_loss 1.5547 | union_precision 0.5000 | weighted_recall 0.2073 | consensus_recall 0.0000 | threshold 0.550
Epoch 2/30 | train_loss 1.3987 | union_precision 1.0000 | weighted_recall 0.1098 | consensus_recall 0.0000 | threshold 0.600
Epoch 3/30 | train_loss 1.3422 | union_precision 1.0000 | weighted_recall 0.2073 | consensus_recall 0.0000 | threshold 0.600
Epoch 4/30 | train_loss 1.2953 | union_precision 1.0000 | weighted_recall 0.2073 | consensus_recall 0.0000 | threshold 0.600
Epoch 5/30 | train_loss 1.2527 | union_precision 1.0000 | weighted_recall 0.2073 | consensus_recall 0.0000 | threshold 0.600
Epoch 6/30 | train_loss 1.1992 | union_precision 1.0000 | weighted_recall 0.3171 | consensus_recall 0.0000 | threshold 0.575
Epoch 7/30 | train_loss 1.1693 | union_precision 1.0000 | weighted_recall 0.2073 | consensus_recall 0.0000 | threshold 0.625
Epoch 8/30 | train_loss 1.1487 | union_precision 1.0000 | weighted_recall 0.2073 | consensus_recall 0.0000 | threshold 0.650
Epoch 9/30 | train_loss 1.1293 | union_precision 1.0000 | weighted_recall 0.2073 | consensus_recall 0.0000 | threshold 0.675
Epoch 10/30 | train_loss 1.1130 | union_precision 1.0000 | weighted_recall 0.0976 | consensus_recall 0.0000 | threshold 0.700
Epoch 11/30 | train_loss 1.0863 | union_precision 1.0000 | weighted_recall 0.0976 | consensus_recall 0.0000 | threshold 0.725
Early stopping at epoch 11
Held-out M30-2 | union_precision=1.0000 | weighted_recall=0.3171 | consensus_recall=0.0000
  oracle_stage_macro_f1=0.4242 | end_to_end_stage_macro_f1=0.0784
  end_to_end_stage_class_f1=low:0.0000,mid:0.2353,high:0.0000
Epoch 1/30 | train_loss 1.5569 | union_precision 0.4231 | weighted_recall 0.1916 | consensus_recall 0.0000 | threshold 0.550
Epoch 2/30 | train_loss 1.3993 | union_precision 0.4615 | weighted_recall 0.1963 | consensus_recall 0.0000 | threshold 0.550
Epoch 3/30 | train_loss 1.3415 | union_precision 0.4750 | weighted_recall 0.4206 | consensus_recall 0.0000 | threshold 0.450
Epoch 4/30 | train_loss 1.2951 | union_precision 0.5172 | weighted_recall 0.3645 | consensus_recall 0.0000 | threshold 0.575
Epoch 5/30 | train_loss 1.2545 | union_precision 0.5172 | weighted_recall 0.3645 | consensus_recall 0.0000 | threshold 0.575
Epoch 6/30 | train_loss 1.2007 | union_precision 0.5238 | weighted_recall 0.2243 | consensus_recall 0.0000 | threshold 0.650
Epoch 7/30 | train_loss 1.1693 | union_precision 0.5185 | weighted_recall 0.4626 | consensus_recall 0.0000 | threshold 0.600
Epoch 8/30 | train_loss 1.1494 | union_precision 0.5185 | weighted_recall 0.4626 | consensus_recall 0.0000 | threshold 0.600
Epoch 9/30 | train_loss 1.1293 | union_precision 0.5185 | weighted_recall 0.4626 | consensus_recall 0.0000 | threshold 0.625
Epoch 10/30 | train_loss 1.1116 | union_precision 0.5417 | weighted_recall 0.4112 | consensus_recall 0.0000 | threshold 0.700
Epoch 11/30 | train_loss 1.0862 | union_precision 0.5714 | weighted_recall 0.4065 | consensus_recall 0.0000 | threshold 0.725
Epoch 12/30 | train_loss 1.0899 | union_precision 0.6000 | weighted_recall 0.0607 | consensus_recall 0.0000 | threshold 0.775
Epoch 13/30 | train_loss 1.0615 | union_precision 0.6667 | weighted_recall 0.0794 | consensus_recall 0.0000 | threshold 0.775
Epoch 14/30 | train_loss 1.0466 | union_precision 0.8333 | weighted_recall 0.0888 | consensus_recall 0.0000 | threshold 0.775
Epoch 15/30 | train_loss 1.0247 | union_precision 0.6667 | weighted_recall 0.0561 | consensus_recall 0.0000 | threshold 0.800
Epoch 16/30 | train_loss 1.0172 | union_precision 0.7143 | weighted_recall 0.0888 | consensus_recall 0.0000 | threshold 0.800
Epoch 17/30 | train_loss 1.0009 | union_precision 0.6667 | weighted_recall 0.2009 | consensus_recall 0.0000 | threshold 0.800
Epoch 18/30 | train_loss 0.9803 | union_precision 0.7500 | weighted_recall 0.2009 | consensus_recall 0.0000 | threshold 0.825
Epoch 19/30 | train_loss 0.9760 | union_precision 0.7143 | weighted_recall 0.1963 | consensus_recall 0.0000 | threshold 0.850
Early stopping at epoch 19
Held-out M30-3 | union_precision=0.8333 | weighted_recall=0.0888 | consensus_recall=0.0000
  oracle_stage_macro_f1=0.2133 | end_to_end_stage_macro_f1=0.0000
  end_to_end_stage_class_f1=low:0.0000,mid:0.0000,high:0.0000
Epoch 1/30 | train_loss 1.5480 | union_precision 0.5500 | weighted_recall 0.1111 | consensus_recall 0.0000 | threshold 0.550
Epoch 2/30 | train_loss 1.4161 | union_precision 0.5455 | weighted_recall 0.1379 | consensus_recall 0.0000 | threshold 0.550
Epoch 3/30 | train_loss 1.3487 | union_precision 0.5455 | weighted_recall 0.1379 | consensus_recall 0.0000 | threshold 0.550
Epoch 4/30 | train_loss 1.2991 | union_precision 0.7000 | weighted_recall 0.0958 | consensus_recall 0.0000 | threshold 0.625
Epoch 5/30 | train_loss 1.2619 | union_precision 0.8000 | weighted_recall 0.1034 | consensus_recall 0.0000 | threshold 0.625
Epoch 6/30 | train_loss 1.2067 | union_precision 0.7857 | weighted_recall 0.1303 | consensus_recall 0.0000 | threshold 0.600
Epoch 7/30 | train_loss 1.1706 | union_precision 0.7857 | weighted_recall 0.1303 | consensus_recall 0.0000 | threshold 0.600
Epoch 8/30 | train_loss 1.1537 | union_precision 0.7857 | weighted_recall 0.1303 | consensus_recall 0.0000 | threshold 0.600
Epoch 9/30 | train_loss 1.1349 | union_precision 1.0000 | weighted_recall 0.0268 | consensus_recall 0.0000 | threshold 0.725
Epoch 10/30 | train_loss 1.1131 | union_precision 1.0000 | weighted_recall 0.0268 | consensus_recall 0.0000 | threshold 0.750
Epoch 11/30 | train_loss 1.0906 | union_precision 1.0000 | weighted_recall 0.0268 | consensus_recall 0.0000 | threshold 0.775
Epoch 12/30 | train_loss 1.0932 | union_precision 0.6667 | weighted_recall 0.2797 | consensus_recall 1.0000 | threshold 0.775
Epoch 13/30 | train_loss 1.0664 | union_precision 0.6429 | weighted_recall 0.3525 | consensus_recall 1.0000 | threshold 0.700
Epoch 14/30 | train_loss 1.0494 | union_precision 0.6429 | weighted_recall 0.3525 | consensus_recall 1.0000 | threshold 0.700
Early stopping at epoch 14
Held-out M30-4 | union_precision=1.0000 | weighted_recall=0.0268 | consensus_recall=0.0000
  oracle_stage_macro_f1=0.3944 | end_to_end_stage_macro_f1=0.0000
  end_to_end_stage_class_f1=low:0.0000,mid:0.0000,high:0.0000
Epoch 1/30 | train_loss 1.5368 | union_precision 0.2353 | weighted_recall 0.5172 | consensus_recall 0.0000 | threshold 0.475
Epoch 2/30 | train_loss 1.4139 | union_precision 0.2500 | weighted_recall 0.4138 | consensus_recall 0.0000 | threshold 0.625
Epoch 3/30 | train_loss 1.3442 | union_precision 0.2500 | weighted_recall 0.4483 | consensus_recall 0.0000 | threshold 0.625
Epoch 4/30 | train_loss 1.2931 | union_precision 0.2500 | weighted_recall 0.4483 | consensus_recall 0.0000 | threshold 0.625
Epoch 5/30 | train_loss 1.2558 | union_precision 0.5000 | weighted_recall 0.0345 | consensus_recall 0.0000 | threshold 0.675
Epoch 6/30 | train_loss 1.2047 | union_precision 1.0000 | weighted_recall 0.0345 | consensus_recall 0.0000 | threshold 0.675
Epoch 7/30 | train_loss 1.1677 | union_precision 1.0000 | weighted_recall 0.0345 | consensus_recall 0.0000 | threshold 0.675
Epoch 8/30 | train_loss 1.1502 | union_precision 1.0000 | weighted_recall 0.0345 | consensus_recall 0.0000 | threshold 0.650
Epoch 9/30 | train_loss 1.1322 | union_precision 1.0000 | weighted_recall 0.0345 | consensus_recall 0.0000 | threshold 0.700
Epoch 10/30 | train_loss 1.1126 | union_precision 1.0000 | weighted_recall 0.0345 | consensus_recall 0.0000 | threshold 0.725
Epoch 11/30 | train_loss 1.0881 | union_precision 1.0000 | weighted_recall 0.0345 | consensus_recall 0.0000 | threshold 0.750
Early stopping at epoch 11
Held-out M33-1 | union_precision=1.0000 | weighted_recall=0.0345 | consensus_recall=0.0000
  oracle_stage_macro_f1=0.3944 | end_to_end_stage_macro_f1=0.0000
  end_to_end_stage_class_f1=low:0.0000,mid:0.0000,high:0.0000
Epoch 1/30 | train_loss 1.5381 | union_precision 1.0000 | weighted_recall 0.0083 | consensus_recall 0.0000 | threshold 0.575
Epoch 2/30 | train_loss 1.4208 | union_precision 0.5000 | weighted_recall 0.0248 | consensus_recall 0.0000 | threshold 0.575
Epoch 3/30 | train_loss 1.3471 | union_precision 0.4545 | weighted_recall 0.0289 | consensus_recall 0.0000 | threshold 0.550
Epoch 4/30 | train_loss 1.2930 | union_precision 0.4167 | weighted_recall 0.0289 | consensus_recall 0.0000 | threshold 0.550
Epoch 5/30 | train_loss 1.2563 | union_precision 0.5000 | weighted_recall 0.0124 | consensus_recall 0.0000 | threshold 0.600
Epoch 6/30 | train_loss 1.2052 | union_precision 1.0000 | weighted_recall 0.0124 | consensus_recall 0.0000 | threshold 0.600
Early stopping at epoch 6
Held-out M33-2 | union_precision=1.0000 | weighted_recall=0.0083 | consensus_recall=0.0000
  oracle_stage_macro_f1=0.4451 | end_to_end_stage_macro_f1=0.0000
  end_to_end_stage_class_f1=low:0.0000,mid:0.0000,high:0.0000
Epoch 1/30 | train_loss 1.5366 | union_precision 0.2381 | weighted_recall 0.5128 | consensus_recall 0.0000 | threshold 0.475
Epoch 2/30 | train_loss 1.4175 | union_precision 0.3333 | weighted_recall 0.2308 | consensus_recall 0.0000 | threshold 0.550
Epoch 3/30 | train_loss 1.3479 | union_precision 0.4000 | weighted_recall 0.4872 | consensus_recall 0.0000 | threshold 0.550
Epoch 4/30 | train_loss 1.2926 | union_precision 0.5000 | weighted_recall 0.2308 | consensus_recall 0.0000 | threshold 0.600
Epoch 5/30 | train_loss 1.2587 | union_precision 0.5000 | weighted_recall 0.1538 | consensus_recall 0.0000 | threshold 0.600
Epoch 6/30 | train_loss 1.2078 | union_precision 0.5000 | weighted_recall 0.4359 | consensus_recall 0.0000 | threshold 0.575
Epoch 7/30 | train_loss 1.1697 | union_precision 0.5000 | weighted_recall 0.4359 | consensus_recall 0.0000 | threshold 0.575
Epoch 8/30 | train_loss 1.1528 | union_precision 0.5714 | weighted_recall 0.4872 | consensus_recall 0.0000 | threshold 0.575
Epoch 9/30 | train_loss 1.1359 | union_precision 0.5000 | weighted_recall 0.4103 | consensus_recall 0.0000 | threshold 0.600
Epoch 10/30 | train_loss 1.1172 | union_precision 0.4444 | weighted_recall 0.4615 | consensus_recall 0.0000 | threshold 0.600
Epoch 11/30 | train_loss 1.0910 | union_precision 0.5000 | weighted_recall 0.3846 | consensus_recall 0.0000 | threshold 0.625
Epoch 12/30 | train_loss 1.0950 | union_precision 0.4000 | weighted_recall 0.1282 | consensus_recall 0.0000 | threshold 0.650
Epoch 13/30 | train_loss 1.0690 | union_precision 0.5000 | weighted_recall 0.1795 | consensus_recall 0.0000 | threshold 0.650
Early stopping at epoch 13
Held-out M33-3 | union_precision=0.5714 | weighted_recall=0.4872 | consensus_recall=0.0000
  oracle_stage_macro_f1=0.3611 | end_to_end_stage_macro_f1=0.1111
  end_to_end_stage_class_f1=low:0.3333,mid:0.0000,high:0.0000
Epoch 1/30 | train_loss 1.5687 | union_precision 0.8667 | weighted_recall 0.0669 | consensus_recall 0.0000 | threshold 0.625
Epoch 2/30 | train_loss 1.3995 | union_precision 0.6786 | weighted_recall 0.0913 | consensus_recall 0.0000 | threshold 0.625
Epoch 3/30 | train_loss 1.3344 | union_precision 0.6667 | weighted_recall 0.1947 | consensus_recall 0.0000 | threshold 0.525
Epoch 4/30 | train_loss 1.2798 | union_precision 0.6667 | weighted_recall 0.1846 | consensus_recall 0.0000 | threshold 0.550
Epoch 5/30 | train_loss 1.2263 | union_precision 0.6842 | weighted_recall 0.1927 | consensus_recall 0.0000 | threshold 0.525
Epoch 6/30 | train_loss 1.1896 | union_precision 0.6800 | weighted_recall 0.0872 | consensus_recall 0.0000 | threshold 0.650
Early stopping at epoch 6
Held-out M33-4 | union_precision=0.8667 | weighted_recall=0.0669 | consensus_recall=0.0000
  oracle_stage_macro_f1=0.4435 | end_to_end_stage_macro_f1=0.0979
  end_to_end_stage_class_f1=low:0.0976,mid:0.1961,high:0.0000
Epoch 1/30 | train_loss 1.5377 | union_precision 0.1754 | weighted_recall 0.1642 | consensus_recall 0.0000 | threshold 0.050
Epoch 2/30 | train_loss 1.4138 | union_precision 0.1818 | weighted_recall 0.1045 | consensus_recall 0.0000 | threshold 0.525
Epoch 3/30 | train_loss 1.3393 | union_precision 0.1875 | weighted_recall 0.1045 | consensus_recall 0.0000 | threshold 0.525
Epoch 4/30 | train_loss 1.2879 | union_precision 0.2143 | weighted_recall 0.1045 | consensus_recall 0.0000 | threshold 0.525
Epoch 5/30 | train_loss 1.2525 | union_precision 0.2308 | weighted_recall 0.1567 | consensus_recall 0.0000 | threshold 0.500
Epoch 6/30 | train_loss 1.2018 | union_precision 0.2692 | weighted_recall 0.1269 | consensus_recall 0.0000 | threshold 0.525
Epoch 7/30 | train_loss 1.1630 | union_precision 0.2759 | weighted_recall 0.2164 | consensus_recall 0.0000 | threshold 0.525
Epoch 8/30 | train_loss 1.1461 | union_precision 1.0000 | weighted_recall 0.1194 | consensus_recall 0.0000 | threshold 0.700
Epoch 9/30 | train_loss 1.1299 | union_precision 0.7500 | weighted_recall 0.1194 | consensus_recall 0.0000 | threshold 0.675
Epoch 10/30 | train_loss 1.1070 | union_precision 1.0000 | weighted_recall 0.0373 | consensus_recall 0.0000 | threshold 0.725
Epoch 11/30 | train_loss 1.0875 | union_precision 1.0000 | weighted_recall 0.1493 | consensus_recall 0.0000 | threshold 0.700
Epoch 12/30 | train_loss 1.0892 | union_precision 1.0000 | weighted_recall 0.1567 | consensus_recall 0.0000 | threshold 0.700
Epoch 13/30 | train_loss 1.0636 | union_precision 0.8571 | weighted_recall 0.2388 | consensus_recall 0.0000 | threshold 0.700
Epoch 14/30 | train_loss 1.0410 | union_precision 1.0000 | weighted_recall 0.1418 | consensus_recall 0.0000 | threshold 0.725
Epoch 15/30 | train_loss 1.0275 | union_precision 1.0000 | weighted_recall 0.0373 | consensus_recall 0.0000 | threshold 0.750
Epoch 16/30 | train_loss 1.0120 | union_precision 1.0000 | weighted_recall 0.0373 | consensus_recall 0.0000 | threshold 0.750
Epoch 17/30 | train_loss 0.9956 | union_precision 1.0000 | weighted_recall 0.0373 | consensus_recall 0.0000 | threshold 0.775
Epoch 18/30 | train_loss 0.9801 | union_precision 1.0000 | weighted_recall 0.0373 | consensus_recall 0.0000 | threshold 0.800
Early stopping at epoch 18
Held-out M41-1 | union_precision=0.8571 | weighted_recall=0.2388 | consensus_recall=0.0000
  oracle_stage_macro_f1=0.4516 | end_to_end_stage_macro_f1=0.1094
  end_to_end_stage_class_f1=low:0.0000,mid:0.2105,high:0.1176
Epoch 1/30 | train_loss 1.5356 | union_precision 0.2632 | weighted_recall 0.1481 | consensus_recall 0.0000 | threshold 0.500
Epoch 2/30 | train_loss 1.4117 | union_precision 0.3125 | weighted_recall 0.1481 | consensus_recall 0.0000 | threshold 0.500
Epoch 3/30 | train_loss 1.3417 | union_precision 0.3125 | weighted_recall 0.1481 | consensus_recall 0.0000 | threshold 0.500
Epoch 4/30 | train_loss 1.2880 | union_precision 0.3333 | weighted_recall 0.1481 | consensus_recall 0.0000 | threshold 0.525
Epoch 5/30 | train_loss 1.2520 | union_precision 0.3158 | weighted_recall 0.1667 | consensus_recall 0.0000 | threshold 0.475
Epoch 6/30 | train_loss 1.2038 | union_precision 0.3000 | weighted_recall 0.1667 | consensus_recall 0.0000 | threshold 0.475
Epoch 7/30 | train_loss 1.1635 | union_precision 0.2857 | weighted_recall 0.1667 | consensus_recall 0.0000 | threshold 0.475
Epoch 8/30 | train_loss 1.1474 | union_precision 0.2857 | weighted_recall 0.1667 | consensus_recall 0.0000 | threshold 0.475
Epoch 9/30 | train_loss 1.1320 | union_precision 0.2500 | weighted_recall 0.1296 | consensus_recall 0.0000 | threshold 0.525
Early stopping at epoch 9
Held-out M41-2 | union_precision=0.3333 | weighted_recall=0.1481 | consensus_recall=0.0000
  oracle_stage_macro_f1=0.4128 | end_to_end_stage_macro_f1=0.0830
  end_to_end_stage_class_f1=low:0.0952,mid:0.1538,high:0.0000
Epoch 1/30 | train_loss 1.5347 | union_precision 0.6000 | weighted_recall 0.0538 | consensus_recall 0.0000 | threshold 0.575
Epoch 2/30 | train_loss 1.4119 | union_precision 1.0000 | weighted_recall 0.0108 | consensus_recall 0.0000 | threshold 0.600
Epoch 3/30 | train_loss 1.3428 | union_precision 0.4444 | weighted_recall 0.0645 | consensus_recall 0.0000 | threshold 0.575
Epoch 4/30 | train_loss 1.2884 | union_precision 0.5385 | weighted_recall 0.1720 | consensus_recall 0.0000 | threshold 0.550
Epoch 5/30 | train_loss 1.2530 | union_precision 0.5000 | weighted_recall 0.2258 | consensus_recall 0.0000 | threshold 0.550
Epoch 6/30 | train_loss 1.2045 | union_precision 1.0000 | weighted_recall 0.0323 | consensus_recall 0.0000 | threshold 0.600
Epoch 7/30 | train_loss 1.1643 | union_precision 1.0000 | weighted_recall 0.0323 | consensus_recall 0.0000 | threshold 0.600
Epoch 8/30 | train_loss 1.1493 | union_precision 1.0000 | weighted_recall 0.1183 | consensus_recall 0.0000 | threshold 0.600
Epoch 9/30 | train_loss 1.1340 | union_precision 1.0000 | weighted_recall 0.1183 | consensus_recall 0.0000 | threshold 0.625
Epoch 10/30 | train_loss 1.1119 | union_precision 0.7500 | weighted_recall 0.0860 | consensus_recall 0.0000 | threshold 0.650
Epoch 11/30 | train_loss 1.0910 | union_precision 0.7500 | weighted_recall 0.0860 | consensus_recall 0.0000 | threshold 0.675
Epoch 12/30 | train_loss 1.0934 | union_precision 1.0000 | weighted_recall 0.0753 | consensus_recall 0.0000 | threshold 0.700
Epoch 13/30 | train_loss 1.0653 | union_precision 1.0000 | weighted_recall 0.0860 | consensus_recall 0.0000 | threshold 0.700
Early stopping at epoch 13
Held-out M41-3 | union_precision=1.0000 | weighted_recall=0.1183 | consensus_recall=0.0000
  oracle_stage_macro_f1=0.4784 | end_to_end_stage_macro_f1=0.0741
  end_to_end_stage_class_f1=low:0.2222,mid:0.0000,high:0.0000
Epoch 1/30 | train_loss 1.5353 | union_precision 0.3889 | weighted_recall 0.3134 | consensus_recall 0.0000 | threshold 0.525
Epoch 2/30 | train_loss 1.4116 | union_precision 1.0000 | weighted_recall 0.0149 | consensus_recall 0.0000 | threshold 0.650
Epoch 3/30 | train_loss 1.3440 | union_precision 1.0000 | weighted_recall 0.0149 | consensus_recall 0.0000 | threshold 0.675
Epoch 4/30 | train_loss 1.2903 | union_precision 1.0000 | weighted_recall 0.0299 | consensus_recall 0.0000 | threshold 0.675
Epoch 5/30 | train_loss 1.2549 | union_precision 1.0000 | weighted_recall 0.0299 | consensus_recall 0.0000 | threshold 0.675
Epoch 6/30 | train_loss 1.2064 | union_precision 1.0000 | weighted_recall 0.0299 | consensus_recall 0.0000 | threshold 0.675
Epoch 7/30 | train_loss 1.1682 | union_precision 1.0000 | weighted_recall 0.0746 | consensus_recall 0.0000 | threshold 0.675
Epoch 8/30 | train_loss 1.1531 | union_precision 1.0000 | weighted_recall 0.0149 | consensus_recall 0.0000 | threshold 0.700
Epoch 9/30 | train_loss 1.1362 | union_precision 1.0000 | weighted_recall 0.0149 | consensus_recall 0.0000 | threshold 0.725
Epoch 10/30 | train_loss 1.1146 | union_precision 1.0000 | weighted_recall 0.0149 | consensus_recall 0.0000 | threshold 0.750
Epoch 11/30 | train_loss 1.0951 | union_precision 1.0000 | weighted_recall 0.0149 | consensus_recall 0.0000 | threshold 0.775
Epoch 12/30 | train_loss 1.0965 | union_precision 1.0000 | weighted_recall 0.0149 | consensus_recall 0.0000 | threshold 0.800
Early stopping at epoch 12
Held-out M41-4 | union_precision=1.0000 | weighted_recall=0.0746 | consensus_recall=0.0000
  oracle_stage_macro_f1=0.2618 | end_to_end_stage_macro_f1=0.1481
  end_to_end_stage_class_f1=low:0.0000,mid:0.1111,high:0.3333
Epoch 1/30 | train_loss 1.5352 | union_precision 0.4444 | weighted_recall 0.1494 | consensus_recall 0.0000 | threshold 0.575
Epoch 2/30 | train_loss 1.4174 | union_precision 0.5714 | weighted_recall 0.1234 | consensus_recall 0.0000 | threshold 0.600
Epoch 3/30 | train_loss 1.3423 | union_precision 0.5000 | weighted_recall 0.1234 | consensus_recall 0.0000 | threshold 0.625
Epoch 4/30 | train_loss 1.2869 | union_precision 0.5000 | weighted_recall 0.1364 | consensus_recall 0.0000 | threshold 0.650
Epoch 5/30 | train_loss 1.2532 | union_precision 0.6250 | weighted_recall 0.1623 | consensus_recall 0.0000 | threshold 0.650
Epoch 6/30 | train_loss 1.2042 | union_precision 0.6250 | weighted_recall 0.1623 | consensus_recall 0.0000 | threshold 0.625
Epoch 7/30 | train_loss 1.1671 | union_precision 0.6667 | weighted_recall 0.2273 | consensus_recall 0.0000 | threshold 0.625
Epoch 8/30 | train_loss 1.1499 | union_precision 0.6667 | weighted_recall 0.2273 | consensus_recall 0.0000 | threshold 0.650
Epoch 9/30 | train_loss 1.1343 | union_precision 0.6667 | weighted_recall 0.2273 | consensus_recall 0.0000 | threshold 0.675
Epoch 10/30 | train_loss 1.1128 | union_precision 1.0000 | weighted_recall 0.1104 | consensus_recall 0.0000 | threshold 0.750
Epoch 11/30 | train_loss 1.0901 | union_precision 0.6250 | weighted_recall 0.2078 | consensus_recall 0.0000 | threshold 0.725
Epoch 12/30 | train_loss 1.0913 | union_precision 0.5556 | weighted_recall 0.2078 | consensus_recall 0.0000 | threshold 0.725
Epoch 13/30 | train_loss 1.0680 | union_precision 0.6250 | weighted_recall 0.2338 | consensus_recall 0.0000 | threshold 0.750
Epoch 14/30 | train_loss 1.0443 | union_precision 0.6250 | weighted_recall 0.2338 | consensus_recall 0.0000 | threshold 0.750
Epoch 15/30 | train_loss 1.0290 | union_precision 1.0000 | weighted_recall 0.0649 | consensus_recall 0.0000 | threshold 0.775
Early stopping at epoch 15
Held-out M50-1 | union_precision=1.0000 | weighted_recall=0.1104 | consensus_recall=0.0000
  oracle_stage_macro_f1=0.4371 | end_to_end_stage_macro_f1=0.0606
  end_to_end_stage_class_f1=low:0.0000,mid:0.0000,high:0.1818
Epoch 1/30 | train_loss 1.5273 | union_precision 0.2500 | weighted_recall 0.1325 | consensus_recall 0.0000 | threshold 0.575
Epoch 2/30 | train_loss 1.4180 | union_precision 1.0000 | weighted_recall 0.1145 | consensus_recall 0.0000 | threshold 0.650
Epoch 3/30 | train_loss 1.3394 | union_precision 1.0000 | weighted_recall 0.1145 | consensus_recall 0.0000 | threshold 0.675
Epoch 4/30 | train_loss 1.2818 | union_precision 0.6667 | weighted_recall 0.1325 | consensus_recall 0.0000 | threshold 0.650
Epoch 5/30 | train_loss 1.2519 | union_precision 0.6667 | weighted_recall 0.1325 | consensus_recall 0.0000 | threshold 0.650
Epoch 6/30 | train_loss 1.2019 | union_precision 0.6667 | weighted_recall 0.1325 | consensus_recall 0.0000 | threshold 0.675
Epoch 7/30 | train_loss 1.1650 | union_precision 0.5000 | weighted_recall 0.1145 | consensus_recall 0.0000 | threshold 0.675
Early stopping at epoch 7
Held-out M50-2 | union_precision=1.0000 | weighted_recall=0.1145 | consensus_recall=0.0000
  oracle_stage_macro_f1=0.4261 | end_to_end_stage_macro_f1=0.0000
  end_to_end_stage_class_f1=low:0.0000,mid:0.0000,high:0.0000
Epoch 1/30 | train_loss 1.5399 | union_precision 1.0000 | weighted_recall 0.0442 | consensus_recall 0.0000 | threshold 0.700
Epoch 2/30 | train_loss 1.4248 | union_precision 1.0000 | weighted_recall 0.0442 | consensus_recall 0.0000 | threshold 0.725
Epoch 3/30 | train_loss 1.3428 | union_precision 1.0000 | weighted_recall 0.0442 | consensus_recall 0.0000 | threshold 0.725
Epoch 4/30 | train_loss 1.2902 | union_precision 1.0000 | weighted_recall 0.0442 | consensus_recall 0.0000 | threshold 0.725
Epoch 5/30 | train_loss 1.2593 | union_precision 1.0000 | weighted_recall 0.0442 | consensus_recall 0.0000 | threshold 0.725
Epoch 6/30 | train_loss 1.2111 | union_precision 1.0000 | weighted_recall 0.0442 | consensus_recall 0.0000 | threshold 0.700
Early stopping at epoch 6
Held-out M50-3 | union_precision=1.0000 | weighted_recall=0.0442 | consensus_recall=0.0000
  oracle_stage_macro_f1=0.3641 | end_to_end_stage_macro_f1=0.0230
  end_to_end_stage_class_f1=low:0.0000,mid:0.0000,high:0.0690
Epoch 1/30 | train_loss 1.5389 | union_precision 1.0000 | weighted_recall 0.0041 | consensus_recall 0.0000 | threshold 0.675
Epoch 2/30 | train_loss 1.4224 | union_precision 1.0000 | weighted_recall 0.0041 | consensus_recall 0.0000 | threshold 0.650
Epoch 3/30 | train_loss 1.3364 | union_precision 1.0000 | weighted_recall 0.0249 | consensus_recall 0.0000 | threshold 0.650
Epoch 4/30 | train_loss 1.2849 | union_precision 1.0000 | weighted_recall 0.0041 | consensus_recall 0.0000 | threshold 0.675
Epoch 5/30 | train_loss 1.2545 | union_precision 1.0000 | weighted_recall 0.0622 | consensus_recall 0.0000 | threshold 0.675
Epoch 6/30 | train_loss 1.2039 | union_precision 1.0000 | weighted_recall 0.0622 | consensus_recall 0.0000 | threshold 0.650
Epoch 7/30 | train_loss 1.1645 | union_precision 1.0000 | weighted_recall 0.0622 | consensus_recall 0.0000 | threshold 0.625
Epoch 8/30 | train_loss 1.1458 | union_precision 1.0000 | weighted_recall 0.0622 | consensus_recall 0.0000 | threshold 0.625
Epoch 9/30 | train_loss 1.1343 | union_precision 1.0000 | weighted_recall 0.0622 | consensus_recall 0.0000 | threshold 0.650
Epoch 10/30 | train_loss 1.1114 | union_precision 1.0000 | weighted_recall 0.0622 | consensus_recall 0.0000 | threshold 0.650
Early stopping at epoch 10
Held-out M56-1 | union_precision=1.0000 | weighted_recall=0.0622 | consensus_recall=0.0000
  oracle_stage_macro_f1=0.4497 | end_to_end_stage_macro_f1=0.0370
  end_to_end_stage_class_f1=low:0.0000,mid:0.0000,high:0.1111
Epoch 1/30 | train_loss 1.5360 | union_precision 0.2222 | weighted_recall 0.0438 | consensus_recall 0.0000 | threshold 0.575
Epoch 2/30 | train_loss 1.4133 | union_precision 0.1892 | weighted_recall 0.0876 | consensus_recall 0.0000 | threshold 0.050
Epoch 3/30 | train_loss 1.3351 | union_precision 0.2500 | weighted_recall 0.0073 | consensus_recall 0.0000 | threshold 0.700
Epoch 4/30 | train_loss 1.2814 | union_precision 0.2000 | weighted_recall 0.0657 | consensus_recall 0.0000 | threshold 0.525
Epoch 5/30 | train_loss 1.2492 | union_precision 0.3333 | weighted_recall 0.0073 | consensus_recall 0.0000 | threshold 0.725
Epoch 6/30 | train_loss 1.2065 | union_precision 0.2750 | weighted_recall 0.1460 | consensus_recall 0.0000 | threshold 0.050
Epoch 7/30 | train_loss 1.1644 | union_precision 0.2857 | weighted_recall 0.0292 | consensus_recall 0.0000 | threshold 0.625
Epoch 8/30 | train_loss 1.1464 | union_precision 0.2857 | weighted_recall 0.0292 | consensus_recall 0.0000 | threshold 0.625
Epoch 9/30 | train_loss 1.1355 | union_precision 1.0000 | weighted_recall 0.0073 | consensus_recall 0.0000 | threshold 0.750
Epoch 10/30 | train_loss 1.1120 | union_precision 1.0000 | weighted_recall 0.0073 | consensus_recall 0.0000 | threshold 0.750
Epoch 11/30 | train_loss 1.0875 | union_precision 0.5000 | weighted_recall 0.0073 | consensus_recall 0.0000 | threshold 0.750
Epoch 12/30 | train_loss 1.0895 | union_precision 1.0000 | weighted_recall 0.0073 | consensus_recall 0.0000 | threshold 0.775
Epoch 13/30 | train_loss 1.0640 | union_precision 1.0000 | weighted_recall 0.0073 | consensus_recall 0.0000 | threshold 0.775
Epoch 14/30 | train_loss 1.0477 | union_precision 1.0000 | weighted_recall 0.0219 | consensus_recall 0.0000 | threshold 0.750
Epoch 15/30 | train_loss 1.0257 | union_precision 1.0000 | weighted_recall 0.0219 | consensus_recall 0.0000 | threshold 0.750
Epoch 16/30 | train_loss 1.0104 | union_precision 1.0000 | weighted_recall 0.0219 | consensus_recall 0.0000 | threshold 0.750
Epoch 17/30 | train_loss 1.0001 | union_precision 1.0000 | weighted_recall 0.0219 | consensus_recall 0.0000 | threshold 0.725
Epoch 18/30 | train_loss 0.9810 | union_precision 1.0000 | weighted_recall 0.0219 | consensus_recall 0.0000 | threshold 0.750
Epoch 19/30 | train_loss 0.9931 | union_precision 1.0000 | weighted_recall 0.0219 | consensus_recall 0.0000 | threshold 0.775
Early stopping at epoch 19
Held-out M56-2 | union_precision=1.0000 | weighted_recall=0.0219 | consensus_recall=0.0000
  oracle_stage_macro_f1=0.3146 | end_to_end_stage_macro_f1=0.0827
  end_to_end_stage_class_f1=low:0.1053,mid:0.1429,high:0.0000
Epoch 1/30 | train_loss 1.5428 | union_precision 1.0000 | weighted_recall 0.0075 | consensus_recall 0.0000 | threshold 0.675
Epoch 2/30 | train_loss 1.4265 | union_precision 0.6250 | weighted_recall 0.0175 | consensus_recall 0.0000 | threshold 0.675
Epoch 3/30 | train_loss 1.3496 | union_precision 1.0000 | weighted_recall 0.0025 | consensus_recall 0.0000 | threshold 0.725
Epoch 4/30 | train_loss 1.2838 | union_precision 1.0000 | weighted_recall 0.0100 | consensus_recall 0.0000 | threshold 0.725
Epoch 5/30 | train_loss 1.2545 | union_precision 1.0000 | weighted_recall 0.0175 | consensus_recall 0.0000 | threshold 0.700
Epoch 6/30 | train_loss 1.2103 | union_precision 0.8571 | weighted_recall 0.0224 | consensus_recall 0.0000 | threshold 0.675
Epoch 7/30 | train_loss 1.1663 | union_precision 1.0000 | weighted_recall 0.0224 | consensus_recall 0.0000 | threshold 0.675
Epoch 8/30 | train_loss 1.1497 | union_precision 0.8571 | weighted_recall 0.0224 | consensus_recall 0.0000 | threshold 0.675
Epoch 9/30 | train_loss 1.1373 | union_precision 0.8571 | weighted_recall 0.0224 | consensus_recall 0.0000 | threshold 0.700
Epoch 10/30 | train_loss 1.1095 | union_precision 0.8571 | weighted_recall 0.0224 | consensus_recall 0.0000 | threshold 0.725
Epoch 11/30 | train_loss 1.0822 | union_precision 0.8000 | weighted_recall 0.0175 | consensus_recall 0.0000 | threshold 0.750
Epoch 12/30 | train_loss 1.0831 | union_precision 1.0000 | weighted_recall 0.0025 | consensus_recall 0.0000 | threshold 0.800
Early stopping at epoch 12
Held-out M56-3 | union_precision=1.0000 | weighted_recall=0.0224 | consensus_recall=0.0000
  oracle_stage_macro_f1=0.2771 | end_to_end_stage_macro_f1=0.0098
  end_to_end_stage_class_f1=low:0.0294,mid:0.0000,high:0.0000
Epoch 1/30 | train_loss 1.5403 | union_precision 0.5000 | weighted_recall 0.0110 | consensus_recall 0.0000 | threshold 0.650
Epoch 2/30 | train_loss 1.4149 | union_precision 0.3111 | weighted_recall 0.1868 | consensus_recall 0.0000 | threshold 0.475
Epoch 3/30 | train_loss 1.3402 | union_precision 0.3200 | weighted_recall 0.2033 | consensus_recall 0.0000 | threshold 0.425
Epoch 4/30 | train_loss 1.2837 | union_precision 0.3400 | weighted_recall 0.2308 | consensus_recall 0.0000 | threshold 0.050
Epoch 5/30 | train_loss 1.2462 | union_precision 0.3800 | weighted_recall 0.2418 | consensus_recall 0.0000 | threshold 0.050
Epoch 6/30 | train_loss 1.2066 | union_precision 0.3673 | weighted_recall 0.2308 | consensus_recall 0.0000 | threshold 0.050
Early stopping at epoch 6
Held-out M59-1 | union_precision=0.5000 | weighted_recall=0.0110 | consensus_recall=0.0000
  oracle_stage_macro_f1=0.2695 | end_to_end_stage_macro_f1=0.0000
  end_to_end_stage_class_f1=low:0.0000,mid:0.0000,high:0.0000
Epoch 1/30 | train_loss 1.5393 | union_precision 0.3636 | weighted_recall 0.0658 | consensus_recall 0.0000 | threshold 0.550
Epoch 2/30 | train_loss 1.4164 | union_precision 0.3077 | weighted_recall 0.0614 | consensus_recall 0.0000 | threshold 0.550
Epoch 3/30 | train_loss 1.3384 | union_precision 0.3462 | weighted_recall 0.1360 | consensus_recall 0.0000 | threshold 0.525
Epoch 4/30 | train_loss 1.2794 | union_precision 0.3571 | weighted_recall 0.1053 | consensus_recall 0.0000 | threshold 0.575
Epoch 5/30 | train_loss 1.2442 | union_precision 0.3333 | weighted_recall 0.1272 | consensus_recall 0.0000 | threshold 0.525
Epoch 6/30 | train_loss 1.2093 | union_precision 1.0000 | weighted_recall 0.0044 | consensus_recall 0.0000 | threshold 0.675
Epoch 7/30 | train_loss 1.1648 | union_precision 1.0000 | weighted_recall 0.0044 | consensus_recall 0.0000 | threshold 0.675
Epoch 8/30 | train_loss 1.1499 | union_precision 1.0000 | weighted_recall 0.0044 | consensus_recall 0.0000 | threshold 0.700
Epoch 9/30 | train_loss 1.1321 | union_precision 1.0000 | weighted_recall 0.0044 | consensus_recall 0.0000 | threshold 0.725
Epoch 10/30 | train_loss 1.1101 | union_precision 1.0000 | weighted_recall 0.0044 | consensus_recall 0.0000 | threshold 0.750
Epoch 11/30 | train_loss 1.0863 | union_precision 1.0000 | weighted_recall 0.0044 | consensus_recall 0.0000 | threshold 0.775
Early stopping at epoch 11
Held-out M59-2 | union_precision=1.0000 | weighted_recall=0.0044 | consensus_recall=0.0000
  oracle_stage_macro_f1=0.4061 | end_to_end_stage_macro_f1=0.0317
  end_to_end_stage_class_f1=low:0.0000,mid:0.0952,high:0.0000
Epoch 1/30 | train_loss 1.5397 | union_precision 0.3750 | weighted_recall 0.1119 | consensus_recall 0.5000 | threshold 0.525
Epoch 2/30 | train_loss 1.4241 | union_precision 0.4062 | weighted_recall 0.1322 | consensus_recall 0.5000 | threshold 0.525
Epoch 3/30 | train_loss 1.3508 | union_precision 1.0000 | weighted_recall 0.0373 | consensus_recall 0.5000 | threshold 0.700
Epoch 4/30 | train_loss 1.2916 | union_precision 1.0000 | weighted_recall 0.0373 | consensus_recall 0.5000 | threshold 0.700
Epoch 5/30 | train_loss 1.2562 | union_precision 1.0000 | weighted_recall 0.1153 | consensus_recall 0.5000 | threshold 0.675
Epoch 6/30 | train_loss 1.2203 | union_precision 1.0000 | weighted_recall 0.1153 | consensus_recall 0.5000 | threshold 0.675
Epoch 7/30 | train_loss 1.1771 | union_precision 1.0000 | weighted_recall 0.1153 | consensus_recall 0.5000 | threshold 0.675
Epoch 8/30 | train_loss 1.1585 | union_precision 1.0000 | weighted_recall 0.1153 | consensus_recall 0.5000 | threshold 0.675
Epoch 9/30 | train_loss 1.1413 | union_precision 1.0000 | weighted_recall 0.1153 | consensus_recall 0.5000 | threshold 0.700
Epoch 10/30 | train_loss 1.1211 | union_precision 1.0000 | weighted_recall 0.1153 | consensus_recall 0.5000 | threshold 0.725
Early stopping at epoch 10
Held-out M59-3 | union_precision=1.0000 | weighted_recall=0.1153 | consensus_recall=0.5000
  oracle_stage_macro_f1=0.3288 | end_to_end_stage_macro_f1=0.0000
  end_to_end_stage_class_f1=low:0.0000,mid:0.0000,high:0.0000
Epoch 1/30 | train_loss 1.5331 | union_precision 0.3143 | weighted_recall 0.1750 | consensus_recall 0.0000 | threshold 0.500
Epoch 2/30 | train_loss 1.4125 | union_precision 0.3143 | weighted_recall 0.1833 | consensus_recall 0.0000 | threshold 0.500
Epoch 3/30 | train_loss 1.3403 | union_precision 0.3714 | weighted_recall 0.1667 | consensus_recall 0.0000 | threshold 0.500
Epoch 4/30 | train_loss 1.2824 | union_precision 0.3667 | weighted_recall 0.1500 | consensus_recall 0.0000 | threshold 0.525
Epoch 5/30 | train_loss 1.2419 | union_precision 0.6667 | weighted_recall 0.0167 | consensus_recall 0.0000 | threshold 0.700
Epoch 6/30 | train_loss 1.2101 | union_precision 0.6667 | weighted_recall 0.0167 | consensus_recall 0.0000 | threshold 0.700
Epoch 7/30 | train_loss 1.1666 | union_precision 0.7500 | weighted_recall 0.0250 | consensus_recall 0.0000 | threshold 0.675
Epoch 8/30 | train_loss 1.1545 | union_precision 0.7500 | weighted_recall 0.0250 | consensus_recall 0.0000 | threshold 0.675
Epoch 9/30 | train_loss 1.1308 | union_precision 0.8000 | weighted_recall 0.0333 | consensus_recall 0.0000 | threshold 0.675
Epoch 10/30 | train_loss 1.1110 | union_precision 0.8000 | weighted_recall 0.0333 | consensus_recall 0.0000 | threshold 0.700
Epoch 11/30 | train_loss 1.0879 | union_precision 0.8000 | weighted_recall 0.0333 | consensus_recall 0.0000 | threshold 0.725
Epoch 12/30 | train_loss 1.0822 | union_precision 0.8000 | weighted_recall 0.0333 | consensus_recall 0.0000 | threshold 0.725
Epoch 13/30 | train_loss 1.0558 | union_precision 0.8000 | weighted_recall 0.0333 | consensus_recall 0.0000 | threshold 0.725
Epoch 14/30 | train_loss 1.0445 | union_precision 0.7500 | weighted_recall 0.0250 | consensus_recall 0.0000 | threshold 0.750
Early stopping at epoch 14
Held-out M63-1 | union_precision=0.8000 | weighted_recall=0.0333 | consensus_recall=0.0000
  oracle_stage_macro_f1=0.3271 | end_to_end_stage_macro_f1=0.0635
  end_to_end_stage_class_f1=low:0.0000,mid:0.1905,high:0.0000
Epoch 1/30 | train_loss 1.5323 | union_precision 0.5000 | weighted_recall 0.1667 | consensus_recall 0.0000 | threshold 0.575
Epoch 2/30 | train_loss 1.4088 | union_precision 0.4000 | weighted_recall 0.1032 | consensus_recall 0.0000 | threshold 0.600
Epoch 3/30 | train_loss 1.3365 | union_precision 0.3333 | weighted_recall 0.1905 | consensus_recall 0.0000 | threshold 0.575
Epoch 4/30 | train_loss 1.2814 | union_precision 0.4000 | weighted_recall 0.1508 | consensus_recall 0.0000 | threshold 0.600
Epoch 5/30 | train_loss 1.2412 | union_precision 0.3636 | weighted_recall 0.1508 | consensus_recall 0.0000 | threshold 0.575
Epoch 6/30 | train_loss 1.2099 | union_precision 0.5000 | weighted_recall 0.0079 | consensus_recall 0.0000 | threshold 0.675
Early stopping at epoch 6
Held-out M63-3 | union_precision=0.5000 | weighted_recall=0.1667 | consensus_recall=0.0000
  oracle_stage_macro_f1=0.2721 | end_to_end_stage_macro_f1=0.1345
  end_to_end_stage_class_f1=low:0.0000,mid:0.1176,high:0.2857
Epoch 1/30 | train_loss 1.5347 | union_precision 0.6000 | weighted_recall 0.1746 | consensus_recall 0.0000 | threshold 0.525
Epoch 2/30 | train_loss 1.4167 | union_precision 1.0000 | weighted_recall 0.0159 | consensus_recall 0.0000 | threshold 0.550
Epoch 3/30 | train_loss 1.3367 | union_precision 0.6667 | weighted_recall 0.1905 | consensus_recall 0.0000 | threshold 0.550
Epoch 4/30 | train_loss 1.2824 | union_precision 0.8000 | weighted_recall 0.3333 | consensus_recall 0.0000 | threshold 0.575
Epoch 5/30 | train_loss 1.2462 | union_precision 0.8000 | weighted_recall 0.3333 | consensus_recall 0.0000 | threshold 0.575
Epoch 6/30 | train_loss 1.2147 | union_precision 1.0000 | weighted_recall 0.3333 | consensus_recall 0.0000 | threshold 0.575
Epoch 7/30 | train_loss 1.1741 | union_precision 1.0000 | weighted_recall 0.3333 | consensus_recall 0.0000 | threshold 0.575
Epoch 8/30 | train_loss 1.1557 | union_precision 1.0000 | weighted_recall 0.3333 | consensus_recall 0.0000 | threshold 0.575
Epoch 9/30 | train_loss 1.1376 | union_precision 0.8750 | weighted_recall 0.4127 | consensus_recall 0.0000 | threshold 0.575
Epoch 10/30 | train_loss 1.1167 | union_precision 1.0000 | weighted_recall 0.3492 | consensus_recall 0.0000 | threshold 0.600
Epoch 11/30 | train_loss 1.0915 | union_precision 1.0000 | weighted_recall 0.3492 | consensus_recall 0.0000 | threshold 0.625
Epoch 12/30 | train_loss 1.0858 | union_precision 0.8750 | weighted_recall 0.4127 | consensus_recall 0.0000 | threshold 0.625
Epoch 13/30 | train_loss 1.0616 | union_precision 1.0000 | weighted_recall 0.3968 | consensus_recall 0.0000 | threshold 0.650
Epoch 14/30 | train_loss 1.0491 | union_precision 1.0000 | weighted_recall 0.3175 | consensus_recall 0.0000 | threshold 0.675
Early stopping at epoch 14
Held-out M67-1 | union_precision=0.8750 | weighted_recall=0.4127 | consensus_recall=0.0000
  oracle_stage_macro_f1=0.5759 | end_to_end_stage_macro_f1=0.1778
  end_to_end_stage_class_f1=low:0.0000,mid:0.5333,high:0.0000
Epoch 1/30 | train_loss 1.5337 | union_precision 0.5455 | weighted_recall 0.2034 | consensus_recall 0.0000 | threshold 0.500
Epoch 2/30 | train_loss 1.4148 | union_precision 0.5000 | weighted_recall 0.1864 | consensus_recall 0.0000 | threshold 0.525
Epoch 3/30 | train_loss 1.3329 | union_precision 0.5000 | weighted_recall 0.1864 | consensus_recall 0.0000 | threshold 0.550
Epoch 4/30 | train_loss 1.2794 | union_precision 0.5000 | weighted_recall 0.1864 | consensus_recall 0.0000 | threshold 0.550
Epoch 5/30 | train_loss 1.2413 | union_precision 0.5833 | weighted_recall 0.2542 | consensus_recall 0.0000 | threshold 0.550
Epoch 6/30 | train_loss 1.2124 | union_precision 0.5833 | weighted_recall 0.2542 | consensus_recall 0.0000 | threshold 0.525
Epoch 7/30 | train_loss 1.1713 | union_precision 0.6364 | weighted_recall 0.2542 | consensus_recall 0.0000 | threshold 0.525
Epoch 8/30 | train_loss 1.1524 | union_precision 0.6250 | weighted_recall 0.2203 | consensus_recall 0.0000 | threshold 0.575
Epoch 9/30 | train_loss 1.1348 | union_precision 0.6667 | weighted_recall 0.0847 | consensus_recall 0.0000 | threshold 0.600
Epoch 10/30 | train_loss 1.1134 | union_precision 1.0000 | weighted_recall 0.0339 | consensus_recall 0.0000 | threshold 0.675
Epoch 11/30 | train_loss 1.0862 | union_precision 0.8000 | weighted_recall 0.1525 | consensus_recall 0.0000 | threshold 0.625
Epoch 12/30 | train_loss 1.0818 | union_precision 0.8000 | weighted_recall 0.1525 | consensus_recall 0.0000 | threshold 0.625
Epoch 13/30 | train_loss 1.0565 | union_precision 1.0000 | weighted_recall 0.0508 | consensus_recall 0.0000 | threshold 0.700
Epoch 14/30 | train_loss 1.0445 | union_precision 1.0000 | weighted_recall 0.1017 | consensus_recall 0.0000 | threshold 0.700
Epoch 15/30 | train_loss 1.0228 | union_precision 1.0000 | weighted_recall 0.0508 | consensus_recall 0.0000 | threshold 0.700
Epoch 16/30 | train_loss 1.0076 | union_precision 1.0000 | weighted_recall 0.1017 | consensus_recall 0.0000 | threshold 0.700
Epoch 17/30 | train_loss 1.0024 | union_precision 1.0000 | weighted_recall 0.0508 | consensus_recall 0.0000 | threshold 0.725
Epoch 18/30 | train_loss 0.9774 | union_precision 1.0000 | weighted_recall 0.0508 | consensus_recall 0.0000 | threshold 0.725
Epoch 19/30 | train_loss 0.9860 | union_precision 1.0000 | weighted_recall 0.1017 | consensus_recall 0.0000 | threshold 0.725
Early stopping at epoch 19
Held-out M67-2 | union_precision=1.0000 | weighted_recall=0.1017 | consensus_recall=0.0000
  oracle_stage_macro_f1=0.2055 | end_to_end_stage_macro_f1=0.0000
  end_to_end_stage_class_f1=low:0.0000,mid:0.0000,high:0.0000
Epoch 1/30 | train_loss 1.5330 | union_precision 1.0000 | weighted_recall 0.0149 | consensus_recall 0.0000 | threshold 0.600
Epoch 2/30 | train_loss 1.4150 | union_precision 0.7143 | weighted_recall 0.3433 | consensus_recall 0.0000 | threshold 0.575
Epoch 3/30 | train_loss 1.3348 | union_precision 0.7143 | weighted_recall 0.3433 | consensus_recall 0.0000 | threshold 0.575
Epoch 4/30 | train_loss 1.2793 | union_precision 1.0000 | weighted_recall 0.0149 | consensus_recall 0.0000 | threshold 0.650
Epoch 5/30 | train_loss 1.2427 | union_precision 1.0000 | weighted_recall 0.0149 | consensus_recall 0.0000 | threshold 0.650
Epoch 6/30 | train_loss 1.2137 | union_precision 1.0000 | weighted_recall 0.0149 | consensus_recall 0.0000 | threshold 0.650
Early stopping at epoch 6
Held-out M67-3 | union_precision=1.0000 | weighted_recall=0.0149 | consensus_recall=0.0000
  oracle_stage_macro_f1=0.4522 | end_to_end_stage_macro_f1=0.0667
  end_to_end_stage_class_f1=low:0.0000,mid:0.2000,high:0.0000
Epoch 1/30 | train_loss 1.5315 | union_precision 1.0000 | weighted_recall 0.0191 | consensus_recall 0.0000 | threshold 0.700
Epoch 2/30 | train_loss 1.4174 | union_precision 0.5000 | weighted_recall 0.0510 | consensus_recall 0.0000 | threshold 0.700
Epoch 3/30 | train_loss 1.3322 | union_precision 0.6667 | weighted_recall 0.0510 | consensus_recall 0.0000 | threshold 0.725
Epoch 4/30 | train_loss 1.2782 | union_precision 0.6667 | weighted_recall 0.0510 | consensus_recall 0.0000 | threshold 0.725
Epoch 5/30 | train_loss 1.2416 | union_precision 1.0000 | weighted_recall 0.0191 | consensus_recall 0.0000 | threshold 0.725
Epoch 6/30 | train_loss 1.2111 | union_precision 1.0000 | weighted_recall 0.0191 | consensus_recall 0.0000 | threshold 0.725
Early stopping at epoch 6
Held-out M67-4 | union_precision=1.0000 | weighted_recall=0.0191 | consensus_recall=0.0000
  oracle_stage_macro_f1=0.5089 | end_to_end_stage_macro_f1=0.0247
  end_to_end_stage_class_f1=low:0.0000,mid:0.0741,high:0.0000
Epoch 1/30 | train_loss 1.5317 | union_precision 0.5000 | weighted_recall 0.0313 | consensus_recall 0.0000 | threshold 0.550
Epoch 2/30 | train_loss 1.4146 | union_precision 1.0000 | weighted_recall 0.0313 | consensus_recall 0.0000 | threshold 0.575
Epoch 3/30 | train_loss 1.3273 | union_precision 1.0000 | weighted_recall 0.0313 | consensus_recall 0.0000 | threshold 0.600
Epoch 4/30 | train_loss 1.2729 | union_precision 1.0000 | weighted_recall 0.0313 | consensus_recall 0.0000 | threshold 0.600
Epoch 5/30 | train_loss 1.2401 | union_precision 1.0000 | weighted_recall 0.0313 | consensus_recall 0.0000 | threshold 0.600
Epoch 6/30 | train_loss 1.2064 | union_precision 1.0000 | weighted_recall 0.0313 | consensus_recall 0.0000 | threshold 0.625
Epoch 7/30 | train_loss 1.1651 | union_precision 1.0000 | weighted_recall 0.0313 | consensus_recall 0.0000 | threshold 0.625
Early stopping at epoch 7
Held-out M68-1 | union_precision=1.0000 | weighted_recall=0.0313 | consensus_recall=0.0000
  oracle_stage_macro_f1=0.2550 | end_to_end_stage_macro_f1=0.0000
  end_to_end_stage_class_f1=low:0.0000,mid:0.0000,high:0.0000
Epoch 1/30 | train_loss 1.5294 | union_precision 0.6000 | weighted_recall 0.2222 | consensus_recall 0.0000 | threshold 0.525
Epoch 2/30 | train_loss 1.4191 | union_precision 0.5556 | weighted_recall 0.1966 | consensus_recall 0.0000 | threshold 0.550
Epoch 3/30 | train_loss 1.3335 | union_precision 0.5833 | weighted_recall 0.2479 | consensus_recall 0.0000 | threshold 0.550
Epoch 4/30 | train_loss 1.2770 | union_precision 0.5333 | weighted_recall 0.2564 | consensus_recall 0.0000 | threshold 0.550
Epoch 5/30 | train_loss 1.2464 | union_precision 0.5455 | weighted_recall 0.2222 | consensus_recall 0.0000 | threshold 0.575
Epoch 6/30 | train_loss 1.2131 | union_precision 0.4444 | weighted_recall 0.1709 | consensus_recall 0.0000 | threshold 0.575
Early stopping at epoch 6
Held-out M68-2 | union_precision=0.6000 | weighted_recall=0.2222 | consensus_recall=0.0000
  oracle_stage_macro_f1=0.2102 | end_to_end_stage_macro_f1=0.0667
  end_to_end_stage_class_f1=low:0.0000,mid:0.0000,high:0.2000
Epoch 1/30 | train_loss 1.5309 | union_precision 0.5000 | weighted_recall 0.0156 | consensus_recall 0.0000 | threshold 0.600
Epoch 2/30 | train_loss 1.4199 | union_precision 0.2500 | weighted_recall 0.3281 | consensus_recall 0.0000 | threshold 0.500
Epoch 3/30 | train_loss 1.3370 | union_precision 0.2941 | weighted_recall 0.6406 | consensus_recall 0.0000 | threshold 0.475
Epoch 4/30 | train_loss 1.2777 | union_precision 0.4375 | weighted_recall 0.7500 | consensus_recall 0.0000 | threshold 0.600
Epoch 5/30 | train_loss 1.2469 | union_precision 0.4375 | weighted_recall 0.7500 | consensus_recall 0.0000 | threshold 0.550
Epoch 6/30 | train_loss 1.2147 | union_precision 0.4375 | weighted_recall 0.7500 | consensus_recall 0.0000 | threshold 0.500
Early stopping at epoch 6
Held-out M68-3 | union_precision=0.5000 | weighted_recall=0.0156 | consensus_recall=0.0000
  oracle_stage_macro_f1=0.3556 | end_to_end_stage_macro_f1=0.0000
  end_to_end_stage_class_f1=low:0.0000,mid:0.0000,high:0.0000
Epoch 1/30 | train_loss 1.5589 | union_precision 0.4545 | weighted_recall 0.2331 | consensus_recall 0.0000 | threshold 0.500
Epoch 2/30 | train_loss 1.4101 | union_precision 0.6154 | weighted_recall 0.1656 | consensus_recall 0.0000 | threshold 0.500
Epoch 3/30 | train_loss 1.3401 | union_precision 0.8182 | weighted_recall 0.1902 | consensus_recall 0.0000 | threshold 0.500
Epoch 4/30 | train_loss 1.2973 | union_precision 0.8182 | weighted_recall 0.1902 | consensus_recall 0.0000 | threshold 0.500
Epoch 5/30 | train_loss 1.2431 | union_precision 0.8000 | weighted_recall 0.1779 | consensus_recall 0.0000 | threshold 0.500
Epoch 6/30 | train_loss 1.1991 | union_precision 1.0000 | weighted_recall 0.0368 | consensus_recall 0.0000 | threshold 0.575
Epoch 7/30 | train_loss 1.1675 | union_precision 0.6667 | weighted_recall 0.2945 | consensus_recall 0.0000 | threshold 0.500
Epoch 8/30 | train_loss 1.1559 | union_precision 1.0000 | weighted_recall 0.0368 | consensus_recall 0.0000 | threshold 0.600
Epoch 9/30 | train_loss 1.1261 | union_precision 1.0000 | weighted_recall 0.0368 | consensus_recall 0.0000 | threshold 0.625
Epoch 10/30 | train_loss 1.1219 | union_precision 0.6667 | weighted_recall 0.2209 | consensus_recall 0.0000 | threshold 0.575
Epoch 11/30 | train_loss 1.0935 | union_precision 0.8000 | weighted_recall 0.2209 | consensus_recall 0.0000 | threshold 0.650
Early stopping at epoch 11
Held-out M07-1 | union_precision=1.0000 | weighted_recall=0.0368 | consensus_recall=0.0000
  oracle_stage_macro_f1=0.2315 | end_to_end_stage_macro_f1=0.0741
  end_to_end_stage_class_f1=low:0.0000,mid:0.2222,high:0.0000
Epoch 1/30 | train_loss 1.5681 | union_precision 0.5714 | weighted_recall 0.0782 | consensus_recall 0.0000 | threshold 0.675
Epoch 2/30 | train_loss 1.4067 | union_precision 0.3636 | weighted_recall 0.0782 | consensus_recall 0.0000 | threshold 0.650
Epoch 3/30 | train_loss 1.3449 | union_precision 0.3636 | weighted_recall 0.0782 | consensus_recall 0.0000 | threshold 0.675
Epoch 4/30 | train_loss 1.2976 | union_precision 0.4444 | weighted_recall 0.0782 | consensus_recall 0.0000 | threshold 0.700
Epoch 5/30 | train_loss 1.2432 | union_precision 0.4444 | weighted_recall 0.0782 | consensus_recall 0.0000 | threshold 0.700
Epoch 6/30 | train_loss 1.1978 | union_precision 0.5000 | weighted_recall 0.0335 | consensus_recall 0.0000 | threshold 0.725
Early stopping at epoch 6
Held-out M07-2 | union_precision=0.5714 | weighted_recall=0.0782 | consensus_recall=0.0000
  oracle_stage_macro_f1=0.4237 | end_to_end_stage_macro_f1=0.0317
  end_to_end_stage_class_f1=low:0.0000,mid:0.0000,high:0.0952
Epoch 1/30 | train_loss 1.5703 | union_precision 0.5000 | weighted_recall 0.0323 | consensus_recall 0.0000 | threshold 0.650
Epoch 2/30 | train_loss 1.4046 | union_precision 0.3333 | weighted_recall 0.0323 | consensus_recall 0.0000 | threshold 0.650
Epoch 3/30 | train_loss 1.3349 | union_precision 1.0000 | weighted_recall 0.0323 | consensus_recall 0.0000 | threshold 0.700
Epoch 4/30 | train_loss 1.2901 | union_precision 0.4000 | weighted_recall 0.1806 | consensus_recall 0.0000 | threshold 0.550
Epoch 5/30 | train_loss 1.2343 | union_precision 1.0000 | weighted_recall 0.0323 | consensus_recall 0.0000 | threshold 0.700
Epoch 6/30 | train_loss 1.1907 | union_precision 0.5000 | weighted_recall 0.0323 | consensus_recall 0.0000 | threshold 0.675
Epoch 7/30 | train_loss 1.1649 | union_precision 1.0000 | weighted_recall 0.0323 | consensus_recall 0.0000 | threshold 0.675
Epoch 8/30 | train_loss 1.1454 | union_precision 1.0000 | weighted_recall 0.0323 | consensus_recall 0.0000 | threshold 0.700
Epoch 9/30 | train_loss 1.1157 | union_precision 1.0000 | weighted_recall 0.0323 | consensus_recall 0.0000 | threshold 0.725
Epoch 10/30 | train_loss 1.1110 | union_precision 1.0000 | weighted_recall 0.0323 | consensus_recall 0.0000 | threshold 0.750
Epoch 11/30 | train_loss 1.0842 | union_precision 0.6000 | weighted_recall 0.0839 | consensus_recall 0.0000 | threshold 0.750
Epoch 12/30 | train_loss 1.0730 | union_precision 0.6000 | weighted_recall 0.0839 | consensus_recall 0.0000 | threshold 0.750
Early stopping at epoch 12
Held-out M07-3 | union_precision=1.0000 | weighted_recall=0.0323 | consensus_recall=0.0000
  oracle_stage_macro_f1=0.3548 | end_to_end_stage_macro_f1=0.0606
  end_to_end_stage_class_f1=low:0.0000,mid:0.1818,high:0.0000
Epoch 1/30 | train_loss 1.5586 | union_precision 0.4545 | weighted_recall 0.1193 | consensus_recall 0.0000 | threshold 0.475
Epoch 2/30 | train_loss 1.4095 | union_precision 0.4286 | weighted_recall 0.1193 | consensus_recall 0.0000 | threshold 0.050
Epoch 3/30 | train_loss 1.3320 | union_precision 0.5714 | weighted_recall 0.1080 | consensus_recall 0.0000 | threshold 0.525
Epoch 4/30 | train_loss 1.2940 | union_precision 0.7500 | weighted_recall 0.1023 | consensus_recall 0.0000 | threshold 0.550
Epoch 5/30 | train_loss 1.2488 | union_precision 0.6667 | weighted_recall 0.0568 | consensus_recall 0.0000 | threshold 0.575
Epoch 6/30 | train_loss 1.1973 | union_precision 0.7500 | weighted_recall 0.1023 | consensus_recall 0.0000 | threshold 0.575
Epoch 7/30 | train_loss 1.1715 | union_precision 1.0000 | weighted_recall 0.0398 | consensus_recall 0.0000 | threshold 0.600
Epoch 8/30 | train_loss 1.1571 | union_precision 1.0000 | weighted_recall 0.0398 | consensus_recall 0.0000 | threshold 0.625
Epoch 9/30 | train_loss 1.1252 | union_precision 1.0000 | weighted_recall 0.0398 | consensus_recall 0.0000 | threshold 0.650
Epoch 10/30 | train_loss 1.1163 | union_precision 1.0000 | weighted_recall 0.0398 | consensus_recall 0.0000 | threshold 0.675
Epoch 11/30 | train_loss 1.0885 | union_precision 1.0000 | weighted_recall 0.0398 | consensus_recall 0.0000 | threshold 0.700
Epoch 12/30 | train_loss 1.0828 | union_precision 1.0000 | weighted_recall 0.0398 | consensus_recall 0.0000 | threshold 0.725
Early stopping at epoch 12
Held-out M17-1 | union_precision=1.0000 | weighted_recall=0.0398 | consensus_recall=0.0000
  oracle_stage_macro_f1=0.4349 | end_to_end_stage_macro_f1=0.0392
  end_to_end_stage_class_f1=low:0.0000,mid:0.1176,high:0.0000
Epoch 1/30 | train_loss 1.5579 | union_precision 1.0000 | weighted_recall 0.0682 | consensus_recall 0.0000 | threshold 0.600
Epoch 2/30 | train_loss 1.4067 | union_precision 1.0000 | weighted_recall 0.0455 | consensus_recall 0.0000 | threshold 0.625
Epoch 3/30 | train_loss 1.3324 | union_precision 1.0000 | weighted_recall 0.0455 | consensus_recall 0.0000 | threshold 0.650
Epoch 4/30 | train_loss 1.2941 | union_precision 1.0000 | weighted_recall 0.0455 | consensus_recall 0.0000 | threshold 0.650
Epoch 5/30 | train_loss 1.2475 | union_precision 1.0000 | weighted_recall 0.0455 | consensus_recall 0.0000 | threshold 0.650
Epoch 6/30 | train_loss 1.1978 | union_precision 1.0000 | weighted_recall 0.0455 | consensus_recall 0.0000 | threshold 0.650
Early stopping at epoch 6
Held-out M17-2 | union_precision=1.0000 | weighted_recall=0.0682 | consensus_recall=0.0000
  oracle_stage_macro_f1=0.2607 | end_to_end_stage_macro_f1=0.0444
  end_to_end_stage_class_f1=low:0.0000,mid:0.1333,high:0.0000
Epoch 1/30 | train_loss 1.5591 | union_precision 0.3478 | weighted_recall 0.1221 | consensus_recall 0.0000 | threshold 0.575
Epoch 2/30 | train_loss 1.4025 | union_precision 0.2857 | weighted_recall 0.0704 | consensus_recall 0.0000 | threshold 0.600
Epoch 3/30 | train_loss 1.3358 | union_precision 0.2542 | weighted_recall 0.2160 | consensus_recall 0.0000 | threshold 0.050
Epoch 4/30 | train_loss 1.2935 | union_precision 0.2439 | weighted_recall 0.1737 | consensus_recall 0.0000 | threshold 0.525
Epoch 5/30 | train_loss 1.2473 | union_precision 0.2400 | weighted_recall 0.2254 | consensus_recall 0.0000 | threshold 0.500
Epoch 6/30 | train_loss 1.1954 | union_precision 0.2667 | weighted_recall 0.0751 | consensus_recall 0.0000 | threshold 0.625
Early stopping at epoch 6
Held-out M17-3 | union_precision=0.3478 | weighted_recall=0.1221 | consensus_recall=0.0000
  oracle_stage_macro_f1=0.4568 | end_to_end_stage_macro_f1=0.0901
  end_to_end_stage_class_f1=low:0.0000,mid:0.2703,high:0.0000
Epoch 1/30 | train_loss 1.5594 | union_precision 1.0000 | weighted_recall 0.0096 | consensus_recall 0.0000 | threshold 0.650
Epoch 2/30 | train_loss 1.3997 | union_precision 1.0000 | weighted_recall 0.0096 | consensus_recall 0.0000 | threshold 0.675
Epoch 3/30 | train_loss 1.3349 | union_precision 1.0000 | weighted_recall 0.0127 | consensus_recall 0.0000 | threshold 0.700
Epoch 4/30 | train_loss 1.2906 | union_precision 0.6667 | weighted_recall 0.0541 | consensus_recall 0.0000 | threshold 0.600
Epoch 5/30 | train_loss 1.2458 | union_precision 1.0000 | weighted_recall 0.0096 | consensus_recall 0.0000 | threshold 0.725
Epoch 6/30 | train_loss 1.1957 | union_precision 1.0000 | weighted_recall 0.0096 | consensus_recall 0.0000 | threshold 0.725
Epoch 7/30 | train_loss 1.1600 | union_precision 1.0000 | weighted_recall 0.0096 | consensus_recall 0.0000 | threshold 0.725
Epoch 8/30 | train_loss 1.1495 | union_precision 1.0000 | weighted_recall 0.0096 | consensus_recall 0.0000 | threshold 0.725
Early stopping at epoch 8
Held-out M17-4 | union_precision=1.0000 | weighted_recall=0.0127 | consensus_recall=0.0000
  oracle_stage_macro_f1=0.2351 | end_to_end_stage_macro_f1=0.0139
  end_to_end_stage_class_f1=low:0.0417,mid:0.0000,high:0.0000
Epoch 1/30 | train_loss 1.5557 | union_precision 0.5000 | weighted_recall 0.0375 | consensus_recall 0.0000 | threshold 0.625
Epoch 2/30 | train_loss 1.4010 | union_precision 1.0000 | weighted_recall 0.0250 | consensus_recall 0.0000 | threshold 0.675
Epoch 3/30 | train_loss 1.3366 | union_precision 0.5714 | weighted_recall 0.1000 | consensus_recall 0.0000 | threshold 0.650
Epoch 4/30 | train_loss 1.2952 | union_precision 0.5714 | weighted_recall 0.1000 | consensus_recall 0.0000 | threshold 0.650
Epoch 5/30 | train_loss 1.2507 | union_precision 0.6667 | weighted_recall 0.0375 | consensus_recall 0.0000 | threshold 0.675
Epoch 6/30 | train_loss 1.1993 | union_precision 0.5000 | weighted_recall 0.1000 | consensus_recall 0.0000 | threshold 0.625
Epoch 7/30 | train_loss 1.1670 | union_precision 0.5000 | weighted_recall 0.0500 | consensus_recall 0.0000 | threshold 0.625
Early stopping at epoch 7
Held-out M24-1 | union_precision=1.0000 | weighted_recall=0.0250 | consensus_recall=0.0000
  oracle_stage_macro_f1=0.2993 | end_to_end_stage_macro_f1=0.0000
  end_to_end_stage_class_f1=low:0.0000,mid:0.0000,high:0.0000
Epoch 1/30 | train_loss 1.5551 | union_precision 0.2558 | weighted_recall 0.2222 | consensus_recall 0.0000 | threshold 0.050
Epoch 2/30 | train_loss 1.3999 | union_precision 0.2143 | weighted_recall 0.1667 | consensus_recall 0.0000 | threshold 0.400
Epoch 3/30 | train_loss 1.3368 | union_precision 0.2500 | weighted_recall 0.1717 | consensus_recall 1.0000 | threshold 0.350
Epoch 4/30 | train_loss 1.2956 | union_precision 0.2381 | weighted_recall 0.1616 | consensus_recall 1.0000 | threshold 0.425
Epoch 5/30 | train_loss 1.2512 | union_precision 0.2564 | weighted_recall 0.1616 | consensus_recall 1.0000 | threshold 0.425
Epoch 6/30 | train_loss 1.1993 | union_precision 0.2564 | weighted_recall 0.1515 | consensus_recall 1.0000 | threshold 0.425
Epoch 7/30 | train_loss 1.1665 | union_precision 0.2791 | weighted_recall 0.2273 | consensus_recall 1.0000 | threshold 0.375
Epoch 8/30 | train_loss 1.1548 | union_precision 0.2564 | weighted_recall 0.1717 | consensus_recall 1.0000 | threshold 0.425
Epoch 9/30 | train_loss 1.1228 | union_precision 0.3256 | weighted_recall 0.2071 | consensus_recall 1.0000 | threshold 0.400
Epoch 10/30 | train_loss 1.1122 | union_precision 0.3061 | weighted_recall 0.2121 | consensus_recall 1.0000 | threshold 0.350
Epoch 11/30 | train_loss 1.0854 | union_precision 0.3095 | weighted_recall 0.2020 | consensus_recall 1.0000 | threshold 0.425
Epoch 12/30 | train_loss 1.0865 | union_precision 0.2857 | weighted_recall 0.1869 | consensus_recall 0.0000 | threshold 0.375
Epoch 13/30 | train_loss 1.0616 | union_precision 0.3095 | weighted_recall 0.1869 | consensus_recall 0.0000 | threshold 0.375
Epoch 14/30 | train_loss 1.0460 | union_precision 0.3023 | weighted_recall 0.1869 | consensus_recall 0.0000 | threshold 0.300
Early stopping at epoch 14
Held-out M24-2 | union_precision=0.3256 | weighted_recall=0.2071 | consensus_recall=1.0000
  oracle_stage_macro_f1=0.2479 | end_to_end_stage_macro_f1=0.1026
  end_to_end_stage_class_f1=low:0.3077,mid:0.0000,high:0.0000
Epoch 1/30 | train_loss 1.5538 | union_precision 1.0000 | weighted_recall 0.0385 | consensus_recall 0.0000 | threshold 0.625
Epoch 2/30 | train_loss 1.3998 | union_precision 1.0000 | weighted_recall 0.0385 | consensus_recall 0.0000 | threshold 0.650
Epoch 3/30 | train_loss 1.3411 | union_precision 1.0000 | weighted_recall 0.0577 | consensus_recall 0.0000 | threshold 0.650
Epoch 4/30 | train_loss 1.2948 | union_precision 1.0000 | weighted_recall 0.0577 | consensus_recall 0.0000 | threshold 0.650
Epoch 5/30 | train_loss 1.2553 | union_precision 1.0000 | weighted_recall 0.0577 | consensus_recall 0.0000 | threshold 0.650
Epoch 6/30 | train_loss 1.2014 | union_precision 1.0000 | weighted_recall 0.0577 | consensus_recall 0.0000 | threshold 0.625
Epoch 7/30 | train_loss 1.1689 | union_precision 1.0000 | weighted_recall 0.0192 | consensus_recall 0.0000 | threshold 0.675
Epoch 8/30 | train_loss 1.1548 | union_precision 1.0000 | weighted_recall 0.0192 | consensus_recall 0.0000 | threshold 0.700
Epoch 9/30 | train_loss 1.1260 | union_precision 1.0000 | weighted_recall 0.0192 | consensus_recall 0.0000 | threshold 0.725
Early stopping at epoch 9
Held-out M24-3 | union_precision=1.0000 | weighted_recall=0.0577 | consensus_recall=0.0000
  oracle_stage_macro_f1=0.3311 | end_to_end_stage_macro_f1=0.2222
  end_to_end_stage_class_f1=low:0.0000,mid:0.0000,high:0.6667
Epoch 1/30 | train_loss 1.5590 | union_precision 0.5263 | weighted_recall 0.1311 | consensus_recall 0.0000 | threshold 0.525
Epoch 2/30 | train_loss 1.4048 | union_precision 0.3636 | weighted_recall 0.0640 | consensus_recall 0.0000 | threshold 0.550
Epoch 3/30 | train_loss 1.3454 | union_precision 0.3750 | weighted_recall 0.0457 | consensus_recall 0.0000 | threshold 0.575
Epoch 4/30 | train_loss 1.2963 | union_precision 0.3182 | weighted_recall 0.1189 | consensus_recall 0.0000 | threshold 0.550
Epoch 5/30 | train_loss 1.2510 | union_precision 0.5000 | weighted_recall 0.0488 | consensus_recall 0.0000 | threshold 0.600
Epoch 6/30 | train_loss 1.1991 | union_precision 0.6000 | weighted_recall 0.0488 | consensus_recall 0.0000 | threshold 0.600
Epoch 7/30 | train_loss 1.1717 | union_precision 0.6667 | weighted_recall 0.0091 | consensus_recall 0.0000 | threshold 0.625
Epoch 8/30 | train_loss 1.1519 | union_precision 0.6667 | weighted_recall 0.0091 | consensus_recall 0.0000 | threshold 0.650
Epoch 9/30 | train_loss 1.1277 | union_precision 0.7500 | weighted_recall 0.0488 | consensus_recall 0.0000 | threshold 0.650
Epoch 10/30 | train_loss 1.1134 | union_precision 0.6000 | weighted_recall 0.0488 | consensus_recall 0.0000 | threshold 0.675
Epoch 11/30 | train_loss 1.0876 | union_precision 1.0000 | weighted_recall 0.0061 | consensus_recall 0.0000 | threshold 0.725
Epoch 12/30 | train_loss 1.0914 | union_precision 1.0000 | weighted_recall 0.0061 | consensus_recall 0.0000 | threshold 0.750
Epoch 13/30 | train_loss 1.0662 | union_precision 1.0000 | weighted_recall 0.0579 | consensus_recall 0.0000 | threshold 0.750
Epoch 14/30 | train_loss 1.0490 | union_precision 1.0000 | weighted_recall 0.0884 | consensus_recall 0.0000 | threshold 0.750
Epoch 15/30 | train_loss 1.0311 | union_precision 1.0000 | weighted_recall 0.0671 | consensus_recall 0.0000 | threshold 0.775
Epoch 16/30 | train_loss 1.0212 | union_precision 1.0000 | weighted_recall 0.0945 | consensus_recall 0.0000 | threshold 0.775
Epoch 17/30 | train_loss 1.0006 | union_precision 1.0000 | weighted_recall 0.0945 | consensus_recall 0.0000 | threshold 0.800
Epoch 18/30 | train_loss 0.9783 | union_precision 1.0000 | weighted_recall 0.0945 | consensus_recall 0.0000 | threshold 0.800
Epoch 19/30 | train_loss 0.9760 | union_precision 1.0000 | weighted_recall 0.0945 | consensus_recall 0.0000 | threshold 0.825
Epoch 20/30 | train_loss 0.9608 | union_precision 1.0000 | weighted_recall 0.0274 | consensus_recall 0.0000 | threshold 0.850
Epoch 21/30 | train_loss 0.9534 | union_precision 1.0000 | weighted_recall 0.0213 | consensus_recall 0.0000 | threshold 0.875
Early stopping at epoch 21
Held-out M24-4 | union_precision=1.0000 | weighted_recall=0.0945 | consensus_recall=0.0000
  oracle_stage_macro_f1=0.4716 | end_to_end_stage_macro_f1=0.0541
  end_to_end_stage_class_f1=low:0.0000,mid:0.1622,high:0.0000
Epoch 1/30 | train_loss 1.5543 | union_precision 0.5000 | weighted_recall 0.1045 | consensus_recall 0.0000 | threshold 0.625
Epoch 2/30 | train_loss 1.3989 | union_precision 0.3333 | weighted_recall 0.1045 | consensus_recall 0.0000 | threshold 0.650
Epoch 3/30 | train_loss 1.3419 | union_precision 0.3333 | weighted_recall 0.0448 | consensus_recall 0.0000 | threshold 0.650
Epoch 4/30 | train_loss 1.2964 | union_precision 0.3333 | weighted_recall 0.2687 | consensus_recall 0.0000 | threshold 0.650
Epoch 5/30 | train_loss 1.2523 | union_precision 0.5000 | weighted_recall 0.2687 | consensus_recall 0.0000 | threshold 0.675
Epoch 6/30 | train_loss 1.2014 | union_precision 1.0000 | weighted_recall 0.2687 | consensus_recall 0.0000 | threshold 0.675
Epoch 7/30 | train_loss 1.1712 | union_precision 1.0000 | weighted_recall 0.2687 | consensus_recall 0.0000 | threshold 0.650
Epoch 8/30 | train_loss 1.1496 | union_precision 1.0000 | weighted_recall 0.2687 | consensus_recall 0.0000 | threshold 0.650
Epoch 9/30 | train_loss 1.1302 | union_precision 1.0000 | weighted_recall 0.2687 | consensus_recall 0.0000 | threshold 0.650
Epoch 10/30 | train_loss 1.1134 | union_precision 1.0000 | weighted_recall 0.2687 | consensus_recall 0.0000 | threshold 0.650
Epoch 11/30 | train_loss 1.0878 | union_precision 1.0000 | weighted_recall 0.2687 | consensus_recall 0.0000 | threshold 0.675
Early stopping at epoch 11
Held-out M30-1 | union_precision=1.0000 | weighted_recall=0.2687 | consensus_recall=0.0000
  oracle_stage_macro_f1=0.3443 | end_to_end_stage_macro_f1=0.1333
  end_to_end_stage_class_f1=low:0.0000,mid:0.0000,high:0.4000
Epoch 1/30 | train_loss 1.5547 | union_precision 0.5000 | weighted_recall 0.2073 | consensus_recall 0.0000 | threshold 0.550
Epoch 2/30 | train_loss 1.3987 | union_precision 1.0000 | weighted_recall 0.1098 | consensus_recall 0.0000 | threshold 0.600
Epoch 3/30 | train_loss 1.3422 | union_precision 1.0000 | weighted_recall 0.2073 | consensus_recall 0.0000 | threshold 0.600
Epoch 4/30 | train_loss 1.2953 | union_precision 1.0000 | weighted_recall 0.2073 | consensus_recall 0.0000 | threshold 0.600
Epoch 5/30 | train_loss 1.2527 | union_precision 1.0000 | weighted_recall 0.2073 | consensus_recall 0.0000 | threshold 0.600
Epoch 6/30 | train_loss 1.1992 | union_precision 1.0000 | weighted_recall 0.3171 | consensus_recall 0.0000 | threshold 0.575
Epoch 7/30 | train_loss 1.1693 | union_precision 1.0000 | weighted_recall 0.2073 | consensus_recall 0.0000 | threshold 0.625
Epoch 8/30 | train_loss 1.1487 | union_precision 1.0000 | weighted_recall 0.2073 | consensus_recall 0.0000 | threshold 0.650
Epoch 9/30 | train_loss 1.1293 | union_precision 1.0000 | weighted_recall 0.2073 | consensus_recall 0.0000 | threshold 0.675
Epoch 10/30 | train_loss 1.1130 | union_precision 1.0000 | weighted_recall 0.0976 | consensus_recall 0.0000 | threshold 0.700
Epoch 11/30 | train_loss 1.0863 | union_precision 1.0000 | weighted_recall 0.0976 | consensus_recall 0.0000 | threshold 0.725
Early stopping at epoch 11
Held-out M30-2 | union_precision=1.0000 | weighted_recall=0.3171 | consensus_recall=0.0000
  oracle_stage_macro_f1=0.4242 | end_to_end_stage_macro_f1=0.0784
  end_to_end_stage_class_f1=low:0.0000,mid:0.2353,high:0.0000
Epoch 1/30 | train_loss 1.5569 | union_precision 0.4231 | weighted_recall 0.1916 | consensus_recall 0.0000 | threshold 0.550
Epoch 2/30 | train_loss 1.3993 | union_precision 0.4615 | weighted_recall 0.1963 | consensus_recall 0.0000 | threshold 0.550
Epoch 3/30 | train_loss 1.3415 | union_precision 0.4750 | weighted_recall 0.4206 | consensus_recall 0.0000 | threshold 0.450
Epoch 4/30 | train_loss 1.2951 | union_precision 0.5172 | weighted_recall 0.3645 | consensus_recall 0.0000 | threshold 0.575
Epoch 5/30 | train_loss 1.2545 | union_precision 0.5172 | weighted_recall 0.3645 | consensus_recall 0.0000 | threshold 0.575
Epoch 6/30 | train_loss 1.2007 | union_precision 0.5238 | weighted_recall 0.2243 | consensus_recall 0.0000 | threshold 0.650
Epoch 7/30 | train_loss 1.1693 | union_precision 0.5185 | weighted_recall 0.4626 | consensus_recall 0.0000 | threshold 0.600
Epoch 8/30 | train_loss 1.1494 | union_precision 0.5185 | weighted_recall 0.4626 | consensus_recall 0.0000 | threshold 0.600
Epoch 9/30 | train_loss 1.1293 | union_precision 0.5185 | weighted_recall 0.4626 | consensus_recall 0.0000 | threshold 0.625
Epoch 10/30 | train_loss 1.1116 | union_precision 0.5417 | weighted_recall 0.4112 | consensus_recall 0.0000 | threshold 0.700
Epoch 11/30 | train_loss 1.0862 | union_precision 0.5714 | weighted_recall 0.4065 | consensus_recall 0.0000 | threshold 0.725
Epoch 12/30 | train_loss 1.0899 | union_precision 0.6000 | weighted_recall 0.0607 | consensus_recall 0.0000 | threshold 0.775
Epoch 13/30 | train_loss 1.0615 | union_precision 0.6667 | weighted_recall 0.0794 | consensus_recall 0.0000 | threshold 0.775
Epoch 14/30 | train_loss 1.0466 | union_precision 0.8333 | weighted_recall 0.0888 | consensus_recall 0.0000 | threshold 0.775
Epoch 15/30 | train_loss 1.0247 | union_precision 0.6667 | weighted_recall 0.0561 | consensus_recall 0.0000 | threshold 0.800
Epoch 16/30 | train_loss 1.0172 | union_precision 0.7143 | weighted_recall 0.0888 | consensus_recall 0.0000 | threshold 0.800
Epoch 17/30 | train_loss 1.0009 | union_precision 0.6667 | weighted_recall 0.2009 | consensus_recall 0.0000 | threshold 0.800
Epoch 18/30 | train_loss 0.9803 | union_precision 0.7500 | weighted_recall 0.2009 | consensus_recall 0.0000 | threshold 0.825
Epoch 19/30 | train_loss 0.9760 | union_precision 0.7143 | weighted_recall 0.1963 | consensus_recall 0.0000 | threshold 0.850
Early stopping at epoch 19
Held-out M30-3 | union_precision=0.8333 | weighted_recall=0.0888 | consensus_recall=0.0000
  oracle_stage_macro_f1=0.2133 | end_to_end_stage_macro_f1=0.0000
  end_to_end_stage_class_f1=low:0.0000,mid:0.0000,high:0.0000
Epoch 1/30 | train_loss 1.5480 | union_precision 0.5500 | weighted_recall 0.1111 | consensus_recall 0.0000 | threshold 0.550
Epoch 2/30 | train_loss 1.4161 | union_precision 0.5455 | weighted_recall 0.1379 | consensus_recall 0.0000 | threshold 0.550
Epoch 3/30 | train_loss 1.3487 | union_precision 0.5455 | weighted_recall 0.1379 | consensus_recall 0.0000 | threshold 0.550
Epoch 4/30 | train_loss 1.2991 | union_precision 0.7000 | weighted_recall 0.0958 | consensus_recall 0.0000 | threshold 0.625
Epoch 5/30 | train_loss 1.2619 | union_precision 0.8000 | weighted_recall 0.1034 | consensus_recall 0.0000 | threshold 0.625
Epoch 6/30 | train_loss 1.2067 | union_precision 0.7857 | weighted_recall 0.1303 | consensus_recall 0.0000 | threshold 0.600
Epoch 7/30 | train_loss 1.1706 | union_precision 0.7857 | weighted_recall 0.1303 | consensus_recall 0.0000 | threshold 0.600
Epoch 8/30 | train_loss 1.1537 | union_precision 0.7857 | weighted_recall 0.1303 | consensus_recall 0.0000 | threshold 0.600
Epoch 9/30 | train_loss 1.1349 | union_precision 1.0000 | weighted_recall 0.0268 | consensus_recall 0.0000 | threshold 0.725
Epoch 10/30 | train_loss 1.1131 | union_precision 1.0000 | weighted_recall 0.0268 | consensus_recall 0.0000 | threshold 0.750
Epoch 11/30 | train_loss 1.0906 | union_precision 1.0000 | weighted_recall 0.0268 | consensus_recall 0.0000 | threshold 0.775
Epoch 12/30 | train_loss 1.0932 | union_precision 0.6667 | weighted_recall 0.2797 | consensus_recall 1.0000 | threshold 0.775
Epoch 13/30 | train_loss 1.0664 | union_precision 0.6429 | weighted_recall 0.3525 | consensus_recall 1.0000 | threshold 0.700
Epoch 14/30 | train_loss 1.0494 | union_precision 0.6429 | weighted_recall 0.3525 | consensus_recall 1.0000 | threshold 0.700
Early stopping at epoch 14
Held-out M30-4 | union_precision=1.0000 | weighted_recall=0.0268 | consensus_recall=0.0000
  oracle_stage_macro_f1=0.3944 | end_to_end_stage_macro_f1=0.0000
  end_to_end_stage_class_f1=low:0.0000,mid:0.0000,high:0.0000
Epoch 1/30 | train_loss 1.5368 | union_precision 0.2353 | weighted_recall 0.5172 | consensus_recall 0.0000 | threshold 0.475
Epoch 2/30 | train_loss 1.4139 | union_precision 0.2500 | weighted_recall 0.4138 | consensus_recall 0.0000 | threshold 0.625
Epoch 3/30 | train_loss 1.3442 | union_precision 0.2500 | weighted_recall 0.4483 | consensus_recall 0.0000 | threshold 0.625
Epoch 4/30 | train_loss 1.2931 | union_precision 0.2500 | weighted_recall 0.4483 | consensus_recall 0.0000 | threshold 0.625
Epoch 5/30 | train_loss 1.2558 | union_precision 0.5000 | weighted_recall 0.0345 | consensus_recall 0.0000 | threshold 0.675
Epoch 6/30 | train_loss 1.2047 | union_precision 1.0000 | weighted_recall 0.0345 | consensus_recall 0.0000 | threshold 0.675
Epoch 7/30 | train_loss 1.1677 | union_precision 1.0000 | weighted_recall 0.0345 | consensus_recall 0.0000 | threshold 0.675
Epoch 8/30 | train_loss 1.1502 | union_precision 1.0000 | weighted_recall 0.0345 | consensus_recall 0.0000 | threshold 0.650
Epoch 9/30 | train_loss 1.1322 | union_precision 1.0000 | weighted_recall 0.0345 | consensus_recall 0.0000 | threshold 0.700
Epoch 10/30 | train_loss 1.1126 | union_precision 1.0000 | weighted_recall 0.0345 | consensus_recall 0.0000 | threshold 0.725
Epoch 11/30 | train_loss 1.0881 | union_precision 1.0000 | weighted_recall 0.0345 | consensus_recall 0.0000 | threshold 0.750
Early stopping at epoch 11
Held-out M33-1 | union_precision=1.0000 | weighted_recall=0.0345 | consensus_recall=0.0000
  oracle_stage_macro_f1=0.3944 | end_to_end_stage_macro_f1=0.0000
  end_to_end_stage_class_f1=low:0.0000,mid:0.0000,high:0.0000
Epoch 1/30 | train_loss 1.5381 | union_precision 1.0000 | weighted_recall 0.0083 | consensus_recall 0.0000 | threshold 0.575
Epoch 2/30 | train_loss 1.4208 | union_precision 0.5000 | weighted_recall 0.0248 | consensus_recall 0.0000 | threshold 0.575
Epoch 3/30 | train_loss 1.3471 | union_precision 0.4545 | weighted_recall 0.0289 | consensus_recall 0.0000 | threshold 0.550
Epoch 4/30 | train_loss 1.2930 | union_precision 0.4167 | weighted_recall 0.0289 | consensus_recall 0.0000 | threshold 0.550
Epoch 5/30 | train_loss 1.2563 | union_precision 0.5000 | weighted_recall 0.0124 | consensus_recall 0.0000 | threshold 0.600
Epoch 6/30 | train_loss 1.2052 | union_precision 1.0000 | weighted_recall 0.0124 | consensus_recall 0.0000 | threshold 0.600
Early stopping at epoch 6
Held-out M33-2 | union_precision=1.0000 | weighted_recall=0.0083 | consensus_recall=0.0000
  oracle_stage_macro_f1=0.4451 | end_to_end_stage_macro_f1=0.0000
  end_to_end_stage_class_f1=low:0.0000,mid:0.0000,high:0.0000
Epoch 1/30 | train_loss 1.5366 | union_precision 0.2381 | weighted_recall 0.5128 | consensus_recall 0.0000 | threshold 0.475
Epoch 2/30 | train_loss 1.4175 | union_precision 0.3333 | weighted_recall 0.2308 | consensus_recall 0.0000 | threshold 0.550
Epoch 3/30 | train_loss 1.3479 | union_precision 0.4000 | weighted_recall 0.4872 | consensus_recall 0.0000 | threshold 0.550
Epoch 4/30 | train_loss 1.2926 | union_precision 0.5000 | weighted_recall 0.2308 | consensus_recall 0.0000 | threshold 0.600
Epoch 5/30 | train_loss 1.2587 | union_precision 0.5000 | weighted_recall 0.1538 | consensus_recall 0.0000 | threshold 0.600
Epoch 6/30 | train_loss 1.2078 | union_precision 0.5000 | weighted_recall 0.4359 | consensus_recall 0.0000 | threshold 0.575
Epoch 7/30 | train_loss 1.1697 | union_precision 0.5000 | weighted_recall 0.4359 | consensus_recall 0.0000 | threshold 0.575
Epoch 8/30 | train_loss 1.1528 | union_precision 0.5714 | weighted_recall 0.4872 | consensus_recall 0.0000 | threshold 0.575
Epoch 9/30 | train_loss 1.1359 | union_precision 0.5000 | weighted_recall 0.4103 | consensus_recall 0.0000 | threshold 0.600
Epoch 10/30 | train_loss 1.1172 | union_precision 0.4444 | weighted_recall 0.4615 | consensus_recall 0.0000 | threshold 0.600
Epoch 11/30 | train_loss 1.0910 | union_precision 0.5000 | weighted_recall 0.3846 | consensus_recall 0.0000 | threshold 0.625
Epoch 12/30 | train_loss 1.0950 | union_precision 0.4000 | weighted_recall 0.1282 | consensus_recall 0.0000 | threshold 0.650
Epoch 13/30 | train_loss 1.0690 | union_precision 0.5000 | weighted_recall 0.1795 | consensus_recall 0.0000 | threshold 0.650
Early stopping at epoch 13
Held-out M33-3 | union_precision=0.5714 | weighted_recall=0.4872 | consensus_recall=0.0000
  oracle_stage_macro_f1=0.3611 | end_to_end_stage_macro_f1=0.1111
  end_to_end_stage_class_f1=low:0.3333,mid:0.0000,high:0.0000
Epoch 1/30 | train_loss 1.5687 | union_precision 0.8667 | weighted_recall 0.0669 | consensus_recall 0.0000 | threshold 0.625
Epoch 2/30 | train_loss 1.3995 | union_precision 0.6786 | weighted_recall 0.0913 | consensus_recall 0.0000 | threshold 0.625
Epoch 3/30 | train_loss 1.3344 | union_precision 0.6667 | weighted_recall 0.1947 | consensus_recall 0.0000 | threshold 0.525
Epoch 4/30 | train_loss 1.2798 | union_precision 0.6667 | weighted_recall 0.1846 | consensus_recall 0.0000 | threshold 0.550
Epoch 5/30 | train_loss 1.2263 | union_precision 0.6842 | weighted_recall 0.1927 | consensus_recall 0.0000 | threshold 0.525
Epoch 6/30 | train_loss 1.1896 | union_precision 0.6800 | weighted_recall 0.0872 | consensus_recall 0.0000 | threshold 0.650
Early stopping at epoch 6
Held-out M33-4 | union_precision=0.8667 | weighted_recall=0.0669 | consensus_recall=0.0000
  oracle_stage_macro_f1=0.4435 | end_to_end_stage_macro_f1=0.0979
  end_to_end_stage_class_f1=low:0.0976,mid:0.1961,high:0.0000
Epoch 1/30 | train_loss 1.5377 | union_precision 0.1754 | weighted_recall 0.1642 | consensus_recall 0.0000 | threshold 0.050
Epoch 2/30 | train_loss 1.4138 | union_precision 0.1818 | weighted_recall 0.1045 | consensus_recall 0.0000 | threshold 0.525
Epoch 3/30 | train_loss 1.3393 | union_precision 0.1875 | weighted_recall 0.1045 | consensus_recall 0.0000 | threshold 0.525
Epoch 4/30 | train_loss 1.2879 | union_precision 0.2143 | weighted_recall 0.1045 | consensus_recall 0.0000 | threshold 0.525
Epoch 5/30 | train_loss 1.2525 | union_precision 0.2308 | weighted_recall 0.1567 | consensus_recall 0.0000 | threshold 0.500
Epoch 6/30 | train_loss 1.2018 | union_precision 0.2692 | weighted_recall 0.1269 | consensus_recall 0.0000 | threshold 0.525
Epoch 7/30 | train_loss 1.1630 | union_precision 0.2759 | weighted_recall 0.2164 | consensus_recall 0.0000 | threshold 0.525
Epoch 8/30 | train_loss 1.1461 | union_precision 1.0000 | weighted_recall 0.1194 | consensus_recall 0.0000 | threshold 0.700
Epoch 9/30 | train_loss 1.1299 | union_precision 0.7500 | weighted_recall 0.1194 | consensus_recall 0.0000 | threshold 0.675
Epoch 10/30 | train_loss 1.1070 | union_precision 1.0000 | weighted_recall 0.0373 | consensus_recall 0.0000 | threshold 0.725
Epoch 11/30 | train_loss 1.0875 | union_precision 1.0000 | weighted_recall 0.1493 | consensus_recall 0.0000 | threshold 0.700
Epoch 12/30 | train_loss 1.0892 | union_precision 1.0000 | weighted_recall 0.1567 | consensus_recall 0.0000 | threshold 0.700
Epoch 13/30 | train_loss 1.0636 | union_precision 1.0000 | weighted_recall 0.1418 | consensus_recall 0.0000 | threshold 0.725
Epoch 14/30 | train_loss 1.0410 | union_precision 1.0000 | weighted_recall 0.1418 | consensus_recall 0.0000 | threshold 0.725
Epoch 15/30 | train_loss 1.0275 | union_precision 1.0000 | weighted_recall 0.0373 | consensus_recall 0.0000 | threshold 0.750
Epoch 16/30 | train_loss 1.0120 | union_precision 1.0000 | weighted_recall 0.0373 | consensus_recall 0.0000 | threshold 0.750
Epoch 17/30 | train_loss 0.9956 | union_precision 1.0000 | weighted_recall 0.0373 | consensus_recall 0.0000 | threshold 0.775
Early stopping at epoch 17
Held-out M41-1 | union_precision=1.0000 | weighted_recall=0.1567 | consensus_recall=0.0000
  oracle_stage_macro_f1=0.4516 | end_to_end_stage_macro_f1=0.0787
  end_to_end_stage_class_f1=low:0.0000,mid:0.1111,high:0.1250
Epoch 1/30 | train_loss 1.5356 | union_precision 0.2632 | weighted_recall 0.1481 | consensus_recall 0.0000 | threshold 0.500
Epoch 2/30 | train_loss 1.4117 | union_precision 0.3125 | weighted_recall 0.1481 | consensus_recall 0.0000 | threshold 0.500
Epoch 3/30 | train_loss 1.3417 | union_precision 0.3125 | weighted_recall 0.1481 | consensus_recall 0.0000 | threshold 0.500
Epoch 4/30 | train_loss 1.2880 | union_precision 0.3333 | weighted_recall 0.1481 | consensus_recall 0.0000 | threshold 0.525
Epoch 5/30 | train_loss 1.2520 | union_precision 0.3158 | weighted_recall 0.1667 | consensus_recall 0.0000 | threshold 0.475
Epoch 6/30 | train_loss 1.2038 | union_precision 0.3000 | weighted_recall 0.1667 | consensus_recall 0.0000 | threshold 0.475
Epoch 7/30 | train_loss 1.1635 | union_precision 0.2857 | weighted_recall 0.1667 | consensus_recall 0.0000 | threshold 0.475
Epoch 8/30 | train_loss 1.1474 | union_precision 0.2857 | weighted_recall 0.1667 | consensus_recall 0.0000 | threshold 0.475
Epoch 9/30 | train_loss 1.1320 | union_precision 0.2500 | weighted_recall 0.1296 | consensus_recall 0.0000 | threshold 0.525
Early stopping at epoch 9
Held-out M41-2 | union_precision=0.3333 | weighted_recall=0.1481 | consensus_recall=0.0000
  oracle_stage_macro_f1=0.4128 | end_to_end_stage_macro_f1=0.0830
  end_to_end_stage_class_f1=low:0.0952,mid:0.1538,high:0.0000
Epoch 1/30 | train_loss 1.5347 | union_precision 0.6000 | weighted_recall 0.0538 | consensus_recall 0.0000 | threshold 0.575
Epoch 2/30 | train_loss 1.4119 | union_precision 1.0000 | weighted_recall 0.0108 | consensus_recall 0.0000 | threshold 0.600
Epoch 3/30 | train_loss 1.3428 | union_precision 0.4444 | weighted_recall 0.0645 | consensus_recall 0.0000 | threshold 0.575
Epoch 4/30 | train_loss 1.2884 | union_precision 0.5385 | weighted_recall 0.1720 | consensus_recall 0.0000 | threshold 0.550
Epoch 5/30 | train_loss 1.2530 | union_precision 0.5000 | weighted_recall 0.2258 | consensus_recall 0.0000 | threshold 0.550
Epoch 6/30 | train_loss 1.2045 | union_precision 1.0000 | weighted_recall 0.0323 | consensus_recall 0.0000 | threshold 0.600
Epoch 7/30 | train_loss 1.1643 | union_precision 1.0000 | weighted_recall 0.0323 | consensus_recall 0.0000 | threshold 0.600
Epoch 8/30 | train_loss 1.1493 | union_precision 1.0000 | weighted_recall 0.1183 | consensus_recall 0.0000 | threshold 0.600
Epoch 9/30 | train_loss 1.1340 | union_precision 1.0000 | weighted_recall 0.1183 | consensus_recall 0.0000 | threshold 0.625
Epoch 10/30 | train_loss 1.1119 | union_precision 0.7500 | weighted_recall 0.0860 | consensus_recall 0.0000 | threshold 0.650
Epoch 11/30 | train_loss 1.0910 | union_precision 0.7500 | weighted_recall 0.0860 | consensus_recall 0.0000 | threshold 0.675
Epoch 12/30 | train_loss 1.0934 | union_precision 1.0000 | weighted_recall 0.0753 | consensus_recall 0.0000 | threshold 0.700
Epoch 13/30 | train_loss 1.0653 | union_precision 1.0000 | weighted_recall 0.0860 | consensus_recall 0.0000 | threshold 0.700
Early stopping at epoch 13
Held-out M41-3 | union_precision=1.0000 | weighted_recall=0.1183 | consensus_recall=0.0000
  oracle_stage_macro_f1=0.4784 | end_to_end_stage_macro_f1=0.0741
  end_to_end_stage_class_f1=low:0.2222,mid:0.0000,high:0.0000
Epoch 1/30 | train_loss 1.5353 | union_precision 0.3889 | weighted_recall 0.3134 | consensus_recall 0.0000 | threshold 0.525
Epoch 2/30 | train_loss 1.4116 | union_precision 1.0000 | weighted_recall 0.0149 | consensus_recall 0.0000 | threshold 0.650
Epoch 3/30 | train_loss 1.3440 | union_precision 1.0000 | weighted_recall 0.0149 | consensus_recall 0.0000 | threshold 0.675
Epoch 4/30 | train_loss 1.2903 | union_precision 1.0000 | weighted_recall 0.0299 | consensus_recall 0.0000 | threshold 0.675
Epoch 5/30 | train_loss 1.2549 | union_precision 1.0000 | weighted_recall 0.0299 | consensus_recall 0.0000 | threshold 0.675
Epoch 6/30 | train_loss 1.2064 | union_precision 1.0000 | weighted_recall 0.0299 | consensus_recall 0.0000 | threshold 0.675
Epoch 7/30 | train_loss 1.1682 | union_precision 1.0000 | weighted_recall 0.0746 | consensus_recall 0.0000 | threshold 0.675
Epoch 8/30 | train_loss 1.1531 | union_precision 1.0000 | weighted_recall 0.0149 | consensus_recall 0.0000 | threshold 0.700
Epoch 9/30 | train_loss 1.1362 | union_precision 1.0000 | weighted_recall 0.0149 | consensus_recall 0.0000 | threshold 0.725
Epoch 10/30 | train_loss 1.1146 | union_precision 1.0000 | weighted_recall 0.0149 | consensus_recall 0.0000 | threshold 0.750
Epoch 11/30 | train_loss 1.0951 | union_precision 1.0000 | weighted_recall 0.0149 | consensus_recall 0.0000 | threshold 0.775
Epoch 12/30 | train_loss 1.0965 | union_precision 1.0000 | weighted_recall 0.0149 | consensus_recall 0.0000 | threshold 0.800
Early stopping at epoch 12
Held-out M41-4 | union_precision=1.0000 | weighted_recall=0.0746 | consensus_recall=0.0000
  oracle_stage_macro_f1=0.2618 | end_to_end_stage_macro_f1=0.1481
  end_to_end_stage_class_f1=low:0.0000,mid:0.1111,high:0.3333
Epoch 1/30 | train_loss 1.5352 | union_precision 0.4444 | weighted_recall 0.1494 | consensus_recall 0.0000 | threshold 0.575
Epoch 2/30 | train_loss 1.4174 | union_precision 0.5714 | weighted_recall 0.1234 | consensus_recall 0.0000 | threshold 0.600
Epoch 3/30 | train_loss 1.3423 | union_precision 0.5000 | weighted_recall 0.1234 | consensus_recall 0.0000 | threshold 0.625
Epoch 4/30 | train_loss 1.2869 | union_precision 0.5000 | weighted_recall 0.1364 | consensus_recall 0.0000 | threshold 0.650
Epoch 5/30 | train_loss 1.2532 | union_precision 0.6250 | weighted_recall 0.1623 | consensus_recall 0.0000 | threshold 0.650
Epoch 6/30 | train_loss 1.2042 | union_precision 0.6250 | weighted_recall 0.1623 | consensus_recall 0.0000 | threshold 0.625
Epoch 7/30 | train_loss 1.1671 | union_precision 0.6667 | weighted_recall 0.2273 | consensus_recall 0.0000 | threshold 0.625
Epoch 8/30 | train_loss 1.1499 | union_precision 0.6667 | weighted_recall 0.2273 | consensus_recall 0.0000 | threshold 0.650
Epoch 9/30 | train_loss 1.1343 | union_precision 0.6667 | weighted_recall 0.2273 | consensus_recall 0.0000 | threshold 0.675
Epoch 10/30 | train_loss 1.1128 | union_precision 1.0000 | weighted_recall 0.1104 | consensus_recall 0.0000 | threshold 0.750
Epoch 11/30 | train_loss 1.0901 | union_precision 0.6250 | weighted_recall 0.2078 | consensus_recall 0.0000 | threshold 0.725
Epoch 12/30 | train_loss 1.0913 | union_precision 0.5556 | weighted_recall 0.2078 | consensus_recall 0.0000 | threshold 0.725
Epoch 13/30 | train_loss 1.0680 | union_precision 0.6250 | weighted_recall 0.2338 | consensus_recall 0.0000 | threshold 0.750
Epoch 14/30 | train_loss 1.0443 | union_precision 0.6250 | weighted_recall 0.2338 | consensus_recall 0.0000 | threshold 0.750
Epoch 15/30 | train_loss 1.0290 | union_precision 1.0000 | weighted_recall 0.0649 | consensus_recall 0.0000 | threshold 0.775
Early stopping at epoch 15
Held-out M50-1 | union_precision=1.0000 | weighted_recall=0.1104 | consensus_recall=0.0000
  oracle_stage_macro_f1=0.4371 | end_to_end_stage_macro_f1=0.0606
  end_to_end_stage_class_f1=low:0.0000,mid:0.0000,high:0.1818
Epoch 1/30 | train_loss 1.5273 | union_precision 0.2500 | weighted_recall 0.1325 | consensus_recall 0.0000 | threshold 0.575
Epoch 2/30 | train_loss 1.4180 | union_precision 1.0000 | weighted_recall 0.1145 | consensus_recall 0.0000 | threshold 0.650
Epoch 3/30 | train_loss 1.3394 | union_precision 1.0000 | weighted_recall 0.1145 | consensus_recall 0.0000 | threshold 0.675
Epoch 4/30 | train_loss 1.2818 | union_precision 0.6667 | weighted_recall 0.1325 | consensus_recall 0.0000 | threshold 0.650
Epoch 5/30 | train_loss 1.2519 | union_precision 0.6667 | weighted_recall 0.1325 | consensus_recall 0.0000 | threshold 0.650
Epoch 6/30 | train_loss 1.2019 | union_precision 0.6667 | weighted_recall 0.1325 | consensus_recall 0.0000 | threshold 0.675
Epoch 7/30 | train_loss 1.1650 | union_precision 0.5000 | weighted_recall 0.1145 | consensus_recall 0.0000 | threshold 0.675
Early stopping at epoch 7
Held-out M50-2 | union_precision=1.0000 | weighted_recall=0.1145 | consensus_recall=0.0000
  oracle_stage_macro_f1=0.4261 | end_to_end_stage_macro_f1=0.0000
  end_to_end_stage_class_f1=low:0.0000,mid:0.0000,high:0.0000
Epoch 1/30 | train_loss 1.5399 | union_precision 1.0000 | weighted_recall 0.0442 | consensus_recall 0.0000 | threshold 0.700
Epoch 2/30 | train_loss 1.4248 | union_precision 1.0000 | weighted_recall 0.0442 | consensus_recall 0.0000 | threshold 0.725
Epoch 3/30 | train_loss 1.3428 | union_precision 1.0000 | weighted_recall 0.0442 | consensus_recall 0.0000 | threshold 0.725
Epoch 4/30 | train_loss 1.2902 | union_precision 1.0000 | weighted_recall 0.0442 | consensus_recall 0.0000 | threshold 0.725
Epoch 5/30 | train_loss 1.2593 | union_precision 1.0000 | weighted_recall 0.0442 | consensus_recall 0.0000 | threshold 0.725
Epoch 6/30 | train_loss 1.2111 | union_precision 1.0000 | weighted_recall 0.0442 | consensus_recall 0.0000 | threshold 0.700
Early stopping at epoch 6
Held-out M50-3 | union_precision=1.0000 | weighted_recall=0.0442 | consensus_recall=0.0000
  oracle_stage_macro_f1=0.3641 | end_to_end_stage_macro_f1=0.0230
  end_to_end_stage_class_f1=low:0.0000,mid:0.0000,high:0.0690
Epoch 1/30 | train_loss 1.5389 | union_precision 1.0000 | weighted_recall 0.0041 | consensus_recall 0.0000 | threshold 0.675
Epoch 2/30 | train_loss 1.4224 | union_precision 1.0000 | weighted_recall 0.0041 | consensus_recall 0.0000 | threshold 0.650
Epoch 3/30 | train_loss 1.3364 | union_precision 1.0000 | weighted_recall 0.0249 | consensus_recall 0.0000 | threshold 0.650
Epoch 4/30 | train_loss 1.2849 | union_precision 1.0000 | weighted_recall 0.0041 | consensus_recall 0.0000 | threshold 0.675
Epoch 5/30 | train_loss 1.2545 | union_precision 1.0000 | weighted_recall 0.0622 | consensus_recall 0.0000 | threshold 0.675
Epoch 6/30 | train_loss 1.2039 | union_precision 1.0000 | weighted_recall 0.0622 | consensus_recall 0.0000 | threshold 0.650
Epoch 7/30 | train_loss 1.1645 | union_precision 1.0000 | weighted_recall 0.0622 | consensus_recall 0.0000 | threshold 0.625
Epoch 8/30 | train_loss 1.1458 | union_precision 1.0000 | weighted_recall 0.0622 | consensus_recall 0.0000 | threshold 0.625
Epoch 9/30 | train_loss 1.1343 | union_precision 1.0000 | weighted_recall 0.0622 | consensus_recall 0.0000 | threshold 0.650
Epoch 10/30 | train_loss 1.1114 | union_precision 1.0000 | weighted_recall 0.0622 | consensus_recall 0.0000 | threshold 0.650
Early stopping at epoch 10
Held-out M56-1 | union_precision=1.0000 | weighted_recall=0.0622 | consensus_recall=0.0000
  oracle_stage_macro_f1=0.4497 | end_to_end_stage_macro_f1=0.0370
  end_to_end_stage_class_f1=low:0.0000,mid:0.0000,high:0.1111
Epoch 1/30 | train_loss 1.5360 | union_precision 0.2222 | weighted_recall 0.0438 | consensus_recall 0.0000 | threshold 0.575
Epoch 2/30 | train_loss 1.4133 | union_precision 0.1892 | weighted_recall 0.0876 | consensus_recall 0.0000 | threshold 0.050
Epoch 3/30 | train_loss 1.3351 | union_precision 0.2500 | weighted_recall 0.0073 | consensus_recall 0.0000 | threshold 0.700
Epoch 4/30 | train_loss 1.2814 | union_precision 0.2000 | weighted_recall 0.0657 | consensus_recall 0.0000 | threshold 0.525
Epoch 5/30 | train_loss 1.2492 | union_precision 0.3333 | weighted_recall 0.0073 | consensus_recall 0.0000 | threshold 0.725
Epoch 6/30 | train_loss 1.2065 | union_precision 0.2750 | weighted_recall 0.1460 | consensus_recall 0.0000 | threshold 0.050
Epoch 7/30 | train_loss 1.1644 | union_precision 0.2857 | weighted_recall 0.0292 | consensus_recall 0.0000 | threshold 0.625
Epoch 8/30 | train_loss 1.1464 | union_precision 0.2857 | weighted_recall 0.0292 | consensus_recall 0.0000 | threshold 0.625
Epoch 9/30 | train_loss 1.1355 | union_precision 1.0000 | weighted_recall 0.0073 | consensus_recall 0.0000 | threshold 0.750
Epoch 10/30 | train_loss 1.1120 | union_precision 1.0000 | weighted_recall 0.0073 | consensus_recall 0.0000 | threshold 0.750
Epoch 11/30 | train_loss 1.0875 | union_precision 0.5000 | weighted_recall 0.0073 | consensus_recall 0.0000 | threshold 0.750
Epoch 12/30 | train_loss 1.0895 | union_precision 1.0000 | weighted_recall 0.0073 | consensus_recall 0.0000 | threshold 0.775
Epoch 13/30 | train_loss 1.0640 | union_precision 1.0000 | weighted_recall 0.0073 | consensus_recall 0.0000 | threshold 0.775
Epoch 14/30 | train_loss 1.0477 | union_precision 1.0000 | weighted_recall 0.0219 | consensus_recall 0.0000 | threshold 0.750
Epoch 15/30 | train_loss 1.0257 | union_precision 1.0000 | weighted_recall 0.0219 | consensus_recall 0.0000 | threshold 0.750
Epoch 16/30 | train_loss 1.0104 | union_precision 1.0000 | weighted_recall 0.0219 | consensus_recall 0.0000 | threshold 0.750
Epoch 17/30 | train_loss 1.0001 | union_precision 1.0000 | weighted_recall 0.0219 | consensus_recall 0.0000 | threshold 0.725
Epoch 18/30 | train_loss 0.9810 | union_precision 1.0000 | weighted_recall 0.0219 | consensus_recall 0.0000 | threshold 0.750
Epoch 19/30 | train_loss 0.9931 | union_precision 1.0000 | weighted_recall 0.0219 | consensus_recall 0.0000 | threshold 0.775
Early stopping at epoch 19
Held-out M56-2 | union_precision=1.0000 | weighted_recall=0.0219 | consensus_recall=0.0000
  oracle_stage_macro_f1=0.3146 | end_to_end_stage_macro_f1=0.0827
  end_to_end_stage_class_f1=low:0.1053,mid:0.1429,high:0.0000
Epoch 1/30 | train_loss 1.5428 | union_precision 1.0000 | weighted_recall 0.0075 | consensus_recall 0.0000 | threshold 0.675
Epoch 2/30 | train_loss 1.4265 | union_precision 0.6250 | weighted_recall 0.0175 | consensus_recall 0.0000 | threshold 0.675
Epoch 3/30 | train_loss 1.3496 | union_precision 1.0000 | weighted_recall 0.0025 | consensus_recall 0.0000 | threshold 0.725
Epoch 4/30 | train_loss 1.2838 | union_precision 1.0000 | weighted_recall 0.0100 | consensus_recall 0.0000 | threshold 0.725
Epoch 5/30 | train_loss 1.2545 | union_precision 1.0000 | weighted_recall 0.0175 | consensus_recall 0.0000 | threshold 0.700
Epoch 6/30 | train_loss 1.2103 | union_precision 1.0000 | weighted_recall 0.0175 | consensus_recall 0.0000 | threshold 0.700
Epoch 7/30 | train_loss 1.1663 | union_precision 1.0000 | weighted_recall 0.0224 | consensus_recall 0.0000 | threshold 0.675
Epoch 8/30 | train_loss 1.1497 | union_precision 1.0000 | weighted_recall 0.0175 | consensus_recall 0.0000 | threshold 0.700
Epoch 9/30 | train_loss 1.1373 | union_precision 1.0000 | weighted_recall 0.0125 | consensus_recall 0.0000 | threshold 0.725
Epoch 10/30 | train_loss 1.1095 | union_precision 1.0000 | weighted_recall 0.0075 | consensus_recall 0.0000 | threshold 0.750
Epoch 11/30 | train_loss 1.0822 | union_precision 0.8000 | weighted_recall 0.0175 | consensus_recall 0.0000 | threshold 0.750
Epoch 12/30 | train_loss 1.0831 | union_precision 1.0000 | weighted_recall 0.0025 | consensus_recall 0.0000 | threshold 0.800
Early stopping at epoch 12
Held-out M56-3 | union_precision=1.0000 | weighted_recall=0.0224 | consensus_recall=0.0000
  oracle_stage_macro_f1=0.2771 | end_to_end_stage_macro_f1=0.0098
  end_to_end_stage_class_f1=low:0.0294,mid:0.0000,high:0.0000
Epoch 1/30 | train_loss 1.5403 | union_precision 0.5000 | weighted_recall 0.0110 | consensus_recall 0.0000 | threshold 0.650
Epoch 2/30 | train_loss 1.4149 | union_precision 0.3111 | weighted_recall 0.1868 | consensus_recall 0.0000 | threshold 0.475
Epoch 3/30 | train_loss 1.3402 | union_precision 0.3200 | weighted_recall 0.2033 | consensus_recall 0.0000 | threshold 0.425
Epoch 4/30 | train_loss 1.2837 | union_precision 0.3400 | weighted_recall 0.2308 | consensus_recall 0.0000 | threshold 0.050
Epoch 5/30 | train_loss 1.2462 | union_precision 0.3800 | weighted_recall 0.2418 | consensus_recall 0.0000 | threshold 0.050
Epoch 6/30 | train_loss 1.2066 | union_precision 0.3673 | weighted_recall 0.2308 | consensus_recall 0.0000 | threshold 0.050
Early stopping at epoch 6
Held-out M59-1 | union_precision=0.5000 | weighted_recall=0.0110 | consensus_recall=0.0000
  oracle_stage_macro_f1=0.2695 | end_to_end_stage_macro_f1=0.0000
  end_to_end_stage_class_f1=low:0.0000,mid:0.0000,high:0.0000
Epoch 1/30 | train_loss 1.5393 | union_precision 0.3636 | weighted_recall 0.0658 | consensus_recall 0.0000 | threshold 0.550
Epoch 2/30 | train_loss 1.4164 | union_precision 0.3077 | weighted_recall 0.0614 | consensus_recall 0.0000 | threshold 0.550
Epoch 3/30 | train_loss 1.3384 | union_precision 0.3462 | weighted_recall 0.1360 | consensus_recall 0.0000 | threshold 0.525
Epoch 4/30 | train_loss 1.2794 | union_precision 0.3571 | weighted_recall 0.1053 | consensus_recall 0.0000 | threshold 0.575
Epoch 5/30 | train_loss 1.2442 | union_precision 0.3333 | weighted_recall 0.1272 | consensus_recall 0.0000 | threshold 0.525
Epoch 6/30 | train_loss 1.2093 | union_precision 1.0000 | weighted_recall 0.0044 | consensus_recall 0.0000 | threshold 0.675
Epoch 7/30 | train_loss 1.1648 | union_precision 1.0000 | weighted_recall 0.0044 | consensus_recall 0.0000 | threshold 0.675
Epoch 8/30 | train_loss 1.1499 | union_precision 1.0000 | weighted_recall 0.0044 | consensus_recall 0.0000 | threshold 0.700
Epoch 9/30 | train_loss 1.1321 | union_precision 1.0000 | weighted_recall 0.0044 | consensus_recall 0.0000 | threshold 0.725
Epoch 10/30 | train_loss 1.1101 | union_precision 1.0000 | weighted_recall 0.0044 | consensus_recall 0.0000 | threshold 0.750
Epoch 11/30 | train_loss 1.0863 | union_precision 1.0000 | weighted_recall 0.0044 | consensus_recall 0.0000 | threshold 0.775
Early stopping at epoch 11
Held-out M59-2 | union_precision=1.0000 | weighted_recall=0.0044 | consensus_recall=0.0000
  oracle_stage_macro_f1=0.4061 | end_to_end_stage_macro_f1=0.0317
  end_to_end_stage_class_f1=low:0.0000,mid:0.0952,high:0.0000
Epoch 1/30 | train_loss 1.5397 | union_precision 0.3750 | weighted_recall 0.1119 | consensus_recall 0.5000 | threshold 0.525
Epoch 2/30 | train_loss 1.4241 | union_precision 0.4062 | weighted_recall 0.1322 | consensus_recall 0.5000 | threshold 0.525
Epoch 3/30 | train_loss 1.3508 | union_precision 1.0000 | weighted_recall 0.0373 | consensus_recall 0.5000 | threshold 0.700
Epoch 4/30 | train_loss 1.2916 | union_precision 1.0000 | weighted_recall 0.0373 | consensus_recall 0.5000 | threshold 0.700
Epoch 5/30 | train_loss 1.2562 | union_precision 1.0000 | weighted_recall 0.1153 | consensus_recall 0.5000 | threshold 0.675
Epoch 6/30 | train_loss 1.2203 | union_precision 1.0000 | weighted_recall 0.1153 | consensus_recall 0.5000 | threshold 0.675
Epoch 7/30 | train_loss 1.1771 | union_precision 1.0000 | weighted_recall 0.1153 | consensus_recall 0.5000 | threshold 0.675
Epoch 8/30 | train_loss 1.1585 | union_precision 1.0000 | weighted_recall 0.1153 | consensus_recall 0.5000 | threshold 0.675
Epoch 9/30 | train_loss 1.1413 | union_precision 1.0000 | weighted_recall 0.1153 | consensus_recall 0.5000 | threshold 0.700
Epoch 10/30 | train_loss 1.1211 | union_precision 1.0000 | weighted_recall 0.1153 | consensus_recall 0.5000 | threshold 0.725
Early stopping at epoch 10
Held-out M59-3 | union_precision=1.0000 | weighted_recall=0.1153 | consensus_recall=0.5000
  oracle_stage_macro_f1=0.3288 | end_to_end_stage_macro_f1=0.0000
  end_to_end_stage_class_f1=low:0.0000,mid:0.0000,high:0.0000
Epoch 1/30 | train_loss 1.5331 | union_precision 0.3143 | weighted_recall 0.1750 | consensus_recall 0.0000 | threshold 0.500
Epoch 2/30 | train_loss 1.4125 | union_precision 0.3143 | weighted_recall 0.1833 | consensus_recall 0.0000 | threshold 0.500
Epoch 3/30 | train_loss 1.3403 | union_precision 0.3714 | weighted_recall 0.1667 | consensus_recall 0.0000 | threshold 0.500
Epoch 4/30 | train_loss 1.2824 | union_precision 0.3667 | weighted_recall 0.1500 | consensus_recall 0.0000 | threshold 0.525
Epoch 5/30 | train_loss 1.2419 | union_precision 0.6667 | weighted_recall 0.0167 | consensus_recall 0.0000 | threshold 0.700
Epoch 6/30 | train_loss 1.2101 | union_precision 0.6667 | weighted_recall 0.0167 | consensus_recall 0.0000 | threshold 0.700
Epoch 7/30 | train_loss 1.1666 | union_precision 0.7500 | weighted_recall 0.0250 | consensus_recall 0.0000 | threshold 0.675
Epoch 8/30 | train_loss 1.1545 | union_precision 0.7500 | weighted_recall 0.0250 | consensus_recall 0.0000 | threshold 0.675
Epoch 9/30 | train_loss 1.1308 | union_precision 0.8000 | weighted_recall 0.0333 | consensus_recall 0.0000 | threshold 0.675
Epoch 10/30 | train_loss 1.1110 | union_precision 0.8000 | weighted_recall 0.0333 | consensus_recall 0.0000 | threshold 0.700
Epoch 11/30 | train_loss 1.0879 | union_precision 0.8000 | weighted_recall 0.0333 | consensus_recall 0.0000 | threshold 0.725
Epoch 12/30 | train_loss 1.0822 | union_precision 0.8000 | weighted_recall 0.0333 | consensus_recall 0.0000 | threshold 0.725
Epoch 13/30 | train_loss 1.0558 | union_precision 0.8000 | weighted_recall 0.0333 | consensus_recall 0.0000 | threshold 0.725
Epoch 14/30 | train_loss 1.0445 | union_precision 0.7500 | weighted_recall 0.0250 | consensus_recall 0.0000 | threshold 0.750
Early stopping at epoch 14
Held-out M63-1 | union_precision=0.8000 | weighted_recall=0.0333 | consensus_recall=0.0000
  oracle_stage_macro_f1=0.3271 | end_to_end_stage_macro_f1=0.0635
  end_to_end_stage_class_f1=low:0.0000,mid:0.1905,high:0.0000
Epoch 1/30 | train_loss 1.5323 | union_precision 0.5000 | weighted_recall 0.1667 | consensus_recall 0.0000 | threshold 0.575
Epoch 2/30 | train_loss 1.4088 | union_precision 0.4000 | weighted_recall 0.1032 | consensus_recall 0.0000 | threshold 0.600
Epoch 3/30 | train_loss 1.3365 | union_precision 0.3333 | weighted_recall 0.1905 | consensus_recall 0.0000 | threshold 0.575
Epoch 4/30 | train_loss 1.2814 | union_precision 0.4000 | weighted_recall 0.1508 | consensus_recall 0.0000 | threshold 0.600
Epoch 5/30 | train_loss 1.2412 | union_precision 0.3636 | weighted_recall 0.1508 | consensus_recall 0.0000 | threshold 0.575
Epoch 6/30 | train_loss 1.2099 | union_precision 0.5000 | weighted_recall 0.0079 | consensus_recall 0.0000 | threshold 0.675
Early stopping at epoch 6
Held-out M63-3 | union_precision=0.5000 | weighted_recall=0.1667 | consensus_recall=0.0000
  oracle_stage_macro_f1=0.2721 | end_to_end_stage_macro_f1=0.1345
  end_to_end_stage_class_f1=low:0.0000,mid:0.1176,high:0.2857
Epoch 1/30 | train_loss 1.5347 | union_precision 0.6000 | weighted_recall 0.1746 | consensus_recall 0.0000 | threshold 0.525
Epoch 2/30 | train_loss 1.4167 | union_precision 1.0000 | weighted_recall 0.0159 | consensus_recall 0.0000 | threshold 0.550
Epoch 3/30 | train_loss 1.3367 | union_precision 0.6667 | weighted_recall 0.1905 | consensus_recall 0.0000 | threshold 0.550
Epoch 4/30 | train_loss 1.2824 | union_precision 0.8000 | weighted_recall 0.3333 | consensus_recall 0.0000 | threshold 0.575
Epoch 5/30 | train_loss 1.2462 | union_precision 0.8000 | weighted_recall 0.3333 | consensus_recall 0.0000 | threshold 0.575
Epoch 6/30 | train_loss 1.2147 | union_precision 1.0000 | weighted_recall 0.3333 | consensus_recall 0.0000 | threshold 0.575
Epoch 7/30 | train_loss 1.1741 | union_precision 1.0000 | weighted_recall 0.3333 | consensus_recall 0.0000 | threshold 0.575
Epoch 8/30 | train_loss 1.1557 | union_precision 1.0000 | weighted_recall 0.3333 | consensus_recall 0.0000 | threshold 0.575
Epoch 9/30 | train_loss 1.1376 | union_precision 1.0000 | weighted_recall 0.3333 | consensus_recall 0.0000 | threshold 0.600
Epoch 10/30 | train_loss 1.1167 | union_precision 1.0000 | weighted_recall 0.3492 | consensus_recall 0.0000 | threshold 0.600
Epoch 11/30 | train_loss 1.0915 | union_precision 1.0000 | weighted_recall 0.3492 | consensus_recall 0.0000 | threshold 0.625
Epoch 12/30 | train_loss 1.0858 | union_precision 1.0000 | weighted_recall 0.3492 | consensus_recall 0.0000 | threshold 0.650
Epoch 13/30 | train_loss 1.0616 | union_precision 1.0000 | weighted_recall 0.3968 | consensus_recall 0.0000 | threshold 0.650
Epoch 14/30 | train_loss 1.0491 | union_precision 1.0000 | weighted_recall 0.3175 | consensus_recall 0.0000 | threshold 0.675
Epoch 15/30 | train_loss 1.0273 | union_precision 1.0000 | weighted_recall 0.3333 | consensus_recall 0.0000 | threshold 0.675
Epoch 16/30 | train_loss 1.0130 | union_precision 1.0000 | weighted_recall 0.1905 | consensus_recall 0.0000 | threshold 0.700
Epoch 17/30 | train_loss 1.0063 | union_precision 1.0000 | weighted_recall 0.1746 | consensus_recall 0.0000 | threshold 0.725
Epoch 18/30 | train_loss 0.9811 | union_precision 1.0000 | weighted_recall 0.1746 | consensus_recall 0.0000 | threshold 0.750
Epoch 19/30 | train_loss 0.9915 | union_precision 1.0000 | weighted_recall 0.1746 | consensus_recall 0.0000 | threshold 0.775
Epoch 20/30 | train_loss 0.9586 | union_precision 1.0000 | weighted_recall 0.1270 | consensus_recall 0.0000 | threshold 0.800
Early stopping at epoch 20
Held-out M67-1 | union_precision=1.0000 | weighted_recall=0.3333 | consensus_recall=0.0000
  oracle_stage_macro_f1=0.5759 | end_to_end_stage_macro_f1=0.1905
  end_to_end_stage_class_f1=low:0.0000,mid:0.5714,high:0.0000
Epoch 1/30 | train_loss 1.5337 | union_precision 0.5455 | weighted_recall 0.2034 | consensus_recall 0.0000 | threshold 0.500
Epoch 2/30 | train_loss 1.4148 | union_precision 0.5000 | weighted_recall 0.1864 | consensus_recall 0.0000 | threshold 0.525
Epoch 3/30 | train_loss 1.3329 | union_precision 0.5000 | weighted_recall 0.1864 | consensus_recall 0.0000 | threshold 0.550
Epoch 4/30 | train_loss 1.2794 | union_precision 0.5000 | weighted_recall 0.1864 | consensus_recall 0.0000 | threshold 0.550
Epoch 5/30 | train_loss 1.2413 | union_precision 0.5833 | weighted_recall 0.2542 | consensus_recall 0.0000 | threshold 0.550
Epoch 6/30 | train_loss 1.2124 | union_precision 0.5833 | weighted_recall 0.2542 | consensus_recall 0.0000 | threshold 0.525
Epoch 7/30 | train_loss 1.1713 | union_precision 0.6364 | weighted_recall 0.2542 | consensus_recall 0.0000 | threshold 0.525
Epoch 8/30 | train_loss 1.1524 | union_precision 0.6250 | weighted_recall 0.2203 | consensus_recall 0.0000 | threshold 0.575
Epoch 9/30 | train_loss 1.1348 | union_precision 0.6667 | weighted_recall 0.0847 | consensus_recall 0.0000 | threshold 0.600
Epoch 10/30 | train_loss 1.1134 | union_precision 1.0000 | weighted_recall 0.0339 | consensus_recall 0.0000 | threshold 0.675
Epoch 11/30 | train_loss 1.0862 | union_precision 0.8000 | weighted_recall 0.1525 | consensus_recall 0.0000 | threshold 0.625
Epoch 12/30 | train_loss 1.0818 | union_precision 0.8000 | weighted_recall 0.1525 | consensus_recall 0.0000 | threshold 0.625
Epoch 13/30 | train_loss 1.0565 | union_precision 1.0000 | weighted_recall 0.0508 | consensus_recall 0.0000 | threshold 0.700
Epoch 14/30 | train_loss 1.0445 | union_precision 1.0000 | weighted_recall 0.1017 | consensus_recall 0.0000 | threshold 0.700
Epoch 15/30 | train_loss 1.0228 | union_precision 1.0000 | weighted_recall 0.0508 | consensus_recall 0.0000 | threshold 0.700
Epoch 16/30 | train_loss 1.0076 | union_precision 1.0000 | weighted_recall 0.1017 | consensus_recall 0.0000 | threshold 0.700
Epoch 17/30 | train_loss 1.0024 | union_precision 1.0000 | weighted_recall 0.0508 | consensus_recall 0.0000 | threshold 0.725
Epoch 18/30 | train_loss 0.9774 | union_precision 1.0000 | weighted_recall 0.0508 | consensus_recall 0.0000 | threshold 0.725
Epoch 19/30 | train_loss 0.9860 | union_precision 1.0000 | weighted_recall 0.1017 | consensus_recall 0.0000 | threshold 0.725
Early stopping at epoch 19
Held-out M67-2 | union_precision=1.0000 | weighted_recall=0.1017 | consensus_recall=0.0000
  oracle_stage_macro_f1=0.2055 | end_to_end_stage_macro_f1=0.0000
  end_to_end_stage_class_f1=low:0.0000,mid:0.0000,high:0.0000
Epoch 1/30 | train_loss 1.5330 | union_precision 1.0000 | weighted_recall 0.0149 | consensus_recall 0.0000 | threshold 0.600
Epoch 2/30 | train_loss 1.4150 | union_precision 0.7143 | weighted_recall 0.3433 | consensus_recall 0.0000 | threshold 0.575
Epoch 3/30 | train_loss 1.3348 | union_precision 0.7143 | weighted_recall 0.3433 | consensus_recall 0.0000 | threshold 0.575
Epoch 4/30 | train_loss 1.2793 | union_precision 1.0000 | weighted_recall 0.0149 | consensus_recall 0.0000 | threshold 0.650
Epoch 5/30 | train_loss 1.2427 | union_precision 1.0000 | weighted_recall 0.0149 | consensus_recall 0.0000 | threshold 0.650
Epoch 6/30 | train_loss 1.2137 | union_precision 1.0000 | weighted_recall 0.0149 | consensus_recall 0.0000 | threshold 0.650
Early stopping at epoch 6
Held-out M67-3 | union_precision=1.0000 | weighted_recall=0.0149 | consensus_recall=0.0000
  oracle_stage_macro_f1=0.4522 | end_to_end_stage_macro_f1=0.0667
  end_to_end_stage_class_f1=low:0.0000,mid:0.2000,high:0.0000
Epoch 1/30 | train_loss 1.5315 | union_precision 1.0000 | weighted_recall 0.0191 | consensus_recall 0.0000 | threshold 0.700
Epoch 2/30 | train_loss 1.4174 | union_precision 0.5000 | weighted_recall 0.0510 | consensus_recall 0.0000 | threshold 0.700
Epoch 3/30 | train_loss 1.3322 | union_precision 0.6667 | weighted_recall 0.0510 | consensus_recall 0.0000 | threshold 0.725
Epoch 4/30 | train_loss 1.2782 | union_precision 0.6667 | weighted_recall 0.0510 | consensus_recall 0.0000 | threshold 0.725
Epoch 5/30 | train_loss 1.2416 | union_precision 1.0000 | weighted_recall 0.0191 | consensus_recall 0.0000 | threshold 0.725
Epoch 6/30 | train_loss 1.2111 | union_precision 1.0000 | weighted_recall 0.0191 | consensus_recall 0.0000 | threshold 0.725
Early stopping at epoch 6
Held-out M67-4 | union_precision=1.0000 | weighted_recall=0.0191 | consensus_recall=0.0000
  oracle_stage_macro_f1=0.5089 | end_to_end_stage_macro_f1=0.0247
  end_to_end_stage_class_f1=low:0.0000,mid:0.0741,high:0.0000
Epoch 1/30 | train_loss 1.5317 | union_precision 0.5000 | weighted_recall 0.0313 | consensus_recall 0.0000 | threshold 0.550
Epoch 2/30 | train_loss 1.4146 | union_precision 1.0000 | weighted_recall 0.0313 | consensus_recall 0.0000 | threshold 0.575
Epoch 3/30 | train_loss 1.3273 | union_precision 1.0000 | weighted_recall 0.0313 | consensus_recall 0.0000 | threshold 0.600
Epoch 4/30 | train_loss 1.2729 | union_precision 1.0000 | weighted_recall 0.0313 | consensus_recall 0.0000 | threshold 0.600
Epoch 5/30 | train_loss 1.2401 | union_precision 1.0000 | weighted_recall 0.0313 | consensus_recall 0.0000 | threshold 0.600
Epoch 6/30 | train_loss 1.2064 | union_precision 1.0000 | weighted_recall 0.0313 | consensus_recall 0.0000 | threshold 0.625
Epoch 7/30 | train_loss 1.1651 | union_precision 1.0000 | weighted_recall 0.0313 | consensus_recall 0.0000 | threshold 0.625
Early stopping at epoch 7
Held-out M68-1 | union_precision=1.0000 | weighted_recall=0.0313 | consensus_recall=0.0000
  oracle_stage_macro_f1=0.2550 | end_to_end_stage_macro_f1=0.0000
  end_to_end_stage_class_f1=low:0.0000,mid:0.0000,high:0.0000
Epoch 1/30 | train_loss 1.5294 | union_precision 0.6000 | weighted_recall 0.2222 | consensus_recall 0.0000 | threshold 0.525
Epoch 2/30 | train_loss 1.4191 | union_precision 0.5556 | weighted_recall 0.1966 | consensus_recall 0.0000 | threshold 0.550
Epoch 3/30 | train_loss 1.3335 | union_precision 0.5833 | weighted_recall 0.2479 | consensus_recall 0.0000 | threshold 0.550
Epoch 4/30 | train_loss 1.2770 | union_precision 0.5333 | weighted_recall 0.2564 | consensus_recall 0.0000 | threshold 0.550
Epoch 5/30 | train_loss 1.2464 | union_precision 0.5455 | weighted_recall 0.2222 | consensus_recall 0.0000 | threshold 0.575
Epoch 6/30 | train_loss 1.2131 | union_precision 0.4444 | weighted_recall 0.1709 | consensus_recall 0.0000 | threshold 0.575
Early stopping at epoch 6
Held-out M68-2 | union_precision=0.6000 | weighted_recall=0.2222 | consensus_recall=0.0000
  oracle_stage_macro_f1=0.2102 | end_to_end_stage_macro_f1=0.0667
  end_to_end_stage_class_f1=low:0.0000,mid:0.0000,high:0.2000
Epoch 1/30 | train_loss 1.5309 | union_precision 0.5000 | weighted_recall 0.0156 | consensus_recall 0.0000 | threshold 0.600
Epoch 2/30 | train_loss 1.4199 | union_precision 0.2500 | weighted_recall 0.3281 | consensus_recall 0.0000 | threshold 0.500
Epoch 3/30 | train_loss 1.3370 | union_precision 0.2941 | weighted_recall 0.6406 | consensus_recall 0.0000 | threshold 0.475
Epoch 4/30 | train_loss 1.2777 | union_precision 0.4375 | weighted_recall 0.7500 | consensus_recall 0.0000 | threshold 0.600
Epoch 5/30 | train_loss 1.2469 | union_precision 0.4375 | weighted_recall 0.7500 | consensus_recall 0.0000 | threshold 0.550
Epoch 6/30 | train_loss 1.2147 | union_precision 0.4375 | weighted_recall 0.7500 | consensus_recall 0.0000 | threshold 0.500
Early stopping at epoch 6
Held-out M68-3 | union_precision=0.5000 | weighted_recall=0.0156 | consensus_recall=0.0000
  oracle_stage_macro_f1=0.3556 | end_to_end_stage_macro_f1=0.0000
  end_to_end_stage_class_f1=low:0.0000,mid:0.0000,high:0.0000
Epoch 1/30 | train_loss 1.5589 | union_precision 0.4545 | weighted_recall 0.2331 | consensus_recall 0.0000 | threshold 0.500
Epoch 2/30 | train_loss 1.4101 | union_precision 0.6154 | weighted_recall 0.1656 | consensus_recall 0.0000 | threshold 0.500
Epoch 3/30 | train_loss 1.3401 | union_precision 0.8182 | weighted_recall 0.1902 | consensus_recall 0.0000 | threshold 0.500
Epoch 4/30 | train_loss 1.2973 | union_precision 0.8182 | weighted_recall 0.1902 | consensus_recall 0.0000 | threshold 0.500
Epoch 5/30 | train_loss 1.2431 | union_precision 0.8000 | weighted_recall 0.1779 | consensus_recall 0.0000 | threshold 0.500
Epoch 6/30 | train_loss 1.1991 | union_precision 1.0000 | weighted_recall 0.0368 | consensus_recall 0.0000 | threshold 0.575
Epoch 7/30 | train_loss 1.1675 | union_precision 0.6667 | weighted_recall 0.2945 | consensus_recall 0.0000 | threshold 0.500
Epoch 8/30 | train_loss 1.1559 | union_precision 1.0000 | weighted_recall 0.0368 | consensus_recall 0.0000 | threshold 0.600
Epoch 9/30 | train_loss 1.1261 | union_precision 1.0000 | weighted_recall 0.0368 | consensus_recall 0.0000 | threshold 0.625
Epoch 10/30 | train_loss 1.1219 | union_precision 0.6667 | weighted_recall 0.2209 | consensus_recall 0.0000 | threshold 0.575
Epoch 11/30 | train_loss 1.0935 | union_precision 0.8000 | weighted_recall 0.2209 | consensus_recall 0.0000 | threshold 0.650
Early stopping at epoch 11
Held-out M07-1 | union_precision=1.0000 | weighted_recall=0.0368 | consensus_recall=0.0000
  oracle_stage_macro_f1=0.2315 | end_to_end_stage_macro_f1=0.0741
  end_to_end_stage_class_f1=low:0.0000,mid:0.2222,high:0.0000
Epoch 1/30 | train_loss 1.5681 | union_precision 0.5714 | weighted_recall 0.0782 | consensus_recall 0.0000 | threshold 0.675
Epoch 2/30 | train_loss 1.4067 | union_precision 0.3636 | weighted_recall 0.0782 | consensus_recall 0.0000 | threshold 0.650
Epoch 3/30 | train_loss 1.3449 | union_precision 0.3636 | weighted_recall 0.0782 | consensus_recall 0.0000 | threshold 0.675
Epoch 4/30 | train_loss 1.2976 | union_precision 0.4444 | weighted_recall 0.0782 | consensus_recall 0.0000 | threshold 0.700
Epoch 5/30 | train_loss 1.2432 | union_precision 0.4444 | weighted_recall 0.0782 | consensus_recall 0.0000 | threshold 0.700
Epoch 6/30 | train_loss 1.1978 | union_precision 0.5000 | weighted_recall 0.0335 | consensus_recall 0.0000 | threshold 0.725
Early stopping at epoch 6
Held-out M07-2 | union_precision=0.5714 | weighted_recall=0.0782 | consensus_recall=0.0000
  oracle_stage_macro_f1=0.4237 | end_to_end_stage_macro_f1=0.0317
  end_to_end_stage_class_f1=low:0.0000,mid:0.0000,high:0.0952
Epoch 1/30 | train_loss 1.5703 | union_precision 0.5000 | weighted_recall 0.0323 | consensus_recall 0.0000 | threshold 0.650
Epoch 2/30 | train_loss 1.4046 | union_precision 0.3333 | weighted_recall 0.0323 | consensus_recall 0.0000 | threshold 0.650
Epoch 3/30 | train_loss 1.3349 | union_precision 1.0000 | weighted_recall 0.0323 | consensus_recall 0.0000 | threshold 0.700
Epoch 4/30 | train_loss 1.2901 | union_precision 0.4000 | weighted_recall 0.1806 | consensus_recall 0.0000 | threshold 0.550
Epoch 5/30 | train_loss 1.2343 | union_precision 1.0000 | weighted_recall 0.0323 | consensus_recall 0.0000 | threshold 0.700
Epoch 6/30 | train_loss 1.1907 | union_precision 0.5000 | weighted_recall 0.0323 | consensus_recall 0.0000 | threshold 0.675
Epoch 7/30 | train_loss 1.1649 | union_precision 1.0000 | weighted_recall 0.0323 | consensus_recall 0.0000 | threshold 0.675
Epoch 8/30 | train_loss 1.1454 | union_precision 1.0000 | weighted_recall 0.0323 | consensus_recall 0.0000 | threshold 0.700
Epoch 9/30 | train_loss 1.1157 | union_precision 1.0000 | weighted_recall 0.0323 | consensus_recall 0.0000 | threshold 0.725
Epoch 10/30 | train_loss 1.1110 | union_precision 1.0000 | weighted_recall 0.0323 | consensus_recall 0.0000 | threshold 0.750
Epoch 11/30 | train_loss 1.0842 | union_precision 0.6000 | weighted_recall 0.0839 | consensus_recall 0.0000 | threshold 0.750
Epoch 12/30 | train_loss 1.0730 | union_precision 0.6000 | weighted_recall 0.0839 | consensus_recall 0.0000 | threshold 0.750
Early stopping at epoch 12
Held-out M07-3 | union_precision=1.0000 | weighted_recall=0.0323 | consensus_recall=0.0000
  oracle_stage_macro_f1=0.3548 | end_to_end_stage_macro_f1=0.0606
  end_to_end_stage_class_f1=low:0.0000,mid:0.1818,high:0.0000
Epoch 1/30 | train_loss 1.5586 | union_precision 0.4545 | weighted_recall 0.1193 | consensus_recall 0.0000 | threshold 0.475
Epoch 2/30 | train_loss 1.4095 | union_precision 0.4286 | weighted_recall 0.1193 | consensus_recall 0.0000 | threshold 0.050
Epoch 3/30 | train_loss 1.3320 | union_precision 0.5714 | weighted_recall 0.1080 | consensus_recall 0.0000 | threshold 0.525
Epoch 4/30 | train_loss 1.2940 | union_precision 0.7500 | weighted_recall 0.1023 | consensus_recall 0.0000 | threshold 0.550
Epoch 5/30 | train_loss 1.2488 | union_precision 0.6667 | weighted_recall 0.0568 | consensus_recall 0.0000 | threshold 0.575
Epoch 6/30 | train_loss 1.1973 | union_precision 0.7500 | weighted_recall 0.1023 | consensus_recall 0.0000 | threshold 0.575
Epoch 7/30 | train_loss 1.1715 | union_precision 1.0000 | weighted_recall 0.0398 | consensus_recall 0.0000 | threshold 0.600
Epoch 8/30 | train_loss 1.1571 | union_precision 1.0000 | weighted_recall 0.0398 | consensus_recall 0.0000 | threshold 0.625
Epoch 9/30 | train_loss 1.1252 | union_precision 1.0000 | weighted_recall 0.0398 | consensus_recall 0.0000 | threshold 0.650
Epoch 10/30 | train_loss 1.1163 | union_precision 1.0000 | weighted_recall 0.0398 | consensus_recall 0.0000 | threshold 0.675
Epoch 11/30 | train_loss 1.0885 | union_precision 1.0000 | weighted_recall 0.0398 | consensus_recall 0.0000 | threshold 0.700
Epoch 12/30 | train_loss 1.0828 | union_precision 1.0000 | weighted_recall 0.0398 | consensus_recall 0.0000 | threshold 0.725
Early stopping at epoch 12
Held-out M17-1 | union_precision=1.0000 | weighted_recall=0.0398 | consensus_recall=0.0000
  oracle_stage_macro_f1=0.4349 | end_to_end_stage_macro_f1=0.0392
  end_to_end_stage_class_f1=low:0.0000,mid:0.1176,high:0.0000
Epoch 1/30 | train_loss 1.5579 | union_precision 1.0000 | weighted_recall 0.0682 | consensus_recall 0.0000 | threshold 0.600
Epoch 2/30 | train_loss 1.4067 | union_precision 1.0000 | weighted_recall 0.0455 | consensus_recall 0.0000 | threshold 0.625
Epoch 3/30 | train_loss 1.3324 | union_precision 1.0000 | weighted_recall 0.0455 | consensus_recall 0.0000 | threshold 0.650
Epoch 4/30 | train_loss 1.2941 | union_precision 1.0000 | weighted_recall 0.0455 | consensus_recall 0.0000 | threshold 0.650
Epoch 5/30 | train_loss 1.2475 | union_precision 1.0000 | weighted_recall 0.0455 | consensus_recall 0.0000 | threshold 0.650
Epoch 6/30 | train_loss 1.1978 | union_precision 1.0000 | weighted_recall 0.0455 | consensus_recall 0.0000 | threshold 0.650
Early stopping at epoch 6
Held-out M17-2 | union_precision=1.0000 | weighted_recall=0.0682 | consensus_recall=0.0000
  oracle_stage_macro_f1=0.2607 | end_to_end_stage_macro_f1=0.0444
  end_to_end_stage_class_f1=low:0.0000,mid:0.1333,high:0.0000
Epoch 1/30 | train_loss 1.5591 | union_precision 0.3478 | weighted_recall 0.1221 | consensus_recall 0.0000 | threshold 0.575
Epoch 2/30 | train_loss 1.4025 | union_precision 0.2857 | weighted_recall 0.0704 | consensus_recall 0.0000 | threshold 0.600
Epoch 3/30 | train_loss 1.3358 | union_precision 0.2542 | weighted_recall 0.2160 | consensus_recall 0.0000 | threshold 0.050
Epoch 4/30 | train_loss 1.2935 | union_precision 0.2439 | weighted_recall 0.1737 | consensus_recall 0.0000 | threshold 0.525
Epoch 5/30 | train_loss 1.2473 | union_precision 0.2400 | weighted_recall 0.2254 | consensus_recall 0.0000 | threshold 0.500
Epoch 6/30 | train_loss 1.1954 | union_precision 0.2667 | weighted_recall 0.0751 | consensus_recall 0.0000 | threshold 0.625
Early stopping at epoch 6
Held-out M17-3 | union_precision=0.3478 | weighted_recall=0.1221 | consensus_recall=0.0000
  oracle_stage_macro_f1=0.4568 | end_to_end_stage_macro_f1=0.0901
  end_to_end_stage_class_f1=low:0.0000,mid:0.2703,high:0.0000
Epoch 1/30 | train_loss 1.5594 | union_precision 1.0000 | weighted_recall 0.0096 | consensus_recall 0.0000 | threshold 0.650
Epoch 2/30 | train_loss 1.3997 | union_precision 1.0000 | weighted_recall 0.0096 | consensus_recall 0.0000 | threshold 0.675
Epoch 3/30 | train_loss 1.3349 | union_precision 1.0000 | weighted_recall 0.0127 | consensus_recall 0.0000 | threshold 0.700
Epoch 4/30 | train_loss 1.2906 | union_precision 0.6667 | weighted_recall 0.0541 | consensus_recall 0.0000 | threshold 0.600
Epoch 5/30 | train_loss 1.2458 | union_precision 1.0000 | weighted_recall 0.0096 | consensus_recall 0.0000 | threshold 0.725
Epoch 6/30 | train_loss 1.1957 | union_precision 1.0000 | weighted_recall 0.0096 | consensus_recall 0.0000 | threshold 0.725
Epoch 7/30 | train_loss 1.1600 | union_precision 1.0000 | weighted_recall 0.0096 | consensus_recall 0.0000 | threshold 0.725
Epoch 8/30 | train_loss 1.1495 | union_precision 1.0000 | weighted_recall 0.0096 | consensus_recall 0.0000 | threshold 0.725
Early stopping at epoch 8
Held-out M17-4 | union_precision=1.0000 | weighted_recall=0.0127 | consensus_recall=0.0000
  oracle_stage_macro_f1=0.2351 | end_to_end_stage_macro_f1=0.0139
  end_to_end_stage_class_f1=low:0.0417,mid:0.0000,high:0.0000
Epoch 1/30 | train_loss 1.5557 | union_precision 0.5000 | weighted_recall 0.0375 | consensus_recall 0.0000 | threshold 0.625
Epoch 2/30 | train_loss 1.4010 | union_precision 1.0000 | weighted_recall 0.0250 | consensus_recall 0.0000 | threshold 0.675
Epoch 3/30 | train_loss 1.3366 | union_precision 0.5714 | weighted_recall 0.1000 | consensus_recall 0.0000 | threshold 0.650
Epoch 4/30 | train_loss 1.2952 | union_precision 0.5714 | weighted_recall 0.1000 | consensus_recall 0.0000 | threshold 0.650
Epoch 5/30 | train_loss 1.2507 | union_precision 0.6667 | weighted_recall 0.0375 | consensus_recall 0.0000 | threshold 0.675
Epoch 6/30 | train_loss 1.1993 | union_precision 0.5000 | weighted_recall 0.1000 | consensus_recall 0.0000 | threshold 0.625
Epoch 7/30 | train_loss 1.1670 | union_precision 0.5000 | weighted_recall 0.0500 | consensus_recall 0.0000 | threshold 0.625
Early stopping at epoch 7
Held-out M24-1 | union_precision=1.0000 | weighted_recall=0.0250 | consensus_recall=0.0000
  oracle_stage_macro_f1=0.2993 | end_to_end_stage_macro_f1=0.0000
  end_to_end_stage_class_f1=low:0.0000,mid:0.0000,high:0.0000
Epoch 1/30 | train_loss 1.5551 | union_precision 0.2558 | weighted_recall 0.2222 | consensus_recall 0.0000 | threshold 0.050
Epoch 2/30 | train_loss 1.3999 | union_precision 0.2143 | weighted_recall 0.1667 | consensus_recall 0.0000 | threshold 0.400
Epoch 3/30 | train_loss 1.3368 | union_precision 0.2500 | weighted_recall 0.1717 | consensus_recall 1.0000 | threshold 0.350
Epoch 4/30 | train_loss 1.2956 | union_precision 0.2381 | weighted_recall 0.1616 | consensus_recall 1.0000 | threshold 0.425
Epoch 5/30 | train_loss 1.2512 | union_precision 0.2564 | weighted_recall 0.1616 | consensus_recall 1.0000 | threshold 0.425
Epoch 6/30 | train_loss 1.1993 | union_precision 0.2564 | weighted_recall 0.1515 | consensus_recall 1.0000 | threshold 0.425
Epoch 7/30 | train_loss 1.1665 | union_precision 0.2791 | weighted_recall 0.2273 | consensus_recall 1.0000 | threshold 0.375
Epoch 8/30 | train_loss 1.1548 | union_precision 0.2564 | weighted_recall 0.1717 | consensus_recall 1.0000 | threshold 0.425
Epoch 9/30 | train_loss 1.1228 | union_precision 0.3256 | weighted_recall 0.2071 | consensus_recall 1.0000 | threshold 0.400
Epoch 10/30 | train_loss 1.1122 | union_precision 0.3061 | weighted_recall 0.2121 | consensus_recall 1.0000 | threshold 0.350
Epoch 11/30 | train_loss 1.0854 | union_precision 0.3095 | weighted_recall 0.2020 | consensus_recall 1.0000 | threshold 0.425
Epoch 12/30 | train_loss 1.0865 | union_precision 0.2857 | weighted_recall 0.1869 | consensus_recall 0.0000 | threshold 0.375
Epoch 13/30 | train_loss 1.0616 | union_precision 0.3095 | weighted_recall 0.1869 | consensus_recall 0.0000 | threshold 0.375
Epoch 14/30 | train_loss 1.0460 | union_precision 0.3023 | weighted_recall 0.1869 | consensus_recall 0.0000 | threshold 0.300
Early stopping at epoch 14
Held-out M24-2 | union_precision=0.3256 | weighted_recall=0.2071 | consensus_recall=1.0000
  oracle_stage_macro_f1=0.2479 | end_to_end_stage_macro_f1=0.1026
  end_to_end_stage_class_f1=low:0.3077,mid:0.0000,high:0.0000
Epoch 1/30 | train_loss 1.5538 | union_precision 1.0000 | weighted_recall 0.0385 | consensus_recall 0.0000 | threshold 0.625
Epoch 2/30 | train_loss 1.3998 | union_precision 1.0000 | weighted_recall 0.0385 | consensus_recall 0.0000 | threshold 0.650
Epoch 3/30 | train_loss 1.3411 | union_precision 1.0000 | weighted_recall 0.0577 | consensus_recall 0.0000 | threshold 0.650
Epoch 4/30 | train_loss 1.2948 | union_precision 1.0000 | weighted_recall 0.0577 | consensus_recall 0.0000 | threshold 0.650
Epoch 5/30 | train_loss 1.2553 | union_precision 1.0000 | weighted_recall 0.0577 | consensus_recall 0.0000 | threshold 0.650
Epoch 6/30 | train_loss 1.2014 | union_precision 1.0000 | weighted_recall 0.0577 | consensus_recall 0.0000 | threshold 0.625
Epoch 7/30 | train_loss 1.1689 | union_precision 1.0000 | weighted_recall 0.0192 | consensus_recall 0.0000 | threshold 0.675
Epoch 8/30 | train_loss 1.1548 | union_precision 1.0000 | weighted_recall 0.0192 | consensus_recall 0.0000 | threshold 0.700
Epoch 9/30 | train_loss 1.1260 | union_precision 1.0000 | weighted_recall 0.0192 | consensus_recall 0.0000 | threshold 0.725
Early stopping at epoch 9
Held-out M24-3 | union_precision=1.0000 | weighted_recall=0.0577 | consensus_recall=0.0000
  oracle_stage_macro_f1=0.3311 | end_to_end_stage_macro_f1=0.2222
  end_to_end_stage_class_f1=low:0.0000,mid:0.0000,high:0.6667
Epoch 1/30 | train_loss 1.5590 | union_precision 0.5263 | weighted_recall 0.1311 | consensus_recall 0.0000 | threshold 0.525
Epoch 2/30 | train_loss 1.4048 | union_precision 0.3636 | weighted_recall 0.0640 | consensus_recall 0.0000 | threshold 0.550
Epoch 3/30 | train_loss 1.3454 | union_precision 0.3750 | weighted_recall 0.0457 | consensus_recall 0.0000 | threshold 0.575
Epoch 4/30 | train_loss 1.2963 | union_precision 0.3182 | weighted_recall 0.1189 | consensus_recall 0.0000 | threshold 0.550
Epoch 5/30 | train_loss 1.2510 | union_precision 0.5000 | weighted_recall 0.0488 | consensus_recall 0.0000 | threshold 0.600
Epoch 6/30 | train_loss 1.1991 | union_precision 0.6000 | weighted_recall 0.0488 | consensus_recall 0.0000 | threshold 0.600
Epoch 7/30 | train_loss 1.1717 | union_precision 0.6667 | weighted_recall 0.0091 | consensus_recall 0.0000 | threshold 0.625
Epoch 8/30 | train_loss 1.1519 | union_precision 0.6667 | weighted_recall 0.0091 | consensus_recall 0.0000 | threshold 0.650
Epoch 9/30 | train_loss 1.1277 | union_precision 0.7500 | weighted_recall 0.0488 | consensus_recall 0.0000 | threshold 0.650
Epoch 10/30 | train_loss 1.1134 | union_precision 0.6000 | weighted_recall 0.0488 | consensus_recall 0.0000 | threshold 0.675
Epoch 11/30 | train_loss 1.0876 | union_precision 1.0000 | weighted_recall 0.0061 | consensus_recall 0.0000 | threshold 0.725
Epoch 12/30 | train_loss 1.0914 | union_precision 1.0000 | weighted_recall 0.0061 | consensus_recall 0.0000 | threshold 0.750
Epoch 13/30 | train_loss 1.0662 | union_precision 1.0000 | weighted_recall 0.0579 | consensus_recall 0.0000 | threshold 0.750
Epoch 14/30 | train_loss 1.0490 | union_precision 1.0000 | weighted_recall 0.0884 | consensus_recall 0.0000 | threshold 0.750
Epoch 15/30 | train_loss 1.0311 | union_precision 1.0000 | weighted_recall 0.0671 | consensus_recall 0.0000 | threshold 0.775
Epoch 16/30 | train_loss 1.0212 | union_precision 1.0000 | weighted_recall 0.0945 | consensus_recall 0.0000 | threshold 0.775
Epoch 17/30 | train_loss 1.0006 | union_precision 1.0000 | weighted_recall 0.0945 | consensus_recall 0.0000 | threshold 0.800
Epoch 18/30 | train_loss 0.9783 | union_precision 1.0000 | weighted_recall 0.0945 | consensus_recall 0.0000 | threshold 0.800
Epoch 19/30 | train_loss 0.9760 | union_precision 1.0000 | weighted_recall 0.0945 | consensus_recall 0.0000 | threshold 0.825
Epoch 20/30 | train_loss 0.9608 | union_precision 1.0000 | weighted_recall 0.0274 | consensus_recall 0.0000 | threshold 0.850
Epoch 21/30 | train_loss 0.9534 | union_precision 1.0000 | weighted_recall 0.0213 | consensus_recall 0.0000 | threshold 0.875
Early stopping at epoch 21
Held-out M24-4 | union_precision=1.0000 | weighted_recall=0.0945 | consensus_recall=0.0000
  oracle_stage_macro_f1=0.4716 | end_to_end_stage_macro_f1=0.0541
  end_to_end_stage_class_f1=low:0.0000,mid:0.1622,high:0.0000
Epoch 1/30 | train_loss 1.5543 | union_precision 0.5000 | weighted_recall 0.1045 | consensus_recall 0.0000 | threshold 0.625
Epoch 2/30 | train_loss 1.3989 | union_precision 0.3333 | weighted_recall 0.1045 | consensus_recall 0.0000 | threshold 0.650
Epoch 3/30 | train_loss 1.3419 | union_precision 0.3333 | weighted_recall 0.0448 | consensus_recall 0.0000 | threshold 0.650
Epoch 4/30 | train_loss 1.2964 | union_precision 0.3333 | weighted_recall 0.2687 | consensus_recall 0.0000 | threshold 0.650
Epoch 5/30 | train_loss 1.2523 | union_precision 0.5000 | weighted_recall 0.2687 | consensus_recall 0.0000 | threshold 0.675
Epoch 6/30 | train_loss 1.2014 | union_precision 1.0000 | weighted_recall 0.2687 | consensus_recall 0.0000 | threshold 0.675
Epoch 7/30 | train_loss 1.1712 | union_precision 1.0000 | weighted_recall 0.2687 | consensus_recall 0.0000 | threshold 0.650
Epoch 8/30 | train_loss 1.1496 | union_precision 1.0000 | weighted_recall 0.2687 | consensus_recall 0.0000 | threshold 0.650
Epoch 9/30 | train_loss 1.1302 | union_precision 1.0000 | weighted_recall 0.2687 | consensus_recall 0.0000 | threshold 0.650
Epoch 10/30 | train_loss 1.1134 | union_precision 1.0000 | weighted_recall 0.2687 | consensus_recall 0.0000 | threshold 0.650
Epoch 11/30 | train_loss 1.0878 | union_precision 1.0000 | weighted_recall 0.2687 | consensus_recall 0.0000 | threshold 0.675
Early stopping at epoch 11
Held-out M30-1 | union_precision=1.0000 | weighted_recall=0.2687 | consensus_recall=0.0000
  oracle_stage_macro_f1=0.3443 | end_to_end_stage_macro_f1=0.1333
  end_to_end_stage_class_f1=low:0.0000,mid:0.0000,high:0.4000
Epoch 1/30 | train_loss 1.5547 | union_precision 0.5000 | weighted_recall 0.2073 | consensus_recall 0.0000 | threshold 0.550
Epoch 2/30 | train_loss 1.3987 | union_precision 1.0000 | weighted_recall 0.1098 | consensus_recall 0.0000 | threshold 0.600
Epoch 3/30 | train_loss 1.3422 | union_precision 1.0000 | weighted_recall 0.2073 | consensus_recall 0.0000 | threshold 0.600
Epoch 4/30 | train_loss 1.2953 | union_precision 1.0000 | weighted_recall 0.2073 | consensus_recall 0.0000 | threshold 0.600
Epoch 5/30 | train_loss 1.2527 | union_precision 1.0000 | weighted_recall 0.2073 | consensus_recall 0.0000 | threshold 0.600
Epoch 6/30 | train_loss 1.1992 | union_precision 1.0000 | weighted_recall 0.3171 | consensus_recall 0.0000 | threshold 0.575
Epoch 7/30 | train_loss 1.1693 | union_precision 1.0000 | weighted_recall 0.2073 | consensus_recall 0.0000 | threshold 0.625
Epoch 8/30 | train_loss 1.1487 | union_precision 1.0000 | weighted_recall 0.2073 | consensus_recall 0.0000 | threshold 0.650
Epoch 9/30 | train_loss 1.1293 | union_precision 1.0000 | weighted_recall 0.2073 | consensus_recall 0.0000 | threshold 0.675
Epoch 10/30 | train_loss 1.1130 | union_precision 1.0000 | weighted_recall 0.0976 | consensus_recall 0.0000 | threshold 0.700
Epoch 11/30 | train_loss 1.0863 | union_precision 1.0000 | weighted_recall 0.0976 | consensus_recall 0.0000 | threshold 0.725
Early stopping at epoch 11
Held-out M30-2 | union_precision=1.0000 | weighted_recall=0.3171 | consensus_recall=0.0000
  oracle_stage_macro_f1=0.4242 | end_to_end_stage_macro_f1=0.0784
  end_to_end_stage_class_f1=low:0.0000,mid:0.2353,high:0.0000
Epoch 1/30 | train_loss 1.5569 | union_precision 0.4231 | weighted_recall 0.1916 | consensus_recall 0.0000 | threshold 0.550
Epoch 2/30 | train_loss 1.3993 | union_precision 0.4615 | weighted_recall 0.1963 | consensus_recall 0.0000 | threshold 0.550
Epoch 3/30 | train_loss 1.3415 | union_precision 0.4750 | weighted_recall 0.4206 | consensus_recall 0.0000 | threshold 0.450
Epoch 4/30 | train_loss 1.2951 | union_precision 0.5172 | weighted_recall 0.3645 | consensus_recall 0.0000 | threshold 0.575
Epoch 5/30 | train_loss 1.2545 | union_precision 0.5172 | weighted_recall 0.3645 | consensus_recall 0.0000 | threshold 0.575
Epoch 6/30 | train_loss 1.2007 | union_precision 0.5238 | weighted_recall 0.2243 | consensus_recall 0.0000 | threshold 0.650
Epoch 7/30 | train_loss 1.1693 | union_precision 0.5185 | weighted_recall 0.4626 | consensus_recall 0.0000 | threshold 0.600
Epoch 8/30 | train_loss 1.1494 | union_precision 0.5185 | weighted_recall 0.4626 | consensus_recall 0.0000 | threshold 0.600
Epoch 9/30 | train_loss 1.1293 | union_precision 0.5185 | weighted_recall 0.4626 | consensus_recall 0.0000 | threshold 0.625
Epoch 10/30 | train_loss 1.1116 | union_precision 0.5417 | weighted_recall 0.4112 | consensus_recall 0.0000 | threshold 0.700
Epoch 11/30 | train_loss 1.0862 | union_precision 0.5714 | weighted_recall 0.4065 | consensus_recall 0.0000 | threshold 0.725
Epoch 12/30 | train_loss 1.0899 | union_precision 0.6000 | weighted_recall 0.0607 | consensus_recall 0.0000 | threshold 0.775
Epoch 13/30 | train_loss 1.0615 | union_precision 0.6667 | weighted_recall 0.0794 | consensus_recall 0.0000 | threshold 0.775
Epoch 14/30 | train_loss 1.0466 | union_precision 0.8333 | weighted_recall 0.0888 | consensus_recall 0.0000 | threshold 0.775
Epoch 15/30 | train_loss 1.0247 | union_precision 0.6667 | weighted_recall 0.0561 | consensus_recall 0.0000 | threshold 0.800
Epoch 16/30 | train_loss 1.0172 | union_precision 0.7143 | weighted_recall 0.0888 | consensus_recall 0.0000 | threshold 0.800
Epoch 17/30 | train_loss 1.0009 | union_precision 0.6667 | weighted_recall 0.2009 | consensus_recall 0.0000 | threshold 0.800
Epoch 18/30 | train_loss 0.9803 | union_precision 0.7500 | weighted_recall 0.2009 | consensus_recall 0.0000 | threshold 0.825
Epoch 19/30 | train_loss 0.9760 | union_precision 0.7143 | weighted_recall 0.1963 | consensus_recall 0.0000 | threshold 0.850
Early stopping at epoch 19
Held-out M30-3 | union_precision=0.8333 | weighted_recall=0.0888 | consensus_recall=0.0000
  oracle_stage_macro_f1=0.2133 | end_to_end_stage_macro_f1=0.0000
  end_to_end_stage_class_f1=low:0.0000,mid:0.0000,high:0.0000
Epoch 1/30 | train_loss 1.5480 | union_precision 0.5500 | weighted_recall 0.1111 | consensus_recall 0.0000 | threshold 0.550
Epoch 2/30 | train_loss 1.4161 | union_precision 0.5455 | weighted_recall 0.1379 | consensus_recall 0.0000 | threshold 0.550
Epoch 3/30 | train_loss 1.3487 | union_precision 0.5455 | weighted_recall 0.1379 | consensus_recall 0.0000 | threshold 0.550
Epoch 4/30 | train_loss 1.2991 | union_precision 0.7000 | weighted_recall 0.0958 | consensus_recall 0.0000 | threshold 0.625
Epoch 5/30 | train_loss 1.2619 | union_precision 0.8000 | weighted_recall 0.1034 | consensus_recall 0.0000 | threshold 0.625
Epoch 6/30 | train_loss 1.2067 | union_precision 0.7857 | weighted_recall 0.1303 | consensus_recall 0.0000 | threshold 0.600
Epoch 7/30 | train_loss 1.1706 | union_precision 0.7857 | weighted_recall 0.1303 | consensus_recall 0.0000 | threshold 0.600
Epoch 8/30 | train_loss 1.1537 | union_precision 0.7857 | weighted_recall 0.1303 | consensus_recall 0.0000 | threshold 0.600
Epoch 9/30 | train_loss 1.1349 | union_precision 1.0000 | weighted_recall 0.0268 | consensus_recall 0.0000 | threshold 0.725
Epoch 10/30 | train_loss 1.1131 | union_precision 1.0000 | weighted_recall 0.0268 | consensus_recall 0.0000 | threshold 0.750
Epoch 11/30 | train_loss 1.0906 | union_precision 1.0000 | weighted_recall 0.0268 | consensus_recall 0.0000 | threshold 0.775
Epoch 12/30 | train_loss 1.0932 | union_precision 0.6667 | weighted_recall 0.2797 | consensus_recall 1.0000 | threshold 0.775
Epoch 13/30 | train_loss 1.0664 | union_precision 0.6429 | weighted_recall 0.3525 | consensus_recall 1.0000 | threshold 0.700
Epoch 14/30 | train_loss 1.0494 | union_precision 0.6429 | weighted_recall 0.3525 | consensus_recall 1.0000 | threshold 0.700
Early stopping at epoch 14
Held-out M30-4 | union_precision=1.0000 | weighted_recall=0.0268 | consensus_recall=0.0000
  oracle_stage_macro_f1=0.3944 | end_to_end_stage_macro_f1=0.0000
  end_to_end_stage_class_f1=low:0.0000,mid:0.0000,high:0.0000
Epoch 1/30 | train_loss 1.5368 | union_precision 0.2353 | weighted_recall 0.5172 | consensus_recall 0.0000 | threshold 0.475
Epoch 2/30 | train_loss 1.4139 | union_precision 0.2500 | weighted_recall 0.4138 | consensus_recall 0.0000 | threshold 0.625
Epoch 3/30 | train_loss 1.3442 | union_precision 0.2500 | weighted_recall 0.4483 | consensus_recall 0.0000 | threshold 0.625
Epoch 4/30 | train_loss 1.2931 | union_precision 0.2500 | weighted_recall 0.4483 | consensus_recall 0.0000 | threshold 0.625
Epoch 5/30 | train_loss 1.2558 | union_precision 0.5000 | weighted_recall 0.0345 | consensus_recall 0.0000 | threshold 0.675
Epoch 6/30 | train_loss 1.2047 | union_precision 1.0000 | weighted_recall 0.0345 | consensus_recall 0.0000 | threshold 0.675
Epoch 7/30 | train_loss 1.1677 | union_precision 1.0000 | weighted_recall 0.0345 | consensus_recall 0.0000 | threshold 0.675
Epoch 8/30 | train_loss 1.1502 | union_precision 1.0000 | weighted_recall 0.0345 | consensus_recall 0.0000 | threshold 0.650
Epoch 9/30 | train_loss 1.1322 | union_precision 1.0000 | weighted_recall 0.0345 | consensus_recall 0.0000 | threshold 0.700
Epoch 10/30 | train_loss 1.1126 | union_precision 1.0000 | weighted_recall 0.0345 | consensus_recall 0.0000 | threshold 0.725
Epoch 11/30 | train_loss 1.0881 | union_precision 1.0000 | weighted_recall 0.0345 | consensus_recall 0.0000 | threshold 0.750
Early stopping at epoch 11
Held-out M33-1 | union_precision=1.0000 | weighted_recall=0.0345 | consensus_recall=0.0000
  oracle_stage_macro_f1=0.3944 | end_to_end_stage_macro_f1=0.0000
  end_to_end_stage_class_f1=low:0.0000,mid:0.0000,high:0.0000
Epoch 1/30 | train_loss 1.5381 | union_precision 1.0000 | weighted_recall 0.0083 | consensus_recall 0.0000 | threshold 0.575
Epoch 2/30 | train_loss 1.4208 | union_precision 0.5000 | weighted_recall 0.0248 | consensus_recall 0.0000 | threshold 0.575
Epoch 3/30 | train_loss 1.3471 | union_precision 0.4545 | weighted_recall 0.0289 | consensus_recall 0.0000 | threshold 0.550
Epoch 4/30 | train_loss 1.2930 | union_precision 0.4167 | weighted_recall 0.0289 | consensus_recall 0.0000 | threshold 0.550
Epoch 5/30 | train_loss 1.2563 | union_precision 0.5000 | weighted_recall 0.0124 | consensus_recall 0.0000 | threshold 0.600
Epoch 6/30 | train_loss 1.2052 | union_precision 1.0000 | weighted_recall 0.0124 | consensus_recall 0.0000 | threshold 0.600
Early stopping at epoch 6
Held-out M33-2 | union_precision=1.0000 | weighted_recall=0.0083 | consensus_recall=0.0000
  oracle_stage_macro_f1=0.4451 | end_to_end_stage_macro_f1=0.0000
  end_to_end_stage_class_f1=low:0.0000,mid:0.0000,high:0.0000
Epoch 1/30 | train_loss 1.5366 | union_precision 0.2381 | weighted_recall 0.5128 | consensus_recall 0.0000 | threshold 0.475
Epoch 2/30 | train_loss 1.4175 | union_precision 0.3333 | weighted_recall 0.2308 | consensus_recall 0.0000 | threshold 0.550
Epoch 3/30 | train_loss 1.3479 | union_precision 0.4000 | weighted_recall 0.4872 | consensus_recall 0.0000 | threshold 0.550
Epoch 4/30 | train_loss 1.2926 | union_precision 0.5000 | weighted_recall 0.2308 | consensus_recall 0.0000 | threshold 0.600
Epoch 5/30 | train_loss 1.2587 | union_precision 0.5000 | weighted_recall 0.1538 | consensus_recall 0.0000 | threshold 0.600
Epoch 6/30 | train_loss 1.2078 | union_precision 0.5000 | weighted_recall 0.4359 | consensus_recall 0.0000 | threshold 0.575
Epoch 7/30 | train_loss 1.1697 | union_precision 0.5000 | weighted_recall 0.4359 | consensus_recall 0.0000 | threshold 0.575
Epoch 8/30 | train_loss 1.1528 | union_precision 0.5714 | weighted_recall 0.4872 | consensus_recall 0.0000 | threshold 0.575
Epoch 9/30 | train_loss 1.1359 | union_precision 0.5000 | weighted_recall 0.4103 | consensus_recall 0.0000 | threshold 0.600
Epoch 10/30 | train_loss 1.1172 | union_precision 0.4444 | weighted_recall 0.4615 | consensus_recall 0.0000 | threshold 0.600
Epoch 11/30 | train_loss 1.0910 | union_precision 0.5000 | weighted_recall 0.3846 | consensus_recall 0.0000 | threshold 0.625
Epoch 12/30 | train_loss 1.0950 | union_precision 0.4000 | weighted_recall 0.1282 | consensus_recall 0.0000 | threshold 0.650
Epoch 13/30 | train_loss 1.0690 | union_precision 0.5000 | weighted_recall 0.1795 | consensus_recall 0.0000 | threshold 0.650
Early stopping at epoch 13
Held-out M33-3 | union_precision=0.5714 | weighted_recall=0.4872 | consensus_recall=0.0000
  oracle_stage_macro_f1=0.3611 | end_to_end_stage_macro_f1=0.1111
  end_to_end_stage_class_f1=low:0.3333,mid:0.0000,high:0.0000
Epoch 1/30 | train_loss 1.5687 | union_precision 0.8667 | weighted_recall 0.0669 | consensus_recall 0.0000 | threshold 0.625
Epoch 2/30 | train_loss 1.3995 | union_precision 0.6786 | weighted_recall 0.0913 | consensus_recall 0.0000 | threshold 0.625
Epoch 3/30 | train_loss 1.3344 | union_precision 0.6667 | weighted_recall 0.1947 | consensus_recall 0.0000 | threshold 0.525
Epoch 4/30 | train_loss 1.2798 | union_precision 0.6667 | weighted_recall 0.1846 | consensus_recall 0.0000 | threshold 0.550
Epoch 5/30 | train_loss 1.2263 | union_precision 0.6842 | weighted_recall 0.1927 | consensus_recall 0.0000 | threshold 0.525
Epoch 6/30 | train_loss 1.1896 | union_precision 0.6800 | weighted_recall 0.0872 | consensus_recall 0.0000 | threshold 0.650
Early stopping at epoch 6
Held-out M33-4 | union_precision=0.8667 | weighted_recall=0.0669 | consensus_recall=0.0000
  oracle_stage_macro_f1=0.4435 | end_to_end_stage_macro_f1=0.0979
  end_to_end_stage_class_f1=low:0.0976,mid:0.1961,high:0.0000
Epoch 1/30 | train_loss 1.5377 | union_precision 0.1754 | weighted_recall 0.1642 | consensus_recall 0.0000 | threshold 0.050
Epoch 2/30 | train_loss 1.4138 | union_precision 0.1818 | weighted_recall 0.1045 | consensus_recall 0.0000 | threshold 0.525
Epoch 3/30 | train_loss 1.3393 | union_precision 0.1875 | weighted_recall 0.1045 | consensus_recall 0.0000 | threshold 0.525
Epoch 4/30 | train_loss 1.2879 | union_precision 0.2143 | weighted_recall 0.1045 | consensus_recall 0.0000 | threshold 0.525
Epoch 5/30 | train_loss 1.2525 | union_precision 0.2308 | weighted_recall 0.1567 | consensus_recall 0.0000 | threshold 0.500
Epoch 6/30 | train_loss 1.2018 | union_precision 0.2692 | weighted_recall 0.1269 | consensus_recall 0.0000 | threshold 0.525
Epoch 7/30 | train_loss 1.1630 | union_precision 0.2759 | weighted_recall 0.2164 | consensus_recall 0.0000 | threshold 0.525
Epoch 8/30 | train_loss 1.1461 | union_precision 1.0000 | weighted_recall 0.1194 | consensus_recall 0.0000 | threshold 0.700
Epoch 9/30 | train_loss 1.1299 | union_precision 0.7500 | weighted_recall 0.1194 | consensus_recall 0.0000 | threshold 0.675
Epoch 10/30 | train_loss 1.1070 | union_precision 1.0000 | weighted_recall 0.0373 | consensus_recall 0.0000 | threshold 0.725
Epoch 11/30 | train_loss 1.0875 | union_precision 1.0000 | weighted_recall 0.1493 | consensus_recall 0.0000 | threshold 0.700
Epoch 12/30 | train_loss 1.0892 | union_precision 1.0000 | weighted_recall 0.1567 | consensus_recall 0.0000 | threshold 0.700
Epoch 13/30 | train_loss 1.0636 | union_precision 1.0000 | weighted_recall 0.1418 | consensus_recall 0.0000 | threshold 0.725
Epoch 14/30 | train_loss 1.0410 | union_precision 1.0000 | weighted_recall 0.1418 | consensus_recall 0.0000 | threshold 0.725
Epoch 15/30 | train_loss 1.0275 | union_precision 1.0000 | weighted_recall 0.0373 | consensus_recall 0.0000 | threshold 0.750
Epoch 16/30 | train_loss 1.0120 | union_precision 1.0000 | weighted_recall 0.0373 | consensus_recall 0.0000 | threshold 0.750
Epoch 17/30 | train_loss 0.9956 | union_precision 1.0000 | weighted_recall 0.0373 | consensus_recall 0.0000 | threshold 0.775
Early stopping at epoch 17
Held-out M41-1 | union_precision=1.0000 | weighted_recall=0.1567 | consensus_recall=0.0000
  oracle_stage_macro_f1=0.4516 | end_to_end_stage_macro_f1=0.0787
  end_to_end_stage_class_f1=low:0.0000,mid:0.1111,high:0.1250
Epoch 1/30 | train_loss 1.5356 | union_precision 0.2632 | weighted_recall 0.1481 | consensus_recall 0.0000 | threshold 0.500
Epoch 2/30 | train_loss 1.4117 | union_precision 0.3125 | weighted_recall 0.1481 | consensus_recall 0.0000 | threshold 0.500
Epoch 3/30 | train_loss 1.3417 | union_precision 0.3125 | weighted_recall 0.1481 | consensus_recall 0.0000 | threshold 0.500
Epoch 4/30 | train_loss 1.2880 | union_precision 0.3333 | weighted_recall 0.1481 | consensus_recall 0.0000 | threshold 0.525
Epoch 5/30 | train_loss 1.2520 | union_precision 0.3158 | weighted_recall 0.1667 | consensus_recall 0.0000 | threshold 0.475
Epoch 6/30 | train_loss 1.2038 | union_precision 0.3000 | weighted_recall 0.1667 | consensus_recall 0.0000 | threshold 0.475
Epoch 7/30 | train_loss 1.1635 | union_precision 0.2857 | weighted_recall 0.1667 | consensus_recall 0.0000 | threshold 0.475
Epoch 8/30 | train_loss 1.1474 | union_precision 0.2857 | weighted_recall 0.1667 | consensus_recall 0.0000 | threshold 0.475
Epoch 9/30 | train_loss 1.1320 | union_precision 0.2500 | weighted_recall 0.1296 | consensus_recall 0.0000 | threshold 0.525
Early stopping at epoch 9
Held-out M41-2 | union_precision=0.3333 | weighted_recall=0.1481 | consensus_recall=0.0000
  oracle_stage_macro_f1=0.4128 | end_to_end_stage_macro_f1=0.0830
  end_to_end_stage_class_f1=low:0.0952,mid:0.1538,high:0.0000
Epoch 1/30 | train_loss 1.5347 | union_precision 0.6000 | weighted_recall 0.0538 | consensus_recall 0.0000 | threshold 0.575
Epoch 2/30 | train_loss 1.4119 | union_precision 1.0000 | weighted_recall 0.0108 | consensus_recall 0.0000 | threshold 0.600
Epoch 3/30 | train_loss 1.3428 | union_precision 0.4444 | weighted_recall 0.0645 | consensus_recall 0.0000 | threshold 0.575
Epoch 4/30 | train_loss 1.2884 | union_precision 0.5385 | weighted_recall 0.1720 | consensus_recall 0.0000 | threshold 0.550
Epoch 5/30 | train_loss 1.2530 | union_precision 0.5000 | weighted_recall 0.2258 | consensus_recall 0.0000 | threshold 0.550
Epoch 6/30 | train_loss 1.2045 | union_precision 1.0000 | weighted_recall 0.0323 | consensus_recall 0.0000 | threshold 0.600
Epoch 7/30 | train_loss 1.1643 | union_precision 1.0000 | weighted_recall 0.0323 | consensus_recall 0.0000 | threshold 0.600
Epoch 8/30 | train_loss 1.1493 | union_precision 1.0000 | weighted_recall 0.1183 | consensus_recall 0.0000 | threshold 0.600
Epoch 9/30 | train_loss 1.1340 | union_precision 1.0000 | weighted_recall 0.1183 | consensus_recall 0.0000 | threshold 0.625
Epoch 10/30 | train_loss 1.1119 | union_precision 0.7500 | weighted_recall 0.0860 | consensus_recall 0.0000 | threshold 0.650
Epoch 11/30 | train_loss 1.0910 | union_precision 0.7500 | weighted_recall 0.0860 | consensus_recall 0.0000 | threshold 0.675
Epoch 12/30 | train_loss 1.0934 | union_precision 1.0000 | weighted_recall 0.0753 | consensus_recall 0.0000 | threshold 0.700
Epoch 13/30 | train_loss 1.0653 | union_precision 1.0000 | weighted_recall 0.0860 | consensus_recall 0.0000 | threshold 0.700
Early stopping at epoch 13
Held-out M41-3 | union_precision=1.0000 | weighted_recall=0.1183 | consensus_recall=0.0000
  oracle_stage_macro_f1=0.4784 | end_to_end_stage_macro_f1=0.0741
  end_to_end_stage_class_f1=low:0.2222,mid:0.0000,high:0.0000
Epoch 1/30 | train_loss 1.5353 | union_precision 0.3889 | weighted_recall 0.3134 | consensus_recall 0.0000 | threshold 0.525
Epoch 2/30 | train_loss 1.4116 | union_precision 1.0000 | weighted_recall 0.0149 | consensus_recall 0.0000 | threshold 0.650
Epoch 3/30 | train_loss 1.3440 | union_precision 1.0000 | weighted_recall 0.0149 | consensus_recall 0.0000 | threshold 0.675
Epoch 4/30 | train_loss 1.2903 | union_precision 1.0000 | weighted_recall 0.0299 | consensus_recall 0.0000 | threshold 0.675
Epoch 5/30 | train_loss 1.2549 | union_precision 1.0000 | weighted_recall 0.0299 | consensus_recall 0.0000 | threshold 0.675
Epoch 6/30 | train_loss 1.2064 | union_precision 1.0000 | weighted_recall 0.0299 | consensus_recall 0.0000 | threshold 0.675
Epoch 7/30 | train_loss 1.1682 | union_precision 1.0000 | weighted_recall 0.0746 | consensus_recall 0.0000 | threshold 0.675
Epoch 8/30 | train_loss 1.1531 | union_precision 1.0000 | weighted_recall 0.0149 | consensus_recall 0.0000 | threshold 0.700
Epoch 9/30 | train_loss 1.1362 | union_precision 1.0000 | weighted_recall 0.0149 | consensus_recall 0.0000 | threshold 0.725
Epoch 10/30 | train_loss 1.1146 | union_precision 1.0000 | weighted_recall 0.0149 | consensus_recall 0.0000 | threshold 0.750
Epoch 11/30 | train_loss 1.0951 | union_precision 1.0000 | weighted_recall 0.0149 | consensus_recall 0.0000 | threshold 0.775
Epoch 12/30 | train_loss 1.0965 | union_precision 1.0000 | weighted_recall 0.0149 | consensus_recall 0.0000 | threshold 0.800
Early stopping at epoch 12
Held-out M41-4 | union_precision=1.0000 | weighted_recall=0.0746 | consensus_recall=0.0000
  oracle_stage_macro_f1=0.2618 | end_to_end_stage_macro_f1=0.1481
  end_to_end_stage_class_f1=low:0.0000,mid:0.1111,high:0.3333
Epoch 1/30 | train_loss 1.5352 | union_precision 0.4444 | weighted_recall 0.1494 | consensus_recall 0.0000 | threshold 0.575
Epoch 2/30 | train_loss 1.4174 | union_precision 0.5714 | weighted_recall 0.1234 | consensus_recall 0.0000 | threshold 0.600
Epoch 3/30 | train_loss 1.3423 | union_precision 0.5000 | weighted_recall 0.1234 | consensus_recall 0.0000 | threshold 0.625
Epoch 4/30 | train_loss 1.2869 | union_precision 0.5000 | weighted_recall 0.1364 | consensus_recall 0.0000 | threshold 0.650
Epoch 5/30 | train_loss 1.2532 | union_precision 0.6250 | weighted_recall 0.1623 | consensus_recall 0.0000 | threshold 0.650
Epoch 6/30 | train_loss 1.2042 | union_precision 0.6250 | weighted_recall 0.1623 | consensus_recall 0.0000 | threshold 0.625
Epoch 7/30 | train_loss 1.1671 | union_precision 0.6667 | weighted_recall 0.2273 | consensus_recall 0.0000 | threshold 0.625
Epoch 8/30 | train_loss 1.1499 | union_precision 0.6667 | weighted_recall 0.2273 | consensus_recall 0.0000 | threshold 0.650
Epoch 9/30 | train_loss 1.1343 | union_precision 0.6667 | weighted_recall 0.2273 | consensus_recall 0.0000 | threshold 0.675
Epoch 10/30 | train_loss 1.1128 | union_precision 1.0000 | weighted_recall 0.1104 | consensus_recall 0.0000 | threshold 0.750
Epoch 11/30 | train_loss 1.0901 | union_precision 0.6250 | weighted_recall 0.2078 | consensus_recall 0.0000 | threshold 0.725
Epoch 12/30 | train_loss 1.0913 | union_precision 0.5556 | weighted_recall 0.2078 | consensus_recall 0.0000 | threshold 0.725
Epoch 13/30 | train_loss 1.0680 | union_precision 0.6250 | weighted_recall 0.2338 | consensus_recall 0.0000 | threshold 0.750
Epoch 14/30 | train_loss 1.0443 | union_precision 0.6250 | weighted_recall 0.2338 | consensus_recall 0.0000 | threshold 0.750
Epoch 15/30 | train_loss 1.0290 | union_precision 1.0000 | weighted_recall 0.0649 | consensus_recall 0.0000 | threshold 0.775
Early stopping at epoch 15
Held-out M50-1 | union_precision=1.0000 | weighted_recall=0.1104 | consensus_recall=0.0000
  oracle_stage_macro_f1=0.4371 | end_to_end_stage_macro_f1=0.0606
  end_to_end_stage_class_f1=low:0.0000,mid:0.0000,high:0.1818
Epoch 1/30 | train_loss 1.5273 | union_precision 0.2500 | weighted_recall 0.1325 | consensus_recall 0.0000 | threshold 0.575
Epoch 2/30 | train_loss 1.4180 | union_precision 1.0000 | weighted_recall 0.1145 | consensus_recall 0.0000 | threshold 0.650
Epoch 3/30 | train_loss 1.3394 | union_precision 1.0000 | weighted_recall 0.1145 | consensus_recall 0.0000 | threshold 0.675
Epoch 4/30 | train_loss 1.2818 | union_precision 0.6667 | weighted_recall 0.1325 | consensus_recall 0.0000 | threshold 0.650
Epoch 5/30 | train_loss 1.2519 | union_precision 0.6667 | weighted_recall 0.1325 | consensus_recall 0.0000 | threshold 0.650
Epoch 6/30 | train_loss 1.2019 | union_precision 0.6667 | weighted_recall 0.1325 | consensus_recall 0.0000 | threshold 0.675
Epoch 7/30 | train_loss 1.1650 | union_precision 0.5000 | weighted_recall 0.1145 | consensus_recall 0.0000 | threshold 0.675
Early stopping at epoch 7
Held-out M50-2 | union_precision=1.0000 | weighted_recall=0.1145 | consensus_recall=0.0000
  oracle_stage_macro_f1=0.4261 | end_to_end_stage_macro_f1=0.0000
  end_to_end_stage_class_f1=low:0.0000,mid:0.0000,high:0.0000
Epoch 1/30 | train_loss 1.5399 | union_precision 1.0000 | weighted_recall 0.0442 | consensus_recall 0.0000 | threshold 0.700
Epoch 2/30 | train_loss 1.4248 | union_precision 1.0000 | weighted_recall 0.0442 | consensus_recall 0.0000 | threshold 0.725
Epoch 3/30 | train_loss 1.3428 | union_precision 1.0000 | weighted_recall 0.0442 | consensus_recall 0.0000 | threshold 0.725
Epoch 4/30 | train_loss 1.2902 | union_precision 1.0000 | weighted_recall 0.0442 | consensus_recall 0.0000 | threshold 0.725
Epoch 5/30 | train_loss 1.2593 | union_precision 1.0000 | weighted_recall 0.0442 | consensus_recall 0.0000 | threshold 0.725
Epoch 6/30 | train_loss 1.2111 | union_precision 1.0000 | weighted_recall 0.0442 | consensus_recall 0.0000 | threshold 0.700
Early stopping at epoch 6
Held-out M50-3 | union_precision=1.0000 | weighted_recall=0.0442 | consensus_recall=0.0000
  oracle_stage_macro_f1=0.3641 | end_to_end_stage_macro_f1=0.0230
  end_to_end_stage_class_f1=low:0.0000,mid:0.0000,high:0.0690
Epoch 1/30 | train_loss 1.5389 | union_precision 1.0000 | weighted_recall 0.0041 | consensus_recall 0.0000 | threshold 0.675
Epoch 2/30 | train_loss 1.4224 | union_precision 1.0000 | weighted_recall 0.0041 | consensus_recall 0.0000 | threshold 0.650
Epoch 3/30 | train_loss 1.3364 | union_precision 1.0000 | weighted_recall 0.0249 | consensus_recall 0.0000 | threshold 0.650
Epoch 4/30 | train_loss 1.2849 | union_precision 1.0000 | weighted_recall 0.0041 | consensus_recall 0.0000 | threshold 0.675
Epoch 5/30 | train_loss 1.2545 | union_precision 1.0000 | weighted_recall 0.0622 | consensus_recall 0.0000 | threshold 0.675
Epoch 6/30 | train_loss 1.2039 | union_precision 1.0000 | weighted_recall 0.0622 | consensus_recall 0.0000 | threshold 0.650
Epoch 7/30 | train_loss 1.1645 | union_precision 1.0000 | weighted_recall 0.0622 | consensus_recall 0.0000 | threshold 0.625
Epoch 8/30 | train_loss 1.1458 | union_precision 1.0000 | weighted_recall 0.0622 | consensus_recall 0.0000 | threshold 0.625
Epoch 9/30 | train_loss 1.1343 | union_precision 1.0000 | weighted_recall 0.0622 | consensus_recall 0.0000 | threshold 0.650
Epoch 10/30 | train_loss 1.1114 | union_precision 1.0000 | weighted_recall 0.0622 | consensus_recall 0.0000 | threshold 0.650
Early stopping at epoch 10
Held-out M56-1 | union_precision=1.0000 | weighted_recall=0.0622 | consensus_recall=0.0000
  oracle_stage_macro_f1=0.4497 | end_to_end_stage_macro_f1=0.0370
  end_to_end_stage_class_f1=low:0.0000,mid:0.0000,high:0.1111
Epoch 1/30 | train_loss 1.5360 | union_precision 0.2222 | weighted_recall 0.0438 | consensus_recall 0.0000 | threshold 0.575
Epoch 2/30 | train_loss 1.4133 | union_precision 0.1892 | weighted_recall 0.0876 | consensus_recall 0.0000 | threshold 0.050
Epoch 3/30 | train_loss 1.3351 | union_precision 0.2500 | weighted_recall 0.0073 | consensus_recall 0.0000 | threshold 0.700
Epoch 4/30 | train_loss 1.2814 | union_precision 0.2000 | weighted_recall 0.0657 | consensus_recall 0.0000 | threshold 0.525
Epoch 5/30 | train_loss 1.2492 | union_precision 0.3333 | weighted_recall 0.0073 | consensus_recall 0.0000 | threshold 0.725
Epoch 6/30 | train_loss 1.2065 | union_precision 0.2750 | weighted_recall 0.1460 | consensus_recall 0.0000 | threshold 0.050
Epoch 7/30 | train_loss 1.1644 | union_precision 0.2857 | weighted_recall 0.0292 | consensus_recall 0.0000 | threshold 0.625
Epoch 8/30 | train_loss 1.1464 | union_precision 0.2857 | weighted_recall 0.0292 | consensus_recall 0.0000 | threshold 0.625
Epoch 9/30 | train_loss 1.1355 | union_precision 1.0000 | weighted_recall 0.0073 | consensus_recall 0.0000 | threshold 0.750
Epoch 10/30 | train_loss 1.1120 | union_precision 1.0000 | weighted_recall 0.0073 | consensus_recall 0.0000 | threshold 0.750
Epoch 11/30 | train_loss 1.0875 | union_precision 0.5000 | weighted_recall 0.0073 | consensus_recall 0.0000 | threshold 0.750
Epoch 12/30 | train_loss 1.0895 | union_precision 1.0000 | weighted_recall 0.0073 | consensus_recall 0.0000 | threshold 0.775
Epoch 13/30 | train_loss 1.0640 | union_precision 1.0000 | weighted_recall 0.0073 | consensus_recall 0.0000 | threshold 0.775
Epoch 14/30 | train_loss 1.0477 | union_precision 1.0000 | weighted_recall 0.0219 | consensus_recall 0.0000 | threshold 0.750
Epoch 15/30 | train_loss 1.0257 | union_precision 1.0000 | weighted_recall 0.0219 | consensus_recall 0.0000 | threshold 0.750
Epoch 16/30 | train_loss 1.0104 | union_precision 1.0000 | weighted_recall 0.0219 | consensus_recall 0.0000 | threshold 0.750
Epoch 17/30 | train_loss 1.0001 | union_precision 1.0000 | weighted_recall 0.0219 | consensus_recall 0.0000 | threshold 0.725
Epoch 18/30 | train_loss 0.9810 | union_precision 1.0000 | weighted_recall 0.0219 | consensus_recall 0.0000 | threshold 0.750
Epoch 19/30 | train_loss 0.9931 | union_precision 1.0000 | weighted_recall 0.0219 | consensus_recall 0.0000 | threshold 0.775
Early stopping at epoch 19
Held-out M56-2 | union_precision=1.0000 | weighted_recall=0.0219 | consensus_recall=0.0000
  oracle_stage_macro_f1=0.3146 | end_to_end_stage_macro_f1=0.0827
  end_to_end_stage_class_f1=low:0.1053,mid:0.1429,high:0.0000
Epoch 1/30 | train_loss 1.5428 | union_precision 1.0000 | weighted_recall 0.0075 | consensus_recall 0.0000 | threshold 0.675
Epoch 2/30 | train_loss 1.4265 | union_precision 0.6250 | weighted_recall 0.0175 | consensus_recall 0.0000 | threshold 0.675
Epoch 3/30 | train_loss 1.3496 | union_precision 1.0000 | weighted_recall 0.0025 | consensus_recall 0.0000 | threshold 0.725
Epoch 4/30 | train_loss 1.2838 | union_precision 1.0000 | weighted_recall 0.0100 | consensus_recall 0.0000 | threshold 0.725
Epoch 5/30 | train_loss 1.2545 | union_precision 1.0000 | weighted_recall 0.0175 | consensus_recall 0.0000 | threshold 0.700
Epoch 6/30 | train_loss 1.2103 | union_precision 1.0000 | weighted_recall 0.0175 | consensus_recall 0.0000 | threshold 0.700
Epoch 7/30 | train_loss 1.1663 | union_precision 1.0000 | weighted_recall 0.0224 | consensus_recall 0.0000 | threshold 0.675
Epoch 8/30 | train_loss 1.1497 | union_precision 1.0000 | weighted_recall 0.0175 | consensus_recall 0.0000 | threshold 0.700
Epoch 9/30 | train_loss 1.1373 | union_precision 1.0000 | weighted_recall 0.0125 | consensus_recall 0.0000 | threshold 0.725
Epoch 10/30 | train_loss 1.1095 | union_precision 1.0000 | weighted_recall 0.0075 | consensus_recall 0.0000 | threshold 0.750
Epoch 11/30 | train_loss 1.0822 | union_precision 0.8000 | weighted_recall 0.0175 | consensus_recall 0.0000 | threshold 0.750
Epoch 12/30 | train_loss 1.0831 | union_precision 1.0000 | weighted_recall 0.0025 | consensus_recall 0.0000 | threshold 0.800
Early stopping at epoch 12
Held-out M56-3 | union_precision=1.0000 | weighted_recall=0.0224 | consensus_recall=0.0000
  oracle_stage_macro_f1=0.2771 | end_to_end_stage_macro_f1=0.0098
  end_to_end_stage_class_f1=low:0.0294,mid:0.0000,high:0.0000
Epoch 1/30 | train_loss 1.5403 | union_precision 0.5000 | weighted_recall 0.0110 | consensus_recall 0.0000 | threshold 0.650
Epoch 2/30 | train_loss 1.4149 | union_precision 0.3111 | weighted_recall 0.1868 | consensus_recall 0.0000 | threshold 0.475
Epoch 3/30 | train_loss 1.3402 | union_precision 0.3200 | weighted_recall 0.2033 | consensus_recall 0.0000 | threshold 0.425
Epoch 4/30 | train_loss 1.2837 | union_precision 0.3400 | weighted_recall 0.2308 | consensus_recall 0.0000 | threshold 0.050
Epoch 5/30 | train_loss 1.2462 | union_precision 0.3800 | weighted_recall 0.2418 | consensus_recall 0.0000 | threshold 0.050
Epoch 6/30 | train_loss 1.2066 | union_precision 0.3673 | weighted_recall 0.2308 | consensus_recall 0.0000 | threshold 0.050
Early stopping at epoch 6
Held-out M59-1 | union_precision=0.5000 | weighted_recall=0.0110 | consensus_recall=0.0000
  oracle_stage_macro_f1=0.2695 | end_to_end_stage_macro_f1=0.0000
  end_to_end_stage_class_f1=low:0.0000,mid:0.0000,high:0.0000
Epoch 1/30 | train_loss 1.5393 | union_precision 0.3636 | weighted_recall 0.0658 | consensus_recall 0.0000 | threshold 0.550
Epoch 2/30 | train_loss 1.4164 | union_precision 0.3077 | weighted_recall 0.0614 | consensus_recall 0.0000 | threshold 0.550
Epoch 3/30 | train_loss 1.3384 | union_precision 0.3462 | weighted_recall 0.1360 | consensus_recall 0.0000 | threshold 0.525
Epoch 4/30 | train_loss 1.2794 | union_precision 0.3571 | weighted_recall 0.1053 | consensus_recall 0.0000 | threshold 0.575
Epoch 5/30 | train_loss 1.2442 | union_precision 0.3333 | weighted_recall 0.1272 | consensus_recall 0.0000 | threshold 0.525
Epoch 6/30 | train_loss 1.2093 | union_precision 1.0000 | weighted_recall 0.0044 | consensus_recall 0.0000 | threshold 0.675
Epoch 7/30 | train_loss 1.1648 | union_precision 1.0000 | weighted_recall 0.0044 | consensus_recall 0.0000 | threshold 0.675
Epoch 8/30 | train_loss 1.1499 | union_precision 1.0000 | weighted_recall 0.0044 | consensus_recall 0.0000 | threshold 0.700
Epoch 9/30 | train_loss 1.1321 | union_precision 1.0000 | weighted_recall 0.0044 | consensus_recall 0.0000 | threshold 0.725
Epoch 10/30 | train_loss 1.1101 | union_precision 1.0000 | weighted_recall 0.0044 | consensus_recall 0.0000 | threshold 0.750
Epoch 11/30 | train_loss 1.0863 | union_precision 1.0000 | weighted_recall 0.0044 | consensus_recall 0.0000 | threshold 0.775
Early stopping at epoch 11
Held-out M59-2 | union_precision=1.0000 | weighted_recall=0.0044 | consensus_recall=0.0000
  oracle_stage_macro_f1=0.4061 | end_to_end_stage_macro_f1=0.0317
  end_to_end_stage_class_f1=low:0.0000,mid:0.0952,high:0.0000
Epoch 1/30 | train_loss 1.5397 | union_precision 0.3750 | weighted_recall 0.1119 | consensus_recall 0.5000 | threshold 0.525
Epoch 2/30 | train_loss 1.4241 | union_precision 0.4062 | weighted_recall 0.1322 | consensus_recall 0.5000 | threshold 0.525
Epoch 3/30 | train_loss 1.3508 | union_precision 1.0000 | weighted_recall 0.0373 | consensus_recall 0.5000 | threshold 0.700
Epoch 4/30 | train_loss 1.2916 | union_precision 1.0000 | weighted_recall 0.0373 | consensus_recall 0.5000 | threshold 0.700
Epoch 5/30 | train_loss 1.2562 | union_precision 1.0000 | weighted_recall 0.1153 | consensus_recall 0.5000 | threshold 0.675
Epoch 6/30 | train_loss 1.2203 | union_precision 1.0000 | weighted_recall 0.1153 | consensus_recall 0.5000 | threshold 0.675
Epoch 7/30 | train_loss 1.1771 | union_precision 1.0000 | weighted_recall 0.1153 | consensus_recall 0.5000 | threshold 0.675
Epoch 8/30 | train_loss 1.1585 | union_precision 1.0000 | weighted_recall 0.1153 | consensus_recall 0.5000 | threshold 0.675
Epoch 9/30 | train_loss 1.1413 | union_precision 1.0000 | weighted_recall 0.1153 | consensus_recall 0.5000 | threshold 0.700
Epoch 10/30 | train_loss 1.1211 | union_precision 1.0000 | weighted_recall 0.1153 | consensus_recall 0.5000 | threshold 0.725
Early stopping at epoch 10
Held-out M59-3 | union_precision=1.0000 | weighted_recall=0.1153 | consensus_recall=0.5000
  oracle_stage_macro_f1=0.3288 | end_to_end_stage_macro_f1=0.0000
  end_to_end_stage_class_f1=low:0.0000,mid:0.0000,high:0.0000
Epoch 1/30 | train_loss 1.5331 | union_precision 0.3143 | weighted_recall 0.1750 | consensus_recall 0.0000 | threshold 0.500
Epoch 2/30 | train_loss 1.4125 | union_precision 0.3143 | weighted_recall 0.1833 | consensus_recall 0.0000 | threshold 0.500
Epoch 3/30 | train_loss 1.3403 | union_precision 0.3714 | weighted_recall 0.1667 | consensus_recall 0.0000 | threshold 0.500
Epoch 4/30 | train_loss 1.2824 | union_precision 0.3667 | weighted_recall 0.1500 | consensus_recall 0.0000 | threshold 0.525
Epoch 5/30 | train_loss 1.2419 | union_precision 0.6667 | weighted_recall 0.0167 | consensus_recall 0.0000 | threshold 0.700
Epoch 6/30 | train_loss 1.2101 | union_precision 0.6667 | weighted_recall 0.0167 | consensus_recall 0.0000 | threshold 0.700
Epoch 7/30 | train_loss 1.1666 | union_precision 0.7500 | weighted_recall 0.0250 | consensus_recall 0.0000 | threshold 0.675
Epoch 8/30 | train_loss 1.1545 | union_precision 0.7500 | weighted_recall 0.0250 | consensus_recall 0.0000 | threshold 0.675
Epoch 9/30 | train_loss 1.1308 | union_precision 0.8000 | weighted_recall 0.0333 | consensus_recall 0.0000 | threshold 0.675
Epoch 10/30 | train_loss 1.1110 | union_precision 0.8000 | weighted_recall 0.0333 | consensus_recall 0.0000 | threshold 0.700
Epoch 11/30 | train_loss 1.0879 | union_precision 0.8000 | weighted_recall 0.0333 | consensus_recall 0.0000 | threshold 0.725
Epoch 12/30 | train_loss 1.0822 | union_precision 0.8000 | weighted_recall 0.0333 | consensus_recall 0.0000 | threshold 0.725
Epoch 13/30 | train_loss 1.0558 | union_precision 0.8000 | weighted_recall 0.0333 | consensus_recall 0.0000 | threshold 0.725
Epoch 14/30 | train_loss 1.0445 | union_precision 0.7500 | weighted_recall 0.0250 | consensus_recall 0.0000 | threshold 0.750
Early stopping at epoch 14
Held-out M63-1 | union_precision=0.8000 | weighted_recall=0.0333 | consensus_recall=0.0000
  oracle_stage_macro_f1=0.3271 | end_to_end_stage_macro_f1=0.0635
  end_to_end_stage_class_f1=low:0.0000,mid:0.1905,high:0.0000
Epoch 1/30 | train_loss 1.5323 | union_precision 0.5000 | weighted_recall 0.1667 | consensus_recall 0.0000 | threshold 0.575
Epoch 2/30 | train_loss 1.4088 | union_precision 0.4000 | weighted_recall 0.1032 | consensus_recall 0.0000 | threshold 0.600
Epoch 3/30 | train_loss 1.3365 | union_precision 0.3333 | weighted_recall 0.1905 | consensus_recall 0.0000 | threshold 0.575
Epoch 4/30 | train_loss 1.2814 | union_precision 0.4000 | weighted_recall 0.1508 | consensus_recall 0.0000 | threshold 0.600
Epoch 5/30 | train_loss 1.2412 | union_precision 0.3636 | weighted_recall 0.1508 | consensus_recall 0.0000 | threshold 0.575
Epoch 6/30 | train_loss 1.2099 | union_precision 0.5000 | weighted_recall 0.0079 | consensus_recall 0.0000 | threshold 0.675
Early stopping at epoch 6
Held-out M63-3 | union_precision=0.5000 | weighted_recall=0.1667 | consensus_recall=0.0000
  oracle_stage_macro_f1=0.2721 | end_to_end_stage_macro_f1=0.1345
  end_to_end_stage_class_f1=low:0.0000,mid:0.1176,high:0.2857
Epoch 1/30 | train_loss 1.5347 | union_precision 0.6000 | weighted_recall 0.1746 | consensus_recall 0.0000 | threshold 0.525
Epoch 2/30 | train_loss 1.4167 | union_precision 1.0000 | weighted_recall 0.0159 | consensus_recall 0.0000 | threshold 0.550
Epoch 3/30 | train_loss 1.3367 | union_precision 0.6667 | weighted_recall 0.1905 | consensus_recall 0.0000 | threshold 0.550
Epoch 4/30 | train_loss 1.2824 | union_precision 0.8000 | weighted_recall 0.3333 | consensus_recall 0.0000 | threshold 0.575
Epoch 5/30 | train_loss 1.2462 | union_precision 0.8000 | weighted_recall 0.3333 | consensus_recall 0.0000 | threshold 0.575
Epoch 6/30 | train_loss 1.2147 | union_precision 1.0000 | weighted_recall 0.3333 | consensus_recall 0.0000 | threshold 0.575
Epoch 7/30 | train_loss 1.1741 | union_precision 1.0000 | weighted_recall 0.3333 | consensus_recall 0.0000 | threshold 0.575
Epoch 8/30 | train_loss 1.1557 | union_precision 1.0000 | weighted_recall 0.3333 | consensus_recall 0.0000 | threshold 0.575
Epoch 9/30 | train_loss 1.1376 | union_precision 1.0000 | weighted_recall 0.3333 | consensus_recall 0.0000 | threshold 0.600
Epoch 10/30 | train_loss 1.1167 | union_precision 1.0000 | weighted_recall 0.3492 | consensus_recall 0.0000 | threshold 0.600
Epoch 11/30 | train_loss 1.0915 | union_precision 1.0000 | weighted_recall 0.3492 | consensus_recall 0.0000 | threshold 0.625
Epoch 12/30 | train_loss 1.0858 | union_precision 1.0000 | weighted_recall 0.3492 | consensus_recall 0.0000 | threshold 0.650
Epoch 13/30 | train_loss 1.0616 | union_precision 1.0000 | weighted_recall 0.3968 | consensus_recall 0.0000 | threshold 0.650
Epoch 14/30 | train_loss 1.0491 | union_precision 1.0000 | weighted_recall 0.3175 | consensus_recall 0.0000 | threshold 0.675
Epoch 15/30 | train_loss 1.0273 | union_precision 1.0000 | weighted_recall 0.3333 | consensus_recall 0.0000 | threshold 0.675
Epoch 16/30 | train_loss 1.0130 | union_precision 1.0000 | weighted_recall 0.1905 | consensus_recall 0.0000 | threshold 0.700
Epoch 17/30 | train_loss 1.0063 | union_precision 1.0000 | weighted_recall 0.1746 | consensus_recall 0.0000 | threshold 0.725
Epoch 18/30 | train_loss 0.9811 | union_precision 1.0000 | weighted_recall 0.1746 | consensus_recall 0.0000 | threshold 0.750
Epoch 19/30 | train_loss 0.9915 | union_precision 1.0000 | weighted_recall 0.1746 | consensus_recall 0.0000 | threshold 0.775
Epoch 20/30 | train_loss 0.9586 | union_precision 1.0000 | weighted_recall 0.1270 | consensus_recall 0.0000 | threshold 0.800
Early stopping at epoch 20
Held-out M67-1 | union_precision=1.0000 | weighted_recall=0.3333 | consensus_recall=0.0000
  oracle_stage_macro_f1=0.5759 | end_to_end_stage_macro_f1=0.1905
  end_to_end_stage_class_f1=low:0.0000,mid:0.5714,high:0.0000
Epoch 1/30 | train_loss 1.5337 | union_precision 0.5455 | weighted_recall 0.2034 | consensus_recall 0.0000 | threshold 0.500
Epoch 2/30 | train_loss 1.4148 | union_precision 0.5000 | weighted_recall 0.1864 | consensus_recall 0.0000 | threshold 0.525
Epoch 3/30 | train_loss 1.3329 | union_precision 0.5000 | weighted_recall 0.1864 | consensus_recall 0.0000 | threshold 0.550
Epoch 4/30 | train_loss 1.2794 | union_precision 0.5000 | weighted_recall 0.1864 | consensus_recall 0.0000 | threshold 0.550
Epoch 5/30 | train_loss 1.2413 | union_precision 0.5833 | weighted_recall 0.2542 | consensus_recall 0.0000 | threshold 0.550
Epoch 6/30 | train_loss 1.2124 | union_precision 0.5833 | weighted_recall 0.2542 | consensus_recall 0.0000 | threshold 0.525
Epoch 7/30 | train_loss 1.1713 | union_precision 0.6364 | weighted_recall 0.2542 | consensus_recall 0.0000 | threshold 0.525
Epoch 8/30 | train_loss 1.1524 | union_precision 0.6250 | weighted_recall 0.2203 | consensus_recall 0.0000 | threshold 0.575
Epoch 9/30 | train_loss 1.1348 | union_precision 0.6667 | weighted_recall 0.0847 | consensus_recall 0.0000 | threshold 0.600
Epoch 10/30 | train_loss 1.1134 | union_precision 1.0000 | weighted_recall 0.0339 | consensus_recall 0.0000 | threshold 0.675
Epoch 11/30 | train_loss 1.0862 | union_precision 0.8000 | weighted_recall 0.1525 | consensus_recall 0.0000 | threshold 0.625
Epoch 12/30 | train_loss 1.0818 | union_precision 0.8000 | weighted_recall 0.1525 | consensus_recall 0.0000 | threshold 0.625
Epoch 13/30 | train_loss 1.0565 | union_precision 1.0000 | weighted_recall 0.0508 | consensus_recall 0.0000 | threshold 0.700
Epoch 14/30 | train_loss 1.0445 | union_precision 1.0000 | weighted_recall 0.1017 | consensus_recall 0.0000 | threshold 0.700
Epoch 15/30 | train_loss 1.0228 | union_precision 1.0000 | weighted_recall 0.0508 | consensus_recall 0.0000 | threshold 0.700
Epoch 16/30 | train_loss 1.0076 | union_precision 1.0000 | weighted_recall 0.1017 | consensus_recall 0.0000 | threshold 0.700
Epoch 17/30 | train_loss 1.0024 | union_precision 1.0000 | weighted_recall 0.0508 | consensus_recall 0.0000 | threshold 0.725
Epoch 18/30 | train_loss 0.9774 | union_precision 1.0000 | weighted_recall 0.0508 | consensus_recall 0.0000 | threshold 0.725
Epoch 19/30 | train_loss 0.9860 | union_precision 1.0000 | weighted_recall 0.1017 | consensus_recall 0.0000 | threshold 0.725
Early stopping at epoch 19
Held-out M67-2 | union_precision=1.0000 | weighted_recall=0.1017 | consensus_recall=0.0000
  oracle_stage_macro_f1=0.2055 | end_to_end_stage_macro_f1=0.0000
  end_to_end_stage_class_f1=low:0.0000,mid:0.0000,high:0.0000
Epoch 1/30 | train_loss 1.5330 | union_precision 1.0000 | weighted_recall 0.0149 | consensus_recall 0.0000 | threshold 0.600
Epoch 2/30 | train_loss 1.4150 | union_precision 0.7143 | weighted_recall 0.3433 | consensus_recall 0.0000 | threshold 0.575
Epoch 3/30 | train_loss 1.3348 | union_precision 0.7143 | weighted_recall 0.3433 | consensus_recall 0.0000 | threshold 0.575
Epoch 4/30 | train_loss 1.2793 | union_precision 1.0000 | weighted_recall 0.0149 | consensus_recall 0.0000 | threshold 0.650
Epoch 5/30 | train_loss 1.2427 | union_precision 1.0000 | weighted_recall 0.0149 | consensus_recall 0.0000 | threshold 0.650
Epoch 6/30 | train_loss 1.2137 | union_precision 1.0000 | weighted_recall 0.0149 | consensus_recall 0.0000 | threshold 0.650
Early stopping at epoch 6
Held-out M67-3 | union_precision=1.0000 | weighted_recall=0.0149 | consensus_recall=0.0000
  oracle_stage_macro_f1=0.4522 | end_to_end_stage_macro_f1=0.0667
  end_to_end_stage_class_f1=low:0.0000,mid:0.2000,high:0.0000
Epoch 1/30 | train_loss 1.5315 | union_precision 1.0000 | weighted_recall 0.0191 | consensus_recall 0.0000 | threshold 0.700
Epoch 2/30 | train_loss 1.4174 | union_precision 0.5000 | weighted_recall 0.0510 | consensus_recall 0.0000 | threshold 0.700
Epoch 3/30 | train_loss 1.3322 | union_precision 0.6667 | weighted_recall 0.0510 | consensus_recall 0.0000 | threshold 0.725
Epoch 4/30 | train_loss 1.2782 | union_precision 0.6667 | weighted_recall 0.0510 | consensus_recall 0.0000 | threshold 0.725
Epoch 5/30 | train_loss 1.2416 | union_precision 1.0000 | weighted_recall 0.0191 | consensus_recall 0.0000 | threshold 0.725
Epoch 6/30 | train_loss 1.2111 | union_precision 1.0000 | weighted_recall 0.0191 | consensus_recall 0.0000 | threshold 0.725
Early stopping at epoch 6
Held-out M67-4 | union_precision=1.0000 | weighted_recall=0.0191 | consensus_recall=0.0000
  oracle_stage_macro_f1=0.5089 | end_to_end_stage_macro_f1=0.0247
  end_to_end_stage_class_f1=low:0.0000,mid:0.0741,high:0.0000
Epoch 1/30 | train_loss 1.5317 | union_precision 0.5000 | weighted_recall 0.0313 | consensus_recall 0.0000 | threshold 0.550
Epoch 2/30 | train_loss 1.4146 | union_precision 1.0000 | weighted_recall 0.0313 | consensus_recall 0.0000 | threshold 0.575
Epoch 3/30 | train_loss 1.3273 | union_precision 1.0000 | weighted_recall 0.0313 | consensus_recall 0.0000 | threshold 0.600
Epoch 4/30 | train_loss 1.2729 | union_precision 1.0000 | weighted_recall 0.0313 | consensus_recall 0.0000 | threshold 0.600
Epoch 5/30 | train_loss 1.2401 | union_precision 1.0000 | weighted_recall 0.0313 | consensus_recall 0.0000 | threshold 0.600
Epoch 6/30 | train_loss 1.2064 | union_precision 1.0000 | weighted_recall 0.0313 | consensus_recall 0.0000 | threshold 0.625
Epoch 7/30 | train_loss 1.1651 | union_precision 1.0000 | weighted_recall 0.0313 | consensus_recall 0.0000 | threshold 0.625
Early stopping at epoch 7
Held-out M68-1 | union_precision=1.0000 | weighted_recall=0.0313 | consensus_recall=0.0000
  oracle_stage_macro_f1=0.2550 | end_to_end_stage_macro_f1=0.0000
  end_to_end_stage_class_f1=low:0.0000,mid:0.0000,high:0.0000
Epoch 1/30 | train_loss 1.5294 | union_precision 0.6000 | weighted_recall 0.2222 | consensus_recall 0.0000 | threshold 0.525
Epoch 2/30 | train_loss 1.4191 | union_precision 0.5556 | weighted_recall 0.1966 | consensus_recall 0.0000 | threshold 0.550
Epoch 3/30 | train_loss 1.3335 | union_precision 0.5833 | weighted_recall 0.2479 | consensus_recall 0.0000 | threshold 0.550
Epoch 4/30 | train_loss 1.2770 | union_precision 0.5333 | weighted_recall 0.2564 | consensus_recall 0.0000 | threshold 0.550
Epoch 5/30 | train_loss 1.2464 | union_precision 0.5455 | weighted_recall 0.2222 | consensus_recall 0.0000 | threshold 0.575
Epoch 6/30 | train_loss 1.2131 | union_precision 0.4444 | weighted_recall 0.1709 | consensus_recall 0.0000 | threshold 0.575
Early stopping at epoch 6
Held-out M68-2 | union_precision=0.6000 | weighted_recall=0.2222 | consensus_recall=0.0000
  oracle_stage_macro_f1=0.2102 | end_to_end_stage_macro_f1=0.0667
  end_to_end_stage_class_f1=low:0.0000,mid:0.0000,high:0.2000
Epoch 1/30 | train_loss 1.5309 | union_precision 0.5000 | weighted_recall 0.0156 | consensus_recall 0.0000 | threshold 0.600
Epoch 2/30 | train_loss 1.4199 | union_precision 0.2500 | weighted_recall 0.3281 | consensus_recall 0.0000 | threshold 0.500
Epoch 3/30 | train_loss 1.3370 | union_precision 0.2941 | weighted_recall 0.6406 | consensus_recall 0.0000 | threshold 0.475
Epoch 4/30 | train_loss 1.2777 | union_precision 0.4375 | weighted_recall 0.7500 | consensus_recall 0.0000 | threshold 0.600
Epoch 5/30 | train_loss 1.2469 | union_precision 0.4375 | weighted_recall 0.7500 | consensus_recall 0.0000 | threshold 0.550
Epoch 6/30 | train_loss 1.2147 | union_precision 0.4375 | weighted_recall 0.7500 | consensus_recall 0.0000 | threshold 0.500
Early stopping at epoch 6
Held-out M68-3 | union_precision=0.5000 | weighted_recall=0.0156 | consensus_recall=0.0000
  oracle_stage_macro_f1=0.3556 | end_to_end_stage_macro_f1=0.0000
  end_to_end_stage_class_f1=low:0.0000,mid:0.0000,high:0.0000
Epoch 1/30 | train_loss 1.5359 | union_precision 0.8824 | weighted_recall 0.3771 | consensus_recall 0.8000 | threshold 0.575
Epoch 2/30 | train_loss 1.4347 | union_precision 0.8667 | weighted_recall 0.4366 | consensus_recall 0.8000 | threshold 0.575
Epoch 3/30 | train_loss 1.3736 | union_precision 0.9091 | weighted_recall 0.4044 | consensus_recall 0.8000 | threshold 0.625
Epoch 4/30 | train_loss 1.3039 | union_precision 0.8846 | weighted_recall 0.4186 | consensus_recall 0.8000 | threshold 0.625
Epoch 5/30 | train_loss 1.2613 | union_precision 0.9412 | weighted_recall 0.1157 | consensus_recall 0.0000 | threshold 0.650
Epoch 6/30 | train_loss 1.2146 | union_precision 0.9130 | weighted_recall 0.2695 | consensus_recall 0.4000 | threshold 0.625
Epoch 7/30 | train_loss 1.1883 | union_precision 0.9130 | weighted_recall 0.2695 | consensus_recall 0.4000 | threshold 0.625
Early stopping at epoch 7
Held-out M06-1__M06-2__M06-3 | union_precision=0.8667 | weighted_recall=0.4366 | consensus_recall=0.8000
  oracle_stage_macro_f1=0.4048 | end_to_end_stage_macro_f1=0.1090
  end_to_end_stage_class_f1=low:0.0000,mid:0.2295,high:0.0976
Wrote nested CV results to /gpfs/work/int/yuxuanliu2204/Changheng/xmltoexp/MERIX SUBMISSION/Boundary_Restart/reports/nested_piece_cv/M06_outer_level56_seed44
Best candidate: model-tcn__detector_target-level56_boundary__selection_metric-union_recall__min_precision-0p85__loss_type-bce__rest_span_label_mode-none__rest_span_tolerance_negative_weight-1p0 | mean_primary_metric=0.0880 | mean_union_precision=0.8624
