Running nested all-levels on seed=43 from /gpfs/work/int/yuxuanliu2204/Changheng/xmltoexp/MERIX SUBMISSION/Boundary_Restart

=== SEED=43 TARGET=level1_boundary OUTPUT=reports/nested_piece_cv/M06_outer_level1_seed43 ===
Command: python3 Command: run_nested_piece_cv.py Command: --config Command: configs/salience_grouped3_hi8_score_only_xml_curated.yaml Command: --outer_heldout_piece Command: M06-1 Command: M06-2 Command: M06-3 Command: --inner_mode Command: leave_one Command: --n_splits Command: 5 Command: --candidate_json Command: configs/nested_candidates_tcn_085_095_generic.json Command: --model Command: tcn Command: --detector_target Command: level1_boundary Command: --selection_metric Command: union_recall Command: --loss_type Command: bce Command: --rest_span_label_mode Command: none Command: --rest_span_tolerance_negative_weight Command: 1.0 Command: --device Command: cuda Command: --seed Command: 43 Command: --output_dir Command: reports/nested_piece_cv/M06_outer_level1_seed43 Command: --run_outer_fit Command: --reuse_existing 
Epoch 1/30 | train_loss 1.4560 | union_precision 1.0000 | weighted_recall 0.1925 | consensus_recall 0.7143 | threshold 0.050
Epoch 2/30 | train_loss 1.3486 | union_precision 1.0000 | weighted_recall 0.1925 | consensus_recall 0.7143 | threshold 0.050
Epoch 3/30 | train_loss 1.3001 | union_precision 1.0000 | weighted_recall 0.1734 | consensus_recall 0.7143 | threshold 0.050
Epoch 4/30 | train_loss 1.2652 | union_precision 1.0000 | weighted_recall 0.1563 | consensus_recall 0.5714 | threshold 0.050
Epoch 5/30 | train_loss 1.2439 | union_precision 1.0000 | weighted_recall 0.1447 | consensus_recall 0.7143 | threshold 0.050
Epoch 6/30 | train_loss 1.2271 | union_precision 1.0000 | weighted_recall 0.1747 | consensus_recall 0.5714 | threshold 0.050
Epoch 7/30 | train_loss 1.2169 | union_precision 1.0000 | weighted_recall 0.1741 | consensus_recall 0.5714 | threshold 0.050
Epoch 8/30 | train_loss 1.2017 | union_precision 1.0000 | weighted_recall 0.1973 | consensus_recall 0.5714 | threshold 0.050
Epoch 9/30 | train_loss 1.1936 | union_precision 1.0000 | weighted_recall 0.1932 | consensus_recall 0.5714 | threshold 0.050
Epoch 10/30 | train_loss 1.1795 | union_precision 1.0000 | weighted_recall 0.1898 | consensus_recall 0.7143 | threshold 0.050
Early stopping at epoch 10
Held-out M07-1 | union_precision=1.0000 | weighted_recall=0.1447 | consensus_recall=0.7143
  oracle_stage_macro_f1=0.4165 | end_to_end_stage_macro_f1=0.1504
  end_to_end_stage_class_f1=low:0.2427,mid:0.2083,high:0.0000
Epoch 1/30 | train_loss 1.4553 | union_precision 0.9787 | weighted_recall 0.1509 | consensus_recall 0.5000 | threshold 0.050
Epoch 2/30 | train_loss 1.3488 | union_precision 1.0000 | weighted_recall 0.1355 | consensus_recall 0.5000 | threshold 0.050
Epoch 3/30 | train_loss 1.2997 | union_precision 1.0000 | weighted_recall 0.1563 | consensus_recall 0.6250 | threshold 0.050
Epoch 4/30 | train_loss 1.2650 | union_precision 1.0000 | weighted_recall 0.1469 | consensus_recall 0.5000 | threshold 0.050
Epoch 5/30 | train_loss 1.2441 | union_precision 1.0000 | weighted_recall 0.1636 | consensus_recall 0.5000 | threshold 0.050
Epoch 6/30 | train_loss 1.2270 | union_precision 1.0000 | weighted_recall 0.1717 | consensus_recall 0.7500 | threshold 0.050
Epoch 7/30 | train_loss 1.2164 | union_precision 1.0000 | weighted_recall 0.1717 | consensus_recall 0.7500 | threshold 0.050
Epoch 8/30 | train_loss 1.2019 | union_precision 1.0000 | weighted_recall 0.1871 | consensus_recall 0.7500 | threshold 0.050
Early stopping at epoch 8
Held-out M07-2 | union_precision=1.0000 | weighted_recall=0.1563 | consensus_recall=0.6250
  oracle_stage_macro_f1=0.1930 | end_to_end_stage_macro_f1=0.0607
  end_to_end_stage_class_f1=low:0.0000,mid:0.1176,high:0.0645
Epoch 1/30 | train_loss 1.4626 | union_precision 0.9302 | weighted_recall 0.1158 | consensus_recall 0.6471 | threshold 0.050
Epoch 2/30 | train_loss 1.3482 | union_precision 0.9268 | weighted_recall 0.1640 | consensus_recall 0.6471 | threshold 0.050
Epoch 3/30 | train_loss 1.2983 | union_precision 0.9048 | weighted_recall 0.1547 | consensus_recall 0.5882 | threshold 0.050
Epoch 4/30 | train_loss 1.2663 | union_precision 0.9048 | weighted_recall 0.1671 | consensus_recall 0.5882 | threshold 0.050
Epoch 5/30 | train_loss 1.2478 | union_precision 0.9048 | weighted_recall 0.1746 | consensus_recall 0.5882 | threshold 0.050
Epoch 6/30 | train_loss 1.2279 | union_precision 0.9048 | weighted_recall 0.1746 | consensus_recall 0.5882 | threshold 0.050
Early stopping at epoch 6
Held-out M07-3 | union_precision=0.9302 | weighted_recall=0.1158 | consensus_recall=0.6471
  oracle_stage_macro_f1=0.2977 | end_to_end_stage_macro_f1=0.2152
  end_to_end_stage_class_f1=low:0.0922,mid:0.2456,high:0.3077
Epoch 1/30 | train_loss 1.4583 | union_precision 1.0000 | weighted_recall 0.3859 | consensus_recall 0.8235 | threshold 0.050
Epoch 2/30 | train_loss 1.3471 | union_precision 1.0000 | weighted_recall 0.4354 | consensus_recall 0.9412 | threshold 0.050
Epoch 3/30 | train_loss 1.3002 | union_precision 1.0000 | weighted_recall 0.4354 | consensus_recall 0.9412 | threshold 0.050
Epoch 4/30 | train_loss 1.2646 | union_precision 1.0000 | weighted_recall 0.4199 | consensus_recall 0.9412 | threshold 0.050
Epoch 5/30 | train_loss 1.2497 | union_precision 1.0000 | weighted_recall 0.4330 | consensus_recall 0.9412 | threshold 0.050
Epoch 6/30 | train_loss 1.2289 | union_precision 1.0000 | weighted_recall 0.4413 | consensus_recall 0.9412 | threshold 0.050
Epoch 7/30 | train_loss 1.2160 | union_precision 1.0000 | weighted_recall 0.4336 | consensus_recall 1.0000 | threshold 0.050
Epoch 8/30 | train_loss 1.2016 | union_precision 1.0000 | weighted_recall 0.4384 | consensus_recall 0.9412 | threshold 0.050
Epoch 9/30 | train_loss 1.1940 | union_precision 1.0000 | weighted_recall 0.4491 | consensus_recall 0.9412 | threshold 0.050
Epoch 10/30 | train_loss 1.1826 | union_precision 1.0000 | weighted_recall 0.4491 | consensus_recall 0.9412 | threshold 0.050
Epoch 11/30 | train_loss 1.1823 | union_precision 1.0000 | weighted_recall 0.4485 | consensus_recall 0.8824 | threshold 0.050
Epoch 12/30 | train_loss 1.1768 | union_precision 1.0000 | weighted_recall 0.4485 | consensus_recall 0.8824 | threshold 0.050
Epoch 13/30 | train_loss 1.1684 | union_precision 1.0000 | weighted_recall 0.4652 | consensus_recall 0.9412 | threshold 0.050
Epoch 14/30 | train_loss 1.1669 | union_precision 1.0000 | weighted_recall 0.4652 | consensus_recall 0.9412 | threshold 0.050
Epoch 15/30 | train_loss 1.1599 | union_precision 1.0000 | weighted_recall 0.4789 | consensus_recall 1.0000 | threshold 0.050
Epoch 16/30 | train_loss 1.1512 | union_precision 1.0000 | weighted_recall 0.4932 | consensus_recall 1.0000 | threshold 0.050
Epoch 17/30 | train_loss 1.1516 | union_precision 1.0000 | weighted_recall 0.5086 | consensus_recall 1.0000 | threshold 0.050
Epoch 18/30 | train_loss 1.1464 | union_precision 1.0000 | weighted_recall 0.5086 | consensus_recall 1.0000 | threshold 0.050
Epoch 19/30 | train_loss 1.1403 | union_precision 1.0000 | weighted_recall 0.5086 | consensus_recall 1.0000 | threshold 0.050
Epoch 20/30 | train_loss 1.1386 | union_precision 1.0000 | weighted_recall 0.5086 | consensus_recall 1.0000 | threshold 0.050
Epoch 21/30 | train_loss 1.1367 | union_precision 1.0000 | weighted_recall 0.5086 | consensus_recall 1.0000 | threshold 0.050
Epoch 22/30 | train_loss 1.1305 | union_precision 1.0000 | weighted_recall 0.5086 | consensus_recall 1.0000 | threshold 0.050
Early stopping at epoch 22
Held-out M17-1 | union_precision=1.0000 | weighted_recall=0.5086 | consensus_recall=1.0000
  oracle_stage_macro_f1=0.3484 | end_to_end_stage_macro_f1=0.2143
  end_to_end_stage_class_f1=low:0.2111,mid:0.2985,high:0.1333
Epoch 1/30 | train_loss 1.4560 | union_precision 1.0000 | weighted_recall 0.1485 | consensus_recall 0.3333 | threshold 0.050
Epoch 2/30 | train_loss 1.3435 | union_precision 1.0000 | weighted_recall 0.1384 | consensus_recall 0.3333 | threshold 0.050
Epoch 3/30 | train_loss 1.2960 | union_precision 1.0000 | weighted_recall 0.1451 | consensus_recall 0.3333 | threshold 0.050
Epoch 4/30 | train_loss 1.2599 | union_precision 1.0000 | weighted_recall 0.1747 | consensus_recall 0.0000 | threshold 0.050
Epoch 5/30 | train_loss 1.2456 | union_precision 1.0000 | weighted_recall 0.1840 | consensus_recall 0.0000 | threshold 0.050
Epoch 6/30 | train_loss 1.2238 | union_precision 1.0000 | weighted_recall 0.1890 | consensus_recall 0.0000 | threshold 0.050
Epoch 7/30 | train_loss 1.2115 | union_precision 1.0000 | weighted_recall 0.1890 | consensus_recall 0.0000 | threshold 0.050
Epoch 8/30 | train_loss 1.1981 | union_precision 1.0000 | weighted_recall 0.1764 | consensus_recall 0.0000 | threshold 0.050
Epoch 9/30 | train_loss 1.1898 | union_precision 1.0000 | weighted_recall 0.1772 | consensus_recall 0.0000 | threshold 0.050
Epoch 10/30 | train_loss 1.1784 | union_precision 1.0000 | weighted_recall 0.1831 | consensus_recall 0.3333 | threshold 0.050
Epoch 11/30 | train_loss 1.1783 | union_precision 1.0000 | weighted_recall 0.1873 | consensus_recall 0.3333 | threshold 0.050
Early stopping at epoch 11
Held-out M17-2 | union_precision=1.0000 | weighted_recall=0.1890 | consensus_recall=0.0000
  oracle_stage_macro_f1=0.3349 | end_to_end_stage_macro_f1=0.0725
  end_to_end_stage_class_f1=low:0.1200,mid:0.0976,high:0.0000
Epoch 1/30 | train_loss 1.4584 | union_precision 0.9375 | weighted_recall 0.1806 | consensus_recall 0.2000 | threshold 0.050
Epoch 2/30 | train_loss 1.3457 | union_precision 1.0000 | weighted_recall 0.1835 | consensus_recall 0.4000 | threshold 0.050
Epoch 3/30 | train_loss 1.2984 | union_precision 1.0000 | weighted_recall 0.2028 | consensus_recall 0.4500 | threshold 0.050
Epoch 4/30 | train_loss 1.2604 | union_precision 1.0000 | weighted_recall 0.2120 | consensus_recall 0.5000 | threshold 0.050
Epoch 5/30 | train_loss 1.2479 | union_precision 1.0000 | weighted_recall 0.2149 | consensus_recall 0.5000 | threshold 0.050
Epoch 6/30 | train_loss 1.2244 | union_precision 1.0000 | weighted_recall 0.2149 | consensus_recall 0.5500 | threshold 0.050
Epoch 7/30 | train_loss 1.2115 | union_precision 1.0000 | weighted_recall 0.2255 | consensus_recall 0.6000 | threshold 0.050
Epoch 8/30 | train_loss 1.1982 | union_precision 1.0000 | weighted_recall 0.2226 | consensus_recall 0.6500 | threshold 0.050
Epoch 9/30 | train_loss 1.1893 | union_precision 1.0000 | weighted_recall 0.2424 | consensus_recall 0.6500 | threshold 0.050
Epoch 10/30 | train_loss 1.1772 | union_precision 1.0000 | weighted_recall 0.2467 | consensus_recall 0.6500 | threshold 0.050
Epoch 11/30 | train_loss 1.1772 | union_precision 1.0000 | weighted_recall 0.2661 | consensus_recall 0.6500 | threshold 0.050
Epoch 12/30 | train_loss 1.1720 | union_precision 1.0000 | weighted_recall 0.2651 | consensus_recall 0.6500 | threshold 0.050
Epoch 13/30 | train_loss 1.1638 | union_precision 1.0000 | weighted_recall 0.2728 | consensus_recall 0.6500 | threshold 0.050
Epoch 14/30 | train_loss 1.1620 | union_precision 1.0000 | weighted_recall 0.2839 | consensus_recall 0.6500 | threshold 0.050
Epoch 15/30 | train_loss 1.1560 | union_precision 1.0000 | weighted_recall 0.2989 | consensus_recall 0.7000 | threshold 0.050
Epoch 16/30 | train_loss 1.1461 | union_precision 1.0000 | weighted_recall 0.3153 | consensus_recall 0.7500 | threshold 0.050
Epoch 17/30 | train_loss 1.1467 | union_precision 1.0000 | weighted_recall 0.2936 | consensus_recall 0.7000 | threshold 0.050
Epoch 18/30 | train_loss 1.1421 | union_precision 1.0000 | weighted_recall 0.2921 | consensus_recall 0.7000 | threshold 0.050
Epoch 19/30 | train_loss 1.1356 | union_precision 1.0000 | weighted_recall 0.2921 | consensus_recall 0.7000 | threshold 0.050
Epoch 20/30 | train_loss 1.1342 | union_precision 1.0000 | weighted_recall 0.2970 | consensus_recall 0.7000 | threshold 0.050
Epoch 21/30 | train_loss 1.1314 | union_precision 1.0000 | weighted_recall 0.2970 | consensus_recall 0.7000 | threshold 0.050
Early stopping at epoch 21
Held-out M17-3 | union_precision=1.0000 | weighted_recall=0.3153 | consensus_recall=0.7500
  oracle_stage_macro_f1=0.3244 | end_to_end_stage_macro_f1=0.1603
  end_to_end_stage_class_f1=low:0.1785,mid:0.0882,high:0.2143
Epoch 1/30 | train_loss 1.4581 | union_precision 1.0000 | weighted_recall 0.1510 | consensus_recall 0.5714 | threshold 0.050
Epoch 2/30 | train_loss 1.3440 | union_precision 1.0000 | weighted_recall 0.1461 | consensus_recall 0.5714 | threshold 0.050
Epoch 3/30 | train_loss 1.2955 | union_precision 1.0000 | weighted_recall 0.1429 | consensus_recall 0.5714 | threshold 0.050
Epoch 4/30 | train_loss 1.2570 | union_precision 1.0000 | weighted_recall 0.1565 | consensus_recall 0.5714 | threshold 0.050
Epoch 5/30 | train_loss 1.2444 | union_precision 1.0000 | weighted_recall 0.1649 | consensus_recall 0.5714 | threshold 0.050
Epoch 6/30 | train_loss 1.2223 | union_precision 1.0000 | weighted_recall 0.1468 | consensus_recall 0.5714 | threshold 0.050
Early stopping at epoch 6
Held-out M17-4 | union_precision=1.0000 | weighted_recall=0.1510 | consensus_recall=0.5714
  oracle_stage_macro_f1=0.2377 | end_to_end_stage_macro_f1=0.0978
  end_to_end_stage_class_f1=low:0.1722,mid:0.1212,high:0.0000
Epoch 1/30 | train_loss 1.4558 | union_precision 0.9756 | weighted_recall 0.2163 | consensus_recall 0.7273 | threshold 0.050
Epoch 2/30 | train_loss 1.3464 | union_precision 0.9756 | weighted_recall 0.2304 | consensus_recall 0.6364 | threshold 0.050
Epoch 3/30 | train_loss 1.2971 | union_precision 0.9756 | weighted_recall 0.2214 | consensus_recall 0.6364 | threshold 0.050
Epoch 4/30 | train_loss 1.2607 | union_precision 0.9737 | weighted_recall 0.1958 | consensus_recall 0.5455 | threshold 0.050
Epoch 5/30 | train_loss 1.2463 | union_precision 0.9730 | weighted_recall 0.1836 | consensus_recall 0.4545 | threshold 0.050
Epoch 6/30 | train_loss 1.2239 | union_precision 0.9737 | weighted_recall 0.2118 | consensus_recall 0.6364 | threshold 0.050
Epoch 7/30 | train_loss 1.2137 | union_precision 0.9730 | weighted_recall 0.2240 | consensus_recall 0.7273 | threshold 0.050
Early stopping at epoch 7
Held-out M24-1 | union_precision=0.9756 | weighted_recall=0.2304 | consensus_recall=0.6364
  oracle_stage_macro_f1=0.3703 | end_to_end_stage_macro_f1=0.0989
  end_to_end_stage_class_f1=low:0.1538,mid:0.1429,high:0.0000
Epoch 1/30 | train_loss 1.4574 | union_precision 0.9756 | weighted_recall 0.1225 | consensus_recall 0.1333 | threshold 0.050
Epoch 2/30 | train_loss 1.3457 | union_precision 0.9756 | weighted_recall 0.1351 | consensus_recall 0.2667 | threshold 0.050
Epoch 3/30 | train_loss 1.2994 | union_precision 0.9756 | weighted_recall 0.1670 | consensus_recall 0.4667 | threshold 0.050
Epoch 4/30 | train_loss 1.2607 | union_precision 0.9744 | weighted_recall 0.1452 | consensus_recall 0.4667 | threshold 0.050
Epoch 5/30 | train_loss 1.2460 | union_precision 0.9767 | weighted_recall 0.1771 | consensus_recall 0.5333 | threshold 0.050
Epoch 6/30 | train_loss 1.2253 | union_precision 0.9783 | weighted_recall 0.2216 | consensus_recall 0.7333 | threshold 0.050
Epoch 7/30 | train_loss 1.2138 | union_precision 0.9792 | weighted_recall 0.2337 | consensus_recall 0.7333 | threshold 0.050
Epoch 8/30 | train_loss 1.2002 | union_precision 0.9800 | weighted_recall 0.2491 | consensus_recall 0.8000 | threshold 0.050
Epoch 9/30 | train_loss 1.1922 | union_precision 0.9796 | weighted_recall 0.2479 | consensus_recall 0.8000 | threshold 0.050
Epoch 10/30 | train_loss 1.1794 | union_precision 0.9792 | weighted_recall 0.2467 | consensus_recall 0.8000 | threshold 0.050
Epoch 11/30 | train_loss 1.1803 | union_precision 0.9565 | weighted_recall 0.2426 | consensus_recall 0.7333 | threshold 0.050
Epoch 12/30 | train_loss 1.1732 | union_precision 0.9565 | weighted_recall 0.2450 | consensus_recall 0.7333 | threshold 0.050
Epoch 13/30 | train_loss 1.1649 | union_precision 0.9574 | weighted_recall 0.2600 | consensus_recall 0.7333 | threshold 0.050
Early stopping at epoch 13
Held-out M24-2 | union_precision=0.9800 | weighted_recall=0.2491 | consensus_recall=0.8000
  oracle_stage_macro_f1=0.3163 | end_to_end_stage_macro_f1=0.1563
  end_to_end_stage_class_f1=low:0.1882,mid:0.2807,high:0.0000
Epoch 1/30 | train_loss 1.4562 | union_precision 1.0000 | weighted_recall 0.1919 | consensus_recall 0.4737 | threshold 0.050
Epoch 2/30 | train_loss 1.3440 | union_precision 1.0000 | weighted_recall 0.1851 | consensus_recall 0.3684 | threshold 0.050
Epoch 3/30 | train_loss 1.2998 | union_precision 0.9333 | weighted_recall 0.2093 | consensus_recall 0.3684 | threshold 0.050
Epoch 4/30 | train_loss 1.2605 | union_precision 0.9310 | weighted_recall 0.2733 | consensus_recall 0.4737 | threshold 0.050
Epoch 5/30 | train_loss 1.2454 | union_precision 0.9286 | weighted_recall 0.2471 | consensus_recall 0.4211 | threshold 0.050
Epoch 6/30 | train_loss 1.2261 | union_precision 0.9259 | weighted_recall 0.2364 | consensus_recall 0.4211 | threshold 0.050
Early stopping at epoch 6
Held-out M24-3 | union_precision=1.0000 | weighted_recall=0.1919 | consensus_recall=0.4737
  oracle_stage_macro_f1=0.2911 | end_to_end_stage_macro_f1=0.1327
  end_to_end_stage_class_f1=low:0.1185,mid:0.0690,high:0.2105
Epoch 1/30 | train_loss 1.4652 | union_precision 1.0000 | weighted_recall 0.2444 | consensus_recall 0.6818 | threshold 0.050
Epoch 2/30 | train_loss 1.3516 | union_precision 1.0000 | weighted_recall 0.2582 | consensus_recall 0.8182 | threshold 0.050
Epoch 3/30 | train_loss 1.3019 | union_precision 1.0000 | weighted_recall 0.2624 | consensus_recall 0.8636 | threshold 0.050
Epoch 4/30 | train_loss 1.2633 | union_precision 1.0000 | weighted_recall 0.2458 | consensus_recall 0.8636 | threshold 0.050
Epoch 5/30 | train_loss 1.2493 | union_precision 1.0000 | weighted_recall 0.2562 | consensus_recall 0.8636 | threshold 0.050
Epoch 6/30 | train_loss 1.2276 | union_precision 1.0000 | weighted_recall 0.2579 | consensus_recall 0.8636 | threshold 0.050
Epoch 7/30 | train_loss 1.2155 | union_precision 1.0000 | weighted_recall 0.2540 | consensus_recall 0.8636 | threshold 0.050
Epoch 8/30 | train_loss 1.1995 | union_precision 1.0000 | weighted_recall 0.2681 | consensus_recall 0.8636 | threshold 0.050
Epoch 9/30 | train_loss 1.1925 | union_precision 1.0000 | weighted_recall 0.2636 | consensus_recall 0.8636 | threshold 0.050
Epoch 10/30 | train_loss 1.1806 | union_precision 1.0000 | weighted_recall 0.2636 | consensus_recall 0.8636 | threshold 0.050
Epoch 11/30 | train_loss 1.1789 | union_precision 1.0000 | weighted_recall 0.2636 | consensus_recall 0.8636 | threshold 0.050
Epoch 12/30 | train_loss 1.1706 | union_precision 1.0000 | weighted_recall 0.2678 | consensus_recall 0.9091 | threshold 0.050
Epoch 13/30 | train_loss 1.1656 | union_precision 1.0000 | weighted_recall 0.2684 | consensus_recall 0.9091 | threshold 0.050
Epoch 14/30 | train_loss 1.1619 | union_precision 1.0000 | weighted_recall 0.2619 | consensus_recall 0.8636 | threshold 0.050
Epoch 15/30 | train_loss 1.1587 | union_precision 1.0000 | weighted_recall 0.2619 | consensus_recall 0.8636 | threshold 0.050
Epoch 16/30 | train_loss 1.1466 | union_precision 1.0000 | weighted_recall 0.2619 | consensus_recall 0.8636 | threshold 0.050
Epoch 17/30 | train_loss 1.1475 | union_precision 1.0000 | weighted_recall 0.2624 | consensus_recall 0.8636 | threshold 0.050
Epoch 18/30 | train_loss 1.1452 | union_precision 1.0000 | weighted_recall 0.2624 | consensus_recall 0.8636 | threshold 0.050
Early stopping at epoch 18
Held-out M24-4 | union_precision=1.0000 | weighted_recall=0.2684 | consensus_recall=0.9091
  oracle_stage_macro_f1=0.3496 | end_to_end_stage_macro_f1=0.1888
  end_to_end_stage_class_f1=low:0.1020,mid:0.2576,high:0.2069
Epoch 1/30 | train_loss 1.4557 | union_precision 1.0000 | weighted_recall 0.1498 | consensus_recall 0.8000 | threshold 0.050
Epoch 2/30 | train_loss 1.3473 | union_precision 1.0000 | weighted_recall 0.1546 | consensus_recall 1.0000 | threshold 0.050
Epoch 3/30 | train_loss 1.2970 | union_precision 1.0000 | weighted_recall 0.1739 | consensus_recall 1.0000 | threshold 0.050
Epoch 4/30 | train_loss 1.2609 | union_precision 1.0000 | weighted_recall 0.1606 | consensus_recall 1.0000 | threshold 0.050
Epoch 5/30 | train_loss 1.2454 | union_precision 1.0000 | weighted_recall 0.1679 | consensus_recall 1.0000 | threshold 0.050
Epoch 6/30 | train_loss 1.2248 | union_precision 1.0000 | weighted_recall 0.1643 | consensus_recall 1.0000 | threshold 0.050
Epoch 7/30 | train_loss 1.2122 | union_precision 1.0000 | weighted_recall 0.1643 | consensus_recall 1.0000 | threshold 0.050
Early stopping at epoch 7
Held-out M30-1 | union_precision=1.0000 | weighted_recall=0.1546 | consensus_recall=1.0000
  oracle_stage_macro_f1=0.2556 | end_to_end_stage_macro_f1=0.1393
  end_to_end_stage_class_f1=low:0.0952,mid:0.3226,high:0.0000
Epoch 1/30 | train_loss 1.4555 | union_precision 1.0000 | weighted_recall 0.1619 | consensus_recall 0.5000 | threshold 0.050
Epoch 2/30 | train_loss 1.3477 | union_precision 1.0000 | weighted_recall 0.2020 | consensus_recall 0.5000 | threshold 0.050
Epoch 3/30 | train_loss 1.2965 | union_precision 1.0000 | weighted_recall 0.1521 | consensus_recall 0.5000 | threshold 0.050
Epoch 4/30 | train_loss 1.2610 | union_precision 1.0000 | weighted_recall 0.1450 | consensus_recall 0.7500 | threshold 0.050
Epoch 5/30 | train_loss 1.2453 | union_precision 1.0000 | weighted_recall 0.1610 | consensus_recall 1.0000 | threshold 0.050
Epoch 6/30 | train_loss 1.2246 | union_precision 1.0000 | weighted_recall 0.1610 | consensus_recall 1.0000 | threshold 0.050
Epoch 7/30 | train_loss 1.2124 | union_precision 1.0000 | weighted_recall 0.1610 | consensus_recall 1.0000 | threshold 0.050
Epoch 8/30 | train_loss 1.1972 | union_precision 1.0000 | weighted_recall 0.1931 | consensus_recall 1.0000 | threshold 0.050
Epoch 9/30 | train_loss 1.1903 | union_precision 1.0000 | weighted_recall 0.2117 | consensus_recall 1.0000 | threshold 0.050
Epoch 10/30 | train_loss 1.1778 | union_precision 1.0000 | weighted_recall 0.2117 | consensus_recall 1.0000 | threshold 0.050
Epoch 11/30 | train_loss 1.1769 | union_precision 1.0000 | weighted_recall 0.2153 | consensus_recall 1.0000 | threshold 0.050
Epoch 12/30 | train_loss 1.1683 | union_precision 1.0000 | weighted_recall 0.2162 | consensus_recall 1.0000 | threshold 0.050
Epoch 13/30 | train_loss 1.1637 | union_precision 1.0000 | weighted_recall 0.2322 | consensus_recall 1.0000 | threshold 0.050
Epoch 14/30 | train_loss 1.1589 | union_precision 1.0000 | weighted_recall 0.2322 | consensus_recall 1.0000 | threshold 0.050
Epoch 15/30 | train_loss 1.1576 | union_precision 1.0000 | weighted_recall 0.2091 | consensus_recall 1.0000 | threshold 0.050
Epoch 16/30 | train_loss 1.1432 | union_precision 1.0000 | weighted_recall 0.2180 | consensus_recall 1.0000 | threshold 0.050
Early stopping at epoch 16
Held-out M30-2 | union_precision=1.0000 | weighted_recall=0.2153 | consensus_recall=1.0000
  oracle_stage_macro_f1=0.3486 | end_to_end_stage_macro_f1=0.1179
  end_to_end_stage_class_f1=low:0.0870,mid:0.2667,high:0.0000
Epoch 1/30 | train_loss 1.4588 | union_precision 1.0000 | weighted_recall 0.1312 | consensus_recall 0.3846 | threshold 0.050
Epoch 2/30 | train_loss 1.3486 | union_precision 1.0000 | weighted_recall 0.1651 | consensus_recall 0.3077 | threshold 0.050
Epoch 3/30 | train_loss 1.2954 | union_precision 1.0000 | weighted_recall 0.1951 | consensus_recall 0.5385 | threshold 0.050
Epoch 4/30 | train_loss 1.2616 | union_precision 1.0000 | weighted_recall 0.2724 | consensus_recall 0.8462 | threshold 0.050
Epoch 5/30 | train_loss 1.2457 | union_precision 1.0000 | weighted_recall 0.2724 | consensus_recall 0.8462 | threshold 0.050
Epoch 6/30 | train_loss 1.2260 | union_precision 1.0000 | weighted_recall 0.2739 | consensus_recall 0.7692 | threshold 0.050
Epoch 7/30 | train_loss 1.2122 | union_precision 1.0000 | weighted_recall 0.3053 | consensus_recall 0.9231 | threshold 0.050
Epoch 8/30 | train_loss 1.1975 | union_precision 1.0000 | weighted_recall 0.2987 | consensus_recall 0.9231 | threshold 0.050
Epoch 9/30 | train_loss 1.1915 | union_precision 1.0000 | weighted_recall 0.3020 | consensus_recall 0.9231 | threshold 0.050
Epoch 10/30 | train_loss 1.1782 | union_precision 1.0000 | weighted_recall 0.2953 | consensus_recall 0.9231 | threshold 0.050
Epoch 11/30 | train_loss 1.1762 | union_precision 1.0000 | weighted_recall 0.2948 | consensus_recall 0.8462 | threshold 0.050
Epoch 12/30 | train_loss 1.1686 | union_precision 1.0000 | weighted_recall 0.3135 | consensus_recall 0.8462 | threshold 0.050
Epoch 13/30 | train_loss 1.1633 | union_precision 1.0000 | weighted_recall 0.3135 | consensus_recall 0.8462 | threshold 0.050
Epoch 14/30 | train_loss 1.1587 | union_precision 1.0000 | weighted_recall 0.3230 | consensus_recall 0.8462 | threshold 0.050
Epoch 15/30 | train_loss 1.1567 | union_precision 1.0000 | weighted_recall 0.3225 | consensus_recall 0.8462 | threshold 0.050
Epoch 16/30 | train_loss 1.1425 | union_precision 1.0000 | weighted_recall 0.3402 | consensus_recall 0.8462 | threshold 0.050
Epoch 17/30 | train_loss 1.1449 | union_precision 1.0000 | weighted_recall 0.3402 | consensus_recall 0.8462 | threshold 0.050
Epoch 18/30 | train_loss 1.1428 | union_precision 1.0000 | weighted_recall 0.3430 | consensus_recall 0.8462 | threshold 0.050
Epoch 19/30 | train_loss 1.1360 | union_precision 1.0000 | weighted_recall 0.3430 | consensus_recall 0.8462 | threshold 0.050
Epoch 20/30 | train_loss 1.1358 | union_precision 1.0000 | weighted_recall 0.3387 | consensus_recall 0.8462 | threshold 0.050
Epoch 21/30 | train_loss 1.1313 | union_precision 1.0000 | weighted_recall 0.3387 | consensus_recall 0.8462 | threshold 0.050
Epoch 22/30 | train_loss 1.1285 | union_precision 1.0000 | weighted_recall 0.3387 | consensus_recall 0.8462 | threshold 0.050
Epoch 23/30 | train_loss 1.1259 | union_precision 1.0000 | weighted_recall 0.3387 | consensus_recall 0.8462 | threshold 0.050
Early stopping at epoch 23
Held-out M30-3 | union_precision=1.0000 | weighted_recall=0.3430 | consensus_recall=0.8462
  oracle_stage_macro_f1=0.1874 | end_to_end_stage_macro_f1=0.0558
  end_to_end_stage_class_f1=low:0.0342,mid:0.0000,high:0.1333
Epoch 1/30 | train_loss 1.4592 | union_precision 0.9800 | weighted_recall 0.1337 | consensus_recall 0.1000 | threshold 0.050
Epoch 2/30 | train_loss 1.3524 | union_precision 0.9811 | weighted_recall 0.1567 | consensus_recall 0.1000 | threshold 0.050
Epoch 3/30 | train_loss 1.2993 | union_precision 0.9636 | weighted_recall 0.1707 | consensus_recall 0.1000 | threshold 0.050
Epoch 4/30 | train_loss 1.2661 | union_precision 0.9815 | weighted_recall 0.1779 | consensus_recall 0.2500 | threshold 0.050
Epoch 5/30 | train_loss 1.2500 | union_precision 0.9815 | weighted_recall 0.1725 | consensus_recall 0.2500 | threshold 0.050
Epoch 6/30 | train_loss 1.2283 | union_precision 0.9815 | weighted_recall 0.1771 | consensus_recall 0.2500 | threshold 0.050
Epoch 7/30 | train_loss 1.2154 | union_precision 0.9815 | weighted_recall 0.1833 | consensus_recall 0.2500 | threshold 0.050
Epoch 8/30 | train_loss 1.2023 | union_precision 0.9815 | weighted_recall 0.1940 | consensus_recall 0.3000 | threshold 0.050
Epoch 9/30 | train_loss 1.1955 | union_precision 0.9811 | weighted_recall 0.1865 | consensus_recall 0.3000 | threshold 0.050
Epoch 10/30 | train_loss 1.1822 | union_precision 0.9811 | weighted_recall 0.2328 | consensus_recall 0.5000 | threshold 0.050
Epoch 11/30 | train_loss 1.1794 | union_precision 0.9811 | weighted_recall 0.2508 | consensus_recall 0.6000 | threshold 0.050
Epoch 12/30 | train_loss 1.1722 | union_precision 1.0000 | weighted_recall 0.2986 | consensus_recall 0.7500 | threshold 0.050
Epoch 13/30 | train_loss 1.1674 | union_precision 1.0000 | weighted_recall 0.3302 | consensus_recall 0.8000 | threshold 0.050
Epoch 14/30 | train_loss 1.1632 | union_precision 1.0000 | weighted_recall 0.3302 | consensus_recall 0.8000 | threshold 0.050
Epoch 15/30 | train_loss 1.1605 | union_precision 1.0000 | weighted_recall 0.3396 | consensus_recall 0.8000 | threshold 0.050
Epoch 16/30 | train_loss 1.1474 | union_precision 1.0000 | weighted_recall 0.3392 | consensus_recall 0.7500 | threshold 0.050
Epoch 17/30 | train_loss 1.1483 | union_precision 1.0000 | weighted_recall 0.3435 | consensus_recall 0.7500 | threshold 0.050
Epoch 18/30 | train_loss 1.1464 | union_precision 1.0000 | weighted_recall 0.3428 | consensus_recall 0.7500 | threshold 0.050
Epoch 19/30 | train_loss 1.1392 | union_precision 1.0000 | weighted_recall 0.3356 | consensus_recall 0.7500 | threshold 0.050
Epoch 20/30 | train_loss 1.1383 | union_precision 1.0000 | weighted_recall 0.3367 | consensus_recall 0.7500 | threshold 0.050
Early stopping at epoch 20
Held-out M30-4 | union_precision=1.0000 | weighted_recall=0.3396 | consensus_recall=0.8000
  oracle_stage_macro_f1=0.3184 | end_to_end_stage_macro_f1=0.1663
  end_to_end_stage_class_f1=low:0.1754,mid:0.1754,high:0.1481
Epoch 1/30 | train_loss 1.4535 | union_precision 1.0000 | weighted_recall 0.1846 | consensus_recall 1.0000 | threshold 0.050
Epoch 2/30 | train_loss 1.3460 | union_precision 1.0000 | weighted_recall 0.1846 | consensus_recall 1.0000 | threshold 0.050
Epoch 3/30 | train_loss 1.2938 | union_precision 0.9444 | weighted_recall 0.1833 | consensus_recall 1.0000 | threshold 0.050
Epoch 4/30 | train_loss 1.2600 | union_precision 0.9444 | weighted_recall 0.1833 | consensus_recall 1.0000 | threshold 0.050
Epoch 5/30 | train_loss 1.2443 | union_precision 0.9444 | weighted_recall 0.1833 | consensus_recall 1.0000 | threshold 0.050
Epoch 6/30 | train_loss 1.2250 | union_precision 0.9444 | weighted_recall 0.1833 | consensus_recall 1.0000 | threshold 0.050
Early stopping at epoch 6
Held-out M33-1 | union_precision=1.0000 | weighted_recall=0.1846 | consensus_recall=1.0000
  oracle_stage_macro_f1=0.3046 | end_to_end_stage_macro_f1=0.1354
  end_to_end_stage_class_f1=low:0.1778,mid:0.2286,high:0.0000
Epoch 1/30 | train_loss 1.4574 | union_precision 1.0000 | weighted_recall 0.1580 | consensus_recall 0.2000 | threshold 0.050
Epoch 2/30 | train_loss 1.3499 | union_precision 1.0000 | weighted_recall 0.1600 | consensus_recall 0.2000 | threshold 0.050
Epoch 3/30 | train_loss 1.2964 | union_precision 1.0000 | weighted_recall 0.1600 | consensus_recall 0.2000 | threshold 0.050
Epoch 4/30 | train_loss 1.2608 | union_precision 1.0000 | weighted_recall 0.1542 | consensus_recall 0.2000 | threshold 0.050
Epoch 5/30 | train_loss 1.2449 | union_precision 1.0000 | weighted_recall 0.1642 | consensus_recall 0.2000 | threshold 0.050
Epoch 6/30 | train_loss 1.2269 | union_precision 1.0000 | weighted_recall 0.1634 | consensus_recall 0.2000 | threshold 0.050
Early stopping at epoch 6
Held-out M33-2 | union_precision=1.0000 | weighted_recall=0.1580 | consensus_recall=0.2000
  oracle_stage_macro_f1=0.2957 | end_to_end_stage_macro_f1=0.0874
  end_to_end_stage_class_f1=low:0.0884,mid:0.1739,high:0.0000
Epoch 1/30 | train_loss 1.4527 | union_precision 0.9630 | weighted_recall 0.1555 | consensus_recall 0.5000 | threshold 0.050
Epoch 2/30 | train_loss 1.3489 | union_precision 0.9630 | weighted_recall 0.1206 | consensus_recall 0.2500 | threshold 0.050
Epoch 3/30 | train_loss 1.2942 | union_precision 0.9615 | weighted_recall 0.1253 | consensus_recall 0.5000 | threshold 0.050
Epoch 4/30 | train_loss 1.2603 | union_precision 0.9600 | weighted_recall 0.1183 | consensus_recall 0.5000 | threshold 0.050
Epoch 5/30 | train_loss 1.2433 | union_precision 0.9583 | weighted_recall 0.0974 | consensus_recall 0.2500 | threshold 0.050
Epoch 6/30 | train_loss 1.2260 | union_precision 0.9600 | weighted_recall 0.1183 | consensus_recall 0.5000 | threshold 0.050
Early stopping at epoch 6
Held-out M33-3 | union_precision=0.9630 | weighted_recall=0.1555 | consensus_recall=0.5000
  oracle_stage_macro_f1=0.3269 | end_to_end_stage_macro_f1=0.0995
  end_to_end_stage_class_f1=low:0.2295,mid:0.0690,high:0.0000
Epoch 1/30 | train_loss 1.4540 | union_precision 1.0000 | weighted_recall 0.1383 | consensus_recall 0.3750 | threshold 0.050
Epoch 2/30 | train_loss 1.3595 | union_precision 1.0000 | weighted_recall 0.1562 | consensus_recall 0.3750 | threshold 0.050
Epoch 3/30 | train_loss 1.2914 | union_precision 1.0000 | weighted_recall 0.1576 | consensus_recall 0.6250 | threshold 0.050
Epoch 4/30 | train_loss 1.2681 | union_precision 1.0000 | weighted_recall 0.1684 | consensus_recall 0.7500 | threshold 0.050
Epoch 5/30 | train_loss 1.2444 | union_precision 1.0000 | weighted_recall 0.1692 | consensus_recall 0.7500 | threshold 0.050
Epoch 6/30 | train_loss 1.2255 | union_precision 1.0000 | weighted_recall 0.1678 | consensus_recall 0.7500 | threshold 0.050
Epoch 7/30 | train_loss 1.2138 | union_precision 1.0000 | weighted_recall 0.1678 | consensus_recall 0.7500 | threshold 0.050
Epoch 8/30 | train_loss 1.1998 | union_precision 1.0000 | weighted_recall 0.1712 | consensus_recall 0.7500 | threshold 0.050
Epoch 9/30 | train_loss 1.1910 | union_precision 1.0000 | weighted_recall 0.1847 | consensus_recall 0.7500 | threshold 0.050
Early stopping at epoch 9
Held-out M33-4 | union_precision=1.0000 | weighted_recall=0.1684 | consensus_recall=0.7500
  oracle_stage_macro_f1=0.2957 | end_to_end_stage_macro_f1=0.1178
  end_to_end_stage_class_f1=low:0.1048,mid:0.1931,high:0.0556
Epoch 1/30 | train_loss 1.4572 | union_precision 1.0000 | weighted_recall 0.1768 | consensus_recall 0.4000 | threshold 0.050
Epoch 2/30 | train_loss 1.3523 | union_precision 1.0000 | weighted_recall 0.1954 | consensus_recall 0.4000 | threshold 0.050
Epoch 3/30 | train_loss 1.2975 | union_precision 0.9828 | weighted_recall 0.2104 | consensus_recall 0.5000 | threshold 0.050
Epoch 4/30 | train_loss 1.2597 | union_precision 0.9821 | weighted_recall 0.2087 | consensus_recall 0.5000 | threshold 0.050
Epoch 5/30 | train_loss 1.2432 | union_precision 0.9825 | weighted_recall 0.2162 | consensus_recall 0.5000 | threshold 0.050
Epoch 6/30 | train_loss 1.2254 | union_precision 0.9828 | weighted_recall 0.2087 | consensus_recall 0.6000 | threshold 0.050
Epoch 7/30 | train_loss 1.2128 | union_precision 0.9828 | weighted_recall 0.2087 | consensus_recall 0.6000 | threshold 0.050
Epoch 8/30 | train_loss 1.1989 | union_precision 1.0000 | weighted_recall 0.2081 | consensus_recall 0.6000 | threshold 0.050
Epoch 9/30 | train_loss 1.1930 | union_precision 1.0000 | weighted_recall 0.2197 | consensus_recall 0.6000 | threshold 0.050
Epoch 10/30 | train_loss 1.1783 | union_precision 1.0000 | weighted_recall 0.2238 | consensus_recall 0.6000 | threshold 0.050
Epoch 11/30 | train_loss 1.1782 | union_precision 1.0000 | weighted_recall 0.2255 | consensus_recall 0.7000 | threshold 0.050
Epoch 12/30 | train_loss 1.1669 | union_precision 1.0000 | weighted_recall 0.2487 | consensus_recall 0.8000 | threshold 0.050
Epoch 13/30 | train_loss 1.1632 | union_precision 1.0000 | weighted_recall 0.2400 | consensus_recall 0.8000 | threshold 0.050
Epoch 14/30 | train_loss 1.1589 | union_precision 1.0000 | weighted_recall 0.2400 | consensus_recall 0.8000 | threshold 0.050
Epoch 15/30 | train_loss 1.1567 | union_precision 1.0000 | weighted_recall 0.2313 | consensus_recall 0.8000 | threshold 0.050
Early stopping at epoch 15
Held-out M41-1 | union_precision=1.0000 | weighted_recall=0.2238 | consensus_recall=0.6000
  oracle_stage_macro_f1=0.3550 | end_to_end_stage_macro_f1=0.1759
  end_to_end_stage_class_f1=low:0.1577,mid:0.2162,high:0.1538
Epoch 1/30 | train_loss 1.4524 | union_precision 1.0000 | weighted_recall 0.1771 | consensus_recall 1.0000 | threshold 0.050
Epoch 2/30 | train_loss 1.3495 | union_precision 1.0000 | weighted_recall 0.1841 | consensus_recall 1.0000 | threshold 0.050
Epoch 3/30 | train_loss 1.2962 | union_precision 1.0000 | weighted_recall 0.1881 | consensus_recall 1.0000 | threshold 0.050
Epoch 4/30 | train_loss 1.2566 | union_precision 1.0000 | weighted_recall 0.1841 | consensus_recall 1.0000 | threshold 0.050
Epoch 5/30 | train_loss 1.2414 | union_precision 1.0000 | weighted_recall 0.1630 | consensus_recall 1.0000 | threshold 0.050
Epoch 6/30 | train_loss 1.2254 | union_precision 1.0000 | weighted_recall 0.1700 | consensus_recall 1.0000 | threshold 0.050
Epoch 7/30 | train_loss 1.2113 | union_precision 1.0000 | weighted_recall 0.1761 | consensus_recall 1.0000 | threshold 0.050
Epoch 8/30 | train_loss 1.1974 | union_precision 1.0000 | weighted_recall 0.1730 | consensus_recall 1.0000 | threshold 0.050
Epoch 9/30 | train_loss 1.1922 | union_precision 1.0000 | weighted_recall 0.1700 | consensus_recall 1.0000 | threshold 0.050
Epoch 10/30 | train_loss 1.1781 | union_precision 1.0000 | weighted_recall 0.1740 | consensus_recall 1.0000 | threshold 0.050
Epoch 11/30 | train_loss 1.1778 | union_precision 1.0000 | weighted_recall 0.1730 | consensus_recall 1.0000 | threshold 0.050
Epoch 12/30 | train_loss 1.1657 | union_precision 1.0000 | weighted_recall 0.1278 | consensus_recall 0.5000 | threshold 0.050
Early stopping at epoch 12
Held-out M41-2 | union_precision=1.0000 | weighted_recall=0.1761 | consensus_recall=1.0000
  oracle_stage_macro_f1=0.2486 | end_to_end_stage_macro_f1=0.1204
  end_to_end_stage_class_f1=low:0.0567,mid:0.3043,high:0.0000
Epoch 1/30 | train_loss 1.4535 | union_precision 1.0000 | weighted_recall 0.2954 | consensus_recall 0.6250 | threshold 0.050
Epoch 2/30 | train_loss 1.3513 | union_precision 1.0000 | weighted_recall 0.2349 | consensus_recall 0.6250 | threshold 0.050
Epoch 3/30 | train_loss 1.2972 | union_precision 1.0000 | weighted_recall 0.2313 | consensus_recall 0.6250 | threshold 0.050
Epoch 4/30 | train_loss 1.2573 | union_precision 1.0000 | weighted_recall 0.2313 | consensus_recall 0.6250 | threshold 0.050
Epoch 5/30 | train_loss 1.2430 | union_precision 1.0000 | weighted_recall 0.2295 | consensus_recall 0.6250 | threshold 0.050
Epoch 6/30 | train_loss 1.2264 | union_precision 1.0000 | weighted_recall 0.2295 | consensus_recall 0.6250 | threshold 0.050
Early stopping at epoch 6
Held-out M41-3 | union_precision=1.0000 | weighted_recall=0.2954 | consensus_recall=0.6250
  oracle_stage_macro_f1=0.3485 | end_to_end_stage_macro_f1=0.2660
  end_to_end_stage_class_f1=low:0.1404,mid:0.3243,high:0.3333
Epoch 1/30 | train_loss 1.4549 | union_precision 1.0000 | weighted_recall 0.2291 | consensus_recall 0.5000 | threshold 0.050
Epoch 2/30 | train_loss 1.3536 | union_precision 1.0000 | weighted_recall 0.2425 | consensus_recall 0.6000 | threshold 0.050
Epoch 3/30 | train_loss 1.2993 | union_precision 1.0000 | weighted_recall 0.2466 | consensus_recall 0.7000 | threshold 0.050
Epoch 4/30 | train_loss 1.2598 | union_precision 1.0000 | weighted_recall 0.2528 | consensus_recall 0.7000 | threshold 0.050
Epoch 5/30 | train_loss 1.2435 | union_precision 1.0000 | weighted_recall 0.2621 | consensus_recall 0.8000 | threshold 0.050
Epoch 6/30 | train_loss 1.2269 | union_precision 1.0000 | weighted_recall 0.2652 | consensus_recall 0.8000 | threshold 0.050
Epoch 7/30 | train_loss 1.2138 | union_precision 1.0000 | weighted_recall 0.2456 | consensus_recall 0.8000 | threshold 0.050
Epoch 8/30 | train_loss 1.1991 | union_precision 1.0000 | weighted_recall 0.2828 | consensus_recall 0.9000 | threshold 0.050
Epoch 9/30 | train_loss 1.1939 | union_precision 1.0000 | weighted_recall 0.3240 | consensus_recall 0.9000 | threshold 0.050
Epoch 10/30 | train_loss 1.1792 | union_precision 1.0000 | weighted_recall 0.3117 | consensus_recall 0.8000 | threshold 0.050
Epoch 11/30 | train_loss 1.1799 | union_precision 1.0000 | weighted_recall 0.3117 | consensus_recall 0.7000 | threshold 0.050
Epoch 12/30 | train_loss 1.1683 | union_precision 1.0000 | weighted_recall 0.3117 | consensus_recall 0.7000 | threshold 0.050
Epoch 13/30 | train_loss 1.1634 | union_precision 1.0000 | weighted_recall 0.3055 | consensus_recall 0.7000 | threshold 0.050
Epoch 14/30 | train_loss 1.1606 | union_precision 1.0000 | weighted_recall 0.3055 | consensus_recall 0.7000 | threshold 0.050
Early stopping at epoch 14
Held-out M41-4 | union_precision=1.0000 | weighted_recall=0.3240 | consensus_recall=0.9000
  oracle_stage_macro_f1=0.3431 | end_to_end_stage_macro_f1=0.1621
  end_to_end_stage_class_f1=low:0.1200,mid:0.2553,high:0.1111
Epoch 1/30 | train_loss 1.4541 | union_precision 1.0000 | weighted_recall 0.1468 | consensus_recall 0.2727 | threshold 0.050
Epoch 2/30 | train_loss 1.3566 | union_precision 1.0000 | weighted_recall 0.1595 | consensus_recall 0.5455 | threshold 0.050
Epoch 3/30 | train_loss 1.2977 | union_precision 1.0000 | weighted_recall 0.2073 | consensus_recall 0.5455 | threshold 0.050
Epoch 4/30 | train_loss 1.2607 | union_precision 1.0000 | weighted_recall 0.2254 | consensus_recall 0.6364 | threshold 0.050
Epoch 5/30 | train_loss 1.2433 | union_precision 1.0000 | weighted_recall 0.2266 | consensus_recall 0.7273 | threshold 0.050
Epoch 6/30 | train_loss 1.2251 | union_precision 1.0000 | weighted_recall 0.2320 | consensus_recall 0.7273 | threshold 0.050
Epoch 7/30 | train_loss 1.2134 | union_precision 1.0000 | weighted_recall 0.2320 | consensus_recall 0.7273 | threshold 0.050
Epoch 8/30 | train_loss 1.1992 | union_precision 1.0000 | weighted_recall 0.2224 | consensus_recall 0.7273 | threshold 0.050
Epoch 9/30 | train_loss 1.1934 | union_precision 1.0000 | weighted_recall 0.2187 | consensus_recall 0.8182 | threshold 0.050
Epoch 10/30 | train_loss 1.1791 | union_precision 1.0000 | weighted_recall 0.2411 | consensus_recall 0.9091 | threshold 0.050
Epoch 11/30 | train_loss 1.1799 | union_precision 1.0000 | weighted_recall 0.2429 | consensus_recall 0.9091 | threshold 0.050
Epoch 12/30 | train_loss 1.1673 | union_precision 1.0000 | weighted_recall 0.2453 | consensus_recall 0.9091 | threshold 0.050
Epoch 13/30 | train_loss 1.1622 | union_precision 1.0000 | weighted_recall 0.2441 | consensus_recall 0.9091 | threshold 0.050
Epoch 14/30 | train_loss 1.1604 | union_precision 1.0000 | weighted_recall 0.2459 | consensus_recall 1.0000 | threshold 0.050
Epoch 15/30 | train_loss 1.1573 | union_precision 1.0000 | weighted_recall 0.2574 | consensus_recall 1.0000 | threshold 0.050
Epoch 16/30 | train_loss 1.1456 | union_precision 1.0000 | weighted_recall 0.2574 | consensus_recall 1.0000 | threshold 0.050
Epoch 17/30 | train_loss 1.1468 | union_precision 1.0000 | weighted_recall 0.2574 | consensus_recall 1.0000 | threshold 0.050
Epoch 18/30 | train_loss 1.1450 | union_precision 1.0000 | weighted_recall 0.2532 | consensus_recall 1.0000 | threshold 0.050
Epoch 19/30 | train_loss 1.1361 | union_precision 1.0000 | weighted_recall 0.2532 | consensus_recall 1.0000 | threshold 0.050
Epoch 20/30 | train_loss 1.1350 | union_precision 1.0000 | weighted_recall 0.2429 | consensus_recall 1.0000 | threshold 0.050
Early stopping at epoch 20
Held-out M50-1 | union_precision=1.0000 | weighted_recall=0.2574 | consensus_recall=1.0000
  oracle_stage_macro_f1=0.2384 | end_to_end_stage_macro_f1=0.1552
  end_to_end_stage_class_f1=low:0.0302,mid:0.3243,high:0.1111
Epoch 1/30 | train_loss 1.4563 | union_precision 0.9787 | weighted_recall 0.1694 | consensus_recall 0.3077 | threshold 0.050
Epoch 2/30 | train_loss 1.3559 | union_precision 0.9783 | weighted_recall 0.1706 | consensus_recall 0.3846 | threshold 0.050
Epoch 3/30 | train_loss 1.2992 | union_precision 0.9783 | weighted_recall 0.1785 | consensus_recall 0.3846 | threshold 0.050
Epoch 4/30 | train_loss 1.2602 | union_precision 0.9783 | weighted_recall 0.1825 | consensus_recall 0.3846 | threshold 0.050
Epoch 5/30 | train_loss 1.2422 | union_precision 0.9800 | weighted_recall 0.2007 | consensus_recall 0.7692 | threshold 0.050
Epoch 6/30 | train_loss 1.2255 | union_precision 0.9796 | weighted_recall 0.1944 | consensus_recall 0.7692 | threshold 0.050
Epoch 7/30 | train_loss 1.2131 | union_precision 0.9792 | weighted_recall 0.1819 | consensus_recall 0.5385 | threshold 0.050
Epoch 8/30 | train_loss 1.1988 | union_precision 1.0000 | weighted_recall 0.1768 | consensus_recall 0.4615 | threshold 0.050
Epoch 9/30 | train_loss 1.1941 | union_precision 1.0000 | weighted_recall 0.1876 | consensus_recall 0.5385 | threshold 0.050
Epoch 10/30 | train_loss 1.1797 | union_precision 1.0000 | weighted_recall 0.1802 | consensus_recall 0.5385 | threshold 0.050
Early stopping at epoch 10
Held-out M50-2 | union_precision=0.9800 | weighted_recall=0.2007 | consensus_recall=0.7692
  oracle_stage_macro_f1=0.2676 | end_to_end_stage_macro_f1=0.0916
  end_to_end_stage_class_f1=low:0.1681,mid:0.1067,high:0.0000
Epoch 1/30 | train_loss 1.4599 | union_precision 1.0000 | weighted_recall 0.2447 | consensus_recall 0.5238 | threshold 0.050
Epoch 2/30 | train_loss 1.3570 | union_precision 1.0000 | weighted_recall 0.2396 | consensus_recall 0.5714 | threshold 0.050
Epoch 3/30 | train_loss 1.3028 | union_precision 1.0000 | weighted_recall 0.2551 | consensus_recall 0.6667 | threshold 0.050
Epoch 4/30 | train_loss 1.2632 | union_precision 1.0000 | weighted_recall 0.2584 | consensus_recall 0.6667 | threshold 0.050
Epoch 5/30 | train_loss 1.2449 | union_precision 1.0000 | weighted_recall 0.2640 | consensus_recall 0.7143 | threshold 0.050
Epoch 6/30 | train_loss 1.2278 | union_precision 1.0000 | weighted_recall 0.2914 | consensus_recall 0.8095 | threshold 0.050
Early stopping at epoch 6
Held-out M50-3 | union_precision=1.0000 | weighted_recall=0.2447 | consensus_recall=0.5238
  oracle_stage_macro_f1=0.3551 | end_to_end_stage_macro_f1=0.1969
  end_to_end_stage_class_f1=low:0.1458,mid:0.2407,high:0.2041
Epoch 1/30 | train_loss 1.4576 | union_precision 0.9882 | weighted_recall 0.1531 | consensus_recall 0.6250 | threshold 0.050
Epoch 2/30 | train_loss 1.3581 | union_precision 0.9884 | weighted_recall 0.1555 | consensus_recall 0.6250 | threshold 0.050
Epoch 3/30 | train_loss 1.2996 | union_precision 1.0000 | weighted_recall 0.1427 | consensus_recall 0.5000 | threshold 0.050
Epoch 4/30 | train_loss 1.2619 | union_precision 1.0000 | weighted_recall 0.1460 | consensus_recall 0.5000 | threshold 0.050
Epoch 5/30 | train_loss 1.2421 | union_precision 1.0000 | weighted_recall 0.1456 | consensus_recall 0.5000 | threshold 0.050
Epoch 6/30 | train_loss 1.2269 | union_precision 0.9878 | weighted_recall 0.1460 | consensus_recall 0.5000 | threshold 0.050
Epoch 7/30 | train_loss 1.2097 | union_precision 0.9877 | weighted_recall 0.1531 | consensus_recall 0.5000 | threshold 0.050
Early stopping at epoch 7
Held-out M56-1 | union_precision=0.9884 | weighted_recall=0.1555 | consensus_recall=0.6250
  oracle_stage_macro_f1=0.2870 | end_to_end_stage_macro_f1=0.1015
  end_to_end_stage_class_f1=low:0.0998,mid:0.1379,high:0.0667
Epoch 1/30 | train_loss 1.4498 | union_precision 0.9722 | weighted_recall 0.1450 | consensus_recall 0.4000 | threshold 0.050
Epoch 2/30 | train_loss 1.3527 | union_precision 0.9714 | weighted_recall 0.1488 | consensus_recall 0.4000 | threshold 0.050
Epoch 3/30 | train_loss 1.2962 | union_precision 0.9714 | weighted_recall 0.1166 | consensus_recall 0.2000 | threshold 0.050
Epoch 4/30 | train_loss 1.2596 | union_precision 0.9706 | weighted_recall 0.1160 | consensus_recall 0.2000 | threshold 0.050
Epoch 5/30 | train_loss 1.2398 | union_precision 0.9688 | weighted_recall 0.1009 | consensus_recall 0.2000 | threshold 0.050
Epoch 6/30 | train_loss 1.2261 | union_precision 0.9667 | weighted_recall 0.1040 | consensus_recall 0.2000 | threshold 0.050
Early stopping at epoch 6
Held-out M56-2 | union_precision=0.9722 | weighted_recall=0.1450 | consensus_recall=0.4000
  oracle_stage_macro_f1=0.2231 | end_to_end_stage_macro_f1=0.1075
  end_to_end_stage_class_f1=low:0.0556,mid:0.1493,high:0.1176
Epoch 1/30 | train_loss 1.4564 | union_precision 0.9880 | weighted_recall 0.1686 | consensus_recall 0.3462 | threshold 0.050
Epoch 2/30 | train_loss 1.3611 | union_precision 0.9880 | weighted_recall 0.1800 | consensus_recall 0.4231 | threshold 0.050
Epoch 3/30 | train_loss 1.3024 | union_precision 0.9885 | weighted_recall 0.1886 | consensus_recall 0.5385 | threshold 0.050
Epoch 4/30 | train_loss 1.2656 | union_precision 0.9885 | weighted_recall 0.2111 | consensus_recall 0.6154 | threshold 0.050
Epoch 5/30 | train_loss 1.2445 | union_precision 0.9885 | weighted_recall 0.2205 | consensus_recall 0.6154 | threshold 0.050
Epoch 6/30 | train_loss 1.2296 | union_precision 0.9878 | weighted_recall 0.2293 | consensus_recall 0.6923 | threshold 0.050
Epoch 7/30 | train_loss 1.2139 | union_precision 0.9873 | weighted_recall 0.2159 | consensus_recall 0.5000 | threshold 0.050
Epoch 8/30 | train_loss 1.2014 | union_precision 0.9875 | weighted_recall 0.2192 | consensus_recall 0.5385 | threshold 0.050
Epoch 9/30 | train_loss 1.1951 | union_precision 0.9878 | weighted_recall 0.2253 | consensus_recall 0.5769 | threshold 0.050
Epoch 10/30 | train_loss 1.1845 | union_precision 0.9872 | weighted_recall 0.2030 | consensus_recall 0.5000 | threshold 0.050
Early stopping at epoch 10
Held-out M56-3 | union_precision=0.9885 | weighted_recall=0.2205 | consensus_recall=0.6154
  oracle_stage_macro_f1=0.1972 | end_to_end_stage_macro_f1=0.0437
  end_to_end_stage_class_f1=low:0.0096,mid:0.0721,high:0.0494
Epoch 1/30 | train_loss 1.4513 | union_precision 0.9821 | weighted_recall 0.1660 | consensus_recall 0.3000 | threshold 0.050
Epoch 2/30 | train_loss 1.3604 | union_precision 1.0000 | weighted_recall 0.1754 | consensus_recall 0.4000 | threshold 0.050
Epoch 3/30 | train_loss 1.3008 | union_precision 1.0000 | weighted_recall 0.1655 | consensus_recall 0.4000 | threshold 0.050
Epoch 4/30 | train_loss 1.2632 | union_precision 1.0000 | weighted_recall 0.1695 | consensus_recall 0.4000 | threshold 0.050
Epoch 5/30 | train_loss 1.2428 | union_precision 1.0000 | weighted_recall 0.1788 | consensus_recall 0.4000 | threshold 0.050
Epoch 6/30 | train_loss 1.2260 | union_precision 0.9808 | weighted_recall 0.1714 | consensus_recall 0.3500 | threshold 0.050
Epoch 7/30 | train_loss 1.2124 | union_precision 0.9808 | weighted_recall 0.1906 | consensus_recall 0.4000 | threshold 0.050
Early stopping at epoch 7
Held-out M59-1 | union_precision=1.0000 | weighted_recall=0.1754 | consensus_recall=0.4000
  oracle_stage_macro_f1=0.3233 | end_to_end_stage_macro_f1=0.1137
  end_to_end_stage_class_f1=low:0.2357,mid:0.1053,high:0.0000
Epoch 1/30 | train_loss 1.4479 | union_precision 1.0000 | weighted_recall 0.1946 | consensus_recall 0.7500 | threshold 0.050
Epoch 2/30 | train_loss 1.3612 | union_precision 1.0000 | weighted_recall 0.1941 | consensus_recall 0.7500 | threshold 0.050
Epoch 3/30 | train_loss 1.3041 | union_precision 1.0000 | weighted_recall 0.2105 | consensus_recall 0.7500 | threshold 0.050
Epoch 4/30 | train_loss 1.2629 | union_precision 1.0000 | weighted_recall 0.2086 | consensus_recall 0.7500 | threshold 0.050
Epoch 5/30 | train_loss 1.2437 | union_precision 1.0000 | weighted_recall 0.2086 | consensus_recall 0.7500 | threshold 0.050
Epoch 6/30 | train_loss 1.2256 | union_precision 1.0000 | weighted_recall 0.2133 | consensus_recall 0.7500 | threshold 0.050
Early stopping at epoch 6
Held-out M59-2 | union_precision=1.0000 | weighted_recall=0.1946 | consensus_recall=0.7500
  oracle_stage_macro_f1=0.2858 | end_to_end_stage_macro_f1=0.1516
  end_to_end_stage_class_f1=low:0.0948,mid:0.2424,high:0.1176
Epoch 1/30 | train_loss 1.4497 | union_precision 1.0000 | weighted_recall 0.2934 | consensus_recall 0.7500 | threshold 0.050
Epoch 2/30 | train_loss 1.3619 | union_precision 1.0000 | weighted_recall 0.2982 | consensus_recall 0.8125 | threshold 0.050
Epoch 3/30 | train_loss 1.3044 | union_precision 1.0000 | weighted_recall 0.3091 | consensus_recall 0.8125 | threshold 0.050
Epoch 4/30 | train_loss 1.2628 | union_precision 1.0000 | weighted_recall 0.3088 | consensus_recall 0.8125 | threshold 0.050
Epoch 5/30 | train_loss 1.2432 | union_precision 1.0000 | weighted_recall 0.3017 | consensus_recall 0.8125 | threshold 0.050
Epoch 6/30 | train_loss 1.2268 | union_precision 1.0000 | weighted_recall 0.3017 | consensus_recall 0.8125 | threshold 0.050
Epoch 7/30 | train_loss 1.2148 | union_precision 1.0000 | weighted_recall 0.3001 | consensus_recall 0.8125 | threshold 0.050
Epoch 8/30 | train_loss 1.1998 | union_precision 1.0000 | weighted_recall 0.3174 | consensus_recall 0.8125 | threshold 0.050
Epoch 9/30 | train_loss 1.1936 | union_precision 1.0000 | weighted_recall 0.3049 | consensus_recall 0.7500 | threshold 0.050
Epoch 10/30 | train_loss 1.1836 | union_precision 1.0000 | weighted_recall 0.3129 | consensus_recall 0.7500 | threshold 0.050
Epoch 11/30 | train_loss 1.1789 | union_precision 1.0000 | weighted_recall 0.3126 | consensus_recall 0.6875 | threshold 0.050
Epoch 12/30 | train_loss 1.1673 | union_precision 1.0000 | weighted_recall 0.3126 | consensus_recall 0.6875 | threshold 0.050
Epoch 13/30 | train_loss 1.1635 | union_precision 1.0000 | weighted_recall 0.3052 | consensus_recall 0.6250 | threshold 0.050
Epoch 14/30 | train_loss 1.1620 | union_precision 1.0000 | weighted_recall 0.3020 | consensus_recall 0.6250 | threshold 0.050
Epoch 15/30 | train_loss 1.1561 | union_precision 0.9848 | weighted_recall 0.2956 | consensus_recall 0.5625 | threshold 0.050
Early stopping at epoch 15
Held-out M59-3 | union_precision=1.0000 | weighted_recall=0.3129 | consensus_recall=0.7500
  oracle_stage_macro_f1=0.3590 | end_to_end_stage_macro_f1=0.2115
  end_to_end_stage_class_f1=low:0.1321,mid:0.4222,high:0.0800
Epoch 1/30 | train_loss 1.4476 | union_precision 1.0000 | weighted_recall 0.1733 | consensus_recall 0.4444 | threshold 0.050
Epoch 2/30 | train_loss 1.3600 | union_precision 1.0000 | weighted_recall 0.1782 | consensus_recall 0.4444 | threshold 0.050
Epoch 3/30 | train_loss 1.3032 | union_precision 1.0000 | weighted_recall 0.1894 | consensus_recall 0.3333 | threshold 0.050
Epoch 4/30 | train_loss 1.2636 | union_precision 1.0000 | weighted_recall 0.2191 | consensus_recall 0.6667 | threshold 0.050
Epoch 5/30 | train_loss 1.2434 | union_precision 1.0000 | weighted_recall 0.2358 | consensus_recall 0.6667 | threshold 0.050
Epoch 6/30 | train_loss 1.2269 | union_precision 1.0000 | weighted_recall 0.2265 | consensus_recall 0.5556 | threshold 0.050
Epoch 7/30 | train_loss 1.2153 | union_precision 1.0000 | weighted_recall 0.2314 | consensus_recall 0.5556 | threshold 0.050
Epoch 8/30 | train_loss 1.2006 | union_precision 1.0000 | weighted_recall 0.2562 | consensus_recall 0.5556 | threshold 0.050
Epoch 9/30 | train_loss 1.1937 | union_precision 1.0000 | weighted_recall 0.2785 | consensus_recall 0.5556 | threshold 0.050
Epoch 10/30 | train_loss 1.1833 | union_precision 1.0000 | weighted_recall 0.3212 | consensus_recall 0.7778 | threshold 0.050
Epoch 11/30 | train_loss 1.1790 | union_precision 1.0000 | weighted_recall 0.3274 | consensus_recall 0.7778 | threshold 0.050
Epoch 12/30 | train_loss 1.1673 | union_precision 1.0000 | weighted_recall 0.3175 | consensus_recall 0.7778 | threshold 0.050
Epoch 13/30 | train_loss 1.1646 | union_precision 1.0000 | weighted_recall 0.3100 | consensus_recall 0.7778 | threshold 0.050
Epoch 14/30 | train_loss 1.1624 | union_precision 1.0000 | weighted_recall 0.3100 | consensus_recall 0.7778 | threshold 0.050
Epoch 15/30 | train_loss 1.1574 | union_precision 1.0000 | weighted_recall 0.3224 | consensus_recall 0.7778 | threshold 0.050
Epoch 16/30 | train_loss 1.1470 | union_precision 1.0000 | weighted_recall 0.3311 | consensus_recall 0.7778 | threshold 0.050
Epoch 17/30 | train_loss 1.1489 | union_precision 1.0000 | weighted_recall 0.3280 | consensus_recall 0.7778 | threshold 0.050
Epoch 18/30 | train_loss 1.1463 | union_precision 1.0000 | weighted_recall 0.3533 | consensus_recall 0.8889 | threshold 0.050
Epoch 19/30 | train_loss 1.1365 | union_precision 1.0000 | weighted_recall 0.3533 | consensus_recall 0.8889 | threshold 0.050
Epoch 20/30 | train_loss 1.1359 | union_precision 1.0000 | weighted_recall 0.3533 | consensus_recall 0.8889 | threshold 0.050
Epoch 21/30 | train_loss 1.1326 | union_precision 1.0000 | weighted_recall 0.3626 | consensus_recall 0.8889 | threshold 0.050
Epoch 22/30 | train_loss 1.1286 | union_precision 1.0000 | weighted_recall 0.3626 | consensus_recall 0.8889 | threshold 0.050
Epoch 23/30 | train_loss 1.1260 | union_precision 1.0000 | weighted_recall 0.3626 | consensus_recall 0.8889 | threshold 0.050
Epoch 24/30 | train_loss 1.1262 | union_precision 1.0000 | weighted_recall 0.3533 | consensus_recall 0.8889 | threshold 0.050
Epoch 25/30 | train_loss 1.1232 | union_precision 1.0000 | weighted_recall 0.3533 | consensus_recall 0.8889 | threshold 0.050
Epoch 26/30 | train_loss 1.1213 | union_precision 1.0000 | weighted_recall 0.3564 | consensus_recall 0.8889 | threshold 0.050
Early stopping at epoch 26
Held-out M63-1 | union_precision=1.0000 | weighted_recall=0.3626 | consensus_recall=0.8889
  oracle_stage_macro_f1=0.2646 | end_to_end_stage_macro_f1=0.1425
  end_to_end_stage_class_f1=low:0.1026,mid:0.2000,high:0.1250
Epoch 1/30 | train_loss 1.4458 | union_precision 1.0000 | weighted_recall 0.1918 | consensus_recall 0.2222 | threshold 0.050
Epoch 2/30 | train_loss 1.3584 | union_precision 1.0000 | weighted_recall 0.2014 | consensus_recall 0.2222 | threshold 0.050
Epoch 3/30 | train_loss 1.3030 | union_precision 1.0000 | weighted_recall 0.2002 | consensus_recall 0.2222 | threshold 0.050
Epoch 4/30 | train_loss 1.2622 | union_precision 1.0000 | weighted_recall 0.1835 | consensus_recall 0.2222 | threshold 0.050
Epoch 5/30 | train_loss 1.2409 | union_precision 1.0000 | weighted_recall 0.1960 | consensus_recall 0.1111 | threshold 0.050
Epoch 6/30 | train_loss 1.2249 | union_precision 1.0000 | weighted_recall 0.2164 | consensus_recall 0.2222 | threshold 0.050
Epoch 7/30 | train_loss 1.2146 | union_precision 1.0000 | weighted_recall 0.2248 | consensus_recall 0.2222 | threshold 0.050
Early stopping at epoch 7
Held-out M63-3 | union_precision=1.0000 | weighted_recall=0.2014 | consensus_recall=0.2222
  oracle_stage_macro_f1=0.3409 | end_to_end_stage_macro_f1=0.0935
  end_to_end_stage_class_f1=low:0.0662,mid:0.2143,high:0.0000
Epoch 1/30 | train_loss 1.4469 | union_precision 1.0000 | weighted_recall 0.1352 | consensus_recall 0.2000 | threshold 0.050
Epoch 2/30 | train_loss 1.3586 | union_precision 1.0000 | weighted_recall 0.2228 | consensus_recall 0.2000 | threshold 0.050
Epoch 3/30 | train_loss 1.3037 | union_precision 1.0000 | weighted_recall 0.2954 | consensus_recall 0.6000 | threshold 0.050
Epoch 4/30 | train_loss 1.2617 | union_precision 1.0000 | weighted_recall 0.2616 | consensus_recall 0.8000 | threshold 0.050
Epoch 5/30 | train_loss 1.2406 | union_precision 1.0000 | weighted_recall 0.2365 | consensus_recall 0.9000 | threshold 0.050
Epoch 6/30 | train_loss 1.2261 | union_precision 1.0000 | weighted_recall 0.2365 | consensus_recall 0.9000 | threshold 0.050
Epoch 7/30 | train_loss 1.2163 | union_precision 1.0000 | weighted_recall 0.2365 | consensus_recall 0.9000 | threshold 0.050
Early stopping at epoch 7
Held-out M67-1 | union_precision=1.0000 | weighted_recall=0.2228 | consensus_recall=0.2000
  oracle_stage_macro_f1=0.4521 | end_to_end_stage_macro_f1=0.1537
  end_to_end_stage_class_f1=low:0.1020,mid:0.3590,high:0.0000
Epoch 1/30 | train_loss 1.4450 | union_precision 1.0000 | weighted_recall 0.1755 | consensus_recall 0.3333 | threshold 0.050
Epoch 2/30 | train_loss 1.3594 | union_precision 1.0000 | weighted_recall 0.1864 | consensus_recall 0.3333 | threshold 0.050
Epoch 3/30 | train_loss 1.3021 | union_precision 0.9655 | weighted_recall 0.1840 | consensus_recall 0.0000 | threshold 0.050
Epoch 4/30 | train_loss 1.2618 | union_precision 0.9655 | weighted_recall 0.1804 | consensus_recall 0.0000 | threshold 0.050
Epoch 5/30 | train_loss 1.2391 | union_precision 0.9667 | weighted_recall 0.2058 | consensus_recall 0.0000 | threshold 0.050
Epoch 6/30 | train_loss 1.2240 | union_precision 0.9688 | weighted_recall 0.2119 | consensus_recall 0.3333 | threshold 0.050
Epoch 7/30 | train_loss 1.2144 | union_precision 0.9688 | weighted_recall 0.2034 | consensus_recall 0.3333 | threshold 0.050
Epoch 8/30 | train_loss 1.2004 | union_precision 0.9688 | weighted_recall 0.1985 | consensus_recall 0.3333 | threshold 0.050
Epoch 9/30 | train_loss 1.1931 | union_precision 0.9688 | weighted_recall 0.1937 | consensus_recall 0.3333 | threshold 0.050
Epoch 10/30 | train_loss 1.1831 | union_precision 0.9688 | weighted_recall 0.1937 | consensus_recall 0.3333 | threshold 0.050
Epoch 11/30 | train_loss 1.1765 | union_precision 0.9688 | weighted_recall 0.1937 | consensus_recall 0.3333 | threshold 0.050
Early stopping at epoch 11
Held-out M67-2 | union_precision=0.9688 | weighted_recall=0.2119 | consensus_recall=0.3333
  oracle_stage_macro_f1=0.2850 | end_to_end_stage_macro_f1=0.1471
  end_to_end_stage_class_f1=low:0.0735,mid:0.2500,high:0.1176
Epoch 1/30 | train_loss 1.4445 | union_precision 1.0000 | weighted_recall 0.3403 | consensus_recall 0.6667 | threshold 0.050
Epoch 2/30 | train_loss 1.3605 | union_precision 1.0000 | weighted_recall 0.3899 | consensus_recall 0.6667 | threshold 0.050
Epoch 3/30 | train_loss 1.3032 | union_precision 1.0000 | weighted_recall 0.3614 | consensus_recall 0.6667 | threshold 0.050
Epoch 4/30 | train_loss 1.2636 | union_precision 1.0000 | weighted_recall 0.3502 | consensus_recall 0.6667 | threshold 0.050
Epoch 5/30 | train_loss 1.2402 | union_precision 1.0000 | weighted_recall 0.3502 | consensus_recall 0.6667 | threshold 0.050
Epoch 6/30 | train_loss 1.2255 | union_precision 1.0000 | weighted_recall 0.3502 | consensus_recall 0.6667 | threshold 0.050
Epoch 7/30 | train_loss 1.2157 | union_precision 1.0000 | weighted_recall 0.3502 | consensus_recall 0.6667 | threshold 0.050
Early stopping at epoch 7
Held-out M67-3 | union_precision=1.0000 | weighted_recall=0.3899 | consensus_recall=0.6667
  oracle_stage_macro_f1=0.3136 | end_to_end_stage_macro_f1=0.1934
  end_to_end_stage_class_f1=low:0.0233,mid:0.3902,high:0.1667
Epoch 1/30 | train_loss 1.4430 | union_precision 0.9756 | weighted_recall 0.2478 | consensus_recall 0.6522 | threshold 0.050
Epoch 2/30 | train_loss 1.3656 | union_precision 0.9767 | weighted_recall 0.2662 | consensus_recall 0.6522 | threshold 0.050
Epoch 3/30 | train_loss 1.3046 | union_precision 0.9778 | weighted_recall 0.3331 | consensus_recall 0.7391 | threshold 0.050
Epoch 4/30 | train_loss 1.2660 | union_precision 0.9773 | weighted_recall 0.3082 | consensus_recall 0.7391 | threshold 0.050
Epoch 5/30 | train_loss 1.2421 | union_precision 0.9778 | weighted_recall 0.3165 | consensus_recall 0.7391 | threshold 0.050
Epoch 6/30 | train_loss 1.2275 | union_precision 0.9783 | weighted_recall 0.3290 | consensus_recall 0.6957 | threshold 0.050
Epoch 7/30 | train_loss 1.2187 | union_precision 0.9796 | weighted_recall 0.3758 | consensus_recall 0.7826 | threshold 0.050
Epoch 8/30 | train_loss 1.2055 | union_precision 0.9796 | weighted_recall 0.3889 | consensus_recall 0.7826 | threshold 0.050
Epoch 9/30 | train_loss 1.1969 | union_precision 0.9804 | weighted_recall 0.4635 | consensus_recall 0.8261 | threshold 0.050
Epoch 10/30 | train_loss 1.1882 | union_precision 0.9804 | weighted_recall 0.4588 | consensus_recall 0.8261 | threshold 0.050
Epoch 11/30 | train_loss 1.1807 | union_precision 0.9808 | weighted_recall 0.4778 | consensus_recall 0.8696 | threshold 0.050
Epoch 12/30 | train_loss 1.1711 | union_precision 0.9808 | weighted_recall 0.4778 | consensus_recall 0.8696 | threshold 0.050
Epoch 13/30 | train_loss 1.1676 | union_precision 0.9808 | weighted_recall 0.4831 | consensus_recall 0.9130 | threshold 0.050
Epoch 14/30 | train_loss 1.1655 | union_precision 0.9808 | weighted_recall 0.4819 | consensus_recall 0.9130 | threshold 0.050
Epoch 15/30 | train_loss 1.1607 | union_precision 0.9808 | weighted_recall 0.4831 | consensus_recall 0.9130 | threshold 0.050
Epoch 16/30 | train_loss 1.1504 | union_precision 0.9800 | weighted_recall 0.4547 | consensus_recall 0.8696 | threshold 0.050
Epoch 17/30 | train_loss 1.1526 | union_precision 0.9800 | weighted_recall 0.4547 | consensus_recall 0.8696 | threshold 0.050
Epoch 18/30 | train_loss 1.1503 | union_precision 0.9796 | weighted_recall 0.4410 | consensus_recall 0.8261 | threshold 0.050
Epoch 19/30 | train_loss 1.1415 | union_precision 0.9792 | weighted_recall 0.4392 | consensus_recall 0.8261 | threshold 0.050
Epoch 20/30 | train_loss 1.1394 | union_precision 0.9800 | weighted_recall 0.4718 | consensus_recall 0.9130 | threshold 0.050
Early stopping at epoch 20
Held-out M67-4 | union_precision=0.9808 | weighted_recall=0.4831 | consensus_recall=0.9130
  oracle_stage_macro_f1=0.4344 | end_to_end_stage_macro_f1=0.2662
  end_to_end_stage_class_f1=low:0.2500,mid:0.2985,high:0.2500
Epoch 1/30 | train_loss 1.4443 | union_precision 1.0000 | weighted_recall 0.1074 | consensus_recall 0.5714 | threshold 0.050
Epoch 2/30 | train_loss 1.3629 | union_precision 1.0000 | weighted_recall 0.1047 | consensus_recall 0.5714 | threshold 0.050
Epoch 3/30 | train_loss 1.3036 | union_precision 1.0000 | weighted_recall 0.1363 | consensus_recall 1.0000 | threshold 0.050
Epoch 4/30 | train_loss 1.2622 | union_precision 1.0000 | weighted_recall 0.1471 | consensus_recall 0.4286 | threshold 0.050
Epoch 5/30 | train_loss 1.2387 | union_precision 0.9737 | weighted_recall 0.1706 | consensus_recall 0.4286 | threshold 0.050
Epoch 6/30 | train_loss 1.2229 | union_precision 0.9737 | weighted_recall 0.1652 | consensus_recall 0.4286 | threshold 0.050
Epoch 7/30 | train_loss 1.2150 | union_precision 0.9722 | weighted_recall 0.1399 | consensus_recall 0.4286 | threshold 0.050
Epoch 8/30 | train_loss 1.2021 | union_precision 0.9714 | weighted_recall 0.1273 | consensus_recall 0.4286 | threshold 0.050
Epoch 9/30 | train_loss 1.1924 | union_precision 0.9706 | weighted_recall 0.1435 | consensus_recall 0.5714 | threshold 0.050
Epoch 10/30 | train_loss 1.1842 | union_precision 0.9697 | weighted_recall 0.1534 | consensus_recall 0.5714 | threshold 0.050
Early stopping at epoch 10
Held-out M68-1 | union_precision=0.9737 | weighted_recall=0.1706 | consensus_recall=0.4286
  oracle_stage_macro_f1=0.3404 | end_to_end_stage_macro_f1=0.1537
  end_to_end_stage_class_f1=low:0.0838,mid:0.3774,high:0.0000
Epoch 1/30 | train_loss 1.4446 | union_precision 1.0000 | weighted_recall 0.1869 | consensus_recall 0.0000 | threshold 0.050
Epoch 2/30 | train_loss 1.3615 | union_precision 1.0000 | weighted_recall 0.1676 | consensus_recall 0.2857 | threshold 0.050
Epoch 3/30 | train_loss 1.3042 | union_precision 1.0000 | weighted_recall 0.1805 | consensus_recall 0.2857 | threshold 0.050
Epoch 4/30 | train_loss 1.2627 | union_precision 1.0000 | weighted_recall 0.1805 | consensus_recall 0.2857 | threshold 0.050
Epoch 5/30 | train_loss 1.2387 | union_precision 1.0000 | weighted_recall 0.1805 | consensus_recall 0.2857 | threshold 0.050
Epoch 6/30 | train_loss 1.2227 | union_precision 1.0000 | weighted_recall 0.1812 | consensus_recall 0.1429 | threshold 0.050
Early stopping at epoch 6
Held-out M68-2 | union_precision=1.0000 | weighted_recall=0.1869 | consensus_recall=0.0000
  oracle_stage_macro_f1=0.2659 | end_to_end_stage_macro_f1=0.1807
  end_to_end_stage_class_f1=low:0.2564,mid:0.0000,high:0.2857
Epoch 1/30 | train_loss 1.4466 | union_precision 0.9565 | weighted_recall 0.2378 | consensus_recall 1.0000 | threshold 0.050
Epoch 2/30 | train_loss 1.3600 | union_precision 0.9545 | weighted_recall 0.2611 | consensus_recall 1.0000 | threshold 0.050
Epoch 3/30 | train_loss 1.3044 | union_precision 0.9565 | weighted_recall 0.2622 | consensus_recall 0.8000 | threshold 0.050
Epoch 4/30 | train_loss 1.2626 | union_precision 1.0000 | weighted_recall 0.2821 | consensus_recall 0.8000 | threshold 0.050
Epoch 5/30 | train_loss 1.2388 | union_precision 1.0000 | weighted_recall 0.2356 | consensus_recall 0.8000 | threshold 0.050
Epoch 6/30 | train_loss 1.2233 | union_precision 1.0000 | weighted_recall 0.2644 | consensus_recall 0.8000 | threshold 0.050
Epoch 7/30 | train_loss 1.2140 | union_precision 1.0000 | weighted_recall 0.3119 | consensus_recall 0.8000 | threshold 0.050
Epoch 8/30 | train_loss 1.2021 | union_precision 1.0000 | weighted_recall 0.3606 | consensus_recall 1.0000 | threshold 0.050
Epoch 9/30 | train_loss 1.1934 | union_precision 1.0000 | weighted_recall 0.3606 | consensus_recall 1.0000 | threshold 0.050
Epoch 10/30 | train_loss 1.1854 | union_precision 1.0000 | weighted_recall 0.3805 | consensus_recall 1.0000 | threshold 0.050
Epoch 11/30 | train_loss 1.1770 | union_precision 1.0000 | weighted_recall 0.3805 | consensus_recall 1.0000 | threshold 0.050
Epoch 12/30 | train_loss 1.1665 | union_precision 1.0000 | weighted_recall 0.3805 | consensus_recall 1.0000 | threshold 0.050
Epoch 13/30 | train_loss 1.1637 | union_precision 1.0000 | weighted_recall 0.3805 | consensus_recall 1.0000 | threshold 0.050
Epoch 14/30 | train_loss 1.1614 | union_precision 1.0000 | weighted_recall 0.3805 | consensus_recall 1.0000 | threshold 0.050
Epoch 15/30 | train_loss 1.1576 | union_precision 1.0000 | weighted_recall 0.3805 | consensus_recall 1.0000 | threshold 0.050
Early stopping at epoch 15
Held-out M68-3 | union_precision=1.0000 | weighted_recall=0.3805 | consensus_recall=1.0000
  oracle_stage_macro_f1=0.3580 | end_to_end_stage_macro_f1=0.1565
  end_to_end_stage_class_f1=low:0.1260,mid:0.1212,high:0.2222
Epoch 1/30 | train_loss 1.4560 | union_precision 1.0000 | weighted_recall 0.1925 | consensus_recall 0.7143 | threshold 0.050
Epoch 2/30 | train_loss 1.3486 | union_precision 1.0000 | weighted_recall 0.1925 | consensus_recall 0.7143 | threshold 0.050
Epoch 3/30 | train_loss 1.3001 | union_precision 1.0000 | weighted_recall 0.1734 | consensus_recall 0.7143 | threshold 0.050
Epoch 4/30 | train_loss 1.2652 | union_precision 1.0000 | weighted_recall 0.1563 | consensus_recall 0.5714 | threshold 0.050
Epoch 5/30 | train_loss 1.2439 | union_precision 1.0000 | weighted_recall 0.1447 | consensus_recall 0.7143 | threshold 0.050
Epoch 6/30 | train_loss 1.2271 | union_precision 1.0000 | weighted_recall 0.1747 | consensus_recall 0.5714 | threshold 0.050
Epoch 7/30 | train_loss 1.2169 | union_precision 1.0000 | weighted_recall 0.1741 | consensus_recall 0.5714 | threshold 0.050
Epoch 8/30 | train_loss 1.2017 | union_precision 1.0000 | weighted_recall 0.1973 | consensus_recall 0.5714 | threshold 0.050
Epoch 9/30 | train_loss 1.1936 | union_precision 1.0000 | weighted_recall 0.1932 | consensus_recall 0.5714 | threshold 0.050
Epoch 10/30 | train_loss 1.1795 | union_precision 1.0000 | weighted_recall 0.1898 | consensus_recall 0.7143 | threshold 0.050
Early stopping at epoch 10
Held-out M07-1 | union_precision=1.0000 | weighted_recall=0.1447 | consensus_recall=0.7143
  oracle_stage_macro_f1=0.4165 | end_to_end_stage_macro_f1=0.1504
  end_to_end_stage_class_f1=low:0.2427,mid:0.2083,high:0.0000
Epoch 1/30 | train_loss 1.4553 | union_precision 0.9787 | weighted_recall 0.1509 | consensus_recall 0.5000 | threshold 0.050
Epoch 2/30 | train_loss 1.3488 | union_precision 1.0000 | weighted_recall 0.1355 | consensus_recall 0.5000 | threshold 0.050
Epoch 3/30 | train_loss 1.2997 | union_precision 1.0000 | weighted_recall 0.1563 | consensus_recall 0.6250 | threshold 0.050
Epoch 4/30 | train_loss 1.2650 | union_precision 1.0000 | weighted_recall 0.1469 | consensus_recall 0.5000 | threshold 0.050
Epoch 5/30 | train_loss 1.2441 | union_precision 1.0000 | weighted_recall 0.1636 | consensus_recall 0.5000 | threshold 0.050
Epoch 6/30 | train_loss 1.2270 | union_precision 1.0000 | weighted_recall 0.1717 | consensus_recall 0.7500 | threshold 0.050
Epoch 7/30 | train_loss 1.2164 | union_precision 1.0000 | weighted_recall 0.1717 | consensus_recall 0.7500 | threshold 0.050
Epoch 8/30 | train_loss 1.2019 | union_precision 1.0000 | weighted_recall 0.1871 | consensus_recall 0.7500 | threshold 0.050
Early stopping at epoch 8
Held-out M07-2 | union_precision=1.0000 | weighted_recall=0.1563 | consensus_recall=0.6250
  oracle_stage_macro_f1=0.1930 | end_to_end_stage_macro_f1=0.0607
  end_to_end_stage_class_f1=low:0.0000,mid:0.1176,high:0.0645
Epoch 1/30 | train_loss 1.4626 | union_precision 0.9302 | weighted_recall 0.1158 | consensus_recall 0.6471 | threshold 0.050
Epoch 2/30 | train_loss 1.3482 | union_precision 0.9268 | weighted_recall 0.1640 | consensus_recall 0.6471 | threshold 0.050
Epoch 3/30 | train_loss 1.2983 | union_precision 0.9048 | weighted_recall 0.1547 | consensus_recall 0.5882 | threshold 0.050
Epoch 4/30 | train_loss 1.2663 | union_precision 0.9048 | weighted_recall 0.1671 | consensus_recall 0.5882 | threshold 0.050
Epoch 5/30 | train_loss 1.2478 | union_precision 0.9048 | weighted_recall 0.1746 | consensus_recall 0.5882 | threshold 0.050
Epoch 6/30 | train_loss 1.2279 | union_precision 0.9048 | weighted_recall 0.1746 | consensus_recall 0.5882 | threshold 0.050
Early stopping at epoch 6
Held-out M07-3 | union_precision=0.9302 | weighted_recall=0.1158 | consensus_recall=0.6471
  oracle_stage_macro_f1=0.2977 | end_to_end_stage_macro_f1=0.2152
  end_to_end_stage_class_f1=low:0.0922,mid:0.2456,high:0.3077
Epoch 1/30 | train_loss 1.4583 | union_precision 1.0000 | weighted_recall 0.3859 | consensus_recall 0.8235 | threshold 0.050
Epoch 2/30 | train_loss 1.3471 | union_precision 1.0000 | weighted_recall 0.4354 | consensus_recall 0.9412 | threshold 0.050
Epoch 3/30 | train_loss 1.3002 | union_precision 1.0000 | weighted_recall 0.4354 | consensus_recall 0.9412 | threshold 0.050
Epoch 4/30 | train_loss 1.2646 | union_precision 1.0000 | weighted_recall 0.4199 | consensus_recall 0.9412 | threshold 0.050
Epoch 5/30 | train_loss 1.2497 | union_precision 1.0000 | weighted_recall 0.4330 | consensus_recall 0.9412 | threshold 0.050
Epoch 6/30 | train_loss 1.2289 | union_precision 1.0000 | weighted_recall 0.4413 | consensus_recall 0.9412 | threshold 0.050
Epoch 7/30 | train_loss 1.2160 | union_precision 1.0000 | weighted_recall 0.4336 | consensus_recall 1.0000 | threshold 0.050
Epoch 8/30 | train_loss 1.2016 | union_precision 1.0000 | weighted_recall 0.4384 | consensus_recall 0.9412 | threshold 0.050
Epoch 9/30 | train_loss 1.1940 | union_precision 1.0000 | weighted_recall 0.4491 | consensus_recall 0.9412 | threshold 0.050
Epoch 10/30 | train_loss 1.1826 | union_precision 1.0000 | weighted_recall 0.4491 | consensus_recall 0.9412 | threshold 0.050
Epoch 11/30 | train_loss 1.1823 | union_precision 1.0000 | weighted_recall 0.4485 | consensus_recall 0.8824 | threshold 0.050
Epoch 12/30 | train_loss 1.1768 | union_precision 1.0000 | weighted_recall 0.4485 | consensus_recall 0.8824 | threshold 0.050
Epoch 13/30 | train_loss 1.1684 | union_precision 1.0000 | weighted_recall 0.4652 | consensus_recall 0.9412 | threshold 0.050
Epoch 14/30 | train_loss 1.1669 | union_precision 1.0000 | weighted_recall 0.4652 | consensus_recall 0.9412 | threshold 0.050
Epoch 15/30 | train_loss 1.1599 | union_precision 1.0000 | weighted_recall 0.4789 | consensus_recall 1.0000 | threshold 0.050
Epoch 16/30 | train_loss 1.1512 | union_precision 1.0000 | weighted_recall 0.4932 | consensus_recall 1.0000 | threshold 0.050
Epoch 17/30 | train_loss 1.1516 | union_precision 1.0000 | weighted_recall 0.5086 | consensus_recall 1.0000 | threshold 0.050
Epoch 18/30 | train_loss 1.1464 | union_precision 1.0000 | weighted_recall 0.5086 | consensus_recall 1.0000 | threshold 0.050
Epoch 19/30 | train_loss 1.1403 | union_precision 1.0000 | weighted_recall 0.5086 | consensus_recall 1.0000 | threshold 0.050
Epoch 20/30 | train_loss 1.1386 | union_precision 1.0000 | weighted_recall 0.5086 | consensus_recall 1.0000 | threshold 0.050
Epoch 21/30 | train_loss 1.1367 | union_precision 1.0000 | weighted_recall 0.5086 | consensus_recall 1.0000 | threshold 0.050
Epoch 22/30 | train_loss 1.1305 | union_precision 1.0000 | weighted_recall 0.5086 | consensus_recall 1.0000 | threshold 0.050
Early stopping at epoch 22
Held-out M17-1 | union_precision=1.0000 | weighted_recall=0.5086 | consensus_recall=1.0000
  oracle_stage_macro_f1=0.3484 | end_to_end_stage_macro_f1=0.2143
  end_to_end_stage_class_f1=low:0.2111,mid:0.2985,high:0.1333
Epoch 1/30 | train_loss 1.4560 | union_precision 1.0000 | weighted_recall 0.1485 | consensus_recall 0.3333 | threshold 0.050
Epoch 2/30 | train_loss 1.3435 | union_precision 1.0000 | weighted_recall 0.1384 | consensus_recall 0.3333 | threshold 0.050
Epoch 3/30 | train_loss 1.2960 | union_precision 1.0000 | weighted_recall 0.1451 | consensus_recall 0.3333 | threshold 0.050
Epoch 4/30 | train_loss 1.2599 | union_precision 1.0000 | weighted_recall 0.1747 | consensus_recall 0.0000 | threshold 0.050
Epoch 5/30 | train_loss 1.2456 | union_precision 1.0000 | weighted_recall 0.1840 | consensus_recall 0.0000 | threshold 0.050
Epoch 6/30 | train_loss 1.2238 | union_precision 1.0000 | weighted_recall 0.1890 | consensus_recall 0.0000 | threshold 0.050
Epoch 7/30 | train_loss 1.2115 | union_precision 1.0000 | weighted_recall 0.1890 | consensus_recall 0.0000 | threshold 0.050
Epoch 8/30 | train_loss 1.1981 | union_precision 1.0000 | weighted_recall 0.1764 | consensus_recall 0.0000 | threshold 0.050
Epoch 9/30 | train_loss 1.1898 | union_precision 1.0000 | weighted_recall 0.1772 | consensus_recall 0.0000 | threshold 0.050
Epoch 10/30 | train_loss 1.1784 | union_precision 1.0000 | weighted_recall 0.1831 | consensus_recall 0.3333 | threshold 0.050
Epoch 11/30 | train_loss 1.1783 | union_precision 1.0000 | weighted_recall 0.1873 | consensus_recall 0.3333 | threshold 0.050
Early stopping at epoch 11
Held-out M17-2 | union_precision=1.0000 | weighted_recall=0.1890 | consensus_recall=0.0000
  oracle_stage_macro_f1=0.3349 | end_to_end_stage_macro_f1=0.0725
  end_to_end_stage_class_f1=low:0.1200,mid:0.0976,high:0.0000
Epoch 1/30 | train_loss 1.4584 | union_precision 0.9375 | weighted_recall 0.1806 | consensus_recall 0.2000 | threshold 0.050
Epoch 2/30 | train_loss 1.3457 | union_precision 1.0000 | weighted_recall 0.1835 | consensus_recall 0.4000 | threshold 0.050
Epoch 3/30 | train_loss 1.2984 | union_precision 1.0000 | weighted_recall 0.2028 | consensus_recall 0.4500 | threshold 0.050
Epoch 4/30 | train_loss 1.2604 | union_precision 1.0000 | weighted_recall 0.2120 | consensus_recall 0.5000 | threshold 0.050
Epoch 5/30 | train_loss 1.2479 | union_precision 1.0000 | weighted_recall 0.2149 | consensus_recall 0.5000 | threshold 0.050
Epoch 6/30 | train_loss 1.2244 | union_precision 1.0000 | weighted_recall 0.2149 | consensus_recall 0.5500 | threshold 0.050
Epoch 7/30 | train_loss 1.2115 | union_precision 1.0000 | weighted_recall 0.2255 | consensus_recall 0.6000 | threshold 0.050
Epoch 8/30 | train_loss 1.1982 | union_precision 1.0000 | weighted_recall 0.2226 | consensus_recall 0.6500 | threshold 0.050
Epoch 9/30 | train_loss 1.1893 | union_precision 1.0000 | weighted_recall 0.2424 | consensus_recall 0.6500 | threshold 0.050
Epoch 10/30 | train_loss 1.1772 | union_precision 1.0000 | weighted_recall 0.2467 | consensus_recall 0.6500 | threshold 0.050
Epoch 11/30 | train_loss 1.1772 | union_precision 1.0000 | weighted_recall 0.2661 | consensus_recall 0.6500 | threshold 0.050
Epoch 12/30 | train_loss 1.1720 | union_precision 1.0000 | weighted_recall 0.2651 | consensus_recall 0.6500 | threshold 0.050
Epoch 13/30 | train_loss 1.1638 | union_precision 1.0000 | weighted_recall 0.2728 | consensus_recall 0.6500 | threshold 0.050
Epoch 14/30 | train_loss 1.1620 | union_precision 1.0000 | weighted_recall 0.2839 | consensus_recall 0.6500 | threshold 0.050
Epoch 15/30 | train_loss 1.1560 | union_precision 1.0000 | weighted_recall 0.2989 | consensus_recall 0.7000 | threshold 0.050
Epoch 16/30 | train_loss 1.1461 | union_precision 1.0000 | weighted_recall 0.3153 | consensus_recall 0.7500 | threshold 0.050
Epoch 17/30 | train_loss 1.1467 | union_precision 1.0000 | weighted_recall 0.2936 | consensus_recall 0.7000 | threshold 0.050
Epoch 18/30 | train_loss 1.1421 | union_precision 1.0000 | weighted_recall 0.2921 | consensus_recall 0.7000 | threshold 0.050
Epoch 19/30 | train_loss 1.1356 | union_precision 1.0000 | weighted_recall 0.2921 | consensus_recall 0.7000 | threshold 0.050
Epoch 20/30 | train_loss 1.1342 | union_precision 1.0000 | weighted_recall 0.2970 | consensus_recall 0.7000 | threshold 0.050
Epoch 21/30 | train_loss 1.1314 | union_precision 1.0000 | weighted_recall 0.2970 | consensus_recall 0.7000 | threshold 0.050
Early stopping at epoch 21
Held-out M17-3 | union_precision=1.0000 | weighted_recall=0.3153 | consensus_recall=0.7500
  oracle_stage_macro_f1=0.3244 | end_to_end_stage_macro_f1=0.1603
  end_to_end_stage_class_f1=low:0.1785,mid:0.0882,high:0.2143
Epoch 1/30 | train_loss 1.4581 | union_precision 1.0000 | weighted_recall 0.1510 | consensus_recall 0.5714 | threshold 0.050
Epoch 2/30 | train_loss 1.3440 | union_precision 1.0000 | weighted_recall 0.1461 | consensus_recall 0.5714 | threshold 0.050
Epoch 3/30 | train_loss 1.2955 | union_precision 1.0000 | weighted_recall 0.1429 | consensus_recall 0.5714 | threshold 0.050
Epoch 4/30 | train_loss 1.2570 | union_precision 1.0000 | weighted_recall 0.1565 | consensus_recall 0.5714 | threshold 0.050
Epoch 5/30 | train_loss 1.2444 | union_precision 1.0000 | weighted_recall 0.1649 | consensus_recall 0.5714 | threshold 0.050
Epoch 6/30 | train_loss 1.2223 | union_precision 1.0000 | weighted_recall 0.1468 | consensus_recall 0.5714 | threshold 0.050
Early stopping at epoch 6
Held-out M17-4 | union_precision=1.0000 | weighted_recall=0.1510 | consensus_recall=0.5714
  oracle_stage_macro_f1=0.2377 | end_to_end_stage_macro_f1=0.0978
  end_to_end_stage_class_f1=low:0.1722,mid:0.1212,high:0.0000
Epoch 1/30 | train_loss 1.4558 | union_precision 0.9756 | weighted_recall 0.2163 | consensus_recall 0.7273 | threshold 0.050
Epoch 2/30 | train_loss 1.3464 | union_precision 0.9756 | weighted_recall 0.2304 | consensus_recall 0.6364 | threshold 0.050
Epoch 3/30 | train_loss 1.2971 | union_precision 0.9756 | weighted_recall 0.2214 | consensus_recall 0.6364 | threshold 0.050
Epoch 4/30 | train_loss 1.2607 | union_precision 0.9737 | weighted_recall 0.1958 | consensus_recall 0.5455 | threshold 0.050
Epoch 5/30 | train_loss 1.2463 | union_precision 0.9730 | weighted_recall 0.1836 | consensus_recall 0.4545 | threshold 0.050
Epoch 6/30 | train_loss 1.2239 | union_precision 0.9737 | weighted_recall 0.2118 | consensus_recall 0.6364 | threshold 0.050
Epoch 7/30 | train_loss 1.2137 | union_precision 0.9730 | weighted_recall 0.2240 | consensus_recall 0.7273 | threshold 0.050
Early stopping at epoch 7
Held-out M24-1 | union_precision=0.9756 | weighted_recall=0.2304 | consensus_recall=0.6364
  oracle_stage_macro_f1=0.3703 | end_to_end_stage_macro_f1=0.0989
  end_to_end_stage_class_f1=low:0.1538,mid:0.1429,high:0.0000
Epoch 1/30 | train_loss 1.4574 | union_precision 0.9756 | weighted_recall 0.1225 | consensus_recall 0.1333 | threshold 0.050
Epoch 2/30 | train_loss 1.3457 | union_precision 0.9756 | weighted_recall 0.1351 | consensus_recall 0.2667 | threshold 0.050
Epoch 3/30 | train_loss 1.2994 | union_precision 0.9756 | weighted_recall 0.1670 | consensus_recall 0.4667 | threshold 0.050
Epoch 4/30 | train_loss 1.2607 | union_precision 0.9744 | weighted_recall 0.1452 | consensus_recall 0.4667 | threshold 0.050
Epoch 5/30 | train_loss 1.2460 | union_precision 0.9767 | weighted_recall 0.1771 | consensus_recall 0.5333 | threshold 0.050
Epoch 6/30 | train_loss 1.2253 | union_precision 0.9783 | weighted_recall 0.2216 | consensus_recall 0.7333 | threshold 0.050
Epoch 7/30 | train_loss 1.2138 | union_precision 0.9792 | weighted_recall 0.2337 | consensus_recall 0.7333 | threshold 0.050
Epoch 8/30 | train_loss 1.2002 | union_precision 0.9800 | weighted_recall 0.2491 | consensus_recall 0.8000 | threshold 0.050
Epoch 9/30 | train_loss 1.1922 | union_precision 0.9796 | weighted_recall 0.2479 | consensus_recall 0.8000 | threshold 0.050
Epoch 10/30 | train_loss 1.1794 | union_precision 0.9792 | weighted_recall 0.2467 | consensus_recall 0.8000 | threshold 0.050
Epoch 11/30 | train_loss 1.1803 | union_precision 0.9565 | weighted_recall 0.2426 | consensus_recall 0.7333 | threshold 0.050
Epoch 12/30 | train_loss 1.1732 | union_precision 0.9565 | weighted_recall 0.2450 | consensus_recall 0.7333 | threshold 0.050
Epoch 13/30 | train_loss 1.1649 | union_precision 0.9574 | weighted_recall 0.2600 | consensus_recall 0.7333 | threshold 0.050
Early stopping at epoch 13
Held-out M24-2 | union_precision=0.9800 | weighted_recall=0.2491 | consensus_recall=0.8000
  oracle_stage_macro_f1=0.3163 | end_to_end_stage_macro_f1=0.1563
  end_to_end_stage_class_f1=low:0.1882,mid:0.2807,high:0.0000
Epoch 1/30 | train_loss 1.4562 | union_precision 1.0000 | weighted_recall 0.1919 | consensus_recall 0.4737 | threshold 0.050
Epoch 2/30 | train_loss 1.3440 | union_precision 1.0000 | weighted_recall 0.1851 | consensus_recall 0.3684 | threshold 0.050
Epoch 3/30 | train_loss 1.2998 | union_precision 0.9333 | weighted_recall 0.2093 | consensus_recall 0.3684 | threshold 0.050
Epoch 4/30 | train_loss 1.2605 | union_precision 0.9310 | weighted_recall 0.2733 | consensus_recall 0.4737 | threshold 0.050
Epoch 5/30 | train_loss 1.2454 | union_precision 0.9286 | weighted_recall 0.2471 | consensus_recall 0.4211 | threshold 0.050
Epoch 6/30 | train_loss 1.2261 | union_precision 0.9259 | weighted_recall 0.2364 | consensus_recall 0.4211 | threshold 0.050
Early stopping at epoch 6
Held-out M24-3 | union_precision=1.0000 | weighted_recall=0.1919 | consensus_recall=0.4737
  oracle_stage_macro_f1=0.2911 | end_to_end_stage_macro_f1=0.1327
  end_to_end_stage_class_f1=low:0.1185,mid:0.0690,high:0.2105
Epoch 1/30 | train_loss 1.4652 | union_precision 1.0000 | weighted_recall 0.2444 | consensus_recall 0.6818 | threshold 0.050
Epoch 2/30 | train_loss 1.3516 | union_precision 1.0000 | weighted_recall 0.2582 | consensus_recall 0.8182 | threshold 0.050
Epoch 3/30 | train_loss 1.3019 | union_precision 1.0000 | weighted_recall 0.2624 | consensus_recall 0.8636 | threshold 0.050
Epoch 4/30 | train_loss 1.2633 | union_precision 1.0000 | weighted_recall 0.2458 | consensus_recall 0.8636 | threshold 0.050
Epoch 5/30 | train_loss 1.2493 | union_precision 1.0000 | weighted_recall 0.2562 | consensus_recall 0.8636 | threshold 0.050
Epoch 6/30 | train_loss 1.2276 | union_precision 1.0000 | weighted_recall 0.2579 | consensus_recall 0.8636 | threshold 0.050
Epoch 7/30 | train_loss 1.2155 | union_precision 1.0000 | weighted_recall 0.2540 | consensus_recall 0.8636 | threshold 0.050
Epoch 8/30 | train_loss 1.1995 | union_precision 1.0000 | weighted_recall 0.2681 | consensus_recall 0.8636 | threshold 0.050
Epoch 9/30 | train_loss 1.1925 | union_precision 1.0000 | weighted_recall 0.2636 | consensus_recall 0.8636 | threshold 0.050
Epoch 10/30 | train_loss 1.1806 | union_precision 1.0000 | weighted_recall 0.2636 | consensus_recall 0.8636 | threshold 0.050
Epoch 11/30 | train_loss 1.1789 | union_precision 1.0000 | weighted_recall 0.2636 | consensus_recall 0.8636 | threshold 0.050
Epoch 12/30 | train_loss 1.1706 | union_precision 1.0000 | weighted_recall 0.2678 | consensus_recall 0.9091 | threshold 0.050
Epoch 13/30 | train_loss 1.1656 | union_precision 1.0000 | weighted_recall 0.2684 | consensus_recall 0.9091 | threshold 0.050
Epoch 14/30 | train_loss 1.1619 | union_precision 1.0000 | weighted_recall 0.2619 | consensus_recall 0.8636 | threshold 0.050
Epoch 15/30 | train_loss 1.1587 | union_precision 1.0000 | weighted_recall 0.2619 | consensus_recall 0.8636 | threshold 0.050
Epoch 16/30 | train_loss 1.1466 | union_precision 1.0000 | weighted_recall 0.2619 | consensus_recall 0.8636 | threshold 0.050
Epoch 17/30 | train_loss 1.1475 | union_precision 1.0000 | weighted_recall 0.2624 | consensus_recall 0.8636 | threshold 0.050
Epoch 18/30 | train_loss 1.1452 | union_precision 1.0000 | weighted_recall 0.2624 | consensus_recall 0.8636 | threshold 0.050
Early stopping at epoch 18
Held-out M24-4 | union_precision=1.0000 | weighted_recall=0.2684 | consensus_recall=0.9091
  oracle_stage_macro_f1=0.3496 | end_to_end_stage_macro_f1=0.1888
  end_to_end_stage_class_f1=low:0.1020,mid:0.2576,high:0.2069
Epoch 1/30 | train_loss 1.4557 | union_precision 1.0000 | weighted_recall 0.1498 | consensus_recall 0.8000 | threshold 0.050
Epoch 2/30 | train_loss 1.3473 | union_precision 1.0000 | weighted_recall 0.1546 | consensus_recall 1.0000 | threshold 0.050
Epoch 3/30 | train_loss 1.2970 | union_precision 1.0000 | weighted_recall 0.1739 | consensus_recall 1.0000 | threshold 0.050
Epoch 4/30 | train_loss 1.2609 | union_precision 1.0000 | weighted_recall 0.1606 | consensus_recall 1.0000 | threshold 0.050
Epoch 5/30 | train_loss 1.2454 | union_precision 1.0000 | weighted_recall 0.1679 | consensus_recall 1.0000 | threshold 0.050
Epoch 6/30 | train_loss 1.2248 | union_precision 1.0000 | weighted_recall 0.1643 | consensus_recall 1.0000 | threshold 0.050
Epoch 7/30 | train_loss 1.2122 | union_precision 1.0000 | weighted_recall 0.1643 | consensus_recall 1.0000 | threshold 0.050
Early stopping at epoch 7
Held-out M30-1 | union_precision=1.0000 | weighted_recall=0.1546 | consensus_recall=1.0000
  oracle_stage_macro_f1=0.2556 | end_to_end_stage_macro_f1=0.1393
  end_to_end_stage_class_f1=low:0.0952,mid:0.3226,high:0.0000
Epoch 1/30 | train_loss 1.4555 | union_precision 1.0000 | weighted_recall 0.1619 | consensus_recall 0.5000 | threshold 0.050
Epoch 2/30 | train_loss 1.3477 | union_precision 1.0000 | weighted_recall 0.2020 | consensus_recall 0.5000 | threshold 0.050
Epoch 3/30 | train_loss 1.2965 | union_precision 1.0000 | weighted_recall 0.1521 | consensus_recall 0.5000 | threshold 0.050
Epoch 4/30 | train_loss 1.2610 | union_precision 1.0000 | weighted_recall 0.1450 | consensus_recall 0.7500 | threshold 0.050
Epoch 5/30 | train_loss 1.2453 | union_precision 1.0000 | weighted_recall 0.1610 | consensus_recall 1.0000 | threshold 0.050
Epoch 6/30 | train_loss 1.2246 | union_precision 1.0000 | weighted_recall 0.1610 | consensus_recall 1.0000 | threshold 0.050
Epoch 7/30 | train_loss 1.2124 | union_precision 1.0000 | weighted_recall 0.1610 | consensus_recall 1.0000 | threshold 0.050
Epoch 8/30 | train_loss 1.1972 | union_precision 1.0000 | weighted_recall 0.1931 | consensus_recall 1.0000 | threshold 0.050
Epoch 9/30 | train_loss 1.1903 | union_precision 1.0000 | weighted_recall 0.2117 | consensus_recall 1.0000 | threshold 0.050
Epoch 10/30 | train_loss 1.1778 | union_precision 1.0000 | weighted_recall 0.2117 | consensus_recall 1.0000 | threshold 0.050
Epoch 11/30 | train_loss 1.1769 | union_precision 1.0000 | weighted_recall 0.2153 | consensus_recall 1.0000 | threshold 0.050
Epoch 12/30 | train_loss 1.1683 | union_precision 1.0000 | weighted_recall 0.2162 | consensus_recall 1.0000 | threshold 0.050
Epoch 13/30 | train_loss 1.1637 | union_precision 1.0000 | weighted_recall 0.2322 | consensus_recall 1.0000 | threshold 0.050
Epoch 14/30 | train_loss 1.1589 | union_precision 1.0000 | weighted_recall 0.2322 | consensus_recall 1.0000 | threshold 0.050
Epoch 15/30 | train_loss 1.1576 | union_precision 1.0000 | weighted_recall 0.2091 | consensus_recall 1.0000 | threshold 0.050
Epoch 16/30 | train_loss 1.1432 | union_precision 1.0000 | weighted_recall 0.2180 | consensus_recall 1.0000 | threshold 0.050
Early stopping at epoch 16
Held-out M30-2 | union_precision=1.0000 | weighted_recall=0.2153 | consensus_recall=1.0000
  oracle_stage_macro_f1=0.3486 | end_to_end_stage_macro_f1=0.1179
  end_to_end_stage_class_f1=low:0.0870,mid:0.2667,high:0.0000
Epoch 1/30 | train_loss 1.4588 | union_precision 1.0000 | weighted_recall 0.1312 | consensus_recall 0.3846 | threshold 0.050
Epoch 2/30 | train_loss 1.3486 | union_precision 1.0000 | weighted_recall 0.1651 | consensus_recall 0.3077 | threshold 0.050
Epoch 3/30 | train_loss 1.2954 | union_precision 1.0000 | weighted_recall 0.1951 | consensus_recall 0.5385 | threshold 0.050
Epoch 4/30 | train_loss 1.2616 | union_precision 1.0000 | weighted_recall 0.2724 | consensus_recall 0.8462 | threshold 0.050
Epoch 5/30 | train_loss 1.2457 | union_precision 1.0000 | weighted_recall 0.2724 | consensus_recall 0.8462 | threshold 0.050
Epoch 6/30 | train_loss 1.2260 | union_precision 1.0000 | weighted_recall 0.2739 | consensus_recall 0.7692 | threshold 0.050
Epoch 7/30 | train_loss 1.2122 | union_precision 1.0000 | weighted_recall 0.3053 | consensus_recall 0.9231 | threshold 0.050
Epoch 8/30 | train_loss 1.1975 | union_precision 1.0000 | weighted_recall 0.2987 | consensus_recall 0.9231 | threshold 0.050
Epoch 9/30 | train_loss 1.1915 | union_precision 1.0000 | weighted_recall 0.3020 | consensus_recall 0.9231 | threshold 0.050
Epoch 10/30 | train_loss 1.1782 | union_precision 1.0000 | weighted_recall 0.2953 | consensus_recall 0.9231 | threshold 0.050
Epoch 11/30 | train_loss 1.1762 | union_precision 1.0000 | weighted_recall 0.2948 | consensus_recall 0.8462 | threshold 0.050
Epoch 12/30 | train_loss 1.1686 | union_precision 1.0000 | weighted_recall 0.3135 | consensus_recall 0.8462 | threshold 0.050
Epoch 13/30 | train_loss 1.1633 | union_precision 1.0000 | weighted_recall 0.3135 | consensus_recall 0.8462 | threshold 0.050
Epoch 14/30 | train_loss 1.1587 | union_precision 1.0000 | weighted_recall 0.3230 | consensus_recall 0.8462 | threshold 0.050
Epoch 15/30 | train_loss 1.1567 | union_precision 1.0000 | weighted_recall 0.3225 | consensus_recall 0.8462 | threshold 0.050
Epoch 16/30 | train_loss 1.1425 | union_precision 1.0000 | weighted_recall 0.3402 | consensus_recall 0.8462 | threshold 0.050
Epoch 17/30 | train_loss 1.1449 | union_precision 1.0000 | weighted_recall 0.3402 | consensus_recall 0.8462 | threshold 0.050
Epoch 18/30 | train_loss 1.1428 | union_precision 1.0000 | weighted_recall 0.3430 | consensus_recall 0.8462 | threshold 0.050
Epoch 19/30 | train_loss 1.1360 | union_precision 1.0000 | weighted_recall 0.3430 | consensus_recall 0.8462 | threshold 0.050
Epoch 20/30 | train_loss 1.1358 | union_precision 1.0000 | weighted_recall 0.3387 | consensus_recall 0.8462 | threshold 0.050
Epoch 21/30 | train_loss 1.1313 | union_precision 1.0000 | weighted_recall 0.3387 | consensus_recall 0.8462 | threshold 0.050
Epoch 22/30 | train_loss 1.1285 | union_precision 1.0000 | weighted_recall 0.3387 | consensus_recall 0.8462 | threshold 0.050
Epoch 23/30 | train_loss 1.1259 | union_precision 1.0000 | weighted_recall 0.3387 | consensus_recall 0.8462 | threshold 0.050
Early stopping at epoch 23
Held-out M30-3 | union_precision=1.0000 | weighted_recall=0.3430 | consensus_recall=0.8462
  oracle_stage_macro_f1=0.1874 | end_to_end_stage_macro_f1=0.0558
  end_to_end_stage_class_f1=low:0.0342,mid:0.0000,high:0.1333
Epoch 1/30 | train_loss 1.4592 | union_precision 0.9800 | weighted_recall 0.1337 | consensus_recall 0.1000 | threshold 0.050
Epoch 2/30 | train_loss 1.3524 | union_precision 0.9811 | weighted_recall 0.1567 | consensus_recall 0.1000 | threshold 0.050
Epoch 3/30 | train_loss 1.2993 | union_precision 0.9636 | weighted_recall 0.1707 | consensus_recall 0.1000 | threshold 0.050
Epoch 4/30 | train_loss 1.2661 | union_precision 0.9815 | weighted_recall 0.1779 | consensus_recall 0.2500 | threshold 0.050
Epoch 5/30 | train_loss 1.2500 | union_precision 0.9815 | weighted_recall 0.1725 | consensus_recall 0.2500 | threshold 0.050
Epoch 6/30 | train_loss 1.2283 | union_precision 0.9815 | weighted_recall 0.1771 | consensus_recall 0.2500 | threshold 0.050
Epoch 7/30 | train_loss 1.2154 | union_precision 0.9815 | weighted_recall 0.1833 | consensus_recall 0.2500 | threshold 0.050
Epoch 8/30 | train_loss 1.2023 | union_precision 0.9815 | weighted_recall 0.1940 | consensus_recall 0.3000 | threshold 0.050
Epoch 9/30 | train_loss 1.1955 | union_precision 0.9811 | weighted_recall 0.1865 | consensus_recall 0.3000 | threshold 0.050
Epoch 10/30 | train_loss 1.1822 | union_precision 0.9811 | weighted_recall 0.2328 | consensus_recall 0.5000 | threshold 0.050
Epoch 11/30 | train_loss 1.1794 | union_precision 0.9811 | weighted_recall 0.2508 | consensus_recall 0.6000 | threshold 0.050
Epoch 12/30 | train_loss 1.1722 | union_precision 1.0000 | weighted_recall 0.2986 | consensus_recall 0.7500 | threshold 0.050
Epoch 13/30 | train_loss 1.1674 | union_precision 1.0000 | weighted_recall 0.3302 | consensus_recall 0.8000 | threshold 0.050
Epoch 14/30 | train_loss 1.1632 | union_precision 1.0000 | weighted_recall 0.3302 | consensus_recall 0.8000 | threshold 0.050
Epoch 15/30 | train_loss 1.1605 | union_precision 1.0000 | weighted_recall 0.3396 | consensus_recall 0.8000 | threshold 0.050
Epoch 16/30 | train_loss 1.1474 | union_precision 1.0000 | weighted_recall 0.3392 | consensus_recall 0.7500 | threshold 0.050
Epoch 17/30 | train_loss 1.1483 | union_precision 1.0000 | weighted_recall 0.3435 | consensus_recall 0.7500 | threshold 0.050
Epoch 18/30 | train_loss 1.1464 | union_precision 1.0000 | weighted_recall 0.3428 | consensus_recall 0.7500 | threshold 0.050
Epoch 19/30 | train_loss 1.1392 | union_precision 1.0000 | weighted_recall 0.3356 | consensus_recall 0.7500 | threshold 0.050
Epoch 20/30 | train_loss 1.1383 | union_precision 1.0000 | weighted_recall 0.3367 | consensus_recall 0.7500 | threshold 0.050
Early stopping at epoch 20
Held-out M30-4 | union_precision=1.0000 | weighted_recall=0.3396 | consensus_recall=0.8000
  oracle_stage_macro_f1=0.3184 | end_to_end_stage_macro_f1=0.1663
  end_to_end_stage_class_f1=low:0.1754,mid:0.1754,high:0.1481
Epoch 1/30 | train_loss 1.4535 | union_precision 1.0000 | weighted_recall 0.1846 | consensus_recall 1.0000 | threshold 0.050
Epoch 2/30 | train_loss 1.3460 | union_precision 1.0000 | weighted_recall 0.1846 | consensus_recall 1.0000 | threshold 0.050
Epoch 3/30 | train_loss 1.2938 | union_precision 0.9444 | weighted_recall 0.1833 | consensus_recall 1.0000 | threshold 0.050
Epoch 4/30 | train_loss 1.2600 | union_precision 0.9444 | weighted_recall 0.1833 | consensus_recall 1.0000 | threshold 0.050
Epoch 5/30 | train_loss 1.2443 | union_precision 0.9444 | weighted_recall 0.1833 | consensus_recall 1.0000 | threshold 0.050
Epoch 6/30 | train_loss 1.2250 | union_precision 0.9444 | weighted_recall 0.1833 | consensus_recall 1.0000 | threshold 0.050
Early stopping at epoch 6
Held-out M33-1 | union_precision=1.0000 | weighted_recall=0.1846 | consensus_recall=1.0000
  oracle_stage_macro_f1=0.3046 | end_to_end_stage_macro_f1=0.1354
  end_to_end_stage_class_f1=low:0.1778,mid:0.2286,high:0.0000
Epoch 1/30 | train_loss 1.4574 | union_precision 1.0000 | weighted_recall 0.1580 | consensus_recall 0.2000 | threshold 0.050
Epoch 2/30 | train_loss 1.3499 | union_precision 1.0000 | weighted_recall 0.1600 | consensus_recall 0.2000 | threshold 0.050
Epoch 3/30 | train_loss 1.2964 | union_precision 1.0000 | weighted_recall 0.1600 | consensus_recall 0.2000 | threshold 0.050
Epoch 4/30 | train_loss 1.2608 | union_precision 1.0000 | weighted_recall 0.1542 | consensus_recall 0.2000 | threshold 0.050
Epoch 5/30 | train_loss 1.2449 | union_precision 1.0000 | weighted_recall 0.1642 | consensus_recall 0.2000 | threshold 0.050
Epoch 6/30 | train_loss 1.2269 | union_precision 1.0000 | weighted_recall 0.1634 | consensus_recall 0.2000 | threshold 0.050
Early stopping at epoch 6
Held-out M33-2 | union_precision=1.0000 | weighted_recall=0.1580 | consensus_recall=0.2000
  oracle_stage_macro_f1=0.2957 | end_to_end_stage_macro_f1=0.0874
  end_to_end_stage_class_f1=low:0.0884,mid:0.1739,high:0.0000
Epoch 1/30 | train_loss 1.4527 | union_precision 0.9630 | weighted_recall 0.1555 | consensus_recall 0.5000 | threshold 0.050
Epoch 2/30 | train_loss 1.3489 | union_precision 0.9630 | weighted_recall 0.1206 | consensus_recall 0.2500 | threshold 0.050
Epoch 3/30 | train_loss 1.2942 | union_precision 0.9615 | weighted_recall 0.1253 | consensus_recall 0.5000 | threshold 0.050
Epoch 4/30 | train_loss 1.2603 | union_precision 0.9600 | weighted_recall 0.1183 | consensus_recall 0.5000 | threshold 0.050
Epoch 5/30 | train_loss 1.2433 | union_precision 0.9583 | weighted_recall 0.0974 | consensus_recall 0.2500 | threshold 0.050
Epoch 6/30 | train_loss 1.2260 | union_precision 0.9600 | weighted_recall 0.1183 | consensus_recall 0.5000 | threshold 0.050
Early stopping at epoch 6
Held-out M33-3 | union_precision=0.9630 | weighted_recall=0.1555 | consensus_recall=0.5000
  oracle_stage_macro_f1=0.3269 | end_to_end_stage_macro_f1=0.0995
  end_to_end_stage_class_f1=low:0.2295,mid:0.0690,high:0.0000
Epoch 1/30 | train_loss 1.4540 | union_precision 1.0000 | weighted_recall 0.1383 | consensus_recall 0.3750 | threshold 0.050
Epoch 2/30 | train_loss 1.3595 | union_precision 1.0000 | weighted_recall 0.1562 | consensus_recall 0.3750 | threshold 0.050
Epoch 3/30 | train_loss 1.2914 | union_precision 1.0000 | weighted_recall 0.1576 | consensus_recall 0.6250 | threshold 0.050
Epoch 4/30 | train_loss 1.2681 | union_precision 1.0000 | weighted_recall 0.1684 | consensus_recall 0.7500 | threshold 0.050
Epoch 5/30 | train_loss 1.2444 | union_precision 1.0000 | weighted_recall 0.1692 | consensus_recall 0.7500 | threshold 0.050
Epoch 6/30 | train_loss 1.2255 | union_precision 1.0000 | weighted_recall 0.1678 | consensus_recall 0.7500 | threshold 0.050
Epoch 7/30 | train_loss 1.2138 | union_precision 1.0000 | weighted_recall 0.1678 | consensus_recall 0.7500 | threshold 0.050
Epoch 8/30 | train_loss 1.1998 | union_precision 1.0000 | weighted_recall 0.1712 | consensus_recall 0.7500 | threshold 0.050
Epoch 9/30 | train_loss 1.1910 | union_precision 1.0000 | weighted_recall 0.1847 | consensus_recall 0.7500 | threshold 0.050
Early stopping at epoch 9
Held-out M33-4 | union_precision=1.0000 | weighted_recall=0.1684 | consensus_recall=0.7500
  oracle_stage_macro_f1=0.2957 | end_to_end_stage_macro_f1=0.1178
  end_to_end_stage_class_f1=low:0.1048,mid:0.1931,high:0.0556
Epoch 1/30 | train_loss 1.4572 | union_precision 1.0000 | weighted_recall 0.1768 | consensus_recall 0.4000 | threshold 0.050
Epoch 2/30 | train_loss 1.3523 | union_precision 1.0000 | weighted_recall 0.1954 | consensus_recall 0.4000 | threshold 0.050
Epoch 3/30 | train_loss 1.2975 | union_precision 0.9828 | weighted_recall 0.2104 | consensus_recall 0.5000 | threshold 0.050
Epoch 4/30 | train_loss 1.2597 | union_precision 0.9821 | weighted_recall 0.2087 | consensus_recall 0.5000 | threshold 0.050
Epoch 5/30 | train_loss 1.2432 | union_precision 0.9825 | weighted_recall 0.2162 | consensus_recall 0.5000 | threshold 0.050
Epoch 6/30 | train_loss 1.2254 | union_precision 0.9828 | weighted_recall 0.2087 | consensus_recall 0.6000 | threshold 0.050
Epoch 7/30 | train_loss 1.2128 | union_precision 0.9828 | weighted_recall 0.2087 | consensus_recall 0.6000 | threshold 0.050
Epoch 8/30 | train_loss 1.1989 | union_precision 1.0000 | weighted_recall 0.2081 | consensus_recall 0.6000 | threshold 0.050
Epoch 9/30 | train_loss 1.1930 | union_precision 1.0000 | weighted_recall 0.2197 | consensus_recall 0.6000 | threshold 0.050
Epoch 10/30 | train_loss 1.1783 | union_precision 1.0000 | weighted_recall 0.2238 | consensus_recall 0.6000 | threshold 0.050
Epoch 11/30 | train_loss 1.1782 | union_precision 1.0000 | weighted_recall 0.2255 | consensus_recall 0.7000 | threshold 0.050
Epoch 12/30 | train_loss 1.1669 | union_precision 1.0000 | weighted_recall 0.2487 | consensus_recall 0.8000 | threshold 0.050
Epoch 13/30 | train_loss 1.1632 | union_precision 1.0000 | weighted_recall 0.2400 | consensus_recall 0.8000 | threshold 0.050
Epoch 14/30 | train_loss 1.1589 | union_precision 1.0000 | weighted_recall 0.2400 | consensus_recall 0.8000 | threshold 0.050
Epoch 15/30 | train_loss 1.1567 | union_precision 1.0000 | weighted_recall 0.2313 | consensus_recall 0.8000 | threshold 0.050
Early stopping at epoch 15
Held-out M41-1 | union_precision=1.0000 | weighted_recall=0.2238 | consensus_recall=0.6000
  oracle_stage_macro_f1=0.3550 | end_to_end_stage_macro_f1=0.1759
  end_to_end_stage_class_f1=low:0.1577,mid:0.2162,high:0.1538
Epoch 1/30 | train_loss 1.4524 | union_precision 1.0000 | weighted_recall 0.1771 | consensus_recall 1.0000 | threshold 0.050
Epoch 2/30 | train_loss 1.3495 | union_precision 1.0000 | weighted_recall 0.1841 | consensus_recall 1.0000 | threshold 0.050
Epoch 3/30 | train_loss 1.2962 | union_precision 1.0000 | weighted_recall 0.1881 | consensus_recall 1.0000 | threshold 0.050
Epoch 4/30 | train_loss 1.2566 | union_precision 1.0000 | weighted_recall 0.1841 | consensus_recall 1.0000 | threshold 0.050
Epoch 5/30 | train_loss 1.2414 | union_precision 1.0000 | weighted_recall 0.1630 | consensus_recall 1.0000 | threshold 0.050
Epoch 6/30 | train_loss 1.2254 | union_precision 1.0000 | weighted_recall 0.1700 | consensus_recall 1.0000 | threshold 0.050
Epoch 7/30 | train_loss 1.2113 | union_precision 1.0000 | weighted_recall 0.1761 | consensus_recall 1.0000 | threshold 0.050
Epoch 8/30 | train_loss 1.1974 | union_precision 1.0000 | weighted_recall 0.1730 | consensus_recall 1.0000 | threshold 0.050
Epoch 9/30 | train_loss 1.1922 | union_precision 1.0000 | weighted_recall 0.1700 | consensus_recall 1.0000 | threshold 0.050
Epoch 10/30 | train_loss 1.1781 | union_precision 1.0000 | weighted_recall 0.1740 | consensus_recall 1.0000 | threshold 0.050
Epoch 11/30 | train_loss 1.1778 | union_precision 1.0000 | weighted_recall 0.1730 | consensus_recall 1.0000 | threshold 0.050
Epoch 12/30 | train_loss 1.1657 | union_precision 1.0000 | weighted_recall 0.1278 | consensus_recall 0.5000 | threshold 0.050
Early stopping at epoch 12
Held-out M41-2 | union_precision=1.0000 | weighted_recall=0.1761 | consensus_recall=1.0000
  oracle_stage_macro_f1=0.2486 | end_to_end_stage_macro_f1=0.1204
  end_to_end_stage_class_f1=low:0.0567,mid:0.3043,high:0.0000
Epoch 1/30 | train_loss 1.4535 | union_precision 1.0000 | weighted_recall 0.2954 | consensus_recall 0.6250 | threshold 0.050
Epoch 2/30 | train_loss 1.3513 | union_precision 1.0000 | weighted_recall 0.2349 | consensus_recall 0.6250 | threshold 0.050
Epoch 3/30 | train_loss 1.2972 | union_precision 1.0000 | weighted_recall 0.2313 | consensus_recall 0.6250 | threshold 0.050
Epoch 4/30 | train_loss 1.2573 | union_precision 1.0000 | weighted_recall 0.2313 | consensus_recall 0.6250 | threshold 0.050
Epoch 5/30 | train_loss 1.2430 | union_precision 1.0000 | weighted_recall 0.2295 | consensus_recall 0.6250 | threshold 0.050
Epoch 6/30 | train_loss 1.2264 | union_precision 1.0000 | weighted_recall 0.2295 | consensus_recall 0.6250 | threshold 0.050
Early stopping at epoch 6
Held-out M41-3 | union_precision=1.0000 | weighted_recall=0.2954 | consensus_recall=0.6250
  oracle_stage_macro_f1=0.3485 | end_to_end_stage_macro_f1=0.2660
  end_to_end_stage_class_f1=low:0.1404,mid:0.3243,high:0.3333
Epoch 1/30 | train_loss 1.4549 | union_precision 1.0000 | weighted_recall 0.2291 | consensus_recall 0.5000 | threshold 0.050
Epoch 2/30 | train_loss 1.3536 | union_precision 1.0000 | weighted_recall 0.2425 | consensus_recall 0.6000 | threshold 0.050
Epoch 3/30 | train_loss 1.2993 | union_precision 1.0000 | weighted_recall 0.2466 | consensus_recall 0.7000 | threshold 0.050
Epoch 4/30 | train_loss 1.2598 | union_precision 1.0000 | weighted_recall 0.2528 | consensus_recall 0.7000 | threshold 0.050
Epoch 5/30 | train_loss 1.2435 | union_precision 1.0000 | weighted_recall 0.2621 | consensus_recall 0.8000 | threshold 0.050
Epoch 6/30 | train_loss 1.2269 | union_precision 1.0000 | weighted_recall 0.2652 | consensus_recall 0.8000 | threshold 0.050
Epoch 7/30 | train_loss 1.2138 | union_precision 1.0000 | weighted_recall 0.2456 | consensus_recall 0.8000 | threshold 0.050
Epoch 8/30 | train_loss 1.1991 | union_precision 1.0000 | weighted_recall 0.2828 | consensus_recall 0.9000 | threshold 0.050
Epoch 9/30 | train_loss 1.1939 | union_precision 1.0000 | weighted_recall 0.3240 | consensus_recall 0.9000 | threshold 0.050
Epoch 10/30 | train_loss 1.1792 | union_precision 1.0000 | weighted_recall 0.3117 | consensus_recall 0.8000 | threshold 0.050
Epoch 11/30 | train_loss 1.1799 | union_precision 1.0000 | weighted_recall 0.3117 | consensus_recall 0.7000 | threshold 0.050
Epoch 12/30 | train_loss 1.1683 | union_precision 1.0000 | weighted_recall 0.3117 | consensus_recall 0.7000 | threshold 0.050
Epoch 13/30 | train_loss 1.1634 | union_precision 1.0000 | weighted_recall 0.3055 | consensus_recall 0.7000 | threshold 0.050
Epoch 14/30 | train_loss 1.1606 | union_precision 1.0000 | weighted_recall 0.3055 | consensus_recall 0.7000 | threshold 0.050
Early stopping at epoch 14
Held-out M41-4 | union_precision=1.0000 | weighted_recall=0.3240 | consensus_recall=0.9000
  oracle_stage_macro_f1=0.3431 | end_to_end_stage_macro_f1=0.1621
  end_to_end_stage_class_f1=low:0.1200,mid:0.2553,high:0.1111
Epoch 1/30 | train_loss 1.4541 | union_precision 1.0000 | weighted_recall 0.1468 | consensus_recall 0.2727 | threshold 0.050
Epoch 2/30 | train_loss 1.3566 | union_precision 1.0000 | weighted_recall 0.1595 | consensus_recall 0.5455 | threshold 0.050
Epoch 3/30 | train_loss 1.2977 | union_precision 1.0000 | weighted_recall 0.2073 | consensus_recall 0.5455 | threshold 0.050
Epoch 4/30 | train_loss 1.2607 | union_precision 1.0000 | weighted_recall 0.2254 | consensus_recall 0.6364 | threshold 0.050
Epoch 5/30 | train_loss 1.2433 | union_precision 1.0000 | weighted_recall 0.2266 | consensus_recall 0.7273 | threshold 0.050
Epoch 6/30 | train_loss 1.2251 | union_precision 1.0000 | weighted_recall 0.2320 | consensus_recall 0.7273 | threshold 0.050
Epoch 7/30 | train_loss 1.2134 | union_precision 1.0000 | weighted_recall 0.2320 | consensus_recall 0.7273 | threshold 0.050
Epoch 8/30 | train_loss 1.1992 | union_precision 1.0000 | weighted_recall 0.2224 | consensus_recall 0.7273 | threshold 0.050
Epoch 9/30 | train_loss 1.1934 | union_precision 1.0000 | weighted_recall 0.2187 | consensus_recall 0.8182 | threshold 0.050
Epoch 10/30 | train_loss 1.1791 | union_precision 1.0000 | weighted_recall 0.2411 | consensus_recall 0.9091 | threshold 0.050
Epoch 11/30 | train_loss 1.1799 | union_precision 1.0000 | weighted_recall 0.2429 | consensus_recall 0.9091 | threshold 0.050
Epoch 12/30 | train_loss 1.1673 | union_precision 1.0000 | weighted_recall 0.2453 | consensus_recall 0.9091 | threshold 0.050
Epoch 13/30 | train_loss 1.1622 | union_precision 1.0000 | weighted_recall 0.2441 | consensus_recall 0.9091 | threshold 0.050
Epoch 14/30 | train_loss 1.1604 | union_precision 1.0000 | weighted_recall 0.2459 | consensus_recall 1.0000 | threshold 0.050
Epoch 15/30 | train_loss 1.1573 | union_precision 1.0000 | weighted_recall 0.2574 | consensus_recall 1.0000 | threshold 0.050
Epoch 16/30 | train_loss 1.1456 | union_precision 1.0000 | weighted_recall 0.2574 | consensus_recall 1.0000 | threshold 0.050
Epoch 17/30 | train_loss 1.1468 | union_precision 1.0000 | weighted_recall 0.2574 | consensus_recall 1.0000 | threshold 0.050
Epoch 18/30 | train_loss 1.1450 | union_precision 1.0000 | weighted_recall 0.2532 | consensus_recall 1.0000 | threshold 0.050
Epoch 19/30 | train_loss 1.1361 | union_precision 1.0000 | weighted_recall 0.2532 | consensus_recall 1.0000 | threshold 0.050
Epoch 20/30 | train_loss 1.1350 | union_precision 1.0000 | weighted_recall 0.2429 | consensus_recall 1.0000 | threshold 0.050
Early stopping at epoch 20
Held-out M50-1 | union_precision=1.0000 | weighted_recall=0.2574 | consensus_recall=1.0000
  oracle_stage_macro_f1=0.2384 | end_to_end_stage_macro_f1=0.1552
  end_to_end_stage_class_f1=low:0.0302,mid:0.3243,high:0.1111
Epoch 1/30 | train_loss 1.4563 | union_precision 0.9787 | weighted_recall 0.1694 | consensus_recall 0.3077 | threshold 0.050
Epoch 2/30 | train_loss 1.3559 | union_precision 0.9783 | weighted_recall 0.1706 | consensus_recall 0.3846 | threshold 0.050
Epoch 3/30 | train_loss 1.2992 | union_precision 0.9783 | weighted_recall 0.1785 | consensus_recall 0.3846 | threshold 0.050
Epoch 4/30 | train_loss 1.2602 | union_precision 0.9783 | weighted_recall 0.1825 | consensus_recall 0.3846 | threshold 0.050
Epoch 5/30 | train_loss 1.2422 | union_precision 0.9800 | weighted_recall 0.2007 | consensus_recall 0.7692 | threshold 0.050
Epoch 6/30 | train_loss 1.2255 | union_precision 0.9796 | weighted_recall 0.1944 | consensus_recall 0.7692 | threshold 0.050
Epoch 7/30 | train_loss 1.2131 | union_precision 0.9792 | weighted_recall 0.1819 | consensus_recall 0.5385 | threshold 0.050
Epoch 8/30 | train_loss 1.1988 | union_precision 1.0000 | weighted_recall 0.1768 | consensus_recall 0.4615 | threshold 0.050
Epoch 9/30 | train_loss 1.1941 | union_precision 1.0000 | weighted_recall 0.1876 | consensus_recall 0.5385 | threshold 0.050
Epoch 10/30 | train_loss 1.1797 | union_precision 1.0000 | weighted_recall 0.1802 | consensus_recall 0.5385 | threshold 0.050
Early stopping at epoch 10
Held-out M50-2 | union_precision=0.9800 | weighted_recall=0.2007 | consensus_recall=0.7692
  oracle_stage_macro_f1=0.2676 | end_to_end_stage_macro_f1=0.0916
  end_to_end_stage_class_f1=low:0.1681,mid:0.1067,high:0.0000
Epoch 1/30 | train_loss 1.4599 | union_precision 1.0000 | weighted_recall 0.2447 | consensus_recall 0.5238 | threshold 0.050
Epoch 2/30 | train_loss 1.3570 | union_precision 1.0000 | weighted_recall 0.2396 | consensus_recall 0.5714 | threshold 0.050
Epoch 3/30 | train_loss 1.3028 | union_precision 1.0000 | weighted_recall 0.2551 | consensus_recall 0.6667 | threshold 0.050
Epoch 4/30 | train_loss 1.2632 | union_precision 1.0000 | weighted_recall 0.2584 | consensus_recall 0.6667 | threshold 0.050
Epoch 5/30 | train_loss 1.2449 | union_precision 1.0000 | weighted_recall 0.2640 | consensus_recall 0.7143 | threshold 0.050
Epoch 6/30 | train_loss 1.2278 | union_precision 1.0000 | weighted_recall 0.2914 | consensus_recall 0.8095 | threshold 0.050
Early stopping at epoch 6
Held-out M50-3 | union_precision=1.0000 | weighted_recall=0.2447 | consensus_recall=0.5238
  oracle_stage_macro_f1=0.3551 | end_to_end_stage_macro_f1=0.1969
  end_to_end_stage_class_f1=low:0.1458,mid:0.2407,high:0.2041
Epoch 1/30 | train_loss 1.4576 | union_precision 0.9882 | weighted_recall 0.1531 | consensus_recall 0.6250 | threshold 0.050
Epoch 2/30 | train_loss 1.3581 | union_precision 0.9884 | weighted_recall 0.1555 | consensus_recall 0.6250 | threshold 0.050
Epoch 3/30 | train_loss 1.2996 | union_precision 1.0000 | weighted_recall 0.1427 | consensus_recall 0.5000 | threshold 0.050
Epoch 4/30 | train_loss 1.2619 | union_precision 1.0000 | weighted_recall 0.1460 | consensus_recall 0.5000 | threshold 0.050
Epoch 5/30 | train_loss 1.2421 | union_precision 1.0000 | weighted_recall 0.1456 | consensus_recall 0.5000 | threshold 0.050
Epoch 6/30 | train_loss 1.2269 | union_precision 0.9878 | weighted_recall 0.1460 | consensus_recall 0.5000 | threshold 0.050
Epoch 7/30 | train_loss 1.2097 | union_precision 0.9877 | weighted_recall 0.1531 | consensus_recall 0.5000 | threshold 0.050
Early stopping at epoch 7
Held-out M56-1 | union_precision=0.9884 | weighted_recall=0.1555 | consensus_recall=0.6250
  oracle_stage_macro_f1=0.2870 | end_to_end_stage_macro_f1=0.1015
  end_to_end_stage_class_f1=low:0.0998,mid:0.1379,high:0.0667
Epoch 1/30 | train_loss 1.4498 | union_precision 0.9722 | weighted_recall 0.1450 | consensus_recall 0.4000 | threshold 0.050
Epoch 2/30 | train_loss 1.3527 | union_precision 0.9714 | weighted_recall 0.1488 | consensus_recall 0.4000 | threshold 0.050
Epoch 3/30 | train_loss 1.2962 | union_precision 0.9714 | weighted_recall 0.1166 | consensus_recall 0.2000 | threshold 0.050
Epoch 4/30 | train_loss 1.2596 | union_precision 0.9706 | weighted_recall 0.1160 | consensus_recall 0.2000 | threshold 0.050
Epoch 5/30 | train_loss 1.2398 | union_precision 0.9688 | weighted_recall 0.1009 | consensus_recall 0.2000 | threshold 0.050
Epoch 6/30 | train_loss 1.2261 | union_precision 0.9667 | weighted_recall 0.1040 | consensus_recall 0.2000 | threshold 0.050
Early stopping at epoch 6
Held-out M56-2 | union_precision=0.9722 | weighted_recall=0.1450 | consensus_recall=0.4000
  oracle_stage_macro_f1=0.2231 | end_to_end_stage_macro_f1=0.1075
  end_to_end_stage_class_f1=low:0.0556,mid:0.1493,high:0.1176
Epoch 1/30 | train_loss 1.4564 | union_precision 0.9880 | weighted_recall 0.1686 | consensus_recall 0.3462 | threshold 0.050
Epoch 2/30 | train_loss 1.3611 | union_precision 0.9880 | weighted_recall 0.1800 | consensus_recall 0.4231 | threshold 0.050
Epoch 3/30 | train_loss 1.3024 | union_precision 0.9885 | weighted_recall 0.1886 | consensus_recall 0.5385 | threshold 0.050
Epoch 4/30 | train_loss 1.2656 | union_precision 0.9885 | weighted_recall 0.2111 | consensus_recall 0.6154 | threshold 0.050
Epoch 5/30 | train_loss 1.2445 | union_precision 0.9885 | weighted_recall 0.2205 | consensus_recall 0.6154 | threshold 0.050
Epoch 6/30 | train_loss 1.2296 | union_precision 0.9878 | weighted_recall 0.2293 | consensus_recall 0.6923 | threshold 0.050
Epoch 7/30 | train_loss 1.2139 | union_precision 0.9873 | weighted_recall 0.2159 | consensus_recall 0.5000 | threshold 0.050
Epoch 8/30 | train_loss 1.2014 | union_precision 0.9875 | weighted_recall 0.2192 | consensus_recall 0.5385 | threshold 0.050
Epoch 9/30 | train_loss 1.1951 | union_precision 0.9878 | weighted_recall 0.2253 | consensus_recall 0.5769 | threshold 0.050
Epoch 10/30 | train_loss 1.1845 | union_precision 0.9872 | weighted_recall 0.2030 | consensus_recall 0.5000 | threshold 0.050
Early stopping at epoch 10
Held-out M56-3 | union_precision=0.9885 | weighted_recall=0.2205 | consensus_recall=0.6154
  oracle_stage_macro_f1=0.1972 | end_to_end_stage_macro_f1=0.0437
  end_to_end_stage_class_f1=low:0.0096,mid:0.0721,high:0.0494
Epoch 1/30 | train_loss 1.4513 | union_precision 0.9821 | weighted_recall 0.1660 | consensus_recall 0.3000 | threshold 0.050
Epoch 2/30 | train_loss 1.3604 | union_precision 1.0000 | weighted_recall 0.1754 | consensus_recall 0.4000 | threshold 0.050
Epoch 3/30 | train_loss 1.3008 | union_precision 1.0000 | weighted_recall 0.1655 | consensus_recall 0.4000 | threshold 0.050
Epoch 4/30 | train_loss 1.2632 | union_precision 1.0000 | weighted_recall 0.1695 | consensus_recall 0.4000 | threshold 0.050
Epoch 5/30 | train_loss 1.2428 | union_precision 1.0000 | weighted_recall 0.1788 | consensus_recall 0.4000 | threshold 0.050
Epoch 6/30 | train_loss 1.2260 | union_precision 0.9808 | weighted_recall 0.1714 | consensus_recall 0.3500 | threshold 0.050
Epoch 7/30 | train_loss 1.2124 | union_precision 0.9808 | weighted_recall 0.1906 | consensus_recall 0.4000 | threshold 0.050
Early stopping at epoch 7
Held-out M59-1 | union_precision=1.0000 | weighted_recall=0.1754 | consensus_recall=0.4000
  oracle_stage_macro_f1=0.3233 | end_to_end_stage_macro_f1=0.1137
  end_to_end_stage_class_f1=low:0.2357,mid:0.1053,high:0.0000
Epoch 1/30 | train_loss 1.4479 | union_precision 1.0000 | weighted_recall 0.1946 | consensus_recall 0.7500 | threshold 0.050
Epoch 2/30 | train_loss 1.3612 | union_precision 1.0000 | weighted_recall 0.1941 | consensus_recall 0.7500 | threshold 0.050
Epoch 3/30 | train_loss 1.3041 | union_precision 1.0000 | weighted_recall 0.2105 | consensus_recall 0.7500 | threshold 0.050
Epoch 4/30 | train_loss 1.2629 | union_precision 1.0000 | weighted_recall 0.2086 | consensus_recall 0.7500 | threshold 0.050
Epoch 5/30 | train_loss 1.2437 | union_precision 1.0000 | weighted_recall 0.2086 | consensus_recall 0.7500 | threshold 0.050
Epoch 6/30 | train_loss 1.2256 | union_precision 1.0000 | weighted_recall 0.2133 | consensus_recall 0.7500 | threshold 0.050
Early stopping at epoch 6
Held-out M59-2 | union_precision=1.0000 | weighted_recall=0.1946 | consensus_recall=0.7500
  oracle_stage_macro_f1=0.2858 | end_to_end_stage_macro_f1=0.1516
  end_to_end_stage_class_f1=low:0.0948,mid:0.2424,high:0.1176
Epoch 1/30 | train_loss 1.4497 | union_precision 1.0000 | weighted_recall 0.2934 | consensus_recall 0.7500 | threshold 0.050
Epoch 2/30 | train_loss 1.3619 | union_precision 1.0000 | weighted_recall 0.2982 | consensus_recall 0.8125 | threshold 0.050
Epoch 3/30 | train_loss 1.3044 | union_precision 1.0000 | weighted_recall 0.3091 | consensus_recall 0.8125 | threshold 0.050
Epoch 4/30 | train_loss 1.2628 | union_precision 1.0000 | weighted_recall 0.3088 | consensus_recall 0.8125 | threshold 0.050
Epoch 5/30 | train_loss 1.2432 | union_precision 1.0000 | weighted_recall 0.3017 | consensus_recall 0.8125 | threshold 0.050
Epoch 6/30 | train_loss 1.2268 | union_precision 1.0000 | weighted_recall 0.3017 | consensus_recall 0.8125 | threshold 0.050
Epoch 7/30 | train_loss 1.2148 | union_precision 1.0000 | weighted_recall 0.3001 | consensus_recall 0.8125 | threshold 0.050
Epoch 8/30 | train_loss 1.1998 | union_precision 1.0000 | weighted_recall 0.3174 | consensus_recall 0.8125 | threshold 0.050
Epoch 9/30 | train_loss 1.1936 | union_precision 1.0000 | weighted_recall 0.3049 | consensus_recall 0.7500 | threshold 0.050
Epoch 10/30 | train_loss 1.1836 | union_precision 1.0000 | weighted_recall 0.3129 | consensus_recall 0.7500 | threshold 0.050
Epoch 11/30 | train_loss 1.1789 | union_precision 1.0000 | weighted_recall 0.3126 | consensus_recall 0.6875 | threshold 0.050
Epoch 12/30 | train_loss 1.1673 | union_precision 1.0000 | weighted_recall 0.3126 | consensus_recall 0.6875 | threshold 0.050
Epoch 13/30 | train_loss 1.1635 | union_precision 1.0000 | weighted_recall 0.3052 | consensus_recall 0.6250 | threshold 0.050
Epoch 14/30 | train_loss 1.1620 | union_precision 1.0000 | weighted_recall 0.3020 | consensus_recall 0.6250 | threshold 0.050
Epoch 15/30 | train_loss 1.1561 | union_precision 0.9848 | weighted_recall 0.2956 | consensus_recall 0.5625 | threshold 0.050
Early stopping at epoch 15
Held-out M59-3 | union_precision=1.0000 | weighted_recall=0.3129 | consensus_recall=0.7500
  oracle_stage_macro_f1=0.3590 | end_to_end_stage_macro_f1=0.2115
  end_to_end_stage_class_f1=low:0.1321,mid:0.4222,high:0.0800
Epoch 1/30 | train_loss 1.4476 | union_precision 1.0000 | weighted_recall 0.1733 | consensus_recall 0.4444 | threshold 0.050
Epoch 2/30 | train_loss 1.3600 | union_precision 1.0000 | weighted_recall 0.1782 | consensus_recall 0.4444 | threshold 0.050
Epoch 3/30 | train_loss 1.3032 | union_precision 1.0000 | weighted_recall 0.1894 | consensus_recall 0.3333 | threshold 0.050
Epoch 4/30 | train_loss 1.2636 | union_precision 1.0000 | weighted_recall 0.2191 | consensus_recall 0.6667 | threshold 0.050
Epoch 5/30 | train_loss 1.2434 | union_precision 1.0000 | weighted_recall 0.2358 | consensus_recall 0.6667 | threshold 0.050
Epoch 6/30 | train_loss 1.2269 | union_precision 1.0000 | weighted_recall 0.2265 | consensus_recall 0.5556 | threshold 0.050
Epoch 7/30 | train_loss 1.2153 | union_precision 1.0000 | weighted_recall 0.2314 | consensus_recall 0.5556 | threshold 0.050
Epoch 8/30 | train_loss 1.2006 | union_precision 1.0000 | weighted_recall 0.2562 | consensus_recall 0.5556 | threshold 0.050
Epoch 9/30 | train_loss 1.1937 | union_precision 1.0000 | weighted_recall 0.2785 | consensus_recall 0.5556 | threshold 0.050
Epoch 10/30 | train_loss 1.1833 | union_precision 1.0000 | weighted_recall 0.3212 | consensus_recall 0.7778 | threshold 0.050
Epoch 11/30 | train_loss 1.1790 | union_precision 1.0000 | weighted_recall 0.3274 | consensus_recall 0.7778 | threshold 0.050
Epoch 12/30 | train_loss 1.1673 | union_precision 1.0000 | weighted_recall 0.3175 | consensus_recall 0.7778 | threshold 0.050
Epoch 13/30 | train_loss 1.1646 | union_precision 1.0000 | weighted_recall 0.3100 | consensus_recall 0.7778 | threshold 0.050
Epoch 14/30 | train_loss 1.1624 | union_precision 1.0000 | weighted_recall 0.3100 | consensus_recall 0.7778 | threshold 0.050
Epoch 15/30 | train_loss 1.1574 | union_precision 1.0000 | weighted_recall 0.3224 | consensus_recall 0.7778 | threshold 0.050
Epoch 16/30 | train_loss 1.1470 | union_precision 1.0000 | weighted_recall 0.3311 | consensus_recall 0.7778 | threshold 0.050
Epoch 17/30 | train_loss 1.1489 | union_precision 1.0000 | weighted_recall 0.3280 | consensus_recall 0.7778 | threshold 0.050
Epoch 18/30 | train_loss 1.1463 | union_precision 1.0000 | weighted_recall 0.3533 | consensus_recall 0.8889 | threshold 0.050
Epoch 19/30 | train_loss 1.1365 | union_precision 1.0000 | weighted_recall 0.3533 | consensus_recall 0.8889 | threshold 0.050
Epoch 20/30 | train_loss 1.1359 | union_precision 1.0000 | weighted_recall 0.3533 | consensus_recall 0.8889 | threshold 0.050
Epoch 21/30 | train_loss 1.1326 | union_precision 1.0000 | weighted_recall 0.3626 | consensus_recall 0.8889 | threshold 0.050
Epoch 22/30 | train_loss 1.1286 | union_precision 1.0000 | weighted_recall 0.3626 | consensus_recall 0.8889 | threshold 0.050
Epoch 23/30 | train_loss 1.1260 | union_precision 1.0000 | weighted_recall 0.3626 | consensus_recall 0.8889 | threshold 0.050
Epoch 24/30 | train_loss 1.1262 | union_precision 1.0000 | weighted_recall 0.3533 | consensus_recall 0.8889 | threshold 0.050
Epoch 25/30 | train_loss 1.1232 | union_precision 1.0000 | weighted_recall 0.3533 | consensus_recall 0.8889 | threshold 0.050
Epoch 26/30 | train_loss 1.1213 | union_precision 1.0000 | weighted_recall 0.3564 | consensus_recall 0.8889 | threshold 0.050
Early stopping at epoch 26
Held-out M63-1 | union_precision=1.0000 | weighted_recall=0.3626 | consensus_recall=0.8889
  oracle_stage_macro_f1=0.2646 | end_to_end_stage_macro_f1=0.1425
  end_to_end_stage_class_f1=low:0.1026,mid:0.2000,high:0.1250
Epoch 1/30 | train_loss 1.4458 | union_precision 1.0000 | weighted_recall 0.1918 | consensus_recall 0.2222 | threshold 0.050
Epoch 2/30 | train_loss 1.3584 | union_precision 1.0000 | weighted_recall 0.2014 | consensus_recall 0.2222 | threshold 0.050
Epoch 3/30 | train_loss 1.3030 | union_precision 1.0000 | weighted_recall 0.2002 | consensus_recall 0.2222 | threshold 0.050
Epoch 4/30 | train_loss 1.2622 | union_precision 1.0000 | weighted_recall 0.1835 | consensus_recall 0.2222 | threshold 0.050
Epoch 5/30 | train_loss 1.2409 | union_precision 1.0000 | weighted_recall 0.1960 | consensus_recall 0.1111 | threshold 0.050
Epoch 6/30 | train_loss 1.2249 | union_precision 1.0000 | weighted_recall 0.2164 | consensus_recall 0.2222 | threshold 0.050
Epoch 7/30 | train_loss 1.2146 | union_precision 1.0000 | weighted_recall 0.2248 | consensus_recall 0.2222 | threshold 0.050
Early stopping at epoch 7
Held-out M63-3 | union_precision=1.0000 | weighted_recall=0.2014 | consensus_recall=0.2222
  oracle_stage_macro_f1=0.3409 | end_to_end_stage_macro_f1=0.0935
  end_to_end_stage_class_f1=low:0.0662,mid:0.2143,high:0.0000
Epoch 1/30 | train_loss 1.4469 | union_precision 1.0000 | weighted_recall 0.1352 | consensus_recall 0.2000 | threshold 0.050
Epoch 2/30 | train_loss 1.3586 | union_precision 1.0000 | weighted_recall 0.2228 | consensus_recall 0.2000 | threshold 0.050
Epoch 3/30 | train_loss 1.3037 | union_precision 1.0000 | weighted_recall 0.2954 | consensus_recall 0.6000 | threshold 0.050
Epoch 4/30 | train_loss 1.2617 | union_precision 1.0000 | weighted_recall 0.2616 | consensus_recall 0.8000 | threshold 0.050
Epoch 5/30 | train_loss 1.2406 | union_precision 1.0000 | weighted_recall 0.2365 | consensus_recall 0.9000 | threshold 0.050
Epoch 6/30 | train_loss 1.2261 | union_precision 1.0000 | weighted_recall 0.2365 | consensus_recall 0.9000 | threshold 0.050
Epoch 7/30 | train_loss 1.2163 | union_precision 1.0000 | weighted_recall 0.2365 | consensus_recall 0.9000 | threshold 0.050
Early stopping at epoch 7
Held-out M67-1 | union_precision=1.0000 | weighted_recall=0.2228 | consensus_recall=0.2000
  oracle_stage_macro_f1=0.4521 | end_to_end_stage_macro_f1=0.1537
  end_to_end_stage_class_f1=low:0.1020,mid:0.3590,high:0.0000
Epoch 1/30 | train_loss 1.4450 | union_precision 1.0000 | weighted_recall 0.1755 | consensus_recall 0.3333 | threshold 0.050
Epoch 2/30 | train_loss 1.3594 | union_precision 1.0000 | weighted_recall 0.1864 | consensus_recall 0.3333 | threshold 0.050
Epoch 3/30 | train_loss 1.3021 | union_precision 0.9655 | weighted_recall 0.1840 | consensus_recall 0.0000 | threshold 0.050
Epoch 4/30 | train_loss 1.2618 | union_precision 0.9655 | weighted_recall 0.1804 | consensus_recall 0.0000 | threshold 0.050
Epoch 5/30 | train_loss 1.2391 | union_precision 0.9667 | weighted_recall 0.2058 | consensus_recall 0.0000 | threshold 0.050
Epoch 6/30 | train_loss 1.2240 | union_precision 0.9688 | weighted_recall 0.2119 | consensus_recall 0.3333 | threshold 0.050
Epoch 7/30 | train_loss 1.2144 | union_precision 0.9688 | weighted_recall 0.2034 | consensus_recall 0.3333 | threshold 0.050
Epoch 8/30 | train_loss 1.2004 | union_precision 0.9688 | weighted_recall 0.1985 | consensus_recall 0.3333 | threshold 0.050
Epoch 9/30 | train_loss 1.1931 | union_precision 0.9688 | weighted_recall 0.1937 | consensus_recall 0.3333 | threshold 0.050
Epoch 10/30 | train_loss 1.1831 | union_precision 0.9688 | weighted_recall 0.1937 | consensus_recall 0.3333 | threshold 0.050
Epoch 11/30 | train_loss 1.1765 | union_precision 0.9688 | weighted_recall 0.1937 | consensus_recall 0.3333 | threshold 0.050
Early stopping at epoch 11
Held-out M67-2 | union_precision=0.9688 | weighted_recall=0.2119 | consensus_recall=0.3333
  oracle_stage_macro_f1=0.2850 | end_to_end_stage_macro_f1=0.1471
  end_to_end_stage_class_f1=low:0.0735,mid:0.2500,high:0.1176
Epoch 1/30 | train_loss 1.4445 | union_precision 1.0000 | weighted_recall 0.3403 | consensus_recall 0.6667 | threshold 0.050
Epoch 2/30 | train_loss 1.3605 | union_precision 1.0000 | weighted_recall 0.3899 | consensus_recall 0.6667 | threshold 0.050
Epoch 3/30 | train_loss 1.3032 | union_precision 1.0000 | weighted_recall 0.3614 | consensus_recall 0.6667 | threshold 0.050
Epoch 4/30 | train_loss 1.2636 | union_precision 1.0000 | weighted_recall 0.3502 | consensus_recall 0.6667 | threshold 0.050
Epoch 5/30 | train_loss 1.2402 | union_precision 1.0000 | weighted_recall 0.3502 | consensus_recall 0.6667 | threshold 0.050
Epoch 6/30 | train_loss 1.2255 | union_precision 1.0000 | weighted_recall 0.3502 | consensus_recall 0.6667 | threshold 0.050
Epoch 7/30 | train_loss 1.2157 | union_precision 1.0000 | weighted_recall 0.3502 | consensus_recall 0.6667 | threshold 0.050
Early stopping at epoch 7
Held-out M67-3 | union_precision=1.0000 | weighted_recall=0.3899 | consensus_recall=0.6667
  oracle_stage_macro_f1=0.3136 | end_to_end_stage_macro_f1=0.1934
  end_to_end_stage_class_f1=low:0.0233,mid:0.3902,high:0.1667
Epoch 1/30 | train_loss 1.4430 | union_precision 0.9756 | weighted_recall 0.2478 | consensus_recall 0.6522 | threshold 0.050
Epoch 2/30 | train_loss 1.3656 | union_precision 0.9767 | weighted_recall 0.2662 | consensus_recall 0.6522 | threshold 0.050
Epoch 3/30 | train_loss 1.3046 | union_precision 0.9778 | weighted_recall 0.3331 | consensus_recall 0.7391 | threshold 0.050
Epoch 4/30 | train_loss 1.2660 | union_precision 0.9773 | weighted_recall 0.3082 | consensus_recall 0.7391 | threshold 0.050
Epoch 5/30 | train_loss 1.2421 | union_precision 0.9778 | weighted_recall 0.3165 | consensus_recall 0.7391 | threshold 0.050
Epoch 6/30 | train_loss 1.2275 | union_precision 0.9783 | weighted_recall 0.3290 | consensus_recall 0.6957 | threshold 0.050
Epoch 7/30 | train_loss 1.2187 | union_precision 0.9796 | weighted_recall 0.3758 | consensus_recall 0.7826 | threshold 0.050
Epoch 8/30 | train_loss 1.2055 | union_precision 0.9796 | weighted_recall 0.3889 | consensus_recall 0.7826 | threshold 0.050
Epoch 9/30 | train_loss 1.1969 | union_precision 0.9804 | weighted_recall 0.4635 | consensus_recall 0.8261 | threshold 0.050
Epoch 10/30 | train_loss 1.1882 | union_precision 0.9804 | weighted_recall 0.4588 | consensus_recall 0.8261 | threshold 0.050
Epoch 11/30 | train_loss 1.1807 | union_precision 0.9808 | weighted_recall 0.4778 | consensus_recall 0.8696 | threshold 0.050
Epoch 12/30 | train_loss 1.1711 | union_precision 0.9808 | weighted_recall 0.4778 | consensus_recall 0.8696 | threshold 0.050
Epoch 13/30 | train_loss 1.1676 | union_precision 0.9808 | weighted_recall 0.4831 | consensus_recall 0.9130 | threshold 0.050
Epoch 14/30 | train_loss 1.1655 | union_precision 0.9808 | weighted_recall 0.4819 | consensus_recall 0.9130 | threshold 0.050
Epoch 15/30 | train_loss 1.1607 | union_precision 0.9808 | weighted_recall 0.4831 | consensus_recall 0.9130 | threshold 0.050
Epoch 16/30 | train_loss 1.1504 | union_precision 0.9800 | weighted_recall 0.4547 | consensus_recall 0.8696 | threshold 0.050
Epoch 17/30 | train_loss 1.1526 | union_precision 0.9800 | weighted_recall 0.4547 | consensus_recall 0.8696 | threshold 0.050
Epoch 18/30 | train_loss 1.1503 | union_precision 0.9796 | weighted_recall 0.4410 | consensus_recall 0.8261 | threshold 0.050
Epoch 19/30 | train_loss 1.1415 | union_precision 0.9792 | weighted_recall 0.4392 | consensus_recall 0.8261 | threshold 0.050
Epoch 20/30 | train_loss 1.1394 | union_precision 0.9800 | weighted_recall 0.4718 | consensus_recall 0.9130 | threshold 0.050
Early stopping at epoch 20
Held-out M67-4 | union_precision=0.9808 | weighted_recall=0.4831 | consensus_recall=0.9130
  oracle_stage_macro_f1=0.4344 | end_to_end_stage_macro_f1=0.2662
  end_to_end_stage_class_f1=low:0.2500,mid:0.2985,high:0.2500
Epoch 1/30 | train_loss 1.4443 | union_precision 1.0000 | weighted_recall 0.1074 | consensus_recall 0.5714 | threshold 0.050
Epoch 2/30 | train_loss 1.3629 | union_precision 1.0000 | weighted_recall 0.1047 | consensus_recall 0.5714 | threshold 0.050
Epoch 3/30 | train_loss 1.3036 | union_precision 1.0000 | weighted_recall 0.1363 | consensus_recall 1.0000 | threshold 0.050
Epoch 4/30 | train_loss 1.2622 | union_precision 1.0000 | weighted_recall 0.1471 | consensus_recall 0.4286 | threshold 0.050
Epoch 5/30 | train_loss 1.2387 | union_precision 0.9737 | weighted_recall 0.1706 | consensus_recall 0.4286 | threshold 0.050
Epoch 6/30 | train_loss 1.2229 | union_precision 0.9737 | weighted_recall 0.1652 | consensus_recall 0.4286 | threshold 0.050
Epoch 7/30 | train_loss 1.2150 | union_precision 0.9722 | weighted_recall 0.1399 | consensus_recall 0.4286 | threshold 0.050
Epoch 8/30 | train_loss 1.2021 | union_precision 0.9714 | weighted_recall 0.1273 | consensus_recall 0.4286 | threshold 0.050
Epoch 9/30 | train_loss 1.1924 | union_precision 0.9706 | weighted_recall 0.1435 | consensus_recall 0.5714 | threshold 0.050
Epoch 10/30 | train_loss 1.1842 | union_precision 0.9697 | weighted_recall 0.1534 | consensus_recall 0.5714 | threshold 0.050
Early stopping at epoch 10
Held-out M68-1 | union_precision=0.9737 | weighted_recall=0.1706 | consensus_recall=0.4286
  oracle_stage_macro_f1=0.3404 | end_to_end_stage_macro_f1=0.1537
  end_to_end_stage_class_f1=low:0.0838,mid:0.3774,high:0.0000
Epoch 1/30 | train_loss 1.4446 | union_precision 1.0000 | weighted_recall 0.1869 | consensus_recall 0.0000 | threshold 0.050
Epoch 2/30 | train_loss 1.3615 | union_precision 1.0000 | weighted_recall 0.1676 | consensus_recall 0.2857 | threshold 0.050
Epoch 3/30 | train_loss 1.3042 | union_precision 1.0000 | weighted_recall 0.1805 | consensus_recall 0.2857 | threshold 0.050
Epoch 4/30 | train_loss 1.2627 | union_precision 1.0000 | weighted_recall 0.1805 | consensus_recall 0.2857 | threshold 0.050
Epoch 5/30 | train_loss 1.2387 | union_precision 1.0000 | weighted_recall 0.1805 | consensus_recall 0.2857 | threshold 0.050
Epoch 6/30 | train_loss 1.2227 | union_precision 1.0000 | weighted_recall 0.1812 | consensus_recall 0.1429 | threshold 0.050
Early stopping at epoch 6
Held-out M68-2 | union_precision=1.0000 | weighted_recall=0.1869 | consensus_recall=0.0000
  oracle_stage_macro_f1=0.2659 | end_to_end_stage_macro_f1=0.1807
  end_to_end_stage_class_f1=low:0.2564,mid:0.0000,high:0.2857
Epoch 1/30 | train_loss 1.4466 | union_precision 0.9565 | weighted_recall 0.2378 | consensus_recall 1.0000 | threshold 0.050
Epoch 2/30 | train_loss 1.3600 | union_precision 0.9545 | weighted_recall 0.2611 | consensus_recall 1.0000 | threshold 0.050
Epoch 3/30 | train_loss 1.3044 | union_precision 0.9565 | weighted_recall 0.2622 | consensus_recall 0.8000 | threshold 0.050
Epoch 4/30 | train_loss 1.2626 | union_precision 1.0000 | weighted_recall 0.2821 | consensus_recall 0.8000 | threshold 0.050
Epoch 5/30 | train_loss 1.2388 | union_precision 1.0000 | weighted_recall 0.2356 | consensus_recall 0.8000 | threshold 0.050
Epoch 6/30 | train_loss 1.2233 | union_precision 1.0000 | weighted_recall 0.2644 | consensus_recall 0.8000 | threshold 0.050
Epoch 7/30 | train_loss 1.2140 | union_precision 1.0000 | weighted_recall 0.3119 | consensus_recall 0.8000 | threshold 0.050
Epoch 8/30 | train_loss 1.2021 | union_precision 1.0000 | weighted_recall 0.3606 | consensus_recall 1.0000 | threshold 0.050
Epoch 9/30 | train_loss 1.1934 | union_precision 1.0000 | weighted_recall 0.3606 | consensus_recall 1.0000 | threshold 0.050
Epoch 10/30 | train_loss 1.1854 | union_precision 1.0000 | weighted_recall 0.3805 | consensus_recall 1.0000 | threshold 0.050
Epoch 11/30 | train_loss 1.1770 | union_precision 1.0000 | weighted_recall 0.3805 | consensus_recall 1.0000 | threshold 0.050
Epoch 12/30 | train_loss 1.1665 | union_precision 1.0000 | weighted_recall 0.3805 | consensus_recall 1.0000 | threshold 0.050
Epoch 13/30 | train_loss 1.1637 | union_precision 1.0000 | weighted_recall 0.3805 | consensus_recall 1.0000 | threshold 0.050
Epoch 14/30 | train_loss 1.1614 | union_precision 1.0000 | weighted_recall 0.3805 | consensus_recall 1.0000 | threshold 0.050
Epoch 15/30 | train_loss 1.1576 | union_precision 1.0000 | weighted_recall 0.3805 | consensus_recall 1.0000 | threshold 0.050
Early stopping at epoch 15
Held-out M68-3 | union_precision=1.0000 | weighted_recall=0.3805 | consensus_recall=1.0000
  oracle_stage_macro_f1=0.3580 | end_to_end_stage_macro_f1=0.1565
  end_to_end_stage_class_f1=low:0.1260,mid:0.1212,high:0.2222
Epoch 1/30 | train_loss 1.4560 | union_precision 1.0000 | weighted_recall 0.1925 | consensus_recall 0.7143 | threshold 0.050
Epoch 2/30 | train_loss 1.3486 | union_precision 1.0000 | weighted_recall 0.1925 | consensus_recall 0.7143 | threshold 0.050
Epoch 3/30 | train_loss 1.3001 | union_precision 1.0000 | weighted_recall 0.1734 | consensus_recall 0.7143 | threshold 0.050
Epoch 4/30 | train_loss 1.2652 | union_precision 1.0000 | weighted_recall 0.1563 | consensus_recall 0.5714 | threshold 0.050
Epoch 5/30 | train_loss 1.2439 | union_precision 1.0000 | weighted_recall 0.1447 | consensus_recall 0.7143 | threshold 0.050
Epoch 6/30 | train_loss 1.2271 | union_precision 1.0000 | weighted_recall 0.1747 | consensus_recall 0.5714 | threshold 0.050
Epoch 7/30 | train_loss 1.2169 | union_precision 1.0000 | weighted_recall 0.1741 | consensus_recall 0.5714 | threshold 0.050
Epoch 8/30 | train_loss 1.2017 | union_precision 1.0000 | weighted_recall 0.1973 | consensus_recall 0.5714 | threshold 0.050
Epoch 9/30 | train_loss 1.1936 | union_precision 1.0000 | weighted_recall 0.1932 | consensus_recall 0.5714 | threshold 0.050
Epoch 10/30 | train_loss 1.1795 | union_precision 1.0000 | weighted_recall 0.1898 | consensus_recall 0.7143 | threshold 0.050
Early stopping at epoch 10
Held-out M07-1 | union_precision=1.0000 | weighted_recall=0.1447 | consensus_recall=0.7143
  oracle_stage_macro_f1=0.4165 | end_to_end_stage_macro_f1=0.1504
  end_to_end_stage_class_f1=low:0.2427,mid:0.2083,high:0.0000
Epoch 1/30 | train_loss 1.4553 | union_precision 0.9787 | weighted_recall 0.1509 | consensus_recall 0.5000 | threshold 0.050
Epoch 2/30 | train_loss 1.3488 | union_precision 1.0000 | weighted_recall 0.1355 | consensus_recall 0.5000 | threshold 0.050
Epoch 3/30 | train_loss 1.2997 | union_precision 1.0000 | weighted_recall 0.1563 | consensus_recall 0.6250 | threshold 0.050
Epoch 4/30 | train_loss 1.2650 | union_precision 1.0000 | weighted_recall 0.1469 | consensus_recall 0.5000 | threshold 0.050
Epoch 5/30 | train_loss 1.2441 | union_precision 1.0000 | weighted_recall 0.1636 | consensus_recall 0.5000 | threshold 0.050
Epoch 6/30 | train_loss 1.2270 | union_precision 1.0000 | weighted_recall 0.1717 | consensus_recall 0.7500 | threshold 0.050
Epoch 7/30 | train_loss 1.2164 | union_precision 1.0000 | weighted_recall 0.1717 | consensus_recall 0.7500 | threshold 0.050
Epoch 8/30 | train_loss 1.2019 | union_precision 1.0000 | weighted_recall 0.1871 | consensus_recall 0.7500 | threshold 0.050
Early stopping at epoch 8
Held-out M07-2 | union_precision=1.0000 | weighted_recall=0.1563 | consensus_recall=0.6250
  oracle_stage_macro_f1=0.1930 | end_to_end_stage_macro_f1=0.0607
  end_to_end_stage_class_f1=low:0.0000,mid:0.1176,high:0.0645
Epoch 1/30 | train_loss 1.4626 | union_precision 0.9500 | weighted_recall 0.0402 | consensus_recall 0.3529 | threshold 0.575
Epoch 2/30 | train_loss 1.3482 | union_precision 1.0000 | weighted_recall 0.0124 | consensus_recall 0.0000 | threshold 0.650
Epoch 3/30 | train_loss 1.2983 | union_precision 0.9500 | weighted_recall 0.0765 | consensus_recall 0.3529 | threshold 0.600
Epoch 4/30 | train_loss 1.2663 | union_precision 0.9500 | weighted_recall 0.0752 | consensus_recall 0.4118 | threshold 0.600
Epoch 5/30 | train_loss 1.2478 | union_precision 0.9565 | weighted_recall 0.0897 | consensus_recall 0.4706 | threshold 0.575
Epoch 6/30 | train_loss 1.2279 | union_precision 0.9565 | weighted_recall 0.0884 | consensus_recall 0.5294 | threshold 0.575
Epoch 7/30 | train_loss 1.2137 | union_precision 1.0000 | weighted_recall 0.0632 | consensus_recall 0.2353 | threshold 0.625
Epoch 8/30 | train_loss 1.2004 | union_precision 1.0000 | weighted_recall 0.0619 | consensus_recall 0.2941 | threshold 0.625
Epoch 9/30 | train_loss 1.1939 | union_precision 0.9600 | weighted_recall 0.0924 | consensus_recall 0.5294 | threshold 0.575
Epoch 10/30 | train_loss 1.1816 | union_precision 0.9535 | weighted_recall 0.1768 | consensus_recall 0.5882 | threshold 0.050
Epoch 11/30 | train_loss 1.1792 | union_precision 0.9535 | weighted_recall 0.1768 | consensus_recall 0.5882 | threshold 0.050
Epoch 12/30 | train_loss 1.1745 | union_precision 0.9535 | weighted_recall 0.1768 | consensus_recall 0.5882 | threshold 0.050
Epoch 13/30 | train_loss 1.1649 | union_precision 0.9512 | weighted_recall 0.1534 | consensus_recall 0.5294 | threshold 0.525
Epoch 14/30 | train_loss 1.1656 | union_precision 0.9667 | weighted_recall 0.1136 | consensus_recall 0.5294 | threshold 0.575
Epoch 15/30 | train_loss 1.1585 | union_precision 0.9643 | weighted_recall 0.1158 | consensus_recall 0.5294 | threshold 0.575
Early stopping at epoch 15
Held-out M07-3 | union_precision=0.9535 | weighted_recall=0.1768 | consensus_recall=0.5882
  oracle_stage_macro_f1=0.2977 | end_to_end_stage_macro_f1=0.1442
  end_to_end_stage_class_f1=low:0.0563,mid:0.2333,high:0.1429
Epoch 1/30 | train_loss 1.4583 | union_precision 1.0000 | weighted_recall 0.3859 | consensus_recall 0.8235 | threshold 0.050
Epoch 2/30 | train_loss 1.3471 | union_precision 1.0000 | weighted_recall 0.4354 | consensus_recall 0.9412 | threshold 0.050
Epoch 3/30 | train_loss 1.3002 | union_precision 1.0000 | weighted_recall 0.4354 | consensus_recall 0.9412 | threshold 0.050
Epoch 4/30 | train_loss 1.2646 | union_precision 1.0000 | weighted_recall 0.4199 | consensus_recall 0.9412 | threshold 0.050
Epoch 5/30 | train_loss 1.2497 | union_precision 1.0000 | weighted_recall 0.4330 | consensus_recall 0.9412 | threshold 0.050
Epoch 6/30 | train_loss 1.2289 | union_precision 1.0000 | weighted_recall 0.4413 | consensus_recall 0.9412 | threshold 0.050
Epoch 7/30 | train_loss 1.2160 | union_precision 1.0000 | weighted_recall 0.4336 | consensus_recall 1.0000 | threshold 0.050
Epoch 8/30 | train_loss 1.2016 | union_precision 1.0000 | weighted_recall 0.4384 | consensus_recall 0.9412 | threshold 0.050
Epoch 9/30 | train_loss 1.1940 | union_precision 1.0000 | weighted_recall 0.4491 | consensus_recall 0.9412 | threshold 0.050
Epoch 10/30 | train_loss 1.1826 | union_precision 1.0000 | weighted_recall 0.4491 | consensus_recall 0.9412 | threshold 0.050
Epoch 11/30 | train_loss 1.1823 | union_precision 1.0000 | weighted_recall 0.4485 | consensus_recall 0.8824 | threshold 0.050
Epoch 12/30 | train_loss 1.1768 | union_precision 1.0000 | weighted_recall 0.4485 | consensus_recall 0.8824 | threshold 0.050
Epoch 13/30 | train_loss 1.1684 | union_precision 1.0000 | weighted_recall 0.4652 | consensus_recall 0.9412 | threshold 0.050
Epoch 14/30 | train_loss 1.1669 | union_precision 1.0000 | weighted_recall 0.4652 | consensus_recall 0.9412 | threshold 0.050
Epoch 15/30 | train_loss 1.1599 | union_precision 1.0000 | weighted_recall 0.4789 | consensus_recall 1.0000 | threshold 0.050
Epoch 16/30 | train_loss 1.1512 | union_precision 1.0000 | weighted_recall 0.4932 | consensus_recall 1.0000 | threshold 0.050
Epoch 17/30 | train_loss 1.1516 | union_precision 1.0000 | weighted_recall 0.5086 | consensus_recall 1.0000 | threshold 0.050
Epoch 18/30 | train_loss 1.1464 | union_precision 1.0000 | weighted_recall 0.5086 | consensus_recall 1.0000 | threshold 0.050
Epoch 19/30 | train_loss 1.1403 | union_precision 1.0000 | weighted_recall 0.5086 | consensus_recall 1.0000 | threshold 0.050
Epoch 20/30 | train_loss 1.1386 | union_precision 1.0000 | weighted_recall 0.5086 | consensus_recall 1.0000 | threshold 0.050
Epoch 21/30 | train_loss 1.1367 | union_precision 1.0000 | weighted_recall 0.5086 | consensus_recall 1.0000 | threshold 0.050
Epoch 22/30 | train_loss 1.1305 | union_precision 1.0000 | weighted_recall 0.5086 | consensus_recall 1.0000 | threshold 0.050
Early stopping at epoch 22
Held-out M17-1 | union_precision=1.0000 | weighted_recall=0.5086 | consensus_recall=1.0000
  oracle_stage_macro_f1=0.3484 | end_to_end_stage_macro_f1=0.2143
  end_to_end_stage_class_f1=low:0.2111,mid:0.2985,high:0.1333
Epoch 1/30 | train_loss 1.4560 | union_precision 1.0000 | weighted_recall 0.1485 | consensus_recall 0.3333 | threshold 0.050
Epoch 2/30 | train_loss 1.3435 | union_precision 1.0000 | weighted_recall 0.1384 | consensus_recall 0.3333 | threshold 0.050
Epoch 3/30 | train_loss 1.2960 | union_precision 1.0000 | weighted_recall 0.1451 | consensus_recall 0.3333 | threshold 0.050
Epoch 4/30 | train_loss 1.2599 | union_precision 1.0000 | weighted_recall 0.1747 | consensus_recall 0.0000 | threshold 0.050
Epoch 5/30 | train_loss 1.2456 | union_precision 1.0000 | weighted_recall 0.1840 | consensus_recall 0.0000 | threshold 0.050
Epoch 6/30 | train_loss 1.2238 | union_precision 1.0000 | weighted_recall 0.1890 | consensus_recall 0.0000 | threshold 0.050
Epoch 7/30 | train_loss 1.2115 | union_precision 1.0000 | weighted_recall 0.1890 | consensus_recall 0.0000 | threshold 0.050
Epoch 8/30 | train_loss 1.1981 | union_precision 1.0000 | weighted_recall 0.1764 | consensus_recall 0.0000 | threshold 0.050
Epoch 9/30 | train_loss 1.1898 | union_precision 1.0000 | weighted_recall 0.1772 | consensus_recall 0.0000 | threshold 0.050
Epoch 10/30 | train_loss 1.1784 | union_precision 1.0000 | weighted_recall 0.1831 | consensus_recall 0.3333 | threshold 0.050
Epoch 11/30 | train_loss 1.1783 | union_precision 1.0000 | weighted_recall 0.1873 | consensus_recall 0.3333 | threshold 0.050
Early stopping at epoch 11
Held-out M17-2 | union_precision=1.0000 | weighted_recall=0.1890 | consensus_recall=0.0000
  oracle_stage_macro_f1=0.3349 | end_to_end_stage_macro_f1=0.0725
  end_to_end_stage_class_f1=low:0.1200,mid:0.0976,high:0.0000
Epoch 1/30 | train_loss 1.4584 | union_precision 0.9655 | weighted_recall 0.1729 | consensus_recall 0.2000 | threshold 0.475
Epoch 2/30 | train_loss 1.3457 | union_precision 1.0000 | weighted_recall 0.1835 | consensus_recall 0.4000 | threshold 0.050
Epoch 3/30 | train_loss 1.2984 | union_precision 1.0000 | weighted_recall 0.2028 | consensus_recall 0.4500 | threshold 0.050
Epoch 4/30 | train_loss 1.2604 | union_precision 1.0000 | weighted_recall 0.2120 | consensus_recall 0.5000 | threshold 0.050
Epoch 5/30 | train_loss 1.2479 | union_precision 1.0000 | weighted_recall 0.2149 | consensus_recall 0.5000 | threshold 0.050
Epoch 6/30 | train_loss 1.2244 | union_precision 1.0000 | weighted_recall 0.2149 | consensus_recall 0.5500 | threshold 0.050
Epoch 7/30 | train_loss 1.2115 | union_precision 1.0000 | weighted_recall 0.2255 | consensus_recall 0.6000 | threshold 0.050
Epoch 8/30 | train_loss 1.1982 | union_precision 1.0000 | weighted_recall 0.2226 | consensus_recall 0.6500 | threshold 0.050
Epoch 9/30 | train_loss 1.1893 | union_precision 1.0000 | weighted_recall 0.2424 | consensus_recall 0.6500 | threshold 0.050
Epoch 10/30 | train_loss 1.1772 | union_precision 1.0000 | weighted_recall 0.2467 | consensus_recall 0.6500 | threshold 0.050
Epoch 11/30 | train_loss 1.1772 | union_precision 1.0000 | weighted_recall 0.2661 | consensus_recall 0.6500 | threshold 0.050
Epoch 12/30 | train_loss 1.1720 | union_precision 1.0000 | weighted_recall 0.2651 | consensus_recall 0.6500 | threshold 0.050
Epoch 13/30 | train_loss 1.1638 | union_precision 1.0000 | weighted_recall 0.2728 | consensus_recall 0.6500 | threshold 0.050
Epoch 14/30 | train_loss 1.1620 | union_precision 1.0000 | weighted_recall 0.2839 | consensus_recall 0.6500 | threshold 0.050
Epoch 15/30 | train_loss 1.1560 | union_precision 1.0000 | weighted_recall 0.2989 | consensus_recall 0.7000 | threshold 0.050
Epoch 16/30 | train_loss 1.1461 | union_precision 1.0000 | weighted_recall 0.3153 | consensus_recall 0.7500 | threshold 0.050
Epoch 17/30 | train_loss 1.1467 | union_precision 1.0000 | weighted_recall 0.2936 | consensus_recall 0.7000 | threshold 0.050
Epoch 18/30 | train_loss 1.1421 | union_precision 1.0000 | weighted_recall 0.2921 | consensus_recall 0.7000 | threshold 0.050
Epoch 19/30 | train_loss 1.1356 | union_precision 1.0000 | weighted_recall 0.2921 | consensus_recall 0.7000 | threshold 0.050
Epoch 20/30 | train_loss 1.1342 | union_precision 1.0000 | weighted_recall 0.2970 | consensus_recall 0.7000 | threshold 0.050
Epoch 21/30 | train_loss 1.1314 | union_precision 1.0000 | weighted_recall 0.2970 | consensus_recall 0.7000 | threshold 0.050
Early stopping at epoch 21
Held-out M17-3 | union_precision=1.0000 | weighted_recall=0.3153 | consensus_recall=0.7500
  oracle_stage_macro_f1=0.3244 | end_to_end_stage_macro_f1=0.1603
  end_to_end_stage_class_f1=low:0.1785,mid:0.0882,high:0.2143
Epoch 1/30 | train_loss 1.4581 | union_precision 1.0000 | weighted_recall 0.1510 | consensus_recall 0.5714 | threshold 0.050
Epoch 2/30 | train_loss 1.3440 | union_precision 1.0000 | weighted_recall 0.1461 | consensus_recall 0.5714 | threshold 0.050
Epoch 3/30 | train_loss 1.2955 | union_precision 1.0000 | weighted_recall 0.1429 | consensus_recall 0.5714 | threshold 0.050
Epoch 4/30 | train_loss 1.2570 | union_precision 1.0000 | weighted_recall 0.1565 | consensus_recall 0.5714 | threshold 0.050
Epoch 5/30 | train_loss 1.2444 | union_precision 1.0000 | weighted_recall 0.1649 | consensus_recall 0.5714 | threshold 0.050
Epoch 6/30 | train_loss 1.2223 | union_precision 1.0000 | weighted_recall 0.1468 | consensus_recall 0.5714 | threshold 0.050
Early stopping at epoch 6
Held-out M17-4 | union_precision=1.0000 | weighted_recall=0.1510 | consensus_recall=0.5714
  oracle_stage_macro_f1=0.2377 | end_to_end_stage_macro_f1=0.0978
  end_to_end_stage_class_f1=low:0.1722,mid:0.1212,high:0.0000
Epoch 1/30 | train_loss 1.4558 | union_precision 0.9756 | weighted_recall 0.2163 | consensus_recall 0.7273 | threshold 0.050
Epoch 2/30 | train_loss 1.3464 | union_precision 0.9756 | weighted_recall 0.2304 | consensus_recall 0.6364 | threshold 0.050
Epoch 3/30 | train_loss 1.2971 | union_precision 0.9756 | weighted_recall 0.2214 | consensus_recall 0.6364 | threshold 0.050
Epoch 4/30 | train_loss 1.2607 | union_precision 0.9737 | weighted_recall 0.1958 | consensus_recall 0.5455 | threshold 0.050
Epoch 5/30 | train_loss 1.2463 | union_precision 0.9730 | weighted_recall 0.1836 | consensus_recall 0.4545 | threshold 0.050
Epoch 6/30 | train_loss 1.2239 | union_precision 0.9737 | weighted_recall 0.2118 | consensus_recall 0.6364 | threshold 0.050
Epoch 7/30 | train_loss 1.2137 | union_precision 0.9730 | weighted_recall 0.2240 | consensus_recall 0.7273 | threshold 0.050
Early stopping at epoch 7
Held-out M24-1 | union_precision=0.9756 | weighted_recall=0.2304 | consensus_recall=0.6364
  oracle_stage_macro_f1=0.3703 | end_to_end_stage_macro_f1=0.0989
  end_to_end_stage_class_f1=low:0.1538,mid:0.1429,high:0.0000
Epoch 1/30 | train_loss 1.4574 | union_precision 0.9756 | weighted_recall 0.1225 | consensus_recall 0.1333 | threshold 0.050
Epoch 2/30 | train_loss 1.3457 | union_precision 0.9756 | weighted_recall 0.1351 | consensus_recall 0.2667 | threshold 0.050
Epoch 3/30 | train_loss 1.2994 | union_precision 0.9756 | weighted_recall 0.1670 | consensus_recall 0.4667 | threshold 0.050
Epoch 4/30 | train_loss 1.2607 | union_precision 0.9744 | weighted_recall 0.1452 | consensus_recall 0.4667 | threshold 0.050
Epoch 5/30 | train_loss 1.2460 | union_precision 0.9767 | weighted_recall 0.1771 | consensus_recall 0.5333 | threshold 0.050
Epoch 6/30 | train_loss 1.2253 | union_precision 0.9783 | weighted_recall 0.2216 | consensus_recall 0.7333 | threshold 0.050
Epoch 7/30 | train_loss 1.2138 | union_precision 0.9792 | weighted_recall 0.2337 | consensus_recall 0.7333 | threshold 0.050
Epoch 8/30 | train_loss 1.2002 | union_precision 0.9800 | weighted_recall 0.2491 | consensus_recall 0.8000 | threshold 0.050
Epoch 9/30 | train_loss 1.1922 | union_precision 0.9796 | weighted_recall 0.2479 | consensus_recall 0.8000 | threshold 0.050
Epoch 10/30 | train_loss 1.1794 | union_precision 0.9792 | weighted_recall 0.2467 | consensus_recall 0.8000 | threshold 0.050
Epoch 11/30 | train_loss 1.1803 | union_precision 0.9565 | weighted_recall 0.2426 | consensus_recall 0.7333 | threshold 0.050
Epoch 12/30 | train_loss 1.1732 | union_precision 0.9565 | weighted_recall 0.2450 | consensus_recall 0.7333 | threshold 0.050
Epoch 13/30 | train_loss 1.1649 | union_precision 0.9574 | weighted_recall 0.2600 | consensus_recall 0.7333 | threshold 0.050
Early stopping at epoch 13
Held-out M24-2 | union_precision=0.9800 | weighted_recall=0.2491 | consensus_recall=0.8000
  oracle_stage_macro_f1=0.3163 | end_to_end_stage_macro_f1=0.1563
  end_to_end_stage_class_f1=low:0.1882,mid:0.2807,high:0.0000
Epoch 1/30 | train_loss 1.4562 | union_precision 1.0000 | weighted_recall 0.1919 | consensus_recall 0.4737 | threshold 0.050
Epoch 2/30 | train_loss 1.3440 | union_precision 1.0000 | weighted_recall 0.1851 | consensus_recall 0.3684 | threshold 0.050
Epoch 3/30 | train_loss 1.2998 | union_precision 1.0000 | weighted_recall 0.1589 | consensus_recall 0.3158 | threshold 0.550
Epoch 4/30 | train_loss 1.2605 | union_precision 1.0000 | weighted_recall 0.1560 | consensus_recall 0.2632 | threshold 0.550
Epoch 5/30 | train_loss 1.2454 | union_precision 0.9524 | weighted_recall 0.1550 | consensus_recall 0.3158 | threshold 0.525
Epoch 6/30 | train_loss 1.2261 | union_precision 0.9524 | weighted_recall 0.1579 | consensus_recall 0.3158 | threshold 0.525
Early stopping at epoch 6
Held-out M24-3 | union_precision=1.0000 | weighted_recall=0.1919 | consensus_recall=0.4737
  oracle_stage_macro_f1=0.2911 | end_to_end_stage_macro_f1=0.1327
  end_to_end_stage_class_f1=low:0.1185,mid:0.0690,high:0.2105
Epoch 1/30 | train_loss 1.4652 | union_precision 1.0000 | weighted_recall 0.2444 | consensus_recall 0.6818 | threshold 0.050
Epoch 2/30 | train_loss 1.3516 | union_precision 1.0000 | weighted_recall 0.2582 | consensus_recall 0.8182 | threshold 0.050
Epoch 3/30 | train_loss 1.3019 | union_precision 1.0000 | weighted_recall 0.2624 | consensus_recall 0.8636 | threshold 0.050
Epoch 4/30 | train_loss 1.2633 | union_precision 1.0000 | weighted_recall 0.2458 | consensus_recall 0.8636 | threshold 0.050
Epoch 5/30 | train_loss 1.2493 | union_precision 1.0000 | weighted_recall 0.2562 | consensus_recall 0.8636 | threshold 0.050
Epoch 6/30 | train_loss 1.2276 | union_precision 1.0000 | weighted_recall 0.2579 | consensus_recall 0.8636 | threshold 0.050
Epoch 7/30 | train_loss 1.2155 | union_precision 1.0000 | weighted_recall 0.2540 | consensus_recall 0.8636 | threshold 0.050
Epoch 8/30 | train_loss 1.1995 | union_precision 1.0000 | weighted_recall 0.2681 | consensus_recall 0.8636 | threshold 0.050
Epoch 9/30 | train_loss 1.1925 | union_precision 1.0000 | weighted_recall 0.2636 | consensus_recall 0.8636 | threshold 0.050
Epoch 10/30 | train_loss 1.1806 | union_precision 1.0000 | weighted_recall 0.2636 | consensus_recall 0.8636 | threshold 0.050
Epoch 11/30 | train_loss 1.1789 | union_precision 1.0000 | weighted_recall 0.2636 | consensus_recall 0.8636 | threshold 0.050
Epoch 12/30 | train_loss 1.1706 | union_precision 1.0000 | weighted_recall 0.2678 | consensus_recall 0.9091 | threshold 0.050
Epoch 13/30 | train_loss 1.1656 | union_precision 1.0000 | weighted_recall 0.2684 | consensus_recall 0.9091 | threshold 0.050
Epoch 14/30 | train_loss 1.1619 | union_precision 1.0000 | weighted_recall 0.2619 | consensus_recall 0.8636 | threshold 0.050
Epoch 15/30 | train_loss 1.1587 | union_precision 1.0000 | weighted_recall 0.2619 | consensus_recall 0.8636 | threshold 0.050
Epoch 16/30 | train_loss 1.1466 | union_precision 1.0000 | weighted_recall 0.2619 | consensus_recall 0.8636 | threshold 0.050
Epoch 17/30 | train_loss 1.1475 | union_precision 1.0000 | weighted_recall 0.2624 | consensus_recall 0.8636 | threshold 0.050
Epoch 18/30 | train_loss 1.1452 | union_precision 1.0000 | weighted_recall 0.2624 | consensus_recall 0.8636 | threshold 0.050
Early stopping at epoch 18
Held-out M24-4 | union_precision=1.0000 | weighted_recall=0.2684 | consensus_recall=0.9091
  oracle_stage_macro_f1=0.3496 | end_to_end_stage_macro_f1=0.1888
  end_to_end_stage_class_f1=low:0.1020,mid:0.2576,high:0.2069
Epoch 1/30 | train_loss 1.4557 | union_precision 1.0000 | weighted_recall 0.1498 | consensus_recall 0.8000 | threshold 0.050
Epoch 2/30 | train_loss 1.3473 | union_precision 1.0000 | weighted_recall 0.1546 | consensus_recall 1.0000 | threshold 0.050
Epoch 3/30 | train_loss 1.2970 | union_precision 1.0000 | weighted_recall 0.1739 | consensus_recall 1.0000 | threshold 0.050
Epoch 4/30 | train_loss 1.2609 | union_precision 1.0000 | weighted_recall 0.1606 | consensus_recall 1.0000 | threshold 0.050
Epoch 5/30 | train_loss 1.2454 | union_precision 1.0000 | weighted_recall 0.1679 | consensus_recall 1.0000 | threshold 0.050
Epoch 6/30 | train_loss 1.2248 | union_precision 1.0000 | weighted_recall 0.1643 | consensus_recall 1.0000 | threshold 0.050
Epoch 7/30 | train_loss 1.2122 | union_precision 1.0000 | weighted_recall 0.1643 | consensus_recall 1.0000 | threshold 0.050
Early stopping at epoch 7
Held-out M30-1 | union_precision=1.0000 | weighted_recall=0.1546 | consensus_recall=1.0000
  oracle_stage_macro_f1=0.2556 | end_to_end_stage_macro_f1=0.1393
  end_to_end_stage_class_f1=low:0.0952,mid:0.3226,high:0.0000
Epoch 1/30 | train_loss 1.4555 | union_precision 1.0000 | weighted_recall 0.1619 | consensus_recall 0.5000 | threshold 0.050
Epoch 2/30 | train_loss 1.3477 | union_precision 1.0000 | weighted_recall 0.2020 | consensus_recall 0.5000 | threshold 0.050
Epoch 3/30 | train_loss 1.2965 | union_precision 1.0000 | weighted_recall 0.1521 | consensus_recall 0.5000 | threshold 0.050
Epoch 4/30 | train_loss 1.2610 | union_precision 1.0000 | weighted_recall 0.1450 | consensus_recall 0.7500 | threshold 0.050
Epoch 5/30 | train_loss 1.2453 | union_precision 1.0000 | weighted_recall 0.1610 | consensus_recall 1.0000 | threshold 0.050
Epoch 6/30 | train_loss 1.2246 | union_precision 1.0000 | weighted_recall 0.1610 | consensus_recall 1.0000 | threshold 0.050
Epoch 7/30 | train_loss 1.2124 | union_precision 1.0000 | weighted_recall 0.1610 | consensus_recall 1.0000 | threshold 0.050
Epoch 8/30 | train_loss 1.1972 | union_precision 1.0000 | weighted_recall 0.1931 | consensus_recall 1.0000 | threshold 0.050
Epoch 9/30 | train_loss 1.1903 | union_precision 1.0000 | weighted_recall 0.2117 | consensus_recall 1.0000 | threshold 0.050
Epoch 10/30 | train_loss 1.1778 | union_precision 1.0000 | weighted_recall 0.2117 | consensus_recall 1.0000 | threshold 0.050
Epoch 11/30 | train_loss 1.1769 | union_precision 1.0000 | weighted_recall 0.2153 | consensus_recall 1.0000 | threshold 0.050
Epoch 12/30 | train_loss 1.1683 | union_precision 1.0000 | weighted_recall 0.2162 | consensus_recall 1.0000 | threshold 0.050
Epoch 13/30 | train_loss 1.1637 | union_precision 1.0000 | weighted_recall 0.2322 | consensus_recall 1.0000 | threshold 0.050
Epoch 14/30 | train_loss 1.1589 | union_precision 1.0000 | weighted_recall 0.2322 | consensus_recall 1.0000 | threshold 0.050
Epoch 15/30 | train_loss 1.1576 | union_precision 1.0000 | weighted_recall 0.2091 | consensus_recall 1.0000 | threshold 0.050
Epoch 16/30 | train_loss 1.1432 | union_precision 1.0000 | weighted_recall 0.2180 | consensus_recall 1.0000 | threshold 0.050
Early stopping at epoch 16
Held-out M30-2 | union_precision=1.0000 | weighted_recall=0.2153 | consensus_recall=1.0000
  oracle_stage_macro_f1=0.3486 | end_to_end_stage_macro_f1=0.1179
  end_to_end_stage_class_f1=low:0.0870,mid:0.2667,high:0.0000
Epoch 1/30 | train_loss 1.4588 | union_precision 1.0000 | weighted_recall 0.1312 | consensus_recall 0.3846 | threshold 0.050
Epoch 2/30 | train_loss 1.3486 | union_precision 1.0000 | weighted_recall 0.1651 | consensus_recall 0.3077 | threshold 0.050
Epoch 3/30 | train_loss 1.2954 | union_precision 1.0000 | weighted_recall 0.1951 | consensus_recall 0.5385 | threshold 0.050
Epoch 4/30 | train_loss 1.2616 | union_precision 1.0000 | weighted_recall 0.2724 | consensus_recall 0.8462 | threshold 0.050
Epoch 5/30 | train_loss 1.2457 | union_precision 1.0000 | weighted_recall 0.2724 | consensus_recall 0.8462 | threshold 0.050
Epoch 6/30 | train_loss 1.2260 | union_precision 1.0000 | weighted_recall 0.2739 | consensus_recall 0.7692 | threshold 0.050
Epoch 7/30 | train_loss 1.2122 | union_precision 1.0000 | weighted_recall 0.3053 | consensus_recall 0.9231 | threshold 0.050
Epoch 8/30 | train_loss 1.1975 | union_precision 1.0000 | weighted_recall 0.2987 | consensus_recall 0.9231 | threshold 0.050
Epoch 9/30 | train_loss 1.1915 | union_precision 1.0000 | weighted_recall 0.3020 | consensus_recall 0.9231 | threshold 0.050
Epoch 10/30 | train_loss 1.1782 | union_precision 1.0000 | weighted_recall 0.2953 | consensus_recall 0.9231 | threshold 0.050
Epoch 11/30 | train_loss 1.1762 | union_precision 1.0000 | weighted_recall 0.2948 | consensus_recall 0.8462 | threshold 0.050
Epoch 12/30 | train_loss 1.1686 | union_precision 1.0000 | weighted_recall 0.3135 | consensus_recall 0.8462 | threshold 0.050
Epoch 13/30 | train_loss 1.1633 | union_precision 1.0000 | weighted_recall 0.3135 | consensus_recall 0.8462 | threshold 0.050
Epoch 14/30 | train_loss 1.1587 | union_precision 1.0000 | weighted_recall 0.3230 | consensus_recall 0.8462 | threshold 0.050
Epoch 15/30 | train_loss 1.1567 | union_precision 1.0000 | weighted_recall 0.3225 | consensus_recall 0.8462 | threshold 0.050
Epoch 16/30 | train_loss 1.1425 | union_precision 1.0000 | weighted_recall 0.3402 | consensus_recall 0.8462 | threshold 0.050
Epoch 17/30 | train_loss 1.1449 | union_precision 1.0000 | weighted_recall 0.3402 | consensus_recall 0.8462 | threshold 0.050
Epoch 18/30 | train_loss 1.1428 | union_precision 1.0000 | weighted_recall 0.3430 | consensus_recall 0.8462 | threshold 0.050
Epoch 19/30 | train_loss 1.1360 | union_precision 1.0000 | weighted_recall 0.3430 | consensus_recall 0.8462 | threshold 0.050
Epoch 20/30 | train_loss 1.1358 | union_precision 1.0000 | weighted_recall 0.3387 | consensus_recall 0.8462 | threshold 0.050
Epoch 21/30 | train_loss 1.1313 | union_precision 1.0000 | weighted_recall 0.3387 | consensus_recall 0.8462 | threshold 0.050
Epoch 22/30 | train_loss 1.1285 | union_precision 1.0000 | weighted_recall 0.3387 | consensus_recall 0.8462 | threshold 0.050
Epoch 23/30 | train_loss 1.1259 | union_precision 1.0000 | weighted_recall 0.3387 | consensus_recall 0.8462 | threshold 0.050
Early stopping at epoch 23
Held-out M30-3 | union_precision=1.0000 | weighted_recall=0.3430 | consensus_recall=0.8462
  oracle_stage_macro_f1=0.1874 | end_to_end_stage_macro_f1=0.0558
  end_to_end_stage_class_f1=low:0.0342,mid:0.0000,high:0.1333
Epoch 1/30 | train_loss 1.4592 | union_precision 0.9800 | weighted_recall 0.1337 | consensus_recall 0.1000 | threshold 0.050
Epoch 2/30 | train_loss 1.3524 | union_precision 0.9811 | weighted_recall 0.1567 | consensus_recall 0.1000 | threshold 0.050
Epoch 3/30 | train_loss 1.2993 | union_precision 0.9636 | weighted_recall 0.1707 | consensus_recall 0.1000 | threshold 0.050
Epoch 4/30 | train_loss 1.2661 | union_precision 0.9815 | weighted_recall 0.1779 | consensus_recall 0.2500 | threshold 0.050
Epoch 5/30 | train_loss 1.2500 | union_precision 0.9815 | weighted_recall 0.1725 | consensus_recall 0.2500 | threshold 0.050
Epoch 6/30 | train_loss 1.2283 | union_precision 0.9815 | weighted_recall 0.1771 | consensus_recall 0.2500 | threshold 0.050
Epoch 7/30 | train_loss 1.2154 | union_precision 0.9815 | weighted_recall 0.1833 | consensus_recall 0.2500 | threshold 0.050
Epoch 8/30 | train_loss 1.2023 | union_precision 0.9815 | weighted_recall 0.1940 | consensus_recall 0.3000 | threshold 0.050
Epoch 9/30 | train_loss 1.1955 | union_precision 0.9811 | weighted_recall 0.1865 | consensus_recall 0.3000 | threshold 0.050
Epoch 10/30 | train_loss 1.1822 | union_precision 0.9811 | weighted_recall 0.2328 | consensus_recall 0.5000 | threshold 0.050
Epoch 11/30 | train_loss 1.1794 | union_precision 0.9811 | weighted_recall 0.2508 | consensus_recall 0.6000 | threshold 0.050
Epoch 12/30 | train_loss 1.1722 | union_precision 1.0000 | weighted_recall 0.2986 | consensus_recall 0.7500 | threshold 0.050
Epoch 13/30 | train_loss 1.1674 | union_precision 1.0000 | weighted_recall 0.3302 | consensus_recall 0.8000 | threshold 0.050
Epoch 14/30 | train_loss 1.1632 | union_precision 1.0000 | weighted_recall 0.3302 | consensus_recall 0.8000 | threshold 0.050
Epoch 15/30 | train_loss 1.1605 | union_precision 1.0000 | weighted_recall 0.3396 | consensus_recall 0.8000 | threshold 0.050
Epoch 16/30 | train_loss 1.1474 | union_precision 1.0000 | weighted_recall 0.3392 | consensus_recall 0.7500 | threshold 0.050
Epoch 17/30 | train_loss 1.1483 | union_precision 1.0000 | weighted_recall 0.3435 | consensus_recall 0.7500 | threshold 0.050
Epoch 18/30 | train_loss 1.1464 | union_precision 1.0000 | weighted_recall 0.3428 | consensus_recall 0.7500 | threshold 0.050
Epoch 19/30 | train_loss 1.1392 | union_precision 1.0000 | weighted_recall 0.3356 | consensus_recall 0.7500 | threshold 0.050
Epoch 20/30 | train_loss 1.1383 | union_precision 1.0000 | weighted_recall 0.3367 | consensus_recall 0.7500 | threshold 0.050
Early stopping at epoch 20
Held-out M30-4 | union_precision=1.0000 | weighted_recall=0.3396 | consensus_recall=0.8000
  oracle_stage_macro_f1=0.3184 | end_to_end_stage_macro_f1=0.1663
  end_to_end_stage_class_f1=low:0.1754,mid:0.1754,high:0.1481
Epoch 1/30 | train_loss 1.4535 | union_precision 1.0000 | weighted_recall 0.1846 | consensus_recall 1.0000 | threshold 0.050
Epoch 2/30 | train_loss 1.3460 | union_precision 1.0000 | weighted_recall 0.1846 | consensus_recall 1.0000 | threshold 0.050
Epoch 3/30 | train_loss 1.2938 | union_precision 1.0000 | weighted_recall 0.1541 | consensus_recall 1.0000 | threshold 0.550
Epoch 4/30 | train_loss 1.2600 | union_precision 1.0000 | weighted_recall 0.1580 | consensus_recall 1.0000 | threshold 0.550
Epoch 5/30 | train_loss 1.2443 | union_precision 1.0000 | weighted_recall 0.1580 | consensus_recall 1.0000 | threshold 0.550
Epoch 6/30 | train_loss 1.2250 | union_precision 1.0000 | weighted_recall 0.1580 | consensus_recall 1.0000 | threshold 0.550
Early stopping at epoch 6
Held-out M33-1 | union_precision=1.0000 | weighted_recall=0.1846 | consensus_recall=1.0000
  oracle_stage_macro_f1=0.3046 | end_to_end_stage_macro_f1=0.1354
  end_to_end_stage_class_f1=low:0.1778,mid:0.2286,high:0.0000
Epoch 1/30 | train_loss 1.4574 | union_precision 1.0000 | weighted_recall 0.1580 | consensus_recall 0.2000 | threshold 0.050
Epoch 2/30 | train_loss 1.3499 | union_precision 1.0000 | weighted_recall 0.1600 | consensus_recall 0.2000 | threshold 0.050
Epoch 3/30 | train_loss 1.2964 | union_precision 1.0000 | weighted_recall 0.1600 | consensus_recall 0.2000 | threshold 0.050
Epoch 4/30 | train_loss 1.2608 | union_precision 1.0000 | weighted_recall 0.1542 | consensus_recall 0.2000 | threshold 0.050
Epoch 5/30 | train_loss 1.2449 | union_precision 1.0000 | weighted_recall 0.1642 | consensus_recall 0.2000 | threshold 0.050
Epoch 6/30 | train_loss 1.2269 | union_precision 1.0000 | weighted_recall 0.1634 | consensus_recall 0.2000 | threshold 0.050
Early stopping at epoch 6
Held-out M33-2 | union_precision=1.0000 | weighted_recall=0.1580 | consensus_recall=0.2000
  oracle_stage_macro_f1=0.2957 | end_to_end_stage_macro_f1=0.0874
  end_to_end_stage_class_f1=low:0.0884,mid:0.1739,high:0.0000
Epoch 1/30 | train_loss 1.4527 | union_precision 0.9630 | weighted_recall 0.1555 | consensus_recall 0.5000 | threshold 0.050
Epoch 2/30 | train_loss 1.3489 | union_precision 0.9630 | weighted_recall 0.1206 | consensus_recall 0.2500 | threshold 0.050
Epoch 3/30 | train_loss 1.2942 | union_precision 0.9615 | weighted_recall 0.1253 | consensus_recall 0.5000 | threshold 0.050
Epoch 4/30 | train_loss 1.2603 | union_precision 0.9600 | weighted_recall 0.1183 | consensus_recall 0.5000 | threshold 0.050
Epoch 5/30 | train_loss 1.2433 | union_precision 0.9583 | weighted_recall 0.0974 | consensus_recall 0.2500 | threshold 0.050
Epoch 6/30 | train_loss 1.2260 | union_precision 0.9600 | weighted_recall 0.1183 | consensus_recall 0.5000 | threshold 0.050
Early stopping at epoch 6
Held-out M33-3 | union_precision=0.9630 | weighted_recall=0.1555 | consensus_recall=0.5000
  oracle_stage_macro_f1=0.3269 | end_to_end_stage_macro_f1=0.0995
  end_to_end_stage_class_f1=low:0.2295,mid:0.0690,high:0.0000
Epoch 1/30 | train_loss 1.4540 | union_precision 1.0000 | weighted_recall 0.1383 | consensus_recall 0.3750 | threshold 0.050
Epoch 2/30 | train_loss 1.3595 | union_precision 1.0000 | weighted_recall 0.1562 | consensus_recall 0.3750 | threshold 0.050
Epoch 3/30 | train_loss 1.2914 | union_precision 1.0000 | weighted_recall 0.1576 | consensus_recall 0.6250 | threshold 0.050
Epoch 4/30 | train_loss 1.2681 | union_precision 1.0000 | weighted_recall 0.1684 | consensus_recall 0.7500 | threshold 0.050
Epoch 5/30 | train_loss 1.2444 | union_precision 1.0000 | weighted_recall 0.1692 | consensus_recall 0.7500 | threshold 0.050
Epoch 6/30 | train_loss 1.2255 | union_precision 1.0000 | weighted_recall 0.1678 | consensus_recall 0.7500 | threshold 0.050
Epoch 7/30 | train_loss 1.2138 | union_precision 1.0000 | weighted_recall 0.1678 | consensus_recall 0.7500 | threshold 0.050
Epoch 8/30 | train_loss 1.1998 | union_precision 1.0000 | weighted_recall 0.1712 | consensus_recall 0.7500 | threshold 0.050
Epoch 9/30 | train_loss 1.1910 | union_precision 1.0000 | weighted_recall 0.1847 | consensus_recall 0.7500 | threshold 0.050
Early stopping at epoch 9
Held-out M33-4 | union_precision=1.0000 | weighted_recall=0.1684 | consensus_recall=0.7500
  oracle_stage_macro_f1=0.2957 | end_to_end_stage_macro_f1=0.1178
  end_to_end_stage_class_f1=low:0.1048,mid:0.1931,high:0.0556
Epoch 1/30 | train_loss 1.4572 | union_precision 1.0000 | weighted_recall 0.1768 | consensus_recall 0.4000 | threshold 0.050
Epoch 2/30 | train_loss 1.3523 | union_precision 1.0000 | weighted_recall 0.1954 | consensus_recall 0.4000 | threshold 0.050
Epoch 3/30 | train_loss 1.2975 | union_precision 0.9828 | weighted_recall 0.2104 | consensus_recall 0.5000 | threshold 0.050
Epoch 4/30 | train_loss 1.2597 | union_precision 0.9821 | weighted_recall 0.2087 | consensus_recall 0.5000 | threshold 0.050
Epoch 5/30 | train_loss 1.2432 | union_precision 0.9825 | weighted_recall 0.2162 | consensus_recall 0.5000 | threshold 0.050
Epoch 6/30 | train_loss 1.2254 | union_precision 0.9828 | weighted_recall 0.2087 | consensus_recall 0.6000 | threshold 0.050
Epoch 7/30 | train_loss 1.2128 | union_precision 0.9828 | weighted_recall 0.2087 | consensus_recall 0.6000 | threshold 0.050
Epoch 8/30 | train_loss 1.1989 | union_precision 1.0000 | weighted_recall 0.2081 | consensus_recall 0.6000 | threshold 0.050
Epoch 9/30 | train_loss 1.1930 | union_precision 1.0000 | weighted_recall 0.2197 | consensus_recall 0.6000 | threshold 0.050
Epoch 10/30 | train_loss 1.1783 | union_precision 1.0000 | weighted_recall 0.2238 | consensus_recall 0.6000 | threshold 0.050
Epoch 11/30 | train_loss 1.1782 | union_precision 1.0000 | weighted_recall 0.2255 | consensus_recall 0.7000 | threshold 0.050
Epoch 12/30 | train_loss 1.1669 | union_precision 1.0000 | weighted_recall 0.2487 | consensus_recall 0.8000 | threshold 0.050
Epoch 13/30 | train_loss 1.1632 | union_precision 1.0000 | weighted_recall 0.2400 | consensus_recall 0.8000 | threshold 0.050
Epoch 14/30 | train_loss 1.1589 | union_precision 1.0000 | weighted_recall 0.2400 | consensus_recall 0.8000 | threshold 0.050
Epoch 15/30 | train_loss 1.1567 | union_precision 1.0000 | weighted_recall 0.2313 | consensus_recall 0.8000 | threshold 0.050
Early stopping at epoch 15
Held-out M41-1 | union_precision=1.0000 | weighted_recall=0.2238 | consensus_recall=0.6000
  oracle_stage_macro_f1=0.3550 | end_to_end_stage_macro_f1=0.1759
  end_to_end_stage_class_f1=low:0.1577,mid:0.2162,high:0.1538
Epoch 1/30 | train_loss 1.4524 | union_precision 1.0000 | weighted_recall 0.1771 | consensus_recall 1.0000 | threshold 0.050
Epoch 2/30 | train_loss 1.3495 | union_precision 1.0000 | weighted_recall 0.1841 | consensus_recall 1.0000 | threshold 0.050
Epoch 3/30 | train_loss 1.2962 | union_precision 1.0000 | weighted_recall 0.1881 | consensus_recall 1.0000 | threshold 0.050
Epoch 4/30 | train_loss 1.2566 | union_precision 1.0000 | weighted_recall 0.1841 | consensus_recall 1.0000 | threshold 0.050
Epoch 5/30 | train_loss 1.2414 | union_precision 1.0000 | weighted_recall 0.1630 | consensus_recall 1.0000 | threshold 0.050
Epoch 6/30 | train_loss 1.2254 | union_precision 1.0000 | weighted_recall 0.1700 | consensus_recall 1.0000 | threshold 0.050
Epoch 7/30 | train_loss 1.2113 | union_precision 1.0000 | weighted_recall 0.1761 | consensus_recall 1.0000 | threshold 0.050
Epoch 8/30 | train_loss 1.1974 | union_precision 1.0000 | weighted_recall 0.1730 | consensus_recall 1.0000 | threshold 0.050
Epoch 9/30 | train_loss 1.1922 | union_precision 1.0000 | weighted_recall 0.1700 | consensus_recall 1.0000 | threshold 0.050
Epoch 10/30 | train_loss 1.1781 | union_precision 1.0000 | weighted_recall 0.1740 | consensus_recall 1.0000 | threshold 0.050
Epoch 11/30 | train_loss 1.1778 | union_precision 1.0000 | weighted_recall 0.1730 | consensus_recall 1.0000 | threshold 0.050
Epoch 12/30 | train_loss 1.1657 | union_precision 1.0000 | weighted_recall 0.1278 | consensus_recall 0.5000 | threshold 0.050
Early stopping at epoch 12
Held-out M41-2 | union_precision=1.0000 | weighted_recall=0.1761 | consensus_recall=1.0000
  oracle_stage_macro_f1=0.2486 | end_to_end_stage_macro_f1=0.1204
  end_to_end_stage_class_f1=low:0.0567,mid:0.3043,high:0.0000
Epoch 1/30 | train_loss 1.4535 | union_precision 1.0000 | weighted_recall 0.2954 | consensus_recall 0.6250 | threshold 0.050
Epoch 2/30 | train_loss 1.3513 | union_precision 1.0000 | weighted_recall 0.2349 | consensus_recall 0.6250 | threshold 0.050
Epoch 3/30 | train_loss 1.2972 | union_precision 1.0000 | weighted_recall 0.2313 | consensus_recall 0.6250 | threshold 0.050
Epoch 4/30 | train_loss 1.2573 | union_precision 1.0000 | weighted_recall 0.2313 | consensus_recall 0.6250 | threshold 0.050
Epoch 5/30 | train_loss 1.2430 | union_precision 1.0000 | weighted_recall 0.2295 | consensus_recall 0.6250 | threshold 0.050
Epoch 6/30 | train_loss 1.2264 | union_precision 1.0000 | weighted_recall 0.2295 | consensus_recall 0.6250 | threshold 0.050
Early stopping at epoch 6
Held-out M41-3 | union_precision=1.0000 | weighted_recall=0.2954 | consensus_recall=0.6250
  oracle_stage_macro_f1=0.3485 | end_to_end_stage_macro_f1=0.2660
  end_to_end_stage_class_f1=low:0.1404,mid:0.3243,high:0.3333
Epoch 1/30 | train_loss 1.4549 | union_precision 1.0000 | weighted_recall 0.2291 | consensus_recall 0.5000 | threshold 0.050
Epoch 2/30 | train_loss 1.3536 | union_precision 1.0000 | weighted_recall 0.2425 | consensus_recall 0.6000 | threshold 0.050
Epoch 3/30 | train_loss 1.2993 | union_precision 1.0000 | weighted_recall 0.2466 | consensus_recall 0.7000 | threshold 0.050
Epoch 4/30 | train_loss 1.2598 | union_precision 1.0000 | weighted_recall 0.2528 | consensus_recall 0.7000 | threshold 0.050
Epoch 5/30 | train_loss 1.2435 | union_precision 1.0000 | weighted_recall 0.2621 | consensus_recall 0.8000 | threshold 0.050
Epoch 6/30 | train_loss 1.2269 | union_precision 1.0000 | weighted_recall 0.2652 | consensus_recall 0.8000 | threshold 0.050
Epoch 7/30 | train_loss 1.2138 | union_precision 1.0000 | weighted_recall 0.2456 | consensus_recall 0.8000 | threshold 0.050
Epoch 8/30 | train_loss 1.1991 | union_precision 1.0000 | weighted_recall 0.2828 | consensus_recall 0.9000 | threshold 0.050
Epoch 9/30 | train_loss 1.1939 | union_precision 1.0000 | weighted_recall 0.3240 | consensus_recall 0.9000 | threshold 0.050
Epoch 10/30 | train_loss 1.1792 | union_precision 1.0000 | weighted_recall 0.3117 | consensus_recall 0.8000 | threshold 0.050
Epoch 11/30 | train_loss 1.1799 | union_precision 1.0000 | weighted_recall 0.3117 | consensus_recall 0.7000 | threshold 0.050
Epoch 12/30 | train_loss 1.1683 | union_precision 1.0000 | weighted_recall 0.3117 | consensus_recall 0.7000 | threshold 0.050
Epoch 13/30 | train_loss 1.1634 | union_precision 1.0000 | weighted_recall 0.3055 | consensus_recall 0.7000 | threshold 0.050
Epoch 14/30 | train_loss 1.1606 | union_precision 1.0000 | weighted_recall 0.3055 | consensus_recall 0.7000 | threshold 0.050
Early stopping at epoch 14
Held-out M41-4 | union_precision=1.0000 | weighted_recall=0.3240 | consensus_recall=0.9000
  oracle_stage_macro_f1=0.3431 | end_to_end_stage_macro_f1=0.1621
  end_to_end_stage_class_f1=low:0.1200,mid:0.2553,high:0.1111
Epoch 1/30 | train_loss 1.4541 | union_precision 1.0000 | weighted_recall 0.1468 | consensus_recall 0.2727 | threshold 0.050
Epoch 2/30 | train_loss 1.3566 | union_precision 1.0000 | weighted_recall 0.1595 | consensus_recall 0.5455 | threshold 0.050
Epoch 3/30 | train_loss 1.2977 | union_precision 1.0000 | weighted_recall 0.2073 | consensus_recall 0.5455 | threshold 0.050
Epoch 4/30 | train_loss 1.2607 | union_precision 1.0000 | weighted_recall 0.2254 | consensus_recall 0.6364 | threshold 0.050
Epoch 5/30 | train_loss 1.2433 | union_precision 1.0000 | weighted_recall 0.2266 | consensus_recall 0.7273 | threshold 0.050
Epoch 6/30 | train_loss 1.2251 | union_precision 1.0000 | weighted_recall 0.2320 | consensus_recall 0.7273 | threshold 0.050
Epoch 7/30 | train_loss 1.2134 | union_precision 1.0000 | weighted_recall 0.2320 | consensus_recall 0.7273 | threshold 0.050
Epoch 8/30 | train_loss 1.1992 | union_precision 1.0000 | weighted_recall 0.2224 | consensus_recall 0.7273 | threshold 0.050
Epoch 9/30 | train_loss 1.1934 | union_precision 1.0000 | weighted_recall 0.2187 | consensus_recall 0.8182 | threshold 0.050
Epoch 10/30 | train_loss 1.1791 | union_precision 1.0000 | weighted_recall 0.2411 | consensus_recall 0.9091 | threshold 0.050
Epoch 11/30 | train_loss 1.1799 | union_precision 1.0000 | weighted_recall 0.2429 | consensus_recall 0.9091 | threshold 0.050
Epoch 12/30 | train_loss 1.1673 | union_precision 1.0000 | weighted_recall 0.2453 | consensus_recall 0.9091 | threshold 0.050
Epoch 13/30 | train_loss 1.1622 | union_precision 1.0000 | weighted_recall 0.2441 | consensus_recall 0.9091 | threshold 0.050
Epoch 14/30 | train_loss 1.1604 | union_precision 1.0000 | weighted_recall 0.2459 | consensus_recall 1.0000 | threshold 0.050
Epoch 15/30 | train_loss 1.1573 | union_precision 1.0000 | weighted_recall 0.2574 | consensus_recall 1.0000 | threshold 0.050
Epoch 16/30 | train_loss 1.1456 | union_precision 1.0000 | weighted_recall 0.2574 | consensus_recall 1.0000 | threshold 0.050
Epoch 17/30 | train_loss 1.1468 | union_precision 1.0000 | weighted_recall 0.2574 | consensus_recall 1.0000 | threshold 0.050
Epoch 18/30 | train_loss 1.1450 | union_precision 1.0000 | weighted_recall 0.2532 | consensus_recall 1.0000 | threshold 0.050
Epoch 19/30 | train_loss 1.1361 | union_precision 1.0000 | weighted_recall 0.2532 | consensus_recall 1.0000 | threshold 0.050
Epoch 20/30 | train_loss 1.1350 | union_precision 1.0000 | weighted_recall 0.2429 | consensus_recall 1.0000 | threshold 0.050
Early stopping at epoch 20
Held-out M50-1 | union_precision=1.0000 | weighted_recall=0.2574 | consensus_recall=1.0000
  oracle_stage_macro_f1=0.2384 | end_to_end_stage_macro_f1=0.1552
  end_to_end_stage_class_f1=low:0.0302,mid:0.3243,high:0.1111
Epoch 1/30 | train_loss 1.4563 | union_precision 0.9787 | weighted_recall 0.1694 | consensus_recall 0.3077 | threshold 0.050
Epoch 2/30 | train_loss 1.3559 | union_precision 0.9783 | weighted_recall 0.1706 | consensus_recall 0.3846 | threshold 0.050
Epoch 3/30 | train_loss 1.2992 | union_precision 0.9783 | weighted_recall 0.1785 | consensus_recall 0.3846 | threshold 0.050
Epoch 4/30 | train_loss 1.2602 | union_precision 0.9783 | weighted_recall 0.1825 | consensus_recall 0.3846 | threshold 0.050
Epoch 5/30 | train_loss 1.2422 | union_precision 0.9800 | weighted_recall 0.2007 | consensus_recall 0.7692 | threshold 0.050
Epoch 6/30 | train_loss 1.2255 | union_precision 0.9796 | weighted_recall 0.1944 | consensus_recall 0.7692 | threshold 0.050
Epoch 7/30 | train_loss 1.2131 | union_precision 0.9792 | weighted_recall 0.1819 | consensus_recall 0.5385 | threshold 0.050
Epoch 8/30 | train_loss 1.1988 | union_precision 1.0000 | weighted_recall 0.1768 | consensus_recall 0.4615 | threshold 0.050
Epoch 9/30 | train_loss 1.1941 | union_precision 1.0000 | weighted_recall 0.1876 | consensus_recall 0.5385 | threshold 0.050
Epoch 10/30 | train_loss 1.1797 | union_precision 1.0000 | weighted_recall 0.1802 | consensus_recall 0.5385 | threshold 0.050
Early stopping at epoch 10
Held-out M50-2 | union_precision=0.9800 | weighted_recall=0.2007 | consensus_recall=0.7692
  oracle_stage_macro_f1=0.2676 | end_to_end_stage_macro_f1=0.0916
  end_to_end_stage_class_f1=low:0.1681,mid:0.1067,high:0.0000
Epoch 1/30 | train_loss 1.4599 | union_precision 1.0000 | weighted_recall 0.2447 | consensus_recall 0.5238 | threshold 0.050
Epoch 2/30 | train_loss 1.3570 | union_precision 1.0000 | weighted_recall 0.2396 | consensus_recall 0.5714 | threshold 0.050
Epoch 3/30 | train_loss 1.3028 | union_precision 1.0000 | weighted_recall 0.2551 | consensus_recall 0.6667 | threshold 0.050
Epoch 4/30 | train_loss 1.2632 | union_precision 1.0000 | weighted_recall 0.2584 | consensus_recall 0.6667 | threshold 0.050
Epoch 5/30 | train_loss 1.2449 | union_precision 1.0000 | weighted_recall 0.2640 | consensus_recall 0.7143 | threshold 0.050
Epoch 6/30 | train_loss 1.2278 | union_precision 1.0000 | weighted_recall 0.2914 | consensus_recall 0.8095 | threshold 0.050
Early stopping at epoch 6
Held-out M50-3 | union_precision=1.0000 | weighted_recall=0.2447 | consensus_recall=0.5238
  oracle_stage_macro_f1=0.3551 | end_to_end_stage_macro_f1=0.1969
  end_to_end_stage_class_f1=low:0.1458,mid:0.2407,high:0.2041
Epoch 1/30 | train_loss 1.4576 | union_precision 0.9882 | weighted_recall 0.1531 | consensus_recall 0.6250 | threshold 0.050
Epoch 2/30 | train_loss 1.3581 | union_precision 0.9884 | weighted_recall 0.1555 | consensus_recall 0.6250 | threshold 0.050
Epoch 3/30 | train_loss 1.2996 | union_precision 1.0000 | weighted_recall 0.1427 | consensus_recall 0.5000 | threshold 0.050
Epoch 4/30 | train_loss 1.2619 | union_precision 1.0000 | weighted_recall 0.1460 | consensus_recall 0.5000 | threshold 0.050
Epoch 5/30 | train_loss 1.2421 | union_precision 1.0000 | weighted_recall 0.1456 | consensus_recall 0.5000 | threshold 0.050
Epoch 6/30 | train_loss 1.2269 | union_precision 0.9878 | weighted_recall 0.1460 | consensus_recall 0.5000 | threshold 0.050
Epoch 7/30 | train_loss 1.2097 | union_precision 0.9877 | weighted_recall 0.1531 | consensus_recall 0.5000 | threshold 0.050
Early stopping at epoch 7
Held-out M56-1 | union_precision=0.9884 | weighted_recall=0.1555 | consensus_recall=0.6250
  oracle_stage_macro_f1=0.2870 | end_to_end_stage_macro_f1=0.1015
  end_to_end_stage_class_f1=low:0.0998,mid:0.1379,high:0.0667
Epoch 1/30 | train_loss 1.4498 | union_precision 0.9722 | weighted_recall 0.1450 | consensus_recall 0.4000 | threshold 0.050
Epoch 2/30 | train_loss 1.3527 | union_precision 0.9714 | weighted_recall 0.1488 | consensus_recall 0.4000 | threshold 0.050
Epoch 3/30 | train_loss 1.2962 | union_precision 0.9714 | weighted_recall 0.1166 | consensus_recall 0.2000 | threshold 0.050
Epoch 4/30 | train_loss 1.2596 | union_precision 0.9706 | weighted_recall 0.1160 | consensus_recall 0.2000 | threshold 0.050
Epoch 5/30 | train_loss 1.2398 | union_precision 0.9688 | weighted_recall 0.1009 | consensus_recall 0.2000 | threshold 0.050
Epoch 6/30 | train_loss 1.2261 | union_precision 0.9667 | weighted_recall 0.1040 | consensus_recall 0.2000 | threshold 0.050
Early stopping at epoch 6
Held-out M56-2 | union_precision=0.9722 | weighted_recall=0.1450 | consensus_recall=0.4000
  oracle_stage_macro_f1=0.2231 | end_to_end_stage_macro_f1=0.1075
  end_to_end_stage_class_f1=low:0.0556,mid:0.1493,high:0.1176
Epoch 1/30 | train_loss 1.4564 | union_precision 0.9880 | weighted_recall 0.1686 | consensus_recall 0.3462 | threshold 0.050
Epoch 2/30 | train_loss 1.3611 | union_precision 0.9880 | weighted_recall 0.1800 | consensus_recall 0.4231 | threshold 0.050
Epoch 3/30 | train_loss 1.3024 | union_precision 0.9885 | weighted_recall 0.1886 | consensus_recall 0.5385 | threshold 0.050
Epoch 4/30 | train_loss 1.2656 | union_precision 0.9885 | weighted_recall 0.2111 | consensus_recall 0.6154 | threshold 0.050
Epoch 5/30 | train_loss 1.2445 | union_precision 0.9885 | weighted_recall 0.2205 | consensus_recall 0.6154 | threshold 0.050
Epoch 6/30 | train_loss 1.2296 | union_precision 0.9878 | weighted_recall 0.2293 | consensus_recall 0.6923 | threshold 0.050
Epoch 7/30 | train_loss 1.2139 | union_precision 0.9873 | weighted_recall 0.2159 | consensus_recall 0.5000 | threshold 0.050
Epoch 8/30 | train_loss 1.2014 | union_precision 0.9875 | weighted_recall 0.2192 | consensus_recall 0.5385 | threshold 0.050
Epoch 9/30 | train_loss 1.1951 | union_precision 0.9878 | weighted_recall 0.2253 | consensus_recall 0.5769 | threshold 0.050
Epoch 10/30 | train_loss 1.1845 | union_precision 0.9872 | weighted_recall 0.2030 | consensus_recall 0.5000 | threshold 0.050
Early stopping at epoch 10
Held-out M56-3 | union_precision=0.9885 | weighted_recall=0.2205 | consensus_recall=0.6154
  oracle_stage_macro_f1=0.1972 | end_to_end_stage_macro_f1=0.0437
  end_to_end_stage_class_f1=low:0.0096,mid:0.0721,high:0.0494
Epoch 1/30 | train_loss 1.4513 | union_precision 0.9821 | weighted_recall 0.1660 | consensus_recall 0.3000 | threshold 0.050
Epoch 2/30 | train_loss 1.3604 | union_precision 1.0000 | weighted_recall 0.1754 | consensus_recall 0.4000 | threshold 0.050
Epoch 3/30 | train_loss 1.3008 | union_precision 1.0000 | weighted_recall 0.1655 | consensus_recall 0.4000 | threshold 0.050
Epoch 4/30 | train_loss 1.2632 | union_precision 1.0000 | weighted_recall 0.1695 | consensus_recall 0.4000 | threshold 0.050
Epoch 5/30 | train_loss 1.2428 | union_precision 1.0000 | weighted_recall 0.1788 | consensus_recall 0.4000 | threshold 0.050
Epoch 6/30 | train_loss 1.2260 | union_precision 0.9808 | weighted_recall 0.1714 | consensus_recall 0.3500 | threshold 0.050
Epoch 7/30 | train_loss 1.2124 | union_precision 0.9808 | weighted_recall 0.1906 | consensus_recall 0.4000 | threshold 0.050
Early stopping at epoch 7
Held-out M59-1 | union_precision=1.0000 | weighted_recall=0.1754 | consensus_recall=0.4000
  oracle_stage_macro_f1=0.3233 | end_to_end_stage_macro_f1=0.1137
  end_to_end_stage_class_f1=low:0.2357,mid:0.1053,high:0.0000
Epoch 1/30 | train_loss 1.4479 | union_precision 1.0000 | weighted_recall 0.1946 | consensus_recall 0.7500 | threshold 0.050
Epoch 2/30 | train_loss 1.3612 | union_precision 1.0000 | weighted_recall 0.1941 | consensus_recall 0.7500 | threshold 0.050
Epoch 3/30 | train_loss 1.3041 | union_precision 1.0000 | weighted_recall 0.2105 | consensus_recall 0.7500 | threshold 0.050
Epoch 4/30 | train_loss 1.2629 | union_precision 1.0000 | weighted_recall 0.2086 | consensus_recall 0.7500 | threshold 0.050
Epoch 5/30 | train_loss 1.2437 | union_precision 1.0000 | weighted_recall 0.2086 | consensus_recall 0.7500 | threshold 0.050
Epoch 6/30 | train_loss 1.2256 | union_precision 1.0000 | weighted_recall 0.2133 | consensus_recall 0.7500 | threshold 0.050
Early stopping at epoch 6
Held-out M59-2 | union_precision=1.0000 | weighted_recall=0.1946 | consensus_recall=0.7500
  oracle_stage_macro_f1=0.2858 | end_to_end_stage_macro_f1=0.1516
  end_to_end_stage_class_f1=low:0.0948,mid:0.2424,high:0.1176
Epoch 1/30 | train_loss 1.4497 | union_precision 1.0000 | weighted_recall 0.2934 | consensus_recall 0.7500 | threshold 0.050
Epoch 2/30 | train_loss 1.3619 | union_precision 1.0000 | weighted_recall 0.2982 | consensus_recall 0.8125 | threshold 0.050
Epoch 3/30 | train_loss 1.3044 | union_precision 1.0000 | weighted_recall 0.3091 | consensus_recall 0.8125 | threshold 0.050
Epoch 4/30 | train_loss 1.2628 | union_precision 1.0000 | weighted_recall 0.3088 | consensus_recall 0.8125 | threshold 0.050
Epoch 5/30 | train_loss 1.2432 | union_precision 1.0000 | weighted_recall 0.3017 | consensus_recall 0.8125 | threshold 0.050
Epoch 6/30 | train_loss 1.2268 | union_precision 1.0000 | weighted_recall 0.3017 | consensus_recall 0.8125 | threshold 0.050
Epoch 7/30 | train_loss 1.2148 | union_precision 1.0000 | weighted_recall 0.3001 | consensus_recall 0.8125 | threshold 0.050
Epoch 8/30 | train_loss 1.1998 | union_precision 1.0000 | weighted_recall 0.3174 | consensus_recall 0.8125 | threshold 0.050
Epoch 9/30 | train_loss 1.1936 | union_precision 1.0000 | weighted_recall 0.3049 | consensus_recall 0.7500 | threshold 0.050
Epoch 10/30 | train_loss 1.1836 | union_precision 1.0000 | weighted_recall 0.3129 | consensus_recall 0.7500 | threshold 0.050
Epoch 11/30 | train_loss 1.1789 | union_precision 1.0000 | weighted_recall 0.3126 | consensus_recall 0.6875 | threshold 0.050
Epoch 12/30 | train_loss 1.1673 | union_precision 1.0000 | weighted_recall 0.3126 | consensus_recall 0.6875 | threshold 0.050
Epoch 13/30 | train_loss 1.1635 | union_precision 1.0000 | weighted_recall 0.3052 | consensus_recall 0.6250 | threshold 0.050
Epoch 14/30 | train_loss 1.1620 | union_precision 1.0000 | weighted_recall 0.3020 | consensus_recall 0.6250 | threshold 0.050
Epoch 15/30 | train_loss 1.1561 | union_precision 0.9848 | weighted_recall 0.2956 | consensus_recall 0.5625 | threshold 0.050
Early stopping at epoch 15
Held-out M59-3 | union_precision=1.0000 | weighted_recall=0.3129 | consensus_recall=0.7500
  oracle_stage_macro_f1=0.3590 | end_to_end_stage_macro_f1=0.2115
  end_to_end_stage_class_f1=low:0.1321,mid:0.4222,high:0.0800
Epoch 1/30 | train_loss 1.4476 | union_precision 1.0000 | weighted_recall 0.1733 | consensus_recall 0.4444 | threshold 0.050
Epoch 2/30 | train_loss 1.3600 | union_precision 1.0000 | weighted_recall 0.1782 | consensus_recall 0.4444 | threshold 0.050
Epoch 3/30 | train_loss 1.3032 | union_precision 1.0000 | weighted_recall 0.1894 | consensus_recall 0.3333 | threshold 0.050
Epoch 4/30 | train_loss 1.2636 | union_precision 1.0000 | weighted_recall 0.2191 | consensus_recall 0.6667 | threshold 0.050
Epoch 5/30 | train_loss 1.2434 | union_precision 1.0000 | weighted_recall 0.2358 | consensus_recall 0.6667 | threshold 0.050
Epoch 6/30 | train_loss 1.2269 | union_precision 1.0000 | weighted_recall 0.2265 | consensus_recall 0.5556 | threshold 0.050
Epoch 7/30 | train_loss 1.2153 | union_precision 1.0000 | weighted_recall 0.2314 | consensus_recall 0.5556 | threshold 0.050
Epoch 8/30 | train_loss 1.2006 | union_precision 1.0000 | weighted_recall 0.2562 | consensus_recall 0.5556 | threshold 0.050
Epoch 9/30 | train_loss 1.1937 | union_precision 1.0000 | weighted_recall 0.2785 | consensus_recall 0.5556 | threshold 0.050
Epoch 10/30 | train_loss 1.1833 | union_precision 1.0000 | weighted_recall 0.3212 | consensus_recall 0.7778 | threshold 0.050
Epoch 11/30 | train_loss 1.1790 | union_precision 1.0000 | weighted_recall 0.3274 | consensus_recall 0.7778 | threshold 0.050
Epoch 12/30 | train_loss 1.1673 | union_precision 1.0000 | weighted_recall 0.3175 | consensus_recall 0.7778 | threshold 0.050
Epoch 13/30 | train_loss 1.1646 | union_precision 1.0000 | weighted_recall 0.3100 | consensus_recall 0.7778 | threshold 0.050
Epoch 14/30 | train_loss 1.1624 | union_precision 1.0000 | weighted_recall 0.3100 | consensus_recall 0.7778 | threshold 0.050
Epoch 15/30 | train_loss 1.1574 | union_precision 1.0000 | weighted_recall 0.3224 | consensus_recall 0.7778 | threshold 0.050
Epoch 16/30 | train_loss 1.1470 | union_precision 1.0000 | weighted_recall 0.3311 | consensus_recall 0.7778 | threshold 0.050
Epoch 17/30 | train_loss 1.1489 | union_precision 1.0000 | weighted_recall 0.3280 | consensus_recall 0.7778 | threshold 0.050
Epoch 18/30 | train_loss 1.1463 | union_precision 1.0000 | weighted_recall 0.3533 | consensus_recall 0.8889 | threshold 0.050
Epoch 19/30 | train_loss 1.1365 | union_precision 1.0000 | weighted_recall 0.3533 | consensus_recall 0.8889 | threshold 0.050
Epoch 20/30 | train_loss 1.1359 | union_precision 1.0000 | weighted_recall 0.3533 | consensus_recall 0.8889 | threshold 0.050
Epoch 21/30 | train_loss 1.1326 | union_precision 1.0000 | weighted_recall 0.3626 | consensus_recall 0.8889 | threshold 0.050
Epoch 22/30 | train_loss 1.1286 | union_precision 1.0000 | weighted_recall 0.3626 | consensus_recall 0.8889 | threshold 0.050
Epoch 23/30 | train_loss 1.1260 | union_precision 1.0000 | weighted_recall 0.3626 | consensus_recall 0.8889 | threshold 0.050
Epoch 24/30 | train_loss 1.1262 | union_precision 1.0000 | weighted_recall 0.3533 | consensus_recall 0.8889 | threshold 0.050
Epoch 25/30 | train_loss 1.1232 | union_precision 1.0000 | weighted_recall 0.3533 | consensus_recall 0.8889 | threshold 0.050
Epoch 26/30 | train_loss 1.1213 | union_precision 1.0000 | weighted_recall 0.3564 | consensus_recall 0.8889 | threshold 0.050
Early stopping at epoch 26
Held-out M63-1 | union_precision=1.0000 | weighted_recall=0.3626 | consensus_recall=0.8889
  oracle_stage_macro_f1=0.2646 | end_to_end_stage_macro_f1=0.1425
  end_to_end_stage_class_f1=low:0.1026,mid:0.2000,high:0.1250
Epoch 1/30 | train_loss 1.4458 | union_precision 1.0000 | weighted_recall 0.1918 | consensus_recall 0.2222 | threshold 0.050
Epoch 2/30 | train_loss 1.3584 | union_precision 1.0000 | weighted_recall 0.2014 | consensus_recall 0.2222 | threshold 0.050
Epoch 3/30 | train_loss 1.3030 | union_precision 1.0000 | weighted_recall 0.2002 | consensus_recall 0.2222 | threshold 0.050
Epoch 4/30 | train_loss 1.2622 | union_precision 1.0000 | weighted_recall 0.1835 | consensus_recall 0.2222 | threshold 0.050
Epoch 5/30 | train_loss 1.2409 | union_precision 1.0000 | weighted_recall 0.1960 | consensus_recall 0.1111 | threshold 0.050
Epoch 6/30 | train_loss 1.2249 | union_precision 1.0000 | weighted_recall 0.2164 | consensus_recall 0.2222 | threshold 0.050
Epoch 7/30 | train_loss 1.2146 | union_precision 1.0000 | weighted_recall 0.2248 | consensus_recall 0.2222 | threshold 0.050
Early stopping at epoch 7
Held-out M63-3 | union_precision=1.0000 | weighted_recall=0.2014 | consensus_recall=0.2222
  oracle_stage_macro_f1=0.3409 | end_to_end_stage_macro_f1=0.0935
  end_to_end_stage_class_f1=low:0.0662,mid:0.2143,high:0.0000
Epoch 1/30 | train_loss 1.4469 | union_precision 1.0000 | weighted_recall 0.1352 | consensus_recall 0.2000 | threshold 0.050
Epoch 2/30 | train_loss 1.3586 | union_precision 1.0000 | weighted_recall 0.2228 | consensus_recall 0.2000 | threshold 0.050
Epoch 3/30 | train_loss 1.3037 | union_precision 1.0000 | weighted_recall 0.2954 | consensus_recall 0.6000 | threshold 0.050
Epoch 4/30 | train_loss 1.2617 | union_precision 1.0000 | weighted_recall 0.2616 | consensus_recall 0.8000 | threshold 0.050
Epoch 5/30 | train_loss 1.2406 | union_precision 1.0000 | weighted_recall 0.2365 | consensus_recall 0.9000 | threshold 0.050
Epoch 6/30 | train_loss 1.2261 | union_precision 1.0000 | weighted_recall 0.2365 | consensus_recall 0.9000 | threshold 0.050
Epoch 7/30 | train_loss 1.2163 | union_precision 1.0000 | weighted_recall 0.2365 | consensus_recall 0.9000 | threshold 0.050
Early stopping at epoch 7
Held-out M67-1 | union_precision=1.0000 | weighted_recall=0.2228 | consensus_recall=0.2000
  oracle_stage_macro_f1=0.4521 | end_to_end_stage_macro_f1=0.1537
  end_to_end_stage_class_f1=low:0.1020,mid:0.3590,high:0.0000
Epoch 1/30 | train_loss 1.4450 | union_precision 1.0000 | weighted_recall 0.1755 | consensus_recall 0.3333 | threshold 0.050
Epoch 2/30 | train_loss 1.3594 | union_precision 1.0000 | weighted_recall 0.1864 | consensus_recall 0.3333 | threshold 0.050
Epoch 3/30 | train_loss 1.3021 | union_precision 0.9655 | weighted_recall 0.1840 | consensus_recall 0.0000 | threshold 0.050
Epoch 4/30 | train_loss 1.2618 | union_precision 0.9655 | weighted_recall 0.1804 | consensus_recall 0.0000 | threshold 0.050
Epoch 5/30 | train_loss 1.2391 | union_precision 0.9667 | weighted_recall 0.2058 | consensus_recall 0.0000 | threshold 0.050
Epoch 6/30 | train_loss 1.2240 | union_precision 0.9688 | weighted_recall 0.2119 | consensus_recall 0.3333 | threshold 0.050
Epoch 7/30 | train_loss 1.2144 | union_precision 0.9688 | weighted_recall 0.2034 | consensus_recall 0.3333 | threshold 0.050
Epoch 8/30 | train_loss 1.2004 | union_precision 0.9688 | weighted_recall 0.1985 | consensus_recall 0.3333 | threshold 0.050
Epoch 9/30 | train_loss 1.1931 | union_precision 0.9688 | weighted_recall 0.1937 | consensus_recall 0.3333 | threshold 0.050
Epoch 10/30 | train_loss 1.1831 | union_precision 0.9688 | weighted_recall 0.1937 | consensus_recall 0.3333 | threshold 0.050
Epoch 11/30 | train_loss 1.1765 | union_precision 0.9688 | weighted_recall 0.1937 | consensus_recall 0.3333 | threshold 0.050
Early stopping at epoch 11
Held-out M67-2 | union_precision=0.9688 | weighted_recall=0.2119 | consensus_recall=0.3333
  oracle_stage_macro_f1=0.2850 | end_to_end_stage_macro_f1=0.1471
  end_to_end_stage_class_f1=low:0.0735,mid:0.2500,high:0.1176
Epoch 1/30 | train_loss 1.4445 | union_precision 1.0000 | weighted_recall 0.3403 | consensus_recall 0.6667 | threshold 0.050
Epoch 2/30 | train_loss 1.3605 | union_precision 1.0000 | weighted_recall 0.3899 | consensus_recall 0.6667 | threshold 0.050
Epoch 3/30 | train_loss 1.3032 | union_precision 1.0000 | weighted_recall 0.3614 | consensus_recall 0.6667 | threshold 0.050
Epoch 4/30 | train_loss 1.2636 | union_precision 1.0000 | weighted_recall 0.3502 | consensus_recall 0.6667 | threshold 0.050
Epoch 5/30 | train_loss 1.2402 | union_precision 1.0000 | weighted_recall 0.3502 | consensus_recall 0.6667 | threshold 0.050
Epoch 6/30 | train_loss 1.2255 | union_precision 1.0000 | weighted_recall 0.3502 | consensus_recall 0.6667 | threshold 0.050
Epoch 7/30 | train_loss 1.2157 | union_precision 1.0000 | weighted_recall 0.3502 | consensus_recall 0.6667 | threshold 0.050
Early stopping at epoch 7
Held-out M67-3 | union_precision=1.0000 | weighted_recall=0.3899 | consensus_recall=0.6667
  oracle_stage_macro_f1=0.3136 | end_to_end_stage_macro_f1=0.1934
  end_to_end_stage_class_f1=low:0.0233,mid:0.3902,high:0.1667
Epoch 1/30 | train_loss 1.4430 | union_precision 0.9756 | weighted_recall 0.2478 | consensus_recall 0.6522 | threshold 0.050
Epoch 2/30 | train_loss 1.3656 | union_precision 0.9767 | weighted_recall 0.2662 | consensus_recall 0.6522 | threshold 0.050
Epoch 3/30 | train_loss 1.3046 | union_precision 0.9778 | weighted_recall 0.3331 | consensus_recall 0.7391 | threshold 0.050
Epoch 4/30 | train_loss 1.2660 | union_precision 0.9773 | weighted_recall 0.3082 | consensus_recall 0.7391 | threshold 0.050
Epoch 5/30 | train_loss 1.2421 | union_precision 0.9778 | weighted_recall 0.3165 | consensus_recall 0.7391 | threshold 0.050
Epoch 6/30 | train_loss 1.2275 | union_precision 0.9783 | weighted_recall 0.3290 | consensus_recall 0.6957 | threshold 0.050
Epoch 7/30 | train_loss 1.2187 | union_precision 0.9796 | weighted_recall 0.3758 | consensus_recall 0.7826 | threshold 0.050
Epoch 8/30 | train_loss 1.2055 | union_precision 0.9796 | weighted_recall 0.3889 | consensus_recall 0.7826 | threshold 0.050
Epoch 9/30 | train_loss 1.1969 | union_precision 0.9804 | weighted_recall 0.4635 | consensus_recall 0.8261 | threshold 0.050
Epoch 10/30 | train_loss 1.1882 | union_precision 0.9804 | weighted_recall 0.4588 | consensus_recall 0.8261 | threshold 0.050
Epoch 11/30 | train_loss 1.1807 | union_precision 0.9808 | weighted_recall 0.4778 | consensus_recall 0.8696 | threshold 0.050
Epoch 12/30 | train_loss 1.1711 | union_precision 0.9808 | weighted_recall 0.4778 | consensus_recall 0.8696 | threshold 0.050
Epoch 13/30 | train_loss 1.1676 | union_precision 0.9808 | weighted_recall 0.4831 | consensus_recall 0.9130 | threshold 0.050
Epoch 14/30 | train_loss 1.1655 | union_precision 0.9808 | weighted_recall 0.4819 | consensus_recall 0.9130 | threshold 0.050
Epoch 15/30 | train_loss 1.1607 | union_precision 0.9808 | weighted_recall 0.4831 | consensus_recall 0.9130 | threshold 0.050
Epoch 16/30 | train_loss 1.1504 | union_precision 0.9800 | weighted_recall 0.4547 | consensus_recall 0.8696 | threshold 0.050
Epoch 17/30 | train_loss 1.1526 | union_precision 0.9800 | weighted_recall 0.4547 | consensus_recall 0.8696 | threshold 0.050
Epoch 18/30 | train_loss 1.1503 | union_precision 0.9796 | weighted_recall 0.4410 | consensus_recall 0.8261 | threshold 0.050
Epoch 19/30 | train_loss 1.1415 | union_precision 0.9792 | weighted_recall 0.4392 | consensus_recall 0.8261 | threshold 0.050
Epoch 20/30 | train_loss 1.1394 | union_precision 0.9800 | weighted_recall 0.4718 | consensus_recall 0.9130 | threshold 0.050
Early stopping at epoch 20
Held-out M67-4 | union_precision=0.9808 | weighted_recall=0.4831 | consensus_recall=0.9130
  oracle_stage_macro_f1=0.4344 | end_to_end_stage_macro_f1=0.2662
  end_to_end_stage_class_f1=low:0.2500,mid:0.2985,high:0.2500
Epoch 1/30 | train_loss 1.4443 | union_precision 1.0000 | weighted_recall 0.1074 | consensus_recall 0.5714 | threshold 0.050
Epoch 2/30 | train_loss 1.3629 | union_precision 1.0000 | weighted_recall 0.1047 | consensus_recall 0.5714 | threshold 0.050
Epoch 3/30 | train_loss 1.3036 | union_precision 1.0000 | weighted_recall 0.1363 | consensus_recall 1.0000 | threshold 0.050
Epoch 4/30 | train_loss 1.2622 | union_precision 1.0000 | weighted_recall 0.1471 | consensus_recall 0.4286 | threshold 0.050
Epoch 5/30 | train_loss 1.2387 | union_precision 0.9737 | weighted_recall 0.1706 | consensus_recall 0.4286 | threshold 0.050
Epoch 6/30 | train_loss 1.2229 | union_precision 0.9737 | weighted_recall 0.1652 | consensus_recall 0.4286 | threshold 0.050
Epoch 7/30 | train_loss 1.2150 | union_precision 0.9722 | weighted_recall 0.1399 | consensus_recall 0.4286 | threshold 0.050
Epoch 8/30 | train_loss 1.2021 | union_precision 0.9714 | weighted_recall 0.1273 | consensus_recall 0.4286 | threshold 0.050
Epoch 9/30 | train_loss 1.1924 | union_precision 0.9706 | weighted_recall 0.1435 | consensus_recall 0.5714 | threshold 0.050
Epoch 10/30 | train_loss 1.1842 | union_precision 0.9697 | weighted_recall 0.1534 | consensus_recall 0.5714 | threshold 0.050
Early stopping at epoch 10
Held-out M68-1 | union_precision=0.9737 | weighted_recall=0.1706 | consensus_recall=0.4286
  oracle_stage_macro_f1=0.3404 | end_to_end_stage_macro_f1=0.1537
  end_to_end_stage_class_f1=low:0.0838,mid:0.3774,high:0.0000
Epoch 1/30 | train_loss 1.4446 | union_precision 1.0000 | weighted_recall 0.1869 | consensus_recall 0.0000 | threshold 0.050
Epoch 2/30 | train_loss 1.3615 | union_precision 1.0000 | weighted_recall 0.1676 | consensus_recall 0.2857 | threshold 0.050
Epoch 3/30 | train_loss 1.3042 | union_precision 1.0000 | weighted_recall 0.1805 | consensus_recall 0.2857 | threshold 0.050
Epoch 4/30 | train_loss 1.2627 | union_precision 1.0000 | weighted_recall 0.1805 | consensus_recall 0.2857 | threshold 0.050
Epoch 5/30 | train_loss 1.2387 | union_precision 1.0000 | weighted_recall 0.1805 | consensus_recall 0.2857 | threshold 0.050
Epoch 6/30 | train_loss 1.2227 | union_precision 1.0000 | weighted_recall 0.1812 | consensus_recall 0.1429 | threshold 0.050
Early stopping at epoch 6
Held-out M68-2 | union_precision=1.0000 | weighted_recall=0.1869 | consensus_recall=0.0000
  oracle_stage_macro_f1=0.2659 | end_to_end_stage_macro_f1=0.1807
  end_to_end_stage_class_f1=low:0.2564,mid:0.0000,high:0.2857
Epoch 1/30 | train_loss 1.4466 | union_precision 0.9565 | weighted_recall 0.2378 | consensus_recall 1.0000 | threshold 0.050
Epoch 2/30 | train_loss 1.3600 | union_precision 0.9545 | weighted_recall 0.2611 | consensus_recall 1.0000 | threshold 0.050
Epoch 3/30 | train_loss 1.3044 | union_precision 0.9565 | weighted_recall 0.2622 | consensus_recall 0.8000 | threshold 0.050
Epoch 4/30 | train_loss 1.2626 | union_precision 1.0000 | weighted_recall 0.2821 | consensus_recall 0.8000 | threshold 0.050
Epoch 5/30 | train_loss 1.2388 | union_precision 1.0000 | weighted_recall 0.2356 | consensus_recall 0.8000 | threshold 0.050
Epoch 6/30 | train_loss 1.2233 | union_precision 1.0000 | weighted_recall 0.2644 | consensus_recall 0.8000 | threshold 0.050
Epoch 7/30 | train_loss 1.2140 | union_precision 1.0000 | weighted_recall 0.3119 | consensus_recall 0.8000 | threshold 0.050
Epoch 8/30 | train_loss 1.2021 | union_precision 1.0000 | weighted_recall 0.3606 | consensus_recall 1.0000 | threshold 0.050
Epoch 9/30 | train_loss 1.1934 | union_precision 1.0000 | weighted_recall 0.3606 | consensus_recall 1.0000 | threshold 0.050
Epoch 10/30 | train_loss 1.1854 | union_precision 1.0000 | weighted_recall 0.3805 | consensus_recall 1.0000 | threshold 0.050
Epoch 11/30 | train_loss 1.1770 | union_precision 1.0000 | weighted_recall 0.3805 | consensus_recall 1.0000 | threshold 0.050
Epoch 12/30 | train_loss 1.1665 | union_precision 1.0000 | weighted_recall 0.3805 | consensus_recall 1.0000 | threshold 0.050
Epoch 13/30 | train_loss 1.1637 | union_precision 1.0000 | weighted_recall 0.3805 | consensus_recall 1.0000 | threshold 0.050
Epoch 14/30 | train_loss 1.1614 | union_precision 1.0000 | weighted_recall 0.3805 | consensus_recall 1.0000 | threshold 0.050
Epoch 15/30 | train_loss 1.1576 | union_precision 1.0000 | weighted_recall 0.3805 | consensus_recall 1.0000 | threshold 0.050
Early stopping at epoch 15
Held-out M68-3 | union_precision=1.0000 | weighted_recall=0.3805 | consensus_recall=1.0000
  oracle_stage_macro_f1=0.3580 | end_to_end_stage_macro_f1=0.1565
  end_to_end_stage_class_f1=low:0.1260,mid:0.1212,high:0.2222
Epoch 1/30 | train_loss 1.4536 | union_precision 0.9732 | weighted_recall 0.1831 | consensus_recall 0.4651 | threshold 0.050
Epoch 2/30 | train_loss 1.3603 | union_precision 0.9545 | weighted_recall 0.1764 | consensus_recall 0.3256 | threshold 0.050
Epoch 3/30 | train_loss 1.2997 | union_precision 0.9630 | weighted_recall 0.1743 | consensus_recall 0.3488 | threshold 0.525
Epoch 4/30 | train_loss 1.2742 | union_precision 0.9531 | weighted_recall 0.1682 | consensus_recall 0.4419 | threshold 0.550
Epoch 5/30 | train_loss 1.2339 | union_precision 0.9520 | weighted_recall 0.2849 | consensus_recall 0.6279 | threshold 0.450
Epoch 6/30 | train_loss 1.2293 | union_precision 0.9504 | weighted_recall 0.2726 | consensus_recall 0.5814 | threshold 0.475
Epoch 7/30 | train_loss 1.2168 | union_precision 0.9615 | weighted_recall 0.2072 | consensus_recall 0.5116 | threshold 0.550
Epoch 8/30 | train_loss 1.2054 | union_precision 0.9655 | weighted_recall 0.2732 | consensus_recall 0.5814 | threshold 0.050
Epoch 9/30 | train_loss 1.1962 | union_precision 0.9748 | weighted_recall 0.2785 | consensus_recall 0.5581 | threshold 0.050
Epoch 10/30 | train_loss 1.1885 | union_precision 0.9832 | weighted_recall 0.2799 | consensus_recall 0.5814 | threshold 0.050
Early stopping at epoch 10
Held-out M06-1__M06-2__M06-3 | union_precision=0.9520 | weighted_recall=0.2849 | consensus_recall=0.6279
  oracle_stage_macro_f1=0.3900 | end_to_end_stage_macro_f1=0.1318
  end_to_end_stage_class_f1=low:0.1205,mid:0.1818,high:0.0930
Wrote nested CV results to /gpfs/work/int/yuxuanliu2204/Changheng/xmltoexp/MERIX SUBMISSION/Boundary_Restart/reports/nested_piece_cv/M06_outer_level1_seed43
Best candidate: model-tcn__detector_target-level1_boundary__selection_metric-union_recall__min_precision-0p95__loss_type-bce__rest_span_label_mode-none__rest_span_tolerance_negative_weight-1p0 | mean_primary_metric=0.1807 | mean_union_precision=0.9933

=== SEED=43 TARGET=level2_boundary OUTPUT=reports/nested_piece_cv/M06_outer_level2_seed43 ===
Command: python3 Command: run_nested_piece_cv.py Command: --config Command: configs/salience_grouped3_hi8_score_only_xml_curated.yaml Command: --outer_heldout_piece Command: M06-1 Command: M06-2 Command: M06-3 Command: --inner_mode Command: leave_one Command: --n_splits Command: 5 Command: --candidate_json Command: configs/nested_candidates_tcn_085_095_generic.json Command: --model Command: tcn Command: --detector_target Command: level2_boundary Command: --selection_metric Command: union_recall Command: --loss_type Command: bce Command: --rest_span_label_mode Command: none Command: --rest_span_tolerance_negative_weight Command: 1.0 Command: --device Command: cuda Command: --seed Command: 43 Command: --output_dir Command: reports/nested_piece_cv/M06_outer_level2_seed43 Command: --run_outer_fit Command: --reuse_existing 
Epoch 1/30 | train_loss 1.5131 | union_precision 0.9706 | weighted_recall 0.1549 | consensus_recall 0.7273 | threshold 0.050
Epoch 2/30 | train_loss 1.3745 | union_precision 1.0000 | weighted_recall 0.1549 | consensus_recall 0.7273 | threshold 0.500
Epoch 3/30 | train_loss 1.3113 | union_precision 0.9697 | weighted_recall 0.1466 | consensus_recall 0.8182 | threshold 0.500
Epoch 4/30 | train_loss 1.2654 | union_precision 0.9697 | weighted_recall 0.1558 | consensus_recall 0.8182 | threshold 0.475
Epoch 5/30 | train_loss 1.2329 | union_precision 0.9706 | weighted_recall 0.2050 | consensus_recall 0.8182 | threshold 0.475
Epoch 6/30 | train_loss 1.2063 | union_precision 0.9167 | weighted_recall 0.2263 | consensus_recall 0.8182 | threshold 0.475
Epoch 7/30 | train_loss 1.1873 | union_precision 0.9167 | weighted_recall 0.2263 | consensus_recall 0.8182 | threshold 0.475
Early stopping at epoch 7
Held-out M07-1 | union_precision=1.0000 | weighted_recall=0.1549 | consensus_recall=0.7273
  oracle_stage_macro_f1=0.3855 | end_to_end_stage_macro_f1=0.1634
  end_to_end_stage_class_f1=low:0.3724,mid:0.1176,high:0.0000
Epoch 1/30 | train_loss 1.5124 | union_precision 0.9130 | weighted_recall 0.1231 | consensus_recall 0.3636 | threshold 0.050
Epoch 2/30 | train_loss 1.3724 | union_precision 0.8889 | weighted_recall 0.0857 | consensus_recall 0.3636 | threshold 0.050
Epoch 3/30 | train_loss 1.3101 | union_precision 0.8667 | weighted_recall 0.0930 | consensus_recall 0.3636 | threshold 0.050
Epoch 4/30 | train_loss 1.2645 | union_precision 0.8696 | weighted_recall 0.1158 | consensus_recall 0.3636 | threshold 0.050
Epoch 5/30 | train_loss 1.2326 | union_precision 0.8667 | weighted_recall 0.1304 | consensus_recall 0.3636 | threshold 0.050
Epoch 6/30 | train_loss 1.2045 | union_precision 0.8864 | weighted_recall 0.1632 | consensus_recall 0.4545 | threshold 0.050
Early stopping at epoch 6
Held-out M07-2 | union_precision=0.9130 | weighted_recall=0.1231 | consensus_recall=0.3636
  oracle_stage_macro_f1=0.1823 | end_to_end_stage_macro_f1=0.0978
  end_to_end_stage_class_f1=low:0.0854,mid:0.1127,high:0.0952
Epoch 1/30 | train_loss 1.5217 | union_precision 0.9048 | weighted_recall 0.3016 | consensus_recall 0.6111 | threshold 0.050
Epoch 2/30 | train_loss 1.3735 | union_precision 0.9024 | weighted_recall 0.3436 | consensus_recall 0.6111 | threshold 0.050
Epoch 3/30 | train_loss 1.3090 | union_precision 0.8750 | weighted_recall 0.3291 | consensus_recall 0.6111 | threshold 0.050
Epoch 4/30 | train_loss 1.2656 | union_precision 0.8750 | weighted_recall 0.3291 | consensus_recall 0.6111 | threshold 0.050
Epoch 5/30 | train_loss 1.2359 | union_precision 0.8500 | weighted_recall 0.3267 | consensus_recall 0.6111 | threshold 0.050
Epoch 6/30 | train_loss 1.2027 | union_precision 0.8519 | weighted_recall 0.2515 | consensus_recall 0.5000 | threshold 0.575
Early stopping at epoch 6
Held-out M07-3 | union_precision=0.9048 | weighted_recall=0.3016 | consensus_recall=0.6111
  oracle_stage_macro_f1=0.3114 | end_to_end_stage_macro_f1=0.1628
  end_to_end_stage_class_f1=low:0.0779,mid:0.3051,high:0.1053
Epoch 1/30 | train_loss 1.5167 | union_precision 0.9737 | weighted_recall 0.4064 | consensus_recall 0.8571 | threshold 0.425
Epoch 2/30 | train_loss 1.3731 | union_precision 1.0000 | weighted_recall 0.4848 | consensus_recall 0.8571 | threshold 0.450
Epoch 3/30 | train_loss 1.3163 | union_precision 0.9767 | weighted_recall 0.5029 | consensus_recall 0.8571 | threshold 0.050
Epoch 4/30 | train_loss 1.2673 | union_precision 0.9767 | weighted_recall 0.5029 | consensus_recall 0.8571 | threshold 0.050
Epoch 5/30 | train_loss 1.2420 | union_precision 0.9762 | weighted_recall 0.5029 | consensus_recall 0.8571 | threshold 0.050
Epoch 6/30 | train_loss 1.2075 | union_precision 0.9767 | weighted_recall 0.5116 | consensus_recall 0.9286 | threshold 0.050
Epoch 7/30 | train_loss 1.1866 | union_precision 0.9767 | weighted_recall 0.5116 | consensus_recall 0.9286 | threshold 0.050
Epoch 8/30 | train_loss 1.1763 | union_precision 0.9773 | weighted_recall 0.5022 | consensus_recall 0.9286 | threshold 0.050
Epoch 9/30 | train_loss 1.1637 | union_precision 0.9773 | weighted_recall 0.4942 | consensus_recall 0.9286 | threshold 0.050
Epoch 10/30 | train_loss 1.1477 | union_precision 0.9773 | weighted_recall 0.4942 | consensus_recall 0.9286 | threshold 0.050
Epoch 11/30 | train_loss 1.1470 | union_precision 0.9773 | weighted_recall 0.4942 | consensus_recall 0.9286 | threshold 0.050
Epoch 12/30 | train_loss 1.1326 | union_precision 0.9773 | weighted_recall 0.4942 | consensus_recall 0.9286 | threshold 0.050
Epoch 13/30 | train_loss 1.1193 | union_precision 0.9778 | weighted_recall 0.5007 | consensus_recall 0.9286 | threshold 0.050
Epoch 14/30 | train_loss 1.1156 | union_precision 0.9778 | weighted_recall 0.5007 | consensus_recall 0.9286 | threshold 0.050
Epoch 15/30 | train_loss 1.1092 | union_precision 0.9778 | weighted_recall 0.5007 | consensus_recall 0.9286 | threshold 0.050
Epoch 16/30 | train_loss 1.0938 | union_precision 0.9778 | weighted_recall 0.5007 | consensus_recall 0.9286 | threshold 0.050
Epoch 17/30 | train_loss 1.0919 | union_precision 0.9783 | weighted_recall 0.5036 | consensus_recall 0.9286 | threshold 0.050
Epoch 18/30 | train_loss 1.0804 | union_precision 0.9787 | weighted_recall 0.5051 | consensus_recall 0.9286 | threshold 0.050
Epoch 19/30 | train_loss 1.0748 | union_precision 0.9792 | weighted_recall 0.5298 | consensus_recall 1.0000 | threshold 0.050
Epoch 20/30 | train_loss 1.0709 | union_precision 0.9796 | weighted_recall 0.5334 | consensus_recall 1.0000 | threshold 0.050
Epoch 21/30 | train_loss 1.0663 | union_precision 0.9800 | weighted_recall 0.5348 | consensus_recall 1.0000 | threshold 0.050
Epoch 22/30 | train_loss 1.0571 | union_precision 0.9800 | weighted_recall 0.5348 | consensus_recall 1.0000 | threshold 0.050
Epoch 23/30 | train_loss 1.0519 | union_precision 0.9800 | weighted_recall 0.5348 | consensus_recall 1.0000 | threshold 0.050
Epoch 24/30 | train_loss 1.0501 | union_precision 0.9800 | weighted_recall 0.5348 | consensus_recall 1.0000 | threshold 0.050
Epoch 25/30 | train_loss 1.0438 | union_precision 0.9800 | weighted_recall 0.5348 | consensus_recall 1.0000 | threshold 0.050
Epoch 26/30 | train_loss 1.0430 | union_precision 0.9796 | weighted_recall 0.5138 | consensus_recall 0.9286 | threshold 0.050
Early stopping at epoch 26
Held-out M17-1 | union_precision=0.9800 | weighted_recall=0.5348 | consensus_recall=1.0000
  oracle_stage_macro_f1=0.3422 | end_to_end_stage_macro_f1=0.2134
  end_to_end_stage_class_f1=low:0.2979,mid:0.2424,high:0.1000
Epoch 1/30 | train_loss 1.5139 | union_precision 0.8846 | weighted_recall 0.1508 | consensus_recall 0.3333 | threshold 0.050
Epoch 2/30 | train_loss 1.3687 | union_precision 0.8846 | weighted_recall 0.1508 | consensus_recall 0.3333 | threshold 0.050
Epoch 3/30 | train_loss 1.3108 | union_precision 0.8846 | weighted_recall 0.1557 | consensus_recall 0.3333 | threshold 0.050
Epoch 4/30 | train_loss 1.2625 | union_precision 0.8800 | weighted_recall 0.1669 | consensus_recall 0.3333 | threshold 0.050
Epoch 5/30 | train_loss 1.2368 | union_precision 0.8846 | weighted_recall 0.1829 | consensus_recall 0.3333 | threshold 0.050
Epoch 6/30 | train_loss 1.2021 | union_precision 0.8800 | weighted_recall 0.2114 | consensus_recall 0.3333 | threshold 0.050
Epoch 7/30 | train_loss 1.1812 | union_precision 0.8800 | weighted_recall 0.2114 | consensus_recall 0.3333 | threshold 0.050
Epoch 8/30 | train_loss 1.1714 | union_precision 0.8846 | weighted_recall 0.2213 | consensus_recall 0.6667 | threshold 0.050
Epoch 9/30 | train_loss 1.1586 | union_precision 0.8846 | weighted_recall 0.2336 | consensus_recall 0.6667 | threshold 0.050
Epoch 10/30 | train_loss 1.1425 | union_precision 0.8846 | weighted_recall 0.2361 | consensus_recall 0.6667 | threshold 0.050
Epoch 11/30 | train_loss 1.1422 | union_precision 0.8846 | weighted_recall 0.2398 | consensus_recall 0.6667 | threshold 0.050
Epoch 12/30 | train_loss 1.1274 | union_precision 0.8750 | weighted_recall 0.2188 | consensus_recall 0.6667 | threshold 0.050
Epoch 13/30 | train_loss 1.1147 | union_precision 0.8750 | weighted_recall 0.2188 | consensus_recall 0.6667 | threshold 0.050
Epoch 14/30 | train_loss 1.1114 | union_precision 0.8750 | weighted_recall 0.2126 | consensus_recall 0.6667 | threshold 0.050
Epoch 15/30 | train_loss 1.1041 | union_precision 0.8800 | weighted_recall 0.2262 | consensus_recall 0.6667 | threshold 0.050
Epoch 16/30 | train_loss 1.0890 | union_precision 0.8800 | weighted_recall 0.2262 | consensus_recall 0.6667 | threshold 0.050
Early stopping at epoch 16
Held-out M17-2 | union_precision=0.8846 | weighted_recall=0.2398 | consensus_recall=0.6667
  oracle_stage_macro_f1=0.3061 | end_to_end_stage_macro_f1=0.1390
  end_to_end_stage_class_f1=low:0.1947,mid:0.2222,high:0.0000
Epoch 1/30 | train_loss 1.5168 | union_precision 0.9077 | weighted_recall 0.2139 | consensus_recall 0.1905 | threshold 0.050
Epoch 2/30 | train_loss 1.3714 | union_precision 0.9677 | weighted_recall 0.2221 | consensus_recall 0.3333 | threshold 0.450
Epoch 3/30 | train_loss 1.3128 | union_precision 0.9516 | weighted_recall 0.2227 | consensus_recall 0.3810 | threshold 0.450
Epoch 4/30 | train_loss 1.2613 | union_precision 0.9231 | weighted_recall 0.2282 | consensus_recall 0.3810 | threshold 0.425
Epoch 5/30 | train_loss 1.2378 | union_precision 0.9375 | weighted_recall 0.2282 | consensus_recall 0.3810 | threshold 0.450
Epoch 6/30 | train_loss 1.2008 | union_precision 0.9355 | weighted_recall 0.2376 | consensus_recall 0.3810 | threshold 0.475
Epoch 7/30 | train_loss 1.1799 | union_precision 0.9355 | weighted_recall 0.2559 | consensus_recall 0.4286 | threshold 0.475
Early stopping at epoch 7
Held-out M17-3 | union_precision=0.9677 | weighted_recall=0.2221 | consensus_recall=0.3333
  oracle_stage_macro_f1=0.3311 | end_to_end_stage_macro_f1=0.2178
  end_to_end_stage_class_f1=low:0.2385,mid:0.1928,high:0.2222
Epoch 1/30 | train_loss 1.5161 | union_precision 0.8909 | weighted_recall 0.1619 | consensus_recall 0.5000 | threshold 0.050
Epoch 2/30 | train_loss 1.3700 | union_precision 0.9231 | weighted_recall 0.1710 | consensus_recall 0.7000 | threshold 0.425
Epoch 3/30 | train_loss 1.3097 | union_precision 0.9231 | weighted_recall 0.1710 | consensus_recall 0.7000 | threshold 0.425
Epoch 4/30 | train_loss 1.2562 | union_precision 0.9184 | weighted_recall 0.1637 | consensus_recall 0.7000 | threshold 0.450
Epoch 5/30 | train_loss 1.2322 | union_precision 0.9200 | weighted_recall 0.1651 | consensus_recall 0.7000 | threshold 0.450
Epoch 6/30 | train_loss 1.1971 | union_precision 0.9167 | weighted_recall 0.1683 | consensus_recall 0.9000 | threshold 0.450
Early stopping at epoch 6
Held-out M17-4 | union_precision=0.8909 | weighted_recall=0.1619 | consensus_recall=0.5000
  oracle_stage_macro_f1=0.2652 | end_to_end_stage_macro_f1=0.1057
  end_to_end_stage_class_f1=low:0.2573,mid:0.0597,high:0.0000
Epoch 1/30 | train_loss 1.5128 | union_precision 0.8649 | weighted_recall 0.1896 | consensus_recall 0.7500 | threshold 0.050
Epoch 2/30 | train_loss 1.3727 | union_precision 0.8500 | weighted_recall 0.2174 | consensus_recall 0.5000 | threshold 0.050
Epoch 3/30 | train_loss 1.3114 | union_precision 0.8537 | weighted_recall 0.2282 | consensus_recall 0.5000 | threshold 0.050
Epoch 4/30 | train_loss 1.2608 | union_precision 0.9000 | weighted_recall 0.1366 | consensus_recall 0.3750 | threshold 0.600
Epoch 5/30 | train_loss 1.2347 | union_precision 0.9048 | weighted_recall 0.1375 | consensus_recall 0.3750 | threshold 0.600
Epoch 6/30 | train_loss 1.2007 | union_precision 0.8571 | weighted_recall 0.1653 | consensus_recall 0.3750 | threshold 0.475
Epoch 7/30 | train_loss 1.1805 | union_precision 0.8571 | weighted_recall 0.2345 | consensus_recall 0.5000 | threshold 0.050
Epoch 8/30 | train_loss 1.1721 | union_precision 0.8529 | weighted_recall 0.2650 | consensus_recall 0.6250 | threshold 0.050
Early stopping at epoch 8
Held-out M24-1 | union_precision=0.8537 | weighted_recall=0.2282 | consensus_recall=0.5000
  oracle_stage_macro_f1=0.3250 | end_to_end_stage_macro_f1=0.0932
  end_to_end_stage_class_f1=low:0.1081,mid:0.1714,high:0.0000
Epoch 1/30 | train_loss 1.5136 | union_precision 0.8049 | weighted_recall 0.1487 | consensus_recall 0.1579 | threshold 0.050
Epoch 2/30 | train_loss 1.3725 | union_precision 0.7857 | weighted_recall 0.1561 | consensus_recall 0.2632 | threshold 0.050
Epoch 3/30 | train_loss 1.3160 | union_precision 0.8372 | weighted_recall 0.2063 | consensus_recall 0.3684 | threshold 0.050
Epoch 4/30 | train_loss 1.2633 | union_precision 0.8889 | weighted_recall 0.0553 | consensus_recall 0.0526 | threshold 0.600
Epoch 5/30 | train_loss 1.2356 | union_precision 0.8542 | weighted_recall 0.3009 | consensus_recall 0.7368 | threshold 0.050
Epoch 6/30 | train_loss 1.2038 | union_precision 0.8571 | weighted_recall 0.2855 | consensus_recall 0.7895 | threshold 0.050
Epoch 7/30 | train_loss 1.1843 | union_precision 0.8542 | weighted_recall 0.2849 | consensus_recall 0.7895 | threshold 0.050
Epoch 8/30 | train_loss 1.1755 | union_precision 0.8750 | weighted_recall 0.2781 | consensus_recall 0.7895 | threshold 0.050
Epoch 9/30 | train_loss 1.1608 | union_precision 0.8776 | weighted_recall 0.2849 | consensus_recall 0.7895 | threshold 0.050
Epoch 10/30 | train_loss 1.1450 | union_precision 0.8636 | weighted_recall 0.3430 | consensus_recall 0.6842 | threshold 0.050
Epoch 11/30 | train_loss 1.1448 | union_precision 0.8947 | weighted_recall 0.3328 | consensus_recall 0.6842 | threshold 0.525
Epoch 12/30 | train_loss 1.1287 | union_precision 0.9143 | weighted_recall 0.3248 | consensus_recall 0.7895 | threshold 0.525
Epoch 13/30 | train_loss 1.1150 | union_precision 0.8889 | weighted_recall 0.3248 | consensus_recall 0.7895 | threshold 0.525
Epoch 14/30 | train_loss 1.1131 | union_precision 0.8889 | weighted_recall 0.3248 | consensus_recall 0.7895 | threshold 0.525
Early stopping at epoch 14
Held-out M24-2 | union_precision=0.8776 | weighted_recall=0.2849 | consensus_recall=0.7895
  oracle_stage_macro_f1=0.3562 | end_to_end_stage_macro_f1=0.1541
  end_to_end_stage_class_f1=low:0.2209,mid:0.2414,high:0.0000
Epoch 1/30 | train_loss 1.5115 | union_precision 0.8621 | weighted_recall 0.1101 | consensus_recall 0.5833 | threshold 0.050
Epoch 2/30 | train_loss 1.3699 | union_precision 0.8519 | weighted_recall 0.1034 | consensus_recall 0.2500 | threshold 0.475
Epoch 3/30 | train_loss 1.3181 | union_precision 0.8636 | weighted_recall 0.1061 | consensus_recall 0.1667 | threshold 0.550
Epoch 4/30 | train_loss 1.2627 | union_precision 0.8636 | weighted_recall 0.1061 | consensus_recall 0.1667 | threshold 0.550
Epoch 5/30 | train_loss 1.2356 | union_precision 0.9474 | weighted_recall 0.1048 | consensus_recall 0.1667 | threshold 0.550
Epoch 6/30 | train_loss 1.2046 | union_precision 0.9091 | weighted_recall 0.1074 | consensus_recall 0.2500 | threshold 0.525
Early stopping at epoch 6
Held-out M24-3 | union_precision=0.8621 | weighted_recall=0.1101 | consensus_recall=0.5833
  oracle_stage_macro_f1=0.2811 | end_to_end_stage_macro_f1=0.1418
  end_to_end_stage_class_f1=low:0.1647,mid:0.0606,high:0.2000
Epoch 1/30 | train_loss 1.5232 | union_precision 0.8649 | weighted_recall 0.2581 | consensus_recall 0.8235 | threshold 0.050
Epoch 2/30 | train_loss 1.3778 | union_precision 0.9315 | weighted_recall 0.2852 | consensus_recall 0.9412 | threshold 0.050
Epoch 3/30 | train_loss 1.3200 | union_precision 0.9054 | weighted_recall 0.2818 | consensus_recall 0.8824 | threshold 0.050
Epoch 4/30 | train_loss 1.2667 | union_precision 0.9189 | weighted_recall 0.2781 | consensus_recall 0.8824 | threshold 0.050
Epoch 5/30 | train_loss 1.2402 | union_precision 0.9178 | weighted_recall 0.2784 | consensus_recall 0.7647 | threshold 0.050
Epoch 6/30 | train_loss 1.2050 | union_precision 0.9155 | weighted_recall 0.3029 | consensus_recall 0.8235 | threshold 0.450
Epoch 7/30 | train_loss 1.1873 | union_precision 0.9200 | weighted_recall 0.3244 | consensus_recall 0.8235 | threshold 0.050
Epoch 8/30 | train_loss 1.1748 | union_precision 0.9333 | weighted_recall 0.3312 | consensus_recall 0.7059 | threshold 0.050
Epoch 9/30 | train_loss 1.1603 | union_precision 0.9211 | weighted_recall 0.3286 | consensus_recall 0.6471 | threshold 0.050
Epoch 10/30 | train_loss 1.1458 | union_precision 0.9189 | weighted_recall 0.3414 | consensus_recall 0.7059 | threshold 0.050
Epoch 11/30 | train_loss 1.1426 | union_precision 0.9189 | weighted_recall 0.3414 | consensus_recall 0.7059 | threshold 0.050
Epoch 12/30 | train_loss 1.1269 | union_precision 0.9333 | weighted_recall 0.3425 | consensus_recall 0.7059 | threshold 0.050
Epoch 13/30 | train_loss 1.1144 | union_precision 0.9351 | weighted_recall 0.3350 | consensus_recall 0.7059 | threshold 0.050
Epoch 14/30 | train_loss 1.1129 | union_precision 0.9610 | weighted_recall 0.3365 | consensus_recall 0.7059 | threshold 0.050
Epoch 15/30 | train_loss 1.1072 | union_precision 0.9605 | weighted_recall 0.3451 | consensus_recall 0.7059 | threshold 0.050
Epoch 16/30 | train_loss 1.0882 | union_precision 0.9610 | weighted_recall 0.3444 | consensus_recall 0.6471 | threshold 0.050
Epoch 17/30 | train_loss 1.0857 | union_precision 0.9740 | weighted_recall 0.3598 | consensus_recall 0.7059 | threshold 0.050
Epoch 18/30 | train_loss 1.0821 | union_precision 0.9744 | weighted_recall 0.3440 | consensus_recall 0.7647 | threshold 0.050
Epoch 19/30 | train_loss 1.0723 | union_precision 0.9620 | weighted_recall 0.3308 | consensus_recall 0.8235 | threshold 0.050
Epoch 20/30 | train_loss 1.0685 | union_precision 0.9620 | weighted_recall 0.3308 | consensus_recall 0.8235 | threshold 0.050
Epoch 21/30 | train_loss 1.0638 | union_precision 0.9487 | weighted_recall 0.3210 | consensus_recall 0.8235 | threshold 0.050
Epoch 22/30 | train_loss 1.0561 | union_precision 0.9615 | weighted_recall 0.3308 | consensus_recall 0.8824 | threshold 0.050
Epoch 23/30 | train_loss 1.0508 | union_precision 0.9615 | weighted_recall 0.3308 | consensus_recall 0.8824 | threshold 0.050
Early stopping at epoch 23
Held-out M24-4 | union_precision=0.9744 | weighted_recall=0.3440 | consensus_recall=0.7647
  oracle_stage_macro_f1=0.3697 | end_to_end_stage_macro_f1=0.1670
  end_to_end_stage_class_f1=low:0.1220,mid:0.2362,high:0.1429
Epoch 1/30 | train_loss 1.5121 | union_precision 0.9091 | weighted_recall 0.1655 | consensus_recall 0.6667 | threshold 0.325
Epoch 2/30 | train_loss 1.3731 | union_precision 0.9048 | weighted_recall 0.1565 | consensus_recall 0.6667 | threshold 0.350
Epoch 3/30 | train_loss 1.3152 | union_precision 0.9048 | weighted_recall 0.1763 | consensus_recall 0.6667 | threshold 0.375
Epoch 4/30 | train_loss 1.2637 | union_precision 0.9091 | weighted_recall 0.1853 | consensus_recall 0.6667 | threshold 0.375
Epoch 5/30 | train_loss 1.2357 | union_precision 0.8333 | weighted_recall 0.1439 | consensus_recall 0.5000 | threshold 0.525
Epoch 6/30 | train_loss 1.2023 | union_precision 0.8333 | weighted_recall 0.1439 | consensus_recall 0.5000 | threshold 0.525
Epoch 7/30 | train_loss 1.1839 | union_precision 0.8667 | weighted_recall 0.1061 | consensus_recall 0.5000 | threshold 0.575
Epoch 8/30 | train_loss 1.1719 | union_precision 0.8667 | weighted_recall 0.1061 | consensus_recall 0.5000 | threshold 0.575
Epoch 9/30 | train_loss 1.1592 | union_precision 0.8667 | weighted_recall 0.1061 | consensus_recall 0.5000 | threshold 0.575
Early stopping at epoch 9
Held-out M30-1 | union_precision=0.9091 | weighted_recall=0.1853 | consensus_recall=0.6667
  oracle_stage_macro_f1=0.3370 | end_to_end_stage_macro_f1=0.2264
  end_to_end_stage_class_f1=low:0.1791,mid:0.2143,high:0.2857
Epoch 1/30 | train_loss 1.5096 | union_precision 0.8636 | weighted_recall 0.1659 | consensus_recall 0.0000 | threshold 0.500
Epoch 2/30 | train_loss 1.3732 | union_precision 1.0000 | weighted_recall 0.0078 | consensus_recall 0.0000 | threshold 0.600
Epoch 3/30 | train_loss 1.3146 | union_precision 0.8182 | weighted_recall 0.2034 | consensus_recall 0.2500 | threshold 0.500
Epoch 4/30 | train_loss 1.2641 | union_precision 0.8696 | weighted_recall 0.2645 | consensus_recall 0.5000 | threshold 0.500
Epoch 5/30 | train_loss 1.2356 | union_precision 0.8750 | weighted_recall 0.1674 | consensus_recall 0.7500 | threshold 0.575
Epoch 6/30 | train_loss 1.2031 | union_precision 1.0000 | weighted_recall 0.1487 | consensus_recall 0.7500 | threshold 0.600
Epoch 7/30 | train_loss 1.1843 | union_precision 1.0000 | weighted_recall 0.1487 | consensus_recall 0.7500 | threshold 0.625
Epoch 8/30 | train_loss 1.1727 | union_precision 1.0000 | weighted_recall 0.1487 | consensus_recall 0.7500 | threshold 0.625
Epoch 9/30 | train_loss 1.1597 | union_precision 0.8571 | weighted_recall 0.1659 | consensus_recall 0.7500 | threshold 0.600
Early stopping at epoch 9
Held-out M30-2 | union_precision=0.8696 | weighted_recall=0.2645 | consensus_recall=0.5000
  oracle_stage_macro_f1=0.3821 | end_to_end_stage_macro_f1=0.1408
  end_to_end_stage_class_f1=low:0.1951,mid:0.2273,high:0.0000
Epoch 1/30 | train_loss 1.5130 | union_precision 0.8537 | weighted_recall 0.1700 | consensus_recall 0.3846 | threshold 0.475
Epoch 2/30 | train_loss 1.3737 | union_precision 0.8649 | weighted_recall 0.1672 | consensus_recall 0.3846 | threshold 0.500
Epoch 3/30 | train_loss 1.3131 | union_precision 0.8780 | weighted_recall 0.2317 | consensus_recall 0.6154 | threshold 0.050
Epoch 4/30 | train_loss 1.2638 | union_precision 0.9231 | weighted_recall 0.2474 | consensus_recall 0.6154 | threshold 0.050
Epoch 5/30 | train_loss 1.2352 | union_precision 0.9500 | weighted_recall 0.2262 | consensus_recall 0.6923 | threshold 0.050
Epoch 6/30 | train_loss 1.2043 | union_precision 0.9500 | weighted_recall 0.2481 | consensus_recall 0.7692 | threshold 0.050
Epoch 7/30 | train_loss 1.1831 | union_precision 0.9512 | weighted_recall 0.2611 | consensus_recall 0.8462 | threshold 0.050
Epoch 8/30 | train_loss 1.1711 | union_precision 0.9512 | weighted_recall 0.2611 | consensus_recall 0.8462 | threshold 0.050
Epoch 9/30 | train_loss 1.1590 | union_precision 1.0000 | weighted_recall 0.3084 | consensus_recall 0.8462 | threshold 0.050
Epoch 10/30 | train_loss 1.1436 | union_precision 1.0000 | weighted_recall 0.2865 | consensus_recall 0.8462 | threshold 0.050
Epoch 11/30 | train_loss 1.1397 | union_precision 1.0000 | weighted_recall 0.2865 | consensus_recall 0.7692 | threshold 0.050
Epoch 12/30 | train_loss 1.1234 | union_precision 1.0000 | weighted_recall 0.2975 | consensus_recall 0.7692 | threshold 0.050
Epoch 13/30 | train_loss 1.1114 | union_precision 1.0000 | weighted_recall 0.2968 | consensus_recall 0.7692 | threshold 0.050
Epoch 14/30 | train_loss 1.1090 | union_precision 1.0000 | weighted_recall 0.2906 | consensus_recall 0.7692 | threshold 0.050
Epoch 15/30 | train_loss 1.1045 | union_precision 1.0000 | weighted_recall 0.3105 | consensus_recall 0.7692 | threshold 0.375
Epoch 16/30 | train_loss 1.0852 | union_precision 1.0000 | weighted_recall 0.3036 | consensus_recall 0.7692 | threshold 0.375
Epoch 17/30 | train_loss 1.0834 | union_precision 1.0000 | weighted_recall 0.3043 | consensus_recall 0.7692 | threshold 0.350
Epoch 18/30 | train_loss 1.0796 | union_precision 1.0000 | weighted_recall 0.3091 | consensus_recall 0.7692 | threshold 0.350
Early stopping at epoch 18
Held-out M30-3 | union_precision=1.0000 | weighted_recall=0.2968 | consensus_recall=0.7692
  oracle_stage_macro_f1=0.2219 | end_to_end_stage_macro_f1=0.0718
  end_to_end_stage_class_f1=low:0.0759,mid:0.0000,high:0.1395
Epoch 1/30 | train_loss 1.5137 | union_precision 0.8800 | weighted_recall 0.1090 | consensus_recall 0.0000 | threshold 0.450
Epoch 2/30 | train_loss 1.3747 | union_precision 0.8824 | weighted_recall 0.1584 | consensus_recall 0.1111 | threshold 0.425
Epoch 3/30 | train_loss 1.3171 | union_precision 0.8846 | weighted_recall 0.1826 | consensus_recall 0.1111 | threshold 0.425
Epoch 4/30 | train_loss 1.2671 | union_precision 0.8654 | weighted_recall 0.1554 | consensus_recall 0.0000 | threshold 0.425
Epoch 5/30 | train_loss 1.2392 | union_precision 0.8846 | weighted_recall 0.1655 | consensus_recall 0.1111 | threshold 0.050
Epoch 6/30 | train_loss 1.2068 | union_precision 0.8868 | weighted_recall 0.1741 | consensus_recall 0.0000 | threshold 0.050
Epoch 7/30 | train_loss 1.1846 | union_precision 0.9216 | weighted_recall 0.1927 | consensus_recall 0.0000 | threshold 0.450
Epoch 8/30 | train_loss 1.1752 | union_precision 0.8824 | weighted_recall 0.2064 | consensus_recall 0.0000 | threshold 0.050
Epoch 9/30 | train_loss 1.1629 | union_precision 0.9216 | weighted_recall 0.2614 | consensus_recall 0.2222 | threshold 0.050
Epoch 10/30 | train_loss 1.1461 | union_precision 0.9583 | weighted_recall 0.3229 | consensus_recall 0.3333 | threshold 0.475
Epoch 11/30 | train_loss 1.1403 | union_precision 0.9592 | weighted_recall 0.3259 | consensus_recall 0.3333 | threshold 0.475
Epoch 12/30 | train_loss 1.1255 | union_precision 0.9592 | weighted_recall 0.3174 | consensus_recall 0.3333 | threshold 0.475
Epoch 13/30 | train_loss 1.1133 | union_precision 0.9388 | weighted_recall 0.3249 | consensus_recall 0.3333 | threshold 0.050
Epoch 14/30 | train_loss 1.1126 | union_precision 0.9375 | weighted_recall 0.3391 | consensus_recall 0.3333 | threshold 0.050
Epoch 15/30 | train_loss 1.1090 | union_precision 0.8980 | weighted_recall 0.3305 | consensus_recall 0.3333 | threshold 0.050
Epoch 16/30 | train_loss 1.0871 | union_precision 0.9184 | weighted_recall 0.3345 | consensus_recall 0.3333 | threshold 0.050
Early stopping at epoch 16
Held-out M30-4 | union_precision=0.9592 | weighted_recall=0.3259 | consensus_recall=0.3333
  oracle_stage_macro_f1=0.3336 | end_to_end_stage_macro_f1=0.1968
  end_to_end_stage_class_f1=low:0.1990,mid:0.1333,high:0.2581
Epoch 1/30 | train_loss 1.5074 | union_precision 0.9444 | weighted_recall 0.2471 | consensus_recall 0.5000 | threshold 0.050
Epoch 2/30 | train_loss 1.3716 | union_precision 0.9444 | weighted_recall 0.2471 | consensus_recall 0.5000 | threshold 0.050
Epoch 3/30 | train_loss 1.3116 | union_precision 0.9444 | weighted_recall 0.2471 | consensus_recall 0.5000 | threshold 0.050
Epoch 4/30 | train_loss 1.2632 | union_precision 0.8889 | weighted_recall 0.2255 | consensus_recall 0.5000 | threshold 0.050
Epoch 5/30 | train_loss 1.2341 | union_precision 0.8889 | weighted_recall 0.2255 | consensus_recall 0.5000 | threshold 0.050
Epoch 6/30 | train_loss 1.2047 | union_precision 0.8889 | weighted_recall 0.2653 | consensus_recall 0.7500 | threshold 0.050
Early stopping at epoch 6
Held-out M33-1 | union_precision=0.9444 | weighted_recall=0.2471 | consensus_recall=0.5000
  oracle_stage_macro_f1=0.3520 | end_to_end_stage_macro_f1=0.1444
  end_to_end_stage_class_f1=low:0.2667,mid:0.1667,high:0.0000
Epoch 1/30 | train_loss 1.5101 | union_precision 0.9130 | weighted_recall 0.1233 | consensus_recall 0.1111 | threshold 0.050
Epoch 2/30 | train_loss 1.3742 | union_precision 0.9104 | weighted_recall 0.1266 | consensus_recall 0.1667 | threshold 0.400
Epoch 3/30 | train_loss 1.3152 | union_precision 0.9104 | weighted_recall 0.1266 | consensus_recall 0.1667 | threshold 0.425
Epoch 4/30 | train_loss 1.2639 | union_precision 0.9104 | weighted_recall 0.1266 | consensus_recall 0.1667 | threshold 0.425
Epoch 5/30 | train_loss 1.2359 | union_precision 0.9254 | weighted_recall 0.1299 | consensus_recall 0.1667 | threshold 0.450
Epoch 6/30 | train_loss 1.2076 | union_precision 0.9545 | weighted_recall 0.1436 | consensus_recall 0.2222 | threshold 0.450
Epoch 7/30 | train_loss 1.1846 | union_precision 0.9677 | weighted_recall 0.1646 | consensus_recall 0.2222 | threshold 0.050
Epoch 8/30 | train_loss 1.1763 | union_precision 0.9833 | weighted_recall 0.1657 | consensus_recall 0.2222 | threshold 0.475
Epoch 9/30 | train_loss 1.1619 | union_precision 0.9831 | weighted_recall 0.1684 | consensus_recall 0.2222 | threshold 0.475
Epoch 10/30 | train_loss 1.1461 | union_precision 0.9655 | weighted_recall 0.1783 | consensus_recall 0.3333 | threshold 0.450
Epoch 11/30 | train_loss 1.1401 | union_precision 0.9661 | weighted_recall 0.2097 | consensus_recall 0.4444 | threshold 0.050
Early stopping at epoch 11
Held-out M33-2 | union_precision=0.9545 | weighted_recall=0.1436 | consensus_recall=0.2222
  oracle_stage_macro_f1=0.2640 | end_to_end_stage_macro_f1=0.1568
  end_to_end_stage_class_f1=low:0.1000,mid:0.2167,high:0.1538
Epoch 1/30 | train_loss 1.5044 | union_precision 1.0000 | weighted_recall 0.0029 | consensus_recall 0.0000 | threshold 0.650
Epoch 2/30 | train_loss 1.3732 | union_precision 1.0000 | weighted_recall 0.0058 | consensus_recall 0.0000 | threshold 0.625
Epoch 3/30 | train_loss 1.3142 | union_precision 1.0000 | weighted_recall 0.0058 | consensus_recall 0.0000 | threshold 0.600
Epoch 4/30 | train_loss 1.2630 | union_precision 1.0000 | weighted_recall 0.0058 | consensus_recall 0.0000 | threshold 0.600
Epoch 5/30 | train_loss 1.2351 | union_precision 1.0000 | weighted_recall 0.1512 | consensus_recall 0.3333 | threshold 0.575
Epoch 6/30 | train_loss 1.2068 | union_precision 0.9231 | weighted_recall 0.2064 | consensus_recall 0.7778 | threshold 0.525
Epoch 7/30 | train_loss 1.1854 | union_precision 0.8947 | weighted_recall 0.3081 | consensus_recall 0.8889 | threshold 0.050
Epoch 8/30 | train_loss 1.1759 | union_precision 0.8947 | weighted_recall 0.3023 | consensus_recall 0.8889 | threshold 0.500
Epoch 9/30 | train_loss 1.1621 | union_precision 0.9412 | weighted_recall 0.2965 | consensus_recall 0.8889 | threshold 0.525
Epoch 10/30 | train_loss 1.1467 | union_precision 0.8500 | weighted_recall 0.3256 | consensus_recall 0.8889 | threshold 0.500
Epoch 11/30 | train_loss 1.1407 | union_precision 0.8947 | weighted_recall 0.3023 | consensus_recall 0.8889 | threshold 0.500
Epoch 12/30 | train_loss 1.1251 | union_precision 0.8947 | weighted_recall 0.3023 | consensus_recall 0.8889 | threshold 0.500
Early stopping at epoch 12
Held-out M33-3 | union_precision=0.8947 | weighted_recall=0.3081 | consensus_recall=0.8889
  oracle_stage_macro_f1=0.2996 | end_to_end_stage_macro_f1=0.1867
  end_to_end_stage_class_f1=low:0.1600,mid:0.4000,high:0.0000
Epoch 1/30 | train_loss 1.5170 | union_precision 0.9286 | weighted_recall 0.1680 | consensus_recall 0.0000 | threshold 0.050
Epoch 2/30 | train_loss 1.3769 | union_precision 0.9518 | weighted_recall 0.1811 | consensus_recall 0.0833 | threshold 0.050
Epoch 3/30 | train_loss 1.2966 | union_precision 0.9383 | weighted_recall 0.1856 | consensus_recall 0.1667 | threshold 0.050
Epoch 4/30 | train_loss 1.2628 | union_precision 0.9367 | weighted_recall 0.1930 | consensus_recall 0.1667 | threshold 0.050
Epoch 5/30 | train_loss 1.2298 | union_precision 0.9494 | weighted_recall 0.2247 | consensus_recall 0.7500 | threshold 0.050
Epoch 6/30 | train_loss 1.1996 | union_precision 0.9615 | weighted_recall 0.2239 | consensus_recall 0.8333 | threshold 0.050
Epoch 7/30 | train_loss 1.1906 | union_precision 0.9744 | weighted_recall 0.2233 | consensus_recall 0.8333 | threshold 0.050
Early stopping at epoch 7
Held-out M33-4 | union_precision=0.9518 | weighted_recall=0.1811 | consensus_recall=0.0833
  oracle_stage_macro_f1=0.3313 | end_to_end_stage_macro_f1=0.1241
  end_to_end_stage_class_f1=low:0.1865,mid:0.1143,high:0.0714
Epoch 1/30 | train_loss 1.5114 | union_precision 0.9231 | weighted_recall 0.1850 | consensus_recall 0.6667 | threshold 0.050
Epoch 2/30 | train_loss 1.3719 | union_precision 0.8793 | weighted_recall 0.2296 | consensus_recall 0.7778 | threshold 0.050
Epoch 3/30 | train_loss 1.3162 | union_precision 0.8462 | weighted_recall 0.0966 | consensus_recall 0.5556 | threshold 0.575
Epoch 4/30 | train_loss 1.2589 | union_precision 0.8519 | weighted_recall 0.2073 | consensus_recall 0.7778 | threshold 0.500
Epoch 5/30 | train_loss 1.2329 | union_precision 0.8644 | weighted_recall 0.2477 | consensus_recall 0.8889 | threshold 0.050
Epoch 6/30 | train_loss 1.2039 | union_precision 0.8793 | weighted_recall 0.2486 | consensus_recall 0.8889 | threshold 0.475
Epoch 7/30 | train_loss 1.1842 | union_precision 0.8983 | weighted_recall 0.2543 | consensus_recall 0.8889 | threshold 0.475
Epoch 8/30 | train_loss 1.1731 | union_precision 0.9000 | weighted_recall 0.2667 | consensus_recall 0.8889 | threshold 0.475
Epoch 9/30 | train_loss 1.1593 | union_precision 0.9016 | weighted_recall 0.2675 | consensus_recall 0.8889 | threshold 0.475
Epoch 10/30 | train_loss 1.1434 | union_precision 0.9016 | weighted_recall 0.2725 | consensus_recall 0.8889 | threshold 0.475
Epoch 11/30 | train_loss 1.1398 | union_precision 0.8833 | weighted_recall 0.2378 | consensus_recall 0.6667 | threshold 0.475
Epoch 12/30 | train_loss 1.1226 | union_precision 0.8833 | weighted_recall 0.2378 | consensus_recall 0.6667 | threshold 0.475
Epoch 13/30 | train_loss 1.1101 | union_precision 0.8852 | weighted_recall 0.2419 | consensus_recall 0.6667 | threshold 0.475
Epoch 14/30 | train_loss 1.1083 | union_precision 0.8852 | weighted_recall 0.2419 | consensus_recall 0.6667 | threshold 0.475
Epoch 15/30 | train_loss 1.1033 | union_precision 0.9483 | weighted_recall 0.2552 | consensus_recall 0.6667 | threshold 0.475
Epoch 16/30 | train_loss 1.0853 | union_precision 0.9474 | weighted_recall 0.2634 | consensus_recall 0.5556 | threshold 0.050
Epoch 17/30 | train_loss 1.0841 | union_precision 0.9273 | weighted_recall 0.2453 | consensus_recall 0.5556 | threshold 0.050
Epoch 18/30 | train_loss 1.0804 | union_precision 0.9273 | weighted_recall 0.2453 | consensus_recall 0.5556 | threshold 0.050
Epoch 19/30 | train_loss 1.0706 | union_precision 0.9259 | weighted_recall 0.2444 | consensus_recall 0.5556 | threshold 0.050
Epoch 20/30 | train_loss 1.0656 | union_precision 0.9444 | weighted_recall 0.2659 | consensus_recall 0.6667 | threshold 0.050
Early stopping at epoch 20
Held-out M41-1 | union_precision=0.9483 | weighted_recall=0.2552 | consensus_recall=0.6667
  oracle_stage_macro_f1=0.3669 | end_to_end_stage_macro_f1=0.1627
  end_to_end_stage_class_f1=low:0.2065,mid:0.2192,high:0.0625
Epoch 1/30 | train_loss 1.5062 | union_precision 0.9600 | weighted_recall 0.2219 | consensus_recall 1.0000 | threshold 0.050
Epoch 2/30 | train_loss 1.3686 | union_precision 0.9600 | weighted_recall 0.2118 | consensus_recall 1.0000 | threshold 0.050
Epoch 3/30 | train_loss 1.3132 | union_precision 0.9600 | weighted_recall 0.2305 | consensus_recall 1.0000 | threshold 0.050
Epoch 4/30 | train_loss 1.2556 | union_precision 0.9600 | weighted_recall 0.2305 | consensus_recall 1.0000 | threshold 0.050
Epoch 5/30 | train_loss 1.2312 | union_precision 0.9600 | weighted_recall 0.2291 | consensus_recall 1.0000 | threshold 0.050
Epoch 6/30 | train_loss 1.2048 | union_precision 0.9600 | weighted_recall 0.2262 | consensus_recall 1.0000 | threshold 0.050
Epoch 7/30 | train_loss 1.1835 | union_precision 1.0000 | weighted_recall 0.2651 | consensus_recall 1.0000 | threshold 0.050
Epoch 8/30 | train_loss 1.1717 | union_precision 1.0000 | weighted_recall 0.3112 | consensus_recall 1.0000 | threshold 0.050
Epoch 9/30 | train_loss 1.1580 | union_precision 1.0000 | weighted_recall 0.3372 | consensus_recall 1.0000 | threshold 0.050
Epoch 10/30 | train_loss 1.1422 | union_precision 1.0000 | weighted_recall 0.3372 | consensus_recall 1.0000 | threshold 0.475
Epoch 11/30 | train_loss 1.1390 | union_precision 0.9655 | weighted_recall 0.3429 | consensus_recall 1.0000 | threshold 0.050
Epoch 12/30 | train_loss 1.1210 | union_precision 0.9655 | weighted_recall 0.3213 | consensus_recall 0.7500 | threshold 0.050
Epoch 13/30 | train_loss 1.1091 | union_precision 0.9655 | weighted_recall 0.3213 | consensus_recall 0.7500 | threshold 0.050
Epoch 14/30 | train_loss 1.1083 | union_precision 0.9655 | weighted_recall 0.3213 | consensus_recall 0.7500 | threshold 0.050
Early stopping at epoch 14
Held-out M41-2 | union_precision=1.0000 | weighted_recall=0.3372 | consensus_recall=1.0000
  oracle_stage_macro_f1=0.2755 | end_to_end_stage_macro_f1=0.1453
  end_to_end_stage_class_f1=low:0.2034,mid:0.2326,high:0.0000
Epoch 1/30 | train_loss 1.5088 | union_precision 0.9091 | weighted_recall 0.3367 | consensus_recall 0.7500 | threshold 0.050
Epoch 2/30 | train_loss 1.3704 | union_precision 0.9375 | weighted_recall 0.3163 | consensus_recall 0.7500 | threshold 0.050
Epoch 3/30 | train_loss 1.3135 | union_precision 0.9688 | weighted_recall 0.2599 | consensus_recall 0.2500 | threshold 0.050
Epoch 4/30 | train_loss 1.2553 | union_precision 0.9394 | weighted_recall 0.2881 | consensus_recall 0.5000 | threshold 0.050
Epoch 5/30 | train_loss 1.2328 | union_precision 0.8750 | weighted_recall 0.3265 | consensus_recall 0.7500 | threshold 0.050
Epoch 6/30 | train_loss 1.2051 | union_precision 0.8750 | weighted_recall 0.3265 | consensus_recall 0.7500 | threshold 0.050
Epoch 7/30 | train_loss 1.1846 | union_precision 0.9062 | weighted_recall 0.2945 | consensus_recall 0.7500 | threshold 0.050
Epoch 8/30 | train_loss 1.1718 | union_precision 0.9091 | weighted_recall 0.2958 | consensus_recall 0.7500 | threshold 0.050
Early stopping at epoch 8
Held-out M41-3 | union_precision=0.9688 | weighted_recall=0.2599 | consensus_recall=0.2500
  oracle_stage_macro_f1=0.3221 | end_to_end_stage_macro_f1=0.2084
  end_to_end_stage_class_f1=low:0.1613,mid:0.2286,high:0.2353
Epoch 1/30 | train_loss 1.5112 | union_precision 0.9630 | weighted_recall 0.3045 | consensus_recall 0.9000 | threshold 0.050
Epoch 2/30 | train_loss 1.3740 | union_precision 0.9643 | weighted_recall 0.3369 | consensus_recall 1.0000 | threshold 0.050
Epoch 3/30 | train_loss 1.3182 | union_precision 0.9310 | weighted_recall 0.3464 | consensus_recall 1.0000 | threshold 0.050
Epoch 4/30 | train_loss 1.2574 | union_precision 0.9630 | weighted_recall 0.3911 | consensus_recall 1.0000 | threshold 0.050
Epoch 5/30 | train_loss 1.2340 | union_precision 0.9630 | weighted_recall 0.3911 | consensus_recall 1.0000 | threshold 0.050
Epoch 6/30 | train_loss 1.2072 | union_precision 0.9643 | weighted_recall 0.3870 | consensus_recall 0.9000 | threshold 0.050
Epoch 7/30 | train_loss 1.1868 | union_precision 0.9655 | weighted_recall 0.2666 | consensus_recall 0.6000 | threshold 0.050
Epoch 8/30 | train_loss 1.1733 | union_precision 0.9655 | weighted_recall 0.2652 | consensus_recall 0.6000 | threshold 0.050
Epoch 9/30 | train_loss 1.1598 | union_precision 0.9655 | weighted_recall 0.2693 | consensus_recall 0.6000 | threshold 0.050
Epoch 10/30 | train_loss 1.1447 | union_precision 0.9714 | weighted_recall 0.3234 | consensus_recall 0.6000 | threshold 0.050
Epoch 11/30 | train_loss 1.1412 | union_precision 0.9730 | weighted_recall 0.3532 | consensus_recall 0.6000 | threshold 0.050
Epoch 12/30 | train_loss 1.1239 | union_precision 0.9730 | weighted_recall 0.3532 | consensus_recall 0.6000 | threshold 0.050
Epoch 13/30 | train_loss 1.1106 | union_precision 0.9730 | weighted_recall 0.3532 | consensus_recall 0.6000 | threshold 0.050
Epoch 14/30 | train_loss 1.1122 | union_precision 1.0000 | weighted_recall 0.3532 | consensus_recall 0.6000 | threshold 0.500
Epoch 15/30 | train_loss 1.1045 | union_precision 1.0000 | weighted_recall 0.3396 | consensus_recall 0.6000 | threshold 0.475
Epoch 16/30 | train_loss 1.0881 | union_precision 1.0000 | weighted_recall 0.3572 | consensus_recall 0.6000 | threshold 0.450
Epoch 17/30 | train_loss 1.0863 | union_precision 1.0000 | weighted_recall 0.3572 | consensus_recall 0.6000 | threshold 0.425
Epoch 18/30 | train_loss 1.0826 | union_precision 1.0000 | weighted_recall 0.3802 | consensus_recall 0.7000 | threshold 0.400
Epoch 19/30 | train_loss 1.0712 | union_precision 1.0000 | weighted_recall 0.3735 | consensus_recall 0.8000 | threshold 0.375
Epoch 20/30 | train_loss 1.0688 | union_precision 1.0000 | weighted_recall 0.4046 | consensus_recall 0.9000 | threshold 0.350
Epoch 21/30 | train_loss 1.0645 | union_precision 1.0000 | weighted_recall 0.4560 | consensus_recall 1.0000 | threshold 0.325
Epoch 22/30 | train_loss 1.0571 | union_precision 1.0000 | weighted_recall 0.4560 | consensus_recall 1.0000 | threshold 0.300
Epoch 23/30 | train_loss 1.0496 | union_precision 1.0000 | weighted_recall 0.4560 | consensus_recall 1.0000 | threshold 0.275
Epoch 24/30 | train_loss 1.0501 | union_precision 1.0000 | weighted_recall 0.4817 | consensus_recall 1.0000 | threshold 0.275
Epoch 25/30 | train_loss 1.0451 | union_precision 1.0000 | weighted_recall 0.4817 | consensus_recall 1.0000 | threshold 0.250
Epoch 26/30 | train_loss 1.0441 | union_precision 1.0000 | weighted_recall 0.4817 | consensus_recall 1.0000 | threshold 0.225
Epoch 27/30 | train_loss 1.0364 | union_precision 1.0000 | weighted_recall 0.4817 | consensus_recall 1.0000 | threshold 0.200
Epoch 28/30 | train_loss 1.0310 | union_precision 1.0000 | weighted_recall 0.5047 | consensus_recall 1.0000 | threshold 0.175
Epoch 29/30 | train_loss 1.0221 | union_precision 1.0000 | weighted_recall 0.5047 | consensus_recall 1.0000 | threshold 0.150
Epoch 30/30 | train_loss 1.0204 | union_precision 1.0000 | weighted_recall 0.5142 | consensus_recall 0.9000 | threshold 0.150
Held-out M41-4 | union_precision=1.0000 | weighted_recall=0.5047 | consensus_recall=1.0000
  oracle_stage_macro_f1=0.3383 | end_to_end_stage_macro_f1=0.2081
  end_to_end_stage_class_f1=low:0.1930,mid:0.3404,high:0.0909
Epoch 1/30 | train_loss 1.5092 | union_precision 0.8000 | weighted_recall 0.1830 | consensus_recall 0.4545 | threshold 0.400
Epoch 2/30 | train_loss 1.3751 | union_precision 1.0000 | weighted_recall 0.0188 | consensus_recall 0.0000 | threshold 0.700
Epoch 3/30 | train_loss 1.3138 | union_precision 0.8571 | weighted_recall 0.0610 | consensus_recall 0.2727 | threshold 0.625
Epoch 4/30 | train_loss 1.2561 | union_precision 0.8649 | weighted_recall 0.2574 | consensus_recall 0.6364 | threshold 0.425
Epoch 5/30 | train_loss 1.2334 | union_precision 0.8649 | weighted_recall 0.2619 | consensus_recall 0.6364 | threshold 0.400
Epoch 6/30 | train_loss 1.2046 | union_precision 0.8684 | weighted_recall 0.2664 | consensus_recall 0.6364 | threshold 0.400
Epoch 7/30 | train_loss 1.1851 | union_precision 0.8947 | weighted_recall 0.2646 | consensus_recall 0.6364 | threshold 0.400
Epoch 8/30 | train_loss 1.1721 | union_precision 0.8947 | weighted_recall 0.2664 | consensus_recall 0.7273 | threshold 0.400
Epoch 9/30 | train_loss 1.1587 | union_precision 0.8947 | weighted_recall 0.2664 | consensus_recall 0.7273 | threshold 0.400
Epoch 10/30 | train_loss 1.1442 | union_precision 0.8718 | weighted_recall 0.2493 | consensus_recall 0.8182 | threshold 0.400
Epoch 11/30 | train_loss 1.1401 | union_precision 0.8974 | weighted_recall 0.2502 | consensus_recall 0.8182 | threshold 0.450
Epoch 12/30 | train_loss 1.1218 | union_precision 0.9000 | weighted_recall 0.2682 | consensus_recall 0.8182 | threshold 0.450
Epoch 13/30 | train_loss 1.1088 | union_precision 0.8947 | weighted_recall 0.2700 | consensus_recall 0.9091 | threshold 0.450
Epoch 14/30 | train_loss 1.1100 | union_precision 0.8947 | weighted_recall 0.2700 | consensus_recall 0.9091 | threshold 0.475
Epoch 15/30 | train_loss 1.1026 | union_precision 0.8947 | weighted_recall 0.2682 | consensus_recall 0.8182 | threshold 0.475
Epoch 16/30 | train_loss 1.0867 | union_precision 0.8974 | weighted_recall 0.2843 | consensus_recall 0.8182 | threshold 0.475
Epoch 17/30 | train_loss 1.0838 | union_precision 0.8974 | weighted_recall 0.2682 | consensus_recall 0.8182 | threshold 0.475
Early stopping at epoch 17
Held-out M50-1 | union_precision=0.9000 | weighted_recall=0.2682 | consensus_recall=0.8182
  oracle_stage_macro_f1=0.3187 | end_to_end_stage_macro_f1=0.1708
  end_to_end_stage_class_f1=low:0.0357,mid:0.3590,high:0.1176
Epoch 1/30 | train_loss 1.5108 | union_precision 0.8723 | weighted_recall 0.2016 | consensus_recall 0.5000 | threshold 0.050
Epoch 2/30 | train_loss 1.3738 | union_precision 0.8600 | weighted_recall 0.1992 | consensus_recall 0.5000 | threshold 0.050
Epoch 3/30 | train_loss 1.3159 | union_precision 0.8776 | weighted_recall 0.1992 | consensus_recall 0.5000 | threshold 0.050
Epoch 4/30 | train_loss 1.2554 | union_precision 0.8936 | weighted_recall 0.1668 | consensus_recall 0.4000 | threshold 0.050
Epoch 5/30 | train_loss 1.2306 | union_precision 0.9000 | weighted_recall 0.1739 | consensus_recall 0.3000 | threshold 0.050
Epoch 6/30 | train_loss 1.2026 | union_precision 0.8980 | weighted_recall 0.1874 | consensus_recall 0.3000 | threshold 0.050
Epoch 7/30 | train_loss 1.1851 | union_precision 0.9362 | weighted_recall 0.2474 | consensus_recall 0.5000 | threshold 0.050
Epoch 8/30 | train_loss 1.1722 | union_precision 0.8980 | weighted_recall 0.2198 | consensus_recall 0.2000 | threshold 0.050
Epoch 9/30 | train_loss 1.1585 | union_precision 0.9000 | weighted_recall 0.2237 | consensus_recall 0.3000 | threshold 0.050
Epoch 10/30 | train_loss 1.1433 | union_precision 0.9167 | weighted_recall 0.1874 | consensus_recall 0.3000 | threshold 0.475
Epoch 11/30 | train_loss 1.1397 | union_precision 0.8980 | weighted_recall 0.1881 | consensus_recall 0.3000 | threshold 0.050
Epoch 12/30 | train_loss 1.1211 | union_precision 0.9149 | weighted_recall 0.2032 | consensus_recall 0.4000 | threshold 0.050
Epoch 13/30 | train_loss 1.1086 | union_precision 0.8913 | weighted_recall 0.2008 | consensus_recall 0.4000 | threshold 0.050
Epoch 14/30 | train_loss 1.1105 | union_precision 0.9091 | weighted_recall 0.2047 | consensus_recall 0.5000 | threshold 0.050
Early stopping at epoch 14
Held-out M50-2 | union_precision=0.9000 | weighted_recall=0.2237 | consensus_recall=0.3000
  oracle_stage_macro_f1=0.2977 | end_to_end_stage_macro_f1=0.1408
  end_to_end_stage_class_f1=low:0.3034,mid:0.1190,high:0.0000
Epoch 1/30 | train_loss 1.5161 | union_precision 0.9540 | weighted_recall 0.2995 | consensus_recall 0.6000 | threshold 0.425
Epoch 2/30 | train_loss 1.3726 | union_precision 0.9663 | weighted_recall 0.3300 | consensus_recall 0.7600 | threshold 0.050
Epoch 3/30 | train_loss 1.3212 | union_precision 0.9889 | weighted_recall 0.3361 | consensus_recall 0.7600 | threshold 0.050
Epoch 4/30 | train_loss 1.2581 | union_precision 0.9775 | weighted_recall 0.3199 | consensus_recall 0.7600 | threshold 0.050
Epoch 5/30 | train_loss 1.2338 | union_precision 0.9770 | weighted_recall 0.3119 | consensus_recall 0.7600 | threshold 0.050
Epoch 6/30 | train_loss 1.2053 | union_precision 0.9885 | weighted_recall 0.3446 | consensus_recall 0.8800 | threshold 0.050
Epoch 7/30 | train_loss 1.1871 | union_precision 0.9886 | weighted_recall 0.3507 | consensus_recall 0.8800 | threshold 0.050
Epoch 8/30 | train_loss 1.1738 | union_precision 0.9888 | weighted_recall 0.3454 | consensus_recall 0.9200 | threshold 0.050
Early stopping at epoch 8
Held-out M50-3 | union_precision=0.9889 | weighted_recall=0.3361 | consensus_recall=0.7600
  oracle_stage_macro_f1=0.3925 | end_to_end_stage_macro_f1=0.2125
  end_to_end_stage_class_f1=low:0.2054,mid:0.2752,high:0.1569
Epoch 1/30 | train_loss 1.5115 | union_precision 1.0000 | weighted_recall 0.0143 | consensus_recall 0.1429 | threshold 0.600
Epoch 2/30 | train_loss 1.3739 | union_precision 1.0000 | weighted_recall 0.0011 | consensus_recall 0.0714 | threshold 0.625
Epoch 3/30 | train_loss 1.3139 | union_precision 1.0000 | weighted_recall 0.0005 | consensus_recall 0.0714 | threshold 0.625
Epoch 4/30 | train_loss 1.2551 | union_precision 1.0000 | weighted_recall 0.0016 | consensus_recall 0.0714 | threshold 0.625
Epoch 5/30 | train_loss 1.2290 | union_precision 1.0000 | weighted_recall 0.0011 | consensus_recall 0.0714 | threshold 0.625
Epoch 6/30 | train_loss 1.2010 | union_precision 1.0000 | weighted_recall 0.0016 | consensus_recall 0.1429 | threshold 0.625
Early stopping at epoch 6
Held-out M56-1 | union_precision=1.0000 | weighted_recall=0.0143 | consensus_recall=0.1429
  oracle_stage_macro_f1=0.3245 | end_to_end_stage_macro_f1=0.0109
  end_to_end_stage_class_f1=low:0.0074,mid:0.0253,high:0.0000
Epoch 1/30 | train_loss 1.5032 | union_precision 0.8947 | weighted_recall 0.1624 | consensus_recall 0.5000 | threshold 0.050
Epoch 2/30 | train_loss 1.3693 | union_precision 0.8947 | weighted_recall 0.1386 | consensus_recall 0.5000 | threshold 0.050
Epoch 3/30 | train_loss 1.3114 | union_precision 0.9189 | weighted_recall 0.1480 | consensus_recall 0.3000 | threshold 0.450
Epoch 4/30 | train_loss 1.2536 | union_precision 0.9189 | weighted_recall 0.1463 | consensus_recall 0.3000 | threshold 0.050
Epoch 5/30 | train_loss 1.2264 | union_precision 0.9118 | weighted_recall 0.1284 | consensus_recall 0.3000 | threshold 0.050
Epoch 6/30 | train_loss 1.2012 | union_precision 0.9118 | weighted_recall 0.0952 | consensus_recall 0.2000 | threshold 0.050
Epoch 7/30 | train_loss 1.1844 | union_precision 0.9211 | weighted_recall 0.1241 | consensus_recall 0.3000 | threshold 0.050
Epoch 8/30 | train_loss 1.1707 | union_precision 0.9167 | weighted_recall 0.1122 | consensus_recall 0.3000 | threshold 0.050
Epoch 9/30 | train_loss 1.1546 | union_precision 0.9189 | weighted_recall 0.1259 | consensus_recall 0.3000 | threshold 0.050
Epoch 10/30 | train_loss 1.1408 | union_precision 0.8889 | weighted_recall 0.1105 | consensus_recall 0.3000 | threshold 0.050
Epoch 11/30 | train_loss 1.1338 | union_precision 0.8889 | weighted_recall 0.1105 | consensus_recall 0.3000 | threshold 0.050
Epoch 12/30 | train_loss 1.1174 | union_precision 0.8857 | weighted_recall 0.0825 | consensus_recall 0.2000 | threshold 0.050
Early stopping at epoch 12
Held-out M56-2 | union_precision=0.9211 | weighted_recall=0.1241 | consensus_recall=0.3000
  oracle_stage_macro_f1=0.2801 | end_to_end_stage_macro_f1=0.0790
  end_to_end_stage_class_f1=low:0.0672,mid:0.0984,high:0.0714
Epoch 1/30 | train_loss 1.5132 | union_precision 0.9012 | weighted_recall 0.1713 | consensus_recall 0.3462 | threshold 0.050
Epoch 2/30 | train_loss 1.3788 | union_precision 0.9114 | weighted_recall 0.2119 | consensus_recall 0.4615 | threshold 0.050
Epoch 3/30 | train_loss 1.3196 | union_precision 0.9250 | weighted_recall 0.2253 | consensus_recall 0.5000 | threshold 0.050
Epoch 4/30 | train_loss 1.2611 | union_precision 0.9487 | weighted_recall 0.2336 | consensus_recall 0.5385 | threshold 0.300
Epoch 5/30 | train_loss 1.2325 | union_precision 0.9494 | weighted_recall 0.2443 | consensus_recall 0.6154 | threshold 0.050
Epoch 6/30 | train_loss 1.2071 | union_precision 0.9630 | weighted_recall 0.2589 | consensus_recall 0.6154 | threshold 0.050
Epoch 7/30 | train_loss 1.1896 | union_precision 0.9390 | weighted_recall 0.2809 | consensus_recall 0.6923 | threshold 0.050
Epoch 8/30 | train_loss 1.1775 | union_precision 0.9390 | weighted_recall 0.2552 | consensus_recall 0.6154 | threshold 0.050
Epoch 9/30 | train_loss 1.1617 | union_precision 0.9277 | weighted_recall 0.2572 | consensus_recall 0.6154 | threshold 0.050
Epoch 10/30 | train_loss 1.1484 | union_precision 0.9286 | weighted_recall 0.2612 | consensus_recall 0.6154 | threshold 0.050
Epoch 11/30 | train_loss 1.1386 | union_precision 0.9195 | weighted_recall 0.2589 | consensus_recall 0.6154 | threshold 0.050
Epoch 12/30 | train_loss 1.1237 | union_precision 0.9091 | weighted_recall 0.2596 | consensus_recall 0.6154 | threshold 0.050
Epoch 13/30 | train_loss 1.1123 | union_precision 0.9091 | weighted_recall 0.2569 | consensus_recall 0.6538 | threshold 0.050
Epoch 14/30 | train_loss 1.1095 | union_precision 0.9195 | weighted_recall 0.2649 | consensus_recall 0.6923 | threshold 0.050
Epoch 15/30 | train_loss 1.1061 | union_precision 0.9186 | weighted_recall 0.2672 | consensus_recall 0.6923 | threshold 0.050
Epoch 16/30 | train_loss 1.0896 | union_precision 0.9186 | weighted_recall 0.2792 | consensus_recall 0.6923 | threshold 0.050
Epoch 17/30 | train_loss 1.0891 | union_precision 0.9186 | weighted_recall 0.3002 | consensus_recall 0.6923 | threshold 0.050
Epoch 18/30 | train_loss 1.0821 | union_precision 0.9326 | weighted_recall 0.3249 | consensus_recall 0.7692 | threshold 0.050
Epoch 19/30 | train_loss 1.0705 | union_precision 0.9326 | weighted_recall 0.3249 | consensus_recall 0.7692 | threshold 0.050
Epoch 20/30 | train_loss 1.0709 | union_precision 0.9333 | weighted_recall 0.3352 | consensus_recall 0.8077 | threshold 0.050
Epoch 21/30 | train_loss 1.0640 | union_precision 0.9310 | weighted_recall 0.3329 | consensus_recall 0.8077 | threshold 0.050
Epoch 22/30 | train_loss 1.0580 | union_precision 0.9302 | weighted_recall 0.3186 | consensus_recall 0.7692 | threshold 0.050
Epoch 23/30 | train_loss 1.0498 | union_precision 0.9302 | weighted_recall 0.3532 | consensus_recall 0.7692 | threshold 0.050
Epoch 24/30 | train_loss 1.0512 | union_precision 0.9302 | weighted_recall 0.3585 | consensus_recall 0.7692 | threshold 0.050
Epoch 25/30 | train_loss 1.0465 | union_precision 0.9302 | weighted_recall 0.3559 | consensus_recall 0.7692 | threshold 0.050
Early stopping at epoch 25
Held-out M56-3 | union_precision=0.9333 | weighted_recall=0.3352 | consensus_recall=0.8077
  oracle_stage_macro_f1=0.2065 | end_to_end_stage_macro_f1=0.1176
  end_to_end_stage_class_f1=low:0.0726,mid:0.1157,high:0.1644
Epoch 1/30 | train_loss 1.5077 | union_precision 1.0000 | weighted_recall 0.0049 | consensus_recall 0.0000 | threshold 0.700
Epoch 2/30 | train_loss 1.3748 | union_precision 0.8571 | weighted_recall 0.0999 | consensus_recall 0.0909 | threshold 0.525
Epoch 3/30 | train_loss 1.3169 | union_precision 1.0000 | weighted_recall 0.0049 | consensus_recall 0.0000 | threshold 0.700
Epoch 4/30 | train_loss 1.2548 | union_precision 0.8519 | weighted_recall 0.1076 | consensus_recall 0.0000 | threshold 0.525
Epoch 5/30 | train_loss 1.2292 | union_precision 0.8929 | weighted_recall 0.1041 | consensus_recall 0.0909 | threshold 0.525
Epoch 6/30 | train_loss 1.2007 | union_precision 0.8889 | weighted_recall 0.0977 | consensus_recall 0.0909 | threshold 0.525
Epoch 7/30 | train_loss 1.1847 | union_precision 0.8600 | weighted_recall 0.1807 | consensus_recall 0.4545 | threshold 0.450
Epoch 8/30 | train_loss 1.1711 | union_precision 0.8600 | weighted_recall 0.1835 | consensus_recall 0.4545 | threshold 0.450
Epoch 9/30 | train_loss 1.1554 | union_precision 0.8519 | weighted_recall 0.2124 | consensus_recall 0.5455 | threshold 0.050
Epoch 10/30 | train_loss 1.1415 | union_precision 0.8679 | weighted_recall 0.2124 | consensus_recall 0.6364 | threshold 0.450
Epoch 11/30 | train_loss 1.1312 | union_precision 0.8679 | weighted_recall 0.2075 | consensus_recall 0.6364 | threshold 0.400
Epoch 12/30 | train_loss 1.1160 | union_precision 0.8704 | weighted_recall 0.2180 | consensus_recall 0.6364 | threshold 0.400
Epoch 13/30 | train_loss 1.1058 | union_precision 0.8654 | weighted_recall 0.2011 | consensus_recall 0.6364 | threshold 0.400
Epoch 14/30 | train_loss 1.1060 | union_precision 0.8654 | weighted_recall 0.2018 | consensus_recall 0.6364 | threshold 0.400
Epoch 15/30 | train_loss 1.0986 | union_precision 0.8824 | weighted_recall 0.2032 | consensus_recall 0.6364 | threshold 0.475
Epoch 16/30 | train_loss 1.0845 | union_precision 0.8846 | weighted_recall 0.2025 | consensus_recall 0.6364 | threshold 0.375
Epoch 17/30 | train_loss 1.0830 | union_precision 0.8846 | weighted_recall 0.2025 | consensus_recall 0.6364 | threshold 0.375
Early stopping at epoch 17
Held-out M59-1 | union_precision=0.8704 | weighted_recall=0.2180 | consensus_recall=0.6364
  oracle_stage_macro_f1=0.3101 | end_to_end_stage_macro_f1=0.1842
  end_to_end_stage_class_f1=low:0.2609,mid:0.1250,high:0.1667
Epoch 1/30 | train_loss 1.5063 | union_precision 0.9286 | weighted_recall 0.2575 | consensus_recall 0.7692 | threshold 0.050
Epoch 2/30 | train_loss 1.3784 | union_precision 0.9048 | weighted_recall 0.2594 | consensus_recall 0.8462 | threshold 0.050
Epoch 3/30 | train_loss 1.3216 | union_precision 0.9070 | weighted_recall 0.3034 | consensus_recall 0.9231 | threshold 0.050
Epoch 4/30 | train_loss 1.2573 | union_precision 0.9070 | weighted_recall 0.3225 | consensus_recall 0.9231 | threshold 0.050
Epoch 5/30 | train_loss 1.2342 | union_precision 0.9048 | weighted_recall 0.3136 | consensus_recall 0.9231 | threshold 0.050
Epoch 6/30 | train_loss 1.2044 | union_precision 0.9048 | weighted_recall 0.3136 | consensus_recall 0.9231 | threshold 0.050
Early stopping at epoch 6
Held-out M59-2 | union_precision=0.9286 | weighted_recall=0.2575 | consensus_recall=0.7692
  oracle_stage_macro_f1=0.3701 | end_to_end_stage_macro_f1=0.2443
  end_to_end_stage_class_f1=low:0.1707,mid:0.2623,high:0.3000
Epoch 1/30 | train_loss 1.5075 | union_precision 0.9375 | weighted_recall 0.3201 | consensus_recall 0.7692 | threshold 0.050
Epoch 2/30 | train_loss 1.3793 | union_precision 0.9242 | weighted_recall 0.3418 | consensus_recall 0.8462 | threshold 0.050
Epoch 3/30 | train_loss 1.3211 | union_precision 0.9394 | weighted_recall 0.3508 | consensus_recall 0.8462 | threshold 0.050
Epoch 4/30 | train_loss 1.2570 | union_precision 0.9231 | weighted_recall 0.3477 | consensus_recall 0.8462 | threshold 0.050
Epoch 5/30 | train_loss 1.2318 | union_precision 0.9242 | weighted_recall 0.3454 | consensus_recall 0.9231 | threshold 0.050
Epoch 6/30 | train_loss 1.2043 | union_precision 0.9219 | weighted_recall 0.3431 | consensus_recall 0.9231 | threshold 0.050
Epoch 7/30 | train_loss 1.1892 | union_precision 0.9231 | weighted_recall 0.3463 | consensus_recall 0.9231 | threshold 0.050
Epoch 8/30 | train_loss 1.1736 | union_precision 0.9219 | weighted_recall 0.3545 | consensus_recall 0.7692 | threshold 0.050
Early stopping at epoch 8
Held-out M59-3 | union_precision=0.9394 | weighted_recall=0.3508 | consensus_recall=0.8462
  oracle_stage_macro_f1=0.4060 | end_to_end_stage_macro_f1=0.2241
  end_to_end_stage_class_f1=low:0.2258,mid:0.3556,high:0.0909
Epoch 1/30 | train_loss 1.5047 | union_precision 0.8333 | weighted_recall 0.1048 | consensus_recall 0.2000 | threshold 0.550
Epoch 2/30 | train_loss 1.3759 | union_precision 0.8611 | weighted_recall 0.2037 | consensus_recall 0.6000 | threshold 0.450
Epoch 3/30 | train_loss 1.3191 | union_precision 0.8947 | weighted_recall 0.2800 | consensus_recall 0.7000 | threshold 0.050
Epoch 4/30 | train_loss 1.2581 | union_precision 0.8947 | weighted_recall 0.2800 | consensus_recall 0.7000 | threshold 0.050
Epoch 5/30 | train_loss 1.2315 | union_precision 0.8974 | weighted_recall 0.2992 | consensus_recall 0.7000 | threshold 0.050
Epoch 6/30 | train_loss 1.2048 | union_precision 0.9512 | weighted_recall 0.3135 | consensus_recall 0.7000 | threshold 0.050
Epoch 7/30 | train_loss 1.1905 | union_precision 0.9524 | weighted_recall 0.3345 | consensus_recall 0.7000 | threshold 0.050
Epoch 8/30 | train_loss 1.1730 | union_precision 0.9302 | weighted_recall 0.3219 | consensus_recall 0.6000 | threshold 0.050
Epoch 9/30 | train_loss 1.1583 | union_precision 0.9286 | weighted_recall 0.3202 | consensus_recall 0.7000 | threshold 0.050
Epoch 10/30 | train_loss 1.1449 | union_precision 0.9268 | weighted_recall 0.3202 | consensus_recall 0.7000 | threshold 0.050
Epoch 11/30 | train_loss 1.1349 | union_precision 0.9250 | weighted_recall 0.3277 | consensus_recall 0.7000 | threshold 0.050
Epoch 12/30 | train_loss 1.1201 | union_precision 0.9512 | weighted_recall 0.3219 | consensus_recall 0.7000 | threshold 0.050
Early stopping at epoch 12
Held-out M63-1 | union_precision=0.9524 | weighted_recall=0.3345 | consensus_recall=0.7000
  oracle_stage_macro_f1=0.3127 | end_to_end_stage_macro_f1=0.1273
  end_to_end_stage_class_f1=low:0.1560,mid:0.2258,high:0.0000
Epoch 1/30 | train_loss 1.5046 | union_precision 0.8571 | weighted_recall 0.1718 | consensus_recall 0.4286 | threshold 0.525
Epoch 2/30 | train_loss 1.3746 | union_precision 0.8696 | weighted_recall 0.1980 | consensus_recall 0.4286 | threshold 0.525
Epoch 3/30 | train_loss 1.3187 | union_precision 0.8750 | weighted_recall 0.2782 | consensus_recall 0.5714 | threshold 0.050
Epoch 4/30 | train_loss 1.2566 | union_precision 0.8750 | weighted_recall 0.2676 | consensus_recall 0.5714 | threshold 0.050
Epoch 5/30 | train_loss 1.2289 | union_precision 0.9032 | weighted_recall 0.2799 | consensus_recall 0.4286 | threshold 0.050
Epoch 6/30 | train_loss 1.2034 | union_precision 0.9000 | weighted_recall 0.2930 | consensus_recall 0.5714 | threshold 0.050
Epoch 7/30 | train_loss 1.1899 | union_precision 0.9000 | weighted_recall 0.2930 | consensus_recall 0.5714 | threshold 0.050
Epoch 8/30 | train_loss 1.1736 | union_precision 0.9375 | weighted_recall 0.3322 | consensus_recall 0.7143 | threshold 0.050
Epoch 9/30 | train_loss 1.1590 | union_precision 0.9394 | weighted_recall 0.3314 | consensus_recall 0.7143 | threshold 0.050
Epoch 10/30 | train_loss 1.1439 | union_precision 0.9394 | weighted_recall 0.3257 | consensus_recall 0.8571 | threshold 0.050
Epoch 11/30 | train_loss 1.1345 | union_precision 0.9697 | weighted_recall 0.3265 | consensus_recall 0.8571 | threshold 0.050
Epoch 12/30 | train_loss 1.1195 | union_precision 1.0000 | weighted_recall 0.3265 | consensus_recall 0.8571 | threshold 0.500
Epoch 13/30 | train_loss 1.1098 | union_precision 1.0000 | weighted_recall 0.3265 | consensus_recall 0.8571 | threshold 0.500
Epoch 14/30 | train_loss 1.1087 | union_precision 0.9697 | weighted_recall 0.3306 | consensus_recall 0.8571 | threshold 0.050
Epoch 15/30 | train_loss 1.1032 | union_precision 0.9697 | weighted_recall 0.3306 | consensus_recall 0.8571 | threshold 0.050
Epoch 16/30 | train_loss 1.0878 | union_precision 1.0000 | weighted_recall 0.3306 | consensus_recall 0.8571 | threshold 0.450
Epoch 17/30 | train_loss 1.0856 | union_precision 0.9697 | weighted_recall 0.3412 | consensus_recall 0.8571 | threshold 0.050
Epoch 18/30 | train_loss 1.0825 | union_precision 0.9697 | weighted_recall 0.3412 | consensus_recall 0.8571 | threshold 0.050
Epoch 19/30 | train_loss 1.0678 | union_precision 0.9394 | weighted_recall 0.3462 | consensus_recall 0.8571 | threshold 0.050
Epoch 20/30 | train_loss 1.0666 | union_precision 0.9688 | weighted_recall 0.3502 | consensus_recall 0.8571 | threshold 0.375
Epoch 21/30 | train_loss 1.0632 | union_precision 0.9688 | weighted_recall 0.3502 | consensus_recall 0.8571 | threshold 0.350
Early stopping at epoch 21
Held-out M63-3 | union_precision=1.0000 | weighted_recall=0.3306 | consensus_recall=0.8571
  oracle_stage_macro_f1=0.3678 | end_to_end_stage_macro_f1=0.2001
  end_to_end_stage_class_f1=low:0.1167,mid:0.3019,high:0.1818
Epoch 1/30 | train_loss 1.5061 | union_precision 0.9000 | weighted_recall 0.2327 | consensus_recall 0.4545 | threshold 0.550
Epoch 2/30 | train_loss 1.3764 | union_precision 0.8636 | weighted_recall 0.4570 | consensus_recall 0.8182 | threshold 0.050
Epoch 3/30 | train_loss 1.3207 | union_precision 0.9048 | weighted_recall 0.4890 | consensus_recall 0.9091 | threshold 0.050
Epoch 4/30 | train_loss 1.2581 | union_precision 0.9167 | weighted_recall 0.5936 | consensus_recall 0.9091 | threshold 0.050
Epoch 5/30 | train_loss 1.2309 | union_precision 0.9545 | weighted_recall 0.5683 | consensus_recall 0.9091 | threshold 0.500
Epoch 6/30 | train_loss 1.2072 | union_precision 0.9130 | weighted_recall 0.5363 | consensus_recall 0.9091 | threshold 0.050
Epoch 7/30 | train_loss 1.1929 | union_precision 0.9545 | weighted_recall 0.5363 | consensus_recall 0.9091 | threshold 0.475
Epoch 8/30 | train_loss 1.1770 | union_precision 0.9565 | weighted_recall 0.5818 | consensus_recall 0.9091 | threshold 0.050
Epoch 9/30 | train_loss 1.1630 | union_precision 0.9565 | weighted_recall 0.5818 | consensus_recall 0.9091 | threshold 0.050
Epoch 10/30 | train_loss 1.1474 | union_precision 0.9565 | weighted_recall 0.5818 | consensus_recall 0.9091 | threshold 0.050
Epoch 11/30 | train_loss 1.1376 | union_precision 0.9565 | weighted_recall 0.5818 | consensus_recall 0.9091 | threshold 0.050
Epoch 12/30 | train_loss 1.1239 | union_precision 0.9565 | weighted_recall 0.5818 | consensus_recall 0.9091 | threshold 0.050
Epoch 13/30 | train_loss 1.1130 | union_precision 0.9583 | weighted_recall 0.5902 | consensus_recall 0.9091 | threshold 0.050
Epoch 14/30 | train_loss 1.1124 | union_precision 0.9583 | weighted_recall 0.5565 | consensus_recall 0.9091 | threshold 0.050
Epoch 15/30 | train_loss 1.1066 | union_precision 0.9583 | weighted_recall 0.5565 | consensus_recall 0.9091 | threshold 0.050
Epoch 16/30 | train_loss 1.0917 | union_precision 0.9583 | weighted_recall 0.5565 | consensus_recall 0.9091 | threshold 0.050
Epoch 17/30 | train_loss 1.0890 | union_precision 1.0000 | weighted_recall 0.6172 | consensus_recall 1.0000 | threshold 0.425
Epoch 18/30 | train_loss 1.0863 | union_precision 1.0000 | weighted_recall 0.6172 | consensus_recall 1.0000 | threshold 0.375
Epoch 19/30 | train_loss 1.0723 | union_precision 1.0000 | weighted_recall 0.6172 | consensus_recall 1.0000 | threshold 0.350
Epoch 20/30 | train_loss 1.0708 | union_precision 1.0000 | weighted_recall 0.5734 | consensus_recall 1.0000 | threshold 0.325
Epoch 21/30 | train_loss 1.0671 | union_precision 1.0000 | weighted_recall 0.5261 | consensus_recall 1.0000 | threshold 0.050
Epoch 22/30 | train_loss 1.0589 | union_precision 1.0000 | weighted_recall 0.4570 | consensus_recall 0.9091 | threshold 0.050
Early stopping at epoch 22
Held-out M67-1 | union_precision=1.0000 | weighted_recall=0.6172 | consensus_recall=1.0000
  oracle_stage_macro_f1=0.4160 | end_to_end_stage_macro_f1=0.2651
  end_to_end_stage_class_f1=low:0.2295,mid:0.3158,high:0.2500
Epoch 1/30 | train_loss 1.5041 | union_precision 0.9286 | weighted_recall 0.2282 | consensus_recall 0.7500 | threshold 0.050
Epoch 2/30 | train_loss 1.3749 | union_precision 0.9286 | weighted_recall 0.2466 | consensus_recall 0.7500 | threshold 0.050
Epoch 3/30 | train_loss 1.3164 | union_precision 0.8929 | weighted_recall 0.2416 | consensus_recall 0.7500 | threshold 0.050
Epoch 4/30 | train_loss 1.2554 | union_precision 0.9286 | weighted_recall 0.2802 | consensus_recall 0.7500 | threshold 0.425
Epoch 5/30 | train_loss 1.2267 | union_precision 0.9655 | weighted_recall 0.2953 | consensus_recall 0.5000 | threshold 0.425
Epoch 6/30 | train_loss 1.2028 | union_precision 0.9667 | weighted_recall 0.2886 | consensus_recall 0.5000 | threshold 0.425
Epoch 7/30 | train_loss 1.1892 | union_precision 0.9032 | weighted_recall 0.2785 | consensus_recall 0.5000 | threshold 0.425
Epoch 8/30 | train_loss 1.1730 | union_precision 0.9032 | weighted_recall 0.2785 | consensus_recall 0.5000 | threshold 0.425
Epoch 9/30 | train_loss 1.1589 | union_precision 0.9091 | weighted_recall 0.2819 | consensus_recall 0.5000 | threshold 0.425
Epoch 10/30 | train_loss 1.1438 | union_precision 0.9118 | weighted_recall 0.2953 | consensus_recall 0.5000 | threshold 0.425
Epoch 11/30 | train_loss 1.1340 | union_precision 0.9118 | weighted_recall 0.2953 | consensus_recall 0.5000 | threshold 0.425
Epoch 12/30 | train_loss 1.1200 | union_precision 0.9118 | weighted_recall 0.2953 | consensus_recall 0.5000 | threshold 0.425
Epoch 13/30 | train_loss 1.1090 | union_precision 0.9118 | weighted_recall 0.2953 | consensus_recall 0.5000 | threshold 0.425
Epoch 14/30 | train_loss 1.1097 | union_precision 0.9118 | weighted_recall 0.2953 | consensus_recall 0.5000 | threshold 0.400
Epoch 15/30 | train_loss 1.1021 | union_precision 0.9118 | weighted_recall 0.2953 | consensus_recall 0.5000 | threshold 0.400
Early stopping at epoch 15
Held-out M67-2 | union_precision=0.9118 | weighted_recall=0.2953 | consensus_recall=0.5000
  oracle_stage_macro_f1=0.2877 | end_to_end_stage_macro_f1=0.1174
  end_to_end_stage_class_f1=low:0.1522,mid:0.2000,high:0.0000
Epoch 1/30 | train_loss 1.5038 | union_precision 0.9545 | weighted_recall 0.3657 | consensus_recall 0.3333 | threshold 0.450
Epoch 2/30 | train_loss 1.3765 | union_precision 0.9545 | weighted_recall 0.4213 | consensus_recall 0.6667 | threshold 0.500
Epoch 3/30 | train_loss 1.3187 | union_precision 0.9545 | weighted_recall 0.4213 | consensus_recall 0.6667 | threshold 0.525
Epoch 4/30 | train_loss 1.2587 | union_precision 0.9545 | weighted_recall 0.4213 | consensus_recall 0.6667 | threshold 0.550
Epoch 5/30 | train_loss 1.2286 | union_precision 0.9545 | weighted_recall 0.4213 | consensus_recall 0.6667 | threshold 0.550
Epoch 6/30 | train_loss 1.2045 | union_precision 0.9545 | weighted_recall 0.4213 | consensus_recall 0.6667 | threshold 0.550
Epoch 7/30 | train_loss 1.1909 | union_precision 0.9545 | weighted_recall 0.4213 | consensus_recall 0.6667 | threshold 0.575
Early stopping at epoch 7
Held-out M67-3 | union_precision=0.9545 | weighted_recall=0.4213 | consensus_recall=0.6667
  oracle_stage_macro_f1=0.3964 | end_to_end_stage_macro_f1=0.2557
  end_to_end_stage_class_f1=low:0.3099,mid:0.4571,high:0.0000
Epoch 1/30 | train_loss 1.5029 | union_precision 0.9286 | weighted_recall 0.2841 | consensus_recall 0.7059 | threshold 0.050
Epoch 2/30 | train_loss 1.3792 | union_precision 0.9091 | weighted_recall 0.3489 | consensus_recall 0.8235 | threshold 0.375
Epoch 3/30 | train_loss 1.3203 | union_precision 0.9130 | weighted_recall 0.3760 | consensus_recall 0.7647 | threshold 0.400
Epoch 4/30 | train_loss 1.2595 | union_precision 0.9130 | weighted_recall 0.3730 | consensus_recall 0.8235 | threshold 0.425
Epoch 5/30 | train_loss 1.2308 | union_precision 0.8864 | weighted_recall 0.3519 | consensus_recall 0.7059 | threshold 0.425
Epoch 6/30 | train_loss 1.2066 | union_precision 0.8864 | weighted_recall 0.3414 | consensus_recall 0.6471 | threshold 0.450
Epoch 7/30 | train_loss 1.1947 | union_precision 0.9286 | weighted_recall 0.3414 | consensus_recall 0.6471 | threshold 0.475
Epoch 8/30 | train_loss 1.1786 | union_precision 0.9333 | weighted_recall 0.4190 | consensus_recall 0.8824 | threshold 0.475
Epoch 9/30 | train_loss 1.1636 | union_precision 0.9149 | weighted_recall 0.4446 | consensus_recall 0.8824 | threshold 0.475
Epoch 10/30 | train_loss 1.1492 | union_precision 0.9149 | weighted_recall 0.4446 | consensus_recall 0.9412 | threshold 0.500
Epoch 11/30 | train_loss 1.1384 | union_precision 0.9149 | weighted_recall 0.4446 | consensus_recall 0.9412 | threshold 0.500
Epoch 12/30 | train_loss 1.1250 | union_precision 0.9149 | weighted_recall 0.4446 | consensus_recall 0.9412 | threshold 0.500
Epoch 13/30 | train_loss 1.1128 | union_precision 0.9130 | weighted_recall 0.4341 | consensus_recall 0.9412 | threshold 0.500
Epoch 14/30 | train_loss 1.1148 | union_precision 0.8936 | weighted_recall 0.4341 | consensus_recall 0.9412 | threshold 0.500
Epoch 15/30 | train_loss 1.1075 | union_precision 0.8750 | weighted_recall 0.4341 | consensus_recall 0.9412 | threshold 0.475
Early stopping at epoch 15
Held-out M67-4 | union_precision=0.9149 | weighted_recall=0.4446 | consensus_recall=0.9412
  oracle_stage_macro_f1=0.4341 | end_to_end_stage_macro_f1=0.2126
  end_to_end_stage_class_f1=low:0.2951,mid:0.3429,high:0.0000
Epoch 1/30 | train_loss 1.5026 | union_precision 0.8889 | weighted_recall 0.0771 | consensus_recall 0.0000 | threshold 0.475
Epoch 2/30 | train_loss 1.3766 | union_precision 0.8846 | weighted_recall 0.1020 | consensus_recall 0.0000 | threshold 0.475
Epoch 3/30 | train_loss 1.3195 | union_precision 0.8929 | weighted_recall 0.1468 | consensus_recall 0.1667 | threshold 0.450
Epoch 4/30 | train_loss 1.2563 | union_precision 0.9130 | weighted_recall 0.2052 | consensus_recall 0.5000 | threshold 0.450
Epoch 5/30 | train_loss 1.2278 | union_precision 0.8529 | weighted_recall 0.2438 | consensus_recall 0.5000 | threshold 0.050
Epoch 6/30 | train_loss 1.2028 | union_precision 0.9000 | weighted_recall 0.2002 | consensus_recall 0.5000 | threshold 0.500
Epoch 7/30 | train_loss 1.1902 | union_precision 0.8696 | weighted_recall 0.2114 | consensus_recall 0.5000 | threshold 0.500
Epoch 8/30 | train_loss 1.1752 | union_precision 0.8889 | weighted_recall 0.2015 | consensus_recall 0.5000 | threshold 0.525
Epoch 9/30 | train_loss 1.1591 | union_precision 0.9000 | weighted_recall 0.2326 | consensus_recall 0.5000 | threshold 0.525
Epoch 10/30 | train_loss 1.1452 | union_precision 0.9048 | weighted_recall 0.2338 | consensus_recall 0.5000 | threshold 0.525
Early stopping at epoch 10
Held-out M68-1 | union_precision=0.8529 | weighted_recall=0.2438 | consensus_recall=0.5000
  oracle_stage_macro_f1=0.3358 | end_to_end_stage_macro_f1=0.1614
  end_to_end_stage_class_f1=low:0.0690,mid:0.4151,high:0.0000
Epoch 1/30 | train_loss 1.5020 | union_precision 0.8684 | weighted_recall 0.2515 | consensus_recall 0.2000 | threshold 0.050
Epoch 2/30 | train_loss 1.3746 | union_precision 0.9000 | weighted_recall 0.2212 | consensus_recall 0.3000 | threshold 0.050
Epoch 3/30 | train_loss 1.3194 | union_precision 0.8788 | weighted_recall 0.1939 | consensus_recall 0.2000 | threshold 0.050
Epoch 4/30 | train_loss 1.2571 | union_precision 0.8611 | weighted_recall 0.2323 | consensus_recall 0.3000 | threshold 0.050
Epoch 5/30 | train_loss 1.2276 | union_precision 0.8611 | weighted_recall 0.2364 | consensus_recall 0.3000 | threshold 0.050
Epoch 6/30 | train_loss 1.2015 | union_precision 0.8529 | weighted_recall 0.1889 | consensus_recall 0.2000 | threshold 0.050
Early stopping at epoch 6
Held-out M68-2 | union_precision=0.8684 | weighted_recall=0.2515 | consensus_recall=0.2000
  oracle_stage_macro_f1=0.2432 | end_to_end_stage_macro_f1=0.0909
  end_to_end_stage_class_f1=low:0.2727,mid:0.0000,high:0.0000
Epoch 1/30 | train_loss 1.5033 | union_precision 0.8750 | weighted_recall 0.0390 | consensus_recall 0.5000 | threshold 0.600
Epoch 2/30 | train_loss 1.3746 | union_precision 0.8571 | weighted_recall 0.2016 | consensus_recall 0.8333 | threshold 0.450
Epoch 3/30 | train_loss 1.3207 | union_precision 0.8947 | weighted_recall 0.2959 | consensus_recall 0.8333 | threshold 0.500
Epoch 4/30 | train_loss 1.2577 | union_precision 0.9474 | weighted_recall 0.3268 | consensus_recall 0.8333 | threshold 0.475
Epoch 5/30 | train_loss 1.2287 | union_precision 0.9474 | weighted_recall 0.3268 | consensus_recall 0.8333 | threshold 0.475
Epoch 6/30 | train_loss 1.2042 | union_precision 0.9091 | weighted_recall 0.2699 | consensus_recall 1.0000 | threshold 0.450
Epoch 7/30 | train_loss 1.1906 | union_precision 0.8696 | weighted_recall 0.3301 | consensus_recall 1.0000 | threshold 0.450
Epoch 8/30 | train_loss 1.1745 | union_precision 0.8519 | weighted_recall 0.4260 | consensus_recall 1.0000 | threshold 0.050
Epoch 9/30 | train_loss 1.1601 | union_precision 0.8800 | weighted_recall 0.4244 | consensus_recall 1.0000 | threshold 0.050
Epoch 10/30 | train_loss 1.1472 | union_precision 0.8846 | weighted_recall 0.4325 | consensus_recall 1.0000 | threshold 0.050
Epoch 11/30 | train_loss 1.1355 | union_precision 0.8846 | weighted_recall 0.4325 | consensus_recall 1.0000 | threshold 0.050
Epoch 12/30 | train_loss 1.1207 | union_precision 0.8846 | weighted_recall 0.4325 | consensus_recall 1.0000 | threshold 0.050
Epoch 13/30 | train_loss 1.1111 | union_precision 0.8846 | weighted_recall 0.4325 | consensus_recall 1.0000 | threshold 0.050
Epoch 14/30 | train_loss 1.1121 | union_precision 0.8846 | weighted_recall 0.4325 | consensus_recall 1.0000 | threshold 0.050
Epoch 15/30 | train_loss 1.1059 | union_precision 0.9048 | weighted_recall 0.4260 | consensus_recall 0.8333 | threshold 0.475
Early stopping at epoch 15
Held-out M68-3 | union_precision=0.8846 | weighted_recall=0.4325 | consensus_recall=1.0000
  oracle_stage_macro_f1=0.3219 | end_to_end_stage_macro_f1=0.1374
  end_to_end_stage_class_f1=low:0.1013,mid:0.1290,high:0.1818
Epoch 1/30 | train_loss 1.5131 | union_precision 0.9706 | weighted_recall 0.1549 | consensus_recall 0.7273 | threshold 0.050
Epoch 2/30 | train_loss 1.3745 | union_precision 1.0000 | weighted_recall 0.1549 | consensus_recall 0.7273 | threshold 0.500
Epoch 3/30 | train_loss 1.3113 | union_precision 0.9697 | weighted_recall 0.1466 | consensus_recall 0.8182 | threshold 0.500
Epoch 4/30 | train_loss 1.2654 | union_precision 0.9697 | weighted_recall 0.1558 | consensus_recall 0.8182 | threshold 0.475
Epoch 5/30 | train_loss 1.2329 | union_precision 0.9706 | weighted_recall 0.2050 | consensus_recall 0.8182 | threshold 0.475
Epoch 6/30 | train_loss 1.2063 | union_precision 0.9167 | weighted_recall 0.2263 | consensus_recall 0.8182 | threshold 0.475
Epoch 7/30 | train_loss 1.1873 | union_precision 0.9167 | weighted_recall 0.2263 | consensus_recall 0.8182 | threshold 0.475
Early stopping at epoch 7
Held-out M07-1 | union_precision=1.0000 | weighted_recall=0.1549 | consensus_recall=0.7273
  oracle_stage_macro_f1=0.3855 | end_to_end_stage_macro_f1=0.1634
  end_to_end_stage_class_f1=low:0.3724,mid:0.1176,high:0.0000
Epoch 1/30 | train_loss 1.5124 | union_precision 0.9130 | weighted_recall 0.1231 | consensus_recall 0.3636 | threshold 0.050
Epoch 2/30 | train_loss 1.3724 | union_precision 1.0000 | weighted_recall 0.0073 | consensus_recall 0.0000 | threshold 0.675
Epoch 3/30 | train_loss 1.3101 | union_precision 0.9143 | weighted_recall 0.0611 | consensus_recall 0.3636 | threshold 0.600
Epoch 4/30 | train_loss 1.2645 | union_precision 0.9062 | weighted_recall 0.0538 | consensus_recall 0.3636 | threshold 0.600
Epoch 5/30 | train_loss 1.2326 | union_precision 1.0000 | weighted_recall 0.0128 | consensus_recall 0.0000 | threshold 0.675
Epoch 6/30 | train_loss 1.2045 | union_precision 1.0000 | weighted_recall 0.0255 | consensus_recall 0.0909 | threshold 0.675
Early stopping at epoch 6
Held-out M07-2 | union_precision=0.9130 | weighted_recall=0.1231 | consensus_recall=0.3636
  oracle_stage_macro_f1=0.1823 | end_to_end_stage_macro_f1=0.0978
  end_to_end_stage_class_f1=low:0.0854,mid:0.1127,high:0.0952
Epoch 1/30 | train_loss 1.5217 | union_precision 0.9048 | weighted_recall 0.3016 | consensus_recall 0.6111 | threshold 0.050
Epoch 2/30 | train_loss 1.3735 | union_precision 0.9024 | weighted_recall 0.3436 | consensus_recall 0.6111 | threshold 0.050
Epoch 3/30 | train_loss 1.3090 | union_precision 0.8750 | weighted_recall 0.3291 | consensus_recall 0.6111 | threshold 0.050
Epoch 4/30 | train_loss 1.2656 | union_precision 1.0000 | weighted_recall 0.0076 | consensus_recall 0.0556 | threshold 0.700
Epoch 5/30 | train_loss 1.2359 | union_precision 1.0000 | weighted_recall 0.0076 | consensus_recall 0.0556 | threshold 0.700
Epoch 6/30 | train_loss 1.2027 | union_precision 1.0000 | weighted_recall 0.0076 | consensus_recall 0.0556 | threshold 0.700
Early stopping at epoch 6
Held-out M07-3 | union_precision=0.9048 | weighted_recall=0.3016 | consensus_recall=0.6111
  oracle_stage_macro_f1=0.3114 | end_to_end_stage_macro_f1=0.1628
  end_to_end_stage_class_f1=low:0.0779,mid:0.3051,high:0.1053
Epoch 1/30 | train_loss 1.5167 | union_precision 0.9737 | weighted_recall 0.4064 | consensus_recall 0.8571 | threshold 0.425
Epoch 2/30 | train_loss 1.3731 | union_precision 1.0000 | weighted_recall 0.4848 | consensus_recall 0.8571 | threshold 0.450
Epoch 3/30 | train_loss 1.3163 | union_precision 0.9767 | weighted_recall 0.5029 | consensus_recall 0.8571 | threshold 0.050
Epoch 4/30 | train_loss 1.2673 | union_precision 0.9767 | weighted_recall 0.5029 | consensus_recall 0.8571 | threshold 0.050
Epoch 5/30 | train_loss 1.2420 | union_precision 0.9762 | weighted_recall 0.5029 | consensus_recall 0.8571 | threshold 0.050
Epoch 6/30 | train_loss 1.2075 | union_precision 0.9767 | weighted_recall 0.5116 | consensus_recall 0.9286 | threshold 0.050
Epoch 7/30 | train_loss 1.1866 | union_precision 0.9767 | weighted_recall 0.5116 | consensus_recall 0.9286 | threshold 0.050
Epoch 8/30 | train_loss 1.1763 | union_precision 0.9773 | weighted_recall 0.5022 | consensus_recall 0.9286 | threshold 0.050
Epoch 9/30 | train_loss 1.1637 | union_precision 0.9773 | weighted_recall 0.4942 | consensus_recall 0.9286 | threshold 0.050
Epoch 10/30 | train_loss 1.1477 | union_precision 0.9773 | weighted_recall 0.4942 | consensus_recall 0.9286 | threshold 0.050
Epoch 11/30 | train_loss 1.1470 | union_precision 0.9773 | weighted_recall 0.4942 | consensus_recall 0.9286 | threshold 0.050
Epoch 12/30 | train_loss 1.1326 | union_precision 0.9773 | weighted_recall 0.4942 | consensus_recall 0.9286 | threshold 0.050
Epoch 13/30 | train_loss 1.1193 | union_precision 0.9778 | weighted_recall 0.5007 | consensus_recall 0.9286 | threshold 0.050
Epoch 14/30 | train_loss 1.1156 | union_precision 0.9778 | weighted_recall 0.5007 | consensus_recall 0.9286 | threshold 0.050
Epoch 15/30 | train_loss 1.1092 | union_precision 0.9778 | weighted_recall 0.5007 | consensus_recall 0.9286 | threshold 0.050
Epoch 16/30 | train_loss 1.0938 | union_precision 0.9778 | weighted_recall 0.5007 | consensus_recall 0.9286 | threshold 0.050
Epoch 17/30 | train_loss 1.0919 | union_precision 0.9783 | weighted_recall 0.5036 | consensus_recall 0.9286 | threshold 0.050
Epoch 18/30 | train_loss 1.0804 | union_precision 0.9787 | weighted_recall 0.5051 | consensus_recall 0.9286 | threshold 0.050
Epoch 19/30 | train_loss 1.0748 | union_precision 0.9792 | weighted_recall 0.5298 | consensus_recall 1.0000 | threshold 0.050
Epoch 20/30 | train_loss 1.0709 | union_precision 0.9796 | weighted_recall 0.5334 | consensus_recall 1.0000 | threshold 0.050
Epoch 21/30 | train_loss 1.0663 | union_precision 0.9800 | weighted_recall 0.5348 | consensus_recall 1.0000 | threshold 0.050
Epoch 22/30 | train_loss 1.0571 | union_precision 0.9800 | weighted_recall 0.5348 | consensus_recall 1.0000 | threshold 0.050
Epoch 23/30 | train_loss 1.0519 | union_precision 0.9800 | weighted_recall 0.5348 | consensus_recall 1.0000 | threshold 0.050
Epoch 24/30 | train_loss 1.0501 | union_precision 0.9800 | weighted_recall 0.5348 | consensus_recall 1.0000 | threshold 0.050
Epoch 25/30 | train_loss 1.0438 | union_precision 0.9800 | weighted_recall 0.5348 | consensus_recall 1.0000 | threshold 0.050
Epoch 26/30 | train_loss 1.0430 | union_precision 0.9796 | weighted_recall 0.5138 | consensus_recall 0.9286 | threshold 0.050
Early stopping at epoch 26
Held-out M17-1 | union_precision=0.9800 | weighted_recall=0.5348 | consensus_recall=1.0000
  oracle_stage_macro_f1=0.3422 | end_to_end_stage_macro_f1=0.2134
  end_to_end_stage_class_f1=low:0.2979,mid:0.2424,high:0.1000
Epoch 1/30 | train_loss 1.5139 | union_precision 0.9000 | weighted_recall 0.1409 | consensus_recall 0.3333 | threshold 0.525
Epoch 2/30 | train_loss 1.3687 | union_precision 0.9091 | weighted_recall 0.0890 | consensus_recall 0.3333 | threshold 0.575
Epoch 3/30 | train_loss 1.3108 | union_precision 0.9333 | weighted_recall 0.1286 | consensus_recall 0.3333 | threshold 0.550
Epoch 4/30 | train_loss 1.2625 | union_precision 0.9286 | weighted_recall 0.1397 | consensus_recall 0.3333 | threshold 0.550
Epoch 5/30 | train_loss 1.2368 | union_precision 0.9286 | weighted_recall 0.1397 | consensus_recall 0.3333 | threshold 0.550
Epoch 6/30 | train_loss 1.2021 | union_precision 0.9286 | weighted_recall 0.1669 | consensus_recall 0.3333 | threshold 0.550
Early stopping at epoch 6
Held-out M17-2 | union_precision=0.9000 | weighted_recall=0.1409 | consensus_recall=0.3333
  oracle_stage_macro_f1=0.3061 | end_to_end_stage_macro_f1=0.0869
  end_to_end_stage_class_f1=low:0.1607,mid:0.1000,high:0.0000
Epoch 1/30 | train_loss 1.5168 | union_precision 0.9077 | weighted_recall 0.2139 | consensus_recall 0.1905 | threshold 0.050
Epoch 2/30 | train_loss 1.3714 | union_precision 0.9677 | weighted_recall 0.2221 | consensus_recall 0.3333 | threshold 0.450
Epoch 3/30 | train_loss 1.3128 | union_precision 0.9516 | weighted_recall 0.2227 | consensus_recall 0.3810 | threshold 0.450
Epoch 4/30 | train_loss 1.2613 | union_precision 0.9231 | weighted_recall 0.2282 | consensus_recall 0.3810 | threshold 0.425
Epoch 5/30 | train_loss 1.2378 | union_precision 0.9375 | weighted_recall 0.2282 | consensus_recall 0.3810 | threshold 0.450
Epoch 6/30 | train_loss 1.2008 | union_precision 0.9355 | weighted_recall 0.2376 | consensus_recall 0.3810 | threshold 0.475
Epoch 7/30 | train_loss 1.1799 | union_precision 0.9355 | weighted_recall 0.2559 | consensus_recall 0.4286 | threshold 0.475
Early stopping at epoch 7
Held-out M17-3 | union_precision=0.9677 | weighted_recall=0.2221 | consensus_recall=0.3333
  oracle_stage_macro_f1=0.3311 | end_to_end_stage_macro_f1=0.2178
  end_to_end_stage_class_f1=low:0.2385,mid:0.1928,high:0.2222
Epoch 1/30 | train_loss 1.5161 | union_precision 0.9057 | weighted_recall 0.1614 | consensus_recall 0.5000 | threshold 0.425
Epoch 2/30 | train_loss 1.3700 | union_precision 0.9231 | weighted_recall 0.1710 | consensus_recall 0.7000 | threshold 0.425
Epoch 3/30 | train_loss 1.3097 | union_precision 0.9231 | weighted_recall 0.1710 | consensus_recall 0.7000 | threshold 0.425
Epoch 4/30 | train_loss 1.2562 | union_precision 0.9184 | weighted_recall 0.1637 | consensus_recall 0.7000 | threshold 0.450
Epoch 5/30 | train_loss 1.2322 | union_precision 0.9200 | weighted_recall 0.1651 | consensus_recall 0.7000 | threshold 0.450
Epoch 6/30 | train_loss 1.1971 | union_precision 0.9167 | weighted_recall 0.1683 | consensus_recall 0.9000 | threshold 0.450
Epoch 7/30 | train_loss 1.1776 | union_precision 0.9375 | weighted_recall 0.1601 | consensus_recall 0.9000 | threshold 0.450
Early stopping at epoch 7
Held-out M17-4 | union_precision=0.9231 | weighted_recall=0.1710 | consensus_recall=0.7000
  oracle_stage_macro_f1=0.2652 | end_to_end_stage_macro_f1=0.0987
  end_to_end_stage_class_f1=low:0.2363,mid:0.0597,high:0.0000
Epoch 1/30 | train_loss 1.5128 | union_precision 0.9062 | weighted_recall 0.1788 | consensus_recall 0.7500 | threshold 0.525
Epoch 2/30 | train_loss 1.3727 | union_precision 0.9231 | weighted_recall 0.0907 | consensus_recall 0.3750 | threshold 0.625
Epoch 3/30 | train_loss 1.3114 | union_precision 0.9286 | weighted_recall 0.1105 | consensus_recall 0.3750 | threshold 0.625
Epoch 4/30 | train_loss 1.2608 | union_precision 0.9000 | weighted_recall 0.1366 | consensus_recall 0.3750 | threshold 0.600
Epoch 5/30 | train_loss 1.2347 | union_precision 0.9048 | weighted_recall 0.1375 | consensus_recall 0.3750 | threshold 0.600
Epoch 6/30 | train_loss 1.2007 | union_precision 0.9048 | weighted_recall 0.1267 | consensus_recall 0.3750 | threshold 0.600
Early stopping at epoch 6
Held-out M24-1 | union_precision=0.9062 | weighted_recall=0.1788 | consensus_recall=0.7500
  oracle_stage_macro_f1=0.3250 | end_to_end_stage_macro_f1=0.0998
  end_to_end_stage_class_f1=low:0.1589,mid:0.1404,high:0.0000
Epoch 1/30 | train_loss 1.5136 | union_precision 0.8049 | weighted_recall 0.1487 | consensus_recall 0.1579 | threshold 0.050
Epoch 2/30 | train_loss 1.3725 | union_precision 0.7857 | weighted_recall 0.1561 | consensus_recall 0.2632 | threshold 0.050
Epoch 3/30 | train_loss 1.3160 | union_precision 0.8372 | weighted_recall 0.2063 | consensus_recall 0.3684 | threshold 0.050
Epoch 4/30 | train_loss 1.2633 | union_precision 0.8889 | weighted_recall 0.0553 | consensus_recall 0.0526 | threshold 0.600
Epoch 5/30 | train_loss 1.2356 | union_precision 0.9091 | weighted_recall 0.0650 | consensus_recall 0.2105 | threshold 0.600
Epoch 6/30 | train_loss 1.2038 | union_precision 0.9130 | weighted_recall 0.1818 | consensus_recall 0.5263 | threshold 0.575
Epoch 7/30 | train_loss 1.1843 | union_precision 0.9200 | weighted_recall 0.1880 | consensus_recall 0.5789 | threshold 0.575
Epoch 8/30 | train_loss 1.1755 | union_precision 0.9375 | weighted_recall 0.1259 | consensus_recall 0.4211 | threshold 0.600
Epoch 9/30 | train_loss 1.1608 | union_precision 0.9048 | weighted_recall 0.2729 | consensus_recall 0.7895 | threshold 0.525
Epoch 10/30 | train_loss 1.1450 | union_precision 0.9211 | weighted_recall 0.3333 | consensus_recall 0.6842 | threshold 0.525
Epoch 11/30 | train_loss 1.1448 | union_precision 0.9375 | weighted_recall 0.3105 | consensus_recall 0.6842 | threshold 0.550
Epoch 12/30 | train_loss 1.1287 | union_precision 0.9143 | weighted_recall 0.3248 | consensus_recall 0.7895 | threshold 0.525
Epoch 13/30 | train_loss 1.1150 | union_precision 0.9375 | weighted_recall 0.3225 | consensus_recall 0.7895 | threshold 0.550
Epoch 14/30 | train_loss 1.1131 | union_precision 0.9375 | weighted_recall 0.3225 | consensus_recall 0.7895 | threshold 0.550
Early stopping at epoch 14
Held-out M24-2 | union_precision=0.9048 | weighted_recall=0.2729 | consensus_recall=0.7895
  oracle_stage_macro_f1=0.3562 | end_to_end_stage_macro_f1=0.1472
  end_to_end_stage_class_f1=low:0.1916,mid:0.2500,high:0.0000
Epoch 1/30 | train_loss 1.5115 | union_precision 1.0000 | weighted_recall 0.0332 | consensus_recall 0.0000 | threshold 0.625
Epoch 2/30 | train_loss 1.3699 | union_precision 0.9000 | weighted_recall 0.0782 | consensus_recall 0.1667 | threshold 0.550
Epoch 3/30 | train_loss 1.3181 | union_precision 0.9231 | weighted_recall 0.0610 | consensus_recall 0.1667 | threshold 0.575
Epoch 4/30 | train_loss 1.2627 | union_precision 0.9091 | weighted_recall 0.0531 | consensus_recall 0.1667 | threshold 0.575
Epoch 5/30 | train_loss 1.2356 | union_precision 0.9474 | weighted_recall 0.1048 | consensus_recall 0.1667 | threshold 0.550
Epoch 6/30 | train_loss 1.2046 | union_precision 0.9091 | weighted_recall 0.1074 | consensus_recall 0.2500 | threshold 0.525
Epoch 7/30 | train_loss 1.1863 | union_precision 0.9167 | weighted_recall 0.1101 | consensus_recall 0.2500 | threshold 0.525
Epoch 8/30 | train_loss 1.1750 | union_precision 0.9333 | weighted_recall 0.3475 | consensus_recall 0.6667 | threshold 0.050
Epoch 9/30 | train_loss 1.1603 | union_precision 0.9333 | weighted_recall 0.3475 | consensus_recall 0.6667 | threshold 0.050
Epoch 10/30 | train_loss 1.1479 | union_precision 0.9355 | weighted_recall 0.3501 | consensus_recall 0.7500 | threshold 0.050
Epoch 11/30 | train_loss 1.1440 | union_precision 0.9355 | weighted_recall 0.3501 | consensus_recall 0.7500 | threshold 0.050
Epoch 12/30 | train_loss 1.1281 | union_precision 0.9062 | weighted_recall 0.3886 | consensus_recall 0.8333 | threshold 0.050
Epoch 13/30 | train_loss 1.1154 | union_precision 0.9062 | weighted_recall 0.3886 | consensus_recall 0.8333 | threshold 0.050
Epoch 14/30 | train_loss 1.1143 | union_precision 0.9062 | weighted_recall 0.3886 | consensus_recall 0.8333 | threshold 0.050
Epoch 15/30 | train_loss 1.1082 | union_precision 0.9062 | weighted_recall 0.3886 | consensus_recall 0.8333 | threshold 0.050
Early stopping at epoch 15
Held-out M24-3 | union_precision=0.9355 | weighted_recall=0.3501 | consensus_recall=0.7500
  oracle_stage_macro_f1=0.2811 | end_to_end_stage_macro_f1=0.1728
  end_to_end_stage_class_f1=low:0.0964,mid:0.2791,high:0.1429
Epoch 1/30 | train_loss 1.5232 | union_precision 0.9130 | weighted_recall 0.0912 | consensus_recall 0.2941 | threshold 0.575
Epoch 2/30 | train_loss 1.3778 | union_precision 0.9315 | weighted_recall 0.2852 | consensus_recall 0.9412 | threshold 0.050
Epoch 3/30 | train_loss 1.3200 | union_precision 0.9054 | weighted_recall 0.2818 | consensus_recall 0.8824 | threshold 0.050
Epoch 4/30 | train_loss 1.2667 | union_precision 0.9189 | weighted_recall 0.2781 | consensus_recall 0.8824 | threshold 0.050
Epoch 5/30 | train_loss 1.2402 | union_precision 0.9178 | weighted_recall 0.2784 | consensus_recall 0.7647 | threshold 0.050
Epoch 6/30 | train_loss 1.2050 | union_precision 0.9155 | weighted_recall 0.3029 | consensus_recall 0.8235 | threshold 0.450
Epoch 7/30 | train_loss 1.1873 | union_precision 0.9200 | weighted_recall 0.3244 | consensus_recall 0.8235 | threshold 0.050
Epoch 8/30 | train_loss 1.1748 | union_precision 0.9333 | weighted_recall 0.3312 | consensus_recall 0.7059 | threshold 0.050
Epoch 9/30 | train_loss 1.1603 | union_precision 0.9211 | weighted_recall 0.3286 | consensus_recall 0.6471 | threshold 0.050
Epoch 10/30 | train_loss 1.1458 | union_precision 0.9189 | weighted_recall 0.3414 | consensus_recall 0.7059 | threshold 0.050
Epoch 11/30 | train_loss 1.1426 | union_precision 0.9189 | weighted_recall 0.3414 | consensus_recall 0.7059 | threshold 0.050
Epoch 12/30 | train_loss 1.1269 | union_precision 0.9333 | weighted_recall 0.3425 | consensus_recall 0.7059 | threshold 0.050
Epoch 13/30 | train_loss 1.1144 | union_precision 0.9351 | weighted_recall 0.3350 | consensus_recall 0.7059 | threshold 0.050
Epoch 14/30 | train_loss 1.1129 | union_precision 0.9610 | weighted_recall 0.3365 | consensus_recall 0.7059 | threshold 0.050
Epoch 15/30 | train_loss 1.1072 | union_precision 0.9605 | weighted_recall 0.3451 | consensus_recall 0.7059 | threshold 0.050
Epoch 16/30 | train_loss 1.0882 | union_precision 0.9610 | weighted_recall 0.3444 | consensus_recall 0.6471 | threshold 0.050
Epoch 17/30 | train_loss 1.0857 | union_precision 0.9740 | weighted_recall 0.3598 | consensus_recall 0.7059 | threshold 0.050
Epoch 18/30 | train_loss 1.0821 | union_precision 0.9744 | weighted_recall 0.3440 | consensus_recall 0.7647 | threshold 0.050
Epoch 19/30 | train_loss 1.0723 | union_precision 0.9620 | weighted_recall 0.3308 | consensus_recall 0.8235 | threshold 0.050
Epoch 20/30 | train_loss 1.0685 | union_precision 0.9620 | weighted_recall 0.3308 | consensus_recall 0.8235 | threshold 0.050
Epoch 21/30 | train_loss 1.0638 | union_precision 0.9487 | weighted_recall 0.3210 | consensus_recall 0.8235 | threshold 0.050
Epoch 22/30 | train_loss 1.0561 | union_precision 0.9615 | weighted_recall 0.3308 | consensus_recall 0.8824 | threshold 0.050
Epoch 23/30 | train_loss 1.0508 | union_precision 0.9615 | weighted_recall 0.3308 | consensus_recall 0.8824 | threshold 0.050
Early stopping at epoch 23
Held-out M24-4 | union_precision=0.9744 | weighted_recall=0.3440 | consensus_recall=0.7647
  oracle_stage_macro_f1=0.3697 | end_to_end_stage_macro_f1=0.1670
  end_to_end_stage_class_f1=low:0.1220,mid:0.2362,high:0.1429
Epoch 1/30 | train_loss 1.5121 | union_precision 0.9091 | weighted_recall 0.1655 | consensus_recall 0.6667 | threshold 0.325
Epoch 2/30 | train_loss 1.3731 | union_precision 0.9048 | weighted_recall 0.1565 | consensus_recall 0.6667 | threshold 0.350
Epoch 3/30 | train_loss 1.3152 | union_precision 0.9048 | weighted_recall 0.1763 | consensus_recall 0.6667 | threshold 0.375
Epoch 4/30 | train_loss 1.2637 | union_precision 0.9091 | weighted_recall 0.1853 | consensus_recall 0.6667 | threshold 0.375
Epoch 5/30 | train_loss 1.2357 | union_precision 0.8333 | weighted_recall 0.1439 | consensus_recall 0.5000 | threshold 0.525
Epoch 6/30 | train_loss 1.2023 | union_precision 0.8333 | weighted_recall 0.1439 | consensus_recall 0.5000 | threshold 0.525
Epoch 7/30 | train_loss 1.1839 | union_precision 0.8667 | weighted_recall 0.1061 | consensus_recall 0.5000 | threshold 0.575
Epoch 8/30 | train_loss 1.1719 | union_precision 0.8667 | weighted_recall 0.1061 | consensus_recall 0.5000 | threshold 0.575
Epoch 9/30 | train_loss 1.1592 | union_precision 0.8667 | weighted_recall 0.1061 | consensus_recall 0.5000 | threshold 0.575
Early stopping at epoch 9
Held-out M30-1 | union_precision=0.9091 | weighted_recall=0.1853 | consensus_recall=0.6667
  oracle_stage_macro_f1=0.3370 | end_to_end_stage_macro_f1=0.2264
  end_to_end_stage_class_f1=low:0.1791,mid:0.2143,high:0.2857
Epoch 1/30 | train_loss 1.5096 | union_precision 1.0000 | weighted_recall 0.0501 | consensus_recall 0.0000 | threshold 0.575
Epoch 2/30 | train_loss 1.3732 | union_precision 1.0000 | weighted_recall 0.0078 | consensus_recall 0.0000 | threshold 0.600
Epoch 3/30 | train_loss 1.3146 | union_precision 0.8182 | weighted_recall 0.2034 | consensus_recall 0.2500 | threshold 0.500
Epoch 4/30 | train_loss 1.2641 | union_precision 0.8696 | weighted_recall 0.2645 | consensus_recall 0.5000 | threshold 0.500
Epoch 5/30 | train_loss 1.2356 | union_precision 1.0000 | weighted_recall 0.1095 | consensus_recall 0.5000 | threshold 0.600
Epoch 6/30 | train_loss 1.2031 | union_precision 1.0000 | weighted_recall 0.1487 | consensus_recall 0.7500 | threshold 0.600
Epoch 7/30 | train_loss 1.1843 | union_precision 1.0000 | weighted_recall 0.1487 | consensus_recall 0.7500 | threshold 0.625
Epoch 8/30 | train_loss 1.1727 | union_precision 1.0000 | weighted_recall 0.1487 | consensus_recall 0.7500 | threshold 0.625
Epoch 9/30 | train_loss 1.1597 | union_precision 1.0000 | weighted_recall 0.1581 | consensus_recall 0.7500 | threshold 0.625
Epoch 10/30 | train_loss 1.1442 | union_precision 1.0000 | weighted_recall 0.1408 | consensus_recall 0.7500 | threshold 0.650
Epoch 11/30 | train_loss 1.1418 | union_precision 0.9091 | weighted_recall 0.2113 | consensus_recall 1.0000 | threshold 0.600
Epoch 12/30 | train_loss 1.1251 | union_precision 0.9412 | weighted_recall 0.3286 | consensus_recall 1.0000 | threshold 0.525
Epoch 13/30 | train_loss 1.1132 | union_precision 0.9412 | weighted_recall 0.3052 | consensus_recall 1.0000 | threshold 0.525
Epoch 14/30 | train_loss 1.1111 | union_precision 0.9412 | weighted_recall 0.3255 | consensus_recall 1.0000 | threshold 0.525
Epoch 15/30 | train_loss 1.1069 | union_precision 0.9412 | weighted_recall 0.3255 | consensus_recall 1.0000 | threshold 0.525
Epoch 16/30 | train_loss 1.0863 | union_precision 0.9412 | weighted_recall 0.3161 | consensus_recall 1.0000 | threshold 0.525
Epoch 17/30 | train_loss 1.0849 | union_precision 0.9412 | weighted_recall 0.3161 | consensus_recall 1.0000 | threshold 0.525
Early stopping at epoch 17
Held-out M30-2 | union_precision=0.9412 | weighted_recall=0.3286 | consensus_recall=1.0000
  oracle_stage_macro_f1=0.3821 | end_to_end_stage_macro_f1=0.1343
  end_to_end_stage_class_f1=low:0.1463,mid:0.2564,high:0.0000
Epoch 1/30 | train_loss 1.5130 | union_precision 0.9118 | weighted_recall 0.1611 | consensus_recall 0.3846 | threshold 0.550
Epoch 2/30 | train_loss 1.3737 | union_precision 0.9333 | weighted_recall 0.1576 | consensus_recall 0.3846 | threshold 0.550
Epoch 3/30 | train_loss 1.3131 | union_precision 0.9118 | weighted_recall 0.2262 | consensus_recall 0.6154 | threshold 0.500
Epoch 4/30 | train_loss 1.2638 | union_precision 0.9231 | weighted_recall 0.2474 | consensus_recall 0.6154 | threshold 0.050
Epoch 5/30 | train_loss 1.2352 | union_precision 0.9500 | weighted_recall 0.2262 | consensus_recall 0.6923 | threshold 0.050
Epoch 6/30 | train_loss 1.2043 | union_precision 0.9500 | weighted_recall 0.2481 | consensus_recall 0.7692 | threshold 0.050
Epoch 7/30 | train_loss 1.1831 | union_precision 0.9512 | weighted_recall 0.2611 | consensus_recall 0.8462 | threshold 0.050
Epoch 8/30 | train_loss 1.1711 | union_precision 0.9512 | weighted_recall 0.2611 | consensus_recall 0.8462 | threshold 0.050
Epoch 9/30 | train_loss 1.1590 | union_precision 1.0000 | weighted_recall 0.3084 | consensus_recall 0.8462 | threshold 0.050
Epoch 10/30 | train_loss 1.1436 | union_precision 1.0000 | weighted_recall 0.2865 | consensus_recall 0.8462 | threshold 0.050
Epoch 11/30 | train_loss 1.1397 | union_precision 1.0000 | weighted_recall 0.2865 | consensus_recall 0.7692 | threshold 0.050
Epoch 12/30 | train_loss 1.1234 | union_precision 1.0000 | weighted_recall 0.2975 | consensus_recall 0.7692 | threshold 0.050
Epoch 13/30 | train_loss 1.1114 | union_precision 1.0000 | weighted_recall 0.2968 | consensus_recall 0.7692 | threshold 0.050
Epoch 14/30 | train_loss 1.1090 | union_precision 1.0000 | weighted_recall 0.2906 | consensus_recall 0.7692 | threshold 0.050
Epoch 15/30 | train_loss 1.1045 | union_precision 1.0000 | weighted_recall 0.3105 | consensus_recall 0.7692 | threshold 0.375
Epoch 16/30 | train_loss 1.0852 | union_precision 1.0000 | weighted_recall 0.3036 | consensus_recall 0.7692 | threshold 0.375
Epoch 17/30 | train_loss 1.0834 | union_precision 1.0000 | weighted_recall 0.3043 | consensus_recall 0.7692 | threshold 0.350
Epoch 18/30 | train_loss 1.0796 | union_precision 1.0000 | weighted_recall 0.3091 | consensus_recall 0.7692 | threshold 0.350
Early stopping at epoch 18
Held-out M30-3 | union_precision=1.0000 | weighted_recall=0.2968 | consensus_recall=0.7692
  oracle_stage_macro_f1=0.2219 | end_to_end_stage_macro_f1=0.0718
  end_to_end_stage_class_f1=low:0.0759,mid:0.0000,high:0.1395
Epoch 1/30 | train_loss 1.5137 | union_precision 0.9231 | weighted_recall 0.0969 | consensus_recall 0.0000 | threshold 0.500
Epoch 2/30 | train_loss 1.3747 | union_precision 0.9070 | weighted_recall 0.1458 | consensus_recall 0.1111 | threshold 0.475
Epoch 3/30 | train_loss 1.3171 | union_precision 0.9302 | weighted_recall 0.1615 | consensus_recall 0.1111 | threshold 0.475
Epoch 4/30 | train_loss 1.2671 | union_precision 0.9048 | weighted_recall 0.1287 | consensus_recall 0.0000 | threshold 0.500
Epoch 5/30 | train_loss 1.2392 | union_precision 0.9184 | weighted_recall 0.1544 | consensus_recall 0.1111 | threshold 0.475
Epoch 6/30 | train_loss 1.2068 | union_precision 0.9000 | weighted_recall 0.1549 | consensus_recall 0.0000 | threshold 0.475
Epoch 7/30 | train_loss 1.1846 | union_precision 0.9216 | weighted_recall 0.1927 | consensus_recall 0.0000 | threshold 0.450
Epoch 8/30 | train_loss 1.1752 | union_precision 0.9111 | weighted_recall 0.1806 | consensus_recall 0.0000 | threshold 0.500
Epoch 9/30 | train_loss 1.1629 | union_precision 0.9216 | weighted_recall 0.2614 | consensus_recall 0.2222 | threshold 0.050
Epoch 10/30 | train_loss 1.1461 | union_precision 0.9583 | weighted_recall 0.3229 | consensus_recall 0.3333 | threshold 0.475
Epoch 11/30 | train_loss 1.1403 | union_precision 0.9592 | weighted_recall 0.3259 | consensus_recall 0.3333 | threshold 0.475
Epoch 12/30 | train_loss 1.1255 | union_precision 0.9592 | weighted_recall 0.3174 | consensus_recall 0.3333 | threshold 0.475
Epoch 13/30 | train_loss 1.1133 | union_precision 0.9388 | weighted_recall 0.3249 | consensus_recall 0.3333 | threshold 0.050
Epoch 14/30 | train_loss 1.1126 | union_precision 0.9375 | weighted_recall 0.3391 | consensus_recall 0.3333 | threshold 0.050
Epoch 15/30 | train_loss 1.1090 | union_precision 0.9556 | weighted_recall 0.3300 | consensus_recall 0.3333 | threshold 0.500
Epoch 16/30 | train_loss 1.0871 | union_precision 0.9184 | weighted_recall 0.3345 | consensus_recall 0.3333 | threshold 0.050
Early stopping at epoch 16
Held-out M30-4 | union_precision=0.9592 | weighted_recall=0.3259 | consensus_recall=0.3333
  oracle_stage_macro_f1=0.3336 | end_to_end_stage_macro_f1=0.1968
  end_to_end_stage_class_f1=low:0.1990,mid:0.1333,high:0.2581
Epoch 1/30 | train_loss 1.5074 | union_precision 0.9444 | weighted_recall 0.2471 | consensus_recall 0.5000 | threshold 0.050
Epoch 2/30 | train_loss 1.3716 | union_precision 0.9444 | weighted_recall 0.2471 | consensus_recall 0.5000 | threshold 0.050
Epoch 3/30 | train_loss 1.3116 | union_precision 0.9444 | weighted_recall 0.2471 | consensus_recall 0.5000 | threshold 0.050
Epoch 4/30 | train_loss 1.2632 | union_precision 1.0000 | weighted_recall 0.2123 | consensus_recall 0.5000 | threshold 0.550
Epoch 5/30 | train_loss 1.2341 | union_precision 1.0000 | weighted_recall 0.2123 | consensus_recall 0.5000 | threshold 0.550
Epoch 6/30 | train_loss 1.2047 | union_precision 0.9375 | weighted_recall 0.2620 | consensus_recall 0.7500 | threshold 0.525
Early stopping at epoch 6
Held-out M33-1 | union_precision=0.9444 | weighted_recall=0.2471 | consensus_recall=0.5000
  oracle_stage_macro_f1=0.3520 | end_to_end_stage_macro_f1=0.1444
  end_to_end_stage_class_f1=low:0.2667,mid:0.1667,high:0.0000
Epoch 1/30 | train_loss 1.5101 | union_precision 0.9130 | weighted_recall 0.1233 | consensus_recall 0.1111 | threshold 0.050
Epoch 2/30 | train_loss 1.3742 | union_precision 0.9104 | weighted_recall 0.1266 | consensus_recall 0.1667 | threshold 0.400
Epoch 3/30 | train_loss 1.3152 | union_precision 0.9104 | weighted_recall 0.1266 | consensus_recall 0.1667 | threshold 0.425
Epoch 4/30 | train_loss 1.2639 | union_precision 0.9104 | weighted_recall 0.1266 | consensus_recall 0.1667 | threshold 0.425
Epoch 5/30 | train_loss 1.2359 | union_precision 0.9254 | weighted_recall 0.1299 | consensus_recall 0.1667 | threshold 0.450
Epoch 6/30 | train_loss 1.2076 | union_precision 0.9545 | weighted_recall 0.1436 | consensus_recall 0.2222 | threshold 0.450
Epoch 7/30 | train_loss 1.1846 | union_precision 0.9677 | weighted_recall 0.1646 | consensus_recall 0.2222 | threshold 0.050
Epoch 8/30 | train_loss 1.1763 | union_precision 0.9833 | weighted_recall 0.1657 | consensus_recall 0.2222 | threshold 0.475
Epoch 9/30 | train_loss 1.1619 | union_precision 0.9831 | weighted_recall 0.1684 | consensus_recall 0.2222 | threshold 0.475
Epoch 10/30 | train_loss 1.1461 | union_precision 0.9655 | weighted_recall 0.1783 | consensus_recall 0.3333 | threshold 0.450
Epoch 11/30 | train_loss 1.1401 | union_precision 0.9661 | weighted_recall 0.2097 | consensus_recall 0.4444 | threshold 0.050
Early stopping at epoch 11
Held-out M33-2 | union_precision=0.9545 | weighted_recall=0.1436 | consensus_recall=0.2222
  oracle_stage_macro_f1=0.2640 | end_to_end_stage_macro_f1=0.1568
  end_to_end_stage_class_f1=low:0.1000,mid:0.2167,high:0.1538
Epoch 1/30 | train_loss 1.5044 | union_precision 1.0000 | weighted_recall 0.0029 | consensus_recall 0.0000 | threshold 0.650
Epoch 2/30 | train_loss 1.3732 | union_precision 1.0000 | weighted_recall 0.0058 | consensus_recall 0.0000 | threshold 0.625
Epoch 3/30 | train_loss 1.3142 | union_precision 1.0000 | weighted_recall 0.0058 | consensus_recall 0.0000 | threshold 0.600
Epoch 4/30 | train_loss 1.2630 | union_precision 1.0000 | weighted_recall 0.0058 | consensus_recall 0.0000 | threshold 0.600
Epoch 5/30 | train_loss 1.2351 | union_precision 1.0000 | weighted_recall 0.1512 | consensus_recall 0.3333 | threshold 0.575
Epoch 6/30 | train_loss 1.2068 | union_precision 0.9231 | weighted_recall 0.2064 | consensus_recall 0.7778 | threshold 0.525
Epoch 7/30 | train_loss 1.1854 | union_precision 1.0000 | weighted_recall 0.2878 | consensus_recall 0.7778 | threshold 0.525
Epoch 8/30 | train_loss 1.1759 | union_precision 1.0000 | weighted_recall 0.2936 | consensus_recall 0.8889 | threshold 0.525
Epoch 9/30 | train_loss 1.1621 | union_precision 0.9412 | weighted_recall 0.2965 | consensus_recall 0.8889 | threshold 0.525
Epoch 10/30 | train_loss 1.1467 | union_precision 1.0000 | weighted_recall 0.3169 | consensus_recall 0.8889 | threshold 0.550
Epoch 11/30 | train_loss 1.1407 | union_precision 1.0000 | weighted_recall 0.2936 | consensus_recall 0.8889 | threshold 0.550
Epoch 12/30 | train_loss 1.1251 | union_precision 1.0000 | weighted_recall 0.2965 | consensus_recall 0.8889 | threshold 0.550
Epoch 13/30 | train_loss 1.1127 | union_precision 1.0000 | weighted_recall 0.3401 | consensus_recall 1.0000 | threshold 0.550
Epoch 14/30 | train_loss 1.1113 | union_precision 1.0000 | weighted_recall 0.3401 | consensus_recall 1.0000 | threshold 0.550
Epoch 15/30 | train_loss 1.1073 | union_precision 0.9444 | weighted_recall 0.3488 | consensus_recall 1.0000 | threshold 0.525
Epoch 16/30 | train_loss 1.0879 | union_precision 0.9444 | weighted_recall 0.3488 | consensus_recall 1.0000 | threshold 0.525
Epoch 17/30 | train_loss 1.0873 | union_precision 0.9000 | weighted_recall 0.3750 | consensus_recall 1.0000 | threshold 0.475
Epoch 18/30 | train_loss 1.0815 | union_precision 0.9444 | weighted_recall 0.4128 | consensus_recall 1.0000 | threshold 0.500
Epoch 19/30 | train_loss 1.0733 | union_precision 1.0000 | weighted_recall 0.4360 | consensus_recall 1.0000 | threshold 0.525
Epoch 20/30 | train_loss 1.0701 | union_precision 1.0000 | weighted_recall 0.4128 | consensus_recall 1.0000 | threshold 0.525
Epoch 21/30 | train_loss 1.0641 | union_precision 1.0000 | weighted_recall 0.4128 | consensus_recall 1.0000 | threshold 0.525
Epoch 22/30 | train_loss 1.0570 | union_precision 1.0000 | weighted_recall 0.3837 | consensus_recall 1.0000 | threshold 0.500
Early stopping at epoch 22
Held-out M33-3 | union_precision=0.9000 | weighted_recall=0.3750 | consensus_recall=1.0000
  oracle_stage_macro_f1=0.2996 | end_to_end_stage_macro_f1=0.2566
  end_to_end_stage_class_f1=low:0.1250,mid:0.3590,high:0.2857
Epoch 1/30 | train_loss 1.5170 | union_precision 0.9286 | weighted_recall 0.1680 | consensus_recall 0.0000 | threshold 0.050
Epoch 2/30 | train_loss 1.3769 | union_precision 0.9518 | weighted_recall 0.1811 | consensus_recall 0.0833 | threshold 0.050
Epoch 3/30 | train_loss 1.2966 | union_precision 0.9383 | weighted_recall 0.1856 | consensus_recall 0.1667 | threshold 0.050
Epoch 4/30 | train_loss 1.2628 | union_precision 0.9367 | weighted_recall 0.1930 | consensus_recall 0.1667 | threshold 0.050
Epoch 5/30 | train_loss 1.2298 | union_precision 0.9494 | weighted_recall 0.2247 | consensus_recall 0.7500 | threshold 0.050
Epoch 6/30 | train_loss 1.1996 | union_precision 0.9615 | weighted_recall 0.2239 | consensus_recall 0.8333 | threshold 0.050
Epoch 7/30 | train_loss 1.1906 | union_precision 0.9744 | weighted_recall 0.2233 | consensus_recall 0.8333 | threshold 0.050
Early stopping at epoch 7
Held-out M33-4 | union_precision=0.9518 | weighted_recall=0.1811 | consensus_recall=0.0833
  oracle_stage_macro_f1=0.3313 | end_to_end_stage_macro_f1=0.1241
  end_to_end_stage_class_f1=low:0.1865,mid:0.1143,high:0.0714
Epoch 1/30 | train_loss 1.5114 | union_precision 0.9231 | weighted_recall 0.1850 | consensus_recall 0.6667 | threshold 0.050
Epoch 2/30 | train_loss 1.3719 | union_precision 0.8824 | weighted_recall 0.1965 | consensus_recall 0.7778 | threshold 0.500
Epoch 3/30 | train_loss 1.3162 | union_precision 0.8462 | weighted_recall 0.0966 | consensus_recall 0.5556 | threshold 0.575
Epoch 4/30 | train_loss 1.2589 | union_precision 0.8696 | weighted_recall 0.0892 | consensus_recall 0.5556 | threshold 0.575
Epoch 5/30 | train_loss 1.2329 | union_precision 0.8846 | weighted_recall 0.1107 | consensus_recall 0.6667 | threshold 0.575
Epoch 6/30 | train_loss 1.2039 | union_precision 0.8846 | weighted_recall 0.1107 | consensus_recall 0.6667 | threshold 0.575
Early stopping at epoch 6
Held-out M41-1 | union_precision=0.9231 | weighted_recall=0.1850 | consensus_recall=0.6667
  oracle_stage_macro_f1=0.3669 | end_to_end_stage_macro_f1=0.1792
  end_to_end_stage_class_f1=low:0.2283,mid:0.1714,high:0.1379
Epoch 1/30 | train_loss 1.5062 | union_precision 0.9600 | weighted_recall 0.2219 | consensus_recall 1.0000 | threshold 0.050
Epoch 2/30 | train_loss 1.3686 | union_precision 0.9600 | weighted_recall 0.2118 | consensus_recall 1.0000 | threshold 0.050
Epoch 3/30 | train_loss 1.3132 | union_precision 0.9600 | weighted_recall 0.2305 | consensus_recall 1.0000 | threshold 0.050
Epoch 4/30 | train_loss 1.2556 | union_precision 0.9600 | weighted_recall 0.2305 | consensus_recall 1.0000 | threshold 0.050
Epoch 5/30 | train_loss 1.2312 | union_precision 0.9600 | weighted_recall 0.2291 | consensus_recall 1.0000 | threshold 0.050
Epoch 6/30 | train_loss 1.2048 | union_precision 0.9600 | weighted_recall 0.2262 | consensus_recall 1.0000 | threshold 0.050
Epoch 7/30 | train_loss 1.1835 | union_precision 1.0000 | weighted_recall 0.2651 | consensus_recall 1.0000 | threshold 0.050
Epoch 8/30 | train_loss 1.1717 | union_precision 1.0000 | weighted_recall 0.3112 | consensus_recall 1.0000 | threshold 0.050
Epoch 9/30 | train_loss 1.1580 | union_precision 1.0000 | weighted_recall 0.3372 | consensus_recall 1.0000 | threshold 0.050
Epoch 10/30 | train_loss 1.1422 | union_precision 1.0000 | weighted_recall 0.3372 | consensus_recall 1.0000 | threshold 0.475
Epoch 11/30 | train_loss 1.1390 | union_precision 0.9655 | weighted_recall 0.3429 | consensus_recall 1.0000 | threshold 0.050
Epoch 12/30 | train_loss 1.1210 | union_precision 0.9655 | weighted_recall 0.3213 | consensus_recall 0.7500 | threshold 0.050
Epoch 13/30 | train_loss 1.1091 | union_precision 0.9655 | weighted_recall 0.3213 | consensus_recall 0.7500 | threshold 0.050
Epoch 14/30 | train_loss 1.1083 | union_precision 0.9655 | weighted_recall 0.3213 | consensus_recall 0.7500 | threshold 0.050
Early stopping at epoch 14
Held-out M41-2 | union_precision=1.0000 | weighted_recall=0.3372 | consensus_recall=1.0000
  oracle_stage_macro_f1=0.2755 | end_to_end_stage_macro_f1=0.1453
  end_to_end_stage_class_f1=low:0.2034,mid:0.2326,high:0.0000
Epoch 1/30 | train_loss 1.5088 | union_precision 0.9091 | weighted_recall 0.3367 | consensus_recall 0.7500 | threshold 0.050
Epoch 2/30 | train_loss 1.3704 | union_precision 0.9375 | weighted_recall 0.3163 | consensus_recall 0.7500 | threshold 0.050
Epoch 3/30 | train_loss 1.3135 | union_precision 0.9688 | weighted_recall 0.2599 | consensus_recall 0.2500 | threshold 0.050
Epoch 4/30 | train_loss 1.2553 | union_precision 0.9394 | weighted_recall 0.2881 | consensus_recall 0.5000 | threshold 0.050
Epoch 5/30 | train_loss 1.2328 | union_precision 0.9167 | weighted_recall 0.2971 | consensus_recall 0.7500 | threshold 0.550
Epoch 6/30 | train_loss 1.2051 | union_precision 0.9091 | weighted_recall 0.2753 | consensus_recall 0.7500 | threshold 0.550
Epoch 7/30 | train_loss 1.1846 | union_precision 0.9062 | weighted_recall 0.2945 | consensus_recall 0.7500 | threshold 0.050
Epoch 8/30 | train_loss 1.1718 | union_precision 0.9091 | weighted_recall 0.2958 | consensus_recall 0.7500 | threshold 0.050
Early stopping at epoch 8
Held-out M41-3 | union_precision=0.9688 | weighted_recall=0.2599 | consensus_recall=0.2500
  oracle_stage_macro_f1=0.3221 | end_to_end_stage_macro_f1=0.2084
  end_to_end_stage_class_f1=low:0.1613,mid:0.2286,high:0.2353
Epoch 1/30 | train_loss 1.5112 | union_precision 0.9630 | weighted_recall 0.3045 | consensus_recall 0.9000 | threshold 0.050
Epoch 2/30 | train_loss 1.3740 | union_precision 0.9643 | weighted_recall 0.3369 | consensus_recall 1.0000 | threshold 0.050
Epoch 3/30 | train_loss 1.3182 | union_precision 0.9310 | weighted_recall 0.3464 | consensus_recall 1.0000 | threshold 0.050
Epoch 4/30 | train_loss 1.2574 | union_precision 0.9630 | weighted_recall 0.3911 | consensus_recall 1.0000 | threshold 0.050
Epoch 5/30 | train_loss 1.2340 | union_precision 0.9630 | weighted_recall 0.3911 | consensus_recall 1.0000 | threshold 0.050
Epoch 6/30 | train_loss 1.2072 | union_precision 0.9643 | weighted_recall 0.3870 | consensus_recall 0.9000 | threshold 0.050
Epoch 7/30 | train_loss 1.1868 | union_precision 0.9655 | weighted_recall 0.2666 | consensus_recall 0.6000 | threshold 0.050
Epoch 8/30 | train_loss 1.1733 | union_precision 0.9655 | weighted_recall 0.2652 | consensus_recall 0.6000 | threshold 0.050
Epoch 9/30 | train_loss 1.1598 | union_precision 0.9655 | weighted_recall 0.2693 | consensus_recall 0.6000 | threshold 0.050
Epoch 10/30 | train_loss 1.1447 | union_precision 0.9714 | weighted_recall 0.3234 | consensus_recall 0.6000 | threshold 0.050
Epoch 11/30 | train_loss 1.1412 | union_precision 0.9730 | weighted_recall 0.3532 | consensus_recall 0.6000 | threshold 0.050
Epoch 12/30 | train_loss 1.1239 | union_precision 0.9730 | weighted_recall 0.3532 | consensus_recall 0.6000 | threshold 0.050
Epoch 13/30 | train_loss 1.1106 | union_precision 0.9730 | weighted_recall 0.3532 | consensus_recall 0.6000 | threshold 0.050
Epoch 14/30 | train_loss 1.1122 | union_precision 1.0000 | weighted_recall 0.3532 | consensus_recall 0.6000 | threshold 0.500
Epoch 15/30 | train_loss 1.1045 | union_precision 1.0000 | weighted_recall 0.3396 | consensus_recall 0.6000 | threshold 0.475
Epoch 16/30 | train_loss 1.0881 | union_precision 1.0000 | weighted_recall 0.3572 | consensus_recall 0.6000 | threshold 0.450
Epoch 17/30 | train_loss 1.0863 | union_precision 1.0000 | weighted_recall 0.3572 | consensus_recall 0.6000 | threshold 0.425
Epoch 18/30 | train_loss 1.0826 | union_precision 1.0000 | weighted_recall 0.3802 | consensus_recall 0.7000 | threshold 0.400
Epoch 19/30 | train_loss 1.0712 | union_precision 1.0000 | weighted_recall 0.3735 | consensus_recall 0.8000 | threshold 0.375
Epoch 20/30 | train_loss 1.0688 | union_precision 1.0000 | weighted_recall 0.4046 | consensus_recall 0.9000 | threshold 0.350
Epoch 21/30 | train_loss 1.0645 | union_precision 1.0000 | weighted_recall 0.4560 | consensus_recall 1.0000 | threshold 0.325
Epoch 22/30 | train_loss 1.0571 | union_precision 1.0000 | weighted_recall 0.4560 | consensus_recall 1.0000 | threshold 0.300
Epoch 23/30 | train_loss 1.0496 | union_precision 1.0000 | weighted_recall 0.4560 | consensus_recall 1.0000 | threshold 0.275
Epoch 24/30 | train_loss 1.0501 | union_precision 1.0000 | weighted_recall 0.4817 | consensus_recall 1.0000 | threshold 0.275
Epoch 25/30 | train_loss 1.0451 | union_precision 1.0000 | weighted_recall 0.4817 | consensus_recall 1.0000 | threshold 0.250
Epoch 26/30 | train_loss 1.0441 | union_precision 1.0000 | weighted_recall 0.4817 | consensus_recall 1.0000 | threshold 0.225
Epoch 27/30 | train_loss 1.0364 | union_precision 1.0000 | weighted_recall 0.4817 | consensus_recall 1.0000 | threshold 0.200
Epoch 28/30 | train_loss 1.0310 | union_precision 1.0000 | weighted_recall 0.5047 | consensus_recall 1.0000 | threshold 0.175
Epoch 29/30 | train_loss 1.0221 | union_precision 1.0000 | weighted_recall 0.5047 | consensus_recall 1.0000 | threshold 0.150
Epoch 30/30 | train_loss 1.0204 | union_precision 1.0000 | weighted_recall 0.5142 | consensus_recall 0.9000 | threshold 0.150
Held-out M41-4 | union_precision=1.0000 | weighted_recall=0.5047 | consensus_recall=1.0000
  oracle_stage_macro_f1=0.3383 | end_to_end_stage_macro_f1=0.2081
  end_to_end_stage_class_f1=low:0.1930,mid:0.3404,high:0.0909
Epoch 1/30 | train_loss 1.5092 | union_precision 0.8000 | weighted_recall 0.1830 | consensus_recall 0.4545 | threshold 0.400
Epoch 2/30 | train_loss 1.3751 | union_precision 1.0000 | weighted_recall 0.0188 | consensus_recall 0.0000 | threshold 0.700
Epoch 3/30 | train_loss 1.3138 | union_precision 1.0000 | weighted_recall 0.0260 | consensus_recall 0.0909 | threshold 0.700
Epoch 4/30 | train_loss 1.2561 | union_precision 1.0000 | weighted_recall 0.0260 | consensus_recall 0.0909 | threshold 0.700
Epoch 5/30 | train_loss 1.2334 | union_precision 1.0000 | weighted_recall 0.0395 | consensus_recall 0.1818 | threshold 0.675
Epoch 6/30 | train_loss 1.2046 | union_precision 1.0000 | weighted_recall 0.0395 | consensus_recall 0.1818 | threshold 0.675
Epoch 7/30 | train_loss 1.1851 | union_precision 0.9375 | weighted_recall 0.1309 | consensus_recall 0.3636 | threshold 0.600
Epoch 8/30 | train_loss 1.1721 | union_precision 0.9000 | weighted_recall 0.1578 | consensus_recall 0.5455 | threshold 0.600
Epoch 9/30 | train_loss 1.1587 | union_precision 1.0000 | weighted_recall 0.0395 | consensus_recall 0.1818 | threshold 0.700
Epoch 10/30 | train_loss 1.1442 | union_precision 1.0000 | weighted_recall 0.0395 | consensus_recall 0.1818 | threshold 0.725
Epoch 11/30 | train_loss 1.1401 | union_precision 1.0000 | weighted_recall 0.0502 | consensus_recall 0.1818 | threshold 0.725
Epoch 12/30 | train_loss 1.1218 | union_precision 0.9000 | weighted_recall 0.2682 | consensus_recall 0.8182 | threshold 0.450
Epoch 13/30 | train_loss 1.1088 | union_precision 0.9091 | weighted_recall 0.1830 | consensus_recall 0.5455 | threshold 0.625
Epoch 14/30 | train_loss 1.1100 | union_precision 0.9130 | weighted_recall 0.1874 | consensus_recall 0.5455 | threshold 0.625
Epoch 15/30 | train_loss 1.1026 | union_precision 0.9130 | weighted_recall 0.1874 | consensus_recall 0.5455 | threshold 0.625
Epoch 16/30 | train_loss 1.0867 | union_precision 0.9130 | weighted_recall 0.1874 | consensus_recall 0.5455 | threshold 0.625
Epoch 17/30 | train_loss 1.0838 | union_precision 0.9091 | weighted_recall 0.1309 | consensus_recall 0.4545 | threshold 0.725
Early stopping at epoch 17
Held-out M50-1 | union_precision=0.9000 | weighted_recall=0.2682 | consensus_recall=0.8182
  oracle_stage_macro_f1=0.3187 | end_to_end_stage_macro_f1=0.1708
  end_to_end_stage_class_f1=low:0.0357,mid:0.3590,high:0.1176
Epoch 1/30 | train_loss 1.5108 | union_precision 1.0000 | weighted_recall 0.0245 | consensus_recall 0.0000 | threshold 0.650
Epoch 2/30 | train_loss 1.3738 | union_precision 1.0000 | weighted_recall 0.0119 | consensus_recall 0.0000 | threshold 0.650
Epoch 3/30 | train_loss 1.3159 | union_precision 0.9091 | weighted_recall 0.0506 | consensus_recall 0.1000 | threshold 0.600
Epoch 4/30 | train_loss 1.2554 | union_precision 0.9167 | weighted_recall 0.0972 | consensus_recall 0.3000 | threshold 0.550
Epoch 5/30 | train_loss 1.2306 | union_precision 0.9000 | weighted_recall 0.1739 | consensus_recall 0.3000 | threshold 0.050
Epoch 6/30 | train_loss 1.2026 | union_precision 0.9091 | weighted_recall 0.0696 | consensus_recall 0.1000 | threshold 0.575
Epoch 7/30 | train_loss 1.1851 | union_precision 0.9362 | weighted_recall 0.2474 | consensus_recall 0.5000 | threshold 0.050
Epoch 8/30 | train_loss 1.1722 | union_precision 0.9250 | weighted_recall 0.2111 | consensus_recall 0.2000 | threshold 0.500
Epoch 9/30 | train_loss 1.1585 | union_precision 0.9000 | weighted_recall 0.2237 | consensus_recall 0.3000 | threshold 0.050
Epoch 10/30 | train_loss 1.1433 | union_precision 0.9167 | weighted_recall 0.1874 | consensus_recall 0.3000 | threshold 0.475
Epoch 11/30 | train_loss 1.1397 | union_precision 0.9149 | weighted_recall 0.1874 | consensus_recall 0.3000 | threshold 0.475
Epoch 12/30 | train_loss 1.1211 | union_precision 0.9149 | weighted_recall 0.2032 | consensus_recall 0.4000 | threshold 0.050
Epoch 13/30 | train_loss 1.1086 | union_precision 0.9070 | weighted_recall 0.1984 | consensus_recall 0.4000 | threshold 0.475
Epoch 14/30 | train_loss 1.1105 | union_precision 0.9091 | weighted_recall 0.2047 | consensus_recall 0.5000 | threshold 0.050
Early stopping at epoch 14
Held-out M50-2 | union_precision=0.9000 | weighted_recall=0.2237 | consensus_recall=0.3000
  oracle_stage_macro_f1=0.2977 | end_to_end_stage_macro_f1=0.1408
  end_to_end_stage_class_f1=low:0.3034,mid:0.1190,high:0.0000
Epoch 1/30 | train_loss 1.5161 | union_precision 0.9540 | weighted_recall 0.2995 | consensus_recall 0.6000 | threshold 0.425
Epoch 2/30 | train_loss 1.3726 | union_precision 0.9663 | weighted_recall 0.3300 | consensus_recall 0.7600 | threshold 0.050
Epoch 3/30 | train_loss 1.3212 | union_precision 0.9889 | weighted_recall 0.3361 | consensus_recall 0.7600 | threshold 0.050
Epoch 4/30 | train_loss 1.2581 | union_precision 0.9775 | weighted_recall 0.3199 | consensus_recall 0.7600 | threshold 0.050
Epoch 5/30 | train_loss 1.2338 | union_precision 0.9770 | weighted_recall 0.3119 | consensus_recall 0.7600 | threshold 0.050
Epoch 6/30 | train_loss 1.2053 | union_precision 0.9885 | weighted_recall 0.3446 | consensus_recall 0.8800 | threshold 0.050
Epoch 7/30 | train_loss 1.1871 | union_precision 0.9886 | weighted_recall 0.3507 | consensus_recall 0.8800 | threshold 0.050
Epoch 8/30 | train_loss 1.1738 | union_precision 0.9888 | weighted_recall 0.3454 | consensus_recall 0.9200 | threshold 0.050
Early stopping at epoch 8
Held-out M50-3 | union_precision=0.9889 | weighted_recall=0.3361 | consensus_recall=0.7600
  oracle_stage_macro_f1=0.3925 | end_to_end_stage_macro_f1=0.2125
  end_to_end_stage_class_f1=low:0.2054,mid:0.2752,high:0.1569
Epoch 1/30 | train_loss 1.5115 | union_precision 1.0000 | weighted_recall 0.0143 | consensus_recall 0.1429 | threshold 0.600
Epoch 2/30 | train_loss 1.3739 | union_precision 1.0000 | weighted_recall 0.0011 | consensus_recall 0.0714 | threshold 0.625
Epoch 3/30 | train_loss 1.3139 | union_precision 1.0000 | weighted_recall 0.0005 | consensus_recall 0.0714 | threshold 0.625
Epoch 4/30 | train_loss 1.2551 | union_precision 1.0000 | weighted_recall 0.0016 | consensus_recall 0.0714 | threshold 0.625
Epoch 5/30 | train_loss 1.2290 | union_precision 1.0000 | weighted_recall 0.0011 | consensus_recall 0.0714 | threshold 0.625
Epoch 6/30 | train_loss 1.2010 | union_precision 1.0000 | weighted_recall 0.0016 | consensus_recall 0.1429 | threshold 0.625
Early stopping at epoch 6
Held-out M56-1 | union_precision=1.0000 | weighted_recall=0.0143 | consensus_recall=0.1429
  oracle_stage_macro_f1=0.3245 | end_to_end_stage_macro_f1=0.0109
  end_to_end_stage_class_f1=low:0.0074,mid:0.0253,high:0.0000
Epoch 1/30 | train_loss 1.5032 | union_precision 0.9143 | weighted_recall 0.1599 | consensus_recall 0.5000 | threshold 0.450
Epoch 2/30 | train_loss 1.3693 | union_precision 0.9143 | weighted_recall 0.1361 | consensus_recall 0.5000 | threshold 0.450
Epoch 3/30 | train_loss 1.3114 | union_precision 0.9189 | weighted_recall 0.1480 | consensus_recall 0.3000 | threshold 0.450
Epoch 4/30 | train_loss 1.2536 | union_precision 0.9189 | weighted_recall 0.1463 | consensus_recall 0.3000 | threshold 0.050
Epoch 5/30 | train_loss 1.2264 | union_precision 0.9118 | weighted_recall 0.1284 | consensus_recall 0.3000 | threshold 0.050
Epoch 6/30 | train_loss 1.2012 | union_precision 0.9118 | weighted_recall 0.0952 | consensus_recall 0.2000 | threshold 0.050
Epoch 7/30 | train_loss 1.1844 | union_precision 0.9211 | weighted_recall 0.1241 | consensus_recall 0.3000 | threshold 0.050
Epoch 8/30 | train_loss 1.1707 | union_precision 0.9167 | weighted_recall 0.1122 | consensus_recall 0.3000 | threshold 0.050
Epoch 9/30 | train_loss 1.1546 | union_precision 0.9189 | weighted_recall 0.1259 | consensus_recall 0.3000 | threshold 0.050
Epoch 10/30 | train_loss 1.1408 | union_precision 0.9048 | weighted_recall 0.0680 | consensus_recall 0.2000 | threshold 0.600
Epoch 11/30 | train_loss 1.1338 | union_precision 1.0000 | weighted_recall 0.0170 | consensus_recall 0.0000 | threshold 0.675
Epoch 12/30 | train_loss 1.1174 | union_precision 0.9000 | weighted_recall 0.0264 | consensus_recall 0.0000 | threshold 0.650
Early stopping at epoch 12
Held-out M56-2 | union_precision=0.9211 | weighted_recall=0.1241 | consensus_recall=0.3000
  oracle_stage_macro_f1=0.2801 | end_to_end_stage_macro_f1=0.0790
  end_to_end_stage_class_f1=low:0.0672,mid:0.0984,high:0.0714
Epoch 1/30 | train_loss 1.5132 | union_precision 0.9012 | weighted_recall 0.1713 | consensus_recall 0.3462 | threshold 0.050
Epoch 2/30 | train_loss 1.3788 | union_precision 0.9114 | weighted_recall 0.2119 | consensus_recall 0.4615 | threshold 0.050
Epoch 3/30 | train_loss 1.3196 | union_precision 0.9250 | weighted_recall 0.2253 | consensus_recall 0.5000 | threshold 0.050
Epoch 4/30 | train_loss 1.2611 | union_precision 0.9487 | weighted_recall 0.2336 | consensus_recall 0.5385 | threshold 0.300
Epoch 5/30 | train_loss 1.2325 | union_precision 0.9494 | weighted_recall 0.2443 | consensus_recall 0.6154 | threshold 0.050
Epoch 6/30 | train_loss 1.2071 | union_precision 0.9630 | weighted_recall 0.2589 | consensus_recall 0.6154 | threshold 0.050
Epoch 7/30 | train_loss 1.1896 | union_precision 0.9390 | weighted_recall 0.2809 | consensus_recall 0.6923 | threshold 0.050
Epoch 8/30 | train_loss 1.1775 | union_precision 0.9390 | weighted_recall 0.2552 | consensus_recall 0.6154 | threshold 0.050
Epoch 9/30 | train_loss 1.1617 | union_precision 0.9277 | weighted_recall 0.2572 | consensus_recall 0.6154 | threshold 0.050
Epoch 10/30 | train_loss 1.1484 | union_precision 0.9286 | weighted_recall 0.2612 | consensus_recall 0.6154 | threshold 0.050
Epoch 11/30 | train_loss 1.1386 | union_precision 0.9195 | weighted_recall 0.2589 | consensus_recall 0.6154 | threshold 0.050
Epoch 12/30 | train_loss 1.1237 | union_precision 0.9091 | weighted_recall 0.2596 | consensus_recall 0.6154 | threshold 0.050
Epoch 13/30 | train_loss 1.1123 | union_precision 0.9091 | weighted_recall 0.2569 | consensus_recall 0.6538 | threshold 0.050
Epoch 14/30 | train_loss 1.1095 | union_precision 0.9195 | weighted_recall 0.2649 | consensus_recall 0.6923 | threshold 0.050
Epoch 15/30 | train_loss 1.1061 | union_precision 0.9186 | weighted_recall 0.2672 | consensus_recall 0.6923 | threshold 0.050
Epoch 16/30 | train_loss 1.0896 | union_precision 0.9186 | weighted_recall 0.2792 | consensus_recall 0.6923 | threshold 0.050
Epoch 17/30 | train_loss 1.0891 | union_precision 0.9186 | weighted_recall 0.3002 | consensus_recall 0.6923 | threshold 0.050
Epoch 18/30 | train_loss 1.0821 | union_precision 0.9326 | weighted_recall 0.3249 | consensus_recall 0.7692 | threshold 0.050
Epoch 19/30 | train_loss 1.0705 | union_precision 0.9326 | weighted_recall 0.3249 | consensus_recall 0.7692 | threshold 0.050
Epoch 20/30 | train_loss 1.0709 | union_precision 0.9333 | weighted_recall 0.3352 | consensus_recall 0.8077 | threshold 0.050
Epoch 21/30 | train_loss 1.0640 | union_precision 0.9310 | weighted_recall 0.3329 | consensus_recall 0.8077 | threshold 0.050
Epoch 22/30 | train_loss 1.0580 | union_precision 0.9302 | weighted_recall 0.3186 | consensus_recall 0.7692 | threshold 0.050
Epoch 23/30 | train_loss 1.0498 | union_precision 0.9302 | weighted_recall 0.3532 | consensus_recall 0.7692 | threshold 0.050
Epoch 24/30 | train_loss 1.0512 | union_precision 0.9302 | weighted_recall 0.3585 | consensus_recall 0.7692 | threshold 0.050
Epoch 25/30 | train_loss 1.0465 | union_precision 0.9302 | weighted_recall 0.3559 | consensus_recall 0.7692 | threshold 0.050
Early stopping at epoch 25
Held-out M56-3 | union_precision=0.9333 | weighted_recall=0.3352 | consensus_recall=0.8077
  oracle_stage_macro_f1=0.2065 | end_to_end_stage_macro_f1=0.1176
  end_to_end_stage_class_f1=low:0.0726,mid:0.1157,high:0.1644
Epoch 1/30 | train_loss 1.5077 | union_precision 1.0000 | weighted_recall 0.0049 | consensus_recall 0.0000 | threshold 0.700
Epoch 2/30 | train_loss 1.3748 | union_precision 1.0000 | weighted_recall 0.0049 | consensus_recall 0.0000 | threshold 0.700
Epoch 3/30 | train_loss 1.3169 | union_precision 1.0000 | weighted_recall 0.0049 | consensus_recall 0.0000 | threshold 0.700
Epoch 4/30 | train_loss 1.2548 | union_precision 1.0000 | weighted_recall 0.0176 | consensus_recall 0.0000 | threshold 0.650
Epoch 5/30 | train_loss 1.2292 | union_precision 1.0000 | weighted_recall 0.0288 | consensus_recall 0.0000 | threshold 0.625
Epoch 6/30 | train_loss 1.2007 | union_precision 1.0000 | weighted_recall 0.0288 | consensus_recall 0.0000 | threshold 0.625
Epoch 7/30 | train_loss 1.1847 | union_precision 0.9333 | weighted_recall 0.1111 | consensus_recall 0.1818 | threshold 0.525
Epoch 8/30 | train_loss 1.1711 | union_precision 0.9333 | weighted_recall 0.1139 | consensus_recall 0.1818 | threshold 0.525
Epoch 9/30 | train_loss 1.1554 | union_precision 0.9375 | weighted_recall 0.1315 | consensus_recall 0.2727 | threshold 0.525
Epoch 10/30 | train_loss 1.1415 | union_precision 0.9688 | weighted_recall 0.1322 | consensus_recall 0.3636 | threshold 0.525
Epoch 11/30 | train_loss 1.1312 | union_precision 0.9706 | weighted_recall 0.1357 | consensus_recall 0.4545 | threshold 0.525
Epoch 12/30 | train_loss 1.1160 | union_precision 0.9130 | weighted_recall 0.1800 | consensus_recall 0.6364 | threshold 0.500
Epoch 13/30 | train_loss 1.1058 | union_precision 0.9070 | weighted_recall 0.1610 | consensus_recall 0.6364 | threshold 0.500
Epoch 14/30 | train_loss 1.1060 | union_precision 0.9091 | weighted_recall 0.1744 | consensus_recall 0.6364 | threshold 0.500
Epoch 15/30 | train_loss 1.0986 | union_precision 0.9268 | weighted_recall 0.1702 | consensus_recall 0.6364 | threshold 0.525
Epoch 16/30 | train_loss 1.0845 | union_precision 0.9167 | weighted_recall 0.2011 | consensus_recall 0.6364 | threshold 0.475
Epoch 17/30 | train_loss 1.0830 | union_precision 0.9000 | weighted_recall 0.2018 | consensus_recall 0.6364 | threshold 0.450
Epoch 18/30 | train_loss 1.0783 | union_precision 0.9000 | weighted_recall 0.2011 | consensus_recall 0.6364 | threshold 0.450
Epoch 19/30 | train_loss 1.0647 | union_precision 0.9111 | weighted_recall 0.2039 | consensus_recall 0.5455 | threshold 0.500
Epoch 20/30 | train_loss 1.0642 | union_precision 0.9130 | weighted_recall 0.2053 | consensus_recall 0.5455 | threshold 0.500
Epoch 21/30 | train_loss 1.0577 | union_precision 0.9020 | weighted_recall 0.2152 | consensus_recall 0.6364 | threshold 0.350
Epoch 22/30 | train_loss 1.0509 | union_precision 0.9200 | weighted_recall 0.2208 | consensus_recall 0.5455 | threshold 0.350
Epoch 23/30 | train_loss 1.0440 | union_precision 0.9074 | weighted_recall 0.2377 | consensus_recall 0.6364 | threshold 0.050
Epoch 24/30 | train_loss 1.0480 | union_precision 0.9091 | weighted_recall 0.2532 | consensus_recall 0.6364 | threshold 0.050
Epoch 25/30 | train_loss 1.0406 | union_precision 0.9091 | weighted_recall 0.2532 | consensus_recall 0.5455 | threshold 0.050
Epoch 26/30 | train_loss 1.0375 | union_precision 0.9091 | weighted_recall 0.2532 | consensus_recall 0.5455 | threshold 0.050
Epoch 27/30 | train_loss 1.0331 | union_precision 0.9074 | weighted_recall 0.2581 | consensus_recall 0.5455 | threshold 0.050
Epoch 28/30 | train_loss 1.0252 | union_precision 0.9231 | weighted_recall 0.2630 | consensus_recall 0.5455 | threshold 0.275
Epoch 29/30 | train_loss 1.0177 | union_precision 0.9245 | weighted_recall 0.2581 | consensus_recall 0.5455 | threshold 0.275
Early stopping at epoch 29
Held-out M59-1 | union_precision=0.9091 | weighted_recall=0.2532 | consensus_recall=0.6364
  oracle_stage_macro_f1=0.3101 | end_to_end_stage_macro_f1=0.1746
  end_to_end_stage_class_f1=low:0.2811,mid:0.1000,high:0.1429
Epoch 1/30 | train_loss 1.5063 | union_precision 0.9286 | weighted_recall 0.2575 | consensus_recall 0.7692 | threshold 0.050
Epoch 2/30 | train_loss 1.3784 | union_precision 0.9048 | weighted_recall 0.2594 | consensus_recall 0.8462 | threshold 0.050
Epoch 3/30 | train_loss 1.3216 | union_precision 0.9070 | weighted_recall 0.3034 | consensus_recall 0.9231 | threshold 0.050
Epoch 4/30 | train_loss 1.2573 | union_precision 0.9070 | weighted_recall 0.3225 | consensus_recall 0.9231 | threshold 0.050
Epoch 5/30 | train_loss 1.2342 | union_precision 0.9048 | weighted_recall 0.3136 | consensus_recall 0.9231 | threshold 0.050
Epoch 6/30 | train_loss 1.2044 | union_precision 0.9048 | weighted_recall 0.3136 | consensus_recall 0.9231 | threshold 0.050
Early stopping at epoch 6
Held-out M59-2 | union_precision=0.9286 | weighted_recall=0.2575 | consensus_recall=0.7692
  oracle_stage_macro_f1=0.3701 | end_to_end_stage_macro_f1=0.2443
  end_to_end_stage_class_f1=low:0.1707,mid:0.2623,high:0.3000
Epoch 1/30 | train_loss 1.5075 | union_precision 0.9375 | weighted_recall 0.3201 | consensus_recall 0.7692 | threshold 0.050
Epoch 2/30 | train_loss 1.3793 | union_precision 0.9242 | weighted_recall 0.3418 | consensus_recall 0.8462 | threshold 0.050
Epoch 3/30 | train_loss 1.3211 | union_precision 0.9394 | weighted_recall 0.3508 | consensus_recall 0.8462 | threshold 0.050
Epoch 4/30 | train_loss 1.2570 | union_precision 0.9231 | weighted_recall 0.3477 | consensus_recall 0.8462 | threshold 0.050
Epoch 5/30 | train_loss 1.2318 | union_precision 0.9242 | weighted_recall 0.3454 | consensus_recall 0.9231 | threshold 0.050
Epoch 6/30 | train_loss 1.2043 | union_precision 0.9219 | weighted_recall 0.3431 | consensus_recall 0.9231 | threshold 0.050
Epoch 7/30 | train_loss 1.1892 | union_precision 0.9231 | weighted_recall 0.3463 | consensus_recall 0.9231 | threshold 0.050
Epoch 8/30 | train_loss 1.1736 | union_precision 0.9219 | weighted_recall 0.3545 | consensus_recall 0.7692 | threshold 0.050
Early stopping at epoch 8
Held-out M59-3 | union_precision=0.9394 | weighted_recall=0.3508 | consensus_recall=0.8462
  oracle_stage_macro_f1=0.4060 | end_to_end_stage_macro_f1=0.2241
  end_to_end_stage_class_f1=low:0.2258,mid:0.3556,high:0.0909
Epoch 1/30 | train_loss 1.5047 | union_precision 0.8333 | weighted_recall 0.1048 | consensus_recall 0.2000 | threshold 0.550
Epoch 2/30 | train_loss 1.3759 | union_precision 0.8800 | weighted_recall 0.1215 | consensus_recall 0.3000 | threshold 0.525
Epoch 3/30 | train_loss 1.3191 | union_precision 0.9231 | weighted_recall 0.0771 | consensus_recall 0.1000 | threshold 0.575
Epoch 4/30 | train_loss 1.2581 | union_precision 0.9231 | weighted_recall 0.0771 | consensus_recall 0.1000 | threshold 0.575
Epoch 5/30 | train_loss 1.2315 | union_precision 0.9375 | weighted_recall 0.1048 | consensus_recall 0.2000 | threshold 0.575
Epoch 6/30 | train_loss 1.2048 | union_precision 0.9512 | weighted_recall 0.3135 | consensus_recall 0.7000 | threshold 0.050
Epoch 7/30 | train_loss 1.1905 | union_precision 0.9524 | weighted_recall 0.3345 | consensus_recall 0.7000 | threshold 0.050
Epoch 8/30 | train_loss 1.1730 | union_precision 0.9302 | weighted_recall 0.3219 | consensus_recall 0.6000 | threshold 0.050
Epoch 9/30 | train_loss 1.1583 | union_precision 0.9286 | weighted_recall 0.3202 | consensus_recall 0.7000 | threshold 0.050
Epoch 10/30 | train_loss 1.1449 | union_precision 0.9268 | weighted_recall 0.3202 | consensus_recall 0.7000 | threshold 0.050
Epoch 11/30 | train_loss 1.1349 | union_precision 0.9250 | weighted_recall 0.3277 | consensus_recall 0.7000 | threshold 0.050
Epoch 12/30 | train_loss 1.1201 | union_precision 0.9512 | weighted_recall 0.3219 | consensus_recall 0.7000 | threshold 0.050
Early stopping at epoch 12
Held-out M63-1 | union_precision=0.9524 | weighted_recall=0.3345 | consensus_recall=0.7000
  oracle_stage_macro_f1=0.3127 | end_to_end_stage_macro_f1=0.1273
  end_to_end_stage_class_f1=low:0.1560,mid:0.2258,high:0.0000
Epoch 1/30 | train_loss 1.5046 | union_precision 0.9091 | weighted_recall 0.0925 | consensus_recall 0.2857 | threshold 0.550
Epoch 2/30 | train_loss 1.3746 | union_precision 0.9412 | weighted_recall 0.1669 | consensus_recall 0.4286 | threshold 0.550
Epoch 3/30 | train_loss 1.3187 | union_precision 0.9444 | weighted_recall 0.1768 | consensus_recall 0.4286 | threshold 0.550
Epoch 4/30 | train_loss 1.2566 | union_precision 0.9048 | weighted_recall 0.1915 | consensus_recall 0.4286 | threshold 0.550
Epoch 5/30 | train_loss 1.2289 | union_precision 0.9032 | weighted_recall 0.2799 | consensus_recall 0.4286 | threshold 0.050
Epoch 6/30 | train_loss 1.2034 | union_precision 0.9000 | weighted_recall 0.2930 | consensus_recall 0.5714 | threshold 0.050
Epoch 7/30 | train_loss 1.1899 | union_precision 0.9000 | weighted_recall 0.2930 | consensus_recall 0.5714 | threshold 0.050
Epoch 8/30 | train_loss 1.1736 | union_precision 0.9375 | weighted_recall 0.3322 | consensus_recall 0.7143 | threshold 0.050
Epoch 9/30 | train_loss 1.1590 | union_precision 0.9394 | weighted_recall 0.3314 | consensus_recall 0.7143 | threshold 0.050
Epoch 10/30 | train_loss 1.1439 | union_precision 0.9394 | weighted_recall 0.3257 | consensus_recall 0.8571 | threshold 0.050
Epoch 11/30 | train_loss 1.1345 | union_precision 0.9697 | weighted_recall 0.3265 | consensus_recall 0.8571 | threshold 0.050
Epoch 12/30 | train_loss 1.1195 | union_precision 1.0000 | weighted_recall 0.3265 | consensus_recall 0.8571 | threshold 0.500
Epoch 13/30 | train_loss 1.1098 | union_precision 1.0000 | weighted_recall 0.3265 | consensus_recall 0.8571 | threshold 0.500
Epoch 14/30 | train_loss 1.1087 | union_precision 0.9697 | weighted_recall 0.3306 | consensus_recall 0.8571 | threshold 0.050
Epoch 15/30 | train_loss 1.1032 | union_precision 0.9697 | weighted_recall 0.3306 | consensus_recall 0.8571 | threshold 0.050
Epoch 16/30 | train_loss 1.0878 | union_precision 1.0000 | weighted_recall 0.3306 | consensus_recall 0.8571 | threshold 0.450
Epoch 17/30 | train_loss 1.0856 | union_precision 0.9697 | weighted_recall 0.3412 | consensus_recall 0.8571 | threshold 0.050
Epoch 18/30 | train_loss 1.0825 | union_precision 0.9697 | weighted_recall 0.3412 | consensus_recall 0.8571 | threshold 0.050
Epoch 19/30 | train_loss 1.0678 | union_precision 0.9394 | weighted_recall 0.3462 | consensus_recall 0.8571 | threshold 0.050
Epoch 20/30 | train_loss 1.0666 | union_precision 0.9688 | weighted_recall 0.3502 | consensus_recall 0.8571 | threshold 0.375
Epoch 21/30 | train_loss 1.0632 | union_precision 0.9688 | weighted_recall 0.3502 | consensus_recall 0.8571 | threshold 0.350
Early stopping at epoch 21
Held-out M63-3 | union_precision=1.0000 | weighted_recall=0.3306 | consensus_recall=0.8571
  oracle_stage_macro_f1=0.3678 | end_to_end_stage_macro_f1=0.2001
  end_to_end_stage_class_f1=low:0.1167,mid:0.3019,high:0.1818
Epoch 1/30 | train_loss 1.5061 | union_precision 0.9000 | weighted_recall 0.2327 | consensus_recall 0.4545 | threshold 0.550
Epoch 2/30 | train_loss 1.3764 | union_precision 0.9091 | weighted_recall 0.2867 | consensus_recall 0.5455 | threshold 0.550
Epoch 3/30 | train_loss 1.3207 | union_precision 0.9048 | weighted_recall 0.4890 | consensus_recall 0.9091 | threshold 0.050
Epoch 4/30 | train_loss 1.2581 | union_precision 0.9167 | weighted_recall 0.5936 | consensus_recall 0.9091 | threshold 0.050
Epoch 5/30 | train_loss 1.2309 | union_precision 0.9545 | weighted_recall 0.5683 | consensus_recall 0.9091 | threshold 0.500
Epoch 6/30 | train_loss 1.2072 | union_precision 0.9130 | weighted_recall 0.5363 | consensus_recall 0.9091 | threshold 0.050
Epoch 7/30 | train_loss 1.1929 | union_precision 0.9545 | weighted_recall 0.5363 | consensus_recall 0.9091 | threshold 0.475
Epoch 8/30 | train_loss 1.1770 | union_precision 0.9565 | weighted_recall 0.5818 | consensus_recall 0.9091 | threshold 0.050
Epoch 9/30 | train_loss 1.1630 | union_precision 0.9565 | weighted_recall 0.5818 | consensus_recall 0.9091 | threshold 0.050
Epoch 10/30 | train_loss 1.1474 | union_precision 0.9565 | weighted_recall 0.5818 | consensus_recall 0.9091 | threshold 0.050
Epoch 11/30 | train_loss 1.1376 | union_precision 0.9565 | weighted_recall 0.5818 | consensus_recall 0.9091 | threshold 0.050
Epoch 12/30 | train_loss 1.1239 | union_precision 0.9565 | weighted_recall 0.5818 | consensus_recall 0.9091 | threshold 0.050
Epoch 13/30 | train_loss 1.1130 | union_precision 0.9583 | weighted_recall 0.5902 | consensus_recall 0.9091 | threshold 0.050
Epoch 14/30 | train_loss 1.1124 | union_precision 0.9583 | weighted_recall 0.5565 | consensus_recall 0.9091 | threshold 0.050
Epoch 15/30 | train_loss 1.1066 | union_precision 0.9583 | weighted_recall 0.5565 | consensus_recall 0.9091 | threshold 0.050
Epoch 16/30 | train_loss 1.0917 | union_precision 0.9583 | weighted_recall 0.5565 | consensus_recall 0.9091 | threshold 0.050
Epoch 17/30 | train_loss 1.0890 | union_precision 1.0000 | weighted_recall 0.6172 | consensus_recall 1.0000 | threshold 0.425
Epoch 18/30 | train_loss 1.0863 | union_precision 1.0000 | weighted_recall 0.6172 | consensus_recall 1.0000 | threshold 0.375
Epoch 19/30 | train_loss 1.0723 | union_precision 1.0000 | weighted_recall 0.6172 | consensus_recall 1.0000 | threshold 0.350
Epoch 20/30 | train_loss 1.0708 | union_precision 1.0000 | weighted_recall 0.5734 | consensus_recall 1.0000 | threshold 0.325
Epoch 21/30 | train_loss 1.0671 | union_precision 1.0000 | weighted_recall 0.5261 | consensus_recall 1.0000 | threshold 0.050
Epoch 22/30 | train_loss 1.0589 | union_precision 1.0000 | weighted_recall 0.4570 | consensus_recall 0.9091 | threshold 0.050
Early stopping at epoch 22
Held-out M67-1 | union_precision=1.0000 | weighted_recall=0.6172 | consensus_recall=1.0000
  oracle_stage_macro_f1=0.4160 | end_to_end_stage_macro_f1=0.2651
  end_to_end_stage_class_f1=low:0.2295,mid:0.3158,high:0.2500
Epoch 1/30 | train_loss 1.5041 | union_precision 0.9286 | weighted_recall 0.2282 | consensus_recall 0.7500 | threshold 0.050
Epoch 2/30 | train_loss 1.3749 | union_precision 0.9286 | weighted_recall 0.2466 | consensus_recall 0.7500 | threshold 0.050
Epoch 3/30 | train_loss 1.3164 | union_precision 0.9167 | weighted_recall 0.2315 | consensus_recall 0.7500 | threshold 0.500
Epoch 4/30 | train_loss 1.2554 | union_precision 0.9286 | weighted_recall 0.2802 | consensus_recall 0.7500 | threshold 0.425
Epoch 5/30 | train_loss 1.2267 | union_precision 0.9655 | weighted_recall 0.2953 | consensus_recall 0.5000 | threshold 0.425
Epoch 6/30 | train_loss 1.2028 | union_precision 0.9667 | weighted_recall 0.2886 | consensus_recall 0.5000 | threshold 0.425
Epoch 7/30 | train_loss 1.1892 | union_precision 0.9032 | weighted_recall 0.2785 | consensus_recall 0.5000 | threshold 0.425
Epoch 8/30 | train_loss 1.1730 | union_precision 0.9032 | weighted_recall 0.2785 | consensus_recall 0.5000 | threshold 0.425
Epoch 9/30 | train_loss 1.1589 | union_precision 0.9091 | weighted_recall 0.2819 | consensus_recall 0.5000 | threshold 0.425
Epoch 10/30 | train_loss 1.1438 | union_precision 0.9118 | weighted_recall 0.2953 | consensus_recall 0.5000 | threshold 0.425
Epoch 11/30 | train_loss 1.1340 | union_precision 0.9118 | weighted_recall 0.2953 | consensus_recall 0.5000 | threshold 0.425
Epoch 12/30 | train_loss 1.1200 | union_precision 0.9118 | weighted_recall 0.2953 | consensus_recall 0.5000 | threshold 0.425
Epoch 13/30 | train_loss 1.1090 | union_precision 0.9118 | weighted_recall 0.2953 | consensus_recall 0.5000 | threshold 0.425
Epoch 14/30 | train_loss 1.1097 | union_precision 0.9118 | weighted_recall 0.2953 | consensus_recall 0.5000 | threshold 0.400
Epoch 15/30 | train_loss 1.1021 | union_precision 0.9118 | weighted_recall 0.2953 | consensus_recall 0.5000 | threshold 0.400
Early stopping at epoch 15
Held-out M67-2 | union_precision=0.9118 | weighted_recall=0.2953 | consensus_recall=0.5000
  oracle_stage_macro_f1=0.2877 | end_to_end_stage_macro_f1=0.1174
  end_to_end_stage_class_f1=low:0.1522,mid:0.2000,high:0.0000
Epoch 1/30 | train_loss 1.5038 | union_precision 0.9545 | weighted_recall 0.3657 | consensus_recall 0.3333 | threshold 0.450
Epoch 2/30 | train_loss 1.3765 | union_precision 0.9545 | weighted_recall 0.4213 | consensus_recall 0.6667 | threshold 0.500
Epoch 3/30 | train_loss 1.3187 | union_precision 0.9545 | weighted_recall 0.4213 | consensus_recall 0.6667 | threshold 0.525
Epoch 4/30 | train_loss 1.2587 | union_precision 0.9545 | weighted_recall 0.4213 | consensus_recall 0.6667 | threshold 0.550
Epoch 5/30 | train_loss 1.2286 | union_precision 0.9545 | weighted_recall 0.4213 | consensus_recall 0.6667 | threshold 0.550
Epoch 6/30 | train_loss 1.2045 | union_precision 0.9545 | weighted_recall 0.4213 | consensus_recall 0.6667 | threshold 0.550
Epoch 7/30 | train_loss 1.1909 | union_precision 0.9545 | weighted_recall 0.4213 | consensus_recall 0.6667 | threshold 0.575
Early stopping at epoch 7
Held-out M67-3 | union_precision=0.9545 | weighted_recall=0.4213 | consensus_recall=0.6667
  oracle_stage_macro_f1=0.3964 | end_to_end_stage_macro_f1=0.2557
  end_to_end_stage_class_f1=low:0.3099,mid:0.4571,high:0.0000
Epoch 1/30 | train_loss 1.5029 | union_precision 0.9286 | weighted_recall 0.2841 | consensus_recall 0.7059 | threshold 0.050
Epoch 2/30 | train_loss 1.3792 | union_precision 0.9091 | weighted_recall 0.3489 | consensus_recall 0.8235 | threshold 0.375
Epoch 3/30 | train_loss 1.3203 | union_precision 0.9130 | weighted_recall 0.3760 | consensus_recall 0.7647 | threshold 0.400
Epoch 4/30 | train_loss 1.2595 | union_precision 0.9130 | weighted_recall 0.3730 | consensus_recall 0.8235 | threshold 0.425
Epoch 5/30 | train_loss 1.2308 | union_precision 0.9268 | weighted_recall 0.3444 | consensus_recall 0.7059 | threshold 0.475
Epoch 6/30 | train_loss 1.2066 | union_precision 0.9500 | weighted_recall 0.3338 | consensus_recall 0.6471 | threshold 0.500
Epoch 7/30 | train_loss 1.1947 | union_precision 0.9286 | weighted_recall 0.3414 | consensus_recall 0.6471 | threshold 0.475
Epoch 8/30 | train_loss 1.1786 | union_precision 0.9333 | weighted_recall 0.4190 | consensus_recall 0.8824 | threshold 0.475
Epoch 9/30 | train_loss 1.1636 | union_precision 0.9149 | weighted_recall 0.4446 | consensus_recall 0.8824 | threshold 0.475
Epoch 10/30 | train_loss 1.1492 | union_precision 0.9149 | weighted_recall 0.4446 | consensus_recall 0.9412 | threshold 0.500
Epoch 11/30 | train_loss 1.1384 | union_precision 0.9149 | weighted_recall 0.4446 | consensus_recall 0.9412 | threshold 0.500
Epoch 12/30 | train_loss 1.1250 | union_precision 0.9149 | weighted_recall 0.4446 | consensus_recall 0.9412 | threshold 0.500
Epoch 13/30 | train_loss 1.1128 | union_precision 0.9130 | weighted_recall 0.4341 | consensus_recall 0.9412 | threshold 0.500
Epoch 14/30 | train_loss 1.1148 | union_precision 0.9111 | weighted_recall 0.4333 | consensus_recall 0.9412 | threshold 0.525
Epoch 15/30 | train_loss 1.1075 | union_precision 0.9070 | weighted_recall 0.4318 | consensus_recall 0.9412 | threshold 0.525
Early stopping at epoch 15
Held-out M67-4 | union_precision=0.9149 | weighted_recall=0.4446 | consensus_recall=0.9412
  oracle_stage_macro_f1=0.4341 | end_to_end_stage_macro_f1=0.2126
  end_to_end_stage_class_f1=low:0.2951,mid:0.3429,high:0.0000
Epoch 1/30 | train_loss 1.5026 | union_precision 1.0000 | weighted_recall 0.0062 | consensus_recall 0.0000 | threshold 0.625
Epoch 2/30 | train_loss 1.3766 | union_precision 0.9000 | weighted_recall 0.0808 | consensus_recall 0.0000 | threshold 0.500
Epoch 3/30 | train_loss 1.3195 | union_precision 0.9167 | weighted_recall 0.1381 | consensus_recall 0.1667 | threshold 0.475
Epoch 4/30 | train_loss 1.2563 | union_precision 0.9130 | weighted_recall 0.2052 | consensus_recall 0.5000 | threshold 0.450
Epoch 5/30 | train_loss 1.2278 | union_precision 0.9000 | weighted_recall 0.2363 | consensus_recall 0.5000 | threshold 0.450
Epoch 6/30 | train_loss 1.2028 | union_precision 0.9000 | weighted_recall 0.2002 | consensus_recall 0.5000 | threshold 0.500
Epoch 7/30 | train_loss 1.1902 | union_precision 0.9412 | weighted_recall 0.2015 | consensus_recall 0.5000 | threshold 0.525
Epoch 8/30 | train_loss 1.1752 | union_precision 0.9333 | weighted_recall 0.1667 | consensus_recall 0.3333 | threshold 0.550
Epoch 9/30 | train_loss 1.1591 | union_precision 0.9000 | weighted_recall 0.2326 | consensus_recall 0.5000 | threshold 0.525
Epoch 10/30 | train_loss 1.1452 | union_precision 0.9048 | weighted_recall 0.2338 | consensus_recall 0.5000 | threshold 0.525
Early stopping at epoch 10
Held-out M68-1 | union_precision=0.9000 | weighted_recall=0.2363 | consensus_recall=0.5000
  oracle_stage_macro_f1=0.3358 | end_to_end_stage_macro_f1=0.1555
  end_to_end_stage_class_f1=low:0.0351,mid:0.4314,high:0.0000
Epoch 1/30 | train_loss 1.5020 | union_precision 0.9000 | weighted_recall 0.2192 | consensus_recall 0.2000 | threshold 0.475
Epoch 2/30 | train_loss 1.3746 | union_precision 0.9000 | weighted_recall 0.2212 | consensus_recall 0.3000 | threshold 0.050
Epoch 3/30 | train_loss 1.3194 | union_precision 0.9091 | weighted_recall 0.0727 | consensus_recall 0.1000 | threshold 0.550
Epoch 4/30 | train_loss 1.2571 | union_precision 0.9048 | weighted_recall 0.1788 | consensus_recall 0.3000 | threshold 0.525
Epoch 5/30 | train_loss 1.2276 | union_precision 0.9091 | weighted_recall 0.1838 | consensus_recall 0.3000 | threshold 0.525
Epoch 6/30 | train_loss 1.2015 | union_precision 1.0000 | weighted_recall 0.0556 | consensus_recall 0.1000 | threshold 0.575
Epoch 7/30 | train_loss 1.1893 | union_precision 1.0000 | weighted_recall 0.0556 | consensus_recall 0.1000 | threshold 0.575
Early stopping at epoch 7
Held-out M68-2 | union_precision=0.9000 | weighted_recall=0.2212 | consensus_recall=0.3000
  oracle_stage_macro_f1=0.2432 | end_to_end_stage_macro_f1=0.1662
  end_to_end_stage_class_f1=low:0.1513,mid:0.1250,high:0.2222
Epoch 1/30 | train_loss 1.5033 | union_precision 0.8750 | weighted_recall 0.0390 | consensus_recall 0.5000 | threshold 0.600
Epoch 2/30 | train_loss 1.3746 | union_precision 0.9000 | weighted_recall 0.0797 | consensus_recall 0.5000 | threshold 0.575
Epoch 3/30 | train_loss 1.3207 | union_precision 0.9333 | weighted_recall 0.2748 | consensus_recall 0.8333 | threshold 0.575
Epoch 4/30 | train_loss 1.2577 | union_precision 0.9474 | weighted_recall 0.3268 | consensus_recall 0.8333 | threshold 0.475
Epoch 5/30 | train_loss 1.2287 | union_precision 0.9474 | weighted_recall 0.3268 | consensus_recall 0.8333 | threshold 0.475
Epoch 6/30 | train_loss 1.2042 | union_precision 0.9091 | weighted_recall 0.2699 | consensus_recall 1.0000 | threshold 0.450
Epoch 7/30 | train_loss 1.1906 | union_precision 0.9474 | weighted_recall 0.3268 | consensus_recall 0.8333 | threshold 0.500
Epoch 8/30 | train_loss 1.1745 | union_precision 0.9048 | weighted_recall 0.4195 | consensus_recall 0.8333 | threshold 0.475
Epoch 9/30 | train_loss 1.1601 | union_precision 0.9048 | weighted_recall 0.4195 | consensus_recall 0.8333 | threshold 0.475
Epoch 10/30 | train_loss 1.1472 | union_precision 0.9500 | weighted_recall 0.4260 | consensus_recall 0.8333 | threshold 0.500
Epoch 11/30 | train_loss 1.1355 | union_precision 0.9500 | weighted_recall 0.4260 | consensus_recall 0.8333 | threshold 0.500
Early stopping at epoch 11
Held-out M68-3 | union_precision=0.9091 | weighted_recall=0.2699 | consensus_recall=1.0000
  oracle_stage_macro_f1=0.3219 | end_to_end_stage_macro_f1=0.2222
  end_to_end_stage_class_f1=low:0.0779,mid:0.3030,high:0.2857
Epoch 1/30 | train_loss 1.5131 | union_precision 0.9706 | weighted_recall 0.1549 | consensus_recall 0.7273 | threshold 0.050
Epoch 2/30 | train_loss 1.3745 | union_precision 1.0000 | weighted_recall 0.1549 | consensus_recall 0.7273 | threshold 0.500
Epoch 3/30 | train_loss 1.3113 | union_precision 0.9697 | weighted_recall 0.1466 | consensus_recall 0.8182 | threshold 0.500
Epoch 4/30 | train_loss 1.2654 | union_precision 0.9697 | weighted_recall 0.1558 | consensus_recall 0.8182 | threshold 0.475
Epoch 5/30 | train_loss 1.2329 | union_precision 0.9706 | weighted_recall 0.2050 | consensus_recall 0.8182 | threshold 0.475
Epoch 6/30 | train_loss 1.2063 | union_precision 0.9688 | weighted_recall 0.2143 | consensus_recall 0.8182 | threshold 0.525
Epoch 7/30 | train_loss 1.1873 | union_precision 0.9630 | weighted_recall 0.1818 | consensus_recall 0.6364 | threshold 0.550
Early stopping at epoch 7
Held-out M07-1 | union_precision=1.0000 | weighted_recall=0.1549 | consensus_recall=0.7273
  oracle_stage_macro_f1=0.3855 | end_to_end_stage_macro_f1=0.1634
  end_to_end_stage_class_f1=low:0.3724,mid:0.1176,high:0.0000
Epoch 1/30 | train_loss 1.5124 | union_precision 1.0000 | weighted_recall 0.0119 | consensus_recall 0.0000 | threshold 0.650
Epoch 2/30 | train_loss 1.3724 | union_precision 1.0000 | weighted_recall 0.0073 | consensus_recall 0.0000 | threshold 0.675
Epoch 3/30 | train_loss 1.3101 | union_precision 1.0000 | weighted_recall 0.0073 | consensus_recall 0.0000 | threshold 0.675
Epoch 4/30 | train_loss 1.2645 | union_precision 1.0000 | weighted_recall 0.0091 | consensus_recall 0.0000 | threshold 0.675
Epoch 5/30 | train_loss 1.2326 | union_precision 1.0000 | weighted_recall 0.0128 | consensus_recall 0.0000 | threshold 0.675
Epoch 6/30 | train_loss 1.2045 | union_precision 1.0000 | weighted_recall 0.0255 | consensus_recall 0.0909 | threshold 0.675
Epoch 7/30 | train_loss 1.1848 | union_precision 1.0000 | weighted_recall 0.0255 | consensus_recall 0.0909 | threshold 0.675
Epoch 8/30 | train_loss 1.1761 | union_precision 1.0000 | weighted_recall 0.0255 | consensus_recall 0.0909 | threshold 0.675
Epoch 9/30 | train_loss 1.1621 | union_precision 1.0000 | weighted_recall 0.0419 | consensus_recall 0.0909 | threshold 0.675
Epoch 10/30 | train_loss 1.1431 | union_precision 1.0000 | weighted_recall 0.0483 | consensus_recall 0.0909 | threshold 0.675
Epoch 11/30 | train_loss 1.1393 | union_precision 1.0000 | weighted_recall 0.0729 | consensus_recall 0.0909 | threshold 0.650
Epoch 12/30 | train_loss 1.1266 | union_precision 1.0000 | weighted_recall 0.0775 | consensus_recall 0.0909 | threshold 0.650
Epoch 13/30 | train_loss 1.1154 | union_precision 0.9643 | weighted_recall 0.1750 | consensus_recall 0.2727 | threshold 0.625
Epoch 14/30 | train_loss 1.1133 | union_precision 0.9655 | weighted_recall 0.1814 | consensus_recall 0.2727 | threshold 0.625
Epoch 15/30 | train_loss 1.1041 | union_precision 0.9655 | weighted_recall 0.1942 | consensus_recall 0.2727 | threshold 0.625
Epoch 16/30 | train_loss 1.0880 | union_precision 1.0000 | weighted_recall 0.2005 | consensus_recall 0.2727 | threshold 0.625
Epoch 17/30 | train_loss 1.0878 | union_precision 1.0000 | weighted_recall 0.1778 | consensus_recall 0.1818 | threshold 0.625
Epoch 18/30 | train_loss 1.0763 | union_precision 1.0000 | weighted_recall 0.1759 | consensus_recall 0.1818 | threshold 0.625
Epoch 19/30 | train_loss 1.0713 | union_precision 0.9697 | weighted_recall 0.1923 | consensus_recall 0.2727 | threshold 0.600
Epoch 20/30 | train_loss 1.0659 | union_precision 0.9556 | weighted_recall 0.2644 | consensus_recall 0.2727 | threshold 0.050
Epoch 21/30 | train_loss 1.0592 | union_precision 0.9556 | weighted_recall 0.2716 | consensus_recall 0.2727 | threshold 0.050
Epoch 22/30 | train_loss 1.0534 | union_precision 0.9778 | weighted_recall 0.2716 | consensus_recall 0.2727 | threshold 0.050
Epoch 23/30 | train_loss 1.0487 | union_precision 0.9787 | weighted_recall 0.2871 | consensus_recall 0.2727 | threshold 0.050
Epoch 24/30 | train_loss 1.0439 | union_precision 0.9787 | weighted_recall 0.2871 | consensus_recall 0.2727 | threshold 0.050
Epoch 25/30 | train_loss 1.0384 | union_precision 0.9783 | weighted_recall 0.2808 | consensus_recall 0.2727 | threshold 0.050
Epoch 26/30 | train_loss 1.0382 | union_precision 1.0000 | weighted_recall 0.2580 | consensus_recall 0.2727 | threshold 0.050
Epoch 27/30 | train_loss 1.0340 | union_precision 1.0000 | weighted_recall 0.2580 | consensus_recall 0.3636 | threshold 0.050
Epoch 28/30 | train_loss 1.0265 | union_precision 1.0000 | weighted_recall 0.2425 | consensus_recall 0.4545 | threshold 0.050
Early stopping at epoch 28
Held-out M07-2 | union_precision=0.9787 | weighted_recall=0.2871 | consensus_recall=0.2727
  oracle_stage_macro_f1=0.1823 | end_to_end_stage_macro_f1=0.1324
  end_to_end_stage_class_f1=low:0.0491,mid:0.1481,high:0.2000
Epoch 1/30 | train_loss 1.5217 | union_precision 0.9091 | weighted_recall 0.0467 | consensus_recall 0.1111 | threshold 0.625
Epoch 2/30 | train_loss 1.3735 | union_precision 0.9024 | weighted_recall 0.3436 | consensus_recall 0.6111 | threshold 0.050
Epoch 3/30 | train_loss 1.3090 | union_precision 0.8750 | weighted_recall 0.3291 | consensus_recall 0.6111 | threshold 0.050
Epoch 4/30 | train_loss 1.2656 | union_precision 1.0000 | weighted_recall 0.0076 | consensus_recall 0.0556 | threshold 0.700
Epoch 5/30 | train_loss 1.2359 | union_precision 1.0000 | weighted_recall 0.0076 | consensus_recall 0.0556 | threshold 0.700
Epoch 6/30 | train_loss 1.2027 | union_precision 1.0000 | weighted_recall 0.0076 | consensus_recall 0.0556 | threshold 0.700
Epoch 7/30 | train_loss 1.1811 | union_precision 1.0000 | weighted_recall 0.0233 | consensus_recall 0.0556 | threshold 0.700
Epoch 8/30 | train_loss 1.1705 | union_precision 1.0000 | weighted_recall 0.0566 | consensus_recall 0.0556 | threshold 0.700
Epoch 9/30 | train_loss 1.1611 | union_precision 1.0000 | weighted_recall 0.0566 | consensus_recall 0.0556 | threshold 0.700
Epoch 10/30 | train_loss 1.1425 | union_precision 1.0000 | weighted_recall 0.0566 | consensus_recall 0.0556 | threshold 0.700
Epoch 11/30 | train_loss 1.1396 | union_precision 1.0000 | weighted_recall 0.0566 | consensus_recall 0.0556 | threshold 0.725
Epoch 12/30 | train_loss 1.1286 | union_precision 1.0000 | weighted_recall 0.0566 | consensus_recall 0.0556 | threshold 0.725
Epoch 13/30 | train_loss 1.1128 | union_precision 1.0000 | weighted_recall 0.0583 | consensus_recall 0.0556 | threshold 0.725
Epoch 14/30 | train_loss 1.1112 | union_precision 1.0000 | weighted_recall 0.0583 | consensus_recall 0.0556 | threshold 0.725
Epoch 15/30 | train_loss 1.1035 | union_precision 1.0000 | weighted_recall 0.0566 | consensus_recall 0.0556 | threshold 0.750
Epoch 16/30 | train_loss 1.0881 | union_precision 1.0000 | weighted_recall 0.0566 | consensus_recall 0.0556 | threshold 0.750
Epoch 17/30 | train_loss 1.0870 | union_precision 1.0000 | weighted_recall 0.0718 | consensus_recall 0.0556 | threshold 0.750
Epoch 18/30 | train_loss 1.0738 | union_precision 1.0000 | weighted_recall 0.0840 | consensus_recall 0.0556 | threshold 0.750
Epoch 19/30 | train_loss 1.0699 | union_precision 1.0000 | weighted_recall 0.0683 | consensus_recall 0.0000 | threshold 0.775
Epoch 20/30 | train_loss 1.0656 | union_precision 1.0000 | weighted_recall 0.0805 | consensus_recall 0.0000 | threshold 0.775
Epoch 21/30 | train_loss 1.0594 | union_precision 1.0000 | weighted_recall 0.1109 | consensus_recall 0.0556 | threshold 0.775
Epoch 22/30 | train_loss 1.0523 | union_precision 1.0000 | weighted_recall 0.1109 | consensus_recall 0.0556 | threshold 0.775
Epoch 23/30 | train_loss 1.0473 | union_precision 0.9500 | weighted_recall 0.2450 | consensus_recall 0.4444 | threshold 0.700
Epoch 24/30 | train_loss 1.0442 | union_precision 0.9500 | weighted_recall 0.2450 | consensus_recall 0.4444 | threshold 0.700
Epoch 25/30 | train_loss 1.0386 | union_precision 0.9600 | weighted_recall 0.3658 | consensus_recall 0.6111 | threshold 0.700
Epoch 26/30 | train_loss 1.0373 | union_precision 0.9615 | weighted_recall 0.3600 | consensus_recall 0.6111 | threshold 0.700
Epoch 27/30 | train_loss 1.0311 | union_precision 0.9630 | weighted_recall 0.3664 | consensus_recall 0.6111 | threshold 0.700
Epoch 28/30 | train_loss 1.0251 | union_precision 0.9630 | weighted_recall 0.3687 | consensus_recall 0.6667 | threshold 0.700
Epoch 29/30 | train_loss 1.0191 | union_precision 0.9630 | weighted_recall 0.3687 | consensus_recall 0.6667 | threshold 0.700
Epoch 30/30 | train_loss 1.0190 | union_precision 0.9630 | weighted_recall 0.3687 | consensus_recall 0.6667 | threshold 0.700
Held-out M07-3 | union_precision=0.9630 | weighted_recall=0.3687 | consensus_recall=0.6667
  oracle_stage_macro_f1=0.3114 | end_to_end_stage_macro_f1=0.1393
  end_to_end_stage_class_f1=low:0.0530,mid:0.2400,high:0.1250
Epoch 1/30 | train_loss 1.5167 | union_precision 0.9737 | weighted_recall 0.4064 | consensus_recall 0.8571 | threshold 0.425
Epoch 2/30 | train_loss 1.3731 | union_precision 1.0000 | weighted_recall 0.4848 | consensus_recall 0.8571 | threshold 0.450
Epoch 3/30 | train_loss 1.3163 | union_precision 0.9767 | weighted_recall 0.5029 | consensus_recall 0.8571 | threshold 0.050
Epoch 4/30 | train_loss 1.2673 | union_precision 0.9767 | weighted_recall 0.5029 | consensus_recall 0.8571 | threshold 0.050
Epoch 5/30 | train_loss 1.2420 | union_precision 0.9762 | weighted_recall 0.5029 | consensus_recall 0.8571 | threshold 0.050
Epoch 6/30 | train_loss 1.2075 | union_precision 0.9767 | weighted_recall 0.5116 | consensus_recall 0.9286 | threshold 0.050
Epoch 7/30 | train_loss 1.1866 | union_precision 0.9767 | weighted_recall 0.5116 | consensus_recall 0.9286 | threshold 0.050
Epoch 8/30 | train_loss 1.1763 | union_precision 0.9773 | weighted_recall 0.5022 | consensus_recall 0.9286 | threshold 0.050
Epoch 9/30 | train_loss 1.1637 | union_precision 0.9773 | weighted_recall 0.4942 | consensus_recall 0.9286 | threshold 0.050
Epoch 10/30 | train_loss 1.1477 | union_precision 0.9773 | weighted_recall 0.4942 | consensus_recall 0.9286 | threshold 0.050
Epoch 11/30 | train_loss 1.1470 | union_precision 0.9773 | weighted_recall 0.4942 | consensus_recall 0.9286 | threshold 0.050
Epoch 12/30 | train_loss 1.1326 | union_precision 0.9773 | weighted_recall 0.4942 | consensus_recall 0.9286 | threshold 0.050
Epoch 13/30 | train_loss 1.1193 | union_precision 0.9778 | weighted_recall 0.5007 | consensus_recall 0.9286 | threshold 0.050
Epoch 14/30 | train_loss 1.1156 | union_precision 0.9778 | weighted_recall 0.5007 | consensus_recall 0.9286 | threshold 0.050
Epoch 15/30 | train_loss 1.1092 | union_precision 0.9778 | weighted_recall 0.5007 | consensus_recall 0.9286 | threshold 0.050
Epoch 16/30 | train_loss 1.0938 | union_precision 0.9778 | weighted_recall 0.5007 | consensus_recall 0.9286 | threshold 0.050
Epoch 17/30 | train_loss 1.0919 | union_precision 0.9783 | weighted_recall 0.5036 | consensus_recall 0.9286 | threshold 0.050
Epoch 18/30 | train_loss 1.0804 | union_precision 0.9787 | weighted_recall 0.5051 | consensus_recall 0.9286 | threshold 0.050
Epoch 19/30 | train_loss 1.0748 | union_precision 0.9792 | weighted_recall 0.5298 | consensus_recall 1.0000 | threshold 0.050
Epoch 20/30 | train_loss 1.0709 | union_precision 0.9796 | weighted_recall 0.5334 | consensus_recall 1.0000 | threshold 0.050
Epoch 21/30 | train_loss 1.0663 | union_precision 0.9800 | weighted_recall 0.5348 | consensus_recall 1.0000 | threshold 0.050
Epoch 22/30 | train_loss 1.0571 | union_precision 0.9800 | weighted_recall 0.5348 | consensus_recall 1.0000 | threshold 0.050
Epoch 23/30 | train_loss 1.0519 | union_precision 0.9800 | weighted_recall 0.5348 | consensus_recall 1.0000 | threshold 0.050
Epoch 24/30 | train_loss 1.0501 | union_precision 0.9800 | weighted_recall 0.5348 | consensus_recall 1.0000 | threshold 0.050
Epoch 25/30 | train_loss 1.0438 | union_precision 0.9800 | weighted_recall 0.5348 | consensus_recall 1.0000 | threshold 0.050
Epoch 26/30 | train_loss 1.0430 | union_precision 0.9796 | weighted_recall 0.5138 | consensus_recall 0.9286 | threshold 0.050
Early stopping at epoch 26
Held-out M17-1 | union_precision=0.9800 | weighted_recall=0.5348 | consensus_recall=1.0000
  oracle_stage_macro_f1=0.3422 | end_to_end_stage_macro_f1=0.2134
  end_to_end_stage_class_f1=low:0.2979,mid:0.2424,high:0.1000
Epoch 1/30 | train_loss 1.5139 | union_precision 1.0000 | weighted_recall 0.0012 | consensus_recall 0.0000 | threshold 0.625
Epoch 2/30 | train_loss 1.3687 | union_precision 1.0000 | weighted_recall 0.0012 | consensus_recall 0.0000 | threshold 0.625
Epoch 3/30 | train_loss 1.3108 | union_precision 1.0000 | weighted_recall 0.0025 | consensus_recall 0.0000 | threshold 0.625
Epoch 4/30 | train_loss 1.2625 | union_precision 1.0000 | weighted_recall 0.0185 | consensus_recall 0.3333 | threshold 0.625
Epoch 5/30 | train_loss 1.2368 | union_precision 1.0000 | weighted_recall 0.0593 | consensus_recall 0.3333 | threshold 0.625
Epoch 6/30 | train_loss 1.2021 | union_precision 1.0000 | weighted_recall 0.0729 | consensus_recall 0.3333 | threshold 0.625
Epoch 7/30 | train_loss 1.1812 | union_precision 1.0000 | weighted_recall 0.0803 | consensus_recall 0.3333 | threshold 0.625
Epoch 8/30 | train_loss 1.1714 | union_precision 1.0000 | weighted_recall 0.0729 | consensus_recall 0.3333 | threshold 0.650
Epoch 9/30 | train_loss 1.1586 | union_precision 1.0000 | weighted_recall 0.1100 | consensus_recall 0.3333 | threshold 0.650
Epoch 10/30 | train_loss 1.1425 | union_precision 1.0000 | weighted_recall 0.1100 | consensus_recall 0.3333 | threshold 0.650
Epoch 11/30 | train_loss 1.1422 | union_precision 1.0000 | weighted_recall 0.1100 | consensus_recall 0.3333 | threshold 0.650
Epoch 12/30 | train_loss 1.1274 | union_precision 1.0000 | weighted_recall 0.1100 | consensus_recall 0.3333 | threshold 0.675
Epoch 13/30 | train_loss 1.1147 | union_precision 1.0000 | weighted_recall 0.1100 | consensus_recall 0.3333 | threshold 0.675
Epoch 14/30 | train_loss 1.1114 | union_precision 1.0000 | weighted_recall 0.1100 | consensus_recall 0.3333 | threshold 0.675
Early stopping at epoch 14
Held-out M17-2 | union_precision=1.0000 | weighted_recall=0.1100 | consensus_recall=0.3333
  oracle_stage_macro_f1=0.3061 | end_to_end_stage_macro_f1=0.0833
  end_to_end_stage_class_f1=low:0.0000,mid:0.2500,high:0.0000
Epoch 1/30 | train_loss 1.5168 | union_precision 0.9778 | weighted_recall 0.1747 | consensus_recall 0.1429 | threshold 0.525
Epoch 2/30 | train_loss 1.3714 | union_precision 0.9677 | weighted_recall 0.2221 | consensus_recall 0.3333 | threshold 0.450
Epoch 3/30 | train_loss 1.3128 | union_precision 0.9516 | weighted_recall 0.2227 | consensus_recall 0.3810 | threshold 0.450
Epoch 4/30 | train_loss 1.2613 | union_precision 0.9516 | weighted_recall 0.2227 | consensus_recall 0.3810 | threshold 0.450
Epoch 5/30 | train_loss 1.2378 | union_precision 0.9661 | weighted_recall 0.2200 | consensus_recall 0.3810 | threshold 0.475
Epoch 6/30 | train_loss 1.2008 | union_precision 0.9592 | weighted_recall 0.2031 | consensus_recall 0.3810 | threshold 0.525
Epoch 7/30 | train_loss 1.1799 | union_precision 0.9592 | weighted_recall 0.2099 | consensus_recall 0.3810 | threshold 0.525
Early stopping at epoch 7
Held-out M17-3 | union_precision=0.9677 | weighted_recall=0.2221 | consensus_recall=0.3333
  oracle_stage_macro_f1=0.3311 | end_to_end_stage_macro_f1=0.2178
  end_to_end_stage_class_f1=low:0.2385,mid:0.1928,high:0.2222
Epoch 1/30 | train_loss 1.5161 | union_precision 0.9655 | weighted_recall 0.1091 | consensus_recall 0.4000 | threshold 0.550
Epoch 2/30 | train_loss 1.3700 | union_precision 0.9524 | weighted_recall 0.0723 | consensus_recall 0.3000 | threshold 0.575
Epoch 3/30 | train_loss 1.3097 | union_precision 0.9524 | weighted_recall 0.0782 | consensus_recall 0.4000 | threshold 0.575
Epoch 4/30 | train_loss 1.2562 | union_precision 1.0000 | weighted_recall 0.0778 | consensus_recall 0.5000 | threshold 0.575
Epoch 5/30 | train_loss 1.2322 | union_precision 0.9500 | weighted_recall 0.0750 | consensus_recall 0.5000 | threshold 0.575
Epoch 6/30 | train_loss 1.1971 | union_precision 0.9615 | weighted_recall 0.1164 | consensus_recall 0.7000 | threshold 0.550
Early stopping at epoch 6
Held-out M17-4 | union_precision=0.9655 | weighted_recall=0.1091 | consensus_recall=0.4000
  oracle_stage_macro_f1=0.2652 | end_to_end_stage_macro_f1=0.0690
  end_to_end_stage_class_f1=low:0.1435,mid:0.0635,high:0.0000
Epoch 1/30 | train_loss 1.5128 | union_precision 1.0000 | weighted_recall 0.0548 | consensus_recall 0.2500 | threshold 0.650
Epoch 2/30 | train_loss 1.3727 | union_precision 1.0000 | weighted_recall 0.0692 | consensus_recall 0.2500 | threshold 0.650
Epoch 3/30 | train_loss 1.3114 | union_precision 1.0000 | weighted_recall 0.0548 | consensus_recall 0.2500 | threshold 0.675
Epoch 4/30 | train_loss 1.2608 | union_precision 1.0000 | weighted_recall 0.0323 | consensus_recall 0.1250 | threshold 0.675
Epoch 5/30 | train_loss 1.2347 | union_precision 1.0000 | weighted_recall 0.0036 | consensus_recall 0.0000 | threshold 0.675
Epoch 6/30 | train_loss 1.2007 | union_precision 1.0000 | weighted_recall 0.0036 | consensus_recall 0.0000 | threshold 0.675
Epoch 7/30 | train_loss 1.1805 | union_precision 1.0000 | weighted_recall 0.0009 | consensus_recall 0.0000 | threshold 0.700
Early stopping at epoch 7
Held-out M24-1 | union_precision=1.0000 | weighted_recall=0.0692 | consensus_recall=0.2500
  oracle_stage_macro_f1=0.3250 | end_to_end_stage_macro_f1=0.0139
  end_to_end_stage_class_f1=low:0.0000,mid:0.0417,high:0.0000
Epoch 1/30 | train_loss 1.5136 | union_precision 0.8049 | weighted_recall 0.1487 | consensus_recall 0.1579 | threshold 0.050
Epoch 2/30 | train_loss 1.3725 | union_precision 0.7857 | weighted_recall 0.1561 | consensus_recall 0.2632 | threshold 0.050
Epoch 3/30 | train_loss 1.3160 | union_precision 0.8372 | weighted_recall 0.2063 | consensus_recall 0.3684 | threshold 0.050
Epoch 4/30 | train_loss 1.2633 | union_precision 0.8889 | weighted_recall 0.0553 | consensus_recall 0.0526 | threshold 0.600
Epoch 5/30 | train_loss 1.2356 | union_precision 0.9091 | weighted_recall 0.0650 | consensus_recall 0.2105 | threshold 0.600
Epoch 6/30 | train_loss 1.2038 | union_precision 0.9130 | weighted_recall 0.1818 | consensus_recall 0.5263 | threshold 0.575
Epoch 7/30 | train_loss 1.1843 | union_precision 0.9333 | weighted_recall 0.1214 | consensus_recall 0.3684 | threshold 0.600
Epoch 8/30 | train_loss 1.1755 | union_precision 0.9375 | weighted_recall 0.1259 | consensus_recall 0.4211 | threshold 0.600
Epoch 9/30 | train_loss 1.1608 | union_precision 0.9444 | weighted_recall 0.1459 | consensus_recall 0.4211 | threshold 0.600
Epoch 10/30 | train_loss 1.1450 | union_precision 0.9500 | weighted_recall 0.1863 | consensus_recall 0.4211 | threshold 0.600
Epoch 11/30 | train_loss 1.1448 | union_precision 0.9545 | weighted_recall 0.1932 | consensus_recall 0.4737 | threshold 0.600
Epoch 12/30 | train_loss 1.1287 | union_precision 0.9545 | weighted_recall 0.1954 | consensus_recall 0.5789 | threshold 0.600
Epoch 13/30 | train_loss 1.1150 | union_precision 0.9500 | weighted_recall 0.1886 | consensus_recall 0.5263 | threshold 0.625
Epoch 14/30 | train_loss 1.1131 | union_precision 0.9524 | weighted_recall 0.1926 | consensus_recall 0.5789 | threshold 0.625
Epoch 15/30 | train_loss 1.1069 | union_precision 0.9500 | weighted_recall 0.1954 | consensus_recall 0.5789 | threshold 0.625
Epoch 16/30 | train_loss 1.0898 | union_precision 0.9565 | weighted_recall 0.2405 | consensus_recall 0.5789 | threshold 0.625
Epoch 17/30 | train_loss 1.0867 | union_precision 0.9412 | weighted_recall 0.1766 | consensus_recall 0.4737 | threshold 0.650
Epoch 18/30 | train_loss 1.0807 | union_precision 0.9524 | weighted_recall 0.2268 | consensus_recall 0.5263 | threshold 0.650
Epoch 19/30 | train_loss 1.0715 | union_precision 0.9524 | weighted_recall 0.2268 | consensus_recall 0.5263 | threshold 0.650
Epoch 20/30 | train_loss 1.0694 | union_precision 1.0000 | weighted_recall 0.0222 | consensus_recall 0.0526 | threshold 0.800
Epoch 21/30 | train_loss 1.0637 | union_precision 1.0000 | weighted_recall 0.0376 | consensus_recall 0.0526 | threshold 0.800
Early stopping at epoch 21
Held-out M24-2 | union_precision=0.9565 | weighted_recall=0.2405 | consensus_recall=0.5789
  oracle_stage_macro_f1=0.3562 | end_to_end_stage_macro_f1=0.0790
  end_to_end_stage_class_f1=low:0.1146,mid:0.1224,high:0.0000
Epoch 1/30 | train_loss 1.5115 | union_precision 1.0000 | weighted_recall 0.0332 | consensus_recall 0.0000 | threshold 0.625
Epoch 2/30 | train_loss 1.3699 | union_precision 1.0000 | weighted_recall 0.0332 | consensus_recall 0.0000 | threshold 0.625
Epoch 3/30 | train_loss 1.3181 | union_precision 1.0000 | weighted_recall 0.0398 | consensus_recall 0.0833 | threshold 0.600
Epoch 4/30 | train_loss 1.2627 | union_precision 1.0000 | weighted_recall 0.0424 | consensus_recall 0.1667 | threshold 0.600
Epoch 5/30 | train_loss 1.2356 | union_precision 1.0000 | weighted_recall 0.0531 | consensus_recall 0.1667 | threshold 0.575
Epoch 6/30 | train_loss 1.2046 | union_precision 1.0000 | weighted_recall 0.0531 | consensus_recall 0.1667 | threshold 0.575
Epoch 7/30 | train_loss 1.1863 | union_precision 1.0000 | weighted_recall 0.0676 | consensus_recall 0.1667 | threshold 0.575
Epoch 8/30 | train_loss 1.1750 | union_precision 1.0000 | weighted_recall 0.0915 | consensus_recall 0.1667 | threshold 0.575
Epoch 9/30 | train_loss 1.1603 | union_precision 1.0000 | weighted_recall 0.0650 | consensus_recall 0.1667 | threshold 0.600
Epoch 10/30 | train_loss 1.1479 | union_precision 1.0000 | weighted_recall 0.0889 | consensus_recall 0.1667 | threshold 0.600
Epoch 11/30 | train_loss 1.1440 | union_precision 1.0000 | weighted_recall 0.0889 | consensus_recall 0.1667 | threshold 0.600
Epoch 12/30 | train_loss 1.1281 | union_precision 1.0000 | weighted_recall 0.1830 | consensus_recall 0.3333 | threshold 0.600
Epoch 13/30 | train_loss 1.1154 | union_precision 1.0000 | weighted_recall 0.2798 | consensus_recall 0.5000 | threshold 0.600
Epoch 14/30 | train_loss 1.1143 | union_precision 1.0000 | weighted_recall 0.2838 | consensus_recall 0.5833 | threshold 0.600
Epoch 15/30 | train_loss 1.1082 | union_precision 1.0000 | weighted_recall 0.2798 | consensus_recall 0.5000 | threshold 0.625
Epoch 16/30 | train_loss 1.0905 | union_precision 1.0000 | weighted_recall 0.2798 | consensus_recall 0.5000 | threshold 0.650
Epoch 17/30 | train_loss 1.0876 | union_precision 1.0000 | weighted_recall 0.2798 | consensus_recall 0.5000 | threshold 0.650
Epoch 18/30 | train_loss 1.0830 | union_precision 1.0000 | weighted_recall 0.2467 | consensus_recall 0.5000 | threshold 0.675
Epoch 19/30 | train_loss 1.0744 | union_precision 1.0000 | weighted_recall 0.2467 | consensus_recall 0.5000 | threshold 0.675
Early stopping at epoch 19
Held-out M24-3 | union_precision=1.0000 | weighted_recall=0.2838 | consensus_recall=0.5833
  oracle_stage_macro_f1=0.2811 | end_to_end_stage_macro_f1=0.1964
  end_to_end_stage_class_f1=low:0.0513,mid:0.3158,high:0.2222
Epoch 1/30 | train_loss 1.5232 | union_precision 0.9130 | weighted_recall 0.0912 | consensus_recall 0.2941 | threshold 0.575
Epoch 2/30 | train_loss 1.3778 | union_precision 0.9535 | weighted_recall 0.1876 | consensus_recall 0.7647 | threshold 0.550
Epoch 3/30 | train_loss 1.3200 | union_precision 0.9512 | weighted_recall 0.1745 | consensus_recall 0.6471 | threshold 0.550
Epoch 4/30 | train_loss 1.2667 | union_precision 0.9600 | weighted_recall 0.2430 | consensus_recall 0.7647 | threshold 0.525
Epoch 5/30 | train_loss 1.2402 | union_precision 0.9512 | weighted_recall 0.2050 | consensus_recall 0.5882 | threshold 0.550
Epoch 6/30 | train_loss 1.2050 | union_precision 0.9500 | weighted_recall 0.2973 | consensus_recall 0.8235 | threshold 0.500
Epoch 7/30 | train_loss 1.1873 | union_precision 0.9524 | weighted_recall 0.3018 | consensus_recall 0.8235 | threshold 0.500
Epoch 8/30 | train_loss 1.1748 | union_precision 0.9538 | weighted_recall 0.3090 | consensus_recall 0.7059 | threshold 0.500
Epoch 9/30 | train_loss 1.1603 | union_precision 0.9667 | weighted_recall 0.1522 | consensus_recall 0.4706 | threshold 0.600
Epoch 10/30 | train_loss 1.1458 | union_precision 0.9583 | weighted_recall 0.1379 | consensus_recall 0.4118 | threshold 0.625
Epoch 11/30 | train_loss 1.1426 | union_precision 0.9500 | weighted_recall 0.3067 | consensus_recall 0.6471 | threshold 0.525
Epoch 12/30 | train_loss 1.1269 | union_precision 0.9565 | weighted_recall 0.3357 | consensus_recall 0.6471 | threshold 0.500
Epoch 13/30 | train_loss 1.1144 | union_precision 0.9565 | weighted_recall 0.3263 | consensus_recall 0.6471 | threshold 0.500
Epoch 14/30 | train_loss 1.1129 | union_precision 0.9610 | weighted_recall 0.3365 | consensus_recall 0.7059 | threshold 0.050
Epoch 15/30 | train_loss 1.1072 | union_precision 0.9605 | weighted_recall 0.3451 | consensus_recall 0.7059 | threshold 0.050
Epoch 16/30 | train_loss 1.0882 | union_precision 0.9610 | weighted_recall 0.3444 | consensus_recall 0.6471 | threshold 0.050
Epoch 17/30 | train_loss 1.0857 | union_precision 0.9740 | weighted_recall 0.3598 | consensus_recall 0.7059 | threshold 0.050
Epoch 18/30 | train_loss 1.0821 | union_precision 0.9744 | weighted_recall 0.3440 | consensus_recall 0.7647 | threshold 0.050
Epoch 19/30 | train_loss 1.0723 | union_precision 0.9620 | weighted_recall 0.3308 | consensus_recall 0.8235 | threshold 0.050
Epoch 20/30 | train_loss 1.0685 | union_precision 0.9620 | weighted_recall 0.3308 | consensus_recall 0.8235 | threshold 0.050
Epoch 21/30 | train_loss 1.0638 | union_precision 0.9577 | weighted_recall 0.3026 | consensus_recall 0.8235 | threshold 0.475
Epoch 22/30 | train_loss 1.0561 | union_precision 0.9615 | weighted_recall 0.3308 | consensus_recall 0.8824 | threshold 0.050
Epoch 23/30 | train_loss 1.0508 | union_precision 0.9615 | weighted_recall 0.3308 | consensus_recall 0.8824 | threshold 0.050
Early stopping at epoch 23
Held-out M24-4 | union_precision=0.9744 | weighted_recall=0.3440 | consensus_recall=0.7647
  oracle_stage_macro_f1=0.3697 | end_to_end_stage_macro_f1=0.1670
  end_to_end_stage_class_f1=low:0.1220,mid:0.2362,high:0.1429
Epoch 1/30 | train_loss 1.5121 | union_precision 0.9444 | weighted_recall 0.1457 | consensus_recall 0.3333 | threshold 0.500
Epoch 2/30 | train_loss 1.3731 | union_precision 1.0000 | weighted_recall 0.0216 | consensus_recall 0.0000 | threshold 0.675
Epoch 3/30 | train_loss 1.3152 | union_precision 1.0000 | weighted_recall 0.0252 | consensus_recall 0.0000 | threshold 0.675
Epoch 4/30 | train_loss 1.2637 | union_precision 1.0000 | weighted_recall 0.0288 | consensus_recall 0.0000 | threshold 0.650
Epoch 5/30 | train_loss 1.2357 | union_precision 0.8333 | weighted_recall 0.1439 | consensus_recall 0.5000 | threshold 0.525
Epoch 6/30 | train_loss 1.2023 | union_precision 0.8333 | weighted_recall 0.1439 | consensus_recall 0.5000 | threshold 0.525
Epoch 7/30 | train_loss 1.1839 | union_precision 0.8667 | weighted_recall 0.1061 | consensus_recall 0.5000 | threshold 0.575
Epoch 8/30 | train_loss 1.1719 | union_precision 0.8667 | weighted_recall 0.1061 | consensus_recall 0.5000 | threshold 0.575
Epoch 9/30 | train_loss 1.1592 | union_precision 0.8667 | weighted_recall 0.1061 | consensus_recall 0.5000 | threshold 0.575
Early stopping at epoch 9
Held-out M30-1 | union_precision=1.0000 | weighted_recall=0.0288 | consensus_recall=0.0000
  oracle_stage_macro_f1=0.3370 | end_to_end_stage_macro_f1=0.0370
  end_to_end_stage_class_f1=low:0.0000,mid:0.1111,high:0.0000
Epoch 1/30 | train_loss 1.5096 | union_precision 1.0000 | weighted_recall 0.0501 | consensus_recall 0.0000 | threshold 0.575
Epoch 2/30 | train_loss 1.3732 | union_precision 1.0000 | weighted_recall 0.0078 | consensus_recall 0.0000 | threshold 0.600
Epoch 3/30 | train_loss 1.3146 | union_precision 0.8182 | weighted_recall 0.2034 | consensus_recall 0.2500 | threshold 0.500
Epoch 4/30 | train_loss 1.2641 | union_precision 0.8696 | weighted_recall 0.2645 | consensus_recall 0.5000 | threshold 0.500
Epoch 5/30 | train_loss 1.2356 | union_precision 1.0000 | weighted_recall 0.1095 | consensus_recall 0.5000 | threshold 0.600
Epoch 6/30 | train_loss 1.2031 | union_precision 1.0000 | weighted_recall 0.1487 | consensus_recall 0.7500 | threshold 0.600
Epoch 7/30 | train_loss 1.1843 | union_precision 1.0000 | weighted_recall 0.1487 | consensus_recall 0.7500 | threshold 0.625
Epoch 8/30 | train_loss 1.1727 | union_precision 1.0000 | weighted_recall 0.1487 | consensus_recall 0.7500 | threshold 0.625
Epoch 9/30 | train_loss 1.1597 | union_precision 1.0000 | weighted_recall 0.1581 | consensus_recall 0.7500 | threshold 0.625
Epoch 10/30 | train_loss 1.1442 | union_precision 1.0000 | weighted_recall 0.1408 | consensus_recall 0.7500 | threshold 0.650
Epoch 11/30 | train_loss 1.1418 | union_precision 1.0000 | weighted_recall 0.1408 | consensus_recall 0.7500 | threshold 0.650
Epoch 12/30 | train_loss 1.1251 | union_precision 1.0000 | weighted_recall 0.1784 | consensus_recall 0.7500 | threshold 0.650
Epoch 13/30 | train_loss 1.1132 | union_precision 1.0000 | weighted_recall 0.2426 | consensus_recall 1.0000 | threshold 0.650
Epoch 14/30 | train_loss 1.1111 | union_precision 1.0000 | weighted_recall 0.2426 | consensus_recall 1.0000 | threshold 0.650
Epoch 15/30 | train_loss 1.1069 | union_precision 1.0000 | weighted_recall 0.2551 | consensus_recall 1.0000 | threshold 0.650
Epoch 16/30 | train_loss 1.0863 | union_precision 1.0000 | weighted_recall 0.2833 | consensus_recall 1.0000 | threshold 0.650
Epoch 17/30 | train_loss 1.0849 | union_precision 1.0000 | weighted_recall 0.2833 | consensus_recall 1.0000 | threshold 0.650
Epoch 18/30 | train_loss 1.0819 | union_precision 1.0000 | weighted_recall 0.2895 | consensus_recall 1.0000 | threshold 0.650
Epoch 19/30 | train_loss 1.0727 | union_precision 1.0000 | weighted_recall 0.3114 | consensus_recall 1.0000 | threshold 0.650
Epoch 20/30 | train_loss 1.0678 | union_precision 1.0000 | weighted_recall 0.3114 | consensus_recall 1.0000 | threshold 0.650
Epoch 21/30 | train_loss 1.0630 | union_precision 1.0000 | weighted_recall 0.2269 | consensus_recall 1.0000 | threshold 0.650
Epoch 22/30 | train_loss 1.0546 | union_precision 1.0000 | weighted_recall 0.2066 | consensus_recall 1.0000 | threshold 0.650
Epoch 23/30 | train_loss 1.0502 | union_precision 1.0000 | weighted_recall 0.2066 | consensus_recall 1.0000 | threshold 0.650
Epoch 24/30 | train_loss 1.0484 | union_precision 1.0000 | weighted_recall 0.2066 | consensus_recall 1.0000 | threshold 0.650
Early stopping at epoch 24
Held-out M30-2 | union_precision=1.0000 | weighted_recall=0.3114 | consensus_recall=1.0000
  oracle_stage_macro_f1=0.3821 | end_to_end_stage_macro_f1=0.1271
  end_to_end_stage_class_f1=low:0.1250,mid:0.2564,high:0.0000
Epoch 1/30 | train_loss 1.5130 | union_precision 1.0000 | weighted_recall 0.0034 | consensus_recall 0.0000 | threshold 0.675
Epoch 2/30 | train_loss 1.3737 | union_precision 1.0000 | weighted_recall 0.0110 | consensus_recall 0.0769 | threshold 0.650
Epoch 3/30 | train_loss 1.3131 | union_precision 0.9677 | weighted_recall 0.2200 | consensus_recall 0.6154 | threshold 0.525
Epoch 4/30 | train_loss 1.2638 | union_precision 0.9697 | weighted_recall 0.2433 | consensus_recall 0.6154 | threshold 0.500
Epoch 5/30 | train_loss 1.2352 | union_precision 0.9500 | weighted_recall 0.2262 | consensus_recall 0.6923 | threshold 0.050
Epoch 6/30 | train_loss 1.2043 | union_precision 0.9500 | weighted_recall 0.2481 | consensus_recall 0.7692 | threshold 0.050
Epoch 7/30 | train_loss 1.1831 | union_precision 0.9512 | weighted_recall 0.2611 | consensus_recall 0.8462 | threshold 0.050
Epoch 8/30 | train_loss 1.1711 | union_precision 0.9512 | weighted_recall 0.2611 | consensus_recall 0.8462 | threshold 0.050
Epoch 9/30 | train_loss 1.1590 | union_precision 1.0000 | weighted_recall 0.3084 | consensus_recall 0.8462 | threshold 0.050
Epoch 10/30 | train_loss 1.1436 | union_precision 1.0000 | weighted_recall 0.2865 | consensus_recall 0.8462 | threshold 0.050
Epoch 11/30 | train_loss 1.1397 | union_precision 1.0000 | weighted_recall 0.2865 | consensus_recall 0.7692 | threshold 0.050
Epoch 12/30 | train_loss 1.1234 | union_precision 1.0000 | weighted_recall 0.2975 | consensus_recall 0.7692 | threshold 0.050
Epoch 13/30 | train_loss 1.1114 | union_precision 1.0000 | weighted_recall 0.2968 | consensus_recall 0.7692 | threshold 0.050
Epoch 14/30 | train_loss 1.1090 | union_precision 1.0000 | weighted_recall 0.2906 | consensus_recall 0.7692 | threshold 0.050
Epoch 15/30 | train_loss 1.1045 | union_precision 1.0000 | weighted_recall 0.3105 | consensus_recall 0.7692 | threshold 0.375
Epoch 16/30 | train_loss 1.0852 | union_precision 1.0000 | weighted_recall 0.3036 | consensus_recall 0.7692 | threshold 0.375
Epoch 17/30 | train_loss 1.0834 | union_precision 1.0000 | weighted_recall 0.3043 | consensus_recall 0.7692 | threshold 0.350
Epoch 18/30 | train_loss 1.0796 | union_precision 1.0000 | weighted_recall 0.3091 | consensus_recall 0.7692 | threshold 0.350
Early stopping at epoch 18
Held-out M30-3 | union_precision=1.0000 | weighted_recall=0.2968 | consensus_recall=0.7692
  oracle_stage_macro_f1=0.2219 | end_to_end_stage_macro_f1=0.0718
  end_to_end_stage_class_f1=low:0.0759,mid:0.0000,high:0.1395
Epoch 1/30 | train_loss 1.5137 | union_precision 0.9565 | weighted_recall 0.0676 | consensus_recall 0.0000 | threshold 0.575
Epoch 2/30 | train_loss 1.3747 | union_precision 0.9630 | weighted_recall 0.0959 | consensus_recall 0.0000 | threshold 0.550
Epoch 3/30 | train_loss 1.3171 | union_precision 1.0000 | weighted_recall 0.0974 | consensus_recall 0.0000 | threshold 0.575
Epoch 4/30 | train_loss 1.2671 | union_precision 0.9565 | weighted_recall 0.0868 | consensus_recall 0.0000 | threshold 0.575
Epoch 5/30 | train_loss 1.2392 | union_precision 0.9630 | weighted_recall 0.1034 | consensus_recall 0.1111 | threshold 0.550
Epoch 6/30 | train_loss 1.2068 | union_precision 0.9500 | weighted_recall 0.0843 | consensus_recall 0.0000 | threshold 0.575
Epoch 7/30 | train_loss 1.1846 | union_precision 0.9630 | weighted_recall 0.1165 | consensus_recall 0.0000 | threshold 0.550
Epoch 8/30 | train_loss 1.1752 | union_precision 0.9655 | weighted_recall 0.1438 | consensus_recall 0.0000 | threshold 0.550
Epoch 9/30 | train_loss 1.1629 | union_precision 0.9778 | weighted_recall 0.2427 | consensus_recall 0.2222 | threshold 0.500
Epoch 10/30 | train_loss 1.1461 | union_precision 0.9583 | weighted_recall 0.3229 | consensus_recall 0.3333 | threshold 0.475
Epoch 11/30 | train_loss 1.1403 | union_precision 0.9592 | weighted_recall 0.3259 | consensus_recall 0.3333 | threshold 0.475
Epoch 12/30 | train_loss 1.1255 | union_precision 0.9592 | weighted_recall 0.3174 | consensus_recall 0.3333 | threshold 0.475
Epoch 13/30 | train_loss 1.1133 | union_precision 0.9574 | weighted_recall 0.3169 | consensus_recall 0.3333 | threshold 0.500
Epoch 14/30 | train_loss 1.1126 | union_precision 0.9565 | weighted_recall 0.3310 | consensus_recall 0.3333 | threshold 0.500
Epoch 15/30 | train_loss 1.1090 | union_precision 0.9556 | weighted_recall 0.3300 | consensus_recall 0.3333 | threshold 0.500
Epoch 16/30 | train_loss 1.0871 | union_precision 0.9778 | weighted_recall 0.3340 | consensus_recall 0.3333 | threshold 0.500
Early stopping at epoch 16
Held-out M30-4 | union_precision=0.9592 | weighted_recall=0.3259 | consensus_recall=0.3333
  oracle_stage_macro_f1=0.3336 | end_to_end_stage_macro_f1=0.1968
  end_to_end_stage_class_f1=low:0.1990,mid:0.1333,high:0.2581
Epoch 1/30 | train_loss 1.5074 | union_precision 1.0000 | weighted_recall 0.2272 | consensus_recall 0.5000 | threshold 0.550
Epoch 2/30 | train_loss 1.3716 | union_precision 1.0000 | weighted_recall 0.2272 | consensus_recall 0.5000 | threshold 0.550
Epoch 3/30 | train_loss 1.3116 | union_precision 1.0000 | weighted_recall 0.2056 | consensus_recall 0.5000 | threshold 0.550
Epoch 4/30 | train_loss 1.2632 | union_precision 1.0000 | weighted_recall 0.2123 | consensus_recall 0.5000 | threshold 0.550
Epoch 5/30 | train_loss 1.2341 | union_precision 1.0000 | weighted_recall 0.2123 | consensus_recall 0.5000 | threshold 0.550
Epoch 6/30 | train_loss 1.2047 | union_precision 1.0000 | weighted_recall 0.1924 | consensus_recall 0.7500 | threshold 0.625
Early stopping at epoch 6
Held-out M33-1 | union_precision=1.0000 | weighted_recall=0.2272 | consensus_recall=0.5000
  oracle_stage_macro_f1=0.3520 | end_to_end_stage_macro_f1=0.1083
  end_to_end_stage_class_f1=low:0.2105,mid:0.1143,high:0.0000
Epoch 1/30 | train_loss 1.5101 | union_precision 0.9667 | weighted_recall 0.0622 | consensus_recall 0.0556 | threshold 0.525
Epoch 2/30 | train_loss 1.3742 | union_precision 0.9688 | weighted_recall 0.0578 | consensus_recall 0.0000 | threshold 0.525
Epoch 3/30 | train_loss 1.3152 | union_precision 0.9722 | weighted_recall 0.0748 | consensus_recall 0.0000 | threshold 0.525
Epoch 4/30 | train_loss 1.2639 | union_precision 0.9535 | weighted_recall 0.0952 | consensus_recall 0.0556 | threshold 0.500
Epoch 5/30 | train_loss 1.2359 | union_precision 0.9737 | weighted_recall 0.0848 | consensus_recall 0.0000 | threshold 0.525
Epoch 6/30 | train_loss 1.2076 | union_precision 0.9545 | weighted_recall 0.1436 | consensus_recall 0.2222 | threshold 0.450
Epoch 7/30 | train_loss 1.1846 | union_precision 0.9677 | weighted_recall 0.1646 | consensus_recall 0.2222 | threshold 0.050
Epoch 8/30 | train_loss 1.1763 | union_precision 0.9833 | weighted_recall 0.1657 | consensus_recall 0.2222 | threshold 0.475
Epoch 9/30 | train_loss 1.1619 | union_precision 0.9831 | weighted_recall 0.1684 | consensus_recall 0.2222 | threshold 0.475
Epoch 10/30 | train_loss 1.1461 | union_precision 0.9655 | weighted_recall 0.1783 | consensus_recall 0.3333 | threshold 0.450
Epoch 11/30 | train_loss 1.1401 | union_precision 0.9661 | weighted_recall 0.2097 | consensus_recall 0.4444 | threshold 0.050
Early stopping at epoch 11
Held-out M33-2 | union_precision=0.9545 | weighted_recall=0.1436 | consensus_recall=0.2222
  oracle_stage_macro_f1=0.2640 | end_to_end_stage_macro_f1=0.1568
  end_to_end_stage_class_f1=low:0.1000,mid:0.2167,high:0.1538
Epoch 1/30 | train_loss 1.5044 | union_precision 1.0000 | weighted_recall 0.0029 | consensus_recall 0.0000 | threshold 0.650
Epoch 2/30 | train_loss 1.3732 | union_precision 1.0000 | weighted_recall 0.0058 | consensus_recall 0.0000 | threshold 0.625
Epoch 3/30 | train_loss 1.3142 | union_precision 1.0000 | weighted_recall 0.0058 | consensus_recall 0.0000 | threshold 0.600
Epoch 4/30 | train_loss 1.2630 | union_precision 1.0000 | weighted_recall 0.0058 | consensus_recall 0.0000 | threshold 0.600
Epoch 5/30 | train_loss 1.2351 | union_precision 1.0000 | weighted_recall 0.1512 | consensus_recall 0.3333 | threshold 0.575
Epoch 6/30 | train_loss 1.2068 | union_precision 1.0000 | weighted_recall 0.1279 | consensus_recall 0.3333 | threshold 0.575
Epoch 7/30 | train_loss 1.1854 | union_precision 1.0000 | weighted_recall 0.2878 | consensus_recall 0.7778 | threshold 0.525
Epoch 8/30 | train_loss 1.1759 | union_precision 1.0000 | weighted_recall 0.2936 | consensus_recall 0.8889 | threshold 0.525
Epoch 9/30 | train_loss 1.1621 | union_precision 1.0000 | weighted_recall 0.2820 | consensus_recall 0.7778 | threshold 0.550
Epoch 10/30 | train_loss 1.1467 | union_precision 1.0000 | weighted_recall 0.3169 | consensus_recall 0.8889 | threshold 0.550
Epoch 11/30 | train_loss 1.1407 | union_precision 1.0000 | weighted_recall 0.2936 | consensus_recall 0.8889 | threshold 0.550
Epoch 12/30 | train_loss 1.1251 | union_precision 1.0000 | weighted_recall 0.2965 | consensus_recall 0.8889 | threshold 0.550
Epoch 13/30 | train_loss 1.1127 | union_precision 1.0000 | weighted_recall 0.3401 | consensus_recall 1.0000 | threshold 0.550
Epoch 14/30 | train_loss 1.1113 | union_precision 1.0000 | weighted_recall 0.3401 | consensus_recall 1.0000 | threshold 0.550
Epoch 15/30 | train_loss 1.1073 | union_precision 1.0000 | weighted_recall 0.3401 | consensus_recall 1.0000 | threshold 0.550
Epoch 16/30 | train_loss 1.0879 | union_precision 1.0000 | weighted_recall 0.3401 | consensus_recall 1.0000 | threshold 0.550
Epoch 17/30 | train_loss 1.0873 | union_precision 1.0000 | weighted_recall 0.3634 | consensus_recall 1.0000 | threshold 0.550
Epoch 18/30 | train_loss 1.0815 | union_precision 1.0000 | weighted_recall 0.4041 | consensus_recall 1.0000 | threshold 0.550
Epoch 19/30 | train_loss 1.0733 | union_precision 1.0000 | weighted_recall 0.4360 | consensus_recall 1.0000 | threshold 0.525
Epoch 20/30 | train_loss 1.0701 | union_precision 1.0000 | weighted_recall 0.4128 | consensus_recall 1.0000 | threshold 0.525
Epoch 21/30 | train_loss 1.0641 | union_precision 1.0000 | weighted_recall 0.4128 | consensus_recall 1.0000 | threshold 0.525
Epoch 22/30 | train_loss 1.0570 | union_precision 1.0000 | weighted_recall 0.3837 | consensus_recall 1.0000 | threshold 0.500
Epoch 23/30 | train_loss 1.0504 | union_precision 1.0000 | weighted_recall 0.3837 | consensus_recall 1.0000 | threshold 0.500
Epoch 24/30 | train_loss 1.0493 | union_precision 1.0000 | weighted_recall 0.3837 | consensus_recall 1.0000 | threshold 0.500
Early stopping at epoch 24
Held-out M33-3 | union_precision=1.0000 | weighted_recall=0.4360 | consensus_recall=1.0000
  oracle_stage_macro_f1=0.2996 | end_to_end_stage_macro_f1=0.2978
  end_to_end_stage_class_f1=low:0.1250,mid:0.3684,high:0.4000
Epoch 1/30 | train_loss 1.5170 | union_precision 0.9286 | weighted_recall 0.1680 | consensus_recall 0.0000 | threshold 0.050
Epoch 2/30 | train_loss 1.3769 | union_precision 0.9518 | weighted_recall 0.1811 | consensus_recall 0.0833 | threshold 0.050
Epoch 3/30 | train_loss 1.2966 | union_precision 0.9437 | weighted_recall 0.1663 | consensus_recall 0.1667 | threshold 0.525
Epoch 4/30 | train_loss 1.2628 | union_precision 0.9481 | weighted_recall 0.1927 | consensus_recall 0.1667 | threshold 0.500
Epoch 5/30 | train_loss 1.2298 | union_precision 0.9610 | weighted_recall 0.2244 | consensus_recall 0.7500 | threshold 0.500
Epoch 6/30 | train_loss 1.1996 | union_precision 0.9615 | weighted_recall 0.2239 | consensus_recall 0.8333 | threshold 0.050
Epoch 7/30 | train_loss 1.1906 | union_precision 0.9744 | weighted_recall 0.2233 | consensus_recall 0.8333 | threshold 0.050
Early stopping at epoch 7
Held-out M33-4 | union_precision=0.9518 | weighted_recall=0.1811 | consensus_recall=0.0833
  oracle_stage_macro_f1=0.3313 | end_to_end_stage_macro_f1=0.1241
  end_to_end_stage_class_f1=low:0.1865,mid:0.1143,high:0.0714
Epoch 1/30 | train_loss 1.5114 | union_precision 1.0000 | weighted_recall 0.0017 | consensus_recall 0.0000 | threshold 0.700
Epoch 2/30 | train_loss 1.3719 | union_precision 0.8824 | weighted_recall 0.1965 | consensus_recall 0.7778 | threshold 0.500
Epoch 3/30 | train_loss 1.3162 | union_precision 0.8462 | weighted_recall 0.0966 | consensus_recall 0.5556 | threshold 0.575
Epoch 4/30 | train_loss 1.2589 | union_precision 0.8696 | weighted_recall 0.0892 | consensus_recall 0.5556 | threshold 0.575
Epoch 5/30 | train_loss 1.2329 | union_precision 0.8846 | weighted_recall 0.1107 | consensus_recall 0.6667 | threshold 0.575
Epoch 6/30 | train_loss 1.2039 | union_precision 0.8846 | weighted_recall 0.1107 | consensus_recall 0.6667 | threshold 0.575
Early stopping at epoch 6
Held-out M41-1 | union_precision=1.0000 | weighted_recall=0.0017 | consensus_recall=0.0000
  oracle_stage_macro_f1=0.3669 | end_to_end_stage_macro_f1=0.0000
  end_to_end_stage_class_f1=low:0.0000,mid:0.0000,high:0.0000
Epoch 1/30 | train_loss 1.5062 | union_precision 0.9600 | weighted_recall 0.2219 | consensus_recall 1.0000 | threshold 0.050
Epoch 2/30 | train_loss 1.3686 | union_precision 0.9600 | weighted_recall 0.2118 | consensus_recall 1.0000 | threshold 0.050
Epoch 3/30 | train_loss 1.3132 | union_precision 0.9600 | weighted_recall 0.2305 | consensus_recall 1.0000 | threshold 0.050
Epoch 4/30 | train_loss 1.2556 | union_precision 0.9600 | weighted_recall 0.2305 | consensus_recall 1.0000 | threshold 0.050
Epoch 5/30 | train_loss 1.2312 | union_precision 0.9600 | weighted_recall 0.2291 | consensus_recall 1.0000 | threshold 0.050
Epoch 6/30 | train_loss 1.2048 | union_precision 0.9600 | weighted_recall 0.2262 | consensus_recall 1.0000 | threshold 0.050
Epoch 7/30 | train_loss 1.1835 | union_precision 1.0000 | weighted_recall 0.2651 | consensus_recall 1.0000 | threshold 0.050
Epoch 8/30 | train_loss 1.1717 | union_precision 1.0000 | weighted_recall 0.3112 | consensus_recall 1.0000 | threshold 0.050
Epoch 9/30 | train_loss 1.1580 | union_precision 1.0000 | weighted_recall 0.3372 | consensus_recall 1.0000 | threshold 0.050
Epoch 10/30 | train_loss 1.1422 | union_precision 1.0000 | weighted_recall 0.3372 | consensus_recall 1.0000 | threshold 0.475
Epoch 11/30 | train_loss 1.1390 | union_precision 0.9655 | weighted_recall 0.3429 | consensus_recall 1.0000 | threshold 0.050
Epoch 12/30 | train_loss 1.1210 | union_precision 0.9655 | weighted_recall 0.3213 | consensus_recall 0.7500 | threshold 0.050
Epoch 13/30 | train_loss 1.1091 | union_precision 0.9655 | weighted_recall 0.3213 | consensus_recall 0.7500 | threshold 0.050
Epoch 14/30 | train_loss 1.1083 | union_precision 0.9655 | weighted_recall 0.3213 | consensus_recall 0.7500 | threshold 0.050
Early stopping at epoch 14
Held-out M41-2 | union_precision=1.0000 | weighted_recall=0.3372 | consensus_recall=1.0000
  oracle_stage_macro_f1=0.2755 | end_to_end_stage_macro_f1=0.1453
  end_to_end_stage_class_f1=low:0.2034,mid:0.2326,high:0.0000
Epoch 1/30 | train_loss 1.5088 | union_precision 1.0000 | weighted_recall 0.1652 | consensus_recall 0.5000 | threshold 0.625
Epoch 2/30 | train_loss 1.3704 | union_precision 1.0000 | weighted_recall 0.1485 | consensus_recall 0.5000 | threshold 0.625
Epoch 3/30 | train_loss 1.3135 | union_precision 0.9688 | weighted_recall 0.2599 | consensus_recall 0.2500 | threshold 0.050
Epoch 4/30 | train_loss 1.2553 | union_precision 0.9677 | weighted_recall 0.2843 | consensus_recall 0.5000 | threshold 0.475
Epoch 5/30 | train_loss 1.2328 | union_precision 1.0000 | weighted_recall 0.1805 | consensus_recall 0.7500 | threshold 0.650
Epoch 6/30 | train_loss 1.2051 | union_precision 1.0000 | weighted_recall 0.1805 | consensus_recall 0.7500 | threshold 0.650
Epoch 7/30 | train_loss 1.1846 | union_precision 0.9583 | weighted_recall 0.2650 | consensus_recall 0.7500 | threshold 0.525
Epoch 8/30 | train_loss 1.1718 | union_precision 0.9600 | weighted_recall 0.2663 | consensus_recall 0.7500 | threshold 0.525
Early stopping at epoch 8
Held-out M41-3 | union_precision=0.9688 | weighted_recall=0.2599 | consensus_recall=0.2500
  oracle_stage_macro_f1=0.3221 | end_to_end_stage_macro_f1=0.2084
  end_to_end_stage_class_f1=low:0.1613,mid:0.2286,high:0.2353
Epoch 1/30 | train_loss 1.5112 | union_precision 0.9630 | weighted_recall 0.3045 | consensus_recall 0.9000 | threshold 0.050
Epoch 2/30 | train_loss 1.3740 | union_precision 0.9643 | weighted_recall 0.3369 | consensus_recall 1.0000 | threshold 0.050
Epoch 3/30 | train_loss 1.3182 | union_precision 1.0000 | weighted_recall 0.1516 | consensus_recall 0.4000 | threshold 0.575
Epoch 4/30 | train_loss 1.2574 | union_precision 0.9630 | weighted_recall 0.3911 | consensus_recall 1.0000 | threshold 0.050
Epoch 5/30 | train_loss 1.2340 | union_precision 0.9630 | weighted_recall 0.3911 | consensus_recall 1.0000 | threshold 0.050
Epoch 6/30 | train_loss 1.2072 | union_precision 0.9643 | weighted_recall 0.3870 | consensus_recall 0.9000 | threshold 0.050
Epoch 7/30 | train_loss 1.1868 | union_precision 0.9655 | weighted_recall 0.2666 | consensus_recall 0.6000 | threshold 0.050
Epoch 8/30 | train_loss 1.1733 | union_precision 0.9655 | weighted_recall 0.2652 | consensus_recall 0.6000 | threshold 0.050
Epoch 9/30 | train_loss 1.1598 | union_precision 0.9655 | weighted_recall 0.2693 | consensus_recall 0.6000 | threshold 0.050
Epoch 10/30 | train_loss 1.1447 | union_precision 0.9714 | weighted_recall 0.3234 | consensus_recall 0.6000 | threshold 0.050
Epoch 11/30 | train_loss 1.1412 | union_precision 0.9730 | weighted_recall 0.3532 | consensus_recall 0.6000 | threshold 0.050
Epoch 12/30 | train_loss 1.1239 | union_precision 0.9730 | weighted_recall 0.3532 | consensus_recall 0.6000 | threshold 0.050
Epoch 13/30 | train_loss 1.1106 | union_precision 0.9730 | weighted_recall 0.3532 | consensus_recall 0.6000 | threshold 0.050
Epoch 14/30 | train_loss 1.1122 | union_precision 1.0000 | weighted_recall 0.3532 | consensus_recall 0.6000 | threshold 0.500
Epoch 15/30 | train_loss 1.1045 | union_precision 1.0000 | weighted_recall 0.3396 | consensus_recall 0.6000 | threshold 0.475
Epoch 16/30 | train_loss 1.0881 | union_precision 1.0000 | weighted_recall 0.3572 | consensus_recall 0.6000 | threshold 0.450
Epoch 17/30 | train_loss 1.0863 | union_precision 1.0000 | weighted_recall 0.3572 | consensus_recall 0.6000 | threshold 0.425
Epoch 18/30 | train_loss 1.0826 | union_precision 1.0000 | weighted_recall 0.3802 | consensus_recall 0.7000 | threshold 0.400
Epoch 19/30 | train_loss 1.0712 | union_precision 1.0000 | weighted_recall 0.3735 | consensus_recall 0.8000 | threshold 0.375
Epoch 20/30 | train_loss 1.0688 | union_precision 1.0000 | weighted_recall 0.4046 | consensus_recall 0.9000 | threshold 0.350
Epoch 21/30 | train_loss 1.0645 | union_precision 1.0000 | weighted_recall 0.4560 | consensus_recall 1.0000 | threshold 0.325
Epoch 22/30 | train_loss 1.0571 | union_precision 1.0000 | weighted_recall 0.4560 | consensus_recall 1.0000 | threshold 0.300
Epoch 23/30 | train_loss 1.0496 | union_precision 1.0000 | weighted_recall 0.4560 | consensus_recall 1.0000 | threshold 0.275
Epoch 24/30 | train_loss 1.0501 | union_precision 1.0000 | weighted_recall 0.4817 | consensus_recall 1.0000 | threshold 0.275
Epoch 25/30 | train_loss 1.0451 | union_precision 1.0000 | weighted_recall 0.4817 | consensus_recall 1.0000 | threshold 0.250
Epoch 26/30 | train_loss 1.0441 | union_precision 1.0000 | weighted_recall 0.4817 | consensus_recall 1.0000 | threshold 0.225
Epoch 27/30 | train_loss 1.0364 | union_precision 1.0000 | weighted_recall 0.4817 | consensus_recall 1.0000 | threshold 0.200
Epoch 28/30 | train_loss 1.0310 | union_precision 1.0000 | weighted_recall 0.5047 | consensus_recall 1.0000 | threshold 0.175
Epoch 29/30 | train_loss 1.0221 | union_precision 1.0000 | weighted_recall 0.5047 | consensus_recall 1.0000 | threshold 0.150
Epoch 30/30 | train_loss 1.0204 | union_precision 1.0000 | weighted_recall 0.5142 | consensus_recall 0.9000 | threshold 0.150
Held-out M41-4 | union_precision=1.0000 | weighted_recall=0.5047 | consensus_recall=1.0000
  oracle_stage_macro_f1=0.3383 | end_to_end_stage_macro_f1=0.2081
  end_to_end_stage_class_f1=low:0.1930,mid:0.3404,high:0.0909
Epoch 1/30 | train_loss 1.5092 | union_precision 0.8000 | weighted_recall 0.1830 | consensus_recall 0.4545 | threshold 0.400
Epoch 2/30 | train_loss 1.3751 | union_precision 1.0000 | weighted_recall 0.0188 | consensus_recall 0.0000 | threshold 0.700
Epoch 3/30 | train_loss 1.3138 | union_precision 1.0000 | weighted_recall 0.0260 | consensus_recall 0.0909 | threshold 0.700
Epoch 4/30 | train_loss 1.2561 | union_precision 1.0000 | weighted_recall 0.0260 | consensus_recall 0.0909 | threshold 0.700
Epoch 5/30 | train_loss 1.2334 | union_precision 1.0000 | weighted_recall 0.0395 | consensus_recall 0.1818 | threshold 0.675
Epoch 6/30 | train_loss 1.2046 | union_precision 1.0000 | weighted_recall 0.0395 | consensus_recall 0.1818 | threshold 0.675
Epoch 7/30 | train_loss 1.1851 | union_precision 1.0000 | weighted_recall 0.0619 | consensus_recall 0.2727 | threshold 0.625
Epoch 8/30 | train_loss 1.1721 | union_precision 1.0000 | weighted_recall 0.0395 | consensus_recall 0.1818 | threshold 0.675
Epoch 9/30 | train_loss 1.1587 | union_precision 1.0000 | weighted_recall 0.0395 | consensus_recall 0.1818 | threshold 0.700
Epoch 10/30 | train_loss 1.1442 | union_precision 1.0000 | weighted_recall 0.0395 | consensus_recall 0.1818 | threshold 0.725
Epoch 11/30 | train_loss 1.1401 | union_precision 1.0000 | weighted_recall 0.0502 | consensus_recall 0.1818 | threshold 0.725
Epoch 12/30 | train_loss 1.1218 | union_precision 1.0000 | weighted_recall 0.0610 | consensus_recall 0.2727 | threshold 0.725
Early stopping at epoch 12
Held-out M50-1 | union_precision=1.0000 | weighted_recall=0.0619 | consensus_recall=0.2727
  oracle_stage_macro_f1=0.3187 | end_to_end_stage_macro_f1=0.0741
  end_to_end_stage_class_f1=low:0.0000,mid:0.2222,high:0.0000
Epoch 1/30 | train_loss 1.5108 | union_precision 1.0000 | weighted_recall 0.0245 | consensus_recall 0.0000 | threshold 0.650
Epoch 2/30 | train_loss 1.3738 | union_precision 1.0000 | weighted_recall 0.0119 | consensus_recall 0.0000 | threshold 0.650
Epoch 3/30 | train_loss 1.3159 | union_precision 1.0000 | weighted_recall 0.0119 | consensus_recall 0.0000 | threshold 0.650
Epoch 4/30 | train_loss 1.2554 | union_precision 1.0000 | weighted_recall 0.0103 | consensus_recall 0.0000 | threshold 0.650
Epoch 5/30 | train_loss 1.2306 | union_precision 1.0000 | weighted_recall 0.0411 | consensus_recall 0.1000 | threshold 0.625
Epoch 6/30 | train_loss 1.2026 | union_precision 1.0000 | weighted_recall 0.0498 | consensus_recall 0.1000 | threshold 0.625
Epoch 7/30 | train_loss 1.1851 | union_precision 1.0000 | weighted_recall 0.0577 | consensus_recall 0.1000 | threshold 0.600
Epoch 8/30 | train_loss 1.1722 | union_precision 0.9500 | weighted_recall 0.1447 | consensus_recall 0.2000 | threshold 0.550
Epoch 9/30 | train_loss 1.1585 | union_precision 0.9524 | weighted_recall 0.1494 | consensus_recall 0.3000 | threshold 0.550
Epoch 10/30 | train_loss 1.1433 | union_precision 0.9630 | weighted_recall 0.1447 | consensus_recall 0.3000 | threshold 0.525
Epoch 11/30 | train_loss 1.1397 | union_precision 0.9630 | weighted_recall 0.1447 | consensus_recall 0.3000 | threshold 0.525
Epoch 12/30 | train_loss 1.1211 | union_precision 1.0000 | weighted_recall 0.1462 | consensus_recall 0.3000 | threshold 0.525
Epoch 13/30 | train_loss 1.1086 | union_precision 0.9643 | weighted_recall 0.1534 | consensus_recall 0.3000 | threshold 0.525
Epoch 14/30 | train_loss 1.1105 | union_precision 0.9655 | weighted_recall 0.1644 | consensus_recall 0.3000 | threshold 0.525
Epoch 15/30 | train_loss 1.1038 | union_precision 0.9583 | weighted_recall 0.1644 | consensus_recall 0.3000 | threshold 0.575
Epoch 16/30 | train_loss 1.0864 | union_precision 1.0000 | weighted_recall 0.1826 | consensus_recall 0.4000 | threshold 0.575
Epoch 17/30 | train_loss 1.0848 | union_precision 0.9706 | weighted_recall 0.2648 | consensus_recall 0.8000 | threshold 0.500
Epoch 18/30 | train_loss 1.0790 | union_precision 0.9706 | weighted_recall 0.2767 | consensus_recall 0.7000 | threshold 0.500
Epoch 19/30 | train_loss 1.0690 | union_precision 0.9714 | weighted_recall 0.2941 | consensus_recall 0.8000 | threshold 0.500
Epoch 20/30 | train_loss 1.0669 | union_precision 0.9500 | weighted_recall 0.3423 | consensus_recall 0.9000 | threshold 0.400
Epoch 21/30 | train_loss 1.0621 | union_precision 0.9722 | weighted_recall 0.3296 | consensus_recall 0.9000 | threshold 0.500
Epoch 22/30 | train_loss 1.0533 | union_precision 0.9500 | weighted_recall 0.2941 | consensus_recall 0.7000 | threshold 0.450
Epoch 23/30 | train_loss 1.0477 | union_precision 0.9714 | weighted_recall 0.2909 | consensus_recall 0.7000 | threshold 0.500
Epoch 24/30 | train_loss 1.0476 | union_precision 0.9714 | weighted_recall 0.2909 | consensus_recall 0.7000 | threshold 0.500
Epoch 25/30 | train_loss 1.0412 | union_precision 0.9722 | weighted_recall 0.2957 | consensus_recall 0.7000 | threshold 0.500
Early stopping at epoch 25
Held-out M50-2 | union_precision=0.9500 | weighted_recall=0.3423 | consensus_recall=0.9000
  oracle_stage_macro_f1=0.2977 | end_to_end_stage_macro_f1=0.1215
  end_to_end_stage_class_f1=low:0.2517,mid:0.0294,high:0.0833
Epoch 1/30 | train_loss 1.5161 | union_precision 0.9540 | weighted_recall 0.2995 | consensus_recall 0.6000 | threshold 0.425
Epoch 2/30 | train_loss 1.3726 | union_precision 0.9663 | weighted_recall 0.3300 | consensus_recall 0.7600 | threshold 0.050
Epoch 3/30 | train_loss 1.3212 | union_precision 0.9889 | weighted_recall 0.3361 | consensus_recall 0.7600 | threshold 0.050
Epoch 4/30 | train_loss 1.2581 | union_precision 0.9775 | weighted_recall 0.3199 | consensus_recall 0.7600 | threshold 0.050
Epoch 5/30 | train_loss 1.2338 | union_precision 0.9770 | weighted_recall 0.3119 | consensus_recall 0.7600 | threshold 0.050
Epoch 6/30 | train_loss 1.2053 | union_precision 0.9885 | weighted_recall 0.3446 | consensus_recall 0.8800 | threshold 0.050
Epoch 7/30 | train_loss 1.1871 | union_precision 0.9886 | weighted_recall 0.3507 | consensus_recall 0.8800 | threshold 0.050
Epoch 8/30 | train_loss 1.1738 | union_precision 0.9888 | weighted_recall 0.3454 | consensus_recall 0.9200 | threshold 0.050
Early stopping at epoch 8
Held-out M50-3 | union_precision=0.9889 | weighted_recall=0.3361 | consensus_recall=0.7600
  oracle_stage_macro_f1=0.3925 | end_to_end_stage_macro_f1=0.2125
  end_to_end_stage_class_f1=low:0.2054,mid:0.2752,high:0.1569
Epoch 1/30 | train_loss 1.5115 | union_precision 1.0000 | weighted_recall 0.0143 | consensus_recall 0.1429 | threshold 0.600
Epoch 2/30 | train_loss 1.3739 | union_precision 1.0000 | weighted_recall 0.0011 | consensus_recall 0.0714 | threshold 0.625
Epoch 3/30 | train_loss 1.3139 | union_precision 1.0000 | weighted_recall 0.0005 | consensus_recall 0.0714 | threshold 0.625
Epoch 4/30 | train_loss 1.2551 | union_precision 1.0000 | weighted_recall 0.0016 | consensus_recall 0.0714 | threshold 0.625
Epoch 5/30 | train_loss 1.2290 | union_precision 1.0000 | weighted_recall 0.0011 | consensus_recall 0.0714 | threshold 0.625
Epoch 6/30 | train_loss 1.2010 | union_precision 1.0000 | weighted_recall 0.0016 | consensus_recall 0.1429 | threshold 0.625
Early stopping at epoch 6
Held-out M56-1 | union_precision=1.0000 | weighted_recall=0.0143 | consensus_recall=0.1429
  oracle_stage_macro_f1=0.3245 | end_to_end_stage_macro_f1=0.0109
  end_to_end_stage_class_f1=low:0.0074,mid:0.0253,high:0.0000
Epoch 1/30 | train_loss 1.5032 | union_precision 0.9667 | weighted_recall 0.1556 | consensus_recall 0.4000 | threshold 0.500
Epoch 2/30 | train_loss 1.3693 | union_precision 0.9583 | weighted_recall 0.1080 | consensus_recall 0.3000 | threshold 0.550
Epoch 3/30 | train_loss 1.3114 | union_precision 1.0000 | weighted_recall 0.0221 | consensus_recall 0.0000 | threshold 0.625
Epoch 4/30 | train_loss 1.2536 | union_precision 1.0000 | weighted_recall 0.0196 | consensus_recall 0.0000 | threshold 0.625
Epoch 5/30 | train_loss 1.2264 | union_precision 1.0000 | weighted_recall 0.0196 | consensus_recall 0.0000 | threshold 0.625
Epoch 6/30 | train_loss 1.2012 | union_precision 1.0000 | weighted_recall 0.0196 | consensus_recall 0.0000 | threshold 0.625
Early stopping at epoch 6
Held-out M56-2 | union_precision=0.9667 | weighted_recall=0.1556 | consensus_recall=0.4000
  oracle_stage_macro_f1=0.2801 | end_to_end_stage_macro_f1=0.0912
  end_to_end_stage_class_f1=low:0.0171,mid:0.1613,high:0.0952
Epoch 1/30 | train_loss 1.5132 | union_precision 0.9538 | weighted_recall 0.1543 | consensus_recall 0.3462 | threshold 0.550
Epoch 2/30 | train_loss 1.3788 | union_precision 0.9531 | weighted_recall 0.1856 | consensus_recall 0.4231 | threshold 0.550
Epoch 3/30 | train_loss 1.3196 | union_precision 0.9839 | weighted_recall 0.1929 | consensus_recall 0.4231 | threshold 0.550
Epoch 4/30 | train_loss 1.2611 | union_precision 0.9595 | weighted_recall 0.2246 | consensus_recall 0.5385 | threshold 0.500
Epoch 5/30 | train_loss 1.2325 | union_precision 0.9571 | weighted_recall 0.2276 | consensus_recall 0.5000 | threshold 0.525
Epoch 6/30 | train_loss 1.2071 | union_precision 0.9630 | weighted_recall 0.2589 | consensus_recall 0.6154 | threshold 0.050
Epoch 7/30 | train_loss 1.1896 | union_precision 0.9565 | weighted_recall 0.2552 | consensus_recall 0.5385 | threshold 0.550
Epoch 8/30 | train_loss 1.1775 | union_precision 0.9500 | weighted_recall 0.2539 | consensus_recall 0.6154 | threshold 0.500
Epoch 9/30 | train_loss 1.1617 | union_precision 0.9500 | weighted_recall 0.2559 | consensus_recall 0.6154 | threshold 0.500
Epoch 10/30 | train_loss 1.1484 | union_precision 0.9531 | weighted_recall 0.2246 | consensus_recall 0.4615 | threshold 0.575
Epoch 11/30 | train_loss 1.1386 | union_precision 0.9538 | weighted_recall 0.2286 | consensus_recall 0.4615 | threshold 0.575
Early stopping at epoch 11
Held-out M56-3 | union_precision=0.9630 | weighted_recall=0.2589 | consensus_recall=0.6154
  oracle_stage_macro_f1=0.2065 | end_to_end_stage_macro_f1=0.0707
  end_to_end_stage_class_f1=low:0.0533,mid:0.0992,high:0.0597
Epoch 1/30 | train_loss 1.5077 | union_precision 1.0000 | weighted_recall 0.0049 | consensus_recall 0.0000 | threshold 0.700
Epoch 2/30 | train_loss 1.3748 | union_precision 1.0000 | weighted_recall 0.0049 | consensus_recall 0.0000 | threshold 0.700
Epoch 3/30 | train_loss 1.3169 | union_precision 1.0000 | weighted_recall 0.0049 | consensus_recall 0.0000 | threshold 0.700
Epoch 4/30 | train_loss 1.2548 | union_precision 1.0000 | weighted_recall 0.0176 | consensus_recall 0.0000 | threshold 0.650
Epoch 5/30 | train_loss 1.2292 | union_precision 1.0000 | weighted_recall 0.0288 | consensus_recall 0.0000 | threshold 0.625
Epoch 6/30 | train_loss 1.2007 | union_precision 1.0000 | weighted_recall 0.0288 | consensus_recall 0.0000 | threshold 0.625
Epoch 7/30 | train_loss 1.1847 | union_precision 0.9524 | weighted_recall 0.0802 | consensus_recall 0.0909 | threshold 0.550
Epoch 8/30 | train_loss 1.1711 | union_precision 1.0000 | weighted_recall 0.0752 | consensus_recall 0.1818 | threshold 0.550
Epoch 9/30 | train_loss 1.1554 | union_precision 0.9615 | weighted_recall 0.0935 | consensus_recall 0.1818 | threshold 0.550
Epoch 10/30 | train_loss 1.1415 | union_precision 0.9688 | weighted_recall 0.1322 | consensus_recall 0.3636 | threshold 0.525
Epoch 11/30 | train_loss 1.1312 | union_precision 0.9706 | weighted_recall 0.1357 | consensus_recall 0.4545 | threshold 0.525
Epoch 12/30 | train_loss 1.1160 | union_precision 0.9643 | weighted_recall 0.0886 | consensus_recall 0.2727 | threshold 0.550
Epoch 13/30 | train_loss 1.1058 | union_precision 0.9677 | weighted_recall 0.1203 | consensus_recall 0.4545 | threshold 0.550
Epoch 14/30 | train_loss 1.1060 | union_precision 0.9688 | weighted_recall 0.1217 | consensus_recall 0.4545 | threshold 0.550
Epoch 15/30 | train_loss 1.0986 | union_precision 0.9655 | weighted_recall 0.1034 | consensus_recall 0.3636 | threshold 0.575
Epoch 16/30 | train_loss 1.0845 | union_precision 0.9677 | weighted_recall 0.1217 | consensus_recall 0.4545 | threshold 0.575
Early stopping at epoch 16
Held-out M59-1 | union_precision=0.9706 | weighted_recall=0.1357 | consensus_recall=0.4545
  oracle_stage_macro_f1=0.3101 | end_to_end_stage_macro_f1=0.1164
  end_to_end_stage_class_f1=low:0.1850,mid:0.0690,high:0.0952
Epoch 1/30 | train_loss 1.5063 | union_precision 0.9600 | weighted_recall 0.1874 | consensus_recall 0.6154 | threshold 0.550
Epoch 2/30 | train_loss 1.3784 | union_precision 1.0000 | weighted_recall 0.2256 | consensus_recall 0.7692 | threshold 0.550
Epoch 3/30 | train_loss 1.3216 | union_precision 1.0000 | weighted_recall 0.2569 | consensus_recall 0.8462 | threshold 0.550
Epoch 4/30 | train_loss 1.2573 | union_precision 0.9615 | weighted_recall 0.2562 | consensus_recall 0.8462 | threshold 0.550
Epoch 5/30 | train_loss 1.2342 | union_precision 0.9630 | weighted_recall 0.2645 | consensus_recall 0.8462 | threshold 0.550
Epoch 6/30 | train_loss 1.2044 | union_precision 0.9643 | weighted_recall 0.2651 | consensus_recall 0.8462 | threshold 0.550
Epoch 7/30 | train_loss 1.1893 | union_precision 0.9677 | weighted_recall 0.2925 | consensus_recall 0.8462 | threshold 0.550
Epoch 8/30 | train_loss 1.1750 | union_precision 0.9524 | weighted_recall 0.3467 | consensus_recall 1.0000 | threshold 0.050
Epoch 9/30 | train_loss 1.1597 | union_precision 0.9524 | weighted_recall 0.3467 | consensus_recall 1.0000 | threshold 0.050
Epoch 10/30 | train_loss 1.1460 | union_precision 0.9524 | weighted_recall 0.3467 | consensus_recall 1.0000 | threshold 0.050
Epoch 11/30 | train_loss 1.1365 | union_precision 0.9524 | weighted_recall 0.3467 | consensus_recall 1.0000 | threshold 0.050
Epoch 12/30 | train_loss 1.1207 | union_precision 0.9524 | weighted_recall 0.3499 | consensus_recall 1.0000 | threshold 0.050
Epoch 13/30 | train_loss 1.1115 | union_precision 0.9524 | weighted_recall 0.3499 | consensus_recall 1.0000 | threshold 0.050
Epoch 14/30 | train_loss 1.1104 | union_precision 0.9500 | weighted_recall 0.3378 | consensus_recall 0.9231 | threshold 0.400
Epoch 15/30 | train_loss 1.1035 | union_precision 0.9500 | weighted_recall 0.3461 | consensus_recall 0.7692 | threshold 0.400
Epoch 16/30 | train_loss 1.0878 | union_precision 1.0000 | weighted_recall 0.3257 | consensus_recall 0.7692 | threshold 0.525
Epoch 17/30 | train_loss 1.0880 | union_precision 1.0000 | weighted_recall 0.3117 | consensus_recall 0.6923 | threshold 0.500
Early stopping at epoch 17
Held-out M59-2 | union_precision=0.9524 | weighted_recall=0.3499 | consensus_recall=1.0000
  oracle_stage_macro_f1=0.3701 | end_to_end_stage_macro_f1=0.2422
  end_to_end_stage_class_f1=low:0.1718,mid:0.3548,high:0.2000
Epoch 1/30 | train_loss 1.5075 | union_precision 0.9508 | weighted_recall 0.3191 | consensus_recall 0.6923 | threshold 0.475
Epoch 2/30 | train_loss 1.3793 | union_precision 1.0000 | weighted_recall 0.0149 | consensus_recall 0.0000 | threshold 0.650
Epoch 3/30 | train_loss 1.3211 | union_precision 1.0000 | weighted_recall 0.0050 | consensus_recall 0.0000 | threshold 0.675
Epoch 4/30 | train_loss 1.2570 | union_precision 1.0000 | weighted_recall 0.0199 | consensus_recall 0.0769 | threshold 0.675
Epoch 5/30 | train_loss 1.2318 | union_precision 1.0000 | weighted_recall 0.0091 | consensus_recall 0.0000 | threshold 0.700
Epoch 6/30 | train_loss 1.2043 | union_precision 1.0000 | weighted_recall 0.0140 | consensus_recall 0.0000 | threshold 0.700
Early stopping at epoch 6
Held-out M59-3 | union_precision=0.9508 | weighted_recall=0.3191 | consensus_recall=0.6923
  oracle_stage_macro_f1=0.4060 | end_to_end_stage_macro_f1=0.1994
  end_to_end_stage_class_f1=low:0.2390,mid:0.2683,high:0.0909
Epoch 1/30 | train_loss 1.5047 | union_precision 0.8333 | weighted_recall 0.1048 | consensus_recall 0.2000 | threshold 0.550
Epoch 2/30 | train_loss 1.3759 | union_precision 0.8800 | weighted_recall 0.1215 | consensus_recall 0.3000 | threshold 0.525
Epoch 3/30 | train_loss 1.3191 | union_precision 1.0000 | weighted_recall 0.0067 | consensus_recall 0.0000 | threshold 0.650
Epoch 4/30 | train_loss 1.2581 | union_precision 1.0000 | weighted_recall 0.0411 | consensus_recall 0.1000 | threshold 0.625
Epoch 5/30 | train_loss 1.2315 | union_precision 1.0000 | weighted_recall 0.0327 | consensus_recall 0.1000 | threshold 0.650
Epoch 6/30 | train_loss 1.2048 | union_precision 0.9512 | weighted_recall 0.3135 | consensus_recall 0.7000 | threshold 0.050
Epoch 7/30 | train_loss 1.1905 | union_precision 0.9524 | weighted_recall 0.3345 | consensus_recall 0.7000 | threshold 0.050
Epoch 8/30 | train_loss 1.1730 | union_precision 1.0000 | weighted_recall 0.0310 | consensus_recall 0.0000 | threshold 0.675
Epoch 9/30 | train_loss 1.1583 | union_precision 0.9524 | weighted_recall 0.1609 | consensus_recall 0.4000 | threshold 0.600
Epoch 10/30 | train_loss 1.1449 | union_precision 0.9688 | weighted_recall 0.2733 | consensus_recall 0.6000 | threshold 0.575
Epoch 11/30 | train_loss 1.1349 | union_precision 1.0000 | weighted_recall 0.2867 | consensus_recall 0.6000 | threshold 0.575
Epoch 12/30 | train_loss 1.1201 | union_precision 0.9512 | weighted_recall 0.3219 | consensus_recall 0.7000 | threshold 0.050
Early stopping at epoch 12
Held-out M63-1 | union_precision=0.9524 | weighted_recall=0.3345 | consensus_recall=0.7000
  oracle_stage_macro_f1=0.3127 | end_to_end_stage_macro_f1=0.1273
  end_to_end_stage_class_f1=low:0.1560,mid:0.2258,high:0.0000
Epoch 1/30 | train_loss 1.5046 | union_precision 1.0000 | weighted_recall 0.0327 | consensus_recall 0.1429 | threshold 0.625
Epoch 2/30 | train_loss 1.3746 | union_precision 1.0000 | weighted_recall 0.0810 | consensus_recall 0.2857 | threshold 0.600
Epoch 3/30 | train_loss 1.3187 | union_precision 1.0000 | weighted_recall 0.0982 | consensus_recall 0.2857 | threshold 0.600
Epoch 4/30 | train_loss 1.2566 | union_precision 1.0000 | weighted_recall 0.0786 | consensus_recall 0.1429 | threshold 0.600
Epoch 5/30 | train_loss 1.2289 | union_precision 1.0000 | weighted_recall 0.0786 | consensus_recall 0.1429 | threshold 0.600
Epoch 6/30 | train_loss 1.2034 | union_precision 1.0000 | weighted_recall 0.2046 | consensus_recall 0.4286 | threshold 0.575
Epoch 7/30 | train_loss 1.1899 | union_precision 1.0000 | weighted_recall 0.1268 | consensus_recall 0.2857 | threshold 0.600
Epoch 8/30 | train_loss 1.1736 | union_precision 1.0000 | weighted_recall 0.3069 | consensus_recall 0.7143 | threshold 0.525
Epoch 9/30 | train_loss 1.1590 | union_precision 1.0000 | weighted_recall 0.3101 | consensus_recall 0.7143 | threshold 0.525
Epoch 10/30 | train_loss 1.1439 | union_precision 1.0000 | weighted_recall 0.3167 | consensus_recall 0.8571 | threshold 0.525
Epoch 11/30 | train_loss 1.1345 | union_precision 0.9697 | weighted_recall 0.3265 | consensus_recall 0.8571 | threshold 0.050
Epoch 12/30 | train_loss 1.1195 | union_precision 1.0000 | weighted_recall 0.3265 | consensus_recall 0.8571 | threshold 0.500
Epoch 13/30 | train_loss 1.1098 | union_precision 1.0000 | weighted_recall 0.3265 | consensus_recall 0.8571 | threshold 0.500
Epoch 14/30 | train_loss 1.1087 | union_precision 0.9697 | weighted_recall 0.3306 | consensus_recall 0.8571 | threshold 0.050
Epoch 15/30 | train_loss 1.1032 | union_precision 0.9697 | weighted_recall 0.3306 | consensus_recall 0.8571 | threshold 0.050
Epoch 16/30 | train_loss 1.0878 | union_precision 1.0000 | weighted_recall 0.3306 | consensus_recall 0.8571 | threshold 0.450
Epoch 17/30 | train_loss 1.0856 | union_precision 0.9697 | weighted_recall 0.3412 | consensus_recall 0.8571 | threshold 0.050
Epoch 18/30 | train_loss 1.0825 | union_precision 0.9697 | weighted_recall 0.3412 | consensus_recall 0.8571 | threshold 0.050
Epoch 19/30 | train_loss 1.0678 | union_precision 0.9677 | weighted_recall 0.3404 | consensus_recall 0.8571 | threshold 0.400
Epoch 20/30 | train_loss 1.0666 | union_precision 0.9688 | weighted_recall 0.3502 | consensus_recall 0.8571 | threshold 0.375
Epoch 21/30 | train_loss 1.0632 | union_precision 0.9688 | weighted_recall 0.3502 | consensus_recall 0.8571 | threshold 0.350
Early stopping at epoch 21
Held-out M63-3 | union_precision=1.0000 | weighted_recall=0.3306 | consensus_recall=0.8571
  oracle_stage_macro_f1=0.3678 | end_to_end_stage_macro_f1=0.2001
  end_to_end_stage_class_f1=low:0.1167,mid:0.3019,high:0.1818
Epoch 1/30 | train_loss 1.5061 | union_precision 0.9000 | weighted_recall 0.2327 | consensus_recall 0.4545 | threshold 0.550
Epoch 2/30 | train_loss 1.3764 | union_precision 0.9091 | weighted_recall 0.2867 | consensus_recall 0.5455 | threshold 0.550
Epoch 3/30 | train_loss 1.3207 | union_precision 0.9474 | weighted_recall 0.4722 | consensus_recall 0.9091 | threshold 0.500
Epoch 4/30 | train_loss 1.2581 | union_precision 0.9524 | weighted_recall 0.5430 | consensus_recall 0.9091 | threshold 0.500
Epoch 5/30 | train_loss 1.2309 | union_precision 0.9545 | weighted_recall 0.5683 | consensus_recall 0.9091 | threshold 0.500
Epoch 6/30 | train_loss 1.2072 | union_precision 0.9524 | weighted_recall 0.5329 | consensus_recall 0.8182 | threshold 0.500
Epoch 7/30 | train_loss 1.1929 | union_precision 0.9545 | weighted_recall 0.5363 | consensus_recall 0.9091 | threshold 0.475
Epoch 8/30 | train_loss 1.1770 | union_precision 0.9565 | weighted_recall 0.5818 | consensus_recall 0.9091 | threshold 0.050
Epoch 9/30 | train_loss 1.1630 | union_precision 0.9565 | weighted_recall 0.5818 | consensus_recall 0.9091 | threshold 0.050
Epoch 10/30 | train_loss 1.1474 | union_precision 0.9565 | weighted_recall 0.5818 | consensus_recall 0.9091 | threshold 0.050
Epoch 11/30 | train_loss 1.1376 | union_precision 0.9565 | weighted_recall 0.5818 | consensus_recall 0.9091 | threshold 0.050
Epoch 12/30 | train_loss 1.1239 | union_precision 0.9565 | weighted_recall 0.5818 | consensus_recall 0.9091 | threshold 0.050
Epoch 13/30 | train_loss 1.1130 | union_precision 0.9583 | weighted_recall 0.5902 | consensus_recall 0.9091 | threshold 0.050
Epoch 14/30 | train_loss 1.1124 | union_precision 0.9583 | weighted_recall 0.5565 | consensus_recall 0.9091 | threshold 0.050
Epoch 15/30 | train_loss 1.1066 | union_precision 0.9583 | weighted_recall 0.5565 | consensus_recall 0.9091 | threshold 0.050
Epoch 16/30 | train_loss 1.0917 | union_precision 0.9583 | weighted_recall 0.5565 | consensus_recall 0.9091 | threshold 0.050
Epoch 17/30 | train_loss 1.0890 | union_precision 1.0000 | weighted_recall 0.6172 | consensus_recall 1.0000 | threshold 0.425
Epoch 18/30 | train_loss 1.0863 | union_precision 1.0000 | weighted_recall 0.6172 | consensus_recall 1.0000 | threshold 0.375
Epoch 19/30 | train_loss 1.0723 | union_precision 1.0000 | weighted_recall 0.6172 | consensus_recall 1.0000 | threshold 0.350
Epoch 20/30 | train_loss 1.0708 | union_precision 1.0000 | weighted_recall 0.5734 | consensus_recall 1.0000 | threshold 0.325
Epoch 21/30 | train_loss 1.0671 | union_precision 1.0000 | weighted_recall 0.5261 | consensus_recall 1.0000 | threshold 0.050
Epoch 22/30 | train_loss 1.0589 | union_precision 1.0000 | weighted_recall 0.4570 | consensus_recall 0.9091 | threshold 0.050
Early stopping at epoch 22
Held-out M67-1 | union_precision=1.0000 | weighted_recall=0.6172 | consensus_recall=1.0000
  oracle_stage_macro_f1=0.4160 | end_to_end_stage_macro_f1=0.2651
  end_to_end_stage_class_f1=low:0.2295,mid:0.3158,high:0.2500
Epoch 1/30 | train_loss 1.5041 | union_precision 0.9565 | weighted_recall 0.2164 | consensus_recall 0.7500 | threshold 0.500
Epoch 2/30 | train_loss 1.3749 | union_precision 0.9565 | weighted_recall 0.2349 | consensus_recall 0.7500 | threshold 0.500
Epoch 3/30 | train_loss 1.3164 | union_precision 1.0000 | weighted_recall 0.1074 | consensus_recall 0.5000 | threshold 0.600
Epoch 4/30 | train_loss 1.2554 | union_precision 0.9545 | weighted_recall 0.2282 | consensus_recall 0.7500 | threshold 0.500
Epoch 5/30 | train_loss 1.2267 | union_precision 0.9655 | weighted_recall 0.2953 | consensus_recall 0.5000 | threshold 0.425
Epoch 6/30 | train_loss 1.2028 | union_precision 0.9667 | weighted_recall 0.2886 | consensus_recall 0.5000 | threshold 0.425
Epoch 7/30 | train_loss 1.1892 | union_precision 0.9524 | weighted_recall 0.1862 | consensus_recall 0.5000 | threshold 0.525
Epoch 8/30 | train_loss 1.1730 | union_precision 0.9600 | weighted_recall 0.2651 | consensus_recall 0.5000 | threshold 0.525
Epoch 9/30 | train_loss 1.1589 | union_precision 0.9583 | weighted_recall 0.2416 | consensus_recall 0.5000 | threshold 0.550
Epoch 10/30 | train_loss 1.1438 | union_precision 0.9630 | weighted_recall 0.2819 | consensus_recall 0.5000 | threshold 0.550
Epoch 11/30 | train_loss 1.1340 | union_precision 0.9600 | weighted_recall 0.2651 | consensus_recall 0.5000 | threshold 0.575
Early stopping at epoch 11
Held-out M67-2 | union_precision=0.9667 | weighted_recall=0.2886 | consensus_recall=0.5000
  oracle_stage_macro_f1=0.2877 | end_to_end_stage_macro_f1=0.1073
  end_to_end_stage_class_f1=low:0.1136,mid:0.2083,high:0.0000
Epoch 1/30 | train_loss 1.5038 | union_precision 0.9545 | weighted_recall 0.3657 | consensus_recall 0.3333 | threshold 0.450
Epoch 2/30 | train_loss 1.3765 | union_precision 0.9545 | weighted_recall 0.4213 | consensus_recall 0.6667 | threshold 0.500
Epoch 3/30 | train_loss 1.3187 | union_precision 0.9545 | weighted_recall 0.4213 | consensus_recall 0.6667 | threshold 0.525
Epoch 4/30 | train_loss 1.2587 | union_precision 0.9545 | weighted_recall 0.4213 | consensus_recall 0.6667 | threshold 0.550
Epoch 5/30 | train_loss 1.2286 | union_precision 0.9545 | weighted_recall 0.4213 | consensus_recall 0.6667 | threshold 0.550
Epoch 6/30 | train_loss 1.2045 | union_precision 0.9545 | weighted_recall 0.4213 | consensus_recall 0.6667 | threshold 0.550
Epoch 7/30 | train_loss 1.1909 | union_precision 0.9545 | weighted_recall 0.4213 | consensus_recall 0.6667 | threshold 0.575
Early stopping at epoch 7
Held-out M67-3 | union_precision=0.9545 | weighted_recall=0.4213 | consensus_recall=0.6667
  oracle_stage_macro_f1=0.3964 | end_to_end_stage_macro_f1=0.2557
  end_to_end_stage_class_f1=low:0.3099,mid:0.4571,high:0.0000
Epoch 1/30 | train_loss 1.5029 | union_precision 0.9744 | weighted_recall 0.2758 | consensus_recall 0.6471 | threshold 0.475
Epoch 2/30 | train_loss 1.3792 | union_precision 1.0000 | weighted_recall 0.1296 | consensus_recall 0.2941 | threshold 0.575
Epoch 3/30 | train_loss 1.3203 | union_precision 0.9524 | weighted_recall 0.3482 | consensus_recall 0.7059 | threshold 0.500
Epoch 4/30 | train_loss 1.2595 | union_precision 0.9535 | weighted_recall 0.3655 | consensus_recall 0.8235 | threshold 0.475
Epoch 5/30 | train_loss 1.2308 | union_precision 0.9524 | weighted_recall 0.1997 | consensus_recall 0.3529 | threshold 0.575
Epoch 6/30 | train_loss 1.2066 | union_precision 0.9500 | weighted_recall 0.3338 | consensus_recall 0.6471 | threshold 0.500
Epoch 7/30 | train_loss 1.1947 | union_precision 0.9500 | weighted_recall 0.3338 | consensus_recall 0.6471 | threshold 0.500
Epoch 8/30 | train_loss 1.1786 | union_precision 0.9524 | weighted_recall 0.3911 | consensus_recall 0.8235 | threshold 0.525
Epoch 9/30 | train_loss 1.1636 | union_precision 0.9667 | weighted_recall 0.3391 | consensus_recall 0.7647 | threshold 0.575
Early stopping at epoch 9
Held-out M67-4 | union_precision=0.9535 | weighted_recall=0.3655 | consensus_recall=0.8235
  oracle_stage_macro_f1=0.4341 | end_to_end_stage_macro_f1=0.2048
  end_to_end_stage_class_f1=low:0.2857,mid:0.3288,high:0.0000
Epoch 1/30 | train_loss 1.5026 | union_precision 1.0000 | weighted_recall 0.0062 | consensus_recall 0.0000 | threshold 0.625
Epoch 2/30 | train_loss 1.3766 | union_precision 1.0000 | weighted_recall 0.0062 | consensus_recall 0.0000 | threshold 0.600
Epoch 3/30 | train_loss 1.3195 | union_precision 0.9500 | weighted_recall 0.1269 | consensus_recall 0.1667 | threshold 0.500
Epoch 4/30 | train_loss 1.2563 | union_precision 0.9524 | weighted_recall 0.1990 | consensus_recall 0.5000 | threshold 0.475
Epoch 5/30 | train_loss 1.2278 | union_precision 1.0000 | weighted_recall 0.0410 | consensus_recall 0.1667 | threshold 0.600
Epoch 6/30 | train_loss 1.2028 | union_precision 1.0000 | weighted_recall 0.0597 | consensus_recall 0.1667 | threshold 0.600
Epoch 7/30 | train_loss 1.1902 | union_precision 1.0000 | weighted_recall 0.0746 | consensus_recall 0.1667 | threshold 0.600
Epoch 8/30 | train_loss 1.1752 | union_precision 1.0000 | weighted_recall 0.0896 | consensus_recall 0.1667 | threshold 0.600
Epoch 9/30 | train_loss 1.1591 | union_precision 1.0000 | weighted_recall 0.0958 | consensus_recall 0.1667 | threshold 0.600
Early stopping at epoch 9
Held-out M68-1 | union_precision=0.9524 | weighted_recall=0.1990 | consensus_recall=0.5000
  oracle_stage_macro_f1=0.3358 | end_to_end_stage_macro_f1=0.1454
  end_to_end_stage_class_f1=low:0.0177,mid:0.4186,high:0.0000
Epoch 1/30 | train_loss 1.5020 | union_precision 0.9583 | weighted_recall 0.2010 | consensus_recall 0.2000 | threshold 0.500
Epoch 2/30 | train_loss 1.3746 | union_precision 1.0000 | weighted_recall 0.0455 | consensus_recall 0.0000 | threshold 0.575
Epoch 3/30 | train_loss 1.3194 | union_precision 1.0000 | weighted_recall 0.0465 | consensus_recall 0.0000 | threshold 0.575
Epoch 4/30 | train_loss 1.2571 | union_precision 1.0000 | weighted_recall 0.0455 | consensus_recall 0.0000 | threshold 0.575
Epoch 5/30 | train_loss 1.2276 | union_precision 1.0000 | weighted_recall 0.0576 | consensus_recall 0.1000 | threshold 0.575
Epoch 6/30 | train_loss 1.2015 | union_precision 1.0000 | weighted_recall 0.0556 | consensus_recall 0.1000 | threshold 0.575
Early stopping at epoch 6
Held-out M68-2 | union_precision=0.9583 | weighted_recall=0.2010 | consensus_recall=0.2000
  oracle_stage_macro_f1=0.2432 | end_to_end_stage_macro_f1=0.0601
  end_to_end_stage_class_f1=low:0.1803,mid:0.0000,high:0.0000
Epoch 1/30 | train_loss 1.5033 | union_precision 0.8750 | weighted_recall 0.0390 | consensus_recall 0.5000 | threshold 0.600
Epoch 2/30 | train_loss 1.3746 | union_precision 0.9000 | weighted_recall 0.0797 | consensus_recall 0.5000 | threshold 0.575
Epoch 3/30 | train_loss 1.3207 | union_precision 0.9333 | weighted_recall 0.2748 | consensus_recall 0.8333 | threshold 0.575
Epoch 4/30 | train_loss 1.2577 | union_precision 0.9474 | weighted_recall 0.3268 | consensus_recall 0.8333 | threshold 0.475
Epoch 5/30 | train_loss 1.2287 | union_precision 0.9474 | weighted_recall 0.3268 | consensus_recall 0.8333 | threshold 0.475
Epoch 6/30 | train_loss 1.2042 | union_precision 0.9474 | weighted_recall 0.2667 | consensus_recall 0.8333 | threshold 0.475
Epoch 7/30 | train_loss 1.1906 | union_precision 0.9474 | weighted_recall 0.3268 | consensus_recall 0.8333 | threshold 0.500
Epoch 8/30 | train_loss 1.1745 | union_precision 0.9474 | weighted_recall 0.4179 | consensus_recall 0.8333 | threshold 0.500
Epoch 9/30 | train_loss 1.1601 | union_precision 0.9474 | weighted_recall 0.4179 | consensus_recall 0.8333 | threshold 0.500
Epoch 10/30 | train_loss 1.1472 | union_precision 0.9500 | weighted_recall 0.4260 | consensus_recall 0.8333 | threshold 0.500
Epoch 11/30 | train_loss 1.1355 | union_precision 0.9500 | weighted_recall 0.4260 | consensus_recall 0.8333 | threshold 0.500
Epoch 12/30 | train_loss 1.1207 | union_precision 0.9500 | weighted_recall 0.4260 | consensus_recall 0.8333 | threshold 0.475
Epoch 13/30 | train_loss 1.1111 | union_precision 0.9524 | weighted_recall 0.4276 | consensus_recall 1.0000 | threshold 0.475
Epoch 14/30 | train_loss 1.1121 | union_precision 0.9524 | weighted_recall 0.4276 | consensus_recall 1.0000 | threshold 0.475
Epoch 15/30 | train_loss 1.1059 | union_precision 1.0000 | weighted_recall 0.4179 | consensus_recall 0.8333 | threshold 0.625
Epoch 16/30 | train_loss 1.0890 | union_precision 0.9500 | weighted_recall 0.4260 | consensus_recall 0.8333 | threshold 0.550
Epoch 17/30 | train_loss 1.0868 | union_precision 1.0000 | weighted_recall 0.4260 | consensus_recall 0.8333 | threshold 0.550
Epoch 18/30 | train_loss 1.0836 | union_precision 0.9500 | weighted_recall 0.4260 | consensus_recall 0.8333 | threshold 0.475
Early stopping at epoch 18
Held-out M68-3 | union_precision=0.9524 | weighted_recall=0.4276 | consensus_recall=1.0000
  oracle_stage_macro_f1=0.3219 | end_to_end_stage_macro_f1=0.1329
  end_to_end_stage_class_f1=low:0.0789,mid:0.1379,high:0.1818
Epoch 1/30 | train_loss 1.5077 | union_precision 0.8605 | weighted_recall 0.0522 | consensus_recall 0.2075 | threshold 0.575
Epoch 2/30 | train_loss 1.3854 | union_precision 0.8974 | weighted_recall 0.0549 | consensus_recall 0.1698 | threshold 0.575
Epoch 3/30 | train_loss 1.3039 | union_precision 0.8837 | weighted_recall 0.0845 | consensus_recall 0.2075 | threshold 0.575
Epoch 4/30 | train_loss 1.2641 | union_precision 0.8667 | weighted_recall 0.2891 | consensus_recall 0.6038 | threshold 0.500
Epoch 5/30 | train_loss 1.2188 | union_precision 0.8761 | weighted_recall 0.3441 | consensus_recall 0.6981 | threshold 0.450
Epoch 6/30 | train_loss 1.2046 | union_precision 0.9204 | weighted_recall 0.3826 | consensus_recall 0.8302 | threshold 0.450
Epoch 7/30 | train_loss 1.1910 | union_precision 0.9138 | weighted_recall 0.3774 | consensus_recall 0.7925 | threshold 0.450
Epoch 8/30 | train_loss 1.1790 | union_precision 0.8926 | weighted_recall 0.3666 | consensus_recall 0.7736 | threshold 0.050
Epoch 9/30 | train_loss 1.1637 | union_precision 0.9211 | weighted_recall 0.3799 | consensus_recall 0.7925 | threshold 0.450
Epoch 10/30 | train_loss 1.1558 | union_precision 0.9138 | weighted_recall 0.3879 | consensus_recall 0.7925 | threshold 0.450
Epoch 11/30 | train_loss 1.1365 | union_precision 0.9068 | weighted_recall 0.3779 | consensus_recall 0.7736 | threshold 0.425
Epoch 12/30 | train_loss 1.1248 | union_precision 0.9043 | weighted_recall 0.3600 | consensus_recall 0.7736 | threshold 0.400
Epoch 13/30 | train_loss 1.1188 | union_precision 0.9060 | weighted_recall 0.3676 | consensus_recall 0.8113 | threshold 0.400
Early stopping at epoch 13
Held-out M06-1__M06-2__M06-3 | union_precision=0.8926 | weighted_recall=0.3666 | consensus_recall=0.7736
  oracle_stage_macro_f1=0.4012 | end_to_end_stage_macro_f1=0.1667
  end_to_end_stage_class_f1=low:0.2300,mid:0.2236,high:0.0465
Wrote nested CV results to /gpfs/work/int/yuxuanliu2204/Changheng/xmltoexp/MERIX SUBMISSION/Boundary_Restart/reports/nested_piece_cv/M06_outer_level2_seed43
Best candidate: model-tcn__detector_target-level2_boundary__selection_metric-union_recall__min_precision-0p85__loss_type-bce__rest_span_label_mode-none__rest_span_tolerance_negative_weight-1p0 | mean_primary_metric=0.2152 | mean_union_precision=0.9324

=== SEED=43 TARGET=level3_boundary OUTPUT=reports/nested_piece_cv/M06_outer_level3_seed43 ===
Command: python3 Command: run_nested_piece_cv.py Command: --config Command: configs/salience_grouped3_hi8_score_only_xml_curated.yaml Command: --outer_heldout_piece Command: M06-1 Command: M06-2 Command: M06-3 Command: --inner_mode Command: leave_one Command: --n_splits Command: 5 Command: --candidate_json Command: configs/nested_candidates_tcn_085_095_generic.json Command: --model Command: tcn Command: --detector_target Command: level3_boundary Command: --selection_metric Command: union_recall Command: --loss_type Command: bce Command: --rest_span_label_mode Command: none Command: --rest_span_tolerance_negative_weight Command: 1.0 Command: --device Command: cuda Command: --seed Command: 43 Command: --output_dir Command: reports/nested_piece_cv/M06_outer_level3_seed43 Command: --run_outer_fit Command: --reuse_existing 
Epoch 1/30 | train_loss 1.5795 | union_precision 1.0000 | weighted_recall 0.0081 | consensus_recall 0.2500 | threshold 0.650
Epoch 2/30 | train_loss 1.4214 | union_precision 1.0000 | weighted_recall 0.0033 | consensus_recall 0.2500 | threshold 0.650
Epoch 3/30 | train_loss 1.3414 | union_precision 0.8571 | weighted_recall 0.0504 | consensus_recall 0.2500 | threshold 0.600
Epoch 4/30 | train_loss 1.2911 | union_precision 0.8065 | weighted_recall 0.1724 | consensus_recall 0.7500 | threshold 0.500
Epoch 5/30 | train_loss 1.2450 | union_precision 0.8667 | weighted_recall 0.1756 | consensus_recall 0.7500 | threshold 0.525
Epoch 6/30 | train_loss 1.2145 | union_precision 0.8571 | weighted_recall 0.1854 | consensus_recall 0.7500 | threshold 0.525
Epoch 7/30 | train_loss 1.1821 | union_precision 0.8519 | weighted_recall 0.1789 | consensus_recall 0.7500 | threshold 0.525
Epoch 8/30 | train_loss 1.1665 | union_precision 0.8462 | weighted_recall 0.2228 | consensus_recall 0.7500 | threshold 0.525
Epoch 9/30 | train_loss 1.1503 | union_precision 0.8462 | weighted_recall 0.2228 | consensus_recall 0.7500 | threshold 0.525
Epoch 10/30 | train_loss 1.1243 | union_precision 0.8621 | weighted_recall 0.2358 | consensus_recall 0.7500 | threshold 0.500
Early stopping at epoch 10
Held-out M07-1 | union_precision=0.8667 | weighted_recall=0.1756 | consensus_recall=0.7500
  oracle_stage_macro_f1=0.3894 | end_to_end_stage_macro_f1=0.2286
  end_to_end_stage_class_f1=low:0.4675,mid:0.2182,high:0.0000
Epoch 1/30 | train_loss 1.5798 | union_precision 0.8000 | weighted_recall 0.0109 | consensus_recall 0.0000 | threshold 0.675
Epoch 2/30 | train_loss 1.4198 | union_precision 1.0000 | weighted_recall 0.0018 | consensus_recall 0.0000 | threshold 0.725
Epoch 3/30 | train_loss 1.3398 | union_precision 1.0000 | weighted_recall 0.0091 | consensus_recall 0.0000 | threshold 0.700
Epoch 4/30 | train_loss 1.2884 | union_precision 1.0000 | weighted_recall 0.0055 | consensus_recall 0.0000 | threshold 0.725
Epoch 5/30 | train_loss 1.2441 | union_precision 1.0000 | weighted_recall 0.0073 | consensus_recall 0.0000 | threshold 0.725
Epoch 6/30 | train_loss 1.2125 | union_precision 0.9286 | weighted_recall 0.0619 | consensus_recall 0.5000 | threshold 0.700
Epoch 7/30 | train_loss 1.1802 | union_precision 1.0000 | weighted_recall 0.0619 | consensus_recall 0.5000 | threshold 0.700
Epoch 8/30 | train_loss 1.1652 | union_precision 1.0000 | weighted_recall 0.0619 | consensus_recall 0.5000 | threshold 0.700
Epoch 9/30 | train_loss 1.1507 | union_precision 0.9500 | weighted_recall 0.1366 | consensus_recall 0.7500 | threshold 0.675
Epoch 10/30 | train_loss 1.1221 | union_precision 1.0000 | weighted_recall 0.1366 | consensus_recall 0.7500 | threshold 0.700
Epoch 11/30 | train_loss 1.1152 | union_precision 0.9474 | weighted_recall 0.1275 | consensus_recall 0.5000 | threshold 0.675
Epoch 12/30 | train_loss 1.1033 | union_precision 0.8636 | weighted_recall 0.2295 | consensus_recall 0.5000 | threshold 0.625
Epoch 13/30 | train_loss 1.0829 | union_precision 0.9500 | weighted_recall 0.2295 | consensus_recall 0.5000 | threshold 0.650
Epoch 14/30 | train_loss 1.0772 | union_precision 0.9545 | weighted_recall 0.2459 | consensus_recall 0.5000 | threshold 0.625
Epoch 15/30 | train_loss 1.0720 | union_precision 0.9545 | weighted_recall 0.2459 | consensus_recall 0.5000 | threshold 0.625
Epoch 16/30 | train_loss 1.0528 | union_precision 0.8966 | weighted_recall 0.2587 | consensus_recall 0.5000 | threshold 0.600
Epoch 17/30 | train_loss 1.0508 | union_precision 0.8929 | weighted_recall 0.2568 | consensus_recall 0.5000 | threshold 0.600
Epoch 18/30 | train_loss 1.0314 | union_precision 0.9583 | weighted_recall 0.2313 | consensus_recall 0.5000 | threshold 0.625
Epoch 19/30 | train_loss 1.0246 | union_precision 0.9583 | weighted_recall 0.2313 | consensus_recall 0.5000 | threshold 0.600
Epoch 20/30 | train_loss 1.0207 | union_precision 0.9583 | weighted_recall 0.2313 | consensus_recall 0.5000 | threshold 0.600
Epoch 21/30 | train_loss 1.0110 | union_precision 0.9583 | weighted_recall 0.2532 | consensus_recall 0.5000 | threshold 0.600
Early stopping at epoch 21
Held-out M07-2 | union_precision=0.8966 | weighted_recall=0.2587 | consensus_recall=0.5000
  oracle_stage_macro_f1=0.2600 | end_to_end_stage_macro_f1=0.1502
  end_to_end_stage_class_f1=low:0.1096,mid:0.0909,high:0.2500
Epoch 1/30 | train_loss 1.5871 | union_precision 0.8750 | weighted_recall 0.0220 | consensus_recall 0.0000 | threshold 0.650
Epoch 2/30 | train_loss 1.4201 | union_precision 0.8571 | weighted_recall 0.1210 | consensus_recall 0.2000 | threshold 0.600
Epoch 3/30 | train_loss 1.3383 | union_precision 0.8889 | weighted_recall 0.1137 | consensus_recall 0.2000 | threshold 0.600
Epoch 4/30 | train_loss 1.2899 | union_precision 0.8947 | weighted_recall 0.1149 | consensus_recall 0.2000 | threshold 0.600
Epoch 5/30 | train_loss 1.2435 | union_precision 0.8571 | weighted_recall 0.0966 | consensus_recall 0.2000 | threshold 0.625
Epoch 6/30 | train_loss 1.2092 | union_precision 0.8889 | weighted_recall 0.0917 | consensus_recall 0.2000 | threshold 0.675
Epoch 7/30 | train_loss 1.1742 | union_precision 0.9091 | weighted_recall 0.0941 | consensus_recall 0.2000 | threshold 0.650
Early stopping at epoch 7
Held-out M07-3 | union_precision=0.8571 | weighted_recall=0.1210 | consensus_recall=0.2000
  oracle_stage_macro_f1=0.3050 | end_to_end_stage_macro_f1=0.1804
  end_to_end_stage_class_f1=low:0.0000,mid:0.2745,high:0.2667
Epoch 1/30 | train_loss 1.5808 | union_precision 0.8571 | weighted_recall 0.4329 | consensus_recall 0.8000 | threshold 0.500
Epoch 2/30 | train_loss 1.4206 | union_precision 0.8571 | weighted_recall 0.4945 | consensus_recall 0.9000 | threshold 0.050
Epoch 3/30 | train_loss 1.3410 | union_precision 0.8571 | weighted_recall 0.5192 | consensus_recall 0.9000 | threshold 0.050
Epoch 4/30 | train_loss 1.2882 | union_precision 0.8636 | weighted_recall 0.5329 | consensus_recall 0.9000 | threshold 0.050
Epoch 5/30 | train_loss 1.2474 | union_precision 0.8636 | weighted_recall 0.5329 | consensus_recall 0.9000 | threshold 0.050
Epoch 6/30 | train_loss 1.2120 | union_precision 0.8636 | weighted_recall 0.5411 | consensus_recall 0.9000 | threshold 0.050
Epoch 7/30 | train_loss 1.1806 | union_precision 0.8636 | weighted_recall 0.5411 | consensus_recall 0.9000 | threshold 0.050
Epoch 8/30 | train_loss 1.1632 | union_precision 0.8667 | weighted_recall 0.5740 | consensus_recall 1.0000 | threshold 0.050
Epoch 9/30 | train_loss 1.1520 | union_precision 0.8667 | weighted_recall 0.5740 | consensus_recall 1.0000 | threshold 0.050
Epoch 10/30 | train_loss 1.1245 | union_precision 0.8667 | weighted_recall 0.5740 | consensus_recall 1.0000 | threshold 0.050
Epoch 11/30 | train_loss 1.1192 | union_precision 0.8667 | weighted_recall 0.5740 | consensus_recall 1.0000 | threshold 0.050
Epoch 12/30 | train_loss 1.1085 | union_precision 0.8667 | weighted_recall 0.5740 | consensus_recall 1.0000 | threshold 0.050
Epoch 13/30 | train_loss 1.0840 | union_precision 0.8667 | weighted_recall 0.5740 | consensus_recall 1.0000 | threshold 0.050
Early stopping at epoch 13
Held-out M17-1 | union_precision=0.8667 | weighted_recall=0.5740 | consensus_recall=1.0000
  oracle_stage_macro_f1=0.2981 | end_to_end_stage_macro_f1=0.2090
  end_to_end_stage_class_f1=low:0.3095,mid:0.2121,high:0.1053
Epoch 1/30 | train_loss 1.5796 | union_precision 0.8667 | weighted_recall 0.1615 | consensus_recall 0.3333 | threshold 0.550
Epoch 2/30 | train_loss 1.4177 | union_precision 0.8889 | weighted_recall 0.1704 | consensus_recall 0.3333 | threshold 0.525
Epoch 3/30 | train_loss 1.3379 | union_precision 0.8667 | weighted_recall 0.1504 | consensus_recall 0.3333 | threshold 0.550
Epoch 4/30 | train_loss 1.2853 | union_precision 0.8571 | weighted_recall 0.1659 | consensus_recall 0.3333 | threshold 0.550
Epoch 5/30 | train_loss 1.2452 | union_precision 0.8571 | weighted_recall 0.1659 | consensus_recall 0.3333 | threshold 0.550
Epoch 6/30 | train_loss 1.2091 | union_precision 0.8571 | weighted_recall 0.1659 | consensus_recall 0.3333 | threshold 0.525
Epoch 7/30 | train_loss 1.1769 | union_precision 0.8571 | weighted_recall 0.2257 | consensus_recall 0.3333 | threshold 0.525
Early stopping at epoch 7
Held-out M17-2 | union_precision=0.8889 | weighted_recall=0.1704 | consensus_recall=0.3333
  oracle_stage_macro_f1=0.2478 | end_to_end_stage_macro_f1=0.0979
  end_to_end_stage_class_f1=low:0.2424,mid:0.0513,high:0.0000
Epoch 1/30 | train_loss 1.5827 | union_precision 0.8750 | weighted_recall 0.0098 | consensus_recall 0.0000 | threshold 0.650
Epoch 2/30 | train_loss 1.4212 | union_precision 0.8571 | weighted_recall 0.0086 | consensus_recall 0.0000 | threshold 0.650
Epoch 3/30 | train_loss 1.3410 | union_precision 0.8571 | weighted_recall 0.0086 | consensus_recall 0.0000 | threshold 0.650
Epoch 4/30 | train_loss 1.2848 | union_precision 0.8750 | weighted_recall 0.0318 | consensus_recall 0.1000 | threshold 0.650
Epoch 5/30 | train_loss 1.2451 | union_precision 0.8889 | weighted_recall 0.0355 | consensus_recall 0.2000 | threshold 0.650
Epoch 6/30 | train_loss 1.2063 | union_precision 0.8889 | weighted_recall 0.0355 | consensus_recall 0.2000 | threshold 0.650
Epoch 7/30 | train_loss 1.1751 | union_precision 0.8889 | weighted_recall 0.0355 | consensus_recall 0.2000 | threshold 0.650
Epoch 8/30 | train_loss 1.1610 | union_precision 0.8750 | weighted_recall 0.0330 | consensus_recall 0.2000 | threshold 0.675
Epoch 9/30 | train_loss 1.1470 | union_precision 1.0000 | weighted_recall 0.0269 | consensus_recall 0.2000 | threshold 0.725
Epoch 10/30 | train_loss 1.1203 | union_precision 1.0000 | weighted_recall 0.0037 | consensus_recall 0.1000 | threshold 0.750
Early stopping at epoch 10
Held-out M17-3 | union_precision=0.8889 | weighted_recall=0.0355 | consensus_recall=0.2000
  oracle_stage_macro_f1=0.3182 | end_to_end_stage_macro_f1=0.0892
  end_to_end_stage_class_f1=low:0.0000,mid:0.0857,high:0.1818
Epoch 1/30 | train_loss 1.5837 | union_precision 0.8333 | weighted_recall 0.1920 | consensus_recall 0.5714 | threshold 0.525
Epoch 2/30 | train_loss 1.4226 | union_precision 0.8000 | weighted_recall 0.0157 | consensus_recall 0.1429 | threshold 0.650
Epoch 3/30 | train_loss 1.3383 | union_precision 1.0000 | weighted_recall 0.0079 | consensus_recall 0.1429 | threshold 0.700
Epoch 4/30 | train_loss 1.2792 | union_precision 1.0000 | weighted_recall 0.0079 | consensus_recall 0.1429 | threshold 0.700
Epoch 5/30 | train_loss 1.2414 | union_precision 0.8000 | weighted_recall 0.0417 | consensus_recall 0.4286 | threshold 0.625
Epoch 6/30 | train_loss 1.2035 | union_precision 0.8333 | weighted_recall 0.0803 | consensus_recall 0.5714 | threshold 0.600
Epoch 7/30 | train_loss 1.1743 | union_precision 0.8485 | weighted_recall 0.1755 | consensus_recall 0.8571 | threshold 0.525
Epoch 8/30 | train_loss 1.1603 | union_precision 0.8611 | weighted_recall 0.1471 | consensus_recall 0.8571 | threshold 0.525
Epoch 9/30 | train_loss 1.1459 | union_precision 0.8824 | weighted_recall 0.1039 | consensus_recall 0.8571 | threshold 0.575
Epoch 10/30 | train_loss 1.1184 | union_precision 0.8500 | weighted_recall 0.1039 | consensus_recall 0.8571 | threshold 0.575
Epoch 11/30 | train_loss 1.1122 | union_precision 0.8750 | weighted_recall 0.0810 | consensus_recall 0.8571 | threshold 0.575
Epoch 12/30 | train_loss 1.1021 | union_precision 0.8519 | weighted_recall 0.1180 | consensus_recall 0.8571 | threshold 0.550
Epoch 13/30 | train_loss 1.0769 | union_precision 0.8966 | weighted_recall 0.0968 | consensus_recall 0.8571 | threshold 0.550
Early stopping at epoch 13
Held-out M17-4 | union_precision=0.8611 | weighted_recall=0.1471 | consensus_recall=0.8571
  oracle_stage_macro_f1=0.2632 | end_to_end_stage_macro_f1=0.1721
  end_to_end_stage_class_f1=low:0.1583,mid:0.1081,high:0.2500
Epoch 1/30 | train_loss 1.5787 | union_precision 0.9000 | weighted_recall 0.0685 | consensus_recall 0.0000 | threshold 0.625
Epoch 2/30 | train_loss 1.4239 | union_precision 0.8750 | weighted_recall 0.1191 | consensus_recall 0.0000 | threshold 0.600
Epoch 3/30 | train_loss 1.3386 | union_precision 0.9286 | weighted_recall 0.1109 | consensus_recall 0.0000 | threshold 0.625
Epoch 4/30 | train_loss 1.2810 | union_precision 0.9231 | weighted_recall 0.1077 | consensus_recall 0.0000 | threshold 0.650
Epoch 5/30 | train_loss 1.2435 | union_precision 0.9231 | weighted_recall 0.1077 | consensus_recall 0.0000 | threshold 0.650
Epoch 6/30 | train_loss 1.2065 | union_precision 0.8571 | weighted_recall 0.1077 | consensus_recall 0.0000 | threshold 0.650
Epoch 7/30 | train_loss 1.1749 | union_precision 0.9000 | weighted_recall 0.0914 | consensus_recall 0.0000 | threshold 0.675
Early stopping at epoch 7
Held-out M24-1 | union_precision=0.8750 | weighted_recall=0.1191 | consensus_recall=0.0000
  oracle_stage_macro_f1=0.2833 | end_to_end_stage_macro_f1=0.0695
  end_to_end_stage_class_f1=low:0.0233,mid:0.1852,high:0.0000
Epoch 1/30 | train_loss 1.5796 | union_precision 0.6500 | weighted_recall 0.0466 | consensus_recall 0.0000 | threshold 0.600
Epoch 2/30 | train_loss 1.4229 | union_precision 0.6905 | weighted_recall 0.1016 | consensus_recall 0.0000 | threshold 0.050
Epoch 3/30 | train_loss 1.3413 | union_precision 0.6818 | weighted_recall 0.1140 | consensus_recall 0.0000 | threshold 0.050
Epoch 4/30 | train_loss 1.2838 | union_precision 0.7500 | weighted_recall 0.1907 | consensus_recall 0.6000 | threshold 0.525
Epoch 5/30 | train_loss 1.2433 | union_precision 0.7619 | weighted_recall 0.1275 | consensus_recall 0.6000 | threshold 0.575
Epoch 6/30 | train_loss 1.2068 | union_precision 0.7826 | weighted_recall 0.1440 | consensus_recall 0.8000 | threshold 0.575
Epoch 7/30 | train_loss 1.1778 | union_precision 0.7917 | weighted_recall 0.1451 | consensus_recall 0.8000 | threshold 0.575
Epoch 8/30 | train_loss 1.1662 | union_precision 0.8235 | weighted_recall 0.1171 | consensus_recall 0.4000 | threshold 0.600
Epoch 9/30 | train_loss 1.1496 | union_precision 0.7778 | weighted_recall 0.0446 | consensus_recall 0.0000 | threshold 0.625
Epoch 10/30 | train_loss 1.1236 | union_precision 0.8333 | weighted_recall 0.0622 | consensus_recall 0.0000 | threshold 0.625
Epoch 11/30 | train_loss 1.1156 | union_precision 0.8571 | weighted_recall 0.0580 | consensus_recall 0.0000 | threshold 0.650
Epoch 12/30 | train_loss 1.1054 | union_precision 0.8667 | weighted_recall 0.2653 | consensus_recall 0.6000 | threshold 0.575
Epoch 13/30 | train_loss 1.0793 | union_precision 0.8788 | weighted_recall 0.2881 | consensus_recall 0.8000 | threshold 0.550
Epoch 14/30 | train_loss 1.0730 | union_precision 0.8611 | weighted_recall 0.3047 | consensus_recall 0.8000 | threshold 0.525
Epoch 15/30 | train_loss 1.0697 | union_precision 0.8750 | weighted_recall 0.2736 | consensus_recall 0.8000 | threshold 0.550
Epoch 16/30 | train_loss 1.0479 | union_precision 0.8750 | weighted_recall 0.2902 | consensus_recall 0.8000 | threshold 0.525
Epoch 17/30 | train_loss 1.0458 | union_precision 0.8788 | weighted_recall 0.3005 | consensus_recall 0.8000 | threshold 0.500
Epoch 18/30 | train_loss 1.0300 | union_precision 0.8611 | weighted_recall 0.3565 | consensus_recall 0.6000 | threshold 0.475
Epoch 19/30 | train_loss 1.0206 | union_precision 0.9062 | weighted_recall 0.3544 | consensus_recall 0.6000 | threshold 0.475
Epoch 20/30 | train_loss 1.0204 | union_precision 0.8529 | weighted_recall 0.3803 | consensus_recall 0.6000 | threshold 0.450
Epoch 21/30 | train_loss 1.0158 | union_precision 0.9032 | weighted_recall 0.3358 | consensus_recall 0.6000 | threshold 0.475
Epoch 22/30 | train_loss 1.0018 | union_precision 0.9032 | weighted_recall 0.3358 | consensus_recall 0.6000 | threshold 0.450
Epoch 23/30 | train_loss 0.9959 | union_precision 0.9032 | weighted_recall 0.3358 | consensus_recall 0.6000 | threshold 0.450
Early stopping at epoch 23
Held-out M24-2 | union_precision=0.8611 | weighted_recall=0.3565 | consensus_recall=0.6000
  oracle_stage_macro_f1=0.3432 | end_to_end_stage_macro_f1=0.1459
  end_to_end_stage_class_f1=low:0.1964,mid:0.2414,high:0.0000
Epoch 1/30 | train_loss 1.5761 | union_precision 0.4583 | weighted_recall 0.0685 | consensus_recall 0.3333 | threshold 0.550
Epoch 2/30 | train_loss 1.4193 | union_precision 0.4138 | weighted_recall 0.1092 | consensus_recall 0.2222 | threshold 0.050
Epoch 3/30 | train_loss 1.3448 | union_precision 0.6000 | weighted_recall 0.0278 | consensus_recall 0.0000 | threshold 0.600
Epoch 4/30 | train_loss 1.2829 | union_precision 1.0000 | weighted_recall 0.0150 | consensus_recall 0.0000 | threshold 0.650
Epoch 5/30 | train_loss 1.2457 | union_precision 0.7500 | weighted_recall 0.0193 | consensus_recall 0.0000 | threshold 0.650
Epoch 6/30 | train_loss 1.2099 | union_precision 0.8333 | weighted_recall 0.0278 | consensus_recall 0.0000 | threshold 0.650
Epoch 7/30 | train_loss 1.1812 | union_precision 0.8333 | weighted_recall 0.0278 | consensus_recall 0.0000 | threshold 0.650
Epoch 8/30 | train_loss 1.1683 | union_precision 0.8333 | weighted_recall 0.0278 | consensus_recall 0.0000 | threshold 0.650
Epoch 9/30 | train_loss 1.1505 | union_precision 1.0000 | weighted_recall 0.0043 | consensus_recall 0.0000 | threshold 0.725
Early stopping at epoch 9
Held-out M24-3 | union_precision=1.0000 | weighted_recall=0.0150 | consensus_recall=0.0000
  oracle_stage_macro_f1=0.2512 | end_to_end_stage_macro_f1=0.1333
  end_to_end_stage_class_f1=low:0.0000,mid:0.0000,high:0.4000
Epoch 1/30 | train_loss 1.5921 | union_precision 0.6000 | weighted_recall 0.1898 | consensus_recall 0.7143 | threshold 0.525
Epoch 2/30 | train_loss 1.4270 | union_precision 0.7209 | weighted_recall 0.1810 | consensus_recall 0.7143 | threshold 0.550
Epoch 3/30 | train_loss 1.3437 | union_precision 0.7188 | weighted_recall 0.1205 | consensus_recall 0.4286 | threshold 0.575
Epoch 4/30 | train_loss 1.2832 | union_precision 1.0000 | weighted_recall 0.0135 | consensus_recall 0.0000 | threshold 0.750
Epoch 5/30 | train_loss 1.2472 | union_precision 1.0000 | weighted_recall 0.0135 | consensus_recall 0.0000 | threshold 0.750
Epoch 6/30 | train_loss 1.2058 | union_precision 1.0000 | weighted_recall 0.0135 | consensus_recall 0.0000 | threshold 0.750
Epoch 7/30 | train_loss 1.1779 | union_precision 1.0000 | weighted_recall 0.0135 | consensus_recall 0.0000 | threshold 0.750
Epoch 8/30 | train_loss 1.1646 | union_precision 1.0000 | weighted_recall 0.0289 | consensus_recall 0.0000 | threshold 0.750
Epoch 9/30 | train_loss 1.1465 | union_precision 1.0000 | weighted_recall 0.0209 | consensus_recall 0.0000 | threshold 0.750
Epoch 10/30 | train_loss 1.1223 | union_precision 1.0000 | weighted_recall 0.0209 | consensus_recall 0.0000 | threshold 0.750
Epoch 11/30 | train_loss 1.1131 | union_precision 1.0000 | weighted_recall 0.0209 | consensus_recall 0.0000 | threshold 0.775
Epoch 12/30 | train_loss 1.0993 | union_precision 1.0000 | weighted_recall 0.0209 | consensus_recall 0.0000 | threshold 0.800
Epoch 13/30 | train_loss 1.0756 | union_precision 1.0000 | weighted_recall 0.0209 | consensus_recall 0.0000 | threshold 0.800
Epoch 14/30 | train_loss 1.0726 | union_precision 1.0000 | weighted_recall 0.0209 | consensus_recall 0.0000 | threshold 0.825
Early stopping at epoch 14
Held-out M24-4 | union_precision=1.0000 | weighted_recall=0.0209 | consensus_recall=0.0000
  oracle_stage_macro_f1=0.3693 | end_to_end_stage_macro_f1=0.0000
  end_to_end_stage_class_f1=low:0.0000,mid:0.0000,high:0.0000
Epoch 1/30 | train_loss 1.5796 | union_precision 0.6190 | weighted_recall 0.2071 | consensus_recall 0.0000 | threshold 0.325
Epoch 2/30 | train_loss 1.4216 | union_precision 0.7143 | weighted_recall 0.0571 | consensus_recall 0.0000 | threshold 0.600
Epoch 3/30 | train_loss 1.3402 | union_precision 0.6667 | weighted_recall 0.0679 | consensus_recall 0.0000 | threshold 0.575
Epoch 4/30 | train_loss 1.2846 | union_precision 0.7143 | weighted_recall 0.1000 | consensus_recall 0.0000 | threshold 0.600
Epoch 5/30 | train_loss 1.2462 | union_precision 0.7143 | weighted_recall 0.1000 | consensus_recall 0.0000 | threshold 0.600
Epoch 6/30 | train_loss 1.2061 | union_precision 0.7273 | weighted_recall 0.1393 | consensus_recall 0.0000 | threshold 0.575
Epoch 7/30 | train_loss 1.1768 | union_precision 0.7500 | weighted_recall 0.2179 | consensus_recall 0.0000 | threshold 0.575
Epoch 8/30 | train_loss 1.1649 | union_precision 0.7692 | weighted_recall 0.2286 | consensus_recall 0.0000 | threshold 0.575
Epoch 9/30 | train_loss 1.1486 | union_precision 0.7857 | weighted_recall 0.2321 | consensus_recall 0.0000 | threshold 0.575
Epoch 10/30 | train_loss 1.1293 | union_precision 0.7857 | weighted_recall 0.2321 | consensus_recall 0.0000 | threshold 0.575
Epoch 11/30 | train_loss 1.1167 | union_precision 0.7692 | weighted_recall 0.2286 | consensus_recall 0.0000 | threshold 0.575
Epoch 12/30 | train_loss 1.1016 | union_precision 0.7692 | weighted_recall 0.3179 | consensus_recall 0.5000 | threshold 0.575
Epoch 13/30 | train_loss 1.0789 | union_precision 0.7692 | weighted_recall 0.3179 | consensus_recall 0.5000 | threshold 0.550
Epoch 14/30 | train_loss 1.0761 | union_precision 0.7857 | weighted_recall 0.3214 | consensus_recall 0.5000 | threshold 0.525
Epoch 15/30 | train_loss 1.0724 | union_precision 0.7692 | weighted_recall 0.3857 | consensus_recall 0.5000 | threshold 0.525
Epoch 16/30 | train_loss 1.0494 | union_precision 0.7692 | weighted_recall 0.3857 | consensus_recall 0.5000 | threshold 0.525
Epoch 17/30 | train_loss 1.0474 | union_precision 0.7692 | weighted_recall 0.5000 | consensus_recall 1.0000 | threshold 0.525
Epoch 18/30 | train_loss 1.0365 | union_precision 0.7778 | weighted_recall 0.3321 | consensus_recall 0.5000 | threshold 0.700
Epoch 19/30 | train_loss 1.0284 | union_precision 0.7778 | weighted_recall 0.3321 | consensus_recall 0.5000 | threshold 0.700
Early stopping at epoch 19
Held-out M30-1 | union_precision=0.7857 | weighted_recall=0.3214 | consensus_recall=0.5000
  oracle_stage_macro_f1=0.4080 | end_to_end_stage_macro_f1=0.2185
  end_to_end_stage_class_f1=low:0.1000,mid:0.2222,high:0.3333
Epoch 1/30 | train_loss 1.5758 | union_precision 0.4444 | weighted_recall 0.0817 | consensus_recall 0.0000 | threshold 0.550
Epoch 2/30 | train_loss 1.4215 | union_precision 0.4118 | weighted_recall 0.0913 | consensus_recall 0.0000 | threshold 0.525
Epoch 3/30 | train_loss 1.3399 | union_precision 0.4815 | weighted_recall 0.2596 | consensus_recall 0.3333 | threshold 0.050
Epoch 4/30 | train_loss 1.2852 | union_precision 0.5556 | weighted_recall 0.1731 | consensus_recall 0.6667 | threshold 0.575
Epoch 5/30 | train_loss 1.2467 | union_precision 0.7500 | weighted_recall 0.2188 | consensus_recall 1.0000 | threshold 0.600
Epoch 6/30 | train_loss 1.2065 | union_precision 1.0000 | weighted_recall 0.2188 | consensus_recall 1.0000 | threshold 0.625
Epoch 7/30 | train_loss 1.1776 | union_precision 1.0000 | weighted_recall 0.2188 | consensus_recall 1.0000 | threshold 0.650
Epoch 8/30 | train_loss 1.1671 | union_precision 1.0000 | weighted_recall 0.2188 | consensus_recall 1.0000 | threshold 0.675
Epoch 9/30 | train_loss 1.1491 | union_precision 0.8571 | weighted_recall 0.3606 | consensus_recall 1.0000 | threshold 0.625
Epoch 10/30 | train_loss 1.1284 | union_precision 0.8571 | weighted_recall 0.3606 | consensus_recall 1.0000 | threshold 0.625
Epoch 11/30 | train_loss 1.1159 | union_precision 0.8571 | weighted_recall 0.3606 | consensus_recall 1.0000 | threshold 0.650
Epoch 12/30 | train_loss 1.1015 | union_precision 0.8571 | weighted_recall 0.3606 | consensus_recall 1.0000 | threshold 0.675
Epoch 13/30 | train_loss 1.0785 | union_precision 1.0000 | weighted_recall 0.3606 | consensus_recall 1.0000 | threshold 0.700
Epoch 14/30 | train_loss 1.0754 | union_precision 1.0000 | weighted_recall 0.3606 | consensus_recall 1.0000 | threshold 0.700
Epoch 15/30 | train_loss 1.0722 | union_precision 1.0000 | weighted_recall 0.3606 | consensus_recall 1.0000 | threshold 0.700
Epoch 16/30 | train_loss 1.0479 | union_precision 1.0000 | weighted_recall 0.3606 | consensus_recall 1.0000 | threshold 0.725
Epoch 17/30 | train_loss 1.0468 | union_precision 0.8750 | weighted_recall 0.3654 | consensus_recall 1.0000 | threshold 0.725
Epoch 18/30 | train_loss 1.0366 | union_precision 1.0000 | weighted_recall 0.3606 | consensus_recall 1.0000 | threshold 0.750
Epoch 19/30 | train_loss 1.0270 | union_precision 1.0000 | weighted_recall 0.3606 | consensus_recall 1.0000 | threshold 0.775
Epoch 20/30 | train_loss 1.0240 | union_precision 1.0000 | weighted_recall 0.3606 | consensus_recall 1.0000 | threshold 0.775
Epoch 21/30 | train_loss 1.0167 | union_precision 1.0000 | weighted_recall 0.3606 | consensus_recall 1.0000 | threshold 0.800
Epoch 22/30 | train_loss 1.0040 | union_precision 1.0000 | weighted_recall 0.2909 | consensus_recall 1.0000 | threshold 0.800
Early stopping at epoch 22
Held-out M30-2 | union_precision=0.8750 | weighted_recall=0.3654 | consensus_recall=1.0000
  oracle_stage_macro_f1=0.3671 | end_to_end_stage_macro_f1=0.0684
  end_to_end_stage_class_f1=low:0.0000,mid:0.2051,high:0.0000
Epoch 1/30 | train_loss 1.5809 | union_precision 1.0000 | weighted_recall 0.0146 | consensus_recall 0.0000 | threshold 0.675
Epoch 2/30 | train_loss 1.4237 | union_precision 0.9000 | weighted_recall 0.1610 | consensus_recall 0.3333 | threshold 0.600
Epoch 3/30 | train_loss 1.3374 | union_precision 0.8696 | weighted_recall 0.2537 | consensus_recall 0.6667 | threshold 0.575
Epoch 4/30 | train_loss 1.2848 | union_precision 0.9167 | weighted_recall 0.2768 | consensus_recall 0.6667 | threshold 0.575
Epoch 5/30 | train_loss 1.2466 | union_precision 0.9167 | weighted_recall 0.2720 | consensus_recall 0.6667 | threshold 0.575
Epoch 6/30 | train_loss 1.2067 | union_precision 0.9200 | weighted_recall 0.2756 | consensus_recall 0.6667 | threshold 0.575
Epoch 7/30 | train_loss 1.1758 | union_precision 0.8846 | weighted_recall 0.3012 | consensus_recall 0.6667 | threshold 0.575
Epoch 8/30 | train_loss 1.1636 | union_precision 0.8519 | weighted_recall 0.3012 | consensus_recall 0.6667 | threshold 0.575
Epoch 9/30 | train_loss 1.1468 | union_precision 0.8889 | weighted_recall 0.3073 | consensus_recall 0.6667 | threshold 0.575
Epoch 10/30 | train_loss 1.1269 | union_precision 0.9231 | weighted_recall 0.3061 | consensus_recall 0.6667 | threshold 0.600
Epoch 11/30 | train_loss 1.1122 | union_precision 0.8966 | weighted_recall 0.3110 | consensus_recall 0.6667 | threshold 0.575
Epoch 12/30 | train_loss 1.0973 | union_precision 0.8788 | weighted_recall 0.3341 | consensus_recall 0.8333 | threshold 0.550
Epoch 13/30 | train_loss 1.0760 | union_precision 0.8889 | weighted_recall 0.3988 | consensus_recall 1.0000 | threshold 0.550
Epoch 14/30 | train_loss 1.0728 | union_precision 0.9143 | weighted_recall 0.3841 | consensus_recall 1.0000 | threshold 0.550
Epoch 15/30 | train_loss 1.0682 | union_precision 0.9143 | weighted_recall 0.3841 | consensus_recall 1.0000 | threshold 0.550
Epoch 16/30 | train_loss 1.0456 | union_precision 0.9143 | weighted_recall 0.3841 | consensus_recall 1.0000 | threshold 0.575
Epoch 17/30 | train_loss 1.0437 | union_precision 0.9143 | weighted_recall 0.3841 | consensus_recall 1.0000 | threshold 0.575
Epoch 18/30 | train_loss 1.0340 | union_precision 0.9143 | weighted_recall 0.3902 | consensus_recall 1.0000 | threshold 0.575
Epoch 19/30 | train_loss 1.0242 | union_precision 0.8500 | weighted_recall 0.4402 | consensus_recall 1.0000 | threshold 0.350
Epoch 20/30 | train_loss 1.0217 | union_precision 0.9143 | weighted_recall 0.4317 | consensus_recall 1.0000 | threshold 0.450
Epoch 21/30 | train_loss 1.0129 | union_precision 0.8500 | weighted_recall 0.4402 | consensus_recall 1.0000 | threshold 0.050
Epoch 22/30 | train_loss 1.0002 | union_precision 0.9167 | weighted_recall 0.4573 | consensus_recall 1.0000 | threshold 0.400
Epoch 23/30 | train_loss 0.9950 | union_precision 0.9167 | weighted_recall 0.4573 | consensus_recall 1.0000 | threshold 0.375
Epoch 24/30 | train_loss 0.9909 | union_precision 0.9412 | weighted_recall 0.4549 | consensus_recall 1.0000 | threshold 0.525
Early stopping at epoch 24
Held-out M30-3 | union_precision=0.8500 | weighted_recall=0.4402 | consensus_recall=1.0000
  oracle_stage_macro_f1=0.1952 | end_to_end_stage_macro_f1=0.0687
  end_to_end_stage_class_f1=low:0.0632,mid:0.0000,high:0.1429
Epoch 1/30 | train_loss 1.5791 | union_precision 1.0000 | weighted_recall 0.0061 | consensus_recall 0.0000 | threshold 0.725
Epoch 2/30 | train_loss 1.4196 | union_precision 1.0000 | weighted_recall 0.0081 | consensus_recall 0.0000 | threshold 0.700
Epoch 3/30 | train_loss 1.3393 | union_precision 0.9167 | weighted_recall 0.0525 | consensus_recall 0.0000 | threshold 0.625
Epoch 4/30 | train_loss 1.2855 | union_precision 0.8571 | weighted_recall 0.0787 | consensus_recall 0.0000 | threshold 0.575
Epoch 5/30 | train_loss 1.2478 | union_precision 0.8947 | weighted_recall 0.0777 | consensus_recall 0.0000 | threshold 0.575
Epoch 6/30 | train_loss 1.2069 | union_precision 0.9200 | weighted_recall 0.1191 | consensus_recall 0.0000 | threshold 0.550
Epoch 7/30 | train_loss 1.1766 | union_precision 0.8800 | weighted_recall 0.1110 | consensus_recall 0.0000 | threshold 0.550
Epoch 8/30 | train_loss 1.1664 | union_precision 0.8571 | weighted_recall 0.1191 | consensus_recall 0.0000 | threshold 0.550
Epoch 9/30 | train_loss 1.1503 | union_precision 0.9091 | weighted_recall 0.2250 | consensus_recall 0.2857 | threshold 0.600
Epoch 10/30 | train_loss 1.1276 | union_precision 0.9500 | weighted_recall 0.2240 | consensus_recall 0.2857 | threshold 0.625
Epoch 11/30 | train_loss 1.1118 | union_precision 0.8571 | weighted_recall 0.2402 | consensus_recall 0.2857 | threshold 0.650
Epoch 12/30 | train_loss 1.0982 | union_precision 1.0000 | weighted_recall 0.1806 | consensus_recall 0.2857 | threshold 0.700
Epoch 13/30 | train_loss 1.0761 | union_precision 1.0000 | weighted_recall 0.1917 | consensus_recall 0.2857 | threshold 0.700
Early stopping at epoch 13
Held-out M30-4 | union_precision=0.8571 | weighted_recall=0.1191 | consensus_recall=0.0000
  oracle_stage_macro_f1=0.3730 | end_to_end_stage_macro_f1=0.1833
  end_to_end_stage_class_f1=low:0.0952,mid:0.1818,high:0.2727
Epoch 1/30 | train_loss 1.5718 | union_precision 1.0000 | weighted_recall 0.0507 | consensus_recall 0.0000 | threshold 0.625
Epoch 2/30 | train_loss 1.4172 | union_precision 0.8571 | weighted_recall 0.0541 | consensus_recall 0.0000 | threshold 0.625
Epoch 3/30 | train_loss 1.3337 | union_precision 0.8750 | weighted_recall 0.1588 | consensus_recall 0.5000 | threshold 0.625
Epoch 4/30 | train_loss 1.2835 | union_precision 0.8571 | weighted_recall 0.0541 | consensus_recall 0.0000 | threshold 0.650
Epoch 5/30 | train_loss 1.2423 | union_precision 0.8571 | weighted_recall 0.0541 | consensus_recall 0.0000 | threshold 0.650
Epoch 6/30 | train_loss 1.2052 | union_precision 1.0000 | weighted_recall 0.0068 | consensus_recall 0.0000 | threshold 0.700
Epoch 7/30 | train_loss 1.1754 | union_precision 0.6875 | weighted_recall 0.2804 | consensus_recall 1.0000 | threshold 0.500
Epoch 8/30 | train_loss 1.1657 | union_precision 0.6667 | weighted_recall 0.2770 | consensus_recall 1.0000 | threshold 0.500
Early stopping at epoch 8
Held-out M33-1 | union_precision=0.8750 | weighted_recall=0.1588 | consensus_recall=0.5000
  oracle_stage_macro_f1=0.3326 | end_to_end_stage_macro_f1=0.1062
  end_to_end_stage_class_f1=low:0.1935,mid:0.1250,high:0.0000
Epoch 1/30 | train_loss 1.5731 | union_precision 0.7857 | weighted_recall 0.0371 | consensus_recall 0.0000 | threshold 0.575
Epoch 2/30 | train_loss 1.4196 | union_precision 1.0000 | weighted_recall 0.0069 | consensus_recall 0.0000 | threshold 0.650
Epoch 3/30 | train_loss 1.3410 | union_precision 1.0000 | weighted_recall 0.0052 | consensus_recall 0.0000 | threshold 0.675
Epoch 4/30 | train_loss 1.2845 | union_precision 1.0000 | weighted_recall 0.0009 | consensus_recall 0.0000 | threshold 0.700
Epoch 5/30 | train_loss 1.2471 | union_precision 1.0000 | weighted_recall 0.0009 | consensus_recall 0.0000 | threshold 0.700
Epoch 6/30 | train_loss 1.2108 | union_precision 1.0000 | weighted_recall 0.0009 | consensus_recall 0.0000 | threshold 0.700
Epoch 7/30 | train_loss 1.1802 | union_precision 1.0000 | weighted_recall 0.0009 | consensus_recall 0.0000 | threshold 0.700
Early stopping at epoch 7
Held-out M33-2 | union_precision=1.0000 | weighted_recall=0.0069 | consensus_recall=0.0000
  oracle_stage_macro_f1=0.2375 | end_to_end_stage_macro_f1=0.0190
  end_to_end_stage_class_f1=low:0.0000,mid:0.0571,high:0.0000
Epoch 1/30 | train_loss 1.5686 | union_precision 0.4667 | weighted_recall 0.1244 | consensus_recall 0.5000 | threshold 0.525
Epoch 2/30 | train_loss 1.4186 | union_precision 0.3571 | weighted_recall 0.0691 | consensus_recall 0.5000 | threshold 0.525
Epoch 3/30 | train_loss 1.3390 | union_precision 0.4545 | weighted_recall 0.0691 | consensus_recall 0.5000 | threshold 0.550
Epoch 4/30 | train_loss 1.2821 | union_precision 0.5385 | weighted_recall 0.1613 | consensus_recall 0.5000 | threshold 0.550
Epoch 5/30 | train_loss 1.2444 | union_precision 0.5455 | weighted_recall 0.2442 | consensus_recall 0.5000 | threshold 0.475
Epoch 6/30 | train_loss 1.2084 | union_precision 0.7143 | weighted_recall 0.3410 | consensus_recall 1.0000 | threshold 0.575
Epoch 7/30 | train_loss 1.1789 | union_precision 1.0000 | weighted_recall 0.0461 | consensus_recall 0.0000 | threshold 0.675
Epoch 8/30 | train_loss 1.1690 | union_precision 1.0000 | weighted_recall 0.0461 | consensus_recall 0.0000 | threshold 0.700
Epoch 9/30 | train_loss 1.1491 | union_precision 0.8750 | weighted_recall 0.2581 | consensus_recall 0.5000 | threshold 0.650
Epoch 10/30 | train_loss 1.1279 | union_precision 0.8667 | weighted_recall 0.4009 | consensus_recall 1.0000 | threshold 0.575
Epoch 11/30 | train_loss 1.1111 | union_precision 0.9333 | weighted_recall 0.4839 | consensus_recall 1.0000 | threshold 0.575
Epoch 12/30 | train_loss 1.0988 | union_precision 0.9333 | weighted_recall 0.4839 | consensus_recall 1.0000 | threshold 0.575
Epoch 13/30 | train_loss 1.0772 | union_precision 0.9333 | weighted_recall 0.4839 | consensus_recall 1.0000 | threshold 0.550
Epoch 14/30 | train_loss 1.0771 | union_precision 0.9333 | weighted_recall 0.4516 | consensus_recall 1.0000 | threshold 0.550
Epoch 15/30 | train_loss 1.0706 | union_precision 0.9333 | weighted_recall 0.4885 | consensus_recall 1.0000 | threshold 0.525
Epoch 16/30 | train_loss 1.0484 | union_precision 0.9333 | weighted_recall 0.4885 | consensus_recall 1.0000 | threshold 0.525
Epoch 17/30 | train_loss 1.0468 | union_precision 0.9333 | weighted_recall 0.4885 | consensus_recall 1.0000 | threshold 0.525
Epoch 18/30 | train_loss 1.0368 | union_precision 0.9333 | weighted_recall 0.4885 | consensus_recall 1.0000 | threshold 0.500
Epoch 19/30 | train_loss 1.0263 | union_precision 0.9333 | weighted_recall 0.4516 | consensus_recall 1.0000 | threshold 0.500
Epoch 20/30 | train_loss 1.0257 | union_precision 0.9375 | weighted_recall 0.3871 | consensus_recall 1.0000 | threshold 0.475
Epoch 21/30 | train_loss 1.0151 | union_precision 0.9375 | weighted_recall 0.3871 | consensus_recall 1.0000 | threshold 0.475
Epoch 22/30 | train_loss 1.0053 | union_precision 0.9375 | weighted_recall 0.3871 | consensus_recall 1.0000 | threshold 0.475
Epoch 23/30 | train_loss 0.9983 | union_precision 0.9375 | weighted_recall 0.3871 | consensus_recall 1.0000 | threshold 0.450
Epoch 24/30 | train_loss 0.9939 | union_precision 0.9375 | weighted_recall 0.3871 | consensus_recall 1.0000 | threshold 0.450
Epoch 25/30 | train_loss 0.9908 | union_precision 0.9375 | weighted_recall 0.3871 | consensus_recall 1.0000 | threshold 0.450
Early stopping at epoch 25
Held-out M33-3 | union_precision=0.9375 | weighted_recall=0.3871 | consensus_recall=1.0000
  oracle_stage_macro_f1=0.3314 | end_to_end_stage_macro_f1=0.2061
  end_to_end_stage_class_f1=low:0.2400,mid:0.3784,high:0.0000
Epoch 1/30 | train_loss 1.5950 | union_precision 0.8571 | weighted_recall 0.0170 | consensus_recall 0.0000 | threshold 0.675
Epoch 2/30 | train_loss 1.4185 | union_precision 0.8750 | weighted_recall 0.0175 | consensus_recall 0.0000 | threshold 0.675
Epoch 3/30 | train_loss 1.3241 | union_precision 1.0000 | weighted_recall 0.0010 | consensus_recall 0.0000 | threshold 0.725
Epoch 4/30 | train_loss 1.2811 | union_precision 0.8514 | weighted_recall 0.1726 | consensus_recall 0.7143 | threshold 0.450
Epoch 5/30 | train_loss 1.2358 | union_precision 0.8750 | weighted_recall 0.1716 | consensus_recall 0.7143 | threshold 0.475
Epoch 6/30 | train_loss 1.1993 | union_precision 0.8553 | weighted_recall 0.1835 | consensus_recall 0.7143 | threshold 0.050
Epoch 7/30 | train_loss 1.1866 | union_precision 0.8514 | weighted_recall 0.2010 | consensus_recall 0.7143 | threshold 0.425
Epoch 8/30 | train_loss 1.1611 | union_precision 0.8514 | weighted_recall 0.2055 | consensus_recall 0.7143 | threshold 0.425
Epoch 9/30 | train_loss 1.1442 | union_precision 0.8919 | weighted_recall 0.2185 | consensus_recall 0.7143 | threshold 0.400
Epoch 10/30 | train_loss 1.1227 | union_precision 0.8784 | weighted_recall 0.2379 | consensus_recall 0.8571 | threshold 0.375
Epoch 11/30 | train_loss 1.1149 | union_precision 0.8667 | weighted_recall 0.2419 | consensus_recall 0.8571 | threshold 0.050
Epoch 12/30 | train_loss 1.1006 | union_precision 0.8701 | weighted_recall 0.2783 | consensus_recall 0.8571 | threshold 0.050
Epoch 13/30 | train_loss 1.0823 | union_precision 0.8701 | weighted_recall 0.2783 | consensus_recall 0.8571 | threshold 0.050
Epoch 14/30 | train_loss 1.0666 | union_precision 0.8684 | weighted_recall 0.2808 | consensus_recall 0.8571 | threshold 0.050
Epoch 15/30 | train_loss 1.0641 | union_precision 0.8649 | weighted_recall 0.2793 | consensus_recall 0.8571 | threshold 0.050
Epoch 16/30 | train_loss 1.0544 | union_precision 0.8684 | weighted_recall 0.2808 | consensus_recall 0.8571 | threshold 0.050
Epoch 17/30 | train_loss 1.0372 | union_precision 0.8590 | weighted_recall 0.2803 | consensus_recall 0.8571 | threshold 0.050
Early stopping at epoch 17
Held-out M33-4 | union_precision=0.8701 | weighted_recall=0.2783 | consensus_recall=0.8571
  oracle_stage_macro_f1=0.3193 | end_to_end_stage_macro_f1=0.1415
  end_to_end_stage_class_f1=low:0.2185,mid:0.2059,high:0.0000
Epoch 1/30 | train_loss 1.5771 | union_precision 0.6735 | weighted_recall 0.1461 | consensus_recall 0.6667 | threshold 0.450
Epoch 2/30 | train_loss 1.4154 | union_precision 0.6471 | weighted_recall 0.1590 | consensus_recall 0.6667 | threshold 0.475
Epoch 3/30 | train_loss 1.3438 | union_precision 0.6604 | weighted_recall 0.2063 | consensus_recall 0.6667 | threshold 0.475
Epoch 4/30 | train_loss 1.2767 | union_precision 0.6667 | weighted_recall 0.2249 | consensus_recall 0.6667 | threshold 0.450
Epoch 5/30 | train_loss 1.2397 | union_precision 0.6379 | weighted_recall 0.2278 | consensus_recall 0.8333 | threshold 0.050
Epoch 6/30 | train_loss 1.2055 | union_precision 0.6410 | weighted_recall 0.2077 | consensus_recall 0.8333 | threshold 0.525
Early stopping at epoch 6
Held-out M41-1 | union_precision=0.6735 | weighted_recall=0.1461 | consensus_recall=0.6667
  oracle_stage_macro_f1=0.3693 | end_to_end_stage_macro_f1=0.1749
  end_to_end_stage_class_f1=low:0.2549,mid:0.1408,high:0.1290
Epoch 1/30 | train_loss 1.5717 | union_precision 0.8000 | weighted_recall 0.0530 | consensus_recall 0.0000 | threshold 0.600
Epoch 2/30 | train_loss 1.4128 | union_precision 0.8000 | weighted_recall 0.2449 | consensus_recall 1.0000 | threshold 0.050
Epoch 3/30 | train_loss 1.3415 | union_precision 0.8000 | weighted_recall 0.2449 | consensus_recall 1.0000 | threshold 0.050
Epoch 4/30 | train_loss 1.2743 | union_precision 0.8000 | weighted_recall 0.2146 | consensus_recall 1.0000 | threshold 0.050
Epoch 5/30 | train_loss 1.2406 | union_precision 0.7917 | weighted_recall 0.2071 | consensus_recall 1.0000 | threshold 0.475
Epoch 6/30 | train_loss 1.2074 | union_precision 0.8000 | weighted_recall 0.0808 | consensus_recall 0.0000 | threshold 0.600
Epoch 7/30 | train_loss 1.1782 | union_precision 1.0000 | weighted_recall 0.0808 | consensus_recall 0.0000 | threshold 0.600
Epoch 8/30 | train_loss 1.1664 | union_precision 1.0000 | weighted_recall 0.0354 | consensus_recall 0.0000 | threshold 0.625
Epoch 9/30 | train_loss 1.1449 | union_precision 1.0000 | weighted_recall 0.0354 | consensus_recall 0.0000 | threshold 0.650
Epoch 10/30 | train_loss 1.1227 | union_precision 0.8571 | weighted_recall 0.1970 | consensus_recall 1.0000 | threshold 0.575
Epoch 11/30 | train_loss 1.1101 | union_precision 0.8750 | weighted_recall 0.2273 | consensus_recall 1.0000 | threshold 0.575
Epoch 12/30 | train_loss 1.0951 | union_precision 0.8750 | weighted_recall 0.2955 | consensus_recall 1.0000 | threshold 0.600
Epoch 13/30 | train_loss 1.0744 | union_precision 0.8750 | weighted_recall 0.2955 | consensus_recall 1.0000 | threshold 0.600
Epoch 14/30 | train_loss 1.0762 | union_precision 0.8750 | weighted_recall 0.2955 | consensus_recall 1.0000 | threshold 0.625
Epoch 15/30 | train_loss 1.0648 | union_precision 0.8750 | weighted_recall 0.2955 | consensus_recall 1.0000 | threshold 0.625
Epoch 16/30 | train_loss 1.0439 | union_precision 0.8750 | weighted_recall 0.3258 | consensus_recall 1.0000 | threshold 0.650
Epoch 17/30 | train_loss 1.0421 | union_precision 0.8750 | weighted_recall 0.3258 | consensus_recall 1.0000 | threshold 0.650
Epoch 18/30 | train_loss 1.0331 | union_precision 0.8750 | weighted_recall 0.3434 | consensus_recall 1.0000 | threshold 0.650
Epoch 19/30 | train_loss 1.0203 | union_precision 0.9333 | weighted_recall 0.3359 | consensus_recall 1.0000 | threshold 0.675
Epoch 20/30 | train_loss 1.0215 | union_precision 0.9333 | weighted_recall 0.3359 | consensus_recall 1.0000 | threshold 0.675
Epoch 21/30 | train_loss 1.0144 | union_precision 0.9333 | weighted_recall 0.3359 | consensus_recall 1.0000 | threshold 0.675
Epoch 22/30 | train_loss 1.0036 | union_precision 0.8750 | weighted_recall 0.3056 | consensus_recall 1.0000 | threshold 0.625
Epoch 23/30 | train_loss 0.9946 | union_precision 0.8750 | weighted_recall 0.2449 | consensus_recall 1.0000 | threshold 0.650
Epoch 24/30 | train_loss 0.9897 | union_precision 0.8750 | weighted_recall 0.2449 | consensus_recall 1.0000 | threshold 0.650
Early stopping at epoch 24
Held-out M41-2 | union_precision=0.9333 | weighted_recall=0.3359 | consensus_recall=1.0000
  oracle_stage_macro_f1=0.2913 | end_to_end_stage_macro_f1=0.0730
  end_to_end_stage_class_f1=low:0.0690,mid:0.1500,high:0.0000
Epoch 1/30 | train_loss 1.5742 | union_precision 0.8846 | weighted_recall 0.2979 | consensus_recall 0.0000 | threshold 0.575
Epoch 2/30 | train_loss 1.4155 | union_precision 0.8667 | weighted_recall 0.2286 | consensus_recall 0.0000 | threshold 0.525
Epoch 3/30 | train_loss 1.3411 | union_precision 0.8667 | weighted_recall 0.2286 | consensus_recall 0.0000 | threshold 0.500
Epoch 4/30 | train_loss 1.2725 | union_precision 0.8667 | weighted_recall 0.2286 | consensus_recall 0.0000 | threshold 0.475
Epoch 5/30 | train_loss 1.2408 | union_precision 0.8636 | weighted_recall 0.2633 | consensus_recall 0.0000 | threshold 0.525
Epoch 6/30 | train_loss 1.2074 | union_precision 0.8571 | weighted_recall 0.2610 | consensus_recall 0.0000 | threshold 0.525
Epoch 7/30 | train_loss 1.1779 | union_precision 0.8636 | weighted_recall 0.2633 | consensus_recall 0.0000 | threshold 0.500
Early stopping at epoch 7
Held-out M41-3 | union_precision=0.8667 | weighted_recall=0.2286 | consensus_recall=0.0000
  oracle_stage_macro_f1=0.3276 | end_to_end_stage_macro_f1=0.2230
  end_to_end_stage_class_f1=low:0.1053,mid:0.3415,high:0.2222
Epoch 1/30 | train_loss 1.5768 | union_precision 0.7895 | weighted_recall 0.2950 | consensus_recall 0.6250 | threshold 0.525
Epoch 2/30 | train_loss 1.4190 | union_precision 0.8571 | weighted_recall 0.1799 | consensus_recall 0.3750 | threshold 0.600
Epoch 3/30 | train_loss 1.3464 | union_precision 0.9200 | weighted_recall 0.4484 | consensus_recall 1.0000 | threshold 0.050
Epoch 4/30 | train_loss 1.2752 | union_precision 0.9200 | weighted_recall 0.4604 | consensus_recall 1.0000 | threshold 0.050
Epoch 5/30 | train_loss 1.2436 | union_precision 0.9200 | weighted_recall 0.4628 | consensus_recall 1.0000 | threshold 0.450
Epoch 6/30 | train_loss 1.2100 | union_precision 0.9200 | weighted_recall 0.4221 | consensus_recall 0.8750 | threshold 0.450
Epoch 7/30 | train_loss 1.1810 | union_precision 0.8750 | weighted_recall 0.2254 | consensus_recall 0.6250 | threshold 0.600
Epoch 8/30 | train_loss 1.1687 | union_precision 1.0000 | weighted_recall 0.1151 | consensus_recall 0.3750 | threshold 0.650
Epoch 9/30 | train_loss 1.1481 | union_precision 1.0000 | weighted_recall 0.1151 | consensus_recall 0.3750 | threshold 0.675
Epoch 10/30 | train_loss 1.1246 | union_precision 1.0000 | weighted_recall 0.1151 | consensus_recall 0.3750 | threshold 0.700
Early stopping at epoch 10
Held-out M41-4 | union_precision=0.9200 | weighted_recall=0.4628 | consensus_recall=1.0000
  oracle_stage_macro_f1=0.3561 | end_to_end_stage_macro_f1=0.2223
  end_to_end_stage_class_f1=low:0.0816,mid:0.4314,high:0.1538
Epoch 1/30 | train_loss 1.5767 | union_precision 0.7143 | weighted_recall 0.0847 | consensus_recall 0.1250 | threshold 0.600
Epoch 2/30 | train_loss 1.4205 | union_precision 1.0000 | weighted_recall 0.0198 | consensus_recall 0.0000 | threshold 0.725
Epoch 3/30 | train_loss 1.3422 | union_precision 1.0000 | weighted_recall 0.0282 | consensus_recall 0.1250 | threshold 0.725
Epoch 4/30 | train_loss 1.2727 | union_precision 1.0000 | weighted_recall 0.0424 | consensus_recall 0.1250 | threshold 0.725
Epoch 5/30 | train_loss 1.2422 | union_precision 1.0000 | weighted_recall 0.0424 | consensus_recall 0.1250 | threshold 0.725
Epoch 6/30 | train_loss 1.2073 | union_precision 1.0000 | weighted_recall 0.0424 | consensus_recall 0.1250 | threshold 0.725
Epoch 7/30 | train_loss 1.1782 | union_precision 0.7500 | weighted_recall 0.0424 | consensus_recall 0.1250 | threshold 0.675
Epoch 8/30 | train_loss 1.1658 | union_precision 0.7500 | weighted_recall 0.0424 | consensus_recall 0.1250 | threshold 0.700
Epoch 9/30 | train_loss 1.1474 | union_precision 0.7500 | weighted_recall 0.0424 | consensus_recall 0.1250 | threshold 0.700
Early stopping at epoch 9
Held-out M50-1 | union_precision=1.0000 | weighted_recall=0.0424 | consensus_recall=0.1250
  oracle_stage_macro_f1=0.2772 | end_to_end_stage_macro_f1=0.0392
  end_to_end_stage_class_f1=low:0.0000,mid:0.1176,high:0.0000
Epoch 1/30 | train_loss 1.5776 | union_precision 0.8095 | weighted_recall 0.0825 | consensus_recall 0.4000 | threshold 0.600
Epoch 2/30 | train_loss 1.4189 | union_precision 0.8571 | weighted_recall 0.0283 | consensus_recall 0.0000 | threshold 0.625
Epoch 3/30 | train_loss 1.3434 | union_precision 0.8750 | weighted_recall 0.0342 | consensus_recall 0.2000 | threshold 0.625
Epoch 4/30 | train_loss 1.2708 | union_precision 0.8750 | weighted_recall 0.0448 | consensus_recall 0.2000 | threshold 0.625
Epoch 5/30 | train_loss 1.2389 | union_precision 0.8750 | weighted_recall 0.0448 | consensus_recall 0.2000 | threshold 0.625
Epoch 6/30 | train_loss 1.2051 | union_precision 0.8571 | weighted_recall 0.0283 | consensus_recall 0.2000 | threshold 0.650
Epoch 7/30 | train_loss 1.1786 | union_precision 0.8571 | weighted_recall 0.0377 | consensus_recall 0.2000 | threshold 0.650
Epoch 8/30 | train_loss 1.1679 | union_precision 0.8636 | weighted_recall 0.1781 | consensus_recall 0.2000 | threshold 0.550
Epoch 9/30 | train_loss 1.1485 | union_precision 0.8519 | weighted_recall 0.1981 | consensus_recall 0.6000 | threshold 0.550
Epoch 10/30 | train_loss 1.1235 | union_precision 0.8929 | weighted_recall 0.2146 | consensus_recall 0.8000 | threshold 0.550
Epoch 11/30 | train_loss 1.1120 | union_precision 0.8500 | weighted_recall 0.2465 | consensus_recall 0.8000 | threshold 0.475
Epoch 12/30 | train_loss 1.0942 | union_precision 0.8788 | weighted_recall 0.2229 | consensus_recall 0.8000 | threshold 0.525
Epoch 13/30 | train_loss 1.0738 | union_precision 0.9032 | weighted_recall 0.2170 | consensus_recall 0.8000 | threshold 0.525
Epoch 14/30 | train_loss 1.0761 | union_precision 0.8571 | weighted_recall 0.2241 | consensus_recall 0.6000 | threshold 0.500
Epoch 15/30 | train_loss 1.0659 | union_precision 0.8649 | weighted_recall 0.2241 | consensus_recall 0.6000 | threshold 0.475
Epoch 16/30 | train_loss 1.0465 | union_precision 0.8889 | weighted_recall 0.2347 | consensus_recall 0.6000 | threshold 0.475
Early stopping at epoch 16
Held-out M50-2 | union_precision=0.8500 | weighted_recall=0.2465 | consensus_recall=0.8000
  oracle_stage_macro_f1=0.2861 | end_to_end_stage_macro_f1=0.1062
  end_to_end_stage_class_f1=low:0.1758,mid:0.1429,high:0.0000
Epoch 1/30 | train_loss 1.5832 | union_precision 0.8571 | weighted_recall 0.0581 | consensus_recall 0.0714 | threshold 0.650
Epoch 2/30 | train_loss 1.4154 | union_precision 0.9167 | weighted_recall 0.0470 | consensus_recall 0.0714 | threshold 0.675
Epoch 3/30 | train_loss 1.3532 | union_precision 0.8667 | weighted_recall 0.0883 | consensus_recall 0.2143 | threshold 0.675
Epoch 4/30 | train_loss 1.2764 | union_precision 0.9167 | weighted_recall 0.0683 | consensus_recall 0.1429 | threshold 0.700
Epoch 5/30 | train_loss 1.2443 | union_precision 1.0000 | weighted_recall 0.0544 | consensus_recall 0.1429 | threshold 0.725
Epoch 6/30 | train_loss 1.2094 | union_precision 0.8710 | weighted_recall 0.3529 | consensus_recall 0.8571 | threshold 0.550
Epoch 7/30 | train_loss 1.1822 | union_precision 0.8571 | weighted_recall 0.3529 | consensus_recall 0.8571 | threshold 0.550
Epoch 8/30 | train_loss 1.1718 | union_precision 0.8814 | weighted_recall 0.3505 | consensus_recall 0.8571 | threshold 0.575
Epoch 9/30 | train_loss 1.1527 | union_precision 0.8630 | weighted_recall 0.3742 | consensus_recall 0.9286 | threshold 0.525
Epoch 10/30 | train_loss 1.1284 | union_precision 0.8630 | weighted_recall 0.3742 | consensus_recall 0.9286 | threshold 0.525
Epoch 11/30 | train_loss 1.1169 | union_precision 0.8571 | weighted_recall 0.3821 | consensus_recall 0.9286 | threshold 0.550
Epoch 12/30 | train_loss 1.0989 | union_precision 0.8551 | weighted_recall 0.3803 | consensus_recall 0.9286 | threshold 0.550
Epoch 13/30 | train_loss 1.0779 | union_precision 0.8529 | weighted_recall 0.3794 | consensus_recall 0.9286 | threshold 0.550
Epoch 14/30 | train_loss 1.0809 | union_precision 0.8529 | weighted_recall 0.3794 | consensus_recall 0.9286 | threshold 0.575
Early stopping at epoch 14
Held-out M50-3 | union_precision=0.8630 | weighted_recall=0.3742 | consensus_recall=0.9286
  oracle_stage_macro_f1=0.3682 | end_to_end_stage_macro_f1=0.2062
  end_to_end_stage_class_f1=low:0.1875,mid:0.2679,high:0.1633
Epoch 1/30 | train_loss 1.5759 | union_precision 0.6667 | weighted_recall 0.0118 | consensus_recall 0.2500 | threshold 0.625
Epoch 2/30 | train_loss 1.4168 | union_precision 1.0000 | weighted_recall 0.0010 | consensus_recall 0.1250 | threshold 0.650
Epoch 3/30 | train_loss 1.3441 | union_precision 1.0000 | weighted_recall 0.0010 | consensus_recall 0.1250 | threshold 0.675
Epoch 4/30 | train_loss 1.2705 | union_precision 1.0000 | weighted_recall 0.0010 | consensus_recall 0.1250 | threshold 0.675
Epoch 5/30 | train_loss 1.2363 | union_precision 1.0000 | weighted_recall 0.0010 | consensus_recall 0.1250 | threshold 0.675
Epoch 6/30 | train_loss 1.2012 | union_precision 0.6667 | weighted_recall 0.0473 | consensus_recall 0.5000 | threshold 0.625
Epoch 7/30 | train_loss 1.1746 | union_precision 0.6667 | weighted_recall 0.0256 | consensus_recall 0.2500 | threshold 0.675
Early stopping at epoch 7
Held-out M56-1 | union_precision=1.0000 | weighted_recall=0.0010 | consensus_recall=0.1250
  oracle_stage_macro_f1=0.3244 | end_to_end_stage_macro_f1=0.0370
  end_to_end_stage_class_f1=low:0.0000,mid:0.0000,high:0.1111
Epoch 1/30 | train_loss 1.5677 | union_precision 0.6552 | weighted_recall 0.1594 | consensus_recall 0.4286 | threshold 0.475
Epoch 2/30 | train_loss 1.4111 | union_precision 0.6429 | weighted_recall 0.1645 | consensus_recall 0.4286 | threshold 0.525
Epoch 3/30 | train_loss 1.3400 | union_precision 0.6154 | weighted_recall 0.1633 | consensus_recall 0.2857 | threshold 0.050
Epoch 4/30 | train_loss 1.2677 | union_precision 0.5806 | weighted_recall 0.1148 | consensus_recall 0.1429 | threshold 0.525
Epoch 5/30 | train_loss 1.2331 | union_precision 0.5714 | weighted_recall 0.1492 | consensus_recall 0.2857 | threshold 0.450
Epoch 6/30 | train_loss 1.2000 | union_precision 0.6000 | weighted_recall 0.1518 | consensus_recall 0.2857 | threshold 0.450
Early stopping at epoch 6
Held-out M56-2 | union_precision=0.6552 | weighted_recall=0.1594 | consensus_recall=0.4286
  oracle_stage_macro_f1=0.3164 | end_to_end_stage_macro_f1=0.1136
  end_to_end_stage_class_f1=low:0.0312,mid:0.1356,high:0.1739
Epoch 1/30 | train_loss 1.5761 | union_precision 0.8654 | weighted_recall 0.1333 | consensus_recall 0.4000 | threshold 0.600
Epoch 2/30 | train_loss 1.4173 | union_precision 0.8750 | weighted_recall 0.1694 | consensus_recall 0.5000 | threshold 0.575
Epoch 3/30 | train_loss 1.3483 | union_precision 0.8750 | weighted_recall 0.1997 | consensus_recall 0.6000 | threshold 0.575
Epoch 4/30 | train_loss 1.2733 | union_precision 0.8621 | weighted_recall 0.2101 | consensus_recall 0.7000 | threshold 0.575
Epoch 5/30 | train_loss 1.2391 | union_precision 0.8769 | weighted_recall 0.2497 | consensus_recall 0.8000 | threshold 0.550
Epoch 6/30 | train_loss 1.2075 | union_precision 0.8657 | weighted_recall 0.2532 | consensus_recall 0.8000 | threshold 0.550
Epoch 7/30 | train_loss 1.1832 | union_precision 0.8615 | weighted_recall 0.2549 | consensus_recall 0.8000 | threshold 0.550
Epoch 8/30 | train_loss 1.1727 | union_precision 0.8615 | weighted_recall 0.2538 | consensus_recall 0.8000 | threshold 0.550
Epoch 9/30 | train_loss 1.1484 | union_precision 0.8507 | weighted_recall 0.2520 | consensus_recall 0.8000 | threshold 0.550
Epoch 10/30 | train_loss 1.1256 | union_precision 0.8947 | weighted_recall 0.2363 | consensus_recall 0.8000 | threshold 0.600
Epoch 11/30 | train_loss 1.1096 | union_precision 0.8636 | weighted_recall 0.2520 | consensus_recall 0.8000 | threshold 0.575
Early stopping at epoch 11
Held-out M56-3 | union_precision=0.8657 | weighted_recall=0.2532 | consensus_recall=0.8000
  oracle_stage_macro_f1=0.2322 | end_to_end_stage_macro_f1=0.0481
  end_to_end_stage_class_f1=low:0.0419,mid:0.0696,high:0.0328
Epoch 1/30 | train_loss 1.5741 | union_precision 1.0000 | weighted_recall 0.0063 | consensus_recall 0.0000 | threshold 0.725
Epoch 2/30 | train_loss 1.4171 | union_precision 1.0000 | weighted_recall 0.0063 | consensus_recall 0.0000 | threshold 0.725
Epoch 3/30 | train_loss 1.3443 | union_precision 1.0000 | weighted_recall 0.0063 | consensus_recall 0.0000 | threshold 0.700
Epoch 4/30 | train_loss 1.2672 | union_precision 1.0000 | weighted_recall 0.0063 | consensus_recall 0.0000 | threshold 0.675
Epoch 5/30 | train_loss 1.2337 | union_precision 1.0000 | weighted_recall 0.0152 | consensus_recall 0.0000 | threshold 0.650
Epoch 6/30 | train_loss 1.1989 | union_precision 1.0000 | weighted_recall 0.0139 | consensus_recall 0.0000 | threshold 0.650
Epoch 7/30 | train_loss 1.1759 | union_precision 1.0000 | weighted_recall 0.0139 | consensus_recall 0.0000 | threshold 0.650
Epoch 8/30 | train_loss 1.1642 | union_precision 1.0000 | weighted_recall 0.0152 | consensus_recall 0.0000 | threshold 0.650
Epoch 9/30 | train_loss 1.1389 | union_precision 1.0000 | weighted_recall 0.0152 | consensus_recall 0.0000 | threshold 0.650
Epoch 10/30 | train_loss 1.1186 | union_precision 1.0000 | weighted_recall 0.0152 | consensus_recall 0.0000 | threshold 0.675
Early stopping at epoch 10
Held-out M59-1 | union_precision=1.0000 | weighted_recall=0.0152 | consensus_recall=0.0000
  oracle_stage_macro_f1=0.3245 | end_to_end_stage_macro_f1=0.0000
  end_to_end_stage_class_f1=low:0.0000,mid:0.0000,high:0.0000
Epoch 1/30 | train_loss 1.5725 | union_precision 0.8571 | weighted_recall 0.1552 | consensus_recall 0.5000 | threshold 0.575
Epoch 2/30 | train_loss 1.4182 | union_precision 0.8500 | weighted_recall 0.1865 | consensus_recall 0.6667 | threshold 0.575
Epoch 3/30 | train_loss 1.3508 | union_precision 0.8500 | weighted_recall 0.1865 | consensus_recall 0.6667 | threshold 0.575
Epoch 4/30 | train_loss 1.2697 | union_precision 0.8750 | weighted_recall 0.1573 | consensus_recall 0.5000 | threshold 0.600
Epoch 5/30 | train_loss 1.2379 | union_precision 1.0000 | weighted_recall 0.0292 | consensus_recall 0.0000 | threshold 0.725
Epoch 6/30 | train_loss 1.2014 | union_precision 0.8519 | weighted_recall 0.2865 | consensus_recall 0.6667 | threshold 0.550
Epoch 7/30 | train_loss 1.1789 | union_precision 0.8571 | weighted_recall 0.0885 | consensus_recall 0.1667 | threshold 0.675
Epoch 8/30 | train_loss 1.1659 | union_precision 0.8571 | weighted_recall 0.1615 | consensus_recall 0.3333 | threshold 0.625
Epoch 9/30 | train_loss 1.1451 | union_precision 0.8889 | weighted_recall 0.0990 | consensus_recall 0.1667 | threshold 0.675
Epoch 10/30 | train_loss 1.1231 | union_precision 0.8696 | weighted_recall 0.2906 | consensus_recall 0.5000 | threshold 0.600
Epoch 11/30 | train_loss 1.1049 | union_precision 0.8500 | weighted_recall 0.2344 | consensus_recall 0.3333 | threshold 0.625
Early stopping at epoch 11
Held-out M59-2 | union_precision=0.8519 | weighted_recall=0.2865 | consensus_recall=0.6667
  oracle_stage_macro_f1=0.3696 | end_to_end_stage_macro_f1=0.1812
  end_to_end_stage_class_f1=low:0.0533,mid:0.2903,high:0.2000
Epoch 1/30 | train_loss 1.5731 | union_precision 0.9000 | weighted_recall 0.0630 | consensus_recall 0.1000 | threshold 0.600
Epoch 2/30 | train_loss 1.4206 | union_precision 0.8750 | weighted_recall 0.0597 | consensus_recall 0.1000 | threshold 0.625
Epoch 3/30 | train_loss 1.3507 | union_precision 0.8333 | weighted_recall 0.0556 | consensus_recall 0.1000 | threshold 0.650
Epoch 4/30 | train_loss 1.2720 | union_precision 0.8571 | weighted_recall 0.0573 | consensus_recall 0.1000 | threshold 0.650
Epoch 5/30 | train_loss 1.2374 | union_precision 0.8750 | weighted_recall 0.0802 | consensus_recall 0.2000 | threshold 0.650
Epoch 6/30 | train_loss 1.2024 | union_precision 1.0000 | weighted_recall 0.0295 | consensus_recall 0.1000 | threshold 0.725
Early stopping at epoch 6
Held-out M59-3 | union_precision=0.9000 | weighted_recall=0.0630 | consensus_recall=0.1000
  oracle_stage_macro_f1=0.4314 | end_to_end_stage_macro_f1=0.0291
  end_to_end_stage_class_f1=low:0.0545,mid:0.0328,high:0.0000
Epoch 1/30 | train_loss 1.5694 | union_precision 0.6364 | weighted_recall 0.1772 | consensus_recall 0.6667 | threshold 0.475
Epoch 2/30 | train_loss 1.4182 | union_precision 0.6923 | weighted_recall 0.2199 | consensus_recall 0.6667 | threshold 0.525
Epoch 3/30 | train_loss 1.3474 | union_precision 0.7200 | weighted_recall 0.1962 | consensus_recall 0.3333 | threshold 0.525
Epoch 4/30 | train_loss 1.2715 | union_precision 0.7500 | weighted_recall 0.2263 | consensus_recall 0.3333 | threshold 0.450
Epoch 5/30 | train_loss 1.2355 | union_precision 0.7500 | weighted_recall 0.2310 | consensus_recall 0.3333 | threshold 0.450
Epoch 6/30 | train_loss 1.2007 | union_precision 0.8108 | weighted_recall 0.2627 | consensus_recall 0.3333 | threshold 0.450
Epoch 7/30 | train_loss 1.1803 | union_precision 0.8571 | weighted_recall 0.0459 | consensus_recall 0.0000 | threshold 0.675
Epoch 8/30 | train_loss 1.1658 | union_precision 1.0000 | weighted_recall 0.0079 | consensus_recall 0.0000 | threshold 0.725
Epoch 9/30 | train_loss 1.1428 | union_precision 0.8947 | weighted_recall 0.1250 | consensus_recall 0.0000 | threshold 0.600
Epoch 10/30 | train_loss 1.1211 | union_precision 0.8800 | weighted_recall 0.1756 | consensus_recall 0.0000 | threshold 0.600
Epoch 11/30 | train_loss 1.1026 | union_precision 0.9200 | weighted_recall 0.1788 | consensus_recall 0.0000 | threshold 0.600
Epoch 12/30 | train_loss 1.0860 | union_precision 0.9259 | weighted_recall 0.1835 | consensus_recall 0.0000 | threshold 0.600
Epoch 13/30 | train_loss 1.0723 | union_precision 0.8710 | weighted_recall 0.1915 | consensus_recall 0.0000 | threshold 0.575
Epoch 14/30 | train_loss 1.0728 | union_precision 0.8788 | weighted_recall 0.1946 | consensus_recall 0.0000 | threshold 0.575
Epoch 15/30 | train_loss 1.0639 | union_precision 0.8824 | weighted_recall 0.1994 | consensus_recall 0.0000 | threshold 0.550
Epoch 16/30 | train_loss 1.0466 | union_precision 0.8919 | weighted_recall 0.2231 | consensus_recall 0.0000 | threshold 0.525
Epoch 17/30 | train_loss 1.0396 | union_precision 0.8889 | weighted_recall 0.2215 | consensus_recall 0.0000 | threshold 0.525
Epoch 18/30 | train_loss 1.0327 | union_precision 0.8649 | weighted_recall 0.2263 | consensus_recall 0.0000 | threshold 0.500
Epoch 19/30 | train_loss 1.0192 | union_precision 0.8857 | weighted_recall 0.2231 | consensus_recall 0.0000 | threshold 0.475
Epoch 20/30 | train_loss 1.0214 | union_precision 0.8649 | weighted_recall 0.2547 | consensus_recall 0.3333 | threshold 0.400
Epoch 21/30 | train_loss 1.0131 | union_precision 0.8649 | weighted_recall 0.2547 | consensus_recall 0.3333 | threshold 0.375
Early stopping at epoch 21
Held-out M63-1 | union_precision=0.8919 | weighted_recall=0.2231 | consensus_recall=0.0000
  oracle_stage_macro_f1=0.3418 | end_to_end_stage_macro_f1=0.1205
  end_to_end_stage_class_f1=low:0.1190,mid:0.2424,high:0.0000
Epoch 1/30 | train_loss 1.5688 | union_precision 1.0000 | weighted_recall 0.0496 | consensus_recall 0.2500 | threshold 0.650
Epoch 2/30 | train_loss 1.4189 | union_precision 1.0000 | weighted_recall 0.0496 | consensus_recall 0.2500 | threshold 0.700
Epoch 3/30 | train_loss 1.3494 | union_precision 1.0000 | weighted_recall 0.0496 | consensus_recall 0.2500 | threshold 0.700
Epoch 4/30 | train_loss 1.2741 | union_precision 1.0000 | weighted_recall 0.0496 | consensus_recall 0.2500 | threshold 0.700
Epoch 5/30 | train_loss 1.2372 | union_precision 1.0000 | weighted_recall 0.0496 | consensus_recall 0.2500 | threshold 0.700
Epoch 6/30 | train_loss 1.2029 | union_precision 1.0000 | weighted_recall 0.0496 | consensus_recall 0.2500 | threshold 0.700
Early stopping at epoch 6
Held-out M63-3 | union_precision=1.0000 | weighted_recall=0.0496 | consensus_recall=0.2500
  oracle_stage_macro_f1=0.3728 | end_to_end_stage_macro_f1=0.0196
  end_to_end_stage_class_f1=low:0.0000,mid:0.0588,high:0.0000
Epoch 1/30 | train_loss 1.5692 | union_precision 0.6842 | weighted_recall 0.3863 | consensus_recall 1.0000 | threshold 0.450
Epoch 2/30 | train_loss 1.4194 | union_precision 0.7273 | weighted_recall 0.2991 | consensus_recall 1.0000 | threshold 0.525
Epoch 3/30 | train_loss 1.3509 | union_precision 0.7500 | weighted_recall 0.3520 | consensus_recall 1.0000 | threshold 0.525
Epoch 4/30 | train_loss 1.2758 | union_precision 0.7500 | weighted_recall 0.3520 | consensus_recall 1.0000 | threshold 0.525
Epoch 5/30 | train_loss 1.2398 | union_precision 0.8000 | weighted_recall 0.2056 | consensus_recall 0.6667 | threshold 0.675
Epoch 6/30 | train_loss 1.2057 | union_precision 0.8000 | weighted_recall 0.2056 | consensus_recall 0.6667 | threshold 0.675
Epoch 7/30 | train_loss 1.1842 | union_precision 0.8000 | weighted_recall 0.3738 | consensus_recall 1.0000 | threshold 0.575
Epoch 8/30 | train_loss 1.1707 | union_precision 0.8000 | weighted_recall 0.2056 | consensus_recall 0.6667 | threshold 0.675
Epoch 9/30 | train_loss 1.1482 | union_precision 0.8000 | weighted_recall 0.4517 | consensus_recall 1.0000 | threshold 0.575
Epoch 10/30 | train_loss 1.1254 | union_precision 0.8125 | weighted_recall 0.4611 | consensus_recall 1.0000 | threshold 0.600
Epoch 11/30 | train_loss 1.1072 | union_precision 0.8667 | weighted_recall 0.4611 | consensus_recall 1.0000 | threshold 0.625
Epoch 12/30 | train_loss 1.0907 | union_precision 0.8667 | weighted_recall 0.4611 | consensus_recall 1.0000 | threshold 0.650
Epoch 13/30 | train_loss 1.0758 | union_precision 0.9286 | weighted_recall 0.4611 | consensus_recall 1.0000 | threshold 0.650
Epoch 14/30 | train_loss 1.0767 | union_precision 0.8947 | weighted_recall 0.5109 | consensus_recall 1.0000 | threshold 0.475
Epoch 15/30 | train_loss 1.0699 | union_precision 0.8500 | weighted_recall 0.5109 | consensus_recall 1.0000 | threshold 0.400
Epoch 16/30 | train_loss 1.0515 | union_precision 0.8947 | weighted_recall 0.5109 | consensus_recall 1.0000 | threshold 0.450
Epoch 17/30 | train_loss 1.0435 | union_precision 0.8500 | weighted_recall 0.5109 | consensus_recall 1.0000 | threshold 0.400
Epoch 18/30 | train_loss 1.0385 | union_precision 0.8500 | weighted_recall 0.5140 | consensus_recall 1.0000 | threshold 0.400
Epoch 19/30 | train_loss 1.0227 | union_precision 0.8889 | weighted_recall 0.5016 | consensus_recall 1.0000 | threshold 0.400
Early stopping at epoch 19
Held-out M67-1 | union_precision=0.8947 | weighted_recall=0.5109 | consensus_recall=1.0000
  oracle_stage_macro_f1=0.4784 | end_to_end_stage_macro_f1=0.2074
  end_to_end_stage_class_f1=low:0.0000,mid:0.3721,high:0.2500
Epoch 1/30 | train_loss 1.5682 | union_precision 0.8571 | weighted_recall 0.1317 | consensus_recall 1.0000 | threshold 0.625
Epoch 2/30 | train_loss 1.4193 | union_precision 0.8750 | weighted_recall 0.1505 | consensus_recall 1.0000 | threshold 0.625
Epoch 3/30 | train_loss 1.3469 | union_precision 0.8889 | weighted_recall 0.1536 | consensus_recall 1.0000 | threshold 0.625
Epoch 4/30 | train_loss 1.2738 | union_precision 0.8750 | weighted_recall 0.1505 | consensus_recall 1.0000 | threshold 0.650
Epoch 5/30 | train_loss 1.2359 | union_precision 0.8750 | weighted_recall 0.1505 | consensus_recall 1.0000 | threshold 0.650
Epoch 6/30 | train_loss 1.2012 | union_precision 0.8571 | weighted_recall 0.1317 | consensus_recall 1.0000 | threshold 0.650
Epoch 7/30 | train_loss 1.1813 | union_precision 0.8571 | weighted_recall 0.1317 | consensus_recall 1.0000 | threshold 0.650
Epoch 8/30 | train_loss 1.1673 | union_precision 1.0000 | weighted_recall 0.1097 | consensus_recall 1.0000 | threshold 0.675
Early stopping at epoch 8
Held-out M67-2 | union_precision=0.8889 | weighted_recall=0.1536 | consensus_recall=1.0000
  oracle_stage_macro_f1=0.2385 | end_to_end_stage_macro_f1=0.0998
  end_to_end_stage_class_f1=low:0.0000,mid:0.1176,high:0.1818
Epoch 1/30 | train_loss 1.5671 | union_precision 1.0000 | weighted_recall 0.0459 | consensus_recall 0.0000 | threshold 0.675
Epoch 2/30 | train_loss 1.4215 | union_precision 1.0000 | weighted_recall 0.0459 | consensus_recall 0.0000 | threshold 0.675
Epoch 3/30 | train_loss 1.3503 | union_precision 1.0000 | weighted_recall 0.0459 | consensus_recall 0.0000 | threshold 0.675
Epoch 4/30 | train_loss 1.2770 | union_precision 1.0000 | weighted_recall 0.0459 | consensus_recall 0.0000 | threshold 0.675
Epoch 5/30 | train_loss 1.2386 | union_precision 1.0000 | weighted_recall 0.0795 | consensus_recall 0.0000 | threshold 0.675
Epoch 6/30 | train_loss 1.2052 | union_precision 1.0000 | weighted_recall 0.0795 | consensus_recall 0.0000 | threshold 0.675
Epoch 7/30 | train_loss 1.1842 | union_precision 0.8571 | weighted_recall 0.4709 | consensus_recall 1.0000 | threshold 0.625
Epoch 8/30 | train_loss 1.1703 | union_precision 0.8667 | weighted_recall 0.5199 | consensus_recall 1.0000 | threshold 0.625
Epoch 9/30 | train_loss 1.1487 | union_precision 0.8667 | weighted_recall 0.5199 | consensus_recall 1.0000 | threshold 0.650
Epoch 10/30 | train_loss 1.1263 | union_precision 0.8750 | weighted_recall 0.5535 | consensus_recall 1.0000 | threshold 0.650
Epoch 11/30 | train_loss 1.1069 | union_precision 0.8750 | weighted_recall 0.5535 | consensus_recall 1.0000 | threshold 0.650
Epoch 12/30 | train_loss 1.0909 | union_precision 0.8750 | weighted_recall 0.5535 | consensus_recall 1.0000 | threshold 0.650
Epoch 13/30 | train_loss 1.0745 | union_precision 0.8750 | weighted_recall 0.5535 | consensus_recall 1.0000 | threshold 0.650
Epoch 14/30 | train_loss 1.0772 | union_precision 0.8750 | weighted_recall 0.5535 | consensus_recall 1.0000 | threshold 0.650
Epoch 15/30 | train_loss 1.0694 | union_precision 0.8750 | weighted_recall 0.5535 | consensus_recall 1.0000 | threshold 0.650
Early stopping at epoch 15
Held-out M67-3 | union_precision=0.8750 | weighted_recall=0.5535 | consensus_recall=1.0000
  oracle_stage_macro_f1=0.4155 | end_to_end_stage_macro_f1=0.2706
  end_to_end_stage_class_f1=low:0.4000,mid:0.4118,high:0.0000
Epoch 1/30 | train_loss 1.5675 | union_precision 0.7000 | weighted_recall 0.0658 | consensus_recall 0.2500 | threshold 0.575
Epoch 2/30 | train_loss 1.4210 | union_precision 0.8000 | weighted_recall 0.0206 | consensus_recall 0.0000 | threshold 0.600
Epoch 3/30 | train_loss 1.3524 | union_precision 0.6667 | weighted_recall 0.0370 | consensus_recall 0.0000 | threshold 0.600
Epoch 4/30 | train_loss 1.2763 | union_precision 0.6667 | weighted_recall 0.0247 | consensus_recall 0.0000 | threshold 0.625
Epoch 5/30 | train_loss 1.2390 | union_precision 0.6667 | weighted_recall 0.1248 | consensus_recall 0.2500 | threshold 0.600
Epoch 6/30 | train_loss 1.2062 | union_precision 0.8333 | weighted_recall 0.3278 | consensus_recall 0.5000 | threshold 0.575
Epoch 7/30 | train_loss 1.1861 | union_precision 0.8571 | weighted_recall 0.0974 | consensus_recall 0.0000 | threshold 0.625
Epoch 8/30 | train_loss 1.1726 | union_precision 0.8571 | weighted_recall 0.3429 | consensus_recall 0.5000 | threshold 0.600
Epoch 9/30 | train_loss 1.1500 | union_precision 0.8636 | weighted_recall 0.3813 | consensus_recall 0.7500 | threshold 0.600
Epoch 10/30 | train_loss 1.1288 | union_precision 0.8696 | weighted_recall 0.4088 | consensus_recall 0.7500 | threshold 0.600
Epoch 11/30 | train_loss 1.1106 | union_precision 0.8750 | weighted_recall 0.4211 | consensus_recall 0.7500 | threshold 0.625
Epoch 12/30 | train_loss 1.0938 | union_precision 0.9130 | weighted_recall 0.3896 | consensus_recall 0.7500 | threshold 0.650
Epoch 13/30 | train_loss 1.0774 | union_precision 0.9130 | weighted_recall 0.3759 | consensus_recall 0.7500 | threshold 0.650
Epoch 14/30 | train_loss 1.0798 | union_precision 0.9167 | weighted_recall 0.3772 | consensus_recall 0.7500 | threshold 0.625
Epoch 15/30 | train_loss 1.0717 | union_precision 0.9167 | weighted_recall 0.3772 | consensus_recall 0.7500 | threshold 0.625
Epoch 16/30 | train_loss 1.0535 | union_precision 0.9167 | weighted_recall 0.3772 | consensus_recall 0.7500 | threshold 0.625
Epoch 17/30 | train_loss 1.0440 | union_precision 0.9167 | weighted_recall 0.3772 | consensus_recall 0.7500 | threshold 0.625
Epoch 18/30 | train_loss 1.0407 | union_precision 0.8889 | weighted_recall 0.3909 | consensus_recall 1.0000 | threshold 0.600
Epoch 19/30 | train_loss 1.0258 | union_precision 0.9231 | weighted_recall 0.3909 | consensus_recall 1.0000 | threshold 0.600
Epoch 20/30 | train_loss 1.0270 | union_precision 0.9259 | weighted_recall 0.4102 | consensus_recall 1.0000 | threshold 0.575
Epoch 21/30 | train_loss 1.0168 | union_precision 0.8966 | weighted_recall 0.4335 | consensus_recall 1.0000 | threshold 0.550
Epoch 22/30 | train_loss 1.0071 | union_precision 0.8929 | weighted_recall 0.4143 | consensus_recall 1.0000 | threshold 0.575
Epoch 23/30 | train_loss 0.9999 | union_precision 0.8621 | weighted_recall 0.4294 | consensus_recall 1.0000 | threshold 0.525
Epoch 24/30 | train_loss 0.9990 | union_precision 0.8621 | weighted_recall 0.4294 | consensus_recall 1.0000 | threshold 0.525
Epoch 25/30 | train_loss 0.9933 | union_precision 0.8621 | weighted_recall 0.4650 | consensus_recall 1.0000 | threshold 0.525
Epoch 26/30 | train_loss 0.9866 | union_precision 0.9231 | weighted_recall 0.4733 | consensus_recall 1.0000 | threshold 0.625
Early stopping at epoch 26
Held-out M67-4 | union_precision=0.8966 | weighted_recall=0.4335 | consensus_recall=1.0000
  oracle_stage_macro_f1=0.3965 | end_to_end_stage_macro_f1=0.3315
  end_to_end_stage_class_f1=low:0.1887,mid:0.4058,high:0.4000
Epoch 1/30 | train_loss 1.5674 | union_precision 0.8750 | weighted_recall 0.0615 | consensus_recall 0.0000 | threshold 0.525
Epoch 2/30 | train_loss 1.4205 | union_precision 0.8824 | weighted_recall 0.0922 | consensus_recall 0.0000 | threshold 0.500
Epoch 3/30 | train_loss 1.3508 | union_precision 0.9167 | weighted_recall 0.1773 | consensus_recall 0.0000 | threshold 0.475
Epoch 4/30 | train_loss 1.2735 | union_precision 0.9474 | weighted_recall 0.2482 | consensus_recall 1.0000 | threshold 0.500
Epoch 5/30 | train_loss 1.2358 | union_precision 0.9474 | weighted_recall 0.2411 | consensus_recall 1.0000 | threshold 0.500
Epoch 6/30 | train_loss 1.2024 | union_precision 0.9444 | weighted_recall 0.2671 | consensus_recall 1.0000 | threshold 0.525
Epoch 7/30 | train_loss 1.1809 | union_precision 0.9474 | weighted_recall 0.2813 | consensus_recall 1.0000 | threshold 0.525
Epoch 8/30 | train_loss 1.1691 | union_precision 0.9375 | weighted_recall 0.2340 | consensus_recall 1.0000 | threshold 0.550
Early stopping at epoch 8
Held-out M68-1 | union_precision=0.9167 | weighted_recall=0.1773 | consensus_recall=0.0000
  oracle_stage_macro_f1=0.2982 | end_to_end_stage_macro_f1=0.1432
  end_to_end_stage_class_f1=low:0.1370,mid:0.2927,high:0.0000
Epoch 1/30 | train_loss 1.5658 | union_precision 1.0000 | weighted_recall 0.0292 | consensus_recall 0.0000 | threshold 0.625
Epoch 2/30 | train_loss 1.4179 | union_precision 1.0000 | weighted_recall 0.0395 | consensus_recall 0.0000 | threshold 0.600
Epoch 3/30 | train_loss 1.3512 | union_precision 1.0000 | weighted_recall 0.0377 | consensus_recall 0.0000 | threshold 0.600
Epoch 4/30 | train_loss 1.2760 | union_precision 1.0000 | weighted_recall 0.0377 | consensus_recall 0.0000 | threshold 0.600
Epoch 5/30 | train_loss 1.2376 | union_precision 1.0000 | weighted_recall 0.0532 | consensus_recall 0.0000 | threshold 0.600
Epoch 6/30 | train_loss 1.2040 | union_precision 1.0000 | weighted_recall 0.0549 | consensus_recall 0.0000 | threshold 0.600
Epoch 7/30 | train_loss 1.1821 | union_precision 1.0000 | weighted_recall 0.1098 | consensus_recall 0.1250 | threshold 0.600
Epoch 8/30 | train_loss 1.1697 | union_precision 1.0000 | weighted_recall 0.1149 | consensus_recall 0.1250 | threshold 0.600
Epoch 9/30 | train_loss 1.1457 | union_precision 1.0000 | weighted_recall 0.1355 | consensus_recall 0.1250 | threshold 0.600
Epoch 10/30 | train_loss 1.1255 | union_precision 1.0000 | weighted_recall 0.2041 | consensus_recall 0.2500 | threshold 0.600
Epoch 11/30 | train_loss 1.1060 | union_precision 0.9231 | weighted_recall 0.2041 | consensus_recall 0.2500 | threshold 0.600
Epoch 12/30 | train_loss 1.0894 | union_precision 0.9286 | weighted_recall 0.2178 | consensus_recall 0.2500 | threshold 0.600
Epoch 13/30 | train_loss 1.0738 | union_precision 0.9286 | weighted_recall 0.2727 | consensus_recall 0.3750 | threshold 0.600
Epoch 14/30 | train_loss 1.0749 | union_precision 0.8667 | weighted_recall 0.2727 | consensus_recall 0.3750 | threshold 0.600
Epoch 15/30 | train_loss 1.0700 | union_precision 1.0000 | weighted_recall 0.3362 | consensus_recall 0.5000 | threshold 0.625
Epoch 16/30 | train_loss 1.0499 | union_precision 0.8636 | weighted_recall 0.4134 | consensus_recall 0.6250 | threshold 0.550
Epoch 17/30 | train_loss 1.0404 | union_precision 0.9048 | weighted_recall 0.4717 | consensus_recall 0.8750 | threshold 0.550
Epoch 18/30 | train_loss 1.0397 | union_precision 0.9048 | weighted_recall 0.4786 | consensus_recall 0.8750 | threshold 0.550
Epoch 19/30 | train_loss 1.0239 | union_precision 0.8636 | weighted_recall 0.4786 | consensus_recall 0.8750 | threshold 0.550
Epoch 20/30 | train_loss 1.0252 | union_precision 0.9048 | weighted_recall 0.4786 | consensus_recall 0.8750 | threshold 0.550
Epoch 21/30 | train_loss 1.0192 | union_precision 0.9048 | weighted_recall 0.4717 | consensus_recall 0.8750 | threshold 0.550
Epoch 22/30 | train_loss 1.0066 | union_precision 0.9048 | weighted_recall 0.4734 | consensus_recall 0.8750 | threshold 0.550
Epoch 23/30 | train_loss 0.9992 | union_precision 0.8636 | weighted_recall 0.4151 | consensus_recall 0.7500 | threshold 0.550
Early stopping at epoch 23
Held-out M68-2 | union_precision=0.9048 | weighted_recall=0.4786 | consensus_recall=0.8750
  oracle_stage_macro_f1=0.2221 | end_to_end_stage_macro_f1=0.1257
  end_to_end_stage_class_f1=low:0.1026,mid:0.2745,high:0.0000
Epoch 1/30 | train_loss 1.5685 | union_precision 0.8571 | weighted_recall 0.0479 | consensus_recall 0.5000 | threshold 0.625
Epoch 2/30 | train_loss 1.4181 | union_precision 0.8333 | weighted_recall 0.3450 | consensus_recall 0.8333 | threshold 0.575
Epoch 3/30 | train_loss 1.3535 | union_precision 0.8421 | weighted_recall 0.4313 | consensus_recall 0.8333 | threshold 0.450
Epoch 4/30 | train_loss 1.2745 | union_precision 0.8421 | weighted_recall 0.4313 | consensus_recall 0.8333 | threshold 0.450
Epoch 5/30 | train_loss 1.2390 | union_precision 0.8421 | weighted_recall 0.4313 | consensus_recall 0.8333 | threshold 0.475
Epoch 6/30 | train_loss 1.2074 | union_precision 0.8421 | weighted_recall 0.5495 | consensus_recall 0.8333 | threshold 0.475
Early stopping at epoch 6
Held-out M68-3 | union_precision=0.8571 | weighted_recall=0.0479 | consensus_recall=0.5000
  oracle_stage_macro_f1=0.5238 | end_to_end_stage_macro_f1=0.1237
  end_to_end_stage_class_f1=low:0.1212,mid:0.2500,high:0.0000
Epoch 1/30 | train_loss 1.5795 | union_precision 1.0000 | weighted_recall 0.0081 | consensus_recall 0.2500 | threshold 0.650
Epoch 2/30 | train_loss 1.4214 | union_precision 1.0000 | weighted_recall 0.0033 | consensus_recall 0.2500 | threshold 0.650
Epoch 3/30 | train_loss 1.3414 | union_precision 1.0000 | weighted_recall 0.0016 | consensus_recall 0.0000 | threshold 0.675
Epoch 4/30 | train_loss 1.2911 | union_precision 0.8065 | weighted_recall 0.1724 | consensus_recall 0.7500 | threshold 0.500
Epoch 5/30 | train_loss 1.2450 | union_precision 0.8667 | weighted_recall 0.1756 | consensus_recall 0.7500 | threshold 0.525
Epoch 6/30 | train_loss 1.2145 | union_precision 0.8571 | weighted_recall 0.1854 | consensus_recall 0.7500 | threshold 0.525
Early stopping at epoch 6
Held-out M07-1 | union_precision=1.0000 | weighted_recall=0.0081 | consensus_recall=0.2500
  oracle_stage_macro_f1=0.3894 | end_to_end_stage_macro_f1=0.0339
  end_to_end_stage_class_f1=low:0.1017,mid:0.0000,high:0.0000
Epoch 1/30 | train_loss 1.5798 | union_precision 0.8000 | weighted_recall 0.0109 | consensus_recall 0.0000 | threshold 0.675
Epoch 2/30 | train_loss 1.4198 | union_precision 1.0000 | weighted_recall 0.0018 | consensus_recall 0.0000 | threshold 0.725
Epoch 3/30 | train_loss 1.3398 | union_precision 1.0000 | weighted_recall 0.0091 | consensus_recall 0.0000 | threshold 0.700
Epoch 4/30 | train_loss 1.2884 | union_precision 1.0000 | weighted_recall 0.0055 | consensus_recall 0.0000 | threshold 0.725
Epoch 5/30 | train_loss 1.2441 | union_precision 1.0000 | weighted_recall 0.0073 | consensus_recall 0.0000 | threshold 0.725
Epoch 6/30 | train_loss 1.2125 | union_precision 0.9286 | weighted_recall 0.0619 | consensus_recall 0.5000 | threshold 0.700
Epoch 7/30 | train_loss 1.1802 | union_precision 1.0000 | weighted_recall 0.0619 | consensus_recall 0.5000 | threshold 0.700
Epoch 8/30 | train_loss 1.1652 | union_precision 1.0000 | weighted_recall 0.0619 | consensus_recall 0.5000 | threshold 0.700
Epoch 9/30 | train_loss 1.1507 | union_precision 0.9500 | weighted_recall 0.1366 | consensus_recall 0.7500 | threshold 0.675
Epoch 10/30 | train_loss 1.1221 | union_precision 1.0000 | weighted_recall 0.1366 | consensus_recall 0.7500 | threshold 0.700
Epoch 11/30 | train_loss 1.1152 | union_precision 0.9474 | weighted_recall 0.1275 | consensus_recall 0.5000 | threshold 0.675
Epoch 12/30 | train_loss 1.1033 | union_precision 1.0000 | weighted_recall 0.1803 | consensus_recall 0.5000 | threshold 0.675
Epoch 13/30 | train_loss 1.0829 | union_precision 0.9500 | weighted_recall 0.2295 | consensus_recall 0.5000 | threshold 0.650
Epoch 14/30 | train_loss 1.0772 | union_precision 0.9545 | weighted_recall 0.2459 | consensus_recall 0.5000 | threshold 0.625
Epoch 15/30 | train_loss 1.0720 | union_precision 0.9545 | weighted_recall 0.2459 | consensus_recall 0.5000 | threshold 0.625
Epoch 16/30 | train_loss 1.0528 | union_precision 0.9565 | weighted_recall 0.2514 | consensus_recall 0.5000 | threshold 0.625
Epoch 17/30 | train_loss 1.0508 | union_precision 1.0000 | weighted_recall 0.2514 | consensus_recall 0.5000 | threshold 0.625
Epoch 18/30 | train_loss 1.0314 | union_precision 0.9583 | weighted_recall 0.2313 | consensus_recall 0.5000 | threshold 0.625
Epoch 19/30 | train_loss 1.0246 | union_precision 0.9583 | weighted_recall 0.2313 | consensus_recall 0.5000 | threshold 0.600
Epoch 20/30 | train_loss 1.0207 | union_precision 0.9583 | weighted_recall 0.2313 | consensus_recall 0.5000 | threshold 0.600
Epoch 21/30 | train_loss 1.0110 | union_precision 0.9583 | weighted_recall 0.2532 | consensus_recall 0.5000 | threshold 0.600
Epoch 22/30 | train_loss 1.0051 | union_precision 0.9600 | weighted_recall 0.2550 | consensus_recall 0.5000 | threshold 0.575
Epoch 23/30 | train_loss 0.9960 | union_precision 0.9231 | weighted_recall 0.2514 | consensus_recall 0.5000 | threshold 0.575
Epoch 24/30 | train_loss 0.9907 | union_precision 0.9231 | weighted_recall 0.2514 | consensus_recall 0.5000 | threshold 0.575
Epoch 25/30 | train_loss 0.9820 | union_precision 0.9231 | weighted_recall 0.2514 | consensus_recall 0.5000 | threshold 0.575
Epoch 26/30 | train_loss 0.9805 | union_precision 0.9091 | weighted_recall 0.2860 | consensus_recall 0.5000 | threshold 0.525
Epoch 27/30 | train_loss 0.9756 | union_precision 0.9091 | weighted_recall 0.2732 | consensus_recall 0.2500 | threshold 0.525
Epoch 28/30 | train_loss 0.9659 | union_precision 0.9091 | weighted_recall 0.2732 | consensus_recall 0.2500 | threshold 0.500
Epoch 29/30 | train_loss 0.9581 | union_precision 0.9091 | weighted_recall 0.2732 | consensus_recall 0.2500 | threshold 0.500
Epoch 30/30 | train_loss 0.9593 | union_precision 0.9091 | weighted_recall 0.2732 | consensus_recall 0.2500 | threshold 0.500
Held-out M07-2 | union_precision=0.9091 | weighted_recall=0.2860 | consensus_recall=0.5000
  oracle_stage_macro_f1=0.2600 | end_to_end_stage_macro_f1=0.1387
  end_to_end_stage_class_f1=low:0.1081,mid:0.0976,high:0.2105
Epoch 1/30 | train_loss 1.5871 | union_precision 0.8750 | weighted_recall 0.0220 | consensus_recall 0.0000 | threshold 0.650
Epoch 2/30 | train_loss 1.4201 | union_precision 0.8571 | weighted_recall 0.1210 | consensus_recall 0.2000 | threshold 0.600
Epoch 3/30 | train_loss 1.3383 | union_precision 1.0000 | weighted_recall 0.0073 | consensus_recall 0.0000 | threshold 0.725
Epoch 4/30 | train_loss 1.2899 | union_precision 0.9000 | weighted_recall 0.0954 | consensus_recall 0.2000 | threshold 0.675
Epoch 5/30 | train_loss 1.2435 | union_precision 0.8889 | weighted_recall 0.0917 | consensus_recall 0.2000 | threshold 0.675
Epoch 6/30 | train_loss 1.2092 | union_precision 1.0000 | weighted_recall 0.0073 | consensus_recall 0.2000 | threshold 0.750
Epoch 7/30 | train_loss 1.1742 | union_precision 0.9091 | weighted_recall 0.0941 | consensus_recall 0.2000 | threshold 0.650
Epoch 8/30 | train_loss 1.1565 | union_precision 1.0000 | weighted_recall 0.0306 | consensus_recall 0.2000 | threshold 0.750
Epoch 9/30 | train_loss 1.1466 | union_precision 1.0000 | weighted_recall 0.0819 | consensus_recall 0.2000 | threshold 0.750
Epoch 10/30 | train_loss 1.1205 | union_precision 1.0000 | weighted_recall 0.0819 | consensus_recall 0.2000 | threshold 0.775
Epoch 11/30 | train_loss 1.1133 | union_precision 1.0000 | weighted_recall 0.0819 | consensus_recall 0.2000 | threshold 0.775
Epoch 12/30 | train_loss 1.1036 | union_precision 1.0000 | weighted_recall 0.0819 | consensus_recall 0.2000 | threshold 0.800
Early stopping at epoch 12
Held-out M07-3 | union_precision=0.9091 | weighted_recall=0.0941 | consensus_recall=0.2000
  oracle_stage_macro_f1=0.3050 | end_to_end_stage_macro_f1=0.1953
  end_to_end_stage_class_f1=low:0.0000,mid:0.2222,high:0.3636
Epoch 1/30 | train_loss 1.5808 | union_precision 0.9333 | weighted_recall 0.1918 | consensus_recall 0.3000 | threshold 0.625
Epoch 2/30 | train_loss 1.4206 | union_precision 0.9375 | weighted_recall 0.4849 | consensus_recall 0.9000 | threshold 0.525
Epoch 3/30 | train_loss 1.3410 | union_precision 0.9375 | weighted_recall 0.4890 | consensus_recall 0.9000 | threshold 0.525
Epoch 4/30 | train_loss 1.2882 | union_precision 0.9375 | weighted_recall 0.4548 | consensus_recall 0.8000 | threshold 0.525
Epoch 5/30 | train_loss 1.2474 | union_precision 0.9375 | weighted_recall 0.4548 | consensus_recall 0.8000 | threshold 0.525
Epoch 6/30 | train_loss 1.2120 | union_precision 0.9286 | weighted_recall 0.4342 | consensus_recall 0.8000 | threshold 0.550
Epoch 7/30 | train_loss 1.1806 | union_precision 0.9333 | weighted_recall 0.4466 | consensus_recall 0.8000 | threshold 0.550
Epoch 8/30 | train_loss 1.1632 | union_precision 0.9062 | weighted_recall 0.4466 | consensus_recall 0.8000 | threshold 0.550
Early stopping at epoch 8
Held-out M17-1 | union_precision=0.9375 | weighted_recall=0.4890 | consensus_recall=0.9000
  oracle_stage_macro_f1=0.2981 | end_to_end_stage_macro_f1=0.1630
  end_to_end_stage_class_f1=low:0.1842,mid:0.1935,high:0.1111
Epoch 1/30 | train_loss 1.5796 | union_precision 1.0000 | weighted_recall 0.0022 | consensus_recall 0.0000 | threshold 0.625
Epoch 2/30 | train_loss 1.4177 | union_precision 0.8889 | weighted_recall 0.1704 | consensus_recall 0.3333 | threshold 0.525
Epoch 3/30 | train_loss 1.3379 | union_precision 0.8667 | weighted_recall 0.1504 | consensus_recall 0.3333 | threshold 0.550
Epoch 4/30 | train_loss 1.2853 | union_precision 0.8571 | weighted_recall 0.1659 | consensus_recall 0.3333 | threshold 0.550
Epoch 5/30 | train_loss 1.2452 | union_precision 0.8571 | weighted_recall 0.1659 | consensus_recall 0.3333 | threshold 0.550
Epoch 6/30 | train_loss 1.2091 | union_precision 0.8571 | weighted_recall 0.1659 | consensus_recall 0.3333 | threshold 0.525
Early stopping at epoch 6
Held-out M17-2 | union_precision=1.0000 | weighted_recall=0.0022 | consensus_recall=0.0000
  oracle_stage_macro_f1=0.2478 | end_to_end_stage_macro_f1=0.0119
  end_to_end_stage_class_f1=low:0.0357,mid:0.0000,high:0.0000
Epoch 1/30 | train_loss 1.5827 | union_precision 1.0000 | weighted_recall 0.0037 | consensus_recall 0.0000 | threshold 0.700
Epoch 2/30 | train_loss 1.4212 | union_precision 1.0000 | weighted_recall 0.0012 | consensus_recall 0.0000 | threshold 0.725
Epoch 3/30 | train_loss 1.3410 | union_precision 0.8571 | weighted_recall 0.0086 | consensus_recall 0.0000 | threshold 0.650
Epoch 4/30 | train_loss 1.2848 | union_precision 0.8750 | weighted_recall 0.0318 | consensus_recall 0.1000 | threshold 0.650
Epoch 5/30 | train_loss 1.2451 | union_precision 0.8889 | weighted_recall 0.0355 | consensus_recall 0.2000 | threshold 0.650
Epoch 6/30 | train_loss 1.2063 | union_precision 0.8889 | weighted_recall 0.0355 | consensus_recall 0.2000 | threshold 0.650
Early stopping at epoch 6
Held-out M17-3 | union_precision=1.0000 | weighted_recall=0.0037 | consensus_recall=0.0000
  oracle_stage_macro_f1=0.3182 | end_to_end_stage_macro_f1=0.0205
  end_to_end_stage_class_f1=low:0.0000,mid:0.0615,high:0.0000
Epoch 1/30 | train_loss 1.5837 | union_precision 0.8333 | weighted_recall 0.1920 | consensus_recall 0.5714 | threshold 0.525
Epoch 2/30 | train_loss 1.4226 | union_precision 0.8000 | weighted_recall 0.0157 | consensus_recall 0.1429 | threshold 0.650
Epoch 3/30 | train_loss 1.3383 | union_precision 1.0000 | weighted_recall 0.0079 | consensus_recall 0.1429 | threshold 0.700
Epoch 4/30 | train_loss 1.2792 | union_precision 1.0000 | weighted_recall 0.0079 | consensus_recall 0.1429 | threshold 0.700
Epoch 5/30 | train_loss 1.2414 | union_precision 0.8000 | weighted_recall 0.0417 | consensus_recall 0.4286 | threshold 0.625
Epoch 6/30 | train_loss 1.2035 | union_precision 0.8333 | weighted_recall 0.0803 | consensus_recall 0.5714 | threshold 0.600
Epoch 7/30 | train_loss 1.1743 | union_precision 0.8485 | weighted_recall 0.1755 | consensus_recall 0.8571 | threshold 0.525
Epoch 8/30 | train_loss 1.1603 | union_precision 0.8611 | weighted_recall 0.1471 | consensus_recall 0.8571 | threshold 0.525
Early stopping at epoch 8
Held-out M17-4 | union_precision=1.0000 | weighted_recall=0.0079 | consensus_recall=0.1429
  oracle_stage_macro_f1=0.2632 | end_to_end_stage_macro_f1=0.0000
  end_to_end_stage_class_f1=low:0.0000,mid:0.0000,high:0.0000
Epoch 1/30 | train_loss 1.5787 | union_precision 0.9000 | weighted_recall 0.0685 | consensus_recall 0.0000 | threshold 0.625
Epoch 2/30 | train_loss 1.4239 | union_precision 0.9231 | weighted_recall 0.1077 | consensus_recall 0.0000 | threshold 0.625
Epoch 3/30 | train_loss 1.3386 | union_precision 0.9286 | weighted_recall 0.1109 | consensus_recall 0.0000 | threshold 0.625
Epoch 4/30 | train_loss 1.2810 | union_precision 0.9231 | weighted_recall 0.1077 | consensus_recall 0.0000 | threshold 0.650
Epoch 5/30 | train_loss 1.2435 | union_precision 0.9231 | weighted_recall 0.1077 | consensus_recall 0.0000 | threshold 0.650
Epoch 6/30 | train_loss 1.2065 | union_precision 0.9091 | weighted_recall 0.0930 | consensus_recall 0.0000 | threshold 0.675
Epoch 7/30 | train_loss 1.1749 | union_precision 0.9000 | weighted_recall 0.0914 | consensus_recall 0.0000 | threshold 0.675
Epoch 8/30 | train_loss 1.1634 | union_precision 1.0000 | weighted_recall 0.0620 | consensus_recall 0.0000 | threshold 0.700
Early stopping at epoch 8
Held-out M24-1 | union_precision=0.9286 | weighted_recall=0.1109 | consensus_recall=0.0000
  oracle_stage_macro_f1=0.2833 | end_to_end_stage_macro_f1=0.0707
  end_to_end_stage_class_f1=low:0.0235,mid:0.1887,high:0.0000
Epoch 1/30 | train_loss 1.5796 | union_precision 0.6500 | weighted_recall 0.0466 | consensus_recall 0.0000 | threshold 0.600
Epoch 2/30 | train_loss 1.4229 | union_precision 0.6905 | weighted_recall 0.1016 | consensus_recall 0.0000 | threshold 0.050
Epoch 3/30 | train_loss 1.3413 | union_precision 0.6818 | weighted_recall 0.1140 | consensus_recall 0.0000 | threshold 0.050
Epoch 4/30 | train_loss 1.2838 | union_precision 0.7500 | weighted_recall 0.1907 | consensus_recall 0.6000 | threshold 0.525
Epoch 5/30 | train_loss 1.2433 | union_precision 0.7619 | weighted_recall 0.1275 | consensus_recall 0.6000 | threshold 0.575
Epoch 6/30 | train_loss 1.2068 | union_precision 0.7826 | weighted_recall 0.1440 | consensus_recall 0.8000 | threshold 0.575
Epoch 7/30 | train_loss 1.1778 | union_precision 0.7917 | weighted_recall 0.1451 | consensus_recall 0.8000 | threshold 0.575
Epoch 8/30 | train_loss 1.1662 | union_precision 0.8235 | weighted_recall 0.1171 | consensus_recall 0.4000 | threshold 0.600
Epoch 9/30 | train_loss 1.1496 | union_precision 0.7778 | weighted_recall 0.0446 | consensus_recall 0.0000 | threshold 0.625
Epoch 10/30 | train_loss 1.1236 | union_precision 0.8333 | weighted_recall 0.0622 | consensus_recall 0.0000 | threshold 0.625
Epoch 11/30 | train_loss 1.1156 | union_precision 0.8571 | weighted_recall 0.0580 | consensus_recall 0.0000 | threshold 0.650
Epoch 12/30 | train_loss 1.1054 | union_precision 0.8667 | weighted_recall 0.2653 | consensus_recall 0.6000 | threshold 0.575
Epoch 13/30 | train_loss 1.0793 | union_precision 0.8788 | weighted_recall 0.2881 | consensus_recall 0.8000 | threshold 0.550
Epoch 14/30 | train_loss 1.0730 | union_precision 0.8889 | weighted_recall 0.0902 | consensus_recall 0.0000 | threshold 0.675
Epoch 15/30 | train_loss 1.0697 | union_precision 0.8750 | weighted_recall 0.2736 | consensus_recall 0.8000 | threshold 0.550
Epoch 16/30 | train_loss 1.0479 | union_precision 0.8846 | weighted_recall 0.2705 | consensus_recall 0.6000 | threshold 0.625
Epoch 17/30 | train_loss 1.0458 | union_precision 0.9032 | weighted_recall 0.2995 | consensus_recall 0.8000 | threshold 0.525
Epoch 18/30 | train_loss 1.0300 | union_precision 0.9032 | weighted_recall 0.3534 | consensus_recall 0.6000 | threshold 0.500
Epoch 19/30 | train_loss 1.0206 | union_precision 0.9062 | weighted_recall 0.3544 | consensus_recall 0.6000 | threshold 0.475
Epoch 20/30 | train_loss 1.0204 | union_precision 0.9032 | weighted_recall 0.3793 | consensus_recall 0.6000 | threshold 0.475
Epoch 21/30 | train_loss 1.0158 | union_precision 0.9032 | weighted_recall 0.3358 | consensus_recall 0.6000 | threshold 0.475
Epoch 22/30 | train_loss 1.0018 | union_precision 0.9032 | weighted_recall 0.3358 | consensus_recall 0.6000 | threshold 0.450
Epoch 23/30 | train_loss 0.9959 | union_precision 0.9032 | weighted_recall 0.3358 | consensus_recall 0.6000 | threshold 0.450
Epoch 24/30 | train_loss 0.9899 | union_precision 0.9032 | weighted_recall 0.3358 | consensus_recall 0.6000 | threshold 0.425
Early stopping at epoch 24
Held-out M24-2 | union_precision=0.9062 | weighted_recall=0.3544 | consensus_recall=0.6000
  oracle_stage_macro_f1=0.3432 | end_to_end_stage_macro_f1=0.1379
  end_to_end_stage_class_f1=low:0.1636,mid:0.2500,high:0.0000
Epoch 1/30 | train_loss 1.5761 | union_precision 0.4583 | weighted_recall 0.0685 | consensus_recall 0.3333 | threshold 0.550
Epoch 2/30 | train_loss 1.4193 | union_precision 0.4138 | weighted_recall 0.1092 | consensus_recall 0.2222 | threshold 0.050
Epoch 3/30 | train_loss 1.3448 | union_precision 0.6000 | weighted_recall 0.0278 | consensus_recall 0.0000 | threshold 0.600
Epoch 4/30 | train_loss 1.2829 | union_precision 1.0000 | weighted_recall 0.0150 | consensus_recall 0.0000 | threshold 0.650
Epoch 5/30 | train_loss 1.2457 | union_precision 0.7500 | weighted_recall 0.0193 | consensus_recall 0.0000 | threshold 0.650
Epoch 6/30 | train_loss 1.2099 | union_precision 0.8333 | weighted_recall 0.0278 | consensus_recall 0.0000 | threshold 0.650
Epoch 7/30 | train_loss 1.1812 | union_precision 0.8333 | weighted_recall 0.0278 | consensus_recall 0.0000 | threshold 0.650
Epoch 8/30 | train_loss 1.1683 | union_precision 0.8333 | weighted_recall 0.0278 | consensus_recall 0.0000 | threshold 0.650
Epoch 9/30 | train_loss 1.1505 | union_precision 1.0000 | weighted_recall 0.0043 | consensus_recall 0.0000 | threshold 0.725
Early stopping at epoch 9
Held-out M24-3 | union_precision=1.0000 | weighted_recall=0.0150 | consensus_recall=0.0000
  oracle_stage_macro_f1=0.2512 | end_to_end_stage_macro_f1=0.1333
  end_to_end_stage_class_f1=low:0.0000,mid:0.0000,high:0.4000
Epoch 1/30 | train_loss 1.5921 | union_precision 0.6000 | weighted_recall 0.1898 | consensus_recall 0.7143 | threshold 0.525
Epoch 2/30 | train_loss 1.4270 | union_precision 0.7209 | weighted_recall 0.1810 | consensus_recall 0.7143 | threshold 0.550
Epoch 3/30 | train_loss 1.3437 | union_precision 0.7188 | weighted_recall 0.1205 | consensus_recall 0.4286 | threshold 0.575
Epoch 4/30 | train_loss 1.2832 | union_precision 1.0000 | weighted_recall 0.0135 | consensus_recall 0.0000 | threshold 0.750
Epoch 5/30 | train_loss 1.2472 | union_precision 1.0000 | weighted_recall 0.0135 | consensus_recall 0.0000 | threshold 0.750
Epoch 6/30 | train_loss 1.2058 | union_precision 1.0000 | weighted_recall 0.0135 | consensus_recall 0.0000 | threshold 0.750
Epoch 7/30 | train_loss 1.1779 | union_precision 1.0000 | weighted_recall 0.0135 | consensus_recall 0.0000 | threshold 0.750
Epoch 8/30 | train_loss 1.1646 | union_precision 1.0000 | weighted_recall 0.0289 | consensus_recall 0.0000 | threshold 0.750
Epoch 9/30 | train_loss 1.1465 | union_precision 1.0000 | weighted_recall 0.0209 | consensus_recall 0.0000 | threshold 0.750
Epoch 10/30 | train_loss 1.1223 | union_precision 1.0000 | weighted_recall 0.0209 | consensus_recall 0.0000 | threshold 0.750
Epoch 11/30 | train_loss 1.1131 | union_precision 1.0000 | weighted_recall 0.0209 | consensus_recall 0.0000 | threshold 0.775
Epoch 12/30 | train_loss 1.0993 | union_precision 1.0000 | weighted_recall 0.0209 | consensus_recall 0.0000 | threshold 0.800
Epoch 13/30 | train_loss 1.0756 | union_precision 1.0000 | weighted_recall 0.0209 | consensus_recall 0.0000 | threshold 0.800
Epoch 14/30 | train_loss 1.0726 | union_precision 1.0000 | weighted_recall 0.0209 | consensus_recall 0.0000 | threshold 0.825
Early stopping at epoch 14
Held-out M24-4 | union_precision=1.0000 | weighted_recall=0.0209 | consensus_recall=0.0000
  oracle_stage_macro_f1=0.3693 | end_to_end_stage_macro_f1=0.0000
  end_to_end_stage_class_f1=low:0.0000,mid:0.0000,high:0.0000
Epoch 1/30 | train_loss 1.5796 | union_precision 0.6190 | weighted_recall 0.2071 | consensus_recall 0.0000 | threshold 0.325
Epoch 2/30 | train_loss 1.4216 | union_precision 0.7143 | weighted_recall 0.0571 | consensus_recall 0.0000 | threshold 0.600
Epoch 3/30 | train_loss 1.3402 | union_precision 0.6667 | weighted_recall 0.0679 | consensus_recall 0.0000 | threshold 0.575
Epoch 4/30 | train_loss 1.2846 | union_precision 0.7143 | weighted_recall 0.1000 | consensus_recall 0.0000 | threshold 0.600
Epoch 5/30 | train_loss 1.2462 | union_precision 0.7143 | weighted_recall 0.1000 | consensus_recall 0.0000 | threshold 0.600
Epoch 6/30 | train_loss 1.2061 | union_precision 0.7273 | weighted_recall 0.1393 | consensus_recall 0.0000 | threshold 0.575
Epoch 7/30 | train_loss 1.1768 | union_precision 0.7500 | weighted_recall 0.2179 | consensus_recall 0.0000 | threshold 0.575
Epoch 8/30 | train_loss 1.1649 | union_precision 0.7692 | weighted_recall 0.2286 | consensus_recall 0.0000 | threshold 0.575
Epoch 9/30 | train_loss 1.1486 | union_precision 0.7857 | weighted_recall 0.2321 | consensus_recall 0.0000 | threshold 0.575
Epoch 10/30 | train_loss 1.1293 | union_precision 0.7857 | weighted_recall 0.2321 | consensus_recall 0.0000 | threshold 0.575
Epoch 11/30 | train_loss 1.1167 | union_precision 0.7692 | weighted_recall 0.2286 | consensus_recall 0.0000 | threshold 0.575
Epoch 12/30 | train_loss 1.1016 | union_precision 0.7692 | weighted_recall 0.3179 | consensus_recall 0.5000 | threshold 0.575
Epoch 13/30 | train_loss 1.0789 | union_precision 0.7692 | weighted_recall 0.3179 | consensus_recall 0.5000 | threshold 0.550
Epoch 14/30 | train_loss 1.0761 | union_precision 0.7857 | weighted_recall 0.3214 | consensus_recall 0.5000 | threshold 0.525
Epoch 15/30 | train_loss 1.0724 | union_precision 0.7692 | weighted_recall 0.3857 | consensus_recall 0.5000 | threshold 0.525
Epoch 16/30 | train_loss 1.0494 | union_precision 0.7692 | weighted_recall 0.3857 | consensus_recall 0.5000 | threshold 0.525
Epoch 17/30 | train_loss 1.0474 | union_precision 0.7692 | weighted_recall 0.5000 | consensus_recall 1.0000 | threshold 0.525
Epoch 18/30 | train_loss 1.0365 | union_precision 0.7778 | weighted_recall 0.3321 | consensus_recall 0.5000 | threshold 0.700
Epoch 19/30 | train_loss 1.0284 | union_precision 0.7778 | weighted_recall 0.3321 | consensus_recall 0.5000 | threshold 0.700
Early stopping at epoch 19
Held-out M30-1 | union_precision=0.7857 | weighted_recall=0.3214 | consensus_recall=0.5000
  oracle_stage_macro_f1=0.4080 | end_to_end_stage_macro_f1=0.2185
  end_to_end_stage_class_f1=low:0.1000,mid:0.2222,high:0.3333
Epoch 1/30 | train_loss 1.5758 | union_precision 0.4444 | weighted_recall 0.0817 | consensus_recall 0.0000 | threshold 0.550
Epoch 2/30 | train_loss 1.4215 | union_precision 0.4118 | weighted_recall 0.0913 | consensus_recall 0.0000 | threshold 0.525
Epoch 3/30 | train_loss 1.3399 | union_precision 0.4815 | weighted_recall 0.2596 | consensus_recall 0.3333 | threshold 0.050
Epoch 4/30 | train_loss 1.2852 | union_precision 0.5556 | weighted_recall 0.1731 | consensus_recall 0.6667 | threshold 0.575
Epoch 5/30 | train_loss 1.2467 | union_precision 0.7500 | weighted_recall 0.2188 | consensus_recall 1.0000 | threshold 0.600
Epoch 6/30 | train_loss 1.2065 | union_precision 1.0000 | weighted_recall 0.2188 | consensus_recall 1.0000 | threshold 0.625
Epoch 7/30 | train_loss 1.1776 | union_precision 1.0000 | weighted_recall 0.2188 | consensus_recall 1.0000 | threshold 0.650
Epoch 8/30 | train_loss 1.1671 | union_precision 1.0000 | weighted_recall 0.2188 | consensus_recall 1.0000 | threshold 0.675
Epoch 9/30 | train_loss 1.1491 | union_precision 1.0000 | weighted_recall 0.2188 | consensus_recall 1.0000 | threshold 0.675
Epoch 10/30 | train_loss 1.1284 | union_precision 1.0000 | weighted_recall 0.2188 | consensus_recall 1.0000 | threshold 0.675
Epoch 11/30 | train_loss 1.1159 | union_precision 1.0000 | weighted_recall 0.2188 | consensus_recall 1.0000 | threshold 0.700
Early stopping at epoch 11
Held-out M30-2 | union_precision=1.0000 | weighted_recall=0.2188 | consensus_recall=1.0000
  oracle_stage_macro_f1=0.3671 | end_to_end_stage_macro_f1=0.0556
  end_to_end_stage_class_f1=low:0.0000,mid:0.1667,high:0.0000
Epoch 1/30 | train_loss 1.5809 | union_precision 1.0000 | weighted_recall 0.0146 | consensus_recall 0.0000 | threshold 0.675
Epoch 2/30 | train_loss 1.4237 | union_precision 0.9000 | weighted_recall 0.1610 | consensus_recall 0.3333 | threshold 0.600
Epoch 3/30 | train_loss 1.3374 | union_precision 0.9048 | weighted_recall 0.2183 | consensus_recall 0.5000 | threshold 0.600
Epoch 4/30 | train_loss 1.2848 | union_precision 0.9167 | weighted_recall 0.2768 | consensus_recall 0.6667 | threshold 0.575
Epoch 5/30 | train_loss 1.2466 | union_precision 0.9167 | weighted_recall 0.2720 | consensus_recall 0.6667 | threshold 0.575
Epoch 6/30 | train_loss 1.2067 | union_precision 0.9200 | weighted_recall 0.2756 | consensus_recall 0.6667 | threshold 0.575
Epoch 7/30 | train_loss 1.1758 | union_precision 0.9565 | weighted_recall 0.2659 | consensus_recall 0.5000 | threshold 0.600
Epoch 8/30 | train_loss 1.1636 | union_precision 0.9565 | weighted_recall 0.2659 | consensus_recall 0.5000 | threshold 0.600
Epoch 9/30 | train_loss 1.1468 | union_precision 0.9200 | weighted_recall 0.2902 | consensus_recall 0.6667 | threshold 0.600
Epoch 10/30 | train_loss 1.1269 | union_precision 0.9231 | weighted_recall 0.3061 | consensus_recall 0.6667 | threshold 0.600
Epoch 11/30 | train_loss 1.1122 | union_precision 0.9259 | weighted_recall 0.3073 | consensus_recall 0.6667 | threshold 0.600
Epoch 12/30 | train_loss 1.0973 | union_precision 0.9000 | weighted_recall 0.3305 | consensus_recall 0.6667 | threshold 0.575
Epoch 13/30 | train_loss 1.0760 | union_precision 0.9118 | weighted_recall 0.3659 | consensus_recall 0.8333 | threshold 0.575
Epoch 14/30 | train_loss 1.0728 | union_precision 0.9143 | weighted_recall 0.3841 | consensus_recall 1.0000 | threshold 0.550
Epoch 15/30 | train_loss 1.0682 | union_precision 0.9143 | weighted_recall 0.3841 | consensus_recall 1.0000 | threshold 0.550
Epoch 16/30 | train_loss 1.0456 | union_precision 0.9143 | weighted_recall 0.3841 | consensus_recall 1.0000 | threshold 0.575
Epoch 17/30 | train_loss 1.0437 | union_precision 0.9143 | weighted_recall 0.3841 | consensus_recall 1.0000 | threshold 0.575
Epoch 18/30 | train_loss 1.0340 | union_precision 0.9143 | weighted_recall 0.3902 | consensus_recall 1.0000 | threshold 0.575
Epoch 19/30 | train_loss 1.0242 | union_precision 0.9118 | weighted_recall 0.4293 | consensus_recall 1.0000 | threshold 0.550
Epoch 20/30 | train_loss 1.0217 | union_precision 0.9143 | weighted_recall 0.4317 | consensus_recall 1.0000 | threshold 0.450
Epoch 21/30 | train_loss 1.0129 | union_precision 0.9167 | weighted_recall 0.4390 | consensus_recall 1.0000 | threshold 0.425
Epoch 22/30 | train_loss 1.0002 | union_precision 0.9167 | weighted_recall 0.4573 | consensus_recall 1.0000 | threshold 0.400
Epoch 23/30 | train_loss 0.9950 | union_precision 0.9167 | weighted_recall 0.4573 | consensus_recall 1.0000 | threshold 0.375
Epoch 24/30 | train_loss 0.9909 | union_precision 0.9412 | weighted_recall 0.4549 | consensus_recall 1.0000 | threshold 0.525
Epoch 25/30 | train_loss 0.9873 | union_precision 0.9412 | weighted_recall 0.4207 | consensus_recall 1.0000 | threshold 0.525
Epoch 26/30 | train_loss 0.9799 | union_precision 0.9143 | weighted_recall 0.4207 | consensus_recall 1.0000 | threshold 0.375
Epoch 27/30 | train_loss 0.9729 | union_precision 0.9143 | weighted_recall 0.3793 | consensus_recall 0.8333 | threshold 0.375
Early stopping at epoch 27
Held-out M30-3 | union_precision=0.9167 | weighted_recall=0.4573 | consensus_recall=1.0000
  oracle_stage_macro_f1=0.1952 | end_to_end_stage_macro_f1=0.0711
  end_to_end_stage_class_f1=low:0.0632,mid:0.0000,high:0.1500
Epoch 1/30 | train_loss 1.5791 | union_precision 1.0000 | weighted_recall 0.0061 | consensus_recall 0.0000 | threshold 0.725
Epoch 2/30 | train_loss 1.4196 | union_precision 1.0000 | weighted_recall 0.0081 | consensus_recall 0.0000 | threshold 0.700
Epoch 3/30 | train_loss 1.3393 | union_precision 0.9167 | weighted_recall 0.0525 | consensus_recall 0.0000 | threshold 0.625
Epoch 4/30 | train_loss 1.2855 | union_precision 0.9167 | weighted_recall 0.0525 | consensus_recall 0.0000 | threshold 0.650
Epoch 5/30 | train_loss 1.2478 | union_precision 1.0000 | weighted_recall 0.0525 | consensus_recall 0.0000 | threshold 0.650
Epoch 6/30 | train_loss 1.2069 | union_precision 0.9200 | weighted_recall 0.1191 | consensus_recall 0.0000 | threshold 0.550
Epoch 7/30 | train_loss 1.1766 | union_precision 0.9000 | weighted_recall 0.0918 | consensus_recall 0.0000 | threshold 0.575
Epoch 8/30 | train_loss 1.1664 | union_precision 0.9375 | weighted_recall 0.0848 | consensus_recall 0.0000 | threshold 0.625
Epoch 9/30 | train_loss 1.1503 | union_precision 0.9091 | weighted_recall 0.2250 | consensus_recall 0.2857 | threshold 0.600
Epoch 10/30 | train_loss 1.1276 | union_precision 0.9500 | weighted_recall 0.2240 | consensus_recall 0.2857 | threshold 0.625
Epoch 11/30 | train_loss 1.1118 | union_precision 0.9333 | weighted_recall 0.1917 | consensus_recall 0.2857 | threshold 0.675
Early stopping at epoch 11
Held-out M30-4 | union_precision=0.9200 | weighted_recall=0.1191 | consensus_recall=0.0000
  oracle_stage_macro_f1=0.3730 | end_to_end_stage_macro_f1=0.1738
  end_to_end_stage_class_f1=low:0.1628,mid:0.1587,high:0.2000
Epoch 1/30 | train_loss 1.5718 | union_precision 1.0000 | weighted_recall 0.0507 | consensus_recall 0.0000 | threshold 0.625
Epoch 2/30 | train_loss 1.4172 | union_precision 1.0000 | weighted_recall 0.0372 | consensus_recall 0.0000 | threshold 0.650
Epoch 3/30 | train_loss 1.3337 | union_precision 1.0000 | weighted_recall 0.0372 | consensus_recall 0.0000 | threshold 0.675
Epoch 4/30 | train_loss 1.2835 | union_precision 1.0000 | weighted_recall 0.0304 | consensus_recall 0.0000 | threshold 0.700
Epoch 5/30 | train_loss 1.2423 | union_precision 1.0000 | weighted_recall 0.0068 | consensus_recall 0.0000 | threshold 0.700
Epoch 6/30 | train_loss 1.2052 | union_precision 1.0000 | weighted_recall 0.0068 | consensus_recall 0.0000 | threshold 0.700
Early stopping at epoch 6
Held-out M33-1 | union_precision=1.0000 | weighted_recall=0.0507 | consensus_recall=0.0000
  oracle_stage_macro_f1=0.3326 | end_to_end_stage_macro_f1=0.0889
  end_to_end_stage_class_f1=low:0.2000,mid:0.0667,high:0.0000
Epoch 1/30 | train_loss 1.5731 | union_precision 0.7857 | weighted_recall 0.0371 | consensus_recall 0.0000 | threshold 0.575
Epoch 2/30 | train_loss 1.4196 | union_precision 1.0000 | weighted_recall 0.0069 | consensus_recall 0.0000 | threshold 0.650
Epoch 3/30 | train_loss 1.3410 | union_precision 1.0000 | weighted_recall 0.0052 | consensus_recall 0.0000 | threshold 0.675
Epoch 4/30 | train_loss 1.2845 | union_precision 1.0000 | weighted_recall 0.0009 | consensus_recall 0.0000 | threshold 0.700
Epoch 5/30 | train_loss 1.2471 | union_precision 1.0000 | weighted_recall 0.0009 | consensus_recall 0.0000 | threshold 0.700
Epoch 6/30 | train_loss 1.2108 | union_precision 1.0000 | weighted_recall 0.0009 | consensus_recall 0.0000 | threshold 0.700
Epoch 7/30 | train_loss 1.1802 | union_precision 1.0000 | weighted_recall 0.0009 | consensus_recall 0.0000 | threshold 0.700
Early stopping at epoch 7
Held-out M33-2 | union_precision=1.0000 | weighted_recall=0.0069 | consensus_recall=0.0000
  oracle_stage_macro_f1=0.2375 | end_to_end_stage_macro_f1=0.0190
  end_to_end_stage_class_f1=low:0.0000,mid:0.0571,high:0.0000
Epoch 1/30 | train_loss 1.5686 | union_precision 0.4667 | weighted_recall 0.1244 | consensus_recall 0.5000 | threshold 0.525
Epoch 2/30 | train_loss 1.4186 | union_precision 0.3571 | weighted_recall 0.0691 | consensus_recall 0.5000 | threshold 0.525
Epoch 3/30 | train_loss 1.3390 | union_precision 0.4545 | weighted_recall 0.0691 | consensus_recall 0.5000 | threshold 0.550
Epoch 4/30 | train_loss 1.2821 | union_precision 0.5385 | weighted_recall 0.1613 | consensus_recall 0.5000 | threshold 0.550
Epoch 5/30 | train_loss 1.2444 | union_precision 0.5455 | weighted_recall 0.2442 | consensus_recall 0.5000 | threshold 0.475
Epoch 6/30 | train_loss 1.2084 | union_precision 0.7143 | weighted_recall 0.3410 | consensus_recall 1.0000 | threshold 0.575
Epoch 7/30 | train_loss 1.1789 | union_precision 1.0000 | weighted_recall 0.0461 | consensus_recall 0.0000 | threshold 0.675
Epoch 8/30 | train_loss 1.1690 | union_precision 1.0000 | weighted_recall 0.0461 | consensus_recall 0.0000 | threshold 0.700
Epoch 9/30 | train_loss 1.1491 | union_precision 1.0000 | weighted_recall 0.0461 | consensus_recall 0.0000 | threshold 0.700
Epoch 10/30 | train_loss 1.1279 | union_precision 0.9231 | weighted_recall 0.3825 | consensus_recall 1.0000 | threshold 0.625
Epoch 11/30 | train_loss 1.1111 | union_precision 0.9333 | weighted_recall 0.4839 | consensus_recall 1.0000 | threshold 0.575
Epoch 12/30 | train_loss 1.0988 | union_precision 0.9333 | weighted_recall 0.4839 | consensus_recall 1.0000 | threshold 0.575
Epoch 13/30 | train_loss 1.0772 | union_precision 0.9333 | weighted_recall 0.4839 | consensus_recall 1.0000 | threshold 0.550
Epoch 14/30 | train_loss 1.0771 | union_precision 0.9333 | weighted_recall 0.4516 | consensus_recall 1.0000 | threshold 0.550
Epoch 15/30 | train_loss 1.0706 | union_precision 0.9333 | weighted_recall 0.4885 | consensus_recall 1.0000 | threshold 0.525
Epoch 16/30 | train_loss 1.0484 | union_precision 0.9333 | weighted_recall 0.4885 | consensus_recall 1.0000 | threshold 0.525
Epoch 17/30 | train_loss 1.0468 | union_precision 0.9333 | weighted_recall 0.4885 | consensus_recall 1.0000 | threshold 0.525
Epoch 18/30 | train_loss 1.0368 | union_precision 0.9333 | weighted_recall 0.4885 | consensus_recall 1.0000 | threshold 0.500
Epoch 19/30 | train_loss 1.0263 | union_precision 0.9333 | weighted_recall 0.4516 | consensus_recall 1.0000 | threshold 0.500
Epoch 20/30 | train_loss 1.0257 | union_precision 0.9375 | weighted_recall 0.3871 | consensus_recall 1.0000 | threshold 0.475
Epoch 21/30 | train_loss 1.0151 | union_precision 0.9375 | weighted_recall 0.3871 | consensus_recall 1.0000 | threshold 0.475
Epoch 22/30 | train_loss 1.0053 | union_precision 0.9375 | weighted_recall 0.3871 | consensus_recall 1.0000 | threshold 0.475
Epoch 23/30 | train_loss 0.9983 | union_precision 0.9375 | weighted_recall 0.3871 | consensus_recall 1.0000 | threshold 0.450
Epoch 24/30 | train_loss 0.9939 | union_precision 0.9375 | weighted_recall 0.3871 | consensus_recall 1.0000 | threshold 0.450
Epoch 25/30 | train_loss 0.9908 | union_precision 0.9375 | weighted_recall 0.3871 | consensus_recall 1.0000 | threshold 0.450
Early stopping at epoch 25
Held-out M33-3 | union_precision=0.9375 | weighted_recall=0.3871 | consensus_recall=1.0000
  oracle_stage_macro_f1=0.3314 | end_to_end_stage_macro_f1=0.2061
  end_to_end_stage_class_f1=low:0.2400,mid:0.3784,high:0.0000
Epoch 1/30 | train_loss 1.5950 | union_precision 0.8571 | weighted_recall 0.0170 | consensus_recall 0.0000 | threshold 0.675
Epoch 2/30 | train_loss 1.4185 | union_precision 0.8750 | weighted_recall 0.0175 | consensus_recall 0.0000 | threshold 0.675
Epoch 3/30 | train_loss 1.3241 | union_precision 1.0000 | weighted_recall 0.0010 | consensus_recall 0.0000 | threshold 0.725
Epoch 4/30 | train_loss 1.2811 | union_precision 1.0000 | weighted_recall 0.0100 | consensus_recall 0.0000 | threshold 0.725
Epoch 5/30 | train_loss 1.2358 | union_precision 0.9000 | weighted_recall 0.1087 | consensus_recall 0.5714 | threshold 0.625
Epoch 6/30 | train_loss 1.1993 | union_precision 0.9355 | weighted_recall 0.1172 | consensus_recall 0.7143 | threshold 0.625
Epoch 7/30 | train_loss 1.1866 | union_precision 0.9091 | weighted_recall 0.1990 | consensus_recall 0.7143 | threshold 0.500
Epoch 8/30 | train_loss 1.1611 | union_precision 0.9091 | weighted_recall 0.2035 | consensus_recall 0.7143 | threshold 0.500
Epoch 9/30 | train_loss 1.1442 | union_precision 0.9028 | weighted_recall 0.2175 | consensus_recall 0.7143 | threshold 0.475
Epoch 10/30 | train_loss 1.1227 | union_precision 0.9014 | weighted_recall 0.2374 | consensus_recall 0.8571 | threshold 0.475
Epoch 11/30 | train_loss 1.1149 | union_precision 0.9231 | weighted_recall 0.2379 | consensus_recall 0.8571 | threshold 0.500
Epoch 12/30 | train_loss 1.1006 | union_precision 0.9254 | weighted_recall 0.2743 | consensus_recall 0.8571 | threshold 0.500
Epoch 13/30 | train_loss 1.0823 | union_precision 0.9355 | weighted_recall 0.2708 | consensus_recall 0.8571 | threshold 0.500
Epoch 14/30 | train_loss 1.0666 | union_precision 0.9344 | weighted_recall 0.2693 | consensus_recall 0.8571 | threshold 0.500
Early stopping at epoch 14
Held-out M33-4 | union_precision=0.9028 | weighted_recall=0.2175 | consensus_recall=0.7143
  oracle_stage_macro_f1=0.3193 | end_to_end_stage_macro_f1=0.1323
  end_to_end_stage_class_f1=low:0.1826,mid:0.1654,high:0.0488
Epoch 1/30 | train_loss 1.5771 | union_precision 0.6735 | weighted_recall 0.1461 | consensus_recall 0.6667 | threshold 0.450
Epoch 2/30 | train_loss 1.4154 | union_precision 0.6471 | weighted_recall 0.1590 | consensus_recall 0.6667 | threshold 0.475
Epoch 3/30 | train_loss 1.3438 | union_precision 0.6604 | weighted_recall 0.2063 | consensus_recall 0.6667 | threshold 0.475
Epoch 4/30 | train_loss 1.2767 | union_precision 0.6667 | weighted_recall 0.2249 | consensus_recall 0.6667 | threshold 0.450
Epoch 5/30 | train_loss 1.2397 | union_precision 0.6379 | weighted_recall 0.2278 | consensus_recall 0.8333 | threshold 0.050
Epoch 6/30 | train_loss 1.2055 | union_precision 0.6410 | weighted_recall 0.2077 | consensus_recall 0.8333 | threshold 0.525
Early stopping at epoch 6
Held-out M41-1 | union_precision=0.6735 | weighted_recall=0.1461 | consensus_recall=0.6667
  oracle_stage_macro_f1=0.3693 | end_to_end_stage_macro_f1=0.1749
  end_to_end_stage_class_f1=low:0.2549,mid:0.1408,high:0.1290
Epoch 1/30 | train_loss 1.5717 | union_precision 0.8000 | weighted_recall 0.0530 | consensus_recall 0.0000 | threshold 0.600
Epoch 2/30 | train_loss 1.4128 | union_precision 0.8000 | weighted_recall 0.2449 | consensus_recall 1.0000 | threshold 0.050
Epoch 3/30 | train_loss 1.3415 | union_precision 0.8000 | weighted_recall 0.2449 | consensus_recall 1.0000 | threshold 0.050
Epoch 4/30 | train_loss 1.2743 | union_precision 0.8000 | weighted_recall 0.2146 | consensus_recall 1.0000 | threshold 0.050
Epoch 5/30 | train_loss 1.2406 | union_precision 0.7917 | weighted_recall 0.2071 | consensus_recall 1.0000 | threshold 0.475
Epoch 6/30 | train_loss 1.2074 | union_precision 0.8000 | weighted_recall 0.0808 | consensus_recall 0.0000 | threshold 0.600
Epoch 7/30 | train_loss 1.1782 | union_precision 1.0000 | weighted_recall 0.0808 | consensus_recall 0.0000 | threshold 0.600
Epoch 8/30 | train_loss 1.1664 | union_precision 1.0000 | weighted_recall 0.0354 | consensus_recall 0.0000 | threshold 0.625
Epoch 9/30 | train_loss 1.1449 | union_precision 1.0000 | weighted_recall 0.0354 | consensus_recall 0.0000 | threshold 0.650
Epoch 10/30 | train_loss 1.1227 | union_precision 1.0000 | weighted_recall 0.0379 | consensus_recall 0.0000 | threshold 0.650
Epoch 11/30 | train_loss 1.1101 | union_precision 1.0000 | weighted_recall 0.0354 | consensus_recall 0.0000 | threshold 0.675
Epoch 12/30 | train_loss 1.0951 | union_precision 1.0000 | weighted_recall 0.0404 | consensus_recall 0.0000 | threshold 0.675
Early stopping at epoch 12
Held-out M41-2 | union_precision=1.0000 | weighted_recall=0.0808 | consensus_recall=0.0000
  oracle_stage_macro_f1=0.2913 | end_to_end_stage_macro_f1=0.0314
  end_to_end_stage_class_f1=low:0.0370,mid:0.0571,high:0.0000
Epoch 1/30 | train_loss 1.5742 | union_precision 1.0000 | weighted_recall 0.0716 | consensus_recall 0.0000 | threshold 0.650
Epoch 2/30 | train_loss 1.4155 | union_precision 0.9091 | weighted_recall 0.2055 | consensus_recall 0.0000 | threshold 0.575
Epoch 3/30 | train_loss 1.3411 | union_precision 0.9167 | weighted_recall 0.2148 | consensus_recall 0.0000 | threshold 0.550
Epoch 4/30 | train_loss 1.2725 | union_precision 0.9048 | weighted_recall 0.1986 | consensus_recall 0.0000 | threshold 0.550
Epoch 5/30 | train_loss 1.2408 | union_precision 0.9000 | weighted_recall 0.1293 | consensus_recall 0.0000 | threshold 0.675
Epoch 6/30 | train_loss 1.2074 | union_precision 1.0000 | weighted_recall 0.0785 | consensus_recall 0.0000 | threshold 0.700
Epoch 7/30 | train_loss 1.1779 | union_precision 1.0000 | weighted_recall 0.0785 | consensus_recall 0.0000 | threshold 0.700
Epoch 8/30 | train_loss 1.1649 | union_precision 1.0000 | weighted_recall 0.1085 | consensus_recall 0.0000 | threshold 0.700
Early stopping at epoch 8
Held-out M41-3 | union_precision=0.9167 | weighted_recall=0.2148 | consensus_recall=0.0000
  oracle_stage_macro_f1=0.3276 | end_to_end_stage_macro_f1=0.2416
  end_to_end_stage_class_f1=low:0.1081,mid:0.3500,high:0.2667
Epoch 1/30 | train_loss 1.5768 | union_precision 0.7895 | weighted_recall 0.2950 | consensus_recall 0.6250 | threshold 0.525
Epoch 2/30 | train_loss 1.4190 | union_precision 0.8571 | weighted_recall 0.1799 | consensus_recall 0.3750 | threshold 0.600
Epoch 3/30 | train_loss 1.3464 | union_precision 0.9200 | weighted_recall 0.4484 | consensus_recall 1.0000 | threshold 0.050
Epoch 4/30 | train_loss 1.2752 | union_precision 0.9200 | weighted_recall 0.4604 | consensus_recall 1.0000 | threshold 0.050
Epoch 5/30 | train_loss 1.2436 | union_precision 0.9200 | weighted_recall 0.4628 | consensus_recall 1.0000 | threshold 0.450
Epoch 6/30 | train_loss 1.2100 | union_precision 0.9200 | weighted_recall 0.4221 | consensus_recall 0.8750 | threshold 0.450
Epoch 7/30 | train_loss 1.1810 | union_precision 1.0000 | weighted_recall 0.1175 | consensus_recall 0.3750 | threshold 0.625
Epoch 8/30 | train_loss 1.1687 | union_precision 1.0000 | weighted_recall 0.1151 | consensus_recall 0.3750 | threshold 0.650
Epoch 9/30 | train_loss 1.1481 | union_precision 1.0000 | weighted_recall 0.1151 | consensus_recall 0.3750 | threshold 0.675
Epoch 10/30 | train_loss 1.1246 | union_precision 1.0000 | weighted_recall 0.1151 | consensus_recall 0.3750 | threshold 0.700
Early stopping at epoch 10
Held-out M41-4 | union_precision=0.9200 | weighted_recall=0.4628 | consensus_recall=1.0000
  oracle_stage_macro_f1=0.3561 | end_to_end_stage_macro_f1=0.2223
  end_to_end_stage_class_f1=low:0.0816,mid:0.4314,high:0.1538
Epoch 1/30 | train_loss 1.5767 | union_precision 0.7143 | weighted_recall 0.0847 | consensus_recall 0.1250 | threshold 0.600
Epoch 2/30 | train_loss 1.4205 | union_precision 1.0000 | weighted_recall 0.0198 | consensus_recall 0.0000 | threshold 0.725
Epoch 3/30 | train_loss 1.3422 | union_precision 1.0000 | weighted_recall 0.0282 | consensus_recall 0.1250 | threshold 0.725
Epoch 4/30 | train_loss 1.2727 | union_precision 1.0000 | weighted_recall 0.0424 | consensus_recall 0.1250 | threshold 0.725
Epoch 5/30 | train_loss 1.2422 | union_precision 1.0000 | weighted_recall 0.0424 | consensus_recall 0.1250 | threshold 0.725
Epoch 6/30 | train_loss 1.2073 | union_precision 1.0000 | weighted_recall 0.0424 | consensus_recall 0.1250 | threshold 0.725
Epoch 7/30 | train_loss 1.1782 | union_precision 0.7500 | weighted_recall 0.0424 | consensus_recall 0.1250 | threshold 0.675
Epoch 8/30 | train_loss 1.1658 | union_precision 0.7500 | weighted_recall 0.0424 | consensus_recall 0.1250 | threshold 0.700
Epoch 9/30 | train_loss 1.1474 | union_precision 0.7500 | weighted_recall 0.0424 | consensus_recall 0.1250 | threshold 0.700
Early stopping at epoch 9
Held-out M50-1 | union_precision=1.0000 | weighted_recall=0.0424 | consensus_recall=0.1250
  oracle_stage_macro_f1=0.2772 | end_to_end_stage_macro_f1=0.0392
  end_to_end_stage_class_f1=low:0.0000,mid:0.1176,high:0.0000
Epoch 1/30 | train_loss 1.5776 | union_precision 0.8095 | weighted_recall 0.0825 | consensus_recall 0.4000 | threshold 0.600
Epoch 2/30 | train_loss 1.4189 | union_precision 0.8571 | weighted_recall 0.0283 | consensus_recall 0.0000 | threshold 0.625
Epoch 3/30 | train_loss 1.3434 | union_precision 0.8750 | weighted_recall 0.0342 | consensus_recall 0.2000 | threshold 0.625
Epoch 4/30 | train_loss 1.2708 | union_precision 0.8750 | weighted_recall 0.0448 | consensus_recall 0.2000 | threshold 0.625
Epoch 5/30 | train_loss 1.2389 | union_precision 0.8750 | weighted_recall 0.0448 | consensus_recall 0.2000 | threshold 0.625
Epoch 6/30 | train_loss 1.2051 | union_precision 0.8571 | weighted_recall 0.0283 | consensus_recall 0.2000 | threshold 0.650
Epoch 7/30 | train_loss 1.1786 | union_precision 0.8571 | weighted_recall 0.0377 | consensus_recall 0.2000 | threshold 0.650
Epoch 8/30 | train_loss 1.1679 | union_precision 1.0000 | weighted_recall 0.0118 | consensus_recall 0.0000 | threshold 0.700
Epoch 9/30 | train_loss 1.1485 | union_precision 0.9375 | weighted_recall 0.1592 | consensus_recall 0.2000 | threshold 0.600
Epoch 10/30 | train_loss 1.1235 | union_precision 0.9474 | weighted_recall 0.1863 | consensus_recall 0.4000 | threshold 0.600
Epoch 11/30 | train_loss 1.1120 | union_precision 0.9500 | weighted_recall 0.1875 | consensus_recall 0.4000 | threshold 0.575
Epoch 12/30 | train_loss 1.0942 | union_precision 0.9000 | weighted_recall 0.2146 | consensus_recall 0.8000 | threshold 0.550
Epoch 13/30 | train_loss 1.0738 | union_precision 0.9032 | weighted_recall 0.2170 | consensus_recall 0.8000 | threshold 0.525
Epoch 14/30 | train_loss 1.0761 | union_precision 0.9032 | weighted_recall 0.2158 | consensus_recall 0.6000 | threshold 0.525
Epoch 15/30 | train_loss 1.0659 | union_precision 0.9032 | weighted_recall 0.2134 | consensus_recall 0.6000 | threshold 0.525
Epoch 16/30 | train_loss 1.0465 | union_precision 0.9118 | weighted_recall 0.2335 | consensus_recall 0.6000 | threshold 0.500
Epoch 17/30 | train_loss 1.0425 | union_precision 0.9118 | weighted_recall 0.2335 | consensus_recall 0.6000 | threshold 0.500
Epoch 18/30 | train_loss 1.0298 | union_precision 0.9167 | weighted_recall 0.1156 | consensus_recall 0.2000 | threshold 0.625
Epoch 19/30 | train_loss 1.0213 | union_precision 0.9143 | weighted_recall 0.2205 | consensus_recall 0.8000 | threshold 0.475
Epoch 20/30 | train_loss 1.0239 | union_precision 0.9143 | weighted_recall 0.2642 | consensus_recall 0.8000 | threshold 0.450
Epoch 21/30 | train_loss 1.0145 | union_precision 0.9167 | weighted_recall 0.2877 | consensus_recall 0.8000 | threshold 0.450
Epoch 22/30 | train_loss 1.0027 | union_precision 0.9167 | weighted_recall 0.2889 | consensus_recall 0.8000 | threshold 0.450
Epoch 23/30 | train_loss 0.9975 | union_precision 0.9167 | weighted_recall 0.2889 | consensus_recall 0.8000 | threshold 0.425
Epoch 24/30 | train_loss 0.9911 | union_precision 0.9167 | weighted_recall 0.2889 | consensus_recall 0.8000 | threshold 0.425
Epoch 25/30 | train_loss 0.9865 | union_precision 0.9167 | weighted_recall 0.2889 | consensus_recall 0.8000 | threshold 0.425
Epoch 26/30 | train_loss 0.9831 | union_precision 0.9429 | weighted_recall 0.2736 | consensus_recall 0.8000 | threshold 0.425
Epoch 27/30 | train_loss 0.9770 | union_precision 0.9429 | weighted_recall 0.2429 | consensus_recall 0.8000 | threshold 0.425
Epoch 28/30 | train_loss 0.9674 | union_precision 0.9706 | weighted_recall 0.2429 | consensus_recall 0.8000 | threshold 0.450
Epoch 29/30 | train_loss 0.9600 | union_precision 0.9429 | weighted_recall 0.2229 | consensus_recall 0.6000 | threshold 0.450
Epoch 30/30 | train_loss 0.9648 | union_precision 0.9706 | weighted_recall 0.2229 | consensus_recall 0.6000 | threshold 0.450
Held-out M50-2 | union_precision=0.9706 | weighted_recall=0.2429 | consensus_recall=0.8000
  oracle_stage_macro_f1=0.2861 | end_to_end_stage_macro_f1=0.1315
  end_to_end_stage_class_f1=low:0.2000,mid:0.1111,high:0.0833
Epoch 1/30 | train_loss 1.5832 | union_precision 1.0000 | weighted_recall 0.0116 | consensus_recall 0.0714 | threshold 0.700
Epoch 2/30 | train_loss 1.4154 | union_precision 0.9167 | weighted_recall 0.0470 | consensus_recall 0.0714 | threshold 0.675
Epoch 3/30 | train_loss 1.3532 | union_precision 0.9167 | weighted_recall 0.0683 | consensus_recall 0.1429 | threshold 0.700
Epoch 4/30 | train_loss 1.2764 | union_precision 0.9167 | weighted_recall 0.0683 | consensus_recall 0.1429 | threshold 0.700
Epoch 5/30 | train_loss 1.2443 | union_precision 1.0000 | weighted_recall 0.0544 | consensus_recall 0.1429 | threshold 0.725
Epoch 6/30 | train_loss 1.2094 | union_precision 1.0000 | weighted_recall 0.1134 | consensus_recall 0.1429 | threshold 0.700
Epoch 7/30 | train_loss 1.1822 | union_precision 1.0000 | weighted_recall 0.1311 | consensus_recall 0.2143 | threshold 0.700
Epoch 8/30 | train_loss 1.1718 | union_precision 0.9259 | weighted_recall 0.1781 | consensus_recall 0.5000 | threshold 0.675
Epoch 9/30 | train_loss 1.1527 | union_precision 0.9070 | weighted_recall 0.2394 | consensus_recall 0.5714 | threshold 0.650
Epoch 10/30 | train_loss 1.1284 | union_precision 0.9245 | weighted_recall 0.3185 | consensus_recall 0.7857 | threshold 0.625
Epoch 11/30 | train_loss 1.1169 | union_precision 0.9273 | weighted_recall 0.3487 | consensus_recall 0.9286 | threshold 0.625
Epoch 12/30 | train_loss 1.0989 | union_precision 0.9123 | weighted_recall 0.3612 | consensus_recall 0.9286 | threshold 0.625
Epoch 13/30 | train_loss 1.0779 | union_precision 0.9123 | weighted_recall 0.3612 | consensus_recall 0.9286 | threshold 0.625
Epoch 14/30 | train_loss 1.0809 | union_precision 0.9123 | weighted_recall 0.3612 | consensus_recall 0.9286 | threshold 0.625
Epoch 15/30 | train_loss 1.0689 | union_precision 0.9464 | weighted_recall 0.3673 | consensus_recall 1.0000 | threshold 0.625
Epoch 16/30 | train_loss 1.0541 | union_precision 0.9643 | weighted_recall 0.3826 | consensus_recall 1.0000 | threshold 0.625
Epoch 17/30 | train_loss 1.0469 | union_precision 0.9032 | weighted_recall 0.4272 | consensus_recall 1.0000 | threshold 0.600
Epoch 18/30 | train_loss 1.0345 | union_precision 0.9180 | weighted_recall 0.4272 | consensus_recall 1.0000 | threshold 0.600
Epoch 19/30 | train_loss 1.0262 | union_precision 0.9167 | weighted_recall 0.4254 | consensus_recall 1.0000 | threshold 0.600
Epoch 20/30 | train_loss 1.0296 | union_precision 0.9180 | weighted_recall 0.4440 | consensus_recall 1.0000 | threshold 0.600
Epoch 21/30 | train_loss 1.0165 | union_precision 0.9167 | weighted_recall 0.4426 | consensus_recall 1.0000 | threshold 0.600
Epoch 22/30 | train_loss 1.0087 | union_precision 0.9000 | weighted_recall 0.4291 | consensus_recall 1.0000 | threshold 0.600
Epoch 23/30 | train_loss 1.0016 | union_precision 0.9138 | weighted_recall 0.4291 | consensus_recall 1.0000 | threshold 0.625
Epoch 24/30 | train_loss 0.9964 | union_precision 0.9216 | weighted_recall 0.3891 | consensus_recall 0.9286 | threshold 0.650
Epoch 25/30 | train_loss 0.9921 | union_precision 0.9216 | weighted_recall 0.4012 | consensus_recall 0.9286 | threshold 0.650
Early stopping at epoch 25
Held-out M50-3 | union_precision=0.9180 | weighted_recall=0.4440 | consensus_recall=1.0000
  oracle_stage_macro_f1=0.3682 | end_to_end_stage_macro_f1=0.1982
  end_to_end_stage_class_f1=low:0.1615,mid:0.2157,high:0.2174
Epoch 1/30 | train_loss 1.5759 | union_precision 0.6667 | weighted_recall 0.0118 | consensus_recall 0.2500 | threshold 0.625
Epoch 2/30 | train_loss 1.4168 | union_precision 1.0000 | weighted_recall 0.0010 | consensus_recall 0.1250 | threshold 0.650
Epoch 3/30 | train_loss 1.3441 | union_precision 1.0000 | weighted_recall 0.0010 | consensus_recall 0.1250 | threshold 0.675
Epoch 4/30 | train_loss 1.2705 | union_precision 1.0000 | weighted_recall 0.0010 | consensus_recall 0.1250 | threshold 0.675
Epoch 5/30 | train_loss 1.2363 | union_precision 1.0000 | weighted_recall 0.0010 | consensus_recall 0.1250 | threshold 0.675
Epoch 6/30 | train_loss 1.2012 | union_precision 0.6667 | weighted_recall 0.0473 | consensus_recall 0.5000 | threshold 0.625
Epoch 7/30 | train_loss 1.1746 | union_precision 0.6667 | weighted_recall 0.0256 | consensus_recall 0.2500 | threshold 0.675
Early stopping at epoch 7
Held-out M56-1 | union_precision=1.0000 | weighted_recall=0.0010 | consensus_recall=0.1250
  oracle_stage_macro_f1=0.3244 | end_to_end_stage_macro_f1=0.0370
  end_to_end_stage_class_f1=low:0.0000,mid:0.0000,high:0.1111
Epoch 1/30 | train_loss 1.5677 | union_precision 0.6552 | weighted_recall 0.1594 | consensus_recall 0.4286 | threshold 0.475
Epoch 2/30 | train_loss 1.4111 | union_precision 0.6429 | weighted_recall 0.1645 | consensus_recall 0.4286 | threshold 0.525
Epoch 3/30 | train_loss 1.3400 | union_precision 0.6154 | weighted_recall 0.1633 | consensus_recall 0.2857 | threshold 0.050
Epoch 4/30 | train_loss 1.2677 | union_precision 0.5806 | weighted_recall 0.1148 | consensus_recall 0.1429 | threshold 0.525
Epoch 5/30 | train_loss 1.2331 | union_precision 0.5714 | weighted_recall 0.1492 | consensus_recall 0.2857 | threshold 0.450
Epoch 6/30 | train_loss 1.2000 | union_precision 0.6000 | weighted_recall 0.1518 | consensus_recall 0.2857 | threshold 0.450
Early stopping at epoch 6
Held-out M56-2 | union_precision=0.6552 | weighted_recall=0.1594 | consensus_recall=0.4286
  oracle_stage_macro_f1=0.3164 | end_to_end_stage_macro_f1=0.1136
  end_to_end_stage_class_f1=low:0.0312,mid:0.1356,high:0.1739
Epoch 1/30 | train_loss 1.5761 | union_precision 0.9600 | weighted_recall 0.0908 | consensus_recall 0.4000 | threshold 0.650
Epoch 2/30 | train_loss 1.4173 | union_precision 0.9524 | weighted_recall 0.0931 | consensus_recall 0.4000 | threshold 0.650
Epoch 3/30 | train_loss 1.3483 | union_precision 0.9655 | weighted_recall 0.1286 | consensus_recall 0.5000 | threshold 0.650
Epoch 4/30 | train_loss 1.2733 | union_precision 0.9355 | weighted_recall 0.1426 | consensus_recall 0.5000 | threshold 0.650
Epoch 5/30 | train_loss 1.2391 | union_precision 0.9355 | weighted_recall 0.1426 | consensus_recall 0.5000 | threshold 0.650
Epoch 6/30 | train_loss 1.2075 | union_precision 0.9048 | weighted_recall 0.1834 | consensus_recall 0.6000 | threshold 0.625
Epoch 7/30 | train_loss 1.1832 | union_precision 0.9000 | weighted_recall 0.1799 | consensus_recall 0.6000 | threshold 0.625
Epoch 8/30 | train_loss 1.1727 | union_precision 0.9070 | weighted_recall 0.1944 | consensus_recall 0.7000 | threshold 0.625
Epoch 9/30 | train_loss 1.1484 | union_precision 0.9130 | weighted_recall 0.2212 | consensus_recall 0.8000 | threshold 0.625
Epoch 10/30 | train_loss 1.1256 | union_precision 0.9231 | weighted_recall 0.1956 | consensus_recall 0.7000 | threshold 0.650
Epoch 11/30 | train_loss 1.1096 | union_precision 0.9038 | weighted_recall 0.2305 | consensus_recall 0.8000 | threshold 0.625
Epoch 12/30 | train_loss 1.0913 | union_precision 0.9020 | weighted_recall 0.2299 | consensus_recall 0.8000 | threshold 0.625
Epoch 13/30 | train_loss 1.0727 | union_precision 0.9020 | weighted_recall 0.2555 | consensus_recall 0.8000 | threshold 0.625
Epoch 14/30 | train_loss 1.0723 | union_precision 0.9111 | weighted_recall 0.2311 | consensus_recall 0.7000 | threshold 0.650
Epoch 15/30 | train_loss 1.0641 | union_precision 0.9149 | weighted_recall 0.2538 | consensus_recall 0.8000 | threshold 0.650
Epoch 16/30 | train_loss 1.0492 | union_precision 0.9020 | weighted_recall 0.2515 | consensus_recall 0.7000 | threshold 0.625
Early stopping at epoch 16
Held-out M56-3 | union_precision=0.9038 | weighted_recall=0.2305 | consensus_recall=0.8000
  oracle_stage_macro_f1=0.2322 | end_to_end_stage_macro_f1=0.0579
  end_to_end_stage_class_f1=low:0.0213,mid:0.0690,high:0.0833
Epoch 1/30 | train_loss 1.5741 | union_precision 1.0000 | weighted_recall 0.0063 | consensus_recall 0.0000 | threshold 0.725
Epoch 2/30 | train_loss 1.4171 | union_precision 1.0000 | weighted_recall 0.0063 | consensus_recall 0.0000 | threshold 0.725
Epoch 3/30 | train_loss 1.3443 | union_precision 1.0000 | weighted_recall 0.0063 | consensus_recall 0.0000 | threshold 0.700
Epoch 4/30 | train_loss 1.2672 | union_precision 1.0000 | weighted_recall 0.0063 | consensus_recall 0.0000 | threshold 0.675
Epoch 5/30 | train_loss 1.2337 | union_precision 1.0000 | weighted_recall 0.0152 | consensus_recall 0.0000 | threshold 0.650
Epoch 6/30 | train_loss 1.1989 | union_precision 1.0000 | weighted_recall 0.0139 | consensus_recall 0.0000 | threshold 0.650
Epoch 7/30 | train_loss 1.1759 | union_precision 1.0000 | weighted_recall 0.0139 | consensus_recall 0.0000 | threshold 0.650
Epoch 8/30 | train_loss 1.1642 | union_precision 1.0000 | weighted_recall 0.0152 | consensus_recall 0.0000 | threshold 0.650
Epoch 9/30 | train_loss 1.1389 | union_precision 1.0000 | weighted_recall 0.0152 | consensus_recall 0.0000 | threshold 0.650
Epoch 10/30 | train_loss 1.1186 | union_precision 1.0000 | weighted_recall 0.0152 | consensus_recall 0.0000 | threshold 0.675
Early stopping at epoch 10
Held-out M59-1 | union_precision=1.0000 | weighted_recall=0.0152 | consensus_recall=0.0000
  oracle_stage_macro_f1=0.3245 | end_to_end_stage_macro_f1=0.0000
  end_to_end_stage_class_f1=low:0.0000,mid:0.0000,high:0.0000
Epoch 1/30 | train_loss 1.5725 | union_precision 0.8571 | weighted_recall 0.1552 | consensus_recall 0.5000 | threshold 0.575
Epoch 2/30 | train_loss 1.4182 | union_precision 0.8500 | weighted_recall 0.1865 | consensus_recall 0.6667 | threshold 0.575
Epoch 3/30 | train_loss 1.3508 | union_precision 0.8500 | weighted_recall 0.1865 | consensus_recall 0.6667 | threshold 0.575
Epoch 4/30 | train_loss 1.2697 | union_precision 0.8750 | weighted_recall 0.1573 | consensus_recall 0.5000 | threshold 0.600
Epoch 5/30 | train_loss 1.2379 | union_precision 1.0000 | weighted_recall 0.0292 | consensus_recall 0.0000 | threshold 0.725
Epoch 6/30 | train_loss 1.2014 | union_precision 1.0000 | weighted_recall 0.0292 | consensus_recall 0.0000 | threshold 0.725
Epoch 7/30 | train_loss 1.1789 | union_precision 1.0000 | weighted_recall 0.0656 | consensus_recall 0.1667 | threshold 0.725
Epoch 8/30 | train_loss 1.1659 | union_precision 1.0000 | weighted_recall 0.0656 | consensus_recall 0.1667 | threshold 0.750
Epoch 9/30 | train_loss 1.1451 | union_precision 1.0000 | weighted_recall 0.0656 | consensus_recall 0.1667 | threshold 0.750
Epoch 10/30 | train_loss 1.1231 | union_precision 0.9231 | weighted_recall 0.1792 | consensus_recall 0.3333 | threshold 0.650
Epoch 11/30 | train_loss 1.1049 | union_precision 0.9167 | weighted_recall 0.1625 | consensus_recall 0.3333 | threshold 0.675
Epoch 12/30 | train_loss 1.0867 | union_precision 0.9231 | weighted_recall 0.1792 | consensus_recall 0.3333 | threshold 0.675
Epoch 13/30 | train_loss 1.0728 | union_precision 0.9000 | weighted_recall 0.1250 | consensus_recall 0.3333 | threshold 0.700
Epoch 14/30 | train_loss 1.0740 | union_precision 0.9091 | weighted_recall 0.1417 | consensus_recall 0.3333 | threshold 0.700
Epoch 15/30 | train_loss 1.0657 | union_precision 1.0000 | weighted_recall 0.0708 | consensus_recall 0.1667 | threshold 0.775
Early stopping at epoch 15
Held-out M59-2 | union_precision=0.9231 | weighted_recall=0.1792 | consensus_recall=0.3333
  oracle_stage_macro_f1=0.3696 | end_to_end_stage_macro_f1=0.0617
  end_to_end_stage_class_f1=low:0.0000,mid:0.1852,high:0.0000
Epoch 1/30 | train_loss 1.5731 | union_precision 0.9000 | weighted_recall 0.0630 | consensus_recall 0.1000 | threshold 0.600
Epoch 2/30 | train_loss 1.4206 | union_precision 0.8750 | weighted_recall 0.0597 | consensus_recall 0.1000 | threshold 0.625
Epoch 3/30 | train_loss 1.3507 | union_precision 0.8333 | weighted_recall 0.0556 | consensus_recall 0.1000 | threshold 0.650
Epoch 4/30 | train_loss 1.2720 | union_precision 1.0000 | weighted_recall 0.0106 | consensus_recall 0.1000 | threshold 0.700
Epoch 5/30 | train_loss 1.2374 | union_precision 1.0000 | weighted_recall 0.0295 | consensus_recall 0.1000 | threshold 0.700
Epoch 6/30 | train_loss 1.2024 | union_precision 1.0000 | weighted_recall 0.0295 | consensus_recall 0.1000 | threshold 0.725
Early stopping at epoch 6
Held-out M59-3 | union_precision=0.9000 | weighted_recall=0.0630 | consensus_recall=0.1000
  oracle_stage_macro_f1=0.4314 | end_to_end_stage_macro_f1=0.0291
  end_to_end_stage_class_f1=low:0.0545,mid:0.0328,high:0.0000
Epoch 1/30 | train_loss 1.5694 | union_precision 0.6364 | weighted_recall 0.1772 | consensus_recall 0.6667 | threshold 0.475
Epoch 2/30 | train_loss 1.4182 | union_precision 0.6923 | weighted_recall 0.2199 | consensus_recall 0.6667 | threshold 0.525
Epoch 3/30 | train_loss 1.3474 | union_precision 0.7200 | weighted_recall 0.1962 | consensus_recall 0.3333 | threshold 0.525
Epoch 4/30 | train_loss 1.2715 | union_precision 0.7500 | weighted_recall 0.2263 | consensus_recall 0.3333 | threshold 0.450
Epoch 5/30 | train_loss 1.2355 | union_precision 0.7500 | weighted_recall 0.2310 | consensus_recall 0.3333 | threshold 0.450
Epoch 6/30 | train_loss 1.2007 | union_precision 0.8108 | weighted_recall 0.2627 | consensus_recall 0.3333 | threshold 0.450
Epoch 7/30 | train_loss 1.1803 | union_precision 0.8571 | weighted_recall 0.0459 | consensus_recall 0.0000 | threshold 0.675
Epoch 8/30 | train_loss 1.1658 | union_precision 1.0000 | weighted_recall 0.0079 | consensus_recall 0.0000 | threshold 0.725
Epoch 9/30 | train_loss 1.1428 | union_precision 0.9286 | weighted_recall 0.1171 | consensus_recall 0.0000 | threshold 0.625
Epoch 10/30 | train_loss 1.1211 | union_precision 0.9412 | weighted_recall 0.1234 | consensus_recall 0.0000 | threshold 0.625
Epoch 11/30 | train_loss 1.1026 | union_precision 0.9200 | weighted_recall 0.1788 | consensus_recall 0.0000 | threshold 0.600
Epoch 12/30 | train_loss 1.0860 | union_precision 0.9259 | weighted_recall 0.1835 | consensus_recall 0.0000 | threshold 0.600
Epoch 13/30 | train_loss 1.0723 | union_precision 0.9231 | weighted_recall 0.1820 | consensus_recall 0.0000 | threshold 0.600
Epoch 14/30 | train_loss 1.0728 | union_precision 0.9545 | weighted_recall 0.1741 | consensus_recall 0.0000 | threshold 0.625
Epoch 15/30 | train_loss 1.0639 | union_precision 0.9583 | weighted_recall 0.1788 | consensus_recall 0.0000 | threshold 0.625
Epoch 16/30 | train_loss 1.0466 | union_precision 0.9310 | weighted_recall 0.1978 | consensus_recall 0.0000 | threshold 0.600
Epoch 17/30 | train_loss 1.0396 | union_precision 0.9333 | weighted_recall 0.2057 | consensus_recall 0.0000 | threshold 0.600
Epoch 18/30 | train_loss 1.0327 | union_precision 0.9643 | weighted_recall 0.1978 | consensus_recall 0.0000 | threshold 0.600
Epoch 19/30 | train_loss 1.0192 | union_precision 0.9655 | weighted_recall 0.2025 | consensus_recall 0.0000 | threshold 0.600
Epoch 20/30 | train_loss 1.0214 | union_precision 0.9333 | weighted_recall 0.2231 | consensus_recall 0.3333 | threshold 0.600
Epoch 21/30 | train_loss 1.0131 | union_precision 0.9333 | weighted_recall 0.2231 | consensus_recall 0.3333 | threshold 0.600
Epoch 22/30 | train_loss 1.0005 | union_precision 0.9062 | weighted_recall 0.2009 | consensus_recall 0.0000 | threshold 0.575
Epoch 23/30 | train_loss 0.9940 | union_precision 0.9062 | weighted_recall 0.2009 | consensus_recall 0.0000 | threshold 0.575
Epoch 24/30 | train_loss 0.9916 | union_precision 0.9062 | weighted_recall 0.2009 | consensus_recall 0.0000 | threshold 0.575
Epoch 25/30 | train_loss 0.9859 | union_precision 0.9355 | weighted_recall 0.2009 | consensus_recall 0.0000 | threshold 0.600
Epoch 26/30 | train_loss 0.9805 | union_precision 0.9355 | weighted_recall 0.2009 | consensus_recall 0.0000 | threshold 0.600
Epoch 27/30 | train_loss 0.9741 | union_precision 0.9375 | weighted_recall 0.2389 | consensus_recall 0.3333 | threshold 0.600
Epoch 28/30 | train_loss 0.9644 | union_precision 0.9091 | weighted_recall 0.2627 | consensus_recall 0.6667 | threshold 0.550
Epoch 29/30 | train_loss 0.9588 | union_precision 0.9091 | weighted_recall 0.2753 | consensus_recall 0.6667 | threshold 0.525
Epoch 30/30 | train_loss 0.9558 | union_precision 0.9062 | weighted_recall 0.2706 | consensus_recall 0.6667 | threshold 0.525
Held-out M63-1 | union_precision=0.9375 | weighted_recall=0.2389 | consensus_recall=0.3333
  oracle_stage_macro_f1=0.3418 | end_to_end_stage_macro_f1=0.1982
  end_to_end_stage_class_f1=low:0.0964,mid:0.1905,high:0.3077
Epoch 1/30 | train_loss 1.5688 | union_precision 1.0000 | weighted_recall 0.0496 | consensus_recall 0.2500 | threshold 0.650
Epoch 2/30 | train_loss 1.4189 | union_precision 1.0000 | weighted_recall 0.0496 | consensus_recall 0.2500 | threshold 0.700
Epoch 3/30 | train_loss 1.3494 | union_precision 1.0000 | weighted_recall 0.0496 | consensus_recall 0.2500 | threshold 0.700
Epoch 4/30 | train_loss 1.2741 | union_precision 1.0000 | weighted_recall 0.0496 | consensus_recall 0.2500 | threshold 0.700
Epoch 5/30 | train_loss 1.2372 | union_precision 1.0000 | weighted_recall 0.0496 | consensus_recall 0.2500 | threshold 0.700
Epoch 6/30 | train_loss 1.2029 | union_precision 1.0000 | weighted_recall 0.0496 | consensus_recall 0.2500 | threshold 0.700
Early stopping at epoch 6
Held-out M63-3 | union_precision=1.0000 | weighted_recall=0.0496 | consensus_recall=0.2500
  oracle_stage_macro_f1=0.3728 | end_to_end_stage_macro_f1=0.0196
  end_to_end_stage_class_f1=low:0.0000,mid:0.0588,high:0.0000
Epoch 1/30 | train_loss 1.5692 | union_precision 0.6842 | weighted_recall 0.3863 | consensus_recall 1.0000 | threshold 0.450
Epoch 2/30 | train_loss 1.4194 | union_precision 0.7273 | weighted_recall 0.2991 | consensus_recall 1.0000 | threshold 0.525
Epoch 3/30 | train_loss 1.3509 | union_precision 0.7500 | weighted_recall 0.3520 | consensus_recall 1.0000 | threshold 0.525
Epoch 4/30 | train_loss 1.2758 | union_precision 0.7500 | weighted_recall 0.3520 | consensus_recall 1.0000 | threshold 0.525
Epoch 5/30 | train_loss 1.2398 | union_precision 0.8000 | weighted_recall 0.2056 | consensus_recall 0.6667 | threshold 0.675
Epoch 6/30 | train_loss 1.2057 | union_precision 0.8000 | weighted_recall 0.2056 | consensus_recall 0.6667 | threshold 0.675
Epoch 7/30 | train_loss 1.1842 | union_precision 0.8000 | weighted_recall 0.3738 | consensus_recall 1.0000 | threshold 0.575
Epoch 8/30 | train_loss 1.1707 | union_precision 0.8000 | weighted_recall 0.2056 | consensus_recall 0.6667 | threshold 0.675
Epoch 9/30 | train_loss 1.1482 | union_precision 0.8000 | weighted_recall 0.4517 | consensus_recall 1.0000 | threshold 0.575
Epoch 10/30 | train_loss 1.1254 | union_precision 0.8125 | weighted_recall 0.4611 | consensus_recall 1.0000 | threshold 0.600
Epoch 11/30 | train_loss 1.1072 | union_precision 1.0000 | weighted_recall 0.2056 | consensus_recall 0.6667 | threshold 0.775
Epoch 12/30 | train_loss 1.0907 | union_precision 1.0000 | weighted_recall 0.2056 | consensus_recall 0.6667 | threshold 0.725
Epoch 13/30 | train_loss 1.0758 | union_precision 0.9286 | weighted_recall 0.4611 | consensus_recall 1.0000 | threshold 0.650
Epoch 14/30 | train_loss 1.0767 | union_precision 0.9286 | weighted_recall 0.4611 | consensus_recall 1.0000 | threshold 0.625
Epoch 15/30 | train_loss 1.0699 | union_precision 0.9286 | weighted_recall 0.4611 | consensus_recall 1.0000 | threshold 0.600
Epoch 16/30 | train_loss 1.0515 | union_precision 0.9286 | weighted_recall 0.4611 | consensus_recall 1.0000 | threshold 0.575
Epoch 17/30 | train_loss 1.0435 | union_precision 0.9286 | weighted_recall 0.4611 | consensus_recall 1.0000 | threshold 0.550
Epoch 18/30 | train_loss 1.0385 | union_precision 0.9333 | weighted_recall 0.4673 | consensus_recall 1.0000 | threshold 0.525
Epoch 19/30 | train_loss 1.0227 | union_precision 0.9375 | weighted_recall 0.4829 | consensus_recall 1.0000 | threshold 0.500
Epoch 20/30 | train_loss 1.0255 | union_precision 0.9412 | weighted_recall 0.5016 | consensus_recall 1.0000 | threshold 0.450
Epoch 21/30 | train_loss 1.0170 | union_precision 0.9412 | weighted_recall 0.5016 | consensus_recall 1.0000 | threshold 0.450
Epoch 22/30 | train_loss 1.0064 | union_precision 0.9412 | weighted_recall 0.5016 | consensus_recall 1.0000 | threshold 0.450
Epoch 23/30 | train_loss 0.9979 | union_precision 0.9412 | weighted_recall 0.5016 | consensus_recall 1.0000 | threshold 0.425
Epoch 24/30 | train_loss 0.9957 | union_precision 0.9333 | weighted_recall 0.4673 | consensus_recall 1.0000 | threshold 0.425
Epoch 25/30 | train_loss 0.9910 | union_precision 0.9333 | weighted_recall 0.4673 | consensus_recall 1.0000 | threshold 0.400
Early stopping at epoch 25
Held-out M67-1 | union_precision=0.9412 | weighted_recall=0.5016 | consensus_recall=1.0000
  oracle_stage_macro_f1=0.4784 | end_to_end_stage_macro_f1=0.2774
  end_to_end_stage_class_f1=low:0.1875,mid:0.3590,high:0.2857
Epoch 1/30 | train_loss 1.5682 | union_precision 1.0000 | weighted_recall 0.0219 | consensus_recall 0.0000 | threshold 0.675
Epoch 2/30 | train_loss 1.4193 | union_precision 1.0000 | weighted_recall 0.0219 | consensus_recall 0.0000 | threshold 0.675
Epoch 3/30 | train_loss 1.3469 | union_precision 1.0000 | weighted_recall 0.0439 | consensus_recall 0.0000 | threshold 0.675
Epoch 4/30 | train_loss 1.2738 | union_precision 1.0000 | weighted_recall 0.0439 | consensus_recall 0.0000 | threshold 0.675
Epoch 5/30 | train_loss 1.2359 | union_precision 1.0000 | weighted_recall 0.0376 | consensus_recall 0.0000 | threshold 0.675
Epoch 6/30 | train_loss 1.2012 | union_precision 1.0000 | weighted_recall 0.0219 | consensus_recall 0.0000 | threshold 0.675
Epoch 7/30 | train_loss 1.1813 | union_precision 1.0000 | weighted_recall 0.0408 | consensus_recall 0.0000 | threshold 0.675
Epoch 8/30 | train_loss 1.1673 | union_precision 1.0000 | weighted_recall 0.1097 | consensus_recall 1.0000 | threshold 0.675
Epoch 9/30 | train_loss 1.1457 | union_precision 1.0000 | weighted_recall 0.0408 | consensus_recall 0.0000 | threshold 0.700
Epoch 10/30 | train_loss 1.1236 | union_precision 1.0000 | weighted_recall 0.0219 | consensus_recall 0.0000 | threshold 0.725
Epoch 11/30 | train_loss 1.1047 | union_precision 1.0000 | weighted_recall 0.0408 | consensus_recall 0.0000 | threshold 0.725
Epoch 12/30 | train_loss 1.0883 | union_precision 1.0000 | weighted_recall 0.1379 | consensus_recall 1.0000 | threshold 0.700
Epoch 13/30 | train_loss 1.0727 | union_precision 1.0000 | weighted_recall 0.1442 | consensus_recall 1.0000 | threshold 0.700
Epoch 14/30 | train_loss 1.0750 | union_precision 0.9000 | weighted_recall 0.1975 | consensus_recall 1.0000 | threshold 0.675
Epoch 15/30 | train_loss 1.0675 | union_precision 1.0000 | weighted_recall 0.1442 | consensus_recall 1.0000 | threshold 0.725
Epoch 16/30 | train_loss 1.0491 | union_precision 0.9474 | weighted_recall 0.2790 | consensus_recall 1.0000 | threshold 0.575
Epoch 17/30 | train_loss 1.0403 | union_precision 0.9048 | weighted_recall 0.2821 | consensus_recall 1.0000 | threshold 0.550
Epoch 18/30 | train_loss 1.0362 | union_precision 0.9500 | weighted_recall 0.2947 | consensus_recall 1.0000 | threshold 0.550
Epoch 19/30 | train_loss 1.0216 | union_precision 0.9048 | weighted_recall 0.2947 | consensus_recall 1.0000 | threshold 0.550
Epoch 20/30 | train_loss 1.0230 | union_precision 0.9000 | weighted_recall 0.2915 | consensus_recall 1.0000 | threshold 0.550
Epoch 21/30 | train_loss 1.0148 | union_precision 0.9000 | weighted_recall 0.2915 | consensus_recall 1.0000 | threshold 0.550
Epoch 22/30 | train_loss 1.0024 | union_precision 0.9444 | weighted_recall 0.2727 | consensus_recall 1.0000 | threshold 0.575
Epoch 23/30 | train_loss 0.9963 | union_precision 0.9444 | weighted_recall 0.2727 | consensus_recall 1.0000 | threshold 0.575
Early stopping at epoch 23
Held-out M67-2 | union_precision=0.9500 | weighted_recall=0.2947 | consensus_recall=1.0000
  oracle_stage_macro_f1=0.2385 | end_to_end_stage_macro_f1=0.1378
  end_to_end_stage_class_f1=low:0.1860,mid:0.2273,high:0.0000
Epoch 1/30 | train_loss 1.5671 | union_precision 1.0000 | weighted_recall 0.0459 | consensus_recall 0.0000 | threshold 0.675
Epoch 2/30 | train_loss 1.4215 | union_precision 1.0000 | weighted_recall 0.0459 | consensus_recall 0.0000 | threshold 0.675
Epoch 3/30 | train_loss 1.3503 | union_precision 1.0000 | weighted_recall 0.0459 | consensus_recall 0.0000 | threshold 0.675
Epoch 4/30 | train_loss 1.2770 | union_precision 1.0000 | weighted_recall 0.0459 | consensus_recall 0.0000 | threshold 0.675
Epoch 5/30 | train_loss 1.2386 | union_precision 1.0000 | weighted_recall 0.0795 | consensus_recall 0.0000 | threshold 0.675
Epoch 6/30 | train_loss 1.2052 | union_precision 1.0000 | weighted_recall 0.0795 | consensus_recall 0.0000 | threshold 0.675
Epoch 7/30 | train_loss 1.1842 | union_precision 1.0000 | weighted_recall 0.1284 | consensus_recall 0.0000 | threshold 0.675
Epoch 8/30 | train_loss 1.1703 | union_precision 1.0000 | weighted_recall 0.0795 | consensus_recall 0.0000 | threshold 0.700
Epoch 9/30 | train_loss 1.1487 | union_precision 1.0000 | weighted_recall 0.0795 | consensus_recall 0.0000 | threshold 0.725
Epoch 10/30 | train_loss 1.1263 | union_precision 1.0000 | weighted_recall 0.0765 | consensus_recall 0.0000 | threshold 0.750
Epoch 11/30 | train_loss 1.1069 | union_precision 1.0000 | weighted_recall 0.1254 | consensus_recall 0.0000 | threshold 0.750
Epoch 12/30 | train_loss 1.0909 | union_precision 1.0000 | weighted_recall 0.3119 | consensus_recall 0.5000 | threshold 0.750
Epoch 13/30 | train_loss 1.0745 | union_precision 0.9091 | weighted_recall 0.3792 | consensus_recall 0.7500 | threshold 0.750
Epoch 14/30 | train_loss 1.0772 | union_precision 1.0000 | weighted_recall 0.2018 | consensus_recall 0.2500 | threshold 0.800
Epoch 15/30 | train_loss 1.0694 | union_precision 0.9091 | weighted_recall 0.4190 | consensus_recall 0.7500 | threshold 0.775
Epoch 16/30 | train_loss 1.0502 | union_precision 0.9167 | weighted_recall 0.4526 | consensus_recall 0.7500 | threshold 0.775
Epoch 17/30 | train_loss 1.0416 | union_precision 0.9231 | weighted_recall 0.5413 | consensus_recall 1.0000 | threshold 0.775
Epoch 18/30 | train_loss 1.0378 | union_precision 0.9231 | weighted_recall 0.5413 | consensus_recall 1.0000 | threshold 0.775
Epoch 19/30 | train_loss 1.0229 | union_precision 0.9231 | weighted_recall 0.5413 | consensus_recall 1.0000 | threshold 0.775
Epoch 20/30 | train_loss 1.0244 | union_precision 0.9231 | weighted_recall 0.5413 | consensus_recall 1.0000 | threshold 0.775
Epoch 21/30 | train_loss 1.0156 | union_precision 0.9231 | weighted_recall 0.5413 | consensus_recall 1.0000 | threshold 0.775
Epoch 22/30 | train_loss 1.0039 | union_precision 0.9231 | weighted_recall 0.5413 | consensus_recall 1.0000 | threshold 0.775
Early stopping at epoch 22
Held-out M67-3 | union_precision=0.9231 | weighted_recall=0.5413 | consensus_recall=1.0000
  oracle_stage_macro_f1=0.4155 | end_to_end_stage_macro_f1=0.2367
  end_to_end_stage_class_f1=low:0.2857,mid:0.4242,high:0.0000
Epoch 1/30 | train_loss 1.5675 | union_precision 0.7000 | weighted_recall 0.0658 | consensus_recall 0.2500 | threshold 0.575
Epoch 2/30 | train_loss 1.4210 | union_precision 0.8000 | weighted_recall 0.0206 | consensus_recall 0.0000 | threshold 0.600
Epoch 3/30 | train_loss 1.3524 | union_precision 0.6667 | weighted_recall 0.0370 | consensus_recall 0.0000 | threshold 0.600
Epoch 4/30 | train_loss 1.2763 | union_precision 0.6667 | weighted_recall 0.0247 | consensus_recall 0.0000 | threshold 0.625
Epoch 5/30 | train_loss 1.2390 | union_precision 0.6667 | weighted_recall 0.1248 | consensus_recall 0.2500 | threshold 0.600
Epoch 6/30 | train_loss 1.2062 | union_precision 0.8333 | weighted_recall 0.3278 | consensus_recall 0.5000 | threshold 0.575
Epoch 7/30 | train_loss 1.1861 | union_precision 0.8571 | weighted_recall 0.0974 | consensus_recall 0.0000 | threshold 0.625
Epoch 8/30 | train_loss 1.1726 | union_precision 0.8571 | weighted_recall 0.3429 | consensus_recall 0.5000 | threshold 0.600
Epoch 9/30 | train_loss 1.1500 | union_precision 0.8636 | weighted_recall 0.3813 | consensus_recall 0.7500 | threshold 0.600
Epoch 10/30 | train_loss 1.1288 | union_precision 0.9000 | weighted_recall 0.1893 | consensus_recall 0.0000 | threshold 0.675
Epoch 11/30 | train_loss 1.1106 | union_precision 0.9286 | weighted_recall 0.2757 | consensus_recall 0.2500 | threshold 0.675
Epoch 12/30 | train_loss 1.0938 | union_precision 0.9130 | weighted_recall 0.3896 | consensus_recall 0.7500 | threshold 0.650
Epoch 13/30 | train_loss 1.0774 | union_precision 0.9130 | weighted_recall 0.3759 | consensus_recall 0.7500 | threshold 0.650
Epoch 14/30 | train_loss 1.0798 | union_precision 0.9167 | weighted_recall 0.3772 | consensus_recall 0.7500 | threshold 0.625
Epoch 15/30 | train_loss 1.0717 | union_precision 0.9167 | weighted_recall 0.3772 | consensus_recall 0.7500 | threshold 0.625
Epoch 16/30 | train_loss 1.0535 | union_precision 0.9167 | weighted_recall 0.3772 | consensus_recall 0.7500 | threshold 0.625
Epoch 17/30 | train_loss 1.0440 | union_precision 0.9167 | weighted_recall 0.3772 | consensus_recall 0.7500 | threshold 0.625
Epoch 18/30 | train_loss 1.0407 | union_precision 0.9130 | weighted_recall 0.3759 | consensus_recall 0.7500 | threshold 0.625
Epoch 19/30 | train_loss 1.0258 | union_precision 0.9231 | weighted_recall 0.3909 | consensus_recall 1.0000 | threshold 0.600
Epoch 20/30 | train_loss 1.0270 | union_precision 0.9259 | weighted_recall 0.4102 | consensus_recall 1.0000 | threshold 0.575
Epoch 21/30 | train_loss 1.0168 | union_precision 0.9231 | weighted_recall 0.4129 | consensus_recall 1.0000 | threshold 0.600
Epoch 22/30 | train_loss 1.0071 | union_precision 0.9231 | weighted_recall 0.4129 | consensus_recall 1.0000 | threshold 0.600
Epoch 23/30 | train_loss 0.9999 | union_precision 0.9231 | weighted_recall 0.4280 | consensus_recall 1.0000 | threshold 0.600
Epoch 24/30 | train_loss 0.9990 | union_precision 0.9231 | weighted_recall 0.4280 | consensus_recall 1.0000 | threshold 0.625
Epoch 25/30 | train_loss 0.9933 | union_precision 0.9231 | weighted_recall 0.4636 | consensus_recall 1.0000 | threshold 0.625
Early stopping at epoch 25
Held-out M67-4 | union_precision=0.9259 | weighted_recall=0.4102 | consensus_recall=1.0000
  oracle_stage_macro_f1=0.3965 | end_to_end_stage_macro_f1=0.2946
  end_to_end_stage_class_f1=low:0.1923,mid:0.4058,high:0.2857
Epoch 1/30 | train_loss 1.5674 | union_precision 1.0000 | weighted_recall 0.0142 | consensus_recall 0.0000 | threshold 0.625
Epoch 2/30 | train_loss 1.4205 | union_precision 1.0000 | weighted_recall 0.0331 | consensus_recall 0.0000 | threshold 0.575
Epoch 3/30 | train_loss 1.3508 | union_precision 0.9167 | weighted_recall 0.1773 | consensus_recall 0.0000 | threshold 0.475
Epoch 4/30 | train_loss 1.2735 | union_precision 0.9474 | weighted_recall 0.2482 | consensus_recall 1.0000 | threshold 0.500
Epoch 5/30 | train_loss 1.2358 | union_precision 0.9474 | weighted_recall 0.2411 | consensus_recall 1.0000 | threshold 0.500
Epoch 6/30 | train_loss 1.2024 | union_precision 0.9444 | weighted_recall 0.2671 | consensus_recall 1.0000 | threshold 0.525
Epoch 7/30 | train_loss 1.1809 | union_precision 0.9474 | weighted_recall 0.2813 | consensus_recall 1.0000 | threshold 0.525
Epoch 8/30 | train_loss 1.1691 | union_precision 0.9375 | weighted_recall 0.2340 | consensus_recall 1.0000 | threshold 0.550
Early stopping at epoch 8
Held-out M68-1 | union_precision=0.9167 | weighted_recall=0.1773 | consensus_recall=0.0000
  oracle_stage_macro_f1=0.2982 | end_to_end_stage_macro_f1=0.1432
  end_to_end_stage_class_f1=low:0.1370,mid:0.2927,high:0.0000
Epoch 1/30 | train_loss 1.5658 | union_precision 1.0000 | weighted_recall 0.0292 | consensus_recall 0.0000 | threshold 0.625
Epoch 2/30 | train_loss 1.4179 | union_precision 1.0000 | weighted_recall 0.0395 | consensus_recall 0.0000 | threshold 0.600
Epoch 3/30 | train_loss 1.3512 | union_precision 1.0000 | weighted_recall 0.0377 | consensus_recall 0.0000 | threshold 0.600
Epoch 4/30 | train_loss 1.2760 | union_precision 1.0000 | weighted_recall 0.0377 | consensus_recall 0.0000 | threshold 0.600
Epoch 5/30 | train_loss 1.2376 | union_precision 1.0000 | weighted_recall 0.0532 | consensus_recall 0.0000 | threshold 0.600
Epoch 6/30 | train_loss 1.2040 | union_precision 1.0000 | weighted_recall 0.0549 | consensus_recall 0.0000 | threshold 0.600
Epoch 7/30 | train_loss 1.1821 | union_precision 1.0000 | weighted_recall 0.1098 | consensus_recall 0.1250 | threshold 0.600
Epoch 8/30 | train_loss 1.1697 | union_precision 1.0000 | weighted_recall 0.1149 | consensus_recall 0.1250 | threshold 0.600
Epoch 9/30 | train_loss 1.1457 | union_precision 1.0000 | weighted_recall 0.1355 | consensus_recall 0.1250 | threshold 0.600
Epoch 10/30 | train_loss 1.1255 | union_precision 1.0000 | weighted_recall 0.2041 | consensus_recall 0.2500 | threshold 0.600
Epoch 11/30 | train_loss 1.1060 | union_precision 0.9231 | weighted_recall 0.2041 | consensus_recall 0.2500 | threshold 0.600
Epoch 12/30 | train_loss 1.0894 | union_precision 0.9286 | weighted_recall 0.2178 | consensus_recall 0.2500 | threshold 0.600
Epoch 13/30 | train_loss 1.0738 | union_precision 0.9286 | weighted_recall 0.2727 | consensus_recall 0.3750 | threshold 0.600
Epoch 14/30 | train_loss 1.0749 | union_precision 1.0000 | weighted_recall 0.2590 | consensus_recall 0.3750 | threshold 0.625
Epoch 15/30 | train_loss 1.0700 | union_precision 1.0000 | weighted_recall 0.3362 | consensus_recall 0.5000 | threshold 0.625
Epoch 16/30 | train_loss 1.0499 | union_precision 1.0000 | weighted_recall 0.3928 | consensus_recall 0.6250 | threshold 0.625
Epoch 17/30 | train_loss 1.0404 | union_precision 0.9048 | weighted_recall 0.4717 | consensus_recall 0.8750 | threshold 0.550
Epoch 18/30 | train_loss 1.0397 | union_precision 0.9048 | weighted_recall 0.4786 | consensus_recall 0.8750 | threshold 0.550
Epoch 19/30 | train_loss 1.0239 | union_precision 0.9000 | weighted_recall 0.4768 | consensus_recall 0.8750 | threshold 0.575
Epoch 20/30 | train_loss 1.0252 | union_precision 0.9048 | weighted_recall 0.4786 | consensus_recall 0.8750 | threshold 0.550
Epoch 21/30 | train_loss 1.0192 | union_precision 0.9048 | weighted_recall 0.4717 | consensus_recall 0.8750 | threshold 0.550
Epoch 22/30 | train_loss 1.0066 | union_precision 0.9048 | weighted_recall 0.4734 | consensus_recall 0.8750 | threshold 0.550
Epoch 23/30 | train_loss 0.9992 | union_precision 1.0000 | weighted_recall 0.3791 | consensus_recall 0.6250 | threshold 0.625
Early stopping at epoch 23
Held-out M68-2 | union_precision=0.9048 | weighted_recall=0.4786 | consensus_recall=0.8750
  oracle_stage_macro_f1=0.2221 | end_to_end_stage_macro_f1=0.1257
  end_to_end_stage_class_f1=low:0.1026,mid:0.2745,high:0.0000
Epoch 1/30 | train_loss 1.5685 | union_precision 0.8571 | weighted_recall 0.0479 | consensus_recall 0.5000 | threshold 0.625
Epoch 2/30 | train_loss 1.4181 | union_precision 0.8333 | weighted_recall 0.3450 | consensus_recall 0.8333 | threshold 0.575
Epoch 3/30 | train_loss 1.3535 | union_precision 0.8421 | weighted_recall 0.4313 | consensus_recall 0.8333 | threshold 0.450
Epoch 4/30 | train_loss 1.2745 | union_precision 0.8421 | weighted_recall 0.4313 | consensus_recall 0.8333 | threshold 0.450
Epoch 5/30 | train_loss 1.2390 | union_precision 0.8421 | weighted_recall 0.4313 | consensus_recall 0.8333 | threshold 0.475
Epoch 6/30 | train_loss 1.2074 | union_precision 0.8421 | weighted_recall 0.5495 | consensus_recall 0.8333 | threshold 0.475
Early stopping at epoch 6
Held-out M68-3 | union_precision=0.8571 | weighted_recall=0.0479 | consensus_recall=0.5000
  oracle_stage_macro_f1=0.5238 | end_to_end_stage_macro_f1=0.1237
  end_to_end_stage_class_f1=low:0.1212,mid:0.2500,high:0.0000
Epoch 1/30 | train_loss 1.5795 | union_precision 1.0000 | weighted_recall 0.0081 | consensus_recall 0.2500 | threshold 0.650
Epoch 2/30 | train_loss 1.4214 | union_precision 1.0000 | weighted_recall 0.0033 | consensus_recall 0.2500 | threshold 0.650
Epoch 3/30 | train_loss 1.3414 | union_precision 1.0000 | weighted_recall 0.0016 | consensus_recall 0.0000 | threshold 0.675
Epoch 4/30 | train_loss 1.2911 | union_precision 0.8065 | weighted_recall 0.1724 | consensus_recall 0.7500 | threshold 0.500
Epoch 5/30 | train_loss 1.2450 | union_precision 0.8667 | weighted_recall 0.1756 | consensus_recall 0.7500 | threshold 0.525
Epoch 6/30 | train_loss 1.2145 | union_precision 0.8571 | weighted_recall 0.1854 | consensus_recall 0.7500 | threshold 0.525
Early stopping at epoch 6
Held-out M07-1 | union_precision=1.0000 | weighted_recall=0.0081 | consensus_recall=0.2500
  oracle_stage_macro_f1=0.3894 | end_to_end_stage_macro_f1=0.0339
  end_to_end_stage_class_f1=low:0.1017,mid:0.0000,high:0.0000
Epoch 1/30 | train_loss 1.5798 | union_precision 0.8000 | weighted_recall 0.0109 | consensus_recall 0.0000 | threshold 0.675
Epoch 2/30 | train_loss 1.4198 | union_precision 1.0000 | weighted_recall 0.0018 | consensus_recall 0.0000 | threshold 0.725
Epoch 3/30 | train_loss 1.3398 | union_precision 1.0000 | weighted_recall 0.0091 | consensus_recall 0.0000 | threshold 0.700
Epoch 4/30 | train_loss 1.2884 | union_precision 1.0000 | weighted_recall 0.0055 | consensus_recall 0.0000 | threshold 0.725
Epoch 5/30 | train_loss 1.2441 | union_precision 1.0000 | weighted_recall 0.0073 | consensus_recall 0.0000 | threshold 0.725
Epoch 6/30 | train_loss 1.2125 | union_precision 1.0000 | weighted_recall 0.0146 | consensus_recall 0.2500 | threshold 0.725
Epoch 7/30 | train_loss 1.1802 | union_precision 1.0000 | weighted_recall 0.0619 | consensus_recall 0.5000 | threshold 0.700
Epoch 8/30 | train_loss 1.1652 | union_precision 1.0000 | weighted_recall 0.0619 | consensus_recall 0.5000 | threshold 0.700
Epoch 9/30 | train_loss 1.1507 | union_precision 0.9500 | weighted_recall 0.1366 | consensus_recall 0.7500 | threshold 0.675
Epoch 10/30 | train_loss 1.1221 | union_precision 1.0000 | weighted_recall 0.1366 | consensus_recall 0.7500 | threshold 0.700
Epoch 11/30 | train_loss 1.1152 | union_precision 1.0000 | weighted_recall 0.1257 | consensus_recall 0.5000 | threshold 0.700
Epoch 12/30 | train_loss 1.1033 | union_precision 1.0000 | weighted_recall 0.1803 | consensus_recall 0.5000 | threshold 0.675
Epoch 13/30 | train_loss 1.0829 | union_precision 0.9500 | weighted_recall 0.2295 | consensus_recall 0.5000 | threshold 0.650
Epoch 14/30 | train_loss 1.0772 | union_precision 0.9545 | weighted_recall 0.2459 | consensus_recall 0.5000 | threshold 0.625
Epoch 15/30 | train_loss 1.0720 | union_precision 0.9545 | weighted_recall 0.2459 | consensus_recall 0.5000 | threshold 0.625
Epoch 16/30 | train_loss 1.0528 | union_precision 0.9565 | weighted_recall 0.2514 | consensus_recall 0.5000 | threshold 0.625
Epoch 17/30 | train_loss 1.0508 | union_precision 1.0000 | weighted_recall 0.2514 | consensus_recall 0.5000 | threshold 0.625
Epoch 18/30 | train_loss 1.0314 | union_precision 0.9583 | weighted_recall 0.2313 | consensus_recall 0.5000 | threshold 0.625
Epoch 19/30 | train_loss 1.0246 | union_precision 0.9583 | weighted_recall 0.2313 | consensus_recall 0.5000 | threshold 0.600
Epoch 20/30 | train_loss 1.0207 | union_precision 0.9583 | weighted_recall 0.2313 | consensus_recall 0.5000 | threshold 0.600
Epoch 21/30 | train_loss 1.0110 | union_precision 0.9583 | weighted_recall 0.2532 | consensus_recall 0.5000 | threshold 0.600
Epoch 22/30 | train_loss 1.0051 | union_precision 0.9600 | weighted_recall 0.2550 | consensus_recall 0.5000 | threshold 0.575
Epoch 23/30 | train_loss 0.9960 | union_precision 0.9583 | weighted_recall 0.2495 | consensus_recall 0.5000 | threshold 0.600
Epoch 24/30 | train_loss 0.9907 | union_precision 0.9565 | weighted_recall 0.2477 | consensus_recall 0.5000 | threshold 0.600
Epoch 25/30 | train_loss 0.9820 | union_precision 0.9565 | weighted_recall 0.2477 | consensus_recall 0.5000 | threshold 0.625
Epoch 26/30 | train_loss 0.9805 | union_precision 0.9565 | weighted_recall 0.2514 | consensus_recall 0.5000 | threshold 0.625
Epoch 27/30 | train_loss 0.9756 | union_precision 0.9565 | weighted_recall 0.2386 | consensus_recall 0.2500 | threshold 0.625
Early stopping at epoch 27
Held-out M07-2 | union_precision=0.9600 | weighted_recall=0.2550 | consensus_recall=0.5000
  oracle_stage_macro_f1=0.2600 | end_to_end_stage_macro_f1=0.1321
  end_to_end_stage_class_f1=low:0.1111,mid:0.0976,high:0.1875
Epoch 1/30 | train_loss 1.5871 | union_precision 0.8750 | weighted_recall 0.0220 | consensus_recall 0.0000 | threshold 0.650
Epoch 2/30 | train_loss 1.4201 | union_precision 0.8571 | weighted_recall 0.1210 | consensus_recall 0.2000 | threshold 0.600
Epoch 3/30 | train_loss 1.3383 | union_precision 1.0000 | weighted_recall 0.0073 | consensus_recall 0.0000 | threshold 0.725
Epoch 4/30 | train_loss 1.2899 | union_precision 1.0000 | weighted_recall 0.0147 | consensus_recall 0.2000 | threshold 0.725
Epoch 5/30 | train_loss 1.2435 | union_precision 0.8889 | weighted_recall 0.0917 | consensus_recall 0.2000 | threshold 0.675
Epoch 6/30 | train_loss 1.2092 | union_precision 1.0000 | weighted_recall 0.0073 | consensus_recall 0.2000 | threshold 0.750
Epoch 7/30 | train_loss 1.1742 | union_precision 1.0000 | weighted_recall 0.0073 | consensus_recall 0.2000 | threshold 0.750
Epoch 8/30 | train_loss 1.1565 | union_precision 1.0000 | weighted_recall 0.0306 | consensus_recall 0.2000 | threshold 0.750
Epoch 9/30 | train_loss 1.1466 | union_precision 1.0000 | weighted_recall 0.0819 | consensus_recall 0.2000 | threshold 0.750
Epoch 10/30 | train_loss 1.1205 | union_precision 1.0000 | weighted_recall 0.0819 | consensus_recall 0.2000 | threshold 0.775
Epoch 11/30 | train_loss 1.1133 | union_precision 1.0000 | weighted_recall 0.0819 | consensus_recall 0.2000 | threshold 0.775
Epoch 12/30 | train_loss 1.1036 | union_precision 1.0000 | weighted_recall 0.0819 | consensus_recall 0.2000 | threshold 0.800
Epoch 13/30 | train_loss 1.0799 | union_precision 1.0000 | weighted_recall 0.0819 | consensus_recall 0.2000 | threshold 0.800
Epoch 14/30 | train_loss 1.0720 | union_precision 1.0000 | weighted_recall 0.0746 | consensus_recall 0.0000 | threshold 0.825
Early stopping at epoch 14
Held-out M07-3 | union_precision=1.0000 | weighted_recall=0.0819 | consensus_recall=0.2000
  oracle_stage_macro_f1=0.3050 | end_to_end_stage_macro_f1=0.1229
  end_to_end_stage_class_f1=low:0.0000,mid:0.1463,high:0.2222
Epoch 1/30 | train_loss 1.5808 | union_precision 1.0000 | weighted_recall 0.1452 | consensus_recall 0.3000 | threshold 0.650
Epoch 2/30 | train_loss 1.4206 | union_precision 1.0000 | weighted_recall 0.1767 | consensus_recall 0.4000 | threshold 0.650
Epoch 3/30 | train_loss 1.3410 | union_precision 1.0000 | weighted_recall 0.2055 | consensus_recall 0.4000 | threshold 0.650
Epoch 4/30 | train_loss 1.2882 | union_precision 1.0000 | weighted_recall 0.2082 | consensus_recall 0.4000 | threshold 0.625
Epoch 5/30 | train_loss 1.2474 | union_precision 1.0000 | weighted_recall 0.2082 | consensus_recall 0.4000 | threshold 0.625
Epoch 6/30 | train_loss 1.2120 | union_precision 1.0000 | weighted_recall 0.2082 | consensus_recall 0.4000 | threshold 0.625
Epoch 7/30 | train_loss 1.1806 | union_precision 0.9524 | weighted_recall 0.4082 | consensus_recall 0.8000 | threshold 0.600
Epoch 8/30 | train_loss 1.1632 | union_precision 0.9545 | weighted_recall 0.4096 | consensus_recall 0.8000 | threshold 0.600
Epoch 9/30 | train_loss 1.1520 | union_precision 0.9583 | weighted_recall 0.4233 | consensus_recall 0.8000 | threshold 0.600
Epoch 10/30 | train_loss 1.1245 | union_precision 0.9524 | weighted_recall 0.4068 | consensus_recall 0.8000 | threshold 0.625
Epoch 11/30 | train_loss 1.1192 | union_precision 0.9583 | weighted_recall 0.4288 | consensus_recall 0.8000 | threshold 0.625
Epoch 12/30 | train_loss 1.1085 | union_precision 0.9600 | weighted_recall 0.4342 | consensus_recall 0.8000 | threshold 0.625
Epoch 13/30 | train_loss 1.0840 | union_precision 0.9615 | weighted_recall 0.4370 | consensus_recall 0.8000 | threshold 0.625
Epoch 14/30 | train_loss 1.0773 | union_precision 0.9600 | weighted_recall 0.4342 | consensus_recall 0.8000 | threshold 0.625
Epoch 15/30 | train_loss 1.0731 | union_precision 0.9697 | weighted_recall 0.4932 | consensus_recall 0.8000 | threshold 0.600
Epoch 16/30 | train_loss 1.0519 | union_precision 1.0000 | weighted_recall 0.4753 | consensus_recall 0.8000 | threshold 0.625
Epoch 17/30 | train_loss 1.0529 | union_precision 1.0000 | weighted_recall 0.4753 | consensus_recall 0.8000 | threshold 0.625
Epoch 18/30 | train_loss 1.0305 | union_precision 1.0000 | weighted_recall 0.4753 | consensus_recall 0.8000 | threshold 0.625
Epoch 19/30 | train_loss 1.0271 | union_precision 1.0000 | weighted_recall 0.5082 | consensus_recall 0.9000 | threshold 0.625
Epoch 20/30 | train_loss 1.0238 | union_precision 1.0000 | weighted_recall 0.5082 | consensus_recall 0.9000 | threshold 0.625
Early stopping at epoch 20
Held-out M17-1 | union_precision=0.9697 | weighted_recall=0.4932 | consensus_recall=0.8000
  oracle_stage_macro_f1=0.2981 | end_to_end_stage_macro_f1=0.1452
  end_to_end_stage_class_f1=low:0.2133,mid:0.2222,high:0.0000
Epoch 1/30 | train_loss 1.5796 | union_precision 1.0000 | weighted_recall 0.0022 | consensus_recall 0.0000 | threshold 0.625
Epoch 2/30 | train_loss 1.4177 | union_precision 0.8889 | weighted_recall 0.1704 | consensus_recall 0.3333 | threshold 0.525
Epoch 3/30 | train_loss 1.3379 | union_precision 0.8667 | weighted_recall 0.1504 | consensus_recall 0.3333 | threshold 0.550
Epoch 4/30 | train_loss 1.2853 | union_precision 0.8571 | weighted_recall 0.1659 | consensus_recall 0.3333 | threshold 0.550
Epoch 5/30 | train_loss 1.2452 | union_precision 0.8571 | weighted_recall 0.1659 | consensus_recall 0.3333 | threshold 0.550
Epoch 6/30 | train_loss 1.2091 | union_precision 0.8571 | weighted_recall 0.1659 | consensus_recall 0.3333 | threshold 0.525
Early stopping at epoch 6
Held-out M17-2 | union_precision=1.0000 | weighted_recall=0.0022 | consensus_recall=0.0000
  oracle_stage_macro_f1=0.2478 | end_to_end_stage_macro_f1=0.0119
  end_to_end_stage_class_f1=low:0.0357,mid:0.0000,high:0.0000
Epoch 1/30 | train_loss 1.5827 | union_precision 1.0000 | weighted_recall 0.0037 | consensus_recall 0.0000 | threshold 0.700
Epoch 2/30 | train_loss 1.4212 | union_precision 1.0000 | weighted_recall 0.0012 | consensus_recall 0.0000 | threshold 0.725
Epoch 3/30 | train_loss 1.3410 | union_precision 0.8571 | weighted_recall 0.0086 | consensus_recall 0.0000 | threshold 0.650
Epoch 4/30 | train_loss 1.2848 | union_precision 0.8750 | weighted_recall 0.0318 | consensus_recall 0.1000 | threshold 0.650
Epoch 5/30 | train_loss 1.2451 | union_precision 0.8889 | weighted_recall 0.0355 | consensus_recall 0.2000 | threshold 0.650
Epoch 6/30 | train_loss 1.2063 | union_precision 0.8889 | weighted_recall 0.0355 | consensus_recall 0.2000 | threshold 0.650
Early stopping at epoch 6
Held-out M17-3 | union_precision=1.0000 | weighted_recall=0.0037 | consensus_recall=0.0000
  oracle_stage_macro_f1=0.3182 | end_to_end_stage_macro_f1=0.0205
  end_to_end_stage_class_f1=low:0.0000,mid:0.0615,high:0.0000
Epoch 1/30 | train_loss 1.5837 | union_precision 0.8333 | weighted_recall 0.1920 | consensus_recall 0.5714 | threshold 0.525
Epoch 2/30 | train_loss 1.4226 | union_precision 0.8000 | weighted_recall 0.0157 | consensus_recall 0.1429 | threshold 0.650
Epoch 3/30 | train_loss 1.3383 | union_precision 1.0000 | weighted_recall 0.0079 | consensus_recall 0.1429 | threshold 0.700
Epoch 4/30 | train_loss 1.2792 | union_precision 1.0000 | weighted_recall 0.0079 | consensus_recall 0.1429 | threshold 0.700
Epoch 5/30 | train_loss 1.2414 | union_precision 0.8000 | weighted_recall 0.0417 | consensus_recall 0.4286 | threshold 0.625
Epoch 6/30 | train_loss 1.2035 | union_precision 0.8333 | weighted_recall 0.0803 | consensus_recall 0.5714 | threshold 0.600
Epoch 7/30 | train_loss 1.1743 | union_precision 0.8485 | weighted_recall 0.1755 | consensus_recall 0.8571 | threshold 0.525
Epoch 8/30 | train_loss 1.1603 | union_precision 0.8611 | weighted_recall 0.1471 | consensus_recall 0.8571 | threshold 0.525
Early stopping at epoch 8
Held-out M17-4 | union_precision=1.0000 | weighted_recall=0.0079 | consensus_recall=0.1429
  oracle_stage_macro_f1=0.2632 | end_to_end_stage_macro_f1=0.0000
  end_to_end_stage_class_f1=low:0.0000,mid:0.0000,high:0.0000
Epoch 1/30 | train_loss 1.5787 | union_precision 1.0000 | weighted_recall 0.0571 | consensus_recall 0.0000 | threshold 0.650
Epoch 2/30 | train_loss 1.4239 | union_precision 1.0000 | weighted_recall 0.0734 | consensus_recall 0.0000 | threshold 0.650
Epoch 3/30 | train_loss 1.3386 | union_precision 1.0000 | weighted_recall 0.0685 | consensus_recall 0.0000 | threshold 0.675
Epoch 4/30 | train_loss 1.2810 | union_precision 1.0000 | weighted_recall 0.0979 | consensus_recall 0.0000 | threshold 0.675
Epoch 5/30 | train_loss 1.2435 | union_precision 1.0000 | weighted_recall 0.0277 | consensus_recall 0.0000 | threshold 0.700
Epoch 6/30 | train_loss 1.2065 | union_precision 1.0000 | weighted_recall 0.0326 | consensus_recall 0.0000 | threshold 0.700
Epoch 7/30 | train_loss 1.1749 | union_precision 1.0000 | weighted_recall 0.0326 | consensus_recall 0.0000 | threshold 0.700
Epoch 8/30 | train_loss 1.1634 | union_precision 1.0000 | weighted_recall 0.0620 | consensus_recall 0.0000 | threshold 0.700
Epoch 9/30 | train_loss 1.1474 | union_precision 1.0000 | weighted_recall 0.1060 | consensus_recall 0.0000 | threshold 0.700
Early stopping at epoch 9
Held-out M24-1 | union_precision=1.0000 | weighted_recall=0.0979 | consensus_recall=0.0000
  oracle_stage_macro_f1=0.2833 | end_to_end_stage_macro_f1=0.0478
  end_to_end_stage_class_f1=low:0.0235,mid:0.1200,high:0.0000
Epoch 1/30 | train_loss 1.5796 | union_precision 0.6500 | weighted_recall 0.0466 | consensus_recall 0.0000 | threshold 0.600
Epoch 2/30 | train_loss 1.4229 | union_precision 0.6905 | weighted_recall 0.1016 | consensus_recall 0.0000 | threshold 0.050
Epoch 3/30 | train_loss 1.3413 | union_precision 0.6818 | weighted_recall 0.1140 | consensus_recall 0.0000 | threshold 0.050
Epoch 4/30 | train_loss 1.2838 | union_precision 0.7500 | weighted_recall 0.1907 | consensus_recall 0.6000 | threshold 0.525
Epoch 5/30 | train_loss 1.2433 | union_precision 0.7619 | weighted_recall 0.1275 | consensus_recall 0.6000 | threshold 0.575
Epoch 6/30 | train_loss 1.2068 | union_precision 0.7826 | weighted_recall 0.1440 | consensus_recall 0.8000 | threshold 0.575
Epoch 7/30 | train_loss 1.1778 | union_precision 0.7917 | weighted_recall 0.1451 | consensus_recall 0.8000 | threshold 0.575
Epoch 8/30 | train_loss 1.1662 | union_precision 0.8235 | weighted_recall 0.1171 | consensus_recall 0.4000 | threshold 0.600
Epoch 9/30 | train_loss 1.1496 | union_precision 0.7778 | weighted_recall 0.0446 | consensus_recall 0.0000 | threshold 0.625
Epoch 10/30 | train_loss 1.1236 | union_precision 0.8333 | weighted_recall 0.0622 | consensus_recall 0.0000 | threshold 0.625
Epoch 11/30 | train_loss 1.1156 | union_precision 0.8571 | weighted_recall 0.0580 | consensus_recall 0.0000 | threshold 0.650
Epoch 12/30 | train_loss 1.1054 | union_precision 0.8667 | weighted_recall 0.2653 | consensus_recall 0.6000 | threshold 0.575
Epoch 13/30 | train_loss 1.0793 | union_precision 0.8788 | weighted_recall 0.2881 | consensus_recall 0.8000 | threshold 0.550
Epoch 14/30 | train_loss 1.0730 | union_precision 0.8889 | weighted_recall 0.0902 | consensus_recall 0.0000 | threshold 0.675
Epoch 15/30 | train_loss 1.0697 | union_precision 0.8750 | weighted_recall 0.2736 | consensus_recall 0.8000 | threshold 0.550
Epoch 16/30 | train_loss 1.0479 | union_precision 0.8846 | weighted_recall 0.2705 | consensus_recall 0.6000 | threshold 0.625
Epoch 17/30 | train_loss 1.0458 | union_precision 0.9032 | weighted_recall 0.2995 | consensus_recall 0.8000 | threshold 0.525
Epoch 18/30 | train_loss 1.0300 | union_precision 0.9032 | weighted_recall 0.3534 | consensus_recall 0.6000 | threshold 0.500
Epoch 19/30 | train_loss 1.0206 | union_precision 0.9062 | weighted_recall 0.3544 | consensus_recall 0.6000 | threshold 0.475
Epoch 20/30 | train_loss 1.0204 | union_precision 0.9032 | weighted_recall 0.3793 | consensus_recall 0.6000 | threshold 0.475
Epoch 21/30 | train_loss 1.0158 | union_precision 0.9032 | weighted_recall 0.3358 | consensus_recall 0.6000 | threshold 0.475
Epoch 22/30 | train_loss 1.0018 | union_precision 0.9032 | weighted_recall 0.3358 | consensus_recall 0.6000 | threshold 0.450
Epoch 23/30 | train_loss 0.9959 | union_precision 1.0000 | weighted_recall 0.0114 | consensus_recall 0.0000 | threshold 0.875
Epoch 24/30 | train_loss 0.9899 | union_precision 1.0000 | weighted_recall 0.0114 | consensus_recall 0.0000 | threshold 0.875
Epoch 25/30 | train_loss 0.9871 | union_precision 1.0000 | weighted_recall 0.0114 | consensus_recall 0.0000 | threshold 0.875
Epoch 26/30 | train_loss 0.9824 | union_precision 1.0000 | weighted_recall 0.0114 | consensus_recall 0.0000 | threshold 0.875
Epoch 27/30 | train_loss 0.9722 | union_precision 1.0000 | weighted_recall 0.0114 | consensus_recall 0.0000 | threshold 0.875
Epoch 28/30 | train_loss 0.9646 | union_precision 1.0000 | weighted_recall 0.0114 | consensus_recall 0.0000 | threshold 0.875
Early stopping at epoch 28
Held-out M24-2 | union_precision=1.0000 | weighted_recall=0.0114 | consensus_recall=0.0000
  oracle_stage_macro_f1=0.3432 | end_to_end_stage_macro_f1=0.0000
  end_to_end_stage_class_f1=low:0.0000,mid:0.0000,high:0.0000
Epoch 1/30 | train_loss 1.5761 | union_precision 0.4583 | weighted_recall 0.0685 | consensus_recall 0.3333 | threshold 0.550
Epoch 2/30 | train_loss 1.4193 | union_precision 0.4138 | weighted_recall 0.1092 | consensus_recall 0.2222 | threshold 0.050
Epoch 3/30 | train_loss 1.3448 | union_precision 0.6000 | weighted_recall 0.0278 | consensus_recall 0.0000 | threshold 0.600
Epoch 4/30 | train_loss 1.2829 | union_precision 1.0000 | weighted_recall 0.0150 | consensus_recall 0.0000 | threshold 0.650
Epoch 5/30 | train_loss 1.2457 | union_precision 0.7500 | weighted_recall 0.0193 | consensus_recall 0.0000 | threshold 0.650
Epoch 6/30 | train_loss 1.2099 | union_precision 0.8333 | weighted_recall 0.0278 | consensus_recall 0.0000 | threshold 0.650
Epoch 7/30 | train_loss 1.1812 | union_precision 0.8333 | weighted_recall 0.0278 | consensus_recall 0.0000 | threshold 0.650
Epoch 8/30 | train_loss 1.1683 | union_precision 0.8333 | weighted_recall 0.0278 | consensus_recall 0.0000 | threshold 0.650
Epoch 9/30 | train_loss 1.1505 | union_precision 1.0000 | weighted_recall 0.0043 | consensus_recall 0.0000 | threshold 0.725
Early stopping at epoch 9
Held-out M24-3 | union_precision=1.0000 | weighted_recall=0.0150 | consensus_recall=0.0000
  oracle_stage_macro_f1=0.2512 | end_to_end_stage_macro_f1=0.1333
  end_to_end_stage_class_f1=low:0.0000,mid:0.0000,high:0.4000
Epoch 1/30 | train_loss 1.5921 | union_precision 0.6000 | weighted_recall 0.1898 | consensus_recall 0.7143 | threshold 0.525
Epoch 2/30 | train_loss 1.4270 | union_precision 0.7209 | weighted_recall 0.1810 | consensus_recall 0.7143 | threshold 0.550
Epoch 3/30 | train_loss 1.3437 | union_precision 0.7188 | weighted_recall 0.1205 | consensus_recall 0.4286 | threshold 0.575
Epoch 4/30 | train_loss 1.2832 | union_precision 1.0000 | weighted_recall 0.0135 | consensus_recall 0.0000 | threshold 0.750
Epoch 5/30 | train_loss 1.2472 | union_precision 1.0000 | weighted_recall 0.0135 | consensus_recall 0.0000 | threshold 0.750
Epoch 6/30 | train_loss 1.2058 | union_precision 1.0000 | weighted_recall 0.0135 | consensus_recall 0.0000 | threshold 0.750
Epoch 7/30 | train_loss 1.1779 | union_precision 1.0000 | weighted_recall 0.0135 | consensus_recall 0.0000 | threshold 0.750
Epoch 8/30 | train_loss 1.1646 | union_precision 1.0000 | weighted_recall 0.0289 | consensus_recall 0.0000 | threshold 0.750
Epoch 9/30 | train_loss 1.1465 | union_precision 1.0000 | weighted_recall 0.0209 | consensus_recall 0.0000 | threshold 0.750
Epoch 10/30 | train_loss 1.1223 | union_precision 1.0000 | weighted_recall 0.0209 | consensus_recall 0.0000 | threshold 0.750
Epoch 11/30 | train_loss 1.1131 | union_precision 1.0000 | weighted_recall 0.0209 | consensus_recall 0.0000 | threshold 0.775
Epoch 12/30 | train_loss 1.0993 | union_precision 1.0000 | weighted_recall 0.0209 | consensus_recall 0.0000 | threshold 0.800
Epoch 13/30 | train_loss 1.0756 | union_precision 1.0000 | weighted_recall 0.0209 | consensus_recall 0.0000 | threshold 0.800
Epoch 14/30 | train_loss 1.0726 | union_precision 1.0000 | weighted_recall 0.0209 | consensus_recall 0.0000 | threshold 0.825
Early stopping at epoch 14
Held-out M24-4 | union_precision=1.0000 | weighted_recall=0.0209 | consensus_recall=0.0000
  oracle_stage_macro_f1=0.3693 | end_to_end_stage_macro_f1=0.0000
  end_to_end_stage_class_f1=low:0.0000,mid:0.0000,high:0.0000
Epoch 1/30 | train_loss 1.5796 | union_precision 0.6190 | weighted_recall 0.2071 | consensus_recall 0.0000 | threshold 0.325
Epoch 2/30 | train_loss 1.4216 | union_precision 0.7143 | weighted_recall 0.0571 | consensus_recall 0.0000 | threshold 0.600
Epoch 3/30 | train_loss 1.3402 | union_precision 0.6667 | weighted_recall 0.0679 | consensus_recall 0.0000 | threshold 0.575
Epoch 4/30 | train_loss 1.2846 | union_precision 0.7143 | weighted_recall 0.1000 | consensus_recall 0.0000 | threshold 0.600
Epoch 5/30 | train_loss 1.2462 | union_precision 0.7143 | weighted_recall 0.1000 | consensus_recall 0.0000 | threshold 0.600
Epoch 6/30 | train_loss 1.2061 | union_precision 0.7273 | weighted_recall 0.1393 | consensus_recall 0.0000 | threshold 0.575
Epoch 7/30 | train_loss 1.1768 | union_precision 0.7500 | weighted_recall 0.2179 | consensus_recall 0.0000 | threshold 0.575
Epoch 8/30 | train_loss 1.1649 | union_precision 0.7692 | weighted_recall 0.2286 | consensus_recall 0.0000 | threshold 0.575
Epoch 9/30 | train_loss 1.1486 | union_precision 0.7857 | weighted_recall 0.2321 | consensus_recall 0.0000 | threshold 0.575
Epoch 10/30 | train_loss 1.1293 | union_precision 0.7857 | weighted_recall 0.2321 | consensus_recall 0.0000 | threshold 0.575
Epoch 11/30 | train_loss 1.1167 | union_precision 0.7692 | weighted_recall 0.2286 | consensus_recall 0.0000 | threshold 0.575
Epoch 12/30 | train_loss 1.1016 | union_precision 0.7692 | weighted_recall 0.3179 | consensus_recall 0.5000 | threshold 0.575
Epoch 13/30 | train_loss 1.0789 | union_precision 0.7692 | weighted_recall 0.3179 | consensus_recall 0.5000 | threshold 0.550
Epoch 14/30 | train_loss 1.0761 | union_precision 0.7857 | weighted_recall 0.3214 | consensus_recall 0.5000 | threshold 0.525
Epoch 15/30 | train_loss 1.0724 | union_precision 0.7692 | weighted_recall 0.3857 | consensus_recall 0.5000 | threshold 0.525
Epoch 16/30 | train_loss 1.0494 | union_precision 0.7692 | weighted_recall 0.3857 | consensus_recall 0.5000 | threshold 0.525
Epoch 17/30 | train_loss 1.0474 | union_precision 0.7692 | weighted_recall 0.5000 | consensus_recall 1.0000 | threshold 0.525
Epoch 18/30 | train_loss 1.0365 | union_precision 0.7778 | weighted_recall 0.3321 | consensus_recall 0.5000 | threshold 0.700
Epoch 19/30 | train_loss 1.0284 | union_precision 0.7778 | weighted_recall 0.3321 | consensus_recall 0.5000 | threshold 0.700
Early stopping at epoch 19
Held-out M30-1 | union_precision=0.7857 | weighted_recall=0.3214 | consensus_recall=0.5000
  oracle_stage_macro_f1=0.4080 | end_to_end_stage_macro_f1=0.2185
  end_to_end_stage_class_f1=low:0.1000,mid:0.2222,high:0.3333
Epoch 1/30 | train_loss 1.5758 | union_precision 0.4444 | weighted_recall 0.0817 | consensus_recall 0.0000 | threshold 0.550
Epoch 2/30 | train_loss 1.4215 | union_precision 0.4118 | weighted_recall 0.0913 | consensus_recall 0.0000 | threshold 0.525
Epoch 3/30 | train_loss 1.3399 | union_precision 0.4815 | weighted_recall 0.2596 | consensus_recall 0.3333 | threshold 0.050
Epoch 4/30 | train_loss 1.2852 | union_precision 0.5556 | weighted_recall 0.1731 | consensus_recall 0.6667 | threshold 0.575
Epoch 5/30 | train_loss 1.2467 | union_precision 0.7500 | weighted_recall 0.2188 | consensus_recall 1.0000 | threshold 0.600
Epoch 6/30 | train_loss 1.2065 | union_precision 1.0000 | weighted_recall 0.2188 | consensus_recall 1.0000 | threshold 0.625
Epoch 7/30 | train_loss 1.1776 | union_precision 1.0000 | weighted_recall 0.2188 | consensus_recall 1.0000 | threshold 0.650
Epoch 8/30 | train_loss 1.1671 | union_precision 1.0000 | weighted_recall 0.2188 | consensus_recall 1.0000 | threshold 0.675
Epoch 9/30 | train_loss 1.1491 | union_precision 1.0000 | weighted_recall 0.2188 | consensus_recall 1.0000 | threshold 0.675
Epoch 10/30 | train_loss 1.1284 | union_precision 1.0000 | weighted_recall 0.2188 | consensus_recall 1.0000 | threshold 0.675
Epoch 11/30 | train_loss 1.1159 | union_precision 1.0000 | weighted_recall 0.2188 | consensus_recall 1.0000 | threshold 0.700
Early stopping at epoch 11
Held-out M30-2 | union_precision=1.0000 | weighted_recall=0.2188 | consensus_recall=1.0000
  oracle_stage_macro_f1=0.3671 | end_to_end_stage_macro_f1=0.0556
  end_to_end_stage_class_f1=low:0.0000,mid:0.1667,high:0.0000
Epoch 1/30 | train_loss 1.5809 | union_precision 1.0000 | weighted_recall 0.0146 | consensus_recall 0.0000 | threshold 0.675
Epoch 2/30 | train_loss 1.4237 | union_precision 1.0000 | weighted_recall 0.0146 | consensus_recall 0.0000 | threshold 0.675
Epoch 3/30 | train_loss 1.3374 | union_precision 1.0000 | weighted_recall 0.0073 | consensus_recall 0.0000 | threshold 0.700
Epoch 4/30 | train_loss 1.2848 | union_precision 0.9524 | weighted_recall 0.2378 | consensus_recall 0.5000 | threshold 0.600
Epoch 5/30 | train_loss 1.2466 | union_precision 0.9545 | weighted_recall 0.2366 | consensus_recall 0.5000 | threshold 0.600
Epoch 6/30 | train_loss 1.2067 | union_precision 0.9565 | weighted_recall 0.2402 | consensus_recall 0.5000 | threshold 0.600
Epoch 7/30 | train_loss 1.1758 | union_precision 0.9565 | weighted_recall 0.2659 | consensus_recall 0.5000 | threshold 0.600
Epoch 8/30 | train_loss 1.1636 | union_precision 0.9565 | weighted_recall 0.2659 | consensus_recall 0.5000 | threshold 0.600
Epoch 9/30 | train_loss 1.1468 | union_precision 0.9565 | weighted_recall 0.2549 | consensus_recall 0.5000 | threshold 0.625
Epoch 10/30 | train_loss 1.1269 | union_precision 0.9565 | weighted_recall 0.2537 | consensus_recall 0.5000 | threshold 0.650
Epoch 11/30 | train_loss 1.1122 | union_precision 1.0000 | weighted_recall 0.2537 | consensus_recall 0.5000 | threshold 0.675
Epoch 12/30 | train_loss 1.0973 | union_precision 0.9615 | weighted_recall 0.3073 | consensus_recall 0.6667 | threshold 0.625
Epoch 13/30 | train_loss 1.0760 | union_precision 0.9643 | weighted_recall 0.3390 | consensus_recall 0.6667 | threshold 0.625
Epoch 14/30 | train_loss 1.0728 | union_precision 0.9655 | weighted_recall 0.3439 | consensus_recall 0.6667 | threshold 0.625
Epoch 15/30 | train_loss 1.0682 | union_precision 0.9667 | weighted_recall 0.3476 | consensus_recall 0.6667 | threshold 0.625
Epoch 16/30 | train_loss 1.0456 | union_precision 0.9655 | weighted_recall 0.3439 | consensus_recall 0.6667 | threshold 0.650
Epoch 17/30 | train_loss 1.0437 | union_precision 0.9667 | weighted_recall 0.3476 | consensus_recall 0.6667 | threshold 0.650
Epoch 18/30 | train_loss 1.0340 | union_precision 0.9655 | weighted_recall 0.3524 | consensus_recall 0.6667 | threshold 0.650
Epoch 19/30 | train_loss 1.0242 | union_precision 0.9655 | weighted_recall 0.3524 | consensus_recall 0.6667 | threshold 0.650
Epoch 20/30 | train_loss 1.0217 | union_precision 0.9600 | weighted_recall 0.3305 | consensus_recall 0.6667 | threshold 0.675
Early stopping at epoch 20
Held-out M30-3 | union_precision=0.9667 | weighted_recall=0.3476 | consensus_recall=0.6667
  oracle_stage_macro_f1=0.1952 | end_to_end_stage_macro_f1=0.0537
  end_to_end_stage_class_f1=low:0.0435,mid:0.0000,high:0.1176
Epoch 1/30 | train_loss 1.5791 | union_precision 1.0000 | weighted_recall 0.0061 | consensus_recall 0.0000 | threshold 0.725
Epoch 2/30 | train_loss 1.4196 | union_precision 1.0000 | weighted_recall 0.0081 | consensus_recall 0.0000 | threshold 0.700
Epoch 3/30 | train_loss 1.3393 | union_precision 1.0000 | weighted_recall 0.0101 | consensus_recall 0.0000 | threshold 0.675
Epoch 4/30 | train_loss 1.2855 | union_precision 1.0000 | weighted_recall 0.0313 | consensus_recall 0.0000 | threshold 0.675
Epoch 5/30 | train_loss 1.2478 | union_precision 1.0000 | weighted_recall 0.0525 | consensus_recall 0.0000 | threshold 0.650
Epoch 6/30 | train_loss 1.2069 | union_precision 1.0000 | weighted_recall 0.0464 | consensus_recall 0.0000 | threshold 0.675
Epoch 7/30 | train_loss 1.1766 | union_precision 1.0000 | weighted_recall 0.0303 | consensus_recall 0.0000 | threshold 0.675
Epoch 8/30 | train_loss 1.1664 | union_precision 1.0000 | weighted_recall 0.0303 | consensus_recall 0.0000 | threshold 0.675
Epoch 9/30 | train_loss 1.1503 | union_precision 1.0000 | weighted_recall 0.0333 | consensus_recall 0.0000 | threshold 0.700
Epoch 10/30 | train_loss 1.1276 | union_precision 0.9500 | weighted_recall 0.2240 | consensus_recall 0.2857 | threshold 0.625
Epoch 11/30 | train_loss 1.1118 | union_precision 1.0000 | weighted_recall 0.1796 | consensus_recall 0.2857 | threshold 0.700
Epoch 12/30 | train_loss 1.0982 | union_precision 1.0000 | weighted_recall 0.1806 | consensus_recall 0.2857 | threshold 0.700
Epoch 13/30 | train_loss 1.0761 | union_precision 1.0000 | weighted_recall 0.1917 | consensus_recall 0.2857 | threshold 0.700
Epoch 14/30 | train_loss 1.0769 | union_precision 1.0000 | weighted_recall 0.1806 | consensus_recall 0.2857 | threshold 0.725
Epoch 15/30 | train_loss 1.0707 | union_precision 1.0000 | weighted_recall 0.1806 | consensus_recall 0.2857 | threshold 0.725
Early stopping at epoch 15
Held-out M30-4 | union_precision=0.9500 | weighted_recall=0.2240 | consensus_recall=0.2857
  oracle_stage_macro_f1=0.3730 | end_to_end_stage_macro_f1=0.1292
  end_to_end_stage_class_f1=low:0.0494,mid:0.0656,high:0.2727
Epoch 1/30 | train_loss 1.5718 | union_precision 1.0000 | weighted_recall 0.0507 | consensus_recall 0.0000 | threshold 0.625
Epoch 2/30 | train_loss 1.4172 | union_precision 1.0000 | weighted_recall 0.0372 | consensus_recall 0.0000 | threshold 0.650
Epoch 3/30 | train_loss 1.3337 | union_precision 1.0000 | weighted_recall 0.0372 | consensus_recall 0.0000 | threshold 0.675
Epoch 4/30 | train_loss 1.2835 | union_precision 1.0000 | weighted_recall 0.0304 | consensus_recall 0.0000 | threshold 0.700
Epoch 5/30 | train_loss 1.2423 | union_precision 1.0000 | weighted_recall 0.0068 | consensus_recall 0.0000 | threshold 0.700
Epoch 6/30 | train_loss 1.2052 | union_precision 1.0000 | weighted_recall 0.0068 | consensus_recall 0.0000 | threshold 0.700
Early stopping at epoch 6
Held-out M33-1 | union_precision=1.0000 | weighted_recall=0.0507 | consensus_recall=0.0000
  oracle_stage_macro_f1=0.3326 | end_to_end_stage_macro_f1=0.0889
  end_to_end_stage_class_f1=low:0.2000,mid:0.0667,high:0.0000
Epoch 1/30 | train_loss 1.5731 | union_precision 0.7857 | weighted_recall 0.0371 | consensus_recall 0.0000 | threshold 0.575
Epoch 2/30 | train_loss 1.4196 | union_precision 1.0000 | weighted_recall 0.0069 | consensus_recall 0.0000 | threshold 0.650
Epoch 3/30 | train_loss 1.3410 | union_precision 1.0000 | weighted_recall 0.0052 | consensus_recall 0.0000 | threshold 0.675
Epoch 4/30 | train_loss 1.2845 | union_precision 1.0000 | weighted_recall 0.0009 | consensus_recall 0.0000 | threshold 0.700
Epoch 5/30 | train_loss 1.2471 | union_precision 1.0000 | weighted_recall 0.0009 | consensus_recall 0.0000 | threshold 0.700
Epoch 6/30 | train_loss 1.2108 | union_precision 1.0000 | weighted_recall 0.0009 | consensus_recall 0.0000 | threshold 0.700
Epoch 7/30 | train_loss 1.1802 | union_precision 1.0000 | weighted_recall 0.0009 | consensus_recall 0.0000 | threshold 0.700
Early stopping at epoch 7
Held-out M33-2 | union_precision=1.0000 | weighted_recall=0.0069 | consensus_recall=0.0000
  oracle_stage_macro_f1=0.2375 | end_to_end_stage_macro_f1=0.0190
  end_to_end_stage_class_f1=low:0.0000,mid:0.0571,high:0.0000
Epoch 1/30 | train_loss 1.5686 | union_precision 0.4667 | weighted_recall 0.1244 | consensus_recall 0.5000 | threshold 0.525
Epoch 2/30 | train_loss 1.4186 | union_precision 0.3571 | weighted_recall 0.0691 | consensus_recall 0.5000 | threshold 0.525
Epoch 3/30 | train_loss 1.3390 | union_precision 0.4545 | weighted_recall 0.0691 | consensus_recall 0.5000 | threshold 0.550
Epoch 4/30 | train_loss 1.2821 | union_precision 0.5385 | weighted_recall 0.1613 | consensus_recall 0.5000 | threshold 0.550
Epoch 5/30 | train_loss 1.2444 | union_precision 0.5455 | weighted_recall 0.2442 | consensus_recall 0.5000 | threshold 0.475
Epoch 6/30 | train_loss 1.2084 | union_precision 0.7143 | weighted_recall 0.3410 | consensus_recall 1.0000 | threshold 0.575
Epoch 7/30 | train_loss 1.1789 | union_precision 1.0000 | weighted_recall 0.0461 | consensus_recall 0.0000 | threshold 0.675
Epoch 8/30 | train_loss 1.1690 | union_precision 1.0000 | weighted_recall 0.0461 | consensus_recall 0.0000 | threshold 0.700
Epoch 9/30 | train_loss 1.1491 | union_precision 1.0000 | weighted_recall 0.0461 | consensus_recall 0.0000 | threshold 0.700
Epoch 10/30 | train_loss 1.1279 | union_precision 1.0000 | weighted_recall 0.0461 | consensus_recall 0.0000 | threshold 0.725
Epoch 11/30 | train_loss 1.1111 | union_precision 1.0000 | weighted_recall 0.0461 | consensus_recall 0.0000 | threshold 0.750
Epoch 12/30 | train_loss 1.0988 | union_precision 1.0000 | weighted_recall 0.0461 | consensus_recall 0.0000 | threshold 0.750
Early stopping at epoch 12
Held-out M33-3 | union_precision=1.0000 | weighted_recall=0.0461 | consensus_recall=0.0000
  oracle_stage_macro_f1=0.3314 | end_to_end_stage_macro_f1=0.0238
  end_to_end_stage_class_f1=low:0.0000,mid:0.0714,high:0.0000
Epoch 1/30 | train_loss 1.5950 | union_precision 0.8571 | weighted_recall 0.0170 | consensus_recall 0.0000 | threshold 0.675
Epoch 2/30 | train_loss 1.4185 | union_precision 0.8750 | weighted_recall 0.0175 | consensus_recall 0.0000 | threshold 0.675
Epoch 3/30 | train_loss 1.3241 | union_precision 1.0000 | weighted_recall 0.0010 | consensus_recall 0.0000 | threshold 0.725
Epoch 4/30 | train_loss 1.2811 | union_precision 1.0000 | weighted_recall 0.0100 | consensus_recall 0.0000 | threshold 0.725
Epoch 5/30 | train_loss 1.2358 | union_precision 1.0000 | weighted_recall 0.0100 | consensus_recall 0.0000 | threshold 0.725
Epoch 6/30 | train_loss 1.1993 | union_precision 1.0000 | weighted_recall 0.0209 | consensus_recall 0.0000 | threshold 0.700
Epoch 7/30 | train_loss 1.1866 | union_precision 1.0000 | weighted_recall 0.0499 | consensus_recall 0.1429 | threshold 0.700
Epoch 8/30 | train_loss 1.1611 | union_precision 1.0000 | weighted_recall 0.0833 | consensus_recall 0.5714 | threshold 0.675
Epoch 9/30 | train_loss 1.1442 | union_precision 0.9524 | weighted_recall 0.2140 | consensus_recall 0.7143 | threshold 0.525
Epoch 10/30 | train_loss 1.1227 | union_precision 0.9508 | weighted_recall 0.2324 | consensus_recall 0.8571 | threshold 0.525
Epoch 11/30 | train_loss 1.1149 | union_precision 0.9500 | weighted_recall 0.2354 | consensus_recall 0.8571 | threshold 0.525
Epoch 12/30 | train_loss 1.1006 | union_precision 0.9767 | weighted_recall 0.2170 | consensus_recall 0.8571 | threshold 0.650
Epoch 13/30 | train_loss 1.0823 | union_precision 0.9556 | weighted_recall 0.2175 | consensus_recall 0.8571 | threshold 0.650
Epoch 14/30 | train_loss 1.0666 | union_precision 0.9783 | weighted_recall 0.2344 | consensus_recall 0.8571 | threshold 0.650
Early stopping at epoch 14
Held-out M33-4 | union_precision=0.9524 | weighted_recall=0.2140 | consensus_recall=0.7143
  oracle_stage_macro_f1=0.3193 | end_to_end_stage_macro_f1=0.1197
  end_to_end_stage_class_f1=low:0.1448,mid:0.1654,high:0.0488
Epoch 1/30 | train_loss 1.5771 | union_precision 0.6735 | weighted_recall 0.1461 | consensus_recall 0.6667 | threshold 0.450
Epoch 2/30 | train_loss 1.4154 | union_precision 0.6471 | weighted_recall 0.1590 | consensus_recall 0.6667 | threshold 0.475
Epoch 3/30 | train_loss 1.3438 | union_precision 0.6604 | weighted_recall 0.2063 | consensus_recall 0.6667 | threshold 0.475
Epoch 4/30 | train_loss 1.2767 | union_precision 0.6667 | weighted_recall 0.2249 | consensus_recall 0.6667 | threshold 0.450
Epoch 5/30 | train_loss 1.2397 | union_precision 0.6379 | weighted_recall 0.2278 | consensus_recall 0.8333 | threshold 0.050
Epoch 6/30 | train_loss 1.2055 | union_precision 0.6410 | weighted_recall 0.2077 | consensus_recall 0.8333 | threshold 0.525
Early stopping at epoch 6
Held-out M41-1 | union_precision=0.6735 | weighted_recall=0.1461 | consensus_recall=0.6667
  oracle_stage_macro_f1=0.3693 | end_to_end_stage_macro_f1=0.1749
  end_to_end_stage_class_f1=low:0.2549,mid:0.1408,high:0.1290
Epoch 1/30 | train_loss 1.5717 | union_precision 0.8000 | weighted_recall 0.0530 | consensus_recall 0.0000 | threshold 0.600
Epoch 2/30 | train_loss 1.4128 | union_precision 0.8000 | weighted_recall 0.2449 | consensus_recall 1.0000 | threshold 0.050
Epoch 3/30 | train_loss 1.3415 | union_precision 0.8000 | weighted_recall 0.2449 | consensus_recall 1.0000 | threshold 0.050
Epoch 4/30 | train_loss 1.2743 | union_precision 0.8000 | weighted_recall 0.2146 | consensus_recall 1.0000 | threshold 0.050
Epoch 5/30 | train_loss 1.2406 | union_precision 0.7917 | weighted_recall 0.2071 | consensus_recall 1.0000 | threshold 0.475
Epoch 6/30 | train_loss 1.2074 | union_precision 0.8000 | weighted_recall 0.0808 | consensus_recall 0.0000 | threshold 0.600
Epoch 7/30 | train_loss 1.1782 | union_precision 1.0000 | weighted_recall 0.0808 | consensus_recall 0.0000 | threshold 0.600
Epoch 8/30 | train_loss 1.1664 | union_precision 1.0000 | weighted_recall 0.0354 | consensus_recall 0.0000 | threshold 0.625
Epoch 9/30 | train_loss 1.1449 | union_precision 1.0000 | weighted_recall 0.0354 | consensus_recall 0.0000 | threshold 0.650
Epoch 10/30 | train_loss 1.1227 | union_precision 1.0000 | weighted_recall 0.0379 | consensus_recall 0.0000 | threshold 0.650
Epoch 11/30 | train_loss 1.1101 | union_precision 1.0000 | weighted_recall 0.0354 | consensus_recall 0.0000 | threshold 0.675
Epoch 12/30 | train_loss 1.0951 | union_precision 1.0000 | weighted_recall 0.0404 | consensus_recall 0.0000 | threshold 0.675
Early stopping at epoch 12
Held-out M41-2 | union_precision=1.0000 | weighted_recall=0.0808 | consensus_recall=0.0000
  oracle_stage_macro_f1=0.2913 | end_to_end_stage_macro_f1=0.0314
  end_to_end_stage_class_f1=low:0.0370,mid:0.0571,high:0.0000
Epoch 1/30 | train_loss 1.5742 | union_precision 1.0000 | weighted_recall 0.0716 | consensus_recall 0.0000 | threshold 0.650
Epoch 2/30 | train_loss 1.4155 | union_precision 0.9333 | weighted_recall 0.1686 | consensus_recall 0.0000 | threshold 0.625
Epoch 3/30 | train_loss 1.3411 | union_precision 0.9444 | weighted_recall 0.1894 | consensus_recall 0.0000 | threshold 0.600
Epoch 4/30 | train_loss 1.2725 | union_precision 0.9444 | weighted_recall 0.1894 | consensus_recall 0.0000 | threshold 0.600
Epoch 5/30 | train_loss 1.2408 | union_precision 1.0000 | weighted_recall 0.0277 | consensus_recall 0.0000 | threshold 0.700
Epoch 6/30 | train_loss 1.2074 | union_precision 1.0000 | weighted_recall 0.0785 | consensus_recall 0.0000 | threshold 0.700
Early stopping at epoch 6
Held-out M41-3 | union_precision=1.0000 | weighted_recall=0.0716 | consensus_recall=0.0000
  oracle_stage_macro_f1=0.3276 | end_to_end_stage_macro_f1=0.1341
  end_to_end_stage_class_f1=low:0.0000,mid:0.0690,high:0.3333
Epoch 1/30 | train_loss 1.5768 | union_precision 0.7895 | weighted_recall 0.2950 | consensus_recall 0.6250 | threshold 0.525
Epoch 2/30 | train_loss 1.4190 | union_precision 0.8571 | weighted_recall 0.1799 | consensus_recall 0.3750 | threshold 0.600
Epoch 3/30 | train_loss 1.3464 | union_precision 0.9412 | weighted_recall 0.3621 | consensus_recall 0.8750 | threshold 0.550
Epoch 4/30 | train_loss 1.2752 | union_precision 1.0000 | weighted_recall 0.0480 | consensus_recall 0.1250 | threshold 0.650
Epoch 5/30 | train_loss 1.2436 | union_precision 1.0000 | weighted_recall 0.0576 | consensus_recall 0.1250 | threshold 0.650
Epoch 6/30 | train_loss 1.2100 | union_precision 1.0000 | weighted_recall 0.0624 | consensus_recall 0.1250 | threshold 0.650
Epoch 7/30 | train_loss 1.1810 | union_precision 1.0000 | weighted_recall 0.1175 | consensus_recall 0.3750 | threshold 0.625
Epoch 8/30 | train_loss 1.1687 | union_precision 1.0000 | weighted_recall 0.1151 | consensus_recall 0.3750 | threshold 0.650
Epoch 9/30 | train_loss 1.1481 | union_precision 1.0000 | weighted_recall 0.1151 | consensus_recall 0.3750 | threshold 0.675
Epoch 10/30 | train_loss 1.1246 | union_precision 1.0000 | weighted_recall 0.1151 | consensus_recall 0.3750 | threshold 0.700
Epoch 11/30 | train_loss 1.1138 | union_precision 1.0000 | weighted_recall 0.1151 | consensus_recall 0.3750 | threshold 0.700
Epoch 12/30 | train_loss 1.0979 | union_precision 1.0000 | weighted_recall 0.1151 | consensus_recall 0.3750 | threshold 0.725
Early stopping at epoch 12
Held-out M41-4 | union_precision=1.0000 | weighted_recall=0.1175 | consensus_recall=0.3750
  oracle_stage_macro_f1=0.3561 | end_to_end_stage_macro_f1=0.0758
  end_to_end_stage_class_f1=low:0.0000,mid:0.2273,high:0.0000
Epoch 1/30 | train_loss 1.5767 | union_precision 0.7143 | weighted_recall 0.0847 | consensus_recall 0.1250 | threshold 0.600
Epoch 2/30 | train_loss 1.4205 | union_precision 1.0000 | weighted_recall 0.0198 | consensus_recall 0.0000 | threshold 0.725
Epoch 3/30 | train_loss 1.3422 | union_precision 1.0000 | weighted_recall 0.0282 | consensus_recall 0.1250 | threshold 0.725
Epoch 4/30 | train_loss 1.2727 | union_precision 1.0000 | weighted_recall 0.0424 | consensus_recall 0.1250 | threshold 0.725
Epoch 5/30 | train_loss 1.2422 | union_precision 1.0000 | weighted_recall 0.0424 | consensus_recall 0.1250 | threshold 0.725
Epoch 6/30 | train_loss 1.2073 | union_precision 1.0000 | weighted_recall 0.0424 | consensus_recall 0.1250 | threshold 0.725
Epoch 7/30 | train_loss 1.1782 | union_precision 0.7500 | weighted_recall 0.0424 | consensus_recall 0.1250 | threshold 0.675
Epoch 8/30 | train_loss 1.1658 | union_precision 0.7500 | weighted_recall 0.0424 | consensus_recall 0.1250 | threshold 0.700
Epoch 9/30 | train_loss 1.1474 | union_precision 0.7500 | weighted_recall 0.0424 | consensus_recall 0.1250 | threshold 0.700
Early stopping at epoch 9
Held-out M50-1 | union_precision=1.0000 | weighted_recall=0.0424 | consensus_recall=0.1250
  oracle_stage_macro_f1=0.2772 | end_to_end_stage_macro_f1=0.0392
  end_to_end_stage_class_f1=low:0.0000,mid:0.1176,high:0.0000
Epoch 1/30 | train_loss 1.5776 | union_precision 0.8095 | weighted_recall 0.0825 | consensus_recall 0.4000 | threshold 0.600
Epoch 2/30 | train_loss 1.4189 | union_precision 0.8571 | weighted_recall 0.0283 | consensus_recall 0.0000 | threshold 0.625
Epoch 3/30 | train_loss 1.3434 | union_precision 0.8750 | weighted_recall 0.0342 | consensus_recall 0.2000 | threshold 0.625
Epoch 4/30 | train_loss 1.2708 | union_precision 0.8750 | weighted_recall 0.0448 | consensus_recall 0.2000 | threshold 0.625
Epoch 5/30 | train_loss 1.2389 | union_precision 0.8750 | weighted_recall 0.0448 | consensus_recall 0.2000 | threshold 0.625
Epoch 6/30 | train_loss 1.2051 | union_precision 0.8571 | weighted_recall 0.0283 | consensus_recall 0.2000 | threshold 0.650
Epoch 7/30 | train_loss 1.1786 | union_precision 0.8571 | weighted_recall 0.0377 | consensus_recall 0.2000 | threshold 0.650
Epoch 8/30 | train_loss 1.1679 | union_precision 1.0000 | weighted_recall 0.0118 | consensus_recall 0.0000 | threshold 0.700
Epoch 9/30 | train_loss 1.1485 | union_precision 1.0000 | weighted_recall 0.0295 | consensus_recall 0.2000 | threshold 0.675
Epoch 10/30 | train_loss 1.1235 | union_precision 1.0000 | weighted_recall 0.0283 | consensus_recall 0.2000 | threshold 0.675
Epoch 11/30 | train_loss 1.1120 | union_precision 0.9500 | weighted_recall 0.1875 | consensus_recall 0.4000 | threshold 0.575
Epoch 12/30 | train_loss 1.0942 | union_precision 0.9545 | weighted_recall 0.1745 | consensus_recall 0.4000 | threshold 0.575
Epoch 13/30 | train_loss 1.0738 | union_precision 0.9500 | weighted_recall 0.1722 | consensus_recall 0.4000 | threshold 0.600
Epoch 14/30 | train_loss 1.0761 | union_precision 0.9524 | weighted_recall 0.1722 | consensus_recall 0.2000 | threshold 0.600
Epoch 15/30 | train_loss 1.0659 | union_precision 1.0000 | weighted_recall 0.0767 | consensus_recall 0.2000 | threshold 0.650
Epoch 16/30 | train_loss 1.0465 | union_precision 0.9500 | weighted_recall 0.1474 | consensus_recall 0.2000 | threshold 0.625
Epoch 17/30 | train_loss 1.0425 | union_precision 0.9524 | weighted_recall 0.1498 | consensus_recall 0.2000 | threshold 0.625
Early stopping at epoch 17
Held-out M50-2 | union_precision=0.9545 | weighted_recall=0.1745 | consensus_recall=0.4000
  oracle_stage_macro_f1=0.2861 | end_to_end_stage_macro_f1=0.1162
  end_to_end_stage_class_f1=low:0.0750,mid:0.1558,high:0.1176
Epoch 1/30 | train_loss 1.5832 | union_precision 1.0000 | weighted_recall 0.0116 | consensus_recall 0.0714 | threshold 0.700
Epoch 2/30 | train_loss 1.4154 | union_precision 1.0000 | weighted_recall 0.0153 | consensus_recall 0.0714 | threshold 0.700
Epoch 3/30 | train_loss 1.3532 | union_precision 1.0000 | weighted_recall 0.0363 | consensus_recall 0.1429 | threshold 0.725
Epoch 4/30 | train_loss 1.2764 | union_precision 1.0000 | weighted_recall 0.0391 | consensus_recall 0.1429 | threshold 0.725
Epoch 5/30 | train_loss 1.2443 | union_precision 1.0000 | weighted_recall 0.0544 | consensus_recall 0.1429 | threshold 0.725
Epoch 6/30 | train_loss 1.2094 | union_precision 1.0000 | weighted_recall 0.1134 | consensus_recall 0.1429 | threshold 0.700
Epoch 7/30 | train_loss 1.1822 | union_precision 1.0000 | weighted_recall 0.1311 | consensus_recall 0.2143 | threshold 0.700
Epoch 8/30 | train_loss 1.1718 | union_precision 1.0000 | weighted_recall 0.1590 | consensus_recall 0.4286 | threshold 0.700
Epoch 9/30 | train_loss 1.1527 | union_precision 1.0000 | weighted_recall 0.1265 | consensus_recall 0.2857 | threshold 0.725
Epoch 10/30 | train_loss 1.1284 | union_precision 1.0000 | weighted_recall 0.1339 | consensus_recall 0.4286 | threshold 0.725
Epoch 11/30 | train_loss 1.1169 | union_precision 0.9697 | weighted_recall 0.2190 | consensus_recall 0.5714 | threshold 0.700
Epoch 12/30 | train_loss 1.0989 | union_precision 0.9697 | weighted_recall 0.2329 | consensus_recall 0.5714 | threshold 0.700
Epoch 13/30 | train_loss 1.0779 | union_precision 0.9500 | weighted_recall 0.2664 | consensus_recall 0.6429 | threshold 0.675
Epoch 14/30 | train_loss 1.0809 | union_precision 0.9756 | weighted_recall 0.3087 | consensus_recall 0.7857 | threshold 0.675
Epoch 15/30 | train_loss 1.0689 | union_precision 0.9608 | weighted_recall 0.3594 | consensus_recall 1.0000 | threshold 0.650
Epoch 16/30 | train_loss 1.0541 | union_precision 0.9643 | weighted_recall 0.3826 | consensus_recall 1.0000 | threshold 0.625
Epoch 17/30 | train_loss 1.0469 | union_precision 0.9643 | weighted_recall 0.4245 | consensus_recall 1.0000 | threshold 0.625
Epoch 18/30 | train_loss 1.0345 | union_precision 0.9608 | weighted_recall 0.4184 | consensus_recall 1.0000 | threshold 0.650
Epoch 19/30 | train_loss 1.0262 | union_precision 0.9592 | weighted_recall 0.4138 | consensus_recall 0.9286 | threshold 0.650
Epoch 20/30 | train_loss 1.0296 | union_precision 0.9592 | weighted_recall 0.4156 | consensus_recall 0.9286 | threshold 0.650
Epoch 21/30 | train_loss 1.0165 | union_precision 0.9592 | weighted_recall 0.4156 | consensus_recall 0.9286 | threshold 0.650
Epoch 22/30 | train_loss 1.0087 | union_precision 0.9535 | weighted_recall 0.3803 | consensus_recall 0.8571 | threshold 0.675
Early stopping at epoch 22
Held-out M50-3 | union_precision=0.9643 | weighted_recall=0.4245 | consensus_recall=1.0000
  oracle_stage_macro_f1=0.3682 | end_to_end_stage_macro_f1=0.1914
  end_to_end_stage_class_f1=low:0.1410,mid:0.2157,high:0.2174
Epoch 1/30 | train_loss 1.5759 | union_precision 0.6667 | weighted_recall 0.0118 | consensus_recall 0.2500 | threshold 0.625
Epoch 2/30 | train_loss 1.4168 | union_precision 1.0000 | weighted_recall 0.0010 | consensus_recall 0.1250 | threshold 0.650
Epoch 3/30 | train_loss 1.3441 | union_precision 1.0000 | weighted_recall 0.0010 | consensus_recall 0.1250 | threshold 0.675
Epoch 4/30 | train_loss 1.2705 | union_precision 1.0000 | weighted_recall 0.0010 | consensus_recall 0.1250 | threshold 0.675
Epoch 5/30 | train_loss 1.2363 | union_precision 1.0000 | weighted_recall 0.0010 | consensus_recall 0.1250 | threshold 0.675
Epoch 6/30 | train_loss 1.2012 | union_precision 0.6667 | weighted_recall 0.0473 | consensus_recall 0.5000 | threshold 0.625
Epoch 7/30 | train_loss 1.1746 | union_precision 0.6667 | weighted_recall 0.0256 | consensus_recall 0.2500 | threshold 0.675
Early stopping at epoch 7
Held-out M56-1 | union_precision=1.0000 | weighted_recall=0.0010 | consensus_recall=0.1250
  oracle_stage_macro_f1=0.3244 | end_to_end_stage_macro_f1=0.0370
  end_to_end_stage_class_f1=low:0.0000,mid:0.0000,high:0.1111
Epoch 1/30 | train_loss 1.5677 | union_precision 0.6552 | weighted_recall 0.1594 | consensus_recall 0.4286 | threshold 0.475
Epoch 2/30 | train_loss 1.4111 | union_precision 0.6429 | weighted_recall 0.1645 | consensus_recall 0.4286 | threshold 0.525
Epoch 3/30 | train_loss 1.3400 | union_precision 0.6154 | weighted_recall 0.1633 | consensus_recall 0.2857 | threshold 0.050
Epoch 4/30 | train_loss 1.2677 | union_precision 0.5806 | weighted_recall 0.1148 | consensus_recall 0.1429 | threshold 0.525
Epoch 5/30 | train_loss 1.2331 | union_precision 0.5714 | weighted_recall 0.1492 | consensus_recall 0.2857 | threshold 0.450
Epoch 6/30 | train_loss 1.2000 | union_precision 0.6000 | weighted_recall 0.1518 | consensus_recall 0.2857 | threshold 0.450
Early stopping at epoch 6
Held-out M56-2 | union_precision=0.6552 | weighted_recall=0.1594 | consensus_recall=0.4286
  oracle_stage_macro_f1=0.3164 | end_to_end_stage_macro_f1=0.1136
  end_to_end_stage_class_f1=low:0.0312,mid:0.1356,high:0.1739
Epoch 1/30 | train_loss 1.5761 | union_precision 0.9600 | weighted_recall 0.0908 | consensus_recall 0.4000 | threshold 0.650
Epoch 2/30 | train_loss 1.4173 | union_precision 0.9524 | weighted_recall 0.0931 | consensus_recall 0.4000 | threshold 0.650
Epoch 3/30 | train_loss 1.3483 | union_precision 0.9655 | weighted_recall 0.1286 | consensus_recall 0.5000 | threshold 0.650
Epoch 4/30 | train_loss 1.2733 | union_precision 0.9500 | weighted_recall 0.0978 | consensus_recall 0.4000 | threshold 0.675
Epoch 5/30 | train_loss 1.2391 | union_precision 0.9565 | weighted_recall 0.1065 | consensus_recall 0.4000 | threshold 0.675
Epoch 6/30 | train_loss 1.2075 | union_precision 0.9565 | weighted_recall 0.1153 | consensus_recall 0.4000 | threshold 0.675
Epoch 7/30 | train_loss 1.1832 | union_precision 0.9643 | weighted_recall 0.1519 | consensus_recall 0.5000 | threshold 0.650
Epoch 8/30 | train_loss 1.1727 | union_precision 0.9600 | weighted_recall 0.1374 | consensus_recall 0.5000 | threshold 0.675
Early stopping at epoch 8
Held-out M56-3 | union_precision=0.9655 | weighted_recall=0.1286 | consensus_recall=0.5000
  oracle_stage_macro_f1=0.2322 | end_to_end_stage_macro_f1=0.0253
  end_to_end_stage_class_f1=low:0.0214,mid:0.0545,high:0.0000
Epoch 1/30 | train_loss 1.5741 | union_precision 1.0000 | weighted_recall 0.0063 | consensus_recall 0.0000 | threshold 0.725
Epoch 2/30 | train_loss 1.4171 | union_precision 1.0000 | weighted_recall 0.0063 | consensus_recall 0.0000 | threshold 0.725
Epoch 3/30 | train_loss 1.3443 | union_precision 1.0000 | weighted_recall 0.0063 | consensus_recall 0.0000 | threshold 0.700
Epoch 4/30 | train_loss 1.2672 | union_precision 1.0000 | weighted_recall 0.0063 | consensus_recall 0.0000 | threshold 0.675
Epoch 5/30 | train_loss 1.2337 | union_precision 1.0000 | weighted_recall 0.0152 | consensus_recall 0.0000 | threshold 0.650
Epoch 6/30 | train_loss 1.1989 | union_precision 1.0000 | weighted_recall 0.0139 | consensus_recall 0.0000 | threshold 0.650
Epoch 7/30 | train_loss 1.1759 | union_precision 1.0000 | weighted_recall 0.0139 | consensus_recall 0.0000 | threshold 0.650
Epoch 8/30 | train_loss 1.1642 | union_precision 1.0000 | weighted_recall 0.0152 | consensus_recall 0.0000 | threshold 0.650
Epoch 9/30 | train_loss 1.1389 | union_precision 1.0000 | weighted_recall 0.0152 | consensus_recall 0.0000 | threshold 0.650
Epoch 10/30 | train_loss 1.1186 | union_precision 1.0000 | weighted_recall 0.0152 | consensus_recall 0.0000 | threshold 0.675
Early stopping at epoch 10
Held-out M59-1 | union_precision=1.0000 | weighted_recall=0.0152 | consensus_recall=0.0000
  oracle_stage_macro_f1=0.3245 | end_to_end_stage_macro_f1=0.0000
  end_to_end_stage_class_f1=low:0.0000,mid:0.0000,high:0.0000
Epoch 1/30 | train_loss 1.5725 | union_precision 0.8571 | weighted_recall 0.1552 | consensus_recall 0.5000 | threshold 0.575
Epoch 2/30 | train_loss 1.4182 | union_precision 0.8500 | weighted_recall 0.1865 | consensus_recall 0.6667 | threshold 0.575
Epoch 3/30 | train_loss 1.3508 | union_precision 0.8500 | weighted_recall 0.1865 | consensus_recall 0.6667 | threshold 0.575
Epoch 4/30 | train_loss 1.2697 | union_precision 0.8750 | weighted_recall 0.1573 | consensus_recall 0.5000 | threshold 0.600
Epoch 5/30 | train_loss 1.2379 | union_precision 1.0000 | weighted_recall 0.0292 | consensus_recall 0.0000 | threshold 0.725
Epoch 6/30 | train_loss 1.2014 | union_precision 1.0000 | weighted_recall 0.0292 | consensus_recall 0.0000 | threshold 0.725
Epoch 7/30 | train_loss 1.1789 | union_precision 1.0000 | weighted_recall 0.0656 | consensus_recall 0.1667 | threshold 0.725
Epoch 8/30 | train_loss 1.1659 | union_precision 1.0000 | weighted_recall 0.0656 | consensus_recall 0.1667 | threshold 0.750
Epoch 9/30 | train_loss 1.1451 | union_precision 1.0000 | weighted_recall 0.0656 | consensus_recall 0.1667 | threshold 0.750
Epoch 10/30 | train_loss 1.1231 | union_precision 1.0000 | weighted_recall 0.0656 | consensus_recall 0.1667 | threshold 0.750
Epoch 11/30 | train_loss 1.1049 | union_precision 1.0000 | weighted_recall 0.0708 | consensus_recall 0.1667 | threshold 0.750
Epoch 12/30 | train_loss 1.0867 | union_precision 1.0000 | weighted_recall 0.0708 | consensus_recall 0.1667 | threshold 0.750
Epoch 13/30 | train_loss 1.0728 | union_precision 1.0000 | weighted_recall 0.0656 | consensus_recall 0.1667 | threshold 0.775
Epoch 14/30 | train_loss 1.0740 | union_precision 1.0000 | weighted_recall 0.0708 | consensus_recall 0.1667 | threshold 0.775
Epoch 15/30 | train_loss 1.0657 | union_precision 1.0000 | weighted_recall 0.0708 | consensus_recall 0.1667 | threshold 0.775
Epoch 16/30 | train_loss 1.0470 | union_precision 1.0000 | weighted_recall 0.0708 | consensus_recall 0.1667 | threshold 0.775
Early stopping at epoch 16
Held-out M59-2 | union_precision=1.0000 | weighted_recall=0.0708 | consensus_recall=0.1667
  oracle_stage_macro_f1=0.3696 | end_to_end_stage_macro_f1=0.0139
  end_to_end_stage_class_f1=low:0.0000,mid:0.0417,high:0.0000
Epoch 1/30 | train_loss 1.5731 | union_precision 0.9000 | weighted_recall 0.0630 | consensus_recall 0.1000 | threshold 0.600
Epoch 2/30 | train_loss 1.4206 | union_precision 0.8750 | weighted_recall 0.0597 | consensus_recall 0.1000 | threshold 0.625
Epoch 3/30 | train_loss 1.3507 | union_precision 0.8333 | weighted_recall 0.0556 | consensus_recall 0.1000 | threshold 0.650
Epoch 4/30 | train_loss 1.2720 | union_precision 1.0000 | weighted_recall 0.0106 | consensus_recall 0.1000 | threshold 0.700
Epoch 5/30 | train_loss 1.2374 | union_precision 1.0000 | weighted_recall 0.0295 | consensus_recall 0.1000 | threshold 0.700
Epoch 6/30 | train_loss 1.2024 | union_precision 1.0000 | weighted_recall 0.0295 | consensus_recall 0.1000 | threshold 0.725
Epoch 7/30 | train_loss 1.1822 | union_precision 1.0000 | weighted_recall 0.0295 | consensus_recall 0.1000 | threshold 0.725
Epoch 8/30 | train_loss 1.1673 | union_precision 1.0000 | weighted_recall 0.0295 | consensus_recall 0.1000 | threshold 0.750
Epoch 9/30 | train_loss 1.1439 | union_precision 1.0000 | weighted_recall 0.0295 | consensus_recall 0.1000 | threshold 0.775
Epoch 10/30 | train_loss 1.1233 | union_precision 1.0000 | weighted_recall 0.0295 | consensus_recall 0.1000 | threshold 0.775
Early stopping at epoch 10
Held-out M59-3 | union_precision=1.0000 | weighted_recall=0.0295 | consensus_recall=0.1000
  oracle_stage_macro_f1=0.4314 | end_to_end_stage_macro_f1=0.0000
  end_to_end_stage_class_f1=low:0.0000,mid:0.0000,high:0.0000
Epoch 1/30 | train_loss 1.5694 | union_precision 0.6364 | weighted_recall 0.1772 | consensus_recall 0.6667 | threshold 0.475
Epoch 2/30 | train_loss 1.4182 | union_precision 0.6923 | weighted_recall 0.2199 | consensus_recall 0.6667 | threshold 0.525
Epoch 3/30 | train_loss 1.3474 | union_precision 0.7200 | weighted_recall 0.1962 | consensus_recall 0.3333 | threshold 0.525
Epoch 4/30 | train_loss 1.2715 | union_precision 0.7500 | weighted_recall 0.2263 | consensus_recall 0.3333 | threshold 0.450
Epoch 5/30 | train_loss 1.2355 | union_precision 0.7500 | weighted_recall 0.2310 | consensus_recall 0.3333 | threshold 0.450
Epoch 6/30 | train_loss 1.2007 | union_precision 0.8108 | weighted_recall 0.2627 | consensus_recall 0.3333 | threshold 0.450
Epoch 7/30 | train_loss 1.1803 | union_precision 0.8571 | weighted_recall 0.0459 | consensus_recall 0.0000 | threshold 0.675
Epoch 8/30 | train_loss 1.1658 | union_precision 1.0000 | weighted_recall 0.0079 | consensus_recall 0.0000 | threshold 0.725
Epoch 9/30 | train_loss 1.1428 | union_precision 1.0000 | weighted_recall 0.0427 | consensus_recall 0.0000 | threshold 0.725
Epoch 10/30 | train_loss 1.1211 | union_precision 1.0000 | weighted_recall 0.0396 | consensus_recall 0.0000 | threshold 0.750
Epoch 11/30 | train_loss 1.1026 | union_precision 1.0000 | weighted_recall 0.0396 | consensus_recall 0.0000 | threshold 0.750
Epoch 12/30 | train_loss 1.0860 | union_precision 0.9524 | weighted_recall 0.1709 | consensus_recall 0.0000 | threshold 0.625
Epoch 13/30 | train_loss 1.0723 | union_precision 0.9524 | weighted_recall 0.1709 | consensus_recall 0.0000 | threshold 0.625
Epoch 14/30 | train_loss 1.0728 | union_precision 0.9545 | weighted_recall 0.1741 | consensus_recall 0.0000 | threshold 0.625
Epoch 15/30 | train_loss 1.0639 | union_precision 0.9583 | weighted_recall 0.1788 | consensus_recall 0.0000 | threshold 0.625
Epoch 16/30 | train_loss 1.0466 | union_precision 0.9600 | weighted_recall 0.1788 | consensus_recall 0.0000 | threshold 0.625
Epoch 17/30 | train_loss 1.0396 | union_precision 0.9630 | weighted_recall 0.1851 | consensus_recall 0.0000 | threshold 0.625
Epoch 18/30 | train_loss 1.0327 | union_precision 0.9643 | weighted_recall 0.1978 | consensus_recall 0.0000 | threshold 0.600
Epoch 19/30 | train_loss 1.0192 | union_precision 0.9655 | weighted_recall 0.2025 | consensus_recall 0.0000 | threshold 0.600
Epoch 20/30 | train_loss 1.0214 | union_precision 0.9630 | weighted_recall 0.2104 | consensus_recall 0.3333 | threshold 0.625
Epoch 21/30 | train_loss 1.0131 | union_precision 0.9630 | weighted_recall 0.2104 | consensus_recall 0.3333 | threshold 0.625
Epoch 22/30 | train_loss 1.0005 | union_precision 0.9643 | weighted_recall 0.1883 | consensus_recall 0.0000 | threshold 0.625
Epoch 23/30 | train_loss 0.9940 | union_precision 0.9615 | weighted_recall 0.1851 | consensus_recall 0.0000 | threshold 0.650
Epoch 24/30 | train_loss 0.9916 | union_precision 0.9630 | weighted_recall 0.1867 | consensus_recall 0.0000 | threshold 0.650
Early stopping at epoch 24
Held-out M63-1 | union_precision=0.9655 | weighted_recall=0.2025 | consensus_recall=0.0000
  oracle_stage_macro_f1=0.3418 | end_to_end_stage_macro_f1=0.0988
  end_to_end_stage_class_f1=low:0.0964,mid:0.2000,high:0.0000
Epoch 1/30 | train_loss 1.5688 | union_precision 1.0000 | weighted_recall 0.0496 | consensus_recall 0.2500 | threshold 0.650
Epoch 2/30 | train_loss 1.4189 | union_precision 1.0000 | weighted_recall 0.0496 | consensus_recall 0.2500 | threshold 0.700
Epoch 3/30 | train_loss 1.3494 | union_precision 1.0000 | weighted_recall 0.0496 | consensus_recall 0.2500 | threshold 0.700
Epoch 4/30 | train_loss 1.2741 | union_precision 1.0000 | weighted_recall 0.0496 | consensus_recall 0.2500 | threshold 0.700
Epoch 5/30 | train_loss 1.2372 | union_precision 1.0000 | weighted_recall 0.0496 | consensus_recall 0.2500 | threshold 0.700
Epoch 6/30 | train_loss 1.2029 | union_precision 1.0000 | weighted_recall 0.0496 | consensus_recall 0.2500 | threshold 0.700
Early stopping at epoch 6
Held-out M63-3 | union_precision=1.0000 | weighted_recall=0.0496 | consensus_recall=0.2500
  oracle_stage_macro_f1=0.3728 | end_to_end_stage_macro_f1=0.0196
  end_to_end_stage_class_f1=low:0.0000,mid:0.0588,high:0.0000
Epoch 1/30 | train_loss 1.5692 | union_precision 0.6842 | weighted_recall 0.3863 | consensus_recall 1.0000 | threshold 0.450
Epoch 2/30 | train_loss 1.4194 | union_precision 0.7273 | weighted_recall 0.2991 | consensus_recall 1.0000 | threshold 0.525
Epoch 3/30 | train_loss 1.3509 | union_precision 0.7500 | weighted_recall 0.3520 | consensus_recall 1.0000 | threshold 0.525
Epoch 4/30 | train_loss 1.2758 | union_precision 0.7500 | weighted_recall 0.3520 | consensus_recall 1.0000 | threshold 0.525
Epoch 5/30 | train_loss 1.2398 | union_precision 0.8000 | weighted_recall 0.2056 | consensus_recall 0.6667 | threshold 0.675
Epoch 6/30 | train_loss 1.2057 | union_precision 0.8000 | weighted_recall 0.2056 | consensus_recall 0.6667 | threshold 0.675
Epoch 7/30 | train_loss 1.1842 | union_precision 0.8000 | weighted_recall 0.3738 | consensus_recall 1.0000 | threshold 0.575
Epoch 8/30 | train_loss 1.1707 | union_precision 0.8000 | weighted_recall 0.2056 | consensus_recall 0.6667 | threshold 0.675
Epoch 9/30 | train_loss 1.1482 | union_precision 0.8000 | weighted_recall 0.4517 | consensus_recall 1.0000 | threshold 0.575
Epoch 10/30 | train_loss 1.1254 | union_precision 0.8125 | weighted_recall 0.4611 | consensus_recall 1.0000 | threshold 0.600
Epoch 11/30 | train_loss 1.1072 | union_precision 1.0000 | weighted_recall 0.2056 | consensus_recall 0.6667 | threshold 0.775
Epoch 12/30 | train_loss 1.0907 | union_precision 1.0000 | weighted_recall 0.2056 | consensus_recall 0.6667 | threshold 0.725
Epoch 13/30 | train_loss 1.0758 | union_precision 1.0000 | weighted_recall 0.2056 | consensus_recall 0.6667 | threshold 0.725
Epoch 14/30 | train_loss 1.0767 | union_precision 1.0000 | weighted_recall 0.2430 | consensus_recall 0.6667 | threshold 0.725
Epoch 15/30 | train_loss 1.0699 | union_precision 1.0000 | weighted_recall 0.3022 | consensus_recall 0.6667 | threshold 0.750
Epoch 16/30 | train_loss 1.0515 | union_precision 1.0000 | weighted_recall 0.3209 | consensus_recall 0.6667 | threshold 0.750
Epoch 17/30 | train_loss 1.0435 | union_precision 1.0000 | weighted_recall 0.3209 | consensus_recall 0.6667 | threshold 0.775
Epoch 18/30 | train_loss 1.0385 | union_precision 1.0000 | weighted_recall 0.3302 | consensus_recall 0.6667 | threshold 0.775
Epoch 19/30 | train_loss 1.0227 | union_precision 1.0000 | weighted_recall 0.3302 | consensus_recall 0.6667 | threshold 0.800
Epoch 20/30 | train_loss 1.0255 | union_precision 1.0000 | weighted_recall 0.3302 | consensus_recall 0.6667 | threshold 0.800
Epoch 21/30 | train_loss 1.0170 | union_precision 1.0000 | weighted_recall 0.3302 | consensus_recall 0.6667 | threshold 0.800
Epoch 22/30 | train_loss 1.0064 | union_precision 1.0000 | weighted_recall 0.3302 | consensus_recall 0.6667 | threshold 0.800
Epoch 23/30 | train_loss 0.9979 | union_precision 1.0000 | weighted_recall 0.3302 | consensus_recall 0.6667 | threshold 0.800
Early stopping at epoch 23
Held-out M67-1 | union_precision=1.0000 | weighted_recall=0.3302 | consensus_recall=0.6667
  oracle_stage_macro_f1=0.4784 | end_to_end_stage_macro_f1=0.1905
  end_to_end_stage_class_f1=low:0.0000,mid:0.2857,high:0.2857
Epoch 1/30 | train_loss 1.5682 | union_precision 1.0000 | weighted_recall 0.0219 | consensus_recall 0.0000 | threshold 0.675
Epoch 2/30 | train_loss 1.4193 | union_precision 1.0000 | weighted_recall 0.0219 | consensus_recall 0.0000 | threshold 0.675
Epoch 3/30 | train_loss 1.3469 | union_precision 1.0000 | weighted_recall 0.0439 | consensus_recall 0.0000 | threshold 0.675
Epoch 4/30 | train_loss 1.2738 | union_precision 1.0000 | weighted_recall 0.0439 | consensus_recall 0.0000 | threshold 0.675
Epoch 5/30 | train_loss 1.2359 | union_precision 1.0000 | weighted_recall 0.0376 | consensus_recall 0.0000 | threshold 0.675
Epoch 6/30 | train_loss 1.2012 | union_precision 1.0000 | weighted_recall 0.0219 | consensus_recall 0.0000 | threshold 0.675
Epoch 7/30 | train_loss 1.1813 | union_precision 1.0000 | weighted_recall 0.0408 | consensus_recall 0.0000 | threshold 0.675
Epoch 8/30 | train_loss 1.1673 | union_precision 1.0000 | weighted_recall 0.1097 | consensus_recall 1.0000 | threshold 0.675
Epoch 9/30 | train_loss 1.1457 | union_precision 1.0000 | weighted_recall 0.0408 | consensus_recall 0.0000 | threshold 0.700
Epoch 10/30 | train_loss 1.1236 | union_precision 1.0000 | weighted_recall 0.0219 | consensus_recall 0.0000 | threshold 0.725
Epoch 11/30 | train_loss 1.1047 | union_precision 1.0000 | weighted_recall 0.0408 | consensus_recall 0.0000 | threshold 0.725
Epoch 12/30 | train_loss 1.0883 | union_precision 1.0000 | weighted_recall 0.1379 | consensus_recall 1.0000 | threshold 0.700
Epoch 13/30 | train_loss 1.0727 | union_precision 1.0000 | weighted_recall 0.1442 | consensus_recall 1.0000 | threshold 0.700
Epoch 14/30 | train_loss 1.0750 | union_precision 1.0000 | weighted_recall 0.1473 | consensus_recall 1.0000 | threshold 0.700
Epoch 15/30 | train_loss 1.0675 | union_precision 1.0000 | weighted_recall 0.1442 | consensus_recall 1.0000 | threshold 0.725
Epoch 16/30 | train_loss 1.0491 | union_precision 1.0000 | weighted_recall 0.1473 | consensus_recall 1.0000 | threshold 0.725
Epoch 17/30 | train_loss 1.0403 | union_precision 1.0000 | weighted_recall 0.2194 | consensus_recall 1.0000 | threshold 0.700
Epoch 18/30 | train_loss 1.0362 | union_precision 0.9500 | weighted_recall 0.2947 | consensus_recall 1.0000 | threshold 0.550
Epoch 19/30 | train_loss 1.0216 | union_precision 1.0000 | weighted_recall 0.2194 | consensus_recall 1.0000 | threshold 0.675
Epoch 20/30 | train_loss 1.0230 | union_precision 1.0000 | weighted_recall 0.2194 | consensus_recall 1.0000 | threshold 0.675
Epoch 21/30 | train_loss 1.0148 | union_precision 1.0000 | weighted_recall 0.2226 | consensus_recall 1.0000 | threshold 0.650
Epoch 22/30 | train_loss 1.0024 | union_precision 1.0000 | weighted_recall 0.2226 | consensus_recall 1.0000 | threshold 0.650
Epoch 23/30 | train_loss 0.9963 | union_precision 1.0000 | weighted_recall 0.2226 | consensus_recall 1.0000 | threshold 0.650
Early stopping at epoch 23
Held-out M67-2 | union_precision=0.9500 | weighted_recall=0.2947 | consensus_recall=1.0000
  oracle_stage_macro_f1=0.2385 | end_to_end_stage_macro_f1=0.1378
  end_to_end_stage_class_f1=low:0.1860,mid:0.2273,high:0.0000
Epoch 1/30 | train_loss 1.5671 | union_precision 1.0000 | weighted_recall 0.0459 | consensus_recall 0.0000 | threshold 0.675
Epoch 2/30 | train_loss 1.4215 | union_precision 1.0000 | weighted_recall 0.0459 | consensus_recall 0.0000 | threshold 0.675
Epoch 3/30 | train_loss 1.3503 | union_precision 1.0000 | weighted_recall 0.0459 | consensus_recall 0.0000 | threshold 0.675
Epoch 4/30 | train_loss 1.2770 | union_precision 1.0000 | weighted_recall 0.0459 | consensus_recall 0.0000 | threshold 0.675
Epoch 5/30 | train_loss 1.2386 | union_precision 1.0000 | weighted_recall 0.0795 | consensus_recall 0.0000 | threshold 0.675
Epoch 6/30 | train_loss 1.2052 | union_precision 1.0000 | weighted_recall 0.0795 | consensus_recall 0.0000 | threshold 0.675
Epoch 7/30 | train_loss 1.1842 | union_precision 1.0000 | weighted_recall 0.1284 | consensus_recall 0.0000 | threshold 0.675
Epoch 8/30 | train_loss 1.1703 | union_precision 1.0000 | weighted_recall 0.0795 | consensus_recall 0.0000 | threshold 0.700
Epoch 9/30 | train_loss 1.1487 | union_precision 1.0000 | weighted_recall 0.0795 | consensus_recall 0.0000 | threshold 0.725
Epoch 10/30 | train_loss 1.1263 | union_precision 1.0000 | weighted_recall 0.0765 | consensus_recall 0.0000 | threshold 0.750
Epoch 11/30 | train_loss 1.1069 | union_precision 1.0000 | weighted_recall 0.1254 | consensus_recall 0.0000 | threshold 0.750
Epoch 12/30 | train_loss 1.0909 | union_precision 1.0000 | weighted_recall 0.3119 | consensus_recall 0.5000 | threshold 0.750
Epoch 13/30 | train_loss 1.0745 | union_precision 1.0000 | weighted_recall 0.2141 | consensus_recall 0.2500 | threshold 0.775
Epoch 14/30 | train_loss 1.0772 | union_precision 1.0000 | weighted_recall 0.2018 | consensus_recall 0.2500 | threshold 0.800
Epoch 15/30 | train_loss 1.0694 | union_precision 1.0000 | weighted_recall 0.3028 | consensus_recall 0.5000 | threshold 0.800
Epoch 16/30 | train_loss 1.0502 | union_precision 1.0000 | weighted_recall 0.3028 | consensus_recall 0.5000 | threshold 0.825
Epoch 17/30 | train_loss 1.0416 | union_precision 1.0000 | weighted_recall 0.2018 | consensus_recall 0.2500 | threshold 0.850
Early stopping at epoch 17
Held-out M67-3 | union_precision=1.0000 | weighted_recall=0.3119 | consensus_recall=0.5000
  oracle_stage_macro_f1=0.4155 | end_to_end_stage_macro_f1=0.1877
  end_to_end_stage_class_f1=low:0.2963,mid:0.2667,high:0.0000
Epoch 1/30 | train_loss 1.5675 | union_precision 0.7000 | weighted_recall 0.0658 | consensus_recall 0.2500 | threshold 0.575
Epoch 2/30 | train_loss 1.4210 | union_precision 0.8000 | weighted_recall 0.0206 | consensus_recall 0.0000 | threshold 0.600
Epoch 3/30 | train_loss 1.3524 | union_precision 0.6667 | weighted_recall 0.0370 | consensus_recall 0.0000 | threshold 0.600
Epoch 4/30 | train_loss 1.2763 | union_precision 0.6667 | weighted_recall 0.0247 | consensus_recall 0.0000 | threshold 0.625
Epoch 5/30 | train_loss 1.2390 | union_precision 0.6667 | weighted_recall 0.1248 | consensus_recall 0.2500 | threshold 0.600
Epoch 6/30 | train_loss 1.2062 | union_precision 0.8333 | weighted_recall 0.3278 | consensus_recall 0.5000 | threshold 0.575
Epoch 7/30 | train_loss 1.1861 | union_precision 0.8571 | weighted_recall 0.0974 | consensus_recall 0.0000 | threshold 0.625
Epoch 8/30 | train_loss 1.1726 | union_precision 0.8571 | weighted_recall 0.3429 | consensus_recall 0.5000 | threshold 0.600
Epoch 9/30 | train_loss 1.1500 | union_precision 0.8636 | weighted_recall 0.3813 | consensus_recall 0.7500 | threshold 0.600
Epoch 10/30 | train_loss 1.1288 | union_precision 0.9000 | weighted_recall 0.1893 | consensus_recall 0.0000 | threshold 0.675
Epoch 11/30 | train_loss 1.1106 | union_precision 1.0000 | weighted_recall 0.2016 | consensus_recall 0.0000 | threshold 0.700
Epoch 12/30 | train_loss 1.0938 | union_precision 1.0000 | weighted_recall 0.2016 | consensus_recall 0.0000 | threshold 0.700
Epoch 13/30 | train_loss 1.0774 | union_precision 1.0000 | weighted_recall 0.2579 | consensus_recall 0.2500 | threshold 0.700
Epoch 14/30 | train_loss 1.0798 | union_precision 1.0000 | weighted_recall 0.2250 | consensus_recall 0.0000 | threshold 0.725
Epoch 15/30 | train_loss 1.0717 | union_precision 1.0000 | weighted_recall 0.3182 | consensus_recall 0.5000 | threshold 0.725
Epoch 16/30 | train_loss 1.0535 | union_precision 1.0000 | weighted_recall 0.3608 | consensus_recall 0.7500 | threshold 0.725
Epoch 17/30 | train_loss 1.0440 | union_precision 1.0000 | weighted_recall 0.3608 | consensus_recall 0.7500 | threshold 0.725
Epoch 18/30 | train_loss 1.0407 | union_precision 1.0000 | weighted_recall 0.3471 | consensus_recall 0.5000 | threshold 0.750
Epoch 19/30 | train_loss 1.0258 | union_precision 1.0000 | weighted_recall 0.3539 | consensus_recall 0.5000 | threshold 0.750
Epoch 20/30 | train_loss 1.0270 | union_precision 1.0000 | weighted_recall 0.3539 | consensus_recall 0.5000 | threshold 0.750
Epoch 21/30 | train_loss 1.0168 | union_precision 1.0000 | weighted_recall 0.3772 | consensus_recall 0.5000 | threshold 0.750
Epoch 22/30 | train_loss 1.0071 | union_precision 1.0000 | weighted_recall 0.3731 | consensus_recall 0.5000 | threshold 0.750
Epoch 23/30 | train_loss 0.9999 | union_precision 1.0000 | weighted_recall 0.3731 | consensus_recall 0.5000 | threshold 0.750
Epoch 24/30 | train_loss 0.9990 | union_precision 1.0000 | weighted_recall 0.3731 | consensus_recall 0.5000 | threshold 0.750
Epoch 25/30 | train_loss 0.9933 | union_precision 1.0000 | weighted_recall 0.3731 | consensus_recall 0.5000 | threshold 0.750
Epoch 26/30 | train_loss 0.9866 | union_precision 1.0000 | weighted_recall 0.3827 | consensus_recall 0.5000 | threshold 0.750
Early stopping at epoch 26
Held-out M67-4 | union_precision=1.0000 | weighted_recall=0.3772 | consensus_recall=0.5000
  oracle_stage_macro_f1=0.3965 | end_to_end_stage_macro_f1=0.2790
  end_to_end_stage_class_f1=low:0.1600,mid:0.3692,high:0.3077
Epoch 1/30 | train_loss 1.5674 | union_precision 1.0000 | weighted_recall 0.0142 | consensus_recall 0.0000 | threshold 0.625
Epoch 2/30 | train_loss 1.4205 | union_precision 1.0000 | weighted_recall 0.0331 | consensus_recall 0.0000 | threshold 0.575
Epoch 3/30 | train_loss 1.3508 | union_precision 1.0000 | weighted_recall 0.0449 | consensus_recall 0.0000 | threshold 0.575
Epoch 4/30 | train_loss 1.2735 | union_precision 1.0000 | weighted_recall 0.0426 | consensus_recall 0.0000 | threshold 0.600
Epoch 5/30 | train_loss 1.2358 | union_precision 1.0000 | weighted_recall 0.0426 | consensus_recall 0.0000 | threshold 0.600
Epoch 6/30 | train_loss 1.2024 | union_precision 0.9444 | weighted_recall 0.2671 | consensus_recall 1.0000 | threshold 0.525
Epoch 7/30 | train_loss 1.1809 | union_precision 1.0000 | weighted_recall 0.0284 | consensus_recall 0.0000 | threshold 0.625
Epoch 8/30 | train_loss 1.1691 | union_precision 1.0000 | weighted_recall 0.0284 | consensus_recall 0.0000 | threshold 0.625
Early stopping at epoch 8
Held-out M68-1 | union_precision=1.0000 | weighted_recall=0.0449 | consensus_recall=0.0000
  oracle_stage_macro_f1=0.2982 | end_to_end_stage_macro_f1=0.0305
  end_to_end_stage_class_f1=low:0.0308,mid:0.0606,high:0.0000
Epoch 1/30 | train_loss 1.5658 | union_precision 1.0000 | weighted_recall 0.0292 | consensus_recall 0.0000 | threshold 0.625
Epoch 2/30 | train_loss 1.4179 | union_precision 1.0000 | weighted_recall 0.0395 | consensus_recall 0.0000 | threshold 0.600
Epoch 3/30 | train_loss 1.3512 | union_precision 1.0000 | weighted_recall 0.0377 | consensus_recall 0.0000 | threshold 0.600
Epoch 4/30 | train_loss 1.2760 | union_precision 1.0000 | weighted_recall 0.0377 | consensus_recall 0.0000 | threshold 0.600
Epoch 5/30 | train_loss 1.2376 | union_precision 1.0000 | weighted_recall 0.0532 | consensus_recall 0.0000 | threshold 0.600
Epoch 6/30 | train_loss 1.2040 | union_precision 1.0000 | weighted_recall 0.0549 | consensus_recall 0.0000 | threshold 0.600
Epoch 7/30 | train_loss 1.1821 | union_precision 1.0000 | weighted_recall 0.1098 | consensus_recall 0.1250 | threshold 0.600
Epoch 8/30 | train_loss 1.1697 | union_precision 1.0000 | weighted_recall 0.1149 | consensus_recall 0.1250 | threshold 0.600
Epoch 9/30 | train_loss 1.1457 | union_precision 1.0000 | weighted_recall 0.1355 | consensus_recall 0.1250 | threshold 0.600
Epoch 10/30 | train_loss 1.1255 | union_precision 1.0000 | weighted_recall 0.2041 | consensus_recall 0.2500 | threshold 0.600
Epoch 11/30 | train_loss 1.1060 | union_precision 1.0000 | weighted_recall 0.1801 | consensus_recall 0.2500 | threshold 0.625
Epoch 12/30 | train_loss 1.0894 | union_precision 1.0000 | weighted_recall 0.2041 | consensus_recall 0.2500 | threshold 0.625
Epoch 13/30 | train_loss 1.0738 | union_precision 1.0000 | weighted_recall 0.2590 | consensus_recall 0.3750 | threshold 0.625
Epoch 14/30 | train_loss 1.0749 | union_precision 1.0000 | weighted_recall 0.2590 | consensus_recall 0.3750 | threshold 0.625
Epoch 15/30 | train_loss 1.0700 | union_precision 1.0000 | weighted_recall 0.3362 | consensus_recall 0.5000 | threshold 0.625
Epoch 16/30 | train_loss 1.0499 | union_precision 1.0000 | weighted_recall 0.3928 | consensus_recall 0.6250 | threshold 0.625
Epoch 17/30 | train_loss 1.0404 | union_precision 1.0000 | weighted_recall 0.4511 | consensus_recall 0.7500 | threshold 0.600
Epoch 18/30 | train_loss 1.0397 | union_precision 1.0000 | weighted_recall 0.4580 | consensus_recall 0.7500 | threshold 0.600
Epoch 19/30 | train_loss 1.0239 | union_precision 1.0000 | weighted_recall 0.4580 | consensus_recall 0.7500 | threshold 0.600
Epoch 20/30 | train_loss 1.0252 | union_precision 1.0000 | weighted_recall 0.4443 | consensus_recall 0.7500 | threshold 0.625
Epoch 21/30 | train_loss 1.0192 | union_precision 1.0000 | weighted_recall 0.4374 | consensus_recall 0.7500 | threshold 0.625
Epoch 22/30 | train_loss 1.0066 | union_precision 1.0000 | weighted_recall 0.4374 | consensus_recall 0.7500 | threshold 0.625
Epoch 23/30 | train_loss 0.9992 | union_precision 1.0000 | weighted_recall 0.3791 | consensus_recall 0.6250 | threshold 0.625
Early stopping at epoch 23
Held-out M68-2 | union_precision=1.0000 | weighted_recall=0.4580 | consensus_recall=0.7500
  oracle_stage_macro_f1=0.2221 | end_to_end_stage_macro_f1=0.1195
  end_to_end_stage_class_f1=low:0.0541,mid:0.3043,high:0.0000
Epoch 1/30 | train_loss 1.5685 | union_precision 0.8571 | weighted_recall 0.0479 | consensus_recall 0.5000 | threshold 0.625
Epoch 2/30 | train_loss 1.4181 | union_precision 0.8333 | weighted_recall 0.3450 | consensus_recall 0.8333 | threshold 0.575
Epoch 3/30 | train_loss 1.3535 | union_precision 0.8421 | weighted_recall 0.4313 | consensus_recall 0.8333 | threshold 0.450
Epoch 4/30 | train_loss 1.2745 | union_precision 0.8421 | weighted_recall 0.4313 | consensus_recall 0.8333 | threshold 0.450
Epoch 5/30 | train_loss 1.2390 | union_precision 0.8421 | weighted_recall 0.4313 | consensus_recall 0.8333 | threshold 0.475
Epoch 6/30 | train_loss 1.2074 | union_precision 0.8421 | weighted_recall 0.5495 | consensus_recall 0.8333 | threshold 0.475
Early stopping at epoch 6
Held-out M68-3 | union_precision=0.8571 | weighted_recall=0.0479 | consensus_recall=0.5000
  oracle_stage_macro_f1=0.5238 | end_to_end_stage_macro_f1=0.1237
  end_to_end_stage_class_f1=low:0.1212,mid:0.2500,high:0.0000
Epoch 1/30 | train_loss 1.5857 | union_precision 1.0000 | weighted_recall 0.0007 | consensus_recall 0.0000 | threshold 0.900
Epoch 2/30 | train_loss 1.4323 | union_precision 1.0000 | weighted_recall 0.0007 | consensus_recall 0.0000 | threshold 0.900
Epoch 3/30 | train_loss 1.3280 | union_precision 1.0000 | weighted_recall 0.0007 | consensus_recall 0.0000 | threshold 0.875
Epoch 4/30 | train_loss 1.2821 | union_precision 1.0000 | weighted_recall 0.0007 | consensus_recall 0.0000 | threshold 0.850
Epoch 5/30 | train_loss 1.2237 | union_precision 1.0000 | weighted_recall 0.0007 | consensus_recall 0.0000 | threshold 0.825
Epoch 6/30 | train_loss 1.2044 | union_precision 1.0000 | weighted_recall 0.0121 | consensus_recall 0.0000 | threshold 0.800
Epoch 7/30 | train_loss 1.1848 | union_precision 1.0000 | weighted_recall 0.0519 | consensus_recall 0.0800 | threshold 0.725
Epoch 8/30 | train_loss 1.1624 | union_precision 1.0000 | weighted_recall 0.0519 | consensus_recall 0.0800 | threshold 0.725
Epoch 9/30 | train_loss 1.1446 | union_precision 0.8542 | weighted_recall 0.2623 | consensus_recall 0.5600 | threshold 0.625
Epoch 10/30 | train_loss 1.1355 | union_precision 0.8537 | weighted_recall 0.2237 | consensus_recall 0.4400 | threshold 0.650
Epoch 11/30 | train_loss 1.1119 | union_precision 0.8696 | weighted_recall 0.2998 | consensus_recall 0.6400 | threshold 0.650
Epoch 12/30 | train_loss 1.0901 | union_precision 0.8864 | weighted_recall 0.2816 | consensus_recall 0.6000 | threshold 0.675
Epoch 13/30 | train_loss 1.0867 | union_precision 0.8750 | weighted_recall 0.3042 | consensus_recall 0.6800 | threshold 0.675
Epoch 14/30 | train_loss 1.0660 | union_precision 0.8571 | weighted_recall 0.2965 | consensus_recall 0.6800 | threshold 0.675
Epoch 15/30 | train_loss 1.0667 | union_precision 0.8657 | weighted_recall 0.3247 | consensus_recall 0.8000 | threshold 0.600
Epoch 16/30 | train_loss 1.0477 | union_precision 0.8551 | weighted_recall 0.3198 | consensus_recall 0.8000 | threshold 0.600
Epoch 17/30 | train_loss 1.0441 | union_precision 0.8594 | weighted_recall 0.3109 | consensus_recall 0.7600 | threshold 0.625
Epoch 18/30 | train_loss 1.0259 | union_precision 0.8667 | weighted_recall 0.3051 | consensus_recall 0.7600 | threshold 0.650
Epoch 19/30 | train_loss 1.0290 | union_precision 0.8548 | weighted_recall 0.3068 | consensus_recall 0.7600 | threshold 0.650
Epoch 20/30 | train_loss 1.0221 | union_precision 0.8814 | weighted_recall 0.3051 | consensus_recall 0.7600 | threshold 0.675
Epoch 21/30 | train_loss 1.0162 | union_precision 0.8833 | weighted_recall 0.3068 | consensus_recall 0.7600 | threshold 0.675
Early stopping at epoch 21
Held-out M06-1__M06-2__M06-3 | union_precision=0.8551 | weighted_recall=0.3198 | consensus_recall=0.8000
  oracle_stage_macro_f1=0.4131 | end_to_end_stage_macro_f1=0.1459
  end_to_end_stage_class_f1=low:0.1371,mid:0.2571,high:0.0435
Wrote nested CV results to /gpfs/work/int/yuxuanliu2204/Changheng/xmltoexp/MERIX SUBMISSION/Boundary_Restart/reports/nested_piece_cv/M06_outer_level3_seed43
Best candidate: model-tcn__detector_target-level3_boundary__selection_metric-union_recall__min_precision-0p85__loss_type-bce__rest_span_label_mode-none__rest_span_tolerance_negative_weight-1p0 | mean_primary_metric=0.1667 | mean_union_precision=0.8882

=== SEED=43 TARGET=level4_boundary OUTPUT=reports/nested_piece_cv/M06_outer_level4_seed43 ===
Command: python3 Command: run_nested_piece_cv.py Command: --config Command: configs/salience_grouped3_hi8_score_only_xml_curated.yaml Command: --outer_heldout_piece Command: M06-1 Command: M06-2 Command: M06-3 Command: --inner_mode Command: leave_one Command: --n_splits Command: 5 Command: --candidate_json Command: configs/nested_candidates_tcn_085_095_generic.json Command: --model Command: tcn Command: --detector_target Command: level4_boundary Command: --selection_metric Command: union_recall Command: --loss_type Command: bce Command: --rest_span_label_mode Command: none Command: --rest_span_tolerance_negative_weight Command: 1.0 Command: --device Command: cuda Command: --seed Command: 43 Command: --output_dir Command: reports/nested_piece_cv/M06_outer_level4_seed43 Command: --run_outer_fit Command: --reuse_existing 
Epoch 1/30 | train_loss 1.6318 | union_precision 1.0000 | weighted_recall 0.0033 | consensus_recall 0.0000 | threshold 0.675
Epoch 2/30 | train_loss 1.4598 | union_precision 1.0000 | weighted_recall 0.0066 | consensus_recall 1.0000 | threshold 0.650
Epoch 3/30 | train_loss 1.3813 | union_precision 1.0000 | weighted_recall 0.0066 | consensus_recall 1.0000 | threshold 0.650
Epoch 4/30 | train_loss 1.3134 | union_precision 0.7500 | weighted_recall 0.0563 | consensus_recall 1.0000 | threshold 0.600
Epoch 5/30 | train_loss 1.2693 | union_precision 0.8333 | weighted_recall 0.1523 | consensus_recall 1.0000 | threshold 0.575
Epoch 6/30 | train_loss 1.2465 | union_precision 0.7647 | weighted_recall 0.2252 | consensus_recall 1.0000 | threshold 0.550
Epoch 7/30 | train_loss 1.2037 | union_precision 0.7500 | weighted_recall 0.2450 | consensus_recall 1.0000 | threshold 0.550
Early stopping at epoch 7
Held-out M07-1 | union_precision=1.0000 | weighted_recall=0.0066 | consensus_recall=1.0000
  oracle_stage_macro_f1=0.4602 | end_to_end_stage_macro_f1=0.0000
  end_to_end_stage_class_f1=low:0.0000,mid:0.0000,high:0.0000
Epoch 1/30 | train_loss 1.6281 | union_precision 0.5000 | weighted_recall 0.0183 | consensus_recall 0.6667 | threshold 0.675
Epoch 2/30 | train_loss 1.4549 | union_precision 0.3600 | weighted_recall 0.0440 | consensus_recall 0.6667 | threshold 0.650
Epoch 3/30 | train_loss 1.3758 | union_precision 0.3871 | weighted_recall 0.0623 | consensus_recall 0.6667 | threshold 0.625
Epoch 4/30 | train_loss 1.3075 | union_precision 0.4242 | weighted_recall 0.0842 | consensus_recall 0.6667 | threshold 0.625
Epoch 5/30 | train_loss 1.2662 | union_precision 0.5000 | weighted_recall 0.0403 | consensus_recall 0.3333 | threshold 0.725
Epoch 6/30 | train_loss 1.2430 | union_precision 0.6364 | weighted_recall 0.0733 | consensus_recall 0.6667 | threshold 0.725
Epoch 7/30 | train_loss 1.2019 | union_precision 0.6667 | weighted_recall 0.0293 | consensus_recall 0.0000 | threshold 0.750
Epoch 8/30 | train_loss 1.1819 | union_precision 1.0000 | weighted_recall 0.0110 | consensus_recall 0.0000 | threshold 0.775
Epoch 9/30 | train_loss 1.1658 | union_precision 1.0000 | weighted_recall 0.0293 | consensus_recall 0.0000 | threshold 0.775
Epoch 10/30 | train_loss 1.1343 | union_precision 1.0000 | weighted_recall 0.0293 | consensus_recall 0.0000 | threshold 0.800
Epoch 11/30 | train_loss 1.1210 | union_precision 1.0000 | weighted_recall 0.0549 | consensus_recall 0.0000 | threshold 0.800
Epoch 12/30 | train_loss 1.1093 | union_precision 1.0000 | weighted_recall 0.0549 | consensus_recall 0.0000 | threshold 0.800
Epoch 13/30 | train_loss 1.0831 | union_precision 1.0000 | weighted_recall 0.0549 | consensus_recall 0.0000 | threshold 0.800
Epoch 14/30 | train_loss 1.0792 | union_precision 1.0000 | weighted_recall 0.0549 | consensus_recall 0.0000 | threshold 0.800
Epoch 15/30 | train_loss 1.0692 | union_precision 1.0000 | weighted_recall 0.0549 | consensus_recall 0.0000 | threshold 0.825
Epoch 16/30 | train_loss 1.0483 | union_precision 1.0000 | weighted_recall 0.0549 | consensus_recall 0.0000 | threshold 0.825
Early stopping at epoch 16
Held-out M07-2 | union_precision=1.0000 | weighted_recall=0.0549 | consensus_recall=0.0000
  oracle_stage_macro_f1=0.2344 | end_to_end_stage_macro_f1=0.0000
  end_to_end_stage_class_f1=low:0.0000,mid:0.0000,high:0.0000
Epoch 1/30 | train_loss 1.6385 | union_precision 0.6000 | weighted_recall 0.0111 | consensus_recall 0.0000 | threshold 0.675
Epoch 2/30 | train_loss 1.4569 | union_precision 0.6667 | weighted_recall 0.0089 | consensus_recall 0.0000 | threshold 0.725
Epoch 3/30 | train_loss 1.3759 | union_precision 0.6000 | weighted_recall 0.0911 | consensus_recall 0.3333 | threshold 0.625
Epoch 4/30 | train_loss 1.3075 | union_precision 1.0000 | weighted_recall 0.0067 | consensus_recall 0.0000 | threshold 0.750
Epoch 5/30 | train_loss 1.2669 | union_precision 1.0000 | weighted_recall 0.0067 | consensus_recall 0.0000 | threshold 0.750
Epoch 6/30 | train_loss 1.2354 | union_precision 1.0000 | weighted_recall 0.0222 | consensus_recall 0.3333 | threshold 0.750
Epoch 7/30 | train_loss 1.1905 | union_precision 1.0000 | weighted_recall 0.0200 | consensus_recall 0.3333 | threshold 0.775
Epoch 8/30 | train_loss 1.1699 | union_precision 1.0000 | weighted_recall 0.0200 | consensus_recall 0.3333 | threshold 0.775
Epoch 9/30 | train_loss 1.1605 | union_precision 1.0000 | weighted_recall 0.0200 | consensus_recall 0.3333 | threshold 0.775
Epoch 10/30 | train_loss 1.1313 | union_precision 1.0000 | weighted_recall 0.0200 | consensus_recall 0.3333 | threshold 0.775
Epoch 11/30 | train_loss 1.1199 | union_precision 1.0000 | weighted_recall 0.0200 | consensus_recall 0.3333 | threshold 0.800
Early stopping at epoch 11
Held-out M07-3 | union_precision=1.0000 | weighted_recall=0.0222 | consensus_recall=0.3333
  oracle_stage_macro_f1=0.3344 | end_to_end_stage_macro_f1=0.1212
  end_to_end_stage_class_f1=low:0.0000,mid:0.0000,high:0.3636
Epoch 1/30 | train_loss 1.6309 | union_precision 0.7500 | weighted_recall 0.0605 | consensus_recall 0.0000 | threshold 0.700
Epoch 2/30 | train_loss 1.4578 | union_precision 1.0000 | weighted_recall 0.0058 | consensus_recall 0.0000 | threshold 0.700
Epoch 3/30 | train_loss 1.3798 | union_precision 0.7500 | weighted_recall 0.0605 | consensus_recall 0.0000 | threshold 0.675
Epoch 4/30 | train_loss 1.3070 | union_precision 0.7500 | weighted_recall 0.0605 | consensus_recall 0.0000 | threshold 0.675
Epoch 5/30 | train_loss 1.2716 | union_precision 1.0000 | weighted_recall 0.0058 | consensus_recall 0.0000 | threshold 0.700
Epoch 6/30 | train_loss 1.2380 | union_precision 1.0000 | weighted_recall 0.0058 | consensus_recall 0.0000 | threshold 0.700
Epoch 7/30 | train_loss 1.1983 | union_precision 1.0000 | weighted_recall 0.0058 | consensus_recall 0.0000 | threshold 0.700
Early stopping at epoch 7
Held-out M17-1 | union_precision=1.0000 | weighted_recall=0.0058 | consensus_recall=0.0000
  oracle_stage_macro_f1=0.3187 | end_to_end_stage_macro_f1=0.0000
  end_to_end_stage_class_f1=low:0.0000,mid:0.0000,high:0.0000
Epoch 1/30 | train_loss 1.6307 | union_precision 0.6000 | weighted_recall 0.1502 | consensus_recall 0.5000 | threshold 0.600
Epoch 2/30 | train_loss 1.4554 | union_precision 0.7500 | weighted_recall 0.1502 | consensus_recall 0.5000 | threshold 0.625
Epoch 3/30 | train_loss 1.3770 | union_precision 0.7500 | weighted_recall 0.1502 | consensus_recall 0.5000 | threshold 0.625
Epoch 4/30 | train_loss 1.3044 | union_precision 1.0000 | weighted_recall 0.1268 | consensus_recall 0.5000 | threshold 0.675
Epoch 5/30 | train_loss 1.2692 | union_precision 1.0000 | weighted_recall 0.1268 | consensus_recall 0.5000 | threshold 0.700
Epoch 6/30 | train_loss 1.2346 | union_precision 1.0000 | weighted_recall 0.1268 | consensus_recall 0.5000 | threshold 0.725
Epoch 7/30 | train_loss 1.1958 | union_precision 1.0000 | weighted_recall 0.1268 | consensus_recall 0.5000 | threshold 0.725
Epoch 8/30 | train_loss 1.1744 | union_precision 1.0000 | weighted_recall 0.1268 | consensus_recall 0.5000 | threshold 0.750
Epoch 9/30 | train_loss 1.1659 | union_precision 1.0000 | weighted_recall 0.1268 | consensus_recall 0.5000 | threshold 0.775
Early stopping at epoch 9
Held-out M17-2 | union_precision=1.0000 | weighted_recall=0.1268 | consensus_recall=0.5000
  oracle_stage_macro_f1=0.2345 | end_to_end_stage_macro_f1=0.0278
  end_to_end_stage_class_f1=low:0.0833,mid:0.0000,high:0.0000
Epoch 1/30 | train_loss 1.6342 | union_precision 0.6250 | weighted_recall 0.0114 | consensus_recall 0.0000 | threshold 0.650
Epoch 2/30 | train_loss 1.4629 | union_precision 0.5882 | weighted_recall 0.1785 | consensus_recall 0.2857 | threshold 0.550
Epoch 3/30 | train_loss 1.3826 | union_precision 0.6222 | weighted_recall 0.2746 | consensus_recall 0.4286 | threshold 0.525
Epoch 4/30 | train_loss 1.3063 | union_precision 0.6444 | weighted_recall 0.3295 | consensus_recall 0.5714 | threshold 0.525
Epoch 5/30 | train_loss 1.2719 | union_precision 0.6667 | weighted_recall 0.3181 | consensus_recall 0.5714 | threshold 0.550
Epoch 6/30 | train_loss 1.2343 | union_precision 0.6667 | weighted_recall 0.3089 | consensus_recall 0.5714 | threshold 0.575
Epoch 7/30 | train_loss 1.1967 | union_precision 0.7000 | weighted_recall 0.1076 | consensus_recall 0.1429 | threshold 0.650
Epoch 8/30 | train_loss 1.1765 | union_precision 1.0000 | weighted_recall 0.0618 | consensus_recall 0.0000 | threshold 0.675
Epoch 9/30 | train_loss 1.1645 | union_precision 1.0000 | weighted_recall 0.1007 | consensus_recall 0.1429 | threshold 0.675
Epoch 10/30 | train_loss 1.1322 | union_precision 1.0000 | weighted_recall 0.1007 | consensus_recall 0.1429 | threshold 0.700
Epoch 11/30 | train_loss 1.1178 | union_precision 1.0000 | weighted_recall 0.1007 | consensus_recall 0.1429 | threshold 0.725
Epoch 12/30 | train_loss 1.1085 | union_precision 1.0000 | weighted_recall 0.0641 | consensus_recall 0.1429 | threshold 0.750
Epoch 13/30 | train_loss 1.0833 | union_precision 1.0000 | weighted_recall 0.1007 | consensus_recall 0.1429 | threshold 0.750
Epoch 14/30 | train_loss 1.0761 | union_precision 1.0000 | weighted_recall 0.1007 | consensus_recall 0.1429 | threshold 0.750
Early stopping at epoch 14
Held-out M17-3 | union_precision=1.0000 | weighted_recall=0.1007 | consensus_recall=0.1429
  oracle_stage_macro_f1=0.4107 | end_to_end_stage_macro_f1=0.0902
  end_to_end_stage_class_f1=low:0.0000,mid:0.0889,high:0.1818
Epoch 1/30 | train_loss 1.6362 | union_precision 1.0000 | weighted_recall 0.0014 | consensus_recall 0.0000 | threshold 0.700
Epoch 2/30 | train_loss 1.4678 | union_precision 1.0000 | weighted_recall 0.0029 | consensus_recall 0.0000 | threshold 0.700
Epoch 3/30 | train_loss 1.3802 | union_precision 1.0000 | weighted_recall 0.0029 | consensus_recall 0.0000 | threshold 0.700
Epoch 4/30 | train_loss 1.3022 | union_precision 1.0000 | weighted_recall 0.0029 | consensus_recall 0.0000 | threshold 0.700
Epoch 5/30 | train_loss 1.2696 | union_precision 1.0000 | weighted_recall 0.0029 | consensus_recall 0.0000 | threshold 0.725
Epoch 6/30 | train_loss 1.2290 | union_precision 1.0000 | weighted_recall 0.0029 | consensus_recall 0.0000 | threshold 0.725
Epoch 7/30 | train_loss 1.1967 | union_precision 1.0000 | weighted_recall 0.0029 | consensus_recall 0.0000 | threshold 0.750
Early stopping at epoch 7
Held-out M17-4 | union_precision=1.0000 | weighted_recall=0.0029 | consensus_recall=0.0000
  oracle_stage_macro_f1=0.2463 | end_to_end_stage_macro_f1=0.0000
  end_to_end_stage_class_f1=low:0.0000,mid:0.0000,high:0.0000
Epoch 1/30 | train_loss 1.6297 | union_precision 0.6667 | weighted_recall 0.1379 | consensus_recall 1.0000 | threshold 0.550
Epoch 2/30 | train_loss 1.4667 | union_precision 0.7778 | weighted_recall 0.0421 | consensus_recall 0.0000 | threshold 0.650
Epoch 3/30 | train_loss 1.3780 | union_precision 0.8000 | weighted_recall 0.0498 | consensus_recall 0.0000 | threshold 0.650
Epoch 4/30 | train_loss 1.2984 | union_precision 0.8182 | weighted_recall 0.0575 | consensus_recall 0.0000 | threshold 0.650
Epoch 5/30 | train_loss 1.2679 | union_precision 0.8182 | weighted_recall 0.0575 | consensus_recall 0.0000 | threshold 0.650
Epoch 6/30 | train_loss 1.2276 | union_precision 0.7778 | weighted_recall 0.0498 | consensus_recall 0.0000 | threshold 0.675
Epoch 7/30 | train_loss 1.1952 | union_precision 0.8571 | weighted_recall 0.0460 | consensus_recall 0.0000 | threshold 0.700
Epoch 8/30 | train_loss 1.1767 | union_precision 0.8571 | weighted_recall 0.0460 | consensus_recall 0.0000 | threshold 0.700
Epoch 9/30 | train_loss 1.1624 | union_precision 0.8571 | weighted_recall 0.0460 | consensus_recall 0.0000 | threshold 0.675
Epoch 10/30 | train_loss 1.1356 | union_precision 0.8750 | weighted_recall 0.0498 | consensus_recall 0.0000 | threshold 0.675
Epoch 11/30 | train_loss 1.1204 | union_precision 0.8889 | weighted_recall 0.0536 | consensus_recall 0.0000 | threshold 0.675
Epoch 12/30 | train_loss 1.1049 | union_precision 0.8889 | weighted_recall 0.0536 | consensus_recall 0.0000 | threshold 0.675
Epoch 13/30 | train_loss 1.0803 | union_precision 0.8889 | weighted_recall 0.0536 | consensus_recall 0.0000 | threshold 0.650
Epoch 14/30 | train_loss 1.0737 | union_precision 0.9000 | weighted_recall 0.0843 | consensus_recall 0.0000 | threshold 0.650
Epoch 15/30 | train_loss 1.0681 | union_precision 0.9167 | weighted_recall 0.1264 | consensus_recall 0.0000 | threshold 0.625
Epoch 16/30 | train_loss 1.0422 | union_precision 1.0000 | weighted_recall 0.1303 | consensus_recall 0.0000 | threshold 0.625
Epoch 17/30 | train_loss 1.0377 | union_precision 0.8750 | weighted_recall 0.2375 | consensus_recall 0.5000 | threshold 0.600
Epoch 18/30 | train_loss 1.0126 | union_precision 0.8636 | weighted_recall 0.3525 | consensus_recall 0.5000 | threshold 0.575
Epoch 19/30 | train_loss 1.0081 | union_precision 0.9048 | weighted_recall 0.3525 | consensus_recall 0.5000 | threshold 0.575
Epoch 20/30 | train_loss 1.0071 | union_precision 0.8696 | weighted_recall 0.3563 | consensus_recall 0.5000 | threshold 0.550
Epoch 21/30 | train_loss 1.0113 | union_precision 0.8696 | weighted_recall 0.3563 | consensus_recall 0.5000 | threshold 0.525
Epoch 22/30 | train_loss 0.9807 | union_precision 0.8696 | weighted_recall 0.4253 | consensus_recall 0.5000 | threshold 0.525
Epoch 23/30 | train_loss 0.9773 | union_precision 0.8696 | weighted_recall 0.4253 | consensus_recall 0.5000 | threshold 0.525
Epoch 24/30 | train_loss 0.9720 | union_precision 0.8696 | weighted_recall 0.4253 | consensus_recall 0.5000 | threshold 0.525
Epoch 25/30 | train_loss 0.9664 | union_precision 0.8696 | weighted_recall 0.4253 | consensus_recall 0.5000 | threshold 0.525
Epoch 26/30 | train_loss 0.9589 | union_precision 0.8696 | weighted_recall 0.4866 | consensus_recall 1.0000 | threshold 0.500
Epoch 27/30 | train_loss 0.9447 | union_precision 0.8696 | weighted_recall 0.4866 | consensus_recall 1.0000 | threshold 0.500
Epoch 28/30 | train_loss 0.9304 | union_precision 0.8696 | weighted_recall 0.4866 | consensus_recall 1.0000 | threshold 0.450
Epoch 29/30 | train_loss 0.9258 | union_precision 0.9091 | weighted_recall 0.4866 | consensus_recall 1.0000 | threshold 0.575
Epoch 30/30 | train_loss 0.9227 | union_precision 0.8696 | weighted_recall 0.4253 | consensus_recall 0.5000 | threshold 0.425
Held-out M24-1 | union_precision=0.9091 | weighted_recall=0.4866 | consensus_recall=1.0000
  oracle_stage_macro_f1=0.2846 | end_to_end_stage_macro_f1=0.2125
  end_to_end_stage_class_f1=low:0.0833,mid:0.1905,high:0.3636
Epoch 1/30 | train_loss 1.6318 | union_precision 0.8000 | weighted_recall 0.0313 | consensus_recall 0.0000 | threshold 0.650
Epoch 2/30 | train_loss 1.4674 | union_precision 0.6000 | weighted_recall 0.0288 | consensus_recall 0.0000 | threshold 0.625
Epoch 3/30 | train_loss 1.3796 | union_precision 0.6250 | weighted_recall 0.0337 | consensus_recall 0.0000 | threshold 0.600
Epoch 4/30 | train_loss 1.3043 | union_precision 0.6667 | weighted_recall 0.0288 | consensus_recall 0.0000 | threshold 0.600
Epoch 5/30 | train_loss 1.2692 | union_precision 0.6667 | weighted_recall 0.0240 | consensus_recall 0.0000 | threshold 0.625
Epoch 6/30 | train_loss 1.2294 | union_precision 0.6087 | weighted_recall 0.0817 | consensus_recall 1.0000 | threshold 0.575
Early stopping at epoch 6
Held-out M24-2 | union_precision=0.8000 | weighted_recall=0.0313 | consensus_recall=0.0000
  oracle_stage_macro_f1=0.2308 | end_to_end_stage_macro_f1=0.0523
  end_to_end_stage_class_f1=low:0.0800,mid:0.0769,high:0.0000
Epoch 1/30 | train_loss 1.6315 | union_precision 0.4000 | weighted_recall 0.0098 | consensus_recall 0.0000 | threshold 0.625
Epoch 2/30 | train_loss 1.4645 | union_precision 0.3214 | weighted_recall 0.1471 | consensus_recall 0.0000 | threshold 0.475
Epoch 3/30 | train_loss 1.3814 | union_precision 0.4375 | weighted_recall 0.0441 | consensus_recall 0.0000 | threshold 0.575
Epoch 4/30 | train_loss 1.3033 | union_precision 0.4000 | weighted_recall 0.0245 | consensus_recall 0.0000 | threshold 0.600
Epoch 5/30 | train_loss 1.2701 | union_precision 0.6667 | weighted_recall 0.0490 | consensus_recall 0.0000 | threshold 0.650
Epoch 6/30 | train_loss 1.2311 | union_precision 0.6000 | weighted_recall 0.0539 | consensus_recall 0.0000 | threshold 0.650
Epoch 7/30 | train_loss 1.2005 | union_precision 0.6667 | weighted_recall 0.0588 | consensus_recall 0.0000 | threshold 0.650
Epoch 8/30 | train_loss 1.1818 | union_precision 0.6667 | weighted_recall 0.0588 | consensus_recall 0.0000 | threshold 0.675
Epoch 9/30 | train_loss 1.1660 | union_precision 0.6667 | weighted_recall 0.0588 | consensus_recall 0.0000 | threshold 0.675
Epoch 10/30 | train_loss 1.1397 | union_precision 0.7500 | weighted_recall 0.0539 | consensus_recall 0.0000 | threshold 0.725
Epoch 11/30 | train_loss 1.1232 | union_precision 1.0000 | weighted_recall 0.0490 | consensus_recall 0.0000 | threshold 0.750
Epoch 12/30 | train_loss 1.1079 | union_precision 1.0000 | weighted_recall 0.0392 | consensus_recall 0.0000 | threshold 0.775
Epoch 13/30 | train_loss 1.0832 | union_precision 1.0000 | weighted_recall 0.0490 | consensus_recall 0.0000 | threshold 0.775
Epoch 14/30 | train_loss 1.0773 | union_precision 1.0000 | weighted_recall 0.0588 | consensus_recall 0.0000 | threshold 0.775
Epoch 15/30 | train_loss 1.0695 | union_precision 1.0000 | weighted_recall 0.0588 | consensus_recall 0.0000 | threshold 0.775
Epoch 16/30 | train_loss 1.0444 | union_precision 1.0000 | weighted_recall 0.0588 | consensus_recall 0.0000 | threshold 0.775
Epoch 17/30 | train_loss 1.0407 | union_precision 1.0000 | weighted_recall 0.0588 | consensus_recall 0.0000 | threshold 0.775
Epoch 18/30 | train_loss 1.0223 | union_precision 1.0000 | weighted_recall 0.0588 | consensus_recall 0.0000 | threshold 0.775
Epoch 19/30 | train_loss 1.0143 | union_precision 1.0000 | weighted_recall 0.1176 | consensus_recall 0.0000 | threshold 0.775
Epoch 20/30 | train_loss 1.0136 | union_precision 1.0000 | weighted_recall 0.1422 | consensus_recall 0.0000 | threshold 0.775
Epoch 21/30 | train_loss 1.0130 | union_precision 1.0000 | weighted_recall 0.1422 | consensus_recall 0.0000 | threshold 0.775
Epoch 22/30 | train_loss 0.9869 | union_precision 1.0000 | weighted_recall 0.1422 | consensus_recall 0.0000 | threshold 0.750
Epoch 23/30 | train_loss 0.9837 | union_precision 1.0000 | weighted_recall 0.1422 | consensus_recall 0.0000 | threshold 0.750
Epoch 24/30 | train_loss 0.9795 | union_precision 1.0000 | weighted_recall 0.2108 | consensus_recall 0.0000 | threshold 0.725
Epoch 25/30 | train_loss 0.9730 | union_precision 1.0000 | weighted_recall 0.3284 | consensus_recall 1.0000 | threshold 0.725
Epoch 26/30 | train_loss 0.9637 | union_precision 1.0000 | weighted_recall 0.4216 | consensus_recall 1.0000 | threshold 0.725
Epoch 27/30 | train_loss 0.9502 | union_precision 1.0000 | weighted_recall 0.4216 | consensus_recall 1.0000 | threshold 0.725
Epoch 28/30 | train_loss 0.9375 | union_precision 0.8571 | weighted_recall 0.5000 | consensus_recall 1.0000 | threshold 0.675
Epoch 29/30 | train_loss 0.9319 | union_precision 0.8571 | weighted_recall 0.5000 | consensus_recall 1.0000 | threshold 0.650
Epoch 30/30 | train_loss 0.9303 | union_precision 0.8571 | weighted_recall 0.5000 | consensus_recall 1.0000 | threshold 0.650
Held-out M24-3 | union_precision=0.8571 | weighted_recall=0.5000 | consensus_recall=1.0000
  oracle_stage_macro_f1=0.3073 | end_to_end_stage_macro_f1=0.2737
  end_to_end_stage_class_f1=low:0.2400,mid:0.3810,high:0.2000
Epoch 1/30 | train_loss 1.6479 | union_precision 0.4884 | weighted_recall 0.1224 | consensus_recall 0.0000 | threshold 0.550
Epoch 2/30 | train_loss 1.4734 | union_precision 0.5882 | weighted_recall 0.2669 | consensus_recall 0.7500 | threshold 0.525
Epoch 3/30 | train_loss 1.3814 | union_precision 0.5714 | weighted_recall 0.2576 | consensus_recall 1.0000 | threshold 0.525
Epoch 4/30 | train_loss 1.3041 | union_precision 0.5682 | weighted_recall 0.2296 | consensus_recall 1.0000 | threshold 0.550
Epoch 5/30 | train_loss 1.2735 | union_precision 0.5581 | weighted_recall 0.2284 | consensus_recall 1.0000 | threshold 0.550
Epoch 6/30 | train_loss 1.2289 | union_precision 1.0000 | weighted_recall 0.0233 | consensus_recall 0.0000 | threshold 0.775
Epoch 7/30 | train_loss 1.1991 | union_precision 1.0000 | weighted_recall 0.0233 | consensus_recall 0.0000 | threshold 0.750
Epoch 8/30 | train_loss 1.1807 | union_precision 1.0000 | weighted_recall 0.0280 | consensus_recall 0.0000 | threshold 0.750
Epoch 9/30 | train_loss 1.1621 | union_precision 1.0000 | weighted_recall 0.0280 | consensus_recall 0.0000 | threshold 0.750
Epoch 10/30 | train_loss 1.1337 | union_precision 1.0000 | weighted_recall 0.0315 | consensus_recall 0.0000 | threshold 0.750
Epoch 11/30 | train_loss 1.1188 | union_precision 1.0000 | weighted_recall 0.0315 | consensus_recall 0.0000 | threshold 0.750
Epoch 12/30 | train_loss 1.1000 | union_precision 1.0000 | weighted_recall 0.0105 | consensus_recall 0.0000 | threshold 0.775
Epoch 13/30 | train_loss 1.0769 | union_precision 1.0000 | weighted_recall 0.0105 | consensus_recall 0.0000 | threshold 0.775
Epoch 14/30 | train_loss 1.0738 | union_precision 1.0000 | weighted_recall 0.0105 | consensus_recall 0.0000 | threshold 0.800
Epoch 15/30 | train_loss 1.0646 | union_precision 1.0000 | weighted_recall 0.0210 | consensus_recall 0.0000 | threshold 0.800
Epoch 16/30 | train_loss 1.0361 | union_precision 1.0000 | weighted_recall 0.0105 | consensus_recall 0.0000 | threshold 0.825
Epoch 17/30 | train_loss 1.0315 | union_precision 1.0000 | weighted_recall 0.0210 | consensus_recall 0.0000 | threshold 0.825
Epoch 18/30 | train_loss 1.0177 | union_precision 1.0000 | weighted_recall 0.0105 | consensus_recall 0.0000 | threshold 0.850
Epoch 19/30 | train_loss 1.0084 | union_precision 1.0000 | weighted_recall 0.0210 | consensus_recall 0.0000 | threshold 0.850
Epoch 20/30 | train_loss 1.0057 | union_precision 1.0000 | weighted_recall 0.0105 | consensus_recall 0.0000 | threshold 0.875
Early stopping at epoch 20
Held-out M24-4 | union_precision=1.0000 | weighted_recall=0.0210 | consensus_recall=0.0000
  oracle_stage_macro_f1=0.3417 | end_to_end_stage_macro_f1=0.0088
  end_to_end_stage_class_f1=low:0.0000,mid:0.0263,high:0.0000
Epoch 1/30 | train_loss 1.6300 | union_precision 0.4444 | weighted_recall 0.0775 | consensus_recall 0.0000 | threshold 0.575
Epoch 2/30 | train_loss 1.4663 | union_precision 0.6000 | weighted_recall 0.0634 | consensus_recall 0.0000 | threshold 0.625
Epoch 3/30 | train_loss 1.3792 | union_precision 1.0000 | weighted_recall 0.0070 | consensus_recall 0.0000 | threshold 0.700
Epoch 4/30 | train_loss 1.3048 | union_precision 0.7143 | weighted_recall 0.0915 | consensus_recall 0.0000 | threshold 0.575
Epoch 5/30 | train_loss 1.2723 | union_precision 1.0000 | weighted_recall 0.0070 | consensus_recall 0.0000 | threshold 0.725
Epoch 6/30 | train_loss 1.2270 | union_precision 1.0000 | weighted_recall 0.0070 | consensus_recall 0.0000 | threshold 0.725
Epoch 7/30 | train_loss 1.1979 | union_precision 0.7143 | weighted_recall 0.0915 | consensus_recall 0.0000 | threshold 0.600
Epoch 8/30 | train_loss 1.1804 | union_precision 0.7143 | weighted_recall 0.1690 | consensus_recall 0.0000 | threshold 0.600
Early stopping at epoch 8
Held-out M30-1 | union_precision=1.0000 | weighted_recall=0.0070 | consensus_recall=0.0000
  oracle_stage_macro_f1=0.3238 | end_to_end_stage_macro_f1=0.0476
  end_to_end_stage_class_f1=low:0.0000,mid:0.1429,high:0.0000
Epoch 1/30 | train_loss 1.6251 | union_precision 0.5000 | weighted_recall 0.2826 | consensus_recall 0.0000 | threshold 0.525
Epoch 2/30 | train_loss 1.4666 | union_precision 0.3077 | weighted_recall 0.0609 | consensus_recall 0.0000 | threshold 0.050
Epoch 3/30 | train_loss 1.3799 | union_precision 0.3529 | weighted_recall 0.1087 | consensus_recall 0.0000 | threshold 0.525
Epoch 4/30 | train_loss 1.3075 | union_precision 0.3333 | weighted_recall 0.1478 | consensus_recall 0.0000 | threshold 0.050
Epoch 5/30 | train_loss 1.2721 | union_precision 0.6667 | weighted_recall 0.1696 | consensus_recall 0.0000 | threshold 0.575
Epoch 6/30 | train_loss 1.2297 | union_precision 0.8000 | weighted_recall 0.2435 | consensus_recall 0.0000 | threshold 0.600
Epoch 7/30 | train_loss 1.1985 | union_precision 0.8000 | weighted_recall 0.2435 | consensus_recall 0.0000 | threshold 0.600
Epoch 8/30 | train_loss 1.1842 | union_precision 0.8000 | weighted_recall 0.2435 | consensus_recall 0.0000 | threshold 0.600
Epoch 9/30 | train_loss 1.1636 | union_precision 0.8571 | weighted_recall 0.2696 | consensus_recall 0.0000 | threshold 0.600
Epoch 10/30 | train_loss 1.1400 | union_precision 0.8571 | weighted_recall 0.3870 | consensus_recall 0.0000 | threshold 0.600
Epoch 11/30 | train_loss 1.1224 | union_precision 0.8571 | weighted_recall 0.3870 | consensus_recall 0.0000 | threshold 0.625
Epoch 12/30 | train_loss 1.1038 | union_precision 0.8571 | weighted_recall 0.3870 | consensus_recall 0.0000 | threshold 0.650
Epoch 13/30 | train_loss 1.0794 | union_precision 0.8571 | weighted_recall 0.3870 | consensus_recall 0.0000 | threshold 0.675
Epoch 14/30 | train_loss 1.0738 | union_precision 0.8571 | weighted_recall 0.3870 | consensus_recall 0.0000 | threshold 0.675
Epoch 15/30 | train_loss 1.0698 | union_precision 0.8571 | weighted_recall 0.3348 | consensus_recall 0.0000 | threshold 0.700
Early stopping at epoch 15
Held-out M30-2 | union_precision=0.8571 | weighted_recall=0.3870 | consensus_recall=0.0000
  oracle_stage_macro_f1=0.4425 | end_to_end_stage_macro_f1=0.0808
  end_to_end_stage_class_f1=low:0.0000,mid:0.2424,high:0.0000
Epoch 1/30 | train_loss 1.6315 | union_precision 0.8333 | weighted_recall 0.0161 | consensus_recall 0.0000 | threshold 0.675
Epoch 2/30 | train_loss 1.4717 | union_precision 0.7500 | weighted_recall 0.0069 | consensus_recall 0.0000 | threshold 0.700
Epoch 3/30 | train_loss 1.3779 | union_precision 0.6667 | weighted_recall 0.0115 | consensus_recall 0.0000 | threshold 0.675
Epoch 4/30 | train_loss 1.3070 | union_precision 0.6667 | weighted_recall 0.3195 | consensus_recall 0.7500 | threshold 0.575
Epoch 5/30 | train_loss 1.2725 | union_precision 0.7143 | weighted_recall 0.3264 | consensus_recall 0.7500 | threshold 0.575
Epoch 6/30 | train_loss 1.2306 | union_precision 0.7391 | weighted_recall 0.3310 | consensus_recall 0.7500 | threshold 0.575
Early stopping at epoch 6
Held-out M30-3 | union_precision=0.8333 | weighted_recall=0.0161 | consensus_recall=0.0000
  oracle_stage_macro_f1=0.2392 | end_to_end_stage_macro_f1=0.0000
  end_to_end_stage_class_f1=low:0.0000,mid:0.0000,high:0.0000
Epoch 1/30 | train_loss 1.6247 | union_precision 1.0000 | weighted_recall 0.0087 | consensus_recall 0.0000 | threshold 0.775
Epoch 2/30 | train_loss 1.4613 | union_precision 1.0000 | weighted_recall 0.0087 | consensus_recall 0.0000 | threshold 0.775
Epoch 3/30 | train_loss 1.3809 | union_precision 1.0000 | weighted_recall 0.0087 | consensus_recall 0.0000 | threshold 0.750
Epoch 4/30 | train_loss 1.3074 | union_precision 0.6667 | weighted_recall 0.0647 | consensus_recall 0.0000 | threshold 0.675
Epoch 5/30 | train_loss 1.2743 | union_precision 0.6667 | weighted_recall 0.0647 | consensus_recall 0.0000 | threshold 0.675
Epoch 6/30 | train_loss 1.2339 | union_precision 1.0000 | weighted_recall 0.0192 | consensus_recall 0.0000 | threshold 0.725
Epoch 7/30 | train_loss 1.2009 | union_precision 0.7500 | weighted_recall 0.0490 | consensus_recall 0.0000 | threshold 0.700
Epoch 8/30 | train_loss 1.1876 | union_precision 0.8000 | weighted_recall 0.0507 | consensus_recall 0.0000 | threshold 0.700
Epoch 9/30 | train_loss 1.1660 | union_precision 0.8571 | weighted_recall 0.1399 | consensus_recall 0.2000 | threshold 0.700
Epoch 10/30 | train_loss 1.1432 | union_precision 0.9000 | weighted_recall 0.2657 | consensus_recall 0.4000 | threshold 0.700
Epoch 11/30 | train_loss 1.1211 | union_precision 0.9091 | weighted_recall 0.2570 | consensus_recall 0.4000 | threshold 0.725
Epoch 12/30 | train_loss 1.1046 | union_precision 1.0000 | weighted_recall 0.1783 | consensus_recall 0.4000 | threshold 0.800
Epoch 13/30 | train_loss 1.0822 | union_precision 1.0000 | weighted_recall 0.1626 | consensus_recall 0.4000 | threshold 0.825
Epoch 14/30 | train_loss 1.0807 | union_precision 1.0000 | weighted_recall 0.1783 | consensus_recall 0.4000 | threshold 0.825
Epoch 15/30 | train_loss 1.0707 | union_precision 1.0000 | weighted_recall 0.1626 | consensus_recall 0.4000 | threshold 0.850
Epoch 16/30 | train_loss 1.0405 | union_precision 1.0000 | weighted_recall 0.1626 | consensus_recall 0.4000 | threshold 0.850
Early stopping at epoch 16
Held-out M30-4 | union_precision=0.9091 | weighted_recall=0.2570 | consensus_recall=0.4000
  oracle_stage_macro_f1=0.3548 | end_to_end_stage_macro_f1=0.0654
  end_to_end_stage_class_f1=low:0.1053,mid:0.0909,high:0.0000
Epoch 1/30 | train_loss 1.6142 | union_precision 0.4118 | weighted_recall 0.1689 | consensus_recall 0.0000 | threshold 0.050
Epoch 2/30 | train_loss 1.4582 | union_precision 0.4615 | weighted_recall 0.0608 | consensus_recall 0.0000 | threshold 0.575
Epoch 3/30 | train_loss 1.3714 | union_precision 0.4286 | weighted_recall 0.0541 | consensus_recall 0.0000 | threshold 0.525
Epoch 4/30 | train_loss 1.3050 | union_precision 0.4667 | weighted_recall 0.0743 | consensus_recall 0.0000 | threshold 0.525
Epoch 5/30 | train_loss 1.2655 | union_precision 0.4286 | weighted_recall 0.1622 | consensus_recall 0.0000 | threshold 0.525
Epoch 6/30 | train_loss 1.2274 | union_precision 0.4000 | weighted_recall 0.1622 | consensus_recall 0.0000 | threshold 0.525
Epoch 7/30 | train_loss 1.1980 | union_precision 0.4000 | weighted_recall 0.1622 | consensus_recall 1.0000 | threshold 0.500
Epoch 8/30 | train_loss 1.1811 | union_precision 0.5000 | weighted_recall 0.0135 | consensus_recall 1.0000 | threshold 0.725
Epoch 9/30 | train_loss 1.1573 | union_precision 0.5000 | weighted_recall 0.1149 | consensus_recall 1.0000 | threshold 0.700
Epoch 10/30 | train_loss 1.1387 | union_precision 0.6667 | weighted_recall 0.1149 | consensus_recall 1.0000 | threshold 0.700
Epoch 11/30 | train_loss 1.1153 | union_precision 0.6667 | weighted_recall 0.1149 | consensus_recall 1.0000 | threshold 0.725
Epoch 12/30 | train_loss 1.1004 | union_precision 0.6667 | weighted_recall 0.1149 | consensus_recall 1.0000 | threshold 0.725
Epoch 13/30 | train_loss 1.0760 | union_precision 0.6667 | weighted_recall 0.1149 | consensus_recall 1.0000 | threshold 0.725
Epoch 14/30 | train_loss 1.0730 | union_precision 1.0000 | weighted_recall 0.0135 | consensus_recall 1.0000 | threshold 0.850
Epoch 15/30 | train_loss 1.0630 | union_precision 1.0000 | weighted_recall 0.0135 | consensus_recall 1.0000 | threshold 0.850
Epoch 16/30 | train_loss 1.0332 | union_precision 1.0000 | weighted_recall 0.0135 | consensus_recall 1.0000 | threshold 0.875
Epoch 17/30 | train_loss 1.0342 | union_precision 1.0000 | weighted_recall 0.0135 | consensus_recall 1.0000 | threshold 0.875
Epoch 18/30 | train_loss 1.0199 | union_precision 1.0000 | weighted_recall 0.0135 | consensus_recall 1.0000 | threshold 0.875
Epoch 19/30 | train_loss 1.0103 | union_precision 1.0000 | weighted_recall 0.1149 | consensus_recall 1.0000 | threshold 0.875
Epoch 20/30 | train_loss 1.0077 | union_precision 1.0000 | weighted_recall 0.1149 | consensus_recall 1.0000 | threshold 0.875
Epoch 21/30 | train_loss 1.0004 | union_precision 1.0000 | weighted_recall 0.1149 | consensus_recall 1.0000 | threshold 0.850
Epoch 22/30 | train_loss 0.9786 | union_precision 1.0000 | weighted_recall 0.1149 | consensus_recall 1.0000 | threshold 0.850
Epoch 23/30 | train_loss 0.9794 | union_precision 1.0000 | weighted_recall 0.1149 | consensus_recall 1.0000 | threshold 0.850
Epoch 24/30 | train_loss 0.9712 | union_precision 1.0000 | weighted_recall 0.1149 | consensus_recall 1.0000 | threshold 0.850
Early stopping at epoch 24
Held-out M33-1 | union_precision=1.0000 | weighted_recall=0.1149 | consensus_recall=1.0000
  oracle_stage_macro_f1=0.3507 | end_to_end_stage_macro_f1=0.0000
  end_to_end_stage_class_f1=low:0.0000,mid:0.0000,high:0.0000
Epoch 1/30 | train_loss 1.6133 | union_precision 0.7500 | weighted_recall 0.0400 | consensus_recall 0.0000 | threshold 0.625
Epoch 2/30 | train_loss 1.4619 | union_precision 0.6000 | weighted_recall 0.0400 | consensus_recall 0.0000 | threshold 0.625
Epoch 3/30 | train_loss 1.3801 | union_precision 0.6000 | weighted_recall 0.0400 | consensus_recall 0.0000 | threshold 0.650
Epoch 4/30 | train_loss 1.3047 | union_precision 0.6667 | weighted_recall 0.0350 | consensus_recall 0.0000 | threshold 0.675
Epoch 5/30 | train_loss 1.2715 | union_precision 1.0000 | weighted_recall 0.0283 | consensus_recall 0.0000 | threshold 0.700
Epoch 6/30 | train_loss 1.2338 | union_precision 1.0000 | weighted_recall 0.0283 | consensus_recall 0.0000 | threshold 0.700
Epoch 7/30 | train_loss 1.2031 | union_precision 1.0000 | weighted_recall 0.0283 | consensus_recall 0.0000 | threshold 0.700
Epoch 8/30 | train_loss 1.1884 | union_precision 1.0000 | weighted_recall 0.0283 | consensus_recall 0.0000 | threshold 0.700
Epoch 9/30 | train_loss 1.1659 | union_precision 0.5000 | weighted_recall 0.0483 | consensus_recall 0.0000 | threshold 0.600
Epoch 10/30 | train_loss 1.1463 | union_precision 0.5625 | weighted_recall 0.0600 | consensus_recall 0.0000 | threshold 0.600
Early stopping at epoch 10
Held-out M33-2 | union_precision=1.0000 | weighted_recall=0.0283 | consensus_recall=0.0000
  oracle_stage_macro_f1=0.2749 | end_to_end_stage_macro_f1=0.0000
  end_to_end_stage_class_f1=low:0.0000,mid:0.0000,high:0.0000
Epoch 1/30 | train_loss 1.6085 | union_precision 0.2500 | weighted_recall 0.1149 | consensus_recall 0.0000 | threshold 0.525
Epoch 2/30 | train_loss 1.4581 | union_precision 0.2500 | weighted_recall 0.1034 | consensus_recall 0.0000 | threshold 0.550
Epoch 3/30 | train_loss 1.3766 | union_precision 0.2500 | weighted_recall 0.1954 | consensus_recall 0.0000 | threshold 0.500
Epoch 4/30 | train_loss 1.3003 | union_precision 0.3125 | weighted_recall 0.1724 | consensus_recall 0.0000 | threshold 0.550
Epoch 5/30 | train_loss 1.2656 | union_precision 0.3333 | weighted_recall 0.1724 | consensus_recall 0.0000 | threshold 0.575
Epoch 6/30 | train_loss 1.2287 | union_precision 0.4167 | weighted_recall 0.1724 | consensus_recall 0.0000 | threshold 0.600
Epoch 7/30 | train_loss 1.1990 | union_precision 0.5714 | weighted_recall 0.1609 | consensus_recall 0.0000 | threshold 0.625
Epoch 8/30 | train_loss 1.1820 | union_precision 1.0000 | weighted_recall 0.1034 | consensus_recall 0.0000 | threshold 0.675
Epoch 9/30 | train_loss 1.1606 | union_precision 1.0000 | weighted_recall 0.1494 | consensus_recall 0.0000 | threshold 0.675
Epoch 10/30 | train_loss 1.1403 | union_precision 1.0000 | weighted_recall 0.1494 | consensus_recall 0.0000 | threshold 0.700
Epoch 11/30 | train_loss 1.1157 | union_precision 1.0000 | weighted_recall 0.1034 | consensus_recall 0.0000 | threshold 0.725
Epoch 12/30 | train_loss 1.1030 | union_precision 1.0000 | weighted_recall 0.1494 | consensus_recall 0.0000 | threshold 0.725
Epoch 13/30 | train_loss 1.0758 | union_precision 1.0000 | weighted_recall 0.0690 | consensus_recall 0.0000 | threshold 0.750
Epoch 14/30 | train_loss 1.0755 | union_precision 1.0000 | weighted_recall 0.1034 | consensus_recall 0.0000 | threshold 0.750
Early stopping at epoch 14
Held-out M33-3 | union_precision=1.0000 | weighted_recall=0.1494 | consensus_recall=0.0000
  oracle_stage_macro_f1=0.3929 | end_to_end_stage_macro_f1=0.0392
  end_to_end_stage_class_f1=low:0.0000,mid:0.1176,high:0.0000
Epoch 1/30 | train_loss 1.6362 | union_precision 0.6667 | weighted_recall 0.0332 | consensus_recall 0.0000 | threshold 0.700
Epoch 2/30 | train_loss 1.4618 | union_precision 1.0000 | weighted_recall 0.0203 | consensus_recall 0.0000 | threshold 0.725
Epoch 3/30 | train_loss 1.3542 | union_precision 1.0000 | weighted_recall 0.0221 | consensus_recall 0.0000 | threshold 0.725
Epoch 4/30 | train_loss 1.3102 | union_precision 1.0000 | weighted_recall 0.0360 | consensus_recall 0.0000 | threshold 0.700
Epoch 5/30 | train_loss 1.2699 | union_precision 0.9091 | weighted_recall 0.0434 | consensus_recall 0.0000 | threshold 0.700
Epoch 6/30 | train_loss 1.2107 | union_precision 0.9167 | weighted_recall 0.0590 | consensus_recall 0.0000 | threshold 0.700
Epoch 7/30 | train_loss 1.2054 | union_precision 0.8636 | weighted_recall 0.0729 | consensus_recall 0.0000 | threshold 0.675
Epoch 8/30 | train_loss 1.1790 | union_precision 0.8750 | weighted_recall 0.0756 | consensus_recall 0.0000 | threshold 0.675
Epoch 9/30 | train_loss 1.1582 | union_precision 0.9259 | weighted_recall 0.0932 | consensus_recall 0.0000 | threshold 0.675
Epoch 10/30 | train_loss 1.1373 | union_precision 0.9000 | weighted_recall 0.0978 | consensus_recall 0.2500 | threshold 0.675
Epoch 11/30 | train_loss 1.1234 | union_precision 0.8571 | weighted_recall 0.1485 | consensus_recall 1.0000 | threshold 0.650
Epoch 12/30 | train_loss 1.1114 | union_precision 0.8788 | weighted_recall 0.1485 | consensus_recall 1.0000 | threshold 0.675
Epoch 13/30 | train_loss 1.0826 | union_precision 0.8750 | weighted_recall 0.1476 | consensus_recall 1.0000 | threshold 0.700
Epoch 14/30 | train_loss 1.0684 | union_precision 0.9000 | weighted_recall 0.1458 | consensus_recall 1.0000 | threshold 0.725
Epoch 15/30 | train_loss 1.0579 | union_precision 0.9000 | weighted_recall 0.1448 | consensus_recall 1.0000 | threshold 0.725
Epoch 16/30 | train_loss 1.0487 | union_precision 0.8824 | weighted_recall 0.1799 | consensus_recall 1.0000 | threshold 0.725
Epoch 17/30 | train_loss 1.0307 | union_precision 0.9259 | weighted_recall 0.1587 | consensus_recall 1.0000 | threshold 0.750
Epoch 18/30 | train_loss 1.0230 | union_precision 0.9032 | weighted_recall 0.1780 | consensus_recall 1.0000 | threshold 0.750
Epoch 19/30 | train_loss 1.0163 | union_precision 0.8529 | weighted_recall 0.2048 | consensus_recall 1.0000 | threshold 0.750
Epoch 20/30 | train_loss 1.0023 | union_precision 0.8929 | weighted_recall 0.1642 | consensus_recall 1.0000 | threshold 0.775
Epoch 21/30 | train_loss 1.0041 | union_precision 0.8889 | weighted_recall 0.1614 | consensus_recall 1.0000 | threshold 0.800
Early stopping at epoch 21
Held-out M33-4 | union_precision=0.8824 | weighted_recall=0.1799 | consensus_recall=1.0000
  oracle_stage_macro_f1=0.3980 | end_to_end_stage_macro_f1=0.1165
  end_to_end_stage_class_f1=low:0.0806,mid:0.2000,high:0.0690
Epoch 1/30 | train_loss 1.6193 | union_precision 0.5192 | weighted_recall 0.2338 | consensus_recall 0.0000 | threshold 0.050
Epoch 2/30 | train_loss 1.4593 | union_precision 0.5283 | weighted_recall 0.2123 | consensus_recall 0.0000 | threshold 0.450
Epoch 3/30 | train_loss 1.3825 | union_precision 0.5417 | weighted_recall 0.2215 | consensus_recall 0.0000 | threshold 0.500
Epoch 4/30 | train_loss 1.2965 | union_precision 0.5273 | weighted_recall 0.2338 | consensus_recall 0.0000 | threshold 0.475
Epoch 5/30 | train_loss 1.2619 | union_precision 0.5926 | weighted_recall 0.1815 | consensus_recall 0.0000 | threshold 0.550
Epoch 6/30 | train_loss 1.2256 | union_precision 0.5926 | weighted_recall 0.1815 | consensus_recall 0.0000 | threshold 0.550
Epoch 7/30 | train_loss 1.1990 | union_precision 0.5667 | weighted_recall 0.1846 | consensus_recall 0.0000 | threshold 0.550
Epoch 8/30 | train_loss 1.1762 | union_precision 0.5938 | weighted_recall 0.2123 | consensus_recall 0.0000 | threshold 0.550
Epoch 9/30 | train_loss 1.1529 | union_precision 0.5926 | weighted_recall 0.1969 | consensus_recall 0.0000 | threshold 0.575
Epoch 10/30 | train_loss 1.1330 | union_precision 0.6061 | weighted_recall 0.1938 | consensus_recall 0.0000 | threshold 0.550
Epoch 11/30 | train_loss 1.1158 | union_precision 1.0000 | weighted_recall 0.0277 | consensus_recall 0.0000 | threshold 0.725
Epoch 12/30 | train_loss 1.0980 | union_precision 1.0000 | weighted_recall 0.0308 | consensus_recall 0.0000 | threshold 0.725
Epoch 13/30 | train_loss 1.0729 | union_precision 1.0000 | weighted_recall 0.0308 | consensus_recall 0.0000 | threshold 0.725
Epoch 14/30 | train_loss 1.0685 | union_precision 1.0000 | weighted_recall 0.0462 | consensus_recall 0.0000 | threshold 0.725
Epoch 15/30 | train_loss 1.0588 | union_precision 0.8750 | weighted_recall 0.1385 | consensus_recall 0.0000 | threshold 0.700
Epoch 16/30 | train_loss 1.0359 | union_precision 0.8750 | weighted_recall 0.1385 | consensus_recall 0.0000 | threshold 0.700
Epoch 17/30 | train_loss 1.0342 | union_precision 0.8750 | weighted_recall 0.1385 | consensus_recall 0.0000 | threshold 0.700
Epoch 18/30 | train_loss 1.0180 | union_precision 0.8571 | weighted_recall 0.1815 | consensus_recall 0.0000 | threshold 0.675
Epoch 19/30 | train_loss 1.0068 | union_precision 1.0000 | weighted_recall 0.0462 | consensus_recall 0.0000 | threshold 0.775
Epoch 20/30 | train_loss 1.0033 | union_precision 0.8571 | weighted_recall 0.0892 | consensus_recall 0.0000 | threshold 0.750
Epoch 21/30 | train_loss 0.9984 | union_precision 1.0000 | weighted_recall 0.0308 | consensus_recall 0.0000 | threshold 0.800
Epoch 22/30 | train_loss 0.9760 | union_precision 1.0000 | weighted_recall 0.0369 | consensus_recall 0.0000 | threshold 0.800
Epoch 23/30 | train_loss 0.9713 | union_precision 1.0000 | weighted_recall 0.0646 | consensus_recall 0.0000 | threshold 0.800
Early stopping at epoch 23
Held-out M41-1 | union_precision=0.8571 | weighted_recall=0.1815 | consensus_recall=0.0000
  oracle_stage_macro_f1=0.3300 | end_to_end_stage_macro_f1=0.0793
  end_to_end_stage_class_f1=low:0.0526,mid:0.1852,high:0.0000
Epoch 1/30 | train_loss 1.6149 | union_precision 0.8000 | weighted_recall 0.0432 | consensus_recall 0.0000 | threshold 0.600
Epoch 2/30 | train_loss 1.4591 | union_precision 0.8000 | weighted_recall 0.0432 | consensus_recall 0.0000 | threshold 0.600
Epoch 3/30 | train_loss 1.3809 | union_precision 0.7500 | weighted_recall 0.0370 | consensus_recall 0.0000 | threshold 0.600
Epoch 4/30 | train_loss 1.2971 | union_precision 0.7500 | weighted_recall 0.0370 | consensus_recall 0.0000 | threshold 0.625
Epoch 5/30 | train_loss 1.2653 | union_precision 0.7222 | weighted_recall 0.1728 | consensus_recall 0.0000 | threshold 0.525
Epoch 6/30 | train_loss 1.2291 | union_precision 0.6667 | weighted_recall 0.1543 | consensus_recall 0.0000 | threshold 0.525
Early stopping at epoch 6
Held-out M41-2 | union_precision=0.8000 | weighted_recall=0.0432 | consensus_recall=0.0000
  oracle_stage_macro_f1=0.3976 | end_to_end_stage_macro_f1=0.0556
  end_to_end_stage_class_f1=low:0.1667,mid:0.0000,high:0.0000
Epoch 1/30 | train_loss 1.6172 | union_precision 0.8571 | weighted_recall 0.1239 | consensus_recall 0.0000 | threshold 0.650
Epoch 2/30 | train_loss 1.4622 | union_precision 0.8125 | weighted_recall 0.1903 | consensus_recall 0.0000 | threshold 0.625
Epoch 3/30 | train_loss 1.3799 | union_precision 1.0000 | weighted_recall 0.0973 | consensus_recall 0.0000 | threshold 0.650
Epoch 4/30 | train_loss 1.2972 | union_precision 0.9167 | weighted_recall 0.2168 | consensus_recall 0.0000 | threshold 0.650
Epoch 5/30 | train_loss 1.2675 | union_precision 0.8571 | weighted_recall 0.2212 | consensus_recall 0.0000 | threshold 0.650
Epoch 6/30 | train_loss 1.2304 | union_precision 1.0000 | weighted_recall 0.0221 | consensus_recall 0.0000 | threshold 0.725
Epoch 7/30 | train_loss 1.2021 | union_precision 1.0000 | weighted_recall 0.0752 | consensus_recall 0.0000 | threshold 0.725
Epoch 8/30 | train_loss 1.1785 | union_precision 1.0000 | weighted_recall 0.0752 | consensus_recall 0.0000 | threshold 0.725
Epoch 9/30 | train_loss 1.1546 | union_precision 1.0000 | weighted_recall 0.0752 | consensus_recall 0.0000 | threshold 0.725
Epoch 10/30 | train_loss 1.1336 | union_precision 1.0000 | weighted_recall 0.0221 | consensus_recall 0.0000 | threshold 0.750
Early stopping at epoch 10
Held-out M41-3 | union_precision=0.8571 | weighted_recall=0.2212 | consensus_recall=0.0000
  oracle_stage_macro_f1=0.3314 | end_to_end_stage_macro_f1=0.1349
  end_to_end_stage_class_f1=low:0.0800,mid:0.1429,high:0.1818
Epoch 1/30 | train_loss 1.6181 | union_precision 0.6842 | weighted_recall 0.3060 | consensus_recall 0.0000 | threshold 0.525
Epoch 2/30 | train_loss 1.4652 | union_precision 0.6667 | weighted_recall 0.3005 | consensus_recall 0.0000 | threshold 0.525
Epoch 3/30 | train_loss 1.3856 | union_precision 0.7333 | weighted_recall 0.1913 | consensus_recall 0.0000 | threshold 0.550
Epoch 4/30 | train_loss 1.2986 | union_precision 1.0000 | weighted_recall 0.0546 | consensus_recall 0.0000 | threshold 0.625
Epoch 5/30 | train_loss 1.2693 | union_precision 0.8750 | weighted_recall 0.1038 | consensus_recall 0.0000 | threshold 0.600
Epoch 6/30 | train_loss 1.2328 | union_precision 1.0000 | weighted_recall 0.0656 | consensus_recall 0.0000 | threshold 0.625
Epoch 7/30 | train_loss 1.2036 | union_precision 1.0000 | weighted_recall 0.0874 | consensus_recall 0.0000 | threshold 0.625
Epoch 8/30 | train_loss 1.1808 | union_precision 1.0000 | weighted_recall 0.0929 | consensus_recall 0.0000 | threshold 0.625
Epoch 9/30 | train_loss 1.1559 | union_precision 1.0000 | weighted_recall 0.0874 | consensus_recall 0.0000 | threshold 0.650
Epoch 10/30 | train_loss 1.1388 | union_precision 1.0000 | weighted_recall 0.1475 | consensus_recall 0.0000 | threshold 0.650
Epoch 11/30 | train_loss 1.1190 | union_precision 0.9091 | weighted_recall 0.1530 | consensus_recall 0.0000 | threshold 0.650
Epoch 12/30 | train_loss 1.1042 | union_precision 0.8889 | weighted_recall 0.1421 | consensus_recall 0.0000 | threshold 0.675
Epoch 13/30 | train_loss 1.0779 | union_precision 0.9091 | weighted_recall 0.2131 | consensus_recall 0.0000 | threshold 0.675
Epoch 14/30 | train_loss 1.0759 | union_precision 0.9231 | weighted_recall 0.3279 | consensus_recall 1.0000 | threshold 0.675
Epoch 15/30 | train_loss 1.0666 | union_precision 0.9000 | weighted_recall 0.2077 | consensus_recall 0.0000 | threshold 0.700
Epoch 16/30 | train_loss 1.0404 | union_precision 0.9167 | weighted_recall 0.3224 | consensus_recall 1.0000 | threshold 0.700
Epoch 17/30 | train_loss 1.0402 | union_precision 0.9167 | weighted_recall 0.3224 | consensus_recall 1.0000 | threshold 0.700
Epoch 18/30 | train_loss 1.0218 | union_precision 0.8571 | weighted_recall 0.3333 | consensus_recall 1.0000 | threshold 0.700
Epoch 19/30 | train_loss 1.0128 | union_precision 1.0000 | weighted_recall 0.3169 | consensus_recall 1.0000 | threshold 0.725
Early stopping at epoch 19
Held-out M41-4 | union_precision=0.9231 | weighted_recall=0.3279 | consensus_recall=1.0000
  oracle_stage_macro_f1=0.3777 | end_to_end_stage_macro_f1=0.1111
  end_to_end_stage_class_f1=low:0.0000,mid:0.3333,high:0.0000
Epoch 1/30 | train_loss 1.6162 | union_precision 0.4375 | weighted_recall 0.1858 | consensus_recall 0.0000 | threshold 0.525
Epoch 2/30 | train_loss 1.4649 | union_precision 0.5000 | weighted_recall 0.0068 | consensus_recall 0.0000 | threshold 0.725
Epoch 3/30 | train_loss 1.3797 | union_precision 0.5000 | weighted_recall 0.0068 | consensus_recall 0.0000 | threshold 0.725
Epoch 4/30 | train_loss 1.2971 | union_precision 0.3889 | weighted_recall 0.2196 | consensus_recall 0.0000 | threshold 0.550
Epoch 5/30 | train_loss 1.2665 | union_precision 0.5000 | weighted_recall 0.0068 | consensus_recall 0.0000 | threshold 0.750
Epoch 6/30 | train_loss 1.2304 | union_precision 0.4615 | weighted_recall 0.3277 | consensus_recall 0.0000 | threshold 0.550
Epoch 7/30 | train_loss 1.2012 | union_precision 0.4865 | weighted_recall 0.2770 | consensus_recall 0.0000 | threshold 0.550
Early stopping at epoch 7
Held-out M50-1 | union_precision=0.5000 | weighted_recall=0.0068 | consensus_recall=0.0000
  oracle_stage_macro_f1=0.3124 | end_to_end_stage_macro_f1=0.0167
  end_to_end_stage_class_f1=low:0.0000,mid:0.0500,high:0.0000
Epoch 1/30 | train_loss 1.6216 | union_precision 0.5333 | weighted_recall 0.0841 | consensus_recall 0.4000 | threshold 0.625
Epoch 2/30 | train_loss 1.4661 | union_precision 0.5000 | weighted_recall 0.0474 | consensus_recall 0.2000 | threshold 0.625
Epoch 3/30 | train_loss 1.3826 | union_precision 0.5200 | weighted_recall 0.1121 | consensus_recall 0.4000 | threshold 0.550
Epoch 4/30 | train_loss 1.2982 | union_precision 0.6667 | weighted_recall 0.0474 | consensus_recall 0.2000 | threshold 0.625
Epoch 5/30 | train_loss 1.2668 | union_precision 0.7000 | weighted_recall 0.0797 | consensus_recall 0.2000 | threshold 0.625
Epoch 6/30 | train_loss 1.2268 | union_precision 0.7143 | weighted_recall 0.0647 | consensus_recall 0.2000 | threshold 0.650
Epoch 7/30 | train_loss 1.2049 | union_precision 0.7143 | weighted_recall 0.0647 | consensus_recall 0.2000 | threshold 0.650
Epoch 8/30 | train_loss 1.1798 | union_precision 0.7778 | weighted_recall 0.1056 | consensus_recall 0.2000 | threshold 0.625
Epoch 9/30 | train_loss 1.1579 | union_precision 0.8000 | weighted_recall 0.0819 | consensus_recall 0.2000 | threshold 0.675
Epoch 10/30 | train_loss 1.1393 | union_precision 1.0000 | weighted_recall 0.0345 | consensus_recall 0.2000 | threshold 0.700
Epoch 11/30 | train_loss 1.1171 | union_precision 1.0000 | weighted_recall 0.0517 | consensus_recall 0.2000 | threshold 0.700
Epoch 12/30 | train_loss 1.0998 | union_precision 1.0000 | weighted_recall 0.0539 | consensus_recall 0.2000 | threshold 0.700
Epoch 13/30 | train_loss 1.0795 | union_precision 1.0000 | weighted_recall 0.0496 | consensus_recall 0.0000 | threshold 0.700
Epoch 14/30 | train_loss 1.0738 | union_precision 1.0000 | weighted_recall 0.0409 | consensus_recall 0.0000 | threshold 0.725
Epoch 15/30 | train_loss 1.0656 | union_precision 1.0000 | weighted_recall 0.0496 | consensus_recall 0.0000 | threshold 0.725
Epoch 16/30 | train_loss 1.0411 | union_precision 1.0000 | weighted_recall 0.0409 | consensus_recall 0.0000 | threshold 0.750
Epoch 17/30 | train_loss 1.0394 | union_precision 1.0000 | weighted_recall 0.0409 | consensus_recall 0.0000 | threshold 0.750
Epoch 18/30 | train_loss 1.0159 | union_precision 1.0000 | weighted_recall 0.0409 | consensus_recall 0.0000 | threshold 0.775
Early stopping at epoch 18
Held-out M50-2 | union_precision=1.0000 | weighted_recall=0.0496 | consensus_recall=0.0000
  oracle_stage_macro_f1=0.3040 | end_to_end_stage_macro_f1=0.0755
  end_to_end_stage_class_f1=low:0.0571,mid:0.0444,high:0.1250
Epoch 1/30 | train_loss 1.6295 | union_precision 1.0000 | weighted_recall 0.0019 | consensus_recall 0.0000 | threshold 0.750
Epoch 2/30 | train_loss 1.4575 | union_precision 1.0000 | weighted_recall 0.0019 | consensus_recall 0.0000 | threshold 0.775
Epoch 3/30 | train_loss 1.3882 | union_precision 1.0000 | weighted_recall 0.0019 | consensus_recall 0.0000 | threshold 0.775
Epoch 4/30 | train_loss 1.2996 | union_precision 1.0000 | weighted_recall 0.0019 | consensus_recall 0.0000 | threshold 0.800
Epoch 5/30 | train_loss 1.2651 | union_precision 1.0000 | weighted_recall 0.0019 | consensus_recall 0.0000 | threshold 0.800
Epoch 6/30 | train_loss 1.2264 | union_precision 1.0000 | weighted_recall 0.0019 | consensus_recall 0.0000 | threshold 0.800
Early stopping at epoch 6
Held-out M50-3 | union_precision=1.0000 | weighted_recall=0.0019 | consensus_recall=0.0000
  oracle_stage_macro_f1=0.3638 | end_to_end_stage_macro_f1=0.0101
  end_to_end_stage_class_f1=low:0.0000,mid:0.0303,high:0.0000
Epoch 1/30 | train_loss 1.6263 | union_precision 1.0000 | weighted_recall 0.0021 | consensus_recall 0.0000 | threshold 0.650
Epoch 2/30 | train_loss 1.4650 | union_precision 1.0000 | weighted_recall 0.0021 | consensus_recall 0.0000 | threshold 0.650
Epoch 3/30 | train_loss 1.3806 | union_precision 1.0000 | weighted_recall 0.0021 | consensus_recall 0.0000 | threshold 0.675
Epoch 4/30 | train_loss 1.2997 | union_precision 0.7143 | weighted_recall 0.0337 | consensus_recall 0.0000 | threshold 0.600
Epoch 5/30 | train_loss 1.2602 | union_precision 0.6667 | weighted_recall 0.0316 | consensus_recall 0.0000 | threshold 0.625
Epoch 6/30 | train_loss 1.2263 | union_precision 0.7143 | weighted_recall 0.0526 | consensus_recall 0.0000 | threshold 0.625
Early stopping at epoch 6
Held-out M56-1 | union_precision=1.0000 | weighted_recall=0.0021 | consensus_recall=0.0000
  oracle_stage_macro_f1=0.4100 | end_to_end_stage_macro_f1=0.0370
  end_to_end_stage_class_f1=low:0.0000,mid:0.0000,high:0.1111
Epoch 1/30 | train_loss 1.6152 | union_precision 0.5357 | weighted_recall 0.1168 | consensus_recall 0.0000 | threshold 0.500
Epoch 2/30 | train_loss 1.4596 | union_precision 1.0000 | weighted_recall 0.0030 | consensus_recall 0.0000 | threshold 0.675
Epoch 3/30 | train_loss 1.3750 | union_precision 1.0000 | weighted_recall 0.0030 | consensus_recall 0.0000 | threshold 0.675
Epoch 4/30 | train_loss 1.2937 | union_precision 0.4667 | weighted_recall 0.0689 | consensus_recall 0.0000 | threshold 0.525
Epoch 5/30 | train_loss 1.2557 | union_precision 0.4800 | weighted_recall 0.0629 | consensus_recall 0.0000 | threshold 0.575
Epoch 6/30 | train_loss 1.2211 | union_precision 0.5000 | weighted_recall 0.0689 | consensus_recall 0.0000 | threshold 0.575
Epoch 7/30 | train_loss 1.2032 | union_precision 0.5000 | weighted_recall 0.0299 | consensus_recall 0.0000 | threshold 0.600
Early stopping at epoch 7
Held-out M56-2 | union_precision=1.0000 | weighted_recall=0.0030 | consensus_recall=0.0000
  oracle_stage_macro_f1=0.2770 | end_to_end_stage_macro_f1=0.0606
  end_to_end_stage_class_f1=low:0.0000,mid:0.0000,high:0.1818
Epoch 1/30 | train_loss 1.6239 | union_precision 1.0000 | weighted_recall 0.0011 | consensus_recall 0.0000 | threshold 0.800
Epoch 2/30 | train_loss 1.4667 | union_precision 1.0000 | weighted_recall 0.0011 | consensus_recall 0.0000 | threshold 0.825
Epoch 3/30 | train_loss 1.3873 | union_precision 1.0000 | weighted_recall 0.0011 | consensus_recall 0.0000 | threshold 0.825
Epoch 4/30 | train_loss 1.3007 | union_precision 1.0000 | weighted_recall 0.0011 | consensus_recall 0.0000 | threshold 0.825
Epoch 5/30 | train_loss 1.2661 | union_precision 1.0000 | weighted_recall 0.0011 | consensus_recall 0.0000 | threshold 0.825
Epoch 6/30 | train_loss 1.2295 | union_precision 1.0000 | weighted_recall 0.0011 | consensus_recall 0.0000 | threshold 0.825
Early stopping at epoch 6
Held-out M56-3 | union_precision=1.0000 | weighted_recall=0.0011 | consensus_recall=0.0000
  oracle_stage_macro_f1=0.2846 | end_to_end_stage_macro_f1=0.0062
  end_to_end_stage_class_f1=low:0.0185,mid:0.0000,high:0.0000
Epoch 1/30 | train_loss 1.6226 | union_precision 1.0000 | weighted_recall 0.0070 | consensus_recall 0.0000 | threshold 0.750
Epoch 2/30 | train_loss 1.4636 | union_precision 1.0000 | weighted_recall 0.0070 | consensus_recall 0.0000 | threshold 0.750
Epoch 3/30 | train_loss 1.3801 | union_precision 1.0000 | weighted_recall 0.0070 | consensus_recall 0.0000 | threshold 0.700
Epoch 4/30 | train_loss 1.2948 | union_precision 1.0000 | weighted_recall 0.0070 | consensus_recall 0.0000 | threshold 0.700
Epoch 5/30 | train_loss 1.2608 | union_precision 1.0000 | weighted_recall 0.0070 | consensus_recall 0.0000 | threshold 0.675
Epoch 6/30 | train_loss 1.2217 | union_precision 1.0000 | weighted_recall 0.0070 | consensus_recall 0.0000 | threshold 0.650
Early stopping at epoch 6
Held-out M59-1 | union_precision=1.0000 | weighted_recall=0.0070 | consensus_recall=0.0000
  oracle_stage_macro_f1=0.2664 | end_to_end_stage_macro_f1=0.0000
  end_to_end_stage_class_f1=low:0.0000,mid:0.0000,high:0.0000
Epoch 1/30 | train_loss 1.6204 | union_precision 0.7143 | weighted_recall 0.1048 | consensus_recall 0.5000 | threshold 0.575
Epoch 2/30 | train_loss 1.4621 | union_precision 0.7273 | weighted_recall 0.0729 | consensus_recall 0.5000 | threshold 0.600
Epoch 3/30 | train_loss 1.3828 | union_precision 0.7778 | weighted_recall 0.0296 | consensus_recall 0.0000 | threshold 0.625
Epoch 4/30 | train_loss 1.2948 | union_precision 0.8333 | weighted_recall 0.1185 | consensus_recall 0.5000 | threshold 0.600
Epoch 5/30 | train_loss 1.2581 | union_precision 0.8000 | weighted_recall 0.1708 | consensus_recall 0.5000 | threshold 0.575
Epoch 6/30 | train_loss 1.2212 | union_precision 0.8333 | weighted_recall 0.0182 | consensus_recall 0.0000 | threshold 0.675
Epoch 7/30 | train_loss 1.2024 | union_precision 0.8571 | weighted_recall 0.0319 | consensus_recall 0.0000 | threshold 0.675
Epoch 8/30 | train_loss 1.1704 | union_precision 1.0000 | weighted_recall 0.0228 | consensus_recall 0.0000 | threshold 0.700
Epoch 9/30 | train_loss 1.1457 | union_precision 1.0000 | weighted_recall 0.0228 | consensus_recall 0.0000 | threshold 0.725
Epoch 10/30 | train_loss 1.1313 | union_precision 1.0000 | weighted_recall 0.0228 | consensus_recall 0.0000 | threshold 0.725
Epoch 11/30 | train_loss 1.1106 | union_precision 1.0000 | weighted_recall 0.0228 | consensus_recall 0.0000 | threshold 0.725
Epoch 12/30 | train_loss 1.0900 | union_precision 1.0000 | weighted_recall 0.0251 | consensus_recall 0.0000 | threshold 0.725
Early stopping at epoch 12
Held-out M59-2 | union_precision=0.8571 | weighted_recall=0.0319 | consensus_recall=0.0000
  oracle_stage_macro_f1=0.3600 | end_to_end_stage_macro_f1=0.0325
  end_to_end_stage_class_f1=low:0.0000,mid:0.0976,high:0.0000
Epoch 1/30 | train_loss 1.6196 | union_precision 0.7143 | weighted_recall 0.0371 | consensus_recall 0.2500 | threshold 0.625
Epoch 2/30 | train_loss 1.4665 | union_precision 0.7778 | weighted_recall 0.0760 | consensus_recall 0.2500 | threshold 0.625
Epoch 3/30 | train_loss 1.3849 | union_precision 1.0000 | weighted_recall 0.0212 | consensus_recall 0.2500 | threshold 0.675
Epoch 4/30 | train_loss 1.3024 | union_precision 1.0000 | weighted_recall 0.0212 | consensus_recall 0.2500 | threshold 0.700
Epoch 5/30 | train_loss 1.2629 | union_precision 1.0000 | weighted_recall 0.0583 | consensus_recall 0.2500 | threshold 0.700
Epoch 6/30 | train_loss 1.2264 | union_precision 1.0000 | weighted_recall 0.0583 | consensus_recall 0.2500 | threshold 0.725
Epoch 7/30 | train_loss 1.2053 | union_precision 1.0000 | weighted_recall 0.0583 | consensus_recall 0.2500 | threshold 0.725
Epoch 8/30 | train_loss 1.1748 | union_precision 1.0000 | weighted_recall 0.0583 | consensus_recall 0.2500 | threshold 0.725
Epoch 9/30 | train_loss 1.1486 | union_precision 1.0000 | weighted_recall 0.0583 | consensus_recall 0.2500 | threshold 0.750
Epoch 10/30 | train_loss 1.1341 | union_precision 1.0000 | weighted_recall 0.0583 | consensus_recall 0.2500 | threshold 0.750
Early stopping at epoch 10
Held-out M59-3 | union_precision=1.0000 | weighted_recall=0.0583 | consensus_recall=0.2500
  oracle_stage_macro_f1=0.3996 | end_to_end_stage_macro_f1=0.0000
  end_to_end_stage_class_f1=low:0.0000,mid:0.0000,high:0.0000
Epoch 1/30 | train_loss 1.6177 | union_precision 0.5000 | weighted_recall 0.1160 | consensus_recall 0.0000 | threshold 0.500
Epoch 2/30 | train_loss 1.4629 | union_precision 0.6154 | weighted_recall 0.0690 | consensus_recall 0.0000 | threshold 0.575
Epoch 3/30 | train_loss 1.3804 | union_precision 0.6154 | weighted_recall 0.0690 | consensus_recall 0.0000 | threshold 0.575
Epoch 4/30 | train_loss 1.3022 | union_precision 0.7500 | weighted_recall 0.0627 | consensus_recall 0.0000 | threshold 0.625
Epoch 5/30 | train_loss 1.2594 | union_precision 1.0000 | weighted_recall 0.0345 | consensus_recall 0.0000 | threshold 0.700
Epoch 6/30 | train_loss 1.2212 | union_precision 1.0000 | weighted_recall 0.0345 | consensus_recall 0.0000 | threshold 0.700
Epoch 7/30 | train_loss 1.2019 | union_precision 1.0000 | weighted_recall 0.0376 | consensus_recall 0.0000 | threshold 0.700
Epoch 8/30 | train_loss 1.1720 | union_precision 0.8182 | weighted_recall 0.0972 | consensus_recall 0.0000 | threshold 0.625
Epoch 9/30 | train_loss 1.1460 | union_precision 0.8333 | weighted_recall 0.1034 | consensus_recall 0.0000 | threshold 0.625
Epoch 10/30 | train_loss 1.1326 | union_precision 0.8571 | weighted_recall 0.1097 | consensus_recall 0.0000 | threshold 0.625
Epoch 11/30 | train_loss 1.1108 | union_precision 0.8889 | weighted_recall 0.0909 | consensus_recall 0.0000 | threshold 0.650
Epoch 12/30 | train_loss 1.0895 | union_precision 0.8750 | weighted_recall 0.0878 | consensus_recall 0.0000 | threshold 0.675
Epoch 13/30 | train_loss 1.0737 | union_precision 0.8750 | weighted_recall 0.0878 | consensus_recall 0.0000 | threshold 0.700
Epoch 14/30 | train_loss 1.0674 | union_precision 0.8571 | weighted_recall 0.0533 | consensus_recall 0.0000 | threshold 0.725
Epoch 15/30 | train_loss 1.0656 | union_precision 1.0000 | weighted_recall 0.0439 | consensus_recall 0.0000 | threshold 0.775
Early stopping at epoch 15
Held-out M63-1 | union_precision=0.8571 | weighted_recall=0.1097 | consensus_recall=0.0000
  oracle_stage_macro_f1=0.3684 | end_to_end_stage_macro_f1=0.0794
  end_to_end_stage_class_f1=low:0.0000,mid:0.2381,high:0.0000
Epoch 1/30 | train_loss 1.6180 | union_precision 1.0000 | weighted_recall 0.0802 | consensus_recall 0.0000 | threshold 0.650
Epoch 2/30 | train_loss 1.4657 | union_precision 1.0000 | weighted_recall 0.0802 | consensus_recall 0.0000 | threshold 0.700
Epoch 3/30 | train_loss 1.3824 | union_precision 1.0000 | weighted_recall 0.0802 | consensus_recall 0.0000 | threshold 0.700
Epoch 4/30 | train_loss 1.3046 | union_precision 1.0000 | weighted_recall 0.0802 | consensus_recall 0.0000 | threshold 0.700
Epoch 5/30 | train_loss 1.2624 | union_precision 1.0000 | weighted_recall 0.0802 | consensus_recall 0.0000 | threshold 0.700
Epoch 6/30 | train_loss 1.2242 | union_precision 1.0000 | weighted_recall 0.0802 | consensus_recall 0.0000 | threshold 0.700
Early stopping at epoch 6
Held-out M63-3 | union_precision=1.0000 | weighted_recall=0.0802 | consensus_recall=0.0000
  oracle_stage_macro_f1=0.3504 | end_to_end_stage_macro_f1=0.0303
  end_to_end_stage_class_f1=low:0.0000,mid:0.0909,high:0.0000
Epoch 1/30 | train_loss 1.6202 | union_precision 0.5714 | weighted_recall 0.2260 | consensus_recall 1.0000 | threshold 0.600
Epoch 2/30 | train_loss 1.4672 | union_precision 0.6250 | weighted_recall 0.2466 | consensus_recall 1.0000 | threshold 0.550
Epoch 3/30 | train_loss 1.3825 | union_precision 0.6250 | weighted_recall 0.2466 | consensus_recall 1.0000 | threshold 0.550
Epoch 4/30 | train_loss 1.3045 | union_precision 0.6250 | weighted_recall 0.2466 | consensus_recall 1.0000 | threshold 0.550
Epoch 5/30 | train_loss 1.2638 | union_precision 0.6667 | weighted_recall 0.2260 | consensus_recall 1.0000 | threshold 0.650
Epoch 6/30 | train_loss 1.2259 | union_precision 0.7059 | weighted_recall 0.4795 | consensus_recall 1.0000 | threshold 0.500
Epoch 7/30 | train_loss 1.2030 | union_precision 0.7500 | weighted_recall 0.1575 | consensus_recall 1.0000 | threshold 0.650
Epoch 8/30 | train_loss 1.1746 | union_precision 0.7692 | weighted_recall 0.4247 | consensus_recall 1.0000 | threshold 0.550
Epoch 9/30 | train_loss 1.1505 | union_precision 0.8000 | weighted_recall 0.2260 | consensus_recall 1.0000 | threshold 0.650
Epoch 10/30 | train_loss 1.1382 | union_precision 0.8000 | weighted_recall 0.4795 | consensus_recall 1.0000 | threshold 0.550
Epoch 11/30 | train_loss 1.1156 | union_precision 0.8571 | weighted_recall 0.3151 | consensus_recall 1.0000 | threshold 0.650
Epoch 12/30 | train_loss 1.0932 | union_precision 0.9000 | weighted_recall 0.3767 | consensus_recall 1.0000 | threshold 0.650
Epoch 13/30 | train_loss 1.0802 | union_precision 0.9091 | weighted_recall 0.3014 | consensus_recall 0.0000 | threshold 0.650
Epoch 14/30 | train_loss 1.0709 | union_precision 1.0000 | weighted_recall 0.3014 | consensus_recall 0.0000 | threshold 0.675
Epoch 15/30 | train_loss 1.0712 | union_precision 0.9091 | weighted_recall 0.3014 | consensus_recall 0.0000 | threshold 0.675
Epoch 16/30 | train_loss 1.0404 | union_precision 1.0000 | weighted_recall 0.3014 | consensus_recall 0.0000 | threshold 0.700
Epoch 17/30 | train_loss 1.0328 | union_precision 0.8571 | weighted_recall 0.3973 | consensus_recall 0.0000 | threshold 0.550
Epoch 18/30 | train_loss 1.0262 | union_precision 1.0000 | weighted_recall 0.2329 | consensus_recall 0.0000 | threshold 0.725
Epoch 19/30 | train_loss 1.0096 | union_precision 0.9000 | weighted_recall 0.2329 | consensus_recall 0.0000 | threshold 0.725
Epoch 20/30 | train_loss 1.0144 | union_precision 1.0000 | weighted_recall 0.2329 | consensus_recall 0.0000 | threshold 0.750
Epoch 21/30 | train_loss 0.9987 | union_precision 0.9000 | weighted_recall 0.2329 | consensus_recall 0.0000 | threshold 0.750
Epoch 22/30 | train_loss 0.9835 | union_precision 1.0000 | weighted_recall 0.2329 | consensus_recall 0.0000 | threshold 0.775
Early stopping at epoch 22
Held-out M67-1 | union_precision=0.8571 | weighted_recall=0.3973 | consensus_recall=0.0000
  oracle_stage_macro_f1=0.4159 | end_to_end_stage_macro_f1=0.1667
  end_to_end_stage_class_f1=low:0.0000,mid:0.5000,high:0.0000
Epoch 1/30 | train_loss 1.6210 | union_precision 0.7000 | weighted_recall 0.1732 | consensus_recall 0.0000 | threshold 0.600
Epoch 2/30 | train_loss 1.4672 | union_precision 0.7143 | weighted_recall 0.1496 | consensus_recall 0.0000 | threshold 0.625
Epoch 3/30 | train_loss 1.3789 | union_precision 0.7500 | weighted_recall 0.1654 | consensus_recall 0.0000 | threshold 0.625
Epoch 4/30 | train_loss 1.3043 | union_precision 0.6667 | weighted_recall 0.1024 | consensus_recall 0.0000 | threshold 0.650
Epoch 5/30 | train_loss 1.2608 | union_precision 0.6250 | weighted_recall 0.1496 | consensus_recall 0.0000 | threshold 0.650
Epoch 6/30 | train_loss 1.2223 | union_precision 0.6667 | weighted_recall 0.1654 | consensus_recall 0.0000 | threshold 0.650
Epoch 7/30 | train_loss 1.1997 | union_precision 0.6667 | weighted_recall 0.1654 | consensus_recall 0.0000 | threshold 0.650
Epoch 8/30 | train_loss 1.1714 | union_precision 1.0000 | weighted_recall 0.0236 | consensus_recall 0.0000 | threshold 0.700
Epoch 9/30 | train_loss 1.1477 | union_precision 0.7500 | weighted_recall 0.1654 | consensus_recall 0.0000 | threshold 0.650
Epoch 10/30 | train_loss 1.1357 | union_precision 1.0000 | weighted_recall 0.0315 | consensus_recall 0.0000 | threshold 0.700
Epoch 11/30 | train_loss 1.1133 | union_precision 0.8571 | weighted_recall 0.1417 | consensus_recall 0.0000 | threshold 0.675
Epoch 12/30 | train_loss 1.0907 | union_precision 1.0000 | weighted_recall 0.1417 | consensus_recall 0.0000 | threshold 0.675
Epoch 13/30 | train_loss 1.0771 | union_precision 1.0000 | weighted_recall 0.1417 | consensus_recall 0.0000 | threshold 0.675
Epoch 14/30 | train_loss 1.0698 | union_precision 1.0000 | weighted_recall 0.1417 | consensus_recall 0.0000 | threshold 0.675
Epoch 15/30 | train_loss 1.0697 | union_precision 0.8889 | weighted_recall 0.1575 | consensus_recall 0.0000 | threshold 0.650
Epoch 16/30 | train_loss 1.0389 | union_precision 0.8889 | weighted_recall 0.1575 | consensus_recall 0.0000 | threshold 0.650
Epoch 17/30 | train_loss 1.0303 | union_precision 1.0000 | weighted_recall 0.1339 | consensus_recall 0.0000 | threshold 0.675
Epoch 18/30 | train_loss 1.0247 | union_precision 1.0000 | weighted_recall 0.1417 | consensus_recall 0.0000 | threshold 0.675
Epoch 19/30 | train_loss 1.0077 | union_precision 0.9000 | weighted_recall 0.1732 | consensus_recall 0.0000 | threshold 0.675
Epoch 20/30 | train_loss 1.0123 | union_precision 0.8889 | weighted_recall 0.1654 | consensus_recall 0.0000 | threshold 0.700
Epoch 21/30 | train_loss 0.9969 | union_precision 0.8889 | weighted_recall 0.1654 | consensus_recall 0.0000 | threshold 0.700
Epoch 22/30 | train_loss 0.9798 | union_precision 0.8889 | weighted_recall 0.1654 | consensus_recall 0.0000 | threshold 0.725
Epoch 23/30 | train_loss 0.9747 | union_precision 0.8750 | weighted_recall 0.2205 | consensus_recall 0.0000 | threshold 0.600
Epoch 24/30 | train_loss 0.9714 | union_precision 0.8750 | weighted_recall 0.2205 | consensus_recall 0.0000 | threshold 0.575
Epoch 25/30 | train_loss 0.9664 | union_precision 0.8750 | weighted_recall 0.2205 | consensus_recall 0.0000 | threshold 0.575
Epoch 26/30 | train_loss 0.9491 | union_precision 0.8750 | weighted_recall 0.2205 | consensus_recall 0.0000 | threshold 0.575
Epoch 27/30 | train_loss 0.9445 | union_precision 0.8750 | weighted_recall 0.2205 | consensus_recall 0.0000 | threshold 0.575
Epoch 28/30 | train_loss 0.9367 | union_precision 0.8750 | weighted_recall 0.2205 | consensus_recall 0.0000 | threshold 0.575
Early stopping at epoch 28
Held-out M67-2 | union_precision=0.8750 | weighted_recall=0.2205 | consensus_recall=0.0000
  oracle_stage_macro_f1=0.2587 | end_to_end_stage_macro_f1=0.1141
  end_to_end_stage_class_f1=low:0.1000,mid:0.2424,high:0.0000
Epoch 1/30 | train_loss 1.6193 | union_precision 0.5000 | weighted_recall 0.0420 | consensus_recall 0.0000 | threshold 0.650
Epoch 2/30 | train_loss 1.4691 | union_precision 0.6667 | weighted_recall 0.0420 | consensus_recall 0.0000 | threshold 0.725
Epoch 3/30 | train_loss 1.3840 | union_precision 0.6667 | weighted_recall 0.0420 | consensus_recall 0.0000 | threshold 0.725
Epoch 4/30 | train_loss 1.3075 | union_precision 0.6667 | weighted_recall 0.0420 | consensus_recall 0.0000 | threshold 0.725
Epoch 5/30 | train_loss 1.2627 | union_precision 1.0000 | weighted_recall 0.0140 | consensus_recall 0.0000 | threshold 0.775
Epoch 6/30 | train_loss 1.2259 | union_precision 0.6667 | weighted_recall 0.2587 | consensus_recall 0.0000 | threshold 0.650
Epoch 7/30 | train_loss 1.2023 | union_precision 1.0000 | weighted_recall 0.0140 | consensus_recall 0.0000 | threshold 0.800
Epoch 8/30 | train_loss 1.1746 | union_precision 1.0000 | weighted_recall 0.0140 | consensus_recall 0.0000 | threshold 0.800
Epoch 9/30 | train_loss 1.1511 | union_precision 0.7500 | weighted_recall 0.0979 | consensus_recall 0.0000 | threshold 0.725
Epoch 10/30 | train_loss 1.1394 | union_precision 0.7500 | weighted_recall 0.0979 | consensus_recall 0.0000 | threshold 0.725
Early stopping at epoch 10
Held-out M67-3 | union_precision=1.0000 | weighted_recall=0.0140 | consensus_recall=0.0000
  oracle_stage_macro_f1=0.4423 | end_to_end_stage_macro_f1=0.0000
  end_to_end_stage_class_f1=low:0.0000,mid:0.0000,high:0.0000
Epoch 1/30 | train_loss 1.6220 | union_precision 0.5000 | weighted_recall 0.0243 | consensus_recall 0.0000 | threshold 0.600
Epoch 2/30 | train_loss 1.4687 | union_precision 0.5000 | weighted_recall 0.0189 | consensus_recall 0.0000 | threshold 0.600
Epoch 3/30 | train_loss 1.3855 | union_precision 0.5000 | weighted_recall 0.0459 | consensus_recall 0.0000 | threshold 0.600
Epoch 4/30 | train_loss 1.3083 | union_precision 0.6000 | weighted_recall 0.0405 | consensus_recall 0.0000 | threshold 0.625
Epoch 5/30 | train_loss 1.2627 | union_precision 0.5000 | weighted_recall 0.0405 | consensus_recall 0.0000 | threshold 0.625
Epoch 6/30 | train_loss 1.2262 | union_precision 0.5000 | weighted_recall 0.0730 | consensus_recall 0.0000 | threshold 0.625
Epoch 7/30 | train_loss 1.2033 | union_precision 0.5556 | weighted_recall 0.1324 | consensus_recall 0.0000 | threshold 0.625
Epoch 8/30 | train_loss 1.1751 | union_precision 0.6364 | weighted_recall 0.3054 | consensus_recall 0.0000 | threshold 0.600
Epoch 9/30 | train_loss 1.1516 | union_precision 0.8000 | weighted_recall 0.2459 | consensus_recall 0.0000 | threshold 0.650
Epoch 10/30 | train_loss 1.1409 | union_precision 0.8750 | weighted_recall 0.2243 | consensus_recall 0.0000 | threshold 0.675
Epoch 11/30 | train_loss 1.1156 | union_precision 0.8333 | weighted_recall 0.2811 | consensus_recall 0.0000 | threshold 0.675
Epoch 12/30 | train_loss 1.0959 | union_precision 0.8889 | weighted_recall 0.2135 | consensus_recall 0.0000 | threshold 0.700
Epoch 13/30 | train_loss 1.0824 | union_precision 0.8750 | weighted_recall 0.2027 | consensus_recall 0.0000 | threshold 0.725
Epoch 14/30 | train_loss 1.0720 | union_precision 0.9000 | weighted_recall 0.2378 | consensus_recall 0.0000 | threshold 0.725
Epoch 15/30 | train_loss 1.0742 | union_precision 0.9000 | weighted_recall 0.2378 | consensus_recall 0.0000 | threshold 0.725
Epoch 16/30 | train_loss 1.0414 | union_precision 0.9000 | weighted_recall 0.2378 | consensus_recall 0.0000 | threshold 0.725
Epoch 17/30 | train_loss 1.0337 | union_precision 0.9000 | weighted_recall 0.2378 | consensus_recall 0.0000 | threshold 0.725
Epoch 18/30 | train_loss 1.0267 | union_precision 0.9000 | weighted_recall 0.2378 | consensus_recall 0.0000 | threshold 0.725
Epoch 19/30 | train_loss 1.0105 | union_precision 0.9167 | weighted_recall 0.3054 | consensus_recall 0.0000 | threshold 0.725
Epoch 20/30 | train_loss 1.0151 | union_precision 0.9231 | weighted_recall 0.3108 | consensus_recall 0.0000 | threshold 0.725
Epoch 21/30 | train_loss 0.9964 | union_precision 0.9091 | weighted_recall 0.2784 | consensus_recall 0.0000 | threshold 0.750
Epoch 22/30 | train_loss 0.9824 | union_precision 0.9091 | weighted_recall 0.2784 | consensus_recall 0.0000 | threshold 0.750
Epoch 23/30 | train_loss 0.9758 | union_precision 0.9000 | weighted_recall 0.2378 | consensus_recall 0.0000 | threshold 0.775
Epoch 24/30 | train_loss 0.9757 | union_precision 0.9000 | weighted_recall 0.2378 | consensus_recall 0.0000 | threshold 0.800
Epoch 25/30 | train_loss 0.9684 | union_precision 0.8750 | weighted_recall 0.1919 | consensus_recall 0.0000 | threshold 0.825
Early stopping at epoch 25
Held-out M67-4 | union_precision=0.9231 | weighted_recall=0.3108 | consensus_recall=0.0000
  oracle_stage_macro_f1=0.4890 | end_to_end_stage_macro_f1=0.1307
  end_to_end_stage_class_f1=low:0.0000,mid:0.3922,high:0.0000
Epoch 1/30 | train_loss 1.6212 | union_precision 0.9333 | weighted_recall 0.1111 | consensus_recall 0.0000 | threshold 0.525
Epoch 2/30 | train_loss 1.4656 | union_precision 1.0000 | weighted_recall 0.0267 | consensus_recall 0.0000 | threshold 0.600
Epoch 3/30 | train_loss 1.3827 | union_precision 0.8750 | weighted_recall 0.2267 | consensus_recall 0.0000 | threshold 0.475
Epoch 4/30 | train_loss 1.3027 | union_precision 0.8571 | weighted_recall 0.2089 | consensus_recall 0.0000 | threshold 0.475
Epoch 5/30 | train_loss 1.2587 | union_precision 0.8571 | weighted_recall 0.0844 | consensus_recall 0.0000 | threshold 0.550
Epoch 6/30 | train_loss 1.2208 | union_precision 0.8333 | weighted_recall 0.0578 | consensus_recall 0.0000 | threshold 0.575
Epoch 7/30 | train_loss 1.1980 | union_precision 0.8182 | weighted_recall 0.1333 | consensus_recall 0.0000 | threshold 0.550
Epoch 8/30 | train_loss 1.1735 | union_precision 1.0000 | weighted_recall 0.0311 | consensus_recall 0.0000 | threshold 0.625
Early stopping at epoch 8
Held-out M68-1 | union_precision=0.8750 | weighted_recall=0.2267 | consensus_recall=0.0000
  oracle_stage_macro_f1=0.2514 | end_to_end_stage_macro_f1=0.1499
  end_to_end_stage_class_f1=low:0.2353,mid:0.2143,high:0.0000
Epoch 1/30 | train_loss 1.6173 | union_precision 1.0000 | weighted_recall 0.0283 | consensus_recall 0.0000 | threshold 0.625
Epoch 2/30 | train_loss 1.4634 | union_precision 1.0000 | weighted_recall 0.0247 | consensus_recall 0.0000 | threshold 0.625
Epoch 3/30 | train_loss 1.3824 | union_precision 1.0000 | weighted_recall 0.0247 | consensus_recall 0.0000 | threshold 0.625
Epoch 4/30 | train_loss 1.3053 | union_precision 0.8571 | weighted_recall 0.0530 | consensus_recall 0.0000 | threshold 0.600
Epoch 5/30 | train_loss 1.2601 | union_precision 0.8750 | weighted_recall 0.0742 | consensus_recall 0.0000 | threshold 0.600
Epoch 6/30 | train_loss 1.2238 | union_precision 0.8750 | weighted_recall 0.0742 | consensus_recall 0.0000 | threshold 0.600
Epoch 7/30 | train_loss 1.1982 | union_precision 1.0000 | weighted_recall 0.0742 | consensus_recall 0.0000 | threshold 0.600
Epoch 8/30 | train_loss 1.1745 | union_precision 1.0000 | weighted_recall 0.2544 | consensus_recall 0.5000 | threshold 0.600
Epoch 9/30 | train_loss 1.1496 | union_precision 0.9091 | weighted_recall 0.2544 | consensus_recall 0.5000 | threshold 0.600
Epoch 10/30 | train_loss 1.1379 | union_precision 1.0000 | weighted_recall 0.2332 | consensus_recall 0.5000 | threshold 0.625
Epoch 11/30 | train_loss 1.1136 | union_precision 1.0000 | weighted_recall 0.2509 | consensus_recall 0.5000 | threshold 0.625
Epoch 12/30 | train_loss 1.0916 | union_precision 0.9167 | weighted_recall 0.2580 | consensus_recall 0.5000 | threshold 0.625
Epoch 13/30 | train_loss 1.0798 | union_precision 0.9231 | weighted_recall 0.2615 | consensus_recall 0.5000 | threshold 0.625
Epoch 14/30 | train_loss 1.0699 | union_precision 0.8571 | weighted_recall 0.2615 | consensus_recall 0.5000 | threshold 0.625
Epoch 15/30 | train_loss 1.0746 | union_precision 0.9091 | weighted_recall 0.2438 | consensus_recall 0.5000 | threshold 0.650
Epoch 16/30 | train_loss 1.0407 | union_precision 0.9167 | weighted_recall 0.2473 | consensus_recall 0.5000 | threshold 0.650
Epoch 17/30 | train_loss 1.0330 | union_precision 1.0000 | weighted_recall 0.2120 | consensus_recall 0.5000 | threshold 0.675
Epoch 18/30 | train_loss 1.0275 | union_precision 0.9091 | weighted_recall 0.2438 | consensus_recall 0.5000 | threshold 0.650
Early stopping at epoch 18
Held-out M68-2 | union_precision=0.9231 | weighted_recall=0.2615 | consensus_recall=0.5000
  oracle_stage_macro_f1=0.2265 | end_to_end_stage_macro_f1=0.0864
  end_to_end_stage_class_f1=low:0.0000,mid:0.1053,high:0.1538
Epoch 1/30 | train_loss 1.6178 | union_precision 0.5833 | weighted_recall 0.2624 | consensus_recall 1.0000 | threshold 0.600
Epoch 2/30 | train_loss 1.4633 | union_precision 0.7500 | weighted_recall 0.0638 | consensus_recall 0.5000 | threshold 0.625
Epoch 3/30 | train_loss 1.3840 | union_precision 0.7500 | weighted_recall 0.0638 | consensus_recall 0.5000 | threshold 0.625
Epoch 4/30 | train_loss 1.3026 | union_precision 0.6667 | weighted_recall 0.0213 | consensus_recall 0.5000 | threshold 0.700
Epoch 5/30 | train_loss 1.2605 | union_precision 0.6667 | weighted_recall 0.0213 | consensus_recall 0.5000 | threshold 0.725
Epoch 6/30 | train_loss 1.2271 | union_precision 0.7500 | weighted_recall 0.0284 | consensus_recall 0.5000 | threshold 0.725
Epoch 7/30 | train_loss 1.1982 | union_precision 0.7500 | weighted_recall 0.0284 | consensus_recall 0.5000 | threshold 0.725
Early stopping at epoch 7
Held-out M68-3 | union_precision=0.7500 | weighted_recall=0.0638 | consensus_recall=0.5000
  oracle_stage_macro_f1=0.5402 | end_to_end_stage_macro_f1=0.0833
  end_to_end_stage_class_f1=low:0.0000,mid:0.2500,high:0.0000
Epoch 1/30 | train_loss 1.6318 | union_precision 1.0000 | weighted_recall 0.0033 | consensus_recall 0.0000 | threshold 0.675
Epoch 2/30 | train_loss 1.4598 | union_precision 1.0000 | weighted_recall 0.0066 | consensus_recall 1.0000 | threshold 0.650
Epoch 3/30 | train_loss 1.3813 | union_precision 1.0000 | weighted_recall 0.0066 | consensus_recall 1.0000 | threshold 0.650
Epoch 4/30 | train_loss 1.3134 | union_precision 0.7500 | weighted_recall 0.0563 | consensus_recall 1.0000 | threshold 0.600
Epoch 5/30 | train_loss 1.2693 | union_precision 0.8333 | weighted_recall 0.1523 | consensus_recall 1.0000 | threshold 0.575
Epoch 6/30 | train_loss 1.2465 | union_precision 0.7647 | weighted_recall 0.2252 | consensus_recall 1.0000 | threshold 0.550
Epoch 7/30 | train_loss 1.2037 | union_precision 0.7500 | weighted_recall 0.2450 | consensus_recall 1.0000 | threshold 0.550
Early stopping at epoch 7
Held-out M07-1 | union_precision=1.0000 | weighted_recall=0.0066 | consensus_recall=1.0000
  oracle_stage_macro_f1=0.4602 | end_to_end_stage_macro_f1=0.0000
  end_to_end_stage_class_f1=low:0.0000,mid:0.0000,high:0.0000
Epoch 1/30 | train_loss 1.6281 | union_precision 0.5000 | weighted_recall 0.0183 | consensus_recall 0.6667 | threshold 0.675
Epoch 2/30 | train_loss 1.4549 | union_precision 0.3600 | weighted_recall 0.0440 | consensus_recall 0.6667 | threshold 0.650
Epoch 3/30 | train_loss 1.3758 | union_precision 0.3871 | weighted_recall 0.0623 | consensus_recall 0.6667 | threshold 0.625
Epoch 4/30 | train_loss 1.3075 | union_precision 0.4242 | weighted_recall 0.0842 | consensus_recall 0.6667 | threshold 0.625
Epoch 5/30 | train_loss 1.2662 | union_precision 0.5000 | weighted_recall 0.0403 | consensus_recall 0.3333 | threshold 0.725
Epoch 6/30 | train_loss 1.2430 | union_precision 0.6364 | weighted_recall 0.0733 | consensus_recall 0.6667 | threshold 0.725
Epoch 7/30 | train_loss 1.2019 | union_precision 0.6667 | weighted_recall 0.0293 | consensus_recall 0.0000 | threshold 0.750
Epoch 8/30 | train_loss 1.1819 | union_precision 1.0000 | weighted_recall 0.0110 | consensus_recall 0.0000 | threshold 0.775
Epoch 9/30 | train_loss 1.1658 | union_precision 1.0000 | weighted_recall 0.0293 | consensus_recall 0.0000 | threshold 0.775
Epoch 10/30 | train_loss 1.1343 | union_precision 1.0000 | weighted_recall 0.0293 | consensus_recall 0.0000 | threshold 0.800
Epoch 11/30 | train_loss 1.1210 | union_precision 1.0000 | weighted_recall 0.0549 | consensus_recall 0.0000 | threshold 0.800
Epoch 12/30 | train_loss 1.1093 | union_precision 1.0000 | weighted_recall 0.0549 | consensus_recall 0.0000 | threshold 0.800
Epoch 13/30 | train_loss 1.0831 | union_precision 1.0000 | weighted_recall 0.0549 | consensus_recall 0.0000 | threshold 0.800
Epoch 14/30 | train_loss 1.0792 | union_precision 1.0000 | weighted_recall 0.0549 | consensus_recall 0.0000 | threshold 0.800
Epoch 15/30 | train_loss 1.0692 | union_precision 1.0000 | weighted_recall 0.0549 | consensus_recall 0.0000 | threshold 0.825
Epoch 16/30 | train_loss 1.0483 | union_precision 1.0000 | weighted_recall 0.0549 | consensus_recall 0.0000 | threshold 0.825
Early stopping at epoch 16
Held-out M07-2 | union_precision=1.0000 | weighted_recall=0.0549 | consensus_recall=0.0000
  oracle_stage_macro_f1=0.2344 | end_to_end_stage_macro_f1=0.0000
  end_to_end_stage_class_f1=low:0.0000,mid:0.0000,high:0.0000
Epoch 1/30 | train_loss 1.6385 | union_precision 0.6000 | weighted_recall 0.0111 | consensus_recall 0.0000 | threshold 0.675
Epoch 2/30 | train_loss 1.4569 | union_precision 0.6667 | weighted_recall 0.0089 | consensus_recall 0.0000 | threshold 0.725
Epoch 3/30 | train_loss 1.3759 | union_precision 0.6000 | weighted_recall 0.0911 | consensus_recall 0.3333 | threshold 0.625
Epoch 4/30 | train_loss 1.3075 | union_precision 1.0000 | weighted_recall 0.0067 | consensus_recall 0.0000 | threshold 0.750
Epoch 5/30 | train_loss 1.2669 | union_precision 1.0000 | weighted_recall 0.0067 | consensus_recall 0.0000 | threshold 0.750
Epoch 6/30 | train_loss 1.2354 | union_precision 1.0000 | weighted_recall 0.0222 | consensus_recall 0.3333 | threshold 0.750
Epoch 7/30 | train_loss 1.1905 | union_precision 1.0000 | weighted_recall 0.0200 | consensus_recall 0.3333 | threshold 0.775
Epoch 8/30 | train_loss 1.1699 | union_precision 1.0000 | weighted_recall 0.0200 | consensus_recall 0.3333 | threshold 0.775
Epoch 9/30 | train_loss 1.1605 | union_precision 1.0000 | weighted_recall 0.0200 | consensus_recall 0.3333 | threshold 0.775
Epoch 10/30 | train_loss 1.1313 | union_precision 1.0000 | weighted_recall 0.0200 | consensus_recall 0.3333 | threshold 0.775
Epoch 11/30 | train_loss 1.1199 | union_precision 1.0000 | weighted_recall 0.0200 | consensus_recall 0.3333 | threshold 0.800
Early stopping at epoch 11
Held-out M07-3 | union_precision=1.0000 | weighted_recall=0.0222 | consensus_recall=0.3333
  oracle_stage_macro_f1=0.3344 | end_to_end_stage_macro_f1=0.1212
  end_to_end_stage_class_f1=low:0.0000,mid:0.0000,high:0.3636
Epoch 1/30 | train_loss 1.6309 | union_precision 0.7500 | weighted_recall 0.0605 | consensus_recall 0.0000 | threshold 0.700
Epoch 2/30 | train_loss 1.4578 | union_precision 1.0000 | weighted_recall 0.0058 | consensus_recall 0.0000 | threshold 0.700
Epoch 3/30 | train_loss 1.3798 | union_precision 0.7500 | weighted_recall 0.0605 | consensus_recall 0.0000 | threshold 0.675
Epoch 4/30 | train_loss 1.3070 | union_precision 0.7500 | weighted_recall 0.0605 | consensus_recall 0.0000 | threshold 0.675
Epoch 5/30 | train_loss 1.2716 | union_precision 1.0000 | weighted_recall 0.0058 | consensus_recall 0.0000 | threshold 0.700
Epoch 6/30 | train_loss 1.2380 | union_precision 1.0000 | weighted_recall 0.0058 | consensus_recall 0.0000 | threshold 0.700
Epoch 7/30 | train_loss 1.1983 | union_precision 1.0000 | weighted_recall 0.0058 | consensus_recall 0.0000 | threshold 0.700
Early stopping at epoch 7
Held-out M17-1 | union_precision=1.0000 | weighted_recall=0.0058 | consensus_recall=0.0000
  oracle_stage_macro_f1=0.3187 | end_to_end_stage_macro_f1=0.0000
  end_to_end_stage_class_f1=low:0.0000,mid:0.0000,high:0.0000
Epoch 1/30 | train_loss 1.6307 | union_precision 0.6000 | weighted_recall 0.1502 | consensus_recall 0.5000 | threshold 0.600
Epoch 2/30 | train_loss 1.4554 | union_precision 0.7500 | weighted_recall 0.1502 | consensus_recall 0.5000 | threshold 0.625
Epoch 3/30 | train_loss 1.3770 | union_precision 0.7500 | weighted_recall 0.1502 | consensus_recall 0.5000 | threshold 0.625
Epoch 4/30 | train_loss 1.3044 | union_precision 1.0000 | weighted_recall 0.1268 | consensus_recall 0.5000 | threshold 0.675
Epoch 5/30 | train_loss 1.2692 | union_precision 1.0000 | weighted_recall 0.1268 | consensus_recall 0.5000 | threshold 0.700
Epoch 6/30 | train_loss 1.2346 | union_precision 1.0000 | weighted_recall 0.1268 | consensus_recall 0.5000 | threshold 0.725
Epoch 7/30 | train_loss 1.1958 | union_precision 1.0000 | weighted_recall 0.1268 | consensus_recall 0.5000 | threshold 0.725
Epoch 8/30 | train_loss 1.1744 | union_precision 1.0000 | weighted_recall 0.1268 | consensus_recall 0.5000 | threshold 0.750
Epoch 9/30 | train_loss 1.1659 | union_precision 1.0000 | weighted_recall 0.1268 | consensus_recall 0.5000 | threshold 0.775
Early stopping at epoch 9
Held-out M17-2 | union_precision=1.0000 | weighted_recall=0.1268 | consensus_recall=0.5000
  oracle_stage_macro_f1=0.2345 | end_to_end_stage_macro_f1=0.0278
  end_to_end_stage_class_f1=low:0.0833,mid:0.0000,high:0.0000
Epoch 1/30 | train_loss 1.6342 | union_precision 0.6250 | weighted_recall 0.0114 | consensus_recall 0.0000 | threshold 0.650
Epoch 2/30 | train_loss 1.4629 | union_precision 0.5882 | weighted_recall 0.1785 | consensus_recall 0.2857 | threshold 0.550
Epoch 3/30 | train_loss 1.3826 | union_precision 0.6222 | weighted_recall 0.2746 | consensus_recall 0.4286 | threshold 0.525
Epoch 4/30 | train_loss 1.3063 | union_precision 0.6444 | weighted_recall 0.3295 | consensus_recall 0.5714 | threshold 0.525
Epoch 5/30 | train_loss 1.2719 | union_precision 0.6667 | weighted_recall 0.3181 | consensus_recall 0.5714 | threshold 0.550
Epoch 6/30 | train_loss 1.2343 | union_precision 0.6667 | weighted_recall 0.3089 | consensus_recall 0.5714 | threshold 0.575
Epoch 7/30 | train_loss 1.1967 | union_precision 0.7000 | weighted_recall 0.1076 | consensus_recall 0.1429 | threshold 0.650
Epoch 8/30 | train_loss 1.1765 | union_precision 1.0000 | weighted_recall 0.0618 | consensus_recall 0.0000 | threshold 0.675
Epoch 9/30 | train_loss 1.1645 | union_precision 1.0000 | weighted_recall 0.1007 | consensus_recall 0.1429 | threshold 0.675
Epoch 10/30 | train_loss 1.1322 | union_precision 1.0000 | weighted_recall 0.1007 | consensus_recall 0.1429 | threshold 0.700
Epoch 11/30 | train_loss 1.1178 | union_precision 1.0000 | weighted_recall 0.1007 | consensus_recall 0.1429 | threshold 0.725
Epoch 12/30 | train_loss 1.1085 | union_precision 1.0000 | weighted_recall 0.0641 | consensus_recall 0.1429 | threshold 0.750
Epoch 13/30 | train_loss 1.0833 | union_precision 1.0000 | weighted_recall 0.1007 | consensus_recall 0.1429 | threshold 0.750
Epoch 14/30 | train_loss 1.0761 | union_precision 1.0000 | weighted_recall 0.1007 | consensus_recall 0.1429 | threshold 0.750
Early stopping at epoch 14
Held-out M17-3 | union_precision=1.0000 | weighted_recall=0.1007 | consensus_recall=0.1429
  oracle_stage_macro_f1=0.4107 | end_to_end_stage_macro_f1=0.0902
  end_to_end_stage_class_f1=low:0.0000,mid:0.0889,high:0.1818
Epoch 1/30 | train_loss 1.6362 | union_precision 1.0000 | weighted_recall 0.0014 | consensus_recall 0.0000 | threshold 0.700
Epoch 2/30 | train_loss 1.4678 | union_precision 1.0000 | weighted_recall 0.0029 | consensus_recall 0.0000 | threshold 0.700
Epoch 3/30 | train_loss 1.3802 | union_precision 1.0000 | weighted_recall 0.0029 | consensus_recall 0.0000 | threshold 0.700
Epoch 4/30 | train_loss 1.3022 | union_precision 1.0000 | weighted_recall 0.0029 | consensus_recall 0.0000 | threshold 0.700
Epoch 5/30 | train_loss 1.2696 | union_precision 1.0000 | weighted_recall 0.0029 | consensus_recall 0.0000 | threshold 0.725
Epoch 6/30 | train_loss 1.2290 | union_precision 1.0000 | weighted_recall 0.0029 | consensus_recall 0.0000 | threshold 0.725
Epoch 7/30 | train_loss 1.1967 | union_precision 1.0000 | weighted_recall 0.0029 | consensus_recall 0.0000 | threshold 0.750
Early stopping at epoch 7
Held-out M17-4 | union_precision=1.0000 | weighted_recall=0.0029 | consensus_recall=0.0000
  oracle_stage_macro_f1=0.2463 | end_to_end_stage_macro_f1=0.0000
  end_to_end_stage_class_f1=low:0.0000,mid:0.0000,high:0.0000
Epoch 1/30 | train_loss 1.6297 | union_precision 0.6667 | weighted_recall 0.1379 | consensus_recall 1.0000 | threshold 0.550
Epoch 2/30 | train_loss 1.4667 | union_precision 0.7778 | weighted_recall 0.0421 | consensus_recall 0.0000 | threshold 0.650
Epoch 3/30 | train_loss 1.3780 | union_precision 0.8000 | weighted_recall 0.0498 | consensus_recall 0.0000 | threshold 0.650
Epoch 4/30 | train_loss 1.2984 | union_precision 0.8182 | weighted_recall 0.0575 | consensus_recall 0.0000 | threshold 0.650
Epoch 5/30 | train_loss 1.2679 | union_precision 0.8182 | weighted_recall 0.0575 | consensus_recall 0.0000 | threshold 0.650
Epoch 6/30 | train_loss 1.2276 | union_precision 0.7778 | weighted_recall 0.0498 | consensus_recall 0.0000 | threshold 0.675
Epoch 7/30 | train_loss 1.1952 | union_precision 0.8571 | weighted_recall 0.0460 | consensus_recall 0.0000 | threshold 0.700
Epoch 8/30 | train_loss 1.1767 | union_precision 0.8571 | weighted_recall 0.0460 | consensus_recall 0.0000 | threshold 0.700
Epoch 9/30 | train_loss 1.1624 | union_precision 0.8571 | weighted_recall 0.0460 | consensus_recall 0.0000 | threshold 0.675
Epoch 10/30 | train_loss 1.1356 | union_precision 0.8750 | weighted_recall 0.0498 | consensus_recall 0.0000 | threshold 0.675
Epoch 11/30 | train_loss 1.1204 | union_precision 1.0000 | weighted_recall 0.0307 | consensus_recall 0.0000 | threshold 0.750
Epoch 12/30 | train_loss 1.1049 | union_precision 1.0000 | weighted_recall 0.0307 | consensus_recall 0.0000 | threshold 0.750
Epoch 13/30 | train_loss 1.0803 | union_precision 1.0000 | weighted_recall 0.0307 | consensus_recall 0.0000 | threshold 0.725
Epoch 14/30 | train_loss 1.0737 | union_precision 0.9000 | weighted_recall 0.0843 | consensus_recall 0.0000 | threshold 0.650
Epoch 15/30 | train_loss 1.0681 | union_precision 0.9167 | weighted_recall 0.1264 | consensus_recall 0.0000 | threshold 0.625
Epoch 16/30 | train_loss 1.0422 | union_precision 1.0000 | weighted_recall 0.1303 | consensus_recall 0.0000 | threshold 0.625
Epoch 17/30 | train_loss 1.0377 | union_precision 1.0000 | weighted_recall 0.1303 | consensus_recall 0.0000 | threshold 0.625
Epoch 18/30 | train_loss 1.0126 | union_precision 1.0000 | weighted_recall 0.1303 | consensus_recall 0.0000 | threshold 0.625
Epoch 19/30 | train_loss 1.0081 | union_precision 0.9048 | weighted_recall 0.3525 | consensus_recall 0.5000 | threshold 0.575
Epoch 20/30 | train_loss 1.0071 | union_precision 0.9048 | weighted_recall 0.3525 | consensus_recall 0.5000 | threshold 0.575
Epoch 21/30 | train_loss 1.0113 | union_precision 0.9048 | weighted_recall 0.3525 | consensus_recall 0.5000 | threshold 0.575
Epoch 22/30 | train_loss 0.9807 | union_precision 0.9048 | weighted_recall 0.3525 | consensus_recall 0.5000 | threshold 0.575
Epoch 23/30 | train_loss 0.9773 | union_precision 0.9048 | weighted_recall 0.3525 | consensus_recall 0.5000 | threshold 0.575
Epoch 24/30 | train_loss 0.9720 | union_precision 0.9000 | weighted_recall 0.3180 | consensus_recall 0.5000 | threshold 0.600
Early stopping at epoch 24
Held-out M24-1 | union_precision=0.9048 | weighted_recall=0.3525 | consensus_recall=0.5000
  oracle_stage_macro_f1=0.2846 | end_to_end_stage_macro_f1=0.1883
  end_to_end_stage_class_f1=low:0.0851,mid:0.1463,high:0.3333
Epoch 1/30 | train_loss 1.6318 | union_precision 0.8000 | weighted_recall 0.0313 | consensus_recall 0.0000 | threshold 0.650
Epoch 2/30 | train_loss 1.4674 | union_precision 0.6000 | weighted_recall 0.0288 | consensus_recall 0.0000 | threshold 0.625
Epoch 3/30 | train_loss 1.3796 | union_precision 0.6250 | weighted_recall 0.0337 | consensus_recall 0.0000 | threshold 0.600
Epoch 4/30 | train_loss 1.3043 | union_precision 0.6667 | weighted_recall 0.0288 | consensus_recall 0.0000 | threshold 0.600
Epoch 5/30 | train_loss 1.2692 | union_precision 0.6667 | weighted_recall 0.0240 | consensus_recall 0.0000 | threshold 0.625
Epoch 6/30 | train_loss 1.2294 | union_precision 0.6087 | weighted_recall 0.0817 | consensus_recall 1.0000 | threshold 0.575
Early stopping at epoch 6
Held-out M24-2 | union_precision=0.8000 | weighted_recall=0.0313 | consensus_recall=0.0000
  oracle_stage_macro_f1=0.2308 | end_to_end_stage_macro_f1=0.0523
  end_to_end_stage_class_f1=low:0.0800,mid:0.0769,high:0.0000
Epoch 1/30 | train_loss 1.6315 | union_precision 0.4000 | weighted_recall 0.0098 | consensus_recall 0.0000 | threshold 0.625
Epoch 2/30 | train_loss 1.4645 | union_precision 0.3214 | weighted_recall 0.1471 | consensus_recall 0.0000 | threshold 0.475
Epoch 3/30 | train_loss 1.3814 | union_precision 0.4375 | weighted_recall 0.0441 | consensus_recall 0.0000 | threshold 0.575
Epoch 4/30 | train_loss 1.3033 | union_precision 0.4000 | weighted_recall 0.0245 | consensus_recall 0.0000 | threshold 0.600
Epoch 5/30 | train_loss 1.2701 | union_precision 0.6667 | weighted_recall 0.0490 | consensus_recall 0.0000 | threshold 0.650
Epoch 6/30 | train_loss 1.2311 | union_precision 0.6000 | weighted_recall 0.0539 | consensus_recall 0.0000 | threshold 0.650
Epoch 7/30 | train_loss 1.2005 | union_precision 0.6667 | weighted_recall 0.0588 | consensus_recall 0.0000 | threshold 0.650
Epoch 8/30 | train_loss 1.1818 | union_precision 0.6667 | weighted_recall 0.0588 | consensus_recall 0.0000 | threshold 0.675
Epoch 9/30 | train_loss 1.1660 | union_precision 0.6667 | weighted_recall 0.0588 | consensus_recall 0.0000 | threshold 0.675
Epoch 10/30 | train_loss 1.1397 | union_precision 0.7500 | weighted_recall 0.0539 | consensus_recall 0.0000 | threshold 0.725
Epoch 11/30 | train_loss 1.1232 | union_precision 1.0000 | weighted_recall 0.0490 | consensus_recall 0.0000 | threshold 0.750
Epoch 12/30 | train_loss 1.1079 | union_precision 1.0000 | weighted_recall 0.0392 | consensus_recall 0.0000 | threshold 0.775
Epoch 13/30 | train_loss 1.0832 | union_precision 1.0000 | weighted_recall 0.0490 | consensus_recall 0.0000 | threshold 0.775
Epoch 14/30 | train_loss 1.0773 | union_precision 1.0000 | weighted_recall 0.0588 | consensus_recall 0.0000 | threshold 0.775
Epoch 15/30 | train_loss 1.0695 | union_precision 1.0000 | weighted_recall 0.0588 | consensus_recall 0.0000 | threshold 0.775
Epoch 16/30 | train_loss 1.0444 | union_precision 1.0000 | weighted_recall 0.0588 | consensus_recall 0.0000 | threshold 0.775
Epoch 17/30 | train_loss 1.0407 | union_precision 1.0000 | weighted_recall 0.0588 | consensus_recall 0.0000 | threshold 0.775
Epoch 18/30 | train_loss 1.0223 | union_precision 1.0000 | weighted_recall 0.0588 | consensus_recall 0.0000 | threshold 0.775
Epoch 19/30 | train_loss 1.0143 | union_precision 1.0000 | weighted_recall 0.1176 | consensus_recall 0.0000 | threshold 0.775
Epoch 20/30 | train_loss 1.0136 | union_precision 1.0000 | weighted_recall 0.1422 | consensus_recall 0.0000 | threshold 0.775
Epoch 21/30 | train_loss 1.0130 | union_precision 1.0000 | weighted_recall 0.1422 | consensus_recall 0.0000 | threshold 0.775
Epoch 22/30 | train_loss 0.9869 | union_precision 1.0000 | weighted_recall 0.1422 | consensus_recall 0.0000 | threshold 0.750
Epoch 23/30 | train_loss 0.9837 | union_precision 1.0000 | weighted_recall 0.1422 | consensus_recall 0.0000 | threshold 0.750
Epoch 24/30 | train_loss 0.9795 | union_precision 1.0000 | weighted_recall 0.2108 | consensus_recall 0.0000 | threshold 0.725
Epoch 25/30 | train_loss 0.9730 | union_precision 1.0000 | weighted_recall 0.3284 | consensus_recall 1.0000 | threshold 0.725
Epoch 26/30 | train_loss 0.9637 | union_precision 1.0000 | weighted_recall 0.4216 | consensus_recall 1.0000 | threshold 0.725
Epoch 27/30 | train_loss 0.9502 | union_precision 1.0000 | weighted_recall 0.4216 | consensus_recall 1.0000 | threshold 0.725
Epoch 28/30 | train_loss 0.9375 | union_precision 1.0000 | weighted_recall 0.4216 | consensus_recall 1.0000 | threshold 0.725
Epoch 29/30 | train_loss 0.9319 | union_precision 1.0000 | weighted_recall 0.4216 | consensus_recall 1.0000 | threshold 0.700
Epoch 30/30 | train_loss 0.9303 | union_precision 1.0000 | weighted_recall 0.4216 | consensus_recall 1.0000 | threshold 0.700
Held-out M24-3 | union_precision=1.0000 | weighted_recall=0.4216 | consensus_recall=1.0000
  oracle_stage_macro_f1=0.3073 | end_to_end_stage_macro_f1=0.2870
  end_to_end_stage_class_f1=low:0.2609,mid:0.4000,high:0.2000
Epoch 1/30 | train_loss 1.6479 | union_precision 0.4884 | weighted_recall 0.1224 | consensus_recall 0.0000 | threshold 0.550
Epoch 2/30 | train_loss 1.4734 | union_precision 0.5882 | weighted_recall 0.2669 | consensus_recall 0.7500 | threshold 0.525
Epoch 3/30 | train_loss 1.3814 | union_precision 0.5714 | weighted_recall 0.2576 | consensus_recall 1.0000 | threshold 0.525
Epoch 4/30 | train_loss 1.3041 | union_precision 0.5682 | weighted_recall 0.2296 | consensus_recall 1.0000 | threshold 0.550
Epoch 5/30 | train_loss 1.2735 | union_precision 0.5581 | weighted_recall 0.2284 | consensus_recall 1.0000 | threshold 0.550
Epoch 6/30 | train_loss 1.2289 | union_precision 1.0000 | weighted_recall 0.0233 | consensus_recall 0.0000 | threshold 0.775
Epoch 7/30 | train_loss 1.1991 | union_precision 1.0000 | weighted_recall 0.0233 | consensus_recall 0.0000 | threshold 0.750
Epoch 8/30 | train_loss 1.1807 | union_precision 1.0000 | weighted_recall 0.0280 | consensus_recall 0.0000 | threshold 0.750
Epoch 9/30 | train_loss 1.1621 | union_precision 1.0000 | weighted_recall 0.0280 | consensus_recall 0.0000 | threshold 0.750
Epoch 10/30 | train_loss 1.1337 | union_precision 1.0000 | weighted_recall 0.0315 | consensus_recall 0.0000 | threshold 0.750
Epoch 11/30 | train_loss 1.1188 | union_precision 1.0000 | weighted_recall 0.0315 | consensus_recall 0.0000 | threshold 0.750
Epoch 12/30 | train_loss 1.1000 | union_precision 1.0000 | weighted_recall 0.0105 | consensus_recall 0.0000 | threshold 0.775
Epoch 13/30 | train_loss 1.0769 | union_precision 1.0000 | weighted_recall 0.0105 | consensus_recall 0.0000 | threshold 0.775
Epoch 14/30 | train_loss 1.0738 | union_precision 1.0000 | weighted_recall 0.0105 | consensus_recall 0.0000 | threshold 0.800
Epoch 15/30 | train_loss 1.0646 | union_precision 1.0000 | weighted_recall 0.0210 | consensus_recall 0.0000 | threshold 0.800
Epoch 16/30 | train_loss 1.0361 | union_precision 1.0000 | weighted_recall 0.0105 | consensus_recall 0.0000 | threshold 0.825
Epoch 17/30 | train_loss 1.0315 | union_precision 1.0000 | weighted_recall 0.0210 | consensus_recall 0.0000 | threshold 0.825
Epoch 18/30 | train_loss 1.0177 | union_precision 1.0000 | weighted_recall 0.0105 | consensus_recall 0.0000 | threshold 0.850
Epoch 19/30 | train_loss 1.0084 | union_precision 1.0000 | weighted_recall 0.0210 | consensus_recall 0.0000 | threshold 0.850
Epoch 20/30 | train_loss 1.0057 | union_precision 1.0000 | weighted_recall 0.0105 | consensus_recall 0.0000 | threshold 0.875
Early stopping at epoch 20
Held-out M24-4 | union_precision=1.0000 | weighted_recall=0.0210 | consensus_recall=0.0000
  oracle_stage_macro_f1=0.3417 | end_to_end_stage_macro_f1=0.0088
  end_to_end_stage_class_f1=low:0.0000,mid:0.0263,high:0.0000
Epoch 1/30 | train_loss 1.6300 | union_precision 0.4444 | weighted_recall 0.0775 | consensus_recall 0.0000 | threshold 0.575
Epoch 2/30 | train_loss 1.4663 | union_precision 0.6000 | weighted_recall 0.0634 | consensus_recall 0.0000 | threshold 0.625
Epoch 3/30 | train_loss 1.3792 | union_precision 1.0000 | weighted_recall 0.0070 | consensus_recall 0.0000 | threshold 0.700
Epoch 4/30 | train_loss 1.3048 | union_precision 0.7143 | weighted_recall 0.0915 | consensus_recall 0.0000 | threshold 0.575
Epoch 5/30 | train_loss 1.2723 | union_precision 1.0000 | weighted_recall 0.0070 | consensus_recall 0.0000 | threshold 0.725
Epoch 6/30 | train_loss 1.2270 | union_precision 1.0000 | weighted_recall 0.0070 | consensus_recall 0.0000 | threshold 0.725
Epoch 7/30 | train_loss 1.1979 | union_precision 0.7143 | weighted_recall 0.0915 | consensus_recall 0.0000 | threshold 0.600
Epoch 8/30 | train_loss 1.1804 | union_precision 0.7143 | weighted_recall 0.1690 | consensus_recall 0.0000 | threshold 0.600
Early stopping at epoch 8
Held-out M30-1 | union_precision=1.0000 | weighted_recall=0.0070 | consensus_recall=0.0000
  oracle_stage_macro_f1=0.3238 | end_to_end_stage_macro_f1=0.0476
  end_to_end_stage_class_f1=low:0.0000,mid:0.1429,high:0.0000
Epoch 1/30 | train_loss 1.6251 | union_precision 0.5000 | weighted_recall 0.2826 | consensus_recall 0.0000 | threshold 0.525
Epoch 2/30 | train_loss 1.4666 | union_precision 0.3077 | weighted_recall 0.0609 | consensus_recall 0.0000 | threshold 0.050
Epoch 3/30 | train_loss 1.3799 | union_precision 0.3529 | weighted_recall 0.1087 | consensus_recall 0.0000 | threshold 0.525
Epoch 4/30 | train_loss 1.3075 | union_precision 0.3333 | weighted_recall 0.1478 | consensus_recall 0.0000 | threshold 0.050
Epoch 5/30 | train_loss 1.2721 | union_precision 0.6667 | weighted_recall 0.1696 | consensus_recall 0.0000 | threshold 0.575
Epoch 6/30 | train_loss 1.2297 | union_precision 0.8000 | weighted_recall 0.2435 | consensus_recall 0.0000 | threshold 0.600
Epoch 7/30 | train_loss 1.1985 | union_precision 0.8000 | weighted_recall 0.2435 | consensus_recall 0.0000 | threshold 0.600
Epoch 8/30 | train_loss 1.1842 | union_precision 0.8000 | weighted_recall 0.2435 | consensus_recall 0.0000 | threshold 0.600
Epoch 9/30 | train_loss 1.1636 | union_precision 0.8571 | weighted_recall 0.2696 | consensus_recall 0.0000 | threshold 0.600
Epoch 10/30 | train_loss 1.1400 | union_precision 1.0000 | weighted_recall 0.1652 | consensus_recall 0.0000 | threshold 0.725
Epoch 11/30 | train_loss 1.1224 | union_precision 1.0000 | weighted_recall 0.1652 | consensus_recall 0.0000 | threshold 0.750
Epoch 12/30 | train_loss 1.1038 | union_precision 1.0000 | weighted_recall 0.1652 | consensus_recall 0.0000 | threshold 0.750
Epoch 13/30 | train_loss 1.0794 | union_precision 1.0000 | weighted_recall 0.1652 | consensus_recall 0.0000 | threshold 0.750
Epoch 14/30 | train_loss 1.0738 | union_precision 1.0000 | weighted_recall 0.1652 | consensus_recall 0.0000 | threshold 0.750
Epoch 15/30 | train_loss 1.0698 | union_precision 1.0000 | weighted_recall 0.1130 | consensus_recall 0.0000 | threshold 0.775
Early stopping at epoch 15
Held-out M30-2 | union_precision=1.0000 | weighted_recall=0.1652 | consensus_recall=0.0000
  oracle_stage_macro_f1=0.4425 | end_to_end_stage_macro_f1=0.0430
  end_to_end_stage_class_f1=low:0.0000,mid:0.1290,high:0.0000
Epoch 1/30 | train_loss 1.6315 | union_precision 0.8333 | weighted_recall 0.0161 | consensus_recall 0.0000 | threshold 0.675
Epoch 2/30 | train_loss 1.4717 | union_precision 0.7500 | weighted_recall 0.0069 | consensus_recall 0.0000 | threshold 0.700
Epoch 3/30 | train_loss 1.3779 | union_precision 0.6667 | weighted_recall 0.0115 | consensus_recall 0.0000 | threshold 0.675
Epoch 4/30 | train_loss 1.3070 | union_precision 0.6667 | weighted_recall 0.3195 | consensus_recall 0.7500 | threshold 0.575
Epoch 5/30 | train_loss 1.2725 | union_precision 0.7143 | weighted_recall 0.3264 | consensus_recall 0.7500 | threshold 0.575
Epoch 6/30 | train_loss 1.2306 | union_precision 0.7391 | weighted_recall 0.3310 | consensus_recall 0.7500 | threshold 0.575
Early stopping at epoch 6
Held-out M30-3 | union_precision=0.8333 | weighted_recall=0.0161 | consensus_recall=0.0000
  oracle_stage_macro_f1=0.2392 | end_to_end_stage_macro_f1=0.0000
  end_to_end_stage_class_f1=low:0.0000,mid:0.0000,high:0.0000
Epoch 1/30 | train_loss 1.6247 | union_precision 1.0000 | weighted_recall 0.0087 | consensus_recall 0.0000 | threshold 0.775
Epoch 2/30 | train_loss 1.4613 | union_precision 1.0000 | weighted_recall 0.0087 | consensus_recall 0.0000 | threshold 0.775
Epoch 3/30 | train_loss 1.3809 | union_precision 1.0000 | weighted_recall 0.0087 | consensus_recall 0.0000 | threshold 0.750
Epoch 4/30 | train_loss 1.3074 | union_precision 0.6667 | weighted_recall 0.0647 | consensus_recall 0.0000 | threshold 0.675
Epoch 5/30 | train_loss 1.2743 | union_precision 0.6667 | weighted_recall 0.0647 | consensus_recall 0.0000 | threshold 0.675
Epoch 6/30 | train_loss 1.2339 | union_precision 1.0000 | weighted_recall 0.0192 | consensus_recall 0.0000 | threshold 0.725
Epoch 7/30 | train_loss 1.2009 | union_precision 0.7500 | weighted_recall 0.0490 | consensus_recall 0.0000 | threshold 0.700
Epoch 8/30 | train_loss 1.1876 | union_precision 0.8000 | weighted_recall 0.0507 | consensus_recall 0.0000 | threshold 0.700
Epoch 9/30 | train_loss 1.1660 | union_precision 0.8571 | weighted_recall 0.1399 | consensus_recall 0.2000 | threshold 0.700
Epoch 10/30 | train_loss 1.1432 | union_precision 0.9000 | weighted_recall 0.2657 | consensus_recall 0.4000 | threshold 0.700
Epoch 11/30 | train_loss 1.1211 | union_precision 0.9091 | weighted_recall 0.2570 | consensus_recall 0.4000 | threshold 0.725
Epoch 12/30 | train_loss 1.1046 | union_precision 1.0000 | weighted_recall 0.1783 | consensus_recall 0.4000 | threshold 0.800
Epoch 13/30 | train_loss 1.0822 | union_precision 1.0000 | weighted_recall 0.1626 | consensus_recall 0.4000 | threshold 0.825
Epoch 14/30 | train_loss 1.0807 | union_precision 1.0000 | weighted_recall 0.1783 | consensus_recall 0.4000 | threshold 0.825
Epoch 15/30 | train_loss 1.0707 | union_precision 1.0000 | weighted_recall 0.1626 | consensus_recall 0.4000 | threshold 0.850
Epoch 16/30 | train_loss 1.0405 | union_precision 1.0000 | weighted_recall 0.1626 | consensus_recall 0.4000 | threshold 0.850
Early stopping at epoch 16
Held-out M30-4 | union_precision=0.9091 | weighted_recall=0.2570 | consensus_recall=0.4000
  oracle_stage_macro_f1=0.3548 | end_to_end_stage_macro_f1=0.0654
  end_to_end_stage_class_f1=low:0.1053,mid:0.0909,high:0.0000
Epoch 1/30 | train_loss 1.6142 | union_precision 0.4118 | weighted_recall 0.1689 | consensus_recall 0.0000 | threshold 0.050
Epoch 2/30 | train_loss 1.4582 | union_precision 0.4615 | weighted_recall 0.0608 | consensus_recall 0.0000 | threshold 0.575
Epoch 3/30 | train_loss 1.3714 | union_precision 0.4286 | weighted_recall 0.0541 | consensus_recall 0.0000 | threshold 0.525
Epoch 4/30 | train_loss 1.3050 | union_precision 0.4667 | weighted_recall 0.0743 | consensus_recall 0.0000 | threshold 0.525
Epoch 5/30 | train_loss 1.2655 | union_precision 0.4286 | weighted_recall 0.1622 | consensus_recall 0.0000 | threshold 0.525
Epoch 6/30 | train_loss 1.2274 | union_precision 0.4000 | weighted_recall 0.1622 | consensus_recall 0.0000 | threshold 0.525
Epoch 7/30 | train_loss 1.1980 | union_precision 0.4000 | weighted_recall 0.1622 | consensus_recall 1.0000 | threshold 0.500
Epoch 8/30 | train_loss 1.1811 | union_precision 0.5000 | weighted_recall 0.0135 | consensus_recall 1.0000 | threshold 0.725
Epoch 9/30 | train_loss 1.1573 | union_precision 0.5000 | weighted_recall 0.1149 | consensus_recall 1.0000 | threshold 0.700
Epoch 10/30 | train_loss 1.1387 | union_precision 0.6667 | weighted_recall 0.1149 | consensus_recall 1.0000 | threshold 0.700
Epoch 11/30 | train_loss 1.1153 | union_precision 0.6667 | weighted_recall 0.1149 | consensus_recall 1.0000 | threshold 0.725
Epoch 12/30 | train_loss 1.1004 | union_precision 0.6667 | weighted_recall 0.1149 | consensus_recall 1.0000 | threshold 0.725
Epoch 13/30 | train_loss 1.0760 | union_precision 0.6667 | weighted_recall 0.1149 | consensus_recall 1.0000 | threshold 0.725
Epoch 14/30 | train_loss 1.0730 | union_precision 1.0000 | weighted_recall 0.0135 | consensus_recall 1.0000 | threshold 0.850
Epoch 15/30 | train_loss 1.0630 | union_precision 1.0000 | weighted_recall 0.0135 | consensus_recall 1.0000 | threshold 0.850
Epoch 16/30 | train_loss 1.0332 | union_precision 1.0000 | weighted_recall 0.0135 | consensus_recall 1.0000 | threshold 0.875
Epoch 17/30 | train_loss 1.0342 | union_precision 1.0000 | weighted_recall 0.0135 | consensus_recall 1.0000 | threshold 0.875
Epoch 18/30 | train_loss 1.0199 | union_precision 1.0000 | weighted_recall 0.0135 | consensus_recall 1.0000 | threshold 0.875
Epoch 19/30 | train_loss 1.0103 | union_precision 1.0000 | weighted_recall 0.1149 | consensus_recall 1.0000 | threshold 0.875
Epoch 20/30 | train_loss 1.0077 | union_precision 1.0000 | weighted_recall 0.1149 | consensus_recall 1.0000 | threshold 0.875
Epoch 21/30 | train_loss 1.0004 | union_precision 1.0000 | weighted_recall 0.1149 | consensus_recall 1.0000 | threshold 0.850
Epoch 22/30 | train_loss 0.9786 | union_precision 1.0000 | weighted_recall 0.1149 | consensus_recall 1.0000 | threshold 0.850
Epoch 23/30 | train_loss 0.9794 | union_precision 1.0000 | weighted_recall 0.1149 | consensus_recall 1.0000 | threshold 0.850
Epoch 24/30 | train_loss 0.9712 | union_precision 1.0000 | weighted_recall 0.1149 | consensus_recall 1.0000 | threshold 0.850
Early stopping at epoch 24
Held-out M33-1 | union_precision=1.0000 | weighted_recall=0.1149 | consensus_recall=1.0000
  oracle_stage_macro_f1=0.3507 | end_to_end_stage_macro_f1=0.0000
  end_to_end_stage_class_f1=low:0.0000,mid:0.0000,high:0.0000
Epoch 1/30 | train_loss 1.6133 | union_precision 0.7500 | weighted_recall 0.0400 | consensus_recall 0.0000 | threshold 0.625
Epoch 2/30 | train_loss 1.4619 | union_precision 0.6000 | weighted_recall 0.0400 | consensus_recall 0.0000 | threshold 0.625
Epoch 3/30 | train_loss 1.3801 | union_precision 0.6000 | weighted_recall 0.0400 | consensus_recall 0.0000 | threshold 0.650
Epoch 4/30 | train_loss 1.3047 | union_precision 0.6667 | weighted_recall 0.0350 | consensus_recall 0.0000 | threshold 0.675
Epoch 5/30 | train_loss 1.2715 | union_precision 1.0000 | weighted_recall 0.0283 | consensus_recall 0.0000 | threshold 0.700
Epoch 6/30 | train_loss 1.2338 | union_precision 1.0000 | weighted_recall 0.0283 | consensus_recall 0.0000 | threshold 0.700
Epoch 7/30 | train_loss 1.2031 | union_precision 1.0000 | weighted_recall 0.0283 | consensus_recall 0.0000 | threshold 0.700
Epoch 8/30 | train_loss 1.1884 | union_precision 1.0000 | weighted_recall 0.0283 | consensus_recall 0.0000 | threshold 0.700
Epoch 9/30 | train_loss 1.1659 | union_precision 0.5000 | weighted_recall 0.0483 | consensus_recall 0.0000 | threshold 0.600
Epoch 10/30 | train_loss 1.1463 | union_precision 0.5625 | weighted_recall 0.0600 | consensus_recall 0.0000 | threshold 0.600
Early stopping at epoch 10
Held-out M33-2 | union_precision=1.0000 | weighted_recall=0.0283 | consensus_recall=0.0000
  oracle_stage_macro_f1=0.2749 | end_to_end_stage_macro_f1=0.0000
  end_to_end_stage_class_f1=low:0.0000,mid:0.0000,high:0.0000
Epoch 1/30 | train_loss 1.6085 | union_precision 0.2500 | weighted_recall 0.1149 | consensus_recall 0.0000 | threshold 0.525
Epoch 2/30 | train_loss 1.4581 | union_precision 0.2500 | weighted_recall 0.1034 | consensus_recall 0.0000 | threshold 0.550
Epoch 3/30 | train_loss 1.3766 | union_precision 0.2500 | weighted_recall 0.1954 | consensus_recall 0.0000 | threshold 0.500
Epoch 4/30 | train_loss 1.3003 | union_precision 0.3125 | weighted_recall 0.1724 | consensus_recall 0.0000 | threshold 0.550
Epoch 5/30 | train_loss 1.2656 | union_precision 0.3333 | weighted_recall 0.1724 | consensus_recall 0.0000 | threshold 0.575
Epoch 6/30 | train_loss 1.2287 | union_precision 0.4167 | weighted_recall 0.1724 | consensus_recall 0.0000 | threshold 0.600
Epoch 7/30 | train_loss 1.1990 | union_precision 0.5714 | weighted_recall 0.1609 | consensus_recall 0.0000 | threshold 0.625
Epoch 8/30 | train_loss 1.1820 | union_precision 1.0000 | weighted_recall 0.1034 | consensus_recall 0.0000 | threshold 0.675
Epoch 9/30 | train_loss 1.1606 | union_precision 1.0000 | weighted_recall 0.1494 | consensus_recall 0.0000 | threshold 0.675
Epoch 10/30 | train_loss 1.1403 | union_precision 1.0000 | weighted_recall 0.1494 | consensus_recall 0.0000 | threshold 0.700
Epoch 11/30 | train_loss 1.1157 | union_precision 1.0000 | weighted_recall 0.1034 | consensus_recall 0.0000 | threshold 0.725
Epoch 12/30 | train_loss 1.1030 | union_precision 1.0000 | weighted_recall 0.1494 | consensus_recall 0.0000 | threshold 0.725
Epoch 13/30 | train_loss 1.0758 | union_precision 1.0000 | weighted_recall 0.0690 | consensus_recall 0.0000 | threshold 0.750
Epoch 14/30 | train_loss 1.0755 | union_precision 1.0000 | weighted_recall 0.1034 | consensus_recall 0.0000 | threshold 0.750
Early stopping at epoch 14
Held-out M33-3 | union_precision=1.0000 | weighted_recall=0.1494 | consensus_recall=0.0000
  oracle_stage_macro_f1=0.3929 | end_to_end_stage_macro_f1=0.0392
  end_to_end_stage_class_f1=low:0.0000,mid:0.1176,high:0.0000
Epoch 1/30 | train_loss 1.6362 | union_precision 0.6667 | weighted_recall 0.0332 | consensus_recall 0.0000 | threshold 0.700
Epoch 2/30 | train_loss 1.4618 | union_precision 1.0000 | weighted_recall 0.0203 | consensus_recall 0.0000 | threshold 0.725
Epoch 3/30 | train_loss 1.3542 | union_precision 1.0000 | weighted_recall 0.0221 | consensus_recall 0.0000 | threshold 0.725
Epoch 4/30 | train_loss 1.3102 | union_precision 1.0000 | weighted_recall 0.0360 | consensus_recall 0.0000 | threshold 0.700
Epoch 5/30 | train_loss 1.2699 | union_precision 0.9091 | weighted_recall 0.0434 | consensus_recall 0.0000 | threshold 0.700
Epoch 6/30 | train_loss 1.2107 | union_precision 0.9167 | weighted_recall 0.0590 | consensus_recall 0.0000 | threshold 0.700
Epoch 7/30 | train_loss 1.2054 | union_precision 0.9231 | weighted_recall 0.0609 | consensus_recall 0.0000 | threshold 0.700
Epoch 8/30 | train_loss 1.1790 | union_precision 0.9000 | weighted_recall 0.0720 | consensus_recall 0.0000 | threshold 0.700
Epoch 9/30 | train_loss 1.1582 | union_precision 0.9259 | weighted_recall 0.0932 | consensus_recall 0.0000 | threshold 0.675
Epoch 10/30 | train_loss 1.1373 | union_precision 0.9000 | weighted_recall 0.0978 | consensus_recall 0.2500 | threshold 0.675
Epoch 11/30 | train_loss 1.1234 | union_precision 0.9200 | weighted_recall 0.1015 | consensus_recall 0.7500 | threshold 0.725
Epoch 12/30 | train_loss 1.1114 | union_precision 0.9231 | weighted_recall 0.1052 | consensus_recall 0.7500 | threshold 0.725
Epoch 13/30 | train_loss 1.0826 | union_precision 0.9565 | weighted_recall 0.1024 | consensus_recall 0.7500 | threshold 0.750
Epoch 14/30 | train_loss 1.0684 | union_precision 0.9000 | weighted_recall 0.1458 | consensus_recall 1.0000 | threshold 0.725
Epoch 15/30 | train_loss 1.0579 | union_precision 0.9000 | weighted_recall 0.1448 | consensus_recall 1.0000 | threshold 0.725
Epoch 16/30 | train_loss 1.0487 | union_precision 0.9600 | weighted_recall 0.1448 | consensus_recall 1.0000 | threshold 0.750
Epoch 17/30 | train_loss 1.0307 | union_precision 0.9259 | weighted_recall 0.1587 | consensus_recall 1.0000 | threshold 0.750
Epoch 18/30 | train_loss 1.0230 | union_precision 0.9032 | weighted_recall 0.1780 | consensus_recall 1.0000 | threshold 0.750
Epoch 19/30 | train_loss 1.0163 | union_precision 0.9474 | weighted_recall 0.1245 | consensus_recall 1.0000 | threshold 0.800
Epoch 20/30 | train_loss 1.0023 | union_precision 0.9091 | weighted_recall 0.1264 | consensus_recall 1.0000 | threshold 0.800
Epoch 21/30 | train_loss 1.0041 | union_precision 0.9375 | weighted_recall 0.1208 | consensus_recall 1.0000 | threshold 0.825
Epoch 22/30 | train_loss 0.9763 | union_precision 0.9333 | weighted_recall 0.1181 | consensus_recall 0.7500 | threshold 0.850
Epoch 23/30 | train_loss 0.9861 | union_precision 0.9375 | weighted_recall 0.1208 | consensus_recall 1.0000 | threshold 0.850
Early stopping at epoch 23
Held-out M33-4 | union_precision=0.9032 | weighted_recall=0.1780 | consensus_recall=1.0000
  oracle_stage_macro_f1=0.3980 | end_to_end_stage_macro_f1=0.1187
  end_to_end_stage_class_f1=low:0.0806,mid:0.2041,high:0.0714
Epoch 1/30 | train_loss 1.6193 | union_precision 0.5192 | weighted_recall 0.2338 | consensus_recall 0.0000 | threshold 0.050
Epoch 2/30 | train_loss 1.4593 | union_precision 0.5283 | weighted_recall 0.2123 | consensus_recall 0.0000 | threshold 0.450
Epoch 3/30 | train_loss 1.3825 | union_precision 0.5417 | weighted_recall 0.2215 | consensus_recall 0.0000 | threshold 0.500
Epoch 4/30 | train_loss 1.2965 | union_precision 0.5273 | weighted_recall 0.2338 | consensus_recall 0.0000 | threshold 0.475
Epoch 5/30 | train_loss 1.2619 | union_precision 0.5926 | weighted_recall 0.1815 | consensus_recall 0.0000 | threshold 0.550
Epoch 6/30 | train_loss 1.2256 | union_precision 0.5926 | weighted_recall 0.1815 | consensus_recall 0.0000 | threshold 0.550
Epoch 7/30 | train_loss 1.1990 | union_precision 0.5667 | weighted_recall 0.1846 | consensus_recall 0.0000 | threshold 0.550
Epoch 8/30 | train_loss 1.1762 | union_precision 0.5938 | weighted_recall 0.2123 | consensus_recall 0.0000 | threshold 0.550
Epoch 9/30 | train_loss 1.1529 | union_precision 0.5926 | weighted_recall 0.1969 | consensus_recall 0.0000 | threshold 0.575
Epoch 10/30 | train_loss 1.1330 | union_precision 0.6061 | weighted_recall 0.1938 | consensus_recall 0.0000 | threshold 0.550
Epoch 11/30 | train_loss 1.1158 | union_precision 1.0000 | weighted_recall 0.0277 | consensus_recall 0.0000 | threshold 0.725
Epoch 12/30 | train_loss 1.0980 | union_precision 1.0000 | weighted_recall 0.0308 | consensus_recall 0.0000 | threshold 0.725
Epoch 13/30 | train_loss 1.0729 | union_precision 1.0000 | weighted_recall 0.0308 | consensus_recall 0.0000 | threshold 0.725
Epoch 14/30 | train_loss 1.0685 | union_precision 1.0000 | weighted_recall 0.0462 | consensus_recall 0.0000 | threshold 0.725
Epoch 15/30 | train_loss 1.0588 | union_precision 1.0000 | weighted_recall 0.0462 | consensus_recall 0.0000 | threshold 0.725
Epoch 16/30 | train_loss 1.0359 | union_precision 1.0000 | weighted_recall 0.0462 | consensus_recall 0.0000 | threshold 0.750
Epoch 17/30 | train_loss 1.0342 | union_precision 1.0000 | weighted_recall 0.0462 | consensus_recall 0.0000 | threshold 0.750
Epoch 18/30 | train_loss 1.0180 | union_precision 1.0000 | weighted_recall 0.0462 | consensus_recall 0.0000 | threshold 0.775
Epoch 19/30 | train_loss 1.0068 | union_precision 1.0000 | weighted_recall 0.0462 | consensus_recall 0.0000 | threshold 0.775
Early stopping at epoch 19
Held-out M41-1 | union_precision=1.0000 | weighted_recall=0.0462 | consensus_recall=0.0000
  oracle_stage_macro_f1=0.3300 | end_to_end_stage_macro_f1=0.0272
  end_to_end_stage_class_f1=low:0.0000,mid:0.0816,high:0.0000
Epoch 1/30 | train_loss 1.6149 | union_precision 0.8000 | weighted_recall 0.0432 | consensus_recall 0.0000 | threshold 0.600
Epoch 2/30 | train_loss 1.4591 | union_precision 0.8000 | weighted_recall 0.0432 | consensus_recall 0.0000 | threshold 0.600
Epoch 3/30 | train_loss 1.3809 | union_precision 0.7500 | weighted_recall 0.0370 | consensus_recall 0.0000 | threshold 0.600
Epoch 4/30 | train_loss 1.2971 | union_precision 0.7500 | weighted_recall 0.0370 | consensus_recall 0.0000 | threshold 0.625
Epoch 5/30 | train_loss 1.2653 | union_precision 0.7222 | weighted_recall 0.1728 | consensus_recall 0.0000 | threshold 0.525
Epoch 6/30 | train_loss 1.2291 | union_precision 0.6667 | weighted_recall 0.1543 | consensus_recall 0.0000 | threshold 0.525
Early stopping at epoch 6
Held-out M41-2 | union_precision=0.8000 | weighted_recall=0.0432 | consensus_recall=0.0000
  oracle_stage_macro_f1=0.3976 | end_to_end_stage_macro_f1=0.0556
  end_to_end_stage_class_f1=low:0.1667,mid:0.0000,high:0.0000
Epoch 1/30 | train_loss 1.6172 | union_precision 1.0000 | weighted_recall 0.0310 | consensus_recall 0.0000 | threshold 0.675
Epoch 2/30 | train_loss 1.4622 | union_precision 0.8125 | weighted_recall 0.1903 | consensus_recall 0.0000 | threshold 0.625
Epoch 3/30 | train_loss 1.3799 | union_precision 1.0000 | weighted_recall 0.0973 | consensus_recall 0.0000 | threshold 0.650
Epoch 4/30 | train_loss 1.2972 | union_precision 0.9167 | weighted_recall 0.2168 | consensus_recall 0.0000 | threshold 0.650
Epoch 5/30 | train_loss 1.2675 | union_precision 1.0000 | weighted_recall 0.0221 | consensus_recall 0.0000 | threshold 0.700
Epoch 6/30 | train_loss 1.2304 | union_precision 1.0000 | weighted_recall 0.0221 | consensus_recall 0.0000 | threshold 0.725
Epoch 7/30 | train_loss 1.2021 | union_precision 1.0000 | weighted_recall 0.0752 | consensus_recall 0.0000 | threshold 0.725
Epoch 8/30 | train_loss 1.1785 | union_precision 1.0000 | weighted_recall 0.0752 | consensus_recall 0.0000 | threshold 0.725
Epoch 9/30 | train_loss 1.1546 | union_precision 1.0000 | weighted_recall 0.0752 | consensus_recall 0.0000 | threshold 0.725
Early stopping at epoch 9
Held-out M41-3 | union_precision=0.9167 | weighted_recall=0.2168 | consensus_recall=0.0000
  oracle_stage_macro_f1=0.3314 | end_to_end_stage_macro_f1=0.1386
  end_to_end_stage_class_f1=low:0.0800,mid:0.1538,high:0.1818
Epoch 1/30 | train_loss 1.6181 | union_precision 0.6842 | weighted_recall 0.3060 | consensus_recall 0.0000 | threshold 0.525
Epoch 2/30 | train_loss 1.4652 | union_precision 0.6667 | weighted_recall 0.3005 | consensus_recall 0.0000 | threshold 0.525
Epoch 3/30 | train_loss 1.3856 | union_precision 0.7333 | weighted_recall 0.1913 | consensus_recall 0.0000 | threshold 0.550
Epoch 4/30 | train_loss 1.2986 | union_precision 1.0000 | weighted_recall 0.0546 | consensus_recall 0.0000 | threshold 0.625
Epoch 5/30 | train_loss 1.2693 | union_precision 1.0000 | weighted_recall 0.0656 | consensus_recall 0.0000 | threshold 0.625
Epoch 6/30 | train_loss 1.2328 | union_precision 1.0000 | weighted_recall 0.0656 | consensus_recall 0.0000 | threshold 0.625
Epoch 7/30 | train_loss 1.2036 | union_precision 1.0000 | weighted_recall 0.0874 | consensus_recall 0.0000 | threshold 0.625
Epoch 8/30 | train_loss 1.1808 | union_precision 1.0000 | weighted_recall 0.0929 | consensus_recall 0.0000 | threshold 0.625
Epoch 9/30 | train_loss 1.1559 | union_precision 1.0000 | weighted_recall 0.0874 | consensus_recall 0.0000 | threshold 0.650
Epoch 10/30 | train_loss 1.1388 | union_precision 1.0000 | weighted_recall 0.1475 | consensus_recall 0.0000 | threshold 0.650
Epoch 11/30 | train_loss 1.1190 | union_precision 0.9091 | weighted_recall 0.1530 | consensus_recall 0.0000 | threshold 0.650
Epoch 12/30 | train_loss 1.1042 | union_precision 1.0000 | weighted_recall 0.1366 | consensus_recall 0.0000 | threshold 0.700
Epoch 13/30 | train_loss 1.0779 | union_precision 0.9091 | weighted_recall 0.2131 | consensus_recall 0.0000 | threshold 0.675
Epoch 14/30 | train_loss 1.0759 | union_precision 0.9231 | weighted_recall 0.3279 | consensus_recall 1.0000 | threshold 0.675
Epoch 15/30 | train_loss 1.0666 | union_precision 0.9000 | weighted_recall 0.2077 | consensus_recall 0.0000 | threshold 0.700
Epoch 16/30 | train_loss 1.0404 | union_precision 0.9167 | weighted_recall 0.3224 | consensus_recall 1.0000 | threshold 0.700
Epoch 17/30 | train_loss 1.0402 | union_precision 0.9167 | weighted_recall 0.3224 | consensus_recall 1.0000 | threshold 0.700
Epoch 18/30 | train_loss 1.0218 | union_precision 1.0000 | weighted_recall 0.3169 | consensus_recall 1.0000 | threshold 0.725
Epoch 19/30 | train_loss 1.0128 | union_precision 1.0000 | weighted_recall 0.3169 | consensus_recall 1.0000 | threshold 0.725
Early stopping at epoch 19
Held-out M41-4 | union_precision=0.9231 | weighted_recall=0.3279 | consensus_recall=1.0000
  oracle_stage_macro_f1=0.3777 | end_to_end_stage_macro_f1=0.1111
  end_to_end_stage_class_f1=low:0.0000,mid:0.3333,high:0.0000
Epoch 1/30 | train_loss 1.6162 | union_precision 0.4375 | weighted_recall 0.1858 | consensus_recall 0.0000 | threshold 0.525
Epoch 2/30 | train_loss 1.4649 | union_precision 0.5000 | weighted_recall 0.0068 | consensus_recall 0.0000 | threshold 0.725
Epoch 3/30 | train_loss 1.3797 | union_precision 0.5000 | weighted_recall 0.0068 | consensus_recall 0.0000 | threshold 0.725
Epoch 4/30 | train_loss 1.2971 | union_precision 0.3889 | weighted_recall 0.2196 | consensus_recall 0.0000 | threshold 0.550
Epoch 5/30 | train_loss 1.2665 | union_precision 0.5000 | weighted_recall 0.0068 | consensus_recall 0.0000 | threshold 0.750
Epoch 6/30 | train_loss 1.2304 | union_precision 0.4615 | weighted_recall 0.3277 | consensus_recall 0.0000 | threshold 0.550
Epoch 7/30 | train_loss 1.2012 | union_precision 0.4865 | weighted_recall 0.2770 | consensus_recall 0.0000 | threshold 0.550
Early stopping at epoch 7
Held-out M50-1 | union_precision=0.5000 | weighted_recall=0.0068 | consensus_recall=0.0000
  oracle_stage_macro_f1=0.3124 | end_to_end_stage_macro_f1=0.0167
  end_to_end_stage_class_f1=low:0.0000,mid:0.0500,high:0.0000
Epoch 1/30 | train_loss 1.6216 | union_precision 0.5333 | weighted_recall 0.0841 | consensus_recall 0.4000 | threshold 0.625
Epoch 2/30 | train_loss 1.4661 | union_precision 0.5000 | weighted_recall 0.0474 | consensus_recall 0.2000 | threshold 0.625
Epoch 3/30 | train_loss 1.3826 | union_precision 0.5200 | weighted_recall 0.1121 | consensus_recall 0.4000 | threshold 0.550
Epoch 4/30 | train_loss 1.2982 | union_precision 0.6667 | weighted_recall 0.0474 | consensus_recall 0.2000 | threshold 0.625
Epoch 5/30 | train_loss 1.2668 | union_precision 0.7000 | weighted_recall 0.0797 | consensus_recall 0.2000 | threshold 0.625
Epoch 6/30 | train_loss 1.2268 | union_precision 0.7143 | weighted_recall 0.0647 | consensus_recall 0.2000 | threshold 0.650
Epoch 7/30 | train_loss 1.2049 | union_precision 0.7143 | weighted_recall 0.0647 | consensus_recall 0.2000 | threshold 0.650
Epoch 8/30 | train_loss 1.1798 | union_precision 0.7778 | weighted_recall 0.1056 | consensus_recall 0.2000 | threshold 0.625
Epoch 9/30 | train_loss 1.1579 | union_precision 0.8000 | weighted_recall 0.0819 | consensus_recall 0.2000 | threshold 0.675
Epoch 10/30 | train_loss 1.1393 | union_precision 1.0000 | weighted_recall 0.0345 | consensus_recall 0.2000 | threshold 0.700
Epoch 11/30 | train_loss 1.1171 | union_precision 1.0000 | weighted_recall 0.0517 | consensus_recall 0.2000 | threshold 0.700
Epoch 12/30 | train_loss 1.0998 | union_precision 1.0000 | weighted_recall 0.0539 | consensus_recall 0.2000 | threshold 0.700
Epoch 13/30 | train_loss 1.0795 | union_precision 1.0000 | weighted_recall 0.0496 | consensus_recall 0.0000 | threshold 0.700
Epoch 14/30 | train_loss 1.0738 | union_precision 1.0000 | weighted_recall 0.0409 | consensus_recall 0.0000 | threshold 0.725
Epoch 15/30 | train_loss 1.0656 | union_precision 1.0000 | weighted_recall 0.0496 | consensus_recall 0.0000 | threshold 0.725
Epoch 16/30 | train_loss 1.0411 | union_precision 1.0000 | weighted_recall 0.0409 | consensus_recall 0.0000 | threshold 0.750
Epoch 17/30 | train_loss 1.0394 | union_precision 1.0000 | weighted_recall 0.0409 | consensus_recall 0.0000 | threshold 0.750
Epoch 18/30 | train_loss 1.0159 | union_precision 1.0000 | weighted_recall 0.0409 | consensus_recall 0.0000 | threshold 0.775
Early stopping at epoch 18
Held-out M50-2 | union_precision=1.0000 | weighted_recall=0.0496 | consensus_recall=0.0000
  oracle_stage_macro_f1=0.3040 | end_to_end_stage_macro_f1=0.0755
  end_to_end_stage_class_f1=low:0.0571,mid:0.0444,high:0.1250
Epoch 1/30 | train_loss 1.6295 | union_precision 1.0000 | weighted_recall 0.0019 | consensus_recall 0.0000 | threshold 0.750
Epoch 2/30 | train_loss 1.4575 | union_precision 1.0000 | weighted_recall 0.0019 | consensus_recall 0.0000 | threshold 0.775
Epoch 3/30 | train_loss 1.3882 | union_precision 1.0000 | weighted_recall 0.0019 | consensus_recall 0.0000 | threshold 0.775
Epoch 4/30 | train_loss 1.2996 | union_precision 1.0000 | weighted_recall 0.0019 | consensus_recall 0.0000 | threshold 0.800
Epoch 5/30 | train_loss 1.2651 | union_precision 1.0000 | weighted_recall 0.0019 | consensus_recall 0.0000 | threshold 0.800
Epoch 6/30 | train_loss 1.2264 | union_precision 1.0000 | weighted_recall 0.0019 | consensus_recall 0.0000 | threshold 0.800
Early stopping at epoch 6
Held-out M50-3 | union_precision=1.0000 | weighted_recall=0.0019 | consensus_recall=0.0000
  oracle_stage_macro_f1=0.3638 | end_to_end_stage_macro_f1=0.0101
  end_to_end_stage_class_f1=low:0.0000,mid:0.0303,high:0.0000
Epoch 1/30 | train_loss 1.6263 | union_precision 1.0000 | weighted_recall 0.0021 | consensus_recall 0.0000 | threshold 0.650
Epoch 2/30 | train_loss 1.4650 | union_precision 1.0000 | weighted_recall 0.0021 | consensus_recall 0.0000 | threshold 0.650
Epoch 3/30 | train_loss 1.3806 | union_precision 1.0000 | weighted_recall 0.0021 | consensus_recall 0.0000 | threshold 0.675
Epoch 4/30 | train_loss 1.2997 | union_precision 0.7143 | weighted_recall 0.0337 | consensus_recall 0.0000 | threshold 0.600
Epoch 5/30 | train_loss 1.2602 | union_precision 0.6667 | weighted_recall 0.0316 | consensus_recall 0.0000 | threshold 0.625
Epoch 6/30 | train_loss 1.2263 | union_precision 0.7143 | weighted_recall 0.0526 | consensus_recall 0.0000 | threshold 0.625
Early stopping at epoch 6
Held-out M56-1 | union_precision=1.0000 | weighted_recall=0.0021 | consensus_recall=0.0000
  oracle_stage_macro_f1=0.4100 | end_to_end_stage_macro_f1=0.0370
  end_to_end_stage_class_f1=low:0.0000,mid:0.0000,high:0.1111
Epoch 1/30 | train_loss 1.6152 | union_precision 0.5357 | weighted_recall 0.1168 | consensus_recall 0.0000 | threshold 0.500
Epoch 2/30 | train_loss 1.4596 | union_precision 1.0000 | weighted_recall 0.0030 | consensus_recall 0.0000 | threshold 0.675
Epoch 3/30 | train_loss 1.3750 | union_precision 1.0000 | weighted_recall 0.0030 | consensus_recall 0.0000 | threshold 0.675
Epoch 4/30 | train_loss 1.2937 | union_precision 0.4667 | weighted_recall 0.0689 | consensus_recall 0.0000 | threshold 0.525
Epoch 5/30 | train_loss 1.2557 | union_precision 0.4800 | weighted_recall 0.0629 | consensus_recall 0.0000 | threshold 0.575
Epoch 6/30 | train_loss 1.2211 | union_precision 0.5000 | weighted_recall 0.0689 | consensus_recall 0.0000 | threshold 0.575
Epoch 7/30 | train_loss 1.2032 | union_precision 0.5000 | weighted_recall 0.0299 | consensus_recall 0.0000 | threshold 0.600
Early stopping at epoch 7
Held-out M56-2 | union_precision=1.0000 | weighted_recall=0.0030 | consensus_recall=0.0000
  oracle_stage_macro_f1=0.2770 | end_to_end_stage_macro_f1=0.0606
  end_to_end_stage_class_f1=low:0.0000,mid:0.0000,high:0.1818
Epoch 1/30 | train_loss 1.6239 | union_precision 1.0000 | weighted_recall 0.0011 | consensus_recall 0.0000 | threshold 0.800
Epoch 2/30 | train_loss 1.4667 | union_precision 1.0000 | weighted_recall 0.0011 | consensus_recall 0.0000 | threshold 0.825
Epoch 3/30 | train_loss 1.3873 | union_precision 1.0000 | weighted_recall 0.0011 | consensus_recall 0.0000 | threshold 0.825
Epoch 4/30 | train_loss 1.3007 | union_precision 1.0000 | weighted_recall 0.0011 | consensus_recall 0.0000 | threshold 0.825
Epoch 5/30 | train_loss 1.2661 | union_precision 1.0000 | weighted_recall 0.0011 | consensus_recall 0.0000 | threshold 0.825
Epoch 6/30 | train_loss 1.2295 | union_precision 1.0000 | weighted_recall 0.0011 | consensus_recall 0.0000 | threshold 0.825
Early stopping at epoch 6
Held-out M56-3 | union_precision=1.0000 | weighted_recall=0.0011 | consensus_recall=0.0000
  oracle_stage_macro_f1=0.2846 | end_to_end_stage_macro_f1=0.0062
  end_to_end_stage_class_f1=low:0.0185,mid:0.0000,high:0.0000
Epoch 1/30 | train_loss 1.6226 | union_precision 1.0000 | weighted_recall 0.0070 | consensus_recall 0.0000 | threshold 0.750
Epoch 2/30 | train_loss 1.4636 | union_precision 1.0000 | weighted_recall 0.0070 | consensus_recall 0.0000 | threshold 0.750
Epoch 3/30 | train_loss 1.3801 | union_precision 1.0000 | weighted_recall 0.0070 | consensus_recall 0.0000 | threshold 0.700
Epoch 4/30 | train_loss 1.2948 | union_precision 1.0000 | weighted_recall 0.0070 | consensus_recall 0.0000 | threshold 0.700
Epoch 5/30 | train_loss 1.2608 | union_precision 1.0000 | weighted_recall 0.0070 | consensus_recall 0.0000 | threshold 0.675
Epoch 6/30 | train_loss 1.2217 | union_precision 1.0000 | weighted_recall 0.0070 | consensus_recall 0.0000 | threshold 0.650
Early stopping at epoch 6
Held-out M59-1 | union_precision=1.0000 | weighted_recall=0.0070 | consensus_recall=0.0000
  oracle_stage_macro_f1=0.2664 | end_to_end_stage_macro_f1=0.0000
  end_to_end_stage_class_f1=low:0.0000,mid:0.0000,high:0.0000
Epoch 1/30 | train_loss 1.6204 | union_precision 0.7143 | weighted_recall 0.1048 | consensus_recall 0.5000 | threshold 0.575
Epoch 2/30 | train_loss 1.4621 | union_precision 0.7273 | weighted_recall 0.0729 | consensus_recall 0.5000 | threshold 0.600
Epoch 3/30 | train_loss 1.3828 | union_precision 0.7778 | weighted_recall 0.0296 | consensus_recall 0.0000 | threshold 0.625
Epoch 4/30 | train_loss 1.2948 | union_precision 0.8333 | weighted_recall 0.1185 | consensus_recall 0.5000 | threshold 0.600
Epoch 5/30 | train_loss 1.2581 | union_precision 0.8000 | weighted_recall 0.1708 | consensus_recall 0.5000 | threshold 0.575
Epoch 6/30 | train_loss 1.2212 | union_precision 0.8333 | weighted_recall 0.0182 | consensus_recall 0.0000 | threshold 0.675
Epoch 7/30 | train_loss 1.2024 | union_precision 1.0000 | weighted_recall 0.0091 | consensus_recall 0.0000 | threshold 0.700
Epoch 8/30 | train_loss 1.1704 | union_precision 1.0000 | weighted_recall 0.0228 | consensus_recall 0.0000 | threshold 0.700
Epoch 9/30 | train_loss 1.1457 | union_precision 1.0000 | weighted_recall 0.0228 | consensus_recall 0.0000 | threshold 0.725
Epoch 10/30 | train_loss 1.1313 | union_precision 1.0000 | weighted_recall 0.0228 | consensus_recall 0.0000 | threshold 0.725
Epoch 11/30 | train_loss 1.1106 | union_precision 1.0000 | weighted_recall 0.0228 | consensus_recall 0.0000 | threshold 0.725
Epoch 12/30 | train_loss 1.0900 | union_precision 1.0000 | weighted_recall 0.0251 | consensus_recall 0.0000 | threshold 0.725
Epoch 13/30 | train_loss 1.0732 | union_precision 1.0000 | weighted_recall 0.0251 | consensus_recall 0.0000 | threshold 0.725
Epoch 14/30 | train_loss 1.0655 | union_precision 1.0000 | weighted_recall 0.0251 | consensus_recall 0.0000 | threshold 0.725
Epoch 15/30 | train_loss 1.0661 | union_precision 1.0000 | weighted_recall 0.0251 | consensus_recall 0.0000 | threshold 0.725
Epoch 16/30 | train_loss 1.0379 | union_precision 1.0000 | weighted_recall 0.0251 | consensus_recall 0.0000 | threshold 0.725
Epoch 17/30 | train_loss 1.0333 | union_precision 1.0000 | weighted_recall 0.0433 | consensus_recall 0.0000 | threshold 0.700
Epoch 18/30 | train_loss 1.0231 | union_precision 1.0000 | weighted_recall 0.0433 | consensus_recall 0.0000 | threshold 0.700
Epoch 19/30 | train_loss 1.0115 | union_precision 0.9167 | weighted_recall 0.1298 | consensus_recall 0.0000 | threshold 0.675
Epoch 20/30 | train_loss 1.0096 | union_precision 1.0000 | weighted_recall 0.0957 | consensus_recall 0.0000 | threshold 0.700
Epoch 21/30 | train_loss 0.9980 | union_precision 1.0000 | weighted_recall 0.1002 | consensus_recall 0.0000 | threshold 0.700
Epoch 22/30 | train_loss 0.9785 | union_precision 1.0000 | weighted_recall 0.1002 | consensus_recall 0.0000 | threshold 0.725
Epoch 23/30 | train_loss 0.9735 | union_precision 0.9091 | weighted_recall 0.1002 | consensus_recall 0.0000 | threshold 0.725
Epoch 24/30 | train_loss 0.9695 | union_precision 0.9091 | weighted_recall 0.1002 | consensus_recall 0.0000 | threshold 0.725
Early stopping at epoch 24
Held-out M59-2 | union_precision=0.9167 | weighted_recall=0.1298 | consensus_recall=0.0000
  oracle_stage_macro_f1=0.3600 | end_to_end_stage_macro_f1=0.0465
  end_to_end_stage_class_f1=low:0.0000,mid:0.1395,high:0.0000
Epoch 1/30 | train_loss 1.6196 | union_precision 0.7143 | weighted_recall 0.0371 | consensus_recall 0.2500 | threshold 0.625
Epoch 2/30 | train_loss 1.4665 | union_precision 0.7778 | weighted_recall 0.0760 | consensus_recall 0.2500 | threshold 0.625
Epoch 3/30 | train_loss 1.3849 | union_precision 1.0000 | weighted_recall 0.0212 | consensus_recall 0.2500 | threshold 0.675
Epoch 4/30 | train_loss 1.3024 | union_precision 1.0000 | weighted_recall 0.0212 | consensus_recall 0.2500 | threshold 0.700
Epoch 5/30 | train_loss 1.2629 | union_precision 1.0000 | weighted_recall 0.0583 | consensus_recall 0.2500 | threshold 0.700
Epoch 6/30 | train_loss 1.2264 | union_precision 1.0000 | weighted_recall 0.0583 | consensus_recall 0.2500 | threshold 0.725
Epoch 7/30 | train_loss 1.2053 | union_precision 1.0000 | weighted_recall 0.0583 | consensus_recall 0.2500 | threshold 0.725
Epoch 8/30 | train_loss 1.1748 | union_precision 1.0000 | weighted_recall 0.0583 | consensus_recall 0.2500 | threshold 0.725
Epoch 9/30 | train_loss 1.1486 | union_precision 1.0000 | weighted_recall 0.0583 | consensus_recall 0.2500 | threshold 0.750
Epoch 10/30 | train_loss 1.1341 | union_precision 1.0000 | weighted_recall 0.0583 | consensus_recall 0.2500 | threshold 0.750
Early stopping at epoch 10
Held-out M59-3 | union_precision=1.0000 | weighted_recall=0.0583 | consensus_recall=0.2500
  oracle_stage_macro_f1=0.3996 | end_to_end_stage_macro_f1=0.0000
  end_to_end_stage_class_f1=low:0.0000,mid:0.0000,high:0.0000
Epoch 1/30 | train_loss 1.6177 | union_precision 0.5000 | weighted_recall 0.1160 | consensus_recall 0.0000 | threshold 0.500
Epoch 2/30 | train_loss 1.4629 | union_precision 0.6154 | weighted_recall 0.0690 | consensus_recall 0.0000 | threshold 0.575
Epoch 3/30 | train_loss 1.3804 | union_precision 0.6154 | weighted_recall 0.0690 | consensus_recall 0.0000 | threshold 0.575
Epoch 4/30 | train_loss 1.3022 | union_precision 0.7500 | weighted_recall 0.0627 | consensus_recall 0.0000 | threshold 0.625
Epoch 5/30 | train_loss 1.2594 | union_precision 1.0000 | weighted_recall 0.0345 | consensus_recall 0.0000 | threshold 0.700
Epoch 6/30 | train_loss 1.2212 | union_precision 1.0000 | weighted_recall 0.0345 | consensus_recall 0.0000 | threshold 0.700
Epoch 7/30 | train_loss 1.2019 | union_precision 1.0000 | weighted_recall 0.0376 | consensus_recall 0.0000 | threshold 0.700
Epoch 8/30 | train_loss 1.1720 | union_precision 0.8182 | weighted_recall 0.0972 | consensus_recall 0.0000 | threshold 0.625
Epoch 9/30 | train_loss 1.1460 | union_precision 0.8333 | weighted_recall 0.1034 | consensus_recall 0.0000 | threshold 0.625
Epoch 10/30 | train_loss 1.1326 | union_precision 1.0000 | weighted_recall 0.0345 | consensus_recall 0.0000 | threshold 0.750
Epoch 11/30 | train_loss 1.1108 | union_precision 1.0000 | weighted_recall 0.0345 | consensus_recall 0.0000 | threshold 0.775
Epoch 12/30 | train_loss 1.0895 | union_precision 1.0000 | weighted_recall 0.0345 | consensus_recall 0.0000 | threshold 0.775
Early stopping at epoch 12
Held-out M63-1 | union_precision=1.0000 | weighted_recall=0.0376 | consensus_recall=0.0000
  oracle_stage_macro_f1=0.3684 | end_to_end_stage_macro_f1=0.0202
  end_to_end_stage_class_f1=low:0.0000,mid:0.0606,high:0.0000
Epoch 1/30 | train_loss 1.6180 | union_precision 1.0000 | weighted_recall 0.0802 | consensus_recall 0.0000 | threshold 0.650
Epoch 2/30 | train_loss 1.4657 | union_precision 1.0000 | weighted_recall 0.0802 | consensus_recall 0.0000 | threshold 0.700
Epoch 3/30 | train_loss 1.3824 | union_precision 1.0000 | weighted_recall 0.0802 | consensus_recall 0.0000 | threshold 0.700
Epoch 4/30 | train_loss 1.3046 | union_precision 1.0000 | weighted_recall 0.0802 | consensus_recall 0.0000 | threshold 0.700
Epoch 5/30 | train_loss 1.2624 | union_precision 1.0000 | weighted_recall 0.0802 | consensus_recall 0.0000 | threshold 0.700
Epoch 6/30 | train_loss 1.2242 | union_precision 1.0000 | weighted_recall 0.0802 | consensus_recall 0.0000 | threshold 0.700
Early stopping at epoch 6
Held-out M63-3 | union_precision=1.0000 | weighted_recall=0.0802 | consensus_recall=0.0000
  oracle_stage_macro_f1=0.3504 | end_to_end_stage_macro_f1=0.0303
  end_to_end_stage_class_f1=low:0.0000,mid:0.0909,high:0.0000
Epoch 1/30 | train_loss 1.6202 | union_precision 0.5714 | weighted_recall 0.2260 | consensus_recall 1.0000 | threshold 0.600
Epoch 2/30 | train_loss 1.4672 | union_precision 0.6250 | weighted_recall 0.2466 | consensus_recall 1.0000 | threshold 0.550
Epoch 3/30 | train_loss 1.3825 | union_precision 0.6250 | weighted_recall 0.2466 | consensus_recall 1.0000 | threshold 0.550
Epoch 4/30 | train_loss 1.3045 | union_precision 0.6250 | weighted_recall 0.2466 | consensus_recall 1.0000 | threshold 0.550
Epoch 5/30 | train_loss 1.2638 | union_precision 0.6667 | weighted_recall 0.2260 | consensus_recall 1.0000 | threshold 0.650
Epoch 6/30 | train_loss 1.2259 | union_precision 0.7059 | weighted_recall 0.4795 | consensus_recall 1.0000 | threshold 0.500
Epoch 7/30 | train_loss 1.2030 | union_precision 0.7500 | weighted_recall 0.1575 | consensus_recall 1.0000 | threshold 0.650
Epoch 8/30 | train_loss 1.1746 | union_precision 0.7692 | weighted_recall 0.4247 | consensus_recall 1.0000 | threshold 0.550
Epoch 9/30 | train_loss 1.1505 | union_precision 0.8000 | weighted_recall 0.2260 | consensus_recall 1.0000 | threshold 0.650
Epoch 10/30 | train_loss 1.1382 | union_precision 0.8000 | weighted_recall 0.4795 | consensus_recall 1.0000 | threshold 0.550
Epoch 11/30 | train_loss 1.1156 | union_precision 0.8571 | weighted_recall 0.3151 | consensus_recall 1.0000 | threshold 0.650
Epoch 12/30 | train_loss 1.0932 | union_precision 0.9000 | weighted_recall 0.3767 | consensus_recall 1.0000 | threshold 0.650
Epoch 13/30 | train_loss 1.0802 | union_precision 0.9091 | weighted_recall 0.3014 | consensus_recall 0.0000 | threshold 0.650
Epoch 14/30 | train_loss 1.0709 | union_precision 1.0000 | weighted_recall 0.3014 | consensus_recall 0.0000 | threshold 0.675
Epoch 15/30 | train_loss 1.0712 | union_precision 0.9091 | weighted_recall 0.3014 | consensus_recall 0.0000 | threshold 0.675
Epoch 16/30 | train_loss 1.0404 | union_precision 1.0000 | weighted_recall 0.3014 | consensus_recall 0.0000 | threshold 0.700
Epoch 17/30 | train_loss 1.0328 | union_precision 0.9091 | weighted_recall 0.3014 | consensus_recall 0.0000 | threshold 0.700
Epoch 18/30 | train_loss 1.0262 | union_precision 1.0000 | weighted_recall 0.2329 | consensus_recall 0.0000 | threshold 0.725
Epoch 19/30 | train_loss 1.0096 | union_precision 0.9000 | weighted_recall 0.2329 | consensus_recall 0.0000 | threshold 0.725
Early stopping at epoch 19
Held-out M67-1 | union_precision=1.0000 | weighted_recall=0.3014 | consensus_recall=0.0000
  oracle_stage_macro_f1=0.4159 | end_to_end_stage_macro_f1=0.1389
  end_to_end_stage_class_f1=low:0.0000,mid:0.4167,high:0.0000
Epoch 1/30 | train_loss 1.6210 | union_precision 0.7000 | weighted_recall 0.1732 | consensus_recall 0.0000 | threshold 0.600
Epoch 2/30 | train_loss 1.4672 | union_precision 0.7143 | weighted_recall 0.1496 | consensus_recall 0.0000 | threshold 0.625
Epoch 3/30 | train_loss 1.3789 | union_precision 0.7500 | weighted_recall 0.1654 | consensus_recall 0.0000 | threshold 0.625
Epoch 4/30 | train_loss 1.3043 | union_precision 0.6667 | weighted_recall 0.1024 | consensus_recall 0.0000 | threshold 0.650
Epoch 5/30 | train_loss 1.2608 | union_precision 0.6250 | weighted_recall 0.1496 | consensus_recall 0.0000 | threshold 0.650
Epoch 6/30 | train_loss 1.2223 | union_precision 0.6667 | weighted_recall 0.1654 | consensus_recall 0.0000 | threshold 0.650
Epoch 7/30 | train_loss 1.1997 | union_precision 0.6667 | weighted_recall 0.1654 | consensus_recall 0.0000 | threshold 0.650
Epoch 8/30 | train_loss 1.1714 | union_precision 1.0000 | weighted_recall 0.0236 | consensus_recall 0.0000 | threshold 0.700
Epoch 9/30 | train_loss 1.1477 | union_precision 0.7500 | weighted_recall 0.1654 | consensus_recall 0.0000 | threshold 0.650
Epoch 10/30 | train_loss 1.1357 | union_precision 1.0000 | weighted_recall 0.0315 | consensus_recall 0.0000 | threshold 0.700
Epoch 11/30 | train_loss 1.1133 | union_precision 1.0000 | weighted_recall 0.0472 | consensus_recall 0.0000 | threshold 0.700
Epoch 12/30 | train_loss 1.0907 | union_precision 1.0000 | weighted_recall 0.1417 | consensus_recall 0.0000 | threshold 0.675
Epoch 13/30 | train_loss 1.0771 | union_precision 1.0000 | weighted_recall 0.1417 | consensus_recall 0.0000 | threshold 0.675
Epoch 14/30 | train_loss 1.0698 | union_precision 1.0000 | weighted_recall 0.1417 | consensus_recall 0.0000 | threshold 0.675
Epoch 15/30 | train_loss 1.0697 | union_precision 1.0000 | weighted_recall 0.1417 | consensus_recall 0.0000 | threshold 0.675
Epoch 16/30 | train_loss 1.0389 | union_precision 1.0000 | weighted_recall 0.1339 | consensus_recall 0.0000 | threshold 0.675
Epoch 17/30 | train_loss 1.0303 | union_precision 1.0000 | weighted_recall 0.1339 | consensus_recall 0.0000 | threshold 0.675
Early stopping at epoch 17
Held-out M67-2 | union_precision=1.0000 | weighted_recall=0.1417 | consensus_recall=0.0000
  oracle_stage_macro_f1=0.2587 | end_to_end_stage_macro_f1=0.0513
  end_to_end_stage_class_f1=low:0.0000,mid:0.1538,high:0.0000
Epoch 1/30 | train_loss 1.6193 | union_precision 0.5000 | weighted_recall 0.0420 | consensus_recall 0.0000 | threshold 0.650
Epoch 2/30 | train_loss 1.4691 | union_precision 0.6667 | weighted_recall 0.0420 | consensus_recall 0.0000 | threshold 0.725
Epoch 3/30 | train_loss 1.3840 | union_precision 0.6667 | weighted_recall 0.0420 | consensus_recall 0.0000 | threshold 0.725
Epoch 4/30 | train_loss 1.3075 | union_precision 0.6667 | weighted_recall 0.0420 | consensus_recall 0.0000 | threshold 0.725
Epoch 5/30 | train_loss 1.2627 | union_precision 1.0000 | weighted_recall 0.0140 | consensus_recall 0.0000 | threshold 0.775
Epoch 6/30 | train_loss 1.2259 | union_precision 0.6667 | weighted_recall 0.2587 | consensus_recall 0.0000 | threshold 0.650
Epoch 7/30 | train_loss 1.2023 | union_precision 1.0000 | weighted_recall 0.0140 | consensus_recall 0.0000 | threshold 0.800
Epoch 8/30 | train_loss 1.1746 | union_precision 1.0000 | weighted_recall 0.0140 | consensus_recall 0.0000 | threshold 0.800
Epoch 9/30 | train_loss 1.1511 | union_precision 0.7500 | weighted_recall 0.0979 | consensus_recall 0.0000 | threshold 0.725
Epoch 10/30 | train_loss 1.1394 | union_precision 0.7500 | weighted_recall 0.0979 | consensus_recall 0.0000 | threshold 0.725
Early stopping at epoch 10
Held-out M67-3 | union_precision=1.0000 | weighted_recall=0.0140 | consensus_recall=0.0000
  oracle_stage_macro_f1=0.4423 | end_to_end_stage_macro_f1=0.0000
  end_to_end_stage_class_f1=low:0.0000,mid:0.0000,high:0.0000
Epoch 1/30 | train_loss 1.6220 | union_precision 0.5000 | weighted_recall 0.0243 | consensus_recall 0.0000 | threshold 0.600
Epoch 2/30 | train_loss 1.4687 | union_precision 0.5000 | weighted_recall 0.0189 | consensus_recall 0.0000 | threshold 0.600
Epoch 3/30 | train_loss 1.3855 | union_precision 0.5000 | weighted_recall 0.0459 | consensus_recall 0.0000 | threshold 0.600
Epoch 4/30 | train_loss 1.3083 | union_precision 0.6000 | weighted_recall 0.0405 | consensus_recall 0.0000 | threshold 0.625
Epoch 5/30 | train_loss 1.2627 | union_precision 0.5000 | weighted_recall 0.0405 | consensus_recall 0.0000 | threshold 0.625
Epoch 6/30 | train_loss 1.2262 | union_precision 0.5000 | weighted_recall 0.0730 | consensus_recall 0.0000 | threshold 0.625
Epoch 7/30 | train_loss 1.2033 | union_precision 0.5556 | weighted_recall 0.1324 | consensus_recall 0.0000 | threshold 0.625
Epoch 8/30 | train_loss 1.1751 | union_precision 0.6364 | weighted_recall 0.3054 | consensus_recall 0.0000 | threshold 0.600
Epoch 9/30 | train_loss 1.1516 | union_precision 0.8000 | weighted_recall 0.2459 | consensus_recall 0.0000 | threshold 0.650
Epoch 10/30 | train_loss 1.1409 | union_precision 0.8750 | weighted_recall 0.2243 | consensus_recall 0.0000 | threshold 0.675
Epoch 11/30 | train_loss 1.1156 | union_precision 0.8333 | weighted_recall 0.2811 | consensus_recall 0.0000 | threshold 0.675
Epoch 12/30 | train_loss 1.0959 | union_precision 0.8889 | weighted_recall 0.2135 | consensus_recall 0.0000 | threshold 0.700
Epoch 13/30 | train_loss 1.0824 | union_precision 0.8750 | weighted_recall 0.2027 | consensus_recall 0.0000 | threshold 0.725
Epoch 14/30 | train_loss 1.0720 | union_precision 0.9000 | weighted_recall 0.2378 | consensus_recall 0.0000 | threshold 0.725
Epoch 15/30 | train_loss 1.0742 | union_precision 0.9000 | weighted_recall 0.2378 | consensus_recall 0.0000 | threshold 0.725
Epoch 16/30 | train_loss 1.0414 | union_precision 0.9000 | weighted_recall 0.2378 | consensus_recall 0.0000 | threshold 0.725
Epoch 17/30 | train_loss 1.0337 | union_precision 0.9000 | weighted_recall 0.2378 | consensus_recall 0.0000 | threshold 0.725
Epoch 18/30 | train_loss 1.0267 | union_precision 0.9000 | weighted_recall 0.2378 | consensus_recall 0.0000 | threshold 0.725
Epoch 19/30 | train_loss 1.0105 | union_precision 0.9167 | weighted_recall 0.3054 | consensus_recall 0.0000 | threshold 0.725
Epoch 20/30 | train_loss 1.0151 | union_precision 0.9231 | weighted_recall 0.3108 | consensus_recall 0.0000 | threshold 0.725
Epoch 21/30 | train_loss 0.9964 | union_precision 0.9091 | weighted_recall 0.2784 | consensus_recall 0.0000 | threshold 0.750
Epoch 22/30 | train_loss 0.9824 | union_precision 0.9091 | weighted_recall 0.2784 | consensus_recall 0.0000 | threshold 0.750
Epoch 23/30 | train_loss 0.9758 | union_precision 0.9000 | weighted_recall 0.2378 | consensus_recall 0.0000 | threshold 0.775
Epoch 24/30 | train_loss 0.9757 | union_precision 0.9000 | weighted_recall 0.2378 | consensus_recall 0.0000 | threshold 0.800
Epoch 25/30 | train_loss 0.9684 | union_precision 1.0000 | weighted_recall 0.1189 | consensus_recall 0.0000 | threshold 0.900
Early stopping at epoch 25
Held-out M67-4 | union_precision=0.9231 | weighted_recall=0.3108 | consensus_recall=0.0000
  oracle_stage_macro_f1=0.4890 | end_to_end_stage_macro_f1=0.1307
  end_to_end_stage_class_f1=low:0.0000,mid:0.3922,high:0.0000
Epoch 1/30 | train_loss 1.6212 | union_precision 0.9333 | weighted_recall 0.1111 | consensus_recall 0.0000 | threshold 0.525
Epoch 2/30 | train_loss 1.4656 | union_precision 1.0000 | weighted_recall 0.0267 | consensus_recall 0.0000 | threshold 0.600
Epoch 3/30 | train_loss 1.3827 | union_precision 0.9375 | weighted_recall 0.1289 | consensus_recall 0.0000 | threshold 0.500
Epoch 4/30 | train_loss 1.3027 | union_precision 0.9000 | weighted_recall 0.1022 | consensus_recall 0.0000 | threshold 0.525
Epoch 5/30 | train_loss 1.2587 | union_precision 1.0000 | weighted_recall 0.0044 | consensus_recall 0.0000 | threshold 0.625
Epoch 6/30 | train_loss 1.2208 | union_precision 0.8333 | weighted_recall 0.0578 | consensus_recall 0.0000 | threshold 0.575
Epoch 7/30 | train_loss 1.1980 | union_precision 0.8182 | weighted_recall 0.1333 | consensus_recall 0.0000 | threshold 0.550
Epoch 8/30 | train_loss 1.1735 | union_precision 1.0000 | weighted_recall 0.0311 | consensus_recall 0.0000 | threshold 0.625
Early stopping at epoch 8
Held-out M68-1 | union_precision=0.9375 | weighted_recall=0.1289 | consensus_recall=0.0000
  oracle_stage_macro_f1=0.2514 | end_to_end_stage_macro_f1=0.0834
  end_to_end_stage_class_f1=low:0.1702,mid:0.0800,high:0.0000
Epoch 1/30 | train_loss 1.6173 | union_precision 1.0000 | weighted_recall 0.0283 | consensus_recall 0.0000 | threshold 0.625
Epoch 2/30 | train_loss 1.4634 | union_precision 1.0000 | weighted_recall 0.0247 | consensus_recall 0.0000 | threshold 0.625
Epoch 3/30 | train_loss 1.3824 | union_precision 1.0000 | weighted_recall 0.0247 | consensus_recall 0.0000 | threshold 0.625
Epoch 4/30 | train_loss 1.3053 | union_precision 1.0000 | weighted_recall 0.0389 | consensus_recall 0.0000 | threshold 0.625
Epoch 5/30 | train_loss 1.2601 | union_precision 1.0000 | weighted_recall 0.0389 | consensus_recall 0.0000 | threshold 0.625
Epoch 6/30 | train_loss 1.2238 | union_precision 1.0000 | weighted_recall 0.0495 | consensus_recall 0.0000 | threshold 0.625
Epoch 7/30 | train_loss 1.1982 | union_precision 1.0000 | weighted_recall 0.0742 | consensus_recall 0.0000 | threshold 0.600
Epoch 8/30 | train_loss 1.1745 | union_precision 1.0000 | weighted_recall 0.2544 | consensus_recall 0.5000 | threshold 0.600
Epoch 9/30 | train_loss 1.1496 | union_precision 0.9091 | weighted_recall 0.2544 | consensus_recall 0.5000 | threshold 0.600
Epoch 10/30 | train_loss 1.1379 | union_precision 1.0000 | weighted_recall 0.2332 | consensus_recall 0.5000 | threshold 0.625
Epoch 11/30 | train_loss 1.1136 | union_precision 1.0000 | weighted_recall 0.2509 | consensus_recall 0.5000 | threshold 0.625
Epoch 12/30 | train_loss 1.0916 | union_precision 0.9167 | weighted_recall 0.2580 | consensus_recall 0.5000 | threshold 0.625
Epoch 13/30 | train_loss 1.0798 | union_precision 0.9231 | weighted_recall 0.2615 | consensus_recall 0.5000 | threshold 0.625
Epoch 14/30 | train_loss 1.0699 | union_precision 1.0000 | weighted_recall 0.2509 | consensus_recall 0.5000 | threshold 0.650
Epoch 15/30 | train_loss 1.0746 | union_precision 0.9091 | weighted_recall 0.2438 | consensus_recall 0.5000 | threshold 0.650
Epoch 16/30 | train_loss 1.0407 | union_precision 0.9167 | weighted_recall 0.2473 | consensus_recall 0.5000 | threshold 0.650
Epoch 17/30 | train_loss 1.0330 | union_precision 1.0000 | weighted_recall 0.2120 | consensus_recall 0.5000 | threshold 0.675
Epoch 18/30 | train_loss 1.0275 | union_precision 0.9091 | weighted_recall 0.2438 | consensus_recall 0.5000 | threshold 0.650
Early stopping at epoch 18
Held-out M68-2 | union_precision=0.9231 | weighted_recall=0.2615 | consensus_recall=0.5000
  oracle_stage_macro_f1=0.2265 | end_to_end_stage_macro_f1=0.0864
  end_to_end_stage_class_f1=low:0.0000,mid:0.1053,high:0.1538
Epoch 1/30 | train_loss 1.6178 | union_precision 0.5833 | weighted_recall 0.2624 | consensus_recall 1.0000 | threshold 0.600
Epoch 2/30 | train_loss 1.4633 | union_precision 0.7500 | weighted_recall 0.0638 | consensus_recall 0.5000 | threshold 0.625
Epoch 3/30 | train_loss 1.3840 | union_precision 0.7500 | weighted_recall 0.0638 | consensus_recall 0.5000 | threshold 0.625
Epoch 4/30 | train_loss 1.3026 | union_precision 0.6667 | weighted_recall 0.0213 | consensus_recall 0.5000 | threshold 0.700
Epoch 5/30 | train_loss 1.2605 | union_precision 0.6667 | weighted_recall 0.0213 | consensus_recall 0.5000 | threshold 0.725
Epoch 6/30 | train_loss 1.2271 | union_precision 0.7500 | weighted_recall 0.0284 | consensus_recall 0.5000 | threshold 0.725
Epoch 7/30 | train_loss 1.1982 | union_precision 0.7500 | weighted_recall 0.0284 | consensus_recall 0.5000 | threshold 0.725
Early stopping at epoch 7
Held-out M68-3 | union_precision=0.7500 | weighted_recall=0.0638 | consensus_recall=0.5000
  oracle_stage_macro_f1=0.5402 | end_to_end_stage_macro_f1=0.0833
  end_to_end_stage_class_f1=low:0.0000,mid:0.2500,high:0.0000
Epoch 1/30 | train_loss 1.6318 | union_precision 1.0000 | weighted_recall 0.0033 | consensus_recall 0.0000 | threshold 0.675
Epoch 2/30 | train_loss 1.4598 | union_precision 1.0000 | weighted_recall 0.0066 | consensus_recall 1.0000 | threshold 0.650
Epoch 3/30 | train_loss 1.3813 | union_precision 1.0000 | weighted_recall 0.0066 | consensus_recall 1.0000 | threshold 0.650
Epoch 4/30 | train_loss 1.3134 | union_precision 0.7500 | weighted_recall 0.0563 | consensus_recall 1.0000 | threshold 0.600
Epoch 5/30 | train_loss 1.2693 | union_precision 0.8333 | weighted_recall 0.1523 | consensus_recall 1.0000 | threshold 0.575
Epoch 6/30 | train_loss 1.2465 | union_precision 0.7647 | weighted_recall 0.2252 | consensus_recall 1.0000 | threshold 0.550
Epoch 7/30 | train_loss 1.2037 | union_precision 0.7500 | weighted_recall 0.2450 | consensus_recall 1.0000 | threshold 0.550
Early stopping at epoch 7
Held-out M07-1 | union_precision=1.0000 | weighted_recall=0.0066 | consensus_recall=1.0000
  oracle_stage_macro_f1=0.4602 | end_to_end_stage_macro_f1=0.0000
  end_to_end_stage_class_f1=low:0.0000,mid:0.0000,high:0.0000
Epoch 1/30 | train_loss 1.6281 | union_precision 0.5000 | weighted_recall 0.0183 | consensus_recall 0.6667 | threshold 0.675
Epoch 2/30 | train_loss 1.4549 | union_precision 0.3600 | weighted_recall 0.0440 | consensus_recall 0.6667 | threshold 0.650
Epoch 3/30 | train_loss 1.3758 | union_precision 0.3871 | weighted_recall 0.0623 | consensus_recall 0.6667 | threshold 0.625
Epoch 4/30 | train_loss 1.3075 | union_precision 0.4242 | weighted_recall 0.0842 | consensus_recall 0.6667 | threshold 0.625
Epoch 5/30 | train_loss 1.2662 | union_precision 0.5000 | weighted_recall 0.0403 | consensus_recall 0.3333 | threshold 0.725
Epoch 6/30 | train_loss 1.2430 | union_precision 0.6364 | weighted_recall 0.0733 | consensus_recall 0.6667 | threshold 0.725
Epoch 7/30 | train_loss 1.2019 | union_precision 0.6667 | weighted_recall 0.0293 | consensus_recall 0.0000 | threshold 0.750
Epoch 8/30 | train_loss 1.1819 | union_precision 1.0000 | weighted_recall 0.0110 | consensus_recall 0.0000 | threshold 0.775
Epoch 9/30 | train_loss 1.1658 | union_precision 1.0000 | weighted_recall 0.0293 | consensus_recall 0.0000 | threshold 0.775
Epoch 10/30 | train_loss 1.1343 | union_precision 1.0000 | weighted_recall 0.0293 | consensus_recall 0.0000 | threshold 0.800
Epoch 11/30 | train_loss 1.1210 | union_precision 1.0000 | weighted_recall 0.0549 | consensus_recall 0.0000 | threshold 0.800
Epoch 12/30 | train_loss 1.1093 | union_precision 1.0000 | weighted_recall 0.0549 | consensus_recall 0.0000 | threshold 0.800
Epoch 13/30 | train_loss 1.0831 | union_precision 1.0000 | weighted_recall 0.0549 | consensus_recall 0.0000 | threshold 0.800
Epoch 14/30 | train_loss 1.0792 | union_precision 1.0000 | weighted_recall 0.0549 | consensus_recall 0.0000 | threshold 0.800
Epoch 15/30 | train_loss 1.0692 | union_precision 1.0000 | weighted_recall 0.0549 | consensus_recall 0.0000 | threshold 0.825
Epoch 16/30 | train_loss 1.0483 | union_precision 1.0000 | weighted_recall 0.0549 | consensus_recall 0.0000 | threshold 0.825
Early stopping at epoch 16
Held-out M07-2 | union_precision=1.0000 | weighted_recall=0.0549 | consensus_recall=0.0000
  oracle_stage_macro_f1=0.2344 | end_to_end_stage_macro_f1=0.0000
  end_to_end_stage_class_f1=low:0.0000,mid:0.0000,high:0.0000
Epoch 1/30 | train_loss 1.6385 | union_precision 0.6000 | weighted_recall 0.0111 | consensus_recall 0.0000 | threshold 0.675
Epoch 2/30 | train_loss 1.4569 | union_precision 0.6667 | weighted_recall 0.0089 | consensus_recall 0.0000 | threshold 0.725
Epoch 3/30 | train_loss 1.3759 | union_precision 0.6000 | weighted_recall 0.0911 | consensus_recall 0.3333 | threshold 0.625
Epoch 4/30 | train_loss 1.3075 | union_precision 1.0000 | weighted_recall 0.0067 | consensus_recall 0.0000 | threshold 0.750
Epoch 5/30 | train_loss 1.2669 | union_precision 1.0000 | weighted_recall 0.0067 | consensus_recall 0.0000 | threshold 0.750
Epoch 6/30 | train_loss 1.2354 | union_precision 1.0000 | weighted_recall 0.0222 | consensus_recall 0.3333 | threshold 0.750
Epoch 7/30 | train_loss 1.1905 | union_precision 1.0000 | weighted_recall 0.0200 | consensus_recall 0.3333 | threshold 0.775
Epoch 8/30 | train_loss 1.1699 | union_precision 1.0000 | weighted_recall 0.0200 | consensus_recall 0.3333 | threshold 0.775
Epoch 9/30 | train_loss 1.1605 | union_precision 1.0000 | weighted_recall 0.0200 | consensus_recall 0.3333 | threshold 0.775
Epoch 10/30 | train_loss 1.1313 | union_precision 1.0000 | weighted_recall 0.0200 | consensus_recall 0.3333 | threshold 0.775
Epoch 11/30 | train_loss 1.1199 | union_precision 1.0000 | weighted_recall 0.0200 | consensus_recall 0.3333 | threshold 0.800
Early stopping at epoch 11
Held-out M07-3 | union_precision=1.0000 | weighted_recall=0.0222 | consensus_recall=0.3333
  oracle_stage_macro_f1=0.3344 | end_to_end_stage_macro_f1=0.1212
  end_to_end_stage_class_f1=low:0.0000,mid:0.0000,high:0.3636
Epoch 1/30 | train_loss 1.6309 | union_precision 0.7500 | weighted_recall 0.0605 | consensus_recall 0.0000 | threshold 0.700
Epoch 2/30 | train_loss 1.4578 | union_precision 1.0000 | weighted_recall 0.0058 | consensus_recall 0.0000 | threshold 0.700
Epoch 3/30 | train_loss 1.3798 | union_precision 0.7500 | weighted_recall 0.0605 | consensus_recall 0.0000 | threshold 0.675
Epoch 4/30 | train_loss 1.3070 | union_precision 0.7500 | weighted_recall 0.0605 | consensus_recall 0.0000 | threshold 0.675
Epoch 5/30 | train_loss 1.2716 | union_precision 1.0000 | weighted_recall 0.0058 | consensus_recall 0.0000 | threshold 0.700
Epoch 6/30 | train_loss 1.2380 | union_precision 1.0000 | weighted_recall 0.0058 | consensus_recall 0.0000 | threshold 0.700
Epoch 7/30 | train_loss 1.1983 | union_precision 1.0000 | weighted_recall 0.0058 | consensus_recall 0.0000 | threshold 0.700
Early stopping at epoch 7
Held-out M17-1 | union_precision=1.0000 | weighted_recall=0.0058 | consensus_recall=0.0000
  oracle_stage_macro_f1=0.3187 | end_to_end_stage_macro_f1=0.0000
  end_to_end_stage_class_f1=low:0.0000,mid:0.0000,high:0.0000
Epoch 1/30 | train_loss 1.6307 | union_precision 0.6000 | weighted_recall 0.1502 | consensus_recall 0.5000 | threshold 0.600
Epoch 2/30 | train_loss 1.4554 | union_precision 0.7500 | weighted_recall 0.1502 | consensus_recall 0.5000 | threshold 0.625
Epoch 3/30 | train_loss 1.3770 | union_precision 0.7500 | weighted_recall 0.1502 | consensus_recall 0.5000 | threshold 0.625
Epoch 4/30 | train_loss 1.3044 | union_precision 1.0000 | weighted_recall 0.1268 | consensus_recall 0.5000 | threshold 0.675
Epoch 5/30 | train_loss 1.2692 | union_precision 1.0000 | weighted_recall 0.1268 | consensus_recall 0.5000 | threshold 0.700
Epoch 6/30 | train_loss 1.2346 | union_precision 1.0000 | weighted_recall 0.1268 | consensus_recall 0.5000 | threshold 0.725
Epoch 7/30 | train_loss 1.1958 | union_precision 1.0000 | weighted_recall 0.1268 | consensus_recall 0.5000 | threshold 0.725
Epoch 8/30 | train_loss 1.1744 | union_precision 1.0000 | weighted_recall 0.1268 | consensus_recall 0.5000 | threshold 0.750
Epoch 9/30 | train_loss 1.1659 | union_precision 1.0000 | weighted_recall 0.1268 | consensus_recall 0.5000 | threshold 0.775
Early stopping at epoch 9
Held-out M17-2 | union_precision=1.0000 | weighted_recall=0.1268 | consensus_recall=0.5000
  oracle_stage_macro_f1=0.2345 | end_to_end_stage_macro_f1=0.0278
  end_to_end_stage_class_f1=low:0.0833,mid:0.0000,high:0.0000
Epoch 1/30 | train_loss 1.6342 | union_precision 0.6250 | weighted_recall 0.0114 | consensus_recall 0.0000 | threshold 0.650
Epoch 2/30 | train_loss 1.4629 | union_precision 0.5882 | weighted_recall 0.1785 | consensus_recall 0.2857 | threshold 0.550
Epoch 3/30 | train_loss 1.3826 | union_precision 0.6222 | weighted_recall 0.2746 | consensus_recall 0.4286 | threshold 0.525
Epoch 4/30 | train_loss 1.3063 | union_precision 0.6444 | weighted_recall 0.3295 | consensus_recall 0.5714 | threshold 0.525
Epoch 5/30 | train_loss 1.2719 | union_precision 0.6667 | weighted_recall 0.3181 | consensus_recall 0.5714 | threshold 0.550
Epoch 6/30 | train_loss 1.2343 | union_precision 0.6667 | weighted_recall 0.3089 | consensus_recall 0.5714 | threshold 0.575
Epoch 7/30 | train_loss 1.1967 | union_precision 0.7000 | weighted_recall 0.1076 | consensus_recall 0.1429 | threshold 0.650
Epoch 8/30 | train_loss 1.1765 | union_precision 1.0000 | weighted_recall 0.0618 | consensus_recall 0.0000 | threshold 0.675
Epoch 9/30 | train_loss 1.1645 | union_precision 1.0000 | weighted_recall 0.1007 | consensus_recall 0.1429 | threshold 0.675
Epoch 10/30 | train_loss 1.1322 | union_precision 1.0000 | weighted_recall 0.1007 | consensus_recall 0.1429 | threshold 0.700
Epoch 11/30 | train_loss 1.1178 | union_precision 1.0000 | weighted_recall 0.1007 | consensus_recall 0.1429 | threshold 0.725
Epoch 12/30 | train_loss 1.1085 | union_precision 1.0000 | weighted_recall 0.0641 | consensus_recall 0.1429 | threshold 0.750
Epoch 13/30 | train_loss 1.0833 | union_precision 1.0000 | weighted_recall 0.1007 | consensus_recall 0.1429 | threshold 0.750
Epoch 14/30 | train_loss 1.0761 | union_precision 1.0000 | weighted_recall 0.1007 | consensus_recall 0.1429 | threshold 0.750
Early stopping at epoch 14
Held-out M17-3 | union_precision=1.0000 | weighted_recall=0.1007 | consensus_recall=0.1429
  oracle_stage_macro_f1=0.4107 | end_to_end_stage_macro_f1=0.0902
  end_to_end_stage_class_f1=low:0.0000,mid:0.0889,high:0.1818
Epoch 1/30 | train_loss 1.6362 | union_precision 1.0000 | weighted_recall 0.0014 | consensus_recall 0.0000 | threshold 0.700
Epoch 2/30 | train_loss 1.4678 | union_precision 1.0000 | weighted_recall 0.0029 | consensus_recall 0.0000 | threshold 0.700
Epoch 3/30 | train_loss 1.3802 | union_precision 1.0000 | weighted_recall 0.0029 | consensus_recall 0.0000 | threshold 0.700
Epoch 4/30 | train_loss 1.3022 | union_precision 1.0000 | weighted_recall 0.0029 | consensus_recall 0.0000 | threshold 0.700
Epoch 5/30 | train_loss 1.2696 | union_precision 1.0000 | weighted_recall 0.0029 | consensus_recall 0.0000 | threshold 0.725
Epoch 6/30 | train_loss 1.2290 | union_precision 1.0000 | weighted_recall 0.0029 | consensus_recall 0.0000 | threshold 0.725
Epoch 7/30 | train_loss 1.1967 | union_precision 1.0000 | weighted_recall 0.0029 | consensus_recall 0.0000 | threshold 0.750
Early stopping at epoch 7
Held-out M17-4 | union_precision=1.0000 | weighted_recall=0.0029 | consensus_recall=0.0000
  oracle_stage_macro_f1=0.2463 | end_to_end_stage_macro_f1=0.0000
  end_to_end_stage_class_f1=low:0.0000,mid:0.0000,high:0.0000
Epoch 1/30 | train_loss 1.6297 | union_precision 0.6667 | weighted_recall 0.1379 | consensus_recall 1.0000 | threshold 0.550
Epoch 2/30 | train_loss 1.4667 | union_precision 0.7778 | weighted_recall 0.0421 | consensus_recall 0.0000 | threshold 0.650
Epoch 3/30 | train_loss 1.3780 | union_precision 0.8000 | weighted_recall 0.0498 | consensus_recall 0.0000 | threshold 0.650
Epoch 4/30 | train_loss 1.2984 | union_precision 0.8182 | weighted_recall 0.0575 | consensus_recall 0.0000 | threshold 0.650
Epoch 5/30 | train_loss 1.2679 | union_precision 0.8182 | weighted_recall 0.0575 | consensus_recall 0.0000 | threshold 0.650
Epoch 6/30 | train_loss 1.2276 | union_precision 0.7778 | weighted_recall 0.0498 | consensus_recall 0.0000 | threshold 0.675
Epoch 7/30 | train_loss 1.1952 | union_precision 0.8571 | weighted_recall 0.0460 | consensus_recall 0.0000 | threshold 0.700
Epoch 8/30 | train_loss 1.1767 | union_precision 0.8571 | weighted_recall 0.0460 | consensus_recall 0.0000 | threshold 0.700
Epoch 9/30 | train_loss 1.1624 | union_precision 0.8571 | weighted_recall 0.0460 | consensus_recall 0.0000 | threshold 0.675
Epoch 10/30 | train_loss 1.1356 | union_precision 0.8750 | weighted_recall 0.0498 | consensus_recall 0.0000 | threshold 0.675
Epoch 11/30 | train_loss 1.1204 | union_precision 1.0000 | weighted_recall 0.0307 | consensus_recall 0.0000 | threshold 0.750
Epoch 12/30 | train_loss 1.1049 | union_precision 1.0000 | weighted_recall 0.0307 | consensus_recall 0.0000 | threshold 0.750
Epoch 13/30 | train_loss 1.0803 | union_precision 1.0000 | weighted_recall 0.0307 | consensus_recall 0.0000 | threshold 0.725
Epoch 14/30 | train_loss 1.0737 | union_precision 1.0000 | weighted_recall 0.0421 | consensus_recall 0.0000 | threshold 0.700
Epoch 15/30 | train_loss 1.0681 | union_precision 1.0000 | weighted_recall 0.0536 | consensus_recall 0.0000 | threshold 0.675
Epoch 16/30 | train_loss 1.0422 | union_precision 1.0000 | weighted_recall 0.1303 | consensus_recall 0.0000 | threshold 0.625
Epoch 17/30 | train_loss 1.0377 | union_precision 1.0000 | weighted_recall 0.1303 | consensus_recall 0.0000 | threshold 0.625
Epoch 18/30 | train_loss 1.0126 | union_precision 1.0000 | weighted_recall 0.1303 | consensus_recall 0.0000 | threshold 0.625
Epoch 19/30 | train_loss 1.0081 | union_precision 1.0000 | weighted_recall 0.1303 | consensus_recall 0.0000 | threshold 0.625
Epoch 20/30 | train_loss 1.0071 | union_precision 1.0000 | weighted_recall 0.2375 | consensus_recall 0.5000 | threshold 0.625
Epoch 21/30 | train_loss 1.0113 | union_precision 1.0000 | weighted_recall 0.1303 | consensus_recall 0.0000 | threshold 0.650
Epoch 22/30 | train_loss 0.9807 | union_precision 1.0000 | weighted_recall 0.1303 | consensus_recall 0.0000 | threshold 0.650
Epoch 23/30 | train_loss 0.9773 | union_precision 1.0000 | weighted_recall 0.2337 | consensus_recall 0.5000 | threshold 0.650
Epoch 24/30 | train_loss 0.9720 | union_precision 1.0000 | weighted_recall 0.2337 | consensus_recall 0.5000 | threshold 0.650
Epoch 25/30 | train_loss 0.9664 | union_precision 1.0000 | weighted_recall 0.2337 | consensus_recall 0.5000 | threshold 0.675
Early stopping at epoch 25
Held-out M24-1 | union_precision=1.0000 | weighted_recall=0.2375 | consensus_recall=0.5000
  oracle_stage_macro_f1=0.2846 | end_to_end_stage_macro_f1=0.1687
  end_to_end_stage_class_f1=low:0.0870,mid:0.0556,high:0.3636
Epoch 1/30 | train_loss 1.6318 | union_precision 0.8000 | weighted_recall 0.0313 | consensus_recall 0.0000 | threshold 0.650
Epoch 2/30 | train_loss 1.4674 | union_precision 0.6000 | weighted_recall 0.0288 | consensus_recall 0.0000 | threshold 0.625
Epoch 3/30 | train_loss 1.3796 | union_precision 0.6250 | weighted_recall 0.0337 | consensus_recall 0.0000 | threshold 0.600
Epoch 4/30 | train_loss 1.3043 | union_precision 0.6667 | weighted_recall 0.0288 | consensus_recall 0.0000 | threshold 0.600
Epoch 5/30 | train_loss 1.2692 | union_precision 0.6667 | weighted_recall 0.0240 | consensus_recall 0.0000 | threshold 0.625
Epoch 6/30 | train_loss 1.2294 | union_precision 0.6087 | weighted_recall 0.0817 | consensus_recall 1.0000 | threshold 0.575
Early stopping at epoch 6
Held-out M24-2 | union_precision=0.8000 | weighted_recall=0.0313 | consensus_recall=0.0000
  oracle_stage_macro_f1=0.2308 | end_to_end_stage_macro_f1=0.0523
  end_to_end_stage_class_f1=low:0.0800,mid:0.0769,high:0.0000
Epoch 1/30 | train_loss 1.6315 | union_precision 0.4000 | weighted_recall 0.0098 | consensus_recall 0.0000 | threshold 0.625
Epoch 2/30 | train_loss 1.4645 | union_precision 0.3214 | weighted_recall 0.1471 | consensus_recall 0.0000 | threshold 0.475
Epoch 3/30 | train_loss 1.3814 | union_precision 0.4375 | weighted_recall 0.0441 | consensus_recall 0.0000 | threshold 0.575
Epoch 4/30 | train_loss 1.3033 | union_precision 0.4000 | weighted_recall 0.0245 | consensus_recall 0.0000 | threshold 0.600
Epoch 5/30 | train_loss 1.2701 | union_precision 0.6667 | weighted_recall 0.0490 | consensus_recall 0.0000 | threshold 0.650
Epoch 6/30 | train_loss 1.2311 | union_precision 0.6000 | weighted_recall 0.0539 | consensus_recall 0.0000 | threshold 0.650
Epoch 7/30 | train_loss 1.2005 | union_precision 0.6667 | weighted_recall 0.0588 | consensus_recall 0.0000 | threshold 0.650
Epoch 8/30 | train_loss 1.1818 | union_precision 0.6667 | weighted_recall 0.0588 | consensus_recall 0.0000 | threshold 0.675
Epoch 9/30 | train_loss 1.1660 | union_precision 0.6667 | weighted_recall 0.0588 | consensus_recall 0.0000 | threshold 0.675
Epoch 10/30 | train_loss 1.1397 | union_precision 0.7500 | weighted_recall 0.0539 | consensus_recall 0.0000 | threshold 0.725
Epoch 11/30 | train_loss 1.1232 | union_precision 1.0000 | weighted_recall 0.0490 | consensus_recall 0.0000 | threshold 0.750
Epoch 12/30 | train_loss 1.1079 | union_precision 1.0000 | weighted_recall 0.0392 | consensus_recall 0.0000 | threshold 0.775
Epoch 13/30 | train_loss 1.0832 | union_precision 1.0000 | weighted_recall 0.0490 | consensus_recall 0.0000 | threshold 0.775
Epoch 14/30 | train_loss 1.0773 | union_precision 1.0000 | weighted_recall 0.0588 | consensus_recall 0.0000 | threshold 0.775
Epoch 15/30 | train_loss 1.0695 | union_precision 1.0000 | weighted_recall 0.0588 | consensus_recall 0.0000 | threshold 0.775
Epoch 16/30 | train_loss 1.0444 | union_precision 1.0000 | weighted_recall 0.0588 | consensus_recall 0.0000 | threshold 0.775
Epoch 17/30 | train_loss 1.0407 | union_precision 1.0000 | weighted_recall 0.0588 | consensus_recall 0.0000 | threshold 0.775
Epoch 18/30 | train_loss 1.0223 | union_precision 1.0000 | weighted_recall 0.0588 | consensus_recall 0.0000 | threshold 0.775
Epoch 19/30 | train_loss 1.0143 | union_precision 1.0000 | weighted_recall 0.1176 | consensus_recall 0.0000 | threshold 0.775
Epoch 20/30 | train_loss 1.0136 | union_precision 1.0000 | weighted_recall 0.1422 | consensus_recall 0.0000 | threshold 0.775
Epoch 21/30 | train_loss 1.0130 | union_precision 1.0000 | weighted_recall 0.1422 | consensus_recall 0.0000 | threshold 0.775
Epoch 22/30 | train_loss 0.9869 | union_precision 1.0000 | weighted_recall 0.1422 | consensus_recall 0.0000 | threshold 0.750
Epoch 23/30 | train_loss 0.9837 | union_precision 1.0000 | weighted_recall 0.1422 | consensus_recall 0.0000 | threshold 0.750
Epoch 24/30 | train_loss 0.9795 | union_precision 1.0000 | weighted_recall 0.2108 | consensus_recall 0.0000 | threshold 0.725
Epoch 25/30 | train_loss 0.9730 | union_precision 1.0000 | weighted_recall 0.3284 | consensus_recall 1.0000 | threshold 0.725
Epoch 26/30 | train_loss 0.9637 | union_precision 1.0000 | weighted_recall 0.4216 | consensus_recall 1.0000 | threshold 0.725
Epoch 27/30 | train_loss 0.9502 | union_precision 1.0000 | weighted_recall 0.4216 | consensus_recall 1.0000 | threshold 0.725
Epoch 28/30 | train_loss 0.9375 | union_precision 1.0000 | weighted_recall 0.4216 | consensus_recall 1.0000 | threshold 0.725
Epoch 29/30 | train_loss 0.9319 | union_precision 1.0000 | weighted_recall 0.4216 | consensus_recall 1.0000 | threshold 0.700
Epoch 30/30 | train_loss 0.9303 | union_precision 1.0000 | weighted_recall 0.4216 | consensus_recall 1.0000 | threshold 0.700
Held-out M24-3 | union_precision=1.0000 | weighted_recall=0.4216 | consensus_recall=1.0000
  oracle_stage_macro_f1=0.3073 | end_to_end_stage_macro_f1=0.2870
  end_to_end_stage_class_f1=low:0.2609,mid:0.4000,high:0.2000
Epoch 1/30 | train_loss 1.6479 | union_precision 0.4884 | weighted_recall 0.1224 | consensus_recall 0.0000 | threshold 0.550
Epoch 2/30 | train_loss 1.4734 | union_precision 0.5882 | weighted_recall 0.2669 | consensus_recall 0.7500 | threshold 0.525
Epoch 3/30 | train_loss 1.3814 | union_precision 0.5714 | weighted_recall 0.2576 | consensus_recall 1.0000 | threshold 0.525
Epoch 4/30 | train_loss 1.3041 | union_precision 0.5682 | weighted_recall 0.2296 | consensus_recall 1.0000 | threshold 0.550
Epoch 5/30 | train_loss 1.2735 | union_precision 0.5581 | weighted_recall 0.2284 | consensus_recall 1.0000 | threshold 0.550
Epoch 6/30 | train_loss 1.2289 | union_precision 1.0000 | weighted_recall 0.0233 | consensus_recall 0.0000 | threshold 0.775
Epoch 7/30 | train_loss 1.1991 | union_precision 1.0000 | weighted_recall 0.0233 | consensus_recall 0.0000 | threshold 0.750
Epoch 8/30 | train_loss 1.1807 | union_precision 1.0000 | weighted_recall 0.0280 | consensus_recall 0.0000 | threshold 0.750
Epoch 9/30 | train_loss 1.1621 | union_precision 1.0000 | weighted_recall 0.0280 | consensus_recall 0.0000 | threshold 0.750
Epoch 10/30 | train_loss 1.1337 | union_precision 1.0000 | weighted_recall 0.0315 | consensus_recall 0.0000 | threshold 0.750
Epoch 11/30 | train_loss 1.1188 | union_precision 1.0000 | weighted_recall 0.0315 | consensus_recall 0.0000 | threshold 0.750
Epoch 12/30 | train_loss 1.1000 | union_precision 1.0000 | weighted_recall 0.0105 | consensus_recall 0.0000 | threshold 0.775
Epoch 13/30 | train_loss 1.0769 | union_precision 1.0000 | weighted_recall 0.0105 | consensus_recall 0.0000 | threshold 0.775
Epoch 14/30 | train_loss 1.0738 | union_precision 1.0000 | weighted_recall 0.0105 | consensus_recall 0.0000 | threshold 0.800
Epoch 15/30 | train_loss 1.0646 | union_precision 1.0000 | weighted_recall 0.0210 | consensus_recall 0.0000 | threshold 0.800
Epoch 16/30 | train_loss 1.0361 | union_precision 1.0000 | weighted_recall 0.0105 | consensus_recall 0.0000 | threshold 0.825
Epoch 17/30 | train_loss 1.0315 | union_precision 1.0000 | weighted_recall 0.0210 | consensus_recall 0.0000 | threshold 0.825
Epoch 18/30 | train_loss 1.0177 | union_precision 1.0000 | weighted_recall 0.0105 | consensus_recall 0.0000 | threshold 0.850
Epoch 19/30 | train_loss 1.0084 | union_precision 1.0000 | weighted_recall 0.0210 | consensus_recall 0.0000 | threshold 0.850
Epoch 20/30 | train_loss 1.0057 | union_precision 1.0000 | weighted_recall 0.0105 | consensus_recall 0.0000 | threshold 0.875
Early stopping at epoch 20
Held-out M24-4 | union_precision=1.0000 | weighted_recall=0.0210 | consensus_recall=0.0000
  oracle_stage_macro_f1=0.3417 | end_to_end_stage_macro_f1=0.0088
  end_to_end_stage_class_f1=low:0.0000,mid:0.0263,high:0.0000
Epoch 1/30 | train_loss 1.6300 | union_precision 0.4444 | weighted_recall 0.0775 | consensus_recall 0.0000 | threshold 0.575
Epoch 2/30 | train_loss 1.4663 | union_precision 0.6000 | weighted_recall 0.0634 | consensus_recall 0.0000 | threshold 0.625
Epoch 3/30 | train_loss 1.3792 | union_precision 1.0000 | weighted_recall 0.0070 | consensus_recall 0.0000 | threshold 0.700
Epoch 4/30 | train_loss 1.3048 | union_precision 0.7143 | weighted_recall 0.0915 | consensus_recall 0.0000 | threshold 0.575
Epoch 5/30 | train_loss 1.2723 | union_precision 1.0000 | weighted_recall 0.0070 | consensus_recall 0.0000 | threshold 0.725
Epoch 6/30 | train_loss 1.2270 | union_precision 1.0000 | weighted_recall 0.0070 | consensus_recall 0.0000 | threshold 0.725
Epoch 7/30 | train_loss 1.1979 | union_precision 0.7143 | weighted_recall 0.0915 | consensus_recall 0.0000 | threshold 0.600
Epoch 8/30 | train_loss 1.1804 | union_precision 0.7143 | weighted_recall 0.1690 | consensus_recall 0.0000 | threshold 0.600
Early stopping at epoch 8
Held-out M30-1 | union_precision=1.0000 | weighted_recall=0.0070 | consensus_recall=0.0000
  oracle_stage_macro_f1=0.3238 | end_to_end_stage_macro_f1=0.0476
  end_to_end_stage_class_f1=low:0.0000,mid:0.1429,high:0.0000
Epoch 1/30 | train_loss 1.6251 | union_precision 0.5000 | weighted_recall 0.2826 | consensus_recall 0.0000 | threshold 0.525
Epoch 2/30 | train_loss 1.4666 | union_precision 0.3077 | weighted_recall 0.0609 | consensus_recall 0.0000 | threshold 0.050
Epoch 3/30 | train_loss 1.3799 | union_precision 0.3529 | weighted_recall 0.1087 | consensus_recall 0.0000 | threshold 0.525
Epoch 4/30 | train_loss 1.3075 | union_precision 0.3333 | weighted_recall 0.1478 | consensus_recall 0.0000 | threshold 0.050
Epoch 5/30 | train_loss 1.2721 | union_precision 0.6667 | weighted_recall 0.1696 | consensus_recall 0.0000 | threshold 0.575
Epoch 6/30 | train_loss 1.2297 | union_precision 0.8000 | weighted_recall 0.2435 | consensus_recall 0.0000 | threshold 0.600
Epoch 7/30 | train_loss 1.1985 | union_precision 0.8000 | weighted_recall 0.2435 | consensus_recall 0.0000 | threshold 0.600
Epoch 8/30 | train_loss 1.1842 | union_precision 0.8000 | weighted_recall 0.2435 | consensus_recall 0.0000 | threshold 0.600
Epoch 9/30 | train_loss 1.1636 | union_precision 0.8571 | weighted_recall 0.2696 | consensus_recall 0.0000 | threshold 0.600
Epoch 10/30 | train_loss 1.1400 | union_precision 1.0000 | weighted_recall 0.1652 | consensus_recall 0.0000 | threshold 0.725
Epoch 11/30 | train_loss 1.1224 | union_precision 1.0000 | weighted_recall 0.1652 | consensus_recall 0.0000 | threshold 0.750
Epoch 12/30 | train_loss 1.1038 | union_precision 1.0000 | weighted_recall 0.1652 | consensus_recall 0.0000 | threshold 0.750
Epoch 13/30 | train_loss 1.0794 | union_precision 1.0000 | weighted_recall 0.1652 | consensus_recall 0.0000 | threshold 0.750
Epoch 14/30 | train_loss 1.0738 | union_precision 1.0000 | weighted_recall 0.1652 | consensus_recall 0.0000 | threshold 0.750
Epoch 15/30 | train_loss 1.0698 | union_precision 1.0000 | weighted_recall 0.1130 | consensus_recall 0.0000 | threshold 0.775
Early stopping at epoch 15
Held-out M30-2 | union_precision=1.0000 | weighted_recall=0.1652 | consensus_recall=0.0000
  oracle_stage_macro_f1=0.4425 | end_to_end_stage_macro_f1=0.0430
  end_to_end_stage_class_f1=low:0.0000,mid:0.1290,high:0.0000
Epoch 1/30 | train_loss 1.6315 | union_precision 0.8333 | weighted_recall 0.0161 | consensus_recall 0.0000 | threshold 0.675
Epoch 2/30 | train_loss 1.4717 | union_precision 0.7500 | weighted_recall 0.0069 | consensus_recall 0.0000 | threshold 0.700
Epoch 3/30 | train_loss 1.3779 | union_precision 0.6667 | weighted_recall 0.0115 | consensus_recall 0.0000 | threshold 0.675
Epoch 4/30 | train_loss 1.3070 | union_precision 0.6667 | weighted_recall 0.3195 | consensus_recall 0.7500 | threshold 0.575
Epoch 5/30 | train_loss 1.2725 | union_precision 0.7143 | weighted_recall 0.3264 | consensus_recall 0.7500 | threshold 0.575
Epoch 6/30 | train_loss 1.2306 | union_precision 0.7391 | weighted_recall 0.3310 | consensus_recall 0.7500 | threshold 0.575
Early stopping at epoch 6
Held-out M30-3 | union_precision=0.8333 | weighted_recall=0.0161 | consensus_recall=0.0000
  oracle_stage_macro_f1=0.2392 | end_to_end_stage_macro_f1=0.0000
  end_to_end_stage_class_f1=low:0.0000,mid:0.0000,high:0.0000
Epoch 1/30 | train_loss 1.6247 | union_precision 1.0000 | weighted_recall 0.0087 | consensus_recall 0.0000 | threshold 0.775
Epoch 2/30 | train_loss 1.4613 | union_precision 1.0000 | weighted_recall 0.0087 | consensus_recall 0.0000 | threshold 0.775
Epoch 3/30 | train_loss 1.3809 | union_precision 1.0000 | weighted_recall 0.0087 | consensus_recall 0.0000 | threshold 0.750
Epoch 4/30 | train_loss 1.3074 | union_precision 0.6667 | weighted_recall 0.0647 | consensus_recall 0.0000 | threshold 0.675
Epoch 5/30 | train_loss 1.2743 | union_precision 0.6667 | weighted_recall 0.0647 | consensus_recall 0.0000 | threshold 0.675
Epoch 6/30 | train_loss 1.2339 | union_precision 1.0000 | weighted_recall 0.0192 | consensus_recall 0.0000 | threshold 0.725
Epoch 7/30 | train_loss 1.2009 | union_precision 0.7500 | weighted_recall 0.0490 | consensus_recall 0.0000 | threshold 0.700
Epoch 8/30 | train_loss 1.1876 | union_precision 0.8000 | weighted_recall 0.0507 | consensus_recall 0.0000 | threshold 0.700
Epoch 9/30 | train_loss 1.1660 | union_precision 0.8571 | weighted_recall 0.1399 | consensus_recall 0.2000 | threshold 0.700
Epoch 10/30 | train_loss 1.1432 | union_precision 1.0000 | weighted_recall 0.1783 | consensus_recall 0.4000 | threshold 0.750
Epoch 11/30 | train_loss 1.1211 | union_precision 1.0000 | weighted_recall 0.1783 | consensus_recall 0.4000 | threshold 0.775
Epoch 12/30 | train_loss 1.1046 | union_precision 1.0000 | weighted_recall 0.1783 | consensus_recall 0.4000 | threshold 0.800
Epoch 13/30 | train_loss 1.0822 | union_precision 1.0000 | weighted_recall 0.1626 | consensus_recall 0.4000 | threshold 0.825
Epoch 14/30 | train_loss 1.0807 | union_precision 1.0000 | weighted_recall 0.1783 | consensus_recall 0.4000 | threshold 0.825
Epoch 15/30 | train_loss 1.0707 | union_precision 1.0000 | weighted_recall 0.1626 | consensus_recall 0.4000 | threshold 0.850
Early stopping at epoch 15
Held-out M30-4 | union_precision=1.0000 | weighted_recall=0.1783 | consensus_recall=0.4000
  oracle_stage_macro_f1=0.3548 | end_to_end_stage_macro_f1=0.0325
  end_to_end_stage_class_f1=low:0.0000,mid:0.0976,high:0.0000
Epoch 1/30 | train_loss 1.6142 | union_precision 0.4118 | weighted_recall 0.1689 | consensus_recall 0.0000 | threshold 0.050
Epoch 2/30 | train_loss 1.4582 | union_precision 0.4615 | weighted_recall 0.0608 | consensus_recall 0.0000 | threshold 0.575
Epoch 3/30 | train_loss 1.3714 | union_precision 0.4286 | weighted_recall 0.0541 | consensus_recall 0.0000 | threshold 0.525
Epoch 4/30 | train_loss 1.3050 | union_precision 0.4667 | weighted_recall 0.0743 | consensus_recall 0.0000 | threshold 0.525
Epoch 5/30 | train_loss 1.2655 | union_precision 0.4286 | weighted_recall 0.1622 | consensus_recall 0.0000 | threshold 0.525
Epoch 6/30 | train_loss 1.2274 | union_precision 0.4000 | weighted_recall 0.1622 | consensus_recall 0.0000 | threshold 0.525
Epoch 7/30 | train_loss 1.1980 | union_precision 0.4000 | weighted_recall 0.1622 | consensus_recall 1.0000 | threshold 0.500
Epoch 8/30 | train_loss 1.1811 | union_precision 0.5000 | weighted_recall 0.0135 | consensus_recall 1.0000 | threshold 0.725
Epoch 9/30 | train_loss 1.1573 | union_precision 0.5000 | weighted_recall 0.1149 | consensus_recall 1.0000 | threshold 0.700
Epoch 10/30 | train_loss 1.1387 | union_precision 0.6667 | weighted_recall 0.1149 | consensus_recall 1.0000 | threshold 0.700
Epoch 11/30 | train_loss 1.1153 | union_precision 0.6667 | weighted_recall 0.1149 | consensus_recall 1.0000 | threshold 0.725
Epoch 12/30 | train_loss 1.1004 | union_precision 0.6667 | weighted_recall 0.1149 | consensus_recall 1.0000 | threshold 0.725
Epoch 13/30 | train_loss 1.0760 | union_precision 0.6667 | weighted_recall 0.1149 | consensus_recall 1.0000 | threshold 0.725
Epoch 14/30 | train_loss 1.0730 | union_precision 1.0000 | weighted_recall 0.0135 | consensus_recall 1.0000 | threshold 0.850
Epoch 15/30 | train_loss 1.0630 | union_precision 1.0000 | weighted_recall 0.0135 | consensus_recall 1.0000 | threshold 0.850
Epoch 16/30 | train_loss 1.0332 | union_precision 1.0000 | weighted_recall 0.0135 | consensus_recall 1.0000 | threshold 0.875
Epoch 17/30 | train_loss 1.0342 | union_precision 1.0000 | weighted_recall 0.0135 | consensus_recall 1.0000 | threshold 0.875
Epoch 18/30 | train_loss 1.0199 | union_precision 1.0000 | weighted_recall 0.0135 | consensus_recall 1.0000 | threshold 0.875
Epoch 19/30 | train_loss 1.0103 | union_precision 1.0000 | weighted_recall 0.1149 | consensus_recall 1.0000 | threshold 0.875
Epoch 20/30 | train_loss 1.0077 | union_precision 1.0000 | weighted_recall 0.1149 | consensus_recall 1.0000 | threshold 0.875
Epoch 21/30 | train_loss 1.0004 | union_precision 1.0000 | weighted_recall 0.1149 | consensus_recall 1.0000 | threshold 0.850
Epoch 22/30 | train_loss 0.9786 | union_precision 1.0000 | weighted_recall 0.1149 | consensus_recall 1.0000 | threshold 0.850
Epoch 23/30 | train_loss 0.9794 | union_precision 1.0000 | weighted_recall 0.1149 | consensus_recall 1.0000 | threshold 0.850
Epoch 24/30 | train_loss 0.9712 | union_precision 1.0000 | weighted_recall 0.1149 | consensus_recall 1.0000 | threshold 0.850
Early stopping at epoch 24
Held-out M33-1 | union_precision=1.0000 | weighted_recall=0.1149 | consensus_recall=1.0000
  oracle_stage_macro_f1=0.3507 | end_to_end_stage_macro_f1=0.0000
  end_to_end_stage_class_f1=low:0.0000,mid:0.0000,high:0.0000
Epoch 1/30 | train_loss 1.6133 | union_precision 0.7500 | weighted_recall 0.0400 | consensus_recall 0.0000 | threshold 0.625
Epoch 2/30 | train_loss 1.4619 | union_precision 0.6000 | weighted_recall 0.0400 | consensus_recall 0.0000 | threshold 0.625
Epoch 3/30 | train_loss 1.3801 | union_precision 0.6000 | weighted_recall 0.0400 | consensus_recall 0.0000 | threshold 0.650
Epoch 4/30 | train_loss 1.3047 | union_precision 0.6667 | weighted_recall 0.0350 | consensus_recall 0.0000 | threshold 0.675
Epoch 5/30 | train_loss 1.2715 | union_precision 1.0000 | weighted_recall 0.0283 | consensus_recall 0.0000 | threshold 0.700
Epoch 6/30 | train_loss 1.2338 | union_precision 1.0000 | weighted_recall 0.0283 | consensus_recall 0.0000 | threshold 0.700
Epoch 7/30 | train_loss 1.2031 | union_precision 1.0000 | weighted_recall 0.0283 | consensus_recall 0.0000 | threshold 0.700
Epoch 8/30 | train_loss 1.1884 | union_precision 1.0000 | weighted_recall 0.0283 | consensus_recall 0.0000 | threshold 0.700
Epoch 9/30 | train_loss 1.1659 | union_precision 0.5000 | weighted_recall 0.0483 | consensus_recall 0.0000 | threshold 0.600
Epoch 10/30 | train_loss 1.1463 | union_precision 0.5625 | weighted_recall 0.0600 | consensus_recall 0.0000 | threshold 0.600
Early stopping at epoch 10
Held-out M33-2 | union_precision=1.0000 | weighted_recall=0.0283 | consensus_recall=0.0000
  oracle_stage_macro_f1=0.2749 | end_to_end_stage_macro_f1=0.0000
  end_to_end_stage_class_f1=low:0.0000,mid:0.0000,high:0.0000
Epoch 1/30 | train_loss 1.6085 | union_precision 0.2500 | weighted_recall 0.1149 | consensus_recall 0.0000 | threshold 0.525
Epoch 2/30 | train_loss 1.4581 | union_precision 0.2500 | weighted_recall 0.1034 | consensus_recall 0.0000 | threshold 0.550
Epoch 3/30 | train_loss 1.3766 | union_precision 0.2500 | weighted_recall 0.1954 | consensus_recall 0.0000 | threshold 0.500
Epoch 4/30 | train_loss 1.3003 | union_precision 0.3125 | weighted_recall 0.1724 | consensus_recall 0.0000 | threshold 0.550
Epoch 5/30 | train_loss 1.2656 | union_precision 0.3333 | weighted_recall 0.1724 | consensus_recall 0.0000 | threshold 0.575
Epoch 6/30 | train_loss 1.2287 | union_precision 0.4167 | weighted_recall 0.1724 | consensus_recall 0.0000 | threshold 0.600
Epoch 7/30 | train_loss 1.1990 | union_precision 0.5714 | weighted_recall 0.1609 | consensus_recall 0.0000 | threshold 0.625
Epoch 8/30 | train_loss 1.1820 | union_precision 1.0000 | weighted_recall 0.1034 | consensus_recall 0.0000 | threshold 0.675
Epoch 9/30 | train_loss 1.1606 | union_precision 1.0000 | weighted_recall 0.1494 | consensus_recall 0.0000 | threshold 0.675
Epoch 10/30 | train_loss 1.1403 | union_precision 1.0000 | weighted_recall 0.1494 | consensus_recall 0.0000 | threshold 0.700
Epoch 11/30 | train_loss 1.1157 | union_precision 1.0000 | weighted_recall 0.1034 | consensus_recall 0.0000 | threshold 0.725
Epoch 12/30 | train_loss 1.1030 | union_precision 1.0000 | weighted_recall 0.1494 | consensus_recall 0.0000 | threshold 0.725
Epoch 13/30 | train_loss 1.0758 | union_precision 1.0000 | weighted_recall 0.0690 | consensus_recall 0.0000 | threshold 0.750
Epoch 14/30 | train_loss 1.0755 | union_precision 1.0000 | weighted_recall 0.1034 | consensus_recall 0.0000 | threshold 0.750
Early stopping at epoch 14
Held-out M33-3 | union_precision=1.0000 | weighted_recall=0.1494 | consensus_recall=0.0000
  oracle_stage_macro_f1=0.3929 | end_to_end_stage_macro_f1=0.0392
  end_to_end_stage_class_f1=low:0.0000,mid:0.1176,high:0.0000
Epoch 1/30 | train_loss 1.6362 | union_precision 0.6667 | weighted_recall 0.0332 | consensus_recall 0.0000 | threshold 0.700
Epoch 2/30 | train_loss 1.4618 | union_precision 1.0000 | weighted_recall 0.0203 | consensus_recall 0.0000 | threshold 0.725
Epoch 3/30 | train_loss 1.3542 | union_precision 1.0000 | weighted_recall 0.0221 | consensus_recall 0.0000 | threshold 0.725
Epoch 4/30 | train_loss 1.3102 | union_precision 1.0000 | weighted_recall 0.0360 | consensus_recall 0.0000 | threshold 0.700
Epoch 5/30 | train_loss 1.2699 | union_precision 1.0000 | weighted_recall 0.0369 | consensus_recall 0.0000 | threshold 0.725
Epoch 6/30 | train_loss 1.2107 | union_precision 1.0000 | weighted_recall 0.0424 | consensus_recall 0.0000 | threshold 0.725
Epoch 7/30 | train_loss 1.2054 | union_precision 1.0000 | weighted_recall 0.0424 | consensus_recall 0.0000 | threshold 0.725
Epoch 8/30 | train_loss 1.1790 | union_precision 1.0000 | weighted_recall 0.0581 | consensus_recall 0.0000 | threshold 0.725
Epoch 9/30 | train_loss 1.1582 | union_precision 1.0000 | weighted_recall 0.0600 | consensus_recall 0.0000 | threshold 0.725
Epoch 10/30 | train_loss 1.1373 | union_precision 1.0000 | weighted_recall 0.0517 | consensus_recall 0.2500 | threshold 0.750
Epoch 11/30 | train_loss 1.1234 | union_precision 1.0000 | weighted_recall 0.0332 | consensus_recall 0.0000 | threshold 0.775
Epoch 12/30 | train_loss 1.1114 | union_precision 0.9524 | weighted_recall 0.0978 | consensus_recall 0.7500 | threshold 0.750
Epoch 13/30 | train_loss 1.0826 | union_precision 0.9565 | weighted_recall 0.1024 | consensus_recall 0.7500 | threshold 0.750
Epoch 14/30 | train_loss 1.0684 | union_precision 0.9600 | weighted_recall 0.1402 | consensus_recall 1.0000 | threshold 0.750
Epoch 15/30 | train_loss 1.0579 | union_precision 0.9600 | weighted_recall 0.1393 | consensus_recall 1.0000 | threshold 0.750
Epoch 16/30 | train_loss 1.0487 | union_precision 0.9600 | weighted_recall 0.1448 | consensus_recall 1.0000 | threshold 0.750
Epoch 17/30 | train_loss 1.0307 | union_precision 0.9565 | weighted_recall 0.1421 | consensus_recall 1.0000 | threshold 0.775
Epoch 18/30 | train_loss 1.0230 | union_precision 1.0000 | weighted_recall 0.0387 | consensus_recall 0.0000 | threshold 0.850
Epoch 19/30 | train_loss 1.0163 | union_precision 1.0000 | weighted_recall 0.0443 | consensus_recall 0.0000 | threshold 0.850
Epoch 20/30 | train_loss 1.0023 | union_precision 1.0000 | weighted_recall 0.0415 | consensus_recall 0.0000 | threshold 0.875
Epoch 21/30 | train_loss 1.0041 | union_precision 1.0000 | weighted_recall 0.0415 | consensus_recall 0.0000 | threshold 0.875
Early stopping at epoch 21
Held-out M33-4 | union_precision=0.9600 | weighted_recall=0.1448 | consensus_recall=1.0000
  oracle_stage_macro_f1=0.3980 | end_to_end_stage_macro_f1=0.1014
  end_to_end_stage_class_f1=low:0.0806,mid:0.1522,high:0.0714
Epoch 1/30 | train_loss 1.6193 | union_precision 0.5192 | weighted_recall 0.2338 | consensus_recall 0.0000 | threshold 0.050
Epoch 2/30 | train_loss 1.4593 | union_precision 0.5283 | weighted_recall 0.2123 | consensus_recall 0.0000 | threshold 0.450
Epoch 3/30 | train_loss 1.3825 | union_precision 0.5417 | weighted_recall 0.2215 | consensus_recall 0.0000 | threshold 0.500
Epoch 4/30 | train_loss 1.2965 | union_precision 0.5273 | weighted_recall 0.2338 | consensus_recall 0.0000 | threshold 0.475
Epoch 5/30 | train_loss 1.2619 | union_precision 0.5926 | weighted_recall 0.1815 | consensus_recall 0.0000 | threshold 0.550
Epoch 6/30 | train_loss 1.2256 | union_precision 0.5926 | weighted_recall 0.1815 | consensus_recall 0.0000 | threshold 0.550
Epoch 7/30 | train_loss 1.1990 | union_precision 0.5667 | weighted_recall 0.1846 | consensus_recall 0.0000 | threshold 0.550
Epoch 8/30 | train_loss 1.1762 | union_precision 0.5938 | weighted_recall 0.2123 | consensus_recall 0.0000 | threshold 0.550
Epoch 9/30 | train_loss 1.1529 | union_precision 0.5926 | weighted_recall 0.1969 | consensus_recall 0.0000 | threshold 0.575
Epoch 10/30 | train_loss 1.1330 | union_precision 0.6061 | weighted_recall 0.1938 | consensus_recall 0.0000 | threshold 0.550
Epoch 11/30 | train_loss 1.1158 | union_precision 1.0000 | weighted_recall 0.0277 | consensus_recall 0.0000 | threshold 0.725
Epoch 12/30 | train_loss 1.0980 | union_precision 1.0000 | weighted_recall 0.0308 | consensus_recall 0.0000 | threshold 0.725
Epoch 13/30 | train_loss 1.0729 | union_precision 1.0000 | weighted_recall 0.0308 | consensus_recall 0.0000 | threshold 0.725
Epoch 14/30 | train_loss 1.0685 | union_precision 1.0000 | weighted_recall 0.0462 | consensus_recall 0.0000 | threshold 0.725
Epoch 15/30 | train_loss 1.0588 | union_precision 1.0000 | weighted_recall 0.0462 | consensus_recall 0.0000 | threshold 0.725
Epoch 16/30 | train_loss 1.0359 | union_precision 1.0000 | weighted_recall 0.0462 | consensus_recall 0.0000 | threshold 0.750
Epoch 17/30 | train_loss 1.0342 | union_precision 1.0000 | weighted_recall 0.0462 | consensus_recall 0.0000 | threshold 0.750
Epoch 18/30 | train_loss 1.0180 | union_precision 1.0000 | weighted_recall 0.0462 | consensus_recall 0.0000 | threshold 0.775
Epoch 19/30 | train_loss 1.0068 | union_precision 1.0000 | weighted_recall 0.0462 | consensus_recall 0.0000 | threshold 0.775
Early stopping at epoch 19
Held-out M41-1 | union_precision=1.0000 | weighted_recall=0.0462 | consensus_recall=0.0000
  oracle_stage_macro_f1=0.3300 | end_to_end_stage_macro_f1=0.0272
  end_to_end_stage_class_f1=low:0.0000,mid:0.0816,high:0.0000
Epoch 1/30 | train_loss 1.6149 | union_precision 0.8000 | weighted_recall 0.0432 | consensus_recall 0.0000 | threshold 0.600
Epoch 2/30 | train_loss 1.4591 | union_precision 0.8000 | weighted_recall 0.0432 | consensus_recall 0.0000 | threshold 0.600
Epoch 3/30 | train_loss 1.3809 | union_precision 0.7500 | weighted_recall 0.0370 | consensus_recall 0.0000 | threshold 0.600
Epoch 4/30 | train_loss 1.2971 | union_precision 0.7500 | weighted_recall 0.0370 | consensus_recall 0.0000 | threshold 0.625
Epoch 5/30 | train_loss 1.2653 | union_precision 0.7222 | weighted_recall 0.1728 | consensus_recall 0.0000 | threshold 0.525
Epoch 6/30 | train_loss 1.2291 | union_precision 0.6667 | weighted_recall 0.1543 | consensus_recall 0.0000 | threshold 0.525
Early stopping at epoch 6
Held-out M41-2 | union_precision=0.8000 | weighted_recall=0.0432 | consensus_recall=0.0000
  oracle_stage_macro_f1=0.3976 | end_to_end_stage_macro_f1=0.0556
  end_to_end_stage_class_f1=low:0.1667,mid:0.0000,high:0.0000
Epoch 1/30 | train_loss 1.6172 | union_precision 1.0000 | weighted_recall 0.0310 | consensus_recall 0.0000 | threshold 0.675
Epoch 2/30 | train_loss 1.4622 | union_precision 0.8125 | weighted_recall 0.1903 | consensus_recall 0.0000 | threshold 0.625
Epoch 3/30 | train_loss 1.3799 | union_precision 1.0000 | weighted_recall 0.0973 | consensus_recall 0.0000 | threshold 0.650
Epoch 4/30 | train_loss 1.2972 | union_precision 1.0000 | weighted_recall 0.0310 | consensus_recall 0.0000 | threshold 0.675
Epoch 5/30 | train_loss 1.2675 | union_precision 1.0000 | weighted_recall 0.0221 | consensus_recall 0.0000 | threshold 0.700
Epoch 6/30 | train_loss 1.2304 | union_precision 1.0000 | weighted_recall 0.0221 | consensus_recall 0.0000 | threshold 0.725
Epoch 7/30 | train_loss 1.2021 | union_precision 1.0000 | weighted_recall 0.0752 | consensus_recall 0.0000 | threshold 0.725
Epoch 8/30 | train_loss 1.1785 | union_precision 1.0000 | weighted_recall 0.0752 | consensus_recall 0.0000 | threshold 0.725
Early stopping at epoch 8
Held-out M41-3 | union_precision=1.0000 | weighted_recall=0.0973 | consensus_recall=0.0000
  oracle_stage_macro_f1=0.3314 | end_to_end_stage_macro_f1=0.0909
  end_to_end_stage_class_f1=low:0.0000,mid:0.0909,high:0.1818
Epoch 1/30 | train_loss 1.6181 | union_precision 0.6842 | weighted_recall 0.3060 | consensus_recall 0.0000 | threshold 0.525
Epoch 2/30 | train_loss 1.4652 | union_precision 0.6667 | weighted_recall 0.3005 | consensus_recall 0.0000 | threshold 0.525
Epoch 3/30 | train_loss 1.3856 | union_precision 0.7333 | weighted_recall 0.1913 | consensus_recall 0.0000 | threshold 0.550
Epoch 4/30 | train_loss 1.2986 | union_precision 1.0000 | weighted_recall 0.0546 | consensus_recall 0.0000 | threshold 0.625
Epoch 5/30 | train_loss 1.2693 | union_precision 1.0000 | weighted_recall 0.0656 | consensus_recall 0.0000 | threshold 0.625
Epoch 6/30 | train_loss 1.2328 | union_precision 1.0000 | weighted_recall 0.0656 | consensus_recall 0.0000 | threshold 0.625
Epoch 7/30 | train_loss 1.2036 | union_precision 1.0000 | weighted_recall 0.0874 | consensus_recall 0.0000 | threshold 0.625
Epoch 8/30 | train_loss 1.1808 | union_precision 1.0000 | weighted_recall 0.0929 | consensus_recall 0.0000 | threshold 0.625
Epoch 9/30 | train_loss 1.1559 | union_precision 1.0000 | weighted_recall 0.0874 | consensus_recall 0.0000 | threshold 0.650
Epoch 10/30 | train_loss 1.1388 | union_precision 1.0000 | weighted_recall 0.1475 | consensus_recall 0.0000 | threshold 0.650
Epoch 11/30 | train_loss 1.1190 | union_precision 1.0000 | weighted_recall 0.1366 | consensus_recall 0.0000 | threshold 0.675
Epoch 12/30 | train_loss 1.1042 | union_precision 1.0000 | weighted_recall 0.1366 | consensus_recall 0.0000 | threshold 0.700
Epoch 13/30 | train_loss 1.0779 | union_precision 1.0000 | weighted_recall 0.1366 | consensus_recall 0.0000 | threshold 0.700
Epoch 14/30 | train_loss 1.0759 | union_precision 1.0000 | weighted_recall 0.1366 | consensus_recall 0.0000 | threshold 0.725
Epoch 15/30 | train_loss 1.0666 | union_precision 1.0000 | weighted_recall 0.1366 | consensus_recall 0.0000 | threshold 0.725
Early stopping at epoch 15
Held-out M41-4 | union_precision=1.0000 | weighted_recall=0.1475 | consensus_recall=0.0000
  oracle_stage_macro_f1=0.3777 | end_to_end_stage_macro_f1=0.1026
  end_to_end_stage_class_f1=low:0.0000,mid:0.3077,high:0.0000
Epoch 1/30 | train_loss 1.6162 | union_precision 0.4375 | weighted_recall 0.1858 | consensus_recall 0.0000 | threshold 0.525
Epoch 2/30 | train_loss 1.4649 | union_precision 0.5000 | weighted_recall 0.0068 | consensus_recall 0.0000 | threshold 0.725
Epoch 3/30 | train_loss 1.3797 | union_precision 0.5000 | weighted_recall 0.0068 | consensus_recall 0.0000 | threshold 0.725
Epoch 4/30 | train_loss 1.2971 | union_precision 0.3889 | weighted_recall 0.2196 | consensus_recall 0.0000 | threshold 0.550
Epoch 5/30 | train_loss 1.2665 | union_precision 0.5000 | weighted_recall 0.0068 | consensus_recall 0.0000 | threshold 0.750
Epoch 6/30 | train_loss 1.2304 | union_precision 0.4615 | weighted_recall 0.3277 | consensus_recall 0.0000 | threshold 0.550
Epoch 7/30 | train_loss 1.2012 | union_precision 0.4865 | weighted_recall 0.2770 | consensus_recall 0.0000 | threshold 0.550
Early stopping at epoch 7
Held-out M50-1 | union_precision=0.5000 | weighted_recall=0.0068 | consensus_recall=0.0000
  oracle_stage_macro_f1=0.3124 | end_to_end_stage_macro_f1=0.0167
  end_to_end_stage_class_f1=low:0.0000,mid:0.0500,high:0.0000
Epoch 1/30 | train_loss 1.6216 | union_precision 0.5333 | weighted_recall 0.0841 | consensus_recall 0.4000 | threshold 0.625
Epoch 2/30 | train_loss 1.4661 | union_precision 0.5000 | weighted_recall 0.0474 | consensus_recall 0.2000 | threshold 0.625
Epoch 3/30 | train_loss 1.3826 | union_precision 0.5200 | weighted_recall 0.1121 | consensus_recall 0.4000 | threshold 0.550
Epoch 4/30 | train_loss 1.2982 | union_precision 0.6667 | weighted_recall 0.0474 | consensus_recall 0.2000 | threshold 0.625
Epoch 5/30 | train_loss 1.2668 | union_precision 0.7000 | weighted_recall 0.0797 | consensus_recall 0.2000 | threshold 0.625
Epoch 6/30 | train_loss 1.2268 | union_precision 0.7143 | weighted_recall 0.0647 | consensus_recall 0.2000 | threshold 0.650
Epoch 7/30 | train_loss 1.2049 | union_precision 0.7143 | weighted_recall 0.0647 | consensus_recall 0.2000 | threshold 0.650
Epoch 8/30 | train_loss 1.1798 | union_precision 0.7778 | weighted_recall 0.1056 | consensus_recall 0.2000 | threshold 0.625
Epoch 9/30 | train_loss 1.1579 | union_precision 0.8000 | weighted_recall 0.0819 | consensus_recall 0.2000 | threshold 0.675
Epoch 10/30 | train_loss 1.1393 | union_precision 1.0000 | weighted_recall 0.0345 | consensus_recall 0.2000 | threshold 0.700
Epoch 11/30 | train_loss 1.1171 | union_precision 1.0000 | weighted_recall 0.0517 | consensus_recall 0.2000 | threshold 0.700
Epoch 12/30 | train_loss 1.0998 | union_precision 1.0000 | weighted_recall 0.0539 | consensus_recall 0.2000 | threshold 0.700
Epoch 13/30 | train_loss 1.0795 | union_precision 1.0000 | weighted_recall 0.0496 | consensus_recall 0.0000 | threshold 0.700
Epoch 14/30 | train_loss 1.0738 | union_precision 1.0000 | weighted_recall 0.0409 | consensus_recall 0.0000 | threshold 0.725
Epoch 15/30 | train_loss 1.0656 | union_precision 1.0000 | weighted_recall 0.0496 | consensus_recall 0.0000 | threshold 0.725
Epoch 16/30 | train_loss 1.0411 | union_precision 1.0000 | weighted_recall 0.0409 | consensus_recall 0.0000 | threshold 0.750
Epoch 17/30 | train_loss 1.0394 | union_precision 1.0000 | weighted_recall 0.0409 | consensus_recall 0.0000 | threshold 0.750
Epoch 18/30 | train_loss 1.0159 | union_precision 1.0000 | weighted_recall 0.0409 | consensus_recall 0.0000 | threshold 0.775
Early stopping at epoch 18
Held-out M50-2 | union_precision=1.0000 | weighted_recall=0.0496 | consensus_recall=0.0000
  oracle_stage_macro_f1=0.3040 | end_to_end_stage_macro_f1=0.0755
  end_to_end_stage_class_f1=low:0.0571,mid:0.0444,high:0.1250
Epoch 1/30 | train_loss 1.6295 | union_precision 1.0000 | weighted_recall 0.0019 | consensus_recall 0.0000 | threshold 0.750
Epoch 2/30 | train_loss 1.4575 | union_precision 1.0000 | weighted_recall 0.0019 | consensus_recall 0.0000 | threshold 0.775
Epoch 3/30 | train_loss 1.3882 | union_precision 1.0000 | weighted_recall 0.0019 | consensus_recall 0.0000 | threshold 0.775
Epoch 4/30 | train_loss 1.2996 | union_precision 1.0000 | weighted_recall 0.0019 | consensus_recall 0.0000 | threshold 0.800
Epoch 5/30 | train_loss 1.2651 | union_precision 1.0000 | weighted_recall 0.0019 | consensus_recall 0.0000 | threshold 0.800
Epoch 6/30 | train_loss 1.2264 | union_precision 1.0000 | weighted_recall 0.0019 | consensus_recall 0.0000 | threshold 0.800
Early stopping at epoch 6
Held-out M50-3 | union_precision=1.0000 | weighted_recall=0.0019 | consensus_recall=0.0000
  oracle_stage_macro_f1=0.3638 | end_to_end_stage_macro_f1=0.0101
  end_to_end_stage_class_f1=low:0.0000,mid:0.0303,high:0.0000
Epoch 1/30 | train_loss 1.6263 | union_precision 1.0000 | weighted_recall 0.0021 | consensus_recall 0.0000 | threshold 0.650
Epoch 2/30 | train_loss 1.4650 | union_precision 1.0000 | weighted_recall 0.0021 | consensus_recall 0.0000 | threshold 0.650
Epoch 3/30 | train_loss 1.3806 | union_precision 1.0000 | weighted_recall 0.0021 | consensus_recall 0.0000 | threshold 0.675
Epoch 4/30 | train_loss 1.2997 | union_precision 0.7143 | weighted_recall 0.0337 | consensus_recall 0.0000 | threshold 0.600
Epoch 5/30 | train_loss 1.2602 | union_precision 0.6667 | weighted_recall 0.0316 | consensus_recall 0.0000 | threshold 0.625
Epoch 6/30 | train_loss 1.2263 | union_precision 0.7143 | weighted_recall 0.0526 | consensus_recall 0.0000 | threshold 0.625
Early stopping at epoch 6
Held-out M56-1 | union_precision=1.0000 | weighted_recall=0.0021 | consensus_recall=0.0000
  oracle_stage_macro_f1=0.4100 | end_to_end_stage_macro_f1=0.0370
  end_to_end_stage_class_f1=low:0.0000,mid:0.0000,high:0.1111
Epoch 1/30 | train_loss 1.6152 | union_precision 0.5357 | weighted_recall 0.1168 | consensus_recall 0.0000 | threshold 0.500
Epoch 2/30 | train_loss 1.4596 | union_precision 1.0000 | weighted_recall 0.0030 | consensus_recall 0.0000 | threshold 0.675
Epoch 3/30 | train_loss 1.3750 | union_precision 1.0000 | weighted_recall 0.0030 | consensus_recall 0.0000 | threshold 0.675
Epoch 4/30 | train_loss 1.2937 | union_precision 0.4667 | weighted_recall 0.0689 | consensus_recall 0.0000 | threshold 0.525
Epoch 5/30 | train_loss 1.2557 | union_precision 0.4800 | weighted_recall 0.0629 | consensus_recall 0.0000 | threshold 0.575
Epoch 6/30 | train_loss 1.2211 | union_precision 0.5000 | weighted_recall 0.0689 | consensus_recall 0.0000 | threshold 0.575
Epoch 7/30 | train_loss 1.2032 | union_precision 0.5000 | weighted_recall 0.0299 | consensus_recall 0.0000 | threshold 0.600
Early stopping at epoch 7
Held-out M56-2 | union_precision=1.0000 | weighted_recall=0.0030 | consensus_recall=0.0000
  oracle_stage_macro_f1=0.2770 | end_to_end_stage_macro_f1=0.0606
  end_to_end_stage_class_f1=low:0.0000,mid:0.0000,high:0.1818
Epoch 1/30 | train_loss 1.6239 | union_precision 1.0000 | weighted_recall 0.0011 | consensus_recall 0.0000 | threshold 0.800
Epoch 2/30 | train_loss 1.4667 | union_precision 1.0000 | weighted_recall 0.0011 | consensus_recall 0.0000 | threshold 0.825
Epoch 3/30 | train_loss 1.3873 | union_precision 1.0000 | weighted_recall 0.0011 | consensus_recall 0.0000 | threshold 0.825
Epoch 4/30 | train_loss 1.3007 | union_precision 1.0000 | weighted_recall 0.0011 | consensus_recall 0.0000 | threshold 0.825
Epoch 5/30 | train_loss 1.2661 | union_precision 1.0000 | weighted_recall 0.0011 | consensus_recall 0.0000 | threshold 0.825
Epoch 6/30 | train_loss 1.2295 | union_precision 1.0000 | weighted_recall 0.0011 | consensus_recall 0.0000 | threshold 0.825
Early stopping at epoch 6
Held-out M56-3 | union_precision=1.0000 | weighted_recall=0.0011 | consensus_recall=0.0000
  oracle_stage_macro_f1=0.2846 | end_to_end_stage_macro_f1=0.0062
  end_to_end_stage_class_f1=low:0.0185,mid:0.0000,high:0.0000
Epoch 1/30 | train_loss 1.6226 | union_precision 1.0000 | weighted_recall 0.0070 | consensus_recall 0.0000 | threshold 0.750
Epoch 2/30 | train_loss 1.4636 | union_precision 1.0000 | weighted_recall 0.0070 | consensus_recall 0.0000 | threshold 0.750
Epoch 3/30 | train_loss 1.3801 | union_precision 1.0000 | weighted_recall 0.0070 | consensus_recall 0.0000 | threshold 0.700
Epoch 4/30 | train_loss 1.2948 | union_precision 1.0000 | weighted_recall 0.0070 | consensus_recall 0.0000 | threshold 0.700
Epoch 5/30 | train_loss 1.2608 | union_precision 1.0000 | weighted_recall 0.0070 | consensus_recall 0.0000 | threshold 0.675
Epoch 6/30 | train_loss 1.2217 | union_precision 1.0000 | weighted_recall 0.0070 | consensus_recall 0.0000 | threshold 0.650
Early stopping at epoch 6
Held-out M59-1 | union_precision=1.0000 | weighted_recall=0.0070 | consensus_recall=0.0000
  oracle_stage_macro_f1=0.2664 | end_to_end_stage_macro_f1=0.0000
  end_to_end_stage_class_f1=low:0.0000,mid:0.0000,high:0.0000
Epoch 1/30 | train_loss 1.6204 | union_precision 0.7143 | weighted_recall 0.1048 | consensus_recall 0.5000 | threshold 0.575
Epoch 2/30 | train_loss 1.4621 | union_precision 0.7273 | weighted_recall 0.0729 | consensus_recall 0.5000 | threshold 0.600
Epoch 3/30 | train_loss 1.3828 | union_precision 0.7778 | weighted_recall 0.0296 | consensus_recall 0.0000 | threshold 0.625
Epoch 4/30 | train_loss 1.2948 | union_precision 0.8333 | weighted_recall 0.1185 | consensus_recall 0.5000 | threshold 0.600
Epoch 5/30 | train_loss 1.2581 | union_precision 0.8000 | weighted_recall 0.1708 | consensus_recall 0.5000 | threshold 0.575
Epoch 6/30 | train_loss 1.2212 | union_precision 0.8333 | weighted_recall 0.0182 | consensus_recall 0.0000 | threshold 0.675
Epoch 7/30 | train_loss 1.2024 | union_precision 1.0000 | weighted_recall 0.0091 | consensus_recall 0.0000 | threshold 0.700
Epoch 8/30 | train_loss 1.1704 | union_precision 1.0000 | weighted_recall 0.0228 | consensus_recall 0.0000 | threshold 0.700
Epoch 9/30 | train_loss 1.1457 | union_precision 1.0000 | weighted_recall 0.0228 | consensus_recall 0.0000 | threshold 0.725
Epoch 10/30 | train_loss 1.1313 | union_precision 1.0000 | weighted_recall 0.0228 | consensus_recall 0.0000 | threshold 0.725
Epoch 11/30 | train_loss 1.1106 | union_precision 1.0000 | weighted_recall 0.0228 | consensus_recall 0.0000 | threshold 0.725
Epoch 12/30 | train_loss 1.0900 | union_precision 1.0000 | weighted_recall 0.0251 | consensus_recall 0.0000 | threshold 0.725
Epoch 13/30 | train_loss 1.0732 | union_precision 1.0000 | weighted_recall 0.0251 | consensus_recall 0.0000 | threshold 0.725
Epoch 14/30 | train_loss 1.0655 | union_precision 1.0000 | weighted_recall 0.0251 | consensus_recall 0.0000 | threshold 0.725
Epoch 15/30 | train_loss 1.0661 | union_precision 1.0000 | weighted_recall 0.0251 | consensus_recall 0.0000 | threshold 0.725
Epoch 16/30 | train_loss 1.0379 | union_precision 1.0000 | weighted_recall 0.0251 | consensus_recall 0.0000 | threshold 0.725
Epoch 17/30 | train_loss 1.0333 | union_precision 1.0000 | weighted_recall 0.0433 | consensus_recall 0.0000 | threshold 0.700
Epoch 18/30 | train_loss 1.0231 | union_precision 1.0000 | weighted_recall 0.0433 | consensus_recall 0.0000 | threshold 0.700
Epoch 19/30 | train_loss 1.0115 | union_precision 1.0000 | weighted_recall 0.0478 | consensus_recall 0.0000 | threshold 0.700
Epoch 20/30 | train_loss 1.0096 | union_precision 1.0000 | weighted_recall 0.0957 | consensus_recall 0.0000 | threshold 0.700
Epoch 21/30 | train_loss 0.9980 | union_precision 1.0000 | weighted_recall 0.1002 | consensus_recall 0.0000 | threshold 0.700
Epoch 22/30 | train_loss 0.9785 | union_precision 1.0000 | weighted_recall 0.1002 | consensus_recall 0.0000 | threshold 0.725
Epoch 23/30 | train_loss 0.9735 | union_precision 1.0000 | weighted_recall 0.0433 | consensus_recall 0.0000 | threshold 0.750
Epoch 24/30 | train_loss 0.9695 | union_precision 1.0000 | weighted_recall 0.0205 | consensus_recall 0.0000 | threshold 0.775
Epoch 25/30 | train_loss 0.9668 | union_precision 1.0000 | weighted_recall 0.0205 | consensus_recall 0.0000 | threshold 0.775
Epoch 26/30 | train_loss 0.9491 | union_precision 1.0000 | weighted_recall 0.0205 | consensus_recall 0.0000 | threshold 0.775
Early stopping at epoch 26
Held-out M59-2 | union_precision=1.0000 | weighted_recall=0.1002 | consensus_recall=0.0000
  oracle_stage_macro_f1=0.3600 | end_to_end_stage_macro_f1=0.0624
  end_to_end_stage_class_f1=low:0.0408,mid:0.1463,high:0.0000
Epoch 1/30 | train_loss 1.6196 | union_precision 0.7143 | weighted_recall 0.0371 | consensus_recall 0.2500 | threshold 0.625
Epoch 2/30 | train_loss 1.4665 | union_precision 0.7778 | weighted_recall 0.0760 | consensus_recall 0.2500 | threshold 0.625
Epoch 3/30 | train_loss 1.3849 | union_precision 1.0000 | weighted_recall 0.0212 | consensus_recall 0.2500 | threshold 0.675
Epoch 4/30 | train_loss 1.3024 | union_precision 1.0000 | weighted_recall 0.0212 | consensus_recall 0.2500 | threshold 0.700
Epoch 5/30 | train_loss 1.2629 | union_precision 1.0000 | weighted_recall 0.0583 | consensus_recall 0.2500 | threshold 0.700
Epoch 6/30 | train_loss 1.2264 | union_precision 1.0000 | weighted_recall 0.0583 | consensus_recall 0.2500 | threshold 0.725
Epoch 7/30 | train_loss 1.2053 | union_precision 1.0000 | weighted_recall 0.0583 | consensus_recall 0.2500 | threshold 0.725
Epoch 8/30 | train_loss 1.1748 | union_precision 1.0000 | weighted_recall 0.0583 | consensus_recall 0.2500 | threshold 0.725
Epoch 9/30 | train_loss 1.1486 | union_precision 1.0000 | weighted_recall 0.0583 | consensus_recall 0.2500 | threshold 0.750
Epoch 10/30 | train_loss 1.1341 | union_precision 1.0000 | weighted_recall 0.0583 | consensus_recall 0.2500 | threshold 0.750
Early stopping at epoch 10
Held-out M59-3 | union_precision=1.0000 | weighted_recall=0.0583 | consensus_recall=0.2500
  oracle_stage_macro_f1=0.3996 | end_to_end_stage_macro_f1=0.0000
  end_to_end_stage_class_f1=low:0.0000,mid:0.0000,high:0.0000
Epoch 1/30 | train_loss 1.6177 | union_precision 0.5000 | weighted_recall 0.1160 | consensus_recall 0.0000 | threshold 0.500
Epoch 2/30 | train_loss 1.4629 | union_precision 0.6154 | weighted_recall 0.0690 | consensus_recall 0.0000 | threshold 0.575
Epoch 3/30 | train_loss 1.3804 | union_precision 0.6154 | weighted_recall 0.0690 | consensus_recall 0.0000 | threshold 0.575
Epoch 4/30 | train_loss 1.3022 | union_precision 0.7500 | weighted_recall 0.0627 | consensus_recall 0.0000 | threshold 0.625
Epoch 5/30 | train_loss 1.2594 | union_precision 1.0000 | weighted_recall 0.0345 | consensus_recall 0.0000 | threshold 0.700
Epoch 6/30 | train_loss 1.2212 | union_precision 1.0000 | weighted_recall 0.0345 | consensus_recall 0.0000 | threshold 0.700
Epoch 7/30 | train_loss 1.2019 | union_precision 1.0000 | weighted_recall 0.0376 | consensus_recall 0.0000 | threshold 0.700
Epoch 8/30 | train_loss 1.1720 | union_precision 0.8182 | weighted_recall 0.0972 | consensus_recall 0.0000 | threshold 0.625
Epoch 9/30 | train_loss 1.1460 | union_precision 0.8333 | weighted_recall 0.1034 | consensus_recall 0.0000 | threshold 0.625
Epoch 10/30 | train_loss 1.1326 | union_precision 1.0000 | weighted_recall 0.0345 | consensus_recall 0.0000 | threshold 0.750
Epoch 11/30 | train_loss 1.1108 | union_precision 1.0000 | weighted_recall 0.0345 | consensus_recall 0.0000 | threshold 0.775
Epoch 12/30 | train_loss 1.0895 | union_precision 1.0000 | weighted_recall 0.0345 | consensus_recall 0.0000 | threshold 0.775
Early stopping at epoch 12
Held-out M63-1 | union_precision=1.0000 | weighted_recall=0.0376 | consensus_recall=0.0000
  oracle_stage_macro_f1=0.3684 | end_to_end_stage_macro_f1=0.0202
  end_to_end_stage_class_f1=low:0.0000,mid:0.0606,high:0.0000
Epoch 1/30 | train_loss 1.6180 | union_precision 1.0000 | weighted_recall 0.0802 | consensus_recall 0.0000 | threshold 0.650
Epoch 2/30 | train_loss 1.4657 | union_precision 1.0000 | weighted_recall 0.0802 | consensus_recall 0.0000 | threshold 0.700
Epoch 3/30 | train_loss 1.3824 | union_precision 1.0000 | weighted_recall 0.0802 | consensus_recall 0.0000 | threshold 0.700
Epoch 4/30 | train_loss 1.3046 | union_precision 1.0000 | weighted_recall 0.0802 | consensus_recall 0.0000 | threshold 0.700
Epoch 5/30 | train_loss 1.2624 | union_precision 1.0000 | weighted_recall 0.0802 | consensus_recall 0.0000 | threshold 0.700
Epoch 6/30 | train_loss 1.2242 | union_precision 1.0000 | weighted_recall 0.0802 | consensus_recall 0.0000 | threshold 0.700
Early stopping at epoch 6
Held-out M63-3 | union_precision=1.0000 | weighted_recall=0.0802 | consensus_recall=0.0000
  oracle_stage_macro_f1=0.3504 | end_to_end_stage_macro_f1=0.0303
  end_to_end_stage_class_f1=low:0.0000,mid:0.0909,high:0.0000
Epoch 1/30 | train_loss 1.6202 | union_precision 0.5714 | weighted_recall 0.2260 | consensus_recall 1.0000 | threshold 0.600
Epoch 2/30 | train_loss 1.4672 | union_precision 0.6250 | weighted_recall 0.2466 | consensus_recall 1.0000 | threshold 0.550
Epoch 3/30 | train_loss 1.3825 | union_precision 0.6250 | weighted_recall 0.2466 | consensus_recall 1.0000 | threshold 0.550
Epoch 4/30 | train_loss 1.3045 | union_precision 0.6250 | weighted_recall 0.2466 | consensus_recall 1.0000 | threshold 0.550
Epoch 5/30 | train_loss 1.2638 | union_precision 0.6667 | weighted_recall 0.2260 | consensus_recall 1.0000 | threshold 0.650
Epoch 6/30 | train_loss 1.2259 | union_precision 0.7059 | weighted_recall 0.4795 | consensus_recall 1.0000 | threshold 0.500
Epoch 7/30 | train_loss 1.2030 | union_precision 0.7500 | weighted_recall 0.1575 | consensus_recall 1.0000 | threshold 0.650
Epoch 8/30 | train_loss 1.1746 | union_precision 0.7692 | weighted_recall 0.4247 | consensus_recall 1.0000 | threshold 0.550
Epoch 9/30 | train_loss 1.1505 | union_precision 0.8000 | weighted_recall 0.2260 | consensus_recall 1.0000 | threshold 0.650
Epoch 10/30 | train_loss 1.1382 | union_precision 0.8000 | weighted_recall 0.4795 | consensus_recall 1.0000 | threshold 0.550
Epoch 11/30 | train_loss 1.1156 | union_precision 0.8571 | weighted_recall 0.3151 | consensus_recall 1.0000 | threshold 0.650
Epoch 12/30 | train_loss 1.0932 | union_precision 1.0000 | weighted_recall 0.1301 | consensus_recall 1.0000 | threshold 0.750
Epoch 13/30 | train_loss 1.0802 | union_precision 1.0000 | weighted_recall 0.2329 | consensus_recall 0.0000 | threshold 0.700
Epoch 14/30 | train_loss 1.0709 | union_precision 1.0000 | weighted_recall 0.3014 | consensus_recall 0.0000 | threshold 0.675
Epoch 15/30 | train_loss 1.0712 | union_precision 1.0000 | weighted_recall 0.2945 | consensus_recall 0.0000 | threshold 0.700
Epoch 16/30 | train_loss 1.0404 | union_precision 1.0000 | weighted_recall 0.3014 | consensus_recall 0.0000 | threshold 0.700
Epoch 17/30 | train_loss 1.0328 | union_precision 1.0000 | weighted_recall 0.2260 | consensus_recall 0.0000 | threshold 0.725
Epoch 18/30 | train_loss 1.0262 | union_precision 1.0000 | weighted_recall 0.2329 | consensus_recall 0.0000 | threshold 0.725
Epoch 19/30 | train_loss 1.0096 | union_precision 1.0000 | weighted_recall 0.2260 | consensus_recall 0.0000 | threshold 0.750
Early stopping at epoch 19
Held-out M67-1 | union_precision=1.0000 | weighted_recall=0.3014 | consensus_recall=0.0000
  oracle_stage_macro_f1=0.4159 | end_to_end_stage_macro_f1=0.1389
  end_to_end_stage_class_f1=low:0.0000,mid:0.4167,high:0.0000
Epoch 1/30 | train_loss 1.6210 | union_precision 0.7000 | weighted_recall 0.1732 | consensus_recall 0.0000 | threshold 0.600
Epoch 2/30 | train_loss 1.4672 | union_precision 0.7143 | weighted_recall 0.1496 | consensus_recall 0.0000 | threshold 0.625
Epoch 3/30 | train_loss 1.3789 | union_precision 0.7500 | weighted_recall 0.1654 | consensus_recall 0.0000 | threshold 0.625
Epoch 4/30 | train_loss 1.3043 | union_precision 0.6667 | weighted_recall 0.1024 | consensus_recall 0.0000 | threshold 0.650
Epoch 5/30 | train_loss 1.2608 | union_precision 0.6250 | weighted_recall 0.1496 | consensus_recall 0.0000 | threshold 0.650
Epoch 6/30 | train_loss 1.2223 | union_precision 0.6667 | weighted_recall 0.1654 | consensus_recall 0.0000 | threshold 0.650
Epoch 7/30 | train_loss 1.1997 | union_precision 0.6667 | weighted_recall 0.1654 | consensus_recall 0.0000 | threshold 0.650
Epoch 8/30 | train_loss 1.1714 | union_precision 1.0000 | weighted_recall 0.0236 | consensus_recall 0.0000 | threshold 0.700
Epoch 9/30 | train_loss 1.1477 | union_precision 0.7500 | weighted_recall 0.1654 | consensus_recall 0.0000 | threshold 0.650
Epoch 10/30 | train_loss 1.1357 | union_precision 1.0000 | weighted_recall 0.0315 | consensus_recall 0.0000 | threshold 0.700
Epoch 11/30 | train_loss 1.1133 | union_precision 1.0000 | weighted_recall 0.0472 | consensus_recall 0.0000 | threshold 0.700
Epoch 12/30 | train_loss 1.0907 | union_precision 1.0000 | weighted_recall 0.1417 | consensus_recall 0.0000 | threshold 0.675
Epoch 13/30 | train_loss 1.0771 | union_precision 1.0000 | weighted_recall 0.1417 | consensus_recall 0.0000 | threshold 0.675
Epoch 14/30 | train_loss 1.0698 | union_precision 1.0000 | weighted_recall 0.1417 | consensus_recall 0.0000 | threshold 0.675
Epoch 15/30 | train_loss 1.0697 | union_precision 1.0000 | weighted_recall 0.1417 | consensus_recall 0.0000 | threshold 0.675
Epoch 16/30 | train_loss 1.0389 | union_precision 1.0000 | weighted_recall 0.1339 | consensus_recall 0.0000 | threshold 0.675
Epoch 17/30 | train_loss 1.0303 | union_precision 1.0000 | weighted_recall 0.1339 | consensus_recall 0.0000 | threshold 0.675
Early stopping at epoch 17
Held-out M67-2 | union_precision=1.0000 | weighted_recall=0.1417 | consensus_recall=0.0000
  oracle_stage_macro_f1=0.2587 | end_to_end_stage_macro_f1=0.0513
  end_to_end_stage_class_f1=low:0.0000,mid:0.1538,high:0.0000
Epoch 1/30 | train_loss 1.6193 | union_precision 0.5000 | weighted_recall 0.0420 | consensus_recall 0.0000 | threshold 0.650
Epoch 2/30 | train_loss 1.4691 | union_precision 0.6667 | weighted_recall 0.0420 | consensus_recall 0.0000 | threshold 0.725
Epoch 3/30 | train_loss 1.3840 | union_precision 0.6667 | weighted_recall 0.0420 | consensus_recall 0.0000 | threshold 0.725
Epoch 4/30 | train_loss 1.3075 | union_precision 0.6667 | weighted_recall 0.0420 | consensus_recall 0.0000 | threshold 0.725
Epoch 5/30 | train_loss 1.2627 | union_precision 1.0000 | weighted_recall 0.0140 | consensus_recall 0.0000 | threshold 0.775
Epoch 6/30 | train_loss 1.2259 | union_precision 0.6667 | weighted_recall 0.2587 | consensus_recall 0.0000 | threshold 0.650
Epoch 7/30 | train_loss 1.2023 | union_precision 1.0000 | weighted_recall 0.0140 | consensus_recall 0.0000 | threshold 0.800
Epoch 8/30 | train_loss 1.1746 | union_precision 1.0000 | weighted_recall 0.0140 | consensus_recall 0.0000 | threshold 0.800
Epoch 9/30 | train_loss 1.1511 | union_precision 0.7500 | weighted_recall 0.0979 | consensus_recall 0.0000 | threshold 0.725
Epoch 10/30 | train_loss 1.1394 | union_precision 0.7500 | weighted_recall 0.0979 | consensus_recall 0.0000 | threshold 0.725
Early stopping at epoch 10
Held-out M67-3 | union_precision=1.0000 | weighted_recall=0.0140 | consensus_recall=0.0000
  oracle_stage_macro_f1=0.4423 | end_to_end_stage_macro_f1=0.0000
  end_to_end_stage_class_f1=low:0.0000,mid:0.0000,high:0.0000
Epoch 1/30 | train_loss 1.6220 | union_precision 0.5000 | weighted_recall 0.0243 | consensus_recall 0.0000 | threshold 0.600
Epoch 2/30 | train_loss 1.4687 | union_precision 0.5000 | weighted_recall 0.0189 | consensus_recall 0.0000 | threshold 0.600
Epoch 3/30 | train_loss 1.3855 | union_precision 0.5000 | weighted_recall 0.0459 | consensus_recall 0.0000 | threshold 0.600
Epoch 4/30 | train_loss 1.3083 | union_precision 0.6000 | weighted_recall 0.0405 | consensus_recall 0.0000 | threshold 0.625
Epoch 5/30 | train_loss 1.2627 | union_precision 0.5000 | weighted_recall 0.0405 | consensus_recall 0.0000 | threshold 0.625
Epoch 6/30 | train_loss 1.2262 | union_precision 0.5000 | weighted_recall 0.0730 | consensus_recall 0.0000 | threshold 0.625
Epoch 7/30 | train_loss 1.2033 | union_precision 0.5556 | weighted_recall 0.1324 | consensus_recall 0.0000 | threshold 0.625
Epoch 8/30 | train_loss 1.1751 | union_precision 0.6364 | weighted_recall 0.3054 | consensus_recall 0.0000 | threshold 0.600
Epoch 9/30 | train_loss 1.1516 | union_precision 0.8000 | weighted_recall 0.2459 | consensus_recall 0.0000 | threshold 0.650
Epoch 10/30 | train_loss 1.1409 | union_precision 0.8750 | weighted_recall 0.2243 | consensus_recall 0.0000 | threshold 0.675
Epoch 11/30 | train_loss 1.1156 | union_precision 0.8333 | weighted_recall 0.2811 | consensus_recall 0.0000 | threshold 0.675
Epoch 12/30 | train_loss 1.0959 | union_precision 0.8889 | weighted_recall 0.2135 | consensus_recall 0.0000 | threshold 0.700
Epoch 13/30 | train_loss 1.0824 | union_precision 0.8750 | weighted_recall 0.2027 | consensus_recall 0.0000 | threshold 0.725
Epoch 14/30 | train_loss 1.0720 | union_precision 0.9000 | weighted_recall 0.2378 | consensus_recall 0.0000 | threshold 0.725
Epoch 15/30 | train_loss 1.0742 | union_precision 0.9000 | weighted_recall 0.2378 | consensus_recall 0.0000 | threshold 0.725
Epoch 16/30 | train_loss 1.0414 | union_precision 0.9000 | weighted_recall 0.2378 | consensus_recall 0.0000 | threshold 0.725
Epoch 17/30 | train_loss 1.0337 | union_precision 0.9000 | weighted_recall 0.2378 | consensus_recall 0.0000 | threshold 0.725
Epoch 18/30 | train_loss 1.0267 | union_precision 0.9000 | weighted_recall 0.2378 | consensus_recall 0.0000 | threshold 0.725
Epoch 19/30 | train_loss 1.0105 | union_precision 1.0000 | weighted_recall 0.0811 | consensus_recall 0.0000 | threshold 0.850
Epoch 20/30 | train_loss 1.0151 | union_precision 0.9231 | weighted_recall 0.3108 | consensus_recall 0.0000 | threshold 0.725
Epoch 21/30 | train_loss 0.9964 | union_precision 1.0000 | weighted_recall 0.0405 | consensus_recall 0.0000 | threshold 0.875
Epoch 22/30 | train_loss 0.9824 | union_precision 1.0000 | weighted_recall 0.1324 | consensus_recall 0.0000 | threshold 0.875
Epoch 23/30 | train_loss 0.9758 | union_precision 1.0000 | weighted_recall 0.1324 | consensus_recall 0.0000 | threshold 0.875
Epoch 24/30 | train_loss 0.9757 | union_precision 1.0000 | weighted_recall 0.0405 | consensus_recall 0.0000 | threshold 0.900
Epoch 25/30 | train_loss 0.9684 | union_precision 1.0000 | weighted_recall 0.1189 | consensus_recall 0.0000 | threshold 0.900
Epoch 26/30 | train_loss 0.9517 | union_precision 1.0000 | weighted_recall 0.1189 | consensus_recall 0.0000 | threshold 0.900
Epoch 27/30 | train_loss 0.9440 | union_precision 1.0000 | weighted_recall 0.1189 | consensus_recall 0.0000 | threshold 0.900
Early stopping at epoch 27
Held-out M67-4 | union_precision=1.0000 | weighted_recall=0.1324 | consensus_recall=0.0000
  oracle_stage_macro_f1=0.4890 | end_to_end_stage_macro_f1=0.0310
  end_to_end_stage_class_f1=low:0.0000,mid:0.0930,high:0.0000
Epoch 1/30 | train_loss 1.6212 | union_precision 1.0000 | weighted_recall 0.0222 | consensus_recall 0.0000 | threshold 0.625
Epoch 2/30 | train_loss 1.4656 | union_precision 1.0000 | weighted_recall 0.0267 | consensus_recall 0.0000 | threshold 0.600
Epoch 3/30 | train_loss 1.3827 | union_precision 1.0000 | weighted_recall 0.0222 | consensus_recall 0.0000 | threshold 0.600
Epoch 4/30 | train_loss 1.3027 | union_precision 1.0000 | weighted_recall 0.0044 | consensus_recall 0.0000 | threshold 0.625
Epoch 5/30 | train_loss 1.2587 | union_precision 1.0000 | weighted_recall 0.0044 | consensus_recall 0.0000 | threshold 0.625
Epoch 6/30 | train_loss 1.2208 | union_precision 0.8333 | weighted_recall 0.0578 | consensus_recall 0.0000 | threshold 0.575
Epoch 7/30 | train_loss 1.1980 | union_precision 0.8182 | weighted_recall 0.1333 | consensus_recall 0.0000 | threshold 0.550
Early stopping at epoch 7
Held-out M68-1 | union_precision=1.0000 | weighted_recall=0.0267 | consensus_recall=0.0000
  oracle_stage_macro_f1=0.2514 | end_to_end_stage_macro_f1=0.0167
  end_to_end_stage_class_f1=low:0.0500,mid:0.0000,high:0.0000
Epoch 1/30 | train_loss 1.6173 | union_precision 1.0000 | weighted_recall 0.0283 | consensus_recall 0.0000 | threshold 0.625
Epoch 2/30 | train_loss 1.4634 | union_precision 1.0000 | weighted_recall 0.0247 | consensus_recall 0.0000 | threshold 0.625
Epoch 3/30 | train_loss 1.3824 | union_precision 1.0000 | weighted_recall 0.0247 | consensus_recall 0.0000 | threshold 0.625
Epoch 4/30 | train_loss 1.3053 | union_precision 1.0000 | weighted_recall 0.0389 | consensus_recall 0.0000 | threshold 0.625
Epoch 5/30 | train_loss 1.2601 | union_precision 1.0000 | weighted_recall 0.0389 | consensus_recall 0.0000 | threshold 0.625
Epoch 6/30 | train_loss 1.2238 | union_precision 1.0000 | weighted_recall 0.0495 | consensus_recall 0.0000 | threshold 0.625
Epoch 7/30 | train_loss 1.1982 | union_precision 1.0000 | weighted_recall 0.0742 | consensus_recall 0.0000 | threshold 0.600
Epoch 8/30 | train_loss 1.1745 | union_precision 1.0000 | weighted_recall 0.2544 | consensus_recall 0.5000 | threshold 0.600
Epoch 9/30 | train_loss 1.1496 | union_precision 1.0000 | weighted_recall 0.2085 | consensus_recall 0.5000 | threshold 0.625
Epoch 10/30 | train_loss 1.1379 | union_precision 1.0000 | weighted_recall 0.2332 | consensus_recall 0.5000 | threshold 0.625
Epoch 11/30 | train_loss 1.1136 | union_precision 1.0000 | weighted_recall 0.2509 | consensus_recall 0.5000 | threshold 0.625
Epoch 12/30 | train_loss 1.0916 | union_precision 1.0000 | weighted_recall 0.2509 | consensus_recall 0.5000 | threshold 0.650
Epoch 13/30 | train_loss 1.0798 | union_precision 1.0000 | weighted_recall 0.2509 | consensus_recall 0.5000 | threshold 0.650
Early stopping at epoch 13
Held-out M68-2 | union_precision=1.0000 | weighted_recall=0.2544 | consensus_recall=0.5000
  oracle_stage_macro_f1=0.2265 | end_to_end_stage_macro_f1=0.0926
  end_to_end_stage_class_f1=low:0.0000,mid:0.1111,high:0.1667
Epoch 1/30 | train_loss 1.6178 | union_precision 0.5833 | weighted_recall 0.2624 | consensus_recall 1.0000 | threshold 0.600
Epoch 2/30 | train_loss 1.4633 | union_precision 0.7500 | weighted_recall 0.0638 | consensus_recall 0.5000 | threshold 0.625
Epoch 3/30 | train_loss 1.3840 | union_precision 0.7500 | weighted_recall 0.0638 | consensus_recall 0.5000 | threshold 0.625
Epoch 4/30 | train_loss 1.3026 | union_precision 0.6667 | weighted_recall 0.0213 | consensus_recall 0.5000 | threshold 0.700
Epoch 5/30 | train_loss 1.2605 | union_precision 0.6667 | weighted_recall 0.0213 | consensus_recall 0.5000 | threshold 0.725
Epoch 6/30 | train_loss 1.2271 | union_precision 0.7500 | weighted_recall 0.0284 | consensus_recall 0.5000 | threshold 0.725
Epoch 7/30 | train_loss 1.1982 | union_precision 0.7500 | weighted_recall 0.0284 | consensus_recall 0.5000 | threshold 0.725
Early stopping at epoch 7
Held-out M68-3 | union_precision=0.7500 | weighted_recall=0.0638 | consensus_recall=0.5000
  oracle_stage_macro_f1=0.5402 | end_to_end_stage_macro_f1=0.0833
  end_to_end_stage_class_f1=low:0.0000,mid:0.2500,high:0.0000
Epoch 1/30 | train_loss 1.6313 | union_precision 0.6667 | weighted_recall 0.0596 | consensus_recall 0.0000 | threshold 0.600
Epoch 2/30 | train_loss 1.4725 | union_precision 0.7059 | weighted_recall 0.0795 | consensus_recall 0.0000 | threshold 0.575
Epoch 3/30 | train_loss 1.3459 | union_precision 0.6970 | weighted_recall 0.0784 | consensus_recall 0.0000 | threshold 0.575
Epoch 4/30 | train_loss 1.3173 | union_precision 0.7368 | weighted_recall 0.1170 | consensus_recall 0.0000 | threshold 0.575
Epoch 5/30 | train_loss 1.2478 | union_precision 0.7500 | weighted_recall 0.0408 | consensus_recall 0.0000 | threshold 0.700
Epoch 6/30 | train_loss 1.2255 | union_precision 1.0000 | weighted_recall 0.0022 | consensus_recall 0.0000 | threshold 0.850
Epoch 7/30 | train_loss 1.2056 | union_precision 1.0000 | weighted_recall 0.0044 | consensus_recall 0.0000 | threshold 0.825
Epoch 8/30 | train_loss 1.1783 | union_precision 0.8571 | weighted_recall 0.0629 | consensus_recall 0.0000 | threshold 0.700
Epoch 9/30 | train_loss 1.1581 | union_precision 0.9231 | weighted_recall 0.0806 | consensus_recall 0.0000 | threshold 0.700
Epoch 10/30 | train_loss 1.1472 | union_precision 0.9231 | weighted_recall 0.0806 | consensus_recall 0.0000 | threshold 0.725
Epoch 11/30 | train_loss 1.1248 | union_precision 0.9286 | weighted_recall 0.0883 | consensus_recall 0.0000 | threshold 0.750
Epoch 12/30 | train_loss 1.0959 | union_precision 0.9286 | weighted_recall 0.0883 | consensus_recall 0.0000 | threshold 0.775
Epoch 13/30 | train_loss 1.0851 | union_precision 0.9286 | weighted_recall 0.0883 | consensus_recall 0.0000 | threshold 0.800
Epoch 14/30 | train_loss 1.0723 | union_precision 0.9286 | weighted_recall 0.0883 | consensus_recall 0.0000 | threshold 0.825
Epoch 15/30 | train_loss 1.0608 | union_precision 0.8500 | weighted_recall 0.0927 | consensus_recall 0.0000 | threshold 0.775
Epoch 16/30 | train_loss 1.0362 | union_precision 0.8571 | weighted_recall 0.0941 | consensus_recall 0.0000 | threshold 0.775
Epoch 17/30 | train_loss 1.0299 | union_precision 0.8571 | weighted_recall 0.0941 | consensus_recall 0.0000 | threshold 0.775
Epoch 18/30 | train_loss 1.0156 | union_precision 0.8571 | weighted_recall 0.0941 | consensus_recall 0.0000 | threshold 0.800
Epoch 19/30 | train_loss 1.0207 | union_precision 0.8696 | weighted_recall 0.1106 | consensus_recall 0.0000 | threshold 0.800
Epoch 20/30 | train_loss 1.0114 | union_precision 0.8519 | weighted_recall 0.1285 | consensus_recall 0.0000 | threshold 0.800
Epoch 21/30 | train_loss 1.0015 | union_precision 0.8571 | weighted_recall 0.1626 | consensus_recall 0.1429 | threshold 0.800
Epoch 22/30 | train_loss 0.9911 | union_precision 0.8710 | weighted_recall 0.1692 | consensus_recall 0.1429 | threshold 0.800
Epoch 23/30 | train_loss 0.9731 | union_precision 0.8667 | weighted_recall 0.1351 | consensus_recall 0.0000 | threshold 0.800
Epoch 24/30 | train_loss 0.9734 | union_precision 0.8750 | weighted_recall 0.1501 | consensus_recall 0.1429 | threshold 0.800
Epoch 25/30 | train_loss 0.9687 | union_precision 0.8750 | weighted_recall 0.1501 | consensus_recall 0.1429 | threshold 0.800
Epoch 26/30 | train_loss 0.9542 | union_precision 0.9062 | weighted_recall 0.1933 | consensus_recall 0.2857 | threshold 0.800
Epoch 27/30 | train_loss 0.9416 | union_precision 0.9062 | weighted_recall 0.1933 | consensus_recall 0.2857 | threshold 0.800
Epoch 28/30 | train_loss 0.9380 | union_precision 0.8667 | weighted_recall 0.2988 | consensus_recall 0.8571 | threshold 0.750
Epoch 29/30 | train_loss 0.9403 | union_precision 0.8810 | weighted_recall 0.2767 | consensus_recall 0.8571 | threshold 0.775
Epoch 30/30 | train_loss 0.9228 | union_precision 0.8571 | weighted_recall 0.2399 | consensus_recall 0.7143 | threshold 0.775
Held-out M06-1__M06-2__M06-3 | union_precision=0.8667 | weighted_recall=0.2988 | consensus_recall=0.8571
  oracle_stage_macro_f1=0.3805 | end_to_end_stage_macro_f1=0.1388
  end_to_end_stage_class_f1=low:0.0244,mid:0.3419,high:0.0500
Wrote nested CV results to /gpfs/work/int/yuxuanliu2204/Changheng/xmltoexp/MERIX SUBMISSION/Boundary_Restart/reports/nested_piece_cv/M06_outer_level4_seed43
Best candidate: model-tcn__detector_target-level4_boundary__selection_metric-union_recall__min_precision-0p85__loss_type-bce__rest_span_label_mode-none__rest_span_tolerance_negative_weight-1p0 | mean_primary_metric=0.0976 | mean_union_precision=0.9245

=== SEED=43 TARGET=level56_boundary OUTPUT=reports/nested_piece_cv/M06_outer_level56_seed43 ===
Command: python3 Command: run_nested_piece_cv.py Command: --config Command: configs/salience_grouped3_hi8_score_only_xml_curated.yaml Command: --outer_heldout_piece Command: M06-1 Command: M06-2 Command: M06-3 Command: --inner_mode Command: leave_one Command: --n_splits Command: 5 Command: --candidate_json Command: configs/nested_candidates_tcn_085_095_generic.json Command: --model Command: tcn Command: --detector_target Command: level56_boundary Command: --selection_metric Command: union_recall Command: --loss_type Command: bce Command: --rest_span_label_mode Command: none Command: --rest_span_tolerance_negative_weight Command: 1.0 Command: --device Command: cuda Command: --seed Command: 43 Command: --output_dir Command: reports/nested_piece_cv/M06_outer_level56_seed43 Command: --run_outer_fit Command: --reuse_existing 
Wrote nested CV results to /gpfs/work/int/yuxuanliu2204/Changheng/xmltoexp/MERIX SUBMISSION/Boundary_Restart/reports/nested_piece_cv/M06_outer_level56_seed43
Best candidate: model-tcn__detector_target-level56_boundary__selection_metric-union_recall__min_precision-0p85__loss_type-bce__rest_span_label_mode-none__rest_span_tolerance_negative_weight-1p0 | mean_primary_metric=0.0793 | mean_union_precision=0.8925
