//Version: PianoRoll_v170101
0	0.606771	4.759115	Bb1	33	80	0
1	0.752604	4.878906	F2	33	80	0
2	0.907552	4.938802	Bb2	46	80	0
3	1.007812	4.408854	D3	42	80	0
4	1.174479	4.609375	F3	39	80	0
5	1.328125	4.299479	Bb3	52	80	0
6	5.694010	7.089844	D5	60	80	0
7	6.891927	7.240885	Eb5	61	80	0
8	7.138021	7.779948	F5	53	80	0
9	8.613281	10.158854	Bb3	54	80	0
10	8.621094	9.239583	F3	40	80	0
11	8.648438	9.239583	D3	33	80	0
12	8.652344	9.299479	F2	32	80	0
13	8.654948	9.119792	Bb1	30	80	0
14	8.654948	9.188802	Bb2	33	80	0
15	10.054688	11.938802	A3	48	80	0
16	10.067708	12.199219	F3	33	80	0
17	10.083333	11.919271	Eb3	37	80	0
18	10.084635	12.809896	F2	29	80	0
19	10.088542	12.149740	C3	31	80	0
20	10.102865	12.658854	C2	31	80	0
21	14.007812	15.209635	A5	66	80	0
22	14.035156	14.188802	A3	28	80	0
23	15.102865	15.549479	Bb5	70	80	0
24	15.334635	15.889323	C6	60	80	0
25	16.830729	18.589844	Eb4	51	80	0
26	16.834635	17.589844	C4	41	80	0
27	16.865885	17.658854	F3	34	80	0
28	16.875000	18.500000	A2	32	80	0
29	18.399740	20.218750	D4	49	80	0
30	18.399740	20.649740	Bb3	42	80	0
31	18.410156	21.639323	F3	39	80	0
32	18.414062	21.699219	Bb2	35	80	0
33	20.795573	20.968750	D4	41	80	0
34	20.938802	21.098958	F4	42	80	0
35	21.044271	21.097656	Eb4	37	80	0
36	21.143229	21.213542	D4	48	80	0
37	21.247396	21.305990	Eb4	49	80	0
38	21.342448	21.459635	F4	61	80	0
39	21.415365	21.485677	G4	62	80	0
40	21.503906	21.571615	A4	63	80	0
41	21.578125	21.638021	Bb4	62	80	0
42	21.648438	21.855469	C5	72	80	0
43	21.770833	22.938802	D5	68	80	0
44	22.835938	23.153646	Eb5	68	80	0
45	23.042969	24.019531	F5	73	80	0
46	24.291667	26.019531	F5	76	80	0
47	24.315104	25.468750	G#4	56	80	0
48	24.330729	26.089844	B3	44	80	0
49	24.333333	25.269531	D3	39	80	0
50	26.066406	27.619792	F5	68	80	0
51	26.095052	28.229167	G4	44	80	0
52	26.102865	26.109375	G3	36	80	0
53	26.104167	27.619792	B3	40	80	0
54	26.110677	28.218750	Eb3	35	80	0
55	27.494792	27.930990	Eb5	54	80	0
56	27.533854	28.229167	C4	33	80	0
57	28.205729	29.039062	D5	63	80	0
58	28.223958	29.128906	Bb4	53	80	0
59	28.236979	28.709635	D4	39	80	0
60	28.246094	28.968750	F3	34	80	0
61	28.908854	29.419271	C5	67	80	0
62	28.957031	29.479167	Eb4	31	80	0
63	28.959635	29.419271	G3	34	80	0
64	29.611979	30.239583	C5	71	80	0
65	29.658854	30.259115	E4	36	80	0
66	29.660156	29.903646	G3	32	80	0
67	29.661458	29.908854	Bb3	35	80	0
68	30.447917	30.582031	C5	52	80	0
69	30.451823	31.899740	E4	46	80	0
70	30.453125	30.669271	Bb4	51	80	0
71	30.458333	31.789062	Bb3	43	80	0
72	30.459635	33.098958	F3	45	80	0
73	30.614583	30.691406	D5	54	80	0
74	30.717448	30.783854	C5	59	80	0
75	30.809896	30.888021	D5	52	80	0
76	30.915365	30.973958	C5	52	80	0
77	31.009115	31.169271	B4	51	80	0
78	31.127604	31.139323	Bb4	52	80	0
79	31.127604	31.339844	C5	59	80	0
80	31.292969	31.809896	D5	54	80	0
81	31.354167	31.829427	Bb4	34	80	0
82	31.696615	31.959635	C5	56	80	0
83	32.309896	33.009115	C5	42	80	0
84	32.328125	33.059896	A4	33	80	0
85	32.332031	33.059896	F4	25	80	0
86	34.375000	34.875000	F3	42	80	0
87	34.824219	35.333333	G3	52	80	0
88	34.834635	35.333333	Eb3	45	80	0
89	35.263021	36.128906	A3	56	80	0
90	35.274740	35.959635	C3	39	80	0
91	35.993490	39.329427	Bb3	71	80	0
92	36.014323	36.658854	F3	42	80	0
93	36.019531	36.878906	D3	46	80	0
94	36.024740	38.779948	Bb2	45	80	0
95	36.031250	39.209635	Bb1	41	80	0
96	37.229167	37.799479	Eb3	49	80	0
97	37.231771	37.539062	C3	46	80	0
98	37.444010	38.579427	F3	44	80	0
99	37.450521	38.378906	D3	41	80	0
100	38.782552	39.429688	F3	36	80	0
101	38.791667	39.459635	D3	33	80	0
102	38.794271	39.529948	Bb2	33	80	0
103	40.151042	40.968750	D5	66	80	0
104	40.183594	40.188802	Bb3	38	80	0
105	40.184896	42.079427	D3	34	80	0
106	40.184896	42.259115	F3	35	80	0
107	40.186198	42.299479	Bb2	34	80	0
108	40.944010	41.019531	Eb5	49	80	0
109	40.949219	40.959635	Bb3	32	80	0
110	41.023438	41.075521	D5	60	80	0
111	41.093750	41.192708	C5	58	80	0
112	41.196615	41.382812	D5	60	80	0
113	41.376302	41.654948	Eb5	60	80	0
114	41.596354	42.188802	F5	54	80	0
115	42.864583	44.729167	Bb3	62	80	0
116	42.895833	44.169271	F3	34	80	0
117	42.902344	43.899740	Bb2	36	80	0
118	42.904948	43.949219	Bb1	36	80	0
119	42.904948	43.809896	D3	33	80	0
120	44.554688	47.500000	A3	55	80	0
121	44.574219	46.039062	Eb3	39	80	0
122	44.595052	47.500000	F2	33	80	0
123	44.596354	47.500000	C3	33	80	0
124	45.893229	46.299479	F3	49	80	0
125	45.894531	46.179688	D3	47	80	0
126	46.147135	47.239583	F#3	51	80	0
127	46.157552	47.269531	Eb3	50	80	0
128	47.608073	48.378906	F#3	40	80	0
129	47.613281	48.419271	Eb3	36	80	0
130	49.095052	49.929688	C6	71	80	0
131	49.144531	50.699219	Eb3	37	80	0
132	49.144531	49.949219	F2	32	80	0
133	49.863281	49.962240	D6	68	80	0
134	49.934896	50.069010	C6	66	80	0
135	50.002604	50.087240	B5	67	80	0
136	50.075521	50.679688	C6	64	80	0
137	50.264323	50.809896	D6	73	80	0
138	50.507812	51.819010	Eb6	73	80	0
139	51.700521	53.729167	F#4	69	80	0
140	51.734375	52.938802	Eb4	50	80	0
141	51.736979	52.688802	C4	42	80	0
142	51.743490	52.688802	Bb3	46	80	0
143	53.265625	56.289062	F4	41	80	0
144	53.283854	54.489583	Eb4	35	80	0
145	53.285156	54.468750	C4	35	80	0
146	53.292969	54.419271	A3	36	80	0
147	54.423177	54.819010	D4	49	80	0
148	54.440104	54.799479	B3	41	80	0
149	54.638021	55.304688	Eb4	40	80	0
150	54.641927	55.304688	C4	35	80	0
151	55.839844	56.350260	Eb4	53	80	0
152	55.855469	56.351562	C4	46	80	0
153	57.096354	57.869792	C6	73	80	0
154	57.130208	58.968750	Eb4	43	80	0
155	57.134115	58.908854	C4	44	80	0
156	57.143229	58.408854	F3	41	80	0
157	57.813802	57.893229	D6	66	80	0
158	57.876302	57.934896	C6	63	80	0
159	57.945312	58.006510	B5	63	80	0
160	58.023438	58.378906	C6	63	80	0
161	58.197917	58.463542	D6	75	80	0
162	58.411458	58.979167	Eb6	78	80	0
163	58.419271	58.968750	F3	47	80	0
164	58.428385	59.039062	A3	49	80	0
165	59.585938	60.878906	Eb5	79	80	0
166	59.635417	60.229167	A4	43	80	0
167	59.638021	60.289062	C4	40	80	0
168	59.639323	60.289062	F#3	39	80	0
169	59.643229	60.359375	Eb4	41	80	0
170	60.804688	61.429688	D5	68	80	0
171	60.817708	61.389323	Bb4	56	80	0
172	60.854167	61.389323	D4	37	80	0
173	60.856771	61.281250	Bb3	42	80	0
174	60.865885	61.273438	G3	38	80	0
175	62.002604	64.739583	G5	86	80	0
176	63.212240	63.628906	C#5	70	80	0
177	63.213542	63.483073	Bb4	71	80	0
178	63.214844	63.559896	Bb3	57	80	0
179	63.222656	63.479167	E3	52	80	0
180	63.222656	63.466146	C#4	60	80	0
181	63.223958	63.549479	G4	65	80	0
182	64.674479	66.809896	F5	65	80	0
183	65.990885	66.296875	D5	45	80	0
184	65.994792	66.302083	Bb3	38	80	0
185	65.997396	66.298177	D4	33	80	0
186	65.998698	66.348958	Bb4	36	80	0
187	66.005208	66.299479	F3	33	80	0
188	67.425781	68.019531	A4	39	80	0
189	67.445312	68.000000	Eb4	30	80	0
190	67.447917	67.761719	C4	27	80	0
191	67.453125	67.755208	F2	25	80	0
192	67.454427	67.756510	F3	24	80	0
193	68.813802	69.348958	Bb4	45	80	0
194	68.825521	70.389323	Bb3	31	80	0
195	68.825521	69.169271	D4	31	80	0
196	68.834635	69.279948	Bb2	29	80	0
197	68.855469	69.229167	Bb1	26	80	0
198	69.904948	70.158854	Bb2	32	80	0
199	70.005208	70.072917	Bb1	37	80	0
200	70.220052	70.282552	Bb1	39	80	0
201	70.221354	70.309896	F3	33	80	0
202	71.110677	71.174479	Bb2	36	80	0
203	71.213542	71.291667	Bb1	35	80	0
204	71.329427	71.589844	Bb2	33	80	0
205	71.433594	71.609375	Bb1	36	80	0
206	72.378906	72.444010	Bb2	48	80	0
207	72.492188	72.699219	Bb1	38	80	0
208	72.602865	72.889323	Bb2	27	80	0
209	72.712240	72.959635	Bb1	44	80	0
210	72.774740	74.158854	Eb4	53	80	0
211	72.807292	73.500000	Bb3	44	80	0
212	72.812500	73.938802	G3	40	80	0
213	73.972656	75.329427	D4	56	80	0
214	73.983073	74.779948	Bb3	47	80	0
215	74.016927	75.279948	F3	34	80	0
216	75.190104	76.089844	C#4	58	80	0
217	75.197917	76.069010	Bb3	51	80	0
218	75.212240	76.029948	E3	44	80	0
219	76.401042	79.259115	C#4	50	80	0
220	76.434896	81.579427	Bb3	42	80	0
221	76.440104	77.429688	E3	37	80	0
222	77.593750	77.739583	Bb2	31	80	0
223	77.695312	77.949219	Bb1	29	80	0
224	77.953125	80.009115	D4	46	80	0
225	77.959635	78.059896	Bb1	34	80	0
226	77.959635	80.408854	F3	34	80	0
227	79.032552	79.139323	Bb2	32	80	0
228	79.134115	79.304688	Bb1	33	80	0
229	79.239583	79.317708	Bb2	38	80	0
230	79.367188	79.425781	Bb1	38	80	0
231	80.253906	80.369792	Bb2	29	80	0
232	80.355469	80.609375	Bb1	32	80	0
233	80.484375	81.199219	Bb2	39	80	0
234	80.615885	81.479167	Bb1	34	80	0
235	80.674479	81.809896	C4	50	80	0
236	80.716146	81.589844	G3	39	80	0
237	80.723958	81.709635	Eb3	41	80	0
238	82.546875	82.619792	C4	36	80	0
239	82.546875	82.699219	D4	41	80	0
240	82.630208	82.695312	C4	51	80	0
241	82.733073	82.908854	B3	44	80	0
242	82.835938	83.279948	C4	58	80	0
243	82.988281	84.009115	Eb4	51	80	0
244	83.774740	84.908854	C4	51	80	0
245	83.828125	84.859375	F#3	36	80	0
246	83.833333	84.809896	Eb3	40	80	0
247	84.527344	84.899740	A3	48	80	0
248	85.424479	85.500000	A3	44	80	0
249	85.481771	86.579427	C4	54	80	0
250	85.506510	86.489583	A3	39	80	0
251	85.509115	86.468750	F#3	32	80	0
252	85.510417	86.339844	Eb3	33	80	0
253	86.454427	86.589844	Bb2	38	80	0
254	86.552083	86.848958	Bb1	35	80	0
255	86.661458	86.839844	Bb2	41	80	0
256	86.773438	88.699219	Bb3	55	80	0
257	86.795573	87.878906	F3	32	80	0
258	86.803385	87.500000	D3	34	80	0
259	87.622396	87.769531	Bb2	32	80	0
260	87.723958	88.149740	Bb1	40	80	0
261	87.828125	88.199219	Bb2	36	80	0
262	88.769531	88.878906	Bb2	25	80	0
263	88.861979	88.937500	Bb1	33	80	0
264	88.972656	89.033854	Bb2	48	80	0
265	89.101562	89.359375	Bb2	37	80	0
266	89.102865	89.229167	Bb1	39	80	0
267	89.156250	90.489583	Bb4	55	80	0
268	89.210938	89.908854	D4	38	80	0
269	90.205729	91.408854	G4	48	80	0
270	90.234375	90.908854	D4	37	80	0
271	90.235677	91.239583	Bb3	38	80	0
272	91.281250	92.559896	F4	55	80	0
273	91.291667	92.199219	D4	43	80	0
274	91.333333	92.149740	A3	30	80	0
275	92.417969	93.779948	E4	61	80	0
276	92.428385	93.779948	C4	49	80	0
277	92.432292	93.658854	G3	41	80	0
278	93.207031	93.311198	C3	45	80	0
279	93.325521	93.479167	C2	39	80	0
280	93.412760	93.493490	C3	44	80	0
281	93.557292	93.639323	C2	39	80	0
282	94.065104	94.688802	E4	58	80	0
283	94.069010	94.699219	C4	44	80	0
284	94.110677	94.649740	G3	31	80	0
285	94.425781	94.579427	C6	48	80	0
286	94.532552	94.608073	C5	64	80	0
287	94.691406	95.299479	F4	55	80	0
288	94.712240	95.319010	A3	42	80	0
289	94.712240	95.149740	C4	44	80	0
290	95.253906	95.669271	G4	63	80	0
291	95.264323	95.718750	C4	52	80	0
292	95.265625	95.587240	Bb3	56	80	0
293	95.902344	97.098958	G4	66	80	0
294	95.907552	96.509115	Bb3	49	80	0
295	95.908854	97.438802	C4	45	80	0
296	96.739583	97.109375	E4	61	80	0
297	96.751302	96.846354	C3	46	80	0
298	96.757812	96.979167	G#3	40	80	0
299	96.981771	97.109375	C3	41	80	0
300	97.052083	97.509115	F4	49	80	0
301	97.067708	97.429688	A3	42	80	0
302	97.095052	97.259115	C2	38	80	0
303	97.615885	98.239583	F4	51	80	0
304	97.645833	98.069010	C4	38	80	0
305	97.647135	98.019531	A3	39	80	0
306	97.994792	98.058594	C6	59	80	0
307	98.095052	98.218750	C5	53	80	0
308	98.173177	98.244792	C6	58	80	0
309	98.264323	98.869792	G4	66	80	0
310	98.295573	98.859375	E4	42	80	0
311	98.298177	98.699219	C4	44	80	0
312	98.861979	99.339844	A4	69	80	0
313	98.876302	99.348958	F4	50	80	0
314	98.882812	99.339844	C4	42	80	0
315	98.884115	99.059896	F3	44	80	0
316	99.518229	100.649740	A4	63	80	0
317	99.554688	100.399740	F4	40	80	0
318	99.561198	101.009115	C4	43	80	0
319	100.352865	100.658854	F#4	58	80	0
320	100.360677	100.423177	C3	47	80	0
321	100.367188	100.669271	Eb4	48	80	0
322	100.462240	100.649740	C2	37	80	0
323	100.638021	100.989583	G4	54	80	0
324	100.658854	100.912760	E4	54	80	0
325	100.660156	100.839844	C2	47	80	0
326	100.671875	100.679688	G3	44	80	0
327	101.218750	101.750000	G4	74	80	0
328	101.243490	101.759115	E4	50	80	0
329	101.256510	101.819010	C4	36	80	0
330	101.592448	101.750000	C6	58	80	0
331	101.680990	101.839844	C5	57	80	0
332	101.759115	101.878906	C6	58	80	0
333	101.865885	102.519531	A4	77	80	0
334	101.881510	102.500000	F4	55	80	0
335	101.915365	102.359375	C4	44	80	0
336	102.446615	102.855469	Bb4	74	80	0
337	102.480469	102.968750	G4	51	80	0
338	102.485677	102.846354	C4	48	80	0
339	103.131510	103.968750	Bb4	66	80	0
340	103.154948	104.059896	G4	45	80	0
341	103.175781	104.309896	C4	43	80	0
342	103.992188	104.074219	C3	51	80	0
343	104.000000	104.339844	G#4	62	80	0
344	104.002604	104.169271	E4	55	80	0
345	104.131510	104.289062	C2	30	80	0
346	104.302083	104.679688	A4	67	80	0
347	104.303385	104.519531	C2	48	80	0
348	104.309896	104.688802	F4	54	80	0
349	104.324219	104.669271	C4	42	80	0
350	104.938802	105.459635	A4	73	80	0
351	104.972656	105.500000	F4	49	80	0
352	104.979167	104.989583	F3	45	80	0
353	104.983073	105.468750	C4	38	80	0
354	105.320312	105.438802	C6	55	80	0
355	105.415365	105.519531	C5	51	80	0
356	105.513021	105.628906	C6	63	80	0
357	105.627604	106.003906	B4	76	80	0
358	105.656250	106.179688	G#4	61	80	0
359	105.661458	106.023438	F4	50	80	0
360	105.662760	106.079427	D4	46	80	0
361	105.662760	105.669271	F5	58	80	0
362	106.303385	106.789062	B4	83	80	0
363	106.326823	106.919271	G#4	64	80	0
364	106.332031	107.069010	F4	53	80	0
365	106.334635	106.839844	D4	54	80	0
366	106.701823	106.819010	C6	51	80	0
367	106.807292	106.875000	C5	51	80	0
368	106.930990	107.000000	C6	59	80	0
369	107.200521	107.679688	C5	63	80	0
370	107.225260	107.709635	G4	40	80	0
371	107.236979	107.750000	E4	38	80	0
372	108.074219	109.158854	G4	55	80	0
373	108.088542	109.188802	E4	44	80	0
374	108.119792	109.229167	C4	38	80	0
375	108.552083	108.622396	C3	39	80	0
376	108.657552	108.740885	C2	40	80	0
377	108.773438	108.919271	C3	42	80	0
378	109.447917	110.128906	G4	67	80	0
379	109.494792	110.259115	E4	40	80	0
380	109.496094	110.299479	C4	42	80	0
381	109.927083	110.059896	C6	52	80	0
382	110.063802	110.195312	C5	43	80	0
383	110.182292	111.029948	B4	64	80	0
384	110.182292	110.419271	B5	63	80	0
385	110.214844	110.729167	F4	35	80	0
386	110.231771	110.669271	D4	36	80	0
387	110.835938	111.718750	G4	56	80	0
388	110.876302	111.688802	F4	41	80	0
389	110.881510	110.889323	C4	35	80	0
390	110.884115	111.319010	D4	35	80	0
391	111.602865	112.259115	C5	67	80	0
392	111.638021	112.039062	E4	41	80	0
393	111.643229	112.049479	C4	40	80	0
394	112.414062	113.309896	G4	57	80	0
395	112.457031	113.329427	E4	42	80	0
396	112.458333	113.389323	C4	42	80	0
397	112.816406	112.878906	C3	47	80	0
398	112.950521	113.076823	C2	38	80	0
399	113.053385	113.169271	C3	50	80	0
400	113.721354	114.269531	G4	58	80	0
401	113.747396	114.449219	E4	48	80	0
402	113.753906	114.598958	C4	43	80	0
403	114.200521	114.277344	C6	56	80	0
404	114.303385	114.519531	C5	55	80	0
405	114.442708	114.848958	B5	64	80	0
406	114.444010	115.329427	B4	63	80	0
407	114.473958	115.149740	F4	40	80	0
408	114.484375	114.979167	D4	39	80	0
409	115.165365	116.049479	G4	58	80	0
410	115.194010	116.000000	F4	44	80	0
411	115.197917	115.589844	D4	35	80	0
412	115.937500	116.569010	C5	61	80	0
413	115.973958	116.334635	E4	31	80	0
414	115.990885	116.342448	C4	32	80	0
415	116.682292	118.049479	G4	55	80	0
416	116.692708	117.579427	E4	45	80	0
417	116.721354	117.609375	C4	36	80	0
418	117.062500	117.132812	C3	42	80	0
419	117.187500	117.919271	C2	35	80	0
420	117.312500	117.429688	C3	42	80	0
421	117.958333	120.179688	E4	50	80	0
422	117.964844	118.769531	C4	37	80	0
423	118.005208	118.789062	G3	26	80	0
424	118.427083	118.494792	C3	35	80	0
425	118.550781	118.889323	C2	32	80	0
426	118.669271	118.734375	C3	38	80	0
427	119.342448	120.348958	C4	40	80	0
428	119.352865	120.149740	G3	30	80	0
429	119.385417	119.938802	E3	28	80	0
430	119.796875	119.904948	C3	34	80	0
431	119.934896	120.359375	C2	31	80	0
432	120.089844	120.729167	C3	27	80	0
433	120.710938	121.688802	C4	38	80	0
434	121.381510	122.179688	B3	42	80	0
435	122.105469	123.559896	C4	48	80	0
436	122.109375	122.899740	Bb3	53	80	0
437	122.804688	123.569010	A3	45	80	0
438	123.175781	123.294271	D4	48	80	0
439	123.324219	123.375000	E4	55	80	0
440	123.466146	123.514323	F4	51	80	0
441	123.540365	123.792969	Bb3	48	80	0
442	123.542969	123.796875	G3	43	80	0
443	123.613281	123.759115	G4	62	80	0
444	123.746094	123.842448	A4	65	80	0
445	123.891927	124.083333	Bb4	66	80	0
446	124.127604	126.669271	C5	68	80	0
447	124.147135	124.709635	F2	33	80	0
448	124.824219	125.759115	F3	47	80	0
449	125.464844	126.619792	F4	43	80	0
450	125.471354	126.559896	C4	41	80	0
451	125.484375	126.500000	A3	36	80	0
452	126.122396	126.919271	F3	34	80	0
453	126.522135	126.968750	A4	64	80	0
454	126.753906	128.229167	F5	67	80	0
455	126.807292	128.779948	F4	35	80	0
456	126.812500	127.819010	D4	35	80	0
457	126.813802	127.769531	Bb3	38	80	0
458	127.453125	128.559896	F3	31	80	0
459	127.890625	128.259115	D5	64	80	0
460	128.117188	130.639323	C5	62	80	0
461	128.167969	129.029948	A3	32	80	0
462	128.167969	128.908854	C4	32	80	0
463	128.782552	129.759115	F3	34	80	0
464	129.367188	130.459635	F4	39	80	0
465	129.391927	130.329427	C4	35	80	0
466	129.393229	130.389323	A3	34	80	0
467	130.015625	130.389323	F3	23	80	0
468	130.395833	130.869792	A4	61	80	0
469	130.397135	130.688802	A3	35	80	0
470	130.398438	130.639323	F3	35	80	0
471	130.636719	132.019531	Bb4	59	80	0
472	130.653646	131.619792	F4	43	80	0
473	130.678385	130.959635	F3	29	80	0
474	130.694010	131.649740	D3	36	80	0
475	131.378906	131.908854	D4	37	80	0
476	131.380208	131.699219	Bb2	32	80	0
477	131.832031	132.218750	G4	57	80	0
478	132.065104	134.609375	F4	54	80	0
479	132.084635	132.769531	C2	33	80	0
480	132.684896	133.729167	C3	41	80	0
481	132.684896	133.329427	A3	44	80	0
482	133.324219	134.009115	C4	46	80	0
483	133.343750	134.459635	A3	38	80	0
484	133.346354	134.218750	F3	29	80	0
485	133.908854	135.029948	C3	44	80	0
486	134.592448	134.975260	A4	61	80	0
487	134.640625	135.369792	G3	31	80	0
488	134.640625	135.139323	C4	32	80	0
489	134.641927	135.319010	E3	34	80	0
490	134.958333	135.305990	G4	61	80	0
491	135.265625	135.579427	F4	57	80	0
492	135.296875	135.949219	C3	39	80	0
493	135.558594	135.634115	G4	69	80	0
494	136.026042	137.269531	F3	45	80	0
495	136.028646	137.229167	G4	61	80	0
496	136.062500	137.459635	F2	41	80	0
497	136.065104	137.299479	C4	36	80	0
498	136.065104	136.919271	E4	45	80	0
499	136.727865	137.468750	C3	47	80	0
500	137.203125	137.489583	G#4	64	80	0
501	137.424479	138.229167	A4	57	80	0
502	137.466146	138.649740	F2	35	80	0
503	137.472656	138.188802	F3	33	80	0
504	137.483073	138.218750	C4	35	80	0
505	138.006510	138.669271	A2	54	80	0
506	138.673177	139.317708	Bb2	61	80	0
507	138.835938	138.889323	C4	56	80	0
508	138.992188	139.109375	D4	54	80	0
509	139.117188	139.183594	E4	62	80	0
510	139.285156	139.342448	F4	57	80	0
511	139.291667	139.789062	G2	42	80	0
512	139.434896	139.485677	G4	55	80	0
513	139.576823	139.619792	A4	66	80	0
514	139.736979	139.796875	Bb4	60	80	0
515	139.954427	142.459635	C5	71	80	0
516	139.977865	140.429688	F2	32	80	0
517	140.608073	141.549479	F3	40	80	0
518	140.884115	141.419271	E4	61	80	0
519	141.282552	144.329427	F4	49	80	0
520	141.285156	142.359375	C4	44	80	0
521	141.292969	142.229167	A3	43	80	0
522	141.863281	142.449219	F3	46	80	0
523	142.274740	142.699219	A4	69	80	0
524	142.527344	143.819010	F5	69	80	0
525	142.592448	143.339844	D4	36	80	0
526	142.596354	143.399740	Bb3	39	80	0
527	142.600260	143.199219	F3	36	80	0
528	143.205729	144.299479	F3	37	80	0
529	143.662760	143.959635	D5	68	80	0
530	143.875000	145.699219	C5	64	80	0
531	143.932292	144.769531	C4	33	80	0
532	143.933594	144.669271	A3	34	80	0
533	144.562500	145.500000	F3	37	80	0
534	144.855469	145.319010	E4	52	80	0
535	145.213542	146.299479	F4	51	80	0
536	145.252604	145.979167	C4	36	80	0
537	145.255208	146.209635	A3	37	80	0
538	145.845052	146.878906	F3	40	80	0
539	146.236979	146.714844	A4	65	80	0
540	146.257812	146.579427	C4	32	80	0
541	146.563802	147.369792	C5	64	80	0
542	146.601562	147.479167	F4	42	80	0
543	146.631510	147.429688	D3	38	80	0
544	147.006510	147.839844	Bb4	65	80	0
545	147.338542	148.250000	Bb2	46	80	0
546	147.345052	148.169271	D4	49	80	0
547	147.664062	148.319010	G4	68	80	0
548	148.200521	151.128906	F4	64	80	0
549	148.227865	150.329427	C3	40	80	0
550	148.233073	148.829427	A3	48	80	0
551	148.990885	149.468750	A3	46	80	0
552	149.010417	149.848958	F3	34	80	0
553	149.641927	150.369792	C4	50	80	0
554	149.653646	149.968750	A3	45	80	0
555	150.285156	150.750000	A3	57	80	0
556	150.292969	150.384115	F3	46	80	0
557	150.972656	152.259115	C4	59	80	0
558	150.984375	151.919271	G3	49	80	0
559	150.994792	151.579427	E3	42	80	0
560	150.996094	152.009115	C2	42	80	0
561	151.839844	152.199219	E3	49	80	0
562	151.842448	152.209635	C3	44	80	0
563	153.005208	155.619792	A3	47	80	0
564	153.029948	156.019531	F3	31	80	0
565	153.044271	154.639323	C3	33	80	0
566	153.062500	153.709635	F2	32	80	0
567	153.063802	154.348958	F1	34	80	0
568	154.236979	155.019531	F2	31	80	0
569	154.363281	154.559896	F1	41	80	0
570	154.570312	155.309896	F1	34	80	0
571	155.510417	155.709635	F2	26	80	0
572	155.604167	155.829427	F1	33	80	0
573	155.716146	156.250000	F2	23	80	0
574	155.842448	157.729167	F1	30	80	0
575	156.518229	157.098958	F4	47	80	0
576	157.233073	158.569010	F4	44	80	0
577	157.243490	157.250000	C4	30	80	0
578	158.388021	158.549479	F2	30	80	0
579	158.513021	159.329427	F1	37	80	0
580	158.608073	158.750000	F2	35	80	0
581	158.727865	160.759115	F#4	67	80	0
582	158.744792	160.759115	C4	50	80	0
583	158.748698	162.079427	Eb4	52	80	0
584	158.752604	162.049479	A3	47	80	0
585	158.756510	158.869792	F2	34	80	0
586	158.875000	158.989583	F2	23	80	0
587	158.996094	159.289062	F2	26	80	0
588	159.751302	159.949219	F2	28	80	0
589	159.864583	160.109375	F1	29	80	0
590	159.959635	160.859375	F2	25	80	0
591	160.114583	161.158854	F1	30	80	0
592	160.765625	161.319010	F#4	56	80	0
593	160.770833	161.799479	C4	33	80	0
594	161.496094	164.789062	F#4	51	80	0
595	162.184896	162.199219	F2	22	80	0
596	162.514323	162.699219	F2	39	80	0
597	162.708333	163.169271	F2	39	80	0
598	162.812500	164.658854	A4	64	80	0
599	162.842448	165.658854	Eb4	46	80	0
600	162.842448	166.250000	C4	42	80	0
601	163.760417	163.959635	F2	37	80	0
602	163.890625	164.079427	F1	38	80	0
603	163.970052	164.658854	F2	31	80	0
604	164.087240	164.658854	F1	36	80	0
605	164.673177	165.239583	F2	34	80	0
606	164.674479	165.649740	F1	39	80	0
607	164.674479	165.289062	A4	66	80	0
608	165.358073	166.609375	A4	63	80	0
609	166.351562	166.509115	F2	34	80	0
610	166.466146	167.199219	F1	41	80	0
611	166.558594	166.819010	F2	41	80	0
612	166.673177	168.029948	C5	72	80	0
613	166.707031	167.688802	C4	39	80	0
614	166.709635	167.718750	F#4	45	80	0
615	166.713542	168.389323	Eb4	46	80	0
616	167.595052	167.819010	F2	38	80	0
617	167.720052	168.839844	F1	42	80	0
618	167.825521	168.468750	F2	36	80	0
619	168.432292	168.839844	C5	79	80	0
620	169.036458	169.739583	C5	69	80	0
621	169.667969	170.839844	Eb5	78	80	0
622	170.028646	170.101562	C4	51	80	0
623	170.033854	170.102865	A3	48	80	0
624	170.152344	170.214844	F3	48	80	0
625	170.227865	170.389323	A3	56	80	0
626	170.234375	170.321615	C4	57	80	0
627	170.359375	170.559896	F3	60	80	0
628	170.751302	171.039062	D5	66	80	0
629	170.938802	171.134115	C5	62	80	0
630	171.113281	171.408854	Bb4	61	80	0
631	171.279948	171.429688	A4	60	80	0
632	171.437500	171.657552	G4	53	80	0
633	171.610677	171.919271	F4	53	80	0
634	171.815104	172.033854	E4	54	80	0
635	171.996094	172.222656	Eb4	53	80	0
636	172.203125	172.462240	D4	48	80	0
637	172.395833	172.705729	C4	49	80	0
638	172.628906	172.924479	Bb3	56	80	0
639	172.855469	173.263021	A3	49	80	0
640	173.138021	173.502604	Eb4	46	80	0
641	173.416667	174.119792	A3	50	80	0
642	173.958333	177.399740	Bb3	58	80	0
643	173.988281	177.359375	D3	41	80	0
644	173.993490	176.789062	Bb2	41	80	0
645	174.005208	177.229167	Bb1	39	80	0
646	175.372396	175.688802	Eb3	50	80	0
647	175.567708	176.789062	F3	43	80	0
648	176.798177	177.479167	F3	41	80	0
649	176.803385	177.500000	Bb2	34	80	0
650	178.097656	178.859375	D5	66	80	0
651	178.145833	178.489583	Bb3	35	80	0
652	178.154948	180.329427	D3	28	80	0
653	178.154948	180.299479	F3	30	80	0
654	178.157552	180.299479	Bb2	32	80	0
655	178.872396	178.954427	Eb5	55	80	0
656	178.942708	178.997396	D5	56	80	0
657	179.031250	179.117188	C5	59	80	0
658	179.123698	179.343750	D5	64	80	0
659	179.332031	179.652344	Eb5	68	80	0
660	179.576823	180.169271	F5	58	80	0
661	180.954427	182.399740	Bb3	59	80	0
662	180.989583	181.658854	D3	40	80	0
663	180.996094	181.639323	F2	35	80	0
664	180.996094	181.649740	Bb2	39	80	0
665	182.339844	185.628906	A3	67	80	0
666	182.358073	185.468750	Eb3	47	80	0
667	182.394531	185.549479	C3	40	80	0
668	182.395833	185.408854	F2	36	80	0
669	182.414062	185.429688	C2	38	80	0
670	183.494792	184.109375	F3	49	80	0
671	183.744792	184.500000	F#3	46	80	0
672	185.041667	185.598958	F#3	50	80	0
673	186.358073	187.128906	A5	68	80	0
674	186.412760	187.968750	F#3	34	80	0
675	186.412760	188.889323	Eb4	38	80	0
676	186.417969	188.669271	C4	39	80	0
677	187.101562	187.269531	Bb5	59	80	0
678	187.190104	187.253906	A5	61	80	0
679	187.282552	187.367188	G5	56	80	0
680	187.373698	187.604167	A5	64	80	0
681	187.598958	188.019531	Bb5	66	80	0
682	187.845052	188.438802	C6	61	80	0
683	187.904948	189.188802	F3	28	80	0
684	189.156250	190.718750	Eb4	57	80	0
685	189.164062	189.949219	C4	48	80	0
686	189.201823	189.848958	F3	34	80	0
687	189.204427	190.109375	A2	35	80	0
688	190.548177	193.509115	D4	56	80	0
689	190.554688	192.500000	G#3	45	80	0
690	190.563802	193.000000	F3	44	80	0
691	190.567708	193.468750	Bb2	38	80	0
692	190.572917	193.259115	Bb1	37	80	0
693	191.617188	192.039062	Bb3	51	80	0
694	191.927083	193.158854	B3	56	80	0
695	193.170573	193.589844	B3	54	80	0
696	194.464844	195.239583	D5	62	80	0
697	194.493490	196.579427	F4	38	80	0
698	194.500000	196.669271	G#4	40	80	0
699	194.501302	196.000000	B3	32	80	0
700	195.174479	195.260417	Eb5	54	80	0
701	195.244792	195.408854	D5	51	80	0
702	195.316406	195.414062	C5	52	80	0
703	195.420573	195.619792	D5	63	80	0
704	195.623698	195.945312	Eb5	62	80	0
705	195.843750	196.739583	F5	62	80	0
706	195.846354	196.598958	Bb3	55	80	0
707	197.054688	198.579427	F5	79	80	0
708	197.071615	198.079427	Bb3	49	80	0
709	197.074219	198.179688	G#4	60	80	0
710	197.075521	197.319010	D4	45	80	0
711	197.076823	198.569010	D3	45	80	0
712	198.726562	200.269531	F5	62	80	0
713	198.755208	200.779948	G4	42	80	0
714	198.766927	199.419271	Bb3	38	80	0
715	198.773438	200.718750	Eb3	36	80	0
716	199.449219	200.019531	B3	42	80	0
717	200.044271	200.769531	Eb5	55	80	0
718	200.045573	200.579427	C4	43	80	0
719	200.683594	201.449219	D5	63	80	0
720	200.704427	200.979167	Bb3	38	80	0
721	200.705729	201.139323	D4	39	80	0
722	200.705729	201.929688	Bb4	44	80	0
723	200.709635	201.389323	F3	34	80	0
724	201.333333	201.819010	C5	68	80	0
725	201.371094	201.919271	Eb4	34	80	0
726	201.373698	201.378906	Bb3	38	80	0
727	201.375000	201.778646	G3	35	80	0
728	201.997396	202.489583	C5	67	80	0
729	202.018229	202.408854	Bb4	57	80	0
730	202.036458	202.289062	Bb3	37	80	0
731	202.037760	202.769531	G3	38	80	0
732	202.044271	202.468750	E4	43	80	0
733	202.786458	202.901042	C5	56	80	0
734	202.789062	204.079427	Bb3	42	80	0
735	202.800781	203.188802	Bb4	52	80	0
736	202.821615	204.549479	E4	43	80	0
737	202.824219	204.169271	F3	45	80	0
738	202.928385	202.996094	D5	62	80	0
739	203.016927	203.082031	C5	59	80	0
740	203.105469	203.177083	D5	57	80	0
741	203.204427	203.259115	C5	58	80	0
742	203.294271	203.429688	B4	57	80	0
743	203.384115	203.529948	C5	61	80	0
744	203.526042	204.039062	D5	59	80	0
745	203.899740	204.069010	C5	56	80	0
746	204.404948	205.779948	C5	40	80	0
747	204.433594	207.309896	A4	35	80	0
748	204.434896	205.619792	F3	25	80	0
749	206.005208	206.289062	F3	38	80	0
750	206.240885	206.509115	G3	42	80	0
751	206.406250	206.639323	F3	48	80	0
752	206.601562	206.761719	E3	57	80	0
753	206.777344	207.139323	F3	55	80	0
754	206.971354	207.239583	G3	59	80	0
755	206.973958	207.223958	Eb3	52	80	0
756	207.162760	207.628906	A3	62	80	0
757	207.177083	207.529948	C3	53	80	0
758	207.558594	208.639323	Bb2	59	80	0
759	207.559896	210.339844	Bb3	61	80	0
760	207.561198	208.449219	D3	53	80	0
761	207.562500	208.408854	F3	48	80	0
762	208.804688	209.057292	Eb3	51	80	0
763	208.811198	209.079427	C3	46	80	0
764	209.014323	210.009115	F3	50	80	0
765	209.024740	210.119792	D3	44	80	0
766	209.234375	209.407552	Bb5	59	80	0
767	209.406250	209.598958	D6	54	80	0
768	209.566406	209.674479	Bb5	60	80	0
769	209.694010	209.845052	F5	55	80	0
770	209.864583	209.983073	Bb5	60	80	0
771	210.013021	210.169271	D5	55	80	0
772	210.186198	210.389323	F5	50	80	0
773	210.335938	210.539062	Bb4	49	80	0
774	210.381510	210.809896	F3	37	80	0
775	210.385417	211.098958	D3	40	80	0
776	210.484375	210.595052	D5	49	80	0
777	210.636719	210.772135	F4	43	80	0
778	210.824219	210.921875	Bb4	46	80	0
779	210.967448	211.088542	D4	43	80	0
780	211.135417	211.225260	F4	38	80	0
781	211.273438	211.509115	Bb3	50	80	0
782	211.433594	211.679688	D4	46	80	0
783	211.584635	211.859375	F3	50	80	0
784	211.595052	212.029948	D5	70	80	0
785	211.790365	211.876302	Bb3	53	80	0
786	211.950521	212.218750	D3	41	80	0
787	212.108073	212.289062	F3	40	80	0
788	212.239583	212.539062	Bb2	49	80	0
789	212.356771	212.441406	Eb5	62	80	0
790	212.393229	212.569010	D3	47	80	0
791	212.434896	212.519531	D5	67	80	0
792	212.493490	212.580729	C5	62	80	0
793	212.540365	212.799479	F2	51	80	0
794	212.591146	212.734375	D5	73	80	0
795	212.740885	212.949219	Bb2	50	80	0
796	212.743490	212.919271	Eb5	75	80	0
797	212.901042	213.098958	D2	48	80	0
798	212.929688	213.399740	F5	65	80	0
799	213.100260	213.299479	Bb1	46	80	0
800	213.274740	213.385417	D2	46	80	0
801	213.406250	213.609375	F2	44	80	0
802	213.559896	213.859375	Bb2	56	80	0
803	213.740885	213.989583	D2	46	80	0
804	213.864583	214.019531	Bb2	45	80	0
805	213.867188	214.419271	F2	46	80	0
806	214.033854	214.319010	Bb2	43	80	0
807	214.236979	215.878906	Bb3	71	80	0
808	214.256510	215.199219	D3	45	80	0
809	214.407552	214.899740	Bb2	53	80	0
810	214.565104	214.899740	F2	44	80	0
811	214.756510	215.000000	D2	39	80	0
812	214.910156	215.000000	F2	41	80	0
813	214.912760	215.549479	Bb2	46	80	0
814	215.088542	215.259115	F2	42	80	0
815	215.253906	215.429688	D2	45	80	0
816	215.425781	215.559896	F2	37	80	0
817	215.566406	215.718750	F2	34	80	0
818	215.811198	218.269531	A3	63	80	0
819	215.837240	217.149740	Eb3	50	80	0
820	215.854167	216.549479	F2	44	80	0
821	215.864583	216.759115	F1	47	80	0
822	215.872396	217.059896	C3	46	80	0
823	217.118490	217.438802	F3	44	80	0
824	217.125000	217.378906	D3	44	80	0
825	217.402344	218.583333	F#3	50	80	0
826	217.404948	218.579427	Eb3	56	80	0
827	217.673177	217.845052	C6	55	80	0
828	217.846354	217.980469	Eb6	55	80	0
829	218.011719	218.179688	C6	55	80	0
830	218.183594	218.292969	A5	52	80	0
831	218.330729	218.446615	C6	55	80	0
832	218.494792	218.617188	F#5	54	80	0
833	218.653646	218.782552	A5	56	80	0
834	218.824219	219.009115	Eb5	53	80	0
835	218.842448	219.179688	F#3	47	80	0
836	218.842448	219.209635	Eb3	46	80	0
837	218.984375	219.084635	F#5	50	80	0
838	219.119792	219.255208	C5	58	80	0
839	219.294271	219.384115	Eb5	52	80	0
840	219.424479	219.609375	A4	55	80	0
841	219.591146	219.701823	C5	52	80	0
842	219.746094	219.863281	F#4	48	80	0
843	219.933594	220.006510	A4	43	80	0
844	220.052083	220.718750	C6	72	80	0
845	220.054688	220.188802	Eb4	50	80	0
846	220.074219	220.609375	F#3	46	80	0
847	220.239583	220.378906	F#4	52	80	0
848	220.356771	220.476562	C4	54	80	0
849	220.531250	220.699219	Eb4	50	80	0
850	220.640625	220.938802	A3	45	80	0
851	220.770833	220.867188	D6	77	80	0
852	220.807292	220.949219	C4	57	80	0
853	220.855469	220.917969	C6	78	80	0
854	220.915365	221.179688	F#3	58	80	0
855	220.916667	220.983073	B5	74	80	0
856	220.998698	221.140625	C6	78	80	0
857	221.130208	221.339844	A3	52	80	0
858	221.136719	221.342448	D6	89	80	0
859	221.300781	222.009115	C3	53	80	0
860	221.303385	221.979167	Eb6	89	80	0
861	221.464844	221.759115	F#3	52	80	0
862	221.613281	222.119792	Eb3	56	80	0
863	221.755208	221.979167	A3	55	80	0
864	221.910156	222.128906	F#3	51	80	0
865	222.040365	222.140625	C4	57	80	0
866	222.183594	222.669271	A3	56	80	0
867	222.355469	222.908854	F#3	45	80	0
868	222.552083	224.649740	F#4	79	80	0
869	222.595052	224.158854	Eb4	54	80	0
870	222.605469	223.669271	C4	51	80	0
871	222.774740	222.940104	Eb3	50	80	0
872	222.940104	223.848958	Bb2	46	80	0
873	223.134115	223.479167	F#3	47	80	0
874	223.302083	223.699219	Eb3	60	80	0
875	223.481771	223.878906	Bb3	57	80	0
876	223.670573	224.169271	F#3	48	80	0
877	223.833333	224.319010	Eb3	54	80	0
878	224.139323	226.389323	F4	63	80	0
879	224.169271	225.079427	Eb4	51	80	0
880	224.174479	224.709635	C4	48	80	0
881	224.175781	224.679688	A3	44	80	0
882	224.924479	225.438802	C4	54	80	0
883	224.957031	225.459635	A3	43	80	0
884	225.434896	225.669271	B3	51	80	0
885	225.437500	225.639323	D4	54	80	0
886	225.604167	226.559896	Eb4	59	80	0
887	225.615885	226.399740	C4	53	80	0
888	225.795573	225.950521	C6	57	80	0
889	225.947917	226.091146	Eb6	59	80	0
890	226.122396	226.348958	C6	56	80	0
891	226.263021	226.397135	A5	62	80	0
892	226.414062	226.729167	C6	56	80	0
893	226.587240	226.759115	Eb5	58	80	0
894	226.716146	227.009115	A5	64	80	0
895	226.871094	227.109375	C5	61	80	0
896	226.890625	227.209635	Eb4	49	80	0
897	226.912760	227.279948	C4	52	80	0
898	227.044271	227.161458	Eb5	52	80	0
899	227.187500	227.389323	A4	56	80	0
900	227.343750	227.919271	C5	54	80	0
901	227.488281	227.779948	Eb4	54	80	0
902	227.657552	227.753906	A4	45	80	0
903	227.763021	228.069010	C6	72	80	0
904	227.766927	227.914062	C4	55	80	0
905	227.934896	228.158854	Eb4	50	80	0
906	228.079427	228.259115	A3	59	80	0
907	228.083333	228.688802	C6	80	80	0
908	228.231771	228.351562	C4	46	80	0
909	228.358073	228.496094	F3	48	80	0
910	228.505208	228.611979	A3	56	80	0
911	228.654948	228.753906	C3	56	80	0
912	228.721354	228.789062	D6	72	80	0
913	228.777344	228.847656	C6	75	80	0
914	228.830729	228.915365	B5	77	80	0
915	228.906250	229.040365	C6	75	80	0
916	228.912760	229.199219	A2	52	80	0
917	229.026042	229.233073	D6	80	80	0
918	229.065104	229.289062	C3	55	80	0
919	229.196615	230.029948	Eb6	94	80	0
920	229.225260	229.359375	F2	53	80	0
921	229.367188	229.639323	A2	57	80	0
922	229.643229	229.829427	F2	46	80	0
923	229.756510	229.889323	A2	46	80	0
924	229.914062	230.149740	C2	54	80	0
925	230.023438	230.179688	F1	64	80	0
926	230.184896	230.500000	F1	52	80	0
927	230.343750	231.019531	Eb6	92	80	0
928	230.343750	231.479167	Eb5	90	80	0
929	230.351562	231.289062	C5	80	80	0
930	230.356771	231.029948	A4	76	80	0
931	230.527344	230.658854	F#1	56	80	0
932	230.683594	231.069010	A1	60	80	0
933	230.852865	231.009115	C2	59	80	0
934	230.984375	231.110677	F#2	66	80	0
935	231.134115	231.214844	A2	64	80	0
936	231.246094	231.343750	C3	66	80	0
937	231.384115	231.449219	F#3	65	80	0
938	231.611979	232.438802	D5	78	80	0
939	231.635417	232.369792	Bb4	61	80	0
940	231.783854	232.059896	G1	57	80	0
941	231.904948	232.039062	Bb1	57	80	0
942	232.039062	232.149740	D2	63	80	0
943	232.170573	232.317708	G2	56	80	0
944	232.319010	232.559896	Bb2	62	80	0
945	232.454427	232.552083	D3	68	80	0
946	232.592448	232.645833	G3	71	80	0
947	232.785156	233.639323	G5	90	80	0
948	232.785156	232.799479	G6	88	80	0
949	232.973958	233.139323	E2	62	80	0
950	233.123698	233.273438	G2	61	80	0
951	233.282552	233.468750	Bb2	66	80	0
952	233.429688	233.515625	E3	51	80	0
953	233.562500	233.657552	G3	66	80	0
954	233.704427	233.889323	Bb3	66	80	0
955	233.847656	233.928385	G3	56	80	0
956	233.985677	234.789062	C#5	81	80	0
957	233.992188	234.799479	Bb4	81	80	0
958	233.993490	234.429688	G4	70	80	0
959	234.002604	234.209635	C#4	73	80	0
960	234.170573	234.378906	Bb3	59	80	0
961	234.295573	234.406250	G3	62	80	0
962	234.455729	234.619792	E3	62	80	0
963	234.622396	234.828125	C#3	70	80	0
964	234.773438	234.835938	Bb2	63	80	0
965	234.855469	235.032552	G2	63	80	0
966	235.027344	235.480469	E2	67	80	0
967	235.272135	236.759115	F5	80	80	0
968	235.494792	235.819010	F2	50	80	0
969	235.679688	236.149740	Bb2	55	80	0
970	235.834635	235.949219	D3	49	80	0
971	236.027344	236.095052	F3	40	80	0
972	236.174479	236.339844	D3	49	80	0
973	236.311198	236.468750	Bb2	45	80	0
974	236.458333	236.679688	F2	47	80	0
975	236.675781	237.408854	D5	57	80	0
976	236.678385	237.279948	Bb4	54	80	0
977	236.692708	237.319010	F4	41	80	0
978	236.694010	236.979167	Bb3	45	80	0
979	236.804688	237.098958	F2	41	80	0
980	237.020833	237.279948	Bb2	54	80	0
981	237.192708	237.279948	D3	42	80	0
982	237.343750	237.427083	F3	42	80	0
983	237.483073	237.718750	D3	41	80	0
984	237.661458	237.949219	Bb2	47	80	0
985	237.798177	238.009115	F2	40	80	0
986	238.007812	239.399740	A4	54	80	0
987	238.022135	238.429688	F2	41	80	0
988	238.026042	239.359375	F4	40	80	0
989	238.031250	238.209635	Eb3	40	80	0
990	238.035156	238.049479	F3	36	80	0
991	238.039062	239.158854	C4	36	80	0
992	238.213542	238.438802	C3	39	80	0
993	238.394531	238.540365	A2	42	80	0
994	238.585938	238.705729	F2	37	80	0
995	238.753906	238.919271	Eb2	40	80	0
996	238.945312	239.102865	C2	38	80	0
997	239.123698	239.339844	A1	40	80	0
998	239.136719	239.259115	A2	36	80	0
999	239.351562	239.679688	F1	40	80	0
1000	239.638021	241.128906	Bb4	52	80	0
1001	239.656250	241.819010	Bb3	37	80	0
1002	239.661458	241.049479	D4	40	80	0
1003	239.694010	240.339844	Bb2	27	80	0
1004	239.696615	239.779948	F2	25	80	0
1005	239.714844	240.339844	F3	26	80	0
1006	240.925781	241.003906	Bb2	33	80	0
1007	241.015625	241.091146	Bb1	35	80	0
1008	241.121094	241.289062	Bb2	41	80	0
1009	241.265625	241.279948	Bb1	28	80	0
1010	242.227865	242.294271	Bb2	39	80	0
1011	242.326823	242.459635	Bb1	35	80	0
1012	242.436198	242.709635	Bb2	38	80	0
1013	242.552083	243.069010	Bb1	40	80	0
1014	243.562500	243.699219	Bb2	31	80	0
1015	243.662760	243.899740	Bb1	35	80	0
1016	243.803385	244.359375	Bb2	38	80	0
1017	243.911458	244.199219	Bb1	41	80	0
1018	243.960938	245.649740	F4	54	80	0
1019	243.973958	244.929688	Bb3	49	80	0
1020	243.976562	245.438802	G#3	46	80	0
1021	245.255208	246.619792	Eb4	58	80	0
1022	245.276042	246.029948	Bb3	47	80	0
1023	245.316406	246.289062	G3	41	80	0
1024	246.479167	247.429688	D4	56	80	0
1025	246.484375	247.419271	Bb3	51	80	0
1026	246.505208	247.459635	F#3	42	80	0
1027	247.777344	249.229167	D4	61	80	0
1028	247.785156	249.139323	Bb3	50	80	0
1029	247.804688	248.848958	F#3	43	80	0
1030	248.789062	248.959635	Bb2	47	80	0
1031	248.921875	249.199219	Bb1	45	80	0
1032	249.003906	249.139323	Bb2	38	80	0
1033	249.105469	251.378906	Eb4	45	80	0
1034	249.144531	251.449219	Bb3	42	80	0
1035	249.149740	249.158854	Eb3	40	80	0
1036	249.153646	249.179688	Bb2	37	80	0
1037	249.164062	250.229167	G3	39	80	0
1038	250.031250	250.139323	Bb2	34	80	0
1039	250.122396	250.329427	Bb1	38	80	0
1040	250.214844	250.269531	Bb2	40	80	0
1041	250.334635	250.789062	Bb1	35	80	0
1042	251.205729	251.309896	Bb2	37	80	0
1043	251.322917	251.468750	Bb1	31	80	0
1044	251.412760	251.463542	Bb2	52	80	0
1045	251.514323	251.759115	Bb1	43	80	0
1046	251.582031	253.098958	G#4	60	80	0
1047	251.615885	252.869792	F4	38	80	0
1048	251.621094	252.839844	Bb3	44	80	0
1049	251.625000	251.979167	Bb2	41	80	0
1050	252.815104	254.500000	G4	68	80	0
1051	252.833333	254.299479	Eb4	48	80	0
1052	252.846354	253.669271	Bb3	39	80	0
1053	254.087240	255.359375	F#4	67	80	0
1054	254.122396	255.069010	D4	52	80	0
1055	254.123698	255.119792	Bb3	58	80	0
1056	255.555990	257.419271	F#4	62	80	0
1057	255.572917	257.019531	D4	53	80	0
1058	255.583333	256.679688	Bb3	47	80	0
1059	256.661458	256.869792	Eb2	40	80	0
1060	256.763021	257.500000	Eb3	42	80	0
1061	256.876302	257.158854	Eb2	39	80	0
1062	256.914062	258.319010	G4	49	80	0
1063	256.915365	258.938802	Bb3	42	80	0
1064	256.929688	259.339844	Eb4	36	80	0
1065	257.766927	257.899740	Eb3	44	80	0
1066	257.882812	257.944010	Eb2	36	80	0
1067	257.984375	258.169271	Eb3	36	80	0
1068	258.080729	258.259115	Eb2	39	80	0
1069	258.653646	259.348958	G4	64	80	0
1070	258.656250	258.750000	Eb2	36	80	0
1071	259.018229	259.084635	Eb3	41	80	0
1072	259.152344	259.399740	Eb2	45	80	0
1073	259.261719	259.899740	Eb3	45	80	0
1074	259.442708	261.429688	Eb5	75	80	0
1075	259.484375	261.509115	G4	49	80	0
1076	260.649740	262.109375	C5	67	80	0
1077	260.699219	261.628906	Eb3	28	80	0
1078	260.700521	261.679688	Eb4	34	80	0
1079	261.977865	263.750000	Bb4	64	80	0
1080	262.023438	263.299479	G4	42	80	0
1081	262.024740	263.029948	D4	49	80	0
1082	263.625000	265.259115	A4	58	80	0
1083	263.644531	265.479167	F4	39	80	0
1084	263.656250	265.179688	C4	37	80	0
1085	264.544271	264.649740	F3	31	80	0
1086	264.634115	264.694010	F2	36	80	0
1087	264.738281	264.979167	F3	38	80	0
1088	264.859375	264.989583	F2	37	80	0
1089	265.466146	265.859375	A4	59	80	0
1090	265.484375	265.809896	F4	35	80	0
1091	265.486979	265.799479	C4	38	80	0
1092	265.486979	265.718750	F3	36	80	0
1093	265.841146	266.029948	F6	54	80	0
1094	265.960938	266.109375	F5	50	80	0
1095	266.033854	266.250000	F6	60	80	0
1096	266.113281	266.391927	Bb4	64	80	0
1097	266.128906	266.598958	F4	43	80	0
1098	266.143229	266.438802	D4	45	80	0
1099	266.147135	266.158854	Bb3	38	80	0
1100	266.707031	266.819010	C6	74	80	0
1101	266.708333	267.069010	C5	72	80	0
1102	266.756510	267.109375	Eb4	40	80	0
1103	266.763021	267.119792	F4	35	80	0
1104	267.394531	268.009115	C5	57	80	0
1105	267.399740	267.903646	F4	43	80	0
1106	267.402344	267.910156	Eb4	43	80	0
1107	268.354167	268.729167	A4	62	80	0
1108	268.367188	268.436198	F3	41	80	0
1109	268.373698	268.769531	C#4	48	80	0
1110	268.462240	269.039062	F2	36	80	0
1111	268.606771	269.000000	F3	40	80	0
1112	268.701823	269.049479	Bb4	55	80	0
1113	268.736979	269.019531	D4	34	80	0
1114	268.744792	269.019531	Bb3	33	80	0
1115	269.263021	269.529948	Bb4	68	80	0
1116	269.274740	269.529948	F4	47	80	0
1117	269.294271	269.549479	F3	39	80	0
1118	269.304688	269.529948	D4	44	80	0
1119	269.665365	269.799479	F6	54	80	0
1120	269.772135	269.919271	F5	59	80	0
1121	269.910156	269.968750	C6	68	80	0
1122	269.914062	270.569010	C5	67	80	0
1123	269.944010	269.949219	Bb4	62	80	0
1124	269.947917	270.223958	F4	45	80	0
1125	269.954427	270.221354	A4	56	80	0
1126	269.981771	269.989583	Bb3	37	80	0
1127	270.007812	270.059896	F5	43	80	0
1128	270.544271	270.979167	D5	76	80	0
1129	270.572917	270.933594	Bb4	57	80	0
1130	270.583333	270.699219	Bb3	43	80	0
1131	270.584635	270.598958	Bb2	37	80	0
1132	270.592448	270.924479	F4	40	80	0
1133	271.218750	272.250000	D5	70	80	0
1134	271.263021	271.959635	Bb4	47	80	0
1135	271.269531	271.419271	Bb3	41	80	0
1136	271.272135	272.369792	F4	43	80	0
1137	272.161458	272.509115	B4	66	80	0
1138	272.186198	272.468750	G#4	49	80	0
1139	272.186198	272.319010	F3	36	80	0
1140	272.277344	272.639323	F2	39	80	0
1141	272.394531	272.509115	F3	36	80	0
1142	272.488281	272.809896	C5	66	80	0
1143	272.507812	272.713542	A4	54	80	0
1144	272.520833	272.699219	F3	45	80	0
1145	273.110677	273.619792	C5	73	80	0
1146	273.149740	273.449219	A4	47	80	0
1147	273.162760	274.218750	F4	39	80	0
1148	273.533854	273.539062	F6	51	80	0
1149	273.654948	273.750000	F5	51	80	0
1150	273.708333	273.829427	F6	65	80	0
1151	273.787760	274.279948	D5	71	80	0
1152	273.805990	274.259115	Bb4	58	80	0
1153	273.807292	274.079427	F5	60	80	0
1154	274.403646	274.799479	Eb5	77	80	0
1155	274.424479	274.819010	C5	64	80	0
1156	274.473958	274.859375	F4	34	80	0
1157	275.135417	276.049479	Eb5	65	80	0
1158	275.166667	275.929688	C5	44	80	0
1159	275.167969	275.989583	F4	40	80	0
1160	275.170573	275.229167	Bb3	39	80	0
1161	276.105469	276.292969	C#5	68	80	0
1162	276.125000	276.184896	F3	48	80	0
1163	276.131510	276.509115	A4	55	80	0
1164	276.240885	276.438802	F2	28	80	0
1165	276.339844	276.559896	F3	44	80	0
1166	276.423177	276.789062	D5	67	80	0
1167	276.445312	276.759115	Bb4	53	80	0
1168	276.450521	276.562500	F2	47	80	0
1169	277.042969	277.628906	D5	76	80	0
1170	277.066406	277.438802	Bb4	60	80	0
1171	277.101562	277.419271	F4	48	80	0
1172	277.463542	277.536458	F6	53	80	0
1173	277.571615	277.709635	F5	53	80	0
1174	277.662760	277.789062	F6	63	80	0
1175	277.756510	278.259115	E5	81	80	0
1176	277.778646	278.250000	C#5	65	80	0
1177	277.794271	278.199219	Bb4	62	80	0
1178	277.798177	278.218750	G4	49	80	0
1179	278.460938	278.878906	E6	78	80	0
1180	278.460938	278.908854	E5	78	80	0
1181	278.484375	279.188802	C#5	63	80	0
1182	278.485677	279.169271	Bb4	66	80	0
1183	278.493490	279.179688	G4	58	80	0
1184	278.855469	279.019531	F6	66	80	0
1185	278.973958	279.079427	E5	53	80	0
1186	278.976562	279.050781	F5	56	80	0
1187	279.069010	279.199219	F6	64	80	0
1188	279.458333	279.589844	F6	66	80	0
1189	279.464844	280.119792	F5	69	80	0
1190	279.506510	279.989583	C5	48	80	0
1191	279.507812	279.519531	A3	40	80	0
1192	279.514323	280.069010	A4	46	80	0
1193	280.364583	281.449219	C5	65	80	0
1194	280.410156	281.419271	F4	32	80	0
1195	280.803385	280.860677	F3	39	80	0
1196	280.915365	280.986979	F2	38	80	0
1197	281.032552	281.188802	F3	43	80	0
1198	281.699219	282.500000	C5	68	80	0
1199	281.751302	282.429688	A4	44	80	0
1200	281.755208	282.319010	F4	37	80	0
1201	282.214844	282.449219	F6	57	80	0
1202	282.342448	282.579427	F5	52	80	0
1203	282.459635	282.569010	F6	69	80	0
1204	282.463542	282.859375	E6	70	80	0
1205	282.468750	283.309896	E5	68	80	0
1206	282.522135	282.899740	Bb4	40	80	0
1207	282.536458	282.938802	G4	35	80	0
1208	283.130208	284.289062	C5	65	80	0
1209	283.131510	283.319010	C6	69	80	0
1210	283.132812	283.569010	Bb4	60	80	0
1211	283.184896	283.789062	G4	32	80	0
1212	283.936198	284.589844	F5	61	80	0
1213	283.953125	284.408854	A4	49	80	0
1214	283.994792	284.419271	F4	32	80	0
1215	284.748698	285.718750	C5	61	80	0
1216	284.785156	285.739583	A4	41	80	0
1217	284.795573	285.750000	F4	28	80	0
1218	285.110677	285.184896	F3	36	80	0
1219	285.242188	285.441406	F2	38	80	0
1220	285.382812	285.529948	F3	41	80	0
1221	286.053385	286.669271	C5	60	80	0
1222	286.076823	286.628906	A4	49	80	0
1223	286.115885	286.589844	F4	27	80	0
1224	286.532552	286.709635	F6	57	80	0
1225	286.662760	286.899740	F5	54	80	0
1226	286.802083	287.199219	E6	66	80	0
1227	286.802083	287.509115	E5	63	80	0
1228	286.833333	287.299479	G4	41	80	0
1229	286.834635	287.239583	Bb4	45	80	0
1230	287.493490	288.389323	C5	58	80	0
1231	287.493490	287.619792	C6	62	80	0
1232	287.544271	288.158854	G4	37	80	0
1233	288.259115	289.139323	F5	60	80	0
1234	288.273438	288.679688	A4	45	80	0
1235	288.316406	288.630208	F4	20	80	0
1236	288.971354	289.789062	C5	60	80	0
1237	288.996094	289.819010	A4	44	80	0
1238	289.023438	289.809896	F4	30	80	0
1239	289.376302	289.438802	F3	34	80	0
1240	289.493490	289.718750	F2	39	80	0
1241	289.634115	289.819010	F3	38	80	0
1242	290.277344	292.229167	A4	54	80	0
1243	290.285156	291.378906	F4	33	80	0
1244	290.295573	290.489583	F3	29	80	0
1245	290.296875	291.229167	C4	32	80	0
1246	290.736979	290.803385	F3	29	80	0
1247	290.839844	291.059896	F2	31	80	0
1248	291.003906	291.209635	F3	33	80	0
1249	291.654948	292.609375	F4	41	80	0
1250	291.665365	293.229167	C4	31	80	0
1251	291.691406	292.399740	A3	26	80	0
1252	292.104167	292.171875	F3	26	80	0
1253	292.203125	292.408854	F2	34	80	0
1254	292.334635	292.699219	F3	36	80	0
1255	292.950521	293.789062	F4	41	80	0
1256	293.569010	294.419271	E4	42	80	0
1257	294.196615	295.699219	F4	44	80	0
1258	294.201823	294.920573	Eb4	39	80	0
1259	294.204427	294.339844	C4	33	80	0
1260	294.848958	295.529948	D4	36	80	0
1261	295.135417	295.204427	G4	48	80	0
1262	295.298177	295.335938	A4	54	80	0
1263	295.444010	295.519531	Bb4	57	80	0
1264	295.485677	295.694010	C4	36	80	0
1265	295.496094	295.666667	Eb4	34	80	0
1266	295.592448	295.638021	C5	64	80	0
1267	295.720052	295.843750	D5	62	80	0
1268	295.852865	296.148438	Eb5	66	80	0
1269	296.075521	298.799479	F5	69	80	0
1270	296.125000	296.729167	Bb2	34	80	0
1271	296.804688	297.218750	Bb3	42	80	0
1272	297.454427	298.489583	Bb4	45	80	0
1273	297.455729	298.279948	F4	32	80	0
1274	297.472656	298.158854	D4	34	80	0
1275	297.477865	297.628906	Bb3	30	80	0
1276	298.088542	298.669271	Bb3	38	80	0
1277	298.523438	298.859375	D5	65	80	0
1278	298.786458	300.199219	Bb5	80	80	0
1279	298.824219	301.039062	Bb4	41	80	0
1280	298.858073	299.688802	G4	36	80	0
1281	298.860677	299.259115	Bb3	34	80	0
1282	298.863281	299.848958	Eb4	31	80	0
1283	299.477865	300.549479	Bb3	45	80	0
1284	299.963542	300.182292	G5	62	80	0
1285	300.148438	302.500000	F5	67	80	0
1286	300.200521	301.029948	D4	37	80	0
1287	300.205729	301.128906	F4	37	80	0
1288	300.886719	301.739583	Bb3	50	80	0
1289	301.527344	302.299479	F4	31	80	0
1290	301.532552	302.250000	Bb4	47	80	0
1291	301.562500	302.119792	D4	30	80	0
1292	302.148438	302.688802	Bb3	49	80	0
1293	302.597656	302.807292	D5	66	80	0
1294	302.794271	304.449219	Eb5	69	80	0
1295	302.838542	303.718750	Bb4	44	80	0
1296	302.843750	303.779948	G3	38	80	0
1297	303.555990	304.158854	G4	46	80	0
1298	303.561198	303.750000	Bb3	32	80	0
1299	303.602865	304.059896	Eb3	37	80	0
1300	304.083333	304.450521	C5	62	80	0
1301	304.341146	307.139323	Bb4	58	80	0
1302	304.394531	304.809896	F2	38	80	0
1303	305.036458	305.359375	D4	43	80	0
1304	305.044271	305.269531	Bb3	36	80	0
1305	305.053385	306.059896	F3	33	80	0
1306	305.700521	308.279948	F4	45	80	0
1307	305.733073	306.519531	D4	27	80	0
1308	305.743490	306.539062	Bb3	31	80	0
1309	306.313802	307.339844	F3	34	80	0
1310	306.930990	307.303385	D5	61	80	0
1311	306.977865	307.979167	C4	33	80	0
1312	306.980469	307.579427	A3	35	80	0
1313	307.273438	307.626302	C5	63	80	0
1314	307.592448	307.958333	Bb4	61	80	0
1315	307.644531	308.019531	A3	31	80	0
1316	307.644531	308.378906	F3	36	80	0
1317	307.928385	308.169271	C5	63	80	0
1318	308.476562	309.789062	C5	65	80	0
1319	308.492188	309.989583	A3	46	80	0
1320	308.524740	310.839844	Bb2	39	80	0
1321	309.223958	309.919271	F3	38	80	0
1322	309.686198	310.009115	C#5	62	80	0
1323	309.927083	310.829427	D5	58	80	0
1324	309.934896	310.959635	Bb3	41	80	0
1325	309.963542	310.649740	F3	32	80	0
1326	310.565104	311.343750	D3	51	80	0
1327	311.282552	311.914062	Eb3	43	80	0
1328	311.434896	311.480469	F4	41	80	0
1329	311.572917	311.679688	G4	53	80	0
1330	311.705729	311.769531	A4	64	80	0
1331	311.867188	311.914062	Bb4	55	80	0
1332	311.890625	312.604167	C3	41	80	0
1333	312.019531	312.071615	C5	60	80	0
1334	312.162760	312.213542	D5	64	80	0
1335	312.319010	312.378906	Eb5	64	80	0
1336	312.563802	315.348958	F5	68	80	0
1337	312.574219	313.259115	Bb2	41	80	0
1338	313.270833	313.739583	Bb3	54	80	0
1339	313.604167	314.009115	A4	52	80	0
1340	314.006510	317.449219	Bb4	55	80	0
1341	314.011719	315.119792	F4	43	80	0
1342	314.014323	315.158854	D4	43	80	0
1343	314.585938	315.509115	Bb3	53	80	0
1344	315.042969	315.348958	D5	67	80	0
1345	315.269531	316.639323	Bb5	74	80	0
1346	315.309896	316.019531	G4	34	80	0
1347	315.313802	316.549479	Eb4	34	80	0
1348	315.944010	316.949219	Bb3	46	80	0
1349	316.424479	316.688802	G5	62	80	0
1350	316.621094	318.739583	F5	64	80	0
1351	316.664062	317.628906	D4	36	80	0
1352	316.664062	317.759115	F4	38	80	0
1353	317.338542	317.718750	Bb3	48	80	0
1354	317.662760	318.089844	A4	55	80	0
1355	318.042969	319.039062	Bb4	53	80	0
1356	318.075521	318.899740	F4	30	80	0
1357	318.084635	318.329427	Bb3	34	80	0
1358	318.089844	318.908854	D4	26	80	0
1359	318.773438	319.209635	Bb3	43	80	0
1360	319.355469	319.859375	D5	63	80	0
1361	319.755208	320.292969	F5	68	80	0
1362	319.795573	320.869792	G3	37	80	0
1363	319.796875	320.938802	Bb4	41	80	0
1364	319.799479	320.069010	Bb3	38	80	0
1365	320.233073	321.549479	Eb5	67	80	0
1366	320.604167	321.169271	G4	44	80	0
1367	320.634115	321.938802	Eb3	46	80	0
1368	320.635417	321.059896	Bb3	36	80	0
1369	320.932292	321.509115	C5	67	80	0
1370	321.433594	323.399740	Bb4	58	80	0
1371	321.484375	322.039062	D4	29	80	0
1372	321.493490	322.938802	F3	32	80	0
1373	322.221354	322.718750	D4	34	80	0
1374	322.234375	322.709635	Bb3	35	80	0
1375	322.962240	323.628906	F4	46	80	0
1376	322.976562	323.289062	D4	30	80	0
1377	322.993490	323.229167	Bb3	26	80	0
1378	323.611979	323.769531	D4	48	80	0
1379	323.618490	323.799479	Bb3	49	80	0
1380	324.378906	327.009115	F4	61	80	0
1381	324.384115	325.589844	C4	49	80	0
1382	324.408854	325.000000	A3	39	80	0
1383	324.433594	325.549479	F2	33	80	0
1384	324.434896	326.149740	F1	36	80	0
1385	325.214844	325.779948	A3	39	80	0
1386	325.222656	325.519531	F3	32	80	0
1387	326.231771	326.979167	D4	43	80	0
1388	326.243490	327.079427	Bb3	42	80	0
1389	326.265625	326.815104	F3	29	80	0
1390	326.270833	326.908854	Bb2	34	80	0
1391	327.430990	327.486979	Bb2	35	80	0
1392	327.489583	327.619792	Bb1	37	80	0
1393	327.585938	327.709635	Bb2	46	80	0
1394	328.575521	328.641927	Bb2	36	80	0
1395	328.658854	328.869792	Bb1	32	80	0
1396	328.783854	330.509115	Bb2	27	80	0
1397	328.875000	330.688802	Bb1	32	80	0
1398	329.466146	330.158854	Bb3	51	80	0
1399	330.165365	331.829427	Bb3	58	80	0
1400	331.334635	331.479167	Bb2	30	80	0
1401	331.444010	332.869792	Bb1	34	80	0
1402	331.554688	331.989583	Bb2	37	80	0
1403	331.688802	333.739583	B3	50	80	0
1404	331.725260	334.539062	G#3	41	80	0
1405	331.726562	333.229167	F3	31	80	0
1406	331.735677	331.959635	D3	31	80	0
1407	331.967448	333.029948	D3	21	80	0
1408	332.770833	333.019531	Bb2	29	80	0
1409	332.884115	333.128906	Bb1	35	80	0
1410	333.032552	334.549479	Bb2	28	80	0
1411	333.140625	334.869792	Bb1	31	80	0
1412	333.744792	334.500000	B3	47	80	0
1413	334.513021	337.319010	B3	58	80	0
1414	335.544271	335.750000	Bb2	43	80	0
1415	335.644531	335.899740	Bb1	37	80	0
1416	335.763021	336.279948	Bb2	32	80	0
1417	335.872396	337.429688	D4	60	80	0
1418	335.902344	337.489583	G#3	45	80	0
1419	335.910156	337.059896	F3	36	80	0
1420	335.912760	336.269531	Bb1	37	80	0
1421	336.817708	336.989583	Bb2	33	80	0
1422	336.902344	337.079427	Bb1	39	80	0
1423	336.994792	337.408854	Bb2	45	80	0
1424	337.089844	337.669271	Bb1	48	80	0
1425	337.699219	338.250000	D4	56	80	0
1426	338.397135	339.688802	D4	62	80	0
1427	339.402344	339.529948	Bb2	46	80	0
1428	339.496094	339.899740	Bb1	46	80	0
1429	339.593750	339.718750	Bb2	50	80	0
1430	339.684896	342.489583	F4	63	80	0
1431	339.691406	340.628906	B3	53	80	0
1432	339.696615	340.699219	D4	47	80	0
1433	339.704427	340.709635	G#3	48	80	0
1434	339.727865	339.893229	Bb2	38	80	0
1435	340.567708	340.631510	Bb2	41	80	0
1436	340.673177	340.938802	Bb1	41	80	0
1437	340.746094	341.139323	Bb2	55	80	0
1438	340.893229	342.658854	G#4	70	80	0
1439	340.906250	343.500000	D4	49	80	0
1440	340.932292	342.109375	B3	44	80	0
1441	341.815104	341.877604	Bb2	38	80	0
1442	341.942708	343.000000	Bb1	38	80	0
1443	342.033854	343.179688	Bb2	43	80	0
1444	342.423177	345.250000	B4	80	80	0
1445	343.462240	343.639323	G#3	50	80	0
1446	343.554688	343.819010	Bb2	51	80	0
1447	343.645833	344.289062	G#3	32	80	0
1448	343.785156	345.029948	F4	45	80	0
1449	343.791667	345.500000	G#4	54	80	0
1450	343.805990	344.889323	D4	43	80	0
1451	343.817708	343.829427	Bb3	41	80	0
1452	343.825521	344.688802	Bb2	37	80	0
1453	344.825521	344.906250	G#3	42	80	0
1454	344.955729	345.199219	Bb2	40	80	0
1455	345.097656	345.309896	G#3	48	80	0
1456	345.289062	346.259115	Bb4	61	80	0
1457	345.315104	345.329427	Bb3	38	80	0
1458	345.315104	345.869792	Bb2	32	80	0
1459	345.321615	346.199219	G#3	37	80	0
1460	345.322917	346.688802	D4	39	80	0
1461	345.324219	346.750000	F4	31	80	0
1462	346.010417	347.179688	G#4	59	80	0
1463	346.013021	346.169271	Bb3	38	80	0
1464	346.945312	348.539062	F#4	50	80	0
1465	348.114583	348.175781	Bb2	32	80	0
1466	348.220052	348.539062	Bb1	36	80	0
1467	348.335938	348.639323	Bb2	43	80	0
1468	348.460938	351.289062	G4	49	80	0
1469	348.464844	351.619792	Eb4	34	80	0
1470	348.470052	349.959635	Bb3	39	80	0
1471	349.375000	349.436198	Bb2	31	80	0
1472	349.500000	349.839844	Bb1	27	80	0
1473	349.593750	349.878906	Bb2	38	80	0
1474	350.367188	351.459635	Bb4	59	80	0
1475	350.371094	350.500000	Bb2	32	80	0
1476	350.384115	350.669271	Bb3	33	80	0
1477	351.106771	353.239583	Eb5	75	80	0
1478	351.110677	351.309896	Bb2	44	80	0
1479	352.105469	352.184896	Bb3	51	80	0
1480	352.223958	352.479167	Bb2	44	80	0
1481	352.346354	353.039062	Bb3	51	80	0
1482	352.445312	354.339844	A4	70	80	0
1483	352.453125	355.559896	F#4	62	80	0
1484	352.457031	355.549479	Eb4	57	80	0
1485	353.415365	353.649740	Bb3	51	80	0
1486	353.541667	353.789062	Bb2	48	80	0
1487	353.664062	355.529948	Bb3	38	80	0
1488	353.802083	355.479167	Bb2	42	80	0
1489	353.930990	355.069010	C5	66	80	0
1490	354.635417	355.507812	A4	72	80	0
1491	355.395833	357.500000	C5	56	80	0
1492	356.500000	356.709635	Bb2	35	80	0
1493	356.608073	356.839844	Bb1	33	80	0
1494	356.721354	356.894531	Bb2	39	80	0
1495	356.821615	358.819010	Bb4	56	80	0
1496	356.833333	357.878906	F4	40	80	0
1497	356.869792	357.848958	D4	30	80	0
1498	357.820312	358.019531	Bb2	27	80	0
1499	357.914062	358.329427	Bb1	34	80	0
1500	358.033854	359.169271	Bb2	32	80	0
1501	358.153646	359.438802	G#4	56	80	0
1502	358.177083	359.179688	F4	44	80	0
1503	358.787760	359.789062	D5	72	80	0
1504	359.662760	360.471354	F5	65	80	0
1505	360.403646	362.359375	Eb5	76	80	0
1506	360.785156	360.908854	Bb3	51	80	0
1507	360.897135	361.000000	Bb2	48	80	0
1508	360.997396	361.378906	Bb3	54	80	0
1509	361.104167	361.859375	Bb2	55	80	0
1510	361.104167	361.468750	Bb4	56	80	0
1511	361.105469	361.609375	G4	56	80	0
1512	361.781250	363.123698	A4	69	80	0
1513	361.799479	363.218750	F#4	59	80	0
1514	361.805990	362.069010	Bb3	49	80	0
1515	362.200521	362.459635	Bb3	53	80	0
1516	362.347656	362.519531	Bb2	44	80	0
1517	362.471354	362.789062	Bb3	52	80	0
1518	362.575521	362.739583	Bb2	48	80	0
1519	362.634115	362.639323	Eb3	45	80	0
1520	362.635417	363.122396	C5	69	80	0
1521	362.643229	363.135417	Eb4	52	80	0
1522	363.540365	364.628906	A4	67	80	0
1523	363.583333	364.079427	F#4	47	80	0
1524	363.592448	363.949219	C4	41	80	0
1525	363.923177	364.089844	Bb3	53	80	0
1526	364.058594	364.239583	Bb2	49	80	0
1527	364.207031	364.348958	Bb3	45	80	0
1528	364.575521	366.109375	Bb4	53	80	0
1529	364.584635	364.848958	D4	49	80	0
1530	364.584635	367.339844	Bb3	48	80	0
1531	364.587240	364.598958	F3	42	80	0
1532	364.593750	365.468750	F4	42	80	0
1533	364.596354	365.919271	D3	45	80	0
1534	364.605469	367.878906	Bb2	41	80	0
1535	365.893229	366.250000	Eb3	47	80	0
1536	365.895833	366.169271	C3	43	80	0
1537	366.125000	367.759115	F3	40	80	0
1538	366.126302	367.669271	D3	38	80	0
1539	367.623698	368.729167	C3	39	80	0
1540	367.648438	368.839844	Eb3	43	80	0
1541	367.794271	367.841146	F4	61	80	0
1542	367.947917	368.006510	E4	58	80	0
1543	368.083333	368.126302	F4	61	80	0
1544	368.233073	368.277344	G4	55	80	0
1545	368.355469	368.404948	A4	63	80	0
1546	368.515625	368.619792	Bb4	55	80	0
1547	368.641927	368.855469	C5	66	80	0
1548	368.842448	370.029948	D5	68	80	0
1549	368.878906	371.079427	F4	40	80	0
1550	368.881510	370.059896	Bb3	40	80	0
1551	368.903646	370.069010	Bb2	34	80	0
1552	368.906250	370.089844	D3	34	80	0
1553	370.006510	370.369792	Eb5	65	80	0
1554	370.042969	370.348958	C5	54	80	0
1555	370.214844	371.250000	F5	64	80	0
1556	370.214844	370.348958	Bb2	39	80	0
1557	370.216146	371.149740	D5	56	80	0
1558	371.473958	372.899740	Eb5	71	80	0
1559	371.514323	372.649740	C5	54	80	0
1560	371.516927	372.709635	F4	45	80	0
1561	371.518229	371.529948	F3	39	80	0
1562	371.664062	371.789062	F3	46	80	0
1563	371.800781	371.845052	E3	57	80	0
1564	371.947917	372.789062	F3	53	80	0
1565	372.097656	372.149740	G3	59	80	0
1566	372.244792	372.332031	A3	59	80	0
1567	372.411458	372.464844	Bb3	62	80	0
1568	372.561198	372.859375	C4	57	80	0
1569	372.804688	374.539062	D5	66	80	0
1570	372.804688	374.229167	D4	57	80	0
1571	372.813802	374.429688	Bb4	54	80	0
1572	372.825521	374.250000	F4	40	80	0
1573	372.835938	374.299479	Bb3	45	80	0
1574	374.183594	374.527344	Eb4	56	80	0
1575	374.195312	374.468750	C4	52	80	0
1576	374.411458	377.500000	F4	56	80	0
1577	374.414062	375.789062	D4	45	80	0
1578	376.138021	378.649740	Bb1	57	80	0
1579	378.300781	382.339844	A1	39	80	0
1580	383.924479	384.968750	C6	73	80	0
1581	384.954427	385.044271	D6	66	80	0
1582	385.023438	385.082031	C6	65	80	0
1583	385.087240	385.279948	B5	67	80	0
1584	385.169271	385.579427	C6	68	80	0
1585	385.355469	385.643229	D6	73	80	0
1586	385.596354	386.319010	Eb6	72	80	0
1587	387.069010	389.109375	F#4	69	80	0
1588	387.106771	389.009115	Eb4	47	80	0
1589	387.126302	388.169271	Bb3	40	80	0
1590	387.127604	388.059896	C4	41	80	0
1591	388.997396	391.899740	F4	44	80	0
1592	389.019531	391.509115	Eb4	35	80	0
1593	389.022135	391.848958	C4	33	80	0
1594	389.029948	391.729167	A3	33	80	0
1595	392.337240	392.432292	G4	43	80	0
1596	392.459635	392.513021	F4	48	80	0
1597	392.546875	392.635417	E4	49	80	0
1598	392.644531	392.729167	F4	48	80	0
1599	392.707031	392.787760	G4	63	80	0
1600	392.804688	392.867188	A4	62	80	0
1601	392.871094	392.908854	Bb4	62	80	0
1602	392.929688	393.013021	C5	69	80	0
1603	392.993490	393.059896	D5	59	80	0
1604	393.066406	393.140625	Eb5	65	80	0
1605	393.145833	393.218750	F5	67	80	0
1606	393.210938	393.294271	G5	63	80	0
1607	393.277344	393.343750	A5	70	80	0
1608	393.347656	393.446615	Bb5	73	80	0
1609	393.436198	394.079427	C6	73	80	0
1610	394.234375	394.303385	D6	68	80	0
1611	394.298177	394.408854	C6	74	80	0
1612	394.345052	394.479167	B5	80	80	0
1613	394.416667	394.584635	C6	72	80	0
1614	394.572917	394.804688	D6	79	80	0
1615	394.773438	395.309896	Eb6	79	80	0
1616	395.895833	397.109375	Eb5	78	80	0
1617	395.907552	397.229167	C5	68	80	0
1618	395.923177	397.279948	A4	67	80	0
1619	395.932292	396.769531	C4	54	80	0
1620	395.933594	396.688802	Eb4	56	80	0
1621	395.934896	396.829427	F#3	45	80	0
1622	397.134115	397.979167	D5	72	80	0
1623	397.153646	397.848958	Bb4	61	80	0
1624	397.174479	397.873698	Bb3	47	80	0
1625	397.174479	397.919271	D4	43	80	0
1626	397.183594	397.867188	G3	40	80	0
1627	398.464844	401.468750	G5	88	80	0
1628	399.118490	399.539062	Bb3	68	80	0
1629	399.118490	399.541667	C#4	64	80	0
1630	399.122396	399.299479	E3	64	80	0
1631	399.873698	399.970052	C#5	68	80	0
1632	399.873698	399.989583	Bb3	54	80	0
1633	399.873698	399.972656	Bb4	71	80	0
1634	399.873698	401.000000	G4	64	80	0
1635	401.493490	403.253906	F5	70	80	0
1636	402.234375	402.432292	Bb3	46	80	0
1637	402.236979	402.432292	D4	43	80	0
1638	402.242188	402.434896	F3	36	80	0
1639	403.016927	403.199219	Bb3	35	80	0
1640	403.019531	403.247396	D5	48	80	0
1641	403.020833	403.251302	Bb4	44	80	0
1642	403.026042	403.243490	F4	32	80	0
1643	403.803385	403.975260	F1	30	80	0
1644	404.602865	404.906250	A4	38	80	0
1645	404.611979	405.029948	Eb4	30	80	0
1646	404.615885	404.903646	C4	30	80	0
1647	405.411458	405.708333	F2	28	80	0
1648	405.416667	405.710938	F3	28	80	0
1649	406.345052	410.128906	Bb2	36	80	0
1650	406.352865	410.250000	Bb1	38	80	0
1651	406.354167	406.658854	Bb3	37	80	0
1652	406.364583	406.369792	D4	30	80	0
1653	407.247396	407.789062	F5	61	80	0
1654	407.292969	407.500000	Bb3	29	80	0
1655	407.295573	407.309896	F3	28	80	0
1656	407.296875	408.139323	F4	29	80	0
1657	407.953125	408.628906	D5	65	80	0
1658	407.984375	408.959635	D4	37	80	0
1659	408.587240	409.378906	B4	67	80	0
1660	408.630208	409.209635	B3	36	80	0
1661	409.199219	409.929688	Bb4	63	80	0
1662	409.222656	409.649740	Bb3	55	80	0
1663	409.822917	410.279948	G#4	70	80	0
1664	409.854167	410.128906	G#3	47	80	0
1665	409.855469	410.069010	Bb3	49	80	0
1666	410.537760	411.459635	G4	57	80	0
1667	410.545573	411.479167	G3	48	80	0
1668	410.562500	414.679688	Bb2	39	80	0
1669	410.574219	412.500000	Bb1	37	80	0
1670	411.333333	411.739583	Bb4	67	80	0
1671	411.350260	411.739583	Bb3	57	80	0
1672	411.984375	413.529948	Eb4	53	80	0
1673	412.000000	413.869792	Eb3	53	80	0
1674	412.641927	414.679688	G4	71	80	0
1675	412.661458	413.759115	G3	50	80	0
1676	413.246094	414.309896	C4	56	80	0
1677	413.269531	414.369792	C3	52	80	0
1678	413.863281	414.718750	F4	53	80	0
1679	413.888021	414.459635	F3	39	80	0
1680	414.235677	414.779948	Eb4	61	80	0
1681	414.259115	415.348958	Eb3	56	80	0
1682	414.694010	417.500000	Bb2	43	80	0
1683	414.696615	415.489583	D4	58	80	0
1684	414.700521	414.709635	Bb3	51	80	0
1685	415.348958	416.269531	F4	55	80	0
1686	415.960938	416.709635	D4	60	80	0
1687	415.967448	416.188802	Bb3	43	80	0
1688	416.579427	417.389323	D5	74	80	0
1689	416.583333	417.339844	B3	53	80	0
1690	417.213542	418.339844	Bb3	66	80	0
1691	417.832031	417.914062	D5	63	80	0
1692	417.834635	418.399740	G#3	53	80	0
1693	417.925781	417.984375	Eb5	61	80	0
1694	418.020833	418.076823	D5	54	80	0
1695	418.104167	418.218750	Eb5	63	80	0
1696	418.184896	418.244792	D5	61	80	0
1697	418.278646	418.359375	C5	62	80	0
1698	418.372396	418.589844	D5	65	80	0
1699	418.546875	419.479167	F5	65	80	0
1700	418.584635	421.959635	Bb2	46	80	0
1701	418.587240	419.595052	G3	47	80	0
1702	419.345052	420.509115	Eb5	62	80	0
1703	419.354167	421.859375	Bb3	50	80	0
1704	419.992188	421.079427	Eb3	50	80	0
1705	420.683594	423.119792	Eb5	59	80	0
1706	420.695312	421.549479	G3	51	80	0
1707	421.406250	422.559896	C3	40	80	0
1708	421.563802	421.750000	G3	27	80	0
1709	422.085938	422.098958	C4	35	80	0
1710	422.095052	422.221354	A4	51	80	0
1711	422.105469	422.769531	F3	37	80	0
1712	422.250000	422.341146	Bb4	48	80	0
1713	422.368490	422.453125	A4	48	80	0
1714	422.488281	422.574219	Bb4	49	80	0
1715	422.541667	423.059896	Eb3	40	80	0
1716	422.613281	422.664062	A4	49	80	0
1717	422.704427	422.809896	G4	47	80	0
1718	422.852865	423.079427	A4	52	80	0
1719	423.014323	424.218750	Bb4	52	80	0
1720	423.040365	423.829427	Bb3	41	80	0
1721	423.054688	424.319010	Bb2	37	80	0
1722	423.054688	423.908854	D3	37	80	0
1723	423.718750	424.065104	F3	36	80	0
1724	424.098958	424.419271	Bb3	43	80	0
1725	424.098958	424.679688	Eb3	46	80	0
1726	424.102865	424.628906	A4	46	80	0
1727	424.570312	425.339844	Bb4	51	80	0
1728	424.578125	424.979167	Bb3	45	80	0
1729	424.582031	424.688802	F3	37	80	0
1730	424.583333	425.929688	Bb2	41	80	0
1731	424.583333	425.378906	D3	41	80	0
1732	425.274740	426.209635	F3	37	80	0
1733	425.647135	426.299479	C5	55	80	0
1734	425.673177	426.209635	Eb3	42	80	0
1735	425.687500	426.209635	A4	35	80	0
1736	426.144531	427.399740	D5	62	80	0
1737	426.162760	427.009115	Bb4	51	80	0
1738	426.182292	427.389323	D3	39	80	0
1739	426.184896	426.489583	Bb3	41	80	0
1740	426.194010	427.779948	Bb2	38	80	0
1741	426.936198	427.649740	F3	40	80	0
1742	427.445312	428.269531	A5	66	80	0
1743	427.484375	428.059896	Eb3	41	80	0
1744	427.494792	427.718750	C5	40	80	0
1745	428.135417	429.589844	Bb5	69	80	0
1746	428.164062	428.169271	Bb4	45	80	0
1747	428.165365	429.501302	Bb2	37	80	0
1748	428.166667	429.494792	D3	36	80	0
1749	428.167969	429.079427	D5	41	80	0
1750	429.213542	430.348958	D6	75	80	0
1751	430.148438	430.529948	C6	73	80	0
1752	430.544271	433.688802	C6	67	80	0
1753	433.385417	435.369792	Bb5	64	80	0
1754	434.946615	436.319010	Bb1	35	80	0
#SusPed	0.657552	79	0
#SusPed	5.929688	0	0
#SusPed	5.936198	70	0
#SusPed	6.348958	0	0
#SusPed	6.356771	46	0
#SusPed	7.709635	0	0
#SusPed	7.722656	73	0
#SusPed	10.239583	0	0
#SusPed	10.244792	59	0
#SusPed	11.239583	0	0
#SusPed	11.251302	74	0
#SofPed	11.500000	97	0
#SofPed	11.549479	0	0
#SofPed	11.555990	99	0
#SofPed	12.579427	0	0
#SofPed	12.593750	93	0
#SusPed	14.049479	0	0
#SusPed	14.061198	75	0
#SusPed	14.468750	0	0
#SusPed	14.483073	53	0
#SusPed	15.408854	0	0
#SusPed	15.415365	59	0
#SusPed	15.859375	0	0
#SusPed	15.869792	74	0
#SusPed	15.968750	0	0
#SusPed	15.975260	81	0
#SusPed	17.309896	0	0
#SusPed	17.320312	72	0
#SofPed	17.500000	0	0
#SusPed	18.519531	0	0
#SusPed	18.524740	67	0
#SusPed	19.279948	0	0
#SusPed	19.292969	61	0
#SofPed	20.373698	89	0
#SofPed	20.729167	0	0
#SofPed	20.735677	112	0
#SofPed	20.829427	0	0
#SofPed	20.838542	108	0
#SofPed	21.188802	0	0
#SofPed	21.195312	73	0
#SofPed	21.279948	0	0
#SofPed	21.292969	69	0
#SofPed	21.359375	0	0
#SofPed	21.372396	67	0
#SofPed	21.429688	0	0
#SofPed	21.434896	68	0
#SofPed	21.598958	0	0
#SofPed	21.604167	79	0
#SusPed	21.639323	0	0
#SusPed	21.648438	67	0
#SofPed	21.809896	0	0
#SofPed	21.821615	80	0
#SusPed	22.408854	0	0
#SusPed	22.415365	76	0
#SusPed	23.109375	0	0
#SusPed	23.117188	64	0
#SusPed	23.509115	0	0
#SusPed	23.515625	86	0
#SofPed	23.549479	0	0
#SofPed	23.557292	89	0
#SusPed	24.408854	0	0
#SusPed	24.415365	94	0
#SusPed	24.639323	0	0
#SusPed	24.645833	60	0
#SusPed	24.938802	0	0
#SusPed	24.945312	68	0
#SusPed	26.119792	0	0
#SusPed	26.132812	97	0
#SusPed	26.688802	0	0
#SusPed	26.701823	66	0
#SusPed	27.529948	0	0
#SusPed	27.544271	89	0
#SusPed	27.839844	0	0
#SusPed	27.852865	67	0
#SofPed	28.209635	0	0
#SofPed	28.223958	82	0
#SusPed	28.259115	0	0
#SusPed	28.265625	72	0
#SusPed	28.468750	0	0
#SusPed	28.475260	65	0
#SofPed	28.938802	0	0
#SofPed	28.953125	92	0
#SusPed	28.959635	0	0
#SusPed	28.964844	75	0
#SusPed	29.229167	0	0
#SusPed	29.238281	74	0
#SofPed	29.389323	0	0
#SofPed	29.403646	94	0
#SofPed	29.429688	0	0
#SofPed	29.442708	92	0
#SusPed	29.649740	0	0
#SusPed	29.662760	82	0
#SofPed	29.688802	0	0
#SofPed	29.700521	88	0
#SusPed	29.959635	0	0
#SusPed	29.971354	78	0
#SofPed	30.128906	0	0
#SofPed	30.135417	79	0
#SusPed	30.438802	0	0
#SusPed	30.453125	90	0
#SofPed	30.500000	0	0
#SofPed	30.507812	94	0
#SusPed	30.649740	0	0
#SofPed	30.649740	0	0
#SofPed	30.658854	101	0
#SusPed	30.662760	70	0
#SofPed	30.718750	0	0
#SofPed	30.734375	101	0
#SofPed	30.848958	0	0
#SofPed	30.855469	100	0
#SofPed	30.929688	0	0
#SofPed	30.938802	97	0
#SofPed	31.009115	0	0
#SofPed	31.022135	93	0
#SofPed	31.069010	0	0
#SofPed	31.076823	93	0
#SusPed	31.329427	0	0
#SusPed	31.341146	61	0
#SofPed	31.359375	0	0
#SofPed	31.364583	97	0
#SofPed	31.579427	0	0
#SofPed	31.589844	107	0
#SusPed	31.609375	0	0
#SusPed	31.623698	76	0
#SusPed	32.369792	0	0
#SusPed	32.375000	65	0
#SofPed	32.500000	0	0
#SofPed	32.514323	106	0
#SusPed	32.968750	0	0
#SusPed	32.976562	73	0
#SofPed	33.169271	0	0
#SofPed	33.175781	83	0
#SofPed	33.479167	0	0
#SofPed	33.484375	79	0
#SusPed	33.609375	0	0
#SusPed	33.621094	69	0
#SusPed	34.408854	0	0
#SusPed	34.424479	39	0
#SusPed	34.549479	0	0
#SusPed	34.554688	40	0
#SusPed	34.619792	0	0
#SusPed	34.634115	40	0
#SusPed	34.779948	0	0
#SusPed	34.783854	47	0
#SofPed	34.809896	0	0
#SusPed	34.819010	0	0
#SofPed	34.821615	99	0
#SusPed	34.829427	52	0
#SofPed	34.908854	0	0
#SofPed	34.921875	96	0
#SofPed	35.029948	0	0
#SofPed	35.033854	99	0
#SusPed	35.319010	0	0
#SusPed	35.329427	57	0
#SusPed	35.559896	0	0
#SusPed	35.571615	78	0
#SofPed	35.609375	0	0
#SofPed	35.614583	76	0
#SofPed	36.049479	0	0
#SofPed	36.055990	71	0
#SusPed	36.179688	0	0
#SusPed	36.194010	80	0
#SofPed	36.218750	0	0
#SofPed	36.225260	82	0
#SofPed	36.369792	0	0
#SofPed	36.384115	87	0
#SofPed	36.579427	0	0
#SofPed	36.592448	89	0
#SusPed	36.619792	0	0
#SusPed	36.631510	70	0
#SusPed	37.549479	0	0
#SusPed	37.555990	69	0
#SusPed	37.759115	0	0
#SusPed	37.764323	55	0
#SusPed	38.079427	0	0
#SusPed	38.089844	64	0
#SusPed	38.829427	0	0
#SusPed	38.835938	80	0
#SusPed	39.269531	0	0
#SusPed	39.282552	70	0
#SusPed	40.359375	0	0
#SusPed	40.365885	78	0
#SusPed	40.658854	0	0
#SusPed	40.673177	63	0
#SusPed	41.959635	0	0
#SusPed	41.971354	67	0
#SofPed	42.259115	0	0
#SofPed	42.268229	86	0
#SusPed	42.729167	0	0
#SusPed	42.736979	63	0
#SofPed	42.759115	0	0
#SofPed	42.766927	99	0
#SofPed	42.869792	0	0
#SofPed	42.875000	108	0
#SusPed	42.949219	0	0
#SusPed	42.954427	43	0
#SofPed	43.389323	0	0
#SofPed	43.397135	94	0
#SusPed	43.489583	0	0
#SusPed	43.494792	77	0
#SofPed	43.579427	0	0
#SofPed	43.593750	96	0
#SofPed	44.609375	0	0
#SofPed	44.623698	93	0
#SusPed	44.709635	0	0
#SusPed	44.718750	58	0
#SofPed	45.098958	0	0
#SofPed	45.109375	104	0
#SusPed	45.179688	0	0
#SusPed	45.192708	77	0
#SusPed	46.359375	0	0
#SusPed	46.367188	66	0
#SusPed	46.750000	0	0
#SusPed	46.760417	62	0
#SofPed	47.098958	0	0
#SofPed	47.110677	98	0
#SofPed	48.000000	0	0
#SofPed	48.009115	79	0
#SusPed	49.329427	0	0
#SusPed	49.342448	59	0
#SusPed	49.559896	0	0
#SusPed	49.567708	85	0
#SofPed	49.609375	0	0
#SofPed	49.622396	65	0
#SofPed	49.878906	0	0
#SofPed	49.886719	62	0
#SofPed	50.009115	0	0
#SofPed	50.022135	65	0
#SofPed	50.089844	0	0
#SofPed	50.104167	71	0
#SofPed	50.399740	0	0
#SofPed	50.414062	73	0
#SusPed	50.619792	0	0
#SusPed	50.625000	64	0
#SusPed	51.000000	0	0
#SusPed	51.011719	76	0
#SofPed	51.139323	0	0
#SofPed	51.149740	100	0
#SofPed	51.699219	0	0
#SofPed	51.705729	103	0
#SofPed	51.968750	0	0
#SofPed	51.979167	106	0
#SusPed	52.199219	0	0
#SusPed	52.212240	57	0
#SusPed	52.339844	0	0
#SusPed	52.348958	78	0
#SusPed	53.378906	0	0
#SusPed	53.385417	81	0
#SusPed	53.839844	0	0
#SusPed	53.845052	54	0
#SusPed	54.709635	0	0
#SusPed	54.721354	75	0
#SusPed	54.750000	0	0
#SusPed	54.759115	66	0
#SusPed	55.250000	0	0
#SofPed	55.259115	0	0
#SusPed	55.263021	73	0
#SofPed	55.273438	113	0
#SofPed	55.339844	0	0
#SofPed	55.346354	112	0
#SofPed	55.869792	0	0
#SofPed	55.884115	112	0
#SusPed	55.899740	0	0
#SusPed	55.904948	79	0
#SusPed	56.179688	0	0
#SusPed	56.186198	69	0
#SofPed	56.339844	0	0
#SofPed	56.347656	111	0
#SusPed	57.188802	0	0
#SusPed	57.195312	65	0
#SusPed	57.369792	0	0
#SusPed	57.382812	67	0
#SofPed	57.649740	0	0
#SofPed	57.657552	100	0
#SofPed	57.819010	0	0
#SofPed	57.833333	102	0
#SofPed	57.949219	0	0
#SofPed	57.959635	101	0
#SofPed	58.229167	0	0
#SofPed	58.235677	107	0
#SusPed	58.468750	0	0
#SusPed	58.476562	70	0
#SusPed	58.739583	0	0
#SusPed	58.748698	75	0
#SofPed	58.929688	0	0
#SofPed	58.934896	99	0
#SofPed	59.598958	0	0
#SofPed	59.605469	83	0
#SusPed	59.649740	0	0
#SusPed	59.662760	83	0
#SofPed	60.039062	0	0
#SofPed	60.046875	78	0
#SusPed	60.878906	0	0
#SusPed	60.893229	78	0
#SusPed	61.289062	0	0
#SusPed	61.298177	72	0
#SofPed	61.399740	0	0
#SofPed	61.414062	97	0
#SusPed	61.649740	0	0
#SusPed	61.654948	65	0
#SofPed	61.669271	0	0
#SofPed	61.677083	94	0
#SusPed	62.529948	0	0
#SusPed	62.535156	96	0
#SusPed	63.229167	0	0
#SofPed	63.239583	0	0
#SusPed	63.243490	87	0
#SofPed	63.253906	101	0
#SusPed	63.339844	0	0
#SusPed	63.345052	54	0
#SofPed	63.468750	0	0
#SofPed	63.480469	95	0
#SusPed	63.739583	0	0
#SusPed	63.753906	67	0
#SusPed	64.369792	0	0
#SusPed	64.381510	58	0
#SofPed	64.489583	0	0
#SofPed	64.496094	93	0
#SofPed	64.750000	0	0
#SofPed	64.756510	106	0
#SofPed	64.878906	0	0
#SofPed	64.885417	111	0
#SusPed	64.929688	0	0
#SusPed	64.942708	58	0
#SusPed	66.279948	0	0
#SusPed	66.290365	52	0
#SusPed	66.679688	0	0
#SusPed	66.684896	73	0
#SofPed	66.859375	0	0
#SofPed	66.873698	83	0
#SusPed	67.449219	0	0
#SusPed	67.458333	67	0
#SofPed	67.459635	0	0
#SofPed	67.470052	93	0
#SofPed	67.718750	0	0
#SusPed	67.729167	0	0
#SofPed	67.734375	100	0
#SusPed	67.738281	61	0
#SofPed	67.859375	0	0
#SofPed	67.872396	109	0
#SofPed	67.979167	0	0
#SofPed	67.985677	112	0
#SofPed	68.149740	0	0
#SofPed	68.158854	106	0
#SusPed	68.169271	0	0
#SusPed	68.178385	54	0
#SusPed	68.669271	0	0
#SusPed	68.675781	56	0
#SusPed	68.839844	0	0
#SusPed	68.848958	60	0
#SusPed	70.109375	0	0
#SusPed	70.114583	57	0
#SusPed	70.229167	0	0
#SusPed	70.234375	51	0
#SusPed	70.468750	0	0
#SusPed	70.476562	54	0
#SusPed	70.899740	0	0
#SusPed	70.908854	59	0
#SusPed	71.209635	0	0
#SusPed	71.214844	60	0
#SusPed	71.389323	0	0
#SusPed	71.395833	61	0
#SusPed	71.489583	0	0
#SusPed	71.500000	64	0
#SusPed	71.799479	0	0
#SusPed	71.811198	64	0
#SusPed	72.438802	0	0
#SusPed	72.454427	69	0
#SusPed	72.489583	0	0
#SusPed	72.503906	68	0
#SusPed	72.529948	0	0
#SusPed	72.540365	69	0
#SofPed	72.639323	0	0
#SofPed	72.653646	99	0
#SusPed	72.658854	0	0
#SusPed	72.669271	72	0
#SofPed	72.769531	0	0
#SofPed	72.783854	104	0
#SusPed	73.158854	0	0
#SusPed	73.165365	60	0
#SofPed	73.449219	0	0
#SofPed	73.458333	81	0
#SofPed	73.559896	0	0
#SofPed	73.569010	71	0
#SusPed	74.079427	0	0
#SofPed	74.079427	0	0
#SofPed	74.087240	87	0
#SusPed	74.087240	82	0
#SusPed	74.289062	0	0
#SusPed	74.300781	58	0
#SofPed	74.329427	0	0
#SofPed	74.335938	85	0
#SofPed	74.509115	0	0
#SofPed	74.515625	86	0
#SusPed	74.598958	0	0
#SusPed	74.610677	75	0
#SofPed	74.688802	0	0
#SofPed	74.697917	82	0
#SofPed	74.899740	0	0
#SofPed	74.906250	87	0
#SofPed	75.209635	0	0
#SofPed	75.214844	91	0
#SusPed	75.250000	0	0
#SusPed	75.256510	84	0
#SusPed	75.389323	0	0
#SofPed	75.399740	0	0
#SusPed	75.402344	71	0
#SofPed	75.414062	87	0
#SofPed	75.609375	0	0
#SofPed	75.615885	96	0
#SusPed	76.339844	0	0
#SusPed	76.354167	88	0
#SofPed	76.399740	0	0
#SofPed	76.414062	102	0
#SusPed	76.459635	0	0
#SusPed	76.467448	72	0
#SofPed	76.539062	0	0
#SofPed	76.553385	96	0
#SofPed	76.979167	0	0
#SusPed	77.968750	0	0
#SusPed	77.983073	68	0
#SusPed	78.489583	0	0
#SusPed	78.501302	72	0
#SusPed	79.279948	0	0
#SusPed	79.292969	59	0
#SusPed	79.949219	0	0
#SusPed	79.957031	70	0
#SusPed	80.908854	0	0
#SusPed	80.923177	70	0
#SofPed	80.944010	101	0
#SusPed	80.949219	0	0
#SusPed	80.955729	69	0
#SofPed	81.039062	0	0
#SofPed	81.052083	103	0
#SofPed	81.209635	0	0
#SofPed	81.223958	108	0
#SusPed	81.259115	0	0
#SusPed	81.265625	70	0
#SusPed	82.059896	0	0
#SusPed	82.071615	100	0
#SofPed	82.239583	0	0
#SofPed	82.251302	114	0
#SusPed	82.259115	0	0
#SusPed	82.265625	101	0
#SofPed	82.329427	0	0
#SofPed	82.342448	114	0
#SofPed	82.489583	0	0
#SofPed	82.503906	114	0
#SofPed	82.559896	0	0
#SofPed	82.567708	110	0
#SofPed	82.628906	0	0
#SofPed	82.636719	110	0
#SofPed	82.739583	0	0
#SofPed	82.753906	109	0
#SofPed	82.839844	0	0
#SofPed	82.848958	106	0
#SusPed	83.049479	0	0
#SusPed	83.062500	70	0
#SofPed	83.098958	0	0
#SofPed	83.114583	98	0
#SusPed	83.339844	0	0
#SusPed	83.346354	69	0
#SofPed	83.408854	0	0
#SofPed	83.414062	98	0
#SofPed	83.769531	0	0
#SofPed	83.779948	93	0
#SofPed	84.009115	0	0
#SofPed	84.018229	87	0
#SusPed	84.029948	0	0
#SusPed	84.037760	68	0
#SofPed	84.079427	0	0
#SofPed	84.091146	90	0
#SusPed	84.519531	0	0
#SusPed	84.527344	81	0
#SofPed	84.729167	0	0
#SofPed	84.742188	100	0
#SofPed	85.049479	0	0
#SofPed	85.061198	92	0
#SofPed	85.449219	0	0
#SofPed	85.463542	101	0
#SusPed	85.509115	0	0
#SusPed	85.515625	78	0
#SusPed	86.769531	0	0
#SusPed	86.783854	75	0
#SusPed	87.218750	0	0
#SusPed	87.234375	72	0
#SusPed	87.759115	0	0
#SusPed	87.772135	65	0
#SusPed	88.019531	0	0
#SusPed	88.033854	73	0
#SusPed	88.688802	0	0
#SusPed	88.696615	67	0
#SusPed	88.848958	0	0
#SusPed	88.854167	71	0
#SusPed	89.339844	0	0
#SusPed	89.354167	67	0
#SusPed	89.579427	0	0
#SusPed	89.593750	71	0
#SofPed	89.779948	0	0
#SofPed	89.790365	107	0
#SofPed	90.239583	0	0
#SofPed	90.253906	104	0
#SusPed	90.459635	0	0
#SusPed	90.471354	51	0
#SofPed	90.519531	0	0
#SofPed	90.533854	107	0
#SofPed	90.658854	0	0
#SofPed	90.665365	106	0
#SusPed	91.468750	0	0
#SusPed	91.475260	63	0
#SofPed	91.529948	0	0
#SofPed	91.541667	94	0
#SusPed	91.779948	0	0
#SusPed	91.786458	81	0
#SofPed	91.809896	0	0
#SofPed	91.824219	97	0
#SusPed	92.509115	0	0
#SusPed	92.518229	65	0
#SofPed	92.549479	0	0
#SofPed	92.562500	96	0
#SusPed	92.739583	0	0
#SusPed	92.744792	59	0
#SusPed	93.309896	0	0
#SusPed	93.316406	68	0
#SusPed	93.669271	0	0
#SusPed	93.682292	71	0
#SusPed	94.069010	0	0
#SusPed	94.079427	75	0
#SofPed	94.309896	0	0
#SofPed	94.320312	104	0
#SofPed	94.369792	0	0
#SofPed	94.377604	104	0
#SofPed	94.479167	0	0
#SofPed	94.489583	105	0
#SusPed	94.628906	0	0
#SusPed	94.636719	70	0
#SofPed	94.639323	0	0
#SofPed	94.652344	106	0
#SusPed	94.859375	0	0
#SusPed	94.867188	71	0
#SofPed	94.908854	0	0
#SofPed	94.919271	103	0
#SofPed	95.259115	0	0
#SofPed	95.264323	94	0
#SusPed	95.289062	0	0
#SusPed	95.302083	66	0
#SusPed	95.489583	0	0
#SofPed	95.489583	0	0
#SofPed	95.496094	86	0
#SusPed	95.502604	69	0
#SofPed	95.899740	0	0
#SofPed	95.912760	92	0
#SusPed	95.959635	0	0
#SusPed	95.966146	68	0
#SusPed	96.199219	0	0
#SusPed	96.205729	69	0
#SofPed	96.239583	0	0
#SofPed	96.244792	96	0
#SofPed	96.479167	0	0
#SofPed	96.488281	104	0
#SofPed	96.539062	0	0
#SofPed	96.550781	106	0
#SofPed	96.679688	0	0
#SofPed	96.686198	109	0
#SofPed	96.869792	0	0
#SofPed	96.884115	115	0
#SusPed	96.899740	0	0
#SusPed	96.911458	76	0
#SusPed	97.039062	0	0
#SusPed	97.052083	67	0
#SofPed	97.059896	0	0
#SofPed	97.069010	116	0
#SusPed	97.299479	0	0
#SusPed	97.305990	66	0
#SofPed	97.598958	0	0
#SofPed	97.605469	112	0
#SusPed	97.639323	0	0
#SusPed	97.654948	72	0
#SusPed	97.829427	0	0
#SofPed	97.829427	0	0
#SusPed	97.837240	67	0
#SofPed	97.843750	98	0
#SofPed	98.098958	0	0
#SofPed	98.114583	94	0
#SofPed	98.188802	0	0
#SofPed	98.204427	95	0
#SusPed	98.299479	0	0
#SusPed	98.312500	51	0
#SusPed	98.468750	0	0
#SusPed	98.475260	71	0
#SofPed	98.549479	0	0
#SofPed	98.555990	92	0
#SusPed	98.899740	0	0
#SusPed	98.904948	70	0
#SofPed	99.119792	0	0
#SusPed	99.128906	0	0
#SofPed	99.130208	94	0
#SusPed	99.143229	70	0
#SofPed	99.489583	0	0
#SofPed	99.494792	99	0
#SusPed	99.549479	0	0
#SusPed	99.563802	78	0
#SofPed	99.789062	0	0
#SofPed	99.795573	106	0
#SusPed	99.819010	0	0
#SusPed	99.833333	70	0
#SofPed	100.408854	0	0
#SofPed	100.421875	95	0
#SusPed	100.628906	0	0
#SusPed	100.635417	63	0
#SofPed	100.639323	0	0
#SofPed	100.653646	99	0
#SusPed	100.889323	0	0
#SusPed	100.895833	80	0
#SofPed	101.059896	0	0
#SofPed	101.067708	99	0
#SofPed	101.098958	0	0
#SofPed	101.105469	98	0
#SofPed	101.218750	0	0
#SofPed	101.227865	98	0
#SusPed	101.269531	0	0
#SusPed	101.282552	69	0
#SofPed	101.408854	0	0
#SofPed	101.415365	93	0
#SofPed	101.679688	0	0
#SofPed	101.692708	94	0
#SofPed	101.819010	0	0
#SofPed	101.833333	90	0
#SusPed	101.889323	0	0
#SusPed	101.903646	64	0
#SusPed	102.109375	0	0
#SusPed	102.122396	83	0
#SofPed	102.139323	0	0
#SofPed	102.152344	78	0
#SofPed	102.449219	0	0
#SofPed	102.455729	80	0
#SusPed	102.509115	0	0
#SusPed	102.519531	68	0
#SofPed	102.729167	0	0
#SofPed	102.734375	89	0
#SusPed	102.750000	0	0
#SusPed	102.755208	80	0
#SofPed	103.069010	0	0
#SofPed	103.084635	88	0
#SofPed	103.169271	0	0
#SofPed	103.182292	90	0
#SusPed	103.199219	0	0
#SusPed	103.207031	76	0
#SusPed	103.479167	0	0
#SusPed	103.490885	81	0
#SofPed	103.500000	0	0
#SofPed	103.503906	98	0
#SofPed	103.938802	0	0
#SofPed	103.945312	106	0
#SofPed	104.089844	0	0
#SofPed	104.096354	97	0
#SofPed	104.269531	0	0
#SofPed	104.274740	99	0
#SusPed	104.289062	0	0
#SusPed	104.303385	82	0
#SofPed	104.329427	0	0
#SofPed	104.341146	96	0
#SusPed	104.519531	0	0
#SusPed	104.533854	71	0
#SofPed	104.549479	0	0
#SofPed	104.562500	89	0
#SofPed	104.908854	0	0
#SofPed	104.919271	72	0
#SusPed	104.989583	0	0
#SusPed	105.002604	72	0
#SusPed	105.239583	0	0
#SusPed	105.244792	75	0
#SofPed	105.259115	0	0
#SofPed	105.270833	82	0
#SofPed	105.348958	0	0
#SofPed	105.354167	79	0
#SofPed	105.419271	0	0
#SofPed	105.425781	74	0
#SofPed	105.509115	0	0
#SofPed	105.516927	77	0
#SusPed	105.649740	0	0
#SusPed	105.664062	79	0
#SofPed	105.679688	0	0
#SofPed	105.694010	85	0
#SusPed	105.878906	0	0
#SusPed	105.889323	75	0
#SofPed	105.959635	0	0
#SofPed	105.967448	87	0
#SofPed	106.348958	0	0
#SofPed	106.361979	93	0
#SusPed	106.389323	0	0
#SusPed	106.398438	73	0
#SofPed	106.419271	0	0
#SofPed	106.425781	95	0
#SofPed	106.500000	0	0
#SofPed	106.505208	95	0
#SusPed	106.579427	0	0
#SusPed	106.585938	75	0
#SofPed	107.069010	0	0
#SofPed	107.076823	89	0
#SusPed	107.139323	0	0
#SusPed	107.145833	80	0
#SofPed	107.149740	0	0
#SofPed	107.161458	90	0
#SofPed	107.389323	0	0
#SofPed	107.403646	101	0
#SofPed	107.519531	0	0
#SofPed	107.524740	89	0
#SusPed	107.539062	0	0
#SusPed	107.553385	76	0
#SofPed	108.079427	0	0
#SofPed	108.085938	102	0
#SusPed	108.128906	0	0
#SusPed	108.141927	77	0
#SofPed	108.209635	0	0
#SofPed	108.223958	107	0
#SusPed	108.609375	0	0
#SusPed	108.614583	76	0
#SusPed	108.908854	0	0
#SusPed	108.920573	76	0
#SofPed	109.179688	0	0
#SofPed	109.191406	88	0
#SofPed	109.459635	0	0
#SofPed	109.468750	79	0
#SusPed	109.529948	0	0
#SusPed	109.533854	79	0
#SusPed	109.709635	0	0
#SofPed	109.709635	0	0
#SusPed	109.722656	64	0
#SofPed	109.723958	86	0
#SofPed	109.989583	0	0
#SofPed	109.996094	94	0
#SofPed	110.098958	0	0
#SofPed	110.106771	95	0
#SusPed	110.269531	0	0
#SusPed	110.281250	74	0
#SusPed	110.489583	0	0
#SusPed	110.494792	74	0
#SofPed	110.549479	0	0
#SofPed	110.555990	104	0
#SofPed	110.839844	0	0
#SofPed	110.847656	106	0
#SusPed	110.968750	0	0
#SusPed	110.983073	67	0
#SusPed	111.109375	0	0
#SofPed	111.109375	0	0
#SusPed	111.114583	55	0
#SofPed	111.122396	105	0
#SofPed	111.609375	0	0
#SofPed	111.622396	94	0
#SusPed	111.679688	0	0
#SusPed	111.687500	66	0
#SofPed	111.839844	0	0
#SofPed	111.851562	95	0
#SusPed	111.869792	0	0
#SusPed	111.880208	80	0
#SusPed	112.479167	0	0
#SusPed	112.484375	73	0
#SusPed	112.859375	0	0
#SusPed	112.873698	49	0
#SusPed	113.209635	0	0
#SusPed	113.216146	77	0
#SusPed	113.769531	0	0
#SusPed	113.779948	76	0
#SusPed	113.949219	0	0
#SusPed	113.955729	63	0
#SofPed	114.009115	0	0
#SofPed	114.022135	95	0
#SofPed	114.319010	0	0
#SofPed	114.328125	95	0
#SofPed	114.419271	0	0
#SofPed	114.429688	95	0
#SusPed	114.509115	0	0
#SusPed	114.523438	63	0
#SusPed	114.699219	0	0
#SusPed	114.710938	73	0
#SofPed	114.739583	0	0
#SofPed	114.753906	89	0
#SofPed	115.169271	0	0
#SofPed	115.174479	107	0
#SusPed	115.279948	0	0
#SusPed	115.291667	67	0
#SusPed	115.459635	0	0
#SusPed	115.467448	71	0
#SofPed	115.579427	0	0
#SofPed	115.587240	102	0
#SusPed	115.979167	0	0
#SusPed	115.985677	67	0
#SofPed	116.128906	0	0
#SofPed	116.138021	95	0
#SusPed	116.209635	0	0
#SusPed	116.222656	75	0
#SusPed	116.759115	0	0
#SusPed	116.768229	68	0
#SusPed	117.059896	0	0
#SusPed	117.066406	54	0
#SusPed	117.529948	0	0
#SusPed	117.541667	63	0
#SusPed	118.299479	0	0
#SusPed	118.305990	65	0
#SusPed	118.859375	0	0
#SusPed	118.865885	70	0
#SusPed	119.419271	0	0
#SusPed	119.425781	63	0
#SusPed	120.239583	0	0
#SusPed	120.251302	72	0
#SusPed	120.949219	0	0
#SusPed	120.955729	83	0
#SusPed	121.419271	0	0
#SusPed	121.433594	62	0
#SusPed	121.579427	0	0
#SusPed	121.593750	69	0
#SofPed	121.759115	0	0
#SofPed	121.765625	105	0
#SofPed	122.109375	0	0
#SofPed	122.121094	90	0
#SofPed	122.199219	0	0
#SofPed	122.205729	88	0
#SusPed	122.319010	0	0
#SusPed	122.325521	63	0
#SofPed	122.359375	0	0
#SofPed	122.365885	93	0
#SusPed	122.869792	0	0
#SusPed	122.884115	47	0
#SofPed	122.889323	0	0
#SofPed	122.895833	108	0
#SofPed	123.209635	0	0
#SofPed	123.214844	92	0
#SofPed	123.259115	0	0
#SofPed	123.270833	92	0
#SusPed	123.399740	0	0
#SusPed	123.406250	40	0
#SofPed	123.489583	0	0
#SofPed	123.500000	102	0
#SusPed	123.769531	0	0
#SusPed	123.783854	51	0
#SofPed	123.819010	0	0
#SofPed	123.828125	80	0
#SofPed	123.889323	0	0
#SofPed	123.901042	76	0
#SusPed	124.049479	0	0
#SofPed	124.049479	0	0
#SusPed	124.054688	47	0
#SofPed	124.055990	68	0
#SusPed	124.128906	0	0
#SusPed	124.140625	44	0
#SusPed	124.549479	0	0
#SusPed	124.555990	69	0
#SofPed	125.179688	0	0
#SofPed	125.187500	83	0
#SofPed	125.269531	0	0
#SofPed	125.274740	81	0
#SofPed	125.459635	0	0
#SofPed	125.467448	81	0
#SofPed	125.549479	0	0
#SofPed	125.563802	73	0
#SofPed	125.779948	0	0
#SofPed	125.791667	69	0
#SofPed	126.399740	0	0
#SofPed	126.412760	82	0
#SofPed	126.559896	0	0
#SofPed	126.565104	87	0
#SofPed	126.899740	0	0
#SofPed	126.906250	102	0
#SusPed	126.919271	0	0
#SusPed	126.925781	72	0
#SusPed	127.378906	0	0
#SusPed	127.390625	72	0
#SofPed	127.739583	0	0
#SofPed	127.752604	96	0
#SofPed	127.938802	0	0
#SofPed	127.947917	75	0
#SusPed	128.209635	0	0
#SusPed	128.220052	63	0
#SofPed	128.239583	0	0
#SofPed	128.253906	50	0
#SusPed	128.429688	0	0
#SusPed	128.441406	77	0
#SusPed	130.809896	0	0
#SusPed	130.821615	71	0
#SusPed	131.109375	0	0
#SusPed	131.123698	74	0
#SusPed	132.128906	0	0
#SusPed	132.144531	74	0
#SusPed	132.619792	0	0
#SusPed	132.625000	73	0
#SofPed	134.250000	0	0
#SusPed	134.609375	0	0
#SusPed	134.623698	80	0
#SusPed	134.829427	0	0
#SusPed	134.842448	72	0
#SusPed	135.259115	0	0
#SusPed	135.273438	72	0
#SusPed	135.449219	0	0
#SusPed	135.462240	75	0
#SusPed	136.079427	0	0
#SusPed	136.084635	78	0
#SusPed	136.399740	0	0
#SusPed	136.407552	80	0
#SusPed	137.408854	0	0
#SusPed	137.423177	74	0
#SusPed	137.819010	0	0
#SusPed	137.830729	76	0
#SofPed	138.532552	70	0
#SofPed	138.598958	0	0
#SofPed	138.604167	70	0
#SusPed	138.669271	0	0
#SusPed	138.679688	82	0
#SofPed	138.848958	0	0
#SofPed	138.856771	85	0
#SofPed	139.119792	0	0
#SofPed	139.125000	92	0
#SofPed	139.438802	0	0
#SofPed	139.450521	99	0
#SofPed	139.609375	0	0
#SofPed	139.621094	99	0
#SofPed	139.729167	0	0
#SofPed	139.743490	88	0
#SofPed	139.889323	0	0
#SofPed	139.899740	75	0
#SusPed	140.000000	0	0
#SusPed	140.013021	46	0
#SusPed	140.569010	0	0
#SusPed	140.582031	82	0
#SofPed	140.929688	0	0
#SofPed	140.941406	97	0
#SofPed	141.009115	0	0
#SofPed	141.019531	96	0
#SofPed	141.250000	0	0
#SofPed	141.261719	100	0
#SusPed	141.549479	0	0
#SusPed	141.555990	72	0
#SofPed	141.589844	0	0
#SofPed	141.598958	95	0
#SusPed	141.750000	0	0
#SusPed	141.757812	80	0
#SofPed	141.779948	0	0
#SofPed	141.792969	103	0
#SofPed	141.919271	0	0
#SofPed	141.932292	102	0
#SofPed	142.309896	0	0
#SofPed	142.316406	93	0
#SusPed	142.628906	0	0
#SusPed	142.635417	71	0
#SofPed	142.658854	0	0
#SofPed	142.673177	98	0
#SusPed	142.899740	0	0
#SofPed	142.899740	0	0
#SofPed	142.904948	104	0
#SusPed	142.911458	72	0
#SofPed	143.229167	0	0
#SofPed	143.238281	102	0
#SofPed	143.329427	0	0
#SofPed	143.334635	101	0
#SofPed	143.419271	0	0
#SofPed	143.425781	98	0
#SofPed	143.459635	0	0
#SofPed	143.472656	97	0
#SofPed	143.529948	0	0
#SofPed	143.535156	96	0
#SofPed	143.709635	0	0
#SofPed	143.720052	98	0
#SusPed	143.869792	0	0
#SusPed	143.877604	81	0
#SofPed	143.938802	0	0
#SofPed	143.953125	92	0
#SofPed	143.989583	0	0
#SofPed	144.003906	94	0
#SusPed	144.239583	0	0
#SusPed	144.246094	69	0
#SofPed	144.250000	0	0
#SofPed	144.257812	102	0
#SofPed	144.598958	0	0
#SofPed	144.611979	100	0
#SofPed	144.718750	0	0
#SofPed	144.731771	103	0
#SofPed	144.878906	0	0
#SofPed	144.885417	104	0
#SofPed	145.218750	0	0
#SofPed	145.226562	100	0
#SusPed	145.250000	0	0
#SusPed	145.261719	73	0
#SusPed	145.539062	0	0
#SusPed	145.550781	70	0
#SofPed	145.628906	0	0
#SofPed	145.636719	94	0
#SofPed	145.769531	0	0
#SofPed	145.779948	93	0
#SofPed	146.069010	0	0
#SofPed	146.083333	89	0
#SofPed	146.269531	0	0
#SofPed	146.283854	80	0
#SusPed	146.669271	0	0
#SusPed	146.677083	72	0
#SofPed	146.929688	0	0
#SofPed	146.941406	82	0
#SusPed	147.000000	0	0
#SusPed	147.007812	73	0
#SofPed	147.009115	0	0
#SofPed	147.015625	92	0
#SofPed	147.279948	0	0
#SofPed	147.285156	103	0
#SofPed	147.359375	0	0
#SofPed	147.364583	99	0
#SusPed	147.369792	0	0
#SusPed	147.381510	59	0
#SusPed	147.649740	0	0
#SusPed	147.661458	79	0
#SofPed	147.809896	0	0
#SofPed	147.817708	95	0
#SofPed	148.179688	0	0
#SofPed	148.184896	95	0
#SusPed	148.259115	0	0
#SusPed	148.268229	68	0
#SofPed	148.309896	0	0
#SofPed	148.315104	105	0
#SofPed	148.559896	0	0
#SofPed	148.571615	100	0
#SusPed	148.609375	0	0
#SusPed	148.614583	73	0
#SofPed	149.348958	0	0
#SofPed	149.363281	98	0
#SofPed	149.628906	0	0
#SofPed	149.639323	99	0
#SofPed	149.889323	0	0
#SofPed	149.903646	91	0
#SofPed	150.309896	0	0
#SofPed	150.315104	95	0
#SusPed	151.069010	0	0
#SusPed	151.084635	73	0
#SusPed	151.348958	0	0
#SusPed	151.361979	74	0
#SofPed	151.389323	0	0
#SofPed	151.401042	104	0
#SusPed	153.079427	0	0
#SusPed	153.084635	61	0
#SusPed	153.438802	0	0
#SusPed	153.453125	56	0
#SusPed	153.679688	0	0
#SusPed	153.687500	63	0
#SusPed	154.419271	0	0
#SusPed	154.433594	59	0
#SusPed	154.899740	0	0
#SusPed	154.907552	68	0
#SusPed	155.139323	0	0
#SusPed	155.151042	69	0
#SusPed	155.559896	0	0
#SusPed	155.572917	69	0
#SusPed	155.609375	0	0
#SusPed	155.621094	70	0
#SusPed	155.899740	0	0
#SusPed	155.912760	72	0
#SusPed	156.229167	0	0
#SusPed	156.243490	81	0
#SusPed	156.500000	0	0
#SusPed	156.510417	88	0
#SofPed	157.399740	0	0
#SusPed	157.559896	0	0
#SusPed	157.574219	63	0
#SofPed	157.585938	68	0
#SusPed	157.669271	0	0
#SusPed	157.679688	65	0
#SofPed	157.809896	0	0
#SofPed	157.816406	60	0
#SusPed	158.438802	0	0
#SusPed	158.446615	79	0
#SusPed	158.509115	0	0
#SusPed	158.514323	81	0
#SusPed	158.569010	0	0
#SusPed	158.578125	83	0
#SusPed	158.609375	0	0
#SusPed	158.621094	83	0
#SusPed	158.829427	0	0
#SusPed	158.841146	74	0
#SusPed	159.009115	0	0
#SusPed	159.016927	67	0
#SusPed	159.319010	0	0
#SusPed	159.324219	63	0
#SusPed	159.479167	0	0
#SusPed	159.489583	62	0
#SusPed	160.179688	0	0
#SusPed	160.184896	69	0
#SofPed	160.639323	0	0
#SofPed	160.645833	95	0
#SofPed	160.789062	0	0
#SofPed	160.803385	72	0
#SofPed	161.128906	0	0
#SofPed	161.135417	63	0
#SofPed	161.438802	0	0
#SofPed	161.446615	51	0
#SofPed	161.509115	0	0
#SofPed	161.515625	47	0
#SofPed	162.049479	0	0
#SofPed	162.063802	63	0
#SofPed	162.128906	0	0
#SofPed	162.135417	75	0
#SofPed	162.199219	0	0
#SofPed	162.205729	85	0
#SofPed	162.359375	0	0
#SofPed	162.365885	103	0
#SofPed	162.589844	0	0
#SofPed	162.601562	111	0
#SofPed	162.729167	0	0
#SofPed	162.738281	107	0
#SofPed	162.859375	0	0
#SofPed	162.865885	105	0
#SofPed	163.109375	0	0
#SofPed	163.115885	107	0
#SusPed	163.128906	0	0
#SusPed	163.135417	65	0
#SofPed	163.169271	0	0
#SofPed	163.175781	110	0
#SusPed	163.509115	0	0
#SusPed	163.523438	72	0
#SofPed	163.709635	0	0
#SofPed	163.720052	117	0
#SusPed	164.039062	0	0
#SusPed	164.044271	81	0
#SusPed	164.089844	0	0
#SusPed	164.096354	82	0
#SofPed	164.319010	0	0
#SofPed	164.334635	99	0
#SofPed	164.519531	0	0
#SofPed	164.533854	88	0
#SofPed	164.559896	0	0
#SofPed	164.565104	86	0
#SofPed	164.709635	0	0
#SofPed	164.718750	77	0
#SusPed	164.718750	0	0
#SusPed	164.726562	83	0
#SofPed	164.779948	0	0
#SofPed	164.786458	76	0
#SusPed	165.389323	0	0
#SusPed	165.397135	72	0
#SofPed	165.419271	0	0
#SofPed	165.433594	73	0
#SusPed	165.619792	0	0
#SusPed	165.630208	68	0
#SofPed	165.639323	0	0
#SofPed	165.653646	71	0
#SusPed	165.899740	0	0
#SusPed	165.904948	83	0
#SofPed	165.959635	0	0
#SofPed	165.964844	94	0
#SofPed	166.279948	0	0
#SofPed	166.287760	106	0
#SusPed	166.378906	0	0
#SusPed	166.390625	84	0
#SofPed	166.419271	0	0
#SofPed	166.430990	112	0
#SusPed	166.468750	0	0
#SusPed	166.476562	85	0
#SofPed	166.589844	0	0
#SofPed	166.602865	108	0
#SusPed	166.779948	0	0
#SusPed	166.791667	72	0
#SofPed	166.859375	0	0
#SofPed	166.872396	110	0
#SusPed	167.089844	0	0
#SusPed	167.095052	79	0
#SofPed	167.489583	0	0
#SofPed	167.503906	110	0
#SofPed	167.539062	0	0
#SofPed	167.553385	109	0
#SusPed	167.658854	0	0
#SusPed	167.674479	73	0
#SofPed	168.029948	0	0
#SofPed	168.036458	80	0
#SofPed	168.188802	0	0
#SofPed	168.196615	63	0
#SofPed	168.329427	0	0
#SofPed	168.335938	60	0
#SusPed	168.479167	0	0
#SusPed	168.493490	94	0
#SofPed	168.789062	0	0
#SofPed	168.798177	26	0
#SofPed	168.968750	0	0
#SofPed	168.976562	29	0
#SofPed	169.039062	0	0
#SofPed	169.049479	34	0
#SusPed	169.098958	0	0
#SusPed	169.113281	74	0
#SusPed	169.299479	0	0
#SusPed	169.307292	65	0
#SofPed	169.479167	0	0
#SofPed	169.493490	42	0
#SusPed	169.878906	0	0
#SusPed	169.888021	70	0
#SofPed	169.908854	0	0
#SofPed	169.915365	68	0
#SofPed	170.029948	0	0
#SofPed	170.035156	66	0
#SofPed	170.089844	0	0
#SofPed	170.095052	63	0
#SofPed	170.229167	0	0
#SofPed	170.242188	50	0
#SofPed	170.399740	0	0
#SofPed	170.412760	55	0
#SofPed	170.509115	0	0
#SofPed	170.522135	59	0
#SusPed	170.679688	0	0
#SusPed	170.694010	99	0
#SofPed	170.869792	0	0
#SofPed	170.881510	90	0
#SusPed	170.929688	0	0
#SusPed	170.942708	78	0
#SofPed	170.949219	0	0
#SofPed	170.955729	94	0
#SofPed	171.438802	0	0
#SofPed	171.451823	97	0
#SusPed	171.609375	0	0
#SusPed	171.615885	51	0
#SofPed	171.628906	0	0
#SofPed	171.643229	107	0
#SusPed	171.769531	0	0
#SusPed	171.777344	51	0
#SusPed	171.809896	0	0
#SusPed	171.821615	51	0
#SusPed	171.848958	0	0
#SofPed	171.859375	0	0
#SusPed	171.863281	51	0
#SofPed	171.864583	106	0
#SusPed	171.989583	0	0
#SusPed	172.000000	51	0
#SofPed	172.039062	0	0
#SofPed	172.050781	98	0
#SofPed	172.239583	0	0
#SofPed	172.248698	88	0
#SofPed	172.299479	0	0
#SofPed	172.304688	89	0
#SofPed	172.399740	0	0
#SofPed	172.408854	91	0
#SofPed	172.669271	0	0
#SofPed	172.682292	83	0
#SusPed	173.739583	0	0
#SusPed	173.753906	71	0
#SofPed	173.759115	0	0
#SofPed	173.764323	87	0
#SusPed	174.598958	0	0
#SusPed	174.613281	60	0
#SusPed	175.639323	0	0
#SusPed	175.649740	78	0
#SusPed	176.039062	0	0
#SusPed	176.045573	67	0
#SusPed	176.848958	0	0
#SusPed	176.859375	83	0
#SusPed	177.259115	0	0
#SusPed	177.266927	82	0
#SofPed	177.779948	0	0
#SofPed	177.792969	60	0
#SofPed	177.908854	0	0
#SofPed	177.921875	71	0
#SofPed	178.098958	0	0
#SofPed	178.110677	80	0
#SusPed	178.279948	0	0
#SusPed	178.292969	91	0
#SusPed	178.468750	0	0
#SusPed	178.476562	53	0
#SofPed	178.619792	0	0
#SofPed	178.632812	92	0
#SofPed	178.889323	0	0
#SofPed	178.895833	101	0
#SofPed	178.959635	0	0
#SofPed	178.973958	104	0
#SusPed	179.619792	0	0
#SusPed	179.630208	68	0
#SusPed	180.039062	0	0
#SusPed	180.046875	73	0
#SofPed	180.199219	0	0
#SofPed	180.213542	73	0
#SusPed	181.039062	0	0
#SusPed	181.045573	85	0
#SusPed	181.399740	0	0
#SusPed	181.406250	78	0
#SofPed	181.609375	0	0
#SofPed	181.622396	81	0
#SofPed	181.688802	0	0
#SofPed	181.695312	74	0
#SofPed	182.369792	0	0
#SofPed	182.375000	86	0
#SofPed	182.408854	0	0
#SofPed	182.421875	88	0
#SusPed	182.529948	0	0
#SusPed	182.535156	87	0
#SusPed	182.669271	0	0
#SusPed	182.683594	60	0
#SofPed	182.699219	0	0
#SofPed	182.713542	101	0
#SofPed	183.009115	0	0
#SofPed	183.019531	104	0
#SusPed	183.029948	0	0
#SusPed	183.042969	86	0
#SusPed	183.529948	0	0
#SusPed	183.537760	103	0
#SofPed	183.759115	0	0
#SofPed	183.768229	109	0
#SofPed	183.829427	0	0
#SofPed	183.834635	109	0
#SusPed	183.889323	0	0
#SusPed	183.894531	69	0
#SofPed	184.139323	0	0
#SofPed	184.149740	108	0
#SusPed	184.218750	0	0
#SusPed	184.225260	78	0
#SofPed	185.569010	0	0
#SofPed	185.576823	62	0
#SofPed	185.628906	0	0
#SofPed	185.634115	69	0
#SofPed	185.799479	0	0
#SofPed	185.813802	88	0
#SofPed	186.139323	0	0
#SofPed	186.147135	90	0
#SofPed	186.299479	0	0
#SofPed	186.304688	83	0
#SofPed	186.369792	0	0
#SofPed	186.382812	82	0
#SusPed	186.419271	0	0
#SusPed	186.430990	74	0
#SofPed	186.569010	0	0
#SofPed	186.582031	99	0
#SofPed	186.739583	0	0
#SofPed	186.752604	113	0
#SusPed	186.819010	0	0
#SusPed	186.825521	65	0
#SofPed	187.098958	0	0
#SofPed	187.108073	109	0
#SofPed	187.209635	0	0
#SusPed	187.218750	0	0
#SofPed	187.222656	111	0
#SusPed	187.227865	92	0
#SusPed	187.309896	0	0
#SusPed	187.322917	96	0
#SusPed	187.389323	0	0
#SofPed	187.399740	0	0
#SusPed	187.403646	97	0
#SofPed	187.412760	108	0
#SofPed	187.598958	0	0
#SofPed	187.606771	105	0
#SusPed	187.949219	0	0
#SusPed	187.957031	68	0
#SusPed	188.299479	0	0
#SusPed	188.311198	79	0
#SofPed	188.549479	0	0
#SofPed	188.563802	98	0
#SofPed	189.269531	0	0
#SofPed	189.277344	100	0
#SofPed	189.419271	0	0
#SofPed	189.433594	99	0
#SusPed	189.468750	0	0
#SusPed	189.483073	65	0
#SofPed	189.709635	0	0
#SofPed	189.722656	100	0
#SofPed	189.889323	0	0
#SofPed	189.895833	103	0
#SofPed	190.609375	0	0
#SofPed	190.615885	99	0
#SusPed	190.750000	0	0
#SusPed	190.753906	75	0
#SofPed	190.819010	0	0
#SofPed	190.829427	106	0
#SofPed	191.069010	0	0
#SofPed	191.079427	105	0
#SusPed	191.079427	0	0
#SusPed	191.084635	68	0
#SofPed	191.649740	0	0
#SofPed	191.654948	100	0
#SofPed	191.789062	0	0
#SofPed	191.803385	100	0
#SofPed	191.859375	0	0
#SofPed	191.865885	103	0
#SofPed	192.049479	0	0
#SofPed	192.055990	110	0
#SusPed	192.158854	0	0
#SusPed	192.164062	60	0
#SofPed	192.218750	0	0
#SofPed	192.225260	109	0
#SofPed	192.438802	0	0
#SofPed	192.451823	104	0
#SusPed	192.649740	0	0
#SusPed	192.661458	81	0
#SusPed	193.209635	0	0
#SusPed	193.223958	79	0
#SusPed	193.589844	0	0
#SusPed	193.595052	78	0
#SofPed	193.779948	0	0
#SofPed	193.794271	92	0
#SofPed	194.489583	0	0
#SofPed	194.496094	71	0
#SusPed	194.669271	0	0
#SusPed	194.675781	70	0
#SofPed	194.718750	0	0
#SofPed	194.733073	81	0
#SofPed	194.889323	0	0
#SofPed	194.894531	86	0
#SofPed	195.009115	0	0
#SofPed	195.023438	99	0
#SusPed	195.069010	0	0
#SusPed	195.083333	61	0
#SofPed	195.188802	0	0
#SofPed	195.201823	106	0
#SofPed	195.259115	0	0
#SofPed	195.270833	107	0
#SofPed	195.319010	0	0
#SofPed	195.326823	107	0
#SofPed	195.438802	0	0
#SofPed	195.454427	108	0
#SusPed	195.908854	0	0
#SusPed	195.916667	60	0
#SusPed	196.369792	0	0
#SusPed	196.384115	73	0
#SofPed	196.519531	0	0
#SofPed	196.532552	103	0
#SofPed	197.029948	0	0
#SofPed	197.036458	90	0
#SofPed	197.089844	0	0
#SofPed	197.096354	93	0
#SusPed	197.119792	0	0
#SusPed	197.130208	73	0
#SofPed	197.149740	0	0
#SofPed	197.156250	95	0
#SofPed	197.348958	0	0
#SofPed	197.364583	86	0
#SusPed	197.559896	0	0
#SusPed	197.574219	85	0
#SofPed	197.819010	0	0
#SofPed	197.833333	68	0
#SofPed	197.919271	0	0
#SofPed	197.932292	68	0
#SofPed	198.039062	0	0
#SofPed	198.050781	74	0
#SusPed	198.839844	0	0
#SusPed	198.850260	80	0
#SusPed	199.218750	0	0
#SusPed	199.231771	63	0
#SusPed	199.289062	0	0
#SusPed	199.300781	69	0
#SusPed	200.128906	0	0
#SusPed	200.140625	72	0
#SofPed	200.229167	0	0
#SofPed	200.243490	101	0
#SofPed	200.598958	0	0
#SofPed	200.610677	92	0
#SusPed	200.718750	0	0
#SusPed	200.723958	72	0
#SusPed	200.949219	0	0
#SusPed	200.962240	70	0
#SofPed	201.059896	0	0
#SofPed	201.072917	109	0
#SofPed	201.348958	0	0
#SofPed	201.360677	104	0
#SusPed	201.378906	0	0
#SusPed	201.390625	75	0
#SusPed	201.628906	0	0
#SusPed	201.640625	81	0
#SofPed	201.658854	0	0
#SofPed	201.674479	102	0
#SofPed	201.989583	0	0
#SofPed	202.002604	100	0
#SusPed	202.039062	0	0
#SusPed	202.044271	74	0
#SusPed	202.309896	0	0
#SofPed	202.309896	0	0
#SusPed	202.315104	82	0
#SofPed	202.324219	103	0
#SofPed	202.869792	0	0
#SofPed	202.878906	92	0
#SusPed	202.959635	0	0
#SofPed	202.959635	0	0
#SusPed	202.971354	71	0
#SofPed	202.973958	96	0
#SofPed	203.039062	0	0
#SofPed	203.046875	98	0
#SusPed	203.139323	0	0
#SofPed	203.139323	0	0
#SofPed	203.147135	105	0
#SusPed	203.152344	53	0
#SusPed	203.188802	0	0
#SusPed	203.200521	54	0
#SofPed	203.229167	0	0
#SofPed	203.243490	109	0
#SusPed	203.279948	0	0
#SusPed	203.292969	58	0
#SofPed	203.309896	0	0
#SofPed	203.315104	108	0
#SofPed	203.408854	0	0
#SofPed	203.419271	107	0
#SofPed	203.569010	0	0
#SofPed	203.574219	103	0
#SofPed	203.699219	0	0
#SofPed	203.709635	108	0
#SusPed	203.829427	0	0
#SusPed	203.841146	60	0
#SusPed	204.468750	0	0
#SusPed	204.475260	63	0
#SofPed	204.479167	0	0
#SofPed	204.493490	92	0
#SusPed	204.789062	0	0
#SusPed	205.473958	77	0
#SofPed	205.539062	0	0
#SofPed	205.544271	105	0
#SusPed	206.039062	0	0
#SofPed	206.049479	0	0
#SusPed	206.050781	72	0
#SofPed	206.063802	112	0
#SusPed	206.229167	0	0
#SusPed	206.240885	64	0
#SofPed	206.339844	0	0
#SofPed	206.347656	115	0
#SusPed	206.500000	0	0
#SusPed	206.509115	59	0
#SofPed	206.519531	0	0
#SofPed	206.532552	100	0
#SofPed	206.709635	0	0
#SofPed	206.717448	73	0
#SusPed	206.718750	0	0
#SusPed	206.733073	63	0
#SofPed	206.819010	0	0
#SofPed	206.828125	84	0
#SusPed	206.968750	0	0
#SusPed	206.976562	62	0
#SofPed	207.089844	0	0
#SofPed	207.095052	96	0
#SofPed	207.169271	0	0
#SofPed	207.177083	92	0
#SusPed	207.709635	0	0
#SusPed	207.714844	67	0
#SofPed	207.729167	0	0
#SofPed	207.742188	56	0
#SofPed	208.069010	0	0
#SusPed	208.079427	0	0
#SofPed	208.084635	89	0
#SusPed	208.089844	71	0
#SofPed	208.119792	0	0
#SofPed	208.131510	91	0
#SusPed	209.049479	0	0
#SusPed	209.055990	66	0
#SusPed	209.369792	0	0
#SusPed	209.375000	71	0
#SofPed	211.639323	0	0
#SofPed	211.644531	105	0
#SusPed	212.989583	0	0
#SusPed	213.003906	73	0
#SusPed	213.259115	0	0
#SusPed	213.266927	71	0
#SusPed	215.949219	0	0
#SusPed	215.955729	73	0
#SusPed	216.419271	0	0
#SusPed	216.424479	75	0
#SofPed	216.489583	0	0
#SofPed	216.503906	99	0
#SofPed	217.089844	0	0
#SofPed	217.096354	109	0
#SusPed	217.559896	0	0
#SusPed	217.569010	69	0
#SofPed	217.589844	0	0
#SofPed	217.604167	98	0
#SofPed	217.709635	0	0
#SofPed	217.717448	105	0
#SofPed	217.789062	0	0
#SusPed	217.799479	0	0
#SofPed	217.802083	107	0
#SusPed	217.805990	69	0
#SofPed	217.889323	0	0
#SofPed	217.901042	107	0
#SofPed	217.949219	0	0
#SofPed	217.954427	106	0
#SofPed	218.000000	0	0
#SofPed	218.003906	104	0
#SofPed	218.229167	0	0
#SofPed	218.234375	98	0
#SofPed	218.309896	0	0
#SofPed	218.322917	92	0
#SofPed	218.479167	0	0
#SofPed	218.494792	79	0
#SofPed	218.579427	0	0
#SofPed	218.593750	75	0
#SofPed	218.688802	0	0
#SofPed	218.696615	75	0
#SofPed	218.799479	0	0
#SofPed	218.812500	80	0
#SofPed	218.869792	0	0
#SofPed	218.882812	79	0
#SofPed	219.049479	0	0
#SofPed	219.063802	79	0
#SofPed	219.128906	0	0
#SofPed	219.136719	87	0
#SofPed	219.369792	0	0
#SofPed	219.375000	94	0
#SofPed	219.459635	0	0
#SofPed	219.464844	92	0
#SofPed	219.598958	0	0
#SofPed	219.608073	94	0
#SofPed	219.750000	0	0
#SofPed	219.760417	97	0
#SofPed	220.089844	0	0
#SofPed	220.101562	77	0
#SofPed	220.269531	0	0
#SofPed	220.276042	80	0
#SofPed	220.369792	0	0
#SofPed	220.377604	75	0
#SofPed	220.468750	0	0
#SofPed	220.477865	78	0
#SofPed	220.569010	0	0
#SofPed	220.584635	85	0
#SofPed	220.658854	0	0
#SofPed	220.669271	82	0
#SofPed	220.799479	0	0
#SofPed	220.812500	81	0
#SofPed	220.938802	0	0
#SofPed	220.953125	77	0
#SofPed	221.009115	0	0
#SofPed	221.018229	82	0
#SofPed	221.059896	0	0
#SofPed	221.072917	82	0
#SusPed	221.419271	0	0
#SusPed	221.427083	69	0
#SofPed	221.449219	0	0
#SofPed	221.460938	100	0
#SusPed	221.609375	0	0
#SusPed	221.622396	67	0
#SofPed	221.688802	0	0
#SofPed	221.704427	98	0
#SofPed	221.769531	0	0
#SofPed	221.774740	90	0
#SofPed	221.979167	0	0
#SofPed	221.993490	82	0
#SofPed	222.039062	0	0
#SofPed	222.044271	84	0
#SofPed	222.188802	0	0
#SofPed	222.201823	74	0
#SofPed	222.389323	0	0
#SofPed	222.399740	67	0
#SofPed	222.479167	0	0
#SofPed	222.486979	64	0
#SofPed	222.549479	0	0
#SofPed	222.561198	63	0
#SofPed	222.709635	0	0
#SofPed	222.718750	59	0
#SusPed	222.889323	0	0
#SofPed	222.889323	0	0
#SusPed	222.897135	68	0
#SofPed	222.899740	56	0
#SusPed	223.119792	0	0
#SusPed	223.132812	72	0
#SofPed	223.169271	0	0
#SofPed	223.183594	71	0
#SofPed	223.348958	0	0
#SofPed	223.359375	71	0
#SofPed	223.419271	0	0
#SofPed	223.424479	77	0
#SofPed	223.519531	0	0
#SofPed	223.527344	82	0
#SofPed	223.848958	0	0
#SofPed	223.863281	84	0
#SofPed	224.079427	0	0
#SofPed	224.092448	89	0
#SusPed	224.209635	0	0
#SusPed	224.216146	66	0
#SusPed	224.438802	0	0
#SusPed	224.449219	72	0
#SofPed	224.539062	0	0
#SofPed	224.553385	88	0
#SofPed	224.919271	0	0
#SofPed	224.925781	88	0
#SofPed	225.019531	0	0
#SofPed	225.032552	93	0
#SofPed	225.449219	0	0
#SofPed	225.460938	87	0
#SusPed	225.619792	0	0
#SofPed	225.628906	0	0
#SusPed	225.632812	72	0
#SofPed	225.639323	91	0
#SofPed	225.829427	0	0
#SofPed	225.843750	95	0
#SusPed	225.848958	0	0
#SusPed	225.861979	70	0
#SofPed	225.989583	0	0
#SofPed	225.998698	90	0
#SofPed	226.059896	0	0
#SofPed	226.072917	87	0
#SofPed	226.169271	0	0
#SofPed	226.177083	85	0
#SofPed	226.348958	0	0
#SofPed	226.359375	87	0
#SofPed	226.438802	0	0
#SofPed	226.446615	85	0
#SofPed	226.658854	0	0
#SofPed	226.669271	85	0
#SofPed	226.809896	0	0
#SofPed	226.815104	73	0
#SofPed	226.919271	0	0
#SofPed	226.930990	71	0
#SofPed	227.119792	0	0
#SofPed	227.128906	87	0
#SofPed	227.218750	0	0
#SofPed	227.226562	86	0
#SofPed	227.348958	0	0
#SofPed	227.360677	84	0
#SofPed	227.509115	0	0
#SofPed	227.515625	86	0
#SofPed	227.679688	0	0
#SofPed	227.690104	93	0
#SofPed	227.789062	0	0
#SofPed	227.795573	98	0
#SofPed	227.968750	0	0
#SofPed	227.977865	96	0
#SofPed	228.289062	0	0
#SofPed	228.299479	99	0
#SusPed	228.348958	0	0
#SusPed	228.364583	75	0
#SusPed	228.438802	0	0
#SusPed	228.449219	61	0
#SofPed	228.459635	0	0
#SofPed	228.464844	97	0
#SofPed	228.519531	0	0
#SofPed	228.533854	96	0
#SofPed	228.729167	0	0
#SofPed	228.739583	91	0
#SofPed	228.839844	0	0
#SofPed	228.851562	87	0
#SusPed	229.279948	0	0
#SusPed	229.292969	78	0
#SusPed	229.429688	0	0
#SusPed	229.436198	102	0
#SusPed	230.359375	0	0
#SusPed	230.373698	91	0
#SusPed	230.509115	0	0
#SusPed	230.520833	69	0
#SusPed	231.688802	0	0
#SusPed	231.695312	75	0
#SusPed	231.878906	0	0
#SusPed	231.893229	76	0
#SusPed	232.158854	0	0
#SusPed	232.165365	78	0
#SusPed	232.378906	0	0
#SusPed	232.394531	78	0
#SofPed	232.459635	0	0
#SofPed	232.472656	59	0
#SusPed	232.839844	0	0
#SusPed	232.847656	72	0
#SofPed	232.859375	0	0
#SofPed	232.872396	40	0
#SofPed	232.968750	0	0
#SofPed	232.981771	38	0
#SusPed	233.049479	0	0
#SofPed	233.059896	0	0
#SusPed	233.061198	84	0
#SofPed	233.072917	39	0
#SofPed	233.209635	0	0
#SofPed	233.222656	40	0
#SofPed	233.359375	0	0
#SofPed	233.365885	42	0
#SofPed	233.500000	0	0
#SofPed	233.514323	46	0
#SofPed	233.598958	0	0
#SofPed	233.609375	52	0
#SofPed	233.739583	0	0
#SofPed	233.752604	50	0
#SofPed	233.789062	0	0
#SofPed	233.796875	50	0
#SofPed	233.869792	0	0
#SofPed	233.876302	51	0
#SofPed	234.098958	0	0
#SofPed	234.110677	53	0
#SofPed	234.229167	0	0
#SofPed	234.235677	58	0
#SofPed	234.309896	0	0
#SofPed	234.320312	50	0
#SofPed	234.549479	0	0
#SofPed	234.554688	51	0
#SofPed	234.609375	0	0
#SofPed	234.617188	50	0
#SusPed	234.688802	0	0
#SofPed	234.699219	0	0
#SusPed	234.701823	71	0
#SofPed	234.707031	53	0
#SofPed	234.819010	0	0
#SofPed	234.825521	63	0
#SusPed	234.949219	0	0
#SusPed	234.962240	83	0
#SofPed	235.019531	0	0
#SofPed	235.027344	80	0
#SofPed	235.149740	0	0
#SofPed	235.161458	93	0
#SusPed	235.359375	0	0
#SofPed	235.369792	0	0
#SusPed	235.373698	69	0
#SofPed	235.376302	89	0
#SofPed	235.619792	0	0
#SofPed	235.631510	76	0
#SusPed	235.669271	0	0
#SofPed	235.669271	0	0
#SofPed	235.677083	84	0
#SusPed	235.684896	63	0
#SofPed	235.809896	0	0
#SofPed	235.819010	93	0
#SusPed	235.938802	0	0
#SusPed	235.951823	69	0
#SusPed	236.449219	0	0
#SusPed	236.460938	85	0
#SusPed	236.899740	0	0
#SusPed	236.904948	71	0
#SusPed	237.339844	0	0
#SusPed	237.345052	81	0
#SusPed	237.468750	0	0
#SusPed	237.480469	83	0
#SofPed	237.598958	0	0
#SofPed	237.614583	95	0
#SofPed	237.639323	0	0
#SofPed	237.653646	97	0
#SofPed	237.848958	0	0
#SofPed	237.855469	90	0
#SofPed	237.938802	0	0
#SusPed	237.949219	0	0
#SofPed	237.950521	87	0
#SusPed	237.960938	64	0
#SofPed	238.149740	0	0
#SofPed	238.164062	92	0
#SusPed	238.299479	0	0
#SusPed	238.313802	64	0
#SofPed	238.319010	0	0
#SofPed	238.333333	96	0
#SofPed	238.500000	0	0
#SofPed	238.510417	95	0
#SusPed	238.579427	0	0
#SusPed	238.584635	61	0
#SofPed	238.679688	0	0
#SofPed	238.692708	106	0
#SusPed	238.750000	0	0
#SusPed	238.761719	61	0
#SusPed	238.859375	0	0
#SusPed	238.864583	60	0
#SusPed	238.979167	0	0
#SusPed	238.992188	58	0
#SusPed	239.188802	0	0
#SusPed	239.195312	74	0
#SofPed	239.279948	0	0
#SofPed	239.292969	107	0
#SofPed	239.519531	0	0
#SofPed	239.533854	107	0
#SusPed	239.709635	0	0
#SusPed	239.717448	64	0
#SofPed	239.739583	0	0
#SofPed	239.746094	103	0
#SofPed	239.829427	0	0
#SofPed	239.839844	104	0
#SusPed	239.938802	0	0
#SusPed	239.945312	61	0
#SusPed	240.979167	0	0
#SusPed	240.986979	62	0
#SusPed	241.309896	0	0
#SusPed	241.315104	62	0
#SusPed	242.289062	0	0
#SusPed	242.296875	71	0
#SusPed	242.848958	0	0
#SusPed	242.863281	71	0
#SusPed	244.369792	0	0
#SusPed	244.375000	61	0
#SofPed	244.378906	0	0
#SofPed	244.394531	100	0
#SusPed	244.549479	0	0
#SusPed	244.555990	69	0
#SofPed	244.649740	0	0
#SofPed	244.664062	94	0
#SofPed	245.188802	0	0
#SofPed	245.194010	104	0
#SusPed	245.589844	0	0
#SusPed	245.596354	65	0
#SusPed	245.878906	0	0
#SusPed	245.893229	73	0
#SofPed	246.158854	0	0
#SofPed	246.171875	104	0
#SofPed	246.489583	0	0
#SofPed	246.496094	93	0
#SofPed	246.688802	0	0
#SofPed	246.695312	94	0
#SusPed	246.789062	0	0
#SusPed	246.796875	61	0
#SusPed	247.029948	0	0
#SusPed	247.039062	67	0
#SofPed	247.049479	0	0
#SofPed	247.055990	100	0
#SofPed	247.709635	0	0
#SofPed	247.722656	91	0
#SofPed	247.799479	0	0
#SofPed	247.813802	93	0
#SusPed	247.959635	0	0
#SusPed	247.970052	63	0
#SofPed	248.029948	0	0
#SofPed	248.044271	90	0
#SusPed	249.128906	0	0
#SusPed	249.135417	63	0
#SusPed	249.529948	0	0
#SusPed	249.535156	75	0
#SusPed	250.239583	0	0
#SusPed	250.252604	55	0
#SusPed	250.598958	0	0
#SusPed	250.611979	71	0
#SusPed	251.649740	0	0
#SusPed	251.656250	64	0
#SusPed	251.949219	0	0
#SusPed	251.963542	62	0
#SusPed	252.169271	0	0
#SusPed	252.175781	75	0
#SofPed	252.218750	0	0
#SofPed	252.233073	93	0
#SofPed	252.799479	0	0
#SofPed	252.812500	98	0
#SusPed	253.250000	0	0
#SusPed	253.259115	62	0
#SofPed	253.269531	0	0
#SofPed	253.282552	100	0
#SofPed	253.449219	0	0
#SofPed	253.457031	91	0
#SusPed	253.509115	0	0
#SusPed	253.514323	67	0
#SusPed	254.549479	0	0
#SusPed	254.555990	65	0
#SusPed	254.829427	0	0
#SusPed	254.841146	74	0
#SofPed	255.019531	0	0
#SofPed	255.028646	91	0
#SofPed	255.529948	0	0
#SofPed	255.535156	96	0
#SusPed	255.779948	0	0
#SusPed	255.791667	60	0
#SofPed	255.829427	0	0
#SofPed	255.838542	83	0
#SusPed	255.949219	0	0
#SusPed	255.963542	62	0
#SofPed	256.049479	0	0
#SofPed	256.055990	82	0
#SusPed	256.919271	0	0
#SusPed	256.927083	71	0
#SusPed	257.369792	0	0
#SusPed	257.384115	60	0
#SusPed	257.569010	0	0
#SusPed	257.580729	63	0
#SusPed	257.938802	0	0
#SusPed	257.953125	68	0
#SusPed	258.199219	0	0
#SusPed	258.204427	70	0
#SofPed	258.489583	0	0
#SofPed	258.502604	95	0
#SofPed	258.658854	0	0
#SofPed	258.671875	93	0
#SusPed	258.699219	0	0
#SusPed	258.705729	65	0
#SusPed	258.869792	0	0
#SusPed	258.881510	71	0
#SofPed	258.938802	0	0
#SofPed	258.946615	106	0
#SofPed	259.188802	0	0
#SofPed	259.199219	105	0
#SofPed	259.500000	0	0
#SofPed	259.510417	103	0
#SusPed	259.579427	0	0
#SusPed	259.591146	85	0
#SusPed	259.839844	0	0
#SusPed	259.845052	62	0
#SofPed	260.098958	0	0
#SofPed	260.106771	77	0
#SofPed	260.658854	0	0
#SofPed	260.666667	51	0
#SofPed	260.699219	0	0
#SofPed	260.712240	51	0
#SusPed	260.869792	0	0
#SusPed	260.875000	71	0
#SofPed	260.919271	0	0
#SofPed	260.932292	52	0
#SusPed	261.128906	0	0
#SusPed	261.136719	76	0
#SofPed	261.199219	0	0
#SofPed	261.214844	55	0
#SofPed	261.348958	0	0
#SofPed	261.355469	58	0
#SusPed	262.218750	0	0
#SusPed	262.233073	66	0
#SofPed	262.259115	0	0
#SofPed	262.265625	112	0
#SusPed	262.649740	0	0
#SusPed	262.664062	71	0
#SofPed	262.848958	0	0
#SofPed	262.864583	91	0
#SofPed	263.000000	0	0
#SofPed	263.005208	88	0
#SofPed	263.589844	0	0
#SofPed	263.602865	106	0
#SusPed	263.718750	0	0
#SusPed	263.733073	79	0
#SofPed	263.848958	0	0
#SofPed	263.855469	104	0
#SusPed	264.039062	0	0
#SusPed	264.046875	66	0
#SusPed	264.619792	0	0
#SusPed	264.632812	76	0
#SusPed	264.949219	0	0
#SusPed	264.960938	62	0
#SusPed	265.059896	0	0
#SusPed	265.070312	75	0
#SusPed	265.569010	0	0
#SusPed	265.576823	63	0
#SusPed	265.829427	0	0
#SusPed	265.841146	85	0
#SusPed	266.059896	0	0
#SusPed	266.072917	74	0
#SofPed	266.109375	0	0
#SofPed	266.122396	103	0
#SusPed	266.299479	0	0
#SusPed	266.304688	76	0
#SofPed	266.468750	0	0
#SofPed	266.481771	92	0
#SofPed	266.769531	0	0
#SofPed	266.774740	89	0
#SusPed	266.779948	0	0
#SusPed	266.786458	72	0
#SusPed	266.929688	0	0
#SusPed	266.940104	70	0
#SofPed	266.989583	0	0
#SofPed	266.996094	89	0
#SofPed	267.419271	0	0
#SofPed	267.432292	100	0
#SusPed	267.438802	0	0
#SusPed	267.453125	74	0
#SofPed	267.519531	0	0
#SofPed	267.526042	105	0
#SusPed	267.769531	0	0
#SusPed	267.774740	73	0
#SofPed	267.799479	0	0
#SofPed	267.805990	102	0
#SusPed	268.449219	0	0
#SusPed	268.458333	86	0
#SusPed	268.688802	0	0
#SusPed	268.699219	74	0
#SusPed	268.929688	0	0
#SusPed	268.941406	82	0
#SofPed	269.169271	0	0
#SofPed	269.182292	108	0
#SofPed	269.259115	0	0
#SofPed	269.266927	103	0
#SofPed	269.399740	0	0
#SofPed	269.407552	103	0
#SofPed	269.869792	0	0
#SofPed	269.875000	103	0
#SusPed	269.919271	0	0
#SusPed	269.929688	76	0
#SusPed	270.128906	0	0
#SusPed	270.136719	72	0
#SofPed	270.329427	0	0
#SofPed	270.335938	96	0
#SusPed	270.639323	0	0
#SusPed	270.645833	65	0
#SofPed	270.679688	0	0
#SofPed	270.694010	94	0
#SusPed	270.829427	0	0
#SusPed	270.837240	69	0
#SofPed	271.029948	0	0
#SofPed	271.035156	101	0
#SofPed	271.218750	0	0
#SofPed	271.226562	99	0
#SusPed	271.259115	0	0
#SusPed	271.273438	73	0
#SusPed	271.579427	0	0
#SusPed	271.592448	80	0
#SofPed	271.679688	0	0
#SofPed	271.694010	96	0
#SofPed	271.779948	0	0
#SofPed	271.791667	92	0
#SofPed	272.188802	0	0
#SofPed	272.199219	88	0
#SofPed	272.239583	0	0
#SofPed	272.252604	90	0
#SusPed	272.269531	0	0
#SusPed	272.279948	79	0
#SofPed	272.429688	0	0
#SofPed	272.441406	95	0
#SusPed	272.459635	0	0
#SusPed	272.464844	68	0
#SusPed	272.709635	0	0
#SusPed	272.721354	74	0
#SofPed	272.729167	0	0
#SofPed	272.734375	82	0
#SofPed	272.859375	0	0
#SofPed	272.873698	83	0
#SofPed	273.179688	0	0
#SusPed	273.188802	0	0
#SofPed	273.194010	84	0
#SusPed	273.204427	70	0
#SofPed	273.299479	0	0
#SofPed	273.305990	81	0
#SofPed	273.459635	0	0
#SofPed	273.472656	88	0
#SofPed	273.718750	0	0
#SofPed	273.731771	88	0
#SusPed	273.789062	0	0
#SusPed	273.803385	80	0
#SusPed	274.039062	0	0
#SusPed	274.048177	67	0
#SofPed	274.199219	0	0
#SofPed	274.207031	90	0
#SusPed	274.429688	0	0
#SusPed	274.438802	91	0
#SofPed	274.500000	0	0
#SofPed	274.507812	104	0
#SusPed	274.549479	0	0
#SusPed	274.559896	72	0
#SofPed	275.179688	0	0
#SofPed	275.184896	106	0
#SusPed	275.199219	0	0
#SusPed	275.207031	75	0
#SusPed	275.598958	0	0
#SusPed	275.611979	80	0
#SofPed	275.929688	0	0
#SofPed	275.942708	104	0
#SofPed	276.139323	0	0
#SofPed	276.153646	101	0
#SofPed	276.188802	0	0
#SofPed	276.199219	103	0
#SusPed	276.229167	0	0
#SusPed	276.243490	82	0
#SusPed	276.399740	0	0
#SusPed	276.414062	67	0
#SofPed	276.438802	0	0
#SofPed	276.449219	104	0
#SusPed	276.639323	0	0
#SusPed	276.644531	86	0
#SofPed	276.709635	0	0
#SofPed	276.723958	93	0
#SofPed	277.059896	0	0
#SofPed	277.067708	85	0
#SusPed	277.799479	0	0
#SusPed	277.813802	79	0
#SusPed	277.959635	0	0
#SusPed	277.964844	64	0
#SofPed	278.289062	0	0
#SofPed	278.299479	104	0
#SusPed	278.679688	0	0
#SusPed	278.691406	70	0
#SofPed	278.799479	0	0
#SofPed	278.811198	98	0
#SofPed	279.079427	0	0
#SofPed	279.084635	101	0
#SofPed	279.158854	0	0
#SofPed	279.166667	101	0
#SofPed	279.408854	0	0
#SofPed	279.423177	104	0
#SofPed	279.468750	0	0
#SofPed	279.481771	102	0
#SusPed	279.509115	0	0
#SusPed	279.524740	77	0
#SusPed	279.859375	0	0
#SusPed	279.872396	80	0
#SofPed	280.098958	0	0
#SofPed	280.110677	109	0
#SusPed	280.479167	0	0
#SusPed	280.493490	70	0
#SofPed	280.529948	0	0
#SofPed	280.535156	108	0
#SofPed	280.809896	0	0
#SofPed	280.821615	113	0
#SofPed	280.889323	0	0
#SofPed	280.901042	111	0
#SusPed	280.979167	0	0
#SusPed	280.986979	77	0
#SusPed	281.199219	0	0
#SusPed	281.205729	69	0
#SofPed	281.408854	0	0
#SofPed	281.415365	92	0
#SofPed	281.959635	0	0
#SofPed	281.970052	97	0
#SusPed	282.479167	0	0
#SofPed	282.479167	0	0
#SofPed	282.484375	106	0
#SusPed	282.488281	84	0
#SusPed	282.750000	0	0
#SusPed	282.764323	70	0
#SofPed	282.919271	0	0
#SofPed	282.933594	88	0
#SofPed	282.959635	0	0
#SofPed	282.966146	90	0
#SofPed	283.069010	0	0
#SofPed	283.074219	94	0
#SusPed	283.229167	0	0
#SusPed	283.242188	69	0
#SofPed	283.269531	0	0
#SofPed	283.281250	102	0
#SusPed	283.468750	0	0
#SusPed	283.483073	80	0
#SofPed	283.589844	0	0
#SofPed	283.602865	97	0
#SofPed	283.949219	0	0
#SofPed	283.959635	102	0
#SusPed	284.049479	0	0
#SusPed	284.057292	64	0
#SusPed	284.339844	0	0
#SusPed	284.347656	66	0
#SofPed	284.479167	0	0
#SofPed	284.494792	112	0
#SusPed	284.829427	0	0
#SusPed	284.837240	64	0
#SofPed	285.119792	0	0
#SofPed	285.127604	103	0
#SofPed	285.269531	0	0
#SofPed	285.279948	102	0
#SusPed	285.289062	0	0
#SusPed	285.296875	61	0
#SusPed	285.339844	0	0
#SusPed	285.352865	50	0
#SusPed	285.539062	0	0
#SusPed	285.552083	74	0
#SofPed	285.639323	0	0
#SofPed	285.653646	94	0
#SusPed	286.069010	0	0
#SusPed	286.074219	93	0
#SofPed	286.158854	0	0
#SofPed	286.165365	69	0
#SusPed	286.829427	0	0
#SofPed	286.829427	0	0
#SofPed	286.835938	86	0
#SusPed	286.835938	85	0
#SusPed	287.139323	0	0
#SusPed	287.145833	75	0
#SofPed	287.218750	0	0
#SofPed	287.225260	82	0
#SofPed	287.559896	0	0
#SofPed	287.565104	85	0
#SusPed	287.589844	0	0
#SusPed	287.595052	61	0
#SofPed	287.789062	0	0
#SusPed	287.799479	0	0
#SofPed	287.800781	95	0
#SusPed	287.807292	75	0
#SusPed	288.319010	0	0
#SusPed	288.333333	59	0
#SusPed	288.539062	0	0
#SusPed	288.544271	66	0
#SofPed	288.709635	0	0
#SofPed	288.720052	93	0
#SusPed	289.279948	0	0
#SusPed	289.285156	70	0
#SusPed	289.369792	0	0
#SusPed	289.384115	71	0
#SusPed	289.489583	0	0
#SusPed	289.501302	69	0
#SusPed	289.658854	0	0
#SusPed	289.670573	60	0
#SusPed	289.769531	0	0
#SusPed	289.783854	64	0
#SusPed	290.658854	0	0
#SusPed	290.665365	71	0
#SusPed	290.729167	0	0
#SusPed	290.740885	70	0
#SusPed	290.789062	0	0
#SusPed	290.800781	69	0
#SusPed	291.139323	0	0
#SusPed	291.145833	63	0
#SusPed	291.658854	0	0
#SusPed	291.665365	72	0
#SusPed	292.218750	0	0
#SusPed	292.229167	55	0
#SusPed	292.329427	0	0
#SusPed	292.342448	61	0
#SofPed	293.279948	0	0
#SofPed	293.292969	104	0
#SofPed	293.598958	0	0
#SofPed	293.613281	107	0
#SofPed	293.709635	0	0
#SofPed	293.714844	108	0
#SofPed	293.799479	0	0
#SofPed	293.807292	102	0
#SusPed	294.389323	0	0
#SusPed	294.394531	65	0
#SofPed	294.619792	0	0
#SofPed	294.625000	100	0
#SofPed	295.000000	0	0
#SofPed	295.014323	104	0
#SofPed	295.319010	0	0
#SofPed	295.328125	101	0
#SofPed	295.449219	0	0
#SofPed	295.454427	100	0
#SusPed	296.188802	0	0
#SusPed	296.195312	52	0
#SusPed	296.579427	0	0
#SusPed	296.584635	66	0
#SusPed	298.889323	0	0
#SusPed	298.902344	69	0
#SusPed	299.209635	0	0
#SusPed	299.221354	70	0
#SusPed	300.209635	0	0
#SusPed	300.221354	69	0
#SusPed	300.479167	0	0
#SusPed	300.492188	69	0
#SofPed	301.459635	0	0
#SofPed	302.643229	85	0
#SusPed	302.779948	0	0
#SusPed	302.794271	75	0
#SofPed	302.809896	0	0
#SofPed	302.815104	89	0
#SusPed	303.169271	0	0
#SusPed	303.178385	72	0
#SofPed	303.299479	0	0
#SofPed	303.312500	103	0
#SofPed	303.938802	0	0
#SofPed	303.947917	97	0
#SusPed	304.389323	0	0
#SusPed	304.398438	72	0
#SusPed	304.658854	0	0
#SusPed	304.674479	72	0
#SofPed	305.468750	0	0
#SofPed	305.477865	77	0
#SofPed	305.679688	0	0
#SofPed	305.686198	72	0
#SofPed	305.989583	0	0
#SofPed	305.994792	72	0
#SusPed	306.959635	0	0
#SusPed	306.971354	67	0
#SusPed	307.149740	0	0
#SusPed	307.160156	69	0
#SofPed	307.279948	0	0
#SofPed	307.291667	79	0
#SofPed	307.329427	0	0
#SofPed	307.343750	72	0
#SofPed	307.479167	0	0
#SofPed	307.484375	61	0
#SofPed	307.589844	0	0
#SofPed	307.595052	69	0
#SusPed	307.628906	0	0
#SusPed	307.643229	76	0
#SusPed	307.889323	0	0
#SusPed	307.903646	88	0
#SofPed	308.039062	0	0
#SofPed	308.048177	96	0
#SusPed	308.729167	0	0
#SusPed	308.743490	71	0
#SusPed	309.209635	0	0
#SusPed	309.217448	74	0
#SusPed	309.919271	0	0
#SusPed	309.928385	76	0
#SusPed	310.289062	0	0
#SusPed	310.304688	74	0
#SusPed	310.619792	0	0
#SusPed	310.634115	103	0
#SusPed	311.059896	0	0
#SusPed	311.072917	71	0
#SusPed	311.389323	0	0
#SusPed	311.397135	36	0
#SusPed	311.699219	0	0
#SusPed	311.707031	37	0
#SusPed	311.889323	0	0
#SusPed	311.903646	36	0
#SusPed	311.949219	0	0
#SusPed	313.044271	62	0
#SofPed	314.049479	0	0
#SusPed	314.429688	0	0
#SusPed	314.434896	67	0
#SusPed	314.769531	0	0
#SusPed	314.774740	82	0
#SofPed	314.804688	89	0
#SusPed	315.299479	0	0
#SusPed	315.305990	74	0
#SusPed	315.658854	0	0
#SusPed	315.674479	69	0
#SusPed	316.609375	0	0
#SusPed	316.623698	85	0
#SusPed	316.669271	0	0
#SusPed	316.674479	66	0
#SusPed	317.009115	0	0
#SusPed	317.023438	67	0
#SusPed	318.069010	0	0
#SusPed	318.083333	69	0
#SusPed	318.369792	0	0
#SusPed	318.382812	71	0
#SofPed	319.209635	0	0
#SofPed	319.222656	66	0
#SofPed	319.359375	0	0
#SofPed	319.364583	87	0
#SofPed	319.769531	0	0
#SofPed	319.776042	103	0
#SusPed	319.819010	0	0
#SusPed	319.833333	65	0
#SofPed	319.848958	0	0
#SofPed	319.861979	108	0
#SusPed	320.218750	0	0
#SusPed	320.234375	56	0
#SofPed	320.359375	0	0
#SofPed	320.364583	112	0
#SusPed	320.628906	0	0
#SusPed	320.644531	72	0
#SusPed	320.688802	0	0
#SusPed	320.696615	70	0
#SofPed	320.938802	0	0
#SofPed	320.949219	105	0
#SofPed	320.979167	0	0
#SofPed	320.986979	103	0
#SofPed	321.429688	0	0
#SofPed	321.442708	93	0
#SusPed	321.459635	0	0
#SusPed	321.468750	67	0
#SusPed	321.769531	0	0
#SusPed	321.781250	76	0
#SofPed	322.049479	0	0
#SofPed	322.057292	102	0
#SofPed	322.359375	0	0
#SofPed	322.364583	109	0
#SofPed	322.878906	0	0
#SofPed	322.890625	103	0
#SofPed	322.929688	0	0
#SofPed	322.938802	103	0
#SofPed	323.438802	0	0
#SofPed	323.450521	78	0
#SofPed	323.628906	0	0
#SofPed	323.635417	65	0
#SofPed	323.799479	0	0
#SofPed	323.811198	84	0
#SofPed	324.389323	0	0
#SofPed	324.394531	106	0
#SusPed	324.539062	0	0
#SusPed	324.545573	77	0
#SofPed	324.809896	0	0
#SofPed	324.819010	113	0
#SusPed	324.839844	0	0
#SusPed	324.848958	63	0
#SofPed	325.229167	0	0
#SofPed	325.243490	114	0
#SofPed	325.539062	0	0
#SofPed	325.544271	105	0
#SusPed	326.289062	0	0
#SusPed	326.303385	69	0
#SusPed	326.479167	0	0
#SusPed	326.743490	69	0
#SusPed	327.218750	0	0
#SusPed	327.234375	68	0
#SusPed	328.979167	0	0
#SusPed	328.985677	76	0
#SusPed	329.039062	0	0
#SusPed	329.048177	77	0
#SofPed	329.348958	0	0
#SofPed	329.354167	88	0
#SofPed	329.479167	0	0
#SofPed	329.485677	82	0
#SofPed	329.699219	0	0
#SofPed	329.712240	71	0
#SofPed	329.750000	0	0
#SofPed	329.757812	68	0
#SofPed	329.819010	0	0
#SofPed	329.830729	68	0
#SofPed	330.179688	0	0
#SofPed	330.184896	55	0
#SusPed	331.809896	0	0
#SusPed	331.816406	76	0
#SusPed	331.938802	0	0
#SusPed	331.945312	64	0
#SusPed	332.829427	0	0
#SusPed	332.843750	78	0
#SusPed	332.878906	0	0
#SusPed	332.886719	74	0
#SusPed	333.059896	0	0
#SusPed	333.067708	70	0
#SofPed	333.859375	0	0
#SofPed	333.871094	103	0
#SofPed	334.039062	0	0
#SofPed	334.054688	103	0
#SofPed	334.438802	0	0
#SofPed	334.453125	92	0
#SofPed	334.519531	0	0
#SofPed	334.532552	90	0
#SofPed	334.718750	0	0
#SofPed	334.730469	87	0
#SusPed	334.899740	0	0
#SusPed	334.904948	65	0
#SofPed	334.919271	0	0
#SofPed	334.928385	84	0
#SofPed	335.089844	0	0
#SofPed	335.102865	91	0
#SusPed	335.169271	0	0
#SusPed	335.182292	66	0
#SofPed	335.218750	0	0
#SofPed	335.225260	86	0
#SofPed	335.639323	0	0
#SofPed	335.653646	83	0
#SofPed	335.799479	0	0
#SofPed	335.805990	91	0
#SusPed	335.908854	0	0
#SusPed	335.921875	71	0
#SofPed	335.938802	0	0
#SofPed	335.953125	92	0
#SofPed	336.069010	0	0
#SofPed	336.080729	101	0
#SusPed	336.359375	0	0
#SusPed	336.365885	66	0
#SusPed	336.949219	0	0
#SusPed	336.959635	71	0
#SusPed	336.989583	0	0
#SusPed	337.001302	68	0
#SusPed	337.259115	0	0
#SusPed	337.265625	76	0
#SofPed	337.489583	0	0
#SofPed	337.503906	103	0
#SusPed	337.718750	0	0
#SofPed	337.718750	0	0
#SusPed	337.727865	64	0
#SofPed	337.734375	106	0
#SusPed	337.979167	0	0
#SusPed	337.988281	72	0
#SofPed	338.009115	0	0
#SofPed	338.014323	102	0
#SofPed	338.089844	0	0
#SofPed	338.101562	102	0
#SofPed	338.408854	0	0
#SofPed	338.424479	97	0
#SusPed	338.438802	0	0
#SusPed	338.453125	66	0
#SofPed	338.628906	0	0
#SofPed	338.641927	104	0
#SofPed	338.809896	0	0
#SofPed	338.821615	106	0
#SusPed	338.979167	0	0
#SusPed	338.988281	75	0
#SusPed	339.449219	0	0
#SusPed	339.463542	83	0
#SofPed	339.649740	0	0
#SofPed	339.660156	100	0
#SusPed	339.709635	0	0
#SusPed	339.722656	62	0
#SofPed	339.729167	0	0
#SofPed	339.738281	98	0
#SofPed	340.029948	0	0
#SofPed	340.042969	98	0
#SusPed	340.049479	0	0
#SusPed	340.058594	79	0
#SofPed	340.699219	0	0
#SofPed	340.705729	94	0
#SofPed	340.869792	0	0
#SofPed	340.884115	97	0
#SusPed	341.039062	0	0
#SusPed	341.050781	67	0
#SofPed	341.079427	0	0
#SofPed	341.085938	102	0
#SofPed	341.250000	0	0
#SofPed	341.264323	104	0
#SusPed	341.269531	0	0
#SusPed	341.274740	70	0
#SofPed	342.429688	0	0
#SofPed	342.444010	68	0
#SusPed	342.639323	0	0
#SusPed	342.647135	76	0
#SofPed	342.688802	0	0
#SofPed	342.695312	49	0
#SofPed	342.869792	0	0
#SofPed	342.877604	50	0
#SusPed	342.919271	0	0
#SusPed	342.930990	87	0
#SusPed	343.799479	0	0
#SusPed	343.813802	75	0
#SusPed	344.128906	0	0
#SusPed	344.134115	89	0
#SofPed	344.158854	0	0
#SofPed	344.171875	101	0
#SofPed	344.218750	0	0
#SofPed	344.226562	101	0
#SofPed	344.489583	0	0
#SofPed	344.494792	104	0
#SofPed	344.899740	0	0
#SofPed	344.904948	109	0
#SofPed	345.279948	0	0
#SofPed	345.291667	107	0
#SofPed	345.348958	0	0
#SofPed	345.361979	106	0
#SusPed	345.389323	0	0
#SusPed	345.402344	74	0
#SofPed	345.789062	0	0
#SofPed	345.796875	101	0
#SusPed	345.799479	0	0
#SusPed	345.812500	51	0
#SofPed	345.989583	0	0
#SofPed	345.994792	101	0
#SusPed	346.000000	0	0
#SusPed	346.010417	52	0
#SofPed	346.119792	0	0
#SofPed	346.134115	100	0
#SusPed	346.389323	0	0
#SusPed	346.403646	70	0
#SusPed	347.119792	0	0
#SusPed	347.132812	62	0
#SusPed	347.459635	0	0
#SusPed	347.470052	72	0
#SofPed	347.500000	0	0
#SusPed	348.598958	0	0
#SusPed	348.610677	63	0
#SusPed	348.908854	0	0
#SusPed	348.921875	71	0
#SusPed	349.459635	0	0
#SusPed	349.466146	96	0
#SofPed	350.243490	85	0
#SofPed	350.389323	0	0
#SofPed	350.403646	82	0
#SofPed	350.699219	0	0
#SofPed	350.712240	90	0
#SofPed	350.829427	0	0
#SofPed	350.834635	92	0
#SofPed	351.089844	0	0
#SofPed	351.102865	94	0
#SusPed	351.169271	0	0
#SusPed	351.177083	96	0
#SusPed	351.438802	0	0
#SusPed	351.446615	69	0
#SusPed	351.750000	0	0
#SusPed	351.761719	77	0
#SofPed	351.959635	0	0
#SofPed	351.966146	73	0
#SofPed	352.119792	0	0
#SofPed	352.132812	75	0
#SofPed	352.218750	0	0
#SofPed	352.226562	67	0
#SofPed	352.269531	0	0
#SofPed	352.283854	66	0
#SofPed	352.489583	0	0
#SofPed	352.503906	94	0
#SusPed	352.529948	0	0
#SusPed	352.544271	78	0
#SofPed	352.579427	0	0
#SofPed	352.584635	98	0
#SofPed	352.688802	0	0
#SofPed	352.701823	99	0
#SusPed	352.919271	0	0
#SusPed	352.928385	83	0
#SofPed	352.938802	0	0
#SofPed	352.954427	102	0
#SofPed	353.348958	0	0
#SofPed	353.355469	108	0
#SofPed	353.449219	0	0
#SofPed	353.462240	106	0
#SofPed	353.489583	0	0
#SofPed	353.496094	106	0
#SofPed	353.598958	0	0
#SofPed	353.609375	109	0
#SofPed	353.949219	0	0
#SofPed	353.964844	103	0
#SusPed	353.989583	0	0
#SusPed	354.002604	83	0
#SofPed	354.149740	0	0
#SofPed	354.156250	97	0
#SofPed	354.279948	0	0
#SofPed	354.289062	97	0
#SofPed	354.468750	0	0
#SofPed	354.479167	91	0
#SofPed	354.579427	0	0
#SofPed	354.585938	88	0
#SofPed	354.669271	0	0
#SofPed	354.679688	82	0
#SusPed	354.809896	0	0
#SusPed	354.815104	84	0
#SofPed	354.869792	0	0
#SofPed	354.875000	64	0
#SofPed	355.339844	0	0
#SofPed	355.351562	90	0
#SusPed	355.459635	0	0
#SusPed	355.464844	67	0
#SofPed	355.759115	0	0
#SofPed	355.768229	105	0
#SusPed	355.869792	0	0
#SusPed	355.876302	83	0
#SusPed	356.569010	0	0
#SusPed	356.580729	90	0
#SusPed	356.869792	0	0
#SusPed	356.875000	76	0
#SusPed	357.309896	0	0
#SusPed	357.324219	81	0
#SusPed	357.959635	0	0
#SusPed	357.972656	100	0
#SusPed	358.079427	0	0
#SusPed	358.093750	99	0
#SusPed	358.149740	0	0
#SusPed	358.161458	96	0
#SusPed	358.348958	0	0
#SusPed	358.359375	70	0
#SusPed	358.509115	0	0
#SusPed	358.514323	61	0
#SofPed	358.609375	0	0
#SofPed	358.617188	109	0
#SofPed	358.839844	0	0
#SofPed	358.850260	102	0
#SofPed	359.589844	0	0
#SofPed	359.601562	95	0
#SofPed	359.739583	0	0
#SofPed	359.752604	91	0
#SusPed	359.869792	0	0
#SusPed	359.876302	64	0
#SusPed	360.158854	0	0
#SusPed	360.166667	63	0
#SofPed	360.179688	0	0
#SofPed	360.190104	93	0
#SofPed	360.479167	0	0
#SofPed	360.492188	100	0
#SusPed	360.500000	0	0
#SusPed	360.514323	57	0
#SofPed	360.839844	0	0
#SofPed	360.852865	92	0
#SusPed	360.859375	0	0
#SusPed	360.869792	87	0
#SusPed	361.019531	0	0
#SusPed	361.026042	88	0
#SofPed	361.089844	0	0
#SusPed	361.098958	0	0
#SofPed	361.101562	96	0
#SusPed	361.113281	88	0
#SofPed	361.239583	0	0
#SofPed	361.251302	84	0
#SofPed	361.319010	0	0
#SofPed	361.326823	84	0
#SusPed	361.859375	0	0
#SusPed	361.871094	64	0
#SofPed	362.089844	0	0
#SofPed	362.096354	108	0
#SusPed	362.119792	0	0
#SusPed	362.127604	73	0
#SofPed	362.209635	0	0
#SofPed	362.222656	111	0
#SofPed	362.279948	0	0
#SofPed	362.291667	109	0
#SofPed	362.509115	0	0
#SofPed	362.522135	103	0
#SofPed	362.589844	0	0
#SofPed	362.595052	100	0
#SusPed	362.699219	0	0
#SusPed	362.709635	66	0
#SofPed	362.718750	0	0
#SofPed	362.731771	89	0
#SofPed	362.779948	0	0
#SofPed	362.783854	92	0
#SofPed	362.968750	0	0
#SofPed	362.976562	97	0
#SusPed	363.000000	0	0
#SusPed	363.010417	80	0
#SusPed	363.639323	0	0
#SusPed	363.652344	61	0
#SofPed	363.859375	0	0
#SofPed	363.865885	84	0
#SofPed	364.009115	0	0
#SofPed	364.023438	90	0
#SofPed	364.128906	0	0
#SofPed	364.143229	85	0
#SofPed	364.229167	0	0
#SofPed	364.240885	86	0
#SofPed	364.579427	0	0
#SofPed	364.592448	86	0
#SusPed	364.609375	0	0
#SusPed	364.617188	80	0
#SofPed	364.949219	0	0
#SusPed	364.959635	0	0
#SofPed	364.959635	76	0
#SusPed	364.972656	74	0
#SusPed	366.069010	0	0
#SusPed	366.083333	72	0
#SusPed	366.949219	0	0
#SusPed	366.954427	78	0
#SusPed	367.628906	0	0
#SusPed	367.644531	78	0
#SusPed	367.968750	0	0
#SofPed	368.378906	0	0
#SofPed	368.393229	107	0
#SofPed	368.519531	0	0
#SofPed	368.527344	106	0
#SofPed	368.649740	0	0
#SofPed	368.656250	97	0
#SofPed	368.839844	0	0
#SofPed	368.852865	87	0
#SusPed	368.923177	65	0
#SofPed	369.348958	0	0
#SofPed	369.358073	91	0
#SusPed	369.359375	0	0
#SusPed	369.373698	84	0
#SusPed	370.319010	0	0
#SusPed	370.325521	71	0
#SusPed	370.750000	0	0
#SusPed	370.763021	73	0
#SusPed	371.519531	0	0
#SusPed	371.526042	70	0
#SusPed	372.609375	0	0
#SusPed	372.615885	69	0
#SusPed	372.839844	0	0
#SusPed	372.846354	70	0
#SusPed	373.529948	0	0
#SusPed	373.541667	70	0
#SusPed	374.449219	0	0
#SusPed	374.460938	67	0
#SusPed	375.029948	0	0
#SusPed	375.040365	73	0
#SofPed	375.359375	0	0
#SofPed	375.373698	83	0
#SofPed	375.619792	0	0
#SofPed	375.628906	83	0
#SofPed	376.479167	0	0
#SusPed	376.489583	0	0
#SofPed	376.492188	69	0
#SusPed	376.502604	85	0
#SofPed	376.908854	0	0
#SofPed	376.916667	106	0
#SusPed	377.069010	0	0
#SusPed	377.076823	67	0
#SusPed	378.589844	0	0
#SusPed	378.602865	73	0
#SusPed	379.859375	0	0
#SusPed	379.864583	74	0
#SusPed	380.789062	0	0
#SusPed	380.795573	70	0
#SusPed	380.899740	0	0
#SusPed	380.906250	72	0
#SofPed	381.878906	0	0
#SofPed	381.884115	75	0
#SofPed	381.989583	0	0
#SofPed	381.994792	69	0
#SofPed	382.188802	0	0
#SofPed	382.194010	84	0
#SofPed	382.329427	0	0
#SofPed	382.337240	84	0
#SofPed	382.519531	0	0
#SofPed	382.524740	70	0
#SofPed	382.878906	0	0
#SofPed	382.893229	44	0
#SofPed	382.959635	0	0
#SofPed	382.967448	41	0
#SofPed	383.348958	0	0
#SofPed	383.354167	60	0
#SofPed	383.949219	0	0
#SofPed	383.957031	81	0
#SusPed	383.959635	0	0
#SusPed	383.973958	91	0
#SusPed	384.250000	0	0
#SusPed	384.256510	62	0
#SusPed	384.579427	0	0
#SusPed	384.584635	53	0
#SofPed	384.688802	0	0
#SofPed	384.696615	90	0
#SofPed	384.968750	0	0
#SofPed	384.977865	69	0
#SofPed	385.098958	0	0
#SofPed	385.106771	79	0
#SofPed	385.199219	0	0
#SofPed	385.212240	83	0
#SofPed	385.289062	0	0
#SofPed	385.295573	84	0
#SusPed	385.389323	0	0
#SusPed	385.403646	84	0
#SusPed	385.679688	0	0
#SusPed	385.690104	61	0
#SofPed	385.709635	0	0
#SofPed	385.716146	90	0
#SofPed	386.069010	0	0
#SofPed	386.076823	78	0
#SusPed	386.149740	0	0
#SusPed	386.154948	61	0
#SofPed	386.319010	0	0
#SofPed	386.324219	76	0
#SofPed	387.079427	0	0
#SofPed	387.088542	75	0
#SusPed	387.179688	0	0
#SusPed	387.188802	72	0
#SofPed	387.399740	0	0
#SofPed	387.411458	66	0
#SusPed	387.559896	0	0
#SusPed	387.563802	77	0
#SusPed	389.259115	0	0
#SusPed	389.270833	73	0
#SusPed	391.250000	0	0
#SusPed	391.255208	82	0
#SofPed	391.789062	0	0
#SofPed	391.802083	53	0
#SusPed	392.639323	0	0
#SusPed	392.645833	87	0
#SusPed	392.699219	0	0
#SusPed	392.710938	82	0
#SofPed	392.729167	0	0
#SofPed	392.743490	88	0
#SusPed	392.829427	0	0
#SusPed	392.843750	76	0
#SofPed	392.889323	0	0
#SofPed	392.895833	82	0
#SusPed	392.908854	0	0
#SusPed	392.914062	67	0
#SofPed	393.098958	0	0
#SofPed	393.110677	83	0
#SofPed	393.199219	0	0
#SofPed	393.205729	84	0
#SofPed	393.239583	0	0
#SofPed	393.250000	86	0
#SofPed	393.299479	0	0
#SofPed	393.307292	86	0
#SofPed	393.378906	0	0
#SofPed	393.391927	78	0
#SusPed	393.709635	0	0
#SusPed	393.714844	90	0
#SofPed	393.878906	0	0
#SofPed	393.886719	69	0
#SofPed	394.119792	0	0
#SofPed	394.125000	60	0
#SofPed	394.158854	0	0
#SofPed	394.169271	58	0
#SofPed	394.250000	0	0
#SofPed	394.261719	56	0
#SusPed	394.339844	0	0
#SusPed	394.346354	80	0
#SofPed	394.359375	0	0
#SofPed	394.372396	60	0
#SusPed	394.378906	0	0
#SusPed	394.388021	69	0
#SofPed	394.399740	0	0
#SofPed	394.412760	60	0
#SofPed	394.609375	0	0
#SofPed	394.622396	70	0
#SofPed	394.809896	0	0
#SofPed	394.815104	77	0
#SusPed	394.819010	0	0
#SusPed	394.824219	48	0
#SusPed	394.889323	0	0
#SusPed	394.895833	46	0
#SusPed	395.209635	0	0
#SusPed	395.217448	69	0
#SofPed	395.279948	0	0
#SofPed	395.286458	59	0
#SofPed	395.889323	0	0
#SofPed	395.902344	52	0
#SusPed	396.049479	0	0
#SusPed	396.057292	82	0
#SofPed	396.098958	0	0
#SofPed	396.105469	48	0
#SofPed	396.309896	0	0
#SofPed	396.320312	53	0
#SusPed	397.269531	0	0
#SusPed	397.279948	72	0
#SusPed	397.419271	0	0
#SusPed	397.730469	81	0
#SofPed	397.829427	0	0
#SofPed	397.841146	92	0
#SusPed	398.199219	0	0
#SusPed	398.204427	71	0
#SusPed	398.309896	0	0
#SusPed	399.174479	68	0
#SusPed	399.489583	0	0
#SusPed	399.494792	64	0
#SofPed	399.519531	0	0
#SofPed	399.528646	51	0
#SofPed	399.859375	0	0
#SofPed	399.872396	68	0
#SofPed	399.989583	0	0
#SofPed	400.000000	75	0
#SofPed	400.059896	0	0
#SofPed	400.067708	81	0
#SofPed	400.419271	0	0
#SofPed	400.427083	70	0
#SofPed	400.519531	0	0
#SofPed	400.533854	65	0
#SusPed	401.019531	0	0
#SusPed	401.026042	83	0
#SofPed	401.059896	0	0
#SofPed	401.074219	62	0
#SofPed	401.509115	0	0
#SofPed	401.514323	88	0
#SofPed	401.819010	0	0
#SofPed	401.829427	98	0
#SusPed	404.019531	0	0
#SusPed	404.033854	76	0
#SusPed	404.539062	0	0
#SusPed	404.554688	70	0
#SusPed	404.779948	0	0
#SusPed	404.786458	66	0
#SusPed	405.329427	0	0
#SusPed	405.335938	62	0
#SusPed	405.639323	0	0
#SusPed	405.645833	66	0
#SofPed	406.269531	0	0
#SofPed	406.276042	106	0
#SusPed	406.359375	0	0
#SusPed	406.372396	66	0
#SusPed	406.609375	0	0
#SusPed	406.617188	80	0
#SofPed	406.839844	0	0
#SofPed	406.852865	104	0
#SofPed	407.399740	0	0
#SofPed	407.406250	105	0
#SofPed	407.968750	0	0
#SofPed	407.980469	98	0
#SusPed	408.098958	0	0
#SusPed	408.105469	61	0
#SofPed	408.378906	0	0
#SofPed	408.384115	93	0
#SofPed	408.438802	0	0
#SofPed	408.445312	90	0
#SofPed	408.628906	0	0
#SofPed	408.634115	79	0
#SusPed	408.729167	0	0
#SusPed	408.742188	64	0
#SusPed	408.839844	0	0
#SusPed	408.845052	69	0
#SofPed	408.859375	0	0
#SofPed	408.869792	63	0
#SofPed	409.188802	0	0
#SofPed	409.197917	69	0
#SusPed	409.389323	0	0
#SusPed	409.402344	65	0
#SofPed	409.408854	0	0
#SofPed	409.419271	71	0
#SofPed	409.819010	0	0
#SofPed	409.834635	71	0
#SusPed	409.889323	0	0
#SusPed	409.901042	64	0
#SusPed	410.000000	0	0
#SusPed	410.014323	72	0
#SofPed	410.059896	0	0
#SofPed	410.065104	80	0
#SofPed	410.529948	0	0
#SofPed	410.542969	80	0
#SusPed	410.589844	0	0
#SusPed	410.596354	80	0
#SusPed	410.959635	0	0
#SofPed	410.959635	0	0
#SusPed	410.964844	82	0
#SofPed	410.972656	79	0
#SofPed	411.259115	0	0
#SofPed	411.264323	90	0
#SofPed	411.309896	0	0
#SofPed	411.324219	92	0
#SofPed	411.500000	0	0
#SofPed	411.514323	99	0
#SusPed	411.559896	0	0
#SusPed	411.566406	65	0
#SusPed	412.049479	0	0
#SusPed	412.063802	67	0
#SusPed	412.218750	0	0
#SusPed	412.234375	70	0
#SofPed	412.348958	0	0
#SofPed	412.358073	115	0
#SofPed	412.639323	0	0
#SofPed	412.652344	113	0
#SusPed	412.709635	0	0
#SusPed	412.721354	67	0
#SusPed	412.869792	0	0
#SusPed	412.882812	64	0
#SofPed	412.899740	0	0
#SofPed	412.914062	110	0
#SofPed	413.239583	0	0
#SofPed	413.253906	104	0
#SusPed	413.419271	0	0
#SusPed	413.433594	71	0
#SofPed	413.569010	0	0
#SofPed	413.575521	105	0
#SofPed	413.649740	0	0
#SofPed	413.657552	104	0
#SusPed	413.688802	0	0
#SusPed	413.703125	76	0
#SusPed	413.899740	0	0
#SofPed	413.899740	0	0
#SofPed	413.914062	107	0
#SusPed	413.914062	63	0
#SofPed	414.009115	0	0
#SofPed	414.016927	104	0
#SusPed	414.039062	0	0
#SusPed	414.053385	69	0
#SofPed	414.239583	0	0
#SofPed	414.244792	104	0
#SusPed	414.729167	0	0
#SusPed	414.736979	67	0
#SusPed	415.000000	0	0
#SusPed	415.010417	66	0
#SofPed	415.378906	0	0
#SofPed	415.390625	103	0
#SofPed	415.889323	0	0
#SofPed	415.898438	88	0
#SofPed	415.968750	0	0
#SofPed	415.984375	76	0
#SofPed	416.069010	0	0
#SofPed	416.078125	76	0
#SofPed	416.500000	0	0
#SofPed	416.510417	74	0
#SofPed	416.609375	0	0
#SofPed	416.623698	81	0
#SusPed	416.679688	0	0
#SusPed	416.694010	72	0
#SofPed	416.709635	0	0
#SofPed	416.723958	80	0
#SusPed	416.989583	0	0
#SusPed	416.994792	83	0
#SofPed	417.049479	0	0
#SofPed	417.062500	83	0
#SofPed	417.149740	0	0
#SofPed	417.154948	89	0
#SofPed	417.229167	0	0
#SofPed	417.240885	91	0
#SofPed	417.509115	0	0
#SofPed	417.515625	101	0
#SofPed	417.878906	0	0
#SofPed	417.885417	109	0
#SofPed	417.959635	0	0
#SofPed	417.972656	107	0
#SofPed	418.059896	0	0
#SofPed	418.069010	109	0
#SofPed	418.128906	0	0
#SofPed	418.138021	108	0
#SofPed	418.218750	0	0
#SofPed	418.225260	107	0
#SofPed	418.399740	0	0
#SofPed	418.407552	111	0
#SusPed	418.699219	0	0
#SusPed	418.705729	74	0
#SusPed	419.069010	0	0
#SusPed	419.075521	59	0
#SusPed	419.759115	0	0
#SusPed	419.773438	82	0
#SusPed	421.438802	0	0
#SusPed	421.445312	63	0
#SusPed	421.658854	0	0
#SusPed	421.667969	76	0
#SusPed	422.000000	0	0
#SusPed	422.013021	76	0
#SofPed	422.489583	0	0
#SofPed	422.503906	106	0
#SofPed	422.549479	0	0
#SofPed	422.562500	105	0
#SofPed	422.628906	0	0
#SofPed	422.640625	103	0
#SusPed	423.059896	0	0
#SusPed	423.065104	51	0
#SofPed	423.279948	0	0
#SofPed	423.285156	106	0
#SusPed	423.309896	0	0
#SusPed	423.315104	54	0
#SusPed	423.859375	0	0
#SusPed	423.868490	64	0
#SusPed	424.039062	0	0
#SusPed	424.045573	59	0
#SusPed	424.259115	0	0
#SusPed	424.266927	78	0
#SusPed	424.619792	0	0
#SusPed	424.625000	65	0
#SusPed	424.869792	0	0
#SusPed	424.884115	59	0
#SusPed	425.329427	0	0
#SusPed	425.343750	61	0
#SusPed	425.688802	0	0
#SusPed	425.696615	66	0
#SusPed	426.239583	0	0
#SusPed	426.253906	68	0
#SusPed	426.559896	0	0
#SusPed	426.574219	63	0
#SofPed	426.579427	0	0
#SofPed	426.589844	99	0
#SofPed	426.649740	0	0
#SofPed	426.661458	98	0
#SusPed	427.029948	0	0
#SusPed	427.033854	59	0
#SusPed	427.149740	0	0
#SusPed	427.164062	61	0
#SofPed	427.449219	0	0
#SofPed	427.460938	63	0
#SofPed	427.619792	0	0
#SofPed	427.634115	65	0
#SofPed	428.119792	0	0
#SofPed	428.128906	66	0
#SusPed	428.218750	0	0
#SusPed	428.225260	67	0
#SofPed	428.269531	0	0
#SofPed	428.282552	85	0
#SofPed	428.519531	0	0
#SofPed	428.524740	92	0
#SusPed	428.619792	0	0
#SusPed	428.625000	73	0
#SusPed	429.468750	0	0
#SusPed	429.476562	63	0
#SofPed	429.559896	0	0
#SofPed	429.574219	85	0
#SofPed	429.799479	0	0
#SofPed	429.812500	92	0
#SusPed	429.848958	0	0
#SusPed	429.863281	69	0
#SofPed	430.549479	0	0
#SofPed	430.554688	106	0
#SusPed	430.569010	0	0
#SusPed	430.583333	65	0
#SusPed	430.669271	0	0
#SusPed	430.682292	53	0
#SusPed	431.839844	0	0
#SusPed	431.846354	70	0
#SusPed	433.938802	0	0
#SusPed	433.949219	78	0
#SusPed	436.329427	0	0
#SusPed	436.335938	63	0
#SofPed	436.559896	0	0
#SusPed	439.989583	0	0
