//Version: PianoRoll_v170101
0	0.430990	3.419271	Bb1	25	80	0
1	0.523438	3.269531	F2	29	80	0
2	0.671875	2.649740	Bb2	31	80	0
3	0.785156	0.878906	D3	38	80	0
4	0.942708	1.649740	D3	36	80	0
5	0.942708	2.389323	F3	37	80	0
6	1.083333	2.929688	Bb3	46	80	0
7	1.084635	1.089844	Bb4	52	80	0
8	1.087240	1.098958	D4	38	80	0
9	5.289062	6.559896	D5	62	80	0
10	6.494792	6.889323	Eb5	51	80	0
11	6.695312	7.250000	F5	55	80	0
12	8.223958	9.079427	Bb3	46	80	0
13	8.227865	8.979167	F3	36	80	0
14	8.230469	8.959635	F2	35	80	0
15	8.233073	8.968750	Bb1	34	80	0
16	8.233073	8.859375	Bb2	36	80	0
17	8.242188	8.839844	D3	37	80	0
18	9.871094	11.169271	A3	51	80	0
19	9.891927	10.649740	F3	35	80	0
20	9.893229	12.098958	F2	32	80	0
21	9.894531	11.438802	Eb3	35	80	0
22	9.895833	12.500000	F1	33	80	0
23	9.904948	11.098958	C3	32	80	0
24	14.283854	15.649740	A5	67	80	0
25	15.515625	15.839844	Bb5	53	80	0
26	15.734375	16.218750	C6	60	80	0
27	17.399740	18.269531	Eb4	52	80	0
28	17.406250	17.829427	C4	38	80	0
29	17.414062	18.309896	F3	34	80	0
30	17.415365	18.479167	F2	35	80	0
31	17.434896	18.218750	A2	30	80	0
32	17.434896	18.089844	A1	35	80	0
33	19.117188	20.539062	D4	54	80	0
34	19.119792	19.128906	Bb4	45	80	0
35	19.134115	19.769531	F2	36	80	0
36	19.138021	20.549479	F3	34	80	0
37	19.139323	20.089844	Bb3	40	80	0
38	19.141927	19.149740	Bb1	32	80	0
39	19.143229	20.519531	Bb2	33	80	0
40	21.567708	21.769531	D4	46	80	0
41	21.752604	21.919271	F4	45	80	0
42	21.877604	22.029948	Eb4	51	80	0
43	21.985677	22.052083	D4	47	80	0
44	22.095052	22.109375	Eb4	34	80	0
45	22.194010	22.272135	F4	48	80	0
46	22.302083	22.352865	G4	52	80	0
47	22.403646	22.479167	A4	48	80	0
48	22.480469	22.522135	Bb4	54	80	0
49	22.563802	22.619792	C5	62	80	0
50	22.657552	23.669271	D5	59	80	0
51	23.783854	23.938802	Eb5	57	80	0
52	23.963542	24.579427	F5	67	80	0
53	25.231771	26.819010	F5	61	80	0
54	25.244792	26.169271	G#4	52	80	0
55	25.244792	28.559896	B4	46	80	0
56	25.263021	25.269531	D4	42	80	0
57	26.833333	28.779948	F5	50	80	0
58	26.851562	26.859375	Eb1	30	80	0
59	26.854167	26.859375	Eb2	26	80	0
60	28.458333	28.889323	Eb5	40	80	0
61	29.263021	29.929688	F5	41	80	0
62	29.266927	30.139323	D5	50	80	0
63	29.273438	29.699219	Bb4	41	80	0
64	29.283854	29.619792	D4	32	80	0
65	29.285156	29.619792	F2	30	80	0
66	30.062500	30.479167	C5	56	80	0
67	30.075521	30.479167	Eb4	40	80	0
68	30.084635	30.319010	G3	40	80	0
69	30.084635	30.559896	Bb4	46	80	0
70	30.087240	30.529948	G4	39	80	0
71	30.864583	31.438802	C5	54	80	0
72	30.884115	31.369792	Bb4	50	80	0
73	30.901042	31.489583	E4	44	80	0
74	30.908854	31.339844	G4	38	80	0
75	30.911458	31.019531	G3	38	80	0
76	31.695312	34.539062	F3	33	80	0
77	31.744792	31.829427	C5	47	80	0
78	31.752604	31.929688	Bb4	40	80	0
79	31.834635	31.908854	D5	54	80	0
80	31.910156	31.989583	C5	51	80	0
81	31.997396	32.040365	D5	57	80	0
82	32.070312	32.319010	C5	51	80	0
83	32.139323	32.449219	D5	57	80	0
84	32.356771	32.539062	B4	45	80	0
85	32.484375	32.619792	C5	45	80	0
86	32.602865	33.199219	D5	45	80	0
87	33.067708	33.259115	C5	42	80	0
88	33.569010	34.509115	C5	40	80	0
89	33.578125	34.639323	A4	36	80	0
90	35.635417	35.989583	F5	43	80	0
91	35.640625	35.878906	F3	36	80	0
92	36.062500	36.561198	Eb3	48	80	0
93	36.062500	36.319010	G5	50	80	0
94	36.065104	36.378906	Bb4	47	80	0
95	36.067708	36.449219	G3	46	80	0
96	36.070312	36.579427	Eb5	52	80	0
97	36.490885	36.562500	A3	55	80	0
98	36.492188	36.639323	A4	50	80	0
99	36.498698	36.563802	C3	45	80	0
100	36.503906	36.579427	C4	47	80	0
101	36.510417	36.579427	C5	46	80	0
102	36.963542	37.579427	Bb3	55	80	0
103	36.972656	37.649740	D3	52	80	0
104	36.973958	37.609375	Bb2	46	80	0
105	36.979167	37.500000	Bb4	49	80	0
106	36.983073	37.589844	Bb1	44	80	0
107	36.984375	37.098958	D2	46	80	0
108	38.428385	38.598958	Eb3	38	80	0
109	38.438802	38.579427	C3	36	80	0
110	38.441406	38.878906	Eb5	43	80	0
111	38.631510	39.628906	Bb4	43	80	0
112	38.631510	39.479167	F3	41	80	0
113	38.632812	39.619792	D3	39	80	0
114	38.638021	38.839844	Bb1	34	80	0
115	38.643229	39.509115	Bb2	35	80	0
116	40.253906	41.348958	F5	38	80	0
117	40.257812	40.929688	F3	33	80	0
118	40.263021	40.959635	D3	32	80	0
119	40.281250	40.688802	D5	34	80	0
120	41.886719	42.259115	D5	60	80	0
121	41.886719	42.309896	Bb2	40	80	0
122	41.889323	42.339844	D3	34	80	0
123	41.893229	42.179688	F3	35	80	0
124	42.444010	42.579427	Eb5	46	80	0
125	42.523438	42.575521	D5	48	80	0
126	42.605469	42.750000	C5	54	80	0
127	42.726562	43.539062	D5	51	80	0
128	43.424479	43.869792	Eb5	47	80	0
129	43.601562	44.149740	F5	58	80	0
130	45.389323	46.289062	Bb3	53	80	0
131	45.403646	46.109375	F3	42	80	0
132	45.414062	46.059896	D3	41	80	0
133	45.415365	46.049479	Bb1	35	80	0
134	45.416667	45.919271	F2	35	80	0
135	45.419271	45.989583	Bb2	37	80	0
136	47.246094	48.199219	A3	49	80	0
137	47.253906	48.389323	F1	43	80	0
138	47.263021	48.128906	Eb3	43	80	0
139	47.265625	47.899740	C3	40	80	0
140	48.816406	48.908854	D3	35	80	0
141	48.816406	49.769531	F2	35	80	0
142	48.822917	48.919271	F3	38	80	0
143	49.015625	49.658854	F#3	39	80	0
144	49.023438	49.869792	Eb3	35	80	0
145	50.684896	51.239583	F#3	31	80	0
146	50.687500	51.319010	Eb3	31	80	0
147	50.695312	51.109375	A3	34	80	0
148	50.701823	51.408854	Eb2	31	80	0
149	52.355469	52.699219	C6	70	80	0
150	52.368490	52.829427	F2	30	80	0
151	52.399740	52.878906	F1	30	80	0
152	52.944010	53.039062	D6	57	80	0
153	53.013021	53.139323	C6	66	80	0
154	53.085938	53.128906	B5	59	80	0
155	53.180990	53.929688	C6	73	80	0
156	53.842448	54.039062	D6	63	80	0
157	54.028646	54.438802	Eb6	68	80	0
158	55.735677	56.869792	Eb4	47	80	0
159	55.735677	56.718750	Eb5	57	80	0
160	55.739583	56.688802	F#4	59	80	0
161	55.743490	56.609375	Bb4	51	80	0
162	55.743490	56.589844	F#5	60	80	0
163	55.747396	56.029948	Eb3	37	80	0
164	55.750000	56.438802	C4	39	80	0
165	55.765625	56.459635	Bb3	37	80	0
166	57.671875	61.449219	F5	52	80	0
167	57.673177	58.598958	F4	46	80	0
168	57.675781	58.479167	C5	41	80	0
169	57.679688	58.649740	A4	42	80	0
170	57.679688	58.319010	A3	38	80	0
171	57.680990	58.348958	C4	38	80	0
172	59.252604	59.399740	D4	37	80	0
173	59.257812	59.449219	B3	33	80	0
174	59.454427	60.199219	Eb4	36	80	0
175	59.454427	60.179688	C4	26	80	0
176	61.196615	62.000000	Eb4	42	80	0
177	61.203125	61.899740	C4	36	80	0
178	62.917969	63.459635	C6	74	80	0
179	62.936198	63.188802	F2	36	80	0
180	62.937500	65.859375	F3	38	80	0
181	63.550781	63.639323	D6	56	80	0
182	63.636719	63.739583	C6	62	80	0
183	63.714844	63.829427	B5	60	80	0
184	63.816406	64.559896	C6	65	80	0
185	64.527344	65.158854	D6	54	80	0
186	64.743490	65.718750	A3	37	80	0
187	64.744792	65.369792	Eb6	62	80	0
188	64.752604	65.649740	Eb5	46	80	0
189	66.549479	68.509115	Eb5	69	80	0
190	66.565104	68.468750	A4	54	80	0
191	66.570312	67.359375	C4	46	80	0
192	66.574219	67.500000	F#3	43	80	0
193	66.580729	67.569010	Eb4	49	80	0
194	68.475260	69.229167	D4	29	80	0
195	68.476562	69.179688	G4	31	80	0
196	68.477865	69.769531	D5	43	80	0
197	68.480469	69.128906	Bb3	31	80	0
198	68.484375	69.559896	Bb4	33	80	0
199	70.104167	70.919271	G5	72	80	0
200	71.760417	72.500000	C#5	67	80	0
201	71.763021	72.359375	Bb3	62	80	0
202	71.763021	72.359375	G4	67	80	0
203	71.763021	72.319010	C#4	61	80	0
204	71.764323	72.389323	Bb4	65	80	0
205	71.774740	72.289062	E3	53	80	0
206	73.653646	74.569010	F5	56	80	0
207	75.484375	76.250000	D5	44	80	0
208	75.492188	76.109375	Bb3	30	80	0
209	75.493490	75.819010	F4	28	80	0
210	75.493490	76.039062	D4	32	80	0
211	75.493490	76.149740	Bb4	34	80	0
212	75.497396	76.139323	F3	29	80	0
213	77.324219	78.209635	C5	38	80	0
214	77.325521	78.250000	A4	39	80	0
215	77.332031	78.098958	C4	27	80	0
216	77.333333	78.239583	Eb4	33	80	0
217	79.084635	79.649740	Bb4	39	80	0
218	79.093750	79.669271	Bb3	30	80	0
219	79.093750	79.519531	Bb1	24	80	0
220	79.095052	79.500000	D4	23	80	0
221	79.095052	79.369792	F2	25	80	0
222	79.096354	79.569010	Bb2	25	80	0
223	79.101562	79.500000	F3	22	80	0
224	80.385417	80.559896	Bb2	26	80	0
225	80.470052	80.688802	Bb1	33	80	0
226	80.611979	81.378906	Bb2	25	80	0
227	80.697917	81.959635	Bb1	28	80	0
228	81.867188	82.039062	Bb2	26	80	0
229	81.973958	82.158854	Bb1	29	80	0
230	82.106771	82.209635	Bb2	26	80	0
231	82.166667	83.309896	Bb1	29	80	0
232	82.214844	83.029948	Bb2	24	80	0
233	83.412760	83.569010	Bb2	27	80	0
234	83.494792	84.378906	Bb1	28	80	0
235	83.626302	84.389323	Bb2	34	80	0
236	83.763021	85.128906	Eb4	59	80	0
237	83.785156	84.699219	Bb3	46	80	0
238	83.789062	84.598958	G3	43	80	0
239	85.372396	86.759115	D4	60	80	0
240	85.377604	86.348958	Bb1	44	80	0
241	85.378906	86.619792	F3	46	80	0
242	85.380208	86.589844	Bb2	46	80	0
243	85.381510	86.389323	Bb3	52	80	0
244	86.996094	87.848958	E3	45	80	0
245	86.996094	87.968750	C#4	62	80	0
246	86.996094	87.938802	Bb3	52	80	0
247	87.005208	87.759115	Bb2	46	80	0
248	88.669271	89.348958	C#5	53	80	0
249	88.674479	89.609375	C#4	56	80	0
250	88.687500	89.489583	E3	42	80	0
251	88.695312	89.500000	Bb3	51	80	0
252	88.696615	89.339844	Bb2	43	80	0
253	90.195312	90.809896	Bb2	26	80	0
254	90.302083	90.809896	Bb1	23	80	0
255	90.503906	92.309896	D4	46	80	0
256	90.511719	91.718750	Bb3	38	80	0
257	90.511719	91.098958	F3	33	80	0
258	91.731771	91.899740	Bb2	23	80	0
259	91.841146	93.049479	Bb1	26	80	0
260	91.955729	92.500000	Bb2	28	80	0
261	93.276042	93.429688	Bb2	27	80	0
262	93.380208	93.529948	Bb1	27	80	0
263	93.631510	94.459635	C4	54	80	0
264	93.651042	94.359375	Eb3	40	80	0
265	93.656250	94.339844	Eb1	42	80	0
266	93.661458	94.819010	Eb2	35	80	0
267	93.664062	94.119792	G3	38	80	0
268	93.666667	93.839844	Bb2	40	80	0
269	94.826823	94.915365	D4	54	80	0
270	94.947917	95.022135	C4	55	80	0
271	95.063802	95.144531	B3	57	80	0
272	95.182292	96.089844	C4	63	80	0
273	95.979167	96.309896	Eb4	70	80	0
274	96.807292	97.309896	C4	59	80	0
275	96.821615	97.819010	F#3	43	80	0
276	96.824219	97.500000	Eb3	42	80	0
277	97.598958	98.069010	A3	54	80	0
278	97.604167	97.789062	C4	39	80	0
279	97.610677	97.819010	Eb3	35	80	0
280	98.433594	99.529948	C4	57	80	0
281	98.436198	99.889323	A3	56	80	0
282	98.441406	99.459635	Eb3	50	80	0
283	98.451823	100.309896	F#3	49	80	0
284	99.919271	100.000000	Bb2	25	80	0
285	100.005208	100.087240	Bb1	29	80	0
286	100.010417	100.139323	Bb2	28	80	0
287	100.251302	101.809896	F3	31	80	0
288	100.252604	102.059896	Bb3	39	80	0
289	100.255208	100.989583	Bb1	30	80	0
290	100.256510	100.679688	Bb2	30	80	0
291	100.257812	100.848958	D3	30	80	0
292	101.453125	101.559896	Bb2	23	80	0
293	101.493490	101.539062	Bb1	22	80	0
294	101.549479	101.769531	Bb1	22	80	0
295	101.563802	102.309896	Bb2	26	80	0
296	101.781250	102.609375	Bb1	22	80	0
297	102.980469	103.039062	Bb2	28	80	0
298	103.174479	103.239583	Bb2	25	80	0
299	103.367188	104.509115	Bb4	59	80	0
300	103.368490	104.049479	Bb1	41	80	0
301	103.371094	104.239583	D4	43	80	0
302	103.371094	104.128906	Bb2	39	80	0
303	103.373698	103.378906	Bb3	39	80	0
304	105.062500	105.779948	G4	60	80	0
305	105.063802	105.819010	D4	42	80	0
306	105.065104	106.109375	Bb3	41	80	0
307	106.824219	107.369792	A4	53	80	0
308	106.824219	106.829427	A2	42	80	0
309	106.824219	107.679688	F4	55	80	0
310	106.824219	107.579427	A3	45	80	0
311	106.824219	107.539062	D5	49	80	0
312	106.825521	107.500000	D4	41	80	0
313	108.753906	110.500000	E4	34	80	0
314	108.763021	109.509115	C4	24	80	0
315	108.763021	110.399740	G3	27	80	0
316	108.768229	109.149740	C3	24	80	0
317	109.996094	110.169271	C3	26	80	0
318	110.075521	110.569010	C2	23	80	0
319	110.217448	110.479167	C3	34	80	0
320	111.046875	111.438802	E5	55	80	0
321	111.050781	111.359375	E4	55	80	0
322	111.054688	111.339844	C4	45	80	0
323	111.057292	111.329427	G3	43	80	0
324	111.063802	111.269531	C3	42	80	0
325	111.559896	111.718750	C6	62	80	0
326	111.688802	112.218750	C5	50	80	0
327	111.805990	112.149740	C6	62	80	0
328	111.875000	112.158854	F5	59	80	0
329	111.877604	112.289062	A3	50	80	0
330	111.878906	112.218750	A4	54	80	0
331	111.884115	112.218750	F4	53	80	0
332	111.889323	112.289062	C4	52	80	0
333	112.651042	112.658854	Bb4	57	80	0
334	112.652344	113.069010	G4	63	80	0
335	112.653646	113.250000	Bb3	55	80	0
336	112.661458	113.039062	C4	47	80	0
337	112.671875	112.679688	C3	48	80	0
338	113.537760	114.229167	G4	64	80	0
339	113.539062	114.289062	Bb3	47	80	0
340	113.542969	114.119792	C4	43	80	0
341	113.555990	113.569010	C3	38	80	0
342	114.842448	115.098958	C4	34	80	0
343	114.845052	115.059896	E4	46	80	0
344	114.848958	115.000000	C3	36	80	0
345	114.851562	115.069010	G#3	39	80	0
346	115.259115	115.679688	F5	59	80	0
347	115.264323	115.628906	A4	49	80	0
348	115.265625	115.639323	F4	46	80	0
349	115.266927	115.589844	C3	40	80	0
350	115.268229	115.688802	A3	44	80	0
351	115.270833	115.628906	C4	44	80	0
352	116.082031	116.718750	F5	65	80	0
353	116.083333	116.699219	F4	58	80	0
354	116.084635	116.438802	A4	58	80	0
355	116.087240	116.569010	A3	52	80	0
356	116.091146	116.489583	C4	47	80	0
357	116.101562	116.239583	C3	44	80	0
358	116.743490	117.319010	C5	57	80	0
359	116.841146	116.949219	C6	66	80	0
360	116.921875	117.669271	G4	66	80	0
361	116.927083	117.729167	E4	55	80	0
362	116.932292	117.438802	C4	45	80	0
363	117.692708	117.938802	A5	69	80	0
364	117.695312	117.968750	F5	63	80	0
365	117.695312	118.089844	A4	69	80	0
366	117.716146	117.959635	F4	54	80	0
367	117.721354	118.109375	C4	50	80	0
368	117.727865	117.739583	C3	47	80	0
369	118.553385	119.000000	F5	60	80	0
370	118.553385	119.779948	A4	65	80	0
371	118.554688	118.739583	A5	62	80	0
372	118.558594	119.279948	F4	55	80	0
373	118.559896	118.569010	F2	46	80	0
374	118.562500	119.299479	C4	46	80	0
375	118.563802	118.569010	F3	47	80	0
376	118.565104	118.658854	C3	46	80	0
377	119.885417	120.019531	C3	44	80	0
378	119.885417	120.098958	F#4	57	80	0
379	119.886719	120.049479	Eb4	52	80	0
380	119.890625	120.459635	C4	41	80	0
381	120.234375	120.609375	G4	66	80	0
382	120.234375	120.589844	E4	55	80	0
383	120.246094	120.559896	C3	47	80	0
384	120.253906	120.259115	C2	47	80	0
385	121.005208	121.649740	G4	72	80	0
386	121.011719	121.389323	E5	64	80	0
387	121.016927	121.598958	C4	52	80	0
388	121.016927	121.569010	E4	63	80	0
389	121.019531	121.199219	C3	54	80	0
390	121.020833	121.029948	C2	54	80	0
391	121.480469	121.619792	C6	76	80	0
392	121.595052	121.750000	C5	62	80	0
393	121.794271	122.269531	A4	68	80	0
394	121.795573	122.119792	A5	67	80	0
395	121.798177	122.269531	F5	64	80	0
396	121.807292	122.218750	C4	52	80	0
397	121.813802	121.968750	F4	58	80	0
398	122.584635	123.049479	Bb4	69	80	0
399	122.595052	123.089844	G4	61	80	0
400	122.596354	123.199219	C4	57	80	0
401	122.598958	122.609375	C3	61	80	0
402	123.453125	124.188802	Bb4	71	80	0
403	123.462240	124.079427	C4	53	80	0
404	123.463542	124.098958	G4	62	80	0
405	124.651042	125.509115	C4	44	80	0
406	124.680990	124.779948	C2	48	80	0
407	124.682292	124.878906	E4	54	80	0
408	124.683594	124.908854	G#4	59	80	0
409	124.986979	125.589844	C2	63	80	0
410	124.992188	125.589844	A4	67	80	0
411	125.001302	125.519531	F4	56	80	0
412	125.803385	126.359375	A4	66	80	0
413	125.807292	126.149740	C4	51	80	0
414	125.812500	126.139323	F4	56	80	0
415	126.283854	126.369792	C6	68	80	0
416	126.394531	126.539062	C5	60	80	0
417	126.494792	126.500000	C6	74	80	0
418	126.587240	127.119792	B4	73	80	0
419	126.593750	127.089844	G#4	67	80	0
420	126.593750	126.848958	D4	61	80	0
421	126.595052	127.079427	F4	57	80	0
422	127.404948	127.908854	B4	69	80	0
423	127.410156	127.878906	F5	62	80	0
424	127.414062	127.609375	D4	61	80	0
425	127.415365	127.799479	F4	59	80	0
426	127.423177	127.899740	G#4	63	80	0
427	127.834635	127.968750	C6	67	80	0
428	127.941406	128.049479	C5	57	80	0
429	128.091146	128.169271	C5	57	80	0
430	128.092448	128.750000	C6	73	80	0
431	128.371094	128.819010	C5	48	80	0
432	128.378906	128.869792	E4	38	80	0
433	128.385417	128.769531	G4	44	80	0
434	129.315104	130.029948	G4	34	80	0
435	129.316406	130.229167	E4	29	80	0
436	129.316406	129.430990	C4	27	80	0
437	129.320312	130.039062	E5	34	80	0
438	129.934896	130.022135	C3	27	80	0
439	130.214844	130.419271	C4	24	80	0
440	130.223958	130.389323	C5	33	80	0
441	130.957031	131.619792	G4	58	80	0
442	130.966146	131.169271	C4	38	80	0
443	130.972656	131.279948	E4	44	80	0
444	131.549479	131.799479	C6	58	80	0
445	131.654948	131.669271	C#5	53	80	0
446	131.658854	131.789062	C5	51	80	0
447	131.795573	131.949219	C5	55	80	0
448	131.804688	132.319010	B4	54	80	0
449	131.804688	132.250000	D4	44	80	0
450	131.804688	132.109375	C6	61	80	0
451	131.805990	132.259115	B5	58	80	0
452	131.807292	132.348958	F4	41	80	0
453	132.632812	133.019531	F5	51	80	0
454	132.634115	132.919271	B4	42	80	0
455	132.634115	133.158854	G4	54	80	0
456	132.638021	133.019531	D4	41	80	0
457	132.645833	133.479167	F4	44	80	0
458	133.466146	136.859375	C5	55	80	0
459	133.473958	134.369792	E4	39	80	0
460	133.473958	133.839844	C4	35	80	0
461	133.494792	133.929688	G4	31	80	0
462	134.373698	135.339844	G4	44	80	0
463	134.378906	135.750000	E4	33	80	0
464	135.973958	136.718750	G4	69	80	0
465	135.981771	136.309896	C4	57	80	0
466	135.981771	136.339844	E4	53	80	0
467	136.804688	137.799479	B4	55	80	0
468	136.804688	137.339844	D4	49	80	0
469	136.812500	137.500000	F4	45	80	0
470	137.651042	137.869792	D4	45	80	0
471	137.654948	137.929688	G4	67	80	0
472	137.656250	137.669271	Bb3	49	80	0
473	137.664062	137.869792	F4	55	80	0
474	138.494792	140.079427	C5	50	80	0
475	138.515625	138.718750	G4	36	80	0
476	138.516927	139.139323	E4	37	80	0
477	138.523438	138.649740	E3	33	80	0
478	138.524740	138.839844	C4	27	80	0
479	139.375000	140.199219	C4	27	80	0
480	139.385417	140.059896	G4	43	80	0
481	139.385417	140.069010	E4	27	80	0
482	140.966146	141.739583	E5	47	80	0
483	140.968750	141.869792	E4	41	80	0
484	140.972656	141.809896	C4	31	80	0
485	140.972656	141.639323	C5	36	80	0
486	140.973958	141.739583	G3	35	80	0
487	140.973958	141.209635	G4	36	80	0
488	140.977865	140.989583	E3	33	80	0
489	140.986979	141.229167	C3	32	80	0
490	142.669271	143.699219	C4	36	80	0
491	142.673177	143.658854	G3	32	80	0
492	142.677083	143.619792	E3	32	80	0
493	142.691406	142.699219	C3	28	80	0
494	144.414062	145.339844	C4	56	80	0
495	145.263021	145.750000	B3	52	80	0
496	146.135417	147.549479	C4	59	80	0
497	146.143229	146.149740	Bb1	45	80	0
498	146.145833	147.079427	Bb3	58	80	0
499	146.153646	146.158854	Bb2	53	80	0
500	147.065104	147.799479	A3	35	80	0
501	147.542969	147.739583	D4	59	80	0
502	147.833333	147.949219	E4	61	80	0
503	148.105469	148.218750	Bb2	49	80	0
504	148.111979	148.399740	Bb3	51	80	0
505	148.111979	148.239583	F4	63	80	0
506	148.125000	148.203125	G3	44	80	0
507	148.375000	148.489583	G4	65	80	0
508	148.670573	148.919271	A4	57	80	0
509	148.983073	149.045573	Bb4	52	80	0
510	149.463542	150.628906	C5	45	80	0
511	149.481771	149.489583	C4	25	80	0
512	149.488281	149.848958	F3	23	80	0
513	149.492188	150.119792	F2	23	80	0
514	150.386719	151.419271	F3	27	80	0
515	150.822917	150.968750	E4	35	80	0
516	151.234375	152.438802	F5	44	80	0
517	151.238281	152.279948	F4	34	80	0
518	151.243490	152.000000	C4	26	80	0
519	151.244792	152.259115	A3	28	80	0
520	152.036458	153.459635	F3	28	80	0
521	152.653646	153.049479	A4	48	80	0
522	152.654948	152.929688	F5	41	80	0
523	152.942708	154.929688	F5	62	80	0
524	152.951823	153.059896	D4	36	80	0
525	152.953125	153.449219	Bb3	40	80	0
526	152.964844	153.188802	Bb2	33	80	0
527	153.790365	154.119792	F3	25	80	0
528	154.304688	154.419271	D5	48	80	0
529	154.533854	155.769531	C5	58	80	0
530	154.545573	154.829427	A2	35	80	0
531	155.334635	156.049479	F3	30	80	0
532	156.078125	156.339844	C4	27	80	0
533	156.093750	156.639323	F5	44	80	0
534	156.105469	157.079427	F4	35	80	0
535	156.111979	156.889323	A4	35	80	0
536	156.113281	156.989583	A3	31	80	0
537	156.127604	156.509115	F3	26	80	0
538	156.829427	157.479167	F5	41	80	0
539	156.834635	157.639323	F3	31	80	0
540	157.414062	157.479167	A5	57	80	0
541	157.421875	157.549479	A4	57	80	0
542	157.643229	158.158854	Bb5	57	80	0
543	157.644531	158.319010	Bb4	54	80	0
544	157.644531	158.389323	F5	49	80	0
545	157.649740	158.128906	D3	46	80	0
546	157.653646	158.049479	F3	39	80	0
547	157.654948	157.729167	Bb2	42	80	0
548	158.444010	158.679688	Bb2	25	80	0
549	158.454427	158.759115	D4	34	80	0
550	158.454427	158.899740	D5	37	80	0
551	159.033854	159.179688	G4	46	80	0
552	159.252604	160.859375	F5	52	80	0
553	159.252604	159.789062	F4	48	80	0
554	159.292969	159.489583	C3	21	80	0
555	160.050781	160.688802	A3	44	80	0
556	160.053385	160.419271	C4	36	80	0
557	160.071615	160.128906	C3	30	80	0
558	160.078125	160.449219	F3	25	80	0
559	160.144531	160.619792	C3	21	80	0
560	160.894531	162.319010	F3	31	80	0
561	160.894531	162.029948	C4	31	80	0
562	160.897135	161.769531	A4	36	80	0
563	160.898438	162.250000	A3	29	80	0
564	161.649740	161.938802	C3	28	80	0
565	162.442708	162.699219	A5	59	80	0
566	162.444010	162.968750	A4	59	80	0
567	162.460938	162.468750	E2	32	80	0
568	162.463542	162.848958	G3	32	80	0
569	162.466146	162.589844	C3	30	80	0
570	162.467448	162.839844	E3	31	80	0
571	162.911458	163.109375	G4	62	80	0
572	163.343750	163.569010	C3	36	80	0
573	163.352865	163.908854	F5	55	80	0
574	163.360677	163.619792	F4	51	80	0
575	163.365885	164.059896	C5	39	80	0
576	163.813802	164.039062	G4	58	80	0
577	164.358073	165.688802	G4	62	80	0
578	164.359375	165.529948	C5	51	80	0
579	164.359375	166.589844	C4	48	80	0
580	164.363281	164.609375	C3	47	80	0
581	164.363281	166.309896	F2	45	80	0
582	165.316406	166.059896	C3	32	80	0
583	166.007812	166.299479	G#4	44	80	0
584	166.313802	167.119792	A4	40	80	0
585	166.317708	167.500000	F2	29	80	0
586	167.115885	167.938802	A2	38	80	0
587	167.123698	167.128906	E5	36	80	0
588	167.125000	167.789062	A4	32	80	0
589	167.911458	168.779948	Bb2	39	80	0
590	168.156250	168.218750	C4	51	80	0
591	168.398438	168.519531	D4	65	80	0
592	168.398438	168.408854	D5	64	80	0
593	168.622396	168.759115	E4	61	80	0
594	168.852865	170.239583	F5	66	80	0
595	168.854167	169.128906	F4	62	80	0
596	168.895833	169.929688	G2	39	80	0
597	169.078125	169.289062	G4	58	80	0
598	169.325521	169.589844	A4	57	80	0
599	169.593750	170.019531	Bb4	57	80	0
600	169.973958	170.509115	F2	34	80	0
601	169.973958	172.609375	C5	52	80	0
602	170.822917	171.348958	F3	31	80	0
603	171.216146	171.369792	E4	35	80	0
604	171.635417	173.239583	F4	36	80	0
605	171.639323	172.500000	F5	46	80	0
606	171.653646	173.119792	A3	29	80	0
607	171.657552	172.459635	C4	21	80	0
608	171.662760	171.968750	F3	24	80	0
609	172.433594	173.289062	F3	30	80	0
610	173.052083	173.509115	A4	48	80	0
611	173.273438	174.959635	F5	58	80	0
612	173.283854	174.169271	D4	37	80	0
613	173.290365	174.229167	Bb3	35	80	0
614	173.294271	173.500000	F3	31	80	0
615	174.130208	175.179688	F3	26	80	0
616	174.705729	174.859375	D5	51	80	0
617	174.933594	176.459635	C5	54	80	0
618	174.949219	175.169271	A2	34	80	0
619	174.953125	175.859375	C4	33	80	0
620	174.955729	175.500000	A3	34	80	0
621	174.964844	174.979167	C3	28	80	0
622	175.703125	177.119792	F3	23	80	0
623	175.704427	175.819010	C3	19	80	0
624	176.100260	176.259115	E4	40	80	0
625	176.122396	176.239583	A3	21	80	0
626	176.513021	177.639323	F4	43	80	0
627	176.515625	177.209635	A3	31	80	0
628	176.516927	177.519531	C4	32	80	0
629	177.346354	177.938802	F3	35	80	0
630	177.356771	177.899740	A3	24	80	0
631	177.924479	178.059896	A4	54	80	0
632	177.924479	178.059896	Bb3	34	80	0
633	178.118490	178.399740	C5	65	80	0
634	178.151042	178.239583	Bb3	39	80	0
635	178.154948	178.759115	F4	32	80	0
636	178.158854	179.029948	D3	37	80	0
637	178.162760	178.759115	F3	35	80	0
638	178.165365	178.179688	D4	37	80	0
639	178.662760	179.229167	Bb4	53	80	0
640	178.666667	178.848958	Bb3	34	80	0
641	179.105469	179.679688	D4	39	80	0
642	179.105469	179.500000	Bb3	33	80	0
643	179.134115	179.468750	Bb2	25	80	0
644	179.136719	179.339844	D3	27	80	0
645	179.595052	179.769531	G4	52	80	0
646	179.615885	179.789062	Bb3	29	80	0
647	179.623698	179.779948	Bb2	28	80	0
648	179.628906	179.639323	G3	29	80	0
649	180.106771	181.348958	F5	56	80	0
650	180.113281	180.669271	F4	49	80	0
651	180.122396	180.619792	A3	36	80	0
652	180.122396	180.489583	C4	34	80	0
653	180.131510	180.559896	A2	30	80	0
654	180.132812	180.628906	C3	28	80	0
655	180.138021	180.669271	F3	29	80	0
656	180.954427	181.429688	A3	49	80	0
657	180.971354	181.848958	F3	37	80	0
658	180.973958	181.359375	C3	36	80	0
659	181.835938	182.319010	C4	52	80	0
660	181.838542	182.309896	A3	47	80	0
661	181.847656	182.188802	A2	43	80	0
662	181.854167	182.218750	C3	43	80	0
663	181.854167	182.299479	F3	38	80	0
664	182.696615	183.139323	A3	62	80	0
665	182.703125	183.188802	F3	49	80	0
666	182.708333	183.319010	F2	46	80	0
667	182.713542	182.949219	C3	48	80	0
668	182.713542	182.908854	A2	51	80	0
669	183.584635	184.239583	C4	52	80	0
670	183.584635	183.819010	A1	49	80	0
671	183.591146	184.119792	E3	47	80	0
672	183.592448	183.598958	A2	48	80	0
673	183.592448	184.009115	G3	46	80	0
674	183.595052	183.949219	A3	50	80	0
675	183.598958	184.019531	C3	43	80	0
676	183.600260	184.269531	C2	43	80	0
677	184.444010	185.509115	E3	33	80	0
678	184.445312	184.639323	E2	36	80	0
679	184.447917	184.799479	C3	39	80	0
680	184.455729	185.739583	C2	33	80	0
681	185.486979	186.919271	F1	29	80	0
682	185.486979	186.709635	F2	26	80	0
683	185.494792	187.500000	A3	29	80	0
684	185.498698	186.019531	C4	24	80	0
685	185.503906	187.500000	F3	25	80	0
686	185.505208	185.759115	C3	24	80	0
687	186.924479	187.059896	F2	21	80	0
688	186.925781	187.059896	F1	24	80	0
689	187.072917	188.500000	F1	28	80	0
690	187.072917	187.899740	F2	26	80	0
691	188.507812	189.750000	F1	25	80	0
692	188.510417	189.289062	F2	21	80	0
693	189.763021	190.500000	F1	25	80	0
694	189.855469	190.179688	F4	42	80	0
695	190.621094	191.750000	F4	55	80	0
696	191.694010	191.779948	F2	27	80	0
697	191.996094	193.919271	F#4	64	80	0
698	192.010417	194.389323	Eb4	51	80	0
699	192.013021	192.769531	C4	40	80	0
700	192.016927	192.500000	A3	40	80	0
701	192.960938	193.089844	F2	31	80	0
702	193.019531	193.128906	F1	31	80	0
703	193.158854	193.359375	F2	31	80	0
704	193.256510	193.500000	F1	32	80	0
705	193.933594	194.549479	F#4	60	80	0
706	194.653646	196.329427	F#4	66	80	0
707	195.713542	195.789062	F2	35	80	0
708	195.795573	195.959635	F2	42	80	0
709	195.800781	196.000000	F1	43	80	0
710	196.011719	197.869792	A4	66	80	0
711	196.013021	197.049479	F1	49	80	0
712	196.026042	198.289062	Eb4	51	80	0
713	196.960938	197.119792	F2	32	80	0
714	197.057292	197.128906	F1	39	80	0
715	197.144531	197.218750	F1	38	80	0
716	197.161458	197.218750	F2	38	80	0
717	197.226562	197.500000	F2	43	80	0
718	197.234375	198.369792	F1	43	80	0
719	197.881510	198.509115	A4	69	80	0
720	198.562500	199.829427	A4	69	80	0
721	199.657552	199.809896	F2	33	80	0
722	199.742188	199.799479	F1	33	80	0
723	199.813802	200.158854	F1	38	80	0
724	199.822917	199.938802	F2	42	80	0
725	199.938802	201.408854	C5	67	80	0
726	199.958333	200.369792	Eb4	56	80	0
727	199.964844	201.699219	A4	56	80	0
728	199.970052	201.049479	F#4	58	80	0
729	200.881510	200.979167	F2	35	80	0
730	200.973958	201.119792	F1	33	80	0
731	201.098958	201.269531	F2	46	80	0
732	201.127604	202.429688	F1	47	80	0
733	201.766927	202.299479	C5	71	80	0
734	202.467448	203.309896	C5	73	80	0
735	203.184896	204.459635	Eb5	74	80	0
736	203.555990	203.614583	A3	39	80	0
737	203.555990	203.613281	C4	39	80	0
738	203.692708	203.819010	F3	33	80	0
739	203.781250	203.869792	C4	36	80	0
740	203.795573	203.908854	A3	35	80	0
741	203.944010	204.289062	F2	28	80	0
742	204.402344	204.628906	D5	59	80	0
743	204.615885	204.878906	C5	56	80	0
744	204.835938	205.109375	D5	42	80	0
745	204.837240	205.059896	Bb4	55	80	0
746	205.031250	205.239583	A4	50	80	0
747	205.210938	205.389323	G4	53	80	0
748	205.213542	205.289062	Bb3	42	80	0
749	205.389323	205.669271	F4	48	80	0
750	205.591146	205.799479	E4	47	80	0
751	205.794271	206.009115	Eb4	42	80	0
752	206.001302	206.279948	D5	45	80	0
753	206.001302	206.169271	D4	37	80	0
754	206.210938	206.329427	C4	38	80	0
755	206.450521	206.739583	Bb3	39	80	0
756	206.743490	206.859375	A3	44	80	0
757	207.023438	207.359375	Eb4	44	80	0
758	207.382812	207.459635	A3	38	80	0
759	207.833333	208.429688	Bb3	44	80	0
760	207.834635	208.399740	D4	42	80	0
761	207.837240	208.459635	D3	41	80	0
762	207.838542	208.339844	F3	39	80	0
763	207.839844	208.158854	Bb2	38	80	0
764	207.841146	208.158854	Bb1	38	80	0
765	209.213542	209.369792	Eb3	35	80	0
766	209.373698	210.759115	F5	45	80	0
767	209.376302	210.359375	F3	40	80	0
768	210.769531	211.750000	F5	42	80	0
769	210.776042	211.769531	F3	34	80	0
770	212.203125	212.598958	D5	55	80	0
771	212.207031	212.218750	Bb1	34	80	0
772	212.210938	212.500000	Bb2	37	80	0
773	212.673177	212.819010	Eb5	52	80	0
774	212.773438	212.815104	D5	55	80	0
775	212.851562	212.949219	C5	55	80	0
776	212.919271	213.679688	D5	54	80	0
777	213.449219	213.658854	Eb5	58	80	0
778	213.613281	214.089844	F5	69	80	0
779	215.162760	215.959635	Bb3	53	80	0
780	215.166667	215.759115	D3	49	80	0
781	215.174479	215.739583	F2	43	80	0
782	215.174479	215.649740	F3	42	80	0
783	215.179688	215.669271	Bb2	41	80	0
784	215.182292	215.750000	Bb1	40	80	0
785	216.714844	217.718750	A3	59	80	0
786	216.723958	217.359375	C6	60	80	0
787	216.731771	217.989583	Eb3	50	80	0
788	216.736979	217.549479	C3	51	80	0
789	216.740885	217.989583	F2	45	80	0
790	216.743490	216.750000	F5	57	80	0
791	216.748698	220.429688	C2	43	80	0
792	216.756510	216.769531	Eb5	50	80	0
793	217.994792	218.289062	F5	46	80	0
794	217.996094	218.639323	A5	43	80	0
795	218.001302	218.239583	F3	37	80	0
796	218.003906	219.609375	F2	34	80	0
797	218.174479	218.938802	F#5	51	80	0
798	218.180990	218.188802	C#5	43	80	0
799	218.182292	218.188802	E5	52	80	0
800	218.182292	218.589844	F#3	43	80	0
801	219.593750	220.029948	Bb5	47	80	0
802	219.593750	220.669271	F#5	49	80	0
803	219.597656	220.039062	F#3	38	80	0
804	219.636719	219.829427	F#4	29	80	0
805	221.024740	221.489583	A5	67	80	0
806	221.049479	221.179688	C#5	45	80	0
807	221.053385	223.309896	Eb4	40	80	0
808	221.053385	222.309896	F#3	36	80	0
809	221.466146	221.526042	Bb5	60	80	0
810	221.555990	221.604167	A5	61	80	0
811	221.632812	221.779948	G5	59	80	0
812	221.710938	222.319010	A5	64	80	0
813	222.287760	222.500000	Bb5	55	80	0
814	222.460938	223.009115	C6	66	80	0
815	223.990885	224.449219	Eb5	57	80	0
816	223.994792	225.009115	Eb4	54	80	0
817	223.997396	224.119792	A3	43	80	0
818	224.005208	224.628906	C4	42	80	0
819	224.014323	224.908854	F3	42	80	0
820	224.015625	224.709635	A2	40	80	0
821	225.561198	225.569010	C5	57	80	0
822	225.565104	227.589844	D4	67	80	0
823	225.569010	227.500000	D5	64	80	0
824	225.576823	226.289062	G#3	55	80	0
825	225.583333	225.919271	F3	52	80	0
826	225.583333	227.929688	Bb2	49	80	0
827	225.584635	227.848958	Bb1	53	80	0
828	226.904948	227.098958	Bb3	47	80	0
829	227.082031	227.500000	B3	59	80	0
830	228.614583	229.179688	B3	61	80	0
831	230.149740	230.709635	D5	68	80	0
832	230.153646	230.158854	B4	51	80	0
833	230.162760	230.169271	B3	44	80	0
834	230.182292	232.029948	G#4	47	80	0
835	230.184896	231.968750	F4	32	80	0
836	230.634115	230.739583	Eb5	51	80	0
837	230.722656	230.878906	D5	57	80	0
838	230.794271	230.919271	C5	55	80	0
839	230.888021	232.408854	D5	59	80	0
840	231.500000	231.729167	Eb5	53	80	0
841	231.682292	232.438802	F5	65	80	0
842	231.686198	232.399740	Bb3	41	80	0
843	233.119792	234.188802	F5	67	80	0
844	233.135417	233.779948	G#4	54	80	0
845	233.135417	233.639323	Bb4	49	80	0
846	233.144531	233.579427	D4	40	80	0
847	233.145833	233.699219	Bb3	45	80	0
848	233.148438	234.000000	D3	42	80	0
849	234.625000	236.359375	F5	59	80	0
850	234.643229	235.688802	Eb3	34	80	0
851	234.652344	235.079427	G4	43	80	0
852	234.653646	235.019531	Bb3	36	80	0
853	234.654948	235.098958	Bb4	39	80	0
854	235.401042	235.899740	B3	31	80	0
855	236.104167	236.468750	Eb5	50	80	0
856	236.140625	236.359375	C4	27	80	0
857	236.805990	237.339844	D5	57	80	0
858	236.820312	237.091146	Bb4	46	80	0
859	236.826823	237.179688	D4	38	80	0
860	236.832031	236.889323	F2	38	80	0
861	236.832031	236.839844	F4	34	80	0
862	236.837240	236.848958	Bb2	36	80	0
863	237.514323	237.529948	C6	66	80	0
864	237.519531	237.829427	C5	59	80	0
865	237.524740	237.539062	Eb3	41	80	0
866	237.532552	237.819010	Eb4	41	80	0
867	237.542969	237.809896	G3	39	80	0
868	237.542969	237.609375	Bb5	51	80	0
869	237.553385	237.889323	Bb4	47	80	0
870	238.214844	238.559896	C5	60	80	0
871	238.242188	238.419271	G3	43	80	0
872	238.246094	238.438802	Bb4	50	80	0
873	238.252604	238.438802	E4	42	80	0
874	238.264323	238.419271	G4	41	80	0
875	238.963542	240.259115	F3	42	80	0
876	238.966146	239.089844	Bb3	41	80	0
877	239.006510	239.109375	C5	54	80	0
878	239.011719	239.269531	Bb4	45	80	0
879	239.105469	239.199219	D5	62	80	0
880	239.257812	239.319010	D5	56	80	0
881	239.322917	239.389323	C5	57	80	0
882	239.394531	239.569010	D5	55	80	0
883	239.394531	239.669271	C5	54	80	0
884	239.571615	239.688802	B4	47	80	0
885	239.752604	240.299479	D5	53	80	0
886	240.174479	240.250000	C5	43	80	0
887	240.615885	241.369792	C5	44	80	0
888	240.647135	241.348958	A4	34	80	0
889	240.660156	241.239583	F4	24	80	0
890	240.674479	241.389323	F3	25	80	0
891	242.242188	242.500000	F5	40	80	0
892	242.247396	242.429688	C5	36	80	0
893	242.247396	242.428385	F3	35	80	0
894	242.305990	242.500000	F4	23	80	0
895	242.414062	242.549479	D5	46	80	0
896	242.415365	242.574219	G3	39	80	0
897	242.572917	242.750000	F5	49	80	0
898	242.572917	242.779948	F3	42	80	0
899	242.753906	242.826823	E3	41	80	0
900	242.755208	242.848958	E5	43	80	0
901	242.897135	243.109375	F5	51	80	0
902	242.903646	243.089844	F3	47	80	0
903	242.906250	242.979167	C5	41	80	0
904	243.039062	243.130208	G3	50	80	0
905	243.070312	243.199219	Eb5	48	80	0
906	243.075521	243.188802	Bb4	48	80	0
907	243.083333	243.319010	Eb3	44	80	0
908	243.240885	243.339844	A3	49	80	0
909	243.247396	243.298177	C3	47	80	0
910	243.454427	244.128906	Bb3	49	80	0
911	243.462240	244.218750	F5	52	80	0
912	243.464844	244.158854	D3	41	80	0
913	243.464844	244.039062	F3	39	80	0
914	243.464844	244.119792	Bb2	43	80	0
915	243.468750	243.539062	Bb4	45	80	0
916	243.473958	243.479167	F4	39	80	0
917	243.475260	244.019531	D5	44	80	0
918	244.632812	244.809896	C3	38	80	0
919	244.649740	244.759115	Eb3	35	80	0
920	244.816406	245.729167	D3	42	80	0
921	244.821615	245.619792	F3	39	80	0
922	245.005208	245.229167	Bb5	60	80	0
923	245.180990	245.348958	D6	59	80	0
924	245.321615	245.500000	Bb5	59	80	0
925	245.497396	245.718750	F5	48	80	0
926	245.630208	245.769531	Bb5	51	80	0
927	245.746094	245.889323	D5	50	80	0
928	245.917969	246.139323	F5	56	80	0
929	246.065104	246.139323	Bb4	51	80	0
930	246.122396	246.218750	D4	38	80	0
931	246.126302	246.679688	F3	42	80	0
932	246.154948	247.119792	D3	34	80	0
933	246.247396	246.389323	D5	52	80	0
934	246.408854	246.649740	F4	35	80	0
935	246.575521	246.908854	Bb4	44	80	0
936	246.696615	246.919271	D4	45	80	0
937	246.869792	247.029948	F4	39	80	0
938	247.006510	247.239583	Bb3	42	80	0
939	247.174479	247.419271	D4	45	80	0
940	247.328125	247.559896	F5	61	80	0
941	247.333333	247.609375	F3	44	80	0
942	247.333333	247.549479	D5	73	80	0
943	247.471354	247.598958	Bb3	43	80	0
944	247.587240	247.919271	D3	40	80	0
945	247.726562	247.848958	Eb5	66	80	0
946	247.799479	247.889323	D5	64	80	0
947	247.871094	247.989583	C5	65	80	0
948	247.949219	248.459635	D5	70	80	0
949	247.953125	248.058594	Bb2	50	80	0
950	248.093750	248.289062	D3	37	80	0
951	248.244792	248.355469	F2	43	80	0
952	248.394531	248.559896	Eb5	65	80	0
953	248.397135	248.502604	Bb2	49	80	0
954	248.553385	249.149740	F5	73	80	0
955	248.554688	248.779948	D2	44	80	0
956	248.756510	248.825521	Bb2	35	80	0
957	248.875000	249.059896	D2	34	80	0
958	249.029948	249.218750	F2	42	80	0
959	249.180990	249.449219	Bb2	44	80	0
960	249.356771	249.519531	D2	45	80	0
961	249.497396	249.649740	F2	51	80	0
962	249.634115	249.769531	Bb2	44	80	0
963	249.813802	250.699219	Bb3	62	80	0
964	249.815104	250.000000	D3	56	80	0
965	249.984375	250.188802	Bb2	37	80	0
966	250.006510	250.169271	D3	38	80	0
967	250.119792	250.259115	F2	45	80	0
968	250.250000	250.489583	D2	47	80	0
969	250.488281	250.649740	Bb2	43	80	0
970	250.619792	250.739583	F2	43	80	0
971	250.747396	251.019531	D2	43	80	0
972	251.121094	251.819010	A3	57	80	0
973	251.126302	251.529948	C6	57	80	0
974	251.128906	251.529948	C3	51	80	0
975	251.130208	251.779948	Eb3	47	80	0
976	252.302083	252.609375	F5	52	80	0
977	252.313802	252.489583	F3	39	80	0
978	252.342448	252.649740	D3	37	80	0
979	252.463542	253.449219	F#3	51	80	0
980	252.473958	253.500000	Eb3	48	80	0
981	252.486979	253.000000	Eb5	54	80	0
982	252.500000	252.509115	Bb4	48	80	0
983	252.644531	252.779948	C6	64	80	0
984	252.803385	252.979167	Eb6	61	80	0
985	252.937500	253.059896	C6	60	80	0
986	253.084635	253.239583	A5	57	80	0
987	253.256510	253.399740	C6	66	80	0
988	253.393229	253.464844	F#5	63	80	0
989	253.520833	253.699219	A5	64	80	0
990	253.670573	253.779948	F#5	54	80	0
991	253.671875	255.158854	Eb3	49	80	0
992	253.675781	254.179688	F#3	47	80	0
993	253.683594	253.929688	Eb5	60	80	0
994	253.841146	254.079427	F#5	54	80	0
995	253.992188	254.089844	C5	56	80	0
996	254.161458	254.269531	Eb5	55	80	0
997	254.282552	254.509115	A4	56	80	0
998	254.364583	254.378906	C5	43	80	0
999	254.457031	254.628906	C5	57	80	0
1000	254.585938	254.739583	F#4	48	80	0
1001	254.726562	254.919271	A4	43	80	0
1002	254.908854	255.098958	Eb4	42	80	0
1003	254.912760	255.250000	C6	76	80	0
1004	255.062500	255.209635	F#4	41	80	0
1005	255.183594	255.399740	C4	45	80	0
1006	255.304688	255.356771	D6	70	80	0
1007	255.333333	255.489583	Eb4	54	80	0
1008	255.375000	255.459635	C6	77	80	0
1009	255.441406	255.489583	B5	68	80	0
1010	255.464844	255.729167	A3	53	80	0
1011	255.519531	256.029948	C6	83	80	0
1012	255.641927	255.779948	C4	51	80	0
1013	255.813802	256.009115	F#3	41	80	0
1014	255.951823	256.079427	D6	76	80	0
1015	255.954427	256.003906	A3	46	80	0
1016	256.117188	256.419271	Eb6	78	80	0
1017	256.125000	256.359375	C3	50	80	0
1018	256.305990	256.539062	F#3	41	80	0
1019	256.444010	257.259115	Eb3	45	80	0
1020	256.588542	256.829427	A3	53	80	0
1021	256.751302	256.959635	F#3	53	80	0
1022	256.886719	257.098958	C4	56	80	0
1023	257.028646	257.229167	A3	51	80	0
1024	257.178385	257.299479	F#3	58	80	0
1025	257.322917	258.579427	F#4	76	80	0
1026	257.333333	258.269531	Eb4	66	80	0
1027	257.334635	258.069010	C4	56	80	0
1028	257.515625	257.789062	Eb3	46	80	0
1029	257.656250	257.765625	Bb2	48	80	0
1030	257.795573	258.109375	F#3	45	80	0
1031	257.861979	257.938802	Bb2	35	80	0
1032	257.975260	258.299479	Eb3	45	80	0
1033	258.119792	258.279948	Bb3	50	80	0
1034	258.276042	258.500000	F#3	39	80	0
1035	258.389323	258.529948	Eb3	48	80	0
1036	258.592448	258.799479	A2	45	80	0
1037	258.596354	259.739583	F4	59	80	0
1038	258.598958	260.529948	F5	63	80	0
1039	258.632812	259.059896	Eb4	52	80	0
1040	259.276042	259.779948	C5	51	80	0
1041	259.279948	259.688802	C4	48	80	0
1042	259.281250	259.598958	A3	48	80	0
1043	259.774740	259.908854	D4	41	80	0
1044	259.774740	259.949219	B3	37	80	0
1045	259.915365	260.669271	Eb4	59	80	0
1046	259.915365	260.729167	C4	45	80	0
1047	260.082031	260.529948	C6	66	80	0
1048	260.205729	260.679688	Eb6	62	80	0
1049	260.464844	260.759115	A5	64	80	0
1050	260.634115	260.899740	C6	68	80	0
1051	260.786458	260.968750	Eb5	58	80	0
1052	260.915365	261.209635	A5	61	80	0
1053	261.085938	261.348958	C5	51	80	0
1054	261.091146	261.628906	C4	50	80	0
1055	261.092448	261.229167	Eb4	57	80	0
1056	261.238281	261.509115	Eb4	48	80	0
1057	261.239583	261.669271	Eb5	61	80	0
1058	261.338542	261.619792	A4	59	80	0
1059	261.503906	261.658854	C5	60	80	0
1060	261.652344	261.919271	Eb4	53	80	0
1061	261.714844	262.069010	C5	44	80	0
1062	261.815104	262.309896	A4	50	80	0
1063	261.940104	262.329427	G5	51	80	0
1064	261.944010	262.049479	C4	43	80	0
1065	261.984375	262.259115	C6	76	80	0
1066	262.062500	262.339844	C4	41	80	0
1067	262.062500	262.449219	Eb4	50	80	0
1068	262.265625	262.709635	C6	79	80	0
1069	262.506510	262.679688	C5	45	80	0
1070	262.507812	262.649740	C4	42	80	0
1071	262.665365	262.769531	D6	66	80	0
1072	262.722656	262.772135	C6	76	80	0
1073	262.783854	262.845052	B5	72	80	0
1074	262.826823	262.983073	C3	53	80	0
1075	262.852865	263.419271	C6	79	80	0
1076	262.984375	266.628906	F5	54	80	0
1077	262.984375	263.658854	A5	49	80	0
1078	262.986979	263.097656	F3	51	80	0
1079	263.130208	263.235677	A2	50	80	0
1080	263.243490	263.419271	D6	78	80	0
1081	263.294271	263.368490	C3	45	80	0
1082	263.402344	264.289062	Eb6	83	80	0
1083	263.434896	263.799479	F1	43	80	0
1084	263.704427	263.949219	C2	38	80	0
1085	263.856771	264.119792	F2	46	80	0
1086	263.863281	263.968750	C3	46	80	0
1087	264.013021	264.319010	A1	45	80	0
1088	264.164062	264.169271	G#1	45	80	0
1089	264.282552	265.169271	F1	49	80	0
1090	264.403646	264.459635	A1	45	80	0
1091	264.464844	264.769531	A1	43	80	0
1092	264.608073	265.899740	Eb5	78	80	0
1093	264.614583	265.569010	C5	60	80	0
1094	264.622396	265.419271	A4	58	80	0
1095	264.779948	265.419271	F#1	44	80	0
1096	265.217448	265.419271	F#2	47	80	0
1097	265.404948	265.470052	A2	41	80	0
1098	265.516927	265.718750	C3	50	80	0
1099	265.876302	267.938802	D5	54	80	0
1100	265.884115	266.348958	Bb4	45	80	0
1101	266.011719	266.115885	G1	42	80	0
1102	266.148438	266.246094	Bb1	44	80	0
1103	266.204427	266.239583	Bb2	37	80	0
1104	266.282552	266.410156	D2	50	80	0
1105	266.430990	266.669271	G2	53	80	0
1106	266.583333	266.686198	Bb2	53	80	0
1107	266.723958	266.859375	D3	51	80	0
1108	266.845052	266.904948	G3	50	80	0
1109	267.010417	268.128906	G5	76	80	0
1110	267.153646	267.264323	E2	56	80	0
1111	267.285156	267.425781	G2	54	80	0
1112	267.459635	267.545573	Bb2	62	80	0
1113	267.589844	267.654948	E3	52	80	0
1114	267.718750	267.759115	Bb2	45	80	0
1115	267.785156	267.869792	G3	48	80	0
1116	267.893229	267.992188	Bb3	52	80	0
1117	268.026042	268.229167	G3	54	80	0
1118	268.197917	268.259115	C#4	56	80	0
1119	268.197917	269.429688	G5	63	80	0
1120	268.203125	268.769531	G4	65	80	0
1121	268.204427	268.959635	C#5	73	80	0
1122	268.207031	269.269531	Bb4	63	80	0
1123	268.326823	268.489583	Bb3	53	80	0
1124	268.449219	268.514323	G3	47	80	0
1125	268.613281	268.683594	E3	47	80	0
1126	268.751302	268.859375	C#3	48	80	0
1127	268.891927	268.979167	Bb2	42	80	0
1128	269.134115	269.184896	E2	30	80	0
1129	269.377604	271.468750	F5	56	80	0
1130	269.489583	269.627604	F2	35	80	0
1131	269.651042	269.733073	Bb2	32	80	0
1132	269.660156	270.029948	D5	34	80	0
1133	269.832031	269.890625	D3	34	80	0
1134	269.962240	270.119792	F3	31	80	0
1135	270.085938	270.229167	D3	35	80	0
1136	270.227865	270.369792	Bb2	34	80	0
1137	270.394531	270.454427	F2	28	80	0
1138	270.552083	271.250000	D5	54	80	0
1139	270.572917	271.289062	Bb4	43	80	0
1140	270.712240	270.899740	F2	32	80	0
1141	270.854167	270.925781	Bb2	34	80	0
1142	270.984375	271.037760	D3	32	80	0
1143	271.108073	271.229167	F3	34	80	0
1144	271.235677	271.319010	F3	34	80	0
1145	271.389323	271.458333	Bb2	36	80	0
1146	271.518229	271.649740	F2	41	80	0
1147	271.703125	272.729167	A5	62	80	0
1148	271.707031	272.579427	A4	55	80	0
1149	271.713542	271.859375	Eb3	42	80	0
1150	271.725260	271.799479	C4	37	80	0
1151	271.885417	271.942708	C3	38	80	0
1152	272.031250	272.139323	A2	41	80	0
1153	272.186198	272.257812	F2	38	80	0
1154	272.343750	272.449219	Eb2	37	80	0
1155	272.509115	272.649740	C2	34	80	0
1156	272.679688	272.750000	A2	31	80	0
1157	272.679688	272.799479	A1	33	80	0
1158	272.812500	273.059896	F1	33	80	0
1159	272.994792	273.359375	Bb5	55	80	0
1160	273.006510	273.319010	Bb3	40	80	0
1161	273.006510	273.549479	D5	45	80	0
1162	273.007812	273.519531	Bb4	50	80	0
1163	273.011719	273.419271	Bb2	33	80	0
1164	273.014323	273.329427	D4	35	80	0
1165	274.007812	274.149740	Bb2	29	80	0
1166	274.092448	274.279948	Bb1	27	80	0
1167	274.184896	274.859375	Bb2	30	80	0
1168	274.291667	275.259115	Bb1	31	80	0
1169	275.295573	275.459635	Bb2	23	80	0
1170	275.468750	275.589844	Bb2	28	80	0
1171	275.597656	276.199219	Bb2	29	80	0
1172	276.641927	276.729167	Bb2	31	80	0
1173	276.713542	276.899740	Bb1	29	80	0
1174	276.743490	276.829427	Bb2	33	80	0
1175	276.946615	278.389323	F4	58	80	0
1176	276.967448	277.799479	Bb2	40	80	0
1177	276.971354	277.929688	G#3	43	80	0
1178	278.361979	279.519531	Eb4	65	80	0
1179	278.373698	279.119792	G3	50	80	0
1180	278.378906	279.239583	Bb3	51	80	0
1181	279.744792	280.479167	D4	59	80	0
1182	279.751302	279.759115	F#2	46	80	0
1183	279.753906	280.489583	Bb3	53	80	0
1184	279.755208	280.468750	F#3	45	80	0
1185	281.154948	282.049479	D4	62	80	0
1186	281.167969	281.779948	F#2	47	80	0
1187	281.173177	281.848958	F#1	46	80	0
1188	281.174479	281.989583	F#3	45	80	0
1189	281.175781	281.929688	Bb3	51	80	0
1190	282.276042	282.419271	Bb2	28	80	0
1191	282.363281	282.500000	Bb1	27	80	0
1192	282.604167	284.079427	Eb4	49	80	0
1193	282.635417	283.848958	Bb3	36	80	0
1194	282.635417	283.239583	Bb1	31	80	0
1195	282.635417	283.359375	G3	35	80	0
1196	283.744792	283.938802	Bb1	26	80	0
1197	283.763021	283.949219	Bb2	26	80	0
1198	283.949219	284.075521	Bb1	27	80	0
1199	283.962240	284.109375	Bb2	26	80	0
1200	285.046875	285.169271	Bb2	27	80	0
1201	285.089844	285.203125	Bb1	26	80	0
1202	285.373698	286.199219	G#4	60	80	0
1203	285.376302	286.029948	Bb1	40	80	0
1204	285.376302	286.139323	Bb2	41	80	0
1205	286.736979	287.579427	G4	65	80	0
1206	286.740885	287.449219	Bb3	49	80	0
1207	286.746094	287.619792	Eb4	50	80	0
1208	286.747396	286.759115	Eb2	41	80	0
1209	286.750000	287.500000	Eb3	48	80	0
1210	288.044271	288.699219	F#4	62	80	0
1211	288.053385	288.408854	D3	43	80	0
1212	288.053385	288.359375	D4	48	80	0
1213	288.053385	288.619792	Bb3	44	80	0
1214	289.345052	290.750000	F#4	64	80	0
1215	289.364583	289.819010	Bb3	47	80	0
1216	289.364583	289.799479	D4	46	80	0
1217	290.372396	290.908854	Eb3	43	80	0
1218	290.468750	290.709635	Eb2	38	80	0
1219	290.707031	292.399740	G4	55	80	0
1220	290.716146	292.718750	Eb4	42	80	0
1221	290.722656	291.179688	Eb2	37	80	0
1222	290.734375	291.718750	Bb3	38	80	0
1223	291.654948	291.959635	Eb3	35	80	0
1224	291.742188	291.809896	Eb2	33	80	0
1225	291.822917	291.929688	Eb2	39	80	0
1226	291.944010	292.500000	Eb2	38	80	0
1227	292.565104	292.989583	G4	73	80	0
1228	292.925781	293.069010	Eb3	39	80	0
1229	293.026042	293.199219	Eb2	38	80	0
1230	293.126302	293.139323	Eb5	52	80	0
1231	293.278646	295.688802	Eb5	68	80	0
1232	293.283854	294.089844	G4	61	80	0
1233	294.622396	295.658854	C5	66	80	0
1234	294.625000	295.250000	Eb4	53	80	0
1235	294.654948	295.209635	G4	48	80	0
1236	295.971354	296.549479	Bb4	62	80	0
1237	295.972656	295.979167	Bb5	62	80	0
1238	295.993490	296.449219	D4	45	80	0
1239	295.993490	296.000000	Bb3	42	80	0
1240	295.996094	296.589844	G4	45	80	0
1241	297.463542	298.539062	A5	47	80	0
1242	297.463542	298.619792	F5	47	80	0
1243	297.464844	298.549479	A4	49	80	0
1244	297.473958	297.500000	C5	38	80	0
1245	297.488281	297.889323	F4	30	80	0
1246	297.492188	297.729167	C4	25	80	0
1247	298.454427	298.579427	F3	24	80	0
1248	298.455729	298.619792	F2	25	80	0
1249	298.626302	298.739583	F2	28	80	0
1250	298.630208	299.119792	F5	39	80	0
1251	298.634115	298.718750	F3	30	80	0
1252	298.753906	298.929688	F2	31	80	0
1253	299.391927	299.848958	A5	62	80	0
1254	299.391927	299.779948	F5	55	80	0
1255	299.394531	300.000000	A4	62	80	0
1256	299.429688	299.759115	F4	39	80	0
1257	299.433594	299.539062	F3	30	80	0
1258	299.782552	299.825521	F6	61	80	0
1259	299.789062	299.829427	F5	50	80	0
1260	299.878906	299.979167	F5	54	80	0
1261	299.985677	300.199219	F6	58	80	0
1262	300.067708	300.709635	F5	58	80	0
1263	300.071615	300.079427	Bb5	71	80	0
1264	300.071615	300.750000	D5	58	80	0
1265	300.075521	300.519531	Bb4	65	80	0
1266	300.080729	300.145833	D4	53	80	0
1267	300.083333	300.438802	F4	50	80	0
1268	300.714844	301.169271	C5	64	80	0
1269	300.721354	301.299479	F5	56	80	0
1270	300.731771	301.179688	Eb4	47	80	0
1271	300.733073	301.239583	F4	48	80	0
1272	301.463542	302.319010	C5	55	80	0
1273	301.471354	302.459635	F5	52	80	0
1274	301.471354	302.259115	Eb5	54	80	0
1275	301.473958	302.089844	Eb4	45	80	0
1276	301.477865	302.169271	F4	45	80	0
1277	301.494792	301.878906	F3	36	80	0
1278	302.552083	302.675781	A4	45	80	0
1279	302.557292	302.679688	Bb4	44	80	0
1280	302.561198	302.630208	C#4	36	80	0
1281	302.572917	302.750000	F4	30	80	0
1282	302.665365	302.908854	F2	31	80	0
1283	302.901042	303.218750	F4	53	80	0
1284	302.903646	303.188802	Bb4	64	80	0
1285	302.904948	303.149740	D4	48	80	0
1286	302.906250	303.179688	F3	45	80	0
1287	302.914062	303.149740	F2	45	80	0
1288	303.574219	303.949219	F5	55	80	0
1289	303.576823	304.149740	D5	58	80	0
1290	303.579427	304.128906	Bb4	64	80	0
1291	303.591146	303.699219	D4	49	80	0
1292	303.593750	303.598958	Bb3	44	80	0
1293	303.602865	304.049479	F4	48	80	0
1294	303.904948	303.963542	F6	62	80	0
1295	304.001302	304.072917	F5	63	80	0
1296	304.114583	304.188802	F6	66	80	0
1297	304.216146	304.639323	C5	72	80	0
1298	304.222656	304.809896	F5	61	80	0
1299	304.223958	304.759115	A4	59	80	0
1300	304.233073	304.549479	F4	55	80	0
1301	304.885417	305.195312	D5	71	80	0
1302	304.906250	305.259115	Bb4	59	80	0
1303	304.911458	305.319010	F4	50	80	0
1304	305.604167	306.348958	D5	66	80	0
1305	305.622396	306.229167	F4	49	80	0
1306	305.622396	306.188802	Bb4	56	80	0
1307	306.638021	307.339844	F5	46	80	0
1308	306.656250	306.848958	B4	49	80	0
1309	306.673177	306.829427	G#4	44	80	0
1310	306.768229	306.838542	F2	38	80	0
1311	306.988281	307.378906	C5	65	80	0
1312	306.993490	307.169271	F2	54	80	0
1313	306.994792	307.359375	A4	57	80	0
1314	307.634115	308.199219	C5	73	80	0
1315	307.640625	308.079427	F5	64	80	0
1316	307.657552	307.829427	F3	53	80	0
1317	307.661458	308.218750	A4	61	80	0
1318	307.665365	308.079427	F4	54	80	0
1319	308.000000	308.066406	F6	64	80	0
1320	308.093750	308.154948	F5	64	80	0
1321	308.192708	308.199219	F5	52	80	0
1322	308.196615	308.319010	F6	64	80	0
1323	308.255208	309.279948	D6	79	80	0
1324	308.265625	309.589844	D5	76	80	0
1325	308.273438	308.919271	Bb4	62	80	0
1326	308.273438	308.279948	Bb2	61	80	0
1327	308.273438	309.529948	F5	62	80	0
1328	308.914062	309.389323	Eb5	80	80	0
1329	308.925781	308.938802	C5	64	80	0
1330	308.933594	309.119792	Bb4	61	80	0
1331	308.936198	309.449219	F4	54	80	0
1332	309.652344	310.809896	Eb5	72	80	0
1333	309.664062	310.468750	C5	58	80	0
1334	309.664062	310.500000	F4	58	80	0
1335	310.684896	311.468750	F5	52	80	0
1336	310.690104	310.908854	C#5	58	80	0
1337	310.690104	310.699219	F1	49	80	0
1338	310.691406	310.859375	A4	53	80	0
1339	310.819010	310.938802	F2	54	80	0
1340	311.014323	311.500000	D5	75	80	0
1341	311.023438	311.389323	Bb4	64	80	0
1342	311.735677	312.289062	D5	77	80	0
1343	311.735677	312.128906	F5	67	80	0
1344	311.739583	312.139323	Bb4	70	80	0
1345	312.102865	312.171875	F6	66	80	0
1346	312.199219	312.303385	F5	64	80	0
1347	312.295573	312.369792	F6	69	80	0
1348	312.403646	313.059896	E5	70	80	0
1349	312.412760	312.419271	G4	61	80	0
1350	312.414062	312.869792	Bb4	64	80	0
1351	312.414062	312.989583	C#5	64	80	0
1352	313.183594	313.188802	F5	63	80	0
1353	313.186198	313.739583	E5	62	80	0
1354	313.195312	313.809896	C#5	62	80	0
1355	313.203125	313.500000	G4	63	80	0
1356	313.205729	313.859375	Bb4	57	80	0
1357	313.535156	313.649740	F6	58	80	0
1358	313.618490	313.819010	F5	61	80	0
1359	313.773438	313.824219	F6	63	80	0
1360	314.020833	314.429688	F5	58	80	0
1361	314.026042	314.389323	C5	42	80	0
1362	314.031250	314.449219	A4	42	80	0
1363	314.855469	315.579427	C5	49	80	0
1364	314.856771	315.019531	Bb4	44	80	0
1365	314.864583	315.359375	F4	31	80	0
1366	314.876302	315.529948	A4	35	80	0
1367	315.457031	315.769531	F2	33	80	0
1368	315.457031	315.750000	F1	32	80	0
1369	316.273438	316.829427	C5	61	80	0
1370	316.308594	316.688802	F4	32	80	0
1371	316.308594	316.809896	A4	43	80	0
1372	316.623698	316.686198	F6	67	80	0
1373	316.743490	316.848958	F5	50	80	0
1374	316.947917	317.319010	E6	65	80	0
1375	316.954427	318.069010	E5	67	80	0
1376	316.983073	317.339844	Bb4	52	80	0
1377	317.694010	318.119792	C6	72	80	0
1378	317.695312	318.348958	C5	63	80	0
1379	317.705729	317.718750	Bb5	60	80	0
1380	317.709635	318.149740	Bb4	57	80	0
1381	318.488281	320.059896	F5	65	80	0
1382	318.516927	319.199219	A4	41	80	0
1383	318.523438	319.039062	F4	38	80	0
1384	319.339844	320.019531	C5	48	80	0
1385	319.372396	320.149740	A4	30	80	0
1386	319.404948	319.658854	F4	23	80	0
1387	319.744792	320.569010	F3	28	80	0
1388	319.861979	320.049479	F2	27	80	0
1389	320.683594	321.279948	C5	52	80	0
1390	320.684896	321.229167	F5	46	80	0
1391	320.707031	321.259115	A4	36	80	0
1392	320.712240	320.869792	F4	34	80	0
1393	321.115885	321.269531	F6	58	80	0
1394	321.235677	321.319010	F5	53	80	0
1395	321.398438	321.408854	F6	52	80	0
1396	321.404948	321.899740	E6	51	80	0
1397	321.412760	322.049479	F5	53	80	0
1398	321.416667	322.128906	E5	51	80	0
1399	321.454427	321.819010	Bb4	46	80	0
1400	322.127604	322.649740	C6	59	80	0
1401	322.131510	322.649740	C5	51	80	0
1402	322.143229	322.619792	E5	41	80	0
1403	322.165365	322.309896	Bb5	36	80	0
1404	322.183594	322.500000	Bb4	36	80	0
1405	322.184896	322.589844	G4	31	80	0
1406	322.891927	324.769531	F5	63	80	0
1407	322.914062	323.378906	A4	33	80	0
1408	322.928385	323.128906	F4	32	80	0
1409	323.662760	324.598958	C5	47	80	0
1410	323.695312	324.408854	A4	30	80	0
1411	323.701823	324.459635	F4	20	80	0
1412	324.154948	324.359375	F2	23	80	0
1413	325.074219	325.859375	A4	41	80	0
1414	325.075521	325.859375	C5	35	80	0
1415	325.083333	325.179688	F2	26	80	0
1416	325.085938	325.679688	F4	26	80	0
1417	325.388021	325.539062	F2	20	80	0
1418	325.553385	325.869792	F2	22	80	0
1419	326.473958	327.459635	F4	31	80	0
1420	326.475260	327.459635	A4	36	80	0
1421	326.475260	327.500000	C5	38	80	0
1422	326.479167	326.559896	A3	30	80	0
1423	326.485677	326.598958	C4	27	80	0
1424	326.847656	326.968750	F2	21	80	0
1425	326.979167	327.279948	F2	24	80	0
1426	327.701823	327.709635	A2	24	80	0
1427	327.923177	328.658854	F5	50	80	0
1428	327.924479	328.399740	F4	46	80	0
1429	327.927083	328.279948	A4	40	80	0
1430	328.686198	329.389323	E5	51	80	0
1431	328.687500	329.199219	E4	51	80	0
1432	329.506510	330.908854	F5	59	80	0
1433	329.513021	330.639323	F4	57	80	0
1434	329.518229	330.839844	Eb5	51	80	0
1435	329.520833	329.699219	Eb4	43	80	0
1436	330.283854	330.345052	D4	37	80	0
1437	330.730469	330.809896	G4	57	80	0
1438	330.972656	331.014323	A4	57	80	0
1439	331.230469	331.299479	Eb3	48	80	0
1440	331.234375	331.339844	Bb4	62	80	0
1441	331.236979	331.250000	C3	48	80	0
1442	331.243490	331.309896	C4	45	80	0
1443	331.244792	331.438802	Eb4	49	80	0
1444	331.483073	331.669271	C5	64	80	0
1445	331.725260	331.878906	D5	61	80	0
1446	331.989583	332.089844	Eb5	56	80	0
1447	332.414062	334.389323	F5	61	80	0
1448	332.419271	332.549479	Bb2	38	80	0
1449	333.233073	334.169271	Bb3	41	80	0
1450	333.975260	334.848958	Bb5	60	80	0
1451	333.976562	334.399740	D5	39	80	0
1452	333.984375	336.759115	Bb4	50	80	0
1453	334.005208	334.419271	D4	31	80	0
1454	334.023438	334.809896	F4	29	80	0
1455	334.721354	335.559896	Bb3	36	80	0
1456	335.214844	335.459635	D5	57	80	0
1457	335.471354	336.859375	Bb5	73	80	0
1458	335.472656	336.669271	Eb4	40	80	0
1459	335.475260	336.339844	G4	47	80	0
1460	336.212240	336.598958	Bb3	30	80	0
1461	336.692708	336.839844	G5	56	80	0
1462	336.921875	338.639323	F5	67	80	0
1463	336.925781	337.908854	D4	38	80	0
1464	336.925781	337.759115	Bb4	41	80	0
1465	336.929688	337.688802	F4	45	80	0
1466	337.671875	338.729167	Bb3	32	80	0
1467	338.342448	338.799479	Bb5	58	80	0
1468	338.350260	338.919271	D5	38	80	0
1469	338.354167	339.049479	Bb4	52	80	0
1470	338.372396	338.649740	D4	31	80	0
1471	338.394531	338.809896	F4	31	80	0
1472	339.113281	339.359375	Bb3	40	80	0
1473	339.614583	339.718750	D5	64	80	0
1474	339.815104	340.779948	Eb5	69	80	0
1475	339.841146	340.399740	Bb4	51	80	0
1476	340.572917	340.809896	G4	44	80	0
1477	340.585938	340.759115	Bb4	33	80	0
1478	341.123698	341.218750	C5	50	80	0
1479	341.320312	341.559896	F2	40	80	0
1480	341.324219	341.878906	Bb4	55	80	0
1481	342.063802	342.378906	D4	43	80	0
1482	342.065104	342.500000	F5	40	80	0
1483	342.066406	343.059896	F3	37	80	0
1484	342.070312	342.309896	Bb4	37	80	0
1485	342.804688	343.789062	F5	44	80	0
1486	342.809896	343.500000	D5	34	80	0
1487	342.812500	343.739583	F4	36	80	0
1488	342.813802	342.979167	D4	26	80	0
1489	342.815104	343.319010	Bb4	33	80	0
1490	342.833333	343.269531	Bb3	25	80	0
1491	344.264323	344.699219	D5	55	80	0
1492	344.290365	344.438802	A3	30	80	0
1493	344.291667	344.848958	F4	28	80	0
1494	344.294271	344.519531	A4	33	80	0
1495	344.294271	344.869792	F3	30	80	0
1496	344.667969	344.908854	C5	63	80	0
1497	345.072917	345.859375	F3	41	80	0
1498	345.072917	345.389323	Bb4	58	80	0
1499	345.475260	345.658854	C5	62	80	0
1500	345.929688	348.509115	F5	52	80	0
1501	345.932292	347.500000	C5	53	80	0
1502	345.945312	350.019531	Bb2	32	80	0
1503	345.963542	348.059896	A4	35	80	0
1504	346.783854	348.429688	F3	31	80	0
1505	347.343750	347.549479	C#5	47	80	0
1506	347.574219	348.579427	D5	56	80	0
1507	348.313802	348.319010	C6	57	80	0
1508	348.315104	349.089844	F#5	51	80	0
1509	348.316406	348.750000	D3	50	80	0
1510	349.097656	350.029948	Eb3	42	80	0
1511	349.104167	349.699219	Eb5	43	80	0
1512	349.354167	349.459635	F4	54	80	0
1513	349.555990	349.628906	G4	62	80	0
1514	349.759115	349.989583	A5	59	80	0
1515	349.763021	349.878906	A4	59	80	0
1516	349.970052	350.069010	Bb4	68	80	0
1517	349.975260	349.989583	E5	54	80	0
1518	349.981771	350.119792	C3	51	80	0
1519	350.201823	350.408854	C5	56	80	0
1520	350.412760	350.489583	D5	56	80	0
1521	350.641927	351.109375	Eb5	49	80	0
1522	350.998698	352.319010	F5	58	80	0
1523	351.015625	351.259115	Bb2	28	80	0
1524	351.763021	351.878906	Bb4	31	80	0
1525	351.764323	352.169271	Bb3	29	80	0
1526	352.125000	352.209635	A4	44	80	0
1527	352.502604	353.589844	Bb5	59	80	0
1528	352.505208	353.069010	F5	51	80	0
1529	352.509115	355.319010	Bb4	52	80	0
1530	352.513021	352.759115	Bb3	37	80	0
1531	352.514323	353.199219	D4	39	80	0
1532	352.524740	353.239583	F4	37	80	0
1533	353.272135	354.218750	Bb3	40	80	0
1534	353.802083	354.079427	D5	55	80	0
1535	354.046875	355.399740	Bb5	72	80	0
1536	354.071615	355.359375	Eb4	36	80	0
1537	354.075521	354.859375	G4	37	80	0
1538	354.756510	355.589844	Bb3	35	80	0
1539	355.272135	355.569010	G5	65	80	0
1540	355.484375	357.289062	F5	68	80	0
1541	355.498698	355.789062	D4	41	80	0
1542	355.532552	356.158854	F4	35	80	0
1543	356.204427	356.878906	Bb3	33	80	0
1544	356.554688	356.658854	A4	47	80	0
1545	356.561198	356.688802	Bb4	50	80	0
1546	356.957031	357.729167	D4	41	80	0
1547	356.963542	357.989583	Bb4	58	80	0
1548	356.989583	357.299479	F4	37	80	0
1549	357.714844	358.289062	Bb3	40	80	0
1550	358.165365	358.319010	D5	65	80	0
1551	358.236979	358.269531	Bb4	36	80	0
1552	358.372396	359.059896	F5	66	80	0
1553	358.394531	359.598958	Bb4	52	80	0
1554	358.403646	358.859375	G3	55	80	0
1555	358.875000	359.839844	Eb5	62	80	0
1556	359.285156	359.799479	Eb3	32	80	0
1557	359.313802	359.829427	G4	41	80	0
1558	359.735677	359.750000	C6	56	80	0
1559	359.740885	359.929688	C5	51	80	0
1560	360.139323	360.529948	Bb5	60	80	0
1561	360.143229	360.408854	D5	41	80	0
1562	360.144531	360.389323	Bb4	53	80	0
1563	360.151042	360.459635	D4	38	80	0
1564	360.164062	360.359375	F4	33	80	0
1565	360.165365	360.179688	Bb2	25	80	0
1566	360.864583	361.269531	D5	40	80	0
1567	360.865885	361.149740	D4	40	80	0
1568	360.865885	361.179688	Bb4	39	80	0
1569	360.873698	361.218750	Bb3	36	80	0
1570	361.618490	361.968750	D5	49	80	0
1571	361.621094	362.019531	F5	49	80	0
1572	361.622396	361.889323	D4	39	80	0
1573	361.623698	361.979167	F4	49	80	0
1574	361.640625	361.949219	Bb4	34	80	0
1575	362.348958	362.639323	D5	54	80	0
1576	362.350260	362.500000	D4	52	80	0
1577	362.350260	362.658854	F5	46	80	0
1578	362.352865	362.718750	Bb4	48	80	0
1579	362.354167	362.649740	Bb3	41	80	0
1580	362.355469	362.509115	F3	37	80	0
1581	362.359375	362.529948	F4	36	80	0
1582	362.361979	362.369792	Bb2	36	80	0
1583	363.110677	363.579427	F4	51	80	0
1584	363.111979	363.559896	F5	59	80	0
1585	363.115885	363.519531	A4	55	80	0
1586	363.118490	363.449219	A3	50	80	0
1587	363.122396	363.559896	C5	49	80	0
1588	363.122396	363.389323	C4	46	80	0
1589	363.123698	363.429688	F3	40	80	0
1590	363.125000	363.459635	F2	37	80	0
1591	363.864583	364.069010	A3	37	80	0
1592	363.868490	364.378906	F5	42	80	0
1593	363.869792	364.029948	A4	36	80	0
1594	363.882812	364.089844	F2	26	80	0
1595	363.884115	364.188802	F3	29	80	0
1596	363.885417	363.899740	C4	24	80	0
1597	364.656250	366.718750	D5	36	80	0
1598	364.656250	366.429688	D4	34	80	0
1599	364.664062	365.188802	Bb3	29	80	0
1600	364.680990	365.059896	Bb2	25	80	0
1601	364.686198	365.128906	F3	24	80	0
1602	365.805990	366.259115	Bb3	24	80	0
1603	365.809896	366.399740	Bb2	24	80	0
1604	367.212240	367.218750	Bb2	20	80	0
1605	367.277344	367.289062	Bb2	20	80	0
1606	367.299479	368.218750	Bb1	22	80	0
1607	367.404948	367.759115	Bb2	22	80	0
1608	368.291667	368.750000	Bb3	41	80	0
1609	369.157552	370.378906	Bb3	60	80	0
1610	370.404948	370.579427	Bb2	28	80	0
1611	370.501302	371.438802	Bb1	16	80	0
1612	370.731771	372.119792	B3	59	80	0
1613	370.747396	371.589844	G#3	56	80	0
1614	370.753906	371.779948	F3	47	80	0
1615	370.766927	371.289062	D3	47	80	0
1616	371.766927	371.919271	Bb2	27	80	0
1617	371.908854	373.250000	Bb1	41	80	0
1618	371.930990	372.000000	Bb2	39	80	0
1619	372.005208	373.039062	Bb2	37	80	0
1620	372.843750	373.378906	B3	65	80	0
1621	373.635417	374.559896	B4	62	80	0
1622	373.636719	374.908854	B3	67	80	0
1623	374.718750	374.848958	Bb2	42	80	0
1624	374.816406	375.049479	Bb1	45	80	0
1625	374.863281	374.919271	Bb2	39	80	0
1626	374.928385	375.878906	Bb2	51	80	0
1627	375.052083	376.750000	D4	64	80	0
1628	375.057292	376.250000	Bb1	55	80	0
1629	375.063802	376.169271	G#3	54	80	0
1630	375.063802	376.239583	F3	54	80	0
1631	376.154948	376.222656	Bb2	36	80	0
1632	376.255208	376.419271	Bb1	40	80	0
1633	376.345052	377.669271	Bb2	45	80	0
1634	376.430990	377.709635	Bb1	42	80	0
1635	377.165365	377.639323	D4	65	80	0
1636	377.914062	379.109375	D4	71	80	0
1637	377.916667	377.929688	Bb1	47	80	0
1638	378.929688	379.089844	Bb2	42	80	0
1639	379.024740	380.000000	Bb1	51	80	0
1640	379.104167	379.639323	Bb2	48	80	0
1641	379.226562	380.319010	F4	69	80	0
1642	379.238281	380.188802	B3	66	80	0
1643	379.243490	380.089844	D4	59	80	0
1644	379.244792	380.000000	G#3	68	80	0
1645	380.204427	380.408854	Bb2	48	80	0
1646	380.204427	380.299479	Bb1	45	80	0
1647	380.313802	380.479167	Bb1	49	80	0
1648	380.416667	380.938802	Bb2	54	80	0
1649	380.486979	382.619792	G#4	74	80	0
1650	380.490885	380.500000	Bb3	67	80	0
1651	380.492188	381.419271	Bb1	62	80	0
1652	380.493490	381.649740	D4	57	80	0
1653	380.494792	382.259115	F4	59	80	0
1654	381.498698	381.589844	Bb2	42	80	0
1655	381.591146	381.789062	Bb1	51	80	0
1656	381.684896	382.250000	Bb2	59	80	0
1657	381.795573	383.949219	B4	69	80	0
1658	381.796875	382.289062	Bb1	57	80	0
1659	382.735677	383.059896	G#3	48	80	0
1660	382.739583	382.750000	Bb2	38	80	0
1661	382.864583	383.049479	Bb2	40	80	0
1662	383.054688	384.039062	G#4	48	80	0
1663	383.054688	383.750000	D4	46	80	0
1664	383.063802	383.658854	Bb2	36	80	0
1665	383.065104	383.649740	G#3	40	80	0
1666	383.975260	384.049479	D4	32	80	0
1667	383.975260	384.036458	G#3	42	80	0
1668	383.988281	384.089844	Bb2	34	80	0
1669	384.102865	384.848958	Bb2	33	80	0
1670	384.201823	384.489583	G#3	46	80	0
1671	384.281250	384.899740	Bb4	65	80	0
1672	384.299479	385.049479	Bb3	46	80	0
1673	384.305990	384.979167	D4	49	80	0
1674	385.013021	385.329427	G#5	60	80	0
1675	385.014323	385.348958	G#4	62	80	0
1676	385.061198	385.389323	Bb3	32	80	0
1677	385.755208	387.000000	F#4	56	80	0
1678	386.799479	386.989583	Bb2	34	80	0
1679	386.895833	387.449219	Bb1	31	80	0
1680	387.003906	387.559896	Bb2	35	80	0
1681	387.108073	388.468750	G4	62	80	0
1682	387.125000	388.739583	Eb4	45	80	0
1683	387.143229	387.669271	Bb3	41	80	0
1684	388.074219	388.209635	Bb2	32	80	0
1685	388.170573	388.369792	Bb1	43	80	0
1686	388.292969	388.519531	Bb2	38	80	0
1687	388.384115	389.079427	Bb1	36	80	0
1688	388.993490	389.598958	Bb4	66	80	0
1689	389.014323	389.019531	Bb3	48	80	0
1690	389.670573	390.539062	Eb5	78	80	0
1691	390.647135	390.819010	Bb3	53	80	0
1692	390.743490	390.809896	Bb2	48	80	0
1693	390.817708	390.899740	Bb2	46	80	0
1694	390.930990	391.139323	Bb2	60	80	0
1695	390.964844	391.759115	Eb4	65	80	0
1696	390.967448	392.628906	A4	65	80	0
1697	390.973958	391.809896	F#4	63	80	0
1698	392.046875	392.218750	Bb3	41	80	0
1699	392.195312	392.259115	Bb2	31	80	0
1700	392.270833	392.389323	Bb2	35	80	0
1701	392.276042	392.718750	Bb3	41	80	0
1702	392.375000	392.938802	C5	59	80	0
1703	392.403646	393.239583	Bb2	34	80	0
1704	392.734375	392.750000	Bb4	24	80	0
1705	393.092448	393.489583	A4	47	80	0
1706	393.834635	394.949219	C5	57	80	0
1707	394.894531	395.069010	Bb2	27	80	0
1708	395.014323	395.218750	Bb1	31	80	0
1709	395.225260	395.589844	Bb3	37	80	0
1710	395.226562	397.009115	Bb4	55	80	0
1711	395.227865	395.908854	F4	43	80	0
1712	395.229167	395.848958	D4	39	80	0
1713	395.231771	395.919271	Bb1	40	80	0
1714	396.194010	396.265625	Bb2	26	80	0
1715	396.235677	396.289062	Bb1	20	80	0
1716	396.260417	396.269531	F3	20	80	0
1717	396.295573	397.408854	Bb1	29	80	0
1718	396.412760	397.399740	Bb2	41	80	0
1719	396.544271	396.709635	F4	44	80	0
1720	396.545573	396.809896	G#4	50	80	0
1721	396.552083	396.639323	D4	36	80	0
1722	396.553385	396.559896	Bb3	42	80	0
1723	397.194010	398.250000	D5	78	80	0
1724	397.903646	398.859375	F5	69	80	0
1725	398.686198	399.688802	Eb5	74	80	0
1726	399.109375	399.309896	Bb3	40	80	0
1727	399.207031	399.309896	Bb2	39	80	0
1728	399.316406	399.378906	Bb2	39	80	0
1729	399.324219	399.658854	Bb3	43	80	0
1730	399.430990	399.679688	G4	51	80	0
1731	399.433594	399.718750	Bb4	56	80	0
1732	399.451823	399.878906	Bb2	38	80	0
1733	400.210938	400.218750	A5	61	80	0
1734	400.214844	401.199219	A4	62	80	0
1735	400.214844	401.209635	F#4	61	80	0
1736	400.216146	400.589844	F#5	55	80	0
1737	400.220052	400.519531	Eb5	53	80	0
1738	400.613281	400.718750	Bb3	46	80	0
1739	400.755208	401.688802	Bb2	39	80	0
1740	400.856771	401.419271	Bb3	41	80	0
1741	400.967448	401.519531	C5	59	80	0
1742	400.973958	401.319010	Eb5	56	80	0
1743	400.984375	401.399740	Eb4	48	80	0
1744	401.776042	402.339844	A4	52	80	0
1745	401.778646	402.239583	Eb4	40	80	0
1746	401.782552	401.899740	C4	34	80	0
1747	401.785156	402.429688	F#4	38	80	0
1748	402.145833	402.359375	Bb3	44	80	0
1749	402.279948	402.359375	Bb2	36	80	0
1750	402.365885	402.414062	Bb2	38	80	0
1751	402.368490	402.489583	Bb3	41	80	0
1752	402.600260	403.438802	D3	49	80	0
1753	402.602865	403.408854	Bb4	60	80	0
1754	402.602865	403.089844	D5	55	80	0
1755	402.611979	406.718750	Bb2	46	80	0
1756	403.914062	403.971354	C4	42	80	0
1757	403.919271	404.079427	C3	45	80	0
1758	403.919271	404.069010	Eb3	44	80	0
1759	403.921875	405.218750	Bb4	47	80	0
1760	404.125000	405.059896	F3	50	80	0
1761	404.125000	405.218750	D3	46	80	0
1762	404.134115	404.779948	F4	45	80	0
1763	405.505208	406.709635	Eb3	41	80	0
1764	405.505208	406.619792	C3	42	80	0
1765	405.507812	405.709635	C4	41	80	0
1766	405.514323	406.419271	F3	37	80	0
1767	405.697917	405.819010	F4	55	80	0
1768	405.865885	405.949219	E4	62	80	0
1769	406.037760	406.209635	F4	66	80	0
1770	406.195312	406.279948	G4	68	80	0
1771	406.348958	406.438802	A4	67	80	0
1772	406.520833	406.585938	Bb4	60	80	0
1773	406.667969	406.779948	C5	66	80	0
1774	406.854167	408.039062	D5	70	80	0
1775	406.869792	407.500000	Bb2	51	80	0
1776	406.875000	407.500000	Bb4	53	80	0
1777	408.092448	408.209635	Eb5	57	80	0
1778	408.093750	408.158854	C5	47	80	0
1779	408.169271	408.279948	C5	45	80	0
1780	408.253906	409.259115	F5	69	80	0
1781	408.276042	409.098958	D5	55	80	0
1782	408.308594	408.319010	E5	51	80	0
1783	409.661458	409.729167	Eb5	53	80	0
1784	409.665365	409.739583	C5	40	80	0
1785	409.740885	409.869792	Eb5	44	80	0
1786	409.744792	410.217448	C5	45	80	0
1787	409.830729	410.069010	F5	52	80	0
1788	409.832031	409.903646	F3	46	80	0
1789	409.833333	409.839844	A5	54	80	0
1790	410.003906	410.057292	E3	49	80	0
1791	410.152344	410.669271	F5	52	80	0
1792	410.154948	410.279948	F3	49	80	0
1793	410.303385	410.500000	D5	56	80	0
1794	410.307292	410.361979	G3	57	80	0
1795	410.453125	410.511719	A3	58	80	0
1796	410.640625	410.705729	Bb3	50	80	0
1797	410.774740	410.824219	C4	54	80	0
1798	411.014323	411.019531	D6	67	80	0
1799	411.016927	412.299479	D4	54	80	0
1800	411.023438	412.438802	D5	58	80	0
1801	411.024740	412.500000	F5	53	80	0
1802	411.028646	412.269531	Bb4	47	80	0
1803	411.035156	412.479167	Bb3	46	80	0
1804	412.328125	412.559896	C4	41	80	0
1805	412.346354	412.589844	Eb5	50	80	0
1806	412.356771	412.549479	Eb4	49	80	0
1807	412.490885	417.500000	D5	58	80	0
1808	412.496094	415.149740	D4	52	80	0
1809	412.528646	415.949219	F4	52	80	0
1810	414.114583	416.149740	Bb1	45	80	0
1811	414.121094	414.649740	Bb2	45	80	0
1812	415.875000	418.209635	A1	41	80	0
1813	415.893229	415.899740	A2	35	80	0
1814	420.506510	420.789062	C6	72	80	0
1815	421.026042	421.092448	D6	61	80	0
1816	421.113281	421.169271	C6	63	80	0
1817	421.201823	421.251302	B5	63	80	0
1818	421.308594	421.429688	C6	75	80	0
1819	421.934896	422.002604	D6	73	80	0
1820	422.117188	422.549479	Eb6	79	80	0
1821	423.795573	425.739583	F#4	68	80	0
1822	423.813802	424.009115	Eb3	53	80	0
1823	423.822917	424.658854	Bb3	52	80	0
1824	423.825521	424.348958	C4	46	80	0
1825	425.544271	426.919271	F4	46	80	0
1826	425.548177	426.899740	A3	33	80	0
1827	427.765625	427.908854	G4	45	80	0
1828	427.888021	427.966146	F4	44	80	0
1829	428.006510	428.149740	E4	58	80	0
1830	428.136719	428.196615	F4	51	80	0
1831	428.256510	428.359375	G4	56	80	0
1832	428.375000	428.414062	A4	54	80	0
1833	428.375000	428.389323	Bb4	54	80	0
1834	428.483073	428.545573	Bb4	59	80	0
1835	428.583333	428.643229	C5	60	80	0
1836	428.677083	428.759115	D5	57	80	0
1837	428.776042	428.842448	Eb5	61	80	0
1838	428.876302	428.954427	F5	65	80	0
1839	428.962240	429.039062	G5	63	80	0
1840	429.054688	429.128906	A5	57	80	0
1841	429.135417	429.175781	Bb5	66	80	0
1842	429.246094	429.339844	C6	71	80	0
1843	429.708333	429.752604	D6	57	80	0
1844	429.792969	429.835938	C6	64	80	0
1845	429.876302	429.959635	B5	63	80	0
1846	429.977865	430.218750	C6	75	80	0
1847	430.585938	430.639323	D6	65	80	0
1848	430.763021	431.188802	Eb6	71	80	0
1849	432.390625	433.399740	Eb5	76	80	0
1850	432.394531	432.479167	C5	67	80	0
1851	432.398438	432.479167	A4	68	80	0
1852	432.403646	433.250000	Eb4	70	80	0
1853	432.404948	433.250000	F#3	63	80	0
1854	432.404948	433.109375	C4	63	80	0
1855	432.423177	432.429688	C3	62	80	0
1856	432.485677	433.259115	C5	50	80	0
1857	432.485677	433.299479	A4	51	80	0
1858	434.036458	434.979167	D5	48	80	0
1859	434.041667	434.919271	Bb3	35	80	0
1860	434.044271	434.989583	Bb4	41	80	0
1861	434.044271	434.859375	G4	33	80	0
1862	434.045573	434.669271	D4	31	80	0
1863	434.048177	434.750000	G3	30	80	0
1864	435.473958	435.929688	G5	78	80	0
1865	436.184896	436.479167	Bb3	70	80	0
1866	436.186198	436.438802	C#4	68	80	0
1867	436.187500	436.449219	C#5	64	80	0
1868	436.190104	436.378906	E3	65	80	0
1869	436.191406	436.489583	Bb4	63	80	0
1870	436.197917	436.209635	E2	65	80	0
1871	436.925781	437.158854	C#5	64	80	0
1872	436.929688	437.369792	G4	65	80	0
1873	436.932292	437.229167	Bb4	63	80	0
1874	438.475260	439.579427	F5	55	80	0
1875	439.242188	439.559896	D4	32	80	0
1876	439.243490	439.679688	D5	35	80	0
1877	439.246094	439.598958	Bb4	32	80	0
1878	439.250000	439.459635	Bb3	28	80	0
1879	439.252604	439.639323	F3	24	80	0
1880	439.264323	439.539062	Bb2	22	80	0
1881	440.061198	440.449219	D5	46	80	0
1882	440.062500	440.309896	Bb4	42	80	0
1883	440.075521	440.769531	F4	26	80	0
1884	440.811198	441.218750	F1	25	80	0
1885	440.816406	441.158854	F2	20	80	0
1886	441.575521	442.579427	A4	36	80	0
1887	441.575521	442.449219	Eb4	33	80	0
1888	441.576823	441.809896	C4	23	80	0
1889	441.583333	441.799479	F3	27	80	0
1890	442.311198	442.639323	F2	26	80	0
1891	442.313802	442.609375	F3	26	80	0
1892	443.098958	443.429688	Bb3	36	80	0
1893	443.104167	443.549479	Bb4	43	80	0
1894	443.104167	444.149740	D5	34	80	0
1895	443.109375	443.389323	D4	31	80	0
1896	443.111979	444.929688	Bb2	30	80	0
1897	443.111979	443.319010	F3	26	80	0
1898	443.861979	444.429688	F5	65	80	0
1899	443.888021	444.899740	F3	31	80	0
1900	443.891927	444.098958	F4	39	80	0
1901	444.617188	445.128906	D5	71	80	0
1902	444.621094	445.019531	Bb3	43	80	0
1903	444.623698	445.039062	D4	48	80	0
1904	445.394531	446.429688	B5	68	80	0
1905	445.394531	446.069010	B4	60	80	0
1906	445.402344	445.408854	D3	38	80	0
1907	445.403646	445.959635	B3	45	80	0
1908	446.151042	447.000000	Bb5	58	80	0
1909	446.153646	446.468750	Bb4	55	80	0
1910	446.158854	446.769531	Bb3	47	80	0
1911	446.183594	446.188802	Bb2	35	80	0
1912	446.901042	447.609375	G#5	56	80	0
1913	446.911458	447.329427	G#3	37	80	0
1914	446.911458	447.348958	G#4	47	80	0
1915	447.657552	447.949219	G5	62	80	0
1916	447.658854	447.908854	G4	63	80	0
1917	447.667969	447.899740	G3	46	80	0
1918	447.674479	447.979167	Bb2	44	80	0
1919	448.440104	450.199219	Bb5	68	80	0
1920	448.444010	449.009115	Bb3	55	80	0
1921	448.445312	450.479167	Bb4	62	80	0
1922	449.182292	449.429688	Eb4	66	80	0
1923	449.194010	449.325521	Eb3	50	80	0
1924	449.203125	449.519531	Bb3	45	80	0
1925	449.955729	450.438802	Eb5	39	80	0
1926	449.963542	450.419271	G3	34	80	0
1927	449.964844	450.509115	G4	53	80	0
1928	449.971354	450.319010	Eb4	29	80	0
1929	450.733073	451.158854	C5	48	80	0
1930	450.734375	450.938802	C4	47	80	0
1931	450.740885	451.009115	Bb4	42	80	0
1932	450.740885	450.899740	C3	34	80	0
1933	451.524740	452.609375	F5	51	80	0
1934	451.527344	452.119792	F4	46	80	0
1935	451.553385	452.089844	F3	40	80	0
1936	452.018229	452.179688	Eb4	47	80	0
1937	452.023438	452.269531	Eb3	40	80	0
1938	452.486979	452.938802	D5	41	80	0
1939	452.502604	452.779948	D4	38	80	0
1940	452.505208	453.019531	Bb3	34	80	0
1941	452.515625	453.119792	Bb2	27	80	0
1942	452.527344	452.848958	D3	28	80	0
1943	453.312500	454.188802	F5	50	80	0
1944	453.313802	453.859375	F4	50	80	0
1945	453.335938	453.348958	A3	28	80	0
1946	453.337240	453.429688	D4	25	80	0
1947	454.113281	454.799479	D4	49	80	0
1948	454.114583	454.899740	Bb3	39	80	0
1949	454.122396	454.229167	D3	33	80	0
1950	454.894531	455.989583	D5	67	80	0
1951	454.903646	455.750000	B3	47	80	0
1952	455.662760	457.500000	Bb3	38	80	0
1953	455.699219	455.769531	Bb4	29	80	0
1954	456.350260	457.019531	G#3	45	80	0
1955	456.354167	456.359375	G#4	44	80	0
1956	456.429688	456.475260	D5	54	80	0
1957	456.515625	456.628906	Eb5	61	80	0
1958	456.604167	456.640625	D5	59	80	0
1959	456.675781	456.729167	Eb5	63	80	0
1960	456.743490	456.859375	D5	65	80	0
1961	456.744792	456.799479	Eb5	64	80	0
1962	456.808594	456.889323	Eb5	66	80	0
1963	456.871094	456.929688	D5	62	80	0
1964	456.942708	457.098958	C5	69	80	0
1965	457.026042	457.084635	D5	61	80	0
1966	457.093750	457.649740	F5	67	80	0
1967	457.102865	457.109375	G2	51	80	0
1968	457.102865	457.109375	G1	57	80	0
1969	457.104167	457.109375	Bb1	57	80	0
1970	457.654948	458.139323	F5	27	80	0
1971	457.924479	458.658854	Eb5	52	80	0
1972	457.925781	459.049479	Bb3	35	80	0
1973	458.664062	459.299479	Eb3	39	80	0
1974	458.670573	459.019531	Eb5	31	80	0
1975	459.430990	459.500000	Eb5	60	80	0
1976	459.464844	460.569010	G3	24	80	0
1977	459.511719	461.009115	Eb5	48	80	0
1978	460.179688	460.959635	C3	35	80	0
1979	460.188802	460.369792	E5	33	80	0
1980	460.210938	460.309896	C5	25	80	0
1981	460.886719	461.539062	F3	35	80	0
1982	460.888021	461.938802	F5	39	80	0
1983	460.945312	461.250000	A4	46	80	0
1984	461.123698	461.188802	Bb4	47	80	0
1985	461.199219	461.269531	Bb4	52	80	0
1986	461.278646	461.408854	Bb4	53	80	0
1987	461.329427	461.779948	Eb3	33	80	0
1988	461.351562	461.459635	A4	46	80	0
1989	461.415365	461.509115	Bb4	53	80	0
1990	461.417969	461.619792	Bb3	38	80	0
1991	461.471354	461.549479	A4	52	80	0
1992	461.535156	461.619792	G4	53	80	0
1993	461.595052	461.609375	A5	56	80	0
1994	461.600260	461.718750	A4	51	80	0
1995	461.701823	462.619792	Bb4	54	80	0
1996	461.725260	462.459635	Bb2	30	80	0
1997	461.727865	462.628906	D3	34	80	0
1998	462.424479	463.819010	F5	43	80	0
1999	462.427083	463.000000	F3	34	80	0
2000	462.464844	462.729167	Bb2	21	80	0
2001	462.867188	463.369792	Eb3	34	80	0
2002	462.869792	463.079427	A4	45	80	0
2003	462.881510	462.938802	Bb4	47	80	0
2004	462.953125	463.339844	Bb4	40	80	0
2005	463.308594	464.128906	Bb2	26	80	0
2006	463.312500	464.289062	D3	28	80	0
2007	463.346354	464.179688	Bb4	39	80	0
2008	463.351562	463.500000	D5	26	80	0
2009	464.100260	465.089844	F5	38	80	0
2010	464.111979	464.609375	F3	31	80	0
2011	464.136719	464.369792	Bb2	23	80	0
2012	464.515625	465.029948	C5	50	80	0
2013	464.523438	464.669271	A4	42	80	0
2014	464.526042	465.059896	Eb3	33	80	0
2015	464.976562	466.408854	Bb2	30	80	0
2016	464.983073	465.218750	Bb3	33	80	0
2017	464.994792	466.128906	D5	45	80	0
2018	464.994792	465.408854	D4	28	80	0
2019	465.001302	465.139323	F3	29	80	0
2020	465.002604	465.468750	Bb4	36	80	0
2021	465.794271	466.059896	F5	47	80	0
2022	465.794271	466.408854	F3	43	80	0
2023	465.794271	466.000000	A5	51	80	0
2024	465.834635	465.839844	F4	28	80	0
2025	466.253906	466.579427	A5	73	80	0
2026	466.283854	466.628906	C5	44	80	0
2027	466.285156	467.059896	Eb3	35	80	0
2028	466.842448	467.619792	Bb5	80	80	0
2029	466.875000	467.329427	D5	54	80	0
2030	466.878906	467.019531	Bb4	42	80	0
2031	466.884115	467.309896	Bb2	35	80	0
2032	466.884115	467.179688	D3	33	80	0
2033	467.759115	468.709635	D6	86	80	0
2034	468.614583	468.799479	C6	63	80	0
2035	468.895833	469.799479	C6	63	80	0
2036	470.920573	472.179688	Bb5	50	80	0
2037	472.049479	473.419271	Bb1	22	80	0
2038	472.084635	473.119792	Bb2	23	80	0
#SusPed	0.457031	89	0
#SusPed	5.369792	0	0
#SusPed	5.384115	72	0
#SusPed	6.908854	0	0
#SusPed	6.920573	61	0
#SusPed	7.199219	0	0
#SusPed	7.213542	67	0
#SusPed	8.279948	0	0
#SusPed	8.292969	92	0
#SusPed	13.449219	0	0
#SusPed	13.457031	73	0
#SusPed	13.500000	0	0
#SusPed	13.506510	71	0
#SusPed	13.750000	0	0
#SusPed	13.764323	64	0
#SofPed	13.792969	79	0
#SofPed	13.899740	0	0
#SofPed	13.904948	76	0
#SusPed	13.908854	0	0
#SusPed	13.920573	56	0
#SofPed	14.299479	0	0
#SofPed	14.308594	43	0
#SusPed	14.489583	0	0
#SusPed	14.503906	56	0
#SofPed	14.869792	0	0
#SofPed	14.875000	75	0
#SofPed	14.968750	0	0
#SofPed	14.975260	84	0
#SofPed	15.039062	0	0
#SofPed	15.046875	98	0
#SofPed	15.509115	0	0
#SofPed	15.522135	52	0
#SofPed	15.669271	0	0
#SofPed	15.675781	37	0
#SofPed	15.759115	0	0
#SofPed	15.774740	29	0
#SofPed	15.829427	0	0
#SofPed	15.843750	31	0
#SofPed	15.929688	0	0
#SofPed	15.936198	40	0
#SofPed	16.079427	0	0
#SofPed	16.092448	65	0
#SofPed	16.218750	0	0
#SofPed	16.234375	77	0
#SusPed	16.259115	0	0
#SusPed	16.273438	61	0
#SofPed	16.359375	0	0
#SofPed	16.371094	75	0
#SofPed	16.609375	0	0
#SusPed	16.619792	0	0
#SofPed	16.623698	74	0
#SusPed	16.634115	68	0
#SusPed	17.549479	0	0
#SusPed	17.554688	90	0
#SusPed	19.199219	0	0
#SusPed	19.213542	65	0
#SusPed	19.459635	0	0
#SusPed	19.472656	79	0
#SusPed	21.628906	0	0
#SusPed	21.641927	69	0
#SusPed	21.789062	0	0
#SusPed	21.794271	57	0
#SusPed	21.869792	0	0
#SusPed	21.876302	54	0
#SusPed	22.009115	0	0
#SusPed	22.015625	50	0
#SofPed	22.619792	0	0
#SusPed	23.039062	0	0
#SusPed	23.054688	85	0
#SusPed	24.019531	0	0
#SusPed	24.033854	81	0
#SusPed	24.329427	0	0
#SusPed	24.342448	81	0
#SofPed	24.712240	56	0
#SofPed	24.779948	0	0
#SofPed	24.787760	48	0
#SusPed	25.279948	0	0
#SusPed	25.286458	99	0
#SofPed	25.579427	0	0
#SusPed	26.799479	0	0
#SusPed	26.805990	91	0
#SusPed	26.989583	0	0
#SusPed	26.994792	65	0
#SusPed	27.438802	0	0
#SusPed	27.451823	81	0
#SusPed	27.769531	0	0
#SusPed	27.781250	62	0
#SusPed	27.949219	0	0
#SusPed	27.954427	62	0
#SusPed	28.399740	0	0
#SusPed	28.408854	77	0
#SusPed	28.459635	0	0
#SusPed	28.468750	75	0
#SusPed	28.569010	0	0
#SusPed	28.584635	73	0
#SusPed	29.339844	0	0
#SusPed	29.351562	79	0
#SusPed	29.429688	0	0
#SusPed	29.444010	96	0
#SusPed	30.179688	0	0
#SusPed	30.192708	70	0
#SusPed	30.899740	0	0
#SusPed	30.914062	76	0
#SusPed	31.069010	0	0
#SusPed	31.078125	86	0
#SusPed	31.769531	0	0
#SusPed	31.782552	76	0
#SusPed	32.399740	0	0
#SusPed	32.411458	60	0
#SusPed	32.489583	0	0
#SusPed	32.503906	56	0
#SusPed	32.669271	0	0
#SusPed	32.683594	50	0
#SusPed	33.149740	0	0
#SusPed	33.161458	53	0
#SusPed	33.569010	0	0
#SusPed	33.582031	55	0
#SusPed	33.718750	0	0
#SusPed	33.734375	55	0
#SusPed	33.789062	0	0
#SusPed	33.795573	53	0
#SusPed	33.908854	0	0
#SusPed	33.917969	51	0
#SusPed	34.079427	0	0
#SusPed	34.085938	60	0
#SusPed	34.239583	0	0
#SusPed	34.252604	66	0
#SusPed	34.399740	0	0
#SusPed	34.414062	72	0
#SusPed	34.619792	0	0
#SusPed	34.630208	76	0
#SusPed	34.699219	0	0
#SusPed	34.712240	82	0
#SusPed	34.769531	0	0
#SusPed	34.777344	83	0
#SusPed	36.109375	0	0
#SusPed	36.114583	52	0
#SusPed	36.609375	0	0
#SusPed	36.622396	56	0
#SusPed	36.979167	0	0
#SusPed	36.993490	72	0
#SusPed	37.079427	0	0
#SusPed	37.092448	81	0
#SusPed	38.639323	0	0
#SusPed	38.652344	74	0
#SusPed	39.169271	0	0
#SusPed	39.180990	73	0
#SusPed	41.979167	0	0
#SusPed	41.985677	70	0
#SusPed	42.139323	0	0
#SusPed	42.145833	78	0
#SusPed	42.449219	0	0
#SusPed	42.460938	85	0
#SusPed	42.859375	0	0
#SusPed	42.871094	52	0
#SusPed	43.598958	0	0
#SusPed	43.611979	62	0
#SusPed	43.739583	0	0
#SusPed	43.752604	51	0
#SusPed	43.968750	0	0
#SusPed	43.977865	68	0
#SofPed	44.055990	81	0
#SofPed	44.128906	0	0
#SofPed	44.138021	82	0
#SusPed	45.408854	0	0
#SusPed	45.420573	93	0
#SusPed	45.609375	0	0
#SusPed	45.619792	88	0
#SofPed	45.940104	0	0
#SusPed	47.309896	0	0
#SusPed	47.322917	88	0
#SusPed	47.619792	0	0
#SusPed	47.630208	49	0
#SusPed	47.829427	0	0
#SusPed	47.842448	65	0
#SusPed	49.000000	0	0
#SusPed	49.013021	66	0
#SusPed	49.339844	0	0
#SusPed	49.347656	74	0
#SusPed	50.688802	0	0
#SusPed	50.695312	86	0
#SusPed	51.039062	0	0
#SusPed	51.048177	90	0
#SofPed	52.135417	49	0
#SusPed	52.408854	0	0
#SusPed	52.415365	75	0
#SusPed	52.589844	0	0
#SusPed	52.595052	94	0
#SofPed	52.688802	0	0
#SofPed	52.697917	88	0
#SofPed	52.949219	0	0
#SofPed	52.963542	95	0
#SofPed	53.029948	0	0
#SofPed	53.042969	92	0
#SofPed	53.098958	0	0
#SofPed	53.109375	86	0
#SusPed	53.218750	0	0
#SusPed	53.230469	68	0
#SofPed	53.250000	0	0
#SofPed	53.256510	79	0
#SofPed	53.408854	0	0
#SofPed	53.415365	70	0
#SofPed	53.848958	0	0
#SofPed	53.861979	85	0
#SofPed	53.959635	0	0
#SofPed	53.972656	86	0
#SusPed	54.149740	0	0
#SusPed	54.164062	59	0
#SusPed	54.299479	0	0
#SusPed	54.304688	73	0
#SofPed	54.339844	0	0
#SofPed	54.354167	79	0
#SofPed	54.959635	0	0
#SofPed	54.964844	86	0
#SofPed	55.309896	0	0
#SofPed	55.324219	65	0
#SofPed	55.739583	0	0
#SofPed	55.747396	52	0
#SofPed	55.929688	0	0
#SofPed	55.941406	45	0
#SusPed	57.729167	0	0
#SusPed	57.734375	76	0
#SusPed	57.919271	0	0
#SusPed	57.929688	74	0
#SusPed	58.319010	0	0
#SusPed	58.333333	97	0
#SusPed	59.299479	0	0
#SusPed	59.311198	65	0
#SusPed	59.559896	0	0
#SusPed	59.574219	62	0
#SusPed	60.039062	0	0
#SusPed	60.044271	82	0
#SusPed	61.329427	0	0
#SusPed	61.338542	89	0
#SusPed	61.559896	0	0
#SusPed	61.567708	90	0
#SofPed	61.809896	0	0
#SofPed	61.822917	84	0
#SusPed	63.019531	0	0
#SusPed	63.027344	71	0
#SusPed	63.169271	0	0
#SusPed	63.175781	66	0
#SofPed	63.718750	0	0
#SofPed	63.733073	53	0
#SofPed	64.128906	0	0
#SofPed	64.138021	61	0
#SofPed	64.269531	0	0
#SofPed	64.279948	70	0
#SofPed	64.779948	0	0
#SofPed	64.786458	59	0
#SofPed	65.149740	0	0
#SofPed	65.160156	63	0
#SofPed	65.218750	0	0
#SofPed	65.230469	72	0
#SofPed	65.859375	0	0
#SofPed	65.873698	65	0
#SofPed	65.919271	0	0
#SofPed	65.932292	57	0
#SofPed	66.059896	0	0
#SofPed	66.072917	54	0
#SofPed	66.199219	0	0
#SofPed	66.214844	67	0
#SofPed	66.319010	0	0
#SofPed	66.326823	61	0
#SofPed	66.438802	0	0
#SofPed	66.446615	57	0
#SofPed	66.519531	0	0
#SofPed	66.529948	52	0
#SofPed	66.598958	0	0
#SofPed	66.605469	48	0
#SofPed	66.679688	0	0
#SofPed	66.684896	46	0
#SusPed	66.699219	0	0
#SusPed	66.710938	90	0
#SofPed	66.739583	0	0
#SofPed	66.752604	43	0
#SofPed	66.878906	0	0
#SofPed	66.885417	52	0
#SusPed	66.959635	0	0
#SusPed	66.968750	88	0
#SusPed	68.479167	0	0
#SusPed	68.493490	91	0
#SusPed	68.848958	0	0
#SusPed	68.854167	73	0
#SusPed	69.479167	0	0
#SusPed	69.493490	80	0
#SusPed	70.289062	0	0
#SusPed	70.295573	58	0
#SusPed	70.500000	0	0
#SusPed	70.511719	70	0
#SusPed	71.829427	0	0
#SusPed	71.838542	85	0
#SusPed	72.029948	0	0
#SusPed	72.035156	87	0
#SofPed	72.229167	0	0
#SofPed	72.240885	72	0
#SofPed	72.429688	0	0
#SofPed	72.440104	75	0
#SusPed	72.669271	0	0
#SofPed	72.679688	0	0
#SusPed	72.680990	62	0
#SofPed	72.686198	71	0
#SofPed	72.718750	0	0
#SofPed	72.726562	77	0
#SofPed	72.959635	0	0
#SofPed	72.966146	68	0
#SofPed	73.199219	0	0
#SofPed	73.205729	72	0
#SofPed	73.279948	0	0
#SusPed	73.289062	0	0
#SofPed	73.294271	95	0
#SusPed	73.295573	60	0
#SofPed	73.378906	0	0
#SofPed	73.385417	105	0
#SusPed	73.489583	0	0
#SusPed	73.494792	62	0
#SusPed	73.559896	0	0
#SusPed	73.566406	68	0
#SofPed	73.750000	0	0
#SofPed	73.761719	88	0
#SofPed	73.968750	0	0
#SofPed	73.973958	98	0
#SusPed	75.489583	0	0
#SusPed	75.503906	93	0
#SusPed	75.569010	0	0
#SusPed	75.582031	84	0
#SusPed	75.919271	0	0
#SusPed	75.930990	88	0
#SusPed	76.688802	0	0
#SusPed	76.703125	80	0
#SusPed	77.438802	0	0
#SusPed	77.453125	76	0
#SusPed	78.299479	0	0
#SusPed	78.305990	61	0
#SusPed	78.839844	0	0
#SusPed	78.846354	65	0
#SusPed	78.919271	0	0
#SusPed	78.933594	67	0
#SusPed	79.019531	0	0
#SusPed	79.033854	74	0
#SofPed	79.979167	0	0
#SusPed	80.709635	0	0
#SusPed	80.722656	67	0
#SusPed	83.859375	0	0
#SusPed	83.872396	77	0
#SofPed	83.898438	90	0
#SusPed	84.289062	0	0
#SusPed	84.302083	70	0
#SofPed	84.348958	0	0
#SofPed	84.361979	91	0
#SusPed	85.449219	0	0
#SusPed	85.463542	74	0
#SusPed	85.739583	0	0
#SusPed	85.752604	95	0
#SusPed	87.059896	0	0
#SusPed	87.074219	86	0
#SusPed	87.339844	0	0
#SusPed	87.351562	65	0
#SusPed	88.750000	0	0
#SusPed	88.764323	80	0
#SusPed	88.989583	0	0
#SusPed	89.003906	68	0
#SofPed	90.359375	0	0
#SusPed	90.408854	0	0
#SusPed	90.424479	87	0
#SusPed	90.598958	0	0
#SusPed	90.611979	53	0
#SusPed	92.039062	0	0
#SusPed	92.052083	67	0
#SusPed	92.279948	0	0
#SusPed	92.294271	55	0
#SusPed	93.658854	0	0
#SusPed	93.665365	89	0
#SofPed	93.665365	86	0
#SusPed	93.809896	0	0
#SusPed	93.824219	87	0
#SofPed	93.878906	0	0
#SofPed	93.886719	88	0
#SofPed	94.259115	0	0
#SofPed	94.269531	86	0
#SusPed	94.279948	0	0
#SusPed	94.291667	83	0
#SusPed	94.878906	0	0
#SusPed	94.885417	65	0
#SofPed	95.000000	0	0
#SofPed	95.013021	89	0
#SusPed	95.179688	0	0
#SofPed	95.179688	0	0
#SusPed	95.184896	55	0
#SofPed	95.192708	96	0
#SofPed	95.309896	0	0
#SofPed	95.315104	97	0
#SusPed	95.449219	0	0
#SusPed	95.458333	57	0
#SofPed	96.009115	0	0
#SofPed	96.022135	107	0
#SofPed	96.199219	0	0
#SofPed	96.204427	103	0
#SusPed	96.209635	0	0
#SusPed	96.217448	58	0
#SusPed	96.859375	0	0
#SusPed	96.873698	64	0
#SusPed	97.059896	0	0
#SusPed	97.067708	60	0
#SusPed	97.639323	0	0
#SusPed	97.645833	68	0
#SusPed	97.899740	0	0
#SusPed	97.912760	65	0
#SusPed	98.519531	0	0
#SusPed	98.532552	74	0
#SusPed	98.750000	0	0
#SusPed	98.763021	74	0
#SusPed	100.128906	0	0
#SusPed	100.136719	64	0
#SusPed	100.250000	0	0
#SusPed	100.261719	63	0
#SusPed	101.669271	0	0
#SusPed	101.683594	79	0
#SusPed	101.779948	0	0
#SusPed	101.794271	74	0
#SofPed	102.209635	0	0
#SusPed	103.549479	0	0
#SusPed	103.557292	83	0
#SofPed	103.592448	66	0
#SofPed	103.709635	0	0
#SofPed	103.720052	67	0
#SofPed	103.819010	0	0
#SofPed	103.832031	65	0
#SofPed	104.098958	0	0
#SofPed	104.109375	65	0
#SofPed	105.079427	0	0
#SofPed	105.085938	44	0
#SusPed	105.169271	0	0
#SusPed	105.178385	67	0
#SofPed	105.188802	0	0
#SofPed	105.203125	30	0
#SusPed	105.399740	0	0
#SofPed	105.408854	0	0
#SusPed	105.411458	91	0
#SofPed	105.415365	29	0
#SusPed	106.878906	0	0
#SusPed	106.886719	82	0
#SusPed	107.119792	0	0
#SusPed	107.128906	87	0
#SofPed	107.479167	0	0
#SofPed	107.484375	82	0
#SofPed	107.628906	0	0
#SofPed	107.635417	103	0
#SusPed	108.839844	0	0
#SusPed	108.854167	74	0
#SusPed	109.049479	0	0
#SusPed	109.055990	78	0
#SusPed	110.319010	0	0
#SusPed	110.325521	70	0
#SusPed	110.449219	0	0
#SusPed	110.458333	72	0
#SusPed	111.119792	0	0
#SusPed	111.128906	88	0
#SusPed	111.209635	0	0
#SusPed	111.214844	78	0
#SusPed	112.069010	0	0
#SusPed	112.082031	94	0
#SusPed	112.718750	0	0
#SusPed	112.725260	68	0
#SusPed	112.919271	0	0
#SusPed	112.924479	96	0
#SofPed	113.639323	0	0
#SusPed	113.649740	0	0
#SusPed	113.658854	72	0
#SusPed	114.968750	0	0
#SusPed	114.977865	98	0
#SusPed	115.309896	0	0
#SusPed	115.321615	66	0
#SusPed	115.489583	0	0
#SusPed	115.500000	92	0
#SusPed	116.158854	0	0
#SusPed	116.165365	73	0
#SusPed	116.218750	0	0
#SusPed	116.233073	74	0
#SusPed	116.938802	0	0
#SusPed	116.954427	74	0
#SusPed	117.089844	0	0
#SusPed	117.101562	93	0
#SofPed	117.394531	56	0
#SofPed	117.628906	0	0
#SofPed	117.635417	81	0
#SofPed	117.709635	0	0
#SofPed	117.720052	83	0
#SusPed	117.769531	0	0
#SusPed	117.777344	76	0
#SofPed	117.809896	0	0
#SofPed	117.817708	84	0
#SusPed	117.979167	0	0
#SusPed	117.984375	95	0
#SofPed	118.019531	0	0
#SofPed	118.032552	89	0
#SofPed	118.509115	0	0
#SofPed	118.514323	90	0
#SofPed	118.569010	0	0
#SofPed	118.576823	88	0
#SusPed	118.639323	0	0
#SusPed	118.644531	76	0
#SofPed	118.669271	0	0
#SofPed	118.677083	82	0
#SofPed	118.819010	0	0
#SofPed	118.832031	85	0
#SusPed	118.938802	0	0
#SofPed	118.938802	0	0
#SusPed	118.946615	91	0
#SofPed	118.947917	93	0
#SofPed	119.639323	0	0
#SofPed	119.647135	98	0
#SusPed	119.968750	0	0
#SusPed	119.975260	66	0
#SofPed	119.979167	0	0
#SofPed	119.990885	87	0
#SofPed	120.239583	0	0
#SofPed	120.253906	76	0
#SusPed	120.259115	0	0
#SusPed	120.266927	77	0
#SusPed	120.389323	0	0
#SusPed	120.395833	85	0
#SofPed	120.399740	0	0
#SofPed	120.406250	85	0
#SofPed	120.679688	0	0
#SofPed	120.686198	86	0
#SusPed	121.069010	0	0
#SusPed	121.075521	81	0
#SusPed	121.269531	0	0
#SusPed	121.283854	82	0
#SofPed	121.289062	0	0
#SofPed	121.303385	82	0
#SofPed	121.519531	0	0
#SofPed	121.529948	81	0
#SofPed	121.598958	0	0
#SofPed	121.614583	82	0
#SofPed	121.809896	0	0
#SofPed	121.815104	95	0
#SusPed	121.889323	0	0
#SusPed	121.901042	54	0
#SofPed	121.929688	0	0
#SofPed	121.936198	94	0
#SusPed	122.069010	0	0
#SusPed	122.082031	104	0
#SofPed	122.089844	0	0
#SofPed	122.095052	91	0
#SusPed	122.639323	0	0
#SusPed	122.648438	80	0
#SusPed	122.859375	0	0
#SusPed	122.871094	90	0
#SofPed	122.899740	0	0
#SofPed	122.912760	76	0
#SofPed	123.438802	0	0
#SofPed	123.445312	77	0
#SusPed	123.468750	0	0
#SusPed	123.484375	84	0
#SofPed	123.609375	0	0
#SofPed	123.622396	79	0
#SusPed	123.658854	0	0
#SusPed	123.669271	73	0
#SusPed	124.759115	0	0
#SusPed	124.766927	63	0
#SusPed	125.000000	0	0
#SusPed	125.007812	73	0
#SusPed	125.218750	0	0
#SusPed	125.234375	84	0
#SusPed	125.859375	0	0
#SusPed	125.865885	84	0
#SusPed	126.598958	0	0
#SusPed	126.605469	84	0
#SusPed	126.869792	0	0
#SusPed	126.882812	82	0
#SusPed	127.459635	0	0
#SusPed	127.471354	82	0
#SusPed	127.658854	0	0
#SofPed	127.669271	0	0
#SusPed	127.671875	93	0
#SofPed	127.678385	53	0
#SofPed	127.859375	0	0
#SofPed	127.864583	84	0
#SusPed	128.169271	0	0
#SusPed	128.175781	66	0
#SusPed	128.459635	0	0
#SusPed	128.473958	76	0
#SusPed	130.209635	0	0
#SusPed	130.223958	74	0
#SusPed	131.019531	0	0
#SusPed	131.032552	100	0
#SofPed	131.139323	0	0
#SofPed	131.144531	78	0
#SusPed	131.848958	0	0
#SusPed	131.863281	78	0
#SusPed	132.079427	0	0
#SusPed	132.085938	93	0
#SusPed	132.709635	0	0
#SusPed	132.718750	59	0
#SusPed	132.848958	0	0
#SusPed	132.861979	79	0
#SusPed	133.529948	0	0
#SusPed	133.544271	67	0
#SusPed	133.829427	0	0
#SusPed	133.835938	84	0
#SusPed	136.029948	0	0
#SusPed	136.044271	61	0
#SusPed	136.929688	0	0
#SusPed	136.941406	75	0
#SusPed	137.059896	0	0
#SusPed	137.065104	75	0
#SofPed	137.149740	0	0
#SusPed	137.709635	0	0
#SusPed	137.722656	61	0
#SusPed	137.819010	0	0
#SusPed	137.829427	65	0
#SofPed	137.983073	29	0
#SusPed	138.489583	0	0
#SusPed	138.502604	77	0
#SusPed	138.658854	0	0
#SusPed	138.666667	66	0
#SusPed	142.709635	0	0
#SusPed	142.723958	69	0
#SusPed	143.389323	0	0
#SusPed	143.395833	83	0
#SusPed	143.959635	0	0
#SusPed	143.964844	78	0
#SofPed	143.979167	0	0
#SusPed	144.369792	0	0
#SusPed	144.384115	76	0
#SusPed	144.529948	0	0
#SusPed	144.544271	64	0
#SofPed	144.877604	61	0
#SofPed	144.949219	0	0
#SofPed	144.960938	66	0
#SusPed	145.348958	0	0
#SusPed	145.360677	64	0
#SusPed	145.489583	0	0
#SusPed	145.500000	87	0
#SofPed	145.619792	0	0
#SofPed	145.632812	76	0
#SofPed	145.859375	0	0
#SofPed	145.864583	75	0
#SofPed	146.089844	0	0
#SofPed	146.101562	77	0
#SofPed	146.139323	0	0
#SofPed	146.145833	79	0
#SusPed	146.179688	0	0
#SusPed	146.191406	70	0
#SofPed	146.319010	0	0
#SofPed	146.334635	73	0
#SofPed	146.500000	0	0
#SofPed	146.505208	77	0
#SusPed	146.509115	0	0
#SusPed	146.514323	89	0
#SofPed	147.079427	0	0
#SofPed	147.088542	98	0
#SofPed	147.218750	0	0
#SofPed	147.234375	95	0
#SofPed	147.649740	0	0
#SofPed	147.658854	76	0
#SusPed	147.658854	0	0
#SusPed	147.671875	76	0
#SofPed	147.869792	0	0
#SofPed	147.876302	70	0
#SusPed	148.098958	0	0
#SusPed	148.110677	61	0
#SofPed	148.179688	0	0
#SofPed	148.194010	73	0
#SofPed	148.378906	0	0
#SofPed	148.393229	82	0
#SofPed	148.459635	0	0
#SofPed	148.468750	75	0
#SofPed	148.799479	0	0
#SofPed	148.804688	63	0
#SofPed	148.968750	0	0
#SofPed	148.984375	72	0
#SusPed	149.529948	0	0
#SusPed	149.542969	72	0
#SusPed	149.669271	0	0
#SusPed	149.680990	81	0
#SusPed	151.299479	0	0
#SusPed	151.311198	70	0
#SusPed	151.449219	0	0
#SusPed	151.464844	60	0
#SusPed	153.000000	0	0
#SusPed	153.010417	70	0
#SusPed	153.289062	0	0
#SusPed	153.300781	76	0
#SusPed	154.619792	0	0
#SusPed	154.632812	67	0
#SusPed	154.889323	0	0
#SusPed	154.895833	87	0
#SofPed	154.979167	0	0
#SusPed	157.688802	0	0
#SusPed	157.696615	79	0
#SusPed	157.929688	0	0
#SusPed	157.942708	88	0
#SusPed	158.479167	0	0
#SusPed	158.485677	84	0
#SusPed	158.619792	0	0
#SusPed	158.625000	66	0
#SusPed	159.250000	0	0
#SusPed	159.260417	73	0
#SusPed	159.459635	0	0
#SusPed	159.466146	77	0
#SusPed	161.009115	0	0
#SusPed	161.023438	85	0
#SusPed	162.529948	0	0
#SusPed	162.542969	56	0
#SusPed	162.649740	0	0
#SusPed	162.662760	60	0
#SusPed	162.899740	0	0
#SusPed	162.914062	66	0
#SofPed	162.917969	106	0
#SofPed	163.279948	0	0
#SofPed	163.289062	103	0
#SofPed	163.359375	0	0
#SofPed	163.369792	103	0
#SusPed	163.429688	0	0
#SusPed	163.441406	59	0
#SofPed	163.468750	0	0
#SofPed	163.480469	105	0
#SofPed	163.549479	0	0
#SofPed	163.558594	104	0
#SusPed	163.658854	0	0
#SusPed	163.674479	63	0
#SusPed	163.799479	0	0
#SofPed	163.809896	0	0
#SusPed	163.812500	63	0
#SofPed	163.819010	95	0
#SusPed	164.429688	0	0
#SusPed	164.434896	64	0
#SusPed	164.649740	0	0
#SusPed	164.662760	78	0
#SusPed	165.459635	0	0
#SusPed	165.467448	64	0
#SusPed	166.329427	0	0
#SusPed	166.342448	64	0
#SusPed	166.549479	0	0
#SusPed	166.559896	79	0
#SusPed	167.250000	0	0
#SusPed	167.255208	87	0
#SusPed	167.949219	0	0
#SusPed	167.960938	75	0
#SusPed	168.449219	0	0
#SusPed	168.455729	56	0
#SusPed	168.848958	0	0
#SusPed	168.856771	51	0
#SusPed	169.069010	0	0
#SusPed	169.083333	49	0
#SusPed	169.359375	0	0
#SusPed	169.367188	46	0
#SusPed	169.429688	0	0
#SusPed	169.440104	49	0
#SusPed	169.628906	0	0
#SusPed	169.635417	49	0
#SofPed	169.819010	0	0
#SusPed	170.029948	0	0
#SusPed	170.035156	65	0
#SusPed	170.229167	0	0
#SusPed	170.235677	88	0
#SusPed	171.699219	0	0
#SusPed	171.710938	66	0
#SusPed	171.878906	0	0
#SusPed	171.888021	63	0
#SusPed	172.399740	0	0
#SusPed	172.404948	92	0
#SusPed	173.348958	0	0
#SusPed	173.361979	59	0
#SusPed	173.459635	0	0
#SusPed	173.473958	69	0
#SusPed	174.819010	0	0
#SusPed	174.832031	73	0
#SusPed	175.039062	0	0
#SusPed	175.049479	60	0
#SusPed	175.199219	0	0
#SusPed	175.205729	67	0
#SofPed	176.246094	110	0
#SofPed	176.429688	0	0
#SofPed	176.444010	105	0
#SusPed	176.709635	0	0
#SusPed	176.722656	65	0
#SofPed	176.829427	0	0
#SofPed	176.835938	83	0
#SofPed	176.889323	0	0
#SofPed	176.894531	80	0
#SofPed	177.279948	0	0
#SofPed	177.290365	89	0
#SofPed	177.609375	0	0
#SofPed	177.623698	84	0
#SofPed	177.658854	0	0
#SofPed	177.667969	82	0
#SofPed	178.119792	0	0
#SofPed	178.125000	56	0
#SusPed	178.188802	0	0
#SusPed	178.195312	62	0
#SofPed	178.408854	0	0
#SofPed	178.423177	61	0
#SofPed	178.609375	0	0
#SofPed	178.618490	78	0
#SusPed	178.699219	0	0
#SusPed	178.707031	64	0
#SofPed	178.819010	0	0
#SofPed	178.828125	91	0
#SofPed	178.878906	0	0
#SofPed	178.884115	93	0
#SusPed	179.158854	0	0
#SusPed	179.167969	64	0
#SusPed	179.299479	0	0
#SofPed	179.299479	0	0
#SofPed	179.304688	91	0
#SusPed	179.313802	65	0
#SofPed	179.589844	0	0
#SofPed	179.596354	90	0
#SofPed	179.709635	0	0
#SofPed	179.721354	83	0
#SusPed	180.169271	0	0
#SusPed	180.177083	59	0
#SusPed	180.329427	0	0
#SusPed	180.341146	73	0
#SofPed	180.399740	0	0
#SofPed	180.414062	73	0
#SusPed	181.199219	0	0
#SusPed	181.212240	81	0
#SusPed	181.869792	0	0
#SusPed	181.875000	94	0
#SusPed	181.968750	0	0
#SusPed	181.973958	93	0
#SusPed	182.799479	0	0
#SusPed	182.804688	59	0
#SusPed	182.938802	0	0
#SusPed	182.951823	87	0
#SusPed	183.628906	0	0
#SusPed	183.640625	68	0
#SusPed	183.938802	0	0
#SusPed	183.954427	76	0
#SofPed	184.019531	0	0
#SofPed	184.024740	90	0
#SusPed	184.468750	0	0
#SusPed	184.477865	69	0
#SusPed	184.628906	0	0
#SusPed	184.641927	65	0
#SusPed	185.559896	0	0
#SusPed	185.569010	55	0
#SusPed	185.718750	0	0
#SusPed	185.733073	71	0
#SusPed	187.218750	0	0
#SusPed	187.230469	73	0
#SusPed	187.309896	0	0
#SusPed	187.322917	78	0
#SusPed	189.938802	0	0
#SusPed	189.949219	64	0
#SusPed	190.029948	0	0
#SofPed	190.029948	0	0
#SusPed	190.039062	63	0
#SusPed	190.688802	0	0
#SusPed	190.704427	85	0
#SusPed	190.889323	0	0
#SusPed	190.902344	83	0
#SusPed	192.079427	0	0
#SusPed	192.092448	59	0
#SusPed	192.229167	0	0
#SusPed	192.234375	80	0
#SofPed	193.174479	94	0
#SofPed	193.319010	0	0
#SofPed	193.329427	94	0
#SusPed	193.339844	0	0
#SusPed	193.345052	76	0
#SofPed	193.378906	0	0
#SofPed	193.385417	95	0
#SusPed	193.529948	0	0
#SusPed	193.539062	90	0
#SofPed	193.549479	0	0
#SofPed	193.562500	95	0
#SofPed	193.609375	0	0
#SofPed	193.618490	94	0
#SofPed	193.968750	0	0
#SofPed	193.980469	92	0
#SusPed	194.049479	0	0
#SofPed	194.049479	0	0
#SusPed	194.061198	75	0
#SofPed	194.062500	72	0
#SofPed	194.669271	0	0
#SofPed	194.678385	85	0
#SusPed	194.729167	0	0
#SusPed	194.736979	87	0
#SusPed	194.968750	0	0
#SusPed	194.977865	94	0
#SusPed	196.079427	0	0
#SusPed	196.092448	67	0
#SusPed	197.359375	0	0
#SusPed	197.371094	72	0
#SusPed	197.938802	0	0
#SusPed	197.951823	83	0
#SofPed	198.119792	0	0
#SofPed	198.125000	87	0
#SusPed	198.658854	0	0
#SusPed	198.671875	67	0
#SusPed	198.889323	0	0
#SusPed	198.894531	83	0
#SofPed	199.049479	0	0
#SofPed	199.062500	74	0
#SusPed	199.750000	0	0
#SusPed	199.755208	97	0
#SofPed	199.878906	0	0
#SofPed	199.893229	100	0
#SusPed	199.959635	0	0
#SusPed	199.973958	86	0
#SofPed	199.979167	0	0
#SofPed	199.986979	97	0
#SusPed	200.250000	0	0
#SusPed	200.263021	87	0
#SusPed	201.158854	0	0
#SusPed	201.165365	90	0
#SusPed	201.299479	0	0
#SusPed	201.312500	82	0
#SofPed	201.399740	0	0
#SofPed	201.406250	89	0
#SofPed	201.709635	0	0
#SofPed	201.720052	58	0
#SusPed	201.809896	0	0
#SofPed	201.819010	0	0
#SusPed	201.820312	88	0
#SofPed	201.829427	52	0
#SusPed	201.899740	0	0
#SusPed	201.914062	90	0
#SusPed	202.039062	0	0
#SusPed	202.048177	87	0
#SofPed	202.169271	0	0
#SofPed	202.179688	48	0
#SofPed	202.408854	0	0
#SofPed	202.420573	45	0
#SusPed	202.509115	0	0
#SusPed	202.514323	80	0
#SofPed	202.549479	0	0
#SofPed	202.562500	34	0
#SusPed	202.779948	0	0
#SusPed	202.786458	79	0
#SofPed	203.039062	0	0
#SofPed	203.046875	57	0
#SofPed	203.109375	0	0
#SofPed	203.119792	58	0
#SusPed	203.289062	0	0
#SusPed	203.303385	66	0
#SofPed	203.319010	0	0
#SofPed	203.329427	64	0
#SusPed	203.729167	0	0
#SusPed	203.742188	80	0
#SusPed	203.968750	0	0
#SusPed	203.980469	76	0
#SusPed	204.479167	0	0
#SusPed	204.488281	71	0
#SusPed	204.609375	0	0
#SusPed	204.621094	65	0
#SusPed	204.839844	0	0
#SusPed	204.850260	63	0
#SusPed	205.209635	0	0
#SusPed	205.223958	61	0
#SusPed	205.389323	0	0
#SusPed	205.398438	61	0
#SusPed	205.619792	0	0
#SusPed	205.627604	58	0
#SusPed	205.848958	0	0
#SusPed	205.855469	56	0
#SusPed	206.029948	0	0
#SusPed	206.037760	53	0
#SusPed	206.378906	0	0
#SusPed	206.386719	59	0
#SusPed	206.769531	0	0
#SusPed	206.782552	80	0
#SusPed	207.029948	0	0
#SusPed	207.036458	69	0
#SusPed	207.119792	0	0
#SusPed	207.125000	59	0
#SusPed	207.859375	0	0
#SusPed	207.873698	75	0
#SofPed	209.329427	0	0
#SusPed	209.399740	0	0
#SusPed	209.404948	62	0
#SusPed	209.569010	0	0
#SusPed	209.575521	65	0
#SusPed	210.839844	0	0
#SusPed	210.852865	65	0
#SusPed	212.259115	0	0
#SusPed	212.264323	70	0
#SusPed	212.419271	0	0
#SusPed	212.429688	67	0
#SusPed	212.669271	0	0
#SusPed	212.678385	58	0
#SusPed	212.809896	0	0
#SusPed	212.817708	44	0
#SusPed	212.889323	0	0
#SusPed	212.902344	41	0
#SusPed	213.098958	0	0
#SusPed	213.104167	58	0
#SusPed	213.509115	0	0
#SusPed	213.522135	48	0
#SusPed	213.609375	0	0
#SusPed	213.615885	40	0
#SusPed	213.899740	0	0
#SusPed	213.912760	79	0
#SusPed	215.218750	0	0
#SusPed	215.230469	87	0
#SusPed	215.519531	0	0
#SusPed	215.531250	87	0
#SusPed	216.809896	0	0
#SusPed	216.815104	76	0
#SusPed	216.989583	0	0
#SusPed	217.002604	77	0
#SusPed	218.169271	0	0
#SusPed	218.174479	59	0
#SusPed	221.218750	0	0
#SusPed	221.225260	57	0
#SusPed	222.519531	0	0
#SusPed	222.524740	62	0
#SusPed	222.688802	0	0
#SusPed	222.701823	74	0
#SofPed	224.601562	81	0
#SofPed	224.779948	0	0
#SofPed	224.791667	73	0
#SusPed	225.658854	0	0
#SusPed	225.673177	72	0
#SusPed	225.979167	0	0
#SusPed	225.984375	93	0
#SofPed	226.299479	0	0
#SofPed	226.313802	67	0
#SofPed	226.509115	0	0
#SofPed	226.515625	71	0
#SofPed	227.098958	0	0
#SofPed	227.105469	75	0
#SusPed	227.128906	0	0
#SusPed	227.136719	72	0
#SusPed	227.339844	0	0
#SusPed	227.343750	66	0
#SofPed	227.479167	0	0
#SofPed	227.484375	89	0
#SofPed	228.000000	0	0
#SofPed	228.013021	53	0
#SofPed	228.089844	0	0
#SofPed	228.095052	47	0
#SofPed	228.149740	0	0
#SofPed	228.160156	46	0
#SofPed	228.628906	0	0
#SofPed	228.638021	56	0
#SofPed	229.029948	0	0
#SofPed	229.042969	72	0
#SofPed	229.098958	0	0
#SofPed	229.104167	80	0
#SusPed	230.218750	0	0
#SusPed	230.234375	73	0
#SusPed	230.489583	0	0
#SusPed	230.496094	53	0
#SusPed	230.829427	0	0
#SusPed	230.834635	43	0
#SusPed	231.069010	0	0
#SusPed	231.082031	68	0
#SusPed	231.769531	0	0
#SusPed	231.783854	50	0
#SusPed	232.000000	0	0
#SusPed	232.010417	81	0
#SusPed	233.188802	0	0
#SusPed	233.196615	84	0
#SusPed	233.378906	0	0
#SusPed	233.393229	89	0
#SusPed	234.699219	0	0
#SusPed	234.712240	65	0
#SusPed	234.848958	0	0
#SusPed	234.855469	83	0
#SofPed	235.109375	0	0
#SusPed	236.239583	0	0
#SusPed	236.248698	67	0
#SusPed	236.878906	0	0
#SusPed	236.893229	67	0
#SusPed	237.000000	0	0
#SusPed	237.010417	72	0
#SusPed	237.729167	0	0
#SusPed	237.742188	87	0
#SusPed	238.299479	0	0
#SusPed	238.305990	63	0
#SusPed	238.408854	0	0
#SusPed	238.415365	89	0
#SusPed	239.000000	0	0
#SusPed	239.013021	73	0
#SusPed	239.139323	0	0
#SusPed	239.151042	72	0
#SusPed	239.438802	0	0
#SusPed	239.451823	48	0
#SusPed	239.679688	0	0
#SusPed	239.687500	49	0
#SusPed	239.739583	0	0
#SusPed	239.746094	47	0
#SusPed	240.209635	0	0
#SusPed	240.217448	53	0
#SusPed	240.779948	0	0
#SusPed	240.789062	54	0
#SusPed	240.869792	0	0
#SusPed	240.876302	60	0
#SusPed	241.158854	0	0
#SusPed	241.165365	79	0
#SusPed	241.209635	0	0
#SusPed	241.214844	79	0
#SusPed	241.709635	0	0
#SusPed	241.714844	76	0
#SusPed	241.968750	0	0
#SusPed	241.984375	72	0
#SusPed	242.229167	0	0
#SusPed	242.242188	75	0
#SusPed	242.619792	0	0
#SusPed	242.631510	53	0
#SusPed	243.309896	0	0
#SusPed	243.319010	49	0
#SusPed	243.509115	0	0
#SusPed	243.515625	60	0
#SusPed	244.819010	0	0
#SusPed	244.824219	64	0
#SusPed	244.938802	0	0
#SusPed	244.951823	70	0
#SusPed	245.098958	0	0
#SusPed	245.111979	83	0
#SusPed	247.878906	0	0
#SusPed	247.894531	72	0
#SusPed	248.079427	0	0
#SusPed	248.091146	70	0
#SusPed	248.539062	0	0
#SusPed	248.545573	48	0
#SusPed	248.739583	0	0
#SusPed	248.753906	73	0
#SusPed	249.169271	0	0
#SusPed	249.178385	92	0
#SusPed	249.348958	0	0
#SusPed	249.355469	93	0
#SusPed	249.509115	0	0
#SusPed	249.518229	93	0
#SusPed	249.819010	0	0
#SusPed	249.830729	76	0
#SusPed	250.019531	0	0
#SusPed	250.032552	69	0
#SusPed	250.438802	0	0
#SusPed	250.451823	53	0
#SusPed	251.139323	0	0
#SusPed	251.149740	81	0
#SusPed	251.239583	0	0
#SusPed	251.247396	64	0
#SusPed	252.459635	0	0
#SusPed	252.467448	71	0
#SofPed	252.597656	113	0
#SusPed	252.628906	0	0
#SusPed	252.636719	67	0
#SofPed	252.729167	0	0
#SofPed	252.734375	109	0
#SofPed	252.839844	0	0
#SofPed	252.852865	111	0
#SofPed	252.968750	0	0
#SofPed	252.981771	105	0
#SofPed	253.109375	0	0
#SofPed	253.117188	102	0
#SusPed	253.679688	0	0
#SusPed	253.686198	75	0
#SusPed	253.729167	0	0
#SusPed	253.736979	62	0
#SusPed	253.859375	0	0
#SusPed	253.865885	71	0
#SofPed	253.959635	0	0
#SofPed	253.973958	93	0
#SofPed	254.079427	0	0
#SofPed	254.093750	105	0
#SofPed	254.399740	0	0
#SofPed	254.414062	107	0
#SofPed	254.529948	0	0
#SofPed	254.544271	104	0
#SusPed	254.579427	0	0
#SusPed	254.593750	87	0
#SofPed	254.619792	0	0
#SofPed	254.632812	93	0
#SofPed	254.729167	0	0
#SofPed	254.734375	92	0
#SofPed	254.848958	0	0
#SofPed	254.863281	89	0
#SofPed	254.938802	0	0
#SofPed	254.946615	90	0
#SusPed	255.059896	0	0
#SusPed	255.074219	62	0
#SusPed	255.139323	0	0
#SusPed	255.144531	75	0
#SofPed	255.188802	0	0
#SofPed	255.201823	104	0
#SofPed	255.378906	0	0
#SofPed	255.391927	102	0
#SusPed	255.419271	0	0
#SusPed	255.425781	67	0
#SofPed	255.459635	0	0
#SofPed	255.464844	104	0
#SusPed	255.559896	0	0
#SusPed	255.569010	67	0
#SofPed	255.649740	0	0
#SofPed	255.657552	110	0
#SofPed	255.759115	0	0
#SofPed	255.770833	111	0
#SusPed	255.809896	0	0
#SusPed	255.815104	81	0
#SofPed	255.839844	0	0
#SofPed	255.845052	112	0
#SofPed	255.968750	0	0
#SofPed	255.976562	110	0
#SusPed	256.239583	0	0
#SusPed	256.244792	72	0
#SofPed	256.250000	0	0
#SofPed	256.256510	108	0
#SofPed	256.479167	0	0
#SofPed	256.493490	113	0
#SofPed	256.598958	0	0
#SofPed	256.611979	109	0
#SofPed	256.750000	0	0
#SofPed	256.761719	107	0
#SofPed	256.829427	0	0
#SofPed	256.834635	102	0
#SofPed	256.889323	0	0
#SofPed	256.895833	100	0
#SofPed	257.029948	0	0
#SofPed	257.042969	95	0
#SofPed	257.188802	0	0
#SofPed	257.201823	91	0
#SofPed	257.329427	0	0
#SofPed	257.343750	89	0
#SusPed	257.429688	0	0
#SusPed	257.434896	67	0
#SusPed	257.559896	0	0
#SusPed	257.565104	67	0
#SofPed	257.819010	0	0
#SofPed	257.825521	89	0
#SofPed	257.878906	0	0
#SofPed	257.888021	87	0
#SofPed	257.989583	0	0
#SofPed	257.994792	90	0
#SofPed	258.149740	0	0
#SofPed	258.157552	72	0
#SusPed	258.500000	0	0
#SusPed	258.513021	70	0
#SofPed	258.519531	0	0
#SofPed	258.524740	43	0
#SusPed	258.589844	0	0
#SusPed	258.604167	62	0
#SusPed	258.669271	0	0
#SusPed	258.677083	83	0
#SofPed	259.000000	0	0
#SofPed	259.007812	80	0
#SofPed	259.139323	0	0
#SofPed	259.145833	83	0
#SofPed	259.229167	0	0
#SofPed	259.235677	84	0
#SusPed	259.359375	0	0
#SusPed	259.367188	68	0
#SofPed	259.389323	0	0
#SofPed	259.402344	99	0
#SusPed	259.559896	0	0
#SofPed	259.559896	0	0
#SusPed	259.570312	69	0
#SofPed	259.571615	101	0
#SofPed	259.619792	0	0
#SofPed	259.626302	99	0
#SusPed	259.769531	0	0
#SofPed	259.779948	0	0
#SusPed	259.781250	73	0
#SofPed	259.789062	79	0
#SofPed	259.989583	0	0
#SofPed	259.994792	85	0
#SusPed	260.000000	0	0
#SusPed	260.006510	77	0
#SusPed	260.229167	0	0
#SusPed	260.240885	84	0
#SofPed	260.250000	0	0
#SofPed	260.256510	88	0
#SusPed	263.319010	0	0
#SusPed	263.328125	65	0
#SusPed	263.509115	0	0
#SusPed	263.523438	83	0
#SusPed	264.669271	0	0
#SusPed	264.682292	83	0
#SusPed	264.848958	0	0
#SusPed	264.854167	83	0
#SusPed	265.509115	0	0
#SusPed	265.515625	66	0
#SusPed	266.079427	0	0
#SusPed	266.087240	72	0
#SofPed	266.259115	0	0
#SusPed	266.419271	0	0
#SusPed	266.433594	89	0
#SofPed	266.662760	105	0
#SofPed	266.799479	0	0
#SofPed	266.813802	89	0
#SofPed	266.878906	0	0
#SofPed	266.894531	86	0
#SofPed	267.019531	0	0
#SofPed	267.033854	80	0
#SofPed	267.239583	0	0
#SofPed	267.247396	78	0
#SusPed	267.269531	0	0
#SusPed	267.277344	74	0
#SofPed	267.309896	0	0
#SofPed	267.322917	72	0
#SusPed	267.639323	0	0
#SusPed	267.652344	80	0
#SusPed	267.729167	0	0
#SofPed	267.739583	0	0
#SusPed	267.743490	77	0
#SofPed	267.744792	54	0
#SofPed	267.799479	0	0
#SofPed	267.808594	54	0
#SusPed	267.848958	0	0
#SusPed	267.858073	77	0
#SofPed	267.908854	0	0
#SofPed	267.919271	48	0
#SofPed	268.039062	0	0
#SofPed	268.053385	39	0
#SofPed	268.139323	0	0
#SofPed	268.144531	35	0
#SusPed	268.179688	0	0
#SusPed	268.191406	69	0
#SofPed	268.218750	0	0
#SofPed	268.226562	39	0
#SofPed	268.339844	0	0
#SofPed	268.354167	62	0
#SusPed	268.369792	0	0
#SusPed	268.375000	72	0
#SusPed	268.839844	0	0
#SusPed	268.848958	59	0
#SusPed	269.000000	0	0
#SusPed	269.011719	53	0
#SusPed	269.449219	0	0
#SusPed	269.454427	65	0
#SusPed	269.779948	0	0
#SusPed	269.789062	78	0
#SusPed	270.079427	0	0
#SusPed	270.091146	81	0
#SusPed	270.218750	0	0
#SusPed	270.233073	69	0
#SusPed	270.369792	0	0
#SusPed	270.382812	68	0
#SusPed	270.609375	0	0
#SusPed	270.619792	78	0
#SusPed	270.799479	0	0
#SusPed	270.813802	62	0
#SusPed	270.919271	0	0
#SusPed	270.925781	65	0
#SusPed	271.519531	0	0
#SusPed	271.524740	70	0
#SusPed	271.709635	0	0
#SusPed	271.718750	63	0
#SusPed	272.179688	0	0
#SusPed	272.188802	66	0
#SusPed	272.509115	0	0
#SusPed	272.515625	58	0
#SusPed	272.750000	0	0
#SusPed	272.763021	68	0
#SusPed	273.059896	0	0
#SusPed	273.069010	61	0
#SusPed	274.279948	0	0
#SusPed	274.287760	79	0
#SofPed	274.348958	0	0
#SusPed	274.438802	0	0
#SusPed	274.450521	86	0
#SusPed	277.029948	0	0
#SusPed	277.039062	72	0
#SusPed	277.259115	0	0
#SusPed	277.266927	88	0
#SofPed	277.292969	78	0
#SofPed	277.559896	0	0
#SofPed	277.565104	82	0
#SusPed	278.468750	0	0
#SusPed	278.475260	64	0
#SusPed	278.649740	0	0
#SusPed	278.654948	85	0
#SusPed	278.769531	0	0
#SusPed	278.781250	94	0
#SusPed	279.839844	0	0
#SusPed	279.852865	64	0
#SusPed	280.009115	0	0
#SusPed	280.023438	73	0
#SofPed	280.089844	0	0
#SofPed	280.095052	85	0
#SofPed	280.299479	0	0
#SofPed	280.313802	93	0
#SofPed	280.378906	0	0
#SofPed	280.388021	89	0
#SofPed	280.509115	0	0
#SofPed	280.516927	89	0
#SofPed	280.959635	0	0
#SofPed	280.970052	81	0
#SusPed	281.250000	0	0
#SusPed	281.263021	60	0
#SusPed	281.348958	0	0
#SusPed	281.358073	79	0
#SofPed	281.399740	0	0
#SofPed	281.414062	56	0
#SusPed	282.718750	0	0
#SusPed	282.733073	72	0
#SusPed	282.908854	0	0
#SusPed	282.916667	70	0
#SusPed	285.449219	0	0
#SusPed	285.464844	81	0
#SofPed	285.489583	0	0
#SofPed	285.500000	91	0
#SusPed	285.718750	0	0
#SusPed	285.730469	95	0
#SofPed	285.789062	0	0
#SofPed	285.795573	88	0
#SofPed	285.938802	0	0
#SofPed	285.951823	85	0
#SusPed	286.809896	0	0
#SusPed	286.822917	79	0
#SusPed	286.968750	0	0
#SusPed	286.981771	83	0
#SusPed	288.098958	0	0
#SusPed	288.110677	76	0
#SusPed	288.250000	0	0
#SusPed	288.259115	74	0
#SusPed	289.419271	0	0
#SusPed	289.424479	70	0
#SusPed	289.619792	0	0
#SusPed	289.625000	72	0
#SofPed	289.959635	0	0
#SofPed	289.973958	63	0
#SofPed	290.039062	0	0
#SofPed	290.046875	78	0
#SofPed	290.089844	0	0
#SofPed	290.097656	85	0
#SofPed	290.319010	0	0
#SofPed	290.333333	94	0
#SofPed	290.408854	0	0
#SofPed	290.415365	96	0
#SofPed	290.549479	0	0
#SofPed	290.562500	100	0
#SusPed	290.699219	0	0
#SusPed	290.713542	65	0
#SusPed	290.919271	0	0
#SusPed	290.933594	65	0
#SusPed	292.119792	0	0
#SusPed	292.125000	90	0
#SofPed	292.209635	0	0
#SofPed	292.218750	98	0
#SofPed	292.449219	0	0
#SofPed	292.464844	86	0
#SofPed	292.579427	0	0
#SofPed	292.589844	81	0
#SofPed	292.669271	0	0
#SofPed	292.675781	69	0
#SofPed	293.158854	0	0
#SofPed	293.171875	94	0
#SusPed	293.399740	0	0
#SusPed	293.412760	50	0
#SusPed	293.549479	0	0
#SusPed	293.554688	89	0
#SofPed	293.598958	0	0
#SofPed	293.606771	67	0
#SofPed	294.000000	0	0
#SofPed	294.011719	72	0
#SofPed	294.699219	0	0
#SofPed	294.714844	54	0
#SusPed	294.739583	0	0
#SusPed	294.747396	56	0
#SusPed	294.919271	0	0
#SusPed	294.933594	86	0
#SofPed	294.979167	0	0
#SofPed	294.986979	65	0
#SusPed	296.059896	0	0
#SusPed	296.065104	67	0
#SusPed	296.229167	0	0
#SusPed	296.235677	100	0
#SofPed	296.688802	0	0
#SofPed	296.699219	81	0
#SofPed	297.039062	0	0
#SofPed	297.052083	101	0
#SusPed	297.399740	0	0
#SusPed	297.411458	70	0
#SofPed	297.639323	0	0
#SofPed	297.653646	92	0
#SusPed	297.709635	0	0
#SusPed	297.714844	77	0
#SusPed	298.299479	0	0
#SusPed	298.313802	94	0
#SofPed	299.348958	0	0
#SofPed	299.356771	96	0
#SofPed	299.399740	0	0
#SofPed	299.407552	87	0
#SusPed	299.408854	0	0
#SusPed	299.416667	79	0
#SofPed	299.549479	0	0
#SofPed	299.558594	75	0
#SofPed	300.059896	0	0
#SofPed	300.072917	77	0
#SusPed	300.269531	0	0
#SusPed	300.283854	86	0
#SofPed	300.329427	0	0
#SofPed	300.338542	70	0
#SofPed	300.649740	0	0
#SofPed	300.661458	67	0
#SusPed	300.739583	0	0
#SusPed	300.753906	86	0
#SofPed	300.779948	0	0
#SofPed	300.783854	57	0
#SusPed	300.989583	0	0
#SusPed	301.003906	81	0
#SofPed	301.069010	0	0
#SofPed	301.079427	45	0
#SofPed	301.429688	0	0
#SofPed	301.440104	57	0
#SofPed	301.489583	0	0
#SofPed	301.502604	62	0
#SofPed	301.589844	0	0
#SofPed	301.604167	65	0
#SusPed	301.609375	0	0
#SusPed	301.621094	64	0
#SusPed	301.839844	0	0
#SofPed	301.839844	0	0
#SusPed	301.845052	79	0
#SofPed	301.845052	83	0
#SofPed	302.519531	0	0
#SofPed	302.531250	108	0
#SofPed	302.598958	0	0
#SofPed	302.605469	105	0
#SusPed	302.769531	0	0
#SusPed	302.774740	109	0
#SofPed	302.878906	0	0
#SofPed	302.884115	97	0
#SusPed	302.968750	0	0
#SusPed	302.975260	86	0
#SusPed	303.128906	0	0
#SusPed	303.144531	86	0
#SofPed	303.179688	0	0
#SofPed	303.194010	84	0
#SofPed	303.529948	0	0
#SofPed	303.539062	71	0
#SusPed	303.649740	0	0
#SusPed	303.662760	83	0
#SusPed	303.789062	0	0
#SusPed	303.796875	79	0
#SofPed	303.899740	0	0
#SofPed	303.912760	60	0
#SofPed	304.139323	0	0
#SofPed	304.145833	57	0
#SusPed	304.309896	0	0
#SusPed	304.315104	69	0
#SofPed	304.319010	0	0
#SofPed	304.330729	52	0
#SofPed	304.468750	0	0
#SofPed	304.483073	54	0
#SofPed	304.709635	0	0
#SofPed	304.722656	55	0
#SofPed	304.809896	0	0
#SofPed	304.817708	63	0
#SofPed	304.919271	0	0
#SofPed	304.929688	64	0
#SusPed	304.959635	0	0
#SusPed	304.964844	71	0
#SofPed	304.979167	0	0
#SofPed	304.994792	60	0
#SusPed	305.109375	0	0
#SusPed	305.117188	98	0
#SofPed	305.139323	0	0
#SofPed	305.147135	60	0
#SofPed	305.529948	0	0
#SofPed	305.536458	80	0
#SusPed	305.658854	0	0
#SusPed	305.665365	82	0
#SusPed	305.848958	0	0
#SusPed	305.864583	97	0
#SofPed	306.079427	0	0
#SofPed	306.092448	68	0
#SusPed	306.759115	0	0
#SusPed	306.765625	106	0
#SofPed	306.819010	0	0
#SofPed	306.824219	83	0
#SusPed	306.989583	0	0
#SusPed	306.998698	58	0
#SusPed	307.079427	0	0
#SusPed	307.092448	81	0
#SofPed	307.179688	0	0
#SofPed	307.187500	64	0
#SofPed	307.589844	0	0
#SofPed	307.604167	48	0
#SusPed	307.759115	0	0
#SusPed	307.772135	55	0
#SusPed	308.289062	0	0
#SusPed	308.299479	76	0
#SusPed	308.489583	0	0
#SusPed	308.494792	104	0
#SofPed	308.579427	0	0
#SofPed	308.585938	53	0
#SofPed	308.929688	0	0
#SofPed	308.940104	58	0
#SusPed	309.039062	0	0
#SusPed	309.053385	65	0
#SusPed	309.279948	0	0
#SusPed	309.286458	96	0
#SofPed	309.359375	0	0
#SofPed	309.364583	32	0
#SusPed	309.750000	0	0
#SusPed	309.760417	77	0
#SofPed	309.769531	0	0
#SofPed	309.776042	29	0
#SusPed	309.899740	0	0
#SusPed	309.914062	91	0
#SofPed	310.139323	0	0
#SofPed	310.152344	53	0
#SofPed	310.779948	0	0
#SofPed	310.792969	72	0
#SofPed	310.929688	0	0
#SofPed	310.944010	80	0
#SusPed	311.000000	0	0
#SusPed	311.013021	95	0
#SusPed	311.250000	0	0
#SusPed	311.260417	97	0
#SofPed	311.289062	0	0
#SofPed	311.298177	93	0
#SofPed	311.639323	0	0
#SofPed	311.651042	81	0
#SusPed	311.750000	0	0
#SusPed	311.764323	100	0
#SofPed	311.899740	0	0
#SofPed	311.908854	49	0
#SusPed	311.959635	0	0
#SofPed	311.959635	0	0
#SofPed	311.966146	48	0
#SusPed	311.967448	78	0
#SusPed	312.500000	0	0
#SusPed	312.506510	66	0
#SusPed	312.679688	0	0
#SusPed	312.687500	86	0
#SofPed	312.908854	0	0
#SofPed	312.917969	73	0
#SusPed	313.259115	0	0
#SusPed	313.269531	62	0
#SusPed	313.699219	0	0
#SusPed	313.705729	70	0
#SusPed	314.000000	0	0
#SusPed	314.005208	64	0
#SusPed	314.889323	0	0
#SusPed	314.899740	78	0
#SusPed	315.549479	0	0
#SusPed	315.554688	90	0
#SusPed	316.348958	0	0
#SusPed	316.354167	74	0
#SusPed	316.759115	0	0
#SusPed	316.765625	69	0
#SusPed	317.229167	0	0
#SusPed	317.239583	94	0
#SofPed	317.500000	0	0
#SusPed	317.799479	0	0
#SusPed	317.805990	65	0
#SusPed	317.959635	0	0
#SusPed	317.971354	86	0
#SusPed	318.569010	0	0
#SusPed	318.575521	66	0
#SusPed	318.729167	0	0
#SusPed	318.743490	72	0
#SusPed	320.039062	0	0
#SusPed	320.053385	94	0
#SusPed	321.569010	0	0
#SusPed	321.575521	69	0
#SusPed	322.169271	0	0
#SusPed	322.183594	67	0
#SusPed	322.269531	0	0
#SusPed	322.282552	55	0
#SusPed	322.979167	0	0
#SusPed	322.989583	71	0
#SusPed	325.299479	0	0
#SusPed	325.305990	80	0
#SusPed	326.658854	0	0
#SusPed	326.671875	75	0
#SofPed	327.820312	89	0
#SusPed	328.009115	0	0
#SusPed	328.014323	61	0
#SusPed	328.218750	0	0
#SusPed	328.231771	85	0
#SofPed	328.279948	0	0
#SofPed	328.291667	54	0
#SofPed	328.348958	0	0
#SofPed	328.363281	53	0
#SofPed	328.709635	0	0
#SofPed	328.718750	58	0
#SofPed	328.959635	0	0
#SofPed	328.964844	81	0
#SofPed	329.039062	0	0
#SofPed	329.046875	80	0
#SofPed	329.149740	0	0
#SofPed	329.160156	81	0
#SofPed	329.229167	0	0
#SofPed	329.243490	79	0
#SofPed	329.539062	0	0
#SofPed	329.550781	74	0
#SofPed	329.750000	0	0
#SofPed	329.755208	53	0
#SusPed	329.759115	0	0
#SusPed	329.770833	82	0
#SusPed	330.529948	0	0
#SusPed	330.536458	73	0
#SofPed	330.589844	0	0
#SofPed	330.595052	99	0
#SofPed	330.839844	0	0
#SofPed	330.847656	101	0
#SofPed	331.109375	0	0
#SofPed	331.114583	94	0
#SofPed	331.209635	0	0
#SofPed	331.222656	103	0
#SusPed	331.229167	0	0
#SusPed	331.243490	57	0
#SofPed	331.250000	0	0
#SofPed	331.263021	108	0
#SofPed	331.419271	0	0
#SofPed	331.424479	114	0
#SofPed	331.589844	0	0
#SofPed	331.597656	108	0
#SusPed	331.759115	0	0
#SusPed	331.770833	46	0
#SofPed	331.819010	0	0
#SofPed	331.833333	109	0
#SusPed	331.878906	0	0
#SusPed	331.884115	49	0
#SofPed	332.079427	0	0
#SofPed	332.087240	111	0
#SusPed	332.098958	0	0
#SusPed	332.113281	59	0
#SofPed	332.429688	0	0
#SofPed	332.442708	106	0
#SusPed	334.119792	0	0
#SusPed	334.125000	76	0
#SusPed	335.539062	0	0
#SusPed	335.546875	74	0
#SusPed	335.718750	0	0
#SusPed	335.731771	78	0
#SusPed	337.179688	0	0
#SusPed	337.184896	83	0
#SofPed	338.438802	0	0
#SofPed	339.065104	88	0
#SofPed	339.128906	0	0
#SofPed	339.134115	79	0
#SofPed	339.329427	0	0
#SofPed	339.338542	63	0
#SofPed	339.539062	0	0
#SofPed	339.545573	68	0
#SofPed	339.639323	0	0
#SofPed	339.644531	60	0
#SofPed	339.839844	0	0
#SofPed	339.850260	65	0
#SusPed	339.899740	0	0
#SusPed	339.911458	46	0
#SofPed	339.919271	0	0
#SofPed	339.928385	55	0
#SusPed	340.049479	0	0
#SusPed	340.057292	94	0
#SofPed	340.109375	0	0
#SofPed	340.122396	56	0
#SusPed	340.649740	0	0
#SusPed	340.654948	66	0
#SofPed	340.789062	0	0
#SofPed	340.800781	58	0
#SusPed	341.489583	0	0
#SusPed	341.494792	80	0
#SusPed	342.089844	0	0
#SusPed	342.095052	70	0
#SusPed	344.359375	0	0
#SusPed	344.364583	78	0
#SusPed	344.500000	0	0
#SusPed	344.505208	75	0
#SofPed	345.378906	0	0
#SofPed	345.390625	67	0
#SusPed	345.569010	0	0
#SusPed	345.582031	68	0
#SofPed	345.688802	0	0
#SofPed	345.701823	47	0
#SusPed	345.919271	0	0
#SusPed	345.932292	87	0
#SusPed	347.679688	0	0
#SusPed	347.686198	69	0
#SofPed	348.000000	0	0
#SofPed	348.007812	78	0
#SofPed	348.269531	0	0
#SofPed	348.281250	73	0
#SusPed	348.378906	0	0
#SusPed	348.394531	83	0
#SofPed	348.598958	0	0
#SofPed	348.609375	62	0
#SofPed	349.119792	0	0
#SofPed	349.127604	99	0
#SofPed	349.199219	0	0
#SofPed	349.214844	97	0
#SofPed	349.378906	0	0
#SofPed	349.386719	89	0
#SusPed	350.019531	0	0
#SusPed	350.024740	51	0
#SusPed	350.188802	0	0
#SusPed	350.200521	50	0
#SusPed	350.639323	0	0
#SusPed	350.644531	64	0
#SusPed	351.079427	0	0
#SusPed	351.093750	81	0
#SusPed	352.699219	0	0
#SusPed	352.712240	76	0
#SusPed	354.259115	0	0
#SusPed	354.266927	77	0
#SofPed	355.389323	0	0
#SusPed	355.569010	0	0
#SusPed	355.575521	66	0
#SusPed	355.789062	0	0
#SusPed	355.803385	90	0
#SusPed	357.019531	0	0
#SusPed	357.024740	64	0
#SusPed	357.188802	0	0
#SusPed	357.199219	86	0
#SofPed	357.658854	96	0
#SofPed	357.789062	0	0
#SofPed	357.798177	106	0
#SofPed	357.869792	0	0
#SofPed	357.882812	109	0
#SofPed	357.929688	0	0
#SofPed	357.936198	105	0
#SofPed	358.059896	0	0
#SofPed	358.070312	104	0
#SofPed	358.158854	0	0
#SofPed	358.173177	96	0
#SofPed	358.199219	0	0
#SofPed	358.205729	90	0
#SofPed	358.378906	0	0
#SofPed	358.389323	66	0
#SusPed	358.449219	0	0
#SusPed	358.459635	62	0
#SusPed	358.669271	0	0
#SusPed	358.675781	81	0
#SofPed	358.739583	0	0
#SofPed	358.744792	86	0
#SusPed	358.929688	0	0
#SusPed	358.936198	72	0
#SofPed	359.039062	0	0
#SofPed	359.050781	111	0
#SofPed	359.128906	0	0
#SofPed	359.136719	113	0
#SofPed	359.259115	0	0
#SofPed	359.265625	114	0
#SofPed	359.419271	0	0
#SofPed	359.427083	111	0
#SusPed	360.209635	0	0
#SusPed	360.222656	67	0
#SusPed	360.348958	0	0
#SusPed	360.355469	81	0
#SofPed	360.709635	0	0
#SofPed	360.716146	101	0
#SofPed	360.829427	0	0
#SofPed	360.835938	110	0
#SofPed	360.959635	0	0
#SofPed	360.972656	109	0
#SofPed	361.859375	0	0
#SofPed	361.869792	98	0
#SusPed	362.408854	0	0
#SusPed	362.417969	72	0
#SofPed	362.509115	0	0
#SofPed	362.518229	99	0
#SusPed	362.539062	0	0
#SusPed	362.546875	71	0
#SusPed	363.188802	0	0
#SusPed	363.195312	71	0
#SusPed	363.359375	0	0
#SusPed	363.372396	85	0
#SofPed	363.669271	0	0
#SofPed	363.675781	105	0
#SofPed	363.949219	0	0
#SofPed	363.955729	93	0
#SusPed	364.519531	0	0
#SusPed	364.533854	68	0
#SusPed	364.639323	0	0
#SusPed	364.645833	60	0
#SusPed	364.829427	0	0
#SusPed	364.835938	76	0
#SusPed	365.889323	0	0
#SusPed	365.894531	85	0
#SusPed	366.098958	0	0
#SusPed	366.113281	88	0
#SusPed	367.559896	0	0
#SusPed	367.574219	73	0
#SusPed	367.619792	0	0
#SusPed	367.627604	87	0
#SofPed	368.158854	0	0
#SofPed	368.173177	71	0
#SofPed	368.229167	0	0
#SofPed	368.244792	81	0
#SofPed	368.309896	0	0
#SofPed	368.315104	83	0
#SofPed	368.658854	0	0
#SofPed	368.674479	87	0
#SofPed	369.098958	0	0
#SofPed	369.105469	66	0
#SofPed	369.169271	0	0
#SofPed	369.182292	59	0
#SofPed	369.399740	0	0
#SofPed	369.404948	54	0
#SusPed	370.769531	0	0
#SusPed	370.782552	85	0
#SusPed	370.949219	0	0
#SusPed	370.962240	65	0
#SusPed	371.579427	0	0
#SusPed	371.584635	98	0
#SusPed	371.779948	0	0
#SusPed	371.794271	97	0
#SusPed	372.218750	0	0
#SusPed	372.233073	91	0
#SofPed	372.559896	0	0
#SofPed	372.571615	104	0
#SofPed	372.869792	0	0
#SofPed	372.882812	94	0
#SusPed	372.919271	0	0
#SusPed	372.929688	75	0
#SusPed	373.019531	0	0
#SusPed	373.024740	97	0
#SofPed	373.069010	0	0
#SofPed	373.082031	82	0
#SofPed	373.639323	0	0
#SofPed	373.653646	71	0
#SusPed	373.699219	0	0
#SusPed	373.704427	66	0
#SofPed	373.739583	0	0
#SofPed	373.747396	56	0
#SusPed	373.919271	0	0
#SusPed	373.930990	73	0
#SofPed	373.989583	0	0
#SofPed	373.994792	75	0
#SusPed	375.079427	0	0
#SusPed	375.084635	71	0
#SusPed	375.329427	0	0
#SusPed	375.343750	73	0
#SofPed	375.429688	0	0
#SofPed	375.444010	103	0
#SofPed	376.149740	0	0
#SofPed	376.158854	108	0
#SusPed	376.399740	0	0
#SusPed	376.408854	77	0
#SusPed	376.539062	0	0
#SusPed	376.548177	84	0
#SofPed	376.639323	0	0
#SofPed	376.651042	102	0
#SusPed	377.218750	0	0
#SusPed	377.231771	84	0
#SofPed	377.279948	0	0
#SofPed	377.291667	75	0
#SusPed	377.408854	0	0
#SusPed	377.415365	81	0
#SofPed	377.429688	0	0
#SofPed	377.444010	69	0
#SofPed	377.929688	0	0
#SofPed	377.934896	78	0
#SusPed	377.989583	0	0
#SusPed	378.002604	79	0
#SusPed	378.218750	0	0
#SusPed	378.226562	88	0
#SofPed	378.299479	0	0
#SofPed	378.309896	56	0
#SofPed	378.859375	0	0
#SofPed	378.865885	97	0
#SofPed	379.139323	0	0
#SofPed	379.145833	100	0
#SofPed	379.250000	0	0
#SofPed	379.260417	102	0
#SusPed	379.299479	0	0
#SusPed	379.312500	68	0
#SofPed	379.348958	0	0
#SofPed	379.363281	102	0
#SusPed	379.529948	0	0
#SofPed	379.529948	0	0
#SusPed	379.535156	103	0
#SofPed	379.542969	92	0
#SofPed	380.438802	0	0
#SofPed	380.453125	74	0
#SofPed	380.519531	0	0
#SofPed	380.529948	84	0
#SusPed	380.579427	0	0
#SusPed	380.584635	72	0
#SofPed	380.589844	0	0
#SofPed	380.604167	84	0
#SusPed	381.859375	0	0
#SusPed	381.872396	60	0
#SusPed	382.109375	0	0
#SusPed	382.117188	90	0
#SofPed	382.389323	0	0
#SofPed	382.398438	77	0
#SofPed	382.438802	0	0
#SofPed	382.446615	81	0
#SofPed	382.759115	0	0
#SofPed	382.769531	90	0
#SofPed	382.899740	0	0
#SofPed	382.911458	90	0
#SusPed	383.098958	0	0
#SusPed	383.104167	61	0
#SusPed	383.179688	0	0
#SofPed	383.188802	0	0
#SusPed	383.191406	60	0
#SofPed	383.196615	86	0
#SusPed	383.309896	0	0
#SusPed	383.315104	89	0
#SofPed	384.279948	0	0
#SofPed	384.290365	75	0
#SusPed	384.339844	0	0
#SusPed	384.347656	70	0
#SusPed	384.509115	0	0
#SusPed	384.515625	95	0
#SofPed	384.878906	0	0
#SofPed	384.894531	72	0
#SofPed	385.199219	0	0
#SofPed	385.212240	76	0
#SofPed	385.699219	0	0
#SofPed	385.713542	77	0
#SusPed	385.859375	0	0
#SusPed	385.864583	67	0
#SusPed	386.000000	0	0
#SusPed	386.005208	84	0
#SofPed	386.049479	0	0
#SofPed	386.057292	77	0
#SusPed	387.179688	0	0
#SusPed	387.187500	86	0
#SofPed	388.819010	0	0
#SofPed	388.829427	52	0
#SofPed	389.000000	0	0
#SofPed	389.006510	50	0
#SofPed	389.529948	0	0
#SofPed	389.535156	48	0
#SusPed	389.769531	0	0
#SofPed	389.769531	0	0
#SusPed	389.774740	61	0
#SofPed	389.778646	53	0
#SusPed	389.989583	0	0
#SusPed	389.994792	96	0
#SofPed	390.009115	0	0
#SofPed	390.018229	52	0
#SofPed	390.579427	0	0
#SofPed	390.589844	75	0
#SofPed	390.769531	0	0
#SofPed	390.783854	76	0
#SusPed	391.069010	0	0
#SusPed	391.074219	58	0
#SofPed	391.098958	0	0
#SofPed	391.113281	94	0
#SusPed	391.250000	0	0
#SusPed	391.264323	95	0
#SofPed	391.309896	0	0
#SofPed	391.322917	108	0
#SofPed	391.979167	0	0
#SofPed	391.985677	104	0
#SofPed	392.059896	0	0
#SofPed	392.074219	98	0
#SofPed	392.139323	0	0
#SofPed	392.148438	94	0
#SofPed	392.319010	0	0
#SofPed	392.325521	88	0
#SusPed	392.479167	0	0
#SusPed	392.484375	89	0
#SofPed	392.688802	0	0
#SofPed	392.700521	61	0
#SofPed	393.269531	0	0
#SofPed	393.274740	82	0
#SusPed	393.899740	0	0
#SusPed	393.912760	68	0
#SusPed	394.098958	0	0
#SusPed	394.114583	73	0
#SusPed	395.139323	0	0
#SusPed	395.148438	75	0
#SusPed	395.289062	0	0
#SusPed	395.304688	74	0
#SusPed	395.429688	0	0
#SusPed	395.442708	86	0
#SofPed	396.509115	0	0
#SofPed	396.520833	100	0
#SofPed	396.819010	0	0
#SofPed	396.833333	82	0
#SofPed	396.949219	0	0
#SofPed	396.955729	81	0
#SofPed	397.218750	0	0
#SofPed	397.226562	69	0
#SusPed	397.259115	0	0
#SusPed	397.266927	95	0
#SusPed	397.429688	0	0
#SusPed	397.441406	111	0
#SofPed	397.919271	0	0
#SofPed	397.933594	51	0
#SusPed	397.949219	0	0
#SusPed	397.963542	75	0
#SusPed	398.209635	0	0
#SusPed	398.214844	88	0
#SofPed	398.419271	0	0
#SofPed	398.429688	68	0
#SofPed	398.688802	0	0
#SofPed	398.703125	84	0
#SofPed	398.839844	0	0
#SofPed	398.845052	83	0
#SusPed	398.899740	0	0
#SusPed	398.914062	62	0
#SofPed	399.449219	0	0
#SofPed	399.460938	89	0
#SusPed	399.639323	0	0
#SusPed	399.645833	87	0
#SofPed	399.688802	0	0
#SofPed	399.703125	83	0
#SofPed	400.188802	0	0
#SofPed	400.195312	86	0
#SofPed	400.299479	0	0
#SofPed	400.307292	81	0
#SusPed	400.399740	0	0
#SusPed	400.406250	74	0
#SofPed	400.419271	0	0
#SofPed	400.432292	79	0
#SofPed	400.479167	0	0
#SofPed	400.485677	85	0
#SofPed	400.628906	0	0
#SofPed	400.643229	89	0
#SofPed	400.908854	0	0
#SofPed	400.921875	98	0
#SusPed	401.059896	0	0
#SusPed	401.074219	71	0
#SofPed	401.079427	0	0
#SofPed	401.093750	101	0
#SofPed	401.169271	0	0
#SofPed	401.177083	99	0
#SofPed	401.789062	0	0
#SofPed	401.798177	99	0
#SusPed	401.848958	0	0
#SusPed	401.854167	61	0
#SusPed	401.989583	0	0
#SusPed	402.000000	72	0
#SusPed	402.669271	0	0
#SusPed	402.675781	62	0
#SusPed	402.809896	0	0
#SusPed	402.817708	86	0
#SusPed	404.169271	0	0
#SusPed	404.179688	76	0
#SusPed	404.408854	0	0
#SusPed	404.416667	87	0
#SusPed	405.549479	0	0
#SusPed	405.563802	74	0
#SusPed	405.658854	0	0
#SusPed	405.669271	74	0
#SusPed	406.029948	0	0
#SusPed	406.036458	56	0
#SofPed	406.449219	0	0
#SofPed	406.455729	87	0
#SofPed	406.519531	0	0
#SofPed	406.531250	88	0
#SusPed	407.158854	0	0
#SusPed	407.166667	95	0
#SofPed	407.209635	0	0
#SofPed	407.218750	98	0
#SofPed	407.309896	0	0
#SofPed	407.315104	86	0
#SusPed	408.209635	0	0
#SusPed	408.222656	49	0
#SusPed	408.709635	0	0
#SusPed	408.714844	71	0
#SofPed	409.158854	0	0
#SofPed	409.167969	51	0
#SusPed	409.799479	0	0
#SusPed	409.807292	62	0
#SusPed	410.149740	0	0
#SusPed	410.156250	43	0
#SusPed	411.199219	0	0
#SusPed	411.205729	65	0
#SofPed	411.438802	0	0
#SofPed	411.450521	89	0
#SusPed	412.489583	0	0
#SofPed	412.489583	0	0
#SusPed	412.502604	53	0
#SofPed	412.503906	104	0
#SofPed	412.649740	0	0
#SofPed	412.664062	93	0
#SofPed	412.869792	0	0
#SofPed	412.884115	82	0
#SusPed	412.899740	0	0
#SusPed	412.906250	80	0
#SofPed	413.519531	0	0
#SusPed	414.109375	0	0
#SusPed	414.122396	96	0
#SusPed	414.188802	0	0
#SusPed	414.194010	84	0
#SusPed	414.389323	0	0
#SusPed	414.398438	76	0
#SusPed	416.128906	0	0
#SusPed	416.141927	58	0
#SusPed	416.359375	0	0
#SusPed	416.368490	60	0
#SusPed	416.408854	0	0
#SusPed	416.416667	63	0
#SofPed	417.602865	98	0
#SofPed	417.649740	0	0
#SofPed	417.656250	99	0
#SofPed	417.729167	0	0
#SofPed	417.740885	92	0
#SofPed	417.789062	0	0
#SofPed	417.798177	99	0
#SofPed	417.829427	0	0
#SofPed	417.834635	101	0
#SofPed	418.179688	0	0
#SofPed	418.187500	96	0
#SofPed	418.479167	0	0
#SofPed	418.493490	71	0
#SofPed	418.529948	0	0
#SofPed	418.544271	75	0
#SofPed	419.049479	0	0
#SofPed	419.061198	89	0
#SofPed	419.158854	0	0
#SofPed	419.169271	82	0
#SofPed	419.309896	0	0
#SofPed	419.316406	71	0
#SofPed	419.369792	0	0
#SofPed	419.384115	69	0
#SofPed	419.449219	0	0
#SofPed	419.455729	73	0
#SofPed	419.709635	0	0
#SofPed	419.723958	76	0
#SusPed	419.878906	0	0
#SusPed	419.886719	78	0
#SofPed	420.029948	0	0
#SofPed	420.039062	67	0
#SofPed	420.139323	0	0
#SofPed	420.152344	62	0
#SusPed	420.158854	0	0
#SusPed	420.165365	63	0
#SofPed	420.188802	0	0
#SofPed	420.201823	60	0
#SofPed	420.339844	0	0
#SofPed	420.352865	56	0
#SofPed	420.589844	0	0
#SofPed	420.596354	55	0
#SusPed	420.709635	0	0
#SusPed	420.720052	58	0
#SofPed	420.878906	0	0
#SofPed	420.886719	69	0
#SofPed	421.039062	0	0
#SofPed	421.053385	76	0
#SofPed	421.098958	0	0
#SofPed	421.108073	75	0
#SofPed	421.209635	0	0
#SofPed	421.217448	72	0
#SusPed	421.369792	0	0
#SusPed	421.375000	57	0
#SofPed	421.389323	0	0
#SofPed	421.402344	64	0
#SofPed	421.500000	0	0
#SofPed	421.509115	68	0
#SusPed	421.569010	0	0
#SusPed	421.575521	40	0
#SusPed	421.929688	0	0
#SusPed	421.944010	48	0
#SofPed	422.000000	0	0
#SofPed	422.013021	75	0
#SusPed	422.019531	0	0
#SusPed	422.033854	52	0
#SofPed	422.128906	0	0
#SofPed	422.140625	79	0
#SusPed	422.199219	0	0
#SusPed	422.214844	47	0
#SofPed	422.229167	0	0
#SofPed	422.235677	85	0
#SusPed	422.479167	0	0
#SusPed	422.484375	65	0
#SusPed	423.889323	0	0
#SusPed	423.899740	67	0
#SusPed	424.279948	0	0
#SusPed	424.287760	56	0
#SusPed	425.799479	0	0
#SusPed	425.804688	64	0
#SofPed	427.250000	0	0
#SofPed	427.259115	97	0
#SofPed	427.378906	0	0
#SofPed	427.384115	103	0
#SofPed	427.598958	0	0
#SofPed	427.609375	90	0
#SofPed	427.908854	0	0
#SofPed	427.916667	96	0
#SofPed	428.029948	0	0
#SofPed	428.044271	107	0
#SusPed	428.069010	0	0
#SusPed	428.075521	52	0
#SofPed	429.639323	0	0
#SofPed	429.647135	75	0
#SusPed	429.709635	0	0
#SofPed	429.718750	0	0
#SusPed	429.722656	48	0
#SofPed	429.733073	65	0
#SusPed	429.869792	0	0
#SusPed	429.877604	50	0
#SofPed	429.878906	0	0
#SofPed	429.893229	57	0
#SusPed	429.949219	0	0
#SusPed	429.959635	52	0
#SofPed	429.959635	0	0
#SofPed	429.973958	59	0
#SofPed	430.158854	0	0
#SofPed	430.166667	83	0
#SofPed	430.329427	0	0
#SofPed	430.335938	80	0
#SusPed	430.359375	0	0
#SusPed	430.373698	39	0
#SusPed	430.579427	0	0
#SusPed	430.585938	40	0
#SofPed	430.598958	0	0
#SofPed	430.609375	87	0
#SofPed	430.679688	0	0
#SofPed	430.684896	86	0
#SusPed	430.829427	0	0
#SusPed	430.835938	39	0
#SusPed	431.179688	0	0
#SusPed	431.184896	51	0
#SofPed	431.408854	0	0
#SofPed	431.421875	54	0
#SofPed	431.468750	0	0
#SofPed	431.481771	55	0
#SofPed	431.658854	0	0
#SofPed	431.666667	71	0
#SofPed	432.348958	0	0
#SofPed	432.364583	51	0
#SusPed	432.519531	0	0
#SusPed	432.526042	70	0
#SusPed	432.718750	0	0
#SusPed	432.723958	94	0
#SofPed	432.779948	0	0
#SofPed	432.787760	61	0
#SofPed	433.438802	0	0
#SofPed	433.445312	64	0
#SusPed	433.949219	0	0
#SusPed	433.962240	72	0
#SusPed	434.149740	0	0
#SusPed	434.158854	49	0
#SusPed	434.529948	0	0
#SusPed	434.539062	86	0
#SofPed	434.848958	0	0
#SofPed	434.863281	105	0
#SusPed	435.039062	0	0
#SusPed	435.053385	65	0
#SusPed	435.619792	0	0
#SusPed	435.626302	66	0
#SusPed	435.819010	0	0
#SusPed	435.833333	78	0
#SusPed	436.299479	0	0
#SusPed	436.304688	76	0
#SusPed	436.359375	0	0
#SusPed	436.364583	89	0
#SusPed	436.848958	0	0
#SusPed	436.858073	91	0
#SusPed	437.019531	0	0
#SusPed	437.028646	81	0
#SusPed	437.149740	0	0
#SusPed	437.156250	62	0
#SusPed	437.628906	0	0
#SusPed	437.634115	67	0
#SofPed	437.658854	0	0
#SofPed	437.665365	67	0
#SusPed	438.339844	0	0
#SusPed	438.345052	74	0
#SusPed	439.289062	0	0
#SusPed	439.300781	79	0
#SusPed	439.919271	0	0
#SusPed	439.929688	67	0
#SusPed	440.139323	0	0
#SusPed	440.149740	72	0
#SusPed	440.839844	0	0
#SusPed	440.852865	72	0
#SofPed	443.609375	0	0
#SofPed	443.615885	61	0
#SofPed	443.819010	0	0
#SofPed	443.826823	66	0
#SusPed	444.089844	0	0
#SusPed	444.100260	99	0
#SofPed	444.250000	0	0
#SofPed	444.263021	66	0
#SofPed	444.539062	0	0
#SofPed	444.552083	73	0
#SofPed	444.639323	0	0
#SofPed	444.652344	76	0
#SusPed	444.679688	0	0
#SusPed	444.694010	83	0
#SofPed	444.718750	0	0
#SofPed	444.723958	69	0
#SusPed	444.829427	0	0
#SusPed	444.839844	69	0
#SofPed	445.369792	0	0
#SofPed	445.382812	65	0
#SusPed	445.459635	0	0
#SusPed	445.473958	62	0
#SusPed	445.628906	0	0
#SusPed	445.641927	82	0
#SofPed	445.739583	0	0
#SofPed	445.753906	46	0
#SofPed	446.119792	0	0
#SofPed	446.131510	67	0
#SusPed	446.179688	0	0
#SusPed	446.190104	59	0
#SusPed	446.329427	0	0
#SusPed	446.334635	79	0
#SofPed	446.408854	0	0
#SofPed	446.424479	78	0
#SofPed	446.609375	0	0
#SofPed	446.615885	70	0
#SofPed	446.908854	0	0
#SofPed	446.924479	91	0
#SusPed	446.938802	0	0
#SusPed	446.946615	66	0
#SusPed	447.128906	0	0
#SusPed	447.135417	69	0
#SofPed	447.319010	0	0
#SofPed	447.332031	80	0
#SofPed	447.399740	0	0
#SofPed	447.410156	79	0
#SofPed	447.658854	0	0
#SofPed	447.674479	68	0
#SusPed	447.709635	0	0
#SusPed	447.717448	96	0
#SofPed	447.759115	0	0
#SofPed	447.765625	68	0
#SusPed	448.509115	0	0
#SusPed	448.518229	56	0
#SusPed	448.669271	0	0
#SusPed	448.680990	67	0
#SofPed	448.769531	0	0
#SofPed	448.782552	88	0
#SofPed	449.199219	0	0
#SofPed	449.208333	87	0
#SofPed	449.408854	0	0
#SofPed	449.416667	83	0
#SofPed	449.479167	0	0
#SofPed	449.485677	90	0
#SofPed	449.529948	0	0
#SofPed	449.542969	91	0
#SofPed	449.929688	0	0
#SofPed	449.936198	96	0
#SusPed	450.089844	0	0
#SusPed	450.095052	61	0
#SofPed	450.098958	0	0
#SofPed	450.113281	94	0
#SusPed	450.848958	0	0
#SusPed	450.858073	76	0
#SusPed	451.579427	0	0
#SusPed	451.591146	61	0
#SusPed	451.718750	0	0
#SusPed	451.725260	71	0
#SusPed	451.968750	0	0
#SusPed	451.976562	89	0
#SusPed	452.419271	0	0
#SusPed	452.429688	59	0
#SusPed	452.609375	0	0
#SusPed	452.614583	69	0
#SofPed	452.759115	0	0
#SofPed	452.766927	103	0
#SofPed	453.089844	0	0
#SofPed	453.100260	111	0
#SofPed	453.169271	0	0
#SofPed	453.179688	114	0
#SofPed	453.269531	0	0
#SofPed	453.274740	111	0
#SusPed	453.339844	0	0
#SusPed	453.354167	67	0
#SusPed	453.489583	0	0
#SusPed	453.494792	62	0
#SofPed	453.509115	0	0
#SofPed	453.522135	84	0
#SofPed	453.569010	0	0
#SofPed	453.580729	75	0
#SofPed	454.128906	0	0
#SofPed	454.136719	60	0
#SusPed	454.169271	0	0
#SusPed	454.175781	68	0
#SofPed	454.218750	0	0
#SofPed	454.223958	53	0
#SofPed	454.729167	0	0
#SofPed	454.735677	53	0
#SofPed	454.809896	0	0
#SofPed	454.815104	60	0
#SofPed	454.919271	0	0
#SofPed	454.930990	72	0
#SusPed	454.989583	0	0
#SusPed	455.001302	64	0
#SusPed	455.229167	0	0
#SofPed	455.229167	0	0
#SofPed	455.235677	72	0
#SusPed	455.236979	67	0
#SusPed	456.949219	0	0
#SusPed	456.955729	58	0
#SusPed	457.098958	0	0
#SusPed	457.105469	57	0
#SusPed	457.389323	0	0
#SusPed	457.399740	79	0
#SusPed	458.039062	0	0
#SusPed	458.053385	63	0
#SofPed	458.218750	0	0
#SofPed	458.234375	94	0
#SofPed	458.500000	0	0
#SofPed	458.510417	93	0
#SusPed	458.699219	0	0
#SusPed	458.713542	97	0
#SofPed	458.869792	0	0
#SofPed	458.875000	91	0
#SusPed	459.529948	0	0
#SusPed	459.535156	57	0
#SusPed	459.779948	0	0
#SusPed	459.791667	74	0
#SusPed	460.259115	0	0
#SusPed	460.272135	91	0
#SusPed	460.979167	0	0
#SusPed	460.988281	70	0
#SusPed	461.329427	0	0
#SusPed	461.343750	82	0
#SusPed	461.869792	0	0
#SusPed	461.880208	57	0
#SusPed	462.579427	0	0
#SusPed	462.587240	62	0
#SusPed	462.878906	0	0
#SusPed	462.893229	75	0
#SusPed	462.989583	0	0
#SusPed	463.002604	76	0
#SusPed	463.339844	0	0
#SusPed	463.347656	65	0
#SusPed	463.529948	0	0
#SusPed	463.541667	79	0
#SusPed	464.199219	0	0
#SusPed	464.207031	74	0
#SofPed	464.369792	0	0
#SofPed	464.377604	116	0
#SofPed	464.468750	0	0
#SofPed	464.483073	114	0
#SusPed	464.549479	0	0
#SusPed	464.559896	87	0
#SusPed	465.039062	0	0
#SusPed	465.050781	57	0
#SusPed	465.188802	0	0
#SusPed	465.195312	82	0
#SofPed	465.299479	0	0
#SofPed	465.312500	110	0
#SusPed	465.750000	0	0
#SusPed	465.757812	80	0
#SofPed	466.089844	0	0
#SofPed	466.096354	59	0
#SusPed	466.408854	0	0
#SusPed	466.417969	68	0
#SusPed	466.479167	0	0
#SusPed	466.492188	80	0
#SofPed	466.509115	0	0
#SofPed	466.520833	61	0
#SofPed	466.839844	0	0
#SofPed	466.845052	64	0
#SusPed	466.878906	0	0
#SusPed	466.893229	83	0
#SusPed	467.049479	0	0
#SusPed	467.061198	77	0
#SofPed	467.209635	0	0
#SofPed	467.222656	63	0
#SofPed	467.679688	0	0
#SofPed	467.691406	55	0
#SofPed	467.769531	0	0
#SofPed	467.781250	57	0
#SusPed	467.839844	0	0
#SusPed	467.847656	64	0
#SofPed	467.929688	0	0
#SofPed	467.937500	46	0
#SusPed	468.149740	0	0
#SusPed	468.156250	42	0
#SofPed	468.309896	0	0
#SofPed	468.315104	34	0
#SofPed	468.598958	0	0
#SofPed	468.610677	46	0
#SusPed	468.699219	0	0
#SusPed	468.705729	51	0
#SofPed	468.878906	0	0
#SofPed	468.886719	79	0
#SofPed	468.989583	0	0
#SofPed	469.002604	79	0
#SofPed	469.509115	0	0
#SofPed	469.515625	93	0
#SofPed	469.769531	0	0
#SofPed	469.774740	94	0
#SusPed	472.419271	0	0
#SusPed	472.430990	74	0
#SusPed	473.289062	0	0
#SusPed	473.295573	56	0
#SusPed	473.589844	0	0
#SusPed	473.597656	66	0
#SusPed	473.709635	0	0
#SusPed	473.714844	66	0
#SusPed	473.799479	0	0
#SusPed	473.813802	67	0
#SusPed	474.529948	0	0
#SusPed	474.535156	64	0
#SusPed	475.179688	0	0
#SusPed	475.186198	46	0
#SusPed	475.269531	0	0
#SusPed	475.283854	47	0
#SusPed	475.438802	0	0
#SusPed	475.453125	50	0
#SofPed	475.779948	0	0
#SusPed	475.869792	0	0
#SusPed	475.881510	52	0
#SusPed	479.989583	0	0
