//Version: ScorePerfmMatch_v170503
// Score: /Users/toddywang/Documents/VsCodeProjects/xmltoexp/ATEPP-1.2/ATEPP-1.2/Ludwig_van_Beethoven/Piano_Sonata_No._17_in_D_Minor,_Op._31_No._2_"Tempest"/II._Adagio/score_hmm.txt
// Perfm: /Users/toddywang/Documents/VsCodeProjects/xmltoexp/ATEPP-1.2/ATEPP-1.2/Ludwig_van_Beethoven/Piano_Sonata_No._17_in_D_Minor,_Op._31_No._2_"Tempest"/II._Adagio/08348_spr.txt
0	0.351562	5.218750	Bb1	48	80	0	0	0	P1-1-4	0	0
1	0.526042	5.438802	F2	50	80	0	0	0	P1-1-5	0	-
2	0.654948	4.959635	Bb2	62	80	0	0	0	P1-1-6	0	-
3	0.772135	4.609375	D3	68	80	0	0	0	P1-1-7	0	-
4	0.878906	4.750000	F3	77	80	0	0	0	P1-1-8	0	-
5	1.121094	4.348958	Bb3	86	80	0	0	0	P1-1-9	0	-
6	6.532552	7.799479	D5	67	80	0	0	720	P1-2-1	0	-
7	7.625000	8.158854	Eb5	81	80	0	0	930	P1-2-2	0	-
8	7.915365	8.529948	F5	68	80	0	0	960	P1-2-3	0	-
9	9.238281	11.329427	Bb3	74	80	0	0	1200	P1-2-6	0	-
10	9.246094	10.449219	F3	56	80	0	0	1200	P1-2-5	0	-
11	9.255208	10.309896	Bb2	55	80	0	0	1200	P1-2-11	0	-
12	9.256510	10.319010	D3	57	80	0	0	1200	P1-2-4	0	-
13	9.264323	10.419271	Bb1	49	80	0	0	1200	P1-2-9	0	-
14	9.276042	10.739583	F2	48	80	0	0	1200	P1-2-10	0	-
15	11.216146	14.658854	A3	61	80	0	0	1440	P1-3-3	0	-
16	11.223958	15.069010	F3	55	80	0	0	1440	P1-3-2	0	-
17	11.233073	14.829427	Eb3	47	80	0	0	1440	P1-3-1	0	-
18	11.234375	15.199219	C3	49	80	0	0	1440	P1-3-6	0	-
19	11.236979	16.218750	F2	46	80	0	0	1440	P1-3-5	0	-
20	11.240885	16.429688	C2	42	80	0	0	1440	P1-3-4	0	-
21	16.395833	17.713542	A5	82	80	0	0	2160	P1-4-1	0	-
22	17.635417	18.479167	Bb5	83	80	0	0	2370	P1-4-2	0	-
23	17.947917	18.989583	C6	71	80	0	0	2400	P1-4-3	0	-
24	19.598958	22.149740	Eb4	60	80	0	0	2640	P1-4-5	0	-
25	19.613281	21.279948	C4	45	80	0	0	2640	P1-4-4	0	-
26	19.664062	21.529948	F3	39	80	0	0	2640	P1-4-9	0	-
27	19.673177	21.729167	A2	34	80	0	0	2640	P1-4-8	0	-
28	21.735677	24.229167	D4	53	80	0	0	2880	P1-5-2	0	-
29	21.742188	24.929688	Bb3	39	80	0	0	2880	P1-5-1	0	-
30	21.747396	25.739583	F3	35	80	0	0	2880	P1-5-14	0	-
31	21.759115	25.938802	Bb2	31	80	0	0	2880	P1-5-13	0	-
32	24.798177	25.229167	D4	52	80	0	0	3360	P1-5-3	0	-
33	25.085938	25.429688	F4	54	80	0	0	3390	P1-5-4	0	-
34	25.309896	25.442708	Eb4	62	80	0	0	3420	P1-5-5	0	-
35	25.451823	25.585938	D4	62	80	0	0	3450	P1-5-6	0	-
36	25.567708	25.712240	Eb4	74	80	0	0	3480	P1-5-7	0	-
37	25.695312	25.859375	F4	75	80	0	0	3510	P1-5-8	0	-
38	25.790365	25.882812	G4	77	80	0	0	3540	P1-5-9	0	-
39	25.901042	25.998698	A4	85	80	0	0	3570	P1-5-10	0	-
40	26.007812	26.095052	Bb4	73	80	0	0	3600	P1-5-11	0	-
41	26.109375	26.263021	C5	83	80	0	0	3630	P1-5-12	0	-
42	26.251302	27.468750	D5	82	80	0	0	3690	P1-6-1	0	-
43	27.363281	27.625000	Eb5	84	80	0	0	3900	P1-6-2	0	-
44	27.604167	28.899740	F5	76	80	0	0	3930	P1-6-3	0	-
45	28.945312	30.658854	F5	84	80	0	0	4170	P1-6-4	0	-
46	28.951823	30.449219	Ab4	78	80	0	0	4170	P1-6-5	0	-
47	28.976562	30.688802	B3	62	80	0	0	4170	P1-6-8	0	-
48	28.980469	30.339844	D3	54	80	0	0	4170	P1-6-9	0	-
49	30.674479	32.649740	F5	74	80	0	0	4410	P1-7-1	0	-
50	30.684896	33.069010	G4	67	80	0	0	4410	P1-7-6	0	-
51	30.701823	32.399740	B3	46	80	0	0	4410	P1-7-10	0	-
52	30.704427	33.098958	Eb3	38	80	0	0	4410	P1-7-15	0	-
53	32.342448	33.000000	Eb5	63	80	0	0	4650	P1-7-2	0	-
54	32.345052	33.029948	C4	41	80	0	0	4650	P1-7-11	0	-
55	33.088542	33.779948	D5	73	80	0	0	4770	P1-7-3	0	-
56	33.096354	33.649740	Bb4	62	80	0	0	4770	P1-7-7	0	-
57	33.102865	33.769531	D4	62	80	0	0	4770	P1-7-12	0	-
58	33.105469	33.598958	F3	50	80	0	0	4770	P1-7-16	0	-
59	33.838542	34.309896	C5	80	80	0	0	4890	P1-7-4	0	-
60	33.843750	34.279948	Bb4	78	80	0	0	4890	P1-7-8	0	-
61	33.846354	33.968750	Bb3	64	80	0	0	4890	P1-7-8	0	-
62	33.846354	34.429688	Eb4	67	80	0	0	4890	P1-7-13	0	-
63	33.863281	34.319010	G3	55	80	0	0	4890	P1-7-17	0	-
64	34.524740	34.809896	Bb4	87	80	0	0	5010	P1-7-9	0	-
65	34.524740	35.279948	G3	65	80	0	0	5010	P1-7-18	0	-
66	34.524740	35.229167	E4	76	80	0	0	5010	P1-7-14	0	-
67	34.524740	34.979167	C5	80	80	0	0	5010	P1-7-5	0	-
68	34.984375	35.299479	Bb4	79	80	0	0	5130	P1-8-9	0	-
69	35.071615	35.160156	C5	73	80	0	0	5130	P1-8-1	0	-
70	35.102865	37.149740	F3	64	80	0	0	5130	P1-8-23	0	-
71	35.177083	35.269531	D5	68	80	0	0	5145	P1-8-1	0	-
72	35.265625	35.333333	C5	80	80	0	0	5145	P1-8-12	0	-
73	35.316406	37.029948	E4	71	80	0	0	5160	P1-8-13	0	-
74	35.334635	35.406250	D5	77	80	0	0	5160	P1-8-13	0	-
75	35.428385	35.496094	C5	79	80	0	0	5175	P1-8-14	0	-
76	35.501302	35.558594	D5	74	80	0	0	5190	P1-8-15	0	-
77	35.602865	35.656250	C5	63	80	0	0	5205	P1-8-16	0	-
78	35.664062	35.744792	D5	80	80	0	0	5220	P1-8-1	0	-
79	35.753906	35.816406	C5	71	80	0	0	5235	P1-8-18	0	-
80	35.826823	35.911458	B4	79	80	0	0	5250	P1-8-2	0	-
81	35.927083	36.024740	C5	80	80	0	0	5250	P1-8-3	0	-
82	36.010417	36.574219	D5	79	80	0	0	5250	P1-8-4	0	-
83	36.552083	36.908854	C5	74	80	0	0	5310	P1-8-5	0	-
84	37.115885	39.169271	C5	56	80	0	0	5370	P1-8-6	0	-
85	37.117188	39.279948	A4	54	80	0	0	5370	P1-8-10	0	-
86	37.160156	38.869792	F4	38	80	0	0	5370	P1-8-20	0	-
87	37.161458	39.059896	F3	37	80	0	0	5670	P1-8-26	0	-
88	39.473958	39.966146	F3	55	80	0	0	5670	P1-8-26	0	-
89	39.932292	40.408854	G3	63	80	0	0	5730	P1-8-28	0	-
90	39.934896	40.345052	Eb3	52	80	0	0	5730	P1-8-27	0	-
91	40.298177	40.929688	A3	74	80	0	0	5790	P1-8-30	0	-
92	40.309896	40.529948	C3	66	80	0	0	5790	P1-8-29	0	-
93	40.906250	44.639323	Bb3	75	80	0	0	5850	P1-9-1	0	-
94	40.932292	42.500000	D3	69	80	0	0	5850	P1-9-3	0	-
95	40.932292	45.468750	Bb2	67	80	0	0	5850	P1-9-2	0	-
96	40.933594	45.188802	Bb1	64	80	0	0	5850	P1-9-10	0	-
97	42.442708	42.899740	Eb3	81	80	0	0	6060	P1-9-5	0	-
98	42.444010	42.809896	C3	72	80	0	0	6060	P1-9-4	0	-
99	42.723958	44.139323	F3	69	80	0	0	6090	P1-9-7	0	-
100	42.725260	44.079427	D3	69	80	0	0	6090	P1-9-6	0	-
101	44.428385	45.209635	F3	68	80	0	0	6330	P1-9-9	0	-
102	44.436198	45.319010	D3	53	80	0	0	6330	P1-9-8	0	-
103	46.270833	46.829427	D5	75	80	0	0	6570	P1-10-1	0	-
104	46.308594	48.529948	F3	46	80	0	0	6570	P1-10-13	0	-
105	46.325521	46.339844	Bb3	40	80	0	0	6570	P1-10-11	0	-
106	46.326823	48.519531	D3	38	80	0	0	6570	P1-10-12	0	-
107	46.326823	48.549479	Bb2	42	80	0	0	6570	P1-10-11	0	-
108	46.817708	46.923177	Eb5	67	80	0	0	6660	P1-10-8	0	-
109	46.906250	46.983073	D5	76	80	0	0	6670	P1-10-9	0	-
110	46.994792	47.106771	C5	77	80	0	0	6680	P1-10-10	0	-
111	47.100260	47.628906	D5	76	80	0	0	6690	P1-10-2	0	-
112	47.588542	47.863281	Eb5	86	80	0	0	6780	P1-10-3	0	-
113	47.902344	48.419271	F5	69	80	0	0	6810	P1-10-4	0	-
114	49.459635	51.179688	Bb3	79	80	0	0	7050	P1-10-7	0	-
115	49.473958	50.789062	D3	56	80	0	0	7050	P1-10-5	0	-
116	49.507812	50.839844	Bb2	50	80	0	0	7050	P1-10-15	0	-
117	49.511719	51.229167	Bb1	49	80	0	0	7050	P1-10-14	0	-
118	51.511719	56.149740	A3	82	80	0	0	7290	P1-11-1	0	-
119	51.523438	55.908854	F1	64	80	0	0	7290	P1-11-10	0	-
120	51.535156	53.218750	Eb3	66	80	0	0	7290	P1-11-3	0	-
121	51.539062	56.179688	C3	69	80	0	0	7290	P1-11-2	0	-
122	51.540365	55.628906	F2	61	80	0	0	7290	P1-11-11	0	-
123	53.010417	53.378906	F3	89	80	0	0	7500	P1-11-5	0	-
124	53.015625	53.378906	D3	80	80	0	0	7500	P1-11-4	0	-
125	53.304688	55.119792	Gb3	73	80	0	0	7530	P1-11-7	0	-
126	53.305990	55.119792	Eb3	73	80	0	0	7530	P1-11-6	0	-
127	55.125000	56.378906	Gb3	81	80	0	0	7770	P1-11-9	0	-
128	55.128906	56.399740	Eb3	66	80	0	0	7770	P1-11-8	0	-
129	56.071615	56.619792	F2	37	80	0	0	8010	P1-12-10	0	-
130	57.003906	57.619792	C6	87	80	0	0	8010	P1-12-1	0	-
131	57.036458	58.389323	Gb3	58	80	0	0	8010	P1-12-12	0	-
132	57.041667	58.309896	Eb3	55	80	0	0	8010	P1-12-11	0	-
133	57.539062	57.623698	D6	73	80	0	0	8100	P1-12-7	0	-
134	57.627604	57.789062	C6	76	80	0	0	8110	P1-12-8	0	-
135	57.714844	57.800781	B5	89	80	0	0	8120	P1-12-9	0	-
136	57.803385	58.619792	C6	84	80	0	0	8130	P1-12-2	0	-
137	58.276042	58.809896	D6	99	80	0	0	8220	P1-12-3	0	-
138	58.541667	59.419271	Eb6	87	80	0	0	8250	P1-12-4	0	-
139	60.058594	62.139323	Gb4	90	80	0	0	8490	P1-12-6	0	-
140	60.067708	61.369792	Eb4	80	80	0	0	8490	P1-12-5	0	-
141	60.072917	61.279948	C4	74	80	0	0	8490	P1-12-15	0	-
142	60.074219	61.559896	Bb3	77	80	0	0	8490	P1-12-14	0	-
143	62.036458	63.658854	C4	71	80	0	0	8730	P1-13-7	0	-
144	62.050781	64.128906	F4	63	80	0	0	8730	P1-13-1	0	-
145	62.054688	63.699219	A3	62	80	0	0	8730	P1-13-6	0	-
146	62.061198	63.679688	Eb4	62	80	0	0	8730	P1-13-2	0	-
147	63.555990	64.000000	B3	64	80	0	0	8940	P1-13-8	0	-
148	63.555990	64.069010	D4	77	80	0	0	8940	P1-13-9	0	-
149	63.897135	65.688802	Eb4	71	80	0	0	8970	P1-13-11	0	-
150	63.899740	65.699219	C4	63	80	0	0	8970	P1-13-10	0	-
151	65.703125	66.339844	Eb4	68	80	0	0	9210	P1-13-13	0	-
152	65.705729	66.329427	C4	57	80	0	0	9210	P1-13-12	0	-
153	67.485677	67.966146	C6	80	80	0	0	9450	P1-14-1	0	-
154	67.497396	69.669271	Eb4	52	80	0	0	9450	P1-14-10	0	-
155	67.505208	69.039062	C4	46	80	0	0	9450	P1-14-12	0	-
156	67.505208	69.569010	F3	44	80	0	0	9450	P1-14-15	0	-
157	67.966146	68.098958	D6	66	80	0	0	9540	P1-14-7	0	-
158	68.054688	68.131510	C6	75	80	0	0	9550	P1-14-8	0	-
159	68.143229	68.279948	B5	77	80	0	0	9560	P1-14-9	0	-
160	68.244792	68.859375	C6	81	80	0	0	9570	P1-14-2	0	-
161	68.747396	69.329427	D6	94	80	0	0	9660	P1-14-3	0	-
162	69.055990	69.739583	Eb6	80	80	0	0	9690	P1-14-4	0	-
163	69.083333	69.799479	A3	53	80	0	0	9690	P1-14-13	0	-
164	70.854167	72.789062	Eb5	75	80	0	0	9930	P1-14-6	0	-
165	70.864583	72.899740	A4	59	80	0	0	9930	P1-14-5	0	-
166	70.873698	72.819010	Eb4	57	80	0	0	9930	P1-14-11	0	-
167	70.875000	72.819010	C4	49	80	0	0	9930	P1-14-14	0	-
168	70.881510	72.848958	F#3	53	80	0	0	9930	P1-14-16	0	-
169	72.752604	73.979167	D5	55	80	0	0	10170	P1-15-2	0	-
170	72.756510	73.500000	Bb4	51	80	0	0	10170	P1-15-1	0	-
171	72.783854	73.688802	G3	38	80	0	0	10170	P1-15-10	0	-
172	72.785156	73.579427	Bb3	42	80	0	0	10170	P1-15-11	0	-
173	72.787760	73.509115	D4	37	80	0	0	10170	P1-15-12	0	-
174	74.384115	78.209635	G5	91	80	0	0	10410	P1-15-4	0	-
175	75.923177	76.239583	G4	76	80	0	0	10650	P1-15-6	0	-
176	75.923177	76.279948	Bb4	77	80	0	0	10650	P1-15-7	0	-
177	75.923177	76.188802	Db4	71	80	0	0	10650	P1-15-17	0	-
178	75.923177	76.289062	Db5	76	80	0	0	10650	P1-15-8	0	-
179	75.925781	76.169271	Bb3	71	80	0	0	10650	P1-15-16	0	-
180	75.925781	76.169271	E3	66	80	0	0	10650	P1-15-15	0	-
181	78.091146	80.729167	F5	65	80	0	0	10890	P1-16-1	0	-
182	79.864583	80.408854	F3	32	80	0	0	11130	P1-16-13	0	-
183	79.865885	80.269531	Bb3	31	80	0	0	11130	P1-16-14	0	-
184	79.871094	80.319010	D5	39	80	0	0	11130	P1-16-6	0	-
185	79.871094	80.459635	Bb4	38	80	0	0	11130	P1-16-5	0	-
186	79.875000	80.158854	D4	33	80	0	0	11130	P1-16-15	0	-
187	81.542969	81.899740	A4	43	80	0	0	11370	P1-16-10	0	-
188	81.545573	81.644531	C4	32	80	0	0	11370	P1-16-8	0	-
189	81.545573	81.648438	Eb4	36	80	0	0	11370	P1-16-9	0	-
190	81.553385	81.643229	F2	34	80	0	0	11370	P1-16-17	0	-
191	81.557292	81.643229	F3	35	80	0	0	11370	P1-16-18	0	-
192	83.273438	83.628906	Bb4	44	80	0	0	11610	P1-17-3	0	-
193	83.291667	83.619792	Bb3	33	80	0	0	11610	P1-17-1	0	-
194	83.292969	83.628906	D4	31	80	0	0	11610	P1-17-2	0	-
195	83.295573	83.539062	Bb2	34	80	0	0	11610	P1-17-8	0	-
196	83.295573	83.539062	Bb1	35	80	0	0	11610	P1-17-7	0	-
197	84.720052	84.783854	Bb2	41	80	0	0	11790	P1-17-10	0	-
198	84.805990	84.938802	Bb1	47	80	0	0	11810	P1-17-11	0	-
199	84.886719	84.957031	Bb2	51	80	0	0	11830	P1-17-12	0	-
200	84.945312	84.979167	Bb1	57	80	0	0	11850	P1-17-13	0	-
201	86.167969	86.222656	Bb2	43	80	0	0	12030	P1-17-15	0	-
202	86.243490	86.300781	Bb1	55	80	0	0	12050	P1-17-16	0	-
203	86.341146	86.394531	Bb2	55	80	0	0	12070	P1-17-17	0	-
204	86.404948	86.446615	Bb1	57	80	0	0	12090	P1-17-18	0	-
205	87.639323	87.705729	Bb2	48	80	0	0	12270	P1-17-20	0	-
206	87.735677	87.794271	Bb1	54	80	0	0	12290	P1-17-21	0	-
207	87.815104	87.895833	Bb2	59	80	0	0	12310	P1-17-22	0	-
208	87.924479	87.938802	Bb1	48	80	0	0	12330	P1-18-10	0	-
209	87.933594	89.669271	Eb4	66	80	0	0	12330	P1-18-3	0	-
210	87.955729	89.438802	G3	40	80	0	0	12330	P1-18-1	0	-
211	87.962240	89.109375	Bb3	45	80	0	0	12330	P1-18-2	0	-
212	89.401042	91.128906	D4	61	80	0	0	12570	P1-18-6	0	-
213	89.407552	91.009115	F3	48	80	0	0	12570	P1-18-4	0	-
214	89.408854	90.529948	Bb3	52	80	0	0	12570	P1-18-5	0	-
215	90.855469	92.539062	C#4	62	80	0	0	12810	P1-18-9	0	-
216	90.861979	92.319010	E3	53	80	0	0	12810	P1-18-7	0	-
217	90.863281	92.188802	Bb3	54	80	0	0	12810	P1-18-9	0	-
218	92.545573	94.289062	C#4	56	80	0	0	13050	P1-19-3	0	-
219	92.559896	95.019531	Bb3	47	80	0	0	13050	P1-19-3	0	-
220	92.569010	94.000000	E3	43	80	0	0	13050	P1-19-1	0	-
221	93.954427	94.079427	Bb2	47	80	0	0	13230	P1-19-11	0	-
222	94.042969	94.209635	Bb1	52	80	0	0	13250	P1-19-12	0	-
223	94.135417	94.449219	Bb2	55	80	0	0	13270	P1-19-13	0	-
224	94.223958	94.699219	Bb1	58	80	0	0	13290	P1-19-14	0	-
225	94.234375	95.079427	D4	49	80	0	0	13290	P1-19-6	0	-
226	95.454427	95.559896	Bb2	36	80	0	0	13470	P1-19-16	0	-
227	95.520833	95.628906	Bb1	54	80	0	0	13490	P1-19-17	0	-
228	95.604167	95.682292	Bb2	61	80	0	0	13510	P1-19-18	0	-
229	95.697917	95.751302	Bb1	53	80	0	0	13530	P1-19-19	0	-
230	96.936198	97.059896	Bb2	43	80	0	0	13710	P1-19-21	0	-
231	97.011719	97.074219	Bb1	59	80	0	0	13730	P1-19-22	0	-
232	97.096354	97.164062	Bb2	58	80	0	0	13750	P1-19-23	0	-
233	97.218750	98.339844	C4	59	80	0	0	13770	P1-20-10	0	-
234	97.234375	100.049479	Eb3	48	80	0	0	13770	P1-20-1	0	-
235	97.234375	99.789062	G3	47	80	0	0	13770	P1-20-2	0	-
236	98.412760	98.649740	D4	58	80	0	0	13920	P1-20-12	0	-
237	98.516927	98.669271	C4	61	80	0	0	13950	P1-20-13	0	-
238	98.644531	99.039062	B3	71	80	0	0	13980	P1-20-14	0	-
239	98.750000	99.769531	C4	67	80	0	0	14010	P1-20-6	0	-
240	99.441406	100.809896	Eb4	71	80	0	0	14130	P1-20-7	0	-
241	100.296875	101.287760	C4	57	80	0	0	14250	P1-20-8	0	-
242	100.324219	101.819010	Gb3	41	80	0	0	14250	P1-20-4	0	-
243	100.328125	102.128906	Eb3	37	80	0	0	14250	P1-20-3	0	-
244	101.162760	102.139323	A3	58	80	0	0	14370	P1-20-9	0	-
245	102.109375	103.718750	C4	54	80	0	0	14490	P1-21-4	0	-
246	102.143229	103.718750	Gb3	41	80	0	0	14490	P1-21-2	0	-
247	102.143229	103.279948	Eb3	37	80	0	0	14490	P1-21-1	0	-
248	102.144531	103.709635	A3	39	80	0	0	14490	P1-21-3	0	-
249	103.420573	103.579427	Bb2	43	80	0	0	14670	P1-21-12	0	-
250	103.500000	103.639323	Bb1	57	80	0	0	14690	P1-21-13	0	-
251	103.588542	104.019531	Bb2	49	80	0	0	14710	P1-21-14	0	-
252	103.684896	104.009115	Bb1	55	80	0	0	14730	P1-21-15	0	-
253	105.076823	105.179688	Bb2	38	80	0	0	14910	P1-21-17	0	-
254	105.145833	105.299479	Bb1	55	80	0	0	14930	P1-21-18	0	-
255	105.246094	105.313802	Bb2	58	80	0	0	14950	P1-21-19	0	-
256	105.305990	105.359375	Bb1	52	80	0	0	14970	P1-21-20	0	-
257	106.589844	106.645833	Bb2	53	80	0	0	15150	P1-21-22	0	-
258	106.671875	106.789062	Bb1	62	80	0	0	15170	P1-21-23	0	-
259	106.757812	106.833333	Bb2	64	80	0	0	15190	P1-21-24	0	-
260	106.885417	107.179688	Bb1	53	80	0	0	15210	P1-22-9	0	-
261	106.890625	108.128906	Bb4	74	80	0	0	15210	P1-22-2	0	-
262	106.915365	107.959635	D4	56	80	0	0	15210	P1-22-1	0	-
263	108.464844	109.628906	G4	82	80	0	0	15450	P1-22-5	0	-
264	108.468750	110.259115	Bb3	73	80	0	0	15450	P1-22-3	0	-
265	108.471354	109.609375	D4	71	80	0	0	15450	P1-22-4	0	-
266	110.084635	112.309896	F4	75	80	0	0	15690	P1-22-8	0	-
267	110.093750	111.529948	A3	69	80	0	0	15690	P1-22-6	0	-
268	110.097656	111.389323	D4	69	80	0	0	15690	P1-22-7	0	-
269	112.065104	114.468750	E4	51	80	0	0	15930	P1-23-3	0	-
270	112.070312	114.019531	G3	39	80	0	0	15930	P1-23-1	0	-
271	112.072917	114.468750	C4	43	80	0	0	15930	P1-23-2	0	-
272	113.398438	113.539062	C3	39	80	0	0	16110	P1-23-15	0	-
273	113.497396	113.609375	C2	39	80	0	0	16130	P1-23-16	0	-
274	113.592448	113.859375	C3	44	80	0	0	16150	P1-23-17	0	-
275	113.721354	113.919271	C2	41	80	0	0	16170	P1-23-18	0	-
276	114.484375	114.899740	G3	35	80	0	0	16290	P1-23-4	0	-
277	114.484375	115.259115	E4	51	80	0	0	16290	P1-23-6	0	-
278	114.484375	115.009115	C4	38	80	0	0	16290	P1-23-5	0	-
279	114.859375	115.039062	C6	52	80	0	0	16350	P1-23-20	0	-
280	114.955729	115.128906	C5	51	80	0	0	16370	P1-23-21	0	-
281	115.045573	115.199219	C6	55	80	0	0	16390	P1-23-22	0	-
282	115.154948	115.859375	F4	52	80	0	0	16410	P1-23-9	0	-
283	115.165365	115.589844	C4	49	80	0	0	16410	P1-23-8	0	-
284	115.167969	115.609375	A3	38	80	0	0	16410	P1-23-7	0	-
285	115.170573	115.449219	C5	51	80	0	0	16410	P1-23-23	0	-
286	115.851562	116.329427	G4	62	80	0	0	16530	P1-23-12	0	-
287	115.863281	116.389323	Bb3	52	80	0	0	16530	P1-23-10	0	-
288	115.864583	116.429688	C4	47	80	0	0	16530	P1-23-11	0	-
289	116.661458	118.079427	G4	60	80	0	0	16650	P1-24-3	0	-
290	116.674479	117.389323	C4	46	80	0	0	16650	P1-24-2	0	-
291	116.678385	117.128906	Bb3	51	80	0	0	16650	P1-24-1	0	-
292	117.845052	118.250000	E4	60	80	0	0	16830	P1-24-6	0	-
293	117.869792	118.019531	G#3	42	80	0	0	16830	P1-24-4	0	-
294	117.871094	118.158854	C4	44	80	0	0	16830	P1-24-5	0	-
295	117.875000	118.000000	C3	41	80	0	0	16830	P1-24-21	0	-
296	117.964844	118.239583	C2	41	80	0	0	16850	P1-24-22	0	-
297	118.097656	118.250000	C3	41	80	0	0	16870	P1-24-23	0	-
298	118.236979	118.848958	F4	60	80	0	0	16890	P1-24-9	0	-
299	118.252604	118.589844	C2	47	80	0	0	16890	P1-24-24	0	-
300	118.255208	118.718750	C4	47	80	0	0	16890	P1-24-8	0	-
301	118.255208	118.649740	A3	52	80	0	0	16890	P1-24-7	0	-
302	118.256510	118.449219	C3	49	80	0	0	16890	P1-24-8	0	-
303	118.953125	119.459635	F4	63	80	0	0	17010	P1-24-12	0	-
304	118.955729	119.239583	A3	55	80	0	0	17010	P1-24-10	0	-
305	118.957031	119.438802	C4	57	80	0	0	17010	P1-24-11	0	-
306	119.291667	119.408854	C6	54	80	0	0	17070	P1-24-26	0	-
307	119.382812	119.500000	C5	62	80	0	0	17090	P1-24-27	0	-
308	119.488281	119.669271	C6	68	80	0	0	17110	P1-24-28	0	-
309	119.604167	120.109375	G4	77	80	0	0	17130	P1-24-15	0	-
310	119.614583	120.009115	E4	59	80	0	0	17130	P1-24-14	0	-
311	119.614583	119.819010	C4	59	80	0	0	17130	P1-24-13	0	-
312	120.311198	120.718750	A4	86	80	0	0	17250	P1-24-18	0	-
313	120.324219	120.789062	C4	68	80	0	0	17250	P1-24-16	0	-
314	120.328125	120.859375	F4	70	80	0	0	17250	P1-24-17	0	-
315	121.093750	122.500000	A4	83	80	0	0	17370	P1-25-2	0	-
316	121.114583	123.009115	C4	62	80	0	0	17370	P1-25-16	0	-
317	121.117188	122.339844	F4	64	80	0	0	17370	P1-25-1	0	-
318	122.265625	122.639323	F#4	76	80	0	0	17550	P1-25-4	0	-
319	122.278646	122.658854	D#4	65	80	0	0	17550	P1-25-3	0	-
320	122.298177	122.399740	C3	51	80	0	0	17550	P1-25-20	0	-
321	122.390625	122.628906	C2	59	80	0	0	17570	P1-25-21	0	-
322	122.505208	122.809896	C3	60	80	0	0	17590	P1-25-22	0	-
323	122.638021	123.098958	G4	81	80	0	0	17610	P1-25-6	0	-
324	122.641927	122.848958	C2	60	80	0	0	17610	P1-25-23	0	-
325	122.647135	123.079427	E4	60	80	0	0	17610	P1-25-5	0	-
326	123.333333	123.658854	G4	90	80	0	0	17730	P1-25-9	0	-
327	123.337240	123.569010	C4	64	80	0	0	17730	P1-25-7	0	-
328	123.337240	124.009115	E4	70	80	0	0	17730	P1-25-8	0	-
329	123.725260	123.799479	C6	72	80	0	0	17790	P1-25-25	0	-
330	123.835938	123.938802	C5	59	80	0	0	17810	P1-25-26	0	-
331	123.898438	124.000000	C6	70	80	0	0	17830	P1-25-27	0	-
332	123.997396	124.209635	A4	92	80	0	0	17850	P1-25-12	0	-
333	124.003906	124.259115	C4	68	80	0	0	17850	P1-25-10	0	-
334	124.003906	124.199219	C5	75	80	0	0	17850	P1-25-28	0	-
335	124.005208	124.299479	F4	65	80	0	0	17850	P1-25-11	0	-
336	124.707031	125.049479	Bb4	92	80	0	0	17970	P1-25-15	0	-
337	124.714844	125.049479	C4	77	80	0	0	17970	P1-25-13	0	-
338	124.716146	125.079427	G4	86	80	0	0	17970	P1-25-14	0	-
339	125.550781	126.309896	Bb4	92	80	0	0	18090	P1-26-2	0	-
340	125.555990	126.069010	G4	85	80	0	0	18090	P1-26-1	0	-
341	125.557292	126.000000	C4	71	80	0	0	18090	P1-26-18	0	-
342	126.687500	127.039062	G#4	92	80	0	0	18270	P1-26-4	0	-
343	126.695312	126.989583	E4	74	80	0	0	18270	P1-26-3	0	-
344	126.712240	126.839844	C3	61	80	0	0	18270	P1-26-22	0	-
345	126.809896	127.289062	C2	61	80	0	0	18290	P1-26-23	0	-
346	126.914062	127.319010	C3	76	80	0	0	18310	P1-26-24	0	-
347	127.033854	127.429688	A4	87	80	0	0	18330	P1-26-6	0	-
348	127.037760	127.378906	F4	75	80	0	0	18330	P1-26-5	0	-
349	127.713542	127.929688	A4	96	80	0	0	18450	P1-26-9	0	-
350	127.716146	128.079427	F4	72	80	0	0	18450	P1-26-8	0	-
351	127.718750	127.938802	C4	69	80	0	0	18450	P1-26-7	0	-
352	128.104167	128.192708	C6	79	80	0	0	18510	P1-26-27	0	-
353	128.221354	128.281250	C5	74	80	0	0	18530	P1-26-28	0	-
354	128.308594	128.408854	C6	84	80	0	0	18550	P1-26-29	0	-
355	128.424479	128.529948	C5	87	80	0	0	18570	P1-26-30	0	-
356	128.424479	128.539062	B4	89	80	0	0	18570	P1-26-13	0	-
357	128.428385	128.639323	D4	85	80	0	0	18570	P1-26-10	0	-
358	128.428385	128.750000	Ab4	83	80	0	0	18570	P1-26-12	0	-
359	128.430990	128.669271	F4	81	80	0	0	18570	P1-26-11	0	-
360	129.264323	129.559896	B4	92	80	0	0	18690	P1-26-17	0	-
361	129.272135	129.598958	Ab4	88	80	0	0	18690	P1-26-16	0	-
362	129.273438	129.688802	D4	79	80	0	0	18690	P1-26-14	0	-
363	129.273438	129.609375	F4	81	80	0	0	18690	P1-26-15	0	-
364	129.608073	129.799479	C6	75	80	0	0	18750	P1-26-32	0	-
365	129.714844	129.778646	C5	74	80	0	0	18770	P1-26-33	0	-
366	129.809896	130.399740	C6	93	80	0	0	18790	P1-26-34	0	-
367	130.135417	130.509115	C5	64	80	0	0	18810	P1-27-3	0	-
368	130.147135	130.589844	E4	54	80	0	0	18810	P1-27-1	0	-
369	130.153646	130.519531	G4	63	80	0	0	18810	P1-27-2	0	-
370	131.035156	132.188802	G4	75	80	0	0	18930	P1-27-6	0	-
371	131.037760	132.179688	C4	55	80	0	0	18930	P1-27-4	0	-
372	131.040365	132.199219	E4	55	80	0	0	18930	P1-27-5	0	-
373	131.378906	131.549479	C3	59	80	0	0	18990	P1-27-18	0	-
374	131.533854	131.779948	C2	57	80	0	0	19020	P1-27-19	0	-
375	131.726562	131.787760	C3	74	80	0	0	19050	P1-27-20	0	-
376	132.415365	132.929688	G4	86	80	0	0	19170	P1-27-9	0	-
377	132.420573	132.848958	C4	65	80	0	0	19170	P1-27-7	0	-
378	132.423177	132.739583	E4	62	80	0	0	19170	P1-27-8	0	-
379	132.748698	133.000000	E4	50	80	0	0	19170	P1-27-8	0	-
380	132.760417	132.903646	C6	70	80	0	0	19230	P1-27-22	0	-
381	132.895833	133.029948	C5	74	80	0	0	19260	P1-27-23	0	-
382	133.131510	133.399740	B4	80	80	0	0	19290	P1-27-12	0	-
383	133.164062	133.419271	D4	62	80	0	0	19290	P1-27-10	0	-
384	133.167969	133.479167	F4	58	80	0	0	19290	P1-27-11	0	-
385	133.936198	134.628906	G4	86	80	0	0	19410	P1-27-15	0	-
386	133.945312	134.269531	D4	65	80	0	0	19410	P1-27-13	0	-
387	133.949219	134.369792	F4	79	80	0	0	19410	P1-27-14	0	-
388	134.710938	135.549479	C5	79	80	0	0	19530	P1-28-3	0	-
389	134.713542	135.438802	E4	70	80	0	0	19530	P1-28-2	0	-
390	134.716146	135.399740	C4	70	80	0	0	19530	P1-28-1	0	-
391	135.595052	137.009115	G4	88	80	0	0	19650	P1-28-6	0	-
392	135.598958	136.839844	E4	71	80	0	0	19650	P1-28-5	0	-
393	135.600260	136.848958	C4	69	80	0	0	19650	P1-28-4	0	-
394	135.963542	136.139323	C3	62	80	0	0	19710	P1-28-18	0	-
395	136.105469	136.468750	C2	69	80	0	0	19740	P1-28-19	0	-
396	136.303385	136.438802	C3	77	80	0	0	19770	P1-28-20	0	-
397	136.535156	136.598958	C3	42	80	0	0	19770	P1-28-20	0	-
398	137.023438	137.569010	G4	92	80	0	0	19890	P1-28-9	0	-
399	137.027344	137.579427	C4	71	80	0	0	19890	P1-28-7	0	-
400	137.031250	137.598958	E4	73	80	0	0	19890	P1-28-8	0	-
401	137.375000	137.559896	C6	73	80	0	0	19950	P1-28-22	0	-
402	137.506510	137.649740	C5	75	80	0	0	19980	P1-28-23	0	-
403	137.686198	137.809896	C6	82	80	0	0	20010	P1-28-24	0	-
404	137.687500	137.839844	B5	80	80	0	0	20010	P1-28-24	0	-
405	137.694010	138.009115	B4	80	80	0	0	20010	P1-28-12	0	-
406	137.721354	138.059896	D4	66	80	0	0	20010	P1-28-10	0	-
407	137.722656	138.109375	F4	66	80	0	0	20010	P1-28-11	0	-
408	138.494792	139.399740	G4	85	80	0	0	20130	P1-28-15	0	-
409	138.500000	139.098958	D4	66	80	0	0	20130	P1-28-13	0	-
410	138.503906	139.289062	F4	76	80	0	0	20130	P1-28-14	0	-
411	139.278646	139.859375	C5	80	80	0	0	20250	P1-29-3	0	-
412	139.285156	139.848958	C4	70	80	0	0	20250	P1-29-1	0	-
413	139.286458	139.869792	E4	65	80	0	0	20250	P1-29-2	0	-
414	140.045573	141.769531	G4	81	80	0	0	20370	P1-29-6	0	-
415	140.048177	141.348958	C4	66	80	0	0	20370	P1-29-4	0	-
416	140.050781	141.519531	E4	67	80	0	0	20370	P1-29-5	0	-
417	140.451823	140.609375	C3	44	80	0	0	20430	P1-29-15	0	-
418	140.613281	141.929688	C2	38	80	0	0	20460	P1-29-16	0	-
419	140.819010	141.329427	C3	50	80	0	0	20490	P1-29-17	0	-
420	141.736979	145.229167	E4	60	80	0	0	20610	P1-29-9	0	-
421	141.742188	143.079427	C4	52	80	0	0	20610	P1-29-8	0	-
422	141.742188	142.869792	G3	49	80	0	0	20610	P1-29-7	0	-
423	142.122396	142.279948	C3	41	80	0	0	20670	P1-29-19	0	-
424	142.276042	142.739583	C2	37	80	0	0	20700	P1-29-20	0	-
425	142.485677	143.339844	C3	44	80	0	0	20730	P1-29-21	0	-
426	142.744792	143.509115	C2	28	80	0	0	20730	P1-29-21	0	-
427	143.335938	144.609375	C4	47	80	0	0	20850	P1-29-12	0	-
428	143.341146	144.109375	G3	41	80	0	0	20850	P1-29-11	0	-
429	143.341146	144.309896	E3	41	80	0	0	20850	P1-29-10	0	-
430	143.712240	144.019531	C3	43	80	0	0	20910	P1-29-23	0	-
431	143.888021	145.049479	C2	28	80	0	0	20940	P1-29-24	0	-
432	144.101562	144.339844	C3	47	80	0	0	20970	P1-30-13	0	-
433	144.347656	147.500000	C3	26	80	0	0	20970	P1-30-13	0	-
434	144.864583	145.919271	C4	64	80	0	0	21090	P1-30-14	0	-
435	145.640625	146.389323	B3	78	80	0	0	21210	P1-30-15	0	-
436	146.410156	147.569010	C4	79	80	0	0	21330	P1-30-19	0	-
437	146.414062	147.250000	Bb3	81	80	0	0	21330	P1-30-16	0	-
438	147.169271	147.878906	A3	80	80	0	0	21450	P1-30-17	0	-
439	147.526042	147.733073	D4	81	80	0	0	21510	P1-30-7	0	-
440	147.710938	147.807292	E4	81	80	0	0	21540	P1-30-8	0	-
441	147.886719	148.059896	F4	75	80	0	0	21570	P1-30-9	0	-
442	147.891927	148.264323	Bb3	77	80	0	0	21570	P1-30-20	0	-
443	147.894531	148.264323	G3	73	80	0	0	21570	P1-30-18	0	-
444	148.046875	148.113281	G4	85	80	0	0	21600	P1-30-10	0	-
445	148.204427	148.273438	A4	89	80	0	0	21630	P1-30-11	0	-
446	148.369792	148.507812	Bb4	90	80	0	0	21660	P1-30-12	0	-
447	148.785156	150.759115	F2	41	80	0	0	21690	P1-31-9	0	-
448	148.786458	151.989583	C5	63	80	0	0	21690	P1-31-1	0	-
449	149.664062	151.209635	F3	36	80	0	0	21810	P1-31-10	0	-
450	150.488281	152.179688	F4	39	80	0	0	21930	P1-31-7	0	-
451	150.503906	152.098958	C4	33	80	0	0	21930	P1-31-12	0	-
452	150.510417	151.779948	A3	28	80	0	0	21930	P1-31-11	0	-
453	151.420573	153.179688	F3	32	80	0	0	22050	P1-31-13	0	-
454	152.059896	152.386719	A4	64	80	0	0	22140	P1-31-3	0	-
455	152.291667	154.209635	F5	66	80	0	0	22170	P1-31-4	0	-
456	152.313802	153.658854	Bb3	39	80	0	0	22170	P1-31-14	0	-
457	152.316406	153.669271	D4	44	80	0	0	22170	P1-31-15	0	-
458	152.316406	155.109375	F4	42	80	0	0	22170	P1-31-8	0	-
459	153.194010	154.079427	F3	38	80	0	0	22290	P1-31-16	0	-
460	153.826823	154.062500	D5	60	80	0	0	22380	P1-31-5	0	-
461	154.052083	156.239583	C5	60	80	0	0	22410	P1-32-1	0	-
462	154.084635	155.119792	C4	36	80	0	0	22410	P1-32-11	0	-
463	154.087240	154.529948	F3	29	80	0	0	22410	P1-32-10	0	-
464	154.087240	154.979167	A3	34	80	0	0	22410	P1-32-10	0	-
465	154.882812	156.259115	F3	40	80	0	0	22530	P1-32-12	0	-
466	155.695312	157.218750	F4	51	80	0	0	22650	P1-32-7	0	-
467	155.701823	157.289062	C4	40	80	0	0	22650	P1-32-14	0	-
468	155.701823	157.128906	A3	37	80	0	0	22650	P1-32-13	0	-
469	156.542969	157.339844	F3	45	80	0	0	22770	P1-32-15	0	-
470	157.096354	157.500000	A4	83	80	0	0	22860	P1-32-3	0	-
471	157.311198	158.848958	Bb4	76	80	0	0	22890	P1-32-4	0	-
472	157.346354	158.449219	F4	51	80	0	0	22890	P1-32-8	0	-
473	157.351562	158.299479	F3	41	80	0	0	22890	P1-32-8	0	-
474	157.354167	158.339844	D3	42	80	0	0	22890	P1-32-16	0	-
475	157.355469	157.938802	Bb3	44	80	0	0	22890	P1-32-4	0	-
476	158.092448	159.009115	D4	64	80	0	0	23010	P1-32-9	0	-
477	158.095052	158.459635	Bb3	48	80	0	0	23010	P1-32-17	0	-
478	158.095052	158.369792	Bb2	44	80	0	0	23010	P1-32-17	0	-
479	158.622396	159.125000	G4	76	80	0	0	23100	P1-32-5	0	-
480	158.914062	162.128906	F4	73	80	0	0	23130	P1-33-1	0	-
481	158.944010	159.539062	C2	43	80	0	0	23130	P1-33-10	0	-
482	159.730469	160.529948	A3	66	80	0	0	23250	P1-33-7	0	-
483	159.734375	161.239583	C3	51	80	0	0	23250	P1-33-11	0	-
484	160.540365	161.899740	C4	72	80	0	0	23370	P1-33-8	0	-
485	160.541667	162.128906	A3	62	80	0	0	23370	P1-33-13	0	-
486	160.549479	161.899740	F3	56	80	0	0	23370	P1-33-12	0	-
487	161.363281	162.799479	C3	56	80	0	0	23490	P1-33-14	0	-
488	162.122396	162.649740	A4	79	80	0	0	23610	P1-33-2	0	-
489	162.134115	163.079427	E3	50	80	0	0	23610	P1-33-15	0	-
490	162.136719	163.079427	G3	53	80	0	0	23610	P1-33-16	0	-
491	162.136719	163.250000	C4	56	80	0	0	23610	P1-33-9	0	-
492	162.533854	162.949219	G4	85	80	0	0	23670	P1-33-3	0	-
493	162.865885	163.244792	F4	81	80	0	0	23730	P1-33-4	0	-
494	162.901042	163.628906	C3	46	80	0	0	23730	P1-33-17	0	-
495	163.197917	163.408854	G4	96	80	0	0	23790	P1-33-5	0	-
496	163.707031	165.319010	G4	71	80	0	0	23850	P1-34-1	0	-
497	163.740885	165.339844	C4	44	80	0	0	23850	P1-34-13	0	-
498	163.743490	164.908854	E3	43	80	0	0	23850	P1-34-15	0	-
499	163.744792	163.750000	E4	47	80	0	0	23850	P1-34-15	0	-
500	164.595052	166.269531	C3	39	80	0	0	23970	P1-34-16	0	-
501	165.222656	165.542969	G#4	62	80	0	0	24060	P1-34-2	0	-
502	165.511719	166.949219	A4	52	80	0	0	24090	P1-34-3	0	-
503	165.540365	166.959635	C4	33	80	0	0	24090	P1-34-3	0	-
504	165.542969	166.569010	F3	35	80	0	0	24090	P1-34-17	0	-
505	166.277344	167.128906	A2	52	80	0	0	24210	P1-34-18	0	-
506	167.092448	167.774740	Bb2	60	80	0	0	24330	P1-34-19	0	-
507	167.256510	167.351562	C4	62	80	0	0	24360	P1-34-6	0	-
508	167.441406	167.518229	D4	82	80	0	0	24390	P1-34-7	0	-
509	167.604167	167.675781	E4	80	80	0	0	24420	P1-34-8	0	-
510	167.774740	168.658854	G2	68	80	0	0	24450	P1-34-20	0	-
511	167.774740	167.871094	F4	80	80	0	0	24450	P1-34-9	0	-
512	167.937500	168.005208	G4	85	80	0	0	24480	P1-34-10	0	-
513	168.093750	168.157552	A4	88	80	0	0	24510	P1-34-11	0	-
514	168.265625	168.639323	Bb4	84	80	0	0	24540	P1-34-12	0	-
515	168.658854	171.919271	C5	78	80	0	0	24570	P1-35-1	0	-
516	168.662760	169.539062	F2	46	80	0	0	24570	P1-35-9	0	-
517	169.471354	170.739583	F3	43	80	0	0	24690	P1-35-10	0	-
518	169.824219	170.339844	E4	53	80	0	0	24750	P1-35-7	0	-
519	170.279948	174.059896	F4	45	80	0	0	24810	P1-35-8	0	-
520	170.281250	171.438802	A3	43	80	0	0	24810	P1-35-11	0	-
521	170.282552	171.968750	C4	47	80	0	0	24810	P1-35-12	0	-
522	171.122396	172.839844	F3	43	80	0	0	24930	P1-35-13	0	-
523	171.700521	172.158854	A4	78	80	0	0	25020	P1-35-3	0	-
524	171.941406	173.759115	F5	64	80	0	0	25050	P1-35-4	0	-
525	171.964844	173.259115	Bb3	40	80	0	0	25050	P1-35-14	0	-
526	171.964844	173.628906	D4	45	80	0	0	25050	P1-35-15	0	-
527	172.854167	173.718750	F3	50	80	0	0	25170	P1-35-16	0	-
528	173.472656	173.735677	D5	72	80	0	0	25260	P1-35-5	0	-
529	173.723958	175.378906	C5	66	80	0	0	25290	P1-36-1	0	-
530	173.727865	174.799479	A3	48	80	0	0	25290	P1-36-12	0	-
531	173.733073	174.239583	F3	42	80	0	0	25290	P1-36-12	0	-
532	173.733073	174.979167	C4	48	80	0	0	25290	P1-36-13	0	-
533	174.524740	175.339844	F3	56	80	0	0	25410	P1-36-14	0	-
534	174.901042	175.399740	E4	72	80	0	0	25470	P1-36-8	0	-
535	175.335938	176.809896	F4	71	80	0	0	25530	P1-36-9	0	-
536	175.337240	176.799479	A3	55	80	0	0	25530	P1-36-15	0	-
537	175.348958	175.829427	F3	48	80	0	0	25530	P1-36-9	0	-
538	175.350260	176.769531	C4	55	80	0	0	25530	P1-36-16	0	-
539	176.130208	176.869792	F3	67	80	0	0	25650	P1-36-17	0	-
540	176.648438	176.949219	A4	86	80	0	0	25740	P1-36-3	0	-
541	176.865885	177.350260	C5	80	80	0	0	25770	P1-36-4	0	-
542	176.880208	177.679688	D3	58	80	0	0	25770	P1-36-18	0	-
543	176.882812	177.829427	F3	61	80	0	0	25770	P1-36-10	0	-
544	176.889323	177.779948	F4	59	80	0	0	25770	P1-36-10	0	-
545	177.307292	178.059896	Bb4	91	80	0	0	25830	P1-36-5	0	-
546	177.638021	178.218750	Bb2	68	80	0	0	25890	P1-36-19	0	-
547	177.643229	178.339844	D4	79	80	0	0	25890	P1-36-11	0	-
548	177.984375	178.598958	G4	95	80	0	0	25950	P1-36-6	0	-
549	178.493490	180.468750	F4	82	80	0	0	26010	P1-37-1	0	-
550	178.496094	179.069010	A3	74	80	0	0	26010	P1-37-3	0	-
551	178.503906	181.429688	C3	61	80	0	0	26010	P1-37-14	0	-
552	179.273438	180.019531	A3	85	80	0	0	26130	P1-37-5	0	-
553	179.274740	180.489583	F3	78	80	0	0	26130	P1-37-4	0	-
554	180.028646	181.128906	C4	83	80	0	0	26250	P1-37-7	0	-
555	180.028646	180.658854	A3	74	80	0	0	26250	P1-37-6	0	-
556	180.816406	181.628906	A3	80	80	0	0	26370	P1-37-9	0	-
557	180.816406	181.419271	F3	78	80	0	0	26370	P1-37-8	0	-
558	181.673177	183.059896	C4	89	80	0	0	26490	P1-37-2	0	-
559	181.678385	182.229167	E3	78	80	0	0	26490	P1-37-10	0	-
560	181.678385	183.049479	G3	78	80	0	0	26490	P1-37-11	0	-
561	181.684896	182.059896	C3	76	80	0	0	26490	P1-37-2	0	-
562	181.690104	183.069010	C2	70	80	0	0	26490	P1-37-15	0	-
563	182.598958	183.069010	E3	85	80	0	0	26610	P1-37-13	0	-
564	182.601562	183.039062	C3	78	80	0	0	26610	P1-37-12	0	-
565	183.699219	184.408854	F3	40	80	0	0	26730	P1-38-2	0	-
566	183.713542	184.408854	F2	37	80	0	0	26730	P1-38-9	0	-
567	183.727865	184.188802	C3	32	80	0	0	26730	P1-38-1	0	-
568	183.727865	184.489583	F1	35	80	0	0	26730	P1-38-8	0	-
569	185.230469	185.378906	F2	40	80	0	0	26910	P1-38-11	0	-
570	185.298177	185.449219	F1	50	80	0	0	26930	P1-38-12	0	-
571	185.385417	185.438802	F2	55	80	0	0	26950	P1-38-13	0	-
572	185.388021	185.399740	F3	46	80	0	0	26950	P1-38-13	0	-
573	185.455729	185.589844	F1	58	80	0	0	26970	P1-38-14	0	-
574	186.653646	186.700521	F2	42	80	0	0	27150	P1-38-16	0	-
575	186.731771	186.889323	F1	52	80	0	0	27170	P1-38-17	0	-
576	186.817708	186.876302	F2	55	80	0	0	27190	P1-38-18	0	-
577	186.894531	186.979167	F1	63	80	0	0	27210	P1-38-19	0	-
578	187.652344	188.339844	F4	44	80	0	0	27330	P1-38-7	0	-
579	188.514323	190.239583	F4	50	80	0	0	27450	P1-39-1	0	-
580	189.897135	190.029948	F2	44	80	0	0	27630	P1-39-10	0	-
581	189.985677	190.628906	F1	49	80	0	0	27650	P1-39-11	0	-
582	190.087240	190.389323	F2	46	80	0	0	27670	P1-39-12	0	-
583	190.192708	192.449219	Gb4	74	80	0	0	27690	P1-39-2	0	-
584	190.203125	192.500000	A3	52	80	0	0	27690	P1-39-5	0	-
585	190.205729	190.479167	C4	46	80	0	0	27690	P1-39-6	0	-
586	190.214844	193.429688	Eb4	51	80	0	0	27690	P1-39-7	0	-
587	190.492188	193.408854	C4	35	80	0	0	27690	P1-39-6	0	-
588	191.437500	191.569010	F2	37	80	0	0	27870	P1-39-15	0	-
589	191.533854	191.739583	F1	48	80	0	0	27890	P1-39-16	0	-
590	191.641927	192.619792	F2	44	80	0	0	27910	P1-39-17	0	-
591	191.744792	193.339844	F1	39	80	0	0	27930	P1-39-18	0	-
592	192.457031	192.989583	Gb4	72	80	0	0	28050	P1-39-3	0	-
593	193.253906	197.500000	Gb4	80	80	0	0	28170	P1-40-1	0	-
594	194.548177	194.688802	F2	38	80	0	0	28350	P1-40-10	0	-
595	194.645833	195.649740	F1	45	80	0	0	28370	P1-40-11	0	-
596	194.744792	195.628906	F2	51	80	0	0	28390	P1-40-12	0	-
597	194.875000	197.218750	A4	85	80	0	0	28410	P1-40-6	0	-
598	194.891927	197.500000	C4	63	80	0	0	28410	P1-40-4	0	-
599	194.893229	197.500000	Eb4	66	80	0	0	28410	P1-40-5	0	-
600	196.100260	196.250000	F2	44	80	0	0	28590	P1-40-15	0	-
601	196.200521	196.289062	F1	40	80	0	0	28610	P1-40-16	0	-
602	196.295573	196.399740	F2	45	80	0	0	28610	P1-40-16	0	-
603	196.296875	196.389323	F1	42	80	0	0	28610	P1-40-16	0	-
604	196.404948	196.500000	F1	42	80	0	0	28610	P1-40-16	0	-
605	196.404948	198.709635	F2	42	80	0	0	28630	P1-40-17	0	-
606	196.507812	199.079427	F1	35	80	0	0	28650	P1-40-18	0	-
607	197.234375	197.989583	A4	83	80	0	0	28770	P1-40-7	0	-
608	198.093750	199.399740	A4	92	80	0	0	28890	P1-41-1	0	-
609	199.333333	199.489583	F2	57	80	0	0	29070	P1-41-10	0	-
610	199.421875	200.750000	F1	55	80	0	0	29090	P1-41-11	0	-
611	199.498698	200.539062	F2	60	80	0	0	29110	P1-41-12	0	-
612	199.615885	201.468750	C5	86	80	0	0	29130	P1-41-6	0	-
613	199.625000	201.218750	Gb4	72	80	0	0	29130	P1-41-5	0	-
614	199.635417	201.989583	Eb4	77	80	0	0	29130	P1-41-4	0	-
615	200.880208	200.945312	F2	47	80	0	0	29310	P1-41-15	0	-
616	200.984375	201.158854	F1	51	80	0	0	29330	P1-41-16	0	-
617	201.084635	202.429688	F2	60	80	0	0	29350	P1-41-17	0	-
618	201.165365	203.459635	F1	52	80	0	0	29370	P1-41-18	0	-
619	201.863281	202.299479	C5	92	80	0	0	29490	P1-41-7	0	-
620	202.585938	203.979167	C5	93	80	0	0	29610	P1-42-1	0	-
621	203.444010	205.158854	Eb5	100	80	0	0	29730	P1-42-2	0	-
622	204.044271	204.179688	C4	54	80	0	0	29790	P1-42-21	0	-
623	204.048177	204.199219	A3	51	80	0	0	29790	P1-42-20	0	-
624	204.173177	204.289062	F3	62	80	0	0	29810	P1-42-22	0	-
625	204.247396	204.669271	C4	67	80	0	0	29830	P1-42-24	0	-
626	204.285156	204.519531	A3	46	80	0	0	29830	P1-42-23	0	-
627	204.352865	205.688802	F3	63	80	0	0	29850	P1-42-25	0	-
628	204.845052	205.489583	D5	74	80	0	0	29910	P1-42-4	0	-
629	205.058594	205.539062	C5	77	80	0	0	29940	P1-42-5	0	-
630	205.259115	205.669271	Bb4	77	80	0	0	29970	P1-42-6	0	-
631	205.455729	206.109375	A4	87	80	0	0	30000	P1-42-7	0	-
632	205.622396	205.899740	G4	85	80	0	0	30030	P1-42-8	0	-
633	205.803385	206.033854	F4	87	80	0	0	30060	P1-42-9	0	-
634	205.992188	206.194010	E4	83	80	0	0	30090	P1-42-10	0	-
635	206.178385	206.377604	Eb4	91	80	0	0	30120	P1-42-11	0	-
636	206.356771	206.523438	D4	88	80	0	0	30150	P1-42-12	0	-
637	206.531250	206.759115	C4	78	80	0	0	30180	P1-42-13	0	-
638	206.736979	207.053385	Bb3	85	80	0	0	30210	P1-42-14	0	-
639	207.022135	207.339844	A3	82	80	0	0	30240	P1-42-15	0	-
640	207.277344	207.627604	Eb4	75	80	0	0	30270	P1-42-16	0	-
641	207.598958	208.348958	A3	73	80	0	0	30300	P1-42-17	0	-
642	208.372396	212.098958	D3	44	80	0	0	30330	P1-43-8	0	-
643	208.382812	212.500000	Bb3	47	80	0	0	30330	P1-43-1	0	-
644	208.444010	213.019531	Bb2	34	80	0	0	30330	P1-43-3	0	-
645	208.446615	212.500000	Bb1	31	80	0	0	30330	P1-43-2	0	-
646	210.119792	210.718750	Eb3	48	80	0	0	30540	P1-43-5	0	-
647	210.434896	212.279948	F3	47	80	0	0	30570	P1-43-6	0	-
648	212.289062	213.218750	F3	49	80	0	0	30810	P1-43-7	0	-
649	214.265625	214.809896	D5	56	80	0	0	31050	P1-44-1	0	-
650	214.294271	216.658854	F3	42	80	0	0	31050	P1-44-12	0	-
651	214.312500	216.529948	D3	32	80	0	0	31050	P1-44-11	0	-
652	214.313802	216.619792	Bb2	32	80	0	0	31050	P1-44-10	0	-
653	214.798177	214.895833	Eb5	55	80	0	0	31140	P1-44-7	0	-
654	214.898438	214.975260	D5	59	80	0	0	31150	P1-44-8	0	-
655	215.001302	215.092448	C5	66	80	0	0	31160	P1-44-9	0	-
656	215.102865	215.528646	D5	71	80	0	0	31170	P1-44-2	0	-
657	215.598958	215.877604	Eb5	73	80	0	0	31260	P1-44-3	0	-
658	215.901042	216.489583	F5	65	80	0	0	31290	P1-44-4	0	-
659	217.584635	219.679688	Bb3	60	80	0	0	31530	P1-44-6	0	-
660	217.604167	219.009115	D3	47	80	0	0	31530	P1-44-5	0	-
661	217.608073	219.128906	Bb1	45	80	0	0	31530	P1-44-13	0	-
662	217.609375	219.000000	Bb2	46	80	0	0	31530	P1-44-15	0	-
663	219.595052	222.500000	A3	58	80	0	0	31770	P1-45-2	0	-
664	219.604167	222.500000	Eb3	60	80	0	0	31770	P1-45-3	0	-
665	219.608073	222.500000	F2	47	80	0	0	31770	P1-45-8	0	-
666	219.610677	219.829427	F3	56	80	0	0	31770	P1-45-3	0	-
667	219.613281	222.500000	C3	51	80	0	0	31770	P1-45-9	0	-
668	221.113281	221.819010	F3	71	80	0	0	31980	P1-45-4	0	-
669	221.394531	222.839844	Gb3	66	80	0	0	32010	P1-45-5	0	-
670	223.221354	223.649740	Gb3	55	80	0	0	32250	P1-45-6	0	-
671	225.062500	225.598958	A5	72	80	0	0	32490	P1-46-1	0	-
672	225.071615	227.989583	Eb4	53	80	0	0	32490	P1-46-11	0	-
673	225.082031	227.489583	C4	44	80	0	0	32490	P1-46-10	0	-
674	225.088542	226.899740	Gb3	44	80	0	0	32490	P1-46-13	0	-
675	225.584635	225.675781	Bb5	68	80	0	0	32580	P1-46-7	0	-
676	225.678385	225.744792	A5	72	80	0	0	32590	P1-46-8	0	-
677	225.766927	225.910156	G5	77	80	0	0	32600	P1-46-9	0	-
678	225.855469	226.489583	A5	79	80	0	0	32610	P1-46-2	0	-
679	226.420573	226.908854	Bb5	89	80	0	0	32700	P1-46-3	0	-
680	226.782552	227.500000	C6	77	80	0	0	32730	P1-46-4	0	-
681	226.786458	228.119792	F3	43	80	0	0	32730	P1-46-14	0	-
682	228.457031	230.579427	Eb4	66	80	0	0	32970	P1-46-6	0	-
683	228.463542	229.859375	C4	51	80	0	0	32970	P1-46-5	0	-
684	228.484375	229.908854	F3	40	80	0	0	32970	P1-46-12	0	-
685	228.485677	229.869792	A2	37	80	0	0	32970	P1-46-15	0	-
686	230.457031	234.369792	D4	76	80	0	0	33210	P1-47-2	0	-
687	230.464844	232.449219	Ab3	66	80	0	0	33210	P1-47-3	0	-
688	230.464844	234.199219	Bb2	59	80	0	0	33210	P1-47-8	0	-
689	230.466146	230.479167	Bb1	56	80	0	0	33210	P1-47-7	0	-
690	230.468750	234.188802	F3	64	80	0	0	33210	P1-47-1	0	-
691	231.955729	232.459635	Bb3	82	80	0	0	33420	P1-47-4	0	-
692	232.274740	234.049479	Cb4	77	80	0	0	33450	P1-47-5	0	-
693	234.063802	234.449219	Cb4	80	80	0	0	33690	P1-47-6	0	-
694	235.807292	236.303385	D5	73	80	0	0	33930	P1-48-1	0	-
695	235.813802	237.799479	F4	59	80	0	0	33930	P1-48-10	0	-
696	235.822917	237.789062	Ab4	61	80	0	0	33930	P1-48-11	0	-
697	235.832031	237.459635	Cb4	59	80	0	0	33930	P1-48-13	0	-
698	236.304688	236.407552	Eb5	72	80	0	0	34020	P1-48-7	0	-
699	236.394531	236.464844	D5	78	80	0	0	34030	P1-48-8	0	-
700	236.472656	236.576823	C5	82	80	0	0	34040	P1-48-9	0	-
701	236.562500	237.158854	D5	86	80	0	0	34050	P1-48-2	0	-
702	237.028646	237.330729	Eb5	93	80	0	0	34140	P1-48-3	0	-
703	237.302083	237.949219	F5	81	80	0	0	34170	P1-48-4	0	-
704	237.352865	238.229167	Bb3	63	80	0	0	34170	P1-48-14	0	-
705	238.962240	240.128906	F5	89	80	0	0	34410	P1-48-6	0	-
706	238.973958	240.029948	Ab4	85	80	0	0	34410	P1-48-5	0	-
707	238.985677	240.959635	Bb3	68	80	0	0	34410	P1-48-12	0	-
708	238.993490	240.259115	D3	53	80	0	0	34410	P1-48-15	0	-
709	240.924479	242.908854	F5	69	80	0	0	34650	P1-49-1	0	-
710	240.953125	243.098958	G4	54	80	0	0	34650	P1-49-6	0	-
711	240.968750	243.369792	Eb3	37	80	0	0	34650	P1-49-16	0	-
712	240.971354	241.889323	Bb3	49	80	0	0	34650	P1-49-10	0	-
713	241.811198	242.688802	B3	54	80	0	0	34770	P1-49-11	0	-
714	242.605469	243.169271	C4	45	80	0	0	34890	P1-49-12	0	-
715	242.606771	243.259115	Eb5	56	80	0	0	34890	P1-49-2	0	-
716	243.343750	244.149740	D5	78	80	0	0	35010	P1-49-3	0	-
717	243.355469	243.979167	Bb4	65	80	0	0	35010	P1-49-7	0	-
718	243.361979	244.009115	D4	66	80	0	0	35010	P1-49-13	0	-
719	243.373698	243.989583	F3	52	80	0	0	35010	P1-49-17	0	-
720	244.101562	244.589844	C5	79	80	0	0	35130	P1-49-4	0	-
721	244.104167	244.619792	Bb4	73	80	0	0	35130	P1-49-8	0	-
722	244.104167	244.679688	Eb4	76	80	0	0	35130	P1-49-14	0	-
723	244.113281	244.589844	G3	60	80	0	0	35130	P1-49-18	0	-
724	244.829427	245.639323	E4	86	80	0	0	35250	P1-49-15	0	-
725	244.833333	245.199219	Bb4	89	80	0	0	35250	P1-49-9	0	-
726	244.833333	245.329427	C5	81	80	0	0	35250	P1-49-5	0	-
727	245.294271	246.329427	Bb4	71	80	0	0	35370	P1-50-18	0	-
728	245.398438	248.829427	F3	48	80	0	0	35370	P1-50-32	0	-
729	245.403646	245.539062	C5	65	80	0	0	35370	P1-50-1	0	-
730	245.548177	245.602865	C5	68	80	0	0	35385	P1-50-21	0	-
731	245.605469	245.674479	D5	71	80	0	0	35400	P1-50-22	0	-
732	245.645833	247.239583	E4	60	80	0	0	35430	P1-50-24	0	-
733	245.692708	245.764323	C5	71	80	0	0	35445	P1-50-25	0	-
734	245.781250	245.841146	D5	69	80	0	0	35445	P1-50-1	0	-
735	245.871094	245.916667	C5	70	80	0	0	35445	P1-50-25	0	-
736	245.934896	245.988281	D5	75	80	0	0	35475	P1-50-1	0	-
737	246.014323	246.072917	C5	72	80	0	0	35475	P1-50-27	0	-
738	246.091146	246.209635	D5	70	80	0	0	35475	P1-50-1	0	-
739	246.162760	246.239583	C5	71	80	0	0	35475	P1-50-27	0	-
740	246.261719	246.333333	B4	75	80	0	0	35490	P1-50-2	0	-
741	246.361979	246.454427	C5	66	80	0	0	35490	P1-50-3	0	-
742	246.470052	246.996094	D5	63	80	0	0	35490	P1-50-4	0	-
743	247.001302	247.289062	C5	66	80	0	0	35550	P1-50-5	0	-
744	247.574219	249.009115	C5	48	80	0	0	35610	P1-50-6	0	-
745	247.575521	251.119792	A4	43	80	0	0	35610	P1-50-19	0	-
746	247.593750	248.628906	F4	36	80	0	0	35610	P1-50-29	0	-
747	249.544271	249.869792	F3	54	80	0	0	35880	P1-50-9	0	-
748	249.811198	250.093750	G3	51	80	0	0	35910	P1-50-10	0	-
749	250.000000	250.188802	F3	61	80	0	0	35940	P1-50-11	0	-
750	250.195312	250.412760	E3	67	80	0	0	35970	P1-50-12	0	-
751	250.376302	250.548177	F3	73	80	0	0	36000	P1-50-13	0	-
752	250.553385	250.769531	G3	67	80	0	0	36030	P1-50-15	0	-
753	250.553385	250.889323	Eb3	60	80	0	0	36030	P1-50-14	0	-
754	250.742188	251.059896	A3	72	80	0	0	36060	P1-50-17	0	-
755	250.744792	251.179688	C3	67	80	0	0	36060	P1-50-16	0	-
756	251.166667	254.199219	Bb3	81	80	0	0	36090	P1-51-1	0	-
757	251.175781	252.438802	D3	66	80	0	0	36090	P1-51-3	0	-
758	251.178385	251.919271	F3	64	80	0	0	36090	P1-51-1	0	-
759	251.180990	253.079427	Bb2	63	80	0	0	36090	P1-51-2	0	-
760	251.184896	252.259115	Bb1	58	80	0	0	36090	P1-51-10	0	-
761	252.752604	253.139323	Eb3	74	80	0	0	36300	P1-51-5	0	-
762	252.753906	253.079427	C3	62	80	0	0	36300	P1-51-4	0	-
763	253.003906	254.339844	F3	79	80	0	0	36330	P1-51-7	0	-
764	253.011719	254.319010	D3	64	80	0	0	36330	P1-51-6	0	-
765	253.256510	253.453125	Bb5	75	80	0	0	36360	P1-51-13	0	-
766	253.442708	253.699219	D6	81	80	0	0	36390	P1-51-14	0	-
767	253.604167	253.798177	Bb5	80	80	0	0	36420	P1-51-15	0	-
768	253.795573	253.986979	F5	64	80	0	0	36450	P1-51-16	0	-
769	253.970052	254.157552	Bb5	79	80	0	0	36480	P1-51-17	0	-
770	254.144531	254.334635	D5	72	80	0	0	36510	P1-51-18	0	-
771	254.322917	254.481771	F5	79	80	0	0	36540	P1-51-19	0	-
772	254.483073	254.769531	Bb4	75	80	0	0	36570	P1-51-20	0	-
773	254.510417	255.679688	F3	60	80	0	0	36570	P1-51-9	0	-
774	254.514323	255.938802	D3	57	80	0	0	36570	P1-51-8	0	-
775	254.665365	254.908854	D5	69	80	0	0	36600	P1-51-21	0	-
776	254.843750	255.013021	F4	65	80	0	0	36630	P1-51-22	0	-
777	255.010417	255.438802	Bb4	75	80	0	0	36660	P1-51-23	0	-
778	255.173177	255.343750	D4	63	80	0	0	36690	P1-51-24	0	-
779	255.363281	255.688802	F4	58	80	0	0	36720	P1-51-25	0	-
780	255.523438	255.779948	Bb3	63	80	0	0	36750	P1-51-26	0	-
781	255.712240	255.949219	D4	51	80	0	0	36780	P1-51-27	0	-
782	255.893229	256.339844	D5	74	80	0	0	36810	P1-52-1	0	-
783	255.904948	256.239583	F3	48	80	0	0	36810	P1-52-9	0	-
784	256.078125	256.449219	Bb3	57	80	0	0	36840	P1-52-10	0	-
785	256.243490	256.609375	D3	51	80	0	0	36870	P1-52-11	0	-
786	256.324219	256.451823	Eb5	74	80	0	0	36900	P1-52-6	0	-
787	256.419271	256.679688	F3	60	80	0	0	36900	P1-52-12	0	-
788	256.423177	256.493490	D5	71	80	0	0	36910	P1-52-7	0	-
789	256.507812	256.605469	C5	83	80	0	0	36920	P1-52-8	0	-
790	256.575521	256.949219	Bb2	63	80	0	0	36930	P1-52-13	0	-
791	256.582031	257.100260	D5	91	80	0	0	36930	P1-52-2	0	-
792	256.756510	257.089844	D3	52	80	0	0	36960	P1-52-14	0	-
793	256.924479	257.359375	F2	65	80	0	0	36990	P1-52-15	0	-
794	257.065104	257.335938	Eb5	96	80	0	0	37020	P1-52-3	0	-
795	257.097656	257.286458	Bb2	70	80	0	0	37020	P1-52-16	0	-
796	257.276042	257.449219	D2	55	80	0	0	37050	P1-52-17	0	-
797	257.302083	258.019531	F5	87	80	0	0	37050	P1-52-4	0	-
798	257.492188	257.938802	Bb1	61	80	0	0	37080	P1-52-18	0	-
799	257.652344	257.848958	D2	54	80	0	0	37110	P1-52-19	0	-
800	257.817708	257.998698	F2	59	80	0	0	37140	P1-52-20	0	-
801	257.993490	258.359375	Bb2	68	80	0	0	37170	P1-52-21	0	-
802	258.162760	258.459635	D2	58	80	0	0	37200	P1-52-22	0	-
803	258.342448	258.908854	F2	69	80	0	0	37230	P1-52-23	0	-
804	258.514323	258.839844	Bb2	74	80	0	0	37260	P1-52-24	0	-
805	258.654948	259.169271	D3	69	80	0	0	37290	P1-52-25	0	-
806	258.743490	260.419271	Bb3	98	80	0	0	37290	P1-52-5	0	-
807	258.933594	259.279948	Bb2	59	80	0	0	37320	P1-52-26	0	-
808	259.089844	259.236979	F2	55	80	0	0	37350	P1-52-27	0	-
809	259.252604	259.579427	D2	56	80	0	0	37380	P1-52-28	0	-
810	259.445312	260.069010	Bb2	70	80	0	0	37410	P1-52-29	0	-
811	259.639323	259.869792	F2	70	80	0	0	37440	P1-52-30	0	-
812	259.832031	260.059896	D2	61	80	0	0	37470	P1-52-31	0	-
813	260.001302	260.359375	Bb1	74	80	0	0	37500	P1-52-32	0	-
814	260.394531	263.949219	A3	80	80	0	0	37530	P1-53-1	0	-
815	260.401042	260.919271	F2	68	80	0	0	37530	P1-53-10	0	-
816	260.402344	262.039062	Eb3	82	80	0	0	37530	P1-53-3	0	-
817	260.406250	262.500000	C3	78	80	0	0	37530	P1-53-2	0	-
818	261.846354	262.218750	F3	80	80	0	0	37740	P1-53-5	0	-
819	261.854167	262.169271	D3	73	80	0	0	37740	P1-53-4	0	-
820	262.117188	263.539062	Gb3	85	80	0	0	37770	P1-53-7	0	-
821	262.125000	263.519531	Eb3	76	80	0	0	37770	P1-53-6	0	-
822	262.343750	262.649740	C6	71	80	0	0	37800	P1-53-13	0	-
823	262.526042	262.938802	Eb6	88	80	0	0	37830	P1-53-14	0	-
824	262.699219	262.959635	C6	84	80	0	0	37860	P1-53-15	0	-
825	262.876302	263.109375	A5	82	80	0	0	37890	P1-53-16	0	-
826	263.062500	263.419271	C6	55	80	0	0	37920	P1-53-17	0	-
827	263.227865	263.419271	Gb5	71	80	0	0	37950	P1-53-18	0	-
828	263.404948	263.968750	A5	76	80	0	0	37980	P1-53-19	0	-
829	263.583333	263.869792	Eb5	69	80	0	0	38010	P1-53-20	0	-
830	263.604167	265.299479	Eb3	67	80	0	0	38010	P1-53-8	0	-
831	263.608073	265.859375	Gb3	67	80	0	0	38010	P1-53-9	0	-
832	263.751302	264.468750	Gb5	68	80	0	0	38040	P1-53-21	0	-
833	263.928385	264.106771	C5	60	80	0	0	38070	P1-53-22	0	-
834	264.092448	264.669271	Eb5	86	80	0	0	38100	P1-53-23	0	-
835	264.252604	264.416667	A4	71	80	0	0	38130	P1-53-24	0	-
836	264.421875	264.729167	C5	72	80	0	0	38160	P1-53-25	0	-
837	264.589844	264.747396	Gb4	70	80	0	0	38190	P1-53-26	0	-
838	264.743490	264.938802	A4	73	80	0	0	38220	P1-53-27	0	-
839	264.928385	265.408854	C6	82	80	0	0	38250	P1-54-1	0	-
840	264.934896	265.218750	Eb4	63	80	0	0	38250	P1-54-11	0	-
841	265.111979	265.339844	Gb4	67	80	0	0	38280	P1-54-12	0	-
842	265.277344	265.628906	C4	62	80	0	0	38310	P1-54-13	0	-
843	265.389323	265.484375	D6	74	80	0	0	38340	P1-54-8	0	-
844	265.450521	265.459635	Eb4	52	80	0	0	38340	P1-54-14	0	-
845	265.451823	265.598958	C6	80	80	0	0	38350	P1-54-9	0	-
846	265.536458	265.709635	B5	89	80	0	0	38360	P1-54-10	0	-
847	265.596354	265.959635	A3	67	80	0	0	38370	P1-54-15	0	-
848	265.611979	266.250000	C6	89	80	0	0	38370	P1-54-2	0	-
849	265.757812	265.968750	C4	62	80	0	0	38400	P1-54-16	0	-
850	265.930990	266.259115	Gb3	75	80	0	0	38430	P1-54-17	0	-
851	266.083333	266.364583	D6	100	80	0	0	38460	P1-54-3	0	-
852	266.084635	266.619792	A3	85	80	0	0	38460	P1-54-18	0	-
853	266.286458	267.718750	C3	77	80	0	0	38490	P1-54-19	0	-
854	266.324219	267.319010	Eb6	100	80	0	0	38490	P1-54-4	0	-
855	266.485677	266.688802	Gb3	75	80	0	0	38520	P1-54-20	0	-
856	266.643229	267.459635	Eb3	76	80	0	0	38550	P1-54-21	0	-
857	266.704427	266.878906	F#3	58	80	0	0	38550	P1-54-21	0	-
858	266.824219	267.089844	A3	79	80	0	0	38580	P1-54-22	0	-
859	267.000000	267.348958	Gb3	89	80	0	0	38610	P1-54-23	0	-
860	267.167969	267.352865	C4	75	80	0	0	38640	P1-54-24	0	-
861	267.341146	267.899740	A3	86	80	0	0	38670	P1-54-25	0	-
862	267.502604	268.039062	Gb3	87	80	0	0	38700	P1-54-26	0	-
863	267.703125	270.059896	Gb4	96	80	0	0	38730	P1-54-7	0	-
864	267.705729	269.938802	Eb4	93	80	0	0	38730	P1-54-6	0	-
865	267.708333	269.199219	C4	75	80	0	0	38730	P1-54-5	0	-
866	267.884115	268.119792	Eb3	68	80	0	0	38760	P1-54-28	0	-
867	268.075521	269.079427	Bb2	78	80	0	0	38790	P1-54-29	0	-
868	268.253906	268.609375	Gb3	78	80	0	0	38820	P1-54-30	0	-
869	268.432292	268.848958	Eb3	79	80	0	0	38850	P1-54-31	0	-
870	268.618490	269.029948	Bb3	80	80	0	0	38880	P1-54-32	0	-
871	268.804688	269.408854	Gb3	63	80	0	0	38910	P1-54-33	0	-
872	269.003906	269.339844	Eb3	85	80	0	0	38940	P1-54-34	0	-
873	269.335938	272.369792	F4	86	80	0	0	38970	P1-55-1	0	-
874	269.345052	269.938802	Eb3	62	80	0	0	38970	P1-55-6	0	-
875	269.359375	269.949219	C4	67	80	0	0	38970	P1-55-5	0	-
876	269.365885	269.829427	A2	54	80	0	0	38970	P1-55-15	0	-
877	270.127604	270.799479	C4	85	80	0	0	39090	P1-55-8	0	-
878	270.141927	270.789062	A3	74	80	0	0	39090	P1-55-7	0	-
879	270.743490	271.039062	D4	89	80	0	0	39180	P1-55-10	0	-
880	270.746094	271.029948	B3	76	80	0	0	39180	P1-55-9	0	-
881	270.962240	272.378906	C4	74	80	0	0	39210	P1-55-11	0	-
882	270.963542	272.289062	Eb4	82	80	0	0	39210	P1-55-12	0	-
883	271.183594	271.388021	C6	65	80	0	0	39240	P1-55-18	0	-
884	271.369792	271.649740	Eb6	79	80	0	0	39270	P1-55-19	0	-
885	271.523438	271.729167	C6	68	80	0	0	39300	P1-55-20	0	-
886	271.695312	271.919271	A5	82	80	0	0	39330	P1-55-21	0	-
887	271.859375	272.079427	C6	78	80	0	0	39360	P1-55-22	0	-
888	272.024740	272.208333	Eb5	82	80	0	0	39390	P1-55-23	0	-
889	272.195312	272.639323	A5	81	80	0	0	39420	P1-55-24	0	-
890	272.373698	272.578125	C5	73	80	0	0	39450	P1-55-25	0	-
891	272.382812	272.899740	Eb4	72	80	0	0	39450	P1-55-14	0	-
892	272.393229	273.128906	C4	66	80	0	0	39450	P1-55-13	0	-
893	272.559896	272.938802	Eb5	79	80	0	0	39480	P1-55-26	0	-
894	272.722656	272.959635	A4	78	80	0	0	39510	P1-55-27	0	-
895	272.880208	273.279948	C5	80	80	0	0	39540	P1-55-28	0	-
896	273.057292	273.408854	Eb4	67	80	0	0	39570	P1-55-29	0	-
897	273.203125	273.393229	A4	77	80	0	0	39600	P1-55-30	0	-
898	273.375000	273.729167	C6	95	80	0	0	39630	P1-55-4	0	-
899	273.382812	273.718750	C4	64	80	0	0	39630	P1-55-31	0	-
900	273.562500	273.713542	Eb4	81	80	0	0	39660	P1-55-32	0	-
901	273.734375	274.009115	A3	68	80	0	0	39690	P1-56-11	0	-
902	273.743490	274.218750	C6	92	80	0	0	39690	P1-56-1	0	-
903	273.904948	274.071615	C4	70	80	0	0	39720	P1-56-12	0	-
904	274.074219	274.212240	F3	73	80	0	0	39750	P1-56-13	0	-
905	274.194010	274.378906	D6	87	80	0	0	39780	P1-56-8	0	-
906	274.225260	274.449219	A3	56	80	0	0	39780	P1-56-14	0	-
907	274.273438	274.429688	C6	90	80	0	0	39790	P1-56-9	0	-
908	274.361979	274.489583	B5	94	80	0	0	39800	P1-56-10	0	-
909	274.419271	274.598958	C3	65	80	0	0	39810	P1-56-15	0	-
910	274.436198	275.029948	C6	96	80	0	0	39810	P1-56-2	0	-
911	274.601562	274.759115	F3	78	80	0	0	39840	P1-56-16	0	-
912	274.750000	275.119792	A2	77	80	0	0	39870	P1-56-17	0	-
913	274.914062	275.179688	C3	68	80	0	0	39900	P1-56-18	0	-
914	274.915365	275.131510	D6	102	80	0	0	39900	P1-56-3	0	-
915	275.076823	275.419271	F2	76	80	0	0	39930	P1-56-19	0	-
916	275.087240	276.128906	Eb6	102	80	0	0	39930	P1-56-4	0	-
917	275.278646	275.489583	A2	64	80	0	0	39960	P1-56-20	0	-
918	275.433594	275.889323	C2	65	80	0	0	39990	P1-56-21	0	-
919	275.605469	275.908854	F2	68	80	0	0	40020	P1-56-22	0	-
920	275.764323	276.139323	A1	71	80	0	0	40050	P1-56-23	0	-
921	275.933594	276.489583	C2	80	80	0	0	40080	P1-56-24	0	-
922	276.102865	276.709635	F1	76	80	0	0	40110	P1-56-25	0	-
923	276.264323	276.589844	A1	83	80	0	0	40140	P1-56-26	0	-
924	276.488281	278.109375	Eb5	99	80	0	0	40170	P1-56-7	0	-
925	276.488281	277.889323	A4	95	80	0	0	40170	P1-56-5	0	-
926	276.494792	277.989583	C5	81	80	0	0	40170	P1-56-6	0	-
927	276.704427	277.109375	F#1	58	80	0	0	40200	P1-56-28	0	-
928	276.876302	277.089844	A1	66	80	0	0	40230	P1-56-29	0	-
929	277.003906	277.158854	F1	57	80	0	0	40260	P1-56-30	0	-
930	277.075521	277.500000	C2	67	80	0	0	40260	P1-56-30	0	-
931	277.261719	277.569010	F#2	84	80	0	0	40290	P1-56-31	0	-
932	277.449219	277.878906	A2	82	80	0	0	40320	P1-56-32	0	-
933	277.611979	277.839844	C3	78	80	0	0	40350	P1-56-33	0	-
934	277.783854	278.029948	F#3	81	80	0	0	40380	P1-56-34	0	-
935	278.058594	279.519531	D5	82	80	0	0	40410	P1-57-2	0	-
936	278.063802	279.468750	Bb4	73	80	0	0	40410	P1-57-1	0	-
937	278.192708	278.529948	G1	68	80	0	0	40440	P1-57-11	0	-
938	278.194010	278.378906	G2	65	80	0	0	40440	P1-57-11	0	-
939	278.364583	278.549479	Bb1	66	80	0	0	40470	P1-57-12	0	-
940	278.544271	278.755208	D2	67	80	0	0	40500	P1-57-13	0	-
941	278.735677	279.229167	G2	77	80	0	0	40530	P1-57-14	0	-
942	278.885417	279.429688	Bb2	83	80	0	0	40560	P1-57-15	0	-
943	279.053385	279.369792	D3	83	80	0	0	40590	P1-57-16	0	-
944	279.222656	279.639323	G3	87	80	0	0	40620	P1-57-17	0	-
945	279.425781	280.519531	G5	97	80	0	0	40650	P1-57-4	0	-
946	279.605469	279.938802	E2	77	80	0	0	40680	P1-57-19	0	-
947	279.796875	280.069010	G2	75	80	0	0	40710	P1-57-20	0	-
948	279.960938	280.279948	Bb2	81	80	0	0	40740	P1-57-21	0	-
949	280.141927	280.529948	E3	77	80	0	0	40770	P1-57-22	0	-
950	280.302083	280.486979	G3	90	80	0	0	40800	P1-57-23	0	-
951	280.486979	280.839844	Bb3	89	80	0	0	40830	P1-57-24	0	-
952	280.643229	280.829427	G3	75	80	0	0	40860	P1-57-25	0	-
953	280.835938	281.119792	Db4	92	80	0	0	40890	P1-57-26	0	-
954	280.845052	281.639323	G4	91	80	0	0	40890	P1-57-6	0	-
955	280.845052	282.500000	Db5	88	80	0	0	40890	P1-57-8	0	-
956	280.845052	282.500000	Bb4	85	80	0	0	40890	P1-57-7	0	-
957	281.053385	281.239583	Bb3	74	80	0	0	40920	P1-57-27	0	-
958	281.223958	281.389323	G3	66	80	0	0	40950	P1-57-28	0	-
959	281.376302	281.639323	E3	76	80	0	0	40980	P1-57-29	0	-
960	281.584635	281.766927	Db3	69	80	0	0	41010	P1-57-30	0	-
961	281.786458	282.729167	Bb2	66	80	0	0	41040	P1-57-31	0	-
962	282.005208	282.779948	G2	65	80	0	0	41070	P1-57-32	0	-
963	282.238281	282.539062	E2	64	80	0	0	41100	P1-57-33	0	-
964	282.535156	284.289062	F5	92	80	0	0	41130	P1-58-1	0	-
965	282.744792	283.179688	F2	62	80	0	0	41160	P1-58-13	0	-
966	282.944010	283.378906	Bb2	70	80	0	0	41190	P1-58-14	0	-
967	283.106771	283.305990	D3	74	80	0	0	41220	P1-58-15	0	-
968	283.295573	283.436198	F3	77	80	0	0	41250	P1-58-16	0	-
969	283.449219	283.809896	D3	61	80	0	0	41280	P1-58-17	0	-
970	283.662760	283.949219	Bb2	63	80	0	0	41310	P1-58-18	0	-
971	283.867188	284.128906	F2	54	80	0	0	41340	P1-58-19	0	-
972	284.083333	285.188802	D5	79	80	0	0	41370	P1-58-10	0	-
973	284.088542	285.209635	Bb4	66	80	0	0	41370	P1-58-9	0	-
974	284.088542	285.218750	F4	69	80	0	0	41370	P1-58-8	0	-
975	284.265625	284.679688	F2	52	80	0	0	41400	P1-58-21	0	-
976	284.407552	284.809896	Bb2	69	80	0	0	41430	P1-58-22	0	-
977	284.597656	284.785156	D3	67	80	0	0	41460	P1-58-23	0	-
978	284.772135	285.039062	F3	79	80	0	0	41490	P1-58-24	0	-
979	284.932292	285.111979	D3	76	80	0	0	41520	P1-58-25	0	-
980	285.117188	285.389323	Bb2	75	80	0	0	41550	P1-58-26	0	-
981	285.289062	285.739583	F2	81	80	0	0	41580	P1-58-27	0	-
982	285.497396	287.079427	A4	76	80	0	0	41610	P1-58-5	0	-
983	285.498698	287.019531	C4	71	80	0	0	41610	P1-58-2	0	-
984	285.502604	285.739583	Eb3	75	80	0	0	41610	P1-58-28	0	-
985	285.502604	286.848958	F4	74	80	0	0	41610	P1-58-4	0	-
986	285.673177	285.989583	C3	74	80	0	0	41640	P1-58-29	0	-
987	285.863281	286.011719	A2	78	80	0	0	41670	P1-58-30	0	-
988	286.033854	286.204427	F2	70	80	0	0	41700	P1-58-31	0	-
989	286.214844	286.359375	Eb2	69	80	0	0	41730	P1-58-32	0	-
990	286.391927	286.542969	C2	67	80	0	0	41760	P1-58-33	0	-
991	286.567708	286.769531	A1	58	80	0	0	41790	P1-58-34	0	-
992	286.761719	287.029948	F1	52	80	0	0	41820	P1-58-35	0	-
993	287.036458	287.408854	Bb3	51	80	0	0	41850	P1-59-1	0	-
994	287.037760	287.889323	Bb4	53	80	0	0	41850	P1-59-4	0	-
995	287.049479	287.429688	F4	48	80	0	0	41850	P1-59-3	0	-
996	287.053385	287.341146	D4	49	80	0	0	41850	P1-59-2	0	-
997	287.055990	287.438802	Bb2	49	80	0	0	41850	P1-59-1	0	-
998	287.063802	288.039062	Bb1	50	80	0	0	41850	P1-59-8	0	-
999	288.444010	288.505208	Bb2	45	80	0	0	42030	P1-59-10	0	-
1000	288.531250	288.649740	Bb1	53	80	0	0	42050	P1-59-11	0	-
1001	288.611979	288.665365	Bb2	57	80	0	0	42070	P1-59-12	0	-
1002	288.661458	288.692708	Bb1	60	80	0	0	42090	P1-59-13	0	-
1003	289.916667	290.019531	Bb2	37	80	0	0	42270	P1-59-15	0	-
1004	289.986979	290.045573	Bb1	58	80	0	0	42290	P1-59-16	0	-
1005	290.072917	290.154948	Bb2	55	80	0	0	42310	P1-59-17	0	-
1006	290.165365	290.208333	Bb1	51	80	0	0	42330	P1-59-18	0	-
1007	291.393229	291.442708	Bb2	48	80	0	0	42510	P1-59-20	0	-
1008	291.471354	291.531250	Bb1	52	80	0	0	42530	P1-59-21	0	-
1009	291.552083	291.649740	Bb2	58	80	0	0	42550	P1-59-22	0	-
1010	291.651042	293.639323	F4	50	80	0	0	42570	P1-60-3	0	-
1011	291.658854	292.128906	Bb2	51	80	0	0	42570	P1-60-2	0	-
1012	291.660156	293.459635	Ab3	47	80	0	0	42570	P1-60-1	0	-
1013	291.664062	291.709635	Bb1	51	80	0	0	42570	P1-60-10	0	-
1014	291.664062	291.789062	D4	40	80	0	0	42570	P1-60-1	0	-
1015	291.667969	293.348958	Bb3	47	80	0	0	42570	P1-60-2	0	-
1016	293.345052	295.139323	Eb4	55	80	0	0	42810	P1-60-6	0	-
1017	293.363281	294.688802	Bb3	43	80	0	0	42810	P1-60-5	0	-
1018	293.365885	294.579427	G3	40	80	0	0	42810	P1-60-4	0	-
1019	294.928385	296.529948	D4	57	80	0	0	43050	P1-60-9	0	-
1020	294.934896	296.259115	F#3	54	80	0	0	43050	P1-60-7	0	-
1021	294.936198	296.239583	Bb3	55	80	0	0	43050	P1-60-8	0	-
1022	296.680990	298.569010	D4	59	80	0	0	43290	P1-61-3	0	-
1023	296.687500	301.188802	Bb3	56	80	0	0	43290	P1-61-2	0	-
1024	296.690104	298.188802	F#3	49	80	0	0	43290	P1-61-1	0	-
1025	298.122396	298.183594	Bb2	56	80	0	0	43470	P1-61-11	0	-
1026	298.208333	298.378906	Bb1	56	80	0	0	43490	P1-61-12	0	-
1027	298.292969	298.364583	Bb2	55	80	0	0	43510	P1-61-13	0	-
1028	298.384115	298.468750	Bb1	57	80	0	0	43530	P1-61-14	0	-
1029	298.384115	300.389323	Eb4	56	80	0	0	43530	P1-61-6	0	-
1030	298.390625	298.842448	G3	48	80	0	0	43530	P1-61-4	0	-
1031	299.639323	299.704427	Bb2	51	80	0	0	43710	P1-61-16	0	-
1032	299.733073	299.785156	Bb1	52	80	0	0	43730	P1-61-17	0	-
1033	299.816406	299.885417	Bb2	55	80	0	0	43750	P1-61-18	0	-
1034	299.893229	299.959635	Bb1	57	80	0	0	43770	P1-61-19	0	-
1035	301.171875	301.222656	Bb2	54	80	0	0	43950	P1-61-21	0	-
1036	301.263021	301.359375	Bb1	58	80	0	0	43970	P1-61-22	0	-
1037	301.332031	301.402344	Bb2	69	80	0	0	43990	P1-61-23	0	-
1038	301.440104	301.509115	Bb1	61	80	0	0	44010	P1-62-10	0	-
1039	301.441406	303.259115	Ab4	75	80	0	0	44010	P1-62-3	0	-
1040	301.444010	301.479167	Bb2	60	80	0	0	44010	P1-62-1	0	-
1041	301.446615	301.459635	D4	51	80	0	0	44010	P1-62-1	0	-
1042	301.450521	303.019531	Bb3	60	80	0	0	44010	P1-62-1	0	-
1043	303.014323	304.759115	G4	66	80	0	0	44250	P1-62-6	0	-
1044	303.027344	304.519531	Bb3	58	80	0	0	44250	P1-62-4	0	-
1045	303.027344	304.769531	Eb4	57	80	0	0	44250	P1-62-5	0	-
1046	304.506510	305.899740	F#4	74	80	0	0	44490	P1-62-9	0	-
1047	304.524740	305.709635	D4	61	80	0	0	44490	P1-62-8	0	-
1048	304.526042	305.639323	Bb3	61	80	0	0	44490	P1-62-7	0	-
1049	306.251302	307.929688	F#4	63	80	0	0	44730	P1-63-2	0	-
1050	306.259115	307.779948	D4	51	80	0	0	44730	P1-63-1	0	-
1051	306.263021	307.799479	Bb3	46	80	0	0	44730	P1-63-8	0	-
1052	307.596354	307.729167	Eb3	46	80	0	0	44910	P1-63-12	0	-
1053	307.694010	307.799479	Eb2	50	80	0	0	44930	P1-63-13	0	-
1054	307.773438	307.979167	Eb3	56	80	0	0	44950	P1-63-14	0	-
1055	307.881510	308.519531	Eb2	55	80	0	0	44970	P1-63-15	0	-
1056	307.884115	309.989583	G4	58	80	0	0	44970	P1-63-4	0	-
1057	307.886719	310.509115	Eb4	51	80	0	0	44970	P1-63-3	0	-
1058	309.127604	309.183594	Eb3	50	80	0	0	45150	P1-63-17	0	-
1059	309.221354	309.266927	Eb2	47	80	0	0	45170	P1-63-18	0	-
1060	309.316406	309.878906	Eb3	56	80	0	0	45190	P1-63-19	0	-
1061	309.402344	309.569010	Eb2	46	80	0	0	45210	P1-63-20	0	-
1062	310.062500	310.688802	G4	77	80	0	0	45330	P1-63-7	0	-
1063	310.398438	310.457031	Eb3	44	80	0	0	45390	P1-63-22	0	-
1064	310.485677	310.619792	Eb2	51	80	0	0	45410	P1-63-23	0	-
1065	310.591146	310.688802	Eb3	69	80	0	0	45430	P1-63-24	0	-
1066	310.863281	311.039062	Eb2	44	80	0	0	45430	P1-63-24	0	-
1067	310.993490	312.908854	Eb5	89	80	0	0	45450	P1-64-2	0	-
1068	311.019531	312.049479	G4	67	80	0	0	45450	P1-64-1	0	-
1069	312.502604	313.598958	C5	83	80	0	0	45690	P1-64-5	0	-
1070	312.506510	313.348958	G4	71	80	0	0	45690	P1-64-4	0	-
1071	312.507812	313.429688	Eb4	74	80	0	0	45690	P1-64-3	0	-
1072	314.015625	316.149740	Bb4	90	80	0	0	45930	P1-64-8	0	-
1073	314.023438	316.059896	G4	76	80	0	0	45930	P1-64-7	0	-
1074	314.023438	316.199219	D4	74	80	0	0	45930	P1-64-6	0	-
1075	315.962240	318.059896	A4	49	80	0	0	46170	P1-65-3	0	-
1076	315.963542	318.000000	C4	41	80	0	0	46170	P1-65-1	0	-
1077	315.964844	318.169271	F4	42	80	0	0	46170	P1-65-2	0	-
1078	317.225260	317.359375	F3	41	80	0	0	46350	P1-65-15	0	-
1079	317.313802	317.579427	F2	38	80	0	0	46370	P1-65-16	0	-
1080	317.430990	317.799479	F3	37	80	0	0	46390	P1-65-17	0	-
1081	317.587240	317.759115	F2	22	80	0	0	46410	P1-65-18	0	-
1082	318.324219	318.759115	A4	55	80	0	0	46530	P1-65-6	0	-
1083	318.339844	318.729167	F4	36	80	0	0	46530	P1-65-5	0	-
1084	318.342448	318.639323	F3	30	80	0	0	46530	P1-65-5	0	-
1085	318.343750	318.679688	C4	38	80	0	0	46530	P1-65-4	0	-
1086	318.695312	318.848958	F6	50	80	0	0	46590	P1-65-20	0	-
1087	318.816406	318.919271	F5	50	80	0	0	46610	P1-65-21	0	-
1088	318.886719	319.408854	F6	48	80	0	0	46630	P1-65-22	0	-
1089	318.994792	321.049479	Bb4	61	80	0	0	46650	P1-65-9	0	-
1090	319.002604	319.188802	F5	52	80	0	0	46650	P1-65-23	0	-
1091	319.003906	319.579427	D4	45	80	0	0	46650	P1-65-7	0	-
1092	319.005208	319.539062	F4	44	80	0	0	46650	P1-65-8	0	-
1093	319.009115	319.019531	Bb3	36	80	0	0	46650	P1-65-9	0	-
1094	319.740885	320.339844	C5	61	80	0	0	46770	P1-65-12	0	-
1095	319.753906	320.348958	F4	49	80	0	0	46770	P1-65-11	0	-
1096	319.755208	320.339844	Eb4	50	80	0	0	46770	P1-65-10	0	-
1097	320.625000	322.158854	C5	60	80	0	0	46890	P1-66-2	0	-
1098	320.638021	320.649740	F3	38	80	0	0	46890	P1-66-16	0	-
1099	320.647135	322.669271	F4	49	80	0	0	46890	P1-66-16	0	-
1100	320.647135	321.539062	Eb4	51	80	0	0	46890	P1-66-1	0	-
1101	321.832031	322.250000	A4	63	80	0	0	47070	P1-66-4	0	-
1102	321.837240	321.911458	F3	43	80	0	0	47070	P1-66-3	0	-
1103	321.838542	322.059896	C#4	49	80	0	0	47070	P1-66-3	0	-
1104	322.046875	322.598958	F3	37	80	0	0	47110	P1-66-21	0	-
1105	322.212240	322.750000	Bb4	59	80	0	0	47130	P1-66-6	0	-
1106	322.217448	322.729167	D4	48	80	0	0	47130	P1-66-5	0	-
1107	322.941406	323.468750	Bb4	71	80	0	0	47250	P1-66-9	0	-
1108	322.953125	325.098958	D4	49	80	0	0	47250	P1-66-7	0	-
1109	322.955729	323.549479	F4	46	80	0	0	47250	P1-66-8	0	-
1110	323.343750	323.500000	F6	60	80	0	0	47310	P1-66-24	0	-
1111	323.463542	323.609375	F5	61	80	0	0	47330	P1-66-25	0	-
1112	323.542969	323.699219	F6	67	80	0	0	47350	P1-66-26	0	-
1113	323.606771	323.919271	C5	77	80	0	0	47370	P1-66-12	0	-
1114	323.613281	324.039062	A4	76	80	0	0	47370	P1-66-11	0	-
1115	323.617188	323.750000	F5	67	80	0	0	47370	P1-66-27	0	-
1116	323.618490	324.169271	F4	65	80	0	0	47370	P1-66-10	0	-
1117	324.315104	325.029948	D5	83	80	0	0	47490	P1-66-15	0	-
1118	324.330729	324.979167	Bb4	70	80	0	0	47490	P1-66-14	0	-
1119	324.332031	325.000000	F4	66	80	0	0	47490	P1-66-13	0	-
1120	325.091146	326.199219	D5	86	80	0	0	47610	P1-67-2	0	-
1121	325.105469	325.938802	F4	71	80	0	0	47610	P1-67-16	0	-
1122	325.105469	325.949219	Bb4	71	80	0	0	47610	P1-67-1	0	-
1123	326.226562	326.609375	B4	84	80	0	0	47790	P1-67-4	0	-
1124	326.234375	326.579427	G#4	81	80	0	0	47790	P1-67-3	0	-
1125	326.234375	326.315104	F3	63	80	0	0	47790	P1-67-20	0	-
1126	326.333333	326.529948	F2	64	80	0	0	47810	P1-67-21	0	-
1127	326.433594	326.809896	F3	73	80	0	0	47830	P1-67-22	0	-
1128	326.535156	326.848958	F2	64	80	0	0	47850	P1-67-23	0	-
1129	326.537760	326.569010	A4	71	80	0	0	47850	P1-67-5	0	-
1130	326.575521	327.089844	A4	71	80	0	0	47850	P1-67-5	0	-
1131	326.576823	327.059896	C5	71	80	0	0	47850	P1-67-6	0	-
1132	327.282552	327.759115	C5	82	80	0	0	47970	P1-67-9	0	-
1133	327.283854	327.718750	A4	85	80	0	0	47970	P1-67-8	0	-
1134	327.286458	327.829427	F4	80	80	0	0	47970	P1-67-7	0	-
1135	327.671875	327.848958	F6	82	80	0	0	48030	P1-67-25	0	-
1136	327.785156	327.852865	F5	81	80	0	0	48050	P1-67-26	0	-
1137	327.858073	327.968750	F6	82	80	0	0	48070	P1-67-27	0	-
1138	327.927083	328.449219	D5	88	80	0	0	48090	P1-67-12	0	-
1139	327.934896	328.489583	F4	79	80	0	0	48090	P1-67-10	0	-
1140	327.936198	328.339844	F5	81	80	0	0	48090	P1-67-28	0	-
1141	327.936198	328.579427	Bb4	83	80	0	0	48090	P1-67-11	0	-
1142	328.638021	329.109375	Eb5	97	80	0	0	48210	P1-67-15	0	-
1143	328.641927	329.089844	F4	90	80	0	0	48210	P1-67-13	0	-
1144	328.643229	329.039062	C5	84	80	0	0	48210	P1-67-14	0	-
1145	329.473958	329.929688	Eb5	95	80	0	0	48330	P1-68-2	0	-
1146	329.475260	329.919271	C5	86	80	0	0	48330	P1-68-1	0	-
1147	329.475260	329.979167	F4	86	80	0	0	48330	P1-68-18	0	-
1148	330.583333	330.783854	C#5	85	80	0	0	48510	P1-68-4	0	-
1149	330.592448	330.878906	A4	90	80	0	0	48510	P1-68-3	0	-
1150	330.608073	330.694010	F3	74	80	0	0	48510	P1-68-22	0	-
1151	330.709635	331.039062	F2	62	80	0	0	48530	P1-68-23	0	-
1152	330.804688	331.009115	F3	69	80	0	0	48550	P1-68-24	0	-
1153	330.923177	331.509115	D5	84	80	0	0	48570	P1-68-6	0	-
1154	330.924479	331.509115	Bb4	80	80	0	0	48570	P1-68-5	0	-
1155	331.639323	332.299479	D5	92	80	0	0	48690	P1-68-9	0	-
1156	331.644531	332.269531	Bb4	90	80	0	0	48690	P1-68-8	0	-
1157	331.644531	332.399740	F4	87	80	0	0	48690	P1-68-7	0	-
1158	332.057292	332.136719	F6	78	80	0	0	48750	P1-68-27	0	-
1159	332.164062	332.389323	F5	77	80	0	0	48770	P1-68-28	0	-
1160	332.246094	332.389323	F6	82	80	0	0	48790	P1-68-29	0	-
1161	332.350260	332.878906	E5	90	80	0	0	48810	P1-68-13	0	-
1162	332.351562	332.739583	Bb4	87	80	0	0	48810	P1-68-11	0	-
1163	332.351562	332.889323	G4	90	80	0	0	48810	P1-68-10	0	-
1164	332.352865	332.750000	Db5	85	80	0	0	48810	P1-68-12	0	-
1165	333.213542	333.718750	E5	90	80	0	0	48930	P1-68-17	0	-
1166	333.213542	334.049479	Bb4	92	80	0	0	48930	P1-68-15	0	-
1167	333.214844	334.179688	G4	92	80	0	0	48930	P1-68-14	0	-
1168	333.216146	334.029948	Db5	88	80	0	0	48930	P1-68-16	0	-
1169	333.555990	333.729167	F6	77	80	0	0	48990	P1-68-32	0	-
1170	333.654948	333.751302	F5	83	80	0	0	49010	P1-68-33	0	-
1171	333.738281	334.019531	F6	80	80	0	0	49030	P1-68-34	0	-
1172	334.046875	334.609375	F5	69	80	0	0	49050	P1-69-3	0	-
1173	334.054688	334.679688	A4	62	80	0	0	49050	P1-69-1	0	-
1174	334.070312	334.658854	C5	61	80	0	0	49050	P1-69-2	0	-
1175	335.000000	335.949219	C5	51	80	0	0	49170	P1-69-6	0	-
1176	335.005208	335.968750	A4	54	80	0	0	49170	P1-69-5	0	-
1177	335.010417	335.019531	F3	46	80	0	0	49170	P1-69-4	0	-
1178	335.011719	336.218750	F4	48	80	0	0	49170	P1-69-4	0	-
1179	335.404948	335.598958	F3	54	80	0	0	49230	P1-69-18	0	-
1180	335.574219	335.859375	F2	54	80	0	0	49260	P1-69-19	0	-
1181	335.782552	336.029948	F3	73	80	0	0	49290	P1-69-20	0	-
1182	336.415365	337.029948	C5	78	80	0	0	49410	P1-69-9	0	-
1183	336.416667	336.979167	A4	80	80	0	0	49410	P1-69-8	0	-
1184	336.419271	337.109375	F4	69	80	0	0	49410	P1-69-7	0	-
1185	336.755208	337.199219	F6	74	80	0	0	49470	P1-69-22	0	-
1186	336.881510	337.069010	F5	75	80	0	0	49500	P1-69-23	0	-
1187	337.098958	337.688802	E5	78	80	0	0	49530	P1-69-12	0	-
1188	337.104167	337.359375	E6	70	80	0	0	49530	P1-69-24	0	-
1189	337.106771	337.539062	Bb4	67	80	0	0	49530	P1-69-11	0	-
1190	337.111979	337.589844	G4	68	80	0	0	49530	P1-69-10	0	-
1191	337.944010	338.658854	C5	78	80	0	0	49650	P1-69-15	0	-
1192	337.944010	338.449219	Bb4	78	80	0	0	49650	P1-69-14	0	-
1193	337.946615	338.459635	G4	66	80	0	0	49650	P1-69-13	0	-
1194	338.703125	339.899740	F5	76	80	0	0	49770	P1-70-3	0	-
1195	338.709635	339.408854	A4	67	80	0	0	49770	P1-70-2	0	-
1196	338.714844	339.363281	F4	59	80	0	0	49770	P1-70-1	0	-
1197	339.625000	340.718750	A4	65	80	0	0	49890	P1-70-5	0	-
1198	339.625000	340.679688	C5	56	80	0	0	49890	P1-70-6	0	-
1199	339.628906	340.878906	F4	49	80	0	0	49890	P1-70-4	0	-
1200	340.022135	340.188802	F3	63	80	0	0	49950	P1-70-18	0	-
1201	340.180990	340.468750	F2	54	80	0	0	49980	P1-70-19	0	-
1202	340.382812	340.658854	F3	66	80	0	0	50010	P1-70-20	0	-
1203	341.087240	341.679688	C5	82	80	0	0	50130	P1-70-9	0	-
1204	341.091146	341.619792	A4	79	80	0	0	50130	P1-70-8	0	-
1205	341.093750	341.718750	F4	69	80	0	0	50130	P1-70-7	0	-
1206	341.430990	341.649740	F6	70	80	0	0	50190	P1-70-22	0	-
1207	341.565104	341.709635	F5	67	80	0	0	50220	P1-70-23	0	-
1208	341.774740	341.869792	F6	75	80	0	0	50250	P1-70-24	0	-
1209	341.783854	341.938802	E6	74	80	0	0	50250	P1-70-24	0	-
1210	341.786458	342.169271	E5	76	80	0	0	50250	P1-70-12	0	-
1211	341.804688	342.139323	Bb4	67	80	0	0	50250	P1-70-11	0	-
1212	341.804688	342.139323	G4	63	80	0	0	50250	P1-70-10	0	-
1213	342.643229	343.348958	C5	73	80	0	0	50370	P1-70-15	0	-
1214	342.643229	343.149740	Bb4	74	80	0	0	50370	P1-70-14	0	-
1215	342.644531	343.128906	G4	58	80	0	0	50370	P1-70-13	0	-
1216	343.429688	344.049479	F5	72	80	0	0	50490	P1-71-3	0	-
1217	343.450521	344.019531	A4	64	80	0	0	50490	P1-71-2	0	-
1218	343.451823	344.039062	F4	58	80	0	0	50490	P1-71-1	0	-
1219	344.216146	345.679688	C5	71	80	0	0	50610	P1-71-6	0	-
1220	344.231771	345.188802	A4	65	80	0	0	50610	P1-71-5	0	-
1221	344.231771	345.459635	F4	56	80	0	0	50610	P1-71-4	0	-
1222	344.605469	344.759115	F3	47	80	0	0	50670	P1-71-15	0	-
1223	344.750000	345.169271	F2	46	80	0	0	50700	P1-71-16	0	-
1224	344.928385	345.759115	F3	50	80	0	0	50730	P1-71-17	0	-
1225	345.720052	347.908854	A4	67	80	0	0	50850	P1-71-9	0	-
1226	345.735677	346.729167	C4	45	80	0	0	50850	P1-71-7	0	-
1227	345.742188	347.000000	F4	48	80	0	0	50850	P1-71-8	0	-
1228	346.102865	346.250000	F3	38	80	0	0	50910	P1-71-19	0	-
1229	346.244792	346.589844	F2	39	80	0	0	50940	P1-71-20	0	-
1230	346.433594	347.389323	F3	43	80	0	0	50970	P1-71-21	0	-
1231	347.264323	348.479167	F4	40	80	0	0	51090	P1-71-12	0	-
1232	347.283854	348.679688	C4	36	80	0	0	51090	P1-71-11	0	-
1233	347.285156	348.169271	A3	33	80	0	0	51090	P1-71-10	0	-
1234	347.690104	347.839844	F3	38	80	0	0	51150	P1-71-23	0	-
1235	347.834635	348.188802	F2	35	80	0	0	51180	P1-71-24	0	-
1236	348.028646	348.500000	F3	37	80	0	0	51210	P1-72-13	0	-
1237	348.808594	350.119792	F4	55	80	0	0	51330	P1-72-14	0	-
1238	349.572917	350.559896	E4	76	80	0	0	51450	P1-72-15	0	-
1239	350.367188	351.938802	F4	76	80	0	0	51570	P1-72-19	0	-
1240	350.373698	351.628906	Eb4	77	80	0	0	51570	P1-72-16	0	-
1241	351.134115	351.919271	D4	75	80	0	0	51690	P1-72-17	0	-
1242	351.527344	351.716146	G4	75	80	0	0	51750	P1-72-7	0	-
1243	351.703125	351.927083	A4	76	80	0	0	51780	P1-72-8	0	-
1244	351.893229	351.992188	Bb4	85	80	0	0	51810	P1-72-9	0	-
1245	351.901042	352.244792	C4	73	80	0	0	51810	P1-72-18	0	-
1246	351.902344	352.244792	Eb4	75	80	0	0	51810	P1-72-20	0	-
1247	352.054688	352.143229	C5	86	80	0	0	51840	P1-72-10	0	-
1248	352.214844	352.425781	D5	85	80	0	0	51870	P1-72-11	0	-
1249	352.385417	352.519531	Eb5	94	80	0	0	51900	P1-72-12	0	-
1250	352.665365	353.089844	Bb2	43	80	0	0	51930	P1-73-9	0	-
1251	352.792969	355.229167	F5	73	80	0	0	51930	P1-73-1	0	-
1252	353.669271	355.408854	Bb3	36	80	0	0	52050	P1-73-10	0	-
1253	354.514323	356.069010	Bb4	47	80	0	0	52170	P1-73-7	0	-
1254	354.523438	356.069010	D4	32	80	0	0	52170	P1-73-11	0	-
1255	354.529948	356.059896	F4	29	80	0	0	52170	P1-73-12	0	-
1256	355.416667	356.348958	Bb3	38	80	0	0	52290	P1-73-13	0	-
1257	356.035156	356.329427	D5	65	80	0	0	52380	P1-73-3	0	-
1258	356.255208	358.059896	Bb5	68	80	0	0	52410	P1-73-4	0	-
1259	356.287760	357.378906	G4	49	80	0	0	52410	P1-73-15	0	-
1260	356.287760	357.989583	Eb4	47	80	0	0	52410	P1-73-14	0	-
1261	356.290365	359.259115	Bb4	52	80	0	0	52410	P1-73-8	0	-
1262	357.199219	358.449219	Bb3	41	80	0	0	52530	P1-73-16	0	-
1263	357.776042	358.139323	G5	77	80	0	0	52620	P1-73-5	0	-
1264	358.022135	360.468750	F5	68	80	0	0	52650	P1-74-1	0	-
1265	358.054688	359.029948	D4	38	80	0	0	52650	P1-74-10	0	-
1266	358.057292	359.069010	F4	33	80	0	0	52650	P1-74-11	0	-
1267	358.842448	360.139323	Bb3	49	80	0	0	52770	P1-74-12	0	-
1268	359.618490	361.158854	Bb4	62	80	0	0	52890	P1-74-7	0	-
1269	359.625000	360.750000	D4	39	80	0	0	52890	P1-74-13	0	-
1270	359.627604	360.859375	F4	39	80	0	0	52890	P1-74-14	0	-
1271	360.486979	361.049479	Bb3	53	80	0	0	53010	P1-74-15	0	-
1272	361.053385	361.399740	D5	77	80	0	0	53100	P1-74-3	0	-
1273	361.295573	363.009115	Eb5	73	80	0	0	53130	P1-74-4	0	-
1274	361.320312	362.209635	Bb4	55	80	0	0	53130	P1-74-8	0	-
1275	361.324219	362.539062	G3	47	80	0	0	53130	P1-74-16	0	-
1276	361.326823	361.569010	Bb3	50	80	0	0	53130	P1-74-8	0	-
1277	362.066406	362.989583	G4	75	80	0	0	53250	P1-74-9	0	-
1278	362.084635	362.989583	Eb3	44	80	0	0	53250	P1-74-17	0	-
1279	362.625000	362.992188	C5	80	80	0	0	53340	P1-74-5	0	-
1280	362.932292	366.250000	Bb4	74	80	0	0	53370	P1-75-1	0	-
1281	362.934896	363.688802	F2	44	80	0	0	53370	P1-75-10	0	-
1282	363.714844	364.489583	D4	79	80	0	0	53490	P1-75-7	0	-
1283	363.720052	365.359375	F3	58	80	0	0	53490	P1-75-11	0	-
1284	364.532552	366.089844	F4	77	80	0	0	53610	P1-75-8	0	-
1285	364.544271	365.759115	Bb3	60	80	0	0	53610	P1-75-12	0	-
1286	364.544271	366.019531	D4	58	80	0	0	53610	P1-75-13	0	-
1287	365.373698	366.188802	F3	63	80	0	0	53730	P1-75-14	0	-
1288	366.186198	366.667969	D5	73	80	0	0	53850	P1-75-2	0	-
1289	366.192708	369.589844	F4	66	80	0	0	53850	P1-75-9	0	-
1290	366.194010	366.979167	A3	55	80	0	0	53850	P1-75-15	0	-
1291	366.194010	367.319010	C4	60	80	0	0	53850	P1-75-16	0	-
1292	366.203125	366.878906	F3	49	80	0	0	53850	P1-75-9	0	-
1293	366.628906	367.119792	C5	80	80	0	0	53910	P1-75-3	0	-
1294	366.949219	367.500000	Bb4	78	80	0	0	53970	P1-75-4	0	-
1295	366.986979	367.468750	F3	52	80	0	0	53970	P1-75-17	0	-
1296	367.372396	367.669271	C5	85	80	0	0	54030	P1-75-5	0	-
1297	367.602865	371.299479	Bb2	36	80	0	0	54090	P1-76-21	0	-
1298	367.832031	369.529948	C5	71	80	0	0	54090	P1-76-1	0	-
1299	367.834635	368.968750	A3	51	80	0	0	54090	P1-76-15	0	-
1300	367.835938	368.259115	F3	41	80	0	0	54090	P1-76-13	0	-
1301	368.774740	370.479167	F3	47	80	0	0	54210	P1-76-16	0	-
1302	369.380208	369.729167	C#5	59	80	0	0	54300	P1-76-2	0	-
1303	369.684896	370.549479	D5	53	80	0	0	54330	P1-76-3	0	-
1304	369.722656	370.539062	F4	29	80	0	0	54330	P1-76-3	0	-
1305	369.722656	370.899740	Bb3	34	80	0	0	54330	P1-76-17	0	-
1306	370.475260	371.329427	D3	55	80	0	0	54450	P1-76-18	0	-
1307	371.259115	371.984375	Eb3	63	80	0	0	54570	P1-76-19	0	-
1308	371.446615	371.718750	F4	76	80	0	0	54600	P1-76-6	0	-
1309	371.644531	371.718750	G4	74	80	0	0	54630	P1-76-7	0	-
1310	371.812500	371.886719	A4	82	80	0	0	54660	P1-76-8	0	-
1311	371.985677	372.050781	Bb4	78	80	0	0	54690	P1-76-9	0	-
1312	371.986979	372.571615	C3	60	80	0	0	54690	P1-76-20	0	-
1313	372.149740	372.218750	C5	80	80	0	0	54720	P1-76-10	0	-
1314	372.307292	372.372396	D5	77	80	0	0	54750	P1-76-11	0	-
1315	372.473958	372.570312	Eb5	90	80	0	0	54780	P1-76-12	0	-
1316	372.615885	374.039062	Bb2	45	80	0	0	54810	P1-77-9	0	-
1317	372.778646	374.029948	F5	64	80	0	0	54810	P1-77-1	0	-
1318	373.602865	375.279948	Bb3	49	80	0	0	54930	P1-77-10	0	-
1319	373.964844	374.628906	A4	62	80	0	0	54990	P1-77-7	0	-
1320	374.471354	376.000000	Bb4	55	80	0	0	55050	P1-77-8	0	-
1321	374.475260	375.569010	D4	39	80	0	0	55050	P1-77-11	0	-
1322	374.477865	375.539062	F4	40	80	0	0	55050	P1-77-12	0	-
1323	375.285156	376.628906	Bb3	48	80	0	0	55170	P1-77-13	0	-
1324	375.867188	376.179688	D5	69	80	0	0	55260	P1-77-3	0	-
1325	376.089844	377.899740	Bb5	70	80	0	0	55290	P1-77-4	0	-
1326	376.115885	377.079427	G4	46	80	0	0	55290	P1-77-15	0	-
1327	376.123698	377.459635	Eb4	44	80	0	0	55290	P1-77-14	0	-
1328	376.996094	378.239583	Bb3	53	80	0	0	55410	P1-77-16	0	-
1329	377.565104	377.842448	G5	72	80	0	0	55500	P1-77-5	0	-
1330	377.813802	380.348958	F5	65	80	0	0	55530	P1-78-1	0	-
1331	377.838542	379.179688	F4	39	80	0	0	55530	P1-78-12	0	-
1332	377.843750	379.169271	D4	42	80	0	0	55530	P1-78-11	0	-
1333	378.645833	379.500000	Bb3	51	80	0	0	55650	P1-78-13	0	-
1334	379.015625	379.549479	A4	65	80	0	0	55710	P1-78-7	0	-
1335	379.484375	380.739583	Bb4	59	80	0	0	55770	P1-78-8	0	-
1336	379.503906	380.459635	D4	45	80	0	0	55770	P1-78-14	0	-
1337	379.503906	380.188802	Bb3	42	80	0	0	55770	P1-78-8	0	-
1338	379.507812	380.598958	F4	44	80	0	0	55770	P1-78-15	0	-
1339	380.302083	380.789062	Bb3	61	80	0	0	55890	P1-78-16	0	-
1340	380.854167	381.122396	D5	78	80	0	0	55980	P1-78-3	0	-
1341	381.059896	381.688802	F5	73	80	0	0	56010	P1-78-4	0	-
1342	381.070312	381.889323	Bb4	68	80	0	0	56010	P1-78-9	0	-
1343	381.075521	381.128906	Bb3	63	80	0	0	56010	P1-78-9	0	-
1344	381.075521	381.959635	G3	60	80	0	0	56010	P1-78-17	0	-
1345	381.473958	382.309896	Eb5	91	80	0	0	56010	P1-78-4	0	-
1346	381.805990	382.658854	Eb3	62	80	0	0	56130	P1-78-18	0	-
1347	381.805990	382.348958	G4	79	80	0	0	56130	P1-78-10	0	-
1348	382.138021	382.688802	C5	90	80	0	0	56220	P1-78-5	0	-
1349	382.666667	384.489583	Bb4	82	80	0	0	56250	P1-79-1	0	-
1350	382.682292	383.299479	D4	69	80	0	0	56250	P1-79-3	0	-
1351	382.686198	385.209635	F3	62	80	0	0	56250	P1-79-14	0	-
1352	383.463542	384.059896	D4	83	80	0	0	56370	P1-79-5	0	-
1353	383.464844	384.628906	Bb3	77	80	0	0	56370	P1-79-4	0	-
1354	384.253906	385.179688	F4	91	80	0	0	56490	P1-79-7	0	-
1355	384.256510	384.739583	D4	84	80	0	0	56490	P1-79-6	0	-
1356	385.014323	386.029948	D4	84	80	0	0	56610	P1-79-9	0	-
1357	385.015625	385.468750	Bb3	83	80	0	0	56610	P1-79-8	0	-
1358	385.842448	388.639323	F4	86	80	0	0	56730	P1-79-2	0	-
1359	385.851562	387.289062	C4	81	80	0	0	56730	P1-79-11	0	-
1360	385.852865	386.589844	A3	84	80	0	0	56730	P1-79-10	0	-
1361	385.872396	387.479167	F2	62	80	0	0	56730	P1-79-16	0	-
1362	385.876302	387.369792	F1	64	80	0	0	56730	P1-79-15	0	-
1363	386.765625	387.489583	A3	80	80	0	0	56850	P1-79-13	0	-
1364	386.766927	387.399740	F3	71	80	0	0	56850	P1-79-12	0	-
1365	387.824219	388.539062	D4	50	80	0	0	56970	P1-80-3	0	-
1366	387.825521	388.619792	Bb3	46	80	0	0	56970	P1-80-2	0	-
1367	387.830729	388.549479	F3	45	80	0	0	56970	P1-80-1	0	-
1368	387.834635	388.205729	Bb2	45	80	0	0	56970	P1-80-2	0	-
1369	387.835938	388.250000	Bb1	45	80	0	0	56970	P1-80-8	0	-
1370	389.158854	389.223958	Bb2	53	80	0	0	57150	P1-80-10	0	-
1371	389.252604	389.378906	Bb1	54	80	0	0	57170	P1-80-11	0	-
1372	389.342448	389.386719	Bb2	55	80	0	0	57190	P1-80-12	0	-
1373	389.385417	389.429688	Bb1	52	80	0	0	57210	P1-80-13	0	-
1374	390.578125	390.623698	Bb2	42	80	0	0	57390	P1-80-15	0	-
1375	390.660156	390.712240	Bb1	52	80	0	0	57410	P1-80-16	0	-
1376	390.744792	390.807292	Bb2	54	80	0	0	57430	P1-80-17	0	-
1377	390.842448	390.903646	Bb1	55	80	0	0	57450	P1-80-18	0	-
1378	391.601562	392.128906	Bb3	52	80	0	0	57570	P1-80-7	0	-
1379	392.419271	394.149740	Bb3	57	80	0	0	57690	P1-81-1	0	-
1380	393.816406	393.968750	Bb2	40	80	0	0	57870	P1-81-6	0	-
1381	393.904948	394.679688	Bb1	44	80	0	0	57890	P1-81-7	0	-
1382	393.977865	394.139323	Bb2	63	80	0	0	57910	P1-81-8	0	-
1383	394.078125	396.459635	Cb4	56	80	0	0	57930	P1-81-2	0	-
1384	394.104167	397.500000	Ab3	44	80	0	0	57930	P1-81-18	0	-
1385	394.105469	397.059896	F3	49	80	0	0	57930	P1-81-17	0	-
1386	394.105469	396.639323	D3	46	80	0	0	57930	P1-81-16	0	-
1387	395.453125	395.507812	Bb2	43	80	0	0	58110	P1-81-11	0	-
1388	395.552083	395.750000	Bb1	39	80	0	0	58130	P1-81-12	0	-
1389	395.661458	397.259115	Bb2	53	80	0	0	58150	P1-81-13	0	-
1390	395.756510	397.669271	Bb1	45	80	0	0	58170	P1-81-14	0	-
1391	396.466146	397.279948	Cb4	65	80	0	0	58290	P1-81-3	0	-
1392	397.294271	398.889323	Cb4	68	80	0	0	58410	P1-82-1	0	-
1393	398.636719	398.769531	Bb2	46	80	0	0	58590	P1-82-9	0	-
1394	398.723958	399.589844	Bb1	49	80	0	0	58610	P1-82-10	0	-
1395	398.838542	398.919271	Bb2	44	80	0	0	58630	P1-82-11	0	-
1396	398.916667	401.059896	D4	72	80	0	0	58650	P1-82-5	0	-
1397	398.930990	399.319010	Bb2	54	80	0	0	58650	P1-82-12	0	-
1398	398.932292	401.188802	Ab3	53	80	0	0	58650	P1-82-3	0	-
1399	398.933594	400.739583	F3	55	80	0	0	58650	P1-82-2	0	-
1400	400.205729	400.289062	Bb2	48	80	0	0	58830	P1-82-14	0	-
1401	400.298177	400.449219	Bb1	49	80	0	0	58850	P1-82-15	0	-
1402	400.401042	401.369792	Bb2	58	80	0	0	58870	P1-82-16	0	-
1403	400.507812	401.688802	Bb1	50	80	0	0	58890	P1-82-17	0	-
1404	401.214844	401.809896	D4	77	80	0	0	59010	P1-82-6	0	-
1405	401.981771	403.339844	D4	83	80	0	0	59130	P1-83-1	0	-
1406	403.141927	403.319010	Bb2	46	80	0	0	59310	P1-83-12	0	-
1407	403.233073	404.438802	Bb1	56	80	0	0	59330	P1-83-13	0	-
1408	403.328125	404.209635	Bb2	61	80	0	0	59350	P1-83-14	0	-
1409	403.433594	404.709635	F4	81	80	0	0	59370	P1-83-5	0	-
1410	403.438802	404.519531	D4	54	80	0	0	59370	P1-83-4	0	-
1411	403.444010	404.229167	Cb4	61	80	0	0	59370	P1-83-3	0	-
1412	403.447917	404.539062	Ab3	64	80	0	0	59370	P1-83-2	0	-
1413	404.605469	404.729167	Bb2	56	80	0	0	59550	P1-83-17	0	-
1414	404.701823	405.769531	Bb1	49	80	0	0	59570	P1-83-18	0	-
1415	404.807292	405.679688	Bb2	66	80	0	0	59590	P1-83-19	0	-
1416	404.882812	406.609375	Ab4	95	80	0	0	59610	P1-83-9	0	-
1417	404.903646	406.949219	F4	73	80	0	0	59610	P1-83-8	0	-
1418	404.904948	406.889323	Cb4	73	80	0	0	59610	P1-83-6	0	-
1419	404.908854	407.500000	D4	60	80	0	0	59610	P1-83-7	0	-
1420	405.990885	406.061198	Bb2	67	80	0	0	59790	P1-83-22	0	-
1421	406.092448	406.289062	Bb1	66	80	0	0	59810	P1-83-23	0	-
1422	406.212240	407.348958	Bb2	65	80	0	0	59830	P1-83-24	0	-
1423	406.299479	407.468750	Bb1	75	80	0	0	59850	P1-84-10	0	-
1424	406.513021	408.329427	Cb5	92	80	0	0	59850	P1-84-1	0	-
1425	407.753906	407.825521	Ab3	54	80	0	0	60030	P1-84-12	0	-
1426	407.842448	408.019531	Bb2	64	80	0	0	60050	P1-84-13	0	-
1427	407.933594	408.369792	Ab3	71	80	0	0	60070	P1-84-14	0	-
1428	408.032552	408.709635	Bb2	64	80	0	0	60090	P1-84-15	0	-
1429	408.036458	409.489583	Ab4	74	80	0	0	60090	P1-84-7	0	-
1430	408.037760	409.309896	D4	60	80	0	0	60090	P1-84-5	0	-
1431	408.042969	409.339844	F4	60	80	0	0	60090	P1-84-6	0	-
1432	409.260417	409.343750	Ab3	50	80	0	0	60270	P1-84-17	0	-
1433	409.356771	409.559896	Bb2	55	80	0	0	60290	P1-84-18	0	-
1434	409.464844	409.979167	Ab3	58	80	0	0	60310	P1-84-19	0	-
1435	409.565104	411.979167	Bb2	52	80	0	0	60330	P1-84-20	0	-
1436	409.610677	410.949219	Bb4	80	80	0	0	60330	P1-84-2	0	-
1437	409.622396	411.658854	D4	56	80	0	0	60330	P1-84-8	0	-
1438	409.623698	411.468750	F4	56	80	0	0	60330	P1-84-9	0	-
1439	409.986979	410.639323	G#3	36	80	0	0	60450	P1-84-3	0	-
1440	410.356771	411.579427	Ab4	91	80	0	0	60450	P1-84-3	0	-
1441	411.302083	412.908854	F#4	75	80	0	0	60570	P1-85-1	0	-
1442	412.583333	412.739583	Bb2	47	80	0	0	60750	P1-85-9	0	-
1443	412.677083	412.869792	Bb1	45	80	0	0	60770	P1-85-10	0	-
1444	412.791667	413.529948	Bb2	43	80	0	0	60790	P1-85-11	0	-
1445	412.854167	415.209635	G4	67	80	0	0	60810	P1-85-2	0	-
1446	412.877604	415.229167	Eb4	48	80	0	0	60810	P1-85-6	0	-
1447	412.880208	413.759115	Bb1	48	80	0	0	60810	P1-85-12	0	-
1448	412.881510	413.579427	Bb3	53	80	0	0	60810	P1-85-5	0	-
1449	414.076823	414.179688	Bb2	50	80	0	0	60990	P1-85-14	0	-
1450	414.166667	414.329427	Bb1	45	80	0	0	61010	P1-85-15	0	-
1451	414.253906	415.259115	Bb2	55	80	0	0	61030	P1-85-16	0	-
1452	414.343750	415.019531	Bb1	53	80	0	0	61050	P1-85-17	0	-
1453	415.011719	415.949219	Bb4	91	80	0	0	61170	P1-85-3	0	-
1454	415.899740	417.089844	Eb5	97	80	0	0	61290	P1-86-1	0	-
1455	417.122396	417.208333	Bb3	77	80	0	0	61470	P1-86-11	0	-
1456	417.208333	418.109375	Bb2	68	80	0	0	61490	P1-86-12	0	-
1457	417.303385	418.339844	Bb3	83	80	0	0	61510	P1-86-13	0	-
1458	417.391927	419.239583	A4	76	80	0	0	61530	P1-86-5	0	-
1459	417.391927	420.959635	Eb4	81	80	0	0	61530	P1-86-7	0	-
1460	417.393229	420.750000	Gb4	81	80	0	0	61530	P1-86-8	0	-
1461	418.626302	418.839844	Bb3	61	80	0	0	61710	P1-86-16	0	-
1462	418.734375	420.848958	Bb2	56	80	0	0	61730	P1-86-17	0	-
1463	418.846354	420.789062	Bb3	60	80	0	0	61750	P1-86-18	0	-
1464	418.915365	420.449219	C5	84	80	0	0	61770	P1-86-2	0	-
1465	419.731771	421.059896	A4	94	80	0	0	61890	P1-86-3	0	-
1466	420.588542	422.489583	C5	83	80	0	0	62010	P1-87-1	0	-
1467	421.894531	422.039062	Bb2	58	80	0	0	62190	P1-87-12	0	-
1468	421.983073	422.158854	Bb1	61	80	0	0	62210	P1-87-13	0	-
1469	422.074219	422.869792	Bb2	61	80	0	0	62230	P1-87-14	0	-
1470	422.151042	423.779948	Bb4	89	80	0	0	62250	P1-87-2	0	-
1471	422.162760	422.908854	D4	72	80	0	0	62250	P1-87-6	0	-
1472	422.169271	422.949219	Bb1	60	80	0	0	62250	P1-87-15	0	-
1473	422.175781	423.348958	F4	64	80	0	0	62250	P1-87-7	0	-
1474	423.337240	423.468750	Bb2	62	80	0	0	62430	P1-87-17	0	-
1475	423.441406	425.848958	Bb1	60	80	0	0	62450	P1-87-18	0	-
1476	423.531250	425.619792	Bb2	70	80	0	0	62470	P1-87-19	0	-
1477	423.604167	425.479167	Ab4	94	80	0	0	62490	P1-87-9	0	-
1478	423.604167	424.769531	F4	80	80	0	0	62490	P1-87-8	0	-
1479	424.303385	425.179688	D5	94	80	0	0	62610	P1-87-4	0	-
1480	425.037760	426.069010	F5	90	80	0	0	62730	P1-88-1	0	-
1481	425.867188	426.609375	Eb5	96	80	0	0	62850	P1-88-2	0	-
1482	426.294271	426.459635	Bb3	78	80	0	0	62910	P1-88-18	0	-
1483	426.406250	426.559896	Bb2	59	80	0	0	62950	P1-88-20	0	-
1484	426.470052	427.519531	Bb3	77	80	0	0	62970	P1-88-7	0	-
1485	426.503906	427.128906	Bb4	91	80	0	0	62970	P1-88-7	0	-
1486	426.505208	427.359375	G4	88	80	0	0	62970	P1-88-6	0	-
1487	426.566406	427.709635	Bb2	58	80	0	0	63150	P1-88-23	0	-
1488	427.334635	428.309896	A4	89	80	0	0	63090	P1-88-9	0	-
1489	427.334635	428.529948	Gb4	89	80	0	0	63090	P1-88-8	0	-
1490	427.772135	427.968750	Bb3	78	80	0	0	63150	P1-88-23	0	-
1491	427.861979	428.089844	Bb2	60	80	0	0	63150	P1-88-23	0	-
1492	427.979167	428.848958	Bb3	74	80	0	0	63190	P1-88-25	0	-
1493	428.095052	429.098958	C5	81	80	0	0	63210	P1-88-3	0	-
1494	428.095052	429.579427	Bb2	62	80	0	0	63210	P1-88-26	0	-
1495	428.098958	428.759115	Eb4	88	80	0	0	63210	P1-88-10	0	-
1496	428.996094	429.848958	A4	85	80	0	0	63330	P1-88-4	0	-
1497	428.996094	429.509115	C4	70	80	0	0	63330	P1-88-13	0	-
1498	429.002604	429.779948	Gb4	75	80	0	0	63330	P1-88-15	0	-
1499	429.003906	429.649740	Eb4	67	80	0	0	63330	P1-88-14	0	-
1500	429.467448	429.699219	Bb3	54	80	0	0	63390	P1-88-28	0	-
1501	429.584635	429.979167	Bb2	57	80	0	0	63410	P1-88-29	0	-
1502	429.712240	429.979167	Bb3	63	80	0	0	63430	P1-88-30	0	-
1503	429.954427	432.500000	Bb4	69	80	0	0	63450	P1-89-3	0	-
1504	429.979167	431.468750	F4	52	80	0	0	63450	P1-89-2	0	-
1505	429.984375	431.389323	D4	54	80	0	0	63450	P1-89-1	0	-
1506	429.988281	431.699219	D3	50	80	0	0	63450	P1-89-15	0	-
1507	429.988281	432.128906	Bb3	47	80	0	0	63450	P1-89-3	0	-
1508	429.990885	432.128906	Bb2	43	80	0	0	63450	P1-89-22	0	-
1509	431.604167	432.059896	Eb3	63	80	0	0	63660	P1-89-17	0	-
1510	431.610677	432.079427	C3	51	80	0	0	63660	P1-89-16	0	-
1511	431.903646	434.128906	F3	68	80	0	0	63690	P1-89-19	0	-
1512	431.945312	433.809896	D3	55	80	0	0	63690	P1-89-18	0	-
1513	433.803385	435.569010	Eb3	58	80	0	0	63930	P1-89-21	0	-
1514	433.804688	435.449219	C3	52	80	0	0	63930	P1-89-20	0	-
1515	434.040365	434.212240	F4	62	80	0	0	63960	P1-89-7	0	-
1516	434.242188	434.343750	E4	61	80	0	0	63990	P1-89-8	0	-
1517	434.441406	434.510417	F4	61	80	0	0	64020	P1-89-9	0	-
1518	434.622396	434.694010	G4	79	80	0	0	64050	P1-89-10	0	-
1519	434.798177	434.871094	A4	79	80	0	0	64080	P1-89-11	0	-
1520	434.996094	435.104167	Bb4	77	80	0	0	64110	P1-89-12	0	-
1521	435.201823	435.609375	C5	78	80	0	0	64140	P1-89-13	0	-
1522	435.522135	437.079427	D5	72	80	0	0	64170	P1-90-2	0	-
1523	435.544271	437.059896	Bb4	55	80	0	0	64170	P1-90-1	0	-
1524	435.545573	436.878906	Bb2	49	80	0	0	64170	P1-90-11	0	-
1525	435.545573	438.848958	F4	50	80	0	0	64170	P1-90-9	0	-
1526	435.546875	436.718750	Bb3	52	80	0	0	64170	P1-90-1	0	-
1527	437.035156	437.639323	Eb5	82	80	0	0	64380	P1-90-4	0	-
1528	437.039062	437.649740	C5	72	80	0	0	64380	P1-90-3	0	-
1529	437.343750	439.348958	F5	73	80	0	0	64410	P1-90-6	0	-
1530	437.346354	439.029948	D5	69	80	0	0	64410	P1-90-5	0	-
1531	439.265625	441.299479	Eb5	70	80	0	0	64650	P1-90-8	0	-
1532	439.274740	440.929688	C5	53	80	0	0	64650	P1-90-7	0	-
1533	439.285156	442.500000	F4	40	80	0	0	64650	P1-90-10	0	-
1534	439.498698	439.611979	F3	55	80	0	0	64680	P1-90-16	0	-
1535	439.723958	439.825521	E3	56	80	0	0	64710	P1-90-17	0	-
1536	439.917969	440.006510	F3	64	80	0	0	64740	P1-90-18	0	-
1537	440.100260	440.174479	G3	70	80	0	0	64770	P1-90-19	0	-
1538	440.278646	440.376302	A3	66	80	0	0	64800	P1-90-20	0	-
1539	440.475260	440.567708	Bb3	68	80	0	0	64830	P1-90-21	0	-
1540	440.653646	440.989583	C4	72	80	0	0	64860	P1-90-22	0	-
1541	440.953125	442.619792	D4	71	80	0	0	64890	P1-91-8	0	-
1542	440.966146	442.589844	Bb3	56	80	0	0	64890	P1-91-7	0	-
1543	442.524740	443.019531	Eb4	85	80	0	0	65100	P1-91-10	0	-
1544	442.527344	442.908854	C4	68	80	0	0	65100	P1-91-9	0	-
1545	442.795573	447.500000	F4	78	80	0	0	65130	P1-91-12	0	-
1546	442.830729	447.500000	D4	78	80	0	0	65130	P1-91-11	0	-
1547	444.522135	447.419271	Bb1	67	80	0	0	65370	P1-91-13	0	-
1548	446.984375	450.949219	A1	42	80	0	0	65610	P1-92-2	0	-
1549	452.533854	453.044271	C6	61	80	0	0	66330	P1-93-1	0	-
1550	453.014323	453.154948	D6	71	80	0	0	66420	P1-93-6	0	-
1551	453.165365	453.255208	C6	72	80	0	0	66430	P1-93-7	0	-
1552	453.273438	453.399740	B5	77	80	0	0	66440	P1-93-8	0	-
1553	453.378906	454.019531	C6	84	80	0	0	66450	P1-93-2	0	-
1554	453.936198	454.282552	D6	98	80	0	0	66540	P1-93-3	0	-
1555	454.235677	455.289062	Eb6	97	80	0	0	66570	P1-93-4	0	-
1556	455.800781	458.149740	Gb4	81	80	0	0	66810	P1-93-5	0	-
1557	455.812500	457.500000	Eb4	67	80	0	0	66810	P1-93-13	0	-
1558	455.813802	457.459635	C4	62	80	0	0	66810	P1-93-12	0	-
1559	455.816406	457.718750	Bb3	67	80	0	0	66810	P1-93-11	0	-
1560	458.014323	461.089844	F4	49	80	0	0	67050	P1-94-1	0	-
1561	458.027344	461.329427	Eb4	50	80	0	0	67050	P1-94-18	0	-
1562	458.035156	461.369792	A3	38	80	0	0	67050	P1-94-16	0	-
1563	458.037760	461.919271	C4	39	80	0	0	67050	P1-94-17	0	-
1564	460.903646	461.183594	G4	45	80	0	0	67530	P1-94-2	0	-
1565	461.210938	461.376302	F4	49	80	0	0	67547	P1-94-3	0	-
1566	461.410156	461.584635	E4	59	80	0	0	67564	P1-94-4	0	-
1567	461.585938	461.848958	F4	63	80	0	0	67581	P1-94-5	0	-
1568	461.734375	461.868490	G4	61	80	0	0	67598	P1-94-6	0	-
1569	461.893229	462.035156	A4	72	80	0	0	67615	P1-94-7	0	-
1570	462.029948	462.079427	Bb4	70	80	0	0	67632	P1-94-8	0	-
1571	462.148438	462.253906	C5	68	80	0	0	67649	P1-94-9	0	-
1572	462.265625	462.347656	D5	70	80	0	0	67666	P1-94-10	0	-
1573	462.359375	462.415365	Eb5	80	80	0	0	67683	P1-94-11	0	-
1574	462.471354	462.563802	F5	80	80	0	0	67700	P1-94-12	0	-
1575	462.565104	462.630208	G5	68	80	0	0	67717	P1-94-13	0	-
1576	462.647135	462.734375	A5	76	80	0	0	67734	P1-94-14	0	-
1577	462.735677	462.805990	Bb5	81	80	0	0	67751	P1-94-15	0	-
1578	462.842448	463.218750	C6	74	80	0	0	67770	P1-95-1	0	-
1579	463.303385	463.415365	D6	80	80	0	0	67860	P1-95-8	0	-
1580	463.399740	463.475260	C6	82	80	0	0	67870	P1-95-9	0	-
1581	463.476562	463.584635	B5	86	80	0	0	67880	P1-95-10	0	-
1582	463.562500	464.128906	C6	87	80	0	0	67890	P1-95-2	0	-
1583	464.093750	464.373698	D6	99	80	0	0	67980	P1-95-3	0	-
1584	464.350260	465.019531	Eb6	87	80	0	0	68010	P1-95-4	0	-
1585	465.996094	467.859375	Eb5	85	80	0	0	68250	P1-95-7	0	-
1586	466.000000	468.019531	A4	81	80	0	0	68250	P1-95-5	0	-
1587	466.003906	467.949219	C5	74	80	0	0	68250	P1-95-6	0	-
1588	466.006510	467.500000	Eb4	75	80	0	0	68250	P1-95-16	0	-
1589	466.010417	467.699219	C4	65	80	0	0	68250	P1-95-15	0	-
1590	466.014323	467.959635	F#3	66	80	0	0	68250	P1-95-14	0	-
1591	467.872396	469.209635	D5	63	80	0	0	68490	P1-96-2	0	-
1592	467.878906	468.829427	Bb4	52	80	0	0	68490	P1-96-1	0	-
1593	467.894531	467.908854	G4	41	80	0	0	68490	P1-96-11	0	-
1594	467.903646	468.929688	G3	43	80	0	0	68490	P1-96-11	0	-
1595	467.904948	468.859375	Bb3	43	80	0	0	68490	P1-96-12	0	-
1596	467.904948	468.799479	D4	44	80	0	0	68490	P1-96-13	0	-
1597	469.428385	472.500000	G5	94	80	0	0	68730	P1-96-4	0	-
1598	470.123698	470.619792	Db4	84	80	0	0	68850	P1-96-18	0	-
1599	470.125000	470.559896	E3	73	80	0	0	68850	P1-96-16	0	-
1600	470.125000	470.549479	Bb3	79	80	0	0	68850	P1-96-17	0	-
1601	471.014323	471.084635	G4	80	80	0	0	68970	P1-96-7	0	-
1602	471.014323	471.658854	Db5	79	80	0	0	68970	P1-96-9	0	-
1603	471.014323	471.699219	Bb4	83	80	0	0	68970	P1-96-8	0	-
1604	473.201823	475.329427	F5	79	80	0	0	69210	P1-97-1	0	-
1605	474.188802	474.989583	F3	34	80	0	0	69330	P1-97-13	0	-
1606	474.188802	474.649740	Bb3	35	80	0	0	69330	P1-97-14	0	-
1607	474.190104	474.949219	D4	37	80	0	0	69330	P1-97-15	0	-
1608	474.979167	475.299479	D5	44	80	0	0	69450	P1-97-6	0	-
1609	474.986979	475.279948	Bb4	37	80	0	0	69450	P1-97-5	0	-
1610	474.990885	475.329427	F4	28	80	0	0	69450	P1-97-4	0	-
1611	474.990885	475.250000	Bb3	28	80	0	0	69450	P1-97-5	0	-
1612	475.002604	475.259115	F3	25	80	0	0	69450	P1-97-4	0	-
1613	475.783854	475.934896	F2	32	80	0	0	69570	P1-97-18	0	-
1614	475.783854	475.929688	F1	32	80	0	0	69570	P1-97-17	0	-
1615	476.656250	477.579427	A4	43	80	0	0	69690	P1-97-10	0	-
1616	476.662760	477.128906	C4	32	80	0	0	69690	P1-97-8	0	-
1617	476.664062	477.158854	Eb4	39	80	0	0	69690	P1-97-9	0	-
1618	477.563802	477.678385	F3	39	80	0	0	69810	P1-97-21	0	-
1619	477.565104	477.675781	F2	36	80	0	0	69810	P1-97-20	0	-
1620	478.643229	479.229167	Bb4	45	80	0	0	69930	P1-98-3	0	-
1621	478.654948	479.089844	D4	32	80	0	0	69930	P1-98-2	0	-
1622	478.654948	479.119792	Bb3	30	80	0	0	69930	P1-98-1	0	-
1623	478.670573	479.079427	Bb2	26	80	0	0	69930	P1-98-15	0	-
1624	478.674479	478.989583	Bb1	27	80	0	0	69930	P1-98-14	0	-
1625	479.585938	480.729167	F5	53	80	0	0	70050	P1-98-5	0	-
1626	479.623698	481.169271	F4	28	80	0	0	70050	P1-98-4	0	-
1627	480.475260	481.438802	D5	69	80	0	0	70170	P1-98-7	0	-
1628	480.505208	481.938802	D4	39	80	0	0	70170	P1-98-6	0	-
1629	481.312500	482.250000	Cb5	72	80	0	0	70290	P1-98-9	0	-
1630	481.326823	481.979167	Cb4	55	80	0	0	70290	P1-98-8	0	-
1631	482.125000	482.839844	Bb4	84	80	0	0	70410	P1-98-11	0	-
1632	482.135417	482.929688	Bb3	68	80	0	0	70410	P1-98-10	0	-
1633	482.894531	483.688802	Ab4	92	80	0	0	70530	P1-98-13	0	-
1634	482.901042	483.359375	Ab3	80	80	0	0	70530	P1-98-12	0	-
1635	483.166667	483.509115	Bb1	43	80	0	0	70650	P1-99-15	0	-
1636	483.756510	484.878906	G4	87	80	0	0	70650	P1-99-2	0	-
1637	483.769531	485.839844	G3	72	80	0	0	70650	P1-99-1	0	-
1638	483.783854	484.669271	Bb2	56	80	0	0	70650	P1-99-16	0	-
1639	484.654948	485.149740	Bb4	83	80	0	0	70770	P1-99-4	0	-
1640	484.666667	485.859375	Bb3	72	80	0	0	70770	P1-99-3	0	-
1641	484.678385	487.479167	Bb2	51	80	0	0	70770	P1-99-3	0	-
1642	485.497396	486.908854	Eb4	78	80	0	0	70890	P1-99-6	0	-
1643	486.352865	487.419271	G4	83	80	0	0	71010	P1-99-8	0	-
1644	486.371094	487.598958	G3	49	80	0	0	71010	P1-99-7	0	-
1645	487.252604	489.348958	C4	60	80	0	0	71130	P1-99-10	0	-
1646	487.263021	489.279948	C3	46	80	0	0	71130	P1-99-9	0	-
1647	488.164062	489.269531	F4	61	80	0	0	71250	P1-99-12	0	-
1648	488.175781	489.589844	F3	44	80	0	0	71250	P1-99-11	0	-
1649	488.595052	489.479167	Eb4	70	80	0	0	71310	P1-99-14	0	-
1650	488.601562	489.449219	Eb3	47	80	0	0	71310	P1-99-13	0	-
1651	489.143229	490.389323	D4	63	80	0	0	71370	P1-100-1	0	-
1652	489.170573	492.500000	D3	42	80	0	0	71370	P1-100-5	0	-
1653	489.178385	492.500000	Bb2	38	80	0	0	71370	P1-100-19	0	-
1654	489.992188	492.188802	F4	82	80	0	0	71490	P1-100-6	0	-
1655	490.843750	491.959635	D4	87	80	0	0	71610	P1-100-7	0	-
1656	491.643229	492.679688	D5	84	80	0	0	71730	P1-100-3	0	-
1657	491.647135	492.509115	Cb4	74	80	0	0	71730	P1-100-8	0	-
1658	492.438802	493.279948	Bb3	91	80	0	0	71850	P1-100-9	0	-
1659	493.009115	493.101562	Eb5	66	80	0	0	71970	P1-100-11	0	-
1660	493.114583	493.186198	D5	75	80	0	0	71970	P1-100-4	0	-
1661	493.192708	493.255208	Eb5	69	80	0	0	71970	P1-100-11	0	-
1662	493.276042	493.339844	D5	67	80	0	0	71970	P1-100-4	0	-
1663	493.286458	494.169271	Ab3	70	80	0	0	71970	P1-100-10	0	-
1664	493.292969	493.839844	Bb3	67	80	0	0	71970	P1-100-10	0	-
1665	493.347656	493.419271	Eb5	82	80	0	0	72000	P1-100-13	0	-
1666	493.417969	493.485677	D5	81	80	0	0	72015	P1-100-14	0	-
1667	493.494792	493.583333	Eb5	81	80	0	0	72030	P1-100-15	0	-
1668	493.569010	493.721354	D5	78	80	0	0	72045	P1-100-16	0	-
1669	493.683594	494.009115	C5	82	80	0	0	72075	P1-100-4	0	-
1670	493.914062	494.408854	D5	95	80	0	0	72075	P1-100-4	0	-
1671	494.213542	495.348958	F5	86	80	0	0	72090	P1-101-1	0	-
1672	494.246094	496.919271	Bb2	54	80	0	0	72090	P1-101-15	0	-
1673	494.251302	496.279948	G3	59	80	0	0	72090	P1-101-16	0	-
1674	495.186198	496.869792	Eb5	76	80	0	0	72210	P1-101-2	0	-
1675	495.191406	496.519531	Bb3	67	80	0	0	72210	P1-101-17	0	-
1676	496.024740	497.889323	Eb3	65	80	0	0	72330	P1-101-18	0	-
1677	496.877604	498.569010	Eb5	82	80	0	0	72450	P1-101-4	0	-
1678	496.894531	498.699219	G3	51	80	0	0	72450	P1-101-19	0	-
1679	496.898438	497.579427	G4	53	80	0	0	72450	P1-101-19	0	-
1680	497.819010	498.929688	C3	55	80	0	0	72570	P1-101-20	0	-
1681	498.501302	498.569010	Bb4	62	80	0	0	72690	P1-101-7	0	-
1682	498.605469	498.656250	A4	60	80	0	0	72690	P1-101-5	0	-
1683	498.683594	498.735677	Bb4	67	80	0	0	72690	P1-101-7	0	-
1684	498.761719	499.839844	F3	52	80	0	0	72690	P1-101-21	0	-
1685	498.763021	498.804688	A4	60	80	0	0	72690	P1-101-5	0	-
1686	498.841146	498.894531	Bb4	62	80	0	0	72705	P1-101-5	0	-
1687	498.929688	498.972656	A4	62	80	0	0	72705	P1-101-8	0	-
1688	498.996094	499.039062	Bb4	67	80	0	0	72720	P1-101-9	0	-
1689	499.076823	499.132812	A4	75	80	0	0	72735	P1-101-10	0	-
1690	499.161458	499.289062	Bb4	64	80	0	0	72750	P1-101-11	0	-
1691	499.165365	499.739583	Eb3	51	80	0	0	72750	P1-101-22	0	-
1692	499.236979	499.315104	A4	68	80	0	0	72765	P1-101-12	0	-
1693	499.367188	499.437500	G4	68	80	0	0	72795	P1-101-5	0	-
1694	499.492188	499.664062	A4	73	80	0	0	72795	P1-101-5	0	-
1695	499.696615	501.269531	Bb4	59	80	0	0	72810	P1-102-1	0	-
1696	499.738281	500.729167	Bb3	38	80	0	0	72810	P1-102-1	0	-
1697	499.752604	501.179688	D3	35	80	0	0	72810	P1-102-13	0	-
1698	499.753906	501.468750	Bb2	37	80	0	0	72810	P1-102-22	0	-
1699	500.632812	501.311198	F3	49	80	0	0	72930	P1-102-14	0	-
1700	501.187500	501.764323	A4	71	80	0	0	72990	P1-102-3	0	-
1701	501.194010	501.789062	Eb3	43	80	0	0	72990	P1-102-15	0	-
1702	501.746094	503.089844	Bb4	57	80	0	0	73050	P1-102-4	0	-
1703	501.776042	502.739583	Bb3	34	80	0	0	73050	P1-102-4	0	-
1704	501.779948	502.839844	D3	33	80	0	0	73050	P1-102-16	0	-
1705	501.785156	503.559896	Bb2	31	80	0	0	73050	P1-102-23	0	-
1706	502.736979	503.559896	F3	51	80	0	0	73170	P1-102-17	0	-
1707	503.282552	503.919271	A4	69	80	0	0	73230	P1-102-6	0	-
1708	503.283854	503.906250	C5	63	80	0	0	73230	P1-102-7	0	-
1709	503.283854	503.949219	Eb3	43	80	0	0	73230	P1-102-18	0	-
1710	503.903646	505.149740	D5	54	80	0	0	73290	P1-102-9	0	-
1711	503.907552	504.959635	Bb4	48	80	0	0	73290	P1-102-8	0	-
1712	503.921875	506.039062	Bb2	34	80	0	0	73290	P1-102-24	0	-
1713	503.923177	504.959635	D3	33	80	0	0	73290	P1-102-19	0	-
1714	503.928385	504.000000	Bb3	37	80	0	0	73290	P1-102-8	0	-
1715	504.930990	505.688802	F3	49	80	0	0	73410	P1-102-20	0	-
1716	505.576823	506.709635	A5	69	80	0	0	73470	P1-102-12	0	-
1717	505.584635	506.229167	C5	55	80	0	0	73470	P1-102-11	0	-
1718	505.587240	507.259115	Eb3	38	80	0	0	73470	P1-102-21	0	-
1719	506.532552	508.049479	Bb5	88	80	0	0	73530	P1-103-2	0	-
1720	506.544271	507.789062	D5	69	80	0	0	73530	P1-103-1	0	-
1721	506.561198	507.869792	Bb2	43	80	0	0	73530	P1-103-8	0	-
1722	506.563802	506.989583	F3	41	80	0	0	73530	P1-103-8	0	-
1723	507.859375	509.949219	D6	97	80	0	0	73650	P1-103-3	0	-
1724	509.790365	510.319010	C6	86	80	0	0	73740	P1-103-4	0	-
1725	510.523438	514.348958	C6	58	80	0	0	73770	P1-103-5	0	-
1726	514.276042	516.878906	Bb5	46	80	0	0	74010	P1-103-6	0	-
1727	516.334635	521.408854	Bb1	29	80	0	0	74130	P1-103-13	0	-
