//Version: ScorePerfmMatch_v170503
// Score: /Users/toddywang/Documents/VsCodeProjects/xmltoexp/ATEPP-1.2/ATEPP-1.2/Ludwig_van_Beethoven/Piano_Sonata_No._17_in_D_Minor,_Op._31_No._2_"Tempest"/II._Adagio/score_hmm.txt
// Perfm: /Users/toddywang/Documents/VsCodeProjects/xmltoexp/ATEPP-1.2/ATEPP-1.2/Ludwig_van_Beethoven/Piano_Sonata_No._17_in_D_Minor,_Op._31_No._2_"Tempest"/II._Adagio/08359_spr.txt
// fmt3x: /Users/toddywang/Documents/VsCodeProjects/xmltoexp/ATEPP-1.2/ATEPP-1.2/Ludwig_van_Beethoven/Piano_Sonata_No._17_in_D_Minor,_Op._31_No._2_"Tempest"/II._Adagio/score_fmt3x.txt
0	0.563802	0.799479	Bb2	18	80	0	0	0	*	3	0
1	0.565104	6.569010	Bb1	18	80	0	0	0	P1-1-4	0	-
2	0.684896	5.569010	F2	14	80	0	0	0	P1-1-5	0	-
3	0.805990	6.759115	Bb2	19	80	0	0	0	P1-1-6	0	-
4	0.903646	5.809896	D3	17	80	0	0	0	P1-1-7	0	-
5	0.994792	5.419271	F3	26	80	0	0	0	P1-1-8	0	-
6	1.145833	4.158854	Bb3	31	80	0	0	0	P1-1-9	0	-
7	5.171875	6.649740	D5	40	80	0	0	720	P1-2-1	0	-
8	6.494792	7.369792	Eb5	50	80	0	0	930	P1-2-2	0	-
9	6.747396	8.589844	F5	47	80	0	0	960	P1-2-3	0	-
10	8.304688	10.119792	Bb3	20	80	0	0	1200	P1-2-6	0	-
11	8.315104	10.049479	Bb2	17	80	0	0	1200	P1-2-11	0	-
12	8.316406	9.149740	F3	15	80	0	0	1200	P1-2-5	0	-
13	8.320312	9.979167	Bb1	16	80	0	0	1200	P1-2-9	0	-
14	8.330729	9.169271	D3	13	80	0	0	1200	P1-2-4	0	-
15	10.026042	12.319010	A3	19	80	0	0	1440	P1-3-3	0	-
16	10.032552	12.519531	F3	19	80	0	0	1440	P1-3-2	0	-
17	10.035156	12.529948	F2	18	80	0	0	1440	P1-3-5	0	-
18	10.045573	12.500000	C3	16	80	0	0	1440	P1-3-6	0	-
19	10.052083	12.459635	Eb3	17	80	0	0	1440	P1-3-1	0	-
20	10.058594	12.500000	C2	16	80	0	0	1440	P1-3-4	0	-
21	13.665365	14.929688	A5	44	80	0	0	2160	P1-4-1	0	-
22	14.789062	15.359375	Bb5	55	80	0	0	2370	P1-4-2	0	-
23	15.105469	15.839844	C6	52	80	0	0	2400	P1-4-3	0	-
24	16.464844	17.378906	Eb4	29	80	0	0	2640	P1-4-5	0	-
25	16.466146	16.479167	Eb5	34	80	0	0	2640	*	3	-
26	16.475260	16.649740	A3	18	80	0	0	2640	*	3	-
27	16.486979	16.919271	F3	17	80	0	0	2640	P1-4-9	0	-
28	16.494792	16.938802	C4	15	80	0	0	2640	P1-4-4	0	-
29	17.993490	19.658854	D4	20	80	0	0	2880	P1-5-2	0	-
30	18.023438	19.739583	F3	15	80	0	0	2880	P1-5-14	0	-
31	18.024740	19.819010	Bb3	15	80	0	0	2880	P1-5-1	0	-
32	18.033854	19.669271	Bb2	13	80	0	0	2880	P1-5-13	0	-
33	20.518229	21.158854	D4	26	80	0	0	3360	P1-5-3	0	-
34	21.006510	21.253906	F4	25	80	0	0	3390	P1-5-4	0	-
35	21.263021	21.386719	Eb4	31	80	0	0	3420	P1-5-5	0	-
36	21.427083	21.541667	D4	29	80	0	0	3450	P1-5-6	0	-
37	21.557292	21.709635	Eb4	30	80	0	0	3480	P1-5-7	0	-
38	21.647135	21.869792	F4	39	80	0	0	3510	P1-5-8	0	-
39	21.766927	21.889323	G4	42	80	0	0	3540	P1-5-9	0	-
40	21.865885	21.945312	A4	42	80	0	0	3570	P1-5-10	0	-
41	21.963542	22.055990	Bb4	42	80	0	0	3600	P1-5-11	0	-
42	22.079427	22.192708	C5	46	80	0	0	3630	P1-5-12	0	-
43	22.192708	23.459635	D5	52	80	0	0	3690	P1-6-1	0	-
44	23.201823	23.454427	Eb5	55	80	0	0	3900	P1-6-2	0	-
45	23.475260	24.569010	F5	50	80	0	0	3930	P1-6-3	0	-
46	24.850260	25.839844	F5	57	80	0	0	4170	P1-6-4	0	-
47	24.888021	25.919271	D3	19	80	0	0	4170	P1-6-9	0	-
48	24.894531	27.250000	B3	22	80	0	0	4170	P1-6-8	0	-
49	24.903646	25.739583	Ab4	25	80	0	0	4170	P1-6-5	0	-
50	26.393229	27.979167	F5	32	80	0	0	4410	P1-7-1	0	-
51	26.406250	28.699219	G4	21	80	0	0	4410	P1-7-6	0	-
52	26.411458	28.179688	Eb3	15	80	0	0	4410	P1-7-15	0	-
53	27.861979	28.699219	Eb5	36	80	0	0	4650	P1-7-2	0	-
54	27.872396	27.878906	F3	17	80	0	0	4650	*	3	-
55	27.876302	28.628906	C4	17	80	0	0	4650	P1-7-11	0	-
56	28.553385	29.459635	D5	50	80	0	0	4770	P1-7-3	0	-
57	28.583333	29.449219	D4	24	80	0	0	4770	P1-7-12	0	-
58	28.584635	29.378906	F3	20	80	0	0	4770	P1-7-16	0	-
59	28.593750	29.059896	Bb4	25	80	0	0	4770	P1-7-7	0	-
60	29.276042	29.839844	C5	52	80	0	0	4890	P1-7-4	0	-
61	29.290365	29.919271	Eb4	31	80	0	0	4890	P1-7-13	0	-
62	29.307292	29.459635	Eb3	24	80	0	0	4890	*	3	-
63	29.315104	29.799479	G3	25	80	0	0	4890	P1-7-17	0	-
64	29.315104	29.799479	Bb4	29	80	0	0	4890	P1-7-8	0	-
65	30.010417	30.598958	C5	63	80	0	0	5010	P1-7-5	0	-
66	30.049479	30.519531	E4	31	80	0	0	5010	P1-7-14	0	-
67	30.050781	30.468750	Bb4	35	80	0	0	5010	P1-7-9	0	-
68	30.052083	30.378906	Bb3	28	80	0	0	5010	*	3	-
69	30.053385	30.779948	G3	28	80	0	0	5010	P1-7-18	0	-
70	30.575521	31.109375	F3	22	80	0	0	5130	P1-8-23	0	-
71	30.731771	32.109375	E4	37	80	0	0	5130	P1-8-19	0	-
72	30.733073	30.820312	C5	55	80	0	0	-1	*	3	-
73	30.764323	31.079427	Bb4	39	80	0	0	5130	P1-8-9	0	-
74	30.854167	30.916667	D5	49	80	0	0	5130	P1-8-11	0	-
75	30.945312	31.019531	C5	44	80	0	0	5145	P1-8-12	0	-
76	31.003906	31.079427	D5	45	80	0	0	5160	P1-8-13	0	-
77	31.074219	31.199219	C5	41	80	0	0	5175	P1-8-14	0	-
78	31.165365	31.269531	D5	46	80	0	0	5190	P1-8-15	0	-
79	31.205729	31.257812	C5	43	80	0	0	5205	P1-8-16	0	-
80	31.290365	31.419271	B4	48	80	0	0	5220	P1-8-17	0	-
81	31.354167	31.421875	C5	44	80	0	0	5235	P1-8-18	0	-
82	31.447917	32.069010	D5	50	80	0	0	-1	*	3	-
83	31.449219	31.619792	Bb4	36	80	0	0	-1	*	3	-
84	31.871094	32.049479	C5	48	80	0	0	5310	P1-8-5	0	-
85	32.255208	33.139323	C5	30	80	0	0	5370	P1-8-6	0	-
86	32.273438	32.979167	F4	20	80	0	0	5370	P1-8-20	0	-
87	32.303385	32.908854	A4	19	80	0	0	5370	P1-8-10	0	-
88	33.772135	34.166667	F3	29	80	0	0	5670	P1-8-26	0	-
89	34.132812	34.619792	G3	30	80	0	0	5730	P1-8-28	0	-
90	34.147135	34.509115	Eb3	22	80	0	0	5730	P1-8-27	0	-
91	34.503906	34.975260	A3	34	80	0	0	5790	P1-8-30	0	-
92	34.522135	34.989583	Eb3	22	80	0	0	-1	*	3	-
93	34.522135	34.979167	C3	26	80	0	0	5790	P1-8-29	0	-
94	34.937500	39.479167	Bb3	33	80	0	0	5850	P1-9-1	0	-
95	34.950521	37.199219	D3	23	80	0	0	5850	P1-9-3	0	-
96	34.951823	38.598958	Bb2	25	80	0	0	5850	P1-9-2	0	-
97	34.954427	36.059896	F3	23	80	0	0	-1	*	3	-
98	36.220052	36.539062	Eb3	24	80	0	0	6060	P1-9-5	0	-
99	36.220052	36.468750	C3	23	80	0	0	6060	P1-9-4	0	-
100	36.433594	37.809896	F3	32	80	0	0	6090	P1-9-7	0	-
101	37.822917	41.468750	F3	28	80	0	0	6330	P1-9-9	0	-
102	37.832031	41.619792	D3	22	80	0	0	6330	P1-9-8	0	-
103	39.222656	41.679688	Bb2	19	80	0	0	6570	P1-10-11	0	-
104	39.226562	39.239583	Bb1	18	80	0	0	6570	*	3	-
105	39.231771	40.158854	D5	40	80	0	0	6570	P1-10-1	0	-
106	40.175781	40.309896	Eb5	34	80	0	0	6660	P1-10-8	0	-
107	40.261719	40.324219	D5	33	80	0	0	6670	P1-10-9	0	-
108	40.346354	40.559896	C5	39	80	0	0	6680	P1-10-10	0	-
109	40.415365	40.829427	D5	43	80	0	0	6690	P1-10-2	0	-
110	40.664062	40.864583	Eb5	41	80	0	0	6780	P1-10-3	0	-
111	40.876302	41.479167	F5	36	80	0	0	6810	P1-10-4	0	-
112	42.305990	43.929688	Bb3	21	80	0	0	7050	P1-10-7	0	-
113	42.324219	44.000000	F3	16	80	0	0	7050	P1-10-6	0	-
114	42.324219	43.250000	D3	14	80	0	0	7050	P1-10-5	0	-
115	42.337240	42.759115	Bb1	16	80	0	0	7050	P1-10-14	0	-
116	42.337240	43.139323	Bb2	16	80	0	0	7050	P1-10-15	0	-
117	43.813802	45.489583	A3	19	80	0	0	7290	P1-11-1	0	-
118	43.825521	45.069010	Eb3	16	80	0	0	7290	P1-11-3	0	-
119	43.825521	44.688802	F2	16	80	0	0	7290	P1-11-11	0	-
120	43.825521	43.839844	F1	19	80	0	0	7290	P1-11-10	0	-
121	43.826823	45.289062	C3	16	80	0	0	7290	P1-11-2	0	-
122	44.981771	45.277344	F3	27	80	0	0	7500	P1-11-5	0	-
123	45.013021	45.309896	D3	19	80	0	0	7500	P1-11-4	0	-
124	45.242188	46.199219	Gb3	31	80	0	0	7530	P1-11-7	0	-
125	45.251302	46.299479	Eb3	29	80	0	0	7530	P1-11-6	0	-
126	46.645833	47.259115	Gb3	39	80	0	0	7770	P1-11-9	0	-
127	46.710938	47.339844	Eb3	15	80	0	0	7770	P1-11-8	0	-
128	48.088542	48.889323	C6	53	80	0	0	8010	P1-12-1	0	-
129	48.091146	48.399740	Gb3	29	80	0	0	8010	P1-12-12	0	-
130	48.098958	50.079427	Eb3	25	80	0	0	8010	P1-12-11	0	-
131	48.108073	50.269531	F2	23	80	0	0	8010	P1-12-10	0	-
132	48.949219	49.029948	D6	36	80	0	0	8100	P1-12-7	0	-
133	49.005208	49.149740	C6	49	80	0	0	8110	P1-12-8	0	-
134	49.089844	49.165365	B5	39	80	0	0	8120	P1-12-9	0	-
135	49.161458	49.468750	C6	54	80	0	0	8130	P1-12-2	0	-
136	49.414062	49.649740	D6	66	80	0	0	8220	P1-12-3	0	-
137	49.625000	50.269531	Eb6	63	80	0	0	8250	P1-12-4	0	-
138	50.888021	52.529948	Gb4	64	80	0	0	8490	P1-12-6	0	-
139	50.895833	52.128906	Eb4	51	80	0	0	8490	P1-12-5	0	-
140	50.902344	51.979167	C4	43	80	0	0	8490	P1-12-15	0	-
141	50.912760	52.239583	Bb3	39	80	0	0	8490	P1-12-14	0	-
142	52.423177	55.628906	F4	54	80	0	0	8730	P1-13-1	0	-
143	52.455729	53.598958	A3	30	80	0	0	8730	P1-13-6	0	-
144	52.459635	53.718750	Eb4	40	80	0	0	8730	P1-13-2	0	-
145	52.464844	53.718750	C4	31	80	0	0	8730	P1-13-7	0	-
146	53.622396	53.846354	D4	45	80	0	0	8940	P1-13-9	0	-
147	53.631510	53.851562	B3	39	80	0	0	8940	P1-13-8	0	-
148	53.842448	54.878906	Eb4	55	80	0	0	8970	P1-13-11	0	-
149	53.865885	54.789062	C4	38	80	0	0	8970	P1-13-10	0	-
150	55.333333	56.739583	Eb4	39	80	0	0	9210	P1-13-13	0	-
151	55.345052	56.399740	C4	34	80	0	0	9210	P1-13-12	0	-
152	56.682292	59.009115	F3	21	80	0	0	9450	P1-14-15	0	-
153	56.714844	59.169271	C4	19	80	0	0	9450	P1-14-12	0	-
154	56.753906	59.279948	Eb4	24	80	0	0	9450	P1-14-10	0	-
155	56.786458	57.609375	C6	60	80	0	0	9450	P1-14-1	0	-
156	57.654948	57.716146	D6	40	80	0	0	9540	P1-14-7	0	-
157	57.729167	57.848958	C6	50	80	0	0	9550	P1-14-8	0	-
158	57.794271	57.889323	B5	53	80	0	0	9560	P1-14-9	0	-
159	57.855469	58.419271	C6	65	80	0	0	9570	P1-14-2	0	-
160	58.225260	58.809896	D6	69	80	0	0	9660	P1-14-3	0	-
161	58.621094	59.250000	Eb6	64	80	0	0	9690	P1-14-4	0	-
162	58.631510	59.479167	A3	27	80	0	0	9690	P1-14-13	0	-
163	60.032552	61.658854	Eb5	69	80	0	0	9930	P1-14-6	0	-
164	60.053385	60.829427	C4	35	80	0	0	9930	P1-14-14	0	-
165	60.058594	61.669271	A4	38	80	0	0	9930	P1-14-5	0	-
166	60.063802	61.250000	F#3	35	80	0	0	9930	P1-14-16	0	-
167	60.065104	60.839844	Eb4	36	80	0	0	9930	P1-14-11	0	-
168	61.583333	62.938802	D5	45	80	0	0	10170	P1-15-2	0	-
169	61.602865	62.309896	D4	25	80	0	0	10170	P1-15-12	0	-
170	61.604167	62.449219	Bb4	29	80	0	0	10170	P1-15-1	0	-
171	61.606771	62.500000	G3	24	80	0	0	10170	P1-15-10	0	-
172	61.614583	62.429688	Bb3	26	80	0	0	10170	P1-15-11	0	-
173	62.934896	66.069010	G5	75	80	0	0	10410	P1-15-4	0	-
174	64.334635	64.609375	G4	61	80	0	0	10650	P1-15-6	0	-
175	64.342448	64.658854	Db4	61	80	0	0	10650	P1-15-17	0	-
176	64.343750	64.658854	Db5	64	80	0	0	10650	P1-15-8	0	-
177	64.343750	64.679688	Bb4	59	80	0	0	10650	P1-15-7	0	-
178	64.352865	64.639323	E3	47	80	0	0	10650	P1-15-15	0	-
179	64.354167	64.658854	Bb3	56	80	0	0	10650	P1-15-16	0	-
180	65.924479	67.709635	F5	53	80	0	0	10890	P1-16-1	0	-
181	67.367188	67.919271	D5	31	80	0	0	11130	P1-16-6	0	-
182	67.375000	67.919271	F4	21	80	0	0	11130	P1-16-4	0	-
183	67.384115	67.848958	D4	21	80	0	0	11130	P1-16-15	0	-
184	67.385417	67.769531	Bb4	20	80	0	0	11130	P1-16-5	0	-
185	67.393229	67.809896	Bb3	18	80	0	0	11130	P1-16-14	0	-
186	67.395833	67.959635	F3	15	80	0	0	11130	P1-16-13	0	-
187	68.882812	69.399740	A4	28	80	0	0	11370	P1-16-10	0	-
188	68.907552	69.369792	F2	17	80	0	0	11370	P1-16-17	0	-
189	68.911458	69.369792	C4	18	80	0	0	11370	P1-16-8	0	-
190	68.914062	69.350260	Eb4	19	80	0	0	11370	P1-16-9	0	-
191	68.920573	69.309896	F3	15	80	0	0	11370	P1-16-18	0	-
192	70.302083	71.639323	Bb3	23	80	0	0	11610	P1-17-1	0	-
193	70.305990	70.579427	Bb4	26	80	0	0	11610	P1-17-3	0	-
194	70.305990	71.139323	Bb1	23	80	0	0	11610	P1-17-7	0	-
195	70.308594	70.319010	D4	21	80	0	0	11610	P1-17-2	0	-
196	70.311198	70.968750	Bb2	22	80	0	0	11610	P1-17-8	0	-
197	70.322917	71.549479	F3	18	80	0	0	11610	*	3	-
198	71.447917	71.531250	Bb2	26	80	0	0	11790	P1-17-10	0	-
199	71.561198	71.878906	F3	26	80	0	0	11790	*	3	-
200	71.570312	71.688802	Bb1	29	80	0	0	11810	P1-17-11	0	-
201	71.644531	72.709635	Bb3	29	80	0	0	11830	*	3	-
202	71.645833	71.799479	Bb2	28	80	0	0	11830	P1-17-12	0	-
203	71.753906	72.179688	Bb1	33	80	0	0	11850	P1-17-13	0	-
204	72.772135	72.843750	Bb2	26	80	0	0	12030	P1-17-15	0	-
205	72.878906	73.000000	Bb1	25	80	0	0	12050	P1-17-16	0	-
206	72.964844	73.449219	Bb2	23	80	0	0	12070	P1-17-17	0	-
207	73.075521	73.408854	F3	24	80	0	0	12070	*	3	-
208	73.075521	73.598958	Bb1	27	80	0	0	12090	P1-17-18	0	-
209	74.035156	74.179688	Bb2	23	80	0	0	12270	P1-17-20	0	-
210	74.154948	74.789062	Bb1	23	80	0	0	12290	P1-17-21	0	-
211	74.236979	78.319010	Bb2	25	80	0	0	12310	P1-17-22	0	-
212	74.382812	75.899740	Eb4	47	80	0	0	12330	P1-18-3	0	-
213	74.390625	74.929688	Bb3	31	80	0	0	12330	P1-18-2	0	-
214	74.403646	74.609375	F3	28	80	0	0	12330	P1-18-10	1	-
215	74.407552	75.319010	G3	25	80	0	0	12330	P1-18-1	0	-
216	75.695312	77.098958	D4	35	80	0	0	12570	P1-18-6	0	-
217	75.722656	76.718750	F3	21	80	0	0	12570	P1-18-4	0	-
218	75.723958	76.549479	Bb3	26	80	0	0	12570	P1-18-5	0	-
219	76.970052	77.989583	C#4	30	80	0	0	12810	*	3	-
220	76.983073	77.859375	Bb3	23	80	0	0	12810	P1-18-9	1	-
221	77.005208	77.869792	E3	18	80	0	0	12810	P1-18-7	0	-
222	78.312500	80.908854	C#4	31	80	0	0	13050	*	3	-
223	78.322917	79.419271	E3	20	80	0	0	13050	P1-19-1	0	-
224	78.322917	82.419271	Bb3	23	80	0	0	13050	P1-19-3	1	-
225	79.360677	79.559896	Bb2	19	80	0	0	13230	P1-19-11	0	-
226	79.481771	79.489583	Bb1	21	80	0	0	13250	P1-19-12	0	-
227	79.484375	80.679688	F3	18	80	0	0	13290	P1-19-4	0	-
228	79.570312	79.769531	Bb2	24	80	0	0	13270	P1-19-13	0	-
229	79.699219	80.848958	D4	26	80	0	0	-1	*	3	-
230	79.703125	80.019531	Bb1	25	80	0	0	13290	P1-19-14	0	-
231	80.669271	80.751302	Bb2	23	80	0	0	13470	P1-19-16	0	-
232	80.782552	80.968750	F3	23	80	0	0	13470	*	3	-
233	80.785156	80.834635	Bb1	25	80	0	0	13490	P1-19-17	0	-
234	80.865885	81.039062	Bb2	26	80	0	0	13510	P1-19-18	0	-
235	80.980469	82.029948	F3	24	80	0	0	13510	*	3	-
236	80.984375	81.250000	Bb1	28	80	0	0	13530	P1-19-19	0	-
237	81.910156	82.139323	Bb2	22	80	0	0	13710	P1-19-21	0	-
238	82.040365	82.119792	Bb1	22	80	0	0	13730	P1-19-22	0	-
239	82.044271	82.149740	F3	20	80	0	0	-1	*	3	-
240	82.148438	83.179688	Bb2	27	80	0	0	13750	P1-19-23	0	-
241	82.283854	83.348958	C4	36	80	0	0	13770	P1-20-10	0	-
242	82.287760	82.479167	F3	22	80	0	0	-1	*	3	-
243	82.287760	83.769531	Eb3	24	80	0	0	13770	P1-20-1	0	-
244	82.303385	83.829427	G3	23	80	0	0	13770	P1-20-2	0	-
245	83.277344	83.384115	D4	33	80	0	0	13920	P1-20-12	0	-
246	83.307292	83.319010	D3	18	80	0	0	-1	*	3	-
247	83.309896	83.709635	F3	19	80	0	0	-1	*	3	-
248	83.424479	83.509115	C4	40	80	0	0	13950	P1-20-13	0	-
249	83.488281	83.679688	B3	45	80	0	0	13980	P1-20-14	1	-
250	83.587240	84.229167	C4	50	80	0	0	14010	P1-20-6	0	-
251	84.226562	85.065104	Eb4	52	80	0	0	14130	P1-20-7	0	-
252	84.238281	84.367188	C4	32	80	0	0	14250	*	3	-
253	84.955729	85.861979	C4	39	80	0	0	14250	P1-20-8	0	-
254	84.973958	86.559896	Gb3	24	80	0	0	14250	P1-20-4	0	-
255	84.975260	87.218750	Eb3	21	80	0	0	14250	P1-20-3	0	-
256	85.795573	86.359375	A3	29	80	0	0	14370	P1-20-9	0	-
257	86.704427	88.209635	C4	32	80	0	0	14490	P1-21-4	0	-
258	86.717448	87.500000	A3	20	80	0	0	14490	P1-21-3	0	-
259	86.722656	87.500000	Gb3	19	80	0	0	14490	P1-21-2	0	-
260	87.813802	88.039062	Bb2	23	80	0	0	14670	P1-21-12	0	-
261	87.964844	88.039062	Bb1	20	80	0	0	14690	P1-21-13	0	-
262	87.972656	88.039062	F3	18	80	0	0	-1	*	3	-
263	88.052083	88.354167	Bb2	18	80	0	0	14710	P1-21-14	0	-
264	88.175781	89.609375	Bb3	25	80	0	0	14730	P1-21-7	0	-
265	88.180990	88.619792	Bb1	27	80	0	0	14730	P1-21-15	0	-
266	88.182292	88.399740	F3	24	80	0	0	14730	P1-21-6	0	-
267	89.214844	89.328125	Bb2	21	80	0	0	14910	P1-21-17	0	-
268	89.341146	89.399740	Bb1	19	80	0	0	14930	P1-21-18	0	-
269	89.345052	89.468750	F3	18	80	0	0	-1	*	3	-
270	89.445312	89.559896	Bb2	15	80	0	0	-1	*	3	-
271	89.572917	90.378906	Bb1	15	80	0	0	-1	*	3	-
272	89.574219	89.899740	Bb2	14	80	0	0	14950	P1-21-19	0	-
273	89.576823	89.989583	F3	16	80	0	0	-1	*	3	-
274	90.506510	90.739583	Bb2	18	80	0	0	15150	P1-21-22	0	-
275	90.753906	90.938802	Bb2	25	80	0	0	15170	P1-21-23	1	-
276	90.924479	91.519531	Bb4	36	80	0	0	15210	P1-22-2	0	-
277	90.936198	91.569010	D4	21	80	0	0	15210	P1-22-1	0	-
278	90.950521	93.119792	Bb2	19	80	0	0	15190	P1-21-24	0	-
279	90.954427	91.389323	Bb3	22	80	0	0	-1	*	3	-
280	92.212240	92.929688	G4	35	80	0	0	15450	P1-22-5	0	-
281	92.231771	92.908854	Bb3	24	80	0	0	15450	P1-22-3	0	-
282	92.234375	92.759115	D4	22	80	0	0	15450	P1-22-4	0	-
283	93.515625	95.134115	F4	48	80	0	0	15690	P1-22-8	0	-
284	93.542969	95.169271	D4	33	80	0	0	15690	P1-22-7	0	-
285	93.545573	95.019531	A3	25	80	0	0	15690	P1-22-6	0	-
286	95.033854	96.389323	E4	29	80	0	0	15930	P1-23-3	0	-
287	95.058594	96.529948	C4	19	80	0	0	15930	P1-23-2	0	-
288	95.065104	96.449219	G3	18	80	0	0	15930	P1-23-1	0	-
289	96.002604	96.188802	C3	26	80	0	0	16110	P1-23-15	0	-
290	96.152344	96.309896	C2	26	80	0	0	16130	P1-23-16	0	-
291	96.269531	96.347656	C3	29	80	0	0	16150	P1-23-17	0	-
292	96.403646	96.500000	C2	17	80	0	0	16170	P1-23-18	0	-
293	97.000000	97.389323	E4	38	80	0	0	16290	P1-23-6	0	-
294	97.023438	97.500000	C4	24	80	0	0	16290	P1-23-5	0	-
295	97.368490	97.539062	C6	41	80	0	0	16350	P1-23-20	0	-
296	97.470052	97.619792	C5	32	80	0	0	16370	P1-23-21	0	-
297	97.553385	98.029948	C6	45	80	0	0	16390	P1-23-22	0	-
298	97.662760	98.369792	F4	38	80	0	0	16410	P1-23-9	0	-
299	97.662760	98.229167	C5	40	80	0	0	16410	P1-23-23	0	-
300	97.701823	98.069010	A3	20	80	0	0	16410	P1-23-7	0	-
301	97.707031	98.033854	C4	17	80	0	0	16410	P1-23-8	0	-
302	98.342448	98.718750	G4	40	80	0	0	16530	P1-23-12	0	-
303	98.346354	98.653646	C4	31	80	0	0	16530	P1-23-11	0	-
304	98.352865	98.688802	Bb3	33	80	0	0	16530	P1-23-10	0	-
305	99.062500	99.359375	G4	29	80	0	0	16650	P1-24-3	0	-
306	99.095052	100.399740	C4	21	80	0	0	16650	P1-24-2	0	-
307	99.096354	99.348958	Bb3	21	80	0	0	16650	P1-24-1	0	-
308	100.044271	100.378906	E4	29	80	0	0	16830	P1-24-6	0	-
309	100.048177	100.250000	C3	26	80	0	0	16830	P1-24-21	0	-
310	100.053385	100.329427	G#3	25	80	0	0	16830	P1-24-4	0	-
311	100.171875	100.389323	C2	26	80	0	0	16850	P1-24-22	0	-
312	100.296875	100.539062	C3	22	80	0	0	16870	P1-24-23	0	-
313	100.372396	100.718750	F4	32	80	0	0	16890	P1-24-9	0	-
314	100.391927	100.630208	A3	20	80	0	0	16890	P1-24-7	0	-
315	100.403646	100.669271	C2	22	80	0	0	16890	P1-24-24	0	-
316	100.407552	100.759115	C4	18	80	0	0	16890	P1-24-8	0	-
317	101.002604	101.239583	F4	43	80	0	0	17010	P1-24-12	0	-
318	101.020833	101.299479	C4	29	80	0	0	17010	P1-24-11	0	-
319	101.024740	101.239583	A3	23	80	0	0	17010	P1-24-10	0	-
320	101.365885	101.408854	F4	27	80	0	0	-1	*	3	-
321	101.367188	101.489583	C6	46	80	0	0	17070	P1-24-26	0	-
322	101.446615	101.589844	C5	40	80	0	0	17090	P1-24-27	0	-
323	101.524740	101.688802	C6	52	80	0	0	17110	P1-24-28	0	-
324	101.634115	101.979167	G4	52	80	0	0	17130	P1-24-15	0	-
325	101.664062	101.949219	E4	35	80	0	0	17130	P1-24-14	0	-
326	101.665365	101.908854	C4	30	80	0	0	17130	P1-24-13	0	-
327	102.268229	102.739583	A4	50	80	0	0	17250	P1-24-18	0	-
328	102.324219	102.729167	C4	22	80	0	0	17250	P1-24-16	0	-
329	102.334635	102.750000	F4	22	80	0	0	17250	P1-24-17	0	-
330	102.997396	103.399740	A4	36	80	0	0	17370	P1-25-2	0	-
331	103.032552	103.529948	F4	25	80	0	0	17370	P1-25-1	1	-
332	103.033854	103.579427	C4	22	80	0	0	17370	P1-25-16	0	-
333	103.937500	104.259115	F#4	31	80	0	0	17550	P1-25-4	0	-
334	103.941406	104.128906	C3	26	80	0	0	17550	P1-25-20	0	-
335	103.944010	104.269531	D#4	27	80	0	0	17550	P1-25-3	0	-
336	104.197917	104.509115	C3	27	80	0	0	17590	P1-25-22	0	-
337	104.290365	104.658854	G4	34	80	0	0	17610	P1-25-6	0	-
338	104.303385	104.639323	E4	33	80	0	0	17610	P1-25-5	0	-
339	104.322917	104.579427	C2	24	80	0	0	17610	P1-25-23	0	-
340	104.907552	105.259115	G4	46	80	0	0	17730	P1-25-9	0	-
341	104.923177	105.239583	E4	38	80	0	0	17730	P1-25-8	0	-
342	104.954427	105.319010	C4	27	80	0	0	17730	P1-25-7	0	-
343	105.242188	105.378906	C6	51	80	0	0	17790	P1-25-25	0	-
344	105.342448	105.449219	C5	32	80	0	0	17810	P1-25-26	0	-
345	105.423177	105.483073	C6	53	80	0	0	17830	P1-25-27	0	-
346	105.516927	105.869792	C5	50	80	0	0	17850	P1-25-28	0	-
347	105.520833	106.188802	A4	55	80	0	0	17850	P1-25-12	0	-
348	105.545573	106.169271	F4	38	80	0	0	17850	P1-25-11	0	-
349	105.553385	106.009115	C4	36	80	0	0	17850	P1-25-10	0	-
350	106.162760	106.628906	G4	44	80	0	0	17970	P1-25-14	0	-
351	106.162760	106.579427	Bb4	58	80	0	0	17970	P1-25-15	0	-
352	106.171875	106.639323	C4	34	80	0	0	17970	P1-25-13	0	-
353	106.832031	107.500000	Bb4	54	80	0	0	18090	P1-26-2	0	-
354	106.865885	107.500000	C4	35	80	0	0	18090	P1-26-18	0	-
355	106.872396	107.500000	G4	35	80	0	0	18090	P1-26-1	0	-
356	107.735677	108.149740	G#4	48	80	0	0	18270	P1-26-4	0	-
357	107.751302	108.119792	E4	38	80	0	0	18270	P1-26-3	0	-
358	107.764323	108.089844	C4	27	80	0	0	-1	*	3	-
359	107.770833	107.829427	Bb3	27	80	0	0	-1	*	3	-
360	107.774740	107.919271	C3	25	80	0	0	18270	P1-26-22	0	-
361	107.882812	108.699219	C2	22	80	0	0	18290	P1-26-23	0	-
362	107.966146	108.250000	C3	26	80	0	0	18310	P1-26-24	0	-
363	108.075521	108.494792	A4	56	80	0	0	18330	P1-26-6	0	-
364	108.095052	108.493490	F4	43	80	0	0	18330	P1-26-5	0	-
365	108.104167	108.480469	C4	35	80	0	0	-1	*	3	-
366	108.721354	109.059896	A4	59	80	0	0	18450	P1-26-9	0	-
367	108.743490	109.179688	F4	46	80	0	0	18450	P1-26-8	0	-
368	108.746094	109.089844	C4	41	80	0	0	18450	P1-26-7	0	-
369	109.106771	109.229167	C6	58	80	0	0	18510	P1-26-27	0	-
370	109.195312	109.279948	C5	47	80	0	0	18530	P1-26-28	0	-
371	109.282552	109.378906	C6	60	80	0	0	18550	P1-26-29	0	-
372	109.365885	109.829427	B4	67	80	0	0	18570	P1-26-13	1	-
373	109.368490	109.489583	D5	65	80	0	0	-1	*	3	-
374	109.372396	109.559896	C5	66	80	0	0	18570	P1-26-30	0	-
375	109.385417	109.848958	F4	50	80	0	0	18570	P1-26-11	0	-
376	109.385417	109.848958	D4	51	80	0	0	18570	P1-26-10	0	-
377	109.390625	109.869792	Ab4	51	80	0	0	18570	P1-26-12	0	-
378	110.110677	110.429688	B4	70	80	0	0	18690	P1-26-17	1	-
379	110.141927	110.399740	D4	48	80	0	0	18690	P1-26-14	0	-
380	110.144531	110.319010	D5	59	80	0	0	-1	*	3	-
381	110.145833	110.339844	B3	47	80	0	0	-1	*	3	-
382	110.148438	110.449219	Ab4	45	80	0	0	18690	P1-26-16	0	-
383	110.390625	110.539062	C6	46	80	0	0	18750	P1-26-32	0	-
384	110.447917	110.523438	C5	48	80	0	0	18770	P1-26-33	0	-
385	110.553385	111.179688	C6	54	80	0	0	18790	P1-26-34	0	-
386	110.821615	111.589844	C5	45	80	0	0	18810	P1-27-3	0	-
387	110.856771	111.279948	G4	28	80	0	0	18810	P1-27-2	0	-
388	110.859375	111.279948	E4	28	80	0	0	18810	P1-27-1	0	-
389	111.571615	112.139323	G4	37	80	0	0	18930	P1-27-6	0	-
390	111.572917	112.468750	C4	28	80	0	0	18930	P1-27-4	0	-
391	111.575521	112.128906	E4	25	80	0	0	18930	P1-27-5	0	-
392	112.003906	112.149740	C3	27	80	0	0	18990	P1-27-18	0	-
393	112.113281	112.378906	C2	21	80	0	0	19020	P1-27-19	0	-
394	112.191406	112.348958	C3	27	80	0	0	19050	P1-27-20	0	-
395	112.794271	113.049479	G4	48	80	0	0	19170	P1-27-9	0	-
396	112.842448	113.019531	E4	20	80	0	0	19170	P1-27-8	0	-
397	112.845052	113.059896	C4	15	80	0	0	19170	P1-27-7	0	-
398	113.173177	113.389323	C6	39	80	0	0	19230	P1-27-22	0	-
399	113.253906	113.389323	C5	36	80	0	0	19260	P1-27-23	0	-
400	113.365885	113.519531	B5	60	80	0	0	19290	P1-27-24	1	-
401	113.365885	113.789062	B4	55	80	0	0	19290	P1-27-12	0	-
402	113.403646	113.718750	F4	34	80	0	0	19290	P1-27-11	0	-
403	113.407552	113.899740	D4	35	80	0	0	19290	P1-27-10	0	-
404	113.997396	114.569010	G4	60	80	0	0	19410	P1-27-15	0	-
405	114.014323	114.169271	F4	42	80	0	0	19410	P1-27-14	0	-
406	114.627604	115.438802	C5	48	80	0	0	19530	P1-28-3	0	-
407	114.664062	115.069010	E4	30	80	0	0	19530	P1-28-2	0	-
408	114.669271	115.109375	C4	25	80	0	0	19530	P1-28-1	0	-
409	114.673177	114.929688	G4	29	80	0	0	19530	*	3	-
410	115.317708	115.839844	G4	34	80	0	0	19650	P1-28-6	0	-
411	115.342448	115.759115	E4	26	80	0	0	19650	P1-28-5	0	-
412	115.352865	116.109375	C4	21	80	0	0	19650	P1-28-4	0	-
413	115.734375	115.878906	C3	22	80	0	0	19710	P1-28-18	0	-
414	115.813802	116.000000	C2	27	80	0	0	19740	P1-28-19	0	-
415	115.941406	116.079427	C3	28	80	0	0	19770	P1-28-20	0	-
416	116.500000	116.789062	G4	46	80	0	0	19890	P1-28-9	0	-
417	116.526042	116.819010	E4	34	80	0	0	19890	P1-28-8	0	-
418	116.528646	116.889323	C4	31	80	0	0	19890	P1-28-7	0	-
419	116.904948	117.069010	C6	45	80	0	0	19950	P1-28-22	0	-
420	117.003906	117.075521	C5	39	80	0	0	19980	P1-28-23	0	-
421	117.105469	117.348958	B4	55	80	0	0	20010	P1-28-12	0	-
422	117.109375	117.218750	B5	57	80	0	0	20010	P1-28-24	1	-
423	117.132812	117.359375	F4	37	80	0	0	20010	P1-28-11	0	-
424	117.134115	117.329427	D4	33	80	0	0	20010	P1-28-10	0	-
425	117.714844	118.429688	G4	54	80	0	0	20130	P1-28-15	0	-
426	117.759115	118.419271	F4	32	80	0	0	20130	P1-28-14	0	-
427	117.763021	118.149740	D4	29	80	0	0	20130	P1-28-13	0	-
428	118.388021	119.079427	C5	51	80	0	0	20250	P1-29-3	0	-
429	118.432292	118.779948	C4	20	80	0	0	20370	*	3	-
430	118.440104	118.779948	E4	21	80	0	0	20370	*	3	-
431	118.442708	118.489583	G4	22	80	0	0	20370	*	3	-
432	119.108073	120.968750	G4	39	80	0	0	20370	P1-29-6	0	-
433	119.132812	119.929688	C4	24	80	0	0	20370	P1-29-4	0	-
434	119.134115	119.899740	E4	27	80	0	0	20370	P1-29-5	0	-
435	119.563802	119.718750	C3	26	80	0	0	20430	P1-29-15	0	-
436	119.697917	120.729167	C2	23	80	0	0	20460	P1-29-16	0	-
437	119.785156	120.119792	C3	30	80	0	0	20490	P1-29-17	0	-
438	120.477865	121.559896	E4	34	80	0	0	20610	P1-29-9	0	-
439	120.500000	121.259115	C4	21	80	0	0	20610	P1-29-8	0	-
440	120.505208	121.149740	G3	18	80	0	0	20610	P1-29-7	0	-
441	120.902344	121.029948	C3	19	80	0	0	20670	P1-29-19	0	-
442	121.010417	121.539062	C2	21	80	0	0	20700	P1-29-20	0	-
443	121.096354	121.369792	C3	26	80	0	0	20730	P1-29-21	0	-
444	121.746094	123.009115	C4	20	80	0	0	20850	P1-29-12	0	-
445	121.753906	123.188802	G3	20	80	0	0	20850	P1-29-11	0	-
446	121.755208	123.378906	E3	19	80	0	0	20850	P1-29-10	1	-
447	122.138021	122.348958	C3	21	80	0	0	20910	P1-29-23	0	-
448	122.246094	123.139323	C2	21	80	0	0	20940	P1-29-24	0	-
449	122.356771	123.239583	C3	25	80	0	0	20970	P1-30-13	0	-
450	123.014323	123.949219	C4	43	80	0	0	21090	P1-30-14	0	-
451	123.695312	124.519531	B3	52	80	0	0	21210	P1-30-15	0	-
452	124.411458	125.799479	C4	48	80	0	0	21330	P1-30-19	0	-
453	124.440104	125.139323	Bb3	35	80	0	0	21330	P1-30-16	0	-
454	125.079427	125.744792	A3	44	80	0	0	21450	P1-30-17	0	-
455	125.415365	125.473958	D4	46	80	0	0	21510	P1-30-7	0	-
456	125.571615	125.641927	E4	57	80	0	0	21540	P1-30-8	0	-
457	125.742188	125.845052	F4	53	80	0	0	21570	P1-30-9	0	-
458	125.755208	125.843750	Bb3	36	80	0	0	21570	P1-30-20	0	-
459	125.764323	125.842448	G3	35	80	0	0	21570	P1-30-18	0	-
460	125.919271	125.993490	G4	53	80	0	0	21600	P1-30-10	0	-
461	126.084635	126.165365	A4	52	80	0	0	21630	P1-30-11	0	-
462	126.269531	126.414062	Bb4	44	80	0	0	21660	P1-30-12	0	-
463	126.515625	126.878906	F2	24	80	0	0	21690	P1-31-9	0	-
464	126.527344	128.109375	C5	43	80	0	0	21690	P1-31-1	0	-
465	127.179688	127.968750	F3	21	80	0	0	21810	P1-31-10	0	-
466	127.761719	128.209635	A3	16	80	0	0	21930	P1-31-11	0	-
467	127.766927	128.468750	C4	17	80	0	0	21930	P1-31-12	0	-
468	127.770833	128.218750	F4	16	80	0	0	21930	P1-31-7	0	-
469	128.404948	129.329427	F3	24	80	0	0	22050	P1-31-13	0	-
470	128.834635	129.013021	A4	33	80	0	0	22140	P1-31-3	0	-
471	129.029948	130.449219	F5	40	80	0	0	22170	P1-31-4	0	-
472	129.055990	130.938802	F4	20	80	0	0	22170	P1-31-8	0	-
473	129.062500	129.789062	D4	16	80	0	0	22170	P1-31-15	0	-
474	129.070312	129.589844	Bb3	14	80	0	0	22170	P1-31-14	0	-
475	129.684896	130.389323	F3	19	80	0	0	22290	P1-31-16	0	-
476	130.115885	130.389323	D5	35	80	0	0	22380	P1-31-5	0	-
477	130.307292	131.079427	C5	42	80	0	0	22410	P1-32-1	0	-
478	130.317708	130.989583	C4	22	80	0	0	22410	P1-32-11	0	-
479	130.324219	130.989583	A3	21	80	0	0	22410	P1-32-10	0	-
480	130.966146	131.829427	F3	22	80	0	0	22530	P1-32-12	0	-
481	131.572917	133.519531	F4	22	80	0	0	22650	P1-32-7	0	-
482	131.579427	132.218750	C4	19	80	0	0	22650	P1-32-14	0	-
483	131.589844	132.218750	A3	17	80	0	0	22650	P1-32-13	0	-
484	132.165365	133.819010	F3	22	80	0	0	22770	P1-32-15	0	-
485	132.598958	132.859375	A4	39	80	0	0	22860	P1-32-3	0	-
486	132.819010	134.098958	Bb4	39	80	0	0	22890	P1-32-4	0	-
487	132.855469	133.859375	D3	16	80	0	0	22890	P1-32-16	0	-
488	133.475260	134.059896	Bb2	22	80	0	0	23010	P1-32-17	0	-
489	133.481771	133.979167	D4	20	80	0	0	23010	P1-32-9	0	-
490	133.869792	134.059896	G4	41	80	0	0	23100	P1-32-5	0	-
491	134.087240	136.709635	F4	30	80	0	0	23130	P1-33-1	0	-
492	134.096354	134.500000	C2	18	80	0	0	23130	P1-33-10	0	-
493	134.744792	135.229167	A3	19	80	0	0	23250	P1-33-7	0	-
494	134.753906	134.959635	C4	17	80	0	0	23250	*	3	-
495	135.393229	135.718750	A3	15	80	0	0	23370	P1-33-13	0	-
496	135.395833	136.019531	F3	14	80	0	0	23370	P1-33-12	0	-
497	135.401042	135.959635	C4	16	80	0	0	23370	P1-33-8	0	-
498	136.049479	136.968750	C3	21	80	0	0	23490	P1-33-14	0	-
499	136.664062	137.408854	A4	32	80	0	0	23610	P1-33-2	0	-
500	136.695312	137.279948	G3	18	80	0	0	23610	P1-33-16	0	-
501	136.699219	137.459635	E3	18	80	0	0	23610	P1-33-15	0	-
502	136.700521	137.098958	C4	16	80	0	0	23610	P1-33-9	0	-
503	136.973958	137.359375	G4	43	80	0	0	23670	P1-33-3	0	-
504	137.261719	137.572917	F4	42	80	0	0	23730	P1-33-4	0	-
505	137.291667	138.089844	C3	24	80	0	0	23730	P1-33-17	0	-
506	137.574219	137.889323	G4	53	80	0	0	23790	P1-33-5	0	-
507	137.825521	138.869792	F2	19	80	0	0	23850	P1-34-21	0	-
508	137.925781	138.968750	G4	34	80	0	0	23850	P1-34-1	0	-
509	137.930990	138.809896	F4	30	80	0	0	23850	*	3	-
510	137.960938	139.299479	C4	23	80	0	0	23850	P1-34-13	0	-
511	138.618490	139.359375	C3	29	80	0	0	23970	P1-34-16	0	-
512	139.024740	139.299479	G#4	39	80	0	0	24060	P1-34-2	0	-
513	139.289062	140.509115	A4	32	80	0	0	24090	P1-34-3	0	-
514	139.296875	139.979167	F3	24	80	0	0	24090	P1-34-17	0	-
515	139.302083	140.188802	F4	24	80	0	0	24090	*	3	-
516	139.305990	140.128906	C4	23	80	0	0	24090	*	3	-
517	139.882812	140.759115	A2	39	80	0	0	24210	P1-34-18	0	-
518	140.544271	141.227865	Bb2	45	80	0	0	24330	P1-34-19	0	-
519	140.544271	140.929688	Bb3	41	80	0	0	24330	*	3	-
520	140.708333	140.798177	C4	55	80	0	0	24360	P1-34-6	0	-
521	140.873698	140.932292	D4	58	80	0	0	24390	P1-34-7	0	-
522	141.022135	141.084635	E4	65	80	0	0	24420	P1-34-8	0	-
523	141.182292	141.274740	F4	60	80	0	0	24450	P1-34-9	0	-
524	141.195312	141.938802	G2	31	80	0	0	24450	P1-34-20	0	-
525	141.204427	141.500000	G3	35	80	0	0	24450	*	3	-
526	141.347656	141.416667	G4	63	80	0	0	24480	P1-34-10	0	-
527	141.511719	141.574219	A4	60	80	0	0	24510	P1-34-11	0	-
528	141.674479	141.753906	Bb4	61	80	0	0	24540	P1-34-12	0	-
529	141.910156	142.199219	F2	33	80	0	0	24570	P1-35-9	0	-
530	141.910156	144.579427	C5	60	80	0	0	24570	P1-35-1	0	-
531	142.605469	143.839844	F3	22	80	0	0	24690	P1-35-10	0	-
532	143.093750	143.248698	E4	31	80	0	0	24750	P1-35-7	0	-
533	143.264323	146.449219	F4	27	80	0	0	24810	P1-35-8	0	-
534	143.266927	144.069010	A3	22	80	0	0	24810	P1-35-11	0	-
535	143.278646	144.509115	C4	20	80	0	0	24810	P1-35-12	0	-
536	143.930990	144.789062	F3	17	80	0	0	24930	P1-35-13	0	-
537	144.395833	144.585938	A4	40	80	0	0	25020	P1-35-3	0	-
538	144.583333	145.949219	F5	57	80	0	0	25050	P1-35-4	0	-
539	144.625000	145.649740	Bb3	21	80	0	0	25050	P1-35-14	0	-
540	145.265625	146.158854	F3	21	80	0	0	25170	P1-35-16	0	-
541	145.675781	145.858073	D5	47	80	0	0	25260	P1-35-5	0	-
542	145.894531	146.669271	C5	49	80	0	0	25290	P1-36-1	0	-
543	145.928385	146.669271	C4	19	80	0	0	25290	P1-36-13	0	-
544	145.932292	146.609375	A3	19	80	0	0	25290	P1-36-12	0	-
545	146.605469	147.500000	F3	27	80	0	0	25410	P1-36-14	0	-
546	147.072917	147.285156	E4	45	80	0	0	25470	P1-36-8	0	-
547	147.274740	149.500000	F4	42	80	0	0	25530	P1-36-9	0	-
548	147.282552	148.329427	C4	32	80	0	0	25530	P1-36-16	0	-
549	147.283854	148.438802	A3	30	80	0	0	25530	P1-36-15	0	-
550	147.957031	150.419271	F3	31	80	0	0	25650	P1-36-17	0	-
551	148.311198	148.736979	A4	50	80	0	0	25740	P1-36-3	0	-
552	148.690104	149.218750	C5	53	80	0	0	25770	P1-36-4	0	-
553	148.726562	150.139323	D3	21	80	0	0	25770	P1-36-18	0	-
554	149.069010	149.989583	Bb4	55	80	0	0	25830	P1-36-5	0	-
555	149.445312	150.250000	Bb2	28	80	0	0	25890	P1-36-19	0	-
556	149.447917	149.929688	D4	32	80	0	0	25890	P1-36-11	0	-
557	149.763021	150.259115	G4	55	80	0	0	25950	P1-36-6	0	-
558	150.106771	153.059896	F4	56	80	0	0	26010	P1-37-1	0	-
559	150.111979	153.119792	C3	42	80	0	0	26010	P1-37-14	0	-
560	150.111979	150.649740	C4	45	80	0	0	26010	*	3	-
561	150.138021	150.658854	A3	34	80	0	0	26010	P1-37-3	0	-
562	150.803385	151.509115	A3	50	80	0	0	26130	P1-37-5	0	-
563	150.824219	151.509115	F3	31	80	0	0	26130	P1-37-4	0	-
564	151.514323	152.549479	C4	57	80	0	0	26250	P1-37-7	0	-
565	151.516927	151.829427	F3	33	80	0	0	26250	*	3	-
566	151.518229	151.959635	A3	41	80	0	0	26250	P1-37-6	0	-
567	152.208333	152.989583	A3	45	80	0	0	26370	P1-37-9	0	-
568	152.218750	152.848958	F3	40	80	0	0	26370	P1-37-8	0	-
569	152.880208	154.329427	C2	42	80	0	0	26490	P1-37-15	0	-
570	152.881510	155.848958	C4	55	80	0	0	26490	P1-37-2	0	-
571	152.886719	153.609375	E3	40	80	0	0	26490	P1-37-10	0	-
572	153.614583	154.459635	E3	32	80	0	0	26610	P1-37-13	0	-
573	153.617188	154.329427	C3	34	80	0	0	26610	P1-37-12	0	-
574	154.324219	155.029948	A3	26	80	0	0	26730	P1-38-3	0	-
575	154.326823	154.878906	F3	23	80	0	0	26730	P1-38-2	0	-
576	154.337240	155.139323	F1	29	80	0	0	26730	P1-38-8	0	-
577	154.337240	154.959635	F2	27	80	0	0	26730	P1-38-9	0	-
578	154.343750	155.929688	C3	26	80	0	0	26730	P1-38-1	0	-
579	155.356771	155.519531	F2	26	80	0	0	26910	P1-38-11	0	-
580	155.454427	155.628906	F1	27	80	0	0	26930	P1-38-12	0	-
581	155.531250	156.378906	F2	30	80	0	0	26950	P1-38-13	0	-
582	155.636719	156.799479	F1	33	80	0	0	26970	P1-38-14	0	-
583	156.704427	156.889323	F2	17	80	0	0	27150	P1-38-16	0	-
584	156.813802	157.009115	F1	23	80	0	0	27170	P1-38-17	0	-
585	156.894531	157.438802	F2	21	80	0	0	27190	P1-38-18	0	-
586	157.016927	157.438802	F1	26	80	0	0	27210	P1-38-19	0	-
587	157.765625	158.399740	F4	25	80	0	0	27330	P1-38-7	0	-
588	158.486979	160.098958	F4	38	80	0	0	27450	P1-39-1	0	-
589	159.582031	159.789062	F2	21	80	0	0	27630	P1-39-10	0	-
590	159.720052	160.598958	F1	23	80	0	0	27650	P1-39-11	0	-
591	159.803385	160.539062	F2	24	80	0	0	27670	P1-39-12	0	-
592	159.981771	161.429688	Gb4	39	80	0	0	27690	P1-39-2	0	-
593	159.992188	162.500000	A3	25	80	0	0	27690	P1-39-5	0	-
594	159.997396	162.049479	Eb4	28	80	0	0	27690	P1-39-7	0	-
595	159.998698	163.079427	C4	23	80	0	0	27690	P1-39-6	0	-
596	161.055990	161.229167	F2	26	80	0	0	27870	P1-39-15	0	-
597	161.164062	161.319010	F1	28	80	0	0	27890	P1-39-16	0	-
598	161.234375	163.049479	F2	24	80	0	0	27910	P1-39-17	0	-
599	161.330729	163.039062	F1	29	80	0	0	27930	P1-39-18	0	-
600	162.031250	162.479167	Gb4	57	80	0	0	28050	P1-39-3	0	-
601	162.774740	163.829427	Gb4	52	80	0	0	28170	P1-40-1	0	-
602	163.733073	163.889323	F2	31	80	0	0	28350	P1-40-10	0	-
603	163.830729	163.979167	F1	34	80	0	0	28370	P1-40-11	0	-
604	163.902344	164.009115	F2	35	80	0	0	28390	P1-40-12	0	-
605	163.990885	164.679688	F1	34	80	0	0	28410	P1-40-13	0	-
606	164.018229	166.000000	A4	51	80	0	0	28410	P1-40-6	0	-
607	164.020833	164.549479	F2	35	80	0	0	28410	*	3	-
608	164.039062	167.309896	C4	39	80	0	0	28410	P1-40-4	0	-
609	164.044271	166.899740	Eb4	41	80	0	0	28410	P1-40-5	0	-
610	165.036458	165.199219	F2	38	80	0	0	28590	P1-40-15	0	-
611	165.123698	165.289062	F1	34	80	0	0	28610	P1-40-16	0	-
612	165.209635	167.378906	F2	49	80	0	0	28630	P1-40-17	0	-
613	165.296875	167.829427	F1	58	80	0	0	28650	P1-40-18	0	-
614	166.013021	166.809896	A4	63	80	0	0	28770	P1-40-7	0	-
615	166.824219	167.769531	A4	69	80	0	0	28890	P1-41-1	0	-
616	167.769531	167.919271	F2	36	80	0	0	29070	P1-41-10	0	-
617	167.843750	168.009115	F1	44	80	0	0	29090	P1-41-11	0	-
618	167.927083	168.009115	F2	47	80	0	0	29110	P1-41-12	0	-
619	168.015625	169.109375	F1	59	80	0	0	29130	P1-41-13	0	-
620	168.018229	169.009115	F2	57	80	0	0	29130	*	3	-
621	168.023438	169.938802	C5	70	80	0	0	29130	P1-41-6	0	-
622	168.032552	169.819010	A4	55	80	0	0	29130	*	3	-
623	168.040365	169.699219	Eb4	63	80	0	0	29130	P1-41-4	0	-
624	168.044271	169.399740	Gb4	56	80	0	0	29130	P1-41-5	0	-
625	169.020833	169.179688	F2	49	80	0	0	29310	P1-41-15	0	-
626	169.115885	169.269531	F1	49	80	0	0	29330	P1-41-16	0	-
627	169.192708	170.878906	F2	43	80	0	0	29350	P1-41-17	0	-
628	169.279948	170.889323	F1	67	80	0	0	29370	P1-41-18	0	-
629	170.049479	170.750000	C5	71	80	0	0	29490	P1-41-7	0	-
630	170.850260	172.059896	C5	77	80	0	0	29610	P1-42-1	0	-
631	171.623698	173.289062	Eb5	81	80	0	0	29730	P1-42-2	0	-
632	172.071615	173.839844	C4	39	80	0	0	29790	P1-42-21	0	-
633	172.106771	172.250000	A3	26	80	0	0	29790	P1-42-20	0	-
634	172.205729	172.408854	F3	36	80	0	0	29810	P1-42-22	0	-
635	172.304688	173.789062	A3	43	80	0	0	29830	P1-42-23	0	-
636	172.414062	173.802083	F3	42	80	0	0	29850	P1-42-25	0	-
637	172.997396	173.609375	D5	65	80	0	0	29910	P1-42-4	0	-
638	173.313802	173.658854	C5	60	80	0	0	29940	P1-42-5	0	-
639	173.541667	173.721354	Bb4	53	80	0	0	29970	P1-42-6	0	-
640	173.731771	173.934896	A4	53	80	0	0	30000	P1-42-7	0	-
641	173.907552	174.071615	G4	58	80	0	0	30030	P1-42-8	0	-
642	174.075521	174.305990	F4	54	80	0	0	30060	P1-42-9	0	-
643	174.256510	174.479167	E4	58	80	0	0	30090	P1-42-10	0	-
644	174.419271	174.700521	Eb4	59	80	0	0	30120	P1-42-11	0	-
645	174.628906	174.843750	D4	57	80	0	0	30150	P1-42-12	0	-
646	174.835938	175.084635	C4	60	80	0	0	30180	P1-42-13	0	-
647	175.063802	175.376302	Bb3	51	80	0	0	30210	P1-42-14	0	-
648	175.320312	175.571615	A3	44	80	0	0	30240	P1-42-15	0	-
649	175.585938	175.895833	Eb4	37	80	0	0	30270	P1-42-16	0	-
650	175.872396	176.595052	A3	34	80	0	0	30300	P1-42-17	0	-
651	176.505208	180.009115	Bb3	25	80	0	0	30330	P1-43-1	0	-
652	176.511719	180.549479	D3	19	80	0	0	30330	P1-43-8	0	-
653	176.516927	178.299479	F3	18	80	0	0	30330	*	3	-
654	176.537760	181.049479	Bb2	15	80	0	0	30330	P1-43-3	0	-
655	178.027344	178.348958	Eb3	22	80	0	0	30540	P1-43-5	0	-
656	178.307292	179.688802	F3	26	80	0	0	30570	P1-43-6	0	-
657	179.817708	183.279948	F3	24	80	0	0	30810	P1-43-7	0	-
658	181.063802	183.449219	Bb2	15	80	0	0	31050	P1-44-10	0	-
659	181.261719	182.089844	D5	43	80	0	0	31050	P1-44-1	0	-
660	182.243490	182.438802	Eb5	34	80	0	0	31140	P1-44-7	0	-
661	182.373698	182.438802	D5	30	80	0	0	31150	P1-44-8	0	-
662	182.438802	182.878906	C5	33	80	0	0	31160	P1-44-9	0	-
663	182.518229	182.856771	D5	38	80	0	0	31170	P1-44-2	0	-
664	182.808594	183.218750	Eb5	45	80	0	0	31260	P1-44-3	0	-
665	183.072917	183.449219	F5	35	80	0	0	31290	P1-44-4	0	-
666	184.473958	186.179688	Bb3	28	80	0	0	31530	P1-44-6	0	-
667	184.503906	185.609375	D3	17	80	0	0	31530	P1-44-5	0	-
668	184.505208	185.069010	Bb1	15	80	0	0	31530	P1-44-13	0	-
669	184.505208	185.729167	Bb2	16	80	0	0	31530	P1-44-15	0	-
670	184.505208	184.859375	F2	16	80	0	0	31530	P1-44-14	0	-
671	186.022135	187.859375	A3	20	80	0	0	31770	P1-45-2	0	-
672	186.044271	188.000000	F2	18	80	0	0	31770	P1-45-8	0	-
673	186.053385	188.019531	Eb3	17	80	0	0	31770	P1-45-3	0	-
674	186.054688	189.179688	C3	16	80	0	0	31770	P1-45-9	0	-
675	186.070312	189.000000	C2	15	80	0	0	31770	P1-45-7	1	-
676	187.222656	187.588542	F3	34	80	0	0	31980	P1-45-4	0	-
677	187.485677	188.359375	Gb3	34	80	0	0	32010	P1-45-5	0	-
678	188.829427	188.839844	F#4	32	80	0	0	32250	*	3	-
679	188.830729	188.979167	Gb3	34	80	0	0	32250	P1-45-6	0	-
680	188.984375	189.319010	Gb3	18	80	0	0	32250	*	3	-
681	190.197917	190.739583	Eb3	23	80	0	0	32490	*	3	-
682	190.203125	191.779948	Gb3	24	80	0	0	32490	P1-46-13	0	-
683	190.205729	191.938802	Eb4	26	80	0	0	32490	P1-46-11	0	-
684	190.205729	191.009115	A5	43	80	0	0	32490	P1-46-1	0	-
685	190.207031	192.199219	C4	24	80	0	0	32490	P1-46-10	0	-
686	191.052083	191.188802	Bb5	37	80	0	0	32580	P1-46-7	0	-
687	191.131510	191.229167	A5	42	80	0	0	32590	P1-46-8	0	-
688	191.205729	191.359375	G5	44	80	0	0	32600	P1-46-9	0	-
689	191.268229	191.511719	A5	50	80	0	0	32610	P1-46-2	0	-
690	191.535156	191.760417	Bb5	44	80	0	0	32700	P1-46-3	0	-
691	191.746094	192.479167	C6	44	80	0	0	32730	P1-46-4	0	-
692	191.752604	192.529948	F3	29	80	0	0	32730	P1-46-14	0	-
693	191.785156	191.949219	F#3	21	80	0	0	32730	*	3	-
694	193.055990	194.549479	Eb4	50	80	0	0	32970	P1-46-6	0	-
695	193.067708	193.869792	C4	41	80	0	0	32970	P1-46-5	0	-
696	193.075521	193.789062	F3	32	80	0	0	32970	P1-46-12	0	-
697	193.076823	194.419271	A2	32	80	0	0	32970	P1-46-15	0	-
698	194.427083	195.869792	Ab3	45	80	0	0	33210	P1-47-3	0	-
699	194.442708	197.500000	D4	46	80	0	0	33210	P1-47-2	0	-
700	194.454427	196.589844	F3	33	80	0	0	33210	P1-47-1	0	-
701	194.462240	197.500000	Bb2	31	80	0	0	33210	P1-47-8	0	-
702	194.463542	197.500000	Bb1	31	80	0	0	33210	P1-47-7	0	-
703	195.582031	195.822917	Bb3	56	80	0	0	33420	P1-47-4	0	-
704	195.802083	197.098958	Cb4	61	80	0	0	33450	P1-47-5	0	-
705	197.106771	198.339844	Cb4	68	80	0	0	33690	P1-47-6	0	-
706	198.509115	199.389323	D5	53	80	0	0	33930	P1-48-1	0	-
707	198.514323	200.769531	F4	27	80	0	0	33930	P1-48-10	0	-
708	198.516927	200.839844	Ab4	35	80	0	0	33930	P1-48-11	0	-
709	198.524740	200.158854	Cb4	32	80	0	0	33930	P1-48-13	0	-
710	199.343750	199.459635	Eb5	35	80	0	0	34020	P1-48-7	0	-
711	199.432292	199.539062	D5	40	80	0	0	34030	P1-48-8	0	-
712	199.509115	199.878906	C5	40	80	0	0	34040	P1-48-9	0	-
713	199.553385	199.989583	D5	42	80	0	0	34050	P1-48-2	0	-
714	199.821615	200.109375	Eb5	49	80	0	0	34140	P1-48-3	0	-
715	200.020833	201.339844	F5	39	80	0	0	34170	P1-48-4	0	-
716	200.026042	200.750000	Bb3	27	80	0	0	34170	P1-48-14	0	-
717	201.350260	202.479167	F5	58	80	0	0	34410	P1-48-6	0	-
718	201.375000	202.009115	Bb3	30	80	0	0	34410	P1-48-12	0	-
719	201.382812	201.979167	D3	24	80	0	0	34410	P1-48-15	0	-
720	201.385417	202.218750	Ab4	31	80	0	0	34410	P1-48-5	0	-
721	202.752604	204.269531	F5	36	80	0	0	34650	P1-49-1	0	-
722	202.794271	204.229167	Eb3	17	80	0	0	34650	P1-49-16	0	-
723	202.795573	203.419271	Bb3	19	80	0	0	34650	P1-49-10	0	-
724	202.800781	204.929688	G4	21	80	0	0	34650	P1-49-6	0	-
725	203.494792	204.109375	B3	24	80	0	0	34770	P1-49-11	0	-
726	203.497396	203.509115	F3	20	80	0	0	34770	*	3	-
727	204.143229	204.878906	Eb5	42	80	0	0	34890	P1-49-2	0	-
728	204.145833	204.839844	C4	23	80	0	0	34890	P1-49-12	0	-
729	204.153646	204.158854	F3	22	80	0	0	34890	*	3	-
730	204.796875	205.639323	D5	48	80	0	0	35010	P1-49-3	0	-
731	204.808594	205.229167	D4	32	80	0	0	35010	P1-49-13	0	-
732	204.825521	205.279948	Bb4	29	80	0	0	35010	P1-49-7	0	-
733	204.832031	205.000000	Bb3	25	80	0	0	35010	*	3	-
734	204.838542	205.139323	F3	19	80	0	0	35010	P1-49-17	0	-
735	205.477865	205.989583	C5	56	80	0	0	35130	P1-49-4	0	-
736	205.510417	205.929688	Eb4	30	80	0	0	35130	P1-49-14	0	-
737	205.514323	205.929688	G3	31	80	0	0	35130	P1-49-18	0	-
738	205.515625	206.029948	Bb4	34	80	0	0	35130	P1-49-8	0	-
739	206.322917	206.949219	C5	52	80	0	0	35250	P1-49-5	0	-
740	206.354167	206.878906	G3	24	80	0	0	35250	P1-49-19	0	-
741	206.358073	206.628906	Eb4	20	80	0	0	35250	P1-49-15	1	-
742	206.361979	206.369792	Bb3	21	80	0	0	35250	*	3	-
743	206.372396	206.848958	Bb4	24	80	0	0	35250	P1-49-9	0	-
744	207.053385	208.218750	F3	21	80	0	0	35370	P1-50-32	0	-
745	207.059896	207.069010	F4	19	80	0	0	-1	*	3	-
746	207.164062	208.609375	E4	29	80	0	0	35370	P1-50-28	0	-
747	207.165365	207.244792	C5	40	80	0	0	35370	P1-50-20	1	-
748	207.302083	207.369792	D5	40	80	0	0	-1	*	3	-
749	207.363281	207.411458	C5	40	80	0	0	35385	P1-50-21	0	-
750	207.453125	207.485677	D5	42	80	0	0	35400	P1-50-22	0	-
751	207.516927	207.579427	C5	43	80	0	0	35415	P1-50-23	0	-
752	207.584635	207.626302	D5	42	80	0	0	35430	P1-50-24	0	-
753	207.658854	207.720052	C5	45	80	0	0	35445	P1-50-25	0	-
754	207.785156	207.908854	B4	38	80	0	0	35460	P1-50-26	0	-
755	207.843750	207.944010	C5	41	80	0	0	35475	P1-50-27	0	-
756	207.963542	208.442708	D5	40	80	0	0	35490	P1-50-4	0	-
757	208.432292	208.598958	C5	33	80	0	0	35550	P1-50-5	0	-
758	208.852865	210.089844	C5	25	80	0	0	35610	P1-50-6	0	-
759	208.865885	210.089844	F4	17	80	0	0	35610	P1-50-29	0	-
760	208.867188	209.679688	F3	18	80	0	0	35610	*	3	-
761	208.873698	209.919271	A4	18	80	0	0	35610	P1-50-19	0	-
762	210.320312	210.545573	F3	35	80	0	0	35880	P1-50-9	0	-
763	210.528646	210.756510	G3	41	80	0	0	35910	P1-50-10	0	-
764	210.686198	210.803385	F3	39	80	0	0	35940	P1-50-11	0	-
765	210.838542	211.069010	E3	43	80	0	0	35970	P1-50-12	0	-
766	210.970052	211.139323	F3	52	80	0	0	36000	P1-50-13	0	-
767	211.102865	211.250000	G3	42	80	0	0	36030	P1-50-15	0	-
768	211.126302	211.279948	Eb3	40	80	0	0	36030	P1-50-14	0	-
769	211.252604	211.519531	A3	44	80	0	0	36060	P1-50-17	0	-
770	211.256510	211.509115	C3	45	80	0	0	36060	P1-50-16	0	-
771	211.486979	214.329427	Bb3	47	80	0	0	36090	P1-51-1	0	-
772	211.493490	212.279948	F3	44	80	0	0	36090	*	3	-
773	211.494792	212.209635	D3	38	80	0	0	36090	P1-51-3	0	-
774	211.498698	214.750000	Bb2	45	80	0	0	36090	P1-51-2	0	-
775	211.500000	212.098958	Bb1	44	80	0	0	36090	P1-51-10	0	-
776	212.644531	212.919271	Eb3	49	80	0	0	36300	P1-51-5	0	-
777	212.652344	212.889323	C3	41	80	0	0	36300	P1-51-4	0	-
778	212.875000	214.000000	F3	48	80	0	0	36330	P1-51-7	0	-
779	212.894531	214.119792	D3	42	80	0	0	36330	P1-51-6	0	-
780	213.072917	213.299479	Bb5	47	80	0	0	36360	P1-51-13	0	-
781	213.214844	213.312500	D6	48	80	0	0	36390	P1-51-14	0	-
782	213.348958	213.559896	Bb5	50	80	0	0	36420	P1-51-15	0	-
783	213.533854	213.623698	F5	42	80	0	0	36450	P1-51-16	0	-
784	213.675781	213.763021	Bb5	47	80	0	0	36480	P1-51-17	0	-
785	213.812500	213.968750	D5	44	80	0	0	36510	P1-51-18	0	-
786	213.967448	214.109375	F5	34	80	0	0	36540	P1-51-19	0	-
787	214.123698	214.509115	F3	41	80	0	0	36570	P1-51-9	0	-
788	214.132812	215.339844	D3	38	80	0	0	36570	P1-51-8	0	-
789	214.273438	214.365885	D5	41	80	0	0	36600	P1-51-21	0	-
790	214.424479	214.502604	F4	40	80	0	0	36630	P1-51-22	0	-
791	214.559896	214.665365	Bb4	39	80	0	0	36660	P1-51-23	0	-
792	214.569010	215.000000	F3	30	80	0	0	-1	*	3	-
793	214.723958	214.807292	D4	37	80	0	0	36690	P1-51-24	0	-
794	214.867188	215.019531	F4	28	80	0	0	36720	P1-51-25	0	-
795	215.016927	215.279948	Bb3	25	80	0	0	36750	P1-51-26	0	-
796	215.162760	215.419271	D4	31	80	0	0	36780	P1-51-27	0	-
797	215.311198	215.598958	D5	57	80	0	0	36810	P1-52-1	0	-
798	215.342448	215.569010	F3	24	80	0	0	36810	P1-52-9	0	-
799	215.475260	215.739583	Bb2	19	80	0	0	36840	P1-52-10	1	-
800	215.634115	215.908854	D3	25	80	0	0	36870	P1-52-11	0	-
801	215.753906	215.949219	F3	32	80	0	0	36900	P1-52-12	0	-
802	215.912760	216.299479	Bb2	20	80	0	0	36930	P1-52-13	0	-
803	215.976562	216.109375	Eb5	50	80	0	0	36910	P1-52-7	1	-
804	216.063802	216.121094	D5	46	80	0	0	36930	P1-52-2	0	-
805	216.143229	216.213542	C5	45	80	0	0	36930	P1-52-2	0	-
806	216.188802	216.848958	F2	32	80	0	0	36990	P1-52-15	0	-
807	216.230469	216.365885	D5	59	80	0	0	36930	P1-52-2	0	-
808	216.304688	217.079427	Bb2	22	80	0	0	37020	P1-52-16	0	-
809	216.372396	216.514323	Eb5	60	80	0	0	37020	P1-52-3	0	-
810	216.529948	216.848958	F5	58	80	0	0	37050	P1-52-4	0	-
811	216.575521	216.848958	D2	21	80	0	0	37050	P1-52-17	0	-
812	216.743490	217.089844	Bb1	18	80	0	0	37080	P1-52-18	0	-
813	216.861979	217.319010	D2	24	80	0	0	37110	P1-52-19	0	-
814	216.993490	217.459635	F2	28	80	0	0	37140	P1-52-20	0	-
815	217.164062	217.579427	Bb2	30	80	0	0	37170	P1-52-21	0	-
816	217.326823	218.098958	D2	18	80	0	0	37200	P1-52-22	0	-
817	217.468750	217.908854	F2	24	80	0	0	37230	P1-52-23	0	-
818	217.588542	217.908854	Bb2	26	80	0	0	37260	P1-52-24	0	-
819	217.746094	219.069010	Bb3	55	80	0	0	37290	P1-52-5	0	-
820	217.752604	218.069010	D3	33	80	0	0	37290	P1-52-25	0	-
821	217.914062	218.378906	Bb2	28	80	0	0	37320	P1-52-26	0	-
822	217.916667	218.049479	F2	27	80	0	0	37350	*	3	-
823	218.054688	218.459635	F2	26	80	0	0	37350	P1-52-27	0	-
824	218.213542	218.529948	D2	24	80	0	0	37380	P1-52-28	0	-
825	218.394531	219.039062	Bb2	42	80	0	0	37410	P1-52-29	0	-
826	218.563802	218.959635	F2	21	80	0	0	37440	P1-52-30	0	-
827	218.697917	218.779948	D3	23	80	0	0	-1	*	3	-
828	218.703125	218.889323	D2	24	80	0	0	37470	P1-52-31	0	-
829	218.858073	219.039062	Bb1	30	80	0	0	37500	P1-52-32	0	-
830	219.052083	220.819010	A3	53	80	0	0	37530	P1-53-1	0	-
831	219.110677	220.188802	C3	29	80	0	0	37530	P1-53-2	0	-
832	220.100260	220.498698	F3	56	80	0	0	37740	P1-53-5	0	-
833	220.415365	221.319010	Gb3	59	80	0	0	37770	P1-53-7	0	-
834	220.497396	221.259115	Eb3	30	80	0	0	37770	P1-53-6	0	-
835	220.742188	221.209635	Eb6	47	80	0	0	37830	P1-53-14	0	-
836	220.885417	221.139323	C6	33	80	0	0	37860	P1-53-15	0	-
837	221.054688	221.152344	A5	45	80	0	0	37890	P1-53-16	0	-
838	221.192708	221.399740	C6	49	80	0	0	37920	P1-53-17	0	-
839	221.356771	221.434896	Gb5	44	80	0	0	37950	P1-53-18	0	-
840	221.492188	221.809896	A5	48	80	0	0	37980	P1-53-19	0	-
841	221.632812	221.989583	Gb3	40	80	0	0	38010	P1-53-9	0	-
842	221.632812	221.839844	F#4	42	80	0	0	38010	P1-53-20	1	-
843	221.645833	222.000000	Eb3	40	80	0	0	38010	P1-53-8	0	-
844	221.904948	222.109375	C5	38	80	0	0	38070	P1-53-22	0	-
845	222.085938	222.299479	Eb5	40	80	0	0	38100	P1-53-23	0	-
846	222.230469	222.419271	A4	35	80	0	0	38130	P1-53-24	0	-
847	222.364583	222.500000	D5	31	80	0	0	38160	P1-53-25	1	-
848	222.493490	222.679688	Gb4	32	80	0	0	38190	P1-53-26	0	-
849	222.652344	222.809896	A4	39	80	0	0	38220	P1-53-27	0	-
850	222.795573	223.479167	C6	65	80	0	0	38250	P1-54-1	0	-
851	222.830729	222.989583	Eb4	38	80	0	0	38250	P1-54-11	0	-
852	222.970052	223.319010	Gb4	36	80	0	0	38280	P1-54-12	0	-
853	223.102865	223.319010	C4	43	80	0	0	38310	P1-54-13	0	-
854	223.252604	223.438802	Eb4	40	80	0	0	38340	P1-54-14	0	-
855	223.398438	223.699219	A3	30	80	0	0	38370	P1-54-15	0	-
856	223.473958	223.546875	D6	57	80	0	0	38340	P1-54-8	0	-
857	223.554688	223.688802	C6	57	80	0	0	38350	P1-54-9	0	-
858	223.611979	223.666667	B5	58	80	0	0	38360	P1-54-10	0	-
859	223.695312	224.000000	Gb3	39	80	0	0	38430	P1-54-17	0	-
860	223.695312	223.832031	C6	68	80	0	0	38370	P1-54-2	0	-
861	223.841146	224.003906	D6	70	80	0	0	38460	P1-54-3	0	-
862	223.981771	224.399740	Eb6	70	80	0	0	38490	P1-54-4	0	-
863	223.990885	225.059896	C3	31	80	0	0	38490	P1-54-19	0	-
864	224.169271	224.389323	Gb3	31	80	0	0	38520	P1-54-20	0	-
865	224.295573	225.369792	Eb3	31	80	0	0	38550	P1-54-21	0	-
866	224.450521	224.649740	A3	30	80	0	0	38580	P1-54-22	0	-
867	224.613281	224.919271	Gb3	28	80	0	0	38610	P1-54-23	0	-
868	224.722656	224.929688	C4	41	80	0	0	38640	P1-54-24	0	-
869	224.877604	225.069010	A3	44	80	0	0	38670	P1-54-25	0	-
870	225.036458	225.399740	Gb3	47	80	0	0	38700	P1-54-26	0	-
871	225.182292	226.799479	Gb4	70	80	0	0	38730	P1-54-7	0	-
872	225.214844	226.419271	Eb4	54	80	0	0	38730	P1-54-6	0	-
873	225.217448	226.299479	C4	49	80	0	0	38730	P1-54-5	0	-
874	225.375000	225.739583	Eb3	30	80	0	0	38760	P1-54-28	0	-
875	225.511719	226.569010	Bb2	46	80	0	0	38790	P1-54-29	0	-
876	225.710938	225.929688	Gb3	49	80	0	0	38820	P1-54-30	0	-
877	225.891927	226.179688	Eb3	49	80	0	0	38850	P1-54-31	0	-
878	226.057292	226.369792	Bb3	48	80	0	0	38880	P1-54-32	0	-
879	226.230469	226.549479	Gb3	49	80	0	0	38910	P1-54-33	0	-
880	226.354167	226.649740	Eb3	51	80	0	0	38940	P1-54-34	0	-
881	226.554688	227.289062	A2	39	80	0	0	38970	P1-55-15	0	-
882	226.563802	228.889323	F4	61	80	0	0	38970	P1-55-1	0	-
883	226.593750	227.619792	Eb4	54	80	0	0	38970	P1-55-6	0	-
884	226.615885	227.029948	C4	37	80	0	0	38970	P1-55-5	0	-
885	227.253906	227.819010	C4	65	80	0	0	39090	P1-55-8	0	-
886	227.264323	227.769531	A3	46	80	0	0	39090	P1-55-7	0	-
887	227.756510	228.059896	D4	56	80	0	0	39180	P1-55-10	0	-
888	227.761719	228.069010	D5	55	80	0	0	39180	*	3	-
889	227.766927	228.069010	B3	46	80	0	0	39180	P1-55-9	0	-
890	228.015625	229.039062	Eb4	58	80	0	0	39210	P1-55-12	0	-
891	228.023438	228.959635	C4	54	80	0	0	39210	P1-55-11	0	-
892	228.165365	228.459635	C6	50	80	0	0	39240	P1-55-18	0	-
893	228.346354	228.598958	Eb6	52	80	0	0	39270	P1-55-19	0	-
894	228.485677	228.625000	C6	55	80	0	0	39300	P1-55-20	0	-
895	228.644531	228.761719	A5	51	80	0	0	39330	P1-55-21	0	-
896	228.803385	228.924479	C6	47	80	0	0	39360	P1-55-22	0	-
897	228.977865	229.158854	Eb5	45	80	0	0	39390	P1-55-23	0	-
898	229.119792	229.399740	A5	46	80	0	0	39420	P1-55-24	0	-
899	229.283854	229.699219	Eb4	40	80	0	0	39450	P1-55-14	0	-
900	229.285156	229.959635	C4	38	80	0	0	39450	P1-55-13	0	-
901	229.287760	229.500000	C5	41	80	0	0	39450	P1-55-25	0	-
902	229.444010	230.000000	Eb5	41	80	0	0	39480	P1-55-26	0	-
903	229.615885	229.696615	A4	34	80	0	0	39510	P1-55-27	0	-
904	229.755208	229.989583	C5	44	80	0	0	39540	P1-55-28	0	-
905	229.925781	230.158854	Eb4	31	80	0	0	39570	P1-55-29	0	-
906	230.085938	230.229167	A4	29	80	0	0	39600	P1-55-30	0	-
907	230.213542	230.539062	C6	54	80	0	0	39630	P1-55-4	0	-
908	230.264323	230.459635	C4	26	80	0	0	39630	P1-55-31	0	-
909	230.384115	230.609375	Eb4	29	80	0	0	39660	P1-55-32	0	-
910	230.553385	231.158854	C6	54	80	0	0	39690	P1-56-1	0	-
911	230.571615	230.665365	A3	26	80	0	0	39690	P1-56-11	0	-
912	230.736979	230.804688	C4	37	80	0	0	39720	P1-56-12	0	-
913	230.871094	231.059896	F3	35	80	0	0	39750	P1-56-13	0	-
914	231.032552	231.102865	A3	33	80	0	0	39780	P1-56-14	0	-
915	231.162760	231.389323	C3	41	80	0	0	39810	P1-56-15	0	-
916	231.225260	231.296875	D6	48	80	0	0	39780	P1-56-8	0	-
917	231.309896	231.459635	C6	52	80	0	0	39790	P1-56-9	0	-
918	231.347656	231.429688	F3	31	80	0	0	39840	P1-56-16	0	-
919	231.375000	231.462240	B5	48	80	0	0	39800	P1-56-10	0	-
920	231.442708	231.718750	A2	33	80	0	0	39870	P1-56-17	0	-
921	231.464844	231.565104	C6	64	80	0	0	39810	P1-56-2	0	-
922	231.609375	231.765625	D6	67	80	0	0	39900	P1-56-3	0	-
923	231.623698	231.848958	C3	29	80	0	0	39900	P1-56-18	0	-
924	231.747396	231.959635	Eb6	70	80	0	0	39930	P1-56-4	0	-
925	231.910156	232.011719	A2	31	80	0	0	39960	P1-56-20	0	-
926	232.046875	232.908854	C2	34	80	0	0	39990	P1-56-21	0	-
927	232.195312	232.468750	F2	31	80	0	0	40020	P1-56-22	0	-
928	232.365885	232.529948	B1	35	80	0	0	40050	P1-56-23	1	-
929	232.535156	233.250000	B1	35	80	0	0	40080	P1-56-24	1	-
930	232.798177	233.128906	A1	35	80	0	0	40140	P1-56-26	0	-
931	232.967448	234.269531	Eb5	71	80	0	0	40170	P1-56-7	0	-
932	232.980469	234.359375	A4	52	80	0	0	40170	P1-56-5	0	-
933	232.984375	234.179688	C5	53	80	0	0	40170	P1-56-6	0	-
934	233.153646	233.348958	F#1	30	80	0	0	40200	P1-56-28	0	-
935	233.295573	233.386719	A1	38	80	0	0	40230	P1-56-29	0	-
936	233.438802	233.679688	C2	36	80	0	0	40260	P1-56-30	0	-
937	233.596354	233.799479	F#2	39	80	0	0	40290	P1-56-31	0	-
938	233.742188	234.000000	A2	43	80	0	0	40320	P1-56-32	0	-
939	233.903646	234.007812	C3	44	80	0	0	40350	P1-56-33	0	-
940	234.065104	234.389323	F#3	46	80	0	0	40380	P1-56-34	0	-
941	234.080729	234.329427	A2	40	80	0	0	40380	*	3	-
942	234.253906	235.799479	D5	68	80	0	0	40410	P1-57-2	0	-
943	234.266927	235.079427	Bb4	52	80	0	0	40410	P1-57-1	0	-
944	234.437500	234.669271	G1	46	80	0	0	40440	P1-57-11	0	-
945	234.580729	234.718750	Bb1	51	80	0	0	40470	P1-57-12	0	-
946	234.704427	234.813802	D2	50	80	0	0	40500	P1-57-13	0	-
947	234.860677	235.109375	G2	47	80	0	0	40530	P1-57-14	0	-
948	235.026042	235.489583	Bb2	45	80	0	0	40560	P1-57-15	0	-
949	235.174479	235.408854	D3	50	80	0	0	40590	P1-57-16	0	-
950	235.333333	235.500000	G3	58	80	0	0	40620	P1-57-17	0	-
951	235.493490	236.829427	G5	76	80	0	0	40650	P1-57-4	0	-
952	235.674479	235.959635	E2	53	80	0	0	40680	P1-57-19	0	-
953	235.824219	236.059896	G2	53	80	0	0	40710	P1-57-20	0	-
954	235.973958	236.229167	Bb2	59	80	0	0	40740	P1-57-21	0	-
955	236.152344	236.263021	E3	58	80	0	0	40770	P1-57-22	0	-
956	236.305990	236.415365	G3	59	80	0	0	40800	P1-57-23	0	-
957	236.466146	236.628906	Bb3	55	80	0	0	40830	P1-57-24	0	-
958	236.605469	236.799479	G3	60	80	0	0	40860	P1-57-25	0	-
959	236.799479	237.299479	G4	66	80	0	0	40890	P1-57-6	0	-
960	236.804688	237.729167	Db5	67	80	0	0	40890	P1-57-8	0	-
961	236.805990	237.489583	Bb4	62	80	0	0	40890	P1-57-7	0	-
962	236.809896	237.009115	G3	57	80	0	0	40890	*	3	-
963	236.811198	237.089844	Db4	61	80	0	0	40890	P1-57-26	0	-
964	237.001302	237.158854	Bb3	36	80	0	0	40920	P1-57-27	0	-
965	237.148438	237.309896	G3	44	80	0	0	40950	P1-57-28	0	-
966	237.337240	237.449219	E3	49	80	0	0	40980	P1-57-29	0	-
967	237.506510	237.611979	Db3	43	80	0	0	41010	P1-57-30	0	-
968	237.654948	238.348958	Bb2	44	80	0	0	41040	P1-57-31	0	-
969	237.847656	238.259115	G2	41	80	0	0	41070	P1-57-32	0	-
970	238.015625	238.188802	E2	38	80	0	0	41100	P1-57-33	0	-
971	238.194010	239.699219	F5	69	80	0	0	41130	P1-58-1	0	-
972	238.356771	238.718750	F2	40	80	0	0	41160	P1-58-13	0	-
973	238.514323	239.009115	Bb2	47	80	0	0	41190	P1-58-14	0	-
974	238.683594	238.795573	D3	41	80	0	0	41220	P1-58-15	0	-
975	238.845052	238.953125	F3	44	80	0	0	41250	P1-58-16	0	-
976	239.015625	239.529948	D3	42	80	0	0	41280	P1-58-17	0	-
977	239.161458	239.718750	Bb2	42	80	0	0	41310	P1-58-18	0	-
978	239.330729	239.709635	F2	34	80	0	0	41340	P1-58-19	0	-
979	239.507812	242.500000	D5	47	80	0	0	41370	P1-58-10	0	-
980	239.519531	242.500000	F4	35	80	0	0	41370	P1-58-8	0	-
981	239.523438	242.500000	Bb4	39	80	0	0	41370	P1-58-9	0	-
982	239.722656	240.559896	F2	23	80	0	0	41400	P1-58-21	0	-
983	239.888021	240.299479	Bb2	33	80	0	0	41430	P1-58-22	0	-
984	240.046875	240.184896	D3	33	80	0	0	41460	P1-58-23	0	-
985	240.230469	240.341146	F3	38	80	0	0	41490	P1-58-24	0	-
986	240.403646	240.679688	D3	38	80	0	0	41520	P1-58-25	0	-
987	240.561198	240.908854	Bb2	35	80	0	0	41550	P1-58-26	0	-
988	240.744792	240.959635	F2	34	80	0	0	41580	P1-58-27	0	-
989	240.966146	241.539062	F2	29	80	0	0	-1	*	3	-
990	240.971354	241.519531	Eb3	31	80	0	0	41610	P1-58-28	0	-
991	241.243490	241.479167	C3	29	80	0	0	41640	P1-58-29	0	-
992	241.433594	241.779948	A2	33	80	0	0	41670	P1-58-30	0	-
993	241.595052	242.559896	F2	23	80	0	0	41700	P1-58-31	0	-
994	241.766927	242.000000	Eb2	25	80	0	0	41730	P1-58-32	0	-
995	241.971354	242.209635	C2	27	80	0	0	41760	P1-58-33	0	-
996	242.115885	242.309896	A1	29	80	0	0	41790	P1-58-34	0	-
997	242.333333	242.500000	F1	24	80	0	0	41820	P1-58-35	0	-
998	242.503906	243.539062	Bb1	29	80	0	0	41850	P1-59-8	0	-
999	242.506510	243.289062	Bb2	26	80	0	0	42030	P1-59-10	0	-
1000	243.574219	243.679688	Bb2	22	80	0	0	42070	P1-59-12	0	-
1001	243.704427	243.819010	Bb1	21	80	0	0	42090	P1-59-13	0	-
1002	243.789062	244.039062	Bb2	23	80	0	0	42270	P1-59-15	0	-
1003	243.880208	244.369792	Bb1	31	80	0	0	42290	P1-59-16	0	-
1004	244.903646	244.996094	Bb2	26	80	0	0	42310	P1-59-17	0	-
1005	245.018229	245.083333	Bb1	25	80	0	0	42330	P1-59-18	0	-
1006	245.020833	245.139323	F3	22	80	0	0	42510	*	3	-
1007	245.098958	245.204427	Bb2	24	80	0	0	42510	P1-59-20	0	-
1008	245.230469	245.329427	F3	26	80	0	0	42510	*	3	-
1009	245.234375	245.329427	Bb1	27	80	0	0	42530	P1-59-21	0	-
1010	246.154948	246.319010	Bb2	25	80	0	0	42550	P1-59-22	0	-
1011	246.302083	246.399740	F3	19	80	0	0	-1	*	3	-
1012	246.394531	247.269531	Bb2	24	80	0	0	-1	*	3	-
1013	246.532552	247.989583	F4	40	80	0	0	42570	P1-60-3	0	-
1014	246.562500	247.069010	F3	23	80	0	0	-1	*	3	-
1015	246.563802	247.479167	Ab3	25	80	0	0	42570	P1-60-1	0	-
1016	247.852865	249.239583	Eb4	35	80	0	0	42810	P1-60-6	0	-
1017	247.860677	249.139323	G3	26	80	0	0	42810	P1-60-4	0	-
1018	247.863281	248.729167	Bb3	27	80	0	0	42810	P1-60-5	0	-
1019	249.139323	249.848958	D4	30	80	0	0	43050	P1-60-9	0	-
1020	249.153646	249.899740	Bb3	23	80	0	0	43050	P1-60-8	0	-
1021	249.183594	249.949219	F#3	19	80	0	0	43050	P1-60-7	0	-
1022	250.417969	251.859375	D4	25	80	0	0	43290	P1-61-3	0	-
1023	250.430990	253.419271	Bb3	17	80	0	0	43290	P1-61-2	0	-
1024	250.444010	251.199219	F#3	17	80	0	0	43290	P1-61-1	0	-
1025	251.361979	251.539062	Bb2	22	80	0	0	43470	P1-61-11	0	-
1026	251.498698	251.729167	Bb1	22	80	0	0	43490	P1-61-12	0	-
1027	251.500000	251.569010	F3	21	80	0	0	-1	*	3	-
1028	251.580729	251.869792	Bb2	22	80	0	0	43510	P1-61-13	0	-
1029	251.729167	254.369792	Eb4	26	80	0	0	43530	P1-61-6	0	-
1030	251.736979	252.079427	Bb1	25	80	0	0	43530	P1-61-14	0	-
1031	251.744792	252.919271	G3	18	80	0	0	43530	P1-61-4	0	-
1032	251.746094	251.848958	F3	21	80	0	0	-1	*	3	-
1033	252.653646	252.779948	Bb2	20	80	0	0	43710	P1-61-16	0	-
1034	252.792969	252.839844	Bb1	17	80	0	0	43730	P1-61-17	0	-
1035	252.875000	253.169271	Bb2	19	80	0	0	43750	P1-61-18	0	-
1036	253.019531	253.188802	F3	21	80	0	0	43750	*	3	-
1037	253.023438	253.229167	Bb1	24	80	0	0	43770	P1-61-19	0	-
1038	253.901042	254.079427	Bb2	17	80	0	0	43950	P1-61-21	0	-
1039	254.032552	254.039062	Bb1	18	80	0	0	43970	P1-61-22	0	-
1040	254.035156	254.539062	F3	17	80	0	0	-1	*	3	-
1041	254.141927	254.289062	Bb2	25	80	0	0	43990	P1-61-23	0	-
1042	254.294271	255.628906	Ab4	43	80	0	0	44010	P1-62-3	0	-
1043	254.294271	256.669271	Bb2	24	80	0	0	44010	P1-62-10	1	-
1044	255.552083	257.033854	G4	37	80	0	0	44250	P1-62-6	0	-
1045	255.574219	257.079427	Eb4	25	80	0	0	44250	P1-62-5	0	-
1046	255.574219	256.259115	Bb3	23	80	0	0	44250	P1-62-4	0	-
1047	256.895833	257.899740	F#4	29	80	0	0	44490	P1-62-9	0	-
1048	256.902344	257.789062	D4	20	80	0	0	44490	P1-62-8	0	-
1049	256.924479	257.619792	Bb3	15	80	0	0	44490	P1-62-7	0	-
1050	258.264323	259.729167	F#4	29	80	0	0	44730	P1-63-2	0	-
1051	258.286458	258.739583	Bb3	20	80	0	0	44730	P1-63-8	0	-
1052	258.287760	259.619792	D4	18	80	0	0	44730	P1-63-1	0	-
1053	259.274740	259.500000	Eb3	19	80	0	0	44910	P1-63-12	1	-
1054	259.505208	259.859375	Eb3	25	80	0	0	44950	P1-63-14	1	-
1055	259.648438	260.949219	G4	30	80	0	0	44970	P1-63-4	0	-
1056	259.686198	260.098958	Eb2	18	80	0	0	44970	P1-63-15	1	-
1057	259.688802	261.019531	Eb4	20	80	0	0	44970	P1-63-3	0	-
1058	260.574219	260.739583	Eb3	21	80	0	0	45150	P1-63-17	1	-
1059	260.700521	261.089844	Eb2	22	80	0	0	45170	P1-63-18	1	-
1060	260.798177	261.209635	Eb3	28	80	0	0	45190	P1-63-19	1	-
1061	261.542969	262.209635	G4	45	80	0	0	45330	P1-63-7	0	-
1062	261.561198	261.799479	Bb3	27	80	0	0	-1	*	3	-
1063	261.792969	262.029948	Eb3	23	80	0	0	45390	P1-63-22	1	-
1064	261.940104	261.949219	Eb2	20	80	0	0	45410	P1-63-23	1	-
1065	262.039062	262.399740	Eb3	24	80	0	0	45430	P1-63-24	1	-
1066	262.183594	264.089844	Eb5	63	80	0	0	45450	P1-64-2	0	-
1067	262.216146	263.239583	G4	26	80	0	0	45450	P1-64-1	0	-
1068	263.518229	264.329427	C5	54	80	0	0	45690	P1-64-5	0	-
1069	263.549479	264.429688	Eb4	33	80	0	0	45690	P1-64-3	0	-
1070	263.552083	264.239583	G4	36	80	0	0	45690	P1-64-4	0	-
1071	264.985677	266.709635	Bb4	52	80	0	0	45930	P1-64-8	0	-
1072	264.997396	266.619792	D4	33	80	0	0	45930	P1-64-6	0	-
1073	264.997396	266.619792	G4	34	80	0	0	45930	P1-64-7	0	-
1074	265.005208	265.098958	Bb3	31	80	0	0	45930	*	3	-
1075	266.544271	267.848958	A4	37	80	0	0	46170	P1-65-3	0	-
1076	266.544271	268.098958	F4	30	80	0	0	46170	P1-65-2	0	-
1077	266.553385	267.979167	C4	28	80	0	0	46170	P1-65-1	0	-
1078	267.493490	267.628906	F3	25	80	0	0	46350	P1-65-15	1	-
1079	267.604167	267.759115	F2	21	80	0	0	46370	P1-65-16	1	-
1080	267.683594	267.959635	F3	25	80	0	0	46390	P1-65-17	1	-
1081	267.819010	268.039062	F2	25	80	0	0	46410	P1-65-18	1	-
1082	268.423177	268.859375	A4	51	80	0	0	46530	P1-65-6	0	-
1083	268.428385	268.878906	F4	36	80	0	0	46530	P1-65-5	0	-
1084	268.433594	269.000000	C4	33	80	0	0	46530	P1-65-4	0	-
1085	268.764323	268.908854	F6	46	80	0	0	46590	P1-65-20	0	-
1086	268.917969	269.158854	F6	48	80	0	0	46630	P1-65-22	0	-
1087	269.024740	269.179688	F5	41	80	0	0	46650	P1-65-23	0	-
1088	269.053385	269.769531	Bb4	50	80	0	0	46650	P1-65-9	0	-
1089	269.075521	269.309896	F4	25	80	0	0	46650	P1-65-8	0	-
1090	269.078125	269.289062	D4	28	80	0	0	46650	P1-65-7	0	-
1091	269.084635	269.199219	Bb3	29	80	0	0	-1	*	3	-
1092	269.694010	270.049479	C5	46	80	0	0	46770	P1-65-12	0	-
1093	269.714844	270.089844	F4	25	80	0	0	46770	P1-65-11	0	-
1094	269.734375	270.059896	Eb4	25	80	0	0	46770	P1-65-10	0	-
1095	270.390625	270.759115	C5	36	80	0	0	46890	P1-66-2	0	-
1096	270.406250	270.750000	F4	22	80	0	0	46890	P1-66-16	0	-
1097	270.412760	270.559896	A4	22	80	0	0	46890	*	3	-
1098	270.419271	270.779948	Eb4	17	80	0	0	46890	P1-66-1	0	-
1099	271.313802	271.632812	A4	30	80	0	0	47070	P1-66-4	0	-
1100	271.337240	271.468750	C4	21	80	0	0	-1	*	3	-
1101	271.337240	271.619792	C#4	21	80	0	0	47070	P1-66-3	0	-
1102	271.436198	271.628906	F2	12	80	0	0	47090	P1-66-20	1	-
1103	271.523438	271.679688	F3	25	80	0	0	47110	P1-66-21	1	-
1104	271.673177	271.949219	Bb4	31	80	0	0	47130	P1-66-6	0	-
1105	271.680990	272.000000	F4	20	80	0	0	-1	*	3	-
1106	271.684896	271.908854	D5	31	80	0	0	-1	*	3	-
1107	271.690104	271.881510	D4	23	80	0	0	47130	P1-66-5	0	-
1108	271.690104	271.959635	F2	21	80	0	0	47130	P1-66-22	1	-
1109	272.287760	272.598958	F4	25	80	0	0	47250	P1-66-8	0	-
1110	272.289062	272.509115	D5	29	80	0	0	-1	*	3	-
1111	272.290365	272.549479	Bb4	33	80	0	0	47250	P1-66-9	0	-
1112	272.299479	272.549479	D4	22	80	0	0	47250	P1-66-7	0	-
1113	272.645833	272.779948	F6	36	80	0	0	47310	P1-66-24	0	-
1114	272.755208	272.848958	F5	26	80	0	0	47330	P1-66-25	0	-
1115	272.851562	273.039062	F6	41	80	0	0	47350	P1-66-26	0	-
1116	272.932292	273.479167	C5	41	80	0	0	47370	P1-66-12	0	-
1117	272.936198	273.259115	A4	28	80	0	0	47370	P1-66-11	0	-
1118	272.936198	273.089844	F5	39	80	0	0	47370	P1-66-27	0	-
1119	272.940104	273.229167	F4	25	80	0	0	47370	P1-66-10	0	-
1120	273.554688	273.929688	D5	45	80	0	0	47490	P1-66-15	0	-
1121	273.584635	273.919271	F4	21	80	0	0	47490	P1-66-13	0	-
1122	273.591146	273.899740	Bb4	23	80	0	0	47490	P1-66-14	0	-
1123	274.279948	274.628906	D5	36	80	0	0	47610	P1-67-2	0	-
1124	274.292969	274.549479	F4	21	80	0	0	47610	P1-67-16	0	-
1125	274.294271	274.559896	Bb4	27	80	0	0	47610	P1-67-1	0	-
1126	275.292969	275.709635	B4	30	80	0	0	47790	P1-67-4	0	-
1127	275.300781	275.679688	F4	19	80	0	0	-1	*	3	-
1128	275.317708	275.669271	G#4	20	80	0	0	47790	P1-67-3	0	-
1129	275.411458	275.669271	F2	15	80	0	0	47810	P1-67-21	1	-
1130	275.526042	275.848958	F3	27	80	0	0	47830	P1-67-22	1	-
1131	275.673177	276.000000	C5	31	80	0	0	47850	P1-67-6	0	-
1132	275.683594	275.834635	F2	21	80	0	0	47850	P1-67-23	1	-
1133	275.692708	276.000000	F4	19	80	0	0	-1	*	3	-
1134	275.695312	275.959635	A4	23	80	0	0	47850	P1-67-5	0	-
1135	276.281250	276.789062	C5	43	80	0	0	47970	P1-67-9	0	-
1136	276.304688	276.639323	A4	29	80	0	0	47970	P1-67-8	0	-
1137	276.313802	276.739583	F4	29	80	0	0	47970	P1-67-7	0	-
1138	276.626302	276.759115	F6	42	80	0	0	48030	P1-67-25	0	-
1139	276.718750	276.819010	F5	38	80	0	0	48050	P1-67-26	0	-
1140	276.804688	276.873698	F6	48	80	0	0	48070	P1-67-27	0	-
1141	276.923177	277.669271	D5	57	80	0	0	48090	P1-67-12	0	-
1142	276.944010	277.619792	F4	26	80	0	0	48090	P1-67-10	0	-
1143	276.951823	277.419271	Bb4	33	80	0	0	48090	P1-67-11	0	-
1144	276.960938	276.968750	Bb3	25	80	0	0	-1	*	3	-
1145	277.605469	278.019531	Eb5	62	80	0	0	48210	P1-67-15	0	-
1146	277.627604	278.049479	C5	37	80	0	0	48210	P1-67-14	0	-
1147	277.634115	278.119792	F4	26	80	0	0	48210	P1-67-13	0	-
1148	278.356771	279.139323	Eb5	55	80	0	0	48330	P1-68-2	0	-
1149	278.386719	279.000000	F4	26	80	0	0	48330	P1-68-18	0	-
1150	278.398438	278.938802	C5	32	80	0	0	48330	P1-68-1	0	-
1151	279.304688	279.686198	C#5	53	80	0	0	48510	P1-68-4	0	-
1152	279.335938	279.699219	A4	28	80	0	0	48510	P1-68-3	0	-
1153	279.338542	279.549479	F4	28	80	0	0	-1	*	3	-
1154	279.343750	279.468750	F3	26	80	0	0	48510	P1-68-22	1	-
1155	279.434896	279.938802	F2	17	80	0	0	48530	P1-68-23	1	-
1156	279.546875	279.718750	F3	27	80	0	0	48550	P1-68-24	1	-
1157	279.678385	280.158854	D5	58	80	0	0	48570	P1-68-6	0	-
1158	279.704427	280.149740	F4	31	80	0	0	-1	*	3	-
1159	279.704427	280.079427	Bb4	38	80	0	0	48570	P1-68-5	0	-
1160	280.363281	280.769531	D5	67	80	0	0	48690	P1-68-9	0	-
1161	280.404948	280.829427	F4	28	80	0	0	48690	P1-68-7	0	-
1162	280.406250	280.699219	Bb4	36	80	0	0	48690	P1-68-8	0	-
1163	280.584635	280.759115	F6	54	80	0	0	48750	P1-68-27	0	-
1164	280.666667	280.848958	F5	52	80	0	0	48770	P1-68-28	0	-
1165	280.765625	281.029948	F6	61	80	0	0	48790	P1-68-29	0	-
1166	281.059896	281.539062	E5	72	80	0	0	48810	P1-68-13	0	-
1167	281.071615	281.509115	G4	36	80	0	0	48810	P1-68-10	0	-
1168	281.097656	281.549479	Db5	45	80	0	0	48810	P1-68-12	0	-
1169	281.108073	281.500000	Bb4	32	80	0	0	48810	P1-68-11	0	-
1170	281.738281	282.049479	E5	72	80	0	0	48930	P1-68-17	0	-
1171	281.781250	282.529948	G4	33	80	0	0	48930	P1-68-14	0	-
1172	281.783854	282.309896	Db5	44	80	0	0	48930	P1-68-16	0	-
1173	281.786458	282.229167	Bb4	34	80	0	0	48930	P1-68-15	0	-
1174	281.976562	282.139323	F6	45	80	0	0	48990	P1-68-32	0	-
1175	282.057292	282.188802	E5	42	80	0	0	49010	*	3	-
1176	282.058594	282.209635	F5	41	80	0	0	49010	P1-68-33	0	-
1177	282.145833	282.438802	F6	50	80	0	0	49030	P1-68-34	0	-
1178	282.463542	283.000000	F5	62	80	0	0	49050	P1-69-3	0	-
1179	282.485677	282.869792	C5	33	80	0	0	49050	P1-69-2	0	-
1180	282.493490	282.848958	A4	31	80	0	0	49050	P1-69-1	0	-
1181	283.201823	283.848958	C5	41	80	0	0	49170	P1-69-6	0	-
1182	283.222656	283.878906	A4	33	80	0	0	49170	P1-69-5	0	-
1183	283.223958	283.819010	F4	26	80	0	0	49170	P1-69-4	0	-
1184	283.625000	283.729167	F3	25	80	0	0	49230	P1-69-18	0	-
1185	283.723958	283.908854	F2	23	80	0	0	49260	P1-69-19	0	-
1186	283.834635	283.904948	F3	33	80	0	0	49290	P1-69-20	0	-
1187	284.432292	284.889323	C5	50	80	0	0	49410	P1-69-9	0	-
1188	284.447917	284.809896	A4	38	80	0	0	49410	P1-69-8	0	-
1189	284.451823	284.809896	F4	32	80	0	0	49410	P1-69-7	0	-
1190	284.852865	285.049479	F6	48	80	0	0	49470	P1-69-22	0	-
1191	284.950521	285.169271	F5	37	80	0	0	49500	P1-69-23	0	-
1192	285.055990	285.848958	E5	56	80	0	0	49530	P1-69-12	0	-
1193	285.065104	285.188802	E6	50	80	0	0	49530	P1-69-24	1	-
1194	285.097656	285.479167	G4	22	80	0	0	49530	P1-69-10	0	-
1195	285.105469	285.459635	Bb4	24	80	0	0	49530	P1-69-11	0	-
1196	285.712240	286.329427	C5	53	80	0	0	49650	P1-69-15	0	-
1197	285.755208	286.329427	G4	26	80	0	0	49650	P1-69-13	0	-
1198	285.757812	285.959635	Bb4	33	80	0	0	49650	P1-69-14	0	-
1199	286.363281	287.059896	F5	45	80	0	0	49770	P1-70-3	0	-
1200	286.395833	286.769531	A4	19	80	0	0	49770	P1-70-2	0	-
1201	286.401042	286.809896	F4	18	80	0	0	49770	P1-70-1	0	-
1202	287.106771	287.809896	C5	32	80	0	0	49890	P1-70-6	0	-
1203	287.106771	287.869792	F4	23	80	0	0	49890	P1-70-4	0	-
1204	287.117188	287.619792	A4	27	80	0	0	49890	P1-70-5	0	-
1205	287.485677	287.609375	F3	21	80	0	0	49950	P1-70-18	0	-
1206	287.584635	287.938802	F2	15	80	0	0	49980	P1-70-19	0	-
1207	287.684896	288.029948	F3	25	80	0	0	50010	P1-70-20	0	-
1208	288.303385	288.739583	C5	40	80	0	0	50130	P1-70-9	0	-
1209	288.317708	288.658854	F4	20	80	0	0	50130	P1-70-7	0	-
1210	288.321615	288.718750	A4	26	80	0	0	50130	P1-70-8	0	-
1211	288.760417	288.899740	F6	34	80	0	0	50190	P1-70-22	0	-
1212	288.864583	289.209635	F5	28	80	0	0	50220	P1-70-23	0	-
1213	288.966146	289.039062	F6	39	80	0	0	50250	P1-70-24	0	-
1214	288.983073	289.149740	E6	36	80	0	0	50250	*	3	-
1215	288.983073	289.679688	E5	36	80	0	0	50250	P1-70-12	0	-
1216	289.002604	289.389323	G4	20	80	0	0	50250	P1-70-10	0	-
1217	289.009115	289.339844	Bb4	24	80	0	0	50250	P1-70-11	0	-
1218	289.753906	290.688802	C5	42	80	0	0	50370	P1-70-15	0	-
1219	289.763021	289.929688	F5	34	80	0	0	50370	*	3	-
1220	289.768229	290.049479	G4	23	80	0	0	50370	P1-70-13	0	-
1221	289.773438	289.979167	Bb4	32	80	0	0	50370	P1-70-14	0	-
1222	290.511719	291.549479	F5	48	80	0	0	50490	P1-71-3	0	-
1223	290.563802	290.959635	F4	11	80	0	0	50490	P1-71-1	0	-
1224	291.272135	292.109375	C5	38	80	0	0	50610	P1-71-6	0	-
1225	291.285156	291.819010	A4	25	80	0	0	50610	P1-71-5	0	-
1226	291.294271	292.019531	F4	19	80	0	0	50610	P1-71-4	0	-
1227	291.296875	291.658854	F3	17	80	0	0	50670	P1-71-15	0	-
1228	291.861979	292.319010	F2	18	80	0	0	50700	P1-71-16	0	-
1229	291.989583	292.378906	F3	23	80	0	0	50730	P1-71-17	0	-
1230	292.670573	296.179688	A4	35	80	0	0	50850	P1-71-9	0	-
1231	292.675781	293.829427	F4	23	80	0	0	50850	P1-71-8	0	-
1232	292.696615	292.869792	F3	17	80	0	0	50850	*	3	-
1233	292.699219	293.569010	C4	19	80	0	0	50850	P1-71-7	0	-
1234	293.076823	293.229167	F3	16	80	0	0	50910	P1-71-19	0	-
1235	293.204427	293.479167	F2	15	80	0	0	50940	P1-71-20	0	-
1236	293.332031	293.809896	F3	21	80	0	0	50970	P1-71-21	0	-
1237	294.002604	294.848958	F4	22	80	0	0	51090	P1-71-12	0	-
1238	294.010417	294.399740	A3	17	80	0	0	51090	P1-71-10	0	-
1239	294.011719	295.549479	C4	17	80	0	0	51090	P1-71-11	0	-
1240	294.395833	294.509115	F3	15	80	0	0	51150	P1-71-23	0	-
1241	294.511719	294.750000	F2	16	80	0	0	51180	P1-71-24	0	-
1242	294.636719	294.989583	F3	26	80	0	0	51210	P1-72-13	0	-
1243	295.324219	296.479167	F4	28	80	0	0	51330	P1-72-14	0	-
1244	295.332031	295.339844	A3	21	80	0	0	51330	*	3	-
1245	295.348958	295.859375	F3	16	80	0	0	51330	*	3	-
1246	296.053385	297.000000	E4	33	80	0	0	51450	P1-72-15	0	-
1247	296.845052	298.378906	F4	23	80	0	0	51570	P1-72-19	0	-
1248	296.872396	297.609375	Eb4	24	80	0	0	51570	P1-72-16	0	-
1249	297.574219	298.319010	D4	23	80	0	0	51690	P1-72-17	0	-
1250	297.919271	298.014323	G4	38	80	0	0	51750	P1-72-7	0	-
1251	297.923177	297.929688	Bb3	29	80	0	0	51750	*	3	-
1252	298.093750	298.174479	A4	41	80	0	0	51780	P1-72-8	0	-
1253	298.098958	298.188802	Bb3	32	80	0	0	51780	*	3	-
1254	298.283854	298.375000	Bb4	42	80	0	0	51810	P1-72-9	0	-
1255	298.304688	298.540365	Eb4	27	80	0	0	51810	P1-72-20	0	-
1256	298.308594	298.540365	C4	25	80	0	0	51810	P1-72-18	0	-
1257	298.470052	298.647135	C5	47	80	0	0	51840	P1-72-10	0	-
1258	298.678385	298.925781	D5	46	80	0	0	51870	P1-72-11	0	-
1259	298.884115	300.658854	Eb5	53	80	0	0	51900	P1-72-12	0	-
1260	299.083333	299.609375	Bb2	21	80	0	0	51930	P1-73-9	0	-
1261	299.197917	302.000000	F5	50	80	0	0	51930	P1-73-1	0	-
1262	299.925781	300.289062	Bb3	19	80	0	0	52050	P1-73-10	0	-
1263	300.583333	301.438802	D4	19	80	0	0	52170	P1-73-11	0	-
1264	300.584635	300.848958	Bb3	19	80	0	0	52170	*	3	-
1265	301.270833	302.158854	Bb3	25	80	0	0	52290	P1-73-13	0	-
1266	301.761719	302.069010	D5	43	80	0	0	52380	P1-73-3	0	-
1267	301.968750	303.709635	Bb5	53	80	0	0	52410	P1-73-4	0	-
1268	301.971354	303.109375	Eb4	27	80	0	0	52410	P1-73-14	0	-
1269	301.984375	302.919271	Bb4	33	80	0	0	52410	P1-73-8	0	-
1270	302.694010	303.529948	Bb3	20	80	0	0	52530	P1-73-16	0	-
1271	303.156250	303.438802	G5	37	80	0	0	52620	P1-73-5	0	-
1272	303.345052	304.098958	F4	22	80	0	0	52650	P1-74-11	0	-
1273	303.350260	305.059896	F5	39	80	0	0	52650	P1-74-1	0	-
1274	303.354167	304.049479	D4	21	80	0	0	52650	P1-74-10	0	-
1275	304.070312	304.699219	Bb3	15	80	0	0	52770	P1-74-12	0	-
1276	304.682292	305.429688	Bb4	22	80	0	0	52890	P1-74-7	0	-
1277	304.682292	305.408854	F4	16	80	0	0	52890	P1-74-14	0	-
1278	304.694010	305.459635	D4	15	80	0	0	52890	P1-74-13	0	-
1279	304.704427	304.899740	Bb3	13	80	0	0	52890	*	3	-
1280	305.338542	306.098958	Bb3	21	80	0	0	53010	P1-74-15	0	-
1281	305.786458	306.119792	D5	42	80	0	0	53100	P1-74-3	0	-
1282	306.010417	307.408854	Eb5	42	80	0	0	53130	P1-74-4	0	-
1283	306.032552	307.059896	G3	21	80	0	0	53130	P1-74-16	0	-
1284	306.035156	307.079427	Bb4	24	80	0	0	53130	P1-74-8	0	-
1285	306.684896	307.239583	G4	26	80	0	0	53250	P1-74-9	0	-
1286	306.691406	307.289062	Eb3	22	80	0	0	53250	P1-74-17	0	-
1287	307.092448	307.373698	C5	52	80	0	0	53340	P1-74-5	0	-
1288	307.358073	310.039062	Bb4	42	80	0	0	53370	P1-75-1	0	-
1289	308.045573	308.699219	D4	19	80	0	0	53490	P1-75-7	0	-
1290	308.050781	308.269531	Bb3	17	80	0	0	53490	*	3	-
1291	308.065104	308.658854	F3	14	80	0	0	53490	P1-75-11	0	-
1292	308.675781	309.959635	F4	24	80	0	0	53610	P1-75-8	0	-
1293	308.692708	309.449219	Bb3	18	80	0	0	53610	P1-75-12	0	-
1294	308.707031	309.438802	D4	13	80	0	0	53610	P1-75-13	0	-
1295	308.712240	309.000000	F3	14	80	0	0	53610	*	3	-
1296	309.352865	310.339844	F3	21	80	0	0	53730	P1-75-14	0	-
1297	309.938802	310.679688	A3	17	80	0	0	53850	P1-75-15	0	-
1298	309.967448	310.609375	D5	40	80	0	0	53850	P1-75-2	0	-
1299	309.972656	311.259115	F4	22	80	0	0	53850	P1-75-9	0	-
1300	309.973958	310.709635	C4	20	80	0	0	53850	P1-75-16	0	-
1301	310.305990	310.729167	C5	52	80	0	0	53910	P1-75-3	0	-
1302	310.602865	311.289062	Bb4	50	80	0	0	53970	P1-75-4	0	-
1303	310.622396	311.319010	F3	27	80	0	0	53970	P1-75-17	0	-
1304	310.925781	311.078125	C5	60	80	0	0	54030	P1-75-5	0	-
1305	311.141927	313.739583	Bb2	21	80	0	0	54090	P1-76-21	0	-
1306	311.261719	312.539062	C5	59	80	0	0	54090	P1-76-1	0	-
1307	311.272135	312.179688	A3	30	80	0	0	54090	P1-76-15	0	-
1308	311.906250	313.699219	F3	33	80	0	0	54210	P1-76-16	0	-
1309	312.295573	312.558594	C#5	50	80	0	0	54300	P1-76-2	0	-
1310	312.569010	313.569010	D5	45	80	0	0	54330	P1-76-3	0	-
1311	312.574219	313.438802	F4	29	80	0	0	54330	*	3	-
1312	312.602865	313.549479	Bb3	24	80	0	0	54330	P1-76-17	0	-
1313	313.216146	313.997396	D3	38	80	0	0	54450	P1-76-18	0	-
1314	313.898438	314.553385	Eb3	51	80	0	0	54570	P1-76-19	0	-
1315	314.067708	314.173177	F4	52	80	0	0	54600	P1-76-6	0	-
1316	314.231771	314.311198	G4	56	80	0	0	54630	P1-76-7	0	-
1317	314.384115	314.449219	A4	54	80	0	0	54660	P1-76-8	0	-
1318	314.535156	315.213542	C3	32	80	0	0	54690	P1-76-20	0	-
1319	314.535156	314.606771	Bb4	49	80	0	0	54690	P1-76-9	0	-
1320	314.683594	314.772135	C5	59	80	0	0	54720	P1-76-10	0	-
1321	314.854167	314.912760	D5	55	80	0	0	54750	P1-76-11	0	-
1322	315.015625	315.132812	Eb5	65	80	0	0	54780	P1-76-12	0	-
1323	315.234375	315.889323	Bb2	23	80	0	0	54810	P1-77-9	0	-
1324	315.332031	317.889323	F5	59	80	0	0	54810	P1-77-1	0	-
1325	315.990885	316.759115	Bb3	23	80	0	0	54930	P1-77-10	0	-
1326	316.502604	316.699219	A4	32	80	0	0	54990	P1-77-7	0	-
1327	316.660156	317.699219	F4	24	80	0	0	55050	P1-77-12	0	-
1328	316.665365	317.750000	D4	24	80	0	0	55050	P1-77-11	0	-
1329	316.686198	317.419271	Bb4	26	80	0	0	55050	P1-77-8	0	-
1330	317.368490	317.979167	Bb3	17	80	0	0	55170	P1-77-13	0	-
1331	317.819010	318.109375	D5	45	80	0	0	55260	P1-77-3	0	-
1332	318.024740	319.348958	Bb5	45	80	0	0	55290	P1-77-4	0	-
1333	318.033854	318.938802	Eb4	23	80	0	0	55290	P1-77-14	0	-
1334	318.053385	318.869792	Bb4	26	80	0	0	55290	P1-77-15	1	-
1335	318.695312	319.429688	Bb3	22	80	0	0	55410	P1-77-16	0	-
1336	319.123698	319.342448	G5	50	80	0	0	55500	P1-77-5	0	-
1337	319.315104	321.509115	F5	48	80	0	0	55530	P1-78-1	0	-
1338	319.341146	320.250000	F4	23	80	0	0	55530	P1-78-12	0	-
1339	319.346354	320.229167	D4	20	80	0	0	55530	P1-78-11	0	-
1340	320.052083	320.739583	Bb3	23	80	0	0	55650	P1-78-13	0	-
1341	320.498698	320.790365	A4	40	80	0	0	55710	P1-78-7	0	-
1342	320.753906	321.509115	F4	23	80	0	0	55770	P1-78-15	0	-
1343	320.755208	321.559896	D4	24	80	0	0	55770	P1-78-14	0	-
1344	320.755208	321.559896	Bb4	36	80	0	0	55770	P1-78-8	0	-
1345	321.423177	321.799479	Bb3	34	80	0	0	55890	P1-78-16	0	-
1346	321.757812	322.230469	D5	63	80	0	0	55980	P1-78-3	0	-
1347	322.174479	322.769531	F5	59	80	0	0	56010	*	3	-
1348	322.187500	323.049479	G3	32	80	0	0	56010	P1-78-17	0	-
1349	322.212240	323.059896	Bb4	30	80	0	0	56010	P1-78-9	0	-
1350	322.578125	323.459635	Eb5	62	80	0	0	56010	P1-78-4	0	-
1351	322.954427	323.408854	G4	33	80	0	0	56130	P1-78-10	0	-
1352	322.964844	323.649740	Eb3	32	80	0	0	56130	P1-78-18	0	-
1353	323.287760	323.606771	C5	58	80	0	0	56220	P1-78-5	0	-
1354	323.635417	324.569010	Bb4	45	80	0	0	56250	P1-79-1	0	-
1355	323.639323	326.669271	F3	32	80	0	0	56250	P1-79-14	0	-
1356	323.648438	324.098958	D4	36	80	0	0	56250	P1-79-3	0	-
1357	324.313802	325.049479	D4	47	80	0	0	56370	P1-79-5	0	-
1358	324.345052	325.218750	Bb3	31	80	0	0	56370	P1-79-4	0	-
1359	325.055990	325.889323	F4	55	80	0	0	56490	P1-79-7	0	-
1360	325.058594	325.359375	D4	40	80	0	0	56490	P1-79-6	0	-
1361	325.765625	326.319010	D4	48	80	0	0	56610	P1-79-9	0	-
1362	325.804688	326.149740	Bb3	32	80	0	0	56610	P1-79-8	0	-
1363	326.463542	332.229167	F4	54	80	0	0	56730	P1-79-2	0	-
1364	326.476562	327.908854	C4	46	80	0	0	56730	P1-79-11	0	-
1365	326.484375	327.378906	F2	35	80	0	0	56730	P1-79-16	0	-
1366	326.485677	326.908854	A3	37	80	0	0	56730	P1-79-10	0	-
1367	327.204427	327.979167	A3	36	80	0	0	56850	P1-79-13	0	-
1368	327.207031	327.949219	F3	31	80	0	0	56850	P1-79-12	0	-
1369	327.933594	328.589844	D4	27	80	0	0	56970	P1-80-3	0	-
1370	327.934896	328.609375	Bb1	26	80	0	0	56970	P1-80-8	0	-
1371	327.936198	328.479167	Bb2	25	80	0	0	56970	*	3	-
1372	327.936198	331.059896	Bb3	25	80	0	0	56970	P1-80-2	0	-
1373	327.955729	331.509115	F3	20	80	0	0	56970	P1-80-1	0	-
1374	328.993490	329.109375	Bb2	22	80	0	0	57150	P1-80-10	0	-
1375	329.093750	329.299479	Bb1	18	80	0	0	57170	P1-80-11	0	-
1376	329.192708	329.539062	Bb2	19	80	0	0	57190	P1-80-12	0	-
1377	329.308594	329.609375	Bb1	17	80	0	0	57210	P1-80-13	0	-
1378	330.299479	330.449219	Bb2	16	80	0	0	57390	P1-80-15	0	-
1379	330.406250	330.579427	Bb1	18	80	0	0	57410	P1-80-16	0	-
1380	330.506510	331.468750	Bb2	20	80	0	0	57430	P1-80-17	0	-
1381	330.653646	331.359375	Bb1	21	80	0	0	57450	P1-80-18	0	-
1382	331.354167	331.919271	Bb3	25	80	0	0	57570	P1-80-7	0	-
1383	332.204427	333.769531	Bb3	24	80	0	0	57690	P1-81-1	0	-
1384	333.238281	333.449219	Bb2	21	80	0	0	57870	P1-81-6	0	-
1385	333.375000	334.039062	Bb1	21	80	0	0	57890	P1-81-7	0	-
1386	333.375000	333.459635	F3	18	80	0	0	-1	*	3	-
1387	333.460938	334.158854	Bb2	16	80	0	0	57910	P1-81-8	0	-
1388	333.634115	335.709635	Cb4	34	80	0	0	57930	P1-81-2	0	-
1389	333.641927	334.709635	F3	23	80	0	0	57930	P1-81-17	0	-
1390	333.644531	336.739583	Ab3	29	80	0	0	57930	P1-81-18	0	-
1391	334.722656	334.908854	Bb2	17	80	0	0	58110	P1-81-11	0	-
1392	334.917969	336.859375	Bb2	26	80	0	0	58130	P1-81-12	1	-
1393	335.054688	336.718750	F3	23	80	0	0	58150	P1-81-13	1	-
1394	335.061198	337.079427	Bb1	22	80	0	0	58170	P1-81-14	0	-
1395	335.722656	336.419271	Cb4	56	80	0	0	58290	P1-81-3	0	-
1396	336.433594	337.718750	Cb4	55	80	0	0	58410	P1-82-1	0	-
1397	337.401042	337.559896	Bb2	38	80	0	0	58590	P1-82-9	0	-
1398	337.488281	337.669271	Bb1	27	80	0	0	58610	P1-82-10	0	-
1399	337.574219	338.399740	Bb2	39	80	0	0	58630	P1-82-11	0	-
1400	337.677083	338.579427	Bb1	36	80	0	0	58650	P1-82-12	0	-
1401	337.723958	339.378906	D4	60	80	0	0	58650	P1-82-5	0	-
1402	337.734375	340.009115	Cb4	43	80	0	0	58650	P1-82-4	0	-
1403	337.759115	338.759115	F3	30	80	0	0	58650	P1-82-2	0	-
1404	337.761719	338.429688	Ab3	28	80	0	0	58650	P1-82-3	0	-
1405	338.713542	338.878906	Bb2	33	80	0	0	58830	P1-82-14	0	-
1406	338.804688	338.968750	Bb1	31	80	0	0	58850	P1-82-15	0	-
1407	338.888021	339.619792	Bb2	43	80	0	0	58870	P1-82-16	0	-
1408	338.889323	339.329427	Bb3	42	80	0	0	58870	*	3	-
1409	338.980469	340.899740	Bb1	37	80	0	0	58890	P1-82-17	0	-
1410	339.595052	339.799479	D5	59	80	0	0	59010	P1-82-6	1	-
1411	339.595052	339.979167	D4	61	80	0	0	59130	P1-83-1	0	-
1412	339.630208	340.658854	Bb2	25	80	0	0	59310	P1-83-12	0	-
1413	340.233073	340.539062	D5	64	80	0	0	59130	*	3	-
1414	340.234375	341.399740	D4	63	80	0	0	59130	*	3	-
1415	341.201823	341.348958	Bb2	35	80	0	0	59350	P1-83-14	0	-
1416	341.203125	341.419271	Bb3	37	80	0	0	-1	*	3	-
1417	341.272135	342.449219	Bb1	26	80	0	0	59370	P1-83-15	0	-
1418	341.364583	342.109375	Bb2	37	80	0	0	-1	*	3	-
1419	341.488281	342.619792	F4	73	80	0	0	59370	P1-83-5	0	-
1420	341.502604	341.509115	F3	52	80	0	0	-1	*	3	-
1421	341.505208	342.419271	D4	51	80	0	0	59370	P1-83-4	0	-
1422	341.514323	342.289062	Ab3	53	80	0	0	59370	P1-83-2	0	-
1423	341.523438	342.299479	Cb4	55	80	0	0	59370	P1-83-3	0	-
1424	342.464844	342.750000	Bb3	41	80	0	0	-1	*	3	-
1425	342.466146	342.598958	Bb2	38	80	0	0	59550	P1-83-17	0	-
1426	342.536458	343.759115	Bb1	46	80	0	0	59570	P1-83-18	0	-
1427	342.606771	343.449219	Bb2	53	80	0	0	59590	P1-83-19	0	-
1428	342.707031	344.128906	Ab4	66	80	0	0	59610	P1-83-9	0	-
1429	342.707031	344.628906	F4	64	80	0	0	59610	P1-83-8	0	-
1430	342.712240	344.509115	D4	51	80	0	0	59610	P1-83-7	0	-
1431	342.723958	344.679688	Cb4	53	80	0	0	59610	P1-83-6	0	-
1432	343.675781	343.848958	Bb2	43	80	0	0	59790	P1-83-22	0	-
1433	343.773438	344.589844	Bb1	30	80	0	0	59810	P1-83-23	0	-
1434	343.859375	344.759115	Bb2	40	80	0	0	59830	P1-83-24	0	-
1435	343.994792	345.039062	Cb5	77	80	0	0	59850	P1-84-1	0	-
1436	344.993490	345.065104	Ab3	46	80	0	0	60030	P1-84-12	0	-
1437	345.080729	345.209635	Bb2	49	80	0	0	60050	P1-84-13	0	-
1438	345.161458	345.239583	Ab3	43	80	0	0	60070	P1-84-14	0	-
1439	345.220052	345.229167	Bb3	52	80	0	0	60090	*	3	-
1440	345.222656	346.128906	Bb2	53	80	0	0	60090	P1-84-15	0	-
1441	345.234375	346.419271	Ab4	53	80	0	0	60090	P1-84-7	0	-
1442	345.246094	346.069010	D4	48	80	0	0	60090	P1-84-5	0	-
1443	345.250000	345.908854	G#3	43	80	0	0	60090	*	3	-
1444	345.250000	347.218750	F4	53	80	0	0	60090	P1-84-6	0	-
1445	346.311198	346.459635	Ab3	37	80	0	0	60270	P1-84-17	0	-
1446	346.393229	346.559896	Bb2	34	80	0	0	60290	P1-84-18	0	-
1447	346.473958	346.658854	Ab3	39	80	0	0	60310	P1-84-19	0	-
1448	346.570312	347.968750	Bb2	28	80	0	0	60330	P1-84-20	0	-
1449	346.640625	348.408854	Bb4	66	80	0	0	60330	P1-84-2	0	-
1450	346.673177	347.819010	D4	36	80	0	0	60330	P1-84-8	0	-
1451	346.674479	347.679688	G#3	38	80	0	0	-1	*	3	-
1452	347.417969	348.419271	Ab4	59	80	0	0	60450	P1-84-3	0	-
1453	348.257812	349.718750	F#4	49	80	0	0	60570	P1-85-1	0	-
1454	349.332031	349.529948	Bb2	28	80	0	0	60750	P1-85-9	0	-
1455	349.432292	349.438802	F3	24	80	0	0	60750	*	3	-
1456	349.434896	349.658854	Bb1	28	80	0	0	60770	P1-85-10	0	-
1457	349.533854	350.319010	Bb2	27	80	0	0	60790	P1-85-11	0	-
1458	349.632812	351.789062	G4	48	80	0	0	60810	P1-85-2	0	-
1459	349.652344	349.658854	Bb4	38	80	0	0	60810	*	3	-
1460	349.662760	352.500000	Eb4	31	80	0	0	60810	P1-85-6	0	-
1461	349.666667	350.229167	Bb1	29	80	0	0	60810	P1-85-12	0	-
1462	349.667969	350.419271	Bb3	28	80	0	0	60810	P1-85-5	0	-
1463	350.541667	350.729167	Bb2	24	80	0	0	60990	P1-85-14	0	-
1464	350.735677	352.839844	Bb2	33	80	0	0	61030	P1-85-16	0	-
1465	350.877604	351.669271	Bb1	38	80	0	0	61050	P1-85-17	0	-
1466	351.466146	352.869792	Bb4	70	80	0	0	61170	P1-85-3	0	-
1467	352.182292	354.019531	Eb5	77	80	0	0	61290	P1-86-1	0	-
1468	353.173177	353.339844	Bb3	29	80	0	0	61470	P1-86-11	0	-
1469	353.263021	353.479167	Bb2	29	80	0	0	61490	P1-86-12	0	-
1470	353.354167	354.609375	Bb3	31	80	0	0	61510	P1-86-13	0	-
1471	353.473958	356.628906	Eb4	41	80	0	0	61530	P1-86-7	0	-
1472	353.473958	355.959635	Gb4	42	80	0	0	61530	P1-86-8	0	-
1473	353.475260	355.259115	A4	40	80	0	0	61530	P1-86-5	0	-
1474	353.485677	354.479167	Bb2	31	80	0	0	61530	P1-86-14	0	-
1475	354.484375	354.699219	Bb2	20	80	0	0	61730	P1-86-17	0	-
1476	354.708333	356.589844	Bb2	33	80	0	0	61770	P1-86-19	0	-
1477	354.714844	356.019531	C5	66	80	0	0	61770	P1-86-2	0	-
1478	355.505208	357.119792	A4	66	80	0	0	61890	P1-86-3	0	-
1479	356.299479	357.769531	C5	62	80	0	0	62010	P1-87-1	0	-
1480	357.278646	357.356771	Bb2	33	80	0	0	62190	P1-87-12	0	-
1481	357.384115	357.569010	Bb1	35	80	0	0	62210	P1-87-13	0	-
1482	357.477865	357.579427	Bb2	41	80	0	0	62230	P1-87-14	0	-
1483	357.572917	358.848958	Bb4	56	80	0	0	62250	P1-87-2	0	-
1484	357.580729	358.529948	F4	44	80	0	0	62250	P1-87-7	0	-
1485	357.583333	358.250000	Bb1	41	80	0	0	62250	P1-87-15	0	-
1486	357.584635	358.199219	D4	39	80	0	0	62250	P1-87-6	0	-
1487	357.585938	358.139323	Bb2	39	80	0	0	62250	*	3	-
1488	358.490885	358.628906	Bb2	36	80	0	0	62430	P1-87-17	0	-
1489	358.576823	358.718750	Bb1	33	80	0	0	62450	P1-87-18	0	-
1490	358.641927	360.359375	Bb2	45	80	0	0	62470	P1-87-19	0	-
1491	358.734375	360.468750	Bb1	43	80	0	0	62490	P1-87-20	0	-
1492	358.773438	361.259115	F4	60	80	0	0	62490	P1-87-8	0	-
1493	358.774740	360.399740	Ab4	55	80	0	0	62490	P1-87-9	0	-
1494	359.446615	360.468750	D5	74	80	0	0	62610	P1-87-4	0	-
1495	360.140625	360.937500	F5	73	80	0	0	62730	P1-88-1	0	-
1496	360.884115	362.500000	Eb5	77	80	0	0	62850	P1-88-2	0	-
1497	361.273438	361.419271	Bb3	47	80	0	0	62910	P1-88-18	1	-
1498	361.355469	361.479167	Bb2	44	80	0	0	62930	P1-88-19	1	-
1499	361.433594	361.539062	Bb3	49	80	0	0	62950	P1-88-20	1	-
1500	361.541667	362.688802	Bb2	47	80	0	0	62970	P1-88-21	1	-
1501	361.544271	362.109375	Bb3	56	80	0	0	-1	*	3	-
1502	361.552083	362.419271	Bb4	59	80	0	0	62970	P1-88-7	0	-
1503	361.554688	362.309896	G4	53	80	0	0	62970	P1-88-6	0	-
1504	362.326823	363.049479	A4	55	80	0	0	63090	P1-88-9	0	-
1505	362.328125	363.419271	Gb4	62	80	0	0	63090	P1-88-8	0	-
1506	362.330729	362.579427	Bb3	45	80	0	0	-1	*	3	-
1507	362.686198	362.839844	Bb3	46	80	0	0	63150	P1-88-23	1	-
1508	362.766927	362.959635	Bb2	36	80	0	0	63170	P1-88-24	1	-
1509	362.854167	363.598958	Bb3	49	80	0	0	63190	P1-88-25	1	-
1510	362.964844	364.369792	Bb2	52	80	0	0	63210	P1-88-26	1	-
1511	362.980469	363.878906	C5	60	80	0	0	63210	P1-88-3	0	-
1512	362.983073	363.519531	Eb4	60	80	0	0	63210	P1-88-10	0	-
1513	363.774740	364.559896	A4	49	80	0	0	63330	P1-88-4	0	-
1514	363.783854	364.188802	C4	51	80	0	0	63330	P1-88-13	0	-
1515	363.785156	364.609375	Gb4	49	80	0	0	63330	P1-88-15	0	-
1516	363.802083	364.269531	Eb4	46	80	0	0	63330	P1-88-14	0	-
1517	364.151042	364.309896	Bb3	44	80	0	0	63390	P1-88-28	1	-
1518	364.321615	364.539062	Bb3	44	80	0	0	63410	P1-88-29	1	-
1519	364.441406	368.069010	Bb2	32	80	0	0	63430	P1-88-30	0	-
1520	364.532552	365.718750	D3	52	80	0	0	63450	P1-89-15	0	-
1521	364.542969	364.549479	D4	47	80	0	0	63450	P1-89-1	0	-
1522	364.545573	365.359375	F4	40	80	0	0	63450	P1-89-2	0	-
1523	364.550781	366.029948	Bb3	40	80	0	0	-1	*	3	-
1524	365.684896	365.910156	Eb3	45	80	0	0	63660	P1-89-17	0	-
1525	365.691406	365.904948	C3	41	80	0	0	63660	P1-89-16	0	-
1526	365.876302	367.429688	F3	44	80	0	0	63690	P1-89-19	0	-
1527	365.893229	367.369792	D3	39	80	0	0	63690	P1-89-18	0	-
1528	367.270833	368.628906	Eb3	33	80	0	0	63930	P1-89-21	0	-
1529	367.273438	368.579427	C3	34	80	0	0	63930	P1-89-20	0	-
1530	367.430990	367.494792	F4	46	80	0	0	63960	P1-89-7	0	-
1531	367.597656	367.654948	E4	47	80	0	0	63990	P1-89-8	0	-
1532	367.735677	367.781250	F4	49	80	0	0	64020	P1-89-9	0	-
1533	367.884115	367.955729	G4	48	80	0	0	64050	P1-89-10	0	-
1534	368.026042	368.078125	A4	49	80	0	0	64080	P1-89-11	0	-
1535	368.173177	368.223958	Bb4	57	80	0	0	64110	P1-89-12	0	-
1536	368.325521	368.384115	C5	60	80	0	0	64140	P1-89-13	0	-
1537	368.571615	369.929688	D5	58	80	0	0	64170	P1-90-2	0	-
1538	368.609375	369.348958	Bb2	25	80	0	0	64170	P1-90-11	0	-
1539	368.614583	368.619792	Bb4	31	80	0	0	64170	P1-90-1	0	-
1540	368.617188	371.449219	F4	26	80	0	0	64170	P1-90-9	0	-
1541	368.618490	369.408854	D3	24	80	0	0	64170	P1-90-12	0	-
1542	369.855469	370.240885	Eb5	58	80	0	0	64380	P1-90-4	0	-
1543	369.880208	370.259115	C5	39	80	0	0	64380	P1-90-3	0	-
1544	370.151042	371.639323	F5	56	80	0	0	64410	P1-90-6	0	-
1545	370.160156	371.438802	D5	38	80	0	0	64410	P1-90-5	0	-
1546	371.536458	372.739583	Eb5	46	80	0	0	64650	P1-90-8	0	-
1547	371.540365	372.500000	F4	30	80	0	0	64650	P1-90-10	0	-
1548	371.545573	372.479167	C5	35	80	0	0	64650	P1-90-7	0	-
1549	371.743490	371.863281	F3	31	80	0	0	64680	P1-90-16	0	-
1550	371.942708	372.045573	E3	42	80	0	0	64710	P1-90-17	0	-
1551	372.119792	372.209635	F3	42	80	0	0	64740	P1-90-18	0	-
1552	372.305990	372.382812	G3	46	80	0	0	64770	P1-90-19	0	-
1553	372.484375	372.546875	A3	43	80	0	0	64800	P1-90-20	0	-
1554	372.667969	372.752604	Bb3	41	80	0	0	64830	P1-90-21	0	-
1555	372.860677	372.986979	C4	35	80	0	0	64860	P1-90-22	0	-
1556	373.042969	374.509115	Bb3	29	80	0	0	64890	P1-91-7	0	-
1557	373.125000	374.419271	D4	39	80	0	0	64890	P1-91-8	0	-
1558	373.128906	374.348958	F4	33	80	0	0	64890	P1-91-1	0	-
1559	373.131510	373.919271	Bb4	35	80	0	0	64890	P1-91-2	0	-
1560	374.332031	374.643229	Eb4	39	80	0	0	65100	P1-91-10	0	-
1561	374.356771	374.634115	C4	35	80	0	0	65100	P1-91-9	0	-
1562	374.632812	377.500000	F4	34	80	0	0	65130	P1-91-12	0	-
1563	374.634115	375.399740	D4	29	80	0	0	65130	P1-91-11	0	-
1564	376.144531	378.119792	Bb1	20	80	0	0	65370	P1-91-13	0	-
1565	376.147135	377.500000	Bb2	20	80	0	0	65370	*	3	-
1566	378.029948	380.250000	A1	19	80	0	0	65610	P1-92-2	0	-
1567	382.398438	383.279948	C6	62	80	0	0	66330	P1-93-1	0	-
1568	383.257812	383.359375	D6	50	80	0	0	66420	P1-93-6	0	-
1569	383.355469	383.394531	C6	50	80	0	0	66430	P1-93-7	0	-
1570	383.412760	383.490885	B5	55	80	0	0	66440	P1-93-8	0	-
1571	383.473958	383.738281	C6	62	80	0	0	66450	P1-93-2	0	-
1572	383.723958	383.963542	D6	65	80	0	0	66540	P1-93-3	0	-
1573	383.934896	384.289062	Eb6	64	80	0	0	66570	P1-93-4	0	-
1574	385.218750	387.019531	Gb4	55	80	0	0	66810	P1-93-5	0	-
1575	385.223958	386.128906	C4	31	80	0	0	66810	P1-93-12	0	-
1576	385.226562	386.389323	Eb4	35	80	0	0	66810	P1-93-13	0	-
1577	385.231771	386.000000	Bb3	30	80	0	0	66810	P1-93-11	0	-
1578	386.901042	388.819010	F4	41	80	0	0	67050	P1-94-1	0	-
1579	386.911458	387.929688	A3	26	80	0	0	67050	P1-94-16	0	-
1580	386.915365	388.039062	Eb4	32	80	0	0	67050	P1-94-18	0	-
1581	386.925781	388.049479	C4	23	80	0	0	67050	P1-94-17	0	-
1582	388.807292	389.238281	G4	29	80	0	0	67530	P1-94-2	0	-
1583	389.169271	389.455729	F4	33	80	0	0	67547	P1-94-3	0	-
1584	389.473958	389.695312	E4	33	80	0	0	67564	P1-94-4	0	-
1585	389.476562	389.489583	Bb3	22	80	0	0	67564	*	3	-
1586	389.714844	389.890625	F4	26	80	0	0	67581	P1-94-5	0	-
1587	389.888021	389.976562	G4	36	80	0	0	67598	P1-94-6	0	-
1588	389.894531	389.899740	Bb3	27	80	0	0	67598	*	3	-
1589	389.997396	390.069010	A4	36	80	0	0	67615	P1-94-7	0	-
1590	390.085938	390.169271	Bb4	33	80	0	0	67632	P1-94-8	0	-
1591	390.167969	390.213542	C5	48	80	0	0	67649	P1-94-9	0	-
1592	390.252604	390.299479	D5	48	80	0	0	67666	P1-94-10	0	-
1593	390.329427	390.381510	Eb5	49	80	0	0	67683	P1-94-11	0	-
1594	390.420573	390.484375	F5	54	80	0	0	67700	P1-94-12	0	-
1595	390.503906	390.569010	G5	50	80	0	0	67717	P1-94-13	0	-
1596	390.569010	390.640625	A5	52	80	0	0	67734	P1-94-14	0	-
1597	390.644531	390.748698	Bb5	58	80	0	0	67751	P1-94-15	0	-
1598	390.744792	391.411458	C6	65	80	0	0	67770	P1-95-1	0	-
1599	391.454427	391.536458	D6	58	80	0	0	67860	P1-95-8	0	-
1600	391.542969	391.589844	C6	63	80	0	0	67870	P1-95-9	0	-
1601	391.605469	391.683594	B5	62	80	0	0	67880	P1-95-10	0	-
1602	391.669271	392.029948	C6	72	80	0	0	67890	P1-95-2	0	-
1603	391.997396	392.316406	D6	75	80	0	0	67980	P1-95-3	0	-
1604	392.294271	392.589844	Eb6	74	80	0	0	68010	P1-95-4	0	-
1605	393.518229	395.089844	Eb5	58	80	0	0	68250	P1-95-7	0	-
1606	393.546875	395.109375	A4	30	80	0	0	68250	P1-95-5	0	-
1607	393.546875	394.009115	Eb4	31	80	0	0	68250	P1-95-16	0	-
1608	393.548177	394.029948	C4	27	80	0	0	68250	P1-95-15	0	-
1609	393.554688	395.019531	F#3	28	80	0	0	68250	P1-95-14	0	-
1610	395.020833	396.468750	D5	45	80	0	0	68490	P1-96-2	0	-
1611	395.052083	396.079427	Bb4	30	80	0	0	68490	P1-96-1	0	-
1612	395.054688	396.149740	Bb3	24	80	0	0	68490	P1-96-12	0	-
1613	395.061198	396.188802	G3	23	80	0	0	68490	P1-96-11	0	-
1614	396.497396	398.348958	G5	82	80	0	0	68730	P1-96-4	0	-
1615	397.253906	397.489583	E3	54	80	0	0	68850	P1-96-16	0	-
1616	397.253906	397.519531	Db4	64	80	0	0	68850	P1-96-18	0	-
1617	397.255208	397.479167	Bb3	53	80	0	0	68850	P1-96-17	0	-
1618	397.255208	397.569010	Db5	60	80	0	0	68970	*	3	-
1619	397.257812	397.489583	Bb4	52	80	0	0	68970	*	3	-
1620	398.079427	398.290365	G4	60	80	0	0	68970	P1-96-7	0	-
1621	398.102865	398.339844	Db5	50	80	0	0	68970	P1-96-9	0	-
1622	398.105469	398.296875	Bb4	44	80	0	0	68970	P1-96-8	0	-
1623	399.596354	401.878906	F5	46	80	0	0	69210	P1-97-1	0	-
1624	400.403646	401.449219	D4	16	80	0	0	69330	P1-97-15	0	-
1625	400.403646	401.239583	Bb3	14	80	0	0	69330	P1-97-14	0	-
1626	400.411458	401.239583	F3	13	80	0	0	69330	P1-97-13	0	-
1627	401.221354	401.878906	D5	31	80	0	0	69450	P1-97-6	0	-
1628	401.225260	401.848958	F4	19	80	0	0	69450	P1-97-4	0	-
1629	401.233073	401.739583	Bb4	25	80	0	0	69450	P1-97-5	0	-
1630	401.244792	401.419271	F3	15	80	0	0	69450	*	3	-
1631	401.246094	401.459635	Bb3	14	80	0	0	69450	*	3	-
1632	402.057292	403.589844	F2	12	80	0	0	69570	P1-97-18	0	-
1633	402.059896	402.348958	F3	13	80	0	0	69570	*	3	-
1634	402.072917	402.878906	F1	14	80	0	0	69570	P1-97-17	0	-
1635	402.930990	403.839844	A4	24	80	0	0	69690	P1-97-10	0	-
1636	402.934896	403.839844	Eb4	19	80	0	0	69690	P1-97-9	0	-
1637	402.934896	404.199219	C4	19	80	0	0	69690	P1-97-8	0	-
1638	403.804688	404.128906	F3	20	80	0	0	69810	P1-97-21	0	-
1639	403.807292	404.619792	F2	16	80	0	0	69810	P1-97-20	0	-
1640	404.630208	404.989583	D4	19	80	0	0	69930	P1-98-2	0	-
1641	404.634115	404.968750	Bb3	19	80	0	0	69930	P1-98-1	0	-
1642	404.639323	405.019531	F3	15	80	0	0	69930	*	3	-
1643	404.644531	407.500000	Bb2	16	80	0	0	69930	P1-98-15	0	-
1644	405.423177	406.408854	F5	40	80	0	0	70050	P1-98-5	0	-
1645	405.424479	406.319010	F4	25	80	0	0	70050	P1-98-4	0	-
1646	406.171875	406.949219	D5	46	80	0	0	70170	P1-98-7	0	-
1647	406.184896	406.739583	D4	27	80	0	0	70170	P1-98-6	0	-
1648	406.924479	407.759115	Cb5	45	80	0	0	70290	P1-98-9	0	-
1649	406.933594	407.468750	Cb4	34	80	0	0	70290	P1-98-8	0	-
1650	407.692708	408.609375	Bb4	40	80	0	0	70410	P1-98-11	0	-
1651	407.703125	408.598958	Bb3	30	80	0	0	70410	P1-98-10	0	-
1652	408.467448	409.229167	Ab4	34	80	0	0	70530	P1-98-13	0	-
1653	408.484375	408.669271	Ab3	25	80	0	0	70530	P1-98-12	0	-
1654	409.246094	410.399740	G4	30	80	0	0	70650	P1-99-2	0	-
1655	409.252604	412.559896	Bb2	21	80	0	0	70650	P1-99-16	0	-
1656	409.255208	410.069010	G3	20	80	0	0	70650	P1-99-1	0	-
1657	409.261719	411.218750	Bb1	22	80	0	0	70650	P1-99-15	0	-
1658	410.087240	411.309896	Bb4	32	80	0	0	70770	P1-99-4	0	-
1659	410.087240	411.169271	Bb3	25	80	0	0	70770	P1-99-3	0	-
1660	410.894531	412.209635	Eb4	31	80	0	0	70890	P1-99-6	0	-
1661	410.902344	411.819010	Eb3	24	80	0	0	70890	P1-99-5	0	-
1662	411.692708	412.699219	G4	34	80	0	0	71010	P1-99-8	0	-
1663	411.726562	412.549479	G3	20	80	0	0	71010	P1-99-7	0	-
1664	412.501302	414.128906	C4	28	80	0	0	71130	P1-99-10	0	-
1665	412.514323	413.769531	C3	18	80	0	0	71130	P1-99-9	0	-
1666	413.292969	414.279948	F4	24	80	0	0	71250	P1-99-12	0	-
1667	413.307292	414.209635	F3	18	80	0	0	71250	P1-99-11	0	-
1668	413.703125	414.188802	Eb4	31	80	0	0	71310	P1-99-14	0	-
1669	413.705729	414.179688	Eb3	25	80	0	0	71310	P1-99-13	0	-
1670	414.128906	417.500000	Bb2	21	80	0	0	71370	P1-100-19	0	-
1671	414.135417	414.259115	Bb3	22	80	0	0	71370	P1-100-5	1	-
1672	414.141927	415.199219	D4	20	80	0	0	71370	P1-100-1	0	-
1673	414.964844	416.199219	F4	23	80	0	0	71490	P1-100-6	0	-
1674	414.970052	415.839844	Bb3	17	80	0	0	71490	*	3	-
1675	415.789062	416.899740	D4	23	80	0	0	71610	P1-100-7	0	-
1676	416.615885	417.449219	D5	45	80	0	0	71730	P1-100-3	0	-
1677	416.622396	417.468750	Cb4	26	80	0	0	71730	P1-100-8	0	-
1678	417.442708	418.250000	Bb3	29	80	0	0	71850	P1-100-9	0	-
1679	418.101562	421.649740	Bb2	20	80	0	0	71970	P1-100-11	1	-
1680	418.197917	418.359375	D5	41	80	0	0	71985	P1-100-12	0	-
1681	418.213542	419.019531	Ab3	26	80	0	0	71970	P1-100-10	0	-
1682	418.299479	418.309896	Eb5	25	80	0	0	72000	P1-100-13	0	-
1683	418.373698	418.509115	D5	30	80	0	0	72015	P1-100-14	0	-
1684	418.455729	418.529948	Eb5	42	80	0	0	72030	P1-100-15	0	-
1685	418.514323	418.589844	D5	34	80	0	0	72045	P1-100-16	0	-
1686	418.587240	418.669271	Eb5	46	80	0	0	72060	P1-100-17	0	-
1687	418.648438	418.708333	D5	44	80	0	0	72075	P1-100-18	0	-
1688	418.763021	418.817708	C5	49	80	0	0	72075	P1-100-4	0	-
1689	418.835938	419.009115	D5	60	80	0	0	72075	P1-100-4	0	-
1690	418.986979	419.899740	F5	56	80	0	0	72090	P1-101-1	0	-
1691	419.005208	419.989583	G3	29	80	0	0	72090	P1-101-16	0	-
1692	419.824219	421.169271	Eb5	43	80	0	0	72210	P1-101-2	0	-
1693	420.597656	422.489583	Eb3	27	80	0	0	72330	P1-101-18	0	-
1694	421.397135	422.819010	Eb5	59	80	0	0	72450	P1-101-4	0	-
1695	421.403646	422.819010	G3	28	80	0	0	72450	P1-101-19	0	-
1696	422.311198	423.438802	C3	29	80	0	0	72570	P1-101-20	0	-
1697	422.313802	423.829427	Bb2	27	80	0	0	72570	*	3	-
1698	423.110677	423.649740	F3	22	80	0	0	72690	P1-101-21	0	-
1699	423.144531	423.250000	A4	31	80	0	0	-1	*	3	-
1700	423.223958	423.309896	Bb4	37	80	0	0	72690	P1-101-7	0	-
1701	423.294271	423.369792	A4	39	80	0	0	72705	P1-101-8	0	-
1702	423.372396	423.449219	Bb4	53	80	0	0	72720	P1-101-9	0	-
1703	423.450521	423.529948	A4	41	80	0	0	72735	P1-101-10	0	-
1704	423.526042	423.589844	Bb4	41	80	0	0	72750	P1-101-11	0	-
1705	423.584635	423.989583	Eb3	32	80	0	0	72750	P1-101-22	0	-
1706	423.605469	423.709635	A4	36	80	0	0	72765	P1-101-12	0	-
1707	423.692708	423.734375	Bb4	44	80	0	0	72780	P1-101-13	0	-
1708	423.765625	423.839844	A4	44	80	0	0	72795	P1-101-14	0	-
1709	423.843750	423.968750	Bb4	34	80	0	0	-1	*	3	-
1710	423.915365	423.964844	A4	50	80	0	0	-1	*	3	-
1711	423.972656	425.628906	Bb2	28	80	0	0	72810	P1-102-22	0	-
1712	423.981771	427.109375	D3	26	80	0	0	72810	P1-102-13	0	-
1713	423.981771	425.449219	Bb4	38	80	0	0	72810	P1-102-1	0	-
1714	424.945312	425.889323	F3	27	80	0	0	72930	P1-102-14	0	-
1715	425.399740	425.968750	A4	46	80	0	0	72990	P1-102-3	0	-
1716	425.412760	425.989583	Eb3	25	80	0	0	72990	P1-102-15	0	-
1717	425.902344	427.438802	Bb4	34	80	0	0	73050	P1-102-4	0	-
1718	425.920573	427.609375	Bb2	21	80	0	0	73050	P1-102-23	0	-
1719	425.925781	426.309896	Bb3	22	80	0	0	73050	P1-102-16	1	-
1720	426.822917	427.679688	F3	26	80	0	0	73170	P1-102-17	0	-
1721	427.354167	427.989583	C5	39	80	0	0	73230	P1-102-7	0	-
1722	427.373698	427.989583	Eb3	20	80	0	0	73230	P1-102-18	0	-
1723	427.381510	427.938802	A4	26	80	0	0	73230	P1-102-6	0	-
1724	427.902344	429.639323	D5	33	80	0	0	73290	P1-102-9	0	-
1725	427.916667	428.889323	Bb4	23	80	0	0	73290	P1-102-8	0	-
1726	427.924479	431.549479	Bb2	16	80	0	0	73290	P1-102-24	0	-
1727	428.908854	429.658854	F3	33	80	0	0	73410	P1-102-20	0	-
1728	429.545573	430.489583	A5	60	80	0	0	73470	P1-102-12	0	-
1729	429.567708	430.669271	Eb3	24	80	0	0	73470	P1-102-21	0	-
1730	429.584635	430.029948	C5	27	80	0	0	73470	P1-102-11	0	-
1731	430.238281	431.919271	Bb5	66	80	0	0	73530	P1-103-2	0	-
1732	430.243490	431.539062	D3	28	80	0	0	73530	P1-103-9	0	-
1733	430.285156	431.669271	D5	37	80	0	0	73530	P1-103-1	0	-
1734	431.459635	432.699219	D6	79	80	0	0	73650	P1-103-3	0	-
1735	432.541667	432.656250	C6	62	80	0	0	73740	P1-103-4	0	-
1736	432.822917	435.819010	C6	64	80	0	0	73770	P1-103-5	0	-
1737	435.585938	437.949219	Bb5	26	80	0	0	74010	P1-103-6	0	-
1738	437.328125	438.250000	Bb2	14	80	0	0	74130	*	3	-
1739	437.329427	439.929688	Bb1	13	80	0	0	74130	P1-103-13	0	-
//Missing 1200	P1-2-10
//Missing 2640	P1-4-8
//Missing 4410	P1-7-10
//Missing 5250	P1-8-2
//Missing 5250	P1-8-3
//Missing 5250	P1-8-4
//Missing 5850	P1-9-10
//Missing 6090	P1-9-6
//Missing 6570	P1-10-12
//Missing 6570	P1-10-13
//Missing 13290	P1-19-5
//Missing 13770	P1-20-15
//Missing 14490	P1-21-1
//Missing 14730	P1-21-5
//Missing 14970	P1-21-20
//Missing 16290	P1-23-4
//Missing 16830	P1-24-5
//Missing 17130	P1-24-29
//Missing 17570	P1-25-21
//Missing 18690	P1-26-15
//Missing 19410	P1-27-13
//Missing 20250	P1-29-1
//Missing 20250	P1-29-2
//Missing 22890	P1-32-8
//Missing 23250	P1-33-11
//Missing 23850	P1-34-15
//Missing 25050	P1-35-15
//Missing 25770	P1-36-10
//Missing 26490	P1-37-11
//Missing 27690	P1-39-13
//Missing 29830	P1-42-24
//Missing 30330	P1-43-2
//Missing 31050	P1-44-11
//Missing 31050	P1-44-12
//Missing 35370	P1-50-18
//Missing 36570	P1-51-20
//Missing 36920	P1-52-8
//Missing 36960	P1-52-14
//Missing 37530	P1-53-10
//Missing 37530	P1-53-3
//Missing 37740	P1-53-4
//Missing 37800	P1-53-13
//Missing 38040	P1-53-21
//Missing 38400	P1-54-16
//Missing 39450	P1-55-2
//Missing 39930	P1-56-19
//Missing 40110	P1-56-25
//Missing 41610	P1-58-2
//Missing 41610	P1-58-3
//Missing 41610	P1-58-4
//Missing 41610	P1-58-5
//Missing 41850	P1-59-1
//Missing 41850	P1-59-2
//Missing 41850	P1-59-3
//Missing 41850	P1-59-4
//Missing 42050	P1-59-11
//Missing 42570	P1-60-2
//Missing 43530	P1-61-5
//Missing 44010	P1-62-1
//Missing 44010	P1-62-2
//Missing 44930	P1-63-13
//Missing 45210	P1-63-20
//Missing 45450	P1-64-9
//Missing 46610	P1-65-21
//Missing 48090	P1-67-28
//Missing 48570	P1-68-25
//Missing 48810	P1-68-30
//Missing 50490	P1-71-2
//Missing 52170	P1-73-12
//Missing 52170	P1-73-7
//Missing 52410	P1-73-15
//Missing 53370	P1-75-10
//Missing 54090	P1-76-13
//Missing 56730	P1-79-15
//Missing 57930	P1-81-9
//Missing 57930	P1-81-16
//Missing 59610	P1-83-20
//Missing 59850	P1-84-10
//Missing 60330	P1-84-9
//Missing 61010	P1-85-15
//Missing 61710	P1-86-16
//Missing 61750	P1-86-18
//Missing 63210	P1-88-11
//Missing 63210	P1-88-12
//Missing 63450	P1-89-3
//Missing 63450	P1-89-22
//Missing 64890	P1-91-3
//Missing 68250	P1-95-6
//Missing 68490	P1-96-13
//Missing 69930	P1-98-3
//Missing 69930	P1-98-14
//Missing 72090	P1-101-15
//Missing 72210	P1-101-17
//Missing 73290	P1-102-19
//Missing 73530	P1-103-8
//Missing 5130	P1-8-1
//Missing 5145	P1-8-1
//Missing 5235	P1-8-1
//Missing 13290	P1-19-6
//Missing 15210	P1-22-9
//Missing 18330	P1-26-25
//Missing 35370	P1-50-1
//Missing 35430	P1-50-1
//Missing 35460	P1-50-1
//Missing 35490	P1-50-2
//Missing 35490	P1-50-3
//Missing 36900	P1-52-6
//Missing 38460	P1-54-18
//Missing 42570	P1-60-10
//Missing 47070	P1-66-19
//Missing 47790	P1-67-20
//Missing 59330	P1-83-13
//Missing 71970	P1-100-4
//Missing 72705	P1-101-5
//Missing 72795	P1-101-5
//Missing 72795	P1-101-5
//Missing 72795	P1-101-5
//Missing 72795	P1-101-5
