//Version: PianoRoll_v170101
0	0.876302	5.539062	Bb1	27	80	0
1	1.046875	5.329427	F2	34	80	0
2	1.213542	1.679688	Bb2	44	80	0
3	1.334635	4.899740	D3	43	80	0
4	1.483073	5.039062	F3	49	80	0
5	1.684896	4.639323	Bb3	54	80	0
6	1.684896	5.359375	Bb2	43	80	0
7	6.042969	7.299479	D5	57	80	0
8	7.191406	7.759115	Eb5	65	80	0
9	7.432292	8.029948	F5	68	80	0
10	8.921875	10.059896	Bb3	53	80	0
11	8.937500	9.769531	D3	36	80	0
12	8.942708	9.848958	F3	36	80	0
13	8.996094	9.718750	Bb2	30	80	0
14	8.997396	9.889323	F2	29	80	0
15	10.626302	12.500000	A3	34	80	0
16	10.644531	12.750000	F3	28	80	0
17	10.661458	12.739583	Eb3	31	80	0
18	10.662760	13.279948	C3	28	80	0
19	10.665365	13.769531	F2	27	80	0
20	15.045573	16.218750	A5	66	80	0
21	16.123698	16.598958	Bb5	78	80	0
22	16.390625	16.848958	C6	65	80	0
23	17.894531	20.299479	Eb4	45	80	0
24	17.898438	19.628906	C4	34	80	0
25	17.930990	19.878906	F3	23	80	0
26	17.955729	20.109375	A2	22	80	0
27	19.851562	21.779948	D4	33	80	0
28	19.854167	22.000000	Bb3	30	80	0
29	19.881510	22.500000	Bb2	22	80	0
30	19.884115	22.500000	F3	16	80	0
31	22.135417	22.489583	D4	48	80	0
32	22.404948	22.679688	F4	43	80	0
33	22.576823	22.677083	Eb4	58	80	0
34	22.704427	22.854167	D4	65	80	0
35	22.803385	22.899740	Eb4	69	80	0
36	22.904948	23.009115	F4	66	80	0
37	23.014323	23.101562	G4	73	80	0
38	23.102865	23.194010	A4	75	80	0
39	23.194010	23.287760	Bb4	74	80	0
40	23.276042	23.415365	C5	74	80	0
41	23.390625	24.609375	D5	78	80	0
42	24.486979	25.009115	Eb5	83	80	0
43	24.727865	26.000000	F5	81	80	0
44	26.080729	27.279948	F5	89	80	0
45	26.104167	27.199219	G#4	72	80	0
46	26.123698	27.000000	D3	57	80	0
47	26.125000	27.500000	B3	65	80	0
48	27.674479	29.679688	F5	79	80	0
49	27.707031	30.128906	Eb3	41	80	0
50	27.714844	30.000000	G4	49	80	0
51	27.723958	29.549479	B3	38	80	0
52	29.394531	29.959635	Eb5	65	80	0
53	29.402344	30.098958	C4	42	80	0
54	30.111979	30.889323	D5	78	80	0
55	30.127604	30.639323	Bb4	62	80	0
56	30.136719	30.628906	D4	53	80	0
57	30.141927	30.750000	F3	46	80	0
58	30.829427	31.250000	C5	77	80	0
59	30.863281	31.250000	Bb4	65	80	0
60	30.867188	31.309896	G3	50	80	0
61	30.868490	31.289062	Eb4	53	80	0
62	31.540365	32.139323	C5	78	80	0
63	31.545573	32.218750	G3	56	80	0
64	31.545573	31.929688	Bb4	75	80	0
65	31.549479	32.039062	E4	65	80	0
66	32.016927	33.649740	F3	54	80	0
67	32.123698	33.339844	Bb4	69	80	0
68	32.125000	34.049479	E4	56	80	0
69	32.238281	32.307292	C5	62	80	0
70	32.325521	32.393229	D5	70	80	0
71	32.403646	32.442708	C5	60	80	0
72	32.463542	32.598958	D5	68	80	0
73	32.553385	32.593750	C5	68	80	0
74	32.606771	32.666667	D5	69	80	0
75	32.682292	32.755208	C5	80	80	0
76	32.777344	32.959635	B4	76	80	0
77	32.875000	33.000000	C5	69	80	0
78	32.984375	33.569010	D5	78	80	0
79	33.480469	33.809896	C5	73	80	0
80	34.063802	35.519531	C5	55	80	0
81	34.078125	35.468750	A4	45	80	0
82	34.114583	35.059896	F4	31	80	0
83	34.119792	35.739583	F3	30	80	0
84	36.394531	36.846354	F3	45	80	0
85	36.783854	37.339844	G3	53	80	0
86	36.790365	37.479167	Eb3	49	80	0
87	37.231771	37.878906	A3	63	80	0
88	37.244792	37.598958	C3	55	80	0
89	37.843750	41.500000	Bb3	62	80	0
90	37.869792	39.319010	D3	51	80	0
91	37.885417	41.218750	Bb2	44	80	0
92	37.886719	41.559896	Bb1	41	80	0
93	39.375000	39.750000	Eb3	42	80	0
94	39.381510	39.819010	C3	45	80	0
95	39.664062	40.750000	F3	43	80	0
96	39.673177	40.819010	D3	42	80	0
97	41.221354	41.750000	F3	39	80	0
98	41.226562	41.968750	D3	36	80	0
99	41.231771	42.089844	Bb2	34	80	0
100	42.834635	43.279948	D5	52	80	0
101	42.863281	45.269531	F3	27	80	0
102	42.873698	45.339844	D3	24	80	0
103	42.884115	45.319010	Bb2	23	80	0
104	43.256510	43.375000	Eb5	58	80	0
105	43.364583	43.442708	D5	53	80	0
106	43.458333	43.750000	C5	57	80	0
107	43.587240	44.359375	D5	64	80	0
108	44.134115	44.583333	Eb5	64	80	0
109	44.453125	45.069010	F5	60	80	0
110	45.930990	47.109375	Bb3	48	80	0
111	45.970052	46.889323	F3	33	80	0
112	45.973958	46.938802	D3	36	80	0
113	45.981771	46.919271	Bb2	35	80	0
114	45.984375	45.989583	Bb1	32	80	0
115	47.635417	51.688802	A3	49	80	0
116	47.665365	49.229167	Eb3	36	80	0
117	47.667969	51.718750	C3	37	80	0
118	47.669271	51.799479	F2	33	80	0
119	49.044271	49.468750	F3	47	80	0
120	49.052083	49.539062	D3	48	80	0
121	49.343750	50.799479	F#3	57	80	0
122	49.354167	50.839844	Eb3	46	80	0
123	51.042969	51.869792	F#3	45	80	0
124	51.049479	51.848958	Eb3	43	80	0
125	52.662760	53.095052	C6	68	80	0
126	52.686198	54.109375	Eb3	32	80	0
127	52.686198	54.859375	F2	33	80	0
128	53.083333	53.259115	D6	65	80	0
129	53.184896	53.265625	C6	69	80	0
130	53.268229	53.429688	B5	78	80	0
131	53.373698	54.389323	C6	81	80	0
132	53.936198	54.859375	D6	91	80	0
133	54.209635	55.158854	Eb6	87	80	0
134	55.703125	57.628906	F#4	86	80	0
135	55.721354	56.799479	Eb4	61	80	0
136	55.764323	56.688802	C4	48	80	0
137	55.764323	56.519531	Bb3	46	80	0
138	57.460938	61.149740	F4	71	80	0
139	57.529948	58.889323	Eb4	44	80	0
140	57.533854	58.819010	A3	35	80	0
141	57.535156	58.889323	C4	35	80	0
142	58.746094	59.309896	D4	56	80	0
143	58.753906	59.309896	B3	48	80	0
144	59.023438	60.119792	Eb4	55	80	0
145	59.046875	60.169271	C4	43	80	0
146	60.664062	61.408854	Eb4	42	80	0
147	60.673177	61.459635	C4	35	80	0
148	62.182292	62.628906	C6	64	80	0
149	62.183594	64.589844	C4	26	80	0
150	62.204427	64.679688	Eb4	29	80	0
151	62.209635	64.389323	F3	28	80	0
152	62.615885	62.759115	D6	60	80	0
153	62.704427	62.785156	C6	66	80	0
154	62.798177	62.938802	B5	75	80	0
155	62.898438	63.579427	C6	75	80	0
156	63.467448	63.839844	D6	89	80	0
157	63.716146	64.649740	Eb6	73	80	0
158	63.723958	64.718750	A3	54	80	0
159	65.324219	67.348958	A4	70	80	0
160	65.324219	67.209635	Eb5	72	80	0
161	65.341146	66.729167	C4	47	80	0
162	65.341146	67.128906	F#3	45	80	0
163	65.341146	66.579427	Eb4	49	80	0
164	67.143229	68.579427	D5	51	80	0
165	67.143229	68.389323	Bb4	49	80	0
166	67.158854	68.169271	D4	35	80	0
167	67.161458	68.188802	Bb3	32	80	0
168	67.167969	68.239583	G3	29	80	0
169	68.653646	70.679688	G5	83	80	0
170	70.028646	70.429688	C#4	67	80	0
171	70.029948	70.529948	C#5	75	80	0
172	70.032552	70.489583	Bb4	78	80	0
173	70.033854	70.389323	Bb3	64	80	0
174	70.033854	70.449219	G4	70	80	0
175	70.035156	70.438802	E3	59	80	0
176	71.816406	74.158854	F5	67	80	0
177	73.535156	74.209635	D5	40	80	0
178	73.541667	74.239583	F4	28	80	0
179	73.544271	74.250000	Bb4	37	80	0
180	73.549479	74.179688	F3	27	80	0
181	73.552083	74.218750	D4	27	80	0
182	73.554688	74.199219	Bb3	31	80	0
183	75.119792	75.559896	A4	43	80	0
184	75.127604	75.949219	Eb4	40	80	0
185	75.132812	75.559896	C4	33	80	0
186	75.135417	75.549479	F2	33	80	0
187	75.140625	75.529948	F3	29	80	0
188	76.829427	76.959635	Bb4	44	80	0
189	76.834635	79.919271	Bb3	32	80	0
190	76.843750	78.559896	D4	39	80	0
191	76.845052	77.579427	Bb2	31	80	0
192	76.845052	77.378906	Bb1	32	80	0
193	78.115885	78.289062	Bb2	48	80	0
194	78.225260	78.369792	Bb1	47	80	0
195	78.302083	78.519531	Bb2	45	80	0
196	78.381510	78.459635	Bb1	39	80	0
197	79.591146	79.666667	Bb2	42	80	0
198	79.692708	79.753906	Bb1	38	80	0
199	79.773438	79.847656	Bb2	41	80	0
200	79.854167	79.902344	Bb1	40	80	0
201	81.040365	81.114583	Bb2	38	80	0
202	81.145833	81.408854	Bb1	35	80	0
203	81.221354	81.549479	Bb2	36	80	0
204	81.365885	83.229167	Eb4	50	80	0
205	81.375000	82.639323	Bb3	34	80	0
206	81.377604	82.919271	G3	33	80	0
207	82.885417	84.559896	D4	49	80	0
208	82.899740	83.889323	Bb3	37	80	0
209	82.906250	84.489583	F3	31	80	0
210	84.313802	85.839844	C#4	46	80	0
211	84.334635	85.889323	Bb3	38	80	0
212	84.335938	85.889323	E3	34	80	0
213	85.854167	87.500000	C#4	35	80	0
214	85.899740	88.699219	Bb3	39	80	0
215	85.903646	87.188802	E3	30	80	0
216	87.212240	87.359375	Bb2	34	80	0
217	87.319010	87.479167	Bb1	34	80	0
218	87.397135	87.500000	Bb2	28	80	0
219	87.492188	87.649740	Bb1	29	80	0
220	87.505208	88.069010	Bb2	30	80	0
221	87.544271	88.046875	D4	32	80	0
222	87.546875	88.250000	F3	25	80	0
223	88.716146	88.848958	Bb2	35	80	0
224	88.822917	88.885417	Bb1	37	80	0
225	88.904948	88.986979	Bb2	37	80	0
226	89.020833	89.199219	Bb1	42	80	0
227	90.201823	90.273438	Bb2	39	80	0
228	90.313802	90.364583	Bb1	38	80	0
229	90.385417	91.128906	Bb2	37	80	0
230	90.514323	90.559896	Bb1	38	80	0
231	90.563802	91.859375	C4	42	80	0
232	90.575521	93.699219	Eb3	38	80	0
233	90.584635	93.559896	G3	30	80	0
234	91.783854	91.894531	D4	39	80	0
235	91.932292	92.023438	C4	50	80	0
236	92.058594	92.279948	B3	53	80	0
237	92.192708	93.229167	C4	46	80	0
238	92.925781	94.079427	Eb4	52	80	0
239	93.699219	94.929688	C4	52	80	0
240	93.709635	95.348958	Eb3	34	80	0
241	93.712240	95.359375	F#3	35	80	0
242	94.446615	94.959635	A3	47	80	0
243	95.324219	96.919271	C4	43	80	0
244	95.363281	96.408854	Eb3	24	80	0
245	95.365885	96.628906	A3	23	80	0
246	95.368490	96.699219	F#3	25	80	0
247	96.601562	96.779948	Bb2	36	80	0
248	96.704427	96.869792	Bb1	37	80	0
249	96.787760	96.878906	Bb2	37	80	0
250	96.881510	97.459635	Bb1	33	80	0
251	96.885417	97.579427	Bb2	35	80	0
252	96.914062	100.819010	Bb3	34	80	0
253	96.940104	98.419271	D3	29	80	0
254	96.940104	99.309896	F3	28	80	0
255	98.152344	98.329427	Bb2	44	80	0
256	98.252604	98.317708	Bb1	39	80	0
257	98.341146	98.529948	Bb2	30	80	0
258	98.459635	98.516927	Bb1	35	80	0
259	99.640625	99.727865	Bb2	42	80	0
260	99.763021	99.824219	Bb1	43	80	0
261	99.843750	99.919271	Bb2	32	80	0
262	99.980469	100.218750	Bb2	37	80	0
263	99.983073	100.389323	Bb1	43	80	0
264	99.993490	101.549479	Bb4	59	80	0
265	100.005208	101.229167	D4	44	80	0
266	101.661458	103.449219	G4	58	80	0
267	101.677083	103.319010	Bb3	43	80	0
268	101.684896	102.779948	D4	45	80	0
269	103.194010	105.229167	F4	49	80	0
270	103.197917	104.919271	A3	40	80	0
271	103.201823	104.968750	D4	39	80	0
272	105.005208	107.019531	E4	44	80	0
273	105.015625	106.799479	G3	29	80	0
274	105.020833	106.959635	C4	32	80	0
275	106.255208	106.438802	C3	37	80	0
276	106.373698	106.529948	C2	37	80	0
277	106.451823	106.759115	C3	32	80	0
278	106.566406	106.789062	C2	34	80	0
279	107.274740	108.809896	E4	44	80	0
280	107.298177	107.809896	C4	28	80	0
281	107.298177	107.569010	C3	29	80	0
282	107.302083	107.979167	G3	29	80	0
283	107.645833	107.712240	C6	52	80	0
284	107.742188	107.848958	C5	50	80	0
285	107.833333	107.938802	C6	54	80	0
286	107.971354	108.339844	C5	49	80	0
287	107.985677	108.729167	F4	52	80	0
288	108.003906	108.459635	C4	36	80	0
289	108.005208	108.579427	A3	34	80	0
290	108.703125	109.149740	G4	60	80	0
291	108.710938	109.188802	Bb3	52	80	0
292	108.731771	109.158854	C4	44	80	0
293	109.535156	110.979167	G4	64	80	0
294	109.574219	110.509115	Bb3	44	80	0
295	109.575521	110.500000	C4	38	80	0
296	110.776042	111.212240	E4	58	80	0
297	110.792969	111.179688	C4	45	80	0
298	110.812500	111.029948	G#3	32	80	0
299	110.822917	111.029948	C3	37	80	0
300	111.041667	111.169271	C3	31	80	0
301	111.162760	111.669271	F4	61	80	0
302	111.183594	111.529948	C3	40	80	0
303	111.186198	111.669271	C4	43	80	0
304	111.186198	111.639323	A3	44	80	0
305	111.881510	112.329427	F4	64	80	0
306	111.891927	112.239583	C4	52	80	0
307	111.894531	112.209635	A3	47	80	0
308	112.290365	112.363281	C6	61	80	0
309	112.397135	112.509115	C5	51	80	0
310	112.496094	112.572917	C6	62	80	0
311	112.593750	113.079427	G4	66	80	0
312	112.605469	113.408854	E4	55	80	0
313	112.606771	113.009115	C4	52	80	0
314	113.283854	113.789062	A4	72	80	0
315	113.305990	113.529948	C3	46	80	0
316	113.307292	113.819010	C4	47	80	0
317	113.307292	113.809896	F4	52	80	0
318	114.093750	115.589844	A4	74	80	0
319	114.126302	115.378906	F4	56	80	0
320	114.128906	116.128906	C4	52	80	0
321	115.326823	115.718750	F#4	63	80	0
322	115.343750	115.729167	Eb4	57	80	0
323	115.359375	115.539062	C3	48	80	0
324	115.486979	115.679688	C2	41	80	0
325	115.686198	115.912760	C2	46	80	0
326	115.688802	116.128906	G4	68	80	0
327	115.691406	116.079427	E4	51	80	0
328	115.704427	115.709635	G3	49	80	0
329	116.373698	116.908854	G4	78	80	0
330	116.382812	117.169271	E4	63	80	0
331	116.385417	116.938802	C4	60	80	0
332	116.393229	116.519531	C3	52	80	0
333	116.796875	116.877604	C6	66	80	0
334	116.888021	117.000000	C5	65	80	0
335	116.985677	117.089844	C6	70	80	0
336	117.095052	117.628906	A4	78	80	0
337	117.104167	117.628906	C5	65	80	0
338	117.110677	117.829427	F4	60	80	0
339	117.111979	117.619792	C4	57	80	0
340	117.832031	118.329427	Bb4	84	80	0
341	117.845052	118.259115	G4	67	80	0
342	117.848958	118.369792	C4	62	80	0
343	118.688802	119.959635	Bb4	82	80	0
344	118.700521	119.628906	C3	52	80	0
345	118.704427	120.039062	C4	60	80	0
346	118.705729	120.039062	G4	64	80	0
347	119.924479	120.408854	G#4	77	80	0
348	119.932292	120.408854	E4	58	80	0
349	119.955729	120.098958	C3	43	80	0
350	120.067708	120.279948	C2	52	80	0
351	120.175781	120.869792	C3	63	80	0
352	120.285156	120.859375	C2	55	80	0
353	120.321615	120.779948	A4	73	80	0
354	120.333333	120.859375	F4	64	80	0
355	121.082031	121.468750	A4	86	80	0
356	121.084635	121.449219	F4	76	80	0
357	121.092448	121.369792	C3	58	80	0
358	121.093750	121.449219	C4	64	80	0
359	121.503906	121.574219	C6	71	80	0
360	121.602865	121.664062	C5	61	80	0
361	121.692708	121.769531	C6	73	80	0
362	121.813802	122.229167	B4	84	80	0
363	121.821615	122.250000	F4	65	80	0
364	121.822917	121.899740	F3	59	80	0
365	121.824219	122.259115	G#4	73	80	0
366	121.824219	122.109375	D4	66	80	0
367	122.614583	123.019531	B4	84	80	0
368	122.634115	122.639323	F3	51	80	0
369	122.635417	123.119792	G#4	63	80	0
370	122.635417	123.419271	F4	60	80	0
371	122.640625	123.000000	D4	63	80	0
372	123.018229	123.149740	C6	72	80	0
373	123.108073	123.195312	C5	66	80	0
374	123.209635	123.309896	C6	76	80	0
375	123.386719	123.989583	C5	72	80	0
376	123.414062	124.019531	G4	55	80	0
377	123.414062	124.059896	E4	52	80	0
378	124.363281	125.639323	G4	71	80	0
379	124.389323	125.688802	C4	49	80	0
380	124.393229	125.839844	E4	49	80	0
381	124.786458	124.872396	C3	58	80	0
382	124.921875	125.179688	C2	62	80	0
383	125.117188	125.250000	C3	69	80	0
384	125.839844	126.438802	G4	83	80	0
385	125.846354	126.539062	E4	67	80	0
386	125.846354	126.468750	C4	62	80	0
387	126.257812	126.389323	C6	75	80	0
388	126.377604	126.609375	C5	64	80	0
389	126.526042	126.569010	C6	81	80	0
390	126.527344	126.539062	B5	79	80	0
391	126.528646	126.938802	B4	74	80	0
392	126.554688	127.000000	F4	57	80	0
393	126.555990	126.959635	D4	57	80	0
394	127.285156	128.229167	G4	85	80	0
395	127.304688	128.049479	F4	68	80	0
396	127.313802	127.688802	D4	51	80	0
397	128.039062	129.049479	C5	75	80	0
398	128.065104	128.789062	E4	54	80	0
399	128.071615	128.750000	C4	49	80	0
400	128.381510	128.619792	G4	37	80	0
401	128.977865	130.169271	G4	69	80	0
402	129.015625	130.199219	C4	43	80	0
403	129.016927	130.449219	E4	43	80	0
404	129.425781	129.619792	C3	46	80	0
405	129.557292	129.763021	C2	45	80	0
406	129.710938	129.848958	C3	41	80	0
407	130.476562	130.968750	G4	61	80	0
408	130.505208	131.059896	C4	37	80	0
409	130.506510	131.069010	E4	42	80	0
410	130.884115	130.973958	C6	52	80	0
411	131.001302	131.229167	C5	47	80	0
412	131.144531	131.259115	C6	64	80	0
413	131.145833	131.299479	B5	61	80	0
414	131.152344	131.709635	B4	60	80	0
415	131.175781	131.559896	F4	45	80	0
416	131.182292	131.429688	D4	43	80	0
417	131.919271	132.899740	G4	51	80	0
418	131.944010	132.209635	D4	43	80	0
419	131.949219	132.309896	F4	39	80	0
420	132.682292	133.549479	C5	56	80	0
421	132.694010	133.389323	E4	43	80	0
422	132.717448	133.279948	C4	37	80	0
423	133.473958	135.218750	G4	53	80	0
424	133.507812	134.649740	C4	38	80	0
425	133.511719	134.389323	E4	33	80	0
426	133.925781	134.209635	C3	41	80	0
427	134.069010	135.459635	C2	37	80	0
428	134.216146	135.218750	C3	31	80	0
429	135.134115	137.359375	E4	39	80	0
430	135.156250	136.029948	G3	26	80	0
431	135.162760	136.188802	C4	22	80	0
432	135.610677	135.839844	C3	31	80	0
433	135.759115	136.789062	C2	30	80	0
434	135.911458	136.589844	C3	26	80	0
435	136.821615	138.179688	C4	33	80	0
436	136.838542	137.188802	C2	27	80	0
437	136.839844	138.239583	G3	23	80	0
438	136.843750	140.179688	E3	24	80	0
439	137.635417	142.289062	C3	21	80	0
440	138.475260	139.598958	C4	43	80	0
441	139.274740	140.009115	B3	64	80	0
442	140.024740	140.829427	Bb3	73	80	0
443	140.028646	141.169271	C4	76	80	0
444	140.753906	141.539062	A3	70	80	0
445	141.136719	141.304688	D4	76	80	0
446	141.311198	141.393229	E4	80	80	0
447	141.497396	141.592448	F4	81	80	0
448	141.502604	141.873698	Bb3	60	80	0
449	141.510417	141.889323	G3	57	80	0
450	141.665365	141.744792	G4	83	80	0
451	141.820312	141.914062	A4	81	80	0
452	142.002604	142.143229	Bb4	80	80	0
453	142.296875	142.929688	F2	40	80	0
454	142.303385	145.509115	C5	61	80	0
455	143.135417	143.889323	F3	35	80	0
456	143.885417	145.438802	F4	33	80	0
457	143.889323	144.949219	A3	30	80	0
458	143.890625	145.139323	C4	31	80	0
459	143.895833	144.269531	F3	25	80	0
460	144.679688	146.389323	F3	28	80	0
461	145.276042	145.718750	A4	63	80	0
462	145.515625	147.408854	F5	68	80	0
463	145.536458	148.089844	F4	42	80	0
464	145.545573	146.709635	D4	44	80	0
465	145.545573	146.639323	Bb3	40	80	0
466	146.395833	147.209635	F3	40	80	0
467	146.966146	147.378906	D5	61	80	0
468	147.190104	149.119792	C5	60	80	0
469	147.222656	148.259115	C4	31	80	0
470	147.222656	148.199219	A3	33	80	0
471	147.223958	147.750000	F3	28	80	0
472	147.997396	148.750000	F3	37	80	0
473	148.744792	149.949219	F4	40	80	0
474	148.750000	149.809896	C4	32	80	0
475	148.751302	149.709635	A3	32	80	0
476	148.756510	149.169271	F3	30	80	0
477	149.533854	150.029948	F3	36	80	0
478	150.084635	150.444010	A4	70	80	0
479	150.292969	151.829427	Bb4	71	80	0
480	150.313802	150.878906	F3	42	80	0
481	150.322917	151.289062	F4	47	80	0
482	150.342448	151.269531	D3	41	80	0
483	151.080729	151.949219	D4	52	80	0
484	151.085938	151.489583	Bb2	35	80	0
485	151.614583	152.049479	G4	74	80	0
486	151.861979	154.669271	F4	70	80	0
487	151.934896	152.919271	C2	40	80	0
488	152.696615	153.468750	A3	63	80	0
489	152.735677	154.139323	C3	34	80	0
490	153.472656	154.468750	C4	66	80	0
491	153.483073	155.109375	A3	51	80	0
492	153.490885	154.669271	F3	38	80	0
493	154.304688	155.750000	C3	51	80	0
494	155.011719	158.089844	E3	52	80	0
495	155.065104	155.679688	G3	49	80	0
496	155.074219	155.848958	A4	71	80	0
497	155.101562	156.389323	C4	47	80	0
498	155.505208	156.000000	G4	78	80	0
499	155.875000	156.579427	F4	69	80	0
500	155.878906	157.299479	C3	44	80	0
501	156.244792	156.529948	G4	81	80	0
502	156.557292	160.128906	F2	34	80	0
503	156.654948	158.169271	G4	57	80	0
504	156.695312	159.319010	C4	42	80	0
505	157.505208	159.079427	C3	43	80	0
506	158.110677	158.419271	G#4	59	80	0
507	158.368490	160.199219	A4	48	80	0
508	158.369792	159.389323	F3	37	80	0
509	159.170573	160.128906	A2	52	80	0
510	159.944010	160.709635	Bb2	59	80	0
511	160.106771	160.259115	C4	63	80	0
512	160.294271	160.375000	D4	69	80	0
513	160.459635	160.535156	E4	75	80	0
514	160.623698	160.725260	F4	75	80	0
515	160.654948	161.098958	G2	47	80	0
516	160.792969	160.861979	G4	81	80	0
517	160.944010	161.014323	A4	78	80	0
518	161.108073	161.259115	Bb4	82	80	0
519	161.114583	161.468750	G2	44	80	0
520	161.430990	164.598958	C5	67	80	0
521	161.473958	162.079427	F2	34	80	0
522	162.240885	163.559896	F3	39	80	0
523	162.566406	163.149740	E4	50	80	0
524	163.037760	167.459635	F4	49	80	0
525	163.045573	164.699219	C4	37	80	0
526	163.045573	164.209635	A3	38	80	0
527	163.848958	165.158854	F3	35	80	0
528	164.453125	164.769531	A4	53	80	0
529	164.675781	166.479167	F5	53	80	0
530	164.686198	166.389323	D4	44	80	0
531	164.697917	165.739583	Bb3	43	80	0
532	165.545573	166.359375	F3	32	80	0
533	166.121094	166.453125	D5	54	80	0
534	166.338542	168.179688	C5	57	80	0
535	166.369792	167.679688	C4	30	80	0
536	166.371094	166.718750	F3	26	80	0
537	166.372396	167.569010	A3	30	80	0
538	167.160156	168.359375	F3	34	80	0
539	167.518229	168.089844	E4	53	80	0
540	167.971354	170.468750	F4	54	80	0
541	167.984375	169.438802	A3	41	80	0
542	167.990885	169.658854	C4	42	80	0
543	168.791667	169.389323	F3	41	80	0
544	169.376302	169.727865	A4	60	80	0
545	169.576823	170.169271	C5	71	80	0
546	169.606771	170.459635	F3	43	80	0
547	169.609375	170.509115	D3	44	80	0
548	170.005208	170.829427	Bb4	74	80	0
549	170.345052	171.279948	D4	59	80	0
550	170.354167	170.848958	Bb2	46	80	0
551	170.727865	171.348958	G4	72	80	0
552	171.187500	173.729167	F4	73	80	0
553	171.197917	173.438802	C2	42	80	0
554	171.993490	173.039062	A3	65	80	0
555	172.000000	173.089844	C3	56	80	0
556	172.764323	173.779948	C4	74	80	0
557	172.770833	173.669271	F3	55	80	0
558	173.548177	174.139323	A3	74	80	0
559	173.552083	174.218750	C3	57	80	0
560	174.334635	174.789062	C4	70	80	0
561	174.352865	174.759115	E3	60	80	0
562	174.354167	174.750000	G3	60	80	0
563	174.355469	174.779948	C3	59	80	0
564	175.165365	175.549479	E3	61	80	0
565	175.167969	175.569010	C3	58	80	0
566	175.171875	175.509115	C2	56	80	0
567	176.105469	176.699219	F3	37	80	0
568	176.106771	176.839844	A3	38	80	0
569	176.110677	176.449219	F2	38	80	0
570	176.114583	176.649740	C3	37	80	0
571	177.514323	177.652344	F2	42	80	0
572	177.617188	177.759115	F1	46	80	0
573	177.765625	178.209635	F1	57	80	0
574	179.074219	179.171875	F2	35	80	0
575	179.178385	179.339844	F1	32	80	0
576	179.264323	179.449219	F2	32	80	0
577	179.354167	179.709635	F1	44	80	0
578	180.152344	180.859375	F4	41	80	0
579	181.066406	182.819010	F4	46	80	0
580	182.394531	182.519531	F2	41	80	0
581	182.505208	182.729167	F1	37	80	0
582	182.588542	182.729167	F2	38	80	0
583	182.712240	185.250000	F#4	50	80	0
584	182.731771	186.709635	A3	37	80	0
585	182.734375	187.059896	C4	32	80	0
586	182.743490	183.799479	F1	34	80	0
587	182.743490	183.688802	F2	35	80	0
588	182.747396	186.628906	Eb4	35	80	0
589	184.102865	184.279948	F2	32	80	0
590	184.222656	184.408854	F1	31	80	0
591	184.292969	186.549479	F2	31	80	0
592	184.415365	186.669271	F1	37	80	0
593	185.261719	186.029948	F#4	60	80	0
594	186.037760	187.408854	F#4	70	80	0
595	187.296875	187.438802	F2	44	80	0
596	187.398438	187.589844	F1	39	80	0
597	187.494792	187.878906	F2	38	80	0
598	187.600260	189.968750	A4	80	80	0
599	187.604167	188.619792	F1	52	80	0
600	187.623698	191.479167	C4	59	80	0
601	187.626302	191.289062	Eb4	55	80	0
602	187.886719	188.609375	F2	27	80	0
603	188.825521	188.839844	F1	19	80	0
604	188.826823	188.839844	F2	19	80	0
605	188.946615	189.119792	F2	44	80	0
606	189.054688	189.259115	F1	37	80	0
607	189.134115	189.259115	F2	38	80	0
608	189.264323	189.419271	F2	41	80	0
609	189.264323	189.419271	F1	41	80	0
610	189.425781	190.929688	F2	28	80	0
611	189.433594	189.968750	F1	29	80	0
612	189.983073	190.709635	A4	75	80	0
613	189.983073	190.319010	F1	41	80	0
614	190.326823	190.479167	F1	34	80	0
615	190.486979	190.699219	F1	27	80	0
616	190.710938	190.919271	F1	48	80	0
617	190.716146	191.609375	A4	80	80	0
618	190.933594	191.139323	F1	28	80	0
619	190.934896	191.139323	F2	23	80	0
620	191.152344	191.559896	F2	22	80	0
621	191.152344	191.639323	F1	24	80	0
622	191.963542	192.139323	F2	47	80	0
623	192.059896	192.509115	F1	47	80	0
624	192.145833	192.949219	F2	35	80	0
625	192.260417	194.000000	C5	85	80	0
626	192.265625	193.609375	F#4	72	80	0
627	192.272135	194.539062	Eb4	79	80	0
628	192.523438	193.619792	F1	31	80	0
629	192.958333	193.329427	F2	30	80	0
630	193.524740	195.569010	F2	51	80	0
631	193.631510	193.799479	F1	59	80	0
632	193.812500	194.500000	F1	66	80	0
633	194.513021	195.839844	F1	57	80	0
634	194.522135	194.878906	C5	90	80	0
635	195.220052	195.989583	C5	94	80	0
636	195.955729	197.500000	Eb5	95	80	0
637	196.536458	196.709635	C4	59	80	0
638	196.540365	196.625000	A3	62	80	0
639	196.660156	196.829427	F3	62	80	0
640	196.722656	198.359375	C4	71	80	0
641	196.787760	198.679688	A3	75	80	0
642	196.834635	199.369792	F3	61	80	0
643	197.313802	197.779948	D5	86	80	0
644	197.548177	198.019531	C5	87	80	0
645	197.764323	198.128906	Bb4	72	80	0
646	197.973958	198.178385	A4	81	80	0
647	198.161458	198.389323	G4	86	80	0
648	198.352865	198.583333	F4	86	80	0
649	198.541667	198.755208	E4	82	80	0
650	198.734375	198.932292	Eb4	85	80	0
651	198.923177	199.096354	D4	84	80	0
652	199.114583	199.315104	C4	81	80	0
653	199.316406	199.695312	Bb3	71	80	0
654	199.682292	199.979167	A3	67	80	0
655	199.977865	200.324219	Eb4	61	80	0
656	200.305990	200.839844	A3	61	80	0
657	200.570312	200.859375	Bb1	40	80	0
658	200.735677	204.889323	D3	44	80	0
659	200.747396	204.559896	Bb3	49	80	0
660	202.403646	203.029948	Eb3	39	80	0
661	202.666667	204.218750	F3	38	80	0
662	204.404948	205.709635	F3	29	80	0
663	206.033854	206.509115	D5	49	80	0
664	206.041667	208.309896	F3	26	80	0
665	206.046875	208.339844	D3	24	80	0
666	206.054688	208.419271	Bb2	25	80	0
667	206.494792	206.601562	Eb5	50	80	0
668	206.604167	206.674479	D5	51	80	0
669	206.709635	206.899740	C5	57	80	0
670	206.839844	207.509115	D5	61	80	0
671	207.376302	207.752604	Eb5	64	80	0
672	207.653646	208.158854	F5	55	80	0
673	209.174479	212.500000	Bb3	53	80	0
674	209.226562	210.339844	D3	28	80	0
675	209.235677	210.579427	F2	25	80	0
676	210.936198	215.229167	Eb3	44	80	0
677	210.938802	215.299479	A3	41	80	0
678	210.954427	215.009115	F2	33	80	0
679	210.967448	215.279948	C3	31	80	0
680	212.492188	213.259115	F3	44	80	0
681	212.848958	214.158854	F#3	42	80	0
682	214.580729	215.289062	F#3	33	80	0
683	216.125000	218.688802	Eb4	35	80	0
684	216.132812	216.589844	A5	62	80	0
685	216.144531	218.559896	C4	33	80	0
686	216.148438	217.688802	F#3	30	80	0
687	216.570312	216.779948	Bb5	57	80	0
688	216.695312	216.819010	A5	64	80	0
689	216.776042	217.098958	G5	65	80	0
690	216.885417	217.479167	A5	71	80	0
691	217.403646	218.199219	Bb5	82	80	0
692	217.701823	218.519531	C6	62	80	0
693	217.765625	219.049479	F3	32	80	0
694	219.371094	220.750000	Eb4	54	80	0
695	219.415365	220.369792	C4	38	80	0
696	219.417969	220.489583	F3	28	80	0
697	219.428385	220.839844	A2	31	80	0
698	221.130208	225.149740	D4	56	80	0
699	221.158854	223.169271	F3	38	80	0
700	221.160156	225.119792	Bb2	36	80	0
701	221.162760	223.069010	G#3	38	80	0
702	221.164062	224.968750	Bb1	35	80	0
703	222.597656	223.109375	Bb3	55	80	0
704	222.959635	224.679688	B3	66	80	0
705	224.691406	225.239583	B3	57	80	0
706	226.175781	226.669271	D5	59	80	0
707	226.205729	228.509115	G#4	46	80	0
708	226.212240	227.809896	B3	33	80	0
709	226.212240	228.509115	F4	32	80	0
710	226.593750	226.694010	Eb5	58	80	0
711	226.683594	226.859375	D5	64	80	0
712	226.765625	227.009115	C5	68	80	0
713	226.872396	227.579427	D5	76	80	0
714	227.350260	227.989583	Eb5	85	80	0
715	227.608073	228.829427	F5	78	80	0
716	227.641927	228.709635	Bb3	50	80	0
717	229.020833	230.199219	F5	87	80	0
718	229.046875	230.109375	G#4	62	80	0
719	229.057292	230.188802	Bb3	57	80	0
720	229.065104	230.989583	D3	50	80	0
721	230.729167	232.500000	F5	68	80	0
722	230.772135	231.739583	Bb3	38	80	0
723	230.773438	233.049479	G4	48	80	0
724	230.786458	232.929688	Eb3	32	80	0
725	231.546875	232.389323	B3	54	80	0
726	232.257812	233.000000	Eb5	71	80	0
727	232.264323	233.029948	C4	52	80	0
728	232.938802	233.789062	D5	74	80	0
729	232.949219	233.429688	Bb4	64	80	0
730	232.951823	233.709635	D4	59	80	0
731	232.955729	233.718750	F3	48	80	0
732	233.635417	234.059896	C5	75	80	0
733	233.644531	234.250000	Eb4	62	80	0
734	233.645833	234.218750	G3	55	80	0
735	233.647135	234.109375	Bb4	73	80	0
736	234.335938	234.968750	C5	77	80	0
737	234.342448	234.699219	Bb4	78	80	0
738	234.343750	235.319010	G3	60	80	0
739	234.343750	234.929688	E4	70	80	0
740	234.822917	236.619792	F3	46	80	0
741	234.933594	236.369792	Bb4	71	80	0
742	234.934896	236.679688	E4	57	80	0
743	235.045573	235.104167	C5	64	80	0
744	235.115885	235.229167	D5	64	80	0
745	235.194010	235.229167	C5	63	80	0
746	235.242188	235.296875	D5	71	80	0
747	235.324219	235.376302	C5	65	80	0
748	235.384115	235.455729	D5	82	80	0
749	235.455729	235.532552	C5	65	80	0
750	235.553385	235.632812	B4	63	80	0
751	235.641927	235.889323	C5	69	80	0
752	235.740885	236.419271	D5	73	80	0
753	236.307292	236.609375	C5	66	80	0
754	236.947917	239.139323	C5	50	80	0
755	236.963542	238.500000	A4	36	80	0
756	236.988281	238.179688	F3	30	80	0
757	236.992188	238.179688	F4	29	80	0
758	238.824219	239.070312	F3	56	80	0
759	239.074219	239.279948	G3	50	80	0
760	239.244792	239.436198	F3	53	80	0
761	239.434896	239.601562	E3	62	80	0
762	239.591146	239.757812	F3	64	80	0
763	239.769531	239.962240	Eb3	58	80	0
764	239.772135	240.000000	G3	61	80	0
765	239.944010	240.218750	A3	71	80	0
766	239.953125	240.199219	C3	58	80	0
767	240.248698	243.279948	Bb3	61	80	0
768	240.265625	241.829427	D3	53	80	0
769	240.268229	243.769531	Bb2	49	80	0
770	241.822917	242.119792	Eb3	56	80	0
771	241.824219	242.319010	C3	46	80	0
772	242.071615	243.399740	F3	62	80	0
773	242.088542	243.419271	D3	46	80	0
774	242.334635	242.639323	Bb5	55	80	0
775	242.511719	242.721354	D6	68	80	0
776	242.700521	242.856771	Bb5	70	80	0
777	242.886719	243.093750	F5	56	80	0
778	243.070312	243.212240	Bb5	74	80	0
779	243.225260	243.412760	D5	59	80	0
780	243.406250	243.609375	F5	61	80	0
781	243.585938	243.919271	F3	53	80	0
782	243.585938	243.809896	Bb4	53	80	0
783	243.593750	244.859375	D3	52	80	0
784	243.755208	243.895833	D5	55	80	0
785	243.927083	244.093750	F4	47	80	0
786	243.933594	244.229167	F3	43	80	0
787	244.105469	244.359375	Bb4	56	80	0
788	244.290365	244.427083	D4	43	80	0
789	244.444010	244.769531	F3	40	80	0
790	244.451823	244.613281	F4	50	80	0
791	244.623698	244.869792	Bb3	54	80	0
792	244.803385	245.019531	D4	56	80	0
793	244.954427	245.269531	D5	75	80	0
794	244.975260	245.279948	F3	42	80	0
795	245.154948	245.459635	Bb3	49	80	0
796	245.286458	245.631510	D3	50	80	0
797	245.348958	245.471354	Eb5	73	80	0
798	245.434896	245.506510	D5	77	80	0
799	245.460938	245.739583	F3	50	80	0
800	245.507812	245.623698	C5	74	80	0
801	245.604167	246.149740	D5	81	80	0
802	245.614583	245.816406	Bb2	59	80	0
803	245.791667	245.954427	D3	54	80	0
804	245.946615	246.289062	F2	62	80	0
805	246.110677	246.354167	Eb5	91	80	0
806	246.136719	246.649740	Bb2	60	80	0
807	246.290365	246.539062	D2	54	80	0
808	246.326823	246.468750	F2	49	80	0
809	246.332031	246.739583	F5	79	80	0
810	246.507812	246.968750	Bb1	52	80	0
811	246.651042	247.049479	D2	49	80	0
812	246.660156	246.899740	Bb2	46	80	0
813	246.824219	246.989583	F2	55	80	0
814	246.997396	247.158854	F2	51	80	0
815	246.997396	247.158854	Bb2	54	80	0
816	247.165365	247.199219	D3	51	80	0
817	247.165365	247.739583	D2	59	80	0
818	247.169271	247.329427	F2	57	80	0
819	247.170573	247.408854	Bb2	52	80	0
820	247.343750	247.869792	F2	65	80	0
821	247.492188	247.869792	Bb2	62	80	0
822	247.617188	248.188802	D3	62	80	0
823	247.692708	249.319010	Bb3	89	80	0
824	247.878906	248.019531	F2	47	80	0
825	247.884115	248.399740	Bb2	47	80	0
826	248.032552	248.218750	F2	48	80	0
827	248.222656	248.559896	D2	46	80	0
828	248.223958	248.399740	F2	47	80	0
829	248.407552	249.098958	Bb2	49	80	0
830	248.408854	248.539062	F2	49	80	0
831	248.583333	249.029948	F3	52	80	0
832	248.584635	248.819010	F2	58	80	0
833	248.774740	248.839844	D3	50	80	0
834	248.776042	249.000000	D2	54	80	0
835	248.928385	249.158854	F2	51	80	0
836	248.972656	249.209635	Bb1	56	80	0
837	249.244792	252.348958	A3	69	80	0
838	249.255208	250.348958	F2	60	80	0
839	249.264323	250.779948	Eb3	74	80	0
840	249.273438	252.199219	C3	68	80	0
841	250.666667	251.059896	F3	73	80	0
842	250.678385	250.968750	D3	64	80	0
843	250.945312	252.299479	F#3	74	80	0
844	250.946615	252.250000	Eb3	52	80	0
845	251.190104	251.386719	C6	59	80	0
846	251.373698	251.769531	Eb6	72	80	0
847	251.532552	251.739583	C6	66	80	0
848	251.708333	251.908854	A5	67	80	0
849	251.872396	252.239583	C6	60	80	0
850	252.044271	252.217448	F#5	63	80	0
851	252.207031	252.750000	A5	72	80	0
852	252.376302	253.009115	F#3	63	80	0
853	252.381510	252.929688	Eb3	57	80	0
854	252.544271	252.908854	F#5	59	80	0
855	252.708333	252.859375	C5	63	80	0
856	252.873698	253.069010	Eb5	64	80	0
857	253.024740	253.188802	A4	63	80	0
858	253.183594	253.328125	C5	59	80	0
859	253.343750	253.472656	F#4	59	80	0
860	253.507812	253.658854	A4	67	80	0
861	253.665365	254.149740	C6	86	80	0
862	253.666667	253.889323	Eb4	66	80	0
863	253.851562	254.179688	F#4	61	80	0
864	254.007812	254.158854	C4	58	80	0
865	254.111979	254.192708	D6	83	80	0
866	254.165365	254.291667	Eb4	61	80	0
867	254.201823	254.329427	C6	78	80	0
868	254.273438	254.371094	B5	89	80	0
869	254.325521	254.649740	A3	67	80	0
870	254.343750	254.859375	C6	86	80	0
871	254.496094	254.622396	C4	59	80	0
872	254.644531	254.804688	F#3	73	80	0
873	254.794271	255.022135	D6	90	80	0
874	254.796875	255.029948	A3	74	80	0
875	254.981771	255.609375	Eb6	93	80	0
876	254.983073	256.089844	C3	75	80	0
877	255.148438	255.309896	F#3	72	80	0
878	255.294271	255.938802	Eb3	73	80	0
879	255.473958	255.750000	A3	80	80	0
880	255.627604	255.979167	F#3	69	80	0
881	255.792969	255.966146	C4	81	80	0
882	255.960938	256.125000	A3	83	80	0
883	256.108073	256.639323	F#3	89	80	0
884	256.300781	258.049479	F#4	97	80	0
885	256.325521	257.339844	C4	65	80	0
886	256.325521	257.658854	Eb4	72	80	0
887	256.494792	256.657552	Eb3	60	80	0
888	256.657552	257.109375	Bb2	76	80	0
889	256.824219	257.009115	F#3	77	80	0
890	257.006510	257.438802	Eb3	77	80	0
891	257.186198	257.569010	Bb3	79	80	0
892	257.368490	257.718750	F#3	78	80	0
893	257.557292	257.989583	Eb3	71	80	0
894	257.852865	259.559896	F4	83	80	0
895	257.875000	259.119792	Eb4	70	80	0
896	257.880208	258.489583	C4	55	80	0
897	257.902344	258.938802	A2	61	80	0
898	258.632812	259.329427	C4	83	80	0
899	258.634115	259.289062	A3	71	80	0
900	259.257812	259.519531	D4	84	80	0
901	259.263021	259.549479	B3	74	80	0
902	259.445312	260.699219	Eb4	79	80	0
903	259.450521	260.609375	C4	66	80	0
904	259.454427	259.459635	C5	66	80	0
905	259.654948	259.839844	C6	72	80	0
906	259.824219	260.005208	Eb6	86	80	0
907	259.984375	260.164062	C6	84	80	0
908	260.151042	260.325521	A5	82	80	0
909	260.312500	260.462240	C6	79	80	0
910	260.481771	260.829427	Eb5	77	80	0
911	260.641927	260.938802	A5	84	80	0
912	260.792969	260.994792	C5	69	80	0
913	260.835938	261.309896	Eb4	73	80	0
914	260.848958	261.519531	C4	68	80	0
915	260.993490	261.378906	Eb5	76	80	0
916	261.148438	261.389323	A4	75	80	0
917	261.311198	261.669271	C5	76	80	0
918	261.473958	261.770833	Eb4	71	80	0
919	261.630208	261.792969	A4	74	80	0
920	261.783854	261.951823	C4	61	80	0
921	261.783854	262.128906	C6	90	80	0
922	261.947917	262.279948	Eb4	74	80	0
923	262.110677	262.449219	A3	74	80	0
924	262.144531	262.628906	C6	92	80	0
925	262.298177	262.434896	C4	66	80	0
926	262.464844	262.623698	F3	67	80	0
927	262.617188	262.839844	D6	80	80	0
928	262.627604	262.799479	A3	67	80	0
929	262.692708	262.819010	C6	82	80	0
930	262.753906	262.835938	B5	86	80	0
931	262.779948	263.098958	C3	73	80	0
932	262.825521	263.299479	C6	90	80	0
933	262.949219	263.119792	F3	60	80	0
934	263.115885	263.278646	A2	64	80	0
935	263.270833	263.750000	C3	76	80	0
936	263.274740	263.619792	D6	94	80	0
937	263.462240	263.739583	F2	72	80	0
938	263.462240	264.029948	Eb6	97	80	0
939	263.631510	263.819010	A2	71	80	0
940	263.772135	264.149740	C2	75	80	0
941	263.936198	264.269531	F2	68	80	0
942	264.095052	264.479167	A1	76	80	0
943	264.247396	264.699219	C2	71	80	0
944	264.415365	265.039062	F1	76	80	0
945	264.415365	264.679688	F2	73	80	0
946	264.580729	264.908854	A1	77	80	0
947	264.773438	266.149740	Eb5	89	80	0
948	264.776042	265.989583	A4	85	80	0
949	264.786458	265.859375	C5	80	80	0
950	265.145833	265.339844	F#1	58	80	0
951	265.316406	266.019531	C2	71	80	0
952	265.505208	266.128906	F#2	66	80	0
953	265.683594	265.959635	A2	69	80	0
954	265.845052	266.109375	C3	74	80	0
955	266.003906	266.218750	F#3	75	80	0
956	266.204427	268.119792	D5	81	80	0
957	266.205729	267.098958	Bb4	76	80	0
958	266.404948	266.639323	G1	49	80	0
959	266.404948	266.579427	G2	46	80	0
960	266.550781	266.739583	Bb1	63	80	0
961	266.716146	266.872396	D2	63	80	0
962	266.876302	267.259115	G2	74	80	0
963	267.024740	267.619792	Bb2	76	80	0
964	267.196615	267.332031	D3	82	80	0
965	267.334635	267.679688	G3	82	80	0
966	267.498698	268.489583	G5	94	80	0
967	267.523438	267.739583	D2	64	80	0
968	267.704427	267.968750	E2	72	80	0
969	267.865885	268.010417	G2	70	80	0
970	268.001302	268.348958	Bb2	74	80	0
971	268.192708	268.589844	E3	76	80	0
972	268.347656	268.549479	G3	74	80	0
973	268.515625	268.769531	Bb3	87	80	0
974	268.675781	268.938802	G3	69	80	0
975	268.855469	269.218750	C#4	86	80	0
976	268.859375	269.669271	G4	92	80	0
977	268.861979	269.809896	C#5	85	80	0
978	268.861979	269.919271	Bb4	85	80	0
979	269.044271	269.339844	Bb3	61	80	0
980	269.235677	269.438802	G3	67	80	0
981	269.421875	269.649740	E3	73	80	0
982	269.619792	269.799479	C#3	75	80	0
983	269.796875	270.109375	Bb2	72	80	0
984	269.970052	270.549479	G2	66	80	0
985	270.158854	270.587240	E2	63	80	0
986	270.429688	271.559896	F5	88	80	0
987	270.632812	271.378906	F2	44	80	0
988	270.835938	271.378906	Bb2	45	80	0
989	271.013021	271.154948	D3	56	80	0
990	271.204427	271.333333	F3	52	80	0
991	271.394531	271.789062	D3	49	80	0
992	271.585938	271.859375	Bb2	46	80	0
993	271.743490	272.109375	F2	46	80	0
994	271.941406	272.789062	D5	57	80	0
995	271.944010	272.979167	Bb4	52	80	0
996	271.946615	273.098958	F4	47	80	0
997	271.960938	272.269531	Bb3	40	80	0
998	272.117188	272.699219	F2	43	80	0
999	272.290365	272.619792	Bb2	53	80	0
1000	272.481771	272.615885	D3	45	80	0
1001	272.652344	272.919271	F3	51	80	0
1002	272.822917	272.989583	Bb2	44	80	0
1003	272.824219	273.009115	D3	41	80	0
1004	273.000000	273.319010	Bb2	51	80	0
1005	273.167969	273.589844	F2	48	80	0
1006	273.371094	275.500000	A4	55	80	0
1007	273.381510	276.339844	F4	53	80	0
1008	273.386719	274.769531	C4	48	80	0
1009	273.388021	274.408854	Eb4	54	80	0
1010	273.394531	273.559896	Eb3	53	80	0
1011	273.563802	273.899740	C3	54	80	0
1012	273.744792	273.864583	A2	58	80	0
1013	273.903646	274.023438	F2	53	80	0
1014	274.061198	274.178385	Eb2	51	80	0
1015	274.235677	274.372396	C2	56	80	0
1016	274.397135	274.544271	A1	58	80	0
1017	274.566406	274.699219	F1	51	80	0
1018	274.832031	276.959635	Bb3	40	80	0
1019	274.835938	275.209635	Bb1	45	80	0
1020	274.845052	276.229167	D4	33	80	0
1021	276.055990	276.218750	Bb2	46	80	0
1022	276.154948	276.210938	Bb1	45	80	0
1023	276.225260	276.345052	Bb2	48	80	0
1024	276.322917	276.364583	Bb1	54	80	0
1025	277.591146	277.656250	Bb2	42	80	0
1026	277.694010	277.752604	Bb1	44	80	0
1027	277.774740	277.845052	Bb2	43	80	0
1028	277.881510	277.933594	Bb1	44	80	0
1029	279.091146	279.156250	Bb2	45	80	0
1030	279.194010	279.247396	Bb1	46	80	0
1031	279.273438	279.352865	Bb2	44	80	0
1032	279.386719	279.438802	Bb1	43	80	0
1033	279.442708	281.408854	F4	57	80	0
1034	279.451823	279.628906	Bb2	45	80	0
1035	279.462240	281.188802	G#3	49	80	0
1036	279.464844	280.779948	Bb3	49	80	0
1037	281.092448	282.809896	Eb4	62	80	0
1038	281.113281	282.209635	Bb3	44	80	0
1039	281.119792	282.239583	G3	40	80	0
1040	282.654948	284.399740	D4	49	80	0
1041	282.662760	284.009115	F#3	35	80	0
1042	282.673177	284.009115	Bb3	39	80	0
1043	284.406250	286.319010	D4	46	80	0
1044	284.412760	286.239583	Bb3	38	80	0
1045	284.415365	286.139323	F#3	34	80	0
1046	285.932292	286.089844	Bb2	45	80	0
1047	286.035156	286.229167	Bb1	50	80	0
1048	286.125000	286.299479	Bb2	36	80	0
1049	286.243490	286.339844	Bb1	39	80	0
1050	286.244792	287.359375	Eb4	36	80	0
1051	286.251302	287.069010	G3	32	80	0
1052	286.252604	288.369792	Bb3	34	80	0
1053	287.533854	287.614583	Bb2	39	80	0
1054	287.641927	287.703125	Bb1	42	80	0
1055	287.722656	287.878906	Bb2	39	80	0
1056	287.834635	287.886719	Bb1	43	80	0
1057	289.063802	289.154948	Bb2	41	80	0
1058	289.175781	289.238281	Bb1	39	80	0
1059	289.255208	289.429688	Bb2	38	80	0
1060	289.382812	289.699219	Bb1	38	80	0
1061	289.433594	291.218750	G#4	55	80	0
1062	289.434896	289.529948	Bb2	37	80	0
1063	289.438802	291.019531	F4	42	80	0
1064	289.440104	290.799479	Bb3	39	80	0
1065	291.098958	293.009115	G4	60	80	0
1066	291.111979	292.289062	Bb3	44	80	0
1067	291.113281	292.789062	Eb4	50	80	0
1068	292.634115	294.319010	F#4	56	80	0
1069	292.654948	293.769531	Bb3	42	80	0
1070	292.660156	294.069010	D4	43	80	0
1071	294.334635	296.049479	F#4	55	80	0
1072	294.352865	297.628906	Bb3	42	80	0
1073	294.354167	295.839844	D4	42	80	0
1074	295.625000	295.779948	Eb3	51	80	0
1075	295.747396	295.859375	Eb2	38	80	0
1076	295.842448	296.579427	Eb3	43	80	0
1077	295.930990	296.769531	Eb2	34	80	0
1078	295.975260	297.949219	G4	49	80	0
1079	295.986979	298.378906	Eb4	41	80	0
1080	297.223958	297.348958	Eb3	47	80	0
1081	297.338542	297.539062	Eb2	40	80	0
1082	297.421875	297.688802	Eb3	51	80	0
1083	297.553385	298.079427	Eb2	38	80	0
1084	298.223958	298.759115	G4	70	80	0
1085	298.644531	298.809896	Eb3	47	80	0
1086	298.786458	298.959635	Eb2	43	80	0
1087	298.904948	300.779948	Eb3	47	80	0
1088	299.015625	302.500000	Eb2	41	80	0
1089	299.145833	301.809896	Eb5	73	80	0
1090	299.165365	300.339844	G4	67	80	0
1091	300.619792	302.229167	C5	75	80	0
1092	300.643229	301.479167	G4	69	80	0
1093	300.647135	301.348958	Eb4	57	80	0
1094	302.156250	303.968750	Bb4	71	80	0
1095	302.170573	304.128906	D4	57	80	0
1096	302.173177	303.348958	G4	55	80	0
1097	303.871094	305.779948	A4	53	80	0
1098	303.882812	305.699219	C4	39	80	0
1099	303.890625	305.968750	F4	35	80	0
1100	305.118490	305.329427	F3	37	80	0
1101	305.239583	305.468750	F2	37	80	0
1102	305.335938	305.709635	F3	28	80	0
1103	305.475260	305.628906	F2	34	80	0
1104	305.636719	305.819010	F2	26	80	0
1105	305.963542	305.968750	C4	18	80	0
1106	306.156250	306.669271	A4	55	80	0
1107	306.184896	306.628906	F4	42	80	0
1108	306.191406	306.569010	C4	40	80	0
1109	306.195312	306.459635	F3	36	80	0
1110	306.593750	306.718750	F6	60	80	0
1111	306.688802	306.819010	F5	56	80	0
1112	306.782552	306.929688	F6	61	80	0
1113	306.884115	307.408854	Bb4	63	80	0
1114	306.893229	307.179688	F3	46	80	0
1115	306.893229	307.229167	F4	47	80	0
1116	306.894531	307.188802	D4	52	80	0
1117	307.583333	308.119792	C5	71	80	0
1118	307.595052	308.139323	Eb4	58	80	0
1119	307.595052	307.968750	F2	40	80	0
1120	307.596354	307.859375	F3	49	80	0
1121	308.453125	309.389323	C5	62	80	0
1122	308.477865	309.679688	Eb4	49	80	0
1123	308.480469	309.239583	F3	41	80	0
1124	309.653646	310.139323	A4	54	80	0
1125	309.653646	309.959635	C#4	51	80	0
1126	309.664062	309.789062	F2	39	80	0
1127	309.667969	309.848958	F3	41	80	0
1128	309.803385	310.408854	F2	31	80	0
1129	309.901042	310.438802	F3	44	80	0
1130	310.083333	310.442708	Bb4	58	80	0
1131	310.084635	310.415365	D4	55	80	0
1132	310.808594	311.369792	Bb4	59	80	0
1133	310.813802	311.419271	F4	56	80	0
1134	310.815104	311.468750	D4	55	80	0
1135	310.815104	311.279948	F3	49	80	0
1136	311.242188	311.378906	F6	67	80	0
1137	311.334635	311.479167	F5	67	80	0
1138	311.425781	311.598958	F6	62	80	0
1139	311.533854	311.869792	C5	70	80	0
1140	311.536458	311.929688	A4	64	80	0
1141	311.540365	312.039062	F4	60	80	0
1142	311.541667	312.809896	F3	54	80	0
1143	312.244792	312.769531	D5	82	80	0
1144	312.255208	312.899740	Bb4	66	80	0
1145	312.257812	312.809896	F4	63	80	0
1146	313.062500	314.429688	D5	81	80	0
1147	313.082031	315.049479	F4	60	80	0
1148	313.083333	314.359375	Bb4	69	80	0
1149	313.088542	314.000000	F3	49	80	0
1150	314.257812	314.679688	B4	73	80	0
1151	314.264323	314.669271	G#4	66	80	0
1152	314.274740	314.438802	F3	44	80	0
1153	314.407552	314.598958	F2	48	80	0
1154	314.509115	315.009115	F3	54	80	0
1155	314.606771	314.989583	F2	54	80	0
1156	314.619792	315.069010	C5	71	80	0
1157	314.625000	315.019531	A4	62	80	0
1158	315.315104	315.799479	C5	76	80	0
1159	315.316406	315.539062	F3	53	80	0
1160	315.316406	315.669271	A4	66	80	0
1161	315.322917	315.889323	F4	60	80	0
1162	315.738281	315.908854	F6	71	80	0
1163	315.834635	315.911458	F5	72	80	0
1164	315.841146	315.848958	F3	42	80	0
1165	315.924479	316.049479	F6	75	80	0
1166	316.007812	316.438802	D5	90	80	0
1167	316.027344	316.609375	Bb4	71	80	0
1168	316.029948	316.039062	Bb3	59	80	0
1169	316.033854	316.119792	F3	55	80	0
1170	316.033854	316.319010	F5	82	80	0
1171	316.035156	316.579427	F4	69	80	0
1172	316.729167	317.389323	Eb5	88	80	0
1173	316.743490	317.098958	F3	61	80	0
1174	316.744792	317.359375	F4	68	80	0
1175	316.747396	317.218750	C5	75	80	0
1176	316.753906	317.369792	Bb4	73	80	0
1177	317.526042	318.289062	Eb5	88	80	0
1178	317.536458	318.209635	F4	74	80	0
1179	317.541667	318.009115	F3	60	80	0
1180	317.542969	318.179688	C5	79	80	0
1181	318.686198	319.069010	C#5	83	80	0
1182	318.703125	319.098958	A4	72	80	0
1183	318.747396	318.919271	F3	53	80	0
1184	318.851562	319.039062	F2	55	80	0
1185	318.929688	319.348958	F3	60	80	0
1186	319.046875	319.539062	D5	82	80	0
1187	319.049479	319.489583	F2	64	80	0
1188	319.053385	319.479167	Bb4	69	80	0
1189	319.744792	320.179688	D5	88	80	0
1190	319.750000	320.188802	Bb4	84	80	0
1191	319.753906	320.309896	F4	79	80	0
1192	320.170573	320.329427	F6	79	80	0
1193	320.272135	320.339844	F5	70	80	0
1194	320.337240	320.459635	F6	85	80	0
1195	320.434896	320.639323	F5	81	80	0
1196	320.472656	321.089844	E5	82	80	0
1197	320.472656	320.848958	Bb4	78	80	0
1198	320.473958	320.919271	C#5	79	80	0
1199	320.476562	320.848958	G4	81	80	0
1200	321.217448	321.779948	E5	86	80	0
1201	321.223958	321.799479	C#5	83	80	0
1202	321.223958	321.929688	Bb4	83	80	0
1203	321.225260	322.029948	G4	79	80	0
1204	321.572917	321.789062	F6	70	80	0
1205	321.694010	321.859375	F5	76	80	0
1206	321.794271	322.119792	F6	83	80	0
1207	322.074219	322.619792	F5	68	80	0
1208	322.075521	322.658854	A4	64	80	0
1209	322.079427	322.639323	C5	59	80	0
1210	322.963542	323.819010	C5	58	80	0
1211	322.983073	323.598958	F4	46	80	0
1212	322.986979	323.859375	A4	54	80	0
1213	323.354167	323.529948	F3	48	80	0
1214	323.503906	323.750000	F2	51	80	0
1215	323.701823	323.919271	F3	57	80	0
1216	324.394531	324.929688	C5	72	80	0
1217	324.395833	324.929688	A4	75	80	0
1218	324.401042	325.079427	F4	68	80	0
1219	324.782552	324.891927	F6	69	80	0
1220	324.914062	325.239583	F5	68	80	0
1221	325.044271	325.218750	F6	84	80	0
1222	325.057292	325.269531	E6	79	80	0
1223	325.065104	325.319010	E5	72	80	0
1224	325.066406	325.348958	Bb4	71	80	0
1225	325.074219	325.339844	G4	72	80	0
1226	325.791667	326.289062	C5	80	80	0
1227	325.795573	326.158854	Bb4	77	80	0
1228	325.795573	326.169271	G4	78	80	0
1229	326.619792	327.500000	F5	77	80	0
1230	326.623698	327.329427	F4	60	80	0
1231	326.623698	327.329427	A4	64	80	0
1232	327.500000	328.209635	C5	69	80	0
1233	327.505208	328.319010	F4	58	80	0
1234	327.515625	328.179688	A4	62	80	0
1235	327.912760	328.098958	F3	47	80	0
1236	328.063802	328.289062	F2	55	80	0
1237	328.212240	328.378906	F3	64	80	0
1238	328.904948	329.459635	C5	77	80	0
1239	328.912760	329.459635	A4	80	80	0
1240	328.915365	329.589844	F4	71	80	0
1241	329.315104	329.427083	F6	71	80	0
1242	329.424479	329.750000	F5	73	80	0
1243	329.575521	329.769531	F6	82	80	0
1244	329.592448	329.819010	E6	78	80	0
1245	329.595052	330.000000	E5	75	80	0
1246	329.604167	329.959635	Bb4	64	80	0
1247	329.608073	329.959635	G4	65	80	0
1248	330.334635	331.209635	C5	82	80	0
1249	330.341146	330.968750	Bb4	79	80	0
1250	330.345052	330.848958	G4	74	80	0
1251	331.097656	331.848958	F5	85	80	0
1252	331.104167	331.688802	A4	69	80	0
1253	331.104167	331.739583	F4	75	80	0
1254	331.884115	332.759115	C5	80	80	0
1255	331.890625	332.449219	A4	75	80	0
1256	331.891927	332.979167	F4	73	80	0
1257	332.356771	332.569010	F3	46	80	0
1258	332.523438	333.378906	F2	43	80	0
1259	332.699219	333.299479	F3	46	80	0
1260	333.470052	336.139323	A4	65	80	0
1261	333.490885	334.609375	F4	49	80	0
1262	333.494792	334.309896	C4	45	80	0
1263	333.904948	334.079427	F3	37	80	0
1264	334.075521	334.848958	F2	32	80	0
1265	334.217448	334.859375	F3	40	80	0
1266	335.039062	336.188802	F4	43	80	0
1267	335.062500	336.019531	C4	33	80	0
1268	335.065104	336.718750	A3	35	80	0
1269	335.492188	335.649740	F3	34	80	0
1270	335.794271	336.779948	F3	36	80	0
1271	336.559896	337.489583	F4	52	80	0
1272	337.334635	338.279948	E4	66	80	0
1273	338.096354	339.319010	F4	74	80	0
1274	338.100260	339.019531	Eb4	70	80	0
1275	338.834635	339.279948	D4	66	80	0
1276	339.196615	339.365885	G4	78	80	0
1277	339.397135	339.493490	A4	77	80	0
1278	339.571615	339.683594	Bb4	72	80	0
1279	339.623698	340.609375	Eb4	56	80	0
1280	339.625000	340.009115	C4	51	80	0
1281	339.746094	339.834635	C5	73	80	0
1282	339.903646	340.006510	D5	88	80	0
1283	340.067708	340.569010	Eb5	92	80	0
1284	340.368490	342.109375	F5	73	80	0
1285	340.373698	340.669271	Bb2	38	80	0
1286	341.242188	342.438802	Bb3	35	80	0
1287	342.013021	343.459635	Bb4	43	80	0
1288	342.014323	343.449219	D4	37	80	0
1289	342.019531	343.289062	F4	33	80	0
1290	342.782552	343.769531	Bb3	33	80	0
1291	343.360677	343.718750	D5	55	80	0
1292	343.610677	345.319010	Bb5	67	80	0
1293	343.643229	345.069010	Eb4	37	80	0
1294	343.644531	346.269531	Bb4	48	80	0
1295	343.645833	344.609375	G4	40	80	0
1296	344.481771	345.718750	Bb3	37	80	0
1297	345.063802	345.468750	G5	66	80	0
1298	345.272135	347.658854	F5	67	80	0
1299	345.324219	346.229167	F4	33	80	0
1300	345.324219	346.199219	D4	36	80	0
1301	346.115885	347.239583	Bb3	47	80	0
1302	346.880208	348.029948	Bb4	50	80	0
1303	346.885417	347.750000	D4	33	80	0
1304	346.885417	347.699219	F4	34	80	0
1305	347.683594	348.089844	Bb3	45	80	0
1306	348.204427	348.529948	D5	74	80	0
1307	348.415365	349.709635	Eb5	73	80	0
1308	348.444010	349.209635	Bb4	56	80	0
1309	348.446615	349.500000	G3	42	80	0
1310	349.173177	349.919271	Eb3	43	80	0
1311	349.174479	349.819010	G4	71	80	0
1312	349.654948	350.049479	C5	78	80	0
1313	349.917969	352.500000	Bb4	71	80	0
1314	349.945312	351.069010	F2	34	80	0
1315	350.709635	351.188802	D4	56	80	0
1316	350.722656	351.989583	F3	34	80	0
1317	351.473958	352.968750	F4	62	80	0
1318	351.475260	352.479167	D4	48	80	0
1319	351.481771	352.649740	Bb3	50	80	0
1320	352.276042	353.029948	F3	43	80	0
1321	353.002604	354.169271	A3	44	80	0
1322	353.003906	354.408854	C4	44	80	0
1323	353.014323	353.442708	D5	69	80	0
1324	353.033854	354.569010	F4	46	80	0
1325	353.036458	353.750000	F3	41	80	0
1326	353.402344	353.859375	C5	71	80	0
1327	353.753906	354.180990	Bb4	72	80	0
1328	353.757812	354.429688	F3	43	80	0
1329	354.113281	354.364583	C5	82	80	0
1330	354.544271	356.218750	C5	65	80	0
1331	354.574219	357.500000	Bb2	34	80	0
1332	354.575521	355.169271	F3	37	80	0
1333	354.580729	357.500000	F4	39	80	0
1334	354.583333	356.279948	A3	35	80	0
1335	355.437500	357.500000	F3	40	80	0
1336	356.001302	356.359375	C#5	58	80	0
1337	356.253906	358.019531	D5	53	80	0
1338	356.294271	357.819010	Bb3	33	80	0
1339	357.022135	357.859375	D3	50	80	0
1340	357.769531	359.279948	Eb3	54	80	0
1341	357.963542	358.063802	F4	55	80	0
1342	358.145833	358.235677	G4	71	80	0
1343	358.307292	358.402344	A4	77	80	0
1344	358.477865	358.574219	Bb4	74	80	0
1345	358.494792	359.255208	C3	55	80	0
1346	358.640625	358.722656	C5	78	80	0
1347	358.812500	358.899740	D5	87	80	0
1348	358.981771	359.174479	Eb5	82	80	0
1349	359.289062	361.449219	F5	76	80	0
1350	359.295573	361.378906	Bb2	41	80	0
1351	360.113281	361.389323	Bb3	41	80	0
1352	360.449219	360.938802	A4	56	80	0
1353	360.891927	364.919271	Bb4	59	80	0
1354	360.903646	361.938802	F4	43	80	0
1355	360.910156	361.919271	D4	43	80	0
1356	361.667969	362.919271	Bb3	50	80	0
1357	362.218750	362.609375	D5	67	80	0
1358	362.464844	364.079427	Bb5	65	80	0
1359	362.475260	363.299479	G4	48	80	0
1360	362.475260	363.688802	Eb4	41	80	0
1361	363.260417	364.348958	Bb3	43	80	0
1362	363.815104	364.169271	G5	62	80	0
1363	364.026042	366.658854	F5	63	80	0
1364	364.054688	365.250000	D4	37	80	0
1365	364.054688	365.389323	F4	37	80	0
1366	364.812500	366.019531	Bb3	40	80	0
1367	365.177083	365.779948	A4	56	80	0
1368	365.645833	366.938802	Bb4	60	80	0
1369	365.678385	366.619792	F4	39	80	0
1370	365.683594	366.549479	D4	40	80	0
1371	366.403646	367.250000	Bb3	51	80	0
1372	366.920573	367.229167	D5	73	80	0
1373	367.132812	367.729167	F5	71	80	0
1374	367.149740	368.139323	G3	54	80	0
1375	367.153646	368.000000	Bb4	58	80	0
1376	367.535156	368.408854	Eb5	77	80	0
1377	367.864583	368.859375	Eb3	59	80	0
1378	367.865885	368.679688	G4	71	80	0
1379	368.201823	368.759115	C5	82	80	0
1380	368.588542	370.699219	Bb4	68	80	0
1381	368.596354	368.718750	F4	50	80	0
1382	368.604167	371.149740	F3	57	80	0
1383	369.294271	369.819010	D4	73	80	0
1384	369.295573	370.539062	Bb3	73	80	0
1385	370.061198	370.979167	F4	67	80	0
1386	370.066406	370.539062	D4	63	80	0
1387	370.838542	371.718750	D4	74	80	0
1388	370.842448	371.459635	Bb3	66	80	0
1389	371.651042	375.218750	F4	75	80	0
1390	371.657552	373.039062	C4	69	80	0
1391	371.660156	372.289062	A3	63	80	0
1392	371.694010	373.319010	F2	50	80	0
1393	371.695312	372.289062	F1	50	80	0
1394	372.475260	373.559896	A3	61	80	0
1395	372.475260	373.000000	F3	50	80	0
1396	373.458333	376.169271	Bb3	41	80	0
1397	373.466146	375.209635	D4	38	80	0
1398	373.479167	374.579427	Bb2	34	80	0
1399	373.484375	375.158854	F3	31	80	0
1400	374.830729	374.968750	Bb2	41	80	0
1401	374.927083	374.990885	Bb1	45	80	0
1402	375.023438	375.102865	Bb2	38	80	0
1403	375.101562	375.138021	Bb1	47	80	0
1404	376.335938	376.404948	Bb2	45	80	0
1405	376.444010	376.496094	Bb1	46	80	0
1406	376.523438	376.649740	Bb2	45	80	0
1407	376.615885	376.713542	Bb1	46	80	0
1408	377.390625	377.959635	Bb3	37	80	0
1409	378.194010	379.929688	Bb3	48	80	0
1410	379.488281	379.639323	Bb2	36	80	0
1411	379.595052	379.799479	Bb1	36	80	0
1412	379.674479	379.878906	Bb2	38	80	0
1413	379.802083	382.179688	B3	42	80	0
1414	379.805990	379.908854	Bb1	33	80	0
1415	379.805990	382.500000	G#3	35	80	0
1416	379.813802	382.500000	F3	31	80	0
1417	379.824219	382.500000	D3	30	80	0
1418	381.066406	381.229167	Bb2	32	80	0
1419	381.177083	381.389323	Bb1	32	80	0
1420	381.285156	382.459635	Bb2	38	80	0
1421	381.402344	382.399740	Bb1	26	80	0
1422	382.194010	382.979167	B3	43	80	0
1423	382.985677	384.500000	B3	54	80	0
1424	384.231771	384.419271	Bb2	47	80	0
1425	384.361979	384.559896	Bb1	32	80	0
1426	384.433594	385.429688	Bb2	42	80	0
1427	384.566406	385.729167	Bb1	41	80	0
1428	384.567708	386.779948	D4	56	80	0
1429	384.587240	386.438802	F3	39	80	0
1430	384.589844	387.500000	G#3	40	80	0
1431	385.867188	386.079427	Bb2	38	80	0
1432	385.985677	386.199219	Bb1	30	80	0
1433	386.088542	387.959635	Bb2	36	80	0
1434	386.212240	388.579427	Bb1	38	80	0
1435	386.966146	387.569010	D4	58	80	0
1436	387.763021	390.079427	D4	67	80	0
1437	388.945312	389.109375	Bb2	54	80	0
1438	389.058594	390.459635	Bb1	46	80	0
1439	389.141927	390.179688	Bb2	45	80	0
1440	389.248698	390.658854	F4	75	80	0
1441	389.276042	390.149740	B3	53	80	0
1442	389.281250	390.399740	G#3	51	80	0
1443	390.497396	390.628906	Bb2	53	80	0
1444	390.595052	390.789062	Bb1	58	80	0
1445	390.684896	391.579427	Bb2	50	80	0
1446	390.785156	392.489583	G#4	89	80	0
1447	390.795573	392.829427	F4	69	80	0
1448	390.795573	392.979167	B3	69	80	0
1449	390.802083	391.429688	Bb1	63	80	0
1450	390.804688	392.589844	D4	62	80	0
1451	391.438802	392.049479	Bb1	29	80	0
1452	391.967448	392.059896	Bb2	49	80	0
1453	392.063802	392.239583	Bb1	58	80	0
1454	392.139323	392.529948	Bb2	62	80	0
1455	392.244792	392.329427	Bb1	53	80	0
1456	392.334635	393.269531	B4	90	80	0
1457	392.343750	392.679688	Bb1	51	80	0
1458	392.535156	393.389323	Bb2	36	80	0
1459	392.692708	392.819010	Bb1	34	80	0
1460	392.826823	393.468750	Bb1	37	80	0
1461	393.582031	393.653646	G#3	54	80	0
1462	393.674479	393.751302	Bb2	51	80	0
1463	393.764323	393.848958	G#3	60	80	0
1464	393.855469	394.959635	Bb2	66	80	0
1465	393.858073	395.169271	G#4	83	80	0
1466	393.861979	394.579427	G#3	69	80	0
1467	393.863281	395.019531	D4	71	80	0
1468	395.041667	395.111979	G#3	58	80	0
1469	395.144531	395.329427	Bb2	48	80	0
1470	395.264323	396.329427	G#3	44	80	0
1471	395.342448	395.639323	Bb2	41	80	0
1472	395.376302	396.519531	Bb4	80	80	0
1473	395.411458	396.399740	F4	51	80	0
1474	395.414062	396.658854	D4	48	80	0
1475	395.652344	396.729167	Bb2	32	80	0
1476	396.125000	397.000000	G#4	80	80	0
1477	396.899740	398.579427	F#4	72	80	0
1478	398.213542	398.285156	Bb2	42	80	0
1479	398.334635	398.549479	Bb1	38	80	0
1480	398.428385	399.329427	Bb2	48	80	0
1481	398.553385	401.089844	G4	61	80	0
1482	398.555990	399.199219	Bb1	44	80	0
1483	398.570312	399.329427	Bb3	47	80	0
1484	398.575521	401.718750	Eb4	44	80	0
1485	399.786458	399.929688	Bb2	48	80	0
1486	399.904948	400.079427	Bb1	44	80	0
1487	399.993490	400.589844	Bb2	44	80	0
1488	400.087240	400.509115	Bb1	53	80	0
1489	400.763021	401.658854	Bb4	85	80	0
1490	401.585938	402.529948	Eb5	94	80	0
1491	402.829427	402.989583	Bb3	70	80	0
1492	402.933594	403.489583	Bb2	55	80	0
1493	403.000000	403.949219	Bb3	63	80	0
1494	403.093750	406.549479	Eb4	84	80	0
1495	403.095052	404.479167	A4	80	80	0
1496	403.096354	406.098958	F#4	81	80	0
1497	404.329427	404.559896	Bb3	41	80	0
1498	404.444010	407.029948	Bb2	47	80	0
1499	404.569010	407.489583	Bb3	44	80	0
1500	404.652344	405.859375	C5	73	80	0
1501	405.324219	406.609375	A4	76	80	0
1502	406.203125	408.438802	C5	71	80	0
1503	407.445312	407.628906	Bb2	35	80	0
1504	407.566406	408.479167	Bb1	37	80	0
1505	407.640625	408.378906	Bb2	35	80	0
1506	407.785156	409.549479	Bb4	56	80	0
1507	407.787760	408.519531	D4	45	80	0
1508	407.791667	408.919271	F4	40	80	0
1509	408.960938	409.069010	Bb2	50	80	0
1510	409.085938	409.279948	Bb1	39	80	0
1511	409.162760	409.718750	Bb2	41	80	0
1512	409.286458	410.348958	Bb1	47	80	0
1513	409.292969	410.209635	G#4	66	80	0
1514	409.294271	410.169271	F4	59	80	0
1515	410.014323	410.739583	D5	89	80	0
1516	410.683594	411.639323	F5	91	80	0
1517	411.529948	412.348958	Eb5	95	80	0
1518	411.936198	412.109375	Bb3	72	80	0
1519	412.041667	413.039062	Bb2	55	80	0
1520	412.119792	413.158854	Bb3	77	80	0
1521	412.216146	413.019531	G4	91	80	0
1522	412.217448	412.848958	Bb4	78	80	0
1523	413.085938	414.329427	F#4	87	80	0
1524	413.087240	413.908854	A4	87	80	0
1525	413.503906	413.669271	Bb3	54	80	0
1526	413.596354	415.289062	Bb2	47	80	0
1527	413.679688	414.598958	Bb3	64	80	0
1528	413.876302	414.539062	Eb4	79	80	0
1529	413.876302	415.000000	C5	68	80	0
1530	414.763021	415.369792	A4	65	80	0
1531	414.774740	415.299479	C4	64	80	0
1532	414.782552	415.609375	F#4	53	80	0
1533	414.794271	415.489583	Eb4	47	80	0
1534	415.223958	415.389323	Bb3	41	80	0
1535	415.369792	418.029948	Bb2	41	80	0
1536	415.455729	415.709635	Bb3	48	80	0
1537	415.704427	417.619792	Bb4	58	80	0
1538	415.707031	416.878906	F4	46	80	0
1539	415.710938	416.589844	D4	50	80	0
1540	415.722656	417.669271	Bb3	43	80	0
1541	415.765625	417.218750	D3	44	80	0
1542	417.203125	417.519531	Eb3	42	80	0
1543	417.204427	418.188802	C3	43	80	0
1544	417.451823	419.299479	F3	41	80	0
1545	417.468750	419.158854	D3	40	80	0
1546	419.132812	420.244792	Eb3	46	80	0
1547	419.134115	420.227865	C3	46	80	0
1548	419.294271	419.419271	F4	48	80	0
1549	419.479167	419.565104	E4	57	80	0
1550	419.644531	419.713542	F4	62	80	0
1551	419.808594	419.919271	G4	64	80	0
1552	419.975260	420.058594	A4	65	80	0
1553	420.154948	420.264323	Bb4	65	80	0
1554	420.342448	420.489583	C5	70	80	0
1555	420.618490	422.059896	D5	58	80	0
1556	420.653646	423.809896	F4	36	80	0
1557	420.661458	422.408854	Bb2	30	80	0
1558	420.664062	422.149740	Bb4	38	80	0
1559	422.009115	422.408854	Eb5	61	80	0
1560	422.023438	422.389323	C5	55	80	0
1561	422.247396	423.509115	F5	66	80	0
1562	422.252604	423.389323	D5	57	80	0
1563	423.795573	425.319010	Eb5	60	80	0
1564	423.824219	425.289062	F4	39	80	0
1565	423.824219	423.919271	F3	37	80	0
1566	423.828125	425.098958	C5	41	80	0
1567	424.022135	424.225260	F3	51	80	0
1568	424.252604	424.412760	E3	55	80	0
1569	424.442708	424.559896	F3	61	80	0
1570	424.631510	424.733073	G3	67	80	0
1571	424.795573	424.934896	A3	69	80	0
1572	424.967448	425.074219	Bb3	75	80	0
1573	425.141927	425.264323	C4	73	80	0
1574	425.347656	425.839844	D5	72	80	0
1575	425.352865	426.718750	D4	74	80	0
1576	425.354167	427.069010	Bb3	57	80	0
1577	425.355469	426.619792	F4	61	80	0
1578	426.657552	427.239583	Eb4	76	80	0
1579	426.662760	427.049479	C4	58	80	0
1580	426.936198	432.500000	F4	77	80	0
1581	426.953125	432.500000	D4	63	80	0
1582	428.494792	429.188802	Bb1	69	80	0
1583	429.196615	430.919271	Bb1	36	80	0
1584	430.664062	434.929688	A1	39	80	0
1585	435.425781	435.899740	C6	58	80	0
1586	435.863281	435.990885	D6	60	80	0
1587	435.966146	436.087240	C6	75	80	0
1588	436.083333	436.212240	B5	77	80	0
1589	436.197917	436.908854	C6	78	80	0
1590	436.832031	437.348958	D6	87	80	0
1591	437.221354	437.989583	Eb6	75	80	0
1592	439.003906	440.919271	F#4	63	80	0
1593	439.024740	440.559896	Bb3	39	80	0
1594	439.027344	440.569010	C4	38	80	0
1595	439.027344	440.769531	Eb4	38	80	0
1596	441.433594	443.589844	F4	36	80	0
1597	441.454427	443.500000	C4	26	80	0
1598	441.464844	443.419271	Eb4	27	80	0
1599	441.464844	443.069010	A3	24	80	0
1600	443.973958	444.389323	G4	35	80	0
1601	444.292969	444.416667	F4	47	80	0
1602	444.454427	444.553385	E4	52	80	0
1603	444.593750	444.809896	F4	48	80	0
1604	444.740885	444.889323	G4	41	80	0
1605	444.843750	444.903646	A4	55	80	0
1606	444.932292	444.984375	Bb4	57	80	0
1607	445.024740	445.093750	C5	70	80	0
1608	445.130208	445.186198	D5	62	80	0
1609	445.199219	445.268229	Eb5	72	80	0
1610	445.296875	445.378906	F5	75	80	0
1611	445.388021	445.464844	G5	72	80	0
1612	445.477865	445.554688	A5	72	80	0
1613	445.552083	445.626302	Bb5	82	80	0
1614	445.653646	445.878906	C6	69	80	0
1615	446.091146	446.186198	D6	80	80	0
1616	446.171875	446.244792	C6	83	80	0
1617	446.251302	446.335938	B5	84	80	0
1618	446.333333	446.908854	C6	89	80	0
1619	446.813802	447.089844	D6	94	80	0
1620	447.054688	447.559896	Eb6	88	80	0
1621	448.540365	450.359375	Eb5	89	80	0
1622	448.552083	450.589844	A4	84	80	0
1623	448.561198	448.989583	F#4	71	80	0
1624	448.562500	450.369792	C4	67	80	0
1625	448.565104	450.158854	Eb4	66	80	0
1626	448.566406	450.569010	F#3	61	80	0
1627	450.328125	451.718750	D5	62	80	0
1628	450.346354	451.539062	D4	39	80	0
1629	450.352865	451.359375	Bb4	49	80	0
1630	450.361979	451.619792	Bb3	39	80	0
1631	451.934896	452.889323	G5	90	80	0
1632	452.645833	452.889323	C#4	73	80	0
1633	452.648438	452.899740	Bb3	73	80	0
1634	452.649740	452.859375	E3	66	80	0
1635	452.649740	452.878906	Bb4	76	80	0
1636	453.406250	453.729167	G4	75	80	0
1637	453.410156	453.628906	Bb4	79	80	0
1638	453.410156	453.718750	C#5	78	80	0
1639	455.446615	458.098958	F5	72	80	0
1640	456.455729	456.809896	D4	33	80	0
1641	456.462240	456.949219	Bb3	29	80	0
1642	456.463542	456.789062	F3	25	80	0
1643	457.283854	458.098958	D5	42	80	0
1644	457.295573	458.259115	Bb4	32	80	0
1645	457.295573	457.473958	F4	30	80	0
1646	457.302083	457.472656	F3	27	80	0
1647	458.141927	458.658854	F1	29	80	0
1648	458.144531	458.559896	F2	25	80	0
1649	459.002604	460.239583	A4	53	80	0
1650	459.045573	460.348958	C4	32	80	0
1651	459.050781	460.259115	Eb4	31	80	0
1652	459.986979	460.569010	F2	21	80	0
1653	459.989583	460.459635	F3	20	80	0
1654	461.013021	462.039062	Bb4	46	80	0
1655	461.062500	461.459635	D4	28	80	0
1656	461.066406	464.829427	Bb1	27	80	0
1657	461.067708	465.628906	Bb2	26	80	0
1658	461.903646	462.500000	F5	54	80	0
1659	461.944010	462.329427	F4	20	80	0
1660	462.777344	463.598958	D5	59	80	0
1661	462.798177	463.759115	D4	28	80	0
1662	463.575521	464.449219	B4	59	80	0
1663	463.598958	464.109375	B3	40	80	0
1664	464.373698	465.339844	Bb4	68	80	0
1665	464.393229	465.429688	Bb3	54	80	0
1666	465.162760	466.049479	G#4	75	80	0
1667	465.170573	465.669271	G#3	63	80	0
1668	465.994792	466.908854	G4	71	80	0
1669	466.003906	468.259115	G3	48	80	0
1670	466.028646	471.019531	Bb2	37	80	0
1671	466.880208	467.878906	Bb4	67	80	0
1672	466.884115	468.369792	Bb3	63	80	0
1673	467.723958	469.589844	Eb4	74	80	0
1674	467.752604	470.039062	Eb3	62	80	0
1675	468.632812	469.598958	G4	78	80	0
1676	468.661458	470.019531	G3	45	80	0
1677	469.533854	471.079427	C4	68	80	0
1678	469.545573	471.479167	C3	49	80	0
1679	470.364583	471.449219	F4	49	80	0
1680	470.371094	471.619792	F3	42	80	0
1681	470.812500	471.519531	Eb4	63	80	0
1682	470.815104	471.569010	Eb3	50	80	0
1683	471.337240	472.549479	D4	58	80	0
1684	471.367188	477.319010	Bb2	39	80	0
1685	471.373698	476.949219	D3	39	80	0
1686	472.242188	474.250000	F4	60	80	0
1687	473.076823	474.269531	D4	76	80	0
1688	473.902344	474.889323	D5	77	80	0
1689	473.928385	475.519531	B3	65	80	0
1690	473.928385	474.229167	B4	63	80	0
1691	474.748698	476.809896	Bb3	83	80	0
1692	474.750000	474.759115	Bb4	68	80	0
1693	475.246094	475.332031	Eb5	70	80	0
1694	475.348958	475.407552	D5	66	80	0
1695	475.421875	475.475260	Eb5	55	80	0
1696	475.507812	475.569010	D5	57	80	0
1697	475.559896	475.639323	Eb5	68	80	0
1698	475.611979	476.699219	G#3	63	80	0
1699	475.623698	475.680990	D5	73	80	0
1700	475.671875	475.734375	Eb5	86	80	0
1701	475.748698	475.812500	D5	81	80	0
1702	475.826823	476.029948	Eb5	83	80	0
1703	475.904948	476.083333	D5	79	80	0
1704	476.042969	476.569010	C5	75	80	0
1705	476.259115	476.649740	D5	89	80	0
1706	476.544271	477.639323	F5	82	80	0
1707	476.605469	478.639323	G3	53	80	0
1708	477.483073	477.489583	Eb6	81	80	0
1709	477.483073	478.729167	Eb5	82	80	0
1710	477.484375	480.039062	Bb3	75	80	0
1711	478.333333	480.829427	Eb3	74	80	0
1712	479.204427	480.899740	Eb5	89	80	0
1713	479.217448	479.229167	G4	69	80	0
1714	479.217448	481.079427	G3	60	80	0
1715	480.147135	481.899740	C3	65	80	0
1716	480.770833	480.834635	Bb4	57	80	0
1717	480.864583	480.919271	A4	59	80	0
1718	480.944010	481.015625	Bb4	64	80	0
1719	481.022135	481.098958	A4	63	80	0
1720	481.085938	482.299479	F3	48	80	0
1721	481.153646	481.209635	A4	60	80	0
1722	481.209635	481.319010	Bb4	59	80	0
1723	481.283854	481.408854	A4	70	80	0
1724	481.330729	481.414062	Bb4	64	80	0
1725	481.414062	481.567708	A4	60	80	0
1726	481.602865	481.842448	G4	62	80	0
1727	481.660156	481.829427	Eb3	43	80	0
1728	481.842448	482.139323	Eb3	41	80	0
1729	481.843750	482.233073	A4	72	80	0
1730	482.201823	483.938802	Bb4	50	80	0
1731	482.225260	483.259115	Bb3	32	80	0
1732	482.235677	483.949219	D3	30	80	0
1733	482.243490	484.179688	Bb2	28	80	0
1734	483.319010	484.468750	F3	37	80	0
1735	483.875000	484.527344	A4	61	80	0
1736	483.904948	484.468750	Eb3	40	80	0
1737	484.467448	485.769531	Bb4	57	80	0
1738	484.501302	486.419271	Bb2	35	80	0
1739	484.501302	486.098958	D3	35	80	0
1740	485.632812	486.848958	F3	45	80	0
1741	486.153646	486.829427	C5	69	80	0
1742	486.154948	486.688802	A4	69	80	0
1743	486.166667	486.789062	Eb3	52	80	0
1744	486.734375	488.049479	D5	71	80	0
1745	486.739583	488.109375	Bb4	68	80	0
1746	486.761719	488.309896	D3	44	80	0
1747	486.769531	489.149740	Bb2	43	80	0
1748	487.944010	488.779948	F3	45	80	0
1749	488.598958	489.759115	A5	75	80	0
1750	488.622396	489.299479	C5	49	80	0
1751	488.623698	489.679688	Eb3	42	80	0
1752	489.503906	491.229167	Bb5	81	80	0
1753	489.519531	491.098958	D5	55	80	0
1754	489.533854	491.109375	D3	32	80	0
1755	489.535156	491.299479	Bb2	36	80	0
1756	490.854167	492.789062	D6	91	80	0
1757	492.641927	493.149740	C6	79	80	0
1758	493.303385	497.299479	C6	67	80	0
1759	497.157552	500.329427	Bb5	41	80	0
1760	498.722656	502.500000	Bb1	20	80	0
#SusPed	0.074219	61	0
#SusPed	0.479167	0	0
#SusPed	0.488281	74	0
#SusPed	0.609375	0	0
#SusPed	0.621094	81	0
#SusPed	0.919271	0	0
#SusPed	0.925781	89	0
#SusPed	5.908854	0	0
#SusPed	5.915365	74	0
#SusPed	6.628906	0	0
#SusPed	6.635417	71	0
#SusPed	7.299479	0	0
#SusPed	7.312500	89	0
#SofPed	7.373698	62	0
#SofPed	7.669271	0	0
#SofPed	7.683594	91	0
#SofPed	7.759115	0	0
#SofPed	7.765625	86	0
#SusPed	7.769531	0	0
#SusPed	7.777344	70	0
#SusPed	7.968750	0	0
#SusPed	7.975260	96	0
#SofPed	8.039062	0	0
#SofPed	8.052083	62	0
#SusPed	9.229167	0	0
#SusPed	9.235677	75	0
#SusPed	9.529948	0	0
#SusPed	9.541667	75	0
#SusPed	10.859375	0	0
#SusPed	10.873698	74	0
#SusPed	11.598958	0	0
#SusPed	11.614583	78	0
#SofPed	11.699219	0	0
#SofPed	11.705729	89	0
#SusPed	12.479167	0	0
#SusPed	12.484375	71	0
#SusPed	15.549479	0	0
#SusPed	15.554688	62	0
#SusPed	15.769531	0	0
#SusPed	15.774740	70	0
#SofPed	15.899740	0	0
#SofPed	15.911458	45	0
#SusPed	16.399740	0	0
#SusPed	16.404948	82	0
#SofPed	16.479167	0	0
#SofPed	16.490885	47	0
#SofPed	16.658854	0	0
#SofPed	16.673177	52	0
#SusPed	16.699219	0	0
#SusPed	16.704427	60	0
#SofPed	16.779948	0	0
#SofPed	16.791667	63	0
#SusPed	20.459635	0	0
#SusPed	20.467448	69	0
#SusPed	20.919271	0	0
#SusPed	20.927083	72	0
#SofPed	22.789062	0	0
#SusPed	22.889323	0	0
#SusPed	22.894531	56	0
#SusPed	23.000000	0	0
#SusPed	23.009115	53	0
#SofPed	23.209635	82	0
#SusPed	23.799479	0	0
#SusPed	23.812500	73	0
#SofPed	23.979167	0	0
#SusPed	24.119792	0	0
#SusPed	24.130208	56	0
#SusPed	24.919271	0	0
#SusPed	24.924479	74	0
#SusPed	25.250000	0	0
#SusPed	25.263021	80	0
#SusPed	25.468750	0	0
#SusPed	25.483073	77	0
#SusPed	27.878906	0	0
#SusPed	27.888021	77	0
#SusPed	28.098958	0	0
#SusPed	28.106771	64	0
#SusPed	28.438802	0	0
#SusPed	28.446615	69	0
#SusPed	30.209635	0	0
#SusPed	30.222656	91	0
#SusPed	30.419271	0	0
#SusPed	30.432292	86	0
#SusPed	30.829427	0	0
#SusPed	30.842448	92	0
#SusPed	31.049479	0	0
#SusPed	31.063802	81	0
#SusPed	31.559896	0	0
#SusPed	31.566406	78	0
#SusPed	31.709635	0	0
#SusPed	31.722656	75	0
#SofPed	31.950521	35	0
#SofPed	32.009115	0	0
#SofPed	32.019531	34	0
#SusPed	32.128906	0	0
#SusPed	32.135417	96	0
#SofPed	32.149740	0	0
#SofPed	32.164062	41	0
#SofPed	32.250000	0	0
#SofPed	32.264323	43	0
#SusPed	32.299479	0	0
#SusPed	32.311198	82	0
#SofPed	32.348958	0	0
#SofPed	32.363281	41	0
#SofPed	32.399740	0	0
#SofPed	32.412760	40	0
#SofPed	32.559896	0	0
#SofPed	32.563802	35	0
#SofPed	32.809896	0	0
#SofPed	32.824219	47	0
#SofPed	32.889323	0	0
#SofPed	32.894531	47	0
#SusPed	32.908854	0	0
#SusPed	32.924479	74	0
#SusPed	32.968750	0	0
#SusPed	32.975260	68	0
#SofPed	33.119792	0	0
#SofPed	33.127604	53	0
#SusPed	33.149740	0	0
#SusPed	33.160156	83	0
#SofPed	33.179688	0	0
#SofPed	33.184896	51	0
#SofPed	33.519531	0	0
#SusPed	33.529948	0	0
#SofPed	33.532552	54	0
#SusPed	33.537760	87	0
#SusPed	34.049479	0	0
#SusPed	34.059896	78	0
#SusPed	34.619792	0	0
#SusPed	34.627604	80	0
#SofPed	34.679688	0	0
#SofPed	34.688802	64	0
#SusPed	36.819010	0	0
#SusPed	36.830729	75	0
#SusPed	37.000000	0	0
#SusPed	37.009115	78	0
#SusPed	37.389323	0	0
#SusPed	37.403646	67	0
#SusPed	37.919271	0	0
#SusPed	37.932292	86	0
#SusPed	38.039062	0	0
#SusPed	38.052083	64	0
#SusPed	38.419271	0	0
#SusPed	38.433594	64	0
#SusPed	39.799479	0	0
#SusPed	39.812500	70	0
#SusPed	40.209635	0	0
#SusPed	40.217448	57	0
#SofPed	40.309896	0	0
#SofPed	42.554688	63	0
#SusPed	42.899740	0	0
#SusPed	42.907552	73	0
#SofPed	43.128906	0	0
#SusPed	43.250000	0	0
#SusPed	43.264323	98	0
#SusPed	43.389323	0	0
#SusPed	43.401042	93	0
#SusPed	43.789062	0	0
#SusPed	43.798177	76	0
#SusPed	44.029948	0	0
#SusPed	44.042969	73	0
#SusPed	44.549479	0	0
#SusPed	44.563802	69	0
#SusPed	44.839844	0	0
#SusPed	44.846354	67	0
#SofPed	44.955729	41	0
#SusPed	45.989583	0	0
#SusPed	46.001302	94	0
#SusPed	46.348958	0	0
#SusPed	46.360677	74	0
#SofPed	46.639323	0	0
#SofPed	46.648438	94	0
#SofPed	46.739583	0	0
#SofPed	46.747396	88	0
#SofPed	46.968750	0	0
#SofPed	46.984375	75	0
#SofPed	47.149740	0	0
#SofPed	47.154948	84	0
#SusPed	47.869792	0	0
#SusPed	47.876302	85	0
#SusPed	48.209635	0	0
#SusPed	48.223958	72	0
#SofPed	48.259115	0	0
#SofPed	48.265625	96	0
#SofPed	48.359375	0	0
#SofPed	48.373698	99	0
#SofPed	49.378906	0	0
#SofPed	49.390625	48	0
#SusPed	49.589844	0	0
#SusPed	49.595052	92	0
#SofPed	49.679688	0	0
#SofPed	49.691406	40	0
#SofPed	49.750000	0	0
#SofPed	49.764323	42	0
#SusPed	49.889323	0	0
#SusPed	49.903646	61	0
#SusPed	50.259115	0	0
#SusPed	50.273438	59	0
#SofPed	50.539062	0	0
#SofPed	50.552083	54	0
#SofPed	51.059896	0	0
#SofPed	51.067708	63	0
#SofPed	51.199219	0	0
#SofPed	51.213542	68	0
#SofPed	51.559896	0	0
#SofPed	51.565104	65	0
#SofPed	52.489583	0	0
#SofPed	52.503906	83	0
#SofPed	52.619792	0	0
#SofPed	52.632812	80	0
#SusPed	52.789062	0	0
#SusPed	52.802083	89	0
#SofPed	52.878906	0	0
#SofPed	52.891927	76	0
#SofPed	53.009115	0	0
#SofPed	53.019531	81	0
#SusPed	53.089844	0	0
#SofPed	53.089844	0	0
#SusPed	53.101562	101	0
#SofPed	53.104167	72	0
#SusPed	53.259115	0	0
#SusPed	53.273438	102	0
#SofPed	53.289062	0	0
#SofPed	53.294271	84	0
#SofPed	53.399740	0	0
#SofPed	53.408854	87	0
#SusPed	53.419271	0	0
#SusPed	53.425781	98	0
#SofPed	53.598958	0	0
#SofPed	53.605469	47	0
#SofPed	54.079427	0	0
#SofPed	54.093750	32	0
#SofPed	54.139323	0	0
#SofPed	54.148438	32	0
#SofPed	54.718750	0	0
#SofPed	54.729167	37	0
#SusPed	54.809896	0	0
#SusPed	54.822917	87	0
#SofPed	54.848958	0	0
#SofPed	54.855469	45	0
#SofPed	54.989583	0	0
#SofPed	55.003906	51	0
#SusPed	55.019531	0	0
#SusPed	55.028646	103	0
#SofPed	55.069010	0	0
#SofPed	55.084635	44	0
#SofPed	55.729167	0	0
#SofPed	55.734375	42	0
#SofPed	56.039062	0	0
#SofPed	56.053385	32	0
#SofPed	56.169271	0	0
#SofPed	56.183594	32	0
#SofPed	56.339844	0	0
#SofPed	56.352865	34	0
#SofPed	56.459635	0	0
#SofPed	56.470052	36	0
#SusPed	57.709635	0	0
#SusPed	57.716146	79	0
#SusPed	58.019531	0	0
#SusPed	58.024740	82	0
#SusPed	59.009115	0	0
#SusPed	59.020833	92	0
#SusPed	59.309896	0	0
#SusPed	59.322917	71	0
#SusPed	59.829427	0	0
#SusPed	59.842448	78	0
#SofPed	61.348958	0	0
#SusPed	64.299479	0	0
#SusPed	64.309896	68	0
#SusPed	64.468750	0	0
#SusPed	64.475260	90	0
#SusPed	65.789062	0	0
#SusPed	65.794271	65	0
#SusPed	66.128906	0	0
#SusPed	66.140625	92	0
#SusPed	67.408854	0	0
#SusPed	67.421875	74	0
#SusPed	67.750000	0	0
#SusPed	67.757812	85	0
#SusPed	68.729167	0	0
#SusPed	68.734375	108	0
#SusPed	69.019531	0	0
#SusPed	69.024740	71	0
#SusPed	69.649740	0	0
#SusPed	69.660156	73	0
#SusPed	70.059896	0	0
#SusPed	70.072917	104	0
#SofPed	70.694010	20	0
#SusPed	70.859375	0	0
#SusPed	70.871094	66	0
#SofPed	71.408854	0	0
#SofPed	71.423177	25	0
#SusPed	71.529948	0	0
#SusPed	71.535156	87	0
#SofPed	71.628906	0	0
#SofPed	71.643229	23	0
#SofPed	71.739583	0	0
#SofPed	71.748698	20	0
#SofPed	71.789062	0	0
#SofPed	71.803385	19	0
#SusPed	71.979167	0	0
#SusPed	71.986979	85	0
#SusPed	72.269531	0	0
#SusPed	72.276042	71	0
#SofPed	72.299479	0	0
#SofPed	72.304688	51	0
#SusPed	72.959635	0	0
#SusPed	72.972656	56	0
#SofPed	73.000000	0	0
#SofPed	73.005208	58	0
#SofPed	73.519531	0	0
#SofPed	73.533854	96	0
#SofPed	73.559896	0	0
#SofPed	73.572917	90	0
#SofPed	73.649740	0	0
#SofPed	73.656250	91	0
#SusPed	73.739583	0	0
#SusPed	73.753906	93	0
#SusPed	73.899740	0	0
#SusPed	73.904948	87	0
#SofPed	73.938802	0	0
#SofPed	73.945312	85	0
#SusPed	74.139323	0	0
#SusPed	74.148438	65	0
#SofPed	74.218750	0	0
#SofPed	74.227865	98	0
#SofPed	74.279948	0	0
#SofPed	74.286458	103	0
#SofPed	74.459635	0	0
#SofPed	74.466146	104	0
#SofPed	74.579427	0	0
#SofPed	74.589844	108	0
#SusPed	74.699219	0	0
#SusPed	74.704427	61	0
#SofPed	75.149740	0	0
#SofPed	75.158854	113	0
#SusPed	75.348958	0	0
#SusPed	75.363281	77	0
#SofPed	75.399740	0	0
#SofPed	75.407552	112	0
#SusPed	76.019531	0	0
#SusPed	76.032552	71	0
#SusPed	76.679688	0	0
#SusPed	76.692708	75	0
#SofPed	77.500000	0	0
#SusPed	78.369792	0	0
#SusPed	78.375000	64	0
#SusPed	78.459635	0	0
#SusPed	78.464844	61	0
#SusPed	80.389323	0	0
#SusPed	80.395833	65	0
#SusPed	81.069010	0	0
#SusPed	81.079427	74	0
#SusPed	81.319010	0	0
#SusPed	81.333333	69	0
#SusPed	81.399740	0	0
#SusPed	81.412760	63	0
#SusPed	81.848958	0	0
#SusPed	81.855469	78	0
#SusPed	83.218750	0	0
#SusPed	83.234375	72	0
#SusPed	83.549479	0	0
#SusPed	83.558594	80	0
#SofPed	83.951823	80	0
#SofPed	83.959635	0	0
#SusPed	84.500000	0	0
#SusPed	84.511719	92	0
#SusPed	85.009115	0	0
#SusPed	85.022135	70	0
#SofPed	85.026042	100	0
#SofPed	85.039062	0	0
#SusPed	85.938802	0	0
#SusPed	85.953125	86	0
#SusPed	86.049479	0	0
#SusPed	86.063802	71	0
#SusPed	86.209635	0	0
#SusPed	86.217448	68	0
#SusPed	87.579427	0	0
#SusPed	87.593750	63	0
#SusPed	87.938802	0	0
#SusPed	87.945312	72	0
#SusPed	88.539062	0	0
#SusPed	88.554688	64	0
#SusPed	88.899740	0	0
#SusPed	88.904948	59	0
#SusPed	89.049479	0	0
#SusPed	89.057292	62	0
#SusPed	89.549479	0	0
#SusPed	89.563802	59	0
#SusPed	89.919271	0	0
#SusPed	89.927083	61	0
#SusPed	90.199219	0	0
#SusPed	90.212240	63	0
#SusPed	90.869792	0	0
#SusPed	90.884115	66	0
#SusPed	92.239583	0	0
#SusPed	92.244792	64	0
#SusPed	92.699219	0	0
#SusPed	92.704427	72	0
#SusPed	93.709635	0	0
#SusPed	93.714844	78	0
#SusPed	94.579427	0	0
#SusPed	94.592448	71	0
#SusPed	94.779948	0	0
#SusPed	94.789062	74	0
#SusPed	95.319010	0	0
#SusPed	95.326823	84	0
#SusPed	96.949219	0	0
#SusPed	96.955729	65	0
#SusPed	97.259115	0	0
#SusPed	97.264323	64	0
#SusPed	98.239583	0	0
#SusPed	98.253906	62	0
#SusPed	100.049479	0	0
#SusPed	100.063802	51	0
#SusPed	100.438802	0	0
#SusPed	100.449219	52	0
#SofPed	100.713542	105	0
#SusPed	100.769531	0	0
#SusPed	100.778646	66	0
#SofPed	100.859375	0	0
#SofPed	100.864583	85	0
#SofPed	101.250000	0	0
#SusPed	103.579427	0	0
#SusPed	103.587240	72	0
#SusPed	103.938802	0	0
#SusPed	103.950521	73	0
#SusPed	105.098958	0	0
#SusPed	105.109375	76	0
#SusPed	105.419271	0	0
#SusPed	105.429688	84	0
#SusPed	106.639323	0	0
#SusPed	106.645833	71	0
#SofPed	108.580729	101	0
#SofPed	108.669271	0	0
#SofPed	108.675781	95	0
#SofPed	108.968750	0	0
#SofPed	108.975260	88	0
#SofPed	109.579427	0	0
#SusPed	110.059896	0	0
#SusPed	110.070312	67	0
#SofPed	110.083333	99	0
#SusPed	110.188802	0	0
#SusPed	110.201823	76	0
#SofPed	110.229167	0	0
#SofPed	110.235677	92	0
#SofPed	110.289062	0	0
#SusPed	111.218750	0	0
#SusPed	111.230469	71	0
#SusPed	111.419271	0	0
#SusPed	111.425781	88	0
#SusPed	112.598958	0	0
#SusPed	112.613281	74	0
#SofPed	113.174479	102	0
#SofPed	113.250000	0	0
#SofPed	113.263021	97	0
#SusPed	113.329427	0	0
#SusPed	113.334635	75	0
#SusPed	113.509115	0	0
#SusPed	113.522135	70	0
#SofPed	113.529948	0	0
#SofPed	113.537760	78	0
#SusPed	114.589844	0	0
#SusPed	114.595052	65	0
#SofPed	114.609375	0	0
#SofPed	114.617188	52	0
#SusPed	114.769531	0	0
#SusPed	114.781250	63	0
#SofPed	114.859375	0	0
#SofPed	114.873698	57	0
#SofPed	115.009115	0	0
#SofPed	115.016927	65	0
#SofPed	115.339844	0	0
#SofPed	115.351562	57	0
#SofPed	115.419271	0	0
#SofPed	115.430990	56	0
#SusPed	115.688802	0	0
#SusPed	115.697917	66	0
#SofPed	115.709635	0	0
#SofPed	115.722656	53	0
#SusPed	115.899740	0	0
#SusPed	115.911458	83	0
#SofPed	115.959635	0	0
#SofPed	115.968750	47	0
#SofPed	116.359375	0	0
#SofPed	116.368490	58	0
#SofPed	116.509115	0	0
#SofPed	116.523438	48	0
#SofPed	116.779948	0	0
#SofPed	116.786458	49	0
#SofPed	116.919271	0	0
#SofPed	116.930990	43	0
#SofPed	117.049479	0	0
#SofPed	117.054688	46	0
#SofPed	117.109375	0	0
#SofPed	117.114583	49	0
#SofPed	117.299479	0	0
#SofPed	117.313802	45	0
#SofPed	117.408854	0	0
#SofPed	117.416667	41	0
#SofPed	117.819010	0	0
#SofPed	117.833333	41	0
#SofPed	117.968750	0	0
#SofPed	117.983073	34	0
#SusPed	119.158854	0	0
#SusPed	119.171875	65	0
#SofPed	119.179688	0	0
#SofPed	119.194010	63	0
#SusPed	119.289062	0	0
#SusPed	119.295573	81	0
#SofPed	119.718750	0	0
#SofPed	119.725260	58	0
#SofPed	119.919271	0	0
#SofPed	119.924479	64	0
#SusPed	119.989583	0	0
#SusPed	120.002604	72	0
#SofPed	120.019531	0	0
#SofPed	120.032552	64	0
#SusPed	120.049479	0	0
#SusPed	120.059896	89	0
#SofPed	120.119792	0	0
#SofPed	120.132812	64	0
#SofPed	120.279948	0	0
#SofPed	120.294271	58	0
#SusPed	120.359375	0	0
#SusPed	120.365885	79	0
#SofPed	120.378906	0	0
#SofPed	120.393229	61	0
#SofPed	120.489583	0	0
#SofPed	120.496094	62	0
#SusPed	120.500000	0	0
#SusPed	120.514323	84	0
#SofPed	121.449219	0	0
#SofPed	121.459635	49	0
#SofPed	121.559896	0	0
#SofPed	121.574219	43	0
#SofPed	121.639323	0	0
#SofPed	121.647135	44	0
#SofPed	121.729167	0	0
#SofPed	121.738281	40	0
#SofPed	121.829427	0	0
#SofPed	121.841146	52	0
#SofPed	121.899740	0	0
#SofPed	121.914062	58	0
#SofPed	121.979167	0	0
#SofPed	121.993490	57	0
#SofPed	122.089844	0	0
#SofPed	122.102865	57	0
#SofPed	122.179688	0	0
#SofPed	122.188802	54	0
#SusPed	122.628906	0	0
#SusPed	122.643229	83	0
#SofPed	122.649740	0	0
#SofPed	122.654948	64	0
#SofPed	122.729167	0	0
#SofPed	122.743490	69	0
#SusPed	122.750000	0	0
#SusPed	122.757812	97	0
#SofPed	122.799479	0	0
#SofPed	122.812500	65	0
#SofPed	122.859375	0	0
#SofPed	122.873698	70	0
#SusPed	123.408854	0	0
#SusPed	123.424479	73	0
#SusPed	123.639323	0	0
#SusPed	123.644531	79	0
#SofPed	124.009115	0	0
#SofPed	124.023438	52	0
#SofPed	124.229167	0	0
#SofPed	124.235677	47	0
#SofPed	124.378906	0	0
#SofPed	124.393229	46	0
#SofPed	125.419271	0	0
#SofPed	125.427083	44	0
#SofPed	125.549479	0	0
#SofPed	125.555990	49	0
#SofPed	125.688802	0	0
#SofPed	125.696615	46	0
#SofPed	125.848958	0	0
#SofPed	125.855469	54	0
#SofPed	125.968750	0	0
#SofPed	125.983073	52	0
#SofPed	126.250000	0	0
#SofPed	126.263021	41	0
#SofPed	126.299479	0	0
#SofPed	126.309896	37	0
#SofPed	126.389323	0	0
#SofPed	126.401042	35	0
#SofPed	126.500000	0	0
#SofPed	126.507812	44	0
#SofPed	126.729167	0	0
#SofPed	126.735677	36	0
#SofPed	126.789062	0	0
#SofPed	126.798177	34	0
#SofPed	127.259115	0	0
#SofPed	127.273438	25	0
#SusPed	128.329427	0	0
#SusPed	128.339844	70	0
#SusPed	128.579427	0	0
#SusPed	128.587240	80	0
#SusPed	132.908854	0	0
#SusPed	132.915365	66	0
#SusPed	133.109375	0	0
#SusPed	133.122396	78	0
#SofPed	133.269531	0	0
#SusPed	139.119792	0	0
#SusPed	140.329427	70	0
#SusPed	141.158854	0	0
#SusPed	141.167969	63	0
#SusPed	141.299479	0	0
#SusPed	141.305990	48	0
#SofPed	142.427083	33	0
#SusPed	142.519531	0	0
#SusPed	142.531250	55	0
#SofPed	143.529948	0	0
#SofPed	143.542969	79	0
#SofPed	143.889323	0	0
#SofPed	143.904948	92	0
#SofPed	144.049479	0	0
#SofPed	144.062500	89	0
#SofPed	144.589844	0	0
#SofPed	144.595052	78	0
#SofPed	145.069010	0	0
#SofPed	145.082031	37	0
#SofPed	145.319010	0	0
#SofPed	145.326823	32	0
#SofPed	145.378906	0	0
#SofPed	145.386719	35	0
#SofPed	145.438802	0	0
#SofPed	145.453125	37	0
#SusPed	145.609375	0	0
#SusPed	145.623698	64	0
#SofPed	145.709635	0	0
#SofPed	145.716146	50	0
#SofPed	145.819010	0	0
#SofPed	145.824219	52	0
#SusPed	145.869792	0	0
#SusPed	145.884115	75	0
#SofPed	146.419271	0	0
#SofPed	146.433594	53	0
#SofPed	146.829427	0	0
#SofPed	146.842448	68	0
#SofPed	147.009115	0	0
#SofPed	147.015625	81	0
#SusPed	147.399740	0	0
#SusPed	147.414062	54	0
#SofPed	147.438802	0	0
#SofPed	147.446615	104	0
#SofPed	147.609375	0	0
#SofPed	147.622396	111	0
#SusPed	147.649740	0	0
#SusPed	147.657552	72	0
#SofPed	148.139323	0	0
#SofPed	148.145833	113	0
#SofPed	148.199219	0	0
#SofPed	148.214844	112	0
#SofPed	148.809896	0	0
#SofPed	148.822917	114	0
#SofPed	149.239583	0	0
#SofPed	149.251302	110	0
#SofPed	149.468750	0	0
#SofPed	149.476562	103	0
#SofPed	149.559896	0	0
#SofPed	149.574219	99	0
#SofPed	149.769531	0	0
#SofPed	149.777344	87	0
#SofPed	150.188802	0	0
#SofPed	150.201823	74	0
#SofPed	150.319010	0	0
#SofPed	150.326823	81	0
#SusPed	150.348958	0	0
#SusPed	150.356771	69	0
#SofPed	150.699219	0	0
#SofPed	150.713542	92	0
#SusPed	150.718750	0	0
#SusPed	150.733073	76	0
#SofPed	151.009115	0	0
#SofPed	151.018229	84	0
#SusPed	151.968750	0	0
#SusPed	151.983073	73	0
#SusPed	152.209635	0	0
#SusPed	152.218750	78	0
#SofPed	153.938802	0	0
#SofPed	153.953125	77	0
#SofPed	154.039062	0	0
#SofPed	154.046875	72	0
#SofPed	154.500000	0	0
#SofPed	154.509115	57	0
#SofPed	154.579427	0	0
#SofPed	154.584635	61	0
#SofPed	154.658854	0	0
#SofPed	154.669271	65	0
#SusPed	155.098958	0	0
#SusPed	155.111979	94	0
#SusPed	155.339844	0	0
#SusPed	155.345052	67	0
#SofPed	155.419271	0	0
#SofPed	155.427083	59	0
#SofPed	155.519531	0	0
#SofPed	155.524740	50	0
#SofPed	155.718750	0	0
#SofPed	155.731771	38	0
#SofPed	155.829427	0	0
#SofPed	155.835938	38	0
#SofPed	156.049479	0	0
#SofPed	156.063802	37	0
#SusPed	156.829427	0	0
#SusPed	156.843750	78	0
#SusPed	157.188802	0	0
#SusPed	157.200521	80	0
#SusPed	158.399740	0	0
#SusPed	158.407552	67	0
#SusPed	158.658854	0	0
#SusPed	158.671875	84	0
#SusPed	159.569010	0	0
#SusPed	159.584635	98	0
#SofPed	159.639323	0	0
#SofPed	159.645833	93	0
#SusPed	159.739583	0	0
#SusPed	159.750000	99	0
#SusPed	159.949219	0	0
#SusPed	159.963542	93	0
#SusPed	160.139323	0	0
#SusPed	160.151042	71	0
#SofPed	160.158854	0	0
#SofPed	160.167969	102	0
#SofPed	160.309896	0	0
#SofPed	160.324219	99	0
#SofPed	160.619792	0	0
#SofPed	160.634115	92	0
#SofPed	160.819010	0	0
#SofPed	160.833333	61	0
#SofPed	161.039062	0	0
#SofPed	161.044271	52	0
#SofPed	161.109375	0	0
#SofPed	161.122396	61	0
#SofPed	161.369792	0	0
#SofPed	161.375000	85	0
#SusPed	161.479167	0	0
#SusPed	161.490885	43	0
#SusPed	161.729167	0	0
#SusPed	161.743490	76	0
#SusPed	162.039062	0	0
#SusPed	162.049479	93	0
#SusPed	163.179688	0	0
#SusPed	163.186198	61	0
#SofPed	163.339844	0	0
#SofPed	163.352865	105	0
#SusPed	163.399740	0	0
#SusPed	163.414062	72	0
#SofPed	164.188802	0	0
#SofPed	164.201823	97	0
#SofPed	164.509115	0	0
#SofPed	164.515625	102	0
#SofPed	164.609375	0	0
#SofPed	164.623698	103	0
#SusPed	164.718750	0	0
#SusPed	164.725260	66	0
#SusPed	165.000000	0	0
#SusPed	165.005208	72	0
#SofPed	165.009115	0	0
#SofPed	165.015625	97	0
#SusPed	166.408854	0	0
#SusPed	166.415365	71	0
#SusPed	166.809896	0	0
#SusPed	166.815104	74	0
#SusPed	168.079427	0	0
#SusPed	168.084635	68	0
#SusPed	168.369792	0	0
#SusPed	168.384115	86	0
#SofPed	169.209635	0	0
#SofPed	169.220052	56	0
#SofPed	169.399740	0	0
#SofPed	169.414062	59	0
#SofPed	169.569010	0	0
#SofPed	169.580729	72	0
#SusPed	169.718750	0	0
#SusPed	169.725260	67	0
#SofPed	169.878906	0	0
#SofPed	169.890625	67	0
#SusPed	169.899740	0	0
#SusPed	169.910156	83	0
#SofPed	170.000000	0	0
#SofPed	170.006510	62	0
#SusPed	170.359375	0	0
#SusPed	170.373698	89	0
#SusPed	170.569010	0	0
#SusPed	170.580729	83	0
#SofPed	170.598958	0	0
#SofPed	170.608073	69	0
#SusPed	171.299479	0	0
#SusPed	171.312500	83	0
#SusPed	171.589844	0	0
#SusPed	171.597656	80	0
#SofPed	171.639323	0	0
#SofPed	171.653646	95	0
#SofPed	172.128906	0	0
#SofPed	172.138021	62	0
#SofPed	172.639323	0	0
#SusPed	174.479167	0	0
#SusPed	174.492188	68	0
#SusPed	175.169271	0	0
#SusPed	175.184896	96	0
#SofPed	175.486979	62	0
#SusPed	176.019531	0	0
#SusPed	176.033854	71	0
#SusPed	176.408854	0	0
#SusPed	176.419271	76	0
#SofPed	176.479167	0	0
#SofPed	176.484375	92	0
#SusPed	176.628906	0	0
#SusPed	176.636719	75	0
#SusPed	177.669271	0	0
#SusPed	177.683594	72	0
#SusPed	177.769531	0	0
#SusPed	177.782552	55	0
#SusPed	178.119792	0	0
#SusPed	178.125000	46	0
#SusPed	178.479167	0	0
#SusPed	178.485677	45	0
#SusPed	178.649740	0	0
#SusPed	178.657552	47	0
#SusPed	179.489583	0	0
#SusPed	179.494792	47	0
#SusPed	179.549479	0	0
#SusPed	179.561198	43	0
#SusPed	179.919271	0	0
#SusPed	179.927083	45	0
#SusPed	180.369792	0	0
#SusPed	180.382812	74	0
#SusPed	181.098958	0	0
#SusPed	181.113281	74	0
#SusPed	181.179688	0	0
#SusPed	181.194010	75	0
#SusPed	181.239583	0	0
#SusPed	181.244792	80	0
#SofPed	182.489583	0	0
#SusPed	182.819010	0	0
#SusPed	182.833333	79	0
#SusPed	183.000000	0	0
#SusPed	183.010417	77	0
#SusPed	183.259115	0	0
#SusPed	183.265625	100	0
#SusPed	184.359375	0	0
#SusPed	184.373698	95	0
#SusPed	184.479167	0	0
#SusPed	184.488281	99	0
#SusPed	187.779948	0	0
#SusPed	187.794271	75	0
#SusPed	187.839844	0	0
#SusPed	187.848958	88	0
#SusPed	189.179688	0	0
#SusPed	189.186198	98	0
#SofPed	189.868490	76	0
#SofPed	190.000000	0	0
#SofPed	190.005208	63	0
#SusPed	190.128906	0	0
#SusPed	190.135417	98	0
#SusPed	190.819010	0	0
#SusPed	190.825521	97	0
#SusPed	192.319010	0	0
#SusPed	192.324219	98	0
#SusPed	192.449219	0	0
#SusPed	192.458333	94	0
#SofPed	195.209635	0	0
#SusPed	196.959635	0	0
#SusPed	196.973958	84	0
#SusPed	197.089844	0	0
#SusPed	197.095052	73	0
#SusPed	197.959635	0	0
#SusPed	197.973958	85	0
#SusPed	198.009115	0	0
#SusPed	198.014323	90	0
#SusPed	198.158854	0	0
#SusPed	198.169271	90	0
#SusPed	198.579427	0	0
#SusPed	198.593750	63	0
#SusPed	199.109375	0	0
#SusPed	199.114583	42	0
#SusPed	199.269531	0	0
#SusPed	199.277344	43	0
#SusPed	199.329427	0	0
#SusPed	199.338542	42	0
#SusPed	199.500000	0	0
#SusPed	199.513021	51	0
#SusPed	199.679688	0	0
#SusPed	199.688802	55	0
#SofPed	199.781250	79	0
#SusPed	199.809896	0	0
#SusPed	199.820312	62	0
#SusPed	199.968750	0	0
#SusPed	199.977865	59	0
#SusPed	200.139323	0	0
#SusPed	200.147135	51	0
#SusPed	200.429688	0	0
#SusPed	200.434896	70	0
#SusPed	200.739583	0	0
#SusPed	200.752604	74	0
#SusPed	201.378906	0	0
#SusPed	201.385417	79	0
#SusPed	202.959635	0	0
#SusPed	202.964844	68	0
#SusPed	203.519531	0	0
#SusPed	203.527344	75	0
#SofPed	205.779948	0	0
#SusPed	207.049479	0	0
#SusPed	207.059896	65	0
#SusPed	207.269531	0	0
#SusPed	207.276042	44	0
#SusPed	207.709635	0	0
#SusPed	207.723958	47	0
#SusPed	208.049479	0	0
#SusPed	208.054688	72	0
#SusPed	209.718750	0	0
#SusPed	209.726562	68	0
#SofPed	209.744792	96	0
#SofPed	209.938802	0	0
#SofPed	209.947917	93	0
#SusPed	209.959635	0	0
#SusPed	209.971354	71	0
#SusPed	211.128906	0	0
#SusPed	211.135417	98	0
#SusPed	211.339844	0	0
#SusPed	211.354167	68	0
#SofPed	211.408854	0	0
#SofPed	211.419271	97	0
#SusPed	213.119792	0	0
#SusPed	213.134115	65	0
#SusPed	216.718750	0	0
#SusPed	216.734375	79	0
#SusPed	216.799479	0	0
#SusPed	216.813802	75	0
#SusPed	216.959635	0	0
#SusPed	216.964844	68	0
#SusPed	217.348958	0	0
#SusPed	217.360677	83	0
#SofPed	217.419271	0	0
#SusPed	218.139323	0	0
#SusPed	218.144531	70	0
#SusPed	218.348958	0	0
#SusPed	218.363281	79	0
#SusPed	221.598958	0	0
#SusPed	221.604167	72	0
#SusPed	221.968750	0	0
#SusPed	221.983073	84	0
#SusPed	222.569010	0	0
#SusPed	222.582031	109	0
#SusPed	222.619792	0	0
#SusPed	222.632812	108	0
#SusPed	223.329427	0	0
#SusPed	223.337240	66	0
#SusPed	223.739583	0	0
#SusPed	223.751302	81	0
#SofPed	224.243490	50	0
#SofPed	224.289062	0	0
#SofPed	224.296875	53	0
#SofPed	224.959635	0	0
#SofPed	224.968750	77	0
#SofPed	225.299479	0	0
#SofPed	225.313802	84	0
#SofPed	225.709635	0	0
#SofPed	225.722656	79	0
#SofPed	226.188802	0	0
#SofPed	226.204427	63	0
#SofPed	226.399740	0	0
#SofPed	226.412760	64	0
#SofPed	226.529948	0	0
#SofPed	226.542969	65	0
#SofPed	226.619792	0	0
#SofPed	226.632812	64	0
#SofPed	226.709635	0	0
#SofPed	226.718750	63	0
#SofPed	226.769531	0	0
#SofPed	226.783854	60	0
#SusPed	226.859375	0	0
#SusPed	226.867188	89	0
#SofPed	226.908854	0	0
#SofPed	226.924479	53	0
#SofPed	226.959635	0	0
#SofPed	226.971354	46	0
#SusPed	227.039062	0	0
#SusPed	227.048177	78	0
#SofPed	227.539062	0	0
#SofPed	227.550781	47	0
#SofPed	227.609375	0	0
#SofPed	227.623698	56	0
#SusPed	227.908854	0	0
#SusPed	227.921875	82	0
#SusPed	228.339844	0	0
#SusPed	228.346354	83	0
#SusPed	229.079427	0	0
#SusPed	229.092448	96	0
#SusPed	229.289062	0	0
#SusPed	229.299479	71	0
#SofPed	230.389323	0	0
#SofPed	230.395833	65	0
#SofPed	230.739583	0	0
#SofPed	230.750000	76	0
#SusPed	230.799479	0	0
#SusPed	230.813802	87	0
#SofPed	230.889323	0	0
#SusPed	230.899740	0	0
#SofPed	230.901042	69	0
#SusPed	230.904948	79	0
#SusPed	231.109375	0	0
#SusPed	231.123698	77	0
#SusPed	231.519531	0	0
#SusPed	231.528646	108	0
#SofPed	232.029948	0	0
#SusPed	232.279948	0	0
#SusPed	232.286458	82	0
#SusPed	232.408854	0	0
#SusPed	232.415365	82	0
#SusPed	233.649740	0	0
#SusPed	233.656250	95	0
#SusPed	233.859375	0	0
#SusPed	233.865885	84	0
#SusPed	234.348958	0	0
#SusPed	234.358073	85	0
#SusPed	234.519531	0	0
#SusPed	234.526042	94	0
#SofPed	234.661458	29	0
#SusPed	234.809896	0	0
#SusPed	234.820312	98	0
#SofPed	234.859375	0	0
#SofPed	234.868490	42	0
#SofPed	234.929688	0	0
#SofPed	234.944010	47	0
#SusPed	234.968750	0	0
#SofPed	234.979167	0	0
#SusPed	234.983073	86	0
#SofPed	234.994792	46	0
#SofPed	235.059896	0	0
#SofPed	235.065104	49	0
#SofPed	235.149740	0	0
#SofPed	235.154948	48	0
#SofPed	235.188802	0	0
#SofPed	235.195312	49	0
#SofPed	235.269531	0	0
#SofPed	235.276042	46	0
#SofPed	235.319010	0	0
#SofPed	235.333333	45	0
#SofPed	235.399740	0	0
#SofPed	235.412760	44	0
#SofPed	235.479167	0	0
#SofPed	235.489583	38	0
#SofPed	235.569010	0	0
#SofPed	235.578125	36	0
#SofPed	235.658854	0	0
#SofPed	235.674479	35	0
#SusPed	235.679688	0	0
#SusPed	235.688802	78	0
#SofPed	235.908854	0	0
#SusPed	235.919271	0	0
#SofPed	235.924479	38	0
#SusPed	235.932292	77	0
#SofPed	235.989583	0	0
#SofPed	235.994792	38	0
#SofPed	236.089844	0	0
#SofPed	236.095052	45	0
#SofPed	236.250000	0	0
#SofPed	236.256510	52	0
#SusPed	236.438802	0	0
#SusPed	236.447917	90	0
#SofPed	236.489583	0	0
#SofPed	236.502604	66	0
#SusPed	237.098958	0	0
#SusPed	237.105469	78	0
#SusPed	237.529948	0	0
#SusPed	237.541667	91	0
#SusPed	238.718750	0	0
#SusPed	238.725260	73	0
#SusPed	238.819010	0	0
#SusPed	238.826823	73	0
#SusPed	239.279948	0	0
#SusPed	239.286458	72	0
#SusPed	239.468750	0	0
#SusPed	239.477865	70	0
#SusPed	239.709635	0	0
#SusPed	239.717448	60	0
#SusPed	240.199219	0	0
#SusPed	240.212240	63	0
#SusPed	240.750000	0	0
#SusPed	240.763021	70	0
#SofPed	241.089844	0	0
#SofPed	241.098958	70	0
#SofPed	241.429688	0	0
#SofPed	241.438802	58	0
#SofPed	241.739583	0	0
#SofPed	241.746094	38	0
#SusPed	242.109375	0	0
#SusPed	242.121094	85	0
#SusPed	242.289062	0	0
#SusPed	242.302083	67	0
#SusPed	242.479167	0	0
#SusPed	242.486979	71	0
#SofPed	242.718750	0	0
#SofPed	242.723958	56	0
#SofPed	243.069010	0	0
#SofPed	243.075521	40	0
#SofPed	243.299479	0	0
#SofPed	243.304688	44	0
#SofPed	243.579427	0	0
#SofPed	243.584635	53	0
#SofPed	243.658854	0	0
#SofPed	243.664062	61	0
#SofPed	243.779948	0	0
#SofPed	243.792969	66	0
#SofPed	243.938802	0	0
#SofPed	243.949219	78	0
#SofPed	244.329427	0	0
#SofPed	244.341146	81	0
#SofPed	244.489583	0	0
#SofPed	244.497396	77	0
#SofPed	244.559896	0	0
#SofPed	244.566406	81	0
#SofPed	244.739583	0	0
#SofPed	244.753906	77	0
#SofPed	244.839844	0	0
#SofPed	244.852865	74	0
#SofPed	244.968750	0	0
#SofPed	244.983073	82	0
#SusPed	246.459635	0	0
#SusPed	246.471354	79	0
#SusPed	246.619792	0	0
#SusPed	246.634115	69	0
#SofPed	247.319010	0	0
#SusPed	247.669271	0	0
#SusPed	247.682292	90	0
#SusPed	247.819010	0	0
#SusPed	247.832031	74	0
#SusPed	249.649740	0	0
#SusPed	249.654948	69	0
#SusPed	249.908854	0	0
#SusPed	249.916667	56	0
#SofPed	250.930990	32	0
#SofPed	250.979167	0	0
#SofPed	250.988281	42	0
#SusPed	251.119792	0	0
#SofPed	251.128906	0	0
#SusPed	251.134115	79	0
#SofPed	251.144531	37	0
#SusPed	251.359375	0	0
#SusPed	251.369792	82	0
#SofPed	251.429688	0	0
#SofPed	251.440104	37	0
#SofPed	251.549479	0	0
#SofPed	251.562500	34	0
#SofPed	251.649740	0	0
#SofPed	251.662760	22	0
#SofPed	251.750000	0	0
#SofPed	251.764323	24	0
#SofPed	251.989583	0	0
#SofPed	252.002604	26	0
#SofPed	252.239583	0	0
#SofPed	252.252604	33	0
#SofPed	252.539062	0	0
#SofPed	252.548177	47	0
#SofPed	252.649740	0	0
#SofPed	252.664062	48	0
#SofPed	252.729167	0	0
#SofPed	252.735677	48	0
#SofPed	252.919271	0	0
#SofPed	252.932292	62	0
#SofPed	253.059896	0	0
#SofPed	253.065104	74	0
#SofPed	253.188802	0	0
#SofPed	253.197917	61	0
#SofPed	253.348958	0	0
#SofPed	253.361979	41	0
#SofPed	253.529948	0	0
#SofPed	253.535156	26	0
#SofPed	253.679688	0	0
#SofPed	253.692708	26	0
#SofPed	254.519531	0	0
#SusPed	254.989583	0	0
#SusPed	255.002604	85	0
#SusPed	255.119792	0	0
#SusPed	255.132812	81	0
#SusPed	256.408854	0	0
#SusPed	256.421875	82	0
#SusPed	256.579427	0	0
#SusPed	256.587240	93	0
#SusPed	257.908854	0	0
#SusPed	257.916667	73	0
#SusPed	258.128906	0	0
#SusPed	258.136719	71	0
#SusPed	259.579427	0	0
#SusPed	259.593750	73	0
#SusPed	259.769531	0	0
#SusPed	259.776042	79	0
#SusPed	262.848958	0	0
#SusPed	262.861979	83	0
#SusPed	263.509115	0	0
#SusPed	263.515625	78	0
#SusPed	263.688802	0	0
#SusPed	263.700521	71	0
#SusPed	263.979167	0	0
#SusPed	263.988281	82	0
#SusPed	264.098958	0	0
#SusPed	264.109375	80	0
#SusPed	264.188802	0	0
#SusPed	264.204427	78	0
#SusPed	264.239583	0	0
#SusPed	264.246094	77	0
#SusPed	264.789062	0	0
#SusPed	264.795573	69	0
#SusPed	265.019531	0	0
#SusPed	265.029948	58	0
#SusPed	265.359375	0	0
#SusPed	265.364583	67	0
#SusPed	265.489583	0	0
#SusPed	265.494792	77	0
#SusPed	265.750000	0	0
#SusPed	265.756510	82	0
#SusPed	266.199219	0	0
#SusPed	266.210938	68	0
#SusPed	266.509115	0	0
#SusPed	266.520833	64	0
#SusPed	266.688802	0	0
#SusPed	266.695312	67	0
#SusPed	266.799479	0	0
#SusPed	266.805990	77	0
#SofPed	266.809896	66	0
#SusPed	267.709635	0	0
#SusPed	267.720052	67	0
#SusPed	267.869792	0	0
#SusPed	267.882812	74	0
#SofPed	268.489583	0	0
#SusPed	270.468750	0	0
#SusPed	270.480469	61	0
#SusPed	270.789062	0	0
#SusPed	270.803385	68	0
#SusPed	273.059896	0	0
#SusPed	273.066406	70	0
#SusPed	273.158854	0	0
#SusPed	273.174479	78	0
#SusPed	273.389323	0	0
#SusPed	273.397135	66	0
#SusPed	273.899740	0	0
#SusPed	273.904948	63	0
#SusPed	274.049479	0	0
#SusPed	274.063802	58	0
#SusPed	274.309896	0	0
#SusPed	274.321615	53	0
#SusPed	274.359375	0	0
#SusPed	274.367188	54	0
#SusPed	274.399740	0	0
#SusPed	274.407552	53	0
#SusPed	274.559896	0	0
#SusPed	274.574219	57	0
#SusPed	274.649740	0	0
#SusPed	274.660156	60	0
#SusPed	274.848958	0	0
#SusPed	274.856771	52	0
#SusPed	275.158854	0	0
#SusPed	275.171875	63	0
#SusPed	275.569010	0	0
#SusPed	275.584635	74	0
#SusPed	276.119792	0	0
#SusPed	276.126302	57	0
#SusPed	276.769531	0	0
#SusPed	276.776042	52	0
#SusPed	279.468750	0	0
#SusPed	279.484375	50	0
#SusPed	279.899740	0	0
#SusPed	279.907552	71	0
#SusPed	280.079427	0	0
#SusPed	280.093750	82	0
#SusPed	280.158854	0	0
#SusPed	280.164062	86	0
#SusPed	280.309896	0	0
#SusPed	280.315104	84	0
#SusPed	280.389323	0	0
#SusPed	280.398438	82	0
#SusPed	281.419271	0	0
#SusPed	281.433594	64	0
#SusPed	281.848958	0	0
#SusPed	281.863281	77	0
#SusPed	283.069010	0	0
#SusPed	283.082031	73	0
#SusPed	283.359375	0	0
#SusPed	283.372396	86	0
#SusPed	286.199219	0	0
#SusPed	286.212240	68	0
#SusPed	286.579427	0	0
#SusPed	286.593750	69	0
#SusPed	287.000000	0	0
#SusPed	287.003906	64	0
#SusPed	289.459635	0	0
#SusPed	289.473958	64	0
#SusPed	289.679688	0	0
#SusPed	289.687500	60	0
#SusPed	289.839844	0	0
#SusPed	289.846354	56	0
#SusPed	290.069010	0	0
#SusPed	290.075521	63	0
#SusPed	290.289062	0	0
#SusPed	290.300781	78	0
#SusPed	291.509115	0	0
#SusPed	291.516927	65	0
#SusPed	291.829427	0	0
#SusPed	291.843750	62	0
#SusPed	293.009115	0	0
#SusPed	293.014323	59	0
#SusPed	293.399740	0	0
#SusPed	293.406250	61	0
#SusPed	296.049479	0	0
#SusPed	296.063802	66	0
#SusPed	296.309896	0	0
#SusPed	296.317708	81	0
#SofPed	297.915365	94	0
#SofPed	299.389323	0	0
#SofPed	299.402344	93	0
#SofPed	299.459635	0	0
#SofPed	299.464844	96	0
#SofPed	300.069010	0	0
#SusPed	302.319010	0	0
#SofPed	302.712240	57	0
#SusPed	302.954427	67	0
#SusPed	303.179688	0	0
#SusPed	303.190104	95	0
#SusPed	304.109375	0	0
#SusPed	304.114583	71	0
#SusPed	305.598958	0	0
#SusPed	305.610677	86	0
#SofPed	307.539062	0	0
#SofPed	307.549479	102	0
#SofPed	307.628906	0	0
#SofPed	307.643229	99	0
#SofPed	307.799479	0	0
#SofPed	307.804688	95	0
#SofPed	307.908854	0	0
#SofPed	307.915365	98	0
#SusPed	307.959635	0	0
#SusPed	307.964844	96	0
#SusPed	308.449219	0	0
#SusPed	308.454427	84	0
#SusPed	308.809896	0	0
#SusPed	308.824219	79	0
#SofPed	308.859375	0	0
#SofPed	308.872396	84	0
#SofPed	309.009115	0	0
#SofPed	309.020833	91	0
#SusPed	309.688802	0	0
#SusPed	309.703125	83	0
#SusPed	310.079427	0	0
#SusPed	310.088542	79	0
#SusPed	310.269531	0	0
#SofPed	310.269531	0	0
#SusPed	310.274740	76	0
#SofPed	310.283854	103	0
#SusPed	310.829427	0	0
#SusPed	310.835938	77	0
#SofPed	311.000000	0	0
#SofPed	311.014323	91	0
#SofPed	311.199219	0	0
#SofPed	311.204427	91	0
#SofPed	311.259115	0	0
#SofPed	311.265625	88	0
#SofPed	311.449219	0	0
#SofPed	311.463542	78	0
#SofPed	311.839844	0	0
#SofPed	311.854167	72	0
#SofPed	312.289062	0	0
#SofPed	312.295573	69	0
#SofPed	312.598958	0	0
#SofPed	312.606771	44	0
#SofPed	312.688802	0	0
#SusPed	313.589844	0	0
#SusPed	313.598958	66	0
#SusPed	313.750000	0	0
#SusPed	313.757812	85	0
#SusPed	314.609375	0	0
#SusPed	314.619792	95	0
#SusPed	314.848958	0	0
#SusPed	314.863281	79	0
#SusPed	319.039062	0	0
#SusPed	319.052083	78	0
#SusPed	319.199219	0	0
#SusPed	319.207031	99	0
#SusPed	320.468750	0	0
#SusPed	320.479167	59	0
#SofPed	322.100260	73	0
#SusPed	322.179688	0	0
#SusPed	322.190104	75	0
#SofPed	322.209635	0	0
#SofPed	322.217448	57	0
#SusPed	322.489583	0	0
#SusPed	322.500000	99	0
#SofPed	322.519531	0	0
#SofPed	322.529948	80	0
#SusPed	326.869792	0	0
#SusPed	326.882812	76	0
#SusPed	327.039062	0	0
#SusPed	327.045573	89	0
#SofPed	327.089844	0	0
#SofPed	327.102865	59	0
#SofPed	330.250000	0	0
#SusPed	331.289062	0	0
#SusPed	331.300781	74	0
#SusPed	331.449219	0	0
#SusPed	331.455729	86	0
#SusPed	337.459635	0	0
#SusPed	338.342448	86	0
#SusPed	338.649740	0	0
#SusPed	338.664062	70	0
#SusPed	339.459635	0	0
#SusPed	339.472656	59	0
#SofPed	339.584635	83	0
#SofPed	339.669271	0	0
#SofPed	339.674479	64	0
#SofPed	339.759115	0	0
#SofPed	339.769531	50	0
#SusPed	340.098958	0	0
#SusPed	340.105469	51	0
#SofPed	340.339844	0	0
#SofPed	340.352865	55	0
#SusPed	340.359375	0	0
#SusPed	340.365885	52	0
#SusPed	340.598958	0	0
#SusPed	340.608073	71	0
#SofPed	340.669271	0	0
#SofPed	340.682292	84	0
#SofPed	341.250000	0	0
#SofPed	341.260417	78	0
#SofPed	343.279948	0	0
#SofPed	343.286458	40	0
#SofPed	343.399740	0	0
#SofPed	343.408854	45	0
#SofPed	343.609375	0	0
#SofPed	343.622396	54	0
#SusPed	343.729167	0	0
#SusPed	343.734375	65	0
#SusPed	344.059896	0	0
#SusPed	344.066406	80	0
#SusPed	345.369792	0	0
#SusPed	345.375000	65	0
#SusPed	345.649740	0	0
#SusPed	345.660156	73	0
#SusPed	348.559896	0	0
#SusPed	348.569010	66	0
#SusPed	348.739583	0	0
#SusPed	348.746094	71	0
#SusPed	349.169271	0	0
#SusPed	349.179688	103	0
#SusPed	349.279948	0	0
#SusPed	349.285156	90	0
#SusPed	349.559896	0	0
#SusPed	349.565104	106	0
#SofPed	349.619792	0	0
#SofPed	349.710938	76	0
#SofPed	349.919271	0	0
#SofPed	349.929688	82	0
#SusPed	350.019531	0	0
#SusPed	350.031250	74	0
#SusPed	350.259115	0	0
#SofPed	350.269531	0	0
#SusPed	350.272135	93	0
#SofPed	350.279948	75	0
#SusPed	351.009115	0	0
#SusPed	351.020833	97	0
#SusPed	354.819010	0	0
#SusPed	354.825521	65	0
#SusPed	355.098958	0	0
#SusPed	355.105469	80	0
#SofPed	355.929688	0	0
#SofPed	355.938802	57	0
#SofPed	356.079427	0	0
#SofPed	356.088542	75	0
#SusPed	356.279948	0	0
#SusPed	356.294271	68	0
#SusPed	356.619792	0	0
#SusPed	356.625000	81	0
#SofPed	356.688802	0	0
#SofPed	356.701823	89	0
#SusPed	358.039062	0	0
#SusPed	358.049479	50	0
#SofPed	358.399740	0	0
#SofPed	358.412760	56	0
#SofPed	358.649740	0	0
#SofPed	358.661458	37	0
#SusPed	358.669271	0	0
#SusPed	358.675781	42	0
#SusPed	358.809896	0	0
#SusPed	358.819010	42	0
#SofPed	358.839844	0	0
#SofPed	358.848958	32	0
#SusPed	359.029948	0	0
#SusPed	359.042969	44	0
#SusPed	359.229167	0	0
#SofPed	359.229167	0	0
#SusPed	359.234375	46	0
#SofPed	359.242188	44	0
#SusPed	359.559896	0	0
#SofPed	359.559896	0	0
#SofPed	359.569010	61	0
#SusPed	359.570312	75	0
#SusPed	361.069010	0	0
#SusPed	361.080729	73	0
#SusPed	361.348958	0	0
#SusPed	361.364583	76	0
#SofPed	362.079427	0	0
#SofPed	362.087240	84	0
#SofPed	362.250000	0	0
#SofPed	362.259115	93	0
#SusPed	362.468750	0	0
#SusPed	362.481771	91	0
#SofPed	362.489583	0	0
#SofPed	362.501302	94	0
#SusPed	362.549479	0	0
#SusPed	362.561198	71	0
#SusPed	362.799479	0	0
#SusPed	362.813802	74	0
#SofPed	362.829427	0	0
#SofPed	362.842448	100	0
#SofPed	363.299479	0	0
#SofPed	363.305990	96	0
#SofPed	363.750000	0	0
#SofPed	363.764323	94	0
#SofPed	363.968750	0	0
#SofPed	363.983073	100	0
#SusPed	364.128906	0	0
#SusPed	364.134115	69	0
#SusPed	364.399740	0	0
#SusPed	364.408854	83	0
#SofPed	364.419271	0	0
#SofPed	364.429688	102	0
#SofPed	364.819010	0	0
#SofPed	364.833333	92	0
#SusPed	366.019531	0	0
#SofPed	366.029948	0	0
#SusPed	366.031250	62	0
#SofPed	366.044271	67	0
#SofPed	367.019531	0	0
#SofPed	367.031250	58	0
#SofPed	367.059896	0	0
#SofPed	367.072917	58	0
#SofPed	367.109375	0	0
#SofPed	367.119792	58	0
#SofPed	367.218750	0	0
#SofPed	367.234375	58	0
#SusPed	367.299479	0	0
#SofPed	367.299479	0	0
#SofPed	367.305990	51	0
#SusPed	367.309896	69	0
#SofPed	367.419271	0	0
#SofPed	367.433594	51	0
#SofPed	367.639323	0	0
#SofPed	367.653646	48	0
#SofPed	367.829427	0	0
#SofPed	367.834635	42	0
#SofPed	367.908854	0	0
#SofPed	367.921875	38	0
#SofPed	368.059896	0	0
#SofPed	368.065104	36	0
#SofPed	368.209635	0	0
#SofPed	368.220052	42	0
#SusPed	368.569010	0	0
#SusPed	368.583333	100	0
#SofPed	368.619792	0	0
#SofPed	368.626302	39	0
#SofPed	368.669271	0	0
#SofPed	368.683594	40	0
#SusPed	368.718750	0	0
#SusPed	368.733073	84	0
#SofPed	368.750000	0	0
#SofPed	368.760417	35	0
#SusPed	368.829427	0	0
#SusPed	368.843750	78	0
#SusPed	369.079427	0	0
#SusPed	369.092448	86	0
#SofPed	369.128906	0	0
#SofPed	369.140625	32	0
#SofPed	369.218750	0	0
#SofPed	369.234375	35	0
#SofPed	369.299479	0	0
#SofPed	369.309896	40	0
#SofPed	369.919271	0	0
#SusPed	371.718750	0	0
#SusPed	371.731771	93	0
#SusPed	372.089844	0	0
#SusPed	372.100260	82	0
#SusPed	372.459635	0	0
#SusPed	372.464844	103	0
#SofPed	372.726562	78	0
#SofPed	372.769531	0	0
#SofPed	372.776042	83	0
#SusPed	373.619792	0	0
#SusPed	373.625000	67	0
#SusPed	374.889323	0	0
#SusPed	374.903646	65	0
#SusPed	376.359375	0	0
#SusPed	376.373698	64	0
#SusPed	376.569010	0	0
#SusPed	376.583333	56	0
#SusPed	376.669271	0	0
#SusPed	376.683594	58	0
#SusPed	377.669271	0	0
#SusPed	377.674479	73	0
#SofPed	378.779948	0	0
#SusPed	379.819010	0	0
#SusPed	379.833333	80	0
#SusPed	380.419271	0	0
#SusPed	380.428385	77	0
#SusPed	380.979167	0	0
#SusPed	380.985677	83	0
#SusPed	381.378906	0	0
#SusPed	381.385417	60	0
#SusPed	381.579427	0	0
#SusPed	381.585938	68	0
#SusPed	383.429688	0	0
#SusPed	383.444010	66	0
#SusPed	383.658854	0	0
#SusPed	383.664062	69	0
#SusPed	384.649740	0	0
#SusPed	384.660156	96	0
#SusPed	384.929688	0	0
#SusPed	384.936198	84	0
#SofPed	387.356771	78	0
#SusPed	389.309896	0	0
#SusPed	389.322917	93	0
#SusPed	389.549479	0	0
#SusPed	389.561198	75	0
#SusPed	389.729167	0	0
#SusPed	389.743490	83	0
#SofPed	390.019531	0	0
#SofPed	390.027344	77	0
#SofPed	390.119792	0	0
#SofPed	390.132812	81	0
#SofPed	390.218750	0	0
#SofPed	390.226562	77	0
#SofPed	390.359375	0	0
#SofPed	390.367188	70	0
#SofPed	390.799479	0	0
#SofPed	390.808594	54	0
#SusPed	390.819010	0	0
#SusPed	390.830729	94	0
#SofPed	390.919271	0	0
#SofPed	390.933594	51	0
#SusPed	390.968750	0	0
#SusPed	390.984375	96	0
#SofPed	391.229167	0	0
#SofPed	391.235677	40	0
#SofPed	391.250000	0	0
#SusPed	391.299479	0	0
#SusPed	391.305990	86	0
#SofPed	391.402344	37	0
#SofPed	391.408854	0	0
#SofPed	391.513021	29	0
#SofPed	391.519531	0	0
#SusPed	392.359375	0	0
#SusPed	392.372396	93	0
#SofPed	392.709635	40	0
#SofPed	393.419271	0	0
#SofPed	393.432292	60	0
#SofPed	393.619792	0	0
#SofPed	393.631510	51	0
#SofPed	393.688802	0	0
#SofPed	393.701823	49	0
#SofPed	393.809896	0	0
#SofPed	393.822917	48	0
#SofPed	393.878906	0	0
#SusPed	393.889323	0	0
#SofPed	393.890625	47	0
#SusPed	393.902344	81	0
#SofPed	394.039062	0	0
#SofPed	394.045573	38	0
#SusPed	395.509115	0	0
#SusPed	395.516927	91	0
#SusPed	395.819010	0	0
#SusPed	395.834635	81	0
#SusPed	395.968750	0	0
#SusPed	395.983073	98	0
#SofPed	396.019531	0	0
#SofPed	396.031250	40	0
#SofPed	396.119792	0	0
#SofPed	396.126302	50	0
#SofPed	396.348958	0	0
#SofPed	396.358073	54	0
#SusPed	396.579427	0	0
#SofPed	396.589844	0	0
#SusPed	396.592448	75	0
#SofPed	396.598958	47	0
#SusPed	396.729167	0	0
#SusPed	396.734375	85	0
#SofPed	396.750000	0	0
#SofPed	396.755208	50	0
#SofPed	396.908854	0	0
#SofPed	396.923177	70	0
#SofPed	396.989583	0	0
#SofPed	397.003906	64	0
#SofPed	397.218750	0	0
#SofPed	397.225260	54	0
#SusPed	397.279948	0	0
#SusPed	397.287760	63	0
#SofPed	397.329427	0	0
#SofPed	397.337240	56	0
#SusPed	397.529948	0	0
#SofPed	397.529948	0	0
#SofPed	397.535156	43	0
#SusPed	397.544271	76	0
#SusPed	398.619792	0	0
#SusPed	398.627604	94	0
#SusPed	398.848958	0	0
#SusPed	398.859375	92	0
#SusPed	400.039062	0	0
#SusPed	400.044271	75	0
#SofPed	400.619792	0	0
#SusPed	406.049479	0	0
#SusPed	407.023438	73	0
#SusPed	407.169271	0	0
#SusPed	407.178385	80	0
#SusPed	407.519531	0	0
#SusPed	407.526042	94	0
#SusPed	407.589844	0	0
#SusPed	407.598958	93	0
#SusPed	407.679688	0	0
#SusPed	407.686198	94	0
#SusPed	407.799479	0	0
#SusPed	407.809896	94	0
#SusPed	407.929688	0	0
#SusPed	407.936198	64	0
#SusPed	408.149740	0	0
#SusPed	408.156250	102	0
#SofPed	408.294271	107	0
#SusPed	408.829427	0	0
#SusPed	408.839844	98	0
#SusPed	408.919271	0	0
#SusPed	408.927083	92	0
#SusPed	409.119792	0	0
#SusPed	409.132812	97	0
#SusPed	409.250000	0	0
#SusPed	409.257812	93	0
#SofPed	409.279948	0	0
#SofPed	409.292969	95	0
#SofPed	409.519531	0	0
#SofPed	409.532552	77	0
#SofPed	410.029948	0	0
#SofPed	410.035156	48	0
#SofPed	410.250000	0	0
#SusPed	412.199219	0	0
#SusPed	412.213542	78	0
#SusPed	412.348958	0	0
#SusPed	412.360677	79	0
#SusPed	414.019531	0	0
#SusPed	414.028646	58	0
#SusPed	414.188802	0	0
#SusPed	414.197917	85	0
#SusPed	414.908854	0	0
#SusPed	414.923177	75	0
#SofPed	414.973958	74	0
#SusPed	415.289062	0	0
#SusPed	415.299479	103	0
#SusPed	415.408854	0	0
#SusPed	415.417969	106	0
#SusPed	415.759115	0	0
#SusPed	415.769531	85	0
#SusPed	416.259115	0	0
#SusPed	416.273438	82	0
#SusPed	417.529948	0	0
#SusPed	417.535156	77	0
#SusPed	418.169271	0	0
#SusPed	418.183594	62	0
#SusPed	418.609375	0	0
#SusPed	418.623698	74	0
#SusPed	419.169271	0	0
#SusPed	419.177083	88	0
#SusPed	419.799479	0	0
#SusPed	420.707031	39	0
#SofPed	420.968750	0	0
#SusPed	420.989583	0	0
#SusPed	421.002604	65	0
#SofPed	421.100260	81	0
#SofPed	421.158854	0	0
#SofPed	421.174479	86	0
#SusPed	422.329427	0	0
#SusPed	422.341146	81	0
#SofPed	422.500000	0	0
#SusPed	422.819010	0	0
#SusPed	422.825521	64	0
#SusPed	423.959635	0	0
#SusPed	423.971354	90	0
#SusPed	424.158854	0	0
#SusPed	424.165365	64	0
#SusPed	424.438802	0	0
#SusPed	424.445312	44	0
#SusPed	424.938802	0	0
#SusPed	424.945312	45	0
#SusPed	425.408854	0	0
#SusPed	425.424479	41	0
#SusPed	425.649740	0	0
#SusPed	425.654948	65	0
#SusPed	427.239583	0	0
#SusPed	427.248698	78	0
#SusPed	427.348958	0	0
#SusPed	427.703125	77	0
#SusPed	429.179688	0	0
#SusPed	429.184896	68	0
#SusPed	429.359375	0	0
#SusPed	429.373698	59	0
#SusPed	430.399740	0	0
#SusPed	430.407552	84	0
#SusPed	430.759115	0	0
#SusPed	430.772135	68	0
#SusPed	431.649740	0	0
#SusPed	431.654948	61	0
#SusPed	432.408854	0	0
#SusPed	432.421875	65	0
#SusPed	432.679688	0	0
#SusPed	432.686198	66	0
#SusPed	432.889323	0	0
#SusPed	432.894531	66	0
#SusPed	433.149740	0	0
#SusPed	433.154948	71	0
#SusPed	433.429688	0	0
#SusPed	433.442708	81	0
#SusPed	434.929688	0	0
#SusPed	434.944010	65	0
#SusPed	435.209635	0	0
#SusPed	435.222656	59	0
#SusPed	435.519531	0	0
#SusPed	435.531250	80	0
#SusPed	435.859375	0	0
#SusPed	435.865885	103	0
#SusPed	436.218750	0	0
#SusPed	436.231771	69	0
#SusPed	436.449219	0	0
#SusPed	436.463542	78	0
#SusPed	436.938802	0	0
#SusPed	436.954427	81	0
#SusPed	437.348958	0	0
#SusPed	437.360677	76	0
#SofPed	437.445312	95	0
#SofPed	437.519531	0	0
#SofPed	437.528646	101	0
#SusPed	437.609375	0	0
#SusPed	437.623698	76	0
#SusPed	437.658854	0	0
#SusPed	437.666667	68	0
#SofPed	437.829427	0	0
#SofPed	437.835938	97	0
#SusPed	437.869792	0	0
#SusPed	437.882812	48	0
#SofPed	438.019531	0	0
#SofPed	438.027344	105	0
#SofPed	439.449219	0	0
#SofPed	439.462240	75	0
#SofPed	439.579427	0	0
#SofPed	439.585938	80	0
#SofPed	440.819010	0	0
#SusPed	442.089844	0	0
#SusPed	442.098958	67	0
#SusPed	442.809896	0	0
#SusPed	442.815104	59	0
#SusPed	443.089844	0	0
#SusPed	443.102865	70	0
#SusPed	444.319010	0	0
#SusPed	444.330729	82	0
#SusPed	444.408854	0	0
#SusPed	444.423177	82	0
#SusPed	444.579427	0	0
#SusPed	444.591146	69	0
#SusPed	444.789062	0	0
#SusPed	444.803385	74	0
#SusPed	444.878906	0	0
#SusPed	444.889323	68	0
#SusPed	445.069010	0	0
#SusPed	445.075521	83	0
#SusPed	445.199219	0	0
#SusPed	445.209635	81	0
#SusPed	445.289062	0	0
#SusPed	445.296875	78	0
#SusPed	445.339844	0	0
#SusPed	445.351562	82	0
#SusPed	445.509115	0	0
#SusPed	445.523438	85	0
#SofPed	445.608073	67	0
#SusPed	445.709635	0	0
#SusPed	445.721354	76	0
#SofPed	445.848958	0	0
#SofPed	445.863281	76	0
#SofPed	446.019531	0	0
#SofPed	446.032552	84	0
#SusPed	446.239583	0	0
#SusPed	446.253906	75	0
#SofPed	446.259115	0	0
#SofPed	446.268229	91	0
#SusPed	446.319010	0	0
#SusPed	446.329427	66	0
#SofPed	446.339844	0	0
#SofPed	446.351562	94	0
#SofPed	446.569010	0	0
#SofPed	446.576823	89	0
#SusPed	446.579427	0	0
#SusPed	446.585938	67	0
#SusPed	446.848958	0	0
#SofPed	446.848958	0	0
#SusPed	446.861979	70	0
#SofPed	446.863281	66	0
#SusPed	447.049479	0	0
#SusPed	447.062500	90	0
#SusPed	447.289062	0	0
#SusPed	447.303385	78	0
#SusPed	447.819010	0	0
#SusPed	447.824219	72	0
#SusPed	448.709635	0	0
#SusPed	448.716146	93	0
#SofPed	450.250000	0	0
#SofPed	450.255208	40	0
#SofPed	450.329427	0	0
#SofPed	450.341146	48	0
#SofPed	450.438802	0	0
#SofPed	450.453125	48	0
#SusPed	450.549479	0	0
#SusPed	450.557292	71	0
#SofPed	450.628906	0	0
#SofPed	450.640625	43	0
#SusPed	450.968750	0	0
#SusPed	450.973958	90	0
#SofPed	451.049479	0	0
#SofPed	451.055990	35	0
#SusPed	451.959635	0	0
#SofPed	451.959635	0	0
#SusPed	451.964844	104	0
#SusPed	452.250000	0	0
#SusPed	452.257812	74	0
#SusPed	452.709635	0	0
#SusPed	452.723958	78	0
#SusPed	453.109375	0	0
#SusPed	453.123698	72	0
#SusPed	453.479167	0	0
#SusPed	453.486979	58	0
#SusPed	453.839844	0	0
#SusPed	453.848958	72	0
#SusPed	453.989583	0	0
#SusPed	454.486979	70	0
#SofPed	454.919271	72	0
#SofPed	455.359375	0	0
#SofPed	455.373698	63	0
#SusPed	455.619792	0	0
#SusPed	455.625000	74	0
#SofPed	455.759115	0	0
#SofPed	455.773438	36	0
#SusPed	455.878906	0	0
#SusPed	455.886719	61	0
#SusPed	456.369792	0	0
#SusPed	456.384115	68	0
#SusPed	456.598958	0	0
#SusPed	456.614583	86	0
#SusPed	457.408854	0	0
#SusPed	457.419271	65	0
#SusPed	457.628906	0	0
#SusPed	457.635417	66	0
#SusPed	458.348958	0	0
#SusPed	458.359375	92	0
#SusPed	459.049479	0	0
#SusPed	459.055990	87	0
#SusPed	459.158854	0	0
#SusPed	459.165365	67	0
#SusPed	459.329427	0	0
#SusPed	459.342448	65	0
#SusPed	460.149740	0	0
#SusPed	460.160156	57	0
#SusPed	460.399740	0	0
#SusPed	460.411458	65	0
#SusPed	461.089844	0	0
#SusPed	461.102865	87	0
#SofPed	461.489583	0	0
#SofPed	461.501302	76	0
#SofPed	461.869792	0	0
#SofPed	461.875000	56	0
#SofPed	462.329427	0	0
#SofPed	462.337240	57	0
#SofPed	462.989583	0	0
#SofPed	462.996094	49	0
#SofPed	463.598958	0	0
#SofPed	463.611979	52	0
#SofPed	463.979167	0	0
#SofPed	463.986979	59	0
#SofPed	464.979167	0	0
#SofPed	464.993490	37	0
#SofPed	465.169271	0	0
#SofPed	465.183594	39	0
#SusPed	466.269531	0	0
#SusPed	466.282552	76	0
#SusPed	466.509115	0	0
#SusPed	466.514323	83	0
#SofPed	466.639323	0	0
#SofPed	466.653646	37	0
#SofPed	466.979167	0	0
#SofPed	466.992188	47	0
#SofPed	467.019531	0	0
#SofPed	467.032552	45	0
#SofPed	468.399740	0	0
#SofPed	468.404948	30	0
#SofPed	468.649740	0	0
#SofPed	468.664062	44	0
#SofPed	468.869792	0	0
#SofPed	468.875000	64	0
#SusPed	469.949219	0	0
#SusPed	469.964844	73	0
#SusPed	470.119792	0	0
#SusPed	470.127604	82	0
#SofPed	470.968750	0	0
#SofPed	470.976562	88	0
#SusPed	471.619792	0	0
#SusPed	471.625000	70	0
#SusPed	471.908854	0	0
#SusPed	471.914062	81	0
#SofPed	471.938802	0	0
#SofPed	471.953125	88	0
#SofPed	472.009115	0	0
#SofPed	472.019531	88	0
#SofPed	472.688802	0	0
#SofPed	472.695312	104	0
#SofPed	473.089844	0	0
#SofPed	473.104167	73	0
#SofPed	475.158854	0	0
#SofPed	475.167969	58	0
#SofPed	475.378906	0	0
#SofPed	475.389323	62	0
#SofPed	475.649740	0	0
#SofPed	475.658854	62	0
#SofPed	475.688802	0	0
#SofPed	475.703125	63	0
#SofPed	475.779948	0	0
#SofPed	475.794271	61	0
#SofPed	475.848958	0	0
#SofPed	475.861979	59	0
#SofPed	475.989583	0	0
#SofPed	475.997396	60	0
#SofPed	476.049479	0	0
#SofPed	476.061198	56	0
#SofPed	476.279948	0	0
#SofPed	476.286458	59	0
#SusPed	476.649740	0	0
#SusPed	476.662760	102	0
#SusPed	476.938802	0	0
#SusPed	476.951823	76	0
#SofPed	476.979167	0	0
#SusPed	477.089844	0	0
#SusPed	477.095052	79	0
#SofPed	477.506510	67	0
#SofPed	477.739583	0	0
#SofPed	477.747396	66	0
#SusPed	478.589844	0	0
#SusPed	478.596354	77	0
#SofPed	480.609375	0	0
#SofPed	480.615885	77	0
#SofPed	480.769531	0	0
#SofPed	480.783854	90	0
#SofPed	480.889323	0	0
#SofPed	480.899740	90	0
#SofPed	480.938802	0	0
#SofPed	480.946615	86	0
#SofPed	481.029948	0	0
#SofPed	481.042969	78	0
#SusPed	481.188802	0	0
#SusPed	481.197917	69	0
#SusPed	481.718750	0	0
#SusPed	481.731771	67	0
#SusPed	482.229167	0	0
#SusPed	482.240885	62	0
#SusPed	482.609375	0	0
#SusPed	482.614583	72	0
#SofPed	482.779948	0	0
#SofPed	482.786458	94	0
#SofPed	483.239583	0	0
#SofPed	483.246094	91	0
#SusPed	483.869792	0	0
#SusPed	483.875000	75	0
#SusPed	483.908854	0	0
#SusPed	483.915365	68	0
#SofPed	484.109375	0	0
#SofPed	484.122396	80	0
#SofPed	484.468750	0	0
#SofPed	484.475260	85	0
#SusPed	484.519531	0	0
#SusPed	484.524740	78	0
#SusPed	484.819010	0	0
#SusPed	484.826823	69	0
#SofPed	484.869792	0	0
#SofPed	484.882812	89	0
#SofPed	485.639323	0	0
#SofPed	485.652344	89	0
#SusPed	486.329427	0	0
#SusPed	486.337240	83	0
#SofPed	486.378906	0	0
#SofPed	486.394531	59	0
#SofPed	486.729167	0	0
#SofPed	486.742188	72	0
#SusPed	486.829427	0	0
#SusPed	486.843750	72	0
#SofPed	486.968750	0	0
#SofPed	486.973958	71	0
#SusPed	486.979167	0	0
#SusPed	487.264323	79	0
#SofPed	487.279948	0	0
#SofPed	487.287760	62	0
#SofPed	487.429688	0	0
#SofPed	487.434896	59	0
#SofPed	488.089844	0	0
#SofPed	488.101562	38	0
#SofPed	488.169271	0	0
#SofPed	488.180990	41	0
#SofPed	488.569010	0	0
#SofPed	488.575521	28	0
#SofPed	488.628906	0	0
#SofPed	488.643229	24	0
#SusPed	488.718750	0	0
#SusPed	488.734375	72	0
#SofPed	488.959635	0	0
#SofPed	488.972656	23	0
#SofPed	489.500000	0	0
#SofPed	489.505208	57	0
#SusPed	489.569010	0	0
#SusPed	489.580729	82	0
#SusPed	489.839844	0	0
#SusPed	489.851562	79	0
#SofPed	489.859375	0	0
#SofPed	489.867188	42	0
#SofPed	491.169271	0	0
#SofPed	491.183594	40	0
#SusPed	491.289062	0	0
#SusPed	491.295573	73	0
#SusPed	491.709635	0	0
#SusPed	491.720052	61	0
#SofPed	497.179688	0	0
#SusPed	497.718750	0	0
#SusPed	497.820312	69	0
#SusPed	502.688802	0	0
#SusPed	502.699219	73	0
#SusPed	503.269531	0	0
#SusPed	503.276042	65	0
#SusPed	503.819010	0	0
#SusPed	503.825521	66	0
#SusPed	503.949219	0	0
#SusPed	503.959635	69	0
#SusPed	504.259115	0	0
#SusPed	504.273438	77	0
#SusPed	509.989583	0	0
