//Version: PianoRoll_v170101
0	0.703125	6.699219	Bb1	25	80	0
1	0.903646	6.899740	F2	28	80	0
2	1.059896	7.059896	Bb2	34	80	0
3	1.169271	7.169271	D3	32	80	0
4	1.342448	7.339844	F3	32	80	0
5	1.717448	7.269531	Bb3	37	80	0
6	6.393229	8.000000	D5	42	80	0
7	7.825521	8.039062	Eb5	35	80	0
8	8.032552	8.619792	F5	45	80	0
9	9.604167	10.628906	Bb3	33	80	0
10	9.617188	10.299479	F3	26	80	0
11	9.635417	10.229167	Bb2	25	80	0
12	9.635417	10.299479	D3	24	80	0
13	9.636719	9.649740	Bb1	25	80	0
14	9.641927	10.209635	F2	23	80	0
15	11.397135	13.429688	A3	32	80	0
16	11.415365	12.500000	F3	27	80	0
17	11.416667	17.419271	F2	26	80	0
18	11.424479	15.019531	C3	26	80	0
19	11.424479	17.429688	C2	28	80	0
20	11.427083	14.929688	Eb3	29	80	0
21	16.131510	17.289062	A5	47	80	0
22	17.609375	17.822917	Bb5	47	80	0
23	17.808594	18.549479	C6	57	80	0
24	19.496094	22.500000	Eb4	45	80	0
25	19.531250	20.369792	C4	31	80	0
26	19.546875	20.718750	F3	25	80	0
27	19.557292	21.188802	A2	25	80	0
28	21.203125	23.679688	D4	39	80	0
29	21.230469	24.609375	Bb3	28	80	0
30	21.235677	25.628906	F3	24	80	0
31	21.242188	25.688802	Bb2	25	80	0
32	24.505208	24.729167	D4	24	80	0
33	24.673177	24.848958	F4	32	80	0
34	24.787760	24.843750	Eb4	42	80	0
35	24.885417	25.089844	D4	38	80	0
36	24.996094	25.169271	Eb4	50	80	0
37	25.125000	25.329427	F4	43	80	0
38	25.223958	25.359375	G4	47	80	0
39	25.325521	25.424479	A4	53	80	0
40	25.462240	25.555990	Bb4	55	80	0
41	25.576823	25.968750	C5	54	80	0
42	25.903646	27.449219	D5	54	80	0
43	27.263021	27.527344	Eb5	59	80	0
44	27.463542	28.929688	F5	67	80	0
45	29.085938	30.158854	F5	70	80	0
46	29.105469	30.188802	G#4	48	80	0
47	29.109375	30.229167	D3	35	80	0
48	29.110677	30.699219	B3	38	80	0
49	30.695312	32.679688	F5	54	80	0
50	30.708333	32.378906	B3	28	80	0
51	30.710938	33.069010	G4	36	80	0
52	30.722656	33.039062	Eb3	26	80	0
53	32.350260	33.009115	Eb5	42	80	0
54	32.365885	32.869792	C4	24	80	0
55	33.066406	33.779948	D5	54	80	0
56	33.098958	33.364583	Bb4	36	80	0
57	33.106771	33.345052	D4	30	80	0
58	33.113281	33.355469	F3	29	80	0
59	33.716146	34.149740	C5	56	80	0
60	33.753906	34.169271	Eb4	43	80	0
61	33.765625	34.139323	Bb4	43	80	0
62	33.774740	34.158854	G3	37	80	0
63	34.350260	35.069010	C5	70	80	0
64	34.385417	35.109375	Bb4	60	80	0
65	34.388021	34.839844	E4	52	80	0
66	34.395833	35.119792	G3	44	80	0
67	35.087240	35.152344	D5	64	80	0
68	35.102865	37.009115	E4	48	80	0
69	35.104167	35.669271	F3	48	80	0
70	35.115885	35.509115	Bb4	52	80	0
71	35.154948	35.233073	C5	62	80	0
72	35.257812	35.313802	D5	48	80	0
73	35.333333	35.449219	C5	51	80	0
74	35.458333	35.589844	C5	42	80	0
75	35.595052	35.653646	C5	54	80	0
76	35.680990	38.169271	F3	32	80	0
77	35.683594	35.789062	B4	52	80	0
78	35.757812	35.954427	C5	54	80	0
79	35.953125	36.579427	D5	45	80	0
80	36.447917	36.619792	C5	29	80	0
81	36.915365	37.878906	C5	25	80	0
82	36.966146	37.889323	A4	29	80	0
83	36.973958	37.848958	F4	22	80	0
84	39.057292	39.459635	F3	29	80	0
85	39.412760	39.809896	G3	35	80	0
86	39.416667	39.899740	Eb3	31	80	0
87	39.712240	40.209635	A3	41	80	0
88	39.723958	40.199219	C3	36	80	0
89	40.235677	44.269531	Bb3	40	80	0
90	40.246094	44.259115	Bb2	29	80	0
91	40.248698	41.098958	D3	28	80	0
92	40.259115	40.989583	F3	24	80	0
93	41.756510	41.829427	C3	24	80	0
94	41.757812	42.579427	Eb3	27	80	0
95	41.972656	43.069010	F3	33	80	0
96	42.003906	42.919271	D3	23	80	0
97	43.536458	44.408854	F3	29	80	0
98	43.542969	44.378906	D3	25	80	0
99	45.240885	45.709635	D5	43	80	0
100	45.243490	47.669271	F3	28	80	0
101	45.246094	47.779948	Bb2	29	80	0
102	45.250000	47.718750	D3	26	80	0
103	45.704427	45.829427	Eb5	37	80	0
104	45.791667	45.889323	D5	38	80	0
105	45.878906	45.959635	C5	40	80	0
106	45.990885	46.729167	D5	46	80	0
107	46.621094	46.882812	Eb5	52	80	0
108	46.835938	47.459635	F5	51	80	0
109	48.410156	50.009115	Bb3	42	80	0
110	48.424479	49.279948	F3	33	80	0
111	48.425781	49.309896	Bb2	36	80	0
112	48.428385	49.239583	D3	33	80	0
113	48.432292	48.968750	Bb1	33	80	0
114	50.110677	54.039062	A3	44	80	0
115	50.119792	54.089844	F1	32	80	0
116	50.125000	54.289062	F2	32	80	0
117	50.125000	53.878906	C3	36	80	0
118	50.131510	51.899740	Eb3	36	80	0
119	51.687500	52.309896	F3	28	80	0
120	51.694010	52.429688	D3	28	80	0
121	51.904948	52.889323	F#3	33	80	0
122	51.914062	53.059896	Eb3	31	80	0
123	53.484375	54.279948	F#3	37	80	0
124	53.488281	54.229167	Eb3	35	80	0
125	55.191406	55.729167	C6	58	80	0
126	55.213542	56.679688	Eb3	29	80	0
127	55.214844	56.989583	F#3	30	80	0
128	55.644531	55.714844	D6	53	80	0
129	55.743490	55.899740	C6	52	80	0
130	55.824219	55.959635	B5	51	80	0
131	55.914062	57.279948	C6	61	80	0
132	56.557292	57.089844	D6	72	80	0
133	56.755208	57.878906	Eb6	78	80	0
134	58.438802	60.149740	F#4	66	80	0
135	58.454427	59.348958	C4	45	80	0
136	58.454427	59.500000	Eb4	49	80	0
137	58.455729	59.569010	Bb3	47	80	0
138	60.075521	63.139323	F4	41	80	0
139	60.113281	61.519531	C4	30	80	0
140	60.114583	61.239583	A3	30	80	0
141	60.114583	61.209635	Eb4	34	80	0
142	61.503906	61.816406	D4	41	80	0
143	61.513021	61.843750	B3	36	80	0
144	61.716146	62.609375	Eb4	47	80	0
145	61.733073	62.729167	C4	39	80	0
146	63.305990	64.329427	Eb4	54	80	0
147	63.308594	64.309896	C4	47	80	0
148	65.003906	65.519531	C6	76	80	0
149	65.019531	67.098958	C4	45	80	0
150	65.020833	67.479167	Eb4	53	80	0
151	65.031250	67.399740	F3	42	80	0
152	65.513021	65.571615	D6	61	80	0
153	65.583333	65.643229	C6	62	80	0
154	65.665365	65.819010	B5	65	80	0
155	65.760417	66.539062	C6	79	80	0
156	66.359375	66.602865	D6	85	80	0
157	66.563802	67.378906	Eb6	82	80	0
158	66.593750	67.438802	A3	50	80	0
159	68.144531	69.889323	Eb5	78	80	0
160	68.153646	69.079427	Eb4	59	80	0
161	68.156250	69.098958	A4	65	80	0
162	68.156250	69.059896	C4	50	80	0
163	68.167969	69.188802	F#3	47	80	0
164	69.800781	70.699219	D5	56	80	0
165	69.812500	70.549479	D4	40	80	0
166	69.812500	70.649740	Bb4	47	80	0
167	69.822917	70.598958	Bb3	42	80	0
168	69.851562	70.669271	G3	31	80	0
169	71.621094	72.809896	G5	85	80	0
170	73.402344	74.019531	G4	61	80	0
171	73.403646	74.109375	C#5	66	80	0
172	73.403646	74.098958	Bb4	69	80	0
173	73.404948	73.500000	E2	41	80	0
174	73.406250	73.959635	C#4	50	80	0
175	73.410156	74.000000	E3	42	80	0
176	75.433594	77.500000	F5	47	80	0
177	77.143229	77.989583	D4	24	80	0
178	77.144531	77.789062	Bb3	24	80	0
179	77.144531	78.029948	F4	24	80	0
180	77.145833	78.718750	Bb4	31	80	0
181	77.152344	77.799479	F3	20	80	0
182	79.015625	79.769531	A4	34	80	0
183	79.032552	79.769531	C4	22	80	0
184	79.042969	79.819010	Eb4	26	80	0
185	79.044271	79.729167	F2	23	80	0
186	79.049479	79.688802	F3	23	80	0
187	80.975260	82.500000	Bb4	42	80	0
188	80.983073	83.968750	D4	28	80	0
189	80.985677	82.289062	Bb3	32	80	0
190	81.018229	81.718750	Bb2	21	80	0
191	82.566406	82.658854	Bb2	26	80	0
192	82.645833	82.688802	Bb1	22	80	0
193	82.785156	83.799479	Bb2	26	80	0
194	82.898438	83.938802	Bb1	27	80	0
195	84.343750	84.468750	Bb2	26	80	0
196	84.453125	84.489583	Bb1	18	80	0
197	84.559896	85.109375	Bb2	28	80	0
198	84.705729	85.279948	Bb1	25	80	0
199	86.130208	86.259115	Bb2	27	80	0
200	86.240885	86.519531	Bb1	23	80	0
201	86.377604	86.598958	Bb2	30	80	0
202	86.614583	88.539062	Eb4	43	80	0
203	86.640625	87.179688	Bb1	29	80	0
204	86.647135	87.158854	Bb2	29	80	0
205	86.647135	87.489583	Bb3	32	80	0
206	86.654948	87.839844	G3	30	80	0
207	88.286458	90.079427	D4	32	80	0
208	88.312500	89.250000	Bb3	29	80	0
209	88.316406	89.959635	F3	23	80	0
210	89.854167	90.959635	C#4	35	80	0
211	89.867188	90.878906	Bb3	35	80	0
212	89.872396	91.489583	E3	30	80	0
213	91.464844	93.309896	C#4	41	80	0
214	91.496094	95.968750	Bb3	30	80	0
215	91.501302	92.628906	E3	26	80	0
216	92.871094	93.089844	Bb2	28	80	0
217	93.097656	93.878906	Bb2	26	80	0
218	93.225260	95.809896	F3	23	80	0
219	93.231771	95.979167	D4	25	80	0
220	94.532552	94.658854	Bb2	27	80	0
221	94.756510	95.389323	Bb2	26	80	0
222	94.864583	95.438802	Bb1	27	80	0
223	96.082031	96.289062	Bb2	31	80	0
224	96.302083	97.959635	Bb2	32	80	0
225	96.544271	97.500000	C4	45	80	0
226	96.592448	97.559896	G3	33	80	0
227	96.595052	99.128906	Eb3	32	80	0
228	97.673177	97.959635	D4	36	80	0
229	97.794271	97.949219	C4	43	80	0
230	97.933594	98.209635	B3	36	80	0
231	98.128906	98.968750	C4	44	80	0
232	98.765625	99.500000	Eb4	44	80	0
233	99.414062	100.479167	C4	46	80	0
234	99.441406	100.609375	F#3	30	80	0
235	99.442708	100.569010	Eb3	28	80	0
236	100.106771	100.569010	A3	39	80	0
237	100.946615	101.729167	C4	36	80	0
238	100.963542	101.789062	A3	30	80	0
239	100.975260	101.709635	Eb3	26	80	0
240	100.983073	101.598958	F#3	24	80	0
241	102.378906	102.509115	Bb2	27	80	0
242	102.472656	102.829427	Bb1	15	80	0
243	102.626302	102.799479	Bb2	23	80	0
244	102.807292	105.229167	Bb3	28	80	0
245	102.808594	103.468750	Bb2	26	80	0
246	102.838542	104.319010	F3	19	80	0
247	102.839844	103.468750	D3	21	80	0
248	102.839844	103.468750	Bb1	22	80	0
249	104.173177	104.389323	Bb2	23	80	0
250	104.274740	104.459635	Bb1	20	80	0
251	104.402344	105.009115	Bb2	21	80	0
252	104.515625	105.128906	Bb1	25	80	0
253	105.798177	106.029948	Bb2	23	80	0
254	106.036458	107.019531	Bb2	23	80	0
255	106.269531	107.209635	Bb4	52	80	0
256	106.283854	106.619792	Bb1	31	80	0
257	106.285156	107.369792	D4	33	80	0
258	108.045573	109.799479	G4	57	80	0
259	108.074219	109.799479	Bb3	42	80	0
260	108.074219	109.000000	D4	38	80	0
261	109.716146	111.809896	F4	55	80	0
262	109.744792	111.559896	D4	33	80	0
263	109.747396	110.959635	A3	35	80	0
264	111.584635	113.348958	E4	41	80	0
265	111.615885	113.389323	C4	30	80	0
266	111.623698	113.029948	G3	30	80	0
267	112.783854	112.938802	C3	33	80	0
268	112.884115	112.942708	C2	37	80	0
269	112.994792	113.188802	C3	34	80	0
270	113.125000	113.359375	C2	40	80	0
271	113.816406	114.579427	E4	55	80	0
272	113.845052	114.389323	C4	34	80	0
273	113.845052	113.889323	C2	30	80	0
274	113.846354	114.149740	G3	33	80	0
275	114.304688	114.408854	C6	45	80	0
276	114.410156	114.509115	C5	34	80	0
277	114.490885	114.554688	C6	49	80	0
278	114.587240	115.389323	F4	39	80	0
279	114.587240	114.819010	C5	46	80	0
280	114.596354	115.049479	C4	40	80	0
281	114.602865	115.039062	A3	38	80	0
282	115.248698	115.809896	G4	50	80	0
283	115.264323	115.829427	C4	40	80	0
284	115.264323	115.682292	Bb3	42	80	0
285	116.049479	117.500000	G4	58	80	0
286	116.063802	116.878906	Bb3	49	80	0
287	116.065104	116.929688	C4	45	80	0
288	117.152344	117.500000	E4	50	80	0
289	117.182292	117.459635	C4	36	80	0
290	117.184896	117.279948	C2	31	80	0
291	117.192708	117.369792	G#3	33	80	0
292	117.285156	117.848958	C2	31	80	0
293	117.446615	117.789062	C3	31	80	0
294	117.533854	117.968750	F4	44	80	0
295	117.539062	117.959635	C4	44	80	0
296	117.546875	117.822917	A3	41	80	0
297	118.214844	118.699219	F4	64	80	0
298	118.242188	118.589844	C4	42	80	0
299	118.243490	118.468750	A3	39	80	0
300	118.644531	118.759115	C6	47	80	0
301	118.731771	118.989583	C5	45	80	0
302	118.817708	119.079427	C6	56	80	0
303	118.888021	119.609375	G4	62	80	0
304	118.923177	119.339844	C4	47	80	0
305	118.923177	119.519531	E4	48	80	0
306	119.555990	120.239583	A4	63	80	0
307	119.593750	120.169271	F4	38	80	0
308	119.595052	120.149740	C4	37	80	0
309	120.391927	121.929688	A4	65	80	0
310	120.420573	122.319010	C4	45	80	0
311	120.423177	121.609375	F4	41	80	0
312	121.529948	121.919271	F#4	54	80	0
313	121.554688	121.929688	Eb4	42	80	0
314	121.558594	121.628906	C2	36	80	0
315	121.559896	121.569010	C3	37	80	0
316	121.634115	121.809896	C2	28	80	0
317	121.782552	121.949219	C3	42	80	0
318	121.860677	122.359375	G4	61	80	0
319	121.886719	122.299479	E4	45	80	0
320	121.901042	122.158854	C2	44	80	0
321	122.537760	123.029948	G4	71	80	0
322	122.574219	123.079427	E4	49	80	0
323	122.575521	123.049479	C4	50	80	0
324	122.954427	123.059896	C6	52	80	0
325	123.058594	123.158854	C5	43	80	0
326	123.131510	123.299479	C6	64	80	0
327	123.213542	123.989583	A4	76	80	0
328	123.231771	123.658854	C4	48	80	0
329	123.231771	123.919271	F4	50	80	0
330	123.864583	124.479167	Bb4	74	80	0
331	123.868490	124.468750	C4	54	80	0
332	123.869792	124.519531	G4	60	80	0
333	124.695312	126.009115	Bb4	78	80	0
334	124.700521	126.009115	G4	71	80	0
335	124.700521	126.079427	C4	63	80	0
336	125.899740	126.329427	G#4	66	80	0
337	125.938802	126.169271	E4	51	80	0
338	125.942708	126.013021	C3	43	80	0
339	126.033854	126.259115	C2	42	80	0
340	126.143229	126.408854	C3	46	80	0
341	126.253906	126.759115	A4	70	80	0
342	126.265625	126.559896	C2	52	80	0
343	126.282552	126.779948	F4	52	80	0
344	126.937500	127.449219	A4	80	80	0
345	126.944010	127.289062	C4	68	80	0
346	126.946615	127.479167	F4	67	80	0
347	127.330729	127.489583	C6	59	80	0
348	127.433594	127.484375	C5	45	80	0
349	127.503906	127.718750	C6	59	80	0
350	127.644531	128.089844	B4	79	80	0
351	127.644531	127.889323	B5	74	80	0
352	127.649740	127.949219	D5	70	80	0
353	127.649740	128.139323	D4	72	80	0
354	127.651042	128.199219	G#4	68	80	0
355	127.652344	127.658854	F5	72	80	0
356	127.652344	128.229167	F4	66	80	0
357	127.653646	128.098958	G#5	68	80	0
358	127.660156	128.119792	C5	73	80	0
359	128.440104	128.869792	B4	70	80	0
360	128.472656	128.929688	G#4	50	80	0
361	128.475260	129.069010	F4	42	80	0
362	128.475260	129.009115	D4	42	80	0
363	128.796875	128.938802	C6	61	80	0
364	128.906250	129.079427	C5	46	80	0
365	129.045573	129.179688	C6	47	80	0
366	129.364583	129.429688	C6	48	80	0
367	129.365885	129.829427	C5	49	80	0
368	129.415365	129.829427	G4	35	80	0
369	129.415365	129.889323	E4	36	80	0
370	130.304688	131.289062	G4	46	80	0
371	130.350260	131.339844	C4	34	80	0
372	130.352865	131.359375	E4	27	80	0
373	130.736979	130.821615	C3	36	80	0
374	130.864583	131.069010	C2	41	80	0
375	131.024740	131.199219	C3	44	80	0
376	131.710938	132.429688	G4	64	80	0
377	131.744792	132.519531	E4	48	80	0
378	131.746094	132.539062	C4	40	80	0
379	132.135417	132.309896	C6	46	80	0
380	132.252604	132.559896	C5	32	80	0
381	132.454427	133.329427	B4	57	80	0
382	132.458333	132.468750	B5	51	80	0
383	132.484375	132.929688	D4	33	80	0
384	132.485677	132.979167	F4	34	80	0
385	133.160156	134.209635	G4	55	80	0
386	133.196615	134.069010	F4	35	80	0
387	133.200521	133.639323	D4	33	80	0
388	134.019531	135.369792	C5	50	80	0
389	134.050781	134.569010	E4	32	80	0
390	134.054688	134.569010	C4	30	80	0
391	134.914062	135.649740	G4	43	80	0
392	134.951823	135.649740	C4	29	80	0
393	134.954427	135.500000	E4	32	80	0
394	135.333333	135.489583	C3	33	80	0
395	135.463542	135.649740	C2	40	80	0
396	135.618490	135.819010	C3	37	80	0
397	136.313802	136.929688	G4	59	80	0
398	136.352865	137.098958	C4	36	80	0
399	136.352865	137.029948	E4	40	80	0
400	136.746094	137.269531	C6	47	80	0
401	136.899740	137.098958	C5	42	80	0
402	137.113281	137.399740	C5	47	80	0
403	137.114583	137.959635	B4	46	80	0
404	137.144531	137.789062	F4	33	80	0
405	137.144531	137.658854	D4	29	80	0
406	137.156250	137.449219	G4	27	80	0
407	137.815104	138.839844	G4	44	80	0
408	137.846354	138.739583	F4	28	80	0
409	137.851562	138.468750	D4	27	80	0
410	138.657552	139.549479	C5	45	80	0
411	138.683594	139.188802	E4	34	80	0
412	138.683594	139.128906	C4	32	80	0
413	139.524740	140.279948	G4	46	80	0
414	139.571615	140.128906	E4	27	80	0
415	139.572917	140.339844	C4	28	80	0
416	139.986979	140.149740	C3	29	80	0
417	140.130208	140.968750	C2	30	80	0
418	140.313802	140.688802	C3	32	80	0
419	141.031250	143.079427	E4	39	80	0
420	141.057292	142.069010	C4	26	80	0
421	141.061198	141.769531	G3	28	80	0
422	141.477865	141.649740	C3	29	80	0
423	141.622396	142.479167	C2	28	80	0
424	141.803385	142.289062	C3	27	80	0
425	142.523438	143.598958	C4	27	80	0
426	142.553385	143.399740	E3	23	80	0
427	142.554688	143.149740	G3	19	80	0
428	143.046875	143.119792	C2	19	80	0
429	143.212240	143.489583	C2	28	80	0
430	143.442708	143.619792	C3	30	80	0
431	144.227865	145.165365	C4	45	80	0
432	144.967448	145.791667	B3	61	80	0
433	145.705729	146.549479	Bb3	62	80	0
434	145.707031	146.938802	C4	57	80	0
435	146.463542	147.209635	A3	60	80	0
436	146.884115	147.075521	D4	60	80	0
437	147.072917	147.148438	E4	65	80	0
438	147.256510	147.430990	F4	59	80	0
439	147.265625	147.919271	Bb3	58	80	0
440	147.279948	147.812500	G3	50	80	0
441	147.438802	147.579427	G4	66	80	0
442	147.643229	147.889323	A4	66	80	0
443	147.851562	148.259115	Bb4	64	80	0
444	148.360677	151.369792	C5	46	80	0
445	148.393229	148.639323	F3	27	80	0
446	148.394531	148.819010	F2	26	80	0
447	148.402344	148.408854	C4	18	80	0
448	149.251302	149.759115	F3	27	80	0
449	149.941406	150.929688	C4	26	80	0
450	149.941406	151.000000	A3	26	80	0
451	149.944010	150.319010	F3	27	80	0
452	150.601562	151.619792	F3	33	80	0
453	151.165365	151.579427	A4	48	80	0
454	151.342448	152.658854	F5	63	80	0
455	151.382812	153.059896	F4	31	80	0
456	151.384115	152.139323	Bb3	34	80	0
457	151.384115	152.259115	D4	30	80	0
458	152.013021	152.649740	F3	24	80	0
459	152.546875	152.781250	D5	48	80	0
460	152.716146	154.919271	C5	50	80	0
461	152.723958	153.609375	C4	35	80	0
462	152.723958	153.199219	F3	28	80	0
463	152.734375	153.509115	A3	32	80	0
464	153.425781	154.059896	F3	30	80	0
465	154.048177	156.259115	F4	37	80	0
466	154.052083	155.039062	A3	32	80	0
467	154.053385	155.009115	C4	32	80	0
468	154.069010	154.389323	F3	28	80	0
469	154.725260	155.408854	F3	33	80	0
470	155.225260	155.516927	A4	56	80	0
471	155.445312	157.029948	Bb4	60	80	0
472	155.476562	156.369792	D3	31	80	0
473	155.477865	156.378906	F3	27	80	0
474	155.483073	155.688802	Bb3	33	80	0
475	156.131510	156.489583	Bb2	34	80	0
476	156.134115	156.968750	D4	31	80	0
477	156.654948	157.000000	G4	55	80	0
478	156.902344	159.149740	F4	58	80	0
479	156.957031	157.859375	C2	36	80	0
480	157.604167	157.989583	A3	36	80	0
481	157.623698	158.489583	C3	32	80	0
482	158.255208	158.938802	C4	42	80	0
483	158.274740	159.158854	A3	33	80	0
484	158.286458	159.158854	F3	27	80	0
485	158.925781	160.429688	C3	35	80	0
486	159.625000	160.104167	A4	54	80	0
487	159.656250	160.869792	C4	30	80	0
488	159.664062	160.579427	E3	28	80	0
489	159.671875	160.729167	G3	28	80	0
490	160.075521	160.403646	G4	58	80	0
491	160.402344	160.734375	F4	56	80	0
492	160.440104	160.449219	C2	30	80	0
493	160.440104	161.289062	C3	27	80	0
494	160.707031	160.959635	G4	63	80	0
495	161.151042	162.500000	G4	60	80	0
496	161.184896	163.468750	C4	35	80	0
497	161.187500	162.408854	F2	30	80	0
498	161.194010	161.598958	F3	29	80	0
499	161.194010	162.389323	E3	30	80	0
500	161.856771	162.718750	C3	39	80	0
501	162.415365	162.647135	G#4	44	80	0
502	162.658854	164.459635	A4	40	80	0
503	162.669271	163.489583	F2	26	80	0
504	162.682292	163.483073	F3	27	80	0
505	163.360677	164.179688	A2	38	80	0
506	164.055990	164.864583	Bb2	48	80	0
507	164.268229	164.372396	C4	56	80	0
508	164.449219	164.535156	D4	59	80	0
509	164.605469	164.670573	E4	65	80	0
510	164.782552	165.908854	F4	61	80	0
511	164.783854	165.622396	G2	52	80	0
512	164.944010	165.011719	G4	62	80	0
513	165.126302	165.195312	A4	62	80	0
514	165.320312	167.139323	Bb4	64	80	0
515	165.664062	168.348958	C5	46	80	0
516	165.682292	165.929688	F3	34	80	0
517	165.683594	166.139323	F2	32	80	0
518	165.695312	166.709635	C4	22	80	0
519	166.394531	167.519531	F3	31	80	0
520	166.683594	167.149740	E4	49	80	0
521	167.057292	170.819010	F4	37	80	0
522	167.072917	168.169271	C4	35	80	0
523	167.078125	168.199219	A3	30	80	0
524	167.722656	169.069010	F3	35	80	0
525	168.252604	168.609375	A4	58	80	0
526	168.402344	169.869792	F5	69	80	0
527	168.433594	169.549479	D4	37	80	0
528	168.434896	169.229167	Bb3	38	80	0
529	169.082031	170.019531	F3	25	80	0
530	169.635417	169.919271	D5	45	80	0
531	169.833333	171.809896	C5	42	80	0
532	169.860677	170.819010	A3	29	80	0
533	169.863281	170.848958	C4	29	80	0
534	170.490885	171.339844	F3	33	80	0
535	170.804688	171.279948	E4	46	80	0
536	171.174479	172.399740	F4	49	80	0
537	171.188802	172.529948	A3	36	80	0
538	171.192708	172.369792	C4	38	80	0
539	171.835938	172.509115	F3	41	80	0
540	172.343750	172.688802	A4	73	80	0
541	172.585938	173.279948	C5	71	80	0
542	172.627604	173.569010	F3	48	80	0
543	172.634115	173.459635	F4	45	80	0
544	172.634115	173.389323	D3	44	80	0
545	173.054688	173.569010	Bb4	70	80	0
546	173.363281	173.809896	D4	56	80	0
547	173.367188	173.959635	Bb2	45	80	0
548	173.665365	174.229167	G4	70	80	0
549	174.147135	175.989583	F4	68	80	0
550	174.174479	174.619792	A3	48	80	0
551	174.182292	176.819010	C3	49	80	0
552	174.872396	175.369792	A3	55	80	0
553	174.884115	175.949219	F3	47	80	0
554	175.575521	176.509115	C4	69	80	0
555	175.579427	176.059896	A3	58	80	0
556	176.294271	177.069010	A3	59	80	0
557	176.295573	177.039062	F3	54	80	0
558	177.053385	179.019531	C4	78	80	0
559	177.067708	177.699219	E3	63	80	0
560	177.071615	178.259115	G3	63	80	0
561	177.072917	177.859375	C2	65	80	0
562	177.861979	178.959635	E3	45	80	0
563	177.867188	177.878906	C3	45	80	0
564	177.869792	178.919271	C2	44	80	0
565	178.941406	180.869792	A3	34	80	0
566	178.971354	179.669271	C3	25	80	0
567	178.973958	179.769531	F2	24	80	0
568	178.975260	180.759115	F1	26	80	0
569	178.976562	179.598958	F3	24	80	0
570	180.536458	180.623698	F2	26	80	0
571	180.770833	181.319010	F2	30	80	0
572	180.773438	180.899740	F1	31	80	0
573	180.907552	182.549479	F1	23	80	0
574	182.165365	182.252604	F2	26	80	0
575	182.406250	182.718750	F2	27	80	0
576	182.557292	183.449219	F1	28	80	0
577	183.375000	184.119792	F4	30	80	0
578	184.235677	185.729167	F4	38	80	0
579	185.544271	185.615885	F2	26	80	0
580	185.670573	186.579427	F1	22	80	0
581	185.799479	185.949219	F2	33	80	0
582	185.933594	188.158854	F#4	45	80	0
583	185.950521	188.649740	A3	37	80	0
584	185.953125	189.750000	C4	31	80	0
585	185.954427	189.319010	Eb4	40	80	0
586	185.959635	186.408854	F2	31	80	0
587	187.135417	187.196615	F2	32	80	0
588	187.263021	187.479167	F1	26	80	0
589	187.345052	187.819010	F2	33	80	0
590	187.485677	188.299479	F1	29	80	0
591	188.164062	188.759115	F#4	59	80	0
592	188.962240	193.359375	F#4	70	80	0
593	190.204427	190.339844	F2	35	80	0
594	190.326823	191.179688	F1	36	80	0
595	190.427083	191.149740	F2	40	80	0
596	190.583333	192.859375	A4	78	80	0
597	190.605469	194.449219	C4	53	80	0
598	190.605469	195.009115	Eb4	58	80	0
599	191.809896	191.959635	F2	45	80	0
600	191.914062	192.128906	F1	47	80	0
601	192.016927	193.378906	F2	55	80	0
602	192.141927	192.299479	F1	64	80	0
603	192.313802	192.489583	F1	36	80	0
604	192.497396	192.679688	F1	32	80	0
605	192.687500	192.859375	F1	33	80	0
606	192.867188	193.019531	F1	52	80	0
607	192.871094	193.619792	A4	81	80	0
608	193.033854	193.179688	F1	36	80	0
609	193.192708	193.369792	F1	36	80	0
610	193.384115	193.609375	F1	37	80	0
611	193.384115	194.239583	F2	36	80	0
612	193.614583	194.878906	F1	51	80	0
613	193.631510	196.309896	A4	85	80	0
614	194.925781	195.069010	F2	55	80	0
615	195.035156	195.908854	F1	52	80	0
616	195.121094	195.619792	F2	60	80	0
617	195.212240	197.449219	C5	88	80	0
618	195.222656	197.069010	F#4	81	80	0
619	195.225260	198.959635	Eb4	84	80	0
620	196.444010	196.589844	F2	67	80	0
621	196.558594	196.759115	F1	65	80	0
622	196.654948	197.489583	F2	66	80	0
623	196.765625	198.399740	F1	65	80	0
624	197.458333	198.079427	C5	86	80	0
625	198.263021	198.959635	C5	87	80	0
626	199.135417	201.079427	Eb5	88	80	0
627	199.563802	199.641927	C4	46	80	0
628	199.565104	199.839844	A3	43	80	0
629	199.675781	199.764323	F3	47	80	0
630	199.790365	200.169271	C4	54	80	0
631	200.022135	201.239583	F3	58	80	0
632	200.651042	201.199219	D5	60	80	0
633	200.946615	201.389323	C5	64	80	0
634	201.164062	201.579427	Bb4	63	80	0
635	201.358073	201.535156	A4	66	80	0
636	201.540365	201.697917	G4	64	80	0
637	201.700521	202.139323	F4	59	80	0
638	201.893229	202.083333	E4	55	80	0
639	202.087240	202.386719	Eb4	56	80	0
640	202.303385	202.505208	D4	52	80	0
641	202.509115	202.781250	C4	47	80	0
642	202.769531	203.076823	Bb3	45	80	0
643	203.053385	203.524740	A3	39	80	0
644	203.481771	204.096354	Eb4	37	80	0
645	204.024740	204.729167	A3	35	80	0
646	204.958333	208.919271	Bb3	32	80	0
647	204.985677	207.500000	D3	25	80	0
648	204.989583	206.199219	F3	24	80	0
649	204.993490	207.799479	Bb2	25	80	0
650	204.994792	205.718750	Bb1	26	80	0
651	206.614583	207.789062	Eb3	31	80	0
652	206.819010	208.459635	F3	33	80	0
653	208.468750	209.139323	F3	27	80	0
654	210.147135	210.584635	D5	48	80	0
655	210.154948	212.459635	F3	29	80	0
656	210.165365	212.500000	D3	28	80	0
657	210.174479	212.709635	Bb2	27	80	0
658	210.610677	210.684896	Eb5	41	80	0
659	210.713542	210.829427	D5	34	80	0
660	210.811198	210.938802	C5	41	80	0
661	210.912760	211.569010	D5	42	80	0
662	211.490885	211.703125	Eb5	45	80	0
663	211.705729	212.319010	F5	47	80	0
664	213.365885	215.229167	Bb3	35	80	0
665	213.384115	213.938802	D3	28	80	0
666	213.393229	213.878906	Bb2	27	80	0
667	213.393229	214.019531	F2	24	80	0
668	213.394531	213.889323	F3	25	80	0
669	213.395833	213.750000	Bb1	26	80	0
670	215.085938	218.869792	A3	34	80	0
671	215.113281	215.449219	F3	26	80	0
672	215.114583	217.889323	Eb3	28	80	0
673	215.121094	218.799479	C3	24	80	0
674	215.122396	218.959635	F2	23	80	0
675	215.123698	218.889323	C2	26	80	0
676	216.714844	217.229167	F3	31	80	0
677	216.929688	217.729167	F#3	37	80	0
678	218.458333	218.929688	F#3	31	80	0
679	220.117188	220.619792	A5	52	80	0
680	220.140625	222.329427	C4	30	80	0
681	220.140625	222.489583	Eb4	34	80	0
682	220.140625	220.149740	F#4	31	80	0
683	220.145833	221.769531	F#3	29	80	0
684	220.584635	220.729167	Bb5	46	80	0
685	220.686198	220.789062	A5	45	80	0
686	220.782552	220.908854	G5	43	80	0
687	220.880208	221.509115	A5	49	80	0
688	221.466146	221.779948	Bb5	47	80	0
689	221.683594	222.229167	C6	46	80	0
690	221.722656	222.579427	F3	25	80	0
691	223.325521	225.279948	Eb4	43	80	0
692	223.332031	224.359375	C4	36	80	0
693	223.348958	224.299479	F3	30	80	0
694	223.355469	224.519531	A2	28	80	0
695	225.194010	228.938802	D4	31	80	0
696	225.195312	227.979167	G#3	31	80	0
697	225.200521	227.859375	F3	29	80	0
698	225.204427	228.869792	Bb1	30	80	0
699	225.204427	229.049479	Bb2	30	80	0
700	226.703125	226.989583	Bb3	39	80	0
701	226.908854	228.009115	B3	47	80	0
702	228.457031	229.069010	B3	53	80	0
703	230.196615	230.819010	D5	57	80	0
704	230.244792	232.158854	B3	26	80	0
705	230.244792	232.819010	G#4	34	80	0
706	230.253906	232.809896	F4	27	80	0
707	230.755208	230.832031	Eb5	53	80	0
708	230.833333	231.019531	D5	44	80	0
709	230.924479	231.035156	C5	55	80	0
710	231.032552	232.389323	D5	54	80	0
711	231.634115	231.959635	Eb5	60	80	0
712	231.852865	232.938802	F5	67	80	0
713	231.881510	233.109375	Bb3	40	80	0
714	233.446615	234.519531	F5	75	80	0
715	233.476562	234.408854	G#4	48	80	0
716	233.481771	234.348958	Bb3	42	80	0
717	233.490885	234.359375	D3	36	80	0
718	235.100260	236.709635	F5	57	80	0
719	235.113281	237.019531	G4	41	80	0
720	235.118490	235.669271	Bb3	36	80	0
721	235.125000	235.139323	Eb2	32	80	0
722	235.125000	237.089844	Eb3	31	80	0
723	235.878906	236.619792	B3	45	80	0
724	236.563802	237.009115	C4	39	80	0
725	236.565104	237.000000	Eb5	50	80	0
726	237.266927	237.829427	D5	62	80	0
727	237.277344	237.679688	D4	48	80	0
728	237.279948	237.709635	Bb4	59	80	0
729	237.294271	237.959635	F3	39	80	0
730	237.947917	238.459635	C5	66	80	0
731	237.958333	238.489583	Eb4	54	80	0
732	237.984375	238.500000	Bb4	59	80	0
733	238.003906	238.639323	G3	34	80	0
734	238.696615	239.209635	C5	66	80	0
735	238.714844	239.098958	E4	56	80	0
736	238.714844	239.250000	Bb4	63	80	0
737	238.759115	239.509115	G3	29	80	0
738	239.503906	239.709635	D5	64	80	0
739	239.533854	241.089844	E4	48	80	0
740	239.536458	240.829427	Bb3	41	80	0
741	239.545573	240.069010	Bb4	51	80	0
742	239.548177	241.399740	F3	43	80	0
743	239.563802	239.739583	C5	58	80	0
744	239.744792	239.789062	C5	43	80	0
745	239.821615	239.884115	D5	52	80	0
746	239.903646	239.989583	C5	47	80	0
747	239.960938	239.968750	E5	38	80	0
748	240.042969	240.158854	C5	49	80	0
749	240.132812	240.188802	B4	43	80	0
750	240.212240	240.326823	C5	44	80	0
751	240.345052	240.848958	D5	44	80	0
752	240.864583	241.149740	C5	32	80	0
753	241.376302	242.279948	C5	27	80	0
754	241.404948	242.239583	A4	28	80	0
755	241.406250	242.209635	F4	23	80	0
756	241.406250	242.468750	F3	23	80	0
757	243.235677	243.476562	F3	36	80	0
758	243.455729	243.700521	G3	44	80	0
759	243.654948	243.842448	F3	46	80	0
760	243.850260	244.039062	E3	44	80	0
761	244.014323	244.221354	F3	40	80	0
762	244.234375	244.450521	G3	33	80	0
763	244.239583	244.539062	Eb3	32	80	0
764	244.433594	244.779948	A3	36	80	0
765	244.441406	244.769531	C3	36	80	0
766	244.738281	247.839844	Bb3	43	80	0
767	244.772135	245.750000	D3	26	80	0
768	244.782552	245.819010	F3	24	80	0
769	246.295573	246.569010	Eb3	29	80	0
770	246.304688	246.569010	C3	25	80	0
771	246.533854	247.750000	F3	34	80	0
772	246.742188	247.089844	Bb5	41	80	0
773	246.933594	247.063802	D6	37	80	0
774	247.095052	247.252604	Bb5	44	80	0
775	247.292969	247.407552	F5	43	80	0
776	247.455729	247.829427	Bb5	34	80	0
777	247.638021	247.768229	D5	41	80	0
778	247.794271	248.000000	F5	51	80	0
779	247.979167	248.489583	F3	35	80	0
780	247.983073	248.209635	Bb4	44	80	0
781	248.003906	248.598958	D3	27	80	0
782	248.170573	248.369792	D5	42	80	0
783	248.360677	248.569010	F4	32	80	0
784	248.541667	248.729167	Bb4	42	80	0
785	248.701823	248.919271	D4	36	80	0
786	248.873698	248.958333	F4	28	80	0
787	249.018229	249.239583	Bb3	41	80	0
788	249.227865	249.479167	D4	33	80	0
789	249.445312	250.039062	D5	50	80	0
790	249.446615	249.779948	F3	34	80	0
791	249.666667	249.938802	Bb3	35	80	0
792	249.843750	250.098958	D3	34	80	0
793	250.007812	250.209635	F3	35	80	0
794	250.151042	250.559896	Bb2	37	80	0
795	250.263021	250.378906	Eb5	49	80	0
796	250.335938	250.699219	D3	39	80	0
797	250.386719	250.458333	C5	41	80	0
798	250.480469	250.799479	D5	51	80	0
799	250.535156	250.769531	F2	37	80	0
800	250.692708	250.932292	Eb5	58	80	0
801	250.730469	250.929688	Bb2	30	80	0
802	250.915365	251.459635	F5	63	80	0
803	250.921875	251.250000	D2	34	80	0
804	251.144531	251.263021	Bb2	33	80	0
805	251.145833	251.259115	F2	31	80	0
806	251.291667	251.457031	D2	37	80	0
807	251.484375	251.789062	F2	38	80	0
808	251.664062	252.039062	Bb2	36	80	0
809	251.842448	252.079427	D2	37	80	0
810	252.009115	252.669271	F2	40	80	0
811	252.199219	252.569010	Bb2	33	80	0
812	252.361979	254.049479	Bb3	63	80	0
813	252.398438	252.829427	D2	31	80	0
814	252.404948	252.779948	D3	33	80	0
815	252.576823	253.049479	Bb2	34	80	0
816	252.743490	253.149740	F2	33	80	0
817	252.902344	253.329427	D2	37	80	0
818	253.139323	253.829427	Bb2	38	80	0
819	253.303385	253.750000	F2	34	80	0
820	253.473958	253.688802	D2	32	80	0
821	253.670573	253.979167	Bb1	33	80	0
822	254.016927	257.500000	A3	52	80	0
823	254.041667	254.779948	F2	37	80	0
824	254.044271	255.619792	Eb3	38	80	0
825	254.045573	254.949219	C3	41	80	0
826	255.518229	255.799479	F3	36	80	0
827	255.532552	255.539062	D3	28	80	0
828	255.735677	257.059896	F#3	44	80	0
829	255.743490	257.098958	Eb3	47	80	0
830	255.940104	256.179688	C6	48	80	0
831	256.126302	256.369792	Eb6	48	80	0
832	256.296875	256.398438	C6	47	80	0
833	256.483073	256.615885	A5	41	80	0
834	256.653646	256.792969	C6	43	80	0
835	256.828125	257.029948	F#5	49	80	0
836	257.006510	257.144531	A5	44	80	0
837	257.166667	258.000000	F#3	40	80	0
838	257.167969	257.539062	Eb5	44	80	0
839	257.182292	257.859375	Eb3	41	80	0
840	257.368490	257.493490	F#5	44	80	0
841	257.533854	257.670573	C5	45	80	0
842	257.717448	258.069010	Eb5	41	80	0
843	257.880208	258.003906	A4	44	80	0
844	258.052083	258.289062	C5	38	80	0
845	258.216146	258.347656	F#4	38	80	0
846	258.395833	258.839844	A4	42	80	0
847	258.574219	258.839844	Eb4	39	80	0
848	258.584635	259.329427	C6	67	80	0
849	258.792969	259.169271	F#4	40	80	0
850	258.946615	259.065104	C4	45	80	0
851	259.110677	259.279948	Eb4	42	80	0
852	259.248698	259.579427	A3	40	80	0
853	259.354167	259.429688	D6	62	80	0
854	259.415365	259.688802	C4	45	80	0
855	259.423177	259.569010	C6	62	80	0
856	259.500000	259.580729	B5	59	80	0
857	259.574219	259.878906	F#3	50	80	0
858	259.576823	259.764323	C6	69	80	0
859	259.752604	259.997396	D6	79	80	0
860	259.753906	260.229167	A3	41	80	0
861	259.925781	260.074219	C3	39	80	0
862	259.971354	261.579427	Eb6	81	80	0
863	260.117188	260.429688	F#3	43	80	0
864	260.303385	260.959635	Eb3	45	80	0
865	260.479167	260.641927	A3	40	80	0
866	260.645833	260.949219	F#3	52	80	0
867	260.805990	260.938802	C4	55	80	0
868	260.981771	261.359375	A3	48	80	0
869	261.162760	261.419271	F#3	57	80	0
870	261.363281	263.179688	F#4	72	80	0
871	261.384115	262.729167	Eb4	61	80	0
872	261.386719	262.459635	C4	47	80	0
873	261.575521	261.761719	Eb3	47	80	0
874	261.752604	262.049479	Bb2	46	80	0
875	261.936198	262.169271	F#3	47	80	0
876	262.114583	262.438802	Eb3	44	80	0
877	262.303385	262.669271	Bb3	44	80	0
878	262.496094	262.809896	F#3	38	80	0
879	262.670573	263.039062	Eb3	37	80	0
880	262.936198	266.569010	F4	48	80	0
881	262.963542	264.128906	Eb4	44	80	0
882	262.970052	263.509115	C4	36	80	0
883	262.983073	262.989583	A2	33	80	0
884	263.716146	264.429688	C4	47	80	0
885	263.753906	264.389323	A3	34	80	0
886	264.390625	264.669271	D4	55	80	0
887	264.403646	264.639323	B3	47	80	0
888	264.583333	265.739583	Eb4	60	80	0
889	264.600260	265.649740	C4	52	80	0
890	264.778646	264.958333	C6	56	80	0
891	264.957031	265.105469	Eb6	61	80	0
892	265.125000	265.261719	C6	57	80	0
893	265.300781	265.438802	A5	51	80	0
894	265.462240	265.869792	C6	56	80	0
895	265.647135	265.811198	Eb5	46	80	0
896	265.812500	265.960938	A5	51	80	0
897	265.981771	266.539062	Eb4	62	80	0
898	265.986979	266.160156	C5	63	80	0
899	265.986979	266.709635	C4	60	80	0
900	266.173177	266.628906	Eb5	46	80	0
901	266.346354	266.559896	A4	50	80	0
902	266.515625	266.769531	C5	46	80	0
903	266.694010	267.039062	Eb4	47	80	0
904	266.875000	267.027344	A4	52	80	0
905	267.026042	267.399740	C6	82	80	0
906	267.033854	267.393229	C4	57	80	0
907	267.213542	267.382812	Eb4	60	80	0
908	267.402344	267.718750	A3	61	80	0
909	267.411458	267.419271	C7	79	80	0
910	267.412760	268.218750	C6	84	80	0
911	267.583333	267.695312	C4	49	80	0
912	267.753906	267.904948	F3	53	80	0
913	267.928385	268.049479	A3	56	80	0
914	268.072917	268.186198	C3	59	80	0
915	268.196615	268.300781	D6	70	80	0
916	268.225260	268.378906	F3	50	80	0
917	268.259115	268.328125	C6	74	80	0
918	268.328125	268.423177	B5	66	80	0
919	268.404948	268.585938	C6	85	80	0
920	268.412760	268.589844	A2	55	80	0
921	268.565104	268.968750	D6	87	80	0
922	268.588542	268.829427	C3	55	80	0
923	268.743490	268.951823	F2	57	80	0
924	268.825521	270.109375	Eb6	91	80	0
925	268.966146	269.100260	A2	51	80	0
926	269.132812	269.302083	C2	56	80	0
927	269.303385	269.699219	F2	59	80	0
928	269.472656	269.739583	A1	65	80	0
929	269.662760	270.449219	C2	65	80	0
930	269.845052	270.059896	F2	60	80	0
931	269.854167	270.149740	F1	64	80	0
932	270.014323	270.229167	A1	65	80	0
933	270.244792	271.809896	Eb5	86	80	0
934	270.253906	271.348958	C5	72	80	0
935	270.253906	271.429688	A4	79	80	0
936	270.454427	270.609375	F#1	52	80	0
937	270.602865	270.789062	A1	51	80	0
938	270.773438	271.239583	C2	61	80	0
939	270.959635	271.158854	F#2	58	80	0
940	271.145833	271.348958	A2	47	80	0
941	271.319010	271.789062	C2	51	80	0
942	271.322917	271.569010	C3	54	80	0
943	271.526042	271.658854	F#3	56	80	0
944	271.743490	273.429688	D5	62	80	0
945	271.752604	272.759115	Bb4	53	80	0
946	271.963542	272.359375	G1	47	80	0
947	272.152344	272.369792	Bb1	43	80	0
948	272.326823	272.500000	D2	40	80	0
949	272.515625	272.989583	G2	49	80	0
950	272.680990	273.279948	Bb2	54	80	0
951	272.871094	273.179688	D3	53	80	0
952	273.070312	273.259115	G3	64	80	0
953	273.313802	276.658854	G5	89	80	0
954	273.313802	273.319010	G6	88	80	0
955	273.572917	273.769531	E2	60	80	0
956	273.756510	273.933594	G2	56	80	0
957	273.932292	274.070312	Bb2	72	80	0
958	274.106771	274.289062	E3	56	80	0
959	274.269531	274.437500	G3	67	80	0
960	274.451823	274.688802	Bb3	71	80	0
961	274.636719	275.019531	G3	69	80	0
962	274.858073	277.109375	C#5	76	80	0
963	274.860677	275.679688	G4	71	80	0
964	274.861979	277.500000	Bb4	74	80	0
965	274.869792	275.269531	C#4	67	80	0
966	275.098958	275.299479	Bb3	62	80	0
967	275.294271	275.438802	G3	52	80	0
968	275.493490	275.669271	E3	46	80	0
969	275.673177	275.949219	C#3	46	80	0
970	275.899740	276.139323	Bb2	51	80	0
971	276.104167	276.329427	G2	43	80	0
972	276.324219	276.559896	E2	41	80	0
973	276.579427	278.299479	F5	58	80	0
974	276.582031	276.589844	F2	35	80	0
975	276.787760	276.976562	F2	36	80	0
976	277.003906	277.319010	Bb2	34	80	0
977	277.187500	277.311198	D3	34	80	0
978	277.363281	277.569010	F3	36	80	0
979	277.554688	277.661458	D3	32	80	0
980	277.722656	277.889323	Bb2	35	80	0
981	277.912760	278.128906	F2	29	80	0
982	278.123698	278.269531	Bb2	32	80	0
983	278.127604	278.688802	D5	43	80	0
984	278.134115	279.089844	Bb4	39	80	0
985	278.330729	278.718750	F2	32	80	0
986	278.506510	278.878906	Bb2	36	80	0
987	278.664062	278.785156	D3	28	80	0
988	278.858073	278.972656	F3	37	80	0
989	279.035156	279.164062	D3	33	80	0
990	279.216146	279.709635	Bb2	38	80	0
991	279.404948	279.639323	F2	34	80	0
992	279.641927	281.519531	A4	46	80	0
993	279.665365	280.869792	C4	30	80	0
994	279.670573	280.089844	Eb3	36	80	0
995	279.673177	279.989583	F3	33	80	0
996	279.864583	279.962240	C3	38	80	0
997	280.048177	280.218750	A2	39	80	0
998	280.233073	280.468750	F2	36	80	0
999	280.496094	280.649740	Eb2	35	80	0
1000	280.677083	281.239583	C2	42	80	0
1001	281.106771	281.218750	F2	26	80	0
1002	281.496094	283.688802	Bb4	47	80	0
1003	281.503906	283.919271	D4	35	80	0
1004	281.511719	283.968750	Bb3	34	80	0
1005	281.515625	282.239583	Bb1	30	80	0
1006	281.515625	282.039062	Bb2	29	80	0
1007	282.950521	283.079427	Bb2	32	80	0
1008	283.180990	283.799479	Bb2	28	80	0
1009	283.303385	284.059896	Bb1	29	80	0
1010	284.658854	284.769531	Bb2	26	80	0
1011	284.763021	284.839844	Bb1	22	80	0
1012	284.873698	285.649740	Bb2	30	80	0
1013	285.006510	285.669271	Bb1	20	80	0
1014	286.277344	286.438802	Bb2	23	80	0
1015	286.384115	286.639323	Bb1	22	80	0
1016	286.518229	286.789062	Bb2	29	80	0
1017	286.787760	287.938802	F4	34	80	0
1018	286.803385	287.968750	Bb2	29	80	0
1019	286.804688	287.459635	D4	25	80	0
1020	286.804688	287.559896	Bb3	30	80	0
1021	286.811198	287.359375	F3	27	80	0
1022	286.812500	287.799479	G#3	30	80	0
1023	288.415365	289.658854	Eb4	34	80	0
1024	288.440104	289.408854	Bb3	29	80	0
1025	288.450521	289.389323	G3	24	80	0
1026	290.001302	290.938802	D4	29	80	0
1027	290.027344	291.059896	Bb3	27	80	0
1028	290.033854	290.929688	F#3	25	80	0
1029	291.630208	293.269531	D4	33	80	0
1030	291.649740	293.250000	Bb3	32	80	0
1031	291.654948	292.639323	F#3	25	80	0
1032	292.964844	293.169271	Bb2	24	80	0
1033	293.063802	293.369792	Bb1	21	80	0
1034	293.179688	293.799479	Bb2	28	80	0
1035	293.342448	295.819010	Eb4	31	80	0
1036	293.372396	295.089844	G3	24	80	0
1037	293.377604	293.979167	Bb1	20	80	0
1038	294.630208	294.739583	Bb2	28	80	0
1039	294.717448	294.769531	Bb1	25	80	0
1040	294.825521	295.449219	Bb2	32	80	0
1041	294.962240	295.619792	Bb1	29	80	0
1042	296.177083	296.309896	Bb2	29	80	0
1043	296.450521	296.569010	Bb2	28	80	0
1044	296.704427	298.529948	G#4	49	80	0
1045	296.742188	298.429688	Bb2	34	80	0
1046	296.742188	297.250000	D4	26	80	0
1047	296.748698	297.389323	Bb3	36	80	0
1048	296.752604	297.289062	F4	28	80	0
1049	298.292969	300.009115	G4	52	80	0
1050	298.324219	300.119792	Eb4	40	80	0
1051	298.324219	299.378906	Bb3	39	80	0
1052	299.841146	301.079427	F#4	55	80	0
1053	299.855469	300.989583	D4	40	80	0
1054	299.864583	300.949219	Bb3	41	80	0
1055	301.561198	303.429688	F#4	55	80	0
1056	301.584635	302.519531	Bb3	35	80	0
1057	301.584635	302.968750	D4	34	80	0
1058	302.986979	303.250000	Eb3	26	80	0
1059	303.085938	304.188802	Eb2	31	80	0
1060	303.253906	304.079427	Eb3	28	80	0
1061	303.419271	305.098958	G4	42	80	0
1062	303.444010	305.529948	Eb4	33	80	0
1063	304.572917	304.636719	Eb3	33	80	0
1064	304.686198	304.789062	Eb2	28	80	0
1065	304.785156	305.009115	Eb3	37	80	0
1066	304.885417	305.269531	Eb2	36	80	0
1067	305.622396	306.098958	G4	68	80	0
1068	305.625000	305.639323	Eb2	30	80	0
1069	306.024740	306.179688	Eb3	32	80	0
1070	306.152344	306.299479	Eb2	33	80	0
1071	306.264323	306.529948	Eb3	33	80	0
1072	306.531250	308.348958	Eb5	64	80	0
1073	306.535156	309.149740	Eb3	37	80	0
1074	306.536458	308.069010	Eb2	33	80	0
1075	306.549479	307.389323	G4	48	80	0
1076	308.291667	310.199219	C5	66	80	0
1077	308.326823	309.158854	Eb4	42	80	0
1078	308.326823	309.029948	G4	47	80	0
1079	310.078125	311.729167	Bb4	60	80	0
1080	310.113281	311.209635	G4	35	80	0
1081	310.114583	310.679688	D4	30	80	0
1082	311.877604	313.759115	A4	42	80	0
1083	311.895833	313.769531	F4	27	80	0
1084	311.901042	313.658854	C4	24	80	0
1085	311.903646	312.259115	F2	27	80	0
1086	311.907552	312.049479	F3	25	80	0
1087	313.110677	313.229167	F3	21	80	0
1088	313.205729	313.329427	F2	23	80	0
1089	313.330729	313.658854	F3	26	80	0
1090	313.467448	313.658854	F2	26	80	0
1091	314.153646	314.579427	A4	40	80	0
1092	314.173177	314.579427	F4	25	80	0
1093	314.175781	314.429688	F3	24	80	0
1094	314.177083	314.519531	C4	22	80	0
1095	314.592448	314.769531	F6	37	80	0
1096	314.694010	314.748698	F5	34	80	0
1097	314.782552	315.218750	F6	42	80	0
1098	314.894531	315.269531	Bb4	36	80	0
1099	314.894531	315.279948	F5	38	80	0
1100	314.906250	315.229167	D4	23	80	0
1101	315.542969	316.009115	C5	39	80	0
1102	315.584635	316.009115	F4	24	80	0
1103	315.585938	315.979167	Eb4	24	80	0
1104	316.334635	316.878906	C5	43	80	0
1105	316.361979	316.809896	F4	30	80	0
1106	316.361979	316.809896	Eb4	28	80	0
1107	317.505208	317.908854	A4	41	80	0
1108	317.528646	318.179688	F3	23	80	0
1109	317.533854	317.729167	C#4	26	80	0
1110	317.645833	317.929688	F2	25	80	0
1111	317.889323	318.229167	Bb4	47	80	0
1112	317.894531	318.156250	D4	33	80	0
1113	317.934896	318.259115	F2	17	80	0
1114	318.565104	319.049479	Bb4	52	80	0
1115	318.595052	319.019531	F4	35	80	0
1116	318.602865	318.949219	D4	31	80	0
1117	319.006510	319.139323	F6	47	80	0
1118	319.104167	319.218750	F5	50	80	0
1119	319.188802	319.369792	F6	51	80	0
1120	319.263021	319.979167	C5	56	80	0
1121	319.283854	319.539062	F5	50	80	0
1122	319.285156	319.739583	A4	48	80	0
1123	319.292969	319.750000	F4	40	80	0
1124	319.942708	320.519531	D5	62	80	0
1125	319.967448	320.408854	Bb4	44	80	0
1126	319.972656	320.559896	F4	38	80	0
1127	320.703125	321.968750	D5	65	80	0
1128	320.733073	321.369792	Bb4	48	80	0
1129	320.734375	321.289062	F4	37	80	0
1130	321.829427	322.279948	B4	57	80	0
1131	321.871094	322.019531	F3	28	80	0
1132	321.873698	322.239583	G#4	39	80	0
1133	322.006510	322.559896	F2	34	80	0
1134	322.114583	322.589844	F3	37	80	0
1135	322.218750	322.739583	C5	67	80	0
1136	322.233073	322.699219	A4	56	80	0
1137	322.902344	323.299479	C5	78	80	0
1138	322.924479	323.188802	A4	66	80	0
1139	322.927083	323.179688	F4	54	80	0
1140	323.384115	323.529948	F6	59	80	0
1141	323.494792	323.598958	F5	59	80	0
1142	323.537760	323.658854	F6	64	80	0
1143	323.589844	324.109375	D5	76	80	0
1144	323.604167	323.989583	F5	70	80	0
1145	323.606771	324.289062	Bb4	72	80	0
1146	323.611979	324.109375	F4	63	80	0
1147	324.264323	324.658854	Eb5	75	80	0
1148	324.264323	324.639323	F4	63	80	0
1149	324.270833	324.549479	C5	65	80	0
1150	325.059896	326.408854	Eb5	78	80	0
1151	325.063802	325.949219	C5	70	80	0
1152	325.066406	326.848958	F4	74	80	0
1153	326.187500	326.377604	C#5	72	80	0
1154	326.214844	326.299479	F2	47	80	0
1155	326.218750	326.438802	A4	58	80	0
1156	326.312500	326.479167	F2	38	80	0
1157	326.404948	326.579427	F3	50	80	0
1158	326.522135	327.158854	D5	75	80	0
1159	326.544271	327.059896	Bb4	59	80	0
1160	326.546875	326.839844	F2	53	80	0
1161	327.223958	327.809896	D5	75	80	0
1162	327.227865	327.699219	Bb4	76	80	0
1163	327.229167	327.688802	F4	76	80	0
1164	327.636719	327.779948	F6	55	80	0
1165	327.734375	327.821615	F5	60	80	0
1166	327.819010	328.158854	F6	58	80	0
1167	327.934896	328.619792	E5	81	80	0
1168	327.940104	328.098958	F5	80	80	0
1169	327.942708	328.598958	G4	77	80	0
1170	327.942708	328.579427	C#5	75	80	0
1171	327.944010	328.589844	Bb4	75	80	0
1172	328.713542	329.299479	E5	76	80	0
1173	328.720052	329.369792	C#5	64	80	0
1174	328.721354	329.468750	G4	66	80	0
1175	328.723958	329.419271	Bb4	70	80	0
1176	329.071615	329.250000	F6	50	80	0
1177	329.191406	329.329427	F5	47	80	0
1178	329.309896	329.699219	F6	52	80	0
1179	329.651042	330.069010	F5	60	80	0
1180	329.674479	330.109375	A4	39	80	0
1181	329.675781	330.098958	C5	35	80	0
1182	330.582031	331.569010	C5	46	80	0
1183	330.613281	331.589844	A4	38	80	0
1184	330.614583	331.529948	F4	30	80	0
1185	331.014323	331.096354	F3	31	80	0
1186	331.165365	331.438802	F2	33	80	0
1187	331.352865	331.569010	F3	38	80	0
1188	332.033854	332.829427	C5	55	80	0
1189	332.055990	332.199219	F2	30	80	0
1190	332.059896	332.569010	A4	48	80	0
1191	332.065104	332.658854	F4	31	80	0
1192	332.438802	332.649740	F6	48	80	0
1193	332.555990	332.869792	F5	50	80	0
1194	332.734375	333.729167	E5	56	80	0
1195	332.759115	333.229167	Bb4	42	80	0
1196	333.516927	334.179688	C5	53	80	0
1197	333.524740	333.539062	F2	28	80	0
1198	333.533854	333.959635	Bb4	47	80	0
1199	334.354167	336.158854	F5	54	80	0
1200	334.389323	334.968750	A4	31	80	0
1201	334.393229	335.049479	F4	28	80	0
1202	335.233073	336.059896	C5	43	80	0
1203	335.265625	336.098958	A4	36	80	0
1204	335.266927	336.089844	F4	25	80	0
1205	335.273438	335.375000	F3	30	80	0
1206	335.627604	335.700521	F3	33	80	0
1207	335.774740	336.029948	F2	36	80	0
1208	335.973958	336.158854	F3	37	80	0
1209	336.678385	337.299479	C5	57	80	0
1210	336.718750	337.169271	A4	42	80	0
1211	336.722656	337.339844	F4	35	80	0
1212	336.725260	336.908854	F3	33	80	0
1213	337.083333	337.369792	F6	53	80	0
1214	337.216146	337.380208	F5	50	80	0
1215	337.382812	338.319010	E5	54	80	0
1216	337.407552	337.889323	G4	38	80	0
1217	337.407552	337.848958	Bb4	42	80	0
1218	338.106771	338.688802	C5	54	80	0
1219	338.144531	338.649740	G4	36	80	0
1220	338.145833	338.609375	Bb4	43	80	0
1221	339.033854	340.389323	F5	58	80	0
1222	339.055990	339.069010	F2	26	80	0
1223	339.067708	339.598958	A4	35	80	0
1224	339.072917	339.619792	F4	30	80	0
1225	339.963542	341.819010	C5	43	80	0
1226	339.997396	340.989583	A4	32	80	0
1227	340.005208	341.069010	F4	20	80	0
1228	340.010417	340.019531	C4	20	80	0
1229	340.454427	340.628906	F3	26	80	0
1230	340.614583	340.859375	F2	31	80	0
1231	340.824219	341.299479	F3	29	80	0
1232	341.503906	343.500000	A4	39	80	0
1233	341.531250	342.389323	F4	25	80	0
1234	341.536458	341.878906	F2	24	80	0
1235	341.540365	341.779948	F3	24	80	0
1236	341.541667	342.399740	C4	27	80	0
1237	341.983073	342.259115	F3	21	80	0
1238	342.135417	342.419271	F2	19	80	0
1239	342.309896	343.000000	F3	23	80	0
1240	343.141927	344.229167	F4	26	80	0
1241	343.166667	343.639323	A3	22	80	0
1242	343.170573	344.639323	C4	25	80	0
1243	343.174479	343.329427	F2	19	80	0
1244	343.617188	343.789062	F3	25	80	0
1245	343.789062	344.029948	F2	24	80	0
1246	343.973958	344.559896	F3	32	80	0
1247	344.712240	345.657552	F4	37	80	0
1248	344.718750	344.819010	F2	21	80	0
1249	345.488281	346.408854	E4	56	80	0
1250	346.221354	347.519531	Eb4	54	80	0
1251	346.222656	347.500000	F4	55	80	0
1252	346.972656	347.539062	D4	54	80	0
1253	347.394531	347.799479	G4	64	80	0
1254	347.604167	347.829427	A4	70	80	0
1255	347.790365	347.959635	Bb4	65	80	0
1256	347.798177	348.324219	Eb4	55	80	0
1257	347.805990	348.359375	C4	47	80	0
1258	347.970052	348.053385	C5	69	80	0
1259	348.162760	348.352865	D5	57	80	0
1260	348.380208	349.589844	Eb5	55	80	0
1261	348.821615	351.549479	F5	56	80	0
1262	348.867188	349.199219	Bb2	23	80	0
1263	349.625000	350.500000	Bb3	35	80	0
1264	350.261719	350.779948	Bb4	40	80	0
1265	350.286458	351.259115	D4	24	80	0
1266	350.287760	351.669271	F4	26	80	0
1267	350.792969	351.519531	Bb4	21	80	0
1268	350.967448	351.799479	Bb3	41	80	0
1269	351.494792	351.700521	D5	56	80	0
1270	351.673177	353.539062	Bb5	60	80	0
1271	351.683594	353.688802	Bb4	44	80	0
1272	351.707031	352.759115	G4	26	80	0
1273	351.716146	353.109375	Eb4	26	80	0
1274	352.421875	353.579427	Bb3	26	80	0
1275	352.981771	353.299479	G5	42	80	0
1276	353.192708	354.799479	F5	49	80	0
1277	353.208333	354.039062	D4	25	80	0
1278	353.214844	354.009115	F4	29	80	0
1279	353.894531	354.938802	Bb3	43	80	0
1280	354.548177	355.609375	Bb4	53	80	0
1281	354.565104	355.259115	F4	37	80	0
1282	354.565104	355.309896	D4	36	80	0
1283	355.201823	355.649740	Bb3	54	80	0
1284	355.697917	356.029948	D5	65	80	0
1285	355.911458	357.489583	Eb5	61	80	0
1286	355.972656	356.679688	Bb4	43	80	0
1287	355.975260	356.829427	G3	34	80	0
1288	356.635417	357.289062	G4	36	80	0
1289	356.653646	357.128906	Eb3	31	80	0
1290	357.152344	357.500000	C5	56	80	0
1291	357.434896	360.299479	Bb4	58	80	0
1292	357.476562	357.742188	F2	29	80	0
1293	358.144531	358.468750	D4	40	80	0
1294	358.147135	359.199219	F3	34	80	0
1295	358.819010	359.699219	F4	44	80	0
1296	358.824219	359.489583	D4	36	80	0
1297	358.832031	359.639323	Bb3	40	80	0
1298	359.486979	360.199219	F3	36	80	0
1299	360.158854	360.658854	D5	53	80	0
1300	360.204427	361.609375	F4	31	80	0
1301	360.207031	361.179688	C4	29	80	0
1302	360.209635	360.959635	F3	32	80	0
1303	360.212240	361.289062	A3	28	80	0
1304	360.643229	360.998698	C5	53	80	0
1305	360.970052	361.295573	Bb4	58	80	0
1306	360.973958	361.609375	F3	32	80	0
1307	361.289062	361.509115	C5	61	80	0
1308	361.743490	363.089844	C5	53	80	0
1309	361.785156	362.149740	F3	34	80	0
1310	361.786458	362.759115	A3	33	80	0
1311	361.790365	363.500000	F4	33	80	0
1312	362.503906	363.968750	F3	28	80	0
1313	363.028646	363.329427	C#5	42	80	0
1314	363.274740	364.839844	D5	44	80	0
1315	363.283854	364.699219	Bb2	30	80	0
1316	363.283854	364.539062	Bb3	33	80	0
1317	363.936198	364.679688	D3	38	80	0
1318	364.662760	365.375000	Eb3	56	80	0
1319	364.864583	364.966146	F4	59	80	0
1320	365.036458	365.093750	G4	58	80	0
1321	365.201823	365.292969	A4	66	80	0
1322	365.376302	365.455729	Bb4	69	80	0
1323	365.386719	366.303385	C3	47	80	0
1324	365.546875	365.625000	C5	68	80	0
1325	365.722656	365.794271	D5	62	80	0
1326	365.916667	366.049479	Eb5	59	80	0
1327	366.304688	368.949219	F5	60	80	0
1328	366.335938	366.750000	Bb2	32	80	0
1329	367.095052	367.688802	Bb3	36	80	0
1330	367.420573	367.819010	A4	41	80	0
1331	367.798177	371.500000	Bb4	40	80	0
1332	367.799479	368.688802	D4	27	80	0
1333	367.803385	369.188802	F4	29	80	0
1334	368.472656	369.679688	Bb3	38	80	0
1335	369.024740	369.222656	D5	59	80	0
1336	369.203125	370.750000	Bb5	63	80	0
1337	369.223958	370.029948	G4	37	80	0
1338	369.225260	370.399740	Eb4	33	80	0
1339	369.914062	370.979167	Bb3	34	80	0
1340	370.424479	370.699219	G5	47	80	0
1341	370.613281	372.218750	F5	46	80	0
1342	370.623698	371.489583	D4	28	80	0
1343	370.627604	371.579427	F4	31	80	0
1344	371.287760	372.209635	Bb3	43	80	0
1345	371.615885	372.049479	A4	57	80	0
1346	371.970052	373.179688	Bb4	58	80	0
1347	371.986979	372.929688	D4	39	80	0
1348	371.986979	373.069010	F4	37	80	0
1349	372.628906	373.289062	Bb3	56	80	0
1350	373.105469	373.459635	D5	65	80	0
1351	373.365885	374.049479	F5	69	80	0
1352	373.410156	374.199219	Bb4	50	80	0
1353	373.417969	374.250000	G3	43	80	0
1354	373.796875	374.559896	Eb5	63	80	0
1355	374.108073	374.649740	G4	57	80	0
1356	374.138021	374.979167	Eb3	42	80	0
1357	374.407552	374.989583	C5	69	80	0
1358	374.881510	377.158854	Bb4	69	80	0
1359	374.915365	375.399740	D4	43	80	0
1360	374.938802	377.239583	F3	30	80	0
1361	375.606771	376.579427	Bb3	57	80	0
1362	375.606771	376.029948	D4	50	80	0
1363	376.287760	377.149740	F4	61	80	0
1364	376.289062	376.718750	D4	55	80	0
1365	376.968750	377.519531	D4	71	80	0
1366	376.970052	377.438802	Bb3	69	80	0
1367	377.723958	381.419271	F4	77	80	0
1368	377.738281	378.729167	C4	61	80	0
1369	377.743490	378.299479	A3	61	80	0
1370	377.746094	378.479167	F2	52	80	0
1371	377.752604	379.229167	F1	54	80	0
1372	378.536458	378.979167	F2	39	80	0
1373	378.540365	378.908854	A3	48	80	0
1374	379.557292	380.459635	D4	44	80	0
1375	379.574219	380.589844	Bb3	33	80	0
1376	379.596354	380.299479	Bb2	28	80	0
1377	379.608073	380.329427	Bb1	29	80	0
1378	381.125000	381.279948	Bb2	34	80	0
1379	381.341146	381.434896	Bb2	33	80	0
1380	381.457031	382.468750	Bb1	34	80	0
1381	382.829427	382.915365	Bb2	27	80	0
1382	383.095052	383.709635	Bb2	23	80	0
1383	383.214844	385.299479	Bb1	27	80	0
1384	384.091146	384.519531	Bb3	32	80	0
1385	384.980469	386.250000	Bb3	34	80	0
1386	386.321615	386.500000	Bb2	30	80	0
1387	386.574219	386.929688	Bb2	29	80	0
1388	386.782552	389.218750	B3	37	80	0
1389	386.812500	389.598958	F3	22	80	0
1390	386.815104	390.209635	G#3	24	80	0
1391	386.815104	387.919271	D3	24	80	0
1392	388.131510	388.348958	Bb2	28	80	0
1393	388.221354	390.750000	Bb1	19	80	0
1394	388.355469	390.359375	Bb2	32	80	0
1395	389.231771	389.819010	B3	42	80	0
1396	390.083333	391.559896	B3	57	80	0
1397	391.369792	391.569010	Bb2	33	80	0
1398	391.498698	391.709635	Bb1	24	80	0
1399	391.576823	392.449219	Bb2	32	80	0
1400	391.699219	393.759115	D4	53	80	0
1401	391.714844	392.569010	Bb1	34	80	0
1402	391.735677	393.779948	G#3	37	80	0
1403	391.743490	394.188802	F3	32	80	0
1404	392.890625	392.944010	Bb2	38	80	0
1405	392.984375	393.098958	Bb1	31	80	0
1406	393.084635	393.729167	Bb2	39	80	0
1407	393.186198	395.369792	Bb1	44	80	0
1408	393.894531	394.619792	D4	60	80	0
1409	394.632812	397.059896	D4	65	80	0
1410	395.872396	396.019531	Bb2	43	80	0
1411	395.963542	397.269531	Bb1	37	80	0
1412	396.033854	396.899740	Bb2	52	80	0
1413	396.174479	397.579427	F4	68	80	0
1414	396.194010	397.269531	G#3	58	80	0
1415	396.195312	397.399740	B3	56	80	0
1416	397.367188	397.539062	Bb2	57	80	0
1417	397.466146	397.658854	Bb1	53	80	0
1418	397.546875	398.339844	Bb2	55	80	0
1419	397.652344	399.549479	G#4	74	80	0
1420	397.662760	398.908854	B3	63	80	0
1421	397.664062	399.658854	F4	60	80	0
1422	397.666667	400.449219	D4	59	80	0
1423	397.666667	398.789062	Bb1	60	80	0
1424	398.829427	398.895833	Bb2	51	80	0
1425	398.932292	399.250000	Bb1	49	80	0
1426	399.023438	399.899740	Bb2	64	80	0
1427	399.233073	402.119792	B4	75	80	0
1428	399.255208	400.029948	Bb1	45	80	0
1429	400.522135	400.610677	G#3	37	80	0
1430	400.653646	400.819010	Bb2	37	80	0
1431	400.781250	401.658854	G#3	37	80	0
1432	400.877604	402.119792	G#4	42	80	0
1433	400.886719	401.929688	D4	34	80	0
1434	400.903646	402.069010	Bb2	36	80	0
1435	401.954427	402.179688	G#3	34	80	0
1436	402.076823	402.209635	Bb2	28	80	0
1437	402.184896	402.319010	G#3	37	80	0
1438	402.294271	403.529948	Bb4	54	80	0
1439	402.320312	402.759115	Bb2	34	80	0
1440	402.326823	403.959635	D4	33	80	0
1441	402.326823	402.669271	G#3	32	80	0
1442	402.962240	404.019531	G#4	53	80	0
1443	402.964844	403.848958	Bb2	33	80	0
1444	403.805990	405.479167	F#4	51	80	0
1445	405.071615	405.239583	Bb2	35	80	0
1446	405.308594	406.079427	Bb2	36	80	0
1447	405.454427	406.179688	Bb1	33	80	0
1448	405.454427	407.968750	G4	46	80	0
1449	405.485677	408.669271	Eb4	32	80	0
1450	405.488281	406.229167	Bb3	33	80	0
1451	406.516927	406.649740	Bb2	34	80	0
1452	406.619792	406.829427	Bb1	35	80	0
1453	406.704427	407.408854	Bb2	45	80	0
1454	406.839844	408.059896	Bb1	42	80	0
1455	407.519531	408.500000	Bb4	75	80	0
1456	408.343750	410.229167	Eb5	70	80	0
1457	409.692708	409.809896	Bb3	41	80	0
1458	409.795573	410.009115	Bb2	37	80	0
1459	409.903646	410.669271	Bb3	44	80	0
1460	409.984375	411.809896	A4	58	80	0
1461	409.994792	411.000000	F#4	48	80	0
1462	410.023438	410.769531	Bb2	35	80	0
1463	410.024740	412.500000	Eb4	33	80	0
1464	411.069010	411.279948	Bb3	32	80	0
1465	411.173177	411.329427	Bb2	36	80	0
1466	411.294271	412.179688	Bb3	42	80	0
1467	411.373698	412.628906	C5	60	80	0
1468	411.425781	412.169271	Bb2	37	80	0
1469	411.966146	412.989583	A4	69	80	0
1470	412.639323	415.299479	C5	67	80	0
1471	413.867188	413.989583	Bb2	42	80	0
1472	413.960938	414.119792	Bb1	38	80	0
1473	414.065104	414.269531	Bb2	48	80	0
1474	414.182292	415.079427	Bb1	47	80	0
1475	414.214844	415.908854	Bb4	68	80	0
1476	414.222656	415.098958	F4	45	80	0
1477	414.223958	414.989583	D4	47	80	0
1478	415.304688	415.419271	Bb2	45	80	0
1479	415.398438	415.598958	Bb1	34	80	0
1480	415.485677	416.009115	Bb2	47	80	0
1481	415.605469	416.649740	G#4	72	80	0
1482	415.610677	416.098958	Bb1	51	80	0
1483	415.622396	415.979167	F4	56	80	0
1484	415.623698	415.739583	D4	48	80	0
1485	416.282552	417.239583	D5	82	80	0
1486	417.002604	418.029948	F5	86	80	0
1487	417.824219	419.598958	Eb5	81	80	0
1488	418.235677	418.378906	Bb3	52	80	0
1489	418.332031	418.549479	Bb2	42	80	0
1490	418.415365	419.029948	Bb3	46	80	0
1491	418.548177	419.179688	Bb4	67	80	0
1492	418.552083	419.209635	G4	57	80	0
1493	418.561198	419.519531	Bb2	46	80	0
1494	419.311198	420.339844	A4	80	80	0
1495	419.312500	420.609375	F#4	74	80	0
1496	419.716146	419.848958	Bb3	47	80	0
1497	419.828125	421.188802	Bb2	41	80	0
1498	419.914062	420.908854	Bb3	49	80	0
1499	420.134115	421.069010	C5	64	80	0
1500	420.154948	420.688802	Eb4	44	80	0
1501	420.953125	422.218750	A4	54	80	0
1502	420.983073	422.500000	F#4	40	80	0
1503	420.985677	421.378906	C4	34	80	0
1504	420.986979	421.839844	Eb4	38	80	0
1505	421.351562	421.559896	Bb3	35	80	0
1506	421.494792	421.739583	Bb2	34	80	0
1507	421.632812	421.869792	Bb3	35	80	0
1508	422.036458	423.289062	D3	44	80	0
1509	422.063802	423.718750	Bb3	34	80	0
1510	422.074219	425.799479	Bb2	29	80	0
1511	423.839844	424.158854	Eb3	28	80	0
1512	423.845052	424.016927	C3	27	80	0
1513	424.031250	425.789062	F3	33	80	0
1514	424.037760	425.598958	D3	32	80	0
1515	425.759115	427.149740	Eb3	38	80	0
1516	425.759115	426.949219	C3	38	80	0
1517	425.966146	426.057292	F4	37	80	0
1518	426.135417	426.201823	E4	42	80	0
1519	426.283854	426.459635	F4	44	80	0
1520	426.445312	426.539062	G4	51	80	0
1521	426.605469	426.779948	A4	48	80	0
1522	426.769531	427.000000	Bb4	57	80	0
1523	426.954427	427.179688	C5	51	80	0
1524	427.291667	429.000000	D5	59	80	0
1525	427.320312	427.348958	F3	31	80	0
1526	427.324219	429.199219	D3	29	80	0
1527	427.324219	427.559896	Bb4	35	80	0
1528	427.335938	428.619792	Bb3	34	80	0
1529	427.342448	429.839844	Bb2	30	80	0
1530	428.833333	429.408854	Eb5	56	80	0
1531	428.854167	429.139323	C5	43	80	0
1532	429.022135	430.878906	F5	61	80	0
1533	430.574219	432.089844	Eb5	56	80	0
1534	430.605469	432.139323	C5	41	80	0
1535	430.614583	432.019531	F4	34	80	0
1536	430.615885	430.628906	F3	33	80	0
1537	430.835938	431.000000	F3	26	80	0
1538	430.973958	431.046875	E3	41	80	0
1539	431.115885	431.339844	F3	44	80	0
1540	431.279948	431.375000	G3	50	80	0
1541	431.436198	431.579427	A3	53	80	0
1542	431.602865	433.559896	Bb3	63	80	0
1543	431.774740	432.119792	C4	65	80	0
1544	432.024740	433.579427	D4	67	80	0
1545	432.026042	433.598958	F4	56	80	0
1546	432.027344	433.718750	Bb4	54	80	0
1547	433.492188	433.989583	Eb4	71	80	0
1548	433.510417	433.829427	C4	54	80	0
1549	433.684896	437.500000	F4	68	80	0
1550	433.688802	437.500000	D4	62	80	0
1551	435.412760	437.598958	Bb1	73	80	0
1552	437.299479	440.899740	A1	38	80	0
1553	442.308594	443.408854	C6	68	80	0
1554	443.403646	443.549479	D6	51	80	0
1555	443.494792	443.544271	C6	49	80	0
1556	443.571615	443.665365	B5	54	80	0
1557	443.682292	444.169271	C6	64	80	0
1558	443.856771	444.130208	D6	71	80	0
1559	444.093750	444.919271	Eb6	71	80	0
1560	445.856771	447.500000	F#4	70	80	0
1561	445.871094	447.259115	Eb4	55	80	0
1562	445.876302	446.809896	C4	50	80	0
1563	445.880208	447.188802	Bb3	55	80	0
1564	447.760417	450.119792	F4	42	80	0
1565	447.808594	450.378906	C4	25	80	0
1566	447.812500	450.239583	A3	27	80	0
1567	447.816406	450.079427	Eb4	31	80	0
1568	450.902344	451.149740	G4	41	80	0
1569	450.932292	451.889323	C4	17	80	0
1570	451.049479	451.110677	F4	38	80	0
1571	451.144531	451.348958	E4	44	80	0
1572	451.257812	451.769531	F4	49	80	0
1573	451.350260	451.549479	G4	47	80	0
1574	451.427083	451.488281	A4	46	80	0
1575	451.516927	451.574219	Bb4	52	80	0
1576	451.611979	451.674479	C5	51	80	0
1577	451.703125	451.768229	D5	50	80	0
1578	451.785156	451.860677	Eb5	58	80	0
1579	451.886719	451.989583	F5	68	80	0
1580	451.981771	452.084635	G5	64	80	0
1581	452.076823	452.234375	A5	65	80	0
1582	452.204427	452.500000	Bb5	64	80	0
1583	452.542969	453.079427	C6	72	80	0
1584	453.075521	453.184896	D6	76	80	0
1585	453.162760	453.238281	C6	71	80	0
1586	453.263021	453.373698	B5	67	80	0
1587	453.355469	453.968750	C6	82	80	0
1588	453.927083	454.144531	D6	86	80	0
1589	454.113281	454.628906	Eb6	91	80	0
1590	455.764323	457.348958	Eb5	81	80	0
1591	455.776042	456.539062	C5	67	80	0
1592	455.783854	457.459635	A4	74	80	0
1593	455.787760	456.889323	Eb4	64	80	0
1594	455.792969	457.000000	C4	58	80	0
1595	455.808594	457.319010	F#3	44	80	0
1596	457.479167	458.259115	D5	77	80	0
1597	457.485677	458.119792	D4	62	80	0
1598	457.486979	458.089844	Bb4	76	80	0
1599	457.496094	457.908854	G4	62	80	0
1600	457.497396	458.139323	Bb3	59	80	0
1601	457.507812	458.209635	G3	52	80	0
1602	459.356771	462.500000	G5	89	80	0
1603	460.136719	460.628906	C#4	76	80	0
1604	460.141927	460.579427	Bb3	77	80	0
1605	460.143229	460.539062	E3	65	80	0
1606	460.994792	461.369792	G4	75	80	0
1607	460.996094	461.289062	Bb4	76	80	0
1608	460.996094	461.309896	C#5	67	80	0
1609	462.966146	466.598958	F5	50	80	0
1610	463.764323	464.089844	Bb3	21	80	0
1611	463.764323	464.128906	D4	20	80	0
1612	463.778646	464.718750	F3	18	80	0
1613	464.552083	465.049479	D5	31	80	0
1614	464.554688	465.449219	F4	25	80	0
1615	464.554688	464.938802	Bb4	28	80	0
1616	464.558594	464.628906	Bb3	21	80	0
1617	465.278646	465.679688	F2	23	80	0
1618	465.283854	465.438802	F1	25	80	0
1619	466.126302	467.438802	A4	37	80	0
1620	466.148438	467.489583	Eb4	29	80	0
1621	466.153646	466.559896	C4	26	80	0
1622	466.166667	466.359375	F3	19	80	0
1623	467.041667	467.283854	F2	27	80	0
1624	467.044271	467.438802	F3	28	80	0
1625	468.093750	468.688802	Bb4	35	80	0
1626	468.104167	468.639323	D4	24	80	0
1627	468.104167	468.389323	F3	22	80	0
1628	468.111979	469.089844	Bb2	21	80	0
1629	468.121094	469.889323	Bb3	19	80	0
1630	469.188802	470.519531	F5	48	80	0
1631	469.227865	470.589844	F4	24	80	0
1632	469.233073	471.128906	F3	22	80	0
1633	470.054688	470.878906	D5	50	80	0
1634	470.100260	470.718750	D4	26	80	0
1635	470.783854	471.589844	B4	55	80	0
1636	470.815104	471.119792	B3	36	80	0
1637	470.816406	471.109375	D4	23	80	0
1638	471.516927	472.959635	Bb4	57	80	0
1639	471.544271	472.139323	Bb3	38	80	0
1640	472.173177	472.979167	G#4	49	80	0
1641	472.230469	472.489583	G#3	19	80	0
1642	472.923177	472.929688	Bb1	29	80	0
1643	472.924479	474.729167	G4	45	80	0
1644	472.934896	473.199219	D4	25	80	0
1645	472.947917	474.359375	G3	28	80	0
1646	472.955729	476.199219	Bb2	22	80	0
1647	473.729167	475.079427	Bb4	44	80	0
1648	473.734375	474.609375	Bb3	34	80	0
1649	474.424479	476.000000	Eb4	41	80	0
1650	474.475260	475.449219	Eb3	27	80	0
1651	475.126302	476.188802	G4	42	80	0
1652	475.154948	475.929688	G3	31	80	0
1653	475.864583	476.699219	C4	41	80	0
1654	475.886719	477.169271	C3	29	80	0
1655	476.662760	477.658854	F3	29	80	0
1656	476.662760	477.569010	F4	31	80	0
1657	476.707031	477.309896	C4	15	80	0
1658	477.054688	477.649740	Eb4	34	80	0
1659	477.084635	477.688802	Eb3	28	80	0
1660	477.536458	478.750000	D4	28	80	0
1661	477.562500	478.128906	Bb3	28	80	0
1662	477.563802	481.519531	Bb2	30	80	0
1663	478.432292	479.389323	F4	30	80	0
1664	479.119792	479.949219	D4	46	80	0
1665	479.825521	480.679688	B3	53	80	0
1666	479.826823	481.009115	D5	58	80	0
1667	480.562500	482.000000	Bb3	56	80	0
1668	481.253906	481.313802	D5	49	80	0
1669	481.268229	481.759115	G#3	39	80	0
1670	481.339844	481.408854	Eb5	42	80	0
1671	481.404948	481.455729	D5	45	80	0
1672	481.473958	481.628906	Eb5	54	80	0
1673	481.550781	481.614583	D5	42	80	0
1674	481.647135	481.765625	C5	50	80	0
1675	481.786458	482.179688	D5	61	80	0
1676	482.061198	483.109375	F5	62	80	0
1677	482.085938	483.869792	G3	37	80	0
1678	482.089844	482.658854	Bb2	37	80	0
1679	482.955729	483.989583	Bb2	31	80	0
1680	482.955729	483.899740	Eb5	43	80	0
1681	482.955729	486.009115	Bb3	37	80	0
1682	483.683594	484.779948	Eb3	44	80	0
1683	484.492188	486.149740	Eb5	57	80	0
1684	484.541667	485.339844	G3	36	80	0
1685	485.236979	486.639323	C3	29	80	0
1686	486.031250	486.598958	F3	32	80	0
1687	486.039062	486.125000	A4	41	80	0
1688	486.165365	486.250000	Bb4	45	80	0
1689	486.234375	486.359375	A4	43	80	0
1690	486.320312	486.399740	Bb4	47	80	0
1691	486.368490	486.468750	A4	42	80	0
1692	486.393229	486.869792	Eb3	34	80	0
1693	486.483073	486.658854	G4	39	80	0
1694	486.617188	486.859375	A4	45	80	0
1695	486.763021	488.109375	Bb4	47	80	0
1696	486.817708	487.739583	D3	29	80	0
1697	486.820312	488.000000	Bb2	36	80	0
1698	487.644531	488.259115	F3	32	80	0
1699	487.984375	488.519531	A4	50	80	0
1700	488.005208	488.218750	Bb2	27	80	0
1701	488.006510	488.509115	Eb3	27	80	0
1702	488.429688	489.468750	Bb4	46	80	0
1703	488.462240	488.468750	F4	29	80	0
1704	488.463542	489.389323	D3	30	80	0
1705	488.464844	489.859375	Bb2	28	80	0
1706	488.466146	489.079427	Bb3	31	80	0
1707	489.226562	489.899740	F3	36	80	0
1708	489.595052	490.035156	C5	60	80	0
1709	489.604167	490.039062	A4	55	80	0
1710	489.644531	490.089844	Eb3	35	80	0
1711	490.011719	491.259115	D5	54	80	0
1712	490.054688	490.819010	Bb4	36	80	0
1713	490.055990	491.000000	D3	30	80	0
1714	490.069010	491.329427	Bb2	29	80	0
1715	490.860677	491.389323	F3	38	80	0
1716	491.296875	492.019531	A5	71	80	0
1717	491.324219	492.009115	C5	58	80	0
1718	491.333333	492.039062	Eb3	37	80	0
1719	491.337240	491.699219	Bb2	35	80	0
1720	491.919271	493.269531	Bb5	69	80	0
1721	491.957031	493.938802	D3	30	80	0
1722	491.959635	494.419271	Bb2	33	80	0
1723	491.962240	492.079427	Bb4	38	80	0
1724	491.964844	492.329427	D5	29	80	0
1725	492.973958	494.098958	D6	80	80	0
1726	493.966146	494.259115	C6	64	80	0
1727	494.272135	495.989583	C6	60	80	0
1728	497.395833	499.369792	Bb5	31	80	0
1729	499.174479	502.500000	Bb1	20	80	0
#SusPed	0.747396	85	0
#SusPed	6.750000	0	0
#SusPed	7.973958	75	0
#SusPed	8.509115	0	0
#SusPed	8.524740	93	0
#SusPed	11.609375	0	0
#SusPed	11.621094	65	0
#SusPed	11.848958	0	0
#SusPed	11.854167	82	0
#SusPed	17.589844	0	0
#SusPed	17.597656	69	0
#SusPed	18.699219	0	0
#SusPed	18.707031	77	0
#SusPed	18.799479	0	0
#SusPed	18.809896	76	0
#SusPed	18.929688	0	0
#SusPed	18.934896	71	0
#SusPed	21.399740	0	0
#SusPed	21.414062	68	0
#SusPed	22.539062	0	0
#SusPed	22.545573	75	0
#SusPed	24.938802	0	0
#SusPed	24.944010	100	0
#SusPed	25.119792	0	0
#SusPed	25.126302	95	0
#SusPed	25.569010	0	0
#SusPed	25.582031	63	0
#SusPed	25.619792	0	0
#SusPed	25.632812	57	0
#SusPed	25.968750	0	0
#SusPed	25.983073	45	0
#SusPed	26.399740	0	0
#SusPed	26.407552	50	0
#SusPed	27.500000	0	0
#SusPed	27.511719	62	0
#SusPed	28.239583	0	0
#SusPed	28.251302	70	0
#SusPed	30.839844	0	0
#SusPed	30.847656	64	0
#SusPed	31.289062	0	0
#SusPed	31.296875	65	0
#SusPed	32.408854	0	0
#SusPed	32.416667	60	0
#SusPed	32.539062	0	0
#SusPed	32.548177	64	0
#SusPed	33.128906	0	0
#SusPed	33.135417	68	0
#SusPed	33.319010	0	0
#SusPed	33.325521	73	0
#SusPed	33.769531	0	0
#SusPed	33.776042	81	0
#SusPed	33.989583	0	0
#SusPed	34.002604	69	0
#SofPed	34.170573	77	0
#SofPed	34.339844	0	0
#SofPed	34.346354	65	0
#SusPed	34.399740	0	0
#SofPed	34.408854	0	0
#SusPed	34.414062	82	0
#SofPed	34.416667	65	0
#SusPed	34.619792	0	0
#SofPed	34.628906	0	0
#SusPed	34.634115	71	0
#SofPed	34.644531	66	0
#SusPed	35.079427	0	0
#SusPed	35.084635	84	0
#SusPed	35.199219	0	0
#SusPed	35.208333	65	0
#SusPed	35.789062	0	0
#SusPed	35.798177	55	0
#SusPed	35.989583	0	0
#SusPed	35.998698	60	0
#SusPed	36.169271	0	0
#SusPed	36.182292	73	0
#SusPed	36.489583	0	0
#SusPed	36.496094	79	0
#SusPed	36.968750	0	0
#SusPed	36.977865	68	0
#SusPed	37.489583	0	0
#SusPed	37.503906	71	0
#SofPed	38.089844	0	0
#SofPed	38.102865	81	0
#SusPed	38.438802	0	0
#SusPed	38.445312	70	0
#SusPed	38.908854	0	0
#SusPed	38.915365	60	0
#SusPed	39.000000	0	0
#SusPed	39.009115	64	0
#SusPed	39.509115	0	0
#SusPed	39.515625	70	0
#SofPed	39.789062	0	0
#SusPed	40.299479	0	0
#SusPed	40.304688	67	0
#SusPed	40.908854	0	0
#SusPed	40.915365	77	0
#SusPed	42.319010	0	0
#SusPed	42.333333	68	0
#SusPed	42.688802	0	0
#SusPed	42.697917	63	0
#SusPed	43.609375	0	0
#SusPed	43.617188	84	0
#SusPed	44.109375	0	0
#SusPed	44.115885	69	0
#SusPed	45.408854	0	0
#SusPed	45.417969	73	0
#SusPed	45.589844	0	0
#SusPed	45.601562	64	0
#SusPed	45.839844	0	0
#SusPed	45.852865	83	0
#SusPed	45.979167	0	0
#SusPed	45.986979	66	0
#SusPed	46.158854	0	0
#SusPed	46.171875	55	0
#SusPed	46.609375	0	0
#SusPed	46.623698	64	0
#SusPed	46.829427	0	0
#SusPed	46.842448	49	0
#SusPed	47.209635	0	0
#SusPed	47.217448	55	0
#SusPed	50.688802	0	0
#SusPed	50.694010	78	0
#SusPed	51.908854	0	0
#SusPed	51.920573	71	0
#SusPed	52.188802	0	0
#SusPed	52.200521	66	0
#SusPed	55.209635	0	0
#SusPed	55.221354	73	0
#SusPed	55.389323	0	0
#SusPed	55.402344	69	0
#SusPed	55.598958	0	0
#SusPed	55.611979	77	0
#SusPed	55.799479	0	0
#SusPed	55.813802	77	0
#SusPed	55.899740	0	0
#SusPed	55.912760	70	0
#SusPed	55.949219	0	0
#SusPed	55.954427	62	0
#SusPed	56.188802	0	0
#SusPed	56.197917	78	0
#SusPed	56.649740	0	0
#SusPed	56.656250	95	0
#SusPed	56.959635	0	0
#SusPed	56.971354	59	0
#SusPed	57.569010	0	0
#SusPed	57.578125	84	0
#SofPed	58.026042	91	0
#SofPed	58.438802	0	0
#SofPed	58.445312	87	0
#SusPed	60.299479	0	0
#SusPed	60.307292	64	0
#SusPed	61.000000	0	0
#SusPed	61.009115	64	0
#SusPed	61.839844	0	0
#SusPed	61.845052	55	0
#SusPed	62.339844	0	0
#SusPed	62.345052	77	0
#SofPed	62.459635	0	0
#SusPed	63.679688	0	0
#SusPed	63.694010	73	0
#SusPed	63.899740	0	0
#SusPed	63.904948	79	0
#SusPed	65.039062	0	0
#SusPed	65.050781	69	0
#SusPed	65.169271	0	0
#SusPed	65.175781	69	0
#SusPed	65.848958	0	0
#SusPed	65.863281	70	0
#SusPed	66.069010	0	0
#SusPed	66.080729	69	0
#SusPed	66.699219	0	0
#SusPed	66.708333	54	0
#SusPed	67.000000	0	0
#SusPed	67.013021	85	0
#SusPed	68.199219	0	0
#SusPed	68.204427	103	0
#SusPed	68.628906	0	0
#SusPed	68.635417	71	0
#SofPed	68.869792	69	0
#SofPed	69.059896	0	0
#SofPed	69.072917	87	0
#SofPed	69.188802	0	0
#SofPed	69.196615	95	0
#SusPed	69.829427	0	0
#SusPed	69.843750	95	0
#SusPed	70.239583	0	0
#SusPed	70.253906	81	0
#SofPed	70.500000	0	0
#SofPed	70.510417	77	0
#SusPed	71.149740	0	0
#SusPed	71.162760	69	0
#SusPed	72.049479	0	0
#SusPed	72.054688	77	0
#SofPed	72.500000	0	0
#SusPed	73.419271	0	0
#SusPed	73.427083	83	0
#SusPed	73.628906	0	0
#SusPed	73.643229	96	0
#SofPed	74.363281	33	0
#SusPed	74.549479	0	0
#SusPed	74.554688	64	0
#SusPed	75.059896	0	0
#SusPed	75.065104	44	0
#SusPed	75.658854	0	0
#SusPed	75.665365	79	0
#SofPed	77.500000	0	0
#SusPed	77.968750	0	0
#SusPed	77.976562	58	0
#SusPed	78.378906	0	0
#SusPed	78.385417	57	0
#SusPed	80.069010	0	0
#SusPed	80.080729	70	0
#SusPed	80.539062	0	0
#SusPed	80.545573	78	0
#SusPed	82.889323	0	0
#SusPed	82.902344	61	0
#SusPed	83.359375	0	0
#SusPed	83.367188	83	0
#SusPed	83.829427	0	0
#SusPed	83.837240	66	0
#SusPed	84.658854	0	0
#SusPed	84.667969	73	0
#SusPed	84.789062	0	0
#SusPed	84.795573	82	0
#SusPed	85.579427	0	0
#SusPed	85.585938	66	0
#SusPed	85.929688	0	0
#SusPed	85.944010	82	0
#SusPed	86.269531	0	0
#SusPed	86.277344	92	0
#SusPed	88.509115	0	0
#SusPed	88.515625	67	0
#SusPed	88.848958	0	0
#SusPed	88.855469	74	0
#SusPed	89.989583	0	0
#SusPed	89.996094	69	0
#SusPed	90.399740	0	0
#SusPed	90.408854	64	0
#SusPed	91.649740	0	0
#SusPed	91.662760	63	0
#SusPed	92.479167	0	0
#SusPed	92.484375	85	0
#SusPed	93.218750	0	0
#SusPed	93.233073	78	0
#SusPed	93.269531	0	0
#SusPed	93.276042	72	0
#SusPed	93.669271	0	0
#SusPed	93.679688	66	0
#SusPed	94.809896	0	0
#SusPed	94.822917	68	0
#SusPed	95.139323	0	0
#SusPed	95.153646	59	0
#SusPed	96.799479	0	0
#SusPed	96.807292	64	0
#SusPed	98.188802	0	0
#SusPed	98.203125	66	0
#SusPed	98.399740	0	0
#SusPed	98.406250	70	0
#SusPed	98.859375	0	0
#SusPed	98.873698	61	0
#SusPed	99.049479	0	0
#SusPed	99.054688	74	0
#SusPed	99.419271	0	0
#SusPed	99.432292	68	0
#SusPed	99.729167	0	0
#SusPed	99.744792	72	0
#SofPed	99.855469	49	0
#SusPed	100.098958	0	0
#SusPed	100.106771	73	0
#SofPed	100.128906	0	0
#SofPed	100.136719	51	0
#SofPed	100.269531	0	0
#SofPed	100.282552	54	0
#SusPed	100.359375	0	0
#SusPed	100.367188	84	0
#SusPed	100.989583	0	0
#SusPed	101.003906	94	0
#SusPed	101.199219	0	0
#SusPed	101.205729	68	0
#SusPed	102.149740	0	0
#SusPed	102.154948	87	0
#SusPed	102.389323	0	0
#SusPed	102.394531	84	0
#SusPed	102.938802	0	0
#SusPed	102.945312	62	0
#SusPed	103.119792	0	0
#SusPed	103.132812	58	0
#SusPed	104.399740	0	0
#SusPed	104.406250	64	0
#SusPed	104.489583	0	0
#SusPed	104.497396	54	0
#SusPed	104.859375	0	0
#SusPed	104.869792	82	0
#SusPed	105.889323	0	0
#SusPed	105.895833	57	0
#SusPed	106.019531	0	0
#SusPed	106.033854	79	0
#SusPed	106.269531	0	0
#SofPed	106.279948	0	0
#SusPed	106.282552	96	0
#SusPed	106.438802	0	0
#SofPed	106.442708	65	0
#SusPed	106.445312	86	0
#SofPed	106.679688	0	0
#SofPed	106.691406	69	0
#SusPed	106.739583	0	0
#SusPed	106.746094	70	0
#SusPed	106.979167	0	0
#SusPed	106.993490	77	0
#SofPed	107.098958	0	0
#SofPed	107.105469	52	0
#SofPed	108.149740	0	0
#SofPed	108.164062	76	0
#SofPed	108.279948	0	0
#SofPed	108.286458	73	0
#SusPed	108.419271	0	0
#SusPed	108.430990	66	0
#SusPed	108.628906	0	0
#SusPed	108.644531	77	0
#SofPed	108.679688	0	0
#SofPed	108.694010	60	0
#SusPed	109.938802	0	0
#SusPed	109.954427	67	0
#SofPed	110.229167	0	0
#SofPed	110.243490	86	0
#SusPed	110.279948	0	0
#SusPed	110.290365	76	0
#SusPed	111.649740	0	0
#SusPed	111.654948	68	0
#SusPed	111.968750	0	0
#SusPed	111.979167	76	0
#SusPed	114.639323	0	0
#SusPed	114.645833	67	0
#SusPed	114.779948	0	0
#SusPed	114.790365	63	0
#SofPed	114.859375	0	0
#SusPed	115.378906	0	0
#SusPed	115.390625	65	0
#SusPed	115.589844	0	0
#SusPed	115.601562	70	0
#SusPed	116.049479	0	0
#SusPed	116.062500	93	0
#SusPed	117.539062	0	0
#SusPed	117.553385	78	0
#SusPed	117.789062	0	0
#SusPed	117.795573	77	0
#SofPed	117.911458	94	0
#SusPed	118.218750	0	0
#SusPed	118.233073	95	0
#SusPed	118.889323	0	0
#SusPed	118.899740	87	0
#SusPed	119.109375	0	0
#SusPed	119.122396	65	0
#SofPed	119.218750	0	0
#SofPed	119.227865	103	0
#SofPed	119.529948	0	0
#SofPed	119.537760	102	0
#SusPed	119.699219	0	0
#SusPed	119.705729	63	0
#SusPed	119.908854	0	0
#SusPed	119.916667	60	0
#SofPed	119.919271	0	0
#SofPed	119.933594	93	0
#SofPed	120.359375	0	0
#SofPed	120.373698	94	0
#SusPed	120.449219	0	0
#SusPed	120.457031	96	0
#SusPed	120.589844	0	0
#SusPed	120.601562	66	0
#SusPed	120.759115	0	0
#SofPed	120.759115	0	0
#SusPed	120.772135	54	0
#SofPed	120.772135	92	0
#SofPed	120.809896	0	0
#SofPed	120.815104	92	0
#SusPed	121.878906	0	0
#SusPed	121.888021	77	0
#SusPed	122.128906	0	0
#SusPed	122.138021	86	0
#SofPed	122.149740	0	0
#SofPed	122.162760	91	0
#SusPed	122.569010	0	0
#SofPed	122.579427	0	0
#SusPed	122.582031	87	0
#SofPed	122.588542	82	0
#SofPed	122.739583	0	0
#SofPed	122.744792	70	0
#SofPed	122.889323	0	0
#SofPed	122.898438	79	0
#SofPed	122.968750	0	0
#SofPed	122.983073	77	0
#SofPed	123.169271	0	0
#SofPed	123.182292	80	0
#SusPed	123.259115	0	0
#SusPed	123.266927	60	0
#SusPed	123.378906	0	0
#SusPed	123.386719	62	0
#SofPed	123.389323	0	0
#SofPed	123.395833	80	0
#SofPed	123.869792	0	0
#SofPed	123.881510	87	0
#SusPed	123.919271	0	0
#SusPed	123.933594	72	0
#SofPed	124.188802	0	0
#SofPed	124.203125	60	0
#SusPed	124.209635	0	0
#SusPed	124.218750	84	0
#SusPed	124.688802	0	0
#SofPed	124.688802	0	0
#SusPed	124.696615	92	0
#SofPed	124.704427	48	0
#SusPed	124.799479	0	0
#SusPed	124.813802	69	0
#SofPed	124.989583	0	0
#SofPed	124.996094	45	0
#SofPed	125.819010	0	0
#SofPed	125.825521	111	0
#SusPed	126.029948	0	0
#SusPed	126.036458	94	0
#SofPed	126.128906	0	0
#SofPed	126.136719	112	0
#SofPed	126.218750	0	0
#SofPed	126.231771	112	0
#SusPed	126.279948	0	0
#SusPed	126.294271	76	0
#SofPed	126.299479	0	0
#SofPed	126.313802	109	0
#SusPed	126.500000	0	0
#SusPed	126.514323	72	0
#SofPed	126.529948	0	0
#SofPed	126.542969	99	0
#SofPed	126.669271	0	0
#SofPed	126.678385	94	0
#SofPed	126.938802	0	0
#SofPed	126.945312	80	0
#SofPed	127.169271	0	0
#SofPed	127.177083	72	0
#SofPed	127.539062	0	0
#SofPed	127.554688	65	0
#SusPed	127.658854	0	0
#SusPed	127.667969	82	0
#SofPed	127.669271	0	0
#SofPed	127.678385	79	0
#SusPed	127.859375	0	0
#SusPed	127.864583	65	0
#SofPed	128.009115	0	0
#SofPed	128.023438	82	0
#SusPed	128.468750	0	0
#SusPed	128.475260	87	0
#SusPed	129.399740	0	0
#SusPed	129.414062	67	0
#SusPed	129.669271	0	0
#SusPed	129.677083	68	0
#SusPed	130.789062	0	0
#SusPed	130.796875	80	0
#SusPed	131.069010	0	0
#SusPed	131.078125	83	0
#SusPed	131.739583	0	0
#SusPed	131.753906	83	0
#SusPed	132.479167	0	0
#SusPed	132.492188	66	0
#SusPed	132.718750	0	0
#SusPed	132.725260	71	0
#SusPed	133.259115	0	0
#SusPed	133.272135	59	0
#SusPed	133.419271	0	0
#SusPed	133.427083	67	0
#SofPed	134.019531	0	0
#SusPed	134.109375	0	0
#SusPed	134.123698	59	0
#SusPed	134.359375	0	0
#SusPed	134.365885	77	0
#SusPed	136.348958	0	0
#SusPed	136.355469	82	0
#SusPed	137.158854	0	0
#SusPed	137.167969	53	0
#SusPed	137.419271	0	0
#SusPed	137.424479	70	0
#SusPed	137.908854	0	0
#SusPed	137.924479	52	0
#SusPed	138.079427	0	0
#SusPed	138.089844	70	0
#SusPed	138.750000	0	0
#SusPed	138.755208	58	0
#SusPed	138.839844	0	0
#SusPed	138.845052	49	0
#SusPed	144.389323	0	0
#SusPed	144.395833	58	0
#SofPed	144.776042	103	0
#SusPed	144.949219	0	0
#SusPed	144.960938	57	0
#SofPed	144.968750	0	0
#SofPed	144.979167	103	0
#SusPed	145.718750	0	0
#SofPed	145.718750	0	0
#SofPed	145.725260	89	0
#SusPed	145.725260	71	0
#SusPed	146.059896	0	0
#SusPed	146.072917	58	0
#SofPed	146.149740	0	0
#SofPed	146.162760	93	0
#SusPed	146.459635	0	0
#SusPed	146.471354	61	0
#SofPed	146.509115	0	0
#SofPed	146.514323	99	0
#SusPed	146.589844	0	0
#SusPed	146.601562	50	0
#SofPed	146.769531	0	0
#SofPed	146.779948	92	0
#SusPed	146.789062	0	0
#SusPed	146.803385	63	0
#SusPed	147.239583	0	0
#SusPed	147.252604	52	0
#SofPed	147.369792	0	0
#SofPed	147.378906	94	0
#SusPed	147.429688	0	0
#SusPed	147.441406	45	0
#SofPed	147.449219	0	0
#SofPed	147.460938	99	0
#SusPed	147.628906	0	0
#SusPed	147.643229	60	0
#SofPed	147.779948	0	0
#SofPed	147.794271	93	0
#SusPed	147.848958	0	0
#SusPed	147.856771	75	0
#SofPed	148.000000	0	0
#SofPed	148.013021	88	0
#SusPed	148.239583	0	0
#SusPed	148.247396	55	0
#SofPed	148.619792	0	0
#SofPed	148.634115	68	0
#SusPed	148.649740	0	0
#SusPed	148.661458	56	0
#SofPed	151.039062	0	0
#SofPed	151.045573	58	0
#SofPed	151.199219	0	0
#SofPed	151.214844	66	0
#SusPed	151.489583	0	0
#SusPed	151.502604	68	0
#SofPed	151.729167	0	0
#SofPed	151.743490	100	0
#SusPed	151.759115	0	0
#SusPed	151.770833	58	0
#SofPed	152.029948	0	0
#SofPed	152.035156	102	0
#SusPed	152.779948	0	0
#SusPed	152.785156	66	0
#SusPed	153.000000	0	0
#SusPed	153.014323	62	0
#SusPed	155.509115	0	0
#SusPed	155.514323	63	0
#SusPed	155.759115	0	0
#SusPed	155.764323	68	0
#SusPed	156.139323	0	0
#SusPed	156.145833	49	0
#SusPed	156.259115	0	0
#SusPed	156.273438	71	0
#SusPed	156.949219	0	0
#SusPed	156.963542	64	0
#SusPed	157.139323	0	0
#SusPed	157.149740	65	0
#SofPed	158.039062	0	0
#SusPed	159.789062	0	0
#SusPed	159.795573	65	0
#SusPed	160.069010	0	0
#SusPed	160.083333	62	0
#SusPed	160.539062	0	0
#SusPed	160.553385	56	0
#SusPed	161.149740	0	0
#SusPed	161.156250	71	0
#SusPed	161.329427	0	0
#SusPed	161.341146	58	0
#SusPed	162.628906	0	0
#SusPed	162.641927	59	0
#SusPed	162.938802	0	0
#SusPed	162.954427	57	0
#SusPed	163.468750	0	0
#SusPed	163.477865	57	0
#SusPed	163.718750	0	0
#SusPed	163.726562	58	0
#SusPed	164.059896	0	0
#SusPed	164.072917	60	0
#SusPed	164.158854	0	0
#SusPed	164.171875	57	0
#SusPed	164.218750	0	0
#SusPed	164.226562	50	0
#SusPed	164.259115	0	0
#SusPed	164.266927	46	0
#SofPed	164.315104	79	0
#SofPed	164.468750	0	0
#SofPed	164.483073	76	0
#SusPed	164.529948	0	0
#SofPed	164.539062	0	0
#SusPed	164.539062	42	0
#SofPed	164.553385	73	0
#SofPed	164.639323	0	0
#SofPed	164.644531	71	0
#SusPed	164.729167	0	0
#SusPed	164.736979	38	0
#SofPed	164.750000	0	0
#SofPed	164.763021	78	0
#SusPed	164.839844	0	0
#SusPed	164.845052	38	0
#SofPed	164.878906	0	0
#SofPed	164.886719	83	0
#SofPed	164.959635	0	0
#SofPed	164.964844	85	0
#SusPed	165.239583	0	0
#SofPed	165.250000	0	0
#SusPed	165.252604	33	0
#SofPed	165.255208	89	0
#SusPed	165.309896	0	0
#SofPed	165.319010	0	0
#SusPed	165.321615	34	0
#SofPed	165.334635	95	0
#SusPed	165.628906	0	0
#SusPed	165.638021	35	0
#SusPed	165.959635	0	0
#SusPed	165.967448	58	0
#SusPed	167.109375	0	0
#SusPed	167.123698	67	0
#SusPed	167.339844	0	0
#SusPed	167.346354	61	0
#SofPed	168.119792	0	0
#SofPed	168.128906	88	0
#SofPed	168.329427	0	0
#SofPed	168.334635	82	0
#SusPed	168.539062	0	0
#SusPed	168.545573	57	0
#SofPed	168.589844	0	0
#SofPed	168.597656	90	0
#SofPed	168.739583	0	0
#SofPed	168.744792	98	0
#SusPed	168.839844	0	0
#SusPed	168.846354	53	0
#SofPed	169.229167	0	0
#SofPed	169.234375	96	0
#SusPed	169.889323	0	0
#SusPed	169.902344	62	0
#SusPed	170.069010	0	0
#SusPed	170.083333	66	0
#SusPed	171.319010	0	0
#SusPed	171.325521	50	0
#SofPed	171.500000	0	0
#SofPed	171.505208	110	0
#SofPed	172.139323	0	0
#SofPed	172.144531	81	0
#SofPed	172.348958	0	0
#SofPed	172.363281	72	0
#SofPed	172.579427	0	0
#SofPed	172.587240	83	0
#SusPed	172.639323	0	0
#SusPed	172.649740	76	0
#SusPed	172.859375	0	0
#SusPed	172.865885	86	0
#SofPed	172.869792	0	0
#SofPed	172.884115	92	0
#SusPed	173.339844	0	0
#SusPed	173.345052	75	0
#SusPed	173.500000	0	0
#SusPed	173.511719	83	0
#SusPed	174.169271	0	0
#SusPed	174.178385	91	0
#SusPed	174.389323	0	0
#SusPed	174.395833	69	0
#SusPed	177.139323	0	0
#SusPed	177.151042	79	0
#SusPed	177.429688	0	0
#SusPed	177.440104	82	0
#SofPed	177.609375	0	0
#SofPed	177.614583	54	0
#SofPed	177.799479	0	0
#SofPed	177.813802	60	0
#SusPed	177.908854	0	0
#SusPed	177.914062	86	0
#SofPed	178.218750	0	0
#SofPed	178.233073	56	0
#SusPed	178.949219	0	0
#SusPed	178.957031	67	0
#SusPed	179.399740	0	0
#SusPed	179.414062	75	0
#SusPed	180.319010	0	0
#SusPed	180.330729	70	0
#SusPed	180.619792	0	0
#SusPed	180.625000	56	0
#SusPed	180.729167	0	0
#SusPed	180.744792	52	0
#SusPed	180.889323	0	0
#SusPed	180.901042	49	0
#SusPed	181.149740	0	0
#SusPed	181.157552	50	0
#SusPed	181.859375	0	0
#SusPed	181.873698	61	0
#SusPed	182.279948	0	0
#SusPed	182.286458	58	0
#SusPed	182.789062	0	0
#SusPed	182.794271	53	0
#SusPed	183.468750	0	0
#SusPed	183.484375	55	0
#SusPed	183.729167	0	0
#SusPed	183.739583	72	0
#SofPed	184.229167	0	0
#SusPed	184.269531	0	0
#SusPed	184.282552	66	0
#SusPed	184.329427	0	0
#SusPed	184.337240	52	0
#SusPed	184.718750	0	0
#SusPed	184.731771	83	0
#SusPed	186.128906	0	0
#SusPed	186.135417	59	0
#SusPed	186.359375	0	0
#SusPed	186.369792	55	0
#SusPed	187.459635	0	0
#SusPed	187.471354	61	0
#SusPed	187.699219	0	0
#SusPed	187.705729	79	0
#SusPed	188.259115	0	0
#SusPed	188.268229	86	0
#SofPed	188.388021	52	0
#SusPed	189.119792	0	0
#SusPed	189.125000	79	0
#SusPed	189.419271	0	0
#SusPed	189.433594	85	0
#SofPed	190.589844	0	0
#SusPed	190.639323	0	0
#SusPed	190.653646	87	0
#SusPed	190.789062	0	0
#SusPed	190.799479	72	0
#SusPed	191.009115	0	0
#SusPed	191.019531	87	0
#SusPed	193.029948	0	0
#SusPed	193.040365	73	0
#SusPed	193.679688	0	0
#SusPed	193.688802	86	0
#SusPed	193.949219	0	0
#SusPed	193.963542	91	0
#SusPed	195.259115	0	0
#SusPed	195.268229	80	0
#SusPed	195.559896	0	0
#SusPed	195.572917	76	0
#SusPed	196.809896	0	0
#SusPed	196.824219	51	0
#SusPed	196.979167	0	0
#SusPed	196.985677	90	0
#SusPed	197.639323	0	0
#SusPed	197.649740	104	0
#SusPed	197.829427	0	0
#SusPed	197.841146	104	0
#SusPed	198.289062	0	0
#SusPed	198.296875	91	0
#SusPed	198.419271	0	0
#SusPed	198.425781	96	0
#SusPed	199.199219	0	0
#SusPed	199.204427	60	0
#SusPed	199.339844	0	0
#SusPed	199.346354	80	0
#SofPed	199.458333	34	0
#SofPed	199.569010	0	0
#SofPed	199.576823	38	0
#SofPed	199.619792	0	0
#SofPed	199.625000	44	0
#SofPed	199.699219	0	0
#SofPed	199.708333	41	0
#SofPed	199.789062	0	0
#SofPed	199.803385	42	0
#SofPed	199.949219	0	0
#SofPed	199.960938	52	0
#SusPed	200.019531	0	0
#SusPed	200.027344	69	0
#SofPed	200.039062	0	0
#SofPed	200.045573	58	0
#SofPed	200.199219	0	0
#SofPed	200.213542	54	0
#SofPed	200.269531	0	0
#SofPed	200.283854	53	0
#SofPed	200.429688	0	0
#SofPed	200.441406	53	0
#SofPed	200.559896	0	0
#SofPed	200.565104	49	0
#SusPed	200.729167	0	0
#SusPed	200.743490	89	0
#SusPed	200.989583	0	0
#SusPed	201.003906	70	0
#SofPed	201.039062	0	0
#SofPed	201.044271	36	0
#SofPed	201.158854	0	0
#SofPed	201.170573	35	0
#SofPed	201.399740	0	0
#SofPed	201.410156	48	0
#SusPed	201.529948	0	0
#SusPed	201.537760	66	0
#SofPed	201.549479	0	0
#SofPed	201.554688	88	0
#SofPed	201.709635	0	0
#SofPed	201.718750	108	0
#SusPed	201.919271	0	0
#SusPed	201.928385	52	0
#SofPed	201.938802	0	0
#SofPed	201.949219	111	0
#SusPed	202.079427	0	0
#SusPed	202.092448	50	0
#SusPed	202.119792	0	0
#SusPed	202.128906	48	0
#SofPed	202.139323	0	0
#SofPed	202.145833	111	0
#SusPed	202.500000	0	0
#SusPed	202.514323	50	0
#SusPed	202.729167	0	0
#SusPed	202.742188	50	0
#SusPed	202.789062	0	0
#SusPed	202.795573	48	0
#SusPed	203.109375	0	0
#SusPed	203.115885	50	0
#SusPed	203.269531	0	0
#SusPed	203.274740	55	0
#SusPed	203.718750	0	0
#SusPed	203.727865	71	0
#SusPed	204.229167	0	0
#SusPed	204.236979	69	0
#SusPed	205.109375	0	0
#SusPed	205.123698	73	0
#SusPed	205.519531	0	0
#SusPed	205.532552	68	0
#SusPed	207.079427	0	0
#SusPed	207.092448	71	0
#SofPed	207.500000	0	0
#SusPed	210.329427	0	0
#SusPed	210.341146	65	0
#SusPed	210.859375	0	0
#SusPed	210.867188	58	0
#SusPed	211.089844	0	0
#SusPed	211.102865	61	0
#SusPed	211.699219	0	0
#SusPed	211.705729	56	0
#SusPed	211.979167	0	0
#SusPed	211.992188	62	0
#SusPed	215.289062	0	0
#SusPed	215.296875	73	0
#SusPed	215.509115	0	0
#SusPed	215.515625	63	0
#SusPed	217.089844	0	0
#SusPed	217.095052	62	0
#SusPed	217.229167	0	0
#SusPed	217.242188	69	0
#SusPed	220.139323	0	0
#SusPed	220.147135	97	0
#SusPed	220.329427	0	0
#SusPed	220.335938	77	0
#SusPed	220.479167	0	0
#SusPed	220.485677	66	0
#SusPed	220.709635	0	0
#SusPed	220.717448	62	0
#SusPed	220.809896	0	0
#SusPed	220.821615	57	0
#SusPed	221.000000	0	0
#SusPed	221.013021	51	0
#SusPed	221.729167	0	0
#SusPed	221.734375	53	0
#SusPed	222.019531	0	0
#SusPed	222.032552	70	0
#SusPed	223.500000	0	0
#SusPed	223.514323	70	0
#SusPed	224.139323	0	0
#SusPed	224.148438	71	0
#SusPed	225.229167	0	0
#SusPed	225.243490	75	0
#SusPed	225.739583	0	0
#SusPed	225.747396	69	0
#SusPed	227.109375	0	0
#SusPed	227.121094	59	0
#SusPed	227.429688	0	0
#SusPed	227.434896	60	0
#SusPed	227.549479	0	0
#SusPed	227.558594	73	0
#SusPed	230.329427	0	0
#SusPed	230.343750	76	0
#SusPed	230.609375	0	0
#SusPed	230.615885	63	0
#SusPed	231.000000	0	0
#SusPed	231.013021	65	0
#SusPed	231.279948	0	0
#SusPed	231.285156	71	0
#SusPed	231.908854	0	0
#SusPed	231.914062	70	0
#SusPed	232.319010	0	0
#SusPed	232.325521	69	0
#SofPed	232.873698	68	0
#SofPed	233.069010	0	0
#SofPed	233.075521	76	0
#SofPed	233.459635	0	0
#SofPed	233.464844	78	0
#SusPed	233.489583	0	0
#SusPed	233.503906	88	0
#SusPed	233.679688	0	0
#SusPed	233.690104	56	0
#SofPed	233.839844	0	0
#SofPed	233.852865	86	0
#SusPed	233.899740	0	0
#SusPed	233.907552	67	0
#SusPed	235.239583	0	0
#SusPed	235.244792	72	0
#SusPed	235.609375	0	0
#SusPed	235.622396	76	0
#SusPed	235.919271	0	0
#SusPed	235.933594	60	0
#SusPed	236.069010	0	0
#SusPed	236.078125	60	0
#SusPed	236.569010	0	0
#SusPed	236.575521	71	0
#SusPed	236.779948	0	0
#SusPed	236.791667	69	0
#SusPed	237.259115	0	0
#SusPed	237.268229	79	0
#SusPed	238.000000	0	0
#SusPed	238.014323	74	0
#SusPed	238.199219	0	0
#SusPed	238.208333	69	0
#SusPed	238.759115	0	0
#SusPed	238.765625	66	0
#SusPed	238.899740	0	0
#SusPed	238.912760	80	0
#SofPed	239.179688	0	0
#SofPed	239.184896	27	0
#SofPed	239.438802	0	0
#SofPed	239.445312	36	0
#SofPed	239.549479	0	0
#SusPed	239.559896	0	0
#SofPed	239.563802	35	0
#SusPed	239.565104	74	0
#SofPed	239.699219	0	0
#SofPed	239.709635	40	0
#SusPed	239.718750	0	0
#SusPed	239.734375	64	0
#SofPed	239.839844	0	0
#SofPed	239.846354	47	0
#SusPed	239.889323	0	0
#SusPed	239.894531	68	0
#SofPed	239.968750	0	0
#SofPed	239.975260	53	0
#SusPed	240.029948	0	0
#SusPed	240.041667	66	0
#SofPed	240.139323	0	0
#SofPed	240.147135	56	0
#SusPed	240.199219	0	0
#SusPed	240.213542	55	0
#SusPed	240.329427	0	0
#SusPed	240.335938	56	0
#SusPed	240.369792	0	0
#SusPed	240.382812	59	0
#SofPed	240.479167	0	0
#SofPed	240.484375	67	0
#SusPed	240.500000	0	0
#SusPed	240.507812	66	0
#SusPed	240.859375	0	0
#SusPed	240.864583	74	0
#SusPed	241.449219	0	0
#SusPed	241.454427	62	0
#SusPed	241.949219	0	0
#SusPed	241.960938	70	0
#SusPed	242.819010	0	0
#SusPed	242.826823	72	0
#SusPed	243.359375	0	0
#SusPed	243.368490	66	0
#SusPed	243.449219	0	0
#SusPed	243.460938	65	0
#SusPed	243.688802	0	0
#SusPed	243.700521	57	0
#SusPed	243.809896	0	0
#SusPed	243.824219	54	0
#SusPed	243.848958	0	0
#SusPed	243.860677	54	0
#SusPed	243.949219	0	0
#SusPed	243.954427	61	0
#SusPed	244.009115	0	0
#SusPed	244.018229	64	0
#SusPed	244.239583	0	0
#SusPed	244.246094	50	0
#SusPed	244.739583	0	0
#SusPed	244.752604	62	0
#SusPed	245.259115	0	0
#SusPed	245.269531	74	0
#SofPed	246.489583	0	0
#SusPed	246.559896	0	0
#SusPed	246.574219	64	0
#SusPed	246.718750	0	0
#SusPed	246.730469	66	0
#SusPed	246.869792	0	0
#SusPed	246.882812	81	0
#SusPed	247.039062	0	0
#SusPed	247.044271	86	0
#SusPed	250.979167	0	0
#SusPed	250.984375	65	0
#SusPed	251.139323	0	0
#SusPed	251.151042	68	0
#SusPed	254.169271	0	0
#SusPed	254.179688	66	0
#SusPed	254.438802	0	0
#SusPed	254.453125	59	0
#SusPed	255.799479	0	0
#SusPed	255.808594	68	0
#SusPed	256.019531	0	0
#SusPed	256.027344	69	0
#SofPed	260.167969	79	0
#SofPed	260.359375	0	0
#SofPed	260.365885	82	0
#SofPed	260.500000	0	0
#SofPed	260.511719	83	0
#SofPed	260.579427	0	0
#SofPed	260.592448	83	0
#SofPed	260.679688	0	0
#SofPed	260.692708	81	0
#SofPed	260.809896	0	0
#SofPed	260.824219	79	0
#SofPed	260.908854	0	0
#SofPed	260.921875	79	0
#SofPed	261.000000	0	0
#SofPed	261.013021	72	0
#SofPed	261.089844	0	0
#SofPed	261.095052	70	0
#SofPed	261.199219	0	0
#SofPed	261.205729	60	0
#SofPed	261.389323	0	0
#SofPed	261.403646	58	0
#SusPed	261.559896	0	0
#SusPed	261.571615	69	0
#SusPed	261.718750	0	0
#SusPed	261.726562	62	0
#SofPed	261.789062	0	0
#SofPed	261.795573	82	0
#SofPed	261.979167	0	0
#SofPed	261.985677	84	0
#SofPed	262.029948	0	0
#SofPed	262.035156	84	0
#SofPed	262.128906	0	0
#SofPed	262.144531	82	0
#SofPed	262.319010	0	0
#SofPed	262.333333	90	0
#SusPed	263.019531	0	0
#SusPed	263.027344	66	0
#SusPed	263.269531	0	0
#SusPed	263.279948	66	0
#SofPed	263.949219	0	0
#SofPed	263.963542	82	0
#SofPed	264.119792	0	0
#SofPed	264.125000	92	0
#SofPed	264.209635	0	0
#SofPed	264.218750	92	0
#SofPed	264.408854	0	0
#SofPed	264.420573	96	0
#SofPed	264.500000	0	0
#SofPed	264.510417	100	0
#SofPed	264.609375	0	0
#SofPed	264.618490	102	0
#SusPed	264.669271	0	0
#SofPed	264.679688	0	0
#SusPed	264.679688	72	0
#SofPed	264.692708	101	0
#SofPed	264.799479	0	0
#SofPed	264.812500	103	0
#SusPed	264.919271	0	0
#SusPed	264.925781	62	0
#SofPed	264.989583	0	0
#SofPed	265.000000	102	0
#SofPed	265.139323	0	0
#SofPed	265.144531	93	0
#SofPed	265.848958	0	0
#SofPed	265.864583	94	0
#SusPed	265.979167	0	0
#SusPed	265.985677	79	0
#SofPed	266.009115	0	0
#SofPed	266.015625	98	0
#SofPed	266.199219	0	0
#SofPed	266.209635	88	0
#SofPed	266.369792	0	0
#SofPed	266.382812	85	0
#SofPed	266.899740	0	0
#SofPed	266.907552	79	0
#SusPed	267.399740	0	0
#SusPed	267.408854	88	0
#SofPed	267.500000	0	0
#SusPed	270.259115	0	0
#SusPed	270.274740	68	0
#SusPed	270.489583	0	0
#SusPed	270.502604	83	0
#SusPed	270.658854	0	0
#SusPed	270.669271	84	0
#SusPed	270.908854	0	0
#SusPed	270.920573	65	0
#SusPed	271.809896	0	0
#SusPed	271.820312	68	0
#SusPed	272.109375	0	0
#SusPed	272.114583	73	0
#SusPed	272.419271	0	0
#SusPed	272.424479	82	0
#SofPed	272.625000	99	0
#SofPed	273.009115	0	0
#SofPed	273.014323	92	0
#SofPed	273.109375	0	0
#SofPed	273.114583	92	0
#SofPed	273.179688	0	0
#SofPed	273.186198	92	0
#SusPed	273.339844	0	0
#SusPed	273.345052	59	0
#SusPed	273.539062	0	0
#SusPed	273.545573	67	0
#SofPed	273.559896	0	0
#SofPed	273.571615	69	0
#SofPed	273.699219	0	0
#SofPed	273.704427	58	0
#SofPed	273.799479	0	0
#SofPed	273.805990	52	0
#SofPed	273.929688	0	0
#SofPed	273.934896	51	0
#SofPed	274.000000	0	0
#SofPed	274.010417	48	0
#SofPed	274.169271	0	0
#SofPed	274.174479	53	0
#SofPed	274.489583	0	0
#SofPed	274.494792	58	0
#SofPed	274.579427	0	0
#SofPed	274.585938	61	0
#SofPed	274.669271	0	0
#SofPed	274.680990	56	0
#SofPed	274.869792	0	0
#SofPed	274.882812	56	0
#SusPed	274.899740	0	0
#SusPed	274.908854	78	0
#SofPed	275.029948	0	0
#SofPed	275.041667	79	0
#SusPed	275.059896	0	0
#SusPed	275.069010	55	0
#SofPed	275.139323	0	0
#SofPed	275.151042	88	0
#SusPed	275.718750	0	0
#SusPed	275.733073	66	0
#SusPed	275.899740	0	0
#SusPed	275.904948	64	0
#SusPed	276.279948	0	0
#SusPed	276.287760	60	0
#SusPed	276.399740	0	0
#SusPed	276.408854	73	0
#SusPed	276.579427	0	0
#SusPed	276.593750	70	0
#SusPed	276.789062	0	0
#SusPed	276.795573	54	0
#SusPed	276.908854	0	0
#SusPed	276.923177	67	0
#SusPed	278.128906	0	0
#SusPed	278.144531	72	0
#SusPed	278.319010	0	0
#SusPed	278.334635	61	0
#SusPed	278.419271	0	0
#SusPed	278.430990	73	0
#SusPed	279.019531	0	0
#SusPed	279.032552	81	0
#SusPed	279.128906	0	0
#SusPed	279.138021	80	0
#SusPed	279.579427	0	0
#SusPed	279.584635	60	0
#SusPed	279.789062	0	0
#SusPed	279.802083	64	0
#SusPed	280.229167	0	0
#SusPed	280.236979	74	0
#SusPed	280.309896	0	0
#SusPed	280.315104	73	0
#SusPed	280.628906	0	0
#SusPed	280.641927	70	0
#SusPed	280.859375	0	0
#SusPed	280.869792	66	0
#SusPed	281.098958	0	0
#SusPed	281.106771	63	0
#SofPed	281.149740	0	0
#SusPed	281.169271	0	0
#SusPed	281.182292	59	0
#SusPed	281.529948	0	0
#SusPed	281.535156	68	0
#SusPed	281.688802	0	0
#SusPed	281.695312	76	0
#SusPed	282.479167	0	0
#SusPed	282.484375	87	0
#SusPed	283.179688	0	0
#SusPed	283.192708	66	0
#SusPed	283.559896	0	0
#SusPed	283.566406	70	0
#SusPed	284.739583	0	0
#SusPed	284.753906	66	0
#SusPed	285.119792	0	0
#SusPed	285.125000	51	0
#SusPed	288.609375	0	0
#SusPed	288.618490	65	0
#SusPed	289.000000	0	0
#SusPed	289.003906	74	0
#SusPed	290.169271	0	0
#SusPed	290.177083	67	0
#SusPed	290.348958	0	0
#SusPed	290.363281	62	0
#SusPed	293.500000	0	0
#SusPed	293.510417	68	0
#SusPed	293.759115	0	0
#SusPed	293.769531	74	0
#SusPed	294.919271	0	0
#SusPed	294.930990	69	0
#SusPed	295.229167	0	0
#SusPed	295.236979	71	0
#SusPed	296.279948	0	0
#SusPed	296.291667	54	0
#SusPed	296.399740	0	0
#SusPed	296.404948	70	0
#SusPed	296.739583	0	0
#SusPed	296.753906	90	0
#SusPed	298.519531	0	0
#SusPed	298.529948	70	0
#SofPed	298.782552	88	0
#SusPed	298.789062	0	0
#SusPed	298.802083	65	0
#SofPed	298.839844	0	0
#SofPed	298.845052	80	0
#SusPed	300.049479	0	0
#SusPed	300.061198	77	0
#SusPed	300.378906	0	0
#SusPed	300.391927	70	0
#SusPed	303.569010	0	0
#SusPed	303.575521	70	0
#SusPed	303.938802	0	0
#SusPed	303.945312	74	0
#SofPed	304.848958	0	0
#SofPed	306.912760	88	0
#SofPed	308.829427	0	0
#SofPed	308.841146	54	0
#SofPed	308.929688	0	0
#SofPed	308.942708	43	0
#SusPed	309.949219	0	0
#SofPed	310.098958	0	0
#SofPed	310.105469	85	0
#SusPed	310.115885	102	0
#SusPed	310.619792	0	0
#SusPed	310.626302	63	0
#SusPed	310.908854	0	0
#SusPed	310.920573	56	0
#SusPed	312.039062	0	0
#SusPed	312.053385	61	0
#SusPed	312.218750	0	0
#SusPed	312.233073	75	0
#SusPed	314.919271	0	0
#SusPed	314.927083	69	0
#SusPed	315.069010	0	0
#SusPed	315.074219	77	0
#SusPed	315.579427	0	0
#SusPed	315.592448	74	0
#SusPed	315.750000	0	0
#SusPed	315.763021	67	0
#SofPed	315.878906	0	0
#SofPed	315.885417	80	0
#SusPed	317.889323	0	0
#SusPed	317.894531	70	0
#SusPed	318.079427	0	0
#SusPed	318.084635	73	0
#SusPed	319.279948	0	0
#SusPed	319.291667	83	0
#SusPed	319.419271	0	0
#SusPed	319.433594	65	0
#SofPed	319.529948	0	0
#SofPed	319.541667	75	0
#SusPed	320.098958	0	0
#SusPed	320.106771	64	0
#SusPed	320.229167	0	0
#SusPed	320.240885	66	0
#SusPed	320.709635	0	0
#SusPed	320.717448	84	0
#SusPed	320.929688	0	0
#SusPed	320.942708	78	0
#SusPed	322.218750	0	0
#SusPed	322.230469	82	0
#SusPed	322.438802	0	0
#SusPed	322.444010	60	0
#SofPed	322.549479	0	0
#SofPed	322.555990	78	0
#SusPed	323.609375	0	0
#SusPed	323.623698	87	0
#SusPed	323.809896	0	0
#SusPed	323.822917	70	0
#SusPed	325.139323	0	0
#SusPed	325.151042	67	0
#SusPed	325.459635	0	0
#SusPed	325.468750	75	0
#SusPed	326.199219	0	0
#SusPed	326.213542	87	0
#SusPed	326.289062	0	0
#SusPed	326.295573	94	0
#SusPed	326.489583	0	0
#SusPed	326.502604	79	0
#SusPed	326.688802	0	0
#SusPed	326.703125	74	0
#SofPed	327.079427	0	0
#SusPed	327.968750	0	0
#SusPed	327.979167	67	0
#SusPed	328.149740	0	0
#SusPed	328.161458	86	0
#SusPed	328.729167	0	0
#SusPed	328.735677	96	0
#SofPed	328.992188	54	0
#SofPed	329.069010	0	0
#SofPed	329.074219	61	0
#SofPed	329.279948	0	0
#SofPed	329.290365	49	0
#SofPed	329.609375	0	0
#SofPed	329.622396	46	0
#SusPed	329.628906	0	0
#SusPed	329.644531	78	0
#SofPed	329.658854	0	0
#SofPed	329.665365	42	0
#SusPed	329.929688	0	0
#SusPed	329.942708	90	0
#SofPed	330.098958	0	0
#SofPed	330.113281	101	0
#SusPed	330.639323	0	0
#SusPed	330.652344	83	0
#SusPed	330.750000	0	0
#SusPed	330.760417	66	0
#SusPed	332.039062	0	0
#SusPed	332.053385	98	0
#SusPed	332.769531	0	0
#SusPed	332.779948	75	0
#SusPed	333.009115	0	0
#SusPed	333.023438	73	0
#SusPed	333.529948	0	0
#SusPed	333.535156	65	0
#SusPed	334.479167	0	0
#SusPed	334.488281	65	0
#SusPed	334.819010	0	0
#SusPed	334.826823	83	0
#SusPed	335.259115	0	0
#SusPed	335.273438	79	0
#SusPed	335.378906	0	0
#SusPed	335.393229	82	0
#SofPed	336.109375	0	0
#SusPed	336.699219	0	0
#SusPed	336.707031	77	0
#SusPed	336.869792	0	0
#SusPed	336.878906	73	0
#SusPed	337.378906	0	0
#SusPed	337.386719	69	0
#SusPed	337.658854	0	0
#SusPed	337.669271	83	0
#SofPed	337.812500	57	0
#SusPed	338.109375	0	0
#SusPed	338.121094	80	0
#SusPed	339.119792	0	0
#SusPed	339.131510	73	0
#SusPed	339.408854	0	0
#SusPed	339.417969	78	0
#SusPed	339.968750	0	0
#SusPed	339.984375	72	0
#SusPed	340.109375	0	0
#SusPed	340.123698	71	0
#SofPed	343.809896	0	0
#SusPed	345.049479	0	0
#SusPed	345.057292	64	0
#SusPed	345.750000	0	0
#SusPed	345.755208	70	0
#SusPed	346.218750	0	0
#SusPed	346.231771	77	0
#SusPed	346.509115	0	0
#SusPed	346.519531	62	0
#SusPed	346.968750	0	0
#SusPed	346.981771	66	0
#SusPed	347.158854	0	0
#SusPed	347.171875	60	0
#SofPed	347.226562	90	0
#SofPed	347.529948	0	0
#SofPed	347.542969	92	0
#SofPed	347.619792	0	0
#SofPed	347.632812	82	0
#SofPed	347.779948	0	0
#SusPed	347.789062	0	0
#SofPed	347.792969	85	0
#SusPed	347.794271	63	0
#SofPed	347.899740	0	0
#SofPed	347.907552	91	0
#SofPed	347.979167	0	0
#SofPed	347.988281	90	0
#SofPed	348.169271	0	0
#SofPed	348.175781	77	0
#SusPed	348.239583	0	0
#SusPed	348.253906	68	0
#SusPed	348.709635	0	0
#SusPed	348.723958	58	0
#SusPed	349.079427	0	0
#SusPed	349.092448	59	0
#SusPed	351.669271	0	0
#SusPed	351.677083	74	0
#SusPed	352.019531	0	0
#SusPed	352.031250	67	0
#SusPed	353.549479	0	0
#SusPed	353.555990	88	0
#SofPed	354.179688	0	0
#SusPed	355.429688	0	0
#SusPed	355.444010	93	0
#SusPed	356.009115	0	0
#SusPed	356.018229	56	0
#SusPed	356.229167	0	0
#SusPed	356.242188	70	0
#SusPed	356.569010	0	0
#SusPed	356.582031	94	0
#SusPed	357.449219	0	0
#SusPed	357.455729	68	0
#SusPed	357.699219	0	0
#SusPed	357.709635	65	0
#SofPed	358.565104	104	0
#SofPed	358.628906	0	0
#SofPed	358.641927	104	0
#SusPed	360.289062	0	0
#SusPed	360.303385	63	0
#SusPed	360.459635	0	0
#SusPed	360.464844	67	0
#SusPed	360.968750	0	0
#SusPed	360.981771	67	0
#SusPed	361.139323	0	0
#SusPed	361.149740	61	0
#SusPed	361.789062	0	0
#SusPed	361.803385	73	0
#SusPed	361.929688	0	0
#SusPed	361.940104	53	0
#SusPed	362.459635	0	0
#SusPed	362.468750	71	0
#SusPed	362.500000	0	0
#SusPed	362.510417	68	0
#SofPed	362.829427	0	0
#SofPed	362.843750	110	0
#SofPed	363.039062	0	0
#SofPed	363.044271	108	0
#SofPed	363.199219	0	0
#SofPed	363.212240	110	0
#SusPed	363.239583	0	0
#SusPed	363.252604	57	0
#SofPed	363.279948	0	0
#SofPed	363.291667	107	0
#SusPed	363.489583	0	0
#SusPed	363.497396	68	0
#SofPed	363.519531	0	0
#SofPed	363.532552	103	0
#SusPed	364.029948	0	0
#SusPed	364.039062	85	0
#SofPed	364.089844	0	0
#SofPed	364.100260	106	0
#SusPed	364.609375	0	0
#SusPed	364.623698	62	0
#SusPed	364.819010	0	0
#SusPed	364.832031	53	0
#SusPed	365.029948	0	0
#SusPed	365.041667	50	0
#SusPed	365.539062	0	0
#SusPed	365.545573	42	0
#SusPed	366.009115	0	0
#SusPed	366.023438	51	0
#SusPed	366.289062	0	0
#SusPed	366.300781	54	0
#SusPed	366.679688	0	0
#SusPed	366.694010	67	0
#SusPed	367.829427	0	0
#SusPed	367.835938	67	0
#SusPed	368.089844	0	0
#SusPed	368.095052	63	0
#SusPed	369.188802	0	0
#SusPed	369.195312	89	0
#SusPed	369.509115	0	0
#SusPed	369.523438	68	0
#SofPed	370.098958	0	0
#SusPed	370.658854	0	0
#SusPed	370.665365	67	0
#SusPed	370.938802	0	0
#SusPed	370.947917	70	0
#SusPed	372.029948	0	0
#SusPed	372.041667	77	0
#SusPed	372.158854	0	0
#SusPed	372.164062	52	0
#SofPed	372.287760	96	0
#SusPed	372.639323	0	0
#SofPed	372.639323	0	0
#SusPed	372.649740	99	0
#SofPed	372.652344	95	0
#SofPed	372.929688	0	0
#SofPed	372.936198	100	0
#SusPed	373.438802	0	0
#SusPed	373.445312	65	0
#SusPed	373.658854	0	0
#SusPed	373.665365	71	0
#SusPed	374.059896	0	0
#SusPed	374.070312	84	0
#SusPed	374.250000	0	0
#SusPed	374.260417	73	0
#SofPed	374.309896	0	0
#SofPed	374.322917	71	0
#SofPed	374.408854	0	0
#SofPed	374.421875	76	0
#SofPed	374.869792	0	0
#SusPed	374.878906	0	0
#SofPed	374.884115	81	0
#SusPed	374.890625	91	0
#SusPed	375.128906	0	0
#SusPed	375.143229	73	0
#SofPed	375.309896	0	0
#SofPed	375.320312	99	0
#SofPed	375.419271	0	0
#SofPed	375.433594	99	0
#SofPed	375.539062	0	0
#SofPed	375.553385	102	0
#SofPed	375.619792	0	0
#SofPed	375.627604	105	0
#SofPed	375.769531	0	0
#SofPed	375.783854	107	0
#SofPed	376.209635	0	0
#SofPed	376.217448	95	0
#SofPed	376.449219	0	0
#SofPed	376.463542	81	0
#SofPed	376.529948	0	0
#SofPed	376.539062	84	0
#SofPed	376.899740	0	0
#SofPed	376.904948	78	0
#SofPed	376.989583	0	0
#SofPed	376.994792	77	0
#SusPed	377.750000	0	0
#SusPed	377.759115	94	0
#SusPed	378.098958	0	0
#SusPed	378.110677	72	0
#SusPed	378.529948	0	0
#SusPed	378.541667	86	0
#SusPed	378.718750	0	0
#SusPed	378.730469	93	0
#SusPed	378.809896	0	0
#SusPed	378.816406	96	0
#SusPed	379.539062	0	0
#SusPed	379.545573	73	0
#SusPed	379.949219	0	0
#SusPed	379.962240	66	0
#SusPed	380.769531	0	0
#SusPed	380.779948	79	0
#SusPed	381.209635	0	0
#SusPed	381.216146	62	0
#SusPed	381.408854	0	0
#SusPed	381.423177	63	0
#SusPed	381.619792	0	0
#SusPed	381.634115	85	0
#SusPed	382.408854	0	0
#SusPed	382.423177	66	0
#SusPed	382.899740	0	0
#SusPed	382.906250	60	0
#SofPed	383.000000	0	0
#SusPed	383.188802	0	0
#SusPed	383.197917	57	0
#SusPed	383.489583	0	0
#SusPed	383.497396	67	0
#SusPed	384.199219	0	0
#SusPed	384.208333	66	0
#SusPed	386.819010	0	0
#SusPed	386.832031	85	0
#SusPed	387.239583	0	0
#SusPed	387.244792	72	0
#SusPed	388.468750	0	0
#SusPed	388.484375	59	0
#SusPed	388.750000	0	0
#SusPed	388.755208	75	0
#SofPed	388.942708	96	0
#SofPed	389.059896	0	0
#SofPed	389.066406	88	0
#SofPed	389.579427	0	0
#SofPed	389.591146	80	0
#SofPed	389.658854	0	0
#SofPed	389.665365	80	0
#SofPed	389.859375	0	0
#SofPed	389.868490	77	0
#SofPed	390.098958	0	0
#SofPed	390.110677	78	0
#SusPed	390.369792	0	0
#SofPed	390.378906	0	0
#SusPed	390.381510	71	0
#SofPed	390.393229	88	0
#SusPed	391.878906	0	0
#SusPed	391.890625	63	0
#SusPed	392.089844	0	0
#SusPed	392.096354	64	0
#SusPed	393.139323	0	0
#SusPed	393.151042	76	0
#SusPed	393.329427	0	0
#SusPed	393.335938	73	0
#SofPed	393.658854	0	0
#SofPed	393.669271	81	0
#SofPed	393.919271	0	0
#SofPed	393.925781	70	0
#SofPed	394.049479	0	0
#SofPed	394.054688	69	0
#SofPed	394.119792	0	0
#SofPed	394.134115	65	0
#SofPed	394.649740	0	0
#SofPed	394.656250	66	0
#SusPed	396.289062	0	0
#SusPed	396.295573	68	0
#SusPed	396.500000	0	0
#SusPed	396.505208	73	0
#SusPed	397.759115	0	0
#SusPed	397.773438	86	0
#SusPed	398.009115	0	0
#SusPed	398.020833	73	0
#SofPed	398.438802	0	0
#SusPed	399.389323	0	0
#SusPed	399.403646	71	0
#SusPed	399.589844	0	0
#SusPed	399.604167	78	0
#SofPed	400.395833	97	0
#SofPed	400.589844	0	0
#SofPed	400.602865	96	0
#SofPed	400.779948	0	0
#SofPed	400.792969	91	0
#SusPed	400.829427	0	0
#SusPed	400.834635	82	0
#SofPed	400.859375	0	0
#SofPed	400.873698	82	0
#SusPed	400.899740	0	0
#SofPed	400.899740	0	0
#SusPed	400.904948	71	0
#SofPed	400.911458	81	0
#SusPed	401.109375	0	0
#SusPed	401.115885	50	0
#SusPed	401.329427	0	0
#SusPed	401.335938	63	0
#SusPed	402.279948	0	0
#SusPed	402.294271	78	0
#SusPed	402.559896	0	0
#SusPed	402.570312	65	0
#SusPed	402.959635	0	0
#SusPed	402.970052	79	0
#SusPed	403.049479	0	0
#SusPed	403.062500	75	0
#SusPed	404.000000	0	0
#SusPed	404.005208	59	0
#SusPed	404.468750	0	0
#SusPed	404.476562	68	0
#SusPed	405.489583	0	0
#SusPed	405.502604	80	0
#SusPed	405.539062	0	0
#SusPed	405.544271	71	0
#SusPed	406.789062	0	0
#SusPed	406.795573	74	0
#SofPed	406.908854	0	0
#SusPed	406.979167	0	0
#SusPed	406.984375	80	0
#SofPed	407.097656	78	0
#SofPed	407.519531	0	0
#SofPed	407.524740	74	0
#SofPed	407.739583	0	0
#SofPed	407.747396	56	0
#SusPed	408.609375	0	0
#SusPed	408.623698	71	0
#SusPed	408.869792	0	0
#SusPed	408.877604	90	0
#SofPed	409.128906	0	0
#SofPed	409.139323	94	0
#SofPed	409.709635	0	0
#SofPed	409.723958	108	0
#SofPed	409.789062	0	0
#SofPed	409.798177	107	0
#SofPed	410.000000	0	0
#SusPed	410.009115	0	0
#SofPed	410.011719	110	0
#SusPed	410.016927	78	0
#SusPed	410.188802	0	0
#SusPed	410.201823	61	0
#SusPed	410.299479	0	0
#SusPed	410.304688	73	0
#SofPed	410.309896	0	0
#SofPed	410.322917	106	0
#SofPed	411.239583	0	0
#SofPed	411.246094	97	0
#SusPed	411.419271	0	0
#SusPed	411.428385	77	0
#SusPed	411.779948	0	0
#SusPed	411.794271	65	0
#SofPed	411.799479	0	0
#SofPed	411.807292	90	0
#SofPed	411.908854	0	0
#SofPed	411.920573	87	0
#SofPed	412.000000	0	0
#SofPed	412.014323	79	0
#SofPed	412.049479	0	0
#SofPed	412.062500	78	0
#SofPed	412.579427	0	0
#SofPed	412.589844	60	0
#SofPed	412.709635	0	0
#SofPed	412.716146	62	0
#SusPed	412.938802	0	0
#SusPed	412.951823	67	0
#SofPed	412.968750	0	0
#SofPed	412.983073	67	0
#SofPed	413.069010	0	0
#SofPed	413.076823	70	0
#SusPed	413.149740	0	0
#SusPed	413.160156	79	0
#SofPed	413.179688	0	0
#SofPed	413.186198	63	0
#SusPed	414.289062	0	0
#SusPed	414.295573	83	0
#SusPed	414.489583	0	0
#SusPed	414.503906	78	0
#SofPed	415.899740	0	0
#SofPed	415.907552	104	0
#SofPed	416.019531	0	0
#SofPed	416.028646	100	0
#SofPed	416.669271	0	0
#SofPed	416.677083	79	0
#SofPed	417.019531	0	0
#SofPed	417.032552	98	0
#SofPed	417.179688	0	0
#SofPed	417.187500	84	0
#SusPed	417.309896	0	0
#SusPed	417.321615	66	0
#SofPed	417.339844	0	0
#SofPed	417.347656	77	0
#SusPed	417.429688	0	0
#SusPed	417.436198	57	0
#SofPed	417.709635	0	0
#SofPed	417.716146	82	0
#SusPed	417.869792	0	0
#SusPed	417.884115	71	0
#SofPed	417.908854	0	0
#SofPed	417.924479	80	0
#SusPed	418.569010	0	0
#SusPed	418.579427	73	0
#SusPed	418.759115	0	0
#SusPed	418.769531	85	0
#SusPed	419.559896	0	0
#SusPed	419.571615	65	0
#SofPed	419.658854	0	0
#SofPed	419.666667	68	0
#SusPed	419.750000	0	0
#SusPed	419.755208	77	0
#SofPed	419.829427	0	0
#SofPed	419.839844	66	0
#SofPed	419.959635	0	0
#SofPed	419.966146	65	0
#SofPed	420.069010	0	0
#SofPed	420.076823	75	0
#SofPed	420.179688	0	0
#SofPed	420.192708	83	0
#SusPed	420.229167	0	0
#SusPed	420.240885	70	0
#SofPed	420.259115	0	0
#SofPed	420.264323	84	0
#SofPed	420.389323	0	0
#SofPed	420.402344	79	0
#SusPed	420.419271	0	0
#SusPed	420.433594	79	0
#SofPed	420.489583	0	0
#SofPed	420.498698	73	0
#SofPed	421.000000	0	0
#SofPed	421.009115	91	0
#SusPed	421.179688	0	0
#SusPed	421.191406	63	0
#SusPed	421.399740	0	0
#SusPed	421.404948	69	0
#SusPed	422.069010	0	0
#SusPed	422.083333	72	0
#SusPed	422.408854	0	0
#SusPed	422.420573	54	0
#SusPed	422.569010	0	0
#SusPed	422.584635	61	0
#SusPed	422.869792	0	0
#SusPed	422.881510	79	0
#SusPed	424.029948	0	0
#SusPed	424.040365	69	0
#SusPed	424.539062	0	0
#SusPed	424.554688	67	0
#SusPed	425.959635	0	0
#SusPed	425.966146	78	0
#SusPed	426.009115	0	0
#SusPed	426.022135	73	0
#SusPed	426.438802	0	0
#SusPed	426.444010	49	0
#SofPed	426.769531	0	0
#SofPed	426.782552	108	0
#SusPed	426.809896	0	0
#SusPed	426.820312	42	0
#SusPed	426.848958	0	0
#SusPed	426.859375	39	0
#SofPed	426.889323	0	0
#SofPed	426.901042	103	0
#SofPed	426.959635	0	0
#SofPed	426.966146	96	0
#SusPed	426.989583	0	0
#SusPed	426.994792	40	0
#SusPed	427.158854	0	0
#SusPed	427.165365	44	0
#SofPed	427.169271	0	0
#SofPed	427.182292	94	0
#SofPed	427.299479	0	0
#SofPed	427.305990	94	0
#SusPed	427.369792	0	0
#SusPed	427.382812	47	0
#SofPed	427.579427	0	0
#SofPed	427.593750	76	0
#SofPed	427.628906	0	0
#SofPed	427.658854	74	0
#SofPed	427.669271	0	0
#SusPed	429.019531	0	0
#SusPed	429.027344	79	0
#SusPed	429.109375	0	0
#SusPed	429.123698	65	0
#SusPed	429.569010	0	0
#SusPed	429.574219	75	0
#SofPed	429.955729	97	0
#SusPed	430.789062	0	0
#SusPed	430.795573	79	0
#SusPed	430.938802	0	0
#SusPed	430.945312	69	0
#SusPed	431.059896	0	0
#SusPed	431.065104	61	0
#SusPed	431.218750	0	0
#SusPed	431.231771	57	0
#SusPed	431.429688	0	0
#SusPed	431.436198	56	0
#SofPed	431.489583	0	0
#SofPed	431.497396	92	0
#SofPed	431.539062	0	0
#SofPed	431.545573	87	0
#SofPed	431.619792	0	0
#SofPed	431.631510	86	0
#SofPed	431.769531	0	0
#SofPed	431.782552	73	0
#SusPed	432.039062	0	0
#SusPed	432.045573	55	0
#SusPed	432.559896	0	0
#SusPed	432.565104	65	0
#SofPed	432.829427	0	0
#SusPed	433.809896	0	0
#SusPed	433.816406	49	0
#SusPed	434.250000	0	0
#SusPed	434.263021	73	0
#SusPed	435.628906	0	0
#SusPed	435.636719	72	0
#SusPed	436.119792	0	0
#SusPed	436.125000	69	0
#SofPed	436.393229	104	0
#SofPed	436.579427	0	0
#SofPed	436.593750	87	0
#SofPed	436.718750	0	0
#SofPed	436.725260	61	0
#SusPed	437.339844	0	0
#SusPed	437.347656	60	0
#SusPed	438.009115	0	0
#SusPed	438.016927	77	0
#SofPed	440.949219	0	0
#SofPed	440.960938	88	0
#SusPed	442.329427	0	0
#SusPed	442.343750	80	0
#SusPed	442.658854	0	0
#SusPed	442.665365	59	0
#SusPed	443.559896	0	0
#SusPed	443.571615	67	0
#SusPed	443.848958	0	0
#SusPed	443.864583	48	0
#SusPed	444.089844	0	0
#SusPed	444.098958	43	0
#SusPed	444.199219	0	0
#SusPed	444.213542	45	0
#SusPed	444.878906	0	0
#SusPed	444.886719	78	0
#SofPed	444.979167	0	0
#SofPed	444.992188	74	0
#SofPed	445.878906	0	0
#SofPed	445.884115	54	0
#SofPed	446.049479	0	0
#SofPed	446.055990	58	0
#SusPed	447.869792	0	0
#SusPed	447.878906	66	0
#SusPed	448.269531	0	0
#SusPed	448.282552	66	0
#SusPed	451.259115	0	0
#SusPed	451.265625	78	0
#SusPed	451.339844	0	0
#SusPed	451.354167	85	0
#SusPed	451.378906	0	0
#SusPed	451.385417	87	0
#SusPed	451.459635	0	0
#SusPed	451.464844	85	0
#SusPed	451.848958	0	0
#SusPed	451.863281	62	0
#SofPed	452.059896	0	0
#SusPed	452.098958	0	0
#SusPed	452.113281	44	0
#SusPed	452.319010	0	0
#SusPed	452.333333	38	0
#SusPed	452.539062	0	0
#SusPed	452.553385	40	0
#SusPed	452.699219	0	0
#SusPed	452.713542	76	0
#SusPed	453.069010	0	0
#SusPed	453.082031	62	0
#SusPed	453.209635	0	0
#SusPed	453.220052	42	0
#SusPed	453.378906	0	0
#SusPed	453.386719	38	0
#SusPed	453.569010	0	0
#SusPed	453.575521	39	0
#SusPed	454.109375	0	0
#SusPed	454.115885	46	0
#SusPed	454.438802	0	0
#SusPed	454.454427	85	0
#SusPed	455.799479	0	0
#SusPed	455.812500	102	0
#SusPed	456.039062	0	0
#SusPed	456.046875	64	0
#SusPed	456.149740	0	0
#SusPed	456.164062	77	0
#SusPed	457.519531	0	0
#SusPed	457.529948	85	0
#SusPed	457.709635	0	0
#SusPed	457.723958	63	0
#SusPed	458.859375	0	0
#SusPed	458.869792	66	0
#SusPed	459.438802	0	0
#SusPed	459.445312	73	0
#SusPed	460.179688	0	0
#SusPed	460.188802	99	0
#SusPed	460.309896	0	0
#SusPed	460.322917	108	0
#SusPed	461.000000	0	0
#SusPed	461.005208	83	0
#SusPed	461.688802	0	0
#SusPed	461.697917	68	0
#SusPed	462.579427	0	0
#SusPed	462.587240	48	0
#SusPed	463.098958	0	0
#SusPed	463.113281	73	0
#SusPed	463.769531	0	0
#SusPed	463.781250	63	0
#SusPed	463.889323	0	0
#SusPed	463.898438	74	0
#SusPed	464.559896	0	0
#SusPed	464.569010	59	0
#SusPed	464.729167	0	0
#SusPed	464.735677	80	0
#SusPed	468.149740	0	0
#SusPed	468.161458	54	0
#SusPed	468.279948	0	0
#SusPed	468.291667	69	0
#SusPed	471.589844	0	0
#SusPed	471.602865	69	0
#SusPed	471.759115	0	0
#SusPed	471.773438	76	0
#SusPed	472.989583	0	0
#SusPed	473.003906	69	0
#SusPed	473.218750	0	0
#SusPed	473.226562	66	0
#SusPed	475.968750	0	0
#SusPed	475.976562	55	0
#SusPed	476.098958	0	0
#SusPed	476.114583	62	0
#SusPed	477.609375	0	0
#SusPed	477.614583	62	0
#SusPed	477.829427	0	0
#SusPed	477.843750	58	0
#SusPed	478.579427	0	0
#SusPed	478.593750	64	0
#SusPed	479.869792	0	0
#SusPed	479.884115	65	0
#SusPed	480.039062	0	0
#SusPed	480.044271	62	0
#SusPed	480.589844	0	0
#SusPed	480.604167	59	0
#SusPed	480.769531	0	0
#SusPed	480.777344	60	0
#SusPed	482.139323	0	0
#SusPed	482.148438	65	0
#SusPed	482.438802	0	0
#SusPed	482.447917	63	0
#SusPed	482.989583	0	0
#SusPed	483.003906	60	0
#SusPed	483.169271	0	0
#SusPed	483.177083	67	0
#SusPed	484.628906	0	0
#SusPed	484.643229	67	0
#SusPed	484.829427	0	0
#SusPed	484.834635	55	0
#SusPed	485.319010	0	0
#SusPed	485.324219	53	0
#SusPed	485.489583	0	0
#SusPed	485.503906	63	0
#SusPed	486.319010	0	0
#SusPed	486.333333	77	0
#SusPed	486.479167	0	0
#SusPed	486.489583	78	0
#SusPed	486.799479	0	0
#SusPed	486.813802	65	0
#SusPed	487.109375	0	0
#SusPed	487.119792	68	0
#SusPed	488.019531	0	0
#SusPed	488.033854	59	0
#SusPed	488.149740	0	0
#SusPed	488.164062	59	0
#SusPed	488.479167	0	0
#SusPed	488.484375	54	0
#SusPed	488.679688	0	0
#SusPed	488.694010	61	0
#SofPed	489.453125	95	0
#SofPed	489.598958	0	0
#SofPed	489.605469	87	0
#SusPed	489.628906	0	0
#SusPed	489.634115	72	0
#SusPed	489.679688	0	0
#SusPed	489.691406	65	0
#SusPed	489.809896	0	0
#SusPed	489.816406	69	0
#SusPed	490.000000	0	0
#SofPed	490.009115	0	0
#SusPed	490.014323	66	0
#SusPed	490.299479	0	0
#SusPed	490.308594	64	0
#SusPed	491.289062	0	0
#SusPed	491.303385	76	0
#SusPed	491.479167	0	0
#SusPed	491.485677	68	0
#SusPed	491.908854	0	0
#SusPed	491.924479	69	0
#SusPed	491.959635	0	0
#SusPed	491.964844	50	0
#SusPed	492.169271	0	0
#SusPed	492.177083	79	0
#SusPed	492.968750	0	0
#SusPed	492.976562	74	0
#SusPed	493.199219	0	0
#SusPed	493.207031	70	0
#SusPed	494.269531	0	0
#SusPed	494.277344	70	0
#SusPed	494.348958	0	0
#SusPed	494.355469	54	0
#SusPed	494.529948	0	0
#SusPed	494.539062	59	0
#SusPed	495.139323	0	0
#SusPed	495.147135	60	0
#SusPed	501.149740	0	0
#SusPed	502.503906	111	0
#SusPed	502.639323	0	0
#SusPed	502.653646	112	0
#SusPed	503.218750	0	0
#SusPed	503.231771	111	0
#SusPed	503.399740	0	0
#SusPed	503.412760	111	0
#SusPed	504.000000	0	0
#SusPed	504.013021	102	0
#SusPed	504.348958	0	0
#SusPed	504.364583	82	0
#SusPed	504.438802	0	0
#SusPed	504.446615	78	0
#SusPed	509.989583	0	0
