//Version: PianoRoll_v170101
0	0.563802	0.799479	Bb2	18	80	0
1	0.565104	6.569010	Bb1	18	80	0
2	0.684896	5.569010	F2	14	80	0
3	0.805990	6.759115	Bb2	19	80	0
4	0.903646	5.809896	D3	17	80	0
5	0.994792	5.419271	F3	26	80	0
6	1.145833	4.158854	Bb3	31	80	0
7	5.171875	6.649740	D5	40	80	0
8	6.494792	7.369792	Eb5	50	80	0
9	6.747396	8.589844	F5	47	80	0
10	8.304688	10.119792	Bb3	20	80	0
11	8.315104	10.049479	Bb2	17	80	0
12	8.316406	9.149740	F3	15	80	0
13	8.320312	9.979167	Bb1	16	80	0
14	8.330729	9.169271	D3	13	80	0
15	10.026042	12.319010	A3	19	80	0
16	10.032552	12.519531	F3	19	80	0
17	10.035156	12.529948	F2	18	80	0
18	10.045573	12.500000	C3	16	80	0
19	10.052083	12.459635	Eb3	17	80	0
20	10.058594	12.500000	C2	16	80	0
21	13.665365	14.929688	A5	44	80	0
22	14.789062	15.359375	Bb5	55	80	0
23	15.105469	15.839844	C6	52	80	0
24	16.464844	17.378906	Eb4	29	80	0
25	16.466146	16.479167	Eb5	34	80	0
26	16.475260	16.649740	A3	18	80	0
27	16.486979	16.919271	F3	17	80	0
28	16.494792	16.938802	C4	15	80	0
29	17.993490	19.658854	D4	20	80	0
30	18.023438	19.739583	F3	15	80	0
31	18.024740	19.819010	Bb3	15	80	0
32	18.033854	19.669271	Bb2	13	80	0
33	20.518229	21.158854	D4	26	80	0
34	21.006510	21.253906	F4	25	80	0
35	21.263021	21.386719	Eb4	31	80	0
36	21.427083	21.541667	D4	29	80	0
37	21.557292	21.709635	Eb4	30	80	0
38	21.647135	21.869792	F4	39	80	0
39	21.766927	21.889323	G4	42	80	0
40	21.865885	21.945312	A4	42	80	0
41	21.963542	22.055990	Bb4	42	80	0
42	22.079427	22.192708	C5	46	80	0
43	22.192708	23.459635	D5	52	80	0
44	23.201823	23.454427	Eb5	55	80	0
45	23.475260	24.569010	F5	50	80	0
46	24.850260	25.839844	F5	57	80	0
47	24.888021	25.919271	D3	19	80	0
48	24.894531	27.250000	B3	22	80	0
49	24.903646	25.739583	G#4	25	80	0
50	26.393229	27.979167	F5	32	80	0
51	26.406250	28.699219	G4	21	80	0
52	26.411458	28.179688	Eb3	15	80	0
53	27.861979	28.699219	Eb5	36	80	0
54	27.872396	27.878906	F3	17	80	0
55	27.876302	28.628906	C4	17	80	0
56	28.553385	29.459635	D5	50	80	0
57	28.583333	29.449219	D4	24	80	0
58	28.584635	29.378906	F3	20	80	0
59	28.593750	29.059896	Bb4	25	80	0
60	29.276042	29.839844	C5	52	80	0
61	29.290365	29.919271	Eb4	31	80	0
62	29.307292	29.459635	Eb3	24	80	0
63	29.315104	29.799479	G3	25	80	0
64	29.315104	29.799479	Bb4	29	80	0
65	30.010417	30.598958	C5	63	80	0
66	30.049479	30.519531	E4	31	80	0
67	30.050781	30.468750	Bb4	35	80	0
68	30.052083	30.378906	Bb3	28	80	0
69	30.053385	30.779948	G3	28	80	0
70	30.575521	31.109375	F3	22	80	0
71	30.731771	32.109375	E4	37	80	0
72	30.733073	30.820312	C5	55	80	0
73	30.764323	31.079427	Bb4	39	80	0
74	30.854167	30.916667	D5	49	80	0
75	30.945312	31.019531	C5	44	80	0
76	31.003906	31.079427	D5	45	80	0
77	31.074219	31.199219	C5	41	80	0
78	31.165365	31.269531	D5	46	80	0
79	31.205729	31.257812	C5	43	80	0
80	31.290365	31.419271	B4	48	80	0
81	31.354167	31.421875	C5	44	80	0
82	31.447917	32.069010	D5	50	80	0
83	31.449219	31.619792	Bb4	36	80	0
84	31.871094	32.049479	C5	48	80	0
85	32.255208	33.139323	C5	30	80	0
86	32.273438	32.979167	F4	20	80	0
87	32.303385	32.908854	A4	19	80	0
88	33.772135	34.166667	F3	29	80	0
89	34.132812	34.619792	G3	30	80	0
90	34.147135	34.509115	Eb3	22	80	0
91	34.503906	34.975260	A3	34	80	0
92	34.522135	34.989583	Eb3	22	80	0
93	34.522135	34.979167	C3	26	80	0
94	34.937500	39.479167	Bb3	33	80	0
95	34.950521	37.199219	D3	23	80	0
96	34.951823	38.598958	Bb2	25	80	0
97	34.954427	36.059896	F3	23	80	0
98	36.220052	36.539062	Eb3	24	80	0
99	36.220052	36.468750	C3	23	80	0
100	36.433594	37.809896	F3	32	80	0
101	37.822917	41.468750	F3	28	80	0
102	37.832031	41.619792	D3	22	80	0
103	39.222656	41.679688	Bb2	19	80	0
104	39.226562	39.239583	Bb1	18	80	0
105	39.231771	40.158854	D5	40	80	0
106	40.175781	40.309896	Eb5	34	80	0
107	40.261719	40.324219	D5	33	80	0
108	40.346354	40.559896	C5	39	80	0
109	40.415365	40.829427	D5	43	80	0
110	40.664062	40.864583	Eb5	41	80	0
111	40.876302	41.479167	F5	36	80	0
112	42.305990	43.929688	Bb3	21	80	0
113	42.324219	44.000000	F3	16	80	0
114	42.324219	43.250000	D3	14	80	0
115	42.337240	42.759115	Bb1	16	80	0
116	42.337240	43.139323	Bb2	16	80	0
117	43.813802	45.489583	A3	19	80	0
118	43.825521	45.069010	Eb3	16	80	0
119	43.825521	44.688802	F2	16	80	0
120	43.825521	43.839844	F1	19	80	0
121	43.826823	45.289062	C3	16	80	0
122	44.981771	45.277344	F3	27	80	0
123	45.013021	45.309896	D3	19	80	0
124	45.242188	46.199219	F#3	31	80	0
125	45.251302	46.299479	Eb3	29	80	0
126	46.645833	47.259115	F#3	39	80	0
127	46.710938	47.339844	Eb3	15	80	0
128	48.088542	48.889323	C6	53	80	0
129	48.091146	48.399740	F#3	29	80	0
130	48.098958	50.079427	Eb3	25	80	0
131	48.108073	50.269531	F2	23	80	0
132	48.949219	49.029948	D6	36	80	0
133	49.005208	49.149740	C6	49	80	0
134	49.089844	49.165365	B5	39	80	0
135	49.161458	49.468750	C6	54	80	0
136	49.414062	49.649740	D6	66	80	0
137	49.625000	50.269531	Eb6	63	80	0
138	50.888021	52.529948	F#4	64	80	0
139	50.895833	52.128906	Eb4	51	80	0
140	50.902344	51.979167	C4	43	80	0
141	50.912760	52.239583	Bb3	39	80	0
142	52.423177	55.628906	F4	54	80	0
143	52.455729	53.598958	A3	30	80	0
144	52.459635	53.718750	Eb4	40	80	0
145	52.464844	53.718750	C4	31	80	0
146	53.622396	53.846354	D4	45	80	0
147	53.631510	53.851562	B3	39	80	0
148	53.842448	54.878906	Eb4	55	80	0
149	53.865885	54.789062	C4	38	80	0
150	55.333333	56.739583	Eb4	39	80	0
151	55.345052	56.399740	C4	34	80	0
152	56.682292	59.009115	F3	21	80	0
153	56.714844	59.169271	C4	19	80	0
154	56.753906	59.279948	Eb4	24	80	0
155	56.786458	57.609375	C6	60	80	0
156	57.654948	57.716146	D6	40	80	0
157	57.729167	57.848958	C6	50	80	0
158	57.794271	57.889323	B5	53	80	0
159	57.855469	58.419271	C6	65	80	0
160	58.225260	58.809896	D6	69	80	0
161	58.621094	59.250000	Eb6	64	80	0
162	58.631510	59.479167	A3	27	80	0
163	60.032552	61.658854	Eb5	69	80	0
164	60.053385	60.829427	C4	35	80	0
165	60.058594	61.669271	A4	38	80	0
166	60.063802	61.250000	F#3	35	80	0
167	60.065104	60.839844	Eb4	36	80	0
168	61.583333	62.938802	D5	45	80	0
169	61.602865	62.309896	D4	25	80	0
170	61.604167	62.449219	Bb4	29	80	0
171	61.606771	62.500000	G3	24	80	0
172	61.614583	62.429688	Bb3	26	80	0
173	62.934896	66.069010	G5	75	80	0
174	64.334635	64.609375	G4	61	80	0
175	64.342448	64.658854	C#4	61	80	0
176	64.343750	64.658854	C#5	64	80	0
177	64.343750	64.679688	Bb4	59	80	0
178	64.352865	64.639323	E3	47	80	0
179	64.354167	64.658854	Bb3	56	80	0
180	65.924479	67.709635	F5	53	80	0
181	67.367188	67.919271	D5	31	80	0
182	67.375000	67.919271	F4	21	80	0
183	67.384115	67.848958	D4	21	80	0
184	67.385417	67.769531	Bb4	20	80	0
185	67.393229	67.809896	Bb3	18	80	0
186	67.395833	67.959635	F3	15	80	0
187	68.882812	69.399740	A4	28	80	0
188	68.907552	69.369792	F2	17	80	0
189	68.911458	69.369792	C4	18	80	0
190	68.914062	69.350260	Eb4	19	80	0
191	68.920573	69.309896	F3	15	80	0
192	70.302083	71.639323	Bb3	23	80	0
193	70.305990	70.579427	Bb4	26	80	0
194	70.305990	71.139323	Bb1	23	80	0
195	70.308594	70.319010	D4	21	80	0
196	70.311198	70.968750	Bb2	22	80	0
197	70.322917	71.549479	F3	18	80	0
198	71.447917	71.531250	Bb2	26	80	0
199	71.561198	71.878906	F3	26	80	0
200	71.570312	71.688802	Bb1	29	80	0
201	71.644531	72.709635	Bb3	29	80	0
202	71.645833	71.799479	Bb2	28	80	0
203	71.753906	72.179688	Bb1	33	80	0
204	72.772135	72.843750	Bb2	26	80	0
205	72.878906	73.000000	Bb1	25	80	0
206	72.964844	73.449219	Bb2	23	80	0
207	73.075521	73.408854	F3	24	80	0
208	73.075521	73.598958	Bb1	27	80	0
209	74.035156	74.179688	Bb2	23	80	0
210	74.154948	74.789062	Bb1	23	80	0
211	74.236979	78.319010	Bb2	25	80	0
212	74.382812	75.899740	Eb4	47	80	0
213	74.390625	74.929688	Bb3	31	80	0
214	74.403646	74.609375	F3	28	80	0
215	74.407552	75.319010	G3	25	80	0
216	75.695312	77.098958	D4	35	80	0
217	75.722656	76.718750	F3	21	80	0
218	75.723958	76.549479	Bb3	26	80	0
219	76.970052	77.989583	C#4	30	80	0
220	76.983073	77.859375	Bb3	23	80	0
221	77.005208	77.869792	E3	18	80	0
222	78.312500	80.908854	C#4	31	80	0
223	78.322917	79.419271	E3	20	80	0
224	78.322917	82.419271	Bb3	23	80	0
225	79.360677	79.559896	Bb2	19	80	0
226	79.481771	79.489583	Bb1	21	80	0
227	79.484375	80.679688	F3	18	80	0
228	79.570312	79.769531	Bb2	24	80	0
229	79.699219	80.848958	D4	26	80	0
230	79.703125	80.019531	Bb1	25	80	0
231	80.669271	80.751302	Bb2	23	80	0
232	80.782552	80.968750	F3	23	80	0
233	80.785156	80.834635	Bb1	25	80	0
234	80.865885	81.039062	Bb2	26	80	0
235	80.980469	82.029948	F3	24	80	0
236	80.984375	81.250000	Bb1	28	80	0
237	81.910156	82.139323	Bb2	22	80	0
238	82.040365	82.119792	Bb1	22	80	0
239	82.044271	82.149740	F3	20	80	0
240	82.148438	83.179688	Bb2	27	80	0
241	82.283854	83.348958	C4	36	80	0
242	82.287760	82.479167	F3	22	80	0
243	82.287760	83.769531	Eb3	24	80	0
244	82.303385	83.829427	G3	23	80	0
245	83.277344	83.384115	D4	33	80	0
246	83.307292	83.319010	D3	18	80	0
247	83.309896	83.709635	F3	19	80	0
248	83.424479	83.509115	C4	40	80	0
249	83.488281	83.679688	B3	45	80	0
250	83.587240	84.229167	C4	50	80	0
251	84.226562	85.065104	Eb4	52	80	0
252	84.238281	84.367188	C4	32	80	0
253	84.955729	85.861979	C4	39	80	0
254	84.973958	86.559896	F#3	24	80	0
255	84.975260	87.218750	Eb3	21	80	0
256	85.795573	86.359375	A3	29	80	0
257	86.704427	88.209635	C4	32	80	0
258	86.717448	87.500000	A3	20	80	0
259	86.722656	87.500000	F#3	19	80	0
260	87.813802	88.039062	Bb2	23	80	0
261	87.964844	88.039062	Bb1	20	80	0
262	87.972656	88.039062	F3	18	80	0
263	88.052083	88.354167	Bb2	18	80	0
264	88.175781	89.609375	Bb3	25	80	0
265	88.180990	88.619792	Bb1	27	80	0
266	88.182292	88.399740	F3	24	80	0
267	89.214844	89.328125	Bb2	21	80	0
268	89.341146	89.399740	Bb1	19	80	0
269	89.345052	89.468750	F3	18	80	0
270	89.445312	89.559896	Bb2	15	80	0
271	89.572917	90.378906	Bb1	15	80	0
272	89.574219	89.899740	Bb2	14	80	0
273	89.576823	89.989583	F3	16	80	0
274	90.506510	90.739583	Bb2	18	80	0
275	90.753906	90.938802	Bb2	25	80	0
276	90.924479	91.519531	Bb4	36	80	0
277	90.936198	91.569010	D4	21	80	0
278	90.950521	93.119792	Bb2	19	80	0
279	90.954427	91.389323	Bb3	22	80	0
280	92.212240	92.929688	G4	35	80	0
281	92.231771	92.908854	Bb3	24	80	0
282	92.234375	92.759115	D4	22	80	0
283	93.515625	95.134115	F4	48	80	0
284	93.542969	95.169271	D4	33	80	0
285	93.545573	95.019531	A3	25	80	0
286	95.033854	96.389323	E4	29	80	0
287	95.058594	96.529948	C4	19	80	0
288	95.065104	96.449219	G3	18	80	0
289	96.002604	96.188802	C3	26	80	0
290	96.152344	96.309896	C2	26	80	0
291	96.269531	96.347656	C3	29	80	0
292	96.403646	96.500000	C2	17	80	0
293	97.000000	97.389323	E4	38	80	0
294	97.023438	97.500000	C4	24	80	0
295	97.368490	97.539062	C6	41	80	0
296	97.470052	97.619792	C5	32	80	0
297	97.553385	98.029948	C6	45	80	0
298	97.662760	98.369792	F4	38	80	0
299	97.662760	98.229167	C5	40	80	0
300	97.701823	98.069010	A3	20	80	0
301	97.707031	98.033854	C4	17	80	0
302	98.342448	98.718750	G4	40	80	0
303	98.346354	98.653646	C4	31	80	0
304	98.352865	98.688802	Bb3	33	80	0
305	99.062500	99.359375	G4	29	80	0
306	99.095052	100.399740	C4	21	80	0
307	99.096354	99.348958	Bb3	21	80	0
308	100.044271	100.378906	E4	29	80	0
309	100.048177	100.250000	C3	26	80	0
310	100.053385	100.329427	G#3	25	80	0
311	100.171875	100.389323	C2	26	80	0
312	100.296875	100.539062	C3	22	80	0
313	100.372396	100.718750	F4	32	80	0
314	100.391927	100.630208	A3	20	80	0
315	100.403646	100.669271	C2	22	80	0
316	100.407552	100.759115	C4	18	80	0
317	101.002604	101.239583	F4	43	80	0
318	101.020833	101.299479	C4	29	80	0
319	101.024740	101.239583	A3	23	80	0
320	101.365885	101.408854	F4	27	80	0
321	101.367188	101.489583	C6	46	80	0
322	101.446615	101.589844	C5	40	80	0
323	101.524740	101.688802	C6	52	80	0
324	101.634115	101.979167	G4	52	80	0
325	101.664062	101.949219	E4	35	80	0
326	101.665365	101.908854	C4	30	80	0
327	102.268229	102.739583	A4	50	80	0
328	102.324219	102.729167	C4	22	80	0
329	102.334635	102.750000	F4	22	80	0
330	102.997396	103.399740	A4	36	80	0
331	103.032552	103.529948	F4	25	80	0
332	103.033854	103.579427	C4	22	80	0
333	103.937500	104.259115	F#4	31	80	0
334	103.941406	104.128906	C3	26	80	0
335	103.944010	104.269531	Eb4	27	80	0
336	104.197917	104.509115	C3	27	80	0
337	104.290365	104.658854	G4	34	80	0
338	104.303385	104.639323	E4	33	80	0
339	104.322917	104.579427	C2	24	80	0
340	104.907552	105.259115	G4	46	80	0
341	104.923177	105.239583	E4	38	80	0
342	104.954427	105.319010	C4	27	80	0
343	105.242188	105.378906	C6	51	80	0
344	105.342448	105.449219	C5	32	80	0
345	105.423177	105.483073	C6	53	80	0
346	105.516927	105.869792	C5	50	80	0
347	105.520833	106.188802	A4	55	80	0
348	105.545573	106.169271	F4	38	80	0
349	105.553385	106.009115	C4	36	80	0
350	106.162760	106.628906	G4	44	80	0
351	106.162760	106.579427	Bb4	58	80	0
352	106.171875	106.639323	C4	34	80	0
353	106.832031	107.500000	Bb4	54	80	0
354	106.865885	107.500000	C4	35	80	0
355	106.872396	107.500000	G4	35	80	0
356	107.735677	108.149740	G#4	48	80	0
357	107.751302	108.119792	E4	38	80	0
358	107.764323	108.089844	C4	27	80	0
359	107.770833	107.829427	Bb3	27	80	0
360	107.774740	107.919271	C3	25	80	0
361	107.882812	108.699219	C2	22	80	0
362	107.966146	108.250000	C3	26	80	0
363	108.075521	108.494792	A4	56	80	0
364	108.095052	108.493490	F4	43	80	0
365	108.104167	108.480469	C4	35	80	0
366	108.721354	109.059896	A4	59	80	0
367	108.743490	109.179688	F4	46	80	0
368	108.746094	109.089844	C4	41	80	0
369	109.106771	109.229167	C6	58	80	0
370	109.195312	109.279948	C5	47	80	0
371	109.282552	109.378906	C6	60	80	0
372	109.365885	109.829427	B4	67	80	0
373	109.368490	109.489583	D5	65	80	0
374	109.372396	109.559896	C5	66	80	0
375	109.385417	109.848958	F4	50	80	0
376	109.385417	109.848958	D4	51	80	0
377	109.390625	109.869792	G#4	51	80	0
378	110.110677	110.429688	B4	70	80	0
379	110.141927	110.399740	D4	48	80	0
380	110.144531	110.319010	D5	59	80	0
381	110.145833	110.339844	B3	47	80	0
382	110.148438	110.449219	G#4	45	80	0
383	110.390625	110.539062	C6	46	80	0
384	110.447917	110.523438	C5	48	80	0
385	110.553385	111.179688	C6	54	80	0
386	110.821615	111.589844	C5	45	80	0
387	110.856771	111.279948	G4	28	80	0
388	110.859375	111.279948	E4	28	80	0
389	111.571615	112.139323	G4	37	80	0
390	111.572917	112.468750	C4	28	80	0
391	111.575521	112.128906	E4	25	80	0
392	112.003906	112.149740	C3	27	80	0
393	112.113281	112.378906	C2	21	80	0
394	112.191406	112.348958	C3	27	80	0
395	112.794271	113.049479	G4	48	80	0
396	112.842448	113.019531	E4	20	80	0
397	112.845052	113.059896	C4	15	80	0
398	113.173177	113.389323	C6	39	80	0
399	113.253906	113.389323	C5	36	80	0
400	113.365885	113.519531	B5	60	80	0
401	113.365885	113.789062	B4	55	80	0
402	113.403646	113.718750	F4	34	80	0
403	113.407552	113.899740	D4	35	80	0
404	113.997396	114.569010	G4	60	80	0
405	114.014323	114.169271	F4	42	80	0
406	114.627604	115.438802	C5	48	80	0
407	114.664062	115.069010	E4	30	80	0
408	114.669271	115.109375	C4	25	80	0
409	114.673177	114.929688	G4	29	80	0
410	115.317708	115.839844	G4	34	80	0
411	115.342448	115.759115	E4	26	80	0
412	115.352865	116.109375	C4	21	80	0
413	115.734375	115.878906	C3	22	80	0
414	115.813802	116.000000	C2	27	80	0
415	115.941406	116.079427	C3	28	80	0
416	116.500000	116.789062	G4	46	80	0
417	116.526042	116.819010	E4	34	80	0
418	116.528646	116.889323	C4	31	80	0
419	116.904948	117.069010	C6	45	80	0
420	117.003906	117.075521	C5	39	80	0
421	117.105469	117.348958	B4	55	80	0
422	117.109375	117.218750	B5	57	80	0
423	117.132812	117.359375	F4	37	80	0
424	117.134115	117.329427	D4	33	80	0
425	117.714844	118.429688	G4	54	80	0
426	117.759115	118.419271	F4	32	80	0
427	117.763021	118.149740	D4	29	80	0
428	118.388021	119.079427	C5	51	80	0
429	118.432292	118.779948	C4	20	80	0
430	118.440104	118.779948	E4	21	80	0
431	118.442708	118.489583	G4	22	80	0
432	119.108073	120.968750	G4	39	80	0
433	119.132812	119.929688	C4	24	80	0
434	119.134115	119.899740	E4	27	80	0
435	119.563802	119.718750	C3	26	80	0
436	119.697917	120.729167	C2	23	80	0
437	119.785156	120.119792	C3	30	80	0
438	120.477865	121.559896	E4	34	80	0
439	120.500000	121.259115	C4	21	80	0
440	120.505208	121.149740	G3	18	80	0
441	120.902344	121.029948	C3	19	80	0
442	121.010417	121.539062	C2	21	80	0
443	121.096354	121.369792	C3	26	80	0
444	121.746094	123.009115	C4	20	80	0
445	121.753906	123.188802	G3	20	80	0
446	121.755208	123.378906	E3	19	80	0
447	122.138021	122.348958	C3	21	80	0
448	122.246094	123.139323	C2	21	80	0
449	122.356771	123.239583	C3	25	80	0
450	123.014323	123.949219	C4	43	80	0
451	123.695312	124.519531	B3	52	80	0
452	124.411458	125.799479	C4	48	80	0
453	124.440104	125.139323	Bb3	35	80	0
454	125.079427	125.744792	A3	44	80	0
455	125.415365	125.473958	D4	46	80	0
456	125.571615	125.641927	E4	57	80	0
457	125.742188	125.845052	F4	53	80	0
458	125.755208	125.843750	Bb3	36	80	0
459	125.764323	125.842448	G3	35	80	0
460	125.919271	125.993490	G4	53	80	0
461	126.084635	126.165365	A4	52	80	0
462	126.269531	126.414062	Bb4	44	80	0
463	126.515625	126.878906	F2	24	80	0
464	126.527344	128.109375	C5	43	80	0
465	127.179688	127.968750	F3	21	80	0
466	127.761719	128.209635	A3	16	80	0
467	127.766927	128.468750	C4	17	80	0
468	127.770833	128.218750	F4	16	80	0
469	128.404948	129.329427	F3	24	80	0
470	128.834635	129.013021	A4	33	80	0
471	129.029948	130.449219	F5	40	80	0
472	129.055990	130.938802	F4	20	80	0
473	129.062500	129.789062	D4	16	80	0
474	129.070312	129.589844	Bb3	14	80	0
475	129.684896	130.389323	F3	19	80	0
476	130.115885	130.389323	D5	35	80	0
477	130.307292	131.079427	C5	42	80	0
478	130.317708	130.989583	C4	22	80	0
479	130.324219	130.989583	A3	21	80	0
480	130.966146	131.829427	F3	22	80	0
481	131.572917	133.519531	F4	22	80	0
482	131.579427	132.218750	C4	19	80	0
483	131.589844	132.218750	A3	17	80	0
484	132.165365	133.819010	F3	22	80	0
485	132.598958	132.859375	A4	39	80	0
486	132.819010	134.098958	Bb4	39	80	0
487	132.855469	133.859375	D3	16	80	0
488	133.475260	134.059896	Bb2	22	80	0
489	133.481771	133.979167	D4	20	80	0
490	133.869792	134.059896	G4	41	80	0
491	134.087240	136.709635	F4	30	80	0
492	134.096354	134.500000	C2	18	80	0
493	134.744792	135.229167	A3	19	80	0
494	134.753906	134.959635	C4	17	80	0
495	135.393229	135.718750	A3	15	80	0
496	135.395833	136.019531	F3	14	80	0
497	135.401042	135.959635	C4	16	80	0
498	136.049479	136.968750	C3	21	80	0
499	136.664062	137.408854	A4	32	80	0
500	136.695312	137.279948	G3	18	80	0
501	136.699219	137.459635	E3	18	80	0
502	136.700521	137.098958	C4	16	80	0
503	136.973958	137.359375	G4	43	80	0
504	137.261719	137.572917	F4	42	80	0
505	137.291667	138.089844	C3	24	80	0
506	137.574219	137.889323	G4	53	80	0
507	137.825521	138.869792	F2	19	80	0
508	137.925781	138.968750	G4	34	80	0
509	137.930990	138.809896	F4	30	80	0
510	137.960938	139.299479	C4	23	80	0
511	138.618490	139.359375	C3	29	80	0
512	139.024740	139.299479	G#4	39	80	0
513	139.289062	140.509115	A4	32	80	0
514	139.296875	139.979167	F3	24	80	0
515	139.302083	140.188802	F4	24	80	0
516	139.305990	140.128906	C4	23	80	0
517	139.882812	140.759115	A2	39	80	0
518	140.544271	141.227865	Bb2	45	80	0
519	140.544271	140.929688	Bb3	41	80	0
520	140.708333	140.798177	C4	55	80	0
521	140.873698	140.932292	D4	58	80	0
522	141.022135	141.084635	E4	65	80	0
523	141.182292	141.274740	F4	60	80	0
524	141.195312	141.938802	G2	31	80	0
525	141.204427	141.500000	G3	35	80	0
526	141.347656	141.416667	G4	63	80	0
527	141.511719	141.574219	A4	60	80	0
528	141.674479	141.753906	Bb4	61	80	0
529	141.910156	142.199219	F2	33	80	0
530	141.910156	144.579427	C5	60	80	0
531	142.605469	143.839844	F3	22	80	0
532	143.093750	143.248698	E4	31	80	0
533	143.264323	146.449219	F4	27	80	0
534	143.266927	144.069010	A3	22	80	0
535	143.278646	144.509115	C4	20	80	0
536	143.930990	144.789062	F3	17	80	0
537	144.395833	144.585938	A4	40	80	0
538	144.583333	145.949219	F5	57	80	0
539	144.625000	145.649740	Bb3	21	80	0
540	145.265625	146.158854	F3	21	80	0
541	145.675781	145.858073	D5	47	80	0
542	145.894531	146.669271	C5	49	80	0
543	145.928385	146.669271	C4	19	80	0
544	145.932292	146.609375	A3	19	80	0
545	146.605469	147.500000	F3	27	80	0
546	147.072917	147.285156	E4	45	80	0
547	147.274740	149.500000	F4	42	80	0
548	147.282552	148.329427	C4	32	80	0
549	147.283854	148.438802	A3	30	80	0
550	147.957031	150.419271	F3	31	80	0
551	148.311198	148.736979	A4	50	80	0
552	148.690104	149.218750	C5	53	80	0
553	148.726562	150.139323	D3	21	80	0
554	149.069010	149.989583	Bb4	55	80	0
555	149.445312	150.250000	Bb2	28	80	0
556	149.447917	149.929688	D4	32	80	0
557	149.763021	150.259115	G4	55	80	0
558	150.106771	153.059896	F4	56	80	0
559	150.111979	153.119792	C3	42	80	0
560	150.111979	150.649740	C4	45	80	0
561	150.138021	150.658854	A3	34	80	0
562	150.803385	151.509115	A3	50	80	0
563	150.824219	151.509115	F3	31	80	0
564	151.514323	152.549479	C4	57	80	0
565	151.516927	151.829427	F3	33	80	0
566	151.518229	151.959635	A3	41	80	0
567	152.208333	152.989583	A3	45	80	0
568	152.218750	152.848958	F3	40	80	0
569	152.880208	154.329427	C2	42	80	0
570	152.881510	155.848958	C4	55	80	0
571	152.886719	153.609375	E3	40	80	0
572	153.614583	154.459635	E3	32	80	0
573	153.617188	154.329427	C3	34	80	0
574	154.324219	155.029948	A3	26	80	0
575	154.326823	154.878906	F3	23	80	0
576	154.337240	155.139323	F1	29	80	0
577	154.337240	154.959635	F2	27	80	0
578	154.343750	155.929688	C3	26	80	0
579	155.356771	155.519531	F2	26	80	0
580	155.454427	155.628906	F1	27	80	0
581	155.531250	156.378906	F2	30	80	0
582	155.636719	156.799479	F1	33	80	0
583	156.704427	156.889323	F2	17	80	0
584	156.813802	157.009115	F1	23	80	0
585	156.894531	157.438802	F2	21	80	0
586	157.016927	157.438802	F1	26	80	0
587	157.765625	158.399740	F4	25	80	0
588	158.486979	160.098958	F4	38	80	0
589	159.582031	159.789062	F2	21	80	0
590	159.720052	160.598958	F1	23	80	0
591	159.803385	160.539062	F2	24	80	0
592	159.981771	161.429688	F#4	39	80	0
593	159.992188	162.500000	A3	25	80	0
594	159.997396	162.049479	Eb4	28	80	0
595	159.998698	163.079427	C4	23	80	0
596	161.055990	161.229167	F2	26	80	0
597	161.164062	161.319010	F1	28	80	0
598	161.234375	163.049479	F2	24	80	0
599	161.330729	163.039062	F1	29	80	0
600	162.031250	162.479167	F#4	57	80	0
601	162.774740	163.829427	F#4	52	80	0
602	163.733073	163.889323	F2	31	80	0
603	163.830729	163.979167	F1	34	80	0
604	163.902344	164.009115	F2	35	80	0
605	163.990885	164.679688	F1	34	80	0
606	164.018229	166.000000	A4	51	80	0
607	164.020833	164.549479	F2	35	80	0
608	164.039062	167.309896	C4	39	80	0
609	164.044271	166.899740	Eb4	41	80	0
610	165.036458	165.199219	F2	38	80	0
611	165.123698	165.289062	F1	34	80	0
612	165.209635	167.378906	F2	49	80	0
613	165.296875	167.829427	F1	58	80	0
614	166.013021	166.809896	A4	63	80	0
615	166.824219	167.769531	A4	69	80	0
616	167.769531	167.919271	F2	36	80	0
617	167.843750	168.009115	F1	44	80	0
618	167.927083	168.009115	F2	47	80	0
619	168.015625	169.109375	F1	59	80	0
620	168.018229	169.009115	F2	57	80	0
621	168.023438	169.938802	C5	70	80	0
622	168.032552	169.819010	A4	55	80	0
623	168.040365	169.699219	Eb4	63	80	0
624	168.044271	169.399740	F#4	56	80	0
625	169.020833	169.179688	F2	49	80	0
626	169.115885	169.269531	F1	49	80	0
627	169.192708	170.878906	F2	43	80	0
628	169.279948	170.889323	F1	67	80	0
629	170.049479	170.750000	C5	71	80	0
630	170.850260	172.059896	C5	77	80	0
631	171.623698	173.289062	Eb5	81	80	0
632	172.071615	173.839844	C4	39	80	0
633	172.106771	172.250000	A3	26	80	0
634	172.205729	172.408854	F3	36	80	0
635	172.304688	173.789062	A3	43	80	0
636	172.414062	173.802083	F3	42	80	0
637	172.997396	173.609375	D5	65	80	0
638	173.313802	173.658854	C5	60	80	0
639	173.541667	173.721354	Bb4	53	80	0
640	173.731771	173.934896	A4	53	80	0
641	173.907552	174.071615	G4	58	80	0
642	174.075521	174.305990	F4	54	80	0
643	174.256510	174.479167	E4	58	80	0
644	174.419271	174.700521	Eb4	59	80	0
645	174.628906	174.843750	D4	57	80	0
646	174.835938	175.084635	C4	60	80	0
647	175.063802	175.376302	Bb3	51	80	0
648	175.320312	175.571615	A3	44	80	0
649	175.585938	175.895833	Eb4	37	80	0
650	175.872396	176.595052	A3	34	80	0
651	176.505208	180.009115	Bb3	25	80	0
652	176.511719	180.549479	D3	19	80	0
653	176.516927	178.299479	F3	18	80	0
654	176.537760	181.049479	Bb2	15	80	0
655	178.027344	178.348958	Eb3	22	80	0
656	178.307292	179.688802	F3	26	80	0
657	179.817708	183.279948	F3	24	80	0
658	181.063802	183.449219	Bb2	15	80	0
659	181.261719	182.089844	D5	43	80	0
660	182.243490	182.438802	Eb5	34	80	0
661	182.373698	182.438802	D5	30	80	0
662	182.438802	182.878906	C5	33	80	0
663	182.518229	182.856771	D5	38	80	0
664	182.808594	183.218750	Eb5	45	80	0
665	183.072917	183.449219	F5	35	80	0
666	184.473958	186.179688	Bb3	28	80	0
667	184.503906	185.609375	D3	17	80	0
668	184.505208	185.069010	Bb1	15	80	0
669	184.505208	185.729167	Bb2	16	80	0
670	184.505208	184.859375	F2	16	80	0
671	186.022135	187.859375	A3	20	80	0
672	186.044271	188.000000	F2	18	80	0
673	186.053385	188.019531	Eb3	17	80	0
674	186.054688	189.179688	C3	16	80	0
675	186.070312	189.000000	C2	15	80	0
676	187.222656	187.588542	F3	34	80	0
677	187.485677	188.359375	F#3	34	80	0
678	188.829427	188.839844	F#4	32	80	0
679	188.830729	188.979167	F#3	34	80	0
680	188.984375	189.319010	F#3	18	80	0
681	190.197917	190.739583	Eb3	23	80	0
682	190.203125	191.779948	F#3	24	80	0
683	190.205729	191.938802	Eb4	26	80	0
684	190.205729	191.009115	A5	43	80	0
685	190.207031	192.199219	C4	24	80	0
686	191.052083	191.188802	Bb5	37	80	0
687	191.131510	191.229167	A5	42	80	0
688	191.205729	191.359375	G5	44	80	0
689	191.268229	191.511719	A5	50	80	0
690	191.535156	191.760417	Bb5	44	80	0
691	191.746094	192.479167	C6	44	80	0
692	191.752604	192.529948	F3	29	80	0
693	191.785156	191.949219	F#3	21	80	0
694	193.055990	194.549479	Eb4	50	80	0
695	193.067708	193.869792	C4	41	80	0
696	193.075521	193.789062	F3	32	80	0
697	193.076823	194.419271	A2	32	80	0
698	194.427083	195.869792	G#3	45	80	0
699	194.442708	197.500000	D4	46	80	0
700	194.454427	196.589844	F3	33	80	0
701	194.462240	197.500000	Bb2	31	80	0
702	194.463542	197.500000	Bb1	31	80	0
703	195.582031	195.822917	Bb3	56	80	0
704	195.802083	197.098958	B3	61	80	0
705	197.106771	198.339844	B3	68	80	0
706	198.509115	199.389323	D5	53	80	0
707	198.514323	200.769531	F4	27	80	0
708	198.516927	200.839844	G#4	35	80	0
709	198.524740	200.158854	B3	32	80	0
710	199.343750	199.459635	Eb5	35	80	0
711	199.432292	199.539062	D5	40	80	0
712	199.509115	199.878906	C5	40	80	0
713	199.553385	199.989583	D5	42	80	0
714	199.821615	200.109375	Eb5	49	80	0
715	200.020833	201.339844	F5	39	80	0
716	200.026042	200.750000	Bb3	27	80	0
717	201.350260	202.479167	F5	58	80	0
718	201.375000	202.009115	Bb3	30	80	0
719	201.382812	201.979167	D3	24	80	0
720	201.385417	202.218750	G#4	31	80	0
721	202.752604	204.269531	F5	36	80	0
722	202.794271	204.229167	Eb3	17	80	0
723	202.795573	203.419271	Bb3	19	80	0
724	202.800781	204.929688	G4	21	80	0
725	203.494792	204.109375	B3	24	80	0
726	203.497396	203.509115	F3	20	80	0
727	204.143229	204.878906	Eb5	42	80	0
728	204.145833	204.839844	C4	23	80	0
729	204.153646	204.158854	F3	22	80	0
730	204.796875	205.639323	D5	48	80	0
731	204.808594	205.229167	D4	32	80	0
732	204.825521	205.279948	Bb4	29	80	0
733	204.832031	205.000000	Bb3	25	80	0
734	204.838542	205.139323	F3	19	80	0
735	205.477865	205.989583	C5	56	80	0
736	205.510417	205.929688	Eb4	30	80	0
737	205.514323	205.929688	G3	31	80	0
738	205.515625	206.029948	Bb4	34	80	0
739	206.322917	206.949219	C5	52	80	0
740	206.354167	206.878906	G3	24	80	0
741	206.358073	206.628906	Eb4	20	80	0
742	206.361979	206.369792	Bb3	21	80	0
743	206.372396	206.848958	Bb4	24	80	0
744	207.053385	208.218750	F3	21	80	0
745	207.059896	207.069010	F4	19	80	0
746	207.164062	208.609375	E4	29	80	0
747	207.165365	207.244792	C5	40	80	0
748	207.302083	207.369792	D5	40	80	0
749	207.363281	207.411458	C5	40	80	0
750	207.453125	207.485677	D5	42	80	0
751	207.516927	207.579427	C5	43	80	0
752	207.584635	207.626302	D5	42	80	0
753	207.658854	207.720052	C5	45	80	0
754	207.785156	207.908854	B4	38	80	0
755	207.843750	207.944010	C5	41	80	0
756	207.963542	208.442708	D5	40	80	0
757	208.432292	208.598958	C5	33	80	0
758	208.852865	210.089844	C5	25	80	0
759	208.865885	210.089844	F4	17	80	0
760	208.867188	209.679688	F3	18	80	0
761	208.873698	209.919271	A4	18	80	0
762	210.320312	210.545573	F3	35	80	0
763	210.528646	210.756510	G3	41	80	0
764	210.686198	210.803385	F3	39	80	0
765	210.838542	211.069010	E3	43	80	0
766	210.970052	211.139323	F3	52	80	0
767	211.102865	211.250000	G3	42	80	0
768	211.126302	211.279948	Eb3	40	80	0
769	211.252604	211.519531	A3	44	80	0
770	211.256510	211.509115	C3	45	80	0
771	211.486979	214.329427	Bb3	47	80	0
772	211.493490	212.279948	F3	44	80	0
773	211.494792	212.209635	D3	38	80	0
774	211.498698	214.750000	Bb2	45	80	0
775	211.500000	212.098958	Bb1	44	80	0
776	212.644531	212.919271	Eb3	49	80	0
777	212.652344	212.889323	C3	41	80	0
778	212.875000	214.000000	F3	48	80	0
779	212.894531	214.119792	D3	42	80	0
780	213.072917	213.299479	Bb5	47	80	0
781	213.214844	213.312500	D6	48	80	0
782	213.348958	213.559896	Bb5	50	80	0
783	213.533854	213.623698	F5	42	80	0
784	213.675781	213.763021	Bb5	47	80	0
785	213.812500	213.968750	D5	44	80	0
786	213.967448	214.109375	F5	34	80	0
787	214.123698	214.509115	F3	41	80	0
788	214.132812	215.339844	D3	38	80	0
789	214.273438	214.365885	D5	41	80	0
790	214.424479	214.502604	F4	40	80	0
791	214.559896	214.665365	Bb4	39	80	0
792	214.569010	215.000000	F3	30	80	0
793	214.723958	214.807292	D4	37	80	0
794	214.867188	215.019531	F4	28	80	0
795	215.016927	215.279948	Bb3	25	80	0
796	215.162760	215.419271	D4	31	80	0
797	215.311198	215.598958	D5	57	80	0
798	215.342448	215.569010	F3	24	80	0
799	215.475260	215.739583	Bb2	19	80	0
800	215.634115	215.908854	D3	25	80	0
801	215.753906	215.949219	F3	32	80	0
802	215.912760	216.299479	Bb2	20	80	0
803	215.976562	216.109375	Eb5	50	80	0
804	216.063802	216.121094	D5	46	80	0
805	216.143229	216.213542	C5	45	80	0
806	216.188802	216.848958	F2	32	80	0
807	216.230469	216.365885	D5	59	80	0
808	216.304688	217.079427	Bb2	22	80	0
809	216.372396	216.514323	Eb5	60	80	0
810	216.529948	216.848958	F5	58	80	0
811	216.575521	216.848958	D2	21	80	0
812	216.743490	217.089844	Bb1	18	80	0
813	216.861979	217.319010	D2	24	80	0
814	216.993490	217.459635	F2	28	80	0
815	217.164062	217.579427	Bb2	30	80	0
816	217.326823	218.098958	D2	18	80	0
817	217.468750	217.908854	F2	24	80	0
818	217.588542	217.908854	Bb2	26	80	0
819	217.746094	219.069010	Bb3	55	80	0
820	217.752604	218.069010	D3	33	80	0
821	217.914062	218.378906	Bb2	28	80	0
822	217.916667	218.049479	F2	27	80	0
823	218.054688	218.459635	F2	26	80	0
824	218.213542	218.529948	D2	24	80	0
825	218.394531	219.039062	Bb2	42	80	0
826	218.563802	218.959635	F2	21	80	0
827	218.697917	218.779948	D3	23	80	0
828	218.703125	218.889323	D2	24	80	0
829	218.858073	219.039062	Bb1	30	80	0
830	219.052083	220.819010	A3	53	80	0
831	219.110677	220.188802	C3	29	80	0
832	220.100260	220.498698	F3	56	80	0
833	220.415365	221.319010	F#3	59	80	0
834	220.497396	221.259115	Eb3	30	80	0
835	220.742188	221.209635	Eb6	47	80	0
836	220.885417	221.139323	C6	33	80	0
837	221.054688	221.152344	A5	45	80	0
838	221.192708	221.399740	C6	49	80	0
839	221.356771	221.434896	F#5	44	80	0
840	221.492188	221.809896	A5	48	80	0
841	221.632812	221.989583	F#3	40	80	0
842	221.632812	221.839844	F#4	42	80	0
843	221.645833	222.000000	Eb3	40	80	0
844	221.904948	222.109375	C5	38	80	0
845	222.085938	222.299479	Eb5	40	80	0
846	222.230469	222.419271	A4	35	80	0
847	222.364583	222.500000	D5	31	80	0
848	222.493490	222.679688	F#4	32	80	0
849	222.652344	222.809896	A4	39	80	0
850	222.795573	223.479167	C6	65	80	0
851	222.830729	222.989583	Eb4	38	80	0
852	222.970052	223.319010	F#4	36	80	0
853	223.102865	223.319010	C4	43	80	0
854	223.252604	223.438802	Eb4	40	80	0
855	223.398438	223.699219	A3	30	80	0
856	223.473958	223.546875	D6	57	80	0
857	223.554688	223.688802	C6	57	80	0
858	223.611979	223.666667	B5	58	80	0
859	223.695312	224.000000	F#3	39	80	0
860	223.695312	223.832031	C6	68	80	0
861	223.841146	224.003906	D6	70	80	0
862	223.981771	224.399740	Eb6	70	80	0
863	223.990885	225.059896	C3	31	80	0
864	224.169271	224.389323	F#3	31	80	0
865	224.295573	225.369792	Eb3	31	80	0
866	224.450521	224.649740	A3	30	80	0
867	224.613281	224.919271	F#3	28	80	0
868	224.722656	224.929688	C4	41	80	0
869	224.877604	225.069010	A3	44	80	0
870	225.036458	225.399740	F#3	47	80	0
871	225.182292	226.799479	F#4	70	80	0
872	225.214844	226.419271	Eb4	54	80	0
873	225.217448	226.299479	C4	49	80	0
874	225.375000	225.739583	Eb3	30	80	0
875	225.511719	226.569010	Bb2	46	80	0
876	225.710938	225.929688	F#3	49	80	0
877	225.891927	226.179688	Eb3	49	80	0
878	226.057292	226.369792	Bb3	48	80	0
879	226.230469	226.549479	F#3	49	80	0
880	226.354167	226.649740	Eb3	51	80	0
881	226.554688	227.289062	A2	39	80	0
882	226.563802	228.889323	F4	61	80	0
883	226.593750	227.619792	Eb4	54	80	0
884	226.615885	227.029948	C4	37	80	0
885	227.253906	227.819010	C4	65	80	0
886	227.264323	227.769531	A3	46	80	0
887	227.756510	228.059896	D4	56	80	0
888	227.761719	228.069010	D5	55	80	0
889	227.766927	228.069010	B3	46	80	0
890	228.015625	229.039062	Eb4	58	80	0
891	228.023438	228.959635	C4	54	80	0
892	228.165365	228.459635	C6	50	80	0
893	228.346354	228.598958	Eb6	52	80	0
894	228.485677	228.625000	C6	55	80	0
895	228.644531	228.761719	A5	51	80	0
896	228.803385	228.924479	C6	47	80	0
897	228.977865	229.158854	Eb5	45	80	0
898	229.119792	229.399740	A5	46	80	0
899	229.283854	229.699219	Eb4	40	80	0
900	229.285156	229.959635	C4	38	80	0
901	229.287760	229.500000	C5	41	80	0
902	229.444010	230.000000	Eb5	41	80	0
903	229.615885	229.696615	A4	34	80	0
904	229.755208	229.989583	C5	44	80	0
905	229.925781	230.158854	Eb4	31	80	0
906	230.085938	230.229167	A4	29	80	0
907	230.213542	230.539062	C6	54	80	0
908	230.264323	230.459635	C4	26	80	0
909	230.384115	230.609375	Eb4	29	80	0
910	230.553385	231.158854	C6	54	80	0
911	230.571615	230.665365	A3	26	80	0
912	230.736979	230.804688	C4	37	80	0
913	230.871094	231.059896	F3	35	80	0
914	231.032552	231.102865	A3	33	80	0
915	231.162760	231.389323	C3	41	80	0
916	231.225260	231.296875	D6	48	80	0
917	231.309896	231.459635	C6	52	80	0
918	231.347656	231.429688	F3	31	80	0
919	231.375000	231.462240	B5	48	80	0
920	231.442708	231.718750	A2	33	80	0
921	231.464844	231.565104	C6	64	80	0
922	231.609375	231.765625	D6	67	80	0
923	231.623698	231.848958	C3	29	80	0
924	231.747396	231.959635	Eb6	70	80	0
925	231.910156	232.011719	A2	31	80	0
926	232.046875	232.908854	C2	34	80	0
927	232.195312	232.468750	F2	31	80	0
928	232.365885	232.529948	B1	35	80	0
929	232.535156	233.250000	B1	35	80	0
930	232.798177	233.128906	A1	35	80	0
931	232.967448	234.269531	Eb5	71	80	0
932	232.980469	234.359375	A4	52	80	0
933	232.984375	234.179688	C5	53	80	0
934	233.153646	233.348958	F#1	30	80	0
935	233.295573	233.386719	A1	38	80	0
936	233.438802	233.679688	C2	36	80	0
937	233.596354	233.799479	F#2	39	80	0
938	233.742188	234.000000	A2	43	80	0
939	233.903646	234.007812	C3	44	80	0
940	234.065104	234.389323	F#3	46	80	0
941	234.080729	234.329427	A2	40	80	0
942	234.253906	235.799479	D5	68	80	0
943	234.266927	235.079427	Bb4	52	80	0
944	234.437500	234.669271	G1	46	80	0
945	234.580729	234.718750	Bb1	51	80	0
946	234.704427	234.813802	D2	50	80	0
947	234.860677	235.109375	G2	47	80	0
948	235.026042	235.489583	Bb2	45	80	0
949	235.174479	235.408854	D3	50	80	0
950	235.333333	235.500000	G3	58	80	0
951	235.493490	236.829427	G5	76	80	0
952	235.674479	235.959635	E2	53	80	0
953	235.824219	236.059896	G2	53	80	0
954	235.973958	236.229167	Bb2	59	80	0
955	236.152344	236.263021	E3	58	80	0
956	236.305990	236.415365	G3	59	80	0
957	236.466146	236.628906	Bb3	55	80	0
958	236.605469	236.799479	G3	60	80	0
959	236.799479	237.299479	G4	66	80	0
960	236.804688	237.729167	C#5	67	80	0
961	236.805990	237.489583	Bb4	62	80	0
962	236.809896	237.009115	G3	57	80	0
963	236.811198	237.089844	C#4	61	80	0
964	237.001302	237.158854	Bb3	36	80	0
965	237.148438	237.309896	G3	44	80	0
966	237.337240	237.449219	E3	49	80	0
967	237.506510	237.611979	C#3	43	80	0
968	237.654948	238.348958	Bb2	44	80	0
969	237.847656	238.259115	G2	41	80	0
970	238.015625	238.188802	E2	38	80	0
971	238.194010	239.699219	F5	69	80	0
972	238.356771	238.718750	F2	40	80	0
973	238.514323	239.009115	Bb2	47	80	0
974	238.683594	238.795573	D3	41	80	0
975	238.845052	238.953125	F3	44	80	0
976	239.015625	239.529948	D3	42	80	0
977	239.161458	239.718750	Bb2	42	80	0
978	239.330729	239.709635	F2	34	80	0
979	239.507812	242.500000	D5	47	80	0
980	239.519531	242.500000	F4	35	80	0
981	239.523438	242.500000	Bb4	39	80	0
982	239.722656	240.559896	F2	23	80	0
983	239.888021	240.299479	Bb2	33	80	0
984	240.046875	240.184896	D3	33	80	0
985	240.230469	240.341146	F3	38	80	0
986	240.403646	240.679688	D3	38	80	0
987	240.561198	240.908854	Bb2	35	80	0
988	240.744792	240.959635	F2	34	80	0
989	240.966146	241.539062	F2	29	80	0
990	240.971354	241.519531	Eb3	31	80	0
991	241.243490	241.479167	C3	29	80	0
992	241.433594	241.779948	A2	33	80	0
993	241.595052	242.559896	F2	23	80	0
994	241.766927	242.000000	Eb2	25	80	0
995	241.971354	242.209635	C2	27	80	0
996	242.115885	242.309896	A1	29	80	0
997	242.333333	242.500000	F1	24	80	0
998	242.503906	243.539062	Bb1	29	80	0
999	242.506510	243.289062	Bb2	26	80	0
1000	243.574219	243.679688	Bb2	22	80	0
1001	243.704427	243.819010	Bb1	21	80	0
1002	243.789062	244.039062	Bb2	23	80	0
1003	243.880208	244.369792	Bb1	31	80	0
1004	244.903646	244.996094	Bb2	26	80	0
1005	245.018229	245.083333	Bb1	25	80	0
1006	245.020833	245.139323	F3	22	80	0
1007	245.098958	245.204427	Bb2	24	80	0
1008	245.230469	245.329427	F3	26	80	0
1009	245.234375	245.329427	Bb1	27	80	0
1010	246.154948	246.319010	Bb2	25	80	0
1011	246.302083	246.399740	F3	19	80	0
1012	246.394531	247.269531	Bb2	24	80	0
1013	246.532552	247.989583	F4	40	80	0
1014	246.562500	247.069010	F3	23	80	0
1015	246.563802	247.479167	G#3	25	80	0
1016	247.852865	249.239583	Eb4	35	80	0
1017	247.860677	249.139323	G3	26	80	0
1018	247.863281	248.729167	Bb3	27	80	0
1019	249.139323	249.848958	D4	30	80	0
1020	249.153646	249.899740	Bb3	23	80	0
1021	249.183594	249.949219	F#3	19	80	0
1022	250.417969	251.859375	D4	25	80	0
1023	250.430990	253.419271	Bb3	17	80	0
1024	250.444010	251.199219	F#3	17	80	0
1025	251.361979	251.539062	Bb2	22	80	0
1026	251.498698	251.729167	Bb1	22	80	0
1027	251.500000	251.569010	F3	21	80	0
1028	251.580729	251.869792	Bb2	22	80	0
1029	251.729167	254.369792	Eb4	26	80	0
1030	251.736979	252.079427	Bb1	25	80	0
1031	251.744792	252.919271	G3	18	80	0
1032	251.746094	251.848958	F3	21	80	0
1033	252.653646	252.779948	Bb2	20	80	0
1034	252.792969	252.839844	Bb1	17	80	0
1035	252.875000	253.169271	Bb2	19	80	0
1036	253.019531	253.188802	F3	21	80	0
1037	253.023438	253.229167	Bb1	24	80	0
1038	253.901042	254.079427	Bb2	17	80	0
1039	254.032552	254.039062	Bb1	18	80	0
1040	254.035156	254.539062	F3	17	80	0
1041	254.141927	254.289062	Bb2	25	80	0
1042	254.294271	255.628906	G#4	43	80	0
1043	254.294271	256.669271	Bb2	24	80	0
1044	255.552083	257.033854	G4	37	80	0
1045	255.574219	257.079427	Eb4	25	80	0
1046	255.574219	256.259115	Bb3	23	80	0
1047	256.895833	257.899740	F#4	29	80	0
1048	256.902344	257.789062	D4	20	80	0
1049	256.924479	257.619792	Bb3	15	80	0
1050	258.264323	259.729167	F#4	29	80	0
1051	258.286458	258.739583	Bb3	20	80	0
1052	258.287760	259.619792	D4	18	80	0
1053	259.274740	259.500000	Eb3	19	80	0
1054	259.505208	259.859375	Eb3	25	80	0
1055	259.648438	260.949219	G4	30	80	0
1056	259.686198	260.098958	Eb2	18	80	0
1057	259.688802	261.019531	Eb4	20	80	0
1058	260.574219	260.739583	Eb3	21	80	0
1059	260.700521	261.089844	Eb2	22	80	0
1060	260.798177	261.209635	Eb3	28	80	0
1061	261.542969	262.209635	G4	45	80	0
1062	261.561198	261.799479	Bb3	27	80	0
1063	261.792969	262.029948	Eb3	23	80	0
1064	261.940104	261.949219	Eb2	20	80	0
1065	262.039062	262.399740	Eb3	24	80	0
1066	262.183594	264.089844	Eb5	63	80	0
1067	262.216146	263.239583	G4	26	80	0
1068	263.518229	264.329427	C5	54	80	0
1069	263.549479	264.429688	Eb4	33	80	0
1070	263.552083	264.239583	G4	36	80	0
1071	264.985677	266.709635	Bb4	52	80	0
1072	264.997396	266.619792	D4	33	80	0
1073	264.997396	266.619792	G4	34	80	0
1074	265.005208	265.098958	Bb3	31	80	0
1075	266.544271	267.848958	A4	37	80	0
1076	266.544271	268.098958	F4	30	80	0
1077	266.553385	267.979167	C4	28	80	0
1078	267.493490	267.628906	F3	25	80	0
1079	267.604167	267.759115	F2	21	80	0
1080	267.683594	267.959635	F3	25	80	0
1081	267.819010	268.039062	F2	25	80	0
1082	268.423177	268.859375	A4	51	80	0
1083	268.428385	268.878906	F4	36	80	0
1084	268.433594	269.000000	C4	33	80	0
1085	268.764323	268.908854	F6	46	80	0
1086	268.917969	269.158854	F6	48	80	0
1087	269.024740	269.179688	F5	41	80	0
1088	269.053385	269.769531	Bb4	50	80	0
1089	269.075521	269.309896	F4	25	80	0
1090	269.078125	269.289062	D4	28	80	0
1091	269.084635	269.199219	Bb3	29	80	0
1092	269.694010	270.049479	C5	46	80	0
1093	269.714844	270.089844	F4	25	80	0
1094	269.734375	270.059896	Eb4	25	80	0
1095	270.390625	270.759115	C5	36	80	0
1096	270.406250	270.750000	F4	22	80	0
1097	270.412760	270.559896	A4	22	80	0
1098	270.419271	270.779948	Eb4	17	80	0
1099	271.313802	271.632812	A4	30	80	0
1100	271.337240	271.468750	C4	21	80	0
1101	271.337240	271.619792	C#4	21	80	0
1102	271.436198	271.628906	F2	12	80	0
1103	271.523438	271.679688	F3	25	80	0
1104	271.673177	271.949219	Bb4	31	80	0
1105	271.680990	272.000000	F4	20	80	0
1106	271.684896	271.908854	D5	31	80	0
1107	271.690104	271.881510	D4	23	80	0
1108	271.690104	271.959635	F2	21	80	0
1109	272.287760	272.598958	F4	25	80	0
1110	272.289062	272.509115	D5	29	80	0
1111	272.290365	272.549479	Bb4	33	80	0
1112	272.299479	272.549479	D4	22	80	0
1113	272.645833	272.779948	F6	36	80	0
1114	272.755208	272.848958	F5	26	80	0
1115	272.851562	273.039062	F6	41	80	0
1116	272.932292	273.479167	C5	41	80	0
1117	272.936198	273.259115	A4	28	80	0
1118	272.936198	273.089844	F5	39	80	0
1119	272.940104	273.229167	F4	25	80	0
1120	273.554688	273.929688	D5	45	80	0
1121	273.584635	273.919271	F4	21	80	0
1122	273.591146	273.899740	Bb4	23	80	0
1123	274.279948	274.628906	D5	36	80	0
1124	274.292969	274.549479	F4	21	80	0
1125	274.294271	274.559896	Bb4	27	80	0
1126	275.292969	275.709635	B4	30	80	0
1127	275.300781	275.679688	F4	19	80	0
1128	275.317708	275.669271	G#4	20	80	0
1129	275.411458	275.669271	F2	15	80	0
1130	275.526042	275.848958	F3	27	80	0
1131	275.673177	276.000000	C5	31	80	0
1132	275.683594	275.834635	F2	21	80	0
1133	275.692708	276.000000	F4	19	80	0
1134	275.695312	275.959635	A4	23	80	0
1135	276.281250	276.789062	C5	43	80	0
1136	276.304688	276.639323	A4	29	80	0
1137	276.313802	276.739583	F4	29	80	0
1138	276.626302	276.759115	F6	42	80	0
1139	276.718750	276.819010	F5	38	80	0
1140	276.804688	276.873698	F6	48	80	0
1141	276.923177	277.669271	D5	57	80	0
1142	276.944010	277.619792	F4	26	80	0
1143	276.951823	277.419271	Bb4	33	80	0
1144	276.960938	276.968750	Bb3	25	80	0
1145	277.605469	278.019531	Eb5	62	80	0
1146	277.627604	278.049479	C5	37	80	0
1147	277.634115	278.119792	F4	26	80	0
1148	278.356771	279.139323	Eb5	55	80	0
1149	278.386719	279.000000	F4	26	80	0
1150	278.398438	278.938802	C5	32	80	0
1151	279.304688	279.686198	C#5	53	80	0
1152	279.335938	279.699219	A4	28	80	0
1153	279.338542	279.549479	F4	28	80	0
1154	279.343750	279.468750	F3	26	80	0
1155	279.434896	279.938802	F2	17	80	0
1156	279.546875	279.718750	F3	27	80	0
1157	279.678385	280.158854	D5	58	80	0
1158	279.704427	280.149740	F4	31	80	0
1159	279.704427	280.079427	Bb4	38	80	0
1160	280.363281	280.769531	D5	67	80	0
1161	280.404948	280.829427	F4	28	80	0
1162	280.406250	280.699219	Bb4	36	80	0
1163	280.584635	280.759115	F6	54	80	0
1164	280.666667	280.848958	F5	52	80	0
1165	280.765625	281.029948	F6	61	80	0
1166	281.059896	281.539062	E5	72	80	0
1167	281.071615	281.509115	G4	36	80	0
1168	281.097656	281.549479	C#5	45	80	0
1169	281.108073	281.500000	Bb4	32	80	0
1170	281.738281	282.049479	E5	72	80	0
1171	281.781250	282.529948	G4	33	80	0
1172	281.783854	282.309896	C#5	44	80	0
1173	281.786458	282.229167	Bb4	34	80	0
1174	281.976562	282.139323	F6	45	80	0
1175	282.057292	282.188802	E5	42	80	0
1176	282.058594	282.209635	F5	41	80	0
1177	282.145833	282.438802	F6	50	80	0
1178	282.463542	283.000000	F5	62	80	0
1179	282.485677	282.869792	C5	33	80	0
1180	282.493490	282.848958	A4	31	80	0
1181	283.201823	283.848958	C5	41	80	0
1182	283.222656	283.878906	A4	33	80	0
1183	283.223958	283.819010	F4	26	80	0
1184	283.625000	283.729167	F3	25	80	0
1185	283.723958	283.908854	F2	23	80	0
1186	283.834635	283.904948	F3	33	80	0
1187	284.432292	284.889323	C5	50	80	0
1188	284.447917	284.809896	A4	38	80	0
1189	284.451823	284.809896	F4	32	80	0
1190	284.852865	285.049479	F6	48	80	0
1191	284.950521	285.169271	F5	37	80	0
1192	285.055990	285.848958	E5	56	80	0
1193	285.065104	285.188802	E6	50	80	0
1194	285.097656	285.479167	G4	22	80	0
1195	285.105469	285.459635	Bb4	24	80	0
1196	285.712240	286.329427	C5	53	80	0
1197	285.755208	286.329427	G4	26	80	0
1198	285.757812	285.959635	Bb4	33	80	0
1199	286.363281	287.059896	F5	45	80	0
1200	286.395833	286.769531	A4	19	80	0
1201	286.401042	286.809896	F4	18	80	0
1202	287.106771	287.809896	C5	32	80	0
1203	287.106771	287.869792	F4	23	80	0
1204	287.117188	287.619792	A4	27	80	0
1205	287.485677	287.609375	F3	21	80	0
1206	287.584635	287.938802	F2	15	80	0
1207	287.684896	288.029948	F3	25	80	0
1208	288.303385	288.739583	C5	40	80	0
1209	288.317708	288.658854	F4	20	80	0
1210	288.321615	288.718750	A4	26	80	0
1211	288.760417	288.899740	F6	34	80	0
1212	288.864583	289.209635	F5	28	80	0
1213	288.966146	289.039062	F6	39	80	0
1214	288.983073	289.149740	E6	36	80	0
1215	288.983073	289.679688	E5	36	80	0
1216	289.002604	289.389323	G4	20	80	0
1217	289.009115	289.339844	Bb4	24	80	0
1218	289.753906	290.688802	C5	42	80	0
1219	289.763021	289.929688	F5	34	80	0
1220	289.768229	290.049479	G4	23	80	0
1221	289.773438	289.979167	Bb4	32	80	0
1222	290.511719	291.549479	F5	48	80	0
1223	290.563802	290.959635	F4	11	80	0
1224	291.272135	292.109375	C5	38	80	0
1225	291.285156	291.819010	A4	25	80	0
1226	291.294271	292.019531	F4	19	80	0
1227	291.296875	291.658854	F3	17	80	0
1228	291.861979	292.319010	F2	18	80	0
1229	291.989583	292.378906	F3	23	80	0
1230	292.670573	296.179688	A4	35	80	0
1231	292.675781	293.829427	F4	23	80	0
1232	292.696615	292.869792	F3	17	80	0
1233	292.699219	293.569010	C4	19	80	0
1234	293.076823	293.229167	F3	16	80	0
1235	293.204427	293.479167	F2	15	80	0
1236	293.332031	293.809896	F3	21	80	0
1237	294.002604	294.848958	F4	22	80	0
1238	294.010417	294.399740	A3	17	80	0
1239	294.011719	295.549479	C4	17	80	0
1240	294.395833	294.509115	F3	15	80	0
1241	294.511719	294.750000	F2	16	80	0
1242	294.636719	294.989583	F3	26	80	0
1243	295.324219	296.479167	F4	28	80	0
1244	295.332031	295.339844	A3	21	80	0
1245	295.348958	295.859375	F3	16	80	0
1246	296.053385	297.000000	E4	33	80	0
1247	296.845052	298.378906	F4	23	80	0
1248	296.872396	297.609375	Eb4	24	80	0
1249	297.574219	298.319010	D4	23	80	0
1250	297.919271	298.014323	G4	38	80	0
1251	297.923177	297.929688	Bb3	29	80	0
1252	298.093750	298.174479	A4	41	80	0
1253	298.098958	298.188802	Bb3	32	80	0
1254	298.283854	298.375000	Bb4	42	80	0
1255	298.304688	298.540365	Eb4	27	80	0
1256	298.308594	298.540365	C4	25	80	0
1257	298.470052	298.647135	C5	47	80	0
1258	298.678385	298.925781	D5	46	80	0
1259	298.884115	300.658854	Eb5	53	80	0
1260	299.083333	299.609375	Bb2	21	80	0
1261	299.197917	302.000000	F5	50	80	0
1262	299.925781	300.289062	Bb3	19	80	0
1263	300.583333	301.438802	D4	19	80	0
1264	300.584635	300.848958	Bb3	19	80	0
1265	301.270833	302.158854	Bb3	25	80	0
1266	301.761719	302.069010	D5	43	80	0
1267	301.968750	303.709635	Bb5	53	80	0
1268	301.971354	303.109375	Eb4	27	80	0
1269	301.984375	302.919271	Bb4	33	80	0
1270	302.694010	303.529948	Bb3	20	80	0
1271	303.156250	303.438802	G5	37	80	0
1272	303.345052	304.098958	F4	22	80	0
1273	303.350260	305.059896	F5	39	80	0
1274	303.354167	304.049479	D4	21	80	0
1275	304.070312	304.699219	Bb3	15	80	0
1276	304.682292	305.429688	Bb4	22	80	0
1277	304.682292	305.408854	F4	16	80	0
1278	304.694010	305.459635	D4	15	80	0
1279	304.704427	304.899740	Bb3	13	80	0
1280	305.338542	306.098958	Bb3	21	80	0
1281	305.786458	306.119792	D5	42	80	0
1282	306.010417	307.408854	Eb5	42	80	0
1283	306.032552	307.059896	G3	21	80	0
1284	306.035156	307.079427	Bb4	24	80	0
1285	306.684896	307.239583	G4	26	80	0
1286	306.691406	307.289062	Eb3	22	80	0
1287	307.092448	307.373698	C5	52	80	0
1288	307.358073	310.039062	Bb4	42	80	0
1289	308.045573	308.699219	D4	19	80	0
1290	308.050781	308.269531	Bb3	17	80	0
1291	308.065104	308.658854	F3	14	80	0
1292	308.675781	309.959635	F4	24	80	0
1293	308.692708	309.449219	Bb3	18	80	0
1294	308.707031	309.438802	D4	13	80	0
1295	308.712240	309.000000	F3	14	80	0
1296	309.352865	310.339844	F3	21	80	0
1297	309.938802	310.679688	A3	17	80	0
1298	309.967448	310.609375	D5	40	80	0
1299	309.972656	311.259115	F4	22	80	0
1300	309.973958	310.709635	C4	20	80	0
1301	310.305990	310.729167	C5	52	80	0
1302	310.602865	311.289062	Bb4	50	80	0
1303	310.622396	311.319010	F3	27	80	0
1304	310.925781	311.078125	C5	60	80	0
1305	311.141927	313.739583	Bb2	21	80	0
1306	311.261719	312.539062	C5	59	80	0
1307	311.272135	312.179688	A3	30	80	0
1308	311.906250	313.699219	F3	33	80	0
1309	312.295573	312.558594	C#5	50	80	0
1310	312.569010	313.569010	D5	45	80	0
1311	312.574219	313.438802	F4	29	80	0
1312	312.602865	313.549479	Bb3	24	80	0
1313	313.216146	313.997396	D3	38	80	0
1314	313.898438	314.553385	Eb3	51	80	0
1315	314.067708	314.173177	F4	52	80	0
1316	314.231771	314.311198	G4	56	80	0
1317	314.384115	314.449219	A4	54	80	0
1318	314.535156	315.213542	C3	32	80	0
1319	314.535156	314.606771	Bb4	49	80	0
1320	314.683594	314.772135	C5	59	80	0
1321	314.854167	314.912760	D5	55	80	0
1322	315.015625	315.132812	Eb5	65	80	0
1323	315.234375	315.889323	Bb2	23	80	0
1324	315.332031	317.889323	F5	59	80	0
1325	315.990885	316.759115	Bb3	23	80	0
1326	316.502604	316.699219	A4	32	80	0
1327	316.660156	317.699219	F4	24	80	0
1328	316.665365	317.750000	D4	24	80	0
1329	316.686198	317.419271	Bb4	26	80	0
1330	317.368490	317.979167	Bb3	17	80	0
1331	317.819010	318.109375	D5	45	80	0
1332	318.024740	319.348958	Bb5	45	80	0
1333	318.033854	318.938802	Eb4	23	80	0
1334	318.053385	318.869792	Bb4	26	80	0
1335	318.695312	319.429688	Bb3	22	80	0
1336	319.123698	319.342448	G5	50	80	0
1337	319.315104	321.509115	F5	48	80	0
1338	319.341146	320.250000	F4	23	80	0
1339	319.346354	320.229167	D4	20	80	0
1340	320.052083	320.739583	Bb3	23	80	0
1341	320.498698	320.790365	A4	40	80	0
1342	320.753906	321.509115	F4	23	80	0
1343	320.755208	321.559896	D4	24	80	0
1344	320.755208	321.559896	Bb4	36	80	0
1345	321.423177	321.799479	Bb3	34	80	0
1346	321.757812	322.230469	D5	63	80	0
1347	322.174479	322.769531	F5	59	80	0
1348	322.187500	323.049479	G3	32	80	0
1349	322.212240	323.059896	Bb4	30	80	0
1350	322.578125	323.459635	Eb5	62	80	0
1351	322.954427	323.408854	G4	33	80	0
1352	322.964844	323.649740	Eb3	32	80	0
1353	323.287760	323.606771	C5	58	80	0
1354	323.635417	324.569010	Bb4	45	80	0
1355	323.639323	326.669271	F3	32	80	0
1356	323.648438	324.098958	D4	36	80	0
1357	324.313802	325.049479	D4	47	80	0
1358	324.345052	325.218750	Bb3	31	80	0
1359	325.055990	325.889323	F4	55	80	0
1360	325.058594	325.359375	D4	40	80	0
1361	325.765625	326.319010	D4	48	80	0
1362	325.804688	326.149740	Bb3	32	80	0
1363	326.463542	332.229167	F4	54	80	0
1364	326.476562	327.908854	C4	46	80	0
1365	326.484375	327.378906	F2	35	80	0
1366	326.485677	326.908854	A3	37	80	0
1367	327.204427	327.979167	A3	36	80	0
1368	327.207031	327.949219	F3	31	80	0
1369	327.933594	328.589844	D4	27	80	0
1370	327.934896	328.609375	Bb1	26	80	0
1371	327.936198	328.479167	Bb2	25	80	0
1372	327.936198	331.059896	Bb3	25	80	0
1373	327.955729	331.509115	F3	20	80	0
1374	328.993490	329.109375	Bb2	22	80	0
1375	329.093750	329.299479	Bb1	18	80	0
1376	329.192708	329.539062	Bb2	19	80	0
1377	329.308594	329.609375	Bb1	17	80	0
1378	330.299479	330.449219	Bb2	16	80	0
1379	330.406250	330.579427	Bb1	18	80	0
1380	330.506510	331.468750	Bb2	20	80	0
1381	330.653646	331.359375	Bb1	21	80	0
1382	331.354167	331.919271	Bb3	25	80	0
1383	332.204427	333.769531	Bb3	24	80	0
1384	333.238281	333.449219	Bb2	21	80	0
1385	333.375000	334.039062	Bb1	21	80	0
1386	333.375000	333.459635	F3	18	80	0
1387	333.460938	334.158854	Bb2	16	80	0
1388	333.634115	335.709635	B3	34	80	0
1389	333.641927	334.709635	F3	23	80	0
1390	333.644531	336.739583	G#3	29	80	0
1391	334.722656	334.908854	Bb2	17	80	0
1392	334.917969	336.859375	Bb2	26	80	0
1393	335.054688	336.718750	F3	23	80	0
1394	335.061198	337.079427	Bb1	22	80	0
1395	335.722656	336.419271	B3	56	80	0
1396	336.433594	337.718750	B3	55	80	0
1397	337.401042	337.559896	Bb2	38	80	0
1398	337.488281	337.669271	Bb1	27	80	0
1399	337.574219	338.399740	Bb2	39	80	0
1400	337.677083	338.579427	Bb1	36	80	0
1401	337.723958	339.378906	D4	60	80	0
1402	337.734375	340.009115	B3	43	80	0
1403	337.759115	338.759115	F3	30	80	0
1404	337.761719	338.429688	G#3	28	80	0
1405	338.713542	338.878906	Bb2	33	80	0
1406	338.804688	338.968750	Bb1	31	80	0
1407	338.888021	339.619792	Bb2	43	80	0
1408	338.889323	339.329427	Bb3	42	80	0
1409	338.980469	340.899740	Bb1	37	80	0
1410	339.595052	339.799479	D5	59	80	0
1411	339.595052	339.979167	D4	61	80	0
1412	339.630208	340.658854	Bb2	25	80	0
1413	340.233073	340.539062	D5	64	80	0
1414	340.234375	341.399740	D4	63	80	0
1415	341.201823	341.348958	Bb2	35	80	0
1416	341.203125	341.419271	Bb3	37	80	0
1417	341.272135	342.449219	Bb1	26	80	0
1418	341.364583	342.109375	Bb2	37	80	0
1419	341.488281	342.619792	F4	73	80	0
1420	341.502604	341.509115	F3	52	80	0
1421	341.505208	342.419271	D4	51	80	0
1422	341.514323	342.289062	G#3	53	80	0
1423	341.523438	342.299479	B3	55	80	0
1424	342.464844	342.750000	Bb3	41	80	0
1425	342.466146	342.598958	Bb2	38	80	0
1426	342.536458	343.759115	Bb1	46	80	0
1427	342.606771	343.449219	Bb2	53	80	0
1428	342.707031	344.128906	G#4	66	80	0
1429	342.707031	344.628906	F4	64	80	0
1430	342.712240	344.509115	D4	51	80	0
1431	342.723958	344.679688	B3	53	80	0
1432	343.675781	343.848958	Bb2	43	80	0
1433	343.773438	344.589844	Bb1	30	80	0
1434	343.859375	344.759115	Bb2	40	80	0
1435	343.994792	345.039062	B4	77	80	0
1436	344.993490	345.065104	G#3	46	80	0
1437	345.080729	345.209635	Bb2	49	80	0
1438	345.161458	345.239583	G#3	43	80	0
1439	345.220052	345.229167	Bb3	52	80	0
1440	345.222656	346.128906	Bb2	53	80	0
1441	345.234375	346.419271	G#4	53	80	0
1442	345.246094	346.069010	D4	48	80	0
1443	345.250000	345.908854	G#3	43	80	0
1444	345.250000	347.218750	F4	53	80	0
1445	346.311198	346.459635	G#3	37	80	0
1446	346.393229	346.559896	Bb2	34	80	0
1447	346.473958	346.658854	G#3	39	80	0
1448	346.570312	347.968750	Bb2	28	80	0
1449	346.640625	348.408854	Bb4	66	80	0
1450	346.673177	347.819010	D4	36	80	0
1451	346.674479	347.679688	G#3	38	80	0
1452	347.417969	348.419271	G#4	59	80	0
1453	348.257812	349.718750	F#4	49	80	0
1454	349.332031	349.529948	Bb2	28	80	0
1455	349.432292	349.438802	F3	24	80	0
1456	349.434896	349.658854	Bb1	28	80	0
1457	349.533854	350.319010	Bb2	27	80	0
1458	349.632812	351.789062	G4	48	80	0
1459	349.652344	349.658854	Bb4	38	80	0
1460	349.662760	352.500000	Eb4	31	80	0
1461	349.666667	350.229167	Bb1	29	80	0
1462	349.667969	350.419271	Bb3	28	80	0
1463	350.541667	350.729167	Bb2	24	80	0
1464	350.735677	352.839844	Bb2	33	80	0
1465	350.877604	351.669271	Bb1	38	80	0
1466	351.466146	352.869792	Bb4	70	80	0
1467	352.182292	354.019531	Eb5	77	80	0
1468	353.173177	353.339844	Bb3	29	80	0
1469	353.263021	353.479167	Bb2	29	80	0
1470	353.354167	354.609375	Bb3	31	80	0
1471	353.473958	356.628906	Eb4	41	80	0
1472	353.473958	355.959635	F#4	42	80	0
1473	353.475260	355.259115	A4	40	80	0
1474	353.485677	354.479167	Bb2	31	80	0
1475	354.484375	354.699219	Bb2	20	80	0
1476	354.708333	356.589844	Bb2	33	80	0
1477	354.714844	356.019531	C5	66	80	0
1478	355.505208	357.119792	A4	66	80	0
1479	356.299479	357.769531	C5	62	80	0
1480	357.278646	357.356771	Bb2	33	80	0
1481	357.384115	357.569010	Bb1	35	80	0
1482	357.477865	357.579427	Bb2	41	80	0
1483	357.572917	358.848958	Bb4	56	80	0
1484	357.580729	358.529948	F4	44	80	0
1485	357.583333	358.250000	Bb1	41	80	0
1486	357.584635	358.199219	D4	39	80	0
1487	357.585938	358.139323	Bb2	39	80	0
1488	358.490885	358.628906	Bb2	36	80	0
1489	358.576823	358.718750	Bb1	33	80	0
1490	358.641927	360.359375	Bb2	45	80	0
1491	358.734375	360.468750	Bb1	43	80	0
1492	358.773438	361.259115	F4	60	80	0
1493	358.774740	360.399740	G#4	55	80	0
1494	359.446615	360.468750	D5	74	80	0
1495	360.140625	360.937500	F5	73	80	0
1496	360.884115	362.500000	Eb5	77	80	0
1497	361.273438	361.419271	Bb3	47	80	0
1498	361.355469	361.479167	Bb2	44	80	0
1499	361.433594	361.539062	Bb3	49	80	0
1500	361.541667	362.688802	Bb2	47	80	0
1501	361.544271	362.109375	Bb3	56	80	0
1502	361.552083	362.419271	Bb4	59	80	0
1503	361.554688	362.309896	G4	53	80	0
1504	362.326823	363.049479	A4	55	80	0
1505	362.328125	363.419271	F#4	62	80	0
1506	362.330729	362.579427	Bb3	45	80	0
1507	362.686198	362.839844	Bb3	46	80	0
1508	362.766927	362.959635	Bb2	36	80	0
1509	362.854167	363.598958	Bb3	49	80	0
1510	362.964844	364.369792	Bb2	52	80	0
1511	362.980469	363.878906	C5	60	80	0
1512	362.983073	363.519531	Eb4	60	80	0
1513	363.774740	364.559896	A4	49	80	0
1514	363.783854	364.188802	C4	51	80	0
1515	363.785156	364.609375	F#4	49	80	0
1516	363.802083	364.269531	Eb4	46	80	0
1517	364.151042	364.309896	Bb3	44	80	0
1518	364.321615	364.539062	Bb3	44	80	0
1519	364.441406	368.069010	Bb2	32	80	0
1520	364.532552	365.718750	D3	52	80	0
1521	364.542969	364.549479	D4	47	80	0
1522	364.545573	365.359375	F4	40	80	0
1523	364.550781	366.029948	Bb3	40	80	0
1524	365.684896	365.910156	Eb3	45	80	0
1525	365.691406	365.904948	C3	41	80	0
1526	365.876302	367.429688	F3	44	80	0
1527	365.893229	367.369792	D3	39	80	0
1528	367.270833	368.628906	Eb3	33	80	0
1529	367.273438	368.579427	C3	34	80	0
1530	367.430990	367.494792	F4	46	80	0
1531	367.597656	367.654948	E4	47	80	0
1532	367.735677	367.781250	F4	49	80	0
1533	367.884115	367.955729	G4	48	80	0
1534	368.026042	368.078125	A4	49	80	0
1535	368.173177	368.223958	Bb4	57	80	0
1536	368.325521	368.384115	C5	60	80	0
1537	368.571615	369.929688	D5	58	80	0
1538	368.609375	369.348958	Bb2	25	80	0
1539	368.614583	368.619792	Bb4	31	80	0
1540	368.617188	371.449219	F4	26	80	0
1541	368.618490	369.408854	D3	24	80	0
1542	369.855469	370.240885	Eb5	58	80	0
1543	369.880208	370.259115	C5	39	80	0
1544	370.151042	371.639323	F5	56	80	0
1545	370.160156	371.438802	D5	38	80	0
1546	371.536458	372.739583	Eb5	46	80	0
1547	371.540365	372.500000	F4	30	80	0
1548	371.545573	372.479167	C5	35	80	0
1549	371.743490	371.863281	F3	31	80	0
1550	371.942708	372.045573	E3	42	80	0
1551	372.119792	372.209635	F3	42	80	0
1552	372.305990	372.382812	G3	46	80	0
1553	372.484375	372.546875	A3	43	80	0
1554	372.667969	372.752604	Bb3	41	80	0
1555	372.860677	372.986979	C4	35	80	0
1556	373.042969	374.509115	Bb3	29	80	0
1557	373.125000	374.419271	D4	39	80	0
1558	373.128906	374.348958	F4	33	80	0
1559	373.131510	373.919271	Bb4	35	80	0
1560	374.332031	374.643229	Eb4	39	80	0
1561	374.356771	374.634115	C4	35	80	0
1562	374.632812	377.500000	F4	34	80	0
1563	374.634115	375.399740	D4	29	80	0
1564	376.144531	378.119792	Bb1	20	80	0
1565	376.147135	377.500000	Bb2	20	80	0
1566	378.029948	380.250000	A1	19	80	0
1567	382.398438	383.279948	C6	62	80	0
1568	383.257812	383.359375	D6	50	80	0
1569	383.355469	383.394531	C6	50	80	0
1570	383.412760	383.490885	B5	55	80	0
1571	383.473958	383.738281	C6	62	80	0
1572	383.723958	383.963542	D6	65	80	0
1573	383.934896	384.289062	Eb6	64	80	0
1574	385.218750	387.019531	F#4	55	80	0
1575	385.223958	386.128906	C4	31	80	0
1576	385.226562	386.389323	Eb4	35	80	0
1577	385.231771	386.000000	Bb3	30	80	0
1578	386.901042	388.819010	F4	41	80	0
1579	386.911458	387.929688	A3	26	80	0
1580	386.915365	388.039062	Eb4	32	80	0
1581	386.925781	388.049479	C4	23	80	0
1582	388.807292	389.238281	G4	29	80	0
1583	389.169271	389.455729	F4	33	80	0
1584	389.473958	389.695312	E4	33	80	0
1585	389.476562	389.489583	Bb3	22	80	0
1586	389.714844	389.890625	F4	26	80	0
1587	389.888021	389.976562	G4	36	80	0
1588	389.894531	389.899740	Bb3	27	80	0
1589	389.997396	390.069010	A4	36	80	0
1590	390.085938	390.169271	Bb4	33	80	0
1591	390.167969	390.213542	C5	48	80	0
1592	390.252604	390.299479	D5	48	80	0
1593	390.329427	390.381510	Eb5	49	80	0
1594	390.420573	390.484375	F5	54	80	0
1595	390.503906	390.569010	G5	50	80	0
1596	390.569010	390.640625	A5	52	80	0
1597	390.644531	390.748698	Bb5	58	80	0
1598	390.744792	391.411458	C6	65	80	0
1599	391.454427	391.536458	D6	58	80	0
1600	391.542969	391.589844	C6	63	80	0
1601	391.605469	391.683594	B5	62	80	0
1602	391.669271	392.029948	C6	72	80	0
1603	391.997396	392.316406	D6	75	80	0
1604	392.294271	392.589844	Eb6	74	80	0
1605	393.518229	395.089844	Eb5	58	80	0
1606	393.546875	395.109375	A4	30	80	0
1607	393.546875	394.009115	Eb4	31	80	0
1608	393.548177	394.029948	C4	27	80	0
1609	393.554688	395.019531	F#3	28	80	0
1610	395.020833	396.468750	D5	45	80	0
1611	395.052083	396.079427	Bb4	30	80	0
1612	395.054688	396.149740	Bb3	24	80	0
1613	395.061198	396.188802	G3	23	80	0
1614	396.497396	398.348958	G5	82	80	0
1615	397.253906	397.489583	E3	54	80	0
1616	397.253906	397.519531	C#4	64	80	0
1617	397.255208	397.479167	Bb3	53	80	0
1618	397.255208	397.569010	C#5	60	80	0
1619	397.257812	397.489583	Bb4	52	80	0
1620	398.079427	398.290365	G4	60	80	0
1621	398.102865	398.339844	C#5	50	80	0
1622	398.105469	398.296875	Bb4	44	80	0
1623	399.596354	401.878906	F5	46	80	0
1624	400.403646	401.449219	D4	16	80	0
1625	400.403646	401.239583	Bb3	14	80	0
1626	400.411458	401.239583	F3	13	80	0
1627	401.221354	401.878906	D5	31	80	0
1628	401.225260	401.848958	F4	19	80	0
1629	401.233073	401.739583	Bb4	25	80	0
1630	401.244792	401.419271	F3	15	80	0
1631	401.246094	401.459635	Bb3	14	80	0
1632	402.057292	403.589844	F2	12	80	0
1633	402.059896	402.348958	F3	13	80	0
1634	402.072917	402.878906	F1	14	80	0
1635	402.930990	403.839844	A4	24	80	0
1636	402.934896	403.839844	Eb4	19	80	0
1637	402.934896	404.199219	C4	19	80	0
1638	403.804688	404.128906	F3	20	80	0
1639	403.807292	404.619792	F2	16	80	0
1640	404.630208	404.989583	D4	19	80	0
1641	404.634115	404.968750	Bb3	19	80	0
1642	404.639323	405.019531	F3	15	80	0
1643	404.644531	407.500000	Bb2	16	80	0
1644	405.423177	406.408854	F5	40	80	0
1645	405.424479	406.319010	F4	25	80	0
1646	406.171875	406.949219	D5	46	80	0
1647	406.184896	406.739583	D4	27	80	0
1648	406.924479	407.759115	B4	45	80	0
1649	406.933594	407.468750	B3	34	80	0
1650	407.692708	408.609375	Bb4	40	80	0
1651	407.703125	408.598958	Bb3	30	80	0
1652	408.467448	409.229167	G#4	34	80	0
1653	408.484375	408.669271	G#3	25	80	0
1654	409.246094	410.399740	G4	30	80	0
1655	409.252604	412.559896	Bb2	21	80	0
1656	409.255208	410.069010	G3	20	80	0
1657	409.261719	411.218750	Bb1	22	80	0
1658	410.087240	411.309896	Bb4	32	80	0
1659	410.087240	411.169271	Bb3	25	80	0
1660	410.894531	412.209635	Eb4	31	80	0
1661	410.902344	411.819010	Eb3	24	80	0
1662	411.692708	412.699219	G4	34	80	0
1663	411.726562	412.549479	G3	20	80	0
1664	412.501302	414.128906	C4	28	80	0
1665	412.514323	413.769531	C3	18	80	0
1666	413.292969	414.279948	F4	24	80	0
1667	413.307292	414.209635	F3	18	80	0
1668	413.703125	414.188802	Eb4	31	80	0
1669	413.705729	414.179688	Eb3	25	80	0
1670	414.128906	417.500000	Bb2	21	80	0
1671	414.135417	414.259115	Bb3	22	80	0
1672	414.141927	415.199219	D4	20	80	0
1673	414.964844	416.199219	F4	23	80	0
1674	414.970052	415.839844	Bb3	17	80	0
1675	415.789062	416.899740	D4	23	80	0
1676	416.615885	417.449219	D5	45	80	0
1677	416.622396	417.468750	B3	26	80	0
1678	417.442708	418.250000	Bb3	29	80	0
1679	418.101562	421.649740	Bb2	20	80	0
1680	418.197917	418.359375	D5	41	80	0
1681	418.213542	419.019531	G#3	26	80	0
1682	418.299479	418.309896	Eb5	25	80	0
1683	418.373698	418.509115	D5	30	80	0
1684	418.455729	418.529948	Eb5	42	80	0
1685	418.514323	418.589844	D5	34	80	0
1686	418.587240	418.669271	Eb5	46	80	0
1687	418.648438	418.708333	D5	44	80	0
1688	418.763021	418.817708	C5	49	80	0
1689	418.835938	419.009115	D5	60	80	0
1690	418.986979	419.899740	F5	56	80	0
1691	419.005208	419.989583	G3	29	80	0
1692	419.824219	421.169271	Eb5	43	80	0
1693	420.597656	422.489583	Eb3	27	80	0
1694	421.397135	422.819010	Eb5	59	80	0
1695	421.403646	422.819010	G3	28	80	0
1696	422.311198	423.438802	C3	29	80	0
1697	422.313802	423.829427	Bb2	27	80	0
1698	423.110677	423.649740	F3	22	80	0
1699	423.144531	423.250000	A4	31	80	0
1700	423.223958	423.309896	Bb4	37	80	0
1701	423.294271	423.369792	A4	39	80	0
1702	423.372396	423.449219	Bb4	53	80	0
1703	423.450521	423.529948	A4	41	80	0
1704	423.526042	423.589844	Bb4	41	80	0
1705	423.584635	423.989583	Eb3	32	80	0
1706	423.605469	423.709635	A4	36	80	0
1707	423.692708	423.734375	Bb4	44	80	0
1708	423.765625	423.839844	A4	44	80	0
1709	423.843750	423.968750	Bb4	34	80	0
1710	423.915365	423.964844	A4	50	80	0
1711	423.972656	425.628906	Bb2	28	80	0
1712	423.981771	427.109375	D3	26	80	0
1713	423.981771	425.449219	Bb4	38	80	0
1714	424.945312	425.889323	F3	27	80	0
1715	425.399740	425.968750	A4	46	80	0
1716	425.412760	425.989583	Eb3	25	80	0
1717	425.902344	427.438802	Bb4	34	80	0
1718	425.920573	427.609375	Bb2	21	80	0
1719	425.925781	426.309896	Bb3	22	80	0
1720	426.822917	427.679688	F3	26	80	0
1721	427.354167	427.989583	C5	39	80	0
1722	427.373698	427.989583	Eb3	20	80	0
1723	427.381510	427.938802	A4	26	80	0
1724	427.902344	429.639323	D5	33	80	0
1725	427.916667	428.889323	Bb4	23	80	0
1726	427.924479	431.549479	Bb2	16	80	0
1727	428.908854	429.658854	F3	33	80	0
1728	429.545573	430.489583	A5	60	80	0
1729	429.567708	430.669271	Eb3	24	80	0
1730	429.584635	430.029948	C5	27	80	0
1731	430.238281	431.919271	Bb5	66	80	0
1732	430.243490	431.539062	D3	28	80	0
1733	430.285156	431.669271	D5	37	80	0
1734	431.459635	432.699219	D6	79	80	0
1735	432.541667	432.656250	C6	62	80	0
1736	432.822917	435.819010	C6	64	80	0
1737	435.585938	437.949219	Bb5	26	80	0
1738	437.328125	438.250000	Bb2	14	80	0
1739	437.329427	439.929688	Bb1	13	80	0
#SusPed	0.609375	94	0
#SofPed	6.384115	50	0
#SusPed	6.609375	0	0
#SofPed	6.658854	0	0
#SofPed	6.665365	65	0
#SofPed	6.759115	0	0
#SofPed	6.769531	75	0
#SusPed	7.002604	51	0
#SusPed	10.059896	0	0
#SusPed	10.074219	74	0
#SofPed	10.109375	0	0
#SusPed	10.279948	0	0
#SusPed	10.286458	49	0
#SusPed	10.848958	0	0
#SusPed	10.864583	49	0
#SusPed	11.378906	0	0
#SusPed	11.389323	54	0
#SusPed	12.639323	0	0
#SusPed	12.645833	83	0
#SusPed	13.718750	0	0
#SusPed	13.731771	76	0
#SusPed	14.809896	0	0
#SusPed	14.815104	51	0
#SusPed	15.339844	0	0
#SusPed	15.347656	65	0
#SusPed	16.378906	0	0
#SusPed	16.385417	81	0
#SusPed	16.468750	0	0
#SusPed	16.476562	81	0
#SusPed	18.049479	0	0
#SusPed	18.055990	71	0
#SusPed	18.519531	0	0
#SusPed	18.524740	57	0
#SusPed	20.009115	0	0
#SusPed	20.015625	90	0
#SusPed	20.718750	0	0
#SusPed	20.725260	71	0
#SusPed	21.209635	0	0
#SusPed	21.223958	58	0
#SusPed	21.250000	0	0
#SusPed	21.257812	59	0
#SusPed	21.479167	0	0
#SusPed	21.490885	69	0
#SusPed	21.639323	0	0
#SusPed	21.651042	70	0
#SofPed	21.914062	69	0
#SusPed	21.949219	0	0
#SusPed	21.960938	64	0
#SofPed	22.009115	0	0
#SofPed	22.016927	57	0
#SofPed	22.119792	0	0
#SofPed	22.127604	47	0
#SofPed	22.309896	0	0
#SofPed	22.320312	41	0
#SofPed	22.589844	0	0
#SofPed	22.604167	52	0
#SusPed	22.619792	0	0
#SusPed	22.627604	60	0
#SusPed	23.109375	0	0
#SusPed	23.122396	67	0
#SofPed	23.250000	0	0
#SofPed	23.255208	44	0
#SofPed	23.419271	0	0
#SofPed	23.424479	56	0
#SusPed	23.468750	0	0
#SusPed	23.479167	58	0
#SofPed	23.489583	0	0
#SofPed	23.502604	67	0
#SofPed	23.589844	0	0
#SofPed	23.595052	73	0
#SofPed	23.938802	0	0
#SofPed	23.946615	80	0
#SusPed	24.000000	0	0
#SusPed	24.003906	66	0
#SusPed	24.989583	0	0
#SusPed	24.996094	67	0
#SusPed	26.399740	0	0
#SusPed	26.414062	65	0
#SusPed	26.529948	0	0
#SusPed	26.537760	56	0
#SusPed	28.779948	0	0
#SusPed	28.785156	77	0
#SofPed	29.279948	0	0
#SofPed	29.292969	41	0
#SusPed	29.309896	0	0
#SusPed	29.322917	65	0
#SusPed	29.529948	0	0
#SusPed	29.535156	68	0
#SofPed	29.609375	0	0
#SofPed	29.617188	26	0
#SofPed	30.000000	0	0
#SofPed	30.014323	23	0
#SusPed	30.049479	0	0
#SusPed	30.057292	64	0
#SofPed	30.419271	0	0
#SofPed	30.425781	32	0
#SofPed	30.579427	0	0
#SofPed	30.592448	35	0
#SusPed	30.649740	0	0
#SusPed	30.656250	69	0
#SofPed	30.699219	0	0
#SofPed	30.707031	38	0
#SofPed	30.779948	0	0
#SofPed	30.789062	43	0
#SusPed	30.839844	0	0
#SusPed	30.846354	71	0
#SofPed	30.878906	0	0
#SofPed	30.893229	49	0
#SofPed	30.949219	0	0
#SofPed	30.959635	52	0
#SofPed	31.019531	0	0
#SofPed	31.033854	53	0
#SofPed	31.079427	0	0
#SofPed	31.092448	52	0
#SofPed	31.218750	0	0
#SofPed	31.233073	59	0
#SofPed	31.299479	0	0
#SofPed	31.305990	63	0
#SofPed	31.598958	0	0
#SofPed	31.608073	66	0
#SusPed	31.609375	0	0
#SusPed	31.615885	75	0
#SofPed	31.878906	0	0
#SofPed	31.885417	75	0
#SusPed	31.908854	0	0
#SusPed	31.915365	80	0
#SofPed	32.269531	0	0
#SofPed	32.277344	82	0
#SusPed	32.299479	0	0
#SusPed	32.311198	67	0
#SofPed	32.628906	0	0
#SofPed	32.641927	71	0
#SusPed	32.718750	0	0
#SofPed	32.718750	0	0
#SofPed	32.730469	71	0
#SusPed	32.733073	60	0
#SofPed	32.809896	0	0
#SofPed	32.815104	72	0
#SofPed	33.009115	0	0
#SofPed	33.014323	78	0
#SusPed	33.309896	0	0
#SusPed	33.316406	81	0
#SusPed	33.799479	0	0
#SusPed	33.813802	71	0
#SusPed	34.059896	0	0
#SusPed	34.070312	69	0
#SusPed	34.359375	0	0
#SusPed	34.372396	69	0
#SusPed	34.938802	0	0
#SusPed	34.947917	69	0
#SusPed	35.229167	0	0
#SusPed	35.243490	74	0
#SusPed	36.459635	0	0
#SusPed	36.467448	62	0
#SusPed	36.699219	0	0
#SusPed	36.709635	55	0
#SofPed	39.019531	0	0
#SusPed	40.449219	0	0
#SusPed	40.463542	67	0
#SusPed	40.658854	0	0
#SusPed	40.674479	51	0
#SusPed	40.699219	0	0
#SusPed	40.705729	49	0
#SusPed	42.968750	0	0
#SusPed	42.981771	73	0
#SusPed	43.878906	0	0
#SusPed	43.893229	69	0
#SusPed	44.179688	0	0
#SusPed	44.184896	59	0
#SusPed	45.049479	0	0
#SusPed	45.058594	76	0
#SusPed	45.229167	0	0
#SusPed	45.239583	66	0
#SusPed	45.750000	0	0
#SusPed	45.764323	71	0
#SofPed	46.325521	51	0
#SofPed	46.679688	0	0
#SofPed	46.686198	44	0
#SofPed	46.829427	0	0
#SofPed	46.841146	48	0
#SofPed	48.059896	0	0
#SofPed	48.072917	34	0
#SusPed	48.139323	0	0
#SusPed	48.145833	90	0
#SofPed	48.309896	0	0
#SofPed	48.321615	44	0
#SofPed	48.889323	0	0
#SofPed	48.899740	46	0
#SusPed	48.949219	0	0
#SusPed	48.963542	94	0
#SofPed	48.968750	0	0
#SofPed	48.973958	42	0
#SofPed	49.029948	0	0
#SusPed	49.039062	0	0
#SofPed	49.040365	43	0
#SusPed	49.044271	86	0
#SofPed	49.098958	0	0
#SofPed	49.105469	42	0
#SofPed	49.199219	0	0
#SofPed	49.205729	47	0
#SofPed	49.449219	0	0
#SusPed	49.459635	0	0
#SofPed	49.463542	46	0
#SusPed	49.467448	59	0
#SusPed	49.718750	0	0
#SusPed	49.729167	62	0
#SofPed	50.218750	0	0
#SofPed	50.231771	51	0
#SofPed	50.878906	0	0
#SofPed	50.893229	74	0
#SusPed	50.989583	0	0
#SusPed	50.996094	78	0
#SusPed	51.369792	0	0
#SusPed	51.382812	53	0
#SusPed	51.569010	0	0
#SusPed	51.584635	65	0
#SofPed	51.688802	0	0
#SusPed	52.468750	0	0
#SusPed	52.483073	84	0
#SusPed	52.598958	0	0
#SusPed	52.609375	65	0
#SusPed	52.839844	0	0
#SusPed	52.851562	54	0
#SusPed	53.809896	0	0
#SusPed	53.817708	66	0
#SusPed	54.348958	0	0
#SusPed	54.360677	72	0
#SusPed	55.339844	0	0
#SusPed	55.352865	74	0
#SusPed	55.829427	0	0
#SusPed	55.835938	70	0
#SusPed	56.769531	0	0
#SusPed	56.778646	69	0
#SusPed	56.989583	0	0
#SusPed	57.003906	66	0
#SusPed	57.889323	0	0
#SusPed	57.898438	76	0
#SusPed	58.229167	0	0
#SusPed	58.238281	57	0
#SusPed	58.649740	0	0
#SusPed	58.658854	55	0
#SusPed	58.859375	0	0
#SusPed	58.873698	63	0
#SofPed	59.898438	52	0
#SofPed	60.029948	0	0
#SofPed	60.035156	52	0
#SusPed	60.188802	0	0
#SusPed	60.197917	59	0
#SofPed	60.239583	0	0
#SofPed	60.253906	59	0
#SusPed	60.639323	0	0
#SusPed	60.654948	77	0
#SofPed	61.250000	0	0
#SofPed	61.255208	74	0
#SofPed	61.559896	0	0
#SusPed	61.569010	0	0
#SofPed	61.571615	75	0
#SusPed	61.584635	76	0
#SusPed	61.899740	0	0
#SusPed	61.904948	63	0
#SofPed	61.979167	0	0
#SofPed	61.985677	85	0
#SofPed	62.938802	0	0
#SusPed	62.959635	0	0
#SusPed	62.972656	69	0
#SusPed	64.628906	0	0
#SusPed	64.644531	59	0
#SusPed	65.529948	0	0
#SusPed	65.544271	54	0
#SofPed	65.626302	67	0
#SofPed	66.059896	0	0
#SofPed	66.065104	78	0
#SusPed	66.089844	0	0
#SusPed	66.095052	73	0
#SofPed	66.199219	0	0
#SofPed	66.204427	89	0
#SofPed	67.348958	0	0
#SofPed	67.356771	95	0
#SusPed	69.199219	0	0
#SusPed	69.213542	66	0
#SusPed	70.199219	0	0
#SusPed	70.213542	56	0
#SusPed	70.309896	0	0
#SusPed	70.320312	63	0
#SusPed	71.519531	0	0
#SusPed	71.533854	64	0
#SusPed	71.639323	0	0
#SusPed	71.651042	53	0
#SusPed	72.299479	0	0
#SusPed	72.312500	66	0
#SusPed	72.489583	0	0
#SofPed	72.500000	0	0
#SusPed	72.503906	63	0
#SusPed	72.639323	0	0
#SusPed	72.645833	60	0
#SusPed	72.729167	0	0
#SusPed	72.735677	57	0
#SusPed	72.829427	0	0
#SusPed	72.835938	56	0
#SusPed	73.029948	0	0
#SusPed	73.036458	62	0
#SusPed	73.109375	0	0
#SusPed	73.123698	71	0
#SusPed	73.489583	0	0
#SusPed	73.497396	78	0
#SusPed	73.959635	0	0
#SusPed	73.966146	85	0
#SusPed	74.029948	0	0
#SusPed	74.039062	82	0
#SusPed	74.339844	0	0
#SusPed	74.354167	73	0
#SusPed	74.408854	0	0
#SusPed	74.421875	59	0
#SusPed	74.848958	0	0
#SusPed	74.863281	77	0
#SusPed	75.750000	0	0
#SusPed	75.759115	67	0
#SusPed	76.128906	0	0
#SusPed	76.144531	66	0
#SusPed	77.069010	0	0
#SusPed	77.082031	65	0
#SusPed	77.539062	0	0
#SusPed	77.553385	64	0
#SusPed	78.269531	0	0
#SusPed	78.277344	77	0
#SusPed	78.339844	0	0
#SusPed	78.348958	73	0
#SusPed	78.718750	0	0
#SusPed	78.733073	70	0
#SusPed	79.619792	0	0
#SusPed	79.627604	54	0
#SusPed	80.029948	0	0
#SusPed	80.044271	64	0
#SusPed	80.598958	0	0
#SusPed	80.611979	69	0
#SusPed	80.669271	0	0
#SusPed	80.674479	69	0
#SusPed	80.779948	0	0
#SusPed	80.791667	61	0
#SusPed	80.869792	0	0
#SusPed	80.877604	58	0
#SusPed	81.009115	0	0
#SusPed	81.022135	57	0
#SusPed	81.348958	0	0
#SusPed	81.359375	61	0
#SusPed	81.859375	0	0
#SusPed	81.867188	66	0
#SusPed	81.959635	0	0
#SusPed	81.967448	67	0
#SusPed	82.209635	0	0
#SusPed	82.222656	64	0
#SusPed	82.408854	0	0
#SusPed	82.415365	51	0
#SusPed	82.579427	0	0
#SusPed	82.592448	59	0
#SusPed	83.359375	0	0
#SusPed	83.373698	75	0
#SusPed	83.619792	0	0
#SusPed	83.634115	66	0
#SofPed	84.041667	112	0
#SofPed	84.049479	0	0
#SusPed	84.218750	0	0
#SusPed	84.234375	57	0
#SofPed	84.255208	109	0
#SofPed	84.269531	0	0
#SusPed	84.959635	0	0
#SusPed	84.972656	58	0
#SusPed	85.829427	0	0
#SusPed	85.842448	50	0
#SusPed	86.059896	0	0
#SusPed	86.065104	64	0
#SusPed	86.799479	0	0
#SusPed	86.807292	58	0
#SusPed	88.128906	0	0
#SusPed	88.144531	56	0
#SusPed	88.179688	0	0
#SusPed	88.190104	56	0
#SusPed	88.899740	0	0
#SusPed	88.907552	56	0
#SusPed	89.128906	0	0
#SusPed	89.139323	52	0
#SusPed	89.218750	0	0
#SusPed	89.225260	54	0
#SusPed	89.339844	0	0
#SusPed	89.350260	54	0
#SusPed	89.750000	0	0
#SusPed	89.757812	74	0
#SusPed	90.968750	0	0
#SusPed	90.981771	54	0
#SusPed	91.059896	0	0
#SusPed	91.069010	67	0
#SofPed	91.363281	75	0
#SofPed	91.628906	0	0
#SofPed	91.643229	75	0
#SofPed	91.799479	0	0
#SofPed	91.804688	78	0
#SofPed	91.968750	0	0
#SofPed	91.973958	86	0
#SofPed	92.128906	0	0
#SofPed	92.143229	94	0
#SofPed	92.188802	0	0
#SofPed	92.197917	92	0
#SofPed	92.789062	0	0
#SofPed	92.798177	92	0
#SofPed	93.479167	0	0
#SofPed	93.490885	87	0
#SusPed	93.649740	0	0
#SusPed	93.664062	67	0
#SofPed	93.979167	0	0
#SofPed	93.992188	110	0
#SusPed	94.069010	0	0
#SusPed	94.079427	61	0
#SusPed	95.079427	0	0
#SusPed	95.093750	71	0
#SusPed	95.399740	0	0
#SusPed	95.410156	60	0
#SusPed	97.679688	0	0
#SusPed	97.694010	64	0
#SusPed	97.899740	0	0
#SusPed	97.904948	71	0
#SusPed	98.348958	0	0
#SusPed	98.363281	62	0
#SusPed	98.569010	0	0
#SusPed	98.583333	71	0
#SofPed	98.929688	0	0
#SofPed	98.936198	111	0
#SofPed	99.369792	0	0
#SofPed	99.382812	110	0
#SusPed	100.299479	0	0
#SusPed	100.308594	65	0
#SusPed	100.519531	0	0
#SusPed	100.524740	67	0
#SofPed	100.889323	0	0
#SofPed	100.901042	70	0
#SofPed	101.139323	0	0
#SofPed	101.147135	79	0
#SofPed	101.408854	0	0
#SofPed	101.421875	81	0
#SofPed	101.579427	0	0
#SofPed	101.593750	83	0
#SusPed	101.628906	0	0
#SusPed	101.635417	64	0
#SusPed	101.759115	0	0
#SusPed	101.765625	63	0
#SofPed	101.919271	0	0
#SofPed	101.932292	78	0
#SusPed	102.329427	0	0
#SusPed	102.334635	54	0
#SofPed	102.378906	0	0
#SofPed	102.394531	84	0
#SofPed	102.569010	0	0
#SofPed	102.584635	87	0
#SusPed	102.589844	0	0
#SusPed	102.598958	81	0
#SofPed	102.968750	0	0
#SofPed	102.975260	86	0
#SofPed	103.378906	0	0
#SofPed	103.385417	90	0
#SusPed	104.199219	0	0
#SusPed	104.204427	59	0
#SusPed	104.339844	0	0
#SusPed	104.352865	45	0
#SusPed	104.479167	0	0
#SusPed	104.485677	66	0
#SofPed	104.769531	0	0
#SofPed	104.783854	78	0
#SofPed	104.889323	0	0
#SofPed	104.903646	84	0
#SusPed	104.949219	0	0
#SusPed	104.955729	68	0
#SusPed	105.128906	0	0
#SusPed	105.139323	71	0
#SusPed	105.199219	0	0
#SusPed	105.209635	76	0
#SusPed	105.269531	0	0
#SusPed	105.283854	80	0
#SusPed	105.549479	0	0
#SusPed	105.558594	66	0
#SofPed	105.769531	0	0
#SusPed	105.779948	0	0
#SofPed	105.779948	89	0
#SusPed	105.785156	69	0
#SusPed	106.158854	0	0
#SofPed	106.158854	0	0
#SofPed	106.165365	89	0
#SusPed	106.173177	59	0
#SusPed	106.389323	0	0
#SusPed	106.403646	66	0
#SofPed	106.718750	0	0
#SofPed	106.729167	72	0
#SofPed	106.839844	0	0
#SofPed	106.845052	68	0
#SofPed	107.119792	0	0
#SofPed	107.128906	86	0
#SofPed	107.218750	0	0
#SofPed	107.233073	88	0
#SofPed	107.718750	0	0
#SofPed	107.725260	78	0
#SofPed	107.908854	0	0
#SofPed	107.923177	81	0
#SofPed	108.049479	0	0
#SofPed	108.055990	78	0
#SusPed	108.089844	0	0
#SusPed	108.101562	64	0
#SofPed	108.109375	0	0
#SofPed	108.122396	76	0
#SofPed	108.289062	0	0
#SusPed	108.299479	0	0
#SofPed	108.303385	63	0
#SusPed	108.304688	66	0
#SusPed	109.378906	0	0
#SusPed	109.393229	86	0
#SusPed	109.500000	0	0
#SusPed	109.505208	61	0
#SusPed	110.609375	0	0
#SusPed	110.619792	62	0
#SofPed	110.759115	0	0
#SofPed	110.769531	60	0
#SofPed	110.899740	0	0
#SofPed	110.904948	65	0
#SofPed	111.000000	0	0
#SofPed	111.014323	75	0
#SusPed	111.019531	0	0
#SusPed	111.027344	64	0
#SofPed	112.500000	0	0
#SofPed	112.514323	59	0
#SofPed	112.789062	0	0
#SofPed	112.803385	48	0
#SofPed	112.859375	0	0
#SofPed	112.868490	47	0
#SofPed	112.938802	0	0
#SofPed	112.947917	45	0
#SofPed	113.089844	0	0
#SofPed	113.095052	47	0
#SofPed	113.209635	0	0
#SofPed	113.214844	49	0
#SofPed	113.299479	0	0
#SofPed	113.304688	50	0
#SofPed	113.348958	0	0
#SofPed	113.361979	51	0
#SofPed	113.438802	0	0
#SofPed	113.453125	52	0
#SofPed	113.699219	0	0
#SofPed	113.704427	54	0
#SofPed	113.968750	0	0
#SofPed	113.977865	61	0
#SofPed	114.199219	0	0
#SofPed	114.205729	61	0
#SofPed	114.289062	0	0
#SofPed	114.299479	62	0
#SusPed	114.649740	0	0
#SusPed	114.662760	67	0
#SofPed	114.829427	0	0
#SofPed	114.843750	62	0
#SusPed	114.908854	0	0
#SusPed	114.923177	64	0
#SofPed	115.299479	0	0
#SofPed	115.304688	76	0
#SofPed	115.348958	0	0
#SofPed	115.361979	76	0
#SofPed	115.759115	0	0
#SofPed	115.773438	77	0
#SofPed	116.019531	0	0
#SofPed	116.024740	63	0
#SofPed	117.729167	0	0
#SofPed	117.743490	43	0
#SofPed	118.259115	0	0
#SofPed	118.273438	32	0
#SusPed	118.408854	0	0
#SofPed	118.408854	0	0
#SusPed	118.419271	62	0
#SofPed	118.423177	34	0
#SusPed	118.679688	0	0
#SofPed	118.679688	0	0
#SusPed	118.690104	65	0
#SofPed	118.692708	48	0
#SofPed	118.779948	0	0
#SofPed	118.785156	55	0
#SofPed	119.089844	0	0
#SofPed	119.095052	79	0
#SofPed	119.269531	0	0
#SofPed	119.282552	94	0
#SusPed	120.649740	0	0
#SusPed	120.664062	59	0
#SusPed	121.049479	0	0
#SusPed	121.059896	63	0
#SusPed	121.089844	0	0
#SusPed	121.097656	63	0
#SusPed	121.889323	0	0
#SusPed	121.901042	53	0
#SusPed	122.128906	0	0
#SusPed	122.143229	61	0
#SofPed	122.609375	0	0
#SofPed	122.623698	83	0
#SofPed	122.688802	0	0
#SofPed	122.701823	75	0
#SofPed	123.019531	0	0
#SofPed	123.028646	44	0
#SusPed	123.218750	0	0
#SusPed	123.226562	66	0
#SofPed	123.289062	0	0
#SofPed	123.296875	37	0
#SusPed	123.889323	0	0
#SusPed	123.897135	58	0
#SofPed	123.968750	0	0
#SusPed	124.449219	0	0
#SusPed	124.462240	64	0
#SusPed	124.759115	0	0
#SusPed	124.764323	64	0
#SusPed	125.079427	0	0
#SusPed	125.087240	66	0
#SofPed	125.871094	44	0
#SofPed	125.929688	0	0
#SofPed	125.941406	41	0
#SofPed	126.009115	0	0
#SofPed	126.023438	35	0
#SofPed	126.199219	0	0
#SofPed	126.204427	41	0
#SofPed	126.269531	0	0
#SofPed	126.276042	45	0
#SofPed	126.500000	0	0
#SofPed	126.505208	58	0
#SofPed	126.539062	0	0
#SofPed	126.553385	59	0
#SusPed	126.649740	0	0
#SofPed	126.649740	0	0
#SofPed	126.654948	68	0
#SusPed	126.664062	66	0
#SusPed	127.089844	0	0
#SusPed	127.104167	76	0
#SusPed	127.279948	0	0
#SusPed	127.287760	79	0
#SusPed	129.019531	0	0
#SusPed	129.031250	65	0
#SusPed	129.279948	0	0
#SusPed	129.285156	61	0
#SofPed	129.438802	0	0
#SofPed	129.445312	90	0
#SofPed	129.959635	0	0
#SofPed	129.964844	89	0
#SusPed	130.319010	0	0
#SusPed	130.332031	66	0
#SusPed	130.408854	0	0
#SusPed	130.423177	60	0
#SofPed	130.509115	0	0
#SofPed	130.524740	102	0
#SusPed	132.848958	0	0
#SusPed	132.854167	56	0
#SusPed	133.279948	0	0
#SusPed	133.289062	67	0
#SusPed	134.000000	0	0
#SusPed	134.007812	58	0
#SusPed	134.378906	0	0
#SusPed	134.391927	53	0
#SofPed	136.519531	0	0
#SusPed	136.628906	0	0
#SusPed	136.643229	72	0
#SofPed	137.187500	90	0
#SofPed	137.250000	0	0
#SofPed	137.259115	90	0
#SusPed	137.299479	0	0
#SusPed	137.304688	67	0
#SofPed	137.399740	0	0
#SofPed	137.411458	91	0
#SusPed	137.839844	0	0
#SusPed	137.854167	71	0
#SusPed	137.908854	0	0
#SusPed	137.916667	60	0
#SusPed	138.199219	0	0
#SusPed	138.204427	60	0
#SofPed	138.239583	0	0
#SofPed	138.251302	59	0
#SusPed	139.289062	0	0
#SusPed	139.294271	51	0
#SofPed	139.658854	0	0
#SofPed	139.664062	75	0
#SofPed	139.789062	0	0
#SofPed	139.803385	71	0
#SusPed	139.878906	0	0
#SusPed	139.886719	63	0
#SofPed	139.899740	0	0
#SofPed	139.906250	70	0
#SofPed	140.069010	0	0
#SofPed	140.080729	70	0
#SusPed	140.128906	0	0
#SofPed	140.128906	0	0
#SusPed	140.135417	72	0
#SofPed	140.143229	68	0
#SusPed	140.579427	0	0
#SusPed	140.589844	68	0
#SusPed	140.699219	0	0
#SusPed	140.712240	54	0
#SofPed	140.889323	0	0
#SofPed	140.897135	49	0
#SofPed	141.049479	0	0
#SofPed	141.063802	51	0
#SusPed	141.165365	0	0
#SofPed	141.169271	0	0
#SofPed	141.180990	48	0
#SofPed	141.239583	0	0
#SofPed	141.252604	45	0
#SofPed	141.348958	0	0
#SofPed	141.358073	39	0
#SofPed	141.549479	0	0
#SofPed	141.562500	36	0
#SofPed	141.609375	0	0
#SofPed	141.614583	39	0
#SofPed	141.679688	0	0
#SofPed	141.692708	41	0
#SofPed	141.848958	0	0
#SofPed	141.856771	41	0
#SofPed	141.968750	0	0
#SofPed	141.984375	42	0
#SusPed	141.984375	65	0
#SusPed	142.759115	0	0
#SusPed	142.768229	75	0
#SusPed	143.218750	0	0
#SusPed	143.225260	63	0
#SusPed	144.579427	0	0
#SusPed	144.585938	64	0
#SusPed	144.929688	0	0
#SusPed	144.934896	65	0
#SofPed	145.589844	0	0
#SofPed	145.601562	61	0
#SofPed	145.819010	0	0
#SofPed	145.826823	58	0
#SusPed	145.919271	0	0
#SusPed	145.929688	61	0
#SofPed	145.979167	0	0
#SofPed	145.992188	69	0
#SusPed	146.039062	0	0
#SusPed	146.048177	57	0
#SusPed	147.269531	0	0
#SusPed	147.277344	64	0
#SusPed	147.489583	0	0
#SusPed	147.503906	62	0
#SofPed	148.000000	0	0
#SofPed	148.007812	70	0
#SofPed	148.089844	0	0
#SofPed	148.104167	66	0
#SofPed	148.688802	0	0
#SofPed	148.699219	58	0
#SusPed	148.718750	0	0
#SusPed	148.723958	63	0
#SofPed	148.789062	0	0
#SofPed	148.803385	63	0
#SofPed	148.938802	0	0
#SofPed	148.953125	64	0
#SusPed	148.968750	0	0
#SusPed	148.983073	67	0
#SofPed	149.069010	0	0
#SofPed	149.082031	69	0
#SusPed	149.438802	0	0
#SusPed	149.453125	78	0
#SofPed	149.769531	0	0
#SusPed	150.128906	0	0
#SusPed	150.141927	73	0
#SusPed	150.449219	0	0
#SusPed	150.455729	65	0
#SusPed	151.049479	0	0
#SusPed	151.055990	62	0
#SusPed	151.459635	0	0
#SusPed	151.473958	71	0
#SusPed	151.549479	0	0
#SusPed	151.555990	66	0
#SusPed	151.669271	0	0
#SusPed	151.677083	68	0
#SusPed	152.919271	0	0
#SusPed	152.933594	80	0
#SusPed	153.309896	0	0
#SusPed	153.322917	66	0
#SofPed	153.384115	96	0
#SofPed	153.669271	0	0
#SofPed	153.683594	77	0
#SusPed	154.348958	0	0
#SusPed	154.363281	64	0
#SusPed	154.649740	0	0
#SusPed	154.664062	56	0
#SusPed	155.348958	0	0
#SusPed	155.363281	67	0
#SusPed	155.419271	0	0
#SusPed	155.424479	64	0
#SusPed	155.589844	0	0
#SusPed	155.597656	61	0
#SusPed	155.908854	0	0
#SusPed	155.914062	52	0
#SusPed	156.419271	0	0
#SusPed	156.432292	64	0
#SusPed	156.598958	0	0
#SusPed	156.613281	66	0
#SusPed	157.139323	0	0
#SusPed	157.153646	61	0
#SusPed	157.509115	0	0
#SusPed	157.522135	53	0
#SusPed	157.799479	0	0
#SusPed	157.811198	57	0
#SusPed	157.938802	0	0
#SusPed	157.951823	61	0
#SofPed	159.679688	0	0
#SusPed	160.109375	0	0
#SusPed	160.123698	66	0
#SusPed	160.188802	0	0
#SusPed	160.201823	77	0
#SusPed	160.259115	0	0
#SusPed	160.268229	82	0
#SusPed	161.239583	0	0
#SusPed	161.252604	80	0
#SusPed	161.549479	0	0
#SusPed	161.555990	95	0
#SusPed	161.669271	0	0
#SusPed	161.679688	94	0
#SofPed	161.902344	95	0
#SofPed	161.989583	0	0
#SofPed	162.001302	91	0
#SofPed	162.049479	0	0
#SofPed	162.061198	91	0
#SusPed	162.109375	0	0
#SusPed	162.122396	97	0
#SofPed	162.158854	0	0
#SofPed	162.171875	90	0
#SusPed	164.250000	0	0
#SusPed	164.256510	77	0
#SusPed	164.348958	0	0
#SusPed	164.354167	87	0
#SusPed	165.259115	0	0
#SusPed	165.269531	95	0
#SofPed	165.459635	0	0
#SofPed	165.583333	81	0
#SofPed	165.589844	0	0
#SusPed	168.109375	0	0
#SusPed	168.122396	86	0
#SusPed	168.649740	0	0
#SusPed	168.660156	76	0
#SusPed	169.069010	0	0
#SusPed	169.080729	83	0
#SusPed	169.229167	0	0
#SusPed	169.236979	81	0
#SusPed	169.878906	0	0
#SusPed	169.886719	86	0
#SusPed	170.079427	0	0
#SusPed	170.087240	87	0
#SusPed	172.119792	0	0
#SusPed	172.131510	93	0
#SusPed	172.299479	0	0
#SusPed	172.304688	85	0
#SusPed	172.619792	0	0
#SusPed	172.632812	70	0
#SusPed	173.158854	0	0
#SusPed	173.174479	72	0
#SusPed	173.479167	0	0
#SusPed	173.489583	67	0
#SofPed	173.602865	60	0
#SusPed	173.639323	0	0
#SusPed	173.649740	62	0
#SofPed	173.669271	0	0
#SofPed	173.680990	64	0
#SofPed	173.779948	0	0
#SofPed	173.785156	68	0
#SofPed	173.908854	0	0
#SofPed	173.924479	73	0
#SofPed	174.089844	0	0
#SofPed	174.097656	77	0
#SofPed	174.158854	0	0
#SofPed	174.166667	79	0
#SofPed	174.269531	0	0
#SofPed	174.274740	86	0
#SofPed	175.000000	0	0
#SofPed	175.014323	27	0
#SofPed	175.209635	0	0
#SofPed	175.221354	23	0
#SofPed	175.359375	0	0
#SofPed	175.373698	30	0
#SofPed	175.619792	0	0
#SofPed	175.631510	61	0
#SusPed	175.739583	0	0
#SofPed	175.919271	0	0
#SofPed	175.924479	93	0
#SusPed	178.687500	66	0
#SofPed	181.929688	0	0
#SusPed	182.679688	0	0
#SusPed	182.687500	70	0
#SusPed	183.069010	0	0
#SusPed	183.075521	48	0
#SusPed	184.509115	0	0
#SusPed	184.514323	72	0
#SusPed	184.769531	0	0
#SusPed	184.783854	72	0
#SusPed	186.059896	0	0
#SusPed	186.074219	75	0
#SusPed	186.158854	0	0
#SusPed	186.171875	53	0
#SusPed	186.489583	0	0
#SusPed	186.503906	64	0
#SusPed	187.479167	0	0
#SusPed	187.486979	69	0
#SusPed	187.979167	0	0
#SusPed	187.986979	73	0
#SusPed	190.279948	0	0
#SusPed	190.287760	62	0
#SusPed	191.259115	0	0
#SusPed	191.273438	66	0
#SusPed	191.929688	0	0
#SusPed	191.944010	47	0
#SusPed	193.079427	0	0
#SusPed	193.091146	80	0
#SusPed	193.569010	0	0
#SusPed	193.575521	61	0
#SusPed	194.468750	0	0
#SusPed	194.484375	81	0
#SusPed	195.019531	0	0
#SusPed	195.024740	61	0
#SusPed	195.658854	0	0
#SusPed	195.673177	70	0
#SusPed	196.169271	0	0
#SusPed	196.183594	64	0
#SusPed	197.218750	0	0
#SusPed	197.234375	80	0
#SofPed	197.524740	41	0
#SusPed	198.569010	0	0
#SusPed	198.575521	75	0
#SusPed	198.759115	0	0
#SusPed	198.765625	62	0
#SusPed	199.500000	0	0
#SusPed	199.513021	68	0
#SusPed	200.009115	0	0
#SusPed	200.022135	50	0
#SusPed	200.399740	0	0
#SusPed	200.412760	71	0
#SusPed	202.789062	0	0
#SusPed	202.803385	66	0
#SusPed	203.049479	0	0
#SusPed	203.063802	69	0
#SusPed	203.500000	0	0
#SusPed	203.511719	50	0
#SofPed	203.519531	0	0
#SusPed	204.158854	0	0
#SusPed	204.171875	65	0
#SusPed	204.329427	0	0
#SusPed	204.343750	69	0
#SusPed	204.989583	0	0
#SusPed	204.994792	79	0
#SofPed	205.218750	55	0
#SofPed	205.269531	0	0
#SofPed	205.274740	47	0
#SusPed	205.519531	0	0
#SusPed	205.524740	68	0
#SusPed	205.688802	0	0
#SusPed	205.701823	67	0
#SofPed	205.899740	0	0
#SofPed	205.904948	39	0
#SofPed	205.989583	0	0
#SofPed	205.996094	37	0
#SusPed	206.359375	0	0
#SusPed	206.364583	59	0
#SusPed	207.209635	0	0
#SusPed	207.214844	79	0
#SusPed	207.319010	0	0
#SusPed	207.332031	74	0
#SofPed	207.389323	0	0
#SofPed	207.398438	65	0
#SusPed	207.479167	0	0
#SusPed	207.484375	86	0
#SusPed	207.569010	0	0
#SusPed	207.579427	87	0
#SofPed	207.718750	0	0
#SofPed	207.726562	56	0
#SusPed	207.839844	0	0
#SusPed	207.845052	79	0
#SusPed	207.949219	0	0
#SusPed	207.960938	57	0
#SusPed	208.059896	0	0
#SusPed	208.069010	58	0
#SusPed	208.889323	0	0
#SusPed	208.902344	64	0
#SusPed	209.479167	0	0
#SusPed	209.493490	61	0
#SofPed	209.598958	0	0
#SofPed	209.613281	65	0
#SusPed	210.359375	0	0
#SusPed	210.365885	76	0
#SusPed	210.519531	0	0
#SusPed	210.529948	58	0
#SusPed	210.809896	0	0
#SusPed	210.821615	61	0
#SofPed	210.889323	0	0
#SofPed	210.895833	44	0
#SofPed	210.968750	0	0
#SofPed	210.979167	38	0
#SusPed	211.509115	0	0
#SusPed	211.516927	68	0
#SusPed	211.779948	0	0
#SusPed	211.792969	68	0
#SofPed	212.919271	0	0
#SofPed	212.925781	29	0
#SusPed	212.959635	0	0
#SusPed	212.973958	67	0
#SofPed	213.098958	0	0
#SofPed	213.113281	40	0
#SusPed	213.149740	0	0
#SusPed	213.154948	65	0
#SofPed	213.250000	0	0
#SofPed	213.259115	45	0
#SofPed	213.339844	0	0
#SofPed	213.351562	46	0
#SofPed	213.609375	0	0
#SofPed	213.615885	38	0
#SofPed	213.669271	0	0
#SofPed	213.683594	38	0
#SofPed	214.449219	0	0
#SofPed	214.462240	59	0
#SofPed	214.539062	0	0
#SofPed	214.546875	62	0
#SofPed	214.598958	0	0
#SofPed	214.613281	61	0
#SofPed	214.889323	0	0
#SofPed	214.895833	54	0
#SofPed	214.949219	0	0
#SofPed	214.963542	52	0
#SofPed	215.229167	0	0
#SofPed	215.243490	59	0
#SofPed	215.408854	0	0
#SofPed	215.421875	61	0
#SofPed	215.489583	0	0
#SofPed	215.498698	58	0
#SofPed	215.609375	0	0
#SofPed	215.622396	63	0
#SofPed	215.658854	0	0
#SofPed	215.673177	67	0
#SofPed	215.789062	0	0
#SofPed	215.802083	71	0
#SofPed	215.919271	0	0
#SofPed	215.932292	64	0
#SofPed	216.079427	0	0
#SofPed	216.093750	59	0
#SofPed	216.259115	0	0
#SofPed	216.272135	59	0
#SofPed	216.649740	0	0
#SofPed	216.660156	50	0
#SusPed	216.688802	0	0
#SusPed	216.694010	85	0
#SofPed	216.799479	0	0
#SofPed	216.807292	63	0
#SofPed	216.899740	0	0
#SofPed	216.904948	69	0
#SofPed	217.109375	0	0
#SofPed	217.117188	75	0
#SofPed	217.289062	0	0
#SofPed	217.303385	76	0
#SofPed	217.339844	0	0
#SofPed	217.352865	79	0
#SusPed	219.079427	0	0
#SusPed	219.089844	66	0
#SusPed	219.329427	0	0
#SusPed	219.341146	70	0
#SofPed	219.639323	0	0
#SofPed	219.645833	36	0
#SofPed	219.889323	0	0
#SofPed	219.899740	38	0
#SofPed	220.119792	0	0
#SofPed	220.134115	44	0
#SofPed	220.329427	0	0
#SofPed	220.334635	48	0
#SofPed	220.468750	0	0
#SofPed	220.481771	48	0
#SusPed	220.489583	0	0
#SusPed	220.501302	60	0
#SusPed	220.589844	0	0
#SusPed	220.596354	68	0
#SofPed	220.639323	0	0
#SofPed	220.649740	38	0
#SofPed	220.779948	0	0
#SofPed	220.786458	40	0
#SofPed	220.829427	0	0
#SofPed	220.843750	42	0
#SofPed	221.089844	0	0
#SofPed	221.095052	40	0
#SofPed	221.209635	0	0
#SofPed	221.216146	39	0
#SofPed	221.339844	0	0
#SofPed	221.346354	43	0
#SofPed	221.529948	0	0
#SofPed	221.536458	48	0
#SofPed	221.609375	0	0
#SofPed	221.617188	54	0
#SofPed	221.669271	0	0
#SofPed	221.674479	64	0
#SofPed	221.779948	0	0
#SofPed	221.792969	65	0
#SofPed	221.848958	0	0
#SofPed	221.864583	62	0
#SusPed	221.869792	0	0
#SusPed	221.884115	81	0
#SofPed	221.908854	0	0
#SofPed	221.921875	67	0
#SofPed	222.239583	0	0
#SofPed	222.246094	56	0
#SofPed	222.399740	0	0
#SofPed	222.406250	43	0
#SusPed	225.339844	0	0
#SusPed	225.346354	66	0
#SofPed	225.619792	0	0
#SofPed	225.634115	46	0
#SusPed	225.639323	0	0
#SusPed	225.647135	63	0
#SofPed	226.119792	0	0
#SusPed	226.559896	0	0
#SusPed	226.572917	72	0
#SusPed	226.929688	0	0
#SusPed	226.944010	68	0
#SofPed	228.058594	25	0
#SusPed	228.089844	0	0
#SusPed	228.095052	66	0
#SofPed	228.098958	0	0
#SofPed	228.109375	24	0
#SofPed	228.259115	0	0
#SofPed	228.265625	27	0
#SofPed	228.378906	0	0
#SofPed	228.388021	28	0
#SusPed	228.429688	0	0
#SusPed	228.441406	64	0
#SofPed	228.500000	0	0
#SofPed	228.511719	25	0
#SofPed	228.609375	0	0
#SofPed	228.621094	26	0
#SofPed	228.679688	0	0
#SofPed	228.688802	28	0
#SofPed	228.819010	0	0
#SofPed	228.833333	34	0
#SofPed	228.949219	0	0
#SofPed	228.962240	46	0
#SofPed	229.019531	0	0
#SofPed	229.026042	52	0
#SofPed	229.309896	0	0
#SofPed	229.322917	71	0
#SofPed	229.419271	0	0
#SofPed	229.433594	80	0
#SofPed	229.468750	0	0
#SofPed	229.484375	86	0
#SofPed	229.649740	0	0
#SofPed	229.656250	92	0
#SofPed	229.688802	0	0
#SofPed	229.697917	93	0
#SofPed	229.799479	0	0
#SofPed	229.808594	91	0
#SusPed	231.829427	0	0
#SusPed	231.843750	72	0
#SofPed	231.989583	0	0
#SofPed	231.996094	51	0
#SofPed	232.378906	0	0
#SofPed	232.393229	64	0
#SofPed	232.628906	0	0
#SofPed	232.644531	72	0
#SofPed	232.750000	0	0
#SofPed	232.761719	72	0
#SofPed	232.819010	0	0
#SofPed	232.834635	71	0
#SofPed	233.059896	0	0
#SofPed	233.067708	68	0
#SusPed	233.079427	0	0
#SusPed	233.093750	76	0
#SusPed	233.250000	0	0
#SusPed	233.255208	64	0
#SofPed	233.319010	0	0
#SofPed	233.324219	72	0
#SofPed	233.378906	0	0
#SofPed	233.385417	74	0
#SofPed	233.539062	0	0
#SofPed	233.546875	81	0
#SofPed	233.609375	0	0
#SofPed	233.614583	82	0
#SofPed	233.759115	0	0
#SofPed	233.773438	73	0
#SofPed	234.000000	0	0
#SofPed	234.011719	69	0
#SofPed	234.109375	0	0
#SofPed	234.125000	64	0
#SusPed	234.408854	0	0
#SusPed	234.420573	64	0
#SusPed	234.539062	0	0
#SusPed	234.545573	62	0
#SusPed	235.679688	0	0
#SusPed	235.691406	65	0
#SusPed	235.779948	0	0
#SusPed	235.792969	59	0
#SofPed	237.589844	0	0
#SofPed	237.601562	57	0
#SofPed	237.649740	0	0
#SofPed	237.657552	53	0
#SofPed	237.699219	0	0
#SofPed	237.705729	51	0
#SofPed	237.809896	0	0
#SofPed	237.813802	48	0
#SusPed	238.188802	0	0
#SusPed	238.200521	72	0
#SusPed	238.449219	0	0
#SusPed	238.462240	69	0
#SofPed	239.098958	0	0
#SofPed	239.111979	69	0
#SofPed	239.139323	0	0
#SofPed	239.153646	68	0
#SusPed	239.279948	0	0
#SusPed	239.292969	71	0
#SusPed	239.500000	0	0
#SusPed	239.513021	61	0
#SusPed	239.679688	0	0
#SusPed	239.688802	58	0
#SofPed	240.139323	0	0
#SofPed	240.152344	61	0
#SusPed	240.229167	0	0
#SusPed	240.243490	79	0
#SofPed	240.269531	0	0
#SofPed	240.277344	63	0
#SofPed	240.339844	0	0
#SofPed	240.354167	64	0
#SofPed	240.500000	0	0
#SofPed	240.514323	58	0
#SofPed	240.658854	0	0
#SofPed	240.673177	46	0
#SusPed	240.739583	0	0
#SusPed	240.751302	75	0
#SusPed	240.829427	0	0
#SusPed	240.837240	64	0
#SofPed	240.839844	0	0
#SofPed	240.847656	47	0
#SofPed	241.069010	0	0
#SofPed	241.080729	54	0
#SusPed	241.239583	0	0
#SusPed	241.244792	68	0
#SusPed	241.348958	0	0
#SusPed	241.363281	65	0
#SusPed	241.429688	0	0
#SusPed	241.444010	66	0
#SusPed	241.649740	0	0
#SusPed	241.660156	65	0
#SusPed	241.848958	0	0
#SusPed	241.863281	63	0
#SusPed	242.019531	0	0
#SusPed	242.033854	64	0
#SusPed	242.139323	0	0
#SusPed	242.153646	62	0
#SusPed	242.688802	0	0
#SusPed	242.696615	59	0
#SusPed	243.649740	0	0
#SusPed	243.654948	55	0
#SusPed	243.789062	0	0
#SusPed	243.798177	55	0
#SusPed	243.878906	0	0
#SusPed	243.889323	56	0
#SusPed	244.628906	0	0
#SusPed	244.641927	68	0
#SusPed	244.859375	0	0
#SusPed	244.873698	65	0
#SusPed	245.049479	0	0
#SusPed	245.062500	58	0
#SusPed	245.098958	0	0
#SusPed	245.114583	57	0
#SusPed	245.149740	0	0
#SusPed	245.154948	58	0
#SusPed	245.279948	0	0
#SusPed	245.290365	59	0
#SusPed	246.039062	0	0
#SusPed	246.053385	66	0
#SusPed	246.559896	0	0
#SusPed	246.566406	67	0
#SusPed	246.739583	0	0
#SusPed	246.752604	63	0
#SofPed	247.079427	0	0
#SofPed	247.333333	89	0
#SofPed	247.789062	0	0
#SofPed	247.794271	76	0
#SusPed	247.869792	0	0
#SusPed	247.882812	74	0
#SofPed	248.109375	0	0
#SofPed	248.117188	73	0
#SusPed	248.218750	0	0
#SusPed	248.223958	70	0
#SofPed	249.119792	0	0
#SofPed	249.126302	91	0
#SusPed	249.188802	0	0
#SusPed	249.203125	67	0
#SofPed	249.408854	0	0
#SofPed	249.423177	98	0
#SusPed	249.429688	0	0
#SusPed	249.436198	62	0
#SusPed	250.378906	0	0
#SusPed	250.393229	78	0
#SusPed	250.429688	0	0
#SusPed	250.444010	75	0
#SusPed	251.579427	0	0
#SusPed	251.585938	67	0
#SusPed	251.709635	0	0
#SusPed	251.722656	61	0
#SusPed	252.239583	0	0
#SusPed	252.247396	67	0
#SofPed	252.500000	0	0
#SusPed	252.938802	0	0
#SusPed	252.951823	64	0
#SusPed	253.089844	0	0
#SusPed	253.102865	70	0
#SusPed	253.158854	0	0
#SusPed	253.165365	76	0
#SusPed	254.279948	0	0
#SusPed	254.292969	71	0
#SusPed	254.459635	0	0
#SusPed	254.473958	68	0
#SofPed	255.180990	105	0
#SofPed	255.529948	0	0
#SusPed	255.539062	0	0
#SofPed	255.541667	107	0
#SusPed	255.554688	77	0
#SusPed	255.619792	0	0
#SusPed	255.630208	63	0
#SofPed	255.799479	0	0
#SofPed	255.811198	103	0
#SusPed	255.819010	0	0
#SusPed	255.825521	55	0
#SofPed	255.908854	0	0
#SofPed	255.917969	104	0
#SusPed	257.009115	0	0
#SusPed	257.024740	63	0
#SusPed	257.319010	0	0
#SusPed	257.325521	65	0
#SofPed	257.519531	0	0
#SofPed	257.526042	106	0
#SofPed	258.139323	0	0
#SofPed	258.151042	105	0
#SofPed	258.239583	0	0
#SofPed	258.248698	105	0
#SofPed	258.299479	0	0
#SofPed	258.311198	103	0
#SusPed	259.279948	0	0
#SusPed	259.283854	89	0
#SusPed	259.639323	0	0
#SusPed	259.647135	64	0
#SusPed	259.968750	0	0
#SusPed	259.975260	65	0
#SofPed	261.069010	0	0
#SofPed	261.084635	73	0
#SofPed	261.519531	0	0
#SofPed	261.531250	52	0
#SofPed	261.729167	0	0
#SofPed	261.743490	52	0
#SofPed	261.959635	0	0
#SofPed	261.968750	50	0
#SofPed	262.079427	0	0
#SofPed	262.084635	49	0
#SofPed	262.158854	0	0
#SofPed	262.165365	48	0
#SofPed	262.569010	0	0
#SofPed	262.579427	52	0
#SofPed	262.669271	0	0
#SofPed	262.683594	52	0
#SofPed	263.459635	0	0
#SofPed	263.467448	80	0
#SofPed	263.579427	0	0
#SofPed	263.588542	86	0
#SusPed	263.589844	0	0
#SusPed	263.598958	65	0
#SusPed	263.878906	0	0
#SusPed	263.894531	73	0
#SofPed	264.059896	0	0
#SofPed	264.074219	94	0
#SofPed	264.519531	0	0
#SofPed	264.531250	86	0
#SofPed	265.279948	0	0
#SofPed	265.292969	82	0
#SusPed	265.479167	0	0
#SusPed	265.489583	62	0
#SofPed	265.559896	0	0
#SofPed	265.574219	77	0
#SofPed	265.709635	0	0
#SofPed	265.722656	76	0
#SofPed	265.848958	0	0
#SofPed	265.860677	82	0
#SusPed	266.000000	0	0
#SusPed	266.005208	64	0
#SofPed	266.519531	0	0
#SofPed	266.526042	99	0
#SusPed	266.589844	0	0
#SusPed	266.604167	67	0
#SofPed	266.809896	0	0
#SofPed	266.816406	101	0
#SusPed	266.819010	0	0
#SusPed	266.830729	63	0
#SusPed	267.609375	0	0
#SusPed	267.623698	62	0
#SusPed	267.799479	0	0
#SusPed	267.812500	64	0
#SofPed	269.438802	0	0
#SofPed	269.444010	90	0
#SofPed	269.619792	0	0
#SofPed	269.626302	90	0
#SusPed	269.718750	0	0
#SusPed	269.733073	61	0
#SusPed	269.929688	0	0
#SusPed	269.942708	64	0
#SofPed	270.059896	0	0
#SofPed	270.065104	87	0
#SusPed	271.348958	0	0
#SusPed	271.363281	81	0
#SusPed	271.619792	0	0
#SusPed	271.632812	56	0
#SusPed	271.750000	0	0
#SusPed	271.761719	62	0
#SusPed	272.959635	0	0
#SusPed	272.964844	60	0
#SofPed	273.259115	0	0
#SofPed	273.265625	51	0
#SofPed	273.429688	0	0
#SofPed	273.436198	55	0
#SofPed	273.979167	0	0
#SofPed	273.993490	57	0
#SofPed	274.139323	0	0
#SofPed	274.147135	60	0
#SofPed	274.299479	0	0
#SofPed	274.308594	65	0
#SusPed	275.649740	0	0
#SusPed	275.664062	53	0
#SusPed	275.739583	0	0
#SusPed	275.744792	61	0
#SofPed	276.158854	0	0
#SofPed	276.166667	62	0
#SofPed	276.569010	0	0
#SofPed	276.575521	30	0
#SofPed	276.609375	0	0
#SofPed	276.618490	28	0
#SofPed	276.839844	0	0
#SofPed	276.845052	28	0
#SusPed	276.938802	0	0
#SusPed	276.946615	66	0
#SofPed	276.949219	0	0
#SofPed	276.959635	31	0
#SusPed	277.109375	0	0
#SusPed	277.115885	46	0
#SofPed	277.279948	0	0
#SofPed	277.294271	30	0
#SofPed	277.799479	0	0
#SofPed	277.813802	28	0
#SusPed	277.819010	0	0
#SusPed	277.829427	72	0
#SofPed	278.319010	0	0
#SofPed	278.332031	31	0
#SofPed	278.819010	0	0
#SofPed	278.830729	50	0
#SofPed	278.959635	0	0
#SofPed	278.964844	51	0
#SofPed	279.169271	0	0
#SofPed	279.183594	63	0
#SofPed	279.389323	0	0
#SofPed	279.403646	75	0
#SusPed	279.429688	0	0
#SusPed	279.437500	90	0
#SusPed	279.500000	0	0
#SusPed	279.513021	70	0
#SusPed	279.669271	0	0
#SusPed	279.682292	54	0
#SofPed	279.699219	0	0
#SofPed	279.708333	67	0
#SofPed	279.829427	0	0
#SofPed	279.837240	59	0
#SofPed	280.759115	0	0
#SusPed	281.119792	0	0
#SusPed	281.126302	73	0
#SusPed	281.929688	0	0
#SusPed	281.936198	76	0
#SusPed	281.968750	0	0
#SusPed	281.975260	82	0
#SofPed	282.015625	55	0
#SofPed	282.179688	0	0
#SofPed	282.184896	53	0
#SusPed	282.489583	0	0
#SusPed	282.503906	67	0
#SusPed	282.750000	0	0
#SusPed	282.755208	82	0
#SofPed	282.989583	0	0
#SofPed	282.994792	68	0
#SusPed	283.279948	0	0
#SusPed	283.291667	60	0
#SofPed	283.369792	0	0
#SofPed	283.382812	71	0
#SusPed	283.429688	0	0
#SusPed	283.444010	69	0
#SofPed	283.658854	0	0
#SofPed	283.673177	81	0
#SofPed	283.750000	0	0
#SofPed	283.761719	85	0
#SusPed	283.789062	0	0
#SusPed	283.803385	84	0
#SofPed	283.919271	0	0
#SofPed	283.928385	79	0
#SusPed	283.979167	0	0
#SusPed	283.994792	82	0
#SofPed	284.769531	0	0
#SofPed	284.782552	32	0
#SofPed	285.069010	0	0
#SusPed	285.079427	0	0
#SofPed	285.084635	27	0
#SusPed	285.084635	61	0
#SusPed	285.299479	0	0
#SusPed	285.304688	76	0
#SofPed	285.429688	0	0
#SofPed	285.437500	32	0
#SofPed	285.649740	0	0
#SofPed	285.654948	39	0
#SusPed	285.750000	0	0
#SusPed	285.760417	81	0
#SofPed	285.959635	0	0
#SusPed	285.968750	0	0
#SofPed	285.973958	58	0
#SusPed	285.976562	91	0
#SusPed	286.359375	0	0
#SusPed	286.365885	68	0
#SusPed	286.649740	0	0
#SusPed	286.657552	75	0
#SofPed	286.739583	0	0
#SofPed	286.753906	73	0
#SofPed	287.188802	0	0
#SofPed	287.199219	97	0
#SusPed	287.739583	0	0
#SusPed	287.748698	81	0
#SofPed	289.789062	0	0
#SofPed	289.796875	48	0
#SofPed	289.908854	0	0
#SofPed	289.924479	50	0
#SusPed	290.589844	0	0
#SusPed	290.595052	67	0
#SofPed	290.869792	0	0
#SofPed	290.880208	41	0
#SusPed	291.269531	0	0
#SusPed	291.276042	66	0
#SofPed	291.468750	0	0
#SofPed	291.473958	74	0
#SusPed	291.539062	0	0
#SusPed	291.549479	74	0
#SusPed	291.819010	0	0
#SusPed	291.825521	82	0
#SusPed	291.938802	0	0
#SusPed	291.945312	81	0
#SusPed	293.459635	0	0
#SusPed	293.464844	82	0
#SusPed	294.000000	0	0
#SusPed	294.006510	77	0
#SusPed	294.319010	0	0
#SusPed	294.325521	71	0
#SusPed	294.679688	0	0
#SusPed	294.687500	86	0
#SusPed	294.799479	0	0
#SusPed	294.805990	86	0
#SusPed	295.319010	0	0
#SusPed	295.334635	86	0
#SusPed	295.688802	0	0
#SusPed	295.695312	68	0
#SusPed	296.839844	0	0
#SusPed	296.852865	57	0
#SusPed	296.959635	0	0
#SusPed	296.966146	51	0
#SofPed	297.479167	0	0
#SusPed	297.989583	0	0
#SusPed	297.994792	54	0
#SofPed	298.130208	88	0
#SofPed	298.269531	0	0
#SofPed	298.279948	94	0
#SusPed	298.519531	0	0
#SusPed	298.526042	64	0
#SofPed	298.559896	0	0
#SofPed	298.571615	83	0
#SofPed	298.718750	0	0
#SofPed	298.730469	76	0
#SofPed	298.859375	0	0
#SofPed	298.864583	76	0
#SusPed	298.929688	0	0
#SusPed	298.942708	57	0
#SofPed	299.009115	0	0
#SofPed	299.014323	84	0
#SofPed	299.139323	0	0
#SofPed	299.145833	88	0
#SusPed	299.199219	0	0
#SusPed	299.204427	50	0
#SusPed	299.319010	0	0
#SusPed	299.329427	58	0
#SofPed	299.339844	0	0
#SofPed	299.354167	95	0
#SusPed	301.968750	0	0
#SusPed	301.973958	67	0
#SusPed	302.279948	0	0
#SusPed	302.286458	65	0
#SofPed	302.500000	0	0
#SusPed	303.378906	0	0
#SusPed	303.388021	72	0
#SusPed	303.539062	0	0
#SusPed	303.549479	64	0
#SusPed	304.639323	0	0
#SusPed	304.652344	83	0
#SusPed	304.699219	0	0
#SusPed	304.705729	83	0
#SusPed	305.049479	0	0
#SusPed	305.061198	75	0
#SusPed	305.348958	0	0
#SusPed	305.358073	79	0
#SusPed	306.029948	0	0
#SusPed	306.042969	76	0
#SusPed	306.359375	0	0
#SusPed	306.364583	69	0
#SusPed	306.679688	0	0
#SusPed	306.684896	78	0
#SusPed	307.279948	0	0
#SusPed	307.287760	57	0
#SusPed	307.348958	0	0
#SusPed	307.355469	51	0
#SusPed	307.549479	0	0
#SusPed	307.563802	63	0
#SofPed	309.200521	100	0
#SofPed	309.359375	0	0
#SofPed	309.373698	94	0
#SofPed	309.539062	0	0
#SofPed	309.552083	77	0
#SofPed	309.589844	0	0
#SofPed	309.597656	73	0
#SofPed	310.179688	0	0
#SofPed	310.194010	74	0
#SofPed	310.319010	0	0
#SofPed	310.325521	71	0
#SofPed	310.519531	0	0
#SofPed	310.532552	67	0
#SusPed	310.609375	0	0
#SusPed	310.622396	73	0
#SofPed	310.628906	0	0
#SofPed	310.644531	67	0
#SofPed	311.069010	0	0
#SofPed	311.075521	42	0
#SofPed	311.188802	0	0
#SofPed	311.195312	36	0
#SusPed	311.259115	0	0
#SusPed	311.264323	70	0
#SofPed	311.559896	0	0
#SofPed	311.572917	53	0
#SusPed	311.809896	0	0
#SusPed	311.815104	74	0
#SofPed	311.908854	0	0
#SofPed	311.923177	76	0
#SofPed	311.949219	0	0
#SofPed	311.957031	79	0
#SusPed	312.339844	0	0
#SusPed	312.351562	69	0
#SusPed	312.509115	0	0
#SusPed	312.523438	60	0
#SusPed	312.869792	0	0
#SusPed	312.880208	65	0
#SusPed	313.209635	0	0
#SusPed	313.223958	69	0
#SofPed	313.459635	0	0
#SofPed	313.466146	73	0
#SusPed	313.549479	0	0
#SusPed	313.557292	68	0
#SofPed	313.639323	0	0
#SofPed	313.653646	68	0
#SofPed	313.799479	0	0
#SofPed	313.812500	65	0
#SusPed	313.979167	0	0
#SusPed	313.993490	61	0
#SusPed	314.109375	0	0
#SusPed	314.117188	49	0
#SofPed	314.239583	0	0
#SofPed	314.247396	45	0
#SusPed	314.339844	0	0
#SusPed	314.351562	49	0
#SusPed	314.429688	0	0
#SusPed	314.434896	48	0
#SofPed	314.459635	0	0
#SofPed	314.473958	42	0
#SusPed	314.539062	0	0
#SofPed	314.539062	0	0
#SusPed	314.553385	48	0
#SofPed	314.553385	43	0
#SofPed	314.609375	0	0
#SofPed	314.614583	44	0
#SofPed	314.688802	0	0
#SofPed	314.704427	45	0
#SofPed	314.779948	0	0
#SofPed	314.787760	44	0
#SofPed	314.929688	0	0
#SofPed	314.936198	42	0
#SofPed	315.029948	0	0
#SofPed	315.044271	46	0
#SofPed	315.169271	0	0
#SofPed	315.182292	53	0
#SofPed	315.250000	0	0
#SofPed	315.259115	55	0
#SusPed	315.419271	0	0
#SusPed	315.424479	65	0
#SofPed	315.479167	0	0
#SofPed	315.493490	70	0
#SusPed	315.949219	0	0
#SusPed	315.962240	75	0
#SusPed	316.029948	0	0
#SofPed	316.029948	0	0
#SofPed	316.035156	89	0
#SusPed	316.041667	79	0
#SofPed	316.098958	0	0
#SofPed	316.108073	89	0
#SusPed	316.669271	0	0
#SusPed	316.683594	61	0
#SusPed	317.989583	0	0
#SusPed	318.002604	53	0
#SusPed	318.158854	0	0
#SusPed	318.173177	61	0
#SusPed	319.339844	0	0
#SusPed	319.350260	58	0
#SusPed	319.589844	0	0
#SusPed	319.600260	60	0
#SusPed	320.779948	0	0
#SusPed	320.792969	59	0
#SusPed	321.019531	0	0
#SusPed	321.029948	50	0
#SofPed	321.359375	0	0
#SofPed	321.367188	60	0
#SofPed	321.449219	0	0
#SofPed	321.463542	58	0
#SusPed	322.188802	0	0
#SusPed	322.196615	63	0
#SofPed	322.489583	0	0
#SofPed	322.503906	48	0
#SusPed	322.509115	0	0
#SusPed	322.514323	72	0
#SofPed	322.639323	0	0
#SofPed	322.649740	55	0
#SusPed	323.329427	0	0
#SusPed	323.334635	84	0
#SofPed	323.339844	0	0
#SofPed	323.352865	67	0
#SusPed	323.609375	0	0
#SusPed	323.623698	62	0
#SofPed	323.628906	0	0
#SofPed	323.635417	60	0
#SusPed	323.869792	0	0
#SusPed	323.884115	64	0
#SofPed	323.899740	0	0
#SofPed	323.910156	69	0
#SofPed	324.229167	0	0
#SofPed	324.243490	72	0
#SofPed	324.309896	0	0
#SofPed	324.316406	72	0
#SusPed	324.468750	0	0
#SusPed	324.479167	80	0
#SofPed	324.549479	0	0
#SofPed	324.558594	78	0
#SofPed	325.029948	0	0
#SofPed	325.037760	66	0
#SofPed	325.169271	0	0
#SofPed	325.178385	62	0
#SusPed	326.539062	0	0
#SusPed	326.550781	72	0
#SusPed	326.718750	0	0
#SusPed	326.727865	66	0
#SofPed	326.769531	0	0
#SofPed	326.776042	65	0
#SofPed	326.929688	0	0
#SofPed	326.936198	60	0
#SusPed	327.158854	0	0
#SusPed	327.166667	83	0
#SofPed	327.239583	0	0
#SofPed	327.251302	53	0
#SusPed	327.408854	0	0
#SusPed	327.423177	73	0
#SusPed	327.938802	0	0
#SusPed	327.945312	65	0
#SusPed	328.169271	0	0
#SusPed	328.180990	70	0
#SusPed	328.949219	0	0
#SusPed	328.960938	65	0
#SusPed	328.989583	0	0
#SusPed	328.994792	61	0
#SusPed	329.049479	0	0
#SusPed	329.063802	59	0
#SusPed	329.188802	0	0
#SusPed	329.203125	58	0
#SusPed	329.319010	0	0
#SusPed	329.333333	76	0
#SusPed	330.209635	0	0
#SusPed	330.218750	84	0
#SusPed	330.709635	0	0
#SusPed	330.716146	75	0
#SusPed	330.979167	0	0
#SusPed	330.989583	80	0
#SusPed	331.369792	0	0
#SusPed	331.384115	71	0
#SusPed	332.049479	0	0
#SusPed	332.054688	88	0
#SusPed	332.149740	0	0
#SusPed	332.160156	85	0
#SusPed	332.218750	0	0
#SusPed	332.233073	80	0
#SusPed	332.419271	0	0
#SusPed	332.425781	74	0
#SusPed	332.809896	0	0
#SusPed	332.815104	88	0
#SusPed	333.158854	0	0
#SusPed	333.173177	89	0
#SofPed	333.250000	0	0
#SusPed	333.639323	0	0
#SusPed	333.653646	67	0
#SofPed	334.459635	89	0
#SofPed	334.569010	0	0
#SofPed	334.584635	82	0
#SofPed	334.628906	0	0
#SofPed	334.635417	80	0
#SofPed	334.848958	0	0
#SofPed	334.860677	85	0
#SusPed	335.438802	0	0
#SusPed	335.451823	97	0
#SofPed	335.468750	0	0
#SofPed	335.481771	76	0
#SusPed	335.628906	0	0
#SusPed	335.641927	102	0
#SofPed	335.759115	0	0
#SofPed	335.772135	66	0
#SusPed	335.829427	0	0
#SofPed	335.829427	0	0
#SofPed	335.842448	66	0
#SusPed	335.843750	102	0
#SofPed	336.000000	0	0
#SofPed	336.010417	53	0
#SofPed	336.039062	0	0
#SofPed	336.050781	51	0
#SofPed	336.438802	0	0
#SofPed	336.445312	59	0
#SofPed	336.619792	0	0
#SofPed	336.625000	71	0
#SofPed	337.429688	0	0
#SofPed	337.442708	97	0
#SofPed	337.519531	0	0
#SofPed	337.529948	94	0
#SofPed	337.598958	0	0
#SofPed	337.604167	91	0
#SofPed	337.769531	0	0
#SofPed	337.783854	83	0
#SusPed	337.809896	0	0
#SusPed	337.821615	72	0
#SofPed	337.989583	0	0
#SofPed	337.996094	78	0
#SofPed	338.158854	0	0
#SofPed	338.174479	80	0
#SusPed	338.179688	0	0
#SusPed	338.194010	88	0
#SofPed	338.399740	0	0
#SofPed	338.404948	91	0
#SofPed	338.729167	0	0
#SofPed	338.736979	93	0
#SofPed	338.809896	0	0
#SofPed	338.815104	92	0
#SofPed	338.908854	0	0
#SofPed	338.915365	93	0
#SofPed	338.989583	0	0
#SofPed	339.003906	92	0
#SofPed	339.179688	0	0
#SofPed	339.186198	91	0
#SofPed	339.419271	0	0
#SofPed	339.433594	89	0
#SofPed	339.750000	0	0
#SofPed	339.755208	62	0
#SofPed	339.799479	0	0
#SofPed	339.807292	63	0
#SofPed	340.149740	0	0
#SofPed	340.160156	58	0
#SofPed	340.250000	0	0
#SofPed	340.260417	58	0
#SofPed	340.438802	0	0
#SofPed	340.449219	66	0
#SofPed	340.658854	0	0
#SusPed	341.718750	0	0
#SusPed	341.731771	67	0
#SusPed	341.819010	0	0
#SusPed	341.824219	79	0
#SusPed	346.769531	0	0
#SusPed	346.777344	75	0
#SusPed	347.098958	0	0
#SusPed	347.106771	82	0
#SusPed	347.369792	0	0
#SusPed	347.381510	85	0
#SofPed	347.766927	72	0
#SofPed	347.899740	0	0
#SofPed	347.907552	57	0
#SofPed	348.269531	0	0
#SofPed	348.283854	68	0
#SusPed	348.359375	0	0
#SusPed	348.365885	66	0
#SofPed	348.438802	0	0
#SofPed	348.449219	68	0
#SofPed	348.769531	0	0
#SofPed	348.781250	84	0
#SusPed	348.878906	0	0
#SusPed	348.885417	62	0
#SofPed	349.359375	0	0
#SofPed	349.373698	86	0
#SofPed	349.438802	0	0
#SofPed	349.449219	83	0
#SofPed	349.539062	0	0
#SofPed	349.554688	84	0
#SofPed	349.598958	0	0
#SofPed	349.614583	83	0
#SusPed	349.639323	0	0
#SusPed	349.648438	65	0
#SusPed	349.859375	0	0
#SusPed	349.873698	67	0
#SofPed	349.929688	0	0
#SofPed	349.936198	80	0
#SofPed	351.049479	0	0
#SofPed	351.055990	64	0
#SofPed	351.309896	0	0
#SusPed	352.679688	0	0
#SusPed	352.694010	68	0
#SofPed	352.973958	54	0
#SusPed	353.459635	0	0
#SusPed	353.471354	71	0
#SofPed	353.519531	0	0
#SofPed	353.526042	68	0
#SusPed	353.688802	0	0
#SusPed	353.694010	73	0
#SofPed	353.829427	0	0
#SofPed	353.837240	75	0
#SofPed	354.209635	0	0
#SusPed	354.949219	0	0
#SusPed	354.957031	86	0
#SusPed	355.539062	0	0
#SusPed	355.549479	91	0
#SusPed	355.908854	0	0
#SusPed	355.923177	87	0
#SusPed	356.479167	0	0
#SusPed	356.485677	90	0
#SusPed	356.569010	0	0
#SusPed	356.583333	84	0
#SusPed	357.089844	0	0
#SusPed	357.098958	67	0
#SusPed	357.329427	0	0
#SusPed	357.335938	78	0
#SofPed	357.563802	80	0
#SofPed	357.739583	0	0
#SofPed	357.753906	96	0
#SusPed	358.389323	0	0
#SusPed	358.401042	96	0
#SusPed	358.529948	0	0
#SusPed	358.542969	95	0
#SofPed	358.579427	0	0
#SusPed	358.819010	0	0
#SusPed	358.833333	73	0
#SusPed	359.669271	0	0
#SusPed	359.674479	78	0
#SusPed	360.218750	0	0
#SusPed	360.231771	74	0
#SusPed	360.419271	0	0
#SusPed	360.429688	66	0
#SusPed	361.039062	0	0
#SusPed	361.045573	69	0
#SusPed	361.539062	0	0
#SusPed	361.553385	80	0
#SusPed	361.598958	0	0
#SusPed	361.608073	63	0
#SusPed	361.809896	0	0
#SusPed	361.817708	71	0
#SusPed	362.598958	0	0
#SusPed	362.606771	64	0
#SusPed	362.919271	0	0
#SusPed	362.933594	71	0
#SusPed	362.979167	0	0
#SusPed	362.984375	57	0
#SusPed	363.279948	0	0
#SusPed	363.285156	76	0
#SusPed	363.869792	0	0
#SusPed	363.884115	70	0
#SusPed	363.908854	0	0
#SusPed	363.920573	66	0
#SusPed	364.539062	0	0
#SusPed	364.548177	59	0
#SusPed	364.929688	0	0
#SusPed	364.934896	63	0
#SusPed	365.869792	0	0
#SusPed	365.881510	63	0
#SusPed	366.299479	0	0
#SusPed	366.312500	61	0
#SusPed	367.389323	0	0
#SusPed	367.398438	52	0
#SofPed	367.825521	57	0
#SofPed	367.889323	0	0
#SofPed	367.903646	58	0
#SofPed	368.098958	0	0
#SofPed	368.111979	70	0
#SofPed	368.179688	0	0
#SofPed	368.187500	66	0
#SofPed	368.329427	0	0
#SofPed	368.335938	55	0
#SusPed	368.419271	0	0
#SofPed	368.489583	0	0
#SofPed	368.494792	46	0
#SofPed	368.569010	0	0
#SofPed	368.576823	43	0
#SofPed	368.809896	0	0
#SofPed	368.822917	54	0
#SofPed	368.949219	0	0
#SofPed	368.957031	63	0
#SofPed	369.069010	0	0
#SofPed	369.083333	71	0
#SusPed	369.195312	62	0
#SofPed	369.309896	0	0
#SofPed	369.315104	74	0
#SofPed	369.718750	0	0
#SofPed	369.727865	42	0
#SofPed	369.829427	0	0
#SofPed	369.837240	41	0
#SusPed	370.039062	0	0
#SusPed	370.053385	71	0
#SofPed	370.069010	0	0
#SofPed	370.084635	56	0
#SusPed	370.149740	0	0
#SusPed	370.154948	64	0
#SofPed	370.500000	0	0
#SofPed	370.511719	65	0
#SusPed	370.529948	0	0
#SusPed	370.542969	58	0
#SofPed	371.489583	0	0
#SofPed	371.496094	77	0
#SofPed	371.549479	0	0
#SofPed	371.559896	77	0
#SofPed	371.658854	0	0
#SofPed	371.665365	93	0
#SusPed	371.848958	0	0
#SusPed	371.854167	55	0
#SofPed	371.859375	0	0
#SofPed	371.873698	95	0
#SofPed	371.989583	0	0
#SofPed	371.996094	86	0
#SofPed	372.119792	0	0
#SofPed	372.130208	76	0
#SofPed	372.289062	0	0
#SofPed	372.296875	65	0
#SusPed	372.299479	0	0
#SusPed	372.305990	45	0
#SusPed	372.479167	0	0
#SusPed	372.493490	52	0
#SusPed	372.628906	0	0
#SusPed	372.643229	51	0
#SusPed	372.699219	0	0
#SusPed	372.714844	49	0
#SusPed	373.049479	0	0
#SusPed	373.058594	44	0
#SusPed	373.339844	0	0
#SusPed	373.352865	42	0
#SofPed	373.579427	0	0
#SofPed	373.587240	101	0
#SofPed	374.339844	0	0
#SofPed	374.352865	55	0
#SofPed	374.519531	0	0
#SofPed	374.527344	64	0
#SusPed	374.569010	0	0
#SusPed	374.575521	55	0
#SusPed	376.149740	0	0
#SusPed	376.162760	57	0
#SofPed	380.529948	0	0
#SusPed	381.669271	0	0
#SusPed	381.674479	74	0
#SusPed	382.739583	0	0
#SusPed	382.752604	71	0
#SusPed	383.509115	0	0
#SusPed	383.515625	66	0
#SusPed	383.739583	0	0
#SusPed	383.752604	50	0
#SusPed	384.339844	0	0
#SusPed	384.348958	62	0
#SofPed	384.753906	47	0
#SofPed	384.819010	0	0
#SofPed	384.825521	49	0
#SofPed	385.059896	0	0
#SofPed	385.065104	52	0
#SofPed	385.259115	0	0
#SofPed	385.270833	71	0
#SofPed	385.569010	0	0
#SofPed	385.583333	71	0
#SusPed	386.908854	0	0
#SusPed	386.924479	81	0
#SusPed	387.309896	0	0
#SusPed	387.322917	57	0
#SofPed	387.699219	0	0
#SofPed	387.713542	98	0
#SofPed	387.779948	0	0
#SofPed	387.787760	100	0
#SusPed	388.869792	0	0
#SusPed	388.882812	60	0
#SusPed	391.699219	0	0
#SusPed	391.705729	60	0
#SofPed	391.739583	0	0
#SofPed	391.744792	57	0
#SofPed	392.188802	0	0
#SofPed	392.203125	51	0
#SofPed	392.319010	0	0
#SofPed	392.326823	47	0
#SusPed	392.750000	0	0
#SusPed	392.755208	73	0
#SofPed	393.029948	0	0
#SofPed	393.039062	28	0
#SofPed	393.250000	0	0
#SofPed	393.260417	34	0
#SusPed	393.569010	0	0
#SusPed	393.583333	71	0
#SusPed	393.729167	0	0
#SusPed	393.738281	90	0
#SofPed	393.968750	0	0
#SofPed	393.984375	94	0
#SusPed	395.039062	0	0
#SusPed	395.053385	76	0
#SusPed	395.399740	0	0
#SusPed	395.407552	72	0
#SofPed	395.468750	0	0
#SofPed	395.475260	80	0
#SofPed	395.579427	0	0
#SofPed	395.592448	75	0
#SofPed	396.098958	0	0
#SofPed	396.104167	83	0
#SofPed	396.158854	0	0
#SofPed	396.173177	84	0
#SusPed	396.529948	0	0
#SusPed	396.541667	65	0
#SusPed	396.779948	0	0
#SusPed	396.791667	59	0
#SofPed	397.259115	0	0
#SofPed	397.264323	67	0
#SusPed	397.429688	0	0
#SusPed	397.442708	64	0
#SusPed	398.119792	0	0
#SusPed	398.126302	70	0
#SusPed	398.309896	0	0
#SofPed	398.309896	0	0
#SusPed	398.322917	58	0
#SofPed	398.324219	100	0
#SusPed	398.809896	0	0
#SusPed	398.822917	49	0
#SusPed	399.429688	0	0
#SusPed	399.444010	67	0
#SofPed	399.609375	0	0
#SusPed	399.619792	0	0
#SofPed	399.623698	87	0
#SusPed	399.630208	69	0
#SusPed	399.769531	0	0
#SusPed	399.777344	73	0
#SusPed	399.899740	0	0
#SusPed	399.910156	79	0
#SusPed	400.109375	0	0
#SusPed	400.115885	77	0
#SusPed	400.669271	0	0
#SusPed	400.675781	70	0
#SusPed	401.139323	0	0
#SusPed	401.147135	73	0
#SusPed	401.250000	0	0
#SusPed	401.263021	71	0
#SusPed	401.419271	0	0
#SusPed	401.428385	76	0
#SusPed	401.809896	0	0
#SusPed	401.821615	65	0
#SusPed	401.959635	0	0
#SusPed	401.972656	59	0
#SusPed	403.759115	0	0
#SusPed	403.773438	66	0
#SusPed	403.899740	0	0
#SusPed	403.907552	63	0
#SofPed	405.619792	0	0
#SofPed	405.981771	52	0
#SofPed	406.179688	0	0
#SofPed	406.184896	50	0
#SofPed	407.089844	0	0
#SofPed	407.104167	73	0
#SusPed	407.739583	0	0
#SusPed	407.752604	65	0
#SusPed	407.889323	0	0
#SusPed	407.895833	62	0
#SofPed	408.679688	0	0
#SofPed	410.020833	92	0
#SofPed	410.098958	0	0
#SofPed	410.109375	84	0
#SofPed	410.348958	0	0
#SofPed	410.359375	87	0
#SofPed	410.429688	0	0
#SofPed	410.434896	85	0
#SofPed	410.639323	0	0
#SusPed	412.729167	0	0
#SusPed	412.734375	62	0
#SusPed	414.098958	0	0
#SusPed	414.104167	64	0
#SusPed	414.369792	0	0
#SusPed	414.380208	69	0
#SofPed	417.145833	45	0
#SofPed	417.259115	0	0
#SofPed	417.265625	46	0
#SofPed	417.339844	0	0
#SofPed	417.343750	45	0
#SofPed	417.459635	0	0
#SofPed	417.473958	53	0
#SofPed	417.878906	0	0
#SofPed	417.886719	64	0
#SusPed	418.209635	0	0
#SusPed	418.217448	88	0
#SusPed	418.319010	0	0
#SusPed	418.329427	84	0
#SusPed	418.399740	0	0
#SusPed	418.411458	83	0
#SusPed	418.459635	0	0
#SusPed	418.467448	83	0
#SusPed	418.589844	0	0
#SusPed	418.593750	83	0
#SofPed	418.649740	0	0
#SofPed	418.664062	46	0
#SofPed	418.688802	0	0
#SofPed	418.696615	47	0
#SofPed	418.769531	0	0
#SofPed	418.778646	49	0
#SofPed	418.919271	0	0
#SofPed	418.927083	63	0
#SofPed	418.959635	0	0
#SofPed	418.964844	66	0
#SusPed	418.979167	0	0
#SusPed	418.986979	63	0
#SofPed	419.209635	0	0
#SofPed	419.214844	71	0
#SusPed	419.889323	0	0
#SusPed	419.903646	59	0
#SusPed	420.158854	0	0
#SusPed	420.164062	60	0
#SofPed	420.188802	0	0
#SofPed	420.196615	78	0
#SofPed	421.009115	0	0
#SofPed	421.015625	63	0
#SofPed	421.369792	0	0
#SofPed	421.377604	46	0
#SofPed	421.750000	0	0
#SofPed	421.763021	76	0
#SusPed	422.348958	0	0
#SusPed	422.358073	79	0
#SofPed	422.378906	0	0
#SofPed	422.393229	104	0
#SusPed	422.718750	0	0
#SusPed	422.730469	71	0
#SofPed	422.789062	0	0
#SofPed	422.803385	105	0
#SusPed	423.169271	0	0
#SusPed	423.183594	87	0
#SusPed	423.259115	0	0
#SusPed	423.266927	87	0
#SusPed	423.299479	0	0
#SusPed	423.304688	87	0
#SusPed	423.408854	0	0
#SusPed	423.424479	85	0
#SusPed	423.579427	0	0
#SusPed	423.587240	86	0
#SofPed	423.848958	0	0
#SofPed	423.858073	81	0
#SofPed	423.938802	0	0
#SofPed	423.953125	80	0
#SusPed	423.959635	0	0
#SusPed	423.967448	65	0
#SofPed	424.250000	0	0
#SofPed	424.256510	95	0
#SusPed	424.289062	0	0
#SusPed	424.295573	58	0
#SusPed	425.429688	0	0
#SusPed	425.442708	80	0
#SusPed	425.889323	0	0
#SusPed	425.903646	67	0
#SusPed	426.128906	0	0
#SusPed	426.136719	47	0
#SusPed	427.378906	0	0
#SusPed	427.385417	61	0
#SofPed	427.500000	0	0
#SusPed	427.899740	0	0
#SusPed	427.912760	55	0
#SusPed	428.408854	0	0
#SusPed	428.421875	66	0
#SusPed	429.549479	0	0
#SusPed	429.562500	65	0
#SusPed	429.589844	0	0
#SusPed	429.600260	55	0
#SusPed	429.769531	0	0
#SusPed	429.783854	63	0
#SofPed	429.835938	68	0
#SofPed	430.199219	0	0
#SofPed	430.212240	69	0
#SusPed	430.279948	0	0
#SofPed	430.279948	0	0
#SusPed	430.285156	68	0
#SofPed	430.292969	65	0
#SusPed	430.639323	0	0
#SusPed	430.653646	68	0
#SofPed	430.789062	0	0
#SofPed	430.794271	63	0
#SofPed	431.339844	0	0
#SusPed	431.449219	0	0
#SusPed	431.463542	75	0
#SofPed	431.489583	65	0
#SofPed	431.500000	0	0
#SusPed	431.739583	0	0
#SusPed	431.744792	56	0
#SofPed	431.903646	47	0
#SofPed	431.908854	0	0
#SofPed	432.161458	60	0
#SofPed	432.169271	0	0
#SusPed	433.079427	0	0
#SusPed	433.092448	55	0
#SofPed	433.113281	44	0
#SofPed	433.229167	0	0
#SofPed	433.234375	57	0
#SusPed	434.799479	0	0
#SofPed	437.500000	0	0
#SusPed	437.804688	71	0
#SusPed	438.449219	0	0
#SusPed	438.455729	84	0
#SusPed	438.919271	0	0
#SusPed	438.930990	84	0
#SusPed	439.419271	0	0
#SusPed	439.427083	83	0
#SusPed	439.639323	0	0
#SusPed	439.649740	78	0
#SusPed	439.759115	0	0
#SusPed	439.766927	77	0
#SusPed	439.949219	0	0
#SusPed	439.954427	78	0
#SusPed	440.579427	0	0
#SusPed	440.584635	71	0
#SusPed	440.869792	0	0
#SusPed	440.882812	71	0
#SofPed	440.901042	84	0
#SusPed	441.089844	0	0
#SusPed	441.104167	68	0
#SofPed	441.169271	0	0
#SofPed	441.183594	86	0
#SusPed	441.369792	0	0
#SusPed	441.384115	61	0
#SofPed	441.429688	0	0
#SofPed	441.444010	106	0
#SusPed	447.378906	0	0
#SofPed	447.438802	0	0
