//Version: ScorePerfmMatch_v170503
// Score: /Users/toddywang/Documents/VsCodeProjects/xmltoexp/ATEPP-1.2/ATEPP-1.2/Ludwig_van_Beethoven/Piano_Sonata_No._31_in_A-Flat_Major,_Op._110/I._Moderato_cantabile_molto_espressivo/score_hmm.txt
// Perfm: /Users/toddywang/Documents/VsCodeProjects/xmltoexp/ATEPP-1.2/ATEPP-1.2/Ludwig_van_Beethoven/Piano_Sonata_No._31_in_A-Flat_Major,_Op._110/I._Moderato_cantabile_molto_espressivo/06499_spr.txt
// fmt3x: /Users/toddywang/Documents/VsCodeProjects/xmltoexp/ATEPP-1.2/ATEPP-1.2/Ludwig_van_Beethoven/Piano_Sonata_No._31_in_A-Flat_Major,_Op._110/I._Moderato_cantabile_molto_espressivo/score_fmt3x.txt
0	0.756510	3.348958	C5	49	80	0	0	0	P1-1-2	0	0
1	0.804688	2.158854	Ab2	23	80	0	0	0	P1-1-9	0	-
2	0.816406	1.799479	Ab4	28	80	0	0	0	P1-1-1	0	-
3	0.819010	1.729167	Eb3	25	80	0	0	0	P1-1-10	0	-
4	0.819010	1.500000	Eb4	21	80	0	0	0	*	3	-
5	0.820312	1.509115	G#3	22	80	0	0	0	*	3	-
6	2.335938	2.726562	Ab4	34	80	0	0	720	P1-1-4	0	-
7	2.339844	2.720052	C3	32	80	0	0	720	P1-1-11	0	-
8	2.342448	2.716146	Eb4	32	80	0	0	720	P1-1-3	0	-
9	2.352865	2.713542	Eb3	31	80	0	0	720	P1-1-12	0	-
10	2.352865	2.359375	C4	28	80	0	0	720	*	3	-
11	2.964844	3.449219	Ab4	43	80	0	0	960	P1-1-6	0	-
12	2.979167	3.459635	C3	32	80	0	0	960	P1-1-13	0	-
13	2.984375	3.369792	Eb4	36	80	0	0	960	P1-1-5	0	-
14	2.984375	3.500000	Eb3	30	80	0	0	960	P1-1-14	0	-
15	2.985677	3.229167	C4	27	80	0	0	960	*	3	-
16	3.658854	3.979167	Ab4	47	80	0	0	1320	P1-1-8	0	-
17	3.665365	3.929688	Eb4	50	80	0	0	1320	P1-1-7	0	-
18	3.674479	3.968750	C3	38	80	0	0	1320	P1-1-15	0	-
19	3.675781	3.938802	Eb3	39	80	0	0	1320	P1-1-16	0	-
20	3.910156	5.158854	Db5	63	80	0	0	1440	P1-2-2	0	-
21	3.919271	4.438802	G4	46	80	0	0	1440	P1-2-1	0	-
22	3.940104	4.089844	Eb4	34	80	0	0	1440	*	3	-
23	3.945312	5.000000	Bb2	34	80	0	0	1440	P1-2-5	0	-
24	3.945312	4.589844	Eb3	33	80	0	0	1440	P1-2-6	0	-
25	4.933594	6.598958	Bb4	47	80	0	0	1920	P1-2-4	0	-
26	4.971354	5.938802	G4	28	80	0	0	1920	P1-2-3	0	-
27	4.988281	5.408854	Eb4	26	80	0	0	1920	*	3	-
28	5.001302	6.069010	Db3	25	80	0	0	1920	P1-2-7	0	-
29	5.001302	6.079427	Eb3	23	80	0	0	1920	P1-2-8	0	-
30	5.007812	5.128906	C#4	19	80	0	0	1920	*	3	-
31	6.500000	7.919271	Eb5	66	80	0	0	2880	P1-3-2	0	-
32	6.559896	7.329427	Ab4	36	80	0	0	2880	P1-3-1	0	-
33	6.559896	7.869792	C3	30	80	0	0	2880	P1-3-9	0	-
34	6.563802	7.699219	Eb3	28	80	0	0	2880	P1-3-20	0	-
35	6.565104	7.128906	C4	27	80	0	0	2880	*	3	-
36	7.007812	7.598958	Ab3	47	80	0	0	3120	P1-3-11	0	-
37	7.402344	7.869792	C4	47	80	0	0	3360	P1-3-13	0	-
38	7.817708	8.408854	Db5	65	80	0	0	3600	P1-3-4	0	-
39	7.835938	8.128906	F3	37	80	0	0	3600	P1-3-14	0	-
40	7.855469	8.339844	Ab4	41	80	0	0	3600	P1-3-3	0	-
41	7.867188	8.125000	Bb3	37	80	0	0	3600	P1-3-15	0	-
42	8.333333	8.886719	Eb5	81	80	0	0	3840	P1-3-6	0	-
43	8.354167	8.669271	Ab4	57	80	0	0	3840	P1-3-5	0	-
44	8.355469	8.859375	C4	43	80	0	0	3840	P1-3-17	0	-
45	8.361979	8.878906	Eb3	43	80	0	0	3840	P1-3-16	0	-
46	8.845052	9.188802	F5	70	80	0	0	4080	P1-3-8	0	-
47	8.865885	9.089844	Db4	47	80	0	0	4080	P1-3-19	0	-
48	8.871094	9.098958	Db3	45	80	0	0	4080	P1-3-18	0	-
49	8.871094	9.128906	Ab4	49	80	0	0	4080	P1-3-7	0	-
50	9.486979	10.519531	Eb5	55	80	0	0	4320	P1-4-1	0	-
51	9.537760	10.438802	G4	32	80	0	0	4320	P1-4-28	0	-
52	9.546875	10.378906	Bb3	30	80	0	0	4320	P1-4-32	0	-
53	9.562500	10.299479	Eb3	26	80	0	0	4320	P1-4-31	0	-
54	10.355469	10.799479	D5	45	80	0	0	4680	P1-4-2	0	-
55	10.731771	10.994792	Db5	46	80	0	0	4800	P1-4-3	0	-
56	10.765625	11.299479	G4	28	80	0	0	4800	P1-4-29	0	-
57	10.785156	13.609375	Eb3	26	80	0	0	4800	P1-4-33	0	-
58	10.794271	13.589844	Bb3	28	80	0	0	4800	P1-4-34	0	-
59	11.018229	11.161458	Eb5	40	80	0	0	4830	P1-4-5	0	-
60	11.203125	11.281250	Db5	44	80	0	0	4860	P1-4-23	0	-
61	11.316406	11.415365	Eb5	51	80	0	0	4890	P1-4-7	0	-
62	11.451823	11.515625	Db5	52	80	0	0	4920	P1-4-24	0	-
63	11.546875	11.609375	Eb5	53	80	0	0	4950	P1-4-9	0	-
64	11.652344	11.704427	Db5	52	80	0	0	4980	P1-4-25	0	-
65	11.725260	11.798177	Eb5	62	80	0	0	5010	P1-4-10	0	-
66	11.834635	11.897135	Db5	64	80	0	0	5040	P1-4-11	0	-
67	11.917969	11.988281	Eb5	68	80	0	0	5060	*	3	-
68	12.015625	12.071615	Db5	67	80	0	0	5060	*	3	-
69	12.091146	12.153646	Eb5	67	80	0	0	5060	*	3	-
70	12.180990	12.246094	Db5	62	80	0	0	5060	*	3	-
71	12.268229	12.335938	Eb5	68	80	0	0	5060	*	3	-
72	12.365885	12.414062	Db5	62	80	0	0	5060	*	3	-
73	12.429688	12.475260	Eb5	62	80	0	0	5060	*	3	-
74	12.541667	12.587240	Db5	60	80	0	0	5060	P1-4-12	0	-
75	12.608073	12.674479	Eb5	55	80	0	0	5060	P1-4-13	0	-
76	12.707031	12.757812	Db5	55	80	0	0	5060	*	3	-
77	12.774740	12.825521	Eb5	56	80	0	0	5060	*	3	-
78	12.885417	12.919271	Db5	48	80	0	0	5060	*	3	-
79	12.934896	13.003906	Eb5	53	80	0	0	5060	*	3	-
80	13.024740	13.105469	Db5	51	80	0	0	5060	*	3	-
81	13.136719	13.389323	Eb5	52	80	0	0	5060	*	3	-
82	13.332031	13.688802	Db5	47	80	0	0	5080	P1-4-14	0	-
83	13.664062	13.972656	C5	58	80	0	0	5100	P1-4-15	0	-
84	13.940104	14.074219	Db5	62	80	0	0	5160	P1-4-16	0	-
85	14.066406	14.234375	Eb5	55	80	0	0	5220	*	3	-
86	14.246094	14.367188	C#5	59	80	0	0	5220	*	3	-
87	14.371094	14.571615	Eb5	56	80	0	0	5220	P1-4-17	0	-
88	14.574219	15.295573	F5	49	80	0	0	5280	P1-4-18	0	-
89	15.264323	16.128906	Eb5	39	80	0	0	5520	P1-4-19	0	-
90	15.598958	16.149740	Db5	36	80	0	0	5640	P1-4-20	0	-
91	16.041667	18.039062	C5	56	80	0	0	5760	P1-5-1	0	-
92	16.101562	16.989583	Ab3	20	80	0	0	5760	P1-5-4	0	-
93	16.454427	16.619792	C4	28	80	0	0	5880	P1-5-5	0	-
94	16.774740	16.889323	C4	22	80	0	0	6000	P1-5-7	0	-
95	17.016927	17.309896	C4	29	80	0	0	6120	P1-5-9	0	-
96	17.019531	17.500000	Eb4	27	80	0	0	6120	P1-5-10	0	-
97	17.294271	17.729167	Ab3	31	80	0	0	6240	P1-5-11	0	-
98	17.533854	17.602865	C4	32	80	0	0	6360	P1-5-12	0	-
99	17.846354	19.089844	Eb5	62	80	0	0	6480	P1-5-2	0	-
100	17.852865	17.949219	Eb4	31	80	0	0	6480	P1-5-15	0	-
101	17.858073	17.933594	C4	29	80	0	0	6480	P1-5-14	0	-
102	18.111979	18.399740	C4	27	80	0	0	6600	P1-5-16	0	-
103	18.143229	18.419271	Eb4	33	80	0	0	6600	P1-5-17	0	-
104	18.354167	18.430990	Ab3	40	80	0	0	6720	P1-5-18	0	-
105	18.595052	18.683594	C4	36	80	0	0	6840	P1-5-19	0	-
106	18.627604	18.691406	G#3	23	80	0	0	6840	*	3	-
107	18.634115	18.789062	Eb4	32	80	0	0	6840	P1-5-20	0	-
108	18.845052	19.348958	Ab5	72	80	0	0	6960	P1-5-3	0	-
109	18.846354	19.098958	G#3	31	80	0	0	6960	*	3	-
110	18.907552	19.019531	C4	29	80	0	0	6960	P1-5-21	0	-
111	19.132812	19.429688	Eb4	28	80	0	0	7080	P1-5-24	0	-
112	19.134115	19.378906	C4	29	80	0	0	7080	P1-5-23	0	-
113	19.414062	20.619792	Ab5	63	80	0	0	7200	P1-6-1	0	-
114	19.428385	19.799479	Bb3	32	80	0	0	7200	P1-6-3	0	-
115	19.730469	19.795573	Eb4	33	80	0	0	7320	P1-6-5	0	-
116	19.975260	20.046875	Eb4	33	80	0	0	7440	P1-6-7	0	-
117	20.002604	20.055990	Db4	23	80	0	0	7440	P1-6-6	0	-
118	20.005208	20.299479	Bb3	17	80	0	0	7440	*	3	-
119	20.234375	20.399740	Eb4	35	80	0	0	7560	P1-6-9	0	-
120	20.234375	20.468750	Db4	32	80	0	0	7560	P1-6-8	0	-
121	20.522135	23.000000	G5	64	80	0	0	7680	P1-6-2	0	-
122	20.544271	20.919271	Bb3	31	80	0	0	7680	P1-6-10	0	-
123	20.817708	20.873698	Eb4	25	80	0	0	7800	P1-6-12	0	-
124	21.050781	21.279948	Bb3	27	80	0	0	7920	*	3	-
125	21.053385	21.130208	Eb4	35	80	0	0	7920	P1-6-14	0	-
126	21.059896	21.135417	Db4	30	80	0	0	7920	P1-6-13	0	-
127	21.320312	21.619792	Db4	29	80	0	0	8040	P1-6-15	0	-
128	21.320312	21.579427	Eb4	37	80	0	0	8040	P1-6-16	0	-
129	21.542969	21.889323	Bb3	39	80	0	0	8160	P1-6-17	0	-
130	21.785156	21.864583	Eb4	34	80	0	0	8280	P1-6-19	0	-
131	21.794271	21.868490	Db4	30	80	0	0	8280	P1-6-18	0	-
132	22.055990	22.279948	Db4	28	80	0	0	8400	P1-6-20	0	-
133	22.057292	22.859375	Bb3	27	80	0	0	8400	*	3	-
134	22.058594	22.140625	Eb4	34	80	0	0	8400	P1-6-21	0	-
135	22.342448	22.669271	Eb4	28	80	0	0	8520	P1-6-23	0	-
136	22.572917	22.979167	Db4	36	80	0	0	8520	P1-6-22	0	-
137	22.809896	26.229167	Bb5	79	80	0	0	8640	P1-7-1	0	-
138	23.225260	23.312500	Eb4	28	80	0	0	8760	P1-7-5	0	-
139	23.225260	23.315104	G4	33	80	0	0	8760	P1-7-6	0	-
140	23.226562	23.313802	Bb4	43	80	0	0	8760	P1-7-7	0	-
141	23.231771	23.799479	C#4	24	80	0	0	8760	*	3	-
142	23.488281	23.554688	Eb4	34	80	0	0	8880	P1-7-8	0	-
143	23.492188	23.554688	G4	33	80	0	0	8880	P1-7-9	0	-
144	23.501302	23.553385	Bb4	38	80	0	0	8880	P1-7-10	0	-
145	23.723958	24.039062	Bb4	37	80	0	0	9000	P1-7-13	0	-
146	23.738281	23.929688	G4	25	80	0	0	9000	P1-7-12	0	-
147	23.739583	23.938802	Eb4	28	80	0	0	9000	P1-7-11	0	-
148	23.957031	24.729167	Db4	40	80	0	0	9120	P1-7-14	0	-
149	24.220052	24.313802	Eb4	38	80	0	0	9240	P1-7-15	0	-
150	24.268229	24.321615	Bb4	27	80	0	0	9240	P1-7-17	0	-
151	24.274740	24.359375	G4	20	80	0	0	9240	P1-7-16	0	-
152	24.513021	26.339844	G5	62	80	0	0	9360	P1-7-2	0	-
153	24.518229	24.608073	G4	33	80	0	0	9360	P1-7-19	0	-
154	24.523438	24.604167	Bb4	41	80	0	0	9360	P1-7-20	0	-
155	24.524740	24.608073	Eb4	32	80	0	0	9360	P1-7-18	0	-
156	24.790365	24.919271	G4	32	80	0	0	9480	P1-7-22	0	-
157	24.794271	25.079427	Bb4	37	80	0	0	9480	P1-7-23	0	-
158	24.794271	24.949219	Eb4	31	80	0	0	9480	P1-7-21	0	-
159	25.024740	25.449219	Db4	38	80	0	0	9600	P1-7-24	0	-
160	25.026042	25.079427	Eb4	32	80	0	0	9720	*	3	-
161	25.026042	25.128906	G4	29	80	0	0	9720	*	3	-
162	25.277344	25.354167	Eb4	34	80	0	0	9720	P1-7-25	0	-
163	25.287760	25.354167	G4	27	80	0	0	9720	P1-7-26	0	-
164	25.294271	25.628906	Bb4	34	80	0	0	9720	P1-7-27	0	-
165	25.515625	25.938802	Eb5	52	80	0	0	9840	P1-7-3	0	-
166	25.554688	25.611979	G4	24	80	0	0	9840	P1-7-29	0	-
167	25.572917	25.658854	Eb4	23	80	0	0	9840	P1-7-28	0	-
168	25.776042	25.843750	Eb4	24	80	0	0	9960	P1-7-31	0	-
169	25.778646	26.179688	G4	26	80	0	0	9960	P1-7-32	0	-
170	25.779948	26.119792	Bb4	37	80	0	0	9960	P1-7-33	0	-
171	25.781250	26.029948	C#4	24	80	0	0	9960	*	3	-
172	26.062500	27.519531	Eb5	54	80	0	0	10080	P1-8-1	0	-
173	26.097656	26.128906	Eb4	23	80	0	0	10080	*	3	-
174	26.101562	26.348958	C4	25	80	0	0	10080	P1-8-3	0	-
175	26.334635	26.424479	Eb4	31	80	0	0	10200	P1-8-4	0	-
176	26.347656	26.433594	Ab4	30	80	0	0	10200	P1-8-5	0	-
177	26.355469	26.878906	C4	21	80	0	0	10200	*	3	-
178	26.583333	26.709635	Eb4	18	80	0	0	10320	P1-8-6	0	-
179	26.593750	26.644531	Ab4	27	80	0	0	10320	P1-8-7	0	-
180	26.839844	26.901042	Eb4	24	80	0	0	10440	P1-8-8	0	-
181	26.843750	26.899740	Ab4	29	80	0	0	10440	P1-8-9	0	-
182	27.083333	28.509115	Ab5	55	80	0	0	10560	P1-8-2	0	-
183	27.119792	27.218750	Ab4	25	80	0	0	10680	*	3	-
184	27.121094	27.171875	Eb4	25	80	0	0	10680	*	3	-
185	27.122396	27.175781	C4	28	80	0	0	10680	*	3	-
186	27.358073	27.432292	Eb4	37	80	0	0	10680	P1-8-11	0	-
187	27.363281	27.429688	Ab4	30	80	0	0	10680	P1-8-12	0	-
188	27.364583	27.718750	C4	28	80	0	0	10680	*	3	-
189	27.614583	27.671875	Eb4	27	80	0	0	10800	P1-8-13	0	-
190	27.617188	27.673177	Ab4	30	80	0	0	10800	P1-8-14	0	-
191	27.872396	28.019531	Ab4	31	80	0	0	10920	P1-8-16	0	-
192	27.873698	27.934896	Eb4	24	80	0	0	10920	P1-8-15	0	-
193	28.114583	28.449219	C4	29	80	0	0	11040	P1-8-17	0	-
194	28.117188	28.209635	Eb4	26	80	0	0	11160	*	3	-
195	28.122396	28.166667	Ab4	27	80	0	0	11160	*	3	-
196	28.346354	28.415365	Eb4	40	80	0	0	11160	P1-8-18	0	-
197	28.347656	28.415365	Ab4	33	80	0	0	11160	P1-8-19	0	-
198	28.611979	28.692708	Ab4	32	80	0	0	11280	P1-8-21	0	-
199	28.636719	28.809896	Eb4	31	80	0	0	11280	P1-8-20	0	-
200	28.904948	28.919271	Ab4	14	80	0	0	11400	P1-8-23	0	-
201	28.906250	29.359375	Eb4	12	80	0	0	11400	P1-8-22	0	-
202	29.196615	31.109375	Ab5	67	80	0	0	11520	P1-9-1	0	-
203	29.203125	30.259115	Gb4	41	80	0	0	11520	P1-9-4	0	-
204	29.632812	29.721354	Eb5	42	80	0	0	11640	P1-9-7	0	-
205	29.635417	29.725260	C5	36	80	0	0	11640	P1-9-6	0	-
206	29.654948	29.789062	Ab4	33	80	0	0	11640	P1-9-5	0	-
207	29.915365	29.983073	Eb5	50	80	0	0	11760	P1-9-10	0	-
208	29.920573	30.039062	Ab4	40	80	0	0	11760	P1-9-8	0	-
209	29.920573	29.986979	C5	51	80	0	0	11760	P1-9-9	0	-
210	30.153646	30.389323	Eb5	46	80	0	0	11880	P1-9-13	0	-
211	30.174479	30.369792	C5	36	80	0	0	11880	P1-9-12	0	-
212	30.180990	30.348958	Ab4	38	80	0	0	11880	P1-9-11	0	-
213	30.382812	30.848958	Gb4	40	80	0	0	12000	P1-9-14	0	-
214	30.384115	30.479167	C5	36	80	0	0	12120	*	3	-
215	30.647135	30.789062	Eb5	47	80	0	0	12120	P1-9-17	0	-
216	30.658854	30.733073	Ab4	44	80	0	0	12120	P1-9-15	0	-
217	30.671875	31.019531	C5	35	80	0	0	12120	P1-9-16	0	-
218	30.885417	32.239583	C6	78	80	0	0	12240	P1-9-2	0	-
219	30.944010	30.994792	Eb5	35	80	0	0	12240	P1-9-20	0	-
220	30.945312	31.069010	Ab4	41	80	0	0	12240	P1-9-18	0	-
221	31.171875	31.369792	Eb5	34	80	0	0	12360	P1-9-23	0	-
222	31.195312	31.449219	C5	40	80	0	0	12360	P1-9-22	0	-
223	31.205729	31.438802	Ab4	39	80	0	0	12360	P1-9-21	0	-
224	31.406250	32.500000	Gb4	46	80	0	0	12480	P1-9-24	0	-
225	31.665365	31.899740	Ab4	39	80	0	0	12600	P1-9-25	0	-
226	31.673177	31.968750	Eb5	47	80	0	0	12600	P1-9-27	0	-
227	31.674479	31.899740	C5	42	80	0	0	12600	P1-9-26	0	-
228	31.885417	32.549479	Eb6	84	80	0	0	12720	P1-9-3	0	-
229	31.984375	32.139323	Eb5	37	80	0	0	12720	P1-9-30	0	-
230	31.984375	32.598958	C5	37	80	0	0	12720	P1-9-29	0	-
231	31.989583	32.579427	Ab4	32	80	0	0	12720	P1-9-28	0	-
232	32.208333	32.919271	Eb5	45	80	0	0	12840	P1-9-33	0	-
233	32.397135	33.359375	F4	43	80	0	0	12960	P1-10-5	0	-
234	32.563802	34.359375	Eb6	89	80	0	0	12960	P1-10-1	0	-
235	32.868490	32.975260	Db5	50	80	0	0	13080	P1-10-7	0	-
236	32.885417	33.029948	Ab4	43	80	0	0	13080	P1-10-6	0	-
237	33.143229	33.269531	Db5	40	80	0	0	13200	P1-10-9	0	-
238	33.151042	33.378906	Ab4	34	80	0	0	13200	P1-10-8	0	-
239	33.385417	33.709635	Db5	44	80	0	0	13320	P1-10-11	0	-
240	33.388021	33.658854	Ab4	33	80	0	0	13320	P1-10-10	0	-
241	33.625000	34.378906	F4	44	80	0	0	13440	P1-10-12	0	-
242	33.893229	34.128906	Db5	56	80	0	0	13560	P1-10-14	0	-
243	33.895833	34.139323	Ab4	42	80	0	0	13560	P1-10-13	0	-
244	34.106771	34.819010	Db6	82	80	0	0	13680	P1-10-2	0	-
245	34.140625	34.279948	Db5	58	80	0	0	13680	P1-10-16	0	-
246	34.233073	34.419271	Ab4	28	80	0	0	13680	P1-10-15	0	-
247	34.404948	34.989583	Db5	48	80	0	0	13800	P1-10-18	0	-
248	34.427083	34.699219	Ab4	30	80	0	0	13800	P1-10-17	0	-
249	34.664062	35.399740	Eb4	54	80	0	0	13920	P1-10-19	0	-
250	34.664062	35.319010	Eb6	86	80	0	0	13920	P1-10-3	0	-
251	34.947917	35.289062	Ab4	44	80	0	0	14040	P1-10-20	0	-
252	34.951823	35.319010	C5	47	80	0	0	14040	P1-10-21	0	-
253	35.199219	35.938802	F6	93	80	0	0	14160	P1-10-4	0	-
254	35.223958	35.619792	Db4	50	80	0	0	14160	P1-10-22	0	-
255	35.514323	35.938802	Ab4	48	80	0	0	14280	P1-10-23	0	-
256	35.514323	36.089844	Bb4	53	80	0	0	14280	P1-10-24	0	-
257	35.865885	37.158854	Eb4	40	80	0	0	14400	P1-11-8	0	-
258	35.944010	37.408854	F6	90	80	0	0	14400	P1-11-1	0	-
259	36.403646	36.699219	C5	48	80	0	0	14520	P1-11-10	0	-
260	36.411458	36.718750	Ab4	40	80	0	0	14520	P1-11-9	0	-
261	36.753906	38.279948	Eb6	73	80	0	0	14640	P1-11-2	0	-
262	36.786458	36.989583	C5	32	80	0	0	14640	P1-11-12	0	-
263	36.791667	36.949219	Ab4	34	80	0	0	14640	P1-11-11	0	-
264	37.098958	37.378906	Ab4	38	80	0	0	14760	P1-11-13	0	-
265	37.101562	37.378906	C5	33	80	0	0	14760	P1-11-14	0	-
266	37.322917	38.250000	Eb4	46	80	0	0	14880	P1-11-15	0	-
267	37.606771	37.908854	C5	40	80	0	0	15000	P1-11-17	0	-
268	37.613281	37.979167	Ab4	35	80	0	0	15000	P1-11-16	0	-
269	37.861979	38.239583	Db6	71	80	0	0	15120	P1-11-3	0	-
270	38.143229	38.589844	C6	70	80	0	0	15240	P1-11-4	0	-
271	38.175781	38.519531	Ab4	31	80	0	0	15240	P1-11-20	0	-
272	38.179688	38.579427	C5	37	80	0	0	15240	P1-11-21	0	-
273	38.473958	39.908854	Eb4	36	80	0	0	15360	P1-11-22	0	-
274	38.493490	39.408854	Eb6	56	80	0	0	15360	P1-11-5	0	-
275	38.815104	39.839844	Db6	55	80	0	0	15480	P1-11-6	0	-
276	38.865885	39.139323	Bb4	29	80	0	0	15480	P1-11-23	0	-
277	39.143229	39.819010	G5	54	80	0	0	15600	P1-11-7	0	-
278	39.144531	39.309896	Db5	36	80	0	0	15600	P1-11-26	0	-
279	39.152344	39.359375	Bb4	32	80	0	0	15600	P1-11-25	0	-
280	39.444010	39.769531	Db5	38	80	0	0	15720	P1-11-28	0	-
281	39.449219	39.889323	Bb4	34	80	0	0	15720	P1-11-27	0	-
282	39.846354	40.269531	Ab5	43	80	0	0	15840	P1-12-1	0	-
283	39.847656	40.839844	C5	36	80	0	0	15840	P1-12-26	0	-
284	39.852865	40.789062	Ab4	35	80	0	0	15840	P1-12-25	0	-
285	40.044271	40.157552	Eb6	45	80	0	0	15900	P1-12-2	0	-
286	40.186198	40.274740	C6	48	80	0	0	15960	P1-12-3	0	-
287	40.295573	40.393229	Eb6	50	80	0	0	16020	P1-12-4	0	-
288	40.420573	40.532552	Ab6	61	80	0	0	16080	P1-12-5	0	-
289	40.545573	40.606771	Eb6	59	80	0	0	16140	P1-12-6	0	-
290	40.628906	40.709635	C6	54	80	0	0	16200	P1-12-7	0	-
291	40.738281	40.846354	Eb6	51	80	0	0	16260	P1-12-8	0	-
292	40.871094	41.098958	Ab5	56	80	0	0	16320	P1-12-9	0	-
293	41.045573	41.128906	Eb5	54	80	0	0	16380	P1-12-10	0	-
294	41.184896	41.339844	C5	51	80	0	0	16440	P1-12-11	0	-
295	41.285156	41.355469	Eb5	49	80	0	0	16500	P1-12-12	0	-
296	41.407552	41.549479	Ab4	47	80	0	0	16560	P1-12-13	0	-
297	41.580729	41.654948	Eb4	54	80	0	0	16620	P1-12-14	0	-
298	41.722656	41.776042	C4	45	80	0	0	16680	P1-12-15	0	-
299	41.804688	41.893229	Eb4	53	80	0	0	16740	P1-12-16	0	-
300	41.925781	42.128906	Ab3	57	80	0	0	16800	P1-12-17	0	-
301	42.101562	42.178385	Eb3	59	80	0	0	16860	P1-12-18	0	-
302	42.236979	42.378906	C3	46	80	0	0	16920	P1-12-19	0	-
303	42.315104	42.378906	Eb3	49	80	0	0	16980	P1-12-20	0	-
304	42.445312	42.548177	Ab2	53	80	0	0	17040	P1-12-21	0	-
305	42.584635	42.652344	Eb3	33	80	0	0	17100	P1-12-22	0	-
306	42.665365	42.744792	C3	58	80	0	0	17160	P1-12-23	0	-
307	42.753906	42.813802	Eb3	48	80	0	0	17220	P1-12-24	0	-
308	42.891927	42.968750	G2	52	80	0	0	17280	P1-13-1	0	-
309	42.897135	43.688802	Eb2	51	80	0	0	17280	P1-13-26	0	-
310	42.897135	43.549479	Bb2	52	80	0	0	17280	P1-13-27	0	-
311	43.072917	43.359375	Eb3	42	80	0	0	17340	P1-13-2	0	-
312	43.191406	43.378906	Db3	50	80	0	0	17400	P1-13-3	0	-
313	43.384115	43.457031	G3	52	80	0	0	17520	P1-13-5	0	-
314	43.501302	43.555990	Eb3	53	80	0	0	17580	P1-13-6	0	-
315	43.626302	43.750000	Db3	47	80	0	0	17640	P1-13-7	0	-
316	43.712240	43.949219	Eb3	48	80	0	0	17700	P1-13-8	0	-
317	43.864583	44.500000	Bb2	50	80	0	0	17760	P1-13-30	0	-
318	43.865885	44.468750	Bb1	47	80	0	0	17760	P1-13-28	0	-
319	43.872396	44.658854	Eb2	47	80	0	0	17760	P1-13-29	0	-
320	44.070312	44.156250	Eb4	46	80	0	0	17820	P1-13-10	0	-
321	44.167969	44.300781	Db4	53	80	0	0	17880	P1-13-11	0	-
322	44.320312	44.399740	Eb4	44	80	0	0	17940	P1-13-12	0	-
323	44.391927	44.509115	G4	50	80	0	0	18000	P1-13-13	0	-
324	44.496094	44.554688	Eb4	51	80	0	0	18060	P1-13-14	0	-
325	44.614583	44.739583	Db4	45	80	0	0	18120	P1-13-15	0	-
326	44.722656	44.839844	Eb4	46	80	0	0	18180	P1-13-16	0	-
327	44.878906	45.549479	Bb2	55	80	0	0	18240	P1-13-33	0	-
328	44.881510	45.037760	G4	57	80	0	0	18240	P1-13-17	0	-
329	44.881510	45.628906	Eb2	54	80	0	0	18240	P1-13-32	0	-
330	45.054688	45.144531	Eb5	53	80	0	0	18300	P1-13-18	0	-
331	45.170573	45.252604	Db5	57	80	0	0	18360	P1-13-19	0	-
332	45.295573	45.360677	Eb5	50	80	0	0	18420	P1-13-20	0	-
333	45.388021	45.472656	G5	60	80	0	0	18480	P1-13-21	0	-
334	45.498698	45.608073	Eb5	54	80	0	0	18540	P1-13-22	0	-
335	45.622396	45.707031	Db5	58	80	0	0	18600	P1-13-23	0	-
336	45.722656	45.877604	Eb5	51	80	0	0	18660	P1-13-24	0	-
337	45.921875	46.074219	Ab5	55	80	0	0	18720	P1-14-1	0	-
338	45.933594	46.619792	C3	40	80	0	0	18720	P1-14-27	0	-
339	45.934896	47.149740	C2	41	80	0	0	18720	P1-14-25	0	-
340	45.937500	46.709635	Eb2	42	80	0	0	18720	P1-14-26	0	-
341	46.076823	46.183594	Eb6	52	80	0	0	18780	P1-14-2	0	-
342	46.209635	46.304688	C6	53	80	0	0	18840	P1-14-3	0	-
343	46.315104	46.386719	Eb6	56	80	0	0	18900	P1-14-4	0	-
344	46.397135	46.515625	Ab6	64	80	0	0	18960	P1-14-5	0	-
345	46.502604	46.575521	Eb6	67	80	0	0	19020	P1-14-6	0	-
346	46.613281	46.684896	C6	56	80	0	0	19080	P1-14-7	0	-
347	46.729167	46.824219	Eb6	54	80	0	0	19140	P1-14-8	0	-
348	46.838542	46.968750	Ab5	57	80	0	0	19200	P1-14-9	0	-
349	46.976562	47.100260	Eb5	59	80	0	0	19260	P1-14-10	0	-
350	47.127604	47.250000	C5	47	80	0	0	19320	P1-14-11	0	-
351	47.216146	47.283854	Eb5	59	80	0	0	19380	P1-14-12	0	-
352	47.325521	47.429688	Ab4	57	80	0	0	19440	P1-14-13	0	-
353	47.492188	47.565104	Eb4	51	80	0	0	19500	P1-14-14	0	-
354	47.608073	47.673177	C4	43	80	0	0	19560	P1-14-15	0	-
355	47.731771	47.794271	Eb4	43	80	0	0	19620	P1-14-16	0	-
356	47.824219	47.888021	Ab3	54	80	0	0	19680	P1-14-17	0	-
357	47.993490	48.053385	Eb3	55	80	0	0	19740	P1-14-18	0	-
358	48.104167	48.229167	C3	53	80	0	0	19800	P1-14-19	0	-
359	48.180990	48.329427	Eb3	51	80	0	0	19860	P1-14-20	0	-
360	48.351562	48.489583	Ab2	46	80	0	0	19920	P1-14-21	0	-
361	48.479167	48.531250	Eb3	31	80	0	0	19980	P1-14-22	0	-
362	48.557292	48.626302	C3	48	80	0	0	20040	P1-14-23	0	-
363	48.640625	48.848958	Eb3	43	80	0	0	20100	P1-14-24	0	-
364	48.794271	48.929688	Bb2	52	80	0	0	20160	P1-15-1	0	-
365	48.796875	49.459635	G2	49	80	0	0	20160	P1-15-27	0	-
366	48.799479	48.809896	Bb1	50	80	0	0	20160	*	3	-
367	48.803385	49.688802	Eb2	52	80	0	0	20160	P1-15-26	0	-
368	48.803385	49.688802	G1	50	80	0	0	20160	P1-15-25	0	-
369	48.934896	49.149740	Eb3	44	80	0	0	20220	P1-15-2	0	-
370	49.042969	49.250000	Db3	56	80	0	0	20280	P1-15-3	0	-
371	49.156250	49.329427	Eb3	40	80	0	0	20340	P1-15-4	0	-
372	49.289062	49.381510	Bb3	62	80	0	0	20400	P1-15-5	0	-
373	49.427083	49.489583	Eb3	59	80	0	0	20460	P1-15-6	0	-
374	49.526042	49.595052	Db3	57	80	0	0	20520	P1-15-7	0	-
375	49.634115	49.690104	Eb3	50	80	0	0	20580	P1-15-8	0	-
376	49.812500	50.589844	G1	48	80	0	0	20640	P1-15-28	0	-
377	49.813802	50.069010	G2	51	80	0	0	20640	P1-15-30	0	-
378	49.816406	50.559896	Eb2	46	80	0	0	20640	P1-15-29	0	-
379	49.819010	49.906250	Bb3	62	80	0	0	20640	P1-15-9	1	-
380	49.953125	50.020833	Eb4	52	80	0	0	20700	P1-15-10	0	-
381	50.055990	50.135417	Db4	50	80	0	0	20760	P1-15-11	0	-
382	50.191406	50.246094	Eb4	47	80	0	0	20820	P1-15-12	0	-
383	50.303385	50.381510	Bb4	63	80	0	0	20880	P1-15-13	0	-
384	50.427083	50.483073	Eb4	57	80	0	0	20940	P1-15-14	0	-
385	50.529948	50.585938	Db4	50	80	0	0	21000	P1-15-15	0	-
386	50.623698	50.739583	Eb4	49	80	0	0	21060	P1-15-16	0	-
387	50.809896	53.149740	Eb2	45	80	0	0	21120	P1-15-32	0	-
388	50.811198	51.378906	G1	46	80	0	0	21120	P1-15-31	0	-
389	50.812500	51.049479	G2	43	80	0	0	21120	P1-15-33	0	-
390	50.815104	50.876302	Bb4	59	80	0	0	21120	P1-15-17	0	-
391	50.933594	51.007812	Eb5	58	80	0	0	21180	P1-15-18	0	-
392	51.041667	51.105469	Db5	58	80	0	0	21240	P1-15-19	0	-
393	51.162760	51.223958	Eb5	50	80	0	0	21300	P1-15-20	0	-
394	51.283854	51.356771	Bb5	59	80	0	0	21360	P1-15-21	0	-
395	51.393229	51.451823	Eb5	56	80	0	0	21420	P1-15-22	0	-
396	51.524740	51.572917	Db5	56	80	0	0	21480	P1-15-23	0	-
397	51.639323	51.789062	Eb5	47	80	0	0	21540	P1-15-24	0	-
398	51.777344	53.489583	Ab1	40	80	0	0	21600	P1-16-25	0	-
399	51.783854	51.888021	C5	65	80	0	0	21600	P1-16-1	0	-
400	51.934896	51.984375	Ab5	57	80	0	0	21660	P1-16-2	0	-
401	52.019531	52.083333	Eb5	60	80	0	0	21720	P1-16-3	0	-
402	52.123698	52.192708	Ab5	55	80	0	0	21780	P1-16-4	0	-
403	52.276042	52.438802	C6	55	80	0	0	21840	P1-16-5	0	-
404	52.394531	52.463542	Ab5	54	80	0	0	21900	P1-16-6	0	-
405	52.507812	52.561198	Eb5	56	80	0	0	21960	P1-16-7	0	-
406	52.601562	52.665365	Ab5	47	80	0	0	22020	P1-16-8	0	-
407	52.755208	52.815104	C5	56	80	0	0	22080	P1-16-9	0	-
408	52.833333	52.839844	G#5	30	80	0	0	22140	*	3	-
409	52.894531	52.954427	Ab4	59	80	0	0	22140	P1-16-10	0	-
410	53.046875	53.111979	Eb4	51	80	0	0	22200	P1-16-11	0	-
411	53.153646	53.214844	Ab4	53	80	0	0	22260	P1-16-12	0	-
412	53.264323	53.333333	C4	54	80	0	0	22320	P1-16-13	0	-
413	53.404948	53.475260	Ab3	61	80	0	0	22380	P1-16-14	0	-
414	53.524740	53.584635	Eb3	50	80	0	0	22440	P1-16-15	0	-
415	53.615885	53.740885	Ab3	52	80	0	0	22500	P1-16-16	0	-
416	53.753906	53.872396	C3	45	80	0	0	22560	P1-16-17	0	-
417	53.894531	53.944010	Ab3	45	80	0	0	22620	P1-16-18	0	-
418	53.981771	54.042969	Eb3	55	80	0	0	22680	P1-16-19	0	-
419	54.074219	54.197917	Ab3	49	80	0	0	22740	P1-16-20	0	-
420	54.225260	54.307292	C4	43	80	0	0	22800	P1-16-21	0	-
421	54.325521	54.384115	Ab3	48	80	0	0	22860	P1-16-22	0	-
422	54.454427	54.501302	Eb3	34	80	0	0	22920	P1-16-23	0	-
423	54.524740	54.688802	Ab3	44	80	0	0	22980	P1-16-24	0	-
424	54.725260	55.489583	F2	40	80	0	0	23040	P1-17-26	0	-
425	54.725260	54.929688	D3	35	80	0	0	23040	P1-17-1	0	-
426	54.726562	55.649740	F1	39	80	0	0	23040	P1-17-25	0	-
427	54.933594	54.993490	Bb3	48	80	0	0	23100	P1-17-2	0	-
428	55.044271	55.102865	Ab3	49	80	0	0	23160	P1-17-3	0	-
429	55.143229	55.194010	Bb3	49	80	0	0	23220	P1-17-4	0	-
430	55.253906	55.321615	D4	42	80	0	0	23280	P1-17-5	0	-
431	55.364583	55.421875	Bb3	45	80	0	0	23340	P1-17-6	0	-
432	55.470052	55.514323	Ab3	45	80	0	0	23400	P1-17-7	0	-
433	55.600260	55.739583	Bb3	46	80	0	0	23460	P1-17-8	0	-
434	55.761719	56.229167	F2	50	80	0	0	23520	P1-17-27	0	-
435	55.761719	56.299479	Bb2	49	80	0	0	23520	P1-17-28	0	-
436	55.763021	56.250000	Bb1	49	80	0	0	23520	*	3	-
437	55.764323	55.949219	D4	45	80	0	0	23520	P1-17-9	0	-
438	55.945312	56.011719	Bb4	40	80	0	0	23580	P1-17-10	0	-
439	56.053385	56.250000	Ab4	50	80	0	0	23640	P1-17-11	0	-
440	56.153646	56.213542	Bb4	44	80	0	0	23700	P1-17-12	0	-
441	56.279948	56.359375	D5	55	80	0	0	23760	P1-17-13	0	-
442	56.394531	56.444010	Bb4	63	80	0	0	23820	P1-17-14	0	-
443	56.470052	56.569010	Ab4	50	80	0	0	23880	P1-17-15	0	-
444	56.580729	56.669271	Bb4	58	80	0	0	23940	P1-17-16	0	-
445	56.746094	57.359375	Bb2	61	80	0	0	24000	P1-17-31	0	-
446	56.750000	57.250000	Eb3	59	80	0	0	24000	P1-17-32	0	-
447	56.751302	57.369792	Eb2	59	80	0	0	24000	P1-17-30	0	-
448	56.760417	56.845052	Eb5	62	80	0	0	24000	P1-17-17	0	-
449	56.875000	57.039062	Bb5	62	80	0	0	24060	P1-17-18	0	-
450	56.992188	57.128906	G5	50	80	0	0	24120	P1-17-19	0	-
451	57.095052	57.187500	Bb5	61	80	0	0	24180	P1-17-20	0	-
452	57.196615	57.283854	Eb6	71	80	0	0	24240	P1-17-21	0	-
453	57.302083	57.377604	Bb5	65	80	0	0	24300	P1-17-22	0	-
454	57.411458	57.549479	G5	62	80	0	0	24360	P1-17-23	0	-
455	57.542969	57.634115	Bb5	54	80	0	0	24420	P1-17-24	0	-
456	57.666667	57.859375	D3	59	80	0	0	24480	P1-18-27	0	-
457	57.666667	57.968750	Bb2	58	80	0	0	24480	P1-18-26	0	-
458	57.673177	57.908854	D2	57	80	0	0	24480	P1-18-25	0	-
459	57.677083	57.829427	F5	57	80	0	0	24480	P1-18-1	0	-
460	57.807292	57.889323	Bb5	56	80	0	0	24540	P1-18-2	0	-
461	57.901042	57.963542	Ab5	59	80	0	0	24600	P1-18-3	0	-
462	57.983073	58.119792	Bb5	59	80	0	0	24660	P1-18-4	0	-
463	58.121094	58.238281	F6	70	80	0	0	24720	P1-18-5	0	-
464	58.291667	58.364583	Bb5	61	80	0	0	24780	P1-18-6	0	-
465	58.388021	58.463542	Ab5	65	80	0	0	24840	P1-18-7	0	-
466	58.484375	58.557292	Bb5	67	80	0	0	24900	P1-18-8	0	-
467	58.593750	59.119792	D4	57	80	0	0	24960	P1-18-30	0	-
468	58.605469	59.109375	Bb3	61	80	0	0	24960	P1-18-29	0	-
469	58.610677	58.989583	D3	53	80	0	0	24960	P1-18-28	0	-
470	58.615885	58.721354	F5	61	80	0	0	24960	P1-18-9	0	-
471	58.756510	58.834635	Bb5	63	80	0	0	25020	P1-18-10	0	-
472	58.834635	58.910156	Ab5	62	80	0	0	25080	P1-18-11	0	-
473	58.933594	59.027344	Bb5	62	80	0	0	25140	P1-18-12	0	-
474	59.057292	59.156250	F6	75	80	0	0	25200	P1-18-13	0	-
475	59.186198	59.274740	Bb5	73	80	0	0	25260	P1-18-14	0	-
476	59.294271	59.438802	Ab5	69	80	0	0	25320	P1-18-15	0	-
477	59.423177	59.494792	Bb5	49	80	0	0	25380	P1-18-16	0	-
478	59.518229	59.968750	Db4	68	80	0	0	25440	P1-18-33	0	-
479	59.539062	60.059896	Eb3	63	80	0	0	25440	P1-18-32	0	-
480	59.542969	59.653646	G5	65	80	0	0	25440	P1-18-17	0	-
481	59.542969	60.000000	Db3	61	80	0	0	25440	P1-18-31	0	-
482	59.680990	59.781250	Eb6	67	80	0	0	25500	P1-18-18	0	-
483	59.790365	59.890625	Bb5	71	80	0	0	25560	P1-18-19	0	-
484	59.891927	59.998698	Eb6	72	80	0	0	25620	P1-18-20	0	-
485	60.026042	60.299479	G6	70	80	0	0	25680	P1-18-21	0	-
486	60.134115	60.233073	Eb6	64	80	0	0	25740	P1-18-22	0	-
487	60.233073	60.342448	Bb5	76	80	0	0	25800	P1-18-23	0	-
488	60.341146	60.484375	Eb6	67	80	0	0	25860	P1-18-24	0	-
489	60.490885	60.757812	C4	62	80	0	0	25920	P1-19-27	0	-
490	60.497396	60.819010	Eb3	52	80	0	0	25920	P1-19-26	0	-
491	60.503906	60.839844	Ab5	70	80	0	0	25920	P1-19-1	0	-
492	60.518229	60.779948	C3	48	80	0	0	25920	P1-19-25	0	-
493	60.669271	60.782552	Ab6	68	80	0	0	25980	P1-19-2	0	-
494	60.770833	61.000000	Eb6	74	80	0	0	26040	P1-19-3	0	-
495	60.885417	61.015625	Ab6	73	80	0	0	26100	P1-19-4	0	-
496	61.035156	61.319010	Cb4	69	80	0	0	26160	P1-19-30	0	-
497	61.041667	61.265625	Eb3	63	80	0	0	26160	P1-19-29	0	-
498	61.042969	61.259115	A5	72	80	0	0	26160	P1-19-5	0	-
499	61.045573	61.229167	Cb3	65	80	0	0	26160	P1-19-28	0	-
500	61.191406	61.316406	A6	84	80	0	0	26220	P1-19-6	0	-
501	61.303385	61.489583	Eb6	76	80	0	0	26280	P1-19-7	0	-
502	61.445312	61.579427	A6	82	80	0	0	26340	P1-19-8	0	-
503	61.583333	61.899740	Cb4	51	80	0	0	26400	P1-19-31	0	-
504	61.592448	61.757812	Eb4	53	80	0	0	26400	P1-19-32	0	-
505	61.597656	61.869792	A5	73	80	0	0	26400	P1-19-9	0	-
506	61.604167	61.908854	Cb5	60	80	0	0	26400	P1-19-33	0	-
507	61.725260	61.850260	A6	85	80	0	0	26460	P1-19-10	0	-
508	61.838542	62.039062	Eb6	79	80	0	0	26520	P1-19-11	0	-
509	61.957031	62.119792	A6	79	80	0	0	26580	P1-19-12	0	-
510	62.092448	62.468750	Eb4	59	80	0	0	26640	P1-19-35	0	-
511	62.095052	62.438802	Bb4	76	80	0	0	26640	P1-19-36	0	-
512	62.102865	62.479167	Bb3	62	80	0	0	26640	P1-19-34	0	-
513	62.114583	62.399740	Bb5	81	80	0	0	26640	P1-19-13	0	-
514	62.253906	62.389323	Bb6	85	80	0	0	26700	P1-19-14	0	-
515	62.372396	62.609375	Eb6	79	80	0	0	26760	P1-19-15	0	-
516	62.522135	62.718750	Bb6	82	80	0	0	26820	P1-19-16	0	-
517	62.622396	63.059896	Ab4	72	80	0	0	26880	P1-19-39	0	-
518	62.625000	63.109375	Eb4	63	80	0	0	26880	P1-19-38	0	-
519	62.634115	63.069010	Ab3	63	80	0	0	26880	P1-19-37	0	-
520	62.636719	63.109375	Bb5	79	80	0	0	26880	P1-19-17	0	-
521	62.789062	63.039062	Bb6	80	80	0	0	26940	P1-19-18	0	-
522	62.912760	63.085938	Eb6	80	80	0	0	27000	P1-19-19	0	-
523	63.054688	63.309896	Bb6	84	80	0	0	27060	P1-19-20	0	-
524	63.222656	64.000000	G4	68	80	0	0	27120	P1-19-42	0	-
525	63.226562	64.128906	Eb4	62	80	0	0	27120	P1-19-41	0	-
526	63.229167	63.839844	G3	64	80	0	0	27120	P1-19-40	0	-
527	63.231771	63.929688	Cb6	81	80	0	0	27120	P1-19-21	0	-
528	63.415365	63.688802	Cb7	92	80	0	0	27180	P1-19-22	0	-
529	63.619792	64.069010	Eb6	84	80	0	0	27240	P1-19-23	0	-
530	63.843750	64.819010	Cb7	90	80	0	0	27300	P1-19-24	0	-
531	64.360677	66.218750	C7	88	80	0	0	27360	P1-20-1	0	-
532	64.694010	65.500000	Ab5	45	80	0	0	27480	P1-20-8	0	-
533	64.975260	66.309896	Ab4	40	80	0	0	27600	P1-20-9	0	-
534	65.178385	65.809896	C6	73	80	0	0	27720	P1-20-2	0	-
535	65.485677	66.929688	Bb6	82	80	0	0	27840	P1-20-3	0	-
536	65.753906	66.339844	G5	56	80	0	0	27960	P1-20-11	0	-
537	66.048177	67.149740	G4	48	80	0	0	28080	P1-20-12	0	-
538	66.242188	66.848958	Bb5	67	80	0	0	28200	P1-20-4	0	-
539	66.540365	68.059896	Ab6	85	80	0	0	28320	P1-20-5	0	-
540	66.796875	67.500000	F5	44	80	0	0	28440	P1-20-14	0	-
541	67.074219	68.529948	F4	36	80	0	0	28560	P1-20-15	0	-
542	67.333333	68.139323	A6	82	80	0	0	28680	P1-20-6	0	-
543	67.785156	69.309896	Bb6	82	80	0	0	28800	P1-21-1	0	-
544	68.122396	68.908854	G5	58	80	0	0	28920	P1-21-10	0	-
545	68.424479	69.319010	G4	38	80	0	0	29040	P1-21-11	0	-
546	68.648438	69.299479	Bb5	64	80	0	0	29160	P1-21-2	0	-
547	68.953125	70.279948	Ab6	74	80	0	0	29280	P1-21-3	0	-
548	69.234375	69.819010	F5	43	80	0	0	29400	P1-21-13	0	-
549	69.471354	70.348958	F4	41	80	0	0	29520	P1-21-14	0	-
550	69.708333	70.039062	Ab5	49	80	0	0	29640	P1-21-4	0	-
551	70.006510	70.609375	G6	63	80	0	0	29760	P1-21-5	0	-
552	70.028646	70.669271	Eb5	49	80	0	0	29760	P1-21-15	0	-
553	70.295573	70.789062	G5	67	80	0	0	29880	P1-21-6	0	-
554	70.313802	70.878906	Eb4	39	80	0	0	29880	P1-21-16	0	-
555	70.582031	70.959635	Ab5	79	80	0	0	30000	P1-21-7	0	-
556	70.611979	70.834635	F4	43	80	0	0	30000	P1-21-17	0	-
557	70.830729	71.459635	Bb5	78	80	0	0	30120	P1-21-8	0	-
558	70.835938	71.569010	G4	43	80	0	0	30120	P1-21-18	0	-
559	71.118490	71.519531	D6	74	80	0	0	30240	P1-22-1	0	-
560	71.423177	71.839844	Bb4	50	80	0	0	30360	P1-22-11	0	-
561	71.436198	72.069010	C6	60	80	0	0	30360	P1-22-2	0	-
562	71.692708	72.199219	Ab4	54	80	0	0	30480	P1-22-12	0	-
563	71.942708	72.628906	C5	65	80	0	0	30600	P1-22-3	0	-
564	71.964844	72.339844	Ab3	38	80	0	0	30600	P1-22-13	0	-
565	72.220052	72.739583	C6	71	80	0	0	30720	P1-22-4	0	-
566	72.509115	72.819010	Ab4	48	80	0	0	30840	P1-22-15	0	-
567	72.513021	73.299479	Bb5	69	80	0	0	30840	P1-22-5	0	-
568	72.790365	73.010417	G4	44	80	0	0	30960	P1-22-16	0	-
569	73.027344	73.598958	Bb4	61	80	0	0	31080	P1-22-6	0	-
570	73.027344	73.500000	G3	44	80	0	0	31080	P1-22-17	0	-
571	73.313802	73.769531	Bb5	70	80	0	0	31200	P1-22-7	0	-
572	73.574219	74.289062	Ab5	72	80	0	0	31320	P1-22-8	0	-
573	73.582031	73.951823	G4	49	80	0	0	31320	P1-22-19	0	-
574	73.863281	74.204427	F4	54	80	0	0	31440	P1-22-20	0	-
575	74.186198	74.709635	A5	63	80	0	0	31560	P1-22-9	0	-
576	74.199219	74.729167	Gb4	38	80	0	0	31560	P1-22-21	0	-
577	74.570312	75.039062	C6	60	80	0	0	31680	P1-23-1	0	-
578	74.912760	75.619792	Bb5	62	80	0	0	31800	P1-23-2	0	-
579	75.204427	75.569010	G4	33	80	0	0	31920	P1-23-17	0	-
580	75.464844	75.919271	Bb4	47	80	0	0	32040	P1-23-3	0	-
581	75.476562	75.574219	G3	30	80	0	0	32040	P1-23-18	0	-
582	75.747396	76.033854	Bb5	57	80	0	0	32160	P1-23-4	0	-
583	76.026042	77.119792	Ab5	51	80	0	0	32280	P1-23-5	0	-
584	76.041667	76.286458	G4	33	80	0	0	32280	P1-23-20	0	-
585	76.048177	76.059896	G3	28	80	0	0	32280	*	3	-
586	76.335938	76.401042	F4	35	80	0	0	32400	P1-23-21	0	-
587	76.613281	76.889323	F4	31	80	0	0	32520	*	3	-
588	76.621094	76.809896	F3	35	80	0	0	32520	P1-23-22	0	-
589	76.622396	76.789062	Ab4	38	80	0	0	32520	P1-23-6	0	-
590	77.049479	77.468750	G5	56	80	0	0	32640	P1-23-7	0	-
591	77.057292	77.264323	G3	35	80	0	0	32640	P1-23-23	0	-
592	77.078125	77.519531	Bb4	36	80	0	0	32640	P1-23-13	0	-
593	77.412760	77.496094	Ab3	42	80	0	0	32760	P1-23-25	0	-
594	77.421875	77.750000	F5	62	80	0	0	32760	P1-23-8	0	-
595	77.425781	77.569010	D4	42	80	0	0	32760	P1-23-26	0	-
596	77.713542	78.015625	G5	74	80	0	0	32880	P1-23-9	0	-
597	77.744792	77.979167	G3	42	80	0	0	32880	P1-23-27	0	-
598	77.755208	77.979167	Eb4	44	80	0	0	32880	P1-23-28	0	-
599	77.765625	78.098958	Bb4	47	80	0	0	32880	P1-23-14	0	-
600	77.992188	78.438802	F5	67	80	0	0	33000	P1-23-10	0	-
601	78.015625	78.250000	D4	43	80	0	0	33000	P1-23-30	0	-
602	78.018229	78.139323	Ab3	41	80	0	0	33000	P1-23-29	0	-
603	78.334635	79.789062	G5	79	80	0	0	33120	P1-24-2	0	-
604	78.345052	79.679688	Eb4	53	80	0	0	33120	P1-24-14	0	-
605	78.376302	79.149740	Bb4	47	80	0	0	33120	P1-24-1	0	-
606	78.381510	79.729167	G3	43	80	0	0	33120	P1-24-13	0	-
607	79.582031	80.489583	F5	69	80	0	0	33600	P1-24-4	0	-
608	79.584635	80.459635	D4	51	80	0	0	33600	P1-24-16	0	-
609	79.597656	80.669271	Ab3	49	80	0	0	33600	P1-24-15	0	-
610	79.602865	80.250000	Bb4	60	80	0	0	33600	P1-24-3	0	-
611	80.903646	81.438802	Eb4	69	80	0	0	34080	P1-24-18	0	-
612	80.903646	81.330729	Bb5	85	80	0	0	34080	P1-24-6	0	-
613	80.933594	81.389323	G3	57	80	0	0	34080	P1-24-17	0	-
614	80.934896	81.339844	Bb4	63	80	0	0	34080	P1-24-5	0	-
615	81.291667	81.579427	F3	69	80	0	0	34200	P1-24-19	0	-
616	81.291667	81.658854	A5	81	80	0	0	34200	P1-24-8	0	-
617	81.294271	81.669271	Eb5	76	80	0	0	34200	P1-24-7	0	-
618	81.294271	81.628906	C4	63	80	0	0	34200	P1-24-20	0	-
619	81.574219	81.869792	Bb5	87	80	0	0	34320	P1-24-10	0	-
620	81.580729	82.039062	Eb4	74	80	0	0	34320	P1-24-22	0	-
621	81.580729	81.867188	G3	69	80	0	0	34320	P1-24-21	0	-
622	81.582031	81.859375	Bb4	81	80	0	0	34320	P1-24-9	0	-
623	81.843750	82.279948	C4	72	80	0	0	34440	P1-24-24	0	-
624	81.843750	82.209635	A5	86	80	0	0	34440	P1-24-12	0	-
625	81.845052	82.128906	F3	75	80	0	0	34440	P1-24-23	0	-
626	81.845052	82.009115	Eb5	85	80	0	0	34440	P1-24-11	0	-
627	82.334635	84.289062	Bb5	89	80	0	0	34560	P1-25-8	0	-
628	82.335938	83.569010	Bb4	81	80	0	0	34560	P1-25-6	0	-
629	82.335938	83.089844	Eb4	82	80	0	0	34560	P1-25-18	0	-
630	82.338542	84.239583	Eb5	85	80	0	0	34560	P1-25-7	0	-
631	82.343750	83.229167	G3	81	80	0	0	34560	P1-25-16	0	-
632	82.343750	83.149740	Bb3	80	80	0	0	34560	P1-25-17	0	-
633	84.070312	84.289062	F3	26	80	0	0	35040	P1-25-42	0	-
634	84.175781	84.264323	G3	43	80	0	0	35070	P1-25-20	0	-
635	84.303385	84.419271	F3	38	80	0	0	35100	P1-25-43	0	-
636	84.307292	85.919271	Eb5	52	80	0	0	35100	P1-25-10	0	-
637	84.412760	84.467448	G3	52	80	0	0	35130	P1-25-21	0	-
638	84.515625	86.109375	C6	69	80	0	0	35160	P1-25-3	0	-
639	84.536458	84.654948	F3	43	80	0	0	35160	P1-25-44	0	-
640	84.598958	84.662760	G3	54	80	0	0	35190	P1-25-23	0	-
641	84.716146	84.768229	F3	40	80	0	0	35220	P1-25-45	0	-
642	84.807292	84.863281	G3	52	80	0	0	35250	P1-25-24	0	-
643	84.885417	85.039062	F3	54	80	0	0	35280	P1-25-46	0	-
644	84.973958	85.169271	G3	49	80	0	0	35310	*	3	-
645	85.180990	85.210938	G3	44	80	0	0	35310	P1-25-26	0	-
646	85.252604	85.299479	F3	42	80	0	0	35340	P1-25-59	0	-
647	85.308594	85.372396	G3	55	80	0	0	35360	P1-25-28	0	-
648	85.444010	85.484375	F3	35	80	0	0	35460	P1-25-48	0	-
649	85.524740	85.658854	G3	50	80	0	0	35550	P1-25-31	1	-
650	85.617188	85.750000	F3	45	80	0	0	35610	P1-25-32	0	-
651	85.744792	85.924479	Eb3	70	80	0	0	35640	P1-25-51	0	-
652	85.955729	86.027344	F3	51	80	0	0	35670	P1-25-34	0	-
653	86.062500	86.114583	Eb3	54	80	0	0	35700	P1-25-52	0	-
654	86.121094	86.183594	A4	61	80	0	0	35760	P1-25-13	0	-
655	86.149740	86.204427	F3	61	80	0	0	35790	P1-25-37	0	-
656	86.225260	86.459635	Eb3	56	80	0	0	35820	P1-25-62	0	-
657	86.231771	87.250000	F5	70	80	0	0	35820	P1-25-14	0	-
658	86.329427	87.468750	C6	85	80	0	0	35880	P1-25-15	0	-
659	86.354167	86.500000	F3	65	80	0	0	35940	P1-25-55	1	-
660	86.513021	86.585938	F3	56	80	0	0	36000	P1-26-52	1	-
661	86.625000	86.729167	Eb3	61	80	0	0	36030	P1-26-20	0	-
662	86.733073	86.856771	F3	61	80	0	0	36060	P1-26-53	1	-
663	86.770833	86.908854	Eb3	61	80	0	0	36090	P1-26-21	0	-
664	86.901042	87.054688	D3	65	80	0	0	36120	P1-26-54	0	-
665	87.058594	87.209635	Eb3	62	80	0	0	36150	P1-26-23	0	-
666	87.214844	87.319010	Eb3	55	80	0	0	36210	P1-26-24	0	-
667	87.317708	87.395833	Bb4	73	80	0	0	36240	P1-26-7	0	-
668	87.404948	88.109375	F5	80	80	0	0	36300	P1-26-8	0	-
669	87.404948	87.539062	D3	60	80	0	0	36300	P1-26-75	0	-
670	87.484375	87.533854	Eb3	58	80	0	0	36320	P1-26-28	0	-
671	87.533854	88.158854	D6	92	80	0	0	36360	P1-26-9	0	-
672	87.544271	87.647135	D3	72	80	0	0	36420	P1-26-58	0	-
673	87.653646	87.726562	Eb3	77	80	0	0	36480	P1-26-59	1	-
674	87.764323	87.822917	D3	65	80	0	0	36510	P1-26-31	0	-
675	87.834635	87.894531	Eb3	72	80	0	0	36540	P1-26-60	1	-
676	87.895833	88.005208	D3	86	80	0	0	36570	P1-26-32	0	-
677	88.022135	88.152344	C3	86	80	0	0	36600	P1-26-61	0	-
678	88.164062	88.255208	D3	76	80	0	0	36630	P1-26-34	0	-
679	88.272135	88.408854	C3	69	80	0	0	36660	P1-26-62	0	-
680	88.373698	88.432292	C5	65	80	0	0	36720	P1-26-12	0	-
681	88.378906	88.649740	F#5	69	80	0	0	36720	*	3	-
682	88.444010	88.718750	F5	71	80	0	0	36780	P1-26-13	0	-
683	88.476562	88.569010	C3	60	80	0	0	36780	P1-26-78	0	-
684	88.582031	88.664062	D3	63	80	0	0	36800	P1-26-39	0	-
685	88.623698	89.489583	Eb6	98	80	0	0	36840	P1-26-14	0	-
686	88.673177	88.769531	C3	79	80	0	0	36900	P1-26-65	0	-
687	88.774740	88.929688	D3	81	80	0	0	36960	P1-26-66	1	-
688	88.864583	88.979167	C3	69	80	0	0	36990	P1-26-42	0	-
689	88.937500	88.996094	D3	71	80	0	0	37020	P1-26-67	1	-
690	88.993490	89.114583	C3	75	80	0	0	37050	P1-26-43	0	-
691	89.098958	89.234375	Bb2	82	80	0	0	37080	P1-26-68	0	-
692	89.233073	89.329427	C3	77	80	0	0	37110	P1-26-45	0	-
693	89.333333	89.423177	Bb2	82	80	0	0	37140	P1-26-69	0	-
694	89.436198	89.524740	C3	76	80	0	0	37170	P1-26-46	0	-
695	89.475260	89.570312	D5	73	80	0	0	37200	P1-26-17	0	-
696	89.523438	89.718750	Bb2	70	80	0	0	37200	P1-26-70	0	-
697	89.562500	89.729167	F5	84	80	0	0	37200	*	3	-
698	89.639323	89.829427	C3	83	80	0	0	37230	P1-26-48	0	-
699	89.733073	89.889323	Bb2	72	80	0	0	37260	P1-26-81	0	-
700	89.837240	89.941406	C3	80	80	0	0	37280	P1-26-50	0	-
701	89.839844	90.829427	F6	105	80	0	0	37320	P1-26-5	0	-
702	89.942708	90.069010	Bb2	79	80	0	0	37380	P1-26-72	0	-
703	90.033854	90.209635	C3	75	80	0	0	37440	P1-27-40	1	-
704	90.075521	90.177083	Bb2	79	80	0	0	37470	P1-27-10	0	-
705	90.184896	90.394531	Ab2	81	80	0	0	37500	P1-27-41	0	-
706	90.401042	90.492188	Bb2	65	80	0	0	37530	P1-27-11	0	-
707	90.505208	90.580729	Ab2	63	80	0	0	37560	P1-27-42	0	-
708	90.596354	90.684896	Bb2	74	80	0	0	37590	P1-27-13	0	-
709	90.703125	90.779948	Ab2	78	80	0	0	37620	P1-27-43	0	-
710	90.747396	91.399740	G6	100	80	0	0	37680	P1-27-5	0	-
711	90.803385	90.888021	Bb2	70	80	0	0	37710	P1-27-16	0	-
712	90.897135	91.003906	Ab2	67	80	0	0	37740	P1-27-45	0	-
713	91.023438	91.188802	Bb2	63	80	0	0	37770	P1-27-17	0	-
714	91.109375	91.183594	Ab2	66	80	0	0	37800	P1-27-46	0	-
715	91.196615	91.369792	Bb2	63	80	0	0	37830	P1-27-19	0	-
716	91.298177	91.429688	Ab2	61	80	0	0	37860	P1-27-47	0	-
717	91.355469	91.908854	Ab6	104	80	0	0	37920	P1-27-6	0	-
718	91.424479	91.500000	Bb2	62	80	0	0	37950	P1-27-22	0	-
719	91.510417	91.572917	Ab2	63	80	0	0	37980	P1-27-49	0	-
720	91.583333	91.657552	Bb2	58	80	0	0	38010	P1-27-23	0	-
721	91.687500	91.794271	Ab2	60	80	0	0	38040	P1-27-50	0	-
722	91.812500	92.139323	Bb2	59	80	0	0	38070	P1-27-25	0	-
723	91.904948	92.079427	Ab2	63	80	0	0	38100	P1-27-51	0	-
724	91.923177	92.759115	A6	104	80	0	0	38160	P1-27-7	0	-
725	92.084635	92.209635	Ab2	52	80	0	0	38220	P1-27-53	0	-
726	92.227865	92.369792	Bb2	54	80	0	0	38250	P1-27-29	0	-
727	92.286458	92.479167	Ab2	54	80	0	0	38280	P1-27-54	0	-
728	92.384115	92.589844	Bb2	71	80	0	0	38310	P1-27-31	0	-
729	92.514323	92.699219	Eb3	46	80	0	0	38340	P1-27-55	1	-
730	92.596354	92.803385	Bb2	63	80	0	0	38370	P1-27-32	0	-
731	92.670573	92.989583	Ab2	64	80	0	0	38400	P1-27-33	0	-
732	92.678385	94.839844	Bb6	108	80	0	0	38400	P1-27-8	0	-
733	92.951823	93.188802	Bb2	51	80	0	0	38400	*	3	-
734	93.002604	93.179688	Ab2	55	80	0	0	38400	*	3	-
735	93.096354	93.384115	G2	86	80	0	0	38520	P1-27-34	0	-
736	93.333333	93.598958	Ab2	85	80	0	0	38580	P1-27-35	0	-
737	93.529948	93.723958	Bb2	91	80	0	0	38640	P1-27-36	0	-
738	93.691406	93.845052	Ab2	80	80	0	0	38700	P1-27-37	0	-
739	93.825521	93.990885	G2	75	80	0	0	38760	P1-27-38	0	-
740	93.962240	94.087240	F2	81	80	0	0	38820	P1-27-39	0	-
741	94.114583	94.369792	Eb2	92	80	0	0	38880	P1-28-11	0	-
742	94.554688	94.816406	Eb3	89	80	0	0	39000	P1-28-12	0	-
743	94.589844	94.813802	G3	56	80	0	0	39000	P1-28-13	0	-
744	94.920573	95.196615	Eb3	93	80	0	0	39120	P1-28-14	0	-
745	94.921875	95.569010	G4	91	80	0	0	39120	P1-28-3	0	-
746	94.924479	95.339844	G3	84	80	0	0	39120	P1-28-15	0	-
747	95.320312	95.536458	D3	85	80	0	0	39240	P1-28-16	0	-
748	95.333333	95.542969	Eb3	83	80	0	0	39240	P1-28-17	0	-
749	95.354167	95.533854	G3	60	80	0	0	39240	P1-28-18	0	-
750	95.662760	95.908854	D3	74	80	0	0	39360	P1-28-19	0	-
751	95.664062	95.813802	G3	64	80	0	0	39360	P1-28-21	0	-
752	95.665365	95.817708	Eb3	75	80	0	0	39360	P1-28-20	0	-
753	95.954427	96.084635	G3	61	80	0	0	39480	P1-28-24	0	-
754	95.963542	96.092448	Eb3	55	80	0	0	39480	P1-28-23	0	-
755	95.972656	96.095052	C3	55	80	0	0	39480	P1-28-22	0	-
756	96.244792	96.335938	C3	59	80	0	0	39600	P1-28-25	0	-
757	96.244792	96.459635	Eb3	54	80	0	0	39600	P1-28-26	0	-
758	96.247396	96.334635	G3	52	80	0	0	39600	P1-28-27	0	-
759	96.464844	97.089844	C3	60	80	0	0	39720	*	3	-
760	96.473958	97.589844	Eb3	64	80	0	0	39720	P1-28-29	0	-
761	96.481771	97.359375	G3	65	80	0	0	39720	P1-28-30	0	-
762	96.486979	96.938802	G4	95	80	0	0	39720	P1-28-6	0	-
763	96.531250	97.019531	Bb2	54	80	0	0	39720	P1-28-28	0	-
764	96.852865	97.209635	Ab4	93	80	0	0	39840	P1-28-7	0	-
765	97.115885	97.509115	Bb4	96	80	0	0	39960	P1-28-8	0	-
766	97.143229	97.302083	Ab2	63	80	0	0	39960	P1-28-34	0	-
767	97.403646	97.688802	C5	96	80	0	0	40080	P1-28-9	0	-
768	97.411458	97.520833	G2	70	80	0	0	40080	P1-28-37	0	-
769	97.412760	97.419271	G1	70	80	0	0	40080	*	3	-
770	97.635417	98.119792	D5	105	80	0	0	40200	P1-28-10	0	-
771	97.658854	98.218750	Eb3	69	80	0	0	40200	P1-28-41	0	-
772	97.664062	97.765625	G2	69	80	0	0	40200	P1-28-40	0	-
773	97.904948	99.609375	G2	80	80	0	0	40320	P1-29-10	0	-
774	98.010417	99.348958	Eb5	104	80	0	0	40320	P1-29-1	0	-
775	98.454427	98.697917	Eb3	86	80	0	0	40440	P1-29-11	0	-
776	98.457031	98.695312	G3	78	80	0	0	40440	P1-29-12	0	-
777	98.821615	99.042969	Eb3	86	80	0	0	40560	P1-29-13	0	-
778	98.824219	99.033854	G3	73	80	0	0	40560	P1-29-14	0	-
779	99.161458	99.169271	D3	78	80	0	0	40680	P1-29-15	0	-
780	99.167969	99.291667	G3	65	80	0	0	40680	P1-29-17	0	-
781	99.170573	99.294271	Eb3	79	80	0	0	40680	P1-29-16	0	-
782	99.433594	99.709635	D3	82	80	0	0	40800	P1-29-18	0	-
783	99.440104	99.575521	Eb3	80	80	0	0	40800	P1-29-19	0	-
784	99.440104	99.569010	G3	65	80	0	0	40800	P1-29-20	0	-
785	99.712240	99.833333	Eb3	71	80	0	0	40920	P1-29-22	0	-
786	99.713542	99.829427	G3	67	80	0	0	40920	P1-29-23	0	-
787	99.714844	99.830729	C3	72	80	0	0	40920	P1-29-21	0	-
788	99.718750	99.968750	D3	71	80	0	0	40920	*	3	-
789	99.962240	100.054688	G3	61	80	0	0	41040	P1-29-26	0	-
790	99.962240	100.250000	C3	64	80	0	0	41040	P1-29-24	0	-
791	99.963542	100.062500	Eb3	67	80	0	0	41040	P1-29-25	0	-
792	100.162760	100.522135	D5	95	80	0	0	41160	P1-29-5	0	-
793	100.200521	100.354167	Bb2	69	80	0	0	41160	P1-29-27	0	-
794	100.203125	100.342448	G3	67	80	0	0	41160	P1-29-29	0	-
795	100.204427	100.459635	Eb3	68	80	0	0	41160	P1-29-28	0	-
796	100.463542	100.848958	Eb5	96	80	0	0	41280	P1-29-6	0	-
797	100.466146	100.595052	Eb3	72	80	0	0	41280	P1-29-31	0	-
798	100.466146	100.592448	G3	70	80	0	0	41280	P1-29-32	0	-
799	100.467448	100.889323	Bb2	71	80	0	0	41280	P1-29-30	0	-
800	100.723958	101.024740	F5	89	80	0	0	41400	P1-29-7	0	-
801	100.726562	100.919271	Eb3	72	80	0	0	41400	P1-29-34	0	-
802	100.727865	100.863281	Ab2	74	80	0	0	41400	P1-29-33	0	-
803	100.729167	100.839844	G2	76	80	0	0	41400	*	3	-
804	100.984375	101.339844	G5	96	80	0	0	41520	P1-29-8	0	-
805	100.984375	101.093750	G2	70	80	0	0	41520	P1-29-36	0	-
806	100.986979	101.779948	Eb3	71	80	0	0	41520	P1-29-37	0	-
807	101.226562	101.319010	G2	70	80	0	0	41640	P1-29-39	0	-
808	101.227865	101.729167	Ab5	103	80	0	0	41640	P1-29-9	0	-
809	101.231771	101.804688	G3	70	80	0	0	41640	P1-29-41	0	-
810	101.436198	102.339844	G2	71	80	0	0	41760	P1-30-10	0	-
811	101.605469	102.500000	Bb5	104	80	0	0	41760	P1-30-1	0	-
812	101.984375	102.196615	Eb3	82	80	0	0	41880	P1-30-11	0	-
813	101.996094	102.329427	G3	72	80	0	0	41880	P1-30-12	0	-
814	102.324219	103.449219	Eb5	92	80	0	0	42000	P1-30-2	0	-
815	102.333333	102.649740	Eb3	70	80	0	0	42000	P1-30-13	0	-
816	102.343750	102.569010	G3	64	80	0	0	42000	P1-30-14	0	-
817	102.652344	102.809896	D3	76	80	0	0	42120	P1-30-15	0	-
818	102.656250	102.805990	G3	58	80	0	0	42120	P1-30-17	0	-
819	102.656250	102.813802	Eb3	78	80	0	0	42120	P1-30-16	0	-
820	102.924479	103.074219	G3	57	80	0	0	42240	P1-30-20	0	-
821	102.924479	103.209635	D3	73	80	0	0	42240	P1-30-18	0	-
822	102.928385	103.083333	Eb3	73	80	0	0	42240	P1-30-19	0	-
823	103.197917	103.345052	G3	68	80	0	0	42360	P1-30-23	0	-
824	103.203125	103.345052	Eb3	65	80	0	0	42360	P1-30-22	0	-
825	103.204427	103.378906	C3	60	80	0	0	42360	P1-30-21	0	-
826	103.460938	103.709635	G3	62	80	0	0	42480	P1-30-26	0	-
827	103.463542	103.709635	Eb3	57	80	0	0	42480	P1-30-25	0	-
828	103.463542	103.829427	C3	56	80	0	0	42480	P1-30-24	0	-
829	103.705729	104.089844	Eb6	89	80	0	0	42600	P1-30-5	0	-
830	103.721354	103.949219	G3	53	80	0	0	42600	P1-30-29	0	-
831	103.723958	104.019531	Eb3	60	80	0	0	42600	P1-30-28	0	-
832	103.725260	104.019531	Bb2	58	80	0	0	42600	P1-30-27	0	-
833	104.018229	104.359375	F6	94	80	0	0	42720	P1-30-6	0	-
834	104.024740	104.299479	Eb3	57	80	0	0	42720	P1-30-31	0	-
835	104.032552	104.299479	G3	64	80	0	0	42720	P1-30-32	0	-
836	104.033854	104.289062	Bb2	58	80	0	0	42720	P1-30-30	0	-
837	104.298177	104.819010	G6	94	80	0	0	42840	P1-30-7	0	-
838	104.303385	105.089844	Bb2	62	80	0	0	42840	P1-30-33	1	-
839	104.304688	104.589844	Eb3	64	80	0	0	42840	P1-30-34	0	-
840	104.305990	104.819010	G3	58	80	0	0	42840	P1-30-35	0	-
841	104.593750	104.968750	Ab6	95	80	0	0	42960	P1-30-8	0	-
842	104.595052	105.319010	Eb3	69	80	0	0	42960	P1-30-37	0	-
843	104.604167	105.039062	G#2	70	80	0	0	42960	P1-30-36	1	-
844	104.955729	105.500000	G2	61	80	0	0	43080	P1-30-39	0	-
845	104.955729	105.979167	Bb6	96	80	0	0	43080	P1-30-9	0	-
846	104.966146	105.519531	G3	57	80	0	0	43080	P1-30-41	0	-
847	105.548177	106.468750	C7	102	80	0	0	43200	P1-31-1	0	-
848	105.565104	106.718750	Ab2	62	80	0	0	43200	P1-31-9	0	-
849	105.566406	106.729167	Eb3	66	80	0	0	43200	P1-31-10	0	-
850	105.571615	106.500000	F3	57	80	0	0	43200	P1-31-11	0	-
851	107.854167	108.598958	F4	45	80	0	0	44040	P1-31-4	0	-
852	107.886719	108.218750	A2	27	80	0	0	44040	P1-31-14	0	-
853	107.893229	108.079427	F3	24	80	0	0	44040	P1-31-16	0	-
854	107.894531	108.039062	Eb3	25	80	0	0	44040	P1-31-15	0	-
855	108.213542	108.639323	Bb4	53	80	0	0	44160	P1-31-6	0	-
856	108.239583	108.579427	F3	31	80	0	0	44160	P1-31-19	0	-
857	108.244792	108.579427	Bb2	33	80	0	0	44160	P1-31-17	0	-
858	108.270833	108.513021	D3	30	80	0	0	44160	P1-31-18	0	-
859	109.264323	109.769531	Bb4	61	80	0	0	44520	P1-31-8	0	-
860	109.269531	109.479167	F3	35	80	0	0	44520	P1-31-7	1	-
861	109.270833	109.679688	Bb2	35	80	0	0	44520	P1-31-20	0	-
862	109.287760	109.628906	Bb3	34	80	0	0	44520	*	3	-
863	109.307292	109.649740	D3	35	80	0	0	44520	P1-31-21	0	-
864	109.653646	111.139323	A4	60	80	0	0	44640	P1-32-2	0	-
865	109.694010	110.209635	F3	33	80	0	0	44640	P1-32-1	1	-
866	109.695312	111.149740	Eb3	35	80	0	0	44640	P1-32-10	0	-
867	109.697917	111.069010	C3	32	80	0	0	44640	P1-32-9	0	-
868	110.958333	112.429688	Ab4	46	80	0	0	45120	P1-32-4	0	-
869	110.976562	112.549479	F4	40	80	0	0	45120	P1-32-3	0	-
870	110.981771	112.479167	Cb4	39	80	0	0	45120	P1-32-12	0	-
871	110.983073	111.908854	D3	34	80	0	0	45120	P1-32-11	0	-
872	112.444010	112.554688	G4	33	80	0	0	45600	P1-32-5	0	-
873	112.450521	112.569010	Bb3	32	80	0	0	45600	P1-32-14	0	-
874	112.451823	112.567708	Eb3	31	80	0	0	45600	P1-32-13	0	-
875	112.934896	113.321615	Eb6	60	80	0	0	45720	P1-32-6	0	-
876	112.966146	113.363281	G4	35	80	0	0	45720	P1-32-16	0	-
877	112.975260	113.329427	Eb5	32	80	0	0	45720	*	3	-
878	112.980469	113.569010	Eb4	30	80	0	0	45720	P1-32-15	0	-
879	113.276042	113.968750	D6	65	80	0	0	45840	P1-32-7	0	-
880	113.282552	113.289062	F3	44	80	0	0	45840	*	3	-
881	113.291667	113.628906	Ab4	53	80	0	0	45840	P1-32-18	0	-
882	113.294271	113.959635	F4	45	80	0	0	45840	P1-32-17	0	-
883	113.565104	113.829427	Db6	64	80	0	0	45960	P1-32-8	0	-
884	113.572917	114.029948	G4	54	80	0	0	45960	P1-32-19	0	-
885	113.574219	114.009115	Bb4	64	80	0	0	45960	P1-32-20	0	-
886	113.934896	114.136719	C6	64	80	0	0	46080	P1-33-1	0	-
887	113.941406	115.109375	Ab4	50	80	0	0	46080	P1-33-21	0	-
888	113.942708	114.729167	C5	57	80	0	0	46080	P1-33-22	0	-
889	114.122396	114.300781	Bb5	64	80	0	0	46140	P1-33-2	0	-
890	114.264323	114.529948	Ab5	68	80	0	0	46200	P1-33-3	0	-
891	114.419271	114.574219	G5	69	80	0	0	46260	P1-33-4	0	-
892	114.558594	114.723958	Gb5	69	80	0	0	46320	P1-33-5	0	-
893	114.704427	114.886719	F5	67	80	0	0	46380	P1-33-6	0	-
894	114.869792	115.022135	E5	66	80	0	0	46440	P1-33-7	0	-
895	115.001302	115.194010	Eb5	76	80	0	0	46500	P1-33-8	0	-
896	115.166667	115.325521	D5	71	80	0	0	46560	P1-33-9	0	-
897	115.304688	115.569010	Db5	72	80	0	0	46620	P1-33-10	0	-
898	115.477865	115.613281	C5	70	80	0	0	46680	P1-33-11	0	-
899	115.643229	115.794271	Cb5	59	80	0	0	46740	P1-33-12	0	-
900	115.785156	115.980469	Bb4	65	80	0	0	46800	P1-33-13	0	-
901	115.962240	116.125000	Ab4	55	80	0	0	46860	P1-33-14	0	-
902	116.162760	117.369792	F3	38	80	0	0	46920	P1-33-27	0	-
903	116.165365	116.307292	G4	51	80	0	0	46920	P1-33-15	0	-
904	116.174479	116.329427	A2	33	80	0	0	46920	P1-33-25	0	-
905	116.350260	116.750000	F4	45	80	0	0	46980	P1-33-16	0	-
906	116.695312	117.399740	Bb4	40	80	0	0	47040	P1-33-18	0	-
907	116.720052	117.229167	D4	29	80	0	0	47040	P1-33-17	0	-
908	116.722656	117.378906	Bb2	28	80	0	0	47040	P1-33-28	0	-
909	117.996094	118.339844	Bb4	58	80	0	0	47400	P1-33-20	0	-
910	118.044271	118.529948	Bb2	29	80	0	0	47400	P1-33-30	0	-
911	118.045573	118.459635	D4	29	80	0	0	47400	P1-33-19	0	-
912	118.062500	118.619792	Ab3	29	80	0	0	47400	P1-33-31	0	-
913	118.485677	119.259115	Bb4	58	80	0	0	47520	P1-34-1	0	-
914	118.544271	119.299479	G3	31	80	0	0	47520	P1-34-21	0	-
915	118.554688	120.908854	Eb4	34	80	0	0	47520	P1-34-4	0	-
916	118.555990	119.968750	Eb3	33	80	0	0	47520	P1-34-30	0	-
917	119.173177	119.639323	C5	63	80	0	0	47760	P1-34-6	0	-
918	119.174479	119.628906	Ab3	35	80	0	0	47760	P1-34-22	0	-
919	119.490885	119.929688	Bb4	67	80	0	0	47880	P1-34-8	0	-
920	119.494792	120.589844	G3	36	80	0	0	47880	P1-34-23	0	-
921	119.794271	120.419271	Ab4	63	80	0	0	48000	P1-34-10	0	-
922	119.832031	120.449219	F3	35	80	0	0	48000	P1-34-24	0	-
923	120.110677	120.489583	G4	53	80	0	0	48120	P1-34-12	0	-
924	120.113281	120.459635	Eb3	44	80	0	0	48120	P1-34-25	0	-
925	120.390625	120.848958	F4	60	80	0	0	48240	P1-34-14	0	-
926	120.436198	120.750000	D3	35	80	0	0	48240	P1-34-26	0	-
927	120.684896	121.128906	G4	62	80	0	0	48360	P1-34-16	0	-
928	120.714844	121.789062	Eb3	38	80	0	0	48360	P1-34-27	0	-
929	121.048177	122.299479	Ab4	54	80	0	0	48480	P1-34-3	0	-
930	121.105469	121.809896	F3	36	80	0	0	48480	P1-34-29	0	-
931	121.122396	122.188802	Bb2	35	80	0	0	48480	P1-34-28	0	-
932	121.454427	122.139323	C4	32	80	0	0	48600	P1-34-18	0	-
933	121.747396	122.169271	Eb4	40	80	0	0	48720	P1-34-19	0	-
934	122.085938	122.468750	D4	36	80	0	0	48840	P1-34-20	0	-
935	122.493490	123.419271	G4	49	80	0	0	48960	P1-35-5	0	-
936	122.494792	123.378906	Eb4	38	80	0	0	48960	P1-35-4	0	-
937	122.545573	123.878906	Eb2	34	80	0	0	48960	P1-35-23	0	-
938	122.923177	123.348958	Bb3	54	80	0	0	49080	P1-35-6	0	-
939	122.954427	123.468750	G2	37	80	0	0	49080	P1-35-25	0	-
940	122.957031	122.968750	G1	35	80	0	0	49080	P1-35-24	1	-
941	123.274740	124.658854	C4	55	80	0	0	49200	P1-35-7	0	-
942	123.283854	123.598958	Ab2	39	80	0	0	49200	P1-35-27	0	-
943	123.557292	124.049479	G2	47	80	0	0	49320	P1-35-29	0	-
944	123.563802	125.179688	Bb3	67	80	0	0	49320	P1-35-8	0	-
945	123.864583	124.239583	F2	47	80	0	0	49440	P1-35-31	0	-
946	123.865885	124.179688	Ab3	62	80	0	0	49440	P1-35-9	0	-
947	124.134115	124.489583	Eb2	53	80	0	0	49560	P1-35-32	0	-
948	124.147135	124.579427	G3	59	80	0	0	49560	P1-35-10	0	-
949	124.430990	124.438802	D3	51	80	0	0	49680	*	3	-
950	124.433594	125.149740	D2	53	80	0	0	49680	P1-35-33	0	-
951	124.434896	124.809896	F3	57	80	0	0	49680	P1-35-11	0	-
952	124.743490	125.188802	Eb2	52	80	0	0	49800	P1-35-34	0	-
953	124.744792	125.279948	G3	63	80	0	0	49800	P1-35-12	0	-
954	125.140625	126.309896	Ab3	53	80	0	0	49920	P1-35-13	0	-
955	125.154948	126.419271	Bb1	42	80	0	0	49920	P1-35-35	0	-
956	125.158854	125.739583	Eb4	46	80	0	0	49920	P1-35-3	0	-
957	125.162760	126.299479	Bb2	43	80	0	0	49920	P1-35-36	1	-
958	125.536458	126.218750	C4	50	80	0	0	50040	P1-35-15	0	-
959	125.832031	126.348958	Eb4	50	80	0	0	50160	P1-35-17	0	-
960	126.104167	126.549479	D4	58	80	0	0	50280	P1-35-19	0	-
961	126.449219	127.089844	F4	58	80	0	0	50400	P1-36-16	0	-
962	126.480469	127.239583	Eb2	43	80	0	0	50400	P1-36-19	0	-
963	126.485677	127.449219	G3	41	80	0	0	50400	P1-36-1	0	-
964	126.850260	127.309896	D4	48	80	0	0	50520	P1-36-3	0	-
965	127.153646	127.789062	F4	60	80	0	0	50640	P1-36-5	0	-
966	127.424479	128.089844	Eb4	56	80	0	0	50760	P1-36-7	0	-
967	127.753906	128.128906	Ab4	50	80	0	0	50880	P1-36-8	0	-
968	127.766927	130.000000	Eb3	46	80	0	0	50880	P1-36-24	0	-
969	127.772135	130.169271	Bb2	48	80	0	0	50880	P1-36-23	0	-
970	127.773438	130.179688	Eb2	45	80	0	0	50880	P1-36-21	0	-
971	127.776042	129.750000	G2	40	80	0	0	50880	P1-36-22	0	-
972	128.078125	128.384115	F4	50	80	0	0	51000	P1-36-9	0	-
973	128.365885	128.739583	Ab4	48	80	0	0	51120	P1-36-10	0	-
974	128.627604	128.998698	G4	50	80	0	0	51240	P1-36-11	0	-
975	128.942708	129.339844	C5	54	80	0	0	51360	P1-36-12	0	-
976	129.234375	129.579427	A4	52	80	0	0	51480	P1-36-13	0	-
977	129.532552	129.929688	C5	57	80	0	0	51600	P1-36-14	0	-
978	129.790365	130.289062	Bb4	58	80	0	0	51720	P1-36-15	0	-
979	130.092448	130.479167	F5	55	80	0	0	51840	P1-37-1	0	-
980	130.364583	130.694010	D5	62	80	0	0	51960	P1-37-2	0	-
981	130.677083	131.269531	F5	51	80	0	0	52080	P1-37-3	0	-
982	130.930990	131.369792	Eb5	57	80	0	0	52200	P1-37-4	0	-
983	131.257812	132.089844	Eb4	40	80	0	0	52320	P1-37-20	0	-
984	131.263021	132.039062	Bb3	43	80	0	0	52320	P1-37-19	0	-
985	131.264323	131.829427	Ab5	60	80	0	0	52320	P1-37-5	0	-
986	131.272135	132.139323	G3	40	80	0	0	52320	P1-37-18	0	-
987	131.274740	132.158854	Eb3	42	80	0	0	52320	P1-37-17	0	-
988	131.567708	132.039062	F5	56	80	0	0	52440	P1-37-6	0	-
989	131.843750	132.115885	Ab5	62	80	0	0	52560	P1-37-7	0	-
990	132.117188	132.539062	G5	60	80	0	0	52680	P1-37-8	0	-
991	132.423177	133.319010	G3	36	80	0	0	52800	P1-37-22	0	-
992	132.428385	133.408854	Bb3	38	80	0	0	52800	P1-37-23	0	-
993	132.433594	132.899740	C6	59	80	0	0	52800	P1-37-9	0	-
994	132.442708	133.319010	Eb4	35	80	0	0	52800	P1-37-24	0	-
995	132.454427	133.229167	Eb3	37	80	0	0	52800	P1-37-21	0	-
996	132.756510	133.309896	A5	57	80	0	0	52920	P1-37-10	0	-
997	133.058594	133.769531	C6	61	80	0	0	53040	P1-37-11	0	-
998	133.338542	137.500000	Bb5	66	80	0	0	53160	P1-37-12	0	-
999	133.856771	137.500000	Eb6	70	80	0	0	53280	P1-38-1	0	-
1000	133.895833	134.429688	Eb4	32	80	0	0	53280	P1-38-8	0	-
1001	133.916667	134.509115	Bb3	33	80	0	0	53280	P1-38-7	0	-
1002	133.917969	134.438802	G3	28	80	0	0	53280	P1-38-6	0	-
1003	135.167969	136.218750	Eb2	24	80	0	0	53760	P1-38-9	0	-
1004	136.544271	138.299479	Eb5	39	80	0	0	54240	P1-38-4	0	-
1005	136.597656	137.339844	Eb3	23	80	0	0	54240	P1-38-10	0	-
1006	138.242188	141.869792	Db6	48	80	0	0	54720	P1-39-1	0	-
1007	138.283854	142.378906	Db2	28	80	0	0	54720	P1-39-5	0	-
1008	139.447917	141.579427	Db3	32	80	0	0	55200	P1-39-6	0	-
1009	140.815104	141.729167	Db5	48	80	0	0	55680	P1-39-4	0	-
1010	142.404948	145.199219	C6	61	80	0	0	56160	P1-40-2	0	-
1011	142.447917	144.929688	C5	38	80	0	0	56160	P1-40-1	0	-
1012	142.458333	142.617188	C2	29	80	0	0	56160	P1-40-6	0	-
1013	142.953125	143.095052	F3	21	80	0	0	56280	P1-40-8	0	-
1014	143.014323	143.093750	Ab3	33	80	0	0	56280	P1-40-9	0	-
1015	143.325521	143.403646	F3	30	80	0	0	56400	P1-40-10	0	-
1016	143.337240	143.403646	Ab3	33	80	0	0	56400	P1-40-11	0	-
1017	143.610677	143.839844	F3	35	80	0	0	56520	P1-40-12	0	-
1018	143.611979	143.750000	Ab3	32	80	0	0	56520	P1-40-13	0	-
1019	143.837240	144.679688	C3	32	80	0	0	56640	P1-40-14	0	-
1020	144.121094	144.188802	F3	33	80	0	0	56760	P1-40-15	0	-
1021	144.121094	144.183594	Ab3	35	80	0	0	56760	P1-40-16	0	-
1022	144.339844	144.989583	Ab5	74	80	0	0	56880	P1-40-3	0	-
1023	144.406250	144.539062	Ab3	30	80	0	0	56880	P1-40-18	0	-
1024	144.414062	144.509115	F3	32	80	0	0	56880	P1-40-17	0	-
1025	144.644531	144.989583	F3	35	80	0	0	57000	P1-40-19	0	-
1026	144.979167	145.889323	C3	34	80	0	0	57120	P1-40-21	0	-
1027	144.994792	145.095052	F3	33	80	0	0	57120	*	3	-
1028	145.003906	145.739583	Ab5	80	80	0	0	57120	P1-40-4	0	-
1029	145.312500	145.378906	Ab3	39	80	0	0	57240	P1-40-23	0	-
1030	145.322917	145.385417	F3	38	80	0	0	57240	P1-40-22	0	-
1031	145.574219	145.688802	Ab3	55	80	0	0	57360	P1-40-25	0	-
1032	145.574219	145.638021	F3	40	80	0	0	57360	P1-40-24	0	-
1033	145.833333	146.009115	F3	47	80	0	0	57480	P1-40-26	0	-
1034	145.833333	146.139323	Ab5	92	80	0	0	57480	P1-40-5	0	-
1035	145.834635	146.158854	Ab3	44	80	0	0	57480	P1-40-27	0	-
1036	146.138021	147.369792	Db6	83	80	0	0	57600	P1-41-4	0	-
1037	146.151042	147.209635	Bb5	76	80	0	0	57600	P1-41-3	0	-
1038	146.152344	147.199219	C3	49	80	0	0	57600	P1-41-8	0	-
1039	146.164062	147.128906	E5	57	80	0	0	57600	P1-41-1	0	-
1040	146.169271	147.149740	G5	64	80	0	0	57600	P1-41-2	0	-
1041	146.570312	146.649740	Bb3	47	80	0	0	57720	P1-41-10	0	-
1042	146.593750	146.658854	G3	40	80	0	0	57720	P1-41-9	0	-
1043	146.860677	146.924479	Bb3	45	80	0	0	57840	P1-41-12	0	-
1044	146.863281	146.925781	G3	41	80	0	0	57840	P1-41-11	0	-
1045	147.113281	147.468750	Bb3	42	80	0	0	57960	P1-41-14	0	-
1046	147.113281	147.489583	G3	40	80	0	0	57960	P1-41-13	0	-
1047	147.360677	149.658854	Bb5	84	80	0	0	58080	P1-41-7	0	-
1048	147.382812	149.299479	G5	67	80	0	0	58080	P1-41-6	0	-
1049	147.385417	149.329427	E5	55	80	0	0	58080	P1-41-5	0	-
1050	147.415365	148.309896	C3	41	80	0	0	58080	P1-41-15	0	-
1051	147.701823	147.791667	G3	46	80	0	0	58200	P1-41-16	0	-
1052	147.703125	147.777344	Bb3	52	80	0	0	58200	P1-41-17	0	-
1053	147.972656	148.014323	Bb3	41	80	0	0	58320	P1-41-19	0	-
1054	147.973958	148.027344	G3	42	80	0	0	58320	P1-41-18	0	-
1055	148.195312	148.519531	G3	38	80	0	0	58440	P1-41-20	0	-
1056	148.199219	148.348958	Bb3	39	80	0	0	58440	P1-41-21	0	-
1057	148.445312	148.979167	C3	37	80	0	0	58560	P1-41-22	0	-
1058	148.696615	148.709635	C4	34	80	0	0	58680	*	3	-
1059	148.703125	148.773438	G3	39	80	0	0	58680	P1-41-23	0	-
1060	148.703125	148.772135	Bb3	46	80	0	0	58680	P1-41-24	0	-
1061	148.983073	149.229167	Bb3	44	80	0	0	58800	P1-41-26	0	-
1062	148.983073	149.066406	G3	40	80	0	0	58800	P1-41-25	0	-
1063	148.985677	149.500000	C3	36	80	0	0	58800	*	3	-
1064	149.259115	149.799479	G3	39	80	0	0	58920	P1-41-27	0	-
1065	149.511719	150.628906	C3	42	80	0	0	59040	P1-42-7	0	-
1066	149.670573	152.098958	Bb5	88	80	0	0	59040	P1-42-3	0	-
1067	149.704427	151.149740	G5	59	80	0	0	59040	P1-42-2	0	-
1068	149.712240	151.658854	E5	52	80	0	0	59040	P1-42-1	0	-
1069	150.002604	150.091146	E3	42	80	0	0	59160	P1-42-8	0	-
1070	150.014323	150.289062	G3	39	80	0	0	59160	P1-42-9	0	-
1071	150.294271	150.358073	E3	43	80	0	0	59280	P1-42-10	0	-
1072	150.294271	150.354167	G3	36	80	0	0	59280	P1-42-11	0	-
1073	150.531250	150.809896	G3	43	80	0	0	59400	P1-42-13	0	-
1074	150.533854	150.819010	E3	39	80	0	0	59400	P1-42-12	0	-
1075	150.763021	151.019531	C3	45	80	0	0	59520	P1-42-14	0	-
1076	151.002604	151.096354	G3	39	80	0	0	59640	P1-42-16	0	-
1077	151.014323	151.209635	E3	41	80	0	0	59640	P1-42-15	0	-
1078	151.026042	151.319010	C3	33	80	0	0	59640	*	3	-
1079	151.255208	151.750000	G5	80	80	0	0	59760	P1-42-4	0	-
1080	151.324219	151.384115	E3	40	80	0	0	59760	P1-42-17	0	-
1081	151.330729	151.386719	G3	40	80	0	0	59760	P1-42-18	0	-
1082	151.333333	151.539062	C3	40	80	0	0	59760	*	3	-
1083	151.546875	151.929688	G3	37	80	0	0	59880	P1-42-20	0	-
1084	151.549479	151.989583	E3	39	80	0	0	59880	P1-42-19	0	-
1085	151.553385	151.839844	C3	37	80	0	0	59880	*	3	-
1086	151.834635	152.639323	G5	87	80	0	0	60000	P1-42-5	0	-
1087	151.846354	152.119792	C3	39	80	0	0	60000	P1-42-21	0	-
1088	152.122396	152.203125	E3	46	80	0	0	60120	P1-42-22	0	-
1089	152.131510	152.299479	G3	46	80	0	0	60120	P1-42-23	0	-
1090	152.132812	152.389323	C3	41	80	0	0	60120	*	3	-
1091	152.393229	152.475260	E3	51	80	0	0	60240	P1-42-24	0	-
1092	152.394531	152.470052	G3	46	80	0	0	60240	P1-42-25	0	-
1093	152.395833	152.809896	C3	41	80	0	0	60240	*	3	-
1094	152.645833	153.079427	G5	88	80	0	0	60360	P1-42-6	0	-
1095	152.674479	152.899740	E3	50	80	0	0	60360	P1-42-26	0	-
1096	152.682292	152.829427	G3	46	80	0	0	60360	P1-42-27	0	-
1097	153.015625	154.839844	C6	91	80	0	0	60480	P1-43-4	0	-
1098	153.029948	154.000000	Ab5	87	80	0	0	60480	P1-43-3	0	-
1099	153.033854	153.968750	C5	70	80	0	0	60480	P1-43-1	0	-
1100	153.041667	153.809896	F5	72	80	0	0	60480	P1-43-2	0	-
1101	153.045573	154.029948	C3	57	80	0	0	60480	P1-43-8	0	-
1102	153.425781	153.502604	Ab3	54	80	0	0	60600	P1-43-10	0	-
1103	153.430990	153.501302	F3	46	80	0	0	60600	P1-43-9	0	-
1104	153.683594	153.755208	Ab3	53	80	0	0	60720	P1-43-12	0	-
1105	153.684896	153.760417	F3	49	80	0	0	60720	P1-43-11	0	-
1106	153.930990	154.269531	Ab3	51	80	0	0	60840	P1-43-14	0	-
1107	153.962240	154.169271	F3	43	80	0	0	60840	P1-43-13	0	-
1108	154.161458	156.378906	Ab5	91	80	0	0	60960	P1-43-7	0	-
1109	154.174479	156.339844	F5	70	80	0	0	60960	P1-43-6	0	-
1110	154.182292	156.218750	C5	60	80	0	0	60960	P1-43-5	0	-
1111	154.182292	154.263021	F3	46	80	0	0	60960	*	3	-
1112	154.187500	155.059896	C3	47	80	0	0	60960	P1-43-15	0	-
1113	154.503906	154.598958	F3	40	80	0	0	61080	P1-43-16	0	-
1114	154.505208	154.669271	Ab3	43	80	0	0	61080	P1-43-17	0	-
1115	154.763021	154.825521	F3	40	80	0	0	61200	P1-43-18	0	-
1116	154.765625	154.824219	Ab3	42	80	0	0	61200	P1-43-19	0	-
1117	155.023438	155.199219	F3	38	80	0	0	61320	P1-43-20	0	-
1118	155.023438	155.239583	Ab3	43	80	0	0	61320	P1-43-21	0	-
1119	155.235677	156.438802	C3	41	80	0	0	61440	P1-43-22	0	-
1120	155.501302	155.583333	Ab3	36	80	0	0	61560	P1-43-24	0	-
1121	155.506510	155.584635	F3	35	80	0	0	61560	P1-43-23	0	-
1122	155.822917	155.959635	Ab3	36	80	0	0	61680	P1-43-26	0	-
1123	155.824219	155.979167	F3	35	80	0	0	61680	P1-43-25	0	-
1124	156.196615	156.339844	F3	33	80	0	0	61800	P1-43-27	0	-
1125	156.204427	156.348958	Ab3	37	80	0	0	61800	P1-43-28	0	-
1126	156.725260	157.299479	F2	35	80	0	0	61920	P1-44-7	0	-
1127	156.893229	160.359375	Ab5	75	80	0	0	61920	P1-44-2	0	-
1128	156.934896	158.529948	F5	43	80	0	0	61920	P1-44-1	0	-
1129	156.953125	160.089844	C5	43	80	0	0	61920	P1-44-6	0	-
1130	157.303385	157.494792	C3	37	80	0	0	62040	P1-44-8	0	-
1131	157.524740	157.760417	D3	40	80	0	0	62160	P1-44-9	0	-
1132	157.773438	158.059896	E3	45	80	0	0	62280	P1-44-10	0	-
1133	158.035156	158.319010	F3	46	80	0	0	62400	P1-44-11	0	-
1134	158.283854	158.528646	G3	52	80	0	0	62520	P1-44-12	0	-
1135	158.542969	159.098958	F5	69	80	0	0	62640	P1-44-3	0	-
1136	158.555990	159.139323	Ab3	44	80	0	0	62640	P1-44-13	0	-
1137	158.805990	159.188802	Bb3	51	80	0	0	62760	P1-44-14	0	-
1138	159.111979	159.899740	F5	75	80	0	0	62880	P1-44-4	0	-
1139	159.135417	159.589844	C4	36	80	0	0	62880	P1-44-15	0	-
1140	159.399740	159.699219	Ab3	48	80	0	0	63000	P1-44-16	0	-
1141	159.634115	159.968750	G3	39	80	0	0	63120	P1-44-17	0	-
1142	159.908854	160.459635	F5	71	80	0	0	63240	P1-44-5	0	-
1143	159.954427	160.089844	F3	43	80	0	0	63240	P1-44-18	0	-
1144	160.309896	161.799479	Bb5	79	80	0	0	63360	P1-45-3	0	-
1145	160.335938	161.408854	G5	57	80	0	0	63360	P1-45-2	0	-
1146	160.347656	161.369792	E5	51	80	0	0	63360	P1-45-1	0	-
1147	160.352865	160.709635	C3	48	80	0	0	63360	P1-45-8	0	-
1148	160.354167	161.218750	C5	46	80	0	0	63360	*	3	-
1149	160.729167	160.908854	Cb2	39	80	0	0	63480	P1-45-9	0	-
1150	160.967448	161.419271	C2	45	80	0	0	63600	P1-45-10	0	-
1151	161.216146	161.789062	Cb2	48	80	0	0	63720	P1-45-11	0	-
1152	161.477865	163.419271	G5	77	80	0	0	63840	P1-45-6	0	-
1153	161.493490	163.449219	E5	62	80	0	0	63840	P1-45-5	0	-
1154	161.502604	163.408854	C5	52	80	0	0	63840	*	3	-
1155	161.503906	162.039062	C2	46	80	0	0	63840	P1-45-12	0	-
1156	161.752604	162.149740	E2	52	80	0	0	63960	P1-45-13	0	-
1157	161.994792	162.559896	G2	53	80	0	0	64080	P1-45-14	0	-
1158	162.225260	162.500000	Cb3	56	80	0	0	64200	P1-45-15	0	-
1159	162.510417	162.815104	C3	44	80	0	0	64320	P1-45-16	0	-
1160	162.763021	163.023438	Bb2	48	80	0	0	64440	P1-45-17	0	-
1161	163.005208	163.299479	Ab2	42	80	0	0	64560	P1-45-18	0	-
1162	163.291667	163.769531	G2	45	80	0	0	64680	P1-45-19	0	-
1163	163.654948	164.055990	F2	39	80	0	0	64800	P1-46-7	0	-
1164	163.683594	166.359375	Ab5	78	80	0	0	64800	P1-46-2	0	-
1165	163.723958	165.250000	F5	48	80	0	0	64800	P1-46-1	0	-
1166	163.725260	165.739583	C5	42	80	0	0	64800	P1-46-6	0	-
1167	164.085938	164.509115	C3	40	80	0	0	64920	P1-46-8	0	-
1168	164.359375	164.639323	D3	48	80	0	0	65040	P1-46-9	0	-
1169	164.600260	164.929688	E3	55	80	0	0	65160	P1-46-10	0	-
1170	164.868490	165.095052	F3	48	80	0	0	65280	P1-46-11	0	-
1171	165.119792	165.361979	G3	51	80	0	0	65400	P1-46-12	0	-
1172	165.358073	165.759115	F5	67	80	0	0	65520	P1-46-3	0	-
1173	165.360677	165.899740	Ab3	54	80	0	0	65520	P1-46-13	0	-
1174	165.623698	165.979167	Bb3	52	80	0	0	65640	P1-46-14	0	-
1175	165.940104	166.750000	F5	66	80	0	0	65760	P1-46-4	0	-
1176	165.964844	166.968750	C5	50	80	0	0	65760	*	3	-
1177	165.966146	166.829427	C4	41	80	0	0	65760	P1-46-15	0	-
1178	166.265625	166.628906	Ab3	46	80	0	0	65880	P1-46-16	0	-
1179	166.509115	166.809896	G3	45	80	0	0	66000	P1-46-17	0	-
1180	166.755208	167.348958	F5	69	80	0	0	66120	P1-46-5	0	-
1181	166.802083	167.279948	F3	42	80	0	0	66120	P1-46-18	0	-
1182	167.190104	168.579427	Gb5	73	80	0	0	66240	P1-47-6	0	-
1183	167.217448	168.119792	Db5	56	80	0	0	66240	P1-47-5	0	-
1184	167.217448	167.649740	Eb3	48	80	0	0	66240	P1-47-10	0	-
1185	167.242188	168.158854	Gb4	44	80	0	0	66240	P1-47-4	0	-
1186	167.575521	167.889323	Eb2	41	80	0	0	66360	P1-47-11	0	-
1187	167.852865	168.158854	F2	51	80	0	0	66480	P1-47-12	0	-
1188	168.105469	168.639323	Gb2	58	80	0	0	66600	P1-47-13	0	-
1189	168.411458	170.839844	Eb5	64	80	0	0	66720	P1-47-3	0	-
1190	168.421875	170.468750	C5	56	80	0	0	66720	P1-47-2	0	-
1191	168.423177	169.699219	Gb4	49	80	0	0	66720	P1-47-7	0	-
1192	168.437500	168.539062	Ab2	41	80	0	0	66720	P1-47-14	0	-
1193	168.708333	168.942708	A2	41	80	0	0	66840	P1-47-15	0	-
1194	168.964844	169.250000	Bb2	39	80	0	0	66960	P1-47-16	0	-
1195	169.223958	169.938802	Ab2	35	80	0	0	67080	P1-47-17	0	-
1196	169.592448	169.908854	Gb2	33	80	0	0	67200	P1-47-18	0	-
1197	169.595052	170.419271	Ab4	46	80	0	0	67200	P1-47-8	0	-
1198	169.917969	170.154948	F2	42	80	0	0	67320	P1-47-19	0	-
1199	170.203125	170.649740	Gb4	46	80	0	0	67440	P1-47-9	0	-
1200	170.204427	170.848958	Eb2	40	80	0	0	67440	P1-47-20	0	-
1201	170.457031	171.408854	Ab2	41	80	0	0	67560	P1-47-21	0	-
1202	170.854167	171.479167	Db2	32	80	0	0	67680	P1-48-10	0	-
1203	171.005208	172.919271	F5	62	80	0	0	67680	P1-48-6	0	-
1204	171.010417	172.649740	C#5	54	80	0	0	67680	*	3	-
1205	171.052083	173.098958	F4	41	80	0	0	67680	P1-48-1	0	-
1206	171.424479	172.059896	Db3	37	80	0	0	67800	P1-48-11	0	-
1207	171.682292	171.919271	Eb3	41	80	0	0	67920	P1-48-12	0	-
1208	171.899740	172.209635	F3	42	80	0	0	68040	P1-48-13	0	-
1209	172.161458	173.059896	Gb3	48	80	0	0	68160	P1-48-14	0	-
1210	172.393229	172.709635	Ab3	42	80	0	0	68280	P1-48-15	0	-
1211	172.654948	173.098958	C#5	69	80	0	0	68400	P1-48-3	1	-
1212	172.691406	172.699219	Bb4	39	80	0	0	68400	P1-48-2	1	-
1213	172.692708	173.089844	Bb3	37	80	0	0	68400	P1-48-16	0	-
1214	172.944010	173.105469	Ab3	45	80	0	0	68520	P1-48-17	0	-
1215	173.144531	173.769531	Gb3	44	80	0	0	68640	P1-48-18	0	-
1216	173.270833	173.859375	C#5	72	80	0	0	68640	P1-48-4	1	-
1217	173.315104	173.889323	Ab4	42	80	0	0	68640	P1-48-9	0	-
1218	173.321615	174.098958	F4	46	80	0	0	68640	P1-48-8	0	-
1219	173.485677	173.759115	F3	39	80	0	0	68760	P1-48-19	0	-
1220	173.750000	174.029948	Eb3	44	80	0	0	68880	P1-48-20	0	-
1221	174.007812	174.389323	C#5	74	80	0	0	69000	P1-48-5	1	-
1222	174.033854	174.229167	Db3	42	80	0	0	69000	P1-48-21	0	-
1223	174.386719	177.199219	Gb5	76	80	0	0	69120	P1-49-4	0	-
1224	174.393229	174.968750	G#1	47	80	0	0	69120	*	3	-
1225	174.397135	174.739583	Ab2	44	80	0	0	69120	P1-49-8	0	-
1226	174.397135	175.438802	Eb5	67	80	0	0	69120	P1-49-3	0	-
1227	174.416667	175.519531	Gb4	50	80	0	0	69120	P1-49-1	0	-
1228	174.423177	175.519531	C5	54	80	0	0	69120	P1-49-2	0	-
1229	174.794271	175.149740	G1	36	80	0	0	69240	P1-49-9	0	-
1230	175.055990	175.277344	Ab1	48	80	0	0	69360	P1-49-10	0	-
1231	175.295573	175.839844	G1	46	80	0	0	69480	P1-49-11	0	-
1232	175.565104	177.949219	Eb5	66	80	0	0	69600	P1-49-7	0	-
1233	175.592448	177.679688	C5	54	80	0	0	69600	P1-49-6	0	-
1234	175.595052	177.359375	Gb4	42	80	0	0	69600	P1-49-5	0	-
1235	175.606771	176.079427	Ab1	41	80	0	0	69600	P1-49-12	0	-
1236	175.890625	176.119792	Bb1	41	80	0	0	69720	P1-49-13	0	-
1237	176.115885	176.688802	C2	51	80	0	0	69840	P1-49-14	0	-
1238	176.345052	176.639323	Db2	43	80	0	0	69960	P1-49-15	0	-
1239	176.614583	176.830729	Eb2	44	80	0	0	70080	P1-49-16	0	-
1240	176.865885	177.688802	F2	43	80	0	0	70200	P1-49-17	0	-
1241	177.115885	177.359375	Gb2	39	80	0	0	70320	P1-49-18	0	-
1242	177.381510	177.989583	Ab2	35	80	0	0	70440	P1-49-19	0	-
1243	177.752604	178.195312	Db2	32	80	0	0	70560	P1-50-9	0	-
1244	177.875000	180.679688	F5	73	80	0	0	70560	P1-50-1	0	-
1245	177.914062	179.628906	C5	51	80	0	0	70560	P1-50-6	0	-
1246	177.915365	181.029948	F4	43	80	0	0	70560	P1-50-5	0	-
1247	178.212240	178.454427	A2	39	80	0	0	70680	P1-50-10	0	-
1248	178.484375	178.671875	Bb2	42	80	0	0	70800	P1-50-11	0	-
1249	178.714844	179.000000	A2	35	80	0	0	70920	P1-50-12	0	-
1250	179.010417	179.289062	Bb2	42	80	0	0	71040	P1-50-13	0	-
1251	179.292969	179.539062	C3	45	80	0	0	71160	P1-50-14	0	-
1252	179.492188	179.559896	Bb2	34	80	0	0	71160	*	3	-
1253	179.532552	179.938802	Db5	68	80	0	0	71280	P1-50-2	0	-
1254	179.544271	179.919271	Db3	39	80	0	0	71280	P1-50-15	0	-
1255	179.794271	180.179688	Eb3	46	80	0	0	71400	P1-50-16	0	-
1256	180.084635	180.889323	Db5	74	80	0	0	71520	P1-50-3	0	-
1257	180.100260	180.619792	F3	47	80	0	0	71520	P1-50-17	0	-
1258	180.365885	180.688802	Db3	50	80	0	0	71640	P1-50-18	0	-
1259	180.615885	180.908854	C3	44	80	0	0	71760	P1-50-19	0	-
1260	180.904948	181.459635	Db5	71	80	0	0	71880	P1-50-4	0	-
1261	180.915365	181.339844	Bb2	44	80	0	0	71880	P1-50-20	0	-
1262	180.919271	181.549479	C3	45	80	0	0	71880	*	3	-
1263	181.278646	182.839844	Eb5	72	80	0	0	72000	P1-51-3	0	-
1264	181.287760	181.299479	C2	44	80	0	0	72000	P1-51-10	1	-
1265	181.329427	181.628906	Bb4	43	80	0	0	72000	P1-51-7	0	-
1266	181.332031	184.339844	F4	40	80	0	0	72000	P1-51-6	0	-
1267	181.614583	182.000000	C2	49	80	0	0	72120	P1-51-11	0	-
1268	181.881510	182.203125	Db2	57	80	0	0	72240	P1-51-12	0	-
1269	182.138021	182.453125	Eb2	57	80	0	0	72360	P1-51-13	0	-
1270	182.437500	185.149740	C5	70	80	0	0	72480	P1-51-2	0	-
1271	182.449219	182.687500	F2	45	80	0	0	72480	P1-51-14	0	-
1272	182.704427	183.158854	Gb2	50	80	0	0	72600	P1-51-15	0	-
1273	182.949219	183.509115	F2	45	80	0	0	72720	P1-51-16	0	-
1274	183.212240	183.489583	E2	42	80	0	0	72840	P1-51-17	0	-
1275	183.605469	184.329427	F2	32	80	0	0	72960	P1-51-18	0	-
1276	183.609375	185.128906	A4	34	80	0	0	72960	P1-51-5	0	-
1277	184.035156	184.408854	F1	36	80	0	0	73080	P1-51-19	0	-
1278	184.351562	185.819010	F4	31	80	0	0	73200	P1-51-9	0	-
1279	184.385417	184.989583	G1	33	80	0	0	73200	P1-51-20	0	-
1280	184.393229	184.399740	B3	25	80	0	0	73200	*	3	-
1281	184.640625	185.199219	A1	34	80	0	0	73320	P1-51-21	0	-
1282	185.044271	185.908854	Bb1	30	80	0	0	73440	P1-52-11	0	-
1283	185.080729	187.869792	Db5	66	80	0	0	73440	P1-52-1	0	-
1284	185.485677	186.329427	F2	40	80	0	0	73560	P1-52-12	0	-
1285	185.824219	186.128906	G2	34	80	0	0	73680	P1-52-13	0	-
1286	185.826823	188.378906	F4	38	80	0	0	73680	P1-52-9	0	-
1287	186.110677	186.375000	A2	43	80	0	0	73800	P1-52-14	0	-
1288	186.352865	186.658854	Bb2	45	80	0	0	73920	P1-52-15	0	-
1289	186.600260	186.899740	C3	38	80	0	0	74040	P1-52-16	0	-
1290	186.854167	187.239583	Bb4	66	80	0	0	74160	P1-52-5	0	-
1291	186.855469	187.096354	Db3	46	80	0	0	74160	P1-52-17	0	-
1292	187.106771	187.459635	Eb3	46	80	0	0	74280	P1-52-18	0	-
1293	187.424479	187.819010	F3	35	80	0	0	74400	P1-52-19	0	-
1294	187.424479	188.089844	Bb4	67	80	0	0	74400	P1-52-6	0	-
1295	187.705729	187.949219	Db3	39	80	0	0	74520	P1-52-20	0	-
1296	187.924479	188.299479	C3	40	80	0	0	74640	P1-52-21	0	-
1297	188.255208	188.509115	Bb1	43	80	0	0	74760	*	3	-
1298	188.263021	188.419271	Bb2	41	80	0	0	74760	P1-52-22	0	-
1299	188.269531	188.519531	Bb4	75	80	0	0	74760	P1-52-7	0	-
1300	188.656250	190.259115	Eb5	76	80	0	0	74880	P1-53-3	0	-
1301	188.688802	189.289062	F2	40	80	0	0	74880	P1-53-10	0	-
1302	188.695312	191.549479	Bb4	49	80	0	0	74880	P1-53-8	0	-
1303	188.701823	190.829427	F4	40	80	0	0	74880	P1-53-7	0	-
1304	189.028646	189.658854	F1	44	80	0	0	75000	P1-53-11	0	-
1305	189.283854	189.938802	G1	50	80	0	0	75120	P1-53-12	0	-
1306	189.515625	189.878906	A1	44	80	0	0	75240	P1-53-13	0	-
1307	189.781250	192.089844	C5	67	80	0	0	75360	P1-53-2	0	-
1308	189.816406	190.013021	Bb1	39	80	0	0	75360	P1-53-14	0	-
1309	190.052083	190.419271	C2	43	80	0	0	75480	P1-53-15	0	-
1310	190.296875	190.688802	Db2	45	80	0	0	75600	P1-53-16	0	-
1311	190.513021	190.919271	Eb2	40	80	0	0	75720	P1-53-17	0	-
1312	190.829427	191.389323	F2	44	80	0	0	75840	P1-53-18	0	-
1313	190.842448	190.848958	C#2	43	80	0	0	75840	*	3	-
1314	190.843750	191.489583	F4	35	80	0	0	75840	P1-53-5	0	-
1315	191.208333	191.438802	Eb2	37	80	0	0	75960	P1-53-19	0	-
1316	191.432292	191.709635	Db2	39	80	0	0	76080	P1-53-20	0	-
1317	191.653646	192.029948	C2	41	80	0	0	76200	P1-53-21	0	-
1318	192.024740	194.899740	Db5	64	80	0	0	76320	P1-54-2	0	-
1319	192.074219	193.628906	Bb4	43	80	0	0	76320	P1-54-1	0	-
1320	192.075521	195.829427	F4	44	80	0	0	76320	P1-54-4	0	-
1321	192.075521	192.446615	Bb1	34	80	0	0	76320	P1-54-11	0	-
1322	192.082031	192.089844	Bb3	39	80	0	0	76320	*	3	-
1323	192.481771	193.269531	A2	41	80	0	0	76440	P1-54-12	0	-
1324	192.743490	192.968750	Bb2	34	80	0	0	76560	P1-54-13	0	-
1325	192.975260	193.230469	C3	40	80	0	0	76680	P1-54-14	0	-
1326	193.255208	193.649740	Db3	38	80	0	0	76800	P1-54-15	0	-
1327	193.529948	193.869792	Eb3	37	80	0	0	76920	P1-54-16	0	-
1328	193.842448	194.429688	Bb4	53	80	0	0	77040	P1-54-6	0	-
1329	193.875000	194.239583	F3	29	80	0	0	77040	P1-54-17	0	-
1330	194.153646	194.459635	Eb3	25	80	0	0	77160	P1-54-18	0	-
1331	194.408854	194.809896	Db3	38	80	0	0	77280	P1-54-19	0	-
1332	194.442708	195.389323	Bb4	61	80	0	0	77280	P1-54-8	0	-
1333	194.694010	195.029948	C3	36	80	0	0	77400	P1-54-20	0	-
1334	194.966146	195.389323	Bb2	34	80	0	0	77520	P1-54-21	0	-
1335	195.342448	195.959635	Ab2	32	80	0	0	77640	P1-54-22	0	-
1336	195.403646	195.789062	Bb4	55	80	0	0	77640	P1-54-10	0	-
1337	195.790365	197.218750	Db5	55	80	0	0	77758	P1-55-30	0	-
1338	195.803385	196.729167	Bb4	49	80	0	0	77758	P1-55-29	0	-
1339	195.803385	196.658854	G2	31	80	0	0	77758	P1-55-39	0	-
1340	195.812500	196.188802	Eb4	35	80	0	0	77758	P1-55-28	0	-
1341	196.182292	196.519531	D2	34	80	0	0	77878	P1-55-40	0	-
1342	196.425781	198.109375	Eb2	44	80	0	0	77998	P1-55-41	0	-
1343	196.705729	197.049479	F2	41	80	0	0	78118	P1-55-42	0	-
1344	196.986979	197.709635	G2	38	80	0	0	78238	P1-55-43	0	-
1345	196.993490	197.229167	G1	38	80	0	0	78238	*	3	-
1346	197.046875	197.218750	Bb4	44	80	0	0	78240	P1-55-2	0	-
1347	197.201823	197.285156	C5	49	80	0	0	78274	P1-55-4	0	-
1348	197.313802	197.679688	Ab2	40	80	0	0	78358	P1-55-44	0	-
1349	197.322917	197.382812	Bb4	58	80	0	0	78359	P1-55-6	0	-
1350	197.406250	197.473958	C5	53	80	0	0	78393	P1-55-8	1	-
1351	197.494792	197.575521	Bb4	53	80	0	0	78444	P1-55-9	0	-
1352	197.608073	197.908854	Bb2	49	80	0	0	78478	P1-55-45	0	-
1353	197.608073	197.684896	C5	60	80	0	0	78508	P1-55-12	0	-
1354	197.708333	197.776042	Bb4	65	80	0	0	78538	P1-55-33	0	-
1355	197.799479	197.872396	C5	65	80	0	0	78598	P1-55-13	0	-
1356	197.832031	198.199219	Ab2	47	80	0	0	78598	P1-55-46	0	-
1357	197.888021	197.962240	Bb4	57	80	0	0	78658	P1-55-34	0	-
1358	197.976562	198.062500	C5	62	80	0	0	78688	P1-55-14	0	-
1359	198.072917	198.209635	Bb4	59	80	0	0	78718	P1-55-15	0	-
1360	198.104167	199.229167	G2	58	80	0	0	78718	P1-55-47	0	-
1361	198.166667	198.223958	C5	50	80	0	0	78766	P1-55-16	0	-
1362	198.247396	198.324219	Bb4	60	80	0	0	78790	P1-55-17	0	-
1363	198.333333	198.500000	C5	63	80	0	0	78838	*	3	-
1364	198.424479	198.819010	F2	55	80	0	0	78838	P1-55-48	0	-
1365	198.425781	198.589844	Bb4	59	80	0	0	78838	P1-55-19	0	-
1366	198.505208	198.609375	C5	55	80	0	0	78838	P1-55-20	0	-
1367	198.602865	198.656250	Bb4	50	80	0	0	78838	*	3	-
1368	198.673177	198.765625	C5	57	80	0	0	78838	*	3	-
1369	198.755208	198.942708	Bb4	69	80	0	0	78838	*	3	-
1370	198.774740	199.369792	Eb2	51	80	0	0	78838	*	3	-
1371	198.923177	199.087240	Cb5	69	80	0	0	78958	P1-55-23	0	-
1372	199.095052	199.222656	C5	55	80	0	0	78998	P1-55-25	0	-
1373	199.184896	199.459635	Db2	48	80	0	0	79018	P1-55-50	0	-
1374	199.235677	199.459635	Cb5	61	80	0	0	79038	P1-55-26	0	-
1375	199.363281	199.589844	C5	48	80	0	0	79038	*	3	-
1376	199.386719	200.039062	C2	59	80	0	0	79078	P1-55-51	0	-
1377	199.473958	199.639323	Cb5	52	80	0	0	79118	P1-55-38	0	-
1378	199.596354	200.069010	Bb1	59	80	0	0	79138	P1-55-52	0	-
1379	199.645833	200.289062	B4	45	80	0	0	79198	*	3	-
1380	199.906250	200.589844	Ab1	51	80	0	0	79198	P1-56-11	0	-
1381	200.153646	200.229167	C2	44	80	0	0	79198	*	3	-
1382	200.153646	201.389323	C5	62	80	0	0	79198	P1-56-3	0	-
1383	200.167969	201.809896	C4	42	80	0	0	79198	P1-56-1	0	-
1384	200.170573	201.699219	Eb4	45	80	0	0	79198	P1-56-2	0	-
1385	200.416667	200.569010	Eb2	40	80	0	0	79258	P1-56-12	0	-
1386	200.558594	201.098958	C2	43	80	0	0	79318	P1-56-13	0	-
1387	200.726562	200.815104	Eb2	47	80	0	0	79378	P1-56-14	0	-
1388	200.854167	201.229167	Ab2	44	80	0	0	79438	P1-56-15	0	-
1389	201.071615	201.319010	Eb3	48	80	0	0	79498	P1-56-16	0	-
1390	201.203125	201.459635	C3	42	80	0	0	79558	P1-56-17	0	-
1391	201.403646	201.968750	C5	48	80	0	0	79618	P1-56-18	1	-
1392	201.414062	202.789062	Ab2	46	80	0	0	79678	P1-56-19	0	-
1393	201.597656	201.908854	Eb3	36	80	0	0	79798	P1-56-21	1	-
1394	201.903646	202.209635	Ab4	55	80	0	0	79918	P1-56-6	0	-
1395	201.921875	202.229167	Eb4	42	80	0	0	79918	P1-56-5	0	-
1396	201.923177	202.036458	Ab3	36	80	0	0	79918	P1-56-23	0	-
1397	201.937500	202.299479	C4	29	80	0	0	79918	P1-56-4	0	-
1398	202.098958	202.319010	Eb3	33	80	0	0	79978	P1-56-24	0	-
1399	202.221354	202.609375	G#3	38	80	0	0	80038	P1-56-25	1	-
1400	202.476562	203.169271	Ab4	61	80	0	0	80158	P1-56-9	0	-
1401	202.496094	203.329427	Eb4	42	80	0	0	80158	P1-56-8	0	-
1402	202.510417	202.959635	C4	37	80	0	0	80158	P1-56-7	0	-
1403	202.535156	202.859375	C3	32	80	0	0	80158	P1-56-27	0	-
1404	202.710938	202.768229	Ab3	41	80	0	0	80218	P1-56-28	0	-
1405	202.812500	203.039062	Eb3	39	80	0	0	80278	P1-56-29	0	-
1406	202.932292	203.014323	Ab3	44	80	0	0	80338	P1-56-30	0	-
1407	203.084635	203.299479	C4	33	80	0	0	80398	P1-56-31	0	-
1408	203.183594	203.378906	Ab3	42	80	0	0	80458	P1-56-32	0	-
1409	203.354167	203.743490	Ab4	62	80	0	0	80518	P1-56-10	0	-
1410	203.358073	203.500000	Eb3	41	80	0	0	80518	P1-56-33	0	-
1411	203.506510	203.679688	Ab3	34	80	0	0	80578	P1-56-34	0	-
1412	203.717448	206.438802	Db5	64	80	0	0	80638	P1-57-3	0	-
1413	203.750000	204.729167	G4	45	80	0	0	80638	P1-57-2	0	-
1414	203.759115	204.908854	Eb4	36	80	0	0	80638	P1-57-1	0	-
1415	203.765625	204.309896	Bb2	36	80	0	0	80638	P1-57-7	0	-
1416	203.994792	204.044271	G3	31	80	0	0	80698	P1-57-8	0	-
1417	204.080729	204.174479	Eb3	44	80	0	0	80758	P1-57-9	0	-
1418	204.222656	204.303385	G3	45	80	0	0	80818	P1-57-10	0	-
1419	204.364583	204.454427	Bb3	52	80	0	0	80878	P1-57-11	0	-
1420	204.520833	204.592448	G3	46	80	0	0	80938	P1-57-12	0	-
1421	204.638021	204.697917	Eb3	42	80	0	0	80998	P1-57-13	0	-
1422	204.718750	204.869792	G3	50	80	0	0	81058	P1-57-14	0	-
1423	204.884115	207.019531	Bb4	63	80	0	0	81118	P1-57-6	0	-
1424	204.893229	206.279948	G4	47	80	0	0	81118	P1-57-5	0	-
1425	204.919271	205.479167	Db3	43	80	0	0	81118	P1-57-15	0	-
1426	204.920573	206.809896	Eb4	39	80	0	0	81118	P1-57-4	0	-
1427	205.044271	205.130208	G3	39	80	0	0	81178	P1-57-16	0	-
1428	205.216146	205.273438	Eb3	34	80	0	0	81238	P1-57-17	0	-
1429	205.315104	205.393229	G3	43	80	0	0	81298	P1-57-18	0	-
1430	205.445312	205.628906	Bb3	48	80	0	0	81358	P1-57-19	0	-
1431	205.571615	205.669271	G3	37	80	0	0	81418	P1-57-20	0	-
1432	205.705729	205.778646	Eb3	35	80	0	0	81478	P1-57-21	0	-
1433	205.815104	205.924479	G3	39	80	0	0	81538	P1-57-22	0	-
1434	205.986979	206.239583	Db3	40	80	0	0	81598	P1-57-23	0	-
1435	206.109375	206.195312	G3	40	80	0	0	81658	P1-57-24	0	-
1436	206.270833	206.408854	Eb3	37	80	0	0	81718	P1-57-25	0	-
1437	206.384115	206.549479	G3	38	80	0	0	81778	P1-57-26	0	-
1438	206.537760	206.839844	Bb3	40	80	0	0	81838	P1-57-27	0	-
1439	206.759115	207.169271	G3	32	80	0	0	81898	P1-57-28	0	-
1440	206.759115	207.149740	Eb3	36	80	0	0	81958	P1-57-29	0	-
1441	207.080729	207.779948	C3	44	80	0	0	82078	P1-58-13	0	-
1442	207.085938	208.759115	Eb5	74	80	0	0	82078	P1-58-3	0	-
1443	207.130208	208.688802	Eb4	41	80	0	0	82078	P1-58-1	0	-
1444	207.134115	208.709635	Ab4	40	80	0	0	82078	P1-58-2	0	-
1445	207.415365	207.718750	Eb3	42	80	0	0	82198	P1-58-15	0	-
1446	207.501302	207.597656	Ab3	57	80	0	0	82258	P1-58-16	0	-
1447	207.654948	208.169271	C4	35	80	0	0	82318	P1-58-17	0	-
1448	207.765625	207.822917	Ab3	45	80	0	0	82378	P1-58-18	0	-
1449	207.925781	208.039062	C3	44	80	0	0	82438	P1-58-19	1	-
1450	207.933594	208.139323	Ab3	59	80	0	0	82498	P1-58-20	0	-
1451	208.140625	208.279948	C3	41	80	0	0	82558	P1-58-21	0	-
1452	208.152344	208.242188	G#3	42	80	0	0	82558	*	3	-
1453	208.287760	208.449219	C4	36	80	0	0	82618	P1-58-22	0	-
1454	208.290365	208.789062	C3	38	80	0	0	82618	*	3	-
1455	208.385417	208.449219	Ab3	41	80	0	0	82678	*	3	-
1456	208.460938	208.789062	Ab3	44	80	0	0	82678	P1-58-23	0	-
1457	208.563802	208.769531	C4	47	80	0	0	82738	P1-58-24	0	-
1458	208.736979	209.339844	D5	76	80	0	0	82798	P1-58-6	0	-
1459	208.768229	209.279948	Cb3	49	80	0	0	82798	P1-58-25	0	-
1460	208.774740	209.089844	D4	47	80	0	0	82798	P1-58-4	0	-
1461	208.776042	209.259115	Ab4	48	80	0	0	82798	P1-58-5	0	-
1462	208.989583	209.000000	C3	34	80	0	0	82858	P1-58-26	1	-
1463	209.036458	209.123698	Ab3	45	80	0	0	82918	P1-58-27	0	-
1464	209.171875	209.256510	Cb4	46	80	0	0	82978	P1-58-28	0	-
1465	209.304688	210.009115	Eb5	82	80	0	0	83038	P1-58-9	0	-
1466	209.308594	209.319010	C2	51	80	0	0	83038	*	3	-
1467	209.313802	209.459635	C3	52	80	0	0	83038	P1-58-29	0	-
1468	209.335938	210.658854	Ab4	49	80	0	0	83038	P1-58-8	0	-
1469	209.345052	209.859375	Eb4	48	80	0	0	83038	P1-58-7	0	-
1470	209.466146	209.709635	C3	47	80	0	0	83098	P1-58-30	1	-
1471	209.572917	209.839844	Ab3	59	80	0	0	83158	P1-58-31	0	-
1472	209.675781	209.839844	C4	54	80	0	0	83218	P1-58-32	0	-
1473	209.821615	210.489583	Db3	73	80	0	0	83278	P1-58-33	0	-
1474	209.824219	210.269531	F5	67	80	0	0	83278	P1-58-12	0	-
1475	209.859375	210.369792	F4	53	80	0	0	83278	P1-58-10	0	-
1476	209.993490	210.199219	Db4	51	80	0	0	83338	P1-58-34	0	-
1477	210.010417	210.459635	Ab3	46	80	0	0	83398	P1-58-35	0	-
1478	210.382812	211.179688	Eb5	79	80	0	0	83518	P1-59-1	0	-
1479	210.394531	210.654948	Eb3	51	80	0	0	83518	P1-59-37	0	-
1480	210.552083	210.638021	Eb4	52	80	0	0	83578	P1-59-38	0	-
1481	210.677083	210.989583	G3	57	80	0	0	83638	P1-59-39	0	-
1482	210.783854	211.098958	Eb4	53	80	0	0	83698	P1-59-40	0	-
1483	210.964844	211.239583	F3	55	80	0	0	83758	P1-59-41	0	-
1484	210.966146	211.669271	D5	78	80	0	0	83758	P1-59-2	0	-
1485	211.140625	211.369792	F4	43	80	0	0	83818	P1-59-42	0	-
1486	211.268229	211.408854	Ab3	56	80	0	0	83878	P1-59-43	0	-
1487	211.375000	211.709635	F4	50	80	0	0	83938	P1-59-44	0	-
1488	211.516927	211.699219	G3	58	80	0	0	83998	P1-59-45	0	-
1489	211.604167	211.859375	C#5	64	80	0	0	84028	P1-59-4	1	-
1490	211.707031	211.825521	G3	44	80	0	0	84058	*	3	-
1491	211.710938	211.959635	G4	40	80	0	0	84058	P1-59-46	0	-
1492	211.834635	212.489583	Bb3	59	80	0	0	84118	P1-59-47	0	-
1493	211.854167	211.993490	Eb5	58	80	0	0	84148	P1-59-7	0	-
1494	211.966146	212.188802	G4	42	80	0	0	84178	P1-59-48	0	-
1495	212.022135	212.102865	Db5	61	80	0	0	84178	P1-59-27	0	-
1496	212.126302	212.269531	Eb5	58	80	0	0	84208	P1-59-8	0	-
1497	212.166667	212.500000	Eb3	61	80	0	0	84238	P1-59-49	0	-
1498	212.244792	212.304688	Db5	63	80	0	0	84238	P1-59-28	0	-
1499	212.329427	212.403646	Eb5	60	80	0	0	84268	P1-59-10	0	-
1500	212.334635	212.449219	Eb4	57	80	0	0	84298	P1-59-50	0	-
1501	212.425781	212.494792	Db5	67	80	0	0	84358	P1-59-30	0	-
1502	212.432292	212.484375	G3	48	80	0	0	84358	P1-59-51	0	-
1503	212.510417	212.595052	Eb5	69	80	0	0	84388	P1-59-13	0	-
1504	212.542969	212.848958	Eb4	53	80	0	0	84418	P1-59-52	0	-
1505	212.614583	212.677083	Db5	65	80	0	0	84418	P1-59-31	0	-
1506	212.707031	212.764323	Eb5	66	80	0	0	84448	P1-59-14	0	-
1507	212.707031	213.039062	F3	60	80	0	0	84478	P1-59-53	0	-
1508	212.787760	212.855469	Db5	60	80	0	0	84478	P1-59-32	0	-
1509	212.876302	212.934896	Eb5	71	80	0	0	84508	P1-59-16	0	-
1510	212.881510	213.119792	F4	53	80	0	0	84538	P1-59-54	0	-
1511	212.976562	213.033854	Db5	60	80	0	0	84598	P1-59-34	0	-
1512	212.993490	213.259115	Ab3	58	80	0	0	84598	P1-59-55	0	-
1513	213.050781	213.109375	Eb5	68	80	0	0	84628	P1-59-19	0	-
1514	213.130208	213.197917	Db5	67	80	0	0	84658	P1-59-35	0	-
1515	213.132812	213.529948	F4	48	80	0	0	84658	P1-59-56	0	-
1516	213.199219	213.468750	Eb5	81	80	0	0	84688	P1-59-20	0	-
1517	213.282552	213.479167	C#5	63	80	0	0	84718	*	3	-
1518	213.283854	213.289062	G3	48	80	0	0	84718	*	3	-
1519	213.393229	213.579427	G3	42	80	0	0	84718	P1-59-57	0	-
1520	213.432292	213.819010	C5	72	80	0	0	84718	P1-59-21	0	-
1521	213.584635	213.769531	G4	35	80	0	0	84778	P1-59-58	0	-
1522	213.589844	213.727865	G3	32	80	0	0	84778	*	3	-
1523	213.735677	214.089844	Bb3	60	80	0	0	84838	P1-59-59	0	-
1524	213.744792	214.109375	Bb4	63	80	0	0	84838	P1-59-22	0	-
1525	213.864583	214.089844	G4	32	80	0	0	84898	P1-59-60	0	-
1526	214.113281	215.729167	Eb4	74	80	0	0	84958	P1-60-26	0	-
1527	214.115885	215.459635	C4	58	80	0	0	84958	P1-60-25	0	-
1528	214.128906	214.339844	Ab4	52	80	0	0	84958	P1-60-1	0	-
1529	214.298177	214.373698	Eb5	59	80	0	0	85018	P1-60-2	0	-
1530	214.438802	214.688802	C5	53	80	0	0	85078	P1-60-3	0	-
1531	214.569010	214.789062	Eb5	58	80	0	0	85138	P1-60-4	0	-
1532	214.731771	214.863281	Ab5	59	80	0	0	85198	P1-60-5	0	-
1533	214.882812	215.029948	Eb6	60	80	0	0	85258	P1-60-6	0	-
1534	214.996094	215.079427	C6	57	80	0	0	85318	P1-60-7	0	-
1535	215.111979	215.229167	Eb6	51	80	0	0	85378	P1-60-8	0	-
1536	215.256510	215.384115	Ab6	72	80	0	0	85438	P1-60-9	0	-
1537	215.424479	215.539062	Ab5	48	80	0	0	85498	P1-60-10	0	-
1538	215.516927	215.669271	Ab6	63	80	0	0	85558	P1-60-11	0	-
1539	215.626302	215.779948	Ab5	52	80	0	0	85618	P1-60-12	0	-
1540	215.761719	216.149740	C4	68	80	0	0	85678	P1-60-28	0	-
1541	215.761719	215.968750	Ab6	69	80	0	0	85678	P1-60-13	0	-
1542	215.772135	216.139323	Ab3	55	80	0	0	85678	P1-60-27	0	-
1543	215.893229	216.014323	Ab5	56	80	0	0	85738	P1-60-14	0	-
1544	216.032552	216.149740	Ab6	68	80	0	0	85798	P1-60-15	0	-
1545	216.161458	216.329427	Ab5	70	80	0	0	85858	P1-60-16	0	-
1546	216.304688	216.468750	Ab6	77	80	0	0	85918	P1-60-17	0	-
1547	216.311198	216.899740	C4	73	80	0	0	85918	P1-60-30	0	-
1548	216.312500	216.889323	Ab3	68	80	0	0	85918	P1-60-29	0	-
1549	216.441406	216.575521	Ab5	71	80	0	0	85978	P1-60-18	0	-
1550	216.587240	216.710938	Ab6	79	80	0	0	86038	P1-60-19	0	-
1551	216.721354	216.834635	Ab5	81	80	0	0	86098	P1-60-20	0	-
1552	216.856771	217.098958	Ab6	80	80	0	0	86158	P1-60-21	0	-
1553	216.976562	217.087240	Ab5	79	80	0	0	86218	P1-60-22	0	-
1554	217.087240	217.429688	C4	83	80	0	0	86278	P1-60-32	0	-
1555	217.096354	217.459635	Ab3	71	80	0	0	86278	P1-60-31	0	-
1556	217.113281	217.339844	Ab6	81	80	0	0	86278	P1-60-23	0	-
1557	217.253906	217.408854	Ab5	76	80	0	0	86338	P1-60-24	0	-
1558	217.398438	218.389323	Db4	79	80	0	0	86398	P1-61-25	0	-
1559	217.401042	219.489583	F4	81	80	0	0	86398	P1-61-26	0	-
1560	217.404948	217.557292	Ab6	80	80	0	0	86398	P1-61-1	0	-
1561	217.561198	217.779948	Ab5	71	80	0	0	86458	P1-61-2	0	-
1562	217.703125	217.959635	Ab6	84	80	0	0	86518	P1-61-3	0	-
1563	217.845052	217.955729	Ab5	90	80	0	0	86578	P1-61-4	0	-
1564	217.968750	218.209635	Ab6	91	80	0	0	86638	P1-61-5	0	-
1565	218.091146	218.209635	Ab5	91	80	0	0	86698	P1-61-6	0	-
1566	218.216146	218.459635	Ab6	86	80	0	0	86758	P1-61-7	0	-
1567	218.335938	218.509115	Ab5	90	80	0	0	86818	P1-61-8	0	-
1568	218.464844	218.729167	Ab6	85	80	0	0	86878	P1-61-9	0	-
1569	218.494792	221.069010	Bb3	81	80	0	0	86878	P1-61-27	0	-
1570	218.498698	221.109375	Db4	76	80	0	0	86878	P1-61-28	0	-
1571	218.604167	218.735677	Ab5	83	80	0	0	86938	P1-61-10	0	-
1572	218.744792	219.000000	Ab6	90	80	0	0	86998	P1-61-11	0	-
1573	218.881510	218.996094	Ab5	89	80	0	0	87058	P1-61-12	0	-
1574	219.003906	219.250000	Ab6	88	80	0	0	87118	P1-61-13	0	-
1575	219.138021	219.255208	Ab5	96	80	0	0	87178	P1-61-14	0	-
1576	219.263021	219.519531	Ab6	91	80	0	0	87238	P1-61-15	0	-
1577	219.394531	219.526042	Ab5	96	80	0	0	87298	P1-61-16	0	-
1578	219.533854	219.789062	Ab6	90	80	0	0	87358	P1-61-17	0	-
1579	219.671875	219.803385	Ab5	97	80	0	0	87418	P1-61-18	0	-
1580	219.803385	220.059896	Ab6	94	80	0	0	87478	P1-61-19	0	-
1581	219.942708	220.093750	Ab5	92	80	0	0	87538	P1-61-20	0	-
1582	220.074219	220.359375	Ab6	91	80	0	0	87598	P1-61-21	0	-
1583	220.220052	220.438802	Ab5	97	80	0	0	87658	P1-61-22	0	-
1584	220.371094	220.809896	Ab6	94	80	0	0	87718	P1-61-23	0	-
1585	220.516927	221.149740	Ab5	95	80	0	0	87778	P1-61-24	0	-
1586	220.813802	222.218750	Ab6	102	80	0	0	87838	P1-62-1	0	-
1587	220.845052	223.239583	Gb4	81	80	0	0	87838	P1-62-20	0	-
1588	220.851562	222.039062	Eb4	77	80	0	0	87838	P1-62-19	0	-
1589	221.475260	222.559896	Gb6	99	80	0	0	88078	P1-62-2	0	-
1590	222.023438	222.829427	F6	92	80	0	0	88198	P1-62-3	0	-
1591	222.292969	224.859375	C4	69	80	0	0	88318	P1-62-24	0	-
1592	222.292969	224.968750	Eb4	72	80	0	0	88318	P1-62-25	0	-
1593	222.664062	222.929688	Eb6	79	80	0	0	88438	P1-62-5	0	-
1594	222.842448	223.061198	D6	77	80	0	0	88498	P1-62-6	0	-
1595	223.032552	223.175781	Eb6	75	80	0	0	88558	P1-62-7	0	-
1596	223.183594	223.359375	F6	75	80	0	0	88618	P1-62-8	0	-
1597	223.329427	223.598958	Gb6	80	80	0	0	88678	P1-62-9	0	-
1598	223.484375	223.679688	F6	73	80	0	0	88738	P1-62-10	0	-
1599	223.606771	225.408854	Ab4	44	80	0	0	88798	P1-62-22	0	-
1600	223.635417	223.839844	Eb6	69	80	0	0	88798	P1-62-11	0	-
1601	223.794271	224.000000	F6	60	80	0	0	88858	P1-62-12	0	-
1602	223.938802	224.269531	Eb6	66	80	0	0	88918	P1-62-13	0	-
1603	224.097656	224.319010	Db6	58	80	0	0	88978	P1-62-14	0	-
1604	224.252604	224.529948	C6	64	80	0	0	89038	P1-62-15	0	-
1605	224.424479	224.596354	Bb5	55	80	0	0	89098	P1-62-16	0	-
1606	224.575521	224.949219	Ab5	57	80	0	0	89158	P1-62-17	0	-
1607	224.744792	225.348958	Gb5	51	80	0	0	89218	P1-62-18	0	-
1608	224.985677	227.000000	F5	65	80	0	0	89278	P1-63-1	0	-
1609	225.423177	225.544271	F4	23	80	0	0	89398	P1-63-5	0	-
1610	225.424479	225.658854	Ab4	25	80	0	0	89398	P1-63-6	0	-
1611	225.764323	226.259115	Ab4	36	80	0	0	89518	P1-63-8	0	-
1612	225.765625	225.845052	F4	32	80	0	0	89518	P1-63-7	0	-
1613	226.037760	226.378906	F4	39	80	0	0	89638	P1-63-9	0	-
1614	226.292969	226.899740	Db4	36	80	0	0	89758	P1-63-11	0	-
1615	226.554688	226.632812	Ab4	41	80	0	0	89878	P1-63-13	0	-
1616	226.570312	226.718750	F4	41	80	0	0	89878	P1-63-12	0	-
1617	226.796875	228.319010	Ab5	80	80	0	0	89998	P1-63-2	0	-
1618	226.858073	227.079427	Ab4	43	80	0	0	89998	P1-63-15	0	-
1619	226.876302	226.944010	F4	32	80	0	0	89998	P1-63-14	0	-
1620	227.114583	227.369792	F4	44	80	0	0	90118	P1-63-16	0	-
1621	227.115885	227.359375	Ab4	42	80	0	0	90118	P1-63-17	0	-
1622	227.338542	227.709635	Db4	44	80	0	0	90238	P1-63-18	0	-
1623	227.605469	227.674479	Ab4	40	80	0	0	90358	P1-63-20	0	-
1624	227.614583	227.680990	F4	39	80	0	0	90358	P1-63-19	0	-
1625	227.833333	228.468750	Db6	81	80	0	0	90478	P1-63-3	0	-
1626	227.881510	227.942708	Ab4	46	80	0	0	90478	P1-63-22	0	-
1627	227.882812	227.946615	F4	43	80	0	0	90478	P1-63-21	0	-
1628	228.152344	228.569010	F4	36	80	0	0	90598	P1-63-23	0	-
1629	228.160156	228.579427	Ab4	35	80	0	0	90598	P1-63-24	0	-
1630	228.466146	229.479167	Eb4	35	80	0	0	90718	P1-64-3	0	-
1631	228.477865	229.989583	Db6	73	80	0	0	90718	P1-64-1	0	-
1632	228.833333	228.934896	Gb4	38	80	0	0	90838	P1-64-4	0	-
1633	228.835938	228.936198	Ab4	36	80	0	0	90838	P1-64-5	0	-
1634	229.138021	229.212240	Gb4	33	80	0	0	90958	P1-64-6	0	-
1635	229.141927	229.210938	Ab4	37	80	0	0	90958	P1-64-7	0	-
1636	229.390625	229.460938	Gb4	33	80	0	0	91078	P1-64-8	0	-
1637	229.393229	229.455729	Ab4	37	80	0	0	91078	P1-64-9	0	-
1638	229.666667	232.259115	C6	67	80	0	0	91198	P1-64-2	0	-
1639	229.701823	229.776042	F#4	32	80	0	0	91198	*	3	-
1640	229.703125	230.049479	Eb4	37	80	0	0	91198	P1-64-10	0	-
1641	229.960938	230.029948	Gb4	35	80	0	0	91318	P1-64-11	0	-
1642	229.964844	230.027344	Ab4	37	80	0	0	91318	P1-64-12	0	-
1643	230.216146	230.273438	Gb4	35	80	0	0	91438	P1-64-13	0	-
1644	230.221354	230.272135	Ab4	36	80	0	0	91438	P1-64-14	0	-
1645	230.446615	230.628906	Gb4	31	80	0	0	91558	P1-64-15	0	-
1646	230.446615	230.750000	Ab4	37	80	0	0	91558	P1-64-16	0	-
1647	230.714844	231.709635	Eb4	34	80	0	0	91678	P1-64-17	0	-
1648	230.972656	231.035156	Ab4	37	80	0	0	91798	P1-64-19	0	-
1649	230.973958	231.040365	Gb4	36	80	0	0	91798	P1-64-18	0	-
1650	231.242188	231.303385	Gb4	32	80	0	0	91918	*	3	-
1651	231.243490	231.298177	Ab4	35	80	0	0	91918	*	3	-
1652	231.507812	231.563802	Ab4	34	80	0	0	91918	P1-64-21	0	-
1653	231.509115	231.567708	Gb4	31	80	0	0	91918	P1-64-20	0	-
1654	231.815104	233.031250	Gb4	28	80	0	0	92038	P1-64-22	0	-
1655	231.817708	232.069010	Ab4	30	80	0	0	92038	P1-64-23	0	-
1656	231.971354	234.619792	Eb6	82	80	0	0	92158	P1-65-1	0	-
1657	232.402344	232.506510	C5	36	80	0	0	92278	P1-65-6	0	-
1658	232.416667	232.506510	Ab4	32	80	0	0	92278	P1-65-5	0	-
1659	232.421875	232.507812	Eb5	43	80	0	0	92278	P1-65-7	0	-
1660	232.722656	232.792969	Eb5	40	80	0	0	92398	P1-65-10	0	-
1661	232.725260	232.794271	C5	36	80	0	0	92398	P1-65-9	0	-
1662	232.725260	232.790365	Ab4	35	80	0	0	92398	P1-65-8	0	-
1663	232.970052	233.149740	Ab4	36	80	0	0	92518	P1-65-11	0	-
1664	232.971354	233.289062	Eb5	38	80	0	0	92518	P1-65-13	0	-
1665	232.975260	233.098958	C5	33	80	0	0	92518	P1-65-12	0	-
1666	233.214844	234.158854	Gb4	40	80	0	0	92638	P1-65-14	0	-
1667	233.217448	233.299479	C5	35	80	0	0	92758	*	3	-
1668	233.464844	233.572917	Ab4	25	80	0	0	92758	P1-65-15	0	-
1669	233.497396	233.979167	Eb5	37	80	0	0	92758	P1-65-17	0	-
1670	233.507812	233.574219	C5	29	80	0	0	92758	P1-65-16	0	-
1671	233.761719	235.119792	C6	76	80	0	0	92878	P1-65-2	0	-
1672	233.782552	233.855469	Ab4	37	80	0	0	92878	P1-65-18	0	-
1673	233.792969	233.856771	C5	38	80	0	0	92878	P1-65-19	0	-
1674	234.057292	234.188802	Ab4	38	80	0	0	92998	*	3	-
1675	234.062500	234.269531	C5	39	80	0	0	92998	*	3	-
1676	234.282552	234.549479	C5	35	80	0	0	92998	P1-65-22	0	-
1677	234.282552	235.158854	F#4	43	80	0	0	92998	*	3	-
1678	234.286458	234.369792	Ab4	39	80	0	0	92998	P1-65-21	0	-
1679	234.555990	234.619792	Ab4	44	80	0	0	93238	P1-65-25	0	-
1680	234.555990	234.679688	Eb5	45	80	0	0	93238	P1-65-27	0	-
1681	234.563802	234.679688	C5	41	80	0	0	93238	P1-65-26	0	-
1682	234.804688	235.259115	Ab5	76	80	0	0	93358	P1-65-3	0	-
1683	234.824219	234.938802	Eb5	43	80	0	0	93358	P1-65-30	0	-
1684	234.826823	234.949219	C5	43	80	0	0	93358	P1-65-29	0	-
1685	234.833333	234.888021	Ab4	48	80	0	0	93358	P1-65-28	0	-
1686	235.074219	235.519531	Eb5	40	80	0	0	93478	P1-65-33	0	-
1687	235.078125	235.489583	Ab4	40	80	0	0	93478	P1-65-31	0	-
1688	235.083333	235.449219	C5	37	80	0	0	93478	P1-65-32	0	-
1689	235.389323	237.049479	Ab5	69	80	0	0	93598	P1-66-1	0	-
1690	235.407552	236.289062	F4	34	80	0	0	93598	P1-66-4	0	-
1691	235.704427	235.774740	Ab4	34	80	0	0	93718	P1-66-5	0	-
1692	235.710938	235.899740	Db5	37	80	0	0	93718	P1-66-6	0	-
1693	235.938802	235.994792	Ab4	42	80	0	0	93838	P1-66-7	0	-
1694	236.003906	236.059896	Db5	22	80	0	0	93838	P1-66-8	0	-
1695	236.207031	236.529948	Db5	45	80	0	0	93958	P1-66-10	0	-
1696	236.213542	236.679688	Ab4	41	80	0	0	93958	P1-66-9	0	-
1697	236.501302	238.089844	Db6	73	80	0	0	94078	P1-66-2	0	-
1698	236.533854	236.658854	C#5	33	80	0	0	94078	*	3	-
1699	236.536458	237.339844	F4	33	80	0	0	94078	P1-66-11	0	-
1700	236.835938	237.009115	Ab4	38	80	0	0	94198	P1-66-12	0	-
1701	236.855469	236.921875	Db5	37	80	0	0	94198	P1-66-13	0	-
1702	237.111979	237.204427	Db5	43	80	0	0	94318	P1-66-15	0	-
1703	237.154948	237.204427	Ab4	36	80	0	0	94318	P1-66-14	0	-
1704	237.358073	237.679688	Ab4	45	80	0	0	94438	P1-66-16	0	-
1705	237.361979	237.669271	Db5	41	80	0	0	94438	P1-66-17	0	-
1706	237.622396	238.549479	F4	45	80	0	0	94558	P1-66-18	0	-
1707	237.925781	238.079427	Ab4	37	80	0	0	94678	P1-66-19	0	-
1708	237.925781	237.994792	Db5	43	80	0	0	94678	P1-66-20	0	-
1709	238.179688	238.959635	Db6	81	80	0	0	94798	P1-66-3	0	-
1710	238.218750	238.339844	Ab4	43	80	0	0	94798	P1-66-21	0	-
1711	238.222656	238.348958	Db5	46	80	0	0	94798	P1-66-22	0	-
1712	238.234375	239.119792	G#5	39	80	0	0	94798	*	3	-
1713	238.527344	239.149740	Db5	49	80	0	0	94918	P1-66-24	0	-
1714	238.532552	239.179688	Ab4	43	80	0	0	94918	P1-66-23	0	-
1715	238.829427	240.098958	E4	48	80	0	0	95038	P1-67-4	0	-
1716	238.972656	240.279948	Db6	89	80	0	0	95038	P1-67-1	0	-
1717	239.394531	239.569010	Db5	52	80	0	0	95158	P1-67-6	0	-
1718	239.395833	239.520833	Ab4	49	80	0	0	95158	P1-67-5	0	-
1719	239.709635	239.792969	Ab4	51	80	0	0	95278	P1-67-7	0	-
1720	239.712240	239.791667	Db5	48	80	0	0	95278	P1-67-8	0	-
1721	239.984375	240.468750	Ab4	44	80	0	0	95398	P1-67-9	0	-
1722	239.985677	240.449219	Db5	48	80	0	0	95398	P1-67-10	0	-
1723	240.292969	242.000000	Db6	82	80	0	0	95518	P1-67-2	0	-
1724	240.305990	241.339844	E4	43	80	0	0	95518	P1-67-11	0	-
1725	240.700521	240.772135	Ab4	39	80	0	0	95638	P1-67-12	0	-
1726	240.701823	240.774740	Db5	45	80	0	0	95638	P1-67-13	0	-
1727	240.973958	241.098958	Ab4	34	80	0	0	95758	P1-67-14	0	-
1728	240.975260	241.139323	Db5	48	80	0	0	95758	P1-67-15	0	-
1729	241.242188	241.549479	Ab4	36	80	0	0	95878	P1-67-16	0	-
1730	241.253906	241.559896	Db5	35	80	0	0	95878	P1-67-17	0	-
1731	241.476562	242.769531	E4	37	80	0	0	95998	P1-67-18	0	-
1732	241.753906	242.059896	Ab4	35	80	0	0	96118	P1-67-19	0	-
1733	241.761719	241.889323	Db5	34	80	0	0	96118	P1-67-20	0	-
1734	242.011719	242.848958	Db6	78	80	0	0	96238	P1-67-3	0	-
1735	242.057292	242.658854	Db5	38	80	0	0	96238	P1-67-22	0	-
1736	242.066406	242.250000	Ab4	33	80	0	0	96238	P1-67-21	0	-
1737	242.356771	243.348958	Ab4	30	80	0	0	96358	P1-67-23	0	-
1738	242.688802	243.938802	Eb4	40	80	0	0	96478	P1-68-4	0	-
1739	242.861979	244.359375	Db6	69	80	0	0	96478	P1-68-1	0	-
1740	243.231771	243.468750	Gb4	32	80	0	0	96598	P1-68-5	0	-
1741	243.234375	243.348958	Cb5	31	80	0	0	96598	P1-68-6	0	-
1742	243.541667	243.634115	Cb5	33	80	0	0	96718	P1-68-8	0	-
1743	243.576823	243.636719	Gb4	24	80	0	0	96718	P1-68-7	0	-
1744	243.824219	243.890625	Cb5	26	80	0	0	96838	P1-68-10	0	-
1745	243.825521	243.979167	Gb4	29	80	0	0	96838	P1-68-9	0	-
1746	244.092448	245.688802	Cb6	63	80	0	0	96958	P1-68-2	0	-
1747	244.148438	244.239583	Cb5	25	80	0	0	97078	P1-68-13	0	-
1748	244.148438	244.250000	Gb4	22	80	0	0	97078	P1-68-12	0	-
1749	244.154948	245.049479	Eb4	27	80	0	0	97078	*	3	-
1750	244.395833	244.503906	Gb4	27	80	0	0	97198	P1-68-14	0	-
1751	244.445312	244.506510	Cb5	30	80	0	0	97198	P1-68-15	0	-
1752	244.673177	244.743490	Gb4	21	80	0	0	97318	*	3	-
1753	244.704427	244.747396	Cb5	27	80	0	0	97318	*	3	-
1754	244.915365	245.218750	Cb5	31	80	0	0	97318	P1-68-17	0	-
1755	244.921875	245.239583	Gb4	29	80	0	0	97318	P1-68-16	0	-
1756	245.164062	246.158854	Eb4	35	80	0	0	97438	P1-68-18	0	-
1757	245.472656	245.589844	Gb4	20	80	0	0	97558	P1-68-19	0	-
1758	245.475260	245.709635	Cb5	30	80	0	0	97558	P1-68-20	0	-
1759	245.703125	246.489583	Cb6	64	80	0	0	97678	P1-68-3	0	-
1760	245.769531	245.899740	Gb4	24	80	0	0	97678	P1-68-21	0	-
1761	245.781250	245.908854	Cb5	25	80	0	0	97678	P1-68-22	0	-
1762	246.044271	246.589844	Cb5	32	80	0	0	97798	P1-68-24	0	-
1763	246.048177	246.299479	Gb4	30	80	0	0	97798	P1-68-23	0	-
1764	246.373698	246.669271	Eb4	30	80	0	0	97558	*	3	-
1765	246.496094	247.329427	Cb6	53	80	0	0	97678	*	3	-
1766	246.501302	246.598958	Gb4	22	80	0	0	97678	*	3	-
1767	246.673177	246.739583	Gb4	10	80	0	0	97798	*	3	-
1768	246.674479	247.549479	D#4	12	80	0	0	97918	P1-69-14	0	-
1769	246.865885	247.169271	F#4	25	80	0	0	98038	P1-69-15	0	-
1770	246.865885	247.019531	B4	33	80	0	0	98038	P1-69-16	0	-
1771	247.177083	247.799479	A5	53	80	0	0	98158	P1-69-2	0	-
1772	247.180990	247.251302	F#4	23	80	0	0	98158	P1-69-17	0	-
1773	247.196615	247.319010	B4	29	80	0	0	98158	P1-69-18	0	-
1774	247.445312	247.639323	B4	26	80	0	0	98278	P1-69-20	0	-
1775	247.445312	247.799479	F#4	24	80	0	0	98278	P1-69-19	0	-
1776	247.688802	248.779948	D#4	35	80	0	0	98398	P1-69-21	0	-
1777	247.791667	247.925781	B5	53	80	0	0	98458	P1-69-4	0	-
1778	247.951823	248.188802	A5	54	80	0	0	98518	P1-69-5	0	-
1779	247.976562	248.250000	F#4	33	80	0	0	98518	P1-69-22	0	-
1780	248.023438	248.188802	B4	27	80	0	0	98518	P1-69-23	0	-
1781	248.123698	248.274740	G#5	45	80	0	0	98578	P1-69-6	0	-
1782	248.286458	248.809896	A5	45	80	0	0	98638	P1-69-7	0	-
1783	248.326823	248.628906	F#4	17	80	0	0	98638	P1-69-24	0	-
1784	248.330729	248.569010	B4	23	80	0	0	98638	P1-69-25	0	-
1785	248.648438	249.158854	B5	51	80	0	0	98758	P1-69-8	0	-
1786	248.700521	249.218750	F#4	21	80	0	0	98758	P1-69-26	0	-
1787	248.712240	249.179688	B4	27	80	0	0	98758	P1-69-27	0	-
1788	249.052083	250.179688	D#4	28	80	0	0	98878	P1-69-28	0	-
1789	249.113281	249.598958	A5	46	80	0	0	98878	P1-69-9	0	-
1790	249.250000	249.489583	B5	59	80	0	0	98938	P1-69-10	0	-
1791	249.402344	249.589844	F#4	28	80	0	0	98998	P1-69-29	0	-
1792	249.407552	249.889323	C#6	53	80	0	0	98998	P1-69-11	0	-
1793	249.412760	249.483073	B4	36	80	0	0	98998	P1-69-30	0	-
1794	249.709635	250.199219	B5	50	80	0	0	99118	P1-69-12	0	-
1795	249.726562	250.009115	F#4	23	80	0	0	99118	P1-69-31	0	-
1796	249.729167	249.968750	B4	39	80	0	0	99118	P1-69-32	0	-
1797	250.022135	250.438802	F#4	28	80	0	0	99238	P1-69-33	0	-
1798	250.035156	250.468750	A5	47	80	0	0	99238	P1-69-13	0	-
1799	250.042969	250.229167	B4	37	80	0	0	99238	P1-69-34	0	-
1800	250.475260	251.609375	E4	33	80	0	0	99358	P1-70-19	0	-
1801	250.502604	251.158854	B4	34	80	0	0	99358	P1-70-21	0	-
1802	250.503906	251.529948	G#4	36	80	0	0	99358	P1-70-20	0	-
1803	250.686198	250.792969	E6	47	80	0	0	99418	P1-70-2	0	-
1804	250.838542	251.039062	B5	62	80	0	0	99478	P1-70-3	0	-
1805	250.994792	251.083333	E6	41	80	0	0	99538	P1-70-4	0	-
1806	251.101562	251.217448	G#6	67	80	0	0	99598	P1-70-5	0	-
1807	251.255208	251.335938	E6	56	80	0	0	99658	P1-70-6	0	-
1808	251.385417	251.529948	B5	60	80	0	0	99718	P1-70-7	0	-
1809	251.494792	251.595052	E6	59	80	0	0	99778	P1-70-8	0	-
1810	251.639323	251.779948	G#5	58	80	0	0	99838	P1-70-22	0	-
1811	251.774740	251.929688	E5	46	80	0	0	99898	P1-70-23	0	-
1812	251.957031	252.149740	B4	36	80	0	0	99958	P1-70-24	0	-
1813	252.097656	252.229167	E5	41	80	0	0	100018	P1-70-25	0	-
1814	252.223958	252.438802	G#4	47	80	0	0	100078	P1-70-10	0	-
1815	252.361979	252.428385	E4	37	80	0	0	100138	P1-70-11	0	-
1816	252.483073	252.729167	B3	43	80	0	0	100198	P1-70-12	0	-
1817	252.635417	252.779948	E4	44	80	0	0	100258	P1-70-13	0	-
1818	252.763021	252.825521	G#3	57	80	0	0	100318	P1-70-27	0	-
1819	252.899740	253.049479	E3	43	80	0	0	100378	P1-70-28	0	-
1820	253.048177	253.339844	B2	39	80	0	0	100438	P1-70-29	0	-
1821	253.174479	253.348958	E3	36	80	0	0	100498	P1-70-30	0	-
1822	253.365885	253.919271	E2	47	80	0	0	100558	P1-70-31	0	-
1823	253.416667	253.799479	G#2	57	80	0	0	100558	P1-70-15	0	-
1824	253.550781	253.688802	E3	50	80	0	0	100618	P1-70-16	0	-
1825	253.713542	253.848958	B2	43	80	0	0	100678	P1-70-17	0	-
1826	253.824219	253.989583	E3	49	80	0	0	100738	P1-70-18	0	-
1827	254.003906	254.359375	Eb1	45	80	0	0	100798	P1-71-26	1	-
1828	254.005208	254.509115	D#2	44	80	0	0	100798	P1-71-1	0	-
1829	254.196615	254.309896	B2	36	80	0	0	100858	P1-71-2	0	-
1830	254.315104	254.438802	A2	44	80	0	0	100918	P1-71-3	0	-
1831	254.416667	254.527344	B2	48	80	0	0	100978	P1-71-4	0	-
1832	254.587240	254.670573	D#3	46	80	0	0	101038	P1-71-5	0	-
1833	254.707031	254.787760	B2	49	80	0	0	101098	P1-71-6	0	-
1834	254.846354	254.923177	A2	44	80	0	0	101158	P1-71-7	0	-
1835	254.966146	255.209635	B2	45	80	0	0	101218	P1-71-8	0	-
1836	255.183594	256.329427	F#2	56	80	0	0	101278	P1-71-30	0	-
1837	255.209635	258.449219	B1	50	80	0	0	101278	P1-71-29	0	-
1838	255.214844	255.779948	B2	46	80	0	0	101278	P1-71-9	1	-
1839	255.365885	255.503906	B3	41	80	0	0	101338	P1-71-10	0	-
1840	255.516927	255.610677	A3	53	80	0	0	101398	P1-71-11	0	-
1841	255.634115	255.744792	B3	53	80	0	0	101458	P1-71-12	0	-
1842	255.781250	255.886719	D#4	52	80	0	0	101518	P1-71-13	0	-
1843	255.914062	255.981771	B3	49	80	0	0	101578	P1-71-14	0	-
1844	256.016927	256.117188	A3	56	80	0	0	101638	P1-71-15	0	-
1845	256.127604	256.319010	B3	59	80	0	0	101698	P1-71-16	0	-
1846	256.335938	257.089844	F#1	49	80	0	0	101758	P1-71-31	0	-
1847	256.337240	257.408854	F#2	50	80	0	0	101758	P1-71-33	0	-
1848	256.365885	256.669271	D#4	51	80	0	0	101758	P1-71-17	0	-
1849	256.518229	256.595052	B4	46	80	0	0	101818	P1-71-18	0	-
1850	256.615885	256.712240	A4	53	80	0	0	101878	P1-71-19	0	-
1851	256.764323	256.855469	B4	42	80	0	0	101938	P1-71-20	0	-
1852	256.885417	257.188802	D#5	62	80	0	0	101998	P1-71-21	0	-
1853	257.050781	257.122396	B4	51	80	0	0	102058	P1-71-22	0	-
1854	257.162760	257.243490	A4	48	80	0	0	102118	P1-71-23	0	-
1855	257.277344	257.479167	B4	55	80	0	0	102178	P1-71-24	0	-
1856	257.467448	260.218750	G#1	44	80	0	0	102238	P1-72-25	0	-
1857	257.467448	260.169271	G#2	43	80	0	0	102238	P1-72-27	0	-
1858	257.492188	257.632812	E5	50	80	0	0	102238	P1-72-1	0	-
1859	257.667969	257.829427	B5	55	80	0	0	102298	P1-72-2	0	-
1860	257.773438	257.854167	G#5	57	80	0	0	102358	P1-72-3	0	-
1861	257.888021	258.005208	B5	60	80	0	0	102418	P1-72-4	0	-
1862	258.044271	258.143229	E6	52	80	0	0	102478	P1-72-5	0	-
1863	258.182292	258.256510	B5	60	80	0	0	102538	P1-72-6	0	-
1864	258.292969	258.419271	G#5	63	80	0	0	102598	P1-72-7	0	-
1865	258.417969	258.524740	B5	61	80	0	0	102658	P1-72-8	0	-
1866	258.561198	258.769531	E5	58	80	0	0	102718	P1-72-9	0	-
1867	258.753906	258.828125	B4	52	80	0	0	102778	P1-72-10	0	-
1868	258.895833	259.009115	G#4	48	80	0	0	102838	P1-72-11	0	-
1869	259.016927	259.144531	B4	54	80	0	0	102898	P1-72-12	0	-
1870	259.147135	259.339844	E4	55	80	0	0	102958	P1-72-13	0	-
1871	259.343750	259.416667	B3	54	80	0	0	103018	P1-72-14	0	-
1872	259.463542	259.548177	G#3	49	80	0	0	103078	P1-72-15	0	-
1873	259.571615	259.695312	B3	52	80	0	0	103138	P1-72-16	0	-
1874	259.723958	259.968750	E3	56	80	0	0	103198	P1-72-17	0	-
1875	259.904948	259.984375	B3	53	80	0	0	103258	P1-72-18	0	-
1876	260.026042	260.149740	G#3	54	80	0	0	103318	P1-72-19	0	-
1877	260.156250	260.292969	B3	50	80	0	0	103378	P1-72-20	0	-
1878	260.315104	260.432292	E4	49	80	0	0	103438	P1-72-21	0	-
1879	260.451823	260.536458	B3	55	80	0	0	103498	P1-72-22	0	-
1880	260.576823	260.645833	G#3	55	80	0	0	103558	P1-72-23	0	-
1881	260.692708	260.848958	B3	55	80	0	0	103618	P1-72-24	0	-
1882	260.834635	261.679688	D#3	48	80	0	0	103678	P1-73-27	0	-
1883	260.868490	261.769531	B2	44	80	0	0	103678	P1-73-26	0	-
1884	260.876302	261.049479	F#3	43	80	0	0	103678	P1-73-1	0	-
1885	261.057292	261.199219	B3	37	80	0	0	103738	P1-73-2	0	-
1886	261.194010	261.429688	A3	52	80	0	0	103798	P1-73-3	0	-
1887	261.332031	261.417969	B3	42	80	0	0	103858	P1-73-4	0	-
1888	261.460938	261.576823	F#4	54	80	0	0	103918	P1-73-5	0	-
1889	261.608073	261.694010	B3	51	80	0	0	103978	P1-73-6	0	-
1890	261.727865	261.820312	A3	51	80	0	0	104038	P1-73-7	0	-
1891	261.845052	262.059896	B3	53	80	0	0	104098	P1-73-8	0	-
1892	262.023438	262.699219	D#3	55	80	0	0	104158	P1-73-30	0	-
1893	262.033854	262.779948	D#2	51	80	0	0	104158	P1-73-28	0	-
1894	262.033854	262.192708	F#4	60	80	0	0	104158	P1-73-9	0	-
1895	262.041667	262.729167	B2	47	80	0	0	104158	P1-73-29	0	-
1896	262.204427	262.289062	B4	47	80	0	0	104218	P1-73-10	0	-
1897	262.207031	262.329427	B3	43	80	0	0	104218	*	3	-
1898	262.326823	262.424479	A4	46	80	0	0	104278	P1-73-11	0	-
1899	262.472656	262.593750	B4	44	80	0	0	104338	P1-73-12	0	-
1900	262.604167	262.869792	F#5	69	80	0	0	104398	P1-73-13	0	-
1901	262.757812	262.824219	B4	47	80	0	0	104458	P1-73-14	0	-
1902	262.864583	262.932292	A4	51	80	0	0	104518	P1-73-15	0	-
1903	262.963542	263.158854	B4	59	80	0	0	104578	P1-73-16	0	-
1904	263.183594	263.949219	D#3	59	80	0	0	104638	P1-73-33	0	-
1905	263.192708	263.878906	D#2	56	80	0	0	104638	P1-73-31	0	-
1906	263.196615	263.769531	B2	48	80	0	0	104638	P1-73-32	0	-
1907	263.203125	263.459635	F#5	55	80	0	0	104638	P1-73-17	0	-
1908	263.355469	263.539062	B5	64	80	0	0	104698	P1-73-18	0	-
1909	263.484375	263.575521	A5	55	80	0	0	104758	P1-73-19	0	-
1910	263.606771	263.727865	B5	61	80	0	0	104818	P1-73-20	0	-
1911	263.743490	263.949219	F#6	76	80	0	0	104878	P1-73-21	0	-
1912	263.852865	263.937500	B5	56	80	0	0	104938	P1-73-22	0	-
1913	264.005208	264.113281	A5	48	80	0	0	104998	P1-73-23	0	-
1914	264.127604	264.319010	B5	58	80	0	0	105058	P1-73-24	0	-
1915	264.311198	264.579427	G#5	62	80	0	0	105118	P1-74-1	0	-
1916	264.321615	264.529948	E2	49	80	0	0	105118	P1-74-25	0	-
1917	264.322917	264.619792	B2	47	80	0	0	105118	P1-74-26	0	-
1918	264.334635	264.759115	E3	51	80	0	0	105118	P1-74-27	0	-
1919	264.533854	264.644531	G#6	62	80	0	0	105178	P1-74-2	0	-
1920	264.647135	264.869792	B5	64	80	0	0	105238	P1-74-3	0	-
1921	264.791667	264.907552	G#6	56	80	0	0	105298	P1-74-4	0	-
1922	264.921875	265.220052	E4	67	80	0	0	105358	P1-74-29	0	-
1923	264.930990	265.188802	G#5	57	80	0	0	105358	P1-74-5	0	-
1924	264.933594	265.319010	E3	50	80	0	0	105358	P1-74-28	0	-
1925	265.084635	265.209635	G#6	64	80	0	0	105418	P1-74-6	0	-
1926	265.203125	265.305990	B5	66	80	0	0	105478	P1-74-7	0	-
1927	265.328125	265.569010	G#6	70	80	0	0	105538	P1-74-8	0	-
1928	265.444010	265.729167	E4	71	80	0	0	105598	P1-74-31	0	-
1929	265.445312	265.649740	G#5	65	80	0	0	105598	P1-74-9	0	-
1930	265.449219	265.809896	E3	54	80	0	0	105598	P1-74-30	0	-
1931	265.578125	265.720052	G#6	62	80	0	0	105658	P1-74-10	0	-
1932	265.673177	265.718750	G#5	33	80	0	0	105658	*	3	-
1933	265.726562	265.938802	B5	64	80	0	0	105718	P1-74-11	0	-
1934	265.843750	265.997396	G#6	68	80	0	0	105778	P1-74-12	0	-
1935	265.984375	266.378906	C#4	69	80	0	0	105838	P1-74-34	0	-
1936	265.994792	266.389323	E3	60	80	0	0	105838	P1-74-33	0	-
1937	265.994792	266.468750	C#3	63	80	0	0	105838	P1-74-32	0	-
1938	266.006510	266.269531	A5	68	80	0	0	105838	P1-74-13	0	-
1939	266.154948	266.270833	A6	63	80	0	0	105898	P1-74-14	0	-
1940	266.264323	266.529948	E6	63	80	0	0	105958	P1-74-15	0	-
1941	266.382812	266.619792	A6	77	80	0	0	106018	P1-74-16	0	-
1942	266.493490	266.750000	A5	68	80	0	0	106078	P1-74-17	0	-
1943	266.513021	266.869792	C#4	77	80	0	0	106078	P1-74-37	0	-
1944	266.516927	266.839844	E3	63	80	0	0	106078	P1-74-36	0	-
1945	266.528646	267.039062	C#3	66	80	0	0	106078	P1-74-35	0	-
1946	266.626302	266.764323	A6	73	80	0	0	106138	P1-74-18	0	-
1947	266.763021	266.901042	E6	66	80	0	0	106198	P1-74-19	0	-
1948	266.891927	267.053385	A6	67	80	0	0	106258	P1-74-20	0	-
1949	267.053385	267.339844	A#5	72	80	0	0	106318	P1-74-21	0	-
1950	267.055990	267.395833	B#3	61	80	0	0	106318	P1-74-40	0	-
1951	267.062500	267.449219	B#2	64	80	0	0	106318	P1-74-38	0	-
1952	267.070312	267.489583	E3	59	80	0	0	106318	P1-74-39	0	-
1953	267.164062	267.329427	A#6	75	80	0	0	106378	P1-74-22	0	-
1954	267.299479	267.445312	E6	68	80	0	0	106438	P1-74-23	0	-
1955	267.433594	267.658854	A#6	80	80	0	0	106498	P1-74-24	0	-
1956	267.575521	267.859375	A#5	74	80	0	0	106558	P1-75-1	0	-
1957	267.593750	268.079427	E3	63	80	0	0	106558	P1-75-26	0	-
1958	267.595052	268.069010	B#3	70	80	0	0	106558	P1-75-27	0	-
1959	267.596354	267.979167	B#2	68	80	0	0	106558	P1-75-25	0	-
1960	267.734375	267.855469	A#6	71	80	0	0	106618	P1-75-2	0	-
1961	267.856771	268.024740	E6	66	80	0	0	106678	P1-75-3	0	-
1962	267.994792	268.149740	A#6	76	80	0	0	106738	P1-75-4	0	-
1963	268.143229	268.429688	B5	83	80	0	0	106798	P1-75-5	0	-
1964	268.154948	268.658854	B3	71	80	0	0	106798	P1-75-30	0	-
1965	268.161458	268.718750	B2	70	80	0	0	106798	P1-75-28	0	-
1966	268.166667	268.589844	E3	63	80	0	0	106798	P1-75-29	0	-
1967	268.298177	268.438802	B6	80	80	0	0	106858	P1-75-6	0	-
1968	268.428385	268.589844	E6	75	80	0	0	106918	P1-75-7	0	-
1969	268.563802	268.709635	B6	78	80	0	0	106978	P1-75-8	0	-
1970	268.705729	269.149740	E3	61	80	0	0	107038	P1-75-32	0	-
1971	268.707031	268.979167	B5	81	80	0	0	107038	P1-75-9	0	-
1972	268.712240	269.039062	A3	65	80	0	0	107038	P1-75-33	0	-
1973	268.718750	269.029948	A2	60	80	0	0	107038	P1-75-31	0	-
1974	268.855469	269.029948	B6	79	80	0	0	107098	P1-75-10	0	-
1975	268.989583	269.144531	E6	74	80	0	0	107158	P1-75-11	0	-
1976	269.125000	269.289062	B6	80	80	0	0	107218	P1-75-12	0	-
1977	269.270833	269.539062	B#5	84	80	0	0	107278	P1-75-13	0	-
1978	269.295573	269.688802	G#3	59	80	0	0	107278	P1-75-36	0	-
1979	269.303385	269.688802	E3	54	80	0	0	107278	P1-75-35	0	-
1980	269.305990	269.658854	G#2	56	80	0	0	107278	P1-75-34	0	-
1981	269.434896	269.628906	B#6	82	80	0	0	107338	P1-75-14	0	-
1982	269.593750	269.755208	E6	74	80	0	0	107398	P1-75-15	0	-
1983	269.744792	269.869792	B#6	78	80	0	0	107458	P1-75-16	0	-
1984	269.930990	270.759115	G#3	50	80	0	0	107518	P1-75-37	0	-
1985	270.037760	270.919271	E4	47	80	0	0	107518	P1-75-38	0	-
1986	270.089844	270.559896	B#4	71	80	0	0	107518	P1-75-17	0	-
1987	270.328125	270.549479	B#5	74	80	0	0	107578	P1-75-18	0	-
1988	270.523438	270.839844	E5	77	80	0	0	107638	P1-75-19	0	-
1989	270.684896	270.938802	B#5	70	80	0	0	107698	P1-75-20	0	-
1990	270.875000	271.239583	C#5	62	80	0	0	107758	P1-75-21	0	-
1991	270.925781	272.049479	A3	34	80	0	0	107758	P1-75-40	0	-
1992	270.928385	271.908854	E4	33	80	0	0	107758	P1-75-41	0	-
1993	271.079427	271.260417	C#6	65	80	0	0	107818	P1-75-22	0	-
1994	271.272135	271.679688	E5	48	80	0	0	107878	P1-75-23	0	-
1995	271.514323	271.679688	C#6	36	80	0	0	107938	P1-75-24	0	-
1996	271.966146	272.899740	C#6	71	80	0	0	107998	P1-76-1	0	-
1997	272.316406	272.619792	A4	32	80	0	0	108118	P1-76-8	0	-
1998	272.584635	273.419271	A3	36	80	0	0	108238	P1-76-9	0	-
1999	272.809896	273.209635	C#5	58	80	0	0	108358	P1-76-2	0	-
2000	273.141927	274.539062	B5	76	80	0	0	108478	P1-76-3	0	-
2001	273.411458	274.149740	G#4	43	80	0	0	108598	P1-76-11	0	-
2002	273.690104	273.938802	G#3	43	80	0	0	108718	P1-76-12	0	-
2003	273.942708	274.549479	B4	61	80	0	0	108838	P1-76-4	0	-
2004	273.944010	274.658854	G#3	38	80	0	0	108838	*	3	-
2005	274.261719	275.309896	A5	73	80	0	0	108958	P1-76-5	0	-
2006	274.536458	275.329427	F#4	44	80	0	0	109078	P1-76-14	0	-
2007	274.842448	276.019531	F#3	41	80	0	0	109198	P1-76-15	0	-
2008	275.174479	275.799479	A#5	70	80	0	0	109318	P1-76-6	0	-
2009	275.652344	277.149740	B5	83	80	0	0	109438	P1-77-1	0	-
2010	276.066406	276.750000	G#4	42	80	0	0	109558	P1-77-10	0	-
2011	276.381510	277.208333	G#3	45	80	0	0	109678	P1-77-11	0	-
2012	276.639323	277.218750	B4	50	80	0	0	109798	P1-77-2	0	-
2013	276.966146	278.399740	A5	62	80	0	0	109918	P1-77-3	0	-
2014	277.251302	277.979167	F#4	39	80	0	0	110038	P1-77-13	0	-
2015	277.544271	278.059896	F#3	38	80	0	0	110158	P1-77-14	0	-
2016	277.884115	278.079427	A4	45	80	0	0	110278	P1-77-4	0	-
2017	278.317708	279.158854	G#5	45	80	0	0	110398	P1-77-6	0	-
2018	278.341146	279.089844	E#4	29	80	0	0	110398	P1-77-16	0	-
2019	278.355469	278.739583	G#4	33	80	0	0	110398	P1-77-5	0	-
2020	278.359375	278.729167	E#3	29	80	0	0	110398	P1-77-15	0	-
2021	279.102865	279.789062	G5	55	80	0	0	110638	P1-77-8	0	-
2022	279.130208	279.938802	E4	31	80	0	0	110638	P1-77-18	0	-
2023	279.134115	279.739583	E3	32	80	0	0	110638	P1-77-17	0	-
2024	279.143229	279.628906	G4	35	80	0	0	110638	P1-77-7	0	-
2025	280.213542	282.069010	G5	61	80	0	0	110878	P1-78-2	0	-
2026	280.255208	281.259115	G4	33	80	0	0	110878	P1-78-1	0	-
2027	280.286458	281.569010	Eb4	27	80	0	0	110878	P1-78-14	0	-
2028	280.290365	281.529948	Eb3	27	80	0	0	110878	P1-78-13	0	-
2029	281.976562	282.789062	Ab5	75	80	0	0	111598	P1-78-4	0	-
2030	282.020833	282.399740	Ab4	41	80	0	0	111598	P1-78-3	0	-
2031	282.029948	282.559896	F4	36	80	0	0	111598	P1-78-16	0	-
2032	282.031250	282.459635	F3	38	80	0	0	111598	P1-78-15	0	-
2033	282.647135	283.218750	Bb5	80	80	0	0	111838	P1-78-6	0	-
2034	282.682292	282.919271	G4	48	80	0	0	111838	P1-78-18	0	-
2035	282.683594	282.959635	Bb4	60	80	0	0	111838	P1-78-5	0	-
2036	282.684896	283.128906	G3	45	80	0	0	111838	P1-78-17	0	-
2037	283.040365	283.519531	C6	83	80	0	0	111958	P1-78-8	0	-
2038	283.074219	283.309896	C5	61	80	0	0	111958	P1-78-7	0	-
2039	283.082031	283.459635	Ab3	55	80	0	0	111958	P1-78-19	0	-
2040	283.445312	283.968750	Db6	88	80	0	0	112078	P1-78-10	0	-
2041	283.455729	283.769531	Db5	76	80	0	0	112078	P1-78-9	0	-
2042	283.466146	283.729167	Bb4	66	80	0	0	112078	P1-78-22	0	-
2043	283.468750	284.029948	Bb3	59	80	0	0	112078	P1-78-21	0	-
2044	283.937500	284.759115	Eb6	86	80	0	0	112198	P1-78-12	0	-
2045	283.954427	284.429688	Eb5	65	80	0	0	112198	P1-78-11	0	-
2046	283.975260	284.598958	C4	49	80	0	0	112198	P1-78-23	0	-
2047	283.977865	284.309896	C5	50	80	0	0	112198	P1-78-24	0	-
2048	284.704427	286.269531	F6	72	80	0	0	112318	P1-79-1	0	-
2049	285.106771	285.809896	Db5	32	80	0	0	112438	P1-79-8	0	-
2050	285.402344	286.069010	Db4	36	80	0	0	112558	P1-79-9	0	-
2051	285.611979	286.069010	F5	50	80	0	0	112678	P1-79-2	0	-
2052	285.914062	287.149740	Eb6	69	80	0	0	112798	P1-79-3	0	-
2053	286.187500	286.779948	C5	42	80	0	0	112918	P1-79-11	0	-
2054	286.475260	287.188802	C4	37	80	0	0	113038	P1-79-12	0	-
2055	286.679688	287.299479	Eb5	57	80	0	0	113158	P1-79-4	0	-
2056	286.954427	288.468750	Db6	71	80	0	0	113278	P1-79-5	0	-
2057	287.231771	287.639323	Bb4	44	80	0	0	113398	P1-79-14	0	-
2058	287.533854	288.169271	Bb3	36	80	0	0	113518	P1-79-15	0	-
2059	287.735677	288.319010	D6	69	80	0	0	113638	P1-79-6	0	-
2060	288.170573	290.098958	Eb6	77	80	0	0	113758	P1-80-1	0	-
2061	288.175781	288.539062	Bb3	32	80	0	0	113758	*	3	-
2062	288.542969	289.259115	C5	45	80	0	0	113878	P1-80-10	0	-
2063	288.884115	289.109375	C4	29	80	0	0	113998	P1-80-11	0	-
2064	289.114583	289.839844	Eb5	51	80	0	0	114118	P1-80-2	0	-
2065	289.115885	289.789062	C4	26	80	0	0	114118	*	3	-
2066	289.434896	290.699219	Db6	67	80	0	0	114238	P1-80-3	0	-
2067	289.716146	290.359375	Bb4	41	80	0	0	114358	P1-80-13	0	-
2068	290.033854	291.029948	Bb3	34	80	0	0	114478	P1-80-14	0	-
2069	290.325521	290.729167	Db5	43	80	0	0	114598	P1-80-4	0	-
2070	290.636719	290.968750	C6	52	80	0	0	114718	P1-80-5	0	-
2071	290.644531	291.188802	Ab4	37	80	0	0	114718	P1-80-15	0	-
2072	290.966146	291.319010	Ab3	36	80	0	0	114838	P1-80-16	0	-
2073	290.973958	291.468750	C5	44	80	0	0	114838	P1-80-6	0	-
2074	291.282552	291.575521	Bb3	42	80	0	0	114958	P1-80-17	0	-
2075	291.294271	291.679688	Db5	65	80	0	0	114958	P1-80-7	0	-
2076	291.574219	292.059896	Eb5	67	80	0	0	115078	P1-80-8	0	-
2077	291.574219	291.899740	C4	45	80	0	0	115078	P1-80-18	0	-
2078	291.894531	292.227865	G5	67	80	0	0	115198	P1-81-1	0	-
2079	291.910156	292.221354	Eb4	49	80	0	0	115198	P1-81-13	0	-
2080	291.912760	292.019531	C4	40	80	0	0	115198	*	3	-
2081	292.209635	292.537760	E5	66	80	0	0	115318	P1-81-2	0	-
2082	292.223958	292.419271	C4	45	80	0	0	115318	P1-81-14	0	-
2083	292.523438	292.822917	F5	63	80	0	0	115438	P1-81-3	0	-
2084	292.533854	292.809896	Db4	40	80	0	0	115438	P1-81-15	0	-
2085	292.792969	293.339844	Db3	40	80	0	0	115558	P1-81-16	0	-
2086	292.795573	293.229167	F4	47	80	0	0	115558	P1-81-4	0	-
2087	293.100260	293.468750	F5	60	80	0	0	115678	P1-81-5	0	-
2088	293.117188	293.359375	Db4	40	80	0	0	115678	P1-81-17	0	-
2089	293.375000	293.664062	D5	64	80	0	0	115798	P1-81-6	0	-
2090	293.395833	293.654948	Cb4	39	80	0	0	115798	P1-81-18	0	-
2091	293.669271	294.059896	Eb5	64	80	0	0	115918	P1-81-7	0	-
2092	293.695312	294.009115	C4	43	80	0	0	115918	P1-81-19	0	-
2093	293.959635	294.829427	Eb4	54	80	0	0	116038	P1-81-8	0	-
2094	293.964844	294.035156	C3	45	80	0	0	116038	P1-81-20	0	-
2095	294.264323	294.565104	Eb5	63	80	0	0	116158	P1-81-9	0	-
2096	294.270833	294.529948	C4	38	80	0	0	116158	P1-81-21	0	-
2097	294.546875	294.843750	C5	54	80	0	0	116278	P1-81-10	0	-
2098	294.555990	294.805990	A3	39	80	0	0	116278	P1-81-22	0	-
2099	294.875000	295.639323	Db5	52	80	0	0	116398	P1-81-11	0	-
2100	294.882812	295.329427	Bb3	42	80	0	0	116398	P1-81-23	0	-
2101	295.194010	295.281250	Db4	43	80	0	0	116518	P1-81-12	0	-
2102	295.196615	295.281250	Bb2	45	80	0	0	116518	P1-81-24	0	-
2103	295.604167	295.993490	F5	64	80	0	0	116638	P1-82-5	0	-
2104	295.634115	295.955729	Db4	31	80	0	0	116638	P1-82-19	0	-
2105	295.949219	296.276042	D5	63	80	0	0	116758	P1-82-6	0	-
2106	295.954427	296.197917	Cb4	39	80	0	0	116758	P1-82-20	0	-
2107	296.266927	296.605469	Eb5	66	80	0	0	116878	P1-82-7	0	-
2108	296.283854	296.589844	C4	37	80	0	0	116878	P1-82-21	0	-
2109	296.544271	297.134115	Eb4	52	80	0	0	116998	P1-82-8	0	-
2110	296.545573	296.669271	C3	43	80	0	0	116998	P1-82-22	0	-
2111	296.833333	297.153646	Eb5	61	80	0	0	117118	P1-82-9	0	-
2112	296.889323	297.158854	C4	28	80	0	0	117118	P1-82-23	0	-
2113	297.132812	297.455729	C5	57	80	0	0	117238	P1-82-10	0	-
2114	297.164062	297.394531	A3	37	80	0	0	117238	P1-82-24	0	-
2115	297.174479	297.429688	C4	32	80	0	0	117238	*	3	-
2116	297.481771	298.009115	Bb3	35	80	0	0	117358	P1-82-25	0	-
2117	297.486979	298.169271	Db5	48	80	0	0	117358	P1-82-11	0	-
2118	297.837240	298.209635	Bb2	30	80	0	0	117478	P1-82-26	0	-
2119	297.843750	298.109375	Db4	35	80	0	0	117478	P1-82-12	0	-
2120	298.217448	298.713542	C5	63	80	0	0	117598	P1-82-3	0	-
2121	298.253906	298.628906	C3	35	80	0	0	117598	P1-82-27	0	-
2122	298.256510	298.829427	Ab3	34	80	0	0	117598	P1-82-28	0	-
2123	298.266927	298.819010	Eb4	35	80	0	0	117598	P1-82-13	0	-
2124	298.632812	299.039062	G3	42	80	0	0	117718	P1-82-30	0	-
2125	298.635417	299.033854	Bb4	71	80	0	0	117718	P1-82-15	0	-
2126	298.636719	298.899740	C3	39	80	0	0	117718	P1-82-29	1	-
2127	298.968750	299.312500	C5	74	80	0	0	117838	P1-82-4	0	-
2128	298.997396	299.259115	C3	42	80	0	0	117838	P1-82-31	0	-
2129	299.002604	299.369792	Ab3	43	80	0	0	117838	P1-82-32	0	-
2130	299.011719	299.429688	Eb4	45	80	0	0	117838	P1-82-16	0	-
2131	299.255208	299.750000	Bb4	74	80	0	0	117958	P1-82-18	0	-
2132	299.264323	299.609375	G3	49	80	0	0	117958	P1-82-34	0	-
2133	299.270833	299.479167	C3	46	80	0	0	117958	P1-82-33	1	-
2134	299.632812	301.329427	C5	70	80	0	0	118078	P1-83-2	0	-
2135	299.658854	301.319010	Ab3	48	80	0	0	118078	P1-83-14	0	-
2136	299.660156	301.369792	C3	49	80	0	0	118078	P1-83-13	0	-
2137	299.670573	300.750000	Eb4	46	80	0	0	118078	P1-83-1	0	-
2138	301.207031	302.500000	Bb4	70	80	0	0	118558	P1-83-4	0	-
2139	301.246094	302.500000	G3	46	80	0	0	118558	P1-83-16	0	-
2140	301.246094	302.500000	Db3	48	80	0	0	118558	P1-83-15	0	-
2141	301.252604	302.348958	Eb4	46	80	0	0	118558	P1-83-3	0	-
2142	302.847656	303.408854	Eb5	71	80	0	0	119038	P1-83-6	0	-
2143	302.850260	303.429688	Ab3	46	80	0	0	119038	P1-83-18	0	-
2144	302.888021	303.419271	Eb4	42	80	0	0	119038	P1-83-5	0	-
2145	302.894531	303.309896	C3	38	80	0	0	119038	P1-83-17	0	-
2146	303.272135	303.619792	D5	75	80	0	0	119158	P1-83-8	0	-
2147	303.285156	303.549479	Ab4	60	80	0	0	119158	P1-83-7	0	-
2148	303.286458	303.598958	F3	57	80	0	0	119158	P1-83-20	0	-
2149	303.287760	303.669271	Bb2	56	80	0	0	119158	P1-83-19	0	-
2150	303.589844	303.959635	Eb5	81	80	0	0	119278	P1-83-10	0	-
2151	303.595052	303.859375	C3	59	80	0	0	119278	P1-83-21	0	-
2152	303.596354	303.989583	Ab3	56	80	0	0	119278	P1-83-22	0	-
2153	303.597656	304.039062	Eb4	64	80	0	0	119278	P1-83-9	0	-
2154	303.875000	304.079427	F3	73	80	0	0	119398	P1-83-24	0	-
2155	303.875000	304.309896	D5	79	80	0	0	119398	P1-83-12	0	-
2156	303.878906	304.289062	Bb2	73	80	0	0	119398	P1-83-23	0	-
2157	303.884115	304.188802	Ab4	72	80	0	0	119398	P1-83-11	0	-
2158	304.381510	305.968750	Eb5	85	80	0	0	119518	P1-84-8	0	-
2159	304.386719	306.049479	Ab3	67	80	0	0	119518	P1-84-18	0	-
2160	304.388021	305.759115	Ab4	71	80	0	0	119518	P1-84-7	0	-
2161	304.389323	306.000000	Eb4	68	80	0	0	119518	P1-84-6	0	-
2162	304.390625	305.919271	Eb3	67	80	0	0	119518	P1-84-17	0	-
2163	304.393229	305.829427	C3	71	80	0	0	119518	P1-84-16	0	-
2164	306.092448	306.250000	Bb2	34	80	0	0	119998	*	3	-
2165	306.209635	306.266927	C3	33	80	0	0	119998	*	3	-
2166	306.303385	306.399740	Bb2	37	80	0	0	119998	P1-84-42	0	-
2167	306.381510	306.628906	D4	48	80	0	0	119998	P1-84-9	0	-
2168	306.408854	306.609375	C3	41	80	0	0	120028	P1-84-20	0	-
2169	306.490885	306.649740	Bb2	43	80	0	0	120058	*	3	-
2170	306.555990	306.718750	Ab4	57	80	0	0	120058	P1-84-10	0	-
2171	306.654948	306.725260	Bb2	43	80	0	0	120058	P1-84-43	0	-
2172	306.777344	306.845052	C3	48	80	0	0	120088	P1-84-21	0	-
2173	306.835938	308.729167	F5	74	80	0	0	120118	P1-84-3	0	-
2174	306.854167	306.968750	Bb2	38	80	0	0	120118	P1-84-44	0	-
2175	306.955729	307.009115	C3	38	80	0	0	120148	P1-84-23	0	-
2176	307.036458	307.119792	Bb2	43	80	0	0	120178	P1-84-45	0	-
2177	307.145833	307.250000	C3	38	80	0	0	120208	P1-84-24	0	-
2178	307.225260	307.296875	Bb2	45	80	0	0	120238	P1-84-46	0	-
2179	307.394531	307.500000	C3	43	80	0	0	120268	P1-84-26	0	-
2180	307.394531	307.509115	Bb2	42	80	0	0	120298	*	3	-
2181	307.609375	307.709635	Bb2	37	80	0	0	120298	P1-84-59	0	-
2182	307.675781	307.779948	C3	50	80	0	0	120318	P1-84-28	0	-
2183	307.824219	307.908854	Bb2	34	80	0	0	120418	P1-84-48	0	-
2184	307.885417	307.964844	C3	41	80	0	0	120478	P1-84-49	1	-
2185	308.015625	308.102865	Bb2	44	80	0	0	120508	P1-84-31	0	-
2186	308.135417	308.350260	Ab2	56	80	0	0	120538	P1-84-50	0	-
2187	308.352865	308.457031	Bb2	42	80	0	0	120568	P1-84-32	0	-
2188	308.505208	308.570312	Ab2	43	80	0	0	120598	P1-84-51	0	-
2189	308.595052	308.718750	Bb2	44	80	0	0	120628	P1-84-34	0	-
2190	308.694010	308.736979	Ab2	47	80	0	0	120658	P1-84-52	0	-
2191	308.753906	308.878906	D4	50	80	0	0	120718	P1-84-13	0	-
2192	308.811198	308.947917	Bb2	56	80	0	0	120748	P1-84-37	0	-
2193	308.858073	309.500000	Bb4	59	80	0	0	120778	P1-84-14	0	-
2194	308.903646	308.989583	Ab2	47	80	0	0	120778	P1-84-62	0	-
2195	308.984375	309.075521	Bb2	52	80	0	0	120798	P1-84-39	0	-
2196	309.003906	309.968750	F5	67	80	0	0	120838	P1-84-15	0	-
2197	309.092448	309.339844	Ab2	52	80	0	0	120898	P1-84-55	0	-
2198	309.226562	309.309896	Bb2	54	80	0	0	120958	P1-85-52	1	-
2199	309.367188	309.569010	Bb2	63	80	0	0	120988	P1-85-20	1	-
2200	309.459635	309.468750	Ab2	34	80	0	0	121048	P1-85-21	0	-
2201	309.572917	309.703125	G2	57	80	0	0	121078	P1-85-54	0	-
2202	309.721354	309.800781	Ab2	47	80	0	0	121108	P1-85-23	0	-
2203	309.837240	310.029948	G2	41	80	0	0	121138	P1-85-55	0	-
2204	309.941406	310.007812	Ab2	44	80	0	0	121168	P1-85-24	0	-
2205	309.941406	310.059896	Eb4	51	80	0	0	121198	P1-85-7	0	-
2206	310.010417	310.908854	Bb4	71	80	0	0	121258	P1-85-8	0	-
2207	310.035156	310.199219	G2	46	80	0	0	121258	P1-85-75	0	-
2208	310.141927	310.250000	Ab2	55	80	0	0	121278	P1-85-28	0	-
2209	310.153646	311.098958	G5	86	80	0	0	121318	P1-85-9	0	-
2210	310.204427	310.429688	G2	48	80	0	0	121378	P1-85-58	0	-
2211	310.330729	310.500000	G#2	48	80	0	0	121438	P1-85-59	1	-
2212	310.434896	310.559896	G2	42	80	0	0	121468	P1-85-31	0	-
2213	310.505208	310.571615	G#2	51	80	0	0	121498	P1-85-60	1	-
2214	310.574219	310.694010	G2	53	80	0	0	121528	P1-85-32	0	-
2215	310.687500	310.813802	F2	68	80	0	0	121558	P1-85-61	0	-
2216	310.822917	310.936198	G2	62	80	0	0	121588	P1-85-34	0	-
2217	310.955729	311.109375	F2	55	80	0	0	121618	P1-85-62	0	-
2218	310.955729	310.968750	G#2	54	80	0	0	121648	*	3	-
2219	311.041667	311.119792	G2	52	80	0	0	121648	P1-85-35	0	-
2220	311.114583	311.359375	F4	61	80	0	0	121678	P1-85-12	0	-
2221	311.123698	311.289062	F2	64	80	0	0	121678	P1-85-63	0	-
2222	311.210938	312.098958	Bb4	71	80	0	0	121738	P1-85-13	0	-
2223	311.238281	311.319010	G2	54	80	0	0	121758	P1-85-39	0	-
2224	311.295573	311.489583	F2	70	80	0	0	121798	P1-85-64	1	-
2225	311.335938	312.259115	Ab5	93	80	0	0	121798	P1-85-14	0	-
2226	311.424479	311.519531	G2	58	80	0	0	121858	P1-85-65	1	-
2227	311.496094	311.679688	F2	63	80	0	0	121948	P1-85-42	0	-
2228	311.608073	311.699219	G2	56	80	0	0	121978	P1-85-67	1	-
2229	311.692708	311.833333	F2	69	80	0	0	122008	P1-85-43	0	-
2230	311.821615	311.970052	Eb2	79	80	0	0	122038	P1-85-68	0	-
2231	311.975260	312.158854	F2	67	80	0	0	122068	P1-85-45	0	-
2232	312.054688	312.199219	Eb2	66	80	0	0	122098	P1-85-69	0	-
2233	312.134115	312.289062	G4	71	80	0	0	122158	P1-85-17	0	-
2234	312.170573	312.268229	F2	65	80	0	0	122188	P1-85-48	0	-
2235	312.226562	312.539062	Bb4	84	80	0	0	122218	P1-85-18	0	-
2236	312.266927	312.384115	Eb2	74	80	0	0	122218	P1-85-81	0	-
2237	312.394531	312.475260	F2	67	80	0	0	122238	P1-85-50	0	-
2238	312.485677	312.669271	Eb2	68	80	0	0	122238	*	3	-
2239	312.585938	313.299479	Bb5	100	80	0	0	122278	P1-85-5	0	-
2240	312.600260	312.769531	F2	73	80	0	0	122338	P1-85-72	1	-
2241	312.677083	312.959635	Eb2	65	80	0	0	122428	P1-86-10	0	-
2242	312.776042	312.929688	F2	78	80	0	0	122488	P1-86-11	1	-
2243	312.915365	313.209635	Db2	93	80	0	0	122518	P1-86-42	0	-
2244	313.126302	313.329427	Eb2	77	80	0	0	122548	P1-86-13	0	-
2245	313.216146	313.408854	Db2	73	80	0	0	122578	P1-86-43	0	-
2246	313.342448	313.414062	Eb2	79	80	0	0	122608	P1-86-14	0	-
2247	313.385417	313.919271	C6	100	80	0	0	122638	P1-86-5	0	-
2248	313.424479	313.609375	Db2	78	80	0	0	122698	P1-86-45	0	-
2249	313.544271	313.709635	Eb2	77	80	0	0	122728	P1-86-17	0	-
2250	313.621094	313.739583	Db2	74	80	0	0	122758	P1-86-46	0	-
2251	313.714844	313.829427	Eb2	69	80	0	0	122788	P1-86-19	0	-
2252	313.820312	313.959635	Db2	76	80	0	0	122818	P1-86-47	0	-
2253	313.934896	314.149740	Eb2	74	80	0	0	122848	P1-86-20	0	-
2254	314.042969	314.250000	Db2	74	80	0	0	122878	P1-86-48	0	-
2255	314.042969	314.878906	Db6	106	80	0	0	122878	P1-86-6	0	-
2256	314.154948	314.250000	Eb2	66	80	0	0	122908	P1-86-22	0	-
2257	314.256510	314.408854	Db2	69	80	0	0	122938	P1-86-49	0	-
2258	314.421875	314.628906	Db2	57	80	0	0	122998	P1-86-50	0	-
2259	314.546875	314.669271	Eb2	66	80	0	0	123028	P1-86-25	0	-
2260	314.636719	314.829427	Db2	61	80	0	0	123058	P1-86-51	0	-
2261	314.654948	315.509115	D6	105	80	0	0	123118	P1-86-7	0	-
2262	314.746094	314.869792	Eb2	65	80	0	0	123148	P1-86-28	0	-
2263	314.843750	315.009115	Db2	69	80	0	0	123178	P1-86-53	0	-
2264	314.936198	315.009115	Eb2	63	80	0	0	123208	P1-86-29	0	-
2265	315.019531	315.188802	Db2	58	80	0	0	123238	P1-86-54	0	-
2266	315.105469	315.119792	Eb2	50	80	0	0	123268	P1-86-31	0	-
2267	315.195312	315.296875	Db2	59	80	0	0	123298	P1-86-55	0	-
2268	315.308594	315.429688	Eb2	66	80	0	0	123328	P1-86-32	0	-
2269	315.397135	315.489583	Db2	63	80	0	0	123358	P1-86-33	0	-
2270	315.458333	319.549479	Eb6	106	80	0	0	123358	P1-86-8	0	-
2271	315.494792	315.609375	Db2	56	80	0	0	123358	*	3	-
2272	315.614583	315.769531	Db2	64	80	0	0	123358	*	3	-
2273	315.776042	316.139323	Db2	70	80	0	0	123358	*	3	-
2274	315.858073	315.869792	C2	59	80	0	0	123478	P1-86-34	0	-
2275	316.145833	316.500000	Db2	89	80	0	0	123538	*	3	-
2276	316.511719	316.720052	Db2	88	80	0	0	123538	P1-86-35	0	-
2277	316.665365	316.968750	Eb2	82	80	0	0	123598	P1-86-36	0	-
2278	316.851562	317.149740	Db2	83	80	0	0	123658	P1-86-37	0	-
2279	317.140625	317.257812	Bb1	82	80	0	0	123778	P1-86-39	0	-
2280	317.346354	317.750000	Ab1	88	80	0	0	123838	P1-87-11	0	-
2281	317.880208	317.889323	C2	74	80	0	0	123958	*	3	-
2282	317.880208	318.134115	Ab2	75	80	0	0	123958	P1-87-12	0	-
2283	317.881510	318.127604	G#1	73	80	0	0	123958	*	3	-
2284	317.882812	318.126302	C3	70	80	0	0	123958	P1-87-13	0	-
2285	318.270833	318.485677	Ab2	74	80	0	0	124078	P1-87-14	0	-
2286	318.270833	318.475260	C3	80	80	0	0	124078	P1-87-15	0	-
2287	318.273438	318.479167	G#1	69	80	0	0	124078	*	3	-
2288	318.274740	318.529948	C4	71	80	0	0	124078	P1-87-3	0	-
2289	318.614583	318.783854	G2	66	80	0	0	124198	P1-87-16	0	-
2290	318.617188	318.628906	C2	63	80	0	0	124198	*	3	-
2291	318.622396	318.628906	G#1	62	80	0	0	124198	*	3	-
2292	318.623698	318.799479	C3	63	80	0	0	124198	P1-87-18	0	-
2293	318.623698	318.782552	Ab2	66	80	0	0	124198	P1-87-17	0	-
2294	318.917969	319.128906	G2	68	80	0	0	124318	P1-87-19	0	-
2295	318.919271	319.119792	C3	67	80	0	0	124318	P1-87-21	0	-
2296	318.920573	318.929688	C2	63	80	0	0	124318	*	3	-
2297	318.923177	319.102865	Ab2	70	80	0	0	124318	P1-87-20	0	-
2298	318.924479	318.929688	G#1	63	80	0	0	124318	*	3	-
2299	319.213542	319.342448	F2	69	80	0	0	124438	P1-87-22	0	-
2300	319.213542	319.389323	C3	66	80	0	0	124438	P1-87-24	0	-
2301	319.216146	319.342448	Ab2	64	80	0	0	124438	P1-87-23	0	-
2302	319.463542	319.949219	F2	65	80	0	0	124558	P1-87-25	0	-
2303	319.472656	319.639323	Ab2	58	80	0	0	124558	P1-87-26	0	-
2304	319.473958	320.209635	C3	66	80	0	0	124558	P1-87-27	0	-
2305	319.716146	320.529948	C4	88	80	0	0	124678	P1-87-6	0	-
2306	319.750000	320.098958	Ab2	58	80	0	0	124678	P1-87-29	0	-
2307	319.765625	320.199219	Eb2	62	80	0	0	124678	P1-87-28	0	-
2308	320.092448	320.519531	Db4	92	80	0	0	124798	P1-87-7	0	-
2309	320.105469	320.539062	C#2	54	80	0	0	124798	P1-87-31	1	-
2310	320.111979	320.378906	Ab2	55	80	0	0	124798	P1-87-32	0	-
2311	320.384115	320.899740	Eb4	96	80	0	0	124918	P1-87-8	0	-
2312	320.389323	320.539062	C2	55	80	0	0	124918	P1-87-34	1	-
2313	320.389323	320.609375	Ab2	59	80	0	0	124918	P1-87-35	0	-
2314	320.416667	320.579427	C3	51	80	0	0	124918	P1-87-36	0	-
2315	320.654948	321.029948	F4	82	80	0	0	125038	P1-87-9	0	-
2316	320.656250	321.098958	C2	64	80	0	0	125038	P1-87-37	0	-
2317	320.660156	321.229167	Ab2	59	80	0	0	125038	P1-87-38	0	-
2318	320.662760	321.069010	C3	63	80	0	0	125038	P1-87-39	0	-
2319	320.919271	321.339844	G4	102	80	0	0	125158	P1-87-10	0	-
2320	321.174479	321.289062	C2	60	80	0	0	125278	*	3	-
2321	321.292969	321.619792	C3	74	80	0	0	125278	*	3	-
2322	321.295573	321.627604	C2	72	80	0	0	125278	P1-88-10	0	-
2323	321.302083	322.639323	Ab4	98	80	0	0	125278	P1-88-1	0	-
2324	321.774740	322.022135	Ab2	87	80	0	0	125398	P1-88-11	0	-
2325	321.781250	322.019531	C3	87	80	0	0	125398	P1-88-12	0	-
2326	321.782552	321.996094	C2	79	80	0	0	125398	*	3	-
2327	322.145833	322.359375	Ab2	86	80	0	0	125518	P1-88-13	0	-
2328	322.147135	322.289062	C3	88	80	0	0	125518	P1-88-14	0	-
2329	322.148438	323.009115	Eb4	90	80	0	0	125518	P1-88-2	0	-
2330	322.149740	322.279948	C2	79	80	0	0	125518	*	3	-
2331	322.457031	322.636719	G2	78	80	0	0	125638	P1-88-15	0	-
2332	322.462240	322.645833	Ab2	76	80	0	0	125638	P1-88-16	0	-
2333	322.464844	322.688802	C2	70	80	0	0	125638	*	3	-
2334	322.464844	322.641927	C3	72	80	0	0	125638	P1-88-17	0	-
2335	322.736979	322.949219	C3	76	80	0	0	125758	P1-88-20	0	-
2336	322.736979	323.169271	G2	79	80	0	0	125758	P1-88-18	0	-
2337	322.738281	322.938802	Ab2	75	80	0	0	125758	P1-88-19	0	-
2338	322.993490	323.229167	F2	76	80	0	0	125878	P1-88-21	0	-
2339	322.997396	323.239583	Ab2	68	80	0	0	125878	P1-88-22	0	-
2340	322.997396	323.188802	C3	70	80	0	0	125878	P1-88-23	0	-
2341	323.243490	323.699219	F2	83	80	0	0	125998	P1-88-24	0	-
2342	323.246094	323.429688	Ab2	75	80	0	0	125998	P1-88-25	0	-
2343	323.247396	323.329427	C3	78	80	0	0	125998	P1-88-26	0	-
2344	323.473958	323.878906	G4	94	80	0	0	126118	P1-88-5	0	-
2345	323.476562	323.718750	C3	75	80	0	0	126118	P1-88-29	0	-
2346	323.476562	323.669271	Ab2	80	80	0	0	126118	P1-88-28	0	-
2347	323.477865	323.539062	C2	76	80	0	0	126118	*	3	-
2348	323.481771	323.779948	Eb2	74	80	0	0	126118	P1-88-27	0	-
2349	323.783854	324.239583	Ab4	94	80	0	0	126238	P1-88-6	0	-
2350	323.786458	323.908854	C2	76	80	0	0	126238	*	3	-
2351	323.786458	323.968750	C3	72	80	0	0	126238	P1-88-32	0	-
2352	323.787760	324.769531	Eb2	71	80	0	0	126238	P1-88-30	0	-
2353	323.789062	323.959635	Ab2	74	80	0	0	126238	P1-88-31	0	-
2354	324.041667	324.799479	Db2	88	80	0	0	126358	P1-88-33	0	-
2355	324.042969	324.259115	Ab2	79	80	0	0	126358	P1-88-34	0	-
2356	324.045573	324.359375	Bb4	89	80	0	0	126358	P1-88-7	0	-
2357	324.045573	324.239583	C2	85	80	0	0	126358	*	3	-
2358	324.048177	324.229167	C3	80	80	0	0	126358	P1-88-35	0	-
2359	324.320312	324.621094	C5	88	80	0	0	126478	P1-88-8	0	-
2360	324.324219	324.598958	C2	79	80	0	0	126478	P1-88-36	0	-
2361	324.325521	324.589844	Ab2	73	80	0	0	126478	P1-88-37	0	-
2362	324.580729	324.769531	Db5	91	80	0	0	126598	P1-88-9	0	-
2363	324.596354	324.819010	Ab2	75	80	0	0	126598	P1-88-40	0	-
2364	324.597656	324.609375	C3	72	80	0	0	126598	P1-88-41	0	-
2365	324.605469	324.819010	C2	73	80	0	0	126598	P1-88-39	0	-
2366	324.825521	325.369792	C2	78	80	0	0	126598	*	3	-
2367	324.828125	325.289062	Ab2	68	80	0	0	126598	*	3	-
2368	324.997396	326.949219	Eb5	107	80	0	0	126718	P1-89-1	0	-
2369	325.445312	325.679688	C3	87	80	0	0	126838	P1-89-12	0	-
2370	325.446615	325.654948	Ab2	82	80	0	0	126838	P1-89-11	0	-
2371	325.449219	325.718750	C2	81	80	0	0	126838	*	3	-
2372	325.772135	325.979167	C3	79	80	0	0	126958	P1-89-14	0	-
2373	325.773438	326.059896	Ab2	84	80	0	0	126958	P1-89-13	0	-
2374	325.774740	325.989583	C2	80	80	0	0	126958	*	3	-
2375	326.074219	326.269531	Ab2	77	80	0	0	127078	P1-89-16	0	-
2376	326.075521	326.221354	G2	80	80	0	0	127078	P1-89-15	0	-
2377	326.075521	326.204427	C3	83	80	0	0	127078	P1-89-17	0	-
2378	326.355469	326.500000	Ab2	74	80	0	0	127198	P1-89-19	0	-
2379	326.355469	326.709635	G2	77	80	0	0	127198	P1-89-18	0	-
2380	326.356771	326.549479	C3	76	80	0	0	127198	P1-89-20	0	-
2381	326.626302	326.789062	C3	70	80	0	0	127318	P1-89-23	0	-
2382	326.627604	326.889323	F2	74	80	0	0	127318	P1-89-21	0	-
2383	326.632812	326.789062	Ab2	65	80	0	0	127318	P1-89-22	0	-
2384	326.885417	327.089844	C3	66	80	0	0	127438	P1-89-26	0	-
2385	326.893229	327.139323	Ab2	68	80	0	0	127438	P1-89-25	0	-
2386	326.894531	327.039062	F2	65	80	0	0	127438	P1-89-24	0	-
2387	327.145833	327.639323	Ab5	99	80	0	0	127558	P1-89-5	0	-
2388	327.148438	327.348958	C3	76	80	0	0	127558	P1-89-29	0	-
2389	327.151042	327.459635	Ab2	79	80	0	0	127558	P1-89-28	0	-
2390	327.154948	327.459635	Eb2	76	80	0	0	127558	P1-89-27	0	-
2391	327.466146	327.669271	C3	75	80	0	0	127678	P1-89-32	0	-
2392	327.467448	327.729167	Ab2	69	80	0	0	127678	P1-89-31	0	-
2393	327.472656	327.779948	Eb2	77	80	0	0	127678	P1-89-30	0	-
2394	327.475260	327.859375	Bb5	100	80	0	0	127678	P1-89-6	0	-
2395	327.776042	328.209635	C6	91	80	0	0	127798	P1-89-7	0	-
2396	327.779948	328.069010	C3	64	80	0	0	127798	P1-89-35	0	-
2397	327.781250	328.059896	Ab2	69	80	0	0	127798	P1-89-34	0	-
2398	327.785156	328.399740	Eb2	68	80	0	0	127798	P1-89-33	1	-
2399	328.065104	328.539062	Db6	91	80	0	0	127918	P1-89-8	0	-
2400	328.065104	328.449219	Ab2	74	80	0	0	127918	P1-89-37	0	-
2401	328.070312	328.429688	C#2	73	80	0	0	127918	P1-89-36	1	-
2402	328.451823	329.289062	Eb6	96	80	0	0	128038	P1-89-9	0	-
2403	328.454427	328.799479	C2	69	80	0	0	128038	P1-89-39	0	-
2404	328.457031	328.938802	Ab2	64	80	0	0	128038	P1-89-40	0	-
2405	328.992188	330.329427	Ab2	74	80	0	0	128158	P1-90-11	0	-
2406	328.993490	330.639323	Db2	75	80	0	0	128158	P1-90-10	0	-
2407	328.993490	330.378906	F6	98	80	0	0	128158	P1-90-1	0	-
2408	328.996094	330.059896	Bb2	71	80	0	0	128158	P1-90-12	0	-
2409	331.643229	332.179688	Bb4	63	80	0	0	128998	P1-90-5	0	-
2410	331.666667	332.019531	F4	43	80	0	0	128998	P1-90-4	0	-
2411	331.666667	331.805990	D3	37	80	0	0	128998	P1-90-15	0	-
2412	331.671875	331.929688	Ab3	36	80	0	0	128998	P1-90-16	0	-
2413	331.683594	331.809896	Bb3	35	80	0	0	128998	*	3	-
2414	332.057292	332.789062	Eb5	59	80	0	0	129118	P1-90-7	0	-
2415	332.095052	332.869792	G3	29	80	0	0	129118	P1-90-18	0	-
2416	332.098958	332.908854	G4	37	80	0	0	129118	P1-90-6	0	-
2417	332.106771	332.739583	Eb3	27	80	0	0	129118	P1-90-17	0	-
2418	333.187500	333.649740	Eb5	59	80	0	0	129478	P1-90-9	0	-
2419	333.203125	333.589844	G4	47	80	0	0	129478	P1-90-8	0	-
2420	333.233073	333.609375	Eb3	34	80	0	0	129478	P1-90-19	0	-
2421	333.235677	333.649740	Bb3	33	80	0	0	129478	P1-90-20	0	-
2422	333.587240	334.908854	D5	74	80	0	0	129598	P1-91-2	0	-
2423	333.614583	334.878906	Ab3	42	80	0	0	129598	P1-91-11	0	-
2424	333.614583	334.839844	Cb5	55	80	0	0	129598	P1-91-1	0	-
2425	333.615885	334.959635	F3	38	80	0	0	129598	P1-91-10	0	-
2426	334.833333	335.669271	Db5	56	80	0	0	130078	P1-91-4	0	-
2427	334.833333	335.759115	E4	48	80	0	0	130078	P1-91-3	0	-
2428	334.846354	335.459635	Bb4	48	80	0	0	130078	*	3	-
2429	334.855469	335.628906	Bb3	38	80	0	0	130078	P1-91-13	0	-
2430	334.868490	335.649740	G3	32	80	0	0	130078	P1-91-12	0	-
2431	336.350260	336.519531	C5	42	80	0	0	130558	P1-91-6	0	-
2432	336.359375	336.688802	Eb4	35	80	0	0	130558	P1-91-5	0	-
2433	336.378906	336.514323	Ab3	25	80	0	0	130558	P1-91-14	0	-
2434	336.380208	336.496094	C4	29	80	0	0	130558	P1-91-15	0	-
2435	336.884115	337.459635	Ab3	35	80	0	0	130678	P1-91-16	0	-
2436	336.886719	337.869792	Ab6	54	80	0	0	130678	P1-91-7	0	-
2437	336.890625	337.158854	C4	35	80	0	0	130678	P1-91-17	0	-
2438	337.212240	337.558594	G6	75	80	0	0	130798	P1-91-8	0	-
2439	337.220052	337.589844	Db4	55	80	0	0	130798	P1-91-19	0	-
2440	337.223958	337.559896	Bb3	54	80	0	0	130798	P1-91-18	0	-
2441	337.523438	337.944010	Gb6	79	80	0	0	130918	P1-91-9	0	-
2442	337.529948	337.908854	Eb4	67	80	0	0	130918	P1-91-21	0	-
2443	337.532552	337.929688	C4	51	80	0	0	130918	P1-91-20	0	-
2444	337.915365	338.329427	F6	68	80	0	0	131038	P1-92-1	0	-
2445	337.925781	339.109375	F4	55	80	0	0	131038	P1-92-22	0	-
2446	337.933594	339.119792	Db4	55	80	0	0	131038	P1-92-21	0	-
2447	338.126302	338.479167	Eb6	68	80	0	0	131098	P1-92-2	0	-
2448	338.300781	338.458333	Db6	71	80	0	0	131158	P1-92-3	0	-
2449	338.453125	338.592448	C6	71	80	0	0	131218	P1-92-4	0	-
2450	338.615885	338.789062	Cb6	71	80	0	0	131278	P1-92-5	0	-
2451	338.753906	338.873698	Bb5	73	80	0	0	131338	P1-92-6	0	-
2452	338.869792	339.044271	A5	76	80	0	0	131398	P1-92-7	0	-
2453	339.011719	339.259115	Ab5	81	80	0	0	131458	P1-92-8	0	-
2454	339.166667	339.295573	G5	79	80	0	0	131518	P1-92-9	0	-
2455	339.287760	339.464844	Gb5	76	80	0	0	131578	P1-92-10	0	-
2456	339.438802	339.593750	F5	70	80	0	0	131638	P1-92-11	0	-
2457	339.592448	339.766927	E5	72	80	0	0	131698	P1-92-12	0	-
2458	339.782552	340.026042	Eb5	70	80	0	0	131758	P1-92-13	0	-
2459	339.803385	340.789062	F3	37	80	0	0	131758	P1-92-25	0	-
2460	339.804688	340.079427	Ab3	35	80	0	0	131758	P1-92-26	0	-
2461	339.809896	339.976562	Db3	39	80	0	0	131758	P1-92-24	0	-
2462	340.005208	340.218750	Db5	52	80	0	0	131818	P1-92-14	0	-
2463	340.188802	340.759115	Ab3	37	80	0	0	131878	P1-92-29	0	-
2464	340.190104	340.468750	D3	40	80	0	0	131878	P1-92-27	1	-
2465	340.243490	340.427083	C5	40	80	0	0	131878	P1-92-15	0	-
2466	340.464844	340.809896	Bb4	45	80	0	0	131938	P1-92-16	0	-
2467	340.804688	341.429688	Eb5	43	80	0	0	131998	P1-92-18	0	-
2468	340.815104	341.348958	G3	30	80	0	0	131998	P1-92-31	0	-
2469	340.817708	341.449219	Bb4	38	80	0	0	131998	P1-92-17	0	-
2470	340.825521	341.339844	Eb3	30	80	0	0	131998	P1-92-30	0	-
2471	342.102865	342.399740	Eb5	64	80	0	0	132358	P1-92-20	0	-
2472	342.108073	342.468750	G4	51	80	0	0	132358	P1-92-19	0	-
2473	342.152344	342.378906	Eb3	33	80	0	0	132358	P1-92-32	0	-
2474	342.161458	342.419271	Bb3	31	80	0	0	132358	P1-92-33	0	-
2475	342.596354	343.423177	Eb5	69	80	0	0	132478	P1-93-1	0	-
2476	342.664062	345.509115	Ab4	37	80	0	0	132478	P1-93-4	0	-
2477	342.671875	344.109375	Ab3	35	80	0	0	132478	P1-93-24	0	-
2478	342.674479	343.408854	C4	30	80	0	0	132478	P1-93-21	0	-
2479	343.317708	343.773438	F5	60	80	0	0	132718	P1-93-6	0	-
2480	343.390625	343.829427	Db4	26	80	0	0	132718	P1-93-26	0	-
2481	343.707031	344.579427	Eb5	69	80	0	0	132838	P1-93-8	0	-
2482	343.772135	345.359375	C4	36	80	0	0	132838	P1-93-28	0	-
2483	344.039062	344.589844	Db5	68	80	0	0	132958	P1-93-10	0	-
2484	344.069010	344.529948	Bb3	38	80	0	0	132958	P1-93-30	0	-
2485	344.337240	344.759115	C5	61	80	0	0	133078	P1-93-12	0	-
2486	344.343750	344.779948	Ab3	40	80	0	0	133078	P1-93-31	0	-
2487	344.649740	345.259115	G3	38	80	0	0	133198	P1-93-32	0	-
2488	344.665365	345.218750	Bb4	61	80	0	0	133198	P1-93-14	0	-
2489	344.955729	345.500000	C5	65	80	0	0	133318	P1-93-16	0	-
2490	345.006510	345.500000	Ab3	34	80	0	0	133318	P1-93-33	0	-
2491	345.393229	346.949219	Db5	58	80	0	0	133438	P1-93-3	0	-
2492	345.406250	346.938802	Eb3	31	80	0	0	133438	P1-93-34	0	-
2493	345.407552	346.569010	Bb3	32	80	0	0	133438	P1-93-35	0	-
2494	345.851562	346.429688	F4	36	80	0	0	133558	P1-93-18	0	-
2495	346.145833	346.529948	Ab4	33	80	0	0	133678	P1-93-19	0	-
2496	346.462240	346.949219	G4	37	80	0	0	133798	P1-93-20	0	-
2497	346.885417	347.669271	C5	49	80	0	0	133918	P1-94-5	0	-
2498	346.897135	347.378906	Ab4	37	80	0	0	133918	P1-94-4	0	-
2499	346.907552	348.479167	Ab2	32	80	0	0	133918	P1-94-23	0	-
2500	346.910156	347.299479	Ab3	32	80	0	0	133918	P1-94-20	0	-
2501	347.382812	347.829427	Eb4	40	80	0	0	134038	P1-94-6	0	-
2502	347.393229	347.809896	C3	37	80	0	0	134038	P1-94-25	0	-
2503	347.738281	348.359375	F4	57	80	0	0	134158	P1-94-7	0	-
2504	347.743490	348.128906	Db3	39	80	0	0	134158	P1-94-27	0	-
2505	348.028646	348.489583	C3	40	80	0	0	134278	P1-94-29	0	-
2506	348.044271	348.250000	C4	38	80	0	0	134278	*	3	-
2507	348.063802	348.688802	Eb4	57	80	0	0	134278	P1-94-8	0	-
2508	348.371094	348.695312	Db4	60	80	0	0	134398	P1-94-9	0	-
2509	348.380208	348.688802	Bb2	41	80	0	0	134398	P1-94-31	0	-
2510	348.656250	349.119792	Ab2	46	80	0	0	134518	P1-94-32	0	-
2511	348.661458	349.013021	C4	54	80	0	0	134518	P1-94-10	0	-
2512	348.964844	349.039062	G2	43	80	0	0	134638	P1-94-33	0	-
2513	348.968750	349.295573	Bb3	62	80	0	0	134638	P1-94-11	0	-
2514	349.223958	349.658854	Ab2	42	80	0	0	134758	P1-94-34	0	-
2515	349.281250	349.664062	C4	66	80	0	0	134758	P1-94-12	0	-
2516	349.662760	350.750000	Db4	58	80	0	0	134878	P1-94-13	0	-
2517	349.677083	350.789062	Bb2	36	80	0	0	134878	P1-94-36	0	-
2518	349.683594	351.179688	Eb2	35	80	0	0	134878	P1-94-35	0	-
2519	350.046875	350.559896	F4	55	80	0	0	134998	P1-94-15	0	-
2520	350.358073	350.705729	Ab4	55	80	0	0	135118	P1-94-17	0	-
2521	350.661458	351.063802	G4	61	80	0	0	135238	P1-94-19	0	-
2522	351.035156	351.479167	Bb4	59	80	0	0	135358	P1-95-1	0	-
2523	351.039062	355.259115	Ab1	43	80	0	0	135358	P1-95-13	0	-
2524	351.044271	354.929688	Ab2	43	80	0	0	135358	P1-95-14	0	-
2525	351.045573	351.779948	C4	46	80	0	0	135358	*	3	-
2526	351.430990	351.989583	G4	54	80	0	0	135478	P1-95-2	0	-
2527	351.744792	352.119792	Bb4	58	80	0	0	135598	P1-95-3	0	-
2528	352.024740	352.429688	Ab4	55	80	0	0	135718	P1-95-4	0	-
2529	352.343750	352.348958	Db5	53	80	0	0	135838	P1-95-5	0	-
2530	352.354167	355.098958	Eb2	49	80	0	0	135838	P1-95-17	0	-
2531	352.361979	355.049479	C2	49	80	0	0	135838	P1-95-16	0	-
2532	352.692708	353.020833	Cb5	53	80	0	0	135958	P1-95-6	0	-
2533	352.975260	353.250000	Db5	52	80	0	0	136078	P1-95-7	0	-
2534	353.244792	353.582031	C5	52	80	0	0	136198	P1-95-8	0	-
2535	353.553385	353.863281	F5	56	80	0	0	136318	P1-95-9	0	-
2536	353.825521	354.145833	D5	61	80	0	0	136438	P1-95-10	0	-
2537	354.121094	354.709635	F5	55	80	0	0	136558	P1-95-11	0	-
2538	354.404948	355.089844	Eb5	59	80	0	0	136678	P1-95-12	0	-
2539	354.701823	355.229167	Bb5	62	80	0	0	136798	P1-96-1	0	-
2540	354.992188	355.569010	G5	67	80	0	0	136918	P1-96-2	0	-
2541	355.278646	355.878906	Bb5	60	80	0	0	137038	P1-96-3	0	-
2542	355.541667	356.279948	Ab5	60	80	0	0	137158	P1-96-4	0	-
2543	355.843750	356.250000	Db6	57	80	0	0	137278	P1-96-5	0	-
2544	355.856771	356.658854	Ab3	41	80	0	0	137278	P1-96-20	0	-
2545	355.860677	356.979167	C3	36	80	0	0	137278	P1-96-18	0	-
2546	355.861979	357.000000	Eb3	41	80	0	0	137278	P1-96-19	0	-
2547	355.871094	356.859375	Ab2	41	80	0	0	137278	P1-96-17	0	-
2548	356.158854	356.639323	Cb6	58	80	0	0	137398	P1-96-6	0	-
2549	356.428385	357.059896	Db6	57	80	0	0	137518	P1-96-7	0	-
2550	356.694010	357.259115	C6	56	80	0	0	137638	P1-96-8	0	-
2551	357.046875	357.649740	F6	48	80	0	0	137758	P1-96-9	0	-
2552	357.071615	358.039062	Ab3	29	80	0	0	137758	P1-96-21	0	-
2553	357.080729	357.500000	Eb3	25	80	0	0	137758	*	3	-
2554	357.082031	357.859375	C4	26	80	0	0	137758	P1-96-22	0	-
2555	357.441406	357.786458	D6	49	80	0	0	137878	P1-96-10	0	-
2556	357.764323	358.438802	F6	50	80	0	0	137998	P1-96-11	0	-
2557	358.082031	358.609375	Eb6	48	80	0	0	138118	P1-96-12	0	-
2558	358.618490	359.128906	Eb6	35	80	0	0	138238	P1-97-1	0	-
2559	358.623698	359.639323	Ab3	27	80	0	0	138238	P1-97-14	0	-
2560	358.635417	359.579427	F3	24	80	0	0	138238	P1-97-13	0	-
2561	358.641927	359.639323	Bb3	27	80	0	0	138238	P1-97-15	0	-
2562	358.653646	359.500000	D4	18	80	0	0	138238	P1-97-16	0	-
2563	359.036458	359.669271	C6	37	80	0	0	138358	P1-97-2	0	-
2564	359.356771	359.759115	Eb6	44	80	0	0	138478	P1-97-3	0	-
2565	359.641927	361.019531	D6	52	80	0	0	138598	P1-97-4	0	-
2566	359.988281	360.369792	C7	52	80	0	0	138718	P1-97-5	0	-
2567	360.001302	361.859375	D4	34	80	0	0	138718	P1-97-20	0	-
2568	360.013021	361.968750	Bb3	34	80	0	0	138718	P1-97-19	0	-
2569	360.023438	361.989583	Ab3	35	80	0	0	138718	P1-97-18	0	-
2570	360.024740	361.968750	F3	36	80	0	0	138718	P1-97-17	0	-
2571	360.322917	360.669271	A6	59	80	0	0	138838	P1-97-6	0	-
2572	360.614583	361.289062	C7	51	80	0	0	138958	P1-97-7	0	-
2573	360.894531	361.348958	Bb6	52	80	0	0	139078	P1-97-8	0	-
2574	361.162760	361.628906	Eb6	52	80	0	0	139198	P1-97-9	0	-
2575	361.444010	362.019531	C6	49	80	0	0	139318	P1-97-10	0	-
2576	361.695312	362.329427	Eb6	55	80	0	0	139438	P1-97-11	0	-
2577	361.994792	362.479167	D6	54	80	0	0	139558	P1-97-12	0	-
2578	362.290365	362.639323	F6	52	80	0	0	139678	P1-98-1	0	-
2579	362.295573	363.079427	Eb4	38	80	0	0	139678	P1-98-16	0	-
2580	362.325521	363.119792	Bb3	35	80	0	0	139678	P1-98-15	0	-
2581	362.326823	363.039062	Eb3	35	80	0	0	139678	P1-98-13	0	-
2582	362.332031	363.109375	G3	36	80	0	0	139678	P1-98-14	0	-
2583	362.591146	363.179688	D6	49	80	0	0	139798	P1-98-2	0	-
2584	362.868490	363.419271	F6	53	80	0	0	139918	P1-98-3	0	-
2585	363.110677	363.459635	Eb6	63	80	0	0	140038	P1-98-4	0	-
2586	363.414062	364.209635	Eb4	47	80	0	0	140158	P1-98-20	0	-
2587	363.423177	363.829427	C7	61	80	0	0	140158	P1-98-5	0	-
2588	363.433594	364.109375	Eb3	43	80	0	0	140158	P1-98-17	0	-
2589	363.446615	364.259115	Bb3	38	80	0	0	140158	P1-98-19	0	-
2590	363.462240	364.188802	G3	35	80	0	0	140158	P1-98-18	0	-
2591	363.700521	364.029948	A6	70	80	0	0	140278	P1-98-6	0	-
2592	363.970052	364.549479	C7	67	80	0	0	140398	P1-98-7	0	-
2593	364.234375	364.709635	Bb6	73	80	0	0	140518	P1-98-8	0	-
2594	364.510417	364.829427	F6	63	80	0	0	140638	P1-98-9	0	-
2595	364.516927	365.269531	Eb4	46	80	0	0	140638	P1-98-24	0	-
2596	364.526042	365.079427	Eb3	42	80	0	0	140638	P1-98-21	0	-
2597	364.533854	365.279948	Bb3	40	80	0	0	140638	P1-98-23	0	-
2598	364.537760	365.218750	G3	42	80	0	0	140638	P1-98-22	0	-
2599	364.773438	365.369792	D6	63	80	0	0	140758	P1-98-10	0	-
2600	365.040365	365.347656	F6	70	80	0	0	140878	P1-98-11	0	-
2601	365.321615	365.628906	Eb6	67	80	0	0	140998	P1-98-12	0	-
2602	365.638021	366.079427	Eb6	63	80	0	0	141118	P1-99-1	0	-
2603	365.644531	366.408854	F3	42	80	0	0	141118	P1-99-13	0	-
2604	365.644531	366.419271	D4	37	80	0	0	141118	P1-99-16	0	-
2605	365.647135	366.500000	Ab3	44	80	0	0	141118	P1-99-14	0	-
2606	365.649740	366.500000	Bb3	45	80	0	0	141118	P1-99-15	0	-
2607	365.944010	366.519531	C6	59	80	0	0	141238	P1-99-2	0	-
2608	366.229167	366.598958	Eb6	64	80	0	0	141358	P1-99-3	0	-
2609	366.496094	367.919271	D6	65	80	0	0	141478	P1-99-4	0	-
2610	366.809896	367.408854	C7	73	80	0	0	141598	P1-99-5	0	-
2611	366.822917	368.848958	D4	48	80	0	0	141598	P1-99-20	0	-
2612	366.834635	368.949219	Bb3	47	80	0	0	141598	P1-99-19	0	-
2613	366.834635	368.929688	Ab3	45	80	0	0	141598	P1-99-18	0	-
2614	366.841146	368.899740	F3	41	80	0	0	141598	P1-99-17	0	-
2615	367.119792	367.438802	A6	76	80	0	0	141718	P1-99-6	0	-
2616	367.423177	368.199219	C7	77	80	0	0	141838	P1-99-7	0	-
2617	367.680990	368.299479	Bb6	79	80	0	0	141958	P1-99-8	0	-
2618	368.001302	368.559896	Eb6	68	80	0	0	142078	P1-99-9	0	-
2619	368.309896	368.919271	C6	70	80	0	0	142198	P1-99-10	0	-
2620	368.605469	368.924479	Eb6	81	80	0	0	142318	P1-99-11	0	-
2621	368.873698	369.489583	D6	79	80	0	0	142438	P1-99-12	0	-
2622	369.270833	370.009115	F6	79	80	0	0	142558	P1-100-1	0	-
2623	369.273438	370.369792	Eb4	54	80	0	0	142558	P1-100-10	0	-
2624	369.285156	370.378906	Eb3	47	80	0	0	142558	P1-100-7	0	-
2625	369.298177	370.408854	Bb3	45	80	0	0	142558	P1-100-9	0	-
2626	369.304688	370.339844	G3	49	80	0	0	142558	P1-100-8	0	-
2627	369.688802	370.408854	D6	76	80	0	0	142678	P1-100-2	0	-
2628	370.015625	370.393229	F6	88	80	0	0	142798	P1-100-3	0	-
2629	370.339844	371.069010	Eb6	84	80	0	0	142918	P1-100-4	0	-
2630	370.983073	374.669271	F6	84	80	0	0	143038	P1-100-6	0	-
2631	371.042969	374.899740	G5	48	80	0	0	143038	P1-100-5	0	-
2632	371.042969	373.408854	Bb3	41	80	0	0	143038	P1-100-12	0	-
2633	371.070312	373.769531	Db3	39	80	0	0	143038	P1-100-11	0	-
2634	374.513021	375.029948	Eb6	38	80	0	0	144238	P1-101-4	0	-
2635	374.526042	374.875000	C3	27	80	0	0	144238	P1-101-9	0	-
2636	374.532552	374.989583	C4	25	80	0	0	144238	P1-101-10	0	-
2637	375.414062	378.539062	Eb5	64	80	0	0	144478	P1-101-6	0	-
2638	375.492188	378.279948	C4	29	80	0	0	144478	P1-101-12	0	-
2639	375.498698	378.709635	C3	32	80	0	0	144478	P1-101-11	0	-
2640	378.423177	378.989583	Db5	44	80	0	0	145678	P1-102-4	0	-
2641	378.497396	378.889323	Bb4	35	80	0	0	145678	P1-102-3	0	-
2642	378.503906	378.878906	G3	27	80	0	0	145678	P1-102-10	0	-
2643	378.503906	378.929688	E3	26	80	0	0	145678	P1-102-9	0	-
2644	379.240885	382.500000	Db5	51	80	0	0	145918	P1-102-6	0	-
2645	379.277344	382.500000	Bb4	43	80	0	0	145918	P1-102-5	0	-
2646	379.296875	382.500000	G3	28	80	0	0	145918	P1-102-12	0	-
2647	379.312500	382.500000	E3	25	80	0	0	145918	P1-102-11	0	-
2648	382.833333	383.329427	C5	38	80	0	0	147118	P1-103-4	0	-
2649	382.841146	383.250000	Ab4	29	80	0	0	147118	P1-103-3	0	-
2650	382.867188	383.438802	F4	21	80	0	0	147118	*	3	-
2651	382.871094	383.369792	Ab3	25	80	0	0	147118	P1-103-10	0	-
2652	382.876302	383.329427	F3	24	80	0	0	147118	P1-103-9	0	-
2653	383.704427	387.500000	C5	43	80	0	0	147358	P1-103-6	0	-
2654	383.752604	387.500000	Ab4	33	80	0	0	147358	P1-103-5	0	-
2655	383.752604	387.119792	F3	27	80	0	0	147358	P1-103-11	0	-
2656	383.755208	387.229167	Ab3	26	80	0	0	147358	P1-103-12	0	-
2657	387.824219	388.154948	Eb5	41	80	0	0	148558	P1-104-4	0	-
2658	387.837240	388.138021	G4	29	80	0	0	148558	P1-104-3	0	-
2659	387.852865	388.229167	Bb3	25	80	0	0	148558	P1-104-10	0	-
2660	387.860677	388.218750	Eb3	22	80	0	0	148558	P1-104-9	0	-
2661	388.673177	390.859375	Eb5	43	80	0	0	148798	P1-104-6	0	-
2662	388.712240	391.019531	Bb3	25	80	0	0	148798	P1-104-12	0	-
2663	388.716146	390.589844	G4	29	80	0	0	148798	P1-104-5	0	-
2664	388.742188	391.539062	Eb3	28	80	0	0	148798	P1-104-11	0	-
2665	391.524740	392.500000	Ab3	26	80	0	0	149758	P1-105-22	0	-
2666	391.535156	391.968750	Ab4	28	80	0	0	149758	P1-105-1	0	-
2667	391.536458	392.459635	C4	26	80	0	0	149758	P1-105-23	0	-
2668	391.776042	391.855469	Eb5	50	80	0	0	149818	P1-105-2	0	-
2669	391.903646	392.059896	C5	43	80	0	0	149878	P1-105-3	0	-
2670	392.035156	392.169271	Eb5	43	80	0	0	149938	P1-105-4	0	-
2671	392.170573	392.243490	Ab5	58	80	0	0	149998	P1-105-5	0	-
2672	392.319010	392.365885	Eb5	50	80	0	0	150058	P1-105-6	0	-
2673	392.432292	392.477865	C5	38	80	0	0	150118	P1-105-7	0	-
2674	392.514323	392.635417	Eb5	46	80	0	0	150178	P1-105-8	0	-
2675	392.683594	392.789062	Ab4	55	80	0	0	150238	P1-105-9	0	-
2676	392.865885	392.942708	Eb4	49	80	0	0	150298	P1-105-10	0	-
2677	393.003906	393.065104	C4	46	80	0	0	150358	P1-105-11	0	-
2678	393.121094	393.195312	Eb4	55	80	0	0	150418	P1-105-12	0	-
2679	393.264323	393.429688	Ab3	62	80	0	0	150478	P1-105-13	0	-
2680	393.458333	393.522135	Eb3	54	80	0	0	150538	P1-105-14	0	-
2681	393.575521	393.759115	C3	51	80	0	0	150598	P1-105-15	0	-
2682	393.696615	393.968750	Eb3	47	80	0	0	150658	P1-105-16	0	-
2683	393.852865	394.049479	Ab2	45	80	0	0	150718	P1-105-17	0	-
2684	394.039062	394.259115	Eb2	50	80	0	0	150778	P1-105-18	0	-
2685	394.177083	394.299479	C2	50	80	0	0	150838	P1-105-19	0	-
2686	394.272135	394.559896	Eb2	43	80	0	0	150898	P1-105-20	0	-
2687	394.416667	394.526042	Ab1	45	80	0	0	150958	P1-105-26	0	-
2688	394.540365	394.690104	C2	53	80	0	0	151018	P1-105-27	0	-
2689	394.707031	395.000000	Eb2	50	80	0	0	151078	P1-105-28	0	-
2690	394.842448	395.009115	Ab2	49	80	0	0	151138	P1-105-29	0	-
2691	395.003906	395.079427	G2	47	80	0	0	151198	P1-106-1	0	-
2692	395.006510	395.019531	G1	44	80	0	0	151198	*	3	-
2693	395.013021	395.239583	Eb2	43	80	0	0	151198	P1-106-26	0	-
2694	395.058594	395.529948	Bb2	38	80	0	0	151198	P1-106-27	0	-
2695	395.062500	395.529948	Bb1	37	80	0	0	151198	P1-106-25	0	-
2696	395.253906	396.139323	Eb2	26	80	0	0	151258	*	3	-
2697	395.253906	395.359375	Eb3	28	80	0	0	151258	P1-106-2	0	-
2698	395.381510	395.539062	Db3	45	80	0	0	151318	P1-106-3	0	-
2699	395.490885	395.550781	Eb3	39	80	0	0	151378	P1-106-4	0	-
2700	395.615885	395.789062	G3	37	80	0	0	151438	P1-106-5	0	-
2701	395.723958	395.899740	Eb3	35	80	0	0	151498	P1-106-6	0	-
2702	395.949219	396.108073	Eb3	38	80	0	0	151618	P1-106-8	0	-
2703	396.143229	396.419271	Bb1	37	80	0	0	151678	P1-106-28	0	-
2704	396.145833	396.489583	Bb2	39	80	0	0	151678	P1-106-30	0	-
2705	396.147135	396.739583	Eb2	35	80	0	0	151678	P1-106-29	0	-
2706	396.165365	396.419271	G3	40	80	0	0	151678	P1-106-9	0	-
2707	396.358073	396.434896	Eb4	50	80	0	0	151738	P1-106-10	0	-
2708	396.484375	396.575521	Db4	46	80	0	0	151798	P1-106-11	0	-
2709	396.592448	396.645833	Eb4	47	80	0	0	151858	P1-106-12	0	-
2710	396.722656	396.949219	G4	34	80	0	0	151918	P1-106-13	0	-
2711	396.841146	396.979167	Eb4	44	80	0	0	151978	P1-106-14	0	-
2712	396.971354	397.035156	Db4	45	80	0	0	152038	P1-106-15	0	-
2713	397.121094	397.128906	Eb4	21	80	0	0	152098	P1-106-16	0	-
2714	397.235677	397.889323	Bb2	52	80	0	0	152158	P1-106-33	0	-
2715	397.240885	397.848958	Eb2	48	80	0	0	152158	P1-106-32	0	-
2716	397.243490	397.739583	Bb1	47	80	0	0	152158	P1-106-31	0	-
2717	397.246094	397.500000	G4	41	80	0	0	152158	P1-106-17	0	-
2718	397.260417	397.348958	G3	36	80	0	0	152158	*	3	-
2719	397.425781	397.516927	Eb5	54	80	0	0	152218	P1-106-18	0	-
2720	397.555990	397.636719	Db5	51	80	0	0	152278	P1-106-19	0	-
2721	397.674479	397.772135	Eb5	48	80	0	0	152338	P1-106-20	0	-
2722	397.824219	397.902344	G5	45	80	0	0	152398	P1-106-21	0	-
2723	397.927083	398.010417	Eb5	56	80	0	0	152458	P1-106-22	0	-
2724	398.049479	398.117188	Db5	55	80	0	0	152518	P1-106-23	0	-
2725	398.162760	398.233073	Eb5	52	80	0	0	152578	P1-106-24	0	-
2726	398.343750	400.019531	C3	45	80	0	0	152638	P1-107-27	0	-
2727	398.347656	399.619792	C2	42	80	0	0	152638	P1-107-25	0	-
2728	398.367188	399.399740	Eb2	38	80	0	0	152638	P1-107-26	0	-
2729	398.372396	398.529948	Ab5	52	80	0	0	152638	P1-107-1	0	-
2730	398.518229	398.658854	Eb6	57	80	0	0	152698	P1-107-2	0	-
2731	398.653646	398.716146	C6	41	80	0	0	152758	P1-107-3	0	-
2732	398.760417	398.854167	Eb6	54	80	0	0	152818	P1-107-4	0	-
2733	398.882812	399.006510	Ab6	65	80	0	0	152878	P1-107-5	0	-
2734	399.005208	399.075521	Eb6	53	80	0	0	152938	P1-107-6	0	-
2735	399.145833	399.250000	C6	33	80	0	0	152998	P1-107-7	0	-
2736	399.259115	399.351562	Eb6	60	80	0	0	153058	P1-107-8	0	-
2737	399.384115	399.432292	Ab5	58	80	0	0	153118	P1-107-9	0	-
2738	399.570312	399.631510	Eb5	38	80	0	0	153178	P1-107-10	0	-
2739	399.707031	399.829427	C5	36	80	0	0	153238	P1-107-11	0	-
2740	399.755208	399.878906	Eb5	29	80	0	0	153298	P1-107-12	0	-
2741	399.906250	400.049479	Ab4	55	80	0	0	153358	P1-107-13	0	-
2742	400.084635	400.152344	Eb4	47	80	0	0	153418	P1-107-14	0	-
2743	400.204427	400.269531	C4	45	80	0	0	153478	P1-107-15	0	-
2744	400.315104	400.381510	Eb4	46	80	0	0	153538	P1-107-16	0	-
2745	400.463542	400.524740	Ab3	52	80	0	0	153598	P1-107-17	0	-
2746	400.692708	400.748698	Eb3	39	80	0	0	153658	P1-107-18	0	-
2747	400.796875	400.938802	C3	43	80	0	0	153718	P1-107-19	0	-
2748	400.872396	401.069010	Eb3	39	80	0	0	153778	P1-107-20	0	-
2749	401.033854	401.269531	Ab2	52	80	0	0	153838	P1-107-21	0	-
2750	401.300781	401.384115	G#2	36	80	0	0	153898	P1-107-22	1	-
2751	401.302083	401.377604	C3	39	80	0	0	153958	P1-107-23	0	-
2752	401.414062	401.679688	Eb3	28	80	0	0	154018	P1-107-24	0	-
2753	401.578125	401.809896	Bb2	42	80	0	0	154078	P1-108-1	0	-
2754	401.583333	402.369792	G2	41	80	0	0	154078	P1-108-27	0	-
2755	401.583333	402.739583	Eb2	44	80	0	0	154078	P1-108-26	0	-
2756	401.584635	402.438802	G1	42	80	0	0	154078	P1-108-25	0	-
2757	401.781250	401.919271	Eb3	38	80	0	0	154138	P1-108-2	0	-
2758	401.901042	401.964844	Db3	44	80	0	0	154198	P1-108-3	0	-
2759	401.998698	402.279948	Eb3	39	80	0	0	154258	P1-108-4	0	-
2760	402.173177	402.309896	Bb3	50	80	0	0	154318	P1-108-5	0	-
2761	402.286458	402.459635	Eb3	50	80	0	0	154378	P1-108-6	0	-
2762	402.420573	402.669271	Db3	53	80	0	0	154438	P1-108-7	0	-
2763	402.513021	402.769531	Eb3	39	80	0	0	154498	P1-108-8	0	-
2764	402.768229	403.079427	G3	43	80	0	0	154558	P1-108-30	0	-
2765	402.777344	403.429688	G2	39	80	0	0	154558	P1-108-28	0	-
2766	402.777344	403.559896	Eb3	38	80	0	0	154558	P1-108-29	0	-
2767	402.781250	403.049479	Bb3	46	80	0	0	154558	P1-108-9	0	-
2768	402.963542	403.027344	Eb4	42	80	0	0	154618	P1-108-10	0	-
2769	403.078125	403.147135	Db4	37	80	0	0	154678	P1-108-11	0	-
2770	403.183594	403.315104	Eb4	50	80	0	0	154738	P1-108-12	0	-
2771	403.345052	403.559896	Bb4	57	80	0	0	154798	P1-108-13	0	-
2772	403.493490	403.554688	Eb4	55	80	0	0	154858	P1-108-14	0	-
2773	403.625000	403.682292	Db4	46	80	0	0	154918	P1-108-15	0	-
2774	403.723958	403.829427	Eb4	43	80	0	0	154978	P1-108-16	0	-
2775	403.875000	404.399740	G3	43	80	0	0	155038	P1-108-33	0	-
2776	403.881510	404.549479	Eb3	45	80	0	0	155038	P1-108-32	0	-
2777	403.893229	404.468750	G2	43	80	0	0	155038	P1-108-31	0	-
2778	403.953125	404.049479	Bb4	49	80	0	0	155038	P1-108-17	0	-
2779	404.084635	404.183594	Eb5	48	80	0	0	155098	P1-108-18	0	-
2780	404.227865	404.294271	Db5	48	80	0	0	155158	P1-108-19	0	-
2781	404.334635	404.414062	Eb5	54	80	0	0	155218	P1-108-20	0	-
2782	404.459635	404.669271	Bb5	62	80	0	0	155278	P1-108-21	0	-
2783	404.583333	404.674479	Eb5	51	80	0	0	155338	P1-108-22	0	-
2784	404.717448	404.783854	Db5	48	80	0	0	155398	P1-108-23	0	-
2785	404.824219	405.000000	Eb5	54	80	0	0	155458	P1-108-24	0	-
2786	405.007812	405.429688	Ab3	50	80	0	0	155518	P1-109-27	0	-
2787	405.014323	405.359375	Ab2	50	80	0	0	155518	P1-109-25	0	-
2788	405.024740	405.468750	Eb3	50	80	0	0	155518	P1-109-26	0	-
2789	405.033854	405.145833	C5	54	80	0	0	155518	P1-109-1	0	-
2790	405.194010	405.264323	Eb5	50	80	0	0	155578	P1-109-2	0	-
2791	405.311198	405.402344	C5	53	80	0	0	155638	P1-109-3	0	-
2792	405.444010	405.609375	Eb5	57	80	0	0	155698	P1-109-4	0	-
2793	405.593750	405.694010	C6	65	80	0	0	155758	P1-109-5	0	-
2794	405.729167	405.869792	Eb5	59	80	0	0	155818	P1-109-6	0	-
2795	405.868490	405.989583	C5	50	80	0	0	155878	P1-109-7	0	-
2796	405.984375	406.158854	Eb5	52	80	0	0	155938	P1-109-8	0	-
2797	406.145833	406.649740	F4	56	80	0	0	155998	P1-109-30	0	-
2798	406.153646	406.276042	Db5	55	80	0	0	155998	P1-109-9	0	-
2799	406.164062	406.699219	F3	49	80	0	0	155998	P1-109-28	0	-
2800	406.175781	406.859375	Ab3	43	80	0	0	155998	P1-109-29	0	-
2801	406.315104	406.378906	Ab5	58	80	0	0	156058	P1-109-10	0	-
2802	406.427083	406.505208	Db5	54	80	0	0	156118	P1-109-11	0	-
2803	406.541667	406.699219	Ab5	65	80	0	0	156178	P1-109-12	0	-
2804	406.692708	406.795573	Db6	71	80	0	0	156238	P1-109-13	0	-
2805	406.811198	406.875000	Ab5	60	80	0	0	156298	P1-109-14	0	-
2806	406.944010	407.018229	F5	37	80	0	0	156358	P1-109-15	0	-
2807	407.054688	407.188802	Ab5	60	80	0	0	156418	P1-109-16	0	-
2808	407.190104	407.559896	C4	49	80	0	0	156478	P1-109-33	0	-
2809	407.199219	407.408854	Eb5	63	80	0	0	156478	P1-109-17	0	-
2810	407.213542	407.639323	Ab3	52	80	0	0	156478	P1-109-32	0	-
2811	407.214844	407.579427	C3	52	80	0	0	156478	P1-109-31	0	-
2812	407.335938	407.444010	Eb6	70	80	0	0	156538	P1-109-18	0	-
2813	407.458333	407.563802	Ab5	63	80	0	0	156598	P1-109-19	0	-
2814	407.578125	407.684896	Eb6	68	80	0	0	156658	P1-109-20	0	-
2815	407.717448	408.089844	Ab3	53	80	0	0	156718	P1-109-35	0	-
2816	407.723958	408.049479	C4	59	80	0	0	156718	P1-109-36	0	-
2817	407.723958	407.949219	E5	61	80	0	0	156718	P1-109-21	0	-
2818	407.727865	408.098958	C3	55	80	0	0	156718	P1-109-34	0	-
2819	407.872396	407.964844	E6	71	80	0	0	156778	P1-109-22	0	-
2820	407.975260	408.095052	Ab5	72	80	0	0	156838	P1-109-23	0	-
2821	408.104167	408.299479	E6	72	80	0	0	156898	P1-109-24	0	-
2822	408.282552	408.479167	F5	65	80	0	0	156958	P1-110-1	0	-
2823	408.283854	408.839844	Db4	64	80	0	0	156958	P1-110-29	0	-
2824	408.294271	408.979167	Db3	61	80	0	0	156958	P1-110-27	0	-
2825	408.295573	409.029948	Ab3	57	80	0	0	156958	P1-110-28	0	-
2826	408.462240	408.575521	F6	75	80	0	0	157018	P1-110-2	0	-
2827	408.615885	408.744792	F5	61	80	0	0	157078	P1-110-3	0	-
2828	408.746094	408.875000	Ab5	79	80	0	0	157138	P1-110-4	0	-
2829	408.885417	409.119792	F6	81	80	0	0	157198	P1-110-5	0	-
2830	409.053385	409.123698	Db6	60	80	0	0	157258	P1-110-6	0	-
2831	409.147135	409.281250	Ab5	62	80	0	0	157318	P1-110-7	0	-
2832	409.274740	409.445312	Db6	71	80	0	0	157378	P1-110-8	0	-
2833	409.395833	410.389323	Bb3	68	80	0	0	157438	P1-110-32	0	-
2834	409.411458	410.319010	Eb3	63	80	0	0	157438	P1-110-31	0	-
2835	409.412760	410.279948	Bb2	61	80	0	0	157438	P1-110-30	0	-
2836	409.423177	410.269531	G5	66	80	0	0	157438	P1-110-9	0	-
2837	409.574219	409.779948	Eb6	69	80	0	0	157498	P1-110-10	0	-
2838	409.674479	409.968750	Db6	78	80	0	0	157558	P1-110-11	0	-
2839	409.790365	409.936198	Eb6	83	80	0	0	157618	P1-110-12	0	-
2840	409.933594	410.209635	G6	82	80	0	0	157678	P1-110-13	0	-
2841	410.087240	410.212240	Eb6	83	80	0	0	157738	P1-110-14	0	-
2842	410.186198	410.519531	Db6	80	80	0	0	157798	P1-110-15	0	-
2843	410.334635	410.483073	Eb6	82	80	0	0	157858	P1-110-16	0	-
2844	410.481771	411.009115	C4	63	80	0	0	157918	P1-110-35	0	-
2845	410.483073	411.229167	G5	77	80	0	0	157918	P1-110-17	0	-
2846	410.485677	410.979167	Eb3	61	80	0	0	157918	P1-110-34	0	-
2847	410.494792	410.889323	C3	57	80	0	0	157918	P1-110-33	0	-
2848	410.673177	410.899740	G6	84	80	0	0	157978	P1-110-18	0	-
2849	410.830729	410.839844	C6	71	80	0	0	158038	P1-110-19	0	-
2850	410.837240	411.188802	Eb6	82	80	0	0	158038	P1-110-20	0	-
2851	410.980469	411.209635	G6	83	80	0	0	158098	P1-110-21	0	-
2852	411.035156	411.789062	C3	45	80	0	0	158158	P1-110-36	0	-
2853	411.074219	412.658854	Eb3	49	80	0	0	158158	P1-110-37	0	-
2854	411.158854	411.869792	Ab5	89	80	0	0	158158	P1-110-22	0	-
2855	411.186198	411.829427	C4	46	80	0	0	158158	P1-110-38	0	-
2856	411.338542	411.750000	Ab6	82	80	0	0	158218	P1-110-23	0	-
2857	411.520833	411.889323	C6	73	80	0	0	158278	P1-110-24	0	-
2858	411.561198	411.919271	Eb6	71	80	0	0	158278	P1-110-25	0	-
2859	411.757812	412.098958	Ab6	80	80	0	0	158338	P1-110-26	0	-
2860	412.203125	414.889323	Db3	38	80	0	0	158398	P1-111-8	0	-
2861	412.531250	415.279948	F5	71	80	0	0	158398	P1-111-1	0	-
2862	412.583333	413.493490	Ab3	40	80	0	0	158398	P1-111-20	0	-
2863	413.420573	414.050781	A3	49	80	0	0	158638	P1-111-10	0	-
2864	414.001302	415.000000	Bb3	38	80	0	0	158878	P1-111-12	0	-
2865	414.335938	415.139323	Bb4	52	80	0	0	158998	P1-111-3	0	-
2866	414.703125	415.119792	C5	67	80	0	0	159118	P1-111-4	0	-
2867	414.742188	415.109375	C4	33	80	0	0	159118	P1-111-14	0	-
2868	415.022135	415.569010	Db5	68	80	0	0	159238	P1-111-5	0	-
2869	415.074219	415.468750	Db4	35	80	0	0	159238	P1-111-16	0	-
2870	415.453125	416.799479	G4	55	80	0	0	159358	P1-111-6	0	-
2871	415.520833	417.188802	Bb3	28	80	0	0	159358	P1-111-19	0	-
2872	415.526042	417.269531	Eb3	27	80	0	0	159358	P1-111-17	0	-
2873	415.546875	417.239583	G3	23	80	0	0	159358	P1-111-18	0	-
2874	416.338542	417.169271	Eb5	67	80	0	0	159598	P1-111-7	0	-
2875	417.143229	419.089844	Eb4	69	80	0	0	159838	P1-112-14	0	-
2876	417.156250	418.139323	C4	48	80	0	0	159838	P1-112-13	0	-
2877	417.713542	418.209635	Db5	50	80	0	0	159958	P1-112-2	0	-
2878	418.100260	419.119792	C5	63	80	0	0	160078	P1-112-3	0	-
2879	418.411458	419.239583	C6	72	80	0	0	160198	P1-112-4	0	-
2880	418.730469	419.269531	Bb5	73	80	0	0	160318	P1-112-5	0	-
2881	419.011719	419.449219	G5	71	80	0	0	160438	P1-112-6	0	-
2882	419.277344	419.653646	Bb5	76	80	0	0	160558	P1-112-7	0	-
2883	419.281250	419.799479	C4	64	80	0	0	160558	P1-112-16	0	-
2884	419.326823	419.819010	Ab3	52	80	0	0	160558	P1-112-15	0	-
2885	419.593750	420.069010	Ab5	94	80	0	0	160678	P1-112-8	0	-
2886	419.942708	420.619792	C6	82	80	0	0	160798	P1-112-9	0	-
2887	419.951823	420.589844	C4	71	80	0	0	160798	P1-112-18	0	-
2888	419.955729	420.669271	Ab3	68	80	0	0	160798	P1-112-17	0	-
2889	420.277344	420.889323	Ab5	94	80	0	0	160918	P1-112-10	0	-
2890	420.563802	421.039062	Eb5	89	80	0	0	161038	P1-112-11	0	-
2891	420.950521	421.718750	E5	87	80	0	0	161158	P1-112-12	0	-
2892	420.997396	421.329427	Ab3	49	80	0	0	161158	P1-112-19	0	-
2893	421.000000	421.339844	C4	48	80	0	0	161158	P1-112-20	0	-
2894	421.324219	422.848958	Db3	48	80	0	0	161278	P1-113-21	0	-
2895	421.473958	422.139323	Ab3	47	80	0	0	161278	P1-113-8	0	-
2896	421.576823	423.819010	F5	81	80	0	0	161278	P1-113-1	0	-
2897	422.065104	422.419271	A3	49	80	0	0	161398	P1-113-10	0	-
2898	422.414062	422.694010	Bb3	43	80	0	0	161518	P1-113-11	0	-
2899	422.708333	423.079427	C4	43	80	0	0	161638	P1-113-12	0	-
2900	423.035156	423.619792	Db4	42	80	0	0	161758	P1-113-13	0	-
2901	423.346354	424.269531	Bb4	66	80	0	0	161878	P1-113-3	0	-
2902	423.346354	423.979167	Db3	41	80	0	0	161878	P1-113-14	0	-
2903	423.684896	424.109375	Eb3	43	80	0	0	161998	P1-113-15	0	-
2904	423.712240	424.209635	C5	64	80	0	0	161998	P1-113-4	0	-
2905	424.002604	424.468750	F3	37	80	0	0	162118	P1-113-16	0	-
2906	424.057292	424.609375	Db5	70	80	0	0	162118	P1-113-5	0	-
2907	424.414062	425.489583	G4	58	80	0	0	162238	P1-113-6	0	-
2908	424.416667	424.929688	Eb3	39	80	0	0	162238	P1-113-17	0	-
2909	424.764323	425.154948	Eb2	40	80	0	0	162358	P1-113-18	0	-
2910	425.164062	426.319010	Eb5	59	80	0	0	162478	P1-113-7	0	-
2911	425.179688	425.769531	F2	36	80	0	0	162478	P1-113-19	0	-
2912	425.526042	426.119792	G2	38	80	0	0	162598	P1-113-20	0	-
2913	426.013021	429.069010	C5	62	80	0	0	162718	P1-114-3	0	-
2914	426.036458	427.209635	Ab4	41	80	0	0	162718	P1-114-2	0	-
2915	426.045573	432.049479	Ab1	34	80	0	0	162718	P1-114-18	0	-
2916	426.052083	429.438802	Ab2	35	80	0	0	162718	P1-114-15	0	-
2917	427.954427	430.819010	Db5	71	80	0	0	163198	P1-114-4	0	-
2918	427.994792	429.039062	F2	39	80	0	0	163198	P1-114-20	0	-
2919	427.996094	429.128906	F1	40	80	0	0	163198	P1-114-19	1	-
2920	427.997396	429.369792	Ab4	44	80	0	0	163198	P1-114-13	0	-
2921	428.904948	430.979167	Db2	48	80	0	0	163438	P1-114-22	0	-
2922	428.906250	430.519531	F4	61	80	0	0	163438	P1-114-5	0	-
2923	429.774740	431.709635	Bb4	68	80	0	0	163678	P1-114-7	0	-
2924	429.776042	430.319010	G2	54	80	0	0	163678	P1-114-24	0	-
2925	429.778646	430.359375	G1	53	80	0	0	163678	P1-114-23	1	-
2926	430.873698	431.799479	Db5	76	80	0	0	163918	P1-114-11	0	-
2927	430.876302	431.199219	Bb2	65	80	0	0	163918	P1-114-26	0	-
2928	430.876302	431.229167	Bb1	57	80	0	0	163918	P1-114-25	1	-
2929	430.876302	432.089844	G4	66	80	0	0	163918	P1-114-10	0	-
2930	430.878906	431.899740	E4	65	80	0	0	163918	P1-114-9	0	-
2931	432.402344	437.199219	Db5	80	80	0	0	164158	P1-115-2	0	-
2932	432.404948	436.149740	E4	76	80	0	0	164158	P1-115-4	0	-
2933	432.406250	436.688802	G4	66	80	0	0	164158	P1-115-1	0	-
2934	432.414062	437.049479	Ab1	49	80	0	0	164158	P1-115-9	0	-
2935	432.415365	436.658854	Bb4	65	80	0	0	164158	*	3	-
2936	432.429688	432.699219	Bb1	46	80	0	0	164158	*	3	-
2937	432.437500	436.369792	Bb2	48	80	0	0	164158	P1-115-10	0	-
2938	435.476562	437.000000	Eb4	37	80	0	0	164638	P1-115-5	0	-
2939	438.742188	439.769531	C5	36	80	0	0	165118	P1-115-8	0	-
2940	438.746094	439.519531	Ab4	31	80	0	0	165118	P1-115-7	0	-
2941	438.774740	439.429688	Ab1	22	80	0	0	165118	P1-115-11	0	-
2942	438.776042	439.408854	Ab2	23	80	0	0	165118	P1-115-12	0	-
2943	438.777344	439.449219	Eb4	24	80	0	0	165118	P1-115-6	0	-
2944	441.472656	442.429688	C5	34	80	0	0	165598	P1-116-3	0	-
2945	441.477865	442.329427	Ab4	33	80	0	0	165598	P1-116-2	0	-
2946	441.505208	442.408854	Ab2	21	80	0	0	165598	P1-116-7	0	-
2947	441.507812	442.319010	Eb4	24	80	0	0	165598	P1-116-1	0	-
2948	441.507812	442.369792	Ab1	20	80	0	0	165598	P1-116-6	0	-
2949	441.524740	442.039062	C4	19	80	0	0	165598	*	3	-
//Missing 5880	P1-5-6
//Missing 6000	P1-5-8
//Missing 6360	P1-5-13
//Missing 6960	P1-5-22
//Missing 7320	P1-6-4
//Missing 7800	P1-6-11
//Missing 8640	P1-7-4
//Missing 9840	P1-7-30
//Missing 10560	P1-8-10
//Missing 12240	P1-9-19
//Missing 12840	P1-9-31
//Missing 12840	P1-9-32
//Missing 15120	P1-11-18
//Missing 15120	P1-11-19
//Missing 15480	P1-11-24
//Missing 17280	P1-13-25
//Missing 17460	P1-13-4
//Missing 17760	P1-13-9
//Missing 18240	P1-13-31
//Missing 21600	P1-16-26
//Missing 21600	P1-16-27
//Missing 23520	P1-17-29
//Missing 31800	P1-23-16
//Missing 32640	P1-23-24
//Missing 35040	P1-25-9
//Missing 35400	P1-25-47
//Missing 35520	P1-25-49
//Missing 35580	P1-25-50
//Missing 35730	P1-25-35
//Missing 35760	P1-25-53
//Missing 35840	P1-25-39
//Missing 35880	P1-25-54
//Missing 36180	P1-26-55
//Missing 36240	P1-26-56
//Missing 36270	P1-26-26
//Missing 36360	P1-26-57
//Missing 36690	P1-26-35
//Missing 36720	P1-26-63
//Missing 36750	P1-26-37
//Missing 36840	P1-26-64
//Missing 37260	P1-26-18
//Missing 37320	P1-26-71
//Missing 37650	P1-27-14
//Missing 37680	P1-27-44
//Missing 37890	P1-27-20
//Missing 37920	P1-27-48
//Missing 38130	P1-27-26
//Missing 38160	P1-27-52
//Missing 38190	P1-27-28
//Missing 39840	P1-28-31
//Missing 39840	P1-28-32
//Missing 39840	P1-28-33
//Missing 39960	P1-28-35
//Missing 39960	P1-28-36
//Missing 40080	P1-28-38
//Missing 40080	P1-28-39
//Missing 40200	P1-28-42
//Missing 40560	P1-29-2
//Missing 41400	P1-29-35
//Missing 41520	P1-29-38
//Missing 41640	P1-29-40
//Missing 42960	P1-30-38
//Missing 43080	P1-30-40
//Missing 44160	P1-31-5
//Missing 46920	P1-33-26
//Missing 47040	P1-33-29
//Missing 48960	P1-35-20
//Missing 50400	P1-36-20
//Missing 53280	P1-38-5
//Missing 56160	P1-40-7
//Missing 57000	P1-40-20
//Missing 58920	P1-41-28
//Missing 63360	P1-45-4
//Missing 63840	P1-45-7
//Missing 67680	P1-48-7
//Missing 71040	P1-50-7
//Missing 71040	P1-50-8
//Missing 75840	P1-53-6
//Missing 78325	P1-55-5
//Missing 78359	P1-55-7
//Missing 78444	P1-55-10
//Missing 78478	P1-55-32
//Missing 78958	P1-55-49
//Missing 79078	P1-55-37
//Missing 79738	P1-56-20
//Missing 79858	P1-56-22
//Missing 80098	P1-56-26
//Missing 82018	P1-57-30
//Missing 82138	P1-58-14
//Missing 83278	P1-58-11
//Missing 83458	P1-58-36
//Missing 83998	P1-59-24
//Missing 84058	P1-59-25
//Missing 84088	P1-59-5
//Missing 84118	P1-59-26
//Missing 84298	P1-59-29
//Missing 84328	P1-59-11
//Missing 84538	P1-59-33
//Missing 84568	P1-59-17
//Missing 89278	P1-63-4
//Missing 89638	P1-63-10
//Missing 92158	P1-65-4
//Missing 92878	P1-65-20
//Missing 92998	P1-65-23
//Missing 93118	P1-65-24
//Missing 96358	P1-67-24
//Missing 96958	P1-68-11
//Missing 97918	P1-69-1
//Missing 99358	P1-70-1
//Missing 100798	P1-71-25
//Missing 100798	P1-71-27
//Missing 101278	P1-71-28
//Missing 101758	P1-71-32
//Missing 102238	P1-72-26
//Missing 103678	P1-73-25
//Missing 107518	P1-75-39
//Missing 107758	P1-75-42
//Missing 111958	P1-78-20
//Missing 120358	P1-84-47
//Missing 120688	P1-84-35
//Missing 120718	P1-84-53
//Missing 120838	P1-84-54
//Missing 121018	P1-85-53
//Missing 121198	P1-85-56
//Missing 121228	P1-85-26
//Missing 121318	P1-85-57
//Missing 121708	P1-85-37
//Missing 121738	P1-85-78
//Missing 121918	P1-85-66
//Missing 122128	P1-85-46
//Missing 122158	P1-85-70
//Missing 122278	P1-85-71
//Missing 122398	P1-86-40
//Missing 122458	P1-86-41
//Missing 122638	P1-86-44
//Missing 122668	P1-86-16
//Missing 122968	P1-86-23
//Missing 123088	P1-86-26
//Missing 123118	P1-86-52
//Missing 123718	P1-86-38
//Missing 124678	P1-87-30
//Missing 124798	P1-87-33
//Missing 125158	P1-87-40
//Missing 125158	P1-87-41
//Missing 125158	P1-87-42
//Missing 126478	P1-88-38
//Missing 126718	P1-89-10
//Missing 126958	P1-89-2
//Missing 127918	P1-89-38
//Missing 128038	P1-89-41
//Missing 131878	P1-92-28
//Missing 134878	P1-94-3
//Missing 135838	P1-95-15
//Missing 135838	P1-95-18
//Missing 137758	P1-96-23
//Missing 144238	P1-101-3
//Missing 144478	P1-101-5
//Missing 151558	P1-106-7
//Missing 161278	P1-113-9
//Missing 162718	P1-114-1
