//Version: ScorePerfmMatch_v170503
// Score: /Users/toddywang/Documents/VsCodeProjects/xmltoexp/ATEPP-1.2/ATEPP-1.2/Ludwig_van_Beethoven/Piano_Sonata_No._31_in_A-Flat_Major,_Op._110/I._Moderato_cantabile_molto_espressivo/score_hmm.txt
// Perfm: /Users/toddywang/Documents/VsCodeProjects/xmltoexp/ATEPP-1.2/ATEPP-1.2/Ludwig_van_Beethoven/Piano_Sonata_No._31_in_A-Flat_Major,_Op._110/I._Moderato_cantabile_molto_espressivo/06491_spr.txt
0	0.286458	0.329427	Bb3	38	80	0	0	0	P1-1-1	0	0
1	0.454427	2.878906	C5	57	80	0	0	0	P1-1-2	0	-
2	0.485677	1.759115	Ab4	40	80	0	0	0	P1-1-1	0	-
3	0.501302	1.938802	Ab2	33	80	0	0	0	P1-1-9	0	-
4	0.503906	1.968750	Eb3	32	80	0	0	0	P1-1-10	0	-
5	2.212240	2.559896	Ab4	57	80	0	0	720	P1-1-4	0	-
6	2.244792	2.453125	C3	32	80	0	0	720	P1-1-11	0	-
7	2.244792	2.649740	Eb3	31	80	0	0	720	P1-1-12	0	-
8	2.246094	2.489583	Eb4	36	80	0	0	720	P1-1-3	0	-
9	2.247396	2.259115	C4	26	80	0	0	720	P1-1-11	0	-
10	2.763021	3.329427	Ab4	62	80	0	0	960	P1-1-6	0	-
11	2.781250	3.209635	Eb4	48	80	0	0	960	P1-1-5	0	-
12	2.811198	3.429688	Eb3	35	80	0	0	960	P1-1-14	0	-
13	2.815104	3.289062	C3	37	80	0	0	960	P1-1-13	0	-
14	3.516927	3.899740	Ab4	66	80	0	0	1320	P1-1-8	0	-
15	3.544271	3.718750	Eb4	49	80	0	0	1320	P1-1-7	0	-
16	3.552083	3.789062	C3	42	80	0	0	1320	P1-1-15	0	-
17	3.554688	7.089844	Eb3	39	80	0	0	1320	P1-1-16	0	-
18	3.820312	5.408854	Db5	62	80	0	0	1440	P1-2-2	0	-
19	3.856771	4.589844	G4	49	80	0	0	1440	P1-2-1	0	-
20	3.871094	5.158854	Bb2	36	80	0	0	1440	P1-2-5	0	-
21	5.156250	7.399740	Bb4	55	80	0	0	1920	P1-2-4	0	-
22	5.194010	6.929688	G4	40	80	0	0	1920	P1-2-3	0	-
23	5.200521	6.569010	Bb3	33	80	0	0	1920	P1-2-4	0	-
24	5.201823	5.209635	G3	33	80	0	0	1920	P1-2-3	0	-
25	5.203125	6.929688	Db3	31	80	0	0	1920	P1-2-7	0	-
26	7.673177	9.468750	Eb5	75	80	0	0	2880	P1-3-2	0	-
27	7.735677	8.968750	Ab4	40	80	0	0	2880	P1-3-1	0	-
28	7.744792	8.949219	Eb3	32	80	0	0	2880	P1-3-20	0	-
29	7.744792	8.139323	Eb4	30	80	0	0	2880	P1-3-2	0	-
30	7.746094	8.839844	C3	34	80	0	0	2880	P1-3-9	0	-
31	8.295573	9.029948	Ab3	42	80	0	0	3120	P1-3-11	0	-
32	8.795573	9.378906	C4	47	80	0	0	3360	P1-3-13	0	-
33	9.304688	10.019531	Db5	72	80	0	0	3600	P1-3-4	0	-
34	9.355469	9.938802	Ab4	46	80	0	0	3600	P1-3-3	0	-
35	9.355469	9.979167	Bb3	48	80	0	0	3600	P1-3-15	0	-
36	9.358073	9.949219	F3	37	80	0	0	3600	P1-3-14	0	-
37	9.903646	10.589844	Eb5	79	80	0	0	3840	P1-3-6	0	-
38	9.947917	10.309896	Ab4	48	80	0	0	3840	P1-3-5	0	-
39	9.955729	10.569010	C4	45	80	0	0	3840	P1-3-17	0	-
40	10.523438	11.489583	F5	80	80	0	0	4080	P1-3-8	0	-
41	10.554688	11.339844	Ab4	53	80	0	0	4080	P1-3-7	0	-
42	10.561198	11.158854	Db4	48	80	0	0	4080	P1-3-19	0	-
43	10.566406	11.479167	Db3	49	80	0	0	4080	P1-3-18	0	-
44	11.345052	12.589844	Eb5	66	80	0	0	4320	P1-4-1	0	-
45	11.384115	12.569010	G4	44	80	0	0	4320	P1-4-28	0	-
46	11.415365	12.500000	Bb3	37	80	0	0	4320	P1-4-32	0	-
47	11.417969	12.729167	Eb3	28	80	0	0	4320	P1-4-31	0	-
48	12.518229	12.902344	D5	59	80	0	0	4680	P1-4-2	0	-
49	12.910156	13.134115	Db5	62	80	0	0	4800	P1-4-3	0	-
50	12.923177	14.319010	G4	51	80	0	0	4800	P1-4-29	0	-
51	12.962240	14.649740	Bb3	39	80	0	0	4800	P1-4-34	0	-
52	12.963542	14.639323	Eb3	36	80	0	0	4800	P1-4-33	0	-
53	13.152344	13.256510	Eb5	60	80	0	0	4830	P1-4-5	0	-
54	13.283854	13.347656	Db5	58	80	0	0	4860	P1-4-23	0	-
55	13.403646	13.479167	Eb5	43	80	0	0	4890	P1-4-7	0	-
56	13.479167	13.559896	Db5	46	80	0	0	4920	P1-4-24	0	-
57	13.542969	13.604167	Eb5	56	80	0	0	4950	P1-4-9	0	-
58	13.634115	13.694010	Db5	59	80	0	0	4980	P1-4-25	0	-
59	13.713542	13.859375	Eb5	58	80	0	0	5010	P1-4-10	0	-
60	13.813802	13.871094	Db5	52	80	0	0	5040	P1-4-11	0	-
61	13.869792	14.049479	Eb5	48	80	0	0	5060	P1-4-13	0	-
62	13.929688	13.989583	Db5	46	80	0	0	5080	P1-4-14	0	-
63	14.032552	14.108073	Db5	63	80	0	0	5080	P1-4-14	0	-
64	14.136719	14.243490	C5	56	80	0	0	5100	P1-4-15	0	-
65	14.274740	14.408854	Db5	69	80	0	0	5160	P1-4-16	0	-
66	14.434896	14.558594	Eb5	56	80	0	0	5220	P1-4-17	0	-
67	14.588542	14.694010	C#5	59	80	0	0	5220	P1-4-17	0	-
68	14.703125	14.902344	Eb5	62	80	0	0	5220	P1-4-17	0	-
69	14.884115	15.959635	F5	56	80	0	0	5280	P1-4-18	0	-
70	15.858073	16.363281	Eb5	51	80	0	0	5520	P1-4-19	0	-
71	16.292969	16.979167	Db5	52	80	0	0	5640	P1-4-20	0	-
72	16.867188	18.878906	C5	60	80	0	0	5760	P1-5-1	0	-
73	16.936198	17.569010	Ab3	28	80	0	0	5760	P1-5-4	0	-
74	17.274740	17.381510	Eb4	30	80	0	0	5880	P1-5-6	0	-
75	17.277344	17.384115	C4	31	80	0	0	5880	P1-5-5	0	-
76	17.562500	17.644531	Eb4	27	80	0	0	6000	P1-5-8	0	-
77	17.582031	17.889323	G#3	25	80	0	0	6000	P1-5-7	0	-
78	17.585938	17.645833	C4	27	80	0	0	6000	P1-5-7	0	-
79	17.832031	18.128906	C4	33	80	0	0	6120	P1-5-9	0	-
80	17.832031	18.139323	Eb4	29	80	0	0	6120	P1-5-10	0	-
81	18.114583	18.500000	Ab3	30	80	0	0	6240	P1-5-11	0	-
82	18.345052	18.444010	Eb4	39	80	0	0	6360	P1-5-13	0	-
83	18.352865	18.445312	C4	35	80	0	0	6360	P1-5-12	0	-
84	18.613281	19.729167	Eb5	71	80	0	0	6480	P1-5-2	0	-
85	18.643229	18.703125	C4	35	80	0	0	6480	P1-5-14	0	-
86	18.647135	18.750000	Eb4	34	80	0	0	6480	P1-5-15	0	-
87	18.864583	19.158854	C4	41	80	0	0	6600	P1-5-16	0	-
88	18.864583	19.139323	Eb4	38	80	0	0	6600	P1-5-17	0	-
89	19.134115	19.479167	Ab3	44	80	0	0	6720	P1-5-18	0	-
90	19.367188	19.436198	Eb4	47	80	0	0	6840	P1-5-20	0	-
91	19.367188	19.438802	C4	40	80	0	0	6840	P1-5-19	0	-
92	19.582031	20.169271	Ab5	85	80	0	0	6960	P1-5-3	0	-
93	19.654948	19.729167	Eb4	19	80	0	0	6960	P1-5-22	0	-
94	19.656250	19.739583	C4	24	80	0	0	6960	P1-5-21	0	-
95	19.891927	20.158854	C4	57	80	0	0	7080	P1-5-23	0	-
96	19.891927	20.119792	Eb4	48	80	0	0	7080	P1-5-24	0	-
97	20.177083	21.339844	Ab5	77	80	0	0	7200	P1-6-1	0	-
98	20.234375	20.479167	Bb3	44	80	0	0	7200	P1-6-3	0	-
99	20.481771	20.562500	Eb4	46	80	0	0	7320	P1-6-5	0	-
100	20.489583	20.565104	Db4	42	80	0	0	7320	P1-6-4	0	-
101	20.490885	20.563802	Bb3	37	80	0	0	7320	P1-6-4	0	-
102	20.731771	20.796875	Bb3	42	80	0	0	7440	P1-6-6	0	-
103	20.731771	20.794271	Db4	46	80	0	0	7440	P1-6-6	0	-
104	20.731771	20.794271	Eb4	47	80	0	0	7440	P1-6-7	0	-
105	20.975260	21.045573	Eb4	41	80	0	0	7560	P1-6-9	0	-
106	20.975260	21.044271	Bb3	38	80	0	0	7560	P1-6-8	0	-
107	20.981771	21.049479	Db4	44	80	0	0	7560	P1-6-8	0	-
108	21.230469	23.378906	G5	76	80	0	0	7680	P1-6-2	0	-
109	21.272135	21.489583	Bb3	46	80	0	0	7680	P1-6-10	0	-
110	21.502604	21.579427	Eb4	41	80	0	0	7800	P1-6-12	0	-
111	21.503906	21.583333	Db4	41	80	0	0	7800	P1-6-11	0	-
112	21.503906	21.583333	Bb3	37	80	0	0	7800	P1-6-11	0	-
113	21.759115	21.824219	Eb4	46	80	0	0	7920	P1-6-14	0	-
114	21.763021	21.826823	Bb3	37	80	0	0	7920	P1-6-13	0	-
115	21.764323	21.825521	Db4	39	80	0	0	7920	P1-6-13	0	-
116	21.994792	22.299479	Db4	37	80	0	0	8040	P1-6-15	0	-
117	21.994792	22.089844	Bb3	36	80	0	0	8040	P1-6-15	0	-
118	21.994792	22.289062	Eb4	35	80	0	0	8040	P1-6-16	0	-
119	22.253906	22.408854	Bb3	44	80	0	0	8160	P1-6-17	0	-
120	22.484375	22.559896	Eb4	42	80	0	0	8280	P1-6-19	0	-
121	22.488281	22.598958	Bb3	37	80	0	0	8280	P1-6-18	0	-
122	22.488281	22.563802	Db4	39	80	0	0	8280	P1-6-18	0	-
123	22.738281	22.803385	Eb4	40	80	0	0	8400	P1-6-21	0	-
124	22.742188	23.119792	Bb3	37	80	0	0	8400	P1-6-20	0	-
125	22.744792	22.808594	Db4	35	80	0	0	8400	P1-6-20	0	-
126	22.973958	23.149740	Db4	39	80	0	0	8520	P1-6-22	0	-
127	22.975260	23.378906	Eb4	42	80	0	0	8520	P1-6-23	0	-
128	23.294271	26.009115	Bb5	87	80	0	0	8640	P1-7-1	0	-
129	23.337240	24.209635	Db4	34	80	0	0	8640	P1-7-4	0	-
130	23.598958	23.739583	Bb4	45	80	0	0	8760	P1-7-7	0	-
131	23.598958	23.696615	G4	44	80	0	0	8760	P1-7-6	0	-
132	23.600260	23.692708	Eb4	40	80	0	0	8760	P1-7-5	0	-
133	23.875000	23.946615	Bb4	43	80	0	0	8880	P1-7-10	0	-
134	23.876302	23.949219	G4	42	80	0	0	8880	P1-7-9	0	-
135	23.881510	23.946615	Eb4	34	80	0	0	8880	P1-7-8	0	-
136	24.113281	24.438802	Bb4	45	80	0	0	9000	P1-7-13	0	-
137	24.115885	24.408854	G4	38	80	0	0	9000	P1-7-12	0	-
138	24.117188	24.419271	Eb4	32	80	0	0	9000	P1-7-11	0	-
139	24.363281	25.000000	Db4	37	80	0	0	9120	P1-7-14	0	-
140	24.613281	24.696615	Eb4	38	80	0	0	9240	P1-7-15	0	-
141	24.614583	24.694010	Bb4	49	80	0	0	9240	P1-7-17	0	-
142	24.622396	24.697917	G4	39	80	0	0	9240	P1-7-16	0	-
143	24.845052	26.729167	G5	79	80	0	0	9360	P1-7-2	0	-
144	24.864583	24.937500	Bb4	51	80	0	0	9360	P1-7-20	0	-
145	24.872396	24.941406	Eb4	33	80	0	0	9360	P1-7-18	0	-
146	24.875000	24.934896	G4	47	80	0	0	9360	P1-7-19	0	-
147	25.106771	25.468750	Bb4	51	80	0	0	9480	P1-7-23	0	-
148	25.110677	25.419271	Eb4	39	80	0	0	9480	P1-7-21	0	-
149	25.114583	25.429688	G4	49	80	0	0	9480	P1-7-22	0	-
150	25.115885	25.188802	C#4	42	80	0	0	9480	P1-7-21	0	-
151	25.360677	26.229167	Db4	47	80	0	0	9600	P1-7-24	0	-
152	25.604167	25.707031	Bb4	46	80	0	0	9720	P1-7-27	0	-
153	25.625000	25.710938	G4	38	80	0	0	9720	P1-7-26	0	-
154	25.625000	26.009115	Eb4	37	80	0	0	9720	P1-7-25	0	-
155	25.873698	26.438802	Eb5	75	80	0	0	9840	P1-7-3	0	-
156	25.898438	25.981771	Bb4	49	80	0	0	9840	P1-7-30	0	-
157	25.906250	25.975260	G4	36	80	0	0	9840	P1-7-29	0	-
158	26.143229	26.429688	Bb4	55	80	0	0	9960	P1-7-33	0	-
159	26.144531	26.339844	Eb4	44	80	0	0	9960	P1-7-31	0	-
160	26.153646	26.339844	G4	42	80	0	0	9960	P1-7-32	0	-
161	26.453125	28.519531	Eb5	73	80	0	0	10080	P1-8-1	0	-
162	26.518229	26.529948	G#4	31	80	0	0	10080	P1-8-1	0	-
163	26.522135	27.279948	C4	38	80	0	0	10080	P1-8-3	0	-
164	26.748698	26.832031	Ab4	49	80	0	0	10200	P1-8-5	0	-
165	26.750000	26.828125	Eb4	46	80	0	0	10200	P1-8-4	0	-
166	26.984375	27.057292	Ab4	59	80	0	0	10320	P1-8-7	0	-
167	27.002604	27.058594	Eb4	40	80	0	0	10320	P1-8-6	0	-
168	27.233073	27.289062	Ab4	51	80	0	0	10440	P1-8-9	0	-
169	27.233073	27.489583	Eb4	40	80	0	0	10440	P1-8-8	0	-
170	27.473958	29.319010	Ab5	78	80	0	0	10560	P1-8-2	0	-
171	27.537760	28.128906	C4	46	80	0	0	10560	P1-8-10	0	-
172	27.539062	27.649740	G#4	40	80	0	0	10560	P1-8-2	0	-
173	27.733073	27.820312	Ab4	49	80	0	0	10680	P1-8-12	0	-
174	27.734375	27.817708	Eb4	45	80	0	0	10680	P1-8-11	0	-
175	27.972656	28.031250	Ab4	50	80	0	0	10800	P1-8-14	0	-
176	27.976562	28.033854	Eb4	34	80	0	0	10800	P1-8-13	0	-
177	28.203125	28.299479	C4	36	80	0	0	10920	P1-8-15	0	-
178	28.203125	28.378906	Eb4	41	80	0	0	10920	P1-8-15	0	-
179	28.204427	28.489583	Ab4	51	80	0	0	10920	P1-8-16	0	-
180	28.454427	29.229167	C4	47	80	0	0	11040	P1-8-17	0	-
181	28.664062	28.744792	Ab4	56	80	0	0	11160	P1-8-19	0	-
182	28.665365	28.744792	Eb4	48	80	0	0	11160	P1-8-18	0	-
183	28.912760	28.976562	Ab4	62	80	0	0	11280	P1-8-21	0	-
184	28.924479	28.979167	Eb4	44	80	0	0	11280	P1-8-20	0	-
185	29.145833	29.269531	Ab4	51	80	0	0	11400	P1-8-23	0	-
186	29.151042	29.269531	Eb4	34	80	0	0	11400	P1-8-22	0	-
187	29.419271	31.438802	Ab5	89	80	0	0	11520	P1-9-1	0	-
188	29.475260	30.239583	Gb4	41	80	0	0	11520	P1-9-4	0	-
189	29.684896	29.829427	Eb5	50	80	0	0	11640	P1-9-7	0	-
190	29.694010	29.765625	Ab4	41	80	0	0	11640	P1-9-5	0	-
191	29.694010	29.770833	C5	46	80	0	0	11640	P1-9-6	0	-
192	29.924479	30.139323	Eb5	51	80	0	0	11760	P1-9-10	0	-
193	29.933594	29.994792	Ab4	42	80	0	0	11760	P1-9-8	0	-
194	29.934896	29.998698	C5	43	80	0	0	11760	P1-9-9	0	-
195	30.147135	30.489583	C5	52	80	0	0	11880	P1-9-12	0	-
196	30.151042	30.359375	Ab4	44	80	0	0	11880	P1-9-11	0	-
197	30.153646	30.329427	Eb5	49	80	0	0	11880	P1-9-13	0	-
198	30.404948	31.250000	Gb4	44	80	0	0	12000	P1-9-14	0	-
199	30.647135	30.731771	Ab4	40	80	0	0	12120	P1-9-15	0	-
200	30.653646	30.740885	C5	46	80	0	0	12120	P1-9-16	0	-
201	30.654948	30.809896	Eb5	51	80	0	0	12120	P1-9-17	0	-
202	30.902344	32.119792	C6	91	80	0	0	12240	P1-9-2	0	-
203	30.936198	31.218750	Eb5	53	80	0	0	12240	P1-9-20	0	-
204	30.937500	30.994792	Ab4	51	80	0	0	12240	P1-9-18	0	-
205	30.944010	31.001302	C5	65	80	0	0	12240	P1-9-19	0	-
206	31.145833	31.449219	C5	55	80	0	0	12360	P1-9-22	0	-
207	31.153646	31.468750	Ab4	49	80	0	0	12360	P1-9-21	0	-
208	31.408854	32.188802	Gb4	41	80	0	0	12480	P1-9-24	0	-
209	31.651042	32.049479	Eb5	52	80	0	0	12600	P1-9-27	0	-
210	31.656250	31.839844	Ab4	43	80	0	0	12600	P1-9-25	0	-
211	31.656250	31.809896	C5	45	80	0	0	12600	P1-9-26	0	-
212	31.920573	32.529948	Eb6	89	80	0	0	12720	P1-9-3	0	-
213	31.954427	32.069010	Ab4	47	80	0	0	12720	P1-9-28	0	-
214	31.971354	32.089844	C5	44	80	0	0	12720	P1-9-29	0	-
215	32.222656	32.750000	Eb5	51	80	0	0	12840	P1-9-33	0	-
216	32.223958	32.639323	C5	50	80	0	0	12840	P1-9-32	0	-
217	32.225260	32.658854	Ab4	47	80	0	0	12840	P1-9-31	0	-
218	32.544271	34.299479	Eb6	87	80	0	0	12960	P1-10-1	0	-
219	32.566406	33.389323	F4	39	80	0	0	12960	P1-10-5	0	-
220	32.834635	32.979167	Ab4	42	80	0	0	13080	P1-10-6	0	-
221	32.837240	32.932292	Db5	43	80	0	0	13080	P1-10-7	0	-
222	33.092448	33.161458	Ab4	43	80	0	0	13200	P1-10-8	0	-
223	33.092448	33.164062	Db5	53	80	0	0	13200	P1-10-9	0	-
224	33.326823	33.598958	Ab4	41	80	0	0	13320	P1-10-10	0	-
225	33.334635	33.639323	Db5	44	80	0	0	13320	P1-10-11	0	-
226	33.574219	34.408854	F4	40	80	0	0	13440	P1-10-12	0	-
227	33.828125	33.989583	Ab4	43	80	0	0	13560	P1-10-13	0	-
228	33.834635	34.000000	Db5	51	80	0	0	13560	P1-10-14	0	-
229	34.052083	34.718750	Db6	93	80	0	0	13680	P1-10-2	0	-
230	34.104167	34.250000	Ab4	47	80	0	0	13680	P1-10-15	0	-
231	34.106771	34.166667	Db5	52	80	0	0	13680	P1-10-16	0	-
232	34.325521	34.649740	Ab4	53	80	0	0	13800	P1-10-17	0	-
233	34.330729	34.679688	Db5	52	80	0	0	13800	P1-10-18	0	-
234	34.615885	35.279948	Eb6	93	80	0	0	13920	P1-10-3	0	-
235	34.644531	35.259115	Eb4	51	80	0	0	13920	P1-10-19	0	-
236	34.916667	35.359375	Ab4	46	80	0	0	14040	P1-10-20	0	-
237	34.916667	35.239583	C5	43	80	0	0	14040	P1-10-21	0	-
238	35.209635	35.899740	F6	92	80	0	0	14160	P1-10-4	0	-
239	35.233073	35.679688	Db4	53	80	0	0	14160	P1-10-22	0	-
240	35.555990	36.049479	Bb4	48	80	0	0	14280	P1-10-24	0	-
241	35.561198	36.098958	Ab4	44	80	0	0	14280	P1-10-23	0	-
242	35.911458	37.529948	F6	88	80	0	0	14400	P1-11-1	0	-
243	35.944010	37.039062	Eb4	42	80	0	0	14400	P1-11-8	0	-
244	36.320312	36.438802	C5	35	80	0	0	14520	P1-11-10	0	-
245	36.322917	36.442708	Ab4	31	80	0	0	14520	P1-11-9	0	-
246	36.648438	38.179688	Eb6	79	80	0	0	14640	P1-11-2	0	-
247	36.657552	36.773438	C5	56	80	0	0	14640	P1-11-12	0	-
248	36.661458	36.829427	Ab4	56	80	0	0	14640	P1-11-11	0	-
249	36.964844	37.289062	Ab4	46	80	0	0	14760	P1-11-13	0	-
250	36.964844	37.329427	C5	40	80	0	0	14760	P1-11-14	0	-
251	37.247396	38.289062	Eb4	31	80	0	0	14880	P1-11-15	0	-
252	37.524740	37.688802	Ab4	42	80	0	0	15000	P1-11-16	0	-
253	37.528646	37.829427	C5	41	80	0	0	15000	P1-11-17	0	-
254	37.803385	38.250000	Db6	75	80	0	0	15120	P1-11-3	0	-
255	37.813802	38.009115	C#5	55	80	0	0	15120	P1-11-19	0	-
256	37.824219	38.579427	Ab4	48	80	0	0	15120	P1-11-18	0	-
257	37.842448	37.959635	C5	43	80	0	0	15120	P1-11-19	0	-
258	38.132812	38.609375	C6	75	80	0	0	15240	P1-11-4	0	-
259	38.134115	38.579427	C5	56	80	0	0	15240	P1-11-21	0	-
260	38.511719	39.408854	Eb6	71	80	0	0	15360	P1-11-5	0	-
261	38.541667	40.229167	Eb4	43	80	0	0	15360	P1-11-22	0	-
262	38.901042	39.658854	Db6	63	80	0	0	15480	P1-11-6	0	-
263	38.934896	39.169271	Bb4	34	80	0	0	15480	P1-11-23	0	-
264	38.936198	39.250000	Db5	35	80	0	0	15480	P1-11-24	0	-
265	39.332031	40.299479	G5	56	80	0	0	15600	P1-11-7	0	-
266	39.375000	39.750000	Bb4	32	80	0	0	15600	P1-11-25	0	-
267	39.377604	40.229167	C#4	25	80	0	0	15600	P1-11-26	0	-
268	39.752604	40.239583	Db5	43	80	0	0	15720	P1-11-28	0	-
269	39.764323	40.239583	Bb4	35	80	0	0	15720	P1-11-27	0	-
270	40.223958	40.688802	Ab5	50	80	0	0	15840	P1-12-1	0	-
271	40.229167	41.119792	C5	42	80	0	0	15840	P1-12-26	0	-
272	40.244792	41.029948	Ab4	44	80	0	0	15840	P1-12-25	0	-
273	40.404948	40.589844	Eb6	64	80	0	0	15900	P1-12-2	0	-
274	40.510417	40.658854	C6	35	80	0	0	15960	P1-12-3	0	-
275	40.604167	40.733073	Eb6	62	80	0	0	16020	P1-12-4	0	-
276	40.735677	40.850260	Ab6	60	80	0	0	16080	P1-12-5	0	-
277	40.854167	41.000000	Eb6	57	80	0	0	16140	P1-12-6	0	-
278	40.941406	41.006510	C6	52	80	0	0	16200	P1-12-7	0	-
279	41.045573	41.135417	Eb6	63	80	0	0	16260	P1-12-8	0	-
280	41.153646	41.348958	Ab5	64	80	0	0	16320	P1-12-9	0	-
281	41.289062	41.354167	Eb5	57	80	0	0	16380	P1-12-10	0	-
282	41.384115	41.445312	C5	61	80	0	0	16440	P1-12-11	0	-
283	41.480469	41.628906	Eb5	53	80	0	0	16500	P1-12-12	0	-
284	41.614583	41.739583	Ab4	48	80	0	0	16560	P1-12-13	0	-
285	41.727865	41.859375	Eb4	46	80	0	0	16620	P1-12-14	0	-
286	41.854167	42.069010	C4	34	80	0	0	16680	P1-12-15	0	-
287	42.041667	42.117188	Ab3	55	80	0	0	16800	P1-12-17	0	-
288	42.175781	42.246094	Eb3	51	80	0	0	16860	P1-12-18	0	-
289	42.303385	42.449219	C3	42	80	0	0	16920	P1-12-19	0	-
290	42.404948	42.470052	Eb3	51	80	0	0	16980	P1-12-20	0	-
291	42.523438	42.658854	Ab2	46	80	0	0	17040	P1-12-21	0	-
292	42.614583	42.769531	Eb3	48	80	0	0	17100	P1-12-22	0	-
293	42.885417	42.989583	Eb3	42	80	0	0	17220	P1-12-24	0	-
294	42.957031	43.348958	Bb2	48	80	0	0	17280	P1-13-27	0	-
295	42.960938	43.339844	Bb1	44	80	0	0	17280	P1-13-25	0	-
296	43.111979	43.173177	Eb3	48	80	0	0	17340	P1-13-2	0	-
297	43.210938	43.285156	Db3	50	80	0	0	17400	P1-13-3	0	-
298	43.303385	43.372396	Eb3	50	80	0	0	17460	P1-13-4	0	-
299	43.434896	43.520833	G3	50	80	0	0	17520	P1-13-5	0	-
300	43.570312	43.626302	Eb3	42	80	0	0	17580	P1-13-6	0	-
301	43.664062	43.722656	Db3	45	80	0	0	17640	P1-13-7	0	-
302	43.755208	44.139323	Eb3	50	80	0	0	17700	P1-13-8	0	-
303	43.884115	44.279948	Bb2	51	80	0	0	17760	P1-13-30	0	-
304	43.885417	44.769531	Bb1	52	80	0	0	17760	P1-13-28	0	-
305	43.889323	44.259115	G3	51	80	0	0	17760	P1-13-9	0	-
306	43.891927	44.339844	Eb2	47	80	0	0	17760	P1-13-29	0	-
307	44.009115	44.083333	Eb4	43	80	0	0	17820	P1-13-10	0	-
308	44.114583	44.205729	Db4	44	80	0	0	17880	P1-13-11	0	-
309	44.230469	44.283854	Eb4	48	80	0	0	17940	P1-13-12	0	-
310	44.345052	44.402344	G4	48	80	0	0	18000	P1-13-13	0	-
311	44.441406	44.492188	Eb4	51	80	0	0	18060	P1-13-14	0	-
312	44.558594	44.613281	Db4	48	80	0	0	18120	P1-13-15	0	-
313	44.662760	44.734375	Eb4	53	80	0	0	18180	P1-13-16	0	-
314	44.779948	45.519531	Bb1	47	80	0	0	18240	P1-13-31	0	-
315	44.782552	45.389323	Bb2	47	80	0	0	18240	P1-13-33	0	-
316	44.783854	45.009115	Eb2	43	80	0	0	18240	P1-13-32	0	-
317	44.897135	44.983073	Eb5	60	80	0	0	18300	P1-13-18	0	-
318	45.019531	45.084635	Db5	55	80	0	0	18360	P1-13-19	0	-
319	45.108073	45.188802	Eb5	66	80	0	0	18420	P1-13-20	0	-
320	45.226562	45.311198	G5	56	80	0	0	18480	P1-13-21	0	-
321	45.335938	45.402344	Eb5	62	80	0	0	18540	P1-13-22	0	-
322	45.447917	45.507812	Db5	56	80	0	0	18600	P1-13-23	0	-
323	45.541667	45.649740	Eb5	61	80	0	0	18660	P1-13-24	0	-
324	45.674479	45.959635	C2	45	80	0	0	18720	P1-14-25	0	-
325	45.674479	45.752604	Ab5	57	80	0	0	18720	P1-14-1	0	-
326	45.675781	46.039062	C3	44	80	0	0	18720	P1-14-27	0	-
327	45.766927	45.854167	Eb6	65	80	0	0	18780	P1-14-2	0	-
328	45.884115	45.953125	C6	56	80	0	0	18840	P1-14-3	0	-
329	45.986979	46.066406	Eb6	64	80	0	0	18900	P1-14-4	0	-
330	46.085938	46.166667	Ab6	60	80	0	0	18960	P1-14-5	0	-
331	46.200521	46.246094	Eb6	57	80	0	0	19020	P1-14-6	0	-
332	46.289062	46.389323	C6	60	80	0	0	19080	P1-14-7	0	-
333	46.376302	46.459635	Eb6	71	80	0	0	19140	P1-14-8	0	-
334	46.484375	46.546875	Ab5	48	80	0	0	19200	P1-14-9	0	-
335	46.609375	46.671875	Eb5	56	80	0	0	19260	P1-14-10	0	-
336	46.722656	46.777344	C5	49	80	0	0	19320	P1-14-11	0	-
337	46.815104	46.899740	Eb5	48	80	0	0	19380	P1-14-12	0	-
338	46.912760	47.019531	Ab4	34	80	0	0	19440	P1-14-13	0	-
339	47.028646	47.109375	Eb4	43	80	0	0	19500	P1-14-14	0	-
340	47.152344	47.299479	C4	39	80	0	0	19560	P1-14-15	0	-
341	47.264323	47.348958	Eb4	30	80	0	0	19620	P1-14-16	0	-
342	47.343750	47.414062	Ab3	47	80	0	0	19680	P1-14-17	0	-
343	47.485677	47.552083	Eb3	41	80	0	0	19740	P1-14-18	0	-
344	47.610677	47.750000	C3	39	80	0	0	19800	P1-14-19	0	-
345	47.701823	47.753906	Eb3	41	80	0	0	19860	P1-14-20	0	-
346	47.786458	47.854167	Ab2	47	80	0	0	19920	P1-14-21	0	-
347	47.886719	47.947917	Eb3	51	80	0	0	19980	P1-14-22	0	-
348	48.026042	48.105469	C3	43	80	0	0	20040	P1-14-23	0	-
349	48.126302	48.197917	Eb3	49	80	0	0	20100	P1-14-24	0	-
350	48.244792	48.628906	Eb2	46	80	0	0	20160	P1-15-26	0	-
351	48.244792	48.419271	G1	48	80	0	0	20160	P1-15-25	0	-
352	48.246094	48.419271	G2	45	80	0	0	20160	P1-15-27	0	-
353	48.247396	48.348958	Bb1	48	80	0	0	20160	P1-15-1	0	-
354	48.251302	48.328125	Bb2	48	80	0	0	20160	P1-15-1	0	-
355	48.382812	48.389323	Eb3	37	80	0	0	20220	P1-15-2	0	-
356	48.453125	48.536458	Db3	52	80	0	0	20280	P1-15-3	0	-
357	48.544271	48.632812	Eb3	50	80	0	0	20340	P1-15-4	0	-
358	48.674479	48.809896	Bb3	50	80	0	0	20400	P1-15-5	0	-
359	48.832031	48.889323	Eb3	30	80	0	0	20460	P1-15-6	0	-
360	48.895833	49.009115	Db3	46	80	0	0	20520	P1-15-7	0	-
361	48.985677	49.109375	Eb3	50	80	0	0	20580	P1-15-8	0	-
362	49.134115	49.212240	Bb3	52	80	0	0	20640	P1-15-9	0	-
363	49.135417	49.619792	G2	44	80	0	0	20640	P1-15-30	0	-
364	49.140625	49.709635	G1	45	80	0	0	20640	P1-15-28	0	-
365	49.141927	49.718750	Eb2	44	80	0	0	20640	P1-15-29	0	-
366	49.244792	49.299479	Eb4	45	80	0	0	20700	P1-15-10	0	-
367	49.359375	49.420573	Db4	44	80	0	0	20760	P1-15-11	0	-
368	49.454427	49.511719	Eb4	45	80	0	0	20820	P1-15-12	0	-
369	49.575521	49.641927	Bb4	50	80	0	0	20880	P1-15-13	0	-
370	49.683594	49.727865	Eb4	45	80	0	0	20940	P1-15-14	0	-
371	49.684896	49.809896	Eb5	53	80	0	0	20940	P1-15-14	0	-
372	49.773438	49.832031	Db4	48	80	0	0	21000	P1-15-15	0	-
373	49.876302	49.925781	Eb4	52	80	0	0	21060	P1-15-16	0	-
374	50.011719	50.509115	G1	47	80	0	0	21120	P1-15-31	0	-
375	50.013021	50.419271	G2	46	80	0	0	21120	P1-15-33	0	-
376	50.013021	50.859375	Eb2	44	80	0	0	21120	P1-15-32	0	-
377	50.102865	50.279948	Eb5	64	80	0	0	21180	P1-15-18	0	-
378	50.239583	50.295573	Db5	49	80	0	0	21240	P1-15-19	0	-
379	50.322917	50.403646	Eb5	56	80	0	0	21300	P1-15-20	0	-
380	50.425781	50.503906	Bb5	67	80	0	0	21360	P1-15-21	0	-
381	50.524740	50.593750	Eb5	66	80	0	0	21420	P1-15-22	0	-
382	50.644531	50.705729	Db5	55	80	0	0	21480	P1-15-23	0	-
383	50.748698	50.811198	Eb5	59	80	0	0	21540	P1-15-24	0	-
384	50.863281	52.500000	Ab1	47	80	0	0	21600	P1-16-25	0	-
385	50.864583	52.199219	Eb2	42	80	0	0	21600	P1-16-26	0	-
386	50.865885	50.942708	C5	48	80	0	0	21600	P1-16-1	0	-
387	50.971354	51.049479	Ab5	62	80	0	0	21660	P1-16-2	0	-
388	51.082031	51.153646	Eb5	53	80	0	0	21720	P1-16-3	0	-
389	51.180990	51.242188	Ab5	63	80	0	0	21780	P1-16-4	0	-
390	51.273438	51.342448	C6	64	80	0	0	21840	P1-16-5	0	-
391	51.375000	51.440104	Ab5	62	80	0	0	21900	P1-16-6	0	-
392	51.476562	51.545573	Eb5	55	80	0	0	21960	P1-16-7	0	-
393	51.572917	51.636719	Ab5	62	80	0	0	22020	P1-16-8	0	-
394	51.678385	51.731771	C5	59	80	0	0	22080	P1-16-9	0	-
395	51.785156	51.837240	Ab4	65	80	0	0	22140	P1-16-10	0	-
396	51.910156	52.019531	Eb4	43	80	0	0	22200	P1-16-11	0	-
397	51.990885	52.054688	Ab4	64	80	0	0	22260	P1-16-12	0	-
398	52.085938	52.171875	C4	52	80	0	0	22320	P1-16-13	0	-
399	52.200521	52.270833	Ab3	58	80	0	0	22380	P1-16-14	0	-
400	52.315104	52.403646	Eb3	44	80	0	0	22440	P1-16-15	0	-
401	52.432292	52.489583	Ab3	49	80	0	0	22500	P1-16-16	0	-
402	52.520833	52.759115	C3	54	80	0	0	22560	P1-16-17	0	-
403	52.635417	52.722656	Ab3	48	80	0	0	22620	P1-16-18	0	-
404	52.753906	52.929688	Eb3	42	80	0	0	22680	P1-16-19	0	-
405	52.858073	52.925781	Ab3	57	80	0	0	22740	P1-16-20	0	-
406	52.942708	53.109375	C4	37	80	0	0	22800	P1-16-21	0	-
407	53.062500	53.115885	Ab3	57	80	0	0	22860	P1-16-22	0	-
408	53.153646	53.158854	Eb3	31	80	0	0	22920	P1-16-23	0	-
409	53.253906	53.347656	Ab3	58	80	0	0	22980	P1-16-24	0	-
410	53.367188	53.908854	F2	55	80	0	0	23040	P1-17-26	0	-
411	53.369792	53.848958	F1	57	80	0	0	23040	P1-17-25	0	-
412	53.384115	53.569010	D3	51	80	0	0	23040	P1-17-1	0	-
413	53.485677	53.554688	Bb3	60	80	0	0	23100	P1-17-2	0	-
414	53.584635	53.665365	Ab3	61	80	0	0	23160	P1-17-3	0	-
415	53.690104	53.756510	Bb3	69	80	0	0	23220	P1-17-4	0	-
416	53.789062	53.863281	D4	62	80	0	0	23280	P1-17-5	0	-
417	53.908854	53.983073	Bb3	63	80	0	0	23340	P1-17-6	0	-
418	54.011719	54.074219	Ab3	73	80	0	0	23400	P1-17-7	0	-
419	54.108073	54.250000	Bb3	67	80	0	0	23460	P1-17-8	0	-
420	54.214844	54.500000	F3	59	80	0	0	23520	P1-17-29	0	-
421	54.220052	54.549479	Bb2	56	80	0	0	23520	P1-17-28	0	-
422	54.223958	54.459635	D4	69	80	0	0	23520	P1-17-9	0	-
423	54.223958	54.539062	F2	54	80	0	0	23520	P1-17-27	0	-
424	54.337240	54.408854	Bb4	65	80	0	0	23580	P1-17-10	0	-
425	54.436198	54.510417	Ab4	66	80	0	0	23640	P1-17-11	0	-
426	54.526042	54.587240	Bb4	62	80	0	0	23700	P1-17-12	0	-
427	54.632812	54.789062	D5	71	80	0	0	23760	P1-17-13	0	-
428	54.750000	54.816406	Bb4	67	80	0	0	23820	P1-17-14	0	-
429	54.837240	54.916667	Ab4	64	80	0	0	23880	P1-17-15	0	-
430	54.924479	54.985677	Bb4	72	80	0	0	23940	P1-17-16	0	-
431	55.019531	55.083333	Eb2	64	80	0	0	24000	P1-17-30	0	-
432	55.031250	55.279948	Eb3	67	80	0	0	24000	P1-17-32	0	-
433	55.032552	55.309896	Bb2	65	80	0	0	24000	P1-17-31	0	-
434	55.036458	55.138021	Eb5	73	80	0	0	24000	P1-17-17	0	-
435	55.136719	55.233073	Bb5	76	80	0	0	24060	P1-17-18	0	-
436	55.248698	55.351562	G5	74	80	0	0	24120	P1-17-19	0	-
437	55.352865	55.447917	Bb5	80	80	0	0	24180	P1-17-20	0	-
438	55.455729	55.561198	Eb6	73	80	0	0	24240	P1-17-21	0	-
439	55.563802	55.643229	Bb5	79	80	0	0	24300	P1-17-22	0	-
440	55.658854	55.743490	G5	65	80	0	0	24360	P1-17-23	0	-
441	55.760417	55.843750	Bb5	83	80	0	0	24420	P1-17-24	0	-
442	55.835938	55.959635	D3	66	80	0	0	24480	P1-18-27	0	-
443	55.842448	56.000000	Bb2	65	80	0	0	24480	P1-18-26	0	-
444	55.843750	55.959635	D2	65	80	0	0	24480	P1-18-25	0	-
445	55.855469	55.960938	F5	75	80	0	0	24480	P1-18-1	0	-
446	55.962240	56.048177	Bb5	85	80	0	0	24540	P1-18-2	0	-
447	56.053385	56.147135	Ab5	77	80	0	0	24600	P1-18-3	0	-
448	56.151042	56.234375	Bb5	83	80	0	0	24660	P1-18-4	0	-
449	56.255208	56.339844	F6	75	80	0	0	24720	P1-18-5	0	-
450	56.364583	56.453125	Bb5	84	80	0	0	24780	P1-18-6	0	-
451	56.450521	56.554688	Ab5	79	80	0	0	24840	P1-18-7	0	-
452	56.554688	56.630208	Bb5	85	80	0	0	24900	P1-18-8	0	-
453	56.653646	56.968750	D4	67	80	0	0	24960	P1-18-30	0	-
454	56.654948	57.009115	Bb3	79	80	0	0	24960	P1-18-29	0	-
455	56.657552	56.919271	D3	73	80	0	0	24960	P1-18-28	0	-
456	56.657552	56.763021	F5	76	80	0	0	24960	P1-18-9	0	-
457	56.753906	56.861979	Bb5	84	80	0	0	25020	P1-18-10	0	-
458	56.854167	56.960938	Ab5	79	80	0	0	25080	P1-18-11	0	-
459	56.953125	57.041667	Bb5	87	80	0	0	25140	P1-18-12	0	-
460	57.040365	57.134115	F6	81	80	0	0	25200	P1-18-13	0	-
461	57.154948	57.242188	Bb5	86	80	0	0	25260	P1-18-14	0	-
462	57.238281	57.334635	Ab5	79	80	0	0	25320	P1-18-15	0	-
463	57.333333	57.403646	Bb5	83	80	0	0	25380	P1-18-16	0	-
464	57.423177	57.769531	Db4	67	80	0	0	25440	P1-18-33	0	-
465	57.432292	57.533854	G5	82	80	0	0	25440	P1-18-17	0	-
466	57.436198	57.919271	Eb3	72	80	0	0	25440	P1-18-32	0	-
467	57.437500	57.799479	Db3	65	80	0	0	25440	P1-18-31	0	-
468	57.536458	57.631510	Eb6	88	80	0	0	25500	P1-18-18	0	-
469	57.626302	57.735677	Bb5	88	80	0	0	25560	P1-18-19	0	-
470	57.735677	57.828125	Eb6	88	80	0	0	25620	P1-18-20	0	-
471	57.830729	57.941406	G6	91	80	0	0	25680	P1-18-21	0	-
472	57.940104	58.026042	Eb6	90	80	0	0	25740	P1-18-22	0	-
473	58.022135	58.123698	Bb5	93	80	0	0	25800	P1-18-23	0	-
474	58.125000	58.222656	Eb6	95	80	0	0	25860	P1-18-24	0	-
475	58.223958	58.451823	C4	75	80	0	0	25920	P1-19-27	0	-
476	58.227865	58.414062	C3	71	80	0	0	25920	P1-19-25	0	-
477	58.231771	58.468750	Ab5	94	80	0	0	25920	P1-19-1	0	-
478	58.233073	58.423177	Eb3	72	80	0	0	25920	P1-19-26	0	-
479	58.345052	58.460938	Ab6	85	80	0	0	25980	P1-19-2	0	-
480	58.458333	58.546875	Eb6	84	80	0	0	26040	P1-19-3	0	-
481	58.544271	58.639323	Ab6	90	80	0	0	26100	P1-19-4	0	-
482	58.647135	58.869792	A5	84	80	0	0	26160	P1-19-5	0	-
483	58.647135	58.859375	Cb4	69	80	0	0	26160	P1-19-30	0	-
484	58.653646	58.809896	Cb3	70	80	0	0	26160	P1-19-28	0	-
485	58.763021	58.881510	A6	98	80	0	0	26220	P1-19-6	0	-
486	58.861979	58.953125	Eb6	93	80	0	0	26280	P1-19-7	0	-
487	58.975260	59.109375	A6	96	80	0	0	26340	P1-19-8	0	-
488	59.072917	59.319010	A5	85	80	0	0	26400	P1-19-9	0	-
489	59.105469	59.369792	Cb5	67	80	0	0	26400	P1-19-33	0	-
490	59.114583	59.326823	Eb4	54	80	0	0	26400	P1-19-32	0	-
491	59.115885	59.419271	Cb4	63	80	0	0	26400	P1-19-31	0	-
492	59.205729	59.321615	A6	97	80	0	0	26460	P1-19-10	0	-
493	59.307292	59.414062	Eb6	95	80	0	0	26520	P1-19-11	0	-
494	59.415365	59.516927	A6	100	80	0	0	26580	P1-19-12	0	-
495	59.532552	59.718750	Bb5	99	80	0	0	26640	P1-19-13	0	-
496	59.533854	59.764323	Bb4	88	80	0	0	26640	P1-19-36	0	-
497	59.554688	59.768229	Eb4	57	80	0	0	26640	P1-19-35	0	-
498	59.554688	59.839844	Bb3	69	80	0	0	26640	P1-19-34	0	-
499	59.634115	59.770833	Bb6	102	80	0	0	26700	P1-19-14	0	-
500	59.753906	59.893229	Eb6	90	80	0	0	26760	P1-19-15	0	-
501	59.864583	60.009115	Bb6	101	80	0	0	26820	P1-19-16	0	-
502	59.972656	60.250000	Bb5	89	80	0	0	26880	P1-19-17	0	-
503	59.973958	60.299479	Ab4	74	80	0	0	26880	P1-19-39	0	-
504	59.980469	60.329427	Eb4	60	80	0	0	26880	P1-19-38	0	-
505	59.983073	60.299479	Ab3	65	80	0	0	26880	P1-19-37	0	-
506	60.093750	60.213542	Bb6	93	80	0	0	26940	P1-19-18	0	-
507	60.194010	60.328125	Eb6	88	80	0	0	27000	P1-19-19	0	-
508	60.307292	60.432292	Bb6	92	80	0	0	27060	P1-19-20	0	-
509	60.441406	61.009115	G4	67	80	0	0	27120	P1-19-42	0	-
510	60.441406	60.729167	Cb6	84	80	0	0	27120	P1-19-21	0	-
511	60.444010	60.979167	Eb4	55	80	0	0	27120	P1-19-41	0	-
512	60.446615	60.929688	G3	62	80	0	0	27120	P1-19-40	0	-
513	60.589844	60.743490	Cb7	101	80	0	0	27180	P1-19-22	0	-
514	60.723958	60.901042	Eb6	82	80	0	0	27240	P1-19-23	0	-
515	60.856771	61.199219	Cb7	100	80	0	0	27300	P1-19-24	0	-
516	61.432292	63.279948	C7	100	80	0	0	27360	P1-20-1	0	-
517	61.802083	62.619792	Ab5	52	80	0	0	27480	P1-20-8	0	-
518	62.127604	62.938802	Ab4	42	80	0	0	27600	P1-20-9	0	-
519	62.358073	62.789062	C6	66	80	0	0	27720	P1-20-2	0	-
520	62.631510	64.039062	Bb6	88	80	0	0	27840	P1-20-3	0	-
521	62.893229	63.500000	G5	57	80	0	0	27960	P1-20-11	0	-
522	63.179688	63.979167	G4	39	80	0	0	28080	P1-20-12	0	-
523	63.384115	63.968750	Bb5	65	80	0	0	28200	P1-20-4	0	-
524	63.654948	64.718750	Ab6	77	80	0	0	28320	P1-20-5	0	-
525	63.903646	64.509115	F5	53	80	0	0	28440	P1-20-14	0	-
526	64.164062	64.908854	F4	32	80	0	0	28560	P1-20-15	0	-
527	64.384115	64.718750	A6	87	80	0	0	28680	P1-20-6	0	-
528	64.683594	66.079427	Bb6	90	80	0	0	28800	P1-21-1	0	-
529	64.934896	65.500000	G5	52	80	0	0	28920	P1-21-10	0	-
530	65.220052	65.819010	G4	41	80	0	0	29040	P1-21-11	0	-
531	65.430990	66.000000	Bb5	59	80	0	0	29160	P1-21-2	0	-
532	65.703125	67.098958	Ab6	73	80	0	0	29280	P1-21-3	0	-
533	65.933594	66.598958	F5	49	80	0	0	29400	P1-21-13	0	-
534	66.212240	66.819010	F4	24	80	0	0	29520	P1-21-14	0	-
535	66.493490	66.869792	Ab5	52	80	0	0	29640	P1-21-4	0	-
536	66.811198	67.429688	G6	62	80	0	0	29760	P1-21-5	0	-
537	66.863281	67.299479	Eb5	31	80	0	0	29760	P1-21-15	0	-
538	67.113281	67.549479	G5	71	80	0	0	29880	P1-21-6	0	-
539	67.153646	67.799479	Eb4	39	80	0	0	29880	P1-21-16	0	-
540	67.412760	67.769531	Ab5	78	80	0	0	30000	P1-21-7	0	-
541	67.436198	67.639323	F4	39	80	0	0	30000	P1-21-17	0	-
542	67.687500	68.128906	Bb5	81	80	0	0	30120	P1-21-8	0	-
543	67.705729	68.079427	G4	46	80	0	0	30120	P1-21-18	0	-
544	68.014323	68.509115	D6	75	80	0	0	30240	P1-22-1	0	-
545	68.328125	68.938802	C6	70	80	0	0	30360	P1-22-2	0	-
546	68.339844	68.639323	Bb4	44	80	0	0	30360	P1-22-11	0	-
547	68.606771	68.989583	Ab4	52	80	0	0	30480	P1-22-12	0	-
548	68.843750	69.579427	C5	53	80	0	0	30600	P1-22-3	0	-
549	68.861979	69.079427	Ab3	49	80	0	0	30600	P1-22-13	0	-
550	69.110677	69.658854	C6	76	80	0	0	30720	P1-22-4	0	-
551	69.373698	69.729167	Ab4	48	80	0	0	30840	P1-22-15	0	-
552	69.375000	70.128906	Bb5	71	80	0	0	30840	P1-22-5	0	-
553	69.649740	70.199219	G4	37	80	0	0	30960	P1-22-16	0	-
554	69.878906	70.169271	G3	45	80	0	0	31080	P1-22-17	0	-
555	69.881510	70.408854	Bb4	44	80	0	0	31080	P1-22-6	0	-
556	70.143229	70.658854	Bb5	70	80	0	0	31200	P1-22-7	0	-
557	70.430990	71.069010	Ab5	66	80	0	0	31320	P1-22-8	0	-
558	70.433594	70.729167	G4	43	80	0	0	31320	P1-22-19	0	-
559	70.705729	70.979167	F4	27	80	0	0	31440	P1-22-20	0	-
560	70.933594	71.519531	A5	79	80	0	0	31560	P1-22-9	0	-
561	70.940104	71.339844	Gb4	44	80	0	0	31560	P1-22-21	0	-
562	71.260417	71.555990	C6	78	80	0	0	31680	P1-23-1	0	-
563	71.554688	72.378906	Bb5	64	80	0	0	31800	P1-23-2	0	-
564	71.555990	71.938802	Ab4	45	80	0	0	31800	P1-23-16	0	-
565	71.855469	72.429688	G4	39	80	0	0	31920	P1-23-17	0	-
566	72.095052	72.479167	Bb4	44	80	0	0	32040	P1-23-3	0	-
567	72.104167	72.229167	G3	41	80	0	0	32040	P1-23-18	0	-
568	72.393229	72.725260	Bb5	68	80	0	0	32160	P1-23-4	0	-
569	72.686198	73.899740	Ab5	64	80	0	0	32280	P1-23-5	0	-
570	72.694010	73.009115	G4	47	80	0	0	32280	P1-23-20	0	-
571	73.002604	73.479167	F4	29	80	0	0	32400	P1-23-21	0	-
572	73.316406	73.649740	Ab4	38	80	0	0	32520	P1-23-6	0	-
573	73.345052	73.589844	F3	22	80	0	0	32520	P1-23-22	0	-
574	73.776042	74.162760	G5	72	80	0	0	32640	P1-23-7	0	-
575	73.815104	74.959635	Bb4	42	80	0	0	32640	P1-23-13	0	-
576	73.825521	74.218750	G3	38	80	0	0	32640	P1-23-23	0	-
577	73.826823	74.179688	Eb4	32	80	0	0	32640	P1-23-24	0	-
578	74.123698	74.453125	F5	68	80	0	0	32760	P1-23-8	0	-
579	74.156250	74.489583	D4	38	80	0	0	32760	P1-23-26	0	-
580	74.164062	74.348958	Ab3	40	80	0	0	32760	P1-23-25	0	-
581	74.423177	74.764323	G5	77	80	0	0	32880	P1-23-9	0	-
582	74.455729	74.809896	Eb4	39	80	0	0	32880	P1-23-28	0	-
583	74.457031	74.764323	G3	45	80	0	0	32880	P1-23-27	0	-
584	74.722656	75.259115	F5	80	80	0	0	33000	P1-23-10	0	-
585	74.746094	75.259115	D4	46	80	0	0	33000	P1-23-30	0	-
586	74.753906	75.029948	Ab3	47	80	0	0	33000	P1-23-29	0	-
587	75.149740	76.750000	G5	78	80	0	0	33120	P1-24-2	0	-
588	75.179688	75.968750	Bb4	41	80	0	0	33120	P1-24-1	0	-
589	75.192708	76.069010	Eb4	29	80	0	0	33120	P1-24-14	0	-
590	75.194010	76.348958	G3	40	80	0	0	33120	P1-24-13	0	-
591	76.572917	77.679688	F5	57	80	0	0	33600	P1-24-4	0	-
592	76.593750	77.408854	D4	26	80	0	0	33600	P1-24-16	0	-
593	76.596354	77.429688	Ab3	36	80	0	0	33600	P1-24-15	0	-
594	76.604167	77.408854	Bb4	34	80	0	0	33600	P1-24-3	0	-
595	76.605469	76.750000	Bb3	36	80	0	0	33600	P1-24-15	0	-
596	77.992188	78.500000	Bb5	72	80	0	0	34080	P1-24-6	0	-
597	78.032552	78.378906	Bb4	43	80	0	0	34080	P1-24-5	0	-
598	78.033854	78.539062	Eb4	29	80	0	0	34080	P1-24-18	0	-
599	78.041667	78.479167	G3	36	80	0	0	34080	P1-24-17	0	-
600	78.375000	78.718750	A5	79	80	0	0	34200	P1-24-8	0	-
601	78.398438	78.789062	Eb5	62	80	0	0	34200	P1-24-7	0	-
602	78.423177	78.658854	C4	43	80	0	0	34200	P1-24-20	0	-
603	78.423177	78.619792	F3	44	80	0	0	34200	P1-24-19	0	-
604	78.665365	78.970052	Bb5	79	80	0	0	34320	P1-24-10	0	-
605	78.691406	78.949219	Bb4	60	80	0	0	34320	P1-24-9	0	-
606	78.694010	79.128906	Eb4	44	80	0	0	34320	P1-24-22	0	-
607	78.700521	78.989583	G3	44	80	0	0	34320	P1-24-21	0	-
608	78.933594	79.250000	A5	84	80	0	0	34440	P1-24-12	0	-
609	78.949219	79.169271	Eb5	59	80	0	0	34440	P1-24-11	0	-
610	78.954427	79.229167	C4	45	80	0	0	34440	P1-24-24	0	-
611	78.966146	79.259115	F3	45	80	0	0	34440	P1-24-23	0	-
612	79.302083	81.729167	Bb5	83	80	0	0	34560	P1-25-8	0	-
613	79.328125	79.899740	Bb4	56	80	0	0	34560	P1-25-6	0	-
614	79.330729	79.949219	Bb3	48	80	0	0	34560	P1-25-17	0	-
615	79.332031	80.279948	Eb5	52	80	0	0	34560	P1-25-7	0	-
616	79.335938	80.069010	Eb4	39	80	0	0	34560	P1-25-18	0	-
617	79.345052	80.009115	G3	46	80	0	0	34560	P1-25-16	0	-
618	80.372396	80.658854	A4	33	80	0	0	35040	P1-25-9	0	-
619	80.481771	81.899740	Eb5	53	80	0	0	35100	P1-25-10	0	-
620	80.651042	82.049479	C6	80	80	0	0	35160	P1-25-3	0	-
621	80.694010	80.878906	F3	35	80	0	0	35160	P1-25-44	0	-
622	80.803385	80.868490	G3	48	80	0	0	35190	P1-25-23	0	-
623	80.893229	81.039062	F3	37	80	0	0	35220	P1-25-45	0	-
624	80.975260	81.033854	G3	54	80	0	0	35250	P1-25-24	0	-
625	81.045573	81.128906	F3	37	80	0	0	35280	P1-25-46	0	-
626	81.131510	81.178385	G3	46	80	0	0	35310	P1-25-26	0	-
627	81.207031	81.319010	F3	43	80	0	0	35340	P1-25-59	0	-
628	81.286458	81.359375	G3	50	80	0	0	35360	P1-25-28	0	-
629	81.332031	81.459635	F3	43	80	0	0	35460	P1-25-48	0	-
630	81.404948	81.457031	G3	58	80	0	0	35520	P1-25-49	0	-
631	81.464844	81.496094	F3	39	80	0	0	35550	P1-25-31	0	-
632	81.535156	81.606771	G3	55	80	0	0	35580	P1-25-50	0	-
633	81.605469	81.666667	F3	46	80	0	0	35610	P1-25-32	0	-
634	81.679688	82.009115	Eb3	55	80	0	0	35640	P1-25-51	0	-
635	81.753906	81.859375	F3	46	80	0	0	35670	P1-25-34	0	-
636	81.925781	82.009115	F3	49	80	0	0	35700	P1-25-52	0	-
637	82.019531	82.074219	F3	45	80	0	0	35730	P1-25-35	0	-
638	82.055990	82.158854	A4	59	80	0	0	35760	P1-25-13	0	-
639	82.102865	82.289062	Eb3	53	80	0	0	35790	P1-25-37	0	-
640	82.130208	82.759115	F5	66	80	0	0	35820	P1-25-14	0	-
641	82.173177	82.949219	C6	94	80	0	0	35880	P1-25-15	0	-
642	82.213542	82.319010	F3	39	80	0	0	35940	P1-25-55	0	-
643	82.330729	82.539062	F3	47	80	0	0	36000	P1-26-52	0	-
644	82.375000	82.449219	Eb3	42	80	0	0	36030	P1-26-20	0	-
645	82.500000	82.587240	Eb3	58	80	0	0	36090	P1-26-21	0	-
646	82.622396	82.718750	D3	51	80	0	0	36120	P1-26-54	0	-
647	82.727865	82.776042	D3	55	80	0	0	36120	P1-26-54	0	-
648	82.792969	82.848958	Eb3	60	80	0	0	36150	P1-26-23	0	-
649	82.873698	82.938802	D3	59	80	0	0	36180	P1-26-55	0	-
650	82.955729	83.089844	Eb3	55	80	0	0	36210	P1-26-24	0	-
651	83.015625	83.149740	D3	61	80	0	0	36240	P1-26-56	0	-
652	83.031250	83.039062	Bb4	51	80	0	0	36240	P1-26-7	0	-
653	83.111979	83.889323	F5	66	80	0	0	36300	P1-26-8	0	-
654	83.161458	83.848958	D6	97	80	0	0	36300	P1-26-8	0	-
655	83.164062	83.279948	D3	62	80	0	0	36300	P1-26-75	0	-
656	83.175781	83.188802	Eb3	63	80	0	0	36320	P1-26-28	0	-
657	83.291667	83.347656	D3	60	80	0	0	36420	P1-26-58	0	-
658	83.375000	83.459635	Eb3	48	80	0	0	36420	P1-26-58	0	-
659	83.436198	83.539062	D3	70	80	0	0	36420	P1-26-58	0	-
660	83.464844	83.532552	Eb3	63	80	0	0	36480	P1-26-59	0	-
661	83.563802	83.688802	D3	63	80	0	0	36510	P1-26-31	0	-
662	83.639323	83.759115	C3	64	80	0	0	36540	P1-26-60	0	-
663	83.704427	83.829427	D3	63	80	0	0	36570	P1-26-32	0	-
664	83.773438	83.908854	C3	58	80	0	0	36600	P1-26-61	0	-
665	83.835938	83.979167	D3	57	80	0	0	36630	P1-26-34	0	-
666	83.917969	84.109375	C3	54	80	0	0	36660	P1-26-62	0	-
667	83.988281	84.109375	D3	56	80	0	0	36690	P1-26-35	0	-
668	83.989583	84.079427	C5	66	80	0	0	36720	P1-26-12	0	-
669	84.035156	84.569010	F5	69	80	0	0	36780	P1-26-13	0	-
670	84.084635	84.949219	Eb6	101	80	0	0	36840	P1-26-14	0	-
671	84.119792	84.259115	C3	75	80	0	0	36900	P1-26-65	0	-
672	84.121094	84.259115	D3	78	80	0	0	36900	P1-26-65	0	-
673	84.251302	84.259115	A2	59	80	0	0	36960	P1-26-66	0	-
674	84.265625	84.321615	D3	60	80	0	0	36990	P1-26-42	0	-
675	84.325521	84.459635	C3	65	80	0	0	36990	P1-26-42	0	-
676	84.406250	84.549479	D3	62	80	0	0	37020	P1-26-67	0	-
677	84.470052	84.554688	C3	59	80	0	0	37050	P1-26-43	0	-
678	84.558594	84.628906	Bb2	76	80	0	0	37080	P1-26-68	0	-
679	84.634115	84.686198	C3	70	80	0	0	37110	P1-26-45	0	-
680	84.687500	84.759115	Bb2	74	80	0	0	37140	P1-26-69	0	-
681	84.765625	84.833333	C3	78	80	0	0	37170	P1-26-46	0	-
682	84.821615	84.904948	Bb2	80	80	0	0	37200	P1-26-70	0	-
683	84.876302	85.179688	F5	82	80	0	0	37260	P1-26-18	0	-
684	84.907552	84.984375	C3	70	80	0	0	37280	P1-26-50	0	-
685	84.993490	85.839844	F6	100	80	0	0	37320	P1-26-5	0	-
686	85.000000	85.109375	Bb2	77	80	0	0	37380	P1-26-72	0	-
687	85.061198	85.128906	C3	61	80	0	0	37440	P1-27-40	0	-
688	85.115885	85.196615	Bb2	72	80	0	0	37470	P1-27-10	0	-
689	85.199219	85.250000	C3	79	80	0	0	37470	P1-27-10	0	-
690	85.261719	85.375000	C3	73	80	0	0	37470	P1-27-10	0	-
691	85.264323	85.365885	Bb2	72	80	0	0	37470	P1-27-10	0	-
692	85.403646	85.519531	Ab2	62	80	0	0	37500	P1-27-41	0	-
693	85.471354	85.532552	Bb2	69	80	0	0	37530	P1-27-11	0	-
694	85.532552	85.658854	Ab2	78	80	0	0	37560	P1-27-42	0	-
695	85.611979	85.750000	Bb2	72	80	0	0	37590	P1-27-13	0	-
696	85.667969	85.809896	Ab2	67	80	0	0	37620	P1-27-43	0	-
697	85.756510	85.817708	Bb2	79	80	0	0	37650	P1-27-14	0	-
698	85.819010	85.959635	Ab2	90	80	0	0	37680	P1-27-44	0	-
699	85.824219	86.269531	G6	105	80	0	0	37680	P1-27-5	0	-
700	85.899740	86.039062	Bb2	74	80	0	0	37710	P1-27-16	0	-
701	85.968750	86.089844	Ab2	74	80	0	0	37740	P1-27-45	0	-
702	86.045573	86.179688	Bb2	71	80	0	0	37770	P1-27-17	0	-
703	86.101562	86.177083	G#2	75	80	0	0	37830	P1-27-19	0	-
704	86.191406	86.269531	Bb2	72	80	0	0	37890	P1-27-20	0	-
705	86.246094	86.649740	Ab6	105	80	0	0	37920	P1-27-6	0	-
706	86.256510	86.378906	Ab2	81	80	0	0	37920	P1-27-48	0	-
707	86.330729	86.393229	Bb2	73	80	0	0	37950	P1-27-22	0	-
708	86.385417	86.509115	Ab2	74	80	0	0	37980	P1-27-49	0	-
709	86.473958	86.609375	Bb2	69	80	0	0	38010	P1-27-23	0	-
710	86.520833	86.609375	Ab2	67	80	0	0	38040	P1-27-50	0	-
711	86.617188	86.688802	Ab2	81	80	0	0	38100	P1-27-51	0	-
712	86.623698	86.750000	Bb2	80	80	0	0	38130	P1-27-26	0	-
713	86.675781	87.188802	A6	105	80	0	0	38160	P1-27-7	0	-
714	86.764323	86.889323	Bb2	78	80	0	0	38190	P1-27-28	0	-
715	86.802083	86.929688	Ab2	75	80	0	0	38220	P1-27-53	0	-
716	86.898438	86.959635	Bb2	64	80	0	0	38250	P1-27-29	0	-
717	86.936198	87.079427	Ab2	76	80	0	0	38280	P1-27-54	0	-
718	87.027344	87.097656	Bb2	76	80	0	0	38310	P1-27-31	0	-
719	87.087240	87.158854	Ab2	80	80	0	0	38340	P1-27-55	0	-
720	87.154948	88.589844	Bb6	109	80	0	0	38400	P1-27-8	0	-
721	87.154948	87.399740	Bb2	86	80	0	0	38400	P1-27-33	0	-
722	87.226562	87.380208	Ab2	84	80	0	0	38400	P1-27-33	0	-
723	87.380208	87.639323	G2	78	80	0	0	38520	P1-27-34	0	-
724	87.506510	87.621094	Ab2	76	80	0	0	38580	P1-27-35	0	-
725	87.595052	87.699219	Bb2	75	80	0	0	38640	P1-27-36	0	-
726	87.705729	87.787760	Ab2	82	80	0	0	38700	P1-27-37	0	-
727	87.712240	87.809896	Bb2	72	80	0	0	38700	P1-27-37	0	-
728	87.774740	87.908854	G2	79	80	0	0	38760	P1-27-38	0	-
729	87.875000	87.998698	F2	81	80	0	0	38820	P1-27-39	0	-
730	87.992188	88.154948	Eb2	90	80	0	0	38880	P1-28-11	0	-
731	88.315104	88.437500	G3	72	80	0	0	39000	P1-28-13	0	-
732	88.321615	88.459635	Eb3	67	80	0	0	39000	P1-28-12	0	-
733	88.566406	89.369792	G4	88	80	0	0	39120	P1-28-3	0	-
734	88.574219	88.656250	G3	79	80	0	0	39120	P1-28-15	0	-
735	88.574219	88.662760	Eb3	71	80	0	0	39120	P1-28-14	0	-
736	88.776042	88.848958	Eb3	68	80	0	0	39240	P1-28-17	0	-
737	88.782552	88.885417	G3	76	80	0	0	39240	P1-28-18	0	-
738	88.785156	89.139323	D3	68	80	0	0	39240	P1-28-16	0	-
739	89.033854	89.114583	G3	58	80	0	0	39360	P1-28-21	0	-
740	89.037760	89.115885	Eb3	61	80	0	0	39360	P1-28-20	0	-
741	89.041667	89.049479	C3	56	80	0	0	39360	P1-28-19	0	-
742	89.251302	89.345052	G3	62	80	0	0	39480	P1-28-24	0	-
743	89.256510	89.363281	Eb3	65	80	0	0	39480	P1-28-23	0	-
744	89.256510	89.355469	C3	64	80	0	0	39480	P1-28-22	0	-
745	89.481771	89.565104	G3	71	80	0	0	39600	P1-28-27	0	-
746	89.484375	89.609375	Eb3	62	80	0	0	39600	P1-28-26	0	-
747	89.492188	89.574219	C3	57	80	0	0	39600	P1-28-25	0	-
748	89.713542	89.845052	G3	69	80	0	0	39720	P1-28-30	0	-
749	89.714844	90.000000	G4	81	80	0	0	39720	P1-28-6	0	-
750	89.720052	89.929688	Eb3	56	80	0	0	39720	P1-28-29	0	-
751	89.723958	89.850260	Bb2	54	80	0	0	39720	P1-28-28	0	-
752	89.941406	90.188802	Ab4	87	80	0	0	39840	P1-28-7	0	-
753	89.963542	90.169271	G3	60	80	0	0	39840	P1-28-33	0	-
754	89.975260	90.109375	Eb3	53	80	0	0	39840	P1-28-32	0	-
755	89.983073	90.065104	Bb2	53	80	0	0	39840	P1-28-31	0	-
756	90.179688	90.265625	G3	70	80	0	0	39960	P1-28-36	0	-
757	90.182292	90.529948	Bb4	87	80	0	0	39960	P1-28-8	0	-
758	90.184896	90.285156	Ab2	66	80	0	0	39960	P1-28-34	0	-
759	90.184896	90.279948	Eb3	68	80	0	0	39960	P1-28-35	0	-
760	90.384115	90.473958	C5	89	80	0	0	40080	P1-28-9	0	-
761	90.394531	90.475260	G2	74	80	0	0	40080	P1-28-37	0	-
762	90.395833	90.609375	Eb3	73	80	0	0	40080	P1-28-38	0	-
763	90.604167	90.877604	D5	95	80	0	0	40200	P1-28-10	0	-
764	90.614583	91.218750	G2	72	80	0	0	40200	P1-28-40	0	-
765	90.618490	90.829427	Eb3	70	80	0	0	40200	P1-28-41	0	-
766	90.619792	90.938802	G3	70	80	0	0	40200	P1-28-42	0	-
767	90.834635	91.429688	Eb5	96	80	0	0	40320	P1-29-1	0	-
768	90.843750	90.979167	Eb3	64	80	0	0	40320	P1-29-10	0	-
769	91.121094	91.203125	G3	60	80	0	0	40440	P1-29-12	0	-
770	91.125000	91.207031	Eb3	62	80	0	0	40440	P1-29-11	0	-
771	91.342448	91.959635	Bb4	82	80	0	0	40560	P1-29-2	0	-
772	91.354167	91.434896	G3	65	80	0	0	40560	P1-29-14	0	-
773	91.360677	91.429688	G2	59	80	0	0	40560	P1-29-14	0	-
774	91.361979	91.433594	Eb3	61	80	0	0	40560	P1-29-13	0	-
775	91.562500	91.657552	D3	69	80	0	0	40680	P1-29-15	0	-
776	91.562500	91.679688	Eb3	68	80	0	0	40680	P1-29-16	0	-
777	91.562500	91.656250	G3	58	80	0	0	40680	P1-29-17	0	-
778	91.783854	92.009115	D3	74	80	0	0	40800	P1-29-18	0	-
779	91.785156	91.886719	G3	61	80	0	0	40800	P1-29-20	0	-
780	91.785156	91.919271	Eb3	71	80	0	0	40800	P1-29-19	0	-
781	91.986979	92.083333	G3	62	80	0	0	40920	P1-29-23	0	-
782	91.990885	92.218750	C3	69	80	0	0	40920	P1-29-21	0	-
783	91.994792	92.179688	Eb3	63	80	0	0	40920	P1-29-22	0	-
784	92.213542	92.295573	G3	72	80	0	0	41040	P1-29-26	0	-
785	92.223958	92.303385	Eb3	60	80	0	0	41040	P1-29-25	0	-
786	92.227865	92.479167	C3	64	80	0	0	41040	P1-29-24	0	-
787	92.410156	92.699219	D5	81	80	0	0	41160	P1-29-5	0	-
788	92.425781	92.541667	G3	73	80	0	0	41160	P1-29-29	0	-
789	92.434896	92.649740	Eb3	67	80	0	0	41160	P1-29-28	0	-
790	92.436198	92.559896	Bb2	65	80	0	0	41160	P1-29-27	0	-
791	92.652344	93.009115	Eb5	89	80	0	0	41280	P1-29-6	0	-
792	92.654948	92.755208	G3	68	80	0	0	41280	P1-29-32	0	-
793	92.657552	92.859375	Eb3	69	80	0	0	41280	P1-29-31	0	-
794	92.661458	92.968750	Bb2	66	80	0	0	41280	P1-29-30	0	-
795	92.865885	92.975260	Ab2	75	80	0	0	41400	P1-29-33	0	-
796	92.865885	93.093750	F5	90	80	0	0	41400	P1-29-7	0	-
797	92.871094	92.975260	Eb3	68	80	0	0	41400	P1-29-34	0	-
798	92.871094	92.963542	G3	74	80	0	0	41400	P1-29-35	0	-
799	93.076823	93.348958	G5	93	80	0	0	41520	P1-29-8	0	-
800	93.091146	93.174479	G2	70	80	0	0	41520	P1-29-36	0	-
801	93.091146	93.289062	Eb3	66	80	0	0	41520	P1-29-37	0	-
802	93.092448	93.449219	G3	64	80	0	0	41520	P1-29-38	0	-
803	93.289062	93.592448	Ab5	98	80	0	0	41640	P1-29-9	0	-
804	93.295573	93.569010	Eb3	67	80	0	0	41640	P1-29-40	0	-
805	93.296875	93.397135	G2	63	80	0	0	41640	P1-29-39	0	-
806	93.552083	94.079427	Bb5	96	80	0	0	41760	P1-30-1	0	-
807	93.580729	93.699219	Eb3	55	80	0	0	41760	P1-30-10	0	-
808	93.582031	93.872396	G2	56	80	0	0	41760	P1-30-10	0	-
809	93.779948	93.875000	G3	64	80	0	0	41880	P1-30-12	0	-
810	93.785156	93.888021	Eb3	58	80	0	0	41880	P1-30-11	0	-
811	94.006510	94.539062	Eb5	82	80	0	0	42000	P1-30-2	0	-
812	94.026042	94.102865	G3	65	80	0	0	42000	P1-30-14	0	-
813	94.027344	94.158854	Eb3	58	80	0	0	42000	P1-30-13	0	-
814	94.226562	94.311198	D3	64	80	0	0	42120	P1-30-15	0	-
815	94.229167	94.316406	Eb3	62	80	0	0	42120	P1-30-16	0	-
816	94.231771	94.313802	G3	56	80	0	0	42120	P1-30-17	0	-
817	94.430990	94.619792	D3	67	80	0	0	42240	P1-30-18	0	-
818	94.433594	94.532552	Eb3	64	80	0	0	42240	P1-30-19	0	-
819	94.441406	94.524740	G3	68	80	0	0	42240	P1-30-20	0	-
820	94.649740	94.743490	C3	71	80	0	0	42360	P1-30-21	0	-
821	94.651042	94.859375	G3	73	80	0	0	42360	P1-30-23	0	-
822	94.653646	94.859375	Eb3	66	80	0	0	42360	P1-30-22	0	-
823	94.865885	95.079427	G3	68	80	0	0	42480	P1-30-26	0	-
824	94.869792	95.079427	Eb3	69	80	0	0	42480	P1-30-25	0	-
825	94.873698	94.964844	C3	71	80	0	0	42480	P1-30-24	0	-
826	95.074219	95.359375	Eb6	92	80	0	0	42600	P1-30-5	0	-
827	95.085938	95.299479	G3	67	80	0	0	42600	P1-30-29	0	-
828	95.087240	95.309896	Bb2	71	80	0	0	42600	P1-30-27	0	-
829	95.089844	95.299479	Eb3	74	80	0	0	42600	P1-30-28	0	-
830	95.304688	95.549479	F6	91	80	0	0	42720	P1-30-6	0	-
831	95.312500	95.408854	G3	76	80	0	0	42720	P1-30-32	0	-
832	95.313802	95.529948	Eb3	67	80	0	0	42720	P1-30-31	0	-
833	95.315104	95.539062	Bb2	64	80	0	0	42720	P1-30-30	0	-
834	95.523438	95.968750	G6	102	80	0	0	42840	P1-30-7	0	-
835	95.532552	95.739583	G3	68	80	0	0	42840	P1-30-35	0	-
836	95.535156	95.750000	Eb3	66	80	0	0	42840	P1-30-34	0	-
837	95.548177	95.848958	Bb2	60	80	0	0	42840	P1-30-33	0	-
838	95.748698	96.019531	Ab6	96	80	0	0	42960	P1-30-8	0	-
839	95.751302	96.179688	G3	68	80	0	0	42960	P1-30-38	0	-
840	95.756510	96.000000	Eb3	70	80	0	0	42960	P1-30-37	0	-
841	95.759115	95.989583	G#2	75	80	0	0	42960	P1-30-36	0	-
842	95.997396	96.769531	Bb6	106	80	0	0	43080	P1-30-9	0	-
843	96.011719	96.359375	G2	61	80	0	0	43080	P1-30-39	0	-
844	96.014323	96.389323	Eb3	59	80	0	0	43080	P1-30-40	0	-
845	96.363281	97.069010	C7	107	80	0	0	43200	P1-31-1	0	-
846	96.398438	97.218750	Eb3	58	80	0	0	43200	P1-31-10	0	-
847	96.402344	97.158854	F3	48	80	0	0	43200	P1-31-11	0	-
848	96.404948	97.229167	Ab2	48	80	0	0	43200	P1-31-9	0	-
849	98.837240	100.059896	F4	45	80	0	0	44040	P1-31-4	0	-
850	98.864583	99.059896	A2	33	80	0	0	44040	P1-31-14	0	-
851	98.864583	99.029948	F3	30	80	0	0	44040	P1-31-16	0	-
852	98.868490	99.139323	Eb3	32	80	0	0	44040	P1-31-15	0	-
853	99.154948	99.779948	Bb4	57	80	0	0	44160	P1-31-6	0	-
854	99.177083	99.718750	Bb3	37	80	0	0	44160	P1-31-6	0	-
855	99.180990	99.799479	Bb2	34	80	0	0	44160	P1-31-17	0	-
856	99.182292	99.789062	F3	32	80	0	0	44160	P1-31-19	0	-
857	99.183594	99.859375	D3	34	80	0	0	44160	P1-31-18	0	-
858	100.036458	100.500000	Bb4	61	80	0	0	44520	P1-31-8	0	-
859	100.048177	100.250000	F3	40	80	0	0	44520	P1-31-7	0	-
860	100.062500	100.309896	Bb3	44	80	0	0	44520	P1-31-8	0	-
861	100.065104	100.419271	D3	38	80	0	0	44520	P1-31-21	0	-
862	100.065104	100.509115	Bb2	38	80	0	0	44520	P1-31-20	0	-
863	100.334635	101.839844	A4	57	80	0	0	44640	P1-32-2	0	-
864	100.356771	100.369792	A3	33	80	0	0	44640	P1-32-2	0	-
865	100.361979	101.209635	F4	37	80	0	0	44640	P1-32-1	0	-
866	100.368490	101.119792	F3	35	80	0	0	44640	P1-32-10	0	-
867	100.381510	101.729167	Eb3	36	80	0	0	44640	P1-32-10	0	-
868	100.394531	101.628906	C3	33	80	0	0	44640	P1-32-9	0	-
869	101.481771	102.649740	Ab4	64	80	0	0	45120	P1-32-4	0	-
870	101.524740	102.609375	F4	37	80	0	0	45120	P1-32-3	0	-
871	101.533854	102.500000	Cb4	39	80	0	0	45120	P1-32-12	0	-
872	101.562500	102.419271	D3	28	80	0	0	45120	P1-32-11	0	-
873	102.665365	102.878906	G4	59	80	0	0	45600	P1-32-5	0	-
874	102.674479	102.839844	Bb3	39	80	0	0	45600	P1-32-14	0	-
875	102.675781	102.764323	Eb3	42	80	0	0	45600	P1-32-13	0	-
876	102.688802	102.699219	Eb4	39	80	0	0	45600	P1-32-13	0	-
877	103.020833	103.628906	Eb6	71	80	0	0	45720	P1-32-6	0	-
878	103.049479	103.399740	G4	42	80	0	0	45720	P1-32-16	0	-
879	103.055990	103.750000	Eb4	45	80	0	0	45720	P1-32-15	0	-
880	103.295573	103.559896	F#4	52	80	0	0	45840	P1-32-17	0	-
881	103.335938	103.617188	D6	75	80	0	0	45840	P1-32-7	0	-
882	103.417969	103.628906	F4	43	80	0	0	45840	P1-32-17	0	-
883	103.583333	103.855469	Db6	79	80	0	0	45960	P1-32-8	0	-
884	103.601562	103.968750	Bb4	56	80	0	0	45960	P1-32-20	0	-
885	103.602865	103.889323	G4	58	80	0	0	45960	P1-32-19	0	-
886	103.825521	104.001302	C6	72	80	0	0	46080	P1-33-1	0	-
887	103.865885	104.269531	C5	49	80	0	0	46080	P1-33-22	0	-
888	103.873698	104.519531	Ab4	45	80	0	0	46080	P1-33-21	0	-
889	103.994792	104.175781	Bb5	74	80	0	0	46140	P1-33-2	0	-
890	104.122396	104.238281	Ab5	70	80	0	0	46200	P1-33-3	0	-
891	104.236979	104.341146	G5	67	80	0	0	46260	P1-33-4	0	-
892	104.341146	104.438802	Gb5	74	80	0	0	46320	P1-33-5	0	-
893	104.457031	104.563802	F5	71	80	0	0	46380	P1-33-6	0	-
894	104.554688	104.686198	E5	69	80	0	0	46440	P1-33-7	0	-
895	104.673177	104.813802	Eb5	70	80	0	0	46500	P1-33-8	0	-
896	104.785156	104.914062	D5	67	80	0	0	46560	P1-33-9	0	-
897	104.894531	104.996094	Db5	69	80	0	0	46620	P1-33-10	0	-
898	105.007812	105.092448	C5	62	80	0	0	46680	P1-33-11	0	-
899	105.130208	105.394531	Cb5	61	80	0	0	46740	P1-33-12	0	-
900	105.273438	105.559896	Bb4	49	80	0	0	46800	P1-33-13	0	-
901	105.403646	105.559896	Ab4	53	80	0	0	46860	P1-33-14	0	-
902	105.563802	105.703125	G4	44	80	0	0	46920	P1-33-15	0	-
903	105.593750	106.089844	A2	33	80	0	0	46920	P1-33-25	0	-
904	105.597656	107.059896	F3	31	80	0	0	46920	P1-33-27	0	-
905	105.597656	105.908854	Eb3	30	80	0	0	46920	P1-33-26	0	-
906	105.720052	106.079427	F4	41	80	0	0	46980	P1-33-16	0	-
907	106.002604	106.615885	Bb4	50	80	0	0	47040	P1-33-18	0	-
908	106.054688	106.789062	Bb3	32	80	0	0	47040	P1-33-18	0	-
909	106.054688	106.729167	D4	33	80	0	0	47040	P1-33-17	0	-
910	106.055990	106.729167	Bb2	32	80	0	0	47040	P1-33-28	0	-
911	106.988281	107.289062	Bb4	62	80	0	0	47400	P1-33-20	0	-
912	107.009115	107.479167	Ab3	45	80	0	0	47400	P1-33-31	0	-
913	107.026042	107.479167	D4	36	80	0	0	47400	P1-33-19	0	-
914	107.029948	107.619792	Bb2	34	80	0	0	47400	P1-33-30	0	-
915	107.402344	108.130208	Bb4	59	80	0	0	47520	P1-34-1	0	-
916	107.442708	110.059896	Eb4	37	80	0	0	47520	P1-34-4	0	-
917	107.454427	108.919271	Eb3	35	80	0	0	47520	P1-34-30	0	-
918	107.455729	108.144531	G3	35	80	0	0	47520	P1-34-21	0	-
919	108.074219	108.476562	C5	57	80	0	0	47760	P1-34-6	0	-
920	108.088542	108.475260	Ab3	38	80	0	0	47760	P1-34-22	0	-
921	108.403646	108.829427	Bb4	63	80	0	0	47880	P1-34-8	0	-
922	108.424479	109.429688	G3	44	80	0	0	47880	P1-34-23	0	-
923	108.700521	109.079427	Ab4	66	80	0	0	48000	P1-34-10	0	-
924	108.725260	110.899740	F3	37	80	0	0	48000	P1-34-24	0	-
925	108.981771	109.294271	G4	62	80	0	0	48120	P1-34-12	0	-
926	108.985677	109.276042	Eb3	47	80	0	0	48120	P1-34-25	0	-
927	109.248698	109.550781	F4	56	80	0	0	48240	P1-34-14	0	-
928	109.285156	109.561198	D3	39	80	0	0	48240	P1-34-26	0	-
929	109.535156	110.019531	G4	61	80	0	0	48360	P1-34-16	0	-
930	109.554688	109.949219	Eb3	43	80	0	0	48360	P1-34-27	0	-
931	109.906250	111.209635	Ab4	63	80	0	0	48480	P1-34-3	0	-
932	109.960938	110.128906	Eb3	32	80	0	0	48480	P1-34-29	0	-
933	109.971354	111.158854	Bb2	34	80	0	0	48480	P1-34-28	0	-
934	110.225260	110.729167	C4	37	80	0	0	48600	P1-34-18	0	-
935	110.490885	110.809896	Eb4	45	80	0	0	48720	P1-34-19	0	-
936	110.772135	111.199219	D4	47	80	0	0	48840	P1-34-20	0	-
937	111.122396	112.459635	G4	54	80	0	0	48960	P1-35-5	0	-
938	111.132812	112.299479	Eb3	45	80	0	0	48960	P1-35-20	0	-
939	111.132812	111.929688	Eb4	43	80	0	0	48960	P1-35-4	0	-
940	111.135417	112.109375	Eb2	42	80	0	0	48960	P1-35-23	0	-
941	111.473958	111.839844	Bb3	51	80	0	0	49080	P1-35-6	0	-
942	111.476562	111.859375	G2	42	80	0	0	49080	P1-35-25	0	-
943	111.768229	112.408854	C4	46	80	0	0	49200	P1-35-7	0	-
944	111.785156	112.089844	Ab2	36	80	0	0	49200	P1-35-27	0	-
945	112.044271	112.639323	Bb3	54	80	0	0	49320	P1-35-8	0	-
946	112.045573	112.389323	G2	51	80	0	0	49320	P1-35-29	0	-
947	112.303385	112.609375	Ab3	61	80	0	0	49440	P1-35-9	0	-
948	112.317708	112.621094	F2	46	80	0	0	49440	P1-35-31	0	-
949	112.572917	112.891927	G3	62	80	0	0	49560	P1-35-10	0	-
950	112.583333	112.908854	Eb2	41	80	0	0	49560	P1-35-32	0	-
951	112.854167	113.199219	F3	48	80	0	0	49680	P1-35-11	0	-
952	112.863281	113.669271	D2	41	80	0	0	49680	P1-35-33	0	-
953	113.143229	113.679688	G3	61	80	0	0	49800	P1-35-12	0	-
954	113.153646	113.688802	Eb2	39	80	0	0	49800	P1-35-34	0	-
955	113.524740	114.809896	Ab3	62	80	0	0	49920	P1-35-13	0	-
956	113.532552	114.039062	Eb4	53	80	0	0	49920	P1-35-3	0	-
957	113.574219	114.848958	F2	31	80	0	0	49920	P1-35-36	0	-
958	113.864583	114.589844	C4	49	80	0	0	50040	P1-35-15	0	-
959	114.157552	114.799479	Eb4	44	80	0	0	50160	P1-35-17	0	-
960	114.444010	114.795573	D4	50	80	0	0	50280	P1-35-19	0	-
961	114.772135	115.218750	F4	53	80	0	0	50400	P1-36-16	0	-
962	114.774740	115.779948	G3	45	80	0	0	50400	P1-36-1	0	-
963	114.795573	115.658854	Eb2	35	80	0	0	50400	P1-36-19	0	-
964	115.097656	115.669271	D4	45	80	0	0	50520	P1-36-3	0	-
965	115.372396	115.779948	F4	44	80	0	0	50640	P1-36-5	0	-
966	115.649740	116.179688	Eb4	49	80	0	0	50760	P1-36-7	0	-
967	115.940104	116.309896	Ab4	52	80	0	0	50880	P1-36-8	0	-
968	115.966146	119.000000	Eb3	42	80	0	0	50880	P1-36-24	0	-
969	115.971354	116.319010	Eb2	40	80	0	0	50880	P1-36-21	0	-
970	115.976562	119.179688	Bb2	40	80	0	0	50880	P1-36-23	0	-
971	115.977865	118.739583	G2	38	80	0	0	50880	P1-36-22	0	-
972	116.227865	116.619792	F4	46	80	0	0	51000	P1-36-9	0	-
973	116.513021	116.804688	Ab4	55	80	0	0	51120	P1-36-10	0	-
974	116.790365	117.348958	G4	53	80	0	0	51240	P1-36-11	0	-
975	117.061198	117.355469	C5	49	80	0	0	51360	P1-36-12	0	-
976	117.312500	117.619792	A4	58	80	0	0	51480	P1-36-13	0	-
977	117.585938	117.843750	C5	51	80	0	0	51600	P1-36-14	0	-
978	117.845052	118.419271	Bb4	57	80	0	0	51720	P1-36-15	0	-
979	118.109375	118.438802	F5	58	80	0	0	51840	P1-37-1	0	-
980	118.355469	118.664062	D5	64	80	0	0	51960	P1-37-2	0	-
981	118.630208	118.906250	F5	67	80	0	0	52080	P1-37-3	0	-
982	118.884115	119.289062	Eb5	69	80	0	0	52200	P1-37-4	0	-
983	119.154948	119.579427	Ab5	66	80	0	0	52320	P1-37-5	0	-
984	119.164062	120.009115	Bb3	45	80	0	0	52320	P1-37-19	0	-
985	119.183594	120.049479	G3	39	80	0	0	52320	P1-37-18	0	-
986	119.184896	120.069010	Eb3	34	80	0	0	52320	P1-37-17	0	-
987	119.416667	119.989583	F5	62	80	0	0	52440	P1-37-6	0	-
988	119.699219	119.975260	Ab5	72	80	0	0	52560	P1-37-7	0	-
989	119.958333	120.378906	G5	72	80	0	0	52680	P1-37-8	0	-
990	120.251302	120.688802	C6	77	80	0	0	52800	P1-37-9	0	-
991	120.259115	121.699219	Eb4	43	80	0	0	52800	P1-37-24	0	-
992	120.260417	121.279948	Bb3	44	80	0	0	52800	P1-37-23	0	-
993	120.265625	122.449219	Eb3	43	80	0	0	52800	P1-37-21	0	-
994	120.269531	121.459635	G3	44	80	0	0	52800	P1-37-22	0	-
995	120.510417	120.968750	A5	79	80	0	0	52920	P1-37-10	0	-
996	120.815104	121.438802	C6	79	80	0	0	53040	P1-37-11	0	-
997	121.105469	121.899740	Bb5	81	80	0	0	53160	P1-37-12	0	-
998	121.638021	125.500000	Eb6	84	80	0	0	53280	P1-38-1	0	-
999	121.653646	122.279948	Bb3	46	80	0	0	53280	P1-38-7	0	-
1000	121.654948	122.149740	G3	41	80	0	0	53280	P1-38-6	0	-
1001	122.893229	125.500000	Eb2	22	80	0	0	53760	P1-38-9	0	-
1002	124.062500	125.619792	Eb5	46	80	0	0	54240	P1-38-4	0	-
1003	124.095052	125.378906	Eb3	32	80	0	0	54240	P1-38-10	0	-
1004	125.606771	129.089844	Db6	56	80	0	0	54720	P1-39-1	0	-
1005	125.614583	126.959635	Db2	24	80	0	0	54720	P1-39-5	0	-
1006	127.074219	129.959635	Db3	24	80	0	0	55200	P1-39-6	0	-
1007	128.490885	129.139323	Db5	31	80	0	0	55680	P1-39-4	0	-
1008	130.171875	132.509115	C6	89	80	0	0	56160	P1-40-2	0	-
1009	130.216146	132.459635	C5	57	80	0	0	56160	P1-40-1	0	-
1010	130.263021	130.269531	C4	20	80	0	0	56160	P1-40-1	0	-
1011	130.653646	131.029948	F3	40	80	0	0	56280	P1-40-8	0	-
1012	130.665365	130.747396	Ab3	40	80	0	0	56280	P1-40-9	0	-
1013	130.933594	130.986979	Ab3	40	80	0	0	56400	P1-40-11	0	-
1014	131.178385	131.369792	Ab3	42	80	0	0	56520	P1-40-13	0	-
1015	131.180990	131.449219	F3	33	80	0	0	56520	P1-40-12	0	-
1016	131.417969	132.158854	C3	36	80	0	0	56640	P1-40-14	0	-
1017	131.648438	131.723958	F3	42	80	0	0	56760	P1-40-15	0	-
1018	131.664062	131.729167	Ab3	36	80	0	0	56760	P1-40-16	0	-
1019	131.863281	132.359375	Ab5	78	80	0	0	56880	P1-40-3	0	-
1020	131.895833	132.039062	F3	45	80	0	0	56880	P1-40-17	0	-
1021	131.897135	131.972656	Ab3	43	80	0	0	56880	P1-40-18	0	-
1022	132.152344	132.208333	Ab3	43	80	0	0	57000	P1-40-20	0	-
1023	132.153646	132.468750	F3	43	80	0	0	57000	P1-40-19	0	-
1024	132.371094	132.929688	Ab5	83	80	0	0	57120	P1-40-4	0	-
1025	132.404948	132.959635	C3	41	80	0	0	57120	P1-40-21	0	-
1026	132.625000	132.700521	Ab3	52	80	0	0	57240	P1-40-23	0	-
1027	132.627604	132.700521	F3	41	80	0	0	57240	P1-40-22	0	-
1028	132.858073	132.915365	Ab3	44	80	0	0	57360	P1-40-25	0	-
1029	132.860677	132.914062	F3	42	80	0	0	57360	P1-40-24	0	-
1030	133.080729	133.348958	Ab5	83	80	0	0	57480	P1-40-5	0	-
1031	133.084635	133.209635	Ab3	55	80	0	0	57480	P1-40-27	0	-
1032	133.092448	133.209635	F3	55	80	0	0	57480	P1-40-26	0	-
1033	133.343750	134.509115	Db6	88	80	0	0	57600	P1-41-4	0	-
1034	133.355469	134.119792	C3	51	80	0	0	57600	P1-41-8	0	-
1035	133.361979	134.049479	Bb5	74	80	0	0	57600	P1-41-3	0	-
1036	133.367188	133.919271	G5	68	80	0	0	57600	P1-41-2	0	-
1037	133.373698	133.959635	E5	60	80	0	0	57600	P1-41-1	0	-
1038	133.644531	133.705729	Bb3	47	80	0	0	57720	P1-41-10	0	-
1039	133.644531	133.714844	G3	38	80	0	0	57720	P1-41-9	0	-
1040	133.885417	133.960938	G3	46	80	0	0	57840	P1-41-11	0	-
1041	133.889323	133.951823	Bb3	52	80	0	0	57840	P1-41-12	0	-
1042	134.134115	134.319010	G3	44	80	0	0	57960	P1-41-13	0	-
1043	134.138021	134.194010	Bb3	47	80	0	0	57960	P1-41-14	0	-
1044	134.367188	136.158854	Bb5	78	80	0	0	58080	P1-41-7	0	-
1045	134.394531	135.799479	G5	55	80	0	0	58080	P1-41-6	0	-
1046	134.419271	135.819010	E5	45	80	0	0	58080	P1-41-5	0	-
1047	134.430990	135.348958	C3	47	80	0	0	58080	P1-41-15	0	-
1048	134.626302	134.718750	G3	41	80	0	0	58200	P1-41-16	0	-
1049	134.631510	134.709635	Bb3	46	80	0	0	58200	P1-41-17	0	-
1050	134.890625	134.946615	G3	40	80	0	0	58320	P1-41-18	0	-
1051	134.894531	134.946615	Bb3	49	80	0	0	58320	P1-41-19	0	-
1052	135.102865	135.389323	G3	40	80	0	0	58440	P1-41-20	0	-
1053	135.102865	135.299479	Bb3	48	80	0	0	58440	P1-41-21	0	-
1054	135.354167	136.309896	C3	38	80	0	0	58560	P1-41-22	0	-
1055	135.584635	135.654948	Bb3	48	80	0	0	58680	P1-41-24	0	-
1056	135.584635	135.664062	G3	42	80	0	0	58680	P1-41-23	0	-
1057	135.829427	135.894531	G3	39	80	0	0	58800	P1-41-25	0	-
1058	135.833333	135.893229	Bb3	42	80	0	0	58800	P1-41-26	0	-
1059	136.067708	136.289062	G3	46	80	0	0	58920	P1-41-27	0	-
1060	136.074219	136.127604	Bb3	49	80	0	0	58920	P1-41-28	0	-
1061	136.313802	138.199219	Bb5	87	80	0	0	59040	P1-42-3	0	-
1062	136.345052	137.769531	G5	56	80	0	0	59040	P1-42-2	0	-
1063	136.371094	137.500000	E5	44	80	0	0	59040	P1-42-1	0	-
1064	136.394531	137.188802	C3	46	80	0	0	59040	P1-42-7	0	-
1065	136.601562	136.701823	G3	46	80	0	0	59160	P1-42-9	0	-
1066	136.604167	136.704427	E3	42	80	0	0	59160	P1-42-8	0	-
1067	136.869792	136.925781	G3	39	80	0	0	59280	P1-42-11	0	-
1068	136.872396	136.928385	E3	37	80	0	0	59280	P1-42-10	0	-
1069	137.070312	137.359375	G3	39	80	0	0	59400	P1-42-13	0	-
1070	137.071615	137.289062	E3	38	80	0	0	59400	P1-42-12	0	-
1071	137.339844	138.158854	C3	33	80	0	0	59520	P1-42-14	0	-
1072	137.569010	137.662760	G3	38	80	0	0	59640	P1-42-16	0	-
1073	137.570312	137.654948	E3	36	80	0	0	59640	P1-42-15	0	-
1074	137.781250	138.269531	G5	78	80	0	0	59760	P1-42-4	0	-
1075	137.828125	137.897135	G3	44	80	0	0	59760	P1-42-18	0	-
1076	137.841146	137.959635	E3	44	80	0	0	59760	P1-42-17	0	-
1077	138.035156	138.309896	G3	51	80	0	0	59880	P1-42-20	0	-
1078	138.035156	138.319010	E3	49	80	0	0	59880	P1-42-19	0	-
1079	138.276042	138.859375	G5	85	80	0	0	60000	P1-42-5	0	-
1080	138.315104	139.098958	C3	36	80	0	0	60000	P1-42-21	0	-
1081	138.502604	138.669271	E3	45	80	0	0	60120	P1-42-22	0	-
1082	138.503906	138.587240	G3	47	80	0	0	60120	P1-42-23	0	-
1083	138.756510	138.929688	G3	49	80	0	0	60240	P1-42-25	0	-
1084	138.764323	139.089844	E3	47	80	0	0	60240	P1-42-24	0	-
1085	138.964844	139.348958	G5	82	80	0	0	60360	P1-42-6	0	-
1086	139.013021	139.309896	G3	45	80	0	0	60360	P1-42-27	0	-
1087	139.246094	140.369792	C6	82	80	0	0	60480	P1-43-4	0	-
1088	139.248698	139.919271	Ab5	75	80	0	0	60480	P1-43-3	0	-
1089	139.308594	140.128906	C3	44	80	0	0	60480	P1-43-8	0	-
1090	139.544271	139.769531	F3	32	80	0	0	60600	P1-43-9	0	-
1091	139.544271	139.625000	Ab3	37	80	0	0	60600	P1-43-10	0	-
1092	139.779948	139.854167	Ab3	48	80	0	0	60720	P1-43-12	0	-
1093	139.783854	139.919271	F3	37	80	0	0	60720	P1-43-11	0	-
1094	140.033854	140.299479	Ab3	43	80	0	0	60840	P1-43-14	0	-
1095	140.036458	140.339844	F3	38	80	0	0	60840	P1-43-13	0	-
1096	140.256510	141.819010	Ab5	73	80	0	0	60960	P1-43-7	0	-
1097	140.294271	141.739583	F5	49	80	0	0	60960	P1-43-6	0	-
1098	140.304688	141.579427	C5	43	80	0	0	60960	P1-43-5	0	-
1099	140.312500	140.859375	C3	36	80	0	0	60960	P1-43-15	0	-
1100	140.514323	140.699219	F3	37	80	0	0	61080	P1-43-16	0	-
1101	140.515625	140.588542	Ab3	41	80	0	0	61080	P1-43-17	0	-
1102	140.747396	140.813802	Ab3	42	80	0	0	61200	P1-43-19	0	-
1103	140.752604	140.839844	F3	33	80	0	0	61200	P1-43-18	0	-
1104	140.984375	141.239583	Ab3	39	80	0	0	61320	P1-43-21	0	-
1105	140.984375	141.229167	F3	34	80	0	0	61320	P1-43-20	0	-
1106	141.238281	142.079427	C3	38	80	0	0	61440	P1-43-22	0	-
1107	141.455729	141.532552	Ab3	44	80	0	0	61560	P1-43-24	0	-
1108	141.458333	141.609375	F3	41	80	0	0	61560	P1-43-23	0	-
1109	141.725260	141.789062	F3	40	80	0	0	61680	P1-43-25	0	-
1110	141.742188	141.798177	Ab3	35	80	0	0	61680	P1-43-26	0	-
1111	141.998698	142.071615	Ab3	39	80	0	0	61800	P1-43-28	0	-
1112	142.000000	142.139323	F3	37	80	0	0	61800	P1-43-27	0	-
1113	142.364583	144.699219	Ab5	69	80	0	0	61920	P1-44-2	0	-
1114	142.399740	143.489583	F5	49	80	0	0	61920	P1-44-1	0	-
1115	142.421875	142.929688	F2	38	80	0	0	61920	P1-44-7	0	-
1116	142.708333	143.259115	C3	36	80	0	0	62040	P1-44-8	0	-
1117	142.953125	143.179688	D3	32	80	0	0	62160	P1-44-9	0	-
1118	143.199219	143.429688	E3	43	80	0	0	62280	P1-44-10	0	-
1119	143.444010	143.718750	F3	40	80	0	0	62400	P1-44-11	0	-
1120	143.670573	143.924479	G3	50	80	0	0	62520	P1-44-12	0	-
1121	143.902344	144.250000	F5	64	80	0	0	62640	P1-44-3	0	-
1122	143.911458	144.134115	Ab3	52	80	0	0	62640	P1-44-13	0	-
1123	144.152344	144.449219	Bb3	56	80	0	0	62760	P1-44-14	0	-
1124	144.412760	145.000000	F5	67	80	0	0	62880	P1-44-4	0	-
1125	144.647135	144.878906	Ab3	55	80	0	0	63000	P1-44-16	0	-
1126	144.860677	145.109375	G3	57	80	0	0	63120	P1-44-17	0	-
1127	145.088542	145.429688	F5	72	80	0	0	63240	P1-44-5	0	-
1128	145.098958	145.162760	F3	54	80	0	0	63240	P1-44-18	0	-
1129	145.352865	146.539062	Bb5	85	80	0	0	63360	P1-45-3	0	-
1130	145.376302	146.299479	G5	70	80	0	0	63360	P1-45-2	0	-
1131	145.397135	146.158854	E5	57	80	0	0	63360	P1-45-1	0	-
1132	145.403646	146.069010	C5	49	80	0	0	63360	P1-45-1	0	-
1133	145.403646	145.609375	C3	54	80	0	0	63360	P1-45-8	0	-
1134	145.621094	145.859375	Cb2	55	80	0	0	63480	P1-45-9	0	-
1135	145.856771	146.369792	C2	58	80	0	0	63600	P1-45-10	0	-
1136	146.080729	146.378906	Cb2	53	80	0	0	63720	P1-45-11	0	-
1137	146.364583	148.000000	G5	77	80	0	0	63840	P1-45-6	0	-
1138	146.399740	147.938802	C5	53	80	0	0	63840	P1-45-5	0	-
1139	146.399740	147.619792	E5	57	80	0	0	63840	P1-45-5	0	-
1140	146.402344	146.589844	C2	51	80	0	0	63840	P1-45-12	0	-
1141	146.404948	146.688802	C3	51	80	0	0	63840	P1-45-12	0	-
1142	146.615885	146.851562	E2	43	80	0	0	63960	P1-45-13	0	-
1143	146.868490	147.348958	G2	49	80	0	0	64080	P1-45-14	0	-
1144	147.083333	147.325521	Cb3	51	80	0	0	64200	P1-45-15	0	-
1145	147.325521	147.779948	C3	47	80	0	0	64320	P1-45-16	0	-
1146	147.572917	147.908854	Bb2	43	80	0	0	64440	P1-45-17	0	-
1147	147.832031	148.053385	Ab2	41	80	0	0	64560	P1-45-18	0	-
1148	148.071615	148.509115	G2	46	80	0	0	64680	P1-45-19	0	-
1149	148.343750	150.079427	Ab5	75	80	0	0	64800	P1-46-2	0	-
1150	148.376302	149.598958	F5	51	80	0	0	64800	P1-46-1	0	-
1151	148.386719	149.709635	C5	43	80	0	0	64800	P1-46-6	0	-
1152	148.402344	148.859375	F2	42	80	0	0	64800	P1-46-7	0	-
1153	148.625000	149.098958	C3	42	80	0	0	64920	P1-46-8	0	-
1154	148.873698	149.149740	D3	42	80	0	0	65040	P1-46-9	0	-
1155	149.111979	149.389323	E3	50	80	0	0	65160	P1-46-10	0	-
1156	149.356771	149.561198	F3	46	80	0	0	65280	P1-46-11	0	-
1157	149.574219	149.835938	G3	50	80	0	0	65400	P1-46-12	0	-
1158	149.829427	150.309896	Ab3	62	80	0	0	65520	P1-46-13	0	-
1159	149.830729	150.169271	F5	72	80	0	0	65520	P1-46-3	0	-
1160	150.059896	150.389323	Bb3	54	80	0	0	65640	P1-46-14	0	-
1161	150.316406	151.019531	F5	73	80	0	0	65760	P1-46-4	0	-
1162	150.355469	150.819010	C4	42	80	0	0	65760	P1-46-15	0	-
1163	150.356771	151.179688	G#4	47	80	0	0	65760	P1-46-4	0	-
1164	150.576823	150.839844	Ab3	52	80	0	0	65880	P1-46-16	0	-
1165	150.805990	151.069010	G3	55	80	0	0	66000	P1-46-17	0	-
1166	151.024740	151.479167	F5	82	80	0	0	66120	P1-46-5	0	-
1167	151.049479	151.329427	F3	49	80	0	0	66120	P1-46-18	0	-
1168	151.356771	152.489583	Gb5	81	80	0	0	66240	P1-47-6	0	-
1169	151.391927	152.069010	Db5	59	80	0	0	66240	P1-47-5	0	-
1170	151.404948	152.149740	Gb4	50	80	0	0	66240	P1-47-4	0	-
1171	151.664062	152.089844	Eb2	36	80	0	0	66360	P1-47-11	0	-
1172	151.954427	152.279948	F2	42	80	0	0	66480	P1-47-12	0	-
1173	152.194010	152.479167	Gb2	52	80	0	0	66600	P1-47-13	0	-
1174	152.445312	154.709635	Eb5	76	80	0	0	66720	P1-47-3	0	-
1175	152.475260	152.729167	Ab2	44	80	0	0	66720	P1-47-14	0	-
1176	152.484375	154.378906	C5	50	80	0	0	66720	P1-47-2	0	-
1177	152.489583	153.479167	Eb4	44	80	0	0	66720	P1-47-3	0	-
1178	152.492188	152.654948	F#2	47	80	0	0	66720	P1-47-14	0	-
1179	152.492188	153.598958	Gb4	40	80	0	0	66720	P1-47-7	0	-
1180	152.738281	152.993490	A2	48	80	0	0	66840	P1-47-15	0	-
1181	152.985677	153.239583	Bb2	47	80	0	0	66960	P1-47-16	0	-
1182	153.217448	153.471354	Ab2	43	80	0	0	67080	P1-47-17	0	-
1183	153.444010	156.329427	Ab4	55	80	0	0	67200	P1-47-8	0	-
1184	153.475260	153.696615	Gb2	43	80	0	0	67200	P1-47-18	0	-
1185	153.714844	153.980469	F2	45	80	0	0	67320	P1-47-19	0	-
1186	153.983073	154.389323	Gb4	44	80	0	0	67440	P1-47-9	0	-
1187	153.990885	154.579427	Eb2	35	80	0	0	67440	P1-47-20	0	-
1188	154.259115	154.729167	Ab2	44	80	0	0	67560	P1-47-21	0	-
1189	154.584635	156.718750	F5	69	80	0	0	67680	P1-48-6	0	-
1190	154.619792	155.919271	C#5	49	80	0	0	67680	P1-48-1	0	-
1191	154.623698	157.199219	F4	39	80	0	0	67680	P1-48-1	0	-
1192	154.644531	154.889323	Db2	29	80	0	0	67680	P1-48-10	0	-
1193	154.907552	155.269531	Db3	47	80	0	0	67800	P1-48-11	0	-
1194	155.144531	155.399740	Eb3	49	80	0	0	67920	P1-48-12	0	-
1195	155.375000	155.601562	F3	46	80	0	0	68040	P1-48-13	0	-
1196	155.606771	155.919271	Gb3	48	80	0	0	68160	P1-48-14	0	-
1197	155.841146	156.066406	Ab3	52	80	0	0	68280	P1-48-15	0	-
1198	156.067708	156.389323	C#5	69	80	0	0	68400	P1-48-2	0	-
1199	156.092448	156.304688	Bb3	51	80	0	0	68400	P1-48-16	0	-
1200	156.305990	156.609375	Ab3	50	80	0	0	68520	P1-48-17	0	-
1201	156.545573	157.109375	C#5	74	80	0	0	68640	P1-48-4	0	-
1202	156.553385	156.769531	Gb3	46	80	0	0	68640	P1-48-18	0	-
1203	156.796875	157.006510	F3	45	80	0	0	68760	P1-48-19	0	-
1204	157.023438	157.233073	Eb3	47	80	0	0	68880	P1-48-20	0	-
1205	157.212240	157.569010	C#5	65	80	0	0	69000	P1-48-5	0	-
1206	157.234375	157.479167	Db3	47	80	0	0	69000	P1-48-21	0	-
1207	157.501302	158.679688	Gb5	79	80	0	0	69120	P1-49-4	0	-
1208	157.505208	157.738281	G#1	47	80	0	0	69120	P1-49-8	0	-
1209	157.506510	157.750000	Ab2	46	80	0	0	69120	P1-49-8	0	-
1210	157.514323	158.339844	Eb5	58	80	0	0	69120	P1-49-3	0	-
1211	157.527344	158.279948	Gb4	47	80	0	0	69120	P1-49-1	0	-
1212	157.746094	157.968750	G1	48	80	0	0	69240	P1-49-9	0	-
1213	157.975260	158.194010	Ab1	50	80	0	0	69360	P1-49-10	0	-
1214	158.216146	158.492188	G1	48	80	0	0	69480	P1-49-11	0	-
1215	158.441406	160.598958	Eb5	73	80	0	0	69600	P1-49-7	0	-
1216	158.466146	158.670573	Ab1	44	80	0	0	69600	P1-49-12	0	-
1217	158.475260	158.489583	C4	38	80	0	0	69600	P1-49-6	0	-
1218	158.484375	160.059896	Gb4	41	80	0	0	69600	P1-49-5	0	-
1219	158.703125	158.959635	Bb1	48	80	0	0	69720	P1-49-13	0	-
1220	158.944010	159.165365	C2	50	80	0	0	69840	P1-49-14	0	-
1221	159.165365	159.407552	Db2	50	80	0	0	69960	P1-49-15	0	-
1222	159.403646	159.644531	Eb2	43	80	0	0	70080	P1-49-16	0	-
1223	159.647135	159.881510	F2	43	80	0	0	70200	P1-49-17	0	-
1224	159.884115	160.339844	Gb2	45	80	0	0	70320	P1-49-18	0	-
1225	160.125000	160.609375	Ab2	42	80	0	0	70440	P1-49-19	0	-
1226	160.393229	162.500000	F5	65	80	0	0	70560	P1-50-1	0	-
1227	160.464844	160.799479	Db2	33	80	0	0	70560	P1-50-9	0	-
1228	160.467448	161.468750	F4	23	80	0	0	70560	P1-50-5	0	-
1229	160.755208	160.971354	A2	38	80	0	0	70680	P1-50-10	0	-
1230	161.003906	161.209635	Bb2	34	80	0	0	70800	P1-50-11	0	-
1231	161.223958	161.589844	A2	37	80	0	0	70920	P1-50-12	0	-
1232	161.470052	163.359375	Bb4	47	80	0	0	71040	P1-50-8	0	-
1233	161.484375	163.079427	F4	33	80	0	0	71040	P1-50-7	0	-
1234	161.493490	161.839844	Bb2	38	80	0	0	71040	P1-50-13	0	-
1235	161.755208	161.989583	C3	41	80	0	0	71160	P1-50-14	0	-
1236	161.972656	162.449219	Db5	66	80	0	0	71280	P1-50-2	0	-
1237	161.977865	162.230469	Db3	48	80	0	0	71280	P1-50-15	0	-
1238	162.220052	162.464844	Eb3	53	80	0	0	71400	P1-50-16	0	-
1239	162.463542	162.968750	Db5	73	80	0	0	71520	P1-50-3	0	-
1240	162.490885	162.819010	F3	45	80	0	0	71520	P1-50-17	0	-
1241	162.725260	162.979167	Db3	59	80	0	0	71640	P1-50-18	0	-
1242	162.944010	163.279948	C3	51	80	0	0	71760	P1-50-19	0	-
1243	163.153646	163.679688	Db5	74	80	0	0	71880	P1-50-4	0	-
1244	163.173177	163.569010	Bb2	50	80	0	0	71880	P1-50-20	0	-
1245	163.433594	164.468750	Eb5	71	80	0	0	72000	P1-51-3	0	-
1246	163.475260	163.889323	C3	39	80	0	0	72000	P1-51-10	0	-
1247	163.675781	164.319010	C2	59	80	0	0	72120	P1-51-11	0	-
1248	163.904948	164.135417	Db2	52	80	0	0	72240	P1-51-12	0	-
1249	164.132812	164.468750	Eb2	50	80	0	0	72360	P1-51-13	0	-
1250	164.388021	164.635417	F2	45	80	0	0	72480	P1-51-14	0	-
1251	164.390625	166.569010	C5	63	80	0	0	72480	P1-51-2	0	-
1252	164.639323	164.938802	Gb2	50	80	0	0	72600	P1-51-15	0	-
1253	164.880208	165.135417	F2	43	80	0	0	72720	P1-51-16	0	-
1254	165.125000	165.371094	E2	41	80	0	0	72840	P1-51-17	0	-
1255	165.352865	166.609375	A4	52	80	0	0	72960	P1-51-5	0	-
1256	165.384115	165.848958	F2	38	80	0	0	72960	P1-51-18	0	-
1257	165.386719	165.399740	F3	35	80	0	0	72960	P1-51-18	0	-
1258	165.632812	166.079427	F1	40	80	0	0	73080	P1-51-19	0	-
1259	165.884115	166.579427	F4	42	80	0	0	73200	P1-51-9	0	-
1260	165.903646	166.199219	G1	41	80	0	0	73200	P1-51-20	0	-
1261	166.135417	166.688802	A1	41	80	0	0	73320	P1-51-21	0	-
1262	166.485677	168.628906	Db5	69	80	0	0	73440	P1-52-1	0	-
1263	166.520833	167.089844	Bb1	40	80	0	0	73440	P1-52-11	0	-
1264	166.824219	167.289062	F2	36	80	0	0	73560	P1-52-12	0	-
1265	167.095052	167.438802	G2	38	80	0	0	73680	P1-52-13	0	-
1266	167.095052	169.209635	F4	35	80	0	0	73680	P1-52-9	0	-
1267	167.333333	167.869792	A2	43	80	0	0	73800	P1-52-14	0	-
1268	167.587240	167.839844	Bb2	44	80	0	0	73920	P1-52-15	0	-
1269	167.804688	168.128906	C3	42	80	0	0	74040	P1-52-16	0	-
1270	168.040365	168.549479	Bb4	62	80	0	0	74160	P1-52-5	0	-
1271	168.074219	168.609375	Db3	52	80	0	0	74160	P1-52-17	0	-
1272	168.333333	168.569010	Eb3	39	80	0	0	74280	P1-52-18	0	-
1273	168.563802	169.149740	Bb4	72	80	0	0	74400	P1-52-6	0	-
1274	168.578125	168.589844	F2	40	80	0	0	74400	P1-52-19	0	-
1275	168.580729	169.069010	F3	42	80	0	0	74400	P1-52-19	0	-
1276	168.825521	169.079427	Db3	49	80	0	0	74520	P1-52-20	0	-
1277	169.063802	169.329427	C3	46	80	0	0	74640	P1-52-21	0	-
1278	169.263021	170.369792	Bb4	62	80	0	0	74760	P1-52-7	0	-
1279	169.299479	169.619792	Bb2	52	80	0	0	74760	P1-52-22	0	-
1280	169.300781	169.389323	Bb3	49	80	0	0	74760	P1-52-22	0	-
1281	169.597656	170.729167	Eb5	74	80	0	0	74880	P1-53-3	0	-
1282	169.651042	170.339844	F2	41	80	0	0	74880	P1-53-10	0	-
1283	169.897135	170.279948	F1	34	80	0	0	75000	P1-53-11	0	-
1284	170.123698	170.399740	G1	42	80	0	0	75120	P1-53-12	0	-
1285	170.355469	170.694010	A1	48	80	0	0	75240	P1-53-13	0	-
1286	170.596354	170.899740	Bb1	43	80	0	0	75360	P1-53-14	0	-
1287	170.601562	172.609375	C5	69	80	0	0	75360	P1-53-2	0	-
1288	170.855469	171.139323	C2	48	80	0	0	75480	P1-53-15	0	-
1289	171.087240	171.324219	Db2	40	80	0	0	75600	P1-53-16	0	-
1290	171.326823	171.614583	Eb2	41	80	0	0	75720	P1-53-17	0	-
1291	171.571615	172.699219	A4	50	80	0	0	75840	P1-53-6	0	-
1292	171.605469	172.039062	F2	40	80	0	0	75840	P1-53-18	0	-
1293	171.843750	172.149740	Eb2	36	80	0	0	75960	P1-53-19	0	-
1294	172.095052	172.500000	Db2	37	80	0	0	76080	P1-53-20	0	-
1295	172.333333	172.609375	C2	44	80	0	0	76200	P1-53-21	0	-
1296	172.572917	174.979167	Db5	67	80	0	0	76320	P1-54-2	0	-
1297	172.622396	174.029948	Bb4	44	80	0	0	76320	P1-54-1	0	-
1298	172.626302	172.880208	Bb1	38	80	0	0	76320	P1-54-11	0	-
1299	172.871094	173.139323	A2	45	80	0	0	76440	P1-54-12	0	-
1300	173.085938	173.389323	Bb2	43	80	0	0	76560	P1-54-13	0	-
1301	173.346354	173.649740	C3	51	80	0	0	76680	P1-54-14	0	-
1302	173.582031	173.949219	Db3	49	80	0	0	76800	P1-54-15	0	-
1303	173.817708	174.053385	Eb3	50	80	0	0	76920	P1-54-16	0	-
1304	174.037760	174.519531	Bb4	61	80	0	0	77040	P1-54-6	0	-
1305	174.055990	174.069010	F2	43	80	0	0	77040	P1-54-17	0	-
1306	174.061198	174.559896	F3	47	80	0	0	77040	P1-54-17	0	-
1307	174.285156	174.569010	Eb3	52	80	0	0	77160	P1-54-18	0	-
1308	174.526042	175.218750	Bb4	63	80	0	0	77280	P1-54-8	0	-
1309	174.532552	174.839844	Db3	52	80	0	0	77280	P1-54-19	0	-
1310	174.773438	175.059896	C3	48	80	0	0	77400	P1-54-20	0	-
1311	174.994792	175.309896	Bb2	46	80	0	0	77520	P1-54-21	0	-
1312	175.229167	175.529948	Bb4	75	80	0	0	77640	P1-54-10	0	-
1313	175.234375	175.510417	Ab2	44	80	0	0	77640	P1-54-22	0	-
1314	175.507812	176.519531	Db5	73	80	0	0	77758	P1-55-30	0	-
1315	175.536458	175.968750	G2	43	80	0	0	77758	P1-55-39	0	-
1316	175.537760	176.359375	Bb4	60	80	0	0	77758	P1-55-29	0	-
1317	175.540365	176.369792	Eb4	50	80	0	0	77758	P1-55-28	0	-
1318	175.755208	176.089844	D2	42	80	0	0	77878	P1-55-40	0	-
1319	175.971354	176.609375	Eb2	45	80	0	0	77998	P1-55-41	0	-
1320	176.239583	176.433594	F2	45	80	0	0	78118	P1-55-42	0	-
1321	176.453125	176.759115	G2	43	80	0	0	78238	P1-55-43	0	-
1322	176.464844	176.545573	Bb4	52	80	0	0	78240	P1-55-2	0	-
1323	176.584635	176.634115	C5	47	80	0	0	78274	P1-55-4	0	-
1324	176.619792	176.769531	Eb2	32	80	0	0	78274	P1-55-3	0	-
1325	176.653646	176.750000	Bb4	56	80	0	0	78325	P1-55-5	0	-
1326	176.694010	177.029948	Ab2	37	80	0	0	78358	P1-55-44	0	-
1327	176.746094	176.785156	C5	46	80	0	0	78359	P1-55-7	0	-
1328	176.783854	177.679688	Eb2	36	80	0	0	78359	P1-55-6	0	-
1329	176.802083	176.845052	Bb4	55	80	0	0	78393	P1-55-8	0	-
1330	176.884115	176.936198	C5	51	80	0	0	78444	P1-55-10	0	-
1331	176.953125	177.079427	Bb4	58	80	0	0	78478	P1-55-32	0	-
1332	176.957031	177.229167	Bb2	44	80	0	0	78478	P1-55-45	0	-
1333	177.024740	177.074219	C5	54	80	0	0	78508	P1-55-12	0	-
1334	177.147135	177.195312	C5	56	80	0	0	78538	P1-55-33	0	-
1335	177.204427	177.408854	Ab2	35	80	0	0	78598	P1-55-46	0	-
1336	177.268229	177.324219	C5	59	80	0	0	78598	P1-55-13	0	-
1337	177.343750	177.419271	Bb4	50	80	0	0	78658	P1-55-34	0	-
1338	177.416667	177.463542	C5	56	80	0	0	78688	P1-55-14	0	-
1339	177.438802	177.658854	G2	46	80	0	0	78718	P1-55-47	0	-
1340	177.489583	177.537760	Bb4	60	80	0	0	78718	P1-55-15	0	-
1341	177.559896	177.617188	C5	59	80	0	0	78766	P1-55-16	0	-
1342	177.628906	177.683594	Bb4	64	80	0	0	78790	P1-55-17	0	-
1343	177.670573	177.859375	F2	44	80	0	0	78838	P1-55-48	0	-
1344	177.725260	177.809896	C5	57	80	0	0	78838	P1-55-20	0	-
1345	177.772135	177.919271	Bb4	61	80	0	0	78838	P1-55-19	0	-
1346	177.847656	177.897135	C5	72	80	0	0	78838	P1-55-20	0	-
1347	177.894531	178.169271	Eb2	47	80	0	0	78958	P1-55-49	0	-
1348	177.917969	177.970052	Cb5	54	80	0	0	78958	P1-55-23	0	-
1349	177.993490	178.128906	C5	65	80	0	0	78998	P1-55-25	0	-
1350	178.059896	178.158854	Cb5	62	80	0	0	78998	P1-55-24	0	-
1351	178.117188	178.239583	Db2	49	80	0	0	79018	P1-55-50	0	-
1352	178.136719	178.175781	C5	64	80	0	0	79038	P1-55-26	0	-
1353	178.173177	178.259115	Cb5	53	80	0	0	79038	P1-55-26	0	-
1354	178.257812	178.348958	C3	52	80	0	0	79078	P1-55-51	0	-
1355	178.265625	178.419271	C2	49	80	0	0	79078	P1-55-51	0	-
1356	178.273438	178.402344	C5	67	80	0	0	79078	P1-55-37	0	-
1357	178.329427	178.408854	Cb5	65	80	0	0	79118	P1-55-38	0	-
1358	178.415365	178.519531	Bb1	47	80	0	0	79138	P1-55-52	0	-
1359	178.420573	178.589844	B4	65	80	0	0	79198	P1-56-3	0	-
1360	178.509115	178.598958	C5	57	80	0	0	79198	P1-56-3	0	-
1361	178.673177	180.279948	C5	77	80	0	0	79198	P1-56-3	0	-
1362	178.696615	180.299479	Eb4	61	80	0	0	79198	P1-56-2	0	-
1363	178.710938	180.149740	C4	55	80	0	0	79198	P1-56-1	0	-
1364	178.720052	179.109375	Ab1	47	80	0	0	79198	P1-56-11	0	-
1365	178.936198	179.049479	Eb2	36	80	0	0	79258	P1-56-12	0	-
1366	179.072917	179.179688	C3	40	80	0	0	79318	P1-56-13	0	-
1367	179.074219	179.250000	C2	37	80	0	0	79318	P1-56-13	0	-
1368	179.213542	179.283854	Eb2	36	80	0	0	79378	P1-56-14	0	-
1369	179.304688	179.395833	Ab2	41	80	0	0	79438	P1-56-15	0	-
1370	179.441406	179.579427	Eb3	44	80	0	0	79498	P1-56-16	0	-
1371	179.614583	179.679688	C2	26	80	0	0	79558	P1-56-17	0	-
1372	179.704427	179.772135	Eb3	40	80	0	0	79618	P1-56-18	0	-
1373	179.815104	180.079427	Ab2	45	80	0	0	79678	P1-56-19	0	-
1374	179.895833	179.985677	Eb3	57	80	0	0	79738	P1-56-20	0	-
1375	180.029948	180.113281	C3	50	80	0	0	79798	P1-56-21	0	-
1376	180.145833	180.235677	Eb3	48	80	0	0	79858	P1-56-22	0	-
1377	180.243490	180.559896	Ab4	85	80	0	0	79918	P1-56-6	0	-
1378	180.256510	180.549479	Ab3	56	80	0	0	79918	P1-56-23	0	-
1379	180.277344	180.559896	G#2	44	80	0	0	79918	P1-56-23	0	-
1380	180.304688	180.649740	Eb4	42	80	0	0	79918	P1-56-5	0	-
1381	180.321615	180.589844	C4	43	80	0	0	79918	P1-56-4	0	-
1382	180.389323	180.466146	Eb3	39	80	0	0	79978	P1-56-24	0	-
1383	180.503906	180.639323	C3	49	80	0	0	80038	P1-56-25	0	-
1384	180.615885	180.839844	Eb3	41	80	0	0	80098	P1-56-26	0	-
1385	180.704427	181.309896	Ab4	77	80	0	0	80158	P1-56-9	0	-
1386	180.734375	181.149740	C3	51	80	0	0	80158	P1-56-27	0	-
1387	180.757812	181.279948	Eb4	46	80	0	0	80158	P1-56-8	0	-
1388	180.772135	181.009115	C4	49	80	0	0	80158	P1-56-7	0	-
1389	180.916667	180.984375	Ab3	51	80	0	0	80218	P1-56-28	0	-
1390	181.011719	181.269531	Eb3	47	80	0	0	80278	P1-56-29	0	-
1391	181.164062	181.225260	Ab3	49	80	0	0	80338	P1-56-30	0	-
1392	181.255208	181.459635	C4	55	80	0	0	80398	P1-56-31	0	-
1393	181.350260	181.489583	Ab3	51	80	0	0	80458	P1-56-32	0	-
1394	181.433594	181.779948	Ab4	80	80	0	0	80518	P1-56-10	0	-
1395	181.462240	181.750000	Eb3	53	80	0	0	80518	P1-56-33	0	-
1396	181.571615	181.691406	Ab3	54	80	0	0	80578	P1-56-34	0	-
1397	181.705729	183.009115	Db5	81	80	0	0	80638	P1-57-3	0	-
1398	181.736979	182.459635	G4	60	80	0	0	80638	P1-57-2	0	-
1399	181.753906	182.718750	Eb4	52	80	0	0	80638	P1-57-1	0	-
1400	181.773438	182.158854	Bb2	54	80	0	0	80638	P1-57-7	0	-
1401	181.925781	181.996094	G3	51	80	0	0	80698	P1-57-8	0	-
1402	182.020833	182.269531	Eb3	51	80	0	0	80758	P1-57-9	0	-
1403	182.164062	182.248698	G3	59	80	0	0	80818	P1-57-10	0	-
1404	182.282552	182.438802	Bb3	55	80	0	0	80878	P1-57-11	0	-
1405	182.391927	182.462240	G3	53	80	0	0	80938	P1-57-12	0	-
1406	182.481771	182.639323	Eb3	56	80	0	0	80998	P1-57-13	0	-
1407	182.643229	182.769531	G3	44	80	0	0	81058	P1-57-14	0	-
1408	182.744792	184.709635	Bb4	76	80	0	0	81118	P1-57-6	0	-
1409	182.755208	184.500000	G4	59	80	0	0	81118	P1-57-5	0	-
1410	182.794271	183.149740	Db3	51	80	0	0	81118	P1-57-15	0	-
1411	182.807292	184.269531	Eb4	47	80	0	0	81118	P1-57-4	0	-
1412	182.944010	183.013021	G3	56	80	0	0	81178	P1-57-16	0	-
1413	183.040365	183.118490	Eb3	55	80	0	0	81238	P1-57-17	0	-
1414	183.165365	183.234375	G3	57	80	0	0	81298	P1-57-18	0	-
1415	183.273438	183.339844	Bb3	61	80	0	0	81358	P1-57-19	0	-
1416	183.381510	183.438802	G3	61	80	0	0	81418	P1-57-20	0	-
1417	183.464844	183.542969	Eb3	55	80	0	0	81478	P1-57-21	0	-
1418	183.582031	183.657552	G3	59	80	0	0	81538	P1-57-22	0	-
1419	183.700521	183.938802	Db3	56	80	0	0	81598	P1-57-23	0	-
1420	183.822917	183.884115	G3	61	80	0	0	81658	P1-57-24	0	-
1421	183.919271	183.994792	Eb3	54	80	0	0	81718	P1-57-25	0	-
1422	184.033854	184.123698	G3	60	80	0	0	81778	P1-57-26	0	-
1423	184.158854	184.348958	Bb3	59	80	0	0	81838	P1-57-27	0	-
1424	184.291667	184.369792	G3	47	80	0	0	81898	P1-57-28	0	-
1425	184.347656	184.579427	Eb3	54	80	0	0	81958	P1-57-29	0	-
1426	184.471354	184.639323	G3	64	80	0	0	82018	P1-57-30	0	-
1427	184.617188	185.839844	Eb5	89	80	0	0	82078	P1-58-3	0	-
1428	184.656250	185.929688	Ab4	60	80	0	0	82078	P1-58-2	0	-
1429	184.665365	185.459635	C3	64	80	0	0	82078	P1-58-13	0	-
1430	184.671875	185.878906	Eb4	57	80	0	0	82078	P1-58-1	0	-
1431	184.815104	184.885417	Ab3	60	80	0	0	82138	P1-58-14	0	-
1432	184.906250	185.158854	Eb3	52	80	0	0	82198	P1-58-15	0	-
1433	185.041667	185.096354	Ab3	56	80	0	0	82258	P1-58-16	0	-
1434	185.134115	185.408854	C4	52	80	0	0	82318	P1-58-17	0	-
1435	185.218750	185.438802	Ab3	63	80	0	0	82378	P1-58-18	0	-
1436	185.355469	185.919271	Eb3	55	80	0	0	82438	P1-58-19	0	-
1437	185.735677	185.789062	Ab3	27	80	0	0	82498	P1-58-20	0	-
1438	185.783854	185.851562	C4	45	80	0	0	82618	P1-58-22	0	-
1439	185.863281	186.049479	Ab3	61	80	0	0	82678	P1-58-23	0	-
1440	185.971354	186.035156	C4	60	80	0	0	82738	P1-58-24	0	-
1441	186.050781	186.549479	D5	85	80	0	0	82798	P1-58-6	0	-
1442	186.083333	186.429688	Ab4	58	80	0	0	82798	P1-58-5	0	-
1443	186.097656	186.309896	D4	52	80	0	0	82798	P1-58-4	0	-
1444	186.106771	186.308594	Cb3	52	80	0	0	82798	P1-58-25	0	-
1445	186.235677	186.303385	Cb4	51	80	0	0	82858	P1-58-26	0	-
1446	186.315104	186.401042	Ab3	58	80	0	0	82918	P1-58-27	0	-
1447	186.425781	186.496094	Cb4	64	80	0	0	82978	P1-58-28	0	-
1448	186.502604	186.989583	Eb5	84	80	0	0	83038	P1-58-9	0	-
1449	186.532552	186.848958	Ab4	63	80	0	0	83038	P1-58-8	0	-
1450	186.536458	186.761719	C3	70	80	0	0	83038	P1-58-29	0	-
1451	186.541667	186.752604	Eb4	56	80	0	0	83038	P1-58-7	0	-
1452	186.653646	186.751302	C4	53	80	0	0	83098	P1-58-30	0	-
1453	186.781250	186.959635	Ab3	63	80	0	0	83158	P1-58-31	0	-
1454	186.867188	186.934896	C4	65	80	0	0	83218	P1-58-32	0	-
1455	186.950521	187.459635	F5	83	80	0	0	83278	P1-58-12	0	-
1456	186.973958	187.329427	Ab4	69	80	0	0	83278	P1-58-11	0	-
1457	186.977865	187.239583	Db3	63	80	0	0	83278	P1-58-33	0	-
1458	187.091146	187.180990	Db4	61	80	0	0	83338	P1-58-34	0	-
1459	187.209635	187.294271	Ab3	60	80	0	0	83398	P1-58-35	0	-
1460	187.300781	187.364583	Db4	65	80	0	0	83458	P1-58-36	0	-
1461	187.384115	187.929688	Eb5	87	80	0	0	83518	P1-59-1	0	-
1462	187.416667	187.621094	Eb3	56	80	0	0	83518	P1-59-37	0	-
1463	187.518229	187.606771	Eb4	64	80	0	0	83578	P1-59-38	0	-
1464	187.639323	187.721354	G3	57	80	0	0	83638	P1-59-39	0	-
1465	187.726562	187.859375	Eb4	67	80	0	0	83698	P1-59-40	0	-
1466	187.811198	188.295573	D5	83	80	0	0	83758	P1-59-2	0	-
1467	187.822917	188.055990	F3	65	80	0	0	83758	P1-59-41	0	-
1468	187.933594	188.033854	F4	57	80	0	0	83818	P1-59-42	0	-
1469	188.054688	188.144531	Ab3	68	80	0	0	83878	P1-59-43	0	-
1470	188.174479	188.235677	F4	56	80	0	0	83938	P1-59-44	0	-
1471	188.294271	188.382812	Db5	72	80	0	0	83998	P1-59-24	0	-
1472	188.303385	188.598958	G3	67	80	0	0	83998	P1-59-45	0	-
1473	188.397135	188.471354	Eb5	68	80	0	0	84028	P1-59-4	0	-
1474	188.403646	188.759115	G4	63	80	0	0	84058	P1-59-46	0	-
1475	188.476562	188.528646	C#5	68	80	0	0	84088	P1-59-5	0	-
1476	188.544271	188.799479	Bb3	59	80	0	0	84118	P1-59-47	0	-
1477	188.583333	188.639323	Eb5	54	80	0	0	84148	P1-59-7	0	-
1478	188.623698	188.691406	Db5	68	80	0	0	84178	P1-59-27	0	-
1479	188.717448	188.839844	Eb5	60	80	0	0	84208	P1-59-8	0	-
1480	188.783854	188.843750	Db5	65	80	0	0	84238	P1-59-28	0	-
1481	188.845052	188.919271	Eb5	57	80	0	0	84268	P1-59-10	0	-
1482	188.904948	188.989583	Eb4	57	80	0	0	84298	P1-59-50	0	-
1483	188.914062	189.000000	Db5	63	80	0	0	84298	P1-59-29	0	-
1484	188.977865	189.041667	Eb5	62	80	0	0	84328	P1-59-11	0	-
1485	188.986979	189.055990	G3	58	80	0	0	84358	P1-59-51	0	-
1486	189.045573	189.128906	C#5	70	80	0	0	84388	P1-59-13	0	-
1487	189.085938	189.165365	Eb4	70	80	0	0	84418	P1-59-52	0	-
1488	189.126302	189.209635	Eb5	54	80	0	0	84448	P1-59-14	0	-
1489	189.192708	189.309896	Db5	72	80	0	0	84478	P1-59-32	0	-
1490	189.201823	189.399740	F3	59	80	0	0	84478	P1-59-53	0	-
1491	189.253906	189.378906	Eb5	58	80	0	0	84508	P1-59-16	0	-
1492	189.289062	189.389323	F4	42	80	0	0	84538	P1-59-54	0	-
1493	189.322917	189.380208	Db5	63	80	0	0	84538	P1-59-33	0	-
1494	189.391927	189.509115	Eb5	64	80	0	0	84568	P1-59-17	0	-
1495	189.395833	189.509115	Ab3	68	80	0	0	84598	P1-59-55	0	-
1496	189.463542	189.569010	C#5	59	80	0	0	84628	P1-59-19	0	-
1497	189.503906	189.583333	F4	60	80	0	0	84658	P1-59-56	0	-
1498	189.514323	189.628906	Eb5	66	80	0	0	84688	P1-59-20	0	-
1499	189.575521	189.640625	C#5	65	80	0	0	84688	P1-59-20	0	-
1500	189.645833	189.919271	G3	64	80	0	0	84718	P1-59-57	0	-
1501	189.649740	189.867188	C5	79	80	0	0	84718	P1-59-21	0	-
1502	189.768229	189.854167	G4	61	80	0	0	84778	P1-59-58	0	-
1503	189.869792	189.973958	Bb4	76	80	0	0	84838	P1-59-22	0	-
1504	189.875000	190.158854	Bb3	70	80	0	0	84838	P1-59-59	0	-
1505	190.003906	190.188802	G4	71	80	0	0	84898	P1-59-60	0	-
1506	190.145833	191.239583	Eb4	77	80	0	0	84958	P1-60-26	0	-
1507	190.148438	191.319010	C4	72	80	0	0	84958	P1-60-25	0	-
1508	190.165365	191.049479	Ab4	70	80	0	0	84958	P1-60-1	0	-
1509	190.369792	190.447917	Eb5	62	80	0	0	85018	P1-60-2	0	-
1510	190.468750	190.709635	C5	70	80	0	0	85078	P1-60-3	0	-
1511	190.591146	190.703125	Eb5	75	80	0	0	85138	P1-60-4	0	-
1512	190.704427	190.816406	Ab5	78	80	0	0	85198	P1-60-5	0	-
1513	190.813802	190.897135	Eb6	75	80	0	0	85258	P1-60-6	0	-
1514	190.904948	191.014323	C6	75	80	0	0	85318	P1-60-7	0	-
1515	191.013021	191.126302	Eb6	76	80	0	0	85378	P1-60-8	0	-
1516	191.123698	191.214844	Ab6	83	80	0	0	85438	P1-60-9	0	-
1517	191.222656	191.313802	Ab5	82	80	0	0	85498	P1-60-10	0	-
1518	191.321615	191.424479	Ab6	76	80	0	0	85558	P1-60-11	0	-
1519	191.428385	191.518229	Ab5	86	80	0	0	85618	P1-60-12	0	-
1520	191.523438	191.869792	C4	84	80	0	0	85678	P1-60-28	0	-
1521	191.533854	191.829427	Ab3	78	80	0	0	85678	P1-60-27	0	-
1522	191.533854	191.656250	Ab6	85	80	0	0	85678	P1-60-13	0	-
1523	191.667969	191.765625	Ab5	76	80	0	0	85738	P1-60-14	0	-
1524	191.776042	191.872396	Ab6	81	80	0	0	85798	P1-60-15	0	-
1525	191.881510	191.971354	Ab5	70	80	0	0	85858	P1-60-16	0	-
1526	191.984375	192.519531	C4	82	80	0	0	85918	P1-60-30	0	-
1527	191.989583	192.098958	Ab6	83	80	0	0	85918	P1-60-17	0	-
1528	192.011719	192.509115	Ab3	76	80	0	0	85918	P1-60-29	0	-
1529	192.102865	192.205729	Ab5	75	80	0	0	85978	P1-60-18	0	-
1530	192.223958	192.315104	Ab6	76	80	0	0	86038	P1-60-19	0	-
1531	192.322917	192.417969	Ab5	78	80	0	0	86098	P1-60-20	0	-
1532	192.436198	192.515625	Ab6	83	80	0	0	86158	P1-60-21	0	-
1533	192.516927	192.630208	Ab5	86	80	0	0	86218	P1-60-22	0	-
1534	192.627604	192.738281	Ab6	76	80	0	0	86278	P1-60-23	0	-
1535	192.658854	192.938802	C4	76	80	0	0	86278	P1-60-32	0	-
1536	192.666667	192.889323	Ab3	73	80	0	0	86278	P1-60-31	0	-
1537	192.738281	192.908854	Ab5	84	80	0	0	86338	P1-60-24	0	-
1538	192.873698	195.059896	F4	87	80	0	0	86398	P1-61-26	0	-
1539	192.884115	193.109375	Ab6	84	80	0	0	86398	P1-61-1	0	-
1540	192.885417	193.559896	Db4	78	80	0	0	86398	P1-61-25	0	-
1541	193.009115	193.100260	Ab5	77	80	0	0	86458	P1-61-2	0	-
1542	193.115885	193.209635	Ab6	75	80	0	0	86518	P1-61-3	0	-
1543	193.212240	193.312500	Ab5	76	80	0	0	86578	P1-61-4	0	-
1544	193.332031	193.421875	Ab6	85	80	0	0	86638	P1-61-5	0	-
1545	193.425781	193.520833	Ab5	73	80	0	0	86698	P1-61-6	0	-
1546	193.536458	193.634115	Ab6	87	80	0	0	86758	P1-61-7	0	-
1547	193.639323	193.723958	Ab5	85	80	0	0	86818	P1-61-8	0	-
1548	193.733073	195.869792	Db4	82	80	0	0	86878	P1-61-28	0	-
1549	193.750000	195.429688	Bb3	75	80	0	0	86878	P1-61-27	0	-
1550	193.759115	193.968750	Ab6	84	80	0	0	86878	P1-61-9	0	-
1551	193.868490	193.971354	Ab5	79	80	0	0	86938	P1-61-10	0	-
1552	193.976562	194.078125	Ab6	86	80	0	0	86998	P1-61-11	0	-
1553	194.082031	194.183594	Ab5	84	80	0	0	87058	P1-61-12	0	-
1554	194.196615	194.303385	Ab6	92	80	0	0	87118	P1-61-13	0	-
1555	194.305990	194.406250	Ab5	86	80	0	0	87178	P1-61-14	0	-
1556	194.423177	194.522135	Ab6	90	80	0	0	87238	P1-61-15	0	-
1557	194.524740	194.625000	Ab5	87	80	0	0	87298	P1-61-16	0	-
1558	194.638021	194.742188	Ab6	92	80	0	0	87358	P1-61-17	0	-
1559	194.744792	194.851562	Ab5	90	80	0	0	87418	P1-61-18	0	-
1560	194.864583	194.973958	Ab6	92	80	0	0	87478	P1-61-19	0	-
1561	194.981771	195.089844	Ab5	78	80	0	0	87538	P1-61-20	0	-
1562	195.104167	195.212240	Ab6	82	80	0	0	87598	P1-61-21	0	-
1563	195.221354	195.341146	Ab5	78	80	0	0	87658	P1-61-22	0	-
1564	195.354167	195.485677	Ab6	80	80	0	0	87718	P1-61-23	0	-
1565	195.490885	196.619792	Ab5	71	80	0	0	87778	P1-61-24	0	-
1566	195.730469	197.369792	Ab6	85	80	0	0	87838	P1-62-1	0	-
1567	195.759115	195.968750	Bb3	44	80	0	0	87838	P1-62-19	0	-
1568	195.766927	197.218750	Gb4	43	80	0	0	87838	P1-62-20	0	-
1569	195.777344	196.919271	Eb4	45	80	0	0	87838	P1-62-19	0	-
1570	196.341146	197.029948	Gb6	71	80	0	0	88078	P1-62-2	0	-
1571	196.632812	197.399740	F6	74	80	0	0	88198	P1-62-3	0	-
1572	196.928385	199.399740	Eb4	37	80	0	0	88318	P1-62-25	0	-
1573	196.933594	199.229167	C4	34	80	0	0	88318	P1-62-24	0	-
1574	197.220052	197.459635	Eb6	69	80	0	0	88438	P1-62-5	0	-
1575	197.378906	197.569010	D6	70	80	0	0	88498	P1-62-6	0	-
1576	197.527344	197.635417	Eb6	68	80	0	0	88558	P1-62-7	0	-
1577	197.653646	197.803385	F6	68	80	0	0	88618	P1-62-8	0	-
1578	197.803385	198.069010	Gb6	71	80	0	0	88678	P1-62-9	0	-
1579	197.940104	198.128906	F6	63	80	0	0	88738	P1-62-10	0	-
1580	198.082031	199.628906	Ab4	48	80	0	0	88798	P1-62-22	0	-
1581	198.084635	198.214844	Eb6	62	80	0	0	88798	P1-62-11	0	-
1582	198.222656	198.429688	F6	59	80	0	0	88858	P1-62-12	0	-
1583	198.375000	198.545573	Eb6	60	80	0	0	88918	P1-62-13	0	-
1584	198.520833	198.653646	Db6	59	80	0	0	88978	P1-62-14	0	-
1585	198.677083	198.815104	C6	54	80	0	0	89038	P1-62-15	0	-
1586	198.824219	199.369792	Bb5	58	80	0	0	89098	P1-62-16	0	-
1587	199.006510	199.240885	Ab5	46	80	0	0	89158	P1-62-17	0	-
1588	199.225260	199.869792	Gb5	61	80	0	0	89218	P1-62-18	0	-
1589	199.593750	202.500000	F5	61	80	0	0	89278	P1-63-1	0	-
1590	199.635417	199.829427	G#4	31	80	0	0	89278	P1-63-1	0	-
1591	199.645833	200.282552	Db4	28	80	0	0	89278	P1-63-4	0	-
1592	199.924479	200.014323	Ab4	39	80	0	0	89398	P1-63-6	0	-
1593	199.932292	200.299479	F4	28	80	0	0	89398	P1-63-5	0	-
1594	200.208333	200.276042	Ab4	42	80	0	0	89518	P1-63-8	0	-
1595	200.464844	200.779948	Ab4	45	80	0	0	89638	P1-63-10	0	-
1596	200.464844	200.718750	C#4	30	80	0	0	89638	P1-63-9	0	-
1597	200.466146	201.149740	F4	29	80	0	0	89638	P1-63-9	0	-
1598	200.734375	201.089844	Db4	34	80	0	0	89758	P1-63-11	0	-
1599	200.955729	201.031250	Ab4	35	80	0	0	89878	P1-63-13	0	-
1600	201.186198	201.539062	C#4	38	80	0	0	89998	P1-63-14	0	-
1601	201.190104	202.979167	Ab5	70	80	0	0	89998	P1-63-2	0	-
1602	201.220052	201.299479	Ab4	45	80	0	0	89998	P1-63-15	0	-
1603	201.222656	201.308594	F4	34	80	0	0	89998	P1-63-14	0	-
1604	201.458333	201.524740	Ab4	48	80	0	0	90118	P1-63-17	0	-
1605	201.463542	201.799479	F4	31	80	0	0	90118	P1-63-16	0	-
1606	201.705729	201.839844	Ab4	37	80	0	0	90118	P1-63-17	0	-
1607	201.708333	202.378906	Db4	38	80	0	0	90238	P1-63-18	0	-
1608	201.972656	202.050781	Ab4	41	80	0	0	90358	P1-63-20	0	-
1609	201.975260	202.348958	F4	34	80	0	0	90358	P1-63-19	0	-
1610	202.234375	202.819010	Db6	81	80	0	0	90478	P1-63-3	0	-
1611	202.236979	202.316406	Ab4	60	80	0	0	90478	P1-63-22	0	-
1612	202.496094	202.669271	Ab4	39	80	0	0	90598	P1-63-24	0	-
1613	202.506510	202.658854	F4	30	80	0	0	90598	P1-63-23	0	-
1614	202.507812	202.649740	C#4	31	80	0	0	90598	P1-63-23	0	-
1615	202.833333	204.239583	Db6	75	80	0	0	90718	P1-64-1	0	-
1616	202.863281	203.485677	Eb4	35	80	0	0	90718	P1-64-3	0	-
1617	203.123698	203.205729	Ab4	45	80	0	0	90838	P1-64-5	0	-
1618	203.127604	203.218750	Gb4	36	80	0	0	90838	P1-64-4	0	-
1619	203.402344	203.471354	Ab4	40	80	0	0	90958	P1-64-7	0	-
1620	203.402344	203.475260	Gb4	38	80	0	0	90958	P1-64-6	0	-
1621	203.653646	203.723958	Ab4	42	80	0	0	91078	P1-64-9	0	-
1622	203.656250	204.098958	Gb4	38	80	0	0	91078	P1-64-8	0	-
1623	203.949219	205.959635	C6	72	80	0	0	91198	P1-64-2	0	-
1624	203.963542	204.069010	G#4	43	80	0	0	91198	P1-64-10	0	-
1625	203.973958	204.572917	Eb4	28	80	0	0	91198	P1-64-10	0	-
1626	204.217448	204.305990	Ab4	45	80	0	0	91318	P1-64-12	0	-
1627	204.221354	204.315104	Gb4	39	80	0	0	91318	P1-64-11	0	-
1628	204.490885	204.557292	Ab4	41	80	0	0	91438	P1-64-14	0	-
1629	204.493490	204.559896	Gb4	33	80	0	0	91438	P1-64-13	0	-
1630	204.726562	204.804688	Gb4	38	80	0	0	91558	P1-64-15	0	-
1631	204.731771	205.009115	Ab4	46	80	0	0	91558	P1-64-16	0	-
1632	204.993490	206.029948	Eb4	27	80	0	0	91678	P1-64-17	0	-
1633	204.993490	205.054688	Gb4	23	80	0	0	91798	P1-64-18	0	-
1634	205.234375	205.317708	Ab4	43	80	0	0	91798	P1-64-19	0	-
1635	205.240885	205.321615	Gb4	36	80	0	0	91798	P1-64-18	0	-
1636	205.506510	205.592448	Ab4	37	80	0	0	91918	P1-64-21	0	-
1637	205.514323	205.598958	Gb4	35	80	0	0	91918	P1-64-20	0	-
1638	205.773438	205.919271	Gb4	35	80	0	0	92038	P1-64-22	0	-
1639	205.774740	206.029948	Ab4	42	80	0	0	92038	P1-64-23	0	-
1640	206.184896	207.789062	Eb6	87	80	0	0	92158	P1-65-1	0	-
1641	206.191406	207.109375	Gb4	46	80	0	0	92158	P1-65-4	0	-
1642	206.502604	206.617188	Ab4	31	80	0	0	92278	P1-65-5	0	-
1643	206.503906	206.615885	C5	41	80	0	0	92278	P1-65-6	0	-
1644	206.526042	206.869792	Eb5	31	80	0	0	92278	P1-65-7	0	-
1645	206.785156	206.854167	C5	37	80	0	0	92398	P1-65-9	0	-
1646	206.785156	206.850260	Ab4	33	80	0	0	92398	P1-65-8	0	-
1647	207.014323	207.329427	Ab4	35	80	0	0	92518	P1-65-11	0	-
1648	207.015625	207.218750	C5	41	80	0	0	92518	P1-65-12	0	-
1649	207.016927	207.319010	Eb5	44	80	0	0	92518	P1-65-13	0	-
1650	207.256510	207.729167	Gb4	38	80	0	0	92638	P1-65-14	0	-
1651	207.503906	207.580729	Ab4	42	80	0	0	92758	P1-65-15	0	-
1652	207.507812	207.585938	C5	48	80	0	0	92758	P1-65-16	0	-
1653	207.513021	207.649740	Eb5	49	80	0	0	92758	P1-65-17	0	-
1654	207.748698	209.309896	C6	85	80	0	0	92878	P1-65-2	0	-
1655	207.776042	207.938802	Ab4	46	80	0	0	92878	P1-65-18	0	-
1656	207.783854	207.889323	Eb5	51	80	0	0	92878	P1-65-20	0	-
1657	207.792969	207.889323	C5	45	80	0	0	92878	P1-65-19	0	-
1658	208.024740	208.319010	Eb5	46	80	0	0	92998	P1-65-23	0	-
1659	208.029948	208.339844	C5	47	80	0	0	92998	P1-65-22	0	-
1660	208.035156	208.188802	Ab4	32	80	0	0	92998	P1-65-21	0	-
1661	208.298177	208.938802	Gb4	31	80	0	0	93118	P1-65-24	0	-
1662	208.302083	208.361979	G#4	32	80	0	0	93118	P1-65-24	0	-
1663	208.522135	208.595052	Ab4	40	80	0	0	93238	P1-65-25	0	-
1664	208.523438	208.605469	C5	49	80	0	0	93238	P1-65-26	0	-
1665	208.527344	208.669271	Eb5	48	80	0	0	93238	P1-65-27	0	-
1666	208.785156	209.359375	Ab5	79	80	0	0	93358	P1-65-3	0	-
1667	208.817708	208.888021	Ab4	44	80	0	0	93358	P1-65-28	0	-
1668	208.825521	208.949219	C5	43	80	0	0	93358	P1-65-29	0	-
1669	208.826823	208.929688	Eb5	38	80	0	0	93358	P1-65-30	0	-
1670	209.083333	209.229167	Ab4	44	80	0	0	93478	P1-65-31	0	-
1671	209.084635	209.449219	Eb5	48	80	0	0	93478	P1-65-33	0	-
1672	209.085938	209.319010	C5	43	80	0	0	93478	P1-65-32	0	-
1673	209.365885	211.329427	Ab5	79	80	0	0	93598	P1-66-1	0	-
1674	209.404948	209.500000	Ab4	35	80	0	0	93718	P1-66-5	0	-
1675	209.649740	209.723958	Ab4	37	80	0	0	93838	P1-66-7	0	-
1676	209.658854	209.723958	Db5	41	80	0	0	93838	P1-66-8	0	-
1677	209.901042	209.964844	Ab4	38	80	0	0	93958	P1-66-9	0	-
1678	209.903646	209.964844	Db5	49	80	0	0	93958	P1-66-10	0	-
1679	210.135417	210.319010	Ab4	40	80	0	0	93958	P1-66-9	0	-
1680	210.141927	210.449219	Db5	47	80	0	0	93958	P1-66-10	0	-
1681	210.391927	211.809896	Db6	81	80	0	0	94078	P1-66-2	0	-
1682	210.402344	210.529948	G#4	48	80	0	0	94078	P1-66-11	0	-
1683	210.404948	211.259115	F4	35	80	0	0	94078	P1-66-11	0	-
1684	210.651042	210.723958	Ab4	38	80	0	0	94198	P1-66-12	0	-
1685	210.656250	210.722656	Db5	51	80	0	0	94198	P1-66-13	0	-
1686	210.894531	210.963542	Ab4	41	80	0	0	94198	P1-66-12	0	-
1687	210.894531	210.966146	Db5	53	80	0	0	94198	P1-66-13	0	-
1688	211.136719	211.459635	Ab4	49	80	0	0	94318	P1-66-14	0	-
1689	211.141927	211.378906	Db5	53	80	0	0	94318	P1-66-15	0	-
1690	211.391927	211.459635	Db5	33	80	0	0	94438	P1-66-17	0	-
1691	211.391927	212.329427	F4	32	80	0	0	94558	P1-66-18	0	-
1692	211.625000	211.707031	Ab4	45	80	0	0	94678	P1-66-19	0	-
1693	211.632812	211.710938	Db5	51	80	0	0	94678	P1-66-20	0	-
1694	211.882812	212.449219	Db6	83	80	0	0	94798	P1-66-3	0	-
1695	211.914062	212.098958	Ab4	34	80	0	0	94798	P1-66-21	0	-
1696	211.920573	212.049479	Db5	49	80	0	0	94798	P1-66-22	0	-
1697	212.216146	212.739583	Ab4	44	80	0	0	94918	P1-66-23	0	-
1698	212.222656	212.283854	Db5	42	80	0	0	94918	P1-66-24	0	-
1699	212.625000	213.709635	Db6	65	80	0	0	95038	P1-67-1	0	-
1700	212.644531	212.699219	E3	28	80	0	0	95038	P1-67-4	0	-
1701	212.973958	213.149740	Ab4	35	80	0	0	95158	P1-67-5	0	-
1702	212.975260	213.069010	Db5	45	80	0	0	95158	P1-67-6	0	-
1703	213.235677	213.304688	Db5	46	80	0	0	95278	P1-67-8	0	-
1704	213.235677	213.304688	Ab4	37	80	0	0	95278	P1-67-7	0	-
1705	213.471354	213.709635	Db5	46	80	0	0	95398	P1-67-10	0	-
1706	213.473958	213.848958	Ab4	34	80	0	0	95398	P1-67-9	0	-
1707	213.723958	215.269531	Db6	72	80	0	0	95518	P1-67-2	0	-
1708	213.764323	214.539062	E4	23	80	0	0	95518	P1-67-11	0	-
1709	214.023438	214.123698	Ab4	42	80	0	0	95638	P1-67-12	0	-
1710	214.032552	214.139323	Db5	37	80	0	0	95638	P1-67-13	0	-
1711	214.300781	214.367188	Ab4	42	80	0	0	95758	P1-67-14	0	-
1712	214.302083	214.367188	Db5	42	80	0	0	95758	P1-67-15	0	-
1713	214.537760	214.819010	Db5	45	80	0	0	95878	P1-67-17	0	-
1714	214.539062	214.859375	Ab4	38	80	0	0	95878	P1-67-16	0	-
1715	214.781250	215.729167	E4	29	80	0	0	95998	P1-67-18	0	-
1716	215.024740	215.188802	Ab4	32	80	0	0	96118	P1-67-19	0	-
1717	215.027344	215.096354	Db5	42	80	0	0	96118	P1-67-20	0	-
1718	215.283854	215.959635	Db6	80	80	0	0	96238	P1-67-3	0	-
1719	215.334635	215.449219	Db5	38	80	0	0	96238	P1-67-22	0	-
1720	215.335938	215.609375	Ab4	36	80	0	0	96238	P1-67-21	0	-
1721	215.614583	215.869792	Db5	50	80	0	0	96358	P1-67-24	0	-
1722	215.623698	216.009115	Ab4	40	80	0	0	96358	P1-67-23	0	-
1723	215.964844	217.378906	Db6	71	80	0	0	96478	P1-68-1	0	-
1724	215.984375	216.938802	Eb4	36	80	0	0	96478	P1-68-4	0	-
1725	216.285156	216.429688	Cb5	44	80	0	0	96598	P1-68-6	0	-
1726	216.285156	216.529948	Gb4	35	80	0	0	96598	P1-68-5	0	-
1727	216.537760	216.729167	Cb5	49	80	0	0	96718	P1-68-8	0	-
1728	216.540365	216.614583	Gb4	31	80	0	0	96718	P1-68-7	0	-
1729	216.792969	217.179688	Cb5	38	80	0	0	96838	P1-68-10	0	-
1730	216.794271	217.169271	Gb4	37	80	0	0	96838	P1-68-9	0	-
1731	217.057292	218.579427	Cb6	75	80	0	0	96958	P1-68-2	0	-
1732	217.102865	217.979167	Eb4	39	80	0	0	96958	P1-68-11	0	-
1733	217.313802	217.415365	Gb4	42	80	0	0	97078	P1-68-12	0	-
1734	217.320312	217.414062	Cb5	52	80	0	0	97078	P1-68-13	0	-
1735	217.583333	217.739583	Cb5	45	80	0	0	97198	P1-68-15	0	-
1736	217.595052	217.665365	Gb4	33	80	0	0	97198	P1-68-14	0	-
1737	217.828125	218.149740	Gb4	30	80	0	0	97318	P1-68-16	0	-
1738	217.829427	218.128906	Cb5	45	80	0	0	97318	P1-68-17	0	-
1739	218.093750	219.139323	Eb4	28	80	0	0	97438	P1-68-18	0	-
1740	218.325521	218.500000	Cb5	41	80	0	0	97558	P1-68-20	0	-
1741	218.326823	218.549479	Gb4	33	80	0	0	97558	P1-68-19	0	-
1742	218.584635	219.158854	Cb6	72	80	0	0	97678	P1-68-3	0	-
1743	218.614583	218.789062	Cb5	46	80	0	0	97678	P1-68-22	0	-
1744	218.615885	218.848958	Gb4	36	80	0	0	97678	P1-68-21	0	-
1745	218.856771	219.289062	Cb5	43	80	0	0	97798	P1-68-24	0	-
1746	218.858073	219.019531	Gb4	31	80	0	0	97798	P1-68-23	0	-
1747	219.173177	219.949219	B5	60	80	0	0	97918	P1-69-1	0	-
1748	219.194010	220.329427	D#4	34	80	0	0	97918	P1-69-14	0	-
1749	219.195312	219.399740	F#4	27	80	0	0	97918	P1-69-14	0	-
1750	219.493490	219.869792	B4	40	80	0	0	98038	P1-69-16	0	-
1751	219.494792	219.669271	F#4	27	80	0	0	98038	P1-69-15	0	-
1752	219.763021	220.519531	A5	72	80	0	0	98158	P1-69-2	0	-
1753	219.813802	220.039062	F#4	32	80	0	0	98158	P1-69-17	0	-
1754	220.048177	220.559896	B4	48	80	0	0	98278	P1-69-20	0	-
1755	220.050781	220.529948	F#4	38	80	0	0	98278	P1-69-19	0	-
1756	220.335938	221.339844	D#4	24	80	0	0	98398	P1-69-21	0	-
1757	220.462240	220.596354	B5	58	80	0	0	98458	P1-69-4	0	-
1758	220.614583	220.725260	A5	61	80	0	0	98518	P1-69-5	0	-
1759	220.625000	220.759115	B4	43	80	0	0	98518	P1-69-23	0	-
1760	220.636719	220.789062	F#4	33	80	0	0	98518	P1-69-22	0	-
1761	220.726562	220.968750	G#5	64	80	0	0	98578	P1-69-6	0	-
1762	220.895833	221.259115	A5	61	80	0	0	98638	P1-69-7	0	-
1763	220.925781	221.128906	F#4	28	80	0	0	98638	P1-69-24	0	-
1764	220.925781	221.209635	B4	41	80	0	0	98638	P1-69-25	0	-
1765	221.195312	221.477865	B5	53	80	0	0	98758	P1-69-8	0	-
1766	221.223958	221.658854	B4	38	80	0	0	98758	P1-69-27	0	-
1767	221.227865	221.513021	F#4	28	80	0	0	98758	P1-69-26	0	-
1768	221.473958	221.789062	A5	57	80	0	0	98878	P1-69-9	0	-
1769	221.476562	222.569010	D#4	30	80	0	0	98878	P1-69-28	0	-
1770	221.632812	221.783854	B5	57	80	0	0	98938	P1-69-10	0	-
1771	221.791667	222.479167	C#6	61	80	0	0	98998	P1-69-11	0	-
1772	221.794271	222.128906	B4	43	80	0	0	98998	P1-69-30	0	-
1773	221.798177	222.019531	F#4	38	80	0	0	98998	P1-69-29	0	-
1774	222.126302	222.759115	B5	55	80	0	0	99118	P1-69-12	0	-
1775	222.135417	222.429688	F#4	39	80	0	0	99118	P1-69-31	0	-
1776	222.136719	222.149740	F#3	37	80	0	0	99118	P1-69-31	0	-
1777	222.136719	222.253906	B4	48	80	0	0	99118	P1-69-32	0	-
1778	222.506510	223.709635	B4	43	80	0	0	99238	P1-69-34	0	-
1779	222.506510	222.979167	A5	56	80	0	0	99238	P1-69-13	0	-
1780	222.507812	222.658854	F#4	30	80	0	0	99238	P1-69-33	0	-
1781	222.966146	223.429688	G#5	38	80	0	0	99358	P1-70-1	0	-
1782	222.973958	223.809896	G#4	31	80	0	0	99358	P1-70-20	0	-
1783	222.980469	222.989583	E3	26	80	0	0	99358	P1-70-19	0	-
1784	223.134115	223.204427	E6	45	80	0	0	99418	P1-70-2	0	-
1785	223.250000	223.408854	B5	44	80	0	0	99478	P1-70-3	0	-
1786	223.351562	223.434896	E6	62	80	0	0	99538	P1-70-4	0	-
1787	223.569010	223.636719	E6	56	80	0	0	99658	P1-70-6	0	-
1788	223.674479	223.878906	B5	50	80	0	0	99718	P1-70-7	0	-
1789	223.832031	223.929688	E6	46	80	0	0	99778	P1-70-8	0	-
1790	223.903646	224.109375	G#5	55	80	0	0	99838	P1-70-22	0	-
1791	224.164062	224.489583	B4	42	80	0	0	99958	P1-70-24	0	-
1792	224.253906	224.869792	E5	58	80	0	0	100018	P1-70-25	0	-
1793	224.414062	224.569010	G#4	42	80	0	0	100078	P1-70-10	0	-
1794	224.507812	224.609375	E3	31	80	0	0	100138	P1-70-11	0	-
1795	224.613281	224.691406	B3	39	80	0	0	100198	P1-70-12	0	-
1796	224.731771	224.889323	E4	32	80	0	0	100258	P1-70-13	0	-
1797	224.885417	225.009115	G#3	47	80	0	0	100318	P1-70-27	0	-
1798	225.014323	225.076823	E3	39	80	0	0	100378	P1-70-28	0	-
1799	225.122396	225.289062	B2	49	80	0	0	100438	P1-70-29	0	-
1800	225.248698	225.369792	E3	41	80	0	0	100498	P1-70-30	0	-
1801	225.391927	225.908854	G#2	48	80	0	0	100558	P1-70-15	0	-
1802	225.398438	225.549479	E2	50	80	0	0	100558	P1-70-31	0	-
1803	225.644531	225.869792	B2	37	80	0	0	100678	P1-70-17	0	-
1804	225.774740	225.837240	E3	41	80	0	0	100738	P1-70-18	0	-
1805	225.917969	226.000000	F#1	47	80	0	0	100798	P1-71-25	0	-
1806	225.919271	226.098958	F#2	48	80	0	0	100798	P1-71-27	0	-
1807	225.921875	226.109375	D#2	45	80	0	0	100798	P1-71-1	0	-
1808	226.061198	226.157552	B2	47	80	0	0	100858	P1-71-2	0	-
1809	226.217448	226.282552	A2	38	80	0	0	100918	P1-71-3	0	-
1810	226.312500	226.375000	B2	37	80	0	0	100978	P1-71-4	0	-
1811	226.403646	226.476562	D#3	45	80	0	0	101038	P1-71-5	0	-
1812	226.526042	226.595052	B2	49	80	0	0	101098	P1-71-6	0	-
1813	226.635417	226.704427	A2	45	80	0	0	101158	P1-71-7	0	-
1814	226.744792	226.899740	B2	48	80	0	0	101218	P1-71-8	0	-
1815	226.852865	227.128906	F#2	53	80	0	0	101278	P1-71-30	0	-
1816	226.863281	227.569010	D#3	56	80	0	0	101278	P1-71-9	0	-
1817	227.007812	227.082031	B3	53	80	0	0	101338	P1-71-10	0	-
1818	227.131510	227.191406	A3	49	80	0	0	101398	P1-71-11	0	-
1819	227.226562	227.298177	B3	48	80	0	0	101458	P1-71-12	0	-
1820	227.355469	227.529948	D#4	39	80	0	0	101518	P1-71-13	0	-
1821	227.444010	227.503906	B3	51	80	0	0	101578	P1-71-14	0	-
1822	227.562500	227.615885	A3	55	80	0	0	101638	P1-71-15	0	-
1823	227.666667	227.739583	B3	45	80	0	0	101698	P1-71-16	0	-
1824	227.763021	227.769531	C#3	44	80	0	0	101758	P1-71-33	0	-
1825	227.764323	228.089844	F#2	47	80	0	0	101758	P1-71-33	0	-
1826	227.764323	227.899740	F#1	44	80	0	0	101758	P1-71-31	0	-
1827	227.772135	228.169271	Eb3	40	80	0	0	101758	P1-71-17	0	-
1828	227.891927	227.963542	B4	59	80	0	0	101818	P1-71-18	0	-
1829	228.024740	228.087240	A4	51	80	0	0	101878	P1-71-19	0	-
1830	228.114583	228.209635	B4	54	80	0	0	101938	P1-71-20	0	-
1831	228.265625	228.389323	D#5	41	80	0	0	101998	P1-71-21	0	-
1832	228.332031	228.402344	B4	58	80	0	0	102058	P1-71-22	0	-
1833	228.440104	228.511719	A4	56	80	0	0	102118	P1-71-23	0	-
1834	228.559896	228.618490	B4	49	80	0	0	102178	P1-71-24	0	-
1835	228.661458	229.000000	G#2	46	80	0	0	102238	P1-72-27	0	-
1836	228.662760	228.819010	B1	47	80	0	0	102238	P1-72-26	0	-
1837	228.662760	228.718750	B2	42	80	0	0	102238	P1-72-26	0	-
1838	228.772135	228.938802	B5	60	80	0	0	102298	P1-72-2	0	-
1839	228.894531	229.049479	G#5	48	80	0	0	102358	P1-72-3	0	-
1840	228.986979	229.070312	B5	55	80	0	0	102418	P1-72-4	0	-
1841	229.106771	229.170573	E6	64	80	0	0	102478	P1-72-5	0	-
1842	229.204427	229.274740	B5	60	80	0	0	102538	P1-72-6	0	-
1843	229.313802	229.376302	G#5	62	80	0	0	102598	P1-72-7	0	-
1844	229.411458	229.471354	B5	58	80	0	0	102658	P1-72-8	0	-
1845	229.511719	229.572917	E5	56	80	0	0	102718	P1-72-9	0	-
1846	229.643229	229.759115	A4	52	80	0	0	102778	P1-72-10	0	-
1847	229.649740	229.739583	B4	51	80	0	0	102778	P1-72-10	0	-
1848	229.746094	229.848958	G#4	47	80	0	0	102838	P1-72-11	0	-
1849	229.815104	229.979167	B4	60	80	0	0	102898	P1-72-12	0	-
1850	229.946615	230.010417	E4	41	80	0	0	102958	P1-72-13	0	-
1851	230.042969	230.104167	B3	56	80	0	0	103018	P1-72-14	0	-
1852	230.190104	230.236979	G#3	42	80	0	0	103078	P1-72-15	0	-
1853	230.263021	230.328125	B3	52	80	0	0	103138	P1-72-16	0	-
1854	230.380208	230.569010	E3	49	80	0	0	103198	P1-72-17	0	-
1855	230.486979	230.546875	B3	47	80	0	0	103258	P1-72-18	0	-
1856	230.595052	230.660156	G#3	54	80	0	0	103318	P1-72-19	0	-
1857	230.677083	230.761719	B3	51	80	0	0	103378	P1-72-20	0	-
1858	230.822917	230.885417	E4	44	80	0	0	103438	P1-72-21	0	-
1859	230.928385	230.994792	B3	50	80	0	0	103498	P1-72-22	0	-
1860	231.044271	231.096354	G#3	48	80	0	0	103558	P1-72-23	0	-
1861	231.104167	231.174479	B3	65	80	0	0	103618	P1-72-24	0	-
1862	231.230469	231.296875	F#3	60	80	0	0	103678	P1-73-1	0	-
1863	231.233073	231.399740	D#2	57	80	0	0	103678	P1-73-25	0	-
1864	231.233073	231.679688	D#3	63	80	0	0	103678	P1-73-27	0	-
1865	231.233073	231.519531	B2	58	80	0	0	103678	P1-73-26	0	-
1866	231.319010	231.420573	B3	61	80	0	0	103738	P1-73-2	0	-
1867	231.449219	231.514323	A3	56	80	0	0	103798	P1-73-3	0	-
1868	231.550781	231.605469	B3	50	80	0	0	103858	P1-73-4	0	-
1869	231.643229	231.703125	F#3	48	80	0	0	103918	P1-73-5	0	-
1870	231.753906	231.816406	B3	56	80	0	0	103978	P1-73-6	0	-
1871	231.863281	231.915365	A3	56	80	0	0	104038	P1-73-7	0	-
1872	231.962240	232.059896	B3	57	80	0	0	104098	P1-73-8	0	-
1873	232.087240	232.449219	D#3	62	80	0	0	104158	P1-73-30	0	-
1874	232.091146	232.419271	D#2	56	80	0	0	104158	P1-73-28	0	-
1875	232.093750	232.559896	B2	56	80	0	0	104158	P1-73-29	0	-
1876	232.175781	232.289062	B4	60	80	0	0	104218	P1-73-10	0	-
1877	232.307292	232.367188	A4	60	80	0	0	104278	P1-73-11	0	-
1878	232.391927	232.466146	B4	61	80	0	0	104338	P1-73-12	0	-
1879	232.505208	232.597656	F#5	63	80	0	0	104398	P1-73-13	0	-
1880	232.625000	232.678385	B4	60	80	0	0	104458	P1-73-14	0	-
1881	232.704427	232.770833	A4	65	80	0	0	104518	P1-73-15	0	-
1882	232.792969	232.845052	B4	66	80	0	0	104578	P1-73-16	0	-
1883	232.925781	233.250000	D#2	55	80	0	0	104638	P1-73-31	0	-
1884	232.925781	233.339844	D#3	54	80	0	0	104638	P1-73-33	0	-
1885	232.930990	233.279948	B2	55	80	0	0	104638	P1-73-32	0	-
1886	232.933594	233.005208	F#5	61	80	0	0	104638	P1-73-17	0	-
1887	233.032552	233.105469	B5	75	80	0	0	104698	P1-73-18	0	-
1888	233.125000	233.216146	A5	80	80	0	0	104758	P1-73-19	0	-
1889	233.218750	233.315104	B5	76	80	0	0	104818	P1-73-20	0	-
1890	233.333333	233.428385	F#6	75	80	0	0	104878	P1-73-21	0	-
1891	233.436198	233.507812	B5	75	80	0	0	104938	P1-73-22	0	-
1892	233.531250	233.593750	A5	73	80	0	0	104998	P1-73-23	0	-
1893	233.636719	233.750000	B5	52	80	0	0	105058	P1-73-24	0	-
1894	233.740885	233.949219	E3	57	80	0	0	105118	P1-74-27	0	-
1895	233.742188	233.816406	E2	55	80	0	0	105118	P1-74-25	0	-
1896	233.746094	233.825521	B2	52	80	0	0	105118	P1-74-26	0	-
1897	233.747396	233.904948	G#5	77	80	0	0	105118	P1-74-1	0	-
1898	233.863281	233.921875	G#6	58	80	0	0	105178	P1-74-2	0	-
1899	233.936198	234.018229	B5	76	80	0	0	105238	P1-74-3	0	-
1900	234.059896	234.128906	G#6	69	80	0	0	105298	P1-74-4	0	-
1901	234.151042	234.242188	G#5	76	80	0	0	105358	P1-74-5	0	-
1902	234.152344	234.399740	E4	53	80	0	0	105358	P1-74-29	0	-
1903	234.153646	234.459635	E3	56	80	0	0	105358	P1-74-28	0	-
1904	234.257812	234.334635	G#6	76	80	0	0	105418	P1-74-6	0	-
1905	234.363281	234.444010	B5	72	80	0	0	105478	P1-74-7	0	-
1906	234.473958	234.545573	G#6	78	80	0	0	105538	P1-74-8	0	-
1907	234.557292	234.644531	G#5	78	80	0	0	105598	P1-74-9	0	-
1908	234.570312	234.859375	E3	56	80	0	0	105598	P1-74-30	0	-
1909	234.661458	234.739583	G#6	80	80	0	0	105658	P1-74-10	0	-
1910	234.753906	234.834635	B5	78	80	0	0	105718	P1-74-11	0	-
1911	234.852865	234.936198	G#6	83	80	0	0	105778	P1-74-12	0	-
1912	234.950521	235.218750	C#4	70	80	0	0	105838	P1-74-34	0	-
1913	234.963542	235.044271	A5	77	80	0	0	105838	P1-74-13	0	-
1914	234.963542	235.153646	C#3	68	80	0	0	105838	P1-74-32	0	-
1915	234.964844	235.153646	E3	67	80	0	0	105838	P1-74-33	0	-
1916	235.063802	235.154948	A6	79	80	0	0	105898	P1-74-14	0	-
1917	235.156250	235.246094	E6	82	80	0	0	105958	P1-74-15	0	-
1918	235.255208	235.337240	A6	91	80	0	0	106018	P1-74-16	0	-
1919	235.351562	235.437500	A5	81	80	0	0	106078	P1-74-17	0	-
1920	235.354167	235.619792	C#4	63	80	0	0	106078	P1-74-37	0	-
1921	235.359375	236.049479	E3	66	80	0	0	106078	P1-74-36	0	-
1922	235.360677	235.699219	C#3	61	80	0	0	106078	P1-74-35	0	-
1923	235.463542	235.559896	A6	87	80	0	0	106138	P1-74-18	0	-
1924	235.561198	235.649740	E6	85	80	0	0	106198	P1-74-19	0	-
1925	235.645833	235.744792	A6	89	80	0	0	106258	P1-74-20	0	-
1926	235.759115	235.938802	A#5	87	80	0	0	106318	P1-74-21	0	-
1927	235.772135	235.976562	B#3	73	80	0	0	106318	P1-74-40	0	-
1928	235.774740	235.966146	B#2	71	80	0	0	106318	P1-74-38	0	-
1929	235.854167	235.959635	A#6	93	80	0	0	106378	P1-74-22	0	-
1930	235.959635	236.065104	E6	87	80	0	0	106438	P1-74-23	0	-
1931	236.065104	236.153646	A#6	96	80	0	0	106498	P1-74-24	0	-
1932	236.164062	236.299479	A#5	90	80	0	0	106558	P1-75-1	0	-
1933	236.165365	236.389323	B#3	67	80	0	0	106558	P1-75-27	0	-
1934	236.169271	236.449219	B#2	70	80	0	0	106558	P1-75-25	0	-
1935	236.175781	236.569010	E3	62	80	0	0	106558	P1-75-26	0	-
1936	236.263021	236.371094	A#6	100	80	0	0	106618	P1-75-2	0	-
1937	236.369792	236.460938	E6	85	80	0	0	106678	P1-75-3	0	-
1938	236.455729	236.569010	A#6	93	80	0	0	106738	P1-75-4	0	-
1939	236.575521	236.959635	B3	77	80	0	0	106798	P1-75-30	0	-
1940	236.578125	236.755208	B2	77	80	0	0	106798	P1-75-28	0	-
1941	236.582031	236.694010	B5	85	80	0	0	106798	P1-75-5	0	-
1942	236.583333	236.846354	E3	67	80	0	0	106798	P1-75-29	0	-
1943	236.690104	236.787760	B6	95	80	0	0	106858	P1-75-6	0	-
1944	236.785156	236.906250	E6	87	80	0	0	106918	P1-75-7	0	-
1945	236.895833	236.986979	B6	102	80	0	0	106978	P1-75-8	0	-
1946	236.998698	237.179688	B5	84	80	0	0	107038	P1-75-9	0	-
1947	237.014323	237.229167	A3	69	80	0	0	107038	P1-75-33	0	-
1948	237.015625	237.218750	A2	69	80	0	0	107038	P1-75-31	0	-
1949	237.015625	237.348958	E3	66	80	0	0	107038	P1-75-32	0	-
1950	237.114583	237.218750	B6	99	80	0	0	107098	P1-75-10	0	-
1951	237.214844	237.343750	E6	88	80	0	0	107158	P1-75-11	0	-
1952	237.330729	237.433594	B6	103	80	0	0	107218	P1-75-12	0	-
1953	237.447917	237.598958	B#5	87	80	0	0	107278	P1-75-13	0	-
1954	237.464844	237.639323	G#3	67	80	0	0	107278	P1-75-36	0	-
1955	237.472656	237.609375	G#2	64	80	0	0	107278	P1-75-34	0	-
1956	237.484375	237.649740	E3	55	80	0	0	107278	P1-75-35	0	-
1957	237.562500	237.684896	B#6	100	80	0	0	107338	P1-75-14	0	-
1958	237.673177	237.800781	E6	91	80	0	0	107398	P1-75-15	0	-
1959	237.786458	237.908854	B#6	96	80	0	0	107458	P1-75-16	0	-
1960	237.957031	238.369792	G#3	64	80	0	0	107518	P1-75-37	0	-
1961	237.970052	238.259115	D5	69	80	0	0	107518	P1-75-17	0	-
1962	237.984375	239.319010	E4	48	80	0	0	107518	P1-75-38	0	-
1963	238.024740	238.188802	B#4	56	80	0	0	107518	P1-75-17	0	-
1964	238.140625	238.199219	B#5	56	80	0	0	107578	P1-75-18	0	-
1965	238.214844	238.326823	E5	68	80	0	0	107638	P1-75-19	0	-
1966	238.330729	238.464844	B#5	81	80	0	0	107698	P1-75-20	0	-
1967	238.483073	239.419271	A4	55	80	0	0	107758	P1-75-42	0	-
1968	238.484375	239.218750	C#5	71	80	0	0	107758	P1-75-21	0	-
1969	238.484375	239.509115	A3	50	80	0	0	107758	P1-75-40	0	-
1970	238.606771	238.752604	C#6	78	80	0	0	107818	P1-75-22	0	-
1971	238.746094	239.199219	E5	64	80	0	0	107878	P1-75-23	0	-
1972	238.891927	239.279948	C#6	83	80	0	0	107938	P1-75-24	0	-
1973	239.294271	239.949219	C#6	83	80	0	0	107998	P1-76-1	0	-
1974	239.662760	240.459635	A4	48	80	0	0	108118	P1-76-8	0	-
1975	239.944010	240.549479	A3	39	80	0	0	108238	P1-76-9	0	-
1976	240.154948	240.799479	C#5	57	80	0	0	108358	P1-76-2	0	-
1977	240.424479	241.569010	B5	81	80	0	0	108478	P1-76-3	0	-
1978	240.677083	241.218750	G#4	51	80	0	0	108598	P1-76-11	0	-
1979	240.929688	241.359375	G#3	49	80	0	0	108718	P1-76-12	0	-
1980	241.147135	241.549479	B4	50	80	0	0	108838	P1-76-4	0	-
1981	241.427083	242.319010	A5	79	80	0	0	108958	P1-76-5	0	-
1982	241.680990	242.468750	F#4	45	80	0	0	109078	P1-76-14	0	-
1983	241.944010	242.709635	F#3	36	80	0	0	109198	P1-76-15	0	-
1984	242.179688	242.569010	A#5	83	80	0	0	109318	P1-76-6	0	-
1985	242.493490	243.639323	B5	79	80	0	0	109438	P1-77-1	0	-
1986	242.735677	243.339844	G#4	51	80	0	0	109558	P1-77-10	0	-
1987	242.983073	244.049479	G#3	43	80	0	0	109678	P1-77-11	0	-
1988	243.229167	244.199219	B4	59	80	0	0	109798	P1-77-2	0	-
1989	243.501302	245.019531	A5	74	80	0	0	109918	P1-77-3	0	-
1990	243.765625	244.559896	F#4	42	80	0	0	110038	P1-77-13	0	-
1991	244.078125	244.878906	F#3	37	80	0	0	110158	P1-77-14	0	-
1992	244.382812	244.709635	A4	47	80	0	0	110278	P1-77-4	0	-
1993	244.828125	245.729167	G#5	73	80	0	0	110398	P1-77-6	0	-
1994	244.864583	245.429688	G#4	54	80	0	0	110398	P1-77-5	0	-
1995	244.872396	245.759115	E#3	38	80	0	0	110398	P1-77-15	0	-
1996	245.661458	246.369792	G5	63	80	0	0	110638	P1-77-8	0	-
1997	245.694010	246.399740	G4	34	80	0	0	110638	P1-77-7	0	-
1998	245.705729	246.699219	E3	25	80	0	0	110638	P1-77-17	0	-
1999	247.115885	249.628906	G5	49	80	0	0	110878	P1-78-2	0	-
2000	247.144531	248.739583	G4	34	80	0	0	110878	P1-78-1	0	-
2001	247.149740	249.029948	Eb3	32	80	0	0	110878	P1-78-13	0	-
2002	249.553385	250.359375	Ab5	57	80	0	0	111598	P1-78-4	0	-
2003	249.572917	249.966146	Ab4	45	80	0	0	111598	P1-78-3	0	-
2004	249.608073	250.029948	F3	32	80	0	0	111598	P1-78-15	0	-
2005	250.273438	250.809896	Bb5	70	80	0	0	111838	P1-78-6	0	-
2006	250.313802	250.549479	Bb4	48	80	0	0	111838	P1-78-5	0	-
2007	250.334635	250.709635	G3	33	80	0	0	111838	P1-78-17	0	-
2008	250.726562	251.158854	C6	75	80	0	0	111958	P1-78-8	0	-
2009	250.740885	251.169271	Ab4	57	80	0	0	111958	P1-78-20	0	-
2010	250.747396	251.029948	C5	62	80	0	0	111958	P1-78-7	0	-
2011	250.755208	251.161458	Ab3	53	80	0	0	111958	P1-78-19	0	-
2012	251.114583	251.628906	Db6	87	80	0	0	112078	P1-78-10	0	-
2013	251.144531	251.479167	Db5	63	80	0	0	112078	P1-78-9	0	-
2014	251.147135	251.653646	Bb3	55	80	0	0	112078	P1-78-21	0	-
2015	251.572917	252.489583	Eb6	87	80	0	0	112198	P1-78-12	0	-
2016	251.583333	252.089844	Eb5	71	80	0	0	112198	P1-78-11	0	-
2017	251.615885	251.898438	C4	55	80	0	0	112198	P1-78-23	0	-
2018	252.433594	253.139323	F6	78	80	0	0	112318	P1-79-1	0	-
2019	252.785156	253.500000	Db5	54	80	0	0	112438	P1-79-8	0	-
2020	253.070312	253.750000	Db4	37	80	0	0	112558	P1-79-9	0	-
2021	253.294271	253.819010	F5	62	80	0	0	112678	P1-79-2	0	-
2022	253.555990	254.789062	Eb6	82	80	0	0	112798	P1-79-3	0	-
2023	253.813802	254.449219	C5	56	80	0	0	112918	P1-79-11	0	-
2024	254.065104	254.549479	C4	33	80	0	0	113038	P1-79-12	0	-
2025	254.279948	254.979167	Eb5	56	80	0	0	113158	P1-79-4	0	-
2026	254.533854	255.688802	Db6	81	80	0	0	113278	P1-79-5	0	-
2027	254.774740	255.408854	Bb4	44	80	0	0	113398	P1-79-14	0	-
2028	255.024740	255.509115	Bb3	43	80	0	0	113518	P1-79-15	0	-
2029	255.234375	255.709635	D6	82	80	0	0	113638	P1-79-6	0	-
2030	255.523438	256.949219	Eb6	74	80	0	0	113758	P1-80-1	0	-
2031	255.753906	256.218750	C5	39	80	0	0	113878	P1-80-10	0	-
2032	256.011719	256.649740	C4	28	80	0	0	113998	P1-80-11	0	-
2033	256.201823	256.979167	Eb5	58	80	0	0	114118	P1-80-2	0	-
2034	256.481771	257.750000	Db6	78	80	0	0	114238	P1-80-3	0	-
2035	256.675781	257.299479	Bb4	50	80	0	0	114358	P1-80-13	0	-
2036	256.967448	257.591146	Bb3	48	80	0	0	114478	P1-80-14	0	-
2037	257.234375	257.669271	Db5	45	80	0	0	114598	P1-80-4	0	-
2038	257.536458	257.878906	C6	67	80	0	0	114718	P1-80-5	0	-
2039	257.580729	258.139323	Ab4	37	80	0	0	114718	P1-80-15	0	-
2040	257.839844	258.218750	C5	58	80	0	0	114838	P1-80-6	0	-
2041	257.858073	258.209635	Ab3	45	80	0	0	114838	P1-80-16	0	-
2042	258.110677	258.529948	Db5	69	80	0	0	114958	P1-80-7	0	-
2043	258.127604	258.468750	Bb3	52	80	0	0	114958	P1-80-17	0	-
2044	258.375000	258.769531	Eb5	77	80	0	0	115078	P1-80-8	0	-
2045	258.382812	258.658854	C4	50	80	0	0	115078	P1-80-18	0	-
2046	258.644531	259.069010	G5	78	80	0	0	115198	P1-81-1	0	-
2047	258.656250	258.938802	Eb4	39	80	0	0	115198	P1-81-13	0	-
2048	258.884115	259.153646	E5	65	80	0	0	115318	P1-81-2	0	-
2049	258.904948	259.166667	C4	45	80	0	0	115318	P1-81-14	0	-
2050	259.154948	259.389323	F5	66	80	0	0	115438	P1-81-3	0	-
2051	259.174479	259.628906	Db4	38	80	0	0	115438	P1-81-15	0	-
2052	259.389323	259.709635	F4	48	80	0	0	115558	P1-81-4	0	-
2053	259.399740	259.628906	Db3	49	80	0	0	115558	P1-81-16	0	-
2054	259.611979	259.888021	F5	67	80	0	0	115678	P1-81-5	0	-
2055	259.638021	259.854167	Db4	43	80	0	0	115678	P1-81-17	0	-
2056	259.638021	259.859375	C#3	47	80	0	0	115678	P1-81-17	0	-
2057	259.854167	260.118490	D5	70	80	0	0	115798	P1-81-6	0	-
2058	259.856771	260.113281	Cb4	53	80	0	0	115798	P1-81-18	0	-
2059	260.106771	260.338542	Eb5	69	80	0	0	115918	P1-81-7	0	-
2060	260.111979	260.429688	C4	45	80	0	0	115918	P1-81-19	0	-
2061	260.348958	260.709635	Eb4	49	80	0	0	116038	P1-81-8	0	-
2062	260.354167	260.639323	C3	45	80	0	0	116038	P1-81-20	0	-
2063	260.579427	260.989583	Eb5	58	80	0	0	116158	P1-81-9	0	-
2064	260.595052	261.072917	C4	43	80	0	0	116158	P1-81-21	0	-
2065	260.821615	261.128906	C5	56	80	0	0	116278	P1-81-10	0	-
2066	260.846354	261.119792	A3	46	80	0	0	116278	P1-81-22	0	-
2067	261.066406	261.628906	Db5	60	80	0	0	116398	P1-81-11	0	-
2068	261.072917	261.399740	Bb3	52	80	0	0	116398	P1-81-23	0	-
2069	261.294271	261.509115	Db4	56	80	0	0	116518	P1-81-12	0	-
2070	261.355469	261.579427	Bb2	46	80	0	0	116518	P1-81-24	0	-
2071	261.552083	261.863281	F5	68	80	0	0	116638	P1-82-5	0	-
2072	261.580729	261.854167	Db4	43	80	0	0	116638	P1-82-19	0	-
2073	261.813802	262.104167	Cb4	50	80	0	0	116758	P1-82-20	0	-
2074	261.815104	262.118490	D5	68	80	0	0	116758	P1-82-6	0	-
2075	262.080729	262.419271	Eb5	61	80	0	0	116878	P1-82-7	0	-
2076	262.084635	262.317708	C4	46	80	0	0	116878	P1-82-21	0	-
2077	262.317708	262.608073	Eb4	43	80	0	0	116998	P1-82-8	0	-
2078	262.341146	262.628906	C3	36	80	0	0	116998	P1-82-22	0	-
2079	262.572917	262.848958	Eb5	56	80	0	0	117118	P1-82-9	0	-
2080	262.602865	262.959635	C4	38	80	0	0	117118	P1-82-23	0	-
2081	262.843750	263.179688	C5	58	80	0	0	117238	P1-82-10	0	-
2082	262.846354	263.139323	A3	49	80	0	0	117238	P1-82-24	0	-
2083	263.102865	263.441406	Bb3	53	80	0	0	117358	P1-82-25	0	-
2084	263.105469	263.699219	Db5	51	80	0	0	117358	P1-82-11	0	-
2085	263.402344	263.569010	Db4	41	80	0	0	117478	P1-82-12	0	-
2086	263.429688	263.789062	Bb2	39	80	0	0	117478	P1-82-26	0	-
2087	263.805990	264.194010	C5	66	80	0	0	117598	P1-82-3	0	-
2088	263.854167	264.186198	Eb4	36	80	0	0	117598	P1-82-13	0	-
2089	263.860677	264.229167	Ab3	41	80	0	0	117598	P1-82-28	0	-
2090	263.861979	264.269531	C3	38	80	0	0	117598	P1-82-27	0	-
2091	264.166667	264.511719	Bb4	63	80	0	0	117718	P1-82-15	0	-
2092	264.192708	264.493490	G3	42	80	0	0	117718	P1-82-30	0	-
2093	264.197917	264.359375	Db3	39	80	0	0	117718	P1-82-29	0	-
2094	264.463542	264.764323	C5	71	80	0	0	117838	P1-82-4	0	-
2095	264.485677	264.500000	C4	47	80	0	0	117838	P1-82-4	0	-
2096	264.494792	264.809896	Ab3	48	80	0	0	117838	P1-82-32	0	-
2097	264.494792	264.878906	Eb4	47	80	0	0	117838	P1-82-16	0	-
2098	264.494792	264.878906	C3	43	80	0	0	117838	P1-82-31	0	-
2099	264.729167	265.141927	Bb4	70	80	0	0	117958	P1-82-18	0	-
2100	264.764323	265.179688	G3	44	80	0	0	117958	P1-82-34	0	-
2101	264.772135	264.968750	Db3	43	80	0	0	117958	P1-82-33	0	-
2102	265.104167	266.529948	C5	63	80	0	0	118078	P1-83-2	0	-
2103	265.141927	266.389323	Eb4	35	80	0	0	118078	P1-83-1	0	-
2104	265.169271	266.339844	Ab3	32	80	0	0	118078	P1-83-14	0	-
2105	265.174479	266.449219	C3	32	80	0	0	118078	P1-83-13	0	-
2106	266.343750	267.529948	Bb4	48	80	0	0	118558	P1-83-4	0	-
2107	266.389323	266.399740	C#4	28	80	0	0	118558	P1-83-3	0	-
2108	266.393229	267.089844	G3	28	80	0	0	118558	P1-83-16	0	-
2109	266.394531	267.029948	Eb4	28	80	0	0	118558	P1-83-3	0	-
2110	266.397135	267.229167	Db3	30	80	0	0	118558	P1-83-15	0	-
2111	267.480469	267.884115	Eb5	63	80	0	0	119038	P1-83-6	0	-
2112	267.527344	267.869792	Ab3	39	80	0	0	119038	P1-83-18	0	-
2113	267.528646	268.029948	Eb4	37	80	0	0	119038	P1-83-5	0	-
2114	267.542969	267.908854	C3	36	80	0	0	119038	P1-83-17	0	-
2115	267.845052	268.140625	D5	72	80	0	0	119158	P1-83-8	0	-
2116	267.871094	268.128906	F3	49	80	0	0	119158	P1-83-20	0	-
2117	267.872396	268.119792	Ab4	59	80	0	0	119158	P1-83-7	0	-
2118	267.882812	268.000000	G#3	45	80	0	0	119158	P1-83-7	0	-
2119	267.901042	268.098958	Bb2	41	80	0	0	119158	P1-83-19	0	-
2120	268.117188	268.412760	Eb5	72	80	0	0	119278	P1-83-10	0	-
2121	268.145833	268.408854	Ab3	47	80	0	0	119278	P1-83-22	0	-
2122	268.149740	268.589844	Eb4	51	80	0	0	119278	P1-83-9	0	-
2123	268.153646	268.459635	C3	47	80	0	0	119278	P1-83-21	0	-
2124	268.388021	268.764323	D5	78	80	0	0	119398	P1-83-12	0	-
2125	268.423177	268.739583	G#3	45	80	0	0	119398	P1-83-11	0	-
2126	268.423177	268.718750	Bb2	49	80	0	0	119398	P1-83-23	0	-
2127	268.424479	268.739583	F3	46	80	0	0	119398	P1-83-24	0	-
2128	268.714844	269.609375	Eb5	74	80	0	0	119518	P1-84-8	0	-
2129	268.753906	269.459635	Ab3	41	80	0	0	119518	P1-84-18	0	-
2130	268.753906	269.438802	Eb4	47	80	0	0	119518	P1-84-6	0	-
2131	268.759115	269.449219	C3	45	80	0	0	119518	P1-84-16	0	-
2132	268.763021	269.598958	Eb3	44	80	0	0	119518	P1-84-17	0	-
2133	269.651042	270.829427	D4	55	80	0	0	119998	P1-84-9	0	-
2134	269.755208	271.968750	Ab4	59	80	0	0	120058	P1-84-10	0	-
2135	269.872396	269.968750	Bb2	59	80	0	0	120118	P1-84-44	0	-
2136	269.876302	271.169271	F5	81	80	0	0	120118	P1-84-3	0	-
2137	269.954427	270.109375	C3	59	80	0	0	120148	P1-84-23	0	-
2138	270.036458	270.149740	Bb2	47	80	0	0	120178	P1-84-45	0	-
2139	270.122396	270.305990	C3	42	80	0	0	120208	P1-84-24	0	-
2140	270.209635	270.279948	Bb2	46	80	0	0	120238	P1-84-46	0	-
2141	270.335938	270.393229	Bb2	41	80	0	0	120298	P1-84-59	0	-
2142	270.404948	270.466146	C3	50	80	0	0	120318	P1-84-28	0	-
2143	270.494792	270.536458	Bb2	38	80	0	0	120418	P1-84-48	0	-
2144	270.554688	270.615885	C3	53	80	0	0	120478	P1-84-49	0	-
2145	270.625000	270.717448	Bb2	57	80	0	0	120508	P1-84-31	0	-
2146	270.726562	270.829427	Ab2	56	80	0	0	120538	P1-84-50	0	-
2147	270.843750	271.000000	Ab2	50	80	0	0	120598	P1-84-51	0	-
2148	270.964844	271.059896	Bb2	45	80	0	0	120628	P1-84-34	0	-
2149	271.009115	271.089844	Ab2	44	80	0	0	120658	P1-84-52	0	-
2150	271.065104	271.115885	Bb2	46	80	0	0	120688	P1-84-35	0	-
2151	271.122396	271.779948	D4	56	80	0	0	120718	P1-84-13	0	-
2152	271.173177	272.079427	Bb4	66	80	0	0	120778	P1-84-14	0	-
2153	271.216146	271.348958	Bb2	70	80	0	0	120798	P1-84-39	0	-
2154	271.226562	272.169271	F5	85	80	0	0	120838	P1-84-15	0	-
2155	271.363281	271.449219	Bb2	55	80	0	0	120898	P1-84-55	0	-
2156	271.442708	271.484375	Ab2	40	80	0	0	120988	P1-85-20	0	-
2157	271.502604	271.571615	Bb2	60	80	0	0	121018	P1-85-53	0	-
2158	271.575521	271.635417	Ab2	60	80	0	0	121048	P1-85-21	0	-
2159	271.648438	271.779948	G2	58	80	0	0	121078	P1-85-54	0	-
2160	271.723958	271.777344	Ab2	65	80	0	0	121108	P1-85-23	0	-
2161	271.789062	271.854167	G2	69	80	0	0	121138	P1-85-55	0	-
2162	271.867188	271.933594	Ab2	69	80	0	0	121168	P1-85-24	0	-
2163	271.944010	272.209635	G2	64	80	0	0	121198	P1-85-56	0	-
2164	272.014323	272.149740	Ab2	69	80	0	0	121228	P1-85-26	0	-
2165	272.088542	272.769531	Bb4	79	80	0	0	121258	P1-85-8	0	-
2166	272.143229	273.039062	G5	95	80	0	0	121318	P1-85-9	0	-
2167	272.154948	272.205729	G#2	77	80	0	0	121378	P1-85-58	0	-
2168	272.220052	272.468750	G2	63	80	0	0	121438	P1-85-59	0	-
2169	272.324219	272.471354	G#2	65	80	0	0	121468	P1-85-31	0	-
2170	272.475260	272.619792	F2	76	80	0	0	121498	P1-85-60	0	-
2171	272.566406	272.669271	G2	63	80	0	0	121528	P1-85-32	0	-
2172	272.631510	272.708333	F2	77	80	0	0	121558	P1-85-61	0	-
2173	272.713542	272.848958	G2	74	80	0	0	121588	P1-85-34	0	-
2174	272.794271	272.949219	F2	75	80	0	0	121618	P1-85-62	0	-
2175	272.854167	272.976562	G2	76	80	0	0	121648	P1-85-35	0	-
2176	272.964844	273.079427	F2	69	80	0	0	121678	P1-85-63	0	-
2177	273.006510	273.091146	Bb4	79	80	0	0	121738	P1-85-13	0	-
2178	273.063802	273.848958	Ab5	101	80	0	0	121798	P1-85-14	0	-
2179	273.087240	273.188802	F2	71	80	0	0	121858	P1-85-65	0	-
2180	273.122396	273.183594	G2	64	80	0	0	121918	P1-85-66	0	-
2181	273.195312	273.339844	F2	72	80	0	0	121948	P1-85-42	0	-
2182	273.273438	273.341146	G2	74	80	0	0	121948	P1-85-42	0	-
2183	273.351562	273.489583	F2	67	80	0	0	121948	P1-85-42	0	-
2184	273.433594	273.549479	Eb2	76	80	0	0	121978	P1-85-67	0	-
2185	273.500000	273.554688	F2	61	80	0	0	122008	P1-85-43	0	-
2186	273.554688	273.669271	Eb2	71	80	0	0	122038	P1-85-68	0	-
2187	273.631510	273.750000	F2	83	80	0	0	122068	P1-85-45	0	-
2188	273.683594	273.789062	Eb2	72	80	0	0	122098	P1-85-69	0	-
2189	273.763021	273.899740	F2	74	80	0	0	122128	P1-85-46	0	-
2190	273.824219	273.968750	Eb2	73	80	0	0	122158	P1-85-70	0	-
2191	273.843750	273.929688	G4	73	80	0	0	122158	P1-85-17	0	-
2192	273.908854	274.039062	F2	79	80	0	0	122188	P1-85-48	0	-
2193	273.914062	274.239583	Bb4	81	80	0	0	122218	P1-85-18	0	-
2194	273.976562	274.829427	Bb5	102	80	0	0	122218	P1-85-18	0	-
2195	273.984375	274.049479	Eb2	81	80	0	0	122218	P1-85-81	0	-
2196	274.045573	274.188802	F2	65	80	0	0	122238	P1-85-50	0	-
2197	274.135417	274.289062	Eb2	73	80	0	0	122338	P1-85-72	0	-
2198	274.197917	274.269531	F2	73	80	0	0	122398	P1-86-40	0	-
2199	274.276042	274.429688	F2	68	80	0	0	122428	P1-86-10	0	-
2200	274.333333	274.468750	Db2	83	80	0	0	122458	P1-86-41	0	-
2201	274.477865	274.598958	Db2	80	80	0	0	122518	P1-86-42	0	-
2202	274.550781	274.669271	Eb2	78	80	0	0	122548	P1-86-13	0	-
2203	274.613281	274.750000	Db2	83	80	0	0	122578	P1-86-43	0	-
2204	274.680990	274.869792	Eb2	85	80	0	0	122608	P1-86-14	0	-
2205	274.755208	274.878906	Db2	83	80	0	0	122638	P1-86-44	0	-
2206	274.804688	275.069010	C6	100	80	0	0	122638	P1-86-5	0	-
2207	274.888021	275.029948	Db2	74	80	0	0	122698	P1-86-45	0	-
2208	274.981771	275.139323	Eb2	82	80	0	0	122728	P1-86-17	0	-
2209	275.036458	275.188802	Db2	84	80	0	0	122758	P1-86-46	0	-
2210	275.151042	275.279948	Eb2	71	80	0	0	122788	P1-86-19	0	-
2211	275.235677	275.348958	Db2	75	80	0	0	122818	P1-86-47	0	-
2212	275.250000	275.669271	Db6	108	80	0	0	122878	P1-86-6	0	-
2213	275.285156	275.509115	Eb2	65	80	0	0	122908	P1-86-22	0	-
2214	275.355469	275.479167	Db2	70	80	0	0	122938	P1-86-49	0	-
2215	275.484375	275.619792	Db2	74	80	0	0	122998	P1-86-50	0	-
2216	275.565104	275.688802	Eb2	74	80	0	0	123028	P1-86-25	0	-
2217	275.634115	275.769531	Db2	76	80	0	0	123058	P1-86-51	0	-
2218	275.695312	276.139323	D6	107	80	0	0	123118	P1-86-7	0	-
2219	275.703125	275.839844	Eb2	75	80	0	0	123148	P1-86-28	0	-
2220	275.774740	275.908854	Db2	68	80	0	0	123178	P1-86-53	0	-
2221	275.852865	275.989583	Eb2	78	80	0	0	123208	P1-86-29	0	-
2222	275.921875	276.079427	Db2	74	80	0	0	123238	P1-86-54	0	-
2223	276.002604	276.139323	Eb2	78	80	0	0	123268	P1-86-31	0	-
2224	276.147135	276.239583	Eb2	78	80	0	0	123268	P1-86-31	0	-
2225	276.203125	276.359375	Db2	71	80	0	0	123298	P1-86-55	0	-
2226	276.246094	276.509115	Eb2	69	80	0	0	123328	P1-86-32	0	-
2227	276.248698	277.429688	Eb6	106	80	0	0	123358	P1-86-8	0	-
2228	276.368490	276.507812	Db2	72	80	0	0	123358	P1-86-33	0	-
2229	276.526042	276.769531	C2	79	80	0	0	123478	P1-86-34	0	-
2230	276.652344	276.747396	Db2	73	80	0	0	123538	P1-86-35	0	-
2231	276.653646	276.658854	C#3	74	80	0	0	123538	P1-86-35	0	-
2232	276.746094	276.847656	Eb2	85	80	0	0	123598	P1-86-36	0	-
2233	276.852865	277.000000	Db2	82	80	0	0	123658	P1-86-37	0	-
2234	276.950521	277.109375	C2	79	80	0	0	123718	P1-86-38	0	-
2235	277.055990	277.209635	Bb1	86	80	0	0	123778	P1-86-39	0	-
2236	277.184896	277.369792	Ab1	91	80	0	0	123838	P1-87-11	0	-
2237	277.515625	277.647135	C3	73	80	0	0	123958	P1-87-13	0	-
2238	277.515625	277.645833	Ab2	71	80	0	0	123958	P1-87-12	0	-
2239	277.755208	278.569010	C4	92	80	0	0	124078	P1-87-3	0	-
2240	277.764323	277.915365	Ab2	69	80	0	0	124078	P1-87-14	0	-
2241	277.770833	277.914062	C3	72	80	0	0	124078	P1-87-15	0	-
2242	278.011719	278.179688	C3	68	80	0	0	124198	P1-87-18	0	-
2243	278.013021	278.126302	Ab2	67	80	0	0	124198	P1-87-17	0	-
2244	278.227865	278.322917	C3	69	80	0	0	124318	P1-87-21	0	-
2245	278.230469	278.337240	Ab2	64	80	0	0	124318	P1-87-20	0	-
2246	278.451823	278.545573	C3	74	80	0	0	124438	P1-87-24	0	-
2247	278.453125	278.544271	F2	74	80	0	0	124438	P1-87-22	0	-
2248	278.454427	278.553385	Ab2	71	80	0	0	124438	P1-87-23	0	-
2249	278.660156	278.779948	F2	66	80	0	0	124558	P1-87-25	0	-
2250	278.661458	278.736979	C3	65	80	0	0	124558	P1-87-27	0	-
2251	278.662760	278.743490	Ab2	64	80	0	0	124558	P1-87-26	0	-
2252	278.876302	279.188802	C4	82	80	0	0	124678	P1-87-6	0	-
2253	278.884115	279.109375	C3	71	80	0	0	124678	P1-87-30	0	-
2254	278.891927	279.109375	Ab2	67	80	0	0	124678	P1-87-29	0	-
2255	278.893229	279.109375	Eb2	69	80	0	0	124678	P1-87-28	0	-
2256	279.092448	279.214844	Db4	82	80	0	0	124798	P1-87-7	0	-
2257	279.114583	279.223958	Ab2	63	80	0	0	124798	P1-87-32	0	-
2258	279.117188	279.399740	Eb2	64	80	0	0	124798	P1-87-31	0	-
2259	279.117188	279.213542	C3	64	80	0	0	124798	P1-87-33	0	-
2260	279.313802	279.579427	Eb4	90	80	0	0	124918	P1-87-8	0	-
2261	279.332031	279.519531	C3	72	80	0	0	124918	P1-87-36	0	-
2262	279.334635	279.519531	Ab2	62	80	0	0	124918	P1-87-35	0	-
2263	279.522135	279.789062	F4	88	80	0	0	125038	P1-87-9	0	-
2264	279.527344	279.759115	Ab2	63	80	0	0	125038	P1-87-38	0	-
2265	279.532552	279.638021	C3	62	80	0	0	125038	P1-87-39	0	-
2266	279.744792	280.016927	G4	94	80	0	0	125158	P1-87-10	0	-
2267	279.770833	279.979167	Ab2	64	80	0	0	125158	P1-87-41	0	-
2268	279.772135	279.876302	C3	69	80	0	0	125158	P1-87-42	0	-
2269	279.778646	279.789062	C2	66	80	0	0	125158	P1-87-40	0	-
2270	279.981771	280.269531	C2	65	80	0	0	125278	P1-88-10	0	-
2271	279.983073	280.559896	Ab4	90	80	0	0	125278	P1-88-1	0	-
2272	279.984375	280.114583	C3	61	80	0	0	125398	P1-88-12	0	-
2273	279.985677	280.179688	Ab2	59	80	0	0	125398	P1-88-11	0	-
2274	280.253906	280.393229	Ab2	63	80	0	0	125398	P1-88-11	0	-
2275	280.253906	280.394531	C3	65	80	0	0	125398	P1-88-12	0	-
2276	280.484375	281.289062	Eb4	79	80	0	0	125518	P1-88-2	0	-
2277	280.500000	280.615885	C3	67	80	0	0	125518	P1-88-14	0	-
2278	280.502604	280.619792	Ab2	64	80	0	0	125518	P1-88-13	0	-
2279	280.705729	280.820312	C3	77	80	0	0	125638	P1-88-17	0	-
2280	280.710938	281.079427	G2	76	80	0	0	125638	P1-88-15	0	-
2281	280.710938	280.825521	Ab2	70	80	0	0	125638	P1-88-16	0	-
2282	280.920573	281.028646	Ab2	70	80	0	0	125758	P1-88-19	0	-
2283	280.921875	281.024740	C3	70	80	0	0	125758	P1-88-20	0	-
2284	281.127604	281.235677	C3	68	80	0	0	125878	P1-88-23	0	-
2285	281.130208	281.250000	Ab2	63	80	0	0	125878	P1-88-22	0	-
2286	281.131510	281.329427	F2	74	80	0	0	125878	P1-88-21	0	-
2287	281.339844	281.442708	C3	75	80	0	0	125998	P1-88-26	0	-
2288	281.342448	281.449219	Ab2	72	80	0	0	125998	P1-88-25	0	-
2289	281.343750	281.434896	F2	76	80	0	0	125998	P1-88-24	0	-
2290	281.541667	281.809896	G4	89	80	0	0	126118	P1-88-5	0	-
2291	281.553385	281.669271	G3	78	80	0	0	126118	P1-88-5	0	-
2292	281.554688	281.769531	Eb2	70	80	0	0	126118	P1-88-27	0	-
2293	281.554688	281.661458	C3	72	80	0	0	126118	P1-88-29	0	-
2294	281.555990	281.769531	Ab2	72	80	0	0	126118	P1-88-28	0	-
2295	281.760417	282.009115	Ab4	89	80	0	0	126238	P1-88-6	0	-
2296	281.774740	281.875000	C3	65	80	0	0	126238	P1-88-32	0	-
2297	281.776042	281.882812	Ab2	64	80	0	0	126238	P1-88-31	0	-
2298	281.781250	282.098958	Eb2	65	80	0	0	126238	P1-88-30	0	-
2299	281.782552	281.979167	Eb3	68	80	0	0	126238	P1-88-30	0	-
2300	281.984375	282.210938	Bb4	90	80	0	0	126358	P1-88-7	0	-
2301	281.996094	282.199219	Ab2	72	80	0	0	126358	P1-88-34	0	-
2302	281.997396	282.128906	C2	79	80	0	0	126358	P1-88-33	0	-
2303	281.997396	282.108073	C3	77	80	0	0	126358	P1-88-35	0	-
2304	282.186198	282.449219	C5	86	80	0	0	126478	P1-88-8	0	-
2305	282.204427	282.313802	C3	76	80	0	0	126478	P1-88-38	0	-
2306	282.209635	282.389323	C2	79	80	0	0	126478	P1-88-36	0	-
2307	282.213542	282.378906	Ab2	71	80	0	0	126478	P1-88-37	0	-
2308	282.401042	282.699219	Db5	94	80	0	0	126598	P1-88-9	0	-
2309	282.410156	282.419271	Eb2	76	80	0	0	126598	P1-88-39	0	-
2310	282.424479	282.669271	C3	74	80	0	0	126598	P1-88-41	0	-
2311	282.427083	282.669271	Ab2	74	80	0	0	126598	P1-88-40	0	-
2312	282.432292	282.589844	C2	74	80	0	0	126598	P1-88-39	0	-
2313	282.653646	283.119792	Eb5	92	80	0	0	126718	P1-89-1	0	-
2314	282.679688	282.795573	C3	54	80	0	0	126838	P1-89-12	0	-
2315	282.682292	282.789062	Ab2	53	80	0	0	126838	P1-89-11	0	-
2316	282.682292	282.829427	C2	57	80	0	0	126838	P1-89-12	0	-
2317	282.894531	283.098958	C3	62	80	0	0	126838	P1-89-12	0	-
2318	282.894531	283.003906	Ab2	64	80	0	0	126838	P1-89-11	0	-
2319	283.104167	283.559896	Ab4	80	80	0	0	126958	P1-89-2	0	-
2320	283.106771	283.214844	C3	74	80	0	0	126958	P1-89-14	0	-
2321	283.109375	283.309896	Ab2	72	80	0	0	126958	P1-89-13	0	-
2322	283.317708	283.529948	G2	74	80	0	0	127078	P1-89-15	0	-
2323	283.320312	283.489583	Ab2	71	80	0	0	127078	P1-89-16	0	-
2324	283.322917	283.438802	C3	71	80	0	0	127078	P1-89-17	0	-
2325	283.540365	283.688802	Ab2	68	80	0	0	127198	P1-89-19	0	-
2326	283.542969	283.654948	C3	65	80	0	0	127198	P1-89-20	0	-
2327	283.544271	283.645833	G2	71	80	0	0	127198	P1-89-18	0	-
2328	283.743490	283.865885	F2	72	80	0	0	127318	P1-89-21	0	-
2329	283.744792	283.860677	C3	66	80	0	0	127318	P1-89-23	0	-
2330	283.748698	283.865885	Ab2	64	80	0	0	127318	P1-89-22	0	-
2331	283.971354	284.083333	C3	79	80	0	0	127438	P1-89-26	0	-
2332	283.972656	284.188802	Ab2	80	80	0	0	127438	P1-89-25	0	-
2333	283.972656	284.128906	F2	80	80	0	0	127438	P1-89-24	0	-
2334	284.170573	284.529948	Ab5	93	80	0	0	127558	P1-89-5	0	-
2335	284.195312	284.307292	C3	66	80	0	0	127558	P1-89-29	0	-
2336	284.195312	284.408854	Ab2	71	80	0	0	127558	P1-89-28	0	-
2337	284.201823	284.408854	Eb2	64	80	0	0	127558	P1-89-27	0	-
2338	284.408854	284.658854	Bb5	95	80	0	0	127678	P1-89-6	0	-
2339	284.416667	284.518229	C3	76	80	0	0	127678	P1-89-32	0	-
2340	284.417969	284.524740	Ab2	69	80	0	0	127678	P1-89-31	0	-
2341	284.423177	284.598958	Eb2	75	80	0	0	127678	P1-89-30	0	-
2342	284.619792	284.929688	C6	94	80	0	0	127798	P1-89-7	0	-
2343	284.641927	284.744792	C3	68	80	0	0	127798	P1-89-35	0	-
2344	284.641927	284.752604	Ab2	76	80	0	0	127798	P1-89-34	0	-
2345	284.645833	284.899740	Eb2	71	80	0	0	127798	P1-89-33	0	-
2346	284.852865	285.109375	Db6	103	80	0	0	127918	P1-89-8	0	-
2347	284.864583	284.976562	Ab2	74	80	0	0	127918	P1-89-37	0	-
2348	284.869792	284.954427	C3	71	80	0	0	127918	P1-89-38	0	-
2349	284.871094	285.019531	C#2	73	80	0	0	127918	P1-89-36	0	-
2350	285.089844	285.519531	Eb6	100	80	0	0	128038	P1-89-9	0	-
2351	285.098958	285.319010	C3	68	80	0	0	128038	P1-89-41	0	-
2352	285.104167	285.408854	Ab2	66	80	0	0	128038	P1-89-40	0	-
2353	285.105469	285.259115	C2	69	80	0	0	128038	P1-89-39	0	-
2354	285.402344	286.119792	F6	95	80	0	0	128158	P1-90-1	0	-
2355	285.416667	285.875000	Ab2	65	80	0	0	128158	P1-90-11	0	-
2356	285.423177	285.873698	Bb2	56	80	0	0	128158	P1-90-12	0	-
2357	287.444010	287.852865	Bb4	52	80	0	0	128998	P1-90-5	0	-
2358	287.471354	287.479167	F3	33	80	0	0	128998	P1-90-4	0	-
2359	287.475260	287.709635	F4	34	80	0	0	128998	P1-90-4	0	-
2360	287.475260	287.739583	Ab3	37	80	0	0	128998	P1-90-16	0	-
2361	287.486979	287.878906	D3	32	80	0	0	128998	P1-90-15	0	-
2362	287.763021	288.709635	Eb5	65	80	0	0	129118	P1-90-7	0	-
2363	287.790365	288.739583	G4	51	80	0	0	129118	P1-90-6	0	-
2364	287.792969	288.848958	G3	48	80	0	0	129118	P1-90-18	0	-
2365	287.794271	289.039062	Eb3	42	80	0	0	129118	P1-90-17	0	-
2366	288.714844	289.114583	Eb5	71	80	0	0	129478	P1-90-9	0	-
2367	288.746094	289.119792	Bb3	48	80	0	0	129478	P1-90-20	0	-
2368	288.748698	289.109375	G4	47	80	0	0	129478	P1-90-8	0	-
2369	289.054688	290.408854	D5	72	80	0	0	129598	P1-91-2	0	-
2370	289.083333	290.239583	Cb5	53	80	0	0	129598	P1-91-1	0	-
2371	289.104167	290.339844	Ab3	42	80	0	0	129598	P1-91-11	0	-
2372	289.113281	290.019531	F3	36	80	0	0	129598	P1-91-10	0	-
2373	290.183594	291.250000	Db5	63	80	0	0	130078	P1-91-4	0	-
2374	290.216146	291.069010	E4	36	80	0	0	130078	P1-91-3	0	-
2375	290.234375	291.039062	G3	31	80	0	0	130078	P1-91-12	0	-
2376	290.235677	291.059896	Bb3	32	80	0	0	130078	P1-91-13	0	-
2377	291.273438	291.346354	C5	56	80	0	0	130558	P1-91-6	0	-
2378	291.286458	291.769531	Eb4	45	80	0	0	130558	P1-91-5	0	-
2379	291.315104	291.412760	C4	42	80	0	0	130558	P1-91-15	0	-
2380	291.316406	291.404948	Ab3	46	80	0	0	130558	P1-91-14	0	-
2381	291.643229	292.500000	Ab6	73	80	0	0	130678	P1-91-7	0	-
2382	291.665365	292.408854	Ab3	42	80	0	0	130678	P1-91-16	0	-
2383	291.670573	291.929688	C4	35	80	0	0	130678	P1-91-17	0	-
2384	291.920573	292.218750	G6	84	80	0	0	130798	P1-91-8	0	-
2385	291.947917	292.188802	Db4	41	80	0	0	130798	P1-91-19	0	-
2386	291.955729	292.209635	Bb3	47	80	0	0	130798	P1-91-18	0	-
2387	292.184896	292.529948	Gb6	79	80	0	0	130918	P1-91-9	0	-
2388	292.186198	292.519531	Eb4	52	80	0	0	130918	P1-91-21	0	-
2389	292.194010	292.529948	C4	43	80	0	0	130918	P1-91-20	0	-
2390	292.484375	292.634115	F6	67	80	0	0	131038	P1-92-1	0	-
2391	292.496094	293.149740	Db4	37	80	0	0	131038	P1-92-21	0	-
2392	292.501302	292.968750	F4	41	80	0	0	131038	P1-92-22	0	-
2393	292.623698	292.792969	Eb6	71	80	0	0	131098	P1-92-2	0	-
2394	292.755208	292.854167	Db6	69	80	0	0	131158	P1-92-3	0	-
2395	292.860677	292.972656	C6	72	80	0	0	131218	P1-92-4	0	-
2396	292.971354	293.084635	Cb6	72	80	0	0	131278	P1-92-5	0	-
2397	293.082031	293.182292	Bb5	79	80	0	0	131338	P1-92-6	0	-
2398	293.180990	293.312500	A5	78	80	0	0	131398	P1-92-7	0	-
2399	293.303385	293.423177	Ab5	76	80	0	0	131458	P1-92-8	0	-
2400	293.414062	293.528646	G5	75	80	0	0	131518	P1-92-9	0	-
2401	293.533854	293.653646	Gb5	72	80	0	0	131578	P1-92-10	0	-
2402	293.654948	293.817708	F5	67	80	0	0	131638	P1-92-11	0	-
2403	293.792969	293.944010	E5	62	80	0	0	131698	P1-92-12	0	-
2404	293.938802	294.199219	Eb5	60	80	0	0	131758	P1-92-13	0	-
2405	293.970052	294.269531	Ab3	47	80	0	0	131758	P1-92-26	0	-
2406	294.015625	294.399740	Db3	45	80	0	0	131758	P1-92-24	0	-
2407	294.016927	294.218750	F3	39	80	0	0	131758	P1-92-25	0	-
2408	294.093750	294.175781	Db5	62	80	0	0	131818	P1-92-14	0	-
2409	294.272135	294.412760	C5	57	80	0	0	131878	P1-92-15	0	-
2410	294.313802	294.789062	Ab3	40	80	0	0	131878	P1-92-29	0	-
2411	294.330729	294.500000	D3	42	80	0	0	131878	P1-92-27	0	-
2412	294.333333	294.799479	F3	48	80	0	0	131878	P1-92-28	0	-
2413	294.428385	296.119792	Bb4	55	80	0	0	131938	P1-92-16	0	-
2414	294.730469	295.539062	Eb5	64	80	0	0	131998	P1-92-18	0	-
2415	294.778646	295.519531	Eb3	32	80	0	0	131998	P1-92-30	0	-
2416	294.782552	295.869792	G3	32	80	0	0	131998	P1-92-31	0	-
2417	295.735677	296.029948	Eb5	65	80	0	0	132358	P1-92-20	0	-
2418	295.773438	296.229167	Bb3	45	80	0	0	132358	P1-92-33	0	-
2419	295.774740	296.239583	G4	40	80	0	0	132358	P1-92-19	0	-
2420	295.782552	296.289062	Eb3	39	80	0	0	132358	P1-92-32	0	-
2421	296.162760	296.898438	Eb5	69	80	0	0	132478	P1-93-1	0	-
2422	296.208333	296.906250	C4	38	80	0	0	132478	P1-93-21	0	-
2423	296.220052	297.500000	Ab3	40	80	0	0	132478	P1-93-24	0	-
2424	296.826823	297.204427	F5	62	80	0	0	132718	P1-93-6	0	-
2425	296.861979	297.259115	Db4	36	80	0	0	132718	P1-93-26	0	-
2426	297.144531	297.485677	Eb5	64	80	0	0	132838	P1-93-8	0	-
2427	297.179688	297.819010	C4	44	80	0	0	132838	P1-93-28	0	-
2428	297.424479	297.723958	Db5	71	80	0	0	132958	P1-93-10	0	-
2429	297.460938	297.747396	Bb3	52	80	0	0	132958	P1-93-30	0	-
2430	297.694010	297.973958	C5	68	80	0	0	133078	P1-93-12	0	-
2431	297.697917	297.993490	Ab3	55	80	0	0	133078	P1-93-31	0	-
2432	297.951823	298.639323	Bb4	64	80	0	0	133198	P1-93-14	0	-
2433	297.983073	298.263021	G3	52	80	0	0	133198	P1-93-32	0	-
2434	298.233073	298.591146	C5	67	80	0	0	133318	P1-93-16	0	-
2435	298.243490	298.638021	Ab3	53	80	0	0	133318	P1-93-33	0	-
2436	298.546875	299.619792	Db5	64	80	0	0	133438	P1-93-3	0	-
2437	298.613281	299.389323	Bb3	41	80	0	0	133438	P1-93-35	0	-
2438	298.622396	299.809896	Eb3	35	80	0	0	133438	P1-93-34	0	-
2439	298.867188	299.500000	F4	38	80	0	0	133558	P1-93-18	0	-
2440	299.128906	300.039062	Ab4	48	80	0	0	133678	P1-93-19	0	-
2441	299.414062	299.779948	G4	49	80	0	0	133798	P1-93-20	0	-
2442	299.742188	301.029948	C5	62	80	0	0	133918	P1-94-5	0	-
2443	299.766927	300.839844	Ab3	43	80	0	0	133918	P1-94-20	0	-
2444	299.774740	300.968750	Ab2	41	80	0	0	133918	P1-94-23	0	-
2445	300.095052	300.468750	Eb4	39	80	0	0	134038	P1-94-6	0	-
2446	300.113281	300.449219	C3	39	80	0	0	134038	P1-94-25	0	-
2447	300.404948	300.878906	F4	46	80	0	0	134158	P1-94-7	0	-
2448	300.419271	300.750000	Db3	41	80	0	0	134158	P1-94-27	0	-
2449	300.674479	301.519531	Eb4	50	80	0	0	134278	P1-94-8	0	-
2450	300.712240	301.539062	C3	38	80	0	0	134278	P1-94-29	0	-
2451	300.967448	301.248698	Db4	53	80	0	0	134398	P1-94-9	0	-
2452	300.973958	301.255208	Bb2	44	80	0	0	134398	P1-94-31	0	-
2453	301.216146	301.524740	C4	55	80	0	0	134518	P1-94-10	0	-
2454	301.236979	301.531250	Ab2	38	80	0	0	134518	P1-94-32	0	-
2455	301.496094	301.859375	Bb3	56	80	0	0	134638	P1-94-11	0	-
2456	301.503906	301.989583	G2	46	80	0	0	134638	P1-94-33	0	-
2457	301.777344	302.132812	C4	52	80	0	0	134758	P1-94-12	0	-
2458	301.782552	302.135417	Ab2	41	80	0	0	134758	P1-94-34	0	-
2459	302.106771	303.179688	Db4	47	80	0	0	134878	P1-94-13	0	-
2460	302.111979	302.559896	Ab4	58	80	0	0	134878	P1-94-3	0	-
2461	302.156250	303.098958	Bb2	28	80	0	0	134878	P1-94-36	0	-
2462	302.165365	303.419271	Eb2	25	80	0	0	134878	P1-94-35	0	-
2463	302.169271	302.309896	Eb3	27	80	0	0	134878	P1-94-35	0	-
2464	302.395833	303.029948	F4	40	80	0	0	134998	P1-94-15	0	-
2465	302.690104	303.098958	Ab4	49	80	0	0	135118	P1-94-17	0	-
2466	302.984375	303.359375	G4	44	80	0	0	135238	P1-94-19	0	-
2467	303.296875	303.649740	Bb4	49	80	0	0	135358	P1-95-1	0	-
2468	303.305990	304.209635	C4	41	80	0	0	135358	P1-95-1	0	-
2469	303.334635	304.319010	Ab1	31	80	0	0	135358	P1-95-13	0	-
2470	303.341146	304.169271	Ab2	32	80	0	0	135358	P1-95-14	0	-
2471	303.602865	304.069010	G4	43	80	0	0	135478	P1-95-2	0	-
2472	303.860677	304.143229	Bb4	47	80	0	0	135598	P1-95-3	0	-
2473	304.131510	304.449219	Ab4	46	80	0	0	135718	P1-95-4	0	-
2474	304.389323	304.679688	Db5	58	80	0	0	135838	P1-95-5	0	-
2475	304.411458	304.889323	Ab1	44	80	0	0	135838	P1-95-15	0	-
2476	304.414062	306.938802	Ab2	40	80	0	0	135838	P1-95-18	0	-
2477	304.645833	304.894531	Cb5	53	80	0	0	135958	P1-95-6	0	-
2478	304.897135	306.968750	G#1	37	80	0	0	136078	P1-95-7	0	-
2479	304.904948	305.218750	Db5	53	80	0	0	136078	P1-95-7	0	-
2480	305.152344	305.468750	C5	56	80	0	0	136198	P1-95-8	0	-
2481	305.412760	305.662760	F5	59	80	0	0	136318	P1-95-9	0	-
2482	305.635417	305.949219	D5	52	80	0	0	136438	P1-95-10	0	-
2483	305.908854	306.156250	F5	53	80	0	0	136558	P1-95-11	0	-
2484	306.145833	306.414062	Eb5	61	80	0	0	136678	P1-95-12	0	-
2485	306.401042	306.779948	Bb5	73	80	0	0	136798	P1-96-1	0	-
2486	306.636719	306.904948	G5	70	80	0	0	136918	P1-96-2	0	-
2487	306.888021	307.156250	Bb5	69	80	0	0	137038	P1-96-3	0	-
2488	307.126302	307.479167	Ab5	74	80	0	0	137158	P1-96-4	0	-
2489	307.367188	308.000000	Ab3	57	80	0	0	137278	P1-96-20	0	-
2490	307.369792	307.679688	Db6	71	80	0	0	137278	P1-96-5	0	-
2491	307.382812	307.929688	Ab2	48	80	0	0	137278	P1-96-17	0	-
2492	307.384115	308.069010	Eb3	47	80	0	0	137278	P1-96-19	0	-
2493	307.384115	307.819010	C3	43	80	0	0	137278	P1-96-18	0	-
2494	307.625000	307.904948	Cb6	71	80	0	0	137398	P1-96-6	0	-
2495	307.890625	308.408854	Db6	69	80	0	0	137518	P1-96-7	0	-
2496	308.125000	308.479167	C6	75	80	0	0	137638	P1-96-8	0	-
2497	308.380208	309.179688	Eb4	47	80	0	0	137758	P1-96-23	0	-
2498	308.391927	309.199219	C4	45	80	0	0	137758	P1-96-22	0	-
2499	308.398438	308.709635	F6	68	80	0	0	137758	P1-96-9	0	-
2500	308.424479	309.139323	Ab3	40	80	0	0	137758	P1-96-21	0	-
2501	308.635417	308.924479	D6	75	80	0	0	137878	P1-96-10	0	-
2502	308.910156	309.166667	F6	64	80	0	0	137998	P1-96-11	0	-
2503	309.157552	309.468750	Eb6	65	80	0	0	138118	P1-96-12	0	-
2504	309.464844	310.199219	D4	39	80	0	0	138238	P1-97-16	0	-
2505	309.464844	310.229167	Bb3	41	80	0	0	138238	P1-97-15	0	-
2506	309.473958	310.218750	Ab3	43	80	0	0	138238	P1-97-14	0	-
2507	309.481771	309.869792	Eb6	56	80	0	0	138238	P1-97-1	0	-
2508	309.488281	310.188802	F3	37	80	0	0	138238	P1-97-13	0	-
2509	309.768229	310.062500	C6	67	80	0	0	138358	P1-97-2	0	-
2510	310.026042	310.292969	Eb6	76	80	0	0	138478	P1-97-3	0	-
2511	310.259115	311.419271	D6	82	80	0	0	138598	P1-97-4	0	-
2512	310.522135	311.009115	C7	84	80	0	0	138718	P1-97-5	0	-
2513	310.526042	312.039062	D4	54	80	0	0	138718	P1-97-20	0	-
2514	310.532552	312.179688	Bb3	45	80	0	0	138718	P1-97-19	0	-
2515	310.535156	312.069010	Ab3	42	80	0	0	138718	P1-97-18	0	-
2516	310.540365	311.929688	F3	40	80	0	0	138718	P1-97-17	0	-
2517	310.765625	311.029948	A6	69	80	0	0	138838	P1-97-6	0	-
2518	311.015625	311.559896	C7	84	80	0	0	138958	P1-97-7	0	-
2519	311.247396	311.649740	Bb6	82	80	0	0	139078	P1-97-8	0	-
2520	311.484375	311.839844	Eb6	75	80	0	0	139198	P1-97-9	0	-
2521	311.722656	312.059896	C6	72	80	0	0	139318	P1-97-10	0	-
2522	311.964844	312.264323	Eb6	75	80	0	0	139438	P1-97-11	0	-
2523	312.221354	312.522135	D6	79	80	0	0	139558	P1-97-12	0	-
2524	312.488281	313.259115	Eb4	52	80	0	0	139678	P1-98-16	0	-
2525	312.492188	312.809896	F6	72	80	0	0	139678	P1-98-1	0	-
2526	312.494792	313.279948	Bb3	50	80	0	0	139678	P1-98-15	0	-
2527	312.506510	313.239583	Eb3	38	80	0	0	139678	P1-98-13	0	-
2528	312.515625	313.279948	G3	44	80	0	0	139678	P1-98-14	0	-
2529	312.746094	313.279948	D6	75	80	0	0	139798	P1-98-2	0	-
2530	313.014323	313.419271	F6	73	80	0	0	139918	P1-98-3	0	-
2531	313.253906	313.569010	Eb6	78	80	0	0	140038	P1-98-4	0	-
2532	313.527344	314.279948	Eb4	53	80	0	0	140158	P1-98-20	0	-
2533	313.529948	314.059896	C7	78	80	0	0	140158	P1-98-5	0	-
2534	313.535156	314.319010	Bb3	46	80	0	0	140158	P1-98-19	0	-
2535	313.541667	314.229167	Eb3	50	80	0	0	140158	P1-98-17	0	-
2536	313.561198	314.269531	G3	42	80	0	0	140158	P1-98-18	0	-
2537	313.794271	314.139323	A6	77	80	0	0	140278	P1-98-6	0	-
2538	314.071615	314.739583	C7	73	80	0	0	140398	P1-98-7	0	-
2539	314.295573	314.949219	Bb6	74	80	0	0	140518	P1-98-8	0	-
2540	314.563802	315.438802	Eb4	41	80	0	0	140638	P1-98-24	0	-
2541	314.569010	314.859375	F6	60	80	0	0	140638	P1-98-9	0	-
2542	314.575521	315.389323	Bb3	44	80	0	0	140638	P1-98-23	0	-
2543	314.575521	315.169271	Eb3	36	80	0	0	140638	P1-98-21	0	-
2544	314.592448	315.359375	G3	44	80	0	0	140638	P1-98-22	0	-
2545	314.824219	315.378906	D6	67	80	0	0	140758	P1-98-10	0	-
2546	315.113281	315.364583	F6	54	80	0	0	140878	P1-98-11	0	-
2547	315.342448	315.619792	Eb6	65	80	0	0	140998	P1-98-12	0	-
2548	315.622396	316.479167	Bb3	46	80	0	0	141118	P1-99-15	0	-
2549	315.623698	316.479167	D4	40	80	0	0	141118	P1-99-16	0	-
2550	315.626302	316.069010	Eb6	54	80	0	0	141118	P1-99-1	0	-
2551	315.627604	316.449219	Ab3	45	80	0	0	141118	P1-99-14	0	-
2552	315.635417	316.419271	F3	41	80	0	0	141118	P1-99-13	0	-
2553	315.915365	316.223958	C6	55	80	0	0	141238	P1-99-2	0	-
2554	316.197917	316.494792	Eb6	61	80	0	0	141358	P1-99-3	0	-
2555	316.453125	317.500000	D6	66	80	0	0	141478	P1-99-4	0	-
2556	316.744792	317.269531	C7	68	80	0	0	141598	P1-99-5	0	-
2557	316.755208	318.628906	Bb3	40	80	0	0	141598	P1-99-19	0	-
2558	316.755208	318.408854	D4	38	80	0	0	141598	P1-99-20	0	-
2559	316.763021	318.519531	Ab3	38	80	0	0	141598	P1-99-18	0	-
2560	316.770833	318.609375	F3	33	80	0	0	141598	P1-99-17	0	-
2561	317.014323	317.549479	A6	62	80	0	0	141718	P1-99-6	0	-
2562	317.277344	317.859375	C7	62	80	0	0	141838	P1-99-7	0	-
2563	317.544271	317.959635	Bb6	60	80	0	0	141958	P1-99-8	0	-
2564	317.824219	318.299479	Eb6	58	80	0	0	142078	P1-99-9	0	-
2565	318.087240	318.579427	C6	53	80	0	0	142198	P1-99-10	0	-
2566	318.399740	319.098958	Eb6	57	80	0	0	142318	P1-99-11	0	-
2567	318.691406	319.169271	D6	60	80	0	0	142438	P1-99-12	0	-
2568	319.014323	320.359375	Bb3	37	80	0	0	142558	P1-100-9	0	-
2569	319.019531	320.429688	Eb3	30	80	0	0	142558	P1-100-7	0	-
2570	319.022135	319.399740	F6	53	80	0	0	142558	P1-100-1	0	-
2571	319.023438	320.229167	G3	37	80	0	0	142558	P1-100-8	0	-
2572	319.341146	320.158854	D6	57	80	0	0	142678	P1-100-2	0	-
2573	319.684896	320.309896	F6	48	80	0	0	142798	P1-100-3	0	-
2574	320.109375	321.089844	Eb6	43	80	0	0	142918	P1-100-4	0	-
2575	320.992188	324.658854	F6	75	80	0	0	143038	P1-100-6	0	-
2576	321.015625	324.559896	G5	52	80	0	0	143038	P1-100-5	0	-
2577	321.032552	324.019531	Bb3	39	80	0	0	143038	P1-100-12	0	-
2578	321.046875	324.408854	Db3	28	80	0	0	143038	P1-100-11	0	-
2579	324.483073	324.878906	Ab5	55	80	0	0	144238	P1-101-3	0	-
2580	324.484375	324.899740	Eb6	59	80	0	0	144238	P1-101-4	0	-
2581	324.529948	324.807292	C3	31	80	0	0	144238	P1-101-9	0	-
2582	324.532552	325.009115	C4	32	80	0	0	144238	P1-101-10	0	-
2583	325.503906	329.098958	Eb5	53	80	0	0	144478	P1-101-6	0	-
2584	325.514323	329.039062	Ab4	43	80	0	0	144478	P1-101-5	0	-
2585	325.519531	328.468750	C4	36	80	0	0	144478	P1-101-12	0	-
2586	325.533854	328.369792	C3	32	80	0	0	144478	P1-101-11	0	-
2587	329.007812	329.549479	Db5	50	80	0	0	145678	P1-102-4	0	-
2588	329.042969	329.639323	Bb4	37	80	0	0	145678	P1-102-3	0	-
2589	329.045573	329.342448	G3	31	80	0	0	145678	P1-102-10	0	-
2590	329.059896	329.539062	E3	27	80	0	0	145678	P1-102-9	0	-
2591	329.924479	332.500000	Db5	47	80	0	0	145918	P1-102-6	0	-
2592	329.934896	332.500000	Bb4	37	80	0	0	145918	P1-102-5	0	-
2593	329.940104	332.500000	G3	28	80	0	0	145918	P1-102-12	0	-
2594	329.953125	332.500000	E3	25	80	0	0	145918	P1-102-11	0	-
2595	333.674479	334.000000	C5	47	80	0	0	147118	P1-103-4	0	-
2596	333.701823	334.269531	Ab3	36	80	0	0	147118	P1-103-10	0	-
2597	333.703125	334.019531	Ab4	37	80	0	0	147118	P1-103-3	0	-
2598	333.713542	334.289062	F3	30	80	0	0	147118	P1-103-9	0	-
2599	334.511719	336.968750	C5	39	80	0	0	147358	P1-103-6	0	-
2600	334.546875	337.089844	Ab4	26	80	0	0	147358	P1-103-5	0	-
2601	334.557292	337.209635	Ab3	20	80	0	0	147358	P1-103-12	0	-
2602	334.561198	337.199219	F3	21	80	0	0	147358	P1-103-11	0	-
2603	338.268229	338.639323	Eb5	38	80	0	0	148558	P1-104-4	0	-
2604	338.281250	338.729167	Bb3	27	80	0	0	148558	P1-104-10	0	-
2605	338.304688	338.669271	G4	24	80	0	0	148558	P1-104-3	0	-
2606	338.313802	341.109375	Eb3	24	80	0	0	148558	P1-104-9	0	-
2607	339.170573	340.779948	Eb5	32	80	0	0	148798	P1-104-6	0	-
2608	339.183594	340.500000	Bb3	25	80	0	0	148798	P1-104-12	0	-
2609	339.184896	340.569010	G4	23	80	0	0	148798	P1-104-5	0	-
2610	341.226562	341.609375	Ab4	38	80	0	0	149758	P1-105-1	0	-
2611	341.229167	341.609375	C4	30	80	0	0	149758	P1-105-23	0	-
2612	341.233073	341.819010	Ab3	38	80	0	0	149758	P1-105-22	0	-
2613	341.341146	341.430990	Eb5	50	80	0	0	149818	P1-105-2	0	-
2614	341.479167	341.639323	C5	48	80	0	0	149878	P1-105-3	0	-
2615	341.580729	341.652344	Eb5	52	80	0	0	149938	P1-105-4	0	-
2616	341.678385	341.829427	Ab5	59	80	0	0	149998	P1-105-5	0	-
2617	341.802083	341.908854	Eb5	35	80	0	0	150058	P1-105-6	0	-
2618	341.915365	342.009115	C5	41	80	0	0	150118	P1-105-7	0	-
2619	341.989583	342.128906	Eb5	57	80	0	0	150178	P1-105-8	0	-
2620	342.093750	342.319010	Ab4	47	80	0	0	150238	P1-105-9	0	-
2621	342.263021	342.308594	Eb4	25	80	0	0	150298	P1-105-10	0	-
2622	342.335938	342.468750	C4	33	80	0	0	150358	P1-105-11	0	-
2623	342.430990	342.529948	Eb4	46	80	0	0	150418	P1-105-12	0	-
2624	342.545573	342.597656	Ab3	51	80	0	0	150478	P1-105-13	0	-
2625	342.690104	342.735677	Eb3	43	80	0	0	150538	P1-105-14	0	-
2626	342.786458	342.889323	C3	35	80	0	0	150598	P1-105-15	0	-
2627	342.882812	343.029948	Eb3	43	80	0	0	150658	P1-105-16	0	-
2628	342.977865	343.044271	Ab2	44	80	0	0	150718	P1-105-17	0	-
2629	343.114583	343.329427	Eb2	43	80	0	0	150778	P1-105-18	0	-
2630	343.242188	343.339844	C2	40	80	0	0	150838	P1-105-19	0	-
2631	343.244792	343.329427	C3	37	80	0	0	150838	P1-105-19	0	-
2632	343.342448	343.406250	Eb2	31	80	0	0	150898	P1-105-20	0	-
2633	343.432292	343.515625	Ab1	51	80	0	0	150958	P1-105-26	0	-
2634	343.548177	343.628906	C3	44	80	0	0	151018	P1-105-27	0	-
2635	343.553385	343.625000	C2	45	80	0	0	151018	P1-105-27	0	-
2636	343.666667	343.789062	Eb2	40	80	0	0	151078	P1-105-28	0	-
2637	343.753906	343.811198	Ab2	48	80	0	0	151138	P1-105-29	0	-
2638	343.891927	344.218750	Bb2	58	80	0	0	151198	P1-106-27	0	-
2639	343.893229	344.109375	G2	54	80	0	0	151198	P1-106-1	0	-
2640	343.897135	344.309896	Bb1	57	80	0	0	151198	P1-106-25	0	-
2641	344.026042	344.085938	Eb3	49	80	0	0	151258	P1-106-2	0	-
2642	344.134115	344.192708	Db3	52	80	0	0	151318	P1-106-3	0	-
2643	344.235677	344.285156	Eb3	51	80	0	0	151378	P1-106-4	0	-
2644	344.355469	344.479167	G3	44	80	0	0	151438	P1-106-5	0	-
2645	344.464844	344.569010	Eb3	47	80	0	0	151498	P1-106-6	0	-
2646	344.643229	344.697917	Eb3	54	80	0	0	151618	P1-106-8	0	-
2647	344.765625	345.149740	G3	60	80	0	0	151678	P1-106-9	0	-
2648	344.785156	345.250000	Eb2	45	80	0	0	151678	P1-106-29	0	-
2649	344.785156	345.329427	Bb1	47	80	0	0	151678	P1-106-28	0	-
2650	344.786458	345.299479	Bb2	49	80	0	0	151678	P1-106-30	0	-
2651	344.876302	345.019531	Eb4	48	80	0	0	151738	P1-106-10	0	-
2652	344.985677	345.128906	Db4	49	80	0	0	151798	P1-106-11	0	-
2653	345.091146	345.188802	Eb4	43	80	0	0	151858	P1-106-12	0	-
2654	345.184896	345.246094	G4	46	80	0	0	151918	P1-106-13	0	-
2655	345.286458	345.389323	Eb4	43	80	0	0	151978	P1-106-14	0	-
2656	345.391927	345.446615	Db4	52	80	0	0	152038	P1-106-15	0	-
2657	345.497396	345.589844	Eb4	41	80	0	0	152098	P1-106-16	0	-
2658	345.602865	345.660156	G4	65	80	0	0	152158	P1-106-17	0	-
2659	345.604167	346.158854	Bb2	57	80	0	0	152158	P1-106-33	0	-
2660	345.608073	345.908854	Bb1	57	80	0	0	152158	P1-106-31	0	-
2661	345.723958	345.786458	Eb5	52	80	0	0	152218	P1-106-18	0	-
2662	345.819010	345.880208	Db5	57	80	0	0	152278	P1-106-19	0	-
2663	345.924479	345.986979	Eb5	50	80	0	0	152338	P1-106-20	0	-
2664	346.028646	346.096354	G5	52	80	0	0	152398	P1-106-21	0	-
2665	346.149740	346.196615	Eb5	45	80	0	0	152458	P1-106-22	0	-
2666	346.214844	346.265625	Db5	61	80	0	0	152518	P1-106-23	0	-
2667	346.282552	346.339844	Eb5	62	80	0	0	152578	P1-106-24	0	-
2668	346.402344	346.502604	Ab5	70	80	0	0	152638	P1-107-1	0	-
2669	346.419271	347.569010	C3	52	80	0	0	152638	P1-107-27	0	-
2670	346.425781	347.000000	Eb2	46	80	0	0	152638	P1-107-26	0	-
2671	346.507812	346.584635	Eb6	65	80	0	0	152698	P1-107-2	0	-
2672	346.595052	346.750000	C6	69	80	0	0	152758	P1-107-3	0	-
2673	346.713542	346.787760	Eb6	66	80	0	0	152818	P1-107-4	0	-
2674	346.795573	346.876302	Ab6	68	80	0	0	152878	P1-107-5	0	-
2675	346.903646	347.000000	Eb6	43	80	0	0	152938	P1-107-6	0	-
2676	346.973958	347.079427	C6	62	80	0	0	152998	P1-107-7	0	-
2677	347.057292	347.138021	Eb6	69	80	0	0	153058	P1-107-8	0	-
2678	347.162760	347.225260	Ab5	67	80	0	0	153118	P1-107-9	0	-
2679	347.276042	347.334635	Eb5	65	80	0	0	153178	P1-107-10	0	-
2680	347.377604	347.459635	C5	55	80	0	0	153238	P1-107-11	0	-
2681	347.557292	347.627604	Ab4	55	80	0	0	153358	P1-107-13	0	-
2682	347.679688	347.747396	Eb4	56	80	0	0	153418	P1-107-14	0	-
2683	347.783854	347.843750	C4	48	80	0	0	153478	P1-107-15	0	-
2684	347.897135	347.944010	Eb4	41	80	0	0	153538	P1-107-16	0	-
2685	347.977865	348.048177	Ab3	59	80	0	0	153598	P1-107-17	0	-
2686	348.100260	348.152344	Eb3	52	80	0	0	153658	P1-107-18	0	-
2687	348.194010	348.263021	C3	53	80	0	0	153718	P1-107-19	0	-
2688	348.299479	348.360677	Eb3	50	80	0	0	153778	P1-107-20	0	-
2689	348.404948	348.519531	Ab2	49	80	0	0	153838	P1-107-21	0	-
2690	348.490885	348.554688	Eb3	49	80	0	0	153898	P1-107-22	0	-
2691	348.595052	348.660156	C3	49	80	0	0	153958	P1-107-23	0	-
2692	348.688802	348.756510	Eb3	45	80	0	0	154018	P1-107-24	0	-
2693	348.781250	349.419271	G1	58	80	0	0	154078	P1-108-25	0	-
2694	348.781250	349.549479	G2	58	80	0	0	154078	P1-108-27	0	-
2695	348.782552	348.979167	Bb1	55	80	0	0	154078	P1-108-1	0	-
2696	348.785156	349.000000	Bb2	50	80	0	0	154078	P1-108-1	0	-
2697	348.996094	349.098958	Db3	54	80	0	0	154198	P1-108-3	0	-
2698	349.096354	349.153646	Eb3	47	80	0	0	154258	P1-108-4	0	-
2699	349.204427	349.273438	Bb3	55	80	0	0	154318	P1-108-5	0	-
2700	349.315104	349.367188	Eb3	53	80	0	0	154378	P1-108-6	0	-
2701	349.403646	349.473958	Db3	55	80	0	0	154438	P1-108-7	0	-
2702	349.501302	349.658854	Eb3	56	80	0	0	154498	P1-108-8	0	-
2703	349.632812	349.819010	G3	58	80	0	0	154558	P1-108-30	0	-
2704	349.632812	349.688802	Bb3	61	80	0	0	154558	P1-108-9	0	-
2705	349.734375	349.820312	Eb4	56	80	0	0	154618	P1-108-10	0	-
2706	349.845052	349.927083	Db4	50	80	0	0	154678	P1-108-11	0	-
2707	349.933594	350.002604	Eb4	65	80	0	0	154738	P1-108-12	0	-
2708	350.048177	350.119792	Bb4	57	80	0	0	154798	P1-108-13	0	-
2709	350.160156	350.214844	Eb4	55	80	0	0	154858	P1-108-14	0	-
2710	350.250000	350.305990	Db4	55	80	0	0	154918	P1-108-15	0	-
2711	350.354167	350.449219	Eb4	53	80	0	0	154978	P1-108-16	0	-
2712	350.412760	350.809896	G3	56	80	0	0	155038	P1-108-33	0	-
2713	350.421875	350.848958	G2	61	80	0	0	155038	P1-108-31	0	-
2714	350.433594	350.899740	Eb3	55	80	0	0	155038	P1-108-32	0	-
2715	350.463542	350.531250	Bb4	68	80	0	0	155038	P1-108-17	0	-
2716	350.559896	350.634115	Eb5	65	80	0	0	155098	P1-108-18	0	-
2717	350.662760	350.742188	Db5	65	80	0	0	155158	P1-108-19	0	-
2718	350.778646	350.832031	Eb5	56	80	0	0	155218	P1-108-20	0	-
2719	350.861979	350.921875	Bb5	69	80	0	0	155278	P1-108-21	0	-
2720	350.953125	351.023438	Eb5	65	80	0	0	155338	P1-108-22	0	-
2721	351.050781	351.115885	Db5	62	80	0	0	155398	P1-108-23	0	-
2722	351.149740	351.201823	Eb5	62	80	0	0	155458	P1-108-24	0	-
2723	351.235677	351.509115	Ab2	58	80	0	0	155518	P1-109-25	0	-
2724	351.243490	351.628906	Eb3	57	80	0	0	155518	P1-109-26	0	-
2725	351.252604	351.311198	C5	65	80	0	0	155518	P1-109-1	0	-
2726	351.365885	351.421875	Eb5	60	80	0	0	155578	P1-109-2	0	-
2727	351.464844	351.569010	C5	60	80	0	0	155638	P1-109-3	0	-
2728	351.558594	351.614583	Eb5	64	80	0	0	155698	P1-109-4	0	-
2729	351.654948	351.736979	C6	67	80	0	0	155758	P1-109-5	0	-
2730	351.765625	351.815104	Eb5	63	80	0	0	155818	P1-109-6	0	-
2731	351.865885	351.915365	C5	56	80	0	0	155878	P1-109-7	0	-
2732	351.967448	352.039062	Eb5	55	80	0	0	155938	P1-109-8	0	-
2733	352.035156	352.449219	F3	54	80	0	0	155998	P1-109-28	0	-
2734	352.040365	352.489583	Ab3	49	80	0	0	155998	P1-109-29	0	-
2735	352.067708	352.138021	Db5	67	80	0	0	155998	P1-109-9	0	-
2736	352.173177	352.236979	Ab5	54	80	0	0	156058	P1-109-10	0	-
2737	352.261719	352.335938	Db5	66	80	0	0	156118	P1-109-11	0	-
2738	352.368490	352.454427	Ab5	74	80	0	0	156178	P1-109-12	0	-
2739	352.462240	352.545573	Db6	72	80	0	0	156238	P1-109-13	0	-
2740	352.555990	352.614583	Ab5	66	80	0	0	156298	P1-109-14	0	-
2741	352.644531	352.722656	F5	66	80	0	0	156358	P1-109-15	0	-
2742	352.755208	352.804688	Ab5	71	80	0	0	156418	P1-109-16	0	-
2743	352.854167	352.933594	Eb5	68	80	0	0	156478	P1-109-17	0	-
2744	352.860677	353.139323	C4	55	80	0	0	156478	P1-109-33	0	-
2745	352.864583	353.209635	Ab3	61	80	0	0	156478	P1-109-32	0	-
2746	352.864583	353.109375	C3	55	80	0	0	156478	P1-109-31	0	-
2747	352.955729	353.044271	Eb6	72	80	0	0	156538	P1-109-18	0	-
2748	353.055990	353.143229	Ab5	70	80	0	0	156598	P1-109-19	0	-
2749	353.154948	353.236979	Eb6	77	80	0	0	156658	P1-109-20	0	-
2750	353.250000	353.343750	E5	75	80	0	0	156718	P1-109-21	0	-
2751	353.253906	353.438802	C4	65	80	0	0	156718	P1-109-36	0	-
2752	353.274740	353.373698	C3	51	80	0	0	156718	P1-109-34	0	-
2753	353.283854	353.479167	Ab3	50	80	0	0	156718	P1-109-35	0	-
2754	353.364583	353.444010	E6	75	80	0	0	156778	P1-109-22	0	-
2755	353.464844	353.553385	Ab5	75	80	0	0	156838	P1-109-23	0	-
2756	353.563802	353.656250	E6	74	80	0	0	156898	P1-109-24	0	-
2757	353.658854	354.128906	Db4	59	80	0	0	156958	P1-110-29	0	-
2758	353.660156	354.279948	Db3	64	80	0	0	156958	P1-110-27	0	-
2759	353.665365	354.158854	Ab3	63	80	0	0	156958	P1-110-28	0	-
2760	353.665365	353.750000	F5	83	80	0	0	156958	P1-110-1	0	-
2761	353.774740	353.821615	F6	79	80	0	0	157018	P1-110-2	0	-
2762	353.873698	353.945312	F5	82	80	0	0	157078	P1-110-3	0	-
2763	353.954427	354.044271	Ab5	85	80	0	0	157138	P1-110-4	0	-
2764	354.054688	354.143229	F6	82	80	0	0	157198	P1-110-5	0	-
2765	354.164062	354.255208	Db6	87	80	0	0	157258	P1-110-6	0	-
2766	354.255208	354.351562	Ab5	88	80	0	0	157318	P1-110-7	0	-
2767	354.354167	354.449219	Db6	91	80	0	0	157378	P1-110-8	0	-
2768	354.455729	355.109375	Bb3	74	80	0	0	157438	P1-110-32	0	-
2769	354.457031	355.128906	Bb2	70	80	0	0	157438	P1-110-30	0	-
2770	354.462240	355.229167	Eb3	66	80	0	0	157438	P1-110-31	0	-
2771	354.462240	354.799479	G5	88	80	0	0	157438	P1-110-9	0	-
2772	354.562500	354.671875	Eb6	82	80	0	0	157498	P1-110-10	0	-
2773	354.654948	354.878906	Db6	85	80	0	0	157558	P1-110-11	0	-
2774	354.755208	354.868490	Eb6	86	80	0	0	157618	P1-110-12	0	-
2775	354.875000	354.980469	G6	91	80	0	0	157678	P1-110-13	0	-
2776	354.975260	355.074219	Eb6	87	80	0	0	157738	P1-110-14	0	-
2777	355.066406	355.200521	Db6	87	80	0	0	157798	P1-110-15	0	-
2778	355.182292	355.298177	Eb6	90	80	0	0	157858	P1-110-16	0	-
2779	355.304688	355.579427	G5	86	80	0	0	157918	P1-110-17	0	-
2780	355.322917	355.688802	C4	63	80	0	0	157918	P1-110-35	0	-
2781	355.330729	355.779948	Eb3	65	80	0	0	157918	P1-110-34	0	-
2782	355.332031	355.545573	C3	61	80	0	0	157918	P1-110-33	0	-
2783	355.449219	355.571615	G6	91	80	0	0	157978	P1-110-18	0	-
2784	355.557292	355.699219	Eb6	89	80	0	0	158038	P1-110-20	0	-
2785	355.686198	355.815104	G6	92	80	0	0	158098	P1-110-21	0	-
2786	355.821615	356.309896	C3	55	80	0	0	158158	P1-110-36	0	-
2787	355.826823	356.339844	C4	48	80	0	0	158158	P1-110-38	0	-
2788	355.829427	356.106771	Ab5	82	80	0	0	158158	P1-110-22	0	-
2789	355.845052	356.519531	Eb3	55	80	0	0	158158	P1-110-37	0	-
2790	355.955729	356.106771	Ab6	77	80	0	0	158218	P1-110-23	0	-
2791	356.106771	356.252604	Eb6	67	80	0	0	158278	P1-110-25	0	-
2792	356.261719	356.312500	Ab6	63	80	0	0	158338	P1-110-26	0	-
2793	356.885417	358.739583	F5	77	80	0	0	158398	P1-111-1	0	-
2794	356.941406	357.589844	Ab3	40	80	0	0	158398	P1-111-20	0	-
2795	356.944010	358.628906	Db3	40	80	0	0	158398	P1-111-8	0	-
2796	357.514323	358.098958	A3	44	80	0	0	158638	P1-111-10	0	-
2797	357.994792	359.188802	Bb3	49	80	0	0	158878	P1-111-12	0	-
2798	358.270833	359.539062	Bb4	65	80	0	0	158998	P1-111-3	0	-
2799	358.578125	359.250000	C4	56	80	0	0	159118	P1-111-14	0	-
2800	358.580729	358.936198	C5	70	80	0	0	159118	P1-111-4	0	-
2801	358.914062	359.509115	Db5	69	80	0	0	159238	P1-111-5	0	-
2802	358.919271	359.509115	Db4	54	80	0	0	159238	P1-111-16	0	-
2803	359.375000	360.569010	G4	42	80	0	0	159358	P1-111-6	0	-
2804	359.415365	361.059896	G3	27	80	0	0	159358	P1-111-18	0	-
2805	359.420573	360.878906	Bb3	29	80	0	0	159358	P1-111-19	0	-
2806	359.437500	361.059896	Eb3	24	80	0	0	159358	P1-111-17	0	-
2807	360.207031	362.649740	Eb5	45	80	0	0	159598	P1-111-7	0	-
2808	361.049479	363.029948	Eb4	56	80	0	0	159838	P1-112-14	0	-
2809	361.070312	362.279948	C4	46	80	0	0	159838	P1-112-13	0	-
2810	361.427083	362.000000	Db5	63	80	0	0	159958	P1-112-2	0	-
2811	361.714844	363.389323	C5	61	80	0	0	160078	P1-112-3	0	-
2812	361.966146	362.639323	C6	76	80	0	0	160198	P1-112-4	0	-
2813	362.218750	362.658854	Bb5	74	80	0	0	160318	P1-112-5	0	-
2814	362.441406	362.799479	G5	78	80	0	0	160438	P1-112-6	0	-
2815	362.671875	362.963542	Bb5	80	80	0	0	160558	P1-112-7	0	-
2816	362.674479	363.059896	C4	52	80	0	0	160558	P1-112-16	0	-
2817	362.692708	363.109375	Ab3	51	80	0	0	160558	P1-112-15	0	-
2818	362.927083	363.299479	Ab5	75	80	0	0	160678	P1-112-8	0	-
2819	363.199219	364.079427	C6	74	80	0	0	160798	P1-112-9	0	-
2820	363.222656	363.938802	C4	48	80	0	0	160798	P1-112-18	0	-
2821	363.225260	363.949219	Ab3	54	80	0	0	160798	P1-112-17	0	-
2822	363.490885	364.128906	Ab5	73	80	0	0	160918	P1-112-10	0	-
2823	363.756510	364.084635	Eb5	66	80	0	0	161038	P1-112-11	0	-
2824	364.039062	364.609375	E5	76	80	0	0	161158	P1-112-12	0	-
2825	364.093750	364.598958	C4	43	80	0	0	161158	P1-112-20	0	-
2826	364.093750	364.369792	Ab3	47	80	0	0	161158	P1-112-19	0	-
2827	364.485677	366.968750	F5	79	80	0	0	161278	P1-113-1	0	-
2828	364.514323	364.859375	Ab3	53	80	0	0	161278	P1-113-8	0	-
2829	364.519531	364.869792	C#4	43	80	0	0	161278	P1-113-9	0	-
2830	364.524740	365.729167	Db3	49	80	0	0	161278	P1-113-21	0	-
2831	364.816406	365.169271	A3	56	80	0	0	161398	P1-113-10	0	-
2832	365.088542	365.385417	Bb3	53	80	0	0	161518	P1-113-11	0	-
2833	365.356771	365.949219	C4	43	80	0	0	161638	P1-113-12	0	-
2834	365.661458	365.979167	Db4	49	80	0	0	161758	P1-113-13	0	-
2835	365.927083	367.049479	Bb4	65	80	0	0	161878	P1-113-3	0	-
2836	365.959635	366.274740	Db3	39	80	0	0	161878	P1-113-14	0	-
2837	366.216146	366.519531	C5	65	80	0	0	161998	P1-113-4	0	-
2838	366.253906	366.523438	Eb3	33	80	0	0	161998	P1-113-15	0	-
2839	366.502604	366.878906	Db5	70	80	0	0	162118	P1-113-5	0	-
2840	366.526042	366.859375	F3	39	80	0	0	162118	P1-113-16	0	-
2841	366.815104	367.809896	G4	56	80	0	0	162238	P1-113-6	0	-
2842	366.817708	367.729167	Eb3	45	80	0	0	162238	P1-113-17	0	-
2843	367.115885	367.799479	Eb2	34	80	0	0	162358	P1-113-18	0	-
2844	367.424479	368.468750	Eb5	65	80	0	0	162478	P1-113-7	0	-
2845	367.424479	367.979167	F2	40	80	0	0	162478	P1-113-19	0	-
2846	367.738281	368.279948	G2	43	80	0	0	162598	P1-113-20	0	-
2847	368.265625	370.188802	C5	72	80	0	0	162718	P1-114-3	0	-
2848	368.296875	369.339844	Ab4	46	80	0	0	162718	P1-114-2	0	-
2849	368.322917	371.408854	Ab1	39	80	0	0	162718	P1-114-18	0	-
2850	368.324219	370.750000	Ab2	36	80	0	0	162718	P1-114-15	0	-
2851	369.559896	371.239583	Db5	73	80	0	0	163198	P1-114-4	0	-
2852	369.584635	371.089844	Ab4	52	80	0	0	163198	P1-114-13	0	-
2853	369.613281	370.519531	F2	38	80	0	0	163198	P1-114-20	0	-
2854	370.265625	371.188802	F4	44	80	0	0	163438	P1-114-5	0	-
2855	370.295573	371.188802	Db2	30	80	0	0	163438	P1-114-22	0	-
2856	370.863281	371.158854	G1	37	80	0	0	163678	P1-114-23	0	-
2857	370.863281	371.179688	G2	36	80	0	0	163678	P1-114-24	0	-
2858	370.864583	371.609375	Bb4	65	80	0	0	163678	P1-114-7	0	-
2859	371.492188	372.188802	Db5	80	80	0	0	163918	P1-114-11	0	-
2860	371.502604	372.139323	G4	63	80	0	0	163918	P1-114-10	0	-
2861	371.514323	372.128906	E4	58	80	0	0	163918	P1-114-9	0	-
2862	371.527344	371.539062	Bb2	41	80	0	0	163918	P1-114-26	0	-
2863	371.535156	375.859375	Ab1	42	80	0	0	163918	P1-114-25	0	-
2864	371.542969	372.009115	G#2	41	80	0	0	163918	P1-114-26	0	-
2865	372.472656	375.378906	G4	74	80	0	0	164158	P1-115-1	0	-
2866	372.475260	375.709635	Db5	87	80	0	0	164158	P1-115-2	0	-
2867	372.484375	375.128906	E4	71	80	0	0	164158	P1-115-4	0	-
2868	372.484375	373.908854	Bb2	53	80	0	0	164158	P1-115-10	0	-
2869	372.485677	372.598958	Bb1	55	80	0	0	164158	P1-115-9	0	-
2870	374.496094	375.319010	Eb4	38	80	0	0	164638	P1-115-5	0	-
2871	376.476562	377.549479	C5	49	80	0	0	165118	P1-115-8	0	-
2872	376.503906	377.169271	Ab4	39	80	0	0	165118	P1-115-7	0	-
2873	376.518229	377.429688	Eb4	24	80	0	0	165118	P1-115-6	0	-
2874	376.527344	377.095052	Ab2	28	80	0	0	165118	P1-115-12	0	-
2875	376.532552	377.076823	Ab1	26	80	0	0	165118	P1-115-11	0	-
2876	377.183594	377.569010	Ab4	36	80	0	0	165118	P1-115-7	0	-
2877	378.623698	379.889323	C5	38	80	0	0	165598	P1-116-3	0	-
2878	378.630208	379.919271	Eb4	23	80	0	0	165598	P1-116-1	0	-
2879	378.631510	379.979167	Ab4	34	80	0	0	165598	P1-116-2	0	-
2880	378.634115	379.899740	Ab1	23	80	0	0	165598	P1-116-6	0	-
2881	378.635417	379.799479	C4	22	80	0	0	165598	P1-116-3	0	-
2882	378.636719	379.919271	Ab2	23	80	0	0	165598	P1-116-7	0	-
