//Version: PianoRoll_v170101
0	2.348958	5.299479	C5	48	80	0
1	2.372396	3.699219	G#4	38	80	0
2	2.373698	4.049479	G#2	33	80	0
3	2.375000	3.468750	Eb4	31	80	0
4	2.376302	3.779948	Eb3	32	80	0
5	4.283854	4.679688	G#4	38	80	0
6	4.292969	4.609375	C3	27	80	0
7	4.298177	4.669271	Eb3	29	80	0
8	4.300781	4.709635	G#2	26	80	0
9	4.304688	4.569010	Eb4	28	80	0
10	4.313802	4.649740	C4	20	80	0
11	4.919271	5.408854	G#4	55	80	0
12	4.921875	5.348958	Eb4	44	80	0
13	4.946615	5.509115	Eb3	37	80	0
14	4.950521	5.408854	C3	33	80	0
15	4.951823	5.359375	C4	30	80	0
16	5.755208	6.158854	G#4	57	80	0
17	5.761719	5.959635	Eb4	50	80	0
18	5.765625	5.938802	Eb3	48	80	0
19	5.766927	6.069010	C3	43	80	0
20	6.076823	9.299479	C#5	62	80	0
21	6.093750	7.049479	G4	49	80	0
22	6.095052	7.119792	Eb3	42	80	0
23	6.102865	7.589844	Bb2	41	80	0
24	6.102865	6.908854	Eb4	42	80	0
25	7.553385	9.639323	Bb4	50	80	0
26	7.572917	9.628906	Eb3	34	80	0
27	7.578125	7.878906	G4	36	80	0
28	7.585938	7.889323	C#4	31	80	0
29	7.591146	7.869792	Bb3	34	80	0
30	7.592448	9.569010	C#3	34	80	0
31	10.354167	12.468750	Eb5	60	80	0
32	10.385417	11.000000	G#4	45	80	0
33	10.389323	11.332031	Eb3	40	80	0
34	10.394531	12.247396	C3	36	80	0
35	10.399740	11.569010	C4	34	80	0
36	11.013021	11.968750	G#3	55	80	0
37	11.013021	12.169271	G#4	49	80	0
38	11.575521	12.259115	C4	54	80	0
39	12.166667	12.766927	C#5	59	80	0
40	12.180990	12.619792	G#4	47	80	0
41	12.183594	12.819010	Bb3	48	80	0
42	12.184896	12.779948	F3	46	80	0
43	12.764323	13.500000	Eb5	62	80	0
44	12.774740	13.449219	C4	49	80	0
45	12.774740	13.250000	G#4	53	80	0
46	12.785156	13.329427	Eb3	44	80	0
47	13.442708	14.348958	F5	67	80	0
48	13.464844	14.059896	G#4	52	80	0
49	13.468750	14.119792	C#3	49	80	0
50	13.468750	14.019531	C#4	54	80	0
51	14.411458	15.679688	Eb5	47	80	0
52	14.445312	15.759115	Bb3	28	80	0
53	14.445312	15.729167	G4	30	80	0
54	14.449219	15.759115	Eb3	27	80	0
55	15.494792	16.119792	D5	46	80	0
56	16.045573	16.378906	C#5	41	80	0
57	16.080729	17.098958	G4	30	80	0
58	16.100260	19.739583	Eb4	25	80	0
59	16.102865	19.579427	Bb3	26	80	0
60	16.113281	20.609375	Eb3	27	80	0
61	16.351562	16.463542	Eb5	40	80	0
62	16.501302	16.587240	C#5	41	80	0
63	16.630208	16.714844	Eb5	40	80	0
64	16.757812	16.829427	C#5	39	80	0
65	16.864583	16.927083	Eb5	46	80	0
66	16.963542	17.020833	C#5	42	80	0
67	17.048177	17.105469	Eb5	51	80	0
68	17.144531	17.196615	C#5	42	80	0
69	17.223958	17.278646	Eb5	49	80	0
70	17.311198	17.363281	C#5	45	80	0
71	17.388021	17.444010	Eb5	48	80	0
72	17.475260	17.522135	C#5	48	80	0
73	17.546875	17.602865	Eb5	52	80	0
74	17.641927	17.682292	C#5	48	80	0
75	17.703125	17.744792	Eb5	52	80	0
76	17.773438	17.813802	C#5	48	80	0
77	17.837240	17.885417	Eb5	53	80	0
78	17.915365	17.962240	C#5	47	80	0
79	17.985677	18.028646	Eb5	51	80	0
80	18.057292	18.097656	C#5	49	80	0
81	18.115885	18.153646	Eb5	52	80	0
82	18.178385	18.230469	C#5	48	80	0
83	18.256510	18.300781	Eb5	59	80	0
84	18.329427	18.375000	C#5	49	80	0
85	18.404948	18.444010	Eb5	51	80	0
86	18.472656	18.514323	C#5	53	80	0
87	18.536458	18.588542	Eb5	56	80	0
88	18.614583	18.662760	C#5	55	80	0
89	18.694010	18.731771	Eb5	42	80	0
90	18.757812	18.813802	C#5	53	80	0
91	18.834635	18.882812	Eb5	56	80	0
92	18.904948	18.962240	C#5	52	80	0
93	19.007812	19.035156	Eb5	42	80	0
94	19.063802	19.113281	C#5	50	80	0
95	19.140625	19.188802	Eb5	49	80	0
96	19.214844	19.269531	C#5	52	80	0
97	19.295573	19.354167	Eb5	46	80	0
98	19.385417	19.434896	C#5	47	80	0
99	19.466146	19.514323	Eb5	39	80	0
100	19.546875	19.596354	C#5	39	80	0
101	19.656250	19.734375	Eb5	39	80	0
102	19.778646	19.851562	C#5	37	80	0
103	19.919271	19.975260	Eb5	35	80	0
104	20.010417	20.085938	C#5	38	80	0
105	20.131510	20.205729	Eb5	37	80	0
106	20.248698	20.334635	C#5	34	80	0
107	20.388021	20.472656	Eb5	34	80	0
108	20.515625	20.611979	C#5	33	80	0
109	20.675781	20.812500	Eb5	29	80	0
110	20.842448	21.069010	C#5	33	80	0
111	21.065104	21.658854	Eb5	25	80	0
112	21.322917	21.709635	C#5	36	80	0
113	21.695312	22.059896	C5	36	80	0
114	21.933594	22.135417	C#5	44	80	0
115	22.141927	22.389323	Eb5	51	80	0
116	22.367188	22.506510	C#5	50	80	0
117	22.493490	22.588542	Eb5	51	80	0
118	22.610677	23.699219	F5	58	80	0
119	23.602865	24.204427	Eb5	43	80	0
120	24.128906	24.908854	C#5	40	80	0
121	24.854167	25.639323	C5	32	80	0
122	24.864583	25.619792	G#3	23	80	0
123	25.255208	25.389323	C4	15	80	0
124	25.260417	25.369792	Eb4	15	80	0
125	25.520833	25.582031	Eb4	29	80	0
126	25.522135	25.583333	C4	22	80	0
127	25.647135	26.750000	C5	31	80	0
128	25.760417	26.259115	C4	31	80	0
129	25.763021	25.979167	Eb4	26	80	0
130	26.003906	26.658854	G#3	25	80	0
131	26.248698	26.300781	Eb4	27	80	0
132	26.481771	27.509115	Eb5	55	80	0
133	26.485677	26.555990	Eb4	32	80	0
134	26.509115	26.628906	C4	24	80	0
135	26.733073	26.889323	Eb4	29	80	0
136	26.752604	26.929688	C4	24	80	0
137	26.975260	27.399740	G#3	25	80	0
138	27.213542	27.264323	Eb4	23	80	0
139	27.214844	27.268229	C4	25	80	0
140	27.473958	27.546875	Eb4	38	80	0
141	27.475260	28.009115	G#5	69	80	0
142	27.477865	27.550781	C4	34	80	0
143	27.744792	28.149740	Eb4	31	80	0
144	27.744792	27.908854	C4	29	80	0
145	28.022135	29.059896	G#5	63	80	0
146	28.035156	28.348958	Bb3	33	80	0
147	28.274740	28.346354	Eb4	29	80	0
148	28.274740	28.355469	C#4	30	80	0
149	28.526042	28.598958	Bb3	25	80	0
150	28.527344	28.578125	Eb4	30	80	0
151	28.528646	28.579427	C#4	27	80	0
152	28.757812	28.899740	Eb4	27	80	0
153	28.761719	29.089844	C#4	27	80	0
154	28.763021	28.833333	Bb3	26	80	0
155	29.020833	30.938802	G5	52	80	0
156	29.033854	29.092448	Bb3	29	80	0
157	29.244792	29.307292	C#4	27	80	0
158	29.247396	29.309896	Eb4	27	80	0
159	29.485677	29.536458	Eb4	33	80	0
160	29.490885	29.541667	C#4	28	80	0
161	29.704427	29.839844	Eb4	27	80	0
162	29.707031	30.029948	C#4	26	80	0
163	29.963542	30.119792	Bb3	29	80	0
164	30.188802	30.252604	Eb4	41	80	0
165	30.194010	30.253906	C#4	36	80	0
166	30.410156	30.476562	Eb4	44	80	0
167	30.414062	30.559896	C#4	37	80	0
168	30.641927	30.707031	C#4	31	80	0
169	30.643229	30.704427	Eb4	37	80	0
170	30.901042	32.399740	Bb5	73	80	0
171	30.904948	31.416667	C#4	38	80	0
172	31.117188	31.194010	Eb4	35	80	0
173	31.123698	31.239583	Bb4	43	80	0
174	31.132812	31.200521	G4	39	80	0
175	31.354167	31.414062	Eb4	32	80	0
176	31.354167	31.414062	Bb4	45	80	0
177	31.358073	31.408854	G4	36	80	0
178	31.583333	31.819010	Bb4	44	80	0
179	31.593750	31.750000	G4	36	80	0
180	31.595052	31.829427	Eb4	37	80	0
181	31.805990	32.128906	C#4	42	80	0
182	32.022135	32.149740	Bb4	44	80	0
183	32.023438	32.084635	Eb4	33	80	0
184	32.255208	33.559896	G5	77	80	0
185	32.277344	32.389323	Bb4	46	80	0
186	32.283854	32.479167	C#4	33	80	0
187	32.290365	32.389323	Eb4	30	80	0
188	32.490885	32.544271	C#4	33	80	0
189	32.490885	32.628906	Eb4	35	80	0
190	32.493490	32.809896	Bb4	43	80	0
191	32.497396	32.569010	G4	38	80	0
192	32.753906	33.098958	C#4	34	80	0
193	32.986979	33.044271	Eb4	32	80	0
194	32.986979	33.041667	Bb4	43	80	0
195	32.992188	33.319010	G4	32	80	0
196	33.225260	33.303385	Bb4	46	80	0
197	33.233073	33.649740	Eb5	61	80	0
198	33.243490	33.305990	Eb4	33	80	0
199	33.244792	33.569010	C#4	30	80	0
200	33.488281	33.750000	Eb4	31	80	0
201	33.493490	33.848958	Bb4	45	80	0
202	33.496094	33.878906	G4	34	80	0
203	33.808594	35.938802	Eb5	61	80	0
204	33.813802	34.329427	C4	33	80	0
205	34.088542	34.209635	Eb4	27	80	0
206	34.088542	34.153646	G#4	31	80	0
207	34.325521	34.377604	G#4	35	80	0
208	34.326823	34.381510	Eb4	26	80	0
209	34.334635	34.549479	C4	22	80	0
210	34.558594	34.869792	Eb4	26	80	0
211	34.559896	34.622396	G#4	39	80	0
212	34.562500	34.729167	C4	26	80	0
213	34.829427	36.509115	G#5	47	80	0
214	34.872396	35.169271	C4	22	80	0
215	34.873698	34.949219	G#4	20	80	0
216	35.072917	35.117188	Eb4	21	80	0
217	35.074219	35.117188	G#4	31	80	0
218	35.274740	35.333333	Eb4	31	80	0
219	35.278646	35.559896	C4	25	80	0
220	35.286458	35.334635	G#4	34	80	0
221	35.497396	35.679688	Eb4	29	80	0
222	35.500000	35.658854	G#4	38	80	0
223	35.725260	36.279948	C4	41	80	0
224	35.726562	35.739583	C5	43	80	0
225	35.972656	36.032552	Eb4	34	80	0
226	35.973958	36.035156	G#4	41	80	0
227	36.204427	36.252604	G#4	36	80	0
228	36.205729	36.252604	Eb4	37	80	0
229	36.408854	36.739583	Eb4	39	80	0
230	36.454427	36.569010	G#4	38	80	0
231	36.684896	38.239583	G#5	74	80	0
232	36.717448	37.468750	F#4	43	80	0
233	36.934896	36.996094	Eb5	46	80	0
234	36.938802	36.996094	C5	42	80	0
235	36.938802	36.996094	G#4	38	80	0
236	37.158854	37.213542	G#4	40	80	0
237	37.161458	37.212240	Eb5	50	80	0
238	37.161458	37.229167	C5	40	80	0
239	37.375000	37.649740	Eb5	43	80	0
240	37.380208	37.609375	C5	42	80	0
241	37.391927	37.569010	G#4	42	80	0
242	37.622396	37.938802	F#4	40	80	0
243	37.830729	37.893229	C5	44	80	0
244	37.832031	37.895833	Eb5	48	80	0
245	37.835938	37.894531	G#4	39	80	0
246	38.053385	39.109375	C6	74	80	0
247	38.063802	38.115885	Eb5	51	80	0
248	38.072917	38.117188	C5	49	80	0
249	38.074219	38.158854	G#4	36	80	0
250	38.285156	38.598958	Eb5	47	80	0
251	38.289062	38.589844	C5	49	80	0
252	38.304688	38.598958	G#4	44	80	0
253	38.554688	39.348958	F#4	49	80	0
254	38.785156	38.899740	Eb5	47	80	0
255	38.785156	38.845052	C5	46	80	0
256	38.794271	39.000000	G#4	41	80	0
257	39.031250	39.628906	Eb6	85	80	0
258	39.033854	39.209635	Eb5	63	80	0
259	39.036458	39.092448	G#4	41	80	0
260	39.036458	39.139323	C5	48	80	0
261	39.276042	39.539062	C5	42	80	0
262	39.282552	39.829427	Eb5	47	80	0
263	39.283854	39.658854	G#4	44	80	0
264	39.606771	40.329427	F4	39	80	0
265	39.638021	41.158854	Eb6	75	80	0
266	39.873698	39.941406	C#5	48	80	0
267	39.873698	40.009115	G#4	46	80	0
268	40.114583	40.174479	C#5	48	80	0
269	40.117188	40.174479	G#4	38	80	0
270	40.356771	40.639323	C#5	52	80	0
271	40.364583	40.609375	G#4	43	80	0
272	40.587240	41.269531	F4	45	80	0
273	40.695312	40.709635	F5	36	80	0
274	40.803385	40.929688	C#5	49	80	0
275	40.809896	41.049479	G#4	43	80	0
276	41.014323	41.609375	C#6	82	80	0
277	41.046875	41.199219	C#5	47	80	0
278	41.058594	41.209635	G#4	30	80	0
279	41.294271	41.569010	G#4	49	80	0
280	41.296875	41.569010	C#5	48	80	0
281	41.545573	42.218750	Eb6	85	80	0
282	41.552083	42.229167	Eb4	49	80	0
283	41.833333	42.128906	C5	43	80	0
284	41.834635	42.179688	G#4	44	80	0
285	42.134115	42.799479	F6	87	80	0
286	42.140625	42.669271	C#4	54	80	0
287	42.460938	42.949219	Bb4	42	80	0
288	42.464844	42.859375	G#4	40	80	0
289	42.893229	44.009115	F6	83	80	0
290	42.893229	44.169271	Eb4	45	80	0
291	43.377604	43.579427	C5	37	80	0
292	43.382812	43.628906	G#4	37	80	0
293	43.751302	45.250000	Eb6	71	80	0
294	43.760417	44.029948	C5	41	80	0
295	43.764323	43.929688	G#4	40	80	0
296	44.037760	44.339844	G#4	41	80	0
297	44.039062	44.329427	C5	41	80	0
298	44.326823	45.359375	Eb4	35	80	0
299	44.580729	44.908854	C5	40	80	0
300	44.583333	45.000000	G#4	35	80	0
301	44.848958	45.309896	C#6	63	80	0
302	44.856771	45.188802	C#5	44	80	0
303	45.200521	45.579427	C6	60	80	0
304	45.204427	45.539062	C5	42	80	0
305	45.204427	45.569010	G#4	34	80	0
306	45.524740	46.218750	Eb6	51	80	0
307	45.526042	47.549479	Eb4	35	80	0
308	45.816406	47.119792	C#6	51	80	0
309	45.824219	46.149740	Bb4	35	80	0
310	46.153646	46.459635	C#5	35	80	0
311	46.153646	47.098958	G5	45	80	0
312	46.157552	46.559896	Bb4	29	80	0
313	46.566406	46.848958	Bb4	34	80	0
314	46.567708	46.959635	C#5	32	80	0
315	47.113281	47.619792	G#5	43	80	0
316	47.125000	48.039062	C5	31	80	0
317	47.154948	48.098958	G#4	21	80	0
318	47.312500	47.459635	Eb6	40	80	0
319	47.441406	47.552083	C6	43	80	0
320	47.582031	47.684896	Eb6	46	80	0
321	47.700521	47.869792	G#6	58	80	0
322	47.826823	47.891927	Eb6	48	80	0
323	47.936198	48.014323	C6	55	80	0
324	48.074219	48.144531	Eb6	48	80	0
325	48.177083	48.256510	G#5	49	80	0
326	48.309896	48.386719	Eb5	51	80	0
327	48.446615	48.505208	C5	45	80	0
328	48.552083	48.621094	Eb5	53	80	0
329	48.658854	48.869792	G#4	50	80	0
330	48.783854	48.885417	Eb4	49	80	0
331	48.908854	49.000000	C4	37	80	0
332	49.016927	49.158854	Eb4	41	80	0
333	49.127604	49.203125	G#3	38	80	0
334	49.260417	49.343750	Eb3	41	80	0
335	49.411458	49.589844	C3	29	80	0
336	49.479167	49.572917	Eb3	38	80	0
337	49.614583	49.683594	G#2	41	80	0
338	49.731771	49.837240	Eb3	38	80	0
339	49.825521	49.964844	C3	42	80	0
340	49.945312	50.269531	Eb3	40	80	0
341	50.066406	50.529948	Bb2	44	80	0
342	50.069010	50.539062	G2	45	80	0
343	50.071615	50.549479	Bb1	47	80	0
344	50.072917	50.507812	Eb2	46	80	0
345	50.072917	50.519531	G1	49	80	0
346	50.205729	50.285156	Eb4	38	80	0
347	50.303385	50.433594	C#3	42	80	0
348	50.436198	50.549479	Eb4	40	80	0
349	50.437500	50.529948	Eb3	40	80	0
350	50.535156	50.635417	G3	46	80	0
351	50.680990	50.759115	Eb3	46	80	0
352	50.805990	50.959635	C#3	44	80	0
353	50.919271	51.079427	Eb3	47	80	0
354	51.023438	51.559896	Bb2	49	80	0
355	51.023438	51.549479	Bb1	49	80	0
356	51.033854	51.539062	Eb2	43	80	0
357	51.044271	51.259115	G3	39	80	0
358	51.157552	51.221354	Eb4	47	80	0
359	51.264323	51.351562	C#4	49	80	0
360	51.365885	51.444010	Eb4	53	80	0
361	51.492188	51.656250	G4	56	80	0
362	51.614583	51.704427	Eb4	53	80	0
363	51.740885	51.838542	C#4	43	80	0
364	51.846354	51.907552	Eb4	49	80	0
365	51.971354	52.378906	Bb1	52	80	0
366	51.972656	52.509115	Bb2	54	80	0
367	51.973958	52.479167	Eb2	48	80	0
368	52.078125	52.156250	Eb5	57	80	0
369	52.186198	52.274740	C#5	59	80	0
370	52.304688	52.429688	Eb5	62	80	0
371	52.434896	52.540365	G5	55	80	0
372	52.548177	52.638021	Eb5	70	80	0
373	52.662760	52.763021	C#5	64	80	0
374	52.772135	52.813802	Eb5	62	80	0
375	52.904948	53.014323	G#5	67	80	0
376	52.904948	53.299479	C3	46	80	0
377	52.911458	53.299479	C2	50	80	0
378	52.915365	53.359375	Eb2	44	80	0
379	53.020833	53.089844	Eb6	64	80	0
380	53.123698	53.203125	C6	62	80	0
381	53.244792	53.328125	Eb6	63	80	0
382	53.371094	53.484375	G#6	70	80	0
383	53.484375	53.575521	Eb6	66	80	0
384	53.579427	53.673177	C6	64	80	0
385	53.700521	53.782552	Eb6	65	80	0
386	53.802083	53.884115	G#5	60	80	0
387	53.917969	53.976562	Eb5	61	80	0
388	54.035156	54.143229	C5	50	80	0
389	54.141927	54.194010	Eb5	61	80	0
390	54.234375	54.315104	G#4	51	80	0
391	54.354167	54.415365	Eb4	56	80	0
392	54.479167	54.536458	C4	39	80	0
393	54.552083	54.614583	Eb4	54	80	0
394	54.670573	54.748698	G#3	42	80	0
395	54.783854	54.864583	Eb3	46	80	0
396	54.894531	55.066406	C3	47	80	0
397	55.005208	55.067708	Eb3	45	80	0
398	55.105469	55.269531	G#2	42	80	0
399	55.204427	55.286458	Eb3	52	80	0
400	55.317708	55.424479	C3	44	80	0
401	55.423177	55.486979	Eb3	53	80	0
402	55.524740	56.079427	G1	58	80	0
403	55.524740	56.029948	G2	55	80	0
404	55.529948	55.769531	Bb1	57	80	0
405	55.531250	56.019531	Eb2	54	80	0
406	55.533854	55.634115	Bb2	56	80	0
407	55.661458	55.848958	Eb3	49	80	0
408	55.777344	55.959635	C#3	46	80	0
409	55.860677	55.955729	Eb3	45	80	0
410	55.996094	56.084635	Bb3	46	80	0
411	56.131510	56.250000	Eb3	50	80	0
412	56.238281	56.429688	C#3	48	80	0
413	56.368490	56.769531	Eb3	44	80	0
414	56.471354	57.098958	G1	54	80	0
415	56.473958	57.049479	G2	50	80	0
416	56.477865	57.029948	Eb2	48	80	0
417	56.484375	56.628906	Bb3	49	80	0
418	56.600260	56.709635	Eb4	52	80	0
419	56.726562	56.807292	C#4	51	80	0
420	56.834635	56.906250	Eb4	49	80	0
421	56.955729	57.054688	Bb4	54	80	0
422	57.070312	57.139323	Eb4	55	80	0
423	57.175781	57.281250	C#4	54	80	0
424	57.287760	57.393229	Eb4	53	80	0
425	57.403646	57.929688	G1	57	80	0
426	57.404948	57.878906	G2	53	80	0
427	57.411458	57.929688	Eb2	52	80	0
428	57.414062	57.549479	Bb4	56	80	0
429	57.523438	57.600260	Eb5	56	80	0
430	57.621094	57.712240	C#5	59	80	0
431	57.736979	57.830729	Eb5	68	80	0
432	57.854167	57.959635	Bb5	67	80	0
433	57.983073	58.072917	Eb5	67	80	0
434	58.080729	58.187500	C#5	62	80	0
435	58.195312	58.303385	Eb5	59	80	0
436	58.322917	58.425781	C5	57	80	0
437	58.326823	58.878906	G#2	54	80	0
438	58.330729	58.929688	G#1	58	80	0
439	58.339844	58.729167	Eb2	51	80	0
440	58.446615	58.528646	G#5	61	80	0
441	58.552083	58.634115	Eb5	55	80	0
442	58.658854	58.756510	G#5	72	80	0
443	58.782552	58.878906	C6	68	80	0
444	58.907552	59.003906	G#5	67	80	0
445	59.007812	59.114583	Eb5	68	80	0
446	59.122396	59.209635	G#5	67	80	0
447	59.235677	59.328125	C5	59	80	0
448	59.355469	59.457031	G#4	63	80	0
449	59.473958	59.709635	Eb4	63	80	0
450	59.584635	59.718750	G#4	51	80	0
451	59.684896	59.765625	C4	50	80	0
452	59.800781	59.907552	G#3	51	80	0
453	59.912760	60.070312	Eb3	57	80	0
454	60.031250	60.113281	G#3	49	80	0
455	60.138021	60.309896	C3	58	80	0
456	60.263021	60.339844	G#3	42	80	0
457	60.351562	60.619792	Eb3	62	80	0
458	60.467448	60.553385	G#3	55	80	0
459	60.584635	60.682292	C4	63	80	0
460	60.717448	60.786458	G#3	58	80	0
461	60.821615	60.891927	Eb3	60	80	0
462	60.929688	61.098958	G#3	52	80	0
463	61.072917	61.878906	F2	69	80	0
464	61.072917	61.759115	Bb1	73	80	0
465	61.074219	61.739583	F1	74	80	0
466	61.079427	61.089844	Bb2	66	80	0
467	61.082031	61.269531	D3	60	80	0
468	61.213542	61.359375	Bb3	54	80	0
469	61.333333	61.489583	G#3	57	80	0
470	61.434896	61.511719	Bb3	64	80	0
471	61.532552	61.648438	D4	68	80	0
472	61.666667	61.736979	Bb3	63	80	0
473	61.781250	61.863281	G#3	55	80	0
474	61.873698	61.915365	Bb3	65	80	0
475	62.005208	62.438802	F3	70	80	0
476	62.010417	62.269531	D4	64	80	0
477	62.013021	62.529948	F2	66	80	0
478	62.014323	62.539062	Bb2	68	80	0
479	62.127604	62.218750	Bb4	66	80	0
480	62.244792	62.354167	G#4	59	80	0
481	62.358073	62.434896	Bb4	69	80	0
482	62.473958	62.562500	D5	68	80	0
483	62.584635	62.666667	Bb4	63	80	0
484	62.692708	62.774740	G#4	70	80	0
485	62.785156	62.834635	Bb4	73	80	0
486	62.924479	63.519531	Eb3	77	80	0
487	62.925781	63.449219	Bb2	74	80	0
488	62.925781	63.438802	Eb2	75	80	0
489	62.930990	63.010417	Eb5	78	80	0
490	63.045573	63.132812	Bb5	80	80	0
491	63.152344	63.247396	G5	73	80	0
492	63.266927	63.355469	Bb5	76	80	0
493	63.381510	63.476562	Eb6	81	80	0
494	63.485677	63.584635	Bb5	83	80	0
495	63.585938	63.683594	G5	81	80	0
496	63.703125	63.796875	Bb5	84	80	0
497	63.816406	64.239583	Bb2	73	80	0
498	63.817708	64.069010	D3	76	80	0
499	63.820312	63.912760	F5	79	80	0
500	63.820312	64.049479	D2	76	80	0
501	63.940104	64.036458	Bb5	73	80	0
502	64.046875	64.162760	G#5	80	80	0
503	64.164062	64.276042	Bb5	84	80	0
504	64.285156	64.394531	F6	84	80	0
505	64.401042	64.502604	Bb5	89	80	0
506	64.502604	64.615885	G#5	85	80	0
507	64.614583	64.730469	Bb5	89	80	0
508	64.744792	65.109375	D4	79	80	0
509	64.746094	64.871094	F5	80	80	0
510	64.748698	65.158854	D3	82	80	0
511	64.751302	65.218750	Bb3	75	80	0
512	64.861979	64.972656	Bb5	83	80	0
513	64.863281	64.869792	Bb6	84	80	0
514	64.971354	64.979167	G#6	78	80	0
515	64.972656	65.092448	G#5	82	80	0
516	65.093750	65.199219	Bb6	77	80	0
517	65.093750	65.192708	Bb5	77	80	0
518	65.194010	65.319010	F6	86	80	0
519	65.315104	65.425781	Bb5	86	80	0
520	65.427083	65.598958	G#5	85	80	0
521	65.428385	65.549479	G#6	82	80	0
522	65.540365	65.628906	Bb5	81	80	0
523	65.541667	65.549479	Bb6	80	80	0
524	65.596354	65.639323	G#6	50	80	0
525	65.679688	66.188802	C#4	74	80	0
526	65.680990	65.795573	G5	84	80	0
527	65.682292	65.809896	G6	82	80	0
528	65.686198	66.169271	Eb3	74	80	0
529	65.686198	66.179688	C#3	72	80	0
530	65.686198	65.908854	Eb4	70	80	0
531	65.795573	65.907552	Eb6	90	80	0
532	65.916667	66.024740	Bb5	79	80	0
533	66.020833	66.135417	Eb6	90	80	0
534	66.136719	66.252604	G6	88	80	0
535	66.244792	66.345052	Eb6	89	80	0
536	66.341146	66.455729	Bb5	92	80	0
537	66.455729	66.565104	Eb6	90	80	0
538	66.585938	66.598958	G#6	89	80	0
539	66.592448	66.859375	G#5	93	80	0
540	66.605469	66.869792	C4	75	80	0
541	66.608073	66.859375	C3	78	80	0
542	66.613281	66.929688	Eb3	81	80	0
543	66.730469	66.856771	G#6	93	80	0
544	66.839844	67.029948	Eb6	87	80	0
545	66.973958	67.093750	G#6	92	80	0
546	67.095052	67.348958	A5	95	80	0
547	67.095052	67.179688	A6	91	80	0
548	67.106771	67.369792	B3	80	80	0
549	67.108073	67.299479	B2	84	80	0
550	67.113281	67.286458	Eb3	81	80	0
551	67.244792	67.381510	A6	94	80	0
552	67.365885	67.473958	Eb6	91	80	0
553	67.492188	67.739583	A6	96	80	0
554	67.613281	67.859375	A5	91	80	0
555	67.623698	67.628906	B5	87	80	0
556	67.625000	67.949219	B4	88	80	0
557	67.625000	67.949219	B3	87	80	0
558	67.631510	67.959635	Eb4	86	80	0
559	67.752604	67.876302	A6	96	80	0
560	67.872396	67.993490	Eb6	87	80	0
561	67.990885	68.115885	A6	88	80	0
562	68.122396	68.389323	Bb5	96	80	0
563	68.127604	68.250000	Bb6	91	80	0
564	68.138021	68.419271	Bb4	91	80	0
565	68.143229	68.539062	Eb4	72	80	0
566	68.147135	68.598958	Bb3	77	80	0
567	68.256510	68.395833	Bb6	95	80	0
568	68.385417	68.669271	Eb6	87	80	0
569	68.533854	68.809896	Bb6	92	80	0
570	68.662760	69.019531	Bb5	91	80	0
571	68.674479	68.750000	Eb6	81	80	0
572	68.679688	69.139323	G#4	84	80	0
573	68.679688	69.188802	Eb4	71	80	0
574	68.682292	69.209635	G#3	80	80	0
575	68.821615	68.966146	Bb6	91	80	0
576	68.951823	69.299479	Eb6	86	80	0
577	69.102865	69.539062	Bb6	95	80	0
578	69.246094	69.718750	B5	97	80	0
579	69.283854	69.869792	Eb4	65	80	0
580	69.285156	69.908854	G4	71	80	0
581	69.286458	69.899740	G3	71	80	0
582	69.429688	69.658854	B6	87	80	0
583	69.592448	69.859375	Eb6	93	80	0
584	69.755208	70.069010	B6	89	80	0
585	70.600260	71.319010	C7	70	80	0
586	70.921875	71.718750	G#5	49	80	0
587	71.236979	72.649740	G#4	41	80	0
588	71.460938	72.289062	C6	59	80	0
589	71.736979	73.109375	Bb6	83	80	0
590	72.015625	72.579427	G5	52	80	0
591	72.305990	73.699219	G4	44	80	0
592	72.541667	73.098958	Bb5	64	80	0
593	72.835938	74.158854	G#6	75	80	0
594	73.093750	73.679688	F5	49	80	0
595	73.385417	75.158854	F4	39	80	0
596	73.602865	74.449219	A6	74	80	0
597	73.912760	75.419271	Bb6	80	80	0
598	74.178385	74.619792	G5	50	80	0
599	74.481771	75.579427	G4	37	80	0
600	74.716146	75.279948	Bb5	56	80	0
601	75.005208	76.419271	G#6	70	80	0
602	75.261719	75.878906	F5	44	80	0
603	75.554688	76.250000	F4	30	80	0
604	75.807292	76.188802	G#5	51	80	0
605	76.122396	76.699219	G6	52	80	0
606	76.125000	76.559896	Eb5	40	80	0
607	76.404948	77.079427	Eb4	38	80	0
608	76.410156	76.750000	G5	54	80	0
609	76.684896	77.139323	F4	36	80	0
610	76.692708	77.049479	G#5	58	80	0
611	76.975260	77.309896	G4	46	80	0
612	76.977865	77.449219	Bb5	70	80	0
613	77.265625	77.628906	D6	79	80	0
614	77.557292	78.279948	C6	75	80	0
615	77.557292	78.109375	Bb4	60	80	0
616	77.841146	78.218750	G#4	53	80	0
617	78.072917	78.598958	C5	56	80	0
618	78.113281	78.500000	G#3	43	80	0
619	78.361979	78.674479	C6	67	80	0
620	78.641927	78.949219	G#4	49	80	0
621	78.645833	79.309896	Bb5	62	80	0
622	78.904948	79.160156	G4	43	80	0
623	79.167969	79.539062	Bb4	53	80	0
624	79.167969	79.727865	G3	38	80	0
625	79.424479	79.809896	Bb5	67	80	0
626	79.716146	80.369792	G#5	65	80	0
627	79.717448	80.272135	G4	47	80	0
628	79.996094	80.459635	F4	47	80	0
629	80.273438	80.578125	A5	56	80	0
630	80.281250	80.579427	F#4	42	80	0
631	80.572917	80.949219	C6	64	80	0
632	80.846354	81.199219	G#4	46	80	0
633	80.871094	81.529948	Bb5	56	80	0
634	81.136719	81.463542	G4	40	80	0
635	81.419271	81.709635	Bb4	44	80	0
636	81.421875	81.649740	G3	32	80	0
637	81.725260	82.069010	Bb5	52	80	0
638	82.026042	83.158854	G#5	51	80	0
639	82.031250	82.337240	G4	39	80	0
640	82.324219	82.736979	F4	28	80	0
641	82.705729	83.069010	G#4	36	80	0
642	82.705729	83.119792	F3	28	80	0
643	83.126302	83.529948	G5	42	80	0
644	83.148438	83.526042	Bb4	31	80	0
645	83.152344	83.522135	Eb4	31	80	0
646	83.153646	83.539062	G3	27	80	0
647	83.503906	83.799479	F5	47	80	0
648	83.503906	83.729167	D4	34	80	0
649	83.510417	83.750000	G#3	34	80	0
650	83.795573	84.213542	G5	57	80	0
651	83.799479	84.239583	Eb4	45	80	0
652	83.804688	84.246094	G3	37	80	0
653	83.813802	84.234375	Bb4	46	80	0
654	84.194010	84.699219	F5	62	80	0
655	84.194010	84.369792	D4	52	80	0
656	84.208333	84.369792	G#3	47	80	0
657	84.644531	86.179688	G5	74	80	0
658	84.656250	85.688802	Eb4	55	80	0
659	84.664062	85.549479	Bb4	58	80	0
660	84.673177	85.908854	G3	45	80	0
661	86.164062	87.218750	F5	73	80	0
662	86.173177	87.019531	Bb4	59	80	0
663	86.174479	87.079427	D4	53	80	0
664	86.183594	87.139323	G#3	55	80	0
665	87.748698	88.269531	Bb5	85	80	0
666	87.748698	87.759115	Bb6	78	80	0
667	87.764323	88.259115	Bb4	72	80	0
668	87.773438	88.299479	Eb4	64	80	0
669	87.776042	88.220052	G3	58	80	0
670	88.192708	88.389323	A5	84	80	0
671	88.205729	88.429688	Eb5	71	80	0
672	88.212240	88.529948	C4	66	80	0
673	88.213542	88.438802	F3	67	80	0
674	88.552083	89.049479	Bb5	94	80	0
675	88.554688	88.569010	Bb6	90	80	0
676	88.561198	89.079427	Eb4	76	80	0
677	88.562500	89.019531	G3	77	80	0
678	88.565104	88.989583	Bb4	84	80	0
679	88.994792	89.009115	A6	83	80	0
680	88.998698	89.239583	A5	86	80	0
681	89.010417	89.279948	Eb5	79	80	0
682	89.014323	89.299479	C4	69	80	0
683	89.015625	89.255208	F3	69	80	0
684	89.774740	90.658854	Bb5	50	80	0
685	89.807292	90.729167	Bb3	33	80	0
686	89.807292	90.619792	Bb4	39	80	0
687	89.812500	90.739583	Eb4	34	80	0
688	89.816406	90.739583	G3	31	80	0
689	91.359375	91.522135	F3	29	80	0
690	91.398438	91.550781	A4	40	80	0
691	91.575521	91.654948	G3	36	80	0
692	91.580729	92.819010	Eb5	49	80	0
693	91.704427	91.829427	F3	35	80	0
694	91.764323	92.919271	C6	59	80	0
695	91.833333	91.989583	G3	25	80	0
696	91.924479	91.976562	F3	39	80	0
697	92.000000	92.079427	G3	30	80	0
698	92.072917	92.218750	F3	49	80	0
699	92.216146	92.229167	Bb3	20	80	0
700	92.296875	92.345052	G3	33	80	0
701	92.375000	92.423177	F3	37	80	0
702	92.454427	92.501302	G3	23	80	0
703	92.527344	92.580729	F3	43	80	0
704	92.614583	92.660156	Eb3	43	80	0
705	92.691406	92.731771	F3	31	80	0
706	92.766927	92.821615	Eb3	48	80	0
707	92.855469	92.938802	F3	44	80	0
708	92.930990	92.983073	Eb3	42	80	0
709	93.022135	93.209635	F3	42	80	0
710	93.096354	93.145833	Eb3	44	80	0
711	93.182292	93.236979	A4	56	80	0
712	93.260417	93.316406	Eb3	53	80	0
713	93.264323	93.848958	F5	62	80	0
714	93.355469	93.429688	F3	50	80	0
715	93.365885	94.098958	C6	70	80	0
716	93.505208	93.589844	F3	32	80	0
717	93.580729	93.644531	Eb3	60	80	0
718	93.674479	93.761719	D3	68	80	0
719	93.790365	93.850260	Eb3	59	80	0
720	93.872396	93.929688	D3	72	80	0
721	93.955729	94.013021	Eb3	57	80	0
722	94.046875	94.106771	D3	59	80	0
723	94.135417	94.195312	Eb3	62	80	0
724	94.226562	94.348958	D3	59	80	0
725	94.227865	94.292969	Bb4	66	80	0
726	94.298177	94.859375	F5	61	80	0
727	94.363281	94.459635	D3	49	80	0
728	94.424479	95.079427	D6	89	80	0
729	94.473958	94.716146	D3	56	80	0
730	94.644531	94.723958	Eb3	51	80	0
731	94.765625	94.867188	C3	64	80	0
732	94.904948	94.966146	D3	58	80	0
733	94.981771	95.040365	C3	55	80	0
734	95.075521	95.139323	D3	53	80	0
735	95.154948	95.231771	C3	66	80	0
736	95.247396	95.479167	D3	58	80	0
737	95.251302	95.329427	C5	66	80	0
738	95.326823	95.438802	C3	62	80	0
739	95.333333	95.479167	F5	74	80	0
740	95.451823	96.029948	Eb6	97	80	0
741	95.515625	95.575521	C3	61	80	0
742	95.595052	95.688802	D3	53	80	0
743	95.653646	95.734375	C3	59	80	0
744	95.752604	95.843750	Bb2	81	80	0
745	95.852865	95.933594	C3	67	80	0
746	95.942708	96.015625	Bb2	78	80	0
747	96.039062	96.199219	C3	47	80	0
748	96.123698	96.299479	Bb2	69	80	0
749	96.218750	96.312500	D5	79	80	0
750	96.305990	96.393229	Bb2	70	80	0
751	96.320312	96.628906	F5	78	80	0
752	96.404948	96.472656	C3	62	80	0
753	96.444010	97.339844	F6	97	80	0
754	96.502604	96.628906	Bb2	63	80	0
755	96.580729	96.729167	C3	57	80	0
756	96.640625	96.714844	Bb2	57	80	0
757	96.733073	96.919271	G#2	80	80	0
758	96.848958	96.925781	Bb2	72	80	0
759	96.927083	97.007812	G#2	65	80	0
760	96.927083	96.938802	Eb3	62	80	0
761	97.032552	97.239583	Bb2	63	80	0
762	97.113281	97.209635	G#2	68	80	0
763	97.222656	97.628906	G6	100	80	0
764	97.223958	97.279948	G#2	81	80	0
765	97.287760	97.375000	G#2	70	80	0
766	97.385417	97.458333	Bb2	72	80	0
767	97.466146	97.559896	G#2	66	80	0
768	97.554688	97.718750	Bb2	81	80	0
769	97.636719	97.799479	G#2	72	80	0
770	97.729167	97.799479	Bb2	74	80	0
771	97.773438	98.399740	G#6	106	80	0
772	97.807292	97.881510	G#2	75	80	0
773	97.897135	97.973958	Bb2	74	80	0
774	97.977865	98.050781	G#2	78	80	0
775	98.059896	98.125000	Bb2	62	80	0
776	98.139323	98.299479	G#2	69	80	0
777	98.234375	98.329427	Bb2	59	80	0
778	98.311198	98.391927	G#2	67	80	0
779	98.363281	98.688802	A6	108	80	0
780	98.395833	98.559896	Bb2	78	80	0
781	98.522135	98.639323	G#2	61	80	0
782	98.574219	98.636719	Bb2	62	80	0
783	98.651042	98.799479	G#2	69	80	0
784	98.744792	98.889323	Bb2	64	80	0
785	98.804688	98.908854	G#2	63	80	0
786	98.902344	98.963542	Bb2	62	80	0
787	98.971354	99.057292	G#2	64	80	0
788	99.065104	99.141927	Bb2	72	80	0
789	99.152344	99.226562	G#2	75	80	0
790	99.157552	100.539062	Bb6	105	80	0
791	99.238281	99.419271	Bb2	74	80	0
792	99.330729	99.500000	G#2	72	80	0
793	99.425781	99.519531	Bb2	55	80	0
794	99.514323	99.669271	G#2	59	80	0
795	99.605469	99.750000	Bb2	59	80	0
796	99.684896	99.859375	G#2	67	80	0
797	99.805990	99.971354	G2	70	80	0
798	99.813802	100.089844	F2	64	80	0
799	99.963542	100.250000	G#2	66	80	0
800	100.123698	100.285156	Bb2	89	80	0
801	100.261719	100.430990	G#2	79	80	0
802	100.423177	100.595052	G2	88	80	0
803	100.428385	100.509115	G3	75	80	0
804	100.583333	100.869792	F2	92	80	0
805	100.583333	100.589844	F3	80	80	0
806	100.838542	101.500000	Eb3	103	80	0
807	100.839844	103.329427	Eb2	99	80	0
808	101.631510	101.929688	Eb3	93	80	0
809	101.634115	101.959635	G3	83	80	0
810	102.035156	103.319010	G4	95	80	0
811	102.042969	102.217448	Eb3	81	80	0
812	102.046875	102.203125	G3	84	80	0
813	102.367188	102.505208	D3	87	80	0
814	102.369792	102.519531	G2	79	80	0
815	102.375000	102.510417	G3	71	80	0
816	102.644531	102.829427	D3	77	80	0
817	102.647135	102.777344	G3	80	80	0
818	102.651042	102.848958	Eb3	75	80	0
819	102.916667	103.071615	C3	92	80	0
820	102.917969	103.071615	G3	91	80	0
821	103.203125	103.304688	C3	81	80	0
822	103.203125	103.294271	G3	92	80	0
823	103.462240	103.606771	G4	96	80	0
824	103.463542	103.613281	Bb2	88	80	0
825	103.464844	103.602865	G3	84	80	0
826	103.734375	103.875000	G#4	98	80	0
827	103.735677	104.209635	Bb2	84	80	0
828	103.735677	104.199219	G3	83	80	0
829	103.736979	103.859375	G4	92	80	0
830	104.005208	104.419271	Bb4	99	80	0
831	104.011719	104.019531	C3	83	80	0
832	104.013021	104.209635	G#2	82	80	0
833	104.013021	104.179688	G2	83	80	0
834	104.013021	104.166667	Eb3	83	80	0
835	104.283854	104.473958	C5	100	80	0
836	104.295573	104.477865	Eb3	90	80	0
837	104.296875	104.462240	G3	88	80	0
838	104.302083	104.473958	G2	89	80	0
839	104.587240	104.949219	D5	104	80	0
840	104.591146	105.188802	G3	92	80	0
841	104.592448	105.109375	Eb3	93	80	0
842	104.593750	104.839844	G2	94	80	0
843	104.924479	106.519531	Eb5	101	80	0
844	104.934896	105.628906	G2	91	80	0
845	105.333333	105.507812	Eb3	90	80	0
846	105.334635	105.619792	G3	80	80	0
847	105.623698	106.299479	Bb4	99	80	0
848	105.630208	105.899740	Eb3	84	80	0
849	105.631510	105.791667	G3	79	80	0
850	105.635417	105.848958	G2	74	80	0
851	105.903646	106.015625	D3	87	80	0
852	105.906250	106.329427	Eb3	81	80	0
853	105.907552	106.015625	G3	64	80	0
854	106.153646	106.449219	D3	79	80	0
855	106.156250	106.292969	G3	78	80	0
856	106.403646	106.537760	C3	84	80	0
857	106.404948	106.548177	G3	73	80	0
858	106.649740	106.738281	C3	75	80	0
859	106.649740	106.742188	G3	75	80	0
860	106.901042	107.035156	Bb2	77	80	0
861	106.902344	107.026042	G3	76	80	0
862	106.902344	107.179688	D5	94	80	0
863	107.162760	107.359375	Eb5	97	80	0
864	107.165365	107.429688	G3	81	80	0
865	107.166667	107.598958	Bb2	80	80	0
866	107.167969	107.419271	Eb3	79	80	0
867	107.427083	107.579427	G#2	79	80	0
868	107.427083	107.582031	F5	98	80	0
869	107.429688	107.438802	G2	81	80	0
870	107.430990	107.539062	C3	77	80	0
871	107.433594	107.570312	Eb3	79	80	0
872	107.437500	107.565104	G3	77	80	0
873	107.705729	107.868490	G5	98	80	0
874	107.714844	107.878906	Eb3	83	80	0
875	107.714844	107.864583	G3	78	80	0
876	107.716146	107.848958	Bb2	77	80	0
877	107.716146	107.868490	G2	80	80	0
878	107.993490	108.229167	G#5	105	80	0
879	107.994792	108.009115	G#6	99	80	0
880	107.996094	108.539062	Eb3	81	80	0
881	108.002604	108.569010	G3	76	80	0
882	108.005208	108.059896	C3	77	80	0
883	108.011719	108.199219	G2	75	80	0
884	108.315104	108.438802	Bb6	101	80	0
885	108.315104	108.709635	Bb5	104	80	0
886	108.325521	108.819010	G2	85	80	0
887	108.695312	108.875000	Eb3	87	80	0
888	108.697917	108.842448	G3	71	80	0
889	109.003906	109.908854	Eb5	98	80	0
890	109.006510	109.279948	Eb3	81	80	0
891	109.006510	109.166667	G3	77	80	0
892	109.283854	109.394531	D3	82	80	0
893	109.286458	109.394531	G3	70	80	0
894	109.292969	109.419271	Eb3	77	80	0
895	109.524740	109.779948	G3	66	80	0
896	109.524740	109.779948	D3	73	80	0
897	109.526042	109.779948	Eb3	73	80	0
898	109.786458	109.928385	G3	72	80	0
899	109.787760	109.927083	C3	76	80	0
900	109.790365	109.930990	Eb3	72	80	0
901	110.054688	110.162760	G3	76	80	0
902	110.054688	110.348958	C3	72	80	0
903	110.062500	110.319010	Eb3	67	80	0
904	110.321615	110.454427	Bb2	84	80	0
905	110.324219	110.453125	G3	77	80	0
906	110.324219	110.628906	Eb6	96	80	0
907	110.325521	110.479167	Eb3	79	80	0
908	110.604167	110.929688	F6	98	80	0
909	110.604167	110.768229	Bb2	69	80	0
910	110.605469	110.763021	G3	73	80	0
911	110.608073	110.766927	Eb3	69	80	0
912	110.895833	111.679688	G6	98	80	0
913	110.903646	111.729167	Bb2	71	80	0
914	110.904948	110.919271	G2	80	80	0
915	110.906250	111.054688	G3	71	80	0
916	110.912760	111.199219	Eb3	76	80	0
917	111.222656	111.598958	G#6	102	80	0
918	111.223958	111.453125	G3	78	80	0
919	111.225260	111.589844	G#2	91	80	0
920	111.226562	111.239583	G2	83	80	0
921	111.229167	111.598958	Eb3	84	80	0
922	111.598958	112.959635	Bb6	105	80	0
923	111.604167	111.968750	G3	78	80	0
924	111.605469	111.919271	G2	78	80	0
925	111.606771	112.059896	Eb3	78	80	0
926	112.115885	113.079427	C7	102	80	0
927	112.132812	113.449219	G#2	81	80	0
928	112.134115	113.429688	Eb3	83	80	0
929	112.135417	113.348958	F3	69	80	0
930	114.940104	115.348958	F4	46	80	0
931	114.944010	115.250000	A2	31	80	0
932	114.964844	115.179688	Eb3	28	80	0
933	114.966146	115.058594	F3	28	80	0
934	115.307292	115.869792	Bb4	68	80	0
935	115.345052	115.908854	F3	36	80	0
936	115.354167	115.829427	Bb3	36	80	0
937	115.361979	115.799479	F4	37	80	0
938	115.364583	115.848958	D3	33	80	0
939	115.364583	115.859375	Bb2	33	80	0
940	116.143229	116.519531	Bb4	73	80	0
941	116.160156	116.489583	D3	42	80	0
942	116.166667	116.463542	Bb2	40	80	0
943	116.173177	116.378906	F4	42	80	0
944	116.174479	116.359375	Bb3	41	80	0
945	116.467448	118.089844	A4	72	80	0
946	116.492188	117.829427	F4	53	80	0
947	116.494792	117.959635	C3	41	80	0
948	116.496094	118.039062	Eb3	48	80	0
949	116.498698	116.509115	C4	43	80	0
950	117.787760	119.299479	G#4	51	80	0
951	117.803385	118.959635	B3	37	80	0
952	117.834635	118.908854	D3	29	80	0
953	117.837240	119.098958	F4	30	80	0
954	119.290365	119.619792	G4	33	80	0
955	119.296875	119.649740	Bb3	26	80	0
956	119.298177	119.557292	Eb3	25	80	0
957	119.895833	120.378906	Eb6	46	80	0
958	119.895833	120.289062	G4	38	80	0
959	119.902344	121.369792	Eb4	31	80	0
960	120.250000	120.589844	D6	59	80	0
961	120.256510	120.576823	G#4	51	80	0
962	120.264323	120.269531	F3	37	80	0
963	120.264323	120.598958	F4	35	80	0
964	120.550781	120.848958	C#6	66	80	0
965	120.557292	120.845052	Bb4	57	80	0
966	120.563802	120.855469	G4	52	80	0
967	120.845052	121.014323	C6	64	80	0
968	120.865885	121.759115	G#4	43	80	0
969	120.865885	121.639323	C5	52	80	0
970	120.996094	121.158854	Bb5	66	80	0
971	121.145833	121.281250	G#5	63	80	0
972	121.277344	121.393229	G5	68	80	0
973	121.410156	121.533854	F#5	65	80	0
974	121.541667	121.664062	F5	66	80	0
975	121.662760	121.803385	E5	64	80	0
976	121.792969	121.946615	Eb5	73	80	0
977	121.924479	122.101562	D5	66	80	0
978	122.054688	122.203125	C#5	71	80	0
979	122.192708	122.338542	C5	64	80	0
980	122.332031	122.515625	B4	70	80	0
981	122.473958	122.755208	Bb4	69	80	0
982	122.640625	122.800781	G#4	61	80	0
983	122.811198	123.105469	G4	49	80	0
984	122.835938	123.339844	F3	33	80	0
985	122.837240	123.359375	Eb3	33	80	0
986	122.843750	123.408854	A2	33	80	0
987	123.005208	123.419271	F4	45	80	0
988	123.320312	124.039062	Bb4	49	80	0
989	123.346354	124.089844	Bb2	30	80	0
990	123.347656	123.878906	D4	35	80	0
991	123.351562	124.059896	F3	30	80	0
992	124.376302	124.819010	Bb4	52	80	0
993	124.403646	125.049479	G#3	33	80	0
994	124.423177	125.049479	D4	35	80	0
995	124.427083	125.128906	Bb2	27	80	0
996	124.998698	125.848958	Bb4	56	80	0
997	125.003906	127.149740	Eb4	44	80	0
998	125.029948	126.459635	Eb3	31	80	0
999	125.033854	125.899740	G3	31	80	0
1000	125.776042	126.138021	C5	44	80	0
1001	125.812500	126.169271	G#3	28	80	0
1002	126.126302	126.649740	Bb4	51	80	0
1003	126.132812	126.493490	G3	35	80	0
1004	126.453125	126.769531	G#4	52	80	0
1005	126.480469	127.279948	F3	48	80	0
1006	126.777344	127.105469	G4	54	80	0
1007	126.781250	127.097656	Eb3	47	80	0
1008	127.093750	127.779948	F4	54	80	0
1009	127.106771	127.430990	D3	44	80	0
1010	127.412760	127.819010	Eb3	45	80	0
1011	127.414062	127.929688	G4	54	80	0
1012	127.785156	128.759115	F3	41	80	0
1013	127.794271	129.239583	G#4	54	80	0
1014	127.802083	129.239583	Bb2	39	80	0
1015	128.125000	128.859375	C4	43	80	0
1016	128.472656	128.824219	Eb4	52	80	0
1017	128.813802	129.199219	D4	44	80	0
1018	128.856771	129.229167	F3	24	80	0
1019	129.165365	130.199219	G4	46	80	0
1020	129.174479	130.229167	Eb4	36	80	0
1021	129.201823	130.408854	Eb2	33	80	0
1022	129.207031	129.669271	Eb3	29	80	0
1023	129.505208	129.878906	Bb3	42	80	0
1024	129.506510	129.949219	G2	41	80	0
1025	129.839844	130.479167	C4	44	80	0
1026	129.842448	130.188802	Eb3	35	80	0
1027	129.843750	130.209635	G#2	37	80	0
1028	130.165365	130.959635	Bb3	46	80	0
1029	130.177083	130.485677	G2	40	80	0
1030	130.470052	130.829427	G#3	46	80	0
1031	130.484375	131.029948	F2	46	80	0
1032	130.493490	130.959635	C4	37	80	0
1033	130.791667	131.160156	G3	49	80	0
1034	130.792969	131.149740	Eb2	44	80	0
1035	131.088542	131.399740	D3	49	80	0
1036	131.092448	131.250000	Bb3	46	80	0
1037	131.092448	131.959635	D2	51	80	0
1038	131.093750	131.509115	F3	51	80	0
1039	131.455729	131.869792	G3	45	80	0
1040	131.455729	131.968750	Eb2	46	80	0
1041	131.458333	131.968750	Bb3	48	80	0
1042	131.812500	133.098958	G#3	50	80	0
1043	131.824219	132.389323	Eb4	51	80	0
1044	131.848958	133.259115	F2	38	80	0
1045	131.848958	131.859375	Eb3	40	80	0
1046	131.850260	133.369792	Bb1	39	80	0
1047	131.852865	132.919271	Bb2	38	80	0
1048	132.203125	132.949219	C4	46	80	0
1049	132.555990	132.979167	Eb4	47	80	0
1050	132.908854	133.468750	D4	43	80	0
1051	133.326823	133.598958	F4	38	80	0
1052	133.332031	134.399740	G3	33	80	0
1053	133.351562	134.438802	G2	29	80	0
1054	133.361979	134.598958	Eb2	31	80	0
1055	133.363281	133.369792	Eb3	30	80	0
1056	133.712240	134.041667	D4	37	80	0
1057	134.035156	134.449219	F4	35	80	0
1058	134.376302	135.019531	Eb4	36	80	0
1059	134.680990	135.079427	G#4	46	80	0
1060	134.718750	137.539062	Eb3	34	80	0
1061	134.722656	137.759115	Bb2	32	80	0
1062	134.723958	137.878906	G2	32	80	0
1063	134.993490	135.339844	F4	42	80	0
1064	135.294271	135.604167	G#4	45	80	0
1065	135.596354	136.069010	G4	50	80	0
1066	135.903646	136.289062	C5	49	80	0
1067	136.201823	136.609375	A4	47	80	0
1068	136.501302	136.908854	C5	43	80	0
1069	136.813802	137.177083	Bb4	45	80	0
1070	137.104167	137.479167	F5	52	80	0
1071	137.397135	137.682292	D5	41	80	0
1072	137.684896	137.973958	F5	48	80	0
1073	137.985677	138.348958	Eb5	40	80	0
1074	138.290365	138.619792	G#5	51	80	0
1075	138.304688	139.209635	Eb4	31	80	0
1076	138.312500	139.218750	Bb3	31	80	0
1077	138.313802	139.218750	Eb3	33	80	0
1078	138.319010	139.229167	G3	30	80	0
1079	138.604167	139.128906	F5	49	80	0
1080	138.897135	139.196615	G#5	44	80	0
1081	139.214844	139.609375	G5	43	80	0
1082	139.523438	139.979167	C6	49	80	0
1083	139.533854	140.609375	Eb4	34	80	0
1084	139.545573	140.569010	Bb3	27	80	0
1085	139.546875	140.500000	Eb3	30	80	0
1086	139.555990	140.509115	G3	24	80	0
1087	139.859375	140.229167	A5	42	80	0
1088	140.161458	140.979167	C6	41	80	0
1089	140.494792	141.209635	Bb5	33	80	0
1090	140.940104	145.049479	Eb6	47	80	0
1091	140.966146	141.908854	Eb4	26	80	0
1092	140.972656	141.688802	Bb3	25	80	0
1093	140.979167	141.639323	G3	24	80	0
1094	140.990885	141.679688	Eb3	23	80	0
1095	142.221354	145.098958	Eb2	31	80	0
1096	143.406250	145.069010	Eb5	43	80	0
1097	143.414062	144.878906	Eb3	33	80	0
1098	144.867188	147.500000	C#6	45	80	0
1099	144.904948	147.699219	C#2	25	80	0
1100	146.183594	147.809896	C#3	25	80	0
1101	147.466146	147.829427	C#5	38	80	0
1102	147.503906	147.949219	C#4	14	80	0
1103	149.302083	151.859375	C6	42	80	0
1104	149.304688	151.329427	C5	37	80	0
1105	149.334635	149.589844	C3	26	80	0
1106	149.338542	149.628906	C2	26	80	0
1107	149.907552	150.049479	F3	24	80	0
1108	149.914062	150.039062	G#3	22	80	0
1109	150.196615	150.276042	G#3	30	80	0
1110	150.197917	150.274740	F3	30	80	0
1111	150.490885	150.779948	F3	33	80	0
1112	150.492188	150.563802	G#3	33	80	0
1113	150.757812	151.519531	C3	40	80	0
1114	151.019531	151.106771	G#3	34	80	0
1115	151.024740	151.108073	F3	31	80	0
1116	151.291667	151.809896	G#5	57	80	0
1117	151.307292	151.373698	G#3	33	80	0
1118	151.313802	151.373698	F3	34	80	0
1119	151.562500	151.869792	G#3	38	80	0
1120	151.563802	151.829427	F3	35	80	0
1121	151.824219	152.389323	G#5	67	80	0
1122	151.833333	152.699219	C3	38	80	0
1123	152.078125	152.144531	F3	39	80	0
1124	152.080729	152.144531	G#3	38	80	0
1125	152.350260	152.415365	G#3	33	80	0
1126	152.352865	152.420573	F3	35	80	0
1127	152.600260	152.929688	G#5	68	80	0
1128	152.625000	152.799479	G#3	38	80	0
1129	152.625000	152.739583	F3	38	80	0
1130	152.855469	153.929688	C#6	72	80	0
1131	152.886719	153.718750	C3	43	80	0
1132	152.891927	153.669271	E5	46	80	0
1133	152.917969	153.419271	G5	38	80	0
1134	153.104167	153.195312	G3	36	80	0
1135	153.106771	153.182292	Bb3	37	80	0
1136	153.384115	153.453125	Bb3	45	80	0
1137	153.385417	153.459635	G3	40	80	0
1138	153.643229	153.889323	G3	48	80	0
1139	153.643229	153.819010	Bb3	47	80	0
1140	153.876302	155.419271	Bb5	73	80	0
1141	153.890625	155.149740	G5	61	80	0
1142	153.897135	155.299479	E5	51	80	0
1143	153.899740	153.964844	G3	44	80	0
1144	153.903646	154.729167	C3	44	80	0
1145	154.108073	154.166667	Bb3	42	80	0
1146	154.108073	154.180990	G3	45	80	0
1147	154.367188	154.416667	Bb3	44	80	0
1148	154.369792	154.424479	G3	40	80	0
1149	154.585938	154.869792	Bb3	46	80	0
1150	154.606771	154.929688	G3	42	80	0
1151	154.852865	155.329427	C3	52	80	0
1152	155.070312	155.131510	Bb3	46	80	0
1153	155.071615	155.140625	G3	45	80	0
1154	155.333333	155.397135	G3	43	80	0
1155	155.334635	155.393229	Bb3	47	80	0
1156	155.335938	155.709635	C3	42	80	0
1157	155.574219	155.750000	Bb3	55	80	0
1158	155.575521	155.878906	G3	46	80	0
1159	155.815104	157.389323	Bb5	86	80	0
1160	155.825521	157.098958	G5	70	80	0
1161	155.825521	155.839844	Bb4	62	80	0
1162	155.830729	157.419271	E5	63	80	0
1163	155.833333	156.628906	C3	53	80	0
1164	156.072917	156.143229	G3	41	80	0
1165	156.072917	156.149740	E3	41	80	0
1166	156.324219	156.384115	G3	39	80	0
1167	156.325521	156.384115	E3	38	80	0
1168	156.332031	156.339844	C4	34	80	0
1169	156.550781	156.559896	E4	43	80	0
1170	156.555990	156.848958	E3	44	80	0
1171	156.555990	156.839844	G3	43	80	0
1172	156.804688	157.628906	C3	59	80	0
1173	157.020833	157.083333	E3	44	80	0
1174	157.020833	157.084635	G3	37	80	0
1175	157.247396	157.750000	G5	85	80	0
1176	157.251302	157.322917	E3	47	80	0
1177	157.253906	157.332031	G3	41	80	0
1178	157.496094	157.809896	G3	44	80	0
1179	157.496094	157.809896	E3	39	80	0
1180	157.757812	158.299479	G5	94	80	0
1181	157.764323	158.619792	C3	51	80	0
1182	157.996094	158.119792	E3	47	80	0
1183	158.014323	158.071615	G3	43	80	0
1184	158.236979	158.378906	E3	41	80	0
1185	158.257812	158.378906	G3	43	80	0
1186	158.542969	158.919271	E3	55	80	0
1187	158.545573	158.619792	C4	44	80	0
1188	158.554688	158.819010	G5	90	80	0
1189	158.555990	158.919271	G3	47	80	0
1190	158.819010	160.569010	C6	93	80	0
1191	158.825521	159.579427	G#5	82	80	0
1192	158.832031	159.408854	F5	73	80	0
1193	158.834635	159.628906	C3	64	80	0
1194	159.076823	159.145833	F3	53	80	0
1195	159.078125	159.152344	G#3	50	80	0
1196	159.317708	159.384115	G#3	51	80	0
1197	159.319010	159.384115	F3	48	80	0
1198	159.557292	159.889323	G#3	49	80	0
1199	159.561198	159.864583	F3	48	80	0
1200	159.566406	159.759115	C4	41	80	0
1201	159.786458	159.799479	G#6	89	80	0
1202	159.786458	161.750000	G#5	91	80	0
1203	159.799479	159.809896	F6	75	80	0
1204	159.803385	161.688802	F5	73	80	0
1205	159.805990	160.587240	C3	58	80	0
1206	160.041667	160.102865	F3	57	80	0
1207	160.042969	160.104167	G#3	64	80	0
1208	160.283854	160.342448	G#3	56	80	0
1209	160.283854	160.345052	F3	57	80	0
1210	160.285156	160.339844	C4	51	80	0
1211	160.522135	160.679688	G#3	63	80	0
1212	160.523438	160.584635	F3	59	80	0
1213	160.773438	161.569010	C3	61	80	0
1214	161.016927	161.085938	G#3	56	80	0
1215	161.016927	161.083333	F3	48	80	0
1216	161.023438	161.250000	C4	50	80	0
1217	161.296875	161.364583	G#3	56	80	0
1218	161.302083	161.363281	F3	48	80	0
1219	161.604167	161.674479	G#3	42	80	0
1220	161.609375	161.674479	F3	44	80	0
1221	162.154948	162.389323	F2	35	80	0
1222	162.156250	163.878906	G#5	54	80	0
1223	162.175781	163.359375	F5	42	80	0
1224	162.183594	164.339844	C5	34	80	0
1225	162.481771	162.779948	C3	30	80	0
1226	162.733073	163.009115	D3	39	80	0
1227	162.973958	163.210938	E3	40	80	0
1228	163.229167	163.463542	F3	46	80	0
1229	163.464844	163.683594	G3	37	80	0
1230	163.694010	164.069010	F5	62	80	0
1231	163.703125	163.972656	G#3	43	80	0
1232	163.707031	164.139323	G#4	39	80	0
1233	163.975260	164.269531	Bb3	38	80	0
1234	164.223958	164.899740	F5	73	80	0
1235	164.235677	164.639323	C4	48	80	0
1236	164.447917	164.729167	G#3	52	80	0
1237	164.699219	164.894531	G3	50	80	0
1238	164.907552	165.229167	F5	69	80	0
1239	164.946615	165.139323	F3	52	80	0
1240	165.164062	166.199219	Bb5	81	80	0
1241	165.171875	165.179688	Bb4	62	80	0
1242	165.173177	166.000000	G5	66	80	0
1243	165.174479	166.158854	E5	59	80	0
1244	165.184896	165.468750	C3	52	80	0
1245	165.459635	165.669271	B1	59	80	0
1246	165.684896	166.098958	C2	62	80	0
1247	165.912760	166.169271	B1	65	80	0
1248	166.153646	168.199219	G5	81	80	0
1249	166.165365	166.579427	C2	63	80	0
1250	166.167969	168.069010	E5	64	80	0
1251	166.175781	168.179688	C5	59	80	0
1252	166.412760	166.701823	E2	59	80	0
1253	166.644531	166.914062	G2	52	80	0
1254	166.873698	167.170573	B2	56	80	0
1255	167.134115	167.411458	C3	54	80	0
1256	167.365885	167.843750	Bb2	55	80	0
1257	167.631510	167.847656	G#2	44	80	0
1258	167.869792	168.188802	G2	39	80	0
1259	168.128906	168.549479	F2	47	80	0
1260	168.165365	169.878906	G#5	66	80	0
1261	168.191406	170.209635	C5	40	80	0
1262	168.210938	169.269531	F5	45	80	0
1263	168.375000	168.705729	C3	44	80	0
1264	168.628906	168.928385	D3	52	80	0
1265	168.854167	169.125000	E3	53	80	0
1266	169.102865	169.468750	F3	61	80	0
1267	169.347656	169.651042	G3	45	80	0
1268	169.609375	169.989583	F5	64	80	0
1269	169.613281	170.250000	G#3	52	80	0
1270	169.914062	170.289062	Bb3	47	80	0
1271	170.195312	170.869792	F5	67	80	0
1272	170.216146	171.039062	C5	47	80	0
1273	170.221354	171.119792	G#4	47	80	0
1274	170.225260	170.829427	C4	43	80	0
1275	170.485677	170.789062	G#3	42	80	0
1276	170.756510	170.986979	G3	41	80	0
1277	171.006510	171.408854	F5	59	80	0
1278	171.032552	171.250000	F3	40	80	0
1279	171.295573	172.419271	F#5	64	80	0
1280	171.302083	171.658854	Eb3	48	80	0
1281	171.304688	172.319010	C#5	55	80	0
1282	171.309896	172.179688	F#4	49	80	0
1283	171.315104	171.329427	F#3	40	80	0
1284	171.595052	172.128906	Eb2	46	80	0
1285	171.834635	172.139323	F2	55	80	0
1286	172.082031	172.393229	F#2	57	80	0
1287	172.334635	174.709635	Eb5	67	80	0
1288	172.354167	173.839844	C5	55	80	0
1289	172.355469	172.606771	G#2	50	80	0
1290	172.360677	173.378906	F#4	41	80	0
1291	172.605469	172.949219	A2	50	80	0
1292	172.872396	173.144531	Bb2	57	80	0
1293	173.123698	173.500000	G#2	46	80	0
1294	173.404948	173.656250	F#2	40	80	0
1295	173.407552	174.250000	G#4	48	80	0
1296	173.664062	173.994792	F2	40	80	0
1297	173.947917	174.468750	F#4	39	80	0
1298	173.960938	174.628906	Eb2	34	80	0
1299	174.244792	174.669271	G#2	29	80	0
1300	174.623698	176.549479	F5	53	80	0
1301	174.632812	174.959635	C#2	34	80	0
1302	174.635417	176.029948	C#5	41	80	0
1303	174.645833	176.709635	F4	32	80	0
1304	174.963542	175.549479	C#3	36	80	0
1305	175.194010	175.479167	Eb3	40	80	0
1306	175.455729	175.802083	F3	47	80	0
1307	175.696615	176.119792	F#3	51	80	0
1308	175.933594	176.259115	G#3	55	80	0
1309	175.934896	176.479167	G#4	48	80	0
1310	176.179688	176.519531	C#5	62	80	0
1311	176.182292	176.425781	Bb3	51	80	0
1312	176.434896	176.799479	G#3	55	80	0
1313	176.675781	176.941406	F#3	59	80	0
1314	176.682292	177.259115	C#5	75	80	0
1315	176.717448	177.500000	F4	47	80	0
1316	176.723958	177.479167	G#4	47	80	0
1317	176.920573	177.170573	F3	64	80	0
1318	177.164062	177.449219	Eb3	56	80	0
1319	177.401042	177.619792	C#3	52	80	0
1320	177.401042	177.709635	C#5	74	80	0
1321	177.657552	178.878906	F#5	85	80	0
1322	177.669271	178.479167	Eb5	74	80	0
1323	177.669271	177.929688	G#2	61	80	0
1324	177.671875	178.399740	F#4	63	80	0
1325	177.673177	178.299479	C5	70	80	0
1326	177.923177	178.161458	G1	60	80	0
1327	178.153646	178.609375	G#1	70	80	0
1328	178.382812	178.713542	G1	58	80	0
1329	178.653646	180.878906	Eb5	82	80	0
1330	178.665365	178.946615	G#1	64	80	0
1331	178.665365	180.479167	F#4	59	80	0
1332	178.665365	180.559896	C5	66	80	0
1333	178.914062	179.139323	Bb1	69	80	0
1334	179.145833	179.569010	C2	64	80	0
1335	179.395833	179.718750	C#2	65	80	0
1336	179.643229	179.910156	Eb2	59	80	0
1337	179.882812	180.182292	F2	59	80	0
1338	180.149740	180.739583	F#2	57	80	0
1339	180.394531	180.736979	G#2	49	80	0
1340	180.740885	182.399740	C5	61	80	0
1341	180.742188	182.750000	F5	67	80	0
1342	180.753906	181.809896	F4	49	80	0
1343	180.755208	181.359375	C#2	45	80	0
1344	181.084635	181.334635	A2	38	80	0
1345	181.351562	181.601562	Bb2	48	80	0
1346	181.602865	181.882812	A2	48	80	0
1347	181.893229	183.819010	F4	48	80	0
1348	181.898438	183.908854	Bb4	57	80	0
1349	181.915365	182.139323	Bb2	42	80	0
1350	182.160156	182.484375	C3	48	80	0
1351	182.361979	182.899740	C#5	62	80	0
1352	182.402344	183.003906	C#3	52	80	0
1353	182.643229	182.989583	Eb3	49	80	0
1354	182.908854	183.679688	C#5	61	80	0
1355	182.912760	183.459635	F3	49	80	0
1356	183.156250	183.709635	C#3	42	80	0
1357	183.416667	183.699219	C3	27	80	0
1358	183.683594	184.029948	Bb2	43	80	0
1359	183.688802	184.229167	C#5	59	80	0
1360	183.973958	185.039062	Eb5	63	80	0
1361	183.993490	186.319010	Bb4	55	80	0
1362	183.994792	184.669271	C3	46	80	0
1363	184.005208	186.489583	F4	36	80	0
1364	184.230469	184.516927	C2	51	80	0
1365	184.506510	184.772135	C#2	58	80	0
1366	184.759115	185.095052	Eb2	57	80	0
1367	185.023438	187.359375	C5	59	80	0
1368	185.027344	185.391927	F2	52	80	0
1369	185.033854	187.079427	C4	48	80	0
1370	185.285156	185.585938	F#2	53	80	0
1371	185.536458	185.865885	F2	47	80	0
1372	185.817708	186.119792	E2	43	80	0
1373	186.092448	187.399740	A4	45	80	0
1374	186.101562	186.739583	F2	37	80	0
1375	186.381510	186.819010	F1	43	80	0
1376	186.654948	187.899740	F4	33	80	0
1377	186.703125	187.019531	G1	27	80	0
1378	186.953125	187.298177	A1	39	80	0
1379	187.303385	187.789062	Bb1	41	80	0
1380	187.322917	189.989583	C#5	52	80	0
1381	187.640625	187.902344	F2	35	80	0
1382	187.904948	188.250000	G2	40	80	0
1383	187.910156	190.218750	F4	40	80	0
1384	188.144531	188.404948	A2	41	80	0
1385	188.152344	188.158854	E4	35	80	0
1386	188.393229	188.666667	Bb2	48	80	0
1387	188.631510	188.885417	C3	51	80	0
1388	188.872396	189.369792	Bb4	68	80	0
1389	188.891927	189.449219	C#3	47	80	0
1390	189.118490	189.381510	Eb3	54	80	0
1391	189.381510	190.109375	Bb4	70	80	0
1392	189.386719	189.869792	F3	49	80	0
1393	189.635417	189.929688	C#3	52	80	0
1394	189.864583	190.139323	C3	55	80	0
1395	190.115885	192.688802	Bb4	77	80	0
1396	190.115885	190.389323	Bb2	59	80	0
1397	190.382812	191.468750	Eb5	83	80	0
1398	190.394531	193.519531	F4	60	80	0
1399	190.397135	190.929688	F2	59	80	0
1400	190.649740	190.959635	F1	63	80	0
1401	190.894531	191.199219	G1	56	80	0
1402	191.115885	191.500000	A1	65	80	0
1403	191.381510	193.649740	C5	71	80	0
1404	191.382812	191.688802	Bb1	63	80	0
1405	191.621094	192.259115	C2	59	80	0
1406	191.882812	192.239583	C#2	60	80	0
1407	192.122396	192.506510	Eb2	55	80	0
1408	192.377604	193.579427	A4	54	80	0
1409	192.404948	192.739583	F2	46	80	0
1410	192.634115	193.121094	Eb2	42	80	0
1411	192.915365	193.123698	C#2	43	80	0
1412	193.148438	193.490885	C2	43	80	0
1413	193.473958	196.128906	C#5	60	80	0
1414	193.492188	193.639323	Bb1	40	80	0
1415	193.522135	195.009115	Bb4	40	80	0
1416	193.524740	195.729167	F4	29	80	0
1417	193.792969	194.123698	A2	40	80	0
1418	194.044271	194.289062	Bb2	45	80	0
1419	194.294271	194.619792	C3	45	80	0
1420	194.542969	195.049479	C#3	47	80	0
1421	194.804688	195.016927	Eb3	39	80	0
1422	195.019531	195.389323	Bb4	55	80	0
1423	195.071615	195.688802	F3	37	80	0
1424	195.312500	195.679688	Eb3	33	80	0
1425	195.602865	196.319010	Bb4	56	80	0
1426	195.605469	196.549479	C#3	36	80	0
1427	195.897135	196.209635	C3	38	80	0
1428	196.154948	196.589844	Bb2	41	80	0
1429	196.472656	196.848958	Bb4	55	80	0
1430	196.480469	196.959635	G#2	33	80	0
1431	196.835938	197.649740	C#5	54	80	0
1432	196.855469	197.989583	Eb4	37	80	0
1433	196.858073	197.559896	G2	35	80	0
1434	196.861979	197.859375	Bb4	42	80	0
1435	197.141927	197.299479	D2	39	80	0
1436	197.414062	197.805990	Eb2	44	80	0
1437	197.705729	198.109375	F2	51	80	0
1438	198.027344	198.393229	G2	48	80	0
1439	198.040365	198.134115	Bb4	51	80	0
1440	198.157552	198.246094	C5	50	80	0
1441	198.251302	198.339844	Bb4	49	80	0
1442	198.320312	198.404948	C5	43	80	0
1443	198.354167	198.809896	G#2	54	80	0
1444	198.382812	198.628906	Eb4	43	80	0
1445	198.398438	198.444010	Bb4	50	80	0
1446	198.473958	198.589844	C5	36	80	0
1447	198.542969	198.669271	Bb4	56	80	0
1448	198.602865	198.675781	C5	36	80	0
1449	198.647135	199.119792	Bb2	58	80	0
1450	198.683594	198.734375	Bb4	51	80	0
1451	198.748698	198.829427	C5	38	80	0
1452	198.824219	199.020833	Bb4	48	80	0
1453	198.893229	199.029948	C5	43	80	0
1454	198.954427	199.408854	G#2	50	80	0
1455	198.954427	199.348958	Eb4	46	80	0
1456	199.033854	199.128906	C5	33	80	0
1457	199.118490	199.165365	Bb4	48	80	0
1458	199.180990	199.259115	C5	34	80	0
1459	199.266927	199.399740	Bb4	52	80	0
1460	199.287760	199.829427	G2	44	80	0
1461	199.343750	199.408854	C5	34	80	0
1462	199.414062	199.457031	Bb4	45	80	0
1463	199.475260	199.559896	C5	42	80	0
1464	199.554688	199.679688	Bb4	46	80	0
1465	199.634115	199.699219	C5	41	80	0
1466	199.639323	200.037760	F2	47	80	0
1467	199.688802	199.889323	Bb4	45	80	0
1468	199.766927	199.878906	C5	39	80	0
1469	199.891927	200.059896	C5	53	80	0
1470	199.971354	200.139323	Bb4	27	80	0
1471	200.048177	200.459635	Eb2	41	80	0
1472	200.108073	200.218750	B4	48	80	0
1473	200.231771	200.285156	B4	42	80	0
1474	200.296875	200.369792	C5	45	80	0
1475	200.345052	200.589844	C#2	38	80	0
1476	200.441406	200.449219	C5	38	80	0
1477	200.442708	200.479167	B4	38	80	0
1478	200.488281	200.639323	B4	43	80	0
1479	200.566406	200.908854	C2	35	80	0
1480	200.571615	200.799479	C5	38	80	0
1481	200.645833	200.779948	B4	40	80	0
1482	200.789062	200.929688	B4	34	80	0
1483	200.852865	201.789062	Bb1	34	80	0
1484	200.941406	201.009115	B4	29	80	0
1485	201.032552	201.169271	C5	43	80	0
1486	201.177083	201.369792	C5	41	80	0
1487	201.204427	201.718750	B4	32	80	0
1488	201.804688	202.179688	G#1	35	80	0
1489	201.819010	203.619792	C5	48	80	0
1490	201.832031	203.378906	C4	39	80	0
1491	201.833333	202.899740	Eb4	36	80	0
1492	202.083333	202.222656	Eb2	36	80	0
1493	202.253906	202.449219	C2	36	80	0
1494	202.385417	202.480469	Eb2	34	80	0
1495	202.494792	202.729167	G#2	34	80	0
1496	202.652344	202.726562	Eb3	36	80	0
1497	202.769531	202.846354	C3	35	80	0
1498	202.911458	203.500000	Eb4	35	80	0
1499	202.914062	202.972656	Eb3	34	80	0
1500	203.006510	203.329427	G#2	38	80	0
1501	203.132812	203.203125	Eb3	36	80	0
1502	203.260417	203.438802	C3	35	80	0
1503	203.363281	203.454427	Eb3	39	80	0
1504	203.484375	203.809896	G#4	50	80	0
1505	203.494792	203.729167	G#3	42	80	0
1506	203.503906	203.869792	Eb4	37	80	0
1507	203.515625	203.809896	C4	35	80	0
1508	203.609375	203.674479	Eb3	27	80	0
1509	203.721354	203.794271	C3	42	80	0
1510	203.841146	204.039062	Eb3	35	80	0
1511	203.996094	204.839844	C3	46	80	0
1512	204.015625	204.529948	G#4	57	80	0
1513	204.044271	204.509115	Eb4	38	80	0
1514	204.046875	204.309896	C4	42	80	0
1515	204.173177	204.299479	G#3	39	80	0
1516	204.274740	205.098958	Eb3	46	80	0
1517	204.393229	204.475260	G#3	38	80	0
1518	204.527344	204.809896	C4	48	80	0
1519	204.649740	204.705729	G#3	42	80	0
1520	204.735677	204.919271	Eb4	44	80	0
1521	204.738281	205.039062	G#4	67	80	0
1522	204.856771	204.957031	G#3	42	80	0
1523	204.990885	207.199219	C#5	73	80	0
1524	205.027344	206.019531	Bb2	50	80	0
1525	205.033854	205.989583	Eb4	45	80	0
1526	205.054688	205.479167	G4	34	80	0
1527	205.154948	205.243490	G3	42	80	0
1528	205.265625	205.500000	Eb3	45	80	0
1529	205.361979	205.445312	G3	41	80	0
1530	205.503906	205.649740	Bb3	47	80	0
1531	205.604167	205.665365	G3	51	80	0
1532	205.694010	205.848958	Eb3	54	80	0
1533	205.812500	206.019531	G3	56	80	0
1534	205.963542	207.859375	Bb4	76	80	0
1535	205.964844	206.609375	C#3	57	80	0
1536	205.967448	207.188802	G4	55	80	0
1537	205.975260	205.989583	C#2	50	80	0
1538	205.997396	207.059896	Eb4	41	80	0
1539	206.115885	206.259115	G3	44	80	0
1540	206.214844	206.295573	Eb3	54	80	0
1541	206.326823	206.402344	G3	52	80	0
1542	206.445312	206.938802	Bb3	54	80	0
1543	206.546875	206.613281	G3	57	80	0
1544	206.644531	206.727865	Eb3	49	80	0
1545	206.766927	206.850260	G3	51	80	0
1546	206.882812	207.479167	C#3	55	80	0
1547	207.014323	207.095052	G3	56	80	0
1548	207.111979	207.319010	Eb3	57	80	0
1549	207.223958	207.302083	G3	50	80	0
1550	207.343750	207.519531	Bb3	53	80	0
1551	207.460938	207.523438	G3	57	80	0
1552	207.536458	207.829427	Eb3	54	80	0
1553	207.643229	207.809896	G3	49	80	0
1554	207.804688	209.019531	Eb5	77	80	0
1555	207.813802	207.819010	C2	59	80	0
1556	207.815104	209.039062	Eb4	64	80	0
1557	207.816406	208.519531	C3	57	80	0
1558	207.824219	209.098958	G#4	59	80	0
1559	207.964844	208.039062	G#3	52	80	0
1560	208.062500	208.250000	Eb3	53	80	0
1561	208.165365	208.236979	G#3	51	80	0
1562	208.276042	208.539062	C4	52	80	0
1563	208.399740	208.455729	G#3	55	80	0
1564	208.473958	209.149740	Eb3	53	80	0
1565	208.593750	208.691406	G#3	49	80	0
1566	208.717448	209.209635	C3	48	80	0
1567	208.839844	208.912760	C4	48	80	0
1568	208.927083	209.188802	G#3	53	80	0
1569	209.063802	209.153646	C4	52	80	0
1570	209.174479	209.468750	D5	76	80	0
1571	209.183594	209.289062	B2	57	80	0
1572	209.191406	209.394531	D4	59	80	0
1573	209.195312	209.539062	G#4	54	80	0
1574	209.303385	209.649740	B2	28	80	0
1575	209.397135	209.688802	G#3	58	80	0
1576	209.675781	210.199219	Eb5	75	80	0
1577	209.684896	210.039062	G#4	58	80	0
1578	209.684896	209.915365	C3	56	80	0
1579	209.684896	209.910156	Eb4	56	80	0
1580	209.833333	209.899740	C4	45	80	0
1581	209.915365	210.229167	G#3	54	80	0
1582	210.048177	210.165365	C4	48	80	0
1583	210.194010	210.759115	F5	79	80	0
1584	210.203125	210.209635	C#2	57	80	0
1585	210.203125	210.434896	C#3	58	80	0
1586	210.207031	210.598958	G#4	59	80	0
1587	210.213542	210.406250	F4	52	80	0
1588	210.332031	210.406250	C#4	46	80	0
1589	210.436198	210.649740	G#3	50	80	0
1590	210.575521	210.688802	C#4	50	80	0
1591	210.725260	211.299479	Eb5	74	80	0
1592	210.726562	210.809896	C#3	58	80	0
1593	210.726562	210.985677	Eb3	58	80	0
1594	210.861979	210.946615	Eb4	48	80	0
1595	210.984375	211.229167	G3	48	80	0
1596	211.096354	211.195312	Eb4	54	80	0
1597	211.210938	211.750000	D5	65	80	0
1598	211.236979	211.789062	F3	54	80	0
1599	211.363281	211.462240	F4	46	80	0
1600	211.503906	211.750000	G#3	48	80	0
1601	211.652344	211.769531	F4	46	80	0
1602	211.809896	211.959635	C#5	51	80	0
1603	211.834635	212.438802	G3	52	80	0
1604	211.933594	212.014323	Eb5	54	80	0
1605	212.027344	212.079427	C#5	54	80	0
1606	212.033854	212.188802	G4	42	80	0
1607	212.104167	212.157552	Eb5	50	80	0
1608	212.187500	212.226562	C#5	52	80	0
1609	212.194010	212.539062	Bb3	47	80	0
1610	212.244792	212.329427	Eb5	55	80	0
1611	212.316406	212.365885	C#5	61	80	0
1612	212.319010	212.429688	G4	51	80	0
1613	212.385417	212.425781	Eb5	56	80	0
1614	212.455729	212.839844	Eb3	51	80	0
1615	212.455729	212.507812	C#5	63	80	0
1616	212.520833	212.578125	Eb5	62	80	0
1617	212.596354	212.829427	Eb4	49	80	0
1618	212.600260	212.653646	C#5	56	80	0
1619	212.670573	212.709635	Eb5	52	80	0
1620	212.707031	212.959635	G3	44	80	0
1621	212.736979	212.787760	C#5	57	80	0
1622	212.802083	212.865885	Eb5	58	80	0
1623	212.835938	213.049479	Eb4	38	80	0
1624	212.886719	212.942708	C#5	58	80	0
1625	212.964844	213.014323	Eb5	54	80	0
1626	212.973958	213.718750	F3	45	80	0
1627	213.014323	213.139323	C#5	50	80	0
1628	213.095052	213.169271	Eb5	46	80	0
1629	213.151042	213.279948	C#5	45	80	0
1630	213.153646	213.339844	F4	35	80	0
1631	213.244792	213.319010	Eb5	49	80	0
1632	213.290365	213.399740	C#5	46	80	0
1633	213.381510	213.489583	Eb5	47	80	0
1634	213.408854	213.476562	C#5	39	80	0
1635	213.454427	213.750000	F4	36	80	0
1636	213.501302	213.639323	Eb5	50	80	0
1637	213.561198	213.639323	C#5	44	80	0
1638	213.664062	214.014323	C5	50	80	0
1639	213.664062	214.279948	G3	39	80	0
1640	213.864583	214.089844	G4	34	80	0
1641	214.028646	214.194010	Bb4	46	80	0
1642	214.040365	214.289062	Bb3	37	80	0
1643	214.226562	214.408854	G4	36	80	0
1644	214.589844	215.539062	G#4	52	80	0
1645	214.611979	216.779948	Eb4	53	80	0
1646	214.626302	215.848958	C4	40	80	0
1647	214.743490	214.832031	Eb5	44	80	0
1648	214.864583	214.953125	C5	47	80	0
1649	214.973958	215.139323	Eb5	50	80	0
1650	215.104167	215.204427	G#5	54	80	0
1651	215.209635	215.283854	Eb6	51	80	0
1652	215.312500	215.421875	C6	49	80	0
1653	215.450521	215.565104	Eb6	55	80	0
1654	215.575521	215.656250	G#6	58	80	0
1655	215.684896	215.783854	G#5	44	80	0
1656	215.821615	215.904948	G#6	59	80	0
1657	215.933594	216.069010	G#5	40	80	0
1658	216.032552	216.438802	C4	42	80	0
1659	216.041667	216.459635	G#3	45	80	0
1660	216.052083	216.209635	G#6	64	80	0
1661	216.156250	216.263021	G#5	44	80	0
1662	216.299479	216.385417	G#6	54	80	0
1663	216.415365	216.589844	G#5	41	80	0
1664	216.539062	216.789062	G#6	66	80	0
1665	216.589844	217.098958	G#3	53	80	0
1666	216.589844	217.109375	C4	49	80	0
1667	216.647135	216.772135	G#5	43	80	0
1668	216.795573	216.885417	G#6	65	80	0
1669	216.911458	216.994792	G#5	51	80	0
1670	217.023438	217.123698	G#6	66	80	0
1671	217.136719	217.309896	G#5	53	80	0
1672	217.277344	217.579427	G#3	61	80	0
1673	217.278646	217.579427	C4	56	80	0
1674	217.295573	217.529948	G#6	74	80	0
1675	217.395833	217.514323	G#5	41	80	0
1676	217.527344	218.968750	F4	61	80	0
1677	217.528646	218.339844	C#4	60	80	0
1678	217.542969	217.769531	G#6	71	80	0
1679	217.673177	217.839844	G#5	52	80	0
1680	217.777344	217.873698	G#6	70	80	0
1681	217.890625	217.975260	G#5	55	80	0
1682	217.998698	218.096354	G#6	76	80	0
1683	218.110677	218.204427	G#5	59	80	0
1684	218.222656	218.334635	G#6	71	80	0
1685	218.338542	218.509115	G#5	67	80	0
1686	218.475260	220.669271	C#4	71	80	0
1687	218.483073	219.289062	Bb3	68	80	0
1688	218.483073	218.729167	G#6	75	80	0
1689	218.604167	218.714844	G#5	54	80	0
1690	218.739583	218.832031	G#6	75	80	0
1691	218.837240	218.944010	G#5	64	80	0
1692	218.970052	219.088542	G#6	86	80	0
1693	219.093750	219.204427	G#5	72	80	0
1694	219.223958	219.342448	G#6	91	80	0
1695	219.347656	219.473958	G#5	76	80	0
1696	219.485677	219.618490	G#6	94	80	0
1697	219.619792	219.789062	G#5	79	80	0
1698	219.753906	219.889323	G#6	97	80	0
1699	219.884115	220.059896	G#5	81	80	0
1700	220.022135	220.161458	G#6	96	80	0
1701	220.156250	220.348958	G#5	83	80	0
1702	220.292969	220.457031	G#6	95	80	0
1703	220.427083	221.069010	G#5	88	80	0
1704	220.648438	222.239583	G#6	96	80	0
1705	220.680990	222.149740	F#4	75	80	0
1706	220.683594	221.929688	Eb4	75	80	0
1707	221.274740	222.109375	F#6	95	80	0
1708	221.611979	222.419271	F6	98	80	0
1709	221.936198	224.408854	Eb4	77	80	0
1710	221.947917	224.438802	C4	67	80	0
1711	222.229167	222.438802	Eb6	89	80	0
1712	222.385417	222.669271	D6	86	80	0
1713	222.526042	222.718750	Eb6	89	80	0
1714	222.664062	222.859375	F6	87	80	0
1715	222.816406	223.149740	F#6	83	80	0
1716	222.975260	223.209635	F6	76	80	0
1717	223.141927	223.348958	Eb6	71	80	0
1718	223.166667	224.819010	G#4	63	80	0
1719	223.303385	223.519531	F6	73	80	0
1720	223.462240	223.799479	Eb6	75	80	0
1721	223.617188	223.949219	C#6	68	80	0
1722	223.773438	224.149740	C6	63	80	0
1723	223.937500	224.399740	Bb5	58	80	0
1724	224.121094	224.628906	G#5	50	80	0
1725	224.334635	224.889323	F#5	41	80	0
1726	224.675781	227.378906	F5	47	80	0
1727	224.735677	225.549479	C#4	26	80	0
1728	225.044271	225.229167	F4	30	80	0
1729	225.045573	225.279948	G#4	34	80	0
1730	225.291667	225.438802	F4	26	80	0
1731	225.294271	225.509115	G#4	36	80	0
1732	225.526042	225.769531	F4	23	80	0
1733	225.535156	225.779948	G#4	36	80	0
1734	225.786458	226.559896	C#4	29	80	0
1735	226.044271	226.188802	G#4	36	80	0
1736	226.050781	226.199219	F4	24	80	0
1737	226.270833	227.679688	G#5	60	80	0
1738	226.304688	226.479167	F4	23	80	0
1739	226.304688	226.449219	G#4	34	80	0
1740	226.542969	226.739583	F4	23	80	0
1741	226.548177	226.769531	G#4	36	80	0
1742	226.764323	227.389323	C#4	31	80	0
1743	226.990885	227.083333	F4	30	80	0
1744	226.994792	227.078125	G#4	35	80	0
1745	227.253906	227.789062	C#6	77	80	0
1746	227.266927	227.337240	G#4	45	80	0
1747	227.281250	227.345052	F4	34	80	0
1748	227.505208	227.709635	F4	27	80	0
1749	227.514323	227.709635	G#4	38	80	0
1750	227.803385	228.919271	C#6	73	80	0
1751	227.804688	228.669271	Eb4	38	80	0
1752	228.024740	228.100260	G#4	39	80	0
1753	228.027344	228.101562	F#4	34	80	0
1754	228.283854	228.345052	F#4	30	80	0
1755	228.285156	228.343750	G#4	36	80	0
1756	228.554688	228.829427	G#4	37	80	0
1757	228.554688	228.739583	F#4	30	80	0
1758	228.794271	230.718750	C6	53	80	0
1759	228.795573	229.579427	Eb4	32	80	0
1760	229.032552	229.093750	G#4	42	80	0
1761	229.033854	229.096354	F#4	36	80	0
1762	229.263021	229.317708	F#4	31	80	0
1763	229.266927	229.320312	G#4	38	80	0
1764	229.485677	229.699219	G#4	41	80	0
1765	229.492188	229.688802	F#4	36	80	0
1766	229.722656	230.628906	Eb4	38	80	0
1767	229.916667	229.973958	G#4	34	80	0
1768	229.920573	229.975260	F#4	28	80	0
1769	230.144531	230.203125	G#4	38	80	0
1770	230.145833	230.204427	F#4	30	80	0
1771	230.385417	230.451823	F#4	34	80	0
1772	230.390625	230.559896	G#4	37	80	0
1773	230.683594	231.468750	F#4	36	80	0
1774	230.691406	232.158854	Eb6	77	80	0
1775	230.914062	230.977865	Eb5	49	80	0
1776	230.916667	230.979167	G#4	37	80	0
1777	230.917969	231.000000	C5	44	80	0
1778	231.149740	231.214844	Eb5	46	80	0
1779	231.152344	231.205729	G#4	30	80	0
1780	231.153646	231.229167	C5	37	80	0
1781	231.384115	231.669271	Eb5	51	80	0
1782	231.385417	231.598958	C5	41	80	0
1783	231.394531	231.639323	G#4	39	80	0
1784	231.593750	232.009115	F#4	48	80	0
1785	231.811198	231.929688	Eb5	45	80	0
1786	231.813802	231.919271	C5	41	80	0
1787	231.815104	231.871094	G#4	35	80	0
1788	232.039062	233.519531	C6	77	80	0
1789	232.053385	232.149740	Eb5	50	80	0
1790	232.054688	232.117188	G#4	38	80	0
1791	232.054688	232.139323	C5	46	80	0
1792	232.294271	232.529948	C5	45	80	0
1793	232.295573	232.509115	Eb5	44	80	0
1794	232.295573	232.399740	F#4	33	80	0
1795	232.299479	232.539062	G#4	36	80	0
1796	232.523438	232.878906	F#4	37	80	0
1797	232.738281	232.949219	Eb5	42	80	0
1798	232.742188	233.079427	C5	43	80	0
1799	232.764323	232.889323	G#4	31	80	0
1800	232.981771	233.549479	G#5	69	80	0
1801	232.985677	233.109375	G#4	42	80	0
1802	232.992188	233.089844	Eb5	42	80	0
1803	233.234375	233.429688	G#4	24	80	0
1804	233.235677	233.639323	Eb5	36	80	0
1805	233.235677	233.559896	C5	34	80	0
1806	233.550781	234.459635	F4	34	80	0
1807	233.562500	236.250000	G#5	59	80	0
1808	233.846354	234.009115	C#5	34	80	0
1809	233.854167	234.089844	G#4	26	80	0
1810	234.080729	234.143229	C#5	39	80	0
1811	234.098958	234.145833	G#4	33	80	0
1812	234.311198	234.639323	G#4	39	80	0
1813	234.313802	234.609375	C#5	41	80	0
1814	234.544271	236.029948	C#6	71	80	0
1815	234.552083	235.289062	F4	44	80	0
1816	234.792969	234.864583	C#5	47	80	0
1817	234.792969	234.864583	G#4	41	80	0
1818	235.028646	235.108073	C#5	48	80	0
1819	235.033854	235.105469	G#4	42	80	0
1820	235.270833	235.609375	C#5	53	80	0
1821	235.272135	235.609375	G#4	46	80	0
1822	235.536458	236.279948	F4	53	80	0
1823	235.773438	235.871094	C#5	54	80	0
1824	235.774740	235.979167	G#4	46	80	0
1825	236.040365	236.769531	C#6	84	80	0
1826	236.066406	236.239583	C#5	51	80	0
1827	236.100260	236.269531	G#4	44	80	0
1828	236.364583	236.878906	C#5	54	80	0
1829	236.375000	236.949219	G#4	55	80	0
1830	236.752604	237.399740	E4	57	80	0
1831	236.782552	238.089844	C#6	86	80	0
1832	237.135417	237.255208	C#5	45	80	0
1833	237.135417	237.256510	G#4	47	80	0
1834	237.434896	237.554688	C#5	50	80	0
1835	237.454427	237.949219	E4	32	80	0
1836	237.464844	237.548177	G#4	43	80	0
1837	237.743490	238.179688	C#5	46	80	0
1838	237.769531	238.259115	G#4	49	80	0
1839	238.104167	239.769531	C#6	75	80	0
1840	238.105469	238.829427	E4	42	80	0
1841	238.398438	238.484375	C#5	46	80	0
1842	238.402344	238.579427	G#4	43	80	0
1843	238.665365	238.733073	C#5	45	80	0
1844	238.688802	238.779948	G#4	27	80	0
1845	238.932292	239.299479	C#5	45	80	0
1846	238.938802	239.069010	E4	26	80	0
1847	238.944010	239.289062	G#4	36	80	0
1848	239.213542	240.709635	E4	31	80	0
1849	239.500000	239.679688	C#5	36	80	0
1850	239.502604	239.709635	G#4	34	80	0
1851	239.778646	240.289062	C#6	66	80	0
1852	239.783854	239.899740	C#5	48	80	0
1853	239.807292	240.109375	G#4	37	80	0
1854	240.110677	240.289062	C#5	38	80	0
1855	240.119792	240.869792	G#4	32	80	0
1856	240.296875	240.579427	C#6	45	80	0
1857	240.298177	241.069010	C#5	39	80	0
1858	240.524740	241.688802	Eb4	24	80	0
1859	240.587240	242.009115	C#6	63	80	0
1860	240.916667	241.128906	F#4	28	80	0
1861	240.927083	241.179688	B4	33	80	0
1862	241.192708	241.369792	B4	34	80	0
1863	241.194010	241.359375	F#4	25	80	0
1864	241.475260	241.658854	F#4	23	80	0
1865	241.475260	241.908854	B4	37	80	0
1866	241.783854	242.709635	Eb4	31	80	0
1867	241.786458	243.250000	B5	53	80	0
1868	242.032552	242.169271	B4	39	80	0
1869	242.033854	242.095052	F#4	31	80	0
1870	242.285156	242.479167	B4	39	80	0
1871	242.286458	242.358073	F#4	29	80	0
1872	242.555990	242.878906	B4	34	80	0
1873	242.561198	242.839844	F#4	29	80	0
1874	242.817708	243.750000	Eb4	33	80	0
1875	243.036458	243.289062	B4	40	80	0
1876	243.042969	243.199219	F#4	31	80	0
1877	243.255208	243.869792	B5	56	80	0
1878	243.296875	243.449219	B4	30	80	0
1879	243.304688	243.509115	F#4	25	80	0
1880	243.571615	243.949219	B4	28	80	0
1881	243.575521	243.739583	F#4	19	80	0
1882	243.873698	244.759115	Eb4	37	80	0
1883	243.881510	244.628906	B5	60	80	0
1884	244.154948	244.429688	B4	43	80	0
1885	244.154948	244.279948	F#4	32	80	0
1886	244.434896	245.098958	A5	55	80	0
1887	244.434896	244.628906	B4	42	80	0
1888	244.434896	244.559896	F#4	33	80	0
1889	244.436198	244.449219	B3	34	80	0
1890	244.709635	245.059896	B4	36	80	0
1891	244.710938	245.029948	F#4	28	80	0
1892	244.936198	245.908854	Eb4	26	80	0
1893	245.061198	245.319010	B5	55	80	0
1894	245.214844	245.322917	A5	56	80	0
1895	245.225260	245.348958	B4	43	80	0
1896	245.225260	245.305990	F#4	36	80	0
1897	245.348958	245.549479	G#5	57	80	0
1898	245.489583	245.658854	B4	49	80	0
1899	245.492188	245.575521	F#4	41	80	0
1900	245.492188	245.899740	A5	66	80	0
1901	245.800781	246.179688	B5	70	80	0
1902	245.804688	246.019531	B4	47	80	0
1903	245.813802	246.169271	F#4	41	80	0
1904	245.813802	245.819010	B3	35	80	0
1905	246.130208	247.408854	Eb4	40	80	0
1906	246.136719	246.348958	A5	62	80	0
1907	246.279948	246.569010	B5	70	80	0
1908	246.472656	247.319010	C#6	61	80	0
1909	246.505208	246.718750	F#4	30	80	0
1910	246.516927	246.919271	B4	37	80	0
1911	246.897135	247.429688	B5	51	80	0
1912	246.925781	247.389323	B4	36	80	0
1913	246.927083	247.079427	F#4	29	80	0
1914	247.274740	247.519531	A5	51	80	0
1915	247.277344	247.384115	F#4	36	80	0
1916	247.783854	248.229167	G#5	49	80	0
1917	247.786458	248.799479	E4	36	80	0
1918	247.799479	248.709635	B4	38	80	0
1919	247.821615	247.829427	B3	26	80	0
1920	247.829427	248.729167	G#4	28	80	0
1921	247.938802	248.042969	E6	55	80	0
1922	248.057292	248.184896	B5	54	80	0
1923	248.200521	248.328125	E6	47	80	0
1924	248.338542	248.549479	G#6	63	80	0
1925	248.501302	248.571615	E6	52	80	0
1926	248.601562	248.713542	B5	57	80	0
1927	248.744792	248.834635	E6	59	80	0
1928	248.845052	248.907552	G#5	54	80	0
1929	248.989583	249.072917	E5	52	80	0
1930	249.106771	249.359375	B4	43	80	0
1931	249.231771	249.295573	E5	55	80	0
1932	249.335938	249.463542	G#4	48	80	0
1933	249.473958	249.572917	E4	48	80	0
1934	249.605469	249.739583	B3	40	80	0
1935	249.712240	249.764323	E4	46	80	0
1936	249.796875	249.895833	G#3	39	80	0
1937	249.915365	250.003906	E3	42	80	0
1938	250.015625	250.125000	B2	40	80	0
1939	250.151042	250.223958	E3	47	80	0
1940	250.255208	250.393229	E2	48	80	0
1941	250.261719	250.403646	G#2	52	80	0
1942	250.384115	250.539062	E3	51	80	0
1943	250.529948	250.688802	B2	31	80	0
1944	250.626302	250.695312	E3	28	80	0
1945	250.757812	251.188802	Eb2	47	80	0
1946	250.761719	252.519531	B1	49	80	0
1947	250.770833	251.019531	F#2	44	80	0
1948	250.770833	250.899740	B2	43	80	0
1949	250.914062	251.128906	B2	35	80	0
1950	251.024740	251.569010	F#2	38	80	0
1951	251.026042	251.239583	A2	40	80	0
1952	251.138021	251.369792	B2	44	80	0
1953	251.248698	251.335938	Eb3	46	80	0
1954	251.378906	251.559896	B2	37	80	0
1955	251.464844	251.537760	A2	41	80	0
1956	251.467448	251.589844	Eb3	38	80	0
1957	251.567708	251.673177	B2	44	80	0
1958	251.704427	252.549479	F#2	58	80	0
1959	251.705729	252.549479	F#1	59	80	0
1960	251.714844	252.049479	Eb3	53	80	0
1961	251.833333	251.903646	B3	49	80	0
1962	251.945312	252.024740	A3	44	80	0
1963	252.052083	252.131510	B3	56	80	0
1964	252.166667	252.359375	Eb4	55	80	0
1965	252.264323	252.394531	B3	53	80	0
1966	252.391927	252.496094	A3	50	80	0
1967	252.498698	252.554688	B3	55	80	0
1968	252.656250	253.169271	B1	56	80	0
1969	252.656250	253.250000	F#2	61	80	0
1970	252.657552	252.938802	Eb4	63	80	0
1971	252.660156	253.188802	F#1	57	80	0
1972	252.773438	252.856771	B4	58	80	0
1973	252.894531	253.007812	A4	54	80	0
1974	253.016927	253.123698	B4	58	80	0
1975	253.134115	253.227865	Eb5	60	80	0
1976	253.243490	253.342448	B4	54	80	0
1977	253.364583	253.463542	A4	50	80	0
1978	253.483073	253.524740	B4	52	80	0
1979	253.622396	253.968750	E5	60	80	0
1980	253.623698	254.179688	G#1	51	80	0
1981	253.625000	254.438802	G#2	47	80	0
1982	253.626302	254.149740	B1	47	80	0
1983	253.632812	253.639323	B2	44	80	0
1984	253.744792	253.828125	B5	53	80	0
1985	253.863281	253.946615	G#5	57	80	0
1986	253.966146	254.066406	B5	62	80	0
1987	254.108073	254.230469	E6	56	80	0
1988	254.200521	254.302083	B5	63	80	0
1989	254.315104	254.406250	G#5	58	80	0
1990	254.421875	254.494792	B5	63	80	0
1991	254.542969	254.585938	E5	56	80	0
1992	254.644531	254.735677	B4	58	80	0
1993	254.768229	254.881510	G#4	62	80	0
1994	254.869792	254.934896	B4	56	80	0
1995	254.976562	255.042969	E4	52	80	0
1996	255.089844	255.156250	B3	53	80	0
1997	255.205729	255.378906	G#3	50	80	0
1998	255.303385	255.360677	B3	54	80	0
1999	255.420573	255.500000	E3	51	80	0
2000	255.529948	255.628906	B3	44	80	0
2001	255.638021	255.699219	G#3	42	80	0
2002	255.742188	255.804688	B3	51	80	0
2003	255.852865	255.915365	E4	56	80	0
2004	255.958333	256.016927	B3	44	80	0
2005	256.093750	256.153646	G#3	43	80	0
2006	256.186198	256.264323	B3	53	80	0
2007	256.304688	256.949219	Eb3	53	80	0
2008	256.309896	256.967448	Eb2	51	80	0
2009	256.312500	256.949219	B2	49	80	0
2010	256.312500	256.869792	F#3	50	80	0
2011	256.429688	256.496094	B3	51	80	0
2012	256.535156	256.615885	A3	45	80	0
2013	256.640625	256.717448	B3	47	80	0
2014	256.759115	256.851562	F#4	58	80	0
2015	256.890625	256.970052	B3	55	80	0
2016	257.001302	257.091146	A3	50	80	0
2017	257.096354	257.143229	B3	53	80	0
2018	257.234375	257.649740	B2	51	80	0
2019	257.238281	257.739583	Eb2	52	80	0
2020	257.238281	257.628906	Eb3	59	80	0
2021	257.239583	257.333333	F#4	58	80	0
2022	257.363281	257.432292	B4	60	80	0
2023	257.470052	257.537760	A4	61	80	0
2024	257.572917	257.636719	B4	62	80	0
2025	257.692708	257.753906	F#5	67	80	0
2026	257.782552	257.845052	B4	70	80	0
2027	257.904948	257.970052	A4	63	80	0
2028	257.986979	258.028646	B4	62	80	0
2029	258.125000	258.628906	Eb2	54	80	0
2030	258.131510	258.639323	Eb3	57	80	0
2031	258.132812	258.589844	B2	50	80	0
2032	258.132812	258.213542	F#5	69	80	0
2033	258.235677	258.326823	B5	67	80	0
2034	258.354167	258.446615	A5	60	80	0
2035	258.444010	258.562500	B5	72	80	0
2036	258.592448	258.697917	F#6	68	80	0
2037	258.695312	258.804688	B5	62	80	0
2038	258.802083	258.882812	A5	66	80	0
2039	258.906250	258.967448	B5	61	80	0
2040	259.052083	259.147135	G#5	72	80	0
2041	259.054688	259.319010	E3	55	80	0
2042	259.054688	259.239583	E2	48	80	0
2043	259.061198	259.259115	B2	48	80	0
2044	259.186198	259.274740	G#6	72	80	0
2045	259.281250	259.429688	B5	64	80	0
2046	259.420573	259.500000	G#6	68	80	0
2047	259.506510	259.709635	E4	63	80	0
2048	259.510417	259.608073	G#5	68	80	0
2049	259.513021	259.839844	E3	57	80	0
2050	259.636719	259.725260	G#6	72	80	0
2051	259.727865	259.829427	B5	58	80	0
2052	259.851562	259.955729	G#6	79	80	0
2053	259.962240	260.128906	E4	65	80	0
2054	259.964844	260.259115	E3	63	80	0
2055	259.970052	260.149740	G#5	66	80	0
2056	260.088542	260.182292	G#6	76	80	0
2057	260.184896	260.289062	B5	63	80	0
2058	260.313802	260.416667	G#6	69	80	0
2059	260.427083	260.673177	C#4	72	80	0
2060	260.434896	260.654948	E3	65	80	0
2061	260.434896	260.529948	A6	73	80	0
2062	260.436198	260.654948	C#3	67	80	0
2063	260.436198	260.639323	A5	75	80	0
2064	260.544271	260.654948	A6	82	80	0
2065	260.647135	260.869792	E6	68	80	0
2066	260.785156	260.889323	A6	76	80	0
2067	260.893229	261.179688	C#4	69	80	0
2068	260.897135	261.029948	A6	76	80	0
2069	260.899740	261.309896	C#3	65	80	0
2070	260.899740	261.119792	A5	80	80	0
2071	260.901042	261.229167	E3	66	80	0
2072	261.036458	261.144531	A6	83	80	0
2073	261.136719	261.419271	E6	68	80	0
2074	261.257812	261.384115	A6	85	80	0
2075	261.393229	261.617188	C4	79	80	0
2076	261.395833	261.688802	C3	80	80	0
2077	261.397135	261.408854	Bb5	78	80	0
2078	261.399740	261.613281	E3	68	80	0
2079	261.514323	261.615885	Bb6	91	80	0
2080	261.614583	261.734375	E6	73	80	0
2081	261.735677	261.979167	Bb6	86	80	0
2082	261.865885	262.139323	C4	82	80	0
2083	261.865885	262.059896	Bb5	89	80	0
2084	261.869792	262.149740	C3	83	80	0
2085	261.872396	262.218750	E3	74	80	0
2086	261.986979	262.091146	Bb6	93	80	0
2087	262.085938	262.222656	E6	76	80	0
2088	262.213542	262.348958	Bb6	87	80	0
2089	262.345052	262.609375	B5	95	80	0
2090	262.364583	262.658854	B3	83	80	0
2091	262.372396	262.869792	B2	81	80	0
2092	262.375000	262.750000	E3	73	80	0
2093	262.486979	262.611979	B6	91	80	0
2094	262.604167	262.755208	E6	85	80	0
2095	262.738281	262.899740	B6	89	80	0
2096	262.863281	263.119792	B5	90	80	0
2097	262.884115	263.179688	A3	77	80	0
2098	262.885417	263.188802	A2	80	80	0
2099	262.889323	263.229167	E3	76	80	0
2100	263.009115	263.132812	B6	94	80	0
2101	263.128906	263.278646	E6	76	80	0
2102	263.259115	263.419271	B6	91	80	0
2103	263.391927	263.589844	C6	96	80	0
2104	263.402344	263.609375	G#3	84	80	0
2105	263.403646	263.559896	G#2	85	80	0
2106	263.403646	263.523438	E3	77	80	0
2107	263.527344	263.644531	C7	98	80	0
2108	263.644531	263.760417	E6	76	80	0
2109	263.747396	263.839844	C7	88	80	0
2110	263.954427	264.378906	G#3	72	80	0
2111	263.955729	264.359375	E4	69	80	0
2112	263.957031	264.359375	G#4	78	80	0
2113	263.958333	264.289062	C5	77	80	0
2114	264.106771	264.226562	C6	86	80	0
2115	264.235677	264.438802	E5	75	80	0
2116	264.372396	264.546875	C6	89	80	0
2117	264.524740	264.809896	C#5	83	80	0
2118	264.558594	265.359375	A3	67	80	0
2119	264.565104	265.319010	E4	61	80	0
2120	264.566406	265.309896	A4	72	80	0
2121	264.691406	264.893229	C#6	87	80	0
2122	264.882812	265.127604	E5	75	80	0
2123	265.082031	265.468750	C#6	81	80	0
2124	265.885417	267.109375	C#6	64	80	0
2125	266.165365	266.819010	A4	36	80	0
2126	266.438802	267.281250	A3	36	80	0
2127	266.692708	267.229167	C#5	61	80	0
2128	266.960938	268.199219	B5	72	80	0
2129	267.213542	267.479167	G#4	48	80	0
2130	267.489583	268.584635	G#3	44	80	0
2131	267.492188	267.959635	G#4	40	80	0
2132	267.718750	268.138021	B4	50	80	0
2133	268.001302	268.919271	A5	57	80	0
2134	268.233073	268.779948	F#4	39	80	0
2135	268.514323	269.449219	F#3	41	80	0
2136	268.748698	269.139323	Bb5	66	80	0
2137	269.063802	270.359375	B5	71	80	0
2138	269.332031	269.960938	G#4	50	80	0
2139	269.618490	270.770833	G#3	41	80	0
2140	269.846354	270.356771	B4	54	80	0
2141	270.156250	271.559896	A5	55	80	0
2142	270.444010	270.949219	F#4	34	80	0
2143	270.774740	271.412760	F#3	27	80	0
2144	270.802083	270.809896	G#4	23	80	0
2145	271.020833	271.408854	A4	42	80	0
2146	271.376302	272.089844	G#5	50	80	0
2147	271.380208	271.979167	G#4	42	80	0
2148	271.403646	271.979167	F3	34	80	0
2149	272.011719	272.369792	G5	47	80	0
2150	272.011719	272.789062	E3	37	80	0
2151	272.014323	272.438802	G4	41	80	0
2152	272.932292	274.739583	G5	48	80	0
2153	272.933594	274.250000	Eb4	33	80	0
2154	272.936198	274.079427	G4	38	80	0
2155	272.942708	272.949219	Bb3	29	80	0
2156	272.945312	272.959635	G3	25	80	0
2157	272.947917	274.299479	Eb3	27	80	0
2158	274.686198	275.250000	G#5	49	80	0
2159	274.703125	275.139323	G#4	40	80	0
2160	274.712240	275.399740	F4	30	80	0
2161	274.718750	275.309896	F3	32	80	0
2162	275.399740	275.799479	Bb5	66	80	0
2163	275.403646	275.739583	Bb4	61	80	0
2164	275.407552	275.820312	G3	46	80	0
2165	275.408854	275.739583	G4	52	80	0
2166	275.414062	275.848958	G5	55	80	0
2167	275.785156	276.158854	C6	75	80	0
2168	275.785156	276.098958	G#4	69	80	0
2169	275.786458	276.169271	G#3	60	80	0
2170	275.791667	276.059896	C5	65	80	0
2171	276.178385	276.649740	C#6	88	80	0
2172	276.183594	276.609375	C#5	81	80	0
2173	276.187500	276.598958	Bb3	72	80	0
2174	276.191406	276.609375	Bb4	75	80	0
2175	276.683594	277.098958	Eb6	94	80	0
2176	276.683594	277.000000	Eb5	91	80	0
2177	276.709635	277.019531	C5	72	80	0
2178	276.717448	276.938802	C4	73	80	0
2179	277.860677	279.229167	F6	62	80	0
2180	278.223958	278.500000	C#5	45	80	0
2181	278.506510	279.609375	C#4	37	80	0
2182	278.511719	278.848958	C#5	38	80	0
2183	278.744792	279.079427	F5	52	80	0
2184	279.020833	280.399740	Eb6	74	80	0
2185	279.278646	279.739583	C5	47	80	0
2186	279.545573	280.348958	C4	35	80	0
2187	279.766927	280.779948	Eb5	59	80	0
2188	280.048177	281.209635	C#6	65	80	0
2189	280.292969	281.059896	Bb4	45	80	0
2190	280.574219	281.069010	Bb3	35	80	0
2191	280.790365	281.158854	D6	73	80	0
2192	281.079427	281.589844	Bb3	40	80	0
2193	281.079427	282.339844	Eb6	73	80	0
2194	281.333333	281.750000	C5	45	80	0
2195	281.615885	282.544271	C4	45	80	0
2196	281.846354	282.569010	Eb5	55	80	0
2197	282.102865	283.329427	C#6	61	80	0
2198	282.382812	282.723958	Bb4	45	80	0
2199	282.643229	283.438802	Bb3	40	80	0
2200	282.881510	283.175781	C#5	54	80	0
2201	283.157552	283.718750	C6	56	80	0
2202	283.162760	283.809896	G#4	43	80	0
2203	283.433594	283.889323	C5	51	80	0
2204	283.433594	283.809896	G#3	42	80	0
2205	283.699219	284.149740	C#5	59	80	0
2206	283.701823	284.001302	Bb3	41	80	0
2207	283.962240	284.459635	Eb5	63	80	0
2208	283.972656	284.339844	C4	47	80	0
2209	284.247396	284.589844	G5	68	80	0
2210	284.251302	284.570312	Eb4	55	80	0
2211	284.516927	284.812500	E5	61	80	0
2212	284.528646	284.817708	C4	51	80	0
2213	284.789062	285.046875	C#4	56	80	0
2214	284.796875	285.044271	F5	60	80	0
2215	285.052083	285.729167	F4	52	80	0
2216	285.053385	285.419271	C#3	48	80	0
2217	285.309896	285.707031	C#4	44	80	0
2218	285.325521	285.709635	F5	55	80	0
2219	285.570312	285.894531	D5	57	80	0
2220	285.610677	285.750000	B4	44	80	0
2221	285.613281	285.885417	B3	45	80	0
2222	285.865885	286.229167	Eb5	49	80	0
2223	285.872396	286.134115	C4	42	80	0
2224	285.884115	286.139323	C5	42	80	0
2225	286.121094	287.239583	Eb4	49	80	0
2226	286.143229	286.459635	C3	38	80	0
2227	286.381510	286.696615	Eb5	54	80	0
2228	286.384115	286.739583	C4	35	80	0
2229	286.635417	286.934896	C5	51	80	0
2230	286.636719	286.917969	A3	40	80	0
2231	286.914062	287.279948	C#5	52	80	0
2232	286.914062	287.229167	Bb3	44	80	0
2233	287.162760	287.225260	Bb2	52	80	0
2234	287.180990	287.359375	C#4	56	80	0
2235	287.438802	288.029948	F5	65	80	0
2236	287.463542	287.807292	C#4	44	80	0
2237	287.707031	288.033854	D5	55	80	0
2238	287.730469	288.007812	B3	40	80	0
2239	288.003906	288.348958	Eb5	53	80	0
2240	288.007812	288.419271	C4	42	80	0
2241	288.011719	288.309896	C5	42	80	0
2242	288.292969	289.019531	Eb4	43	80	0
2243	288.296875	288.709635	C3	39	80	0
2244	288.557292	288.949219	Eb5	48	80	0
2245	288.600260	289.059896	C4	29	80	0
2246	288.846354	289.186198	C5	41	80	0
2247	288.878906	289.203125	A3	25	80	0
2248	289.165365	289.979167	C#5	39	80	0
2249	289.203125	289.819010	Bb3	23	80	0
2250	289.532552	289.729167	Bb2	28	80	0
2251	289.532552	289.949219	C#4	26	80	0
2252	289.959635	290.401042	C5	38	80	0
2253	289.973958	290.444010	C3	29	80	0
2254	289.983073	290.434896	G#3	29	80	0
2255	289.983073	290.424479	Eb4	32	80	0
2256	290.395833	290.707031	Bb4	41	80	0
2257	290.398438	290.716146	C#3	34	80	0
2258	290.402344	290.709635	G3	32	80	0
2259	290.712240	291.121094	C5	50	80	0
2260	290.733073	291.348958	Eb4	43	80	0
2261	290.736979	291.309896	G#3	42	80	0
2262	290.743490	291.188802	C3	41	80	0
2263	291.096354	291.609375	Bb4	56	80	0
2264	291.104167	291.539062	G3	42	80	0
2265	291.104167	291.569010	C#3	41	80	0
2266	291.540365	293.109375	C5	70	80	0
2267	291.545573	293.069010	Eb4	58	80	0
2268	291.567708	293.218750	G#3	54	80	0
2269	291.574219	293.139323	C3	48	80	0
2270	293.044271	293.989583	Bb4	73	80	0
2271	293.070312	294.139323	G3	56	80	0
2272	293.080729	294.259115	C#3	53	80	0
2273	293.083333	294.000000	Eb4	53	80	0
2274	294.644531	295.205729	Eb5	82	80	0
2275	294.656250	295.279948	Eb4	67	80	0
2276	294.677083	295.250000	C3	69	80	0
2277	294.680990	295.229167	G#3	62	80	0
2278	295.156250	295.539062	D5	75	80	0
2279	295.158854	295.539062	F3	66	80	0
2280	295.164062	295.669271	G#4	65	80	0
2281	295.164062	295.509115	Bb2	67	80	0
2282	295.516927	296.009115	Eb5	91	80	0
2283	295.524740	296.089844	Eb4	82	80	0
2284	295.527344	296.069010	G#3	76	80	0
2285	295.527344	296.019531	C3	79	80	0
2286	295.930990	296.139323	D5	83	80	0
2287	295.933594	296.169271	G#4	76	80	0
2288	295.934896	296.179688	F3	73	80	0
2289	295.942708	296.139323	Bb2	75	80	0
2290	296.488281	297.789062	Eb5	85	80	0
2291	296.503906	297.718750	G#4	77	80	0
2292	296.505208	297.569010	Eb4	82	80	0
2293	296.510417	297.449219	G#3	84	80	0
2294	296.516927	297.479167	C3	83	80	0
2295	296.518229	297.609375	Eb3	86	80	0
2296	298.117188	298.386719	Bb2	62	80	0
2297	298.201823	298.938802	D4	56	80	0
2298	298.399740	299.598958	G#4	55	80	0
2299	298.514323	298.582031	C3	52	80	0
2300	298.515625	299.769531	F5	66	80	0
2301	298.605469	298.664062	Bb2	52	80	0
2302	298.701823	298.764323	C3	51	80	0
2303	298.787760	298.878906	Bb2	53	80	0
2304	298.873698	298.949219	C3	47	80	0
2305	298.957031	299.016927	Bb2	57	80	0
2306	299.046875	299.109375	C3	52	80	0
2307	299.123698	299.218750	Bb2	60	80	0
2308	299.213542	299.309896	C3	52	80	0
2309	299.276042	299.359375	Bb2	46	80	0
2310	299.358073	299.425781	C3	47	80	0
2311	299.454427	299.524740	Bb2	51	80	0
2312	299.541667	299.613281	G#2	64	80	0
2313	299.632812	299.694010	Bb2	61	80	0
2314	299.705729	299.772135	G#2	67	80	0
2315	299.787760	299.858073	Bb2	62	80	0
2316	299.869792	299.930990	G#2	68	80	0
2317	299.947917	300.039062	Bb2	64	80	0
2318	300.016927	300.101562	G#2	69	80	0
2319	300.092448	300.149740	Bb2	53	80	0
2320	300.161458	300.929688	D4	67	80	0
2321	300.162760	300.339844	G#2	69	80	0
2322	300.269531	300.419271	Bb2	59	80	0
2323	300.272135	301.169271	Bb4	66	80	0
2324	300.346354	300.489583	G#2	59	80	0
2325	300.352865	301.250000	F5	81	80	0
2326	300.425781	300.529948	Bb2	62	80	0
2327	300.497396	300.628906	G#2	52	80	0
2328	300.582031	300.667969	Bb2	58	80	0
2329	300.664062	300.802083	G2	68	80	0
2330	300.815104	301.029948	G#2	64	80	0
2331	300.894531	301.049479	G2	64	80	0
2332	300.992188	301.000000	Bb2	50	80	0
2333	301.057292	301.135417	G2	62	80	0
2334	301.144531	301.408854	G#2	61	80	0
2335	301.221354	301.359375	G2	69	80	0
2336	301.270833	301.399740	Eb4	76	80	0
2337	301.368490	302.209635	Bb4	75	80	0
2338	301.371094	301.449219	G2	66	80	0
2339	301.457031	302.389323	G5	91	80	0
2340	301.463542	301.559896	G2	71	80	0
2341	301.572917	301.609375	G2	59	80	0
2342	301.623698	301.725260	G2	56	80	0
2343	301.739583	301.959635	F2	71	80	0
2344	301.888021	302.000000	A2	52	80	0
2345	301.966146	302.042969	F2	71	80	0
2346	302.050781	302.130208	G2	62	80	0
2347	302.144531	302.222656	F2	62	80	0
2348	302.225260	302.389323	G2	67	80	0
2349	302.311198	302.519531	F2	64	80	0
2350	302.365885	302.455729	F4	80	80	0
2351	302.403646	302.619792	G2	50	80	0
2352	302.464844	303.438802	Bb4	71	80	0
2353	302.570312	303.579427	G#5	101	80	0
2354	302.692708	302.855469	F2	63	80	0
2355	302.854167	302.989583	Eb2	92	80	0
2356	302.964844	303.059896	F2	67	80	0
2357	303.050781	303.149740	Eb2	79	80	0
2358	303.132812	303.279948	F2	63	80	0
2359	303.204427	303.299479	Eb2	71	80	0
2360	303.291667	303.371094	F2	70	80	0
2361	303.376302	303.539062	Eb2	81	80	0
2362	303.430990	303.579427	G4	78	80	0
2363	303.466146	303.628906	F2	76	80	0
2364	303.545573	303.848958	Eb2	82	80	0
2365	303.546875	303.908854	Bb4	85	80	0
2366	303.634115	303.809896	F2	79	80	0
2367	303.673177	304.489583	Bb5	97	80	0
2368	303.822917	303.959635	F2	69	80	0
2369	303.945312	304.139323	C#2	97	80	0
2370	304.065104	304.239583	Eb2	69	80	0
2371	304.153646	304.279948	C#2	76	80	0
2372	304.247396	304.345052	Eb2	70	80	0
2373	304.335938	304.468750	C#2	73	80	0
2374	304.437500	304.699219	Eb2	90	80	0
2375	304.453125	304.929688	C6	103	80	0
2376	304.515625	304.598958	C#2	73	80	0
2377	304.605469	304.679688	C#2	73	80	0
2378	304.686198	304.789062	C#2	72	80	0
2379	304.779948	305.029948	Eb2	75	80	0
2380	304.864583	305.289062	C#2	80	80	0
2381	305.011719	305.688802	C#6	108	80	0
2382	305.018229	305.029948	C#7	102	80	0
2383	305.141927	305.299479	Eb2	72	80	0
2384	305.295573	305.359375	C#2	67	80	0
2385	305.304688	305.449219	Eb2	67	80	0
2386	305.404948	305.569010	C#2	73	80	0
2387	305.507812	305.563802	Eb2	67	80	0
2388	305.572917	306.359375	D6	109	80	0
2389	305.584635	305.684896	C#2	80	80	0
2390	305.697917	305.878906	Eb2	82	80	0
2391	305.792969	305.872396	C#2	76	80	0
2392	305.891927	305.972656	Eb2	76	80	0
2393	305.973958	306.149740	C#2	77	80	0
2394	306.075521	306.169271	Eb2	77	80	0
2395	306.154948	306.269531	C#2	79	80	0
2396	306.255208	306.326823	Eb2	71	80	0
2397	306.337240	306.479167	C#2	74	80	0
2398	306.342448	308.658854	Eb6	107	80	0
2399	306.451823	306.535156	Eb2	78	80	0
2400	306.540365	306.658854	C#2	79	80	0
2401	306.639323	306.819010	Eb2	74	80	0
2402	306.727865	306.809896	C#2	70	80	0
2403	306.822917	306.899740	C#2	78	80	0
2404	306.828125	306.908854	Eb2	75	80	0
2405	306.907552	307.158854	C#2	79	80	0
2406	307.022135	307.378906	C2	88	80	0
2407	307.167969	307.459635	C#2	80	80	0
2408	307.320312	307.529948	Eb2	92	80	0
2409	307.468750	307.739583	C#2	87	80	0
2410	307.653646	307.919271	C2	87	80	0
2411	307.824219	308.059896	Bb1	98	80	0
2412	308.092448	308.500000	G#1	100	80	0
2413	308.936198	309.169271	G#1	89	80	0
2414	308.937500	309.225260	G#2	95	80	0
2415	308.938802	309.213542	C3	92	80	0
2416	309.343750	310.188802	C4	100	80	0
2417	309.354167	309.585938	C3	94	80	0
2418	309.364583	309.591146	G#2	85	80	0
2419	309.713542	309.886719	G2	85	80	0
2420	309.714844	309.886719	C3	85	80	0
2421	310.006510	310.161458	G2	68	80	0
2422	310.011719	310.199219	G#2	69	80	0
2423	310.014323	310.164062	C3	72	80	0
2424	310.294271	310.433594	F2	84	80	0
2425	310.296875	310.420573	C3	77	80	0
2426	310.298177	310.429688	G#2	70	80	0
2427	310.563802	310.686198	F2	75	80	0
2428	310.566406	310.680990	C3	72	80	0
2429	310.569010	310.759115	G#2	64	80	0
2430	310.832031	311.098958	Eb2	89	80	0
2431	310.833333	310.963542	C3	93	80	0
2432	310.833333	310.973958	C4	87	80	0
2433	311.106771	311.250000	C3	89	80	0
2434	311.108073	311.259115	Eb2	84	80	0
2435	311.110677	311.269531	C4	91	80	0
2436	311.111979	311.264323	C#4	93	80	0
2437	311.384115	311.558594	Eb4	98	80	0
2438	311.384115	311.545573	C#2	91	80	0
2439	311.384115	311.579427	C3	92	80	0
2440	311.385417	311.569010	C2	90	80	0
2441	311.385417	311.658854	G#2	86	80	0
2442	311.664062	311.889323	F4	91	80	0
2443	311.666667	311.899740	G#2	88	80	0
2444	311.666667	311.830729	C2	94	80	0
2445	311.667969	311.832031	C3	93	80	0
2446	311.958333	312.309896	G4	100	80	0
2447	311.967448	312.179688	C3	90	80	0
2448	311.972656	312.199219	C2	93	80	0
2449	311.972656	312.239583	G#2	93	80	0
2450	312.298177	312.639323	G#4	102	80	0
2451	312.316406	312.938802	C2	97	80	0
2452	312.701823	312.881510	G#2	95	80	0
2453	312.703125	312.875000	C3	89	80	0
2454	312.710938	312.878906	Eb4	77	80	0
2455	312.984375	313.908854	Eb4	103	80	0
2456	313.000000	313.186198	G#2	90	80	0
2457	313.001302	313.183594	C3	88	80	0
2458	313.285156	313.451823	G2	88	80	0
2459	313.289062	313.453125	C3	90	80	0
2460	313.554688	313.968750	G2	86	80	0
2461	313.554688	313.716146	C3	91	80	0
2462	313.812500	314.059896	F2	93	80	0
2463	313.813802	313.963542	C3	86	80	0
2464	314.065104	314.378906	F2	87	80	0
2465	314.067708	314.203125	C3	85	80	0
2466	314.330729	314.609375	G4	88	80	0
2467	314.332031	314.489583	Eb3	85	80	0
2468	314.333333	314.529948	C3	81	80	0
2469	314.333333	314.598958	Eb2	83	80	0
2470	314.593750	314.919271	G#4	93	80	0
2471	314.601562	314.718750	G#2	83	80	0
2472	314.601562	314.751302	C3	86	80	0
2473	314.605469	315.149740	Eb2	85	80	0
2474	314.867188	315.044271	Bb4	100	80	0
2475	314.872396	315.024740	C#2	88	80	0
2476	315.138021	315.307292	C5	93	80	0
2477	315.151042	315.308594	C3	82	80	0
2478	315.157552	315.305990	C2	79	80	0
2479	315.158854	315.339844	G#2	77	80	0
2480	315.434896	315.779948	C#5	102	80	0
2481	315.455729	315.729167	C3	72	80	0
2482	315.462240	315.989583	G#2	79	80	0
2483	315.475260	315.679688	C2	66	80	0
2484	315.753906	316.359375	Eb5	107	80	0
2485	315.795573	316.039062	C3	86	80	0
2486	315.796875	316.139323	C2	83	80	0
2487	316.157552	316.449219	G#2	84	80	0
2488	316.158854	316.313802	C3	82	80	0
2489	316.437500	317.299479	G#4	96	80	0
2490	316.462240	316.623698	C3	84	80	0
2491	316.463542	316.919271	G#2	85	80	0
2492	316.735677	317.000000	G2	80	80	0
2493	316.738281	316.893229	C3	82	80	0
2494	317.005208	317.299479	G2	74	80	0
2495	317.011719	317.173177	C3	75	80	0
2496	317.013021	317.218750	G#2	73	80	0
2497	317.292969	317.549479	F2	83	80	0
2498	317.294271	317.468750	C3	78	80	0
2499	317.294271	317.500000	G#2	66	80	0
2500	317.555990	317.739583	G#2	65	80	0
2501	317.557292	317.859375	F2	65	80	0
2502	317.559896	317.848958	C3	64	80	0
2503	317.856771	317.869792	G#6	97	80	0
2504	317.858073	318.269531	G#5	99	80	0
2505	317.860677	318.019531	Eb3	82	80	0
2506	317.863281	318.079427	C3	76	80	0
2507	317.864583	318.169271	Eb2	81	80	0
2508	318.160156	318.500000	Bb5	97	80	0
2509	318.162760	318.169271	Bb6	91	80	0
2510	318.174479	318.319010	Eb3	69	80	0
2511	318.174479	318.479167	Eb2	75	80	0
2512	318.177083	318.389323	C3	71	80	0
2513	318.484375	318.679688	C3	73	80	0
2514	318.484375	318.979167	C6	103	80	0
2515	318.485677	318.500000	C7	97	80	0
2516	318.488281	319.229167	Eb2	79	80	0
2517	318.825521	319.279948	C#6	102	80	0
2518	318.839844	321.019531	G#2	88	80	0
2519	318.846354	319.029948	C3	81	80	0
2520	318.847656	319.209635	C#2	82	80	0
2521	319.273438	319.989583	Eb6	102	80	0
2522	319.273438	319.569010	C3	84	80	0
2523	319.274740	319.750000	C2	78	80	0
2524	319.833333	321.218750	F6	99	80	0
2525	319.835938	321.149740	Bb2	86	80	0
2526	319.842448	321.329427	C#2	84	80	0
2527	322.421875	322.839844	Bb4	60	80	0
2528	322.433594	322.809896	F4	42	80	0
2529	322.434896	322.839844	D3	33	80	0
2530	322.444010	322.821615	G#3	35	80	0
2531	322.753906	323.229167	Eb5	68	80	0
2532	322.765625	323.559896	G4	50	80	0
2533	322.773438	323.479167	Eb3	40	80	0
2534	322.774740	323.669271	G3	40	80	0
2535	323.542969	323.951823	Eb5	68	80	0
2536	323.570312	324.029948	G4	45	80	0
2537	323.572917	324.009115	Bb3	40	80	0
2538	323.576823	324.009115	Eb3	41	80	0
2539	323.902344	325.319010	D5	67	80	0
2540	323.924479	325.169271	B4	55	80	0
2541	323.933594	325.209635	G#3	42	80	0
2542	323.933594	325.109375	F3	42	80	0
2543	325.125000	326.759115	C#5	51	80	0
2544	325.173177	326.109375	Bb3	27	80	0
2545	325.177083	325.885417	G3	26	80	0
2546	325.184896	326.009115	E4	28	80	0
2547	326.667969	327.109375	C5	35	80	0
2548	326.679688	327.479167	Eb4	27	80	0
2549	326.696615	327.059896	G#3	23	80	0
2550	326.703125	327.128906	C4	19	80	0
2551	327.255208	328.289062	G#6	67	80	0
2552	327.272135	327.674479	C4	33	80	0
2553	327.278646	327.899740	G#3	30	80	0
2554	327.627604	327.966146	G6	64	80	0
2555	327.631510	328.009115	C#4	46	80	0
2556	327.632812	327.977865	Bb3	46	80	0
2557	327.921875	328.339844	Eb4	56	80	0
2558	327.930990	328.329427	C4	49	80	0
2559	327.942708	328.250000	F#6	71	80	0
2560	328.235677	328.500000	F6	72	80	0
2561	328.235677	329.289062	F4	58	80	0
2562	328.235677	329.579427	C#4	52	80	0
2563	328.397135	328.628906	Eb6	71	80	0
2564	328.533854	328.643229	C#6	77	80	0
2565	328.654948	328.781250	C6	75	80	0
2566	328.777344	328.914062	B5	78	80	0
2567	328.910156	329.023438	Bb5	75	80	0
2568	329.026042	329.164062	A5	76	80	0
2569	329.160156	329.285156	G#5	77	80	0
2570	329.292969	329.401042	G5	76	80	0
2571	329.424479	329.565104	F#5	72	80	0
2572	329.572917	329.579427	F6	65	80	0
2573	329.572917	329.707031	F5	68	80	0
2574	329.707031	329.864583	E5	61	80	0
2575	329.864583	330.050781	Eb5	62	80	0
2576	329.872396	330.001302	G#3	46	80	0
2577	329.880208	330.139323	C#3	40	80	0
2578	329.885417	329.998698	F3	43	80	0
2579	330.035156	330.203125	C#5	64	80	0
2580	330.214844	330.412760	C5	57	80	0
2581	330.247396	330.449219	D3	40	80	0
2582	330.251302	330.529948	G#3	39	80	0
2583	330.253906	330.479167	F3	38	80	0
2584	330.419271	330.628906	Bb4	53	80	0
2585	330.713542	331.221354	Eb5	50	80	0
2586	330.718750	331.225260	Bb4	44	80	0
2587	330.742188	331.229167	Eb3	30	80	0
2588	330.744792	331.223958	G3	28	80	0
2589	331.832031	332.378906	Eb5	50	80	0
2590	331.848958	332.489583	G4	39	80	0
2591	331.856771	332.559896	Bb3	32	80	0
2592	331.864583	332.628906	Eb3	33	80	0
2593	332.484375	333.378906	Eb5	53	80	0
2594	332.514323	335.619792	G#4	41	80	0
2595	332.524740	334.069010	G#3	38	80	0
2596	332.524740	333.449219	C4	35	80	0
2597	333.294271	333.684896	F5	46	80	0
2598	333.321615	333.654948	C#4	41	80	0
2599	333.671875	334.809896	Eb5	56	80	0
2600	333.678385	334.658854	C4	42	80	0
2601	333.686198	333.848958	C5	47	80	0
2602	334.010417	334.688802	C#5	57	80	0
2603	334.027344	334.759115	Bb3	43	80	0
2604	334.343750	334.746094	C5	55	80	0
2605	334.350260	334.727865	G#3	44	80	0
2606	334.673177	335.569010	Bb4	55	80	0
2607	334.694010	335.070312	G3	37	80	0
2608	335.035156	335.579427	C5	56	80	0
2609	335.059896	335.569010	G#3	48	80	0
2610	335.424479	336.619792	C#5	60	80	0
2611	335.462240	336.149740	Bb3	40	80	0
2612	335.473958	337.438802	Eb3	35	80	0
2613	335.803385	336.628906	F4	48	80	0
2614	336.153646	336.555990	G#4	52	80	0
2615	336.157552	336.639323	Bb3	39	80	0
2616	336.539062	336.972656	G4	49	80	0
2617	336.906250	337.500000	C5	49	80	0
2618	336.914062	337.968750	G#4	46	80	0
2619	336.945312	338.369792	G#2	28	80	0
2620	336.946615	338.069010	G#3	27	80	0
2621	337.264323	337.723958	Eb4	54	80	0
2622	337.294271	337.699219	C3	34	80	0
2623	337.613281	338.378906	F4	47	80	0
2624	337.638021	338.158854	C#3	29	80	0
2625	337.959635	339.218750	Eb4	53	80	0
2626	337.986979	338.358073	C3	35	80	0
2627	338.298177	338.899740	C#4	46	80	0
2628	338.307292	339.158854	Bb2	43	80	0
2629	338.649740	339.149740	G#2	41	80	0
2630	338.651042	339.147135	C4	57	80	0
2631	339.013021	339.462240	Bb3	46	80	0
2632	339.014323	339.467448	G2	43	80	0
2633	339.403646	339.949219	C4	53	80	0
2634	339.424479	339.915365	G#2	37	80	0
2635	339.804688	341.619792	C#4	52	80	0
2636	339.817708	340.246094	G#4	47	80	0
2637	339.820312	339.829427	G4	44	80	0
2638	339.860677	341.348958	Bb2	43	80	0
2639	339.864583	341.579427	Eb2	39	80	0
2640	340.230469	341.109375	F4	42	80	0
2641	340.617188	341.066406	G#4	47	80	0
2642	341.048177	341.628906	G4	37	80	0
2643	341.548177	342.739583	C4	34	80	0
2644	341.552083	341.984375	Bb4	43	80	0
2645	341.583333	343.049479	G#1	29	80	0
2646	341.585938	342.799479	G#2	28	80	0
2647	341.587240	341.908854	Eb2	27	80	0
2648	341.994792	342.356771	G4	37	80	0
2649	342.325521	342.733073	Bb4	39	80	0
2650	342.683594	343.158854	G#4	39	80	0
2651	343.036458	343.399740	C#5	45	80	0
2652	343.055990	346.039062	Eb2	33	80	0
2653	343.059896	346.359375	G#1	33	80	0
2654	343.066406	346.179688	C2	33	80	0
2655	343.393229	343.779948	B4	45	80	0
2656	343.714844	344.089844	C#5	44	80	0
2657	344.024740	344.399740	C5	39	80	0
2658	344.355469	344.789062	F5	47	80	0
2659	344.664062	345.003906	D5	35	80	0
2660	344.984375	345.799479	F5	40	80	0
2661	345.315104	346.029948	Eb5	35	80	0
2662	345.608073	346.229167	Bb5	45	80	0
2663	345.915365	346.589844	G5	48	80	0
2664	346.243490	346.938802	Bb5	43	80	0
2665	346.557292	347.128906	G#5	44	80	0
2666	346.877604	347.243490	C#6	51	80	0
2667	346.910156	347.699219	G#3	34	80	0
2668	346.916667	347.619792	Eb3	36	80	0
2669	346.921875	347.549479	G#2	36	80	0
2670	346.923177	347.569010	C3	33	80	0
2671	347.182292	347.679688	B5	57	80	0
2672	347.498698	348.089844	C#6	55	80	0
2673	347.829427	348.438802	C6	51	80	0
2674	348.153646	348.529948	F6	49	80	0
2675	348.157552	348.949219	Eb4	34	80	0
2676	348.158854	349.019531	C4	32	80	0
2677	348.164062	348.889323	G#3	34	80	0
2678	348.476562	348.938802	D6	54	80	0
2679	348.766927	349.408854	F6	51	80	0
2680	349.095052	349.429688	Eb6	50	80	0
2681	349.437500	349.919271	Eb6	44	80	0
2682	349.476562	350.449219	D4	23	80	0
2683	349.493490	350.459635	Bb3	24	80	0
2684	349.493490	350.419271	G#3	24	80	0
2685	349.494792	350.419271	F3	24	80	0
2686	349.777344	350.199219	C6	51	80	0
2687	350.105469	350.509115	Eb6	51	80	0
2688	350.434896	351.908854	D6	48	80	0
2689	350.738281	351.079427	C7	44	80	0
2690	350.746094	352.889323	D4	31	80	0
2691	350.756510	352.908854	Bb3	29	80	0
2692	350.761719	352.908854	G#3	29	80	0
2693	350.770833	352.878906	F3	26	80	0
2694	351.059896	351.819010	A6	48	80	0
2695	351.375000	352.089844	C7	48	80	0
2696	351.684896	352.279948	Bb6	50	80	0
2697	352.003906	352.468750	Eb6	42	80	0
2698	352.304688	352.819010	C6	45	80	0
2699	352.615885	353.059896	Eb6	38	80	0
2700	352.919271	353.408854	D6	50	80	0
2701	353.248698	354.188802	Eb4	32	80	0
2702	353.252604	353.589844	F6	42	80	0
2703	353.255208	354.199219	Bb3	28	80	0
2704	353.263021	354.158854	Eb3	28	80	0
2705	353.270833	354.359375	G3	27	80	0
2706	353.559896	354.188802	D6	53	80	0
2707	353.858073	354.449219	F6	51	80	0
2708	354.154948	354.509115	Eb6	62	80	0
2709	354.466146	355.479167	Eb4	46	80	0
2710	354.467448	355.039062	C7	62	80	0
2711	354.472656	355.529948	Bb3	38	80	0
2712	354.481771	355.429688	Eb3	43	80	0
2713	354.492188	355.579427	G3	36	80	0
2714	354.798177	355.149740	A6	73	80	0
2715	355.117188	355.819010	C7	70	80	0
2716	355.424479	356.098958	Bb6	75	80	0
2717	355.714844	356.089844	F6	63	80	0
2718	355.716146	356.779948	Eb4	53	80	0
2719	355.735677	356.479167	Eb3	42	80	0
2720	355.739583	356.729167	Bb3	43	80	0
2721	355.746094	356.729167	G3	43	80	0
2722	356.035156	356.709635	D6	67	80	0
2723	356.328125	356.662760	F6	67	80	0
2724	356.630208	356.949219	Eb6	78	80	0
2725	356.964844	357.500000	Eb6	74	80	0
2726	356.967448	358.069010	D4	54	80	0
2727	356.984375	358.109375	Bb3	47	80	0
2728	356.992188	358.069010	G#3	46	80	0
2729	356.993490	358.039062	F3	46	80	0
2730	357.334635	357.750000	C6	69	80	0
2731	357.664062	358.098958	Eb6	76	80	0
2732	358.018229	359.718750	D6	80	80	0
2733	358.399740	358.819010	C7	73	80	0
2734	358.404948	360.729167	D4	53	80	0
2735	358.417969	360.799479	Bb3	46	80	0
2736	358.420573	360.739583	G#3	46	80	0
2737	358.436198	360.769531	F3	43	80	0
2738	358.734375	359.069010	A6	75	80	0
2739	359.032552	359.688802	C7	82	80	0
2740	359.324219	359.789062	Bb6	80	80	0
2741	359.643229	360.218750	Eb6	83	80	0
2742	359.976562	360.609375	C6	80	80	0
2743	360.283854	360.701823	Eb6	84	80	0
2744	360.635417	361.179688	D6	85	80	0
2745	361.010417	361.639323	F6	78	80	0
2746	361.015625	362.688802	Eb4	50	80	0
2747	361.031250	362.500000	Eb3	45	80	0
2748	361.031250	362.489583	Bb3	48	80	0
2749	361.033854	362.688802	G3	53	80	0
2750	361.385417	362.359375	D6	85	80	0
2751	361.760417	362.619792	F6	84	80	0
2752	362.223958	363.049479	Eb6	72	80	0
2753	362.864583	366.119792	F6	74	80	0
2754	362.873698	363.408854	G6	66	80	0
2755	362.894531	366.098958	G5	54	80	0
2756	362.901042	366.069010	Bb3	45	80	0
2757	362.903646	366.139323	C#3	45	80	0
2758	365.855469	366.179688	Eb6	45	80	0
2759	365.901042	365.908854	G#5	30	80	0
2760	365.908854	366.309896	C4	31	80	0
2761	365.917969	366.136719	C3	34	80	0
2762	366.634115	370.819010	Eb5	58	80	0
2763	366.634115	370.718750	G#4	56	80	0
2764	366.653646	370.059896	C4	49	80	0
2765	366.654948	369.968750	C3	44	80	0
2766	369.868490	370.500000	G3	32	80	0
2767	369.873698	370.468750	E3	35	80	0
2768	370.558594	374.009115	C#5	60	80	0
2769	370.563802	373.938802	Bb4	51	80	0
2770	370.596354	373.589844	G3	39	80	0
2771	370.598958	373.519531	E3	41	80	0
2772	373.904948	374.369792	C5	32	80	0
2773	373.906250	374.359375	G#4	31	80	0
2774	373.915365	374.192708	G#3	25	80	0
2775	373.919271	374.204427	F3	23	80	0
2776	373.933594	373.938802	F2	21	80	0
2777	374.615885	377.500000	C5	45	80	0
2778	374.653646	377.419271	G#4	37	80	0
2779	374.654948	377.169271	G#3	30	80	0
2780	374.658854	377.378906	F3	29	80	0
2781	378.177083	378.628906	G4	33	80	0
2782	378.178385	378.628906	Eb5	38	80	0
2783	378.220052	378.628906	Bb3	21	80	0
2784	378.233073	378.279948	G#3	18	80	0
2785	378.243490	378.609375	Eb4	19	80	0
2786	378.243490	378.537760	Eb3	20	80	0
2787	379.101562	381.889323	Eb5	38	80	0
2788	379.105469	381.279948	G4	31	80	0
2789	379.115885	379.539062	Eb4	29	80	0
2790	379.117188	381.500000	Bb3	25	80	0
2791	379.125000	381.628906	Eb3	26	80	0
2792	382.460938	382.859375	G#4	36	80	0
2793	382.463542	383.769531	G#3	26	80	0
2794	382.485677	383.559896	C4	22	80	0
2795	382.492188	382.500000	Eb3	20	80	0
2796	382.686198	382.794271	Eb5	34	80	0
2797	382.819010	383.009115	C5	43	80	0
2798	382.945312	383.070312	Eb5	48	80	0
2799	383.092448	383.214844	G#5	51	80	0
2800	383.233073	383.303385	Eb5	45	80	0
2801	383.337240	383.500000	C5	48	80	0
2802	383.471354	383.533854	Eb5	49	80	0
2803	383.582031	383.699219	G#4	51	80	0
2804	383.726562	383.832031	Eb4	46	80	0
2805	383.864583	383.951823	C4	45	80	0
2806	383.984375	384.074219	Eb4	44	80	0
2807	384.108073	384.269531	G#3	41	80	0
2808	384.251302	384.375000	Eb3	38	80	0
2809	384.377604	384.545573	C3	43	80	0
2810	384.493490	384.552083	Eb3	35	80	0
2811	384.604167	384.759115	G#2	50	80	0
2812	384.752604	384.848958	Eb2	36	80	0
2813	384.872396	385.032552	C2	42	80	0
2814	384.973958	385.098958	Eb2	44	80	0
2815	385.113281	385.569010	G#1	51	80	0
2816	385.248698	385.451823	C2	40	80	0
2817	385.352865	385.483073	Eb2	46	80	0
2818	385.473958	385.598958	G#2	47	80	0
2819	385.623698	386.128906	Bb2	49	80	0
2820	385.626302	386.128906	Bb1	47	80	0
2821	385.632812	386.009115	G2	45	80	0
2822	385.635417	386.229167	Eb2	41	80	0
2823	385.635417	385.908854	G1	45	80	0
2824	385.766927	385.908854	Eb3	40	80	0
2825	385.903646	386.109375	C#3	31	80	0
2826	386.001302	386.093750	Eb3	42	80	0
2827	386.143229	386.240885	G3	40	80	0
2828	386.264323	386.367188	Eb3	49	80	0
2829	386.386719	386.493490	C#3	46	80	0
2830	386.511719	386.699219	Eb3	49	80	0
2831	386.635417	387.199219	Bb1	50	80	0
2832	386.643229	387.239583	Bb2	53	80	0
2833	386.653646	387.269531	Eb2	44	80	0
2834	386.656250	387.069010	G3	39	80	0
2835	386.783854	386.864583	Eb4	45	80	0
2836	386.893229	386.994792	C#4	48	80	0
2837	387.005208	387.084635	Eb4	57	80	0
2838	387.123698	387.299479	G4	59	80	0
2839	387.244792	387.347656	Eb4	55	80	0
2840	387.356771	387.490885	C#4	58	80	0
2841	387.481771	387.584635	Eb4	57	80	0
2842	387.596354	388.139323	Bb2	56	80	0
2843	387.604167	388.218750	Eb2	48	80	0
2844	387.605469	388.059896	G4	50	80	0
2845	387.605469	387.718750	Bb1	48	80	0
2846	387.731771	387.812500	Eb5	53	80	0
2847	387.834635	387.944010	C#5	52	80	0
2848	387.964844	388.066406	Eb5	53	80	0
2849	388.104167	388.201823	G5	58	80	0
2850	388.209635	388.300781	Eb5	58	80	0
2851	388.328125	388.425781	C#5	53	80	0
2852	388.438802	388.484375	Eb5	54	80	0
2853	388.580729	389.419271	C3	42	80	0
2854	388.583333	389.500000	C2	45	80	0
2855	388.584635	388.722656	G#5	59	80	0
2856	388.585938	389.489583	Eb2	39	80	0
2857	388.716146	388.859375	Eb6	54	80	0
2858	388.822917	388.921875	C6	51	80	0
2859	388.945312	389.048177	Eb6	57	80	0
2860	389.063802	389.191406	G#6	67	80	0
2861	389.186198	389.252604	Eb6	56	80	0
2862	389.289062	389.345052	C6	56	80	0
2863	389.412760	389.492188	Eb6	61	80	0
2864	389.510417	389.572917	G#5	58	80	0
2865	389.638021	389.712240	Eb5	48	80	0
2866	389.765625	389.822917	C5	45	80	0
2867	389.861979	389.959635	Eb5	52	80	0
2868	389.976562	390.015625	G#4	47	80	0
2869	390.101562	390.183594	Eb4	45	80	0
2870	390.225260	390.302083	C4	30	80	0
2871	390.319010	390.373698	Eb4	46	80	0
2872	390.421875	390.500000	G#3	33	80	0
2873	390.549479	390.640625	Eb3	41	80	0
2874	390.692708	390.776042	C3	28	80	0
2875	390.774740	390.860677	Eb3	38	80	0
2876	390.895833	391.158854	G#2	41	80	0
2877	391.006510	391.115885	Eb3	37	80	0
2878	391.123698	391.246094	C3	39	80	0
2879	391.250000	391.347656	Eb3	38	80	0
2880	391.365885	391.496094	Bb2	47	80	0
2881	391.371094	391.989583	Eb2	45	80	0
2882	391.372396	392.128906	G2	45	80	0
2883	391.373698	391.688802	G1	47	80	0
2884	391.502604	391.609375	Eb3	39	80	0
2885	391.596354	391.899740	C#3	41	80	0
2886	391.714844	391.899740	Eb3	43	80	0
2887	391.842448	391.968750	Bb3	48	80	0
2888	391.985677	392.149740	Eb3	38	80	0
2889	392.110677	392.239583	C#3	31	80	0
2890	392.236979	392.348958	Eb3	28	80	0
2891	392.348958	393.039062	G3	49	80	0
2892	392.354167	393.089844	G2	48	80	0
2893	392.363281	393.109375	Eb3	46	80	0
2894	392.363281	392.869792	Bb3	48	80	0
2895	392.477865	392.605469	Eb4	49	80	0
2896	392.613281	392.789062	C#4	45	80	0
2897	392.733073	392.811198	Eb4	47	80	0
2898	392.834635	392.945312	Bb4	60	80	0
2899	392.955729	393.033854	Eb4	46	80	0
2900	393.075521	393.162760	C#4	50	80	0
2901	393.192708	393.252604	Eb4	50	80	0
2902	393.303385	393.804688	G3	49	80	0
2903	393.304688	393.804688	G2	47	80	0
2904	393.317708	393.800781	Eb3	47	80	0
2905	393.322917	393.519531	Bb4	57	80	0
2906	393.438802	393.544271	Eb5	53	80	0
2907	393.554688	393.670573	C#5	49	80	0
2908	393.680990	393.782552	Eb5	51	80	0
2909	393.795573	393.904948	Bb5	62	80	0
2910	393.914062	393.985677	Eb5	50	80	0
2911	394.002604	394.089844	C#5	53	80	0
2912	394.141927	394.204427	Eb5	47	80	0
2913	394.283854	394.848958	G#3	44	80	0
2914	394.285156	394.859375	Eb3	43	80	0
2915	394.289062	394.739583	G#2	45	80	0
2916	394.294271	394.406250	C5	47	80	0
2917	394.427083	394.507812	Eb5	50	80	0
2918	394.544271	394.621094	C5	41	80	0
2919	394.645833	394.733073	Eb5	54	80	0
2920	394.768229	394.852865	C6	56	80	0
2921	394.875000	394.951823	Eb5	55	80	0
2922	394.989583	395.074219	C5	52	80	0
2923	395.117188	395.179688	Eb5	51	80	0
2924	395.225260	395.769531	F4	54	80	0
2925	395.226562	395.345052	C#5	67	80	0
2926	395.233073	395.938802	G#3	53	80	0
2927	395.233073	395.819010	F3	56	80	0
2928	395.346354	395.444010	G#5	62	80	0
2929	395.467448	395.555990	C#5	59	80	0
2930	395.575521	395.684896	G#5	66	80	0
2931	395.694010	395.800781	C#6	66	80	0
2932	395.800781	395.872396	G#5	66	80	0
2933	395.889323	395.979167	F5	65	80	0
2934	396.011719	396.085938	G#5	75	80	0
2935	396.140625	396.489583	C4	60	80	0
2936	396.141927	396.438802	C3	59	80	0
2937	396.143229	396.339844	Eb5	70	80	0
2938	396.144531	396.619792	G#3	60	80	0
2939	396.274740	396.361979	Eb6	70	80	0
2940	396.365885	396.489583	G#5	71	80	0
2941	396.496094	396.602865	Eb6	78	80	0
2942	396.632812	397.000000	C3	69	80	0
2943	396.632812	396.839844	E5	72	80	0
2944	396.632812	397.139323	G#3	66	80	0
2945	396.632812	396.989583	C4	64	80	0
2946	396.763021	396.868490	E6	76	80	0
2947	396.873698	396.994792	G#5	74	80	0
2948	396.996094	397.115885	E6	77	80	0
2949	397.139323	397.239583	F5	75	80	0
2950	397.145833	397.848958	C#4	67	80	0
2951	397.153646	398.079427	G#3	61	80	0
2952	397.157552	397.908854	C#3	59	80	0
2953	397.257812	397.343750	F6	85	80	0
2954	397.369792	397.476562	F5	81	80	0
2955	397.505208	397.769531	G#5	86	80	0
2956	397.644531	397.765625	F6	81	80	0
2957	397.760417	397.882812	C#6	88	80	0
2958	397.885417	397.998698	G#5	85	80	0
2959	398.000000	398.126302	C#6	90	80	0
2960	398.138021	398.149740	G6	84	80	0
2961	398.138021	398.609375	G5	89	80	0
2962	398.143229	398.938802	Bb3	62	80	0
2963	398.147135	398.839844	Bb2	62	80	0
2964	398.153646	398.839844	Eb3	65	80	0
2965	398.264323	398.403646	Eb6	90	80	0
2966	398.375000	398.532552	C#6	87	80	0
2967	398.505208	398.652344	Eb6	92	80	0
2968	398.649740	398.783854	G6	87	80	0
2969	398.781250	398.914062	Eb6	88	80	0
2970	398.904948	399.053385	C#6	86	80	0
2971	399.032552	399.174479	Eb6	91	80	0
2972	399.192708	399.679688	G5	92	80	0
2973	399.222656	399.549479	C3	68	80	0
2974	399.223958	399.501302	Eb3	67	80	0
2975	399.223958	399.649740	C4	65	80	0
2976	399.352865	399.515625	G6	87	80	0
2977	399.493490	399.869792	C6	86	80	0
2978	399.493490	399.819010	Eb6	83	80	0
2979	399.634115	399.838542	G6	87	80	0
2980	399.813802	399.989583	G#6	92	80	0
2981	399.816406	400.419271	G#5	97	80	0
2982	399.834635	400.449219	C4	56	80	0
2983	399.835938	400.399740	C3	59	80	0
2984	399.838542	400.539062	Eb3	61	80	0
2985	399.996094	400.369792	G#6	96	80	0
2986	400.171875	400.449219	C6	85	80	0
2987	400.171875	400.449219	Eb6	91	80	0
2988	400.381510	400.529948	G#6	97	80	0
2989	401.154948	403.279948	F5	66	80	0
2990	401.210938	402.449219	G#3	33	80	0
2991	401.213542	403.194010	C#3	37	80	0
2992	401.813802	402.529948	A3	58	80	0
2993	402.442708	403.195312	Bb3	48	80	0
2994	402.763021	403.192708	Bb4	50	80	0
2995	403.109375	403.473958	C5	49	80	0
2996	403.114583	403.589844	C4	36	80	0
2997	403.485677	404.069010	C#5	44	80	0
2998	403.492188	404.039062	C#4	34	80	0
2999	403.901042	405.000000	G4	37	80	0
3000	403.933594	405.149740	Eb4	24	80	0
3001	403.934896	405.709635	Eb3	22	80	0
3002	403.938802	405.718750	Bb3	23	80	0
3003	404.714844	406.979167	Eb5	49	80	0
3004	405.733073	408.908854	Eb4	50	80	0
3005	405.748698	408.209635	C4	38	80	0
3006	406.243490	407.149740	C#5	38	80	0
3007	406.739583	409.729167	C5	46	80	0
3008	407.165365	408.039062	C6	62	80	0
3009	407.683594	408.229167	Bb5	61	80	0
3010	408.110677	408.649740	G5	72	80	0
3011	408.485677	408.898438	Bb5	73	80	0
3012	408.494792	409.039062	C4	52	80	0
3013	408.503906	409.109375	G#3	47	80	0
3014	408.845052	409.319010	G#5	74	80	0
3015	409.217448	410.128906	C6	78	80	0
3016	409.235677	410.408854	C4	66	80	0
3017	409.244792	410.509115	G#3	59	80	0
3018	409.651042	410.188802	G#5	86	80	0
3019	410.074219	410.669271	Eb5	84	80	0
3020	410.575521	411.098958	E5	71	80	0
3021	410.582031	411.049479	C4	60	80	0
3022	410.592448	411.119792	G#3	63	80	0
3023	411.432292	414.119792	F5	55	80	0
3024	411.464844	412.408854	C4	33	80	0
3025	411.471354	413.348958	C#3	31	80	0
3026	411.472656	413.188802	G#3	33	80	0
3027	411.947917	412.382812	A3	35	80	0
3028	412.333333	412.774740	Bb3	42	80	0
3029	412.704427	413.156250	C4	36	80	0
3030	413.066406	413.889323	C#4	33	80	0
3031	413.442708	415.739583	Bb4	45	80	0
3032	413.444010	414.046875	C#3	33	80	0
3033	413.829427	414.389323	C5	45	80	0
3034	413.855469	414.389323	Eb3	27	80	0
3035	414.252604	414.908854	C#5	46	80	0
3036	414.296875	414.764323	F3	29	80	0
3037	414.683594	415.789062	G4	43	80	0
3038	414.684896	415.750000	Eb3	34	80	0
3039	415.151042	415.756510	Eb2	29	80	0
3040	415.576823	417.639323	Eb5	48	80	0
3041	415.605469	417.049479	F2	26	80	0
3042	416.153646	416.829427	G2	31	80	0
3043	416.964844	418.729167	Eb4	47	80	0
3044	416.964844	418.899740	C5	47	80	0
3045	416.970052	417.919271	G#4	47	80	0
3046	417.003906	420.389323	G#2	30	80	0
3047	417.011719	420.348958	G#1	30	80	0
3048	418.664062	420.889323	G#4	56	80	0
3049	418.673177	421.289062	C#5	56	80	0
3050	418.683594	420.869792	F2	40	80	0
3051	418.710938	418.718750	C4	34	80	0
3052	419.574219	421.250000	F4	67	80	0
3053	419.608073	421.489583	C#2	51	80	0
3054	420.488281	421.819010	Bb4	85	80	0
3055	420.509115	421.098958	G2	58	80	0
3056	421.509115	422.500000	C#5	87	80	0
3057	421.511719	422.500000	G4	75	80	0
3058	421.514323	422.500000	E4	77	80	0
3059	421.515625	422.069010	Bb1	81	80	0
3060	421.515625	422.209635	Bb2	85	80	0
3061	421.524740	422.789062	G#1	80	80	0
3062	422.854167	426.688802	C#5	94	80	0
3063	422.860677	426.139323	E4	94	80	0
3064	422.864583	427.399740	G4	84	80	0
3065	422.871094	426.069010	Bb2	87	80	0
3066	422.871094	423.029948	Bb1	82	80	0
3067	422.873698	422.878906	G#2	87	80	0
3068	422.877604	426.688802	G#1	80	80	0
3069	425.361979	427.938802	Eb4	59	80	0
3070	427.412760	428.188802	C5	43	80	0
3071	427.424479	428.369792	G#4	39	80	0
3072	427.425781	427.559896	C4	32	80	0
3073	427.425781	427.529948	Eb3	31	80	0
3074	427.430990	428.348958	G#1	30	80	0
3075	427.433594	428.158854	G#2	32	80	0
3076	429.671875	430.819010	C5	41	80	0
3077	429.686198	430.979167	G#4	36	80	0
3078	429.692708	430.949219	G#1	27	80	0
3079	429.694010	430.989583	G#2	29	80	0
3080	429.694010	430.949219	Eb4	27	80	0
3081	429.700521	430.789062	C4	23	80	0
#SofPed	1.513021	102	0
#SofPed	1.539062	0	0
#SofPed	1.545573	103	0
#SofPed	1.628906	0	0
#SofPed	1.638021	101	0
#SusPed	2.570312	80	0
#SusPed	5.079427	0	0
#SusPed	5.091146	82	0
#SusPed	6.128906	0	0
#SusPed	6.144531	64	0
#SusPed	6.289062	0	0
#SusPed	6.710938	67	0
#SofPed	7.639323	0	0
#SusPed	7.779948	0	0
#SusPed	7.794271	69	0
#SusPed	8.009115	0	0
#SusPed	8.450521	67	0
#SusPed	10.399740	0	0
#SusPed	10.406250	84	0
#SusPed	10.628906	0	0
#SusPed	10.634115	59	0
#SusPed	11.059896	0	0
#SusPed	11.067708	47	0
#SusPed	11.769531	0	0
#SusPed	11.783854	58	0
#SusPed	12.199219	0	0
#SusPed	12.207031	63	0
#SusPed	12.429688	0	0
#SusPed	12.434896	59	0
#SusPed	12.769531	0	0
#SusPed	12.778646	63	0
#SusPed	13.039062	0	0
#SusPed	13.045573	60	0
#SusPed	13.449219	0	0
#SusPed	13.455729	69	0
#SusPed	13.598958	0	0
#SusPed	13.895833	89	0
#SofPed	13.981771	90	0
#SusPed	14.329427	0	0
#SusPed	14.339844	68	0
#SusPed	14.509115	0	0
#SusPed	14.962240	72	0
#SofPed	15.299479	0	0
#SofPed	15.311198	61	0
#SusPed	15.489583	0	0
#SusPed	15.497396	69	0
#SusPed	15.639323	0	0
#SusPed	15.652344	67	0
#SusPed	16.438802	0	0
#SusPed	16.451823	70	0
#SusPed	16.709635	0	0
#SusPed	16.717448	77	0
#SusPed	16.759115	0	0
#SusPed	16.769531	77	0
#SusPed	16.959635	0	0
#SusPed	16.964844	81	0
#SusPed	17.218750	0	0
#SusPed	17.226562	83	0
#SusPed	17.378906	0	0
#SusPed	17.393229	84	0
#SusPed	17.419271	0	0
#SusPed	17.427083	86	0
#SofPed	21.309896	0	0
#SusPed	22.128906	0	0
#SusPed	22.143229	70	0
#SusPed	22.479167	0	0
#SusPed	22.485677	63	0
#SusPed	23.089844	0	0
#SusPed	23.097656	57	0
#SusPed	23.649740	0	0
#SusPed	23.658854	72	0
#SusPed	23.799479	0	0
#SusPed	23.813802	50	0
#SusPed	24.128906	0	0
#SusPed	24.141927	58	0
#SusPed	24.359375	0	0
#SusPed	24.365885	72	0
#SusPed	24.899740	0	0
#SusPed	24.904948	69	0
#SusPed	25.158854	0	0
#SusPed	25.167969	69	0
#SusPed	28.109375	0	0
#SusPed	28.121094	79	0
#SusPed	28.319010	0	0
#SusPed	28.325521	65	0
#SusPed	30.989583	0	0
#SusPed	31.001302	75	0
#SusPed	31.109375	0	0
#SusPed	31.123698	58	0
#SusPed	31.218750	0	0
#SusPed	31.234375	83	0
#SusPed	33.908854	0	0
#SusPed	33.920573	71	0
#SusPed	34.169271	0	0
#SusPed	34.180990	79	0
#SusPed	36.829427	0	0
#SusPed	36.843750	60	0
#SusPed	37.000000	0	0
#SusPed	37.007812	80	0
#SusPed	39.709635	0	0
#SusPed	39.722656	88	0
#SusPed	39.908854	0	0
#SusPed	39.923177	52	0
#SofPed	40.036458	66	0
#SofPed	40.229167	0	0
#SofPed	40.238281	55	0
#SofPed	40.419271	0	0
#SofPed	40.428385	56	0
#SofPed	40.519531	0	0
#SofPed	40.524740	59	0
#SofPed	40.598958	0	0
#SofPed	40.605469	65	0
#SofPed	40.848958	0	0
#SofPed	40.861979	61	0
#SofPed	41.169271	0	0
#SofPed	41.179688	73	0
#SofPed	41.299479	0	0
#SofPed	41.309896	62	0
#SusPed	41.579427	0	0
#SusPed	41.593750	63	0
#SofPed	41.598958	0	0
#SofPed	41.611979	67	0
#SofPed	41.739583	0	0
#SofPed	41.744792	69	0
#SusPed	41.759115	0	0
#SusPed	41.769531	71	0
#SofPed	41.889323	0	0
#SusPed	42.179688	0	0
#SusPed	42.184896	65	0
#SusPed	42.369792	0	0
#SusPed	42.382812	77	0
#SofPed	42.403646	61	0
#SofPed	42.449219	0	0
#SofPed	42.455729	59	0
#SofPed	42.919271	0	0
#SofPed	42.933594	71	0
#SusPed	42.968750	0	0
#SusPed	42.983073	66	0
#SusPed	43.209635	0	0
#SusPed	43.222656	59	0
#SofPed	43.250000	0	0
#SofPed	43.263021	57	0
#SusPed	43.839844	0	0
#SusPed	43.851562	66	0
#SusPed	45.598958	0	0
#SusPed	45.614583	57	0
#SusPed	45.769531	0	0
#SusPed	45.778646	49	0
#SusPed	46.169271	0	0
#SusPed	46.183594	47	0
#SusPed	46.369792	0	0
#SusPed	46.376302	67	0
#SusPed	47.169271	0	0
#SusPed	47.174479	64	0
#SusPed	47.309896	0	0
#SusPed	47.316406	64	0
#SusPed	47.408854	0	0
#SusPed	47.414062	69	0
#SusPed	47.479167	0	0
#SusPed	47.485677	74	0
#SofPed	47.500000	0	0
#SusPed	47.819010	0	0
#SusPed	47.833333	77	0
#SusPed	47.979167	0	0
#SusPed	47.986979	79	0
#SusPed	48.069010	0	0
#SusPed	48.082031	78	0
#SusPed	48.209635	0	0
#SusPed	48.214844	83	0
#SusPed	48.569010	0	0
#SusPed	48.579427	64	0
#SusPed	48.739583	0	0
#SusPed	48.744792	69	0
#SusPed	48.848958	0	0
#SusPed	48.864583	65	0
#SusPed	49.009115	0	0
#SusPed	49.022135	61	0
#SusPed	49.079427	0	0
#SusPed	49.084635	60	0
#SusPed	49.119792	0	0
#SusPed	49.127604	58	0
#SusPed	49.158854	0	0
#SusPed	49.165365	56	0
#SusPed	49.259115	0	0
#SusPed	49.270833	54	0
#SusPed	49.319010	0	0
#SusPed	49.332031	55	0
#SusPed	49.408854	0	0
#SusPed	49.414062	60	0
#SusPed	49.609375	0	0
#SusPed	49.623698	69	0
#SusPed	49.729167	0	0
#SusPed	49.735677	60	0
#SusPed	50.059896	0	0
#SusPed	50.066406	64	0
#SusPed	50.438802	0	0
#SusPed	50.447917	65	0
#SusPed	50.619792	0	0
#SusPed	50.626302	53	0
#SusPed	50.718750	0	0
#SusPed	50.727865	56	0
#SusPed	50.799479	0	0
#SusPed	50.805990	62	0
#SusPed	50.979167	0	0
#SusPed	50.992188	54	0
#SusPed	51.149740	0	0
#SusPed	51.157552	60	0
#SusPed	51.359375	0	0
#SusPed	51.371094	72	0
#SusPed	51.399740	0	0
#SusPed	51.414062	70	0
#SusPed	51.559896	0	0
#SusPed	51.566406	58	0
#SusPed	51.968750	0	0
#SusPed	51.983073	79	0
#SusPed	52.209635	0	0
#SusPed	52.222656	93	0
#SusPed	52.449219	0	0
#SusPed	52.463542	69	0
#SofPed	52.884115	46	0
#SusPed	52.949219	0	0
#SusPed	52.955729	87	0
#SofPed	52.968750	0	0
#SofPed	52.981771	47	0
#SofPed	53.059896	0	0
#SofPed	53.066406	41	0
#SusPed	53.158854	0	0
#SusPed	53.164062	90	0
#SusPed	53.250000	0	0
#SusPed	53.255208	89	0
#SofPed	53.419271	0	0
#SofPed	53.433594	43	0
#SusPed	53.468750	0	0
#SusPed	53.477865	56	0
#SofPed	53.519531	0	0
#SofPed	53.532552	45	0
#SusPed	53.699219	0	0
#SusPed	53.710938	62	0
#SofPed	53.739583	0	0
#SofPed	53.752604	46	0
#SofPed	53.809896	0	0
#SofPed	53.817708	52	0
#SofPed	53.968750	0	0
#SofPed	53.977865	73	0
#SusPed	54.049479	0	0
#SusPed	54.063802	65	0
#SofPed	54.079427	0	0
#SofPed	54.085938	86	0
#SusPed	54.229167	0	0
#SusPed	54.234375	66	0
#SofPed	54.239583	0	0
#SofPed	54.248698	85	0
#SusPed	54.619792	0	0
#SusPed	54.632812	64	0
#SusPed	54.819010	0	0
#SusPed	54.830729	60	0
#SusPed	54.959635	0	0
#SusPed	54.973958	65	0
#SusPed	55.199219	0	0
#SofPed	55.209635	0	0
#SusPed	55.213542	64	0
#SusPed	55.339844	0	0
#SusPed	55.347656	67	0
#SusPed	55.509115	0	0
#SusPed	55.522135	63	0
#SusPed	55.598958	0	0
#SusPed	55.608073	66	0
#SusPed	55.968750	0	0
#SusPed	55.981771	65	0
#SusPed	56.229167	0	0
#SusPed	56.234375	65	0
#SusPed	56.459635	0	0
#SusPed	56.471354	66	0
#SusPed	56.769531	0	0
#SusPed	56.777344	66	0
#SusPed	56.869792	0	0
#SusPed	56.876302	69	0
#SusPed	56.949219	0	0
#SusPed	56.955729	71	0
#SusPed	57.109375	0	0
#SusPed	57.123698	58	0
#SusPed	57.378906	0	0
#SusPed	57.385417	51	0
#SusPed	57.519531	0	0
#SusPed	57.526042	59	0
#SusPed	57.919271	0	0
#SusPed	57.930990	66	0
#SusPed	58.468750	0	0
#SusPed	58.484375	69	0
#SusPed	58.639323	0	0
#SusPed	58.645833	75	0
#SusPed	58.688802	0	0
#SusPed	58.700521	73	0
#SusPed	58.869792	0	0
#SusPed	58.875000	60	0
#SusPed	59.009115	0	0
#SusPed	59.015625	61	0
#SusPed	59.348958	0	0
#SusPed	59.361979	64	0
#SusPed	59.759115	0	0
#SusPed	59.774740	59	0
#SusPed	59.908854	0	0
#SusPed	59.923177	62	0
#SusPed	60.259115	0	0
#SusPed	60.266927	62	0
#SusPed	60.459635	0	0
#SusPed	60.467448	63	0
#SusPed	61.098958	0	0
#SusPed	61.105469	54	0
#SusPed	61.229167	0	0
#SusPed	61.243490	64	0
#SusPed	61.479167	0	0
#SusPed	61.484375	65	0
#SusPed	61.658854	0	0
#SusPed	61.670573	64	0
#SusPed	61.889323	0	0
#SusPed	61.894531	57	0
#SusPed	62.009115	0	0
#SusPed	62.022135	44	0
#SusPed	62.169271	0	0
#SusPed	62.180990	64	0
#SusPed	62.459635	0	0
#SusPed	62.467448	77	0
#SusPed	62.509115	0	0
#SusPed	62.519531	81	0
#SusPed	62.579427	0	0
#SusPed	62.592448	80	0
#SusPed	62.819010	0	0
#SusPed	62.826823	63	0
#SusPed	63.000000	0	0
#SusPed	63.013021	79	0
#SusPed	63.179688	0	0
#SusPed	63.194010	73	0
#SusPed	63.408854	0	0
#SusPed	63.417969	58	0
#SusPed	63.569010	0	0
#SusPed	63.580729	54	0
#SusPed	63.899740	0	0
#SusPed	63.914062	59	0
#SusPed	64.279948	0	0
#SusPed	64.285156	97	0
#SusPed	64.569010	0	0
#SusPed	64.574219	59	0
#SusPed	64.679688	0	0
#SusPed	64.867188	53	0
#SusPed	65.188802	0	0
#SusPed	65.195312	85	0
#SusPed	65.579427	0	0
#SusPed	65.589844	73	0
#SusPed	65.799479	0	0
#SusPed	65.804688	55	0
#SusPed	66.259115	0	0
#SusPed	66.266927	89	0
#SusPed	66.569010	0	0
#SusPed	66.575521	56	0
#SusPed	66.729167	0	0
#SusPed	66.742188	85	0
#SusPed	67.019531	0	0
#SusPed	67.027344	79	0
#SusPed	67.109375	0	0
#SusPed	67.222656	65	0
#SusPed	67.598958	0	0
#SusPed	67.614583	80	0
#SusPed	67.750000	0	0
#SusPed	67.763021	66	0
#SusPed	68.139323	0	0
#SusPed	68.149740	68	0
#SusPed	68.299479	0	0
#SusPed	68.304688	76	0
#SusPed	68.679688	0	0
#SusPed	68.684896	60	0
#SusPed	69.250000	0	0
#SusPed	69.255208	84	0
#SusPed	69.459635	0	0
#SusPed	69.472656	60	0
#SusPed	70.329427	0	0
#SusPed	70.335938	64	0
#SusPed	70.658854	0	0
#SusPed	71.576823	71	0
#SusPed	72.039062	0	0
#SusPed	72.053385	73	0
#SusPed	72.309896	0	0
#SusPed	72.315104	66	0
#SusPed	72.529948	0	0
#SusPed	72.540365	54	0
#SusPed	72.669271	0	0
#SusPed	72.675781	49	0
#SusPed	73.128906	0	0
#SusPed	73.134115	47	0
#SusPed	73.199219	0	0
#SusPed	73.210938	49	0
#SusPed	73.339844	0	0
#SusPed	73.345052	55	0
#SusPed	73.408854	0	0
#SusPed	73.424479	59	0
#SusPed	73.979167	0	0
#SusPed	73.984375	61	0
#SusPed	74.579427	0	0
#SusPed	74.587240	57	0
#SusPed	74.809896	0	0
#SusPed	74.816406	58	0
#SusPed	74.989583	0	0
#SusPed	75.002604	57	0
#SusPed	75.039062	0	0
#SusPed	75.050781	55	0
#SusPed	75.289062	0	0
#SusPed	75.303385	51	0
#SusPed	75.549479	0	0
#SusPed	75.558594	49	0
#SusPed	75.589844	0	0
#SusPed	75.596354	48	0
#SusPed	75.908854	0	0
#SusPed	75.917969	57	0
#SusPed	76.069010	0	0
#SusPed	76.083333	64	0
#SusPed	76.158854	0	0
#SusPed	76.164062	64	0
#SusPed	76.438802	0	0
#SusPed	76.451823	61	0
#SusPed	76.718750	0	0
#SusPed	76.730469	61	0
#SusPed	77.069010	0	0
#SusPed	77.076823	62	0
#SusPed	77.259115	0	0
#SusPed	77.265625	62	0
#SusPed	77.359375	0	0
#SusPed	77.372396	58	0
#SusPed	77.539062	0	0
#SusPed	77.553385	51	0
#SusPed	77.809896	0	0
#SusPed	77.824219	63	0
#SusPed	78.109375	0	0
#SusPed	78.115885	72	0
#SusPed	78.229167	0	0
#SusPed	78.236979	72	0
#SusPed	78.628906	0	0
#SusPed	78.640625	63	0
#SusPed	78.899740	0	0
#SusPed	78.910156	56	0
#SusPed	79.309896	0	0
#SusPed	79.321615	72	0
#SusPed	79.718750	0	0
#SusPed	79.725260	64	0
#SusPed	79.938802	0	0
#SusPed	79.954427	51	0
#SusPed	80.279948	0	0
#SusPed	80.285156	57	0
#SusPed	80.369792	0	0
#SusPed	80.381510	54	0
#SusPed	80.859375	0	0
#SusPed	80.865885	49	0
#SusPed	80.908854	0	0
#SusPed	80.914062	48	0
#SusPed	81.229167	0	0
#SusPed	81.238281	62	0
#SusPed	81.408854	0	0
#SusPed	81.423177	74	0
#SusPed	81.819010	0	0
#SusPed	81.833333	63	0
#SusPed	82.019531	0	0
#SusPed	82.031250	46	0
#SusPed	82.348958	0	0
#SusPed	82.363281	51	0
#SusPed	82.819010	0	0
#SusPed	82.834635	66	0
#SusPed	83.128906	0	0
#SusPed	83.144531	57	0
#SusPed	83.429688	0	0
#SusPed	83.440104	52	0
#SusPed	83.809896	0	0
#SusPed	83.819010	56	0
#SusPed	84.009115	0	0
#SusPed	84.022135	60	0
#SofPed	84.085938	77	0
#SofPed	84.319010	0	0
#SofPed	84.325521	55	0
#SofPed	84.639323	0	0
#SofPed	84.652344	57	0
#SusPed	84.688802	0	0
#SusPed	84.695312	68	0
#SusPed	84.809896	0	0
#SofPed	85.119792	0	0
#SofPed	85.134115	67	0
#SusPed	85.273438	74	0
#SofPed	85.628906	0	0
#SusPed	86.259115	0	0
#SusPed	86.265625	75	0
#SusPed	86.529948	0	0
#SusPed	86.535156	45	0
#SusPed	87.789062	0	0
#SusPed	87.802083	95	0
#SusPed	88.019531	0	0
#SusPed	88.033854	71	0
#SusPed	88.169271	0	0
#SusPed	88.175781	90	0
#SusPed	88.259115	0	0
#SusPed	88.268229	65	0
#SusPed	88.539062	0	0
#SusPed	88.553385	72	0
#SusPed	88.679688	0	0
#SusPed	88.691406	71	0
#SusPed	89.049479	0	0
#SusPed	89.058594	66	0
#SusPed	89.229167	0	0
#SusPed	89.243490	69	0
#SusPed	89.539062	0	0
#SusPed	89.554688	70	0
#SofPed	89.566406	102	0
#SusPed	89.658854	0	0
#SofPed	89.769531	0	0
#SofPed	89.778646	105	0
#SofPed	90.079427	0	0
#SofPed	90.085938	114	0
#SusPed	90.134115	65	0
#SofPed	90.369792	0	0
#SofPed	90.377604	97	0
#SusPed	90.419271	0	0
#SusPed	90.432292	77	0
#SusPed	91.399740	0	0
#SusPed	91.412760	68	0
#SofPed	93.289062	0	0
#SofPed	93.295573	53	0
#SusPed	93.718750	0	0
#SusPed	93.727865	76	0
#SusPed	93.819010	0	0
#SusPed	93.834635	69	0
#SofPed	94.789062	0	0
#SusPed	94.869792	0	0
#SusPed	94.884115	96	0
#SusPed	95.809896	0	0
#SusPed	95.815104	67	0
#SusPed	95.899740	0	0
#SusPed	95.914062	70	0
#SusPed	96.759115	0	0
#SusPed	96.773438	82	0
#SusPed	96.889323	0	0
#SusPed	96.895833	79	0
#SusPed	98.399740	0	0
#SusPed	98.408854	69	0
#SusPed	99.848958	0	0
#SusPed	99.858073	86	0
#SusPed	100.169271	0	0
#SusPed	100.183594	75	0
#SusPed	100.299479	0	0
#SusPed	100.313802	73	0
#SusPed	100.819010	0	0
#SusPed	100.825521	66	0
#SusPed	100.878906	0	0
#SusPed	101.059896	94	0
#SusPed	101.218750	0	0
#SusPed	101.233073	97	0
#SusPed	101.628906	0	0
#SusPed	101.640625	69	0
#SusPed	101.718750	0	0
#SusPed	101.731771	74	0
#SusPed	102.059896	0	0
#SusPed	102.074219	58	0
#SusPed	102.128906	0	0
#SusPed	102.141927	84	0
#SusPed	102.369792	0	0
#SusPed	102.382812	71	0
#SusPed	102.459635	0	0
#SusPed	102.468750	98	0
#SusPed	102.709635	0	0
#SusPed	102.723958	90	0
#SusPed	103.009115	0	0
#SusPed	103.022135	82	0
#SusPed	103.438802	0	0
#SusPed	103.453125	68	0
#SusPed	103.569010	0	0
#SusPed	103.584635	84	0
#SusPed	103.779948	0	0
#SusPed	103.789062	60	0
#SusPed	104.000000	0	0
#SusPed	104.013021	67	0
#SusPed	104.079427	0	0
#SusPed	104.085938	64	0
#SusPed	104.279948	0	0
#SusPed	104.292969	81	0
#SusPed	104.408854	0	0
#SusPed	104.420573	102	0
#SusPed	104.589844	0	0
#SusPed	104.604167	67	0
#SusPed	104.859375	0	0
#SusPed	104.873698	84	0
#SusPed	105.098958	0	0
#SusPed	105.105469	71	0
#SusPed	105.329427	0	0
#SusPed	105.342448	59	0
#SusPed	105.628906	0	0
#SusPed	105.635417	53	0
#SusPed	105.729167	0	0
#SusPed	105.735677	72	0
#SusPed	106.128906	0	0
#SusPed	106.138021	62	0
#SusPed	106.279948	0	0
#SusPed	106.285156	76	0
#SusPed	106.399740	0	0
#SusPed	106.414062	85	0
#SusPed	106.529948	0	0
#SusPed	106.542969	74	0
#SusPed	106.718750	0	0
#SusPed	106.730469	77	0
#SusPed	106.899740	0	0
#SusPed	106.910156	62	0
#SusPed	107.188802	0	0
#SusPed	107.199219	56	0
#SusPed	107.289062	0	0
#SusPed	107.302083	86	0
#SusPed	107.429688	0	0
#SusPed	107.436198	81	0
#SusPed	107.468750	0	0
#SusPed	107.479167	90	0
#SusPed	107.688802	0	0
#SusPed	107.694010	53	0
#SusPed	107.799479	0	0
#SusPed	107.811198	83	0
#SusPed	108.049479	0	0
#SusPed	108.063802	106	0
#SusPed	108.279948	0	0
#SusPed	108.285156	71	0
#SusPed	108.339844	0	0
#SusPed	108.473958	72	0
#SusPed	109.000000	0	0
#SusPed	109.006510	54	0
#SusPed	109.109375	0	0
#SusPed	109.114583	71	0
#SusPed	109.468750	0	0
#SusPed	109.481771	82	0
#SusPed	109.649740	0	0
#SusPed	109.656250	96	0
#SusPed	109.779948	0	0
#SusPed	109.791667	48	0
#SusPed	109.878906	0	0
#SusPed	109.891927	95	0
#SusPed	109.989583	0	0
#SusPed	110.003906	87	0
#SusPed	110.139323	0	0
#SusPed	110.153646	80	0
#SusPed	110.329427	0	0
#SusPed	110.337240	65	0
#SusPed	110.549479	0	0
#SusPed	110.563802	89	0
#SusPed	110.709635	0	0
#SusPed	110.717448	80	0
#SusPed	111.239583	0	0
#SusPed	111.252604	54	0
#SusPed	111.329427	0	0
#SusPed	111.337240	86	0
#SusPed	112.128906	0	0
#SusPed	112.140625	74	0
#SusPed	112.188802	0	0
#SusPed	112.782552	61	0
#SusPed	114.299479	0	0
#SusPed	114.311198	66	0
#SusPed	115.049479	0	0
#SusPed	115.057292	71	0
#SusPed	115.359375	0	0
#SusPed	115.364583	67	0
#SusPed	115.598958	0	0
#SusPed	115.610677	53	0
#SusPed	116.169271	0	0
#SusPed	116.182292	76	0
#SusPed	116.500000	0	0
#SusPed	116.505208	56	0
#SusPed	116.609375	0	0
#SusPed	116.955729	72	0
#SusPed	117.979167	0	0
#SusPed	117.985677	67	0
#SusPed	118.438802	0	0
#SusPed	118.451823	63	0
#SusPed	119.239583	0	0
#SusPed	119.252604	66	0
#SusPed	119.500000	0	0
#SusPed	119.509115	71	0
#SusPed	119.929688	0	0
#SusPed	119.944010	75	0
#SusPed	120.259115	0	0
#SusPed	120.268229	70	0
#SusPed	120.539062	0	0
#SusPed	120.544271	66	0
#SusPed	120.839844	0	0
#SusPed	120.846354	59	0
#SusPed	121.059896	0	0
#SusPed	121.072917	54	0
#SusPed	121.649740	0	0
#SusPed	121.662760	67	0
#SofPed	121.868490	98	0
#SofPed	121.979167	0	0
#SofPed	121.989583	103	0
#SofPed	122.128906	0	0
#SofPed	122.134115	101	0
#SofPed	122.339844	0	0
#SofPed	122.351562	97	0
#SofPed	122.649740	0	0
#SofPed	122.657552	92	0
#SofPed	122.899740	0	0
#SofPed	122.910156	105	0
#SofPed	123.029948	0	0
#SofPed	123.042969	107	0
#SofPed	123.098958	0	0
#SofPed	123.113281	107	0
#SofPed	123.309896	0	0
#SofPed	123.317708	104	0
#SusPed	123.359375	0	0
#SusPed	123.373698	46	0
#SusPed	123.679688	0	0
#SusPed	123.694010	71	0
#SofPed	123.739583	0	0
#SofPed	123.750000	81	0
#SofPed	124.299479	0	0
#SofPed	124.309896	79	0
#SusPed	124.389323	0	0
#SofPed	124.389323	0	0
#SofPed	124.395833	77	0
#SusPed	124.395833	58	0
#SusPed	124.559896	0	0
#SusPed	124.570312	77	0
#SofPed	124.579427	0	0
#SofPed	124.588542	84	0
#SofPed	125.019531	0	0
#SusPed	125.029948	0	0
#SofPed	125.033854	84	0
#SusPed	125.035156	76	0
#SusPed	125.429688	0	0
#SusPed	125.444010	65	0
#SusPed	126.119792	0	0
#SusPed	126.132812	76	0
#SusPed	126.479167	0	0
#SusPed	126.493490	64	0
#SusPed	127.049479	0	0
#SusPed	127.055990	64	0
#SusPed	127.319010	0	0
#SusPed	127.326823	63	0
#SusPed	127.408854	0	0
#SusPed	127.423177	71	0
#SusPed	127.789062	0	0
#SusPed	127.795573	63	0
#SusPed	128.079427	0	0
#SusPed	128.091146	54	0
#SusPed	128.119792	0	0
#SusPed	128.125000	55	0
#SusPed	128.419271	0	0
#SusPed	128.430990	67	0
#SusPed	128.459635	0	0
#SusPed	128.471354	69	0
#SusPed	129.199219	0	0
#SusPed	129.205729	64	0
#SusPed	129.479167	0	0
#SusPed	129.493490	58	0
#SusPed	129.848958	0	0
#SusPed	129.863281	67	0
#SusPed	129.938802	0	0
#SusPed	129.947917	68	0
#SusPed	130.179688	0	0
#SusPed	130.190104	69	0
#SusPed	130.479167	0	0
#SusPed	130.490885	63	0
#SusPed	130.779948	0	0
#SusPed	130.791667	66	0
#SofPed	131.029948	0	0
#SusPed	131.158854	0	0
#SusPed	131.164062	62	0
#SusPed	131.250000	0	0
#SusPed	131.256510	62	0
#SusPed	131.459635	0	0
#SusPed	131.466146	66	0
#SusPed	131.859375	0	0
#SusPed	131.868490	77	0
#SusPed	131.979167	0	0
#SusPed	131.992188	63	0
#SusPed	132.709635	0	0
#SusPed	132.717448	60	0
#SusPed	133.359375	0	0
#SusPed	133.373698	77	0
#SusPed	133.438802	0	0
#SusPed	133.446615	65	0
#SusPed	133.959635	0	0
#SusPed	133.966146	65	0
#SusPed	134.699219	0	0
#SusPed	134.714844	79	0
#SusPed	135.259115	0	0
#SusPed	135.266927	58	0
#SusPed	135.419271	0	0
#SusPed	135.433594	57	0
#SusPed	135.589844	0	0
#SusPed	135.596354	63	0
#SofPed	135.921875	64	0
#SusPed	135.938802	0	0
#SusPed	135.945312	63	0
#SofPed	136.009115	0	0
#SofPed	136.022135	61	0
#SusPed	136.169271	0	0
#SusPed	136.180990	67	0
#SusPed	136.589844	0	0
#SusPed	136.601562	60	0
#SusPed	137.179688	0	0
#SusPed	137.194010	43	0
#SusPed	137.389323	0	0
#SusPed	137.397135	59	0
#SusPed	137.429688	0	0
#SusPed	137.434896	66	0
#SusPed	138.309896	0	0
#SusPed	138.319010	77	0
#SusPed	138.598958	0	0
#SusPed	138.605469	56	0
#SusPed	138.878906	0	0
#SusPed	138.894531	58	0
#SusPed	139.639323	0	0
#SusPed	139.645833	60	0
#SusPed	139.878906	0	0
#SusPed	139.884115	46	0
#SusPed	140.289062	0	0
#SusPed	140.299479	64	0
#SusPed	140.979167	0	0
#SusPed	140.985677	86	0
#SusPed	141.089844	0	0
#SusPed	141.095052	61	0
#SusPed	141.369792	0	0
#SusPed	141.378906	65	0
#SofPed	142.019531	0	0
#SusPed	144.989583	0	0
#SusPed	145.000000	69	0
#SusPed	145.609375	0	0
#SusPed	145.623698	58	0
#SusPed	146.218750	0	0
#SusPed	146.233073	83	0
#SofPed	148.214844	111	0
#SusPed	149.339844	0	0
#SusPed	149.352865	75	0
#SusPed	149.569010	0	0
#SusPed	149.583333	65	0
#SusPed	152.919271	0	0
#SusPed	152.924479	73	0
#SusPed	153.000000	0	0
#SusPed	153.144531	68	0
#SofPed	153.739583	0	0
#SusPed	154.649740	0	0
#SusPed	154.661458	68	0
#SusPed	155.878906	0	0
#SusPed	155.885417	78	0
#SusPed	156.039062	0	0
#SusPed	156.044271	62	0
#SusPed	158.848958	0	0
#SusPed	158.855469	101	0
#SusPed	159.079427	0	0
#SusPed	159.084635	80	0
#SusPed	159.859375	0	0
#SusPed	159.873698	98	0
#SusPed	162.059896	0	0
#SusPed	162.072917	72	0
#SusPed	162.158854	0	0
#SusPed	162.625000	55	0
#SusPed	162.729167	0	0
#SusPed	162.739583	56	0
#SusPed	163.218750	0	0
#SusPed	163.226562	56	0
#SusPed	163.509115	0	0
#SusPed	163.523438	65	0
#SofPed	163.605469	97	0
#SofPed	163.658854	0	0
#SofPed	163.666667	91	0
#SusPed	163.809896	0	0
#SusPed	163.822917	68	0
#SofPed	163.848958	0	0
#SofPed	163.856771	81	0
#SofPed	164.009115	0	0
#SofPed	164.023438	85	0
#SusPed	164.229167	0	0
#SusPed	164.234375	65	0
#SofPed	164.378906	0	0
#SofPed	164.386719	85	0
#SusPed	164.399740	0	0
#SusPed	164.406250	79	0
#SofPed	164.449219	0	0
#SofPed	164.462240	89	0
#SusPed	164.819010	0	0
#SusPed	164.830729	98	0
#SusPed	164.899740	0	0
#SofPed	164.899740	0	0
#SusPed	164.912760	99	0
#SusPed	165.169271	0	0
#SusPed	165.174479	74	0
#SusPed	165.378906	0	0
#SusPed	165.393229	80	0
#SusPed	165.688802	0	0
#SusPed	165.697917	76	0
#SusPed	165.819010	0	0
#SusPed	165.825521	79	0
#SusPed	166.139323	0	0
#SusPed	166.152344	79	0
#SusPed	166.369792	0	0
#SusPed	166.380208	53	0
#SusPed	166.549479	0	0
#SusPed	166.557292	57	0
#SusPed	166.959635	0	0
#SusPed	166.968750	59	0
#SusPed	167.149740	0	0
#SusPed	167.162760	59	0
#SusPed	167.809896	0	0
#SusPed	167.815104	61	0
#SofPed	167.821615	64	0
#SofPed	167.979167	0	0
#SofPed	167.990885	59	0
#SofPed	168.169271	0	0
#SofPed	168.178385	67	0
#SusPed	168.209635	0	0
#SusPed	168.217448	62	0
#SusPed	168.299479	0	0
#SofPed	168.309896	0	0
#SusPed	168.311198	59	0
#SofPed	168.320312	70	0
#SusPed	168.369792	0	0
#SusPed	168.381510	60	0
#SofPed	168.509115	0	0
#SofPed	168.519531	68	0
#SusPed	168.539062	0	0
#SusPed	168.544271	61	0
#SofPed	168.569010	0	0
#SofPed	168.574219	69	0
#SofPed	168.619792	0	0
#SofPed	168.631510	66	0
#SofPed	168.769531	0	0
#SofPed	168.777344	61	0
#SofPed	168.869792	0	0
#SofPed	168.878906	66	0
#SusPed	168.889323	0	0
#SusPed	168.902344	59	0
#SofPed	169.119792	0	0
#SofPed	169.126302	79	0
#SusPed	169.339844	0	0
#SusPed	169.351562	54	0
#SusPed	169.378906	0	0
#SusPed	169.393229	54	0
#SusPed	169.598958	0	0
#SusPed	169.614583	54	0
#SofPed	169.809896	0	0
#SofPed	169.820312	56	0
#SusPed	169.829427	0	0
#SusPed	169.839844	64	0
#SofPed	169.938802	0	0
#SofPed	169.953125	57	0
#SusPed	170.218750	0	0
#SusPed	170.231771	64	0
#SusPed	170.479167	0	0
#SofPed	170.489583	0	0
#SusPed	170.493490	62	0
#SofPed	170.501302	65	0
#SusPed	171.029948	0	0
#SusPed	171.035156	72	0
#SusPed	171.279948	0	0
#SusPed	171.285156	62	0
#SofPed	171.289062	0	0
#SofPed	171.295573	60	0
#SusPed	171.658854	0	0
#SusPed	171.664062	69	0
#SofPed	171.750000	0	0
#SofPed	171.756510	61	0
#SusPed	171.878906	0	0
#SusPed	171.893229	69	0
#SofPed	171.968750	0	0
#SofPed	171.976562	50	0
#SusPed	172.069010	0	0
#SusPed	172.083333	73	0
#SusPed	172.329427	0	0
#SusPed	172.335938	67	0
#SofPed	172.539062	0	0
#SofPed	172.548177	53	0
#SofPed	173.119792	0	0
#SofPed	173.134115	55	0
#SofPed	173.339844	0	0
#SusPed	173.348958	0	0
#SofPed	173.354167	74	0
#SusPed	173.354167	59	0
#SofPed	173.389323	0	0
#SofPed	173.397135	74	0
#SusPed	173.500000	0	0
#SusPed	173.505208	57	0
#SofPed	173.859375	0	0
#SofPed	173.869792	89	0
#SofPed	173.929688	0	0
#SofPed	173.942708	91	0
#SofPed	174.029948	0	0
#SofPed	174.035156	90	0
#SusPed	174.149740	0	0
#SusPed	174.154948	65	0
#SusPed	174.609375	0	0
#SusPed	174.618490	67	0
#SusPed	174.959635	0	0
#SusPed	174.964844	75	0
#SofPed	175.119792	0	0
#SofPed	175.132812	85	0
#SofPed	175.359375	0	0
#SofPed	175.372396	88	0
#SusPed	175.489583	0	0
#SusPed	175.503906	66	0
#SofPed	175.628906	0	0
#SofPed	175.634115	76	0
#SofPed	175.688802	0	0
#SofPed	175.694010	69	0
#SofPed	175.839844	0	0
#SofPed	175.846354	61	0
#SofPed	175.949219	0	0
#SofPed	175.955729	61	0
#SusPed	175.979167	0	0
#SusPed	175.985677	58	0
#SofPed	176.299479	0	0
#SusPed	176.309896	0	0
#SusPed	176.322917	68	0
#SusPed	176.679688	0	0
#SusPed	176.691406	76	0
#SusPed	177.059896	0	0
#SusPed	177.072917	66	0
#SusPed	177.419271	0	0
#SusPed	177.425781	78	0
#SusPed	177.649740	0	0
#SusPed	177.660156	64	0
#SusPed	177.908854	0	0
#SusPed	177.921875	66	0
#SusPed	178.139323	0	0
#SusPed	178.153646	71	0
#SusPed	178.199219	0	0
#SusPed	178.205729	78	0
#SusPed	178.658854	0	0
#SusPed	178.665365	70	0
#SusPed	178.908854	0	0
#SusPed	178.920573	70	0
#SusPed	179.059896	0	0
#SusPed	179.066406	65	0
#SusPed	179.438802	0	0
#SusPed	179.446615	56	0
#SusPed	179.669271	0	0
#SusPed	179.683594	58	0
#SusPed	179.878906	0	0
#SusPed	179.886719	54	0
#SusPed	180.188802	0	0
#SusPed	180.197917	60	0
#SusPed	180.289062	0	0
#SusPed	180.295573	69	0
#SusPed	180.709635	0	0
#SusPed	180.721354	69	0
#SusPed	181.128906	0	0
#SusPed	181.139323	60	0
#SusPed	181.889323	0	0
#SusPed	181.895833	63	0
#SusPed	182.399740	0	0
#SusPed	182.412760	58	0
#SusPed	182.569010	0	0
#SusPed	182.579427	62	0
#SusPed	182.919271	0	0
#SusPed	182.928385	65	0
#SusPed	182.968750	0	0
#SusPed	182.977865	62	0
#SusPed	183.279948	0	0
#SusPed	183.292969	64	0
#SusPed	183.639323	0	0
#SusPed	183.645833	75	0
#SusPed	184.000000	0	0
#SusPed	184.014323	68	0
#SusPed	184.529948	0	0
#SusPed	184.544271	60	0
#SusPed	185.019531	0	0
#SusPed	185.029948	58	0
#SusPed	185.279948	0	0
#SusPed	185.286458	55	0
#SusPed	185.529948	0	0
#SusPed	185.542969	56	0
#SusPed	185.709635	0	0
#SusPed	185.720052	53	0
#SusPed	186.079427	0	0
#SusPed	186.093750	57	0
#SusPed	186.628906	0	0
#SusPed	186.643229	63	0
#SusPed	186.809896	0	0
#SusPed	186.821615	59	0
#SusPed	187.329427	0	0
#SusPed	187.337240	60	0
#SusPed	187.628906	0	0
#SusPed	187.641927	66	0
#SusPed	187.739583	0	0
#SusPed	187.744792	69	0
#SofPed	187.790365	96	0
#SusPed	188.139323	0	0
#SusPed	188.153646	66	0
#SofPed	188.158854	0	0
#SofPed	188.166667	91	0
#SusPed	188.329427	0	0
#SusPed	188.341146	60	0
#SofPed	188.399740	0	0
#SofPed	188.414062	84	0
#SofPed	188.609375	0	0
#SofPed	188.614583	76	0
#SusPed	188.628906	0	0
#SusPed	188.634115	56	0
#SofPed	188.669271	0	0
#SofPed	188.683594	71	0
#SofPed	188.859375	0	0
#SofPed	188.872396	66	0
#SofPed	188.959635	0	0
#SofPed	188.972656	72	0
#SusPed	189.019531	0	0
#SusPed	189.026042	73	0
#SusPed	189.378906	0	0
#SusPed	189.390625	71	0
#SofPed	189.583333	0	0
#SusPed	189.709635	0	0
#SusPed	189.717448	75	0
#SusPed	190.109375	0	0
#SusPed	190.122396	84	0
#SusPed	190.389323	0	0
#SusPed	190.395833	67	0
#SusPed	190.649740	0	0
#SusPed	190.657552	57	0
#SusPed	190.729167	0	0
#SusPed	190.738281	62	0
#SusPed	191.029948	0	0
#SusPed	191.035156	74	0
#SusPed	191.119792	0	0
#SusPed	191.125000	78	0
#SusPed	191.299479	0	0
#SusPed	191.312500	67	0
#SusPed	191.408854	0	0
#SusPed	191.414062	64	0
#SusPed	191.658854	0	0
#SusPed	191.673177	53	0
#SusPed	191.889323	0	0
#SusPed	191.899740	54	0
#SusPed	192.169271	0	0
#SusPed	192.174479	61	0
#SusPed	192.408854	0	0
#SusPed	192.420573	62	0
#SusPed	192.949219	0	0
#SusPed	192.954427	60	0
#SofPed	193.335938	50	0
#SusPed	193.509115	0	0
#SusPed	193.515625	61	0
#SofPed	193.519531	0	0
#SofPed	193.531250	60	0
#SusPed	193.789062	0	0
#SusPed	193.796875	60	0
#SusPed	194.000000	0	0
#SusPed	194.003906	64	0
#SusPed	194.039062	0	0
#SusPed	194.048177	64	0
#SusPed	194.279948	0	0
#SusPed	194.287760	60	0
#SusPed	194.799479	0	0
#SusPed	194.805990	62	0
#SusPed	195.239583	0	0
#SusPed	195.244792	63	0
#SusPed	195.628906	0	0
#SusPed	195.643229	65	0
#SusPed	195.889323	0	0
#SusPed	195.903646	65	0
#SusPed	195.989583	0	0
#SusPed	195.994792	69	0
#SusPed	196.500000	0	0
#SusPed	196.509115	65	0
#SusPed	196.859375	0	0
#SusPed	196.873698	67	0
#SusPed	197.128906	0	0
#SusPed	197.139323	61	0
#SusPed	197.839844	0	0
#SusPed	197.851562	61	0
#SusPed	198.019531	0	0
#SusPed	198.027344	64	0
#SusPed	198.149740	0	0
#SusPed	198.160156	65	0
#SusPed	198.378906	0	0
#SusPed	198.385417	61	0
#SusPed	198.669271	0	0
#SusPed	198.674479	63	0
#SusPed	198.709635	0	0
#SusPed	198.716146	63	0
#SusPed	198.878906	0	0
#SusPed	198.890625	62	0
#SusPed	199.069010	0	0
#SusPed	199.083333	58	0
#SusPed	199.269531	0	0
#SusPed	199.281250	53	0
#SofPed	199.529948	0	0
#SusPed	199.658854	0	0
#SusPed	199.665365	64	0
#SusPed	199.759115	0	0
#SusPed	199.764323	67	0
#SusPed	200.158854	0	0
#SusPed	200.166667	64	0
#SusPed	200.339844	0	0
#SusPed	200.346354	51	0
#SusPed	200.489583	0	0
#SusPed	200.500000	59	0
#SusPed	200.619792	0	0
#SusPed	200.632812	59	0
#SusPed	200.809896	0	0
#SusPed	200.820312	63	0
#SusPed	200.848958	0	0
#SusPed	200.858073	63	0
#SusPed	201.809896	0	0
#SusPed	201.817708	66	0
#SusPed	202.009115	0	0
#SusPed	202.023438	62	0
#SusPed	202.250000	0	0
#SusPed	202.255208	61	0
#SusPed	202.929688	0	0
#SusPed	202.934896	75	0
#SusPed	203.519531	0	0
#SusPed	203.524740	77	0
#SofPed	203.994792	61	0
#SofPed	204.098958	0	0
#SusPed	204.109375	0	0
#SofPed	204.111979	66	0
#SusPed	204.121094	74	0
#SusPed	204.169271	0	0
#SusPed	204.175781	76	0
#SofPed	204.179688	0	0
#SofPed	204.191406	63	0
#SofPed	204.688802	0	0
#SofPed	204.701823	59	0
#SofPed	204.759115	0	0
#SofPed	204.765625	59	0
#SusPed	205.039062	0	0
#SusPed	205.049479	67	0
#SusPed	205.309896	0	0
#SusPed	205.321615	68	0
#SusPed	205.688802	0	0
#SusPed	205.700521	82	0
#SusPed	205.799479	0	0
#SusPed	205.813802	84	0
#SusPed	205.959635	0	0
#SusPed	205.973958	72	0
#SusPed	206.209635	0	0
#SusPed	206.223958	68	0
#SusPed	206.539062	0	0
#SusPed	206.550781	84	0
#SusPed	206.579427	0	0
#SusPed	206.587240	82	0
#SusPed	206.639323	0	0
#SusPed	206.644531	81	0
#SusPed	206.809896	0	0
#SusPed	206.822917	83	0
#SusPed	206.949219	0	0
#SusPed	206.958333	80	0
#SusPed	207.009115	0	0
#SusPed	207.015625	77	0
#SusPed	207.098958	0	0
#SusPed	207.113281	79	0
#SusPed	207.859375	0	0
#SusPed	207.872396	75	0
#SusPed	208.049479	0	0
#SusPed	208.063802	69	0
#SusPed	208.799479	0	0
#SusPed	208.811198	81	0
#SusPed	209.158854	0	0
#SusPed	209.171875	68	0
#SusPed	209.269531	0	0
#SusPed	209.283854	73	0
#SusPed	209.669271	0	0
#SusPed	209.682292	63	0
#SusPed	209.829427	0	0
#SusPed	209.835938	66	0
#SusPed	210.188802	0	0
#SusPed	210.200521	69	0
#SusPed	210.339844	0	0
#SusPed	210.352865	59	0
#SusPed	210.739583	0	0
#SusPed	210.751302	59	0
#SofPed	210.769531	0	0
#SusPed	210.919271	0	0
#SusPed	210.928385	61	0
#SofPed	211.049479	102	0
#SofPed	211.128906	0	0
#SofPed	211.134115	97	0
#SusPed	211.250000	0	0
#SusPed	211.263021	66	0
#SusPed	211.438802	0	0
#SusPed	211.447917	67	0
#SofPed	211.449219	0	0
#SofPed	211.462240	99	0
#SofPed	211.509115	0	0
#SofPed	211.515625	98	0
#SofPed	211.579427	0	0
#SofPed	211.584635	99	0
#SofPed	211.688802	0	0
#SofPed	211.701823	99	0
#SofPed	211.750000	0	0
#SofPed	211.755208	100	0
#SusPed	211.859375	0	0
#SusPed	211.871094	69	0
#SofPed	211.878906	0	0
#SofPed	211.891927	105	0
#SofPed	211.959635	0	0
#SofPed	211.966146	101	0
#SusPed	212.019531	0	0
#SusPed	212.032552	60	0
#SofPed	212.039062	0	0
#SofPed	212.044271	94	0
#SofPed	212.209635	0	0
#SofPed	212.216146	89	0
#SofPed	212.489583	0	0
#SofPed	212.503906	66	0
#SusPed	212.628906	0	0
#SofPed	212.628906	0	0
#SofPed	212.635417	75	0
#SusPed	212.636719	65	0
#SusPed	212.989583	0	0
#SusPed	213.002604	59	0
#SusPed	213.179688	0	0
#SusPed	213.192708	67	0
#SusPed	213.658854	0	0
#SusPed	213.665365	65	0
#SusPed	213.979167	0	0
#SusPed	213.993490	61	0
#SusPed	214.628906	0	0
#SusPed	214.634115	75	0
#SusPed	214.859375	0	0
#SusPed	214.867188	50	0
#SusPed	215.128906	0	0
#SusPed	215.140625	65	0
#SusPed	215.218750	0	0
#SusPed	215.227865	74	0
#SusPed	215.438802	0	0
#SusPed	215.451823	83	0
#SusPed	216.049479	0	0
#SusPed	216.054688	79	0
#SusPed	216.598958	0	0
#SusPed	216.611979	90	0
#SusPed	216.739583	0	0
#SusPed	216.747396	54	0
#SusPed	217.579427	0	0
#SusPed	217.588542	70	0
#SusPed	217.729167	0	0
#SusPed	217.740885	50	0
#SusPed	218.509115	0	0
#SusPed	218.523438	78	0
#SofPed	218.639323	0	0
#SusPed	218.658854	0	0
#SusPed	218.666667	67	0
#SusPed	219.319010	0	0
#SusPed	219.333333	89	0
#SusPed	219.378906	0	0
#SusPed	219.393229	90	0
#SusPed	219.539062	0	0
#SusPed	219.545573	90	0
#SusPed	219.589844	0	0
#SusPed	219.601562	89	0
#SusPed	219.658854	0	0
#SusPed	219.669271	90	0
#SusPed	219.938802	0	0
#SusPed	219.954427	89	0
#SusPed	220.079427	0	0
#SusPed	220.085938	96	0
#SusPed	220.188802	0	0
#SusPed	220.201823	96	0
#SusPed	220.679688	0	0
#SusPed	220.684896	82	0
#SusPed	220.968750	0	0
#SusPed	220.979167	60	0
#SusPed	221.968750	0	0
#SusPed	221.976562	80	0
#SusPed	223.299479	0	0
#SusPed	223.304688	67	0
#SusPed	223.449219	0	0
#SusPed	223.463542	59	0
#SusPed	223.539062	0	0
#SusPed	223.545573	56	0
#SusPed	225.000000	0	0
#SusPed	225.003906	65	0
#SusPed	227.869792	0	0
#SusPed	227.876302	60	0
#SusPed	228.019531	0	0
#SusPed	228.032552	62	0
#SusPed	230.829427	0	0
#SusPed	230.842448	91	0
#SusPed	231.389323	0	0
#SusPed	231.403646	87	0
#SusPed	231.468750	0	0
#SusPed	231.477865	82	0
#SofPed	232.565104	65	0
#SusPed	233.729167	0	0
#SusPed	233.742188	74	0
#SofPed	233.779948	0	0
#SofPed	233.785156	81	0
#SusPed	233.938802	0	0
#SusPed	233.944010	72	0
#SofPed	234.000000	0	0
#SofPed	234.006510	79	0
#SofPed	234.158854	0	0
#SofPed	234.171875	64	0
#SofPed	234.369792	0	0
#SofPed	234.376302	64	0
#SusPed	234.598958	0	0
#SusPed	234.613281	74	0
#SofPed	234.718750	0	0
#SofPed	234.723958	89	0
#SofPed	234.899740	0	0
#SofPed	234.914062	73	0
#SofPed	235.128906	0	0
#SofPed	235.143229	66	0
#SofPed	235.329427	0	0
#SofPed	235.334635	70	0
#SofPed	235.539062	0	0
#SofPed	235.553385	68	0
#SofPed	235.789062	0	0
#SofPed	235.794271	45	0
#SofPed	236.229167	0	0
#SofPed	236.236979	47	0
#SusPed	236.848958	0	0
#SusPed	236.855469	88	0
#SusPed	237.069010	0	0
#SusPed	237.078125	72	0
#SofPed	237.869792	0	0
#SofPed	237.875000	53	0
#SofPed	238.319010	0	0
#SofPed	238.330729	36	0
#SofPed	238.529948	0	0
#SofPed	238.542969	48	0
#SusPed	240.859375	0	0
#SusPed	240.873698	78	0
#SusPed	241.109375	0	0
#SusPed	241.114583	68	0
#SusPed	241.779948	0	0
#SusPed	241.786458	80	0
#SusPed	241.938802	0	0
#SusPed	241.946615	76	0
#SusPed	243.869792	0	0
#SusPed	243.882812	73	0
#SusPed	244.000000	0	0
#SusPed	244.014323	65	0
#SusPed	244.399740	0	0
#SusPed	244.408854	82	0
#SusPed	244.500000	0	0
#SusPed	244.514323	81	0
#SofPed	244.539062	0	0
#SusPed	245.919271	0	0
#SusPed	245.933594	71	0
#SusPed	246.269531	0	0
#SusPed	246.276042	73	0
#SusPed	246.459635	0	0
#SusPed	246.468750	63	0
#SusPed	246.609375	0	0
#SusPed	246.614583	52	0
#SusPed	246.889323	0	0
#SusPed	246.895833	61	0
#SusPed	247.019531	0	0
#SusPed	247.029948	62	0
#SusPed	247.348958	0	0
#SusPed	247.361979	72	0
#SusPed	247.839844	0	0
#SusPed	247.851562	66	0
#SusPed	248.009115	0	0
#SusPed	248.024740	60	0
#SusPed	248.829427	0	0
#SusPed	248.839844	68	0
#SusPed	249.309896	0	0
#SusPed	249.320312	64	0
#SusPed	249.468750	0	0
#SusPed	249.480469	62	0
#SusPed	249.598958	0	0
#SusPed	249.610677	63	0
#SusPed	249.699219	0	0
#SusPed	249.713542	61	0
#SusPed	249.878906	0	0
#SusPed	249.885417	60	0
#SusPed	250.109375	0	0
#SusPed	250.118490	62	0
#SusPed	250.259115	0	0
#SusPed	250.272135	59	0
#SusPed	250.429688	0	0
#SusPed	250.437500	60	0
#SusPed	250.529948	0	0
#SusPed	250.542969	57	0
#SusPed	250.799479	0	0
#SusPed	250.813802	60	0
#SusPed	251.098958	0	0
#SusPed	251.106771	68	0
#SusPed	251.378906	0	0
#SusPed	251.393229	66	0
#SusPed	251.459635	0	0
#SusPed	251.467448	66	0
#SusPed	251.609375	0	0
#SusPed	251.623698	62	0
#SusPed	251.688802	0	0
#SusPed	251.703125	54	0
#SusPed	251.979167	0	0
#SusPed	251.985677	59	0
#SusPed	252.089844	0	0
#SusPed	252.102865	63	0
#SusPed	252.299479	0	0
#SusPed	252.308594	66	0
#SusPed	252.529948	0	0
#SusPed	252.539062	59	0
#SusPed	252.699219	0	0
#SusPed	252.713542	51	0
#SusPed	252.759115	0	0
#SusPed	252.768229	54	0
#SusPed	252.878906	0	0
#SusPed	252.893229	58	0
#SusPed	252.919271	0	0
#SusPed	252.929688	58	0
#SusPed	253.158854	0	0
#SusPed	253.171875	58	0
#SusPed	253.279948	0	0
#SusPed	253.285156	54	0
#SusPed	253.348958	0	0
#SusPed	253.364583	50	0
#SusPed	253.739583	0	0
#SusPed	253.744792	65	0
#SusPed	254.149740	0	0
#SusPed	254.162760	55	0
#SusPed	254.299479	0	0
#SusPed	254.307292	61	0
#SusPed	254.539062	0	0
#SusPed	254.553385	59	0
#SusPed	254.779948	0	0
#SusPed	254.789062	58	0
#SusPed	254.968750	0	0
#SusPed	254.977865	55	0
#SusPed	255.039062	0	0
#SusPed	255.046875	55	0
#SusPed	255.089844	0	0
#SusPed	255.097656	57	0
#SusPed	255.199219	0	0
#SusPed	255.212240	59	0
#SusPed	255.408854	0	0
#SusPed	255.416667	61	0
#SusPed	255.559896	0	0
#SusPed	255.566406	60	0
#SusPed	255.839844	0	0
#SusPed	255.854167	63	0
#SusPed	255.889323	0	0
#SusPed	255.894531	64	0
#SusPed	256.299479	0	0
#SusPed	256.307292	55	0
#SusPed	256.679688	0	0
#SusPed	256.684896	66	0
#SusPed	256.759115	0	0
#SusPed	256.764323	67	0
#SusPed	256.959635	0	0
#SusPed	256.973958	63	0
#SusPed	257.359375	0	0
#SusPed	257.364583	62	0
#SusPed	257.598958	0	0
#SusPed	257.613281	79	0
#SusPed	257.718750	0	0
#SusPed	257.733073	75	0
#SusPed	257.968750	0	0
#SusPed	257.980469	58	0
#SusPed	258.158854	0	0
#SusPed	258.170573	52	0
#SusPed	258.549479	0	0
#SusPed	258.557292	67	0
#SusPed	258.859375	0	0
#SusPed	258.872396	38	0
#SusPed	259.149740	0	0
#SusPed	259.156250	67	0
#SusPed	259.519531	0	0
#SusPed	259.532552	60	0
#SusPed	259.679688	0	0
#SusPed	259.687500	76	0
#SusPed	260.029948	0	0
#SusPed	260.037760	96	0
#SusPed	260.539062	0	0
#SusPed	260.545573	69	0
#SusPed	260.889323	0	0
#SusPed	260.898438	88	0
#SusPed	260.989583	0	0
#SusPed	260.998698	63	0
#SusPed	261.378906	0	0
#SusPed	261.386719	81	0
#SusPed	261.529948	0	0
#SusPed	261.541667	75	0
#SusPed	261.979167	0	0
#SusPed	261.993490	82	0
#SusPed	262.369792	0	0
#SusPed	262.384115	46	0
#SusPed	262.489583	0	0
#SusPed	262.498698	83	0
#SusPed	262.869792	0	0
#SusPed	262.875000	59	0
#SusPed	263.000000	0	0
#SusPed	263.014323	67	0
#SusPed	263.359375	0	0
#SusPed	263.372396	87	0
#SusPed	263.529948	0	0
#SusPed	263.536458	81	0
#SusPed	263.968750	0	0
#SusPed	263.980469	101	0
#SusPed	264.179688	0	0
#SusPed	264.186198	63	0
#SusPed	264.408854	0	0
#SusPed	264.417969	74	0
#SusPed	264.549479	0	0
#SusPed	264.557292	65	0
#SusPed	264.679688	0	0
#SusPed	264.692708	43	0
#SusPed	264.878906	0	0
#SusPed	264.890625	54	0
#SusPed	265.069010	0	0
#SusPed	265.083333	84	0
#SusPed	265.679688	0	0
#SusPed	265.692708	72	0
#SusPed	265.839844	0	0
#SusPed	265.851562	55	0
#SusPed	266.109375	0	0
#SusPed	266.122396	42	0
#SusPed	266.289062	0	0
#SusPed	266.295573	48	0
#SusPed	266.959635	0	0
#SusPed	266.964844	76	0
#SusPed	267.039062	0	0
#SusPed	267.052083	72	0
#SusPed	267.239583	0	0
#SusPed	267.253906	63	0
#SusPed	267.750000	0	0
#SusPed	267.761719	55	0
#SusPed	268.149740	0	0
#SusPed	268.158854	56	0
#SusPed	268.279948	0	0
#SusPed	268.285156	63	0
#SusPed	268.509115	0	0
#SusPed	268.519531	65	0
#SusPed	268.819010	0	0
#SusPed	268.826823	56	0
#SusPed	269.139323	0	0
#SusPed	269.153646	59	0
#SusPed	269.348958	0	0
#SusPed	269.354167	60	0
#SusPed	269.649740	0	0
#SusPed	269.660156	60	0
#SusPed	269.889323	0	0
#SusPed	269.898438	57	0
#SusPed	270.188802	0	0
#SusPed	270.195312	56	0
#SusPed	270.399740	0	0
#SusPed	270.406250	58	0
#SusPed	270.479167	0	0
#SusPed	270.485677	62	0
#SusPed	270.769531	0	0
#SusPed	270.779948	56	0
#SusPed	270.929688	0	0
#SusPed	270.941406	59	0
#SusPed	271.408854	0	0
#SusPed	271.421875	59	0
#SusPed	271.628906	0	0
#SusPed	271.638021	71	0
#SusPed	272.009115	0	0
#SusPed	272.014323	64	0
#SusPed	272.299479	0	0
#SusPed	272.313802	71	0
#SusPed	272.949219	0	0
#SusPed	272.959635	69	0
#SusPed	273.559896	0	0
#SusPed	273.574219	63	0
#SofPed	273.657552	95	0
#SusPed	274.779948	0	0
#SusPed	274.789062	62	0
#SusPed	274.949219	0	0
#SusPed	274.955729	62	0
#SofPed	275.169271	0	0
#SofPed	275.178385	82	0
#SofPed	275.419271	0	0
#SofPed	275.427083	77	0
#SusPed	275.449219	0	0
#SusPed	275.460938	62	0
#SusPed	275.598958	0	0
#SusPed	275.610677	64	0
#SusPed	275.829427	0	0
#SusPed	275.842448	54	0
#SusPed	275.949219	0	0
#SusPed	275.954427	68	0
#SofPed	276.069010	0	0
#SusPed	276.169271	0	0
#SusPed	276.178385	64	0
#SusPed	276.378906	0	0
#SusPed	276.391927	69	0
#SusPed	276.589844	0	0
#SusPed	276.604167	71	0
#SusPed	276.779948	0	0
#SusPed	276.790365	64	0
#SusPed	277.399740	0	0
#SusPed	277.404948	65	0
#SusPed	277.859375	0	0
#SusPed	277.867188	47	0
#SusPed	278.299479	0	0
#SusPed	278.311198	60	0
#SusPed	278.688802	0	0
#SusPed	278.701823	69	0
#SusPed	279.119792	0	0
#SusPed	279.130208	63	0
#SusPed	279.639323	0	0
#SusPed	279.651042	59	0
#SusPed	280.500000	0	0
#SusPed	280.509115	66	0
#SusPed	280.779948	0	0
#SusPed	280.794271	68	0
#SusPed	281.179688	0	0
#SusPed	281.190104	58	0
#SusPed	281.649740	0	0
#SusPed	281.664062	62	0
#SusPed	282.199219	0	0
#SusPed	282.213542	57	0
#SusPed	282.309896	0	0
#SusPed	282.322917	55	0
#SofPed	282.503906	115	0
#SusPed	282.529948	0	0
#SusPed	282.535156	52	0
#SofPed	282.589844	0	0
#SofPed	282.595052	113	0
#SusPed	282.669271	0	0
#SofPed	282.669271	0	0
#SofPed	282.674479	114	0
#SusPed	282.682292	54	0
#SofPed	282.799479	0	0
#SofPed	282.805990	116	0
#SofPed	282.889323	0	0
#SofPed	282.902344	115	0
#SofPed	282.938802	0	0
#SofPed	282.953125	115	0
#SusPed	282.959635	0	0
#SusPed	282.964844	63	0
#SofPed	283.179688	0	0
#SofPed	283.191406	111	0
#SusPed	283.199219	0	0
#SusPed	283.212240	66	0
#SofPed	283.369792	0	0
#SofPed	283.381510	112	0
#SofPed	283.429688	0	0
#SofPed	283.444010	111	0
#SusPed	283.489583	0	0
#SusPed	283.502604	63	0
#SofPed	283.569010	0	0
#SofPed	283.580729	109	0
#SusPed	283.878906	0	0
#SusPed	283.890625	63	0
#SusPed	284.179688	0	0
#SusPed	284.187500	58	0
#SusPed	284.289062	0	0
#SusPed	284.303385	56	0
#SusPed	284.468750	0	0
#SusPed	284.483073	54	0
#SusPed	284.989583	0	0
#SusPed	285.000000	76	0
#SusPed	285.319010	0	0
#SusPed	285.332031	69	0
#SusPed	285.359375	0	0
#SusPed	285.365885	67	0
#SusPed	285.649740	0	0
#SusPed	285.662760	58	0
#SusPed	286.139323	0	0
#SusPed	286.144531	59	0
#SusPed	286.339844	0	0
#SusPed	286.343750	62	0
#SusPed	286.679688	0	0
#SusPed	286.691406	53	0
#SusPed	286.869792	0	0
#SusPed	286.877604	58	0
#SusPed	286.938802	0	0
#SusPed	286.944010	64	0
#SusPed	287.169271	0	0
#SusPed	287.182292	83	0
#SusPed	287.459635	0	0
#SusPed	287.467448	65	0
#SusPed	288.119792	0	0
#SusPed	288.125000	58	0
#SusPed	288.250000	0	0
#SusPed	288.256510	65	0
#SusPed	288.559896	0	0
#SusPed	288.572917	72	0
#SusPed	288.789062	0	0
#SusPed	288.803385	64	0
#SusPed	289.209635	0	0
#SusPed	289.216146	58	0
#SusPed	289.579427	0	0
#SofPed	289.579427	0	0
#SusPed	289.589844	67	0
#SusPed	289.979167	0	0
#SusPed	289.984375	63	0
#SusPed	290.199219	0	0
#SusPed	290.213542	57	0
#SusPed	290.389323	0	0
#SusPed	290.403646	61	0
#SusPed	290.489583	0	0
#SusPed	290.501302	63	0
#SusPed	290.729167	0	0
#SusPed	290.738281	60	0
#SusPed	290.949219	0	0
#SusPed	290.962240	58	0
#SofPed	291.036458	77	0
#SofPed	291.089844	0	0
#SofPed	291.095052	79	0
#SusPed	291.139323	0	0
#SusPed	291.144531	76	0
#SofPed	291.229167	0	0
#SofPed	291.240885	62	0
#SofPed	291.579427	0	0
#SofPed	291.587240	55	0
#SusPed	291.589844	0	0
#SusPed	291.596354	84	0
#SusPed	291.658854	0	0
#SusPed	291.665365	64	0
#SofPed	291.739583	0	0
#SofPed	291.748698	54	0
#SusPed	292.109375	0	0
#SusPed	292.115885	74	0
#SofPed	292.348958	0	0
#SusPed	293.109375	0	0
#SusPed	293.115885	68	0
#SusPed	293.188802	0	0
#SusPed	293.480469	83	0
#SusPed	294.769531	0	0
#SusPed	294.774740	83	0
#SusPed	295.229167	0	0
#SusPed	295.234375	95	0
#SusPed	295.509115	0	0
#SusPed	295.523438	67	0
#SusPed	295.658854	0	0
#SusPed	295.666667	60	0
#SusPed	295.968750	0	0
#SusPed	295.981771	78	0
#SusPed	296.348958	0	0
#SusPed	296.361979	74	0
#SusPed	296.438802	0	0
#SusPed	296.776042	64	0
#SusPed	298.188802	0	0
#SusPed	298.197917	79	0
#SusPed	298.269531	0	0
#SusPed	298.395833	68	0
#SusPed	299.539062	0	0
#SusPed	299.553385	84	0
#SusPed	299.628906	0	0
#SusPed	299.639323	56	0
#SusPed	300.348958	0	0
#SusPed	300.355469	80	0
#SusPed	300.718750	0	0
#SusPed	300.726562	65	0
#SusPed	300.809896	0	0
#SusPed	300.815104	61	0
#SusPed	301.819010	0	0
#SusPed	301.826823	60	0
#SusPed	303.989583	0	0
#SusPed	303.998698	63	0
#SusPed	304.059896	0	0
#SusPed	304.071615	58	0
#SusPed	304.489583	0	0
#SusPed	304.503906	69	0
#SusPed	304.589844	0	0
#SusPed	304.598958	78	0
#SusPed	305.049479	0	0
#SusPed	305.059896	94	0
#SusPed	305.699219	0	0
#SusPed	305.712240	74	0
#SusPed	306.319010	0	0
#SusPed	306.332031	74	0
#SusPed	306.449219	0	0
#SusPed	306.455729	103	0
#SusPed	307.289062	0	0
#SusPed	307.299479	75	0
#SusPed	307.408854	0	0
#SusPed	307.417969	92	0
#SusPed	308.069010	0	0
#SusPed	308.083333	80	0
#SusPed	308.149740	0	0
#SusPed	308.334635	98	0
#SusPed	308.919271	0	0
#SusPed	308.925781	82	0
#SusPed	309.079427	0	0
#SusPed	309.085938	87	0
#SusPed	309.359375	0	0
#SusPed	309.368490	72	0
#SusPed	309.509115	0	0
#SusPed	309.515625	108	0
#SusPed	309.699219	0	0
#SusPed	309.714844	70	0
#SusPed	309.819010	0	0
#SusPed	309.826823	109	0
#SusPed	309.968750	0	0
#SusPed	309.984375	87	0
#SusPed	310.109375	0	0
#SusPed	310.122396	84	0
#SusPed	310.408854	0	0
#SusPed	310.424479	97	0
#SusPed	310.509115	0	0
#SusPed	310.520833	98	0
#SusPed	310.639323	0	0
#SusPed	310.648438	105	0
#SusPed	310.878906	0	0
#SusPed	310.891927	83	0
#SusPed	311.049479	0	0
#SusPed	311.058594	74	0
#SusPed	311.158854	0	0
#SusPed	311.165365	88	0
#SusPed	311.429688	0	0
#SusPed	311.436198	92	0
#SusPed	311.649740	0	0
#SusPed	311.662760	71	0
#SusPed	311.750000	0	0
#SusPed	311.763021	100	0
#SusPed	312.059896	0	0
#SusPed	312.070312	91	0
#SusPed	312.279948	0	0
#SusPed	312.292969	66	0
#SusPed	312.419271	0	0
#SusPed	312.433594	85	0
#SusPed	312.729167	0	0
#SusPed	312.743490	74	0
#SusPed	312.819010	0	0
#SusPed	312.832031	75	0
#SusPed	312.968750	0	0
#SusPed	312.980469	79	0
#SusPed	313.128906	0	0
#SusPed	313.140625	96	0
#SusPed	313.239583	0	0
#SusPed	313.253906	89	0
#SusPed	313.399740	0	0
#SusPed	313.404948	105	0
#SusPed	313.649740	0	0
#SusPed	313.654948	105	0
#SusPed	313.899740	0	0
#SusPed	313.904948	112	0
#SusPed	314.119792	0	0
#SusPed	314.134115	105	0
#SusPed	314.378906	0	0
#SusPed	314.385417	102	0
#SusPed	314.669271	0	0
#SusPed	314.682292	93	0
#SusPed	314.949219	0	0
#SusPed	314.959635	98	0
#SusPed	315.149740	0	0
#SusPed	315.154948	59	0
#SusPed	315.229167	0	0
#SusPed	315.238281	102	0
#SusPed	315.449219	0	0
#SusPed	315.463542	66	0
#SusPed	315.750000	0	0
#SusPed	315.763021	60	0
#SusPed	315.878906	0	0
#SusPed	315.888021	104	0
#SusPed	316.399740	0	0
#SusPed	316.412760	71	0
#SusPed	316.559896	0	0
#SusPed	316.572917	85	0
#SusPed	316.859375	0	0
#SusPed	316.872396	101	0
#SusPed	317.079427	0	0
#SusPed	317.085938	103	0
#SusPed	317.378906	0	0
#SusPed	317.390625	99	0
#SusPed	317.769531	0	0
#SusPed	317.782552	73	0
#SusPed	317.908854	0	0
#SusPed	317.920573	95	0
#SusPed	318.179688	0	0
#SusPed	318.190104	91	0
#SusPed	318.250000	0	0
#SusPed	318.256510	114	0
#SusPed	318.519531	0	0
#SusPed	318.526042	87	0
#SusPed	318.829427	0	0
#SusPed	318.842448	57	0
#SusPed	318.949219	0	0
#SusPed	318.955729	84	0
#SusPed	319.269531	0	0
#SusPed	319.277344	53	0
#SusPed	319.359375	0	0
#SusPed	319.365885	102	0
#SusPed	319.839844	0	0
#SusPed	319.846354	73	0
#SusPed	319.908854	0	0
#SusPed	320.436198	67	0
#SusPed	321.989583	0	0
#SusPed	322.003906	69	0
#SofPed	322.162760	69	0
#SofPed	322.319010	0	0
#SofPed	322.329427	73	0
#SofPed	322.419271	0	0
#SofPed	322.432292	76	0
#SusPed	322.539062	0	0
#SusPed	322.546875	63	0
#SofPed	322.739583	0	0
#SofPed	322.746094	73	0
#SusPed	322.789062	0	0
#SusPed	322.795573	68	0
#SofPed	322.799479	0	0
#SofPed	322.804688	71	0
#SofPed	323.009115	0	0
#SofPed	323.023438	52	0
#SusPed	323.059896	0	0
#SusPed	323.065104	63	0
#SofPed	323.549479	0	0
#SofPed	323.557292	62	0
#SusPed	323.579427	0	0
#SusPed	323.585938	67	0
#SofPed	323.679688	0	0
#SofPed	323.684896	72	0
#SofPed	323.878906	0	0
#SofPed	323.891927	80	0
#SusPed	323.938802	0	0
#SusPed	323.946615	67	0
#SofPed	323.949219	0	0
#SofPed	323.958333	78	0
#SusPed	324.419271	0	0
#SusPed	324.425781	70	0
#SofPed	324.569010	0	0
#SofPed	324.576823	72	0
#SusPed	325.119792	0	0
#SusPed	325.132812	83	0
#SusPed	325.188802	0	0
#SusPed	325.195312	77	0
#SusPed	325.779948	0	0
#SusPed	325.794271	59	0
#SusPed	326.699219	0	0
#SusPed	326.704427	75	0
#SusPed	326.908854	0	0
#SusPed	326.923177	66	0
#SofPed	327.519531	0	0
#SofPed	327.526042	87	0
#SusPed	327.639323	0	0
#SusPed	327.644531	82	0
#SusPed	327.759115	0	0
#SofPed	327.759115	0	0
#SofPed	327.770833	84	0
#SusPed	327.770833	72	0
#SusPed	327.919271	0	0
#SofPed	327.919271	0	0
#SofPed	327.924479	80	0
#SusPed	327.927083	79	0
#SusPed	328.039062	0	0
#SusPed	328.053385	74	0
#SusPed	328.239583	0	0
#SusPed	328.244792	73	0
#SusPed	328.688802	0	0
#SusPed	328.703125	59	0
#SusPed	329.059896	0	0
#SusPed	329.074219	81	0
#SusPed	329.479167	0	0
#SusPed	329.493490	66	0
#SofPed	329.539062	0	0
#SofPed	329.553385	81	0
#SofPed	329.619792	0	0
#SofPed	329.626302	80	0
#SofPed	329.718750	0	0
#SofPed	329.733073	88	0
#SofPed	329.799479	0	0
#SofPed	329.808594	99	0
#SusPed	329.919271	0	0
#SusPed	329.929688	62	0
#SofPed	329.959635	0	0
#SofPed	329.972656	107	0
#SofPed	330.079427	0	0
#SofPed	330.088542	106	0
#SusPed	330.218750	0	0
#SusPed	330.231771	66	0
#SofPed	330.259115	0	0
#SofPed	330.274740	110	0
#SusPed	330.339844	0	0
#SusPed	330.345052	73	0
#SusPed	330.709635	0	0
#SusPed	330.723958	72	0
#SofPed	330.750000	0	0
#SofPed	330.756510	107	0
#SusPed	330.859375	0	0
#SusPed	331.195312	74	0
#SofPed	331.250000	0	0
#SofPed	331.255208	95	0
#SusPed	331.649740	0	0
#SusPed	331.658854	70	0
#SusPed	332.069010	0	0
#SusPed	332.083333	65	0
#SusPed	332.519531	0	0
#SusPed	332.528646	79	0
#SusPed	332.989583	0	0
#SusPed	333.003906	63	0
#SusPed	333.289062	0	0
#SusPed	333.298177	67	0
#SusPed	333.628906	0	0
#SusPed	333.641927	71	0
#SusPed	333.669271	0	0
#SusPed	333.682292	72	0
#SusPed	333.729167	0	0
#SusPed	333.736979	74	0
#SusPed	334.079427	0	0
#SusPed	334.085938	67	0
#SusPed	334.250000	0	0
#SusPed	334.263021	62	0
#SusPed	334.389323	0	0
#SusPed	334.394531	73	0
#SusPed	334.718750	0	0
#SusPed	334.730469	63	0
#SusPed	334.949219	0	0
#SusPed	334.960938	61	0
#SusPed	335.029948	0	0
#SusPed	335.035156	68	0
#SusPed	335.479167	0	0
#SusPed	335.484375	69	0
#SusPed	336.139323	0	0
#SusPed	336.145833	64	0
#SusPed	336.179688	0	0
#SusPed	336.194010	65	0
#SusPed	336.299479	0	0
#SusPed	336.311198	68	0
#SusPed	336.529948	0	0
#SusPed	336.544271	76	0
#SusPed	336.959635	0	0
#SusPed	336.966146	68	0
#SusPed	337.209635	0	0
#SusPed	337.222656	64	0
#SofPed	337.259115	0	0
#SusPed	337.688802	0	0
#SusPed	337.703125	61	0
#SusPed	338.359375	0	0
#SusPed	338.364583	59	0
#SusPed	338.569010	0	0
#SusPed	338.576823	61	0
#SusPed	339.029948	0	0
#SusPed	339.037760	60	0
#SusPed	339.309896	0	0
#SusPed	339.317708	55	0
#SusPed	339.869792	0	0
#SusPed	339.882812	66	0
#SusPed	340.250000	0	0
#SusPed	340.255208	55	0
#SusPed	340.889323	0	0
#SusPed	340.895833	73	0
#SusPed	341.239583	0	0
#SusPed	341.244792	79	0
#SusPed	341.589844	0	0
#SusPed	341.595052	75	0
#SusPed	341.989583	0	0
#SusPed	341.994792	57	0
#SusPed	343.079427	0	0
#SusPed	343.085938	85	0
#SusPed	343.299479	0	0
#SusPed	343.305990	74	0
#SusPed	343.779948	0	0
#SusPed	343.794271	63	0
#SusPed	345.250000	0	0
#SusPed	345.260417	60	0
#SusPed	346.919271	0	0
#SusPed	346.925781	64	0
#SusPed	347.299479	0	0
#SusPed	347.313802	64	0
#SusPed	348.468750	0	0
#SusPed	348.477865	62	0
#SusPed	348.759115	0	0
#SusPed	348.772135	60	0
#SusPed	349.509115	0	0
#SusPed	349.522135	68	0
#SusPed	349.848958	0	0
#SusPed	349.855469	65	0
#SusPed	350.819010	0	0
#SusPed	350.826823	74	0
#SusPed	351.128906	0	0
#SusPed	351.139323	80	0
#SusPed	353.378906	0	0
#SusPed	353.390625	68	0
#SusPed	353.718750	0	0
#SusPed	353.731771	77	0
#SusPed	354.519531	0	0
#SusPed	354.533854	74	0
#SusPed	354.769531	0	0
#SusPed	354.781250	78	0
#SusPed	355.789062	0	0
#SusPed	355.795573	74	0
#SusPed	357.029948	0	0
#SusPed	357.036458	85	0
#SusPed	357.309896	0	0
#SusPed	357.322917	93	0
#SusPed	358.459635	0	0
#SusPed	358.468750	68	0
#SusPed	358.649740	0	0
#SusPed	358.664062	91	0
#SusPed	359.079427	0	0
#SusPed	359.084635	93	0
#SusPed	359.339844	0	0
#SusPed	359.347656	99	0
#SusPed	359.639323	0	0
#SusPed	359.649740	87	0
#SusPed	359.968750	0	0
#SusPed	359.983073	97	0
#SusPed	360.019531	0	0
#SusPed	360.026042	80	0
#SusPed	360.158854	0	0
#SusPed	360.165365	93	0
#SusPed	360.329427	0	0
#SusPed	360.341146	78	0
#SusPed	360.639323	0	0
#SusPed	360.648438	93	0
#SusPed	361.089844	0	0
#SusPed	361.096354	59	0
#SusPed	361.378906	0	0
#SusPed	361.390625	72	0
#SusPed	361.759115	0	0
#SusPed	361.770833	98	0
#SusPed	362.269531	0	0
#SusPed	362.282552	95	0
#SusPed	363.000000	0	0
#SusPed	363.010417	102	0
#SusPed	363.468750	0	0
#SusPed	363.481771	69	0
#SusPed	364.269531	0	0
#SusPed	364.283854	69	0
#SusPed	365.908854	0	0
#SusPed	365.915365	92	0
#SusPed	366.079427	0	0
#SusPed	366.092448	75	0
#SusPed	366.729167	0	0
#SusPed	366.734375	76	0
#SusPed	367.569010	0	0
#SusPed	367.583333	64	0
#SusPed	367.759115	0	0
#SusPed	367.770833	71	0
#SusPed	369.908854	0	0
#SusPed	369.916667	71	0
#SusPed	370.119792	0	0
#SusPed	370.134115	73	0
#SusPed	370.609375	0	0
#SusPed	370.621094	76	0
#SusPed	371.539062	0	0
#SusPed	371.549479	63	0
#SusPed	373.949219	0	0
#SusPed	373.954427	63	0
#SusPed	374.149740	0	0
#SusPed	374.161458	82	0
#SusPed	374.500000	0	0
#SusPed	374.505208	65	0
#SusPed	374.658854	0	0
#SusPed	374.665365	54	0
#SusPed	375.299479	0	0
#SusPed	375.312500	57	0
#SusPed	375.539062	0	0
#SusPed	375.549479	61	0
#SusPed	378.239583	0	0
#SusPed	378.247396	60	0
#SusPed	378.419271	0	0
#SusPed	378.430990	70	0
#SusPed	379.209635	0	0
#SusPed	379.222656	60	0
#SusPed	379.649740	0	0
#SusPed	379.658854	54	0
#SusPed	379.709635	0	0
#SusPed	379.716146	56	0
#SusPed	382.509115	0	0
#SusPed	382.516927	70	0
#SusPed	382.809896	0	0
#SusPed	382.821615	68	0
#SusPed	383.039062	0	0
#SusPed	383.049479	67	0
#SusPed	383.079427	0	0
#SusPed	383.089844	67	0
#SusPed	383.119792	0	0
#SusPed	383.131510	68	0
#SusPed	383.569010	0	0
#SusPed	383.582031	75	0
#SusPed	383.859375	0	0
#SusPed	383.871094	64	0
#SusPed	383.899740	0	0
#SusPed	383.904948	61	0
#SusPed	384.250000	0	0
#SusPed	384.256510	62	0
#SusPed	384.500000	0	0
#SusPed	384.506510	58	0
#SusPed	384.598958	0	0
#SusPed	384.610677	49	0
#SusPed	384.669271	0	0
#SusPed	384.683594	53	0
#SusPed	384.739583	0	0
#SusPed	384.752604	55	0
#SusPed	384.869792	0	0
#SusPed	384.876302	54	0
#SusPed	384.968750	0	0
#SusPed	384.981771	58	0
#SusPed	385.009115	0	0
#SusPed	385.022135	58	0
#SusPed	385.169271	0	0
#SusPed	385.175781	60	0
#SusPed	385.389323	0	0
#SusPed	385.401042	66	0
#SusPed	385.468750	0	0
#SusPed	385.483073	61	0
#SusPed	385.759115	0	0
#SusPed	385.772135	59	0
#SusPed	385.899740	0	0
#SusPed	385.912760	67	0
#SusPed	386.000000	0	0
#SusPed	386.010417	68	0
#SusPed	386.188802	0	0
#SusPed	386.197917	56	0
#SusPed	386.378906	0	0
#SusPed	386.393229	65	0
#SusPed	386.419271	0	0
#SusPed	386.424479	67	0
#SusPed	386.619792	0	0
#SusPed	386.628906	62	0
#SusPed	386.929688	0	0
#SusPed	386.942708	68	0
#SusPed	387.239583	0	0
#SusPed	387.246094	58	0
#SusPed	387.468750	0	0
#SusPed	387.481771	56	0
#SusPed	387.589844	0	0
#SusPed	387.595052	53	0
#SusPed	388.139323	0	0
#SusPed	388.152344	68	0
#SusPed	388.619792	0	0
#SusPed	388.626302	67	0
#SusPed	388.709635	0	0
#SusPed	388.720052	74	0
#SusPed	388.859375	0	0
#SusPed	388.865885	75	0
#SusPed	388.938802	0	0
#SusPed	388.953125	75	0
#SusPed	389.209635	0	0
#SusPed	389.218750	67	0
#SusPed	389.250000	0	0
#SusPed	389.255208	68	0
#SusPed	389.408854	0	0
#SusPed	389.416667	68	0
#SusPed	389.500000	0	0
#SusPed	389.505208	68	0
#SusPed	390.009115	0	0
#SusPed	390.022135	63	0
#SusPed	390.218750	0	0
#SusPed	390.230469	57	0
#SusPed	390.309896	0	0
#SusPed	390.320312	58	0
#SusPed	390.419271	0	0
#SusPed	390.424479	58	0
#SusPed	390.688802	0	0
#SusPed	390.696615	64	0
#SusPed	390.769531	0	0
#SusPed	390.778646	66	0
#SusPed	390.889323	0	0
#SusPed	390.903646	66	0
#SusPed	391.000000	0	0
#SusPed	391.013021	66	0
#SusPed	391.188802	0	0
#SusPed	391.204427	62	0
#SusPed	391.239583	0	0
#SusPed	391.248698	59	0
#SusPed	391.359375	0	0
#SusPed	391.373698	56	0
#SusPed	391.438802	0	0
#SusPed	391.446615	60	0
#SusPed	391.489583	0	0
#SusPed	391.502604	62	0
#SusPed	391.589844	0	0
#SusPed	391.600260	63	0
#SusPed	391.628906	0	0
#SusPed	391.634115	63	0
#SusPed	391.709635	0	0
#SusPed	391.722656	66	0
#SusPed	391.979167	0	0
#SusPed	391.992188	68	0
#SusPed	392.229167	0	0
#SusPed	392.240885	63	0
#SusPed	392.269531	0	0
#SusPed	392.276042	61	0
#SusPed	392.339844	0	0
#SusPed	392.343750	59	0
#SusPed	392.468750	0	0
#SusPed	392.481771	57	0
#SusPed	392.529948	0	0
#SusPed	392.540365	56	0
#SusPed	392.619792	0	0
#SusPed	392.630208	59	0
#SusPed	392.908854	0	0
#SusPed	392.916667	65	0
#SusPed	393.250000	0	0
#SusPed	393.261719	59	0
#SusPed	393.709635	0	0
#SusPed	393.722656	59	0
#SusPed	393.908854	0	0
#SusPed	393.920573	62	0
#SofPed	393.962240	58	0
#SofPed	394.079427	0	0
#SofPed	394.092448	61	0
#SofPed	394.309896	0	0
#SofPed	394.315104	60	0
#SusPed	394.459635	0	0
#SusPed	394.464844	61	0
#SofPed	394.479167	0	0
#SofPed	394.490885	57	0
#SofPed	394.579427	0	0
#SofPed	394.585938	58	0
#SofPed	394.750000	0	0
#SofPed	394.761719	62	0
#SofPed	394.799479	0	0
#SofPed	394.813802	66	0
#SusPed	394.908854	0	0
#SusPed	394.914062	77	0
#SofPed	394.919271	0	0
#SofPed	394.929688	70	0
#SofPed	394.989583	0	0
#SofPed	395.001302	74	0
#SusPed	395.029948	0	0
#SusPed	395.042969	79	0
#SofPed	395.149740	0	0
#SofPed	395.161458	66	0
#SusPed	395.229167	0	0
#SusPed	395.234375	60	0
#SusPed	395.339844	0	0
#SusPed	395.352865	53	0
#SofPed	395.378906	0	0
#SofPed	395.388021	61	0
#SusPed	395.408854	0	0
#SusPed	395.416667	63	0
#SofPed	395.589844	0	0
#SofPed	395.598958	55	0
#SusPed	395.769531	0	0
#SusPed	395.781250	77	0
#SofPed	395.809896	0	0
#SofPed	395.815104	63	0
#SofPed	396.039062	0	0
#SofPed	396.046875	65	0
#SusPed	396.069010	0	0
#SusPed	396.082031	69	0
#SofPed	396.098958	0	0
#SofPed	396.108073	66	0
#SofPed	396.209635	0	0
#SofPed	396.216146	67	0
#SusPed	396.269531	0	0
#SusPed	396.274740	69	0
#SofPed	396.299479	0	0
#SofPed	396.311198	68	0
#SusPed	396.619792	0	0
#SusPed	396.627604	66	0
#SusPed	396.769531	0	0
#SusPed	396.777344	69	0
#SofPed	396.929688	0	0
#SusPed	397.119792	0	0
#SusPed	397.134115	69	0
#SusPed	397.289062	0	0
#SusPed	397.295573	68	0
#SusPed	398.158854	0	0
#SusPed	398.165365	46	0
#SusPed	398.309896	0	0
#SusPed	398.324219	70	0
#SusPed	399.229167	0	0
#SusPed	399.240885	62	0
#SusPed	399.359375	0	0
#SusPed	399.367188	65	0
#SusPed	399.839844	0	0
#SusPed	399.845052	58	0
#SusPed	399.979167	0	0
#SusPed	399.986979	94	0
#SofPed	400.746094	78	0
#SusPed	400.878906	0	0
#SusPed	400.893229	67	0
#SofPed	401.069010	0	0
#SofPed	401.075521	89	0
#SusPed	401.149740	0	0
#SusPed	401.161458	44	0
#SusPed	401.878906	0	0
#SusPed	403.442708	56	0
#SusPed	403.539062	0	0
#SusPed	403.544271	63	0
#SusPed	404.000000	0	0
#SusPed	404.005208	63	0
#SusPed	404.449219	0	0
#SusPed	404.457031	69	0
#SusPed	404.919271	0	0
#SusPed	404.925781	66	0
#SusPed	405.809896	0	0
#SusPed	405.816406	82	0
#SusPed	406.658854	0	0
#SusPed	406.667969	62	0
#SusPed	406.729167	0	0
#SusPed	406.742188	65	0
#SusPed	407.039062	0	0
#SusPed	407.054688	62	0
#SofPed	407.079427	0	0
#SusPed	407.259115	0	0
#SusPed	407.270833	59	0
#SusPed	407.769531	0	0
#SusPed	407.776042	61	0
#SusPed	407.878906	0	0
#SusPed	407.885417	67	0
#SusPed	408.559896	0	0
#SusPed	408.572917	61	0
#SusPed	408.729167	0	0
#SusPed	408.740885	82	0
#SusPed	409.259115	0	0
#SusPed	409.266927	77	0
#SusPed	409.500000	0	0
#SusPed	409.514323	77	0
#SusPed	410.598958	0	0
#SusPed	410.614583	81	0
#SusPed	410.829427	0	0
#SusPed	410.838542	62	0
#SofPed	411.059896	36	0
#SusPed	411.239583	0	0
#SusPed	411.253906	66	0
#SusPed	411.658854	0	0
#SusPed	413.492188	67	0
#SusPed	413.889323	0	0
#SusPed	413.903646	58	0
#SusPed	414.259115	0	0
#SusPed	414.268229	62	0
#SusPed	414.329427	0	0
#SusPed	414.339844	63	0
#SusPed	414.750000	0	0
#SusPed	414.755208	58	0
#SusPed	415.049479	0	0
#SusPed	415.055990	60	0
#SusPed	415.628906	0	0
#SusPed	415.640625	70	0
#SusPed	415.979167	0	0
#SusPed	415.984375	48	0
#SusPed	416.158854	0	0
#SusPed	416.164062	56	0
#SusPed	416.250000	0	0
#SusPed	416.264323	55	0
#SusPed	417.009115	0	0
#SusPed	417.014323	93	0
#SofPed	417.059896	0	0
#SusPed	417.149740	0	0
#SusPed	417.154948	72	0
#SofPed	417.303385	90	0
#SusPed	418.759115	0	0
#SusPed	418.770833	62	0
#SusPed	418.979167	0	0
#SusPed	418.993490	70	0
#SusPed	419.628906	0	0
#SusPed	419.634115	79	0
#SusPed	419.709635	0	0
#SusPed	419.723958	77	0
#SofPed	420.158854	0	0
#SusPed	420.559896	0	0
#SusPed	420.571615	69	0
#SusPed	421.569010	0	0
#SusPed	421.580729	79	0
#SusPed	421.709635	0	0
#SusPed	421.723958	89	0
#SusPed	422.938802	0	0
#SusPed	422.953125	97	0
#SusPed	423.119792	0	0
#SusPed	423.436198	69	0
#SusPed	425.549479	0	0
#SusPed	425.563802	66	0
#SusPed	425.908854	0	0
#SusPed	425.920573	64	0
#SusPed	427.459635	0	0
#SusPed	427.471354	73	0
#SusPed	427.869792	0	0
#SusPed	427.875000	62	0
#SusPed	428.438802	0	0
#SusPed	428.444010	63	0
#SusPed	429.089844	0	0
#SusPed	429.096354	33	0
#SusPed	429.769531	0	0
#SusPed	429.777344	45	0
#SusPed	430.449219	0	0
#SusPed	430.463542	74	0
#SusPed	430.959635	0	0
#SusPed	430.964844	60	0
#SusPed	435.658854	0	0
#SusPed	435.669271	76	0
#SusPed	439.989583	0	0
