//Version: PianoRoll_v170101
0	3.444010	5.959635	C5	42	80	0
1	3.463542	4.628906	G#4	41	80	0
2	3.480469	4.079427	G#3	26	80	0
3	3.485677	4.938802	G#2	23	80	0
4	3.486979	4.339844	Eb3	23	80	0
5	5.243490	5.589844	G#4	48	80	0
6	5.273438	5.427083	Eb4	27	80	0
7	5.276042	5.454427	C3	27	80	0
8	5.277344	5.450521	Eb3	26	80	0
9	5.816406	6.250000	G#4	62	80	0
10	5.828125	6.299479	Eb3	38	80	0
11	5.829427	6.239583	C3	37	80	0
12	5.835938	6.069010	C4	36	80	0
13	5.837240	6.188802	Eb4	45	80	0
14	6.533854	6.938802	G#4	69	80	0
15	6.537760	6.619792	C4	47	80	0
16	6.540365	6.699219	Eb4	54	80	0
17	6.542969	6.869792	C3	46	80	0
18	6.548177	6.718750	Eb3	49	80	0
19	6.872396	8.399740	C#5	56	80	0
20	6.885417	7.598958	Eb3	41	80	0
21	6.890625	7.369792	G4	45	80	0
22	6.893229	6.959635	Bb4	44	80	0
23	8.070312	10.769531	Bb4	54	80	0
24	8.076823	10.029948	G4	36	80	0
25	8.087240	9.949219	C#3	31	80	0
26	8.089844	8.489583	Bb3	32	80	0
27	8.092448	10.059896	Eb3	29	80	0
28	8.093750	8.378906	C#4	28	80	0
29	10.731771	12.779948	Eb5	64	80	0
30	10.736979	12.289062	G#4	57	80	0
31	10.743490	12.579427	C3	36	80	0
32	10.747396	11.399740	Eb3	37	80	0
33	11.404948	12.500000	Eb3	35	80	0
34	11.406250	12.359375	G#3	39	80	0
35	11.993490	12.589844	C4	42	80	0
36	12.526042	13.149740	C#5	69	80	0
37	12.539062	13.009115	F3	49	80	0
38	12.540365	12.938802	G#4	59	80	0
39	12.546875	13.098958	Bb3	47	80	0
40	13.114583	13.848958	Eb5	82	80	0
41	13.126302	13.579427	C4	54	80	0
42	13.127604	13.468750	G#4	73	80	0
43	13.127604	13.848958	Eb3	49	80	0
44	13.131510	13.218750	C3	46	80	0
45	13.773438	14.759115	F5	76	80	0
46	13.798177	14.359375	C#4	55	80	0
47	13.798177	14.329427	G#4	60	80	0
48	13.799479	14.750000	C#3	54	80	0
49	14.694010	16.438802	Eb5	63	80	0
50	14.701823	16.299479	G4	49	80	0
51	14.713542	15.848958	Bb3	40	80	0
52	14.716146	16.378906	Eb3	35	80	0
53	14.720052	14.729167	Bb2	35	80	0
54	16.183594	16.789062	D5	56	80	0
55	16.661458	17.093750	C#5	54	80	0
56	16.664062	18.369792	G4	45	80	0
57	16.688802	19.919271	Bb3	35	80	0
58	16.707031	18.829427	Eb3	25	80	0
59	17.118490	17.251302	Eb5	48	80	0
60	17.287760	17.356771	C#5	44	80	0
61	17.397135	17.500000	Eb5	45	80	0
62	17.497396	17.552083	C#5	46	80	0
63	17.584635	17.652344	Eb5	46	80	0
64	17.692708	17.751302	C#5	46	80	0
65	17.781250	17.841146	Eb5	49	80	0
66	17.871094	17.932292	C#5	56	80	0
67	17.967448	18.022135	Eb5	43	80	0
68	18.054688	18.105469	C#5	55	80	0
69	18.131510	18.195312	Eb5	55	80	0
70	18.222656	18.283854	C#5	55	80	0
71	18.320312	18.375000	Eb5	57	80	0
72	18.404948	18.464844	C#5	60	80	0
73	18.500000	18.566406	Eb5	56	80	0
74	18.596354	18.657552	C#5	61	80	0
75	18.686198	18.755208	Eb5	58	80	0
76	18.781250	18.839844	C#5	60	80	0
77	18.873698	18.989583	Eb5	52	80	0
78	18.976562	19.045573	C#5	52	80	0
79	19.075521	19.157552	Eb5	56	80	0
80	19.196615	19.255208	C#5	47	80	0
81	19.282552	19.345052	Eb5	49	80	0
82	19.385417	19.444010	C#5	47	80	0
83	19.476562	19.554688	Eb5	53	80	0
84	19.585938	19.729167	C#5	53	80	0
85	19.733073	19.826823	C5	59	80	0
86	19.860677	19.944010	C#5	61	80	0
87	19.973958	20.083333	Eb5	64	80	0
88	20.095052	20.217448	C#5	66	80	0
89	20.203125	20.589844	Eb5	68	80	0
90	20.566406	22.369792	F5	58	80	0
91	21.613281	22.348958	Eb5	56	80	0
92	22.156250	22.819010	C#5	58	80	0
93	22.914062	25.889323	C5	52	80	0
94	23.488281	23.574219	Eb4	27	80	0
95	23.493490	23.575521	C4	25	80	0
96	23.764323	23.835938	Eb4	30	80	0
97	23.769531	23.843750	C4	24	80	0
98	24.067708	24.143229	Eb4	31	80	0
99	24.070312	24.429688	C4	28	80	0
100	24.324219	24.416667	G#3	37	80	0
101	24.328125	24.412760	Eb4	30	80	0
102	24.623698	24.690104	C4	37	80	0
103	24.625000	24.692708	Eb4	34	80	0
104	24.627604	24.779948	G#3	32	80	0
105	24.852865	26.149740	Eb5	69	80	0
106	24.895833	24.949219	Eb4	28	80	0
107	24.898438	24.950521	C4	21	80	0
108	25.123698	25.269531	Eb4	37	80	0
109	25.126302	25.180990	C4	31	80	0
110	25.355469	25.429688	G#3	38	80	0
111	25.356771	25.449219	C4	36	80	0
112	25.361979	25.417969	Eb4	33	80	0
113	25.605469	25.679688	C4	40	80	0
114	25.605469	25.682292	Eb4	48	80	0
115	25.606771	25.684896	G#3	35	80	0
116	25.843750	26.419271	G#5	75	80	0
117	25.863281	25.929688	C4	36	80	0
118	25.865885	26.158854	G#3	36	80	0
119	25.865885	25.932292	Eb4	39	80	0
120	26.113281	26.348958	C4	47	80	0
121	26.114583	26.609375	Eb4	53	80	0
122	26.421875	26.809896	Bb3	46	80	0
123	26.425781	26.438802	Bb2	40	80	0
124	26.428385	27.619792	G#5	69	80	0
125	26.821615	26.903646	Eb4	43	80	0
126	26.824219	27.089844	Bb3	34	80	0
127	26.824219	26.904948	C#4	39	80	0
128	27.092448	27.164062	Eb4	40	80	0
129	27.095052	27.348958	Bb3	32	80	0
130	27.100260	27.165365	C#4	38	80	0
131	27.355469	27.425781	Eb4	39	80	0
132	27.358073	27.421875	C#4	33	80	0
133	27.360677	27.459635	Bb3	33	80	0
134	27.623698	27.878906	Bb3	38	80	0
135	27.626302	29.759115	G5	64	80	0
136	27.628906	27.759115	C#4	32	80	0
137	27.632812	27.712240	Eb4	33	80	0
138	27.888021	28.149740	Bb3	36	80	0
139	27.890625	27.963542	C#4	41	80	0
140	27.893229	27.973958	Eb4	37	80	0
141	28.152344	28.216146	C#4	34	80	0
142	28.153646	28.216146	Eb4	35	80	0
143	28.154948	28.378906	Bb3	28	80	0
144	28.385417	28.458333	C#4	37	80	0
145	28.386719	28.459635	Bb3	33	80	0
146	28.388021	28.457031	Eb4	38	80	0
147	28.648438	29.059896	Bb3	35	80	0
148	28.651042	28.727865	C#4	28	80	0
149	28.651042	28.727865	Eb4	29	80	0
150	28.934896	29.010417	Eb4	42	80	0
151	28.941406	29.013021	C#4	39	80	0
152	29.183594	29.252604	C#4	42	80	0
153	29.192708	29.251302	Eb4	39	80	0
154	29.416667	29.483073	Eb4	50	80	0
155	29.416667	29.479167	C#4	42	80	0
156	29.666667	29.839844	Eb4	45	80	0
157	29.669271	29.938802	C#4	48	80	0
158	29.673177	32.369792	Bb5	79	80	0
159	29.944010	30.049479	C#4	25	80	0
160	30.063802	30.199219	Bb4	46	80	0
161	30.063802	30.299479	C#4	37	80	0
162	30.069010	30.144531	Eb4	37	80	0
163	30.070312	30.143229	G4	36	80	0
164	30.305990	30.375000	Bb4	41	80	0
165	30.307292	30.373698	G4	37	80	0
166	30.308594	30.376302	Eb4	30	80	0
167	30.308594	30.376302	C#4	30	80	0
168	30.545573	30.606771	Bb4	52	80	0
169	30.548177	30.699219	G4	43	80	0
170	30.552083	30.615885	C#4	34	80	0
171	30.552083	30.614583	Eb4	36	80	0
172	30.768229	30.889323	Bb4	38	80	0
173	30.772135	30.968750	C#4	37	80	0
174	30.774740	30.889323	Eb4	36	80	0
175	31.032552	31.101562	C#4	36	80	0
176	31.033854	31.102865	Bb4	48	80	0
177	31.033854	31.104167	Eb4	38	80	0
178	31.035156	31.101562	G4	45	80	0
179	31.251302	32.559896	G5	75	80	0
180	31.255208	31.449219	C#4	40	80	0
181	31.257812	31.449219	Eb4	43	80	0
182	31.263021	31.325521	Bb4	58	80	0
183	31.264323	31.332031	G4	51	80	0
184	31.505208	31.789062	Bb4	52	80	0
185	31.509115	31.789062	G4	49	80	0
186	31.511719	31.799479	Eb4	33	80	0
187	31.511719	31.569010	C#4	35	80	0
188	31.714844	31.785156	C#4	53	80	0
189	31.972656	32.279948	Bb4	51	80	0
190	31.972656	32.035156	G4	44	80	0
191	31.975260	32.041667	Eb4	38	80	0
192	31.976562	32.559896	C#4	40	80	0
193	32.205729	32.609375	Eb5	75	80	0
194	32.223958	32.295573	G4	49	80	0
195	32.238281	32.369792	Eb4	47	80	0
196	32.468750	32.619792	Bb4	61	80	0
197	32.473958	32.688802	G4	60	80	0
198	32.475260	32.729167	Eb4	38	80	0
199	32.791667	35.359375	Eb5	74	80	0
200	32.792969	33.639323	C4	46	80	0
201	32.794271	32.809896	G#4	51	80	0
202	33.154948	33.217448	G#4	46	80	0
203	33.156250	33.221354	Eb4	34	80	0
204	33.398438	33.464844	G#4	48	80	0
205	33.402344	33.467448	Eb4	40	80	0
206	33.664062	33.809896	G#4	53	80	0
207	33.678385	33.734375	Eb4	40	80	0
208	33.686198	33.743490	C4	28	80	0
209	33.921875	35.859375	G#5	66	80	0
210	33.924479	34.731771	C4	43	80	0
211	33.942708	34.013021	Eb4	39	80	0
212	34.184896	34.244792	G#4	51	80	0
213	34.192708	34.247396	Eb4	34	80	0
214	34.421875	34.490885	G#4	51	80	0
215	34.424479	34.496094	Eb4	41	80	0
216	34.673177	34.819010	G#4	55	80	0
217	34.677083	34.779948	Eb4	37	80	0
218	34.875000	35.509115	C4	41	80	0
219	34.876302	34.955729	Eb4	35	80	0
220	35.166667	35.233073	G#4	56	80	0
221	35.177083	35.238281	Eb4	42	80	0
222	35.393229	35.455729	Eb4	51	80	0
223	35.395833	35.454427	G#4	55	80	0
224	35.632812	35.692708	G#4	63	80	0
225	35.632812	35.839844	Eb4	47	80	0
226	35.873698	37.989583	G#5	78	80	0
227	35.886719	36.750000	F#4	47	80	0
228	35.893229	36.000000	G#4	51	80	0
229	36.223958	36.307292	Eb5	60	80	0
230	36.227865	36.303385	C5	52	80	0
231	36.229167	36.303385	G#4	49	80	0
232	36.447917	36.516927	Eb5	59	80	0
233	36.454427	36.516927	C5	55	80	0
234	36.457031	36.515625	G#4	49	80	0
235	36.664062	36.959635	Eb5	63	80	0
236	36.666667	36.959635	C5	51	80	0
237	36.694010	36.799479	G#4	55	80	0
238	36.884115	37.259115	F#4	57	80	0
239	37.145833	37.214844	Eb5	54	80	0
240	37.153646	37.214844	G#4	53	80	0
241	37.153646	37.216146	C5	48	80	0
242	37.356771	38.489583	C6	82	80	0
243	37.373698	37.444010	Eb5	51	80	0
244	37.375000	37.446615	G#4	49	80	0
245	37.375000	37.445312	C5	53	80	0
246	37.610677	37.929688	Eb5	62	80	0
247	37.611979	37.929688	C5	63	80	0
248	37.660156	37.779948	G#4	57	80	0
249	37.825521	38.819010	F#4	64	80	0
250	38.072917	38.153646	Eb5	54	80	0
251	38.072917	38.145833	C5	53	80	0
252	38.084635	38.218750	G#4	55	80	0
253	38.285156	38.889323	Eb6	86	80	0
254	38.305990	38.403646	Eb5	64	80	0
255	38.315104	38.395833	C5	48	80	0
256	38.329427	38.709635	G#4	51	80	0
257	38.554688	39.098958	Eb5	71	80	0
258	38.555990	38.989583	C5	70	80	0
259	38.881510	39.679688	F4	52	80	0
260	38.898438	40.679688	Eb6	75	80	0
261	39.242188	39.334635	C#5	49	80	0
262	39.244792	39.334635	G#4	55	80	0
263	39.486979	39.558594	C#5	59	80	0
264	39.486979	39.557292	G#4	52	80	0
265	39.712240	39.989583	C#5	69	80	0
266	39.713542	39.959635	G#4	55	80	0
267	39.924479	40.688802	F4	57	80	0
268	40.156250	40.235677	C#5	51	80	0
269	40.156250	40.243490	G#4	52	80	0
270	40.371094	40.959635	C#6	89	80	0
271	40.375000	40.472656	C#5	65	80	0
272	40.385417	40.470052	G#4	57	80	0
273	40.631510	40.908854	C#5	54	80	0
274	40.632812	40.899740	G#4	62	80	0
275	40.864583	41.438802	Eb4	67	80	0
276	40.872396	41.598958	Eb6	89	80	0
277	41.101562	41.438802	C5	65	80	0
278	41.111979	41.389323	G#4	61	80	0
279	41.376302	42.079427	C#4	68	80	0
280	41.377604	41.869792	F6	84	80	0
281	41.665365	42.109375	Bb4	78	80	0
282	41.665365	42.069010	G#4	70	80	0
283	42.085938	43.139323	F6	75	80	0
284	42.113281	43.250000	Eb4	55	80	0
285	42.503906	42.662760	C5	54	80	0
286	42.509115	42.739583	G#4	53	80	0
287	42.837240	42.979167	G#4	48	80	0
288	42.843750	42.989583	C5	50	80	0
289	42.845052	44.309896	Eb6	70	80	0
290	43.106771	43.419271	C5	44	80	0
291	43.111979	43.378906	G#4	59	80	0
292	43.351562	43.359375	Eb5	54	80	0
293	43.352865	44.378906	Eb4	57	80	0
294	43.622396	43.979167	C5	55	80	0
295	43.622396	43.769531	G#4	53	80	0
296	43.893229	44.309896	C#6	75	80	0
297	43.898438	44.158854	C#5	56	80	0
298	43.902344	44.059896	G#4	56	80	0
299	44.173177	44.589844	C6	79	80	0
300	44.174479	44.500000	C5	62	80	0
301	44.194010	44.619792	G#4	53	80	0
302	44.505208	45.209635	Eb6	59	80	0
303	44.536458	46.169271	Eb4	38	80	0
304	44.851562	44.859375	Bb3	39	80	0
305	44.852865	45.019531	Bb4	47	80	0
306	44.852865	45.459635	C#6	69	80	0
307	44.859375	45.019531	C#5	53	80	0
308	45.164062	45.889323	G5	57	80	0
309	45.183594	45.319010	C#5	48	80	0
310	45.183594	45.319010	Bb4	44	80	0
311	45.490885	45.609375	Eb5	49	80	0
312	45.492188	45.779948	C#5	53	80	0
313	45.493490	45.688802	Bb4	50	80	0
314	45.893229	46.250000	G#5	63	80	0
315	45.893229	46.239583	C5	52	80	0
316	45.898438	46.329427	G#4	58	80	0
317	46.057292	46.158854	Eb6	59	80	0
318	46.164062	46.309896	C6	59	80	0
319	46.263021	46.369792	Eb6	71	80	0
320	46.386719	46.569010	G#6	77	80	0
321	46.501302	46.561198	Eb6	64	80	0
322	46.606771	46.718750	C6	60	80	0
323	46.717448	46.799479	Eb6	65	80	0
324	46.813802	46.877604	G#5	69	80	0
325	46.923177	47.009115	Eb5	59	80	0
326	47.031250	47.085938	C5	58	80	0
327	47.032552	47.039062	G#4	58	80	0
328	47.123698	47.214844	Eb5	66	80	0
329	47.244792	47.286458	G#4	65	80	0
330	47.337240	47.437500	Eb4	61	80	0
331	47.471354	47.535156	C4	48	80	0
332	47.563802	47.644531	Eb4	69	80	0
333	47.694010	47.760417	G#3	59	80	0
334	47.787760	47.864583	Eb3	63	80	0
335	47.911458	47.973958	C3	53	80	0
336	47.998698	48.063802	Eb3	65	80	0
337	48.106771	48.156250	G#2	60	80	0
338	48.205729	48.270833	Eb3	62	80	0
339	48.355469	48.398438	C3	41	80	0
340	48.424479	48.484375	Eb3	49	80	0
341	48.600260	48.739583	G2	54	80	0
342	48.604167	48.989583	Bb2	47	80	0
343	48.605469	48.739583	Eb3	49	80	0
344	48.751302	49.319010	G2	45	80	0
345	48.752604	48.959635	Eb3	47	80	0
346	48.845052	49.019531	C#3	52	80	0
347	48.968750	49.239583	Eb3	37	80	0
348	49.104167	49.229167	G3	48	80	0
349	49.302083	49.354167	C#3	55	80	0
350	49.395833	49.449219	Eb3	58	80	0
351	49.529948	50.009115	Eb2	58	80	0
352	49.533854	50.119792	Bb2	60	80	0
353	49.533854	50.059896	Bb1	59	80	0
354	49.535156	49.869792	G3	60	80	0
355	49.674479	49.747396	Eb4	55	80	0
356	49.782552	49.841146	C#4	55	80	0
357	49.890625	50.059896	Eb3	50	80	0
358	49.893229	49.953125	Eb4	53	80	0
359	50.013021	50.059896	G4	54	80	0
360	50.095052	50.188802	Eb4	55	80	0
361	50.210938	50.266927	C#4	58	80	0
362	50.309896	50.419271	Eb4	66	80	0
363	50.444010	50.589844	G4	67	80	0
364	50.444010	50.789062	Eb2	57	80	0
365	50.445312	51.079427	Bb2	59	80	0
366	50.446615	51.149740	Bb1	58	80	0
367	50.561198	50.638021	Eb5	61	80	0
368	50.678385	50.799479	C#5	59	80	0
369	50.783854	50.989583	Eb5	65	80	0
370	50.911458	51.069010	G5	69	80	0
371	50.994792	51.067708	Eb5	56	80	0
372	51.104167	51.171875	C#5	67	80	0
373	51.182292	51.244792	Eb5	61	80	0
374	51.334635	52.776042	C3	63	80	0
375	51.345052	51.598958	G#5	75	80	0
376	51.352865	52.019531	Eb2	53	80	0
377	51.451823	51.589844	Eb6	76	80	0
378	51.570312	51.658854	C6	73	80	0
379	51.671875	51.839844	Eb6	79	80	0
380	51.795573	51.885417	G#6	80	80	0
381	51.889323	52.019531	Eb6	76	80	0
382	52.000000	52.128906	C6	74	80	0
383	52.105469	52.180990	Eb6	80	80	0
384	52.199219	52.257812	G#5	79	80	0
385	52.321615	52.373698	Eb5	70	80	0
386	52.420573	52.472656	C5	70	80	0
387	52.513021	52.609375	Eb5	63	80	0
388	52.625000	52.664062	G#4	75	80	0
389	52.712240	52.802083	Eb4	61	80	0
390	52.835938	52.903646	C4	54	80	0
391	52.941406	52.994792	Eb4	65	80	0
392	53.054688	53.108073	G#3	64	80	0
393	53.177083	53.265625	Eb3	59	80	0
394	53.285156	53.351562	C3	58	80	0
395	53.386719	53.455729	Eb3	68	80	0
396	53.486979	53.542969	G#2	59	80	0
397	53.563802	53.658854	Eb3	53	80	0
398	53.682292	53.744792	C3	53	80	0
399	53.787760	53.850260	Eb3	60	80	0
400	53.954427	54.139323	Bb1	53	80	0
401	53.957031	54.348958	G2	50	80	0
402	53.958333	54.299479	G1	55	80	0
403	53.959635	54.158854	Bb2	51	80	0
404	53.962240	54.378906	Eb2	53	80	0
405	54.083333	54.162760	Eb3	53	80	0
406	54.201823	54.273438	C#3	58	80	0
407	54.324219	54.509115	Eb3	65	80	0
408	54.455729	54.598958	Bb3	59	80	0
409	54.654948	54.712240	C#3	59	80	0
410	54.763021	54.855469	Eb3	64	80	0
411	54.897135	55.299479	G1	59	80	0
412	54.903646	55.188802	Eb2	59	80	0
413	54.904948	55.139323	G2	59	80	0
414	54.924479	55.049479	Bb3	56	80	0
415	55.028646	55.111979	Eb4	55	80	0
416	55.141927	55.201823	C#4	59	80	0
417	55.247396	55.308594	Eb4	62	80	0
418	55.367188	55.421875	Bb4	66	80	0
419	55.445312	55.532552	Eb4	67	80	0
420	55.555990	55.615885	C#4	63	80	0
421	55.649740	55.839844	Eb4	71	80	0
422	55.783854	56.209635	G1	58	80	0
423	55.785156	56.059896	Eb2	57	80	0
424	55.794271	55.861979	Bb4	68	80	0
425	55.888021	56.000000	Eb5	62	80	0
426	56.011719	56.097656	C#5	65	80	0
427	56.126302	56.213542	Eb5	65	80	0
428	56.248698	56.321615	Bb5	69	80	0
429	56.338542	56.427083	Eb5	66	80	0
430	56.451823	56.529948	C#5	68	80	0
431	56.544271	56.605469	Eb5	76	80	0
432	56.595052	56.769531	G#1	61	80	0
433	56.596354	56.673177	Eb2	58	80	0
434	56.686198	56.819010	G#2	60	80	0
435	56.692708	56.773438	C5	79	80	0
436	56.812500	56.903646	G#5	66	80	0
437	56.942708	57.026042	Eb5	73	80	0
438	57.033854	57.128906	G#5	78	80	0
439	57.149740	57.246094	C6	73	80	0
440	57.255208	57.324219	G#5	69	80	0
441	57.384115	57.455729	Eb5	74	80	0
442	57.464844	57.523438	G#5	63	80	0
443	57.576823	57.649740	C5	78	80	0
444	57.687500	57.735677	G#4	63	80	0
445	57.785156	57.873698	Eb4	65	80	0
446	57.893229	57.951823	G#4	65	80	0
447	58.009115	58.096354	C4	55	80	0
448	58.110677	58.204427	G#3	62	80	0
449	58.231771	58.321615	Eb3	68	80	0
450	58.339844	58.414062	G#3	61	80	0
451	58.453125	58.541667	C3	64	80	0
452	58.563802	58.644531	G#3	63	80	0
453	58.682292	58.763021	Eb3	55	80	0
454	58.785156	58.863281	G#3	56	80	0
455	58.882812	58.953125	C4	51	80	0
456	59.006510	59.080729	G#3	51	80	0
457	59.119792	59.174479	Eb3	58	80	0
458	59.197917	59.296875	G#3	49	80	0
459	59.359375	59.575521	D3	48	80	0
460	59.363281	60.759115	F2	49	80	0
461	59.372396	60.250000	F1	49	80	0
462	59.506510	59.566406	Bb3	46	80	0
463	59.615885	59.779948	G#3	50	80	0
464	59.777344	59.833333	Bb3	54	80	0
465	59.861979	59.927083	D4	52	80	0
466	59.945312	60.029948	Bb3	55	80	0
467	60.067708	60.138021	G#3	61	80	0
468	60.145833	60.213542	Bb3	72	80	0
469	60.287760	60.829427	Bb2	56	80	0
470	60.287760	60.759115	F3	60	80	0
471	60.296875	60.459635	D4	66	80	0
472	60.412760	60.496094	Bb4	58	80	0
473	60.526042	60.593750	G#4	68	80	0
474	60.625000	60.729167	Bb4	57	80	0
475	60.743490	60.825521	D5	71	80	0
476	60.832031	60.897135	Bb4	64	80	0
477	60.932292	61.014323	G#4	71	80	0
478	61.026042	61.075521	Bb4	69	80	0
479	61.145833	61.709635	Eb2	63	80	0
480	61.147135	61.729167	Bb2	66	80	0
481	61.152344	61.679688	Eb3	68	80	0
482	61.161458	61.259115	Eb5	70	80	0
483	61.279948	61.356771	Bb5	66	80	0
484	61.382812	61.473958	G5	65	80	0
485	61.488281	61.592448	Bb5	84	80	0
486	61.595052	61.701823	Eb6	73	80	0
487	61.692708	61.782552	Bb5	81	80	0
488	61.812500	61.893229	G5	73	80	0
489	61.903646	62.119792	Bb5	75	80	0
490	62.015625	62.489583	D3	78	80	0
491	62.016927	62.500000	Bb2	69	80	0
492	62.022135	62.108073	F5	80	80	0
493	62.026042	62.218750	D2	68	80	0
494	62.131510	62.209635	Bb5	68	80	0
495	62.242188	62.332031	G#5	66	80	0
496	62.348958	62.445312	Bb5	76	80	0
497	62.467448	62.558594	F6	79	80	0
498	62.570312	62.662760	Bb5	77	80	0
499	62.683594	62.773438	G#5	78	80	0
500	62.776042	62.875000	Bb5	81	80	0
501	62.895833	63.239583	F5	77	80	0
502	62.914062	63.408854	D4	77	80	0
503	62.915365	63.459635	Bb3	71	80	0
504	62.924479	63.419271	D3	64	80	0
505	63.016927	63.218750	Bb5	74	80	0
506	63.126302	63.339844	G#5	76	80	0
507	63.230469	63.361979	Bb5	86	80	0
508	63.365885	63.579427	F6	79	80	0
509	63.462240	63.566406	Bb5	86	80	0
510	63.574219	63.686198	G#5	80	80	0
511	63.675781	63.795573	Bb5	83	80	0
512	63.804688	64.279948	G5	80	80	0
513	63.811198	64.259115	C#4	82	80	0
514	63.824219	64.459635	C#3	76	80	0
515	63.829427	64.509115	Eb3	71	80	0
516	63.936198	64.158854	Eb6	78	80	0
517	64.071615	64.171875	Bb5	79	80	0
518	64.166667	64.378906	Eb6	74	80	0
519	64.292969	64.739583	G6	88	80	0
520	64.393229	64.476562	Eb6	78	80	0
521	64.502604	64.597656	Bb5	87	80	0
522	64.615885	64.721354	Eb6	69	80	0
523	64.733073	65.029948	G#5	87	80	0
524	64.746094	65.149740	C4	82	80	0
525	64.756510	65.089844	C3	73	80	0
526	64.765625	65.339844	Eb3	64	80	0
527	64.884115	64.994792	G#6	80	80	0
528	64.983073	65.083333	Eb6	78	80	0
529	65.095052	65.299479	G#6	85	80	0
530	65.230469	65.468750	B3	85	80	0
531	65.231771	65.369792	B2	80	80	0
532	65.234375	65.509115	A5	91	80	0
533	65.345052	65.444010	A6	81	80	0
534	65.447917	65.639323	Eb6	66	80	0
535	65.569010	65.779948	A6	86	80	0
536	65.660156	66.098958	B3	76	80	0
537	65.665365	66.089844	B4	91	80	0
538	65.674479	66.098958	Eb4	75	80	0
539	65.677083	65.968750	A5	87	80	0
540	65.789062	65.938802	A6	71	80	0
541	65.915365	66.139323	Eb6	73	80	0
542	66.037760	66.209635	A6	71	80	0
543	66.225260	66.619792	Bb4	92	80	0
544	66.226562	66.479167	Bb5	97	80	0
545	66.236979	66.639323	Bb3	69	80	0
546	66.238281	66.606771	Eb4	67	80	0
547	66.354167	66.475260	Bb6	80	80	0
548	66.470052	66.579427	Eb6	74	80	0
549	66.584635	66.669271	C#4	57	80	0
550	66.585938	66.829427	Bb6	74	80	0
551	66.713542	66.968750	Bb5	94	80	0
552	66.713542	67.069010	G#4	87	80	0
553	66.730469	67.079427	G#3	71	80	0
554	66.744792	67.079427	Eb4	57	80	0
555	66.834635	67.000000	Bb6	78	80	0
556	66.954427	67.059896	Eb6	74	80	0
557	67.066406	67.239583	Bb6	66	80	0
558	67.207031	67.579427	G4	72	80	0
559	67.216146	67.750000	B5	86	80	0
560	67.218750	67.559896	G3	62	80	0
561	67.223958	67.569010	Eb4	56	80	0
562	67.325521	67.549479	B6	89	80	0
563	67.463542	68.429688	Eb6	73	80	0
564	67.557292	67.949219	B6	84	80	0
565	68.373698	70.479167	C7	84	80	0
566	68.916667	69.658854	G#5	45	80	0
567	69.278646	70.229167	G#4	43	80	0
568	69.496094	70.049479	C6	74	80	0
569	69.795573	71.250000	Bb6	74	80	0
570	70.083333	70.750000	G5	48	80	0
571	70.382812	71.329427	G4	50	80	0
572	70.593750	71.169271	Bb5	80	80	0
573	70.889323	72.069010	G#6	76	80	0
574	71.152344	71.829427	F5	50	80	0
575	71.450521	72.378906	F4	46	80	0
576	71.714844	72.329427	A6	83	80	0
577	72.070312	73.559896	Bb6	73	80	0
578	72.359375	72.968750	G5	59	80	0
579	72.638021	73.399740	G4	48	80	0
580	72.871094	73.438802	Bb5	71	80	0
581	73.184896	74.339844	G#6	69	80	0
582	73.421875	73.929688	F5	54	80	0
583	73.713542	74.098958	F4	48	80	0
584	73.955729	74.279948	G#5	70	80	0
585	74.253906	74.750000	G6	71	80	0
586	74.260417	74.789062	Eb5	56	80	0
587	74.494792	74.848958	G5	74	80	0
588	74.506510	75.049479	Eb4	61	80	0
589	74.763021	75.069010	F4	52	80	0
590	74.765625	75.089844	G#5	75	80	0
591	75.029948	75.295573	G4	61	80	0
592	75.032552	75.354167	Bb5	87	80	0
593	75.325521	75.746094	D6	73	80	0
594	75.704427	76.449219	C6	70	80	0
595	75.704427	76.000000	Bb4	64	80	0
596	75.994792	76.269531	G#4	71	80	0
597	76.240885	76.450521	C5	80	80	0
598	76.243490	76.463542	G#3	54	80	0
599	76.506510	77.059896	C6	71	80	0
600	76.815104	77.539062	Bb5	81	80	0
601	76.816406	77.027344	G#4	63	80	0
602	77.079427	77.352865	G4	69	80	0
603	77.338542	77.485677	G3	58	80	0
604	77.341146	77.669271	Bb4	80	80	0
605	77.592448	78.188802	Bb5	85	80	0
606	77.880208	78.175781	G4	56	80	0
607	77.882812	78.649740	G#5	75	80	0
608	78.158854	78.519531	F4	58	80	0
609	78.412760	78.739583	F#4	61	80	0
610	78.441406	78.929688	A5	89	80	0
611	78.756510	79.289062	C6	68	80	0
612	79.175781	79.938802	Bb5	70	80	0
613	79.177083	79.419271	G#4	55	80	0
614	79.458333	79.839844	G4	52	80	0
615	79.714844	80.001302	G3	43	80	0
616	79.739583	80.089844	Bb4	65	80	0
617	80.010417	80.429688	Bb5	71	80	0
618	80.373698	80.601562	G4	43	80	0
619	80.373698	81.289062	G#5	61	80	0
620	80.654948	81.128906	F4	37	80	0
621	80.964844	81.114583	G#4	55	80	0
622	80.973958	81.113281	F3	34	80	0
623	81.266927	81.669271	G5	59	80	0
624	81.292969	81.433594	Bb4	42	80	0
625	81.304688	81.559896	Eb4	33	80	0
626	81.574219	81.869792	F5	63	80	0
627	81.600260	81.708333	D4	38	80	0
628	81.604167	81.714844	G#3	39	80	0
629	81.846354	82.167969	G5	79	80	0
630	81.860677	81.988281	Eb4	54	80	0
631	81.864583	82.039062	Bb4	60	80	0
632	81.867188	81.985677	G3	45	80	0
633	82.125000	82.251302	D4	57	80	0
634	82.138021	82.539062	F5	69	80	0
635	82.138021	82.429688	D5	62	80	0
636	82.153646	82.459635	G#3	56	80	0
637	82.511719	84.000000	G5	79	80	0
638	82.520833	83.279948	Eb5	64	80	0
639	82.523438	83.289062	Bb4	62	80	0
640	82.524740	83.549479	Eb4	57	80	0
641	82.533854	83.809896	G3	50	80	0
642	83.752604	84.899740	F5	66	80	0
643	83.760417	84.459635	Bb4	53	80	0
644	83.763021	84.639323	D4	42	80	0
645	83.765625	84.609375	G#3	43	80	0
646	84.911458	85.239583	Bb5	69	80	0
647	84.916667	85.063802	Bb4	61	80	0
648	84.920573	85.053385	Eb4	43	80	0
649	84.927083	85.250000	G3	39	80	0
650	85.197917	85.449219	A5	77	80	0
651	85.199219	85.489583	Eb5	74	80	0
652	85.204427	85.500000	F3	56	80	0
653	85.207031	85.539062	C4	55	80	0
654	85.455729	85.750000	Bb5	80	80	0
655	85.459635	85.688802	Bb4	73	80	0
656	85.464844	85.908854	Eb4	64	80	0
657	85.467448	85.739583	G3	62	80	0
658	85.713542	86.158854	A5	85	80	0
659	85.713542	86.169271	C4	63	80	0
660	85.713542	86.179688	F3	69	80	0
661	85.718750	86.089844	Eb5	81	80	0
662	86.214844	87.279948	Bb5	94	80	0
663	86.225260	87.218750	Eb5	75	80	0
664	86.225260	86.908854	Eb4	64	80	0
665	86.227865	86.500000	Bb3	64	80	0
666	86.227865	87.089844	Bb4	74	80	0
667	86.227865	87.158854	G3	64	80	0
668	86.514323	86.938802	Bb3	44	80	0
669	87.128906	87.299479	F3	51	80	0
670	87.253906	87.709635	A4	69	80	0
671	87.304688	87.438802	F3	37	80	0
672	87.393229	89.109375	Eb5	72	80	0
673	87.433594	87.598958	G3	45	80	0
674	87.447917	87.509115	F3	41	80	0
675	87.606771	87.678385	F3	50	80	0
676	87.717448	87.782552	G3	50	80	0
677	87.807292	89.399740	C6	81	80	0
678	87.813802	87.938802	F3	55	80	0
679	87.928385	87.994792	G3	57	80	0
680	88.015625	88.098958	F3	48	80	0
681	88.121094	88.180990	G3	64	80	0
682	88.195312	88.253906	F3	58	80	0
683	88.295573	88.359375	G3	54	80	0
684	88.389323	88.489583	F3	51	80	0
685	88.496094	88.552083	G3	51	80	0
686	88.567708	88.625000	F3	51	80	0
687	88.684896	88.743490	G3	41	80	0
688	88.766927	88.837240	F3	48	80	0
689	88.854167	88.937500	G3	47	80	0
690	88.944010	89.289062	Eb3	79	80	0
691	89.143229	89.309896	F3	51	80	0
692	89.303385	89.384115	Eb3	45	80	0
693	89.345052	89.359375	A4	53	80	0
694	89.423177	89.549479	F3	46	80	0
695	89.442708	90.389323	F5	60	80	0
696	89.498698	89.679688	Eb3	59	80	0
697	89.513021	90.369792	C6	86	80	0
698	89.595052	89.699219	F3	44	80	0
699	89.692708	89.829427	Eb3	60	80	0
700	89.822917	89.929688	F3	43	80	0
701	89.881510	90.049479	Eb3	54	80	0
702	90.014323	90.489583	D3	77	80	0
703	90.264323	90.348958	Eb3	49	80	0
704	90.361979	90.509115	Eb3	53	80	0
705	90.369792	90.428385	Bb4	65	80	0
706	90.457031	91.378906	F5	64	80	0
707	90.503906	90.759115	D3	57	80	0
708	90.515625	90.579427	Eb3	58	80	0
709	90.554688	91.218750	D6	91	80	0
710	90.697917	90.809896	Bb3	56	80	0
711	90.765625	90.845052	D3	49	80	0
712	90.854167	90.932292	Eb3	66	80	0
713	90.949219	91.026042	D3	72	80	0
714	91.031250	91.289062	C3	82	80	0
715	91.156250	91.369792	D3	59	80	0
716	91.338542	91.489583	C3	56	80	0
717	91.385417	91.489583	C5	77	80	0
718	91.436198	91.619792	D3	52	80	0
719	91.485677	92.289062	F5	77	80	0
720	91.518229	91.649740	C3	56	80	0
721	91.572917	92.348958	Eb6	88	80	0
722	91.626302	91.718750	D3	54	80	0
723	91.716146	91.819010	C3	54	80	0
724	91.847656	92.029948	D3	67	80	0
725	91.923177	92.059896	C3	70	80	0
726	92.032552	92.233073	Bb2	89	80	0
727	92.134115	92.229167	C3	45	80	0
728	92.240885	92.359375	C3	55	80	0
729	92.244792	92.259115	C2	51	80	0
730	92.338542	92.464844	D5	74	80	0
731	92.343750	92.451823	Bb2	65	80	0
732	92.436198	92.649740	C3	64	80	0
733	92.454427	93.309896	F5	76	80	0
734	92.619792	93.750000	F6	91	80	0
735	92.644531	92.763021	Bb2	70	80	0
736	92.769531	92.873698	C3	65	80	0
737	92.876302	93.019531	Bb2	62	80	0
738	92.992188	93.069010	C3	58	80	0
739	93.032552	93.128906	Bb2	54	80	0
740	93.152344	93.303385	G#2	85	80	0
741	93.303385	93.479167	Bb2	59	80	0
742	93.401042	93.598958	G#2	63	80	0
743	93.489583	93.609375	Bb2	50	80	0
744	93.606771	93.779948	G#2	65	80	0
745	93.704427	94.119792	G6	94	80	0
746	93.736979	93.878906	Bb2	53	80	0
747	93.787760	93.868490	G#2	56	80	0
748	93.893229	94.079427	Bb2	55	80	0
749	93.983073	94.169271	G#2	67	80	0
750	94.084635	94.218750	Bb2	43	80	0
751	94.179688	94.256510	G#2	62	80	0
752	94.234375	94.649740	G#6	95	80	0
753	94.278646	94.352865	Bb2	62	80	0
754	94.365885	94.441406	G#2	68	80	0
755	94.464844	94.536458	Bb2	57	80	0
756	94.554688	94.651042	G#2	60	80	0
757	94.662760	94.733073	Bb2	58	80	0
758	94.747396	94.835938	G#2	59	80	0
759	94.773438	95.279948	A6	96	80	0
760	94.846354	94.945312	Bb2	59	80	0
761	94.946615	95.037760	G#2	61	80	0
762	95.057292	95.209635	Bb2	59	80	0
763	95.135417	95.212240	G#2	57	80	0
764	95.222656	95.419271	Bb2	55	80	0
765	95.321615	95.406250	G#2	61	80	0
766	95.425781	95.658854	Bb2	65	80	0
767	95.493490	96.789062	Bb6	101	80	0
768	95.502604	95.649740	G#2	65	80	0
769	95.657552	95.783854	G#2	57	80	0
770	95.673177	95.779948	Bb2	56	80	0
771	95.792969	95.848958	Bb2	57	80	0
772	95.855469	96.009115	Bb2	55	80	0
773	95.923177	96.046875	G2	67	80	0
774	96.055990	96.174479	G#2	69	80	0
775	96.171875	96.303385	Bb2	73	80	0
776	96.283854	96.399740	G#2	80	80	0
777	96.415365	96.511719	G2	70	80	0
778	96.503906	96.628906	F2	71	80	0
779	96.604167	96.819010	Eb2	82	80	0
780	96.981771	97.139323	Eb3	54	80	0
781	96.984375	97.139323	G3	58	80	0
782	97.149740	97.209635	G3	52	80	0
783	97.153646	97.279948	Eb3	51	80	0
784	97.277344	97.658854	G4	82	80	0
785	97.281250	97.709635	G3	68	80	0
786	97.285156	97.408854	Eb3	69	80	0
787	97.423177	97.519531	Eb3	58	80	0
788	97.532552	97.680990	D3	78	80	0
789	97.533854	97.694010	Eb3	78	80	0
790	97.789062	97.951823	D3	69	80	0
791	97.792969	97.960938	Eb3	67	80	0
792	97.792969	97.954427	G3	59	80	0
793	98.046875	98.179688	Eb3	62	80	0
794	98.046875	98.179688	C3	65	80	0
795	98.048177	98.183594	G3	60	80	0
796	98.295573	98.407552	G3	53	80	0
797	98.295573	98.407552	C3	57	80	0
798	98.295573	98.420573	Eb3	56	80	0
799	98.557292	98.684896	Bb2	51	80	0
800	98.558594	98.664062	G4	63	80	0
801	98.559896	98.687500	Eb3	48	80	0
802	98.559896	98.667969	G3	47	80	0
803	98.800781	98.915365	G#4	72	80	0
804	98.817708	98.921875	G3	47	80	0
805	98.824219	98.936198	Bb2	45	80	0
806	98.824219	98.941406	Eb3	44	80	0
807	99.050781	99.319010	Bb4	84	80	0
808	99.053385	99.239583	G3	61	80	0
809	99.053385	99.182292	G#2	58	80	0
810	99.054688	99.191406	Eb3	57	80	0
811	99.253906	99.429688	G3	52	80	0
812	99.283854	99.429688	C5	83	80	0
813	99.292969	99.750000	G2	57	80	0
814	99.295573	99.529948	Eb3	63	80	0
815	99.527344	99.769531	D5	78	80	0
816	99.541667	99.750000	Eb3	64	80	0
817	99.542969	99.783854	G3	68	80	0
818	99.755208	99.769531	G#2	58	80	0
819	99.760417	99.829427	G2	55	80	0
820	99.761719	99.859375	Eb3	55	80	0
821	99.881510	100.169271	Eb5	91	80	0
822	99.888021	100.093750	G2	74	80	0
823	100.222656	100.401042	Eb3	72	80	0
824	100.225260	100.382812	G3	67	80	0
825	100.523438	100.654948	G2	50	80	0
826	100.523438	100.645833	G3	55	80	0
827	100.524740	100.899740	Bb4	81	80	0
828	100.524740	100.647135	Eb3	53	80	0
829	100.765625	100.915365	Eb3	72	80	0
830	100.769531	100.919271	D3	72	80	0
831	100.769531	100.907552	G3	55	80	0
832	100.774740	100.898438	G2	51	80	0
833	101.019531	101.139323	D3	57	80	0
834	101.020833	101.144531	Eb3	58	80	0
835	101.024740	101.145833	G3	58	80	0
836	101.274740	101.390625	Eb3	61	80	0
837	101.274740	101.384115	C3	58	80	0
838	101.274740	101.391927	G3	52	80	0
839	101.522135	101.604167	G3	52	80	0
840	101.523438	101.608073	C3	57	80	0
841	101.523438	101.604167	Eb3	52	80	0
842	101.772135	101.894531	G3	55	80	0
843	101.773438	101.915365	Bb2	59	80	0
844	101.774740	101.908854	Eb3	58	80	0
845	101.774740	102.079427	D5	75	80	0
846	102.022135	102.132812	Eb5	82	80	0
847	102.026042	102.126302	G3	60	80	0
848	102.027344	102.144531	Bb2	60	80	0
849	102.032552	102.143229	Eb3	57	80	0
850	102.242188	102.519531	F5	81	80	0
851	102.257812	102.395833	G3	66	80	0
852	102.263021	102.398438	Eb3	53	80	0
853	102.265625	102.395833	G#2	59	80	0
854	102.483073	102.809896	G5	85	80	0
855	102.496094	102.615885	G2	64	80	0
856	102.497396	102.615885	Eb3	63	80	0
857	102.503906	102.589844	Bb2	57	80	0
858	102.722656	103.098958	G#5	90	80	0
859	102.746094	102.968750	G3	56	80	0
860	102.751302	103.079427	Eb3	65	80	0
861	102.751302	102.959635	G2	58	80	0
862	103.097656	103.304688	G2	60	80	0
863	103.097656	103.929688	Bb5	93	80	0
864	103.455729	103.608073	Eb3	65	80	0
865	103.459635	103.468750	Bb2	56	80	0
866	103.460938	103.589844	G3	66	80	0
867	103.743490	103.750000	Bb2	57	80	0
868	103.743490	104.769531	Eb5	87	80	0
869	103.746094	103.854167	Eb3	57	80	0
870	103.751302	103.845052	G2	55	80	0
871	103.751302	103.842448	G3	56	80	0
872	103.981771	104.098958	Eb3	66	80	0
873	103.983073	104.093750	G3	64	80	0
874	103.986979	104.093750	D3	69	80	0
875	103.989583	104.000000	Bb2	55	80	0
876	104.233073	104.373698	Eb3	63	80	0
877	104.233073	104.364583	D3	62	80	0
878	104.233073	104.365885	G3	65	80	0
879	104.236979	104.250000	G2	56	80	0
880	104.484375	104.585938	Eb3	63	80	0
881	104.484375	104.584635	C3	59	80	0
882	104.494792	104.584635	G3	51	80	0
883	104.733073	104.798177	C3	55	80	0
884	104.735677	104.804688	G3	52	80	0
885	104.736979	104.803385	Eb3	53	80	0
886	105.005208	105.289062	Eb6	55	80	0
887	105.005208	105.123698	Eb3	39	80	0
888	105.010417	105.119792	Bb2	40	80	0
889	105.013021	105.389323	G3	41	80	0
890	105.261719	105.529948	F6	69	80	0
891	105.273438	105.371094	Eb3	33	80	0
892	105.283854	105.378906	Bb2	36	80	0
893	105.518229	105.829427	G6	81	80	0
894	105.527344	105.750000	G3	46	80	0
895	105.532552	105.635417	Eb3	44	80	0
896	105.532552	105.789062	Bb2	41	80	0
897	105.772135	106.029948	G#6	85	80	0
898	105.803385	105.989583	G#2	47	80	0
899	105.804688	105.938802	Eb3	37	80	0
900	106.041667	107.339844	Bb6	90	80	0
901	106.054688	106.199219	G3	45	80	0
902	106.054688	106.199219	G2	46	80	0
903	106.058594	106.348958	Eb3	46	80	0
904	106.484375	107.529948	C7	90	80	0
905	106.506510	107.529948	F3	45	80	0
906	106.507812	107.639323	G#2	46	80	0
907	106.511719	107.529948	Eb3	51	80	0
908	108.893229	109.229167	F4	47	80	0
909	108.894531	109.005208	F3	38	80	0
910	108.907552	109.119792	A2	37	80	0
911	108.911458	109.128906	Eb3	41	80	0
912	109.207031	109.589844	Bb4	62	80	0
913	109.235677	109.539062	Bb3	35	80	0
914	109.235677	109.579427	F3	33	80	0
915	109.235677	109.589844	D3	33	80	0
916	109.235677	109.509115	F4	39	80	0
917	109.243490	109.569010	Bb2	34	80	0
918	110.011719	110.399740	Bb4	70	80	0
919	110.027344	110.389323	D3	45	80	0
920	110.031250	110.269531	F4	50	80	0
921	110.032552	110.279948	Bb2	47	80	0
922	110.037760	110.188802	Bb3	44	80	0
923	110.320312	111.759115	A4	75	80	0
924	110.343750	111.709635	C3	41	80	0
925	110.348958	110.649740	A3	39	80	0
926	110.354167	110.359375	C4	43	80	0
927	110.354167	111.669271	Eb3	42	80	0
928	110.355469	111.149740	F4	47	80	0
929	111.537760	112.859375	G#4	66	80	0
930	111.555990	112.949219	B3	39	80	0
931	111.557292	112.869792	D3	33	80	0
932	111.563802	112.929688	F4	39	80	0
933	112.841146	113.049479	Bb3	43	80	0
934	112.842448	112.979167	G4	47	80	0
935	112.846354	113.019531	Eb3	40	80	0
936	113.166667	113.483073	Eb6	64	80	0
937	113.169271	113.359375	G4	47	80	0
938	113.175781	114.139323	Eb4	41	80	0
939	113.437500	113.759115	F4	49	80	0
940	113.446615	113.744792	D6	68	80	0
941	113.449219	113.739583	G#4	63	80	0
942	113.714844	114.039062	C#6	77	80	0
943	113.725260	113.989583	Bb4	60	80	0
944	113.727865	113.929688	G4	59	80	0
945	114.018229	114.161458	C6	62	80	0
946	114.027344	114.639323	C5	60	80	0
947	114.032552	114.769531	G#4	56	80	0
948	114.164062	114.403646	Bb5	66	80	0
949	114.299479	114.420573	G#5	60	80	0
950	114.428385	114.554688	G5	68	80	0
951	114.558594	114.683594	F#5	66	80	0
952	114.684896	114.819010	F5	71	80	0
953	114.808594	114.954427	E5	70	80	0
954	114.942708	115.074219	Eb5	77	80	0
955	115.065104	115.187500	D5	71	80	0
956	115.188802	115.313802	C#5	73	80	0
957	115.308594	115.454427	C5	77	80	0
958	115.446615	115.584635	B4	73	80	0
959	115.595052	115.726562	Bb4	68	80	0
960	115.717448	115.786458	G#4	67	80	0
961	115.854167	115.937500	G4	58	80	0
962	115.888021	116.019531	Eb3	47	80	0
963	115.891927	115.971354	F3	43	80	0
964	115.893229	115.962240	A2	43	80	0
965	115.993490	116.177083	F4	55	80	0
966	116.216146	116.649740	Bb4	53	80	0
967	116.234375	116.333333	D4	39	80	0
968	116.235677	116.628906	F3	32	80	0
969	116.238281	116.559896	Bb2	33	80	0
970	117.350260	117.658854	Bb4	56	80	0
971	117.384115	117.699219	D4	26	80	0
972	117.386719	117.769531	G#3	27	80	0
973	117.390625	118.109375	Bb2	27	80	0
974	117.868490	118.598958	Bb4	58	80	0
975	117.893229	120.658854	Eb4	39	80	0
976	117.933594	118.639323	G3	23	80	0
977	117.934896	119.134115	Eb3	25	80	0
978	118.536458	118.949219	C5	52	80	0
979	118.585938	118.799479	G#3	17	80	0
980	118.859375	119.153646	Bb4	66	80	0
981	118.863281	119.141927	G3	36	80	0
982	119.126302	119.459635	G#4	65	80	0
983	119.148438	119.799479	F3	37	80	0
984	119.407552	119.677083	G4	65	80	0
985	119.414062	119.673177	Eb3	54	80	0
986	119.674479	119.947917	F4	55	80	0
987	119.677083	119.945312	D3	53	80	0
988	119.930990	120.848958	Eb3	58	80	0
989	119.940104	120.235677	G4	65	80	0
990	120.233073	121.369792	G#4	67	80	0
991	120.244792	120.259115	Bb1	44	80	0
992	120.247396	121.819010	Bb2	42	80	0
993	120.263021	121.500000	F3	40	80	0
994	120.523438	121.269531	C4	57	80	0
995	120.843750	121.279948	Eb4	57	80	0
996	121.156250	121.489583	D4	56	80	0
997	121.423177	121.779948	G4	53	80	0
998	121.427083	121.889323	Eb4	51	80	0
999	121.444010	121.688802	Eb3	49	80	0
1000	121.675781	122.005208	Bb3	58	80	0
1001	121.694010	122.049479	G2	41	80	0
1002	121.701823	122.019531	Eb3	43	80	0
1003	121.998698	122.282552	C4	56	80	0
1004	122.031250	122.299479	Eb3	42	80	0
1005	122.033854	122.277344	G#2	46	80	0
1006	122.033854	122.279948	G#3	39	80	0
1007	122.279948	122.553385	Bb3	59	80	0
1008	122.305990	122.519531	Eb3	39	80	0
1009	122.305990	122.553385	G2	40	80	0
1010	122.552083	122.813802	G#3	50	80	0
1011	122.554688	122.805990	F2	43	80	0
1012	122.565104	122.658854	F3	38	80	0
1013	122.815104	123.075521	G3	60	80	0
1014	122.824219	123.071615	Eb2	50	80	0
1015	123.067708	123.292969	F3	62	80	0
1016	123.096354	123.319010	D3	42	80	0
1017	123.106771	123.294271	D2	40	80	0
1018	123.332031	123.585938	G3	60	80	0
1019	123.346354	123.589844	Eb2	43	80	0
1020	123.621094	124.569010	G#3	49	80	0
1021	123.656250	124.419271	Eb3	36	80	0
1022	123.657552	124.679688	Bb1	37	80	0
1023	123.665365	124.229167	Bb2	38	80	0
1024	123.919271	124.539062	C4	48	80	0
1025	124.186198	124.549479	Eb4	55	80	0
1026	124.450521	124.769531	D4	60	80	0
1027	124.733073	125.005208	F4	55	80	0
1028	124.734375	124.779948	Bb2	50	80	0
1029	124.742188	125.609375	Eb3	52	80	0
1030	124.748698	125.549479	Eb2	48	80	0
1031	124.753906	124.989583	G3	41	80	0
1032	124.997396	125.238281	D4	58	80	0
1033	125.000000	125.589844	G3	39	80	0
1034	125.261719	125.545573	F4	50	80	0
1035	125.542969	125.959635	Eb4	58	80	0
1036	125.794271	126.109375	G#4	59	80	0
1037	125.808594	128.539062	Eb3	43	80	0
1038	125.817708	125.829427	D4	42	80	0
1039	125.821615	125.968750	Bb3	45	80	0
1040	125.822917	128.509115	Bb2	41	80	0
1041	126.052083	126.304688	F4	57	80	0
1042	126.294271	126.598958	G#4	64	80	0
1043	126.580729	126.821615	G4	62	80	0
1044	126.807292	127.057292	C5	69	80	0
1045	127.054688	127.316406	A4	72	80	0
1046	127.321615	127.649740	C5	61	80	0
1047	127.606771	127.834635	Bb4	68	80	0
1048	127.835938	128.119792	F5	62	80	0
1049	128.084635	128.341146	D5	67	80	0
1050	128.324219	128.649740	F5	62	80	0
1051	128.601562	128.878906	Eb5	65	80	0
1052	128.830729	129.339844	G#5	66	80	0
1053	128.850260	129.679688	Eb3	48	80	0
1054	128.852865	129.669271	Eb4	49	80	0
1055	128.861979	129.669271	G3	39	80	0
1056	128.863281	129.658854	Bb3	37	80	0
1057	129.098958	129.356771	F5	69	80	0
1058	129.351562	129.839844	G#5	64	80	0
1059	129.623698	129.929688	G5	71	80	0
1060	129.873698	130.174479	C6	71	80	0
1061	129.885417	130.750000	Eb4	50	80	0
1062	129.894531	130.658854	Bb3	46	80	0
1063	129.897135	130.718750	Eb3	45	80	0
1064	129.901042	130.539062	G3	44	80	0
1065	130.122396	130.419271	A5	77	80	0
1066	130.376302	130.686198	C6	71	80	0
1067	130.648438	131.149740	Bb5	87	80	0
1068	131.104167	134.598958	Eb6	75	80	0
1069	131.123698	131.539062	Bb3	37	80	0
1070	131.131510	131.549479	G3	40	80	0
1071	131.132812	131.639323	Eb3	43	80	0
1072	132.186198	133.639323	Eb2	41	80	0
1073	133.433594	134.829427	Eb5	64	80	0
1074	133.441406	133.859375	Eb3	36	80	0
1075	134.825521	137.500000	C#6	52	80	0
1076	134.826823	136.529948	C#2	30	80	0
1077	135.993490	137.779948	C#3	28	80	0
1078	137.351562	137.799479	C#5	42	80	0
1079	139.108073	139.639323	C3	42	80	0
1080	139.109375	142.299479	C6	58	80	0
1081	139.114583	141.709635	C5	54	80	0
1082	139.115885	139.479167	C2	36	80	0
1083	139.856771	139.950521	G#3	32	80	0
1084	139.856771	139.946615	F3	30	80	0
1085	140.125000	140.196615	G#3	28	80	0
1086	140.143229	140.201823	F3	26	80	0
1087	140.389323	140.489583	C4	25	80	0
1088	140.390625	140.609375	F3	30	80	0
1089	140.394531	140.454427	G#3	30	80	0
1090	140.589844	141.378906	C3	52	80	0
1091	140.854167	141.009115	C4	26	80	0
1092	140.872396	140.941406	G#3	33	80	0
1093	140.875000	141.039062	F3	33	80	0
1094	141.083333	141.449219	G#5	68	80	0
1095	141.093750	141.229167	C4	33	80	0
1096	141.104167	141.164062	F3	37	80	0
1097	141.111979	141.164062	G#3	36	80	0
1098	141.324219	141.579427	G#3	42	80	0
1099	141.328125	141.459635	C4	37	80	0
1100	141.329427	141.519531	F3	39	80	0
1101	141.536458	142.339844	C3	51	80	0
1102	141.555990	142.089844	G#5	71	80	0
1103	141.776042	141.843750	F3	40	80	0
1104	141.777344	141.843750	G#3	41	80	0
1105	141.986979	142.044271	G#3	49	80	0
1106	141.990885	142.050781	F3	40	80	0
1107	142.177083	142.489583	G#5	87	80	0
1108	142.203125	142.329427	F3	53	80	0
1109	142.204427	142.348958	G#3	56	80	0
1110	142.523438	143.438802	C3	59	80	0
1111	142.524740	143.569010	C#6	74	80	0
1112	142.546875	143.359375	E5	63	80	0
1113	142.548177	143.169271	Bb5	72	80	0
1114	142.898438	142.971354	Bb3	48	80	0
1115	142.899740	142.972656	G3	46	80	0
1116	143.119792	143.199219	G3	44	80	0
1117	143.119792	143.128906	C4	43	80	0
1118	143.126302	143.250000	Bb3	48	80	0
1119	143.358073	143.627604	Bb3	45	80	0
1120	143.360677	143.419271	C4	41	80	0
1121	143.361979	143.649740	G3	44	80	0
1122	143.364583	143.369792	E3	37	80	0
1123	143.570312	145.319010	Bb5	75	80	0
1124	143.574219	144.319010	C3	51	80	0
1125	143.576823	145.098958	E5	55	80	0
1126	143.790365	143.861979	Bb3	41	80	0
1127	143.792969	143.799479	C4	37	80	0
1128	143.792969	143.799479	E3	35	80	0
1129	143.800781	143.873698	G3	43	80	0
1130	144.022135	144.093750	Bb3	40	80	0
1131	144.029948	144.039062	C4	38	80	0
1132	144.036458	144.049479	E3	32	80	0
1133	144.042969	144.104167	G3	41	80	0
1134	144.239583	144.468750	G3	43	80	0
1135	144.246094	144.259115	E3	35	80	0
1136	144.251302	144.305990	Bb3	43	80	0
1137	144.442708	145.229167	C3	46	80	0
1138	144.444010	144.519531	Bb3	43	80	0
1139	144.675781	144.744792	Bb3	45	80	0
1140	144.679688	144.688802	E3	38	80	0
1141	144.682292	144.753906	G3	42	80	0
1142	144.902344	144.975260	Bb3	47	80	0
1143	144.919271	144.929688	E3	36	80	0
1144	144.921875	144.984375	G3	40	80	0
1145	145.123698	145.329427	Bb3	65	80	0
1146	145.125000	145.468750	G3	63	80	0
1147	145.373698	145.869792	C3	59	80	0
1148	145.397135	147.188802	Bb5	85	80	0
1149	145.403646	147.309896	E5	64	80	0
1150	145.652344	145.731771	E3	44	80	0
1151	145.652344	145.725260	G3	47	80	0
1152	145.864583	145.934896	G3	45	80	0
1153	145.873698	145.930990	E3	45	80	0
1154	145.882812	146.059896	C3	43	80	0
1155	146.062500	146.329427	G3	47	80	0
1156	146.065104	146.279948	E3	45	80	0
1157	146.065104	146.199219	C3	47	80	0
1158	146.283854	146.539062	C3	60	80	0
1159	146.287760	146.389323	E3	44	80	0
1160	146.541667	146.829427	G3	52	80	0
1161	146.542969	146.601562	E3	44	80	0
1162	146.548177	146.718750	C3	46	80	0
1163	146.722656	147.199219	G5	88	80	0
1164	146.731771	146.959635	C3	46	80	0
1165	146.746094	146.822917	E3	44	80	0
1166	146.963542	147.269531	G3	59	80	0
1167	146.964844	147.042969	E3	48	80	0
1168	146.972656	147.109375	C3	47	80	0
1169	147.200521	147.282552	C3	54	80	0
1170	147.203125	147.281250	E3	50	80	0
1171	147.213542	147.750000	G5	76	80	0
1172	147.424479	147.486979	E3	51	80	0
1173	147.429688	147.489583	G3	47	80	0
1174	147.436198	147.628906	C3	45	80	0
1175	147.632812	147.696615	E3	50	80	0
1176	147.635417	147.704427	G3	54	80	0
1177	147.641927	147.769531	C3	44	80	0
1178	147.852865	147.989583	G3	63	80	0
1179	147.854167	148.218750	G5	80	80	0
1180	147.855469	148.128906	E3	54	80	0
1181	147.855469	148.019531	C3	56	80	0
1182	148.173177	149.019531	C3	58	80	0
1183	148.175781	148.919271	C5	69	80	0
1184	148.175781	149.279948	C6	80	80	0
1185	148.183594	148.869792	F5	66	80	0
1186	148.183594	148.968750	G#5	74	80	0
1187	148.497396	148.584635	G#3	49	80	0
1188	148.501302	148.574219	F3	52	80	0
1189	148.729167	148.829427	F3	44	80	0
1190	148.730469	148.786458	G#3	48	80	0
1191	148.942708	149.098958	G#3	56	80	0
1192	148.945312	149.229167	F3	56	80	0
1193	149.167969	149.878906	C3	56	80	0
1194	149.169271	150.669271	G#5	88	80	0
1195	149.173177	150.769531	C5	72	80	0
1196	149.175781	150.809896	F5	75	80	0
1197	149.404948	149.476562	F3	49	80	0
1198	149.406250	149.484375	G#3	50	80	0
1199	149.604167	149.675781	F3	49	80	0
1200	149.605469	149.680990	G#3	59	80	0
1201	149.832031	150.059896	G#3	55	80	0
1202	149.834635	150.049479	F3	56	80	0
1203	150.052083	150.688802	C3	55	80	0
1204	150.298177	150.364583	F3	57	80	0
1205	150.302083	150.355469	G#3	53	80	0
1206	150.505208	150.609375	F3	54	80	0
1207	150.510417	150.574219	G#3	62	80	0
1208	150.710938	150.848958	F3	48	80	0
1209	150.713542	150.766927	G#3	57	80	0
1210	151.023438	152.718750	G#5	64	80	0
1211	151.057292	152.389323	F5	44	80	0
1212	151.074219	152.500000	C5	39	80	0
1213	151.294271	151.569010	C3	49	80	0
1214	151.524740	151.789062	D3	53	80	0
1215	151.727865	151.950521	E3	47	80	0
1216	151.957031	152.144531	F3	50	80	0
1217	152.175781	152.218750	E3	44	80	0
1218	152.180990	152.389323	G3	54	80	0
1219	152.402344	152.696615	F5	68	80	0
1220	152.402344	152.869792	G#3	49	80	0
1221	152.406250	152.419271	G#2	43	80	0
1222	152.619792	152.929688	Bb3	59	80	0
1223	152.843750	153.348958	C4	50	80	0
1224	152.871094	153.489583	F5	82	80	0
1225	153.071615	153.319010	G#3	64	80	0
1226	153.263021	153.500000	G3	62	80	0
1227	153.496094	153.566406	F3	65	80	0
1228	153.503906	153.699219	F5	80	80	0
1229	153.714844	153.859375	F5	49	80	0
1230	153.753906	153.875000	C3	66	80	0
1231	153.760417	154.729167	Bb5	79	80	0
1232	153.766927	154.369792	C5	62	80	0
1233	153.773438	154.389323	E5	60	80	0
1234	153.979167	154.128906	B1	58	80	0
1235	154.174479	154.569010	C2	75	80	0
1236	154.395833	154.649740	B1	70	80	0
1237	154.614583	154.837240	C2	69	80	0
1238	154.641927	156.098958	G5	78	80	0
1239	154.641927	156.039062	C5	69	80	0
1240	154.649740	156.188802	E5	70	80	0
1241	154.829427	155.078125	E2	62	80	0
1242	155.059896	155.256510	G2	69	80	0
1243	155.268229	155.493490	B2	69	80	0
1244	155.493490	155.710938	C3	65	80	0
1245	155.717448	155.957031	Bb2	60	80	0
1246	155.937500	156.126302	G#2	65	80	0
1247	156.141927	156.408854	G2	61	80	0
1248	156.423177	158.109375	G#5	78	80	0
1249	156.434896	156.680990	F2	53	80	0
1250	156.444010	158.128906	C5	58	80	0
1251	156.446615	157.779948	F5	63	80	0
1252	156.683594	156.875000	C3	61	80	0
1253	156.914062	157.121094	D3	64	80	0
1254	157.125000	157.326823	E3	59	80	0
1255	157.345052	157.524740	F3	61	80	0
1256	157.562500	157.794271	G3	62	80	0
1257	157.794271	158.031250	F5	75	80	0
1258	157.795573	158.024740	G#3	53	80	0
1259	158.035156	158.359375	Bb3	61	80	0
1260	158.282552	158.959635	F5	70	80	0
1261	158.294271	159.209635	C5	62	80	0
1262	158.296875	159.069010	G#4	66	80	0
1263	158.300781	158.829427	C4	55	80	0
1264	158.513021	158.809896	G#3	54	80	0
1265	158.748698	158.950521	G3	58	80	0
1266	158.955729	159.259115	F3	67	80	0
1267	158.964844	159.295573	F5	74	80	0
1268	159.285156	160.779948	F#5	64	80	0
1269	159.292969	159.899740	C#5	61	80	0
1270	159.294271	160.069010	F#4	58	80	0
1271	159.294271	159.658854	Eb3	53	80	0
1272	159.570312	159.848958	Eb2	56	80	0
1273	159.813802	160.044271	F2	55	80	0
1274	160.037760	160.348958	F#2	68	80	0
1275	160.255208	162.348958	Eb5	77	80	0
1276	160.261719	161.609375	F#4	75	80	0
1277	160.264323	160.467448	G#2	66	80	0
1278	160.270833	161.848958	C5	72	80	0
1279	160.496094	160.738281	A2	54	80	0
1280	160.746094	160.972656	Bb2	60	80	0
1281	160.963542	161.204427	G#2	61	80	0
1282	161.220052	162.149740	G#4	67	80	0
1283	161.225260	161.471354	F#2	49	80	0
1284	161.473958	161.763021	F2	56	80	0
1285	161.776042	162.033854	Eb2	52	80	0
1286	161.781250	162.199219	F#4	63	80	0
1287	162.029948	162.339844	G#2	56	80	0
1288	162.264323	162.569010	C#2	51	80	0
1289	162.345052	164.569010	F5	65	80	0
1290	162.355469	163.729167	C#5	56	80	0
1291	162.364583	164.218750	F4	50	80	0
1292	162.617188	163.000000	C#3	56	80	0
1293	162.846354	163.128906	Eb3	61	80	0
1294	163.071615	163.307292	F3	55	80	0
1295	163.292969	163.899740	F#3	57	80	0
1296	163.519531	163.756510	G#3	60	80	0
1297	163.743490	164.089844	C#5	64	80	0
1298	163.768229	164.139323	Bb3	55	80	0
1299	163.992188	164.289062	G#3	60	80	0
1300	164.234375	164.889323	C#5	68	80	0
1301	164.255208	164.919271	F#4	65	80	0
1302	164.255208	165.029948	G#4	67	80	0
1303	164.255208	164.878906	F#3	63	80	0
1304	164.259115	165.009115	F4	58	80	0
1305	164.460938	164.769531	F3	62	80	0
1306	164.695312	164.904948	Eb3	68	80	0
1307	164.893229	165.009115	C#3	69	80	0
1308	164.894531	165.218750	C#5	68	80	0
1309	165.180990	166.519531	F#5	77	80	0
1310	165.187500	165.408854	G#2	62	80	0
1311	165.191406	165.899740	Eb5	73	80	0
1312	165.192708	165.919271	F#4	66	80	0
1313	165.195312	165.889323	C5	61	80	0
1314	165.424479	165.869792	G1	54	80	0
1315	165.644531	166.128906	G#1	59	80	0
1316	165.880208	166.175781	G1	67	80	0
1317	166.135417	168.139323	Eb5	75	80	0
1318	166.136719	166.589844	G#1	62	80	0
1319	166.141927	167.919271	C5	67	80	0
1320	166.143229	168.039062	F#4	67	80	0
1321	166.361979	166.589844	Bb1	66	80	0
1322	166.592448	166.819010	C2	66	80	0
1323	166.817708	167.035156	C#2	67	80	0
1324	167.054688	167.273438	Eb2	62	80	0
1325	167.285156	167.502604	F2	58	80	0
1326	167.493490	167.748698	F#2	61	80	0
1327	167.722656	168.119792	G#2	63	80	0
1328	167.981771	168.468750	C#2	62	80	0
1329	167.984375	170.109375	F5	75	80	0
1330	167.986979	169.139323	C5	81	80	0
1331	167.996094	169.000000	F4	63	80	0
1332	168.316406	168.553385	A2	50	80	0
1333	168.535156	168.744792	Bb2	61	80	0
1334	168.743490	169.006510	A2	65	80	0
1335	168.996094	169.289062	Bb2	53	80	0
1336	169.003906	169.519531	Bb4	70	80	0
1337	169.006510	169.529948	F4	54	80	0
1338	169.246094	169.541667	C3	54	80	0
1339	169.515625	169.908854	C#3	57	80	0
1340	169.515625	169.889323	C#5	69	80	0
1341	169.533854	170.859375	Bb4	60	80	0
1342	169.541667	170.908854	F4	45	80	0
1343	169.753906	170.049479	Eb3	62	80	0
1344	170.026042	170.459635	F3	63	80	0
1345	170.026042	170.598958	C#5	70	80	0
1346	170.250000	170.479167	C#3	62	80	0
1347	170.442708	170.769531	C3	68	80	0
1348	170.669271	170.878906	Bb2	63	80	0
1349	170.674479	171.026042	C#5	83	80	0
1350	170.846354	171.059896	C3	60	80	0
1351	170.973958	172.049479	Eb5	78	80	0
1352	170.985677	173.109375	Bb4	69	80	0
1353	170.994792	173.199219	F4	61	80	0
1354	171.005208	171.019531	Bb2	53	80	0
1355	171.154948	171.441406	C2	64	80	0
1356	171.428385	171.675781	C#2	66	80	0
1357	171.673177	171.928385	Eb2	74	80	0
1358	171.928385	174.139323	C5	85	80	0
1359	171.942708	172.173177	F2	58	80	0
1360	172.157552	172.408854	F#2	66	80	0
1361	172.403646	172.649740	F2	68	80	0
1362	172.625000	172.901042	E2	70	80	0
1363	172.891927	173.169271	F1	57	80	0
1364	172.894531	173.459635	F2	52	80	0
1365	172.912760	174.239583	A4	77	80	0
1366	173.180990	173.649740	F1	46	80	0
1367	173.501302	173.859375	G1	44	80	0
1368	173.502604	174.709635	F4	63	80	0
1369	173.770833	174.229167	A1	54	80	0
1370	173.772135	173.929688	A2	51	80	0
1371	174.023438	174.679688	Bb1	51	80	0
1372	174.078125	176.289062	C#5	73	80	0
1373	174.410156	174.739583	F2	53	80	0
1374	174.688802	174.949219	G2	54	80	0
1375	174.720052	179.169271	F4	69	80	0
1376	174.964844	175.196615	A2	49	80	0
1377	175.192708	175.539062	Bb2	52	80	0
1378	175.430990	175.691406	C3	60	80	0
1379	175.687500	175.970052	C#3	50	80	0
1380	175.692708	176.229167	Bb4	73	80	0
1381	175.968750	176.269531	Eb3	63	80	0
1382	176.234375	176.709635	F3	51	80	0
1383	176.235677	176.750000	Bb4	76	80	0
1384	176.466146	176.709635	C#3	61	80	0
1385	176.683594	176.979167	C3	61	80	0
1386	176.872396	177.098958	Bb2	56	80	0
1387	176.906250	177.071615	Bb4	83	80	0
1388	177.087240	177.589844	F2	59	80	0
1389	177.091146	177.098958	F1	59	80	0
1390	177.203125	179.269531	Bb4	77	80	0
1391	177.203125	178.128906	Eb5	75	80	0
1392	177.433594	177.729167	F1	59	80	0
1393	177.683594	178.000000	G1	67	80	0
1394	177.919271	178.218750	A1	67	80	0
1395	177.924479	178.119792	A2	61	80	0
1396	178.165365	178.391927	Bb1	68	80	0
1397	178.169271	180.419271	C5	79	80	0
1398	178.402344	178.819010	C2	73	80	0
1399	178.639323	178.907552	C#2	75	80	0
1400	178.886719	179.152344	Eb2	71	80	0
1401	179.166667	179.424479	F2	52	80	0
1402	179.177083	181.079427	A4	65	80	0
1403	179.183594	183.369792	F4	51	80	0
1404	179.459635	179.859375	Eb2	51	80	0
1405	179.743490	180.169271	C#2	55	80	0
1406	180.014323	180.359375	C2	58	80	0
1407	180.342448	183.128906	C#5	70	80	0
1408	180.352865	180.709635	Bb1	49	80	0
1409	180.694010	181.059896	A2	51	80	0
1410	180.953125	181.208333	Bb2	61	80	0
1411	181.186198	181.415365	C3	65	80	0
1412	181.424479	181.664062	C#3	63	80	0
1413	181.653646	181.904948	Eb3	70	80	0
1414	181.906250	182.319010	Bb4	69	80	0
1415	181.912760	182.500000	F3	56	80	0
1416	182.170573	182.500000	Eb3	57	80	0
1417	182.453125	183.179688	Bb4	71	80	0
1418	182.463542	182.819010	C#3	53	80	0
1419	182.723958	183.239583	C3	51	80	0
1420	183.005208	183.658854	Bb2	55	80	0
1421	183.393229	183.889323	Bb4	67	80	0
1422	183.410156	183.869792	G#2	46	80	0
1423	183.871094	185.019531	C#5	63	80	0
1424	183.890625	184.539062	G2	40	80	0
1425	183.895833	184.658854	Eb4	52	80	0
1426	183.895833	183.908854	G1	39	80	0
1427	183.897135	184.779948	Bb4	51	80	0
1428	184.312500	184.598958	D2	50	80	0
1429	184.580729	184.859375	Eb2	53	80	0
1430	184.843750	185.029948	F2	56	80	0
1431	185.105469	185.468750	G2	47	80	0
1432	185.111979	185.294271	Bb4	57	80	0
1433	185.320312	185.393229	C5	56	80	0
1434	185.433594	185.628906	G#2	55	80	0
1435	185.434896	185.486979	Bb4	50	80	0
1436	185.506510	185.572917	C5	60	80	0
1437	185.604167	185.653646	Bb4	60	80	0
1438	185.674479	185.989583	Bb2	54	80	0
1439	185.680990	185.743490	C5	61	80	0
1440	185.765625	185.820312	Bb4	66	80	0
1441	185.845052	185.903646	C5	60	80	0
1442	185.936198	186.158854	G#2	48	80	0
1443	185.941406	185.993490	Bb4	57	80	0
1444	186.014323	186.082031	C5	64	80	0
1445	186.106771	186.164062	Bb4	70	80	0
1446	186.173177	186.269531	C5	59	80	0
1447	186.187500	186.500000	G2	48	80	0
1448	186.192708	186.199219	G1	48	80	0
1449	186.279948	186.329427	Bb4	67	80	0
1450	186.345052	186.410156	C5	53	80	0
1451	186.445312	186.688802	F2	54	80	0
1452	186.455729	186.559896	Bb4	62	80	0
1453	186.513021	186.619792	C5	63	80	0
1454	186.605469	186.651042	Bb4	64	80	0
1455	186.665365	186.723958	C5	68	80	0
1456	186.751302	186.824219	Bb4	84	80	0
1457	186.779948	187.229167	Eb2	51	80	0
1458	186.835938	186.930990	B4	73	80	0
1459	186.950521	187.049479	C5	57	80	0
1460	187.084635	187.188802	B4	55	80	0
1461	187.104167	187.229167	C#2	43	80	0
1462	187.175781	187.319010	C5	54	80	0
1463	187.274740	187.325521	B4	58	80	0
1464	187.276042	187.799479	C2	52	80	0
1465	187.326823	187.429688	C5	68	80	0
1466	187.430990	187.468750	B4	49	80	0
1467	187.483073	187.628906	C5	59	80	0
1468	187.562500	187.569010	B1	47	80	0
1469	187.565104	187.819010	B4	66	80	0
1470	188.013021	188.395833	G#1	39	80	0
1471	188.028646	188.109375	C5	51	80	0
1472	188.115885	189.619792	C5	66	80	0
1473	188.117188	189.729167	C4	53	80	0
1474	188.122396	189.619792	Eb4	45	80	0
1475	188.123698	188.128906	Eb3	41	80	0
1476	188.429688	188.518229	Eb2	46	80	0
1477	188.576823	188.766927	C2	50	80	0
1478	188.735677	188.781250	Eb2	36	80	0
1479	188.800781	188.947917	G#2	48	80	0
1480	188.990885	189.083333	Eb3	49	80	0
1481	189.157552	189.339844	C3	38	80	0
1482	189.269531	189.351562	Eb3	41	80	0
1483	189.403646	189.466146	G#2	46	80	0
1484	189.502604	189.579427	Eb3	44	80	0
1485	189.644531	189.848958	C3	41	80	0
1486	189.755208	189.852865	Eb3	43	80	0
1487	189.763021	189.869792	G#3	39	80	0
1488	189.924479	190.250000	G#4	69	80	0
1489	189.945312	190.769531	C4	44	80	0
1490	189.947917	190.389323	Eb4	51	80	0
1491	189.980469	190.079427	G#3	36	80	0
1492	190.084635	190.209635	G#3	38	80	0
1493	190.085938	190.179688	Eb3	39	80	0
1494	190.214844	190.339844	C3	42	80	0
1495	190.320312	190.649740	G#3	40	80	0
1496	190.322917	190.500000	Eb3	47	80	0
1497	190.484375	191.098958	G#4	69	80	0
1498	190.486979	190.789062	C3	38	80	0
1499	190.505208	190.575521	Eb3	43	80	0
1500	190.519531	190.989583	Eb4	44	80	0
1501	190.654948	190.723958	G#3	37	80	0
1502	190.660156	190.709635	Eb3	40	80	0
1503	190.773438	190.919271	Eb3	50	80	0
1504	190.889323	191.059896	G#3	42	80	0
1505	191.026042	191.309896	C3	41	80	0
1506	191.135417	191.289062	G#3	37	80	0
1507	191.223958	191.619792	G#4	75	80	0
1508	191.235677	191.519531	Eb3	50	80	0
1509	191.368490	191.529948	G#3	42	80	0
1510	191.544271	192.729167	C#5	70	80	0
1511	191.575521	192.139323	Bb2	49	80	0
1512	191.576823	192.468750	G4	55	80	0
1513	191.583333	192.519531	Eb4	55	80	0
1514	191.855469	192.059896	Eb3	36	80	0
1515	191.975260	192.059896	G3	41	80	0
1516	192.106771	192.279948	Bb3	40	80	0
1517	192.233073	192.315104	G3	37	80	0
1518	192.355469	192.445312	Eb3	44	80	0
1519	192.485677	192.579427	G3	42	80	0
1520	192.632812	193.098958	C#3	48	80	0
1521	192.632812	194.438802	Bb4	73	80	0
1522	192.656250	193.929688	G4	49	80	0
1523	192.657552	194.419271	Eb4	49	80	0
1524	192.794271	192.854167	G3	43	80	0
1525	192.803385	192.889323	Bb3	42	80	0
1526	192.895833	193.119792	Eb3	49	80	0
1527	193.002604	193.072917	G3	32	80	0
1528	193.123698	193.628906	Bb3	49	80	0
1529	193.250000	193.303385	G3	39	80	0
1530	193.339844	193.559896	Eb3	51	80	0
1531	193.489583	193.589844	G3	39	80	0
1532	193.604167	193.979167	C#3	55	80	0
1533	193.744792	193.843750	G3	54	80	0
1534	193.871094	194.109375	Eb3	55	80	0
1535	193.996094	194.063802	G3	52	80	0
1536	194.095052	194.319010	Bb3	62	80	0
1537	194.208333	194.294271	G3	64	80	0
1538	194.305990	194.609375	Eb3	68	80	0
1539	194.421875	194.609375	G3	76	80	0
1540	194.550781	195.459635	C3	64	80	0
1541	194.596354	195.989583	Eb5	87	80	0
1542	194.621094	195.979167	Eb4	77	80	0
1543	194.621094	195.979167	G#4	77	80	0
1544	194.811198	194.819010	G#3	54	80	0
1545	194.924479	195.218750	Eb3	59	80	0
1546	195.023438	195.114583	G#3	58	80	0
1547	195.144531	195.489583	C4	52	80	0
1548	195.264323	195.348958	G#3	57	80	0
1549	195.377604	195.959635	Eb3	59	80	0
1550	195.475260	195.571615	G#3	64	80	0
1551	195.600260	196.089844	C3	65	80	0
1552	195.717448	195.803385	C4	57	80	0
1553	195.835938	196.019531	G#3	56	80	0
1554	195.940104	196.035156	C4	64	80	0
1555	196.062500	196.569010	D5	85	80	0
1556	196.066406	196.468750	B2	69	80	0
1557	196.074219	196.500000	G#4	75	80	0
1558	196.085938	196.419271	D4	67	80	0
1559	196.214844	196.339844	B3	64	80	0
1560	196.334635	196.416667	G#3	61	80	0
1561	196.436198	196.511719	B3	67	80	0
1562	196.542969	196.679688	C3	78	80	0
1563	196.566406	197.059896	Eb5	88	80	0
1564	196.576823	196.919271	G#4	76	80	0
1565	196.582031	196.929688	Eb4	72	80	0
1566	196.694010	196.908854	C3	68	80	0
1567	196.794271	197.049479	G#3	58	80	0
1568	196.920573	197.079427	C3	62	80	0
1569	197.022135	197.539062	F5	84	80	0
1570	197.031250	197.429688	G#4	81	80	0
1571	197.033854	197.399740	F4	72	80	0
1572	197.035156	197.252604	C#3	74	80	0
1573	197.174479	197.243490	C#4	60	80	0
1574	197.272135	197.354167	G#3	56	80	0
1575	197.368490	197.475260	C#4	66	80	0
1576	197.372396	197.549479	C#3	66	80	0
1577	197.511719	197.736979	Eb3	71	80	0
1578	197.513021	198.029948	Eb5	84	80	0
1579	197.536458	197.639323	Eb4	70	80	0
1580	197.653646	197.730469	Eb4	64	80	0
1581	197.743490	197.929688	G3	58	80	0
1582	197.861979	197.957031	Eb4	65	80	0
1583	197.972656	198.194010	F3	74	80	0
1584	197.976562	198.459635	D5	88	80	0
1585	198.098958	198.182292	F4	59	80	0
1586	198.201823	198.292969	G#3	61	80	0
1587	198.321615	198.425781	F4	68	80	0
1588	198.438802	198.682292	C#5	76	80	0
1589	198.442708	198.759115	G3	66	80	0
1590	198.592448	198.674479	G4	55	80	0
1591	198.707031	198.787760	Bb3	68	80	0
1592	198.714844	198.869792	Eb5	63	80	0
1593	198.808594	198.968750	C#5	63	80	0
1594	198.819010	198.893229	G4	66	80	0
1595	198.880208	199.029948	Eb5	61	80	0
1596	198.925781	199.166667	Eb3	85	80	0
1597	198.975260	199.149740	C#5	56	80	0
1598	199.076823	199.143229	Eb4	63	80	0
1599	199.154948	199.359375	C#5	62	80	0
1600	199.167969	199.244792	G3	56	80	0
1601	199.244792	199.419271	Eb5	67	80	0
1602	199.281250	199.579427	Eb4	68	80	0
1603	199.388021	199.769531	F3	83	80	0
1604	199.490885	199.609375	C#5	59	80	0
1605	199.526042	199.621094	F4	62	80	0
1606	199.561198	199.809896	Eb5	71	80	0
1607	199.651042	199.743490	G#3	63	80	0
1608	199.653646	199.769531	C#5	63	80	0
1609	199.773438	199.899740	F4	60	80	0
1610	199.777344	199.919271	C#5	64	80	0
1611	199.877604	200.149740	C5	68	80	0
1612	199.886719	200.184896	G3	67	80	0
1613	200.033854	200.134115	G4	61	80	0
1614	200.180990	200.549479	Bb3	65	80	0
1615	200.186198	200.305990	Bb4	76	80	0
1616	200.305990	200.519531	G4	73	80	0
1617	200.526042	201.348958	Eb4	81	80	0
1618	200.535156	200.829427	G#4	69	80	0
1619	200.544271	201.119792	C4	58	80	0
1620	200.734375	200.789062	Eb5	56	80	0
1621	200.855469	200.934896	C5	65	80	0
1622	200.963542	201.062500	Eb5	54	80	0
1623	201.092448	201.187500	G#5	61	80	0
1624	201.214844	201.283854	Eb6	63	80	0
1625	201.322917	201.423177	C6	60	80	0
1626	201.429688	201.526042	Eb6	72	80	0
1627	201.535156	201.645833	G#6	73	80	0
1628	201.661458	201.735677	G#5	60	80	0
1629	201.769531	201.855469	G#6	62	80	0
1630	201.885417	202.009115	G#5	54	80	0
1631	201.972656	202.348958	C4	72	80	0
1632	201.989583	202.105469	G#6	69	80	0
1633	202.000000	202.309896	G#3	58	80	0
1634	202.123698	202.220052	G#5	64	80	0
1635	202.240885	202.334635	G#6	72	80	0
1636	202.347656	202.454427	G#5	66	80	0
1637	202.457031	202.572917	G#6	81	80	0
1638	202.476562	202.878906	G#3	66	80	0
1639	202.477865	203.000000	C4	76	80	0
1640	202.595052	202.679688	G#5	68	80	0
1641	202.697917	202.798177	G#6	76	80	0
1642	202.807292	202.886719	G#5	70	80	0
1643	202.914062	203.003906	G#6	75	80	0
1644	203.019531	203.104167	G#5	77	80	0
1645	203.110677	203.408854	C4	78	80	0
1646	203.114583	203.369792	G#6	89	80	0
1647	203.123698	203.128906	G#3	67	80	0
1648	203.244792	203.429688	G#5	74	80	0
1649	203.373698	204.919271	F4	74	80	0
1650	203.376302	203.639323	G#6	74	80	0
1651	203.384115	204.169271	C#4	67	80	0
1652	203.524740	203.631510	G#5	63	80	0
1653	203.645833	203.746094	G#6	69	80	0
1654	203.764323	203.852865	G#5	59	80	0
1655	203.885417	203.984375	G#6	70	80	0
1656	203.993490	204.078125	G#5	70	80	0
1657	204.100260	204.204427	G#6	79	80	0
1658	204.200521	204.295573	G#5	79	80	0
1659	204.313802	204.423177	G#6	83	80	0
1660	204.313802	205.649740	C#4	79	80	0
1661	204.321615	205.479167	Bb3	78	80	0
1662	204.535156	204.643229	G#6	79	80	0
1663	204.649740	204.736979	G#5	75	80	0
1664	204.763021	204.861979	G#6	80	80	0
1665	204.872396	204.964844	G#5	72	80	0
1666	204.985677	205.074219	G#6	78	80	0
1667	205.093750	205.178385	G#5	78	80	0
1668	205.195312	205.299479	G#6	80	80	0
1669	205.305990	205.399740	G#5	79	80	0
1670	205.411458	205.619792	G#6	78	80	0
1671	205.524740	205.596354	G#5	66	80	0
1672	205.625000	205.716146	G#6	77	80	0
1673	205.716146	205.878906	G#5	80	80	0
1674	205.821615	206.229167	G#6	87	80	0
1675	205.833333	207.209635	Eb4	79	80	0
1676	205.873698	205.878906	Bb3	49	80	0
1677	205.886719	206.429688	G#5	83	80	0
1678	206.235677	207.699219	G#6	84	80	0
1679	206.251302	207.489583	F#4	73	80	0
1680	206.824219	207.729167	F#6	83	80	0
1681	207.192708	207.959635	F6	79	80	0
1682	207.488281	209.919271	Eb4	69	80	0
1683	207.494792	209.750000	C4	60	80	0
1684	207.502604	208.089844	F#4	55	80	0
1685	207.798177	207.960938	Eb6	75	80	0
1686	207.936198	208.074219	D6	77	80	0
1687	208.083333	208.199219	Eb6	76	80	0
1688	208.213542	208.346354	F6	77	80	0
1689	208.343750	208.493490	F#6	78	80	0
1690	208.483073	208.652344	F6	76	80	0
1691	208.626302	208.839844	Eb6	75	80	0
1692	208.653646	209.949219	G#4	61	80	0
1693	208.781250	208.923177	F6	60	80	0
1694	208.925781	209.046875	Eb6	63	80	0
1695	209.061198	209.186198	C#6	64	80	0
1696	209.214844	209.338542	C6	60	80	0
1697	209.368490	209.779948	Bb5	60	80	0
1698	209.515625	209.878906	G#5	59	80	0
1699	209.686198	210.339844	F#5	58	80	0
1700	210.114583	212.559896	F5	60	80	0
1701	210.156250	210.339844	G#4	28	80	0
1702	210.166667	210.740885	C#4	30	80	0
1703	210.653646	210.727865	G#4	36	80	0
1704	210.656250	210.736979	F4	27	80	0
1705	210.925781	211.015625	F4	29	80	0
1706	210.928385	211.007812	G#4	43	80	0
1707	211.214844	211.509115	G#4	38	80	0
1708	211.217448	211.539062	F4	32	80	0
1709	211.222656	211.369792	C#4	24	80	0
1710	211.460938	211.750000	C#4	36	80	0
1711	211.755208	211.824219	G#4	38	80	0
1712	211.755208	211.832031	F4	33	80	0
1713	211.756510	212.019531	C#4	31	80	0
1714	211.993490	213.479167	G#5	65	80	0
1715	212.024740	212.096354	F4	29	80	0
1716	212.026042	212.096354	C#4	26	80	0
1717	212.031250	212.088542	G#4	41	80	0
1718	212.295573	212.509115	G#4	45	80	0
1719	212.296875	212.489583	F4	36	80	0
1720	212.296875	212.399740	C#4	33	80	0
1721	212.524740	212.639323	G#4	31	80	0
1722	212.524740	212.614583	C#4	45	80	0
1723	212.791667	212.856771	G#4	45	80	0
1724	212.792969	212.863281	C#4	37	80	0
1725	212.792969	212.861979	F4	36	80	0
1726	213.033854	213.649740	C#6	82	80	0
1727	213.041667	213.130208	G#4	50	80	0
1728	213.042969	213.139323	F4	42	80	0
1729	213.049479	213.188802	C#4	34	80	0
1730	213.324219	213.468750	F4	44	80	0
1731	213.325521	213.519531	G#4	52	80	0
1732	213.333333	213.406250	C#4	38	80	0
1733	213.662760	215.009115	C#6	82	80	0
1734	213.674479	214.709635	Eb4	45	80	0
1735	213.684896	213.789062	F4	42	80	0
1736	214.026042	214.108073	F#4	34	80	0
1737	214.027344	214.102865	G#4	44	80	0
1738	214.292969	214.363281	G#4	40	80	0
1739	214.295573	214.429688	F#4	33	80	0
1740	214.566406	214.631510	G#4	44	80	0
1741	214.572917	214.979167	F#4	35	80	0
1742	214.852865	216.539062	C6	70	80	0
1743	214.855469	215.369792	Eb4	41	80	0
1744	214.856771	214.949219	G#4	39	80	0
1745	215.122396	215.187500	G#4	50	80	0
1746	215.125000	215.449219	F#4	42	80	0
1747	215.375000	215.436198	G#4	44	80	0
1748	215.376302	215.519531	Eb4	27	80	0
1749	215.634115	215.712240	G#4	54	80	0
1750	215.643229	215.799479	F#4	41	80	0
1751	215.656250	215.718750	Eb4	29	80	0
1752	215.664062	215.750000	C4	30	80	0
1753	215.906250	215.979167	Eb4	45	80	0
1754	216.171875	216.251302	G#4	47	80	0
1755	216.173177	216.252604	F#4	36	80	0
1756	216.174479	216.255208	Eb4	30	80	0
1757	216.428385	216.500000	G#4	57	80	0
1758	216.434896	216.505208	Eb4	34	80	0
1759	216.434896	216.529948	C4	29	80	0
1760	216.434896	216.500000	F#4	45	80	0
1761	216.694010	216.766927	F#4	43	80	0
1762	216.694010	216.765625	G#4	49	80	0
1763	216.699219	217.029948	Eb4	38	80	0
1764	216.703125	216.949219	C4	35	80	0
1765	217.050781	218.819010	Eb6	77	80	0
1766	217.053385	217.218750	G#4	52	80	0
1767	217.054688	217.459635	F#4	48	80	0
1768	217.510417	217.593750	G#4	37	80	0
1769	217.514323	217.596354	Eb5	48	80	0
1770	217.516927	217.595052	C5	45	80	0
1771	217.764323	217.838542	C5	44	80	0
1772	217.774740	217.835938	G#4	45	80	0
1773	217.776042	217.842448	Eb5	45	80	0
1774	218.018229	218.329427	Eb5	52	80	0
1775	218.019531	218.110677	C5	51	80	0
1776	218.032552	218.105469	G#4	55	80	0
1777	218.274740	218.669271	F#4	45	80	0
1778	218.283854	218.342448	C5	38	80	0
1779	218.522135	218.601562	Eb5	51	80	0
1780	218.523438	218.596354	C5	48	80	0
1781	218.524740	218.596354	G#4	46	80	0
1782	218.755208	220.299479	C6	84	80	0
1783	218.774740	218.850260	Eb5	53	80	0
1784	218.782552	218.854167	C5	60	80	0
1785	218.786458	218.848958	G#4	52	80	0
1786	219.020833	219.339844	C5	53	80	0
1787	219.023438	219.329427	Eb5	51	80	0
1788	219.033854	219.095052	G#4	56	80	0
1789	219.255208	219.639323	F#4	52	80	0
1790	219.261719	219.325521	G#4	45	80	0
1791	219.503906	219.584635	C5	53	80	0
1792	219.503906	219.585938	Eb5	50	80	0
1793	219.524740	219.582031	G#4	50	80	0
1794	219.752604	220.188802	G#5	77	80	0
1795	219.761719	219.845052	Eb5	62	80	0
1796	219.763021	219.839844	C5	51	80	0
1797	219.765625	219.837240	G#4	53	80	0
1798	220.036458	220.199219	C5	60	80	0
1799	220.041667	220.259115	Eb5	59	80	0
1800	220.042969	220.188802	G#4	46	80	0
1801	220.316406	221.848958	G#5	79	80	0
1802	220.339844	221.229167	F4	44	80	0
1803	220.662760	220.755208	C#5	50	80	0
1804	220.662760	220.746094	G#4	46	80	0
1805	220.665365	220.679688	G#3	40	80	0
1806	220.903646	220.989583	G#4	44	80	0
1807	220.925781	220.994792	C#5	56	80	0
1808	221.157552	221.225260	G#4	59	80	0
1809	221.157552	221.369792	C#5	61	80	0
1810	221.394531	222.869792	C#6	88	80	0
1811	221.404948	221.809896	F4	51	80	0
1812	221.675781	221.755208	G#4	58	80	0
1813	221.677083	221.753906	C#5	54	80	0
1814	221.902344	221.988281	C#5	63	80	0
1815	221.903646	221.983073	G#4	58	80	0
1816	222.136719	222.429688	C#5	56	80	0
1817	222.139323	222.424479	G#4	64	80	0
1818	222.354167	223.408854	F4	61	80	0
1819	222.619792	222.716146	C#5	43	80	0
1820	222.622396	222.713542	G#4	50	80	0
1821	222.878906	223.519531	C#6	85	80	0
1822	222.886719	222.981771	G#4	60	80	0
1823	222.893229	222.988281	C#5	60	80	0
1824	223.183594	223.649740	C#5	60	80	0
1825	223.184896	223.639323	G#4	59	80	0
1826	223.526042	224.729167	C#6	82	80	0
1827	223.535156	224.619792	E4	60	80	0
1828	223.912760	224.014323	C#5	49	80	0
1829	223.914062	224.024740	G#4	47	80	0
1830	224.205729	224.286458	C#5	41	80	0
1831	224.205729	224.286458	G#4	51	80	0
1832	224.466146	224.750000	C#5	46	80	0
1833	224.486979	224.839844	G#4	52	80	0
1834	224.740885	226.369792	C#6	77	80	0
1835	224.746094	225.669271	E4	43	80	0
1836	225.045573	225.179688	C#5	41	80	0
1837	225.065104	225.139323	G#4	40	80	0
1838	225.311198	225.381510	G#4	40	80	0
1839	225.313802	225.419271	C#5	38	80	0
1840	225.569010	225.869792	C#5	40	80	0
1841	225.571615	225.889323	G#4	41	80	0
1842	225.816406	227.279948	E4	43	80	0
1843	226.105469	226.289062	G#4	39	80	0
1844	226.105469	226.182292	C#5	39	80	0
1845	226.382812	227.149740	C#6	73	80	0
1846	226.386719	226.539062	C#5	49	80	0
1847	226.393229	226.539062	G#4	45	80	0
1848	226.738281	227.679688	C#5	43	80	0
1849	226.755208	227.269531	G#4	48	80	0
1850	227.148438	227.389323	F#4	42	80	0
1851	227.149740	228.500000	Eb4	43	80	0
1852	227.154948	228.809896	C#6	66	80	0
1853	227.621094	227.709635	B4	43	80	0
1854	227.630208	227.899740	F#4	31	80	0
1855	227.904948	228.069010	F#4	35	80	0
1856	227.906250	227.984375	B4	43	80	0
1857	228.200521	228.709635	F#4	33	80	0
1858	228.200521	228.589844	B4	38	80	0
1859	228.501302	229.979167	B5	62	80	0
1860	228.510417	229.609375	Eb4	34	80	0
1861	228.808594	228.901042	B4	37	80	0
1862	228.809896	228.899740	F#4	30	80	0
1863	229.087240	229.153646	F#4	31	80	0
1864	229.091146	229.153646	B4	38	80	0
1865	229.361979	229.569010	B4	41	80	0
1866	229.364583	229.709635	F#4	31	80	0
1867	229.614583	230.669271	Eb4	45	80	0
1868	229.885417	230.069010	F#4	28	80	0
1869	229.886719	229.953125	B4	37	80	0
1870	230.131510	230.759115	B5	65	80	0
1871	230.164062	230.369792	F#4	28	80	0
1872	230.174479	230.299479	B4	36	80	0
1873	230.432292	231.000000	F#4	24	80	0
1874	230.432292	230.889323	B4	35	80	0
1875	230.677083	231.809896	Eb4	31	80	0
1876	230.768229	231.519531	B5	55	80	0
1877	231.104167	231.183594	B4	36	80	0
1878	231.105469	231.549479	F#4	26	80	0
1879	231.414062	232.149740	A5	60	80	0
1880	231.415365	231.559896	B4	44	80	0
1881	231.694010	233.989583	F#4	30	80	0
1882	231.696615	232.019531	B4	38	80	0
1883	231.992188	233.199219	Eb4	24	80	0
1884	232.145833	232.289062	B5	46	80	0
1885	232.304688	232.382812	A5	45	80	0
1886	232.304688	232.449219	B4	32	80	0
1887	232.420573	232.559896	G#5	49	80	0
1888	232.562500	233.359375	B4	36	80	0
1889	232.566406	232.908854	A5	52	80	0
1890	232.884115	233.179688	B5	51	80	0
1891	233.207031	233.289062	A5	51	80	0
1892	233.210938	234.289062	Eb4	37	80	0
1893	233.334635	233.598958	B5	45	80	0
1894	233.483073	233.889323	C#6	56	80	0
1895	233.493490	233.649740	B4	35	80	0
1896	233.872396	234.019531	B4	43	80	0
1897	233.873698	234.329427	B5	52	80	0
1898	234.272135	234.408854	B4	45	80	0
1899	234.276042	234.438802	F#4	36	80	0
1900	234.276042	234.799479	A5	58	80	0
1901	234.765625	235.399740	B4	48	80	0
1902	234.765625	235.169271	G#5	56	80	0
1903	234.773438	235.739583	G#4	49	80	0
1904	234.785156	236.079427	E4	42	80	0
1905	235.065104	235.177083	E6	52	80	0
1906	235.214844	235.295573	B5	68	80	0
1907	235.342448	235.440104	E6	62	80	0
1908	235.463542	235.557292	G#6	70	80	0
1909	235.595052	235.673177	E6	58	80	0
1910	235.716146	235.878906	B5	69	80	0
1911	235.839844	236.000000	E6	58	80	0
1912	235.955729	236.014323	G#5	56	80	0
1913	236.066406	236.122396	E5	58	80	0
1914	236.195312	236.299479	B4	58	80	0
1915	236.294271	236.399740	E5	62	80	0
1916	236.382812	236.437500	G#4	65	80	0
1917	236.506510	236.584635	E4	59	80	0
1918	236.626302	236.809896	B3	61	80	0
1919	236.863281	236.934896	G#3	55	80	0
1920	236.977865	237.042969	E3	56	80	0
1921	237.122396	237.269531	B2	47	80	0
1922	237.199219	237.359375	E3	49	80	0
1923	237.337240	237.489583	G#3	68	80	0
1924	237.345052	237.569010	G#2	72	80	0
1925	237.363281	237.369792	G#1	59	80	0
1926	237.381510	237.569010	E2	48	80	0
1927	237.497396	237.570312	E3	51	80	0
1928	237.604167	237.759115	B2	63	80	0
1929	237.721354	237.809896	E3	40	80	0
1930	237.835938	238.089844	Eb2	72	80	0
1931	237.964844	238.031250	B2	62	80	0
1932	238.204427	238.287760	B2	55	80	0
1933	238.324219	238.394531	Eb3	61	80	0
1934	238.404948	238.494792	B2	66	80	0
1935	238.524740	238.604167	A2	64	80	0
1936	238.613281	238.696615	B2	59	80	0
1937	238.739583	239.218750	F#2	72	80	0
1938	238.740885	239.188802	F#1	70	80	0
1939	238.750000	239.089844	Eb3	71	80	0
1940	238.864583	239.158854	B2	61	80	0
1941	238.864583	238.979167	B3	61	80	0
1942	238.983073	239.054688	A3	58	80	0
1943	239.087240	239.187500	B3	74	80	0
1944	239.207031	239.287760	Eb4	68	80	0
1945	239.287760	239.364583	B3	56	80	0
1946	239.397135	239.464844	A3	61	80	0
1947	239.477865	239.628906	B3	66	80	0
1948	239.626302	240.250000	F#2	70	80	0
1949	239.631510	240.259115	F#1	68	80	0
1950	239.635417	239.809896	Eb4	70	80	0
1951	239.643229	239.908854	A3	58	80	0
1952	239.738281	239.809896	B4	71	80	0
1953	239.846354	239.937500	A4	68	80	0
1954	239.981771	240.041667	B4	65	80	0
1955	240.085938	240.272135	Eb5	73	80	0
1956	240.178385	240.265625	B4	61	80	0
1957	240.291667	240.381510	A4	69	80	0
1958	240.394531	240.509115	B4	76	80	0
1959	240.535156	242.769531	G#2	59	80	0
1960	240.536458	242.649740	G#1	58	80	0
1961	240.548177	240.829427	E5	67	80	0
1962	240.635417	240.839844	B5	74	80	0
1963	240.743490	240.824219	G#5	80	80	0
1964	240.845052	240.933594	B5	69	80	0
1965	240.972656	241.046875	E6	72	80	0
1966	241.076823	241.147135	B5	70	80	0
1967	241.174479	241.253906	G#5	70	80	0
1968	241.283854	241.360677	B5	67	80	0
1969	241.384115	241.589844	E5	73	80	0
1970	241.501302	241.561198	B4	57	80	0
1971	241.587240	241.729167	G#4	67	80	0
1972	241.705729	241.796875	B4	76	80	0
1973	241.816406	241.906250	E4	63	80	0
1974	241.923177	241.996094	B3	69	80	0
1975	242.039062	242.126302	G#3	65	80	0
1976	242.140625	242.234375	B3	67	80	0
1977	242.276042	242.429688	E3	65	80	0
1978	242.363281	242.449219	B3	64	80	0
1979	242.484375	242.589844	G#3	57	80	0
1980	242.601562	242.682292	B3	63	80	0
1981	242.602865	242.669271	E3	50	80	0
1982	242.718750	242.785156	E4	59	80	0
1983	242.798177	242.893229	B3	64	80	0
1984	242.923177	242.994792	G#3	63	80	0
1985	243.013021	243.072917	B3	58	80	0
1986	243.164062	243.688802	B2	63	80	0
1987	243.164062	243.649740	F#3	70	80	0
1988	243.164062	243.509115	Eb3	72	80	0
1989	243.167969	243.179688	Eb2	61	80	0
1990	243.414062	243.569010	A3	52	80	0
1991	243.531250	243.649740	B3	56	80	0
1992	243.675781	243.736979	F#4	48	80	0
1993	243.757812	243.851562	B3	58	80	0
1994	243.864583	243.938802	A3	71	80	0
1995	243.964844	244.348958	B3	74	80	0
1996	244.083333	244.519531	B2	60	80	0
1997	244.095052	244.449219	Eb3	65	80	0
1998	244.097656	244.109375	Eb2	56	80	0
1999	244.105469	244.212240	F#4	67	80	0
2000	244.213542	244.295573	B4	66	80	0
2001	244.342448	244.416667	A4	66	80	0
2002	244.438802	244.531250	B4	69	80	0
2003	244.567708	244.750000	F#5	73	80	0
2004	244.658854	244.744792	B4	69	80	0
2005	244.764323	244.833333	A4	74	80	0
2006	244.861979	244.959635	B4	63	80	0
2007	244.980469	245.449219	B2	59	80	0
2008	244.989583	245.509115	Eb3	63	80	0
2009	245.013021	245.095052	F#5	74	80	0
2010	245.113281	245.213542	B5	63	80	0
2011	245.227865	245.328125	A5	74	80	0
2012	245.335938	245.441406	B5	74	80	0
2013	245.464844	245.562500	F#6	73	80	0
2014	245.566406	245.647135	B5	71	80	0
2015	245.683594	245.765625	A5	79	80	0
2016	245.764323	245.929688	B5	86	80	0
2017	245.901042	246.022135	G#5	74	80	0
2018	245.904948	246.179688	B2	57	80	0
2019	245.907552	246.104167	E3	61	80	0
2020	246.036458	246.132812	G#6	72	80	0
2021	246.138021	246.309896	B5	76	80	0
2022	246.260417	246.354167	G#6	75	80	0
2023	246.393229	246.598958	G#5	64	80	0
2024	246.394531	246.729167	E4	69	80	0
2025	246.395833	246.718750	E3	58	80	0
2026	246.507812	246.605469	G#6	78	80	0
2027	246.604167	246.684896	B5	76	80	0
2028	246.712240	246.919271	G#6	87	80	0
2029	246.811198	247.029948	G#5	78	80	0
2030	246.861979	247.139323	E4	66	80	0
2031	246.863281	247.579427	E3	61	80	0
2032	246.929688	247.052083	G#6	77	80	0
2033	247.054688	247.239583	B5	70	80	0
2034	247.171875	247.272135	G#6	72	80	0
2035	247.315104	247.430990	A5	84	80	0
2036	247.328125	247.619792	C#4	70	80	0
2037	247.341146	247.619792	C#3	67	80	0
2038	247.423177	247.542969	A6	84	80	0
2039	247.533854	247.769531	E6	73	80	0
2040	247.645833	247.869792	A6	85	80	0
2041	247.753906	248.109375	C#4	68	80	0
2042	247.764323	248.209635	C#3	60	80	0
2043	247.766927	248.009115	A5	84	80	0
2044	247.770833	248.169271	E3	57	80	0
2045	247.875000	247.967448	A6	87	80	0
2046	247.994792	248.289062	E6	61	80	0
2047	248.105469	248.259115	A6	71	80	0
2048	248.238281	248.539062	C4	67	80	0
2049	248.242188	248.609375	Bb5	90	80	0
2050	248.244792	248.549479	C3	65	80	0
2051	248.348958	248.569010	Bb6	75	80	0
2052	248.485677	248.709635	E6	58	80	0
2053	248.576823	248.799479	Bb6	78	80	0
2054	248.686198	249.000000	C4	71	80	0
2055	248.694010	249.009115	C3	73	80	0
2056	248.694010	248.968750	Bb5	87	80	0
2057	248.804688	248.904948	Bb6	76	80	0
2058	248.937500	249.169271	E6	64	80	0
2059	249.039062	249.169271	Bb6	67	80	0
2060	249.183594	249.411458	B3	72	80	0
2061	249.184896	249.519531	B2	70	80	0
2062	249.186198	249.500000	B5	87	80	0
2063	249.296875	249.412760	B6	80	80	0
2064	249.411458	249.523438	E6	63	80	0
2065	249.540365	249.750000	B6	87	80	0
2066	249.634115	249.968750	A3	82	80	0
2067	249.644531	249.759115	A2	68	80	0
2068	249.645833	249.959635	B5	85	80	0
2069	249.645833	250.128906	E3	59	80	0
2070	249.764323	249.979167	B6	72	80	0
2071	249.894531	250.158854	E6	69	80	0
2072	249.992188	250.158854	B6	73	80	0
2073	250.123698	250.220052	G#3	86	80	0
2074	250.144531	250.549479	C6	82	80	0
2075	250.247396	250.449219	C7	86	80	0
2076	250.376302	250.709635	E6	77	80	0
2077	250.433594	250.519531	G#3	49	80	0
2078	250.454427	250.779948	C7	84	80	0
2079	250.636719	251.089844	G#4	91	80	0
2080	250.652344	251.098958	C5	77	80	0
2081	250.808594	251.039062	C6	70	80	0
2082	250.953125	251.179688	E5	59	80	0
2083	251.045573	251.229167	C6	72	80	0
2084	251.055990	251.128906	A3	48	80	0
2085	251.087240	251.299479	E4	58	80	0
2086	251.231771	251.929688	C#5	75	80	0
2087	251.247396	251.739583	A4	76	80	0
2088	251.361979	251.549479	C#6	67	80	0
2089	251.502604	252.158854	E5	70	80	0
2090	251.643229	252.000000	C#6	74	80	0
2091	252.005208	252.848958	C#6	69	80	0
2092	252.421875	253.079427	A4	53	80	0
2093	252.738281	253.369792	A3	41	80	0
2094	252.992188	253.359375	C#5	68	80	0
2095	253.294271	254.419271	B5	71	80	0
2096	253.569010	254.149740	G#4	56	80	0
2097	253.834635	254.679688	G#3	44	80	0
2098	254.075521	254.539062	B4	77	80	0
2099	254.399740	255.339844	A5	69	80	0
2100	254.675781	255.239583	F#4	44	80	0
2101	254.936198	255.789062	F#3	54	80	0
2102	255.175781	255.589844	Bb5	81	80	0
2103	255.516927	256.658854	B5	69	80	0
2104	255.786458	256.309896	G#4	62	80	0
2105	256.067708	256.949219	G#3	58	80	0
2106	256.294271	257.399740	B4	79	80	0
2107	256.611979	257.938802	A5	71	80	0
2108	256.871094	257.459635	F#4	52	80	0
2109	257.152344	257.769531	F#3	57	80	0
2110	257.403646	257.658854	A4	70	80	0
2111	257.729167	258.519531	G#5	67	80	0
2112	257.740885	258.218750	G#4	59	80	0
2113	257.774740	258.239583	F3	45	80	0
2114	258.485677	259.158854	G5	71	80	0
2115	258.492188	258.929688	G4	59	80	0
2116	258.494792	259.158854	E3	45	80	0
2117	258.494792	259.079427	E4	50	80	0
2118	259.563802	262.009115	G5	55	80	0
2119	259.566406	261.250000	G4	44	80	0
2120	259.580729	261.529948	Eb4	32	80	0
2121	259.591146	261.579427	Eb3	33	80	0
2122	261.964844	262.699219	G#5	61	80	0
2123	261.984375	262.329427	G#4	48	80	0
2124	261.993490	262.369792	F4	36	80	0
2125	261.994792	262.286458	F3	31	80	0
2126	262.684896	263.169271	Bb5	65	80	0
2127	262.705729	262.979167	Bb4	48	80	0
2128	262.705729	263.009115	G4	37	80	0
2129	262.705729	263.000000	G3	34	80	0
2130	263.191406	263.489583	C6	73	80	0
2131	263.196615	263.468750	C5	65	80	0
2132	263.197917	263.489583	G#4	63	80	0
2133	263.203125	263.489583	G#3	49	80	0
2134	263.207031	263.509115	Bb3	49	80	0
2135	263.615885	263.979167	C#6	85	80	0
2136	263.623698	263.878906	Bb4	73	80	0
2137	263.623698	263.869792	C#5	73	80	0
2138	263.985677	264.339844	Eb6	85	80	0
2139	263.986979	264.259115	C4	55	80	0
2140	263.988281	264.239583	Eb5	79	80	0
2141	263.993490	264.309896	C5	64	80	0
2142	263.993490	264.158854	Bb3	56	80	0
2143	264.790365	266.089844	F6	62	80	0
2144	265.263021	265.899740	C#5	49	80	0
2145	265.630208	265.878906	C#4	49	80	0
2146	265.880208	266.339844	F5	63	80	0
2147	265.886719	266.829427	C#4	37	80	0
2148	266.203125	267.169271	Eb6	67	80	0
2149	266.486979	267.119792	C5	55	80	0
2150	266.773438	267.158854	C4	52	80	0
2151	267.023438	267.479167	Eb5	73	80	0
2152	267.312500	268.119792	C#6	77	80	0
2153	267.558594	267.889323	Bb4	62	80	0
2154	267.829427	268.259115	Bb3	54	80	0
2155	268.074219	268.419271	D6	83	80	0
2156	268.375000	268.919271	Eb6	66	80	0
2157	268.598958	269.019531	C5	67	80	0
2158	268.914062	269.309896	C4	50	80	0
2159	269.166667	269.598958	Eb5	65	80	0
2160	269.455729	269.739583	C#6	71	80	0
2161	269.722656	270.309896	Bb4	56	80	0
2162	270.022135	270.279948	Bb3	40	80	0
2163	270.283854	270.569010	C#5	57	80	0
2164	270.292969	270.839844	Bb3	39	80	0
2165	270.589844	270.759115	C6	60	80	0
2166	270.591146	270.859375	G#4	47	80	0
2167	270.592448	270.649740	C5	51	80	0
2168	270.847656	271.149740	C5	60	80	0
2169	270.851562	271.115885	G#3	45	80	0
2170	271.122396	271.351562	Bb3	52	80	0
2171	271.123698	271.438802	C#5	62	80	0
2172	271.363281	271.766927	C4	56	80	0
2173	271.389323	271.829427	Eb5	75	80	0
2174	271.673177	272.089844	G5	66	80	0
2175	271.710938	272.109375	Eb4	45	80	0
2176	272.005208	272.285156	E5	69	80	0
2177	272.009115	272.286458	C4	58	80	0
2178	272.270833	272.583333	F5	65	80	0
2179	272.273438	272.589844	C#4	56	80	0
2180	272.574219	272.795573	F4	56	80	0
2181	272.575521	272.779948	C#3	52	80	0
2182	272.826823	273.093750	C#4	55	80	0
2183	272.833333	273.105469	F5	65	80	0
2184	273.079427	273.302083	B3	59	80	0
2185	273.102865	273.291667	D5	70	80	0
2186	273.359375	273.688802	Eb5	67	80	0
2187	273.365885	273.596354	C4	51	80	0
2188	273.643229	273.746094	C3	49	80	0
2189	273.661458	273.903646	Eb4	71	80	0
2190	273.904948	274.153646	Eb5	76	80	0
2191	273.914062	274.151042	C4	58	80	0
2192	274.171875	274.459635	C5	80	80	0
2193	274.174479	274.412760	A3	60	80	0
2194	274.437500	274.692708	Bb3	58	80	0
2195	274.438802	274.720052	C#5	70	80	0
2196	274.736979	274.842448	Bb2	53	80	0
2197	274.743490	274.841146	C#4	66	80	0
2198	275.048177	275.386719	F5	59	80	0
2199	275.075521	275.371094	C#4	43	80	0
2200	275.355469	275.634115	B3	59	80	0
2201	275.363281	275.636719	D5	67	80	0
2202	275.660156	275.968750	Eb5	59	80	0
2203	275.677083	275.949219	C4	45	80	0
2204	276.014323	276.299479	C3	44	80	0
2205	276.015625	276.529948	Eb4	56	80	0
2206	276.016927	276.059896	C4	44	80	0
2207	276.286458	276.540365	Eb5	65	80	0
2208	276.312500	276.546875	C4	39	80	0
2209	276.313802	276.699219	C3	38	80	0
2210	276.554688	276.796875	A3	44	80	0
2211	276.565104	276.808594	C5	68	80	0
2212	276.848958	277.239583	Bb3	49	80	0
2213	276.854167	277.169271	C#5	53	80	0
2214	276.861979	276.869792	Bb2	41	80	0
2215	277.162760	277.500000	Bb2	43	80	0
2216	277.164062	277.468750	C#4	53	80	0
2217	277.473958	277.802083	C5	64	80	0
2218	277.485677	277.848958	C3	48	80	0
2219	277.492188	277.949219	Eb4	50	80	0
2220	277.496094	277.625000	G#3	39	80	0
2221	277.765625	278.128906	Bb4	66	80	0
2222	277.782552	278.139323	G3	46	80	0
2223	277.785156	278.119792	C#3	46	80	0
2224	278.070312	278.369792	C5	76	80	0
2225	278.074219	278.329427	C3	56	80	0
2226	278.088542	278.339844	Eb4	61	80	0
2227	278.093750	278.348958	G#3	54	80	0
2228	278.335938	278.679688	G3	61	80	0
2229	278.335938	278.779948	Bb4	83	80	0
2230	278.341146	278.509115	C3	64	80	0
2231	278.352865	278.549479	Eb4	61	80	0
2232	278.722656	280.149740	C5	80	80	0
2233	278.743490	279.479167	C4	63	80	0
2234	278.743490	280.139323	G#3	58	80	0
2235	278.744792	280.149740	C3	56	80	0
2236	278.746094	279.649740	Eb4	63	80	0
2237	279.988281	280.959635	Bb4	67	80	0
2238	279.993490	280.739583	Eb4	54	80	0
2239	279.994792	280.869792	G3	52	80	0
2240	279.997396	280.938802	C#3	50	80	0
2241	281.104167	281.489583	Eb5	71	80	0
2242	281.113281	281.579427	Eb4	58	80	0
2243	281.118490	281.479167	C3	48	80	0
2244	281.127604	281.359375	G#3	49	80	0
2245	281.385417	281.709635	D5	77	80	0
2246	281.388021	281.750000	G#4	76	80	0
2247	281.394531	281.759115	Bb2	71	80	0
2248	281.395833	281.839844	F3	70	80	0
2249	281.404948	281.549479	G#3	61	80	0
2250	281.665365	282.069010	C3	61	80	0
2251	281.675781	282.049479	Eb5	77	80	0
2252	281.677083	282.449219	Eb4	76	80	0
2253	281.678385	282.158854	G#3	65	80	0
2254	281.938802	282.419271	F3	69	80	0
2255	281.942708	282.279948	D5	78	80	0
2256	281.942708	282.419271	Bb2	68	80	0
2257	281.944010	282.250000	G#4	82	80	0
2258	282.433594	283.449219	Eb5	92	80	0
2259	282.445312	283.239583	C3	66	80	0
2260	282.445312	283.209635	G#3	65	80	0
2261	282.454427	283.218750	G#4	74	80	0
2262	282.454427	283.188802	Eb3	69	80	0
2263	282.462240	283.289062	Eb4	74	80	0
2264	283.222656	283.500000	Bb2	65	80	0
2265	283.328125	283.919271	D4	69	80	0
2266	283.352865	283.509115	C3	62	80	0
2267	283.445312	284.949219	G#4	70	80	0
2268	283.450521	283.549479	G#3	50	80	0
2269	283.515625	283.582031	C3	52	80	0
2270	283.618490	283.789062	Bb2	45	80	0
2271	283.708333	283.786458	C3	62	80	0
2272	283.802083	283.919271	Bb2	50	80	0
2273	283.891927	283.977865	C3	65	80	0
2274	283.923177	285.438802	F5	73	80	0
2275	283.994792	284.066406	Bb2	58	80	0
2276	284.111979	284.171875	C3	47	80	0
2277	284.175781	285.408854	D5	61	80	0
2278	284.182292	284.265625	Bb2	59	80	0
2279	284.282552	284.368490	C3	58	80	0
2280	284.403646	284.446615	Bb2	43	80	0
2281	284.475260	284.544271	C3	60	80	0
2282	284.555990	284.688802	Bb2	57	80	0
2283	284.667969	284.899740	C3	50	80	0
2284	284.738281	284.899740	Bb2	42	80	0
2285	284.933594	285.348958	G#2	75	80	0
2286	285.126302	285.269531	Bb2	48	80	0
2287	285.335938	285.489583	Bb2	46	80	0
2288	285.343750	285.500000	D4	53	80	0
2289	285.444010	285.979167	Bb4	73	80	0
2290	285.509115	286.339844	F5	79	80	0
2291	285.557292	285.641927	Bb2	49	80	0
2292	285.656250	285.755208	G#2	55	80	0
2293	285.774740	285.867188	Bb2	49	80	0
2294	285.859375	285.976562	G#2	54	80	0
2295	285.994792	286.589844	G2	80	80	0
2296	286.307292	286.459635	G#2	52	80	0
2297	286.364583	286.500000	Eb4	56	80	0
2298	286.444010	287.239583	Bb4	76	80	0
2299	286.471354	286.579427	G#2	57	80	0
2300	286.510417	287.500000	G5	89	80	0
2301	286.595052	286.699219	G2	55	80	0
2302	286.707031	286.833333	G#2	71	80	0
2303	286.712240	286.799479	G2	69	80	0
2304	286.804688	287.049479	G2	50	80	0
2305	286.985677	287.259115	F2	79	80	0
2306	287.158854	287.269531	G2	59	80	0
2307	287.265625	287.500000	F2	56	80	0
2308	287.332031	287.489583	F4	55	80	0
2309	287.343750	287.500000	G2	52	80	0
2310	287.432292	287.569010	Bb4	70	80	0
2311	287.505208	287.592448	F2	59	80	0
2312	287.513021	288.279948	G#5	90	80	0
2313	287.597656	287.699219	G2	58	80	0
2314	287.697917	287.803385	F2	58	80	0
2315	287.805990	287.885417	G2	65	80	0
2316	287.888021	287.988281	F2	57	80	0
2317	287.993490	288.309896	Eb2	85	80	0
2318	288.204427	288.218750	F3	60	80	0
2319	288.315104	288.438802	G4	73	80	0
2320	288.320312	288.559896	Eb2	55	80	0
2321	288.414062	288.569010	F2	60	80	0
2322	288.424479	288.609375	Bb4	80	80	0
2323	288.535156	289.628906	Bb5	98	80	0
2324	288.565104	288.779948	Eb2	70	80	0
2325	288.686198	288.798177	F2	64	80	0
2326	288.785156	288.908854	Eb2	61	80	0
2327	288.890625	288.966146	F2	66	80	0
2328	288.921875	289.089844	Eb2	68	80	0
2329	289.044271	289.255208	C#2	82	80	0
2330	289.222656	289.338542	Eb2	66	80	0
2331	289.337240	289.529948	C#2	72	80	0
2332	289.434896	289.549479	Eb2	61	80	0
2333	289.539062	289.617188	C#2	61	80	0
2334	289.563802	289.639323	Eb2	61	80	0
2335	289.593750	289.968750	C6	93	80	0
2336	289.648438	289.735677	Eb2	57	80	0
2337	289.742188	289.869792	C#2	60	80	0
2338	289.841146	289.936198	Eb2	56	80	0
2339	289.945312	290.023438	C#2	60	80	0
2340	290.035156	290.188802	Eb2	60	80	0
2341	290.123698	290.729167	C#6	97	80	0
2342	290.141927	290.248698	C#2	67	80	0
2343	290.264323	290.361979	Eb2	63	80	0
2344	290.348958	290.549479	C#2	63	80	0
2345	290.555990	290.729167	C#2	58	80	0
2346	290.661458	290.669271	Eb2	59	80	0
2347	290.673177	290.968750	D6	99	80	0
2348	290.743490	290.841146	C#2	59	80	0
2349	290.845052	290.955729	Eb2	62	80	0
2350	290.950521	291.036458	C#2	64	80	0
2351	291.037760	291.125000	Eb2	69	80	0
2352	291.128906	291.221354	C#2	66	80	0
2353	291.222656	291.408854	Eb2	70	80	0
2354	291.337240	291.500000	C#2	81	80	0
2355	291.356771	292.859375	Eb6	99	80	0
2356	291.513021	291.569010	C#2	69	80	0
2357	291.583333	291.669271	C#2	59	80	0
2358	291.683594	291.908854	C#2	62	80	0
2359	291.773438	291.914062	C2	76	80	0
2360	291.916667	292.010417	C#2	80	80	0
2361	292.026042	292.138021	Eb2	75	80	0
2362	292.148438	292.256510	C#2	68	80	0
2363	292.266927	292.369792	C2	79	80	0
2364	292.363281	292.509115	Bb1	82	80	0
2365	292.486979	292.761719	G#1	87	80	0
2366	292.864583	293.049479	G#2	65	80	0
2367	292.867188	293.044271	C3	73	80	0
2368	293.179688	293.639323	C4	78	80	0
2369	293.183594	293.348958	C3	59	80	0
2370	293.184896	293.322917	G#1	57	80	0
2371	293.186198	293.324219	G#2	58	80	0
2372	293.434896	293.583333	G#2	71	80	0
2373	293.434896	293.449219	C2	56	80	0
2374	293.434896	293.628906	C3	62	80	0
2375	293.701823	293.709635	C2	63	80	0
2376	293.704427	293.889323	G#2	65	80	0
2377	293.704427	293.929688	C3	62	80	0
2378	293.966146	294.075521	C3	58	80	0
2379	293.968750	294.084635	F2	60	80	0
2380	293.972656	294.091146	G#2	61	80	0
2381	294.214844	294.334635	C3	67	80	0
2382	294.221354	294.339844	G#2	58	80	0
2383	294.484375	294.848958	C4	66	80	0
2384	294.484375	294.609375	Eb2	53	80	0
2385	294.485677	294.608073	G#2	53	80	0
2386	294.485677	294.615885	C3	55	80	0
2387	294.731771	294.842448	C#4	75	80	0
2388	294.746094	294.759115	G#1	49	80	0
2389	294.752604	294.864583	G#2	47	80	0
2390	294.756510	294.829427	C3	50	80	0
2391	294.759115	294.869792	Eb2	43	80	0
2392	294.972656	295.269531	Eb4	81	80	0
2393	294.986979	295.092448	C#2	62	80	0
2394	294.988281	295.097656	G#2	60	80	0
2395	294.988281	295.098958	C2	61	80	0
2396	294.989583	295.092448	C3	61	80	0
2397	295.212240	295.399740	F4	76	80	0
2398	295.218750	295.354167	C3	65	80	0
2399	295.221354	295.347656	C2	65	80	0
2400	295.226562	295.356771	G#2	62	80	0
2401	295.462240	295.799479	G4	89	80	0
2402	295.475260	295.710938	C3	73	80	0
2403	295.480469	295.714844	G#2	72	80	0
2404	295.485677	295.729167	C2	71	80	0
2405	295.826823	296.078125	C2	78	80	0
2406	295.828125	296.079427	G#4	89	80	0
2407	295.834635	296.075521	G#2	72	80	0
2408	296.208333	296.364583	C3	71	80	0
2409	296.210938	296.363281	G#2	67	80	0
2410	296.496094	296.605469	C3	66	80	0
2411	296.500000	296.878906	Eb4	79	80	0
2412	296.501302	296.610677	G#2	67	80	0
2413	296.743490	296.872396	G#2	79	80	0
2414	296.744792	296.860677	C3	74	80	0
2415	296.746094	296.889323	G2	78	80	0
2416	296.750000	296.869792	C2	66	80	0
2417	297.007812	297.114583	G#2	67	80	0
2418	297.007812	297.106771	C3	63	80	0
2419	297.014323	297.119792	C2	57	80	0
2420	297.250000	297.346354	C3	59	80	0
2421	297.252604	297.363281	G#2	62	80	0
2422	297.252604	297.429688	F2	59	80	0
2423	297.494792	297.589844	C3	57	80	0
2424	297.502604	297.604167	G#2	53	80	0
2425	297.503906	297.596354	F2	54	80	0
2426	297.738281	297.856771	C3	59	80	0
2427	297.740885	297.959635	G4	69	80	0
2428	297.744792	297.858073	G#2	60	80	0
2429	297.751302	298.119792	Eb2	58	80	0
2430	297.992188	298.093750	G#4	80	80	0
2431	297.993490	298.105469	C3	52	80	0
2432	298.002604	298.111979	G#2	52	80	0
2433	298.231771	298.468750	Bb4	87	80	0
2434	298.233073	298.408854	G#2	57	80	0
2435	298.235677	298.378906	C2	64	80	0
2436	298.236979	298.329427	C3	62	80	0
2437	298.243490	298.360677	C#2	66	80	0
2438	298.462240	298.729167	C5	84	80	0
2439	298.463542	298.619792	C3	65	80	0
2440	298.480469	298.688802	C2	70	80	0
2441	298.481771	298.688802	G#2	67	80	0
2442	298.683594	298.908854	C#5	88	80	0
2443	298.701823	298.938802	C3	75	80	0
2444	298.704427	299.029948	G#2	74	80	0
2445	299.042969	299.269531	G#2	60	80	0
2446	299.044271	299.279948	C3	57	80	0
2447	299.048177	299.639323	Eb5	94	80	0
2448	299.393229	299.563802	C3	67	80	0
2449	299.394531	299.566406	G#2	77	80	0
2450	299.687500	300.109375	G#4	79	80	0
2451	299.688802	299.796875	C3	55	80	0
2452	299.692708	299.803385	G#2	55	80	0
2453	299.696615	299.819010	G#3	62	80	0
2454	299.923177	300.039062	G#2	67	80	0
2455	299.924479	300.044271	C3	60	80	0
2456	299.925781	300.054688	G2	64	80	0
2457	299.928385	299.989583	Eb3	57	80	0
2458	300.171875	300.270833	C3	55	80	0
2459	300.174479	300.289062	G#2	56	80	0
2460	300.177083	300.276042	G2	56	80	0
2461	300.415365	300.515625	C3	66	80	0
2462	300.416667	300.523438	G#2	58	80	0
2463	300.421875	300.529948	F2	62	80	0
2464	300.664062	300.779948	F2	55	80	0
2465	300.664062	300.753906	G#2	50	80	0
2466	300.665365	300.734375	C3	54	80	0
2467	300.914062	301.309896	G#5	66	80	0
2468	300.920573	301.019531	C3	51	80	0
2469	300.923177	301.016927	G#2	50	80	0
2470	300.933594	300.938802	Eb3	44	80	0
2471	300.933594	300.938802	Eb2	47	80	0
2472	301.175781	301.449219	Bb5	75	80	0
2473	301.184896	301.276042	C3	45	80	0
2474	301.186198	301.276042	G#2	39	80	0
2475	301.188802	301.199219	Eb3	38	80	0
2476	301.425781	301.703125	C6	78	80	0
2477	301.433594	301.526042	C3	44	80	0
2478	301.434896	301.540365	G#2	48	80	0
2479	301.444010	301.519531	Eb2	49	80	0
2480	301.665365	301.869792	G#2	55	80	0
2481	301.666667	301.949219	C#6	92	80	0
2482	301.671875	301.679688	G#1	56	80	0
2483	301.673177	301.679688	C#3	49	80	0
2484	301.682292	302.049479	C#2	46	80	0
2485	301.951823	302.459635	Eb6	81	80	0
2486	301.955729	302.158854	C3	52	80	0
2487	301.957031	302.179688	C2	52	80	0
2488	301.959635	302.348958	G#2	52	80	0
2489	302.446615	303.119792	F6	78	80	0
2490	302.463542	302.468750	Bb1	44	80	0
2491	302.463542	303.089844	Bb2	38	80	0
2492	302.471354	303.229167	G#2	42	80	0
2493	302.472656	303.128906	C#2	42	80	0
2494	302.473958	303.019531	C#3	41	80	0
2495	304.722656	305.079427	Bb4	55	80	0
2496	304.723958	304.989583	F4	38	80	0
2497	304.729167	304.873698	Bb3	38	80	0
2498	304.734375	304.876302	D3	32	80	0
2499	304.746094	304.875000	G#3	30	80	0
2500	305.035156	305.468750	Eb5	58	80	0
2501	305.071615	305.429688	G4	42	80	0
2502	305.074219	305.539062	G3	35	80	0
2503	305.083333	305.358073	Eb3	32	80	0
2504	305.830729	306.169271	Eb5	76	80	0
2505	305.833333	305.989583	Bb3	60	80	0
2506	305.838542	306.049479	G4	68	80	0
2507	305.839844	305.968750	Eb3	58	80	0
2508	306.144531	307.468750	D5	69	80	0
2509	306.148438	307.389323	B4	71	80	0
2510	306.184896	307.369792	F3	46	80	0
2511	306.187500	307.029948	G#3	50	80	0
2512	307.386719	308.649740	C#5	63	80	0
2513	307.393229	308.319010	Bb3	41	80	0
2514	307.394531	308.359375	E4	48	80	0
2515	307.397135	308.269531	G3	39	80	0
2516	308.684896	308.889323	C5	61	80	0
2517	308.695312	308.816406	Eb4	45	80	0
2518	308.700521	308.824219	C4	44	80	0
2519	308.704427	308.830729	G#3	36	80	0
2520	308.989583	309.378906	G#6	72	80	0
2521	309.003906	309.169271	C4	43	80	0
2522	309.018229	309.209635	G#3	43	80	0
2523	309.018229	309.029948	Eb3	38	80	0
2524	309.274740	309.559896	G6	79	80	0
2525	309.276042	309.509115	C#4	55	80	0
2526	309.286458	309.479167	Bb3	52	80	0
2527	309.545573	309.889323	F#6	78	80	0
2528	309.566406	309.859375	C4	48	80	0
2529	309.571615	309.859375	Eb4	62	80	0
2530	309.864583	310.069010	F6	67	80	0
2531	309.881510	310.968750	F4	52	80	0
2532	309.894531	309.908854	F3	47	80	0
2533	309.895833	311.098958	C#4	48	80	0
2534	310.032552	310.259115	Eb6	58	80	0
2535	310.157552	310.283854	C#6	71	80	0
2536	310.286458	310.394531	C6	73	80	0
2537	310.412760	310.536458	B5	74	80	0
2538	310.537760	310.667969	Bb5	82	80	0
2539	310.669271	310.805990	A5	74	80	0
2540	310.800781	310.902344	G#5	74	80	0
2541	310.929688	311.062500	G5	69	80	0
2542	311.059896	311.186198	F#5	75	80	0
2543	311.188802	311.311198	F5	75	80	0
2544	311.322917	311.458333	E5	78	80	0
2545	311.444010	311.684896	C#3	55	80	0
2546	311.466146	311.628906	G#3	58	80	0
2547	311.479167	311.635417	Eb5	76	80	0
2548	311.481771	311.630208	F3	57	80	0
2549	311.614583	311.684896	C#5	75	80	0
2550	311.769531	311.845052	C5	75	80	0
2551	311.781250	312.009115	D3	55	80	0
2552	311.781250	311.977865	G#3	56	80	0
2553	311.782552	312.049479	F3	58	80	0
2554	311.915365	311.980469	Bb4	76	80	0
2555	312.110677	312.589844	Eb5	58	80	0
2556	312.138021	312.509115	Bb4	43	80	0
2557	312.143229	312.559896	G3	35	80	0
2558	312.151042	312.750000	Eb3	30	80	0
2559	313.179688	313.598958	Eb5	55	80	0
2560	313.197917	313.509115	G4	36	80	0
2561	313.200521	313.688802	Bb3	33	80	0
2562	313.212240	313.449219	Eb3	28	80	0
2563	313.688802	314.399740	G#4	54	80	0
2564	313.707031	314.429688	Eb5	48	80	0
2565	313.714844	315.019531	G#3	31	80	0
2566	313.722656	314.429688	C4	29	80	0
2567	314.373698	315.329427	F5	46	80	0
2568	314.411458	316.329427	G#4	29	80	0
2569	314.412760	314.959635	C#4	26	80	0
2570	314.753906	315.759115	C4	33	80	0
2571	314.753906	315.649740	Eb5	60	80	0
2572	315.054688	315.479167	C#5	65	80	0
2573	315.061198	315.919271	Bb3	42	80	0
2574	315.343750	315.645833	C5	72	80	0
2575	315.372396	315.688802	G#3	45	80	0
2576	315.610677	316.009115	Bb4	75	80	0
2577	315.615885	315.949219	G3	41	80	0
2578	315.885417	316.191406	C5	79	80	0
2579	315.885417	316.190104	G#3	48	80	0
2580	316.182292	316.859375	C#5	68	80	0
2581	316.187500	317.169271	Bb3	49	80	0
2582	316.191406	317.139323	Eb3	45	80	0
2583	316.471354	316.774740	F4	63	80	0
2584	316.471354	316.479167	Bb2	40	80	0
2585	316.776042	317.149740	G#4	64	80	0
2586	317.148438	317.432292	G4	60	80	0
2587	317.153646	317.475260	Eb3	41	80	0
2588	317.175781	317.429688	Bb3	32	80	0
2589	317.445312	317.679688	C5	64	80	0
2590	317.460938	317.729167	G#4	60	80	0
2591	317.463542	317.750000	G#3	47	80	0
2592	317.463542	318.539062	G#2	45	80	0
2593	317.716146	317.971354	Eb4	63	80	0
2594	317.717448	317.979167	C#3	49	80	0
2595	317.985677	318.399740	C#3	51	80	0
2596	317.997396	318.299479	F4	57	80	0
2597	318.253906	318.526042	C3	58	80	0
2598	318.274740	318.619792	Eb4	69	80	0
2599	318.506510	318.786458	Bb2	65	80	0
2600	318.529948	318.783854	C#4	72	80	0
2601	318.777344	318.986979	G#2	57	80	0
2602	318.778646	319.054688	C4	75	80	0
2603	319.033854	319.260417	G2	54	80	0
2604	319.035156	319.276042	Bb3	77	80	0
2605	319.272135	319.614583	G#2	49	80	0
2606	319.298177	319.617188	C4	70	80	0
2607	319.613281	320.549479	C#4	69	80	0
2608	319.632812	320.119792	Eb3	42	80	0
2609	319.634115	320.449219	Eb2	39	80	0
2610	319.634115	320.500000	Bb2	39	80	0
2611	319.932292	320.234375	F4	59	80	0
2612	320.217448	320.466146	G#4	60	80	0
2613	320.488281	320.794271	G4	57	80	0
2614	320.782552	321.069010	Bb4	55	80	0
2615	320.783854	321.759115	C4	50	80	0
2616	320.800781	321.769531	G#1	47	80	0
2617	320.800781	321.619792	G#2	43	80	0
2618	320.803385	320.809896	Eb3	45	80	0
2619	321.072917	321.283854	G4	58	80	0
2620	321.322917	321.598958	Bb4	55	80	0
2621	321.611979	321.979167	G#4	61	80	0
2622	321.845052	324.589844	G#2	50	80	0
2623	321.850260	322.149740	C#5	63	80	0
2624	321.863281	324.429688	G#1	53	80	0
2625	321.881510	324.299479	Eb2	45	80	0
2626	322.126302	322.365885	B4	67	80	0
2627	322.377604	322.644531	C#5	62	80	0
2628	322.656250	322.898438	C5	59	80	0
2629	322.885417	323.136719	F5	65	80	0
2630	323.152344	323.403646	D5	61	80	0
2631	323.385417	323.692708	F5	58	80	0
2632	323.684896	324.009115	Eb5	66	80	0
2633	323.911458	324.359375	Bb5	74	80	0
2634	324.158854	324.709635	G5	61	80	0
2635	324.412760	324.717448	Bb5	69	80	0
2636	324.684896	325.250000	G#5	57	80	0
2637	324.915365	325.250000	C#6	67	80	0
2638	324.924479	325.539062	G#3	52	80	0
2639	324.946615	325.359375	G#2	40	80	0
2640	324.947917	325.429688	Eb3	47	80	0
2641	324.949219	325.419271	C3	42	80	0
2642	325.199219	325.539062	B5	69	80	0
2643	325.451823	325.829427	C#6	68	80	0
2644	325.708333	326.009115	C6	73	80	0
2645	325.957031	326.459635	F6	70	80	0
2646	325.973958	326.908854	Eb4	54	80	0
2647	325.983073	326.899740	C4	42	80	0
2648	325.986979	326.809896	G#3	41	80	0
2649	326.244792	326.848958	D6	78	80	0
2650	326.535156	326.884115	F6	63	80	0
2651	326.842448	327.149740	Eb6	66	80	0
2652	327.160156	327.589844	Eb6	65	80	0
2653	327.182292	328.019531	D4	47	80	0
2654	327.188802	328.029948	Bb3	39	80	0
2655	327.190104	328.000000	F3	40	80	0
2656	327.192708	328.009115	G#3	36	80	0
2657	327.489583	327.768229	C6	72	80	0
2658	327.736979	328.054688	Eb6	78	80	0
2659	328.006510	329.179688	D6	85	80	0
2660	328.266927	328.819010	C7	70	80	0
2661	328.286458	330.169271	D4	56	80	0
2662	328.300781	330.149740	G#3	45	80	0
2663	328.302083	330.199219	Bb3	44	80	0
2664	328.307292	330.188802	F3	48	80	0
2665	328.537760	328.839844	A6	86	80	0
2666	328.825521	329.438802	C7	75	80	0
2667	329.125000	329.500000	Bb6	83	80	0
2668	329.361979	329.673177	Eb6	76	80	0
2669	329.626302	329.989583	C6	81	80	0
2670	329.872396	330.183594	Eb6	81	80	0
2671	330.134115	330.500000	D6	87	80	0
2672	330.389323	330.809896	F6	71	80	0
2673	330.393229	331.259115	Eb4	66	80	0
2674	330.415365	331.218750	Eb3	46	80	0
2675	330.417969	331.250000	Bb3	41	80	0
2676	330.419271	331.240885	G3	49	80	0
2677	330.645833	331.218750	D6	87	80	0
2678	330.895833	331.339844	F6	72	80	0
2679	331.157552	331.429688	Eb6	83	80	0
2680	331.382812	331.889323	C7	82	80	0
2681	331.395833	332.199219	Eb4	65	80	0
2682	331.408854	331.658854	Bb3	53	80	0
2683	331.412760	332.250000	G3	50	80	0
2684	331.416667	332.179688	Eb3	54	80	0
2685	331.653646	331.938802	A6	85	80	0
2686	331.674479	332.239583	Bb3	50	80	0
2687	331.902344	332.500000	C7	87	80	0
2688	332.171875	332.519531	Bb6	81	80	0
2689	332.391927	333.218750	Eb4	66	80	0
2690	332.397135	333.069010	Eb3	55	80	0
2691	332.399740	332.619792	Bb3	55	80	0
2692	332.402344	333.188802	G3	61	80	0
2693	332.419271	332.718750	F6	71	80	0
2694	332.628906	333.199219	Bb3	51	80	0
2695	332.665365	333.199219	D6	91	80	0
2696	332.912760	333.197917	F6	78	80	0
2697	333.165365	333.419271	Eb6	83	80	0
2698	333.421875	334.209635	D4	64	80	0
2699	333.424479	334.218750	Bb3	63	80	0
2700	333.425781	334.199219	F3	60	80	0
2701	333.427083	334.199219	G#3	62	80	0
2702	333.433594	333.829427	Eb6	75	80	0
2703	333.679688	333.962240	C6	81	80	0
2704	333.932292	334.242188	Eb6	86	80	0
2705	334.192708	335.169271	D6	92	80	0
2706	334.444010	334.979167	C7	91	80	0
2707	334.451823	336.399740	D4	66	80	0
2708	334.453125	336.399740	G#3	57	80	0
2709	334.454427	336.468750	Bb3	58	80	0
2710	334.458333	336.489583	F3	52	80	0
2711	334.713542	335.000000	A6	88	80	0
2712	334.993490	335.609375	C7	86	80	0
2713	335.298177	335.669271	Bb6	82	80	0
2714	335.553385	335.989583	Eb6	79	80	0
2715	335.815104	336.218750	C6	84	80	0
2716	336.076823	336.433594	Eb6	81	80	0
2717	336.375000	336.869792	D6	86	80	0
2718	336.704427	337.579427	Eb4	66	80	0
2719	336.705729	337.339844	F6	66	80	0
2720	336.713542	337.718750	Eb3	53	80	0
2721	336.714844	337.669271	G3	54	80	0
2722	336.714844	337.579427	Bb3	50	80	0
2723	337.029948	337.539062	D6	85	80	0
2724	337.347656	337.722656	F6	78	80	0
2725	337.675781	338.348958	Eb6	78	80	0
2726	338.322917	341.109375	G5	82	80	0
2727	338.322917	340.549479	G6	81	80	0
2728	338.325521	341.069010	F6	79	80	0
2729	338.335938	340.859375	Bb3	53	80	0
2730	338.345052	341.069010	C#3	49	80	0
2731	341.343750	341.559896	G#5	60	80	0
2732	341.343750	341.539062	Eb6	62	80	0
2733	341.345052	341.359375	Eb5	52	80	0
2734	341.360677	341.473958	C3	38	80	0
2735	341.361979	341.569010	C4	41	80	0
2736	341.949219	344.759115	Eb5	73	80	0
2737	341.963542	344.408854	G#4	59	80	0
2738	341.970052	344.579427	C4	41	80	0
2739	341.976562	344.589844	C3	38	80	0
2740	344.787760	345.029948	C#5	56	80	0
2741	344.792969	344.934896	Bb4	50	80	0
2742	344.796875	345.029948	G3	34	80	0
2743	344.804688	344.911458	E3	33	80	0
2744	345.347656	348.229167	C#5	50	80	0
2745	345.364583	348.289062	Bb4	43	80	0
2746	345.372396	347.468750	G3	34	80	0
2747	345.373698	347.709635	E3	32	80	0
2748	348.205729	348.529948	C5	40	80	0
2749	348.210938	348.549479	G#4	40	80	0
2750	348.240885	348.529948	G#3	24	80	0
2751	348.247396	348.529948	F3	22	80	0
2752	348.816406	350.949219	C5	35	80	0
2753	348.822917	351.059896	G#4	37	80	0
2754	348.822917	350.979167	G#3	29	80	0
2755	348.825521	350.968750	F3	30	80	0
2756	351.985677	352.500000	Eb5	37	80	0
2757	351.993490	352.549479	Bb3	26	80	0
2758	351.994792	352.479167	G4	26	80	0
2759	352.022135	352.029948	F3	21	80	0
2760	352.031250	352.539062	Eb3	20	80	0
2761	352.964844	355.059896	Eb5	33	80	0
2762	352.972656	354.789062	G4	30	80	0
2763	352.983073	354.839844	Bb3	24	80	0
2764	352.993490	355.459635	Eb3	21	80	0
2765	355.325521	356.109375	C4	43	80	0
2766	355.361979	356.089844	G#3	39	80	0
2767	355.367188	355.574219	G#4	67	80	0
2768	355.604167	355.704427	Eb5	43	80	0
2769	355.727865	355.889323	C5	61	80	0
2770	355.828125	355.915365	Eb5	63	80	0
2771	355.920573	356.079427	G#5	66	80	0
2772	356.059896	356.131510	Eb5	61	80	0
2773	356.151042	356.269531	C#5	66	80	0
2774	356.273438	356.351562	Eb5	67	80	0
2775	356.372396	356.438802	G#4	72	80	0
2776	356.475260	356.585938	Eb4	60	80	0
2777	356.597656	356.677083	C4	51	80	0
2778	356.690104	356.773438	Eb4	66	80	0
2779	356.808594	356.885417	G#3	64	80	0
2780	356.885417	357.013021	Eb3	63	80	0
2781	357.014323	357.097656	C3	62	80	0
2782	357.114583	357.218750	Eb3	79	80	0
2783	357.238281	357.303385	G#2	63	80	0
2784	357.350260	357.412760	Eb2	60	80	0
2785	357.454427	357.513021	C2	63	80	0
2786	357.574219	357.623698	Eb2	61	80	0
2787	357.704427	358.069010	G#1	55	80	0
2788	357.787760	357.846354	C2	59	80	0
2789	357.923177	357.980469	Eb2	66	80	0
2790	358.007812	358.069010	G#2	65	80	0
2791	358.125000	358.549479	Bb2	76	80	0
2792	358.171875	358.489583	G2	58	80	0
2793	358.295573	358.373698	Eb3	61	80	0
2794	358.421875	358.484375	C#3	64	80	0
2795	358.535156	358.592448	Eb3	66	80	0
2796	358.641927	358.708333	G3	60	80	0
2797	358.718750	358.789062	Bb2	56	80	0
2798	358.720052	358.812500	Eb3	68	80	0
2799	358.848958	358.904948	C#3	71	80	0
2800	358.945312	359.449219	Eb3	51	80	0
2801	359.065104	359.598958	Bb2	69	80	0
2802	359.069010	359.609375	Eb2	72	80	0
2803	359.070312	359.408854	G3	74	80	0
2804	359.072917	359.479167	Bb1	68	80	0
2805	359.201823	359.269531	Eb4	62	80	0
2806	359.313802	359.372396	C#4	66	80	0
2807	359.404948	359.484375	Eb4	68	80	0
2808	359.531250	359.595052	G4	65	80	0
2809	359.630208	359.739583	Eb4	75	80	0
2810	359.734375	359.794271	C#4	74	80	0
2811	359.825521	359.882812	Eb4	68	80	0
2812	359.958333	360.539062	Bb2	74	80	0
2813	359.962240	360.369792	Eb2	68	80	0
2814	359.964844	360.128906	G4	75	80	0
2815	360.074219	360.143229	Eb5	68	80	0
2816	360.178385	360.264323	C#5	71	80	0
2817	360.291667	360.389323	Eb5	64	80	0
2818	360.402344	360.503906	G5	81	80	0
2819	360.516927	360.605469	Eb5	71	80	0
2820	360.617188	360.697917	C#5	71	80	0
2821	360.707031	360.809896	Eb5	68	80	0
2822	360.851562	360.945312	G#5	76	80	0
2823	360.851562	361.259115	C3	67	80	0
2824	360.855469	361.239583	C2	65	80	0
2825	360.872396	361.179688	Eb2	60	80	0
2826	360.963542	361.098958	Eb6	76	80	0
2827	361.083333	361.166667	C6	71	80	0
2828	361.177083	361.235677	Eb6	77	80	0
2829	361.283854	361.384115	G#6	85	80	0
2830	361.394531	361.466146	Eb6	74	80	0
2831	361.500000	361.575521	C6	78	80	0
2832	361.602865	361.664062	Eb6	75	80	0
2833	361.714844	361.789062	G#5	66	80	0
2834	361.808594	361.876302	Eb5	68	80	0
2835	361.923177	361.966146	C5	67	80	0
2836	362.023438	362.087240	Eb5	65	80	0
2837	362.130208	362.167969	G#4	70	80	0
2838	362.216146	362.311198	Eb4	68	80	0
2839	362.346354	362.414062	C4	55	80	0
2840	362.444010	362.540365	Eb4	66	80	0
2841	362.571615	362.641927	G#3	62	80	0
2842	362.656250	362.753906	Eb3	63	80	0
2843	362.774740	362.854167	C3	62	80	0
2844	362.885417	362.957031	Eb3	70	80	0
2845	362.986979	363.042969	G#2	63	80	0
2846	363.063802	363.149740	Eb3	61	80	0
2847	363.190104	363.251302	C3	63	80	0
2848	363.273438	363.403646	Eb3	74	80	0
2849	363.446615	363.989583	Bb2	66	80	0
2850	363.449219	363.968750	Eb2	69	80	0
2851	363.450521	363.739583	G2	63	80	0
2852	363.585938	363.779948	Eb3	55	80	0
2853	363.734375	363.889323	C#3	57	80	0
2854	363.841146	363.912760	Eb3	60	80	0
2855	363.954427	364.024740	Bb3	66	80	0
2856	364.053385	364.128906	Eb3	65	80	0
2857	364.140625	364.213542	C#3	68	80	0
2858	364.231771	364.378906	Eb3	62	80	0
2859	364.393229	365.029948	Eb3	64	80	0
2860	364.395833	364.695312	Bb3	72	80	0
2861	364.397135	364.878906	G3	63	80	0
2862	364.503906	364.591146	Eb4	62	80	0
2863	364.623698	364.694010	C#4	63	80	0
2864	364.717448	364.787760	Eb4	66	80	0
2865	364.834635	365.000000	Bb4	72	80	0
2866	364.930990	364.989583	Eb4	64	80	0
2867	365.042969	365.113281	C#4	75	80	0
2868	365.125000	365.239583	Eb4	67	80	0
2869	365.264323	365.509115	G3	60	80	0
2870	365.265625	365.609375	G2	55	80	0
2871	365.272135	366.429688	Eb3	63	80	0
2872	365.277344	365.355469	Bb4	72	80	0
2873	365.381510	365.454427	Eb5	57	80	0
2874	365.498698	365.584635	C#5	73	80	0
2875	365.610677	365.701823	Eb5	68	80	0
2876	365.727865	365.808594	Bb5	78	80	0
2877	365.833333	365.904948	Eb5	72	80	0
2878	365.937500	366.010417	C#5	63	80	0
2879	366.033854	366.123698	Eb5	67	80	0
2880	366.183594	366.304688	C5	77	80	0
2881	366.201823	366.769531	G#2	48	80	0
2882	366.329427	366.414062	Eb5	67	80	0
2883	366.430990	366.619792	C5	77	80	0
2884	366.434896	366.919271	Eb3	45	80	0
2885	366.532552	366.614583	Eb5	65	80	0
2886	366.645833	366.889323	C6	73	80	0
2887	366.795573	366.889323	Eb5	59	80	0
2888	366.912760	367.010417	C5	68	80	0
2889	367.046875	367.115885	Eb5	66	80	0
2890	367.139323	367.619792	F4	71	80	0
2891	367.147135	367.246094	C#5	73	80	0
2892	367.149740	367.589844	F3	64	80	0
2893	367.153646	367.759115	G#3	63	80	0
2894	367.257812	367.352865	G#5	65	80	0
2895	367.381510	367.462240	C#5	69	80	0
2896	367.476562	367.596354	G#5	77	80	0
2897	367.598958	367.813802	C#6	82	80	0
2898	367.717448	367.859375	G#5	65	80	0
2899	367.843750	367.932292	F5	63	80	0
2900	367.929688	368.027344	G#5	75	80	0
2901	368.070312	368.309896	Eb5	79	80	0
2902	368.074219	368.459635	C4	72	80	0
2903	368.084635	368.468750	C3	65	80	0
2904	368.084635	368.406250	G#3	67	80	0
2905	368.208333	368.316406	Eb6	70	80	0
2906	368.326823	368.444010	G#5	70	80	0
2907	368.438802	368.559896	Eb6	78	80	0
2908	368.583333	368.848958	C4	69	80	0
2909	368.584635	369.009115	C3	65	80	0
2910	368.584635	368.705729	E5	85	80	0
2911	368.587240	369.789062	G#3	66	80	0
2912	368.720052	368.824219	E6	70	80	0
2913	368.835938	368.944010	G#5	68	80	0
2914	368.924479	369.929688	C#3	60	80	0
2915	368.933594	369.045573	E6	72	80	0
2916	369.053385	369.899740	C#4	74	80	0
2917	369.085938	369.166667	F5	81	80	0
2918	369.178385	369.299479	F6	76	80	0
2919	369.324219	369.434896	F5	78	80	0
2920	369.436198	369.669271	G#5	86	80	0
2921	369.595052	369.755208	F6	81	80	0
2922	369.726562	369.854167	C#6	75	80	0
2923	369.855469	369.963542	G#5	77	80	0
2924	369.960938	370.158854	C#6	82	80	0
2925	370.097656	370.919271	G5	85	80	0
2926	370.102865	371.029948	Bb3	82	80	0
2927	370.114583	371.019531	Eb3	70	80	0
2928	370.118490	370.688802	Bb2	70	80	0
2929	370.223958	370.408854	Eb6	75	80	0
2930	370.360677	370.514323	C#6	78	80	0
2931	370.492188	370.626302	Eb6	80	80	0
2932	370.628906	370.889323	G6	91	80	0
2933	370.748698	370.885417	Eb6	77	80	0
2934	370.876302	371.158854	C#6	80	80	0
2935	371.002604	371.309896	Eb6	80	80	0
2936	371.153646	371.658854	C4	73	80	0
2937	371.157552	371.729167	G5	81	80	0
2938	371.161458	371.598958	C3	67	80	0
2939	371.165365	371.628906	Eb3	70	80	0
2940	371.337240	371.501302	G6	80	80	0
2941	371.484375	371.631510	Eb6	70	80	0
2942	371.606771	371.777344	G6	89	80	0
2943	371.772135	372.359375	G#5	86	80	0
2944	371.773438	372.729167	C4	66	80	0
2945	371.782552	372.378906	C3	63	80	0
2946	371.787760	372.438802	Eb3	61	80	0
2947	371.951823	372.229167	G#6	90	80	0
2948	372.076823	372.369792	Eb6	85	80	0
2949	372.242188	372.459635	G#6	90	80	0
2950	372.776042	375.239583	F5	60	80	0
2951	372.796875	373.709635	G#3	33	80	0
2952	372.803385	375.069010	C#3	33	80	0
2953	373.562500	374.303385	A3	50	80	0
2954	374.244792	375.339844	Bb3	50	80	0
2955	374.548177	375.059896	Bb4	60	80	0
2956	374.872396	375.309896	C5	72	80	0
2957	374.894531	375.339844	C4	43	80	0
2958	375.216146	375.669271	C#5	69	80	0
2959	375.225260	376.009115	C#4	53	80	0
2960	375.621094	376.539062	G4	61	80	0
2961	375.652344	377.199219	G3	39	80	0
2962	375.654948	377.049479	Bb3	41	80	0
2963	375.658854	377.500000	Eb3	37	80	0
2964	376.404948	377.479167	Eb5	76	80	0
2965	377.213542	379.309896	Eb4	63	80	0
2966	377.220052	378.989583	C4	47	80	0
2967	377.622396	377.869792	C#5	55	80	0
2968	377.914062	379.519531	C5	63	80	0
2969	378.205729	378.908854	C6	65	80	0
2970	378.532552	379.029948	Bb5	75	80	0
2971	378.882812	379.289062	G5	71	80	0
2972	379.154948	379.502604	Bb5	79	80	0
2973	379.157552	379.649740	C4	59	80	0
2974	379.182292	379.619792	G#3	53	80	0
2975	379.194010	379.209635	G#4	53	80	0
2976	379.444010	380.119792	G#5	87	80	0
2977	379.753906	380.509115	C6	79	80	0
2978	379.782552	380.609375	C4	59	80	0
2979	379.785156	380.639323	G#3	55	80	0
2980	380.126302	380.609375	G#5	87	80	0
2981	380.440104	380.809896	Eb5	78	80	0
2982	380.761719	381.348958	E5	78	80	0
2983	380.781250	381.408854	C4	55	80	0
2984	380.789062	381.752604	G#3	50	80	0
2985	381.276042	382.750000	C#3	49	80	0
2986	381.294271	383.989583	F5	61	80	0
2987	381.718750	382.072917	A3	51	80	0
2988	382.074219	382.394531	Bb3	60	80	0
2989	382.404948	382.736979	C4	58	80	0
2990	382.733073	382.976562	C#4	51	80	0
2991	383.003906	383.345052	C#3	43	80	0
2992	383.032552	383.347656	Bb4	58	80	0
2993	383.345052	383.677083	Eb3	54	80	0
2994	383.346354	383.680990	C5	66	80	0
2995	383.665365	384.179688	C#5	67	80	0
2996	383.669271	384.079427	F3	56	80	0
2997	384.003906	384.489583	Eb3	51	80	0
2998	384.007812	384.878906	G4	63	80	0
2999	384.341146	384.750000	Eb2	60	80	0
3000	384.729167	385.114583	F2	51	80	0
3001	384.735677	385.889323	Eb5	72	80	0
3002	385.123698	385.729167	G2	48	80	0
3003	385.670573	387.500000	C5	66	80	0
3004	385.683594	386.979167	G#4	56	80	0
3005	385.686198	387.809896	Eb4	45	80	0
3006	385.695312	387.819010	G#2	34	80	0
3007	385.697917	388.199219	G#1	36	80	0
3008	387.194010	389.209635	C#5	74	80	0
3009	387.204427	388.119792	F1	47	80	0
3010	387.205729	387.979167	F2	42	80	0
3011	387.213542	388.959635	G#4	64	80	0
3012	387.944010	389.149740	F4	66	80	0
3013	387.947917	388.848958	C#2	58	80	0
3014	388.721354	389.299479	Bb4	82	80	0
3015	388.731771	389.229167	G2	54	80	0
3016	389.516927	390.389323	C#5	81	80	0
3017	389.529948	390.399740	G4	70	80	0
3018	389.531250	390.319010	E4	69	80	0
3019	389.531250	389.848958	Bb1	52	80	0
3020	389.532552	392.500000	Bb2	55	80	0
3021	390.697917	393.968750	C#5	78	80	0
3022	390.701823	393.509115	G4	78	80	0
3023	390.704427	393.009115	E4	81	80	0
3024	392.833333	393.889323	Eb4	49	80	0
3025	395.007812	395.429688	Eb4	29	80	0
3026	395.007812	395.468750	C5	39	80	0
3027	395.014323	395.468750	G#4	37	80	0
3028	395.023438	395.468750	G#1	25	80	0
3029	395.024740	395.429688	G#2	25	80	0
3030	395.024740	395.438802	C4	25	80	0
3031	397.015625	397.559896	C5	35	80	0
3032	397.023438	397.569010	G#1	23	80	0
3033	397.023438	397.609375	G#2	22	80	0
3034	397.024740	397.589844	G#4	33	80	0
3035	397.032552	397.589844	Eb4	23	80	0
3036	397.045573	397.500000	C4	14	80	0
#SusPed	0.550781	76	0
#SusPed	1.429688	0	0
#SusPed	1.438802	76	0
#SusPed	2.029948	0	0
#SusPed	2.042969	70	0
#SusPed	2.179688	0	0
#SusPed	2.194010	75	0
#SusPed	2.239583	0	0
#SusPed	2.252604	78	0
#SusPed	2.489583	0	0
#SusPed	2.494792	76	0
#SusPed	5.949219	0	0
#SusPed	5.954427	93	0
#SusPed	6.869792	0	0
#SusPed	6.884115	67	0
#SusPed	7.139323	0	0
#SusPed	7.145833	81	0
#SofPed	7.289062	71	0
#SusPed	8.348958	0	0
#SusPed	8.354167	95	0
#SusPed	8.869792	0	0
#SusPed	8.880208	68	0
#SusPed	11.029948	0	0
#SusPed	11.035156	74	0
#SusPed	11.299479	0	0
#SusPed	11.309896	88	0
#SusPed	12.188802	0	0
#SusPed	12.204427	104	0
#SusPed	12.579427	0	0
#SusPed	12.589844	60	0
#SusPed	12.688802	0	0
#SusPed	12.700521	101	0
#SusPed	13.139323	0	0
#SusPed	13.152344	69	0
#SofPed	13.289062	0	0
#SusPed	13.299479	0	0
#SusPed	13.307292	81	0
#SofPed	13.372396	49	0
#SusPed	13.779948	0	0
#SusPed	13.792969	87	0
#SofPed	13.799479	0	0
#SofPed	13.809896	50	0
#SusPed	14.019531	0	0
#SusPed	14.024740	82	0
#SofPed	14.079427	0	0
#SofPed	14.093750	52	0
#SusPed	14.709635	0	0
#SusPed	14.723958	71	0
#SusPed	15.109375	0	0
#SusPed	15.123698	81	0
#SofPed	15.979167	0	0
#SofPed	15.993490	66	0
#SofPed	16.359375	0	0
#SofPed	16.368490	92	0
#SusPed	16.688802	0	0
#SusPed	16.696615	62	0
#SusPed	16.839844	0	0
#SusPed	16.852865	70	0
#SusPed	21.339844	0	0
#SusPed	21.352865	74	0
#SusPed	21.509115	0	0
#SusPed	21.523438	92	0
#SusPed	21.658854	0	0
#SusPed	21.664062	98	0
#SusPed	22.279948	0	0
#SusPed	22.290365	101	0
#SofPed	22.369792	0	0
#SusPed	22.759115	0	0
#SusPed	22.773438	66	0
#SusPed	23.250000	0	0
#SusPed	23.263021	60	0
#SusPed	23.399740	0	0
#SusPed	23.404948	67	0
#SusPed	26.509115	0	0
#SusPed	26.514323	65	0
#SusPed	26.750000	0	0
#SusPed	26.755208	76	0
#SusPed	27.639323	0	0
#SusPed	27.652344	86	0
#SusPed	27.799479	0	0
#SusPed	27.811198	68	0
#SusPed	29.669271	0	0
#SusPed	29.677083	83	0
#SusPed	29.869792	0	0
#SusPed	29.875000	82	0
#SusPed	31.299479	0	0
#SusPed	31.305990	91	0
#SusPed	31.408854	0	0
#SusPed	31.417969	92	0
#SusPed	32.779948	0	0
#SusPed	32.794271	91	0
#SusPed	33.000000	0	0
#SusPed	33.005208	94	0
#SusPed	34.239583	0	0
#SusPed	34.247396	81	0
#SusPed	36.158854	0	0
#SusPed	36.165365	73	0
#SusPed	36.289062	0	0
#SusPed	36.302083	85	0
#SofPed	36.808594	61	0
#SofPed	36.899740	0	0
#SofPed	36.911458	49	0
#SofPed	37.329427	0	0
#SofPed	37.339844	45	0
#SofPed	37.869792	0	0
#SusPed	39.009115	0	0
#SusPed	39.015625	77	0
#SusPed	39.209635	0	0
#SusPed	39.214844	74	0
#SofPed	39.627604	66	0
#SofPed	39.968750	0	0
#SofPed	39.983073	50	0
#SofPed	40.059896	0	0
#SofPed	40.074219	50	0
#SofPed	40.209635	0	0
#SofPed	40.220052	46	0
#SofPed	40.539062	0	0
#SofPed	40.549479	47	0
#SofPed	40.639323	0	0
#SofPed	40.653646	52	0
#SusPed	40.889323	0	0
#SusPed	40.897135	71	0
#SofPed	40.919271	0	0
#SofPed	40.924479	64	0
#SusPed	41.000000	0	0
#SusPed	41.005208	77	0
#SofPed	41.019531	0	0
#SofPed	41.026042	61	0
#SofPed	41.408854	0	0
#SofPed	41.417969	58	0
#SusPed	41.419271	0	0
#SusPed	41.424479	73	0
#SofPed	41.658854	0	0
#SofPed	41.670573	55	0
#SofPed	41.938802	0	0
#SofPed	41.944010	69	0
#SofPed	42.019531	0	0
#SofPed	42.033854	64	0
#SofPed	42.128906	0	0
#SofPed	42.141927	78	0
#SusPed	42.269531	0	0
#SusPed	42.283854	97	0
#SofPed	42.519531	0	0
#SofPed	42.527344	66	0
#SofPed	42.639323	0	0
#SofPed	42.644531	63	0
#SusPed	42.829427	0	0
#SusPed	42.838542	82	0
#SusPed	42.949219	0	0
#SusPed	42.954427	78	0
#SofPed	43.029948	0	0
#SofPed	43.040365	68	0
#SofPed	43.250000	0	0
#SofPed	43.261719	66	0
#SusPed	43.299479	0	0
#SusPed	43.311198	91	0
#SusPed	43.378906	0	0
#SusPed	43.384115	74	0
#SofPed	43.489583	0	0
#SofPed	43.502604	71	0
#SofPed	43.628906	0	0
#SofPed	43.640625	62	0
#SofPed	43.759115	0	0
#SofPed	43.768229	55	0
#SofPed	44.158854	0	0
#SofPed	44.167969	47	0
#SusPed	44.199219	0	0
#SusPed	44.205729	88	0
#SofPed	44.218750	0	0
#SofPed	44.230469	45	0
#SusPed	44.329427	0	0
#SofPed	44.329427	0	0
#SusPed	44.339844	83	0
#SofPed	44.342448	37	0
#SusPed	44.500000	0	0
#SusPed	44.509115	89	0
#SofPed	44.519531	0	0
#SofPed	44.529948	48	0
#SusPed	44.609375	0	0
#SusPed	44.617188	78	0
#SusPed	44.848958	0	0
#SusPed	44.854167	94	0
#SusPed	45.188802	0	0
#SusPed	45.204427	86	0
#SusPed	45.509115	0	0
#SusPed	45.520833	98	0
#SusPed	45.869792	0	0
#SusPed	45.884115	83	0
#SusPed	46.049479	0	0
#SusPed	46.055990	63	0
#SusPed	46.289062	0	0
#SusPed	46.303385	70	0
#SusPed	46.489583	0	0
#SusPed	46.503906	70	0
#SusPed	46.739583	0	0
#SusPed	46.753906	72	0
#SusPed	46.799479	0	0
#SusPed	46.811198	72	0
#SusPed	47.158854	0	0
#SusPed	47.171875	64	0
#SofPed	47.500000	0	0
#SusPed	47.549479	0	0
#SusPed	47.562500	57	0
#SusPed	47.789062	0	0
#SusPed	47.796875	59	0
#SusPed	47.929688	0	0
#SusPed	47.934896	56	0
#SusPed	47.989583	0	0
#SusPed	48.002604	54	0
#SusPed	48.289062	0	0
#SusPed	48.296875	59	0
#SusPed	48.348958	0	0
#SusPed	48.364583	62	0
#SusPed	48.419271	0	0
#SusPed	48.428385	64	0
#SusPed	48.699219	0	0
#SusPed	48.712240	71	0
#SusPed	49.098958	0	0
#SusPed	49.108073	72	0
#SusPed	49.309896	0	0
#SusPed	49.319010	61	0
#SusPed	49.529948	0	0
#SusPed	49.535156	67	0
#SusPed	49.829427	0	0
#SusPed	49.841146	60	0
#SusPed	50.009115	0	0
#SusPed	50.015625	65	0
#SusPed	50.089844	0	0
#SusPed	50.095052	67	0
#SusPed	50.459635	0	0
#SusPed	50.471354	69	0
#SusPed	50.509115	0	0
#SusPed	50.519531	66	0
#SusPed	50.819010	0	0
#SusPed	50.832031	66	0
#SusPed	50.989583	0	0
#SusPed	50.996094	72	0
#SusPed	51.389323	0	0
#SusPed	51.403646	74	0
#SusPed	51.658854	0	0
#SusPed	51.674479	69	0
#SusPed	51.779948	0	0
#SusPed	51.794271	63	0
#SusPed	51.889323	0	0
#SusPed	51.895833	65	0
#SusPed	52.218750	0	0
#SusPed	52.234375	63	0
#SusPed	52.489583	0	0
#SusPed	52.502604	59	0
#SusPed	52.619792	0	0
#SusPed	52.625000	58	0
#SusPed	52.750000	0	0
#SusPed	52.756510	61	0
#SusPed	52.829427	0	0
#SusPed	52.839844	60	0
#SusPed	52.899740	0	0
#SusPed	52.904948	56	0
#SusPed	53.049479	0	0
#SusPed	53.062500	50	0
#SusPed	53.179688	0	0
#SusPed	53.186198	52	0
#SusPed	53.279948	0	0
#SusPed	53.292969	50	0
#SusPed	54.009115	0	0
#SusPed	54.023438	76	0
#SusPed	54.449219	0	0
#SusPed	54.462240	68	0
#SusPed	54.789062	0	0
#SusPed	54.803385	61	0
#SusPed	54.889323	0	0
#SusPed	54.898438	64	0
#SusPed	55.019531	0	0
#SusPed	55.028646	65	0
#SusPed	55.179688	0	0
#SusPed	55.184896	65	0
#SusPed	55.239583	0	0
#SusPed	55.248698	64	0
#SusPed	55.539062	0	0
#SusPed	55.550781	67	0
#SusPed	56.079427	0	0
#SusPed	56.093750	64	0
#SusPed	56.209635	0	0
#SusPed	56.216146	69	0
#SusPed	56.598958	0	0
#SusPed	56.610677	59	0
#SusPed	56.789062	0	0
#SusPed	56.802083	73	0
#SofPed	56.854167	50	0
#SofPed	56.979167	0	0
#SofPed	56.985677	56	0
#SofPed	57.059896	0	0
#SofPed	57.065104	53	0
#SofPed	57.199219	0	0
#SofPed	57.208333	56	0
#SofPed	57.289062	0	0
#SofPed	57.302083	56	0
#SofPed	57.500000	0	0
#SofPed	57.505208	58	0
#SofPed	57.589844	0	0
#SofPed	57.601562	60	0
#SusPed	57.679688	0	0
#SusPed	57.691406	59	0
#SofPed	57.699219	0	0
#SofPed	57.705729	77	0
#SofPed	57.809896	0	0
#SofPed	57.821615	88	0
#SusPed	58.039062	0	0
#SusPed	58.053385	58	0
#SusPed	58.149740	0	0
#SusPed	58.154948	59	0
#SusPed	58.259115	0	0
#SusPed	58.266927	63	0
#SusPed	58.479167	0	0
#SusPed	58.492188	61	0
#SusPed	58.559896	0	0
#SusPed	58.565104	62	0
#SusPed	58.598958	0	0
#SusPed	58.606771	62	0
#SusPed	58.679688	0	0
#SusPed	58.687500	60	0
#SusPed	58.878906	0	0
#SusPed	58.884115	55	0
#SusPed	59.119792	0	0
#SusPed	59.134115	53	0
#SusPed	59.449219	0	0
#SusPed	59.462240	73	0
#SusPed	59.539062	0	0
#SusPed	59.552083	78	0
#SusPed	59.669271	0	0
#SusPed	59.682292	78	0
#SofPed	59.889323	0	0
#SofPed	59.902344	90	0
#SusPed	59.989583	0	0
#SusPed	59.994792	84	0
#SofPed	60.098958	0	0
#SofPed	60.109375	66	0
#SusPed	60.209635	0	0
#SusPed	60.216146	59	0
#SofPed	60.218750	0	0
#SofPed	60.233073	68	0
#SofPed	60.269531	0	0
#SofPed	60.277344	66	0
#SusPed	60.459635	0	0
#SusPed	60.467448	77	0
#SofPed	60.519531	0	0
#SofPed	60.533854	53	0
#SofPed	60.619792	0	0
#SofPed	60.626302	54	0
#SofPed	60.779948	0	0
#SofPed	60.785156	55	0
#SofPed	60.938802	0	0
#SofPed	60.945312	54	0
#SusPed	61.079427	0	0
#SusPed	61.091146	78	0
#SusPed	61.229167	0	0
#SusPed	61.235677	70	0
#SofPed	61.339844	0	0
#SusPed	61.579427	0	0
#SusPed	61.593750	100	0
#SusPed	61.949219	0	0
#SusPed	61.954427	75	0
#SusPed	62.098958	0	0
#SusPed	62.105469	93	0
#SusPed	62.959635	0	0
#SusPed	62.970052	66	0
#SusPed	63.049479	0	0
#SusPed	63.057292	92	0
#SusPed	63.859375	0	0
#SusPed	63.868490	56	0
#SusPed	63.968750	0	0
#SusPed	63.976562	83	0
#SusPed	64.739583	0	0
#SusPed	64.747396	90	0
#SusPed	64.869792	0	0
#SusPed	64.884115	92	0
#SusPed	65.229167	0	0
#SusPed	65.243490	88	0
#SusPed	65.658854	0	0
#SusPed	65.671875	85	0
#SusPed	65.779948	0	0
#SusPed	65.783854	96	0
#SusPed	66.279948	0	0
#SusPed	66.290365	82	0
#SusPed	66.359375	0	0
#SusPed	66.367188	61	0
#SusPed	67.209635	0	0
#SusPed	67.222656	82	0
#SusPed	67.309896	0	0
#SusPed	67.315104	83	0
#SusPed	67.718750	0	0
#SusPed	67.731771	75	0
#SusPed	67.809896	0	0
#SusPed	68.343750	82	0
#SusPed	70.089844	0	0
#SusPed	70.104167	81	0
#SusPed	70.279948	0	0
#SusPed	70.285156	90	0
#SusPed	71.269531	0	0
#SusPed	71.282552	72	0
#SusPed	72.339844	0	0
#SusPed	72.351562	85	0
#SusPed	72.559896	0	0
#SusPed	72.565104	65	0
#SusPed	74.348958	0	0
#SusPed	74.364583	83	0
#SusPed	74.479167	0	0
#SusPed	74.486979	82	0
#SusPed	74.739583	0	0
#SusPed	74.753906	64	0
#SusPed	75.049479	0	0
#SusPed	75.062500	59	0
#SusPed	75.319010	0	0
#SusPed	75.324219	54	0
#SusPed	75.739583	0	0
#SusPed	75.747396	67	0
#SusPed	75.959635	0	0
#SusPed	75.972656	59	0
#SofPed	76.147135	73	0
#SusPed	76.188802	0	0
#SusPed	76.195312	65	0
#SofPed	76.199219	0	0
#SofPed	76.204427	71	0
#SofPed	76.239583	0	0
#SofPed	76.252604	73	0
#SusPed	76.279948	0	0
#SusPed	76.285156	65	0
#SusPed	76.539062	0	0
#SusPed	76.546875	60	0
#SusPed	76.839844	0	0
#SusPed	76.845052	68	0
#SusPed	77.019531	0	0
#SusPed	77.024740	58	0
#SusPed	77.169271	0	0
#SusPed	77.183594	68	0
#SusPed	77.569010	0	0
#SusPed	77.580729	64	0
#SusPed	77.869792	0	0
#SusPed	77.881510	57	0
#SusPed	77.989583	0	0
#SusPed	78.000000	58	0
#SusPed	78.188802	0	0
#SusPed	78.201823	57	0
#SusPed	78.419271	0	0
#SusPed	78.424479	59	0
#SusPed	78.750000	0	0
#SusPed	78.761719	58	0
#SusPed	79.549479	0	0
#SusPed	79.555990	63	0
#SusPed	79.739583	0	0
#SusPed	79.746094	66	0
#SusPed	80.000000	0	0
#SusPed	80.007812	60	0
#SusPed	80.579427	0	0
#SusPed	80.591146	55	0
#SusPed	81.000000	0	0
#SusPed	81.010417	69	0
#SusPed	81.408854	0	0
#SusPed	81.417969	70	0
#SusPed	81.609375	0	0
#SusPed	81.615885	77	0
#SusPed	81.848958	0	0
#SusPed	81.863281	77	0
#SofPed	82.039062	0	0
#SofPed	82.048177	66	0
#SusPed	82.179688	0	0
#SusPed	82.192708	84	0
#SofPed	82.348958	0	0
#SusPed	82.519531	0	0
#SusPed	82.533854	74	0
#SusPed	82.739583	0	0
#SusPed	82.747396	82	0
#SusPed	83.959635	0	0
#SusPed	83.967448	94	0
#SusPed	84.259115	0	0
#SusPed	84.274740	91	0
#SusPed	85.250000	0	0
#SusPed	85.259115	67	0
#SusPed	85.688802	0	0
#SusPed	85.703125	83	0
#SusPed	85.789062	0	0
#SusPed	85.802083	92	0
#SusPed	86.429688	0	0
#SusPed	86.444010	79	0
#SusPed	86.628906	0	0
#SusPed	86.634115	83	0
#SofPed	86.743490	72	0
#SusPed	87.188802	0	0
#SusPed	87.203125	79	0
#SusPed	87.319010	0	0
#SusPed	87.330729	76	0
#SusPed	88.889323	0	0
#SusPed	88.903646	108	0
#SusPed	89.029948	0	0
#SusPed	89.035156	68	0
#SusPed	90.069010	0	0
#SusPed	90.084635	77	0
#SusPed	90.589844	0	0
#SusPed	90.601562	77	0
#SusPed	91.139323	0	0
#SusPed	91.151042	90	0
#SofPed	91.269531	0	0
#SusPed	92.098958	0	0
#SusPed	92.108073	89	0
#SusPed	93.169271	0	0
#SusPed	93.180990	81	0
#SusPed	93.299479	0	0
#SusPed	93.311198	104	0
#SusPed	95.579427	0	0
#SusPed	95.585938	86	0
#SusPed	96.549479	0	0
#SusPed	96.559896	85	0
#SusPed	96.709635	0	0
#SusPed	96.714844	92	0
#SusPed	97.049479	0	0
#SusPed	97.062500	78	0
#SusPed	97.319010	0	0
#SusPed	97.330729	70	0
#SusPed	97.628906	0	0
#SusPed	97.644531	91	0
#SusPed	97.779948	0	0
#SusPed	97.789062	53	0
#SusPed	97.968750	0	0
#SusPed	97.980469	71	0
#SusPed	98.179688	0	0
#SusPed	98.188802	79	0
#SusPed	98.309896	0	0
#SusPed	98.320312	103	0
#SusPed	98.489583	0	0
#SusPed	98.502604	77	0
#SusPed	98.609375	0	0
#SusPed	98.618490	101	0
#SusPed	98.859375	0	0
#SusPed	98.872396	91	0
#SusPed	99.139323	0	0
#SusPed	99.145833	104	0
#SusPed	99.389323	0	0
#SusPed	99.402344	103	0
#SusPed	99.579427	0	0
#SusPed	99.587240	65	0
#SusPed	99.819010	0	0
#SusPed	99.833333	90	0
#SusPed	99.989583	0	0
#SusPed	100.002604	113	0
#SusPed	100.289062	0	0
#SusPed	100.295573	100	0
#SusPed	100.459635	0	0
#SusPed	100.473958	80	0
#SusPed	100.598958	0	0
#SusPed	100.605469	99	0
#SusPed	100.839844	0	0
#SusPed	100.847656	86	0
#SusPed	101.128906	0	0
#SusPed	101.143229	77	0
#SusPed	101.279948	0	0
#SusPed	101.292969	98	0
#SusPed	101.769531	0	0
#SusPed	101.776042	70	0
#SusPed	101.889323	0	0
#SusPed	101.898438	112	0
#SusPed	102.089844	0	0
#SusPed	102.102865	94	0
#SusPed	102.319010	0	0
#SusPed	102.326823	99	0
#SusPed	102.459635	0	0
#SusPed	102.464844	75	0
#SusPed	102.699219	0	0
#SusPed	102.712240	70	0
#SusPed	102.819010	0	0
#SusPed	102.833333	100	0
#SusPed	103.029948	0	0
#SusPed	103.044271	89	0
#SusPed	103.209635	0	0
#SusPed	103.216146	113	0
#SusPed	103.408854	0	0
#SusPed	103.419271	99	0
#SusPed	103.449219	0	0
#SusPed	103.459635	97	0
#SusPed	103.679688	0	0
#SusPed	103.694010	85	0
#SusPed	103.799479	0	0
#SusPed	103.805990	94	0
#SusPed	104.069010	0	0
#SusPed	104.075521	67	0
#SusPed	104.359375	0	0
#SusPed	104.372396	68	0
#SusPed	104.489583	0	0
#SusPed	104.502604	93	0
#SusPed	104.878906	0	0
#SusPed	104.891927	72	0
#SusPed	105.079427	0	0
#SusPed	105.088542	92	0
#SusPed	105.529948	0	0
#SusPed	105.536458	89	0
#SusPed	106.069010	0	0
#SusPed	106.083333	101	0
#SusPed	106.309896	0	0
#SusPed	106.316406	70	0
#SusPed	106.709635	0	0
#SusPed	106.723958	59	0
#SusPed	107.119792	0	0
#SusPed	107.134115	93	0
#SofPed	107.902344	45	0
#SusPed	108.269531	0	0
#SusPed	108.283854	67	0
#SusPed	108.799479	0	0
#SusPed	108.813802	81	0
#SofPed	109.139323	0	0
#SofPed	109.144531	84	0
#SusPed	109.188802	0	0
#SofPed	109.199219	0	0
#SusPed	109.201823	77	0
#SofPed	109.214844	85	0
#SofPed	109.389323	0	0
#SofPed	109.402344	85	0
#SusPed	109.419271	0	0
#SusPed	109.424479	72	0
#SofPed	109.709635	0	0
#SofPed	109.722656	60	0
#SusPed	109.759115	0	0
#SusPed	109.774740	71	0
#SofPed	110.000000	0	0
#SofPed	110.006510	76	0
#SusPed	110.039062	0	0
#SusPed	110.048177	79	0
#SusPed	110.389323	0	0
#SusPed	110.402344	73	0
#SusPed	110.589844	0	0
#SusPed	110.601562	83	0
#SofPed	110.688802	0	0
#SofPed	110.701823	68	0
#SofPed	110.799479	0	0
#SofPed	110.807292	55	0
#SusPed	111.679688	0	0
#SusPed	111.694010	81	0
#SusPed	112.119792	0	0
#SusPed	112.134115	76	0
#SofPed	113.399740	0	0
#SofPed	113.414062	31	0
#SusPed	113.449219	0	0
#SusPed	113.458333	82	0
#SofPed	113.500000	0	0
#SofPed	113.514323	36	0
#SofPed	113.569010	0	0
#SofPed	113.575521	35	0
#SusPed	113.809896	0	0
#SusPed	113.822917	95	0
#SofPed	113.949219	0	0
#SofPed	113.955729	28	0
#SofPed	114.039062	0	0
#SofPed	114.049479	29	0
#SusPed	114.098958	0	0
#SusPed	114.106771	65	0
#SofPed	114.188802	0	0
#SofPed	114.195312	23	0
#SusPed	114.229167	0	0
#SusPed	114.238281	81	0
#SofPed	114.319010	0	0
#SofPed	114.326823	20	0
#SofPed	114.848958	0	0
#SofPed	114.859375	35	0
#SusPed	114.979167	0	0
#SusPed	114.985677	82	0
#SofPed	114.989583	0	0
#SofPed	114.997396	45	0
#SusPed	115.049479	0	0
#SusPed	115.055990	82	0
#SofPed	115.109375	0	0
#SofPed	115.121094	50	0
#SofPed	115.250000	0	0
#SofPed	115.255208	47	0
#SofPed	115.348958	0	0
#SofPed	115.364583	47	0
#SusPed	115.438802	0	0
#SusPed	115.445312	60	0
#SofPed	115.589844	0	0
#SofPed	115.601562	73	0
#SusPed	115.679688	0	0
#SusPed	115.691406	48	0
#SusPed	115.889323	0	0
#SusPed	115.903646	42	0
#SusPed	116.128906	0	0
#SusPed	116.139323	57	0
#SusPed	116.419271	0	0
#SusPed	116.434896	77	0
#SusPed	116.799479	0	0
#SusPed	116.804688	66	0
#SofPed	116.839844	0	0
#SofPed	116.846354	88	0
#SusPed	117.449219	0	0
#SusPed	117.455729	86	0
#SusPed	117.919271	0	0
#SusPed	117.929688	63	0
#SusPed	118.009115	0	0
#SusPed	118.015625	66	0
#SusPed	118.848958	0	0
#SusPed	118.855469	74	0
#SusPed	119.049479	0	0
#SusPed	119.061198	72	0
#SusPed	119.429688	0	0
#SusPed	119.436198	67	0
#SusPed	119.729167	0	0
#SusPed	119.736979	57	0
#SusPed	119.929688	0	0
#SusPed	119.942708	60	0
#SusPed	120.239583	0	0
#SusPed	120.246094	58	0
#SusPed	120.839844	0	0
#SusPed	120.847656	60	0
#SusPed	120.938802	0	0
#SusPed	120.950521	62	0
#SusPed	121.158854	0	0
#SusPed	121.167969	65	0
#SusPed	121.359375	0	0
#SusPed	121.371094	76	0
#SusPed	121.438802	0	0
#SusPed	121.445312	77	0
#SusPed	121.699219	0	0
#SusPed	121.707031	66	0
#SusPed	121.989583	0	0
#SusPed	121.997396	55	0
#SusPed	122.269531	0	0
#SusPed	122.276042	55	0
#SusPed	122.549479	0	0
#SusPed	122.559896	56	0
#SofPed	122.848958	0	0
#SusPed	123.059896	0	0
#SusPed	123.072917	56	0
#SusPed	123.559896	0	0
#SusPed	123.565104	62	0
#SusPed	123.848958	0	0
#SusPed	123.864583	64	0
#SusPed	123.908854	0	0
#SusPed	123.920573	67	0
#SusPed	124.709635	0	0
#SusPed	124.721354	61	0
#SusPed	125.009115	0	0
#SusPed	125.015625	60	0
#SusPed	125.408854	0	0
#SusPed	125.419271	69	0
#SofPed	125.779948	90	0
#SusPed	125.949219	0	0
#SusPed	125.958333	67	0
#SusPed	126.199219	0	0
#SofPed	126.199219	0	0
#SofPed	126.205729	74	0
#SusPed	126.208333	65	0
#SofPed	126.279948	0	0
#SofPed	126.294271	78	0
#SofPed	126.429688	0	0
#SofPed	126.444010	78	0
#SusPed	126.569010	0	0
#SusPed	126.583333	69	0
#SofPed	126.589844	0	0
#SofPed	126.595052	77	0
#SusPed	126.829427	0	0
#SusPed	126.834635	49	0
#SofPed	126.959635	0	0
#SofPed	126.970052	73	0
#SofPed	127.079427	0	0
#SofPed	127.085938	66	0
#SofPed	127.179688	0	0
#SofPed	127.188802	57	0
#SusPed	127.309896	0	0
#SusPed	127.319010	63	0
#SofPed	127.329427	0	0
#SofPed	127.335938	48	0
#SofPed	127.529948	0	0
#SofPed	127.539062	46	0
#SusPed	127.549479	0	0
#SusPed	127.558594	69	0
#SofPed	127.598958	0	0
#SusPed	127.609375	0	0
#SofPed	127.611979	52	0
#SusPed	127.614583	69	0
#SofPed	127.769531	0	0
#SofPed	127.776042	46	0
#SofPed	127.878906	0	0
#SofPed	127.894531	49	0
#SofPed	127.968750	0	0
#SofPed	127.981771	50	0
#SusPed	128.069010	0	0
#SusPed	128.083333	62	0
#SofPed	128.139323	0	0
#SofPed	128.152344	44	0
#SusPed	128.229167	0	0
#SofPed	128.229167	0	0
#SusPed	128.242188	66	0
#SofPed	128.243490	40	0
#SofPed	128.419271	0	0
#SofPed	128.427083	31	0
#SofPed	128.829427	0	0
#SofPed	128.843750	33	0
#SusPed	128.889323	0	0
#SusPed	128.895833	84	0
#SusPed	129.098958	0	0
#SusPed	129.110677	74	0
#SusPed	129.319010	0	0
#SusPed	129.329427	71	0
#SusPed	129.929688	0	0
#SusPed	129.944010	69	0
#SusPed	130.239583	0	0
#SusPed	130.246094	73	0
#SusPed	131.128906	0	0
#SusPed	131.138021	69	0
#SusPed	131.259115	0	0
#SusPed	131.265625	62	0
#SofPed	131.779948	0	0
#SofPed	131.792969	42	0
#SofPed	131.839844	0	0
#SofPed	131.847656	46	0
#SofPed	132.239583	0	0
#SofPed	132.248698	62	0
#SofPed	132.309896	0	0
#SofPed	132.324219	59	0
#SofPed	133.468750	0	0
#SofPed	133.476562	76	0
#SofPed	133.598958	0	0
#SofPed	133.604167	83	0
#SofPed	133.639323	0	0
#SofPed	133.649740	83	0
#SusPed	134.819010	0	0
#SusPed	134.830729	64	0
#SusPed	135.229167	0	0
#SusPed	135.243490	76	0
#SusPed	136.119792	0	0
#SusPed	136.134115	88	0
#SusPed	136.339844	0	0
#SusPed	136.354167	76	0
#SofPed	137.500000	0	0
#SusPed	139.250000	0	0
#SusPed	139.253906	83	0
#SusPed	142.519531	0	0
#SusPed	142.532552	42	0
#SusPed	142.649740	0	0
#SusPed	142.654948	84	0
#SusPed	145.399740	0	0
#SusPed	145.407552	82	0
#SusPed	145.579427	0	0
#SusPed	145.587240	100	0
#SusPed	147.289062	0	0
#SusPed	147.295573	97	0
#SusPed	148.169271	0	0
#SusPed	148.179688	93	0
#SusPed	148.329427	0	0
#SusPed	148.343750	84	0
#SusPed	149.229167	0	0
#SusPed	149.243490	66	0
#SusPed	149.329427	0	0
#SusPed	149.341146	89	0
#SusPed	150.799479	0	0
#SusPed	150.812500	79	0
#SusPed	150.979167	0	0
#SusPed	150.993490	63	0
#SusPed	151.218750	0	0
#SusPed	151.225260	72	0
#SusPed	151.759115	0	0
#SusPed	151.773438	69	0
#SusPed	151.908854	0	0
#SusPed	151.920573	66	0
#SofPed	152.190104	58	0
#SusPed	152.359375	0	0
#SofPed	152.359375	0	0
#SusPed	152.364583	72	0
#SofPed	152.373698	60	0
#SofPed	152.549479	0	0
#SusPed	152.559896	0	0
#SofPed	152.563802	65	0
#SusPed	152.566406	69	0
#SofPed	152.649740	0	0
#SofPed	152.661458	63	0
#SusPed	152.839844	0	0
#SofPed	152.839844	0	0
#SusPed	152.847656	87	0
#SofPed	152.850260	61	0
#SofPed	153.000000	0	0
#SusPed	153.069010	0	0
#SusPed	153.076823	85	0
#SusPed	153.539062	0	0
#SusPed	153.545573	94	0
#SusPed	153.750000	0	0
#SusPed	153.755208	62	0
#SusPed	154.000000	0	0
#SusPed	154.006510	71	0
#SusPed	154.218750	0	0
#SusPed	154.226562	83	0
#SusPed	154.619792	0	0
#SusPed	154.626302	75	0
#SusPed	154.789062	0	0
#SusPed	154.802083	53	0
#SusPed	155.059896	0	0
#SusPed	155.071615	53	0
#SusPed	155.149740	0	0
#SusPed	155.160156	54	0
#SusPed	155.309896	0	0
#SusPed	155.321615	52	0
#SusPed	155.718750	0	0
#SusPed	155.727865	67	0
#SusPed	156.289062	0	0
#SusPed	156.295573	70	0
#SusPed	156.569010	0	0
#SusPed	156.575521	58	0
#SusPed	157.229167	0	0
#SusPed	157.236979	69	0
#SusPed	157.750000	0	0
#SusPed	157.763021	65	0
#SusPed	157.949219	0	0
#SusPed	157.958333	64	0
#SusPed	158.438802	0	0
#SusPed	158.446615	55	0
#SusPed	159.218750	0	0
#SusPed	159.234375	64	0
#SusPed	159.559896	0	0
#SusPed	159.572917	67	0
#SusPed	159.658854	0	0
#SusPed	159.666667	68	0
#SusPed	160.029948	0	0
#SusPed	160.044271	72	0
#SusPed	160.449219	0	0
#SusPed	160.462240	54	0
#SusPed	160.859375	0	0
#SusPed	160.873698	65	0
#SusPed	160.959635	0	0
#SusPed	160.966146	65	0
#SusPed	161.169271	0	0
#SusPed	161.183594	65	0
#SusPed	161.348958	0	0
#SusPed	161.356771	62	0
#SusPed	161.769531	0	0
#SusPed	161.774740	53	0
#SusPed	161.938802	0	0
#SusPed	161.946615	66	0
#SusPed	162.289062	0	0
#SusPed	162.296875	59	0
#SusPed	162.549479	0	0
#SusPed	162.563802	65	0
#SusPed	162.609375	0	0
#SusPed	162.618490	71	0
#SusPed	162.938802	0	0
#SusPed	162.950521	56	0
#SusPed	163.289062	0	0
#SusPed	163.294271	59	0
#SusPed	163.429688	0	0
#SusPed	163.442708	69	0
#SusPed	163.739583	0	0
#SusPed	163.744792	54	0
#SofPed	163.746094	67	0
#SusPed	163.848958	0	0
#SusPed	163.863281	68	0
#SofPed	163.878906	0	0
#SofPed	163.891927	60	0
#SusPed	164.259115	0	0
#SusPed	164.264323	62	0
#SusPed	164.609375	0	0
#SusPed	164.615885	71	0
#SusPed	165.179688	0	0
#SusPed	165.194010	77	0
#SusPed	165.399740	0	0
#SusPed	165.404948	69	0
#SusPed	165.500000	0	0
#SusPed	165.513021	76	0
#SusPed	166.119792	0	0
#SusPed	166.128906	72	0
#SofPed	166.158854	0	0
#SofPed	166.285156	56	0
#SofPed	166.299479	0	0
#SusPed	167.109375	0	0
#SusPed	167.122396	60	0
#SusPed	167.429688	0	0
#SusPed	167.442708	77	0
#SusPed	167.479167	0	0
#SusPed	167.488281	81	0
#SusPed	167.968750	0	0
#SusPed	167.977865	74	0
#SusPed	168.309896	0	0
#SusPed	168.315104	75	0
#SusPed	168.989583	0	0
#SusPed	168.996094	62	0
#SusPed	169.179688	0	0
#SusPed	169.191406	74	0
#SusPed	169.519531	0	0
#SusPed	169.527344	70	0
#SusPed	169.669271	0	0
#SusPed	169.683594	68	0
#SusPed	170.059896	0	0
#SusPed	170.072917	69	0
#SusPed	170.239583	0	0
#SusPed	170.248698	65	0
#SusPed	170.709635	0	0
#SusPed	170.723958	75	0
#SusPed	170.959635	0	0
#SusPed	170.964844	58	0
#SusPed	171.519531	0	0
#SusPed	171.527344	61	0
#SusPed	171.658854	0	0
#SusPed	171.674479	63	0
#SusPed	171.919271	0	0
#SusPed	171.925781	54	0
#SusPed	172.699219	0	0
#SusPed	172.708333	66	0
#SusPed	172.889323	0	0
#SusPed	172.902344	63	0
#SusPed	173.149740	0	0
#SusPed	173.154948	68	0
#SusPed	173.259115	0	0
#SusPed	173.269531	70	0
#SusPed	173.539062	0	0
#SusPed	173.545573	70	0
#SusPed	173.679688	0	0
#SusPed	173.694010	72	0
#SusPed	173.979167	0	0
#SusPed	173.993490	70	0
#SusPed	174.229167	0	0
#SusPed	174.243490	67	0
#SusPed	174.709635	0	0
#SusPed	174.722656	72	0
#SusPed	174.959635	0	0
#SusPed	174.972656	60	0
#SusPed	175.188802	0	0
#SusPed	175.194010	57	0
#SusPed	175.669271	0	0
#SusPed	175.683594	66	0
#SusPed	175.899740	0	0
#SusPed	175.907552	69	0
#SusPed	176.229167	0	0
#SusPed	176.243490	72	0
#SusPed	176.459635	0	0
#SusPed	176.471354	68	0
#SusPed	176.899740	0	0
#SusPed	176.912760	76	0
#SusPed	177.188802	0	0
#SusPed	177.200521	65	0
#SusPed	177.419271	0	0
#SusPed	177.434896	61	0
#SusPed	177.519531	0	0
#SusPed	177.529948	56	0
#SusPed	177.679688	0	0
#SusPed	177.684896	66	0
#SusPed	178.169271	0	0
#SusPed	178.178385	55	0
#SusPed	178.799479	0	0
#SusPed	178.808594	60	0
#SusPed	179.149740	0	0
#SusPed	179.156250	56	0
#SusPed	179.449219	0	0
#SusPed	179.463542	63	0
#SusPed	179.819010	0	0
#SusPed	179.825521	69	0
#SusPed	180.319010	0	0
#SusPed	180.334635	76	0
#SusPed	180.609375	0	0
#SusPed	180.617188	73	0
#SusPed	180.938802	0	0
#SusPed	180.953125	67	0
#SusPed	181.579427	0	0
#SusPed	181.587240	76	0
#SusPed	181.889323	0	0
#SusPed	181.903646	76	0
#SusPed	182.089844	0	0
#SusPed	182.101562	75	0
#SusPed	182.479167	0	0
#SusPed	182.490885	70	0
#SusPed	182.688802	0	0
#SusPed	182.696615	78	0
#SofPed	182.953125	95	0
#SofPed	183.000000	0	0
#SofPed	183.009115	96	0
#SusPed	183.408854	0	0
#SofPed	183.408854	0	0
#SofPed	183.415365	95	0
#SusPed	183.424479	88	0
#SofPed	183.589844	0	0
#SofPed	183.595052	101	0
#SofPed	183.628906	0	0
#SofPed	183.639323	101	0
#SusPed	183.839844	0	0
#SusPed	183.845052	72	0
#SusPed	184.019531	0	0
#SusPed	184.024740	72	0
#SofPed	184.069010	0	0
#SofPed	184.078125	108	0
#SofPed	184.250000	0	0
#SofPed	184.260417	103	0
#SofPed	184.509115	0	0
#SofPed	184.523438	94	0
#SusPed	184.589844	0	0
#SofPed	184.589844	0	0
#SusPed	184.595052	86	0
#SofPed	184.604167	93	0
#SofPed	184.789062	0	0
#SofPed	184.800781	92	0
#SofPed	184.859375	0	0
#SofPed	184.872396	88	0
#SusPed	184.989583	0	0
#SusPed	184.994792	68	0
#SofPed	185.000000	0	0
#SofPed	185.014323	87	0
#SofPed	185.109375	0	0
#SofPed	185.123698	93	0
#SusPed	185.218750	0	0
#SofPed	185.229167	0	0
#SusPed	185.230469	74	0
#SofPed	185.243490	91	0
#SofPed	185.429688	0	0
#SofPed	185.437500	83	0
#SofPed	185.609375	0	0
#SofPed	185.623698	82	0
#SusPed	186.128906	0	0
#SusPed	186.140625	75	0
#SusPed	186.218750	0	0
#SusPed	186.233073	79	0
#SusPed	186.408854	0	0
#SusPed	186.417969	82	0
#SusPed	186.509115	0	0
#SusPed	186.515625	73	0
#SusPed	186.739583	0	0
#SusPed	186.747396	70	0
#SusPed	186.919271	0	0
#SusPed	186.934896	74	0
#SusPed	187.059896	0	0
#SusPed	187.072917	84	0
#SusPed	187.549479	0	0
#SusPed	187.558594	90	0
#SusPed	188.029948	0	0
#SusPed	188.039062	69	0
#SusPed	188.339844	0	0
#SusPed	188.351562	73	0
#SofPed	191.459635	0	0
#SofPed	191.466146	101	0
#SusPed	191.628906	0	0
#SofPed	191.628906	0	0
#SofPed	191.635417	103	0
#SusPed	191.640625	70	0
#SusPed	191.839844	0	0
#SusPed	191.854167	64	0
#SusPed	194.679688	0	0
#SusPed	194.690104	83	0
#SusPed	194.908854	0	0
#SusPed	194.914062	80	0
#SusPed	195.679688	0	0
#SusPed	195.694010	92	0
#SusPed	196.079427	0	0
#SusPed	196.093750	77	0
#SusPed	196.218750	0	0
#SusPed	196.229167	83	0
#SusPed	196.569010	0	0
#SusPed	196.574219	58	0
#SusPed	196.658854	0	0
#SusPed	196.673177	77	0
#SusPed	197.029948	0	0
#SusPed	197.042969	89	0
#SusPed	197.169271	0	0
#SusPed	197.174479	72	0
#SusPed	197.529948	0	0
#SusPed	197.535156	82	0
#SusPed	197.639323	0	0
#SofPed	197.639323	0	0
#SusPed	197.653646	71	0
#SusPed	197.968750	0	0
#SusPed	197.984375	88	0
#SusPed	198.109375	0	0
#SusPed	198.123698	75	0
#SusPed	198.419271	0	0
#SusPed	198.425781	80	0
#SusPed	198.579427	0	0
#SusPed	198.585938	82	0
#SofPed	198.656250	70	0
#SusPed	198.929688	0	0
#SusPed	198.944010	79	0
#SusPed	199.459635	0	0
#SusPed	199.468750	75	0
#SusPed	199.598958	0	0
#SusPed	199.605469	48	0
#SusPed	199.869792	0	0
#SusPed	199.875000	44	0
#SusPed	200.029948	0	0
#SusPed	200.039062	54	0
#SusPed	200.098958	0	0
#SusPed	200.113281	67	0
#SusPed	200.549479	0	0
#SusPed	200.555990	82	0
#SusPed	200.799479	0	0
#SusPed	200.813802	84	0
#SusPed	201.218750	0	0
#SusPed	201.226562	80	0
#SusPed	203.359375	0	0
#SusPed	203.367188	78	0
#SusPed	203.519531	0	0
#SusPed	203.532552	72	0
#SusPed	204.429688	0	0
#SusPed	204.442708	69	0
#SofPed	204.658854	0	0
#SusPed	205.889323	0	0
#SusPed	205.897135	73	0
#SusPed	206.039062	0	0
#SusPed	206.053385	75	0
#SusPed	206.539062	0	0
#SusPed	206.553385	67	0
#SusPed	206.809896	0	0
#SusPed	206.815104	85	0
#SofPed	207.714844	47	0
#SusPed	207.729167	0	0
#SusPed	207.735677	55	0
#SofPed	207.829427	0	0
#SofPed	207.841146	63	0
#SusPed	207.919271	0	0
#SusPed	207.928385	70	0
#SusPed	208.779948	0	0
#SusPed	208.785156	65	0
#SusPed	208.899740	0	0
#SusPed	208.907552	88	0
#SofPed	209.149740	0	0
#SofPed	209.157552	83	0
#SusPed	209.709635	0	0
#SusPed	209.717448	81	0
#SusPed	209.839844	0	0
#SusPed	209.851562	81	0
#SusPed	210.139323	0	0
#SusPed	210.153646	69	0
#SusPed	210.339844	0	0
#SusPed	210.345052	69	0
#SusPed	213.839844	0	0
#SusPed	213.845052	87	0
#SusPed	214.938802	0	0
#SusPed	214.945312	69	0
#SusPed	215.019531	0	0
#SusPed	215.028646	64	0
#SofPed	215.158854	0	0
#SusPed	217.059896	0	0
#SusPed	217.071615	81	0
#SusPed	217.239583	0	0
#SusPed	217.250000	103	0
#SusPed	220.438802	0	0
#SusPed	220.446615	70	0
#SofPed	221.822917	63	0
#SofPed	222.039062	0	0
#SofPed	222.046875	79	0
#SofPed	222.269531	0	0
#SofPed	222.277344	54	0
#SofPed	222.389323	0	0
#SofPed	222.397135	52	0
#SofPed	222.479167	0	0
#SofPed	222.484375	57	0
#SofPed	222.658854	0	0
#SofPed	222.674479	47	0
#SusPed	223.718750	0	0
#SusPed	223.734375	67	0
#SofPed	223.829427	0	0
#SofPed	223.837240	36	0
#SofPed	223.968750	0	0
#SofPed	223.983073	35	0
#SofPed	224.039062	0	0
#SofPed	224.050781	34	0
#SofPed	224.139323	0	0
#SofPed	224.144531	34	0
#SofPed	224.269531	0	0
#SofPed	224.274740	39	0
#SofPed	224.529948	0	0
#SofPed	224.537760	52	0
#SofPed	224.908854	0	0
#SofPed	224.923177	50	0
#SofPed	225.098958	0	0
#SofPed	225.110677	70	0
#SofPed	225.359375	0	0
#SofPed	225.372396	79	0
#SofPed	225.619792	0	0
#SofPed	225.625000	72	0
#SofPed	225.669271	0	0
#SofPed	225.674479	69	0
#SofPed	225.848958	0	0
#SofPed	225.856771	70	0
#SusPed	227.218750	0	0
#SusPed	227.230469	72	0
#SusPed	227.359375	0	0
#SusPed	227.365885	83	0
#SusPed	228.628906	0	0
#SusPed	228.634115	66	0
#SusPed	228.779948	0	0
#SusPed	228.791667	83	0
#SofPed	231.859375	0	0
#SusPed	234.789062	0	0
#SusPed	234.838542	82	0
#SusPed	235.000000	0	0
#SusPed	235.006510	91	0
#SusPed	236.709635	0	0
#SusPed	236.718750	101	0
#SusPed	237.429688	0	0
#SusPed	237.440104	94	0
#SusPed	237.628906	0	0
#SusPed	237.641927	101	0
#SusPed	237.779948	0	0
#SusPed	237.790365	84	0
#SusPed	237.959635	0	0
#SusPed	237.964844	87	0
#SusPed	238.098958	0	0
#SusPed	238.114583	72	0
#SusPed	238.769531	0	0
#SusPed	238.776042	78	0
#SusPed	239.128906	0	0
#SusPed	239.144531	63	0
#SusPed	239.199219	0	0
#SusPed	239.205729	62	0
#SusPed	239.399740	0	0
#SusPed	239.407552	58	0
#SusPed	239.669271	0	0
#SusPed	239.677083	68	0
#SusPed	239.718750	0	0
#SusPed	239.726562	65	0
#SusPed	239.908854	0	0
#SusPed	239.916667	68	0
#SusPed	240.169271	0	0
#SusPed	240.175781	68	0
#SusPed	240.539062	0	0
#SusPed	240.550781	51	0
#SusPed	240.709635	0	0
#SusPed	240.714844	85	0
#SofPed	241.868490	87	0
#SusPed	242.309896	0	0
#SusPed	242.322917	80	0
#SusPed	243.069010	0	0
#SusPed	243.083333	61	0
#SusPed	243.269531	0	0
#SusPed	243.282552	73	0
#SusPed	243.649740	0	0
#SusPed	243.660156	67	0
#SusPed	243.809896	0	0
#SusPed	243.815104	77	0
#SusPed	244.049479	0	0
#SusPed	244.063802	81	0
#SusPed	244.199219	0	0
#SusPed	244.209635	71	0
#SusPed	244.628906	0	0
#SusPed	244.643229	60	0
#SusPed	244.699219	0	0
#SusPed	244.705729	60	0
#SusPed	244.949219	0	0
#SusPed	244.955729	71	0
#SusPed	245.069010	0	0
#SusPed	245.074219	75	0
#SusPed	245.829427	0	0
#SusPed	245.841146	70	0
#SusPed	245.979167	0	0
#SusPed	245.993490	87	0
#SusPed	246.399740	0	0
#SusPed	246.404948	68	0
#SusPed	246.509115	0	0
#SusPed	246.515625	85	0
#SusPed	247.419271	0	0
#SusPed	247.424479	78	0
#SofPed	247.500000	0	0
#SusPed	247.729167	0	0
#SusPed	247.738281	98	0
#SusPed	248.369792	0	0
#SusPed	248.375000	91	0
#SusPed	248.688802	0	0
#SusPed	248.703125	87	0
#SusPed	249.218750	0	0
#SusPed	249.227865	62	0
#SusPed	249.269531	0	0
#SusPed	249.277344	60	0
#SusPed	249.628906	0	0
#SusPed	249.639323	92	0
#SusPed	249.739583	0	0
#SusPed	249.750000	78	0
#SusPed	250.139323	0	0
#SusPed	250.145833	92	0
#SusPed	250.669271	0	0
#SusPed	250.674479	77	0
#SusPed	250.869792	0	0
#SusPed	250.880208	86	0
#SusPed	251.259115	0	0
#SusPed	251.266927	76	0
#SusPed	251.438802	0	0
#SusPed	251.445312	94	0
#SofPed	251.773438	58	0
#SusPed	251.889323	0	0
#SusPed	251.894531	66	0
#SofPed	251.899740	0	0
#SofPed	251.912760	61	0
#SusPed	252.119792	0	0
#SofPed	252.119792	0	0
#SusPed	252.128906	78	0
#SofPed	252.132812	57	0
#SusPed	253.019531	0	0
#SusPed	253.027344	82	0
#SusPed	253.289062	0	0
#SusPed	253.298177	81	0
#SusPed	253.438802	0	0
#SusPed	253.449219	66	0
#SofPed	253.709635	0	0
#SusPed	254.669271	0	0
#SusPed	254.677083	63	0
#SusPed	255.269531	0	0
#SusPed	255.283854	73	0
#SusPed	255.509115	0	0
#SusPed	255.516927	70	0
#SusPed	255.769531	0	0
#SusPed	255.783854	62	0
#SusPed	256.009115	0	0
#SusPed	256.023438	66	0
#SusPed	256.419271	0	0
#SusPed	256.430990	66	0
#SusPed	256.569010	0	0
#SusPed	256.582031	61	0
#SusPed	256.938802	0	0
#SusPed	256.945312	54	0
#SusPed	257.089844	0	0
#SusPed	257.104167	57	0
#SusPed	257.139323	0	0
#SusPed	257.149740	60	0
#SusPed	257.438802	0	0
#SusPed	257.446615	83	0
#SusPed	257.658854	0	0
#SusPed	257.671875	65	0
#SusPed	257.750000	0	0
#SusPed	257.764323	43	0
#SusPed	257.938802	0	0
#SusPed	257.950521	75	0
#SusPed	258.489583	0	0
#SusPed	258.503906	76	0
#SusPed	258.598958	0	0
#SusPed	258.608073	71	0
#SusPed	259.089844	0	0
#SusPed	259.101562	75	0
#SofPed	259.122396	73	0
#SusPed	260.309896	0	0
#SusPed	260.324219	73	0
#SusPed	262.000000	0	0
#SusPed	262.010417	93	0
#SofPed	262.309896	0	0
#SofPed	262.319010	56	0
#SusPed	262.679688	0	0
#SusPed	262.686198	66	0
#SusPed	262.809896	0	0
#SusPed	262.820312	71	0
#SofPed	262.869792	0	0
#SofPed	262.878906	54	0
#SofPed	263.149740	0	0
#SofPed	263.156250	36	0
#SofPed	263.199219	0	0
#SofPed	263.204427	37	0
#SusPed	263.979167	0	0
#SusPed	263.986979	92	0
#SusPed	264.128906	0	0
#SusPed	264.135417	77	0
#SofPed	264.468750	0	0
#SofPed	264.475260	44	0
#SusPed	264.938802	0	0
#SusPed	264.953125	67	0
#SusPed	265.119792	0	0
#SusPed	265.132812	64	0
#SofPed	265.419271	0	0
#SofPed	265.433594	102	0
#SofPed	266.139323	0	0
#SofPed	266.145833	64	0
#SofPed	266.419271	0	0
#SofPed	266.429688	56	0
#SofPed	266.489583	0	0
#SofPed	266.496094	53	0
#SofPed	266.809896	0	0
#SofPed	266.821615	68	0
#SofPed	266.908854	0	0
#SofPed	266.917969	73	0
#SofPed	267.039062	0	0
#SofPed	267.045573	77	0
#SusPed	267.059896	0	0
#SusPed	267.065104	91	0
#SofPed	267.479167	0	0
#SofPed	267.484375	49	0
#SusPed	267.589844	0	0
#SusPed	267.597656	61	0
#SusPed	267.799479	0	0
#SusPed	267.813802	55	0
#SusPed	268.408854	0	0
#SusPed	268.415365	59	0
#SofPed	268.529948	0	0
#SofPed	268.542969	70	0
#SofPed	268.609375	0	0
#SofPed	268.621094	67	0
#SofPed	268.699219	0	0
#SofPed	268.710938	62	0
#SofPed	268.839844	0	0
#SofPed	268.846354	59	0
#SofPed	268.919271	0	0
#SofPed	268.924479	62	0
#SusPed	268.929688	0	0
#SusPed	268.944010	65	0
#SofPed	269.039062	0	0
#SofPed	269.045573	52	0
#SofPed	269.649740	0	0
#SofPed	269.657552	62	0
#SusPed	269.718750	0	0
#SofPed	269.718750	0	0
#SusPed	269.725260	71	0
#SofPed	269.726562	66	0
#SusPed	270.039062	0	0
#SusPed	270.049479	58	0
#SusPed	270.218750	0	0
#SusPed	270.233073	68	0
#SusPed	270.628906	0	0
#SusPed	270.635417	65	0
#SofPed	270.779948	0	0
#SofPed	270.791667	79	0
#SofPed	270.848958	0	0
#SofPed	270.860677	77	0
#SusPed	270.889323	0	0
#SofPed	270.899740	0	0
#SusPed	270.902344	60	0
#SofPed	270.907552	76	0
#SofPed	271.128906	0	0
#SofPed	271.134115	71	0
#SusPed	271.158854	0	0
#SusPed	271.164062	55	0
#SusPed	271.378906	0	0
#SusPed	271.388021	57	0
#SofPed	271.389323	0	0
#SofPed	271.401042	59	0
#SusPed	271.739583	0	0
#SusPed	271.753906	56	0
#SusPed	272.009115	0	0
#SusPed	272.014323	63	0
#SusPed	272.259115	0	0
#SusPed	272.270833	54	0
#SusPed	272.609375	0	0
#SusPed	272.622396	60	0
#SusPed	272.819010	0	0
#SusPed	272.824219	54	0
#SusPed	272.859375	0	0
#SusPed	272.873698	53	0
#SusPed	272.929688	0	0
#SusPed	272.937500	53	0
#SusPed	273.059896	0	0
#SusPed	273.071615	49	0
#SusPed	273.319010	0	0
#SusPed	273.328125	51	0
#SusPed	273.649740	0	0
#SusPed	273.661458	66	0
#SusPed	273.878906	0	0
#SusPed	273.885417	58	0
#SusPed	274.169271	0	0
#SusPed	274.179688	50	0
#SusPed	274.209635	0	0
#SusPed	274.214844	57	0
#SofPed	274.239583	0	0
#SofPed	274.244792	78	0
#SusPed	274.399740	0	0
#SusPed	274.412760	61	0
#SusPed	274.789062	0	0
#SusPed	274.803385	63	0
#SusPed	274.989583	0	0
#SusPed	275.001302	60	0
#SusPed	275.158854	0	0
#SusPed	275.173177	60	0
#SusPed	275.378906	0	0
#SusPed	275.389323	56	0
#SusPed	275.609375	0	0
#SusPed	275.619792	50	0
#SusPed	275.819010	0	0
#SusPed	275.834635	65	0
#SusPed	276.009115	0	0
#SusPed	276.022135	68	0
#SusPed	276.309896	0	0
#SusPed	276.317708	60	0
#SusPed	276.479167	0	0
#SusPed	276.486979	61	0
#SofPed	276.489583	0	0
#SofPed	276.498698	93	0
#SusPed	276.589844	0	0
#SusPed	276.600260	63	0
#SofPed	276.609375	0	0
#SofPed	276.621094	98	0
#SusPed	276.789062	0	0
#SusPed	276.795573	56	0
#SofPed	277.098958	0	0
#SofPed	277.113281	106	0
#SusPed	277.119792	0	0
#SusPed	277.125000	76	0
#SofPed	277.169271	0	0
#SofPed	277.182292	101	0
#SofPed	277.209635	0	0
#SofPed	277.214844	98	0
#SofPed	277.299479	0	0
#SofPed	277.304688	92	0
#SofPed	277.408854	0	0
#SofPed	277.421875	92	0
#SusPed	277.468750	0	0
#SusPed	277.479167	74	0
#SusPed	277.639323	0	0
#SusPed	277.648438	58	0
#SusPed	277.750000	0	0
#SofPed	277.750000	0	0
#SusPed	277.755208	70	0
#SofPed	277.764323	82	0
#SusPed	277.819010	0	0
#SusPed	277.825521	79	0
#SofPed	277.889323	0	0
#SofPed	277.895833	50	0
#SusPed	278.089844	0	0
#SofPed	278.089844	0	0
#SofPed	278.100260	35	0
#SusPed	278.102865	71	0
#SusPed	278.229167	0	0
#SusPed	278.242188	64	0
#SusPed	278.319010	0	0
#SusPed	278.329427	70	0
#SofPed	278.359375	0	0
#SofPed	278.367188	30	0
#SofPed	278.399740	0	0
#SofPed	279.143229	38	0
#SofPed	279.149740	0	0
#SusPed	279.199219	0	0
#SusPed	279.208333	76	0
#SofPed	279.218750	37	0
#SofPed	279.229167	0	0
#SusPed	280.019531	0	0
#SusPed	280.026042	63	0
#SusPed	280.239583	0	0
#SusPed	280.253906	71	0
#SusPed	281.119792	0	0
#SusPed	281.128906	54	0
#SusPed	281.229167	0	0
#SusPed	281.235677	70	0
#SusPed	281.378906	0	0
#SusPed	281.385417	72	0
#SusPed	281.429688	0	0
#SusPed	281.442708	73	0
#SusPed	281.658854	0	0
#SusPed	281.673177	100	0
#SusPed	281.929688	0	0
#SusPed	281.934896	77	0
#SusPed	282.059896	0	0
#SusPed	282.069010	92	0
#SusPed	282.479167	0	0
#SusPed	282.484375	92	0
#SusPed	282.598958	0	0
#SusPed	282.608073	102	0
#SusPed	282.799479	0	0
#SusPed	282.812500	86	0
#SusPed	283.289062	0	0
#SusPed	283.294271	86	0
#SusPed	283.468750	0	0
#SusPed	283.483073	87	0
#SusPed	285.000000	0	0
#SusPed	285.005208	69	0
#SusPed	285.119792	0	0
#SusPed	285.125000	92	0
#SusPed	286.069010	0	0
#SusPed	286.074219	62	0
#SusPed	286.119792	0	0
#SusPed	286.125000	65	0
#SusPed	287.059896	0	0
#SusPed	287.065104	79	0
#SusPed	287.158854	0	0
#SusPed	287.167969	72	0
#SusPed	288.009115	0	0
#SusPed	288.016927	86	0
#SusPed	288.139323	0	0
#SusPed	288.147135	83	0
#SusPed	288.579427	0	0
#SusPed	288.587240	65	0
#SusPed	289.089844	0	0
#SusPed	289.104167	79	0
#SusPed	289.209635	0	0
#SusPed	289.220052	91	0
#SusPed	289.619792	0	0
#SusPed	289.634115	77	0
#SusPed	290.279948	0	0
#SusPed	290.294271	78	0
#SusPed	291.509115	0	0
#SusPed	291.514323	88	0
#SusPed	291.709635	0	0
#SusPed	291.723958	88	0
#SusPed	291.938802	0	0
#SusPed	291.951823	86	0
#SusPed	292.639323	0	0
#SusPed	292.647135	92	0
#SusPed	293.169271	0	0
#SusPed	293.180990	85	0
#SusPed	293.279948	0	0
#SusPed	293.292969	89	0
#SusPed	293.619792	0	0
#SusPed	293.626302	69	0
#SusPed	293.779948	0	0
#SusPed	293.794271	85	0
#SusPed	294.019531	0	0
#SusPed	294.024740	91	0
#SusPed	294.279948	0	0
#SusPed	294.292969	97	0
#SusPed	294.419271	0	0
#SusPed	294.433594	69	0
#SusPed	294.559896	0	0
#SusPed	294.567708	87	0
#SusPed	294.789062	0	0
#SusPed	294.802083	84	0
#SusPed	294.968750	0	0
#SusPed	294.981771	77	0
#SusPed	295.218750	0	0
#SusPed	295.231771	73	0
#SusPed	295.378906	0	0
#SusPed	295.391927	76	0
#SusPed	295.529948	0	0
#SusPed	295.535156	106	0
#SusPed	295.829427	0	0
#SusPed	295.838542	79	0
#SusPed	295.959635	0	0
#SusPed	295.966146	95	0
#SusPed	296.188802	0	0
#SusPed	296.195312	98	0
#SusPed	296.299479	0	0
#SusPed	296.304688	105	0
#SusPed	296.429688	0	0
#SusPed	296.434896	73	0
#SusPed	296.569010	0	0
#SusPed	296.580729	94	0
#SusPed	296.739583	0	0
#SusPed	296.748698	84	0
#SusPed	296.878906	0	0
#SusPed	296.884115	93	0
#SusPed	297.250000	0	0
#SusPed	297.263021	83	0
#SusPed	297.389323	0	0
#SusPed	297.397135	103	0
#SusPed	297.598958	0	0
#SusPed	297.611979	107	0
#SusPed	297.839844	0	0
#SusPed	297.845052	95	0
#SusPed	298.049479	0	0
#SusPed	298.061198	94	0
#SusPed	298.289062	0	0
#SusPed	298.299479	89	0
#SusPed	298.609375	0	0
#SusPed	298.623698	92	0
#SusPed	298.979167	0	0
#SusPed	298.992188	80	0
#SusPed	299.119792	0	0
#SusPed	299.130208	96	0
#SusPed	299.389323	0	0
#SusPed	299.402344	83	0
#SusPed	299.699219	0	0
#SusPed	299.713542	84	0
#SusPed	299.919271	0	0
#SusPed	299.930990	88	0
#SusPed	300.169271	0	0
#SusPed	300.179688	91	0
#SusPed	300.259115	0	0
#SusPed	300.266927	83	0
#SusPed	300.519531	0	0
#SusPed	300.533854	80	0
#SusPed	300.809896	0	0
#SusPed	300.817708	69	0
#SusPed	301.009115	0	0
#SusPed	301.016927	87	0
#SusPed	301.429688	0	0
#SusPed	301.444010	69	0
#SusPed	301.639323	0	0
#SusPed	301.653646	81	0
#SusPed	301.679688	0	0
#SusPed	301.688802	64	0
#SusPed	301.889323	0	0
#SusPed	301.897135	95	0
#SusPed	301.959635	0	0
#SusPed	301.973958	76	0
#SusPed	302.059896	0	0
#SusPed	302.067708	90	0
#SofPed	302.117188	47	0
#SusPed	302.378906	0	0
#SusPed	302.391927	87	0
#SofPed	302.459635	0	0
#SofPed	302.472656	50	0
#SusPed	302.639323	0	0
#SusPed	302.645833	53	0
#SofPed	303.789062	0	0
#SofPed	303.804688	20	0
#SusPed	303.938802	0	0
#SusPed	303.946615	66	0
#SofPed	304.079427	0	0
#SofPed	304.093750	52	0
#SusPed	304.468750	0	0
#SusPed	304.473958	60	0
#SofPed	304.709635	0	0
#SofPed	304.720052	90	0
#SusPed	304.739583	0	0
#SusPed	304.752604	72	0
#SusPed	305.019531	0	0
#SusPed	305.033854	67	0
#SofPed	305.089844	0	0
#SofPed	305.102865	82	0
#SusPed	305.239583	0	0
#SusPed	305.247396	67	0
#SofPed	305.279948	0	0
#SofPed	305.290365	66	0
#SusPed	305.589844	0	0
#SusPed	305.595052	60	0
#SusPed	305.750000	0	0
#SusPed	305.757812	65	0
#SusPed	306.149740	0	0
#SusPed	306.154948	72	0
#SusPed	306.378906	0	0
#SusPed	306.385417	58	0
#SusPed	307.569010	0	0
#SusPed	307.582031	75	0
#SusPed	307.899740	0	0
#SusPed	307.914062	74	0
#SusPed	308.779948	0	0
#SusPed	308.786458	90	0
#SusPed	309.899740	0	0
#SusPed	309.907552	74	0
#SusPed	310.098958	0	0
#SusPed	310.105469	68	0
#SusPed	310.848958	0	0
#SusPed	310.856771	80	0
#SusPed	311.069010	0	0
#SusPed	311.084635	73	0
#SofPed	311.289062	0	0
#SusPed	311.429688	0	0
#SusPed	311.442708	63	0
#SusPed	311.559896	0	0
#SusPed	311.572917	62	0
#SusPed	311.779948	0	0
#SusPed	311.794271	40	0
#SusPed	312.019531	0	0
#SusPed	312.031250	41	0
#SusPed	312.319010	0	0
#SusPed	312.325521	79	0
#SofPed	312.718750	80	0
#SusPed	312.869792	0	0
#SusPed	312.884115	62	0
#SofPed	312.938802	0	0
#SofPed	312.953125	83	0
#SofPed	313.059896	0	0
#SofPed	313.071615	75	0
#SusPed	313.109375	0	0
#SusPed	313.121094	67	0
#SusPed	313.209635	0	0
#SusPed	313.218750	72	0
#SofPed	313.250000	0	0
#SofPed	313.253906	64	0
#SofPed	313.688802	0	0
#SofPed	313.696615	80	0
#SusPed	313.869792	0	0
#SusPed	313.884115	60	0
#SofPed	313.889323	0	0
#SofPed	313.903646	89	0
#SofPed	314.009115	0	0
#SofPed	314.014323	85	0
#SofPed	314.149740	0	0
#SofPed	314.154948	76	0
#SusPed	314.378906	0	0
#SusPed	314.386719	76	0
#SofPed	314.529948	0	0
#SofPed	314.542969	54	0
#SofPed	314.908854	0	0
#SofPed	314.915365	60	0
#SusPed	315.089844	0	0
#SusPed	315.096354	78	0
#SofPed	315.109375	0	0
#SofPed	315.123698	48	0
#SofPed	315.339844	0	0
#SofPed	315.351562	43	0
#SofPed	315.639323	0	0
#SofPed	315.648438	46	0
#SusPed	315.649740	0	0
#SusPed	315.660156	78	0
#SusPed	315.739583	0	0
#SusPed	315.752604	75	0
#SofPed	315.839844	0	0
#SofPed	315.852865	45	0
#SusPed	316.019531	0	0
#SusPed	316.032552	69	0
#SofPed	316.059896	0	0
#SofPed	316.065104	62	0
#SusPed	316.229167	0	0
#SusPed	316.242188	48	0
#SofPed	316.359375	0	0
#SofPed	316.368490	61	0
#SusPed	316.449219	0	0
#SusPed	316.454427	59	0
#SofPed	316.489583	0	0
#SofPed	316.494792	57	0
#SofPed	316.619792	0	0
#SofPed	316.627604	52	0
#SusPed	316.750000	0	0
#SusPed	316.757812	60	0
#SofPed	316.759115	0	0
#SofPed	316.772135	50	0
#SofPed	316.959635	0	0
#SofPed	316.972656	56	0
#SofPed	317.079427	0	0
#SofPed	317.091146	66	0
#SusPed	317.139323	0	0
#SusPed	317.152344	64	0
#SofPed	317.158854	0	0
#SofPed	317.164062	67	0
#SusPed	317.209635	0	0
#SusPed	317.221354	67	0
#SofPed	317.239583	0	0
#SofPed	317.248698	70	0
#SusPed	317.449219	0	0
#SusPed	317.459635	63	0
#SusPed	317.619792	0	0
#SofPed	317.619792	0	0
#SusPed	317.625000	60	0
#SofPed	317.628906	74	0
#SusPed	317.959635	0	0
#SusPed	317.964844	58	0
#SusPed	318.128906	0	0
#SofPed	318.139323	0	0
#SusPed	318.143229	66	0
#SofPed	318.144531	68	0
#SusPed	318.239583	0	0
#SusPed	318.250000	72	0
#SusPed	318.479167	0	0
#SusPed	318.492188	63	0
#SusPed	318.688802	0	0
#SusPed	318.695312	54	0
#SusPed	318.779948	0	0
#SusPed	318.786458	48	0
#SusPed	319.029948	0	0
#SusPed	319.042969	51	0
#SusPed	319.279948	0	0
#SusPed	319.287760	56	0
#SusPed	319.378906	0	0
#SusPed	319.390625	62	0
#SusPed	319.609375	0	0
#SusPed	319.625000	60	0
#SofPed	319.639323	0	0
#SofPed	319.645833	60	0
#SofPed	319.759115	0	0
#SofPed	319.766927	59	0
#SusPed	319.919271	0	0
#SusPed	319.933594	65	0
#SofPed	319.959635	0	0
#SofPed	319.968750	51	0
#SofPed	320.079427	0	0
#SofPed	320.084635	46	0
#SusPed	320.199219	0	0
#SusPed	320.212240	71	0
#SofPed	320.229167	0	0
#SofPed	320.238281	45	0
#SusPed	320.789062	0	0
#SusPed	320.796875	69	0
#SofPed	320.989583	0	0
#SofPed	320.996094	69	0
#SusPed	321.069010	0	0
#SusPed	321.075521	64	0
#SofPed	321.188802	0	0
#SofPed	321.196615	65	0
#SusPed	321.250000	0	0
#SusPed	321.256510	69	0
#SofPed	321.319010	0	0
#SofPed	321.332031	65	0
#SusPed	322.059896	0	0
#SusPed	322.074219	71	0
#SusPed	322.289062	0	0
#SusPed	322.302083	59	0
#SusPed	322.479167	0	0
#SusPed	322.485677	73	0
#SofPed	322.500000	0	0
#SusPed	322.899740	0	0
#SusPed	322.912760	68	0
#SusPed	323.079427	0	0
#SusPed	323.092448	70	0
#SusPed	323.378906	0	0
#SusPed	323.384115	86	0
#SusPed	323.729167	0	0
#SusPed	323.734375	91	0
#SusPed	324.059896	0	0
#SusPed	324.067708	79	0
#SofPed	324.795573	36	0
#SofPed	324.859375	0	0
#SofPed	324.867188	38	0
#SusPed	324.968750	0	0
#SusPed	324.979167	80	0
#SofPed	325.009115	0	0
#SofPed	325.014323	39	0
#SofPed	325.098958	0	0
#SofPed	325.108073	39	0
#SusPed	325.158854	0	0
#SusPed	325.164062	83	0
#SofPed	325.250000	0	0
#SofPed	325.256510	45	0
#SofPed	325.309896	0	0
#SofPed	325.315104	44	0
#SofPed	326.000000	0	0
#SofPed	326.009115	45	0
#SusPed	326.069010	0	0
#SusPed	326.080729	75	0
#SofPed	326.109375	0	0
#SofPed	326.118490	49	0
#SofPed	326.179688	0	0
#SofPed	326.192708	53	0
#SofPed	326.218750	0	0
#SofPed	326.231771	58	0
#SusPed	326.239583	0	0
#SusPed	326.251302	63	0
#SofPed	326.279948	0	0
#SofPed	326.291667	54	0
#SofPed	326.529948	0	0
#SofPed	326.541667	60	0
#SofPed	326.769531	0	0
#SofPed	326.783854	51	0
#SofPed	326.878906	0	0
#SofPed	326.885417	53	0
#SofPed	327.069010	0	0
#SofPed	327.078125	48	0
#SofPed	327.199219	0	0
#SofPed	327.213542	46	0
#SofPed	327.250000	0	0
#SofPed	327.263021	46	0
#SofPed	327.348958	0	0
#SofPed	327.363281	48	0
#SusPed	327.408854	0	0
#SusPed	327.416667	71	0
#SofPed	327.429688	0	0
#SofPed	327.444010	53	0
#SusPed	327.619792	0	0
#SusPed	327.628906	89	0
#SofPed	327.628906	0	0
#SofPed	327.634115	49	0
#SofPed	327.769531	0	0
#SofPed	327.783854	56	0
#SofPed	328.019531	0	0
#SofPed	328.031250	61	0
#SofPed	328.039062	0	0
#SofPed	328.217448	56	0
#SofPed	328.229167	0	0
#SofPed	328.380208	58	0
#SofPed	328.389323	0	0
#SusPed	328.429688	0	0
#SusPed	328.436198	73	0
#SusPed	328.489583	0	0
#SusPed	328.494792	70	0
#SofPed	328.561198	57	0
#SusPed	328.569010	0	0
#SofPed	328.569010	0	0
#SusPed	328.575521	80	0
#SusPed	328.829427	0	0
#SusPed	328.835938	95	0
#SusPed	329.139323	0	0
#SusPed	329.153646	101	0
#SusPed	330.718750	0	0
#SusPed	330.726562	81	0
#SusPed	330.959635	0	0
#SusPed	330.973958	82	0
#SusPed	332.649740	0	0
#SusPed	332.661458	74	0
#SusPed	333.468750	0	0
#SusPed	333.479167	94	0
#SusPed	333.519531	0	0
#SusPed	333.532552	84	0
#SusPed	333.709635	0	0
#SusPed	333.722656	56	0
#SusPed	333.869792	0	0
#SusPed	333.881510	89	0
#SusPed	334.500000	0	0
#SusPed	334.510417	97	0
#SusPed	334.750000	0	0
#SusPed	334.763021	95	0
#SusPed	334.989583	0	0
#SusPed	334.997396	93	0
#SusPed	336.889323	0	0
#SusPed	336.895833	69	0
#SusPed	337.039062	0	0
#SusPed	337.048177	73	0
#SusPed	337.419271	0	0
#SusPed	337.433594	89	0
#SusPed	338.348958	0	0
#SusPed	338.363281	65	0
#SusPed	338.549479	0	0
#SusPed	338.562500	70	0
#SusPed	338.919271	0	0
#SusPed	338.932292	57	0
#SusPed	341.859375	0	0
#SusPed	341.872396	74	0
#SusPed	342.000000	0	0
#SusPed	342.010417	50	0
#SusPed	342.218750	0	0
#SusPed	342.225260	65	0
#SusPed	345.158854	0	0
#SusPed	345.170573	69	0
#SusPed	345.378906	0	0
#SusPed	345.393229	45	0
#SusPed	345.739583	0	0
#SusPed	345.746094	82	0
#SusPed	348.609375	0	0
#SusPed	348.615885	75	0
#SusPed	348.848958	0	0
#SusPed	348.855469	84	0
#SusPed	348.968750	0	0
#SusPed	348.975260	61	0
#SusPed	352.009115	0	0
#SusPed	352.022135	86	0
#SusPed	352.119792	0	0
#SusPed	352.131510	60	0
#SusPed	355.359375	0	0
#SusPed	355.373698	80	0
#SusPed	355.529948	0	0
#SusPed	355.535156	79	0
#SusPed	355.598958	0	0
#SusPed	355.606771	78	0
#SusPed	355.669271	0	0
#SusPed	355.675781	80	0
#SusPed	355.718750	0	0
#SusPed	355.727865	81	0
#SusPed	355.878906	0	0
#SusPed	355.885417	75	0
#SusPed	356.049479	0	0
#SusPed	356.063802	69	0
#SusPed	356.169271	0	0
#SusPed	356.177083	64	0
#SusPed	356.339844	0	0
#SusPed	356.351562	61	0
#SusPed	356.589844	0	0
#SusPed	356.602865	53	0
#SusPed	356.889323	0	0
#SusPed	356.902344	58	0
#SusPed	357.029948	0	0
#SusPed	357.042969	58	0
#SusPed	357.348958	0	0
#SusPed	357.355469	54	0
#SusPed	357.479167	0	0
#SusPed	357.489583	55	0
#SusPed	357.619792	0	0
#SusPed	357.625000	58	0
#SusPed	357.739583	0	0
#SusPed	357.750000	61	0
#SusPed	357.779948	0	0
#SusPed	357.792969	65	0
#SusPed	357.938802	0	0
#SusPed	357.944010	69	0
#SusPed	358.229167	0	0
#SusPed	358.236979	62	0
#SusPed	358.489583	0	0
#SusPed	358.501302	69	0
#SusPed	358.718750	0	0
#SusPed	358.730469	64	0
#SusPed	358.949219	0	0
#SusPed	358.955729	62	0
#SusPed	358.989583	0	0
#SusPed	359.000000	65	0
#SusPed	359.059896	0	0
#SusPed	359.065104	66	0
#SusPed	359.199219	0	0
#SusPed	359.212240	67	0
#SusPed	359.399740	0	0
#SusPed	359.406250	64	0
#SusPed	359.519531	0	0
#SusPed	359.533854	69	0
#SusPed	359.619792	0	0
#SusPed	359.630208	60	0
#SusPed	359.718750	0	0
#SusPed	359.729167	61	0
#SusPed	359.938802	0	0
#SusPed	359.953125	70	0
#SusPed	360.509115	0	0
#SusPed	360.515625	74	0
#SusPed	360.789062	0	0
#SusPed	360.804688	73	0
#SusPed	361.009115	0	0
#SusPed	361.019531	67	0
#SusPed	361.269531	0	0
#SusPed	361.282552	75	0
#SusPed	361.489583	0	0
#SusPed	361.497396	62	0
#SusPed	361.699219	0	0
#SusPed	361.713542	58	0
#SusPed	361.750000	0	0
#SusPed	361.753906	59	0
#SusPed	361.799479	0	0
#SusPed	361.812500	59	0
#SusPed	361.878906	0	0
#SusPed	361.885417	61	0
#SusPed	361.979167	0	0
#SusPed	361.993490	58	0
#SusPed	362.019531	0	0
#SusPed	362.026042	55	0
#SusPed	362.209635	0	0
#SusPed	362.217448	59	0
#SusPed	362.399740	0	0
#SusPed	362.406250	60	0
#SusPed	362.649740	0	0
#SusPed	362.658854	54	0
#SusPed	362.799479	0	0
#SusPed	362.804688	58	0
#SusPed	362.878906	0	0
#SusPed	362.888021	57	0
#SusPed	363.519531	0	0
#SusPed	363.533854	73	0
#SusPed	364.500000	0	0
#SusPed	364.511719	66	0
#SusPed	364.889323	0	0
#SusPed	364.903646	81	0
#SusPed	365.179688	0	0
#SusPed	365.184896	92	0
#SusPed	365.309896	0	0
#SusPed	365.320312	76	0
#SusPed	366.199219	0	0
#SusPed	366.212240	64	0
#SusPed	366.329427	0	0
#SusPed	366.334635	75	0
#SofPed	366.483073	93	0
#SofPed	366.709635	0	0
#SofPed	366.722656	74	0
#SofPed	366.848958	0	0
#SofPed	366.861979	64	0
#SofPed	367.069010	0	0
#SofPed	367.078125	76	0
#SofPed	367.149740	0	0
#SusPed	367.158854	0	0
#SofPed	367.164062	79	0
#SusPed	367.173177	70	0
#SofPed	367.199219	0	0
#SofPed	367.213542	77	0
#SusPed	367.250000	0	0
#SusPed	367.260417	66	0
#SofPed	367.279948	0	0
#SofPed	367.291667	79	0
#SofPed	367.389323	0	0
#SofPed	367.394531	73	0
#SusPed	368.079427	0	0
#SusPed	368.093750	85	0
#SusPed	368.229167	0	0
#SusPed	368.234375	77	0
#SofPed	368.878906	0	0
#SusPed	370.109375	0	0
#SusPed	370.123698	90	0
#SusPed	370.299479	0	0
#SusPed	370.311198	66	0
#SusPed	372.399740	0	0
#SusPed	372.412760	74	0
#SofPed	372.752604	80	0
#SusPed	372.908854	0	0
#SusPed	372.916667	63	0
#SofPed	372.919271	0	0
#SofPed	372.929688	80	0
#SofPed	372.968750	0	0
#SofPed	372.983073	78	0
#SusPed	373.559896	0	0
#SusPed	373.569010	79	0
#SusPed	373.718750	0	0
#SusPed	373.726562	79	0
#SofPed	373.869792	0	0
#SofPed	373.880208	85	0
#SusPed	374.279948	0	0
#SusPed	374.285156	53	0
#SusPed	374.459635	0	0
#SusPed	374.472656	76	0
#SofPed	374.579427	0	0
#SofPed	374.592448	97	0
#SofPed	374.908854	0	0
#SofPed	374.917969	85	0
#SusPed	375.029948	0	0
#SusPed	375.040365	83	0
#SofPed	375.069010	0	0
#SofPed	375.078125	78	0
#SofPed	375.139323	0	0
#SofPed	375.145833	77	0
#SofPed	375.259115	0	0
#SofPed	375.270833	72	0
#SofPed	375.348958	0	0
#SofPed	375.363281	67	0
#SusPed	375.609375	0	0
#SusPed	375.619792	82	0
#SofPed	375.639323	0	0
#SofPed	375.653646	81	0
#SusPed	375.819010	0	0
#SusPed	375.828125	75	0
#SofPed	375.839844	0	0
#SofPed	375.845052	75	0
#SusPed	376.419271	0	0
#SusPed	376.425781	72	0
#SusPed	376.569010	0	0
#SusPed	376.576823	88	0
#SofPed	376.619792	0	0
#SofPed	376.634115	64	0
#SofPed	376.848958	0	0
#SofPed	376.854167	65	0
#SofPed	377.229167	0	0
#SofPed	377.235677	80	0
#SusPed	377.399740	0	0
#SusPed	377.404948	70	0
#SofPed	377.419271	0	0
#SofPed	377.425781	81	0
#SusPed	377.569010	0	0
#SusPed	377.578125	41	0
#SusPed	377.619792	0	0
#SusPed	377.628906	43	0
#SofPed	377.628906	0	0
#SofPed	377.640625	69	0
#SofPed	377.769531	0	0
#SofPed	377.782552	72	0
#SofPed	377.919271	0	0
#SofPed	377.928385	72	0
#SusPed	378.479167	0	0
#SusPed	378.493490	68	0
#SusPed	379.218750	0	0
#SusPed	379.233073	68	0
#SusPed	379.279948	0	0
#SusPed	379.291667	76	0
#SusPed	379.959635	0	0
#SusPed	379.972656	70	0
#SusPed	380.759115	0	0
#SusPed	380.769531	86	0
#SofPed	380.789062	0	0
#SofPed	380.794271	62	0
#SusPed	380.829427	0	0
#SusPed	380.835938	82	0
#SofPed	380.859375	0	0
#SofPed	380.867188	66	0
#SofPed	381.029948	0	0
#SofPed	381.036458	70	0
#SofPed	381.218750	0	0
#SusPed	381.229167	0	0
#SofPed	381.231771	74	0
#SusPed	381.238281	66	0
#SofPed	381.309896	0	0
#SofPed	381.317708	72	0
#SofPed	381.378906	0	0
#SofPed	381.390625	67	0
#SusPed	381.468750	0	0
#SusPed	381.476562	60	0
#SusPed	381.729167	0	0
#SusPed	381.743490	56	0
#SusPed	382.109375	0	0
#SusPed	382.118490	58	0
#SusPed	382.399740	0	0
#SusPed	382.412760	45	0
#SofPed	382.658854	0	0
#SofPed	382.673177	73	0
#SusPed	382.750000	0	0
#SusPed	382.761719	53	0
#SofPed	382.769531	0	0
#SofPed	382.776042	59	0
#SofPed	383.029948	0	0
#SofPed	383.042969	54	0
#SusPed	383.109375	0	0
#SusPed	383.114583	64	0
#SofPed	383.149740	0	0
#SofPed	383.164062	45	0
#SusPed	383.359375	0	0
#SofPed	383.359375	0	0
#SofPed	383.365885	42	0
#SusPed	383.372396	50	0
#SusPed	383.669271	0	0
#SofPed	383.669271	0	0
#SusPed	383.674479	49	0
#SofPed	383.680990	37	0
#SofPed	383.839844	0	0
#SusPed	383.848958	0	0
#SofPed	383.852865	38	0
#SusPed	383.861979	63	0
#SofPed	383.908854	0	0
#SofPed	383.915365	39	0
#SofPed	384.009115	0	0
#SofPed	384.022135	41	0
#SusPed	384.339844	0	0
#SusPed	384.345052	52	0
#SusPed	384.500000	0	0
#SusPed	384.513021	58	0
#SusPed	384.729167	0	0
#SusPed	384.738281	51	0
#SofPed	384.779948	0	0
#SofPed	384.786458	55	0
#SusPed	385.049479	0	0
#SofPed	385.049479	0	0
#SusPed	385.058594	57	0
#SofPed	385.063802	50	0
#SusPed	385.119792	0	0
#SusPed	385.126302	56	0
#SofPed	385.158854	0	0
#SofPed	385.166667	43	0
#SofPed	385.289062	0	0
#SofPed	385.302083	41	0
#SusPed	385.369792	0	0
#SusPed	385.376302	68	0
#SusPed	385.908854	0	0
#SusPed	385.923177	55	0
#SusPed	387.209635	0	0
#SusPed	387.217448	79	0
#SusPed	387.459635	0	0
#SusPed	387.473958	76	0
#SusPed	387.919271	0	0
#SusPed	387.925781	87	0
#SusPed	388.079427	0	0
#SusPed	388.092448	90	0
#SusPed	388.718750	0	0
#SusPed	388.733073	88	0
#SusPed	389.049479	0	0
#SusPed	389.054688	105	0
#SofPed	389.158854	0	0
#SusPed	389.579427	0	0
#SusPed	389.587240	73	0
#SusPed	389.769531	0	0
#SusPed	389.783854	85	0
#SusPed	390.718750	0	0
#SusPed	390.731771	84	0
#SusPed	391.000000	0	0
#SusPed	391.014323	93	0
#SusPed	391.239583	0	0
#SusPed	391.253906	91	0
#SusPed	392.269531	0	0
#SusPed	392.276042	85	0
#SusPed	392.869792	0	0
#SusPed	392.884115	74	0
#SusPed	393.199219	0	0
#SusPed	393.210938	52	0
#SusPed	395.029948	0	0
#SusPed	395.037760	65	0
#SusPed	395.229167	0	0
#SusPed	395.236979	64	0
#SusPed	395.449219	0	0
#SusPed	395.457031	66	0
#SusPed	395.889323	0	0
#SusPed	395.895833	68	0
#SusPed	397.119792	0	0
#SusPed	397.127604	80	0
#SusPed	397.579427	0	0
#SusPed	397.592448	66	0
#SusPed	399.989583	0	0
