//Version: PianoRoll_v170101
0	11.376302	14.069010	C5	44	80	0
1	11.382812	13.029948	G#4	44	80	0
2	11.458333	12.479167	Eb4	21	80	0
3	11.464844	14.009115	G#2	25	80	0
4	11.468750	13.489583	Eb3	23	80	0
5	13.497396	14.039062	G#4	46	80	0
6	13.502604	13.979167	Eb4	31	80	0
7	13.569010	14.158854	Eb3	14	80	0
8	13.571615	14.039062	C3	19	80	0
9	14.187500	14.819010	G#4	60	80	0
10	14.194010	14.709635	Eb4	37	80	0
11	14.212240	14.799479	C3	32	80	0
12	14.225260	14.878906	Eb3	24	80	0
13	14.960938	15.346354	G#4	77	80	0
14	14.964844	15.399740	Eb4	45	80	0
15	14.973958	15.329427	Eb3	43	80	0
16	14.976562	15.369792	C3	41	80	0
17	15.311198	16.899740	C#5	68	80	0
18	15.332031	16.049479	G4	48	80	0
19	15.337240	16.500000	Eb3	38	80	0
20	15.339844	16.679688	Bb2	37	80	0
21	16.601562	19.468750	Bb4	60	80	0
22	16.625000	18.750000	C#3	37	80	0
23	16.634115	18.848958	Eb3	36	80	0
24	16.636719	18.759115	G4	31	80	0
25	19.433594	21.479167	Eb5	76	80	0
26	19.445312	20.989583	G#4	53	80	0
27	19.451823	21.718750	Eb3	42	80	0
28	19.454427	22.000000	C3	38	80	0
29	20.126302	21.218750	G#3	54	80	0
30	20.708333	21.378906	C4	60	80	0
31	21.234375	21.809896	C#5	77	80	0
32	21.235677	21.829427	F3	53	80	0
33	21.235677	21.639323	G#4	70	80	0
34	21.243490	21.679688	Bb3	56	80	0
35	21.794271	22.509115	Eb5	89	80	0
36	21.800781	22.229167	C4	59	80	0
37	21.816406	22.209635	G#4	63	80	0
38	21.837240	22.598958	Eb3	47	80	0
39	22.462240	23.489583	F5	81	80	0
40	22.483073	23.309896	G#4	62	80	0
41	22.485677	23.059896	C#4	53	80	0
42	22.501302	23.299479	C#3	51	80	0
43	23.393229	25.089844	Eb5	70	80	0
44	23.403646	25.069010	G4	44	80	0
45	23.425781	27.500000	Eb3	29	80	0
46	23.427083	25.149740	Bb3	34	80	0
47	24.777344	25.468750	D5	54	80	0
48	25.332031	25.696615	C#5	60	80	0
49	25.337240	26.069010	G4	41	80	0
50	25.343750	27.279948	Bb3	35	80	0
51	25.730469	25.959635	Eb5	44	80	0
52	25.990885	26.093750	C#5	42	80	0
53	26.123698	26.236979	Eb5	50	80	0
54	26.272135	26.350260	C#5	50	80	0
55	26.382812	26.472656	Eb5	53	80	0
56	26.515625	26.584635	C#5	54	80	0
57	26.611979	26.680990	Eb5	61	80	0
58	26.717448	26.786458	C#5	56	80	0
59	26.817708	26.880208	Eb5	71	80	0
60	26.915365	26.973958	C#5	63	80	0
61	26.996094	27.065104	Eb5	75	80	0
62	27.097656	27.164062	C#5	66	80	0
63	27.184896	27.251302	Eb5	70	80	0
64	27.276042	27.351562	C#5	71	80	0
65	27.363281	27.442708	Eb5	72	80	0
66	27.455729	27.536458	C#5	80	80	0
67	27.544271	27.634115	Eb5	79	80	0
68	27.656250	27.729167	C#5	69	80	0
69	27.750000	27.838542	Eb5	67	80	0
70	27.864583	27.936198	C#5	58	80	0
71	27.963542	28.023438	Eb5	54	80	0
72	28.045573	28.114583	C#5	55	80	0
73	28.141927	28.246094	Eb5	52	80	0
74	28.281250	28.355469	C#5	51	80	0
75	28.402344	28.455729	Eb5	42	80	0
76	28.496094	28.553385	C#5	44	80	0
77	28.579427	28.640625	Eb5	44	80	0
78	28.714844	28.776042	C#5	32	80	0
79	28.800781	28.949219	Eb5	44	80	0
80	28.963542	29.019531	C#5	22	80	0
81	29.052083	29.152344	Eb5	41	80	0
82	29.183594	29.282552	C#5	41	80	0
83	29.309896	29.467448	C5	51	80	0
84	29.471354	29.582031	C#5	59	80	0
85	29.595052	29.713542	Eb5	65	80	0
86	29.713542	30.299479	C#5	67	80	0
87	29.842448	30.199219	Eb5	66	80	0
88	30.088542	31.569010	F5	57	80	0
89	31.272135	31.279948	Bb3	25	80	0
90	31.274740	31.907552	Eb5	46	80	0
91	31.574219	31.589844	C3	15	80	0
92	31.838542	32.598958	C#5	54	80	0
93	32.393229	33.579427	G#3	24	80	0
94	32.479167	34.709635	C5	60	80	0
95	32.976562	33.085938	Eb4	21	80	0
96	32.983073	33.091146	C4	22	80	0
97	33.294271	33.361979	Eb4	21	80	0
98	33.296875	33.361979	C4	19	80	0
99	33.563802	33.908854	Eb4	21	80	0
100	33.576823	33.949219	C4	21	80	0
101	33.848958	34.449219	G#3	27	80	0
102	34.182292	34.256510	Eb4	22	80	0
103	34.183594	34.263021	C4	28	80	0
104	34.459635	34.578125	Eb4	31	80	0
105	34.460938	35.718750	Eb5	70	80	0
106	34.462240	34.669271	G#3	30	80	0
107	34.463542	34.576823	C4	32	80	0
108	34.792969	35.019531	Eb4	29	80	0
109	34.792969	34.868490	G#3	25	80	0
110	34.794271	35.079427	C4	28	80	0
111	35.059896	35.729167	G#3	33	80	0
112	35.332031	35.414062	C4	32	80	0
113	35.333333	35.414062	Eb4	36	80	0
114	35.576823	36.239583	G#5	89	80	0
115	35.584635	35.750000	Eb4	40	80	0
116	35.593750	35.718750	C4	37	80	0
117	35.907552	36.098958	C4	36	80	0
118	35.908854	36.329427	Eb4	41	80	0
119	36.246094	37.628906	G#5	77	80	0
120	36.253906	37.309896	Bb3	42	80	0
121	36.631510	36.743490	C#4	33	80	0
122	36.632812	36.733073	Eb4	36	80	0
123	36.929688	37.016927	Eb4	36	80	0
124	36.933594	37.019531	C#4	31	80	0
125	36.934896	37.029948	Eb5	38	80	0
126	37.244792	37.569010	Eb4	37	80	0
127	37.246094	37.529948	C#4	32	80	0
128	37.535156	39.878906	G5	66	80	0
129	37.540365	38.449219	Bb3	39	80	0
130	37.541667	37.729167	C#4	34	80	0
131	37.834635	37.945312	Eb4	30	80	0
132	37.838542	37.951823	C#4	26	80	0
133	38.106771	38.197917	C#4	32	80	0
134	38.111979	38.203125	Eb4	39	80	0
135	38.385417	38.679688	Eb4	37	80	0
136	38.403646	38.721354	C#4	37	80	0
137	38.645833	39.569010	Bb3	42	80	0
138	38.924479	39.015625	Eb4	42	80	0
139	38.924479	39.015625	C#4	35	80	0
140	39.194010	39.285156	Eb4	44	80	0
141	39.204427	39.287760	C#4	33	80	0
142	39.464844	39.545573	Eb4	54	80	0
143	39.467448	39.548177	C#4	46	80	0
144	39.740885	40.194010	C#4	28	80	0
145	39.768229	42.500000	Bb5	84	80	0
146	40.104167	40.192708	Eb4	35	80	0
147	40.115885	40.250000	Bb4	38	80	0
148	40.125000	40.194010	G4	30	80	0
149	40.395833	40.463542	G4	30	80	0
150	40.395833	40.471354	Eb4	30	80	0
151	40.395833	40.519531	Bb4	36	80	0
152	40.683594	41.000000	Eb4	39	80	0
153	40.686198	40.949219	Bb4	39	80	0
154	40.686198	40.869792	C#4	32	80	0
155	40.686198	40.979167	G4	36	80	0
156	40.960938	41.279948	C#4	37	80	0
157	40.963542	41.079427	Bb4	30	80	0
158	41.286458	41.848958	C#4	28	80	0
159	41.286458	41.375000	Eb4	30	80	0
160	41.294271	41.449219	Bb4	34	80	0
161	41.302083	41.375000	G4	32	80	0
162	41.561198	43.359375	G5	74	80	0
163	41.565104	41.662760	Bb4	43	80	0
164	41.566406	41.666667	Eb4	36	80	0
165	41.574219	41.688802	G4	39	80	0
166	41.863281	41.989583	C#4	32	80	0
167	41.867188	42.169271	Eb4	33	80	0
168	41.871094	42.098958	Bb4	34	80	0
169	41.875000	42.169271	G4	32	80	0
170	42.106771	43.218750	C#4	39	80	0
171	42.110677	42.209635	Bb4	34	80	0
172	42.395833	42.502604	Eb4	32	80	0
173	42.401042	42.501302	Bb4	41	80	0
174	42.407552	42.859375	G4	31	80	0
175	42.700521	43.359375	Eb5	71	80	0
176	42.703125	43.128906	Eb4	34	80	0
177	42.707031	42.829427	Bb4	43	80	0
178	43.044271	43.408854	Bb4	37	80	0
179	43.044271	43.339844	G4	34	80	0
180	43.363281	44.408854	C4	42	80	0
181	43.368490	45.729167	Eb5	63	80	0
182	43.382812	43.859375	C5	47	80	0
183	43.717448	43.815104	Eb4	31	80	0
184	43.718750	43.822917	G#4	36	80	0
185	44.002604	44.075521	Eb4	29	80	0
186	44.003906	44.080729	G#4	35	80	0
187	44.307292	44.429688	G#4	33	80	0
188	44.313802	44.609375	Eb4	27	80	0
189	44.578125	46.759115	G#5	68	80	0
190	44.582031	44.970052	C4	33	80	0
191	44.875000	44.973958	G#4	37	80	0
192	44.876302	44.967448	Eb4	36	80	0
193	45.141927	45.212240	Eb4	30	80	0
194	45.144531	45.207031	G#4	32	80	0
195	45.407552	45.679688	G#4	40	80	0
196	45.412760	45.679688	Eb4	29	80	0
197	45.416667	45.519531	C4	25	80	0
198	45.664062	46.019531	C4	36	80	0
199	45.925781	46.002604	G#4	50	80	0
200	45.929688	46.003906	Eb4	34	80	0
201	46.145833	46.529948	C4	20	80	0
202	46.183594	46.264323	Eb4	30	80	0
203	46.186198	46.264323	G#4	54	80	0
204	46.472656	46.609375	G#4	48	80	0
205	46.472656	46.699219	Eb4	40	80	0
206	46.766927	49.389323	G#5	79	80	0
207	46.766927	47.718750	F#4	41	80	0
208	47.091146	47.170573	G#4	47	80	0
209	47.102865	47.174479	Eb5	48	80	0
210	47.111979	47.174479	C5	40	80	0
211	47.346354	47.433594	Eb5	53	80	0
212	47.352865	47.420573	G#4	41	80	0
213	47.352865	47.424479	C5	47	80	0
214	47.604167	47.908854	Eb5	54	80	0
215	47.611979	47.919271	C5	57	80	0
216	47.614583	47.819010	G#4	51	80	0
217	47.852865	48.809896	F#4	51	80	0
218	48.154948	48.235677	Eb5	51	80	0
219	48.156250	48.231771	G#4	46	80	0
220	48.167969	48.235677	C5	43	80	0
221	48.412760	49.739583	C6	82	80	0
222	48.414062	48.496094	G#4	48	80	0
223	48.423177	48.507812	Eb5	52	80	0
224	48.427083	48.497396	C5	50	80	0
225	48.683594	48.979167	Eb5	52	80	0
226	48.687500	49.000000	G#4	53	80	0
227	48.690104	49.019531	C5	50	80	0
228	48.946615	50.128906	F#4	56	80	0
229	49.203125	49.295573	Eb5	64	80	0
230	49.204427	49.291667	G#4	65	80	0
231	49.205729	49.290365	C5	57	80	0
232	49.464844	50.139323	Eb6	86	80	0
233	49.472656	49.557292	C5	65	80	0
234	49.473958	49.578125	G#4	67	80	0
235	49.473958	49.658854	Eb5	71	80	0
236	49.792969	50.329427	Eb5	74	80	0
237	49.795573	50.329427	C5	72	80	0
238	49.803385	50.299479	G#4	58	80	0
239	50.144531	52.039062	Eb6	91	80	0
240	50.164062	51.119792	F4	47	80	0
241	50.496094	50.587240	G#4	64	80	0
242	50.500000	50.591146	C#5	60	80	0
243	50.744792	50.842448	G#4	63	80	0
244	50.747396	50.841146	C#5	56	80	0
245	51.016927	51.309896	G#4	49	80	0
246	51.019531	51.378906	C#5	68	80	0
247	51.263021	52.309896	F4	67	80	0
248	51.523438	51.614583	G#4	72	80	0
249	51.524740	51.610677	C#5	66	80	0
250	51.763021	52.399740	C#6	95	80	0
251	51.765625	51.938802	G#4	73	80	0
252	51.769531	51.848958	C#5	75	80	0
253	52.026042	52.319010	G#4	66	80	0
254	52.027344	52.359375	C#5	71	80	0
255	52.281250	52.968750	Eb6	93	80	0
256	52.283854	53.000000	Eb4	79	80	0
257	52.554688	52.848958	C5	77	80	0
258	52.554688	52.899740	G#4	87	80	0
259	52.826823	53.369792	C#4	85	80	0
260	52.833333	53.479167	F6	94	80	0
261	53.162760	53.709635	G#4	87	80	0
262	53.165365	53.619792	Bb4	83	80	0
263	53.575521	54.799479	F6	85	80	0
264	53.576823	54.869792	Eb4	72	80	0
265	54.055990	54.259115	C5	56	80	0
266	54.058594	54.598958	G#4	65	80	0
267	54.442708	54.619792	C5	55	80	0
268	54.445312	55.949219	Eb6	88	80	0
269	54.753906	55.098958	G#4	61	80	0
270	54.755208	55.049479	C5	56	80	0
271	55.039062	56.079427	Eb4	61	80	0
272	55.332031	55.500000	G#4	58	80	0
273	55.333333	55.598958	C5	50	80	0
274	55.605469	55.769531	C5	45	80	0
275	55.608073	55.669271	C6	71	80	0
276	55.608073	55.829427	C#5	46	80	0
277	55.608073	56.019531	C#6	74	80	0
278	55.622396	55.759115	G#4	43	80	0
279	55.916667	56.247396	C6	78	80	0
280	55.921875	56.250000	C5	56	80	0
281	55.921875	56.250000	G#4	50	80	0
282	56.223958	57.658854	Eb4	42	80	0
283	56.225260	56.938802	Eb6	61	80	0
284	56.585938	57.069010	C#6	60	80	0
285	56.589844	56.799479	C#5	54	80	0
286	56.591146	56.829427	Bb4	46	80	0
287	56.929688	57.500000	G5	61	80	0
288	56.933594	57.128906	Bb4	43	80	0
289	56.934896	57.119792	C#5	45	80	0
290	57.274740	57.459635	C#5	54	80	0
291	57.276042	57.628906	Bb4	51	80	0
292	57.634115	57.863281	G#5	60	80	0
293	57.641927	58.109375	C5	44	80	0
294	57.645833	58.069010	G#4	44	80	0
295	57.792969	57.876302	Eb6	56	80	0
296	57.919271	58.015625	C6	55	80	0
297	58.028646	58.144531	Eb6	66	80	0
298	58.156250	58.274740	G#6	72	80	0
299	58.273438	58.360677	Eb6	63	80	0
300	58.406250	58.484375	C6	70	80	0
301	58.520833	58.606771	Eb6	69	80	0
302	58.617188	58.694010	G#5	72	80	0
303	58.753906	58.819010	Eb5	64	80	0
304	58.869792	58.968750	C5	57	80	0
305	59.001302	59.074219	Eb5	65	80	0
306	59.105469	59.154948	G#4	58	80	0
307	59.226562	59.332031	Eb4	52	80	0
308	59.352865	59.410156	C4	52	80	0
309	59.475260	59.544271	Eb4	54	80	0
310	59.609375	59.683594	G#3	62	80	0
311	59.746094	59.815104	Eb3	46	80	0
312	59.863281	59.945312	C3	46	80	0
313	59.977865	60.062500	Eb3	43	80	0
314	60.089844	60.165365	G#2	55	80	0
315	60.205729	60.298177	Eb3	47	80	0
316	60.345052	60.427083	C3	37	80	0
317	60.434896	60.565104	Eb3	47	80	0
318	60.595052	61.039062	Bb2	49	80	0
319	60.595052	62.109375	G2	54	80	0
320	60.729167	60.869792	Eb3	40	80	0
321	60.842448	61.069010	C#3	46	80	0
322	60.975260	61.039062	Eb3	49	80	0
323	61.092448	61.269531	G3	39	80	0
324	61.174479	61.253906	Eb3	45	80	0
325	61.312500	61.529948	C#3	42	80	0
326	61.416667	62.019531	Eb3	56	80	0
327	61.574219	61.989583	G3	48	80	0
328	61.574219	62.139323	Bb2	53	80	0
329	61.575521	62.309896	Eb2	47	80	0
330	61.726562	61.848958	Eb4	46	80	0
331	61.832031	61.942708	C#4	54	80	0
332	61.955729	62.033854	Eb4	59	80	0
333	62.093750	62.192708	G4	57	80	0
334	62.205729	62.273438	Eb4	66	80	0
335	62.304688	62.404948	C#4	57	80	0
336	62.423177	62.569010	Eb4	69	80	0
337	62.545573	63.299479	Bb2	61	80	0
338	62.546875	63.279948	Eb2	54	80	0
339	62.546875	62.665365	G4	71	80	0
340	62.552083	62.559896	Bb1	55	80	0
341	62.678385	62.795573	Eb5	69	80	0
342	62.796875	62.903646	C#5	71	80	0
343	62.906250	63.014323	Eb5	80	80	0
344	63.036458	63.136719	G5	73	80	0
345	63.144531	63.243490	Eb5	69	80	0
346	63.252604	63.368490	C#5	78	80	0
347	63.365885	63.529948	Eb5	78	80	0
348	63.524740	64.218750	C3	52	80	0
349	63.529948	64.209635	C2	53	80	0
350	63.532552	63.859375	G#5	82	80	0
351	63.536458	64.169271	Eb2	51	80	0
352	63.644531	63.752604	Eb6	77	80	0
353	63.756510	63.871094	C6	78	80	0
354	63.871094	63.983073	Eb6	81	80	0
355	63.994792	64.105469	G#6	76	80	0
356	64.096354	64.174479	Eb6	79	80	0
357	64.234375	64.322917	C6	81	80	0
358	64.346354	64.433594	Eb6	82	80	0
359	64.453125	64.516927	G#5	74	80	0
360	64.578125	64.652344	Eb5	67	80	0
361	64.695312	64.774740	C5	63	80	0
362	64.824219	64.884115	Eb5	66	80	0
363	64.925781	64.985677	G#4	72	80	0
364	65.033854	65.143229	Eb4	53	80	0
365	65.153646	65.248698	C4	51	80	0
366	65.283854	65.345052	Eb4	60	80	0
367	65.402344	65.492188	G#3	55	80	0
368	65.533854	65.604167	Eb3	52	80	0
369	65.649740	65.733073	C3	47	80	0
370	65.753906	65.843750	Eb3	50	80	0
371	65.855469	65.923177	G#2	64	80	0
372	65.977865	66.069010	Eb3	32	80	0
373	66.105469	66.229167	C3	45	80	0
374	66.203125	66.321615	Eb3	57	80	0
375	66.367188	67.000000	Bb2	50	80	0
376	66.371094	67.098958	G2	47	80	0
377	66.371094	68.319010	Eb2	49	80	0
378	66.618490	66.829427	C#3	44	80	0
379	66.726562	66.803385	Eb3	50	80	0
380	66.861979	67.079427	Bb3	48	80	0
381	66.984375	67.089844	Eb3	45	80	0
382	67.100260	67.378906	C#3	56	80	0
383	67.204427	67.819010	Eb3	54	80	0
384	67.365885	68.429688	G2	51	80	0
385	67.381510	67.569010	Bb3	54	80	0
386	67.485677	67.580729	Eb4	58	80	0
387	67.619792	67.701823	C#4	51	80	0
388	67.722656	67.803385	Eb4	59	80	0
389	67.854167	67.946615	Bb4	64	80	0
390	67.955729	68.018229	Eb4	57	80	0
391	68.074219	68.148438	C#4	55	80	0
392	68.183594	68.348958	Eb4	60	80	0
393	68.330729	68.339844	G1	42	80	0
394	68.333333	69.209635	Eb2	39	80	0
395	68.334635	68.440104	Bb4	74	80	0
396	68.444010	68.598958	Eb5	64	80	0
397	68.575521	68.664062	C#5	63	80	0
398	68.673177	68.790365	Eb5	71	80	0
399	68.802083	69.019531	Bb5	76	80	0
400	68.914062	69.023438	Eb5	66	80	0
401	69.029948	69.149740	C#5	74	80	0
402	69.145833	69.266927	Eb5	79	80	0
403	69.221354	69.809896	Eb2	34	80	0
404	69.276042	69.649740	C5	71	80	0
405	69.278646	69.848958	G#2	50	80	0
406	69.425781	69.540365	G#5	70	80	0
407	69.548177	69.658854	Eb5	74	80	0
408	69.661458	69.785156	G#5	78	80	0
409	69.789062	69.903646	C6	73	80	0
410	69.906250	70.015625	G#5	74	80	0
411	70.032552	70.117188	Eb5	81	80	0
412	70.141927	70.234375	G#5	69	80	0
413	70.259115	70.313802	C5	68	80	0
414	70.385417	70.436198	G#4	59	80	0
415	70.470052	70.589844	Eb4	58	80	0
416	70.598958	70.645833	G#4	67	80	0
417	70.701823	70.776042	C4	57	80	0
418	70.824219	70.917969	G#3	57	80	0
419	70.953125	71.033854	Eb3	57	80	0
420	71.062500	71.174479	G#3	57	80	0
421	71.182292	71.569010	C3	61	80	0
422	71.304688	71.414062	G#3	53	80	0
423	71.434896	71.539062	Eb3	64	80	0
424	71.550781	71.667969	G#3	59	80	0
425	71.664062	71.752604	C4	53	80	0
426	71.777344	71.902344	G#3	58	80	0
427	71.914062	71.992188	Eb3	61	80	0
428	72.027344	72.109375	G#3	55	80	0
429	72.144531	73.139323	D3	68	80	0
430	72.173177	74.539062	F2	43	80	0
431	72.294271	72.395833	Bb3	59	80	0
432	72.430990	72.537760	G#3	57	80	0
433	72.563802	72.626302	Bb3	58	80	0
434	72.661458	72.743490	D4	60	80	0
435	72.766927	72.864583	Bb3	73	80	0
436	72.876302	72.986979	G#3	68	80	0
437	72.997396	73.179688	Bb3	73	80	0
438	73.140625	73.759115	D4	74	80	0
439	73.143229	74.169271	F3	60	80	0
440	73.144531	74.089844	Bb2	58	80	0
441	73.276042	73.391927	Bb4	65	80	0
442	73.391927	73.514323	G#4	70	80	0
443	73.513021	73.593750	Bb4	73	80	0
444	73.608073	73.733073	D5	74	80	0
445	73.721354	73.821615	Bb4	78	80	0
446	73.828125	73.927083	G#4	80	80	0
447	73.923177	74.089844	Bb4	88	80	0
448	74.091146	74.429688	Eb5	86	80	0
449	74.093750	74.859375	Eb3	70	80	0
450	74.101562	74.839844	Bb2	67	80	0
451	74.216146	74.334635	Bb5	70	80	0
452	74.324219	74.470052	G5	76	80	0
453	74.450521	74.580729	Bb5	92	80	0
454	74.563802	74.704427	Eb6	84	80	0
455	74.680990	74.795573	Bb5	92	80	0
456	74.783854	74.917969	G5	87	80	0
457	74.907552	75.035156	Bb5	96	80	0
458	75.035156	75.468750	F5	86	80	0
459	75.044271	75.569010	D3	79	80	0
460	75.048177	75.489583	Bb2	69	80	0
461	75.175781	75.324219	Bb5	73	80	0
462	75.302083	75.424479	G#5	83	80	0
463	75.414062	75.535156	Bb5	85	80	0
464	75.529948	75.651042	F6	86	80	0
465	75.644531	75.869792	Bb5	87	80	0
466	75.766927	75.893229	G#5	90	80	0
467	75.876302	76.014323	Bb5	95	80	0
468	76.005208	76.369792	F5	87	80	0
469	76.006510	76.688802	D4	91	80	0
470	76.015625	76.789062	Bb3	85	80	0
471	76.016927	76.579427	D3	81	80	0
472	76.135417	76.294271	Bb5	81	80	0
473	76.266927	76.406250	G#5	82	80	0
474	76.398438	76.544271	Bb5	83	80	0
475	76.542969	76.769531	F6	89	80	0
476	76.651042	76.807292	Bb5	83	80	0
477	76.782552	76.915365	G#5	93	80	0
478	76.895833	77.013021	Bb5	90	80	0
479	77.035156	77.529948	C#4	85	80	0
480	77.035156	77.848958	G5	88	80	0
481	77.054688	77.829427	Eb3	73	80	0
482	77.062500	77.709635	C#3	74	80	0
483	77.165365	77.429688	Eb6	86	80	0
484	77.307292	77.450521	Bb5	85	80	0
485	77.434896	77.658854	Eb6	86	80	0
486	77.559896	77.899740	G6	92	80	0
487	77.673177	77.919271	Eb6	84	80	0
488	77.803385	77.953125	Bb5	90	80	0
489	77.925781	78.083333	Eb6	92	80	0
490	78.083333	78.539062	G#5	92	80	0
491	78.089844	78.363281	C4	84	80	0
492	78.105469	78.373698	C3	67	80	0
493	78.114583	78.373698	Eb3	54	80	0
494	78.240885	78.385417	G#6	81	80	0
495	78.355469	78.514323	Eb6	89	80	0
496	78.484375	78.699219	G#6	77	80	0
497	78.618490	78.899740	A5	92	80	0
498	78.618490	78.968750	B3	98	80	0
499	78.619792	78.889323	Eb3	79	80	0
500	78.622396	78.769531	B2	88	80	0
501	78.740885	78.885417	A6	88	80	0
502	78.856771	79.007812	Eb6	94	80	0
503	78.994792	79.199219	A6	90	80	0
504	79.114583	79.438802	A5	92	80	0
505	79.123698	79.539062	B4	97	80	0
506	79.131510	79.598958	B3	84	80	0
507	79.135417	79.569010	Eb4	81	80	0
508	79.244792	79.408854	A6	85	80	0
509	79.401042	79.552083	Eb6	84	80	0
510	79.536458	79.699219	A6	78	80	0
511	79.688802	80.019531	Bb5	101	80	0
512	79.695312	80.079427	Bb4	100	80	0
513	79.703125	80.109375	Bb3	86	80	0
514	79.705729	80.098958	Eb4	77	80	0
515	79.812500	79.980469	Bb6	88	80	0
516	79.954427	80.106771	Eb6	89	80	0
517	80.093750	80.359375	Bb6	96	80	0
518	80.225260	80.699219	G#4	94	80	0
519	80.225260	80.718750	Bb5	94	80	0
520	80.234375	80.729167	Eb4	81	80	0
521	80.235677	80.718750	G#3	81	80	0
522	80.367188	80.546875	Bb6	94	80	0
523	80.518229	80.684896	Eb6	90	80	0
524	80.644531	80.869792	Bb6	94	80	0
525	80.804688	81.319010	B5	93	80	0
526	80.812500	81.299479	G4	77	80	0
527	80.815104	81.269531	Eb4	73	80	0
528	80.825521	81.269531	G3	69	80	0
529	80.950521	81.138021	B6	90	80	0
530	81.106771	82.489583	Eb6	93	80	0
531	81.243490	81.979167	B6	100	80	0
532	81.653646	83.729167	C7	72	80	0
533	82.071615	82.878906	G#5	44	80	0
534	82.414062	83.929688	G#4	42	80	0
535	82.673177	83.598958	C6	82	80	0
536	83.005208	84.549479	Bb6	71	80	0
537	83.303385	83.929688	G5	52	80	0
538	83.613281	84.579427	G4	47	80	0
539	83.826823	84.509115	Bb5	72	80	0
540	84.127604	85.378906	G#6	70	80	0
541	84.434896	85.009115	F5	59	80	0
542	84.738281	86.019531	F4	41	80	0
543	84.986979	85.679688	A6	85	80	0
544	85.352865	87.000000	Bb6	79	80	0
545	85.623698	86.348958	G5	65	80	0
546	85.932292	86.759115	G4	48	80	0
547	86.184896	86.989583	Bb5	75	80	0
548	86.492188	87.519531	G#6	72	80	0
549	86.753906	87.438802	F5	60	80	0
550	87.072917	87.869792	F4	46	80	0
551	87.330729	87.673177	G#5	78	80	0
552	87.630208	88.169271	G6	81	80	0
553	87.635417	88.779948	Eb5	60	80	0
554	87.893229	88.299479	G5	75	80	0
555	87.893229	88.579427	Eb4	61	80	0
556	88.171875	88.589844	G#5	85	80	0
557	88.173177	88.507812	F4	61	80	0
558	88.433594	88.908854	G4	65	80	0
559	88.434896	88.929688	Bb5	85	80	0
560	88.746094	89.289062	D6	84	80	0
561	89.182292	89.989583	C6	77	80	0
562	89.184896	89.453125	Bb4	66	80	0
563	89.470052	90.098958	G#4	70	80	0
564	89.713542	90.209635	G#3	58	80	0
565	89.713542	90.529948	C5	83	80	0
566	89.997396	90.423177	C6	83	80	0
567	90.354167	90.653646	G#4	69	80	0
568	90.359375	91.059896	Bb5	85	80	0
569	90.634115	90.930990	G4	73	80	0
570	90.901042	91.269531	G3	58	80	0
571	90.902344	91.809896	Bb4	83	80	0
572	91.173177	91.949219	Bb5	90	80	0
573	91.493490	91.763021	G4	72	80	0
574	91.514323	92.188802	G#5	86	80	0
575	91.773438	92.062500	F4	66	80	0
576	92.072917	93.039062	F#4	59	80	0
577	92.074219	92.848958	A5	86	80	0
578	92.397135	92.968750	C6	72	80	0
579	92.785156	93.044271	G#4	55	80	0
580	92.803385	93.658854	Bb5	74	80	0
581	93.076823	93.397135	G4	62	80	0
582	93.375000	93.789062	Bb4	68	80	0
583	93.375000	93.718750	G3	43	80	0
584	93.670573	94.075521	Bb5	76	80	0
585	94.015625	94.281250	G4	55	80	0
586	94.023438	94.968750	G#5	72	80	0
587	94.315104	94.632812	F4	54	80	0
588	94.613281	94.687500	G#4	66	80	0
589	94.615885	94.878906	F3	52	80	0
590	94.901042	95.255208	G5	69	80	0
591	94.914062	95.378906	Bb4	59	80	0
592	94.924479	95.266927	Eb4	50	80	0
593	94.933594	95.295573	G3	48	80	0
594	95.222656	95.539062	F5	75	80	0
595	95.226562	95.479167	D4	56	80	0
596	95.244792	95.479167	G#3	40	80	0
597	95.497396	95.819010	G5	74	80	0
598	95.502604	95.839844	Eb4	64	80	0
599	95.505208	95.899740	Bb4	63	80	0
600	95.510417	95.859375	G3	55	80	0
601	95.785156	96.049479	D4	65	80	0
602	95.786458	96.158854	G#3	66	80	0
603	95.789062	96.269531	F5	83	80	0
604	96.175781	97.669271	G5	81	80	0
605	96.186198	97.519531	Eb4	62	80	0
606	96.192708	97.799479	G3	60	80	0
607	96.194010	97.188802	Bb4	65	80	0
608	97.493490	98.369792	F5	74	80	0
609	97.503906	98.289062	D4	52	80	0
610	97.510417	98.348958	G#3	46	80	0
611	97.511719	98.279948	Bb4	57	80	0
612	98.704427	99.139323	Bb5	81	80	0
613	98.713542	99.098958	Bb4	73	80	0
614	98.714844	99.109375	Eb4	55	80	0
615	98.716146	99.079427	G3	52	80	0
616	99.023438	99.389323	C4	71	80	0
617	99.024740	99.329427	A5	85	80	0
618	99.028646	99.369792	Eb5	78	80	0
619	99.032552	99.369792	F3	66	80	0
620	99.298177	99.619792	Bb5	90	80	0
621	99.298177	99.639323	Eb4	78	80	0
622	99.302083	99.579427	G3	71	80	0
623	99.303385	99.549479	Bb4	85	80	0
624	99.557292	99.779948	F3	74	80	0
625	99.557292	99.829427	A5	97	80	0
626	99.558594	99.779948	Eb5	91	80	0
627	99.558594	99.729167	C4	79	80	0
628	100.014323	101.289062	Bb5	96	80	0
629	100.024740	100.848958	G3	75	80	0
630	100.024740	100.729167	Eb4	79	80	0
631	100.028646	101.309896	Eb5	82	80	0
632	100.031250	100.859375	Bb4	84	80	0
633	100.033854	100.819010	Bb3	80	80	0
634	101.251302	101.459635	F3	64	80	0
635	101.261719	102.089844	A4	61	80	0
636	101.442708	103.000000	Eb5	70	80	0
637	101.485677	101.563802	G3	43	80	0
638	101.601562	101.859375	F3	39	80	0
639	101.692708	101.819010	G3	41	80	0
640	101.747396	103.149740	C6	83	80	0
641	101.872396	101.942708	G3	52	80	0
642	101.964844	102.024740	F3	48	80	0
643	102.059896	102.158854	G3	47	80	0
644	102.134115	102.194010	F3	48	80	0
645	102.242188	102.309896	G3	50	80	0
646	102.325521	102.423177	F3	54	80	0
647	102.432292	102.522135	G3	59	80	0
648	102.531250	102.614583	F3	58	80	0
649	102.609375	103.019531	Eb3	80	80	0
650	102.795573	102.979167	F3	56	80	0
651	103.023438	103.239583	A4	64	80	0
652	103.032552	103.188802	F3	46	80	0
653	103.106771	104.169271	F5	74	80	0
654	103.148438	103.289062	Eb3	54	80	0
655	103.201823	104.209635	C6	84	80	0
656	103.265625	103.459635	F3	47	80	0
657	103.335938	103.500000	Eb3	60	80	0
658	103.464844	103.514323	F3	43	80	0
659	103.513021	103.669271	Eb3	63	80	0
660	103.635417	103.899740	F3	64	80	0
661	103.678385	103.759115	Eb3	67	80	0
662	103.765625	104.063802	D3	85	80	0
663	104.067708	104.218750	Eb3	56	80	0
664	104.145833	104.229167	Bb4	70	80	0
665	104.234375	105.128906	F5	75	80	0
666	104.277344	104.343750	Eb3	60	80	0
667	104.352865	105.069010	D6	93	80	0
668	104.377604	104.658854	D3	58	80	0
669	104.457031	104.619792	Eb3	60	80	0
670	104.627604	104.769531	Eb3	65	80	0
671	104.735677	105.149740	D3	57	80	0
672	104.871094	105.139323	C3	88	80	0
673	105.144531	105.329427	C3	54	80	0
674	105.225260	105.408854	C5	82	80	0
675	105.244792	105.449219	D3	55	80	0
676	105.319010	106.069010	F5	86	80	0
677	105.368490	105.479167	C3	52	80	0
678	105.432292	106.009115	Eb6	93	80	0
679	105.460938	105.555990	D3	63	80	0
680	105.575521	105.661458	C3	62	80	0
681	105.686198	105.800781	D3	60	80	0
682	105.799479	105.964844	C3	70	80	0
683	105.954427	106.359375	Bb2	95	80	0
684	106.132812	106.319010	C3	67	80	0
685	106.294271	106.446615	D5	73	80	0
686	106.334635	106.579427	C3	66	80	0
687	106.444010	107.259115	F5	95	80	0
688	106.451823	106.649740	Bb2	68	80	0
689	106.584635	106.639323	C3	63	80	0
690	106.593750	107.929688	F6	104	80	0
691	106.658854	106.839844	Bb2	57	80	0
692	106.752604	106.843750	C3	66	80	0
693	106.854167	106.940104	Bb2	62	80	0
694	106.958333	107.040365	C3	73	80	0
695	107.041667	107.182292	Bb2	79	80	0
696	107.164062	107.569010	G#2	97	80	0
697	107.315104	107.500000	Bb2	70	80	0
698	107.514323	107.639323	Bb2	68	80	0
699	107.644531	107.750000	G#2	60	80	0
700	107.734375	107.899740	Bb2	64	80	0
701	107.824219	108.029948	G#2	76	80	0
702	107.835938	108.329427	G6	99	80	0
703	107.914062	108.059896	Bb2	62	80	0
704	108.042969	108.104167	G#2	52	80	0
705	108.118490	108.203125	Bb2	61	80	0
706	108.225260	108.303385	G#2	57	80	0
707	108.316406	108.411458	Bb2	68	80	0
708	108.419271	108.929688	G#6	101	80	0
709	108.427083	108.514323	G#2	87	80	0
710	108.524740	108.639323	Bb2	65	80	0
711	108.623698	108.707031	G#2	74	80	0
712	108.733073	108.804688	Bb2	68	80	0
713	108.813802	108.907552	G#2	62	80	0
714	108.928385	109.009115	Bb2	66	80	0
715	108.993490	109.669271	A6	101	80	0
716	109.015625	109.114583	G#2	70	80	0
717	109.127604	109.217448	Bb2	66	80	0
718	109.223958	109.300781	G#2	70	80	0
719	109.317708	109.434896	Bb2	67	80	0
720	109.386719	109.454427	G#2	76	80	0
721	109.513021	109.584635	Bb2	71	80	0
722	109.572917	109.675781	G#2	69	80	0
723	109.694010	109.789062	Bb2	67	80	0
724	109.774740	111.250000	Bb6	103	80	0
725	109.778646	109.938802	G#2	72	80	0
726	109.906250	110.119792	Bb2	75	80	0
727	110.005208	110.218750	G#2	80	80	0
728	110.177083	110.429688	G2	81	80	0
729	110.324219	110.484375	G#2	80	80	0
730	110.475260	110.626302	Bb2	77	80	0
731	110.609375	110.753906	G#2	79	80	0
732	110.743490	110.901042	G2	86	80	0
733	110.868490	111.039062	F2	85	80	0
734	111.016927	111.276042	Eb2	94	80	0
735	111.390625	111.575521	Eb3	81	80	0
736	111.394531	111.589844	G2	73	80	0
737	111.404948	111.575521	G3	67	80	0
738	111.684896	112.699219	G4	90	80	0
739	111.684896	112.098958	Eb3	81	80	0
740	111.686198	111.871094	G3	79	80	0
741	111.957031	112.121094	D3	90	80	0
742	111.964844	112.134115	G3	73	80	0
743	112.242188	112.649740	D3	73	80	0
744	112.243490	112.393229	G3	74	80	0
745	112.506510	112.644531	C3	82	80	0
746	112.514323	112.638021	G3	69	80	0
747	112.522135	112.619792	Eb3	65	80	0
748	112.772135	113.229167	C3	74	80	0
749	112.774740	112.898438	G3	65	80	0
750	112.781250	113.049479	Eb3	62	80	0
751	113.027344	113.408854	G4	90	80	0
752	113.046875	113.319010	G3	60	80	0
753	113.053385	113.319010	Bb2	60	80	0
754	113.054688	113.319010	Eb3	54	80	0
755	113.324219	113.549479	Bb2	60	80	0
756	113.325521	113.869792	G3	61	80	0
757	113.326823	113.649740	G#4	88	80	0
758	113.334635	113.549479	Eb3	55	80	0
759	113.592448	113.929688	Bb4	101	80	0
760	113.601562	113.859375	Eb3	73	80	0
761	113.602865	113.919271	G#2	69	80	0
762	113.852865	113.983073	C5	98	80	0
763	113.865885	113.981771	G2	77	80	0
764	113.869792	113.989583	Eb3	77	80	0
765	113.875000	113.979167	G3	69	80	0
766	114.095052	114.519531	D5	100	80	0
767	114.102865	114.558594	G3	84	80	0
768	114.104167	114.555990	Eb3	87	80	0
769	114.106771	114.239583	G2	83	80	0
770	114.248698	115.438802	G2	74	80	0
771	114.395833	115.169271	Eb5	104	80	0
772	114.688802	114.882812	G3	89	80	0
773	114.692708	114.882812	Eb3	71	80	0
774	115.002604	115.459635	Eb3	79	80	0
775	115.002604	115.164062	G3	77	80	0
776	115.003906	115.819010	Bb4	97	80	0
777	115.268229	115.415365	D3	90	80	0
778	115.274740	115.411458	G3	75	80	0
779	115.533854	115.684896	D3	81	80	0
780	115.536458	116.239583	G2	78	80	0
781	115.539062	115.729167	Eb3	75	80	0
782	115.542969	115.799479	G3	73	80	0
783	115.804688	116.059896	C3	76	80	0
784	115.807292	115.936198	G3	65	80	0
785	115.813802	116.069010	Eb3	70	80	0
786	116.072917	116.269531	C3	71	80	0
787	116.074219	116.165365	G3	64	80	0
788	116.075521	116.319010	Eb3	64	80	0
789	116.317708	116.635417	D5	84	80	0
790	116.324219	116.477865	G3	70	80	0
791	116.324219	116.490885	Bb2	67	80	0
792	116.326823	116.477865	Eb3	67	80	0
793	116.604167	117.079427	Bb2	73	80	0
794	116.604167	116.705729	G3	67	80	0
795	116.606771	116.929688	Eb5	94	80	0
796	116.608073	116.714844	Eb3	68	80	0
797	116.852865	117.011719	F5	99	80	0
798	116.855469	116.998698	G#2	78	80	0
799	116.856771	117.098958	G3	77	80	0
800	116.858073	116.996094	Eb3	74	80	0
801	117.105469	117.479167	G5	101	80	0
802	117.113281	117.222656	Eb3	77	80	0
803	117.113281	117.221354	G3	79	80	0
804	117.114583	117.348958	G2	85	80	0
805	117.334635	117.739583	G#5	105	80	0
806	117.351562	117.875000	Eb3	80	80	0
807	117.354167	117.846354	G3	82	80	0
808	117.355469	117.845052	G2	78	80	0
809	117.661458	118.468750	Bb5	101	80	0
810	118.007812	118.433594	G3	82	80	0
811	118.011719	118.279948	Eb3	75	80	0
812	118.294271	118.436198	Eb3	73	80	0
813	118.295573	119.239583	Eb5	100	80	0
814	118.300781	118.468750	G2	67	80	0
815	118.562500	118.707031	D3	79	80	0
816	118.563802	118.705729	G3	76	80	0
817	118.566406	118.779948	Eb3	74	80	0
818	118.833333	119.199219	D3	75	80	0
819	118.834635	119.089844	G3	66	80	0
820	118.837240	119.000000	Eb3	70	80	0
821	119.098958	119.348958	C3	83	80	0
822	119.101562	119.359375	G3	79	80	0
823	119.102865	119.359375	Eb3	67	80	0
824	119.358073	119.819010	C3	74	80	0
825	119.364583	119.628906	Eb3	69	80	0
826	119.365885	119.628906	G3	67	80	0
827	119.622396	120.019531	Eb6	92	80	0
828	119.636719	119.889323	Eb3	61	80	0
829	119.638021	119.899740	G3	57	80	0
830	119.643229	120.109375	Bb2	62	80	0
831	119.894531	120.199219	F6	95	80	0
832	119.895833	120.179688	Eb3	53	80	0
833	119.895833	119.908854	G2	64	80	0
834	119.906250	120.179688	G3	61	80	0
835	120.171875	120.579427	G6	102	80	0
836	120.184896	120.438802	Eb3	55	80	0
837	120.192708	120.609375	Bb2	57	80	0
838	120.194010	120.449219	G3	56	80	0
839	120.444010	120.779948	G#6	95	80	0
840	120.454427	120.779948	Eb3	65	80	0
841	120.454427	120.669271	G3	55	80	0
842	120.459635	120.658854	G#2	67	80	0
843	120.766927	121.878906	Bb6	100	80	0
844	120.786458	121.149740	Eb3	56	80	0
845	120.794271	121.109375	G3	58	80	0
846	120.794271	121.098958	G2	61	80	0
847	121.255208	122.059896	C7	98	80	0
848	121.281250	122.438802	Eb3	56	80	0
849	121.285156	122.239583	F3	46	80	0
850	121.287760	122.348958	G#2	49	80	0
851	123.601562	123.949219	F4	46	80	0
852	123.625000	123.908854	A2	33	80	0
853	123.627604	123.878906	F3	31	80	0
854	123.635417	123.898438	Eb3	33	80	0
855	123.936198	124.339844	Bb4	59	80	0
856	123.951823	124.309896	F3	33	80	0
857	123.954427	124.319010	F4	38	80	0
858	123.970052	124.279948	Bb3	34	80	0
859	123.972656	124.225260	D3	34	80	0
860	123.976562	124.319010	Bb2	31	80	0
861	124.764323	125.229167	Bb4	82	80	0
862	124.778646	125.139323	D3	58	80	0
863	124.779948	125.128906	F4	54	80	0
864	124.781250	125.059896	Bb2	57	80	0
865	124.782552	125.059896	Bb3	60	80	0
866	125.101562	126.699219	A4	88	80	0
867	125.134115	126.509115	C3	52	80	0
868	125.135417	126.119792	F4	54	80	0
869	125.139323	126.718750	Eb3	56	80	0
870	126.423177	127.769531	G#4	74	80	0
871	126.454427	127.759115	F4	48	80	0
872	126.455729	127.729167	B3	47	80	0
873	126.462240	127.529948	D3	40	80	0
874	127.716146	127.821615	G4	43	80	0
875	127.718750	128.059896	Bb3	37	80	0
876	127.746094	127.949219	Eb3	25	80	0
877	128.035156	128.369792	G4	45	80	0
878	128.040365	128.449219	Eb6	65	80	0
879	128.040365	128.959635	Eb4	49	80	0
880	128.334635	129.079427	F4	57	80	0
881	128.335938	129.649740	Bb3	53	80	0
882	128.345052	128.677083	D6	76	80	0
883	128.351562	128.829427	G#4	65	80	0
884	128.634115	129.199219	Bb4	68	80	0
885	128.635417	129.009115	C#6	84	80	0
886	128.639323	129.519531	G4	62	80	0
887	128.843750	129.769531	G#4	47	80	0
888	128.994792	129.170573	C6	65	80	0
889	128.997396	129.500000	C5	55	80	0
890	129.158854	129.345052	Bb5	66	80	0
891	129.302083	129.455729	G#5	72	80	0
892	129.437500	129.593750	G5	82	80	0
893	129.576823	129.799479	F#5	80	80	0
894	129.705729	129.949219	F5	88	80	0
895	129.843750	130.139323	E5	87	80	0
896	129.983073	130.218750	Eb5	88	80	0
897	130.114583	130.265625	D5	82	80	0
898	130.253906	130.391927	C#5	84	80	0
899	130.386719	130.454427	C5	82	80	0
900	130.526042	130.699219	B4	83	80	0
901	130.687500	130.885417	Bb4	75	80	0
902	130.835938	130.936198	G#4	75	80	0
903	130.985677	131.149740	G4	61	80	0
904	131.020833	131.149740	F3	35	80	0
905	131.022135	131.154948	A2	35	80	0
906	131.114583	131.277344	F4	67	80	0
907	131.346354	131.695312	Bb4	55	80	0
908	131.377604	131.678385	D4	37	80	0
909	131.382812	131.389323	G#3	36	80	0
910	131.384115	131.670573	F3	32	80	0
911	131.386719	131.673177	Bb2	35	80	0
912	132.493490	132.714844	Bb4	59	80	0
913	132.522135	133.009115	D4	41	80	0
914	132.526042	133.059896	Bb2	33	80	0
915	132.527344	132.989583	G#3	33	80	0
916	133.003906	133.792969	Bb4	62	80	0
917	133.026042	133.829427	G3	35	80	0
918	133.028646	134.389323	Eb3	37	80	0
919	133.031250	135.848958	Eb4	39	80	0
920	133.690104	134.069010	G#3	44	80	0
921	133.692708	134.042969	C5	55	80	0
922	134.023438	134.619792	Bb4	65	80	0
923	134.023438	134.324219	G3	49	80	0
924	134.309896	134.613281	G#4	67	80	0
925	134.316406	134.595052	F3	47	80	0
926	134.588542	134.841146	G4	69	80	0
927	134.600260	134.837240	Eb3	51	80	0
928	134.855469	135.147135	F4	64	80	0
929	134.864583	135.131510	D3	53	80	0
930	135.147135	135.502604	Eb3	61	80	0
931	135.152344	135.514323	G4	75	80	0
932	135.486979	136.669271	G#4	68	80	0
933	135.514323	136.529948	F3	41	80	0
934	135.528646	137.069010	Bb2	41	80	0
935	135.864583	136.539062	C4	52	80	0
936	136.182292	136.494792	Eb4	59	80	0
937	136.496094	136.774740	D4	64	80	0
938	136.773438	137.408854	G4	58	80	0
939	136.781250	137.239583	Eb4	53	80	0
940	136.808594	137.199219	Eb3	39	80	0
941	137.042969	137.375000	Bb3	65	80	0
942	137.054688	137.199219	G2	54	80	0
943	137.355469	137.657552	C4	61	80	0
944	137.389323	137.664062	G#2	38	80	0
945	137.651042	137.929688	Bb3	67	80	0
946	137.660156	137.929688	G2	54	80	0
947	137.917969	138.182292	G#3	69	80	0
948	137.925781	138.182292	F2	51	80	0
949	138.184896	138.483073	G3	70	80	0
950	138.184896	138.477865	Eb2	57	80	0
951	138.445312	138.704427	F3	62	80	0
952	138.462240	138.750000	D2	52	80	0
953	138.723958	139.083333	Eb2	53	80	0
954	138.727865	139.075521	G3	66	80	0
955	139.050781	140.188802	G#3	64	80	0
956	139.092448	139.989583	Bb2	34	80	0
957	139.092448	140.218750	F2	35	80	0
958	139.386719	140.089844	C4	51	80	0
959	139.661458	140.069010	Eb4	53	80	0
960	139.954427	140.289062	D4	58	80	0
961	140.234375	140.558594	F4	54	80	0
962	140.239583	140.899740	G3	49	80	0
963	140.250000	141.218750	Eb2	43	80	0
964	140.526042	140.798177	D4	61	80	0
965	140.802083	141.145833	F4	59	80	0
966	141.105469	141.739583	Eb4	67	80	0
967	141.372396	141.652344	G#4	71	80	0
968	141.394531	141.709635	Bb3	42	80	0
969	141.398438	145.489583	Eb3	35	80	0
970	141.457031	144.269531	G2	38	80	0
971	141.458333	144.239583	Bb2	37	80	0
972	141.643229	141.911458	F4	67	80	0
973	141.907552	142.225260	G#4	75	80	0
974	142.199219	142.729167	G4	79	80	0
975	142.457031	142.755208	C5	74	80	0
976	142.722656	143.036458	A4	82	80	0
977	142.981771	143.317708	C5	78	80	0
978	143.261719	143.609375	Bb4	89	80	0
979	143.515625	143.855469	F5	90	80	0
980	143.783854	144.158854	D5	86	80	0
981	144.036458	144.500000	F5	96	80	0
982	144.335938	144.718750	Eb5	94	80	0
983	144.584635	145.449219	Eb4	63	80	0
984	144.585938	145.119792	G#5	94	80	0
985	144.609375	145.468750	Bb3	58	80	0
986	144.614583	145.500000	G3	51	80	0
987	144.858073	145.319010	F5	93	80	0
988	145.125000	145.679688	G#5	97	80	0
989	145.407552	145.809896	G5	95	80	0
990	145.674479	146.239583	C6	87	80	0
991	145.677083	146.619792	Eb4	55	80	0
992	145.684896	146.598958	Bb3	49	80	0
993	145.703125	146.408854	G3	47	80	0
994	145.959635	146.559896	A5	96	80	0
995	146.247396	146.606771	C6	90	80	0
996	146.545573	147.218750	Bb5	97	80	0
997	147.013021	151.199219	Eb6	94	80	0
998	147.020833	147.509115	Eb4	58	80	0
999	147.037760	147.669271	Bb3	51	80	0
1000	147.040365	147.718750	G3	48	80	0
1001	147.042969	147.779948	Eb3	51	80	0
1002	148.238281	151.029948	Eb2	42	80	0
1003	149.614583	151.059896	Eb5	55	80	0
1004	149.644531	149.938802	Bb3	30	80	0
1005	149.645833	150.378906	Eb3	32	80	0
1006	151.052083	154.699219	C#6	43	80	0
1007	151.054688	154.669271	C#2	25	80	0
1008	152.355469	154.759115	C#3	31	80	0
1009	153.664062	154.739583	C#5	36	80	0
1010	155.526042	158.829427	C6	51	80	0
1011	155.533854	158.519531	C5	45	80	0
1012	155.533854	156.819010	C3	32	80	0
1013	155.535156	155.878906	C2	30	80	0
1014	156.231771	156.315104	G#3	34	80	0
1015	156.238281	156.316406	F3	29	80	0
1016	156.505208	156.628906	F3	30	80	0
1017	156.505208	156.570312	G#3	34	80	0
1018	156.753906	156.938802	G#3	36	80	0
1019	156.761719	157.059896	F3	29	80	0
1020	157.037760	157.878906	C3	37	80	0
1021	157.312500	157.375000	G#3	35	80	0
1022	157.313802	157.375000	F3	31	80	0
1023	157.542969	157.625000	F3	35	80	0
1024	157.544271	157.625000	G#3	40	80	0
1025	157.553385	158.039062	G#5	69	80	0
1026	157.807292	158.098958	G#3	40	80	0
1027	157.820312	157.949219	F3	34	80	0
1028	158.054688	158.639323	G#5	72	80	0
1029	158.057292	158.908854	C3	43	80	0
1030	158.305990	158.384115	G#3	51	80	0
1031	158.309896	158.390625	F3	58	80	0
1032	158.531250	158.593750	G#3	63	80	0
1033	158.532552	158.593750	F3	52	80	0
1034	158.734375	158.889323	G#5	83	80	0
1035	158.746094	158.959635	G#3	50	80	0
1036	158.769531	158.889323	F3	38	80	0
1037	159.026042	159.789062	C#6	85	80	0
1038	159.031250	160.059896	C3	56	80	0
1039	159.044271	159.959635	E5	67	80	0
1040	159.052083	159.919271	G5	74	80	0
1041	159.054688	159.949219	Bb5	71	80	0
1042	159.337240	159.423177	Bb3	52	80	0
1043	159.343750	159.429688	G3	45	80	0
1044	159.596354	159.718750	Bb3	44	80	0
1045	159.598958	160.250000	G3	41	80	0
1046	159.872396	160.239583	Bb3	52	80	0
1047	160.138021	161.079427	C3	52	80	0
1048	160.148438	162.039062	Bb5	77	80	0
1049	160.157552	161.679688	G5	64	80	0
1050	160.160156	161.688802	E5	58	80	0
1051	160.393229	160.463542	Bb3	59	80	0
1052	160.402344	160.472656	G3	50	80	0
1053	160.634115	160.700521	Bb3	55	80	0
1054	160.639323	160.705729	G3	49	80	0
1055	160.863281	161.149740	Bb3	66	80	0
1056	160.882812	161.166667	G3	50	80	0
1057	161.091146	161.878906	C3	57	80	0
1058	161.334635	161.406250	Bb3	59	80	0
1059	161.347656	161.414062	G3	52	80	0
1060	161.569010	161.636719	Bb3	64	80	0
1061	161.571615	161.644531	G3	54	80	0
1062	161.783854	162.229167	Bb3	81	80	0
1063	161.786458	162.179688	G3	64	80	0
1064	161.983073	163.009115	C3	55	80	0
1065	162.053385	164.039062	Bb5	94	80	0
1066	162.057292	163.759115	E5	76	80	0
1067	162.061198	163.438802	G5	80	80	0
1068	162.342448	162.411458	G3	58	80	0
1069	162.343750	162.416667	E3	51	80	0
1070	162.572917	162.639323	G3	58	80	0
1071	162.574219	162.641927	E3	49	80	0
1072	162.800781	163.139323	G3	69	80	0
1073	162.803385	163.098958	E3	60	80	0
1074	163.023438	163.739583	C3	68	80	0
1075	163.276042	163.358073	E3	61	80	0
1076	163.281250	163.361979	G3	58	80	0
1077	163.513021	163.968750	G5	93	80	0
1078	163.514323	163.595052	G3	62	80	0
1079	163.514323	163.593750	E3	56	80	0
1080	163.746094	164.041667	G3	61	80	0
1081	163.750000	164.039062	E3	60	80	0
1082	163.753906	163.959635	C3	60	80	0
1083	163.966146	164.729167	C3	66	80	0
1084	163.975260	164.539062	G5	99	80	0
1085	164.182292	164.253906	G3	62	80	0
1086	164.183594	164.253906	E3	59	80	0
1087	164.415365	164.488281	G3	66	80	0
1088	164.416667	164.492188	E3	62	80	0
1089	164.631510	164.889323	G5	96	80	0
1090	164.634115	164.829427	E3	63	80	0
1091	164.634115	164.869792	G3	68	80	0
1092	164.854167	165.759115	C3	57	80	0
1093	164.860677	165.019531	E3	54	80	0
1094	164.911458	165.968750	C6	93	80	0
1095	164.919271	165.589844	F5	76	80	0
1096	164.920573	165.679688	G#5	83	80	0
1097	164.924479	165.619792	C5	80	80	0
1098	165.183594	165.264323	G#3	58	80	0
1099	165.184896	165.257812	F3	57	80	0
1100	165.411458	165.480469	G#3	64	80	0
1101	165.415365	165.539062	F3	65	80	0
1102	165.644531	165.919271	G#3	71	80	0
1103	165.645833	165.938802	F3	61	80	0
1104	165.876302	167.750000	G#5	95	80	0
1105	165.884115	166.658854	C3	66	80	0
1106	165.885417	167.269531	F5	79	80	0
1107	165.885417	167.789062	C5	73	80	0
1108	166.096354	166.175781	G#3	67	80	0
1109	166.096354	166.170573	F3	57	80	0
1110	166.334635	166.403646	G#3	65	80	0
1111	166.343750	166.402344	F3	54	80	0
1112	166.558594	166.789062	G#3	69	80	0
1113	166.563802	166.799479	F3	57	80	0
1114	166.779948	167.500000	C3	59	80	0
1115	167.024740	167.091146	G#3	60	80	0
1116	167.024740	167.087240	F3	51	80	0
1117	167.246094	167.313802	G#3	64	80	0
1118	167.247396	167.313802	F3	54	80	0
1119	167.473958	167.520833	G#3	56	80	0
1120	167.473958	167.628906	F3	53	80	0
1121	167.707031	168.009115	F2	48	80	0
1122	167.757812	169.919271	G#5	85	80	0
1123	167.794271	169.179688	F5	40	80	0
1124	167.803385	170.369792	C5	39	80	0
1125	168.058594	168.369792	C3	43	80	0
1126	168.279948	168.639323	D3	53	80	0
1127	168.494792	168.779948	E3	56	80	0
1128	168.733073	168.914062	F3	56	80	0
1129	168.955729	169.180990	G3	55	80	0
1130	169.192708	169.539062	F5	75	80	0
1131	169.195312	169.424479	G#3	55	80	0
1132	169.427083	169.662760	Bb3	61	80	0
1133	169.671875	169.897135	C4	61	80	0
1134	169.674479	170.169271	F5	89	80	0
1135	169.889323	170.139323	G#3	60	80	0
1136	170.106771	170.272135	G3	62	80	0
1137	170.304688	170.429688	F3	62	80	0
1138	170.307292	170.628906	F5	86	80	0
1139	170.576823	170.829427	C3	61	80	0
1140	170.585938	171.549479	Bb5	81	80	0
1141	170.602865	171.329427	G5	72	80	0
1142	170.611979	171.250000	C5	64	80	0
1143	170.614583	171.269531	E5	59	80	0
1144	170.815104	171.049479	B1	68	80	0
1145	171.033854	171.718750	C2	69	80	0
1146	171.263021	171.539062	B1	75	80	0
1147	171.494792	173.009115	G5	85	80	0
1148	171.498698	173.009115	E5	79	80	0
1149	171.500000	172.949219	C5	79	80	0
1150	171.713542	171.968750	E2	61	80	0
1151	171.942708	172.106771	G2	67	80	0
1152	172.152344	172.373698	B2	66	80	0
1153	172.384115	172.591146	C3	62	80	0
1154	172.623698	172.861979	Bb2	55	80	0
1155	172.854167	173.079427	G#2	63	80	0
1156	173.084635	173.339844	G2	66	80	0
1157	173.324219	173.654948	F2	60	80	0
1158	173.343750	174.949219	G#5	83	80	0
1159	173.350260	174.319010	F5	68	80	0
1160	173.351562	175.079427	C5	70	80	0
1161	173.605469	173.821615	C3	46	80	0
1162	173.845052	174.229167	D3	53	80	0
1163	174.061198	174.378906	E3	56	80	0
1164	174.304688	174.483073	F3	60	80	0
1165	174.523438	174.756510	G3	61	80	0
1166	174.761719	174.997396	G#3	63	80	0
1167	174.764323	175.098958	F5	75	80	0
1168	174.996094	175.329427	Bb3	72	80	0
1169	175.251302	175.739583	C4	72	80	0
1170	175.253906	175.809896	F5	85	80	0
1171	175.274740	175.989583	G#4	74	80	0
1172	175.276042	176.000000	C5	71	80	0
1173	175.493490	175.809896	G#3	70	80	0
1174	175.714844	175.923177	G3	68	80	0
1175	175.936198	176.259115	F3	70	80	0
1176	175.941406	176.319010	F5	89	80	0
1177	176.220052	176.549479	Eb3	62	80	0
1178	176.244792	176.848958	C#5	72	80	0
1179	176.246094	177.098958	F#5	87	80	0
1180	176.247396	177.049479	F#4	74	80	0
1181	176.522135	176.829427	Eb2	66	80	0
1182	176.763021	177.059896	F2	65	80	0
1183	176.986979	177.329427	F#2	72	80	0
1184	177.240885	179.289062	Eb5	83	80	0
1185	177.243490	178.309896	F#4	85	80	0
1186	177.251302	178.829427	C5	75	80	0
1187	177.260417	177.481771	G#2	66	80	0
1188	177.498698	177.726562	A2	62	80	0
1189	177.707031	177.964844	Bb2	74	80	0
1190	177.962240	178.196615	G#2	71	80	0
1191	178.225260	179.049479	G#4	77	80	0
1192	178.230469	178.441406	F#2	51	80	0
1193	178.480469	178.776042	F2	56	80	0
1194	178.781250	179.088542	F#4	77	80	0
1195	178.790365	179.078125	Eb2	51	80	0
1196	179.072917	179.429688	G#2	64	80	0
1197	179.380208	181.109375	F5	73	80	0
1198	179.384115	179.729167	C#2	56	80	0
1199	179.395833	181.119792	F4	58	80	0
1200	179.398438	180.739583	C#5	59	80	0
1201	179.707031	180.239583	C#3	58	80	0
1202	179.924479	180.250000	Eb3	59	80	0
1203	180.161458	181.408854	F3	62	80	0
1204	180.384115	180.859375	F#3	58	80	0
1205	180.615885	180.869792	G#3	67	80	0
1206	180.854167	181.088542	Bb3	63	80	0
1207	180.854167	181.158854	C#5	73	80	0
1208	181.093750	181.459635	G#3	69	80	0
1209	181.335938	181.848958	C#5	79	80	0
1210	181.338542	181.523438	F#3	63	80	0
1211	181.354167	182.079427	G#4	63	80	0
1212	181.355469	182.009115	F4	57	80	0
1213	181.552083	181.819010	F3	67	80	0
1214	181.782552	181.992188	Eb3	73	80	0
1215	181.983073	182.199219	C#3	69	80	0
1216	181.988281	182.209635	C#5	90	80	0
1217	182.277344	183.079427	F#5	92	80	0
1218	182.281250	182.500000	G#2	69	80	0
1219	182.289062	182.968750	F#4	74	80	0
1220	182.292969	183.029948	Eb5	81	80	0
1221	182.294271	182.878906	C5	70	80	0
1222	182.524740	182.799479	G1	58	80	0
1223	182.730469	183.069010	G#1	66	80	0
1224	182.967448	183.369792	G1	69	80	0
1225	183.160156	183.559896	G#1	69	80	0
1226	183.223958	185.188802	Eb5	88	80	0
1227	183.223958	184.839844	F#4	72	80	0
1228	183.230469	184.869792	C5	74	80	0
1229	183.464844	183.688802	Bb1	70	80	0
1230	183.683594	183.930990	C2	71	80	0
1231	183.906250	184.149740	C#2	72	80	0
1232	184.149740	184.347656	Eb2	60	80	0
1233	184.378906	184.614583	F2	59	80	0
1234	184.592448	185.000000	F#2	64	80	0
1235	184.834635	185.188802	G#2	72	80	0
1236	185.062500	185.438802	C#2	59	80	0
1237	185.095052	186.908854	F5	84	80	0
1238	185.102865	186.348958	C5	90	80	0
1239	185.104167	186.128906	F4	80	80	0
1240	185.394531	185.648438	A2	57	80	0
1241	185.647135	185.838542	Bb2	68	80	0
1242	185.860677	186.179688	A2	64	80	0
1243	186.026042	186.375000	Bb2	60	80	0
1244	186.111979	187.979167	Bb4	88	80	0
1245	186.135417	187.989583	F4	55	80	0
1246	186.393229	186.704427	C3	60	80	0
1247	186.657552	187.089844	C#5	79	80	0
1248	186.657552	186.942708	C#3	61	80	0
1249	186.928385	187.239583	Eb3	68	80	0
1250	187.182292	187.779948	C#5	88	80	0
1251	187.186198	187.649740	F3	70	80	0
1252	187.425781	187.652344	C#3	74	80	0
1253	187.651042	187.873698	C3	74	80	0
1254	187.856771	188.037760	Bb2	74	80	0
1255	187.858073	188.229167	C#5	98	80	0
1256	188.031250	188.669271	C3	67	80	0
1257	188.148438	189.309896	Eb5	95	80	0
1258	188.154948	190.579427	Bb4	90	80	0
1259	188.154948	190.569010	F4	77	80	0
1260	188.384115	188.714844	C2	70	80	0
1261	188.679688	188.964844	C#2	75	80	0
1262	188.944010	189.214844	Eb2	67	80	0
1263	189.205729	191.438802	C5	83	80	0
1264	189.220052	189.451823	F2	60	80	0
1265	189.442708	189.686198	F#2	74	80	0
1266	189.694010	189.942708	F2	65	80	0
1267	189.927083	190.158854	E2	65	80	0
1268	190.183594	191.419271	A4	74	80	0
1269	190.183594	190.779948	F2	56	80	0
1270	190.458333	190.809896	F1	52	80	0
1271	190.742188	191.949219	F4	72	80	0
1272	190.742188	191.399740	G1	51	80	0
1273	191.014323	191.500000	A1	57	80	0
1274	191.333333	191.908854	Bb1	41	80	0
1275	191.334635	193.639323	C#5	78	80	0
1276	191.664062	191.986979	F2	50	80	0
1277	191.962240	192.201823	G2	50	80	0
1278	191.963542	194.489583	F4	73	80	0
1279	192.235677	192.457031	A2	52	80	0
1280	192.490885	192.735677	Bb2	54	80	0
1281	192.752604	193.016927	C3	52	80	0
1282	192.998698	193.549479	Bb4	72	80	0
1283	193.003906	193.302083	C#3	49	80	0
1284	193.270833	193.598958	Eb3	56	80	0
1285	193.545573	194.269531	F3	48	80	0
1286	193.557292	194.269531	Bb4	74	80	0
1287	193.792969	194.109375	C#3	57	80	0
1288	194.035156	194.359375	C3	55	80	0
1289	194.272135	194.539062	Bb2	59	80	0
1290	194.281250	194.457031	Bb4	76	80	0
1291	194.532552	195.109375	F2	55	80	0
1292	194.533854	194.539062	F1	56	80	0
1293	194.588542	195.688802	Eb5	81	80	0
1294	194.596354	196.699219	Bb4	64	80	0
1295	194.600260	196.609375	F4	61	80	0
1296	194.808594	195.098958	F1	65	80	0
1297	195.074219	195.438802	G1	60	80	0
1298	195.311198	195.649740	A1	68	80	0
1299	195.548177	195.559896	Bb2	67	80	0
1300	195.557292	195.819010	Bb1	68	80	0
1301	195.566406	197.878906	C5	85	80	0
1302	195.813802	196.096354	C2	76	80	0
1303	196.062500	196.333333	C#2	77	80	0
1304	196.304688	196.589844	Eb2	70	80	0
1305	196.600260	196.863281	F2	57	80	0
1306	196.604167	196.619792	F3	55	80	0
1307	196.613281	197.878906	A4	74	80	0
1308	196.617188	197.809896	F4	55	80	0
1309	196.875000	197.199219	Eb2	51	80	0
1310	197.162760	197.598958	C#2	56	80	0
1311	197.417969	197.799479	C2	54	80	0
1312	197.787760	198.158854	Bb1	47	80	0
1313	197.794271	200.809896	C#5	70	80	0
1314	197.822917	199.399740	Bb4	57	80	0
1315	197.822917	201.149740	F4	43	80	0
1316	198.134115	198.829427	A2	42	80	0
1317	198.406250	198.729167	Bb2	51	80	0
1318	198.652344	198.901042	C3	61	80	0
1319	198.891927	199.438802	C#3	62	80	0
1320	199.153646	199.411458	Eb3	64	80	0
1321	199.408854	200.109375	F3	49	80	0
1322	199.410156	199.989583	Bb4	73	80	0
1323	199.704427	200.029948	Eb3	58	80	0
1324	199.994792	200.246094	C#3	47	80	0
1325	199.996094	200.769531	Bb4	71	80	0
1326	200.286458	200.729167	C3	48	80	0
1327	200.575521	200.949219	Bb2	47	80	0
1328	200.886719	201.250000	Bb4	71	80	0
1329	200.886719	201.139323	G#2	44	80	0
1330	201.381510	201.779948	G#2	42	80	0
1331	201.384115	202.619792	C#5	69	80	0
1332	201.385417	202.408854	Bb4	61	80	0
1333	201.386719	203.029948	Eb4	50	80	0
1334	201.811198	202.139323	D2	44	80	0
1335	202.091146	202.389323	Eb2	50	80	0
1336	202.354167	202.576823	F2	55	80	0
1337	202.611979	202.949219	G2	46	80	0
1338	202.614583	202.743490	Bb4	61	80	0
1339	202.772135	202.865885	C5	52	80	0
1340	202.899740	203.009115	Bb4	57	80	0
1341	202.962240	203.187500	G#2	47	80	0
1342	202.993490	203.059896	C5	48	80	0
1343	203.046875	203.149740	Bb4	53	80	0
1344	203.139323	203.218750	C5	46	80	0
1345	203.169271	203.424479	Bb2	48	80	0
1346	203.225260	203.309896	Bb4	50	80	0
1347	203.274740	203.334635	C5	59	80	0
1348	203.371094	203.419271	Bb4	52	80	0
1349	203.446615	203.500000	C5	56	80	0
1350	203.446615	204.049479	G#2	42	80	0
1351	203.532552	203.565104	Bb4	59	80	0
1352	203.585938	203.644531	C5	56	80	0
1353	203.683594	203.734375	Bb4	61	80	0
1354	203.714844	203.759115	G2	37	80	0
1355	203.763021	203.822917	C5	60	80	0
1356	203.851562	203.899740	Bb4	70	80	0
1357	203.921875	203.984375	C5	67	80	0
1358	204.003906	204.055990	Bb4	74	80	0
1359	204.074219	204.218750	F2	43	80	0
1360	204.078125	204.143229	C5	77	80	0
1361	204.160156	204.210938	Bb4	72	80	0
1362	204.230469	204.305990	C5	65	80	0
1363	204.325521	204.398438	Bb4	80	80	0
1364	204.385417	204.729167	Eb2	46	80	0
1365	204.421875	204.518229	B4	79	80	0
1366	204.545573	204.614583	C5	70	80	0
1367	204.647135	204.709635	B4	70	80	0
1368	204.739583	204.794271	C5	61	80	0
1369	204.824219	204.881510	B4	70	80	0
1370	204.914062	204.962240	C5	60	80	0
1371	205.014323	205.179688	C2	38	80	0
1372	205.024740	205.058594	B4	60	80	0
1373	205.079427	205.127604	C5	69	80	0
1374	205.154948	205.212240	B4	66	80	0
1375	205.231771	205.274740	C5	64	80	0
1376	205.283854	205.529948	Bb1	33	80	0
1377	205.335938	205.408854	B4	56	80	0
1378	205.394531	205.509115	C5	66	80	0
1379	205.471354	205.799479	B4	74	80	0
1380	205.671875	205.799479	C#1	34	80	0
1381	206.024740	207.500000	C5	64	80	0
1382	206.052083	207.718750	Eb4	35	80	0
1383	206.055990	207.559896	C4	31	80	0
1384	206.330729	206.412760	Eb2	30	80	0
1385	206.453125	206.589844	C2	34	80	0
1386	206.571615	206.670573	Eb2	37	80	0
1387	206.714844	207.169271	G#2	46	80	0
1388	206.942708	207.005208	Eb3	37	80	0
1389	207.113281	207.164062	C3	28	80	0
1390	207.196615	207.265625	Eb3	41	80	0
1391	207.377604	207.529948	G#2	22	80	0
1392	207.483073	207.552083	Eb3	36	80	0
1393	207.613281	207.779948	C3	40	80	0
1394	207.764323	207.835938	Eb3	38	80	0
1395	207.876302	208.250000	G#4	60	80	0
1396	207.884115	208.209635	C4	40	80	0
1397	207.884115	208.239583	G#3	39	80	0
1398	207.889323	208.269531	Eb4	46	80	0
1399	208.074219	208.179688	Eb3	23	80	0
1400	208.205729	208.579427	C3	38	80	0
1401	208.305990	208.549479	Eb3	43	80	0
1402	208.440104	209.039062	G#4	73	80	0
1403	208.464844	208.779948	C4	42	80	0
1404	208.464844	209.199219	Eb4	50	80	0
1405	208.617188	208.690104	G#3	55	80	0
1406	208.717448	208.878906	Eb3	46	80	0
1407	208.815104	208.903646	G#3	48	80	0
1408	208.951823	209.139323	C4	56	80	0
1409	209.069010	209.123698	G#3	51	80	0
1410	209.123698	209.479167	G#4	78	80	0
1411	209.164062	209.348958	Eb3	56	80	0
1412	209.269531	209.436198	G#3	61	80	0
1413	209.455729	210.609375	C#5	71	80	0
1414	209.483073	209.899740	Bb2	48	80	0
1415	209.484375	210.269531	Eb4	52	80	0
1416	209.485677	210.149740	G4	56	80	0
1417	209.772135	210.000000	Eb3	47	80	0
1418	209.901042	209.975260	G3	43	80	0
1419	210.035156	210.121094	Bb3	57	80	0
1420	210.186198	210.250000	G3	41	80	0
1421	210.303385	210.385417	Eb3	38	80	0
1422	210.455729	210.658854	G3	43	80	0
1423	210.593750	212.389323	Bb4	73	80	0
1424	210.605469	211.049479	C#3	49	80	0
1425	210.614583	212.259115	Eb4	48	80	0
1426	210.619792	212.209635	G4	49	80	0
1427	210.761719	210.824219	G3	42	80	0
1428	210.867188	211.009115	Eb3	50	80	0
1429	210.964844	211.039062	G3	48	80	0
1430	211.095052	211.389323	Bb3	61	80	0
1431	211.222656	211.313802	G3	58	80	0
1432	211.350260	211.433594	Eb3	49	80	0
1433	211.466146	211.550781	G3	46	80	0
1434	211.589844	212.049479	C#3	53	80	0
1435	211.727865	211.803385	G3	47	80	0
1436	211.843750	212.119792	Eb3	55	80	0
1437	211.955729	212.027344	G3	48	80	0
1438	212.065104	212.250000	Bb3	66	80	0
1439	212.194010	212.274740	G3	64	80	0
1440	212.303385	212.519531	Eb3	58	80	0
1441	212.406250	212.589844	G3	58	80	0
1442	212.535156	213.389323	C3	58	80	0
1443	212.580729	212.679688	Eb3	58	80	0
1444	212.589844	213.959635	Eb5	89	80	0
1445	212.615885	214.009115	Eb4	62	80	0
1446	212.623698	214.019531	G#4	63	80	0
1447	212.798177	212.889323	G#3	60	80	0
1448	212.923177	213.006510	Eb3	57	80	0
1449	213.045573	213.114583	G#3	60	80	0
1450	213.154948	213.399740	C4	55	80	0
1451	213.276042	213.352865	G#3	61	80	0
1452	213.378906	213.829427	Eb3	63	80	0
1453	213.486979	213.575521	G#3	71	80	0
1454	213.608073	214.089844	C3	64	80	0
1455	213.735677	213.842448	C4	70	80	0
1456	213.860677	214.119792	G#3	69	80	0
1457	213.967448	214.063802	C4	79	80	0
1458	214.083333	214.549479	D5	89	80	0
1459	214.095052	214.247396	D4	71	80	0
1460	214.110677	214.479167	G#4	69	80	0
1461	214.121094	214.354167	B2	67	80	0
1462	214.246094	214.343750	B3	73	80	0
1463	214.352865	214.455729	G#3	79	80	0
1464	214.466146	214.575521	B3	86	80	0
1465	214.593750	215.079427	Eb5	95	80	0
1466	214.595052	215.109375	C3	75	80	0
1467	214.595052	214.889323	Eb4	84	80	0
1468	214.600260	214.959635	G#4	76	80	0
1469	214.714844	214.822917	C4	68	80	0
1470	214.842448	215.098958	G#3	77	80	0
1471	214.953125	215.053385	C4	87	80	0
1472	215.065104	215.589844	F5	93	80	0
1473	215.067708	215.298177	C#3	78	80	0
1474	215.082031	215.489583	G#4	80	80	0
1475	215.092448	215.359375	F4	71	80	0
1476	215.204427	215.294271	C#4	72	80	0
1477	215.302083	215.406250	G#3	76	80	0
1478	215.416667	215.501302	C#4	79	80	0
1479	215.526042	215.859375	Eb5	97	80	0
1480	215.527344	215.760417	Eb3	78	80	0
1481	215.658854	215.746094	Eb4	75	80	0
1482	215.766927	215.989583	G3	75	80	0
1483	215.869792	215.973958	Eb4	80	80	0
1484	215.872396	216.069010	Eb5	76	80	0
1485	215.981771	216.429688	F3	90	80	0
1486	215.984375	216.479167	D5	89	80	0
1487	216.105469	216.199219	F4	75	80	0
1488	216.223958	216.399740	G#3	76	80	0
1489	216.332031	216.412760	F4	79	80	0
1490	216.458333	216.614583	C#5	87	80	0
1491	216.459635	216.769531	G3	83	80	0
1492	216.604167	216.683594	G4	74	80	0
1493	216.688802	216.839844	Eb5	71	80	0
1494	216.692708	216.829427	Bb4	57	80	0
1495	216.731771	217.098958	Bb3	77	80	0
1496	216.794271	216.858073	C#5	75	80	0
1497	216.834635	217.149740	G4	81	80	0
1498	216.845052	216.895833	Eb5	69	80	0
1499	216.957031	217.309896	Eb3	76	80	0
1500	216.975260	217.050781	Eb5	73	80	0
1501	217.063802	217.110677	C#5	72	80	0
1502	217.092448	217.148438	Eb4	71	80	0
1503	217.134115	217.250000	Eb5	67	80	0
1504	217.164062	217.252604	G3	59	80	0
1505	217.210938	217.339844	C#5	76	80	0
1506	217.259115	217.316406	Eb5	76	80	0
1507	217.295573	217.399740	Eb4	75	80	0
1508	217.347656	217.399740	C#5	67	80	0
1509	217.419271	217.809896	F3	86	80	0
1510	217.423177	217.609375	Eb5	85	80	0
1511	217.500000	217.544271	C#5	71	80	0
1512	217.549479	217.643229	F4	71	80	0
1513	217.651042	217.809896	C#5	79	80	0
1514	217.657552	217.938802	G#3	71	80	0
1515	217.694010	217.819010	G#4	57	80	0
1516	217.694010	218.029948	Eb5	58	80	0
1517	217.777344	217.949219	F4	68	80	0
1518	217.816406	217.959635	C#5	75	80	0
1519	217.897135	218.289062	G3	70	80	0
1520	217.936198	218.299479	C5	86	80	0
1521	218.083333	218.199219	G4	64	80	0
1522	218.186198	218.199219	C#5	33	80	0
1523	218.246094	218.579427	Bb3	75	80	0
1524	218.253906	218.372396	Bb4	83	80	0
1525	218.380208	218.589844	G4	77	80	0
1526	218.467448	218.479167	C#5	45	80	0
1527	218.622396	220.069010	Eb4	86	80	0
1528	218.623698	219.098958	G#4	68	80	0
1529	218.625000	219.829427	C4	67	80	0
1530	218.812500	218.908854	Eb5	56	80	0
1531	218.955729	219.119792	C5	55	80	0
1532	219.067708	219.239583	Eb5	65	80	0
1533	219.210938	219.333333	G#5	73	80	0
1534	219.333333	219.423177	Eb6	63	80	0
1535	219.441406	219.550781	C6	64	80	0
1536	219.558594	219.684896	Eb6	75	80	0
1537	219.678385	219.794271	G#6	69	80	0
1538	219.805990	219.915365	G#5	71	80	0
1539	219.938802	220.037760	G#6	64	80	0
1540	220.044271	220.138021	G#5	73	80	0
1541	220.154948	220.539062	C4	72	80	0
1542	220.164062	220.529948	G#3	64	80	0
1543	220.164062	220.273438	G#6	69	80	0
1544	220.294271	220.395833	G#5	70	80	0
1545	220.415365	220.519531	G#6	78	80	0
1546	220.523438	220.643229	G#5	85	80	0
1547	220.651042	220.764323	G#6	83	80	0
1548	220.662760	221.199219	G#3	71	80	0
1549	220.662760	221.199219	C4	85	80	0
1550	220.783854	220.885417	G#5	85	80	0
1551	220.897135	221.006510	G#6	83	80	0
1552	221.010417	221.122396	G#5	90	80	0
1553	221.131510	221.269531	G#6	84	80	0
1554	221.250000	221.342448	G#5	94	80	0
1555	221.330729	221.609375	C4	87	80	0
1556	221.330729	221.589844	G#3	73	80	0
1557	221.364583	221.529948	G#6	96	80	0
1558	221.501302	221.595052	G#5	91	80	0
1559	221.575521	223.158854	F4	85	80	0
1560	221.575521	222.399740	C#4	79	80	0
1561	221.622396	221.755208	G#6	92	80	0
1562	221.757812	221.855469	G#5	84	80	0
1563	221.876302	222.019531	G#6	82	80	0
1564	222.003906	222.113281	G#5	86	80	0
1565	222.125000	222.269531	G#6	78	80	0
1566	222.260417	222.364583	G#5	79	80	0
1567	222.376302	222.489583	G#6	77	80	0
1568	222.514323	222.613281	G#5	84	80	0
1569	222.621094	224.569010	C#4	91	80	0
1570	222.625000	224.619792	Bb3	87	80	0
1571	222.634115	222.755208	G#6	82	80	0
1572	222.776042	222.873698	G#5	80	80	0
1573	222.893229	223.000000	G#6	89	80	0
1574	223.011719	223.105469	G#5	85	80	0
1575	223.125000	223.239583	G#6	85	80	0
1576	223.246094	223.343750	G#5	88	80	0
1577	223.356771	223.458333	G#6	90	80	0
1578	223.471354	223.572917	G#5	97	80	0
1579	223.579427	223.729167	G#6	94	80	0
1580	223.696615	223.803385	G#5	100	80	0
1581	223.805990	223.959635	G#6	95	80	0
1582	223.927083	224.035156	G#5	102	80	0
1583	224.041667	224.188802	G#6	96	80	0
1584	224.153646	224.256510	G#5	102	80	0
1585	224.264323	224.395833	G#6	96	80	0
1586	224.358073	224.959635	G#5	101	80	0
1587	224.584635	225.569010	G#6	96	80	0
1588	224.593750	227.239583	F#4	92	80	0
1589	224.596354	225.649740	Eb4	85	80	0
1590	225.247396	226.209635	F#6	96	80	0
1591	225.610677	226.408854	F6	100	80	0
1592	225.933594	228.149740	Eb4	86	80	0
1593	225.933594	227.919271	C4	69	80	0
1594	226.247396	226.428385	Eb6	93	80	0
1595	226.393229	226.572917	D6	91	80	0
1596	226.539062	226.701823	Eb6	94	80	0
1597	226.680990	226.848958	F6	91	80	0
1598	226.815104	227.119792	F#6	91	80	0
1599	226.954427	227.199219	F6	86	80	0
1600	227.126302	228.479167	G#4	77	80	0
1601	227.127604	227.339844	Eb6	89	80	0
1602	227.286458	227.470052	F6	73	80	0
1603	227.446615	227.799479	Eb6	78	80	0
1604	227.602865	227.790365	C#6	75	80	0
1605	227.783854	228.128906	C6	66	80	0
1606	227.946615	228.156250	Bb5	74	80	0
1607	228.119792	228.699219	G#5	67	80	0
1608	228.304688	229.069010	F#5	72	80	0
1609	228.533854	230.009115	C#4	31	80	0
1610	228.667969	232.500000	F5	64	80	0
1611	229.196615	229.429688	F4	28	80	0
1612	229.196615	229.304688	G#4	40	80	0
1613	229.489583	229.566406	G#4	36	80	0
1614	229.496094	229.688802	F4	26	80	0
1615	229.792969	230.158854	G#4	43	80	0
1616	229.807292	230.179688	F4	31	80	0
1617	230.083333	231.019531	C#4	23	80	0
1618	230.376302	230.454427	G#4	43	80	0
1619	230.382812	230.455729	F4	30	80	0
1620	230.645833	230.743490	G#4	57	80	0
1621	230.649740	232.500000	G#5	75	80	0
1622	230.653646	230.746094	F4	39	80	0
1623	230.930990	231.304688	G#4	53	80	0
1624	230.953125	231.299479	F4	35	80	0
1625	231.207031	232.459635	C#4	40	80	0
1626	231.492188	231.565104	G#4	51	80	0
1627	231.493490	231.658854	F4	39	80	0
1628	231.748698	231.850260	F4	36	80	0
1629	231.759115	231.919271	G#4	49	80	0
1630	231.761719	232.419271	C#6	81	80	0
1631	232.087240	232.519531	G#4	44	80	0
1632	232.093750	232.481771	F4	41	80	0
1633	232.429688	233.819010	C#6	75	80	0
1634	232.433594	233.529948	Eb4	38	80	0
1635	232.795573	232.864583	G#4	40	80	0
1636	232.795573	232.949219	F#4	36	80	0
1637	233.091146	233.098958	Bb3	29	80	0
1638	233.093750	233.151042	G#4	36	80	0
1639	233.093750	233.229167	F#4	35	80	0
1640	233.385417	233.750000	G#4	46	80	0
1641	233.399740	233.839844	F#4	36	80	0
1642	233.662760	234.569010	Eb4	40	80	0
1643	233.665365	235.908854	C6	67	80	0
1644	233.954427	234.054688	G#4	43	80	0
1645	233.955729	234.055990	F#4	42	80	0
1646	234.221354	234.289062	F#4	41	80	0
1647	234.222656	234.294271	G#4	51	80	0
1648	234.492188	234.718750	G#4	47	80	0
1649	234.503906	234.809896	F#4	44	80	0
1650	234.750000	235.509115	Eb4	39	80	0
1651	235.016927	235.083333	G#4	52	80	0
1652	235.023438	235.087240	F#4	43	80	0
1653	235.269531	235.334635	G#4	48	80	0
1654	235.274740	235.333333	F#4	38	80	0
1655	235.537760	235.639323	G#4	56	80	0
1656	235.588542	235.628906	F#4	19	80	0
1657	235.783854	236.859375	F#4	49	80	0
1658	235.865885	238.119792	Eb6	80	80	0
1659	236.222656	236.285156	G#4	38	80	0
1660	236.222656	236.291667	Eb5	45	80	0
1661	236.223958	236.287760	C5	40	80	0
1662	236.485677	236.557292	G#4	40	80	0
1663	236.494792	236.563802	Eb5	41	80	0
1664	236.494792	236.561198	C5	39	80	0
1665	236.753906	237.079427	G#4	49	80	0
1666	236.753906	237.098958	Eb5	55	80	0
1667	236.755208	237.069010	C5	50	80	0
1668	237.016927	237.968750	F#4	47	80	0
1669	237.322917	237.395833	G#4	46	80	0
1670	237.322917	237.410156	Eb5	51	80	0
1671	237.326823	237.399740	C5	44	80	0
1672	237.571615	239.089844	C6	81	80	0
1673	237.589844	237.660156	Eb5	51	80	0
1674	237.592448	237.729167	G#4	46	80	0
1675	237.596354	237.657552	C5	51	80	0
1676	237.858073	238.169271	Eb5	62	80	0
1677	237.865885	238.209635	C5	56	80	0
1678	237.869792	238.188802	G#4	47	80	0
1679	238.118490	239.049479	F#4	50	80	0
1680	238.376302	238.471354	Eb5	62	80	0
1681	238.382812	238.463542	G#4	53	80	0
1682	238.391927	238.467448	C5	48	80	0
1683	238.626302	239.089844	G#5	86	80	0
1684	238.653646	238.733073	G#4	52	80	0
1685	238.657552	238.743490	Eb5	57	80	0
1686	238.657552	238.733073	C5	54	80	0
1687	238.933594	239.259115	Eb5	77	80	0
1688	238.944010	239.188802	C5	59	80	0
1689	238.953125	239.199219	G#4	58	80	0
1690	239.214844	241.639323	G#5	92	80	0
1691	239.229167	240.069010	F4	48	80	0
1692	239.509115	239.589844	G#4	60	80	0
1693	239.509115	239.596354	C#5	55	80	0
1694	239.744792	239.815104	G#4	69	80	0
1695	239.748698	239.824219	C#5	59	80	0
1696	240.005208	240.369792	C#5	62	80	0
1697	240.005208	240.188802	G#4	65	80	0
1698	240.264323	240.989583	F4	57	80	0
1699	240.265625	241.739583	C#6	92	80	0
1700	240.533854	240.606771	C#5	63	80	0
1701	240.533854	240.611979	G#4	70	80	0
1702	240.785156	240.863281	G#4	69	80	0
1703	240.786458	240.869792	C#5	60	80	0
1704	241.024740	241.359375	C#5	76	80	0
1705	241.027344	241.289062	G#4	61	80	0
1706	241.260417	242.269531	F4	75	80	0
1707	241.509115	241.591146	C#5	75	80	0
1708	241.511719	241.589844	G#4	78	80	0
1709	241.753906	242.389323	C#6	97	80	0
1710	241.753906	241.919271	G#4	73	80	0
1711	241.755208	241.847656	C#5	76	80	0
1712	242.048177	242.509115	C#5	84	80	0
1713	242.049479	242.609375	G#4	74	80	0
1714	242.395833	243.459635	E4	69	80	0
1715	242.399740	243.609375	C#6	94	80	0
1716	242.776042	242.884115	C#5	55	80	0
1717	242.783854	242.882812	G#4	61	80	0
1718	243.059896	243.167969	C#5	59	80	0
1719	243.065104	243.161458	G#4	55	80	0
1720	243.347656	243.598958	C#5	53	80	0
1721	243.350260	243.729167	G#4	54	80	0
1722	243.623698	245.289062	C#6	86	80	0
1723	243.623698	244.329427	E4	47	80	0
1724	243.921875	243.993490	C#5	50	80	0
1725	243.923177	243.993490	G#4	43	80	0
1726	244.183594	244.266927	G#4	41	80	0
1727	244.186198	244.270833	C#5	47	80	0
1728	244.453125	244.779948	C#5	48	80	0
1729	244.457031	244.789062	G#4	50	80	0
1730	244.462240	244.579427	E4	34	80	0
1731	244.722656	246.019531	E4	52	80	0
1732	245.024740	245.101562	C#5	50	80	0
1733	245.026042	245.218750	G#4	42	80	0
1734	245.303385	246.000000	C#6	77	80	0
1735	245.304688	245.489583	G#4	43	80	0
1736	245.305990	245.425781	C#5	53	80	0
1737	245.647135	246.359375	C#5	47	80	0
1738	245.654948	246.319010	G#4	52	80	0
1739	246.010417	247.209635	Eb4	35	80	0
1740	246.014323	247.509115	C#6	64	80	0
1741	246.411458	246.619792	B4	33	80	0
1742	246.415365	246.609375	F#4	28	80	0
1743	246.694010	246.959635	F#4	28	80	0
1744	246.697917	246.760417	B4	33	80	0
1745	246.988281	247.438802	B4	46	80	0
1746	246.996094	247.449219	F#4	24	80	0
1747	247.292969	248.419271	Eb4	39	80	0
1748	247.295573	248.968750	B5	65	80	0
1749	247.597656	247.859375	F#4	27	80	0
1750	247.597656	247.799479	B4	35	80	0
1751	247.871094	248.169271	F#4	28	80	0
1752	247.875000	248.029948	B4	36	80	0
1753	248.174479	248.468750	B4	45	80	0
1754	248.178385	248.539062	F#4	27	80	0
1755	248.425781	249.359375	Eb4	35	80	0
1756	248.721354	248.899740	F#4	34	80	0
1757	248.722656	248.878906	B4	38	80	0
1758	248.981771	249.598958	B5	58	80	0
1759	249.015625	249.209635	B4	28	80	0
1760	249.016927	249.218750	F#4	26	80	0
1761	249.027344	249.259115	F#5	32	80	0
1762	249.296875	249.979167	F#4	30	80	0
1763	249.316406	249.739583	B4	28	80	0
1764	249.485677	250.848958	Eb4	31	80	0
1765	249.605469	250.468750	B5	51	80	0
1766	249.985677	250.259115	B4	30	80	0
1767	249.986979	250.378906	F#4	26	80	0
1768	250.384115	251.158854	A5	57	80	0
1769	250.384115	250.679688	F#4	29	80	0
1770	250.391927	250.569010	B4	41	80	0
1771	250.686198	251.199219	B4	35	80	0
1772	250.692708	251.329427	F#4	28	80	0
1773	250.992188	252.199219	Eb4	26	80	0
1774	251.123698	251.319010	B5	47	80	0
1775	251.291667	251.459635	A5	53	80	0
1776	251.330729	251.669271	B4	34	80	0
1777	251.337240	251.908854	F#4	26	80	0
1778	251.442708	251.839844	G#5	68	80	0
1779	251.576823	252.000000	A4	41	80	0
1780	251.576823	251.949219	A5	68	80	0
1781	251.907552	252.269531	B5	60	80	0
1782	251.923177	252.438802	F#4	31	80	0
1783	251.923177	252.619792	B4	44	80	0
1784	252.212240	253.739583	Eb4	35	80	0
1785	252.233073	252.459635	A5	55	80	0
1786	252.382812	252.619792	B5	59	80	0
1787	252.544271	253.079427	C#6	53	80	0
1788	252.549479	253.359375	F#4	29	80	0
1789	252.959635	253.438802	B5	55	80	0
1790	252.963542	253.279948	B4	35	80	0
1791	253.364583	253.908854	A5	49	80	0
1792	253.365885	253.789062	F#4	27	80	0
1793	253.371094	253.598958	B4	42	80	0
1794	253.881510	254.688802	E4	26	80	0
1795	253.884115	254.709635	G#4	39	80	0
1796	253.885417	254.369792	G#5	54	80	0
1797	253.891927	254.438802	B4	38	80	0
1798	254.072917	254.201823	E6	52	80	0
1799	254.240885	254.355469	B5	53	80	0
1800	254.385417	254.519531	E6	57	80	0
1801	254.524740	254.643229	G#6	61	80	0
1802	254.645833	254.735677	E6	60	80	0
1803	254.776042	254.860677	B5	71	80	0
1804	254.895833	255.001302	E6	66	80	0
1805	255.033854	255.138021	G#5	62	80	0
1806	255.154948	255.213542	E5	61	80	0
1807	255.291667	255.438802	B4	55	80	0
1808	255.394531	255.579427	E5	65	80	0
1809	255.518229	255.699219	G#4	57	80	0
1810	255.635417	255.717448	E4	57	80	0
1811	255.769531	255.839844	B3	58	80	0
1812	255.875000	256.019531	E4	66	80	0
1813	256.026042	256.093750	G#3	60	80	0
1814	256.114583	256.213542	E3	55	80	0
1815	256.263021	256.360677	B2	56	80	0
1816	256.377604	256.473958	E3	64	80	0
1817	256.505208	256.959635	G#2	64	80	0
1818	256.505208	257.019531	E2	62	80	0
1819	256.625000	256.809896	E3	57	80	0
1820	256.751302	256.938802	B2	60	80	0
1821	256.854167	256.972656	E3	67	80	0
1822	257.005208	257.119792	F#1	60	80	0
1823	257.006510	257.359375	Eb2	64	80	0
1824	257.013021	257.378906	F#2	59	80	0
1825	257.131510	257.213542	B2	63	80	0
1826	257.265625	257.459635	A3	51	80	0
1827	257.269531	257.438802	A2	54	80	0
1828	257.385417	257.494792	B2	51	80	0
1829	257.505208	257.609375	Eb3	56	80	0
1830	257.634115	257.710938	B2	50	80	0
1831	257.740885	257.812500	A2	60	80	0
1832	257.842448	257.959635	B2	56	80	0
1833	257.963542	258.519531	F#2	64	80	0
1834	258.000000	258.098958	Eb3	66	80	0
1835	258.102865	258.179688	B3	63	80	0
1836	258.242188	258.333333	A3	62	80	0
1837	258.334635	258.433594	B3	78	80	0
1838	258.464844	258.688802	Eb4	65	80	0
1839	258.567708	258.656250	B3	70	80	0
1840	258.679688	258.748698	A3	70	80	0
1841	258.776042	258.949219	B3	61	80	0
1842	258.903646	259.479167	F#1	64	80	0
1843	258.904948	259.809896	F#2	68	80	0
1844	258.944010	259.279948	Eb4	73	80	0
1845	258.958333	259.059896	A3	53	80	0
1846	259.054688	259.143229	B4	67	80	0
1847	259.169271	259.274740	A4	68	80	0
1848	259.287760	259.403646	B4	78	80	0
1849	259.412760	259.514323	Eb5	79	80	0
1850	259.518229	259.610677	B4	80	80	0
1851	259.643229	259.722656	A4	75	80	0
1852	259.750000	259.889323	B4	69	80	0
1853	259.894531	260.018229	E5	81	80	0
1854	259.897135	260.688802	G#2	54	80	0
1855	259.902344	260.199219	G#1	58	80	0
1856	260.014323	260.140625	B5	81	80	0
1857	260.125000	260.289062	G#5	89	80	0
1858	260.248698	260.364583	B5	89	80	0
1859	260.358073	260.483073	E6	92	80	0
1860	260.470052	260.639323	B5	86	80	0
1861	260.591146	260.703125	G#5	92	80	0
1862	260.694010	260.786458	B5	94	80	0
1863	260.825521	260.979167	E5	92	80	0
1864	260.954427	261.044271	B4	78	80	0
1865	261.070312	261.209635	G#4	75	80	0
1866	261.175781	261.281250	B4	91	80	0
1867	261.283854	261.373698	E4	82	80	0
1868	261.376302	261.490885	B3	80	80	0
1869	261.516927	261.623698	G#3	75	80	0
1870	261.634115	261.746094	B3	77	80	0
1871	261.772135	262.049479	E3	76	80	0
1872	261.871094	261.973958	B3	74	80	0
1873	261.994792	262.100260	G#3	80	80	0
1874	262.098958	262.250000	B3	77	80	0
1875	262.236979	262.295573	E4	70	80	0
1876	262.342448	262.432292	B3	62	80	0
1877	262.467448	262.541667	G#3	68	80	0
1878	262.575521	262.699219	B3	60	80	0
1879	262.717448	262.805990	F#3	64	80	0
1880	262.720052	262.899740	Eb3	61	80	0
1881	262.720052	262.848958	B2	61	80	0
1882	262.723958	262.819010	Eb2	59	80	0
1883	262.825521	262.898438	B3	62	80	0
1884	262.950521	263.062500	A3	67	80	0
1885	263.072917	263.229167	B3	73	80	0
1886	263.196615	263.408854	F#4	72	80	0
1887	263.295573	263.398438	B3	57	80	0
1888	263.404948	264.179688	A3	72	80	0
1889	263.520833	264.029948	B3	67	80	0
1890	263.662760	264.279948	B2	62	80	0
1891	263.662760	263.776042	F#4	72	80	0
1892	263.666667	264.299479	Eb3	68	80	0
1893	263.673177	263.679688	Eb2	56	80	0
1894	263.774740	263.877604	B4	71	80	0
1895	263.899740	264.005208	A4	73	80	0
1896	264.018229	264.113281	B4	83	80	0
1897	264.140625	264.253906	F#5	79	80	0
1898	264.235677	264.333333	B4	79	80	0
1899	264.360677	264.447917	A4	75	80	0
1900	264.454427	264.589844	B4	81	80	0
1901	264.593750	265.089844	B2	65	80	0
1902	264.604167	265.158854	Eb3	62	80	0
1903	264.604167	264.609375	Eb2	61	80	0
1904	264.614583	264.735677	F#5	88	80	0
1905	264.731771	264.833333	B5	73	80	0
1906	264.855469	264.980469	A5	82	80	0
1907	264.973958	265.102865	B5	81	80	0
1908	265.104167	265.223958	F#6	85	80	0
1909	265.225260	265.312500	B5	79	80	0
1910	265.337240	265.454427	A5	87	80	0
1911	265.447917	265.636719	B5	87	80	0
1912	265.597656	265.763021	G#5	87	80	0
1913	265.627604	265.929688	B2	55	80	0
1914	265.631510	265.839844	E2	53	80	0
1915	265.743490	265.856771	G#6	70	80	0
1916	265.864583	265.954427	B5	65	80	0
1917	265.986979	266.188802	G#6	73	80	0
1918	266.115885	266.235677	G#5	82	80	0
1919	266.122396	266.419271	E4	61	80	0
1920	266.125000	266.500000	E3	56	80	0
1921	266.251302	266.365885	G#6	74	80	0
1922	266.369792	266.502604	B5	75	80	0
1923	266.502604	266.718750	G#6	79	80	0
1924	266.636719	266.889323	G#5	88	80	0
1925	266.636719	267.000000	E3	63	80	0
1926	266.640625	266.929688	E4	65	80	0
1927	266.781250	266.878906	G#6	69	80	0
1928	266.860677	267.089844	B5	77	80	0
1929	267.023438	267.152344	G#6	61	80	0
1930	267.145833	267.459635	A5	86	80	0
1931	267.147135	267.446615	C#4	71	80	0
1932	267.166667	267.529948	E3	54	80	0
1933	267.173177	267.427083	C#3	60	80	0
1934	267.286458	267.468750	A6	84	80	0
1935	267.427083	267.759115	E6	83	80	0
1936	267.544271	267.759115	A6	82	80	0
1937	267.654948	268.009115	C#4	82	80	0
1938	267.657552	267.938802	A5	85	80	0
1939	267.683594	268.069010	C#3	70	80	0
1940	267.683594	268.009115	E3	66	80	0
1941	267.772135	267.920573	A6	88	80	0
1942	267.898438	268.218750	E6	87	80	0
1943	268.015625	268.209635	A6	82	80	0
1944	268.167969	268.429688	C4	84	80	0
1945	268.175781	268.509115	C3	81	80	0
1946	268.177083	268.519531	E3	74	80	0
1947	268.177083	268.569010	Bb5	93	80	0
1948	268.281250	268.423177	Bb6	89	80	0
1949	268.401042	268.554688	E6	85	80	0
1950	268.527344	268.759115	Bb6	93	80	0
1951	268.654948	268.919271	C4	79	80	0
1952	268.656250	268.949219	Bb5	92	80	0
1953	268.664062	269.000000	C3	79	80	0
1954	268.665365	269.039062	E3	72	80	0
1955	268.773438	268.925781	Bb6	89	80	0
1956	268.914062	269.049479	E6	88	80	0
1957	269.023438	269.169271	Bb6	89	80	0
1958	269.154948	269.509115	B5	94	80	0
1959	269.162760	269.598958	B3	89	80	0
1960	269.166667	269.658854	B2	80	80	0
1961	269.170573	269.549479	E3	72	80	0
1962	269.274740	269.459635	B6	91	80	0
1963	269.397135	269.563802	E6	97	80	0
1964	269.533854	269.739583	B6	97	80	0
1965	269.665365	270.029948	B5	97	80	0
1966	269.675781	270.158854	A3	88	80	0
1967	269.683594	269.989583	A2	82	80	0
1968	269.684896	270.119792	E3	75	80	0
1969	269.812500	270.039062	B6	91	80	0
1970	269.958333	270.209635	E6	90	80	0
1971	270.050781	270.229167	B6	94	80	0
1972	270.196615	270.500000	C6	98	80	0
1973	270.205729	270.334635	G#3	88	80	0
1974	270.210938	270.348958	G#2	82	80	0
1975	270.223958	270.325521	E3	71	80	0
1976	270.334635	270.549479	C7	90	80	0
1977	270.467448	270.789062	E6	90	80	0
1978	270.558594	270.789062	C7	99	80	0
1979	270.593750	270.989583	G#3	72	80	0
1980	270.632812	272.149740	E4	69	80	0
1981	270.733073	271.489583	G#4	88	80	0
1982	270.755208	271.269531	C5	85	80	0
1983	270.920573	271.139323	C6	85	80	0
1984	271.080729	271.261719	E5	90	80	0
1985	271.213542	271.468750	C6	91	80	0
1986	271.246094	272.339844	A3	62	80	0
1987	271.390625	272.239583	C#5	91	80	0
1988	271.394531	272.500000	A4	82	80	0
1989	271.532552	271.703125	C#6	92	80	0
1990	271.675781	272.500000	E5	91	80	0
1991	271.816406	272.109375	C#6	98	80	0
1992	272.114583	272.968750	C#6	80	80	0
1993	272.575521	273.378906	A4	52	80	0
1994	272.934896	273.783854	A3	48	80	0
1995	273.179688	273.529948	C#5	74	80	0
1996	273.473958	274.679688	B5	81	80	0
1997	273.764323	274.339844	G#4	68	80	0
1998	274.044271	275.139323	G#3	61	80	0
1999	274.294271	274.669271	B4	80	80	0
2000	274.593750	275.529948	A5	89	80	0
2001	274.846354	275.529948	F#4	62	80	0
2002	275.123698	276.072917	F#3	61	80	0
2003	275.390625	275.878906	Bb5	90	80	0
2004	275.752604	276.989583	B5	81	80	0
2005	276.026042	276.699219	G#4	63	80	0
2006	276.330729	277.549479	G#3	55	80	0
2007	276.592448	276.970052	B4	74	80	0
2008	276.914062	278.139323	A5	80	80	0
2009	277.153646	277.589844	F#4	56	80	0
2010	277.451823	278.109375	F#3	48	80	0
2011	277.712240	277.989583	A4	62	80	0
2012	278.042969	278.859375	G#5	69	80	0
2013	278.053385	278.839844	F4	48	80	0
2014	278.054688	278.649740	G#4	60	80	0
2015	278.066406	278.929688	F3	40	80	0
2016	278.773438	279.329427	G5	70	80	0
2017	278.774740	279.369792	G4	58	80	0
2018	278.794271	279.699219	E3	35	80	0
2019	278.796875	279.399740	E4	40	80	0
2020	279.914062	282.348958	G5	60	80	0
2021	279.916667	281.878906	Eb3	37	80	0
2022	279.919271	281.789062	G4	52	80	0
2023	279.923177	281.729167	Eb4	41	80	0
2024	282.261719	283.019531	G#5	63	80	0
2025	282.272135	282.563802	G#4	51	80	0
2026	282.283854	283.000000	F4	38	80	0
2027	282.291667	282.688802	F3	37	80	0
2028	283.001302	283.649740	Bb5	69	80	0
2029	283.001302	283.579427	G3	42	80	0
2030	283.003906	283.369792	G4	47	80	0
2031	283.006510	283.348958	Bb4	59	80	0
2032	283.550781	283.959635	C6	79	80	0
2033	283.554688	283.878906	G#4	59	80	0
2034	283.554688	284.009115	G#3	52	80	0
2035	283.555990	283.779948	C5	69	80	0
2036	283.940104	284.299479	C#6	91	80	0
2037	283.944010	284.209635	Bb4	71	80	0
2038	283.946615	284.078125	C#5	76	80	0
2039	283.957031	284.399740	Bb3	61	80	0
2040	284.294271	284.938802	Eb6	95	80	0
2041	284.296875	284.549479	Eb5	82	80	0
2042	284.299479	284.468750	C4	61	80	0
2043	284.300781	284.509115	C5	70	80	0
2044	284.846354	286.688802	F6	75	80	0
2045	285.334635	286.309896	C#5	55	80	0
2046	285.708333	286.743490	C#4	54	80	0
2047	285.998698	286.399740	F5	78	80	0
2048	286.345052	287.899740	Eb6	81	80	0
2049	286.635417	287.348958	C5	66	80	0
2050	286.933594	287.841146	C4	49	80	0
2051	287.220052	287.819010	Eb5	77	80	0
2052	287.536458	288.938802	C#6	86	80	0
2053	287.811198	288.348958	Bb4	63	80	0
2054	288.109375	288.938802	Bb3	63	80	0
2055	288.367188	288.743490	D6	87	80	0
2056	288.704427	290.179688	Eb6	76	80	0
2057	288.966146	289.619792	C5	64	80	0
2058	289.294271	290.049479	C4	51	80	0
2059	289.575521	290.149740	Eb5	75	80	0
2060	289.882812	291.019531	C#6	71	80	0
2061	290.136719	290.779948	Bb4	51	80	0
2062	290.462240	290.839844	Bb3	44	80	0
2063	290.735677	291.033854	C#5	67	80	0
2064	291.045573	291.399740	C6	66	80	0
2065	291.048177	291.509115	G#4	48	80	0
2066	291.315104	291.649740	C5	64	80	0
2067	291.316406	291.576823	G#3	52	80	0
2068	291.588542	291.873698	Bb3	56	80	0
2069	291.592448	291.893229	C#5	73	80	0
2070	291.875000	292.171875	C4	57	80	0
2071	291.875000	292.173177	Eb5	86	80	0
2072	292.157552	292.514323	G5	69	80	0
2073	292.162760	292.471354	Eb4	55	80	0
2074	292.475260	292.765625	E5	78	80	0
2075	292.475260	292.779948	C4	55	80	0
2076	292.769531	293.078125	F5	71	80	0
2077	292.773438	293.050781	C#4	55	80	0
2078	293.072917	293.899740	F4	63	80	0
2079	293.074219	293.309896	C#3	50	80	0
2080	293.342448	293.596354	C#4	64	80	0
2081	293.342448	293.638021	F5	79	80	0
2082	293.604167	293.859375	B3	72	80	0
2083	293.605469	293.872396	D5	83	80	0
2084	293.864583	294.239583	Eb5	84	80	0
2085	293.865885	294.239583	C4	60	80	0
2086	294.171875	294.709635	Eb4	70	80	0
2087	294.174479	294.500000	C3	56	80	0
2088	294.421875	294.695312	C4	61	80	0
2089	294.423177	294.707031	Eb5	86	80	0
2090	294.695312	294.963542	C5	83	80	0
2091	294.697917	294.946615	A3	74	80	0
2092	294.970052	295.609375	C#5	80	80	0
2093	294.971354	295.283854	Bb3	66	80	0
2094	295.287760	295.539062	C#4	66	80	0
2095	295.290365	295.449219	Bb2	50	80	0
2096	295.574219	295.924479	F5	64	80	0
2097	295.582031	295.911458	C#4	45	80	0
2098	295.891927	296.152344	B3	61	80	0
2099	295.894531	296.144531	D5	66	80	0
2100	296.179688	296.419271	Eb5	64	80	0
2101	296.183594	296.549479	C4	44	80	0
2102	296.505208	296.895833	Eb4	45	80	0
2103	296.506510	296.848958	C3	41	80	0
2104	296.776042	297.061198	Eb5	72	80	0
2105	296.778646	297.065104	C4	45	80	0
2106	297.066406	297.290365	A3	52	80	0
2107	297.071615	297.276042	C5	67	80	0
2108	297.330729	297.929688	C#5	64	80	0
2109	297.335938	297.610677	Bb3	53	80	0
2110	297.623698	297.908854	C#4	56	80	0
2111	297.623698	297.908854	Bb2	43	80	0
2112	297.921875	298.243490	C5	64	80	0
2113	297.924479	298.289062	G#3	42	80	0
2114	297.924479	298.399740	C3	43	80	0
2115	297.929688	298.247396	Eb4	44	80	0
2116	298.212240	298.598958	G3	46	80	0
2117	298.213542	298.579427	Bb4	67	80	0
2118	298.230469	298.549479	C#3	46	80	0
2119	298.506510	298.876302	C5	72	80	0
2120	298.518229	298.859375	G#3	55	80	0
2121	298.524740	298.908854	C3	50	80	0
2122	298.527344	299.059896	Eb4	55	80	0
2123	298.824219	299.319010	Bb4	81	80	0
2124	298.825521	299.319010	G3	59	80	0
2125	298.833333	299.269531	C#3	59	80	0
2126	299.253906	300.739583	C5	77	80	0
2127	299.257812	300.658854	G#3	57	80	0
2128	299.265625	300.759115	C3	51	80	0
2129	299.265625	300.250000	Eb4	57	80	0
2130	300.598958	301.519531	Bb4	71	80	0
2131	300.611979	301.459635	Eb4	52	80	0
2132	300.615885	301.679688	C#3	48	80	0
2133	300.618490	301.569010	G3	44	80	0
2134	301.847656	302.234375	Eb5	75	80	0
2135	301.852865	302.329427	Eb4	68	80	0
2136	301.854167	302.259115	G#3	60	80	0
2137	301.863281	302.239583	C3	55	80	0
2138	302.184896	302.479167	F3	65	80	0
2139	302.186198	302.500000	D5	78	80	0
2140	302.187500	302.539062	G#4	77	80	0
2141	302.192708	302.468750	Bb2	70	80	0
2142	302.473958	302.819010	Eb5	89	80	0
2143	302.476562	302.959635	Eb4	81	80	0
2144	302.477865	302.769531	G#3	67	80	0
2145	302.483073	302.789062	C3	68	80	0
2146	302.743490	303.019531	F3	78	80	0
2147	302.744792	303.009115	D5	86	80	0
2148	302.746094	302.979167	G#4	88	80	0
2149	302.746094	303.009115	Bb2	81	80	0
2150	303.264323	303.979167	Eb5	94	80	0
2151	303.273438	304.009115	Eb4	77	80	0
2152	303.274740	303.959635	G#4	72	80	0
2153	303.276042	303.848958	C3	64	80	0
2154	303.278646	303.739583	G#3	64	80	0
2155	303.282552	303.809896	Eb3	67	80	0
2156	304.322917	304.500000	Bb2	53	80	0
2157	304.364583	304.709635	D4	65	80	0
2158	304.505208	306.069010	G#4	70	80	0
2159	304.507812	304.649740	Bb2	56	80	0
2160	304.683594	304.859375	Bb2	55	80	0
2161	304.834635	304.989583	C3	43	80	0
2162	304.914062	305.109375	Bb2	44	80	0
2163	305.002604	306.519531	F5	87	80	0
2164	305.003906	305.239583	C3	48	80	0
2165	305.217448	305.289062	Bb2	37	80	0
2166	305.296875	305.363281	Bb2	43	80	0
2167	305.404948	305.476562	C3	48	80	0
2168	305.485677	305.569010	Bb2	47	80	0
2169	305.584635	305.679688	C3	38	80	0
2170	305.688802	305.748698	Bb2	59	80	0
2171	305.783854	305.852865	C3	58	80	0
2172	305.861979	305.937500	Bb2	65	80	0
2173	305.983073	306.084635	C3	51	80	0
2174	306.092448	306.217448	Bb2	65	80	0
2175	306.210938	306.399740	G#2	87	80	0
2176	306.382812	306.468750	Bb2	56	80	0
2177	306.505208	306.519531	C3	39	80	0
2178	306.605469	306.839844	Bb2	55	80	0
2179	306.605469	307.098958	D4	58	80	0
2180	306.699219	306.709635	G#2	54	80	0
2181	306.703125	307.679688	Bb4	72	80	0
2182	306.776042	306.789062	G#2	57	80	0
2183	306.782552	307.750000	F5	95	80	0
2184	306.875000	306.968750	G#2	56	80	0
2185	306.975260	307.041667	Bb2	56	80	0
2186	307.042969	307.105469	G#2	58	80	0
2187	307.136719	307.250000	Bb2	53	80	0
2188	307.208333	307.369792	G#2	67	80	0
2189	307.343750	308.029948	G2	92	80	0
2190	307.584635	307.739583	G#2	64	80	0
2191	307.713542	307.919271	Eb4	75	80	0
2192	307.748698	308.000000	G#2	45	80	0
2193	307.821615	308.769531	Bb4	86	80	0
2194	307.893229	308.929688	G5	99	80	0
2195	308.042969	308.115885	G2	62	80	0
2196	308.122396	308.218750	G#2	67	80	0
2197	308.227865	308.330729	G2	70	80	0
2198	308.325521	308.669271	F2	78	80	0
2199	308.445312	308.569010	G2	82	80	0
2200	308.578125	308.699219	G2	62	80	0
2201	308.682292	309.039062	F2	49	80	0
2202	308.789062	308.979167	G2	67	80	0
2203	308.792969	308.907552	F4	63	80	0
2204	308.897135	309.819010	Bb4	85	80	0
2205	308.985677	309.069010	G2	65	80	0
2206	308.997396	309.938802	G#5	103	80	0
2207	309.054688	309.209635	F2	68	80	0
2208	309.164062	309.239583	G2	68	80	0
2209	309.222656	309.378906	F2	67	80	0
2210	309.350260	309.500000	G2	72	80	0
2211	309.425781	309.718750	F2	65	80	0
2212	309.546875	309.929688	Eb2	92	80	0
2213	309.726562	309.889323	F2	57	80	0
2214	309.895833	310.018229	G4	80	80	0
2215	309.902344	310.319010	F2	65	80	0
2216	310.002604	310.718750	Bb4	87	80	0
2217	310.020833	310.149740	Eb2	68	80	0
2218	310.127604	311.239583	Bb5	104	80	0
2219	310.158854	310.209635	Eb2	73	80	0
2220	310.220052	310.399740	Eb2	75	80	0
2221	310.333333	310.479167	F2	69	80	0
2222	310.407552	310.739583	Eb2	75	80	0
2223	310.514323	310.679688	F2	64	80	0
2224	310.661458	310.899740	C#2	97	80	0
2225	310.911458	311.079427	C#2	83	80	0
2226	310.914062	311.069010	Eb2	80	80	0
2227	311.092448	311.250000	C#2	71	80	0
2228	311.204427	311.359375	Eb2	75	80	0
2229	311.264323	311.938802	C6	97	80	0
2230	311.294271	311.378906	C#2	61	80	0
2231	311.394531	311.473958	Eb2	70	80	0
2232	311.489583	311.569010	C#2	70	80	0
2233	311.585938	311.654948	Eb2	66	80	0
2234	311.669271	311.750000	C#2	71	80	0
2235	311.779948	311.893229	Eb2	64	80	0
2236	311.885417	312.589844	C#6	104	80	0
2237	311.885417	311.986979	C#2	73	80	0
2238	312.001302	312.101562	Eb2	68	80	0
2239	312.104167	312.489583	C#2	69	80	0
2240	312.205729	312.279948	Eb2	70	80	0
2241	312.294271	312.399740	Eb2	69	80	0
2242	312.414062	312.493490	Eb2	66	80	0
2243	312.494792	313.269531	D6	105	80	0
2244	312.503906	312.699219	C#2	62	80	0
2245	312.631510	312.705729	Eb2	63	80	0
2246	312.713542	312.786458	C#2	66	80	0
2247	312.820312	312.895833	Eb2	65	80	0
2248	312.886719	312.979167	C#2	75	80	0
2249	312.996094	313.082031	Eb2	72	80	0
2250	313.084635	313.199219	C#2	74	80	0
2251	313.188802	313.265625	Eb2	71	80	0
2252	313.276042	313.419271	C#2	67	80	0
2253	313.281250	316.089844	Eb6	106	80	0
2254	313.404948	313.546875	Eb2	71	80	0
2255	313.503906	313.729167	C#2	84	80	0
2256	313.664062	313.979167	C2	83	80	0
2257	313.805990	313.989583	C#2	94	80	0
2258	313.945312	314.095052	Eb2	83	80	0
2259	314.078125	314.279948	C#2	82	80	0
2260	314.199219	314.322917	C2	83	80	0
2261	314.312500	314.539062	Bb1	92	80	0
2262	314.442708	314.688802	G#1	96	80	0
2263	314.833333	315.003906	G#2	77	80	0
2264	314.834635	315.010417	C3	71	80	0
2265	315.144531	315.334635	G#2	70	80	0
2266	315.144531	315.408854	C4	90	80	0
2267	315.145833	315.324219	C3	77	80	0
2268	315.433594	315.582031	G2	85	80	0
2269	315.434896	315.575521	C3	83	80	0
2270	315.707031	315.873698	G2	70	80	0
2271	315.713542	315.863281	C3	71	80	0
2272	315.714844	315.873698	G#2	69	80	0
2273	315.983073	316.147135	F2	70	80	0
2274	315.986979	316.152344	C3	70	80	0
2275	315.989583	316.153646	G#2	63	80	0
2276	316.255208	316.377604	F2	62	80	0
2277	316.256510	316.386719	C3	63	80	0
2278	316.261719	316.402344	G#2	54	80	0
2279	316.533854	316.949219	C4	80	80	0
2280	316.544271	316.819010	C3	59	80	0
2281	316.552083	316.697917	G#2	55	80	0
2282	316.553385	316.968750	Eb2	53	80	0
2283	316.554688	316.559896	G#1	52	80	0
2284	316.833333	316.951823	C3	61	80	0
2285	316.834635	316.957031	G#2	50	80	0
2286	316.835938	316.955729	C#4	74	80	0
2287	317.082031	317.229167	Eb4	98	80	0
2288	317.084635	317.223958	C3	75	80	0
2289	317.085938	317.098958	C2	69	80	0
2290	317.089844	317.235677	G#2	74	80	0
2291	317.346354	317.489583	F4	86	80	0
2292	317.363281	317.519531	C3	69	80	0
2293	317.364583	317.498698	C2	67	80	0
2294	317.365885	317.509115	G#2	66	80	0
2295	317.623698	317.830729	C3	88	80	0
2296	317.623698	318.029948	G4	101	80	0
2297	317.625000	317.859375	C2	78	80	0
2298	317.626302	317.959635	G#2	82	80	0
2299	317.962240	318.438802	G#4	107	80	0
2300	317.966146	318.619792	C2	78	80	0
2301	317.972656	318.218750	G#2	77	80	0
2302	318.322917	318.527344	C3	79	80	0
2303	318.322917	318.527344	G#2	83	80	0
2304	318.636719	319.658854	Eb4	99	80	0
2305	318.644531	318.815104	G#2	72	80	0
2306	318.644531	318.813802	C3	73	80	0
2307	318.914062	319.063802	G2	79	80	0
2308	318.916667	319.055990	C3	76	80	0
2309	318.919271	319.074219	G#2	73	80	0
2310	319.184896	319.334635	G2	71	80	0
2311	319.190104	319.449219	C3	68	80	0
2312	319.191406	319.354167	G#2	70	80	0
2313	319.463542	319.615885	C3	67	80	0
2314	319.463542	319.625000	F2	68	80	0
2315	319.464844	319.630208	G#2	62	80	0
2316	319.734375	319.841146	F2	75	80	0
2317	319.735677	319.835938	C3	69	80	0
2318	319.736979	319.855469	G#2	66	80	0
2319	319.977865	320.309896	G4	90	80	0
2320	319.985677	320.125000	C3	66	80	0
2321	319.993490	320.140625	G#2	64	80	0
2322	319.994792	320.259115	Eb2	60	80	0
2323	320.263021	320.384115	G#4	88	80	0
2324	320.263021	320.372396	C3	60	80	0
2325	320.264323	320.373698	G#2	60	80	0
2326	320.265625	320.718750	Eb2	57	80	0
2327	320.509115	320.789062	Bb4	98	80	0
2328	320.513021	320.654948	C3	89	80	0
2329	320.513021	320.664062	G#2	84	80	0
2330	320.514323	320.649740	C2	84	80	0
2331	320.773438	320.886719	C5	97	80	0
2332	320.781250	320.889323	C3	77	80	0
2333	320.783854	321.119792	C2	77	80	0
2334	320.785156	320.911458	G#2	74	80	0
2335	321.023438	321.449219	C#5	104	80	0
2336	321.024740	321.609375	C3	82	80	0
2337	321.028646	321.389323	G#2	84	80	0
2338	321.128906	321.598958	C2	70	80	0
2339	321.394531	322.049479	Eb5	104	80	0
2340	321.399740	321.563802	G#2	66	80	0
2341	321.744792	322.019531	C3	80	80	0
2342	321.744792	322.019531	G#2	84	80	0
2343	322.026042	322.699219	G#4	101	80	0
2344	322.027344	322.229167	C3	73	80	0
2345	322.031250	322.468750	G#2	74	80	0
2346	322.285156	322.415365	G2	82	80	0
2347	322.292969	322.404948	C3	74	80	0
2348	322.545573	322.682292	G2	76	80	0
2349	322.549479	322.671875	C3	78	80	0
2350	322.550781	322.704427	G#2	71	80	0
2351	322.815104	322.941406	C3	80	80	0
2352	322.816406	322.979167	F2	77	80	0
2353	322.817708	322.946615	G#2	73	80	0
2354	323.080729	323.309896	F2	64	80	0
2355	323.083333	323.259115	G#2	63	80	0
2356	323.084635	323.250000	C3	61	80	0
2357	323.342448	323.539062	C3	58	80	0
2358	323.343750	323.569010	G#2	61	80	0
2359	323.343750	323.779948	Eb2	57	80	0
2360	323.348958	323.779948	G#5	85	80	0
2361	323.625000	323.938802	Bb5	85	80	0
2362	323.635417	323.727865	C3	52	80	0
2363	323.639323	323.735677	G#2	49	80	0
2364	323.884115	324.500000	C6	93	80	0
2365	323.899740	324.006510	C3	56	80	0
2366	323.904948	324.089844	G#2	51	80	0
2367	323.911458	324.348958	Eb2	57	80	0
2368	324.154948	324.500000	C#6	99	80	0
2369	324.173177	324.319010	C3	58	80	0
2370	324.173177	324.179688	G#1	65	80	0
2371	324.175781	324.449219	G#2	64	80	0
2372	324.450521	324.938802	Eb6	99	80	0
2373	324.455729	324.699219	C3	56	80	0
2374	324.462240	324.688802	G#2	58	80	0
2375	324.462240	324.688802	C2	61	80	0
2376	324.924479	325.809896	F6	98	80	0
2377	324.954427	325.658854	Bb2	45	80	0
2378	324.962240	325.250000	C#3	45	80	0
2379	324.963542	325.688802	G#2	49	80	0
2380	324.964844	325.598958	C#2	47	80	0
2381	327.095052	327.489583	Bb4	71	80	0
2382	327.110677	327.329427	F4	50	80	0
2383	327.115885	327.226562	Bb3	57	80	0
2384	327.125000	327.309896	D3	45	80	0
2385	327.134115	327.329427	G#3	48	80	0
2386	327.434896	328.079427	Eb5	67	80	0
2387	327.476562	327.979167	G4	40	80	0
2388	327.481771	328.289062	G3	38	80	0
2389	327.483073	328.069010	Eb3	39	80	0
2390	327.484375	327.899740	Bb3	37	80	0
2391	328.305990	328.799479	Eb5	89	80	0
2392	328.326823	328.799479	G4	67	80	0
2393	328.333333	328.809896	Bb3	63	80	0
2394	328.334635	328.789062	Eb3	57	80	0
2395	328.723958	330.089844	D5	78	80	0
2396	328.723958	330.029948	B4	80	80	0
2397	328.739583	330.049479	G#3	55	80	0
2398	328.744792	330.139323	F3	49	80	0
2399	329.992188	331.218750	E4	58	80	0
2400	329.994792	331.408854	C#5	70	80	0
2401	330.003906	331.029948	Bb3	53	80	0
2402	330.003906	331.109375	G3	48	80	0
2403	331.367188	331.658854	C5	61	80	0
2404	331.376302	331.878906	Eb4	42	80	0
2405	331.377604	331.579427	G#3	39	80	0
2406	331.384115	331.679688	C4	39	80	0
2407	331.688802	332.029948	C4	45	80	0
2408	331.690104	332.359375	G#6	74	80	0
2409	331.691406	332.089844	G#3	45	80	0
2410	331.990885	332.429688	Bb3	61	80	0
2411	331.993490	332.299479	C#4	60	80	0
2412	331.998698	332.429688	G6	85	80	0
2413	332.278646	332.657552	F#6	95	80	0
2414	332.282552	332.529948	Eb4	72	80	0
2415	332.286458	332.559896	C4	58	80	0
2416	332.451823	333.938802	C#4	56	80	0
2417	332.611979	333.649740	F4	55	80	0
2418	332.613281	333.509115	F3	51	80	0
2419	332.614583	332.889323	F6	76	80	0
2420	332.770833	332.950521	Eb6	68	80	0
2421	332.910156	333.063802	C#6	79	80	0
2422	333.041667	333.194010	C6	74	80	0
2423	333.175781	333.335938	B5	78	80	0
2424	333.303385	333.462240	Bb5	85	80	0
2425	333.441406	333.613281	A5	91	80	0
2426	333.575521	333.735677	G#5	92	80	0
2427	333.714844	333.872396	G5	87	80	0
2428	333.843750	334.000000	F#5	93	80	0
2429	333.977865	334.125000	F5	89	80	0
2430	334.114583	334.243490	E5	95	80	0
2431	334.270833	334.423177	G#3	67	80	0
2432	334.273438	334.450521	Eb5	84	80	0
2433	334.274740	334.649740	C#3	65	80	0
2434	334.276042	334.411458	F3	64	80	0
2435	334.424479	334.541667	C#5	79	80	0
2436	334.574219	334.722656	G#3	67	80	0
2437	334.574219	334.740885	C5	79	80	0
2438	334.578125	334.859375	D3	67	80	0
2439	334.578125	334.841146	F3	63	80	0
2440	334.723958	336.209635	Bb4	79	80	0
2441	334.944010	336.149740	Eb5	66	80	0
2442	334.950521	334.959635	G#3	38	80	0
2443	334.957031	335.908854	G3	38	80	0
2444	334.958333	336.059896	Eb3	35	80	0
2445	336.154948	336.669271	Eb5	55	80	0
2446	336.162760	336.679688	G4	55	80	0
2447	336.165365	336.718750	Bb3	38	80	0
2448	336.175781	336.639323	Eb3	31	80	0
2449	336.640625	339.500000	G#4	59	80	0
2450	336.679688	337.449219	C4	35	80	0
2451	336.679688	337.389323	Eb5	46	80	0
2452	336.682292	337.979167	G#3	35	80	0
2453	337.324219	337.759115	F5	50	80	0
2454	337.346354	337.718750	C#4	30	80	0
2455	337.661458	338.339844	Eb5	54	80	0
2456	337.662760	339.019531	C4	40	80	0
2457	337.954427	338.348958	C#5	57	80	0
2458	337.954427	338.281250	Bb3	48	80	0
2459	338.243490	338.533854	C5	66	80	0
2460	338.243490	338.619792	G#3	48	80	0
2461	338.522135	338.829427	Bb4	67	80	0
2462	338.524740	338.834635	G3	45	80	0
2463	338.783854	339.709635	G#3	56	80	0
2464	338.785156	339.101562	C5	74	80	0
2465	339.072917	340.098958	C#5	70	80	0
2466	339.087240	340.199219	Bb3	51	80	0
2467	339.363281	339.746094	F4	62	80	0
2468	339.682292	340.087240	G#4	65	80	0
2469	340.055990	340.364583	G4	69	80	0
2470	340.352865	340.658854	C5	69	80	0
2471	340.355469	340.718750	G#4	55	80	0
2472	340.360677	340.829427	G#3	53	80	0
2473	340.402344	341.468750	G#2	36	80	0
2474	340.627604	340.951823	Eb4	74	80	0
2475	340.643229	340.924479	C3	47	80	0
2476	340.923177	341.212240	F4	68	80	0
2477	340.928385	341.175781	C#3	46	80	0
2478	341.194010	341.470052	Eb4	74	80	0
2479	341.195312	341.455729	C3	46	80	0
2480	341.457031	341.757812	C#4	65	80	0
2481	341.462240	341.714844	Bb2	52	80	0
2482	341.739583	342.003906	C4	73	80	0
2483	341.742188	341.997396	G#2	53	80	0
2484	342.009115	342.263021	Bb3	73	80	0
2485	342.011719	342.234375	G2	55	80	0
2486	342.279948	342.593750	G#2	47	80	0
2487	342.279948	342.600260	C4	68	80	0
2488	342.589844	342.930990	G#4	57	80	0
2489	342.592448	343.619792	C#4	57	80	0
2490	342.622396	343.679688	Bb2	41	80	0
2491	342.631510	343.938802	Eb2	38	80	0
2492	342.919271	343.529948	F4	57	80	0
2493	343.195312	343.520833	G#4	66	80	0
2494	343.486979	343.829427	G4	67	80	0
2495	343.764323	344.091146	Bb4	64	80	0
2496	343.768229	344.658854	C4	52	80	0
2497	343.794271	344.709635	G#2	41	80	0
2498	344.053385	344.429688	G4	69	80	0
2499	344.313802	344.662760	Bb4	69	80	0
2500	344.611979	345.199219	G#4	73	80	0
2501	344.872396	345.182292	C#5	78	80	0
2502	344.881510	347.919271	G#2	49	80	0
2503	344.915365	347.500000	C2	44	80	0
2504	344.923177	347.628906	Eb2	42	80	0
2505	345.145833	345.406250	B4	75	80	0
2506	345.395833	345.736979	C#5	70	80	0
2507	345.683594	345.947917	C5	80	80	0
2508	345.942708	346.266927	F5	76	80	0
2509	346.212240	346.485677	D5	75	80	0
2510	346.463542	346.798177	F5	79	80	0
2511	346.753906	347.139323	Eb5	86	80	0
2512	347.006510	347.419271	Bb5	83	80	0
2513	347.279948	347.739583	G5	80	80	0
2514	347.527344	347.886719	Bb5	82	80	0
2515	347.825521	348.149740	G#5	78	80	0
2516	348.070312	348.619792	G#3	51	80	0
2517	348.072917	348.381510	C#6	77	80	0
2518	348.089844	348.529948	G#2	45	80	0
2519	348.092448	348.579427	C3	40	80	0
2520	348.096354	348.569010	Eb3	47	80	0
2521	348.341146	348.718750	B5	75	80	0
2522	348.596354	348.959635	C#6	82	80	0
2523	348.858073	349.218750	C6	78	80	0
2524	349.130208	349.709635	F6	72	80	0
2525	349.132812	349.919271	Eb4	52	80	0
2526	349.141927	349.829427	G#3	51	80	0
2527	349.141927	350.009115	C4	46	80	0
2528	349.424479	349.989583	D6	75	80	0
2529	349.718750	350.035156	F6	70	80	0
2530	350.003906	350.309896	Eb6	69	80	0
2531	350.305990	351.199219	D4	47	80	0
2532	350.313802	351.239583	Bb3	47	80	0
2533	350.315104	350.759115	Eb6	60	80	0
2534	350.322917	351.188802	G#3	45	80	0
2535	350.330729	351.128906	F3	43	80	0
2536	350.592448	350.908854	C6	73	80	0
2537	350.873698	351.289062	Eb6	76	80	0
2538	351.182292	352.669271	D6	91	80	0
2539	351.513021	352.158854	C7	77	80	0
2540	351.528646	353.369792	D4	55	80	0
2541	351.540365	353.500000	Bb3	52	80	0
2542	351.544271	353.438802	G#3	51	80	0
2543	351.553385	353.389323	F3	41	80	0
2544	351.878906	352.299479	A6	81	80	0
2545	352.166667	352.809896	C7	70	80	0
2546	352.464844	352.979167	Bb6	76	80	0
2547	352.727865	353.169271	Eb6	73	80	0
2548	353.007812	353.429688	C6	75	80	0
2549	353.278646	353.679688	Eb6	79	80	0
2550	353.544271	353.852865	D6	85	80	0
2551	353.804688	354.218750	F6	77	80	0
2552	353.819010	354.658854	Eb4	60	80	0
2553	353.834635	354.658854	Eb3	57	80	0
2554	353.834635	354.639323	G3	52	80	0
2555	353.834635	354.699219	Bb3	54	80	0
2556	354.101562	354.699219	D6	85	80	0
2557	354.361979	354.899740	F6	86	80	0
2558	354.614583	354.929688	Eb6	92	80	0
2559	354.875000	355.729167	Eb4	68	80	0
2560	354.885417	355.369792	C7	81	80	0
2561	354.885417	355.769531	Bb3	63	80	0
2562	354.891927	355.609375	G3	56	80	0
2563	355.192708	355.479167	A6	92	80	0
2564	355.460938	356.000000	C7	91	80	0
2565	355.736979	356.128906	Bb6	90	80	0
2566	355.968750	356.319010	F6	89	80	0
2567	355.970052	356.839844	Eb4	78	80	0
2568	355.973958	356.869792	Bb3	71	80	0
2569	355.980469	356.779948	G3	71	80	0
2570	356.239583	356.878906	D6	96	80	0
2571	356.500000	356.843750	F6	91	80	0
2572	356.794271	357.039062	Eb6	93	80	0
2573	357.049479	357.500000	Eb6	87	80	0
2574	357.054688	357.859375	Bb3	73	80	0
2575	357.055990	357.839844	D4	81	80	0
2576	357.063802	357.809896	G#3	70	80	0
2577	357.063802	357.789062	F3	70	80	0
2578	357.315104	357.750000	C6	91	80	0
2579	357.565104	357.871094	Eb6	98	80	0
2580	357.822917	359.109375	D6	104	80	0
2581	358.123698	358.609375	C7	90	80	0
2582	358.126302	359.959635	D4	84	80	0
2583	358.134115	360.179688	Bb3	76	80	0
2584	358.135417	360.149740	G#3	75	80	0
2585	358.143229	360.000000	F3	64	80	0
2586	358.459635	358.769531	A6	96	80	0
2587	358.734375	359.449219	C7	98	80	0
2588	359.003906	359.539062	Bb6	100	80	0
2589	359.273438	359.809896	Eb6	98	80	0
2590	359.539062	360.029948	C6	99	80	0
2591	359.817708	360.289062	Eb6	99	80	0
2592	360.145833	360.669271	D6	104	80	0
2593	360.464844	361.639323	Eb4	82	80	0
2594	360.467448	360.919271	F6	89	80	0
2595	360.473958	361.598958	Bb3	75	80	0
2596	360.476562	361.639323	Eb3	72	80	0
2597	360.480469	361.579427	G3	79	80	0
2598	360.813802	361.609375	D6	100	80	0
2599	361.149740	361.799479	F6	97	80	0
2600	361.507812	362.209635	Eb6	100	80	0
2601	362.101562	365.218750	F6	92	80	0
2602	362.101562	363.239583	G6	93	80	0
2603	362.105469	362.119792	C#4	68	80	0
2604	362.105469	365.218750	G5	94	80	0
2605	362.105469	364.539062	Bb3	71	80	0
2606	362.113281	364.979167	C#3	64	80	0
2607	365.125000	365.449219	Eb6	67	80	0
2608	365.128906	365.394531	G#5	58	80	0
2609	365.132812	365.529948	C4	47	80	0
2610	365.135417	365.393229	C3	38	80	0
2611	365.811198	368.878906	Eb5	69	80	0
2612	365.819010	368.819010	G#4	56	80	0
2613	365.843750	368.839844	C4	41	80	0
2614	365.854167	368.769531	C3	37	80	0
2615	368.743490	369.023438	C#5	53	80	0
2616	368.753906	369.020833	Bb4	46	80	0
2617	368.765625	369.015625	G3	33	80	0
2618	368.765625	369.014323	E3	33	80	0
2619	369.394531	372.438802	C#5	60	80	0
2620	369.403646	369.408854	E4	36	80	0
2621	369.407552	372.079427	Bb4	54	80	0
2622	369.408854	371.779948	E3	31	80	0
2623	369.411458	371.559896	G3	33	80	0
2624	372.359375	372.632812	C5	43	80	0
2625	372.364583	372.638021	G#4	36	80	0
2626	372.385417	372.634115	G#3	27	80	0
2627	372.389323	372.643229	F3	22	80	0
2628	372.994792	376.419271	C5	42	80	0
2629	373.015625	374.759115	G#3	28	80	0
2630	373.018229	376.339844	G#4	36	80	0
2631	373.027344	375.500000	F3	27	80	0
2632	376.289062	377.059896	Eb5	41	80	0
2633	376.294271	379.158854	G4	27	80	0
2634	376.307292	376.848958	Bb3	24	80	0
2635	376.320312	377.188802	Eb3	21	80	0
2636	377.164062	380.009115	Eb5	44	80	0
2637	377.187500	379.569010	Bb3	24	80	0
2638	377.203125	380.059896	Eb3	19	80	0
2639	379.785156	381.019531	G#3	27	80	0
2640	379.925781	380.869792	C4	28	80	0
2641	379.962240	380.519531	G#4	55	80	0
2642	380.255208	380.375000	Eb5	49	80	0
2643	380.410156	380.485677	C5	54	80	0
2644	380.513021	380.634115	Eb5	69	80	0
2645	380.647135	380.949219	G#5	79	80	0
2646	380.782552	380.859375	Eb5	68	80	0
2647	380.906250	380.983073	C5	69	80	0
2648	381.016927	381.096354	Eb5	72	80	0
2649	381.144531	381.289062	G#4	69	80	0
2650	381.274740	381.384115	Eb4	60	80	0
2651	381.395833	381.523438	C4	56	80	0
2652	381.529948	381.614583	Eb4	66	80	0
2653	381.630208	381.759115	G#3	68	80	0
2654	381.765625	381.878906	Eb3	48	80	0
2655	381.885417	381.963542	C3	51	80	0
2656	381.998698	382.080729	Eb3	50	80	0
2657	382.126302	382.200521	G#2	59	80	0
2658	382.263021	382.333333	Eb2	50	80	0
2659	382.384115	382.484375	C2	48	80	0
2660	382.505208	382.563802	Eb2	52	80	0
2661	382.632812	382.949219	G#1	59	80	0
2662	382.747396	382.927083	C2	49	80	0
2663	382.890625	382.984375	Eb2	53	80	0
2664	382.994792	383.046875	G#2	66	80	0
2665	383.148438	383.438802	G2	60	80	0
2666	383.151042	383.529948	Bb2	57	80	0
2667	383.320312	383.380208	Eb3	49	80	0
2668	383.433594	383.516927	C#3	48	80	0
2669	383.569010	383.628906	Eb3	52	80	0
2670	383.687500	384.019531	G2	44	80	0
2671	383.692708	383.799479	G3	42	80	0
2672	383.781250	383.842448	Eb3	53	80	0
2673	383.893229	383.962240	C#3	58	80	0
2674	383.994792	384.158854	Eb3	59	80	0
2675	384.144531	384.718750	Eb2	51	80	0
2676	384.144531	384.658854	Bb2	55	80	0
2677	384.144531	384.529948	G3	57	80	0
2678	384.265625	384.339844	Eb4	51	80	0
2679	384.393229	384.494792	C#4	53	80	0
2680	384.511719	384.578125	Eb4	63	80	0
2681	384.635417	384.708333	G4	54	80	0
2682	384.747396	384.812500	Eb4	59	80	0
2683	384.852865	384.928385	C#4	66	80	0
2684	384.947917	385.044271	Eb4	76	80	0
2685	385.074219	385.729167	Eb2	55	80	0
2686	385.075521	385.769531	Bb2	61	80	0
2687	385.075521	385.429688	Bb1	59	80	0
2688	385.080729	385.279948	G4	79	80	0
2689	385.192708	385.289062	Eb5	75	80	0
2690	385.317708	385.449219	C#5	76	80	0
2691	385.441406	385.520833	Eb5	75	80	0
2692	385.554688	385.645833	G5	76	80	0
2693	385.665365	385.764323	Eb5	78	80	0
2694	385.766927	385.856771	C#5	83	80	0
2695	385.859375	386.009115	Eb5	92	80	0
2696	386.006510	386.688802	C3	53	80	0
2697	386.007812	386.729167	C2	56	80	0
2698	386.011719	386.144531	G#5	86	80	0
2699	386.013021	386.729167	Eb2	53	80	0
2700	386.126302	386.222656	Eb6	75	80	0
2701	386.233073	386.348958	C6	79	80	0
2702	386.352865	386.484375	Eb6	85	80	0
2703	386.485677	386.606771	G#6	79	80	0
2704	386.597656	386.701823	Eb6	82	80	0
2705	386.700521	386.800781	C6	86	80	0
2706	386.813802	386.921875	Eb6	95	80	0
2707	386.932292	386.975260	G#5	91	80	0
2708	387.066406	387.143229	Eb5	76	80	0
2709	387.173177	387.264323	C5	73	80	0
2710	387.276042	387.345052	Eb5	82	80	0
2711	387.380208	387.451823	G#4	81	80	0
2712	387.494792	387.596354	Eb4	64	80	0
2713	387.625000	387.704427	C4	58	80	0
2714	387.723958	387.833333	Eb4	63	80	0
2715	387.868490	387.949219	G#3	60	80	0
2716	387.968750	388.063802	Eb3	62	80	0
2717	388.087240	388.171875	C3	51	80	0
2718	388.199219	388.274740	Eb3	56	80	0
2719	388.315104	388.380208	G#2	64	80	0
2720	388.419271	388.511719	Eb3	56	80	0
2721	388.553385	388.635417	C3	50	80	0
2722	388.654948	388.740885	Eb3	59	80	0
2723	388.816406	389.188802	Bb2	50	80	0
2724	388.819010	389.059896	Bb1	48	80	0
2725	388.819010	389.359375	Eb2	51	80	0
2726	388.825521	389.139323	G2	49	80	0
2727	388.825521	389.059896	G1	48	80	0
2728	388.915365	388.994792	Eb3	55	80	0
2729	389.062500	389.229167	C#3	49	80	0
2730	389.184896	389.272135	Eb3	46	80	0
2731	389.322917	389.500000	Bb3	62	80	0
2732	389.444010	389.569010	Eb3	53	80	0
2733	389.563802	389.709635	C#3	57	80	0
2734	389.645833	392.419271	Eb3	62	80	0
2735	389.805990	390.199219	Bb3	69	80	0
2736	389.813802	390.188802	G3	57	80	0
2737	389.916667	390.014323	Eb4	61	80	0
2738	390.052083	390.139323	C#4	54	80	0
2739	390.149740	390.231771	Eb4	61	80	0
2740	390.294271	390.479167	Bb4	69	80	0
2741	390.407552	390.493490	Eb4	59	80	0
2742	390.535156	390.639323	C#4	59	80	0
2743	390.631510	390.869792	Eb4	68	80	0
2744	390.765625	390.779948	G1	50	80	0
2745	390.766927	391.000000	G2	49	80	0
2746	390.773438	390.873698	Bb4	70	80	0
2747	390.864583	390.989583	Eb5	70	80	0
2748	391.013021	391.102865	C#5	67	80	0
2749	391.131510	391.218750	Eb5	71	80	0
2750	391.255208	391.330729	Bb5	68	80	0
2751	391.363281	391.449219	Eb5	67	80	0
2752	391.485677	391.565104	C#5	63	80	0
2753	391.588542	391.779948	Eb5	67	80	0
2754	391.734375	391.934896	C5	71	80	0
2755	391.774740	392.319010	G#3	35	80	0
2756	391.794271	392.229167	G#2	36	80	0
2757	391.962240	392.013021	Eb5	53	80	0
2758	392.059896	392.164062	C5	49	80	0
2759	392.207031	392.282552	Eb5	60	80	0
2760	392.333333	392.402344	C6	58	80	0
2761	392.432292	392.509115	Eb5	62	80	0
2762	392.535156	392.639323	C5	73	80	0
2763	392.665365	392.799479	Eb5	70	80	0
2764	392.776042	392.911458	C#5	84	80	0
2765	392.794271	393.649740	G#3	52	80	0
2766	392.794271	393.468750	F3	52	80	0
2767	392.915365	393.029948	G#5	59	80	0
2768	393.076823	393.145833	C#5	61	80	0
2769	393.177083	393.273438	G#5	70	80	0
2770	393.299479	393.386719	C#6	76	80	0
2771	393.404948	393.484375	G#5	65	80	0
2772	393.522135	393.606771	F5	73	80	0
2773	393.621094	393.714844	G#5	77	80	0
2774	393.756510	393.897135	Eb5	86	80	0
2775	393.763021	394.199219	G#3	50	80	0
2776	393.764323	394.128906	C4	58	80	0
2777	393.885417	393.998698	Eb6	78	80	0
2778	394.010417	394.121094	G#5	81	80	0
2779	394.118490	394.214844	Eb6	84	80	0
2780	394.236979	394.479167	E5	93	80	0
2781	394.255208	394.658854	C3	64	80	0
2782	394.259115	394.598958	C4	63	80	0
2783	394.263021	394.609375	G#3	64	80	0
2784	394.384115	394.498698	E6	84	80	0
2785	394.493490	394.613281	G#5	90	80	0
2786	394.605469	394.747396	E6	89	80	0
2787	394.611979	395.549479	C#3	65	80	0
2788	394.614583	395.628906	G#3	54	80	0
2789	394.756510	395.408854	C#4	70	80	0
2790	394.760417	394.890625	F5	100	80	0
2791	394.885417	394.968750	F6	89	80	0
2792	395.014323	395.158854	F5	98	80	0
2793	395.127604	395.378906	G#5	93	80	0
2794	395.264323	395.414062	F6	96	80	0
2795	395.404948	395.545573	C#6	86	80	0
2796	395.536458	395.662760	G#5	91	80	0
2797	395.645833	395.776042	C#6	97	80	0
2798	395.776042	396.679688	G5	97	80	0
2799	395.782552	396.619792	Bb3	86	80	0
2800	395.805990	396.739583	Eb3	71	80	0
2801	395.805990	396.468750	Bb2	73	80	0
2802	395.919271	396.179688	Eb6	91	80	0
2803	396.062500	396.359375	C#6	96	80	0
2804	396.186198	396.343750	Eb6	92	80	0
2805	396.328125	396.477865	G6	97	80	0
2806	396.459635	396.699219	Eb6	89	80	0
2807	396.591146	396.750000	C#6	93	80	0
2808	396.713542	396.938802	Eb6	95	80	0
2809	396.859375	397.429688	G5	100	80	0
2810	396.868490	397.339844	C4	76	80	0
2811	396.873698	397.359375	Eb3	74	80	0
2812	396.875000	397.239583	C3	71	80	0
2813	397.031250	397.319010	G6	99	80	0
2814	397.178385	397.347656	Eb6	92	80	0
2815	397.324219	397.549479	G6	98	80	0
2816	397.494792	398.029948	G#5	95	80	0
2817	397.498698	398.559896	C4	83	80	0
2818	397.503906	397.859375	C3	70	80	0
2819	397.503906	398.259115	Eb3	73	80	0
2820	397.653646	397.848958	G#6	95	80	0
2821	397.824219	398.098958	Eb6	94	80	0
2822	397.970052	398.199219	G#6	93	80	0
2823	398.373698	400.759115	F5	73	80	0
2824	398.395833	399.399740	G#3	43	80	0
2825	398.401042	401.559896	C#3	41	80	0
2826	399.154948	400.049479	A3	55	80	0
2827	399.872396	400.683594	Bb3	52	80	0
2828	400.252604	400.667969	Bb4	64	80	0
2829	400.587240	401.079427	C5	66	80	0
2830	400.588542	401.179688	C4	55	80	0
2831	400.930990	401.878906	C#4	56	80	0
2832	400.932292	401.519531	C#5	70	80	0
2833	401.390625	402.619792	G4	56	80	0
2834	401.414062	403.119792	Bb3	38	80	0
2835	401.425781	403.209635	G3	33	80	0
2836	401.425781	406.039062	Eb3	30	80	0
2837	402.207031	403.968750	Eb5	70	80	0
2838	403.075521	405.579427	Eb4	66	80	0
2839	403.132812	404.959635	C4	34	80	0
2840	403.518229	404.019531	C#5	58	80	0
2841	403.872396	405.009115	C5	65	80	0
2842	404.184896	404.968750	C6	71	80	0
2843	404.527344	405.188802	Bb5	72	80	0
2844	404.888021	405.459635	G5	81	80	0
2845	405.204427	405.613281	Bb5	86	80	0
2846	405.213542	405.729167	C4	60	80	0
2847	405.225260	405.889323	G#3	54	80	0
2848	405.535156	405.968750	G#5	93	80	0
2849	405.861979	406.598958	C6	88	80	0
2850	405.894531	406.559896	C4	65	80	0
2851	405.895833	406.729167	G#3	58	80	0
2852	406.234375	406.709635	G#5	92	80	0
2853	406.548177	406.938802	Eb5	91	80	0
2854	406.910156	407.369792	E5	96	80	0
2855	406.915365	407.179688	C4	68	80	0
2856	406.924479	407.908854	G#3	66	80	0
2857	407.160156	408.989583	C#3	53	80	0
2858	407.410156	410.199219	F5	75	80	0
2859	407.446615	408.250000	C4	46	80	0
2860	407.822917	408.309896	A3	68	80	0
2861	408.201823	408.582031	Bb3	69	80	0
2862	408.535156	408.904948	C4	68	80	0
2863	408.882812	409.628906	C#4	59	80	0
2864	409.227865	409.623698	C#3	47	80	0
2865	409.231771	410.128906	Bb4	65	80	0
2866	409.563802	409.945312	Eb3	55	80	0
2867	409.585938	409.976562	C5	75	80	0
2868	409.916667	410.339844	F3	61	80	0
2869	409.917969	410.419271	C#5	79	80	0
2870	410.247396	411.149740	Eb3	60	80	0
2871	410.278646	411.138021	G4	76	80	0
2872	410.621094	411.158854	Eb2	59	80	0
2873	411.054688	413.968750	Eb5	71	80	0
2874	411.054688	411.463542	F2	48	80	0
2875	411.488281	412.059896	G2	46	80	0
2876	412.065104	415.438802	C5	62	80	0
2877	412.072917	413.539062	G#4	57	80	0
2878	412.074219	414.179688	Eb4	51	80	0
2879	412.105469	415.000000	G#2	36	80	0
2880	413.723958	416.250000	C#5	77	80	0
2881	413.734375	415.729167	G#4	59	80	0
2882	413.735677	415.019531	F2	45	80	0
2883	414.505208	415.779948	F4	71	80	0
2884	414.507812	416.348958	C#2	62	80	0
2885	415.430990	416.479167	Bb4	82	80	0
2886	415.432292	416.239583	G2	54	80	0
2887	416.259115	417.158854	C#5	90	80	0
2888	416.273438	417.098958	G4	75	80	0
2889	416.273438	417.029948	E4	75	80	0
2890	416.290365	417.509115	Bb2	67	80	0
2891	417.464844	420.908854	C#5	92	80	0
2892	417.467448	420.079427	E4	87	80	0
2893	417.470052	420.789062	G4	86	80	0
2894	417.515625	420.579427	Bb2	41	80	0
2895	419.723958	421.049479	Eb4	53	80	0
2896	421.903646	422.489583	C5	47	80	0
2897	421.907552	422.539062	G#4	41	80	0
2898	421.915365	422.389323	Eb4	34	80	0
2899	421.933594	421.938802	G#3	34	80	0
2900	421.937500	422.378906	G#2	32	80	0
2901	424.231771	424.769531	C5	31	80	0
2902	424.235677	424.658854	Eb4	27	80	0
2903	424.236979	424.889323	G#4	33	80	0
2904	424.246094	424.839844	G#2	30	80	0
2905	424.246094	424.938802	G#1	30	80	0
2906	424.256510	424.269531	C4	24	80	0
#SusPed	8.875000	78	0
#SusPed	11.459635	0	0
#SusPed	11.464844	81	0
#SusPed	11.509115	0	0
#SusPed	11.519531	86	0
#SusPed	11.579427	0	0
#SusPed	11.593750	87	0
#SofPed	11.743490	59	0
#SofPed	11.878906	0	0
#SofPed	11.885417	48	0
#SofPed	12.098958	0	0
#SofPed	12.111979	43	0
#SofPed	12.348958	0	0
#SofPed	12.364583	46	0
#SofPed	12.559896	0	0
#SofPed	12.571615	51	0
#SofPed	13.529948	0	0
#SofPed	13.540365	32	0
#SofPed	13.658854	0	0
#SofPed	13.667969	30	0
#SofPed	13.908854	0	0
#SusPed	15.329427	0	0
#SusPed	15.342448	64	0
#SusPed	15.609375	0	0
#SusPed	15.623698	73	0
#SofPed	16.613281	67	0
#SofPed	16.658854	0	0
#SofPed	16.671875	67	0
#SofPed	16.750000	0	0
#SofPed	16.757812	54	0
#SusPed	17.039062	0	0
#SusPed	17.053385	75	0
#SusPed	17.199219	0	0
#SusPed	17.574219	75	0
#SusPed	19.848958	0	0
#SusPed	19.861979	79	0
#SusPed	20.069010	0	0
#SusPed	20.078125	82	0
#SusPed	21.279948	0	0
#SusPed	21.294271	80	0
#SofPed	21.299479	0	0
#SusPed	21.829427	0	0
#SusPed	21.834635	79	0
#SusPed	21.989583	0	0
#SusPed	22.003906	78	0
#SusPed	22.658854	0	0
#SusPed	22.670573	70	0
#SusPed	22.848958	0	0
#SusPed	22.859375	77	0
#SofPed	23.050781	28	0
#SofPed	23.389323	0	0
#SofPed	23.395833	45	0
#SofPed	23.609375	0	0
#SofPed	23.623698	35	0
#SusPed	23.699219	0	0
#SusPed	23.705729	69	0
#SofPed	23.750000	0	0
#SofPed	23.753906	39	0
#SusPed	23.968750	0	0
#SusPed	23.979167	77	0
#SofPed	24.289062	0	0
#SofPed	24.295573	86	0
#SofPed	24.438802	0	0
#SofPed	24.445312	86	0
#SofPed	24.589844	0	0
#SofPed	24.604167	96	0
#SofPed	24.929688	0	0
#SofPed	24.940104	110	0
#SusPed	25.389323	0	0
#SusPed	25.397135	76	0
#SusPed	25.529948	0	0
#SusPed	25.536458	77	0
#SusPed	29.579427	0	0
#SusPed	29.591146	97	0
#SusPed	29.829427	0	0
#SusPed	29.842448	95	0
#SusPed	30.369792	0	0
#SusPed	30.376302	72	0
#SusPed	30.688802	0	0
#SusPed	30.696615	82	0
#SofPed	30.938802	0	0
#SusPed	31.459635	0	0
#SusPed	31.468750	78	0
#SusPed	31.658854	0	0
#SusPed	31.665365	84	0
#SusPed	31.938802	0	0
#SusPed	31.945312	81	0
#SusPed	32.069010	0	0
#SusPed	32.080729	80	0
#SusPed	32.559896	0	0
#SusPed	32.565104	77	0
#SusPed	32.899740	0	0
#SusPed	32.912760	73	0
#SusPed	36.309896	0	0
#SusPed	36.316406	72	0
#SusPed	36.609375	0	0
#SusPed	36.623698	84	0
#SusPed	37.699219	0	0
#SusPed	37.714844	74	0
#SofPed	37.759115	99	0
#SofPed	37.859375	0	0
#SofPed	37.864583	104	0
#SusPed	37.959635	0	0
#SusPed	37.964844	85	0
#SofPed	38.039062	0	0
#SofPed	38.053385	99	0
#SofPed	38.109375	0	0
#SofPed	38.118490	98	0
#SofPed	38.269531	0	0
#SofPed	38.281250	87	0
#SofPed	38.408854	0	0
#SofPed	38.415365	87	0
#SofPed	38.579427	0	0
#SofPed	38.588542	100	0
#SofPed	38.658854	0	0
#SofPed	38.666667	105	0
#SofPed	38.859375	0	0
#SofPed	38.867188	113	0
#SofPed	38.959635	0	0
#SofPed	38.964844	114	0
#SofPed	39.069010	0	0
#SofPed	39.075521	113	0
#SofPed	39.218750	0	0
#SofPed	39.225260	103	0
#SofPed	39.399740	0	0
#SofPed	39.404948	82	0
#SofPed	39.489583	0	0
#SofPed	39.503906	82	0
#SofPed	39.598958	0	0
#SusPed	39.809896	0	0
#SusPed	39.822917	71	0
#SofPed	39.829427	100	0
#SofPed	39.839844	0	0
#SusPed	40.049479	0	0
#SusPed	40.063802	77	0
#SusPed	43.549479	0	0
#SusPed	43.554688	63	0
#SusPed	43.759115	0	0
#SusPed	43.772135	73	0
#SusPed	44.809896	0	0
#SusPed	44.824219	70	0
#SusPed	44.938802	0	0
#SusPed	44.945312	72	0
#SofPed	45.611979	104	0
#SofPed	45.779948	0	0
#SofPed	45.785156	90	0
#SofPed	46.128906	0	0
#SofPed	46.140625	46	0
#SofPed	46.149740	0	0
#SofPed	46.503906	26	0
#SofPed	46.509115	0	0
#SusPed	46.819010	0	0
#SusPed	46.829427	73	0
#SusPed	46.979167	0	0
#SusPed	46.985677	82	0
#SusPed	50.259115	0	0
#SusPed	50.273438	83	0
#SusPed	50.419271	0	0
#SusPed	50.432292	52	0
#SusPed	52.319010	0	0
#SusPed	52.325521	61	0
#SusPed	52.389323	0	0
#SusPed	52.397135	64	0
#SusPed	52.919271	0	0
#SusPed	52.925781	62	0
#SusPed	53.718750	0	0
#SusPed	53.731771	66	0
#SusPed	54.019531	0	0
#SusPed	54.027344	64	0
#SofPed	54.919271	37	0
#SusPed	55.098958	0	0
#SusPed	55.111979	70	0
#SofPed	55.259115	0	0
#SusPed	55.269531	0	0
#SofPed	55.273438	42	0
#SusPed	55.278646	72	0
#SofPed	55.449219	0	0
#SofPed	55.455729	47	0
#SofPed	55.699219	0	0
#SofPed	55.713542	66	0
#SofPed	55.908854	0	0
#SofPed	55.923177	75	0
#SofPed	56.089844	0	0
#SofPed	56.104167	49	0
#SusPed	56.218750	0	0
#SusPed	56.230469	61	0
#SofPed	56.449219	0	0
#SofPed	56.458333	86	0
#SusPed	56.619792	0	0
#SusPed	56.632812	71	0
#SusPed	56.949219	0	0
#SusPed	56.954427	72	0
#SusPed	57.089844	0	0
#SusPed	57.104167	72	0
#SusPed	57.639323	0	0
#SusPed	57.644531	67	0
#SusPed	57.789062	0	0
#SusPed	57.800781	74	0
#SusPed	58.000000	0	0
#SusPed	58.013021	99	0
#SusPed	58.059896	0	0
#SusPed	58.071615	99	0
#SusPed	58.128906	0	0
#SusPed	58.134115	97	0
#SusPed	58.359375	0	0
#SusPed	58.371094	89	0
#SusPed	58.438802	0	0
#SusPed	58.451823	93	0
#SusPed	58.658854	0	0
#SusPed	58.670573	93	0
#SusPed	58.908854	0	0
#SusPed	58.921875	68	0
#SusPed	59.098958	0	0
#SusPed	59.113281	62	0
#SusPed	59.179688	0	0
#SusPed	59.194010	61	0
#SusPed	59.218750	0	0
#SusPed	59.227865	66	0
#SusPed	59.789062	0	0
#SusPed	59.799479	64	0
#SusPed	60.479167	0	0
#SusPed	60.484375	80	0
#SusPed	60.889323	0	0
#SusPed	60.901042	92	0
#SusPed	61.089844	0	0
#SusPed	61.100260	87	0
#SusPed	61.169271	0	0
#SusPed	61.179688	95	0
#SusPed	61.218750	0	0
#SusPed	61.225260	99	0
#SusPed	61.559896	0	0
#SusPed	61.570312	65	0
#SusPed	61.669271	0	0
#SusPed	61.678385	90	0
#SusPed	61.889323	0	0
#SusPed	61.894531	85	0
#SusPed	61.949219	0	0
#SusPed	61.954427	92	0
#SusPed	62.000000	0	0
#SusPed	62.011719	101	0
#SusPed	62.250000	0	0
#SusPed	62.263021	104	0
#SofPed	62.459635	0	0
#SusPed	62.539062	0	0
#SusPed	62.549479	76	0
#SusPed	63.509115	0	0
#SusPed	63.518229	79	0
#SusPed	63.658854	0	0
#SusPed	63.669271	91	0
#SusPed	63.799479	0	0
#SusPed	63.804688	92	0
#SusPed	63.938802	0	0
#SusPed	63.951823	89	0
#SusPed	64.429688	0	0
#SusPed	64.438802	68	0
#SusPed	64.819010	0	0
#SusPed	64.824219	51	0
#SusPed	65.199219	0	0
#SusPed	65.207031	61	0
#SusPed	65.319010	0	0
#SusPed	65.328125	65	0
#SusPed	65.399740	0	0
#SusPed	65.406250	61	0
#SusPed	65.529948	0	0
#SusPed	65.541667	59	0
#SusPed	65.639323	0	0
#SusPed	65.653646	55	0
#SusPed	65.968750	0	0
#SusPed	65.975260	71	0
#SusPed	66.289062	0	0
#SusPed	66.296875	68	0
#SusPed	66.489583	0	0
#SusPed	66.503906	81	0
#SusPed	67.029948	0	0
#SusPed	67.040365	89	0
#SusPed	67.128906	0	0
#SusPed	67.144531	97	0
#SusPed	67.378906	0	0
#SusPed	67.386719	84	0
#SusPed	67.479167	0	0
#SusPed	67.484375	99	0
#SusPed	67.848958	0	0
#SusPed	67.855469	96	0
#SusPed	68.029948	0	0
#SusPed	68.041667	96	0
#SusPed	68.119792	0	0
#SusPed	68.130208	97	0
#SusPed	68.329427	0	0
#SusPed	68.334635	96	0
#SofPed	68.747396	63	0
#SofPed	68.859375	0	0
#SofPed	68.865885	65	0
#SofPed	68.949219	0	0
#SusPed	68.959635	0	0
#SofPed	68.962240	62	0
#SusPed	68.964844	106	0
#SofPed	69.039062	0	0
#SofPed	69.044271	56	0
#SusPed	69.269531	0	0
#SusPed	69.279948	79	0
#SusPed	69.429688	0	0
#SusPed	69.434896	87	0
#SusPed	69.819010	0	0
#SusPed	69.832031	78	0
#SusPed	70.109375	0	0
#SusPed	70.114583	72	0
#SusPed	70.250000	0	0
#SusPed	70.264323	60	0
#SofPed	70.269531	0	0
#SofPed	70.274740	47	0
#SusPed	70.299479	0	0
#SusPed	70.304688	54	0
#SofPed	70.309896	0	0
#SofPed	70.322917	66	0
#SofPed	70.389323	0	0
#SofPed	70.402344	105	0
#SusPed	70.759115	0	0
#SusPed	70.766927	67	0
#SusPed	71.128906	0	0
#SusPed	71.135417	63	0
#SusPed	71.169271	0	0
#SusPed	71.180990	64	0
#SusPed	71.359375	0	0
#SusPed	71.367188	71	0
#SusPed	71.509115	0	0
#SusPed	71.519531	65	0
#SusPed	71.829427	0	0
#SusPed	71.842448	69	0
#SofPed	71.968750	0	0
#SofPed	71.979167	113	0
#SofPed	72.019531	0	0
#SofPed	72.027344	111	0
#SofPed	72.128906	0	0
#SofPed	72.139323	109	0
#SusPed	72.139323	0	0
#SusPed	72.149740	69	0
#SusPed	72.299479	0	0
#SusPed	72.304688	85	0
#SusPed	72.369792	0	0
#SusPed	72.384115	100	0
#SusPed	72.489583	0	0
#SusPed	72.501302	95	0
#SofPed	72.509115	0	0
#SofPed	72.518229	101	0
#SofPed	72.598958	0	0
#SofPed	72.613281	88	0
#SofPed	72.688802	0	0
#SofPed	72.704427	58	0
#SofPed	72.789062	0	0
#SofPed	72.795573	45	0
#SofPed	73.019531	0	0
#SofPed	73.026042	51	0
#SusPed	73.139323	0	0
#SusPed	73.152344	75	0
#SofPed	73.289062	0	0
#SofPed	73.303385	42	0
#SusPed	73.309896	0	0
#SusPed	73.315104	82	0
#SofPed	73.399740	0	0
#SofPed	73.407552	33	0
#SofPed	73.658854	0	0
#SusPed	74.089844	0	0
#SusPed	74.096354	61	0
#SusPed	74.229167	0	0
#SusPed	74.243490	95	0
#SusPed	75.029948	0	0
#SusPed	75.044271	81	0
#SusPed	75.119792	0	0
#SusPed	75.191406	92	0
#SusPed	76.029948	0	0
#SusPed	76.036458	54	0
#SusPed	76.199219	0	0
#SusPed	76.207031	88	0
#SusPed	77.029948	0	0
#SusPed	77.041667	46	0
#SusPed	77.179688	0	0
#SusPed	77.191406	86	0
#SusPed	78.089844	0	0
#SusPed	78.102865	95	0
#SusPed	78.289062	0	0
#SusPed	78.299479	84	0
#SusPed	78.609375	0	0
#SusPed	78.621094	66	0
#SusPed	78.699219	0	0
#SusPed	78.704427	74	0
#SusPed	79.128906	0	0
#SusPed	79.141927	85	0
#SusPed	79.279948	0	0
#SusPed	79.294271	82	0
#SusPed	79.729167	0	0
#SusPed	79.740885	59	0
#SusPed	79.848958	0	0
#SusPed	79.863281	90	0
#SusPed	80.279948	0	0
#SusPed	80.289062	86	0
#SusPed	80.468750	0	0
#SusPed	80.475260	91	0
#SusPed	80.869792	0	0
#SusPed	80.876302	55	0
#SusPed	81.250000	0	0
#SusPed	81.257812	80	0
#SusPed	81.389323	0	0
#SusPed	81.403646	76	0
#SusPed	81.569010	0	0
#SusPed	81.576823	65	0
#SofPed	81.602865	56	0
#SofPed	81.609375	0	0
#SusPed	81.649740	0	0
#SusPed	81.657552	55	0
#SofPed	81.723958	62	0
#SofPed	81.729167	0	0
#SusPed	81.819010	0	0
#SusPed	81.826823	75	0
#SusPed	82.059896	0	0
#SusPed	82.070312	71	0
#SofPed	82.347656	71	0
#SofPed	82.359375	0	0
#SusPed	82.399740	0	0
#SusPed	82.404948	64	0
#SofPed	82.444010	75	0
#SofPed	82.449219	0	0
#SusPed	82.569010	0	0
#SusPed	82.580729	70	0
#SusPed	83.019531	0	0
#SusPed	83.027344	91	0
#SusPed	83.519531	0	0
#SusPed	83.524740	73	0
#SusPed	83.809896	0	0
#SusPed	83.820312	49	0
#SusPed	83.989583	0	0
#SusPed	83.997396	61	0
#SusPed	84.389323	0	0
#SusPed	84.399740	59	0
#SusPed	84.429688	0	0
#SusPed	84.434896	47	0
#SusPed	84.529948	0	0
#SusPed	84.539062	60	0
#SusPed	84.769531	0	0
#SusPed	84.783854	64	0
#SusPed	85.339844	0	0
#SusPed	85.352865	67	0
#SusPed	85.619792	0	0
#SusPed	85.634115	64	0
#SusPed	85.929688	0	0
#SusPed	85.934896	67	0
#SusPed	86.169271	0	0
#SusPed	86.175781	62	0
#SusPed	86.479167	0	0
#SusPed	86.492188	69	0
#SusPed	86.839844	0	0
#SusPed	86.846354	66	0
#SusPed	87.069010	0	0
#SusPed	87.075521	57	0
#SusPed	87.369792	0	0
#SusPed	87.375000	65	0
#SusPed	87.598958	0	0
#SusPed	87.614583	69	0
#SusPed	87.709635	0	0
#SusPed	87.721354	57	0
#SusPed	88.329427	0	0
#SusPed	88.334635	66	0
#SusPed	88.468750	0	0
#SusPed	88.483073	52	0
#SusPed	88.549479	0	0
#SusPed	88.558594	56	0
#SusPed	88.739583	0	0
#SusPed	88.747396	60	0
#SusPed	88.878906	0	0
#SusPed	88.888021	65	0
#SusPed	89.049479	0	0
#SusPed	89.054688	64	0
#SusPed	89.169271	0	0
#SusPed	89.180990	56	0
#SusPed	89.329427	0	0
#SusPed	89.335938	52	0
#SusPed	89.549479	0	0
#SusPed	89.561198	61	0
#SusPed	90.079427	0	0
#SusPed	90.093750	76	0
#SusPed	90.339844	0	0
#SusPed	90.345052	76	0
#SusPed	90.399740	0	0
#SusPed	90.404948	63	0
#SusPed	90.709635	0	0
#SusPed	90.716146	62	0
#SusPed	90.899740	0	0
#SusPed	90.904948	66	0
#SusPed	90.938802	0	0
#SusPed	90.950521	69	0
#SusPed	91.139323	0	0
#SusPed	91.149740	62	0
#SusPed	91.279948	0	0
#SusPed	91.285156	65	0
#SusPed	91.500000	0	0
#SusPed	91.513021	56	0
#SusPed	91.709635	0	0
#SusPed	91.717448	50	0
#SusPed	92.059896	0	0
#SusPed	92.074219	45	0
#SusPed	92.389323	0	0
#SusPed	92.403646	73	0
#SofPed	92.644531	25	0
#SusPed	92.739583	0	0
#SusPed	92.751302	78	0
#SofPed	92.799479	0	0
#SofPed	92.813802	30	0
#SofPed	93.009115	0	0
#SofPed	93.023438	25	0
#SusPed	93.069010	0	0
#SofPed	93.069010	0	0
#SofPed	93.078125	27	0
#SusPed	93.082031	41	0
#SusPed	93.139323	0	0
#SusPed	93.148438	65	0
#SofPed	93.389323	0	0
#SofPed	93.394531	35	0
#SusPed	93.419271	0	0
#SusPed	93.427083	92	0
#SusPed	93.699219	0	0
#SusPed	93.713542	62	0
#SusPed	94.479167	0	0
#SusPed	94.492188	74	0
#SofPed	94.509115	0	0
#SofPed	94.515625	38	0
#SofPed	94.619792	0	0
#SofPed	94.634115	40	0
#SofPed	94.908854	0	0
#SofPed	94.915365	39	0
#SusPed	94.938802	0	0
#SusPed	94.951823	68	0
#SofPed	95.139323	0	0
#SofPed	95.149740	39	0
#SusPed	95.149740	0	0
#SusPed	95.160156	65	0
#SofPed	95.279948	0	0
#SofPed	95.285156	37	0
#SusPed	95.479167	0	0
#SusPed	95.493490	69	0
#SusPed	95.649740	0	0
#SusPed	95.662760	71	0
#SofPed	95.718750	0	0
#SusPed	96.218750	0	0
#SusPed	96.231771	66	0
#SusPed	96.598958	0	0
#SusPed	96.606771	92	0
#SusPed	96.799479	0	0
#SusPed	96.805990	70	0
#SusPed	97.759115	0	0
#SusPed	97.769531	69	0
#SusPed	98.019531	0	0
#SusPed	98.031250	71	0
#SusPed	99.098958	0	0
#SusPed	99.113281	103	0
#SusPed	99.908854	0	0
#SusPed	99.923177	73	0
#SusPed	99.989583	0	0
#SusPed	100.054688	48	0
#SusPed	100.329427	0	0
#SusPed	100.341146	72	0
#SusPed	101.239583	0	0
#SusPed	101.247396	75	0
#SusPed	101.399740	0	0
#SusPed	101.407552	82	0
#SusPed	102.639323	0	0
#SusPed	102.653646	61	0
#SusPed	103.809896	0	0
#SusPed	103.819010	74	0
#SusPed	103.929688	0	0
#SusPed	103.941406	76	0
#SusPed	104.908854	0	0
#SusPed	104.923177	70	0
#SusPed	104.989583	0	0
#SusPed	105.000000	75	0
#SusPed	105.989583	0	0
#SusPed	106.001302	81	0
#SusPed	106.109375	0	0
#SusPed	106.123698	94	0
#SusPed	106.679688	0	0
#SusPed	106.684896	96	0
#SusPed	107.209635	0	0
#SusPed	107.216146	61	0
#SusPed	107.329427	0	0
#SusPed	107.342448	92	0
#SusPed	110.239583	0	0
#SusPed	110.251302	68	0
#SusPed	110.348958	0	0
#SusPed	110.364583	99	0
#SusPed	110.539062	0	0
#SusPed	110.545573	93	0
#SusPed	111.000000	0	0
#SusPed	111.005208	92	0
#SusPed	111.128906	0	0
#SusPed	111.144531	95	0
#SusPed	111.479167	0	0
#SusPed	111.488281	97	0
#SusPed	111.869792	0	0
#SusPed	111.881510	80	0
#SusPed	111.989583	0	0
#SusPed	111.994792	108	0
#SusPed	112.169271	0	0
#SusPed	112.178385	70	0
#SusPed	112.279948	0	0
#SusPed	112.285156	109	0
#SusPed	112.598958	0	0
#SusPed	112.605469	97	0
#SusPed	113.049479	0	0
#SusPed	113.054688	55	0
#SusPed	113.128906	0	0
#SusPed	113.138021	106	0
#SusPed	113.559896	0	0
#SusPed	113.563802	84	0
#SusPed	113.639323	0	0
#SusPed	113.653646	79	0
#SusPed	114.389323	0	0
#SusPed	114.395833	109	0
#SusPed	116.329427	0	0
#SusPed	116.337240	58	0
#SusPed	116.419271	0	0
#SusPed	116.424479	113	0
#SusPed	117.519531	0	0
#SusPed	117.532552	82	0
#SusPed	117.639323	0	0
#SusPed	117.644531	87	0
#SusPed	118.229167	0	0
#SusPed	118.235677	67	0
#SusPed	118.319010	0	0
#SusPed	118.334635	95	0
#SusPed	119.598958	0	0
#SusPed	119.606771	73	0
#SusPed	119.739583	0	0
#SusPed	119.751302	95	0
#SusPed	120.209635	0	0
#SusPed	120.214844	86	0
#SusPed	120.869792	0	0
#SusPed	120.875000	92	0
#SusPed	121.169271	0	0
#SusPed	121.175781	67	0
#SusPed	121.269531	0	0
#SusPed	121.475260	93	0
#SusPed	121.829427	0	0
#SusPed	121.838542	75	0
#SusPed	123.218750	0	0
#SusPed	123.226562	64	0
#SusPed	123.639323	0	0
#SusPed	123.651042	72	0
#SusPed	123.878906	0	0
#SusPed	123.891927	66	0
#SusPed	124.158854	0	0
#SusPed	124.167969	79	0
#SofPed	124.283854	48	0
#SusPed	124.569010	0	0
#SofPed	124.579427	0	0
#SusPed	124.584635	72	0
#SofPed	124.584635	40	0
#SofPed	124.789062	0	0
#SusPed	124.829427	0	0
#SusPed	124.835938	66	0
#SusPed	125.049479	0	0
#SusPed	125.062500	64	0
#SusPed	125.348958	0	0
#SusPed	125.359375	66	0
#SusPed	125.688802	0	0
#SusPed	125.703125	68	0
#SusPed	126.688802	0	0
#SusPed	126.703125	66	0
#SusPed	126.959635	0	0
#SusPed	126.966146	79	0
#SofPed	127.401042	70	0
#SofPed	127.408854	0	0
#SusPed	127.709635	0	0
#SusPed	127.720052	57	0
#SofPed	127.774740	70	0
#SofPed	127.959635	0	0
#SusPed	129.009115	0	0
#SusPed	129.023438	63	0
#SusPed	129.149740	0	0
#SusPed	129.161458	60	0
#SusPed	130.438802	0	0
#SusPed	130.445312	63	0
#SusPed	130.598958	0	0
#SusPed	130.605469	43	0
#SusPed	130.709635	0	0
#SusPed	130.723958	37	0
#SofPed	130.736979	55	0
#SofPed	130.839844	0	0
#SofPed	130.852865	69	0
#SusPed	131.039062	0	0
#SusPed	131.053385	52	0
#SofPed	131.069010	0	0
#SofPed	131.078125	84	0
#SofPed	131.149740	0	0
#SofPed	131.164062	58	0
#SofPed	131.209635	0	0
#SofPed	131.223958	61	0
#SusPed	131.269531	0	0
#SusPed	131.276042	57	0
#SofPed	131.339844	0	0
#SofPed	131.346354	87	0
#SusPed	131.609375	0	0
#SofPed	131.619792	0	0
#SusPed	131.621094	73	0
#SofPed	131.627604	89	0
#SusPed	132.049479	0	0
#SusPed	132.054688	65	0
#SusPed	132.598958	0	0
#SusPed	132.609375	78	0
#SusPed	133.188802	0	0
#SusPed	133.203125	66	0
#SusPed	133.579427	0	0
#SusPed	133.585938	57	0
#SusPed	133.729167	0	0
#SusPed	133.742188	60	0
#SusPed	134.019531	0	0
#SusPed	134.031250	60	0
#SusPed	134.199219	0	0
#SusPed	134.208333	68	0
#SusPed	134.579427	0	0
#SusPed	134.592448	60	0
#SusPed	134.739583	0	0
#SusPed	134.748698	63	0
#SusPed	134.938802	0	0
#SusPed	134.951823	61	0
#SusPed	135.229167	0	0
#SusPed	135.243490	60	0
#SusPed	135.479167	0	0
#SusPed	135.485677	74	0
#SusPed	135.658854	0	0
#SofPed	135.929688	0	0
#SofPed	135.944010	80	0
#SofPed	136.119792	0	0
#SofPed	136.125000	78	0
#SofPed	136.218750	0	0
#SofPed	136.231771	75	0
#SusPed	136.294271	72	0
#SusPed	136.759115	0	0
#SusPed	136.765625	64	0
#SusPed	136.899740	0	0
#SusPed	136.911458	68	0
#SusPed	137.179688	0	0
#SusPed	137.187500	63	0
#SofPed	137.579427	0	0
#SofPed	137.584635	63	0
#SofPed	137.669271	0	0
#SofPed	137.677083	55	0
#SusPed	137.679688	0	0
#SusPed	137.687500	43	0
#SusPed	137.919271	0	0
#SusPed	137.927083	44	0
#SusPed	138.169271	0	0
#SofPed	138.179688	0	0
#SofPed	138.187500	40	0
#SofPed	138.369792	0	0
#SofPed	138.380208	51	0
#SofPed	138.449219	0	0
#SofPed	138.454427	56	0
#SofPed	138.729167	0	0
#SofPed	138.738281	44	0
#SusPed	138.851562	63	0
#SofPed	138.908854	0	0
#SofPed	138.923177	63	0
#SusPed	139.039062	0	0
#SusPed	139.045573	71	0
#SofPed	139.279948	0	0
#SofPed	139.286458	69	0
#SofPed	139.389323	0	0
#SofPed	139.403646	71	0
#SofPed	139.459635	0	0
#SofPed	139.472656	76	0
#SofPed	139.699219	0	0
#SofPed	139.713542	82	0
#SusPed	139.759115	0	0
#SusPed	139.770833	68	0
#SusPed	140.229167	0	0
#SusPed	140.234375	60	0
#SusPed	140.919271	0	0
#SusPed	140.933594	69	0
#SofPed	141.029948	0	0
#SofPed	141.037760	87	0
#SofPed	141.139323	0	0
#SofPed	141.147135	79	0
#SofPed	141.348958	0	0
#SofPed	141.361979	67	0
#SusPed	141.408854	0	0
#SusPed	141.424479	69	0
#SofPed	141.539062	0	0
#SofPed	141.552083	50	0
#SofPed	141.769531	0	0
#SofPed	141.774740	31	0
#SusPed	141.889323	0	0
#SusPed	141.902344	55	0
#SofPed	141.919271	0	0
#SofPed	141.924479	33	0
#SusPed	142.109375	0	0
#SusPed	142.122396	56	0
#SusPed	142.479167	0	0
#SusPed	142.484375	60	0
#SusPed	142.759115	0	0
#SusPed	142.773438	68	0
#SofPed	142.809896	0	0
#SusPed	143.158854	0	0
#SusPed	143.166667	70	0
#SusPed	143.589844	0	0
#SusPed	143.604167	70	0
#SusPed	143.739583	0	0
#SusPed	143.750000	64	0
#SusPed	144.639323	0	0
#SusPed	144.644531	99	0
#SusPed	144.769531	0	0
#SusPed	144.783854	66	0
#SusPed	145.739583	0	0
#SusPed	145.753906	77	0
#SusPed	145.889323	0	0
#SusPed	145.894531	58	0
#SusPed	147.289062	0	0
#SusPed	147.295573	76	0
#SusPed	147.579427	0	0
#SusPed	147.584635	63	0
#SusPed	151.039062	0	0
#SusPed	151.046875	83	0
#SusPed	151.468750	0	0
#SusPed	151.476562	60	0
#SusPed	151.869792	0	0
#SusPed	151.882812	76	0
#SofPed	152.937500	73	0
#SofPed	153.069010	0	0
#SofPed	153.082031	72	0
#SofPed	154.239583	0	0
#SofPed	154.244792	86	0
#SofPed	154.479167	0	0
#SofPed	154.486979	96	0
#SofPed	154.688802	0	0
#SofPed	154.699219	102	0
#SusPed	155.519531	0	0
#SusPed	155.524740	56	0
#SusPed	155.699219	0	0
#SusPed	155.705729	72	0
#SofPed	158.049479	0	0
#SusPed	159.039062	0	0
#SusPed	159.046875	86	0
#SusPed	159.259115	0	0
#SusPed	159.273438	81	0
#SusPed	161.399740	0	0
#SusPed	161.414062	73	0
#SusPed	161.468750	0	0
#SusPed	161.479167	67	0
#SusPed	162.158854	0	0
#SusPed	162.167969	88	0
#SusPed	164.959635	0	0
#SusPed	164.964844	76	0
#SusPed	165.179688	0	0
#SusPed	165.184896	84	0
#SusPed	165.959635	0	0
#SusPed	165.966146	93	0
#SusPed	167.649740	0	0
#SusPed	167.657552	53	0
#SusPed	167.829427	0	0
#SusPed	167.841146	68	0
#SusPed	167.979167	0	0
#SusPed	167.993490	73	0
#SofPed	168.045573	21	0
#SusPed	168.049479	0	0
#SusPed	168.057292	74	0
#SofPed	168.179688	0	0
#SofPed	168.188802	22	0
#SofPed	168.399740	0	0
#SofPed	168.412760	19	0
#SofPed	168.519531	0	0
#SofPed	168.531250	17	0
#SusPed	168.539062	0	0
#SusPed	168.550781	70	0
#SusPed	168.649740	0	0
#SusPed	168.662760	66	0
#SusPed	168.949219	0	0
#SusPed	168.957031	76	0
#SusPed	169.169271	0	0
#SusPed	169.183594	63	0
#SusPed	169.359375	0	0
#SusPed	169.373698	70	0
#SusPed	169.699219	0	0
#SusPed	169.713542	61	0
#SofPed	169.799479	0	0
#SofPed	169.804688	33	0
#SusPed	169.839844	0	0
#SusPed	169.847656	75	0
#SofPed	169.899740	0	0
#SusPed	170.188802	0	0
#SusPed	170.197917	89	0
#SusPed	170.299479	0	0
#SusPed	170.309896	87	0
#SusPed	170.549479	0	0
#SusPed	170.563802	74	0
#SusPed	170.679688	0	0
#SusPed	170.694010	49	0
#SusPed	170.839844	0	0
#SusPed	170.851562	62	0
#SusPed	171.109375	0	0
#SusPed	171.122396	70	0
#SusPed	171.309896	0	0
#SusPed	171.320312	74	0
#SusPed	171.479167	0	0
#SusPed	171.485677	66	0
#SusPed	171.699219	0	0
#SusPed	171.705729	59	0
#SusPed	172.139323	0	0
#SusPed	172.151042	55	0
#SusPed	172.359375	0	0
#SusPed	172.367188	58	0
#SusPed	172.739583	0	0
#SusPed	172.747396	61	0
#SofPed	173.135417	34	0
#SofPed	173.199219	0	0
#SofPed	173.210938	38	0
#SusPed	173.289062	0	0
#SusPed	173.299479	63	0
#SofPed	173.348958	0	0
#SofPed	173.355469	40	0
#SofPed	173.449219	0	0
#SofPed	173.455729	43	0
#SusPed	173.829427	0	0
#SusPed	173.842448	60	0
#SusPed	173.979167	0	0
#SusPed	173.984375	67	0
#SofPed	174.239583	0	0
#SusPed	174.750000	0	0
#SusPed	174.757812	53	0
#SusPed	174.938802	0	0
#SusPed	174.947917	68	0
#SusPed	175.319010	0	0
#SusPed	175.325521	56	0
#SusPed	175.489583	0	0
#SusPed	175.497396	67	0
#SusPed	175.929688	0	0
#SusPed	175.940104	94	0
#SusPed	176.218750	0	0
#SusPed	176.226562	74	0
#SusPed	176.468750	0	0
#SusPed	176.477865	64	0
#SusPed	176.509115	0	0
#SusPed	176.522135	67	0
#SusPed	176.750000	0	0
#SusPed	176.761719	68	0
#SusPed	176.979167	0	0
#SusPed	176.989583	75	0
#SusPed	177.399740	0	0
#SusPed	177.412760	64	0
#SusPed	177.699219	0	0
#SusPed	177.713542	64	0
#SusPed	177.759115	0	0
#SusPed	177.772135	66	0
#SusPed	177.919271	0	0
#SusPed	177.933594	64	0
#SusPed	177.959635	0	0
#SusPed	177.964844	59	0
#SusPed	178.029948	0	0
#SusPed	178.042969	65	0
#SusPed	178.169271	0	0
#SusPed	178.183594	70	0
#SusPed	178.459635	0	0
#SusPed	178.473958	66	0
#SusPed	178.729167	0	0
#SusPed	178.743490	80	0
#SusPed	179.000000	0	0
#SusPed	179.006510	79	0
#SusPed	179.339844	0	0
#SusPed	179.348958	74	0
#SusPed	179.619792	0	0
#SusPed	179.632812	73	0
#SusPed	180.289062	0	0
#SusPed	180.294271	65	0
#SusPed	180.429688	0	0
#SusPed	180.444010	86	0
#SusPed	180.878906	0	0
#SusPed	180.889323	64	0
#SusPed	181.348958	0	0
#SusPed	181.356771	61	0
#SusPed	181.509115	0	0
#SusPed	181.514323	88	0
#SusPed	181.819010	0	0
#SusPed	181.833333	104	0
#SusPed	181.938802	0	0
#SusPed	181.951823	107	0
#SusPed	182.289062	0	0
#SusPed	182.299479	74	0
#SusPed	182.479167	0	0
#SusPed	182.488281	72	0
#SusPed	182.779948	0	0
#SusPed	182.785156	95	0
#SusPed	183.229167	0	0
#SusPed	183.235677	72	0
#SusPed	183.348958	0	0
#SusPed	183.355469	61	0
#SusPed	184.589844	0	0
#SusPed	184.604167	78	0
#SusPed	185.089844	0	0
#SusPed	185.095052	75	0
#SusPed	185.389323	0	0
#SusPed	185.395833	79	0
#SusPed	185.639323	0	0
#SusPed	185.648438	94	0
#SusPed	186.158854	0	0
#SusPed	186.164062	75	0
#SusPed	186.468750	0	0
#SusPed	186.481771	60	0
#SusPed	186.679688	0	0
#SusPed	186.694010	61	0
#SusPed	186.859375	0	0
#SusPed	186.867188	81	0
#SusPed	187.158854	0	0
#SusPed	187.173177	67	0
#SusPed	187.348958	0	0
#SusPed	187.360677	78	0
#SusPed	187.889323	0	0
#SusPed	187.902344	80	0
#SusPed	188.079427	0	0
#SusPed	188.093750	64	0
#SusPed	188.679688	0	0
#SusPed	188.694010	64	0
#SusPed	189.519531	0	0
#SusPed	189.533854	51	0
#SusPed	189.688802	0	0
#SusPed	189.701823	51	0
#SusPed	190.009115	0	0
#SusPed	190.023438	60	0
#SusPed	190.179688	0	0
#SusPed	190.186198	57	0
#SusPed	190.459635	0	0
#SusPed	190.466146	69	0
#SusPed	190.729167	0	0
#SusPed	190.744792	74	0
#SusPed	190.799479	0	0
#SusPed	190.804688	61	0
#SusPed	190.959635	0	0
#SusPed	190.966146	64	0
#SusPed	191.309896	0	0
#SusPed	191.324219	66	0
#SusPed	191.649740	0	0
#SusPed	191.654948	73	0
#SusPed	191.959635	0	0
#SusPed	191.967448	77	0
#SusPed	192.000000	0	0
#SusPed	192.006510	76	0
#SusPed	192.229167	0	0
#SusPed	192.235677	53	0
#SusPed	192.739583	0	0
#SusPed	192.748698	65	0
#SusPed	192.989583	0	0
#SusPed	192.998698	58	0
#SusPed	193.259115	0	0
#SusPed	193.265625	70	0
#SusPed	193.549479	0	0
#SusPed	193.559896	66	0
#SusPed	193.779948	0	0
#SusPed	193.790365	72	0
#SusPed	194.279948	0	0
#SusPed	194.285156	83	0
#SusPed	194.619792	0	0
#SusPed	194.631510	63	0
#SusPed	194.799479	0	0
#SusPed	194.811198	53	0
#SusPed	194.899740	0	0
#SusPed	194.906250	62	0
#SusPed	195.019531	0	0
#SusPed	195.024740	67	0
#SusPed	195.209635	0	0
#SusPed	195.214844	68	0
#SusPed	195.509115	0	0
#SusPed	195.514323	66	0
#SusPed	195.628906	0	0
#SusPed	195.643229	44	0
#SusPed	195.718750	0	0
#SusPed	195.727865	50	0
#SusPed	196.079427	0	0
#SusPed	196.093750	55	0
#SusPed	196.408854	0	0
#SusPed	196.415365	62	0
#SusPed	196.579427	0	0
#SusPed	196.593750	55	0
#SusPed	197.309896	0	0
#SusPed	197.315104	81	0
#SusPed	197.789062	0	0
#SusPed	197.803385	64	0
#SusPed	198.128906	0	0
#SusPed	198.136719	72	0
#SusPed	198.399740	0	0
#SusPed	198.411458	89	0
#SusPed	198.468750	0	0
#SusPed	198.475260	88	0
#SusPed	198.639323	0	0
#SusPed	198.645833	84	0
#SusPed	199.079427	0	0
#SusPed	199.084635	91	0
#SusPed	199.408854	0	0
#SusPed	199.415365	68	0
#SusPed	199.628906	0	0
#SusPed	199.641927	75	0
#SusPed	200.039062	0	0
#SusPed	200.049479	72	0
#SusPed	200.299479	0	0
#SusPed	200.308594	78	0
#SusPed	200.569010	0	0
#SusPed	200.578125	84	0
#SusPed	200.878906	0	0
#SusPed	200.885417	95	0
#SofPed	201.186198	46	0
#SusPed	201.339844	0	0
#SusPed	201.351562	84	0
#SofPed	201.389323	0	0
#SofPed	201.394531	57	0
#SusPed	201.619792	0	0
#SofPed	201.628906	0	0
#SusPed	201.634115	84	0
#SofPed	201.643229	47	0
#SofPed	201.739583	0	0
#SofPed	201.744792	52	0
#SofPed	201.819010	0	0
#SofPed	201.832031	55	0
#SofPed	201.889323	0	0
#SofPed	201.895833	53	0
#SofPed	202.019531	0	0
#SofPed	202.033854	56	0
#SusPed	202.089844	0	0
#SusPed	202.102865	93	0
#SofPed	202.259115	0	0
#SofPed	202.265625	71	0
#SofPed	202.509115	0	0
#SofPed	202.518229	68	0
#SusPed	202.559896	0	0
#SusPed	202.574219	72	0
#SofPed	202.619792	0	0
#SofPed	202.625000	79	0
#SusPed	202.699219	0	0
#SusPed	202.713542	71	0
#SusPed	204.039062	0	0
#SusPed	204.046875	84	0
#SusPed	204.598958	0	0
#SusPed	204.611979	79	0
#SusPed	204.718750	0	0
#SusPed	204.727865	64	0
#SofPed	205.598958	0	0
#SofPed	205.604167	87	0
#SofPed	205.799479	0	0
#SofPed	205.804688	91	0
#SusPed	206.179688	0	0
#SusPed	206.191406	72	0
#SusPed	206.378906	0	0
#SusPed	206.393229	80	0
#SusPed	207.919271	0	0
#SusPed	207.929688	87	0
#SofPed	208.149740	0	0
#SofPed	208.161458	95	0
#SofPed	208.229167	0	0
#SofPed	208.236979	93	0
#SofPed	208.348958	0	0
#SofPed	208.363281	94	0
#SofPed	208.479167	0	0
#SofPed	208.484375	94	0
#SofPed	208.609375	0	0
#SofPed	208.618490	93	0
#SofPed	208.649740	0	0
#SofPed	208.654948	92	0
#SofPed	208.759115	0	0
#SofPed	208.774740	79	0
#SofPed	208.989583	0	0
#SofPed	208.998698	77	0
#SofPed	209.128906	0	0
#SofPed	209.134115	79	0
#SofPed	209.218750	0	0
#SofPed	209.225260	73	0
#SofPed	209.269531	0	0
#SofPed	209.276042	71	0
#SofPed	209.329427	0	0
#SofPed	209.338542	69	0
#SusPed	209.408854	0	0
#SusPed	209.424479	84	0
#SofPed	209.519531	0	0
#SofPed	209.526042	76	0
#SusPed	209.529948	0	0
#SofPed	209.628906	0	0
#SofPed	209.639323	82	0
#SusPed	209.772135	85	0
#SusPed	210.628906	0	0
#SusPed	210.643229	82	0
#SusPed	210.809896	0	0
#SusPed	210.815104	96	0
#SusPed	211.289062	0	0
#SusPed	211.294271	99	0
#SusPed	211.399740	0	0
#SusPed	211.410156	88	0
#SusPed	211.459635	0	0
#SusPed	211.470052	86	0
#SusPed	211.509115	0	0
#SusPed	211.520833	91	0
#SusPed	211.669271	0	0
#SusPed	211.677083	92	0
#SusPed	211.769531	0	0
#SusPed	211.776042	95	0
#SofPed	212.139323	0	0
#SusPed	212.619792	0	0
#SusPed	212.625000	65	0
#SusPed	212.799479	0	0
#SusPed	212.808594	89	0
#SusPed	213.089844	0	0
#SusPed	213.097656	109	0
#SusPed	213.729167	0	0
#SusPed	213.743490	95	0
#SusPed	214.089844	0	0
#SusPed	214.097656	74	0
#SusPed	214.218750	0	0
#SusPed	214.225260	86	0
#SusPed	214.688802	0	0
#SusPed	214.704427	81	0
#SusPed	215.089844	0	0
#SusPed	215.100260	63	0
#SusPed	215.188802	0	0
#SusPed	215.197917	81	0
#SusPed	215.539062	0	0
#SusPed	215.546875	67	0
#SusPed	215.649740	0	0
#SusPed	215.664062	62	0
#SusPed	215.979167	0	0
#SusPed	215.988281	81	0
#SusPed	216.119792	0	0
#SusPed	216.134115	72	0
#SusPed	216.438802	0	0
#SusPed	216.453125	78	0
#SusPed	216.589844	0	0
#SusPed	216.600260	84	0
#SusPed	216.938802	0	0
#SusPed	216.950521	60	0
#SusPed	217.019531	0	0
#SusPed	217.026042	94	0
#SusPed	217.158854	0	0
#SusPed	217.164062	108	0
#SusPed	217.479167	0	0
#SusPed	217.489583	65	0
#SusPed	217.919271	0	0
#SusPed	217.925781	60	0
#SusPed	218.098958	0	0
#SusPed	218.105469	86	0
#SusPed	218.579427	0	0
#SusPed	218.584635	81	0
#SusPed	218.649740	0	0
#SusPed	218.804688	91	0
#SusPed	220.279948	0	0
#SusPed	220.287760	84	0
#SusPed	220.718750	0	0
#SusPed	220.727865	75	0
#SusPed	221.579427	0	0
#SusPed	221.584635	78	0
#SusPed	221.779948	0	0
#SusPed	221.783854	91	0
#SusPed	222.000000	0	0
#SusPed	222.006510	91	0
#SusPed	222.799479	0	0
#SusPed	222.811198	73	0
#SusPed	223.729167	0	0
#SusPed	223.735677	90	0
#SusPed	224.839844	0	0
#SusPed	224.851562	83	0
#SusPed	224.989583	0	0
#SusPed	224.996094	73	0
#SusPed	227.179688	0	0
#SusPed	227.187500	66	0
#SusPed	227.429688	0	0
#SusPed	227.436198	72	0
#SusPed	228.759115	0	0
#SusPed	228.773438	75	0
#SusPed	228.938802	0	0
#SusPed	229.187500	75	0
#SusPed	229.819010	0	0
#SusPed	229.826823	67	0
#SusPed	231.289062	0	0
#SusPed	231.303385	77	0
#SusPed	232.479167	0	0
#SusPed	232.485677	60	0
#SusPed	232.709635	0	0
#SusPed	232.714844	78	0
#SusPed	233.789062	0	0
#SusPed	233.803385	71	0
#SusPed	234.029948	0	0
#SusPed	234.033854	82	0
#SusPed	235.859375	0	0
#SusPed	235.872396	71	0
#SusPed	235.949219	0	0
#SusPed	235.963542	53	0
#SofPed	237.466146	88	0
#SofPed	237.539062	0	0
#SofPed	237.550781	87	0
#SofPed	237.779948	0	0
#SofPed	237.794271	74	0
#SofPed	237.968750	0	0
#SofPed	237.983073	75	0
#SofPed	238.039062	0	0
#SofPed	238.050781	72	0
#SofPed	238.149740	0	0
#SofPed	238.161458	63	0
#SofPed	238.348958	0	0
#SofPed	238.356771	68	0
#SofPed	238.479167	0	0
#SofPed	238.484375	58	0
#SofPed	238.639323	0	0
#SofPed	238.645833	56	0
#SofPed	238.789062	0	0
#SofPed	238.800781	58	0
#SofPed	239.000000	0	0
#SofPed	239.007812	49	0
#SofPed	239.250000	0	0
#SofPed	239.259115	42	0
#SusPed	239.339844	0	0
#SusPed	239.354167	82	0
#SofPed	239.369792	0	0
#SofPed	239.376302	50	0
#SusPed	239.479167	0	0
#SusPed	239.484375	81	0
#SofPed	239.549479	0	0
#SofPed	239.558594	49	0
#SofPed	239.869792	0	0
#SofPed	239.875000	37	0
#SofPed	240.009115	0	0
#SofPed	240.019531	28	0
#SofPed	240.139323	0	0
#SusPed	242.378906	0	0
#SusPed	242.393229	84	0
#SusPed	242.539062	0	0
#SusPed	242.548177	97	0
#SofPed	244.118490	26	0
#SofPed	244.128906	0	0
#SofPed	244.385417	34	0
#SofPed	244.519531	0	0
#SofPed	244.524740	34	0
#SofPed	244.750000	0	0
#SofPed	244.760417	31	0
#SofPed	245.059896	0	0
#SofPed	245.071615	36	0
#SofPed	245.699219	0	0
#SofPed	245.710938	27	0
#SusPed	246.218750	0	0
#SusPed	246.226562	70	0
#SofPed	246.229167	0	0
#SofPed	246.236979	47	0
#SofPed	246.319010	0	0
#SofPed	246.324219	51	0
#SofPed	246.399740	0	0
#SofPed	246.404948	57	0
#SusPed	246.459635	0	0
#SusPed	246.464844	86	0
#SusPed	247.438802	0	0
#SusPed	247.445312	67	0
#SusPed	247.639323	0	0
#SusPed	247.644531	87	0
#SofPed	252.408854	0	0
#SusPed	252.500000	0	0
#SusPed	252.505208	96	0
#SusPed	253.899740	0	0
#SusPed	253.912760	68	0
#SusPed	254.039062	0	0
#SusPed	254.044271	84	0
#SusPed	255.569010	0	0
#SusPed	255.582031	74	0
#SusPed	256.609375	0	0
#SusPed	256.615885	64	0
#SusPed	256.718750	0	0
#SusPed	256.731771	72	0
#SusPed	256.949219	0	0
#SusPed	256.963542	84	0
#SusPed	257.098958	0	0
#SusPed	257.106771	79	0
#SusPed	257.459635	0	0
#SusPed	257.468750	69	0
#SusPed	257.598958	0	0
#SusPed	257.604167	91	0
#SusPed	257.938802	0	0
#SusPed	257.951823	80	0
#SusPed	258.059896	0	0
#SusPed	258.072917	85	0
#SusPed	258.239583	0	0
#SusPed	258.244792	103	0
#SusPed	258.489583	0	0
#SusPed	258.494792	72	0
#SusPed	258.589844	0	0
#SusPed	258.602865	98	0
#SusPed	259.039062	0	0
#SusPed	259.046875	71	0
#SusPed	259.089844	0	0
#SusPed	259.095052	101	0
#SusPed	259.889323	0	0
#SusPed	259.902344	69	0
#SusPed	260.000000	0	0
#SusPed	260.014323	89	0
#SusPed	260.399740	0	0
#SusPed	260.414062	75	0
#SusPed	260.509115	0	0
#SusPed	260.515625	108	0
#SusPed	260.639323	0	0
#SusPed	260.653646	100	0
#SusPed	260.819010	0	0
#SusPed	260.828125	103	0
#SusPed	261.128906	0	0
#SusPed	261.141927	67	0
#SusPed	261.229167	0	0
#SusPed	261.239583	78	0
#SusPed	261.619792	0	0
#SusPed	261.634115	57	0
#SusPed	261.699219	0	0
#SusPed	261.713542	91	0
#SusPed	262.029948	0	0
#SusPed	262.042969	73	0
#SusPed	262.259115	0	0
#SusPed	262.272135	63	0
#SofPed	262.273438	57	0
#SofPed	262.378906	0	0
#SofPed	262.391927	65	0
#SusPed	262.419271	0	0
#SusPed	262.430990	87	0
#SusPed	262.649740	0	0
#SusPed	262.661458	69	0
#SusPed	262.789062	0	0
#SusPed	262.803385	89	0
#SusPed	263.218750	0	0
#SusPed	263.229167	73	0
#SusPed	263.339844	0	0
#SusPed	263.345052	101	0
#SusPed	263.569010	0	0
#SusPed	263.584635	63	0
#SusPed	264.079427	0	0
#SusPed	264.091146	80	0
#SusPed	264.188802	0	0
#SusPed	264.197917	101	0
#SofPed	264.269531	0	0
#SusPed	264.649740	0	0
#SusPed	264.654948	53	0
#SusPed	264.718750	0	0
#SusPed	264.725260	108	0
#SusPed	265.619792	0	0
#SusPed	265.627604	61	0
#SusPed	265.729167	0	0
#SusPed	265.738281	110	0
#SusPed	266.158854	0	0
#SusPed	266.166667	73	0
#SusPed	266.218750	0	0
#SusPed	266.225260	105	0
#SusPed	266.688802	0	0
#SusPed	266.695312	74	0
#SusPed	267.218750	0	0
#SusPed	267.225260	78	0
#SusPed	268.259115	0	0
#SusPed	268.273438	98	0
#SusPed	268.729167	0	0
#SusPed	268.740885	79	0
#SusPed	269.269531	0	0
#SusPed	269.283854	75	0
#SusPed	269.688802	0	0
#SusPed	269.700521	65	0
#SusPed	269.809896	0	0
#SusPed	269.815104	84	0
#SusPed	270.299479	0	0
#SusPed	270.308594	83	0
#SusPed	270.769531	0	0
#SusPed	270.776042	62	0
#SusPed	270.908854	0	0
#SusPed	270.915365	98	0
#SusPed	271.429688	0	0
#SusPed	271.441406	62	0
#SusPed	271.519531	0	0
#SusPed	271.524740	90	0
#SusPed	271.819010	0	0
#SusPed	271.825521	87	0
#SusPed	272.128906	0	0
#SusPed	272.136719	72	0
#SusPed	272.339844	0	0
#SusPed	272.351562	78	0
#SofPed	272.394531	63	0
#SofPed	272.500000	0	0
#SusPed	273.188802	0	0
#SusPed	273.203125	71	0
#SusPed	273.809896	0	0
#SusPed	273.817708	83	0
#SusPed	274.000000	0	0
#SusPed	274.007812	68	0
#SusPed	274.039062	0	0
#SusPed	274.045573	60	0
#SusPed	274.559896	0	0
#SusPed	274.566406	60	0
#SusPed	274.908854	0	0
#SusPed	274.921875	74	0
#SusPed	275.169271	0	0
#SusPed	275.178385	86	0
#SusPed	275.369792	0	0
#SusPed	275.384115	88	0
#SusPed	275.509115	0	0
#SusPed	275.520833	100	0
#SusPed	276.059896	0	0
#SusPed	276.063802	61	0
#SusPed	276.329427	0	0
#SusPed	276.338542	63	0
#SusPed	276.389323	0	0
#SusPed	276.403646	78	0
#SusPed	276.949219	0	0
#SusPed	276.959635	64	0
#SusPed	277.149740	0	0
#SusPed	277.154948	64	0
#SusPed	277.658854	0	0
#SusPed	277.667969	73	0
#SusPed	278.079427	0	0
#SusPed	278.084635	65	0
#SusPed	278.339844	0	0
#SusPed	278.348958	77	0
#SusPed	278.899740	0	0
#SusPed	278.914062	67	0
#SusPed	279.109375	0	0
#SusPed	279.123698	78	0
#SusPed	280.019531	0	0
#SusPed	280.028646	67	0
#SusPed	280.389323	0	0
#SusPed	280.402344	48	0
#SusPed	280.539062	0	0
#SusPed	280.552083	64	0
#SusPed	281.128906	0	0
#SusPed	281.144531	87	0
#SusPed	282.319010	0	0
#SusPed	282.328125	72	0
#SusPed	282.509115	0	0
#SusPed	282.523438	71	0
#SofPed	282.574219	44	0
#SusPed	283.009115	0	0
#SusPed	283.019531	66	0
#SusPed	283.179688	0	0
#SusPed	283.194010	68	0
#SofPed	283.259115	0	0
#SusPed	283.619792	0	0
#SusPed	283.626302	90	0
#SusPed	284.000000	0	0
#SusPed	284.013021	70	0
#SusPed	284.218750	0	0
#SusPed	284.230469	85	0
#SusPed	284.348958	0	0
#SusPed	284.355469	80	0
#SusPed	284.878906	0	0
#SusPed	284.888021	60	0
#SusPed	285.119792	0	0
#SusPed	285.128906	47	0
#SusPed	285.329427	0	0
#SusPed	285.338542	55	0
#SusPed	285.759115	0	0
#SusPed	285.765625	82	0
#SusPed	286.679688	0	0
#SusPed	286.684896	56	0
#SusPed	286.929688	0	0
#SusPed	286.934896	76	0
#SusPed	287.799479	0	0
#SusPed	287.805990	44	0
#SusPed	288.139323	0	0
#SusPed	288.145833	49	0
#SusPed	288.399740	0	0
#SusPed	288.411458	58	0
#SusPed	288.459635	0	0
#SusPed	288.470052	64	0
#SusPed	288.989583	0	0
#SusPed	288.997396	59	0
#SusPed	289.289062	0	0
#SusPed	289.298177	63	0
#SusPed	289.500000	0	0
#SusPed	289.509115	68	0
#SusPed	289.869792	0	0
#SusPed	289.882812	58	0
#SusPed	290.039062	0	0
#SusPed	290.052083	55	0
#SusPed	290.519531	0	0
#SusPed	290.526042	70	0
#SusPed	291.019531	0	0
#SusPed	291.026042	64	0
#SusPed	291.188802	0	0
#SusPed	291.204427	64	0
#SusPed	291.529948	0	0
#SusPed	291.536458	66	0
#SusPed	291.829427	0	0
#SusPed	291.843750	60	0
#SusPed	291.869792	0	0
#SusPed	291.876302	53	0
#SusPed	292.139323	0	0
#SusPed	292.153646	56	0
#SusPed	292.839844	0	0
#SusPed	292.851562	39	0
#SusPed	293.109375	0	0
#SusPed	293.121094	61	0
#SusPed	293.339844	0	0
#SusPed	293.350260	52	0
#SusPed	293.589844	0	0
#SusPed	293.595052	44	0
#SusPed	293.829427	0	0
#SusPed	293.837240	41	0
#SofPed	294.205729	82	0
#SusPed	294.339844	0	0
#SusPed	294.354167	60	0
#SusPed	294.378906	0	0
#SusPed	294.389323	59	0
#SofPed	294.429688	0	0
#SofPed	294.436198	74	0
#SofPed	294.628906	0	0
#SofPed	294.638021	65	0
#SusPed	294.688802	0	0
#SusPed	294.694010	48	0
#SofPed	294.709635	0	0
#SofPed	294.716146	66	0
#SofPed	294.848958	0	0
#SofPed	294.863281	56	0
#SofPed	294.979167	0	0
#SofPed	294.984375	59	0
#SusPed	295.369792	0	0
#SusPed	295.375000	72	0
#SusPed	295.519531	0	0
#SusPed	295.528646	60	0
#SusPed	295.718750	0	0
#SusPed	295.726562	50	0
#SusPed	295.889323	0	0
#SusPed	295.894531	56	0
#SusPed	296.500000	0	0
#SusPed	296.514323	51	0
#SusPed	296.799479	0	0
#SusPed	296.807292	53	0
#SusPed	297.059896	0	0
#SusPed	297.074219	49	0
#SusPed	297.589844	0	0
#SusPed	297.598958	73	0
#SofPed	297.709635	0	0
#SofPed	297.714844	106	0
#SofPed	297.859375	0	0
#SofPed	297.864583	103	0
#SusPed	297.919271	0	0
#SusPed	297.925781	65	0
#SofPed	298.128906	0	0
#SofPed	298.139323	94	0
#SofPed	298.188802	0	0
#SofPed	298.199219	85	0
#SusPed	298.259115	0	0
#SusPed	298.266927	81	0
#SofPed	298.359375	0	0
#SofPed	298.369792	45	0
#SofPed	298.539062	0	0
#SofPed	298.552083	32	0
#SusPed	298.559896	0	0
#SusPed	298.570312	72	0
#SofPed	298.628906	0	0
#SusPed	298.750000	0	0
#SusPed	298.755208	68	0
#SusPed	298.869792	0	0
#SusPed	298.875000	86	0
#SusPed	299.289062	0	0
#SusPed	299.296875	69	0
#SusPed	299.848958	0	0
#SusPed	299.855469	71	0
#SusPed	300.839844	0	0
#SusPed	300.852865	75	0
#SusPed	301.119792	0	0
#SusPed	301.126302	72	0
#SusPed	301.869792	0	0
#SusPed	301.875000	84	0
#SusPed	302.019531	0	0
#SusPed	302.031250	59	0
#SusPed	302.188802	0	0
#SusPed	302.199219	105	0
#SusPed	302.250000	0	0
#SusPed	302.261719	93	0
#SusPed	302.468750	0	0
#SusPed	302.483073	72	0
#SusPed	303.279948	0	0
#SusPed	303.283854	51	0
#SusPed	303.389323	0	0
#SusPed	303.402344	92	0
#SusPed	304.389323	0	0
#SusPed	304.402344	78	0
#SusPed	304.549479	0	0
#SusPed	304.561198	70	0
#SusPed	306.259115	0	0
#SusPed	306.269531	72	0
#SusPed	307.348958	0	0
#SusPed	307.361979	83	0
#SusPed	307.449219	0	0
#SusPed	307.463542	76	0
#SusPed	308.549479	0	0
#SusPed	308.563802	84	0
#SusPed	309.598958	0	0
#SusPed	309.611979	68	0
#SusPed	309.709635	0	0
#SusPed	309.717448	82	0
#SusPed	310.639323	0	0
#SusPed	310.647135	87	0
#SusPed	310.769531	0	0
#SusPed	310.776042	69	0
#SusPed	313.399740	0	0
#SusPed	313.412760	90	0
#SusPed	313.750000	0	0
#SusPed	313.755208	65	0
#SusPed	313.938802	0	0
#SusPed	313.953125	68	0
#SusPed	314.259115	0	0
#SusPed	314.273438	67	0
#SusPed	314.529948	0	0
#SusPed	314.540365	83	0
#SusPed	314.779948	0	0
#SusPed	314.791667	85	0
#SusPed	314.869792	0	0
#SusPed	314.884115	83	0
#SusPed	315.128906	0	0
#SusPed	315.141927	69	0
#SusPed	315.289062	0	0
#SusPed	315.296875	90	0
#SusPed	315.509115	0	0
#SusPed	315.516927	98	0
#SusPed	315.649740	0	0
#SusPed	315.661458	68	0
#SusPed	315.878906	0	0
#SusPed	315.894531	75	0
#SusPed	316.029948	0	0
#SusPed	316.044271	88	0
#SusPed	316.179688	0	0
#SusPed	316.184896	56	0
#SusPed	316.289062	0	0
#SusPed	316.300781	88	0
#SusPed	316.489583	0	0
#SusPed	316.494792	70	0
#SusPed	316.639323	0	0
#SusPed	316.645833	90	0
#SusPed	316.859375	0	0
#SusPed	316.871094	101	0
#SusPed	317.139323	0	0
#SusPed	317.144531	76	0
#SusPed	317.408854	0	0
#SusPed	317.415365	109	0
#SusPed	317.579427	0	0
#SusPed	317.587240	76	0
#SusPed	317.688802	0	0
#SusPed	317.696615	110	0
#SusPed	317.949219	0	0
#SusPed	317.958333	77	0
#SusPed	318.069010	0	0
#SusPed	318.083333	105	0
#SusPed	318.389323	0	0
#SusPed	318.401042	112	0
#SusPed	318.679688	0	0
#SusPed	318.694010	99	0
#SusPed	318.919271	0	0
#SusPed	318.932292	65	0
#SusPed	319.000000	0	0
#SusPed	319.006510	95	0
#SusPed	319.179688	0	0
#SusPed	319.184896	60	0
#SusPed	319.259115	0	0
#SusPed	319.264323	93	0
#SusPed	319.408854	0	0
#SusPed	319.419271	72	0
#SusPed	319.519531	0	0
#SusPed	319.526042	112	0
#SusPed	319.729167	0	0
#SusPed	319.743490	96	0
#SusPed	319.959635	0	0
#SusPed	319.971354	81	0
#SusPed	320.089844	0	0
#SusPed	320.096354	102	0
#SusPed	320.289062	0	0
#SusPed	320.302083	110	0
#SusPed	320.449219	0	0
#SusPed	320.463542	81	0
#SusPed	320.549479	0	0
#SusPed	320.563802	102	0
#SusPed	320.718750	0	0
#SusPed	320.733073	66	0
#SusPed	320.819010	0	0
#SusPed	320.833333	119	0
#SusPed	320.959635	0	0
#SusPed	320.972656	76	0
#SusPed	321.079427	0	0
#SusPed	321.092448	105	0
#SusPed	321.509115	0	0
#SusPed	321.523438	86	0
#SusPed	321.979167	0	0
#SusPed	321.992188	81	0
#SusPed	322.109375	0	0
#SusPed	322.114583	101	0
#SusPed	322.359375	0	0
#SusPed	322.373698	104	0
#SusPed	322.628906	0	0
#SusPed	322.635417	103	0
#SusPed	322.899740	0	0
#SusPed	322.906250	107	0
#SusPed	323.089844	0	0
#SusPed	323.102865	100	0
#SusPed	323.269531	0	0
#SusPed	323.274740	73	0
#SusPed	323.419271	0	0
#SusPed	323.428385	104	0
#SusPed	323.899740	0	0
#SusPed	323.911458	83	0
#SusPed	324.199219	0	0
#SusPed	324.205729	79	0
#SusPed	324.468750	0	0
#SusPed	324.484375	85	0
#SusPed	324.699219	0	0
#SusPed	324.704427	63	0
#SusPed	324.829427	0	0
#SusPed	324.843750	67	0
#SusPed	325.229167	0	0
#SusPed	325.239583	89	0
#SusPed	326.769531	0	0
#SusPed	326.778646	67	0
#SusPed	327.128906	0	0
#SusPed	327.144531	68	0
#SusPed	327.399740	0	0
#SusPed	327.414062	70	0
#SusPed	327.539062	0	0
#SusPed	327.764323	78	0
#SusPed	328.729167	0	0
#SusPed	328.735677	86	0
#SusPed	329.209635	0	0
#SusPed	329.222656	76	0
#SusPed	330.369792	0	0
#SusPed	330.381510	69	0
#SusPed	330.609375	0	0
#SusPed	330.623698	72	0
#SusPed	331.369792	0	0
#SusPed	331.375000	66	0
#SusPed	331.479167	0	0
#SusPed	331.484375	89	0
#SusPed	332.029948	0	0
#SusPed	332.035156	89	0
#SusPed	332.539062	0	0
#SusPed	332.545573	68	0
#SusPed	332.759115	0	0
#SusPed	332.769531	71	0
#SusPed	333.619792	0	0
#SusPed	333.626302	72	0
#SusPed	333.739583	0	0
#SusPed	333.753906	57	0
#SusPed	334.009115	0	0
#SusPed	334.019531	69	0
#SusPed	334.188802	0	0
#SusPed	334.203125	59	0
#SusPed	334.419271	0	0
#SusPed	334.427083	50	0
#SusPed	334.609375	0	0
#SusPed	334.621094	55	0
#SusPed	334.819010	0	0
#SusPed	334.824219	48	0
#SusPed	335.299479	0	0
#SusPed	335.312500	70	0
#SusPed	335.438802	0	0
#SusPed	335.454427	76	0
#SofPed	335.522135	28	0
#SusPed	335.669271	0	0
#SusPed	335.675781	91	0
#SofPed	335.699219	0	0
#SofPed	335.713542	36	0
#SusPed	336.039062	0	0
#SusPed	336.050781	64	0
#SofPed	336.069010	0	0
#SofPed	336.083333	74	0
#SofPed	336.209635	0	0
#SofPed	336.222656	87	0
#SusPed	336.269531	0	0
#SusPed	336.277344	68	0
#SusPed	336.679688	0	0
#SusPed	336.688802	74	0
#SusPed	337.079427	0	0
#SusPed	337.092448	64	0
#SusPed	337.658854	0	0
#SusPed	337.667969	66	0
#SusPed	338.000000	0	0
#SusPed	338.009115	79	0
#SusPed	338.269531	0	0
#SusPed	338.277344	60	0
#SofPed	338.449219	0	0
#SofPed	338.458333	57	0
#SofPed	338.549479	0	0
#SofPed	338.554688	50	0
#SusPed	338.699219	0	0
#SusPed	338.705729	52	0
#SofPed	338.789062	0	0
#SofPed	338.795573	48	0
#SusPed	338.829427	0	0
#SusPed	338.835938	57	0
#SofPed	338.839844	0	0
#SofPed	338.852865	47	0
#SusPed	339.039062	0	0
#SusPed	339.050781	54	0
#SusPed	339.399740	0	0
#SusPed	339.404948	77	0
#SusPed	339.718750	0	0
#SusPed	339.727865	73	0
#SusPed	339.899740	0	0
#SusPed	339.912760	75	0
#SusPed	340.359375	0	0
#SusPed	340.373698	69	0
#SusPed	340.539062	0	0
#SusPed	340.546875	83	0
#SusPed	340.899740	0	0
#SusPed	340.907552	62	0
#SusPed	341.218750	0	0
#SusPed	341.225260	44	0
#SusPed	341.449219	0	0
#SusPed	341.463542	55	0
#SusPed	341.799479	0	0
#SusPed	341.807292	37	0
#SusPed	342.000000	0	0
#SusPed	342.009115	41	0
#SusPed	342.229167	0	0
#SusPed	342.243490	46	0
#SofPed	342.289062	0	0
#SofPed	342.302083	20	0
#SusPed	342.329427	0	0
#SusPed	342.334635	40	0
#SusPed	342.589844	0	0
#SofPed	342.589844	0	0
#SusPed	342.595052	44	0
#SofPed	342.604167	39	0
#SofPed	342.829427	0	0
#SofPed	342.843750	24	0
#SusPed	343.119792	0	0
#SofPed	343.119792	0	0
#SofPed	343.125000	25	0
#SusPed	343.126302	101	0
#SofPed	343.419271	0	0
#SofPed	343.425781	33	0
#SofPed	343.489583	0	0
#SofPed	343.497396	37	0
#SusPed	343.869792	0	0
#SusPed	343.884115	77	0
#SofPed	343.979167	0	0
#SofPed	343.993490	48	0
#SofPed	344.049479	0	0
#SofPed	344.063802	51	0
#SusPed	344.098958	0	0
#SusPed	344.114583	85	0
#SofPed	344.309896	0	0
#SofPed	344.316406	49	0
#SofPed	344.609375	0	0
#SofPed	344.623698	46	0
#SofPed	344.878906	0	0
#SofPed	344.886719	49	0
#SusPed	344.929688	0	0
#SusPed	344.944010	92	0
#SofPed	345.069010	0	0
#SofPed	345.082031	45	0
#SusPed	345.128906	0	0
#SusPed	345.140625	90	0
#SusPed	345.348958	0	0
#SusPed	345.361979	86	0
#SofPed	345.399740	0	0
#SofPed	345.414062	39	0
#SusPed	345.559896	0	0
#SusPed	345.567708	93	0
#SofPed	345.598958	0	0
#SofPed	345.606771	35	0
#SofPed	345.878906	0	0
#SofPed	345.886719	52	0
#SusPed	345.929688	0	0
#SusPed	345.936198	65	0
#SusPed	346.089844	0	0
#SusPed	346.104167	80	0
#SofPed	346.119792	0	0
#SofPed	346.132812	58	0
#SofPed	346.229167	0	0
#SofPed	346.234375	48	0
#SusPed	346.250000	0	0
#SusPed	346.256510	106	0
#SusPed	346.569010	0	0
#SusPed	346.576823	102	0
#SusPed	346.789062	0	0
#SusPed	346.800781	99	0
#SofPed	346.819010	0	0
#SusPed	347.059896	0	0
#SusPed	347.066406	73	0
#SusPed	347.269531	0	0
#SusPed	347.277344	89	0
#SusPed	347.859375	0	0
#SusPed	347.873698	108	0
#SusPed	348.109375	0	0
#SusPed	348.125000	91	0
#SusPed	348.329427	0	0
#SusPed	348.343750	83	0
#SusPed	349.229167	0	0
#SusPed	349.238281	74	0
#SusPed	349.449219	0	0
#SusPed	349.460938	85	0
#SusPed	350.429688	0	0
#SusPed	350.437500	85	0
#SusPed	350.718750	0	0
#SusPed	350.734375	80	0
#SusPed	351.619792	0	0
#SusPed	351.631510	85	0
#SusPed	351.919271	0	0
#SusPed	351.932292	95	0
#SusPed	352.218750	0	0
#SusPed	352.223958	97	0
#SusPed	352.509115	0	0
#SusPed	352.522135	93	0
#SusPed	354.019531	0	0
#SusPed	354.031250	82	0
#SusPed	354.209635	0	0
#SusPed	354.214844	81	0
#SusPed	357.239583	0	0
#SusPed	357.252604	98	0
#SusPed	357.419271	0	0
#SusPed	357.427083	89	0
#SusPed	358.199219	0	0
#SusPed	358.205729	65	0
#SusPed	358.489583	0	0
#SusPed	358.503906	89	0
#SusPed	359.059896	0	0
#SusPed	359.071615	92	0
#SusPed	359.309896	0	0
#SusPed	359.321615	91	0
#SusPed	359.579427	0	0
#SusPed	359.588542	97	0
#SusPed	359.839844	0	0
#SusPed	359.847656	88	0
#SusPed	360.468750	0	0
#SusPed	360.476562	97	0
#SusPed	360.559896	0	0
#SusPed	360.565104	73	0
#SusPed	360.848958	0	0
#SusPed	360.863281	64	0
#SusPed	361.139323	0	0
#SusPed	361.153646	77	0
#SusPed	361.378906	0	0
#SusPed	361.386719	82	0
#SusPed	362.279948	0	0
#SusPed	362.294271	66	0
#SusPed	362.500000	0	0
#SusPed	362.914062	73	0
#SusPed	365.169271	0	0
#SusPed	365.183594	58	0
#SusPed	365.339844	0	0
#SusPed	365.345052	85	0
#SusPed	366.218750	0	0
#SusPed	366.227865	37	0
#SusPed	366.479167	0	0
#SusPed	366.494792	71	0
#SofPed	367.005208	64	0
#SusPed	368.819010	0	0
#SusPed	368.825521	86	0
#SusPed	369.000000	0	0
#SusPed	369.009115	84	0
#SofPed	369.059896	0	0
#SofPed	369.070312	85	0
#SofPed	369.149740	0	0
#SofPed	369.162760	75	0
#SofPed	369.229167	0	0
#SofPed	369.240885	76	0
#SusPed	369.299479	0	0
#SusPed	369.307292	72	0
#SofPed	369.309896	0	0
#SofPed	369.320312	87	0
#SofPed	369.389323	0	0
#SofPed	369.397135	105	0
#SusPed	369.429688	0	0
#SofPed	369.649740	0	0
#SofPed	369.654948	99	0
#SofPed	370.049479	0	0
#SofPed	370.062500	98	0
#SusPed	370.183594	77	0
#SofPed	370.250000	0	0
#SofPed	370.257812	107	0
#SusPed	372.378906	0	0
#SusPed	372.389323	79	0
#SusPed	372.639323	0	0
#SusPed	372.653646	81	0
#SusPed	373.000000	0	0
#SusPed	373.014323	50	0
#SusPed	373.619792	0	0
#SusPed	373.632812	66	0
#SofPed	376.259115	0	0
#SusPed	376.339844	0	0
#SusPed	376.354167	78	0
#SusPed	376.619792	0	0
#SusPed	376.632812	70	0
#SusPed	379.979167	0	0
#SusPed	379.992188	69	0
#SusPed	380.179688	0	0
#SusPed	380.188802	67	0
#SusPed	380.449219	0	0
#SusPed	380.455729	90	0
#SusPed	380.509115	0	0
#SusPed	380.515625	90	0
#SusPed	381.009115	0	0
#SusPed	381.019531	75	0
#SusPed	381.128906	0	0
#SusPed	381.138021	62	0
#SusPed	381.319010	0	0
#SusPed	381.326823	52	0
#SusPed	381.389323	0	0
#SusPed	381.395833	54	0
#SusPed	381.519531	0	0
#SusPed	381.527344	53	0
#SusPed	381.628906	0	0
#SusPed	381.634115	56	0
#SusPed	381.699219	0	0
#SusPed	381.705729	61	0
#SusPed	381.949219	0	0
#SusPed	381.954427	59	0
#SusPed	382.250000	0	0
#SusPed	382.264323	49	0
#SofPed	382.276042	101	0
#SusPed	382.378906	0	0
#SusPed	382.385417	46	0
#SofPed	382.559896	0	0
#SofPed	382.572917	89	0
#SusPed	382.688802	0	0
#SofPed	382.699219	0	0
#SusPed	382.699219	63	0
#SofPed	382.705729	81	0
#SusPed	382.750000	0	0
#SusPed	382.755208	67	0
#SusPed	382.889323	0	0
#SusPed	382.899740	69	0
#SofPed	382.938802	0	0
#SofPed	382.950521	71	0
#SofPed	383.229167	0	0
#SofPed	383.234375	74	0
#SusPed	383.259115	0	0
#SusPed	383.274740	79	0
#SofPed	383.359375	0	0
#SofPed	383.364583	91	0
#SusPed	383.489583	0	0
#SusPed	383.494792	82	0
#SofPed	383.609375	0	0
#SofPed	383.614583	95	0
#SusPed	383.709635	0	0
#SusPed	383.723958	83	0
#SusPed	383.819010	0	0
#SusPed	383.833333	88	0
#SusPed	383.919271	0	0
#SusPed	383.927083	90	0
#SusPed	384.109375	0	0
#SusPed	384.117188	81	0
#SusPed	384.329427	0	0
#SusPed	384.339844	85	0
#SusPed	384.809896	0	0
#SusPed	384.822917	90	0
#SusPed	385.009115	0	0
#SusPed	385.014323	67	0
#SusPed	385.158854	0	0
#SusPed	385.171875	85	0
#SusPed	385.348958	0	0
#SusPed	385.355469	98	0
#SusPed	385.479167	0	0
#SusPed	385.488281	96	0
#SusPed	385.598958	0	0
#SusPed	385.604167	95	0
#SofPed	385.709635	0	0
#SofPed	385.720052	61	0
#SofPed	385.769531	0	0
#SofPed	385.783854	59	0
#SusPed	385.929688	0	0
#SusPed	385.934896	65	0
#SusPed	386.119792	0	0
#SusPed	386.126302	94	0
#SusPed	386.299479	0	0
#SusPed	386.305990	95	0
#SusPed	386.378906	0	0
#SusPed	386.389323	90	0
#SusPed	386.549479	0	0
#SusPed	386.559896	92	0
#SusPed	386.589844	0	0
#SusPed	386.600260	90	0
#SusPed	386.739583	0	0
#SusPed	386.750000	80	0
#SusPed	386.799479	0	0
#SusPed	386.813802	73	0
#SusPed	386.919271	0	0
#SusPed	386.933594	58	0
#SusPed	386.959635	0	0
#SusPed	386.971354	52	0
#SofPed	387.000000	0	0
#SofPed	387.005208	40	0
#SofPed	387.109375	0	0
#SofPed	387.117188	46	0
#SofPed	387.169271	0	0
#SofPed	387.180990	44	0
#SofPed	387.319010	0	0
#SofPed	387.325521	60	0
#SofPed	387.389323	0	0
#SofPed	387.403646	77	0
#SofPed	387.519531	0	0
#SofPed	387.528646	101	0
#SofPed	387.628906	0	0
#SofPed	387.636719	103	0
#SusPed	388.869792	0	0
#SusPed	388.875000	79	0
#SusPed	389.789062	0	0
#SusPed	389.794271	65	0
#SofPed	389.878906	0	0
#SofPed	389.893229	105	0
#SofPed	389.959635	0	0
#SofPed	389.964844	103	0
#SofPed	390.089844	0	0
#SofPed	390.095052	111	0
#SofPed	390.188802	0	0
#SofPed	390.195312	113	0
#SofPed	390.289062	0	0
#SofPed	390.303385	114	0
#SusPed	390.359375	0	0
#SusPed	390.371094	82	0
#SusPed	390.399740	0	0
#SusPed	390.414062	67	0
#SusPed	390.709635	0	0
#SusPed	390.720052	69	0
#SusPed	390.829427	0	0
#SusPed	390.841146	79	0
#SusPed	391.739583	0	0
#SusPed	391.750000	65	0
#SusPed	391.919271	0	0
#SusPed	391.930990	73	0
#SusPed	392.489583	0	0
#SusPed	392.503906	95	0
#SofPed	392.579427	0	0
#SofPed	392.593750	70	0
#SusPed	392.789062	0	0
#SusPed	392.803385	64	0
#SusPed	392.908854	0	0
#SusPed	392.917969	95	0
#SofPed	392.949219	0	0
#SofPed	392.958333	60	0
#SofPed	393.089844	0	0
#SofPed	393.100260	66	0
#SusPed	393.158854	0	0
#SusPed	393.164062	97	0
#SofPed	393.188802	0	0
#SofPed	393.197917	58	0
#SusPed	393.218750	0	0
#SusPed	393.230469	97	0
#SofPed	393.299479	0	0
#SofPed	393.307292	60	0
#SofPed	393.348958	0	0
#SofPed	393.361979	53	0
#SusPed	393.378906	0	0
#SusPed	393.385417	100	0
#SusPed	393.438802	0	0
#SusPed	393.446615	102	0
#SofPed	393.529948	0	0
#SofPed	393.544271	38	0
#SofPed	393.649740	0	0
#SofPed	393.654948	36	0
#SusPed	393.739583	0	0
#SofPed	393.739583	0	0
#SusPed	393.744792	54	0
#SofPed	393.747396	41	0
#SusPed	393.819010	0	0
#SusPed	393.833333	90	0
#SofPed	393.929688	0	0
#SofPed	393.936198	44	0
#SofPed	394.039062	0	0
#SofPed	394.050781	37	0
#SofPed	394.149740	0	0
#SofPed	394.157552	32	0
#SofPed	394.259115	0	0
#SofPed	394.268229	33	0
#SusPed	394.299479	0	0
#SusPed	394.309896	91	0
#SofPed	394.389323	0	0
#SofPed	394.395833	39	0
#SusPed	394.739583	0	0
#SusPed	394.752604	84	0
#SusPed	394.878906	0	0
#SusPed	394.884115	104	0
#SofPed	395.039062	0	0
#SusPed	395.779948	0	0
#SusPed	395.794271	65	0
#SusPed	395.908854	0	0
#SusPed	395.924479	86	0
#SusPed	396.848958	0	0
#SusPed	396.855469	75	0
#SusPed	397.019531	0	0
#SusPed	397.032552	85	0
#SusPed	397.539062	0	0
#SusPed	397.549479	75	0
#SusPed	397.639323	0	0
#SusPed	397.652344	94	0
#SusPed	397.679688	0	0
#SusPed	397.694010	91	0
#SusPed	398.029948	0	0
#SusPed	398.040365	89	0
#SusPed	398.188802	0	0
#SusPed	398.197917	75	0
#SusPed	398.269531	0	0
#SusPed	398.489583	60	0
#SofPed	398.500000	18	0
#SofPed	398.559896	0	0
#SofPed	398.570312	18	0
#SusPed	398.889323	0	0
#SusPed	398.895833	49	0
#SusPed	399.149740	0	0
#SusPed	399.158854	52	0
#SofPed	399.609375	0	0
#SofPed	399.621094	52	0
#SusPed	399.628906	0	0
#SusPed	399.644531	60	0
#SofPed	399.699219	0	0
#SofPed	399.704427	52	0
#SofPed	399.889323	0	0
#SusPed	399.899740	0	0
#SofPed	399.901042	59	0
#SusPed	399.907552	59	0
#SofPed	400.109375	0	0
#SofPed	400.118490	54	0
#SofPed	400.250000	0	0
#SofPed	400.257812	57	0
#SusPed	400.750000	0	0
#SofPed	400.750000	0	0
#SusPed	400.755208	82	0
#SofPed	400.764323	52	0
#SusPed	400.979167	0	0
#SusPed	400.986979	78	0
#SofPed	401.079427	0	0
#SofPed	401.093750	48	0
#SusPed	401.139323	0	0
#SusPed	401.149740	69	0
#SofPed	401.269531	0	0
#SofPed	401.277344	47	0
#SofPed	401.408854	0	0
#SofPed	401.420573	45	0
#SusPed	401.429688	0	0
#SusPed	401.440104	51	0
#SofPed	401.479167	0	0
#SofPed	401.485677	43	0
#SusPed	401.799479	0	0
#SusPed	401.811198	49	0
#SusPed	402.628906	0	0
#SusPed	402.635417	90	0
#SusPed	403.378906	0	0
#SusPed	403.394531	67	0
#SusPed	404.109375	0	0
#SusPed	404.123698	68	0
#SusPed	404.299479	0	0
#SusPed	404.304688	70	0
#SofPed	404.729167	0	0
#SusPed	405.250000	0	0
#SusPed	405.256510	87	0
#SusPed	405.419271	0	0
#SusPed	405.432292	80	0
#SusPed	405.929688	0	0
#SusPed	405.937500	56	0
#SusPed	406.069010	0	0
#SusPed	406.076823	85	0
#SusPed	407.309896	0	0
#SusPed	407.321615	66	0
#SusPed	407.639323	0	0
#SusPed	407.653646	82	0
#SusPed	407.809896	0	0
#SusPed	407.820312	73	0
#SusPed	408.259115	0	0
#SusPed	408.265625	60	0
#SusPed	408.479167	0	0
#SusPed	408.488281	65	0
#SusPed	408.878906	0	0
#SusPed	408.893229	53	0
#SofPed	408.933594	47	0
#SusPed	409.019531	0	0
#SusPed	409.024740	63	0
#SofPed	409.158854	0	0
#SofPed	409.167969	58	0
#SofPed	409.218750	0	0
#SofPed	409.233073	60	0
#SofPed	409.329427	0	0
#SofPed	409.334635	57	0
#SusPed	409.589844	0	0
#SofPed	409.598958	0	0
#SusPed	409.601562	63	0
#SofPed	409.610677	50	0
#SusPed	409.718750	0	0
#SusPed	409.726562	76	0
#SusPed	409.919271	0	0
#SusPed	409.925781	102	0
#SofPed	409.938802	0	0
#SusPed	410.309896	0	0
#SusPed	410.324219	61	0
#SusPed	410.619792	0	0
#SusPed	410.628906	43	0
#SusPed	410.750000	0	0
#SusPed	410.755208	80	0
#SusPed	411.049479	0	0
#SusPed	411.054688	59	0
#SusPed	411.449219	0	0
#SusPed	411.455729	43	0
#SusPed	411.649740	0	0
#SusPed	411.664062	75	0
#SusPed	412.098958	0	0
#SusPed	412.105469	68	0
#SusPed	412.250000	0	0
#SusPed	412.256510	47	0
#SusPed	413.968750	0	0
#SusPed	413.977865	79	0
#SusPed	414.489583	0	0
#SusPed	414.501302	87	0
#SusPed	414.848958	0	0
#SusPed	414.856771	75	0
#SusPed	415.598958	0	0
#SusPed	415.614583	93	0
#SusPed	415.829427	0	0
#SusPed	415.842448	69	0
#SusPed	416.329427	0	0
#SusPed	416.334635	74	0
#SusPed	416.500000	0	0
#SusPed	416.513021	66	0
#SusPed	420.109375	0	0
#SusPed	420.121094	71	0
#SusPed	420.509115	0	0
#SusPed	420.515625	74	0
#SusPed	421.979167	0	0
#SusPed	421.992188	78	0
#SusPed	422.179688	0	0
#SusPed	422.184896	73	0
#SusPed	422.899740	0	0
#SusPed	422.907552	68	0
#SusPed	423.529948	0	0
#SusPed	423.539062	74	0
#SusPed	424.419271	0	0
#SusPed	424.428385	69	0
#SusPed	425.089844	0	0
#SusPed	425.095052	68	0
#SusPed	429.989583	0	0
