//Version: PianoRoll_v170101
0	0.726562	3.809896	C5	48	80	0
1	0.763021	2.079427	Eb3	29	80	0
2	0.763021	1.979167	G#4	33	80	0
3	0.764323	1.949219	Eb4	35	80	0
4	0.766927	1.899740	G#3	26	80	0
5	0.769531	2.529948	G#2	25	80	0
6	2.523438	2.869792	G#4	34	80	0
7	2.528646	2.829427	Eb4	26	80	0
8	2.536458	2.791667	C3	29	80	0
9	2.545573	2.783854	Eb3	28	80	0
10	2.554688	2.859375	G#3	24	80	0
11	3.031250	3.500000	G#4	52	80	0
12	3.053385	3.429688	Eb4	38	80	0
13	3.054688	3.389323	C4	30	80	0
14	3.057292	3.479167	Eb3	33	80	0
15	3.061198	3.289062	G#3	28	80	0
16	3.062500	3.408854	C3	32	80	0
17	3.748698	4.079427	G#4	54	80	0
18	3.774740	3.889323	Eb4	42	80	0
19	3.776042	3.889323	C3	38	80	0
20	3.779948	3.869792	C4	36	80	0
21	3.783854	3.835938	Eb3	37	80	0
22	3.985677	5.319010	C#5	65	80	0
23	4.011719	5.158854	G4	51	80	0
24	4.039062	4.819010	Eb3	35	80	0
25	4.040365	4.829427	Bb2	35	80	0
26	5.132812	7.500000	Bb4	52	80	0
27	5.165365	6.569010	G4	37	80	0
28	5.167969	6.098958	Bb3	36	80	0
29	5.173177	5.179688	G3	31	80	0
30	5.174479	5.468750	C#4	37	80	0
31	5.178385	6.529948	Eb3	38	80	0
32	5.182292	6.438802	C#3	36	80	0
33	7.390625	9.259115	Eb5	64	80	0
34	7.415365	8.438802	C4	36	80	0
35	7.423177	8.250000	Eb3	30	80	0
36	7.425781	9.000000	C3	33	80	0
37	7.964844	9.109375	G#3	28	80	0
38	8.453125	9.089844	C4	34	80	0
39	8.964844	9.688802	C#5	72	80	0
40	8.971354	9.619792	Bb3	48	80	0
41	9.020833	9.559896	G#4	38	80	0
42	9.026042	9.539062	F3	35	80	0
43	9.544271	10.276042	Eb5	75	80	0
44	9.571615	10.968750	G#4	49	80	0
45	9.584635	10.049479	C4	40	80	0
46	9.610677	10.299479	Eb3	36	80	0
47	10.187500	11.098958	F5	74	80	0
48	10.234375	11.529948	C#4	41	80	0
49	10.256510	11.059896	C#3	38	80	0
50	10.977865	12.628906	Eb5	59	80	0
51	11.003906	12.250000	Bb3	36	80	0
52	11.005208	12.299479	G4	34	80	0
53	11.009115	12.309896	Eb3	30	80	0
54	12.110677	12.658854	D5	47	80	0
55	12.549479	12.938802	C#5	48	80	0
56	12.571615	14.408854	Bb3	34	80	0
57	12.572917	13.378906	G4	34	80	0
58	12.596354	14.839844	Eb3	32	80	0
59	12.897135	13.049479	Eb5	51	80	0
60	13.085938	13.236979	C#5	48	80	0
61	13.279948	13.376302	Eb5	51	80	0
62	13.417969	13.498698	C#5	51	80	0
63	13.544271	13.604167	Eb5	48	80	0
64	13.661458	13.717448	C#5	47	80	0
65	13.755208	13.805990	Eb5	54	80	0
66	13.845052	13.897135	C#5	53	80	0
67	13.932292	13.972656	Eb5	54	80	0
68	14.006510	14.045573	C#5	54	80	0
69	14.067708	14.106771	Eb5	64	80	0
70	14.136719	14.182292	C#5	57	80	0
71	14.207031	14.246094	Eb5	65	80	0
72	14.281250	14.319010	C#5	57	80	0
73	14.338542	14.375000	Eb5	68	80	0
74	14.404948	14.451823	C#5	59	80	0
75	14.473958	14.513021	Eb5	66	80	0
76	14.540365	14.583333	C#5	61	80	0
77	14.600260	14.640625	Eb5	69	80	0
78	14.674479	14.739583	C#5	60	80	0
79	14.731771	14.774740	Eb5	74	80	0
80	14.804688	14.847656	C#5	65	80	0
81	14.868490	14.912760	Eb5	68	80	0
82	14.945312	14.993490	C#5	60	80	0
83	15.014323	15.062500	Eb5	70	80	0
84	15.096354	15.158854	C#5	55	80	0
85	15.161458	15.201823	Eb5	62	80	0
86	15.231771	15.283854	C#5	54	80	0
87	15.312500	15.367188	Eb5	65	80	0
88	15.408854	15.453125	C#5	56	80	0
89	15.473958	15.522135	Eb5	58	80	0
90	15.554688	15.614583	C#5	58	80	0
91	15.657552	15.705729	Eb5	51	80	0
92	15.746094	15.791667	C#5	48	80	0
93	15.813802	15.859375	Eb5	58	80	0
94	15.895833	15.945312	C#5	56	80	0
95	15.966146	16.330729	Eb5	61	80	0
96	16.048177	16.399740	C#5	55	80	0
97	16.369792	16.669271	C5	49	80	0
98	16.634115	16.902344	C#5	63	80	0
99	16.889323	17.041667	Eb5	72	80	0
100	17.075521	17.131510	C#5	58	80	0
101	17.145833	17.225260	Eb5	58	80	0
102	17.252604	18.229167	F5	59	80	0
103	18.123698	18.697917	Eb5	46	80	0
104	18.609375	19.303385	C#5	43	80	0
105	19.227865	22.169271	C5	48	80	0
106	19.257812	20.009115	G#3	30	80	0
107	19.678385	19.785156	Eb4	34	80	0
108	19.682292	19.794271	C4	38	80	0
109	20.003906	20.075521	C4	31	80	0
110	20.020833	20.359375	G#3	28	80	0
111	20.022135	20.082031	Eb4	41	80	0
112	20.269531	20.619792	Eb4	32	80	0
113	20.283854	20.361979	C4	36	80	0
114	20.536458	20.938802	G#3	31	80	0
115	20.537760	20.611979	C4	27	80	0
116	20.826823	21.079427	Eb4	37	80	0
117	20.830729	20.903646	C4	37	80	0
118	21.080729	22.348958	Eb5	66	80	0
119	21.084635	21.348958	C4	41	80	0
120	21.085938	21.250000	G#3	42	80	0
121	21.091146	21.154948	Eb4	44	80	0
122	21.361979	21.709635	C4	36	80	0
123	21.361979	21.669271	Eb4	45	80	0
124	21.621094	21.929688	G#3	30	80	0
125	21.873698	21.938802	Eb4	38	80	0
126	21.884115	21.941406	C4	35	80	0
127	22.093750	22.500000	G#5	68	80	0
128	22.115885	22.128906	Eb3	40	80	0
129	22.119792	22.399740	G#3	37	80	0
130	22.122396	22.269531	C4	42	80	0
131	22.122396	22.184896	Eb4	39	80	0
132	22.406250	22.779948	Eb4	44	80	0
133	22.410156	22.699219	C4	36	80	0
134	22.507812	22.649740	G#5	36	80	0
135	22.657552	23.821615	G#5	61	80	0
136	22.670573	23.169271	Bb3	42	80	0
137	22.688802	22.809896	Eb3	33	80	0
138	22.964844	23.063802	Eb4	36	80	0
139	22.972656	23.070312	C#4	36	80	0
140	23.246094	23.320312	C#4	35	80	0
141	23.251302	23.598958	Bb3	34	80	0
142	23.252604	23.317708	Eb4	36	80	0
143	23.506510	24.019531	Eb4	39	80	0
144	23.509115	23.829427	C#4	39	80	0
145	23.757812	25.229167	G5	58	80	0
146	23.764323	24.509115	Bb3	38	80	0
147	24.032552	24.111979	Eb4	32	80	0
148	24.033854	24.115885	C#4	35	80	0
149	24.291667	24.363281	C#4	31	80	0
150	24.292969	24.358073	Eb4	28	80	0
151	24.536458	24.878906	Eb4	36	80	0
152	24.544271	24.779948	C#4	36	80	0
153	24.787760	25.529948	Bb3	38	80	0
154	24.791667	24.864583	C#4	29	80	0
155	25.063802	25.126302	C#4	32	80	0
156	25.063802	25.123698	Eb4	27	80	0
157	25.295573	25.375000	C#4	36	80	0
158	25.298177	25.368490	Eb4	40	80	0
159	25.563802	25.641927	Eb4	34	80	0
160	25.563802	25.647135	C#4	37	80	0
161	25.845052	29.049479	Bb5	82	80	0
162	25.875000	26.158854	C#4	44	80	0
163	26.156250	26.309896	Bb4	50	80	0
164	26.158854	26.264323	Eb4	43	80	0
165	26.165365	26.399740	C#4	39	80	0
166	26.170573	26.264323	G4	41	80	0
167	26.406250	26.472656	Bb4	50	80	0
168	26.414062	26.473958	Eb4	40	80	0
169	26.414062	26.475260	C#4	40	80	0
170	26.415365	26.476562	G4	47	80	0
171	26.631510	26.959635	Eb4	45	80	0
172	26.634115	26.709635	C#4	43	80	0
173	26.639323	26.919271	G4	38	80	0
174	26.640625	26.789062	Bb4	41	80	0
175	26.842448	27.000000	Bb4	40	80	0
176	26.876302	27.019531	C#4	47	80	0
177	27.132812	27.217448	Eb4	40	80	0
178	27.135417	27.509115	C#4	38	80	0
179	27.144531	27.149740	Bb3	40	80	0
180	27.145833	27.218750	Bb4	47	80	0
181	27.153646	27.222656	G4	40	80	0
182	27.393229	29.079427	G5	71	80	0
183	27.397135	27.459635	Bb3	44	80	0
184	27.402344	27.464844	Bb4	42	80	0
185	27.403646	27.473958	G4	48	80	0
186	27.406250	27.473958	Eb4	44	80	0
187	27.652344	27.809896	Eb4	52	80	0
188	27.652344	27.729167	C#4	46	80	0
189	27.654948	27.750000	Bb4	43	80	0
190	27.661458	27.779948	G4	37	80	0
191	27.872396	27.968750	Bb4	41	80	0
192	27.875000	28.109375	C#4	50	80	0
193	27.876302	27.889323	Eb5	47	80	0
194	27.880208	27.959635	G4	35	80	0
195	27.884115	27.944010	Eb4	46	80	0
196	28.119792	28.208333	C#4	45	80	0
197	28.119792	28.204427	Eb4	53	80	0
198	28.123698	28.196615	Bb4	50	80	0
199	28.125000	28.200521	G4	40	80	0
200	28.373698	28.899740	Eb5	71	80	0
201	28.386719	28.463542	Bb4	51	80	0
202	28.395833	28.408854	Eb3	35	80	0
203	28.395833	28.739583	C#4	41	80	0
204	28.397135	28.464844	Eb4	41	80	0
205	28.397135	28.464844	G4	50	80	0
206	28.618490	28.700521	Eb4	45	80	0
207	28.626302	28.979167	Bb4	48	80	0
208	28.653646	29.049479	G4	37	80	0
209	28.912760	31.089844	Eb5	75	80	0
210	28.917969	29.059896	Eb4	47	80	0
211	28.917969	28.929688	G#2	42	80	0
212	28.927083	29.209635	C4	51	80	0
213	28.930990	28.938802	G#4	50	80	0
214	29.214844	29.294271	G#4	50	80	0
215	29.214844	29.285156	Eb4	44	80	0
216	29.221354	29.669271	C4	33	80	0
217	29.433594	29.505208	G#4	50	80	0
218	29.436198	29.506510	Eb4	50	80	0
219	29.670573	29.859375	Eb4	50	80	0
220	29.673177	29.744792	G#4	45	80	0
221	29.675781	29.750000	C4	41	80	0
222	29.915365	31.929688	G#5	78	80	0
223	29.946615	30.026042	Eb4	35	80	0
224	29.950521	30.049479	G#4	35	80	0
225	29.950521	30.029948	C4	42	80	0
226	30.203125	30.261719	G#4	42	80	0
227	30.209635	30.769531	C4	42	80	0
228	30.209635	30.264323	Eb4	38	80	0
229	30.450521	30.503906	Eb4	41	80	0
230	30.450521	30.549479	G#4	40	80	0
231	30.682292	30.752604	Eb4	43	80	0
232	30.684896	30.889323	G#4	36	80	0
233	30.924479	30.993490	C4	47	80	0
234	30.924479	30.985677	Eb4	36	80	0
235	31.186198	31.255208	G#4	46	80	0
236	31.191406	31.519531	C4	39	80	0
237	31.191406	31.260417	Eb4	46	80	0
238	31.427083	31.481771	G#4	37	80	0
239	31.427083	31.485677	Eb4	43	80	0
240	31.665365	31.799479	Eb4	45	80	0
241	31.665365	31.722656	G#4	46	80	0
242	31.670573	31.733073	C4	39	80	0
243	31.936198	33.658854	G#5	78	80	0
244	31.944010	31.949219	F#3	41	80	0
245	31.960938	32.313802	F#4	52	80	0
246	32.239583	32.378906	Eb5	58	80	0
247	32.250000	32.319010	C5	47	80	0
248	32.251302	32.369792	G#4	41	80	0
249	32.476562	32.558594	C5	56	80	0
250	32.505208	32.609375	Eb5	49	80	0
251	32.509115	32.579427	G#4	40	80	0
252	32.511719	32.819010	F#4	41	80	0
253	32.734375	33.069010	Eb5	54	80	0
254	32.734375	32.908854	G#4	40	80	0
255	32.736979	32.959635	C5	47	80	0
256	32.964844	33.709635	F#4	48	80	0
257	32.968750	33.059896	G#4	42	80	0
258	32.971354	33.069010	C5	43	80	0
259	33.235677	33.313802	Eb5	52	80	0
260	33.242188	33.305990	G#4	40	80	0
261	33.243490	33.312500	C5	46	80	0
262	33.464844	34.598958	C6	83	80	0
263	33.484375	33.569010	C5	65	80	0
264	33.486979	33.563802	Eb5	54	80	0
265	33.511719	33.570312	G#4	42	80	0
266	33.735677	34.049479	Eb5	50	80	0
267	33.743490	34.079427	C5	48	80	0
268	33.744792	34.069010	G#4	46	80	0
269	33.983073	34.378906	F#4	47	80	0
270	33.986979	34.000000	Bb4	43	80	0
271	34.222656	34.292969	Eb5	50	80	0
272	34.226562	34.289062	C5	49	80	0
273	34.226562	34.359375	G#4	42	80	0
274	34.453125	35.049479	Eb6	83	80	0
275	34.454427	34.523438	C5	59	80	0
276	34.455729	34.609375	Eb5	66	80	0
277	34.466146	34.628906	G#4	48	80	0
278	34.720052	35.188802	Eb5	64	80	0
279	34.725260	35.109375	C5	51	80	0
280	34.730469	35.169271	G#4	48	80	0
281	35.052083	35.938802	F4	55	80	0
282	35.054688	36.929688	Eb6	89	80	0
283	35.084635	35.259115	C#6	54	80	0
284	35.354167	35.489583	C#5	54	80	0
285	35.363281	35.509115	G#4	45	80	0
286	35.634115	35.710938	C#5	54	80	0
287	35.635417	35.750000	G#4	49	80	0
288	35.882812	36.229167	G#4	52	80	0
289	35.885417	36.209635	C#5	54	80	0
290	36.139323	37.229167	F4	61	80	0
291	36.403646	36.529948	C#5	56	80	0
292	36.404948	36.589844	G#4	47	80	0
293	36.641927	37.408854	C#6	87	80	0
294	36.649740	36.789062	C#5	67	80	0
295	36.682292	36.929688	G#4	46	80	0
296	36.921875	37.319010	C#5	66	80	0
297	36.940104	37.218750	G#4	50	80	0
298	37.173177	37.809896	Eb6	90	80	0
299	37.177083	37.899740	Eb4	68	80	0
300	37.460938	37.769531	C5	60	80	0
301	37.462240	37.878906	G#4	58	80	0
302	37.718750	38.339844	F6	88	80	0
303	37.726562	38.079427	C#4	66	80	0
304	38.044271	38.449219	Bb4	61	80	0
305	38.045573	38.419271	G#4	60	80	0
306	38.084635	38.229167	C#4	30	80	0
307	38.337240	39.438802	Eb4	73	80	0
308	38.345052	39.229167	F6	81	80	0
309	38.722656	38.908854	C5	49	80	0
310	38.726562	38.908854	G#4	42	80	0
311	39.036458	40.479167	Eb6	69	80	0
312	39.052083	39.209635	C5	50	80	0
313	39.071615	39.188802	G#4	49	80	0
314	39.341146	39.658854	C5	46	80	0
315	39.345052	39.509115	G#4	48	80	0
316	39.601562	40.628906	Eb4	55	80	0
317	39.865885	40.250000	C5	46	80	0
318	39.867188	40.019531	G#4	42	80	0
319	40.123698	40.519531	C#6	73	80	0
320	40.128906	40.319010	C#5	55	80	0
321	40.147135	40.309896	G#4	43	80	0
322	40.423177	40.848958	C6	76	80	0
323	40.453125	40.759115	C5	59	80	0
324	40.464844	40.759115	G#4	43	80	0
325	40.750000	42.149740	Eb6	70	80	0
326	40.753906	42.539062	Eb4	46	80	0
327	41.075521	42.119792	C#6	61	80	0
328	41.088542	41.289062	C#5	52	80	0
329	41.093750	41.359375	Bb4	40	80	0
330	41.388021	42.139323	G5	52	80	0
331	41.394531	41.569010	C#5	42	80	0
332	41.411458	41.569010	Bb4	35	80	0
333	41.731771	42.098958	C#5	39	80	0
334	41.734375	42.069010	Bb4	38	80	0
335	42.110677	42.539062	G#5	51	80	0
336	42.113281	42.889323	C5	40	80	0
337	42.115885	42.938802	G#4	38	80	0
338	42.305990	42.393229	Eb6	45	80	0
339	42.433594	42.514323	C6	57	80	0
340	42.572917	42.632812	Eb6	53	80	0
341	42.665365	42.742188	G#6	57	80	0
342	42.774740	42.852865	Eb6	62	80	0
343	42.897135	42.958333	C6	62	80	0
344	43.009115	43.092448	Eb6	58	80	0
345	43.127604	43.195312	G#5	57	80	0
346	43.240885	43.320312	Eb5	59	80	0
347	43.369792	43.444010	C5	52	80	0
348	43.481771	43.559896	Eb5	66	80	0
349	43.597656	43.669271	G#4	60	80	0
350	43.730469	43.804688	Eb4	58	80	0
351	43.852865	43.929688	C4	55	80	0
352	43.968750	44.053385	Eb4	64	80	0
353	44.095052	44.183594	G#3	54	80	0
354	44.223958	44.296875	Eb3	55	80	0
355	44.354167	44.619792	C3	50	80	0
356	44.455729	44.540365	Eb3	55	80	0
357	44.574219	44.919271	G#2	56	80	0
358	44.729167	44.803385	Eb3	60	80	0
359	44.841146	45.089844	C3	57	80	0
360	44.954427	45.299479	Eb3	49	80	0
361	45.110677	45.839844	Bb2	58	80	0
362	45.114583	45.449219	G2	55	80	0
363	45.117188	45.869792	Eb2	54	80	0
364	45.404948	45.589844	C#3	48	80	0
365	45.507812	45.588542	Eb3	50	80	0
366	45.643229	45.733073	G3	56	80	0
367	45.774740	45.834635	Eb3	51	80	0
368	45.886719	46.039062	C#3	53	80	0
369	45.981771	46.369792	Eb3	63	80	0
370	46.143229	46.509115	Bb2	46	80	0
371	46.147135	46.579427	Bb1	48	80	0
372	46.292969	46.367188	Eb4	56	80	0
373	46.414062	46.502604	C#4	58	80	0
374	46.535156	46.597656	Eb4	60	80	0
375	46.651042	46.742188	G4	59	80	0
376	46.776042	46.847656	Eb4	62	80	0
377	46.902344	47.019531	C#4	55	80	0
378	47.016927	47.066406	Eb4	51	80	0
379	47.125000	47.839844	Bb2	53	80	0
380	47.140625	47.348958	G4	53	80	0
381	47.151042	48.079427	Eb2	52	80	0
382	47.264323	47.347656	Eb5	65	80	0
383	47.395833	47.475260	C#5	63	80	0
384	47.502604	47.583333	Eb5	65	80	0
385	47.630208	47.829427	G5	63	80	0
386	47.756510	47.826823	Eb5	56	80	0
387	47.869792	47.941406	C#5	57	80	0
388	47.984375	48.109375	Eb5	58	80	0
389	48.114583	49.019531	C3	57	80	0
390	48.135417	49.059896	Eb2	56	80	0
391	48.143229	48.359375	G#5	62	80	0
392	48.285156	48.369792	Eb5	52	80	0
393	48.402344	48.609375	C6	66	80	0
394	48.526042	48.605469	Eb6	57	80	0
395	48.631510	48.723958	G#6	71	80	0
396	48.742188	48.805990	Eb6	68	80	0
397	48.847656	49.049479	C6	70	80	0
398	48.972656	49.062500	Eb6	55	80	0
399	49.085938	49.165365	G#5	60	80	0
400	49.216146	49.279948	Eb5	60	80	0
401	49.325521	49.398438	C5	56	80	0
402	49.432292	49.510417	Eb5	66	80	0
403	49.554688	49.619792	G#4	59	80	0
404	49.674479	49.744792	Eb4	63	80	0
405	49.803385	49.867188	C4	58	80	0
406	49.914062	49.983073	Eb4	54	80	0
407	50.022135	50.108073	G#3	58	80	0
408	50.157552	50.225260	Eb3	54	80	0
409	50.268229	50.449219	C3	58	80	0
410	50.373698	50.466146	Eb3	68	80	0
411	50.502604	50.769531	G#2	61	80	0
412	50.635417	50.704427	Eb3	65	80	0
413	50.734375	50.968750	C3	61	80	0
414	50.854167	51.019531	Eb3	66	80	0
415	50.986979	51.408854	Bb2	67	80	0
416	50.993490	51.279948	Bb1	65	80	0
417	50.993490	51.609375	G2	66	80	0
418	51.001302	51.309896	G1	62	80	0
419	51.115885	51.259115	Eb3	64	80	0
420	51.115885	51.229167	Bb3	61	80	0
421	51.242188	51.459635	C#3	64	80	0
422	51.351562	51.432292	Eb3	62	80	0
423	51.485677	51.557292	Bb3	64	80	0
424	51.604167	51.674479	Eb3	65	80	0
425	51.713542	51.792969	C#4	59	80	0
426	51.716146	51.949219	C#3	54	80	0
427	51.841146	52.158854	Eb3	55	80	0
428	51.967448	52.279948	G2	60	80	0
429	51.975260	52.128906	G1	56	80	0
430	52.013021	52.101562	Bb3	60	80	0
431	52.143229	52.212240	Eb4	64	80	0
432	52.260417	52.328125	C#4	63	80	0
433	52.384115	52.442708	Eb4	56	80	0
434	52.502604	52.649740	Bb4	67	80	0
435	52.604167	52.664062	Eb4	67	80	0
436	52.726562	52.839844	C#4	64	80	0
437	52.934896	53.649740	G2	64	80	0
438	52.944010	52.949219	G1	58	80	0
439	52.983073	53.066406	Bb4	67	80	0
440	53.104167	53.195312	Eb5	67	80	0
441	53.225260	53.307292	C#5	65	80	0
442	53.334635	53.434896	Eb5	65	80	0
443	53.473958	53.566406	Bb5	77	80	0
444	53.601562	53.680990	Eb5	64	80	0
445	53.717448	53.792969	C#5	58	80	0
446	53.822917	53.968750	Eb5	64	80	0
447	53.966146	54.679688	G#2	59	80	0
448	53.970052	54.559896	G#1	57	80	0
449	53.972656	54.479167	C5	62	80	0
450	54.123698	54.197917	G#5	61	80	0
451	54.231771	54.308594	Eb5	70	80	0
452	54.343750	54.432292	G#5	62	80	0
453	54.463542	54.549479	C6	72	80	0
454	54.471354	54.569010	Eb5	52	80	0
455	54.579427	54.661458	G#5	56	80	0
456	54.683594	54.766927	Eb5	68	80	0
457	54.804688	54.868490	G#5	56	80	0
458	54.927083	55.059896	C5	55	80	0
459	55.041667	55.113281	G#4	55	80	0
460	55.154948	55.239583	Eb4	60	80	0
461	55.276042	55.361979	G#4	66	80	0
462	55.395833	55.484375	C4	67	80	0
463	55.533854	55.608073	G#3	50	80	0
464	55.613281	55.789062	G#4	52	80	0
465	55.644531	55.721354	Eb3	57	80	0
466	55.738281	55.832031	G#3	58	80	0
467	55.872396	56.209635	C3	70	80	0
468	56.001302	56.067708	G#3	62	80	0
469	56.095052	56.299479	Eb3	67	80	0
470	56.203125	56.290365	G#3	62	80	0
471	56.329427	56.429688	C4	67	80	0
472	56.466146	56.537760	G#3	67	80	0
473	56.563802	56.799479	Eb3	67	80	0
474	56.680990	56.798177	G#3	58	80	0
475	56.835938	57.239583	D3	62	80	0
476	56.843750	57.819010	F2	67	80	0
477	56.852865	57.519531	F1	67	80	0
478	56.988281	57.059896	Bb3	62	80	0
479	57.088542	57.229167	G#3	69	80	0
480	57.214844	57.296875	Bb3	57	80	0
481	57.351562	57.440104	D4	67	80	0
482	57.476562	57.557292	Bb3	62	80	0
483	57.591146	57.674479	G#3	69	80	0
484	57.701823	57.848958	Bb3	70	80	0
485	57.804688	58.408854	F3	65	80	0
486	57.833333	58.799479	F2	60	80	0
487	57.834635	58.529948	Bb2	57	80	0
488	57.838542	58.399740	D4	64	80	0
489	57.962240	58.063802	Bb4	63	80	0
490	58.083333	58.192708	G#4	72	80	0
491	58.192708	58.283854	Bb4	74	80	0
492	58.315104	58.412760	D5	64	80	0
493	58.423177	58.513021	Bb4	72	80	0
494	58.541667	58.625000	G#4	72	80	0
495	58.638021	58.759115	Bb4	72	80	0
496	58.772135	59.438802	Eb3	62	80	0
497	58.773438	59.378906	Eb2	60	80	0
498	58.783854	59.438802	Bb2	57	80	0
499	58.795573	58.914062	Eb5	75	80	0
500	58.915365	59.027344	Bb5	72	80	0
501	59.031250	59.134115	G5	69	80	0
502	59.148438	59.264323	Bb5	83	80	0
503	59.269531	59.385417	Eb6	73	80	0
504	59.394531	59.472656	Bb5	69	80	0
505	59.496094	59.584635	G5	71	80	0
506	59.615885	59.695312	Bb5	70	80	0
507	59.746094	60.259115	D3	59	80	0
508	59.746094	60.039062	F5	71	80	0
509	59.748698	60.250000	Bb2	57	80	0
510	59.865885	59.957031	Bb5	71	80	0
511	59.973958	60.065104	G#5	66	80	0
512	60.080729	60.192708	Bb5	75	80	0
513	60.214844	60.468750	F6	89	80	0
514	60.345052	60.444010	Bb5	77	80	0
515	60.464844	60.559896	G#5	76	80	0
516	60.574219	60.664062	Bb5	81	80	0
517	60.695312	60.938802	F5	74	80	0
518	60.699219	60.709635	D5	73	80	0
519	60.710938	61.309896	Bb3	69	80	0
520	60.712240	61.098958	D4	72	80	0
521	60.713542	61.119792	D3	65	80	0
522	60.824219	60.921875	Bb5	83	80	0
523	60.932292	61.109375	G#5	79	80	0
524	61.046875	61.160156	Bb5	86	80	0
525	61.174479	61.419271	F6	90	80	0
526	61.295573	61.384115	Bb5	78	80	0
527	61.403646	61.510417	G#5	77	80	0
528	61.404948	61.514323	G#6	70	80	0
529	61.514323	61.613281	Bb5	84	80	0
530	61.634115	62.209635	C#4	84	80	0
531	61.640625	62.049479	G5	82	80	0
532	61.647135	62.279948	C#3	76	80	0
533	61.653646	62.339844	Eb3	75	80	0
534	61.774740	61.875000	Eb6	72	80	0
535	61.882812	61.983073	Bb5	76	80	0
536	61.993490	62.095052	Eb6	78	80	0
537	62.105469	62.509115	G6	96	80	0
538	62.233073	62.329427	Eb6	75	80	0
539	62.335938	62.444010	Bb5	88	80	0
540	62.447917	62.567708	Eb6	83	80	0
541	62.585938	62.880208	C4	81	80	0
542	62.591146	62.878906	G#5	82	80	0
543	62.595052	62.839844	C3	71	80	0
544	62.605469	62.938802	Eb3	68	80	0
545	62.735677	62.864583	G#6	78	80	0
546	62.851562	62.964844	Eb6	77	80	0
547	62.954427	63.259115	G#6	81	80	0
548	63.082031	63.378906	A5	80	80	0
549	63.091146	63.209635	A6	84	80	0
550	63.098958	63.408854	B3	87	80	0
551	63.101562	63.309896	B2	84	80	0
552	63.109375	63.315104	Eb3	78	80	0
553	63.214844	63.343750	A6	76	80	0
554	63.335938	63.451823	Eb6	79	80	0
555	63.451823	63.699219	A6	80	80	0
556	63.584635	63.789062	A5	85	80	0
557	63.584635	63.893229	B4	85	80	0
558	63.588542	63.899740	B3	78	80	0
559	63.601562	63.869792	Eb4	70	80	0
560	63.709635	63.859375	A6	79	80	0
561	63.828125	63.979167	F#6	70	80	0
562	63.835938	63.946615	Eb6	74	80	0
563	63.941406	64.079427	A6	85	80	0
564	64.076823	64.289062	Bb5	91	80	0
565	64.083333	64.378906	Bb4	87	80	0
566	64.088542	64.449219	Bb3	68	80	0
567	64.092448	64.433594	Eb4	63	80	0
568	64.208333	64.324219	Bb6	74	80	0
569	64.329427	64.424479	Eb6	77	80	0
570	64.444010	64.709635	Bb6	87	80	0
571	64.580729	64.938802	Bb5	93	80	0
572	64.596354	64.959635	G#4	73	80	0
573	64.596354	65.039062	Eb4	75	80	0
574	64.604167	65.000000	G#3	65	80	0
575	64.721354	64.843750	Bb6	81	80	0
576	64.843750	64.959635	Eb6	73	80	0
577	64.960938	65.093750	Bb6	82	80	0
578	65.114583	65.429688	B5	80	80	0
579	65.122396	65.649740	G4	69	80	0
580	65.125000	65.549479	G3	63	80	0
581	65.125000	65.658854	Eb4	49	80	0
582	65.263021	65.459635	B6	78	80	0
583	65.432292	65.572917	Eb6	72	80	0
584	65.589844	66.229167	B6	76	80	0
585	66.023438	67.799479	C7	72	80	0
586	66.404948	67.329427	G#5	50	80	0
587	66.682292	67.859375	G#4	37	80	0
588	66.927083	67.500000	C6	60	80	0
589	67.274740	68.878906	Bb6	73	80	0
590	67.561198	68.139323	G5	49	80	0
591	67.805990	68.829427	G4	36	80	0
592	68.063802	68.829427	Bb5	65	80	0
593	68.384115	69.569010	G#6	82	80	0
594	68.644531	69.319010	F5	53	80	0
595	68.924479	69.889323	F4	55	80	0
596	69.174479	69.769531	A6	85	80	0
597	69.490885	71.089844	Bb6	82	80	0
598	69.783854	70.609375	G5	59	80	0
599	70.065104	70.989583	G4	38	80	0
600	70.302083	70.979167	Bb5	63	80	0
601	70.644531	71.889323	G#6	64	80	0
602	70.915365	71.539062	F5	48	80	0
603	71.186198	71.750000	F4	41	80	0
604	71.425781	71.729167	G#5	50	80	0
605	71.730469	72.169271	G6	59	80	0
606	71.760417	72.209635	Eb5	46	80	0
607	72.032552	72.299479	G5	55	80	0
608	72.040365	72.378906	Eb4	44	80	0
609	72.287760	72.549479	G#5	73	80	0
610	72.290365	72.348958	G#6	65	80	0
611	72.308594	72.539062	F4	39	80	0
612	72.503906	72.519531	B3	45	80	0
613	72.524740	72.539062	Bb6	77	80	0
614	72.526042	72.819010	Bb5	87	80	0
615	72.563802	72.869792	G4	51	80	0
616	72.583333	72.589844	A3	35	80	0
617	72.817708	72.899740	C4	39	80	0
618	72.824219	73.218750	D6	71	80	0
619	72.825521	72.869792	D7	66	80	0
620	73.162760	73.289062	Bb3	46	80	0
621	73.162760	73.929688	C6	68	80	0
622	73.164062	73.549479	Bb4	50	80	0
623	73.424479	73.789062	G#4	43	80	0
624	73.654948	74.218750	C5	61	80	0
625	73.673177	73.938802	G#3	42	80	0
626	73.941406	74.261719	C6	78	80	0
627	74.242188	74.959635	Bb5	80	80	0
628	74.248698	74.589844	G#4	60	80	0
629	74.273438	74.279948	G#3	43	80	0
630	74.518229	74.919271	G4	62	80	0
631	74.764323	75.109375	Bb4	63	80	0
632	74.781250	75.049479	G3	54	80	0
633	74.782552	74.789062	G2	49	80	0
634	75.028646	75.429688	Bb5	89	80	0
635	75.304688	75.589844	G4	73	80	0
636	75.307292	76.019531	G#5	75	80	0
637	75.321615	75.399740	G3	49	80	0
638	75.326823	75.359375	G2	41	80	0
639	75.576823	75.919271	F4	73	80	0
640	75.808594	76.188802	A5	78	80	0
641	75.841146	76.119792	F#4	67	80	0
642	76.102865	76.414062	C6	77	80	0
643	76.404948	77.109375	Bb5	76	80	0
644	76.434896	76.661458	G#4	56	80	0
645	76.434896	76.449219	F3	46	80	0
646	76.700521	77.250000	G4	54	80	0
647	76.936198	77.029948	Bb4	56	80	0
648	76.940104	77.179688	G3	51	80	0
649	77.204427	77.688802	Bb5	67	80	0
650	77.494792	78.399740	G#5	62	80	0
651	77.501302	77.725260	G4	52	80	0
652	77.502604	77.509115	Bb3	47	80	0
653	77.514323	77.598958	G3	42	80	0
654	77.776042	78.139323	F4	50	80	0
655	77.777344	77.789062	G2	39	80	0
656	78.037760	78.158854	C5	51	80	0
657	78.039062	78.136719	G#4	48	80	0
658	78.044271	78.138021	F3	46	80	0
659	78.335938	78.667969	G5	59	80	0
660	78.345052	78.750000	Bb4	51	80	0
661	78.364583	78.635417	Eb4	41	80	0
662	78.376302	78.631510	G3	43	80	0
663	78.648438	78.929688	F5	65	80	0
664	78.648438	78.968750	D5	60	80	0
665	78.653646	78.878906	D4	53	80	0
666	78.653646	78.869792	G#3	52	80	0
667	78.907552	79.221354	G5	73	80	0
668	78.914062	79.279948	Bb4	67	80	0
669	78.916667	79.259115	G3	65	80	0
670	78.919271	79.250000	Eb4	65	80	0
671	79.190104	79.649740	D5	71	80	0
672	79.191406	79.609375	F5	78	80	0
673	79.194010	79.589844	D4	66	80	0
674	79.195312	79.509115	G#3	67	80	0
675	79.522135	80.908854	G5	88	80	0
676	79.527344	80.389323	Bb4	77	80	0
677	79.532552	80.819010	Eb4	70	80	0
678	79.535156	80.769531	G3	67	80	0
679	80.752604	81.509115	F5	73	80	0
680	80.755208	81.519531	Bb4	63	80	0
681	80.755208	81.500000	D5	68	80	0
682	80.760417	81.559896	D4	61	80	0
683	80.763021	81.589844	G#3	62	80	0
684	80.763021	80.769531	Bb3	60	80	0
685	81.924479	82.348958	Bb5	89	80	0
686	81.925781	82.339844	Eb4	65	80	0
687	81.932292	82.339844	Bb4	83	80	0
688	81.933594	82.289062	G3	60	80	0
689	81.944010	82.169271	Eb3	58	80	0
690	82.233073	82.365885	Eb5	77	80	0
691	82.234375	82.408854	A5	76	80	0
692	82.235677	82.352865	C4	65	80	0
693	82.236979	82.250000	Eb6	78	80	0
694	82.242188	82.489583	F3	63	80	0
695	82.514323	82.929688	Eb4	72	80	0
696	82.514323	82.819010	Bb5	90	80	0
697	82.516927	82.635417	Bb4	85	80	0
698	82.522135	82.750000	G3	64	80	0
699	82.523438	82.669271	C4	66	80	0
700	82.527344	82.539062	Eb3	63	80	0
701	82.782552	82.938802	C6	81	80	0
702	82.783854	82.789062	Eb6	80	80	0
703	82.785156	83.000000	Eb5	85	80	0
704	82.787760	82.968750	A5	81	80	0
705	82.790365	83.119792	C4	68	80	0
706	82.796875	83.149740	F3	64	80	0
707	82.985677	83.059896	Bb3	63	80	0
708	83.182292	84.539062	Bb5	95	80	0
709	83.190104	84.039062	Bb4	82	80	0
710	83.194010	84.329427	Eb5	77	80	0
711	83.195312	83.848958	Eb4	70	80	0
712	83.207031	83.779948	Bb3	69	80	0
713	83.214844	83.839844	G3	59	80	0
714	84.252604	84.598958	A4	65	80	0
715	84.394531	84.489583	F3	52	80	0
716	84.404948	85.839844	Eb5	74	80	0
717	84.511719	84.582031	G3	54	80	0
718	84.613281	85.908854	C6	80	80	0
719	84.752604	84.869792	G3	49	80	0
720	84.837240	84.938802	F3	42	80	0
721	84.944010	84.997396	G3	50	80	0
722	85.029948	85.084635	F3	44	80	0
723	85.123698	85.182292	G3	52	80	0
724	85.221354	85.273438	F3	48	80	0
725	85.298177	85.363281	G3	55	80	0
726	85.402344	85.444010	F3	53	80	0
727	85.475260	85.513021	G3	48	80	0
728	85.545573	85.584635	F3	55	80	0
729	85.604167	85.662760	G3	61	80	0
730	85.673177	85.756510	F3	57	80	0
731	85.791667	85.843750	Eb3	62	80	0
732	85.864583	85.924479	F3	59	80	0
733	85.954427	86.023438	Eb3	60	80	0
734	86.033854	86.097656	F3	62	80	0
735	86.125000	86.182292	Eb3	58	80	0
736	86.180990	86.247396	A4	61	80	0
737	86.212240	86.218750	F3	54	80	0
738	86.214844	86.279948	F4	58	80	0
739	86.259115	86.489583	F5	77	80	0
740	86.289062	86.334635	Eb3	65	80	0
741	86.352865	86.979167	C6	89	80	0
742	86.372396	86.438802	F3	54	80	0
743	86.442708	86.502604	Eb3	76	80	0
744	86.526042	86.585938	F3	58	80	0
745	86.596354	86.679688	Eb3	70	80	0
746	86.673177	86.869792	F3	51	80	0
747	86.735677	86.891927	Eb3	61	80	0
748	86.824219	86.829427	Bb2	50	80	0
749	86.924479	87.031250	D3	78	80	0
750	87.024740	87.084635	Eb3	65	80	0
751	87.085938	87.145833	D3	62	80	0
752	87.174479	87.226562	Eb3	62	80	0
753	87.248698	87.315104	D3	71	80	0
754	87.321615	87.384115	Eb3	66	80	0
755	87.322917	87.395833	Bb4	69	80	0
756	87.407552	87.539062	D3	67	80	0
757	87.411458	87.569010	F5	74	80	0
758	87.481771	87.532552	Eb3	74	80	0
759	87.532552	87.718750	D6	93	80	0
760	87.552083	87.622396	D3	70	80	0
761	87.631510	87.684896	Eb3	74	80	0
762	87.701823	87.819010	D3	66	80	0
763	87.772135	87.899740	Eb3	75	80	0
764	87.829427	87.979167	D3	75	80	0
765	87.904948	88.037760	Eb3	66	80	0
766	87.985677	88.079427	D3	66	80	0
767	88.058594	88.188802	C3	82	80	0
768	88.131510	88.269531	D3	66	80	0
769	88.204427	88.256510	C3	67	80	0
770	88.261719	88.356771	C5	79	80	0
771	88.282552	88.339844	D3	66	80	0
772	88.345052	88.479167	C3	71	80	0
773	88.367188	88.468750	F5	75	80	0
774	88.454427	88.619792	D3	65	80	0
775	88.488281	88.619792	C3	65	80	0
776	88.546875	88.559896	G#2	64	80	0
777	88.600260	89.789062	Eb6	94	80	0
778	88.630208	88.812500	C3	60	80	0
779	88.710938	88.786458	D3	65	80	0
780	88.859375	88.949219	D3	54	80	0
781	88.904948	89.049479	C3	64	80	0
782	88.957031	89.119792	D3	62	80	0
783	89.141927	89.289062	Bb2	86	80	0
784	89.226562	89.286458	C3	79	80	0
785	89.295573	89.354167	Bb2	66	80	0
786	89.372396	89.430990	C3	69	80	0
787	89.444010	89.619792	F5	76	80	0
788	89.515625	89.572917	C3	75	80	0
789	89.574219	89.709635	Bb2	79	80	0
790	89.644531	89.703125	C3	72	80	0
791	89.716146	89.799479	Bb2	72	80	0
792	89.764323	90.989583	F6	96	80	0
793	89.796875	89.859375	C3	71	80	0
794	89.865885	90.000000	Bb2	72	80	0
795	89.949219	89.994792	C3	65	80	0
796	90.005208	90.128906	Bb2	71	80	0
797	90.074219	90.269531	C3	78	80	0
798	90.134115	90.247396	Bb2	70	80	0
799	90.256510	90.364583	G#2	88	80	0
800	90.368490	90.509115	Bb2	77	80	0
801	90.442708	90.589844	G#2	84	80	0
802	90.523438	90.578125	Bb2	68	80	0
803	90.600260	90.664062	G#2	77	80	0
804	90.669271	90.734375	Bb2	73	80	0
805	90.744792	90.899740	G#2	87	80	0
806	90.799479	91.399740	G6	104	80	0
807	90.841146	90.979167	Bb2	71	80	0
808	90.914062	91.049479	G#2	81	80	0
809	90.990885	91.128906	Bb2	63	80	0
810	91.057292	91.199219	G#2	81	80	0
811	91.143229	91.218750	Bb2	58	80	0
812	91.208333	91.348958	G#2	73	80	0
813	91.296875	91.309896	Bb2	58	80	0
814	91.354167	91.779948	G#6	97	80	0
815	91.363281	91.509115	G#2	80	80	0
816	91.464844	91.519531	Bb2	54	80	0
817	91.516927	91.649740	G#2	78	80	0
818	91.602865	91.729167	Bb2	64	80	0
819	91.656250	91.779948	G#2	76	80	0
820	91.740885	91.859375	Bb2	62	80	0
821	91.792969	91.919271	G#2	73	80	0
822	91.871094	91.968750	Bb2	77	80	0
823	91.923177	92.489583	A6	99	80	0
824	91.933594	91.994792	G#2	74	80	0
825	92.005208	92.149740	Bb2	65	80	0
826	92.080729	92.143229	G#2	74	80	0
827	92.160156	92.279948	Bb2	69	80	0
828	92.218750	92.279948	G#2	73	80	0
829	92.287760	92.358073	Bb2	70	80	0
830	92.360677	92.421875	G#2	76	80	0
831	92.438802	92.579427	Bb2	77	80	0
832	92.501302	92.639323	G#2	68	80	0
833	92.584635	92.889323	Bb2	64	80	0
834	92.647135	92.799479	G#2	70	80	0
835	92.652344	94.199219	Bb6	101	80	0
836	92.808594	92.893229	G#2	57	80	0
837	92.897135	92.989583	Bb2	56	80	0
838	93.020833	93.348958	G2	76	80	0
839	93.152344	93.302083	G#2	80	80	0
840	93.273438	93.459635	Bb2	72	80	0
841	93.395833	93.500000	G#2	78	80	0
842	93.528646	93.716146	G2	80	80	0
843	93.661458	93.751302	F2	74	80	0
844	93.832031	94.044271	Eb2	86	80	0
845	94.035156	94.098958	Bb2	53	80	0
846	94.191406	94.348958	Eb3	76	80	0
847	94.196615	94.321615	G3	66	80	0
848	94.361979	94.479167	Eb3	61	80	0
849	94.481771	94.729167	G4	79	80	0
850	94.484375	94.591146	G3	63	80	0
851	94.485677	94.592448	Eb3	56	80	0
852	94.730469	94.848958	D3	67	80	0
853	94.734375	94.848958	Eb3	68	80	0
854	94.746094	94.854167	G2	54	80	0
855	94.985677	95.131510	D3	67	80	0
856	95.003906	95.158854	Eb3	65	80	0
857	95.005208	95.019531	Bb2	62	80	0
858	95.010417	95.121094	G3	59	80	0
859	95.251302	95.346354	C3	74	80	0
860	95.263021	95.361979	Eb3	61	80	0
861	95.265625	95.352865	G2	63	80	0
862	95.485677	95.583333	C3	71	80	0
863	95.493490	95.579427	G3	63	80	0
864	95.494792	95.587240	Eb3	66	80	0
865	95.714844	95.833333	G4	72	80	0
866	95.725260	95.828125	G3	59	80	0
867	95.730469	95.847656	Bb2	66	80	0
868	95.731771	95.843750	Eb3	66	80	0
869	95.734375	95.833333	G2	57	80	0
870	95.988281	96.098958	G#4	79	80	0
871	96.003906	96.108073	Bb2	58	80	0
872	96.005208	96.102865	Eb3	55	80	0
873	96.007812	96.019531	G#2	60	80	0
874	96.227865	96.351562	G#2	70	80	0
875	96.233073	96.539062	Bb4	82	80	0
876	96.235677	96.329427	G2	66	80	0
877	96.239583	96.351562	Eb3	70	80	0
878	96.243490	96.343750	G3	68	80	0
879	96.458333	96.593750	C5	78	80	0
880	96.492188	96.589844	G2	70	80	0
881	96.493490	96.589844	Eb3	68	80	0
882	96.494792	96.574219	G3	66	80	0
883	96.696615	97.019531	D5	80	80	0
884	96.723958	97.188802	Eb3	68	80	0
885	96.723958	96.825521	G2	66	80	0
886	96.996094	97.779948	Eb5	92	80	0
887	97.001302	97.489583	G2	66	80	0
888	97.333333	97.457031	Eb3	62	80	0
889	97.338542	97.446615	G3	54	80	0
890	97.622396	98.319010	Bb4	72	80	0
891	97.636719	97.753906	Eb3	55	80	0
892	97.644531	97.759115	G3	52	80	0
893	97.645833	97.753906	G2	48	80	0
894	97.884115	98.013021	D3	61	80	0
895	97.888021	98.015625	Eb3	60	80	0
896	97.893229	98.049479	G3	52	80	0
897	97.894531	98.014323	G2	52	80	0
898	98.130208	98.264323	D3	60	80	0
899	98.144531	98.265625	Eb3	65	80	0
900	98.144531	98.378906	G3	53	80	0
901	98.145833	98.509115	G2	54	80	0
902	98.365885	98.484375	C3	77	80	0
903	98.382812	98.488281	Eb3	61	80	0
904	98.391927	98.739583	G3	59	80	0
905	98.622396	98.714844	C3	65	80	0
906	98.625000	98.717448	Eb3	67	80	0
907	98.631510	98.713542	G2	59	80	0
908	98.855469	99.250000	G3	66	80	0
909	98.860677	99.239583	D5	74	80	0
910	98.860677	98.985677	Bb2	69	80	0
911	98.863281	98.980469	Eb3	69	80	0
912	99.114583	99.529948	Eb5	85	80	0
913	99.123698	99.500000	Bb2	66	80	0
914	99.125000	99.236979	Eb3	67	80	0
915	99.130208	99.233073	G2	62	80	0
916	99.363281	99.488281	G#2	74	80	0
917	99.364583	99.628906	F5	80	80	0
918	99.364583	99.479167	G2	71	80	0
919	99.364583	99.488281	Eb3	66	80	0
920	99.368490	99.484375	G3	68	80	0
921	99.596354	99.949219	G5	81	80	0
922	99.606771	99.839844	G3	66	80	0
923	99.613281	99.734375	G2	69	80	0
924	99.613281	99.848958	Eb3	63	80	0
925	99.846354	100.188802	G#5	87	80	0
926	99.850260	100.128906	G3	62	80	0
927	99.854167	100.014323	G2	64	80	0
928	99.855469	100.308594	Eb3	69	80	0
929	100.147135	100.438802	G2	78	80	0
930	100.149740	100.878906	Bb5	91	80	0
931	100.441406	100.739583	Eb3	75	80	0
932	100.445312	100.750000	G2	61	80	0
933	100.747396	101.658854	Eb5	86	80	0
934	100.753906	100.864583	Eb3	58	80	0
935	100.755208	100.855469	G3	56	80	0
936	100.755208	100.864583	G2	56	80	0
937	101.003906	101.123698	D3	69	80	0
938	101.003906	101.130208	Eb3	66	80	0
939	101.006510	101.123698	G2	63	80	0
940	101.253906	101.390625	D3	72	80	0
941	101.256510	101.394531	Eb3	71	80	0
942	101.256510	101.385417	G3	67	80	0
943	101.263021	101.449219	G2	66	80	0
944	101.263021	101.269531	Bb2	60	80	0
945	101.505208	101.634115	C3	75	80	0
946	101.513021	101.638021	Eb3	62	80	0
947	101.515625	101.929688	G2	65	80	0
948	101.520833	101.634115	G3	65	80	0
949	101.753906	102.139323	C3	78	80	0
950	101.753906	101.858073	Eb3	71	80	0
951	101.756510	101.769531	Bb2	71	80	0
952	101.756510	101.854167	G3	67	80	0
953	102.001302	102.468750	Eb6	79	80	0
954	102.003906	102.144531	Bb2	68	80	0
955	102.006510	102.269531	G3	63	80	0
956	102.007812	102.140625	Eb3	72	80	0
957	102.013021	102.132812	G2	64	80	0
958	102.263021	102.598958	F6	82	80	0
959	102.279948	102.421875	Eb3	61	80	0
960	102.282552	102.416667	G3	66	80	0
961	102.282552	102.459635	G2	64	80	0
962	102.283854	102.424479	Bb2	59	80	0
963	102.549479	103.169271	G6	97	80	0
964	102.570312	103.109375	Bb2	60	80	0
965	102.571615	102.713542	Eb3	64	80	0
966	102.575521	102.700521	G3	61	80	0
967	102.855469	103.199219	G#6	94	80	0
968	102.864583	103.061198	G#2	78	80	0
969	102.868490	103.059896	G3	64	80	0
970	102.871094	103.199219	Eb3	74	80	0
971	103.191406	104.389323	Bb6	94	80	0
972	103.204427	103.699219	G3	70	80	0
973	103.205729	103.579427	Eb3	68	80	0
974	103.207031	103.539062	G2	67	80	0
975	103.714844	104.639323	C7	97	80	0
976	103.743490	104.859375	Eb3	74	80	0
977	103.746094	104.819010	G#2	67	80	0
978	103.753906	104.598958	F3	56	80	0
979	106.055990	106.718750	F4	34	80	0
980	106.065104	106.419271	Eb3	30	80	0
981	106.071615	106.289062	A2	27	80	0
982	106.079427	106.378906	F3	27	80	0
983	106.342448	106.929688	Bb4	60	80	0
984	106.385417	106.769531	Bb3	35	80	0
985	106.394531	106.789062	F3	28	80	0
986	106.394531	106.839844	D3	34	80	0
987	106.398438	106.949219	Bb2	34	80	0
988	107.341146	107.739583	Bb4	60	80	0
989	107.373698	107.559896	Bb3	41	80	0
990	107.375000	107.688802	D3	40	80	0
991	107.376302	107.669271	Bb2	39	80	0
992	107.386719	108.369792	F4	43	80	0
993	107.657552	109.039062	A4	58	80	0
994	107.695312	108.799479	Eb3	40	80	0
995	107.704427	108.188802	C4	42	80	0
996	107.704427	108.929688	C3	37	80	0
997	108.912760	110.079427	G#4	54	80	0
998	108.954427	109.878906	B3	37	80	0
999	108.963542	110.039062	F4	39	80	0
1000	108.966146	109.688802	D3	34	80	0
1001	110.134115	110.298177	G4	46	80	0
1002	110.135417	110.309896	Bb3	37	80	0
1003	110.138021	110.329427	Eb4	34	80	0
1004	110.143229	110.311198	Eb3	38	80	0
1005	110.527344	110.968750	Eb6	58	80	0
1006	110.575521	110.718750	Eb3	39	80	0
1007	110.576823	110.799479	G4	42	80	0
1008	110.583333	110.589844	G3	33	80	0
1009	110.583333	111.658854	Eb4	40	80	0
1010	110.864583	111.195312	D6	73	80	0
1011	110.911458	111.209635	F4	39	80	0
1012	111.171875	111.519531	C#6	81	80	0
1013	111.173177	111.408854	Bb4	56	80	0
1014	111.177083	111.389323	Bb3	46	80	0
1015	111.180990	111.459635	G4	55	80	0
1016	111.481771	111.809896	Bb3	37	80	0
1017	111.485677	111.684896	C6	66	80	0
1018	111.501302	111.889323	C5	51	80	0
1019	111.674479	111.835938	Bb5	67	80	0
1020	111.822917	111.934896	G#5	61	80	0
1021	111.947917	112.067708	G5	66	80	0
1022	112.071615	112.195312	F#5	69	80	0
1023	112.203125	112.322917	F5	72	80	0
1024	112.329427	112.442708	E5	70	80	0
1025	112.438802	112.572917	Eb5	73	80	0
1026	112.565104	112.679688	D5	67	80	0
1027	112.694010	112.807292	C#5	67	80	0
1028	112.826823	112.966146	C5	62	80	0
1029	112.944010	113.115885	B4	66	80	0
1030	113.091146	113.260417	Bb4	62	80	0
1031	113.225260	113.359375	G#4	51	80	0
1032	113.361979	113.467448	G4	52	80	0
1033	113.401042	113.669271	Eb3	38	80	0
1034	113.402344	113.500000	A2	38	80	0
1035	113.404948	113.550781	F3	37	80	0
1036	113.510417	113.694010	F4	56	80	0
1037	113.727865	114.348958	Bb4	58	80	0
1038	113.772135	114.259115	D4	39	80	0
1039	113.774740	114.378906	Bb3	36	80	0
1040	113.774740	114.438802	F3	31	80	0
1041	113.783854	114.389323	Bb2	34	80	0
1042	114.636719	114.875000	Bb4	65	80	0
1043	114.665365	115.039062	G#3	46	80	0
1044	114.673177	114.864583	D4	46	80	0
1045	114.699219	115.109375	Bb2	36	80	0
1046	115.062500	115.761719	Bb4	72	80	0
1047	115.084635	117.059896	Eb4	49	80	0
1048	115.093750	116.429688	Eb3	52	80	0
1049	115.093750	115.757812	G3	50	80	0
1050	115.093750	115.269531	Bb3	53	80	0
1051	115.720052	116.024740	C5	61	80	0
1052	115.736979	116.020833	G#3	49	80	0
1053	116.020833	116.438802	Bb4	67	80	0
1054	116.042969	116.389323	G3	43	80	0
1055	116.265625	116.500000	G#4	57	80	0
1056	116.296875	116.596354	F3	43	80	0
1057	116.537760	116.826823	G4	64	80	0
1058	116.549479	116.830729	Eb3	47	80	0
1059	116.808594	117.066406	F4	60	80	0
1060	116.815104	117.055990	D3	44	80	0
1061	117.063802	117.358073	Eb3	46	80	0
1062	117.065104	117.345052	G4	55	80	0
1063	117.065104	117.739583	Eb4	45	80	0
1064	117.352865	118.419271	G#4	52	80	0
1065	117.380208	118.269531	F3	36	80	0
1066	117.385417	118.549479	Bb2	37	80	0
1067	117.679688	118.279948	C4	41	80	0
1068	117.960938	118.289062	Eb4	40	80	0
1069	118.236979	118.526042	D4	45	80	0
1070	118.519531	119.209635	Eb4	35	80	0
1071	118.522135	119.128906	G4	44	80	0
1072	118.522135	119.479167	Eb2	35	80	0
1073	118.523438	119.539062	Eb3	38	80	0
1074	118.822917	118.959635	Bb3	52	80	0
1075	118.858073	119.269531	G2	37	80	0
1076	118.973958	119.139323	Bb3	36	80	0
1077	119.096354	119.729167	C4	57	80	0
1078	119.334635	119.640625	Bb3	65	80	0
1079	119.373698	119.640625	G2	45	80	0
1080	119.609375	119.884115	G#3	63	80	0
1081	119.623698	119.882812	F2	47	80	0
1082	119.876302	120.144531	G3	53	80	0
1083	119.894531	120.139323	Eb2	38	80	0
1084	120.145833	120.425781	F3	47	80	0
1085	120.165365	120.459635	D2	40	80	0
1086	120.166667	120.179688	D3	38	80	0
1087	120.421875	120.759115	G3	47	80	0
1088	120.424479	120.429688	Bb3	45	80	0
1089	120.424479	120.809896	Eb2	41	80	0
1090	120.731771	121.059896	Eb4	48	80	0
1091	120.733073	121.729167	G#3	42	80	0
1092	120.761719	122.019531	Bb2	30	80	0
1093	120.761719	121.639323	Bb1	34	80	0
1094	121.065104	121.718750	C4	45	80	0
1095	121.352865	122.000000	Eb4	46	80	0
1096	121.638021	122.003906	D4	49	80	0
1097	121.975260	122.628906	F4	48	80	0
1098	121.984375	122.869792	Eb2	40	80	0
1099	121.985677	122.919271	G3	40	80	0
1100	122.343750	122.799479	D4	48	80	0
1101	122.634115	123.139323	F4	41	80	0
1102	122.894531	123.179688	Eb4	57	80	0
1103	123.164062	123.459635	G#4	47	80	0
1104	123.174479	123.369792	Bb3	45	80	0
1105	123.178385	126.179688	Eb3	46	80	0
1106	123.183594	123.359375	Eb2	46	80	0
1107	123.184896	126.259115	Bb2	47	80	0
1108	123.188802	123.769531	Eb4	37	80	0
1109	123.190104	126.009115	G2	37	80	0
1110	123.476562	123.779948	F4	48	80	0
1111	123.725260	124.059896	G#4	58	80	0
1112	123.994792	124.260417	G4	53	80	0
1113	124.250000	124.584635	C5	54	80	0
1114	124.523438	124.824219	A4	47	80	0
1115	124.790365	125.055990	C5	52	80	0
1116	125.063802	125.311198	Bb4	50	80	0
1117	125.342448	125.639323	F5	52	80	0
1118	125.604167	125.929688	D5	43	80	0
1119	125.881510	126.147135	F5	56	80	0
1120	126.158854	126.549479	Eb5	58	80	0
1121	126.451823	127.029948	G#5	59	80	0
1122	126.463542	127.289062	Eb4	43	80	0
1123	126.477865	127.348958	Eb3	36	80	0
1124	126.481771	127.250000	Bb3	35	80	0
1125	126.485677	127.309896	G3	32	80	0
1126	126.774740	127.026042	F5	56	80	0
1127	127.037760	127.290365	G#5	63	80	0
1128	127.302083	127.729167	G5	61	80	0
1129	127.596354	128.119792	C6	58	80	0
1130	127.597656	128.739583	Eb4	35	80	0
1131	127.609375	128.739583	Bb3	34	80	0
1132	127.611979	128.729167	G3	32	80	0
1133	127.614583	128.688802	Eb3	35	80	0
1134	127.929688	128.319010	A5	49	80	0
1135	128.235677	128.621094	C6	52	80	0
1136	128.588542	132.500000	Bb5	59	80	0
1137	129.162760	132.500000	Eb6	51	80	0
1138	129.165365	129.579427	Eb4	30	80	0
1139	129.175781	129.799479	Bb3	29	80	0
1140	129.177083	129.739583	G3	27	80	0
1141	129.177083	130.079427	Eb3	27	80	0
1142	130.367188	131.519531	Eb2	24	80	0
1143	131.544271	132.908854	Eb5	44	80	0
1144	131.578125	132.509115	Eb3	28	80	0
1145	131.580729	132.199219	Bb3	24	80	0
1146	132.884115	136.679688	C#6	61	80	0
1147	132.914062	134.069010	C#2	23	80	0
1148	134.125000	136.289062	C#3	31	80	0
1149	134.128906	134.139323	G#3	23	80	0
1150	135.222656	136.479167	C#5	52	80	0
1151	136.697917	140.029948	C6	57	80	0
1152	136.704427	139.569010	C5	47	80	0
1153	136.720052	137.889323	C3	28	80	0
1154	136.733073	136.979167	C2	22	80	0
1155	137.255208	137.389323	G#3	30	80	0
1156	137.257812	137.509115	F3	31	80	0
1157	137.574219	137.653646	G#3	33	80	0
1158	137.583333	137.653646	F3	28	80	0
1159	137.843750	137.914062	G#3	34	80	0
1160	137.848958	138.149740	F3	29	80	0
1161	138.114583	138.899740	C3	34	80	0
1162	138.381510	138.453125	G#3	35	80	0
1163	138.382812	138.463542	F3	33	80	0
1164	138.384115	138.509115	C4	29	80	0
1165	138.636719	139.158854	G#5	58	80	0
1166	138.654948	138.878906	C4	31	80	0
1167	138.657552	138.731771	G#3	32	80	0
1168	138.662760	138.733073	F3	31	80	0
1169	138.917969	139.098958	G#3	31	80	0
1170	138.924479	139.250000	F3	30	80	0
1171	139.164062	139.759115	G#5	62	80	0
1172	139.171875	140.019531	C3	41	80	0
1173	139.420573	139.496094	G#3	29	80	0
1174	139.421875	139.498698	F3	28	80	0
1175	139.684896	139.809896	G#3	40	80	0
1176	139.688802	139.755208	F3	38	80	0
1177	139.893229	140.169271	G#5	64	80	0
1178	139.936198	139.997396	G#3	30	80	0
1179	139.936198	140.059896	F3	35	80	0
1180	140.183594	141.348958	C#6	66	80	0
1181	140.186198	140.968750	E5	60	80	0
1182	140.194010	141.158854	C3	50	80	0
1183	140.195312	140.878906	Bb5	62	80	0
1184	140.203125	140.799479	G5	59	80	0
1185	140.475260	140.572917	G3	43	80	0
1186	140.477865	140.489583	C4	40	80	0
1187	140.484375	140.563802	Bb3	46	80	0
1188	140.742188	140.796875	Bb3	40	80	0
1189	140.742188	140.800781	G3	39	80	0
1190	140.963542	141.299479	G3	50	80	0
1191	140.968750	141.279948	Bb3	46	80	0
1192	141.203125	143.019531	Bb5	70	80	0
1193	141.222656	142.489583	G5	52	80	0
1194	141.227865	142.109375	C3	42	80	0
1195	141.230469	142.529948	E5	53	80	0
1196	141.445312	141.533854	G3	40	80	0
1197	141.466146	141.532552	Bb3	39	80	0
1198	141.714844	141.773438	Bb3	37	80	0
1199	141.714844	141.781250	G3	38	80	0
1200	141.946615	142.239583	G3	47	80	0
1201	141.946615	142.149740	Bb3	51	80	0
1202	142.194010	143.119792	C3	50	80	0
1203	142.429688	142.511719	G3	43	80	0
1204	142.436198	142.506510	Bb3	42	80	0
1205	142.690104	142.753906	Bb3	51	80	0
1206	142.703125	142.709635	C4	43	80	0
1207	142.704427	142.759115	G3	44	80	0
1208	142.914062	143.259115	G3	50	80	0
1209	142.917969	143.509115	Bb3	52	80	0
1210	143.175781	145.109375	Bb5	84	80	0
1211	143.194010	143.989583	C3	54	80	0
1212	143.195312	144.429688	G5	60	80	0
1213	143.197917	144.750000	E5	55	80	0
1214	143.436198	143.494792	G3	44	80	0
1215	143.438802	143.494792	E3	42	80	0
1216	143.652344	143.714844	G3	48	80	0
1217	143.656250	143.716146	E3	44	80	0
1218	143.891927	143.963542	G3	48	80	0
1219	143.895833	144.188802	E3	40	80	0
1220	144.140625	145.098958	C3	58	80	0
1221	144.145833	144.216146	G3	45	80	0
1222	144.391927	144.718750	G3	52	80	0
1223	144.394531	144.463542	E3	46	80	0
1224	144.626302	145.009115	G5	87	80	0
1225	144.656250	144.848958	E3	45	80	0
1226	144.855469	145.188802	G3	44	80	0
1227	144.856771	145.199219	E3	48	80	0
1228	145.104167	145.688802	G5	90	80	0
1229	145.113281	145.979167	C3	54	80	0
1230	145.348958	145.420573	G3	56	80	0
1231	145.352865	145.419271	E3	51	80	0
1232	145.602865	145.718750	G3	54	80	0
1233	145.604167	145.658854	E3	55	80	0
1234	145.792969	146.158854	G5	94	80	0
1235	145.824219	146.098958	E3	51	80	0
1236	145.832031	146.039062	G3	49	80	0
1237	146.066406	147.500000	C6	93	80	0
1238	146.080729	147.149740	C3	59	80	0
1239	146.085938	146.859375	F5	73	80	0
1240	146.088542	147.049479	G#5	71	80	0
1241	146.089844	147.069010	C5	71	80	0
1242	146.326823	146.414062	G#3	61	80	0
1243	146.334635	146.410156	F3	56	80	0
1244	146.563802	146.631510	G#3	65	80	0
1245	146.566406	146.632812	F3	63	80	0
1246	146.792969	147.169271	F3	69	80	0
1247	146.804688	147.149740	G#3	69	80	0
1248	147.062500	148.779948	G#5	90	80	0
1249	147.074219	148.509115	C5	65	80	0
1250	147.076823	148.598958	F5	73	80	0
1251	147.076823	147.399740	C4	61	80	0
1252	147.315104	147.384115	G#3	69	80	0
1253	147.322917	147.377604	F3	60	80	0
1254	147.473958	147.819010	C3	41	80	0
1255	147.557292	147.626302	F3	61	80	0
1256	147.558594	147.625000	G#3	57	80	0
1257	147.783854	148.009115	G#3	67	80	0
1258	147.783854	148.009115	F3	62	80	0
1259	148.005208	148.669271	C3	76	80	0
1260	148.242188	148.324219	F3	64	80	0
1261	148.243490	148.330729	G#3	58	80	0
1262	148.509115	148.574219	G#3	54	80	0
1263	148.518229	148.572917	F3	48	80	0
1264	148.748698	148.816406	G#3	59	80	0
1265	148.759115	148.822917	F3	55	80	0
1266	149.048177	149.059896	C3	40	80	0
1267	149.093750	150.919271	G#5	68	80	0
1268	149.128906	150.369792	F5	48	80	0
1269	149.135417	151.809896	C5	53	80	0
1270	149.136719	149.419271	F2	49	80	0
1271	149.407552	149.649740	C3	46	80	0
1272	149.625000	149.852865	D3	58	80	0
1273	149.845052	150.087240	E3	53	80	0
1274	150.085938	150.307292	F3	51	80	0
1275	150.322917	150.569010	G3	54	80	0
1276	150.544271	150.832031	G#3	52	80	0
1277	150.545573	150.881510	F5	73	80	0
1278	150.804688	151.089844	Bb3	51	80	0
1279	151.037760	151.649740	F5	72	80	0
1280	151.075521	151.479167	C4	48	80	0
1281	151.298177	151.569010	G#3	49	80	0
1282	151.524740	151.769531	G3	58	80	0
1283	151.731771	152.039062	F5	84	80	0
1284	151.757812	151.919271	F3	53	80	0
1285	152.024740	153.158854	Bb5	83	80	0
1286	152.050781	152.869792	G5	61	80	0
1287	152.053385	152.750000	C5	58	80	0
1288	152.054688	152.359375	C3	61	80	0
1289	152.054688	152.839844	E5	59	80	0
1290	152.351562	152.649740	B1	60	80	0
1291	152.352865	152.359375	B2	52	80	0
1292	152.595052	153.009115	C2	65	80	0
1293	152.841146	153.188802	B1	65	80	0
1294	153.069010	154.829427	G5	65	80	0
1295	153.084635	154.809896	E5	66	80	0
1296	153.087240	153.598958	C2	63	80	0
1297	153.087240	154.729167	C5	59	80	0
1298	153.324219	153.658854	E2	67	80	0
1299	153.562500	153.805990	G2	70	80	0
1300	153.790365	154.079427	B2	63	80	0
1301	154.053385	154.378906	C3	57	80	0
1302	154.281250	154.709635	Bb2	55	80	0
1303	154.522135	154.746094	G#2	51	80	0
1304	154.761719	155.128906	G2	57	80	0
1305	155.072917	156.729167	G#5	70	80	0
1306	155.072917	155.389323	F2	48	80	0
1307	155.104167	156.878906	C5	50	80	0
1308	155.104167	156.269531	F5	55	80	0
1309	155.412760	155.614583	C3	46	80	0
1310	155.643229	155.964844	D3	51	80	0
1311	155.863281	156.369792	E3	49	80	0
1312	156.111979	156.399740	F3	49	80	0
1313	156.328125	156.609375	G3	46	80	0
1314	156.566406	156.908854	G#3	51	80	0
1315	156.567708	156.889323	F5	72	80	0
1316	156.567708	156.579427	G#2	47	80	0
1317	156.822917	157.089844	Bb3	51	80	0
1318	157.054688	157.619792	F5	74	80	0
1319	157.084635	157.859375	C5	56	80	0
1320	157.091146	157.569010	C4	51	80	0
1321	157.091146	157.878906	G#4	51	80	0
1322	157.324219	157.579427	G#3	50	80	0
1323	157.553385	157.729167	G3	49	80	0
1324	157.746094	158.218750	F5	83	80	0
1325	157.774740	158.149740	F3	48	80	0
1326	158.049479	159.139323	F#5	76	80	0
1327	158.097656	158.878906	C#5	61	80	0
1328	158.104167	158.529948	Eb3	46	80	0
1329	158.110677	158.908854	F#4	54	80	0
1330	158.378906	158.649740	Eb2	50	80	0
1331	158.623698	158.938802	F2	62	80	0
1332	158.856771	159.408854	F#2	66	80	0
1333	159.119792	161.299479	Eb5	78	80	0
1334	159.121094	159.394531	G#2	59	80	0
1335	159.136719	160.859375	C5	61	80	0
1336	159.152344	160.619792	F#4	56	80	0
1337	159.403646	159.669271	A2	56	80	0
1338	159.643229	159.899740	Bb2	50	80	0
1339	159.878906	160.167969	G#2	45	80	0
1340	160.118490	160.429688	F#2	53	80	0
1341	160.125000	160.688802	C#4	45	80	0
1342	160.125000	160.919271	G#4	49	80	0
1343	160.397135	160.595052	F2	49	80	0
1344	160.619792	160.889323	Eb2	41	80	0
1345	160.630208	160.938802	F#4	44	80	0
1346	160.632812	160.639323	F#3	42	80	0
1347	160.884115	161.250000	G#2	44	80	0
1348	161.191406	162.929688	F5	64	80	0
1349	161.209635	162.389323	C#5	48	80	0
1350	161.214844	161.408854	C#2	39	80	0
1351	161.217448	162.949219	F4	39	80	0
1352	161.542969	161.889323	C#3	41	80	0
1353	161.763021	162.069010	Eb3	44	80	0
1354	162.013021	162.223958	F3	41	80	0
1355	162.234375	162.539062	F#3	45	80	0
1356	162.463542	162.697917	G#3	55	80	0
1357	162.683594	163.009115	C#5	74	80	0
1358	162.705729	162.947917	Bb3	54	80	0
1359	162.945312	163.269531	G#3	54	80	0
1360	163.149740	163.699219	C#5	74	80	0
1361	163.169271	163.739583	F4	52	80	0
1362	163.177083	163.878906	G#4	56	80	0
1363	163.425781	163.699219	F3	48	80	0
1364	163.660156	163.864583	Eb3	52	80	0
1365	163.837240	164.229167	C#5	79	80	0
1366	163.838542	164.199219	C#3	60	80	0
1367	163.861979	163.869792	C#4	59	80	0
1368	164.113281	165.979167	F#5	76	80	0
1369	164.138021	165.009115	Eb5	64	80	0
1370	164.141927	164.889323	C5	55	80	0
1371	164.148438	164.878906	F#4	53	80	0
1372	164.157552	164.529948	G#2	50	80	0
1373	164.157552	164.539062	G#1	50	80	0
1374	164.432292	164.438802	B3	51	80	0
1375	164.433594	164.669271	G1	55	80	0
1376	164.649740	165.029948	G#1	63	80	0
1377	164.886719	165.329427	G1	69	80	0
1378	165.095052	167.158854	Eb5	84	80	0
1379	165.125000	166.269531	C5	64	80	0
1380	165.125000	166.459635	F#4	65	80	0
1381	165.134115	165.289062	G#1	66	80	0
1382	165.134115	165.348958	G#2	70	80	0
1383	165.300781	165.589844	G#1	57	80	0
1384	165.347656	165.539062	Bb1	58	80	0
1385	165.561198	165.848958	C2	64	80	0
1386	166.018229	166.029948	Eb1	68	80	0
1387	166.020833	166.299479	Eb2	65	80	0
1388	166.242188	166.473958	F2	66	80	0
1389	166.467448	166.658854	F#2	63	80	0
1390	166.692708	167.059896	G#2	57	80	0
1391	167.019531	169.509115	F5	75	80	0
1392	167.036458	168.579427	C5	55	80	0
1393	167.040365	168.039062	F4	53	80	0
1394	167.041667	167.468750	F3	51	80	0
1395	167.044271	167.059896	C4	43	80	0
1396	167.373698	167.576823	A2	46	80	0
1397	167.595052	167.783854	Bb2	54	80	0
1398	167.796875	168.119792	A2	59	80	0
1399	168.045573	169.789062	Bb4	64	80	0
1400	168.050781	168.968750	F4	49	80	0
1401	168.054688	168.468750	Bb2	55	80	0
1402	168.055990	168.069010	Bb3	55	80	0
1403	168.292969	168.589844	C3	63	80	0
1404	168.493490	168.929688	C#5	74	80	0
1405	168.515625	168.747396	C#3	51	80	0
1406	168.738281	169.000000	Eb3	64	80	0
1407	168.944010	169.609375	C#5	76	80	0
1408	168.979167	169.519531	F2	53	80	0
1409	168.979167	169.779948	F4	58	80	0
1410	168.980469	169.329427	F3	59	80	0
1411	169.196615	169.372396	C#3	63	80	0
1412	169.411458	169.688802	C3	68	80	0
1413	169.615885	170.029948	C#5	86	80	0
1414	169.634115	169.949219	Bb2	68	80	0
1415	169.882812	171.359375	Eb5	84	80	0
1416	169.894531	170.408854	C3	61	80	0
1417	169.899740	172.500000	Bb4	67	80	0
1418	169.914062	171.319010	F4	66	80	0
1419	170.157552	170.799479	C2	62	80	0
1420	170.394531	170.688802	C#2	72	80	0
1421	170.617188	170.869792	Eb2	75	80	0
1422	170.838542	172.829427	C5	83	80	0
1423	170.852865	171.115885	F2	73	80	0
1424	171.095052	171.218750	F#2	75	80	0
1425	171.317708	171.554688	F2	72	80	0
1426	171.322917	172.000000	C#4	58	80	0
1427	171.328125	172.149740	F4	59	80	0
1428	171.526042	171.779948	E2	86	80	0
1429	171.768229	172.158854	F2	69	80	0
1430	171.770833	171.779948	F1	68	80	0
1431	171.778646	172.878906	A4	74	80	0
1432	172.022135	172.399740	F1	81	80	0
1433	172.276042	173.339844	F4	71	80	0
1434	172.281250	172.509115	G1	76	80	0
1435	172.496094	172.839844	A1	79	80	0
1436	172.794271	175.329427	C#5	83	80	0
1437	172.798177	173.438802	Bb1	72	80	0
1438	172.805990	174.789062	C#4	73	80	0
1439	173.102865	173.589844	F2	69	80	0
1440	173.342448	173.628906	G2	66	80	0
1441	173.345052	175.468750	F4	67	80	0
1442	173.562500	173.829427	A2	69	80	0
1443	173.777344	174.039062	Bb2	78	80	0
1444	174.003906	174.289062	C3	82	80	0
1445	174.234375	174.496094	C#3	77	80	0
1446	174.236979	174.679688	Bb4	82	80	0
1447	174.454427	174.682292	Eb3	82	80	0
1448	174.684896	175.128906	F3	74	80	0
1449	174.687500	175.319010	Bb4	73	80	0
1450	174.915365	175.179688	C#3	78	80	0
1451	174.919271	175.128906	C#4	67	80	0
1452	175.134115	175.346354	C3	77	80	0
1453	175.334635	175.549479	Bb4	87	80	0
1454	175.335938	175.658854	Bb2	76	80	0
1455	175.635417	176.819010	Eb5	91	80	0
1456	175.645833	176.250000	F2	71	80	0
1457	175.648438	177.598958	Bb4	77	80	0
1458	175.654948	177.539062	F4	72	80	0
1459	175.936198	176.259115	F1	84	80	0
1460	176.186198	176.438802	G1	85	80	0
1461	176.406250	176.709635	A1	81	80	0
1462	176.623698	178.679688	C5	89	80	0
1463	176.625000	176.919271	Bb1	79	80	0
1464	176.628906	178.169271	C4	78	80	0
1465	176.872396	177.179688	C2	78	80	0
1466	176.875000	177.069010	C3	80	80	0
1467	177.084635	177.299479	C#2	80	80	0
1468	177.295573	177.559896	Eb2	84	80	0
1469	177.545573	178.619792	A4	71	80	0
1470	177.548177	177.824219	F2	73	80	0
1471	177.549479	178.539062	F4	71	80	0
1472	177.811198	178.059896	Eb2	74	80	0
1473	178.042969	178.429688	C#2	69	80	0
1474	178.255208	178.559896	C2	66	80	0
1475	178.563802	180.769531	C#5	82	80	0
1476	178.596354	180.009115	Bb4	64	80	0
1477	178.601562	181.609375	F4	60	80	0
1478	178.611979	178.769531	Bb1	54	80	0
1479	178.613281	178.619792	Bb3	57	80	0
1480	178.946615	179.229167	A2	57	80	0
1481	179.175781	179.500000	Bb2	66	80	0
1482	179.404948	179.739583	C3	83	80	0
1483	179.615885	180.179688	C#3	83	80	0
1484	179.845052	180.149740	Eb3	80	80	0
1485	180.095052	180.589844	Bb4	82	80	0
1486	180.104167	180.669271	F3	57	80	0
1487	180.115885	181.529948	C#4	53	80	0
1488	180.360677	180.658854	Eb3	72	80	0
1489	180.597656	181.259115	Bb4	79	80	0
1490	180.613281	180.959635	C#3	75	80	0
1491	180.846354	181.134115	C3	62	80	0
1492	181.123698	181.729167	Bb2	76	80	0
1493	181.363281	181.769531	Bb4	81	80	0
1494	181.367188	181.759115	G#2	63	80	0
1495	181.742188	183.218750	C#5	78	80	0
1496	181.774740	182.729167	Bb4	68	80	0
1497	181.774740	182.104167	G2	59	80	0
1498	181.785156	183.429688	C#4	57	80	0
1499	182.074219	182.419271	D2	65	80	0
1500	182.354167	182.625000	Eb2	72	80	0
1501	182.592448	182.906250	F2	80	80	0
1502	182.863281	183.204427	G2	80	80	0
1503	182.865885	183.169271	Bb4	68	80	0
1504	183.096354	183.169271	C5	58	80	0
1505	183.179688	183.348958	C5	61	80	0
1506	183.179688	183.348958	Bb4	62	80	0
1507	183.180990	183.500000	G#2	76	80	0
1508	183.358073	183.500000	Bb4	61	80	0
1509	183.358073	183.419271	C5	59	80	0
1510	183.425781	183.769531	Bb2	83	80	0
1511	183.430990	183.489583	C5	65	80	0
1512	183.500000	183.529948	C5	67	80	0
1513	183.506510	183.574219	Bb4	67	80	0
1514	183.602865	183.739583	C5	61	80	0
1515	183.678385	183.809896	Bb4	66	80	0
1516	183.688802	183.979167	G#2	75	80	0
1517	183.744792	183.822917	C5	63	80	0
1518	183.822917	183.968750	Bb4	72	80	0
1519	183.904948	184.049479	C5	59	80	0
1520	183.970052	184.304688	G2	84	80	0
1521	183.981771	184.119792	Bb4	69	80	0
1522	184.063802	184.209635	C5	60	80	0
1523	184.132812	184.289062	Bb4	61	80	0
1524	184.216146	184.359375	C5	58	80	0
1525	184.300781	184.429688	Bb4	65	80	0
1526	184.302083	184.628906	F2	76	80	0
1527	184.368490	184.428385	C5	65	80	0
1528	184.442708	184.679688	Bb4	68	80	0
1529	184.541667	184.627604	C5	62	80	0
1530	184.627604	184.848958	B4	79	80	0
1531	184.656250	184.898438	Eb2	73	80	0
1532	184.795573	184.888021	C5	64	80	0
1533	184.864583	185.019531	B4	71	80	0
1534	184.894531	185.069010	C#2	62	80	0
1535	185.026042	185.139323	B4	53	80	0
1536	185.083333	185.389323	C2	65	80	0
1537	185.083333	185.239583	C3	68	80	0
1538	185.114583	185.190104	C5	59	80	0
1539	185.195312	185.277344	B4	70	80	0
1540	185.292969	185.378906	C5	60	80	0
1541	185.295573	185.649740	Bb1	68	80	0
1542	185.296875	185.369792	C4	55	80	0
1543	185.359375	185.679688	B4	62	80	0
1544	185.723958	187.500000	C5	79	80	0
1545	185.744792	187.299479	Eb4	62	80	0
1546	185.751302	187.269531	C4	63	80	0
1547	185.779948	185.789062	G#3	49	80	0
1548	185.980469	186.079427	Eb2	48	80	0
1549	186.108073	186.192708	C2	52	80	0
1550	186.222656	186.325521	Eb2	58	80	0
1551	186.343750	186.476562	G#2	54	80	0
1552	186.509115	186.580729	Eb3	59	80	0
1553	186.563802	186.639323	G#2	43	80	0
1554	186.626302	186.750000	C3	62	80	0
1555	186.725260	186.804688	Eb3	62	80	0
1556	186.825521	187.329427	G#2	64	80	0
1557	186.966146	187.053385	Eb3	61	80	0
1558	187.096354	187.348958	C3	64	80	0
1559	187.231771	187.378906	Eb3	54	80	0
1560	187.384115	187.729167	G#4	69	80	0
1561	187.402344	187.759115	Eb4	59	80	0
1562	187.404948	187.718750	C4	52	80	0
1563	187.415365	187.709635	G#3	53	80	0
1564	187.420573	187.688802	G#2	49	80	0
1565	187.516927	187.628906	Eb3	50	80	0
1566	187.644531	187.848958	C3	58	80	0
1567	187.734375	187.869792	Eb3	50	80	0
1568	187.855469	188.128906	C3	62	80	0
1569	187.861979	188.389323	G#4	71	80	0
1570	187.888021	188.199219	C4	62	80	0
1571	187.889323	188.639323	Eb4	62	80	0
1572	188.024740	188.093750	G#3	58	80	0
1573	188.123698	188.329427	Eb3	61	80	0
1574	188.221354	188.299479	G#3	66	80	0
1575	188.338542	188.569010	C4	67	80	0
1576	188.453125	188.520833	G#3	69	80	0
1577	188.540365	188.819010	G#4	81	80	0
1578	188.554688	188.819010	Eb3	65	80	0
1579	188.644531	188.779948	G#3	64	80	0
1580	188.819010	189.369792	Bb2	70	80	0
1581	188.834635	189.878906	C#5	79	80	0
1582	188.850260	189.688802	Eb4	70	80	0
1583	188.851562	189.619792	G4	65	80	0
1584	189.097656	189.319010	Eb3	67	80	0
1585	189.334635	189.649740	Bb3	64	80	0
1586	189.442708	189.526042	G3	62	80	0
1587	189.552083	189.657552	Eb3	66	80	0
1588	189.691406	189.805990	G3	64	80	0
1589	189.819010	191.799479	Bb4	80	80	0
1590	189.821615	190.277344	C#3	83	80	0
1591	189.833333	191.419271	Eb4	68	80	0
1592	189.848958	191.479167	G4	68	80	0
1593	189.988281	190.054688	G3	57	80	0
1594	190.074219	190.162760	Eb3	68	80	0
1595	190.207031	190.282552	G3	55	80	0
1596	190.311198	191.019531	Bb3	60	80	0
1597	190.415365	190.503906	G3	53	80	0
1598	190.526042	190.621094	Eb3	68	80	0
1599	190.647135	190.742188	G3	60	80	0
1600	190.763021	191.098958	C#3	83	80	0
1601	190.908854	190.993490	G3	64	80	0
1602	191.014323	191.319010	Eb3	71	80	0
1603	191.140625	191.225260	G3	59	80	0
1604	191.244792	191.479167	Bb3	72	80	0
1605	191.346354	191.445312	G3	67	80	0
1606	191.468750	191.709635	Eb3	72	80	0
1607	191.587240	191.716146	G3	68	80	0
1608	191.734375	192.549479	C3	70	80	0
1609	191.736979	193.229167	Eb5	89	80	0
1610	191.751302	193.109375	Eb4	78	80	0
1611	191.753906	193.119792	G#4	73	80	0
1612	191.888021	191.984375	G#3	62	80	0
1613	192.006510	192.239583	Eb3	68	80	0
1614	192.126302	192.220052	G#3	70	80	0
1615	192.252604	192.628906	C4	66	80	0
1616	192.363281	192.451823	G#3	66	80	0
1617	192.470052	193.098958	Eb3	75	80	0
1618	192.604167	192.703125	G#3	70	80	0
1619	192.710938	192.869792	C3	79	80	0
1620	192.865885	192.968750	C4	65	80	0
1621	192.882812	193.209635	C3	61	80	0
1622	192.981771	193.188802	G#3	62	80	0
1623	193.075521	193.170573	C4	60	80	0
1624	193.184896	193.397135	B2	72	80	0
1625	193.192708	193.628906	D5	77	80	0
1626	193.195312	193.459635	D4	69	80	0
1627	193.195312	193.569010	G#4	72	80	0
1628	193.313802	193.395833	B3	66	80	0
1629	193.420573	193.522135	G#3	67	80	0
1630	193.528646	193.613281	B3	73	80	0
1631	193.644531	194.098958	Eb5	87	80	0
1632	193.654948	193.959635	Eb4	75	80	0
1633	193.656250	193.908854	C3	81	80	0
1634	193.657552	194.039062	G#4	74	80	0
1635	193.803385	193.898438	C4	68	80	0
1636	193.916667	194.128906	G#3	68	80	0
1637	194.007812	194.149740	C4	61	80	0
1638	194.122396	194.679688	F5	87	80	0
1639	194.126302	194.468750	G#4	83	80	0
1640	194.127604	194.382812	C#3	71	80	0
1641	194.138021	194.549479	F4	77	80	0
1642	194.272135	194.365885	C#4	67	80	0
1643	194.393229	194.481771	G#3	63	80	0
1644	194.515625	194.592448	C#4	68	80	0
1645	194.617188	194.858073	Eb3	74	80	0
1646	194.619792	195.149740	Eb5	89	80	0
1647	194.774740	194.843750	Eb4	68	80	0
1648	194.867188	194.962240	G3	62	80	0
1649	194.985677	195.279948	Eb4	71	80	0
1650	194.992188	195.066406	C#4	59	80	0
1651	195.104167	195.339844	F3	67	80	0
1652	195.109375	195.260417	D5	75	80	0
1653	195.246094	195.319010	F4	59	80	0
1654	195.341146	195.414062	G#3	71	80	0
1655	195.463542	195.545573	F4	64	80	0
1656	195.565104	195.899740	G3	61	80	0
1657	195.574219	195.746094	C#5	80	80	0
1658	195.714844	195.819010	G4	66	80	0
1659	195.765625	195.859375	Eb5	69	80	0
1660	195.826823	196.059896	Bb3	69	80	0
1661	195.851562	195.906250	C#5	68	80	0
1662	195.907552	196.039062	G4	69	80	0
1663	195.915365	196.019531	Eb5	76	80	0
1664	195.993490	196.039062	C#5	62	80	0
1665	196.055990	196.339844	Eb3	75	80	0
1666	196.059896	196.226562	Eb5	69	80	0
1667	196.127604	196.209635	C#5	74	80	0
1668	196.177083	196.225260	Eb4	68	80	0
1669	196.252604	196.320312	G3	59	80	0
1670	196.255208	196.369792	C#5	69	80	0
1671	196.317708	196.419271	Eb5	74	80	0
1672	196.363281	196.462240	Eb4	71	80	0
1673	196.381510	196.438802	C#5	71	80	0
1674	196.433594	196.484375	Eb5	69	80	0
1675	196.484375	196.729167	F3	69	80	0
1676	196.532552	196.619792	C#5	64	80	0
1677	196.566406	196.709635	Eb5	74	80	0
1678	196.614583	196.675781	F4	63	80	0
1679	196.631510	196.699219	C#5	69	80	0
1680	196.709635	196.785156	G#3	80	80	0
1681	196.710938	196.839844	C#5	60	80	0
1682	196.805990	196.989583	Eb5	74	80	0
1683	196.820312	196.914062	F4	66	80	0
1684	196.886719	197.000000	C#5	77	80	0
1685	196.927083	197.199219	G3	70	80	0
1686	196.949219	197.071615	C5	79	80	0
1687	197.091146	197.171875	G4	76	80	0
1688	197.184896	197.285156	Bb4	80	80	0
1689	197.192708	197.265625	Bb3	81	80	0
1690	197.311198	197.415365	G4	80	80	0
1691	197.463542	198.628906	Eb4	82	80	0
1692	197.472656	198.489583	C4	71	80	0
1693	197.477865	197.809896	G#4	69	80	0
1694	197.664062	197.731771	Eb5	58	80	0
1695	197.766927	198.069010	C5	67	80	0
1696	197.861979	197.953125	Eb5	67	80	0
1697	197.984375	198.074219	G#5	71	80	0
1698	198.093750	198.179688	Eb6	66	80	0
1699	198.194010	198.295573	C6	73	80	0
1700	198.300781	198.417969	Eb6	74	80	0
1701	198.424479	198.529948	G#6	86	80	0
1702	198.555990	198.634115	G#5	69	80	0
1703	198.654948	198.743490	G#6	82	80	0
1704	198.766927	198.861979	G#5	66	80	0
1705	198.873698	198.986979	G#6	82	80	0
1706	198.877604	199.203125	C4	73	80	0
1707	198.891927	199.239583	G#3	75	80	0
1708	198.998698	199.085938	G#5	68	80	0
1709	199.104167	199.207031	G#6	74	80	0
1710	199.230469	199.338542	G#5	67	80	0
1711	199.345052	199.539062	G#6	86	80	0
1712	199.360677	199.829427	G#3	76	80	0
1713	199.360677	199.716146	C4	74	80	0
1714	199.477865	199.576823	G#5	70	80	0
1715	199.592448	199.705729	G#6	79	80	0
1716	199.632812	199.639323	E6	43	80	0
1717	199.716146	199.813802	G#5	79	80	0
1718	199.839844	199.927083	G#6	90	80	0
1719	199.946615	200.027344	G#5	73	80	0
1720	200.023438	200.378906	C4	78	80	0
1721	200.036458	200.519531	G#3	76	80	0
1722	200.054688	200.166667	G#6	83	80	0
1723	200.173177	200.369792	G#5	73	80	0
1724	200.316406	200.464844	G#6	92	80	0
1725	200.342448	201.158854	C#4	82	80	0
1726	200.342448	202.979167	F4	79	80	0
1727	200.475260	200.601562	G#5	69	80	0
1728	200.615885	200.721354	G#6	80	80	0
1729	200.733073	200.825521	G#5	71	80	0
1730	200.851562	200.945312	G#6	79	80	0
1731	200.958333	201.052083	G#5	75	80	0
1732	201.069010	201.161458	G#6	83	80	0
1733	201.165365	201.274740	G#5	76	80	0
1734	201.287760	201.398438	G#6	83	80	0
1735	201.313802	203.049479	C#4	86	80	0
1736	201.316406	202.750000	Bb3	83	80	0
1737	201.419271	201.523438	G#5	69	80	0
1738	201.544271	201.641927	G#6	74	80	0
1739	201.648438	201.734375	G#5	71	80	0
1740	201.764323	201.852865	G#6	82	80	0
1741	201.873698	201.954427	G#5	74	80	0
1742	201.979167	202.075521	G#6	78	80	0
1743	202.091146	202.174479	G#5	78	80	0
1744	202.197917	202.303385	G#6	81	80	0
1745	202.315104	202.423177	G#5	74	80	0
1746	202.433594	202.542969	G#6	95	80	0
1747	202.554688	202.653646	G#5	73	80	0
1748	202.675781	202.789062	G#6	92	80	0
1749	202.798177	202.920573	G#5	80	80	0
1750	202.924479	203.299479	G#6	88	80	0
1751	203.063802	203.549479	G#5	85	80	0
1752	203.358073	204.369792	Eb4	81	80	0
1753	203.363281	205.309896	F#4	81	80	0
1754	203.365885	204.429688	G#6	88	80	0
1755	203.955729	204.609375	F#6	93	80	0
1756	204.307292	205.098958	F6	89	80	0
1757	204.562500	206.718750	Eb4	73	80	0
1758	204.563802	206.438802	C4	65	80	0
1759	204.621094	205.109375	F#6	54	80	0
1760	204.906250	205.128906	Eb6	76	80	0
1761	205.095052	205.339844	D6	80	80	0
1762	205.257812	205.384115	Eb6	72	80	0
1763	205.384115	205.569010	F6	75	80	0
1764	205.523438	205.819010	F#6	76	80	0
1765	205.647135	205.848958	F6	75	80	0
1766	205.785156	205.924479	Eb6	66	80	0
1767	205.794271	207.250000	G#4	63	80	0
1768	205.933594	206.085938	F6	73	80	0
1769	206.084635	206.369792	Eb6	70	80	0
1770	206.221354	206.324219	C#6	67	80	0
1771	206.346354	206.473958	C6	66	80	0
1772	206.472656	206.848958	Bb5	73	80	0
1773	206.634115	207.049479	G#5	69	80	0
1774	206.794271	207.378906	F#5	65	80	0
1775	207.106771	207.848958	C#4	44	80	0
1776	207.106771	210.559896	F5	70	80	0
1777	207.557292	207.779948	F4	43	80	0
1778	207.854167	207.925781	G#4	43	80	0
1779	207.855469	207.925781	F4	40	80	0
1780	207.858073	208.089844	C#4	40	80	0
1781	208.098958	208.408854	G#4	46	80	0
1782	208.104167	208.415365	F4	48	80	0
1783	208.104167	208.239583	C#4	43	80	0
1784	208.339844	208.759115	C#4	47	80	0
1785	208.626302	208.691406	G#4	43	80	0
1786	208.626302	208.759115	F4	45	80	0
1787	208.842448	211.679688	G#5	77	80	0
1788	208.877604	209.128906	C#4	41	80	0
1789	208.882812	208.954427	G#4	44	80	0
1790	208.886719	208.962240	F4	42	80	0
1791	209.127604	209.459635	G#4	45	80	0
1792	209.135417	209.378906	F4	44	80	0
1793	209.141927	209.309896	C#4	42	80	0
1794	209.391927	210.029948	C#4	48	80	0
1795	209.643229	209.799479	F4	50	80	0
1796	209.643229	209.713542	G#4	47	80	0
1797	209.884115	210.449219	C#6	86	80	0
1798	209.906250	210.049479	G#4	46	80	0
1799	209.923177	209.984375	F4	36	80	0
1800	210.158854	210.500000	C#4	38	80	0
1801	210.161458	210.509115	F4	45	80	0
1802	210.162760	210.639323	G#4	45	80	0
1803	210.463542	212.158854	C#6	84	80	0
1804	210.496094	211.309896	Eb4	50	80	0
1805	210.824219	210.927083	F#4	45	80	0
1806	210.825521	210.915365	G#4	42	80	0
1807	210.834635	210.839844	C4	37	80	0
1808	211.096354	211.175781	G#4	40	80	0
1809	211.101562	211.178385	F#4	41	80	0
1810	211.354167	211.679688	G#4	49	80	0
1811	211.355469	211.598958	F#4	48	80	0
1812	211.582031	213.699219	C6	80	80	0
1813	211.643229	212.279948	Eb4	46	80	0
1814	211.644531	211.779948	F#4	37	80	0
1815	211.890625	211.968750	F#4	48	80	0
1816	211.891927	211.964844	G#4	45	80	0
1817	212.126302	212.192708	G#4	47	80	0
1818	212.132812	212.195312	F#4	43	80	0
1819	212.359375	212.437500	F#4	47	80	0
1820	212.363281	212.559896	G#4	50	80	0
1821	212.621094	213.819010	Eb4	58	80	0
1822	212.885417	212.953125	G#4	49	80	0
1823	212.890625	212.963542	F#4	46	80	0
1824	213.135417	213.203125	G#4	44	80	0
1825	213.136719	213.204427	F#4	42	80	0
1826	213.391927	213.457031	G#4	48	80	0
1827	213.393229	213.462240	F#4	46	80	0
1828	213.664062	215.729167	Eb6	77	80	0
1829	213.686198	214.229167	F#4	52	80	0
1830	213.997396	214.098958	Eb5	51	80	0
1831	213.997396	214.079427	C5	43	80	0
1832	214.001302	214.069010	G#4	40	80	0
1833	214.231771	214.339844	Eb5	57	80	0
1834	214.234375	214.294271	C5	46	80	0
1835	214.242188	214.296875	G#4	43	80	0
1836	214.243490	214.540365	F#4	39	80	0
1837	214.473958	214.537760	G#4	46	80	0
1838	214.475260	214.799479	Eb5	62	80	0
1839	214.477865	214.598958	C5	45	80	0
1840	214.712240	215.069010	F#4	66	80	0
1841	214.973958	215.040365	Eb5	60	80	0
1842	214.979167	215.037760	C5	52	80	0
1843	214.980469	215.079427	G#4	46	80	0
1844	215.200521	216.509115	C6	85	80	0
1845	215.229167	215.287760	Eb5	53	80	0
1846	215.242188	215.419271	G#4	49	80	0
1847	215.242188	215.535156	F#4	49	80	0
1848	215.242188	215.286458	C5	54	80	0
1849	215.464844	215.789062	Eb5	56	80	0
1850	215.471354	215.819010	C5	53	80	0
1851	215.473958	215.639323	G#4	46	80	0
1852	215.723958	216.539062	F#4	69	80	0
1853	215.971354	216.027344	Eb5	58	80	0
1854	215.973958	216.026042	C5	49	80	0
1855	215.973958	216.079427	G#4	42	80	0
1856	216.171875	216.709635	G#5	84	80	0
1857	216.196615	216.359375	C5	58	80	0
1858	216.196615	216.339844	Eb5	63	80	0
1859	216.204427	216.319010	G#4	57	80	0
1860	216.444010	216.709635	C5	50	80	0
1861	216.444010	216.809896	Eb5	63	80	0
1862	216.449219	216.589844	G#4	56	80	0
1863	216.714844	218.329427	G#5	77	80	0
1864	216.722656	217.589844	F4	59	80	0
1865	217.005208	217.084635	C#5	57	80	0
1866	217.005208	217.082031	G#4	54	80	0
1867	217.251302	217.325521	C#5	59	80	0
1868	217.253906	217.322917	G#4	60	80	0
1869	217.488281	217.699219	C#5	61	80	0
1870	217.490885	217.848958	G#4	61	80	0
1871	217.735677	219.188802	C#6	86	80	0
1872	217.756510	217.848958	C#5	51	80	0
1873	217.759115	218.589844	F4	54	80	0
1874	218.023438	218.104167	C#5	54	80	0
1875	218.024740	218.104167	G#4	49	80	0
1876	218.265625	218.332031	G#4	51	80	0
1877	218.265625	218.334635	C#5	60	80	0
1878	218.485677	218.729167	G#4	57	80	0
1879	218.485677	218.803385	C#5	60	80	0
1880	218.730469	219.619792	F4	67	80	0
1881	218.735677	218.804688	G#4	50	80	0
1882	218.967448	219.036458	G#4	54	80	0
1883	218.973958	219.040365	C#5	54	80	0
1884	219.199219	219.750000	C#6	83	80	0
1885	219.225260	219.311198	C#5	66	80	0
1886	219.226562	219.369792	G#4	57	80	0
1887	219.477865	219.679688	C#5	59	80	0
1888	219.485677	219.558594	G#4	59	80	0
1889	219.757812	220.809896	C#6	75	80	0
1890	219.776042	220.339844	E4	56	80	0
1891	219.777344	219.908854	C#5	50	80	0
1892	219.790365	220.098958	G#4	43	80	0
1893	220.104167	220.173177	C#5	51	80	0
1894	220.105469	220.173177	G#4	41	80	0
1895	220.346354	220.421875	C#5	48	80	0
1896	220.348958	220.424479	G#4	46	80	0
1897	220.351562	220.589844	E4	32	80	0
1898	220.588542	220.769531	C#5	45	80	0
1899	220.602865	220.739583	G#4	41	80	0
1900	220.602865	220.660156	E4	36	80	0
1901	220.815104	222.259115	C#6	75	80	0
1902	220.834635	220.989583	E4	38	80	0
1903	221.085938	221.153646	C#5	50	80	0
1904	221.091146	221.319010	E4	34	80	0
1905	221.091146	221.157552	G#4	39	80	0
1906	221.315104	221.384115	C#5	52	80	0
1907	221.322917	221.381510	G#4	40	80	0
1908	221.326823	221.391927	E4	34	80	0
1909	221.555990	221.859375	C#5	54	80	0
1910	221.561198	221.869792	G#4	40	80	0
1911	221.563802	221.669271	E4	39	80	0
1912	221.809896	221.875000	E4	51	80	0
1913	222.033854	222.105469	C#5	44	80	0
1914	222.037760	222.229167	G#4	36	80	0
1915	222.042969	222.669271	E4	34	80	0
1916	222.266927	222.688802	C#6	81	80	0
1917	222.283854	222.289062	E5	52	80	0
1918	222.292969	222.389323	G#4	44	80	0
1919	222.294271	222.364583	C#5	53	80	0
1920	222.544271	222.989583	C#5	56	80	0
1921	222.546875	222.919271	G#4	43	80	0
1922	222.842448	224.059896	C#6	79	80	0
1923	222.847656	223.789062	Eb4	50	80	0
1924	223.140625	223.299479	B4	50	80	0
1925	223.143229	223.399740	F#4	39	80	0
1926	223.404948	223.484375	B4	49	80	0
1927	223.412760	223.483073	F#4	43	80	0
1928	223.671875	224.029948	B4	52	80	0
1929	223.722656	223.839844	F#4	37	80	0
1930	223.937500	225.299479	B5	64	80	0
1931	223.940104	224.829427	Eb4	49	80	0
1932	223.944010	224.209635	F#4	43	80	0
1933	224.220052	224.291667	B4	46	80	0
1934	224.223958	224.399740	F#4	37	80	0
1935	224.449219	224.514323	B4	51	80	0
1936	224.464844	224.519531	F#4	36	80	0
1937	224.683594	225.009115	F#4	48	80	0
1938	224.684896	224.959635	B4	44	80	0
1939	224.944010	225.828125	Eb4	43	80	0
1940	225.173177	225.252604	B4	49	80	0
1941	225.197917	225.257812	F#4	42	80	0
1942	225.424479	225.989583	B5	72	80	0
1943	225.455729	225.589844	B4	44	80	0
1944	225.460938	225.739583	F#4	38	80	0
1945	225.723958	226.128906	B4	52	80	0
1946	225.753906	226.109375	F#4	27	80	0
1947	225.997396	226.739583	B5	76	80	0
1948	226.018229	227.149740	Eb4	51	80	0
1949	226.313802	226.391927	B4	48	80	0
1950	226.316406	226.468750	F#4	40	80	0
1951	226.593750	227.319010	A5	56	80	0
1952	226.600260	226.739583	B4	42	80	0
1953	226.601562	226.779948	F#4	41	80	0
1954	226.904948	227.279948	B4	43	80	0
1955	226.906250	227.279948	F#4	36	80	0
1956	227.157552	228.059896	Eb4	40	80	0
1957	227.279948	227.389323	B5	64	80	0
1958	227.410156	227.505208	A5	65	80	0
1959	227.412760	227.494792	B4	51	80	0
1960	227.424479	227.598958	F#4	42	80	0
1961	227.535156	227.638021	G#5	69	80	0
1962	227.654948	227.753906	B4	59	80	0
1963	227.665365	227.979167	A5	67	80	0
1964	227.665365	227.839844	F#4	49	80	0
1965	227.924479	228.233073	B5	82	80	0
1966	227.927083	228.279948	B4	56	80	0
1967	227.932292	228.289062	F#4	49	80	0
1968	228.207031	229.408854	Eb4	47	80	0
1969	228.214844	228.429688	A5	66	80	0
1970	228.346354	228.471354	B5	64	80	0
1971	228.453125	228.576823	B4	55	80	0
1972	228.467448	228.563802	F#4	42	80	0
1973	228.479167	228.929688	C#6	64	80	0
1974	228.781250	229.209635	B5	64	80	0
1975	228.782552	228.868490	B4	52	80	0
1976	228.791667	229.019531	F#4	41	80	0
1977	229.104167	229.319010	B4	50	80	0
1978	229.109375	229.369792	F#4	36	80	0
1979	229.111979	229.489583	A5	56	80	0
1980	229.473958	230.259115	B4	49	80	0
1981	229.485677	229.899740	G#5	50	80	0
1982	229.492188	230.619792	E4	44	80	0
1983	229.503906	230.449219	G#4	44	80	0
1984	229.678385	229.779948	E6	54	80	0
1985	229.825521	229.903646	B5	61	80	0
1986	229.953125	230.033854	E6	54	80	0
1987	230.076823	230.239583	G#6	59	80	0
1988	230.204427	230.272135	E6	54	80	0
1989	230.324219	230.386719	B5	65	80	0
1990	230.437500	230.507812	E6	52	80	0
1991	230.558594	230.625000	G#5	56	80	0
1992	230.674479	230.743490	E5	60	80	0
1993	230.812500	230.938802	B4	52	80	0
1994	230.919271	230.993490	E5	59	80	0
1995	231.049479	231.209635	G#4	56	80	0
1996	231.173177	231.234375	E4	56	80	0
1997	231.281250	231.345052	B3	55	80	0
1998	231.406250	231.473958	E4	51	80	0
1999	231.514323	231.688802	G#3	57	80	0
2000	231.644531	231.726562	E3	55	80	0
2001	231.773438	231.846354	B2	53	80	0
2002	231.872396	231.954427	E3	55	80	0
2003	231.996094	232.489583	E2	60	80	0
2004	232.006510	232.239583	G#2	58	80	0
2005	232.170573	232.309896	E3	57	80	0
2006	232.274740	232.468750	B2	47	80	0
2007	232.368490	232.529948	E3	56	80	0
2008	232.369792	232.509115	E4	60	80	0
2009	232.527344	232.979167	F#2	62	80	0
2010	232.533854	232.889323	F#1	58	80	0
2011	232.555990	232.809896	B3	56	80	0
2012	232.557292	234.319010	B1	52	80	0
2013	232.561198	233.009115	Eb2	56	80	0
2014	232.692708	232.839844	B2	51	80	0
2015	232.808594	232.895833	A2	53	80	0
2016	232.934896	233.139323	B2	51	80	0
2017	233.074219	233.289062	Eb3	56	80	0
2018	233.186198	233.359375	B2	55	80	0
2019	233.304688	233.449219	A2	54	80	0
2020	233.424479	233.878906	B2	59	80	0
2021	233.428385	233.559896	B3	59	80	0
2022	233.563802	234.218750	F#2	71	80	0
2023	233.595052	233.819010	Eb3	57	80	0
2024	233.597656	233.688802	Eb4	58	80	0
2025	233.722656	233.825521	B3	58	80	0
2026	233.854167	233.934896	A3	58	80	0
2027	233.957031	234.066406	B3	58	80	0
2028	234.101562	234.186198	Eb4	60	80	0
2029	234.231771	234.320312	B3	58	80	0
2030	234.364583	234.432292	A3	61	80	0
2031	234.463542	234.569010	B3	60	80	0
2032	234.604167	235.419271	F#2	70	80	0
2033	234.641927	235.449219	B1	50	80	0
2034	234.643229	234.938802	Eb4	65	80	0
2035	234.785156	234.888021	B4	62	80	0
2036	234.912760	234.996094	A4	64	80	0
2037	235.024740	235.138021	B4	63	80	0
2038	235.170573	235.265625	Eb5	67	80	0
2039	235.296875	235.384115	B4	58	80	0
2040	235.414062	235.497396	A4	60	80	0
2041	235.549479	235.709635	B4	56	80	0
2042	235.695312	238.269531	G#2	58	80	0
2043	235.697917	236.598958	G#1	56	80	0
2044	235.734375	236.079427	E5	64	80	0
2045	235.885417	235.968750	B5	65	80	0
2046	236.014323	236.092448	G#5	63	80	0
2047	236.123698	236.187500	B5	62	80	0
2048	236.255208	236.319010	E6	59	80	0
2049	236.354167	236.427083	B5	72	80	0
2050	236.476562	236.552083	G#5	63	80	0
2051	236.584635	236.662760	B5	62	80	0
2052	236.712240	236.848958	E5	69	80	0
2053	236.821615	236.894531	B4	67	80	0
2054	236.945312	237.209635	G#4	54	80	0
2055	237.076823	237.152344	B4	67	80	0
2056	237.169271	237.255208	E4	67	80	0
2057	237.295573	237.377604	B3	61	80	0
2058	237.417969	237.598958	G#3	55	80	0
2059	237.522135	237.621094	B3	54	80	0
2060	237.664062	238.119792	E3	59	80	0
2061	237.795573	237.876302	B3	55	80	0
2062	237.915365	238.019531	G#3	54	80	0
2063	238.033854	238.128906	B3	59	80	0
2064	238.165365	238.263021	E4	61	80	0
2065	238.294271	238.373698	B3	63	80	0
2066	238.399740	238.483073	G#3	57	80	0
2067	238.505208	238.604167	B3	59	80	0
2068	238.638021	239.289062	Eb3	68	80	0
2069	238.653646	239.399740	B2	61	80	0
2070	238.656250	239.029948	F#3	61	80	0
2071	238.657552	238.669271	Eb2	62	80	0
2072	238.815104	238.906250	B3	64	80	0
2073	238.944010	239.055990	A3	62	80	0
2074	239.062500	239.157552	B3	74	80	0
2075	239.195312	239.299479	F#4	66	80	0
2076	239.312500	239.391927	B3	72	80	0
2077	239.410156	239.501302	A3	70	80	0
2078	239.515625	239.799479	B3	68	80	0
2079	239.634115	240.109375	Eb3	71	80	0
2080	239.666667	240.139323	B2	57	80	0
2081	239.691406	239.859375	F#4	60	80	0
2082	239.813802	239.897135	B4	63	80	0
2083	239.941406	240.020833	A4	63	80	0
2084	240.054688	240.164062	B4	72	80	0
2085	240.175781	240.264323	F#5	74	80	0
2086	240.294271	240.355469	B4	66	80	0
2087	240.393229	240.457031	A4	62	80	0
2088	240.494792	240.609375	B4	57	80	0
2089	240.622396	241.098958	Eb3	69	80	0
2090	240.630208	240.809896	Eb2	64	80	0
2091	240.630208	241.098958	B2	60	80	0
2092	240.654948	240.743490	F#5	66	80	0
2093	240.785156	240.863281	B5	61	80	0
2094	240.893229	240.973958	A5	61	80	0
2095	241.005208	241.125000	B5	74	80	0
2096	241.135417	241.319010	F#6	74	80	0
2097	241.238281	241.312500	B5	69	80	0
2098	241.341146	241.408854	A6	64	80	0
2099	241.343750	241.427083	A5	65	80	0
2100	241.454427	241.587240	B5	68	80	0
2101	241.602865	241.848958	G#5	65	80	0
2102	241.605469	242.000000	E3	60	80	0
2103	241.605469	241.829427	E2	58	80	0
2104	241.605469	241.848958	B2	59	80	0
2105	241.765625	241.856771	G#6	71	80	0
2106	241.881510	242.049479	B5	68	80	0
2107	242.003906	242.250000	G#6	71	80	0
2108	242.128906	242.319010	E4	73	80	0
2109	242.134115	242.339844	G#5	65	80	0
2110	242.139323	242.408854	E3	57	80	0
2111	242.255208	242.347656	G#6	70	80	0
2112	242.332031	242.468750	E4	51	80	0
2113	242.373698	242.569010	B5	68	80	0
2114	242.486979	242.669271	G#6	71	80	0
2115	242.596354	242.919271	E4	64	80	0
2116	242.602865	242.938802	E3	56	80	0
2117	242.602865	242.716146	G#5	70	80	0
2118	242.606771	242.859375	B3	49	80	0
2119	242.731771	242.822917	G#6	68	80	0
2120	242.841146	242.934896	B5	59	80	0
2121	242.953125	243.065104	G#6	68	80	0
2122	243.072917	243.354167	C#4	65	80	0
2123	243.080729	243.319010	A5	66	80	0
2124	243.093750	243.337240	C#3	61	80	0
2125	243.100260	243.341146	E3	54	80	0
2126	243.214844	243.343750	A6	78	80	0
2127	243.339844	243.589844	E6	73	80	0
2128	243.453125	243.679688	A6	75	80	0
2129	243.562500	243.878906	A5	73	80	0
2130	243.583333	243.825521	C#4	73	80	0
2131	243.608073	244.009115	C#3	65	80	0
2132	243.613281	243.807292	E3	59	80	0
2133	243.684896	243.899740	A6	75	80	0
2134	243.804688	243.915365	E6	65	80	0
2135	243.910156	244.041667	A6	77	80	0
2136	244.042969	244.184896	Bb5	91	80	0
2137	244.053385	244.380208	C4	69	80	0
2138	244.075521	244.408854	C3	65	80	0
2139	244.084635	244.391927	E3	56	80	0
2140	244.184896	244.299479	Bb6	80	80	0
2141	244.303385	244.415365	E6	73	80	0
2142	244.423177	244.658854	Bb6	80	80	0
2143	244.537760	244.759115	Bb5	90	80	0
2144	244.544271	244.889323	C4	70	80	0
2145	244.549479	244.848958	C3	72	80	0
2146	244.561198	245.019531	E3	64	80	0
2147	244.670573	244.757812	Bb6	78	80	0
2148	244.776042	244.878906	E6	73	80	0
2149	244.893229	244.984375	Bb6	77	80	0
2150	244.941406	245.029948	A6	54	80	0
2151	245.022135	245.500000	B3	80	80	0
2152	245.026042	245.408854	E3	69	80	0
2153	245.027344	245.369792	B2	77	80	0
2154	245.032552	245.299479	B5	91	80	0
2155	245.166667	245.281250	B6	84	80	0
2156	245.294271	245.509115	E6	78	80	0
2157	245.406250	245.639323	B6	77	80	0
2158	245.523438	245.641927	B5	86	80	0
2159	245.528646	245.899740	A3	74	80	0
2160	245.532552	245.899740	E3	75	80	0
2161	245.535156	245.809896	A2	68	80	0
2162	245.653646	245.799479	B6	79	80	0
2163	245.783854	246.059896	E6	78	80	0
2164	245.888021	246.069010	B6	80	80	0
2165	246.033854	246.329427	C6	88	80	0
2166	246.033854	246.369792	G#3	86	80	0
2167	246.040365	246.309896	G#2	77	80	0
2168	246.044271	246.399740	E3	69	80	0
2169	246.178385	246.408854	C7	92	80	0
2170	246.307292	246.434896	E6	77	80	0
2171	246.415365	246.598958	C7	82	80	0
2172	246.634115	247.089844	G#4	82	80	0
2173	246.639323	247.049479	E4	74	80	0
2174	246.641927	246.848958	G#3	70	80	0
2175	246.641927	247.029948	C5	82	80	0
2176	246.803385	246.912760	C6	86	80	0
2177	246.957031	247.048177	E5	74	80	0
2178	247.062500	247.229167	C6	86	80	0
2179	247.216146	248.149740	A4	83	80	0
2180	247.220052	248.188802	E4	62	80	0
2181	247.220052	248.299479	A3	72	80	0
2182	247.223958	247.968750	C#5	72	80	0
2183	247.421875	247.584635	C#6	80	80	0
2184	247.571615	248.309896	E5	75	80	0
2185	247.750000	248.169271	C#6	87	80	0
2186	248.177083	249.179688	C#6	80	80	0
2187	248.611979	249.250000	A4	55	80	0
2188	248.917969	249.279948	A3	47	80	0
2189	249.161458	249.479167	C#5	66	80	0
2190	249.513021	250.229167	B5	73	80	0
2191	249.514323	249.639323	A3	42	80	0
2192	249.792969	250.359375	G#4	45	80	0
2193	250.093750	250.750000	G#3	39	80	0
2194	250.319010	250.759115	B4	68	80	0
2195	250.644531	251.579427	A5	59	80	0
2196	250.907552	251.184896	F#4	46	80	0
2197	251.190104	251.938802	F#3	34	80	0
2198	251.434896	251.908854	Bb5	83	80	0
2199	251.778646	253.079427	B5	78	80	0
2200	252.084635	252.569010	G#4	40	80	0
2201	252.375000	252.899740	G#3	42	80	0
2202	252.611979	253.059896	B4	66	80	0
2203	252.919271	252.929688	A6	68	80	0
2204	252.924479	254.158854	A5	72	80	0
2205	253.207031	253.589844	F#4	47	80	0
2206	253.214844	253.218750	B3	39	80	0
2207	253.445312	253.929688	F#3	44	80	0
2208	253.680990	253.878906	A4	71	80	0
2209	254.023438	254.619792	G#5	77	80	0
2210	254.033854	254.459635	G#4	66	80	0
2211	254.044271	254.500000	F4	61	80	0
2212	254.052083	254.529948	F3	49	80	0
2213	254.609375	255.079427	G5	86	80	0
2214	254.611979	255.079427	E4	72	80	0
2215	254.611979	254.878906	G4	87	80	0
2216	254.614583	255.158854	E3	64	80	0
2217	254.889323	255.069010	G4	59	80	0
2218	255.545573	257.750000	G5	84	80	0
2219	255.546875	257.119792	G4	77	80	0
2220	255.554688	257.229167	Eb4	64	80	0
2221	255.572917	257.128906	Eb3	54	80	0
2222	257.690104	258.158854	G#5	73	80	0
2223	257.712240	258.139323	F4	62	80	0
2224	257.713542	258.039062	F3	51	80	0
2225	257.714844	258.079427	G#4	56	80	0
2226	258.371094	258.588542	Bb5	87	80	0
2227	258.372396	258.571615	Bb4	77	80	0
2228	258.375000	258.554688	G4	70	80	0
2229	258.375000	258.552083	G3	64	80	0
2230	258.735677	258.855469	C6	85	80	0
2231	258.740885	258.839844	C5	79	80	0
2232	258.742188	258.835938	G#4	83	80	0
2233	258.743490	258.919271	G#3	77	80	0
2234	259.122396	259.419271	C#6	86	80	0
2235	259.122396	259.378906	Bb4	80	80	0
2236	259.123698	259.419271	Bb3	78	80	0
2237	259.125000	259.399740	C#5	80	80	0
2238	259.585938	259.789062	C6	88	80	0
2239	259.585938	259.968750	C5	85	80	0
2240	259.585938	259.919271	Eb5	92	80	0
2241	259.591146	259.919271	C4	75	80	0
2242	259.595052	260.000000	Eb6	92	80	0
2243	260.393229	261.899740	F6	70	80	0
2244	260.824219	262.019531	C#5	51	80	0
2245	261.093750	261.878906	C#4	39	80	0
2246	261.348958	261.848958	F5	49	80	0
2247	261.653646	263.279948	Eb6	54	80	0
2248	261.912760	262.500000	C5	43	80	0
2249	262.205729	262.819010	C4	41	80	0
2250	262.446615	263.378906	Eb5	57	80	0
2251	262.743490	263.709635	C#6	74	80	0
2252	263.026042	263.479167	Bb4	44	80	0
2253	263.300781	264.029948	Bb3	48	80	0
2254	263.513021	263.908854	D6	82	80	0
2255	263.813802	265.289062	Eb6	71	80	0
2256	264.080729	264.579427	C5	57	80	0
2257	264.375000	264.759115	C4	50	80	0
2258	264.583333	265.369792	Eb5	68	80	0
2259	264.867188	265.959635	C#6	79	80	0
2260	265.140625	265.669271	Bb4	53	80	0
2261	265.408854	265.688802	Bb3	56	80	0
2262	265.615885	265.979167	C#5	70	80	0
2263	265.912760	266.449219	C6	75	80	0
2264	265.946615	266.209635	Bb3	36	80	0
2265	265.947917	266.319010	G#4	38	80	0
2266	266.205729	266.549479	C5	65	80	0
2267	266.213542	266.485677	G#3	51	80	0
2268	266.466146	266.747396	C#5	78	80	0
2269	266.494792	266.718750	Bb3	47	80	0
2270	266.716146	267.018229	Eb5	82	80	0
2271	266.748698	267.039062	C4	52	80	0
2272	266.990885	267.389323	G5	76	80	0
2273	267.024740	267.294271	Eb4	47	80	0
2274	267.292969	267.598958	E5	71	80	0
2275	267.304688	267.489583	C4	51	80	0
2276	267.572917	267.848958	F5	63	80	0
2277	267.575521	267.819010	C#4	48	80	0
2278	267.798177	268.250000	F4	56	80	0
2279	267.816406	268.149740	C#3	42	80	0
2280	268.076823	268.459635	F5	75	80	0
2281	268.104167	268.410156	C#4	45	80	0
2282	268.375000	268.644531	D5	69	80	0
2283	268.376302	268.649740	B3	58	80	0
2284	268.643229	268.979167	Eb5	72	80	0
2285	268.647135	268.878906	C4	52	80	0
2286	268.884115	269.179688	Eb4	66	80	0
2287	268.904948	269.128906	C3	50	80	0
2288	269.144531	269.458333	Eb5	82	80	0
2289	269.156250	269.449219	C4	54	80	0
2290	269.421875	269.750000	C5	74	80	0
2291	269.433594	269.718750	A3	63	80	0
2292	269.674479	270.259115	C#5	69	80	0
2293	269.677083	269.938802	Bb3	66	80	0
2294	269.903646	269.973958	C#4	67	80	0
2295	269.906250	270.029948	Bb2	64	80	0
2296	270.194010	270.799479	F5	78	80	0
2297	270.194010	270.548177	C#4	67	80	0
2298	270.494792	270.759115	B3	68	80	0
2299	270.502604	270.809896	D5	75	80	0
2300	270.750000	271.079427	Eb5	77	80	0
2301	270.752604	270.959635	C4	63	80	0
2302	270.983073	271.438802	Eb4	75	80	0
2303	270.992188	271.119792	C3	63	80	0
2304	271.256510	271.582031	Eb5	89	80	0
2305	271.257812	271.649740	C4	67	80	0
2306	271.563802	271.899740	C5	77	80	0
2307	271.569010	271.878906	A3	60	80	0
2308	271.816406	272.218750	C#5	71	80	0
2309	271.822917	272.089844	Bb3	65	80	0
2310	272.044271	272.299479	C#4	70	80	0
2311	272.053385	272.218750	Bb2	55	80	0
2312	272.304688	272.669271	C5	76	80	0
2313	272.313802	272.709635	Eb4	64	80	0
2314	272.333333	272.688802	G#3	60	80	0
2315	272.338542	272.628906	C3	57	80	0
2316	272.617188	272.889323	Bb4	78	80	0
2317	272.619792	272.979167	G3	53	80	0
2318	272.625000	272.829427	C#3	59	80	0
2319	272.643229	272.704427	C3	53	80	0
2320	272.861979	273.143229	C5	80	80	0
2321	272.865885	273.259115	Eb4	68	80	0
2322	272.867188	273.098958	G#3	65	80	0
2323	272.869792	273.069010	C4	65	80	0
2324	272.873698	273.179688	C3	64	80	0
2325	273.117188	273.378906	Bb4	77	80	0
2326	273.127604	273.329427	C#3	68	80	0
2327	273.134115	273.319010	G3	64	80	0
2328	273.433594	274.649740	C5	77	80	0
2329	273.437500	274.559896	G#3	71	80	0
2330	273.438802	274.359375	Eb4	72	80	0
2331	273.441406	274.489583	C3	75	80	0
2332	274.673177	275.489583	Bb4	77	80	0
2333	274.682292	275.429688	Eb4	65	80	0
2334	274.695312	275.579427	C#3	56	80	0
2335	274.696615	275.549479	G3	54	80	0
2336	274.700521	274.709635	G2	49	80	0
2337	274.707031	274.718750	C4	51	80	0
2338	275.783854	276.128906	G#3	75	80	0
2339	275.785156	276.128906	C3	64	80	0
2340	275.785156	276.188802	Eb5	86	80	0
2341	275.786458	276.199219	Eb4	81	80	0
2342	276.093750	276.389323	D5	77	80	0
2343	276.095052	276.329427	F3	67	80	0
2344	276.095052	276.299479	G#4	74	80	0
2345	276.101562	276.269531	Bb2	70	80	0
2346	276.384115	276.750000	G#3	80	80	0
2347	276.391927	276.889323	Eb4	84	80	0
2348	276.391927	276.759115	Eb5	87	80	0
2349	276.393229	276.718750	C3	68	80	0
2350	276.675781	276.929688	F3	75	80	0
2351	276.677083	276.878906	G#4	82	80	0
2352	276.678385	276.805990	D5	80	80	0
2353	276.683594	276.929688	Bb2	81	80	0
2354	277.095052	278.158854	Eb5	88	80	0
2355	277.098958	278.069010	Eb4	81	80	0
2356	277.102865	278.029948	G#4	83	80	0
2357	277.102865	277.759115	G#3	83	80	0
2358	277.105469	278.109375	Eb3	76	80	0
2359	277.105469	278.259115	C3	82	80	0
2360	278.161458	278.589844	D4	80	80	0
2361	278.298177	278.899740	G#4	68	80	0
2362	278.355469	278.679688	Bb2	60	80	0
2363	278.503906	278.565104	C3	60	80	0
2364	278.570312	279.259115	F5	75	80	0
2365	278.727865	278.794271	C3	43	80	0
2366	278.824219	278.869792	Bb2	45	80	0
2367	278.894531	278.953125	C3	57	80	0
2368	278.976562	279.035156	Bb2	54	80	0
2369	279.062500	279.113281	C3	54	80	0
2370	279.136719	279.175781	Bb2	54	80	0
2371	279.195312	279.257812	C3	65	80	0
2372	279.274740	279.399740	Bb2	66	80	0
2373	279.345052	279.388021	C3	53	80	0
2374	279.404948	279.479167	Bb2	63	80	0
2375	279.471354	279.579427	C3	62	80	0
2376	279.541667	279.658854	Bb2	66	80	0
2377	279.588542	279.739583	C3	49	80	0
2378	279.665365	279.755208	Bb2	57	80	0
2379	279.756510	279.833333	G#2	67	80	0
2380	279.845052	279.914062	Bb2	66	80	0
2381	279.934896	279.996094	G#2	61	80	0
2382	280.013021	280.149740	Bb2	59	80	0
2383	280.083333	280.135417	G#2	65	80	0
2384	280.117188	280.259115	D4	76	80	0
2385	280.162760	280.309896	Bb2	61	80	0
2386	280.231771	280.789062	Bb4	75	80	0
2387	280.235677	280.389323	G#2	68	80	0
2388	280.321615	280.368490	Bb2	62	80	0
2389	280.352865	281.000000	F5	82	80	0
2390	280.395833	280.529948	G#2	60	80	0
2391	280.466146	280.537760	Bb2	64	80	0
2392	280.540365	280.669271	G#2	65	80	0
2393	280.682292	280.799479	G#2	76	80	0
2394	280.744792	280.979167	Bb2	66	80	0
2395	280.813802	280.949219	G#2	67	80	0
2396	280.882812	281.029948	G2	83	80	0
2397	280.958333	281.029948	G#2	63	80	0
2398	281.040365	281.188802	G2	63	80	0
2399	281.128906	281.192708	G#2	63	80	0
2400	281.200521	281.250000	G2	70	80	0
2401	281.234375	281.369792	Eb4	75	80	0
2402	281.263021	281.348958	G2	71	80	0
2403	281.276042	281.352865	G#2	68	80	0
2404	281.333333	282.149740	Bb4	79	80	0
2405	281.364583	281.489583	G2	73	80	0
2406	281.412760	281.500000	G#2	74	80	0
2407	281.455729	282.139323	G5	89	80	0
2408	281.503906	281.575521	G2	64	80	0
2409	281.588542	281.709635	G#2	60	80	0
2410	281.665365	281.779948	G2	65	80	0
2411	281.714844	281.869792	G#2	57	80	0
2412	281.792969	281.908854	G2	65	80	0
2413	281.875000	282.000000	G#2	69	80	0
2414	281.921875	282.009115	G2	60	80	0
2415	281.929688	282.009115	Bb2	55	80	0
2416	281.989583	282.139323	F2	90	80	0
2417	282.102865	282.229167	G2	72	80	0
2418	282.149740	282.289062	F2	69	80	0
2419	282.234375	282.329427	G2	79	80	0
2420	282.261719	282.364583	F4	78	80	0
2421	282.303385	282.399740	F2	65	80	0
2422	282.351562	282.559896	Bb4	85	80	0
2423	282.382812	282.459635	G2	67	80	0
2424	282.414062	282.529948	F2	70	80	0
2425	282.514323	282.649740	G2	68	80	0
2426	282.542969	282.579427	F2	67	80	0
2427	282.584635	282.709635	F2	69	80	0
2428	282.585938	283.679688	G#5	96	80	0
2429	282.657552	282.819010	G2	72	80	0
2430	282.716146	282.819010	F2	72	80	0
2431	282.833333	282.979167	F2	81	80	0
2432	282.912760	283.000000	G2	70	80	0
2433	282.992188	283.089844	F2	54	80	0
2434	283.055990	283.269531	Eb2	85	80	0
2435	283.162760	283.289062	F2	80	80	0
2436	283.299479	283.389323	F2	70	80	0
2437	283.299479	283.371094	G4	80	80	0
2438	283.375000	283.589844	Bb4	87	80	0
2439	283.382812	283.489583	Eb2	79	80	0
2440	283.460938	283.509115	F2	65	80	0
2441	283.498698	283.639323	Eb2	73	80	0
2442	283.523438	283.589844	F2	71	80	0
2443	283.602865	283.673177	F2	82	80	0
2444	283.640625	284.729167	Bb5	101	80	0
2445	283.645833	283.929688	Eb2	71	80	0
2446	283.757812	283.878906	F2	67	80	0
2447	283.888021	284.000000	F2	73	80	0
2448	284.005208	284.199219	F2	73	80	0
2449	284.074219	284.199219	Eb2	85	80	0
2450	284.174479	284.363281	C#2	88	80	0
2451	284.278646	284.359375	Eb2	65	80	0
2452	284.369792	284.520833	Eb2	84	80	0
2453	284.506510	284.699219	C#2	82	80	0
2454	284.623698	284.729167	Eb2	88	80	0
2455	284.666667	285.029948	C6	96	80	0
2456	284.743490	284.815104	Eb2	76	80	0
2457	284.815104	284.968750	C#2	76	80	0
2458	284.901042	285.049479	Eb2	84	80	0
2459	284.976562	285.119792	C#2	72	80	0
2460	285.054688	285.199219	Eb2	81	80	0
2461	285.125000	285.269531	C#2	72	80	0
2462	285.208333	285.277344	Eb2	87	80	0
2463	285.213542	285.779948	C#6	103	80	0
2464	285.276042	285.348958	C#2	80	80	0
2465	285.364583	285.429688	C#2	76	80	0
2466	285.365885	285.509115	Eb2	76	80	0
2467	285.444010	285.569010	C#2	72	80	0
2468	285.514323	285.658854	Eb2	75	80	0
2469	285.582031	285.739583	C#2	73	80	0
2470	285.666667	285.739583	Eb2	67	80	0
2471	285.744792	285.807292	C#2	79	80	0
2472	285.747396	286.329427	D6	105	80	0
2473	285.839844	285.968750	Eb2	78	80	0
2474	285.888021	285.959635	C#2	74	80	0
2475	285.983073	286.109375	Eb2	80	80	0
2476	286.036458	286.179688	C#2	72	80	0
2477	286.117188	286.199219	Eb2	76	80	0
2478	286.184896	286.269531	C#2	70	80	0
2479	286.188802	286.199219	F2	64	80	0
2480	286.278646	286.419271	Eb2	81	80	0
2481	286.428385	286.718750	Eb2	83	80	0
2482	286.442708	286.609375	C#2	80	80	0
2483	286.473958	288.039062	Eb6	103	80	0
2484	286.622396	286.929688	C#2	69	80	0
2485	286.822917	287.149740	C2	75	80	0
2486	286.934896	287.069010	C#2	70	80	0
2487	287.075521	287.222656	Eb2	86	80	0
2488	287.076823	287.179688	C#2	86	80	0
2489	287.184896	287.399740	C#2	80	80	0
2490	287.342448	287.609375	C2	74	80	0
2491	287.464844	287.609375	Bb1	81	80	0
2492	287.652344	287.899740	G#1	89	80	0
2493	288.035156	288.229167	G#2	79	80	0
2494	288.040365	288.175781	C3	80	80	0
2495	288.315104	288.470052	G#2	72	80	0
2496	288.315104	288.500000	C3	74	80	0
2497	288.317708	289.039062	C4	91	80	0
2498	288.588542	288.744792	G2	71	80	0
2499	288.588542	288.598958	G#2	70	80	0
2500	288.596354	288.658854	C2	68	80	0
2501	288.596354	288.786458	C3	70	80	0
2502	288.847656	288.976562	G2	80	80	0
2503	288.847656	288.968750	G#2	78	80	0
2504	288.848958	288.959635	C2	73	80	0
2505	288.852865	289.019531	C3	77	80	0
2506	289.102865	289.259115	C3	71	80	0
2507	289.104167	289.250000	F2	73	80	0
2508	289.104167	289.226562	G#2	72	80	0
2509	289.352865	289.436198	C3	67	80	0
2510	289.355469	289.479167	C2	66	80	0
2511	289.355469	289.462240	G#2	65	80	0
2512	289.601562	289.848958	C4	77	80	0
2513	289.604167	289.739583	C3	63	80	0
2514	289.604167	289.731771	G#2	68	80	0
2515	289.604167	289.709635	C2	62	80	0
2516	289.605469	289.738281	Eb2	65	80	0
2517	289.855469	289.968750	C#4	77	80	0
2518	289.861979	290.128906	C4	75	80	0
2519	289.861979	289.954427	C3	68	80	0
2520	289.863281	290.000000	G#2	63	80	0
2521	289.864583	289.968750	Eb2	66	80	0
2522	290.085938	290.239583	Eb4	87	80	0
2523	290.092448	290.269531	C3	69	80	0
2524	290.093750	290.269531	C2	69	80	0
2525	290.095052	290.269531	G#2	67	80	0
2526	290.334635	290.598958	F4	84	80	0
2527	290.335938	290.451823	C3	71	80	0
2528	290.337240	290.462240	G#2	69	80	0
2529	290.343750	290.463542	C2	75	80	0
2530	290.563802	290.848958	G4	84	80	0
2531	290.574219	290.759115	C3	69	80	0
2532	290.576823	291.009115	G#2	69	80	0
2533	290.582031	290.589844	Eb2	66	80	0
2534	290.583333	290.695312	C2	72	80	0
2535	290.852865	291.319010	G#4	91	80	0
2536	290.852865	291.369792	C2	75	80	0
2537	291.135417	291.274740	G#2	67	80	0
2538	291.135417	291.273438	C3	67	80	0
2539	291.412760	292.019531	Eb4	73	80	0
2540	291.416667	291.537760	G#2	65	80	0
2541	291.421875	291.649740	C3	71	80	0
2542	291.424479	291.789062	C4	62	80	0
2543	291.656250	291.779948	C3	66	80	0
2544	291.656250	291.770833	G2	68	80	0
2545	291.899740	292.009115	G#2	68	80	0
2546	291.899740	292.016927	C3	68	80	0
2547	291.901042	292.035156	G2	69	80	0
2548	292.143229	292.266927	F2	72	80	0
2549	292.147135	292.261719	C3	71	80	0
2550	292.149740	292.309896	G#2	66	80	0
2551	292.384115	292.484375	G#2	62	80	0
2552	292.384115	292.481771	F2	65	80	0
2553	292.385417	292.475260	C3	65	80	0
2554	292.593750	292.743490	G4	87	80	0
2555	292.606771	292.734375	C3	72	80	0
2556	292.608073	292.734375	G#2	71	80	0
2557	292.613281	292.747396	Eb2	70	80	0
2558	292.855469	292.985677	C3	70	80	0
2559	292.860677	292.994792	G#4	80	80	0
2560	292.863281	292.994792	G#2	73	80	0
2561	292.863281	293.001302	Eb2	72	80	0
2562	293.101562	293.359375	Bb4	85	80	0
2563	293.102865	293.220052	G#2	72	80	0
2564	293.102865	293.223958	C3	75	80	0
2565	293.105469	293.119792	C2	76	80	0
2566	293.111979	293.226562	Eb2	75	80	0
2567	293.325521	293.446615	C3	79	80	0
2568	293.326823	293.467448	G#2	77	80	0
2569	293.326823	293.445312	C5	83	80	0
2570	293.330729	293.450521	C2	82	80	0
2571	293.337240	293.438802	C4	71	80	0
2572	293.563802	293.848958	C#5	88	80	0
2573	293.569010	293.799479	C3	79	80	0
2574	293.572917	293.859375	G#2	81	80	0
2575	293.572917	293.789062	C2	82	80	0
2576	293.865885	294.559896	Eb5	87	80	0
2577	293.873698	294.169271	C2	78	80	0
2578	293.873698	293.979167	G#2	76	80	0
2579	294.173177	294.354167	G#2	75	80	0
2580	294.173177	294.348958	C3	72	80	0
2581	294.180990	294.378906	C2	70	80	0
2582	294.446615	295.019531	G#4	88	80	0
2583	294.454427	294.585938	C3	72	80	0
2584	294.454427	294.578125	G#2	70	80	0
2585	294.692708	294.829427	G#2	73	80	0
2586	294.694010	294.841146	G2	77	80	0
2587	294.695312	294.839844	C3	73	80	0
2588	294.936198	295.088542	G#2	80	80	0
2589	294.936198	295.076823	C3	80	80	0
2590	294.937500	295.084635	G2	83	80	0
2591	295.177083	295.328125	C3	78	80	0
2592	295.179688	295.334635	F2	82	80	0
2593	295.182292	295.369792	G#2	77	80	0
2594	295.188802	295.199219	G#3	72	80	0
2595	295.444010	295.574219	F2	79	80	0
2596	295.445312	295.565104	C3	77	80	0
2597	295.450521	295.619792	G#2	73	80	0
2598	295.703125	296.049479	G#5	95	80	0
2599	295.703125	295.864583	C3	76	80	0
2600	295.703125	295.871094	G#2	80	80	0
2601	295.707031	295.878906	C2	74	80	0
2602	295.707031	295.880208	Eb2	73	80	0
2603	295.990885	296.175781	Bb5	96	80	0
2604	296.003906	296.218750	C3	76	80	0
2605	296.006510	296.174479	G#2	70	80	0
2606	296.014323	296.179688	Eb2	77	80	0
2607	296.287760	296.471354	C3	85	80	0
2608	296.287760	296.484375	G#2	86	80	0
2609	296.291667	296.688802	C6	100	80	0
2610	296.294271	296.299479	G#1	80	80	0
2611	296.294271	296.309896	C2	75	80	0
2612	296.296875	296.539062	Eb2	79	80	0
2613	296.600260	296.929688	C#6	98	80	0
2614	296.600260	296.845052	G#2	85	80	0
2615	296.601562	296.869792	C3	84	80	0
2616	296.604167	296.609375	G#1	82	80	0
2617	296.606771	296.869792	Eb2	85	80	0
2618	296.954427	297.598958	Eb6	96	80	0
2619	296.954427	297.289062	G#2	88	80	0
2620	296.954427	297.169271	C3	84	80	0
2621	296.959635	297.250000	C2	83	80	0
2622	297.570312	298.750000	F6	100	80	0
2623	297.575521	298.429688	Bb2	79	80	0
2624	297.576823	298.539062	C#2	84	80	0
2625	297.576823	298.559896	G#2	86	80	0
2626	300.208333	300.514323	Bb4	64	80	0
2627	300.243490	300.489583	F4	40	80	0
2628	300.244792	300.509115	D3	40	80	0
2629	300.244792	300.500000	G#3	37	80	0
2630	300.246094	300.489583	G#2	39	80	0
2631	300.492188	300.873698	Eb5	64	80	0
2632	300.503906	300.929688	G3	44	80	0
2633	300.505208	300.968750	G4	53	80	0
2634	300.514323	301.019531	Eb3	45	80	0
2635	300.515625	300.529948	G2	37	80	0
2636	301.483073	301.848958	Eb5	74	80	0
2637	301.503906	301.839844	G4	58	80	0
2638	301.510417	301.750000	Bb3	49	80	0
2639	301.510417	301.915365	Eb3	46	80	0
2640	301.821615	303.179688	D5	73	80	0
2641	301.832031	303.229167	B4	67	80	0
2642	301.860677	301.899740	G#2	41	80	0
2643	301.861979	303.000000	G#3	44	80	0
2644	301.865885	302.658854	F3	38	80	0
2645	303.100260	304.468750	C#5	80	80	0
2646	303.123698	304.079427	E4	45	80	0
2647	303.125000	303.139323	G2	37	80	0
2648	303.125000	303.789062	E3	35	80	0
2649	303.135417	304.049479	Bb3	43	80	0
2650	304.421875	304.658854	C5	58	80	0
2651	304.453125	304.750000	Eb4	40	80	0
2652	304.454427	304.592448	C4	40	80	0
2653	304.477865	304.669271	G#3	30	80	0
2654	304.825521	305.229167	G#6	67	80	0
2655	304.842448	305.468750	G#3	42	80	0
2656	304.843750	305.128906	C4	43	80	0
2657	305.143229	305.484375	G6	86	80	0
2658	305.175781	305.459635	C#4	45	80	0
2659	305.177083	305.459635	Bb3	51	80	0
2660	305.445312	305.639323	F#6	91	80	0
2661	305.449219	305.799479	Eb4	59	80	0
2662	305.454427	305.789062	C4	50	80	0
2663	305.652344	305.834635	F#6	68	80	0
2664	305.796875	306.083333	F6	88	80	0
2665	305.800781	306.279948	F3	53	80	0
2666	305.803385	306.619792	C#4	49	80	0
2667	305.805990	306.419271	F4	49	80	0
2668	306.062500	306.264323	Eb6	81	80	0
2669	306.233073	306.363281	C#6	74	80	0
2670	306.376302	306.501302	C6	80	80	0
2671	306.507812	306.644531	B5	85	80	0
2672	306.640625	306.756510	Bb5	84	80	0
2673	306.763021	306.871094	A5	75	80	0
2674	306.876302	306.996094	G#5	74	80	0
2675	307.003906	307.117188	G5	80	80	0
2676	307.128906	307.261719	F#5	82	80	0
2677	307.269531	307.359375	F5	77	80	0
2678	307.393229	307.544271	E5	79	80	0
2679	307.533854	307.708333	Eb5	74	80	0
2680	307.575521	307.677083	G#3	47	80	0
2681	307.580729	307.848958	C#3	45	80	0
2682	307.583333	307.750000	F3	43	80	0
2683	307.687500	307.822917	C#5	74	80	0
2684	307.845052	307.996094	C5	68	80	0
2685	307.906250	308.029948	F3	46	80	0
2686	307.914062	308.079427	G#3	42	80	0
2687	307.920573	308.089844	D3	44	80	0
2688	308.011719	308.309896	Bb4	71	80	0
2689	308.300781	309.309896	Eb5	73	80	0
2690	308.317708	309.299479	Bb4	56	80	0
2691	308.335938	308.929688	Eb3	44	80	0
2692	309.324219	309.563802	Eb5	63	80	0
2693	309.345052	309.669271	G4	48	80	0
2694	309.363281	309.619792	Bb3	39	80	0
2695	309.372396	309.848958	Eb3	36	80	0
2696	309.750000	310.494792	Eb5	69	80	0
2697	309.785156	311.059896	G#3	46	80	0
2698	309.786458	310.559896	C4	44	80	0
2699	309.789062	311.598958	G#4	46	80	0
2700	310.442708	310.822917	F5	70	80	0
2701	310.479167	310.899740	C#4	45	80	0
2702	310.783854	311.628906	Eb5	75	80	0
2703	310.817708	311.789062	C4	47	80	0
2704	311.063802	311.345052	C#5	71	80	0
2705	311.102865	311.348958	Bb3	47	80	0
2706	311.321615	311.608073	C5	68	80	0
2707	311.352865	311.729167	G#3	46	80	0
2708	311.355469	311.718750	Bb3	45	80	0
2709	311.583333	312.179688	Bb4	65	80	0
2710	311.596354	311.899740	G3	44	80	0
2711	311.824219	312.145833	C5	64	80	0
2712	312.132812	313.128906	C#5	66	80	0
2713	312.161458	312.929688	Bb3	46	80	0
2714	312.166667	313.429688	Eb3	38	80	0
2715	312.449219	312.949219	F4	44	80	0
2716	312.734375	312.980469	G#4	47	80	0
2717	312.997396	313.299479	G4	59	80	0
2718	313.019531	313.239583	Bb3	40	80	0
2719	313.277344	313.619792	C5	52	80	0
2720	313.283854	314.239583	G#2	37	80	0
2721	313.286458	313.869792	G#3	40	80	0
2722	313.319010	313.459635	Eb4	21	80	0
2723	313.582031	313.855469	Eb4	59	80	0
2724	313.600260	313.878906	C3	40	80	0
2725	313.843750	314.348958	F4	51	80	0
2726	313.854167	314.209635	C#3	42	80	0
2727	314.085938	315.019531	Eb4	61	80	0
2728	314.100260	314.389323	C3	43	80	0
2729	314.102865	314.109375	C4	47	80	0
2730	314.333333	314.739583	C#4	61	80	0
2731	314.334635	314.639323	Bb2	50	80	0
2732	314.585938	314.869792	G#2	46	80	0
2733	314.585938	314.908854	C4	59	80	0
2734	314.839844	315.149740	Bb3	62	80	0
2735	314.880208	315.218750	G2	42	80	0
2736	315.110677	315.438802	C4	60	80	0
2737	315.125000	315.319010	G#2	45	80	0
2738	315.125000	315.199219	G#3	49	80	0
2739	315.127604	315.299479	Eb3	41	80	0
2740	315.412760	316.389323	C#4	61	80	0
2741	315.451823	315.789062	Eb3	30	80	0
2742	315.454427	316.209635	Bb2	32	80	0
2743	315.463542	315.468750	G#2	29	80	0
2744	315.776042	316.348958	F4	42	80	0
2745	316.032552	316.320312	G#4	46	80	0
2746	316.304688	316.627604	G4	53	80	0
2747	316.623698	316.940104	Bb4	52	80	0
2748	316.625000	319.188802	G#2	35	80	0
2749	316.626302	317.709635	G#1	36	80	0
2750	316.632812	317.529948	C4	42	80	0
2751	316.635417	316.649740	Eb3	35	80	0
2752	316.936198	317.329427	G4	49	80	0
2753	317.214844	317.489583	Bb4	50	80	0
2754	317.462240	317.718750	G#4	45	80	0
2755	317.714844	320.149740	Eb2	34	80	0
2756	317.714844	320.169271	G#1	38	80	0
2757	318.006510	318.259115	B4	53	80	0
2758	318.246094	318.549479	C#5	46	80	0
2759	318.493490	318.819010	C5	49	80	0
2760	318.755208	319.149740	F5	56	80	0
2761	319.005208	319.289062	D5	50	80	0
2762	319.264323	319.514323	F5	49	80	0
2763	319.502604	319.859375	Eb5	63	80	0
2764	319.752604	320.209635	Bb5	69	80	0
2765	320.036458	320.549479	G5	62	80	0
2766	320.291667	320.571615	Bb5	77	80	0
2767	320.536458	321.019531	G#5	66	80	0
2768	320.805990	321.139323	C#6	59	80	0
2769	320.833333	321.579427	G#2	39	80	0
2770	320.834635	321.759115	G#3	35	80	0
2771	320.838542	321.759115	Eb3	37	80	0
2772	320.845052	321.589844	C3	33	80	0
2773	321.115885	321.408854	B5	65	80	0
2774	321.355469	321.699219	C#6	68	80	0
2775	321.606771	321.912760	C6	81	80	0
2776	321.873698	322.269531	F6	66	80	0
2777	321.882812	322.789062	C4	33	80	0
2778	321.893229	322.348958	Eb4	33	80	0
2779	321.893229	322.539062	G#3	36	80	0
2780	321.897135	322.169271	Eb3	25	80	0
2781	322.173177	322.489583	D6	72	80	0
2782	322.427083	322.759115	F6	74	80	0
2783	322.683594	322.959635	Eb6	67	80	0
2784	323.031250	323.859375	Bb3	37	80	0
2785	323.032552	323.529948	Eb6	56	80	0
2786	323.035156	323.848958	D4	38	80	0
2787	323.053385	323.658854	G#3	35	80	0
2788	323.070312	323.869792	F3	34	80	0
2789	323.434896	323.712240	C6	61	80	0
2790	323.700521	323.945312	Eb6	60	80	0
2791	323.933594	324.899740	D6	74	80	0
2792	324.208333	324.789062	C7	73	80	0
2793	324.223958	326.049479	D4	51	80	0
2794	324.225260	326.069010	Bb3	38	80	0
2795	324.243490	325.938802	F3	33	80	0
2796	324.524740	325.029948	A6	61	80	0
2797	324.795573	325.399740	C7	66	80	0
2798	325.040365	325.312500	Bb6	66	80	0
2799	325.294271	325.779948	Eb6	66	80	0
2800	325.533854	325.848958	C7	60	80	0
2801	325.542969	325.979167	C6	71	80	0
2802	325.792969	326.037760	Eb6	74	80	0
2803	326.013021	326.369792	D6	81	80	0
2804	326.255208	326.649740	F6	72	80	0
2805	326.294271	327.250000	Eb4	52	80	0
2806	326.295573	327.218750	G3	49	80	0
2807	326.302083	327.019531	Eb3	44	80	0
2808	326.303385	327.139323	Bb3	45	80	0
2809	326.582031	327.149740	D6	75	80	0
2810	326.828125	327.102865	F6	89	80	0
2811	327.074219	327.348958	Eb6	83	80	0
2812	327.320312	328.188802	Eb4	60	80	0
2813	327.320312	327.869792	C7	90	80	0
2814	327.320312	328.218750	Eb3	59	80	0
2815	327.324219	328.250000	Bb3	55	80	0
2816	327.328125	328.259115	G3	54	80	0
2817	327.627604	327.908854	A6	74	80	0
2818	327.882812	328.459635	C7	84	80	0
2819	328.106771	328.489583	Bb6	68	80	0
2820	328.359375	329.149740	Eb4	69	80	0
2821	328.363281	329.199219	Bb3	66	80	0
2822	328.364583	328.729167	F6	80	80	0
2823	328.364583	329.139323	G3	68	80	0
2824	328.364583	329.128906	Eb3	59	80	0
2825	328.635417	328.649740	D7	73	80	0
2826	328.636719	328.968750	D6	75	80	0
2827	328.876302	329.209635	F6	83	80	0
2828	329.108073	329.378906	Eb6	86	80	0
2829	329.363281	330.218750	D4	75	80	0
2830	329.364583	330.259115	Bb3	65	80	0
2831	329.371094	330.188802	F3	63	80	0
2832	329.372396	330.039062	G#3	65	80	0
2833	329.385417	329.829427	Eb6	75	80	0
2834	329.695312	330.029948	C6	86	80	0
2835	329.953125	330.216146	Eb6	88	80	0
2836	330.174479	330.457031	D6	83	80	0
2837	330.412760	332.149740	G#3	68	80	0
2838	330.412760	332.158854	D4	70	80	0
2839	330.414062	332.209635	Bb3	67	80	0
2840	330.415365	332.128906	F3	56	80	0
2841	330.420573	330.908854	C7	94	80	0
2842	330.738281	331.039062	A6	85	80	0
2843	330.981771	331.549479	C7	93	80	0
2844	331.210938	331.493490	Bb6	83	80	0
2845	331.445312	331.819010	Eb6	86	80	0
2846	331.694010	331.908854	C7	81	80	0
2847	331.695312	331.973958	C6	86	80	0
2848	331.945312	332.231771	Eb6	87	80	0
2849	332.196615	332.619792	D7	82	80	0
2850	332.199219	332.639323	D6	89	80	0
2851	332.476562	333.309896	Eb4	72	80	0
2852	332.481771	333.589844	Bb3	75	80	0
2853	332.484375	332.968750	F6	86	80	0
2854	332.484375	333.639323	Eb3	69	80	0
2855	332.484375	333.519531	G3	76	80	0
2856	332.816406	333.459635	D6	86	80	0
2857	333.131510	333.628906	F6	92	80	0
2858	333.511719	334.369792	Eb6	91	80	0
2859	334.263021	337.369792	F6	89	80	0
2860	334.270833	335.299479	G6	87	80	0
2861	334.273438	337.348958	G5	84	80	0
2862	334.277344	337.229167	C#3	77	80	0
2863	334.282552	336.389323	Bb3	72	80	0
2864	337.093750	337.609375	Eb6	79	80	0
2865	337.119792	337.449219	G#5	57	80	0
2866	337.135417	337.889323	C3	41	80	0
2867	337.136719	337.889323	C4	43	80	0
2868	337.852865	340.729167	Eb5	82	80	0
2869	337.856771	337.869792	Bb3	47	80	0
2870	337.891927	338.209635	C#3	39	80	0
2871	337.895833	339.468750	C3	41	80	0
2872	337.902344	339.598958	C4	44	80	0
2873	337.903646	339.179688	G#4	51	80	0
2874	340.664062	341.082031	C#5	62	80	0
2875	340.666667	341.055990	Bb4	55	80	0
2876	340.684896	341.089844	Bb3	40	80	0
2877	340.695312	341.139323	G3	39	80	0
2878	340.705729	341.169271	E3	34	80	0
2879	340.705729	341.089844	E4	38	80	0
2880	341.287760	344.218750	C#5	78	80	0
2881	341.317708	342.479167	Bb4	60	80	0
2882	341.324219	343.179688	Bb3	47	80	0
2883	341.333333	343.509115	G3	40	80	0
2884	341.338542	343.979167	E3	35	80	0
2885	341.339844	343.199219	E4	38	80	0
2886	344.042969	344.519531	C5	49	80	0
2887	344.074219	344.449219	G#4	32	80	0
2888	344.075521	344.438802	G#3	30	80	0
2889	344.082031	344.429688	F3	26	80	0
2890	344.083333	344.500000	F4	30	80	0
2891	344.686198	347.500000	C5	54	80	0
2892	344.703125	346.529948	G#3	36	80	0
2893	344.712240	346.709635	F3	33	80	0
2894	344.713542	347.339844	G#4	42	80	0
2895	344.714844	345.069010	C4	32	80	0
2896	347.765625	348.188802	Eb5	42	80	0
2897	347.773438	348.149740	G4	32	80	0
2898	347.773438	348.250000	Bb3	33	80	0
2899	347.774740	348.209635	Eb3	29	80	0
2900	347.776042	347.889323	Eb4	31	80	0
2901	348.622396	351.089844	Eb5	41	80	0
2902	348.635417	350.500000	G4	29	80	0
2903	348.639323	350.309896	Bb3	25	80	0
2904	348.643229	350.889323	Eb3	26	80	0
2905	348.644531	349.359375	Eb4	30	80	0
2906	350.863281	351.378906	G#4	35	80	0
2907	350.864583	351.938802	C4	36	80	0
2908	350.865885	352.000000	G#3	31	80	0
2909	350.894531	351.709635	Eb3	25	80	0
2910	351.192708	351.282552	Eb5	46	80	0
2911	351.324219	351.549479	C5	49	80	0
2912	351.463542	351.542969	Eb5	45	80	0
2913	351.578125	351.750000	G#5	50	80	0
2914	351.725260	351.809896	Eb5	45	80	0
2915	351.808594	351.882812	C5	48	80	0
2916	351.924479	352.059896	Eb5	51	80	0
2917	352.074219	352.132812	G#4	37	80	0
2918	352.188802	352.253906	Eb4	48	80	0
2919	352.304688	352.355469	C4	42	80	0
2920	352.399740	352.539062	Eb4	49	80	0
2921	352.550781	352.641927	G#3	54	80	0
2922	352.575521	352.688802	C4	39	80	0
2923	352.686198	352.755208	Eb3	58	80	0
2924	352.820312	352.906250	C3	54	80	0
2925	352.916667	353.269531	Eb3	62	80	0
2926	353.045573	353.289062	G#2	48	80	0
2927	353.154948	353.251302	Eb2	48	80	0
2928	353.283854	353.459635	C2	43	80	0
2929	353.394531	353.589844	Eb2	50	80	0
2930	353.522135	353.611979	G#1	45	80	0
2931	353.648438	353.889323	C2	44	80	0
2932	353.774740	354.949219	Eb2	43	80	0
2933	353.906250	354.069010	G#2	54	80	0
2934	354.071615	354.309896	G2	52	80	0
2935	354.074219	354.529948	Bb2	51	80	0
2936	354.074219	354.259115	Eb3	51	80	0
2937	354.266927	354.326823	Eb3	43	80	0
2938	354.367188	354.455729	C#3	44	80	0
2939	354.473958	354.601562	Eb3	59	80	0
2940	354.644531	354.859375	G3	48	80	0
2941	354.792969	354.863281	Eb3	54	80	0
2942	354.899740	354.984375	C#3	52	80	0
2943	355.002604	355.468750	Eb3	63	80	0
2944	355.134115	355.709635	Bb2	55	80	0
2945	355.144531	355.908854	Eb2	56	80	0
2946	355.157552	355.688802	Bb1	51	80	0
2947	355.171875	355.459635	G3	49	80	0
2948	355.290365	355.419271	Eb4	57	80	0
2949	355.414062	355.496094	C#4	59	80	0
2950	355.515625	355.584635	Eb4	62	80	0
2951	355.648438	355.730469	G4	52	80	0
2952	355.768229	355.854167	Eb4	57	80	0
2953	355.773438	355.869792	Bb3	51	80	0
2954	355.889323	356.009115	C#4	59	80	0
2955	356.035156	356.199219	Eb4	44	80	0
2956	356.127604	356.549479	Bb2	49	80	0
2957	356.140625	356.539062	Bb1	48	80	0
2958	356.143229	356.658854	Eb2	50	80	0
2959	356.286458	356.361979	Eb5	60	80	0
2960	356.382812	356.464844	C#5	63	80	0
2961	356.493490	356.588542	Eb5	66	80	0
2962	356.634115	356.742188	G5	60	80	0
2963	356.772135	356.851562	Eb5	59	80	0
2964	356.871094	356.967448	C#5	54	80	0
2965	356.992188	357.114583	Eb5	58	80	0
2966	357.122396	358.169271	C3	49	80	0
2967	357.152344	358.079427	Eb2	47	80	0
2968	357.154948	357.375000	G#5	64	80	0
2969	357.419271	357.609375	C6	61	80	0
2970	357.559896	357.640625	Eb6	58	80	0
2971	357.666667	357.878906	G#6	59	80	0
2972	357.794271	357.908854	Eb6	57	80	0
2973	357.873698	358.039062	C6	70	80	0
2974	358.000000	358.085938	Eb6	55	80	0
2975	358.122396	358.199219	G#5	53	80	0
2976	358.236979	358.296875	Eb5	61	80	0
2977	358.335938	358.423177	C5	59	80	0
2978	358.462240	358.542969	Eb5	63	80	0
2979	358.576823	358.654948	G#4	61	80	0
2980	358.700521	358.765625	Eb4	59	80	0
2981	358.815104	358.885417	C4	56	80	0
2982	358.932292	359.022135	Eb4	54	80	0
2983	359.057292	359.148438	G#3	55	80	0
2984	359.063802	359.279948	C4	50	80	0
2985	359.196615	359.272135	Eb3	57	80	0
2986	359.303385	359.539062	C3	58	80	0
2987	359.417969	359.518229	Eb3	67	80	0
2988	359.554688	359.949219	G#2	61	80	0
2989	359.677083	359.761719	Eb3	61	80	0
2990	359.804688	360.065104	C3	60	80	0
2991	359.916667	360.119792	Eb3	59	80	0
2992	360.085938	360.479167	Bb2	56	80	0
2993	360.087240	360.718750	G2	59	80	0
2994	360.089844	361.079427	Eb2	57	80	0
2995	360.246094	360.328125	Eb3	52	80	0
2996	360.346354	360.529948	C#3	65	80	0
2997	360.464844	360.544271	Eb3	61	80	0
2998	360.589844	360.692708	Bb3	63	80	0
2999	360.726562	360.794271	Eb3	54	80	0
3000	360.834635	361.098958	C#3	54	80	0
3001	360.944010	361.059896	Eb3	54	80	0
3002	361.088542	361.329427	Bb3	64	80	0
3003	361.102865	361.569010	Eb3	59	80	0
3004	361.108073	362.579427	G2	55	80	0
3005	361.233073	361.345052	Eb4	59	80	0
3006	361.364583	361.453125	C#4	59	80	0
3007	361.496094	361.570312	Eb4	60	80	0
3008	361.611979	361.769531	Bb4	69	80	0
3009	361.734375	361.795573	Eb4	59	80	0
3010	361.854167	361.968750	C#4	66	80	0
3011	362.023438	362.139323	Eb4	47	80	0
3012	362.074219	362.438802	G3	52	80	0
3013	362.093750	364.049479	Eb3	52	80	0
3014	362.115885	362.191406	Bb4	67	80	0
3015	362.243490	362.305990	Eb5	64	80	0
3016	362.356771	362.658854	Bb3	52	80	0
3017	362.359375	362.433594	C#5	62	80	0
3018	362.473958	362.572917	Eb5	64	80	0
3019	362.516927	362.769531	G3	46	80	0
3020	362.604167	362.692708	Bb5	76	80	0
3021	362.733073	362.802083	Eb5	62	80	0
3022	362.839844	362.916667	C#5	61	80	0
3023	362.953125	363.063802	Eb5	68	80	0
3024	363.096354	363.769531	G#2	55	80	0
3025	363.096354	363.750000	G#3	53	80	0
3026	363.097656	363.216146	C5	61	80	0
3027	363.243490	363.324219	Eb5	63	80	0
3028	363.364583	363.442708	C5	59	80	0
3029	363.470052	363.575521	Eb5	69	80	0
3030	363.604167	363.716146	C6	73	80	0
3031	363.739583	363.805990	Eb5	69	80	0
3032	363.839844	363.959635	C6	61	80	0
3033	363.845052	363.914062	C5	60	80	0
3034	363.975260	364.048177	Eb5	60	80	0
3035	364.095052	364.199219	C#5	68	80	0
3036	364.097656	364.479167	F4	55	80	0
3037	364.101562	364.718750	G#3	58	80	0
3038	364.102865	364.569010	F3	57	80	0
3039	364.222656	364.296875	G#5	67	80	0
3040	364.333333	364.423177	C#5	71	80	0
3041	364.447917	364.563802	G#5	72	80	0
3042	364.569010	364.684896	C#6	81	80	0
3043	364.699219	364.763021	G#5	71	80	0
3044	364.798177	364.919271	F5	64	80	0
3045	364.915365	364.994792	G#5	63	80	0
3046	365.036458	365.309896	Eb5	77	80	0
3047	365.069010	365.489583	C4	54	80	0
3048	365.095052	365.549479	G#3	46	80	0
3049	365.096354	365.449219	C3	49	80	0
3050	365.212240	365.296875	Eb6	64	80	0
3051	365.315104	365.416667	G#5	66	80	0
3052	365.432292	365.527344	Eb6	75	80	0
3053	365.554688	365.859375	E5	83	80	0
3054	365.605469	365.959635	G#3	54	80	0
3055	365.606771	365.989583	C3	54	80	0
3056	365.606771	365.959635	C4	49	80	0
3057	365.726562	365.833333	E6	74	80	0
3058	365.861979	365.955729	G#5	73	80	0
3059	365.990885	366.091146	E6	74	80	0
3060	366.117188	366.244792	F5	86	80	0
3061	366.140625	366.769531	C#4	57	80	0
3062	366.141927	366.789062	G#3	61	80	0
3063	366.147135	366.899740	C#3	59	80	0
3064	366.282552	366.438802	F6	84	80	0
3065	366.402344	366.463542	F5	78	80	0
3066	366.506510	366.669271	G#5	77	80	0
3067	366.628906	366.744792	F6	91	80	0
3068	366.763021	366.855469	C#6	82	80	0
3069	366.871094	366.955729	G#5	80	80	0
3070	366.985677	367.082031	C#6	86	80	0
3071	367.104167	367.979167	G5	86	80	0
3072	367.140625	367.979167	Bb3	71	80	0
3073	367.161458	367.899740	Bb2	67	80	0
3074	367.167969	368.049479	Eb3	71	80	0
3075	367.270833	367.381510	Eb6	84	80	0
3076	367.311198	367.378906	C#6	71	80	0
3077	367.388021	367.649740	C#6	87	80	0
3078	367.502604	367.627604	Eb6	87	80	0
3079	367.634115	367.768229	G6	97	80	0
3080	367.769531	367.876302	Eb6	81	80	0
3081	367.888021	368.188802	C#6	84	80	0
3082	367.993490	368.118490	Eb6	87	80	0
3083	368.138021	368.589844	G5	88	80	0
3084	368.148438	368.569010	C4	76	80	0
3085	368.164062	368.598958	Eb3	72	80	0
3086	368.166667	368.509115	C3	66	80	0
3087	368.291667	368.539062	G6	92	80	0
3088	368.423177	368.848958	C6	83	80	0
3089	368.424479	368.699219	Eb6	69	80	0
3090	368.552083	368.694010	G6	91	80	0
3091	368.713542	369.239583	G#5	89	80	0
3092	368.713542	369.359375	C4	77	80	0
3093	368.721354	369.259115	C3	72	80	0
3094	368.727865	369.500000	Eb3	75	80	0
3095	368.876302	369.250000	G#6	82	80	0
3096	369.063802	369.329427	C6	77	80	0
3097	369.063802	369.319010	Eb6	71	80	0
3098	369.263021	369.429688	G#6	94	80	0
3099	369.833333	371.809896	F5	84	80	0
3100	369.868490	370.519531	G#3	44	80	0
3101	369.873698	371.489583	C#3	49	80	0
3102	369.875000	371.419271	C#4	45	80	0
3103	370.523438	371.389323	A3	40	80	0
3104	371.063802	371.789062	Bb3	46	80	0
3105	371.354167	371.692708	Bb4	54	80	0
3106	371.704427	371.988281	C5	62	80	0
3107	371.723958	372.059896	Eb3	32	80	0
3108	371.731771	372.019531	C4	42	80	0
3109	371.963542	372.389323	C#5	74	80	0
3110	371.986979	372.149740	C#4	57	80	0
3111	372.295573	373.250000	G4	68	80	0
3112	372.333333	373.489583	Bb3	41	80	0
3113	372.343750	372.718750	G3	37	80	0
3114	372.364583	373.188802	Eb3	40	80	0
3115	372.992188	374.216146	Eb5	80	80	0
3116	372.992188	373.000000	G2	39	80	0
3117	373.824219	375.479167	Eb4	40	80	0
3118	373.824219	375.019531	C4	32	80	0
3119	374.248698	374.546875	C#5	54	80	0
3120	374.582031	375.489583	C5	50	80	0
3121	374.865885	375.175781	C6	70	80	0
3122	375.134115	375.423177	Bb5	88	80	0
3123	375.388021	375.799479	G5	79	80	0
3124	375.388021	375.399740	G2	43	80	0
3125	375.653646	375.975260	Bb5	88	80	0
3126	375.684896	376.000000	G#3	40	80	0
3127	375.684896	376.069010	C4	43	80	0
3128	375.930990	376.322917	G#5	86	80	0
3129	376.269531	376.751302	C6	81	80	0
3130	376.313802	377.149740	G#3	42	80	0
3131	376.316406	377.069010	C4	39	80	0
3132	376.699219	377.419271	G#5	83	80	0
3133	377.065104	377.424479	Eb5	82	80	0
3134	377.401042	378.000000	E5	79	80	0
3135	377.425781	377.589844	G#3	46	80	0
3136	377.442708	377.750000	C4	44	80	0
3137	377.886719	380.408854	F5	76	80	0
3138	377.902344	378.718750	C#3	45	80	0
3139	377.912760	378.319010	C#4	45	80	0
3140	378.361979	378.709635	A3	37	80	0
3141	378.675781	379.000000	Bb3	44	80	0
3142	378.944010	379.279948	C4	52	80	0
3143	379.234375	379.658854	C#4	50	80	0
3144	379.537760	380.259115	Bb4	61	80	0
3145	379.553385	379.919271	C#3	37	80	0
3146	379.854167	380.164062	C5	68	80	0
3147	379.865885	380.179688	Eb3	45	80	0
3148	380.135417	380.500000	C#5	67	80	0
3149	380.144531	380.459635	F3	47	80	0
3150	380.441406	381.229167	G4	76	80	0
3151	380.468750	381.239583	Eb3	49	80	0
3152	380.757812	381.259115	Eb2	55	80	0
3153	381.119792	382.239583	Eb5	84	80	0
3154	381.130208	382.000000	F2	61	80	0
3155	381.493490	382.179688	G2	80	80	0
3156	382.087240	383.848958	C5	78	80	0
3157	382.104167	383.250000	G#4	68	80	0
3158	382.111979	384.399740	Eb4	61	80	0
3159	382.134115	384.809896	G#2	54	80	0
3160	382.138021	382.609375	G#3	57	80	0
3161	383.596354	385.869792	C#5	79	80	0
3162	383.613281	385.779948	G#4	61	80	0
3163	383.654948	385.209635	F2	44	80	0
3164	384.378906	386.039062	C#2	61	80	0
3165	384.382812	385.789062	F4	73	80	0
3166	385.337240	385.979167	Bb4	85	80	0
3167	385.358073	385.679688	G2	70	80	0
3168	386.062500	386.938802	G4	75	80	0
3169	386.062500	386.949219	E4	73	80	0
3170	386.063802	386.839844	C#5	87	80	0
3171	386.072917	387.500000	Bb1	66	80	0
3172	386.074219	390.529948	Bb2	69	80	0
3173	387.204427	390.089844	E4	86	80	0
3174	387.207031	391.619792	G4	79	80	0
3175	387.207031	391.658854	C#5	79	80	0
3176	389.364583	391.169271	Eb4	42	80	0
3177	391.575521	392.598958	C5	36	80	0
3178	391.595052	392.649740	G#4	33	80	0
3179	391.601562	392.500000	C4	23	80	0
3180	391.601562	392.579427	Eb4	26	80	0
3181	391.622396	392.628906	G#1	21	80	0
3182	391.626302	392.598958	G#2	20	80	0
3183	394.122396	397.500000	C5	35	80	0
3184	394.147135	397.500000	G#4	30	80	0
3185	394.153646	397.500000	Eb4	22	80	0
3186	394.164062	397.500000	C4	16	80	0
3187	394.197917	397.500000	G#1	11	80	0
#SusPed	0.079427	70	0
#SusPed	3.079427	0	0
#SusPed	3.093750	95	0
#SusPed	3.199219	0	0
#SusPed	3.205729	94	0
#SusPed	4.079427	0	0
#SusPed	4.084635	68	0
#SusPed	4.279948	0	0
#SusPed	4.289062	74	0
#SusPed	5.279948	0	0
#SusPed	5.289062	63	0
#SusPed	5.569010	0	0
#SusPed	5.580729	67	0
#SusPed	7.459635	0	0
#SusPed	7.466146	91	0
#SusPed	7.549479	0	0
#SusPed	7.562500	87	0
#SusPed	7.679688	0	0
#SusPed	7.684896	80	0
#SusPed	8.408854	0	0
#SusPed	8.424479	86	0
#SofPed	8.891927	84	0
#SofPed	8.959635	0	0
#SofPed	8.973958	82	0
#SofPed	9.069010	0	0
#SofPed	9.083333	77	0
#SusPed	9.149740	0	0
#SusPed	9.164062	71	0
#SofPed	9.299479	0	0
#SofPed	9.311198	73	0
#SofPed	9.468750	0	0
#SofPed	9.481771	79	0
#SofPed	9.569010	0	0
#SofPed	9.576823	82	0
#SusPed	9.609375	0	0
#SusPed	9.623698	71	0
#SofPed	9.839844	0	0
#SofPed	9.843750	80	0
#SofPed	9.878906	0	0
#SofPed	9.885417	81	0
#SusPed	10.239583	0	0
#SusPed	10.244792	74	0
#SusPed	10.438802	0	0
#SusPed	10.446615	67	0
#SofPed	10.449219	0	0
#SofPed	10.454427	79	0
#SusPed	11.039062	0	0
#SusPed	11.046875	73	0
#SusPed	11.359375	0	0
#SusPed	11.372396	76	0
#SofPed	11.679688	0	0
#SofPed	11.684896	110	0
#SusPed	12.619792	0	0
#SusPed	12.625000	72	0
#SusPed	12.859375	0	0
#SusPed	12.868490	73	0
#SusPed	16.419271	0	0
#SusPed	16.432292	82	0
#SofPed	16.509115	0	0
#SofPed	16.522135	85	0
#SofPed	16.639323	0	0
#SofPed	16.651042	84	0
#SusPed	16.889323	0	0
#SusPed	16.895833	77	0
#SofPed	16.908854	0	0
#SofPed	16.917969	81	0
#SusPed	17.069010	0	0
#SusPed	17.075521	74	0
#SofPed	17.079427	0	0
#SofPed	17.093750	82	0
#SusPed	17.139323	0	0
#SusPed	17.144531	69	0
#SusPed	17.179688	0	0
#SusPed	17.186198	67	0
#SofPed	17.199219	0	0
#SofPed	17.210938	94	0
#SofPed	17.329427	0	0
#SofPed	17.335938	96	0
#SofPed	17.658854	0	0
#SofPed	17.666667	97	0
#SusPed	18.039062	0	0
#SusPed	18.046875	71	0
#SusPed	18.239583	0	0
#SusPed	18.252604	62	0
#SofPed	18.519531	0	0
#SofPed	18.531250	66	0
#SusPed	18.549479	0	0
#SusPed	18.557292	64	0
#SofPed	18.789062	0	0
#SofPed	18.803385	80	0
#SusPed	18.859375	0	0
#SusPed	18.873698	71	0
#SofPed	18.989583	0	0
#SofPed	18.996094	94	0
#SofPed	19.229167	0	0
#SofPed	19.235677	101	0
#SusPed	19.459635	0	0
#SusPed	19.464844	86	0
#SusPed	21.098958	0	0
#SusPed	21.110677	91	0
#SusPed	21.218750	0	0
#SusPed	21.234375	93	0
#SusPed	21.289062	0	0
#SusPed	21.294271	97	0
#SusPed	21.509115	0	0
#SusPed	21.514323	98	0
#SusPed	21.619792	0	0
#SusPed	21.625000	94	0
#SusPed	22.089844	0	0
#SusPed	22.096354	85	0
#SofPed	22.500000	0	0
#SusPed	22.729167	0	0
#SusPed	22.735677	79	0
#SusPed	22.949219	0	0
#SusPed	22.954427	88	0
#SusPed	23.500000	0	0
#SusPed	23.513021	99	0
#SusPed	23.799479	0	0
#SusPed	23.808594	75	0
#SusPed	23.989583	0	0
#SusPed	23.996094	87	0
#SofPed	24.481771	106	0
#SusPed	24.539062	0	0
#SusPed	24.553385	89	0
#SofPed	24.579427	0	0
#SofPed	24.587240	107	0
#SusPed	24.709635	0	0
#SusPed	24.716146	92	0
#SofPed	24.718750	0	0
#SofPed	24.729167	105	0
#SofPed	24.819010	0	0
#SofPed	24.826823	106	0
#SofPed	24.899740	0	0
#SofPed	24.904948	104	0
#SofPed	25.229167	0	0
#SofPed	25.236979	101	0
#SofPed	25.299479	0	0
#SofPed	25.311198	97	0
#SusPed	25.919271	0	0
#SusPed	25.928385	67	0
#SusPed	26.069010	0	0
#SusPed	26.080729	84	0
#SusPed	28.938802	0	0
#SusPed	28.951823	92	0
#SusPed	29.199219	0	0
#SusPed	29.205729	85	0
#SofPed	31.309896	0	0
#SusPed	32.029948	0	0
#SusPed	32.036458	67	0
#SusPed	32.188802	0	0
#SusPed	32.199219	79	0
#SofPed	32.854167	65	0
#SusPed	35.149740	0	0
#SusPed	35.164062	73	0
#SusPed	35.319010	0	0
#SusPed	35.325521	82	0
#SofPed	35.529948	0	0
#SofPed	35.544271	48	0
#SofPed	35.799479	0	0
#SofPed	35.805990	66	0
#SofPed	35.929688	0	0
#SofPed	35.934896	70	0
#SofPed	36.009115	0	0
#SofPed	36.015625	69	0
#SofPed	36.059896	0	0
#SofPed	36.063802	69	0
#SofPed	36.149740	0	0
#SofPed	36.156250	77	0
#SofPed	36.459635	0	0
#SofPed	36.464844	71	0
#SofPed	36.529948	0	0
#SofPed	36.535156	67	0
#SofPed	36.829427	0	0
#SofPed	36.839844	50	0
#SusPed	37.229167	0	0
#SusPed	37.240885	69	0
#SusPed	37.789062	0	0
#SusPed	37.802083	72	0
#SusPed	37.899740	0	0
#SusPed	37.904948	74	0
#SusPed	38.438802	0	0
#SusPed	38.454427	77	0
#SusPed	38.609375	0	0
#SusPed	38.623698	72	0
#SofPed	39.559896	0	0
#SofPed	39.565104	81	0
#SofPed	39.619792	0	0
#SofPed	39.632812	83	0
#SofPed	39.919271	0	0
#SofPed	39.927083	82	0
#SusPed	40.809896	0	0
#SusPed	40.817708	67	0
#SusPed	40.929688	0	0
#SusPed	40.936198	77	0
#SofPed	41.239583	0	0
#SofPed	41.252604	96	0
#SusPed	41.408854	0	0
#SusPed	41.424479	84	0
#SofPed	41.529948	0	0
#SofPed	41.541667	96	0
#SofPed	41.759115	0	0
#SofPed	41.770833	99	0
#SusPed	42.109375	0	0
#SusPed	42.119792	63	0
#SofPed	42.128906	0	0
#SofPed	42.136719	103	0
#SusPed	42.209635	0	0
#SusPed	42.223958	68	0
#SofPed	42.239583	0	0
#SofPed	42.248698	103	0
#SofPed	42.339844	0	0
#SofPed	42.351562	105	0
#SofPed	42.479167	0	0
#SofPed	42.484375	105	0
#SusPed	45.119792	0	0
#SusPed	45.125000	78	0
#SusPed	45.279948	0	0
#SusPed	45.292969	64	0
#SusPed	48.149740	0	0
#SusPed	48.154948	65	0
#SusPed	48.269531	0	0
#SusPed	48.274740	82	0
#SofPed	48.489583	0	0
#SusPed	51.029948	0	0
#SusPed	51.044271	77	0
#SusPed	51.149740	0	0
#SusPed	51.164062	89	0
#SusPed	51.289062	0	0
#SusPed	51.296875	100	0
#SusPed	52.019531	0	0
#SusPed	52.033854	98	0
#SofPed	52.104167	39	0
#SofPed	52.158854	0	0
#SofPed	52.171875	42	0
#SofPed	52.529948	0	0
#SofPed	52.535156	44	0
#SofPed	52.628906	0	0
#SofPed	52.641927	50	0
#SusPed	53.039062	0	0
#SusPed	53.046875	94	0
#SusPed	53.919271	0	0
#SofPed	53.929688	0	0
#SusPed	53.930990	83	0
#SofPed	53.942708	89	0
#SusPed	54.089844	0	0
#SusPed	54.095052	91	0
#SofPed	54.169271	0	0
#SofPed	54.177083	83	0
#SofPed	54.279948	0	0
#SofPed	54.286458	84	0
#SofPed	54.378906	0	0
#SofPed	54.391927	76	0
#SofPed	54.609375	0	0
#SofPed	54.622396	78	0
#SofPed	54.750000	0	0
#SofPed	54.757812	75	0
#SofPed	54.848958	0	0
#SofPed	54.858073	76	0
#SofPed	54.968750	0	0
#SofPed	54.983073	75	0
#SofPed	55.059896	0	0
#SofPed	55.067708	70	0
#SofPed	55.199219	0	0
#SofPed	55.210938	65	0
#SofPed	55.279948	0	0
#SofPed	55.294271	60	0
#SofPed	55.399740	0	0
#SofPed	55.412760	54	0
#SofPed	55.549479	0	0
#SofPed	55.562500	47	0
#SofPed	55.688802	0	0
#SofPed	55.699219	55	0
#SofPed	55.809896	0	0
#SofPed	55.815104	63	0
#SofPed	56.009115	0	0
#SofPed	56.016927	59	0
#SofPed	56.139323	0	0
#SofPed	56.152344	43	0
#SofPed	56.339844	0	0
#SofPed	56.345052	45	0
#SusPed	56.829427	0	0
#SusPed	56.842448	72	0
#SusPed	57.000000	0	0
#SusPed	57.014323	94	0
#SofPed	57.158854	0	0
#SofPed	57.169271	46	0
#SofPed	57.239583	0	0
#SofPed	57.252604	44	0
#SofPed	57.419271	0	0
#SofPed	57.430990	46	0
#SofPed	57.509115	0	0
#SofPed	57.515625	43	0
#SofPed	57.639323	0	0
#SofPed	57.645833	43	0
#SofPed	57.739583	0	0
#SofPed	57.753906	41	0
#SofPed	57.799479	0	0
#SofPed	57.811198	38	0
#SusPed	57.878906	0	0
#SusPed	57.891927	63	0
#SusPed	58.009115	0	0
#SofPed	58.009115	0	0
#SusPed	58.016927	95	0
#SofPed	58.018229	29	0
#SofPed	58.098958	0	0
#SofPed	58.105469	30	0
#SofPed	58.188802	0	0
#SofPed	58.201823	39	0
#SofPed	58.369792	0	0
#SofPed	58.377604	46	0
#SofPed	58.549479	0	0
#SofPed	58.561198	44	0
#SusPed	58.739583	0	0
#SusPed	58.752604	92	0
#SofPed	58.779948	0	0
#SofPed	58.792969	54	0
#SusPed	58.889323	0	0
#SusPed	58.903646	78	0
#SofPed	58.938802	0	0
#SofPed	58.951823	61	0
#SofPed	59.069010	0	0
#SofPed	59.083333	65	0
#SofPed	59.149740	0	0
#SofPed	59.160156	72	0
#SofPed	59.289062	0	0
#SofPed	59.294271	70	0
#SofPed	59.399740	0	0
#SofPed	59.407552	69	0
#SusPed	59.669271	0	0
#SusPed	59.683594	78	0
#SofPed	59.688802	0	0
#SofPed	59.697917	74	0
#SusPed	59.809896	0	0
#SusPed	59.816406	98	0
#SofPed	59.859375	0	0
#SofPed	59.869792	73	0
#SofPed	60.000000	0	0
#SofPed	60.011719	66	0
#SofPed	60.069010	0	0
#SofPed	60.083333	59	0
#SofPed	60.229167	0	0
#SofPed	60.243490	52	0
#SofPed	60.339844	0	0
#SofPed	60.354167	55	0
#SofPed	60.500000	0	0
#SofPed	60.507812	54	0
#SofPed	60.598958	0	0
#SofPed	60.604167	51	0
#SofPed	60.658854	0	0
#SofPed	60.666667	44	0
#SofPed	60.839844	0	0
#SofPed	60.845052	30	0
#SofPed	60.949219	0	0
#SofPed	60.955729	23	0
#SofPed	61.079427	0	0
#SofPed	61.085938	25	0
#SofPed	61.188802	0	0
#SofPed	61.196615	30	0
#SofPed	61.299479	0	0
#SofPed	61.313802	36	0
#SofPed	61.429688	0	0
#SofPed	61.438802	29	0
#SusPed	61.658854	0	0
#SofPed	61.658854	0	0
#SusPed	61.664062	72	0
#SofPed	61.665365	34	0
#SusPed	61.789062	0	0
#SusPed	61.795573	87	0
#SofPed	61.809896	0	0
#SofPed	61.819010	29	0
#SofPed	61.878906	0	0
#SofPed	61.886719	30	0
#SofPed	62.039062	0	0
#SofPed	62.049479	29	0
#SofPed	62.149740	0	0
#SofPed	62.158854	22	0
#SofPed	62.259115	0	0
#SofPed	62.273438	31	0
#SofPed	62.329427	0	0
#SofPed	62.343750	31	0
#SofPed	62.489583	0	0
#SofPed	62.503906	39	0
#SusPed	62.559896	0	0
#SusPed	62.571615	88	0
#SofPed	62.579427	0	0
#SofPed	62.591146	41	0
#SusPed	62.679688	0	0
#SusPed	62.694010	94	0
#SofPed	62.750000	0	0
#SofPed	62.753906	34	0
#SofPed	62.989583	0	0
#SofPed	62.994792	38	0
#SusPed	63.049479	0	0
#SusPed	63.061198	86	0
#SusPed	63.188802	0	0
#SusPed	63.197917	95	0
#SusPed	64.059896	0	0
#SusPed	64.074219	77	0
#SusPed	64.169271	0	0
#SusPed	64.175781	70	0
#SusPed	64.549479	0	0
#SusPed	64.554688	84	0
#SusPed	64.669271	0	0
#SusPed	64.683594	73	0
#SusPed	65.109375	0	0
#SusPed	65.123698	95	0
#SusPed	65.289062	0	0
#SusPed	65.295573	86	0
#SusPed	66.188802	0	0
#SusPed	66.199219	69	0
#SofPed	66.199219	0	0
#SofPed	66.213542	49	0
#SofPed	66.468750	0	0
#SofPed	66.473958	86	0
#SofPed	66.699219	0	0
#SofPed	66.705729	90	0
#SofPed	66.809896	0	0
#SofPed	66.815104	94	0
#SofPed	66.899740	0	0
#SofPed	66.912760	92	0
#SofPed	66.979167	0	0
#SofPed	66.986979	98	0
#SusPed	67.729167	0	0
#SusPed	67.734375	65	0
#SofPed	67.829427	0	0
#SofPed	67.843750	92	0
#SusPed	67.908854	0	0
#SofPed	67.919271	0	0
#SusPed	67.920573	71	0
#SofPed	67.933594	94	0
#SofPed	68.059896	0	0
#SofPed	68.072917	85	0
#SusPed	70.000000	0	0
#SusPed	70.009115	62	0
#SusPed	70.938802	0	0
#SusPed	70.954427	71	0
#SusPed	71.718750	0	0
#SusPed	71.726562	54	0
#SusPed	71.878906	0	0
#SusPed	71.893229	73	0
#SofPed	72.319010	0	0
#SofPed	72.328125	72	0
#SofPed	72.519531	0	0
#SofPed	72.527344	77	0
#SofPed	72.598958	0	0
#SofPed	72.604167	80	0
#SofPed	72.759115	0	0
#SofPed	72.770833	68	0
#SofPed	72.878906	0	0
#SofPed	72.891927	64	0
#SusPed	72.968750	0	0
#SusPed	72.981771	63	0
#SofPed	73.098958	0	0
#SofPed	73.105469	72	0
#SusPed	73.158854	0	0
#SusPed	73.170573	61	0
#SofPed	73.429688	0	0
#SofPed	73.434896	72	0
#SofPed	73.579427	0	0
#SofPed	73.591146	74	0
#SusPed	73.709635	0	0
#SusPed	73.714844	69	0
#SofPed	73.750000	0	0
#SofPed	73.755208	67	0
#SofPed	74.239583	0	0
#SofPed	74.253906	55	0
#SusPed	74.279948	0	0
#SusPed	74.283854	58	0
#SusPed	74.399740	0	0
#SusPed	74.410156	73	0
#SofPed	74.419271	0	0
#SofPed	74.430990	63	0
#SusPed	74.789062	0	0
#SusPed	74.798177	77	0
#SofPed	74.959635	0	0
#SofPed	74.972656	67	0
#SofPed	75.029948	0	0
#SofPed	75.040365	72	0
#SofPed	75.319010	0	0
#SusPed	75.329427	0	0
#SofPed	75.330729	76	0
#SusPed	75.334635	61	0
#SusPed	75.569010	0	0
#SusPed	75.582031	61	0
#SofPed	75.589844	0	0
#SofPed	75.602865	82	0
#SusPed	75.709635	0	0
#SusPed	75.717448	67	0
#SofPed	75.809896	0	0
#SofPed	75.817708	77	0
#SusPed	75.839844	0	0
#SusPed	75.845052	73	0
#SofPed	75.908854	0	0
#SofPed	75.917969	68	0
#SusPed	76.259115	0	0
#SusPed	76.265625	57	0
#SofPed	76.279948	0	0
#SofPed	76.286458	50	0
#SofPed	76.479167	0	0
#SofPed	76.492188	89	0
#SusPed	76.500000	0	0
#SusPed	76.507812	58	0
#SofPed	76.559896	0	0
#SofPed	76.565104	97	0
#SusPed	76.699219	0	0
#SofPed	76.699219	0	0
#SusPed	76.712240	58	0
#SofPed	76.713542	105	0
#SofPed	76.968750	0	0
#SofPed	76.979167	102	0
#SusPed	77.049479	0	0
#SusPed	77.054688	76	0
#SofPed	77.069010	0	0
#SofPed	77.083333	98	0
#SofPed	77.199219	0	0
#SofPed	77.205729	98	0
#SusPed	77.489583	0	0
#SofPed	77.489583	0	0
#SofPed	77.502604	100	0
#SusPed	77.503906	70	0
#SusPed	77.769531	0	0
#SusPed	77.777344	62	0
#SusPed	77.829427	0	0
#SusPed	77.834635	71	0
#SusPed	78.359375	0	0
#SusPed	78.364583	64	0
#SusPed	78.509115	0	0
#SusPed	78.518229	80	0
#SofPed	78.589844	0	0
#SofPed	78.595052	81	0
#SofPed	78.729167	0	0
#SofPed	78.743490	51	0
#SusPed	78.919271	0	0
#SusPed	78.928385	69	0
#SofPed	78.938802	0	0
#SofPed	78.953125	47	0
#SusPed	79.079427	0	0
#SusPed	79.091146	86	0
#SofPed	79.109375	0	0
#SofPed	79.117188	54	0
#SusPed	79.549479	0	0
#SofPed	79.549479	0	0
#SofPed	79.561198	53	0
#SusPed	79.561198	85	0
#SusPed	79.699219	0	0
#SusPed	79.709635	46	0
#SofPed	79.869792	0	0
#SofPed	79.882812	50	0
#SusPed	79.908854	0	0
#SusPed	79.917969	85	0
#SofPed	80.669271	0	0
#SofPed	80.680990	25	0
#SusPed	80.848958	0	0
#SusPed	80.861979	97	0
#SofPed	81.089844	0	0
#SofPed	81.101562	33	0
#SusPed	81.109375	0	0
#SusPed	81.114583	86	0
#SusPed	81.938802	0	0
#SusPed	81.950521	82	0
#SofPed	81.968750	0	0
#SofPed	81.983073	56	0
#SofPed	82.209635	0	0
#SofPed	82.216146	64	0
#SofPed	82.500000	0	0
#SusPed	83.250000	0	0
#SusPed	83.255208	77	0
#SusPed	83.399740	0	0
#SusPed	83.411458	90	0
#SusPed	84.259115	0	0
#SusPed	84.268229	73	0
#SofPed	84.290365	69	0
#SusPed	84.378906	0	0
#SusPed	84.385417	101	0
#SofPed	84.389323	0	0
#SofPed	84.398438	85	0
#SofPed	84.769531	0	0
#SofPed	84.781250	71	0
#SofPed	84.878906	0	0
#SofPed	84.888021	60	0
#SofPed	84.959635	0	0
#SofPed	84.964844	65	0
#SofPed	85.059896	0	0
#SofPed	85.071615	67	0
#SofPed	85.139323	0	0
#SofPed	85.147135	72	0
#SofPed	85.250000	0	0
#SofPed	85.257812	74	0
#SofPed	85.319010	0	0
#SofPed	85.326823	71	0
#SofPed	85.429688	0	0
#SofPed	85.436198	73	0
#SofPed	85.479167	0	0
#SofPed	85.494792	69	0
#SofPed	85.569010	0	0
#SofPed	85.576823	68	0
#SofPed	85.699219	0	0
#SofPed	85.710938	67	0
#SofPed	85.750000	0	0
#SofPed	85.755208	66	0
#SofPed	85.809896	0	0
#SofPed	85.824219	61	0
#SofPed	85.899740	0	0
#SofPed	85.908854	56	0
#SofPed	85.968750	0	0
#SofPed	85.979167	53	0
#SofPed	86.079427	0	0
#SofPed	86.087240	49	0
#SofPed	86.229167	0	0
#SofPed	86.243490	60	0
#SofPed	86.299479	0	0
#SofPed	86.307292	56	0
#SofPed	86.399740	0	0
#SofPed	86.404948	44	0
#SofPed	86.459635	0	0
#SofPed	86.468750	37	0
#SofPed	86.539062	0	0
#SofPed	86.552083	35	0
#SofPed	86.619792	0	0
#SofPed	86.625000	30	0
#SofPed	86.688802	0	0
#SofPed	86.697917	27	0
#SofPed	86.889323	0	0
#SofPed	86.895833	38	0
#SusPed	86.929688	0	0
#SusPed	86.937500	76	0
#SofPed	86.979167	0	0
#SofPed	86.990885	38	0
#SusPed	87.039062	0	0
#SofPed	87.039062	0	0
#SofPed	87.046875	33	0
#SusPed	87.049479	96	0
#SofPed	87.119792	0	0
#SofPed	87.125000	37	0
#SofPed	87.188802	0	0
#SofPed	87.204427	42	0
#SofPed	87.269531	0	0
#SofPed	87.277344	40	0
#SofPed	87.359375	0	0
#SofPed	87.368490	40	0
#SofPed	87.449219	0	0
#SofPed	87.460938	41	0
#SofPed	87.500000	0	0
#SofPed	87.510417	48	0
#SofPed	87.649740	0	0
#SofPed	87.654948	40	0
#SofPed	87.779948	0	0
#SofPed	87.785156	47	0
#SofPed	87.829427	0	0
#SusPed	88.059896	0	0
#SusPed	88.067708	62	0
#SusPed	88.158854	0	0
#SusPed	88.173177	92	0
#SusPed	89.079427	0	0
#SusPed	89.089844	61	0
#SusPed	89.179688	0	0
#SusPed	89.186198	87	0
#SusPed	90.259115	0	0
#SusPed	90.273438	63	0
#SusPed	90.348958	0	0
#SusPed	90.360677	95	0
#SusPed	93.729167	0	0
#SusPed	93.738281	71	0
#SusPed	93.829427	0	0
#SusPed	93.942708	89	0
#SusPed	95.009115	0	0
#SusPed	95.018229	62	0
#SusPed	95.119792	0	0
#SusPed	95.127604	82	0
#SusPed	95.658854	0	0
#SusPed	95.674479	96	0
#SusPed	95.819010	0	0
#SusPed	95.832031	79	0
#SusPed	96.029948	0	0
#SusPed	96.044271	76	0
#SusPed	96.949219	0	0
#SusPed	96.955729	80	0
#SusPed	97.149740	0	0
#SusPed	97.156250	81	0
#SusPed	97.549479	0	0
#SusPed	97.554688	104	0
#SusPed	98.069010	0	0
#SusPed	98.083333	84	0
#SusPed	98.259115	0	0
#SusPed	98.266927	83	0
#SusPed	98.479167	0	0
#SusPed	98.484375	92	0
#SusPed	98.619792	0	0
#SusPed	98.631510	96	0
#SusPed	98.968750	0	0
#SusPed	98.977865	92	0
#SusPed	99.158854	0	0
#SusPed	99.167969	79	0
#SusPed	99.259115	0	0
#SusPed	99.272135	101	0
#SusPed	99.449219	0	0
#SusPed	99.454427	98	0
#SusPed	99.589844	0	0
#SusPed	99.602865	91	0
#SusPed	99.658854	0	0
#SusPed	99.670573	82	0
#SusPed	100.089844	0	0
#SusPed	100.097656	77	0
#SusPed	100.289062	0	0
#SusPed	100.295573	81	0
#SusPed	100.699219	0	0
#SusPed	100.708333	94	0
#SusPed	100.750000	0	0
#SusPed	100.755208	90	0
#SusPed	101.769531	0	0
#SusPed	101.776042	74	0
#SusPed	102.000000	0	0
#SusPed	102.005208	84	0
#SusPed	102.089844	0	0
#SusPed	102.097656	89	0
#SusPed	102.878906	0	0
#SusPed	102.890625	66	0
#SusPed	102.968750	0	0
#SusPed	102.973958	85	0
#SusPed	103.718750	0	0
#SusPed	103.725260	91	0
#SusPed	104.119792	0	0
#SusPed	104.125000	84	0
#SusPed	105.339844	0	0
#SusPed	105.345052	65	0
#SusPed	106.079427	0	0
#SusPed	106.089844	77	0
#SusPed	106.389323	0	0
#SusPed	106.398438	66	0
#SusPed	107.000000	0	0
#SusPed	107.009115	67	0
#SusPed	107.649740	0	0
#SusPed	107.660156	79	0
#SusPed	108.009115	0	0
#SusPed	108.016927	72	0
#SusPed	108.968750	0	0
#SusPed	108.977865	76	0
#SusPed	109.269531	0	0
#SusPed	109.277344	69	0
#SusPed	110.049479	0	0
#SusPed	110.059896	70	0
#SusPed	110.199219	0	0
#SusPed	110.213542	84	0
#SusPed	111.218750	0	0
#SusPed	111.229167	92	0
#SusPed	111.479167	0	0
#SusPed	111.485677	64	0
#SusPed	111.619792	0	0
#SusPed	111.634115	77	0
#SofPed	111.696615	79	0
#SofPed	111.759115	0	0
#SofPed	111.765625	83	0
#SofPed	111.859375	0	0
#SofPed	111.864583	76	0
#SofPed	112.059896	0	0
#SofPed	112.072917	69	0
#SofPed	112.109375	0	0
#SofPed	112.119792	72	0
#SofPed	112.239583	0	0
#SofPed	112.252604	78	0
#SofPed	112.378906	0	0
#SofPed	112.390625	79	0
#SusPed	112.429688	0	0
#SusPed	112.444010	75	0
#SusPed	112.479167	0	0
#SusPed	112.484375	74	0
#SofPed	112.489583	0	0
#SofPed	112.503906	89	0
#SusPed	112.549479	0	0
#SusPed	112.563802	67	0
#SusPed	112.598958	0	0
#SofPed	112.609375	0	0
#SusPed	112.613281	65	0
#SofPed	112.623698	95	0
#SofPed	112.750000	0	0
#SofPed	112.764323	101	0
#SofPed	112.839844	0	0
#SofPed	112.848958	100	0
#SusPed	112.979167	0	0
#SusPed	112.993490	60	0
#SusPed	113.209635	0	0
#SusPed	113.223958	51	0
#SusPed	113.408854	0	0
#SusPed	113.419271	61	0
#SusPed	113.679688	0	0
#SusPed	113.687500	60	0
#SusPed	113.929688	0	0
#SusPed	113.940104	66	0
#SusPed	114.709635	0	0
#SusPed	114.721354	75	0
#SusPed	114.750000	0	0
#SusPed	114.757812	84	0
#SusPed	115.089844	0	0
#SusPed	115.101562	74	0
#SusPed	115.299479	0	0
#SusPed	115.309896	66	0
#SusPed	115.750000	0	0
#SusPed	115.759115	57	0
#SusPed	116.089844	0	0
#SusPed	116.097656	68	0
#SusPed	116.299479	0	0
#SusPed	116.313802	72	0
#SusPed	116.468750	0	0
#SusPed	116.480469	56	0
#SusPed	116.539062	0	0
#SusPed	116.549479	56	0
#SusPed	116.799479	0	0
#SusPed	116.805990	54	0
#SusPed	117.059896	0	0
#SusPed	117.072917	61	0
#SusPed	117.389323	0	0
#SusPed	117.401042	50	0
#SusPed	117.598958	0	0
#SusPed	117.605469	60	0
#SusPed	117.679688	0	0
#SusPed	117.684896	71	0
#SusPed	117.878906	0	0
#SusPed	117.891927	82	0
#SusPed	118.529948	0	0
#SusPed	118.536458	59	0
#SusPed	118.639323	0	0
#SusPed	118.653646	64	0
#SofPed	118.848958	0	0
#SusPed	119.378906	0	0
#SusPed	119.393229	93	0
#SusPed	119.438802	0	0
#SusPed	119.445312	85	0
#SusPed	119.619792	0	0
#SusPed	119.631510	66	0
#SusPed	119.859375	0	0
#SusPed	119.871094	56	0
#SusPed	120.139323	0	0
#SusPed	120.148438	52	0
#SusPed	120.979167	0	0
#SusPed	120.985677	76	0
#SusPed	122.000000	0	0
#SusPed	122.006510	65	0
#SusPed	122.250000	0	0
#SusPed	122.253906	89	0
#SusPed	123.289062	0	0
#SusPed	123.295573	68	0
#SusPed	123.688802	0	0
#SusPed	123.699219	62	0
#SusPed	123.989583	0	0
#SusPed	123.996094	66	0
#SusPed	124.279948	0	0
#SusPed	124.286458	54	0
#SusPed	124.779948	0	0
#SusPed	124.791667	58	0
#SusPed	125.089844	0	0
#SusPed	125.102865	54	0
#SusPed	125.539062	0	0
#SusPed	125.553385	66	0
#SusPed	125.649740	0	0
#SusPed	125.654948	74	0
#SusPed	126.158854	0	0
#SusPed	126.164062	87	0
#SusPed	126.489583	0	0
#SusPed	126.503906	68	0
#SusPed	126.688802	0	0
#SusPed	126.696615	78	0
#SusPed	127.658854	0	0
#SusPed	127.669271	68	0
#SusPed	127.859375	0	0
#SusPed	127.868490	72	0
#SofPed	128.752604	109	0
#SofPed	128.889323	0	0
#SofPed	128.894531	108	0
#SofPed	129.859375	0	0
#SofPed	129.873698	112	0
#SofPed	130.299479	0	0
#SofPed	130.304688	98	0
#SusPed	133.279948	0	0
#SusPed	133.285156	79	0
#SofPed	136.309896	0	0
#SusPed	136.878906	0	0
#SusPed	136.885417	98	0
#SusPed	140.218750	0	0
#SusPed	140.226562	60	0
#SusPed	140.369792	0	0
#SusPed	140.380208	82	0
#SusPed	146.079427	0	0
#SusPed	146.088542	99	0
#SusPed	146.279948	0	0
#SusPed	146.292969	68	0
#SusPed	148.549479	0	0
#SusPed	148.554688	88	0
#SofPed	148.688802	49	0
#SusPed	148.759115	0	0
#SusPed	148.770833	86	0
#SofPed	148.799479	0	0
#SofPed	148.812500	42	0
#SofPed	148.929688	0	0
#SofPed	148.937500	62	0
#SofPed	149.039062	0	0
#SofPed	149.053385	78	0
#SusPed	149.069010	0	0
#SusPed	149.075521	60	0
#SusPed	149.239583	0	0
#SusPed	149.250000	61	0
#SofPed	149.329427	0	0
#SofPed	149.341146	104	0
#SusPed	149.519531	0	0
#SusPed	149.526042	67	0
#SofPed	149.559896	0	0
#SofPed	149.569010	110	0
#SofPed	149.609375	0	0
#SofPed	149.619792	107	0
#SofPed	149.769531	0	0
#SofPed	149.777344	102	0
#SusPed	149.799479	0	0
#SusPed	149.804688	66	0
#SofPed	150.019531	0	0
#SofPed	150.026042	101	0
#SusPed	150.029948	0	0
#SusPed	150.040365	65	0
#SusPed	150.079427	0	0
#SusPed	150.084635	65	0
#SofPed	150.259115	0	0
#SofPed	150.272135	82	0
#SofPed	150.329427	0	0
#SofPed	150.343750	83	0
#SofPed	150.479167	0	0
#SofPed	150.484375	82	0
#SusPed	150.569010	0	0
#SusPed	150.579427	69	0
#SofPed	150.750000	0	0
#SofPed	150.755208	76	0
#SusPed	150.769531	0	0
#SusPed	150.777344	72	0
#SofPed	150.959635	0	0
#SofPed	150.970052	79	0
#SusPed	151.069010	0	0
#SofPed	151.069010	0	0
#SusPed	151.079427	70	0
#SofPed	151.079427	71	0
#SofPed	151.239583	0	0
#SofPed	151.244792	66	0
#SusPed	151.250000	0	0
#SusPed	151.255208	68	0
#SofPed	151.519531	0	0
#SofPed	151.533854	64	0
#SofPed	151.769531	0	0
#SofPed	151.774740	53	0
#SofPed	152.019531	0	0
#SofPed	152.024740	53	0
#SusPed	152.089844	0	0
#SusPed	152.096354	65	0
#SofPed	152.119792	0	0
#SofPed	152.134115	65	0
#SofPed	152.339844	0	0
#SofPed	152.345052	68	0
#SofPed	152.468750	0	0
#SofPed	152.480469	64	0
#SusPed	152.519531	0	0
#SusPed	152.527344	76	0
#SusPed	153.059896	0	0
#SusPed	153.074219	84	0
#SusPed	153.929688	0	0
#SusPed	153.936198	65	0
#SofPed	153.989583	0	0
#SofPed	154.003906	49	0
#SofPed	154.218750	0	0
#SofPed	154.233073	59	0
#SofPed	154.279948	0	0
#SofPed	154.292969	64	0
#SusPed	154.378906	0	0
#SusPed	154.384115	65	0
#SofPed	154.429688	0	0
#SofPed	154.444010	66	0
#SofPed	154.509115	0	0
#SofPed	154.522135	70	0
#SusPed	154.589844	0	0
#SusPed	154.596354	74	0
#SusPed	155.069010	0	0
#SusPed	155.080729	71	0
#SusPed	155.628906	0	0
#SusPed	155.643229	53	0
#SusPed	156.069010	0	0
#SusPed	156.078125	64	0
#SofPed	156.489583	0	0
#SofPed	156.494792	81	0
#SusPed	156.619792	0	0
#SusPed	156.626302	79	0
#SusPed	156.679688	0	0
#SusPed	156.684896	81	0
#SofPed	156.759115	0	0
#SofPed	156.772135	81	0
#SofPed	156.859375	0	0
#SofPed	156.868490	78	0
#SofPed	157.029948	0	0
#SofPed	157.039062	76	0
#SusPed	157.079427	0	0
#SusPed	157.089844	79	0
#SusPed	157.319010	0	0
#SusPed	157.326823	74	0
#SofPed	157.449219	0	0
#SofPed	157.455729	72	0
#SofPed	157.669271	0	0
#SofPed	157.674479	74	0
#SusPed	157.750000	0	0
#SusPed	157.757812	99	0
#SofPed	157.789062	0	0
#SofPed	157.804688	71	0
#SofPed	158.039062	0	0
#SofPed	158.044271	73	0
#SusPed	158.128906	0	0
#SusPed	158.143229	66	0
#SofPed	158.209635	0	0
#SofPed	158.223958	78	0
#SusPed	158.339844	0	0
#SusPed	158.348958	65	0
#SofPed	158.369792	0	0
#SofPed	158.384115	91	0
#SofPed	158.539062	0	0
#SofPed	158.552083	92	0
#SofPed	158.619792	0	0
#SofPed	158.628906	89	0
#SofPed	158.750000	0	0
#SofPed	158.763021	84	0
#SofPed	158.859375	0	0
#SofPed	158.864583	81	0
#SusPed	159.299479	0	0
#SusPed	159.305990	60	0
#SofPed	159.348958	0	0
#SofPed	159.361979	74	0
#SusPed	159.628906	0	0
#SusPed	159.639323	61	0
#SofPed	159.639323	0	0
#SofPed	159.652344	84	0
#SofPed	159.759115	0	0
#SofPed	159.774740	95	0
#SofPed	159.869792	0	0
#SofPed	159.876302	94	0
#SofPed	160.049479	0	0
#SofPed	160.063802	98	0
#SofPed	160.109375	0	0
#SofPed	160.117188	98	0
#SusPed	160.149740	0	0
#SusPed	160.161458	60	0
#SusPed	160.569010	0	0
#SusPed	160.583333	57	0
#SofPed	160.598958	0	0
#SofPed	160.611979	94	0
#SusPed	160.750000	0	0
#SusPed	160.755208	71	0
#SofPed	160.819010	0	0
#SofPed	160.832031	82	0
#SofPed	160.878906	0	0
#SofPed	160.885417	76	0
#SofPed	161.119792	0	0
#SofPed	161.131510	73	0
#SusPed	161.209635	0	0
#SusPed	161.214844	66	0
#SofPed	161.239583	0	0
#SofPed	161.246094	66	0
#SusPed	161.479167	0	0
#SofPed	161.489583	0	0
#SusPed	161.492188	82	0
#SofPed	161.498698	98	0
#SofPed	161.539062	0	0
#SofPed	161.550781	99	0
#SofPed	161.688802	0	0
#SofPed	161.701823	100	0
#SofPed	161.938802	0	0
#SofPed	161.944010	87	0
#SofPed	162.009115	0	0
#SofPed	162.022135	85	0
#SofPed	162.139323	0	0
#SofPed	162.151042	77	0
#SofPed	162.229167	0	0
#SofPed	162.243490	76	0
#SusPed	162.299479	0	0
#SusPed	162.304688	87	0
#SofPed	162.399740	0	0
#SofPed	162.408854	86	0
#SofPed	162.468750	0	0
#SofPed	162.481771	88	0
#SofPed	162.699219	0	0
#SofPed	162.714844	74	0
#SusPed	162.739583	0	0
#SusPed	162.753906	82	0
#SusPed	162.878906	0	0
#SusPed	162.886719	91	0
#SofPed	162.949219	0	0
#SofPed	162.957031	43	0
#SusPed	162.979167	0	0
#SusPed	162.993490	98	0
#SofPed	163.089844	0	0
#SofPed	163.104167	46	0
#SofPed	163.179688	0	0
#SofPed	163.184896	45	0
#SusPed	163.209635	0	0
#SusPed	163.216146	68	0
#SofPed	163.359375	0	0
#SofPed	163.364583	65	0
#SusPed	163.378906	0	0
#SusPed	163.391927	76	0
#SofPed	163.539062	0	0
#SofPed	163.549479	82	0
#SofPed	163.709635	0	0
#SofPed	163.722656	77	0
#SofPed	163.859375	0	0
#SofPed	163.864583	79	0
#SofPed	164.079427	0	0
#SofPed	164.084635	71	0
#SusPed	164.158854	0	0
#SusPed	164.173177	78	0
#SofPed	164.369792	0	0
#SofPed	164.377604	65	0
#SusPed	164.408854	0	0
#SusPed	164.415365	78	0
#SofPed	164.529948	0	0
#SofPed	164.541667	75	0
#SofPed	164.709635	0	0
#SofPed	164.714844	78	0
#SofPed	165.089844	0	0
#SofPed	165.101562	68	0
#SofPed	165.199219	0	0
#SofPed	165.212240	57	0
#SusPed	165.269531	0	0
#SusPed	165.283854	87	0
#SusPed	165.489583	0	0
#SusPed	165.497396	81	0
#SofPed	165.509115	0	0
#SofPed	165.522135	62	0
#SofPed	165.609375	0	0
#SofPed	165.622396	75	0
#SofPed	165.739583	0	0
#SofPed	165.746094	68	0
#SusPed	165.769531	0	0
#SusPed	165.778646	85	0
#SofPed	165.899740	0	0
#SofPed	165.911458	72	0
#SusPed	165.959635	0	0
#SusPed	165.964844	69	0
#SusPed	166.149740	0	0
#SusPed	166.156250	72	0
#SofPed	166.158854	0	0
#SofPed	166.171875	79	0
#SusPed	166.489583	0	0
#SusPed	166.496094	87	0
#SofPed	166.500000	0	0
#SofPed	166.505208	65	0
#SofPed	166.679688	0	0
#SusPed	166.688802	0	0
#SofPed	166.694010	68	0
#SusPed	166.694010	85	0
#SofPed	166.729167	0	0
#SofPed	166.735677	67	0
#SusPed	167.009115	0	0
#SusPed	167.023438	71	0
#SusPed	167.329427	0	0
#SusPed	167.343750	71	0
#SofPed	167.718750	0	0
#SofPed	167.727865	87	0
#SofPed	167.899740	0	0
#SofPed	167.907552	94	0
#SofPed	168.049479	0	0
#SusPed	168.059896	0	0
#SofPed	168.061198	96	0
#SusPed	168.065104	74	0
#SusPed	168.229167	0	0
#SofPed	168.229167	0	0
#SusPed	168.235677	64	0
#SofPed	168.243490	96	0
#SofPed	168.399740	0	0
#SofPed	168.412760	88	0
#SusPed	168.519531	0	0
#SofPed	168.519531	0	0
#SusPed	168.524740	81	0
#SofPed	168.533854	69	0
#SofPed	168.628906	0	0
#SofPed	168.635417	51	0
#SofPed	168.848958	0	0
#SofPed	168.855469	46	0
#SusPed	168.968750	0	0
#SusPed	168.981771	83	0
#SofPed	169.119792	0	0
#SusPed	169.128906	0	0
#SofPed	169.134115	50	0
#SusPed	169.136719	80	0
#SofPed	169.209635	0	0
#SofPed	169.214844	50	0
#SusPed	169.269531	0	0
#SusPed	169.276042	88	0
#SofPed	169.348958	0	0
#SofPed	169.354167	43	0
#SofPed	169.519531	0	0
#SofPed	169.531250	43	0
#SusPed	169.658854	0	0
#SusPed	169.665365	89	0
#SofPed	169.859375	0	0
#SofPed	169.867188	44	0
#SofPed	169.919271	0	0
#SofPed	169.924479	50	0
#SusPed	169.938802	0	0
#SusPed	169.945312	75	0
#SofPed	170.089844	0	0
#SofPed	170.101562	48	0
#SusPed	170.279948	0	0
#SusPed	170.290365	90	0
#SofPed	170.309896	0	0
#SofPed	170.316406	44	0
#SofPed	170.408854	0	0
#SofPed	170.416667	42	0
#SofPed	170.539062	0	0
#SofPed	170.554688	39	0
#SofPed	170.639323	0	0
#SofPed	170.645833	29	0
#SofPed	170.799479	0	0
#SofPed	170.807292	31	0
#SusPed	170.848958	0	0
#SusPed	170.854167	80	0
#SusPed	170.899740	0	0
#SusPed	170.911458	72	0
#SofPed	170.938802	0	0
#SofPed	170.953125	31	0
#SusPed	171.039062	0	0
#SofPed	171.039062	0	0
#SusPed	171.045573	63	0
#SofPed	171.050781	32	0
#SofPed	171.089844	0	0
#SofPed	171.101562	34	0
#SusPed	171.750000	0	0
#SusPed	171.764323	59	0
#SusPed	171.959635	0	0
#SusPed	171.967448	77	0
#SusPed	172.750000	0	0
#SusPed	172.755208	72	0
#SusPed	173.029948	0	0
#SusPed	173.036458	75	0
#SusPed	173.389323	0	0
#SusPed	173.401042	79	0
#SusPed	173.598958	0	0
#SusPed	173.611979	81	0
#SusPed	173.769531	0	0
#SusPed	173.781250	75	0
#SusPed	173.899740	0	0
#SusPed	173.908854	79	0
#SusPed	174.289062	0	0
#SusPed	174.300781	65	0
#SusPed	174.399740	0	0
#SusPed	174.404948	73	0
#SofPed	174.549479	0	0
#SofPed	174.563802	30	0
#SofPed	174.609375	0	0
#SofPed	174.614583	33	0
#SofPed	174.699219	0	0
#SofPed	174.714844	29	0
#SusPed	174.759115	0	0
#SusPed	174.765625	79	0
#SusPed	174.908854	0	0
#SusPed	174.915365	76	0
#SofPed	174.938802	0	0
#SofPed	174.944010	30	0
#SofPed	175.009115	0	0
#SofPed	175.022135	32	0
#SofPed	175.079427	0	0
#SofPed	175.088542	32	0
#SofPed	175.259115	0	0
#SofPed	175.273438	40	0
#SofPed	175.329427	0	0
#SofPed	175.338542	48	0
#SusPed	175.378906	0	0
#SusPed	175.385417	105	0
#SofPed	175.669271	0	0
#SofPed	175.674479	57	0
#SusPed	175.699219	0	0
#SusPed	175.705729	66	0
#SusPed	175.979167	0	0
#SusPed	175.985677	86	0
#SofPed	176.500000	0	0
#SofPed	176.510417	36	0
#SusPed	176.579427	0	0
#SusPed	176.589844	81	0
#SofPed	176.628906	0	0
#SofPed	176.638021	43	0
#SofPed	176.729167	0	0
#SofPed	176.742188	40	0
#SusPed	176.750000	0	0
#SusPed	176.761719	64	0
#SusPed	177.069010	0	0
#SusPed	177.083333	86	0
#SusPed	177.139323	0	0
#SusPed	177.149740	81	0
#SusPed	177.529948	0	0
#SusPed	177.541667	75	0
#SusPed	177.799479	0	0
#SusPed	177.813802	62	0
#SusPed	177.908854	0	0
#SusPed	177.923177	60	0
#SusPed	178.598958	0	0
#SusPed	178.614583	84	0
#SusPed	178.889323	0	0
#SusPed	178.897135	76	0
#SusPed	179.529948	0	0
#SusPed	179.542969	91	0
#SusPed	179.759115	0	0
#SusPed	179.773438	81	0
#SusPed	179.839844	0	0
#SusPed	179.848958	96	0
#SusPed	180.139323	0	0
#SusPed	180.144531	65	0
#SusPed	180.309896	0	0
#SusPed	180.315104	82	0
#SusPed	180.628906	0	0
#SusPed	180.636719	88	0
#SofPed	180.799479	0	0
#SofPed	180.807292	45	0
#SusPed	180.819010	0	0
#SusPed	180.828125	83	0
#SusPed	181.059896	0	0
#SusPed	181.065104	85	0
#SusPed	181.319010	0	0
#SusPed	181.326823	87	0
#SofPed	181.359375	0	0
#SofPed	181.372396	47	0
#SofPed	181.509115	0	0
#SofPed	181.516927	51	0
#SofPed	181.769531	0	0
#SofPed	181.781250	72	0
#SusPed	181.789062	0	0
#SusPed	181.803385	76	0
#SusPed	182.239583	0	0
#SofPed	182.239583	0	0
#SofPed	182.248698	64	0
#SusPed	182.252604	73	0
#SusPed	182.589844	0	0
#SusPed	182.596354	82	0
#SusPed	182.789062	0	0
#SusPed	182.798177	63	0
#SofPed	182.848958	0	0
#SofPed	182.863281	72	0
#SofPed	183.039062	0	0
#SofPed	183.045573	67	0
#SusPed	183.079427	0	0
#SusPed	183.092448	68	0
#SofPed	183.169271	0	0
#SofPed	183.175781	63	0
#SusPed	183.179688	0	0
#SusPed	183.188802	77	0
#SusPed	183.269531	0	0
#SusPed	183.281250	70	0
#SofPed	183.309896	0	0
#SofPed	183.324219	67	0
#SusPed	183.419271	0	0
#SusPed	183.424479	61	0
#SofPed	183.429688	0	0
#SofPed	183.434896	62	0
#SusPed	183.549479	0	0
#SusPed	183.554688	75	0
#SofPed	183.609375	0	0
#SofPed	183.622396	54	0
#SofPed	183.718750	0	0
#SofPed	183.733073	60	0
#SusPed	183.759115	0	0
#SusPed	183.772135	62	0
#SofPed	183.848958	0	0
#SofPed	183.858073	55	0
#SofPed	183.968750	0	0
#SusPed	183.979167	0	0
#SofPed	183.983073	56	0
#SusPed	183.992188	70	0
#SusPed	184.119792	0	0
#SofPed	184.128906	0	0
#SusPed	184.130208	62	0
#SofPed	184.140625	52	0
#SofPed	184.299479	0	0
#SofPed	184.305990	42	0
#SofPed	184.378906	0	0
#SofPed	184.393229	38	0
#SofPed	184.449219	0	0
#SofPed	184.463542	40	0
#SofPed	184.549479	0	0
#SofPed	184.554688	47	0
#SusPed	184.658854	0	0
#SofPed	184.669271	0	0
#SusPed	184.671875	74	0
#SofPed	184.683594	70	0
#SofPed	184.799479	0	0
#SofPed	184.807292	62	0
#SusPed	184.889323	0	0
#SusPed	184.894531	92	0
#SofPed	185.149740	0	0
#SofPed	185.162760	58	0
#SofPed	185.239583	0	0
#SofPed	185.252604	55	0
#SofPed	185.319010	0	0
#SofPed	185.333333	50	0
#SofPed	185.459635	0	0
#SofPed	185.464844	47	0
#SusPed	185.769531	0	0
#SofPed	185.769531	0	0
#SofPed	185.774740	78	0
#SusPed	185.779948	84	0
#SofPed	185.919271	0	0
#SofPed	185.924479	74	0
#SusPed	185.968750	0	0
#SusPed	185.983073	67	0
#SofPed	185.989583	0	0
#SofPed	186.000000	74	0
#SofPed	186.239583	0	0
#SofPed	186.252604	71	0
#SofPed	186.579427	0	0
#SofPed	186.587240	84	0
#SofPed	186.829427	0	0
#SofPed	186.835938	91	0
#SusPed	186.929688	0	0
#SusPed	186.934896	78	0
#SofPed	187.009115	0	0
#SofPed	187.019531	81	0
#SofPed	187.089844	0	0
#SofPed	187.095052	85	0
#SofPed	187.158854	0	0
#SofPed	187.166667	87	0
#SofPed	187.259115	0	0
#SofPed	187.264323	86	0
#SofPed	187.438802	0	0
#SofPed	187.453125	92	0
#SusPed	187.539062	0	0
#SusPed	187.553385	87	0
#SofPed	187.569010	0	0
#SofPed	187.575521	89	0
#SofPed	187.658854	0	0
#SofPed	187.666667	88	0
#SofPed	187.779948	0	0
#SofPed	187.786458	88	0
#SusPed	187.889323	0	0
#SusPed	187.895833	96	0
#SusPed	188.889323	0	0
#SusPed	188.902344	84	0
#SusPed	189.069010	0	0
#SusPed	189.076823	89	0
#SusPed	189.979167	0	0
#SusPed	189.993490	80	0
#SusPed	190.899740	0	0
#SusPed	190.911458	94	0
#SofPed	191.339844	0	0
#SusPed	191.759115	0	0
#SusPed	191.773438	100	0
#SusPed	191.949219	0	0
#SusPed	191.963542	83	0
#SusPed	192.848958	0	0
#SusPed	192.863281	101	0
#SusPed	193.188802	0	0
#SusPed	193.200521	76	0
#SusPed	193.319010	0	0
#SusPed	193.330729	88	0
#SusPed	193.658854	0	0
#SusPed	193.666667	72	0
#SusPed	193.759115	0	0
#SusPed	193.772135	84	0
#SusPed	194.128906	0	0
#SusPed	194.143229	81	0
#SusPed	194.279948	0	0
#SusPed	194.286458	87	0
#SusPed	194.639323	0	0
#SusPed	194.645833	65	0
#SusPed	194.769531	0	0
#SusPed	194.774740	84	0
#SofPed	195.033854	35	0
#SusPed	195.098958	0	0
#SusPed	195.110677	101	0
#SusPed	195.269531	0	0
#SusPed	195.283854	80	0
#SusPed	195.529948	0	0
#SusPed	195.536458	87	0
#SofPed	195.628906	0	0
#SofPed	195.636719	62	0
#SusPed	195.679688	0	0
#SusPed	195.688802	86	0
#SofPed	195.739583	0	0
#SofPed	195.753906	43	0
#SusPed	195.938802	0	0
#SofPed	195.938802	0	0
#SusPed	195.949219	98	0
#SofPed	195.953125	32	0
#SofPed	196.079427	0	0
#SofPed	196.091146	26	0
#SusPed	196.119792	0	0
#SusPed	196.125000	95	0
#SofPed	196.188802	0	0
#SusPed	196.199219	0	0
#SofPed	196.201823	25	0
#SusPed	196.204427	102	0
#SofPed	196.289062	0	0
#SofPed	196.298177	27	0
#SusPed	196.339844	0	0
#SusPed	196.352865	99	0
#SofPed	196.389323	0	0
#SofPed	196.402344	30	0
#SofPed	196.509115	0	0
#SofPed	196.518229	29	0
#SusPed	196.549479	0	0
#SusPed	196.561198	69	0
#SofPed	196.589844	0	0
#SofPed	196.596354	32	0
#SofPed	196.628906	0	0
#SofPed	196.634115	33	0
#SusPed	196.938802	0	0
#SusPed	196.945312	69	0
#SofPed	196.968750	0	0
#SofPed	196.975260	39	0
#SusPed	197.049479	0	0
#SusPed	197.061198	90	0
#SofPed	197.199219	0	0
#SofPed	197.208333	47	0
#SofPed	197.319010	0	0
#SofPed	197.330729	40	0
#SusPed	197.429688	0	0
#SusPed	197.434896	83	0
#SofPed	197.459635	0	0
#SofPed	197.473958	44	0
#SusPed	197.609375	0	0
#SusPed	197.623698	77	0
#SofPed	197.709635	0	0
#SofPed	197.721354	32	0
#SofPed	197.789062	0	0
#SofPed	197.798177	25	0
#SofPed	197.899740	0	0
#SofPed	197.908854	28	0
#SofPed	198.029948	0	0
#SofPed	198.036458	21	0
#SofPed	198.119792	0	0
#SofPed	198.131510	23	0
#SofPed	198.329427	0	0
#SusPed	198.339844	0	0
#SofPed	198.341146	20	0
#SusPed	198.348958	89	0
#SusPed	198.399740	0	0
#SusPed	198.404948	94	0
#SofPed	198.459635	0	0
#SofPed	198.467448	20	0
#SofPed	198.589844	0	0
#SofPed	198.596354	24	0
#SofPed	198.688802	0	0
#SofPed	198.701823	26	0
#SofPed	198.799479	0	0
#SofPed	198.809896	24	0
#SusPed	198.889323	0	0
#SusPed	198.902344	76	0
#SofPed	198.908854	0	0
#SofPed	198.914062	31	0
#SusPed	199.019531	0	0
#SusPed	199.026042	96	0
#SofPed	199.029948	0	0
#SofPed	199.035156	29	0
#SofPed	199.128906	0	0
#SofPed	199.136719	30	0
#SofPed	199.250000	0	0
#SofPed	199.261719	32	0
#SusPed	199.378906	0	0
#SofPed	199.389323	0	0
#SusPed	199.394531	82	0
#SofPed	199.395833	30	0
#SofPed	199.489583	0	0
#SofPed	199.494792	31	0
#SusPed	199.500000	0	0
#SusPed	199.509115	90	0
#SofPed	199.609375	0	0
#SofPed	199.621094	30	0
#SofPed	199.729167	0	0
#SofPed	199.734375	28	0
#SofPed	199.878906	0	0
#SofPed	199.885417	30	0
#SofPed	199.959635	0	0
#SofPed	199.964844	28	0
#SofPed	200.069010	0	0
#SofPed	200.080729	32	0
#SofPed	200.250000	0	0
#SofPed	200.264323	26	0
#SusPed	200.359375	0	0
#SofPed	200.359375	0	0
#SusPed	200.365885	88	0
#SofPed	200.368490	33	0
#SofPed	200.509115	0	0
#SofPed	200.514323	36	0
#SusPed	200.519531	0	0
#SusPed	200.531250	91	0
#SofPed	200.658854	0	0
#SofPed	200.666667	44	0
#SofPed	200.899740	0	0
#SofPed	200.907552	49	0
#SofPed	200.968750	0	0
#SofPed	200.981771	42	0
#SofPed	201.109375	0	0
#SofPed	201.119792	47	0
#SofPed	201.188802	0	0
#SofPed	201.195312	39	0
#SofPed	201.239583	0	0
#SofPed	201.335938	38	0
#SofPed	201.348958	0	0
#SofPed	201.451823	35	0
#SofPed	201.459635	0	0
#SofPed	201.606771	53	0
#SofPed	201.619792	0	0
#SofPed	201.694010	52	0
#SofPed	201.709635	0	0
#SofPed	201.802083	58	0
#SofPed	201.809896	0	0
#SofPed	202.042969	44	0
#SofPed	202.049479	0	0
#SofPed	202.126302	39	0
#SofPed	202.139323	0	0
#SofPed	202.273438	38	0
#SofPed	202.309896	0	0
#SofPed	202.352865	33	0
#SofPed	202.359375	0	0
#SusPed	206.529948	0	0
#SusPed	207.285156	78	0
#SusPed	207.559896	0	0
#SusPed	207.567708	91	0
#SusPed	207.799479	0	0
#SusPed	207.813802	104	0
#SusPed	208.059896	0	0
#SusPed	208.072917	101	0
#SusPed	208.119792	0	0
#SusPed	208.132812	94	0
#SofPed	209.696615	83	0
#SofPed	209.769531	0	0
#SofPed	209.781250	85	0
#SofPed	209.959635	0	0
#SofPed	209.973958	82	0
#SofPed	210.009115	0	0
#SofPed	210.014323	80	0
#SofPed	210.158854	0	0
#SofPed	210.165365	79	0
#SofPed	210.519531	0	0
#SusPed	210.529948	0	0
#SofPed	210.532552	92	0
#SusPed	210.537760	77	0
#SusPed	210.779948	0	0
#SusPed	210.789062	88	0
#SusPed	211.128906	0	0
#SusPed	211.135417	110	0
#SusPed	211.779948	0	0
#SusPed	211.786458	64	0
#SofPed	212.539062	0	0
#SofPed	212.545573	88	0
#SofPed	212.649740	0	0
#SofPed	212.654948	87	0
#SusPed	213.839844	0	0
#SusPed	213.850260	74	0
#SofPed	213.919271	0	0
#SofPed	213.927083	80	0
#SofPed	214.139323	0	0
#SofPed	214.147135	74	0
#SofPed	214.179688	0	0
#SofPed	214.194010	75	0
#SofPed	214.449219	0	0
#SofPed	214.462240	78	0
#SofPed	214.598958	0	0
#SofPed	214.608073	71	0
#SofPed	214.729167	0	0
#SofPed	214.735677	74	0
#SofPed	214.899740	0	0
#SofPed	214.911458	73	0
#SofPed	215.139323	0	0
#SofPed	215.153646	73	0
#SofPed	215.429688	0	0
#SofPed	215.442708	54	0
#SofPed	215.500000	0	0
#SofPed	215.514323	49	0
#SofPed	215.750000	0	0
#SofPed	215.755208	51	0
#SofPed	215.899740	0	0
#SofPed	215.904948	56	0
#SofPed	216.019531	0	0
#SofPed	216.024740	57	0
#SofPed	216.158854	0	0
#SofPed	216.173177	55	0
#SusPed	216.799479	0	0
#SusPed	216.809896	77	0
#SusPed	216.959635	0	0
#SusPed	216.971354	71	0
#SofPed	217.389323	0	0
#SofPed	217.401042	55	0
#SofPed	217.929688	0	0
#SofPed	217.940104	50	0
#SofPed	218.169271	0	0
#SofPed	218.183594	41	0
#SofPed	218.408854	0	0
#SofPed	218.416667	52	0
#SofPed	218.598958	0	0
#SofPed	218.613281	48	0
#SofPed	218.750000	0	0
#SofPed	218.763021	53	0
#SofPed	219.019531	0	0
#SofPed	219.032552	57	0
#SofPed	219.119792	0	0
#SofPed	219.130208	57	0
#SofPed	219.179688	0	0
#SofPed	219.192708	63	0
#SofPed	219.329427	0	0
#SofPed	219.343750	65	0
#SofPed	219.529948	0	0
#SofPed	219.535156	70	0
#SofPed	219.759115	0	0
#SofPed	219.773438	78	0
#SusPed	219.839844	0	0
#SusPed	219.845052	71	0
#SofPed	219.859375	0	0
#SofPed	219.873698	84	0
#SofPed	219.959635	0	0
#SofPed	219.964844	89	0
#SofPed	220.019531	0	0
#SusPed	220.029948	0	0
#SofPed	220.032552	93	0
#SusPed	220.035156	83	0
#SofPed	220.149740	0	0
#SofPed	220.164062	93	0
#SofPed	220.449219	0	0
#SofPed	220.458333	92	0
#SofPed	220.729167	0	0
#SofPed	220.735677	99	0
#SofPed	221.000000	0	0
#SofPed	221.005208	102	0
#SofPed	221.179688	0	0
#SofPed	221.190104	94	0
#SofPed	221.408854	0	0
#SofPed	221.420573	92	0
#SofPed	221.639323	0	0
#SofPed	221.648438	92	0
#SofPed	221.829427	0	0
#SofPed	221.842448	93	0
#SofPed	222.089844	0	0
#SofPed	222.095052	85	0
#SofPed	222.399740	0	0
#SofPed	222.404948	99	0
#SofPed	222.569010	0	0
#SofPed	222.576823	81	0
#SofPed	222.878906	0	0
#SofPed	222.886719	98	0
#SofPed	223.009115	0	0
#SofPed	223.019531	104	0
#SusPed	223.069010	0	0
#SusPed	223.080729	82	0
#SofPed	223.109375	0	0
#SofPed	223.122396	105	0
#SofPed	227.500000	0	0
#SusPed	228.139323	0	0
#SusPed	228.153646	83	0
#SusPed	228.309896	0	0
#SusPed	228.322917	81	0
#SusPed	228.438802	0	0
#SusPed	228.445312	85	0
#SusPed	229.468750	0	0
#SusPed	229.479167	61	0
#SusPed	229.589844	0	0
#SusPed	229.601562	67	0
#SusPed	232.609375	0	0
#SusPed	232.614583	77	0
#SusPed	232.750000	0	0
#SusPed	232.763021	84	0
#SusPed	233.658854	0	0
#SusPed	233.673177	96	0
#SusPed	234.658854	0	0
#SusPed	234.667969	81	0
#SusPed	234.759115	0	0
#SusPed	234.770833	85	0
#SusPed	235.739583	0	0
#SusPed	235.753906	73	0
#SusPed	235.848958	0	0
#SusPed	235.859375	89	0
#SofPed	237.097656	70	0
#SofPed	237.209635	0	0
#SofPed	237.218750	72	0
#SusPed	237.619792	0	0
#SusPed	237.631510	100	0
#SusPed	237.769531	0	0
#SusPed	237.777344	85	0
#SofPed	237.859375	0	0
#SofPed	237.872396	64	0
#SofPed	238.039062	0	0
#SofPed	238.046875	71	0
#SusPed	238.669271	0	0
#SusPed	238.680990	94	0
#SusPed	238.809896	0	0
#SusPed	238.816406	84	0
#SusPed	239.649740	0	0
#SusPed	239.664062	100	0
#SusPed	239.799479	0	0
#SusPed	239.813802	79	0
#SofPed	240.658854	0	0
#SofPed	240.669271	75	0
#SusPed	240.688802	0	0
#SusPed	240.700521	79	0
#SofPed	241.628906	0	0
#SofPed	241.644531	95	0
#SofPed	241.699219	0	0
#SusPed	241.709635	0	0
#SofPed	241.712240	95	0
#SusPed	241.714844	94	0
#SofPed	241.799479	0	0
#SofPed	241.813802	94	0
#SusPed	242.669271	0	0
#SusPed	242.675781	90	0
#SusPed	243.259115	0	0
#SusPed	243.264323	89	0
#SofPed	243.438802	0	0
#SusPed	244.188802	0	0
#SusPed	244.200521	85	0
#SusPed	244.639323	0	0
#SusPed	244.653646	69	0
#SusPed	245.079427	0	0
#SusPed	245.088542	54	0
#SusPed	245.119792	0	0
#SusPed	245.131510	61	0
#SusPed	246.039062	0	0
#SusPed	246.046875	77	0
#SusPed	246.169271	0	0
#SusPed	246.183594	75	0
#SusPed	247.229167	0	0
#SusPed	247.240885	87	0
#SusPed	247.479167	0	0
#SusPed	247.484375	85	0
#SusPed	247.949219	0	0
#SusPed	247.955729	89	0
#SofPed	248.511719	68	0
#SofPed	248.549479	0	0
#SofPed	248.555990	71	0
#SofPed	248.639323	0	0
#SofPed	248.653646	60	0
#SusPed	248.699219	0	0
#SusPed	248.713542	71	0
#SusPed	248.949219	0	0
#SusPed	248.963542	88	0
#SusPed	249.609375	0	0
#SusPed	249.615885	66	0
#SusPed	249.878906	0	0
#SusPed	249.888021	85	0
#SusPed	250.239583	0	0
#SusPed	250.251302	86	0
#SusPed	250.519531	0	0
#SusPed	250.526042	81	0
#SusPed	250.639323	0	0
#SusPed	250.648438	84	0
#SusPed	250.899740	0	0
#SusPed	250.912760	84	0
#SusPed	251.139323	0	0
#SusPed	251.148438	82	0
#SusPed	251.259115	0	0
#SusPed	251.266927	62	0
#SusPed	251.779948	0	0
#SusPed	251.785156	80	0
#SofPed	251.848958	0	0
#SofPed	251.855469	68	0
#SusPed	251.949219	0	0
#SusPed	251.962240	74	0
#SofPed	251.989583	0	0
#SofPed	251.997396	80	0
#SofPed	252.089844	0	0
#SofPed	252.100260	83	0
#SofPed	252.218750	0	0
#SofPed	252.225260	93	0
#SusPed	252.239583	0	0
#SusPed	252.247396	92	0
#SusPed	252.299479	0	0
#SusPed	252.313802	91	0
#SofPed	252.369792	0	0
#SofPed	252.384115	99	0
#SofPed	252.609375	0	0
#SofPed	252.623698	97	0
#SofPed	252.809896	0	0
#SofPed	252.815104	96	0
#SofPed	252.908854	0	0
#SofPed	252.921875	96	0
#SusPed	253.019531	0	0
#SusPed	253.024740	82	0
#SusPed	253.319010	0	0
#SusPed	253.328125	70	0
#SofPed	253.378906	0	0
#SofPed	253.390625	90	0
#SofPed	253.559896	0	0
#SofPed	253.565104	90	0
#SusPed	253.729167	0	0
#SofPed	253.739583	0	0
#SusPed	253.743490	84	0
#SofPed	253.753906	72	0
#SusPed	254.069010	0	0
#SofPed	254.069010	0	0
#SofPed	254.080729	46	0
#SusPed	254.083333	77	0
#SofPed	254.218750	0	0
#SusPed	254.229167	0	0
#SofPed	254.233073	48	0
#SusPed	254.235677	79	0
#SofPed	254.628906	0	0
#SofPed	254.636719	52	0
#SusPed	254.639323	0	0
#SusPed	254.645833	71	0
#SusPed	254.789062	0	0
#SusPed	254.795573	80	0
#SusPed	255.569010	0	0
#SusPed	255.583333	72	0
#SusPed	256.079427	0	0
#SusPed	256.085938	85	0
#SusPed	258.378906	0	0
#SusPed	258.386719	63	0
#SusPed	258.468750	0	0
#SusPed	258.475260	88	0
#SusPed	259.149740	0	0
#SusPed	259.160156	69	0
#SusPed	259.269531	0	0
#SusPed	259.279948	91	0
#SofPed	259.938802	0	0
#SofPed	259.946615	38	0
#SofPed	260.029948	0	0
#SofPed	260.041667	46	0
#SusPed	260.449219	0	0
#SusPed	260.454427	67	0
#SusPed	260.679688	0	0
#SusPed	260.694010	55	0
#SusPed	260.839844	0	0
#SusPed	260.854167	61	0
#SusPed	260.989583	0	0
#SusPed	261.003906	54	0
#SusPed	261.908854	0	0
#SusPed	261.917969	64	0
#SusPed	262.049479	0	0
#SusPed	262.061198	77	0
#SusPed	262.109375	0	0
#SusPed	262.115885	78	0
#SusPed	262.949219	0	0
#SusPed	262.963542	75	0
#SusPed	263.019531	0	0
#SusPed	263.033854	73	0
#SusPed	263.218750	0	0
#SusPed	263.223958	79	0
#SusPed	263.339844	0	0
#SusPed	263.345052	85	0
#SusPed	263.408854	0	0
#SusPed	263.419271	88	0
#SusPed	263.509115	0	0
#SusPed	263.523438	89	0
#SusPed	263.779948	0	0
#SusPed	263.794271	85	0
#SusPed	264.009115	0	0
#SusPed	264.016927	67	0
#SofPed	264.019531	0	0
#SofPed	264.029948	97	0
#SusPed	264.069010	0	0
#SusPed	264.084635	77	0
#SusPed	264.109375	0	0
#SusPed	264.122396	81	0
#SofPed	264.289062	0	0
#SofPed	264.303385	90	0
#SofPed	264.408854	0	0
#SofPed	264.415365	95	0
#SofPed	264.759115	0	0
#SofPed	264.768229	106	0
#SusPed	265.079427	0	0
#SofPed	265.079427	0	0
#SofPed	265.084635	104	0
#SusPed	265.092448	86	0
#SusPed	265.128906	0	0
#SusPed	265.138021	82	0
#SofPed	265.339844	0	0
#SofPed	265.350260	98	0
#SofPed	265.459635	0	0
#SofPed	265.466146	99	0
#SofPed	265.509115	0	0
#SofPed	265.514323	101	0
#SofPed	265.619792	0	0
#SofPed	265.631510	99	0
#SofPed	265.899740	0	0
#SofPed	265.912760	89	0
#SusPed	265.949219	0	0
#SusPed	265.957031	65	0
#SofPed	266.139323	0	0
#SofPed	266.144531	88	0
#SusPed	266.149740	0	0
#SusPed	266.156250	75	0
#SofPed	266.209635	0	0
#SofPed	266.216146	90	0
#SofPed	266.339844	0	0
#SofPed	266.352865	92	0
#SofPed	266.729167	0	0
#SofPed	266.740885	77	0
#SusPed	266.968750	0	0
#SusPed	266.979167	69	0
#SofPed	267.009115	0	0
#SofPed	267.016927	71	0
#SusPed	267.218750	0	0
#SusPed	267.225260	70	0
#SofPed	267.319010	0	0
#SofPed	267.324219	90	0
#SofPed	267.579427	0	0
#SofPed	267.592448	85	0
#SusPed	267.709635	0	0
#SusPed	267.721354	68	0
#SofPed	267.809896	0	0
#SofPed	267.822917	79	0
#SusPed	267.869792	0	0
#SusPed	267.881510	68	0
#SofPed	267.968750	0	0
#SofPed	267.975260	89	0
#SofPed	268.098958	0	0
#SofPed	268.110677	88	0
#SusPed	268.128906	0	0
#SusPed	268.143229	58	0
#SofPed	268.309896	0	0
#SofPed	268.313802	84	0
#SofPed	268.399740	0	0
#SofPed	268.406250	81	0
#SusPed	268.649740	0	0
#SusPed	268.661458	64	0
#SusPed	268.809896	0	0
#SusPed	268.824219	82	0
#SofPed	268.829427	0	0
#SofPed	268.835938	85	0
#SofPed	268.899740	0	0
#SofPed	268.911458	85	0
#SusPed	269.149740	0	0
#SofPed	269.149740	0	0
#SusPed	269.156250	71	0
#SofPed	269.164062	85	0
#SusPed	269.319010	0	0
#SusPed	269.325521	74	0
#SofPed	269.348958	0	0
#SofPed	269.358073	74	0
#SofPed	269.449219	0	0
#SofPed	269.457031	70	0
#SofPed	269.688802	0	0
#SofPed	269.697917	62	0
#SusPed	269.699219	0	0
#SusPed	269.704427	102	0
#SofPed	269.809896	0	0
#SofPed	269.815104	59	0
#SofPed	269.929688	0	0
#SofPed	269.934896	58	0
#SusPed	269.949219	0	0
#SusPed	269.962240	105	0
#SofPed	270.218750	0	0
#SusPed	270.229167	0	0
#SofPed	270.234375	71	0
#SusPed	270.235677	71	0
#SusPed	270.419271	0	0
#SofPed	270.429688	0	0
#SusPed	270.430990	81	0
#SofPed	270.434896	82	0
#SofPed	270.529948	0	0
#SofPed	270.541667	87	0
#SusPed	270.709635	0	0
#SusPed	270.718750	90	0
#SusPed	270.759115	0	0
#SusPed	270.769531	85	0
#SofPed	271.029948	0	0
#SofPed	271.037760	76	0
#SusPed	271.269531	0	0
#SofPed	271.269531	0	0
#SusPed	271.276042	71	0
#SofPed	271.282552	84	0
#SusPed	271.438802	0	0
#SusPed	271.450521	83	0
#SofPed	271.509115	0	0
#SofPed	271.515625	67	0
#SusPed	271.569010	0	0
#SusPed	271.583333	84	0
#SofPed	271.628906	0	0
#SofPed	271.639323	62	0
#SofPed	271.739583	0	0
#SofPed	271.744792	60	0
#SusPed	271.839844	0	0
#SofPed	271.848958	0	0
#SusPed	271.854167	76	0
#SofPed	271.855469	63	0
#SofPed	272.039062	0	0
#SofPed	272.045573	63	0
#SofPed	272.250000	0	0
#SofPed	272.261719	69	0
#SusPed	272.319010	0	0
#SusPed	272.325521	75	0
#SofPed	272.348958	0	0
#SofPed	272.360677	76	0
#SusPed	272.479167	0	0
#SusPed	272.486979	87	0
#SusPed	272.598958	0	0
#SusPed	272.604167	88	0
#SofPed	272.619792	0	0
#SofPed	272.626302	91	0
#SusPed	272.679688	0	0
#SusPed	272.684896	82	0
#SofPed	272.779948	0	0
#SofPed	272.786458	81	0
#SusPed	272.878906	0	0
#SusPed	272.888021	88	0
#SofPed	272.889323	0	0
#SofPed	272.897135	77	0
#SusPed	272.979167	0	0
#SusPed	272.986979	76	0
#SofPed	273.158854	0	0
#SofPed	273.170573	58	0
#SofPed	273.319010	0	0
#SofPed	273.334635	57	0
#SusPed	273.468750	0	0
#SofPed	273.468750	0	0
#SusPed	273.477865	88	0
#SofPed	273.481771	50	0
#SusPed	273.718750	0	0
#SusPed	273.725260	100	0
#SofPed	273.979167	0	0
#SusPed	274.739583	0	0
#SusPed	274.746094	81	0
#SusPed	274.839844	0	0
#SusPed	274.851562	56	0
#SusPed	275.109375	0	0
#SusPed	275.123698	95	0
#SusPed	275.789062	0	0
#SusPed	275.795573	81	0
#SusPed	275.929688	0	0
#SusPed	275.934896	92	0
#SusPed	276.149740	0	0
#SusPed	276.158854	83	0
#SusPed	276.399740	0	0
#SusPed	276.406250	70	0
#SusPed	276.529948	0	0
#SusPed	276.535156	98	0
#SusPed	276.718750	0	0
#SusPed	276.731771	99	0
#SusPed	277.128906	0	0
#SusPed	277.136719	99	0
#SusPed	277.348958	0	0
#SusPed	277.355469	108	0
#SusPed	278.369792	0	0
#SusPed	278.375000	78	0
#SofPed	279.688802	65	0
#SofPed	279.779948	0	0
#SofPed	279.786458	53	0
#SofPed	279.859375	0	0
#SofPed	279.865885	39	0
#SofPed	279.938802	0	0
#SofPed	279.953125	34	0
#SofPed	280.019531	0	0
#SofPed	280.024740	33	0
#SofPed	280.079427	0	0
#SofPed	280.085938	32	0
#SofPed	280.169271	0	0
#SofPed	280.178385	32	0
#SofPed	280.229167	0	0
#SofPed	280.243490	29	0
#SofPed	280.839844	0	0
#SusPed	280.899740	0	0
#SusPed	280.910156	75	0
#SusPed	281.658854	0	0
#SusPed	281.664062	92	0
#SusPed	281.968750	0	0
#SusPed	281.983073	70	0
#SusPed	282.809896	0	0
#SusPed	282.815104	73	0
#SusPed	282.929688	0	0
#SusPed	282.942708	99	0
#SusPed	283.069010	0	0
#SusPed	283.075521	78	0
#SusPed	284.119792	0	0
#SusPed	284.126302	65	0
#SusPed	284.218750	0	0
#SusPed	284.233073	95	0
#SusPed	286.419271	0	0
#SusPed	286.428385	83	0
#SusPed	286.559896	0	0
#SusPed	286.572917	102	0
#SusPed	287.579427	0	0
#SusPed	287.593750	79	0
#SusPed	287.628906	0	0
#SusPed	287.644531	73	0
#SusPed	287.779948	0	0
#SusPed	287.789062	95	0
#SusPed	288.479167	0	0
#SusPed	288.486979	101	0
#SusPed	288.769531	0	0
#SusPed	288.782552	94	0
#SusPed	289.109375	0	0
#SusPed	289.123698	76	0
#SusPed	289.279948	0	0
#SusPed	289.286458	85	0
#SusPed	289.529948	0	0
#SusPed	289.536458	87	0
#SusPed	289.688802	0	0
#SusPed	289.703125	90	0
#SusPed	290.000000	0	0
#SusPed	290.009115	99	0
#SusPed	290.149740	0	0
#SusPed	290.164062	71	0
#SusPed	290.329427	0	0
#SusPed	290.338542	84	0
#SusPed	290.529948	0	0
#SusPed	290.540365	80	0
#SusPed	290.598958	0	0
#SusPed	290.604167	62	0
#SusPed	290.658854	0	0
#SusPed	290.674479	75	0
#SusPed	290.819010	0	0
#SusPed	290.832031	57	0
#SusPed	291.019531	0	0
#SusPed	291.033854	88	0
#SusPed	291.408854	0	0
#SusPed	291.421875	84	0
#SusPed	291.829427	0	0
#SusPed	291.837240	75	0
#SusPed	292.009115	0	0
#SusPed	292.016927	87	0
#SusPed	292.718750	0	0
#SusPed	292.734375	91	0
#SusPed	293.199219	0	0
#SusPed	293.205729	100	0
#SusPed	293.319010	0	0
#SusPed	293.325521	91	0
#SusPed	293.408854	0	0
#SusPed	293.417969	91	0
#SusPed	293.598958	0	0
#SusPed	293.605469	102	0
#SusPed	293.809896	0	0
#SusPed	293.824219	93	0
#SusPed	294.019531	0	0
#SusPed	294.032552	86	0
#SusPed	294.289062	0	0
#SusPed	294.296875	96	0
#SusPed	294.468750	0	0
#SusPed	294.484375	79	0
#SusPed	294.609375	0	0
#SusPed	294.623698	88	0
#SusPed	294.679688	0	0
#SusPed	294.691406	88	0
#SusPed	294.878906	0	0
#SusPed	294.891927	88	0
#SusPed	295.098958	0	0
#SusPed	295.105469	97	0
#SusPed	295.339844	0	0
#SusPed	295.347656	94	0
#SusPed	295.539062	0	0
#SusPed	295.544271	91	0
#SusPed	295.679688	0	0
#SusPed	295.694010	82	0
#SusPed	295.809896	0	0
#SusPed	295.813802	86	0
#SusPed	296.299479	0	0
#SusPed	296.312500	62	0
#SusPed	296.429688	0	0
#SusPed	296.434896	88	0
#SusPed	296.709635	0	0
#SusPed	296.716146	98	0
#SusPed	296.968750	0	0
#SusPed	296.979167	79	0
#SusPed	297.049479	0	0
#SusPed	297.058594	92	0
#SusPed	297.609375	0	0
#SusPed	297.618490	79	0
#SusPed	297.839844	0	0
#SusPed	297.852865	69	0
#SusPed	298.128906	0	0
#SusPed	298.141927	58	0
#SusPed	299.500000	0	0
#SusPed	299.514323	65	0
#SusPed	300.259115	0	0
#SusPed	300.273438	70	0
#SusPed	300.509115	0	0
#SusPed	300.514323	60	0
#SusPed	300.769531	0	0
#SusPed	300.783854	71	0
#SofPed	300.994792	63	0
#SusPed	301.109375	0	0
#SofPed	301.119792	0	0
#SusPed	301.122396	63	0
#SofPed	301.132812	64	0
#SofPed	301.459635	0	0
#SofPed	301.472656	69	0
#SusPed	301.519531	0	0
#SusPed	301.524740	61	0
#SofPed	301.529948	0	0
#SofPed	301.536458	79	0
#SusPed	301.869792	0	0
#SusPed	301.884115	72	0
#SusPed	302.209635	0	0
#SusPed	302.216146	84	0
#SofPed	302.438802	0	0
#SofPed	302.444010	75	0
#SofPed	303.139323	0	0
#SofPed	303.149740	67	0
#SusPed	303.239583	0	0
#SusPed	303.251302	78	0
#SofPed	303.279948	0	0
#SofPed	303.290365	66	0
#SusPed	303.429688	0	0
#SusPed	303.441406	77	0
#SofPed	303.500000	0	0
#SofPed	303.506510	78	0
#SofPed	303.679688	0	0
#SofPed	303.694010	87	0
#SofPed	304.359375	0	0
#SofPed	304.369792	91	0
#SusPed	304.408854	0	0
#SusPed	304.421875	49	0
#SusPed	304.479167	0	0
#SofPed	304.479167	0	0
#SofPed	304.485677	88	0
#SusPed	304.493490	62	0
#SofPed	304.619792	0	0
#SofPed	304.628906	88	0
#SofPed	305.139323	0	0
#SofPed	305.148438	77	0
#SofPed	305.429688	0	0
#SofPed	305.436198	58	0
#SusPed	305.769531	0	0
#SusPed	305.776042	76	0
#SusPed	305.938802	0	0
#SusPed	305.954427	78	0
#SofPed	305.989583	0	0
#SofPed	305.994792	75	0
#SofPed	306.109375	0	0
#SofPed	306.118490	80	0
#SofPed	306.279948	0	0
#SofPed	306.292969	74	0
#SofPed	306.348958	0	0
#SofPed	306.364583	65	0
#SusPed	306.809896	0	0
#SusPed	306.822917	87	0
#SusPed	306.899740	0	0
#SusPed	306.914062	86	0
#SofPed	306.919271	0	0
#SofPed	306.924479	56	0
#SusPed	307.039062	0	0
#SusPed	307.046875	82	0
#SofPed	307.169271	0	0
#SofPed	307.182292	70	0
#SofPed	307.309896	0	0
#SofPed	307.322917	74	0
#SofPed	307.408854	0	0
#SofPed	307.421875	76	0
#SusPed	307.468750	0	0
#SusPed	307.476562	78	0
#SofPed	307.639323	0	0
#SofPed	307.653646	90	0
#SusPed	307.658854	0	0
#SusPed	307.666667	91	0
#SofPed	307.769531	0	0
#SofPed	307.779948	94	0
#SofPed	307.839844	0	0
#SofPed	307.850260	89	0
#SusPed	307.919271	0	0
#SofPed	307.929688	0	0
#SusPed	307.933594	95	0
#SofPed	307.938802	88	0
#SofPed	308.009115	0	0
#SofPed	308.023438	90	0
#SusPed	308.049479	0	0
#SusPed	308.054688	96	0
#SusPed	308.309896	0	0
#SofPed	308.309896	0	0
#SusPed	308.319010	68	0
#SofPed	308.321615	102	0
#SusPed	308.628906	0	0
#SusPed	308.638021	87	0
#SofPed	308.869792	0	0
#SofPed	308.876302	98	0
#SofPed	308.929688	0	0
#SofPed	308.941406	100	0
#SofPed	309.179688	0	0
#SofPed	309.194010	102	0
#SusPed	309.269531	0	0
#SusPed	309.279948	69	0
#SofPed	309.309896	0	0
#SofPed	309.321615	93	0
#SusPed	309.419271	0	0
#SusPed	309.428385	71	0
#SofPed	309.509115	0	0
#SofPed	309.516927	97	0
#SusPed	309.789062	0	0
#SusPed	309.795573	78	0
#SofPed	309.799479	0	0
#SofPed	309.805990	95	0
#SusPed	309.968750	0	0
#SusPed	309.981771	71	0
#SofPed	310.089844	0	0
#SofPed	310.095052	87	0
#SusPed	310.489583	0	0
#SusPed	310.494792	80	0
#SofPed	310.688802	0	0
#SofPed	310.703125	66	0
#SofPed	310.819010	0	0
#SofPed	310.828125	67	0
#SofPed	311.000000	0	0
#SofPed	311.006510	63	0
#SofPed	311.269531	0	0
#SofPed	311.279948	62	0
#SofPed	311.319010	0	0
#SofPed	311.333333	62	0
#SusPed	311.579427	0	0
#SusPed	311.591146	102	0
#SofPed	311.609375	0	0
#SofPed	311.622396	67	0
#SofPed	311.769531	0	0
#SofPed	311.776042	76	0
#SofPed	311.819010	0	0
#SofPed	311.834635	81	0
#SusPed	311.869792	0	0
#SusPed	311.882812	102	0
#SusPed	312.119792	0	0
#SusPed	312.132812	71	0
#SofPed	312.359375	0	0
#SofPed	312.369792	88	0
#SusPed	312.399740	0	0
#SusPed	312.404948	84	0
#SofPed	312.569010	0	0
#SofPed	312.576823	83	0
#SofPed	312.739583	0	0
#SofPed	312.746094	81	0
#SofPed	313.199219	0	0
#SofPed	313.210938	91	0
#SusPed	313.229167	0	0
#SusPed	313.238281	61	0
#SusPed	313.369792	0	0
#SusPed	313.384115	67	0
#SofPed	313.419271	0	0
#SofPed	313.433594	89	0
#SofPed	313.579427	0	0
#SofPed	313.584635	79	0
#SofPed	313.769531	0	0
#SofPed	313.777344	76	0
#SofPed	313.859375	0	0
#SofPed	313.867188	76	0
#SusPed	314.098958	0	0
#SusPed	314.111979	68	0
#SofPed	314.199219	0	0
#SofPed	314.212240	84	0
#SofPed	314.329427	0	0
#SofPed	314.342448	80	0
#SofPed	314.579427	0	0
#SofPed	314.593750	57	0
#SusPed	314.750000	0	0
#SusPed	314.755208	63	0
#SusPed	314.899740	0	0
#SusPed	314.907552	78	0
#SofPed	314.949219	0	0
#SofPed	314.962240	60	0
#SofPed	315.109375	0	0
#SofPed	315.115885	64	0
#SusPed	315.399740	0	0
#SusPed	315.404948	66	0
#SusPed	315.769531	0	0
#SusPed	315.774740	83	0
#SusPed	316.609375	0	0
#SusPed	316.617188	64	0
#SusPed	316.750000	0	0
#SusPed	316.755208	80	0
#SofPed	317.500000	0	0
#SusPed	317.658854	0	0
#SusPed	317.671875	84	0
#SusPed	317.799479	0	0
#SusPed	317.805990	76	0
#SusPed	320.929688	0	0
#SusPed	320.934896	89	0
#SusPed	321.919271	0	0
#SusPed	321.925781	94	0
#SusPed	324.269531	0	0
#SusPed	324.283854	76	0
#SusPed	324.468750	0	0
#SusPed	324.476562	104	0
#SusPed	324.549479	0	0
#SusPed	324.559896	104	0
#SusPed	324.829427	0	0
#SusPed	324.835938	110	0
#SusPed	330.839844	0	0
#SusPed	332.503906	86	0
#SusPed	332.679688	0	0
#SusPed	332.687500	100	0
#SusPed	334.438802	0	0
#SusPed	334.451823	79	0
#SusPed	334.869792	0	0
#SusPed	334.878906	66	0
#SusPed	337.158854	0	0
#SusPed	337.165365	69	0
#SusPed	337.329427	0	0
#SusPed	337.337240	91	0
#SusPed	340.878906	0	0
#SusPed	340.891927	76	0
#SusPed	344.089844	0	0
#SusPed	344.095052	67	0
#SusPed	344.259115	0	0
#SusPed	344.273438	70	0
#SusPed	345.128906	0	0
#SusPed	345.141927	88	0
#SusPed	347.789062	0	0
#SusPed	347.802083	90	0
#SusPed	353.109375	0	0
#SusPed	353.121094	71	0
#SusPed	353.229167	0	0
#SusPed	353.236979	78	0
#SusPed	354.069010	0	0
#SusPed	354.078125	74	0
#SusPed	354.239583	0	0
#SusPed	354.246094	71	0
#SusPed	355.239583	0	0
#SusPed	355.247396	66	0
#SusPed	356.279948	0	0
#SusPed	356.292969	83	0
#SusPed	356.509115	0	0
#SusPed	356.519531	98	0
#SusPed	357.269531	0	0
#SusPed	357.278646	97	0
#SusPed	360.079427	0	0
#SusPed	360.084635	77	0
#SusPed	360.229167	0	0
#SusPed	360.236979	79	0
#SusPed	360.500000	0	0
#SusPed	360.513021	100	0
#SusPed	361.089844	0	0
#SusPed	361.096354	101	0
#SusPed	361.259115	0	0
#SusPed	361.274740	63	0
#SusPed	361.359375	0	0
#SusPed	361.373698	82	0
#SusPed	361.429688	0	0
#SusPed	361.444010	102	0
#SofPed	362.593750	105	0
#SofPed	362.639323	0	0
#SofPed	362.649740	104	0
#SofPed	362.779948	0	0
#SofPed	362.787760	104	0
#SofPed	362.899740	0	0
#SofPed	362.912760	103	0
#SusPed	363.069010	0	0
#SusPed	363.075521	68	0
#SusPed	363.218750	0	0
#SusPed	363.231771	86	0
#SofPed	363.389323	0	0
#SofPed	363.397135	85	0
#SofPed	363.489583	0	0
#SofPed	363.503906	82	0
#SofPed	363.549479	0	0
#SofPed	363.563802	83	0
#SofPed	363.789062	0	0
#SofPed	363.794271	92	0
#SofPed	363.848958	0	0
#SofPed	363.854167	93	0
#SofPed	364.019531	0	0
#SofPed	364.027344	89	0
#SusPed	364.098958	0	0
#SusPed	364.105469	66	0
#SofPed	364.169271	0	0
#SofPed	364.175781	81	0
#SofPed	364.259115	0	0
#SofPed	364.264323	74	0
#SofPed	364.369792	0	0
#SofPed	364.375000	82	0
#SofPed	364.468750	0	0
#SofPed	364.475260	89	0
#SofPed	364.559896	0	0
#SofPed	364.572917	92	0
#SofPed	364.639323	0	0
#SofPed	364.644531	90	0
#SofPed	364.729167	0	0
#SofPed	364.734375	89	0
#SofPed	364.848958	0	0
#SofPed	364.856771	97	0
#SofPed	364.949219	0	0
#SofPed	364.955729	97	0
#SofPed	365.039062	0	0
#SofPed	365.044271	97	0
#SusPed	365.059896	0	0
#SusPed	365.074219	74	0
#SusPed	365.109375	0	0
#SusPed	365.121094	54	0
#SofPed	365.149740	0	0
#SofPed	365.162760	80	0
#SusPed	365.169271	0	0
#SusPed	365.182292	74	0
#SofPed	365.250000	0	0
#SofPed	365.263021	68	0
#SofPed	365.348958	0	0
#SofPed	365.355469	67	0
#SofPed	365.459635	0	0
#SofPed	365.473958	73	0
#SofPed	365.569010	0	0
#SofPed	365.583333	73	0
#SusPed	365.609375	0	0
#SusPed	365.622396	71	0
#SofPed	365.718750	0	0
#SofPed	365.733073	76	0
#SofPed	365.878906	0	0
#SofPed	365.889323	67	0
#SofPed	366.029948	0	0
#SofPed	366.040365	73	0
#SusPed	366.119792	0	0
#SofPed	366.128906	0	0
#SusPed	366.131510	72	0
#SofPed	366.139323	75	0
#SusPed	366.269531	0	0
#SusPed	366.276042	110	0
#SofPed	366.319010	0	0
#SofPed	366.325521	79	0
#SofPed	366.449219	0	0
#SofPed	366.460938	62	0
#SofPed	366.549479	0	0
#SofPed	366.561198	54	0
#SofPed	366.639323	0	0
#SofPed	366.653646	61	0
#SofPed	366.908854	0	0
#SofPed	366.915365	59	0
#SofPed	366.979167	0	0
#SofPed	366.992188	64	0
#SofPed	367.128906	0	0
#SofPed	367.140625	43	0
#SusPed	367.188802	0	0
#SusPed	367.200521	60	0
#SofPed	367.209635	0	0
#SofPed	367.223958	39	0
#SofPed	367.319010	0	0
#SofPed	367.329427	44	0
#SofPed	367.429688	0	0
#SofPed	367.434896	44	0
#SofPed	367.549479	0	0
#SofPed	367.558594	46	0
#SusPed	367.669271	0	0
#SofPed	367.679688	0	0
#SusPed	367.680990	108	0
#SofPed	367.690104	43	0
#SofPed	367.799479	0	0
#SofPed	367.807292	43	0
#SofPed	367.878906	0	0
#SofPed	367.891927	38	0
#SofPed	368.029948	0	0
#SofPed	368.035156	42	0
#SusPed	368.199219	0	0
#SusPed	368.212240	52	0
#SusPed	368.259115	0	0
#SusPed	368.266927	83	0
#SofPed	368.289062	0	0
#SofPed	368.302083	36	0
#SofPed	368.549479	0	0
#SofPed	368.562500	34	0
#SofPed	368.739583	0	0
#SofPed	368.746094	43	0
#SusPed	368.759115	0	0
#SusPed	368.768229	56	0
#SusPed	368.859375	0	0
#SusPed	368.871094	88	0
#SofPed	368.919271	0	0
#SofPed	368.929688	39	0
#SofPed	369.039062	0	0
#SofPed	369.050781	40	0
#SofPed	369.098958	0	0
#SofPed	369.110677	41	0
#SofPed	369.279948	0	0
#SofPed	369.292969	37	0
#SofPed	369.579427	0	0
#SofPed	369.584635	41	0
#SofPed	369.839844	0	0
#SofPed	369.851562	39	0
#SusPed	369.869792	0	0
#SusPed	369.882812	85	0
#SofPed	370.389323	0	0
#SofPed	370.397135	65	0
#SofPed	370.459635	0	0
#SofPed	370.466146	64	0
#SusPed	370.709635	0	0
#SusPed	370.722656	78	0
#SofPed	370.809896	0	0
#SofPed	370.821615	70	0
#SusPed	371.029948	0	0
#SusPed	371.033854	77	0
#SofPed	371.098958	0	0
#SofPed	371.113281	93	0
#SofPed	371.279948	0	0
#SofPed	371.289062	97	0
#SofPed	371.348958	0	0
#SofPed	371.360677	92	0
#SusPed	371.688802	0	0
#SusPed	371.704427	69	0
#SofPed	371.709635	0	0
#SofPed	371.723958	83	0
#SusPed	371.839844	0	0
#SusPed	371.845052	85	0
#SofPed	371.878906	0	0
#SofPed	371.885417	74	0
#SofPed	371.979167	0	0
#SofPed	371.985677	74	0
#SofPed	372.199219	0	0
#SofPed	372.212240	63	0
#SofPed	372.239583	0	0
#SofPed	372.247396	63	0
#SofPed	372.279948	0	0
#SofPed	372.287760	65	0
#SusPed	372.299479	0	0
#SusPed	372.312500	84	0
#SofPed	372.569010	0	0
#SofPed	372.575521	42	0
#SofPed	373.019531	0	0
#SofPed	373.032552	49	0
#SusPed	373.069010	0	0
#SusPed	373.074219	98	0
#SofPed	373.289062	0	0
#SofPed	373.295573	59	0
#SusPed	373.839844	0	0
#SusPed	373.845052	69	0
#SofPed	373.848958	0	0
#SofPed	373.854167	84	0
#SusPed	374.079427	0	0
#SusPed	374.092448	67	0
#SofPed	374.119792	0	0
#SofPed	374.128906	89	0
#SofPed	374.378906	0	0
#SofPed	374.388021	80	0
#SofPed	374.449219	0	0
#SofPed	374.454427	77	0
#SofPed	374.500000	0	0
#SofPed	374.509115	75	0
#SusPed	374.619792	0	0
#SusPed	374.625000	70	0
#SofPed	374.649740	0	0
#SofPed	374.662760	67	0
#SusPed	374.809896	0	0
#SusPed	374.815104	86	0
#SusPed	374.899740	0	0
#SusPed	374.908854	89	0
#SusPed	375.089844	0	0
#SusPed	375.104167	96	0
#SusPed	375.688802	0	0
#SusPed	375.703125	85	0
#SusPed	376.319010	0	0
#SusPed	376.332031	67	0
#SusPed	376.468750	0	0
#SusPed	376.476562	80	0
#SofPed	376.489583	0	0
#SofPed	376.501302	43	0
#SofPed	376.709635	0	0
#SofPed	376.716146	37	0
#SofPed	377.908854	0	0
#SofPed	377.917969	89	0
#SusPed	377.919271	0	0
#SusPed	377.932292	79	0
#SusPed	378.098958	0	0
#SusPed	378.113281	77	0
#SofPed	378.169271	0	0
#SofPed	378.180990	94	0
#SusPed	378.399740	0	0
#SusPed	378.406250	96	0
#SofPed	378.549479	0	0
#SofPed	378.561198	92	0
#SusPed	378.589844	0	0
#SusPed	378.598958	95	0
#SofPed	378.609375	0	0
#SofPed	378.622396	96	0
#SusPed	378.639323	0	0
#SusPed	378.647135	91	0
#SusPed	378.688802	0	0
#SusPed	378.694010	88	0
#SofPed	378.779948	0	0
#SofPed	378.794271	108	0
#SofPed	378.878906	0	0
#SofPed	378.884115	109	0
#SofPed	378.938802	0	0
#SofPed	378.953125	108	0
#SofPed	379.089844	0	0
#SofPed	379.104167	110	0
#SofPed	379.239583	0	0
#SofPed	379.246094	108	0
#SusPed	379.269531	0	0
#SusPed	379.283854	60	0
#SusPed	379.468750	0	0
#SusPed	379.477865	98	0
#SofPed	379.529948	0	0
#SofPed	379.544271	106	0
#SofPed	379.769531	0	0
#SofPed	379.778646	100	0
#SofPed	379.819010	0	0
#SofPed	379.828125	94	0
#SusPed	379.899740	0	0
#SusPed	379.910156	90	0
#SofPed	379.949219	0	0
#SofPed	379.960938	90	0
#SusPed	380.468750	0	0
#SusPed	380.476562	71	0
#SofPed	380.489583	0	0
#SofPed	380.500000	64	0
#SusPed	380.669271	0	0
#SusPed	380.682292	86	0
#SofPed	380.699219	0	0
#SofPed	380.707031	60	0
#SofPed	380.919271	0	0
#SofPed	380.933594	60	0
#SusPed	381.149740	0	0
#SofPed	381.149740	0	0
#SusPed	381.158854	76	0
#SofPed	381.161458	47	0
#SusPed	382.229167	0	0
#SusPed	382.243490	72	0
#SusPed	382.519531	0	0
#SusPed	382.531250	79	0
#SofPed	383.089844	0	0
#SofPed	383.101562	82	0
#SofPed	383.229167	0	0
#SofPed	383.236979	78	0
#SofPed	383.468750	0	0
#SofPed	383.475260	68	0
#SofPed	383.619792	0	0
#SofPed	383.632812	60	0
#SofPed	383.799479	0	0
#SofPed	383.804688	44	0
#SusPed	383.819010	0	0
#SusPed	383.828125	83	0
#SusPed	384.009115	0	0
#SusPed	384.015625	84	0
#SusPed	384.429688	0	0
#SusPed	384.434896	77	0
#SusPed	384.750000	0	0
#SusPed	384.760417	104	0
#SofPed	385.769531	0	0
#SusPed	386.089844	0	0
#SusPed	386.104167	98	0
#SusPed	386.378906	0	0
#SusPed	386.393229	85	0
#SusPed	387.250000	0	0
#SusPed	387.253906	82	0
#SusPed	387.438802	0	0
#SusPed	387.446615	81	0
#SusPed	387.859375	0	0
#SusPed	387.868490	88	0
#SofPed	388.410156	71	0
#SofPed	388.479167	0	0
#SofPed	388.488281	59	0
#SofPed	388.529948	0	0
#SofPed	388.535156	47	0
#SusPed	389.279948	0	0
#SusPed	389.287760	88	0
#SusPed	389.348958	0	0
#SusPed	389.360677	84	0
#SusPed	389.479167	0	0
#SusPed	389.492188	69	0
#SusPed	389.869792	0	0
#SusPed	389.876302	76	0
#SusPed	391.549479	0	0
#SusPed	391.554688	73	0
#SusPed	392.139323	0	0
#SusPed	392.147135	73	0
#SofPed	392.500000	0	0
#SusPed	392.989583	0	0
#SusPed	392.997396	70	0
#SusPed	393.628906	0	0
#SusPed	393.641927	69	0
#SusPed	397.539062	0	0
#SusPed	397.554688	71	0
#SusPed	397.789062	0	0
#SusPed	397.803385	68	0
#SusPed	398.049479	0	0
#SusPed	398.062500	69	0
#SusPed	398.919271	0	0
#SusPed	398.930990	74	0
#SusPed	399.429688	0	0
#SusPed	399.442708	73	0
#SusPed	401.750000	0	0
#SusPed	401.763021	73	0
#SusPed	402.438802	0	0
#SusPed	402.454427	82	0
#SusPed	402.679688	0	0
#SusPed	402.694010	69	0
#SusPed	408.688802	0	0
