//Version: ScorePerfmMatch_v170503
// Score: /Users/toddywang/Documents/VsCodeProjects/xmltoexp/ATEPP-1.2/ATEPP-1.2/Ludwig_van_Beethoven/Piano_Sonata_No._31_in_A-Flat_Major,_Op._110/I._Moderato_cantabile_molto_espressivo/score_hmm.txt
// Perfm: /Users/toddywang/Documents/VsCodeProjects/xmltoexp/ATEPP-1.2/ATEPP-1.2/Ludwig_van_Beethoven/Piano_Sonata_No._31_in_A-Flat_Major,_Op._110/I._Moderato_cantabile_molto_espressivo/06529_spr.txt
// fmt3x: /Users/toddywang/Documents/VsCodeProjects/xmltoexp/ATEPP-1.2/ATEPP-1.2/Ludwig_van_Beethoven/Piano_Sonata_No._31_in_A-Flat_Major,_Op._110/I._Moderato_cantabile_molto_espressivo/score_fmt3x.txt
0	1.005208	3.669271	C5	53	80	0	0	0	P1-1-2	0	0
1	1.019531	2.968750	Ab2	28	80	0	0	0	P1-1-9	0	-
2	1.023438	2.289062	Eb4	31	80	0	0	0	*	3	-
3	1.024740	3.000000	Eb3	24	80	0	0	0	P1-1-10	0	-
4	1.027344	2.598958	Ab4	39	80	0	0	0	P1-1-1	0	-
5	2.994792	3.348958	Ab4	40	80	0	0	720	P1-1-4	0	-
6	2.997396	3.329427	Eb4	33	80	0	0	720	P1-1-3	0	-
7	3.003906	3.313802	C3	30	80	0	0	720	P1-1-11	0	-
8	3.009115	3.292969	Eb3	28	80	0	0	720	P1-1-12	0	-
9	3.550781	4.098958	Ab4	64	80	0	0	960	P1-1-6	0	-
10	3.562500	4.029948	Eb4	49	80	0	0	960	P1-1-5	0	-
11	3.596354	4.209635	Eb3	32	80	0	0	960	P1-1-14	0	-
12	3.598958	4.169271	C3	32	80	0	0	960	P1-1-13	0	-
13	4.283854	4.739583	Ab4	75	80	0	0	1320	P1-1-8	0	-
14	4.309896	4.658854	Eb4	53	80	0	0	1320	P1-1-7	0	-
15	4.333333	4.688802	Eb3	35	80	0	0	1320	P1-1-16	0	-
16	4.334635	4.709635	C3	30	80	0	0	1320	P1-1-15	0	-
17	4.666667	6.188802	Db5	53	80	0	0	1440	P1-2-2	0	-
18	4.673177	5.369792	Bb3	36	80	0	0	1440	*	3	-
19	4.696615	5.438802	G4	35	80	0	0	1440	P1-2-1	0	-
20	4.700521	6.089844	Bb2	30	80	0	0	1440	P1-2-5	0	-
21	4.703125	5.598958	Eb3	28	80	0	0	1440	P1-2-6	0	-
22	6.045573	8.289062	Bb4	42	80	0	0	1920	P1-2-4	0	-
23	6.054688	7.839844	G4	32	80	0	0	1920	P1-2-3	0	-
24	6.055990	7.299479	C#4	25	80	0	0	1920	*	3	-
25	6.059896	7.688802	Db3	26	80	0	0	1920	P1-2-7	0	-
26	6.065104	7.759115	Eb3	25	80	0	0	1920	P1-2-8	0	-
27	8.204427	10.369792	Eb5	52	80	0	0	2880	P1-3-2	0	-
28	8.216146	9.739583	Ab4	38	80	0	0	2880	P1-3-1	0	-
29	8.253906	9.205729	Eb3	26	80	0	0	2880	P1-3-20	0	-
30	8.260417	9.759115	C3	26	80	0	0	2880	P1-3-9	0	-
31	8.880208	9.639323	Ab3	40	80	0	0	3120	P1-3-11	0	-
32	9.536458	10.199219	C4	43	80	0	0	3360	P1-3-13	0	-
33	10.087240	10.675781	Db5	65	80	0	0	3600	P1-3-4	0	-
34	10.105469	10.688802	F3	33	80	0	0	3600	P1-3-14	0	-
35	10.111979	10.119792	G#3	36	80	0	0	3600	*	3	-
36	10.113281	10.669271	Ab4	46	80	0	0	3600	P1-3-3	0	-
37	10.121094	10.699219	Bb3	35	80	0	0	3600	P1-3-15	0	-
38	10.647135	11.350260	Eb5	75	80	0	0	3840	P1-3-6	0	-
39	10.673177	11.039062	C4	44	80	0	0	3840	P1-3-17	0	-
40	10.677083	11.279948	Eb3	36	80	0	0	3840	P1-3-16	0	-
41	10.677083	11.029948	Ab4	47	80	0	0	3840	P1-3-5	0	-
42	11.308594	12.125000	F5	84	80	0	0	4080	P1-3-8	0	-
43	11.335938	12.158854	Db3	36	80	0	0	4080	P1-3-18	0	-
44	11.341146	11.718750	Db4	38	80	0	0	4080	P1-3-19	0	-
45	11.346354	12.039062	Ab4	48	80	0	0	4080	P1-3-7	0	-
46	12.054688	13.348958	Eb5	63	80	0	0	4320	P1-4-1	0	-
47	12.085938	13.378906	G4	40	80	0	0	4320	P1-4-28	0	-
48	12.095052	13.019531	Bb3	30	80	0	0	4320	P1-4-32	0	-
49	12.100260	13.339844	Eb3	28	80	0	0	4320	P1-4-31	0	-
50	13.183594	13.802083	D5	59	80	0	0	4680	P1-4-2	0	-
51	13.694010	14.729167	G4	28	80	0	0	4800	P1-4-29	0	-
52	13.743490	15.878906	Eb3	27	80	0	0	4800	P1-4-33	0	-
53	13.765625	15.871094	Bb3	38	80	0	0	4800	P1-4-34	0	-
54	13.770833	14.083333	Db5	61	80	0	0	4800	P1-4-3	0	-
55	14.121094	14.227865	Eb5	47	80	0	0	4830	P1-4-5	0	-
56	14.266927	14.316406	Db5	48	80	0	0	4860	P1-4-23	0	-
57	14.347656	14.402344	Eb5	49	80	0	0	4890	P1-4-7	0	-
58	14.437500	14.484375	Db5	54	80	0	0	4920	P1-4-24	0	-
59	14.510417	14.565104	Eb5	53	80	0	0	4950	P1-4-9	0	-
60	14.601562	14.645833	Db5	55	80	0	0	4980	P1-4-25	0	-
61	14.674479	14.723958	Eb5	52	80	0	0	5010	P1-4-10	0	-
62	14.756510	14.804688	Db5	57	80	0	0	5040	P1-4-11	0	-
63	14.834635	14.885417	Eb5	53	80	0	0	5060	*	3	-
64	14.915365	14.964844	Db5	54	80	0	0	5060	*	3	-
65	14.996094	15.042969	Eb5	54	80	0	0	5060	*	3	-
66	15.066406	15.123698	Db5	56	80	0	0	5060	*	3	-
67	15.153646	15.208333	Eb5	57	80	0	0	5060	P1-4-13	0	-
68	15.244792	15.294271	Db5	51	80	0	0	5060	P1-4-12	0	-
69	15.328125	15.369792	Eb5	52	80	0	0	5060	*	3	-
70	15.390625	15.446615	Db5	57	80	0	0	5060	*	3	-
71	15.479167	15.540365	Eb5	50	80	0	0	5060	*	3	-
72	15.565104	15.634115	Db5	59	80	0	0	5080	P1-4-14	0	-
73	15.677083	15.736979	C5	57	80	0	0	5100	P1-4-15	0	-
74	15.794271	15.912760	Db5	57	80	0	0	5160	*	3	-
75	15.932292	16.044271	Eb5	57	80	0	0	5160	*	3	-
76	16.058594	16.214844	Db5	60	80	0	0	5160	P1-4-16	0	-
77	16.210938	16.363281	Eb5	53	80	0	0	5220	P1-4-17	0	-
78	16.367188	17.013021	F5	54	80	0	0	5280	P1-4-18	0	-
79	16.930990	17.257812	Eb5	47	80	0	0	5520	P1-4-19	0	-
80	17.244792	17.523438	Db5	50	80	0	0	5640	P1-4-20	0	-
81	17.529948	18.399740	Ab3	31	80	0	0	5760	P1-5-4	0	-
82	17.532552	19.569010	C5	50	80	0	0	5760	P1-5-1	0	-
83	17.851562	17.912760	C4	21	80	0	0	5880	P1-5-5	0	-
84	17.851562	17.907552	Eb4	20	80	0	0	5880	P1-5-6	0	-
85	18.065104	18.135417	Eb4	31	80	0	0	6000	P1-5-8	0	-
86	18.067708	18.139323	C4	25	80	0	0	6000	P1-5-7	0	-
87	18.343750	18.609375	Eb4	29	80	0	0	6120	P1-5-10	0	-
88	18.343750	18.619792	C4	26	80	0	0	6120	P1-5-9	0	-
89	18.580729	19.039062	Ab3	35	80	0	0	6240	P1-5-11	0	-
90	18.834635	18.895833	Eb4	27	80	0	0	6360	P1-5-13	0	-
91	18.835938	18.898438	C4	27	80	0	0	6360	P1-5-12	0	-
92	19.084635	20.209635	Eb5	57	80	0	0	6480	P1-5-2	0	-
93	19.088542	19.164062	Eb4	29	80	0	0	6480	P1-5-15	0	-
94	19.092448	19.166667	C4	27	80	0	0	6480	P1-5-14	0	-
95	19.361979	19.579427	C4	20	80	0	0	6600	P1-5-16	0	-
96	19.364583	19.649740	Eb4	23	80	0	0	6600	P1-5-17	0	-
97	19.601562	19.908854	Ab3	32	80	0	0	6720	P1-5-18	0	-
98	19.854167	19.915365	C4	31	80	0	0	6840	P1-5-19	0	-
99	19.854167	19.914062	Eb4	29	80	0	0	6840	P1-5-20	0	-
100	20.095052	20.619792	Ab5	69	80	0	0	6960	P1-5-3	0	-
101	20.123698	20.269531	Eb4	25	80	0	0	6960	P1-5-22	0	-
102	20.126302	20.205729	C4	24	80	0	0	6960	P1-5-21	0	-
103	20.126302	20.419271	G#3	24	80	0	0	6960	*	3	-
104	20.404948	20.759115	Eb4	23	80	0	0	7080	P1-5-24	0	-
105	20.406250	20.619792	C4	27	80	0	0	7080	P1-5-23	0	-
106	20.634115	21.619792	Bb3	28	80	0	0	7200	P1-6-3	0	-
107	20.684896	21.859375	Ab5	63	80	0	0	7200	P1-6-1	0	-
108	21.001302	21.229167	Db4	21	80	0	0	7320	P1-6-4	0	-
109	21.002604	21.109375	Eb4	20	80	0	0	7320	P1-6-5	0	-
110	21.255208	21.329427	Eb4	25	80	0	0	7440	P1-6-7	0	-
111	21.278646	21.334635	Db4	14	80	0	0	7440	P1-6-6	0	-
112	21.523438	21.829427	Eb4	28	80	0	0	7560	P1-6-9	0	-
113	21.533854	21.779948	Db4	28	80	0	0	7560	P1-6-8	0	-
114	21.759115	23.889323	G5	55	80	0	0	7680	P1-6-2	0	-
115	21.783854	22.438802	Bb3	30	80	0	0	7680	P1-6-10	0	-
116	21.785156	21.889323	C#4	24	80	0	0	7680	*	3	-
117	22.023438	22.085938	Eb4	29	80	0	0	7800	P1-6-12	0	-
118	22.024740	22.089844	Db4	25	80	0	0	7800	P1-6-11	0	-
119	22.274740	22.334635	Eb4	26	80	0	0	7920	P1-6-14	0	-
120	22.283854	22.347656	Db4	24	80	0	0	7920	P1-6-13	0	-
121	22.513021	22.839844	Db4	33	80	0	0	8040	P1-6-15	0	-
122	22.515625	22.759115	Eb4	30	80	0	0	8040	P1-6-16	0	-
123	22.764323	23.449219	Bb3	36	80	0	0	8160	P1-6-17	0	-
124	23.013021	23.072917	Eb4	34	80	0	0	8280	P1-6-19	0	-
125	23.019531	23.074219	Db4	27	80	0	0	8280	P1-6-18	0	-
126	23.244792	23.305990	Eb4	33	80	0	0	8400	P1-6-21	0	-
127	23.244792	23.309896	Db4	32	80	0	0	8400	P1-6-20	0	-
128	23.496094	23.609375	Eb4	35	80	0	0	8520	P1-6-23	0	-
129	23.497396	23.562500	Db4	37	80	0	0	8520	P1-6-22	0	-
130	23.731771	24.182292	Db4	32	80	0	0	8640	P1-7-4	0	-
131	23.805990	25.559896	Bb5	70	80	0	0	8640	P1-7-1	0	-
132	24.092448	24.165365	Bb4	40	80	0	0	8760	P1-7-7	0	-
133	24.092448	24.173177	G4	30	80	0	0	8760	P1-7-6	0	-
134	24.132812	24.184896	Eb4	27	80	0	0	8760	P1-7-5	0	-
135	24.341146	24.403646	Bb4	39	80	0	0	8880	P1-7-10	0	-
136	24.348958	24.417969	Eb4	36	80	0	0	8880	P1-7-8	0	-
137	24.356771	24.421875	C#4	28	80	0	0	8880	*	3	-
138	24.361979	24.419271	G4	26	80	0	0	8880	P1-7-9	0	-
139	24.591146	24.878906	G4	37	80	0	0	9000	P1-7-12	0	-
140	24.592448	24.839844	Bb4	47	80	0	0	9000	P1-7-13	0	-
141	24.602865	24.739583	Eb4	29	80	0	0	9000	P1-7-11	0	-
142	24.602865	24.662760	C#4	27	80	0	0	9000	*	3	-
143	24.819010	25.169271	Db4	46	80	0	0	9120	P1-7-14	0	-
144	25.075521	25.147135	Eb4	35	80	0	0	9240	P1-7-15	0	-
145	25.080729	25.132812	Bb4	41	80	0	0	9240	P1-7-17	0	-
146	25.082031	25.141927	G4	31	80	0	0	9240	P1-7-16	0	-
147	25.295573	26.889323	G5	71	80	0	0	9360	P1-7-2	0	-
148	25.335938	25.429688	Bb4	33	80	0	0	9360	P1-7-20	0	-
149	25.341146	25.406250	Eb4	36	80	0	0	9360	P1-7-18	0	-
150	25.342448	25.404948	C#4	31	80	0	0	9360	*	3	-
151	25.343750	25.406250	G4	33	80	0	0	9360	P1-7-19	0	-
152	25.591146	25.644531	C#4	32	80	0	0	9480	*	3	-
153	25.591146	25.679688	Bb4	34	80	0	0	9480	P1-7-23	0	-
154	25.593750	25.647135	Eb4	37	80	0	0	9480	P1-7-21	0	-
155	25.595052	25.769531	G4	32	80	0	0	9480	P1-7-22	0	-
156	25.804688	26.049479	Db4	38	80	0	0	9600	P1-7-24	0	-
157	25.805990	25.869792	Bb4	35	80	0	0	9720	*	3	-
158	26.033854	26.102865	G4	40	80	0	0	9720	P1-7-26	0	-
159	26.046875	26.096354	Bb4	40	80	0	0	9720	P1-7-27	0	-
160	26.053385	26.109375	Eb4	35	80	0	0	9720	P1-7-25	0	-
161	26.055990	26.309896	C#4	28	80	0	0	9720	*	3	-
162	26.298177	26.809896	Eb5	61	80	0	0	9840	P1-7-3	0	-
163	26.315104	26.376302	Bb4	41	80	0	0	9840	P1-7-30	0	-
164	26.315104	26.382812	G4	35	80	0	0	9840	P1-7-29	0	-
165	26.316406	26.384115	Eb4	32	80	0	0	9840	P1-7-28	0	-
166	26.322917	26.699219	C#4	30	80	0	0	9840	*	3	-
167	26.575521	26.908854	Bb4	33	80	0	0	9960	P1-7-33	0	-
168	26.605469	26.718750	Eb4	31	80	0	0	9960	P1-7-31	0	-
169	26.605469	26.759115	G4	22	80	0	0	9960	P1-7-32	0	-
170	26.834635	27.239583	C4	27	80	0	0	10080	P1-8-3	0	-
171	26.891927	28.468750	Eb5	55	80	0	0	10080	P1-8-1	0	-
172	27.182292	27.235677	Ab4	32	80	0	0	10200	P1-8-5	0	-
173	27.183594	27.236979	Eb4	25	80	0	0	10200	P1-8-4	0	-
174	27.398438	27.473958	Ab4	45	80	0	0	10320	P1-8-7	0	-
175	27.401042	27.480469	Eb4	37	80	0	0	10320	P1-8-6	0	-
176	27.638021	27.919271	Ab4	48	80	0	0	10440	P1-8-9	0	-
177	27.703125	27.889323	Eb4	36	80	0	0	10440	P1-8-8	0	-
178	27.703125	27.769531	C4	26	80	0	0	10440	*	3	-
179	27.855469	29.859375	Ab5	69	80	0	0	10560	P1-8-2	0	-
180	27.863281	28.419271	C4	32	80	0	0	10560	P1-8-10	0	-
181	28.084635	28.152344	Eb4	46	80	0	0	10680	P1-8-11	0	-
182	28.087240	28.152344	Ab4	42	80	0	0	10680	P1-8-12	0	-
183	28.315104	28.393229	Ab4	44	80	0	0	10800	P1-8-14	0	-
184	28.345052	28.402344	Eb4	38	80	0	0	10800	P1-8-13	0	-
185	28.562500	28.769531	Ab4	44	80	0	0	10920	P1-8-16	0	-
186	28.567708	28.729167	Eb4	44	80	0	0	10920	P1-8-15	0	-
187	28.575521	28.658854	C4	31	80	0	0	11040	*	3	-
188	28.803385	29.128906	C4	46	80	0	0	11040	P1-8-17	0	-
189	29.036458	29.104167	Ab4	52	80	0	0	11160	P1-8-19	0	-
190	29.036458	29.108073	Eb4	47	80	0	0	11160	P1-8-18	0	-
191	29.286458	29.365885	Ab4	59	80	0	0	11280	P1-8-21	0	-
192	29.291667	29.372396	Eb4	51	80	0	0	11280	P1-8-20	0	-
193	29.296875	29.408854	C4	37	80	0	0	11280	*	3	-
194	29.541667	29.613281	Ab4	67	80	0	0	11400	P1-8-23	0	-
195	29.544271	29.619792	Eb4	55	80	0	0	11400	P1-8-22	0	-
196	29.546875	29.669271	C4	41	80	0	0	11400	*	3	-
197	29.800781	30.789062	Gb4	50	80	0	0	11520	P1-9-4	0	-
198	29.864583	31.500000	Ab5	86	80	0	0	11520	P1-9-1	0	-
199	30.182292	30.278646	Eb5	55	80	0	0	11640	P1-9-7	0	-
200	30.195312	30.281250	C5	53	80	0	0	11640	P1-9-6	0	-
201	30.210938	30.274740	Ab4	45	80	0	0	11640	P1-9-5	0	-
202	30.436198	30.522135	Eb5	60	80	0	0	11760	P1-9-10	0	-
203	30.444010	30.520833	C5	55	80	0	0	11760	P1-9-9	0	-
204	30.451823	30.514323	Ab4	46	80	0	0	11760	P1-9-8	0	-
205	30.675781	30.938802	C5	58	80	0	0	11880	P1-9-12	0	-
206	30.690104	30.929688	Eb5	55	80	0	0	11880	P1-9-13	0	-
207	30.694010	30.809896	Ab4	50	80	0	0	11880	P1-9-11	0	-
208	30.885417	31.699219	Gb4	62	80	0	0	12000	P1-9-14	0	-
209	31.125000	31.216146	Eb5	65	80	0	0	12120	P1-9-17	0	-
210	31.127604	31.213542	Ab4	58	80	0	0	12120	P1-9-15	0	-
211	31.127604	31.214844	C5	56	80	0	0	12120	P1-9-16	0	-
212	31.354167	32.419271	C6	85	80	0	0	12240	P1-9-2	0	-
213	31.384115	31.455729	Eb5	40	80	0	0	12240	P1-9-20	0	-
214	31.411458	31.489583	C5	39	80	0	0	12240	P1-9-19	0	-
215	31.421875	31.500000	Ab4	35	80	0	0	12240	P1-9-18	0	-
216	31.605469	31.899740	C5	65	80	0	0	12360	P1-9-22	0	-
217	31.605469	31.878906	Eb5	64	80	0	0	12360	P1-9-23	0	-
218	31.610677	31.819010	Ab4	53	80	0	0	12360	P1-9-21	0	-
219	31.842448	32.859375	Gb4	67	80	0	0	12480	P1-9-24	0	-
220	32.074219	32.152344	Eb5	58	80	0	0	12600	P1-9-27	0	-
221	32.075521	32.151042	C5	54	80	0	0	12600	P1-9-26	0	-
222	32.080729	32.153646	Ab4	49	80	0	0	12600	P1-9-25	0	-
223	32.307292	32.859375	Eb6	90	80	0	0	12720	P1-9-3	0	-
224	32.345052	32.479167	Eb5	48	80	0	0	12720	P1-9-30	0	-
225	32.364583	32.404948	C5	47	80	0	0	12720	P1-9-29	0	-
226	32.367188	32.410156	Ab4	43	80	0	0	12720	P1-9-28	0	-
227	32.572917	32.829427	C5	56	80	0	0	12840	P1-9-32	0	-
228	32.574219	32.839844	Eb5	55	80	0	0	12840	P1-9-33	0	-
229	32.591146	32.869792	Ab4	48	80	0	0	12840	P1-9-31	0	-
230	32.815104	33.628906	F4	55	80	0	0	12960	P1-10-5	0	-
231	32.873698	34.579427	Eb6	87	80	0	0	12960	P1-10-1	0	-
232	33.122396	33.229167	Ab4	44	80	0	0	13080	P1-10-6	0	-
233	33.122396	33.239583	Db5	50	80	0	0	13080	P1-10-7	0	-
234	33.358073	33.438802	Ab4	48	80	0	0	13200	P1-10-8	0	-
235	33.360677	33.433594	Db5	57	80	0	0	13200	P1-10-9	0	-
236	33.602865	33.848958	Ab4	60	80	0	0	13320	P1-10-10	0	-
237	33.604167	33.859375	Db5	54	80	0	0	13320	P1-10-11	0	-
238	33.819010	34.658854	F4	67	80	0	0	13440	P1-10-12	0	-
239	34.063802	34.269531	Ab4	60	80	0	0	13560	P1-10-13	0	-
240	34.072917	34.259115	Db5	55	80	0	0	13560	P1-10-14	0	-
241	34.290365	34.839844	Db6	93	80	0	0	13680	P1-10-2	0	-
242	34.308594	34.359375	Db5	56	80	0	0	13680	P1-10-16	0	-
243	34.309896	34.419271	Ab4	44	80	0	0	13680	P1-10-15	0	-
244	34.548177	34.829427	Db5	72	80	0	0	13800	P1-10-18	0	-
245	34.557292	34.809896	Ab4	62	80	0	0	13800	P1-10-17	0	-
246	34.774740	35.319010	Eb6	94	80	0	0	13920	P1-10-3	0	-
247	34.802083	35.278646	Eb4	56	80	0	0	13920	P1-10-19	0	-
248	35.032552	35.289062	C5	75	80	0	0	14040	P1-10-21	0	-
249	35.033854	35.199219	Ab4	56	80	0	0	14040	P1-10-20	0	-
250	35.266927	35.789062	F6	96	80	0	0	14160	P1-10-4	0	-
251	35.272135	35.789062	Db4	59	80	0	0	14160	P1-10-22	0	-
252	35.515625	35.809896	Bb4	70	80	0	0	14280	P1-10-24	0	-
253	35.515625	35.829427	Ab4	66	80	0	0	14280	P1-10-23	0	-
254	35.792969	36.669271	Eb4	53	80	0	0	14400	P1-11-8	0	-
255	35.802083	36.579427	F6	94	80	0	0	14400	P1-11-1	0	-
256	36.084635	36.359375	C5	61	80	0	0	14520	P1-11-10	0	-
257	36.084635	36.369792	Ab4	49	80	0	0	14520	P1-11-9	0	-
258	36.352865	37.709635	Eb6	87	80	0	0	14640	P1-11-2	0	-
259	36.367188	36.479167	C5	50	80	0	0	14640	P1-11-12	0	-
260	36.375000	36.468750	Ab4	44	80	0	0	14640	P1-11-11	0	-
261	36.623698	36.876302	Ab4	58	80	0	0	14760	P1-11-13	0	-
262	36.623698	36.865885	C5	62	80	0	0	14760	P1-11-14	0	-
263	36.872396	37.699219	Eb4	52	80	0	0	14880	P1-11-15	0	-
264	37.126302	37.500000	C5	53	80	0	0	15000	P1-11-17	0	-
265	37.130208	37.468750	Ab4	49	80	0	0	15000	P1-11-16	0	-
266	37.384115	37.449219	C6	71	80	0	0	15120	P1-11-19	1	-
267	37.384115	37.759115	Db6	75	80	0	0	15120	P1-11-3	0	-
268	37.671875	37.990885	C6	75	80	0	0	15240	P1-11-4	0	-
269	37.674479	37.989583	Ab4	50	80	0	0	15240	P1-11-20	0	-
270	37.680990	37.979167	C5	57	80	0	0	15240	P1-11-21	0	-
271	37.971354	38.294271	Eb6	68	80	0	0	15360	P1-11-5	0	-
272	37.971354	39.229167	Eb4	40	80	0	0	15360	P1-11-22	0	-
273	38.260417	38.759115	Db6	65	80	0	0	15480	P1-11-6	0	-
274	38.264323	38.408854	Bb4	40	80	0	0	15480	P1-11-23	0	-
275	38.274740	38.419271	Db5	42	80	0	0	15480	P1-11-24	0	-
276	38.555990	38.679688	Db5	46	80	0	0	15600	P1-11-26	0	-
277	38.563802	39.209635	G5	65	80	0	0	15600	P1-11-7	0	-
278	38.830729	39.149740	Db5	36	80	0	0	15720	P1-11-28	0	-
279	38.832031	39.098958	Bb4	34	80	0	0	15720	P1-11-27	0	-
280	39.092448	39.779948	Ab4	38	80	0	0	15840	P1-12-25	0	-
281	39.188802	39.468750	Ab5	56	80	0	0	15840	P1-12-1	0	-
282	39.201823	39.539062	C5	35	80	0	0	15840	P1-12-26	0	-
283	39.303385	39.421875	Eb6	56	80	0	0	15900	P1-12-2	0	-
284	39.458333	39.548177	C6	53	80	0	0	15960	P1-12-3	0	-
285	39.587240	39.667969	Eb6	53	80	0	0	16020	P1-12-4	0	-
286	39.670573	39.848958	Ab6	60	80	0	0	16080	P1-12-5	0	-
287	39.800781	39.865885	Eb6	60	80	0	0	16140	P1-12-6	0	-
288	39.894531	39.979167	C6	57	80	0	0	16200	P1-12-7	0	-
289	40.022135	40.115885	Eb6	63	80	0	0	16260	P1-12-8	0	-
290	40.122396	40.299479	Ab5	66	80	0	0	16320	P1-12-9	0	-
291	40.274740	40.328125	Eb5	53	80	0	0	16380	P1-12-10	0	-
292	40.375000	40.430990	C5	54	80	0	0	16440	P1-12-11	0	-
293	40.475260	40.553385	Eb5	50	80	0	0	16500	P1-12-12	0	-
294	40.584635	40.729167	Ab4	62	80	0	0	16560	P1-12-13	0	-
295	40.764323	40.824219	Eb4	35	80	0	0	16620	P1-12-14	0	-
296	40.872396	40.968750	C4	42	80	0	0	16680	P1-12-15	0	-
297	40.946615	41.022135	Eb4	52	80	0	0	16740	P1-12-16	0	-
298	41.055990	41.156250	Ab3	53	80	0	0	16800	P1-12-17	0	-
299	41.208333	41.281250	Eb3	47	80	0	0	16860	P1-12-18	0	-
300	41.342448	41.489583	C3	47	80	0	0	16920	P1-12-19	0	-
301	41.415365	41.483073	Eb3	50	80	0	0	16980	P1-12-20	0	-
302	41.514323	41.636719	Ab2	48	80	0	0	17040	P1-12-21	0	-
303	41.644531	41.726562	Eb3	43	80	0	0	17100	P1-12-22	0	-
304	41.746094	41.819010	C3	53	80	0	0	17160	P1-12-23	0	-
305	41.824219	41.885417	C3	51	80	0	0	17160	*	3	-
306	41.856771	41.904948	Eb3	58	80	0	0	17220	P1-12-24	0	-
307	41.933594	42.509115	G2	46	80	0	0	17280	P1-13-1	0	-
308	41.934896	42.259115	G1	47	80	0	0	17280	*	3	-
309	41.950521	42.449219	Eb2	40	80	0	0	17280	P1-13-26	0	-
310	41.960938	42.049479	Bb1	38	80	0	0	17280	P1-13-25	0	-
311	41.964844	41.979167	Bb2	34	80	0	0	17280	P1-13-27	0	-
312	42.074219	42.169271	Eb3	37	80	0	0	17340	P1-13-2	0	-
313	42.178385	42.246094	Db3	40	80	0	0	17400	P1-13-3	0	-
314	42.278646	42.355469	Eb3	40	80	0	0	17460	P1-13-4	0	-
315	42.394531	42.479167	G3	47	80	0	0	17520	P1-13-5	0	-
316	42.488281	42.604167	Eb3	50	80	0	0	17580	P1-13-6	0	-
317	42.625000	42.686198	Db3	43	80	0	0	17640	P1-13-7	0	-
318	42.735677	42.789062	Eb3	51	80	0	0	17700	P1-13-8	0	-
319	42.864583	43.029948	G3	49	80	0	0	17760	P1-13-9	0	-
320	42.873698	43.289062	Eb2	37	80	0	0	17760	P1-13-29	0	-
321	42.873698	43.119792	Bb1	41	80	0	0	17760	P1-13-28	0	-
322	42.875000	43.119792	Bb2	40	80	0	0	17760	P1-13-30	0	-
323	42.976562	43.031250	Eb4	51	80	0	0	17820	P1-13-10	0	-
324	43.085938	43.144531	Db4	51	80	0	0	17880	P1-13-11	0	-
325	43.204427	43.289062	Eb4	46	80	0	0	17940	P1-13-12	0	-
326	43.328125	43.406250	G4	59	80	0	0	18000	P1-13-13	0	-
327	43.430990	43.503906	Eb4	58	80	0	0	18060	P1-13-14	0	-
328	43.550781	43.621094	Db4	48	80	0	0	18120	P1-13-15	0	-
329	43.648438	43.692708	Eb4	59	80	0	0	18180	P1-13-16	0	-
330	43.781250	43.854167	G4	57	80	0	0	18240	P1-13-17	0	-
331	43.790365	44.529948	Eb2	39	80	0	0	18240	P1-13-32	0	-
332	43.795573	44.259115	Bb1	39	80	0	0	18240	P1-13-31	0	-
333	43.796875	44.389323	Bb2	41	80	0	0	18240	P1-13-33	0	-
334	43.888021	43.951823	Eb5	61	80	0	0	18300	P1-13-18	0	-
335	44.022135	44.083333	Db5	47	80	0	0	18360	P1-13-19	0	-
336	44.127604	44.180990	Eb5	57	80	0	0	18420	P1-13-20	0	-
337	44.243490	44.312500	G5	65	80	0	0	18480	P1-13-21	0	-
338	44.335938	44.404948	Eb5	60	80	0	0	18540	P1-13-22	0	-
339	44.450521	44.513021	Db5	62	80	0	0	18600	P1-13-23	0	-
340	44.572917	44.638021	Eb5	60	80	0	0	18660	P1-13-24	0	-
341	44.703125	44.795573	Ab5	67	80	0	0	18720	P1-14-1	0	-
342	44.722656	45.509115	C2	35	80	0	0	18720	P1-14-25	0	-
343	44.731771	45.609375	Eb2	31	80	0	0	18720	P1-14-26	0	-
344	44.805990	44.903646	Eb6	68	80	0	0	18780	P1-14-2	0	-
345	44.940104	45.015625	C6	57	80	0	0	18840	P1-14-3	0	-
346	45.045573	45.147135	Eb6	70	80	0	0	18900	P1-14-4	0	-
347	45.161458	45.299479	Ab6	73	80	0	0	18960	P1-14-5	0	-
348	45.273438	45.329427	Eb6	67	80	0	0	19020	P1-14-6	0	-
349	45.351562	45.429688	C6	59	80	0	0	19080	P1-14-7	0	-
350	45.483073	45.562500	Eb6	70	80	0	0	19140	P1-14-8	0	-
351	45.575521	45.632812	Ab5	64	80	0	0	19200	P1-14-9	0	-
352	45.714844	45.763021	Eb5	50	80	0	0	19260	P1-14-10	0	-
353	45.817708	45.864583	C5	57	80	0	0	19320	P1-14-11	0	-
354	45.919271	45.973958	Eb5	59	80	0	0	19380	P1-14-12	0	-
355	46.018229	46.074219	Ab4	66	80	0	0	19440	P1-14-13	0	-
356	46.173177	46.233073	Eb4	50	80	0	0	19500	P1-14-14	0	-
357	46.287760	46.325521	C4	49	80	0	0	19560	P1-14-15	0	-
358	46.393229	46.549479	Eb4	47	80	0	0	19620	P1-14-16	0	-
359	46.424479	46.549479	C4	44	80	0	0	19680	*	3	-
360	46.425781	46.559896	Ab3	44	80	0	0	19680	P1-14-17	0	-
361	46.575521	46.634115	Eb3	56	80	0	0	19740	P1-14-18	0	-
362	46.697917	46.799479	C3	48	80	0	0	19800	P1-14-19	0	-
363	46.778646	46.830729	Eb3	59	80	0	0	19860	P1-14-20	0	-
364	46.854167	47.009115	Ab2	57	80	0	0	19920	P1-14-21	0	-
365	46.981771	47.044271	Eb3	59	80	0	0	19980	P1-14-22	0	-
366	47.102865	47.164062	C3	52	80	0	0	20040	P1-14-23	0	-
367	47.194010	47.289062	Eb3	52	80	0	0	20100	P1-14-24	0	-
368	47.290365	47.468750	Bb2	50	80	0	0	20160	P1-15-1	0	-
369	47.294271	47.438802	Bb1	41	80	0	0	20160	*	3	-
370	47.295573	47.739583	Eb2	43	80	0	0	20160	P1-15-26	0	-
371	47.300781	47.389323	G2	42	80	0	0	20160	P1-15-27	0	-
372	47.312500	47.319010	G1	38	80	0	0	20160	P1-15-25	0	-
373	47.434896	47.529948	Eb3	39	80	0	0	20220	P1-15-2	0	-
374	47.532552	47.592448	Db3	44	80	0	0	20280	P1-15-3	0	-
375	47.625000	47.687500	Eb3	45	80	0	0	20340	P1-15-4	0	-
376	47.752604	47.850260	Bb3	55	80	0	0	20400	P1-15-5	0	-
377	47.884115	47.972656	Eb3	59	80	0	0	20460	P1-15-6	0	-
378	47.984375	48.082031	Db3	51	80	0	0	20520	P1-15-7	0	-
379	48.095052	48.165365	Eb3	43	80	0	0	20580	P1-15-8	0	-
380	48.220052	48.408854	Bb3	59	80	0	0	20640	P1-15-9	1	-
381	48.223958	48.449219	G2	43	80	0	0	20640	P1-15-30	0	-
382	48.230469	48.489583	G1	42	80	0	0	20640	P1-15-28	0	-
383	48.233073	48.669271	Eb2	39	80	0	0	20640	P1-15-29	0	-
384	48.337240	48.404948	Eb4	58	80	0	0	20700	P1-15-10	0	-
385	48.442708	48.509115	Db4	56	80	0	0	20760	P1-15-11	0	-
386	48.557292	48.617188	Eb4	53	80	0	0	20820	P1-15-12	0	-
387	48.660156	48.753906	Bb4	70	80	0	0	20880	P1-15-13	0	-
388	48.777344	48.863281	Eb4	68	80	0	0	20940	P1-15-14	0	-
389	48.880208	48.975260	Db4	55	80	0	0	21000	P1-15-15	0	-
390	48.985677	49.069010	Eb4	56	80	0	0	21060	P1-15-16	0	-
391	49.113281	49.408854	G1	40	80	0	0	21120	P1-15-31	0	-
392	49.113281	49.194010	Bb4	72	80	0	0	21120	P1-15-17	0	-
393	49.121094	49.529948	Eb2	37	80	0	0	21120	P1-15-32	0	-
394	49.226562	49.324219	Eb5	65	80	0	0	21180	P1-15-18	0	-
395	49.334635	49.427083	Db5	69	80	0	0	21240	P1-15-19	0	-
396	49.444010	49.518229	Eb5	68	80	0	0	21300	P1-15-20	0	-
397	49.549479	49.666667	Bb5	75	80	0	0	21360	P1-15-21	0	-
398	49.667969	49.753906	Eb5	70	80	0	0	21420	P1-15-22	0	-
399	49.756510	49.864583	Db5	70	80	0	0	21480	P1-15-23	0	-
400	49.881510	49.962240	Eb5	67	80	0	0	21540	P1-15-24	0	-
401	49.985677	50.119792	C5	66	80	0	0	21600	P1-16-1	0	-
402	50.002604	51.809896	Ab1	34	80	0	0	21600	P1-16-25	0	-
403	50.016927	51.429688	Eb2	33	80	0	0	21600	P1-16-26	0	-
404	50.019531	50.989583	Ab2	36	80	0	0	21600	P1-16-27	0	-
405	50.108073	50.195312	Ab5	58	80	0	0	21660	P1-16-2	0	-
406	50.205729	50.295573	Eb5	64	80	0	0	21720	P1-16-3	0	-
407	50.325521	50.414062	Ab5	69	80	0	0	21780	P1-16-4	0	-
408	50.445312	50.533854	C6	65	80	0	0	21840	P1-16-5	0	-
409	50.552083	50.630208	Ab5	65	80	0	0	21900	P1-16-6	0	-
410	50.652344	50.710938	Eb5	62	80	0	0	21960	P1-16-7	0	-
411	50.777344	50.845052	Ab5	64	80	0	0	22020	P1-16-8	0	-
412	50.878906	50.941406	C5	64	80	0	0	22080	P1-16-9	0	-
413	51.026042	51.085938	Ab4	54	80	0	0	22140	P1-16-10	0	-
414	51.139323	51.196615	Eb4	52	80	0	0	22200	P1-16-11	0	-
415	51.243490	51.304688	Ab4	56	80	0	0	22260	P1-16-12	0	-
416	51.334635	51.444010	C4	57	80	0	0	22320	P1-16-13	0	-
417	51.485677	51.552083	Ab3	46	80	0	0	22380	P1-16-14	0	-
418	51.602865	51.666667	Eb3	53	80	0	0	22440	P1-16-15	0	-
419	51.701823	51.765625	Ab3	54	80	0	0	22500	P1-16-16	0	-
420	51.791667	51.902344	C3	61	80	0	0	22560	P1-16-17	0	-
421	51.917969	51.977865	Ab3	54	80	0	0	22620	P1-16-18	0	-
422	52.022135	52.127604	Eb3	52	80	0	0	22680	P1-16-19	0	-
423	52.134115	52.214844	Ab3	50	80	0	0	22740	P1-16-20	0	-
424	52.255208	52.345052	C4	49	80	0	0	22800	P1-16-21	0	-
425	52.371094	52.432292	Ab3	46	80	0	0	22860	P1-16-22	0	-
426	52.476562	52.553385	Eb3	41	80	0	0	22920	P1-16-23	0	-
427	52.570312	52.652344	Ab3	50	80	0	0	22980	P1-16-24	0	-
428	52.696615	53.259115	D3	43	80	0	0	23040	P1-17-1	0	-
429	52.705729	53.639323	Bb1	38	80	0	0	23040	P1-17-26	1	-
430	52.837240	52.895833	Bb3	36	80	0	0	23100	P1-17-2	0	-
431	52.947917	53.001302	Ab3	38	80	0	0	23160	P1-17-3	0	-
432	53.033854	53.106771	Bb3	37	80	0	0	23220	P1-17-4	0	-
433	53.162760	53.231771	D4	45	80	0	0	23280	P1-17-5	0	-
434	53.274740	53.339844	Bb3	50	80	0	0	23340	P1-17-6	0	-
435	53.404948	53.466146	Ab3	47	80	0	0	23400	P1-17-7	0	-
436	53.523438	53.572917	Bb3	48	80	0	0	23460	P1-17-8	0	-
437	53.647135	53.789062	F3	38	80	0	0	23520	P1-17-29	0	-
438	53.651042	54.179688	Bb2	40	80	0	0	23520	P1-17-28	0	-
439	53.652344	54.319010	Bb1	38	80	0	0	23520	*	3	-
440	53.652344	54.069010	F2	37	80	0	0	23520	P1-17-27	0	-
441	53.652344	53.848958	D4	47	80	0	0	23520	P1-17-9	0	-
442	53.776042	53.833333	Bb4	50	80	0	0	23580	P1-17-10	0	-
443	53.876302	53.968750	Ab4	50	80	0	0	23640	P1-17-11	0	-
444	54.015625	54.063802	Bb4	55	80	0	0	23700	P1-17-12	0	-
445	54.104167	54.195312	D5	59	80	0	0	23760	P1-17-13	0	-
446	54.214844	54.265625	Bb4	65	80	0	0	23820	P1-17-14	0	-
447	54.334635	54.397135	Ab4	60	80	0	0	23880	P1-17-15	0	-
448	54.434896	54.475260	Bb4	67	80	0	0	23940	P1-17-16	0	-
449	54.570312	54.661458	Eb5	73	80	0	0	24000	P1-17-17	0	-
450	54.574219	55.029948	Eb2	43	80	0	0	24000	P1-17-30	0	-
451	54.588542	55.039062	Bb2	43	80	0	0	24000	P1-17-31	0	-
452	54.679688	54.783854	Bb5	63	80	0	0	24060	P1-17-18	0	-
453	54.785156	54.949219	G5	63	80	0	0	24120	P1-17-19	0	-
454	54.923177	55.015625	Bb5	70	80	0	0	24180	P1-17-20	0	-
455	55.024740	55.199219	Eb6	79	80	0	0	24240	P1-17-21	0	-
456	55.162760	55.229167	Bb5	72	80	0	0	24300	P1-17-22	0	-
457	55.229167	55.355469	G5	71	80	0	0	24360	P1-17-23	0	-
458	55.364583	55.429688	Bb5	80	80	0	0	24420	P1-17-24	0	-
459	55.473958	55.759115	F5	71	80	0	0	24480	P1-18-1	0	-
460	55.475260	55.699219	D2	43	80	0	0	24480	P1-18-25	0	-
461	55.476562	55.819010	D3	42	80	0	0	24480	P1-18-27	0	-
462	55.483073	55.878906	Bb2	43	80	0	0	24480	P1-18-26	0	-
463	55.601562	55.703125	Bb5	70	80	0	0	24540	P1-18-2	0	-
464	55.696615	55.803385	Ab5	76	80	0	0	24600	P1-18-3	0	-
465	55.812500	55.915365	Bb5	80	80	0	0	24660	P1-18-4	0	-
466	55.928385	56.079427	F6	83	80	0	0	24720	P1-18-5	0	-
467	56.054688	56.162760	Bb5	81	80	0	0	24780	P1-18-6	0	-
468	56.157552	56.257812	Ab5	80	80	0	0	24840	P1-18-7	0	-
469	56.278646	56.356771	Bb5	76	80	0	0	24900	P1-18-8	0	-
470	56.367188	56.459635	G#5	62	80	0	0	-1	*	3	-
471	56.394531	56.408854	Eb3	46	80	0	0	24960	P1-18-28	1	-
472	56.406250	56.554688	F5	73	80	0	0	24960	P1-18-9	0	-
473	56.407552	56.929688	Bb3	52	80	0	0	24960	P1-18-29	0	-
474	56.410156	56.819010	D4	48	80	0	0	24960	P1-18-30	0	-
475	56.542969	56.649740	Bb5	71	80	0	0	25020	P1-18-10	0	-
476	56.643229	56.755208	Ab5	77	80	0	0	25080	P1-18-11	0	-
477	56.757812	56.863281	Bb5	85	80	0	0	25140	P1-18-12	0	-
478	56.867188	57.019531	F6	86	80	0	0	25200	P1-18-13	0	-
479	56.994792	57.093750	Bb5	85	80	0	0	25260	P1-18-14	0	-
480	57.085938	57.221354	Ab5	79	80	0	0	25320	P1-18-15	0	-
481	57.214844	57.294271	Bb5	79	80	0	0	25380	P1-18-16	0	-
482	57.300781	57.889323	Db4	67	80	0	0	25440	P1-18-33	0	-
483	57.304688	57.436198	G5	76	80	0	0	25440	P1-18-17	0	-
484	57.304688	58.029948	Db3	62	80	0	0	25440	P1-18-31	0	-
485	57.305990	58.009115	Eb3	64	80	0	0	25440	P1-18-32	0	-
486	57.434896	57.545573	Eb6	81	80	0	0	25500	P1-18-18	0	-
487	57.549479	57.667969	Bb5	81	80	0	0	25560	P1-18-19	0	-
488	57.658854	57.795573	Eb6	86	80	0	0	25620	P1-18-20	0	-
489	57.791667	57.936198	G6	92	80	0	0	25680	P1-18-21	0	-
490	57.923177	58.024740	Eb6	82	80	0	0	25740	P1-18-22	0	-
491	58.006510	58.136719	Bb5	88	80	0	0	25800	P1-18-23	0	-
492	58.123698	58.225260	Eb6	84	80	0	0	25860	P1-18-24	0	-
493	58.222656	58.425781	C4	64	80	0	0	25920	P1-19-27	0	-
494	58.223958	58.500000	Ab5	92	80	0	0	25920	P1-19-1	0	-
495	58.230469	58.408854	Eb3	60	80	0	0	25920	P1-19-26	0	-
496	58.244792	58.414062	C3	60	80	0	0	25920	P1-19-25	0	-
497	58.356771	58.485677	Ab6	90	80	0	0	25980	P1-19-2	0	-
498	58.466146	58.580729	Eb6	80	80	0	0	26040	P1-19-3	0	-
499	58.570312	58.690104	Ab6	83	80	0	0	26100	P1-19-4	0	-
500	58.692708	58.959635	A5	88	80	0	0	26160	P1-19-5	0	-
501	58.704427	58.889323	Cb4	63	80	0	0	26160	P1-19-30	0	-
502	58.713542	58.856771	Eb3	59	80	0	0	26160	P1-19-29	0	-
503	58.716146	58.816406	Cb3	62	80	0	0	26160	P1-19-28	0	-
504	58.816406	58.962240	A6	98	80	0	0	26220	P1-19-6	0	-
505	58.937500	59.109375	Eb6	87	80	0	0	26280	P1-19-7	0	-
506	59.066406	59.218750	A6	91	80	0	0	26340	P1-19-8	0	-
507	59.171875	59.649740	Cb4	67	80	0	0	26400	P1-19-31	0	-
508	59.173177	59.438802	Cb5	79	80	0	0	26400	P1-19-33	0	-
509	59.174479	59.412760	Eb4	72	80	0	0	26400	P1-19-32	0	-
510	59.174479	59.468750	A5	86	80	0	0	26400	P1-19-9	0	-
511	59.322917	59.460938	A6	94	80	0	0	26460	P1-19-10	0	-
512	59.433594	59.619792	Eb6	88	80	0	0	26520	P1-19-11	0	-
513	59.565104	59.680990	A6	89	80	0	0	26580	P1-19-12	0	-
514	59.679688	59.838542	Bb5	91	80	0	0	26640	P1-19-13	0	-
515	59.705729	59.959635	Bb4	61	80	0	0	26640	P1-19-36	0	-
516	59.705729	60.049479	Eb4	47	80	0	0	26640	P1-19-35	0	-
517	59.712240	60.109375	Bb3	55	80	0	0	26640	P1-19-34	0	-
518	59.808594	59.960938	Bb6	98	80	0	0	26700	P1-19-14	0	-
519	59.944010	60.074219	Eb6	83	80	0	0	26760	P1-19-15	0	-
520	60.062500	60.187500	Bb6	91	80	0	0	26820	P1-19-16	0	-
521	60.182292	60.414062	Eb4	49	80	0	0	26880	P1-19-38	0	-
522	60.184896	60.519531	Ab3	46	80	0	0	26880	P1-19-37	0	-
523	60.191406	60.361979	Bb5	88	80	0	0	26880	P1-19-17	0	-
524	60.333333	60.463542	Bb6	91	80	0	0	26940	P1-19-18	0	-
525	60.454427	60.600260	Eb6	73	80	0	0	27000	P1-19-19	0	-
526	60.576823	60.769531	Bb6	81	80	0	0	27060	P1-19-20	0	-
527	60.729167	61.449219	G4	43	80	0	0	27120	P1-19-42	0	-
528	60.731771	61.279948	G3	46	80	0	0	27120	P1-19-40	0	-
529	60.742188	61.269531	Cb6	72	80	0	0	27120	P1-19-21	0	-
530	60.752604	61.509115	Eb4	36	80	0	0	27120	P1-19-41	0	-
531	60.884115	61.079427	Cb7	79	80	0	0	27180	P1-19-22	0	-
532	61.048177	61.309896	Eb6	58	80	0	0	27240	P1-19-23	0	-
533	61.186198	61.789062	Cb7	82	80	0	0	27300	P1-19-24	0	-
534	61.494792	62.959635	C7	92	80	0	0	27360	P1-20-1	0	-
535	61.796875	62.589844	Ab5	54	80	0	0	27480	P1-20-8	0	-
536	62.053385	64.598958	Ab4	49	80	0	0	27600	P1-20-9	0	-
537	62.319010	62.679688	C6	46	80	0	0	27720	P1-20-2	0	-
538	62.575521	63.839844	Bb6	80	80	0	0	27840	P1-20-3	0	-
539	62.834635	63.389323	G5	46	80	0	0	27960	P1-20-11	0	-
540	63.101562	64.139323	G4	41	80	0	0	28080	P1-20-12	0	-
541	63.333333	63.608073	Bb5	55	80	0	0	28200	P1-20-4	0	-
542	63.575521	64.609375	Ab6	73	80	0	0	28320	P1-20-5	0	-
543	63.834635	64.369792	F5	43	80	0	0	28440	P1-20-14	0	-
544	64.083333	65.209635	F4	39	80	0	0	28560	P1-20-15	0	-
545	64.304688	64.739583	A6	77	80	0	0	28680	P1-20-6	0	-
546	64.584635	65.949219	Bb6	82	80	0	0	28800	P1-21-1	0	-
547	64.833333	65.389323	G5	51	80	0	0	28920	P1-21-10	0	-
548	65.083333	66.109375	G4	41	80	0	0	29040	P1-21-11	0	-
549	65.335938	65.908854	Bb5	52	80	0	0	29160	P1-21-2	0	-
550	65.583333	66.759115	Ab6	71	80	0	0	29280	P1-21-3	0	-
551	65.829427	66.218750	F5	49	80	0	0	29400	P1-21-13	0	-
552	66.083333	66.589844	F4	44	80	0	0	29520	P1-21-14	0	-
553	66.304688	66.593750	Ab5	49	80	0	0	29640	P1-21-4	0	-
554	66.562500	66.968750	G6	62	80	0	0	29760	P1-21-5	0	-
555	66.574219	67.000000	Eb5	44	80	0	0	29760	P1-21-15	0	-
556	66.808594	67.128906	G5	66	80	0	0	29880	P1-21-6	0	-
557	66.854167	67.062500	Eb4	42	80	0	0	29880	P1-21-16	0	-
558	67.063802	67.371094	Ab5	80	80	0	0	30000	P1-21-7	0	-
559	67.084635	67.354167	F4	41	80	0	0	30000	P1-21-17	0	-
560	67.324219	67.688802	G4	48	80	0	0	30120	P1-21-18	0	-
561	67.324219	67.648438	Bb5	82	80	0	0	30120	P1-21-8	0	-
562	67.617188	67.968750	D6	73	80	0	0	30240	P1-22-1	0	-
563	67.891927	68.579427	C6	69	80	0	0	30360	P1-22-2	0	-
564	67.899740	68.019531	Bb4	51	80	0	0	30360	P1-22-11	0	-
565	68.170573	68.699219	Ab4	47	80	0	0	30480	P1-22-12	0	-
566	68.407552	68.963542	C5	60	80	0	0	30600	P1-22-3	0	-
567	68.460938	68.959635	Ab3	33	80	0	0	30600	P1-22-13	0	-
568	68.667969	68.966146	C6	63	80	0	0	30720	P1-22-4	0	-
569	68.944010	69.718750	Bb5	60	80	0	0	30840	P1-22-5	0	-
570	68.951823	69.438802	Ab4	42	80	0	0	30840	P1-22-15	0	-
571	69.209635	69.699219	G4	50	80	0	0	30960	P1-22-16	0	-
572	69.467448	70.069010	Bb4	51	80	0	0	31080	P1-22-6	0	-
573	69.473958	69.779948	G3	41	80	0	0	31080	P1-22-17	0	-
574	69.733073	70.050781	Bb5	72	80	0	0	31200	P1-22-7	0	-
575	70.002604	70.533854	Ab5	81	80	0	0	31320	P1-22-8	0	-
576	70.005208	70.509115	G4	49	80	0	0	31320	P1-22-19	0	-
577	70.259115	70.506510	F4	58	80	0	0	31440	P1-22-20	0	-
578	70.493490	70.794271	A5	82	80	0	0	31560	P1-22-9	0	-
579	70.522135	71.098958	Gb4	50	80	0	0	31560	P1-22-21	0	-
580	70.774740	71.074219	C6	76	80	0	0	31680	P1-23-1	0	-
581	71.041667	71.779948	Bb5	74	80	0	0	31800	P1-23-2	0	-
582	71.070312	71.419271	Ab4	49	80	0	0	31800	P1-23-16	0	-
583	71.325521	71.688802	G4	47	80	0	0	31920	P1-23-17	0	-
584	71.571615	71.877604	Bb4	58	80	0	0	32040	P1-23-3	0	-
585	71.572917	71.881510	G3	40	80	0	0	32040	P1-23-18	0	-
586	71.846354	72.154948	Bb5	68	80	0	0	32160	P1-23-4	0	-
587	72.118490	73.109375	Ab5	69	80	0	0	32280	P1-23-5	0	-
588	72.125000	72.429688	G4	41	80	0	0	32280	P1-23-20	0	-
589	72.130208	72.169271	G3	35	80	0	0	32280	*	3	-
590	72.384115	72.750000	F4	40	80	0	0	32400	P1-23-21	0	-
591	72.662760	72.878906	Ab4	51	80	0	0	32520	P1-23-6	0	-
592	72.665365	72.919271	F3	41	80	0	0	32520	P1-23-22	0	-
593	73.019531	73.305990	G5	60	80	0	0	32640	P1-23-7	0	-
594	73.019531	73.302083	Eb4	44	80	0	0	32640	P1-23-24	0	-
595	73.023438	73.313802	G3	43	80	0	0	32640	P1-23-23	0	-
596	73.303385	73.559896	F5	67	80	0	0	32760	P1-23-8	0	-
597	73.304688	73.489583	D4	45	80	0	0	32760	P1-23-26	0	-
598	73.311198	73.519531	Ab3	53	80	0	0	32760	P1-23-25	0	-
599	73.544271	73.842448	G5	81	80	0	0	32880	P1-23-9	0	-
600	73.561198	73.899740	Bb4	65	80	0	0	32880	P1-23-14	0	-
601	73.565104	73.811198	G3	51	80	0	0	32880	P1-23-27	0	-
602	73.572917	73.859375	Eb4	51	80	0	0	32880	P1-23-28	0	-
603	73.812500	74.126302	F5	85	80	0	0	33000	P1-23-10	0	-
604	73.825521	74.029948	Ab3	55	80	0	0	33000	P1-23-29	0	-
605	73.830729	74.019531	D4	50	80	0	0	33000	P1-23-30	0	-
606	74.013021	74.848958	G3	46	80	0	0	33120	P1-24-13	0	-
607	74.123698	75.468750	G5	85	80	0	0	33120	P1-24-2	0	-
608	74.138021	75.399740	Eb4	55	80	0	0	33120	P1-24-14	0	-
609	74.139323	74.899740	Bb4	59	80	0	0	33120	P1-24-1	0	-
610	75.299479	76.000000	F5	63	80	0	0	33600	P1-24-4	0	-
611	75.300781	75.929688	D4	36	80	0	0	33600	P1-24-16	0	-
612	75.313802	75.919271	Bb4	43	80	0	0	33600	P1-24-3	0	-
613	75.333333	75.908854	Ab3	38	80	0	0	33600	P1-24-15	0	-
614	75.334635	75.399740	Bb3	38	80	0	0	33600	*	3	-
615	76.330729	76.779948	Bb5	74	80	0	0	34080	P1-24-6	0	-
616	76.334635	76.667969	Eb4	46	80	0	0	34080	P1-24-18	0	-
617	76.335938	76.694010	G3	46	80	0	0	34080	P1-24-17	0	-
618	76.337240	76.739583	Bb4	58	80	0	0	34080	P1-24-5	0	-
619	76.652344	76.878906	A5	82	80	0	0	34200	P1-24-8	0	-
620	76.677083	76.869792	Eb5	66	80	0	0	34200	P1-24-7	0	-
621	76.682292	76.929688	C4	50	80	0	0	34200	P1-24-20	0	-
622	76.682292	76.907552	F3	54	80	0	0	34200	P1-24-19	0	-
623	76.944010	77.319010	Bb5	84	80	0	0	34320	P1-24-10	0	-
624	76.947917	77.236979	G3	50	80	0	0	34320	P1-24-21	0	-
625	76.949219	77.348958	Eb4	51	80	0	0	34320	P1-24-22	0	-
626	76.949219	77.199219	Bb4	73	80	0	0	34320	P1-24-9	0	-
627	77.234375	77.598958	A5	87	80	0	0	34440	P1-24-12	0	-
628	77.259115	77.468750	C4	50	80	0	0	34440	P1-24-24	0	-
629	77.261719	77.609375	Eb5	69	80	0	0	34440	P1-24-11	0	-
630	77.265625	77.412760	F3	50	80	0	0	34440	P1-24-23	0	-
631	77.446615	78.098958	G3	52	80	0	0	34560	P1-25-16	0	-
632	77.584635	78.098958	Bb3	44	80	0	0	34560	P1-25-17	0	-
633	77.651042	78.750000	Bb5	82	80	0	0	34560	P1-25-8	0	-
634	77.667969	78.289062	Bb4	59	80	0	0	34560	P1-25-6	0	-
635	77.675781	78.139323	Eb4	42	80	0	0	34560	P1-25-18	0	-
636	78.554688	78.688802	F3	30	80	0	0	35040	P1-25-42	0	-
637	78.643229	78.703125	G3	35	80	0	0	35070	P1-25-20	0	-
638	78.701823	78.959635	A4	43	80	0	0	35040	P1-25-9	0	-
639	78.750000	78.899740	F3	26	80	0	0	35100	P1-25-43	0	-
640	78.838542	80.250000	Eb5	50	80	0	0	35100	P1-25-10	0	-
641	78.839844	79.229167	G3	42	80	0	0	35130	P1-25-21	0	-
642	78.964844	79.000000	F3	38	80	0	0	35160	P1-25-44	0	-
643	78.967448	80.259115	C6	73	80	0	0	35160	P1-25-3	0	-
644	79.118490	79.218750	F3	31	80	0	0	35220	P1-25-45	0	-
645	79.236979	79.319010	G3	27	80	0	0	35250	P1-25-24	0	-
646	79.315104	79.380208	F3	40	80	0	0	35280	P1-25-46	0	-
647	79.430990	79.483073	G3	40	80	0	0	35310	P1-25-26	0	-
648	79.513021	79.574219	F3	47	80	0	0	35340	P1-25-59	0	-
649	79.604167	79.789062	G3	44	80	0	0	35360	P1-25-28	0	-
650	79.751302	79.869792	F3	41	80	0	0	35460	P1-25-48	0	-
651	79.865885	80.069010	Eb3	56	80	0	0	35520	P1-25-49	0	-
652	80.005208	80.109375	F3	40	80	0	0	35550	P1-25-31	0	-
653	80.080729	80.179688	Eb3	42	80	0	0	35580	P1-25-50	0	-
654	80.174479	80.240885	F3	45	80	0	0	35610	P1-25-32	0	-
655	80.194010	80.299479	A4	44	80	0	0	35760	P1-25-13	0	-
656	80.272135	80.438802	Eb3	48	80	0	0	35640	P1-25-51	0	-
657	80.276042	81.128906	F5	51	80	0	0	35820	P1-25-14	0	-
658	80.359375	80.459635	F3	46	80	0	0	35670	P1-25-34	0	-
659	80.393229	81.628906	C6	83	80	0	0	35880	P1-25-15	0	-
660	80.444010	80.497396	Eb3	50	80	0	0	35700	P1-25-52	0	-
661	80.536458	80.602865	F3	56	80	0	0	35730	P1-25-35	0	-
662	80.621094	80.674479	Eb3	60	80	0	0	35760	P1-25-53	0	-
663	80.743490	80.839844	F3	47	80	0	0	35790	P1-25-37	0	-
664	80.794271	80.848958	Eb3	57	80	0	0	35820	P1-25-62	0	-
665	80.880208	80.959635	D3	64	80	0	0	35880	P1-25-54	0	-
666	80.977865	81.059896	Eb3	64	80	0	0	35940	P1-25-55	0	-
667	81.223958	81.389323	Bb4	49	80	0	0	36240	P1-26-7	0	-
668	81.295573	81.399740	Eb3	42	80	0	0	36030	P1-26-20	0	-
669	81.296875	82.209635	F5	60	80	0	0	36300	P1-26-8	0	-
670	81.414062	82.059896	D6	80	80	0	0	36360	P1-26-9	0	-
671	81.446615	81.529948	Eb3	52	80	0	0	36090	P1-26-21	0	-
672	81.597656	81.699219	Eb3	66	80	0	0	36150	P1-26-23	0	-
673	81.703125	81.789062	D3	40	80	0	0	36240	P1-26-56	0	-
674	81.763021	81.843750	Eb3	57	80	0	0	36270	P1-26-26	0	-
675	81.864583	81.946615	D3	64	80	0	0	36300	P1-26-75	0	-
676	81.966146	82.040365	C3	70	80	0	0	36360	P1-26-57	0	-
677	82.053385	82.115885	D3	56	80	0	0	36420	P1-26-58	0	-
678	82.143229	82.329427	C3	57	80	0	0	36480	P1-26-59	0	-
679	82.226562	82.378906	C5	59	80	0	0	36720	P1-26-12	0	-
680	82.233073	82.287760	D3	48	80	0	0	36510	P1-26-31	0	-
681	82.316406	82.679688	F5	72	80	0	0	36780	P1-26-13	0	-
682	82.335938	82.408854	C3	41	80	0	0	36540	P1-26-60	0	-
683	82.415365	82.480469	D3	59	80	0	0	36570	P1-26-32	0	-
684	82.420573	83.139323	Eb6	91	80	0	0	36840	P1-26-14	0	-
685	82.500000	82.572917	C3	66	80	0	0	36600	P1-26-61	0	-
686	82.584635	82.674479	D3	69	80	0	0	36630	P1-26-34	0	-
687	82.696615	82.783854	C3	62	80	0	0	36660	P1-26-62	0	-
688	82.808594	83.019531	D3	55	80	0	0	36690	P1-26-35	0	-
689	82.930990	83.029948	C3	67	80	0	0	36780	P1-26-78	0	-
690	82.933594	83.044271	Bb2	71	80	0	0	36840	P1-26-64	0	-
691	83.075521	83.229167	C3	63	80	0	0	36900	P1-26-65	0	-
692	83.153646	83.299479	Bb2	61	80	0	0	36960	P1-26-66	0	-
693	83.166667	83.269531	D5	61	80	0	0	37200	P1-26-17	0	-
694	83.234375	83.348958	C3	56	80	0	0	36990	P1-26-42	0	-
695	83.274740	83.718750	F5	71	80	0	0	37260	P1-26-18	0	-
696	83.308594	83.429688	Bb2	56	80	0	0	37020	P1-26-67	0	-
697	83.395833	84.408854	F6	93	80	0	0	37320	P1-26-5	0	-
698	83.401042	83.484375	C3	71	80	0	0	37050	P1-26-43	0	-
699	83.494792	83.572917	Bb2	61	80	0	0	37080	P1-26-68	0	-
700	83.583333	83.662760	C3	70	80	0	0	37110	P1-26-45	0	-
701	83.673177	83.756510	Bb2	75	80	0	0	37140	P1-26-69	0	-
702	83.779948	83.899740	C3	56	80	0	0	37230	P1-26-48	0	-
703	83.841146	83.903646	Bb2	60	80	0	0	37260	P1-26-81	0	-
704	83.914062	84.069010	Ab2	76	80	0	0	37320	P1-26-71	0	-
705	84.006510	84.098958	Bb2	68	80	0	0	37380	P1-26-72	0	-
706	84.080729	84.148438	Ab2	58	80	0	0	37440	P1-27-40	0	-
707	84.161458	84.309896	Bb2	66	80	0	0	37470	P1-27-10	0	-
708	84.248698	84.311198	Ab2	62	80	0	0	37500	P1-27-41	0	-
709	84.324219	84.468750	Bb2	73	80	0	0	37530	P1-27-11	0	-
710	84.364583	84.889323	G6	98	80	0	0	37680	P1-27-5	0	-
711	84.433594	84.515625	Ab2	66	80	0	0	37560	P1-27-42	0	-
712	84.523438	84.658854	Bb2	58	80	0	0	37590	P1-27-13	0	-
713	84.610677	84.660156	Ab2	57	80	0	0	37620	P1-27-43	0	-
714	84.674479	84.848958	Bb2	65	80	0	0	37650	P1-27-14	0	-
715	84.772135	84.852865	Ab2	67	80	0	0	37680	P1-27-44	0	-
716	84.843750	85.559896	Ab6	102	80	0	0	37920	P1-27-6	0	-
717	84.863281	84.989583	Bb2	73	80	0	0	37710	P1-27-16	0	-
718	84.963542	85.052083	Ab2	71	80	0	0	37740	P1-27-45	0	-
719	85.054688	85.188802	Bb2	58	80	0	0	37770	P1-27-17	0	-
720	85.125000	85.199219	Ab2	59	80	0	0	37800	P1-27-46	0	-
721	85.203125	85.290365	Bb2	57	80	0	0	37830	P1-27-19	0	-
722	85.303385	85.382812	Ab2	59	80	0	0	37860	P1-27-47	0	-
723	85.397135	85.509115	Bb2	67	80	0	0	37890	P1-27-20	0	-
724	85.401042	85.930990	A6	101	80	0	0	38160	P1-27-7	0	-
725	85.490885	85.569010	Ab2	64	80	0	0	37920	P1-27-48	0	-
726	85.584635	85.679688	Bb2	62	80	0	0	37950	P1-27-22	0	-
727	85.664062	85.869792	Ab2	67	80	0	0	37980	P1-27-49	0	-
728	85.772135	85.899740	Bb2	57	80	0	0	38010	P1-27-23	0	-
729	85.882812	86.174479	Ab2	60	80	0	0	38040	P1-27-50	0	-
730	85.886719	87.500000	Bb6	102	80	0	0	38400	P1-27-8	0	-
731	86.191406	86.309896	G2	61	80	0	0	38520	P1-27-34	0	-
732	86.295573	86.395833	Ab2	69	80	0	0	38580	P1-27-35	0	-
733	86.390625	86.503906	Bb2	74	80	0	0	38640	P1-27-36	0	-
734	86.486979	86.598958	Ab2	71	80	0	0	38700	P1-27-37	0	-
735	86.595052	86.705729	G2	70	80	0	0	38760	P1-27-38	0	-
736	86.696615	86.859375	F2	70	80	0	0	38820	P1-27-39	0	-
737	86.842448	86.966146	Eb2	68	80	0	0	38880	P1-28-11	0	-
738	86.940104	86.989583	G2	49	80	0	0	38880	*	3	-
739	87.165365	87.279948	Eb3	53	80	0	0	39000	P1-28-12	0	-
740	87.195312	87.277344	G3	44	80	0	0	39000	P1-28-13	0	-
741	87.444010	88.059896	G4	66	80	0	0	39120	P1-28-3	0	-
742	87.445312	87.709635	Eb3	51	80	0	0	39120	P1-28-14	0	-
743	87.446615	87.699219	G3	50	80	0	0	39120	P1-28-15	0	-
744	87.700521	87.804688	D3	61	80	0	0	39240	P1-28-16	0	-
745	87.712240	87.821615	G3	52	80	0	0	39240	P1-28-18	0	-
746	87.714844	87.817708	Eb3	59	80	0	0	39240	P1-28-17	0	-
747	87.923177	88.032552	D3	59	80	0	0	39360	P1-28-19	0	-
748	87.934896	88.046875	G3	63	80	0	0	39360	P1-28-21	0	-
749	87.945312	88.048177	Eb3	55	80	0	0	39360	P1-28-20	0	-
750	88.156250	88.302083	G3	71	80	0	0	39480	P1-28-24	0	-
751	88.157552	88.304688	C3	74	80	0	0	39480	P1-28-22	0	-
752	88.164062	88.304688	Eb3	74	80	0	0	39480	P1-28-23	0	-
753	88.395833	88.513021	G3	75	80	0	0	39600	P1-28-27	0	-
754	88.397135	88.619792	C3	65	80	0	0	39600	P1-28-25	0	-
755	88.408854	88.569010	Eb3	56	80	0	0	39600	P1-28-26	0	-
756	88.622396	88.746094	G3	62	80	0	0	39720	P1-28-30	0	-
757	88.625000	88.752604	Eb3	58	80	0	0	39720	P1-28-29	0	-
758	88.625000	88.863281	G4	84	80	0	0	39720	P1-28-6	0	-
759	88.634115	88.773438	Bb2	60	80	0	0	39720	P1-28-28	0	-
760	88.839844	89.109375	Ab4	88	80	0	0	39840	P1-28-7	0	-
761	88.872396	89.050781	G3	54	80	0	0	39840	P1-28-33	0	-
762	88.880208	89.109375	Eb3	54	80	0	0	39840	P1-28-32	0	-
763	88.884115	89.054688	Bb2	56	80	0	0	39840	P1-28-31	0	-
764	89.080729	89.399740	Bb4	95	80	0	0	39960	P1-28-8	0	-
765	89.117188	89.444010	Eb3	64	80	0	0	39960	P1-28-35	0	-
766	89.121094	89.217448	Ab2	64	80	0	0	39960	P1-28-34	0	-
767	89.304688	89.500000	C5	91	80	0	0	40080	P1-28-9	0	-
768	89.328125	89.427083	G3	63	80	0	0	40080	P1-28-39	0	-
769	89.334635	89.433594	G2	64	80	0	0	40080	P1-28-37	0	-
770	89.562500	89.919271	D5	97	80	0	0	40200	P1-28-10	0	-
771	89.579427	89.671875	G3	63	80	0	0	40200	P1-28-42	0	-
772	89.585938	90.378906	G2	63	80	0	0	40200	P1-28-40	0	-
773	89.872396	90.628906	Eb5	95	80	0	0	40320	P1-29-1	0	-
774	90.194010	90.303385	G3	65	80	0	0	40440	P1-29-12	0	-
775	90.201823	90.315104	Eb3	59	80	0	0	40440	P1-29-11	0	-
776	90.449219	90.829427	Bb4	82	80	0	0	40560	P1-29-2	0	-
777	90.455729	90.555990	G3	56	80	0	0	40560	P1-29-14	0	-
778	90.477865	90.557292	Eb3	48	80	0	0	40560	P1-29-13	0	-
779	90.684896	90.699219	B2	58	80	0	0	-1	*	3	-
780	90.684896	90.785156	D3	68	80	0	0	40680	P1-29-15	0	-
781	90.691406	90.792969	G3	63	80	0	0	40680	P1-29-17	0	-
782	90.703125	91.059896	Eb3	67	80	0	0	40680	P1-29-16	0	-
783	90.897135	91.023438	D3	66	80	0	0	40800	P1-29-18	0	-
784	90.906250	90.919271	B2	60	80	0	0	-1	*	3	-
785	90.912760	91.024740	G3	67	80	0	0	40800	P1-29-20	0	-
786	91.132812	91.263021	C3	74	80	0	0	40920	P1-29-21	0	-
787	91.144531	91.255208	G3	72	80	0	0	40920	P1-29-23	0	-
788	91.154948	91.259115	Eb3	67	80	0	0	40920	P1-29-22	0	-
789	91.364583	91.475260	G3	71	80	0	0	41040	P1-29-26	0	-
790	91.364583	91.481771	C3	73	80	0	0	41040	P1-29-24	0	-
791	91.382812	91.480469	Eb3	68	80	0	0	41040	P1-29-25	0	-
792	91.553385	91.848958	D5	88	80	0	0	41160	P1-29-5	0	-
793	91.583333	91.705729	G3	65	80	0	0	41160	P1-29-29	0	-
794	91.585938	91.726562	Eb3	63	80	0	0	41160	P1-29-28	0	-
795	91.600260	91.720052	Bb2	67	80	0	0	41160	P1-29-27	0	-
796	91.800781	92.059896	Eb5	93	80	0	0	41280	P1-29-6	0	-
797	91.824219	91.924479	G3	64	80	0	0	41280	P1-29-32	0	-
798	91.834635	92.000000	Eb3	63	80	0	0	41280	P1-29-31	0	-
799	91.835938	91.945312	Bb2	66	80	0	0	41280	P1-29-30	0	-
800	92.041667	92.348958	F5	95	80	0	0	41400	P1-29-7	0	-
801	92.052083	92.160156	G3	62	80	0	0	41400	P1-29-35	0	-
802	92.057292	92.188802	Eb3	61	80	0	0	41400	P1-29-34	0	-
803	92.063802	92.183594	Ab2	66	80	0	0	41400	P1-29-33	0	-
804	92.286458	92.669271	G5	95	80	0	0	41520	P1-29-8	0	-
805	92.290365	92.416667	G3	70	80	0	0	41520	P1-29-38	0	-
806	92.292969	92.433594	Eb3	66	80	0	0	41520	P1-29-37	0	-
807	92.294271	92.429688	G2	69	80	0	0	41520	P1-29-36	0	-
808	92.552083	92.917969	Ab5	99	80	0	0	41640	P1-29-9	0	-
809	92.559896	92.746094	G3	65	80	0	0	41640	P1-29-41	0	-
810	92.574219	92.869792	Eb3	59	80	0	0	41640	P1-29-40	0	-
811	92.578125	92.753906	G2	61	80	0	0	41640	P1-29-39	0	-
812	92.878906	93.652344	G2	69	80	0	0	41760	P1-30-10	0	-
813	92.881510	93.919271	Bb5	93	80	0	0	41760	P1-30-1	0	-
814	92.881510	92.989583	Eb3	65	80	0	0	41760	*	3	-
815	93.205729	93.354167	G3	74	80	0	0	41880	P1-30-12	0	-
816	93.205729	93.384115	Eb3	70	80	0	0	41880	P1-30-11	0	-
817	93.503906	93.664062	Eb3	69	80	0	0	42000	P1-30-13	0	-
818	93.505208	94.250000	Eb5	83	80	0	0	42000	P1-30-2	0	-
819	93.506510	93.654948	G3	70	80	0	0	42000	P1-30-14	0	-
820	93.790365	93.957031	Eb3	76	80	0	0	42120	P1-30-16	0	-
821	93.794271	93.942708	G3	68	80	0	0	42120	P1-30-17	0	-
822	93.800781	93.809896	Bb2	63	80	0	0	42120	*	3	-
823	93.803385	93.950521	D3	76	80	0	0	42120	P1-30-15	0	-
824	94.046875	94.183594	D3	62	80	0	0	42240	P1-30-18	0	-
825	94.052083	94.177083	G3	69	80	0	0	42240	P1-30-20	0	-
826	94.054688	94.187500	Eb3	62	80	0	0	42240	P1-30-19	0	-
827	94.057292	94.069010	Bb2	55	80	0	0	42240	*	3	-
828	94.295573	94.414062	C3	69	80	0	0	42360	P1-30-21	0	-
829	94.295573	94.404948	G3	70	80	0	0	42360	P1-30-23	0	-
830	94.304688	94.414062	Eb3	67	80	0	0	42360	P1-30-22	0	-
831	94.537760	94.628906	G3	63	80	0	0	42480	P1-30-26	0	-
832	94.544271	94.779948	C3	59	80	0	0	42480	P1-30-24	0	-
833	94.548177	94.769531	Eb3	66	80	0	0	42480	P1-30-25	0	-
834	94.753906	95.119792	Eb6	87	80	0	0	42600	P1-30-5	0	-
835	94.774740	94.902344	G3	58	80	0	0	42600	P1-30-29	0	-
836	94.777344	95.019531	Eb3	60	80	0	0	42600	P1-30-28	0	-
837	94.777344	95.019531	Bb2	64	80	0	0	42600	P1-30-27	0	-
838	95.005208	95.309896	F6	89	80	0	0	42720	P1-30-6	0	-
839	95.023438	95.259115	G3	65	80	0	0	42720	P1-30-32	0	-
840	95.024740	95.279948	Eb3	51	80	0	0	42720	P1-30-31	0	-
841	95.032552	95.279948	Bb2	54	80	0	0	42720	P1-30-30	0	-
842	95.256510	95.679688	G6	94	80	0	0	42840	P1-30-7	0	-
843	95.272135	95.440104	G3	54	80	0	0	42840	P1-30-35	0	-
844	95.285156	95.539062	Eb3	56	80	0	0	42840	P1-30-34	0	-
845	95.287760	95.759115	Bb2	55	80	0	0	42840	P1-30-33	1	-
846	95.514323	95.848958	Ab6	89	80	0	0	42960	P1-30-8	0	-
847	95.540365	96.109375	G3	48	80	0	0	42960	P1-30-38	0	-
848	95.546875	95.859375	Eb3	51	80	0	0	42960	P1-30-37	0	-
849	95.548177	95.559896	G2	54	80	0	0	42960	P1-30-36	0	-
850	95.561198	95.859375	G#2	59	80	0	0	-1	*	3	-
851	95.852865	96.539062	Bb6	93	80	0	0	43080	P1-30-9	0	-
852	95.867188	97.559896	Eb3	51	80	0	0	43080	P1-30-40	0	-
853	95.868490	96.229167	G2	53	80	0	0	43080	P1-30-39	0	-
854	96.227865	97.019531	C7	96	80	0	0	43200	P1-31-1	0	-
855	96.247396	97.658854	Ab2	47	80	0	0	43200	P1-31-9	0	-
856	96.251302	97.419271	F3	45	80	0	0	43200	P1-31-11	0	-
857	97.794271	98.079427	F4	64	80	0	0	44040	P1-31-4	0	-
858	97.826823	98.098958	F3	40	80	0	0	44040	P1-31-16	0	-
859	97.833333	98.149740	Eb3	40	80	0	0	44040	P1-31-15	0	-
860	97.843750	98.179688	A2	38	80	0	0	44040	P1-31-14	0	-
861	98.063802	98.729167	Bb4	64	80	0	0	44160	P1-31-6	0	-
862	98.093750	98.938802	F4	41	80	0	0	44160	P1-31-5	0	-
863	98.104167	98.679688	Bb3	39	80	0	0	44160	*	3	-
864	98.106771	98.938802	D3	34	80	0	0	44160	P1-31-18	0	-
865	98.108073	98.709635	Bb2	35	80	0	0	44160	P1-31-17	0	-
866	98.110677	98.468750	F3	33	80	0	0	44160	P1-31-19	0	-
867	98.914062	99.389323	Bb4	64	80	0	0	44520	P1-31-8	0	-
868	98.936198	99.378906	Bb2	37	80	0	0	44520	P1-31-20	0	-
869	98.944010	99.289062	F4	36	80	0	0	44520	P1-31-7	0	-
870	98.944010	99.332031	D3	35	80	0	0	44520	P1-31-21	0	-
871	99.274740	100.593750	C3	38	80	0	0	44640	P1-32-9	0	-
872	99.276042	100.679688	A4	52	80	0	0	44640	P1-32-2	0	-
873	99.286458	99.669271	A3	38	80	0	0	44640	*	3	-
874	99.294271	100.529948	F4	35	80	0	0	44640	P1-32-1	0	-
875	99.296875	100.639323	Eb3	32	80	0	0	44640	P1-32-10	0	-
876	100.524740	101.839844	Ab4	50	80	0	0	45120	P1-32-4	0	-
877	100.536458	101.750000	F4	37	80	0	0	45120	P1-32-3	0	-
878	100.542969	101.509115	Cb4	32	80	0	0	45120	P1-32-12	0	-
879	100.545573	101.536458	D3	27	80	0	0	45120	P1-32-11	0	-
880	101.695312	101.989583	G4	46	80	0	0	45600	P1-32-5	0	-
881	101.707031	101.989583	Eb3	32	80	0	0	45600	P1-32-13	0	-
882	101.708333	102.000000	Bb3	32	80	0	0	45600	P1-32-14	0	-
883	102.562500	102.989583	Eb6	76	80	0	0	45720	P1-32-6	0	-
884	102.570312	102.919271	G4	38	80	0	0	45720	P1-32-16	0	-
885	102.582031	102.873698	Eb4	36	80	0	0	45720	P1-32-15	0	-
886	102.585938	102.598958	Bb3	28	80	0	0	45720	*	3	-
887	102.884115	103.226562	F4	45	80	0	0	45840	P1-32-17	0	-
888	102.902344	102.908854	F3	43	80	0	0	45840	*	3	-
889	102.906250	103.236979	Ab4	55	80	0	0	45840	P1-32-18	0	-
890	102.914062	103.255208	D6	74	80	0	0	45840	P1-32-7	0	-
891	103.220052	103.555990	Db6	78	80	0	0	45960	P1-32-8	0	-
892	103.222656	103.609375	Bb4	55	80	0	0	45960	P1-32-20	0	-
893	103.223958	103.579427	G4	50	80	0	0	45960	P1-32-19	0	-
894	103.544271	104.019531	C5	54	80	0	0	46080	P1-33-22	0	-
895	103.545573	103.782552	C6	66	80	0	0	46080	P1-33-1	0	-
896	103.550781	104.729167	Ab4	42	80	0	0	46080	P1-33-21	0	-
897	103.763021	103.945312	Bb5	66	80	0	0	46140	P1-33-2	0	-
898	103.906250	104.000000	Ab5	63	80	0	0	46200	P1-33-3	0	-
899	104.015625	104.115885	G5	63	80	0	0	46260	P1-33-4	0	-
900	104.123698	104.225260	Gb5	60	80	0	0	46320	P1-33-5	0	-
901	104.235677	104.345052	F5	64	80	0	0	46380	P1-33-6	0	-
902	104.346354	104.444010	E5	63	80	0	0	46440	P1-33-7	0	-
903	104.464844	104.558594	Eb5	62	80	0	0	46500	P1-33-8	0	-
904	104.566406	104.675781	D5	59	80	0	0	46560	P1-33-9	0	-
905	104.679688	104.786458	Db5	67	80	0	0	46620	P1-33-10	0	-
906	104.796875	104.882812	C5	60	80	0	0	46680	P1-33-11	0	-
907	104.898438	105.007812	Cb5	64	80	0	0	46740	P1-33-12	0	-
908	105.016927	105.136719	Bb4	60	80	0	0	46800	P1-33-13	0	-
909	105.134115	105.369792	Ab4	66	80	0	0	46860	P1-33-14	0	-
910	105.264323	105.419271	G4	69	80	0	0	46920	P1-33-15	0	-
911	105.313802	106.438802	F3	46	80	0	0	46920	P1-33-27	0	-
912	105.315104	105.619792	Eb3	45	80	0	0	46920	P1-33-26	0	-
913	105.393229	105.618490	F4	72	80	0	0	46980	P1-33-16	0	-
914	105.634115	106.438802	Bb4	64	80	0	0	47040	P1-33-18	0	-
915	105.667969	106.329427	Bb3	36	80	0	0	-1	*	3	-
916	105.669271	106.539062	Bb2	30	80	0	0	47040	P1-33-28	0	-
917	105.670573	106.359375	D4	36	80	0	0	47040	P1-33-17	0	-
918	106.734375	107.309896	Bb4	50	80	0	0	47400	P1-33-20	0	-
919	106.763021	107.378906	Ab3	35	80	0	0	47400	P1-33-31	0	-
920	106.768229	107.378906	D4	35	80	0	0	47400	P1-33-19	0	-
921	106.769531	106.929688	F3	32	80	0	0	47400	*	3	-
922	106.770833	107.459635	Bb2	31	80	0	0	47400	P1-33-30	0	-
923	107.322917	107.954427	Bb4	53	80	0	0	47520	P1-34-1	0	-
924	107.332031	107.944010	G3	37	80	0	0	47520	P1-34-21	0	-
925	107.338542	108.679688	Eb3	33	80	0	0	47520	P1-34-30	0	-
926	107.341146	109.848958	Eb4	40	80	0	0	47520	P1-34-4	0	-
927	107.945312	108.255208	C5	56	80	0	0	47760	P1-34-6	0	-
928	107.949219	108.009115	Ab3	34	80	0	0	47760	P1-34-22	0	-
929	108.222656	108.494792	Bb4	59	80	0	0	47880	P1-34-8	0	-
930	108.233073	108.494792	G3	39	80	0	0	47880	P1-34-23	0	-
931	108.467448	108.755208	Ab4	60	80	0	0	48000	P1-34-10	0	-
932	108.496094	108.772135	F3	35	80	0	0	48000	P1-34-24	0	-
933	108.727865	108.972656	G4	60	80	0	0	48120	P1-34-12	0	-
934	108.753906	108.994792	Eb3	43	80	0	0	48120	P1-34-25	0	-
935	108.973958	109.227865	F4	57	80	0	0	48240	P1-34-14	0	-
936	108.996094	109.222656	D3	40	80	0	0	48240	P1-34-26	0	-
937	109.226562	109.453125	G4	57	80	0	0	48360	P1-34-16	0	-
938	109.233073	109.493490	Eb3	45	80	0	0	48360	P1-34-27	0	-
939	109.462240	110.429688	Ab4	55	80	0	0	48480	P1-34-3	0	-
940	109.505208	110.489583	Bb2	30	80	0	0	48480	P1-34-28	0	-
941	109.513021	109.919271	F3	29	80	0	0	48480	P1-34-29	0	-
942	109.733073	110.259115	C4	46	80	0	0	48600	P1-34-18	0	-
943	109.975260	110.225260	Eb4	40	80	0	0	48720	P1-34-19	0	-
944	110.235677	110.454427	D4	44	80	0	0	48840	P1-34-20	0	-
945	110.451823	111.179688	Eb2	36	80	0	0	48960	P1-35-23	0	-
946	110.464844	110.739583	Eb3	39	80	0	0	48960	P1-35-20	0	-
947	110.475260	111.039062	G4	43	80	0	0	48960	P1-35-5	0	-
948	110.475260	110.938802	Eb4	40	80	0	0	48960	P1-35-4	0	-
949	110.697917	110.981771	Bb3	57	80	0	0	49080	P1-35-6	0	-
950	110.744792	111.419271	Eb3	30	80	0	0	49080	*	3	-
951	110.750000	111.003906	G2	33	80	0	0	49080	P1-35-25	0	-
952	110.962240	111.238281	C4	62	80	0	0	49200	P1-35-7	0	-
953	110.971354	111.269531	Ab2	42	80	0	0	49200	P1-35-27	0	-
954	111.192708	111.447917	Bb3	57	80	0	0	49320	P1-35-8	0	-
955	111.194010	111.489583	Eb2	43	80	0	0	49320	P1-35-28	0	-
956	111.195312	111.509115	G2	43	80	0	0	49320	P1-35-29	0	-
957	111.424479	111.675781	Ab3	61	80	0	0	49440	P1-35-9	0	-
958	111.453125	111.789062	F2	36	80	0	0	49440	P1-35-31	0	-
959	111.673177	111.932292	G3	59	80	0	0	49560	P1-35-10	0	-
960	111.674479	111.945312	Eb2	46	80	0	0	49560	P1-35-32	0	-
961	111.914062	112.147135	F3	52	80	0	0	49680	P1-35-11	0	-
962	111.944010	112.209635	D2	36	80	0	0	49680	P1-35-33	0	-
963	112.175781	112.429688	G3	55	80	0	0	49800	P1-35-12	0	-
964	112.184896	112.438802	Eb2	44	80	0	0	49800	P1-35-34	0	-
965	112.424479	112.704427	Eb4	54	80	0	0	49920	P1-35-3	0	-
966	112.428385	113.438802	Ab3	48	80	0	0	49920	P1-35-13	0	-
967	112.433594	113.259115	F2	43	80	0	0	49920	P1-35-36	0	-
968	112.459635	113.479167	Bb1	33	80	0	0	49920	P1-35-35	0	-
969	112.683594	112.930990	C4	64	80	0	0	50040	P1-35-15	0	-
970	112.932292	113.184896	Eb4	62	80	0	0	50160	P1-35-17	0	-
971	113.195312	113.404948	D4	54	80	0	0	50280	P1-35-19	0	-
972	113.432292	113.704427	F4	51	80	0	0	50400	P1-36-16	0	-
973	113.432292	114.209635	G3	41	80	0	0	50400	P1-36-1	0	-
974	113.444010	114.188802	G2	35	80	0	0	50400	P1-36-20	0	-
975	113.449219	114.199219	Eb2	35	80	0	0	50400	P1-36-19	0	-
976	113.707031	113.983073	D4	51	80	0	0	50520	P1-36-3	0	-
977	113.960938	114.235677	F4	60	80	0	0	50640	P1-36-5	0	-
978	114.235677	114.503906	Eb4	60	80	0	0	50760	P1-36-7	0	-
979	114.520833	114.765625	Ab4	60	80	0	0	50880	P1-36-8	0	-
980	114.523438	114.529948	Bb3	40	80	0	0	50880	*	3	-
981	114.526042	117.209635	Eb2	32	80	0	0	50880	P1-36-21	0	-
982	114.528646	117.429688	Eb3	34	80	0	0	50880	P1-36-24	0	-
983	114.533854	117.029948	Bb2	33	80	0	0	50880	P1-36-23	0	-
984	114.536458	117.209635	G2	32	80	0	0	50880	P1-36-22	0	-
985	114.779948	115.054688	F4	57	80	0	0	51000	P1-36-9	0	-
986	115.031250	115.289062	Ab4	67	80	0	0	51120	P1-36-10	0	-
987	115.289062	115.584635	G4	58	80	0	0	51240	P1-36-11	0	-
988	115.541667	115.826823	C5	65	80	0	0	51360	P1-36-12	0	-
989	115.813802	116.166667	A4	55	80	0	0	51480	P1-36-13	0	-
990	116.083333	116.337240	C5	59	80	0	0	51600	P1-36-14	0	-
991	116.343750	116.575521	Bb4	53	80	0	0	51720	P1-36-15	0	-
992	116.608073	116.878906	F5	57	80	0	0	51840	P1-37-1	0	-
993	116.864583	117.118490	D5	49	80	0	0	51960	P1-37-2	0	-
994	117.118490	117.384115	F5	57	80	0	0	52080	P1-37-3	0	-
995	117.381510	117.678385	Eb5	58	80	0	0	52200	P1-37-4	0	-
996	117.652344	117.924479	Ab5	61	80	0	0	52320	P1-37-5	0	-
997	117.675781	118.348958	Bb3	31	80	0	0	52320	P1-37-19	0	-
998	117.675781	118.468750	G3	30	80	0	0	52320	P1-37-18	0	-
999	117.677083	118.449219	Eb4	28	80	0	0	52320	P1-37-20	0	-
1000	117.914062	118.259115	F5	52	80	0	0	52440	P1-37-6	0	-
1001	118.170573	118.420573	Ab5	51	80	0	0	52560	P1-37-7	0	-
1002	118.414062	118.759115	G5	64	80	0	0	52680	P1-37-8	0	-
1003	118.669271	118.986979	C6	64	80	0	0	52800	P1-37-9	0	-
1004	118.675781	119.549479	Bb3	32	80	0	0	52800	P1-37-23	0	-
1005	118.677083	119.468750	G3	34	80	0	0	52800	P1-37-22	0	-
1006	118.679688	119.718750	Eb4	37	80	0	0	52800	P1-37-24	0	-
1007	118.683594	119.878906	Eb3	35	80	0	0	52800	P1-37-21	0	-
1008	118.944010	119.339844	A5	70	80	0	0	52920	P1-37-10	0	-
1009	119.214844	119.542969	C6	70	80	0	0	53040	P1-37-11	0	-
1010	119.497396	120.000000	Bb5	78	80	0	0	53160	P1-37-12	0	-
1011	119.891927	120.269531	Eb4	42	80	0	0	53280	P1-38-8	0	-
1012	119.893229	120.598958	Eb3	40	80	0	0	53280	P1-38-5	0	-
1013	119.898438	120.459635	G3	40	80	0	0	53280	P1-38-6	0	-
1014	119.902344	120.609375	Bb3	41	80	0	0	53280	P1-38-7	0	-
1015	119.902344	122.859375	Eb6	81	80	0	0	53280	P1-38-1	0	-
1016	121.032552	123.468750	Eb2	51	80	0	0	53760	P1-38-9	0	-
1017	122.166667	123.438802	Eb5	53	80	0	0	54240	P1-38-4	0	-
1018	122.196615	122.959635	Eb3	33	80	0	0	54240	P1-38-10	0	-
1019	123.412760	125.899740	Db6	54	80	0	0	54720	P1-39-1	0	-
1020	123.421875	125.309896	Db2	26	80	0	0	54720	P1-39-5	0	-
1021	124.582031	126.139323	Db3	27	80	0	0	55200	P1-39-6	0	-
1022	125.669271	126.218750	Db5	44	80	0	0	55680	P1-39-4	0	-
1023	126.811198	127.250000	C2	33	80	0	0	56160	P1-40-6	0	-
1024	126.885417	128.079427	C3	37	80	0	0	56160	P1-40-7	0	-
1025	126.967448	129.348958	C6	75	80	0	0	56160	P1-40-2	0	-
1026	126.975260	129.009115	C5	60	80	0	0	56160	P1-40-1	0	-
1027	127.470052	127.565104	Ab3	32	80	0	0	56280	P1-40-9	0	-
1028	127.473958	127.569010	F3	31	80	0	0	56280	P1-40-8	0	-
1029	127.746094	127.833333	Ab3	35	80	0	0	56400	P1-40-11	0	-
1030	127.748698	127.834635	F3	35	80	0	0	56400	P1-40-10	0	-
1031	128.035156	128.259115	Ab3	36	80	0	0	56520	P1-40-13	0	-
1032	128.039062	128.329427	F3	34	80	0	0	56520	P1-40-12	0	-
1033	128.283854	129.139323	C3	42	80	0	0	56640	P1-40-14	0	-
1034	128.524740	128.602865	Ab3	39	80	0	0	56760	P1-40-16	0	-
1035	128.526042	128.789062	F3	36	80	0	0	56760	P1-40-15	0	-
1036	128.760417	129.128906	Ab5	83	80	0	0	56880	P1-40-3	0	-
1037	128.794271	128.851562	F3	28	80	0	0	56880	P1-40-17	0	-
1038	128.795573	128.858073	Ab3	31	80	0	0	56880	P1-40-18	0	-
1039	129.024740	129.329427	Ab3	43	80	0	0	57000	P1-40-20	0	-
1040	129.031250	129.319010	F3	44	80	0	0	57000	P1-40-19	0	-
1041	129.242188	131.009115	C3	45	80	0	0	57120	P1-40-21	0	-
1042	129.244792	129.789062	Ab5	90	80	0	0	57120	P1-40-4	0	-
1043	129.486979	129.572917	Ab3	45	80	0	0	57240	P1-40-23	0	-
1044	129.488281	129.572917	F3	47	80	0	0	57240	P1-40-22	0	-
1045	129.746094	129.828125	Ab3	53	80	0	0	57360	P1-40-25	0	-
1046	129.747396	129.833333	F3	49	80	0	0	57360	P1-40-24	0	-
1047	129.964844	130.105469	Ab5	96	80	0	0	57480	P1-40-5	0	-
1048	129.986979	130.169271	Ab3	42	80	0	0	57480	P1-40-27	0	-
1049	129.992188	130.079427	F3	44	80	0	0	57480	P1-40-26	0	-
1050	130.247396	131.359375	Db6	84	80	0	0	57600	P1-41-4	0	-
1051	130.264323	130.789062	G5	72	80	0	0	57600	P1-41-2	0	-
1052	130.270833	130.819010	E5	63	80	0	0	57600	P1-41-1	0	-
1053	130.272135	130.718750	Bb5	72	80	0	0	57600	P1-41-3	0	-
1054	130.533854	130.613281	G3	42	80	0	0	57720	P1-41-9	0	-
1055	130.536458	130.605469	Bb3	44	80	0	0	57720	P1-41-10	0	-
1056	130.777344	130.838542	Bb3	41	80	0	0	57840	P1-41-12	0	-
1057	130.778646	131.049479	G3	34	80	0	0	57840	P1-41-11	0	-
1058	131.027344	131.339844	Bb3	44	80	0	0	57960	P1-41-14	0	-
1059	131.057292	131.369792	G3	33	80	0	0	57960	P1-41-13	0	-
1060	131.250000	131.259115	C4	40	80	0	0	58080	*	3	-
1061	131.255208	133.139323	Bb5	79	80	0	0	58080	P1-41-7	0	-
1062	131.257812	132.229167	C3	40	80	0	0	58080	P1-41-15	0	-
1063	131.286458	132.729167	G5	54	80	0	0	58080	P1-41-6	0	-
1064	131.292969	132.709635	E5	49	80	0	0	58080	P1-41-5	0	-
1065	131.511719	131.583333	G3	43	80	0	0	58200	P1-41-16	0	-
1066	131.522135	131.598958	Bb3	40	80	0	0	58200	P1-41-17	0	-
1067	131.753906	131.832031	G3	39	80	0	0	58320	P1-41-18	0	-
1068	131.753906	131.824219	Bb3	45	80	0	0	58320	P1-41-19	0	-
1069	132.005208	132.279948	G3	45	80	0	0	58440	P1-41-20	0	-
1070	132.007812	132.158854	Bb3	46	80	0	0	58440	P1-41-21	0	-
1071	132.240885	133.049479	C3	49	80	0	0	58560	P1-41-22	0	-
1072	132.455729	132.532552	G3	50	80	0	0	58680	P1-41-23	0	-
1073	132.463542	132.527344	Bb3	51	80	0	0	58680	P1-41-24	0	-
1074	132.674479	132.760417	Bb3	54	80	0	0	58800	P1-41-26	0	-
1075	132.695312	132.766927	G3	47	80	0	0	58800	P1-41-25	0	-
1076	132.923177	133.098958	Bb3	62	80	0	0	58920	P1-41-28	0	-
1077	132.923177	133.109375	G3	65	80	0	0	58920	P1-41-27	0	-
1078	133.110677	134.029948	C3	61	80	0	0	59040	P1-42-7	0	-
1079	133.114583	133.250000	G3	56	80	0	0	59040	*	3	-
1080	133.145833	134.809896	Bb5	88	80	0	0	59040	P1-42-3	0	-
1081	133.162760	134.408854	G5	78	80	0	0	59040	P1-42-2	0	-
1082	133.166667	134.688802	E5	63	80	0	0	59040	P1-42-1	0	-
1083	133.403646	133.509115	G3	52	80	0	0	59160	P1-42-9	0	-
1084	133.403646	133.507812	E3	50	80	0	0	59160	P1-42-8	0	-
1085	133.648438	133.716146	G3	49	80	0	0	59280	P1-42-11	0	-
1086	133.653646	133.721354	E3	50	80	0	0	59280	P1-42-10	0	-
1087	133.864583	134.169271	G3	53	80	0	0	59400	P1-42-13	0	-
1088	133.865885	134.169271	E3	55	80	0	0	59400	P1-42-12	0	-
1089	134.109375	134.864583	C3	68	80	0	0	59520	P1-42-14	0	-
1090	134.319010	134.420573	E3	54	80	0	0	59640	P1-42-15	0	-
1091	134.332031	134.421875	G3	54	80	0	0	59640	P1-42-16	0	-
1092	134.546875	134.929688	G5	86	80	0	0	59760	P1-42-4	0	-
1093	134.580729	134.665365	E3	46	80	0	0	59760	P1-42-17	0	-
1094	134.584635	134.679688	G3	40	80	0	0	59760	P1-42-18	0	-
1095	134.785156	134.979167	G3	58	80	0	0	59880	P1-42-20	0	-
1096	134.808594	135.049479	E3	50	80	0	0	59880	P1-42-19	0	-
1097	135.020833	135.589844	G5	90	80	0	0	60000	P1-42-5	0	-
1098	135.044271	135.519531	C3	52	80	0	0	60000	P1-42-21	0	-
1099	135.243490	135.333333	G3	55	80	0	0	60120	P1-42-23	0	-
1100	135.247396	135.341146	E3	48	80	0	0	60120	P1-42-22	0	-
1101	135.505208	135.578125	G3	52	80	0	0	60240	P1-42-25	0	-
1102	135.518229	135.579427	E3	41	80	0	0	60240	P1-42-24	0	-
1103	135.532552	135.869792	C3	34	80	0	0	60240	*	3	-
1104	135.700521	135.949219	G5	87	80	0	0	60360	P1-42-6	0	-
1105	135.740885	135.889323	G3	49	80	0	0	60360	P1-42-27	0	-
1106	135.743490	135.959635	E3	47	80	0	0	60360	P1-42-26	0	-
1107	135.994792	136.789062	C3	45	80	0	0	60480	P1-43-8	0	-
1108	136.005208	137.500000	C6	78	80	0	0	60480	P1-43-4	0	-
1109	136.014323	136.688802	F5	61	80	0	0	60480	P1-43-2	0	-
1110	136.014323	136.919271	Ab5	70	80	0	0	60480	P1-43-3	0	-
1111	136.015625	136.968750	C5	61	80	0	0	60480	P1-43-1	0	-
1112	136.295573	136.375000	Ab3	49	80	0	0	60600	P1-43-10	0	-
1113	136.296875	136.375000	F3	48	80	0	0	60600	P1-43-9	0	-
1114	136.527344	136.596354	Ab3	49	80	0	0	60720	P1-43-12	0	-
1115	136.528646	136.600260	F3	48	80	0	0	60720	P1-43-11	0	-
1116	136.763021	136.968750	Ab3	53	80	0	0	60840	P1-43-14	0	-
1117	136.768229	137.009115	F3	49	80	0	0	60840	P1-43-13	0	-
1118	136.964844	138.329427	Ab5	73	80	0	0	60960	P1-43-7	0	-
1119	136.975260	138.378906	F5	63	80	0	0	60960	P1-43-6	0	-
1120	136.975260	137.709635	C3	41	80	0	0	60960	P1-43-15	0	-
1121	136.977865	138.158854	C5	48	80	0	0	60960	P1-43-5	0	-
1122	137.178385	137.264323	F3	41	80	0	0	61080	P1-43-16	0	-
1123	137.204427	137.270833	Ab3	40	80	0	0	61080	P1-43-17	0	-
1124	137.428385	137.489583	Ab3	40	80	0	0	61200	P1-43-19	0	-
1125	137.429688	137.489583	F3	41	80	0	0	61200	P1-43-18	0	-
1126	137.671875	137.889323	Ab3	43	80	0	0	61320	P1-43-21	0	-
1127	137.673177	137.852865	F3	41	80	0	0	61320	P1-43-20	0	-
1128	137.875000	138.739583	C3	45	80	0	0	61440	P1-43-22	0	-
1129	138.102865	138.191406	F3	39	80	0	0	61560	P1-43-23	0	-
1130	138.121094	138.192708	Ab3	38	80	0	0	61560	P1-43-24	0	-
1131	138.354167	138.414062	Ab3	39	80	0	0	61680	P1-43-26	0	-
1132	138.355469	138.419271	F3	37	80	0	0	61680	P1-43-25	0	-
1133	138.596354	138.819010	F3	40	80	0	0	61800	P1-43-27	0	-
1134	138.598958	138.779948	Ab3	42	80	0	0	61800	P1-43-28	0	-
1135	138.825521	140.619792	Ab5	59	80	0	0	61920	P1-44-2	0	-
1136	138.839844	141.449219	C5	42	80	0	0	61920	P1-44-6	0	-
1137	138.847656	140.218750	F5	48	80	0	0	61920	P1-44-1	0	-
1138	138.864583	139.209635	F2	38	80	0	0	61920	P1-44-7	0	-
1139	139.114583	139.338542	C3	51	80	0	0	62040	P1-44-8	0	-
1140	139.333333	139.565104	D3	49	80	0	0	62160	P1-44-9	0	-
1141	139.562500	139.763021	E3	52	80	0	0	62280	P1-44-10	0	-
1142	139.773438	139.984375	F3	51	80	0	0	62400	P1-44-11	0	-
1143	139.993490	140.239583	G3	53	80	0	0	62520	P1-44-12	0	-
1144	140.233073	140.628906	F5	68	80	0	0	62640	P1-44-3	0	-
1145	140.244792	140.486979	Ab3	51	80	0	0	62640	P1-44-13	0	-
1146	140.484375	140.712240	Bb3	50	80	0	0	62760	P1-44-14	0	-
1147	140.734375	141.389323	F5	63	80	0	0	62880	P1-44-4	0	-
1148	140.735677	140.998698	C4	50	80	0	0	62880	P1-44-15	0	-
1149	141.001302	141.259115	Ab3	44	80	0	0	63000	P1-44-16	0	-
1150	141.246094	141.483073	G3	46	80	0	0	63120	P1-44-17	0	-
1151	141.451823	141.731771	F5	57	80	0	0	63240	P1-44-5	0	-
1152	141.475260	141.739583	F3	45	80	0	0	63240	P1-44-18	0	-
1153	141.692708	141.949219	C3	56	80	0	0	63360	P1-45-8	0	-
1154	141.699219	142.549479	Bb5	64	80	0	0	63360	P1-45-3	0	-
1155	141.700521	142.229167	G5	57	80	0	0	63360	P1-45-2	0	-
1156	141.703125	142.369792	E5	57	80	0	0	63360	P1-45-1	0	-
1157	141.713542	142.250000	C5	51	80	0	0	-1	*	3	-
1158	141.945312	142.195312	Cb2	58	80	0	0	63480	P1-45-9	0	-
1159	142.158854	142.415365	C2	68	80	0	0	63600	P1-45-10	0	-
1160	142.378906	142.679688	Cb2	65	80	0	0	63720	P1-45-11	0	-
1161	142.623698	142.884115	C2	70	80	0	0	63840	P1-45-12	0	-
1162	142.630208	144.589844	G5	72	80	0	0	63840	P1-45-6	0	-
1163	142.635417	144.468750	E5	67	80	0	0	63840	P1-45-5	0	-
1164	142.641927	144.019531	C5	61	80	0	0	-1	*	3	-
1165	142.856771	143.113281	E2	68	80	0	0	63960	P1-45-13	0	-
1166	143.093750	143.378906	G2	65	80	0	0	64080	P1-45-14	0	-
1167	143.316406	143.546875	Cb3	56	80	0	0	64200	P1-45-15	0	-
1168	143.563802	143.756510	C3	55	80	0	0	64320	P1-45-16	0	-
1169	143.769531	144.000000	Bb2	55	80	0	0	64440	P1-45-17	0	-
1170	144.023438	144.255208	Ab2	43	80	0	0	64560	P1-45-18	0	-
1171	144.225260	144.789062	G2	48	80	0	0	64680	P1-45-19	0	-
1172	144.451823	144.819010	F2	42	80	0	0	64800	P1-46-7	0	-
1173	144.532552	146.619792	Ab5	76	80	0	0	64800	P1-46-2	0	-
1174	144.539062	145.809896	F5	62	80	0	0	64800	P1-46-1	0	-
1175	144.572917	147.399740	C5	46	80	0	0	64800	P1-46-6	0	-
1176	144.781250	145.010417	C3	56	80	0	0	64920	P1-46-8	0	-
1177	145.015625	145.234375	D3	48	80	0	0	65040	P1-46-9	0	-
1178	145.246094	145.457031	E3	49	80	0	0	65160	P1-46-10	0	-
1179	145.471354	145.718750	F3	45	80	0	0	65280	P1-46-11	0	-
1180	145.718750	145.951823	G3	46	80	0	0	65400	P1-46-12	0	-
1181	145.954427	146.309896	F5	69	80	0	0	65520	P1-46-3	0	-
1182	145.984375	146.199219	Ab3	39	80	0	0	65520	P1-46-13	0	-
1183	146.210938	146.479167	Bb3	44	80	0	0	65640	P1-46-14	0	-
1184	146.451823	147.139323	F5	65	80	0	0	65760	P1-46-4	0	-
1185	146.473958	146.733073	C4	45	80	0	0	65760	P1-46-15	0	-
1186	146.475260	147.199219	G#4	43	80	0	0	65760	*	3	-
1187	146.733073	146.968750	Ab3	44	80	0	0	65880	P1-46-16	0	-
1188	146.941406	147.167969	G3	50	80	0	0	66000	P1-46-17	0	-
1189	147.152344	147.598958	F5	73	80	0	0	66120	P1-46-5	0	-
1190	147.173177	147.401042	F3	48	80	0	0	66120	P1-46-18	0	-
1191	147.406250	147.809896	Eb3	47	80	0	0	66240	P1-47-10	0	-
1192	147.468750	148.598958	Gb5	73	80	0	0	66240	P1-47-6	0	-
1193	147.483073	148.500000	Db5	58	80	0	0	66240	P1-47-5	0	-
1194	147.484375	149.378906	Gb4	50	80	0	0	66240	P1-47-4	0	-
1195	147.751302	148.009115	Eb2	52	80	0	0	66360	P1-47-11	0	-
1196	147.994792	148.264323	F2	48	80	0	0	66480	P1-47-12	0	-
1197	148.253906	148.546875	Gb2	53	80	0	0	66600	P1-47-13	0	-
1198	148.514323	150.688802	Eb5	57	80	0	0	66720	P1-47-3	0	-
1199	148.522135	150.089844	C5	51	80	0	0	66720	P1-47-2	0	-
1200	148.532552	148.794271	Ab2	39	80	0	0	66720	P1-47-14	0	-
1201	148.774740	149.036458	A2	41	80	0	0	66840	P1-47-15	0	-
1202	148.994792	149.243490	Bb2	54	80	0	0	66960	P1-47-16	0	-
1203	149.222656	149.595052	Ab2	52	80	0	0	67080	P1-47-17	0	-
1204	149.488281	150.079427	Ab4	52	80	0	0	67200	P1-47-8	0	-
1205	149.493490	149.739583	Gb2	42	80	0	0	67200	P1-47-18	0	-
1206	149.730469	149.993490	F2	40	80	0	0	67320	P1-47-19	0	-
1207	149.992188	150.436198	Gb4	40	80	0	0	67440	P1-47-9	0	-
1208	150.003906	150.313802	Eb2	36	80	0	0	67440	P1-47-20	0	-
1209	150.276042	150.503906	Ab2	37	80	0	0	67560	P1-47-21	0	-
1210	150.513021	150.912760	Db2	32	80	0	0	67680	P1-48-10	0	-
1211	150.604167	152.369792	F5	49	80	0	0	67680	P1-48-6	0	-
1212	150.634115	152.669271	F4	31	80	0	0	67680	P1-48-1	0	-
1213	150.638021	151.968750	C#5	41	80	0	0	-1	*	3	-
1214	150.927083	151.204427	Db3	35	80	0	0	67800	P1-48-11	0	-
1215	151.147135	151.390625	Eb3	44	80	0	0	67920	P1-48-12	0	-
1216	151.393229	151.654948	F3	39	80	0	0	68040	P1-48-13	0	-
1217	151.652344	151.938802	Gb3	38	80	0	0	68160	P1-48-14	0	-
1218	151.889323	152.104167	Ab3	40	80	0	0	68280	P1-48-15	0	-
1219	152.115885	152.479167	C#5	56	80	0	0	68400	P1-48-3	1	-
1220	152.148438	152.382812	Bb3	31	80	0	0	68400	P1-48-16	0	-
1221	152.386719	152.604167	Ab3	32	80	0	0	68520	P1-48-17	0	-
1222	152.617188	153.269531	C#5	65	80	0	0	68640	P1-48-4	1	-
1223	152.623698	152.809896	Gb3	39	80	0	0	68640	P1-48-18	0	-
1224	152.852865	153.105469	F3	36	80	0	0	68760	P1-48-19	0	-
1225	153.062500	153.304688	Eb3	49	80	0	0	68880	P1-48-20	0	-
1226	153.278646	153.609375	C#5	70	80	0	0	69000	P1-48-5	1	-
1227	153.281250	153.509115	Db3	52	80	0	0	69000	P1-48-21	0	-
1228	153.473958	153.829427	Ab2	51	80	0	0	69120	P1-49-8	0	-
1229	153.559896	154.809896	Gb5	68	80	0	0	69120	P1-49-4	0	-
1230	153.563802	154.339844	Gb4	57	80	0	0	69120	P1-49-1	0	-
1231	153.563802	154.339844	C5	63	80	0	0	69120	P1-49-2	0	-
1232	153.565104	154.329427	Eb5	67	80	0	0	69120	P1-49-3	0	-
1233	153.800781	154.128906	G1	66	80	0	0	69240	P1-49-9	0	-
1234	154.027344	154.378906	Ab1	73	80	0	0	69360	P1-49-10	0	-
1235	154.255208	154.619792	G1	71	80	0	0	69480	P1-49-11	0	-
1236	154.505208	156.584635	Eb5	69	80	0	0	69600	P1-49-7	0	-
1237	154.506510	156.089844	C5	66	80	0	0	69600	P1-49-6	0	-
1238	154.514323	156.250000	Gb4	59	80	0	0	69600	P1-49-5	0	-
1239	154.515625	154.799479	Ab1	70	80	0	0	69600	P1-49-12	0	-
1240	154.740885	154.989583	Bb1	65	80	0	0	69720	P1-49-13	0	-
1241	154.973958	155.253906	C2	69	80	0	0	69840	P1-49-14	0	-
1242	155.214844	155.535156	Db2	68	80	0	0	69960	P1-49-15	0	-
1243	155.467448	155.692708	Eb2	62	80	0	0	70080	P1-49-16	0	-
1244	155.699219	155.989583	F2	60	80	0	0	70200	P1-49-17	0	-
1245	155.936198	156.246094	Gb2	58	80	0	0	70320	P1-49-18	0	-
1246	156.208333	156.535156	Ab2	56	80	0	0	70440	P1-49-19	0	-
1247	156.535156	156.934896	Db2	45	80	0	0	70560	P1-50-9	0	-
1248	156.536458	158.779948	F5	61	80	0	0	70560	P1-50-1	0	-
1249	156.545573	157.819010	C5	47	80	0	0	70560	P1-50-6	0	-
1250	156.550781	157.529948	F4	44	80	0	0	70560	P1-50-5	0	-
1251	156.934896	157.214844	A2	39	80	0	0	70680	P1-50-10	0	-
1252	157.196615	157.450521	Bb2	45	80	0	0	70800	P1-50-11	0	-
1253	157.446615	157.735677	A2	39	80	0	0	70920	P1-50-12	0	-
1254	157.674479	159.408854	F4	40	80	0	0	71040	P1-50-7	0	-
1255	157.674479	157.923177	Bb2	44	80	0	0	71040	P1-50-13	0	-
1256	157.680990	159.489583	Bb4	48	80	0	0	71040	P1-50-8	0	-
1257	157.933594	158.173177	C3	52	80	0	0	71160	P1-50-14	0	-
1258	158.164062	158.649740	Db5	68	80	0	0	71280	P1-50-2	0	-
1259	158.171875	158.434896	Db3	47	80	0	0	71280	P1-50-15	0	-
1260	158.395833	158.661458	Eb3	54	80	0	0	71400	P1-50-16	0	-
1261	158.660156	159.250000	Db5	69	80	0	0	71520	P1-50-3	0	-
1262	158.662760	159.003906	F3	43	80	0	0	71520	P1-50-17	0	-
1263	158.917969	159.161458	Db3	48	80	0	0	71640	P1-50-18	0	-
1264	159.132812	159.380208	C3	59	80	0	0	71760	P1-50-19	0	-
1265	159.351562	159.766927	Db5	73	80	0	0	71880	P1-50-4	0	-
1266	159.352865	159.609375	Bb2	57	80	0	0	71880	P1-50-20	0	-
1267	159.490885	161.989583	F4	62	80	0	0	72000	P1-51-6	0	-
1268	159.562500	162.500000	Bb4	71	80	0	0	72000	P1-51-7	0	-
1269	159.563802	160.128906	C3	53	80	0	0	72000	P1-51-10	0	-
1270	159.701823	160.859375	Eb5	78	80	0	0	72000	P1-51-3	0	-
1271	159.912760	160.213542	C2	60	80	0	0	72120	P1-51-11	0	-
1272	160.158854	160.516927	Db2	63	80	0	0	72240	P1-51-12	0	-
1273	160.433594	160.795573	Eb2	63	80	0	0	72360	P1-51-13	0	-
1274	160.703125	161.049479	F2	44	80	0	0	72480	P1-51-14	0	-
1275	160.727865	162.989583	C5	63	80	0	0	72480	P1-51-2	0	-
1276	160.742188	160.750000	A4	45	80	0	0	72480	*	3	-
1277	161.007812	161.329427	Gb2	49	80	0	0	72600	P1-51-15	0	-
1278	161.266927	161.592448	F2	42	80	0	0	72720	P1-51-16	0	-
1279	161.536458	161.753906	E2	43	80	0	0	72840	P1-51-17	0	-
1280	161.774740	163.000000	A4	41	80	0	0	72960	P1-51-5	0	-
1281	161.785156	162.339844	F2	38	80	0	0	72960	P1-51-18	0	-
1282	162.037760	162.315104	F1	43	80	0	0	73080	P1-51-19	0	-
1283	162.279948	163.279948	F4	38	80	0	0	73200	P1-51-9	0	-
1284	162.324219	162.552083	G1	36	80	0	0	73200	P1-51-20	0	-
1285	162.592448	162.787760	A1	37	80	0	0	73320	P1-51-21	0	-
1286	162.822917	163.378906	Bb1	31	80	0	0	73440	P1-52-11	0	-
1287	162.927083	165.959635	Db5	75	80	0	0	73440	P1-52-1	0	-
1288	163.294271	163.613281	F2	26	80	0	0	73560	P1-52-12	0	-
1289	163.575521	163.843750	G2	35	80	0	0	73680	P1-52-13	0	-
1290	163.583333	165.949219	F4	37	80	0	0	73680	P1-52-9	0	-
1291	163.824219	164.085938	A2	36	80	0	0	73800	P1-52-14	0	-
1292	164.074219	164.303385	Bb2	40	80	0	0	73920	P1-52-15	0	-
1293	164.339844	164.588542	C3	46	80	0	0	74040	P1-52-16	0	-
1294	164.584635	164.919271	Bb4	63	80	0	0	74160	P1-52-5	0	-
1295	164.589844	164.837240	Db3	38	80	0	0	74160	P1-52-17	0	-
1296	164.835938	165.093750	Eb3	47	80	0	0	74280	P1-52-18	0	-
1297	165.101562	165.407552	F3	40	80	0	0	74400	P1-52-19	0	-
1298	165.104167	165.688802	Bb4	66	80	0	0	74400	P1-52-6	0	-
1299	165.361979	165.576823	Db3	41	80	0	0	74520	P1-52-20	0	-
1300	165.585938	166.069010	C3	49	80	0	0	74640	P1-52-21	0	-
1301	165.837240	166.089844	Bb4	69	80	0	0	74760	P1-52-7	0	-
1302	165.871094	166.119792	Bb2	46	80	0	0	74760	P1-52-22	0	-
1303	166.122396	166.750000	F2	41	80	0	0	74880	P1-53-10	0	-
1304	166.164062	167.319010	Eb5	68	80	0	0	74880	P1-53-3	0	-
1305	166.194010	168.250000	Bb4	48	80	0	0	74880	P1-53-8	0	-
1306	166.195312	168.049479	F4	40	80	0	0	74880	P1-53-7	0	-
1307	166.445312	166.699219	F1	52	80	0	0	75000	P1-53-11	0	-
1308	166.686198	167.049479	G1	61	80	0	0	75120	P1-53-12	0	-
1309	166.934896	167.229167	A1	61	80	0	0	75240	P1-53-13	0	-
1310	167.182292	169.408854	C5	69	80	0	0	75360	P1-53-2	0	-
1311	167.205729	167.449219	Bb1	42	80	0	0	75360	P1-53-14	0	-
1312	167.440104	167.730469	C2	49	80	0	0	75480	P1-53-15	0	-
1313	167.686198	167.962240	Db2	50	80	0	0	75600	P1-53-16	0	-
1314	167.920573	168.148438	Eb2	50	80	0	0	75720	P1-53-17	0	-
1315	168.153646	169.348958	A4	43	80	0	0	75840	P1-53-6	0	-
1316	168.165365	168.669271	F2	40	80	0	0	75840	P1-53-18	0	-
1317	168.171875	171.178385	F4	37	80	0	0	75840	P1-53-5	0	-
1318	168.430990	168.709635	Eb2	37	80	0	0	75960	P1-53-19	0	-
1319	168.712240	169.013021	Db2	38	80	0	0	76080	P1-53-20	0	-
1320	168.993490	169.223958	C2	37	80	0	0	76200	P1-53-21	0	-
1321	169.231771	169.701823	Bb1	34	80	0	0	76320	P1-54-11	0	-
1322	169.343750	169.348958	Bb2	34	80	0	0	76320	P1-54-4	1	-
1323	169.348958	171.250000	Db5	60	80	0	0	76320	P1-54-2	0	-
1324	169.368490	170.799479	Bb4	47	80	0	0	76320	P1-54-1	0	-
1325	169.696615	169.984375	A2	36	80	0	0	76440	P1-54-12	0	-
1326	169.945312	170.177083	Bb2	42	80	0	0	76560	P1-54-13	0	-
1327	170.216146	170.454427	C3	44	80	0	0	76680	P1-54-14	0	-
1328	170.454427	170.709635	Db3	47	80	0	0	76800	P1-54-15	0	-
1329	170.701823	170.941406	Eb3	47	80	0	0	76920	P1-54-16	0	-
1330	170.949219	171.279948	Bb4	58	80	0	0	77040	P1-54-6	0	-
1331	170.953125	171.459635	F3	38	80	0	0	77040	P1-54-17	0	-
1332	171.203125	171.505208	Eb3	35	80	0	0	77160	P1-54-18	0	-
1333	171.453125	172.218750	Bb4	58	80	0	0	77280	P1-54-8	0	-
1334	171.454427	171.781250	Db3	36	80	0	0	77280	P1-54-19	0	-
1335	171.733073	171.984375	C3	40	80	0	0	77400	P1-54-20	0	-
1336	171.963542	172.162760	Bb2	42	80	0	0	77520	P1-54-21	0	-
1337	172.200521	172.544271	Ab2	44	80	0	0	77640	P1-54-22	0	-
1338	172.229167	172.549479	Bb4	56	80	0	0	77640	P1-54-10	0	-
1339	172.533854	173.718750	Db5	58	80	0	0	77758	P1-55-30	0	-
1340	172.536458	172.829427	G2	36	80	0	0	77758	P1-55-39	0	-
1341	172.544271	173.878906	Eb4	42	80	0	0	77758	P1-55-28	0	-
1342	172.562500	173.079427	Bb4	49	80	0	0	77758	P1-55-29	0	-
1343	172.815104	173.096354	D2	35	80	0	0	77878	P1-55-40	0	-
1344	173.046875	173.381510	Eb2	47	80	0	0	77998	P1-55-41	0	-
1345	173.296875	173.570312	F2	42	80	0	0	78118	P1-55-42	0	-
1346	173.585938	173.899740	Bb4	57	80	0	0	78240	P1-55-2	0	-
1347	173.597656	174.468750	G2	34	80	0	0	78238	P1-55-43	0	-
1348	173.914062	173.976562	C5	45	80	0	0	78274	P1-55-4	0	-
1349	173.930990	174.269531	Ab2	38	80	0	0	78358	P1-55-44	0	-
1350	174.010417	174.066406	Bb4	51	80	0	0	78325	P1-55-5	0	-
1351	174.114583	174.170573	C5	42	80	0	0	78359	P1-55-7	0	-
1352	174.201823	174.289062	Bb4	49	80	0	0	78359	P1-55-6	0	-
1353	174.243490	175.000000	Bb2	35	80	0	0	78478	P1-55-45	0	-
1354	174.270833	174.459635	C5	30	80	0	0	-1	*	3	-
1355	174.348958	174.449219	Bb4	40	80	0	0	78393	P1-55-8	0	-
1356	174.493490	174.569010	Bb4	48	80	0	0	78444	P1-55-9	0	-
1357	174.513021	174.929688	Ab2	31	80	0	0	78598	P1-55-46	0	-
1358	174.566406	174.609375	C5	49	80	0	0	78444	P1-55-10	0	-
1359	174.641927	174.684896	Bb4	52	80	0	0	78478	P1-55-32	0	-
1360	174.718750	174.764323	C5	57	80	0	0	78508	P1-55-12	0	-
1361	174.796875	174.839844	Bb4	57	80	0	0	78538	P1-55-33	0	-
1362	174.803385	175.000000	G2	37	80	0	0	78718	P1-55-47	0	-
1363	174.867188	174.924479	C5	62	80	0	0	78598	P1-55-13	0	-
1364	174.957031	175.003906	Bb4	57	80	0	0	78658	P1-55-34	0	-
1365	175.031250	175.109375	C5	58	80	0	0	78688	P1-55-14	0	-
1366	175.061198	175.378906	F2	38	80	0	0	78838	P1-55-48	0	-
1367	175.106771	175.152344	Bb4	60	80	0	0	78718	P1-55-15	0	-
1368	175.175781	175.244792	C5	65	80	0	0	78766	P1-55-16	0	-
1369	175.274740	175.326823	Bb4	62	80	0	0	78790	P1-55-17	0	-
1370	175.351562	175.393229	C5	59	80	0	0	78838	P1-55-20	0	-
1371	175.403646	175.588542	Eb2	43	80	0	0	78958	P1-55-49	0	-
1372	175.414062	175.484375	Cb5	63	80	0	0	78958	P1-55-23	0	-
1373	175.494792	175.542969	C5	65	80	0	0	78998	P1-55-25	0	-
1374	175.566406	175.649740	Cb5	56	80	0	0	79038	P1-55-26	0	-
1375	175.596354	175.688802	Db2	45	80	0	0	79018	P1-55-50	0	-
1376	175.632812	175.694010	C5	73	80	0	0	-1	*	3	-
1377	175.708333	175.829427	Cb5	69	80	0	0	79078	P1-55-37	1	-
1378	175.738281	175.819010	C2	44	80	0	0	79078	P1-55-51	0	-
1379	175.815104	175.868490	C5	83	80	0	0	79118	P1-55-38	1	-
1380	175.875000	175.968750	Bb1	49	80	0	0	79138	P1-55-52	0	-
1381	175.975260	177.688802	C4	60	80	0	0	79198	P1-56-1	0	-
1382	176.061198	177.348958	Eb4	70	80	0	0	79198	P1-56-2	0	-
1383	176.109375	176.378906	Ab1	38	80	0	0	79198	P1-56-11	0	-
1384	176.170573	178.158854	C5	86	80	0	0	79198	P1-56-3	0	-
1385	176.305990	176.390625	Eb2	38	80	0	0	79258	P1-56-12	0	-
1386	176.430990	176.579427	C2	45	80	0	0	79318	P1-56-13	0	-
1387	176.575521	176.649740	Eb2	40	80	0	0	79378	P1-56-14	0	-
1388	176.683594	176.794271	Ab2	42	80	0	0	79438	P1-56-15	0	-
1389	176.835938	176.906250	Eb3	42	80	0	0	79498	P1-56-16	0	-
1390	176.945312	177.059896	C3	49	80	0	0	79558	P1-56-17	0	-
1391	177.071615	177.141927	C3	43	80	0	0	-1	*	3	-
1392	177.072917	177.140625	Eb3	47	80	0	0	79618	P1-56-18	0	-
1393	177.184896	177.489583	Ab2	48	80	0	0	79678	P1-56-19	0	-
1394	177.305990	177.384115	Eb3	50	80	0	0	79738	P1-56-20	0	-
1395	177.442708	177.614583	C3	51	80	0	0	79798	P1-56-21	0	-
1396	177.563802	177.615885	Eb3	45	80	0	0	79858	P1-56-22	0	-
1397	177.654948	177.789062	Ab3	48	80	0	0	79918	P1-56-23	0	-
1398	177.658854	177.938802	Ab4	67	80	0	0	79918	P1-56-6	0	-
1399	177.736979	177.805990	Eb3	56	80	0	0	79978	P1-56-24	0	-
1400	177.880208	177.963542	C3	47	80	0	0	80038	P1-56-25	0	-
1401	178.016927	178.085938	Eb3	54	80	0	0	80098	P1-56-26	0	-
1402	178.134115	178.829427	C3	55	80	0	0	80158	P1-56-27	0	-
1403	178.135417	178.759115	Ab4	67	80	0	0	80158	P1-56-9	0	-
1404	178.160156	178.649740	Eb4	53	80	0	0	80158	P1-56-8	0	-
1405	178.277344	178.354167	Ab3	52	80	0	0	80218	P1-56-28	0	-
1406	178.384115	178.589844	Eb3	47	80	0	0	80278	P1-56-29	0	-
1407	178.496094	178.565104	Ab3	58	80	0	0	80338	P1-56-30	0	-
1408	178.610677	178.779948	C4	54	80	0	0	80398	P1-56-31	0	-
1409	178.730469	178.792969	Ab3	55	80	0	0	80458	P1-56-32	0	-
1410	178.816406	179.079427	Eb3	42	80	0	0	80518	P1-56-33	0	-
1411	178.847656	179.119792	Ab4	74	80	0	0	80518	P1-56-10	0	-
1412	178.904948	179.039062	Ab3	52	80	0	0	80578	P1-56-34	0	-
1413	179.101562	181.569010	Db5	74	80	0	0	80638	P1-57-3	0	-
1414	179.111979	181.519531	G4	59	80	0	0	80638	P1-57-2	0	-
1415	179.131510	180.089844	Eb4	51	80	0	0	80638	P1-57-1	0	-
1416	179.212240	179.294271	G3	54	80	0	0	80698	P1-57-8	0	-
1417	179.325521	179.539062	Eb3	50	80	0	0	80758	P1-57-9	0	-
1418	179.457031	179.523438	G3	49	80	0	0	80818	P1-57-10	0	-
1419	179.587240	179.709635	Bb3	41	80	0	0	80878	P1-57-11	0	-
1420	179.694010	179.773438	G3	46	80	0	0	80938	P1-57-12	0	-
1421	179.835938	179.979167	Eb3	46	80	0	0	80998	P1-57-13	0	-
1422	179.944010	180.063802	G3	54	80	0	0	81058	P1-57-14	0	-
1423	180.092448	181.799479	Bb4	63	80	0	0	81118	P1-57-6	0	-
1424	180.092448	180.649740	Db3	46	80	0	0	81118	P1-57-15	0	-
1425	180.102865	181.549479	Eb4	45	80	0	0	81118	P1-57-4	0	-
1426	180.222656	180.283854	G3	48	80	0	0	81178	P1-57-16	0	-
1427	180.330729	180.401042	Eb3	46	80	0	0	81238	P1-57-17	0	-
1428	180.444010	180.516927	G3	59	80	0	0	81298	P1-57-18	0	-
1429	180.574219	180.635417	Bb3	50	80	0	0	81358	P1-57-19	0	-
1430	180.662760	180.750000	G3	61	80	0	0	81418	P1-57-20	0	-
1431	180.805990	180.875000	Eb3	48	80	0	0	81478	P1-57-21	0	-
1432	180.916667	181.007812	G3	51	80	0	0	81538	P1-57-22	0	-
1433	181.031250	181.848958	Db3	61	80	0	0	81598	P1-57-23	0	-
1434	181.145833	181.223958	G3	53	80	0	0	81658	P1-57-24	0	-
1435	181.263021	181.539062	Eb3	57	80	0	0	81718	P1-57-25	0	-
1436	181.375000	181.454427	G3	67	80	0	0	81778	P1-57-26	0	-
1437	181.494792	181.679688	Bb3	59	80	0	0	81838	P1-57-27	0	-
1438	181.584635	181.687500	G3	52	80	0	0	81898	P1-57-28	0	-
1439	181.722656	181.949219	Eb3	57	80	0	0	81958	P1-57-29	0	-
1440	181.825521	181.959635	G3	53	80	0	0	82018	P1-57-30	0	-
1441	181.985677	183.259115	Eb5	78	80	0	0	82078	P1-58-3	0	-
1442	181.985677	182.000000	C2	57	80	0	0	82078	*	3	-
1443	181.986979	183.218750	Eb4	76	80	0	0	82078	P1-58-1	0	-
1444	181.986979	182.658854	C3	56	80	0	0	82078	P1-58-13	0	-
1445	181.994792	183.218750	Ab4	70	80	0	0	82078	P1-58-2	0	-
1446	182.126302	182.194010	Ab3	52	80	0	0	82138	P1-58-14	0	-
1447	182.226562	182.519531	Eb3	48	80	0	0	82198	P1-58-15	0	-
1448	182.351562	182.423177	Ab3	58	80	0	0	82258	P1-58-16	0	-
1449	182.462240	182.562500	C4	57	80	0	0	82318	P1-58-17	0	-
1450	182.596354	182.667969	Ab3	57	80	0	0	82378	P1-58-18	0	-
1451	182.709635	182.776042	C4	51	80	0	0	82438	P1-58-19	1	-
1452	182.819010	182.871094	Ab3	57	80	0	0	82498	P1-58-20	0	-
1453	182.880208	183.239583	C3	73	80	0	0	82558	P1-58-21	0	-
1454	183.006510	183.087240	C4	57	80	0	0	82618	P1-58-22	0	-
1455	183.118490	183.279948	Ab3	70	80	0	0	82678	P1-58-23	0	-
1456	183.212240	183.276042	C4	60	80	0	0	82738	P1-58-24	0	-
1457	183.333333	183.649740	D5	85	80	0	0	82798	P1-58-6	0	-
1458	183.334635	183.579427	D4	78	80	0	0	82798	P1-58-4	0	-
1459	183.342448	183.567708	Cb3	69	80	0	0	82798	P1-58-25	0	-
1460	183.342448	183.679688	Ab4	73	80	0	0	82798	P1-58-5	0	-
1461	183.466146	183.555990	Cb4	66	80	0	0	82858	P1-58-26	0	-
1462	183.572917	183.656250	Ab3	67	80	0	0	82918	P1-58-27	0	-
1463	183.677083	183.748698	Cb4	66	80	0	0	82978	P1-58-28	0	-
1464	183.796875	184.209635	Eb5	92	80	0	0	83038	P1-58-9	0	-
1465	183.804688	184.028646	Eb4	82	80	0	0	83038	P1-58-7	0	-
1466	183.815104	184.128906	Ab4	75	80	0	0	83038	P1-58-8	0	-
1467	183.821615	184.044271	C3	71	80	0	0	83038	P1-58-29	0	-
1468	183.933594	184.027344	C4	70	80	0	0	83098	P1-58-30	0	-
1469	184.042969	184.144531	Ab3	71	80	0	0	83158	P1-58-31	0	-
1470	184.148438	184.213542	C4	68	80	0	0	83218	P1-58-32	0	-
1471	184.257812	184.804688	F5	88	80	0	0	83278	P1-58-12	0	-
1472	184.266927	184.679688	F4	80	80	0	0	83278	P1-58-10	0	-
1473	184.268229	184.619792	Ab4	81	80	0	0	83278	P1-58-11	0	-
1474	184.282552	184.609375	Db3	74	80	0	0	83278	P1-58-33	0	-
1475	184.406250	184.505208	Db4	68	80	0	0	83338	P1-58-34	0	-
1476	184.514323	184.598958	Ab3	68	80	0	0	83398	P1-58-35	0	-
1477	184.593750	184.688802	Db4	68	80	0	0	83458	P1-58-36	0	-
1478	184.723958	185.199219	Eb5	81	80	0	0	83518	P1-59-1	0	-
1479	184.733073	185.158854	Eb3	78	80	0	0	83518	P1-59-37	0	-
1480	184.847656	184.959635	Eb4	71	80	0	0	83578	P1-59-38	0	-
1481	184.964844	185.074219	G3	72	80	0	0	83638	P1-59-39	0	-
1482	185.082031	185.144531	Eb4	67	80	0	0	83698	P1-59-40	0	-
1483	185.179688	185.688802	D5	78	80	0	0	83758	P1-59-2	0	-
1484	185.190104	185.509115	F3	75	80	0	0	83758	P1-59-41	0	-
1485	185.333333	185.489583	F4	64	80	0	0	83818	P1-59-42	0	-
1486	185.338542	185.444010	E4	66	80	0	0	-1	*	3	-
1487	185.472656	185.546875	Ab3	64	80	0	0	83878	P1-59-43	0	-
1488	185.571615	185.688802	F4	71	80	0	0	83938	P1-59-44	0	-
1489	185.682292	185.834635	G3	81	80	0	0	83998	P1-59-45	0	-
1490	185.738281	185.829427	Db5	65	80	0	0	84058	P1-59-25	0	-
1491	185.839844	185.903646	Eb5	68	80	0	0	84088	P1-59-5	0	-
1492	185.842448	185.959635	G4	71	80	0	0	84058	P1-59-46	0	-
1493	185.923177	186.049479	Db5	61	80	0	0	84118	P1-59-26	0	-
1494	185.985677	186.188802	Bb3	72	80	0	0	84118	P1-59-47	0	-
1495	186.014323	186.078125	Eb5	71	80	0	0	84148	P1-59-7	0	-
1496	186.084635	186.209635	G4	87	80	0	0	84178	P1-59-48	0	-
1497	186.085938	186.171875	Db5	70	80	0	0	84178	P1-59-27	0	-
1498	186.177083	186.243490	Eb5	67	80	0	0	84208	P1-59-8	0	-
1499	186.264323	186.539062	Eb3	84	80	0	0	84238	P1-59-49	0	-
1500	186.265625	186.419271	Db5	79	80	0	0	84238	P1-59-28	0	-
1501	186.361979	186.459635	Eb5	70	80	0	0	84268	P1-59-10	0	-
1502	186.371094	186.490885	Eb4	81	80	0	0	84298	P1-59-50	0	-
1503	186.429688	186.505208	Db5	69	80	0	0	84298	P1-59-29	0	-
1504	186.506510	186.604167	G3	76	80	0	0	84358	P1-59-51	0	-
1505	186.514323	186.908854	Eb5	73	80	0	0	84328	P1-59-11	0	-
1506	186.613281	186.750000	Db5	77	80	0	0	84358	P1-59-30	0	-
1507	186.617188	186.725260	Eb4	84	80	0	0	84418	P1-59-52	0	-
1508	186.755208	187.069010	F3	87	80	0	0	84478	P1-59-53	0	-
1509	186.759115	186.929688	Db5	81	80	0	0	84478	P1-59-32	0	-
1510	186.875000	187.098958	F4	76	80	0	0	84538	P1-59-54	0	-
1511	186.936198	187.059896	Db5	69	80	0	0	84538	P1-59-33	0	-
1512	186.992188	187.229167	Ab3	79	80	0	0	84598	P1-59-55	0	-
1513	187.042969	187.145833	Eb5	76	80	0	0	84628	P1-59-19	0	-
1514	187.104167	187.188802	F4	61	80	0	0	84658	P1-59-56	0	-
1515	187.111979	187.191406	Db5	81	80	0	0	84658	P1-59-35	0	-
1516	187.214844	187.500000	G3	92	80	0	0	84718	P1-59-57	0	-
1517	187.216146	187.438802	C5	78	80	0	0	84718	P1-59-21	0	-
1518	187.321615	187.455729	G4	84	80	0	0	84778	P1-59-58	0	-
1519	187.440104	187.669271	Bb3	81	80	0	0	84838	P1-59-59	0	-
1520	187.458333	187.639323	Bb4	84	80	0	0	84838	P1-59-22	0	-
1521	187.532552	187.658854	G4	73	80	0	0	84898	P1-59-60	0	-
1522	187.701823	189.069010	C4	70	80	0	0	84958	P1-60-25	0	-
1523	187.792969	190.009115	Eb4	91	80	0	0	84958	P1-60-26	0	-
1524	187.833333	188.149740	Ab4	65	80	0	0	84958	P1-60-1	0	-
1525	187.953125	188.074219	Eb5	64	80	0	0	85018	P1-60-2	0	-
1526	188.106771	188.216146	C5	71	80	0	0	85078	P1-60-3	0	-
1527	188.243490	188.429688	Eb5	71	80	0	0	85138	P1-60-4	0	-
1528	188.398438	188.493490	Ab5	78	80	0	0	85198	P1-60-5	0	-
1529	188.522135	188.605469	Eb6	65	80	0	0	85258	P1-60-6	0	-
1530	188.617188	188.755208	C6	70	80	0	0	85318	P1-60-7	0	-
1531	188.761719	188.873698	Eb6	73	80	0	0	85378	P1-60-8	0	-
1532	188.869792	188.971354	Ab6	81	80	0	0	85438	P1-60-9	0	-
1533	188.980469	189.072917	Ab5	71	80	0	0	85498	P1-60-10	0	-
1534	189.091146	189.204427	Ab6	81	80	0	0	85558	P1-60-11	0	-
1535	189.213542	189.294271	Ab5	77	80	0	0	85618	P1-60-12	0	-
1536	189.302083	189.669271	C4	68	80	0	0	85678	P1-60-28	0	-
1537	189.313802	189.669271	Ab3	62	80	0	0	85678	P1-60-27	0	-
1538	189.320312	189.454427	Ab6	82	80	0	0	85678	P1-60-13	0	-
1539	189.459635	189.569010	Ab5	76	80	0	0	85738	P1-60-14	0	-
1540	189.582031	189.678385	Ab6	83	80	0	0	85798	P1-60-15	0	-
1541	189.704427	189.785156	Ab5	78	80	0	0	85858	P1-60-16	0	-
1542	189.774740	190.309896	C4	71	80	0	0	85918	P1-60-30	0	-
1543	189.802083	190.299479	Ab3	67	80	0	0	85918	P1-60-29	0	-
1544	189.804688	189.927083	Ab6	85	80	0	0	85918	P1-60-17	0	-
1545	189.934896	190.031250	Ab5	83	80	0	0	85978	P1-60-18	0	-
1546	190.037760	190.153646	Ab6	87	80	0	0	86038	P1-60-19	0	-
1547	190.158854	190.251302	Ab5	86	80	0	0	86098	P1-60-20	0	-
1548	190.255208	190.368490	Ab6	88	80	0	0	86158	P1-60-21	0	-
1549	190.373698	190.464844	Ab5	89	80	0	0	86218	P1-60-22	0	-
1550	190.464844	190.789062	Ab3	80	80	0	0	86278	P1-60-31	0	-
1551	190.464844	190.750000	C4	81	80	0	0	86278	P1-60-32	0	-
1552	190.477865	190.613281	Ab6	95	80	0	0	86278	P1-60-23	0	-
1553	190.604167	190.750000	Ab5	89	80	0	0	86338	P1-60-24	0	-
1554	190.716146	190.949219	Ab6	92	80	0	0	86398	P1-61-1	0	-
1555	190.726562	191.459635	Db4	81	80	0	0	86398	P1-61-25	0	-
1556	190.731771	191.799479	F4	88	80	0	0	86398	P1-61-26	0	-
1557	190.854167	190.954427	Ab5	86	80	0	0	86458	P1-61-2	0	-
1558	190.964844	191.084635	Ab6	94	80	0	0	86518	P1-61-3	0	-
1559	191.084635	191.182292	Ab5	91	80	0	0	86578	P1-61-4	0	-
1560	191.192708	191.304688	Ab6	97	80	0	0	86638	P1-61-5	0	-
1561	191.305990	191.406250	Ab5	92	80	0	0	86698	P1-61-6	0	-
1562	191.412760	191.523438	Ab6	97	80	0	0	86758	P1-61-7	0	-
1563	191.519531	191.608073	Ab5	93	80	0	0	86818	P1-61-8	0	-
1564	191.625000	191.829427	Ab6	93	80	0	0	86878	P1-61-9	0	-
1565	191.625000	193.539062	Db4	83	80	0	0	86878	P1-61-28	0	-
1566	191.631510	193.559896	Bb3	82	80	0	0	86878	P1-61-27	0	-
1567	191.743490	191.835938	Ab5	86	80	0	0	86938	P1-61-10	0	-
1568	191.843750	191.957031	Ab6	97	80	0	0	86998	P1-61-11	0	-
1569	191.955729	192.046875	Ab5	86	80	0	0	87058	P1-61-12	0	-
1570	192.061198	192.177083	Ab6	98	80	0	0	87118	P1-61-13	0	-
1571	192.184896	192.266927	Ab5	85	80	0	0	87178	P1-61-14	0	-
1572	192.279948	192.398438	Ab6	98	80	0	0	87238	P1-61-15	0	-
1573	192.401042	192.489583	Ab5	86	80	0	0	87298	P1-61-16	0	-
1574	192.502604	192.613281	Ab6	96	80	0	0	87358	P1-61-17	0	-
1575	192.614583	192.713542	Ab5	86	80	0	0	87418	P1-61-18	0	-
1576	192.721354	192.878906	Ab6	98	80	0	0	87478	P1-61-19	0	-
1577	192.847656	192.954427	Ab5	91	80	0	0	87538	P1-61-20	0	-
1578	192.955729	193.149740	Ab6	96	80	0	0	87598	P1-61-21	0	-
1579	193.083333	193.236979	Ab5	93	80	0	0	87658	P1-61-22	0	-
1580	193.216146	193.529948	Ab6	98	80	0	0	87718	P1-61-23	0	-
1581	193.352865	193.878906	Ab5	89	80	0	0	87778	P1-61-24	0	-
1582	193.539062	194.438802	Ab6	89	80	0	0	87838	P1-62-1	0	-
1583	193.550781	194.688802	Gb4	62	80	0	0	87838	P1-62-20	0	-
1584	193.552083	194.429688	Eb4	62	80	0	0	87838	P1-62-19	0	-
1585	194.071615	194.688802	Gb6	90	80	0	0	88078	P1-62-2	0	-
1586	194.365885	195.039062	F6	91	80	0	0	88198	P1-62-3	0	-
1587	194.626302	196.519531	Eb4	57	80	0	0	88318	P1-62-25	0	-
1588	194.631510	196.509115	C4	54	80	0	0	88318	P1-62-24	0	-
1589	194.916667	195.098958	Eb6	75	80	0	0	88438	P1-62-5	0	-
1590	195.054688	195.164062	D6	65	80	0	0	88498	P1-62-6	0	-
1591	195.174479	195.299479	Eb6	74	80	0	0	88558	P1-62-7	0	-
1592	195.315104	195.432292	F6	75	80	0	0	88618	P1-62-8	0	-
1593	195.428385	195.545573	Gb6	74	80	0	0	88678	P1-62-9	0	-
1594	195.552083	195.696615	F6	75	80	0	0	88738	P1-62-10	0	-
1595	195.682292	196.869792	Ab4	54	80	0	0	88798	P1-62-22	0	-
1596	195.684896	195.802083	Eb6	63	80	0	0	88798	P1-62-11	0	-
1597	195.811198	195.930990	F6	69	80	0	0	88858	P1-62-12	0	-
1598	195.938802	196.063802	Eb6	65	80	0	0	88918	P1-62-13	0	-
1599	196.066406	196.175781	Db6	64	80	0	0	88978	P1-62-14	0	-
1600	196.195312	196.489583	C6	64	80	0	0	89038	P1-62-15	0	-
1601	196.338542	196.649740	Bb5	66	80	0	0	89098	P1-62-16	0	-
1602	196.480469	196.889323	Ab5	67	80	0	0	89158	P1-62-17	0	-
1603	196.632812	197.259115	Gb5	74	80	0	0	89218	P1-62-18	0	-
1604	196.834635	197.595052	Db4	38	80	0	0	89278	P1-63-4	0	-
1605	196.944010	199.539062	F5	78	80	0	0	89278	P1-63-1	0	-
1606	197.253906	197.419271	F4	34	80	0	0	89398	P1-63-5	0	-
1607	197.261719	197.332031	Ab4	33	80	0	0	89398	P1-63-6	0	-
1608	197.503906	197.584635	Ab4	34	80	0	0	89518	P1-63-8	0	-
1609	197.523438	197.592448	F4	27	80	0	0	89518	P1-63-7	0	-
1610	197.774740	198.029948	F4	24	80	0	0	89638	P1-63-9	0	-
1611	197.783854	198.000000	Ab4	34	80	0	0	89638	P1-63-10	0	-
1612	198.023438	198.759115	Db4	31	80	0	0	89758	P1-63-11	0	-
1613	198.263021	198.321615	F4	32	80	0	0	89878	P1-63-12	0	-
1614	198.264323	198.359375	Ab4	29	80	0	0	89878	P1-63-13	0	-
1615	198.485677	200.049479	Ab5	70	80	0	0	89998	P1-63-2	0	-
1616	198.501302	198.597656	F4	34	80	0	0	89998	P1-63-14	0	-
1617	198.509115	198.593750	Ab4	34	80	0	0	89998	P1-63-15	0	-
1618	198.783854	199.039062	Ab4	35	80	0	0	90118	P1-63-17	0	-
1619	198.783854	198.979167	F4	35	80	0	0	90118	P1-63-16	0	-
1620	198.979167	199.628906	Db4	38	80	0	0	90238	P1-63-18	0	-
1621	199.238281	199.369792	Ab4	32	80	0	0	90358	P1-63-20	0	-
1622	199.238281	199.589844	F4	26	80	0	0	90358	P1-63-19	0	-
1623	199.481771	199.566406	Ab4	39	80	0	0	90478	P1-63-22	0	-
1624	199.483073	200.009115	Db6	76	80	0	0	90478	P1-63-3	0	-
1625	199.765625	200.119792	Ab4	39	80	0	0	90598	P1-63-24	0	-
1626	199.765625	200.019531	F4	33	80	0	0	90598	P1-63-23	0	-
1627	200.003906	200.638021	Eb4	34	80	0	0	90718	P1-64-3	0	-
1628	200.024740	201.098958	Db6	68	80	0	0	90718	P1-64-1	0	-
1629	200.287760	200.380208	Gb4	35	80	0	0	90838	P1-64-4	0	-
1630	200.311198	200.375000	Ab4	34	80	0	0	90838	P1-64-5	0	-
1631	200.553385	200.625000	Ab4	37	80	0	0	90958	P1-64-7	0	-
1632	200.555990	200.627604	Gb4	28	80	0	0	90958	P1-64-6	0	-
1633	200.813802	201.149740	Gb4	35	80	0	0	91078	P1-64-8	0	-
1634	200.813802	201.109375	Ab4	35	80	0	0	91078	P1-64-9	0	-
1635	201.019531	202.968750	C6	61	80	0	0	91198	P1-64-2	0	-
1636	201.055990	201.829427	Eb4	31	80	0	0	91198	P1-64-10	0	-
1637	201.299479	201.367188	Ab4	35	80	0	0	91318	P1-64-12	0	-
1638	201.304688	201.373698	Gb4	32	80	0	0	91318	P1-64-11	0	-
1639	201.513021	201.598958	Ab4	37	80	0	0	91438	P1-64-14	0	-
1640	201.540365	201.604167	Gb4	35	80	0	0	91438	P1-64-13	0	-
1641	201.766927	202.049479	Gb4	33	80	0	0	91558	P1-64-15	0	-
1642	201.774740	202.049479	Ab4	39	80	0	0	91558	P1-64-16	0	-
1643	202.005208	202.449219	Eb4	41	80	0	0	91678	P1-64-17	0	-
1644	202.242188	202.312500	Ab4	45	80	0	0	91798	P1-64-19	0	-
1645	202.244792	202.313802	Gb4	39	80	0	0	91798	P1-64-18	0	-
1646	202.477865	202.552083	Gb4	44	80	0	0	91918	P1-64-20	0	-
1647	202.481771	202.546875	Ab4	50	80	0	0	91918	P1-64-21	0	-
1648	202.722656	203.069010	Ab4	56	80	0	0	92038	P1-64-23	0	-
1649	202.722656	202.869792	Gb4	52	80	0	0	92038	P1-64-22	0	-
1650	203.005208	203.899740	Gb4	42	80	0	0	92158	P1-65-4	0	-
1651	203.014323	204.949219	Eb6	81	80	0	0	92158	P1-65-1	0	-
1652	203.316406	203.393229	Eb5	52	80	0	0	92278	P1-65-7	0	-
1653	203.319010	203.393229	C5	42	80	0	0	92278	P1-65-6	0	-
1654	203.326823	203.395833	Ab4	37	80	0	0	92278	P1-65-5	0	-
1655	203.561198	203.634115	Eb5	48	80	0	0	92398	P1-65-10	0	-
1656	203.563802	203.632812	C5	45	80	0	0	92398	P1-65-9	0	-
1657	203.565104	203.669271	Ab4	31	80	0	0	92398	P1-65-8	0	-
1658	203.809896	203.929688	Ab4	36	80	0	0	92518	P1-65-11	0	-
1659	203.809896	203.979167	C5	47	80	0	0	92518	P1-65-12	0	-
1660	203.812500	204.049479	Eb5	49	80	0	0	92518	P1-65-13	0	-
1661	204.027344	204.859375	Gb4	43	80	0	0	92638	P1-65-14	0	-
1662	204.277344	204.363281	Eb5	49	80	0	0	92758	P1-65-17	0	-
1663	204.282552	204.359375	C5	45	80	0	0	92758	P1-65-16	0	-
1664	204.283854	204.359375	Ab4	41	80	0	0	92758	P1-65-15	0	-
1665	204.506510	205.569010	C6	74	80	0	0	92878	P1-65-2	0	-
1666	204.529948	204.602865	Eb5	43	80	0	0	92878	P1-65-20	0	-
1667	204.535156	204.602865	C5	42	80	0	0	92878	P1-65-19	0	-
1668	204.542969	204.601562	Ab4	31	80	0	0	92878	P1-65-18	0	-
1669	204.776042	205.039062	Ab4	49	80	0	0	92998	P1-65-21	0	-
1670	204.776042	205.069010	C5	59	80	0	0	92998	P1-65-22	0	-
1671	204.781250	205.039062	Eb5	54	80	0	0	92998	P1-65-23	0	-
1672	204.988281	205.750000	Gb4	60	80	0	0	93118	P1-65-24	0	-
1673	205.242188	205.326823	C5	56	80	0	0	93238	P1-65-26	0	-
1674	205.242188	205.322917	Ab4	50	80	0	0	93238	P1-65-25	0	-
1675	205.243490	205.330729	Eb5	58	80	0	0	93238	P1-65-27	0	-
1676	205.490885	206.039062	Ab5	89	80	0	0	93358	P1-65-3	0	-
1677	205.514323	205.588542	C5	54	80	0	0	93358	P1-65-29	0	-
1678	205.515625	205.595052	Eb5	54	80	0	0	93358	P1-65-30	0	-
1679	205.516927	205.628906	Ab4	47	80	0	0	93358	P1-65-28	0	-
1680	205.752604	205.959635	Eb5	63	80	0	0	93478	P1-65-33	0	-
1681	205.759115	206.089844	Ab4	56	80	0	0	93478	P1-65-31	0	-
1682	205.759115	206.049479	C5	66	80	0	0	93478	P1-65-32	0	-
1683	205.986979	206.899740	F4	53	80	0	0	93598	P1-66-4	0	-
1684	206.046875	207.408854	Ab5	88	80	0	0	93598	P1-66-1	0	-
1685	206.294271	206.372396	Ab4	52	80	0	0	93718	P1-66-5	0	-
1686	206.295573	206.378906	Db5	56	80	0	0	93718	P1-66-6	0	-
1687	206.535156	206.631510	Db5	62	80	0	0	93838	P1-66-8	0	-
1688	206.552083	206.622396	Ab4	54	80	0	0	93838	P1-66-7	0	-
1689	206.795573	207.109375	Db5	62	80	0	0	93958	P1-66-10	0	-
1690	206.812500	207.139323	Ab4	61	80	0	0	93958	P1-66-9	0	-
1691	207.032552	207.869792	F4	51	80	0	0	94078	P1-66-11	0	-
1692	207.053385	208.529948	Db6	85	80	0	0	94078	P1-66-2	0	-
1693	207.295573	207.382812	Db5	60	80	0	0	94198	P1-66-13	0	-
1694	207.296875	207.382812	Ab4	52	80	0	0	94198	P1-66-12	0	-
1695	207.532552	207.613281	Db5	63	80	0	0	94318	P1-66-15	0	-
1696	207.536458	207.604167	Ab4	52	80	0	0	94318	P1-66-14	0	-
1697	207.779948	208.069010	Db5	61	80	0	0	94438	P1-66-17	0	-
1698	207.815104	208.059896	Ab4	58	80	0	0	94438	P1-66-16	0	-
1699	207.998698	209.089844	F4	48	80	0	0	94558	P1-66-18	0	-
1700	208.260417	208.333333	Ab4	49	80	0	0	94678	P1-66-19	0	-
1701	208.265625	208.335938	Db5	57	80	0	0	94678	P1-66-20	0	-
1702	208.542969	209.149740	Db6	81	80	0	0	94798	P1-66-3	0	-
1703	208.567708	208.638021	Db5	49	80	0	0	94798	P1-66-22	0	-
1704	208.574219	208.643229	Ab4	37	80	0	0	94798	P1-66-21	0	-
1705	208.851562	209.119792	Db5	57	80	0	0	94918	P1-66-24	0	-
1706	208.854167	209.299479	Ab4	49	80	0	0	94918	P1-66-23	0	-
1707	209.162760	210.079427	E4	43	80	0	0	95038	P1-67-4	0	-
1708	209.164062	210.229167	Db6	74	80	0	0	95038	P1-67-1	0	-
1709	209.470052	209.545573	Db5	41	80	0	0	95158	P1-67-6	0	-
1710	209.472656	209.544271	Ab4	31	80	0	0	95158	P1-67-5	0	-
1711	209.725260	209.782552	Db5	42	80	0	0	95278	P1-67-8	0	-
1712	209.726562	209.785156	Ab4	30	80	0	0	95278	P1-67-7	0	-
1713	209.997396	210.408854	Ab4	44	80	0	0	95398	P1-67-9	0	-
1714	210.002604	210.309896	Db5	43	80	0	0	95398	P1-67-10	0	-
1715	210.235677	211.095052	E4	39	80	0	0	95518	P1-67-11	0	-
1716	210.235677	211.799479	Db6	70	80	0	0	95518	P1-67-2	0	-
1717	210.545573	210.639323	Ab4	30	80	0	0	95638	P1-67-12	0	-
1718	210.545573	210.598958	Db5	37	80	0	0	95638	P1-67-13	0	-
1719	210.765625	210.839844	Ab4	31	80	0	0	95758	P1-67-14	0	-
1720	210.772135	210.835938	Db5	30	80	0	0	95758	P1-67-15	0	-
1721	211.033854	211.239583	Ab4	33	80	0	0	95878	P1-67-16	0	-
1722	211.035156	211.309896	Db5	36	80	0	0	95878	P1-67-17	0	-
1723	211.276042	212.408854	E4	29	80	0	0	95998	P1-67-18	0	-
1724	211.558594	211.639323	Db5	29	80	0	0	96118	P1-67-20	0	-
1725	211.558594	211.618490	Ab4	32	80	0	0	96118	P1-67-19	0	-
1726	211.808594	212.378906	Db6	53	80	0	0	96238	P1-67-3	0	-
1727	211.808594	211.889323	Ab4	29	80	0	0	96238	P1-67-21	0	-
1728	211.822917	211.884115	Db5	35	80	0	0	96238	P1-67-22	0	-
1729	212.085938	212.809896	Db5	39	80	0	0	96358	P1-67-24	0	-
1730	212.115885	212.438802	Ab4	22	80	0	0	96358	P1-67-23	0	-
1731	212.385417	213.255208	Eb4	28	80	0	0	96478	P1-68-4	0	-
1732	212.386719	213.619792	Db6	51	80	0	0	96478	P1-68-1	0	-
1733	212.662760	212.819010	Cb5	33	80	0	0	96598	P1-68-6	0	-
1734	212.665365	212.848958	Gb4	24	80	0	0	96598	P1-68-5	0	-
1735	212.927083	213.059896	Cb5	31	80	0	0	96718	P1-68-8	0	-
1736	212.928385	213.069010	Gb4	27	80	0	0	96718	P1-68-7	0	-
1737	213.170573	213.378906	Gb4	28	80	0	0	96838	P1-68-9	0	-
1738	213.178385	213.549479	Cb5	34	80	0	0	96838	P1-68-10	0	-
1739	213.427083	214.819010	Cb6	58	80	0	0	96958	P1-68-2	0	-
1740	213.455729	213.774740	Eb4	24	80	0	0	96958	P1-68-11	0	-
1741	213.467448	213.619792	Gb4	19	80	0	0	-1	*	3	-
1742	213.705729	213.776042	Cb5	25	80	0	0	97078	P1-68-13	0	-
1743	213.710938	213.776042	Gb4	15	80	0	0	97078	P1-68-12	0	-
1744	213.967448	214.119792	Cb5	28	80	0	0	97198	P1-68-15	0	-
1745	213.975260	214.036458	Gb4	21	80	0	0	97198	P1-68-14	0	-
1746	214.010417	214.279948	Eb4	11	80	0	0	-1	*	3	-
1747	214.195312	214.514323	Gb4	31	80	0	0	97318	P1-68-16	0	-
1748	214.205729	214.688802	Cb5	30	80	0	0	97318	P1-68-17	0	-
1749	214.225260	214.239583	A3	18	80	0	0	-1	*	3	-
1750	214.453125	215.128906	Eb4	25	80	0	0	97438	P1-68-18	0	-
1751	214.696615	214.756510	Gb4	22	80	0	0	97558	P1-68-19	0	-
1752	214.699219	214.779948	Cb5	22	80	0	0	97558	P1-68-20	0	-
1753	214.950521	215.024740	Gb4	27	80	0	0	97678	P1-68-21	0	-
1754	214.951823	215.419271	Cb6	58	80	0	0	97678	P1-68-3	0	-
1755	214.963542	215.098958	Cb5	33	80	0	0	97678	P1-68-22	0	-
1756	215.187500	215.519531	Cb5	27	80	0	0	97798	P1-68-24	0	-
1757	215.190104	215.408854	Gb4	27	80	0	0	97798	P1-68-23	0	-
1758	215.432292	216.029948	B5	53	80	0	0	97918	P1-69-1	0	-
1759	215.440104	215.779948	D#4	27	80	0	0	97918	P1-69-14	0	-
1760	215.690104	215.743490	B4	26	80	0	0	98038	P1-69-16	0	-
1761	215.690104	215.746094	F#4	24	80	0	0	98038	P1-69-15	0	-
1762	215.924479	216.549479	A5	56	80	0	0	98158	P1-69-2	0	-
1763	215.936198	216.250000	Eb4	26	80	0	0	98158	*	3	-
1764	215.937500	216.002604	F#4	26	80	0	0	98158	P1-69-17	0	-
1765	215.938802	216.049479	B4	35	80	0	0	98158	P1-69-18	0	-
1766	216.175781	216.669271	F#4	24	80	0	0	98278	P1-69-19	0	-
1767	216.183594	216.539062	B4	29	80	0	0	98278	P1-69-20	0	-
1768	216.427083	217.250000	D#4	32	80	0	0	98398	P1-69-21	0	-
1769	216.531250	216.709635	B5	59	80	0	0	98458	P1-69-4	0	-
1770	216.653646	216.716146	A5	49	80	0	0	98518	P1-69-5	0	-
1771	216.743490	216.848958	G#5	60	80	0	0	98578	P1-69-6	0	-
1772	216.864583	217.209635	A5	64	80	0	0	98638	P1-69-7	0	-
1773	216.871094	216.959635	B4	42	80	0	0	98638	P1-69-25	0	-
1774	216.875000	217.049479	F#4	31	80	0	0	98638	P1-69-24	0	-
1775	217.102865	218.569010	F#4	29	80	0	0	98758	P1-69-26	0	-
1776	217.104167	217.389323	B4	43	80	0	0	98758	P1-69-27	0	-
1777	217.151042	217.373698	B5	74	80	0	0	98758	P1-69-8	0	-
1778	217.384115	217.502604	A5	63	80	0	0	98878	P1-69-9	0	-
1779	217.401042	218.459635	D#4	36	80	0	0	98878	P1-69-28	0	-
1780	217.515625	217.692708	B5	71	80	0	0	98938	P1-69-10	0	-
1781	217.669271	217.819010	B4	47	80	0	0	98998	P1-69-30	0	-
1782	217.682292	218.069010	C#6	66	80	0	0	98998	P1-69-11	0	-
1783	217.983073	218.449219	B5	69	80	0	0	99118	P1-69-12	0	-
1784	217.994792	218.269531	B4	40	80	0	0	99118	P1-69-32	0	-
1785	218.334635	218.779948	A5	71	80	0	0	99238	P1-69-13	0	-
1786	218.625000	218.769531	E4	27	80	0	0	-1	*	3	-
1787	218.713542	219.269531	G#4	37	80	0	0	99358	P1-70-20	0	-
1788	218.781250	219.369792	E4	35	80	0	0	99358	P1-70-19	0	-
1789	218.787760	219.139323	B4	44	80	0	0	99358	P1-70-21	0	-
1790	218.789062	218.908854	G#5	71	80	0	0	99358	P1-70-1	0	-
1791	218.940104	219.046875	E6	62	80	0	0	99418	P1-70-2	0	-
1792	219.075521	219.154948	B5	61	80	0	0	99478	P1-70-3	0	-
1793	219.194010	219.285156	E6	60	80	0	0	99538	P1-70-4	0	-
1794	219.298177	219.399740	G#6	74	80	0	0	99598	P1-70-5	0	-
1795	219.447917	219.509115	E6	58	80	0	0	99658	P1-70-6	0	-
1796	219.546875	219.623698	B5	63	80	0	0	99718	P1-70-7	0	-
1797	219.671875	219.744792	E6	58	80	0	0	99778	P1-70-8	0	-
1798	219.774740	219.842448	G#5	64	80	0	0	99838	P1-70-22	0	-
1799	219.897135	219.953125	E5	56	80	0	0	99898	P1-70-23	0	-
1800	220.001302	220.065104	B4	57	80	0	0	99958	P1-70-24	0	-
1801	220.119792	220.183594	E5	57	80	0	0	100018	P1-70-25	0	-
1802	220.234375	220.378906	G#4	61	80	0	0	100078	P1-70-10	0	-
1803	220.356771	220.423177	E4	52	80	0	0	100138	P1-70-11	0	-
1804	220.475260	220.541667	B3	49	80	0	0	100198	P1-70-12	0	-
1805	220.593750	220.647135	E4	50	80	0	0	100258	P1-70-13	0	-
1806	220.675781	220.746094	G#3	49	80	0	0	100318	P1-70-27	0	-
1807	220.764323	220.822917	E3	57	80	0	0	100378	P1-70-28	0	-
1808	220.908854	221.069010	B2	39	80	0	0	100438	P1-70-29	0	-
1809	220.957031	221.089844	E3	64	80	0	0	100498	P1-70-30	0	-
1810	221.140625	221.459635	E2	64	80	0	0	100558	P1-70-31	0	-
1811	221.147135	221.348958	G#2	65	80	0	0	100558	P1-70-15	0	-
1812	221.265625	221.459635	E3	70	80	0	0	100618	P1-70-16	0	-
1813	221.384115	221.468750	B2	56	80	0	0	100678	P1-70-17	0	-
1814	221.524740	221.649740	E3	43	80	0	0	100738	P1-70-18	0	-
1815	221.644531	221.769531	Eb1	63	80	0	0	-1	*	3	-
1816	221.644531	222.000000	D#2	58	80	0	0	100798	P1-71-1	0	-
1817	221.651042	221.658854	F#1	54	80	0	0	100798	P1-71-25	0	-
1818	221.772135	221.891927	B2	54	80	0	0	100858	P1-71-2	0	-
1819	221.886719	222.149740	A2	56	80	0	0	100918	P1-71-3	0	-
1820	222.020833	222.169271	B2	56	80	0	0	100978	P1-71-4	0	-
1821	222.136719	222.251302	D#3	63	80	0	0	101038	P1-71-5	0	-
1822	222.261719	222.365885	B2	51	80	0	0	101098	P1-71-6	0	-
1823	222.367188	222.481771	A2	57	80	0	0	101158	P1-71-7	0	-
1824	222.486979	222.609375	B2	59	80	0	0	101218	P1-71-8	0	-
1825	222.623698	223.149740	F#1	53	80	0	0	101278	P1-71-28	0	-
1826	222.623698	222.878906	D#3	64	80	0	0	101278	P1-71-9	0	-
1827	222.623698	223.158854	F#2	53	80	0	0	101278	P1-71-30	0	-
1828	222.743490	222.750000	B2	42	80	0	0	101338	P1-71-10	1	-
1829	222.863281	222.946615	A3	44	80	0	0	101398	P1-71-11	0	-
1830	222.975260	223.069010	B3	63	80	0	0	101458	P1-71-12	0	-
1831	223.108073	223.209635	D#4	62	80	0	0	101518	P1-71-13	0	-
1832	223.222656	223.325521	B3	56	80	0	0	101578	P1-71-14	0	-
1833	223.346354	223.412760	A3	52	80	0	0	101638	P1-71-15	0	-
1834	223.454427	223.505208	B3	60	80	0	0	101698	P1-71-16	0	-
1835	223.587240	223.848958	D#4	59	80	0	0	101758	P1-71-17	0	-
1836	223.608073	224.519531	F#2	35	80	0	0	101758	P1-71-33	0	-
1837	223.610677	224.519531	F#1	37	80	0	0	101758	P1-71-31	0	-
1838	223.621094	224.789062	B1	33	80	0	0	101758	P1-71-32	0	-
1839	223.701823	223.787760	B4	48	80	0	0	101818	P1-71-18	0	-
1840	223.833333	223.915365	A4	54	80	0	0	101878	P1-71-19	0	-
1841	223.957031	224.032552	B4	51	80	0	0	101938	P1-71-20	0	-
1842	224.054688	224.145833	D#5	63	80	0	0	101998	P1-71-21	0	-
1843	224.188802	224.260417	B4	54	80	0	0	102058	P1-71-22	0	-
1844	224.304688	224.375000	A4	50	80	0	0	102118	P1-71-23	0	-
1845	224.417969	224.539062	B4	50	80	0	0	102178	P1-71-24	0	-
1846	224.536458	225.848958	G#2	43	80	0	0	102238	P1-72-27	0	-
1847	224.537760	226.369792	G#1	45	80	0	0	102238	P1-72-25	0	-
1848	224.537760	224.643229	E5	73	80	0	0	102238	P1-72-1	0	-
1849	224.658854	224.763021	B5	66	80	0	0	102298	P1-72-2	0	-
1850	224.786458	224.864583	G#5	60	80	0	0	102358	P1-72-3	0	-
1851	224.882812	224.967448	B5	70	80	0	0	102418	P1-72-4	0	-
1852	225.002604	225.074219	E6	65	80	0	0	102478	P1-72-5	0	-
1853	225.035156	225.188802	D6	49	80	0	0	-1	*	3	-
1854	225.113281	225.184896	B5	68	80	0	0	102538	P1-72-6	0	-
1855	225.225260	225.298177	G#5	60	80	0	0	102598	P1-72-7	0	-
1856	225.324219	225.406250	B5	70	80	0	0	102658	P1-72-8	0	-
1857	225.444010	225.516927	E5	69	80	0	0	102718	P1-72-9	0	-
1858	225.575521	225.643229	B4	64	80	0	0	102778	P1-72-10	0	-
1859	225.708333	225.756510	G#4	54	80	0	0	102838	P1-72-11	0	-
1860	225.816406	225.873698	B4	62	80	0	0	102898	P1-72-12	0	-
1861	225.904948	225.989583	E4	58	80	0	0	102958	P1-72-13	0	-
1862	226.061198	226.123698	B3	51	80	0	0	103018	P1-72-14	0	-
1863	226.204427	226.272135	G#3	50	80	0	0	103078	P1-72-15	0	-
1864	226.300781	226.373698	B3	61	80	0	0	103138	P1-72-16	0	-
1865	226.403646	226.481771	E3	61	80	0	0	103198	P1-72-17	0	-
1866	226.526042	226.614583	B3	45	80	0	0	103258	P1-72-18	0	-
1867	226.623698	226.701823	G#3	54	80	0	0	103318	P1-72-19	0	-
1868	226.747396	226.811198	B3	44	80	0	0	103378	P1-72-20	0	-
1869	226.835938	226.925781	E4	59	80	0	0	103438	P1-72-21	0	-
1870	226.973958	227.052083	B3	46	80	0	0	103498	P1-72-22	0	-
1871	227.066406	227.123698	G#3	56	80	0	0	103558	P1-72-23	0	-
1872	227.187500	227.272135	B3	51	80	0	0	103618	P1-72-24	0	-
1873	227.294271	227.373698	F#3	52	80	0	0	103678	P1-73-1	0	-
1874	227.307292	227.769531	B2	43	80	0	0	103678	P1-73-26	0	-
1875	227.313802	227.679688	D#2	41	80	0	0	103678	P1-73-25	0	-
1876	227.406250	227.484375	B3	50	80	0	0	103738	P1-73-2	0	-
1877	227.523438	227.595052	A3	53	80	0	0	103798	P1-73-3	0	-
1878	227.644531	227.704427	B3	55	80	0	0	103858	P1-73-4	0	-
1879	227.731771	227.833333	F#4	60	80	0	0	103918	P1-73-5	0	-
1880	227.854167	227.954427	B3	48	80	0	0	103978	P1-73-6	0	-
1881	227.973958	228.032552	A3	57	80	0	0	104038	P1-73-7	0	-
1882	228.074219	228.188802	B3	62	80	0	0	104098	P1-73-8	0	-
1883	228.230469	228.325521	F#4	60	80	0	0	104158	P1-73-9	0	-
1884	228.235677	228.399740	D#3	51	80	0	0	104158	P1-73-30	0	-
1885	228.242188	228.509115	D#2	46	80	0	0	104158	P1-73-28	0	-
1886	228.253906	228.429688	B2	39	80	0	0	104158	P1-73-29	0	-
1887	228.345052	228.417969	B4	57	80	0	0	104218	P1-73-10	0	-
1888	228.462240	228.535156	A4	56	80	0	0	104278	P1-73-11	0	-
1889	228.592448	228.664062	B4	55	80	0	0	104338	P1-73-12	0	-
1890	228.686198	228.798177	F#5	62	80	0	0	104398	P1-73-13	0	-
1891	228.813802	228.904948	B4	60	80	0	0	104458	P1-73-14	0	-
1892	228.924479	229.003906	A4	58	80	0	0	104518	P1-73-15	0	-
1893	229.024740	229.115885	B4	59	80	0	0	104578	P1-73-16	0	-
1894	229.167969	229.489583	D#2	42	80	0	0	104638	P1-73-31	0	-
1895	229.170573	229.359375	D#3	43	80	0	0	104638	P1-73-33	0	-
1896	229.173177	229.247396	F#5	50	80	0	0	104638	P1-73-17	0	-
1897	229.174479	229.459635	B2	40	80	0	0	104638	P1-73-32	0	-
1898	229.265625	229.345052	B5	60	80	0	0	104698	P1-73-18	0	-
1899	229.412760	229.485677	A5	56	80	0	0	104758	P1-73-19	0	-
1900	229.523438	229.615885	B5	64	80	0	0	104818	P1-73-20	0	-
1901	229.652344	229.733073	F#6	63	80	0	0	104878	P1-73-21	0	-
1902	229.764323	229.838542	B5	62	80	0	0	104938	P1-73-22	0	-
1903	229.878906	229.953125	A5	62	80	0	0	104998	P1-73-23	0	-
1904	229.968750	230.041667	B5	59	80	0	0	105058	P1-73-24	0	-
1905	230.009115	230.309896	E2	29	80	0	0	105118	P1-74-25	0	-
1906	230.083333	230.182292	G#5	58	80	0	0	105118	P1-74-1	0	-
1907	230.114583	230.449219	B2	41	80	0	0	105118	P1-74-26	0	-
1908	230.125000	230.299479	E3	39	80	0	0	105118	P1-74-27	0	-
1909	230.216146	230.296875	G#6	58	80	0	0	105178	P1-74-2	0	-
1910	230.337240	230.519531	B5	55	80	0	0	105238	P1-74-3	0	-
1911	230.473958	230.658854	G#6	56	80	0	0	105298	P1-74-4	0	-
1912	230.614583	230.839844	E4	46	80	0	0	105358	P1-74-29	0	-
1913	230.614583	230.699219	E6	46	80	0	0	105358	*	3	-
1914	230.615885	230.756510	E3	44	80	0	0	105358	P1-74-28	0	-
1915	230.617188	230.878906	B3	37	80	0	0	105358	*	3	-
1916	230.619792	230.809896	G#5	49	80	0	0	105358	P1-74-5	0	-
1917	230.759115	230.834635	G#6	63	80	0	0	105418	P1-74-6	0	-
1918	230.864583	231.000000	B5	53	80	0	0	105478	P1-74-7	0	-
1919	230.993490	231.071615	G#6	68	80	0	0	105538	P1-74-8	0	-
1920	231.082031	231.250000	G#5	71	80	0	0	105598	P1-74-9	0	-
1921	231.088542	231.359375	E3	47	80	0	0	105598	P1-74-30	0	-
1922	231.091146	231.279948	B3	41	80	0	0	105598	*	3	-
1923	231.092448	231.174479	E4	48	80	0	0	105598	P1-74-31	0	-
1924	231.213542	231.299479	G#6	72	80	0	0	105658	P1-74-10	0	-
1925	231.332031	231.500000	B5	69	80	0	0	105718	P1-74-11	0	-
1926	231.446615	231.540365	G#6	73	80	0	0	105778	P1-74-12	0	-
1927	231.557292	231.680990	A5	68	80	0	0	105838	P1-74-13	0	-
1928	231.558594	231.839844	C#4	46	80	0	0	105838	P1-74-34	0	-
1929	231.563802	231.785156	C#3	43	80	0	0	105838	P1-74-32	0	-
1930	231.565104	231.785156	E3	43	80	0	0	105838	P1-74-33	0	-
1931	231.677083	231.783854	A6	78	80	0	0	105898	P1-74-14	0	-
1932	231.781250	231.938802	E6	70	80	0	0	105958	P1-74-15	0	-
1933	231.927083	232.014323	A6	80	80	0	0	106018	P1-74-16	0	-
1934	232.024740	232.259115	C#4	50	80	0	0	106078	P1-74-37	0	-
1935	232.026042	232.209635	A5	76	80	0	0	106078	P1-74-17	0	-
1936	232.049479	232.369792	C#3	46	80	0	0	106078	P1-74-35	0	-
1937	232.075521	232.359375	E3	48	80	0	0	106078	P1-74-36	0	-
1938	232.156250	232.256510	A6	81	80	0	0	106138	P1-74-18	0	-
1939	232.264323	232.408854	E6	76	80	0	0	106198	P1-74-19	0	-
1940	232.393229	232.494792	A6	81	80	0	0	106258	P1-74-20	0	-
1941	232.503906	232.625000	A#5	74	80	0	0	106318	P1-74-21	0	-
1942	232.513021	232.519531	B#3	52	80	0	0	106318	P1-74-40	0	-
1943	232.515625	232.759115	B#2	50	80	0	0	106318	P1-74-38	0	-
1944	232.515625	232.899740	E3	42	80	0	0	106318	P1-74-39	0	-
1945	232.628906	232.744792	A#6	87	80	0	0	106378	P1-74-22	0	-
1946	232.743490	232.875000	E6	77	80	0	0	106438	P1-74-23	0	-
1947	232.858073	232.963542	A#6	88	80	0	0	106498	P1-74-24	0	-
1948	232.967448	233.085938	A#5	78	80	0	0	106558	P1-75-1	0	-
1949	232.980469	233.239583	B#3	51	80	0	0	106558	P1-75-27	0	-
1950	233.002604	233.299479	E3	54	80	0	0	106558	P1-75-26	0	-
1951	233.003906	233.279948	B#2	53	80	0	0	106558	P1-75-25	0	-
1952	233.102865	233.207031	A#6	89	80	0	0	106618	P1-75-2	0	-
1953	233.213542	233.338542	E6	67	80	0	0	106678	P1-75-3	0	-
1954	233.337240	233.449219	A#6	87	80	0	0	106738	P1-75-4	0	-
1955	233.444010	233.665365	B2	54	80	0	0	106798	P1-75-28	0	-
1956	233.445312	233.769531	B3	51	80	0	0	106798	P1-75-30	0	-
1957	233.453125	233.839844	E3	47	80	0	0	106798	P1-75-29	0	-
1958	233.457031	233.679688	B5	72	80	0	0	106798	P1-75-5	0	-
1959	233.575521	233.705729	B6	84	80	0	0	106858	P1-75-6	0	-
1960	233.703125	233.843750	E6	74	80	0	0	106918	P1-75-7	0	-
1961	233.828125	233.938802	B6	92	80	0	0	106978	P1-75-8	0	-
1962	233.940104	234.098958	B5	77	80	0	0	107038	P1-75-9	0	-
1963	233.945312	234.250000	A3	49	80	0	0	107038	P1-75-33	0	-
1964	233.945312	234.279948	A2	49	80	0	0	107038	P1-75-31	0	-
1965	233.946615	234.369792	E3	48	80	0	0	107038	P1-75-32	0	-
1966	234.065104	234.192708	B6	93	80	0	0	107098	P1-75-10	0	-
1967	234.183594	234.304688	E6	88	80	0	0	107158	P1-75-11	0	-
1968	234.298177	234.414062	B6	89	80	0	0	107218	P1-75-12	0	-
1969	234.425781	234.544271	B#5	82	80	0	0	107278	P1-75-13	0	-
1970	234.432292	234.709635	G#2	54	80	0	0	107278	P1-75-34	0	-
1971	234.436198	234.739583	E3	49	80	0	0	107278	P1-75-35	0	-
1972	234.562500	234.674479	B#6	92	80	0	0	107338	P1-75-14	0	-
1973	234.665365	234.792969	E6	91	80	0	0	107398	P1-75-15	0	-
1974	234.773438	234.878906	B#6	95	80	0	0	107458	P1-75-16	0	-
1975	234.937500	235.489583	G#3	65	80	0	0	107518	P1-75-37	0	-
1976	235.027344	235.259115	E3	61	80	0	0	107518	P1-75-38	1	-
1977	235.027344	235.339844	B#4	80	80	0	0	107518	P1-75-17	0	-
1978	235.167969	235.291667	B#5	81	80	0	0	107578	P1-75-18	0	-
1979	235.300781	235.453125	E5	74	80	0	0	107638	P1-75-19	0	-
1980	235.454427	235.625000	B#5	80	80	0	0	107698	P1-75-20	0	-
1981	235.610677	235.979167	C#5	75	80	0	0	107758	P1-75-21	0	-
1982	235.631510	236.848958	A3	47	80	0	0	107758	P1-75-40	0	-
1983	235.632812	236.438802	E4	44	80	0	0	107758	P1-75-41	0	-
1984	235.764323	235.924479	C#6	78	80	0	0	107818	P1-75-22	0	-
1985	235.908854	236.519531	E5	67	80	0	0	107878	P1-75-23	0	-
1986	236.080729	236.438802	C#6	75	80	0	0	107938	P1-75-24	0	-
1987	236.453125	237.449219	C#6	82	80	0	0	107998	P1-76-1	0	-
1988	236.733073	237.500000	A4	37	80	0	0	108118	P1-76-8	0	-
1989	237.023438	238.075521	A3	43	80	0	0	108238	P1-76-9	0	-
1990	237.279948	237.609375	C#5	50	80	0	0	108358	P1-76-2	0	-
1991	237.524740	238.669271	B5	70	80	0	0	108478	P1-76-3	0	-
1992	237.791667	238.339844	G#4	42	80	0	0	108598	P1-76-11	0	-
1993	238.037760	239.128906	G#3	31	80	0	0	108718	P1-76-12	0	-
1994	238.287760	238.679688	B4	50	80	0	0	108838	P1-76-4	0	-
1995	238.554688	239.438802	A5	69	80	0	0	108958	P1-76-5	0	-
1996	238.821615	239.319010	F#4	41	80	0	0	109078	P1-76-14	0	-
1997	239.093750	240.239583	F#3	44	80	0	0	109198	P1-76-15	0	-
1998	239.341146	239.769531	A#5	74	80	0	0	109318	P1-76-6	0	-
1999	239.674479	240.908854	B5	69	80	0	0	109438	P1-77-1	0	-
2000	239.944010	240.789062	G#4	46	80	0	0	109558	P1-77-10	0	-
2001	240.227865	241.449219	G#3	34	80	0	0	109678	P1-77-11	0	-
2002	240.479167	241.239583	B4	45	80	0	0	109798	P1-77-2	0	-
2003	240.764323	242.029948	A5	60	80	0	0	109918	P1-77-3	0	-
2004	241.031250	241.529948	F#4	32	80	0	0	110038	P1-77-13	0	-
2005	241.304688	241.949219	F#3	38	80	0	0	110158	P1-77-14	0	-
2006	241.554688	241.968750	A4	43	80	0	0	110278	P1-77-4	0	-
2007	241.925781	242.649740	G#5	55	80	0	0	110398	P1-77-6	0	-
2008	241.933594	242.639323	E#3	33	80	0	0	110398	P1-77-15	0	-
2009	241.941406	242.389323	G#4	40	80	0	0	110398	P1-77-5	0	-
2010	242.611979	243.009115	G5	53	80	0	0	110638	P1-77-8	0	-
2011	242.634115	243.059896	E3	30	80	0	0	110638	P1-77-17	0	-
2012	242.636719	243.029948	G4	33	80	0	0	110638	P1-77-7	0	-
2013	242.653646	242.658854	A3	24	80	0	0	110638	P1-77-18	1	-
2014	243.535156	245.119792	G5	49	80	0	0	110878	P1-78-2	0	-
2015	243.562500	244.839844	Eb4	27	80	0	0	110878	P1-78-14	0	-
2016	243.563802	244.688802	Eb3	28	80	0	0	110878	P1-78-13	0	-
2017	243.567708	244.658854	G4	31	80	0	0	110878	P1-78-1	0	-
2018	245.067708	245.699219	Ab5	73	80	0	0	111598	P1-78-4	0	-
2019	245.070312	245.509115	F4	34	80	0	0	111598	P1-78-16	0	-
2020	245.087240	245.369792	F3	34	80	0	0	111598	P1-78-15	0	-
2021	245.097656	245.449219	Ab4	44	80	0	0	111598	P1-78-3	0	-
2022	245.602865	246.039062	Bb5	74	80	0	0	111838	P1-78-6	0	-
2023	245.610677	245.839844	Bb4	60	80	0	0	111838	P1-78-5	0	-
2024	245.614583	245.996094	G3	41	80	0	0	111838	P1-78-17	0	-
2025	245.970052	246.329427	C6	82	80	0	0	111958	P1-78-8	0	-
2026	245.975260	246.149740	C5	72	80	0	0	111958	P1-78-7	0	-
2027	245.984375	246.299479	Ab3	50	80	0	0	111958	P1-78-19	0	-
2028	246.307292	246.718750	Db6	88	80	0	0	112078	P1-78-10	0	-
2029	246.315104	246.734375	Bb3	53	80	0	0	112078	P1-78-21	0	-
2030	246.315104	246.579427	Db5	73	80	0	0	112078	P1-78-9	0	-
2031	246.678385	247.279948	Eb6	88	80	0	0	112198	P1-78-12	0	-
2032	246.700521	247.169271	Eb5	65	80	0	0	112198	P1-78-11	0	-
2033	246.704427	247.194010	C4	49	80	0	0	112198	P1-78-23	0	-
2034	247.200521	248.658854	F6	88	80	0	0	112318	P1-79-1	0	-
2035	247.533854	248.399740	Db5	53	80	0	0	112438	P1-79-8	0	-
2036	247.812500	248.718750	Db4	46	80	0	0	112558	P1-79-9	0	-
2037	248.097656	248.479167	F5	54	80	0	0	112678	P1-79-2	0	-
2038	248.382812	249.679688	Eb6	75	80	0	0	112798	P1-79-3	0	-
2039	248.605469	249.259115	C5	62	80	0	0	112918	P1-79-11	0	-
2040	248.871094	249.669271	C4	59	80	0	0	113038	P1-79-12	0	-
2041	249.105469	249.489583	Eb5	70	80	0	0	113158	P1-79-4	0	-
2042	249.364583	250.229167	Db6	83	80	0	0	113278	P1-79-5	0	-
2043	249.602865	250.109375	Bb4	70	80	0	0	113398	P1-79-14	0	-
2044	249.863281	250.639323	Bb3	55	80	0	0	113518	P1-79-15	0	-
2045	250.100260	250.453125	D6	77	80	0	0	113638	P1-79-6	0	-
2046	250.404948	251.579427	Eb6	76	80	0	0	113758	P1-80-1	0	-
2047	250.647135	251.429688	C5	59	80	0	0	113878	P1-80-10	0	-
2048	250.902344	251.970052	C4	51	80	0	0	113998	P1-80-11	0	-
2049	251.166667	251.669271	Eb5	61	80	0	0	114118	P1-80-2	0	-
2050	251.425781	252.549479	Db6	70	80	0	0	114238	P1-80-3	0	-
2051	251.665365	252.093750	Bb4	48	80	0	0	114358	P1-80-13	0	-
2052	251.929688	252.554688	Bb3	42	80	0	0	114478	P1-80-14	0	-
2053	252.161458	252.489583	Db5	50	80	0	0	114598	P1-80-4	0	-
2054	252.421875	252.869792	Ab4	39	80	0	0	114718	P1-80-15	0	-
2055	252.449219	252.908854	C6	51	80	0	0	114718	P1-80-5	0	-
2056	252.742188	253.128906	C5	66	80	0	0	114838	P1-80-6	0	-
2057	252.782552	253.102865	Ab3	36	80	0	0	114838	P1-80-16	0	-
2058	253.041667	253.416667	Db5	76	80	0	0	114958	P1-80-7	0	-
2059	253.104167	253.403646	Bb3	42	80	0	0	114958	P1-80-17	0	-
2060	253.361979	253.730469	Eb5	76	80	0	0	115078	P1-80-8	0	-
2061	253.376302	253.708333	C4	48	80	0	0	115078	P1-80-18	0	-
2062	253.712240	254.063802	G5	67	80	0	0	115198	P1-81-1	0	-
2063	253.714844	254.052083	Eb4	42	80	0	0	115198	P1-81-13	0	-
2064	254.044271	254.316406	E5	57	80	0	0	115318	P1-81-2	0	-
2065	254.050781	254.305990	C4	39	80	0	0	115318	P1-81-14	0	-
2066	254.325521	254.640625	F5	57	80	0	0	115438	P1-81-3	0	-
2067	254.343750	254.709635	Db4	39	80	0	0	115438	P1-81-15	0	-
2068	254.583333	254.869792	F4	55	80	0	0	115558	P1-81-4	0	-
2069	254.605469	254.851562	Db3	41	80	0	0	115558	P1-81-16	0	-
2070	254.846354	255.141927	F5	66	80	0	0	115678	P1-81-5	0	-
2071	254.884115	255.169271	Db4	38	80	0	0	115678	P1-81-17	0	-
2072	255.128906	255.373698	D5	58	80	0	0	115798	P1-81-6	0	-
2073	255.132812	255.382812	Cb4	43	80	0	0	115798	P1-81-18	0	-
2074	255.384115	255.699219	Eb5	56	80	0	0	115918	P1-81-7	0	-
2075	255.419271	255.638021	C4	39	80	0	0	115918	P1-81-19	0	-
2076	255.644531	256.033854	Eb4	58	80	0	0	116038	P1-81-8	0	-
2077	255.653646	255.934896	C3	47	80	0	0	116038	P1-81-20	0	-
2078	255.904948	256.162760	Eb5	57	80	0	0	116158	P1-81-9	0	-
2079	255.925781	256.184896	C4	37	80	0	0	116158	P1-81-21	0	-
2080	256.160156	256.404948	C5	55	80	0	0	116278	P1-81-10	0	-
2081	256.197917	256.416667	A3	24	80	0	0	116278	P1-81-22	0	-
2082	256.424479	256.968750	Db5	53	80	0	0	116398	P1-81-11	0	-
2083	256.424479	256.675781	Bb3	39	80	0	0	116398	P1-81-23	0	-
2084	256.684896	256.895833	Bb2	37	80	0	0	116518	P1-81-24	0	-
2085	256.684896	256.809896	Db4	39	80	0	0	116518	P1-81-12	0	-
2086	256.944010	257.233073	F5	60	80	0	0	116638	P1-82-5	0	-
2087	256.954427	257.013021	Db4	37	80	0	0	116638	P1-82-19	0	-
2088	257.234375	257.451823	Cb4	43	80	0	0	116758	P1-82-20	0	-
2089	257.234375	257.460938	D5	51	80	0	0	116758	P1-82-6	0	-
2090	257.488281	257.714844	C4	40	80	0	0	116878	P1-82-21	0	-
2091	257.489583	257.716146	Eb5	49	80	0	0	116878	P1-82-7	0	-
2092	257.734375	257.928385	Eb4	50	80	0	0	116998	P1-82-8	0	-
2093	257.739583	257.993490	C3	40	80	0	0	116998	P1-82-22	0	-
2094	257.990885	258.252604	Eb5	60	80	0	0	117118	P1-82-9	0	-
2095	258.016927	258.247396	C4	37	80	0	0	117118	P1-82-23	0	-
2096	258.252604	258.505208	C5	59	80	0	0	117238	P1-82-10	0	-
2097	258.257812	258.488281	A3	35	80	0	0	117238	P1-82-24	0	-
2098	258.486979	259.000000	Db5	69	80	0	0	117358	P1-82-11	0	-
2099	258.492188	258.869792	Bb3	48	80	0	0	117358	P1-82-25	0	-
2100	258.726562	258.989583	Bb2	42	80	0	0	117478	P1-82-26	0	-
2101	258.733073	258.929688	Db4	52	80	0	0	117478	P1-82-12	0	-
2102	258.983073	259.326823	C5	73	80	0	0	117598	P1-82-3	0	-
2103	259.000000	259.369792	Ab3	44	80	0	0	117598	P1-82-28	0	-
2104	259.003906	259.352865	C3	41	80	0	0	117598	P1-82-27	0	-
2105	259.005208	259.334635	Eb4	47	80	0	0	117598	P1-82-13	0	-
2106	259.283854	259.393229	G3	49	80	0	0	117718	P1-82-30	0	-
2107	259.283854	259.459635	Bb4	78	80	0	0	117718	P1-82-15	0	-
2108	259.286458	259.539062	Db3	50	80	0	0	117718	P1-82-29	0	-
2109	259.518229	259.839844	C5	84	80	0	0	117838	P1-82-4	0	-
2110	259.535156	259.859375	Ab3	52	80	0	0	117838	P1-82-32	0	-
2111	259.536458	259.851562	C3	50	80	0	0	117838	P1-82-31	0	-
2112	259.544271	259.851562	Eb4	58	80	0	0	117838	P1-82-16	0	-
2113	259.794271	260.132812	Bb4	84	80	0	0	117958	P1-82-18	0	-
2114	259.795573	260.158854	G3	59	80	0	0	117958	P1-82-34	0	-
2115	259.804688	260.179688	Db3	58	80	0	0	117958	P1-82-33	0	-
2116	260.115885	261.369792	C5	86	80	0	0	118078	P1-83-2	0	-
2117	260.144531	261.399740	Ab3	51	80	0	0	118078	P1-83-14	0	-
2118	260.144531	261.239583	Eb4	56	80	0	0	118078	P1-83-1	0	-
2119	261.222656	262.269531	Bb4	64	80	0	0	118558	P1-83-4	0	-
2120	261.235677	262.218750	G3	38	80	0	0	118558	P1-83-16	0	-
2121	261.239583	262.199219	Db3	39	80	0	0	118558	P1-83-15	0	-
2122	261.247396	261.949219	Eb4	39	80	0	0	118558	P1-83-3	0	-
2123	262.165365	262.679688	Ab3	55	80	0	0	119038	P1-83-18	0	-
2124	262.174479	262.658854	Eb5	80	80	0	0	119038	P1-83-6	0	-
2125	262.180990	262.598958	C3	54	80	0	0	119038	P1-83-17	0	-
2126	262.225260	262.489583	Eb4	47	80	0	0	119038	P1-83-5	0	-
2127	262.531250	262.848958	D5	84	80	0	0	119158	P1-83-8	0	-
2128	262.533854	262.799479	F3	58	80	0	0	119158	P1-83-20	0	-
2129	262.562500	262.829427	Bb2	64	80	0	0	119158	P1-83-19	0	-
2130	262.565104	262.789062	Ab4	62	80	0	0	119158	P1-83-7	0	-
2131	262.830729	263.139323	Ab3	63	80	0	0	119278	P1-83-22	0	-
2132	262.834635	263.169271	Eb5	89	80	0	0	119278	P1-83-10	0	-
2133	262.835938	263.122396	C3	61	80	0	0	119278	P1-83-21	0	-
2134	262.854167	263.259115	Eb4	66	80	0	0	119278	P1-83-9	0	-
2135	263.101562	263.319010	F3	61	80	0	0	119398	P1-83-24	0	-
2136	263.106771	263.359375	D5	90	80	0	0	119398	P1-83-12	0	-
2137	263.111979	263.309896	Bb2	66	80	0	0	119398	P1-83-23	0	-
2138	263.135417	263.319010	Ab4	70	80	0	0	119398	P1-83-11	0	-
2139	263.273438	264.269531	C3	64	80	0	0	119518	P1-84-16	0	-
2140	263.394531	263.519531	Eb3	48	80	0	0	119518	P1-84-17	0	-
2141	263.490885	264.579427	Eb5	90	80	0	0	119518	P1-84-8	0	-
2142	263.523438	264.109375	Ab3	57	80	0	0	119518	P1-84-18	0	-
2143	263.524740	264.309896	Eb3	52	80	0	0	119518	*	3	-
2144	263.527344	264.408854	Eb4	57	80	0	0	119518	P1-84-6	0	-
2145	264.341146	264.411458	Bb2	48	80	0	0	119998	P1-84-42	0	-
2146	264.421875	264.609375	C3	49	80	0	0	120028	P1-84-20	0	-
2147	264.542969	264.899740	Bb2	46	80	0	0	120058	P1-84-43	0	-
2148	264.569010	265.908854	D4	50	80	0	0	119998	P1-84-9	0	-
2149	264.614583	264.819010	C3	39	80	0	0	120088	P1-84-21	0	-
2150	264.710938	266.679688	Ab4	64	80	0	0	120058	P1-84-10	0	-
2151	264.826823	266.119792	F5	83	80	0	0	120118	P1-84-3	0	-
2152	264.832031	264.949219	C3	46	80	0	0	120148	P1-84-23	0	-
2153	264.907552	265.009115	Bb2	43	80	0	0	120178	P1-84-45	0	-
2154	265.011719	265.066406	C3	43	80	0	0	120208	P1-84-24	0	-
2155	265.098958	265.151042	Bb2	47	80	0	0	120238	P1-84-46	0	-
2156	265.186198	265.250000	C3	50	80	0	0	120268	P1-84-26	0	-
2157	265.279948	265.339844	Bb2	55	80	0	0	120298	P1-84-59	0	-
2158	265.365885	265.432292	C3	61	80	0	0	120318	P1-84-28	0	-
2159	265.455729	265.526042	Bb2	64	80	0	0	120358	P1-84-47	1	-
2160	265.559896	265.635417	C3	69	80	0	0	120418	P1-84-48	1	-
2161	265.664062	265.743490	Bb2	59	80	0	0	120508	P1-84-31	0	-
2162	265.746094	265.841146	Ab2	68	80	0	0	120538	P1-84-50	0	-
2163	265.861979	265.979167	Bb2	62	80	0	0	120568	P1-84-32	0	-
2164	265.945312	266.003906	Ab2	54	80	0	0	120598	P1-84-51	0	-
2165	266.022135	266.209635	Bb2	63	80	0	0	120628	P1-84-34	0	-
2166	266.040365	266.359375	D4	48	80	0	0	120718	P1-84-13	0	-
2167	266.115885	266.299479	Ab2	55	80	0	0	120658	P1-84-52	0	-
2168	266.119792	267.059896	Bb4	76	80	0	0	120778	P1-84-14	0	-
2169	266.214844	266.319010	Bb2	61	80	0	0	120688	P1-84-35	0	-
2170	266.221354	267.139323	F5	98	80	0	0	120838	P1-84-15	0	-
2171	266.304688	266.355469	Ab2	58	80	0	0	120718	P1-84-53	0	-
2172	266.391927	266.463542	Bb2	53	80	0	0	120748	P1-84-37	0	-
2173	266.486979	266.565104	Ab2	66	80	0	0	120778	P1-84-62	0	-
2174	266.591146	266.729167	Bb2	56	80	0	0	120798	P1-84-39	0	-
2175	266.673177	266.734375	Ab2	52	80	0	0	120898	P1-84-55	0	-
2176	266.746094	266.899740	G2	66	80	0	0	120958	P1-85-52	0	-
2177	266.904948	267.059896	G2	59	80	0	0	121018	P1-85-53	0	-
2178	266.984375	267.041667	Ab2	47	80	0	0	121048	P1-85-21	0	-
2179	267.035156	267.085938	Eb4	68	80	0	0	121198	P1-85-7	0	-
2180	267.072917	267.229167	G2	54	80	0	0	121078	P1-85-54	0	-
2181	267.140625	267.500000	Bb4	73	80	0	0	121258	P1-85-8	0	-
2182	267.144531	267.259115	Ab2	56	80	0	0	121108	P1-85-23	0	-
2183	267.231771	267.959635	G5	97	80	0	0	121318	P1-85-9	0	-
2184	267.244792	267.509115	G2	63	80	0	0	121138	P1-85-55	0	-
2185	267.315104	267.372396	Ab2	64	80	0	0	121168	P1-85-24	0	-
2186	267.484375	267.574219	Ab2	64	80	0	0	121228	P1-85-26	0	-
2187	267.595052	267.694010	G2	58	80	0	0	121258	P1-85-75	0	-
2188	267.710938	267.802083	F2	63	80	0	0	121318	P1-85-57	0	-
2189	267.812500	267.884115	G2	60	80	0	0	121378	P1-85-58	0	-
2190	267.894531	267.973958	F2	62	80	0	0	121438	P1-85-59	0	-
2191	268.002604	268.149740	G2	57	80	0	0	121468	P1-85-31	0	-
2192	268.049479	268.169271	F4	65	80	0	0	121678	P1-85-12	0	-
2193	268.104167	268.289062	F2	60	80	0	0	121498	P1-85-60	0	-
2194	268.147135	268.243490	Bb4	82	80	0	0	121738	P1-85-13	0	-
2195	268.197917	268.279948	G2	53	80	0	0	121528	P1-85-32	0	-
2196	268.227865	269.079427	Ab5	101	80	0	0	121798	P1-85-14	0	-
2197	268.300781	268.385417	F2	74	80	0	0	121558	P1-85-61	0	-
2198	268.395833	268.598958	G2	63	80	0	0	121588	P1-85-34	0	-
2199	268.518229	268.649740	F2	64	80	0	0	121678	P1-85-63	0	-
2200	268.604167	268.628906	G2	55	80	0	0	121708	P1-85-37	0	-
2201	268.657552	268.752604	F2	64	80	0	0	121738	P1-85-78	0	-
2202	268.747396	268.833333	Eb2	71	80	0	0	121798	P1-85-64	0	-
2203	268.855469	268.925781	F2	61	80	0	0	121858	P1-85-65	0	-
2204	268.953125	269.024740	Eb2	64	80	0	0	121918	P1-85-66	0	-
2205	269.065104	269.329427	F2	57	80	0	0	121948	P1-85-42	0	-
2206	269.065104	269.144531	G4	65	80	0	0	122158	P1-85-17	0	-
2207	269.165365	269.319010	Eb2	61	80	0	0	121978	P1-85-67	0	-
2208	269.174479	269.259115	Bb4	67	80	0	0	122218	P1-85-18	0	-
2209	269.273438	270.059896	Bb5	94	80	0	0	122278	P1-85-5	0	-
2210	269.326823	269.414062	Eb2	69	80	0	0	122038	P1-85-68	0	-
2211	269.429688	269.513021	F2	70	80	0	0	122068	P1-85-45	0	-
2212	269.533854	269.789062	Eb2	64	80	0	0	122098	P1-85-69	0	-
2213	269.654948	269.779948	F2	58	80	0	0	122128	P1-85-46	0	-
2214	269.785156	269.959635	Db2	68	80	0	0	122158	P1-85-70	1	-
2215	269.885417	270.039062	Eb2	62	80	0	0	122218	P1-85-81	0	-
2216	269.970052	270.059896	Db2	53	80	0	0	122278	P1-85-71	0	-
2217	270.045573	270.250000	Eb2	61	80	0	0	122338	P1-85-72	0	-
2218	270.143229	270.309896	Db2	55	80	0	0	122398	P1-86-40	0	-
2219	270.222656	270.799479	C6	96	80	0	0	122638	P1-86-5	0	-
2220	270.256510	270.309896	Eb2	49	80	0	0	122428	P1-86-10	0	-
2221	270.321615	270.408854	Eb2	54	80	0	0	122458	P1-86-41	1	-
2222	270.415365	270.493490	Eb2	62	80	0	0	122488	P1-86-11	0	-
2223	270.513021	270.869792	Db2	57	80	0	0	122518	P1-86-42	0	-
2224	270.592448	270.688802	Eb2	64	80	0	0	122548	P1-86-13	0	-
2225	270.701823	270.769531	Eb2	64	80	0	0	122578	P1-86-43	1	-
2226	270.739583	271.279948	Db6	100	80	0	0	122878	P1-86-6	0	-
2227	270.778646	270.889323	Eb2	63	80	0	0	122608	P1-86-14	0	-
2228	270.875000	271.049479	Db2	54	80	0	0	122638	P1-86-44	0	-
2229	270.954427	271.119792	Eb2	48	80	0	0	122668	P1-86-16	0	-
2230	271.057292	271.239583	Db2	57	80	0	0	122698	P1-86-45	0	-
2231	271.134115	271.205729	Eb2	50	80	0	0	122728	P1-86-17	0	-
2232	271.223958	271.759115	D6	95	80	0	0	123118	P1-86-7	0	-
2233	271.253906	271.399740	Db2	55	80	0	0	122758	P1-86-46	0	-
2234	271.324219	271.378906	Eb2	49	80	0	0	123148	P1-86-28	0	-
2235	271.414062	271.579427	Db2	59	80	0	0	123178	P1-86-53	0	-
2236	271.513021	271.519531	Eb2	32	80	0	0	123208	P1-86-29	0	-
2237	271.593750	271.739583	Db2	56	80	0	0	123238	P1-86-54	0	-
2238	271.691406	272.128906	Eb2	54	80	0	0	123268	P1-86-31	0	-
2239	271.750000	272.199219	Db2	50	80	0	0	123298	P1-86-55	0	-
2240	271.803385	274.399740	Eb6	95	80	0	0	123358	P1-86-8	0	-
2241	272.156250	272.243490	C2	57	80	0	0	123478	P1-86-34	0	-
2242	272.264323	272.355469	Db2	56	80	0	0	123538	P1-86-35	0	-
2243	272.375000	272.462240	Eb2	61	80	0	0	123598	P1-86-36	0	-
2244	272.476562	272.569010	Db2	65	80	0	0	123658	P1-86-37	0	-
2245	272.580729	272.691406	C2	53	80	0	0	123718	P1-86-38	0	-
2246	272.696615	272.804688	Bb1	58	80	0	0	123778	P1-86-39	0	-
2247	272.859375	273.050781	Ab1	65	80	0	0	123838	P1-87-11	0	-
2248	273.268229	273.445312	C3	51	80	0	0	123958	P1-87-13	0	-
2249	273.268229	273.438802	Ab2	47	80	0	0	123958	P1-87-12	0	-
2250	273.611979	273.899740	C4	63	80	0	0	124078	P1-87-3	0	-
2251	273.618490	273.764323	Ab2	47	80	0	0	124078	P1-87-14	0	-
2252	273.626302	273.750000	C3	48	80	0	0	124078	P1-87-15	0	-
2253	273.919271	274.031250	C3	57	80	0	0	124198	P1-87-18	0	-
2254	273.920573	274.033854	Ab2	58	80	0	0	124198	P1-87-17	0	-
2255	274.165365	274.261719	C3	58	80	0	0	124318	P1-87-21	0	-
2256	274.166667	274.348958	G2	55	80	0	0	124318	P1-87-19	0	-
2257	274.167969	274.279948	Ab2	55	80	0	0	124318	P1-87-20	0	-
2258	274.404948	274.501302	F2	65	80	0	0	124438	P1-87-22	0	-
2259	274.412760	274.513021	C3	65	80	0	0	124438	P1-87-24	0	-
2260	274.414062	274.502604	Ab2	61	80	0	0	124438	P1-87-23	0	-
2261	274.632812	274.716146	F2	57	80	0	0	124558	P1-87-25	0	-
2262	274.656250	274.779948	C3	52	80	0	0	124558	P1-87-27	0	-
2263	274.664062	274.736979	Ab2	46	80	0	0	124558	P1-87-26	0	-
2264	274.868490	275.152344	C4	86	80	0	0	124678	P1-87-6	0	-
2265	274.873698	275.029948	Ab2	57	80	0	0	124678	P1-87-29	0	-
2266	274.880208	275.049479	C3	61	80	0	0	124678	P1-87-30	0	-
2267	274.881510	275.029948	Eb2	56	80	0	0	124678	P1-87-28	0	-
2268	275.117188	275.348958	Db4	83	80	0	0	124798	P1-87-7	0	-
2269	275.130208	275.369792	Ab2	52	80	0	0	124798	P1-87-32	0	-
2270	275.134115	275.329427	C3	59	80	0	0	124798	P1-87-33	0	-
2271	275.135417	275.479167	Eb2	47	80	0	0	124798	P1-87-31	0	-
2272	275.356771	275.623698	Eb4	90	80	0	0	124918	P1-87-8	0	-
2273	275.365885	275.449219	C3	58	80	0	0	124918	P1-87-36	0	-
2274	275.373698	275.454427	Db2	55	80	0	0	124918	P1-87-34	0	-
2275	275.376302	275.609375	Ab2	56	80	0	0	124918	P1-87-35	0	-
2276	275.600260	275.852865	F4	88	80	0	0	125038	P1-87-9	0	-
2277	275.613281	275.709635	C2	60	80	0	0	125038	P1-87-37	0	-
2278	275.615885	275.819010	Ab2	56	80	0	0	125038	P1-87-38	0	-
2279	275.617188	275.750000	C3	56	80	0	0	125038	P1-87-39	0	-
2280	275.845052	276.186198	G4	94	80	0	0	125158	P1-87-10	0	-
2281	275.855469	275.973958	C3	57	80	0	0	125158	P1-87-42	0	-
2282	275.858073	275.976562	Ab2	59	80	0	0	125158	P1-87-41	0	-
2283	275.859375	276.059896	C2	59	80	0	0	125158	P1-87-40	0	-
2284	276.072917	276.658854	C2	49	80	0	0	125278	P1-88-10	0	-
2285	276.164062	277.319010	Ab4	88	80	0	0	125278	P1-88-1	0	-
2286	276.197917	276.289062	C3	41	80	0	0	125398	*	3	-
2287	276.204427	276.378906	Ab2	40	80	0	0	125398	*	3	-
2288	276.450521	276.541667	C3	60	80	0	0	125398	P1-88-12	0	-
2289	276.454427	276.545573	Ab2	60	80	0	0	125398	P1-88-11	0	-
2290	276.674479	277.279948	Eb4	76	80	0	0	125518	P1-88-2	0	-
2291	276.678385	276.809896	C3	60	80	0	0	125518	P1-88-14	0	-
2292	276.678385	276.805990	Ab2	61	80	0	0	125518	P1-88-13	0	-
2293	276.934896	277.044271	G2	68	80	0	0	125638	P1-88-15	0	-
2294	276.944010	277.042969	C3	63	80	0	0	125638	P1-88-17	0	-
2295	276.944010	277.049479	Ab2	67	80	0	0	125638	P1-88-16	0	-
2296	277.165365	277.569010	G2	67	80	0	0	125758	P1-88-18	0	-
2297	277.173177	277.299479	Ab2	64	80	0	0	125758	P1-88-19	0	-
2298	277.173177	277.291667	C3	65	80	0	0	125758	P1-88-20	0	-
2299	277.414062	277.514323	F2	70	80	0	0	125878	P1-88-21	0	-
2300	277.414062	277.511719	C3	72	80	0	0	125878	P1-88-23	0	-
2301	277.416667	277.520833	Ab2	61	80	0	0	125878	P1-88-22	0	-
2302	277.632812	277.725260	F2	70	80	0	0	125998	P1-88-24	0	-
2303	277.635417	277.730469	C3	67	80	0	0	125998	P1-88-26	0	-
2304	277.635417	277.733073	Ab2	60	80	0	0	125998	P1-88-25	0	-
2305	277.841146	278.095052	G4	85	80	0	0	126118	P1-88-5	0	-
2306	277.867188	277.988281	C3	62	80	0	0	126118	P1-88-29	0	-
2307	277.871094	277.983073	Ab2	63	80	0	0	126118	P1-88-28	0	-
2308	277.876302	278.109375	Eb2	64	80	0	0	126118	P1-88-27	0	-
2309	278.065104	278.319010	Ab4	88	80	0	0	126238	P1-88-6	0	-
2310	278.105469	278.286458	C3	57	80	0	0	126238	P1-88-32	0	-
2311	278.106771	278.290365	Ab2	53	80	0	0	126238	P1-88-31	0	-
2312	278.114583	278.699219	Eb2	55	80	0	0	126238	P1-88-30	0	-
2313	278.341146	278.649740	Bb4	93	80	0	0	126358	P1-88-7	0	-
2314	278.369792	278.549479	Db2	58	80	0	0	126358	P1-88-33	0	-
2315	278.373698	278.539062	C2	59	80	0	0	126358	*	3	-
2316	278.373698	278.479167	C3	53	80	0	0	126358	P1-88-35	0	-
2317	278.375000	278.609375	Ab2	52	80	0	0	126358	P1-88-34	0	-
2318	278.593750	278.919271	C5	91	80	0	0	126478	P1-88-8	0	-
2319	278.601562	278.769531	C3	56	80	0	0	126478	P1-88-38	0	-
2320	278.605469	278.764323	C2	59	80	0	0	126478	P1-88-36	0	-
2321	278.619792	278.848958	Ab2	53	80	0	0	126478	P1-88-37	0	-
2322	278.881510	279.238281	Db5	94	80	0	0	126598	P1-88-9	0	-
2323	278.884115	279.128906	C3	64	80	0	0	126598	P1-88-41	0	-
2324	278.889323	279.104167	Ab2	68	80	0	0	126598	P1-88-40	0	-
2325	278.894531	279.065104	C2	66	80	0	0	126598	P1-88-39	0	-
2326	279.194010	279.769531	Eb5	87	80	0	0	126718	P1-89-1	0	-
2327	279.195312	279.658854	C2	63	80	0	0	126718	P1-89-10	0	-
2328	279.473958	279.688802	C3	61	80	0	0	126838	P1-89-12	0	-
2329	279.473958	279.739583	Ab2	65	80	0	0	126838	P1-89-11	0	-
2330	279.753906	280.188802	Ab4	79	80	0	0	126958	P1-89-2	0	-
2331	279.753906	280.019531	Ab2	61	80	0	0	126958	P1-89-13	0	-
2332	279.756510	279.934896	C3	56	80	0	0	126958	P1-89-14	0	-
2333	280.014323	280.259115	G2	60	80	0	0	127078	P1-89-15	0	-
2334	280.029948	280.157552	C3	54	80	0	0	127078	P1-89-17	0	-
2335	280.033854	280.165365	Ab2	58	80	0	0	127078	P1-89-16	0	-
2336	280.273438	280.750000	G2	57	80	0	0	127198	P1-89-18	0	-
2337	280.294271	280.424479	C3	52	80	0	0	127198	P1-89-20	0	-
2338	280.294271	280.421875	Ab2	52	80	0	0	127198	P1-89-19	0	-
2339	280.542969	280.686198	F2	60	80	0	0	127318	P1-89-21	0	-
2340	280.548177	280.684896	C3	58	80	0	0	127318	P1-89-23	0	-
2341	280.554688	280.683594	Ab2	58	80	0	0	127318	P1-89-22	0	-
2342	280.804688	280.979167	F2	56	80	0	0	127438	P1-89-24	0	-
2343	280.813802	280.914062	C3	53	80	0	0	127438	P1-89-26	0	-
2344	280.824219	280.929688	Ab2	55	80	0	0	127438	P1-89-25	0	-
2345	281.058594	281.468750	Ab5	81	80	0	0	127558	P1-89-5	0	-
2346	281.063802	281.222656	Ab2	59	80	0	0	127558	P1-89-28	0	-
2347	281.065104	281.226562	C3	50	80	0	0	127558	P1-89-29	0	-
2348	281.072917	281.226562	Eb2	59	80	0	0	127558	P1-89-27	0	-
2349	281.341146	281.516927	Bb5	81	80	0	0	127678	P1-89-6	0	-
2350	281.350260	281.492188	C3	45	80	0	0	127678	P1-89-32	0	-
2351	281.355469	281.493490	Ab2	42	80	0	0	127678	P1-89-31	0	-
2352	281.359375	281.501302	Eb2	50	80	0	0	127678	P1-89-30	0	-
2353	281.649740	282.039062	C6	81	80	0	0	127798	P1-89-7	0	-
2354	281.653646	281.889323	C3	46	80	0	0	127798	P1-89-35	0	-
2355	281.653646	281.919271	Ab2	50	80	0	0	127798	P1-89-34	0	-
2356	281.656250	282.000000	Eb2	50	80	0	0	127798	P1-89-33	1	-
2357	281.967448	282.348958	Db6	77	80	0	0	127918	P1-89-8	0	-
2358	281.997396	282.218750	C3	40	80	0	0	127918	P1-89-38	0	-
2359	282.000000	282.233073	Ab2	45	80	0	0	127918	P1-89-37	0	-
2360	282.332031	282.799479	Eb6	78	80	0	0	128038	P1-89-9	0	-
2361	282.341146	282.500000	C3	37	80	0	0	128038	P1-89-41	0	-
2362	282.348958	282.539062	C2	41	80	0	0	128038	P1-89-39	0	-
2363	282.354167	282.492188	Ab2	42	80	0	0	128038	P1-89-40	0	-
2364	282.782552	283.779948	F6	76	80	0	0	128158	P1-90-1	0	-
2365	282.786458	283.559896	Bb2	38	80	0	0	128158	P1-90-12	0	-
2366	282.792969	283.819010	Ab2	41	80	0	0	128158	P1-90-11	0	-
2367	282.794271	283.829427	Db2	34	80	0	0	128158	P1-90-10	0	-
2368	282.795573	282.809896	C#3	34	80	0	0	128158	*	3	-
2369	284.475260	284.782552	Bb4	54	80	0	0	128998	P1-90-5	0	-
2370	284.503906	284.768229	F4	38	80	0	0	128998	P1-90-4	0	-
2371	284.505208	284.669271	D3	32	80	0	0	128998	P1-90-15	0	-
2372	284.507812	284.789062	Ab3	35	80	0	0	128998	P1-90-16	0	-
2373	284.513021	284.779948	Bb3	35	80	0	0	128998	*	3	-
2374	284.785156	285.269531	Eb5	56	80	0	0	129118	P1-90-7	0	-
2375	284.794271	285.289062	G4	42	80	0	0	129118	P1-90-6	0	-
2376	284.800781	285.658854	G3	35	80	0	0	129118	P1-90-18	0	-
2377	284.803385	285.529948	Eb3	34	80	0	0	129118	P1-90-17	0	-
2378	285.541667	285.912760	Eb5	73	80	0	0	129478	P1-90-9	0	-
2379	285.575521	285.899740	G4	40	80	0	0	129478	P1-90-8	0	-
2380	285.591146	285.919271	Bb3	36	80	0	0	129478	P1-90-20	0	-
2381	285.597656	286.000000	Eb3	27	80	0	0	129478	P1-90-19	0	-
2382	285.904948	287.109375	D5	67	80	0	0	129598	P1-91-2	0	-
2383	285.916667	287.089844	Cb5	50	80	0	0	129598	P1-91-1	0	-
2384	285.924479	287.059896	F3	36	80	0	0	129598	P1-91-10	0	-
2385	285.924479	287.000000	Ab3	37	80	0	0	129598	P1-91-11	0	-
2386	287.022135	288.158854	Db5	56	80	0	0	130078	P1-91-4	0	-
2387	287.050781	288.169271	G3	32	80	0	0	130078	P1-91-12	0	-
2388	287.052083	288.098958	Bb3	33	80	0	0	130078	P1-91-13	0	-
2389	287.052083	288.128906	E4	32	80	0	0	130078	P1-91-3	0	-
2390	288.071615	288.289062	Ab3	29	80	0	0	130558	P1-91-14	0	-
2391	288.076823	288.559896	Eb4	30	80	0	0	130558	P1-91-5	0	-
2392	288.080729	288.359375	C5	55	80	0	0	130558	P1-91-6	0	-
2393	288.082031	288.329427	C4	33	80	0	0	130558	P1-91-15	0	-
2394	288.584635	289.029948	Ab3	36	80	0	0	130678	P1-91-16	0	-
2395	288.585938	289.002604	C4	35	80	0	0	130678	P1-91-17	0	-
2396	288.587240	289.559896	Ab6	73	80	0	0	130678	P1-91-7	0	-
2397	288.966146	289.351562	G6	68	80	0	0	130798	P1-91-8	0	-
2398	289.005208	289.352865	Bb3	37	80	0	0	130798	P1-91-18	0	-
2399	289.006510	289.359375	Db4	34	80	0	0	130798	P1-91-19	0	-
2400	289.321615	289.658854	Gb6	73	80	0	0	130918	P1-91-9	0	-
2401	289.335938	289.673177	C4	37	80	0	0	130918	P1-91-20	0	-
2402	289.337240	289.658854	Eb4	40	80	0	0	130918	P1-91-21	0	-
2403	289.641927	289.803385	F6	65	80	0	0	131038	P1-92-1	0	-
2404	289.674479	290.539062	F4	33	80	0	0	131038	P1-92-22	0	-
2405	289.682292	290.529948	Db4	29	80	0	0	131038	P1-92-21	0	-
2406	289.824219	289.936198	Eb6	57	80	0	0	131098	P1-92-2	0	-
2407	289.950521	290.089844	Db6	55	80	0	0	131158	P1-92-3	0	-
2408	290.066406	290.123698	C6	52	80	0	0	131218	P1-92-4	0	-
2409	290.164062	290.235677	Cb6	59	80	0	0	131278	P1-92-5	0	-
2410	290.270833	290.355469	Bb5	64	80	0	0	131338	P1-92-6	0	-
2411	290.393229	290.475260	A5	60	80	0	0	131398	P1-92-7	0	-
2412	290.486979	290.583333	Ab5	68	80	0	0	131458	P1-92-8	0	-
2413	290.589844	290.682292	G5	71	80	0	0	131518	P1-92-9	0	-
2414	290.705729	290.817708	Gb5	68	80	0	0	131578	P1-92-10	0	-
2415	290.822917	290.916667	F5	70	80	0	0	131638	P1-92-11	0	-
2416	290.942708	291.032552	E5	60	80	0	0	131698	P1-92-12	0	-
2417	291.059896	291.348958	Db3	36	80	0	0	131758	P1-92-24	0	-
2418	291.071615	291.180990	Eb5	58	80	0	0	131758	P1-92-13	0	-
2419	291.072917	291.259115	Ab3	37	80	0	0	131758	P1-92-26	0	-
2420	291.084635	291.259115	F3	34	80	0	0	131758	P1-92-25	0	-
2421	291.187500	291.281250	Db5	66	80	0	0	131818	P1-92-14	0	-
2422	291.315104	291.444010	C5	64	80	0	0	131878	P1-92-15	0	-
2423	291.390625	291.750000	Ab3	36	80	0	0	131878	P1-92-29	0	-
2424	291.398438	291.742188	F3	33	80	0	0	131878	P1-92-28	0	-
2425	291.449219	291.759115	D4	35	80	0	0	-1	*	3	-
2426	291.455729	291.750000	Bb4	58	80	0	0	131938	P1-92-16	0	-
2427	291.712240	292.438802	Eb5	59	80	0	0	131998	P1-92-18	0	-
2428	291.748698	292.899740	G3	28	80	0	0	131998	P1-92-31	0	-
2429	291.757812	291.769531	Bb3	29	80	0	0	-1	*	3	-
2430	291.760417	293.019531	Bb4	36	80	0	0	131998	P1-92-17	0	-
2431	291.772135	292.848958	Eb3	30	80	0	0	131998	P1-92-30	0	-
2432	292.803385	293.188802	Eb5	66	80	0	0	132358	P1-92-20	0	-
2433	292.855469	293.199219	Bb3	31	80	0	0	132358	P1-92-33	0	-
2434	292.863281	293.348958	G4	29	80	0	0	132358	P1-92-19	0	-
2435	292.864583	293.609375	Eb3	24	80	0	0	132358	P1-92-32	0	-
2436	293.410156	294.084635	Eb5	58	80	0	0	132478	P1-93-1	0	-
2437	293.459635	294.695312	Ab3	26	80	0	0	132478	P1-93-24	0	-
2438	293.463542	294.067708	C4	28	80	0	0	132478	P1-93-21	0	-
2439	294.054688	294.399740	F5	56	80	0	0	132718	P1-93-6	0	-
2440	294.087240	294.468750	Db4	25	80	0	0	132718	P1-93-26	0	-
2441	294.391927	294.694010	Eb5	59	80	0	0	132838	P1-93-8	0	-
2442	294.442708	294.695312	C4	29	80	0	0	132838	P1-93-28	0	-
2443	294.660156	294.946615	Db5	60	80	0	0	132958	P1-93-10	0	-
2444	294.716146	294.980469	Bb3	33	80	0	0	132958	P1-93-30	0	-
2445	294.912760	295.173177	C5	65	80	0	0	133078	P1-93-12	0	-
2446	294.962240	295.250000	Ab3	32	80	0	0	133078	P1-93-31	0	-
2447	295.173177	295.451823	Bb4	64	80	0	0	133198	P1-93-14	0	-
2448	295.204427	295.414062	G3	36	80	0	0	133198	P1-93-32	0	-
2449	295.425781	295.686198	C5	70	80	0	0	133318	P1-93-16	0	-
2450	295.433594	295.684896	Ab3	45	80	0	0	133318	P1-93-33	0	-
2451	295.679688	296.259115	Db5	67	80	0	0	133438	P1-93-3	0	-
2452	295.714844	296.378906	Bb3	33	80	0	0	133438	P1-93-35	0	-
2453	295.714844	296.666667	Eb3	29	80	0	0	133438	P1-93-34	0	-
2454	295.921875	296.309896	F4	64	80	0	0	133558	P1-93-18	0	-
2455	296.191406	296.479167	Ab4	74	80	0	0	133678	P1-93-19	0	-
2456	296.433594	296.673177	G4	68	80	0	0	133798	P1-93-20	0	-
2457	296.595052	297.679688	Ab2	29	80	0	0	133918	P1-94-23	0	-
2458	296.696615	296.885417	C5	64	80	0	0	133918	P1-94-5	0	-
2459	296.699219	296.937500	Ab3	43	80	0	0	133918	P1-94-20	0	-
2460	296.951823	297.197917	Eb4	60	80	0	0	134038	P1-94-6	0	-
2461	296.958333	297.212240	C3	40	80	0	0	134038	P1-94-25	0	-
2462	297.183594	297.484375	F4	61	80	0	0	134158	P1-94-7	0	-
2463	297.213542	297.519531	Db3	36	80	0	0	134158	P1-94-27	0	-
2464	297.433594	297.695312	Eb4	62	80	0	0	134278	P1-94-8	0	-
2465	297.442708	297.695312	C3	43	80	0	0	134278	P1-94-29	0	-
2466	297.664062	297.936198	Db4	56	80	0	0	134398	P1-94-9	0	-
2467	297.692708	297.963542	Bb2	39	80	0	0	134398	P1-94-31	0	-
2468	297.932292	298.289062	Ab2	40	80	0	0	134518	P1-94-32	0	-
2469	297.932292	298.283854	C4	55	80	0	0	134518	P1-94-10	0	-
2470	298.216146	298.552083	Bb3	46	80	0	0	134638	P1-94-11	0	-
2471	298.222656	298.554688	G2	36	80	0	0	134638	P1-94-33	0	-
2472	298.541667	298.920573	C4	41	80	0	0	134758	P1-94-12	0	-
2473	298.544271	298.932292	Ab2	34	80	0	0	134758	P1-94-34	0	-
2474	298.890625	299.389323	Ab4	40	80	0	0	134878	P1-94-3	0	-
2475	298.902344	299.609375	Db4	37	80	0	0	134878	P1-94-13	0	-
2476	298.915365	300.369792	Eb2	29	80	0	0	134878	P1-94-35	0	-
2477	298.916667	299.829427	Bb2	29	80	0	0	134878	P1-94-36	0	-
2478	299.246094	299.545573	F4	47	80	0	0	134998	P1-94-15	0	-
2479	299.533854	299.770833	Ab4	59	80	0	0	135118	P1-94-17	0	-
2480	299.791667	300.033854	G4	62	80	0	0	135238	P1-94-19	0	-
2481	300.053385	300.319010	Bb4	47	80	0	0	135358	P1-95-1	0	-
2482	300.054688	300.859375	Ab2	34	80	0	0	135358	P1-95-14	0	-
2483	300.055990	300.819010	C4	39	80	0	0	-1	*	3	-
2484	300.300781	300.859375	G4	56	80	0	0	135478	P1-95-2	0	-
2485	300.567708	300.869792	Bb4	50	80	0	0	135598	P1-95-3	0	-
2486	300.833333	301.179688	Ab4	48	80	0	0	135718	P1-95-4	0	-
2487	301.102865	301.389323	Db5	51	80	0	0	135838	P1-95-5	0	-
2488	301.118490	304.649740	Ab2	30	80	0	0	135838	P1-95-18	0	-
2489	301.134115	303.889323	Ab1	31	80	0	0	135838	P1-95-15	0	-
2490	301.144531	304.628906	Eb2	29	80	0	0	135838	P1-95-17	0	-
2491	301.354167	301.626302	Cb5	49	80	0	0	135958	P1-95-6	0	-
2492	301.622396	302.019531	Db5	54	80	0	0	136078	P1-95-7	0	-
2493	301.877604	302.468750	C5	52	80	0	0	136198	P1-95-8	0	-
2494	302.144531	302.658854	F5	47	80	0	0	136318	P1-95-9	0	-
2495	302.393229	302.718750	D5	43	80	0	0	136438	P1-95-10	0	-
2496	302.664062	302.925781	F5	50	80	0	0	136558	P1-95-11	0	-
2497	302.929688	303.204427	Eb5	46	80	0	0	136678	P1-95-12	0	-
2498	303.195312	303.759115	Bb5	49	80	0	0	136798	P1-96-1	0	-
2499	303.507812	303.929688	G5	44	80	0	0	136918	P1-96-2	0	-
2500	303.765625	304.369792	Bb5	55	80	0	0	137038	P1-96-3	0	-
2501	304.035156	304.479167	Ab5	59	80	0	0	137158	P1-96-4	0	-
2502	304.311198	304.593750	Db6	49	80	0	0	137278	P1-96-5	0	-
2503	304.345052	304.769531	Ab3	23	80	0	0	137278	P1-96-20	0	-
2504	304.356771	304.989583	Eb3	24	80	0	0	137278	P1-96-19	0	-
2505	304.364583	304.699219	C3	22	80	0	0	137278	P1-96-18	0	-
2506	304.563802	305.139323	Cb6	58	80	0	0	137398	P1-96-6	0	-
2507	304.864583	305.500000	Db6	50	80	0	0	137518	P1-96-7	0	-
2508	305.148438	305.598958	C6	54	80	0	0	137638	P1-96-8	0	-
2509	305.489583	305.878906	F6	54	80	0	0	137758	P1-96-9	0	-
2510	305.513021	306.209635	Eb4	23	80	0	0	137758	P1-96-23	0	-
2511	305.523438	306.209635	Ab3	26	80	0	0	137758	P1-96-21	0	-
2512	305.533854	306.348958	C4	25	80	0	0	137758	P1-96-22	0	-
2513	305.796875	306.100260	D6	53	80	0	0	137878	P1-96-10	0	-
2514	306.074219	306.375000	F6	67	80	0	0	137998	P1-96-11	0	-
2515	306.352865	306.609375	Eb6	69	80	0	0	138118	P1-96-12	0	-
2516	306.614583	307.149740	Eb6	62	80	0	0	138238	P1-97-1	0	-
2517	306.615885	307.359375	D4	30	80	0	0	138238	P1-97-16	0	-
2518	306.631510	307.359375	F3	31	80	0	0	138238	P1-97-13	0	-
2519	306.638021	307.429688	Bb3	32	80	0	0	138238	P1-97-15	0	-
2520	306.653646	307.429688	Ab3	31	80	0	0	138238	P1-97-14	0	-
2521	306.894531	307.195312	C6	68	80	0	0	138358	P1-97-2	0	-
2522	307.154948	307.466146	Eb6	82	80	0	0	138478	P1-97-3	0	-
2523	307.430990	308.549479	D6	80	80	0	0	138598	P1-97-4	0	-
2524	307.704427	309.309896	D4	45	80	0	0	138718	P1-97-20	0	-
2525	307.707031	308.229167	C7	82	80	0	0	138718	P1-97-5	0	-
2526	307.710938	309.408854	F3	35	80	0	0	138718	P1-97-17	0	-
2527	307.716146	309.479167	Ab3	36	80	0	0	138718	P1-97-18	0	-
2528	307.716146	309.459635	Bb3	38	80	0	0	138718	P1-97-19	0	-
2529	307.984375	308.259115	A6	83	80	0	0	138838	P1-97-6	0	-
2530	308.235677	308.533854	C7	90	80	0	0	138958	P1-97-7	0	-
2531	308.485677	308.848958	Bb6	83	80	0	0	139078	P1-97-8	0	-
2532	308.723958	309.098958	Eb6	74	80	0	0	139198	P1-97-9	0	-
2533	308.970052	309.252604	C6	74	80	0	0	139318	P1-97-10	0	-
2534	309.216146	309.649740	Eb6	85	80	0	0	139438	P1-97-11	0	-
2535	309.471354	309.753906	D6	86	80	0	0	139558	P1-97-12	0	-
2536	309.712240	310.559896	Eb4	44	80	0	0	139678	P1-98-16	0	-
2537	309.714844	310.098958	F6	86	80	0	0	139678	P1-98-1	0	-
2538	309.721354	310.529948	Bb3	43	80	0	0	139678	P1-98-15	0	-
2539	309.721354	310.539062	G3	46	80	0	0	139678	P1-98-14	0	-
2540	309.723958	310.489583	Eb3	39	80	0	0	139678	P1-98-13	0	-
2541	309.966146	310.519531	D6	81	80	0	0	139798	P1-98-2	0	-
2542	310.223958	310.519531	F6	91	80	0	0	139918	P1-98-3	0	-
2543	310.475260	310.750000	Eb6	94	80	0	0	140038	P1-98-4	0	-
2544	310.695312	311.419271	Eb4	66	80	0	0	140158	P1-98-20	0	-
2545	310.700521	311.188802	C7	95	80	0	0	140158	P1-98-5	0	-
2546	310.701823	311.429688	Eb3	65	80	0	0	140158	P1-98-17	0	-
2547	310.703125	311.479167	Bb3	59	80	0	0	140158	P1-98-19	0	-
2548	310.709635	311.479167	G3	59	80	0	0	140158	P1-98-18	0	-
2549	310.951823	311.218750	A6	96	80	0	0	140278	P1-98-6	0	-
2550	311.195312	311.769531	C7	103	80	0	0	140398	P1-98-7	0	-
2551	311.425781	311.869792	Bb6	100	80	0	0	140518	P1-98-8	0	-
2552	311.656250	312.500000	Eb4	68	80	0	0	140638	P1-98-24	0	-
2553	311.660156	312.218750	Eb3	64	80	0	0	140638	P1-98-21	0	-
2554	311.662760	311.989583	F6	89	80	0	0	140638	P1-98-9	0	-
2555	311.664062	312.419271	Bb3	68	80	0	0	140638	P1-98-23	0	-
2556	311.665365	312.369792	G3	69	80	0	0	140638	P1-98-22	0	-
2557	311.898438	312.408854	D6	83	80	0	0	140758	P1-98-10	0	-
2558	312.127604	312.407552	F6	99	80	0	0	140878	P1-98-11	0	-
2559	312.360677	312.598958	Eb6	96	80	0	0	140998	P1-98-12	0	-
2560	312.602865	313.289062	Bb3	61	80	0	0	141118	P1-99-15	0	-
2561	312.604167	313.229167	F3	60	80	0	0	141118	P1-99-13	0	-
2562	312.604167	313.239583	D4	55	80	0	0	141118	P1-99-16	0	-
2563	312.608073	312.914062	Eb6	87	80	0	0	141118	P1-99-1	0	-
2564	312.613281	313.289062	Ab3	60	80	0	0	141118	P1-99-14	0	-
2565	312.873698	313.153646	C6	81	80	0	0	141238	P1-99-2	0	-
2566	313.113281	313.414062	Eb6	92	80	0	0	141358	P1-99-3	0	-
2567	313.369792	314.468750	D6	90	80	0	0	141478	P1-99-4	0	-
2568	313.589844	315.209635	D4	69	80	0	0	141598	P1-99-20	0	-
2569	313.589844	315.339844	Ab3	62	80	0	0	141598	P1-99-18	0	-
2570	313.595052	315.218750	F3	58	80	0	0	141598	P1-99-17	0	-
2571	313.602865	315.348958	Bb3	64	80	0	0	141598	P1-99-19	0	-
2572	313.604167	314.089844	C7	98	80	0	0	141598	P1-99-5	0	-
2573	313.863281	314.119792	A6	93	80	0	0	141718	P1-99-6	0	-
2574	314.100260	314.404948	C7	100	80	0	0	141838	P1-99-7	0	-
2575	314.350260	314.809896	Bb6	96	80	0	0	141958	P1-99-8	0	-
2576	314.587240	315.029948	Eb6	90	80	0	0	142078	P1-99-9	0	-
2577	314.822917	315.125000	C6	82	80	0	0	142198	P1-99-10	0	-
2578	315.075521	315.375000	Eb6	89	80	0	0	142318	P1-99-11	0	-
2579	315.326823	315.699219	D6	88	80	0	0	142438	P1-99-12	0	-
2580	315.583333	316.438802	Eb4	57	80	0	0	142558	P1-100-10	0	-
2581	315.585938	316.079427	F6	87	80	0	0	142558	P1-100-1	0	-
2582	315.588542	316.449219	Eb3	55	80	0	0	142558	P1-100-7	0	-
2583	315.591146	316.378906	Bb3	57	80	0	0	142558	P1-100-9	0	-
2584	315.595052	316.348958	G3	57	80	0	0	142558	P1-100-8	0	-
2585	315.837240	316.539062	D6	84	80	0	0	142678	P1-100-2	0	-
2586	316.092448	316.639323	F6	98	80	0	0	142798	P1-100-3	0	-
2587	316.343750	316.809896	Eb6	96	80	0	0	142918	P1-100-4	0	-
2588	316.652344	317.369792	G6	88	80	0	0	143038	*	3	-
2589	316.653646	319.289062	F6	89	80	0	0	143038	P1-100-6	0	-
2590	316.654948	319.309896	G5	89	80	0	0	143038	P1-100-5	0	-
2591	316.656250	319.299479	Bb3	64	80	0	0	143038	P1-100-12	0	-
2592	316.664062	319.299479	Db3	54	80	0	0	143038	P1-100-11	0	-
2593	319.243490	319.609375	Eb6	77	80	0	0	144238	P1-101-4	0	-
2594	319.243490	319.609375	Ab5	70	80	0	0	144238	P1-101-3	0	-
2595	319.251302	319.649740	C4	47	80	0	0	144238	P1-101-10	0	-
2596	319.255208	319.472656	C3	40	80	0	0	144238	P1-101-9	0	-
2597	319.825521	322.500000	Eb5	84	80	0	0	144478	P1-101-6	0	-
2598	319.828125	321.569010	C3	49	80	0	0	144478	P1-101-11	0	-
2599	319.829427	321.549479	C4	53	80	0	0	144478	P1-101-12	0	-
2600	319.832031	321.449219	Ab4	66	80	0	0	144478	P1-101-5	0	-
2601	322.596354	323.009115	Db5	66	80	0	0	145678	P1-102-4	0	-
2602	322.606771	322.979167	Bb4	53	80	0	0	145678	P1-102-3	0	-
2603	322.636719	323.000000	G3	32	80	0	0	145678	P1-102-10	0	-
2604	322.647135	323.079427	E3	30	80	0	0	145678	P1-102-9	0	-
2605	323.230469	326.188802	Db5	60	80	0	0	145918	P1-102-6	0	-
2606	323.256510	326.128906	Bb4	45	80	0	0	145918	P1-102-5	0	-
2607	323.268229	325.029948	G3	28	80	0	0	145918	P1-102-12	0	-
2608	323.273438	325.348958	E3	27	80	0	0	145918	P1-102-11	0	-
2609	326.078125	326.459635	C5	45	80	0	0	147118	P1-103-4	0	-
2610	326.102865	326.364583	Ab3	24	80	0	0	147118	P1-103-10	0	-
2611	326.109375	326.419271	F4	19	80	0	0	147118	P1-103-3	1	-
2612	326.111979	326.419271	F3	19	80	0	0	147118	P1-103-9	0	-
2613	326.764323	329.489583	C5	46	80	0	0	147358	P1-103-6	0	-
2614	326.794271	329.079427	Ab4	27	80	0	0	147358	P1-103-5	0	-
2615	326.796875	328.709635	Ab3	23	80	0	0	147358	P1-103-12	0	-
2616	326.802083	328.759115	F3	19	80	0	0	147358	P1-103-11	0	-
2617	326.803385	327.000000	F4	19	80	0	0	147358	*	3	-
2618	329.415365	329.848958	Eb5	43	80	0	0	148558	P1-104-4	0	-
2619	329.454427	329.839844	G4	30	80	0	0	148558	P1-104-3	0	-
2620	329.464844	329.759115	Bb3	22	80	0	0	148558	P1-104-10	0	-
2621	329.471354	329.764323	Eb3	21	80	0	0	148558	P1-104-9	0	-
2622	330.226562	332.829427	Eb5	47	80	0	0	148798	P1-104-6	0	-
2623	330.261719	332.839844	Eb3	17	80	0	0	148798	P1-104-11	0	-
2624	330.263021	332.079427	Bb3	20	80	0	0	148798	P1-104-12	0	-
2625	330.274740	331.968750	G4	19	80	0	0	148798	P1-104-5	0	-
2626	332.804688	333.250000	Ab4	38	80	0	0	149758	P1-105-1	0	-
2627	332.845052	333.859375	Ab3	19	80	0	0	149758	P1-105-22	0	-
2628	332.845052	333.619792	C4	19	80	0	0	149758	P1-105-23	0	-
2629	332.964844	333.119792	Eb5	44	80	0	0	149818	P1-105-2	0	-
2630	333.080729	333.148438	C5	52	80	0	0	149878	P1-105-3	0	-
2631	333.184896	333.260417	Eb5	50	80	0	0	149938	P1-105-4	0	-
2632	333.309896	333.390625	Ab5	57	80	0	0	149998	P1-105-5	0	-
2633	333.451823	333.513021	Eb5	54	80	0	0	150058	P1-105-6	0	-
2634	333.559896	333.614583	C5	55	80	0	0	150118	P1-105-7	0	-
2635	333.695312	333.755208	Eb5	57	80	0	0	150178	P1-105-8	0	-
2636	333.795573	333.889323	Ab4	54	80	0	0	150238	P1-105-9	0	-
2637	333.963542	334.019531	Eb4	45	80	0	0	150298	P1-105-10	0	-
2638	334.063802	334.114583	C4	43	80	0	0	150358	P1-105-11	0	-
2639	334.158854	334.216146	Eb4	48	80	0	0	150418	P1-105-12	0	-
2640	334.285156	334.345052	Ab3	56	80	0	0	150478	P1-105-13	0	-
2641	334.466146	334.515625	Eb3	38	80	0	0	150538	P1-105-14	0	-
2642	334.552083	334.718750	C3	45	80	0	0	150598	P1-105-15	0	-
2643	334.645833	334.750000	Eb3	48	80	0	0	150658	P1-105-16	0	-
2644	334.752604	334.828125	Ab2	51	80	0	0	150718	P1-105-17	0	-
2645	334.899740	335.069010	Eb2	43	80	0	0	150778	P1-105-18	0	-
2646	335.014323	335.139323	C2	46	80	0	0	150838	P1-105-19	0	-
2647	335.126302	335.204427	Eb2	41	80	0	0	150898	P1-105-20	0	-
2648	335.216146	335.317708	Ab1	45	80	0	0	150958	P1-105-26	0	-
2649	335.342448	335.549479	C2	45	80	0	0	151018	P1-105-27	0	-
2650	335.562500	335.615885	Ab2	42	80	0	0	151138	P1-105-29	0	-
2651	335.721354	335.859375	G2	46	80	0	0	151198	P1-106-1	0	-
2652	335.723958	336.139323	G1	46	80	0	0	-1	*	3	-
2653	335.723958	336.119792	Eb2	42	80	0	0	151198	P1-106-26	0	-
2654	335.734375	335.919271	Bb2	41	80	0	0	151198	P1-106-27	0	-
2655	335.739583	335.989583	Bb1	37	80	0	0	151198	P1-106-25	0	-
2656	335.869792	336.126302	G2	42	80	0	0	-1	*	3	-
2657	335.871094	335.925781	Eb3	49	80	0	0	151258	P1-106-2	0	-
2658	335.977865	336.041667	Db3	43	80	0	0	151318	P1-106-3	0	-
2659	336.084635	336.169271	Eb3	40	80	0	0	151378	P1-106-4	0	-
2660	336.201823	336.295573	G3	52	80	0	0	151438	P1-106-5	0	-
2661	336.329427	336.394531	Eb3	52	80	0	0	151498	P1-106-6	0	-
2662	336.444010	336.494792	Db3	45	80	0	0	151558	P1-106-7	0	-
2663	336.541667	336.585938	Eb3	52	80	0	0	151618	P1-106-8	0	-
2664	336.675781	336.959635	G3	54	80	0	0	151678	P1-106-9	0	-
2665	336.695312	337.149740	Eb2	36	80	0	0	151678	P1-106-29	0	-
2666	336.696615	337.098958	Bb1	39	80	0	0	151678	P1-106-28	0	-
2667	336.696615	337.128906	Bb2	41	80	0	0	151678	P1-106-30	0	-
2668	336.821615	336.881510	Eb4	49	80	0	0	151738	P1-106-10	0	-
2669	336.915365	336.983073	Db4	53	80	0	0	151798	P1-106-11	0	-
2670	337.033854	337.084635	Eb4	55	80	0	0	151858	P1-106-12	0	-
2671	337.145833	337.231771	G4	62	80	0	0	151918	P1-106-13	0	-
2672	337.253906	337.335938	Eb4	62	80	0	0	151978	P1-106-14	0	-
2673	337.380208	337.430990	Db4	55	80	0	0	152038	P1-106-15	0	-
2674	337.486979	337.531250	Eb4	56	80	0	0	152098	P1-106-16	0	-
2675	337.615885	337.829427	G4	58	80	0	0	152158	P1-106-17	0	-
2676	337.647135	337.959635	Bb1	34	80	0	0	152158	P1-106-31	0	-
2677	337.647135	338.039062	Eb2	33	80	0	0	152158	P1-106-32	0	-
2678	337.653646	338.039062	Bb2	36	80	0	0	152158	P1-106-33	0	-
2679	337.735677	337.808594	Eb5	52	80	0	0	152218	P1-106-18	0	-
2680	337.854167	337.979167	Db5	56	80	0	0	152278	P1-106-19	0	-
2681	337.986979	338.046875	Eb5	53	80	0	0	152338	P1-106-20	0	-
2682	338.076823	338.154948	G5	64	80	0	0	152398	P1-106-21	0	-
2683	338.177083	338.285156	Eb5	55	80	0	0	152458	P1-106-22	0	-
2684	338.311198	338.378906	Db5	57	80	0	0	152518	P1-106-23	0	-
2685	338.425781	338.476562	Eb5	54	80	0	0	152578	P1-106-24	0	-
2686	338.544271	338.641927	Ab5	61	80	0	0	152638	P1-107-1	0	-
2687	338.554688	339.500000	C2	31	80	0	0	152638	P1-107-25	0	-
2688	338.565104	339.658854	Eb2	25	80	0	0	152638	P1-107-26	0	-
2689	338.660156	338.751302	Eb6	54	80	0	0	152698	P1-107-2	0	-
2690	338.782552	338.869792	C6	56	80	0	0	152758	P1-107-3	0	-
2691	338.915365	338.988281	Eb6	58	80	0	0	152818	P1-107-4	0	-
2692	339.011719	339.158854	Ab6	60	80	0	0	152878	P1-107-5	0	-
2693	339.152344	339.204427	Eb6	57	80	0	0	152938	P1-107-6	0	-
2694	339.235677	339.319010	C6	47	80	0	0	152998	P1-107-7	0	-
2695	339.373698	339.447917	Eb6	63	80	0	0	153058	P1-107-8	0	-
2696	339.462240	339.516927	Ab5	67	80	0	0	153118	P1-107-9	0	-
2697	339.609375	339.654948	Eb5	49	80	0	0	153178	P1-107-10	0	-
2698	339.708333	339.756510	C5	56	80	0	0	153238	P1-107-11	0	-
2699	339.800781	339.864583	Eb5	58	80	0	0	153298	P1-107-12	0	-
2700	339.914062	339.975260	Ab4	63	80	0	0	153358	P1-107-13	0	-
2701	340.072917	340.125000	Eb4	44	80	0	0	153418	P1-107-14	0	-
2702	340.182292	340.229167	C4	46	80	0	0	153478	P1-107-15	0	-
2703	340.256510	340.324219	Eb4	53	80	0	0	153538	P1-107-16	0	-
2704	340.384115	340.485677	Ab3	59	80	0	0	153598	P1-107-17	0	-
2705	340.524740	340.592448	Eb3	55	80	0	0	153658	P1-107-18	0	-
2706	340.644531	340.756510	C3	47	80	0	0	153718	P1-107-19	0	-
2707	340.753906	340.864583	Eb3	54	80	0	0	153778	P1-107-20	0	-
2708	340.873698	340.962240	G#3	56	80	0	0	153838	P1-107-21	1	-
2709	340.985677	341.075521	Eb3	60	80	0	0	153898	P1-107-22	0	-
2710	341.093750	341.194010	C3	51	80	0	0	153958	P1-107-23	0	-
2711	341.203125	341.324219	Eb3	50	80	0	0	154018	P1-107-24	0	-
2712	341.332031	341.472656	Bb2	49	80	0	0	154078	P1-108-1	0	-
2713	341.335938	341.579427	Bb1	41	80	0	0	-1	*	3	-
2714	341.342448	342.128906	Eb2	42	80	0	0	154078	P1-108-26	0	-
2715	341.476562	341.542969	Eb3	51	80	0	0	154138	P1-108-2	0	-
2716	341.593750	341.664062	Db3	46	80	0	0	154198	P1-108-3	0	-
2717	341.703125	341.755208	Eb3	48	80	0	0	154258	P1-108-4	0	-
2718	341.816406	341.894531	Bb3	43	80	0	0	154318	P1-108-5	0	-
2719	341.944010	341.997396	Eb3	44	80	0	0	154378	P1-108-6	0	-
2720	342.058594	342.209635	Db3	47	80	0	0	154438	P1-108-7	0	-
2721	342.195312	342.299479	Eb3	35	80	0	0	154498	P1-108-8	0	-
2722	342.199219	342.209635	Bb3	40	80	0	0	154558	*	3	-
2723	342.322917	342.402344	Bb3	56	80	0	0	154558	P1-108-9	0	-
2724	342.333333	342.938802	G2	44	80	0	0	154558	P1-108-28	0	-
2725	342.338542	342.979167	Eb3	40	80	0	0	154558	P1-108-29	0	-
2726	342.346354	342.433594	G3	38	80	0	0	154558	P1-108-30	0	-
2727	342.445312	342.559896	Eb4	44	80	0	0	154618	P1-108-10	0	-
2728	342.555990	342.640625	Db4	46	80	0	0	154678	P1-108-11	0	-
2729	342.686198	342.743490	Eb4	46	80	0	0	154738	P1-108-12	0	-
2730	342.777344	342.959635	Bb4	67	80	0	0	154798	P1-108-13	0	-
2731	342.902344	343.019531	Eb4	52	80	0	0	154858	P1-108-14	0	-
2732	343.046875	343.169271	Db4	50	80	0	0	154918	P1-108-15	0	-
2733	343.186198	343.429688	Eb4	34	80	0	0	154978	P1-108-16	0	-
2734	343.269531	343.352865	Bb4	69	80	0	0	155038	P1-108-17	0	-
2735	343.283854	343.949219	G2	39	80	0	0	155038	P1-108-31	0	-
2736	343.283854	343.949219	G3	42	80	0	0	155038	P1-108-33	0	-
2737	343.283854	344.188802	Eb3	38	80	0	0	155038	P1-108-32	0	-
2738	343.384115	343.494792	Eb5	63	80	0	0	155098	P1-108-18	0	-
2739	343.503906	343.604167	Db5	61	80	0	0	155158	P1-108-19	0	-
2740	343.634115	343.714844	Eb5	63	80	0	0	155218	P1-108-20	0	-
2741	343.731771	343.828125	Bb5	70	80	0	0	155278	P1-108-21	0	-
2742	343.855469	343.937500	Eb5	69	80	0	0	155338	P1-108-22	0	-
2743	343.971354	344.054688	Db5	69	80	0	0	155398	P1-108-23	0	-
2744	344.085938	344.143229	Eb5	66	80	0	0	155458	P1-108-24	0	-
2745	344.165365	344.282552	C5	69	80	0	0	155518	P1-109-1	0	-
2746	344.196615	344.539062	Ab2	35	80	0	0	155518	P1-109-25	0	-
2747	344.200521	344.549479	Ab3	35	80	0	0	155518	P1-109-27	0	-
2748	344.204427	344.619792	Eb3	31	80	0	0	155518	P1-109-26	0	-
2749	344.291667	344.386719	Eb5	65	80	0	0	155578	P1-109-2	0	-
2750	344.423177	344.493490	C5	72	80	0	0	155638	P1-109-3	0	-
2751	344.524740	344.596354	Eb5	68	80	0	0	155698	P1-109-4	0	-
2752	344.621094	344.722656	C6	77	80	0	0	155758	P1-109-5	0	-
2753	344.751302	344.826823	Eb5	74	80	0	0	155818	P1-109-6	0	-
2754	344.861979	344.924479	C5	74	80	0	0	155878	P1-109-7	0	-
2755	344.966146	345.028646	Eb5	71	80	0	0	155938	P1-109-8	0	-
2756	345.063802	345.509115	F4	54	80	0	0	155998	P1-109-30	0	-
2757	345.074219	345.519531	F3	56	80	0	0	155998	P1-109-28	0	-
2758	345.075521	345.171875	Db5	76	80	0	0	155998	P1-109-9	0	-
2759	345.083333	345.709635	Ab3	57	80	0	0	155998	P1-109-29	0	-
2760	345.195312	345.291667	Ab5	70	80	0	0	156058	P1-109-10	0	-
2761	345.300781	345.489583	F5	75	80	0	0	156118	P1-109-11	1	-
2762	345.441406	345.539062	Ab5	80	80	0	0	156178	P1-109-12	0	-
2763	345.537760	345.687500	Db6	80	80	0	0	156238	P1-109-13	0	-
2764	345.665365	345.744792	Ab5	80	80	0	0	156298	P1-109-14	0	-
2765	345.766927	345.881510	F5	69	80	0	0	156358	P1-109-15	0	-
2766	345.891927	345.986979	Ab5	78	80	0	0	156418	P1-109-16	0	-
2767	345.989583	346.179688	Eb5	79	80	0	0	156478	P1-109-17	0	-
2768	345.997396	346.299479	C4	57	80	0	0	156478	P1-109-33	0	-
2769	346.007812	346.369792	Ab3	58	80	0	0	156478	P1-109-32	0	-
2770	346.014323	346.164062	C3	51	80	0	0	156478	P1-109-31	0	-
2771	346.126302	346.236979	Eb6	80	80	0	0	156538	P1-109-18	0	-
2772	346.242188	346.360677	Ab5	82	80	0	0	156598	P1-109-19	0	-
2773	346.358073	346.454427	Eb6	80	80	0	0	156658	P1-109-20	0	-
2774	346.464844	346.639323	C4	55	80	0	0	156718	P1-109-36	0	-
2775	346.464844	346.593750	C3	53	80	0	0	156718	P1-109-34	0	-
2776	346.466146	346.572917	E5	81	80	0	0	156718	P1-109-21	0	-
2777	346.472656	346.604167	Ab3	53	80	0	0	156718	P1-109-35	0	-
2778	346.583333	346.700521	E6	88	80	0	0	156778	P1-109-22	0	-
2779	346.704427	346.819010	Ab5	87	80	0	0	156838	P1-109-23	0	-
2780	346.821615	346.915365	E6	86	80	0	0	156898	P1-109-24	0	-
2781	346.924479	347.199219	F5	89	80	0	0	156958	P1-110-1	0	-
2782	346.933594	347.729167	Ab3	59	80	0	0	156958	P1-110-28	0	-
2783	346.934896	347.609375	Db4	57	80	0	0	156958	P1-110-29	0	-
2784	346.934896	347.649740	Db3	56	80	0	0	156958	P1-110-27	0	-
2785	347.045573	347.165365	F6	91	80	0	0	157018	P1-110-2	0	-
2786	347.165365	347.303385	Ab5	86	80	0	0	157078	P1-110-3	1	-
2787	347.290365	347.429688	C#6	88	80	0	0	157138	P1-110-4	1	-
2788	347.421875	347.563802	F6	90	80	0	0	157198	P1-110-5	0	-
2789	347.546875	347.664062	Db6	82	80	0	0	157258	P1-110-6	0	-
2790	347.665365	347.777344	Ab5	89	80	0	0	157318	P1-110-7	0	-
2791	347.776042	347.872396	Db6	80	80	0	0	157378	P1-110-8	0	-
2792	347.882812	348.438802	G5	87	80	0	0	157438	P1-110-9	0	-
2793	347.910156	348.438802	Bb2	53	80	0	0	157438	P1-110-30	0	-
2794	347.916667	348.579427	Eb3	52	80	0	0	157438	P1-110-31	0	-
2795	348.024740	348.154948	Eb6	80	80	0	0	157498	P1-110-10	0	-
2796	348.131510	348.270833	Db6	79	80	0	0	157558	P1-110-11	0	-
2797	348.252604	348.385417	Eb6	84	80	0	0	157618	P1-110-12	0	-
2798	348.378906	348.533854	G6	91	80	0	0	157678	P1-110-13	0	-
2799	348.519531	348.636719	Eb6	79	80	0	0	157738	P1-110-14	0	-
2800	348.618490	348.765625	Db6	85	80	0	0	157798	P1-110-15	0	-
2801	348.738281	348.861979	Eb6	83	80	0	0	157858	P1-110-16	0	-
2802	348.876302	349.199219	G5	90	80	0	0	157918	P1-110-17	0	-
2803	348.894531	349.259115	C4	52	80	0	0	157918	P1-110-35	0	-
2804	348.894531	349.259115	Eb3	51	80	0	0	157918	P1-110-34	0	-
2805	348.899740	348.908854	Bb3	50	80	0	0	157918	*	3	-
2806	348.901042	349.182292	C3	49	80	0	0	157918	P1-110-33	0	-
2807	348.904948	348.908854	Eb4	49	80	0	0	157918	*	3	-
2808	349.016927	349.180990	G6	91	80	0	0	157978	P1-110-18	0	-
2809	349.158854	349.320312	Eb6	88	80	0	0	158038	P1-110-20	0	-
2810	349.160156	349.359375	C6	81	80	0	0	158038	P1-110-19	0	-
2811	349.304688	349.430990	G6	92	80	0	0	158098	P1-110-21	0	-
2812	349.433594	349.779948	Ab5	86	80	0	0	158158	P1-110-22	0	-
2813	349.454427	349.919271	C4	52	80	0	0	158158	P1-110-38	0	-
2814	349.458333	350.329427	Eb3	47	80	0	0	158158	P1-110-37	0	-
2815	349.468750	349.789062	C3	47	80	0	0	158158	P1-110-36	0	-
2816	349.574219	349.725260	Ab6	89	80	0	0	158218	P1-110-23	0	-
2817	349.700521	349.848958	C6	61	80	0	0	158278	P1-110-24	0	-
2818	349.705729	349.854167	Eb6	72	80	0	0	158278	P1-110-25	0	-
2819	349.843750	350.059896	Ab6	75	80	0	0	158338	P1-110-26	0	-
2820	350.143229	352.158854	Db3	37	80	0	0	158398	P1-111-8	0	-
2821	350.214844	351.000000	Ab3	32	80	0	0	158398	P1-111-20	0	-
2822	350.274740	352.009115	F5	81	80	0	0	158398	P1-111-1	0	-
2823	350.902344	351.553385	A3	52	80	0	0	158638	P1-111-10	0	-
2824	351.460938	352.063802	Bb3	48	80	0	0	158878	P1-111-12	0	-
2825	351.764323	352.239583	Bb4	70	80	0	0	158998	P1-111-3	0	-
2826	352.035156	352.389323	C5	68	80	0	0	159118	P1-111-4	0	-
2827	352.037760	352.352865	C4	46	80	0	0	159118	P1-111-14	0	-
2828	352.316406	352.680990	Db5	70	80	0	0	159238	P1-111-5	0	-
2829	352.346354	352.729167	Db4	43	80	0	0	159238	P1-111-16	0	-
2830	352.604167	353.619792	G4	50	80	0	0	159358	P1-111-6	0	-
2831	352.625000	353.729167	Bb3	33	80	0	0	159358	P1-111-19	0	-
2832	352.625000	353.869792	Eb3	27	80	0	0	159358	P1-111-17	0	-
2833	352.630208	353.899740	G3	32	80	0	0	159358	P1-111-18	0	-
2834	353.164062	354.419271	Eb5	69	80	0	0	159598	P1-111-7	0	-
2835	353.845052	355.348958	C4	46	80	0	0	159838	P1-112-13	0	-
2836	353.852865	355.878906	Eb4	53	80	0	0	159838	P1-112-14	0	-
2837	354.213542	354.574219	Db5	69	80	0	0	159958	P1-112-2	0	-
2838	354.544271	355.289062	C5	70	80	0	0	160078	P1-112-3	0	-
2839	354.865885	355.419271	C6	75	80	0	0	160198	P1-112-4	0	-
2840	355.154948	355.569010	Bb5	77	80	0	0	160318	P1-112-5	0	-
2841	355.455729	355.819010	G5	72	80	0	0	160438	P1-112-6	0	-
2842	355.712240	356.169271	C4	45	80	0	0	160558	P1-112-16	0	-
2843	355.738281	356.095052	Bb5	69	80	0	0	160558	P1-112-7	0	-
2844	355.744792	356.188802	Ab3	41	80	0	0	160558	P1-112-15	0	-
2845	356.044271	356.479167	Ab5	73	80	0	0	160678	P1-112-8	0	-
2846	356.372396	357.098958	C6	59	80	0	0	160798	P1-112-9	0	-
2847	356.385417	357.179688	C4	37	80	0	0	160798	P1-112-18	0	-
2848	356.393229	357.239583	Ab3	43	80	0	0	160798	P1-112-17	0	-
2849	356.726562	357.188802	Ab5	71	80	0	0	160918	P1-112-10	0	-
2850	357.063802	357.489583	Eb5	65	80	0	0	161038	P1-112-11	0	-
2851	357.417969	357.944010	E5	64	80	0	0	161158	P1-112-12	0	-
2852	357.421875	358.326823	Ab3	39	80	0	0	161158	P1-112-19	0	-
2853	357.472656	357.809896	C4	24	80	0	0	161158	P1-112-20	0	-
2854	357.808594	358.333333	Db3	32	80	0	0	161278	P1-113-21	0	-
2855	357.816406	357.989583	C4	31	80	0	0	161278	P1-113-9	0	-
2856	357.902344	359.989583	F5	65	80	0	0	161278	P1-113-1	0	-
2857	358.285156	358.589844	A3	39	80	0	0	161398	P1-113-10	0	-
2858	358.601562	358.904948	Bb3	41	80	0	0	161518	P1-113-11	0	-
2859	358.945312	359.315104	C4	37	80	0	0	161638	P1-113-12	0	-
2860	359.266927	359.688802	Db4	37	80	0	0	161758	P1-113-13	0	-
2861	359.593750	360.019531	Bb4	52	80	0	0	161878	P1-113-3	0	-
2862	359.605469	359.976562	Db3	31	80	0	0	161878	P1-113-14	0	-
2863	359.919271	360.274740	C5	58	80	0	0	161998	P1-113-4	0	-
2864	359.928385	360.294271	Eb3	36	80	0	0	161998	P1-113-15	0	-
2865	360.236979	360.618490	Db5	66	80	0	0	162118	P1-113-5	0	-
2866	360.243490	360.554688	F3	40	80	0	0	162118	P1-113-16	0	-
2867	360.570312	361.059896	Eb3	42	80	0	0	162238	P1-113-17	0	-
2868	360.582031	361.389323	G4	57	80	0	0	162238	P1-113-6	0	-
2869	360.953125	361.338542	Eb2	42	80	0	0	162358	P1-113-18	0	-
2870	361.305990	362.250000	Eb5	59	80	0	0	162478	P1-113-7	0	-
2871	361.320312	362.239583	Bb4	45	80	0	0	162478	*	3	-
2872	361.326823	361.869792	F2	36	80	0	0	162478	P1-113-19	0	-
2873	361.692708	362.213542	G2	35	80	0	0	162598	P1-113-20	0	-
2874	362.131510	363.709635	C5	58	80	0	0	162718	P1-114-3	0	-
2875	362.144531	364.059896	Eb4	42	80	0	0	162718	P1-114-1	0	-
2876	362.153646	363.479167	Ab2	34	80	0	0	162718	P1-114-15	0	-
2877	362.164062	364.919271	Ab1	35	80	0	0	162718	P1-114-18	0	-
2878	363.472656	365.459635	Db5	71	80	0	0	163198	P1-114-4	0	-
2879	363.475260	364.500000	Ab4	59	80	0	0	163198	P1-114-13	0	-
2880	363.484375	364.369792	F2	41	80	0	0	163198	P1-114-20	0	-
2881	363.484375	364.750000	G#2	40	80	0	0	163198	*	3	-
2882	364.174479	364.954427	F4	75	80	0	0	163438	P1-114-5	0	-
2883	364.195312	365.169271	Db2	47	80	0	0	163438	P1-114-22	0	-
2884	364.893229	365.539062	G2	45	80	0	0	163678	P1-114-24	0	-
2885	364.894531	365.989583	Bb4	78	80	0	0	163678	P1-114-7	0	-
2886	365.723958	366.369792	Db5	80	80	0	0	163918	P1-114-11	0	-
2887	365.730469	366.389323	G4	68	80	0	0	163918	P1-114-10	0	-
2888	365.730469	366.279948	E4	68	80	0	0	163918	P1-114-9	0	-
2889	365.731771	365.739583	A2	53	80	0	0	163918	P1-114-26	1	-
2890	365.734375	365.750000	A1	49	80	0	0	163918	P1-114-25	1	-
2891	366.591146	369.209635	Db5	83	80	0	0	164158	P1-115-2	0	-
2892	366.592448	369.009115	G4	72	80	0	0	164158	P1-115-1	0	-
2893	366.596354	368.158854	E4	71	80	0	0	164158	P1-115-4	0	-
2894	368.246094	369.039062	Eb4	58	80	0	0	164638	P1-115-5	0	-
2895	370.135417	370.769531	C5	44	80	0	0	165118	P1-115-8	0	-
2896	370.140625	370.750000	Eb4	29	80	0	0	165118	P1-115-6	0	-
2897	370.143229	370.769531	Ab1	29	80	0	0	165118	P1-115-11	0	-
2898	370.143229	370.750000	Ab2	29	80	0	0	165118	P1-115-12	0	-
2899	370.147135	370.779948	Ab4	33	80	0	0	165118	P1-115-7	0	-
2900	370.153646	370.729167	C4	26	80	0	0	165118	*	3	-
2901	372.144531	374.158854	C5	35	80	0	0	165598	P1-116-3	0	-
2902	372.156250	374.658854	Ab2	25	80	0	0	165598	P1-116-7	0	-
2903	372.157552	372.169271	Eb3	23	80	0	0	165598	*	3	-
2904	372.157552	374.489583	Ab1	25	80	0	0	165598	P1-116-6	0	-
2905	372.158854	374.348958	Ab4	31	80	0	0	165598	P1-116-2	0	-
2906	372.162760	374.579427	Eb4	25	80	0	0	165598	P1-116-1	0	-
2907	372.169271	373.679688	C4	20	80	0	0	165598	*	3	-
//Missing 15120	P1-11-18
//Missing 15600	P1-11-25
//Missing 18720	P1-14-27
//Missing 21120	P1-15-33
//Missing 23040	P1-17-25
//Missing 24000	P1-17-32
//Missing 26880	P1-19-39
//Missing 32640	P1-23-13
//Missing 34560	P1-25-7
//Missing 35190	P1-25-23
//Missing 35400	P1-25-47
//Missing 36060	P1-26-53
//Missing 36120	P1-26-54
//Missing 36320	P1-26-28
//Missing 36720	P1-26-63
//Missing 38160	P1-27-52
//Missing 38190	P1-27-28
//Missing 38370	P1-27-32
//Missing 38400	P1-27-33
//Missing 39960	P1-28-36
//Missing 40080	P1-28-38
//Missing 40200	P1-28-41
//Missing 40320	P1-29-10
//Missing 40800	P1-29-19
//Missing 43080	P1-30-41
//Missing 43200	P1-31-10
//Missing 46920	P1-33-25
//Missing 52320	P1-37-17
//Missing 57600	P1-41-8
//Missing 63360	P1-45-4
//Missing 63840	P1-45-7
//Missing 66720	P1-47-7
//Missing 67680	P1-48-7
//Missing 68640	P1-48-8
//Missing 68640	P1-48-9
//Missing 79918	P1-56-4
//Missing 79918	P1-56-5
//Missing 80158	P1-56-7
//Missing 80638	P1-57-7
//Missing 81118	P1-57-5
//Missing 84448	P1-59-14
//Missing 84508	P1-59-16
//Missing 84598	P1-59-34
//Missing 84688	P1-59-20
//Missing 90478	P1-63-21
//Missing 98518	P1-69-22
//Missing 98518	P1-69-23
//Missing 98998	P1-69-29
//Missing 99118	P1-69-31
//Missing 99238	P1-69-33
//Missing 99238	P1-69-34
//Missing 100798	P1-71-26
//Missing 100798	P1-71-27
//Missing 101278	P1-71-29
//Missing 102238	P1-72-26
//Missing 103678	P1-73-27
//Missing 107278	P1-75-36
//Missing 107518	P1-75-39
//Missing 107758	P1-75-42
//Missing 110398	P1-77-16
//Missing 111838	P1-78-18
//Missing 111958	P1-78-20
//Missing 112078	P1-78-22
//Missing 112198	P1-78-24
//Missing 118078	P1-83-13
//Missing 119518	P1-84-7
//Missing 120118	P1-84-44
//Missing 120478	P1-84-49
//Missing 120838	P1-84-54
//Missing 121198	P1-85-56
//Missing 122188	P1-85-48
//Missing 122238	P1-85-50
//Missing 122818	P1-86-47
//Missing 122878	P1-86-48
//Missing 122968	P1-86-23
//Missing 123028	P1-86-25
//Missing 123328	P1-86-32
//Missing 123358	P1-86-33
//Missing 124198	P1-87-16
//Missing 127918	P1-89-36
//Missing 131878	P1-92-27
//Missing 132478	P1-93-4
//Missing 133918	P1-94-4
//Missing 135358	P1-95-13
//Missing 135838	P1-95-16
//Missing 137278	P1-96-17
//Missing 151078	P1-105-28
//Missing 152638	P1-107-27
//Missing 154078	P1-108-27
//Missing 157438	P1-110-32
//Missing 161278	P1-113-8
//Missing 162718	P1-114-2
//Missing 164158	P1-115-9
//Missing 164158	P1-115-10
//Missing 35840	P1-25-39
//Missing 36000	P1-26-52
//Missing 36180	P1-26-55
//Missing 36210	P1-26-24
//Missing 36750	P1-26-37
//Missing 36800	P1-26-39
//Missing 37170	P1-26-46
//Missing 37200	P1-26-70
//Missing 37280	P1-26-50
//Missing 38070	P1-27-25
//Missing 38100	P1-27-51
//Missing 38130	P1-27-26
//Missing 38220	P1-27-53
//Missing 38250	P1-27-29
//Missing 38280	P1-27-54
//Missing 38310	P1-27-31
//Missing 38340	P1-27-55
//Missing 47040	P1-33-29
//Missing 78838	P1-55-19
//Missing 78998	P1-55-24
//Missing 83998	P1-59-24
//Missing 84028	P1-59-4
//Missing 84388	P1-59-13
//Missing 84418	P1-59-31
//Missing 84568	P1-59-17
//Missing 120988	P1-85-20
//Missing 121278	P1-85-28
//Missing 121618	P1-85-62
//Missing 121648	P1-85-35
//Missing 121758	P1-85-39
//Missing 122008	P1-85-43
//Missing 122788	P1-86-19
//Missing 122848	P1-86-20
//Missing 122908	P1-86-22
//Missing 122938	P1-86-49
//Missing 122998	P1-86-50
//Missing 123058	P1-86-51
//Missing 123088	P1-86-26
//Missing 123118	P1-86-52
//Missing 154078	P1-108-25
