//Version: PianoRoll_v170101
0	1.852865	2.889323	C5	50	80	0
1	1.872396	3.000000	G#4	45	80	0
2	1.889323	1.899740	Eb2	29	80	0
3	1.893229	2.519531	Eb4	28	80	0
4	3.576823	3.789062	G#4	40	80	0
5	3.593750	3.598958	Eb4	27	80	0
6	3.595052	3.609375	Eb3	28	80	0
7	4.166667	4.529948	G#4	47	80	0
8	4.182292	4.419271	Eb4	35	80	0
9	4.195312	4.449219	Eb3	32	80	0
10	5.009115	5.339844	G#4	50	80	0
11	5.019531	5.199219	Eb4	39	80	0
12	5.023438	5.250000	Eb3	40	80	0
13	5.295573	5.979167	C#5	56	80	0
14	5.305990	5.598958	Bb3	43	80	0
15	5.322917	5.658854	G4	44	80	0
16	6.566406	7.299479	Bb4	47	80	0
17	6.572917	6.878906	Eb3	34	80	0
18	6.579427	6.899740	G4	39	80	0
19	6.584635	6.799479	C#4	29	80	0
20	9.005208	10.779948	Eb5	42	80	0
21	9.014323	10.389323	G#4	39	80	0
22	9.020833	9.809896	C4	25	80	0
23	9.024740	9.029948	G#3	31	80	0
24	9.024740	10.319010	Eb3	25	80	0
25	9.652344	10.389323	G#3	29	80	0
26	10.165365	10.529948	C4	37	80	0
27	10.684896	11.289062	C#5	54	80	0
28	10.694010	11.029948	Bb3	35	80	0
29	10.705729	11.029948	G#4	40	80	0
30	10.712240	10.968750	Bb2	28	80	0
31	10.722656	10.949219	F3	28	80	0
32	11.251302	11.829427	Eb5	62	80	0
33	11.265625	11.649740	G#4	51	80	0
34	11.265625	11.598958	C4	45	80	0
35	11.273438	11.699219	Eb3	42	80	0
36	11.868490	12.459635	F5	71	80	0
37	11.881510	12.109375	C#4	51	80	0
38	11.882812	12.299479	G#4	53	80	0
39	11.884115	12.229167	C#3	51	80	0
40	12.661458	13.799479	Eb5	46	80	0
41	12.707031	12.938802	Bb3	29	80	0
42	12.713542	12.759115	C#4	26	80	0
43	12.713542	14.589844	Eb2	25	80	0
44	12.714844	12.799479	Eb3	25	80	0
45	13.705729	13.908854	C#5	42	80	0
46	14.102865	14.429688	C#5	41	80	0
47	14.128906	14.628906	Eb3	25	80	0
48	14.393229	14.649740	Eb5	38	80	0
49	14.557292	14.718750	C#5	35	80	0
50	14.721354	14.839844	Eb5	36	80	0
51	14.816406	14.908854	C#5	34	80	0
52	14.915365	15.029948	Eb5	42	80	0
53	15.003906	15.079427	C#5	40	80	0
54	15.078125	15.209635	Eb5	41	80	0
55	15.154948	15.250000	C#5	43	80	0
56	15.322917	15.468750	C#5	40	80	0
57	15.393229	15.519531	Eb5	42	80	0
58	15.526042	15.609375	Eb5	40	80	0
59	15.596354	15.688802	C#5	45	80	0
60	15.675781	15.789062	Eb5	44	80	0
61	15.743490	15.799479	C#5	40	80	0
62	15.799479	15.869792	Eb5	50	80	0
63	15.868490	15.929688	C#5	46	80	0
64	15.929688	16.188802	Eb5	52	80	0
65	16.014323	16.229167	C#5	50	80	0
66	16.252604	16.539062	C5	49	80	0
67	16.502604	16.729167	C#5	47	80	0
68	16.722656	16.859375	Eb5	44	80	0
69	16.876302	17.069010	C#5	44	80	0
70	16.963542	17.089844	Eb5	38	80	0
71	17.041667	17.819010	F5	47	80	0
72	17.773438	18.039062	Eb5	40	80	0
73	18.127604	18.218750	C#5	39	80	0
74	18.574219	18.579427	C5	42	80	0
75	19.175781	19.188802	Eb4	26	80	0
76	19.944010	20.039062	C4	27	80	0
77	20.179688	20.609375	Eb5	50	80	0
78	20.186198	20.259115	C4	25	80	0
79	20.444010	20.598958	Eb4	25	80	0
80	20.449219	20.649740	C4	29	80	0
81	20.684896	20.819010	G#3	26	80	0
82	20.959635	21.079427	Eb4	30	80	0
83	21.205729	21.489583	G#5	59	80	0
84	21.251302	21.319010	C4	33	80	0
85	21.486979	21.619792	C5	41	80	0
86	21.490885	21.619792	C4	33	80	0
87	21.774740	23.000000	G#5	57	80	0
88	21.783854	21.938802	Bb3	36	80	0
89	22.104167	22.109375	C#4	29	80	0
90	22.350260	22.359375	C#4	27	80	0
91	22.365885	22.378906	Eb4	26	80	0
92	22.625000	22.709635	C#4	28	80	0
93	22.888021	24.069010	G5	49	80	0
94	22.895833	23.029948	Eb4	21	80	0
95	23.158854	23.169271	C#4	22	80	0
96	23.673177	23.759115	C#4	24	80	0
97	23.954427	23.959635	Bb3	31	80	0
98	24.154948	24.299479	Eb4	25	80	0
99	24.158854	24.229167	C#4	26	80	0
100	24.432292	24.489583	C#4	23	80	0
101	24.695312	24.789062	Eb4	28	80	0
102	24.696615	24.750000	C#4	28	80	0
103	24.852865	24.859375	C#4	23	80	0
104	24.941406	25.539062	Bb5	59	80	0
105	24.945312	24.959635	Bb4	39	80	0
106	24.954427	25.069010	C#4	33	80	0
107	25.252604	25.309896	Bb4	42	80	0
108	25.260417	25.309896	G4	37	80	0
109	25.265625	25.348958	Eb4	24	80	0
110	25.496094	25.589844	Bb4	40	80	0
111	25.502604	25.619792	C#4	23	80	0
112	25.752604	25.848958	Eb4	26	80	0
113	25.753906	25.899740	Bb4	38	80	0
114	26.014323	26.188802	C#4	27	80	0
115	26.257812	26.339844	Bb4	36	80	0
116	26.261719	26.339844	G4	35	80	0
117	26.261719	26.316406	Eb4	34	80	0
118	26.494792	26.949219	G5	55	80	0
119	26.503906	26.579427	C#4	28	80	0
120	26.503906	26.598958	Eb4	31	80	0
121	26.523438	26.609375	G4	30	80	0
122	26.742188	26.839844	Bb4	37	80	0
123	26.744792	26.848958	Eb4	27	80	0
124	26.752604	26.819010	C#4	27	80	0
125	26.988281	27.309896	C#4	33	80	0
126	27.222656	27.287760	Bb4	39	80	0
127	27.226562	27.290365	Eb4	35	80	0
128	27.234375	27.239583	G4	29	80	0
129	27.464844	27.679688	Eb5	54	80	0
130	27.515625	27.609375	Eb4	26	80	0
131	27.753906	27.807292	Eb4	36	80	0
132	28.001302	29.079427	Eb5	58	80	0
133	28.027344	28.128906	G#4	36	80	0
134	28.033854	28.809896	C4	40	80	0
135	28.035156	28.128906	Eb4	27	80	0
136	28.285156	28.389323	G#4	34	80	0
137	28.290365	28.345052	Eb4	25	80	0
138	28.516927	28.628906	G#4	40	80	0
139	28.524740	28.582031	Eb4	36	80	0
140	28.761719	28.959635	G#4	34	80	0
141	28.764323	28.899740	Eb4	31	80	0
142	29.023438	29.029948	G#6	63	80	0
143	29.027344	29.419271	G#5	61	80	0
144	29.035156	29.378906	C4	31	80	0
145	29.037760	29.158854	G#4	38	80	0
146	29.050781	29.106771	Eb4	24	80	0
147	29.292969	29.355469	G#4	35	80	0
148	29.294271	29.356771	Eb4	35	80	0
149	29.518229	29.584635	C4	26	80	0
150	29.524740	29.578125	G#4	36	80	0
151	29.537760	29.585938	Eb4	33	80	0
152	29.718750	29.829427	C4	27	80	0
153	29.750000	29.805990	Eb4	36	80	0
154	29.753906	29.919271	G#4	38	80	0
155	30.024740	30.098958	G#4	34	80	0
156	30.024740	30.079427	Eb4	27	80	0
157	30.024740	30.378906	C4	38	80	0
158	30.247396	30.304688	G#4	46	80	0
159	30.248698	30.305990	Eb4	37	80	0
160	30.496094	30.566406	G#4	30	80	0
161	30.523438	30.567708	Eb4	30	80	0
162	30.747396	30.848958	Eb4	29	80	0
163	30.752604	30.869792	G#4	36	80	0
164	31.031250	31.039062	G#6	65	80	0
165	31.032552	32.188802	G#5	65	80	0
166	31.039062	31.539062	F#4	43	80	0
167	31.044271	31.218750	G#4	46	80	0
168	31.342448	31.429688	Eb5	39	80	0
169	31.343750	31.429688	C5	35	80	0
170	31.343750	31.449219	G#4	31	80	0
171	31.569010	31.628906	G#4	36	80	0
172	31.571615	31.658854	C5	36	80	0
173	31.574219	31.669271	Eb5	36	80	0
174	31.826823	31.899740	G#3	35	80	0
175	31.828125	31.938802	G#4	42	80	0
176	31.828125	31.929688	C5	40	80	0
177	32.048177	32.209635	F#4	45	80	0
178	32.048177	32.158854	G#4	39	80	0
179	32.304688	32.350260	G#4	35	80	0
180	32.304688	32.378906	Eb5	43	80	0
181	32.320312	32.399740	C5	41	80	0
182	32.497396	33.489583	C6	67	80	0
183	32.526042	32.639323	Eb5	31	80	0
184	32.533854	32.583333	C5	38	80	0
185	32.544271	32.669271	G#4	24	80	0
186	32.794271	33.059896	Eb5	37	80	0
187	32.811198	32.908854	G#4	35	80	0
188	32.811198	32.908854	C5	36	80	0
189	33.019531	33.098958	C5	41	80	0
190	33.022135	33.072917	G#4	36	80	0
191	33.024740	33.078125	F#4	38	80	0
192	33.282552	33.449219	Eb5	43	80	0
193	33.282552	33.459635	G#4	37	80	0
194	33.290365	33.378906	C5	37	80	0
195	33.505208	33.938802	Eb6	72	80	0
196	33.554688	33.628906	C5	32	80	0
197	33.563802	33.658854	G#4	31	80	0
198	33.755208	33.938802	Eb5	41	80	0
199	33.778646	33.878906	C5	38	80	0
200	33.792969	33.878906	F#4	28	80	0
201	33.803385	34.029948	G#4	35	80	0
202	34.057292	35.839844	Eb6	72	80	0
203	34.065104	34.479167	F5	47	80	0
204	34.066406	34.938802	F4	36	80	0
205	34.372396	34.434896	C#5	40	80	0
206	34.375000	34.500000	G#4	32	80	0
207	34.605469	34.709635	G#4	37	80	0
208	34.605469	34.657552	C#5	35	80	0
209	34.854167	35.009115	C#5	43	80	0
210	34.855469	34.989583	G#4	43	80	0
211	35.091146	35.199219	G#4	44	80	0
212	35.092448	35.919271	F4	48	80	0
213	35.342448	35.459635	G#4	44	80	0
214	35.343750	35.406250	C#5	48	80	0
215	35.589844	36.069010	C#6	80	80	0
216	35.595052	35.688802	C#5	54	80	0
217	35.596354	35.699219	G#4	47	80	0
218	35.865885	36.029948	C#5	51	80	0
219	35.871094	36.188802	G#4	46	80	0
220	36.119792	36.839844	Eb6	82	80	0
221	36.125000	36.289062	C#5	58	80	0
222	36.132812	36.809896	Eb4	55	80	0
223	36.132812	36.309896	Eb5	62	80	0
224	36.415365	36.819010	G#4	50	80	0
225	36.419271	36.679688	C5	52	80	0
226	36.662760	36.968750	F6	81	80	0
227	36.664062	37.139323	C#4	55	80	0
228	36.667969	36.789062	C#5	62	80	0
229	36.962240	37.289062	Bb4	52	80	0
230	36.964844	37.218750	G#4	48	80	0
231	37.291667	39.389323	F6	80	80	0
232	37.304688	38.419271	Eb4	48	80	0
233	37.305990	37.500000	G#4	45	80	0
234	37.660156	37.769531	C5	39	80	0
235	37.665365	37.938802	G#4	37	80	0
236	37.955729	39.438802	Eb6	65	80	0
237	37.986979	38.489583	C5	35	80	0
238	38.006510	38.569010	G#4	40	80	0
239	38.545573	39.408854	Eb4	27	80	0
240	39.072917	39.419271	C#6	54	80	0
241	39.352865	39.859375	C6	53	80	0
242	39.354167	39.688802	G#4	30	80	0
243	39.648438	40.289062	Eb6	52	80	0
244	39.930990	40.209635	C#6	56	80	0
245	39.940104	39.949219	C#5	39	80	0
246	40.213542	40.779948	G5	43	80	0
247	40.214844	40.369792	C#5	35	80	0
248	40.218750	40.658854	C#6	44	80	0
249	40.234375	40.549479	Eb3	25	80	0
250	40.473958	40.628906	C#5	36	80	0
251	40.751302	41.339844	G#5	47	80	0
252	40.761719	41.158854	G#4	34	80	0
253	40.906250	41.029948	Eb6	46	80	0
254	41.033854	41.239583	C6	46	80	0
255	41.153646	41.234375	Eb6	48	80	0
256	41.257812	41.341146	G#6	59	80	0
257	41.378906	41.519531	Eb6	48	80	0
258	41.509115	41.669271	C6	51	80	0
259	41.611979	41.729167	Eb6	42	80	0
260	41.751302	41.938802	G#5	44	80	0
261	41.877604	41.940104	Eb5	45	80	0
262	41.996094	42.158854	C5	40	80	0
263	42.089844	42.218750	Eb5	44	80	0
264	42.225260	42.479167	G#4	41	80	0
265	42.354167	42.406250	Eb4	29	80	0
266	42.453125	42.589844	C4	38	80	0
267	42.567708	42.779948	Eb4	46	80	0
268	42.700521	42.889323	G#3	39	80	0
269	42.821615	42.829427	Eb2	35	80	0
270	42.825521	43.139323	Eb3	35	80	0
271	42.954427	43.250000	C3	36	80	0
272	43.205729	43.359375	G#2	43	80	0
273	43.210938	43.359375	G#1	39	80	0
274	43.457031	43.639323	C3	34	80	0
275	43.554688	43.669271	Eb3	32	80	0
276	43.695312	44.079427	Bb1	39	80	0
277	43.701823	44.149740	Bb2	46	80	0
278	43.704427	43.709635	G1	40	80	0
279	43.705729	43.968750	G2	40	80	0
280	43.744792	44.079427	Eb3	39	80	0
281	43.985677	44.179688	C#3	33	80	0
282	44.238281	44.399740	G3	39	80	0
283	44.351562	44.519531	Eb3	32	80	0
284	44.476562	44.688802	C#3	31	80	0
285	44.707031	45.229167	Bb2	42	80	0
286	44.708333	45.429688	Bb1	38	80	0
287	44.722656	45.408854	Eb2	40	80	0
288	44.723958	45.049479	G3	38	80	0
289	44.731771	45.119792	Eb3	41	80	0
290	44.899740	45.029948	Eb4	36	80	0
291	45.013021	45.091146	C#4	47	80	0
292	45.132812	45.250000	Eb4	44	80	0
293	45.253906	45.259115	G4	51	80	0
294	45.364583	45.459635	Eb4	39	80	0
295	45.479167	45.552083	C#4	50	80	0
296	45.585938	45.651042	Eb4	43	80	0
297	45.716146	46.019531	Bb2	41	80	0
298	45.721354	46.209635	Eb2	37	80	0
299	45.863281	45.929688	Eb4	40	80	0
300	45.864583	46.000000	Eb5	48	80	0
301	45.980469	46.209635	C#5	49	80	0
302	46.104167	46.269531	Eb5	39	80	0
303	46.235677	46.449219	G5	53	80	0
304	46.355469	46.417969	Eb5	46	80	0
305	46.455729	46.579427	C#5	55	80	0
306	46.555990	46.709635	Eb5	46	80	0
307	46.696615	47.449219	C3	41	80	0
308	46.709635	47.688802	C2	39	80	0
309	46.723958	47.809896	Eb2	38	80	0
310	46.734375	46.979167	G#5	56	80	0
311	46.873698	46.964844	Eb6	59	80	0
312	46.994792	47.082031	C6	59	80	0
313	47.115885	47.209635	Eb6	58	80	0
314	47.233073	47.334635	G#6	67	80	0
315	47.345052	47.479167	Eb6	52	80	0
316	47.453125	47.598958	C6	62	80	0
317	47.584635	47.729167	Eb6	57	80	0
318	47.725260	47.817708	G#5	58	80	0
319	47.852865	47.912760	Eb5	45	80	0
320	47.957031	48.069010	C5	52	80	0
321	48.054688	48.149740	Eb5	44	80	0
322	48.191406	48.378906	G#4	52	80	0
323	48.324219	48.375000	Eb4	42	80	0
324	48.406250	48.476562	C4	49	80	0
325	48.660156	48.848958	G#3	46	80	0
326	48.792969	48.899740	Eb3	43	80	0
327	48.914062	49.095052	C3	41	80	0
328	49.007812	49.091146	Eb3	43	80	0
329	49.145833	49.299479	G#2	47	80	0
330	49.264323	49.329427	Eb3	43	80	0
331	49.378906	49.589844	C3	51	80	0
332	49.502604	49.759115	Eb3	43	80	0
333	49.635417	50.218750	Bb1	47	80	0
334	49.638021	49.938802	G1	48	80	0
335	49.639323	50.199219	Eb2	50	80	0
336	49.639323	50.098958	Bb2	49	80	0
337	49.639323	50.239583	G2	48	80	0
338	49.910156	50.109375	C#3	51	80	0
339	50.027344	50.149740	Eb3	39	80	0
340	50.173177	50.236979	Bb3	45	80	0
341	50.281250	50.347656	Eb3	43	80	0
342	50.391927	50.462240	C#3	51	80	0
343	50.494792	50.579427	Eb3	57	80	0
344	50.626302	51.029948	G2	52	80	0
345	50.632812	50.869792	C#3	52	80	0
346	50.634115	51.419271	Eb2	50	80	0
347	50.634115	50.869792	Eb3	50	80	0
348	50.805990	50.919271	Eb4	44	80	0
349	50.930990	51.059896	C#4	54	80	0
350	51.035156	51.169271	Eb4	39	80	0
351	51.381510	51.444010	C#4	51	80	0
352	51.477865	51.619792	Eb4	48	80	0
353	51.605469	51.699219	C#5	48	80	0
354	51.617188	52.069010	Eb2	42	80	0
355	51.769531	51.878906	Eb5	57	80	0
356	51.885417	52.029948	C#5	54	80	0
357	51.984375	52.139323	Eb5	54	80	0
358	52.122396	52.639323	Bb5	58	80	0
359	52.356771	52.529948	C#5	49	80	0
360	52.475260	52.669271	Eb5	41	80	0
361	52.611979	53.489583	G#2	38	80	0
362	52.623698	53.169271	G#1	36	80	0
363	52.631510	53.579427	Eb2	34	80	0
364	52.782552	52.919271	G#5	52	80	0
365	52.882812	52.960938	Eb5	48	80	0
366	53.002604	53.106771	G#5	51	80	0
367	53.141927	53.223958	C6	59	80	0
368	53.174479	53.359375	G#1	24	80	0
369	53.269531	53.330729	G#5	51	80	0
370	53.372396	54.279948	G#1	30	80	0
371	53.375000	53.445312	Eb5	51	80	0
372	53.483073	53.554688	G#5	57	80	0
373	53.623698	53.709635	Eb5	48	80	0
374	53.625000	53.759115	C5	50	80	0
375	53.751302	53.813802	G#4	50	80	0
376	53.859375	54.000000	Eb4	48	80	0
377	53.973958	54.029948	G#4	45	80	0
378	54.069010	54.164062	C4	41	80	0
379	54.204427	54.272135	G#3	42	80	0
380	54.325521	54.395833	Eb3	41	80	0
381	54.437500	54.522135	G#3	42	80	0
382	54.557292	54.949219	C3	39	80	0
383	54.705729	54.770833	G#3	43	80	0
384	54.808594	54.938802	Eb3	41	80	0
385	54.936198	55.005208	G#3	42	80	0
386	55.044271	55.131510	C4	44	80	0
387	55.170573	55.234375	G#3	37	80	0
388	55.279948	55.468750	Eb3	51	80	0
389	55.393229	55.484375	G#3	43	80	0
390	55.532552	56.438802	F2	52	80	0
391	55.533854	55.729167	F3	46	80	0
392	55.535156	55.769531	D3	45	80	0
393	55.539062	56.839844	F1	50	80	0
394	55.707031	55.760417	Bb3	44	80	0
395	55.800781	55.872396	G#3	47	80	0
396	55.924479	55.983073	Bb3	50	80	0
397	56.037760	56.188802	D4	48	80	0
398	56.136719	56.204427	Bb3	54	80	0
399	56.255208	56.359375	G#3	51	80	0
400	56.363281	56.569010	Bb3	49	80	0
401	56.503906	56.848958	F3	47	80	0
402	56.511719	56.639323	D4	47	80	0
403	56.515625	57.199219	F2	47	80	0
404	56.515625	57.158854	Bb2	49	80	0
405	56.653646	56.789062	Bb4	51	80	0
406	56.763021	56.968750	G#4	58	80	0
407	56.885417	57.039062	Bb4	53	80	0
408	56.997396	57.209635	D5	61	80	0
409	57.100260	57.239583	Bb4	52	80	0
410	57.221354	57.300781	G#4	59	80	0
411	57.324219	57.394531	Bb4	59	80	0
412	57.449219	58.059896	Eb3	60	80	0
413	57.457031	58.239583	Eb2	58	80	0
414	57.466146	58.149740	Bb2	59	80	0
415	57.472656	57.589844	Eb5	64	80	0
416	57.600260	57.729167	Bb5	65	80	0
417	57.729167	57.878906	G5	61	80	0
418	57.852865	57.964844	Bb5	64	80	0
419	57.970052	58.065104	Eb6	73	80	0
420	58.083333	58.156250	Bb5	63	80	0
421	58.183594	58.272135	G6	71	80	0
422	58.184896	58.261719	G5	68	80	0
423	58.292969	58.384115	Bb5	69	80	0
424	58.434896	58.598958	F5	70	80	0
425	58.436198	58.769531	D3	54	80	0
426	58.444010	58.979167	Bb2	59	80	0
427	58.444010	58.679688	Bb1	58	80	0
428	58.446615	58.878906	D2	54	80	0
429	58.576823	58.664062	Bb5	67	80	0
430	58.683594	58.819010	G#5	73	80	0
431	58.805990	58.891927	Bb5	67	80	0
432	58.916667	59.013021	F6	80	80	0
433	59.037760	59.169271	Bb6	67	80	0
434	59.039062	59.158854	Bb5	70	80	0
435	59.154948	59.269531	G#5	79	80	0
436	59.156250	59.259115	G#6	79	80	0
437	59.273438	59.389323	Bb5	60	80	0
438	59.381510	59.679688	D4	68	80	0
439	59.385417	59.899740	D3	61	80	0
440	59.393229	59.619792	F6	73	80	0
441	59.394531	59.919271	Bb3	66	80	0
442	59.395833	59.559896	F5	72	80	0
443	59.553385	59.636719	Bb5	74	80	0
444	59.653646	59.789062	G#5	76	80	0
445	59.653646	59.718750	G#6	75	80	0
446	59.761719	59.872396	Bb5	70	80	0
447	59.891927	59.992188	F6	86	80	0
448	60.022135	60.089844	Bb6	70	80	0
449	60.022135	60.102865	Bb5	77	80	0
450	60.126302	60.233073	G#6	79	80	0
451	60.127604	60.259115	G#5	82	80	0
452	60.234375	60.359375	Bb5	80	80	0
453	60.235677	60.289062	Bb6	77	80	0
454	60.347656	60.549479	C#4	68	80	0
455	60.352865	60.669271	Bb3	69	80	0
456	60.355469	60.549479	G6	76	80	0
457	60.355469	61.019531	Eb3	70	80	0
458	60.500000	60.595052	Eb6	78	80	0
459	60.610677	60.619792	Bb6	72	80	0
460	60.611979	60.712240	Bb5	80	80	0
461	60.714844	60.829427	Eb6	78	80	0
462	60.846354	61.139323	G6	95	80	0
463	60.973958	61.074219	Eb6	83	80	0
464	61.085938	61.158854	Bb6	76	80	0
465	61.085938	61.239583	Bb5	83	80	0
466	61.195312	61.307292	Eb6	84	80	0
467	61.333333	61.339844	G#6	85	80	0
468	61.333333	61.628906	G#5	86	80	0
469	61.334635	61.639323	C4	71	80	0
470	61.337240	61.609375	C3	72	80	0
471	61.343750	61.583333	Eb3	72	80	0
472	61.496094	61.699219	G#6	92	80	0
473	61.611979	61.710938	Eb6	78	80	0
474	61.713542	61.835938	G#6	76	80	0
475	61.846354	62.039062	A5	81	80	0
476	61.854167	62.209635	B3	76	80	0
477	61.868490	62.049479	B2	70	80	0
478	61.869792	62.118490	Eb3	69	80	0
479	61.989583	62.122396	A6	84	80	0
480	62.106771	62.221354	Eb6	83	80	0
481	62.223958	62.389323	A6	88	80	0
482	62.343750	62.509115	A5	86	80	0
483	62.354167	62.779948	B3	72	80	0
484	62.356771	62.567708	Eb4	72	80	0
485	62.472656	62.598958	A6	84	80	0
486	62.595052	62.696615	Eb6	88	80	0
487	62.705729	62.839844	A6	85	80	0
488	62.834635	63.019531	Bb5	86	80	0
489	62.838542	62.979167	Bb6	82	80	0
490	62.861979	62.869792	Bb4	77	80	0
491	62.861979	63.779948	Bb3	73	80	0
492	62.864583	63.250000	Eb4	67	80	0
493	62.984375	63.111979	Bb6	95	80	0
494	63.108073	63.218750	Eb6	88	80	0
495	63.226562	63.419271	Bb6	88	80	0
496	63.352865	63.598958	Bb5	78	80	0
497	63.361979	63.369792	G#5	74	80	0
498	63.378906	63.718750	G#4	68	80	0
499	63.384115	63.959635	G#3	60	80	0
500	63.385417	64.239583	Eb4	49	80	0
501	63.514323	63.645833	Bb6	86	80	0
502	63.641927	63.753906	Eb6	78	80	0
503	63.757812	63.989583	Bb6	83	80	0
504	63.923177	64.709635	B5	63	80	0
505	63.962240	64.269531	G4	46	80	0
506	64.091146	64.378906	B6	69	80	0
507	64.261719	65.109375	Eb6	56	80	0
508	64.393229	64.869792	B6	44	80	0
509	64.726562	66.319010	C7	60	80	0
510	65.065104	65.938802	G#5	49	80	0
511	65.589844	66.079427	C6	57	80	0
512	65.902344	67.199219	Bb6	67	80	0
513	66.154948	66.968750	G5	52	80	0
514	66.420573	66.429688	G4	36	80	0
515	66.675781	67.250000	Bb5	58	80	0
516	66.973958	68.309896	G#6	75	80	0
517	67.234375	68.069010	F5	55	80	0
518	67.503906	68.119792	F4	36	80	0
519	67.743490	68.089844	A6	76	80	0
520	68.054688	69.589844	Bb6	80	80	0
521	68.343750	69.139323	G5	48	80	0
522	68.622396	68.628906	G4	36	80	0
523	68.858073	69.489583	Bb5	55	80	0
524	69.140625	70.449219	G#6	64	80	0
525	69.425781	69.889323	F5	43	80	0
526	69.704427	69.718750	F4	29	80	0
527	69.928385	70.229167	G#5	51	80	0
528	70.212240	70.779948	G6	64	80	0
529	70.515625	70.869792	G5	50	80	0
530	70.532552	70.539062	Eb4	28	80	0
531	70.766927	71.128906	G#5	60	80	0
532	70.794271	71.199219	F4	34	80	0
533	71.031250	71.639323	Bb5	62	80	0
534	71.035156	71.049479	G4	42	80	0
535	71.313802	71.959635	D6	61	80	0
536	71.621094	72.399740	C6	57	80	0
537	71.860677	72.059896	G#4	32	80	0
538	72.135417	72.269531	C5	40	80	0
539	72.143229	72.149740	G#3	28	80	0
540	72.414062	72.769531	C6	59	80	0
541	72.694010	73.218750	Bb5	53	80	0
542	72.695312	72.919271	G#4	36	80	0
543	72.955729	73.229167	G4	33	80	0
544	73.180990	73.429688	Bb4	36	80	0
545	73.205729	73.378906	G3	27	80	0
546	73.455729	73.759115	Bb5	56	80	0
547	73.730469	74.269531	G#5	61	80	0
548	73.735677	73.968750	G4	41	80	0
549	73.993490	74.299479	F4	36	80	0
550	74.223958	74.559896	A5	54	80	0
551	74.236979	74.468750	F#4	42	80	0
552	74.514323	74.899740	C6	56	80	0
553	74.809896	75.239583	Bb5	52	80	0
554	75.076823	75.279948	G4	36	80	0
555	75.337240	75.529948	Bb4	43	80	0
556	75.342448	75.569010	G3	36	80	0
557	75.626302	76.329427	Bb5	57	80	0
558	75.894531	76.369792	G#5	52	80	0
559	75.903646	76.378906	G5	50	80	0
560	75.925781	76.059896	G4	33	80	0
561	76.179688	76.569010	Bb3	32	80	0
562	76.190104	76.479167	F4	32	80	0
563	76.450521	76.819010	G#4	39	80	0
564	76.453125	76.516927	F3	28	80	0
565	76.768229	77.119792	G5	52	80	0
566	76.773438	77.059896	Bb4	35	80	0
567	76.783854	77.029948	Eb4	29	80	0
568	77.055990	77.153646	G#3	39	80	0
569	77.063802	77.188802	Bb3	38	80	0
570	77.066406	77.169271	Bb4	35	80	0
571	77.067708	77.165365	F5	46	80	0
572	77.080729	77.153646	D4	27	80	0
573	77.335938	77.589844	G5	55	80	0
574	77.342448	77.421875	Bb4	40	80	0
575	77.343750	77.459635	Eb4	37	80	0
576	77.360677	77.519531	G3	32	80	0
577	77.361979	77.429688	Bb3	34	80	0
578	77.618490	77.696615	F5	55	80	0
579	77.621094	77.658854	F6	60	80	0
580	77.623698	77.709635	Bb4	48	80	0
581	77.628906	77.739583	D4	40	80	0
582	77.630208	77.769531	Bb3	45	80	0
583	77.925781	78.339844	G6	66	80	0
584	77.932292	78.639323	G5	63	80	0
585	77.934896	78.489583	Bb4	51	80	0
586	77.934896	78.479167	Eb4	45	80	0
587	77.945312	78.468750	G3	41	80	0
588	79.097656	80.109375	F5	58	80	0
589	79.100260	79.938802	F6	61	80	0
590	79.102865	79.809896	Bb4	48	80	0
591	79.106771	79.789062	D4	37	80	0
592	79.111979	79.919271	Bb3	43	80	0
593	79.113281	79.889323	G#3	45	80	0
594	80.253906	80.589844	G3	49	80	0
595	80.256510	80.509115	Bb5	64	80	0
596	80.257812	80.429688	Eb4	49	80	0
597	80.261719	80.429688	Bb4	55	80	0
598	80.261719	80.539062	Bb3	49	80	0
599	80.563802	80.750000	A5	70	80	0
600	80.571615	80.729167	Eb5	62	80	0
601	80.571615	80.729167	C5	60	80	0
602	80.574219	80.859375	F3	53	80	0
603	80.575521	80.829427	C4	54	80	0
604	80.852865	81.069010	Bb5	72	80	0
605	80.854167	81.089844	Bb4	65	80	0
606	80.855469	81.158854	Eb4	58	80	0
607	80.859375	80.979167	Eb5	62	80	0
608	80.865885	81.179688	G3	51	80	0
609	81.125000	81.279948	Eb5	72	80	0
610	81.132812	81.369792	A5	80	80	0
611	81.136719	81.449219	F3	61	80	0
612	81.139323	81.369792	C4	62	80	0
613	81.494792	82.039062	Bb5	75	80	0
614	81.496094	82.009115	Bb4	68	80	0
615	81.498698	82.000000	Eb4	59	80	0
616	81.505208	82.009115	G3	59	80	0
617	81.506510	82.000000	Bb3	64	80	0
618	82.561198	83.389323	A4	42	80	0
619	82.613281	82.859375	F3	31	80	0
620	82.705729	84.169271	Eb5	52	80	0
621	82.708333	82.848958	F2	37	80	0
622	82.854167	84.128906	C6	62	80	0
623	82.906250	82.973958	F3	36	80	0
624	83.024740	83.092448	G3	38	80	0
625	83.115885	83.188802	F3	31	80	0
626	83.234375	83.276042	G3	28	80	0
627	83.312500	83.365885	F3	28	80	0
628	83.403646	83.460938	G3	42	80	0
629	83.493490	83.557292	F3	41	80	0
630	83.602865	83.657552	G3	45	80	0
631	83.694010	83.746094	F3	38	80	0
632	83.783854	83.845052	G3	47	80	0
633	83.891927	83.946615	F3	41	80	0
634	83.984375	84.139323	Eb3	46	80	0
635	84.083333	84.179688	F3	53	80	0
636	84.148438	84.309896	Eb3	43	80	0
637	84.263021	84.389323	F3	38	80	0
638	84.317708	84.609375	Eb3	38	80	0
639	84.367188	84.468750	A4	51	80	0
640	84.447917	84.514323	F3	40	80	0
641	84.458333	84.889323	F5	60	80	0
642	84.565104	85.059896	C6	71	80	0
643	84.628906	84.694010	F3	45	80	0
644	84.815104	84.889323	F3	31	80	0
645	84.936198	85.039062	F3	38	80	0
646	85.002604	85.052083	Eb3	51	80	0
647	85.083333	85.148438	D3	59	80	0
648	85.170573	85.226562	Eb3	52	80	0
649	85.264323	85.419271	D3	57	80	0
650	85.350260	85.419271	Eb3	54	80	0
651	85.433594	85.598958	D3	48	80	0
652	85.489583	85.569010	Bb4	62	80	0
653	85.574219	86.449219	F5	69	80	0
654	85.611979	85.679688	D3	50	80	0
655	85.686198	86.250000	D6	73	80	0
656	85.692708	85.750000	D3	54	80	0
657	85.761719	85.848958	D3	49	80	0
658	85.932292	86.089844	D3	55	80	0
659	86.007812	86.055990	Eb3	50	80	0
660	86.095052	86.164062	D3	55	80	0
661	86.195312	86.272135	C3	70	80	0
662	86.303385	86.429688	D3	63	80	0
663	86.381510	86.433594	C3	61	80	0
664	86.442708	86.569010	D3	42	80	0
665	86.552083	86.605469	C3	66	80	0
666	86.554688	86.569010	C2	64	80	0
667	86.619792	87.889323	F6	72	80	0
668	86.625000	87.500000	F5	69	80	0
669	86.626302	86.748698	D3	53	80	0
670	86.718750	86.799479	C3	51	80	0
671	86.774740	87.549479	Eb6	83	80	0
672	86.882812	87.139323	C3	69	80	0
673	86.972656	87.019531	D3	59	80	0
674	87.045573	87.059896	C4	53	80	0
675	87.126302	87.309896	D3	69	80	0
676	87.296875	87.365885	Bb2	76	80	0
677	87.382812	87.449219	C3	67	80	0
678	87.473958	87.533854	Bb2	71	80	0
679	87.562500	87.623698	C3	68	80	0
680	87.644531	87.704427	Bb2	79	80	0
681	87.735677	87.792969	C3	73	80	0
682	87.738281	87.949219	F5	82	80	0
683	87.813802	87.899740	Bb2	69	80	0
684	87.895833	88.559896	F6	92	80	0
685	87.910156	88.109375	C3	80	80	0
686	87.914062	87.989583	Bb2	75	80	0
687	87.994792	88.128906	Bb2	60	80	0
688	88.140625	88.186198	Bb2	64	80	0
689	88.282552	88.365885	Bb2	77	80	0
690	88.424479	88.503906	G#2	86	80	0
691	88.514323	88.649740	Bb2	76	80	0
692	88.600260	88.653646	G#2	74	80	0
693	88.675781	88.735677	Bb2	70	80	0
694	88.753906	88.817708	G#2	79	80	0
695	88.835938	89.000000	Bb2	68	80	0
696	88.915365	89.069010	G#2	83	80	0
697	88.942708	89.289062	G6	98	80	0
698	89.006510	89.139323	Bb2	68	80	0
699	89.079427	89.218750	G#2	75	80	0
700	89.147135	89.204427	Bb2	65	80	0
701	89.229167	89.378906	G#2	70	80	0
702	89.312500	89.468750	Bb2	76	80	0
703	89.394531	89.539062	G#2	76	80	0
704	89.444010	90.299479	G#6	99	80	0
705	89.477865	89.589844	Bb2	71	80	0
706	89.548177	89.605469	G#2	75	80	0
707	89.631510	89.789062	Bb2	63	80	0
708	89.713542	89.781250	G#2	78	80	0
709	89.798177	89.864583	Bb2	67	80	0
710	89.882812	89.936198	G#2	73	80	0
711	89.966146	90.119792	Bb2	78	80	0
712	89.975260	90.619792	A6	98	80	0
713	90.045573	90.114583	G#2	81	80	0
714	90.131510	90.204427	Bb2	71	80	0
715	90.223958	90.291667	G#2	82	80	0
716	90.305990	90.375000	Bb2	76	80	0
717	90.375000	90.529948	G#2	77	80	0
718	90.467448	90.531250	Bb2	79	80	0
719	90.536458	90.699219	G#2	68	80	0
720	90.584635	92.500000	Bb6	100	80	0
721	90.634115	90.819010	Bb2	78	80	0
722	90.710938	90.959635	G#2	73	80	0
723	90.895833	91.119792	G2	76	80	0
724	91.061198	91.250000	G#2	86	80	0
725	91.184896	91.338542	Bb2	82	80	0
726	91.307292	91.479167	G#2	75	80	0
727	91.438802	91.479167	Bb2	74	80	0
728	91.438802	91.639323	G2	82	80	0
729	91.558594	91.709635	F2	81	80	0
730	91.561198	91.639323	Bb2	82	80	0
731	91.703125	92.149740	Eb2	88	80	0
732	92.015625	92.158854	Eb3	70	80	0
733	92.016927	92.119792	Bb2	70	80	0
734	92.016927	92.149740	G2	67	80	0
735	92.016927	92.029948	G3	63	80	0
736	92.274740	92.378906	G4	74	80	0
737	92.278646	92.354167	Eb3	63	80	0
738	92.281250	92.359375	G3	59	80	0
739	92.282552	92.369792	Bb2	61	80	0
740	92.526042	92.619792	G3	61	80	0
741	92.529948	92.595052	D3	63	80	0
742	92.532552	92.600260	Eb3	60	80	0
743	92.533854	92.649740	Bb2	58	80	0
744	92.533854	92.598958	G2	65	80	0
745	92.778646	92.959635	G3	61	80	0
746	92.783854	92.842448	Eb3	60	80	0
747	92.783854	92.869792	G2	59	80	0
748	93.022135	93.087240	C3	67	80	0
749	93.022135	93.109375	G2	61	80	0
750	93.024740	93.085938	Eb3	57	80	0
751	93.273438	93.324219	G3	64	80	0
752	93.274740	93.329427	C3	66	80	0
753	93.274740	93.326823	Eb3	61	80	0
754	93.276042	93.289062	Bb2	61	80	0
755	93.505208	93.562500	G4	74	80	0
756	93.514323	93.576823	G3	64	80	0
757	93.514323	93.592448	Bb2	64	80	0
758	93.516927	93.669271	Eb3	63	80	0
759	93.518229	93.529948	G2	61	80	0
760	93.770833	93.829427	G2	64	80	0
761	93.774740	93.845052	Bb2	65	80	0
762	93.776042	93.834635	G3	64	80	0
763	93.776042	93.841146	Eb3	62	80	0
764	94.031250	94.188802	G3	68	80	0
765	94.032552	94.339844	Bb4	78	80	0
766	94.035156	94.239583	Eb3	68	80	0
767	94.042969	94.128906	G2	71	80	0
768	94.042969	94.169271	Bb2	71	80	0
769	94.274740	94.337240	C5	77	80	0
770	94.276042	94.408854	Eb3	66	80	0
771	94.276042	94.378906	Bb2	66	80	0
772	94.277344	94.337240	G3	67	80	0
773	94.283854	94.347656	G2	67	80	0
774	94.513021	94.709635	G3	64	80	0
775	94.520833	94.739583	Eb3	66	80	0
776	94.520833	94.649740	Bb2	66	80	0
777	94.522135	94.669271	D5	80	80	0
778	94.526042	94.628906	G2	63	80	0
779	94.785156	95.188802	G2	75	80	0
780	94.785156	94.949219	Bb2	70	80	0
781	94.787760	94.989583	Eb3	67	80	0
782	94.795573	96.309896	Eb5	86	80	0
783	95.109375	95.229167	Eb3	63	80	0
784	95.114583	95.199219	Bb2	62	80	0
785	95.114583	95.269531	G3	59	80	0
786	95.348958	95.589844	Eb3	55	80	0
787	95.350260	95.408854	G2	52	80	0
788	95.352865	95.709635	Bb4	66	80	0
789	95.352865	95.359375	Bb2	53	80	0
790	95.592448	95.656250	D3	57	80	0
791	95.595052	95.679688	G2	52	80	0
792	95.596354	95.664062	Eb3	56	80	0
793	95.596354	95.688802	Bb2	55	80	0
794	95.843750	95.908854	Eb3	54	80	0
795	95.843750	95.929688	G2	56	80	0
796	95.845052	95.903646	G3	58	80	0
797	95.845052	95.906250	D3	56	80	0
798	95.845052	95.859375	Bb2	52	80	0
799	96.076823	96.145833	C3	64	80	0
800	96.084635	96.098958	G2	55	80	0
801	96.088542	96.144531	Eb3	57	80	0
802	96.091146	96.144531	G3	54	80	0
803	96.325521	96.386719	G3	60	80	0
804	96.332031	96.389323	Eb3	62	80	0
805	96.332031	96.339844	G2	60	80	0
806	96.333333	96.419271	Bb2	59	80	0
807	96.337240	96.393229	C3	61	80	0
808	96.570312	96.619792	G2	66	80	0
809	96.574219	96.653646	Bb2	69	80	0
810	96.575521	96.643229	G3	64	80	0
811	96.575521	96.647135	Eb3	69	80	0
812	96.811198	96.989583	Eb5	82	80	0
813	96.822917	96.894531	Eb3	65	80	0
814	96.824219	96.968750	Bb2	71	80	0
815	96.826823	96.839844	G2	64	80	0
816	96.828125	96.885417	G3	62	80	0
817	97.055990	97.169271	F5	76	80	0
818	97.058594	97.130208	G3	71	80	0
819	97.058594	97.128906	G2	75	80	0
820	97.062500	97.141927	Eb3	64	80	0
821	97.066406	97.136719	Bb2	63	80	0
822	97.304688	97.628906	G5	79	80	0
823	97.312500	97.380208	G3	69	80	0
824	97.313802	97.385417	Eb3	63	80	0
825	97.315104	97.391927	G2	68	80	0
826	97.315104	97.391927	Bb2	63	80	0
827	97.552083	97.679688	Bb2	67	80	0
828	97.554688	97.968750	Eb3	67	80	0
829	97.555990	97.627604	G2	64	80	0
830	97.828125	97.966146	G2	71	80	0
831	97.830729	97.964844	G3	70	80	0
832	97.833333	97.839844	Bb6	93	80	0
833	97.833333	98.269531	Bb5	94	80	0
834	98.143229	98.207031	Eb3	72	80	0
835	98.144531	98.218750	Bb2	66	80	0
836	98.151042	98.250000	G3	61	80	0
837	98.394531	98.481771	Eb3	63	80	0
838	98.394531	98.989583	Eb5	78	80	0
839	98.395833	98.459635	Bb2	64	80	0
840	98.398438	98.477865	G3	61	80	0
841	98.399740	98.438802	G2	64	80	0
842	98.636719	98.649740	G2	65	80	0
843	98.641927	98.750000	Bb2	61	80	0
844	98.641927	98.723958	Eb3	62	80	0
845	98.643229	98.721354	D3	64	80	0
846	98.645833	98.722656	G3	61	80	0
847	98.885417	98.963542	G3	64	80	0
848	98.886719	98.949219	G2	62	80	0
849	98.888021	99.019531	Eb3	60	80	0
850	98.889323	99.049479	D3	59	80	0
851	99.125000	99.239583	C3	67	80	0
852	99.125000	99.269531	Eb3	67	80	0
853	99.126302	99.196615	G3	65	80	0
854	99.132812	99.218750	G2	66	80	0
855	99.372396	99.441406	G3	63	80	0
856	99.373698	99.589844	C3	66	80	0
857	99.373698	99.446615	Eb3	65	80	0
858	99.375000	99.389323	Bb2	66	80	0
859	99.608073	99.908854	Eb6	88	80	0
860	99.613281	99.770833	Bb2	73	80	0
861	99.614583	99.763021	G3	69	80	0
862	99.614583	99.628906	G2	66	80	0
863	99.615885	100.139323	Eb3	68	80	0
864	99.889323	100.188802	F6	94	80	0
865	99.897135	100.158854	Bb2	70	80	0
866	99.897135	100.019531	G2	74	80	0
867	99.901042	99.993490	G3	78	80	0
868	100.174479	100.899740	Bb2	59	80	0
869	100.174479	100.579427	G6	97	80	0
870	100.174479	100.348958	G3	71	80	0
871	100.174479	100.229167	G2	68	80	0
872	100.180990	100.938802	Eb3	61	80	0
873	100.454427	100.759115	G#6	93	80	0
874	100.457031	100.628906	G3	73	80	0
875	100.460938	100.799479	G#2	80	80	0
876	100.462240	100.468750	G2	76	80	0
877	100.764323	101.669271	Bb6	95	80	0
878	100.769531	100.899740	G2	66	80	0
879	100.770833	101.098958	G3	70	80	0
880	101.164062	101.979167	C7	94	80	0
881	101.173177	102.299479	G#2	70	80	0
882	101.173177	102.269531	F3	71	80	0
883	101.183594	102.199219	Eb3	69	80	0
884	103.515625	104.348958	F4	37	80	0
885	103.524740	103.658854	A2	28	80	0
886	103.526042	103.718750	F3	27	80	0
887	103.542969	103.699219	F2	25	80	0
888	103.571615	103.669271	Eb3	24	80	0
889	103.835938	104.348958	Bb4	45	80	0
890	103.868490	104.468750	Bb3	30	80	0
891	103.869792	104.309896	F3	28	80	0
892	103.880208	104.359375	D3	29	80	0
893	103.884115	104.319010	Bb1	27	80	0
894	103.884115	104.408854	Bb2	28	80	0
895	104.846354	105.089844	Bb4	47	80	0
896	104.851562	105.759115	F4	35	80	0
897	104.864583	105.188802	Bb3	31	80	0
898	104.871094	105.119792	D3	31	80	0
899	104.875000	105.669271	Bb2	28	80	0
900	105.231771	105.779948	A4	44	80	0
901	105.256510	105.789062	Eb3	31	80	0
902	105.264323	105.389323	C4	26	80	0
903	105.266927	105.718750	Eb2	29	80	0
904	106.602865	107.069010	G#4	44	80	0
905	106.606771	107.059896	F4	33	80	0
906	106.618490	107.089844	B3	35	80	0
907	106.625000	107.098958	D3	28	80	0
908	106.626302	106.789062	D4	24	80	0
909	107.938802	108.158854	Eb3	34	80	0
910	107.941406	108.059896	G4	34	80	0
911	107.944010	108.539062	Bb3	34	80	0
912	107.945312	108.039062	Eb4	29	80	0
913	108.328125	108.750000	Eb6	57	80	0
914	108.364583	108.639323	Eb4	38	80	0
915	108.365885	108.559896	G4	35	80	0
916	108.670573	108.989583	D6	65	80	0
917	108.680990	108.889323	G#4	46	80	0
918	108.683594	108.869792	F4	34	80	0
919	108.954427	109.269531	C#6	73	80	0
920	108.960938	109.109375	Bb4	41	80	0
921	109.246094	109.500000	C6	64	80	0
922	109.253906	109.779948	G#4	40	80	0
923	109.263021	109.509115	C5	43	80	0
924	109.412760	109.658854	Bb5	61	80	0
925	109.557292	109.750000	G#5	55	80	0
926	109.688802	109.848958	G5	58	80	0
927	109.815104	109.923177	F#5	60	80	0
928	109.950521	110.071615	F5	55	80	0
929	109.954427	110.119792	G#4	41	80	0
930	110.082031	110.240885	E5	59	80	0
931	110.220052	110.359375	Eb5	51	80	0
932	110.343750	110.412760	D5	54	80	0
933	110.475260	110.563802	C#5	59	80	0
934	110.606771	110.759115	C5	56	80	0
935	110.755208	110.830729	B4	47	80	0
936	110.894531	111.079427	Bb4	46	80	0
937	111.050781	111.359375	G#4	42	80	0
938	111.197917	111.378906	G4	40	80	0
939	111.250000	111.259115	A3	28	80	0
940	111.273438	111.438802	Eb3	31	80	0
941	111.380208	111.759115	F4	38	80	0
942	111.625000	111.908854	Bb4	44	80	0
943	111.643229	112.089844	Bb3	34	80	0
944	111.651042	111.819010	D4	27	80	0
945	112.626302	112.829427	Bb4	40	80	0
946	112.648438	113.039062	Bb3	34	80	0
947	112.654948	112.789062	D4	23	80	0
948	112.666667	112.848958	Bb1	27	80	0
949	113.033854	113.619792	Bb4	35	80	0
950	113.045573	113.968750	Eb3	27	80	0
951	113.052083	114.718750	Bb3	29	80	0
952	113.055990	113.658854	G3	28	80	0
953	113.981771	114.369792	Bb4	42	80	0
954	114.259115	114.519531	G#4	44	80	0
955	114.261719	114.609375	F3	28	80	0
956	114.548177	114.739583	G4	44	80	0
957	114.552083	114.929688	F2	35	80	0
958	114.552083	114.829427	Eb3	39	80	0
959	114.819010	115.139323	F4	42	80	0
960	114.822917	115.128906	D3	34	80	0
961	115.084635	115.309896	Bb4	44	80	0
962	115.085938	115.399740	G4	48	80	0
963	115.091146	115.438802	Eb3	36	80	0
964	115.393229	116.029948	G#4	49	80	0
965	115.428385	115.769531	F3	24	80	0
966	115.429688	116.039062	Bb3	28	80	0
967	115.694010	116.109375	C4	31	80	0
968	115.986979	116.269531	Eb4	30	80	0
969	116.272135	116.408854	D4	32	80	0
970	116.584635	116.759115	G4	42	80	0
971	116.589844	117.449219	Eb3	34	80	0
972	116.596354	117.750000	Eb2	29	80	0
973	116.927083	117.218750	G2	32	80	0
974	116.928385	117.119792	G3	33	80	0
975	116.928385	117.259115	Bb3	39	80	0
976	117.213542	117.549479	G#2	37	80	0
977	117.213542	117.619792	C4	43	80	0
978	117.459635	118.299479	Bb3	51	80	0
979	117.483073	117.750000	G3	42	80	0
980	117.485677	117.729167	G2	41	80	0
981	117.726562	118.039062	G#3	51	80	0
982	117.733073	118.089844	F2	43	80	0
983	117.994792	118.307292	G3	46	80	0
984	118.005208	118.348958	Eb2	37	80	0
985	118.282552	118.589844	F3	47	80	0
986	118.285156	118.569010	D2	39	80	0
987	118.565104	118.959635	G3	39	80	0
988	118.574219	118.750000	Eb3	36	80	0
989	118.578125	118.968750	Eb2	37	80	0
990	118.882812	119.949219	G#3	41	80	0
991	118.912760	119.598958	Eb3	30	80	0
992	118.912760	119.899740	F2	35	80	0
993	119.205729	119.829427	C4	37	80	0
994	119.493490	119.869792	Eb4	36	80	0
995	119.765625	120.169271	D4	39	80	0
996	120.042969	120.399740	F4	39	80	0
997	120.042969	120.679688	G3	37	80	0
998	120.062500	120.579427	Eb3	36	80	0
999	120.075521	120.709635	Eb2	31	80	0
1000	120.320312	120.669271	D4	43	80	0
1001	120.572917	121.029948	F4	36	80	0
1002	120.845052	121.519531	Eb4	41	80	0
1003	121.127604	121.348958	G#4	46	80	0
1004	121.143229	121.339844	Eb3	32	80	0
1005	121.145833	121.539062	Bb3	35	80	0
1006	121.151042	121.359375	G3	30	80	0
1007	121.153646	124.079427	Eb2	28	80	0
1008	121.425781	121.679688	F4	32	80	0
1009	121.428385	121.589844	G#4	35	80	0
1010	121.678385	122.069010	G#4	45	80	0
1011	121.936198	121.949219	Bb4	38	80	0
1012	121.938802	122.329427	G4	46	80	0
1013	122.204427	122.459635	C5	40	80	0
1014	122.473958	122.658854	A4	36	80	0
1015	122.735677	122.989583	C5	37	80	0
1016	122.975260	123.239583	Bb4	41	80	0
1017	123.257812	123.709635	F5	45	80	0
1018	123.532552	123.759115	D5	39	80	0
1019	123.825521	124.449219	F5	43	80	0
1020	124.070312	124.579427	Eb5	43	80	0
1021	124.345052	124.878906	G#5	45	80	0
1022	124.348958	124.609375	Bb3	31	80	0
1023	124.651042	125.479167	F5	41	80	0
1024	124.890625	125.669271	G#5	48	80	0
1025	125.157552	125.729167	G5	49	80	0
1026	125.196615	125.289062	Eb2	18	80	0
1027	125.427083	125.989583	C6	49	80	0
1028	125.434896	125.529948	Eb3	25	80	0
1029	125.436198	125.709635	Eb2	25	80	0
1030	125.442708	125.449219	G3	23	80	0
1031	125.709635	126.269531	A5	44	80	0
1032	125.997396	127.289062	C6	51	80	0
1033	126.704427	129.529948	Eb6	55	80	0
1034	126.729167	127.229167	Eb3	29	80	0
1035	126.734375	126.739583	G3	28	80	0
1036	127.856771	128.169271	Eb2	24	80	0
1037	130.225260	131.438802	C#6	59	80	0
1038	130.289062	130.299479	C#1	23	80	0
1039	131.136719	131.149740	C#1	30	80	0
1040	131.345052	131.519531	C#3	29	80	0
1041	131.542969	131.549479	C#1	31	80	0
1042	131.815104	131.829427	C#1	27	80	0
1043	132.091146	132.098958	C#1	29	80	0
1044	132.388021	132.809896	C#5	51	80	0
1045	133.705729	135.688802	C6	59	80	0
1046	133.718750	135.009115	C5	41	80	0
1047	133.753906	134.348958	C3	24	80	0
1048	133.755208	133.809896	C2	21	80	0
1049	134.829427	135.158854	F3	22	80	0
1050	135.415365	135.519531	G#3	29	80	0
1051	135.645833	135.878906	G#5	50	80	0
1052	135.653646	135.819010	G#3	27	80	0
1053	135.917969	136.139323	F3	20	80	0
1054	135.925781	136.250000	G#3	25	80	0
1055	136.164062	136.489583	G#5	56	80	0
1056	136.170573	136.269531	C3	28	80	0
1057	136.283854	136.579427	C3	31	80	0
1058	136.424479	136.569010	G#3	33	80	0
1059	136.593750	137.029948	C3	23	80	0
1060	136.704427	136.760417	G#3	30	80	0
1061	136.904948	137.169271	G#3	33	80	0
1062	136.908854	137.559896	G#5	55	80	0
1063	137.037760	137.218750	C3	25	80	0
1064	137.216146	137.899740	C#6	62	80	0
1065	137.234375	137.489583	C3	25	80	0
1066	137.490885	137.552083	Bb3	31	80	0
1067	137.501302	137.669271	C3	26	80	0
1068	137.739583	137.804688	Bb3	32	80	0
1069	137.743490	137.799479	E3	26	80	0
1070	137.743490	137.812500	G3	27	80	0
1071	137.945312	138.000000	E3	28	80	0
1072	137.959635	138.000000	C3	30	80	0
1073	138.013021	138.109375	C3	26	80	0
1074	138.014323	138.065104	Bb3	28	80	0
1075	138.023438	138.075521	G3	26	80	0
1076	138.289062	138.299479	E3	26	80	0
1077	138.296875	138.779948	Bb5	51	80	0
1078	138.300781	138.479167	C3	30	80	0
1079	138.329427	138.979167	G5	39	80	0
1080	138.329427	138.649740	E5	31	80	0
1081	138.605469	138.769531	C3	25	80	0
1082	138.606771	138.677083	G3	27	80	0
1083	138.613281	138.674479	Bb3	30	80	0
1084	138.855469	138.914062	Bb3	31	80	0
1085	138.863281	139.009115	C3	23	80	0
1086	138.864583	138.925781	G3	26	80	0
1087	138.864583	138.869792	E3	23	80	0
1088	139.084635	139.209635	Bb3	34	80	0
1089	139.084635	139.154948	G3	30	80	0
1090	139.087240	139.098958	E3	26	80	0
1091	139.091146	139.218750	C3	25	80	0
1092	139.304688	139.419271	E3	23	80	0
1093	139.311198	139.384115	G3	22	80	0
1094	139.321615	139.589844	C3	23	80	0
1095	139.593750	139.656250	G3	30	80	0
1096	139.593750	139.654948	Bb3	33	80	0
1097	139.602865	140.239583	C3	27	80	0
1098	139.843750	139.894531	Bb3	34	80	0
1099	139.843750	139.897135	G3	30	80	0
1100	139.845052	139.949219	E3	24	80	0
1101	140.089844	140.144531	Bb3	40	80	0
1102	140.092448	140.229167	G3	36	80	0
1103	140.322917	141.369792	Bb5	56	80	0
1104	140.334635	141.269531	C3	38	80	0
1105	140.334635	140.569010	E5	41	80	0
1106	140.334635	140.389323	C4	36	80	0
1107	140.345052	141.259115	G5	46	80	0
1108	140.351562	140.579427	G3	33	80	0
1109	140.351562	140.639323	Bb3	36	80	0
1110	140.582031	140.647135	E3	28	80	0
1111	140.587240	140.653646	G3	31	80	0
1112	140.834635	140.902344	E3	34	80	0
1113	140.837240	140.906250	G3	35	80	0
1114	140.839844	141.019531	Bb3	37	80	0
1115	141.082031	141.348958	G3	38	80	0
1116	141.093750	141.188802	Bb3	37	80	0
1117	141.093750	141.378906	E3	37	80	0
1118	141.319010	141.539062	C3	35	80	0
1119	141.542969	141.605469	G3	42	80	0
1120	141.542969	141.679688	E3	43	80	0
1121	141.546875	142.019531	C3	38	80	0
1122	141.776042	142.069010	G5	60	80	0
1123	141.795573	141.908854	E3	32	80	0
1124	141.799479	141.878906	Bb3	32	80	0
1125	141.803385	141.854167	G3	32	80	0
1126	142.029948	142.089844	Bb3	41	80	0
1127	142.032552	142.339844	G3	39	80	0
1128	142.032552	142.269531	C3	37	80	0
1129	142.032552	142.348958	E3	39	80	0
1130	142.257812	142.649740	G5	68	80	0
1131	142.276042	142.739583	C3	39	80	0
1132	142.503906	142.628906	E3	40	80	0
1133	142.503906	142.563802	G3	45	80	0
1134	142.505208	142.559896	Bb3	46	80	0
1135	142.731771	142.785156	G3	36	80	0
1136	142.733073	142.938802	E3	34	80	0
1137	142.750000	143.049479	C3	32	80	0
1138	142.962240	143.109375	G5	74	80	0
1139	142.963542	142.968750	G6	76	80	0
1140	142.989583	143.098958	G3	45	80	0
1141	143.235677	143.609375	C4	48	80	0
1142	143.236979	145.658854	C6	79	80	0
1143	143.246094	143.759115	C3	48	80	0
1144	143.252604	143.259115	G#3	50	80	0
1145	143.253906	144.718750	C5	60	80	0
1146	143.255208	143.968750	G#5	66	80	0
1147	143.261719	143.839844	F5	58	80	0
1148	143.510417	143.574219	G#3	45	80	0
1149	143.513021	143.574219	F3	40	80	0
1150	143.756510	143.817708	G#3	47	80	0
1151	143.760417	143.817708	F3	43	80	0
1152	143.766927	144.079427	C3	43	80	0
1153	143.992188	144.109375	F3	45	80	0
1154	143.992188	144.299479	G#3	45	80	0
1155	144.233073	145.919271	G#5	75	80	0
1156	144.236979	144.559896	F6	66	80	0
1157	144.240885	145.009115	C3	57	80	0
1158	144.242188	145.750000	F5	65	80	0
1159	144.481771	144.549479	G#3	46	80	0
1160	144.484375	144.545573	F3	45	80	0
1161	144.720052	144.776042	G#3	49	80	0
1162	144.722656	144.777344	F3	45	80	0
1163	144.725260	144.929688	C5	46	80	0
1164	144.941406	144.949219	F4	55	80	0
1165	144.941406	145.569010	C5	62	80	0
1166	144.944010	145.139323	F3	62	80	0
1167	144.944010	145.259115	G#3	62	80	0
1168	145.188802	145.819010	C3	53	80	0
1169	145.436198	145.502604	F3	59	80	0
1170	145.444010	145.449219	C4	49	80	0
1171	145.444010	145.505208	G#3	56	80	0
1172	145.714844	145.778646	G#3	54	80	0
1173	145.723958	145.776042	F3	47	80	0
1174	145.733073	145.889323	C5	54	80	0
1175	145.983073	146.079427	G#3	46	80	0
1176	145.985677	146.250000	F3	44	80	0
1177	146.303385	148.079427	G#5	64	80	0
1178	146.322917	147.739583	F5	50	80	0
1179	146.330729	146.649740	F2	34	80	0
1180	146.608073	146.839844	C3	30	80	0
1181	146.845052	147.089844	D3	31	80	0
1182	147.063802	147.279948	E3	38	80	0
1183	147.307292	147.500000	F3	34	80	0
1184	147.559896	147.699219	G3	37	80	0
1185	147.802083	148.139323	F5	51	80	0
1186	148.050781	148.199219	Bb3	41	80	0
1187	148.302083	148.919271	F5	59	80	0
1188	148.304688	148.539062	C4	37	80	0
1189	148.536458	148.688802	G#3	38	80	0
1190	148.776042	148.929688	G3	39	80	0
1191	148.997396	149.055990	F3	38	80	0
1192	149.001302	149.269531	F5	53	80	0
1193	149.252604	150.628906	Bb5	61	80	0
1194	149.282552	149.369792	F5	53	80	0
1195	149.287760	150.039062	G5	52	80	0
1196	149.294271	149.519531	C3	40	80	0
1197	149.299479	149.959635	E5	45	80	0
1198	149.545573	149.709635	B1	42	80	0
1199	149.755208	150.128906	C2	49	80	0
1200	149.996094	150.250000	B1	50	80	0
1201	150.243490	151.059896	C2	50	80	0
1202	150.251302	151.709635	C5	58	80	0
1203	150.252604	151.809896	G5	63	80	0
1204	150.252604	151.539062	E5	55	80	0
1205	150.497396	151.019531	E2	49	80	0
1206	150.726562	150.953125	G2	52	80	0
1207	150.954427	151.199219	B2	51	80	0
1208	151.212240	151.598958	C3	46	80	0
1209	151.473958	151.739583	Bb2	41	80	0
1210	151.696615	151.919271	G#2	43	80	0
1211	151.962240	152.199219	G2	38	80	0
1212	152.272135	153.299479	G#5	60	80	0
1213	152.289062	152.348958	F2	33	80	0
1214	152.294271	152.359375	F1	32	80	0
1215	152.303385	152.968750	C5	39	80	0
1216	152.777344	153.059896	D3	36	80	0
1217	153.011719	153.188802	E3	41	80	0
1218	153.255208	153.389323	F3	39	80	0
1219	153.496094	153.718750	G3	42	80	0
1220	153.717448	153.979167	F5	59	80	0
1221	153.723958	153.799479	G#2	41	80	0
1222	153.736979	153.949219	G#4	39	80	0
1223	153.962240	154.188802	Bb3	43	80	0
1224	154.186198	154.529948	F5	60	80	0
1225	154.216146	154.549479	G#4	47	80	0
1226	154.216146	154.549479	C4	44	80	0
1227	154.437500	154.688802	G#3	42	80	0
1228	154.674479	154.848958	G3	42	80	0
1229	154.897135	154.908854	F6	67	80	0
1230	154.902344	155.199219	F5	67	80	0
1231	154.914062	155.128906	F3	41	80	0
1232	155.196615	155.848958	F#5	69	80	0
1233	155.204427	155.559896	Eb3	48	80	0
1234	155.204427	155.619792	F5	66	80	0
1235	155.205729	155.769531	C#5	56	80	0
1236	155.223958	155.829427	F#4	49	80	0
1237	155.485677	155.779948	Eb2	51	80	0
1238	155.707031	155.809896	F3	42	80	0
1239	155.710938	155.968750	F2	50	80	0
1240	155.950521	156.419271	F#2	61	80	0
1241	156.196615	158.109375	Eb5	60	80	0
1242	156.205729	156.529948	G#2	55	80	0
1243	156.212240	157.239583	C5	58	80	0
1244	156.216146	157.529948	F#4	45	80	0
1245	156.217448	157.188802	G#4	46	80	0
1246	156.468750	156.713542	A2	46	80	0
1247	156.725260	156.839844	Bb2	40	80	0
1248	156.951823	157.309896	G#2	42	80	0
1249	157.199219	157.279948	F#2	37	80	0
1250	157.200521	157.209635	Bb2	37	80	0
1251	157.201823	157.809896	G#4	42	80	0
1252	157.427083	157.679688	F2	36	80	0
1253	157.705729	157.929688	F#4	41	80	0
1254	157.713542	158.119792	Eb2	38	80	0
1255	157.930990	157.968750	G#1	45	80	0
1256	158.243490	158.529948	C#2	36	80	0
1257	158.264323	159.799479	F5	61	80	0
1258	158.285156	159.378906	C#5	42	80	0
1259	158.292969	159.389323	G#4	38	80	0
1260	158.295573	159.809896	F4	33	80	0
1261	158.542969	158.759115	C#2	28	80	0
1262	158.545573	158.799479	C#3	30	80	0
1263	158.764323	159.039062	Eb3	32	80	0
1264	159.003906	159.299479	F3	32	80	0
1265	159.243490	159.489583	F#3	30	80	0
1266	159.493490	159.709635	G#3	35	80	0
1267	159.716146	160.009115	C#5	56	80	0
1268	159.727865	159.989583	Bb3	38	80	0
1269	159.966146	160.098958	G#3	30	80	0
1270	159.966146	159.979167	G#2	32	80	0
1271	160.214844	160.929688	C#5	56	80	0
1272	160.230469	160.289062	G#2	37	80	0
1273	160.231771	160.479167	F3	38	80	0
1274	160.233073	160.979167	G#4	46	80	0
1275	160.239583	160.989583	F4	35	80	0
1276	160.485677	160.739583	F3	34	80	0
1277	160.701823	160.938802	Eb3	41	80	0
1278	160.934896	161.339844	C#5	60	80	0
1279	160.934896	161.128906	C#3	42	80	0
1280	161.221354	162.839844	F#5	66	80	0
1281	161.235677	161.494792	G#1	41	80	0
1282	161.236979	161.938802	Eb5	49	80	0
1283	161.252604	162.049479	F#4	46	80	0
1284	161.727865	162.218750	G#1	42	80	0
1285	161.977865	162.218750	G1	43	80	0
1286	162.209635	164.269531	Eb5	60	80	0
1287	162.226562	162.455729	G#1	47	80	0
1288	162.234375	163.829427	F#4	45	80	0
1289	162.234375	162.369792	G#2	45	80	0
1290	162.464844	162.679688	Bb1	44	80	0
1291	162.683594	163.239583	C2	47	80	0
1292	162.902344	163.209635	C#2	53	80	0
1293	163.153646	163.869792	Eb2	49	80	0
1294	163.393229	163.959635	F2	41	80	0
1295	163.634115	163.809896	F#2	44	80	0
1296	163.851562	164.250000	G#2	44	80	0
1297	164.166667	166.139323	F5	64	80	0
1298	164.177083	164.829427	C#2	38	80	0
1299	164.199219	166.919271	F4	34	80	0
1300	164.216146	165.329427	C5	42	80	0
1301	164.467448	164.789062	A2	30	80	0
1302	164.704427	164.938802	Bb2	36	80	0
1303	164.921875	165.229167	A2	44	80	0
1304	165.175781	166.968750	Bb4	56	80	0
1305	165.177083	165.669271	Bb2	48	80	0
1306	165.429688	165.658854	C3	46	80	0
1307	165.644531	166.149740	C#5	70	80	0
1308	165.651042	166.209635	C#3	47	80	0
1309	165.924479	166.229167	Eb3	49	80	0
1310	166.157552	166.848958	C#5	74	80	0
1311	166.165365	166.549479	F3	44	80	0
1312	166.407552	166.839844	C#3	47	80	0
1313	166.632812	166.929688	C3	49	80	0
1314	166.856771	167.279948	C#5	75	80	0
1315	166.861979	167.419271	Bb2	54	80	0
1316	167.125000	167.679688	C3	59	80	0
1317	167.134115	167.500000	F2	62	80	0
1318	167.135417	168.479167	Eb5	75	80	0
1319	167.174479	168.929688	F4	51	80	0
1320	167.406250	168.139323	C2	61	80	0
1321	167.644531	167.919271	C#2	65	80	0
1322	167.873698	168.149740	Eb2	62	80	0
1323	168.141927	169.899740	C5	63	80	0
1324	168.144531	168.459635	F2	54	80	0
1325	168.385417	168.549479	F#2	54	80	0
1326	168.614583	169.109375	F2	47	80	0
1327	168.875000	169.149740	E2	43	80	0
1328	169.114583	170.158854	F2	39	80	0
1329	169.123698	170.889323	A4	48	80	0
1330	169.402344	169.819010	F1	26	80	0
1331	169.635417	171.348958	F4	39	80	0
1332	169.897135	170.329427	A1	30	80	0
1333	170.195312	171.829427	C#5	55	80	0
1334	170.510417	170.739583	F2	27	80	0
1335	170.744792	170.938802	F3	27	80	0
1336	170.748698	171.039062	F2	27	80	0
1337	170.976562	171.429688	A2	33	80	0
1338	171.384115	171.479167	Eb2	29	80	0
1339	171.468750	171.718750	C3	30	80	0
1340	171.666667	172.079427	Bb4	44	80	0
1341	171.673177	171.979167	C#3	32	80	0
1342	171.917969	172.059896	Eb3	35	80	0
1343	172.175781	172.559896	F2	34	80	0
1344	172.180990	172.688802	Bb4	49	80	0
1345	172.430990	172.688802	C#3	28	80	0
1346	172.656250	172.929688	C3	27	80	0
1347	172.868490	174.579427	Bb4	47	80	0
1348	172.871094	173.039062	Bb2	39	80	0
1349	173.177083	174.399740	Eb5	58	80	0
1350	173.205729	173.819010	F2	37	80	0
1351	173.213542	173.369792	Bb2	37	80	0
1352	173.464844	173.679688	F1	30	80	0
1353	173.664062	173.859375	G1	34	80	0
1354	173.925781	174.239583	A1	43	80	0
1355	173.933594	173.938802	A2	38	80	0
1356	174.174479	174.589844	Bb2	42	80	0
1357	174.175781	174.459635	Bb1	41	80	0
1358	174.183594	175.098958	C5	57	80	0
1359	174.420573	175.098958	C2	44	80	0
1360	174.623698	174.869792	C#2	48	80	0
1361	174.876302	174.989583	C#2	43	80	0
1362	174.882812	175.239583	Eb2	46	80	0
1363	175.125000	177.299479	A4	50	80	0
1364	175.128906	175.769531	F2	41	80	0
1365	175.134115	175.908854	F3	40	80	0
1366	175.384115	176.059896	Eb2	29	80	0
1367	175.384115	175.829427	Eb3	30	80	0
1368	175.652344	175.658854	C#2	26	80	0
1369	175.906250	176.250000	C2	35	80	0
1370	176.214844	177.408854	C#5	57	80	0
1371	176.239583	177.218750	F3	30	80	0
1372	176.243490	176.628906	Bb2	28	80	0
1373	176.546875	177.289062	A2	30	80	0
1374	176.746094	177.589844	Bb2	32	80	0
1375	176.989583	177.419271	C3	33	80	0
1376	177.244792	177.628906	C#3	40	80	0
1377	177.488281	177.759115	Eb3	37	80	0
1378	177.735677	178.179688	Bb4	56	80	0
1379	177.740885	177.919271	Bb2	36	80	0
1380	177.742188	178.069010	F3	34	80	0
1381	177.742188	177.899740	C#3	36	80	0
1382	178.006510	178.339844	Eb3	36	80	0
1383	178.007812	178.179688	Bb2	35	80	0
1384	178.282552	179.009115	Bb4	59	80	0
1385	178.286458	178.609375	C#3	38	80	0
1386	178.309896	178.598958	Bb2	29	80	0
1387	178.533854	178.679688	Eb3	34	80	0
1388	178.533854	178.829427	C3	39	80	0
1389	178.785156	179.199219	Bb2	50	80	0
1390	178.786458	178.889323	Eb3	45	80	0
1391	179.063802	179.449219	G#2	47	80	0
1392	179.063802	180.188802	Bb4	63	80	0
1393	179.416667	180.389323	C#5	67	80	0
1394	179.444010	179.549479	Eb3	37	80	0
1395	179.455729	179.919271	Bb2	37	80	0
1396	179.458333	179.799479	G2	41	80	0
1397	179.756510	180.109375	D2	41	80	0
1398	179.998698	180.579427	Eb2	50	80	0
1399	180.242188	180.569010	F2	58	80	0
1400	180.500000	180.718750	Bb4	58	80	0
1401	180.503906	181.139323	G2	51	80	0
1402	180.726562	181.109375	C5	51	80	0
1403	180.731771	180.938802	Bb4	50	80	0
1404	180.821615	181.049479	G#2	47	80	0
1405	180.975260	181.119792	Bb4	49	80	0
1406	181.053385	181.839844	Bb2	56	80	0
1407	181.059896	181.149740	G#2	54	80	0
1408	181.130208	181.229167	Bb4	56	80	0
1409	181.233073	181.479167	C5	49	80	0
1410	181.290365	181.449219	Bb4	57	80	0
1411	181.304688	181.628906	G#2	54	80	0
1412	181.305990	181.319010	G#1	49	80	0
1413	181.455729	181.598958	Bb4	55	80	0
1414	181.549479	181.809896	G2	46	80	0
1415	181.613281	181.688802	Bb4	48	80	0
1416	181.704427	181.759115	Bb4	49	80	0
1417	181.773438	181.929688	Bb4	53	80	0
1418	181.858073	182.139323	F2	53	80	0
1419	181.872396	181.878906	C4	47	80	0
1420	181.872396	181.878906	C5	50	80	0
1421	181.937500	182.479167	Bb4	48	80	0
1422	182.046875	182.500000	C5	49	80	0
1423	182.154948	182.479167	Eb2	47	80	0
1424	183.036458	184.968750	Eb4	41	80	0
1425	183.040365	185.279948	C4	44	80	0
1426	183.346354	183.519531	C2	26	80	0
1427	183.463542	183.526042	Eb2	36	80	0
1428	183.546875	183.729167	G#2	38	80	0
1429	183.713542	183.878906	Eb3	34	80	0
1430	183.860677	184.229167	C3	25	80	0
1431	183.936198	184.089844	Eb3	25	80	0
1432	184.082031	184.419271	G#2	38	80	0
1433	184.204427	184.348958	Eb3	29	80	0
1434	184.361979	184.438802	Eb3	27	80	0
1435	184.453125	184.739583	Eb3	29	80	0
1436	184.579427	184.889323	G#4	54	80	0
1437	184.579427	184.938802	G#3	43	80	0
1438	184.606771	184.789062	C3	38	80	0
1439	184.802083	185.039062	C3	26	80	0
1440	184.904948	185.059896	Eb3	35	80	0
1441	185.069010	185.589844	G#4	53	80	0
1442	185.072917	185.188802	Eb3	37	80	0
1443	185.084635	188.250000	Eb4	34	80	0
1444	185.244792	185.509115	G#3	35	80	0
1445	185.364583	185.509115	Eb3	31	80	0
1446	185.476562	185.589844	G#2	32	80	0
1447	185.570312	185.848958	C4	40	80	0
1448	185.674479	185.759115	G#3	38	80	0
1449	185.675781	185.769531	G#4	38	80	0
1450	185.759115	185.959635	Eb3	31	80	0
1451	185.820312	186.149740	G#4	52	80	0
1452	185.875000	185.979167	G#3	40	80	0
1453	186.084635	188.569010	C#5	60	80	0
1454	186.087240	186.468750	Bb2	40	80	0
1455	186.122396	186.229167	Eb3	37	80	0
1456	186.130208	188.289062	G4	41	80	0
1457	186.248698	186.319010	G3	34	80	0
1458	186.363281	186.539062	Eb3	35	80	0
1459	186.493490	186.553385	G3	36	80	0
1460	186.602865	186.979167	Bb2	30	80	0
1461	186.720052	186.859375	G3	35	80	0
1462	186.833333	186.915365	Eb3	44	80	0
1463	186.971354	187.119792	G3	39	80	0
1464	187.080729	189.848958	Bb4	61	80	0
1465	187.083333	187.199219	Eb3	44	80	0
1466	187.084635	187.658854	C#3	47	80	0
1467	187.253906	187.305990	G3	42	80	0
1468	187.329427	187.398438	Eb3	43	80	0
1469	187.447917	187.510417	G3	41	80	0
1470	187.544271	187.739583	Bb3	50	80	0
1471	187.673177	187.742188	G3	44	80	0
1472	187.781250	187.979167	Eb3	43	80	0
1473	187.904948	187.979167	G3	42	80	0
1474	188.028646	188.609375	C#3	45	80	0
1475	188.169271	188.238281	G3	37	80	0
1476	188.272135	188.519531	Eb3	48	80	0
1477	188.375000	188.466146	G3	46	80	0
1478	188.511719	188.739583	Bb3	55	80	0
1479	188.634115	188.839844	G3	55	80	0
1480	188.753906	189.139323	Eb3	66	80	0
1481	188.992188	190.339844	Eb5	72	80	0
1482	189.013021	189.789062	C3	57	80	0
1483	189.015625	189.859375	G#4	60	80	0
1484	189.170573	189.250000	G#3	56	80	0
1485	189.276042	189.579427	Eb3	53	80	0
1486	189.386719	189.473958	G#3	50	80	0
1487	189.513021	189.929688	C4	56	80	0
1488	189.649740	189.717448	G#3	52	80	0
1489	189.750000	190.468750	Eb3	58	80	0
1490	189.865885	190.009115	G#3	62	80	0
1491	189.868490	190.359375	G#4	59	80	0
1492	189.983073	190.408854	C3	63	80	0
1493	190.105469	190.183594	C4	54	80	0
1494	190.222656	190.378906	G#3	54	80	0
1495	190.324219	190.432292	C4	53	80	0
1496	190.445312	190.979167	D5	72	80	0
1497	190.453125	190.859375	B2	59	80	0
1498	190.455729	190.789062	D4	61	80	0
1499	190.463542	190.859375	G#4	66	80	0
1500	190.604167	190.695312	B3	60	80	0
1501	190.721354	190.878906	G#3	63	80	0
1502	190.815104	190.880208	B3	62	80	0
1503	190.928385	191.500000	Eb5	78	80	0
1504	190.932292	191.299479	C3	64	80	0
1505	190.937500	191.339844	Eb4	66	80	0
1506	190.938802	191.329427	G#4	70	80	0
1507	191.062500	191.166667	C4	59	80	0
1508	191.196615	191.419271	G#3	63	80	0
1509	191.303385	191.468750	C4	62	80	0
1510	191.307292	191.489583	C3	54	80	0
1511	191.454427	191.989583	F5	78	80	0
1512	191.455729	191.989583	C#3	62	80	0
1513	191.468750	192.000000	G#4	66	80	0
1514	191.468750	191.859375	F4	56	80	0
1515	191.595052	191.723958	C#4	58	80	0
1516	191.743490	191.938802	G#3	59	80	0
1517	191.886719	192.029948	C#4	56	80	0
1518	192.027344	192.279948	Eb5	68	80	0
1519	192.032552	192.408854	Eb3	64	80	0
1520	192.174479	192.273438	Eb4	51	80	0
1521	192.286458	192.408854	G4	50	80	0
1522	192.286458	192.399740	G3	58	80	0
1523	192.425781	192.579427	Eb4	61	80	0
1524	192.427083	192.559896	Eb5	61	80	0
1525	192.553385	192.796875	F3	51	80	0
1526	192.558594	192.744792	D5	68	80	0
1527	192.703125	192.794271	F4	54	80	0
1528	192.816406	193.000000	G#3	47	80	0
1529	192.953125	193.158854	F4	42	80	0
1530	193.082031	193.361979	G3	44	80	0
1531	193.114583	193.256510	C#5	62	80	0
1532	193.276042	193.369792	G4	45	80	0
1533	193.279948	193.363281	Eb5	54	80	0
1534	193.384115	193.679688	Bb3	47	80	0
1535	193.384115	193.455729	C#5	54	80	0
1536	193.473958	193.522135	Eb5	52	80	0
1537	193.484375	193.619792	G4	49	80	0
1538	193.552083	193.628906	C#5	53	80	0
1539	193.638021	193.809896	Eb5	54	80	0
1540	193.643229	193.929688	Eb3	44	80	0
1541	193.705729	193.760417	C#5	52	80	0
1542	193.787760	193.878906	Eb4	43	80	0
1543	193.852865	193.929688	C#5	52	80	0
1544	193.869792	193.958333	G3	42	80	0
1545	193.933594	194.000000	Eb5	46	80	0
1546	193.984375	194.339844	Eb4	45	80	0
1547	193.993490	194.259115	C#5	55	80	0
1548	194.074219	194.299479	Eb5	48	80	0
1549	194.128906	194.589844	F3	40	80	0
1550	194.243490	194.619792	F4	41	80	0
1551	194.363281	194.529948	G#3	42	80	0
1552	194.398438	194.408854	C5	25	80	0
1553	194.502604	194.598958	C5	40	80	0
1554	194.641927	194.739583	G3	36	80	0
1555	194.654948	194.869792	C5	44	80	0
1556	194.813802	194.959635	G3	33	80	0
1557	194.815104	194.968750	G4	40	80	0
1558	194.934896	195.289062	Bb4	46	80	0
1559	194.944010	195.250000	Bb3	43	80	0
1560	195.083333	195.218750	G4	39	80	0
1561	195.253906	195.589844	Eb4	47	80	0
1562	195.274740	195.589844	G#4	44	80	0
1563	195.291667	195.589844	C4	33	80	0
1564	195.417969	195.529948	Eb5	41	80	0
1565	195.520833	195.669271	C5	43	80	0
1566	195.635417	195.718750	Eb5	41	80	0
1567	195.914062	195.997396	Eb6	51	80	0
1568	196.020833	196.114583	C6	54	80	0
1569	196.140625	196.235677	Eb6	50	80	0
1570	196.243490	196.343750	G#6	59	80	0
1571	196.372396	196.468750	G#5	47	80	0
1572	196.611979	196.705729	G#5	49	80	0
1573	196.708333	197.019531	C4	33	80	0
1574	196.731771	197.029948	G#3	36	80	0
1575	196.731771	196.839844	G#6	61	80	0
1576	196.847656	197.000000	G#5	43	80	0
1577	197.006510	197.087240	G#6	59	80	0
1578	197.100260	197.250000	G#5	47	80	0
1579	197.226562	197.769531	C4	40	80	0
1580	197.234375	197.628906	G#3	42	80	0
1581	197.255208	197.346354	G#6	63	80	0
1582	197.358073	197.519531	G#5	52	80	0
1583	197.503906	197.578125	G#6	68	80	0
1584	197.597656	197.759115	G#5	53	80	0
1585	197.734375	197.819010	G#6	72	80	0
1586	197.830729	197.944010	G#5	54	80	0
1587	197.955729	198.063802	G#6	67	80	0
1588	197.960938	198.169271	G#3	45	80	0
1589	197.963542	198.259115	C4	43	80	0
1590	198.067708	198.175781	G#5	52	80	0
1591	198.190104	200.500000	F4	56	80	0
1592	198.194010	199.019531	C#4	53	80	0
1593	198.203125	198.315104	G#6	66	80	0
1594	198.325521	198.479167	G#5	54	80	0
1595	198.457031	198.565104	G#6	64	80	0
1596	198.575521	198.665365	G#5	54	80	0
1597	198.687500	198.782552	G#6	72	80	0
1598	198.794271	198.884115	G#5	61	80	0
1599	198.914062	199.003906	G#6	74	80	0
1600	199.010417	199.128906	G#5	63	80	0
1601	199.123698	200.908854	Bb3	64	80	0
1602	199.125000	201.039062	C#4	59	80	0
1603	199.126302	199.226562	G#6	67	80	0
1604	199.247396	199.343750	G#5	58	80	0
1605	199.373698	199.460938	G#6	70	80	0
1606	199.476562	199.569010	G#5	61	80	0
1607	199.592448	199.686198	G#6	76	80	0
1608	199.704427	199.803385	G#5	63	80	0
1609	199.829427	199.934896	G#6	81	80	0
1610	199.946615	200.044271	G#5	72	80	0
1611	200.066406	200.179688	G#6	86	80	0
1612	200.190104	200.287760	G#5	71	80	0
1613	200.312500	200.415365	G#6	84	80	0
1614	200.423177	200.527344	G#5	74	80	0
1615	200.545573	200.666667	G#6	91	80	0
1616	200.664062	200.782552	G#5	81	80	0
1617	200.791667	200.968750	G#6	90	80	0
1618	200.920573	201.378906	G#5	89	80	0
1619	201.108073	202.029948	G#6	88	80	0
1620	201.138021	202.500000	F#4	70	80	0
1621	201.140625	202.209635	Eb4	72	80	0
1622	201.696615	202.348958	F#6	87	80	0
1623	202.015625	202.669271	F6	83	80	0
1624	202.290365	204.229167	Eb4	63	80	0
1625	202.292969	204.399740	C4	61	80	0
1626	202.605469	202.799479	Eb6	71	80	0
1627	202.765625	202.949219	D6	67	80	0
1628	202.914062	203.032552	Eb6	71	80	0
1629	203.061198	203.179688	F6	73	80	0
1630	203.205729	203.359375	F#6	62	80	0
1631	203.335938	203.459635	F6	60	80	0
1632	203.476562	203.949219	G#4	47	80	0
1633	203.479167	203.619792	Eb6	60	80	0
1634	203.622396	203.729167	F6	62	80	0
1635	203.753906	203.908854	Eb6	60	80	0
1636	203.873698	203.966146	C#6	61	80	0
1637	204.011719	204.128906	C6	54	80	0
1638	204.164062	204.408854	Bb5	48	80	0
1639	204.346354	204.699219	G#5	42	80	0
1640	204.531250	204.859375	F#5	49	80	0
1641	204.834635	206.598958	F5	48	80	0
1642	205.214844	205.529948	G#4	27	80	0
1643	205.217448	205.718750	F4	22	80	0
1644	205.753906	205.919271	G#4	29	80	0
1645	206.242188	206.329427	G#4	29	80	0
1646	206.484375	207.339844	G#5	47	80	0
1647	206.489583	206.579427	G#4	29	80	0
1648	206.503906	206.598958	F4	21	80	0
1649	206.733073	206.938802	G#4	25	80	0
1650	206.736979	207.609375	F4	21	80	0
1651	207.003906	207.009115	C#4	25	80	0
1652	207.242188	207.500000	G#4	29	80	0
1653	207.511719	207.729167	C#6	57	80	0
1654	207.523438	207.718750	G#4	31	80	0
1655	208.045573	208.419271	C#6	58	80	0
1656	208.095052	208.158854	Eb4	17	80	0
1657	208.097656	208.149740	G#4	21	80	0
1658	208.325521	208.419271	G#4	27	80	0
1659	208.326823	208.459635	F#4	28	80	0
1660	208.578125	208.679688	F#4	27	80	0
1661	208.579427	208.658854	G#4	35	80	0
1662	208.850260	208.949219	G#4	35	80	0
1663	209.127604	209.319010	C6	51	80	0
1664	209.128906	209.269531	Eb4	25	80	0
1665	209.363281	209.500000	F#4	24	80	0
1666	209.485677	209.500000	G#4	25	80	0
1667	209.593750	209.669271	G#4	25	80	0
1668	209.839844	209.938802	G#4	31	80	0
1669	209.841146	209.979167	F#4	29	80	0
1670	210.130208	210.229167	Eb4	23	80	0
1671	210.325521	210.380208	G#4	33	80	0
1672	210.330729	210.408854	F#4	24	80	0
1673	210.604167	210.729167	F#4	32	80	0
1674	210.604167	210.688802	G#4	34	80	0
1675	210.854167	210.929688	G#4	29	80	0
1676	211.093750	211.209635	F#4	27	80	0
1677	211.098958	211.408854	Eb6	61	80	0
1678	211.361979	211.489583	Eb5	35	80	0
1679	211.484375	211.489583	G#4	23	80	0
1680	211.600260	211.669271	Eb5	35	80	0
1681	211.606771	211.649740	C5	30	80	0
1682	211.608073	211.709635	G#4	21	80	0
1683	211.828125	211.949219	Eb5	38	80	0
1684	211.833333	211.959635	G#4	27	80	0
1685	211.835938	211.929688	C5	33	80	0
1686	212.078125	212.229167	F#4	26	80	0
1687	212.337240	212.449219	G#4	33	80	0
1688	212.343750	212.419271	C5	36	80	0
1689	212.559896	212.839844	C6	63	80	0
1690	212.567708	212.649740	C5	42	80	0
1691	212.822917	212.929688	C5	33	80	0
1692	212.824219	212.949219	Eb5	31	80	0
1693	212.839844	212.848958	G#5	38	80	0
1694	212.855469	213.119792	G#4	36	80	0
1695	213.065104	213.250000	F#4	34	80	0
1696	213.285156	213.429688	Eb5	32	80	0
1697	213.292969	213.438802	G#4	29	80	0
1698	213.295573	213.589844	C5	34	80	0
1699	213.510417	213.819010	G#5	58	80	0
1700	213.515625	213.649740	G#4	34	80	0
1701	213.750000	213.815104	Eb5	35	80	0
1702	213.785156	213.878906	C5	35	80	0
1703	213.786458	213.869792	G#4	32	80	0
1704	214.007812	214.729167	G#5	59	80	0
1705	214.020833	214.179688	G#4	41	80	0
1706	214.023438	214.459635	F4	35	80	0
1707	214.286458	214.389323	G#4	33	80	0
1708	214.290365	214.343750	C#5	42	80	0
1709	214.520833	214.583333	C#5	39	80	0
1710	214.526042	214.583333	G#4	27	80	0
1711	214.790365	214.919271	G#4	39	80	0
1712	214.794271	215.039062	C#5	40	80	0
1713	215.003906	216.098958	C#6	69	80	0
1714	215.009115	215.299479	F4	36	80	0
1715	215.252604	215.308594	C#5	41	80	0
1716	215.253906	215.309896	G#4	42	80	0
1717	215.476562	215.548177	C#5	38	80	0
1718	215.484375	215.544271	G#4	32	80	0
1719	215.726562	215.919271	G#4	44	80	0
1720	215.730469	215.979167	C#5	40	80	0
1721	215.958333	216.250000	F4	50	80	0
1722	216.203125	216.253906	C#5	51	80	0
1723	216.205729	216.256510	G#4	46	80	0
1724	216.427083	216.829427	C#6	76	80	0
1725	216.433594	216.511719	C#5	56	80	0
1726	216.438802	216.506510	G#4	51	80	0
1727	216.695312	217.119792	G#5	58	80	0
1728	216.695312	216.819010	C#5	54	80	0
1729	216.696615	216.839844	G#4	47	80	0
1730	216.986979	217.779948	C#6	80	80	0
1731	216.993490	217.119792	G#4	48	80	0
1732	216.998698	217.067708	C#5	58	80	0
1733	217.001302	218.819010	E4	45	80	0
1734	217.300781	217.363281	C#5	45	80	0
1735	217.304688	217.363281	G#4	36	80	0
1736	217.527344	217.593750	C#5	37	80	0
1737	217.549479	217.699219	G#4	35	80	0
1738	217.803385	218.188802	G#4	37	80	0
1739	217.804688	218.079427	C#5	45	80	0
1740	218.095052	218.979167	C#6	69	80	0
1741	218.101562	218.109375	E5	48	80	0
1742	218.350260	218.519531	C#5	48	80	0
1743	218.822917	219.000000	C#5	36	80	0
1744	219.087240	220.438802	E4	23	80	0
1745	219.346354	220.049479	G#4	30	80	0
1746	219.352865	219.459635	C#5	33	80	0
1747	219.592448	220.158854	C#6	61	80	0
1748	219.604167	219.799479	C#5	41	80	0
1749	219.834635	220.529948	C#5	30	80	0
1750	220.167969	220.619792	Eb4	25	80	0
1751	220.173177	222.500000	C#6	60	80	0
1752	220.463542	220.968750	B4	35	80	0
1753	220.464844	220.658854	F#4	31	80	0
1754	220.703125	220.949219	F#4	25	80	0
1755	220.958333	221.109375	F#4	23	80	0
1756	220.976562	221.479167	B4	28	80	0
1757	221.240885	222.569010	B5	49	80	0
1758	221.264323	221.938802	Eb4	28	80	0
1759	221.488281	221.649740	B4	25	80	0
1760	221.492188	221.649740	F#4	27	80	0
1761	221.721354	221.959635	B4	31	80	0
1762	221.723958	221.889323	F#4	26	80	0
1763	221.751302	222.589844	B3	22	80	0
1764	221.966146	222.408854	B4	31	80	0
1765	222.472656	222.619792	F#4	27	80	0
1766	222.481771	222.679688	B4	28	80	0
1767	222.747396	223.269531	B5	54	80	0
1768	222.748698	222.869792	F#4	25	80	0
1769	222.769531	222.829427	B4	29	80	0
1770	222.976562	223.119792	F#4	25	80	0
1771	222.976562	223.369792	B4	34	80	0
1772	222.983073	223.309896	B3	28	80	0
1773	223.277344	223.589844	Eb4	36	80	0
1774	223.281250	223.919271	B5	53	80	0
1775	223.561198	223.859375	B3	26	80	0
1776	223.562500	223.699219	F#4	28	80	0
1777	223.816406	224.188802	A5	48	80	0
1778	223.847656	223.968750	B4	29	80	0
1779	223.854167	223.959635	F#4	26	80	0
1780	223.872396	224.329427	B3	23	80	0
1781	224.104167	224.369792	B4	32	80	0
1782	224.111979	224.180990	F#4	33	80	0
1783	224.351562	224.459635	F#4	23	80	0
1784	224.375000	224.609375	Eb4	29	80	0
1785	224.542969	224.739583	B5	49	80	0
1786	224.635417	224.819010	F#4	27	80	0
1787	224.675781	224.819010	A5	49	80	0
1788	224.809896	224.919271	G#5	48	80	0
1789	224.813802	224.819010	B4	32	80	0
1790	224.916667	225.069010	B3	28	80	0
1791	224.923177	225.079427	F#4	29	80	0
1792	224.936198	225.059896	B4	38	80	0
1793	224.945312	225.250000	A5	49	80	0
1794	225.210938	225.389323	F#4	30	80	0
1795	225.214844	225.500000	B4	40	80	0
1796	225.216146	225.489583	B5	50	80	0
1797	225.438802	225.779948	Eb4	20	80	0
1798	225.524740	225.829427	A5	47	80	0
1799	225.593750	225.598958	F#4	18	80	0
1800	225.666667	225.938802	B5	43	80	0
1801	225.671875	225.959635	B4	33	80	0
1802	225.764323	226.229167	C#6	56	80	0
1803	226.063802	226.369792	B3	27	80	0
1804	226.074219	226.269531	B4	35	80	0
1805	226.087240	226.500000	B5	44	80	0
1806	226.415365	226.769531	A5	51	80	0
1807	226.423177	226.598958	B4	33	80	0
1808	226.425781	226.598958	F#4	27	80	0
1809	226.796875	227.309896	G#5	48	80	0
1810	226.799479	227.500000	G#4	40	80	0
1811	226.802083	227.429688	B4	36	80	0
1812	226.805990	227.289062	E5	36	80	0
1813	226.808594	227.399740	E4	29	80	0
1814	226.813802	227.348958	B3	30	80	0
1815	226.966146	227.139323	E6	58	80	0
1816	227.110677	227.319010	B5	55	80	0
1817	227.222656	227.325521	E6	56	80	0
1818	227.343750	227.436198	G#6	64	80	0
1819	227.463542	227.544271	E6	57	80	0
1820	227.596354	227.658854	B5	56	80	0
1821	227.692708	227.794271	E6	58	80	0
1822	227.821615	227.907552	G#5	57	80	0
1823	227.964844	228.027344	E5	50	80	0
1824	228.074219	228.239583	B4	49	80	0
1825	228.182292	228.253906	E5	50	80	0
1826	228.312500	228.500000	G#4	48	80	0
1827	228.455729	228.522135	E4	38	80	0
1828	228.574219	228.769531	B3	39	80	0
1829	228.677083	228.809896	E4	34	80	0
1830	228.787760	228.863281	G#3	46	80	0
1831	228.936198	229.010417	E3	41	80	0
1832	229.053385	229.299479	B2	37	80	0
1833	229.182292	229.319010	E3	33	80	0
1834	229.283854	229.449219	E2	48	80	0
1835	229.283854	229.509115	G#3	42	80	0
1836	229.454427	229.598958	E3	33	80	0
1837	229.460938	229.779948	E2	33	80	0
1838	229.576823	229.769531	B2	38	80	0
1839	229.691406	229.848958	E3	44	80	0
1840	229.799479	230.589844	F#2	59	80	0
1841	229.856771	230.179688	Eb2	47	80	0
1842	229.865885	229.878906	Eb3	46	80	0
1843	230.111979	230.319010	A2	38	80	0
1844	230.345052	230.468750	Eb3	39	80	0
1845	230.450521	230.559896	Eb2	35	80	0
1846	230.451823	230.459635	A2	35	80	0
1847	230.553385	230.759115	A2	45	80	0
1848	230.671875	231.119792	B2	39	80	0
1849	230.809896	231.468750	F#2	55	80	0
1850	230.819010	231.658854	F#1	54	80	0
1851	230.863281	231.279948	Eb3	47	80	0
1852	231.134115	231.231771	A3	46	80	0
1853	231.253906	231.332031	B3	45	80	0
1854	231.371094	231.529948	Eb4	52	80	0
1855	231.473958	231.541667	B3	50	80	0
1856	231.592448	231.657552	A3	46	80	0
1857	231.687500	231.839844	B3	50	80	0
1858	231.803385	232.158854	F#2	49	80	0
1859	231.845052	232.848958	B1	47	80	0
1860	231.861979	232.139323	Eb4	48	80	0
1861	232.007812	232.082031	B4	49	80	0
1862	232.014323	232.139323	B3	41	80	0
1863	232.115885	232.186198	A4	50	80	0
1864	232.230469	232.479167	B4	50	80	0
1865	232.365885	232.619792	Eb5	59	80	0
1866	232.395833	232.669271	F#1	35	80	0
1867	232.489583	232.579427	B4	38	80	0
1868	232.596354	232.699219	A4	43	80	0
1869	232.704427	232.826823	B4	47	80	0
1870	232.815104	235.658854	G#2	40	80	0
1871	232.850260	233.279948	E5	57	80	0
1872	232.864583	233.789062	B1	36	80	0
1873	233.014323	233.229167	B5	54	80	0
1874	233.132812	233.329427	G#5	58	80	0
1875	233.242188	233.365885	B5	50	80	0
1876	233.373698	233.549479	E6	62	80	0
1877	233.502604	233.576823	B5	50	80	0
1878	233.593750	233.739583	G#5	61	80	0
1879	233.703125	233.794271	B5	51	80	0
1880	233.824219	234.049479	E5	53	80	0
1881	233.984375	234.048177	B4	40	80	0
1882	234.071615	234.289062	G#4	53	80	0
1883	234.205729	234.283854	B4	39	80	0
1884	234.325521	234.398438	E4	40	80	0
1885	234.437500	234.505208	B3	44	80	0
1886	234.563802	234.779948	G#3	41	80	0
1887	234.673177	234.756510	B3	42	80	0
1888	234.808594	235.128906	E3	37	80	0
1889	234.947917	235.024740	B3	46	80	0
1890	235.054688	235.209635	G#3	47	80	0
1891	235.170573	235.235677	B3	40	80	0
1892	235.282552	235.429688	E4	47	80	0
1893	235.389323	235.455729	B3	51	80	0
1894	235.500000	235.575521	G#3	46	80	0
1895	235.502604	235.609375	E3	37	80	0
1896	235.592448	235.759115	B3	49	80	0
1897	235.723958	236.609375	Eb3	56	80	0
1898	235.738281	236.688802	Eb2	50	80	0
1899	235.738281	236.039062	F#3	51	80	0
1900	235.834635	235.938802	B3	42	80	0
1901	235.984375	236.169271	A3	49	80	0
1902	236.098958	236.204427	B3	53	80	0
1903	236.234375	236.355469	F#4	56	80	0
1904	236.381510	236.437500	B3	46	80	0
1905	236.466146	236.609375	A3	56	80	0
1906	236.584635	236.769531	B3	46	80	0
1907	236.723958	236.824219	F#4	57	80	0
1908	236.723958	237.079427	B2	49	80	0
1909	236.723958	237.269531	Eb3	53	80	0
1910	236.727865	237.399740	Eb2	51	80	0
1911	236.855469	236.932292	B4	59	80	0
1912	236.975260	237.053385	A4	56	80	0
1913	237.091146	237.173177	B4	66	80	0
1914	237.092448	237.309896	B2	41	80	0
1915	237.208333	237.311198	F#5	70	80	0
1916	237.330729	237.411458	B4	55	80	0
1917	237.434896	237.510417	A4	58	80	0
1918	237.540365	237.597656	B4	60	80	0
1919	237.661458	238.378906	Eb3	57	80	0
1920	237.665365	238.128906	B2	50	80	0
1921	237.666667	238.369792	Eb2	51	80	0
1922	237.712240	237.820312	F#5	73	80	0
1923	237.854167	238.009115	B5	62	80	0
1924	237.933594	238.059896	F#5	60	80	0
1925	238.042969	238.164062	B5	60	80	0
1926	238.173177	238.270833	F#6	80	80	0
1927	238.303385	238.373698	B5	63	80	0
1928	238.401042	238.500000	A5	72	80	0
1929	238.531250	238.641927	B5	69	80	0
1930	238.631510	238.968750	E3	51	80	0
1931	238.632812	239.009115	E2	50	80	0
1932	238.634115	238.908854	B2	52	80	0
1933	238.645833	238.848958	G#5	67	80	0
1934	238.648438	238.759115	G#6	68	80	0
1935	238.769531	238.877604	G#6	74	80	0
1936	238.886719	238.981771	B5	60	80	0
1937	239.002604	239.113281	G#6	74	80	0
1938	239.132812	239.339844	G#5	71	80	0
1939	239.143229	239.269531	E5	58	80	0
1940	239.144531	239.459635	E3	55	80	0
1941	239.265625	239.356771	G#6	80	80	0
1942	239.384115	239.463542	B5	58	80	0
1943	239.481771	239.718750	G#6	76	80	0
1944	239.613281	239.809896	G#5	68	80	0
1945	239.626302	239.938802	E3	49	80	0
1946	239.725260	239.825521	G#6	71	80	0
1947	239.838542	239.934896	B5	64	80	0
1948	239.951823	240.066406	G#6	79	80	0
1949	240.093750	240.209635	A5	71	80	0
1950	240.093750	240.389323	C#4	68	80	0
1951	240.105469	240.389323	E3	51	80	0
1952	240.108073	240.419271	C#3	60	80	0
1953	240.221354	240.321615	A6	76	80	0
1954	240.324219	240.434896	E6	70	80	0
1955	240.447917	240.546875	A6	80	80	0
1956	240.563802	240.665365	A5	73	80	0
1957	240.584635	240.889323	C#4	61	80	0
1958	240.588542	240.878906	E3	52	80	0
1959	240.592448	240.798177	C#3	58	80	0
1960	240.682292	240.795573	A6	76	80	0
1961	240.804688	240.911458	E6	72	80	0
1962	240.912760	241.029948	A6	78	80	0
1963	241.044271	241.269531	Bb5	75	80	0
1964	241.054688	241.326823	C4	61	80	0
1965	241.054688	241.098958	Bb6	75	80	0
1966	241.065104	241.348958	C3	54	80	0
1967	241.065104	241.399740	E3	51	80	0
1968	241.074219	241.179688	C#3	53	80	0
1969	241.180990	241.296875	Bb6	90	80	0
1970	241.298177	241.410156	E6	78	80	0
1971	241.420573	241.569010	Bb6	84	80	0
1972	241.528646	241.688802	Bb5	79	80	0
1973	241.542969	241.878906	C4	56	80	0
1974	241.553385	241.829427	C3	56	80	0
1975	241.554688	241.869792	E3	52	80	0
1976	241.665365	241.785156	Bb6	82	80	0
1977	241.785156	241.894531	E6	74	80	0
1978	241.912760	242.098958	B6	81	80	0
1979	242.024740	242.279948	B3	70	80	0
1980	242.032552	242.259115	B2	67	80	0
1981	242.033854	242.319010	E3	65	80	0
1982	242.040365	242.158854	B5	76	80	0
1983	242.164062	242.272135	B6	87	80	0
1984	242.277344	242.376302	E6	78	80	0
1985	242.390625	242.500000	B6	83	80	0
1986	242.507812	242.809896	A3	70	80	0
1987	242.511719	242.750000	A2	69	80	0
1988	242.513021	242.829427	E3	66	80	0
1989	242.514323	242.688802	B5	76	80	0
1990	242.618490	242.734375	B6	86	80	0
1991	242.746094	242.848958	E6	85	80	0
1992	242.854167	242.989583	B6	84	80	0
1993	242.993490	243.158854	C6	85	80	0
1994	243.000000	243.259115	G#3	72	80	0
1995	243.002604	243.250000	E3	57	80	0
1996	243.115885	243.214844	C7	87	80	0
1997	243.239583	243.329427	E6	76	80	0
1998	243.345052	243.449219	C7	77	80	0
1999	243.539062	243.649740	G#5	65	80	0
2000	243.544271	244.039062	G#3	53	80	0
2001	243.544271	243.869792	G#4	61	80	0
2002	243.548177	243.739583	E3	47	80	0
2003	243.552083	243.789062	C5	63	80	0
2004	243.687500	243.809896	C6	71	80	0
2005	243.821615	243.989583	E5	53	80	0
2006	243.942708	244.128906	C6	64	80	0
2007	244.128906	244.859375	C#5	53	80	0
2008	244.132812	244.819010	A4	46	80	0
2009	244.263021	244.449219	C#6	60	80	0
2010	244.423177	245.309896	E5	40	80	0
2011	244.575521	244.769531	C#6	55	80	0
2012	244.893229	245.639323	C#6	57	80	0
2013	245.170573	245.799479	A4	36	80	0
2014	245.466146	246.229167	A3	28	80	0
2015	245.688802	246.059896	C#5	44	80	0
2016	246.011719	246.449219	B5	53	80	0
2017	246.131510	246.209635	C#5	29	80	0
2018	246.268229	246.669271	G#4	41	80	0
2019	246.531250	246.938802	G#3	31	80	0
2020	246.800781	247.359375	B4	39	80	0
2021	247.054688	247.929688	A5	50	80	0
2022	247.313802	247.709635	F#4	40	80	0
2023	247.587240	248.299479	F#3	22	80	0
2024	247.815104	248.179688	Bb5	49	80	0
2025	248.123698	249.438802	B5	57	80	0
2026	248.388021	248.869792	G#4	43	80	0
2027	248.669271	248.848958	G#3	31	80	0
2028	248.929688	249.718750	B4	37	80	0
2029	249.210938	250.429688	A5	52	80	0
2030	249.466146	249.889323	F#4	28	80	0
2031	249.752604	250.279948	F#3	19	80	0
2032	250.010417	250.369792	A4	31	80	0
2033	250.014323	250.029948	A3	25	80	0
2034	250.356771	251.049479	G#5	50	80	0
2035	250.385417	251.009115	G#4	33	80	0
2036	250.394531	251.049479	F3	25	80	0
2037	251.006510	251.408854	G5	51	80	0
2038	251.033854	251.369792	E3	29	80	0
2039	251.042969	251.319010	G4	31	80	0
2040	251.813802	253.619792	G5	50	80	0
2041	251.839844	252.348958	G4	35	80	0
2042	251.841146	253.179688	Eb3	30	80	0
2043	253.582031	254.199219	G#5	54	80	0
2044	253.585938	254.149740	F3	31	80	0
2045	253.585938	254.039062	F4	30	80	0
2046	253.585938	253.949219	G#4	41	80	0
2047	254.162760	254.359375	Bb5	55	80	0
2048	254.171875	254.279948	G5	48	80	0
2049	254.175781	254.319010	Bb4	46	80	0
2050	254.183594	254.339844	G4	40	80	0
2051	254.184896	254.569010	G3	37	80	0
2052	254.515625	254.718750	C6	65	80	0
2053	254.520833	254.628906	G#5	54	80	0
2054	254.524740	254.584635	C5	53	80	0
2055	254.526042	254.688802	G#4	52	80	0
2056	254.532552	254.859375	G#3	44	80	0
2057	254.824219	255.199219	C#6	72	80	0
2058	254.834635	255.109375	C#5	57	80	0
2059	254.834635	255.179688	Bb5	59	80	0
2060	254.837240	254.848958	Bb4	56	80	0
2061	254.842448	255.179688	Bb3	48	80	0
2062	255.171875	255.598958	Eb6	67	80	0
2063	255.182292	255.408854	Eb5	47	80	0
2064	255.186198	255.399740	C5	44	80	0
2065	255.205729	255.479167	C4	39	80	0
2066	255.625000	256.158854	F6	62	80	0
2067	255.963542	256.139323	C#5	35	80	0
2068	256.276042	256.679688	C#4	32	80	0
2069	256.533854	256.979167	F5	48	80	0
2070	256.880208	257.378906	Eb6	57	80	0
2071	257.451823	257.779948	C4	33	80	0
2072	257.695312	258.019531	Eb5	46	80	0
2073	257.997396	258.819010	C#6	65	80	0
2074	258.269531	258.459635	Bb4	41	80	0
2075	258.576823	258.799479	Bb3	32	80	0
2076	258.795573	259.128906	D6	65	80	0
2077	259.113281	259.449219	Eb6	58	80	0
2078	259.406250	259.619792	C5	41	80	0
2079	259.677083	260.069010	C4	29	80	0
2080	259.927083	260.378906	Eb5	46	80	0
2081	260.242188	261.109375	C#6	63	80	0
2082	260.498698	260.859375	Bb4	43	80	0
2083	260.817708	261.188802	Bb3	34	80	0
2084	261.048177	261.419271	C#5	48	80	0
2085	261.373698	261.729167	C6	55	80	0
2086	261.695312	261.949219	G#3	32	80	0
2087	261.701823	262.000000	C5	44	80	0
2088	261.962240	262.269531	C#5	52	80	0
2089	261.983073	262.229167	Bb3	39	80	0
2090	262.223958	262.628906	Eb5	54	80	0
2091	262.230469	262.549479	C4	39	80	0
2092	262.500000	262.848958	G5	48	80	0
2093	262.513021	262.658854	Eb3	28	80	0
2094	262.792969	263.109375	E5	48	80	0
2095	262.824219	263.059896	C4	23	80	0
2096	263.042969	263.348958	F5	50	80	0
2097	263.070312	263.329427	C#4	26	80	0
2098	263.299479	263.699219	F4	42	80	0
2099	263.304688	263.628906	C#3	30	80	0
2100	263.562500	263.899740	F5	53	80	0
2101	263.563802	263.859375	C#4	36	80	0
2102	263.815104	264.071615	D5	51	80	0
2103	263.826823	264.139323	B3	35	80	0
2104	264.066406	264.378906	Eb5	53	80	0
2105	264.088542	264.378906	C4	31	80	0
2106	264.324219	264.658854	Eb4	42	80	0
2107	264.325521	264.679688	C3	34	80	0
2108	264.574219	264.837240	Eb5	50	80	0
2109	264.595052	264.834635	C4	29	80	0
2110	264.820312	265.109375	C5	51	80	0
2111	264.846354	265.119792	A3	35	80	0
2112	265.074219	265.309896	C#5	56	80	0
2113	265.082031	265.359375	Bb3	46	80	0
2114	265.319010	265.628906	C#5	52	80	0
2115	265.322917	265.489583	C#4	49	80	0
2116	265.324219	265.929688	Bb2	40	80	0
2117	265.575521	265.929688	F5	63	80	0
2118	265.591146	265.899740	C#4	44	80	0
2119	265.593750	265.889323	Bb3	45	80	0
2120	265.872396	266.179688	D5	58	80	0
2121	265.873698	266.160156	B3	45	80	0
2122	266.123698	266.369792	Eb5	59	80	0
2123	266.125000	266.420573	C4	47	80	0
2124	266.375000	266.718750	Eb4	54	80	0
2125	266.377604	267.029948	C3	39	80	0
2126	266.377604	266.429688	Eb5	52	80	0
2127	266.632812	267.049479	Eb5	54	80	0
2128	266.635417	267.019531	C4	37	80	0
2129	266.950521	267.239583	C5	49	80	0
2130	266.953125	267.199219	A3	35	80	0
2131	267.216146	267.539062	C#5	50	80	0
2132	267.235677	267.539062	Bb3	30	80	0
2133	267.496094	267.649740	C#4	42	80	0
2134	267.527344	267.639323	Bb2	23	80	0
2135	267.527344	267.539062	G3	20	80	0
2136	267.846354	268.239583	C5	44	80	0
2137	267.846354	268.009115	G#3	35	80	0
2138	267.854167	268.218750	Eb4	32	80	0
2139	267.855469	268.149740	C3	34	80	0
2140	268.157552	268.339844	Bb4	51	80	0
2141	268.169271	268.234375	G3	40	80	0
2142	268.173177	268.234375	C#3	41	80	0
2143	268.445312	268.750000	C5	56	80	0
2144	268.463542	268.536458	G#3	40	80	0
2145	268.467448	268.688802	C3	42	80	0
2146	268.472656	268.769531	Eb4	36	80	0
2147	268.714844	268.919271	Bb4	56	80	0
2148	268.718750	268.819010	G3	42	80	0
2149	268.723958	268.848958	C#3	44	80	0
2150	269.035156	270.438802	C5	61	80	0
2151	269.040365	269.819010	Eb4	45	80	0
2152	269.044271	269.869792	G#3	48	80	0
2153	269.045573	270.089844	C3	41	80	0
2154	270.214844	271.199219	Bb4	56	80	0
2155	270.223958	271.188802	G3	41	80	0
2156	270.227865	271.169271	C#3	43	80	0
2157	270.227865	271.049479	Eb4	39	80	0
2158	271.363281	271.549479	G#3	46	80	0
2159	271.365885	271.709635	C3	43	80	0
2160	271.367188	271.750000	Eb5	61	80	0
2161	271.372396	271.739583	Eb3	43	80	0
2162	271.679688	271.829427	G#4	60	80	0
2163	271.683594	271.819010	G#3	51	80	0
2164	271.684896	271.989583	Bb2	54	80	0
2165	271.694010	271.869792	F3	50	80	0
2166	271.958333	272.299479	Eb5	71	80	0
2167	271.962240	272.158854	Eb4	64	80	0
2168	271.964844	272.299479	G#3	58	80	0
2169	271.964844	272.289062	C3	56	80	0
2170	271.966146	272.319010	Eb3	56	80	0
2171	272.235677	272.295573	G#4	66	80	0
2172	272.235677	272.569010	Bb2	62	80	0
2173	272.235677	272.419271	F3	56	80	0
2174	272.236979	272.369792	D5	71	80	0
2175	272.597656	273.000000	Eb5	79	80	0
2176	272.606771	272.938802	G#4	68	80	0
2177	272.609375	272.949219	Eb4	59	80	0
2178	272.610677	272.989583	G#3	59	80	0
2179	272.614583	272.989583	C3	62	80	0
2180	272.614583	273.049479	Eb3	60	80	0
2181	273.675781	273.869792	Bb2	40	80	0
2182	273.680990	273.929688	D4	49	80	0
2183	273.817708	274.628906	G#4	59	80	0
2184	273.915365	274.039062	Bb2	35	80	0
2185	273.953125	275.009115	F5	63	80	0
2186	274.044271	274.169271	Bb2	35	80	0
2187	274.183594	274.242188	C3	38	80	0
2188	274.276042	274.389323	Bb2	38	80	0
2189	274.388021	274.598958	C3	36	80	0
2190	274.484375	274.579427	Bb2	38	80	0
2191	274.652344	274.809896	Bb2	41	80	0
2192	274.820312	275.019531	Bb2	40	80	0
2193	274.957031	275.149740	G#2	45	80	0
2194	275.069010	275.229167	Bb2	34	80	0
2195	275.156250	275.226562	G#2	43	80	0
2196	275.266927	275.419271	Bb2	40	80	0
2197	275.371094	275.539062	G#2	40	80	0
2198	275.467448	275.639323	Bb2	42	80	0
2199	275.552083	275.929688	F5	68	80	0
2200	275.645833	275.707031	Bb2	43	80	0
2201	275.734375	275.919271	G#2	51	80	0
2202	275.832031	276.259115	Bb2	46	80	0
2203	275.928385	276.019531	G#2	43	80	0
2204	276.054688	276.141927	G2	59	80	0
2205	276.175781	276.250000	G#2	47	80	0
2206	276.294271	276.355469	G2	57	80	0
2207	276.367188	276.509115	G#2	41	80	0
2208	276.466146	276.515625	Eb4	54	80	0
2209	276.473958	276.549479	G2	54	80	0
2210	276.557292	276.718750	Bb4	67	80	0
2211	276.561198	276.709635	G2	52	80	0
2212	276.662760	276.789062	G#2	64	80	0
2213	276.665365	277.188802	G5	75	80	0
2214	276.822917	276.908854	G2	57	80	0
2215	276.904948	277.049479	G#2	68	80	0
2216	276.983073	277.039062	G2	57	80	0
2217	277.061198	277.127604	G#2	60	80	0
2218	277.153646	277.223958	G2	60	80	0
2219	277.235677	277.399740	F2	71	80	0
2220	277.330729	277.419271	G2	56	80	0
2221	277.407552	277.549479	F2	48	80	0
2222	277.503906	277.565104	F4	67	80	0
2223	277.507812	277.589844	F5	68	80	0
2224	277.555990	277.615885	F2	60	80	0
2225	277.608073	277.718750	Bb4	69	80	0
2226	277.643229	277.739583	G2	61	80	0
2227	277.730469	278.598958	G#5	93	80	0
2228	277.885417	278.039062	F2	67	80	0
2229	277.964844	277.979167	G2	56	80	0
2230	278.053385	278.135417	F2	71	80	0
2231	278.128906	278.279948	G2	66	80	0
2232	278.200521	278.279948	F2	58	80	0
2233	278.279948	278.539062	Eb2	79	80	0
2234	278.371094	278.479167	F2	69	80	0
2235	278.544271	278.613281	F2	58	80	0
2236	278.605469	278.709635	G4	73	80	0
2237	278.614583	278.710938	Eb2	75	80	0
2238	278.703125	278.908854	Bb4	73	80	0
2239	278.713542	278.889323	F2	69	80	0
2240	278.803385	279.128906	Eb2	73	80	0
2241	278.864583	280.139323	Bb5	91	80	0
2242	278.899740	279.049479	F2	67	80	0
2243	279.057292	279.188802	F2	65	80	0
2244	279.139323	279.269531	Eb2	55	80	0
2245	279.203125	279.278646	F2	62	80	0
2246	279.276042	279.468750	Eb2	81	80	0
2247	279.404948	279.598958	C#2	93	80	0
2248	279.518229	279.606771	Eb2	76	80	0
2249	279.606771	279.688802	C#2	73	80	0
2250	279.696615	279.789062	Eb2	80	80	0
2251	279.699219	279.769531	C#2	80	80	0
2252	279.778646	279.869792	C#2	77	80	0
2253	279.796875	279.979167	Eb2	73	80	0
2254	279.917969	280.279948	C6	94	80	0
2255	279.934896	280.039062	C#2	76	80	0
2256	280.026042	280.179688	Eb2	73	80	0
2257	280.109375	280.218750	C#2	75	80	0
2258	280.184896	280.289062	Eb2	73	80	0
2259	280.292969	280.363281	C#2	70	80	0
2260	280.355469	280.438802	Eb2	76	80	0
2261	280.442708	280.529948	C#2	88	80	0
2262	280.444010	281.239583	C#6	96	80	0
2263	280.451823	280.739583	Eb2	86	80	0
2264	280.614583	280.679688	C#2	74	80	0
2265	280.688802	280.739583	C#2	69	80	0
2266	280.785156	280.959635	C#2	79	80	0
2267	280.865885	280.959635	Eb2	72	80	0
2268	280.964844	281.031250	C#2	78	80	0
2269	281.022135	281.419271	D6	91	80	0
2270	281.023438	281.139323	Eb2	70	80	0
2271	281.141927	281.239583	C#2	76	80	0
2272	281.225260	281.339844	Eb2	66	80	0
2273	281.322917	281.468750	C#2	82	80	0
2274	281.404948	281.479167	Eb2	66	80	0
2275	281.475260	281.569010	C#2	69	80	0
2276	281.485677	281.559896	Eb2	67	80	0
2277	281.565104	281.688802	Eb2	65	80	0
2278	281.575521	281.759115	C#2	70	80	0
2279	281.694010	283.509115	Eb6	99	80	0
2280	281.695312	281.878906	Eb2	65	80	0
2281	281.824219	281.919271	C#2	77	80	0
2282	281.925781	282.149740	C#2	64	80	0
2283	282.035156	282.408854	C2	82	80	0
2284	282.204427	282.339844	C#2	86	80	0
2285	282.345052	282.468750	C#2	78	80	0
2286	282.479167	282.709635	C#2	86	80	0
2287	282.622396	282.809896	C2	78	80	0
2288	282.747396	282.889323	Bb1	85	80	0
2289	282.903646	283.179688	G#1	84	80	0
2290	282.907552	283.128906	G#2	83	80	0
2291	283.238281	283.408854	G#2	68	80	0
2292	283.238281	283.330729	C3	64	80	0
2293	283.494792	283.549479	C2	70	80	0
2294	283.496094	283.649740	G#2	69	80	0
2295	283.497396	283.919271	C4	73	80	0
2296	283.497396	283.679688	C3	71	80	0
2297	283.764323	283.852865	G2	68	80	0
2298	283.766927	283.878906	C2	73	80	0
2299	283.774740	283.859375	C3	68	80	0
2300	283.994792	284.119792	G#2	66	80	0
2301	283.994792	284.109375	C2	72	80	0
2302	283.996094	284.119792	C3	70	80	0
2303	284.243490	284.359375	F2	69	80	0
2304	284.243490	284.369792	C3	66	80	0
2305	284.243490	284.369792	C2	68	80	0
2306	284.250000	284.369792	G#2	65	80	0
2307	284.501302	284.597656	C3	70	80	0
2308	284.503906	284.589844	C2	71	80	0
2309	284.503906	284.598958	F2	71	80	0
2310	284.506510	284.639323	G#2	65	80	0
2311	284.757812	285.019531	C4	70	80	0
2312	284.759115	284.873698	C3	72	80	0
2313	284.760417	284.878906	C2	67	80	0
2314	284.761719	284.938802	G#2	64	80	0
2315	284.763021	285.169271	Eb2	71	80	0
2316	285.027344	285.169271	G#2	60	80	0
2317	285.028646	285.105469	C3	66	80	0
2318	285.028646	285.114583	C#4	73	80	0
2319	285.028646	285.114583	C4	74	80	0
2320	285.269531	285.549479	Eb4	77	80	0
2321	285.270833	285.419271	C2	67	80	0
2322	285.273438	285.399740	C3	68	80	0
2323	285.273438	285.429688	G#2	65	80	0
2324	285.273438	285.489583	C#2	68	80	0
2325	285.501302	285.583333	C2	73	80	0
2326	285.501302	285.649740	G#2	69	80	0
2327	285.502604	285.574219	C3	65	80	0
2328	285.502604	285.779948	F4	70	80	0
2329	285.733073	285.908854	G#2	70	80	0
2330	285.733073	285.835938	C2	75	80	0
2331	285.734375	285.834635	C3	70	80	0
2332	286.002604	286.199219	C3	71	80	0
2333	286.003906	286.718750	C2	77	80	0
2334	286.007812	286.179688	G#2	68	80	0
2335	286.013021	287.319010	G#4	79	80	0
2336	286.312500	286.394531	C3	59	80	0
2337	286.312500	286.401042	G#2	63	80	0
2338	286.544271	287.079427	Eb4	60	80	0
2339	286.553385	286.645833	G#2	55	80	0
2340	286.555990	286.634115	C3	56	80	0
2341	286.783854	286.898438	G#2	55	80	0
2342	286.785156	286.895833	G2	57	80	0
2343	286.789062	286.889323	C3	60	80	0
2344	287.042969	287.122396	G2	54	80	0
2345	287.042969	287.136719	G#2	54	80	0
2346	287.044271	287.130208	C3	56	80	0
2347	287.281250	287.408854	C3	52	80	0
2348	287.282552	287.509115	F2	58	80	0
2349	287.283854	287.399740	G#2	50	80	0
2350	287.513021	287.628906	G#2	55	80	0
2351	287.513021	287.584635	C3	60	80	0
2352	287.516927	287.588542	F2	58	80	0
2353	287.743490	287.835938	C3	53	80	0
2354	287.744792	287.889323	G#2	57	80	0
2355	287.746094	287.759115	C2	55	80	0
2356	287.746094	287.979167	Eb2	57	80	0
2357	287.986979	288.078125	C3	61	80	0
2358	287.986979	288.070312	G#4	73	80	0
2359	287.992188	288.082031	G#2	60	80	0
2360	287.993490	288.109375	Eb2	59	80	0
2361	288.223958	288.307292	C3	68	80	0
2362	288.223958	288.313802	G#2	65	80	0
2363	288.225260	288.389323	Bb4	69	80	0
2364	288.226562	288.348958	C2	70	80	0
2365	288.233073	288.320312	Eb2	68	80	0
2366	288.464844	288.544271	C3	64	80	0
2367	288.466146	288.649740	C5	73	80	0
2368	288.470052	288.799479	C2	67	80	0
2369	288.472656	288.899740	Eb2	68	80	0
2370	288.472656	288.548177	G#2	62	80	0
2371	288.692708	288.968750	C#5	74	80	0
2372	288.695312	288.777344	C3	65	80	0
2373	288.696615	288.899740	G#2	65	80	0
2374	288.967448	289.829427	Eb5	81	80	0
2375	288.973958	289.109375	G#2	72	80	0
2376	288.975260	289.117188	C2	77	80	0
2377	288.977865	289.111979	C3	74	80	0
2378	289.268229	289.355469	C3	56	80	0
2379	289.269531	289.363281	G#2	62	80	0
2380	289.274740	289.329427	C2	58	80	0
2381	289.511719	289.614583	C3	63	80	0
2382	289.514323	289.658854	C2	65	80	0
2383	289.515625	289.623698	G#2	61	80	0
2384	289.751302	289.837240	C3	63	80	0
2385	289.752604	289.843750	G2	61	80	0
2386	289.752604	289.847656	G#2	59	80	0
2387	290.003906	290.092448	C3	60	80	0
2388	290.003906	290.102865	G#2	56	80	0
2389	290.235677	290.333333	F2	68	80	0
2390	290.236979	290.348958	G#2	63	80	0
2391	290.236979	290.342448	C3	64	80	0
2392	290.486979	290.584635	C3	59	80	0
2393	290.492188	290.609375	F2	59	80	0
2394	290.496094	290.591146	G#2	53	80	0
2395	290.714844	290.929688	G#5	81	80	0
2396	290.714844	290.729167	G#6	79	80	0
2397	290.723958	290.852865	C3	69	80	0
2398	290.743490	291.149740	Eb2	65	80	0
2399	290.986979	291.029948	Bb6	82	80	0
2400	290.992188	291.289062	Bb5	85	80	0
2401	290.992188	291.102865	C3	74	80	0
2402	290.998698	291.399740	G#2	64	80	0
2403	291.257812	291.381510	C3	72	80	0
2404	291.261719	291.438802	C2	70	80	0
2405	291.263021	291.769531	C6	91	80	0
2406	291.264323	291.269531	C7	84	80	0
2407	291.264323	291.394531	Eb2	75	80	0
2408	291.539062	291.908854	C#6	90	80	0
2409	291.546875	291.729167	C3	73	80	0
2410	291.841146	292.339844	Eb6	93	80	0
2411	291.847656	292.089844	C3	62	80	0
2412	291.852865	292.169271	C2	65	80	0
2413	292.221354	292.809896	F6	92	80	0
2414	292.226562	292.968750	Bb2	64	80	0
2415	292.230469	292.989583	G#2	66	80	0
2416	292.233073	292.399740	C2	66	80	0
2417	294.464844	295.019531	Bb4	42	80	0
2418	294.467448	294.519531	G#2	32	80	0
2419	294.470052	294.479167	D4	27	80	0
2420	294.472656	294.619792	D3	30	80	0
2421	294.475260	294.519531	G#3	33	80	0
2422	294.476562	294.619792	Bb2	29	80	0
2423	294.485677	294.609375	Bb3	30	80	0
2424	294.772135	295.109375	Eb5	44	80	0
2425	294.805990	295.149740	Eb3	30	80	0
2426	294.807292	295.128906	G4	30	80	0
2427	294.811198	295.158854	G3	26	80	0
2428	294.815104	295.139323	Eb4	25	80	0
2429	295.695312	296.089844	Eb5	47	80	0
2430	295.716146	295.959635	G4	31	80	0
2431	295.720052	295.859375	G3	28	80	0
2432	295.725260	295.949219	Bb3	30	80	0
2433	295.727865	295.739583	Bb4	28	80	0
2434	295.727865	296.009115	Eb3	27	80	0
2435	296.044271	296.669271	D5	48	80	0
2436	296.082031	296.529948	G#4	32	80	0
2437	296.084635	296.539062	G#3	28	80	0
2438	296.085938	296.438802	E3	24	80	0
2439	297.324219	297.889323	C#5	44	80	0
2440	297.345052	297.938802	Bb3	28	80	0
2441	297.351562	297.859375	C#4	20	80	0
2442	297.356771	298.029948	G3	24	80	0
2443	298.569010	298.899740	G#2	23	80	0
2444	298.584635	298.769531	C4	22	80	0
2445	298.925781	299.199219	G#3	30	80	0
2446	298.985677	299.250000	C4	21	80	0
2447	299.269531	299.699219	G6	61	80	0
2448	299.285156	299.559896	C#4	27	80	0
2449	299.294271	299.609375	Bb3	31	80	0
2450	299.565104	299.869792	F#6	59	80	0
2451	299.572917	300.019531	C4	29	80	0
2452	299.575521	299.739583	Eb4	27	80	0
2453	299.856771	300.149740	F6	61	80	0
2454	299.875000	300.769531	C#4	27	80	0
2455	299.890625	300.908854	F4	29	80	0
2456	300.026042	300.279948	Eb6	53	80	0
2457	300.171875	300.264323	C#6	58	80	0
2458	300.307292	300.395833	C6	54	80	0
2459	300.442708	300.559896	B5	55	80	0
2460	300.574219	300.688802	Bb5	51	80	0
2461	300.703125	300.807292	A5	49	80	0
2462	300.816406	300.932292	G#5	52	80	0
2463	300.942708	301.065104	G5	58	80	0
2464	301.075521	301.209635	F#5	59	80	0
2465	301.216146	301.388021	F5	59	80	0
2466	301.352865	301.519531	E5	53	80	0
2467	301.515625	301.688802	Eb5	47	80	0
2468	301.524740	301.709635	G#3	34	80	0
2469	301.532552	301.709635	C#3	27	80	0
2470	301.687500	301.799479	C#5	45	80	0
2471	301.876302	302.098958	C5	34	80	0
2472	301.893229	302.069010	G#3	28	80	0
2473	301.910156	302.119792	D3	26	80	0
2474	302.042969	302.750000	Bb4	39	80	0
2475	302.308594	302.769531	Eb5	43	80	0
2476	302.345052	302.829427	Eb3	27	80	0
2477	303.434896	303.688802	Eb3	21	80	0
2478	303.436198	303.549479	Eb2	22	80	0
2479	303.875000	304.529948	G#4	34	80	0
2480	303.876302	305.098958	G#3	32	80	0
2481	303.885417	304.279948	C4	30	80	0
2482	303.895833	305.029948	G#2	30	80	0
2483	303.903646	304.459635	C3	30	80	0
2484	304.514323	304.619792	F5	49	80	0
2485	304.520833	304.729167	C#4	31	80	0
2486	304.544271	305.269531	G#4	29	80	0
2487	304.808594	305.079427	C4	28	80	0
2488	305.084635	305.369792	C#5	40	80	0
2489	305.111979	305.348958	Bb3	27	80	0
2490	305.372396	305.658854	G#3	30	80	0
2491	305.375000	305.709635	C5	38	80	0
2492	305.634115	306.009115	Bb4	47	80	0
2493	305.635417	305.908854	G3	33	80	0
2494	305.907552	306.679688	G#4	40	80	0
2495	305.910156	306.529948	G#3	34	80	0
2496	305.912760	306.348958	C5	41	80	0
2497	306.194010	306.679688	C#5	50	80	0
2498	306.255208	306.468750	Bb3	25	80	0
2499	306.264323	306.639323	Eb3	23	80	0
2500	306.485677	306.789062	F4	29	80	0
2501	307.036458	307.299479	G4	39	80	0
2502	307.050781	307.059896	G3	26	80	0
2503	307.346354	308.029948	G#2	30	80	0
2504	307.347656	307.500000	C5	35	80	0
2505	307.356771	308.000000	G#3	29	80	0
2506	307.356771	307.628906	C4	25	80	0
2507	307.671875	307.949219	Eb4	28	80	0
2508	307.675781	307.959635	C3	29	80	0
2509	307.945312	308.239583	C#3	31	80	0
2510	307.946615	308.239583	F4	38	80	0
2511	308.210938	308.509115	C3	37	80	0
2512	308.213542	308.598958	Eb4	43	80	0
2513	308.483073	308.799479	C#4	48	80	0
2514	308.483073	308.628906	Bb2	38	80	0
2515	308.744792	309.250000	G#2	40	80	0
2516	308.744792	309.098958	C4	43	80	0
2517	308.747396	309.089844	G#3	38	80	0
2518	309.009115	309.329427	Bb3	45	80	0
2519	309.290365	309.658854	C4	41	80	0
2520	309.295573	309.938802	G#3	37	80	0
2521	309.298177	309.479167	G#2	34	80	0
2522	309.299479	309.639323	G#1	34	80	0
2523	309.593750	309.899740	G#4	40	80	0
2524	309.595052	310.169271	C#4	39	80	0
2525	309.645833	310.459635	G#1	25	80	0
2526	309.654948	310.179688	Eb2	29	80	0
2527	309.914062	310.250000	F4	36	80	0
2528	310.196615	310.378906	G#4	33	80	0
2529	310.459635	310.649740	G4	37	80	0
2530	310.756510	311.869792	G#1	31	80	0
2531	310.761719	311.579427	C4	33	80	0
2532	310.764323	311.389323	G#3	34	80	0
2533	311.335938	311.559896	Bb4	37	80	0
2534	311.602865	311.829427	G#4	40	80	0
2535	311.848958	311.959635	C#5	46	80	0
2536	311.875000	314.500000	G#1	30	80	0
2537	312.117188	312.250000	G#4	37	80	0
2538	312.261719	312.378906	G#4	31	80	0
2539	312.631510	313.069010	G#4	33	80	0
2540	312.638021	312.899740	C5	35	80	0
2541	312.893229	313.239583	F5	41	80	0
2542	313.158854	313.419271	D5	38	80	0
2543	313.412760	313.899740	F5	43	80	0
2544	313.656250	313.919271	Eb5	40	80	0
2545	313.914062	314.179688	Bb5	49	80	0
2546	314.192708	314.769531	G5	49	80	0
2547	314.455729	314.669271	Bb5	39	80	0
2548	314.695312	315.209635	G#5	47	80	0
2549	314.953125	315.259115	C#6	52	80	0
2550	314.970052	315.789062	G#3	25	80	0
2551	314.975260	315.299479	Eb3	24	80	0
2552	315.233073	315.589844	B5	51	80	0
2553	315.467448	315.839844	C#6	53	80	0
2554	315.726562	316.049479	C6	58	80	0
2555	315.983073	316.359375	F6	70	80	0
2556	316.022135	316.309896	Eb4	24	80	0
2557	316.023438	316.669271	G#3	28	80	0
2558	316.024740	316.529948	C4	29	80	0
2559	316.033854	316.589844	Eb3	24	80	0
2560	316.253906	316.519531	D6	54	80	0
2561	316.506510	316.799479	F6	61	80	0
2562	316.755208	316.968750	Eb6	55	80	0
2563	317.046875	317.449219	Eb6	51	80	0
2564	317.057292	317.679688	D4	21	80	0
2565	317.084635	318.009115	Bb3	26	80	0
2566	317.084635	317.919271	G#3	25	80	0
2567	317.093750	317.889323	F3	23	80	0
2568	317.354167	317.617188	C6	53	80	0
2569	317.613281	317.938802	Eb6	55	80	0
2570	317.858073	318.679688	D6	64	80	0
2571	318.131510	318.658854	C7	56	80	0
2572	318.145833	319.158854	D4	23	80	0
2573	318.182292	319.929688	Bb3	23	80	0
2574	318.194010	319.919271	G#3	22	80	0
2575	318.194010	318.908854	F3	20	80	0
2576	318.416667	318.639323	A6	51	80	0
2577	318.665365	319.329427	C7	54	80	0
2578	318.914062	319.408854	Bb6	63	80	0
2579	319.161458	319.658854	Eb6	60	80	0
2580	319.417969	319.989583	C6	64	80	0
2581	319.673177	320.218750	Eb6	64	80	0
2582	319.915365	320.289062	D6	68	80	0
2583	320.179688	320.539062	F6	68	80	0
2584	320.184896	320.819010	Eb4	33	80	0
2585	320.204427	321.049479	Eb3	29	80	0
2586	320.207031	320.938802	Bb3	29	80	0
2587	320.213542	320.938802	G3	31	80	0
2588	320.441406	320.959635	D6	64	80	0
2589	320.690104	321.179688	F6	71	80	0
2590	320.932292	321.229167	Eb6	77	80	0
2591	321.196615	321.679688	C7	69	80	0
2592	321.203125	322.149740	Eb4	39	80	0
2593	321.205729	322.919271	Eb3	37	80	0
2594	321.213542	322.089844	G3	38	80	0
2595	321.213542	322.139323	Bb3	37	80	0
2596	321.453125	321.769531	A6	74	80	0
2597	321.687500	322.179688	C7	80	80	0
2598	321.934896	322.218750	Bb6	77	80	0
2599	322.194010	322.529948	F6	73	80	0
2600	322.195312	322.979167	Eb4	43	80	0
2601	322.201823	322.949219	G3	48	80	0
2602	322.209635	322.989583	Bb3	43	80	0
2603	322.459635	322.959635	D6	67	80	0
2604	322.691406	322.960938	F6	81	80	0
2605	322.937500	323.188802	Eb6	81	80	0
2606	323.196615	323.848958	D4	47	80	0
2607	323.200521	323.919271	F3	49	80	0
2608	323.201823	323.919271	G#3	49	80	0
2609	323.201823	324.079427	Bb3	49	80	0
2610	323.203125	323.579427	Eb6	75	80	0
2611	323.476562	323.829427	C6	76	80	0
2612	323.722656	324.022135	Eb6	82	80	0
2613	323.981771	324.658854	D6	82	80	0
2614	324.214844	325.949219	F3	48	80	0
2615	324.221354	325.759115	D4	46	80	0
2616	324.229167	326.079427	Bb3	49	80	0
2617	324.256510	324.750000	C7	81	80	0
2618	324.515625	324.529948	A6	77	80	0
2619	324.759115	325.429688	C7	87	80	0
2620	325.013021	325.539062	Bb6	81	80	0
2621	325.264323	325.688802	Eb6	81	80	0
2622	325.531250	326.119792	C6	82	80	0
2623	325.783854	326.309896	Eb6	85	80	0
2624	326.055990	326.449219	D6	88	80	0
2625	326.332031	327.299479	Eb4	63	80	0
2626	326.335938	326.729167	F6	85	80	0
2627	326.335938	327.408854	G3	63	80	0
2628	326.337240	327.709635	Bb3	56	80	0
2629	326.338542	327.929688	Eb3	57	80	0
2630	326.644531	327.199219	D6	81	80	0
2631	326.970052	327.500000	F6	88	80	0
2632	327.394531	328.069010	Eb6	85	80	0
2633	328.042969	330.559896	F6	91	80	0
2634	328.063802	330.559896	Bb3	61	80	0
2635	328.065104	330.609375	C#3	54	80	0
2636	330.523438	330.699219	Eb6	60	80	0
2637	330.527344	330.539062	G#5	44	80	0
2638	330.544271	331.239583	C4	37	80	0
2639	330.567708	330.989583	C3	26	80	0
2640	331.203125	333.658854	Eb5	52	80	0
2641	331.205729	331.489583	Eb6	54	80	0
2642	331.225260	332.419271	G#4	39	80	0
2643	331.244792	333.169271	C3	26	80	0
2644	331.244792	333.908854	C4	28	80	0
2645	333.921875	334.149740	C#5	48	80	0
2646	333.944010	334.149740	Bb4	39	80	0
2647	333.950521	334.250000	G3	29	80	0
2648	333.954427	334.079427	E3	25	80	0
2649	334.566406	336.539062	C#5	46	80	0
2650	334.579427	336.619792	Bb4	41	80	0
2651	334.582031	334.589844	G4	33	80	0
2652	334.583333	336.449219	G3	30	80	0
2653	334.583333	336.098958	E3	28	80	0
2654	337.140625	337.628906	G#3	31	80	0
2655	337.825521	338.188802	G#3	27	80	0
2656	340.492188	340.500000	Eb2	25	80	0
2657	341.222656	341.229167	Eb3	21	80	0
2658	343.406250	343.479167	G#1	24	80	0
2659	343.414062	343.589844	G#2	27	80	0
2660	343.428385	343.779948	G#4	34	80	0
2661	343.575521	343.649740	Eb5	41	80	0
2662	343.725260	343.899740	C5	40	80	0
2663	343.830729	343.919271	Eb5	42	80	0
2664	343.946615	344.109375	G#5	48	80	0
2665	344.062500	344.139323	Eb5	43	80	0
2666	344.186198	344.309896	C5	45	80	0
2667	344.292969	344.378906	Eb5	39	80	0
2668	344.414062	344.619792	G#4	40	80	0
2669	344.545573	344.639323	Eb4	32	80	0
2670	344.654948	344.929688	C4	39	80	0
2671	344.774740	344.959635	Eb4	42	80	0
2672	344.897135	345.079427	G#3	41	80	0
2673	345.041667	345.188802	Eb3	29	80	0
2674	345.119792	345.339844	C3	32	80	0
2675	345.263021	345.269531	Eb2	31	80	0
2676	345.367188	345.519531	G#1	37	80	0
2677	345.368490	345.479167	G#2	40	80	0
2678	345.503906	345.574219	Eb2	37	80	0
2679	345.618490	345.769531	C2	34	80	0
2680	345.753906	345.929688	Eb2	38	80	0
2681	345.867188	345.908854	G#1	37	80	0
2682	346.164062	346.259115	Eb2	36	80	0
2683	346.226562	346.389323	G#2	42	80	0
2684	346.384115	346.519531	G2	38	80	0
2685	346.393229	346.799479	Bb2	41	80	0
2686	346.463542	346.509115	Eb3	29	80	0
2687	346.523438	346.649740	Eb3	30	80	0
2688	346.654948	346.829427	C#3	30	80	0
2689	346.779948	346.919271	Eb3	29	80	0
2690	347.035156	347.119792	Eb3	28	80	0
2691	347.139323	347.149740	G2	32	80	0
2692	347.145833	347.329427	C#3	32	80	0
2693	347.235677	347.769531	Eb3	33	80	0
2694	347.346354	347.750000	Bb2	36	80	0
2695	347.347656	347.968750	Eb2	35	80	0
2696	347.351562	347.809896	Eb1	46	80	0
2697	347.670573	347.752604	C#4	34	80	0
2698	347.770833	347.889323	Eb4	35	80	0
2699	347.899740	348.009115	G3	30	80	0
2700	348.013021	348.098958	Eb4	28	80	0
2701	348.123698	348.250000	C#4	36	80	0
2702	348.223958	348.669271	Eb4	42	80	0
2703	348.354167	348.799479	Bb2	40	80	0
2704	348.354167	349.029948	Eb2	38	80	0
2705	348.365885	348.929688	Bb1	39	80	0
2706	348.497396	348.509115	Eb5	43	80	0
2707	348.623698	348.779948	C#5	40	80	0
2708	348.734375	348.815104	Eb5	42	80	0
2709	348.854167	349.029948	G5	51	80	0
2710	348.957031	349.026042	Eb5	38	80	0
2711	349.075521	349.199219	C#5	48	80	0
2712	349.173177	349.339844	Eb5	40	80	0
2713	349.328125	349.709635	G#5	50	80	0
2714	349.339844	351.079427	Eb2	38	80	0
2715	349.463542	349.545573	Eb6	56	80	0
2716	349.578125	349.750000	C6	58	80	0
2717	349.708333	349.848958	Eb6	50	80	0
2718	349.815104	349.898438	G#6	59	80	0
2719	349.910156	350.069010	Eb6	49	80	0
2720	350.033854	350.117188	C6	59	80	0
2721	350.145833	350.247396	Eb6	60	80	0
2722	350.285156	350.371094	G#5	54	80	0
2723	350.404948	350.477865	Eb5	53	80	0
2724	350.532552	350.688802	C5	49	80	0
2725	350.651042	350.759115	Eb5	47	80	0
2726	350.792969	350.908854	G#4	28	80	0
2727	350.893229	350.940104	Eb4	34	80	0
2728	350.985677	351.072917	C4	40	80	0
2729	351.115885	351.250000	Eb4	46	80	0
2730	351.234375	351.549479	G#3	42	80	0
2731	351.361979	351.519531	Eb3	35	80	0
2732	351.481771	351.688802	C3	33	80	0
2733	351.601562	351.684896	Eb3	35	80	0
2734	351.725260	351.878906	G#3	40	80	0
2735	351.726562	351.929688	G#2	44	80	0
2736	351.845052	351.949219	Eb3	35	80	0
2737	351.949219	352.119792	C3	41	80	0
2738	352.063802	352.329427	Eb3	39	80	0
2739	352.203125	352.500000	Bb2	46	80	0
2740	352.205729	352.519531	G2	45	80	0
2741	352.213542	352.729167	Eb2	47	80	0
2742	352.213542	352.559896	G3	42	80	0
2743	352.337240	352.438802	Eb3	35	80	0
2744	352.454427	352.649740	C#3	46	80	0
2745	352.574219	352.739583	Eb3	41	80	0
2746	352.692708	352.908854	Bb3	48	80	0
2747	352.692708	352.919271	G2	44	80	0
2748	352.912760	353.250000	C#3	50	80	0
2749	353.164062	353.429688	G3	43	80	0
2750	353.174479	353.669271	Eb3	45	80	0
2751	353.175781	353.188802	Bb2	43	80	0
2752	353.322917	353.429688	Eb4	38	80	0
2753	353.424479	353.503906	C#4	49	80	0
2754	353.535156	353.658854	Eb4	39	80	0
2755	353.660156	353.829427	Bb4	51	80	0
2756	353.760417	353.817708	Eb4	39	80	0
2757	353.875000	353.945312	C#4	49	80	0
2758	353.980469	354.079427	Eb4	45	80	0
2759	354.118490	354.399740	G3	44	80	0
2760	354.123698	354.649740	Eb3	45	80	0
2761	354.130208	354.549479	Eb2	39	80	0
2762	354.257812	354.320312	Eb5	51	80	0
2763	354.260417	354.324219	Eb4	41	80	0
2764	354.381510	354.446615	C#5	60	80	0
2765	354.475260	354.553385	Eb5	53	80	0
2766	354.619792	354.678385	Bb5	61	80	0
2767	354.718750	354.798177	Eb5	47	80	0
2768	354.832031	354.903646	C#5	58	80	0
2769	354.937500	355.059896	Eb5	53	80	0
2770	355.061198	355.589844	G#2	45	80	0
2771	355.062500	355.199219	Eb2	46	80	0
2772	355.063802	355.218750	G#1	46	80	0
2773	355.089844	355.180990	C5	53	80	0
2774	355.192708	355.273438	Eb5	56	80	0
2775	355.326823	355.468750	C5	53	80	0
2776	355.430990	355.527344	Eb5	53	80	0
2777	355.554688	355.648438	C6	71	80	0
2778	355.680990	355.746094	Eb5	63	80	0
2779	355.782552	355.899740	C5	59	80	0
2780	355.895833	355.972656	Eb5	63	80	0
2781	356.024740	356.419271	F4	56	80	0
2782	356.042969	356.122396	C#5	61	80	0
2783	356.044271	356.500000	F3	45	80	0
2784	356.046875	356.569010	G#3	53	80	0
2785	356.154948	356.233073	G#5	62	80	0
2786	356.274740	356.399740	C#5	59	80	0
2787	356.388021	356.484375	G#5	68	80	0
2788	356.516927	356.611979	C#6	74	80	0
2789	356.621094	356.697917	G#5	70	80	0
2790	356.731771	356.848958	F6	64	80	0
2791	356.733073	356.802083	F5	67	80	0
2792	356.841146	356.979167	G#5	72	80	0
2793	356.841146	356.878906	G#6	73	80	0
2794	356.960938	357.158854	Eb5	68	80	0
2795	356.964844	357.419271	C4	57	80	0
2796	356.971354	357.164062	C3	56	80	0
2797	356.996094	357.369792	G#3	49	80	0
2798	357.088542	357.179688	Eb6	75	80	0
2799	357.192708	357.287760	G#6	71	80	0
2800	357.194010	357.273438	G#5	74	80	0
2801	357.296875	357.391927	Eb6	73	80	0
2802	357.430990	357.759115	G#3	64	80	0
2803	357.430990	357.529948	E6	74	80	0
2804	357.432292	357.718750	C3	61	80	0
2805	357.432292	357.739583	C4	60	80	0
2806	357.432292	357.515625	E5	71	80	0
2807	357.542969	357.636719	E6	78	80	0
2808	357.652344	357.734375	G#5	78	80	0
2809	357.653646	357.718750	G#6	74	80	0
2810	357.768229	357.861979	E6	76	80	0
2811	357.893229	358.039062	F5	77	80	0
2812	357.893229	358.009115	F6	74	80	0
2813	357.902344	358.389323	C#4	65	80	0
2814	357.907552	358.449219	G#3	62	80	0
2815	357.912760	358.539062	C#3	61	80	0
2816	358.016927	358.105469	F6	85	80	0
2817	358.136719	358.213542	F5	68	80	0
2818	358.248698	358.337240	G#5	78	80	0
2819	358.248698	358.309896	G#6	77	80	0
2820	358.358073	358.464844	F6	92	80	0
2821	358.476562	358.576823	C#6	84	80	0
2822	358.592448	358.673177	G#5	81	80	0
2823	358.593750	358.697917	G#6	80	80	0
2824	358.695312	358.795573	C#6	81	80	0
2825	358.811198	358.938802	G5	75	80	0
2826	358.813802	358.959635	G6	76	80	0
2827	358.833333	359.549479	Bb3	65	80	0
2828	358.843750	359.489583	Eb3	64	80	0
2829	358.852865	359.429688	Bb2	58	80	0
2830	358.955729	359.063802	Eb6	81	80	0
2831	359.067708	359.299479	C#6	83	80	0
2832	359.177083	359.285156	Eb6	86	80	0
2833	359.294271	359.407552	G6	89	80	0
2834	359.412760	359.515625	Eb6	83	80	0
2835	359.524740	359.638021	C#6	89	80	0
2836	359.625000	359.736979	Eb6	86	80	0
2837	359.763021	359.889323	G6	82	80	0
2838	359.765625	360.098958	G5	82	80	0
2839	359.772135	360.098958	C4	74	80	0
2840	359.773438	360.098958	Eb3	76	80	0
2841	359.774740	359.789062	G3	71	80	0
2842	359.778646	360.039062	C3	77	80	0
2843	359.894531	360.006510	G6	87	80	0
2844	360.024740	360.125000	Eb6	81	80	0
2845	360.027344	360.121094	C6	79	80	0
2846	360.125000	360.299479	G6	81	80	0
2847	360.273438	360.598958	G#5	82	80	0
2848	360.274740	360.408854	G#6	75	80	0
2849	360.281250	360.598958	C4	71	80	0
2850	360.286458	360.559896	C3	63	80	0
2851	360.300781	360.639323	Eb3	56	80	0
2852	360.416667	360.553385	G#6	89	80	0
2853	360.552083	360.718750	C6	76	80	0
2854	360.553385	360.729167	Eb6	69	80	0
2855	360.686198	360.968750	G#6	67	80	0
2856	361.044271	361.319010	F6	52	80	0
2857	361.045573	362.669271	F5	47	80	0
2858	361.054688	361.679688	G#3	42	80	0
2859	361.067708	362.000000	C#3	25	80	0
2860	361.708333	361.968750	A3	32	80	0
2861	362.244792	362.848958	Bb3	34	80	0
2862	362.518229	363.229167	Bb4	42	80	0
2863	362.846354	363.279948	C5	43	80	0
2864	362.880208	363.329427	C4	21	80	0
2865	363.156250	363.658854	C#5	48	80	0
2866	363.510417	364.389323	G4	35	80	0
2867	363.513021	364.699219	Eb3	28	80	0
2868	363.518229	364.149740	G3	26	80	0
2869	363.536458	363.889323	Bb3	21	80	0
2870	364.105469	364.949219	Eb5	47	80	0
2871	364.819010	365.829427	Eb4	34	80	0
2872	364.852865	365.759115	C4	23	80	0
2873	365.165365	365.519531	C#5	41	80	0
2874	365.486979	366.309896	C5	48	80	0
2875	365.751302	366.179688	C6	62	80	0
2876	366.015625	366.369792	Bb5	62	80	0
2877	366.266927	366.589844	G5	62	80	0
2878	366.514323	366.908854	C4	51	80	0
2879	366.523438	366.869792	G#3	51	80	0
2880	366.527344	366.869792	Bb5	63	80	0
2881	366.799479	367.179688	G#5	73	80	0
2882	366.800781	366.809896	G#6	70	80	0
2883	367.076823	367.559896	G#3	60	80	0
2884	367.080729	367.799479	C4	57	80	0
2885	367.083333	367.658854	C6	73	80	0
2886	367.367188	367.699219	G#5	75	80	0
2887	367.368490	367.378906	G#6	74	80	0
2888	367.647135	367.688802	Eb6	69	80	0
2889	367.647135	367.899740	Eb5	69	80	0
2890	367.962240	368.179688	E5	68	80	0
2891	367.963542	368.029948	E6	69	80	0
2892	367.967448	368.158854	G#3	50	80	0
2893	367.970052	368.149740	C4	49	80	0
2894	368.365885	369.348958	F5	54	80	0
2895	368.368490	368.429688	F6	59	80	0
2896	368.388021	368.729167	G#3	37	80	0
2897	368.398438	368.549479	C4	28	80	0
2898	368.403646	368.878906	C#3	28	80	0
2899	368.716146	369.029948	A3	37	80	0
2900	369.033854	369.329427	Bb3	40	80	0
2901	369.315104	369.709635	C4	33	80	0
2902	369.634115	370.109375	C#4	31	80	0
2903	369.927083	370.369792	Bb4	46	80	0
2904	369.973958	370.289062	C#3	29	80	0
2905	370.247396	370.609375	C5	49	80	0
2906	370.255208	370.598958	Eb3	36	80	0
2907	370.555990	370.949219	C#5	54	80	0
2908	370.566406	370.829427	F3	35	80	0
2909	370.576823	370.679688	F2	27	80	0
2910	370.899740	371.109375	Eb2	31	80	0
2911	370.903646	371.259115	G4	40	80	0
2912	370.903646	371.218750	Eb3	34	80	0
2913	371.195312	371.408854	Eb2	31	80	0
2914	371.552083	372.059896	Eb5	53	80	0
2915	371.605469	371.959635	F2	32	80	0
2916	371.933594	372.229167	G2	35	80	0
2917	372.355469	373.399740	C5	44	80	0
2918	372.367188	373.199219	G#3	35	80	0
2919	372.367188	373.589844	G#4	39	80	0
2920	372.372396	372.929688	G#1	35	80	0
2921	372.941406	373.149740	G#1	21	80	0
2922	373.158854	374.509115	G#1	17	80	0
2923	373.733073	375.399740	C#5	50	80	0
2924	373.744792	374.959635	G#4	38	80	0
2925	373.746094	374.319010	F2	25	80	0
2926	374.454427	375.419271	F4	46	80	0
2927	374.475260	375.438802	C#2	31	80	0
2928	375.171875	376.239583	Bb4	54	80	0
2929	375.174479	376.009115	G2	38	80	0
2930	375.958333	376.759115	C#5	68	80	0
2931	375.964844	376.739583	Bb2	50	80	0
2932	375.966146	376.559896	G4	59	80	0
2933	375.984375	376.259115	G3	43	80	0
2934	377.044271	380.188802	C#5	64	80	0
2935	377.049479	379.968750	G4	59	80	0
2936	377.053385	380.279948	E4	50	80	0
2937	377.063802	379.809896	Bb2	49	80	0
2938	378.743490	380.299479	G#1	27	80	0
2939	380.307292	381.269531	G#1	29	80	0
2940	382.106771	382.119792	G#2	24	80	0
#SusPed	1.430990	73	0
#SusPed	7.429688	0	0
#SusPed	7.763021	65	0
#SusPed	9.049479	0	0
#SusPed	9.057292	68	0
#SusPed	9.179688	0	0
#SusPed	9.191406	79	0
#SusPed	10.250000	0	0
#SusPed	10.255208	77	0
#SofPed	10.384115	57	0
#SusPed	10.759115	0	0
#SusPed	10.765625	69	0
#SusPed	11.299479	0	0
#SusPed	11.312500	77	0
#SusPed	11.419271	0	0
#SusPed	11.425781	57	0
#SusPed	11.889323	0	0
#SusPed	11.899740	92	0
#SusPed	11.949219	0	0
#SusPed	11.957031	59	0
#SusPed	12.128906	0	0
#SusPed	12.135417	87	0
#SusPed	12.709635	0	0
#SusPed	12.714844	70	0
#SusPed	12.869792	0	0
#SusPed	12.881510	54	0
#SofPed	16.389323	0	0
#SusPed	16.750000	0	0
#SusPed	16.755208	46	0
#SusPed	17.489583	0	0
#SusPed	17.503906	60	0
#SusPed	23.500000	0	0
#SusPed	28.041667	84	0
#SusPed	28.239583	0	0
#SusPed	28.244792	88	0
#SusPed	34.218750	0	0
#SusPed	34.227865	63	0
#SusPed	34.378906	0	0
#SusPed	34.393229	77	0
#SusPed	36.269531	0	0
#SusPed	36.281250	73	0
#SusPed	40.750000	0	0
#SusPed	40.763021	80	0
#SusPed	40.908854	0	0
#SusPed	40.921875	60	0
#SusPed	41.149740	0	0
#SusPed	41.156250	74	0
#SusPed	41.649740	0	0
#SusPed	41.654948	86	0
#SusPed	41.789062	0	0
#SusPed	41.803385	78	0
#SusPed	42.029948	0	0
#SusPed	42.035156	98	0
#SusPed	42.119792	0	0
#SusPed	42.128906	99	0
#SusPed	42.709635	0	0
#SusPed	42.720052	63	0
#SusPed	42.839844	0	0
#SusPed	42.848958	73	0
#SusPed	43.718750	0	0
#SusPed	43.734375	81	0
#SusPed	43.878906	0	0
#SusPed	43.885417	64	0
#SusPed	44.809896	0	0
#SusPed	44.815104	68	0
#SusPed	45.000000	0	0
#SusPed	45.013021	73	0
#SusPed	45.348958	0	0
#SusPed	45.364583	86	0
#SusPed	45.399740	0	0
#SusPed	45.407552	88	0
#SusPed	45.509115	0	0
#SusPed	45.523438	89	0
#SusPed	45.739583	0	0
#SusPed	45.746094	75	0
#SusPed	45.869792	0	0
#SusPed	45.878906	62	0
#SusPed	46.259115	0	0
#SusPed	46.265625	92	0
#SusPed	46.718750	0	0
#SusPed	46.729167	71	0
#SusPed	46.869792	0	0
#SusPed	46.881510	68	0
#SusPed	47.658854	0	0
#SusPed	47.666667	64	0
#SusPed	47.809896	0	0
#SusPed	47.815104	62	0
#SusPed	48.729167	0	0
#SusPed	48.736979	66	0
#SusPed	48.819010	0	0
#SusPed	48.824219	70	0
#SusPed	49.718750	0	0
#SusPed	49.723958	61	0
#SusPed	49.889323	0	0
#SusPed	49.902344	74	0
#SusPed	50.419271	0	0
#SusPed	50.428385	96	0
#SofPed	50.662760	83	0
#SusPed	50.669271	0	0
#SusPed	50.684896	80	0
#SusPed	50.839844	0	0
#SofPed	50.839844	0	0
#SofPed	50.847656	88	0
#SusPed	50.852865	57	0
#SofPed	50.938802	0	0
#SofPed	50.951823	86	0
#SofPed	51.059896	0	0
#SofPed	51.069010	87	0
#SusPed	51.149740	0	0
#SusPed	51.164062	87	0
#SusPed	51.408854	0	0
#SusPed	51.423177	89	0
#SofPed	51.623698	0	0
#SusPed	51.658854	0	0
#SusPed	51.671875	75	0
#SusPed	51.848958	0	0
#SusPed	51.860677	74	0
#SusPed	52.509115	0	0
#SusPed	52.515625	58	0
#SusPed	52.709635	0	0
#SusPed	52.721354	77	0
#SusPed	53.029948	0	0
#SusPed	53.037760	86	0
#SusPed	53.199219	0	0
#SusPed	53.204427	81	0
#SusPed	53.299479	0	0
#SusPed	53.305990	84	0
#SusPed	53.408854	0	0
#SusPed	53.416667	86	0
#SusPed	53.628906	0	0
#SusPed	53.644531	63	0
#SusPed	53.848958	0	0
#SusPed	53.856771	76	0
#SusPed	54.509115	0	0
#SusPed	54.514323	69	0
#SusPed	54.739583	0	0
#SusPed	54.744792	70	0
#SusPed	55.199219	0	0
#SusPed	55.204427	89	0
#SusPed	55.539062	0	0
#SusPed	55.544271	62	0
#SusPed	55.839844	0	0
#SusPed	55.852865	77	0
#SusPed	56.569010	0	0
#SusPed	56.578125	69	0
#SusPed	56.789062	0	0
#SusPed	56.798177	82	0
#SofPed	56.928385	64	0
#SusPed	57.029948	0	0
#SusPed	57.042969	83	0
#SusPed	57.128906	0	0
#SusPed	57.144531	80	0
#SusPed	57.250000	0	0
#SofPed	57.250000	0	0
#SofPed	57.256510	43	0
#SusPed	57.257812	88	0
#SofPed	57.359375	0	0
#SofPed	57.368490	34	0
#SusPed	57.589844	0	0
#SusPed	57.595052	58	0
#SusPed	57.709635	0	0
#SusPed	57.722656	74	0
#SusPed	58.438802	0	0
#SusPed	58.446615	75	0
#SusPed	58.569010	0	0
#SusPed	58.583333	62	0
#SusPed	59.679688	0	0
#SusPed	59.694010	83	0
#SusPed	60.408854	0	0
#SusPed	60.417969	72	0
#SusPed	60.579427	0	0
#SusPed	60.593750	79	0
#SusPed	61.378906	0	0
#SusPed	61.385417	68	0
#SusPed	61.869792	0	0
#SusPed	61.884115	58	0
#SusPed	62.009115	0	0
#SusPed	62.024740	85	0
#SofPed	62.500000	0	0
#SusPed	62.979167	0	0
#SusPed	62.989583	66	0
#SusPed	63.359375	0	0
#SusPed	63.373698	105	0
#SusPed	63.419271	0	0
#SusPed	63.433594	75	0
#SusPed	63.559896	0	0
#SusPed	63.574219	81	0
#SusPed	63.938802	0	0
#SusPed	63.946615	84	0
#SofPed	63.967448	56	0
#SusPed	64.139323	0	0
#SusPed	64.148438	82	0
#SofPed	64.188802	0	0
#SofPed	64.203125	76	0
#SofPed	64.299479	0	0
#SofPed	64.313802	70	0
#SofPed	64.500000	0	0
#SofPed	64.507812	79	0
#SusPed	64.559896	0	0
#SusPed	64.571615	91	0
#SofPed	64.609375	0	0
#SofPed	64.618490	87	0
#SofPed	64.669271	0	0
#SofPed	64.675781	84	0
#SusPed	64.759115	0	0
#SusPed	64.772135	67	0
#SofPed	64.848958	0	0
#SofPed	64.861979	87	0
#SusPed	65.000000	0	0
#SusPed	65.014323	70	0
#SofPed	65.089844	0	0
#SofPed	65.095052	95	0
#SofPed	65.188802	0	0
#SusPed	71.009115	0	0
#SusPed	71.403646	67	0
#SusPed	72.128906	0	0
#SusPed	72.139323	89	0
#SusPed	73.669271	0	0
#SusPed	73.682292	71	0
#SusPed	73.878906	0	0
#SusPed	73.894531	73	0
#SusPed	74.188802	0	0
#SusPed	74.203125	72	0
#SusPed	74.509115	0	0
#SusPed	74.522135	57	0
#SusPed	74.789062	0	0
#SusPed	74.798177	63	0
#SusPed	74.899740	0	0
#SusPed	74.906250	67	0
#SusPed	75.259115	0	0
#SusPed	75.266927	74	0
#SusPed	75.369792	0	0
#SusPed	75.382812	77	0
#SusPed	75.669271	0	0
#SusPed	75.678385	64	0
#SusPed	77.139323	0	0
#SusPed	77.148438	82	0
#SusPed	78.079427	0	0
#SusPed	78.085938	64	0
#SusPed	79.169271	0	0
#SusPed	79.183594	68	0
#SusPed	79.369792	0	0
#SusPed	79.380208	66	0
#SusPed	80.658854	0	0
#SusPed	80.670573	63	0
#SusPed	80.869792	0	0
#SusPed	80.875000	64	0
#SusPed	81.209635	0	0
#SusPed	81.220052	67	0
#SusPed	81.688802	0	0
#SusPed	81.695312	64	0
#SofPed	82.433594	75	0
#SofPed	82.529948	0	0
#SofPed	82.542969	78	0
#SusPed	82.598958	0	0
#SofPed	82.609375	0	0
#SusPed	82.613281	69	0
#SofPed	82.623698	80	0
#SusPed	82.759115	0	0
#SusPed	82.770833	64	0
#SofPed	82.839844	0	0
#SofPed	82.850260	83	0
#SusPed	83.019531	0	0
#SusPed	83.024740	79	0
#SofPed	83.049479	0	0
#SofPed	83.059896	77	0
#SofPed	83.139323	0	0
#SofPed	83.144531	83	0
#SofPed	83.239583	0	0
#SofPed	83.246094	88	0
#SusPed	83.250000	0	0
#SusPed	83.261719	82	0
#SusPed	83.348958	0	0
#SofPed	83.348958	0	0
#SofPed	83.363281	90	0
#SusPed	83.364583	81	0
#SusPed	83.389323	0	0
#SusPed	83.404948	81	0
#SofPed	83.419271	0	0
#SofPed	83.433594	87	0
#SofPed	83.529948	0	0
#SofPed	83.536458	80	0
#SofPed	83.619792	0	0
#SofPed	83.627604	70	0
#SofPed	83.799479	0	0
#SofPed	83.805990	42	0
#SofPed	83.919271	0	0
#SofPed	83.933594	46	0
#SofPed	84.009115	0	0
#SofPed	84.018229	56	0
#SusPed	84.019531	0	0
#SusPed	84.031250	61	0
#SofPed	84.109375	0	0
#SofPed	84.114583	66	0
#SofPed	84.169271	0	0
#SofPed	84.174479	68	0
#SofPed	84.289062	0	0
#SofPed	84.300781	70	0
#SofPed	84.429688	0	0
#SofPed	84.434896	75	0
#SofPed	84.500000	0	0
#SofPed	84.514323	77	0
#SofPed	84.649740	0	0
#SofPed	84.662760	83	0
#SusPed	84.709635	0	0
#SusPed	84.721354	88	0
#SofPed	84.829427	0	0
#SofPed	84.839844	84	0
#SusPed	84.929688	0	0
#SusPed	84.937500	87	0
#SofPed	84.959635	0	0
#SofPed	84.971354	90	0
#SusPed	85.029948	0	0
#SofPed	85.029948	0	0
#SofPed	85.036458	96	0
#SusPed	85.044271	89	0
#SofPed	85.119792	0	0
#SofPed	85.126302	89	0
#SofPed	85.299479	0	0
#SofPed	85.312500	85	0
#SofPed	85.378906	0	0
#SofPed	85.384115	85	0
#SofPed	85.449219	0	0
#SofPed	85.459635	84	0
#SofPed	85.529948	0	0
#SofPed	85.544271	88	0
#SusPed	85.569010	0	0
#SusPed	85.582031	93	0
#SofPed	85.589844	0	0
#SofPed	85.604167	91	0
#SusPed	85.639323	0	0
#SusPed	85.647135	99	0
#SofPed	85.699219	0	0
#SofPed	85.713542	89	0
#SusPed	85.759115	0	0
#SusPed	85.773438	98	0
#SofPed	85.799479	0	0
#SofPed	85.809896	79	0
#SofPed	85.869792	0	0
#SofPed	85.877604	73	0
#SofPed	87.158854	0	0
#SusPed	87.289062	0	0
#SusPed	87.303385	68	0
#SusPed	87.399740	0	0
#SusPed	87.407552	84	0
#SusPed	88.029948	0	0
#SusPed	88.040365	97	0
#SusPed	88.139323	0	0
#SusPed	88.152344	99	0
#SusPed	88.348958	0	0
#SusPed	88.361979	97	0
#SusPed	88.438802	0	0
#SusPed	88.450521	65	0
#SusPed	88.519531	0	0
#SusPed	88.527344	73	0
#SusPed	90.639323	0	0
#SusPed	90.649740	71	0
#SusPed	91.639323	0	0
#SusPed	91.647135	56	0
#SusPed	91.779948	0	0
#SusPed	91.786458	87	0
#SusPed	92.319010	0	0
#SusPed	92.326823	84	0
#SusPed	93.649740	0	0
#SusPed	93.654948	69	0
#SusPed	94.069010	0	0
#SusPed	94.079427	60	0
#SusPed	94.209635	0	0
#SusPed	94.216146	72	0
#SusPed	94.559896	0	0
#SusPed	94.566406	65	0
#SusPed	94.709635	0	0
#SusPed	94.717448	63	0
#SusPed	94.908854	0	0
#SusPed	94.919271	87	0
#SusPed	95.389323	0	0
#SusPed	95.398438	65	0
#SusPed	95.769531	0	0
#SusPed	95.774740	73	0
#SusPed	95.839844	0	0
#SusPed	95.845052	64	0
#SusPed	96.169271	0	0
#SusPed	96.182292	87	0
#SusPed	96.329427	0	0
#SusPed	96.339844	88	0
#SusPed	96.598958	0	0
#SusPed	96.606771	65	0
#SusPed	96.718750	0	0
#SusPed	96.730469	60	0
#SusPed	96.839844	0	0
#SusPed	96.848958	69	0
#SusPed	97.598958	0	0
#SusPed	97.609375	78	0
#SusPed	97.819010	0	0
#SusPed	97.832031	61	0
#SusPed	97.968750	0	0
#SusPed	97.984375	61	0
#SusPed	98.479167	0	0
#SusPed	98.488281	66	0
#SusPed	98.639323	0	0
#SusPed	98.645833	79	0
#SusPed	99.019531	0	0
#SusPed	99.032552	60	0
#SusPed	99.369792	0	0
#SusPed	99.382812	86	0
#SusPed	99.750000	0	0
#SusPed	99.763021	77	0
#SusPed	99.899740	0	0
#SusPed	99.904948	85	0
#SusPed	100.549479	0	0
#SusPed	100.561198	92	0
#SusPed	101.188802	0	0
#SusPed	101.195312	70	0
#SusPed	101.348958	0	0
#SusPed	101.617188	67	0
#SusPed	102.688802	0	0
#SusPed	102.694010	59	0
#SusPed	103.479167	0	0
#SusPed	103.490885	63	0
#SusPed	103.878906	0	0
#SusPed	103.885417	71	0
#SusPed	104.679688	0	0
#SusPed	104.690104	64	0
#SusPed	104.799479	0	0
#SusPed	104.813802	65	0
#SusPed	104.878906	0	0
#SusPed	104.885417	72	0
#SusPed	105.329427	0	0
#SusPed	105.342448	75	0
#SusPed	106.628906	0	0
#SusPed	106.638021	82	0
#SusPed	107.929688	0	0
#SusPed	107.944010	72	0
#SusPed	109.259115	0	0
#SusPed	109.273438	61	0
#SusPed	109.729167	0	0
#SusPed	109.735677	53	0
#SusPed	109.938802	0	0
#SusPed	109.945312	54	0
#SusPed	110.079427	0	0
#SusPed	110.087240	52	0
#SusPed	110.209635	0	0
#SusPed	110.216146	51	0
#SusPed	110.500000	0	0
#SusPed	110.513021	54	0
#SusPed	110.559896	0	0
#SusPed	110.565104	51	0
#SusPed	110.639323	0	0
#SusPed	110.651042	53	0
#SusPed	111.669271	0	0
#SusPed	111.677083	58	0
#SusPed	111.819010	0	0
#SusPed	111.825521	58	0
#SusPed	111.878906	0	0
#SusPed	111.891927	60	0
#SusPed	112.348958	0	0
#SusPed	112.355469	61	0
#SusPed	112.669271	0	0
#SusPed	112.675781	67	0
#SusPed	113.019531	0	0
#SusPed	113.032552	66	0
#SusPed	113.789062	0	0
#SusPed	113.794271	71	0
#SusPed	114.819010	0	0
#SusPed	114.833333	58	0
#SusPed	115.089844	0	0
#SusPed	115.096354	57	0
#SusPed	115.468750	0	0
#SusPed	115.483073	60	0
#SusPed	116.109375	0	0
#SusPed	116.115885	76	0
#SusPed	116.289062	0	0
#SusPed	116.304688	73	0
#SusPed	116.569010	0	0
#SusPed	116.583333	64	0
#SusPed	116.718750	0	0
#SusPed	116.726562	62	0
#SusPed	117.218750	0	0
#SusPed	117.233073	75	0
#SusPed	117.319010	0	0
#SusPed	117.329427	72	0
#SusPed	117.729167	0	0
#SusPed	117.743490	72	0
#SusPed	118.139323	0	0
#SusPed	118.147135	61	0
#SusPed	118.559896	0	0
#SusPed	118.572917	58	0
#SusPed	119.128906	0	0
#SusPed	119.143229	68	0
#SusPed	119.799479	0	0
#SusPed	119.809896	78	0
#SusPed	120.128906	0	0
#SusPed	120.140625	70	0
#SusPed	120.399740	0	0
#SusPed	120.414062	64	0
#SusPed	120.509115	0	0
#SusPed	120.514323	71	0
#SusPed	121.158854	0	0
#SusPed	121.174479	68	0
#SusPed	121.408854	0	0
#SusPed	121.416667	72	0
#SusPed	121.609375	0	0
#SusPed	121.614583	77	0
#SusPed	122.029948	0	0
#SusPed	122.042969	70	0
#SusPed	122.098958	0	0
#SusPed	122.113281	70	0
#SusPed	122.250000	0	0
#SusPed	122.263021	68	0
#SusPed	124.809896	0	0
#SusPed	124.822917	71	0
#SusPed	124.959635	0	0
#SusPed	124.973958	62	0
#SusPed	125.339844	0	0
#SusPed	125.352865	70	0
#SusPed	125.429688	0	0
#SusPed	125.436198	71	0
#SusPed	125.979167	0	0
#SusPed	125.990885	72	0
#SusPed	131.989583	0	0
#SusPed	137.356771	65	0
#SusPed	138.408854	0	0
#SusPed	138.416667	56	0
#SusPed	140.359375	0	0
#SusPed	140.365885	70	0
#SusPed	140.539062	0	0
#SusPed	140.545573	64	0
#SusPed	140.859375	0	0
#SusPed	140.867188	99	0
#SusPed	141.059896	0	0
#SusPed	141.072917	67	0
#SusPed	141.279948	0	0
#SusPed	141.292969	90	0
#SusPed	142.000000	0	0
#SusPed	142.005208	102	0
#SusPed	142.269531	0	0
#SusPed	142.279948	69	0
#SusPed	142.339844	0	0
#SusPed	142.347656	74	0
#SusPed	143.468750	0	0
#SusPed	143.476562	75	0
#SusPed	144.319010	0	0
#SusPed	144.330729	62	0
#SusPed	144.429688	0	0
#SusPed	144.436198	86	0
#SusPed	145.449219	0	0
#SusPed	145.462240	85	0
#SusPed	145.739583	0	0
#SusPed	145.753906	86	0
#SusPed	146.119792	0	0
#SusPed	146.132812	67	0
#SusPed	146.429688	0	0
#SusPed	146.442708	75	0
#SusPed	147.459635	0	0
#SusPed	147.464844	93	0
#SusPed	147.848958	0	0
#SusPed	147.856771	62	0
#SusPed	148.139323	0	0
#SusPed	148.149740	78	0
#SusPed	148.389323	0	0
#SusPed	148.394531	81	0
#SusPed	148.829427	0	0
#SusPed	148.843750	84	0
#SusPed	149.269531	0	0
#SusPed	149.283854	73	0
#SusPed	149.468750	0	0
#SusPed	149.477865	64	0
#SusPed	149.809896	0	0
#SusPed	149.824219	83	0
#SusPed	149.959635	0	0
#SusPed	149.964844	83	0
#SusPed	150.239583	0	0
#SusPed	150.253906	74	0
#SusPed	150.459635	0	0
#SusPed	150.464844	63	0
#SusPed	150.658854	0	0
#SusPed	150.666667	64	0
#SusPed	150.938802	0	0
#SusPed	150.951823	64	0
#SusPed	151.539062	0	0
#SusPed	151.550781	62	0
#SusPed	151.619792	0	0
#SusPed	151.625000	64	0
#SusPed	151.688802	0	0
#SusPed	151.699219	66	0
#SusPed	152.169271	0	0
#SusPed	152.183594	65	0
#SusPed	152.369792	0	0
#SusPed	152.382812	68	0
#SusPed	152.729167	0	0
#SusPed	152.739583	72	0
#SusPed	152.908854	0	0
#SusPed	152.914062	73	0
#SusPed	153.699219	0	0
#SusPed	153.712240	65	0
#SusPed	153.878906	0	0
#SusPed	153.890625	67	0
#SusPed	154.309896	0	0
#SusPed	154.324219	63	0
#SusPed	154.389323	0	0
#SusPed	154.397135	72	0
#SusPed	155.209635	0	0
#SusPed	155.223958	72	0
#SusPed	155.279948	0	0
#SusPed	155.285156	58	0
#SusPed	155.438802	0	0
#SusPed	155.446615	64	0
#SusPed	156.218750	0	0
#SusPed	156.230469	68	0
#SusPed	156.468750	0	0
#SusPed	156.475260	59	0
#SusPed	156.529948	0	0
#SusPed	156.542969	56	0
#SusPed	157.000000	0	0
#SusPed	157.006510	68	0
#SusPed	157.628906	0	0
#SusPed	157.643229	73	0
#SusPed	157.769531	0	0
#SusPed	157.778646	77	0
#SusPed	158.250000	0	0
#SusPed	158.263021	70	0
#SusPed	158.519531	0	0
#SusPed	158.533854	63	0
#SusPed	158.878906	0	0
#SusPed	158.894531	73	0
#SusPed	159.559896	0	0
#SusPed	159.567708	65	0
#SusPed	159.750000	0	0
#SusPed	159.755208	77	0
#SusPed	160.209635	0	0
#SusPed	160.223958	83	0
#SusPed	160.359375	0	0
#SusPed	160.368490	64	0
#SusPed	160.959635	0	0
#SusPed	160.972656	93	0
#SusPed	161.309896	0	0
#SusPed	161.321615	57	0
#SusPed	161.509115	0	0
#SusPed	161.514323	67	0
#SusPed	162.019531	0	0
#SusPed	162.032552	83	0
#SusPed	162.239583	0	0
#SusPed	162.252604	68	0
#SusPed	162.459635	0	0
#SusPed	162.472656	72	0
#SusPed	162.589844	0	0
#SusPed	162.601562	71	0
#SusPed	162.889323	0	0
#SusPed	162.902344	71	0
#SusPed	162.989583	0	0
#SusPed	162.997396	64	0
#SusPed	163.489583	0	0
#SusPed	163.501302	72	0
#SusPed	164.169271	0	0
#SusPed	164.177083	68	0
#SusPed	164.359375	0	0
#SusPed	164.367188	68	0
#SusPed	165.179688	0	0
#SusPed	165.190104	75	0
#SusPed	165.348958	0	0
#SusPed	165.361979	73	0
#SusPed	165.679688	0	0
#SusPed	165.694010	75	0
#SusPed	165.759115	0	0
#SusPed	165.768229	62	0
#SusPed	166.188802	0	0
#SusPed	166.204427	73	0
#SusPed	166.889323	0	0
#SusPed	166.899740	92	0
#SusPed	167.179688	0	0
#SusPed	167.184896	66	0
#SusPed	167.359375	0	0
#SusPed	167.372396	67	0
#SusPed	167.859375	0	0
#SusPed	167.871094	80	0
#SusPed	168.149740	0	0
#SusPed	168.154948	69	0
#SusPed	168.378906	0	0
#SusPed	168.385417	71	0
#SusPed	168.598958	0	0
#SusPed	168.608073	74	0
#SusPed	168.859375	0	0
#SusPed	168.868490	76	0
#SusPed	169.109375	0	0
#SusPed	169.115885	65	0
#SusPed	169.369792	0	0
#SusPed	169.376302	81	0
#SusPed	170.199219	0	0
#SusPed	170.213542	74	0
#SusPed	170.509115	0	0
#SusPed	170.514323	78	0
#SusPed	170.729167	0	0
#SusPed	170.739583	71	0
#SusPed	171.218750	0	0
#SusPed	171.229167	77	0
#SusPed	171.769531	0	0
#SusPed	171.783854	76	0
#SusPed	171.829427	0	0
#SusPed	171.839844	81	0
#SusPed	172.289062	0	0
#SusPed	172.296875	72	0
#SusPed	173.399740	0	0
#SusPed	173.406250	63	0
#SusPed	173.889323	0	0
#SusPed	173.895833	86	0
#SusPed	174.250000	0	0
#SusPed	174.264323	70	0
#SusPed	174.348958	0	0
#SusPed	174.363281	64	0
#SusPed	174.789062	0	0
#SusPed	174.794271	76	0
#SusPed	174.859375	0	0
#SusPed	174.864583	78	0
#SusPed	175.229167	0	0
#SusPed	175.242188	70	0
#SusPed	175.559896	0	0
#SusPed	175.571615	68	0
#SusPed	176.250000	0	0
#SusPed	176.255208	66	0
#SusPed	176.799479	0	0
#SusPed	176.812500	79	0
#SusPed	176.989583	0	0
#SusPed	177.002604	81	0
#SusPed	177.269531	0	0
#SusPed	177.276042	88	0
#SusPed	179.559896	0	0
#SusPed	179.565104	79	0
#SusPed	179.658854	0	0
#SusPed	179.666667	63	0
#SusPed	179.819010	0	0
#SusPed	179.826823	70	0
#SusPed	180.519531	0	0
#SusPed	180.532552	73	0
#SusPed	180.589844	0	0
#SusPed	180.602865	58	0
#SusPed	180.718750	0	0
#SusPed	180.727865	67	0
#SusPed	181.049479	0	0
#SusPed	181.062500	93	0
#SusPed	181.218750	0	0
#SusPed	181.225260	77	0
#SusPed	181.479167	0	0
#SusPed	181.490885	86	0
#SusPed	181.709635	0	0
#SusPed	181.721354	94	0
#SusPed	181.819010	0	0
#SusPed	181.833333	93	0
#SusPed	182.218750	0	0
#SusPed	182.226562	70	0
#SusPed	182.408854	0	0
#SusPed	182.415365	77	0
#SusPed	182.908854	0	0
#SusPed	182.915365	88	0
#SusPed	183.069010	0	0
#SusPed	183.078125	75	0
#SusPed	183.279948	0	0
#SusPed	183.286458	73	0
#SusPed	184.699219	0	0
#SusPed	184.708333	77	0
#SusPed	184.809896	0	0
#SusPed	184.821615	87	0
#SusPed	185.098958	0	0
#SusPed	185.105469	80	0
#SusPed	186.128906	0	0
#SusPed	186.135417	74	0
#SusPed	186.348958	0	0
#SusPed	186.358073	76	0
#SusPed	186.759115	0	0
#SusPed	186.765625	97	0
#SusPed	187.069010	0	0
#SofPed	187.082031	71	0
#SusPed	187.084635	78	0
#SusPed	187.250000	0	0
#SusPed	187.259115	72	0
#SofPed	187.299479	0	0
#SofPed	187.307292	56	0
#SofPed	187.369792	0	0
#SofPed	187.375000	57	0
#SofPed	187.479167	0	0
#SofPed	187.484375	63	0
#SusPed	189.079427	0	0
#SusPed	189.084635	73	0
#SusPed	189.279948	0	0
#SusPed	189.285156	83	0
#SusPed	189.908854	0	0
#SusPed	189.916667	85	0
#SusPed	190.489583	0	0
#SusPed	190.503906	70	0
#SusPed	190.619792	0	0
#SusPed	190.630208	60	0
#SusPed	190.968750	0	0
#SusPed	190.979167	64	0
#SusPed	191.109375	0	0
#SusPed	191.115885	66	0
#SusPed	191.479167	0	0
#SusPed	191.486979	76	0
#SusPed	191.649740	0	0
#SusPed	191.664062	58	0
#SusPed	192.079427	0	0
#SusPed	192.084635	66	0
#SusPed	192.239583	0	0
#SusPed	192.246094	61	0
#SusPed	192.619792	0	0
#SusPed	192.626302	61	0
#SusPed	192.739583	0	0
#SusPed	192.752604	56	0
#SusPed	193.098958	0	0
#SusPed	193.106771	53	0
#SusPed	193.259115	0	0
#SusPed	193.265625	64	0
#SofPed	193.489583	0	0
#SusPed	193.559896	0	0
#SusPed	193.572917	77	0
#SusPed	193.658854	0	0
#SusPed	193.667969	78	0
#SusPed	193.789062	0	0
#SusPed	193.799479	82	0
#SusPed	194.128906	0	0
#SusPed	194.141927	67	0
#SusPed	194.299479	0	0
#SusPed	194.313802	64	0
#SusPed	194.619792	0	0
#SusPed	194.627604	67	0
#SusPed	194.809896	0	0
#SusPed	194.822917	66	0
#SusPed	195.259115	0	0
#SusPed	195.266927	71	0
#SusPed	195.419271	0	0
#SusPed	195.430990	55	0
#SusPed	195.859375	0	0
#SusPed	195.864583	82	0
#SusPed	195.959635	0	0
#SusPed	195.970052	67	0
#SusPed	196.329427	0	0
#SusPed	196.338542	90	0
#SusPed	197.239583	0	0
#SusPed	197.246094	76	0
#SusPed	197.348958	0	0
#SusPed	197.358073	81	0
#SofPed	197.572917	48	0
#SofPed	197.619792	0	0
#SofPed	197.630208	46	0
#SofPed	197.789062	0	0
#SofPed	197.796875	54	0
#SofPed	197.859375	0	0
#SofPed	197.871094	48	0
#SofPed	198.009115	0	0
#SofPed	198.016927	41	0
#SofPed	198.089844	0	0
#SofPed	198.095052	40	0
#SusPed	198.199219	0	0
#SusPed	198.205729	79	0
#SofPed	198.209635	0	0
#SofPed	198.220052	42	0
#SofPed	198.269531	0	0
#SofPed	198.279948	41	0
#SusPed	198.309896	0	0
#SusPed	198.322917	65	0
#SofPed	198.339844	0	0
#SofPed	198.346354	43	0
#SusPed	198.348958	0	0
#SusPed	198.356771	60	0
#SusPed	198.449219	0	0
#SusPed	198.463542	58	0
#SofPed	198.519531	0	0
#SofPed	198.531250	44	0
#SusPed	198.609375	0	0
#SusPed	198.617188	64	0
#SofPed	198.739583	0	0
#SofPed	198.744792	47	0
#SofPed	198.809896	0	0
#SofPed	198.815104	43	0
#SofPed	198.968750	0	0
#SofPed	198.984375	41	0
#SusPed	199.128906	0	0
#SusPed	199.135417	70	0
#SofPed	199.149740	0	0
#SofPed	199.162760	42	0
#SusPed	199.250000	0	0
#SofPed	199.259115	0	0
#SusPed	199.260417	61	0
#SofPed	199.273438	59	0
#SofPed	199.419271	0	0
#SofPed	199.428385	64	0
#SofPed	199.489583	0	0
#SofPed	199.494792	58	0
#SofPed	199.649740	0	0
#SofPed	199.657552	71	0
#SofPed	199.709635	0	0
#SofPed	199.721354	68	0
#SofPed	199.848958	0	0
#SofPed	199.860677	74	0
#SusPed	200.408854	0	0
#SusPed	200.415365	103	0
#SofPed	200.429688	0	0
#SofPed	200.442708	75	0
#SofPed	200.679688	0	0
#SofPed	200.691406	80	0
#SusPed	201.128906	0	0
#SusPed	201.134115	105	0
#SusPed	201.279948	0	0
#SusPed	201.287760	83	0
#SusPed	201.579427	0	0
#SusPed	201.585938	81	0
#SusPed	201.769531	0	0
#SusPed	201.778646	84	0
#SusPed	202.658854	0	0
#SusPed	202.674479	53	0
#SusPed	202.759115	0	0
#SusPed	202.773438	57	0
#SofPed	206.688802	0	0
#SusPed	208.769531	0	0
#SusPed	226.873698	60	0
#SusPed	226.929688	0	0
#SusPed	226.944010	64	0
#SusPed	230.919271	0	0
#SusPed	230.925781	70	0
#SusPed	231.128906	0	0
#SusPed	231.140625	82	0
#SusPed	231.179688	0	0
#SusPed	231.191406	91	0
#SusPed	231.848958	0	0
#SusPed	231.864583	74	0
#SusPed	232.009115	0	0
#SusPed	232.020833	73	0
#SusPed	232.289062	0	0
#SusPed	232.296875	96	0
#SusPed	232.399740	0	0
#SusPed	232.411458	96	0
#SusPed	232.848958	0	0
#SusPed	232.859375	75	0
#SusPed	233.049479	0	0
#SusPed	233.055990	76	0
#SusPed	234.019531	0	0
#SusPed	234.028646	82	0
#SusPed	234.359375	0	0
#SusPed	234.371094	81	0
#SusPed	234.399740	0	0
#SusPed	234.411458	82	0
#SusPed	234.468750	0	0
#SusPed	234.475260	83	0
#SusPed	234.509115	0	0
#SusPed	234.523438	84	0
#SusPed	234.739583	0	0
#SusPed	234.746094	68	0
#SusPed	234.899740	0	0
#SusPed	234.912760	84	0
#SusPed	235.199219	0	0
#SusPed	235.207031	97	0
#SofPed	235.333333	84	0
#SusPed	235.429688	0	0
#SusPed	235.434896	97	0
#SofPed	235.529948	0	0
#SofPed	235.535156	72	0
#SofPed	235.598958	0	0
#SofPed	235.614583	67	0
#SusPed	235.739583	0	0
#SusPed	235.751302	66	0
#SofPed	235.769531	0	0
#SofPed	235.782552	82	0
#SofPed	235.848958	0	0
#SofPed	235.860677	83	0
#SusPed	235.869792	0	0
#SusPed	235.880208	79	0
#SofPed	236.019531	0	0
#SofPed	236.027344	72	0
#SusPed	236.149740	0	0
#SusPed	236.162760	67	0
#SofPed	236.169271	0	0
#SofPed	236.183594	55	0
#SusPed	236.309896	0	0
#SofPed	236.319010	0	0
#SusPed	236.321615	83	0
#SofPed	236.326823	41	0
#SofPed	236.408854	0	0
#SofPed	236.415365	36	0
#SofPed	236.500000	0	0
#SofPed	236.507812	36	0
#SusPed	236.619792	0	0
#SofPed	236.619792	0	0
#SofPed	236.627604	38	0
#SusPed	236.627604	94	0
#SusPed	236.729167	0	0
#SofPed	236.729167	0	0
#SofPed	236.742188	38	0
#SusPed	236.743490	89	0
#SofPed	236.859375	0	0
#SofPed	236.873698	48	0
#SusPed	236.889323	0	0
#SusPed	236.895833	77	0
#SofPed	237.009115	0	0
#SofPed	237.016927	46	0
#SofPed	237.098958	0	0
#SofPed	237.105469	40	0
#SusPed	237.119792	0	0
#SusPed	237.128906	101	0
#SofPed	237.188802	0	0
#SofPed	237.195312	39	0
#SofPed	237.229167	0	0
#SofPed	237.242188	37	0
#SofPed	237.339844	0	0
#SofPed	237.351562	40	0
#SusPed	237.359375	0	0
#SusPed	237.364583	106	0
#SofPed	237.459635	0	0
#SusPed	237.468750	0	0
#SofPed	237.471354	37	0
#SusPed	237.473958	106	0
#SusPed	237.739583	0	0
#SusPed	237.746094	56	0
#SusPed	237.919271	0	0
#SusPed	237.933594	80	0
#SusPed	238.639323	0	0
#SusPed	238.645833	62	0
#SusPed	238.799479	0	0
#SusPed	238.811198	82	0
#SusPed	239.169271	0	0
#SusPed	239.182292	87	0
#SusPed	239.598958	0	0
#SusPed	239.609375	93	0
#SusPed	239.699219	0	0
#SusPed	239.704427	84	0
#SusPed	240.158854	0	0
#SusPed	240.171875	64	0
#SusPed	240.259115	0	0
#SusPed	240.265625	70	0
#SusPed	240.709635	0	0
#SusPed	240.720052	74	0
#SusPed	241.089844	0	0
#SusPed	241.095052	81	0
#SusPed	242.049479	0	0
#SusPed	242.054688	65	0
#SusPed	242.149740	0	0
#SusPed	242.154948	86	0
#SusPed	242.639323	0	0
#SusPed	242.645833	83	0
#SofPed	242.968750	0	0
#SofPed	242.977865	35	0
#SusPed	243.029948	0	0
#SusPed	243.042969	75	0
#SofPed	243.059896	0	0
#SofPed	243.065104	31	0
#SusPed	243.149740	0	0
#SusPed	243.156250	87	0
#SofPed	243.269531	0	0
#SofPed	243.274740	29	0
#SofPed	243.529948	0	0
#SofPed	243.541667	17	0
#SusPed	243.589844	0	0
#SusPed	243.602865	66	0
#SofPed	243.729167	0	0
#SusPed	243.739583	0	0
#SofPed	243.743490	28	0
#SusPed	243.744792	85	0
#SofPed	243.839844	0	0
#SofPed	243.846354	29	0
#SusPed	244.158854	0	0
#SusPed	244.165365	68	0
#SofPed	244.179688	0	0
#SofPed	244.190104	49	0
#SofPed	244.269531	0	0
#SofPed	244.279948	60	0
#SusPed	244.359375	0	0
#SusPed	244.365885	82	0
#SofPed	244.438802	0	0
#SofPed	244.445312	71	0
#SusPed	244.949219	0	0
#SusPed	244.963542	61	0
#SofPed	245.049479	0	0
#SofPed	245.054688	113	0
#SusPed	245.079427	0	0
#SusPed	245.087240	63	0
#SusPed	249.259115	0	0
#SusPed	249.273438	67	0
#SusPed	250.449219	0	0
#SusPed	250.462240	65	0
#SusPed	250.628906	0	0
#SusPed	250.638021	72	0
#SofPed	251.059896	0	0
#SusPed	251.179688	0	0
#SusPed	251.192708	67	0
#SusPed	252.789062	0	0
#SusPed	252.802083	96	0
#SusPed	253.069010	0	0
#SusPed	253.074219	100	0
#SusPed	253.709635	0	0
#SusPed	253.723958	75	0
#SusPed	254.169271	0	0
#SusPed	254.180990	77	0
#SusPed	254.259115	0	0
#SusPed	254.273438	79	0
#SofPed	254.536458	20	0
#SusPed	254.569010	0	0
#SofPed	254.579427	0	0
#SusPed	254.579427	69	0
#SofPed	254.584635	17	0
#SusPed	254.628906	0	0
#SusPed	254.640625	85	0
#SusPed	254.809896	0	0
#SusPed	254.815104	80	0
#SusPed	254.938802	0	0
#SusPed	254.945312	59	0
#SusPed	255.199219	0	0
#SusPed	255.212240	64	0
#SusPed	255.250000	0	0
#SusPed	255.260417	77	0
#SofPed	255.459635	0	0
#SofPed	255.466146	51	0
#SusPed	255.569010	0	0
#SusPed	255.579427	69	0
#SusPed	255.750000	0	0
#SusPed	255.757812	60	0
#SusPed	255.908854	0	0
#SusPed	255.915365	75	0
#SusPed	258.789062	0	0
#SusPed	258.800781	81	0
#SusPed	258.959635	0	0
#SusPed	258.973958	58	0
#SusPed	259.109375	0	0
#SusPed	259.121094	83	0
#SusPed	260.299479	0	0
#SusPed	260.309896	66	0
#SusPed	260.408854	0	0
#SusPed	260.423177	62	0
#SusPed	261.389323	0	0
#SusPed	261.394531	64	0
#SofPed	261.468750	0	0
#SusPed	262.559896	0	0
#SusPed	262.574219	61	0
#SusPed	262.729167	0	0
#SusPed	262.736979	62	0
#SusPed	263.059896	0	0
#SusPed	263.071615	69	0
#SusPed	263.179688	0	0
#SusPed	263.191406	66	0
#SusPed	263.500000	0	0
#SusPed	263.505208	80	0
#SusPed	263.729167	0	0
#SusPed	263.736979	72	0
#SusPed	263.809896	0	0
#SusPed	263.824219	70	0
#SusPed	264.589844	0	0
#SusPed	264.598958	69	0
#SusPed	264.699219	0	0
#SusPed	264.710938	63	0
#SofPed	264.975260	73	0
#SusPed	265.098958	0	0
#SusPed	265.110677	64	0
#SofPed	265.119792	0	0
#SofPed	265.130208	63	0
#SofPed	265.209635	0	0
#SofPed	265.222656	64	0
#SofPed	265.319010	0	0
#SofPed	265.329427	60	0
#SofPed	265.609375	0	0
#SofPed	265.615885	50	0
#SusPed	265.779948	0	0
#SusPed	265.786458	66	0
#SofPed	265.789062	0	0
#SofPed	265.795573	53	0
#SofPed	265.899740	0	0
#SofPed	265.904948	52	0
#SusPed	265.919271	0	0
#SusPed	265.927083	70	0
#SusPed	266.119792	0	0
#SusPed	266.125000	67	0
#SofPed	266.128906	0	0
#SofPed	266.144531	49	0
#SofPed	266.169271	0	0
#SofPed	266.182292	46	0
#SusPed	266.339844	0	0
#SusPed	266.345052	66	0
#SofPed	266.348958	0	0
#SofPed	266.355469	39	0
#SofPed	266.389323	0	0
#SofPed	266.403646	38	0
#SusPed	267.179688	0	0
#SusPed	267.192708	73	0
#SusPed	267.389323	0	0
#SusPed	267.398438	77	0
#SofPed	267.598958	0	0
#SusPed	267.779948	0	0
#SusPed	267.786458	63	0
#SusPed	267.929688	0	0
#SusPed	267.936198	72	0
#SusPed	268.500000	0	0
#SusPed	268.506510	72	0
#SusPed	268.559896	0	0
#SusPed	268.567708	75	0
#SusPed	268.759115	0	0
#SusPed	268.765625	81	0
#SusPed	269.059896	0	0
#SusPed	269.067708	66	0
#SusPed	269.199219	0	0
#SusPed	269.205729	57	0
#SusPed	269.319010	0	0
#SusPed	269.324219	80	0
#SusPed	270.389323	0	0
#SusPed	270.402344	73	0
#SusPed	271.709635	0	0
#SusPed	271.722656	74	0
#SusPed	271.779948	0	0
#SusPed	271.792969	78	0
#SusPed	271.989583	0	0
#SusPed	272.001302	66	0
#SusPed	272.109375	0	0
#SusPed	272.122396	79	0
#SusPed	272.619792	0	0
#SusPed	272.632812	77	0
#SusPed	272.839844	0	0
#SusPed	272.847656	81	0
#SusPed	273.609375	0	0
#SusPed	273.617188	64	0
#SusPed	273.769531	0	0
#SusPed	273.781250	78	0
#SusPed	274.269531	0	0
#SusPed	274.279948	81	0
#SusPed	274.369792	0	0
#SusPed	274.378906	82	0
#SusPed	274.479167	0	0
#SusPed	274.490885	84	0
#SusPed	274.688802	0	0
#SusPed	274.699219	86	0
#SusPed	274.859375	0	0
#SusPed	274.871094	79	0
#SusPed	275.089844	0	0
#SusPed	275.095052	79	0
#SusPed	275.149740	0	0
#SusPed	275.164062	77	0
#SusPed	275.579427	0	0
#SusPed	275.584635	80	0
#SusPed	275.658854	0	0
#SusPed	275.674479	84	0
#SusPed	275.848958	0	0
#SusPed	275.863281	85	0
#SusPed	276.079427	0	0
#SusPed	276.087240	76	0
#SusPed	276.408854	0	0
#SusPed	276.423177	89	0
#SusPed	276.468750	0	0
#SusPed	276.476562	85	0
#SusPed	276.789062	0	0
#SusPed	276.802083	82	0
#SusPed	276.989583	0	0
#SusPed	276.998698	86	0
#SusPed	277.239583	0	0
#SusPed	277.247396	72	0
#SusPed	277.319010	0	0
#SusPed	277.330729	69	0
#SusPed	278.279948	0	0
#SusPed	278.286458	74	0
#SusPed	278.949219	0	0
#SusPed	278.955729	80	0
#SusPed	279.009115	0	0
#SusPed	279.019531	81	0
#SusPed	279.509115	0	0
#SusPed	279.520833	69	0
#SusPed	282.709635	0	0
#SusPed	282.717448	77	0
#SusPed	282.908854	0	0
#SusPed	282.914062	74	0
#SusPed	283.059896	0	0
#SusPed	283.066406	84	0
#SusPed	284.009115	0	0
#SusPed	284.015625	77	0
#SusPed	284.179688	0	0
#SusPed	284.184896	86	0
#SusPed	284.750000	0	0
#SusPed	284.755208	74	0
#SusPed	284.859375	0	0
#SusPed	284.873698	65	0
#SusPed	285.239583	0	0
#SusPed	285.252604	76	0
#SusPed	285.359375	0	0
#SusPed	285.365885	76	0
#SusPed	285.989583	0	0
#SusPed	286.000000	75	0
#SusPed	286.139323	0	0
#SusPed	286.152344	83	0
#SusPed	286.299479	0	0
#SusPed	286.308594	93	0
#SusPed	286.789062	0	0
#SusPed	286.800781	76	0
#SusPed	286.899740	0	0
#SusPed	286.906250	77	0
#SusPed	287.279948	0	0
#SusPed	287.285156	74	0
#SusPed	287.389323	0	0
#SusPed	287.398438	82	0
#SusPed	287.649740	0	0
#SusPed	287.654948	86	0
#SusPed	288.479167	0	0
#SusPed	288.488281	65	0
#SusPed	288.968750	0	0
#SusPed	288.975260	64	0
#SusPed	289.089844	0	0
#SusPed	289.096354	70	0
#SusPed	289.539062	0	0
#SusPed	289.546875	67	0
#SusPed	289.628906	0	0
#SusPed	289.635417	70	0
#SusPed	290.000000	0	0
#SusPed	290.011719	86	0
#SusPed	290.229167	0	0
#SusPed	290.243490	80	0
#SusPed	290.329427	0	0
#SusPed	290.334635	75	0
#SusPed	290.839844	0	0
#SusPed	290.845052	77	0
#SusPed	291.669271	0	0
#SusPed	291.675781	75	0
#SusPed	292.329427	0	0
#SusPed	292.335938	74	0
#SusPed	292.619792	0	0
#SusPed	292.632812	75	0
#SusPed	293.619792	0	0
#SusPed	293.632812	62	0
#SusPed	294.079427	0	0
#SusPed	294.084635	55	0
#SusPed	294.369792	0	0
#SusPed	294.376302	68	0
#SusPed	298.589844	0	0
#SusPed	298.604167	86	0
#SusPed	299.259115	0	0
#SusPed	299.274740	81	0
#SusPed	299.859375	0	0
#SusPed	299.873698	67	0
#SusPed	300.049479	0	0
#SusPed	300.062500	58	0
#SusPed	300.250000	0	0
#SusPed	300.257812	56	0
#SusPed	300.419271	0	0
#SusPed	300.424479	54	0
#SusPed	300.729167	0	0
#SusPed	300.736979	63	0
#SusPed	300.848958	0	0
#SusPed	300.860677	61	0
#SusPed	300.979167	0	0
#SusPed	300.985677	60	0
#SusPed	301.079427	0	0
#SusPed	301.092448	59	0
#SusPed	301.209635	0	0
#SusPed	301.217448	51	0
#SusPed	301.529948	0	0
#SusPed	301.544271	63	0
#SusPed	301.688802	0	0
#SusPed	301.696615	73	0
#SusPed	301.919271	0	0
#SusPed	301.925781	62	0
#SusPed	302.199219	0	0
#SusPed	302.213542	59	0
#SusPed	302.359375	0	0
#SusPed	302.373698	49	0
#SusPed	302.628906	0	0
#SusPed	302.635417	61	0
#SusPed	303.459635	0	0
#SusPed	303.470052	69	0
#SusPed	303.889323	0	0
#SusPed	303.895833	80	0
#SusPed	304.029948	0	0
#SusPed	304.033854	73	0
#SusPed	305.309896	0	0
#SusPed	305.317708	72	0
#SusPed	305.519531	0	0
#SusPed	305.524740	68	0
#SusPed	305.709635	0	0
#SusPed	305.718750	82	0
#SusPed	305.959635	0	0
#SusPed	305.964844	83	0
#SusPed	307.309896	0	0
#SusPed	307.324219	69	0
#SusPed	307.500000	0	0
#SusPed	307.506510	69	0
#SusPed	307.968750	0	0
#SusPed	307.984375	90	0
#SusPed	308.218750	0	0
#SusPed	308.233073	88	0
#SusPed	308.529948	0	0
#SusPed	308.542969	88	0
#SusPed	308.829427	0	0
#SusPed	308.839844	71	0
#SusPed	309.039062	0	0
#SusPed	309.044271	66	0
#SusPed	309.589844	0	0
#SusPed	309.600260	63	0
#SusPed	309.839844	0	0
#SusPed	309.846354	68	0
#SusPed	310.489583	0	0
#SusPed	310.494792	93	0
#SusPed	310.819010	0	0
#SusPed	310.826823	71	0
#SusPed	311.049479	0	0
#SusPed	311.054688	68	0
#SusPed	312.769531	0	0
#SusPed	312.774740	77	0
#SusPed	313.149740	0	0
#SusPed	313.156250	71	0
#SusPed	313.319010	0	0
#SusPed	313.326823	59	0
#SusPed	313.408854	0	0
#SusPed	313.416667	63	0
#SusPed	313.519531	0	0
#SusPed	313.524740	72	0
#SusPed	313.709635	0	0
#SusPed	313.716146	72	0
#SofPed	313.807292	105	0
#SofPed	313.839844	0	0
#SofPed	313.850260	101	0
#SofPed	313.949219	0	0
#SofPed	313.955729	100	0
#SofPed	314.019531	0	0
#SofPed	314.028646	96	0
#SusPed	314.059896	0	0
#SusPed	314.066406	83	0
#SofPed	314.329427	0	0
#SofPed	314.335938	50	0
#SofPed	314.559896	0	0
#SofPed	314.570312	48	0
#SofPed	314.739583	0	0
#SofPed	314.747396	79	0
#SofPed	314.848958	0	0
#SofPed	314.858073	96	0
#SusPed	314.968750	0	0
#SusPed	314.983073	67	0
#SofPed	315.139323	0	0
#SofPed	315.147135	99	0
#SofPed	315.239583	0	0
#SofPed	315.244792	97	0
#SofPed	315.348958	0	0
#SofPed	315.361979	89	0
#SofPed	315.429688	0	0
#SofPed	315.441406	95	0
#SofPed	315.569010	0	0
#SofPed	315.583333	99	0
#SofPed	315.609375	0	0
#SofPed	315.615885	89	0
#SofPed	315.878906	0	0
#SofPed	315.890625	50	0
#SofPed	316.029948	0	0
#SofPed	316.035156	46	0
#SofPed	316.169271	0	0
#SofPed	316.178385	34	0
#SofPed	316.389323	0	0
#SofPed	316.394531	32	0
#SofPed	316.628906	0	0
#SofPed	316.641927	51	0
#SofPed	316.799479	0	0
#SofPed	316.808594	57	0
#SofPed	316.899740	0	0
#SofPed	316.907552	54	0
#SofPed	317.069010	0	0
#SofPed	317.080729	51	0
#SofPed	317.169271	0	0
#SofPed	317.180990	44	0
#SofPed	317.289062	0	0
#SofPed	317.303385	52	0
#SofPed	317.429688	0	0
#SofPed	317.441406	62	0
#SofPed	317.750000	0	0
#SofPed	317.763021	63	0
#SofPed	317.869792	0	0
#SofPed	317.880208	54	0
#SofPed	318.239583	0	0
#SofPed	318.244792	49	0
#SofPed	318.309896	0	0
#SofPed	318.321615	50	0
#SofPed	318.429688	0	0
#SofPed	318.437500	57	0
#SofPed	319.069010	0	0
#SofPed	319.082031	81	0
#SofPed	319.199219	0	0
#SofPed	319.207031	72	0
#SofPed	319.309896	0	0
#SofPed	319.315104	66	0
#SofPed	319.449219	0	0
#SofPed	319.460938	63	0
#SofPed	319.609375	0	0
#SofPed	319.622396	75	0
#SofPed	319.799479	0	0
#SofPed	319.805990	42	0
#SusPed	320.218750	0	0
#SusPed	320.226562	90	0
#SusPed	320.329427	0	0
#SusPed	320.343750	94	0
#SofPed	320.369792	0	0
#SofPed	320.376302	31	0
#SofPed	320.539062	0	0
#SofPed	320.545573	41	0
#SofPed	320.699219	0	0
#SofPed	320.712240	40	0
#SofPed	320.839844	0	0
#SofPed	320.852865	40	0
#SofPed	320.989583	0	0
#SofPed	320.997396	38	0
#SofPed	321.049479	0	0
#SofPed	321.057292	38	0
#SofPed	321.309896	0	0
#SofPed	321.316406	43	0
#SofPed	321.468750	0	0
#SofPed	321.475260	55	0
#SofPed	322.500000	0	0
#SusPed	323.519531	0	0
#SusPed	323.533854	96	0
#SusPed	323.759115	0	0
#SusPed	323.765625	99	0
#SusPed	324.449219	0	0
#SusPed	324.455729	74	0
#SusPed	325.049479	0	0
#SusPed	325.054688	92	0
#SusPed	325.259115	0	0
#SusPed	325.264323	90	0
#SusPed	326.348958	0	0
#SusPed	326.356771	89	0
#SusPed	326.639323	0	0
#SusPed	326.653646	63	0
#SusPed	326.959635	0	0
#SusPed	326.971354	89	0
#SusPed	328.289062	0	0
#SusPed	328.302083	69	0
#SusPed	328.709635	0	0
#SusPed	328.714844	52	0
#SusPed	334.049479	0	0
#SusPed	334.063802	75	0
#SusPed	340.059896	0	0
#SusPed	340.520833	61	0
#SusPed	345.789062	0	0
#SusPed	345.804688	64	0
#SusPed	346.059896	0	0
#SusPed	346.066406	64	0
#SusPed	346.438802	0	0
#SusPed	346.454427	65	0
#SusPed	346.569010	0	0
#SusPed	346.575521	77	0
#SusPed	346.699219	0	0
#SusPed	346.712240	77	0
#SusPed	347.348958	0	0
#SusPed	347.364583	79	0
#SusPed	347.589844	0	0
#SusPed	347.596354	80	0
#SusPed	347.729167	0	0
#SusPed	347.740885	83	0
#SusPed	348.399740	0	0
#SusPed	348.414062	68	0
#SusPed	348.509115	0	0
#SusPed	348.523438	68	0
#SusPed	349.489583	0	0
#SusPed	349.497396	63	0
#SusPed	350.438802	0	0
#SusPed	350.451823	86	0
#SusPed	350.519531	0	0
#SusPed	350.531250	88	0
#SusPed	350.589844	0	0
#SusPed	350.602865	87	0
#SusPed	350.649740	0	0
#SusPed	350.654948	83	0
#SusPed	351.269531	0	0
#SusPed	351.282552	69	0
#SusPed	351.419271	0	0
#SusPed	351.433594	71	0
#SusPed	352.199219	0	0
#SusPed	352.212240	73	0
#SusPed	352.359375	0	0
#SusPed	352.373698	68	0
#SusPed	353.169271	0	0
#SusPed	353.180990	78	0
#SofPed	353.217448	63	0
#SusPed	353.408854	0	0
#SusPed	353.417969	66	0
#SofPed	353.459635	0	0
#SofPed	353.472656	48	0
#SofPed	353.549479	0	0
#SofPed	353.554688	46	0
#SofPed	353.658854	0	0
#SofPed	353.666667	42	0
#SofPed	353.779948	0	0
#SofPed	353.789062	37	0
#SofPed	353.869792	0	0
#SofPed	353.882812	36	0
#SofPed	354.019531	0	0
#SofPed	354.027344	45	0
#SusPed	354.128906	0	0
#SofPed	354.139323	0	0
#SusPed	354.141927	68	0
#SofPed	354.148438	54	0
#SusPed	354.259115	0	0
#SusPed	354.265625	63	0
#SofPed	354.299479	0	0
#SofPed	354.307292	52	0
#SofPed	354.419271	0	0
#SofPed	354.427083	48	0
#SusPed	354.500000	0	0
#SofPed	354.500000	0	0
#SofPed	354.510417	43	0
#SusPed	354.513021	86	0
#SofPed	354.609375	0	0
#SofPed	354.619792	37	0
#SofPed	354.649740	0	0
#SofPed	354.654948	37	0
#SusPed	354.750000	0	0
#SusPed	354.756510	95	0
#SusPed	355.019531	0	0
#SusPed	355.024740	75	0
#SusPed	355.188802	0	0
#SusPed	355.197917	77	0
#SofPed	355.239583	0	0
#SofPed	355.253906	56	0
#SofPed	355.369792	0	0
#SofPed	355.378906	62	0
#SusPed	355.459635	0	0
#SusPed	355.473958	66	0
#SofPed	355.500000	0	0
#SofPed	355.511719	67	0
#SusPed	355.589844	0	0
#SofPed	355.598958	0	0
#SusPed	355.602865	79	0
#SofPed	355.605469	78	0
#SofPed	355.709635	0	0
#SofPed	355.722656	82	0
#SofPed	355.789062	0	0
#SofPed	355.796875	81	0
#SusPed	355.938802	0	0
#SusPed	355.945312	64	0
#SofPed	355.959635	0	0
#SofPed	355.968750	74	0
#SusPed	356.128906	0	0
#SusPed	356.135417	80	0
#SofPed	356.188802	0	0
#SofPed	356.195312	62	0
#SofPed	356.279948	0	0
#SofPed	356.292969	58	0
#SusPed	356.429688	0	0
#SofPed	356.429688	0	0
#SofPed	356.437500	60	0
#SusPed	356.442708	94	0
#SofPed	356.559896	0	0
#SofPed	356.566406	65	0
#SusPed	356.609375	0	0
#SusPed	356.622396	89	0
#SofPed	356.658854	0	0
#SofPed	356.671875	68	0
#SofPed	356.759115	0	0
#SofPed	356.773438	65	0
#SofPed	356.869792	0	0
#SofPed	356.884115	57	0
#SofPed	356.938802	0	0
#SofPed	356.947917	59	0
#SusPed	357.000000	0	0
#SusPed	357.014323	65	0
#SofPed	357.039062	0	0
#SofPed	357.045573	61	0
#SusPed	357.079427	0	0
#SusPed	357.093750	57	0
#SofPed	357.128906	0	0
#SofPed	357.136719	62	0
#SofPed	357.218750	0	0
#SofPed	357.227865	53	0
#SofPed	357.369792	0	0
#SofPed	357.382812	50	0
#SusPed	357.408854	0	0
#SusPed	357.423177	80	0
#SofPed	357.438802	0	0
#SofPed	357.451823	60	0
#SofPed	357.569010	0	0
#SofPed	357.576823	62	0
#SofPed	357.658854	0	0
#SofPed	357.674479	52	0
#SusPed	357.679688	0	0
#SusPed	357.690104	106	0
#SofPed	357.859375	0	0
#SofPed	357.868490	45	0
#SusPed	357.908854	0	0
#SusPed	357.915365	84	0
#SofPed	357.919271	0	0
#SofPed	357.925781	49	0
#SusPed	358.009115	0	0
#SusPed	358.022135	54	0
#SofPed	358.109375	0	0
#SofPed	358.121094	32	0
#SofPed	358.149740	0	0
#SofPed	358.157552	34	0
#SofPed	358.279948	0	0
#SofPed	358.285156	39	0
#SofPed	358.369792	0	0
#SofPed	358.375000	49	0
#SofPed	358.468750	0	0
#SofPed	358.483073	48	0
#SofPed	358.609375	0	0
#SofPed	358.622396	43	0
#SofPed	358.699219	0	0
#SofPed	358.708333	44	0
#SofPed	358.799479	0	0
#SusPed	358.809896	0	0
#SofPed	358.812500	39	0
#SusPed	358.822917	45	0
#SofPed	358.889323	0	0
#SofPed	358.894531	41	0
#SusPed	358.949219	0	0
#SusPed	358.955729	71	0
#SofPed	358.989583	0	0
#SofPed	359.001302	44	0
#SofPed	359.218750	0	0
#SofPed	359.225260	40	0
#SofPed	359.289062	0	0
#SofPed	359.300781	41	0
#SusPed	359.399740	0	0
#SusPed	359.407552	101	0
#SofPed	359.449219	0	0
#SofPed	359.454427	42	0
#SusPed	359.509115	0	0
#SusPed	359.516927	104	0
#SusPed	359.789062	0	0
#SusPed	359.803385	81	0
#SofPed	359.908854	0	0
#SofPed	359.916667	27	0
#SusPed	359.919271	0	0
#SusPed	359.927083	85	0
#SofPed	360.158854	0	0
#SofPed	360.165365	19	0
#SusPed	360.449219	0	0
#SusPed	360.457031	86	0
#SofPed	360.459635	0	0
#SofPed	360.464844	28	0
#SofPed	360.718750	0	0
#SofPed	360.723958	55	0
#SusPed	360.769531	0	0
#SusPed	360.779948	65	0
#SusPed	361.039062	0	0
#SusPed	361.053385	65	0
#SofPed	361.359375	0	0
#SofPed	361.365885	103	0
#SusPed	362.259115	0	0
#SusPed	362.266927	66	0
#SusPed	362.429688	0	0
#SusPed	362.434896	78	0
#SusPed	363.619792	0	0
#SusPed	363.625000	58	0
#SusPed	363.769531	0	0
#SusPed	363.783854	67	0
#SusPed	365.408854	0	0
#SusPed	365.424479	67	0
#SusPed	365.639323	0	0
#SusPed	365.645833	78	0
#SusPed	366.539062	0	0
#SusPed	366.545573	78	0
#SusPed	366.669271	0	0
#SusPed	366.680990	81	0
#SusPed	366.829427	0	0
#SusPed	366.834635	103	0
#SusPed	367.188802	0	0
#SusPed	367.200521	61	0
#SusPed	367.348958	0	0
#SusPed	367.359375	79	0
#SofPed	367.369792	0	0
#SusPed	367.639323	0	0
#SusPed	367.653646	87	0
#SusPed	368.289062	0	0
#SusPed	368.295573	61	0
#SusPed	368.429688	0	0
#SusPed	368.434896	61	0
#SusPed	368.739583	0	0
#SusPed	368.750000	76	0
#SusPed	369.039062	0	0
#SusPed	369.054688	65	0
#SusPed	369.688802	0	0
#SusPed	369.696615	80	0
#SusPed	369.789062	0	0
#SusPed	369.794271	88	0
#SusPed	370.259115	0	0
#SusPed	370.273438	74	0
#SusPed	370.389323	0	0
#SusPed	370.397135	76	0
#SusPed	370.539062	0	0
#SusPed	370.545573	95	0
#SusPed	370.589844	0	0
#SusPed	370.596354	95	0
#SusPed	370.669271	0	0
#SusPed	370.677083	95	0
#SusPed	370.938802	0	0
#SusPed	370.953125	60	0
#SusPed	371.109375	0	0
#SusPed	371.117188	84	0
#SusPed	371.598958	0	0
#SusPed	371.613281	73	0
#SusPed	371.709635	0	0
#SusPed	371.722656	69	0
#SusPed	372.419271	0	0
#SusPed	372.427083	82	0
#SusPed	372.709635	0	0
#SusPed	372.723958	77	0
#SusPed	372.769531	0	0
#SusPed	372.774740	81	0
#SusPed	373.348958	0	0
#SusPed	373.363281	98	0
#SusPed	373.709635	0	0
#SusPed	373.714844	82	0
#SusPed	373.819010	0	0
#SusPed	373.830729	87	0
#SusPed	374.049479	0	0
#SusPed	374.063802	99	0
#SusPed	374.209635	0	0
#SusPed	374.216146	72	0
#SusPed	374.429688	0	0
#SusPed	374.442708	70	0
#SusPed	374.519531	0	0
#SusPed	374.527344	95	0
#SusPed	376.289062	0	0
#SusPed	376.294271	90	0
#SusPed	377.348958	0	0
#SusPed	377.354167	93	0
#SusPed	380.500000	0	0
#SusPed	380.511719	73	0
#SusPed	380.949219	0	0
#SusPed	380.957031	61	0
#SusPed	386.959635	0	0
#SofPed	388.664062	100	0
#SofPed	389.989583	0	0
