//Version: ScorePerfmMatch_v170503
// Score: /Users/toddywang/Documents/VsCodeProjects/xmltoexp/ATEPP-1.2/ATEPP-1.2/Ludwig_van_Beethoven/Piano_Sonata_No._31_in_A-Flat_Major,_Op._110/I._Moderato_cantabile_molto_espressivo/score_hmm.txt
// Perfm: /Users/toddywang/Documents/VsCodeProjects/xmltoexp/ATEPP-1.2/ATEPP-1.2/Ludwig_van_Beethoven/Piano_Sonata_No._31_in_A-Flat_Major,_Op._110/I._Moderato_cantabile_molto_espressivo/06525_spr.txt
// fmt3x: /Users/toddywang/Documents/VsCodeProjects/xmltoexp/ATEPP-1.2/ATEPP-1.2/Ludwig_van_Beethoven/Piano_Sonata_No._31_in_A-Flat_Major,_Op._110/I._Moderato_cantabile_molto_espressivo/score_fmt3x.txt
0	1.123698	3.688802	C5	54	80	0	0	0	P1-1-2	0	0
1	1.135417	2.438802	G#3	35	80	0	0	0	*	3	-
2	1.140625	3.089844	Ab2	33	80	0	0	0	P1-1-9	0	-
3	1.144531	2.889323	Eb3	30	80	0	0	0	P1-1-10	0	-
4	1.145833	2.509115	Eb4	32	80	0	0	0	*	3	-
5	1.147135	2.769531	Ab4	42	80	0	0	0	P1-1-1	0	-
6	3.114583	3.479167	Ab4	48	80	0	0	720	P1-1-4	0	-
7	3.117188	3.468750	Eb4	36	80	0	0	720	P1-1-3	0	-
8	3.123698	3.454427	C3	34	80	0	0	720	P1-1-11	0	-
9	3.130208	3.437500	Eb3	32	80	0	0	720	P1-1-12	0	-
10	3.671875	4.229167	Ab4	66	80	0	0	960	P1-1-6	0	-
11	3.683594	4.149740	Eb4	50	80	0	0	960	P1-1-5	0	-
12	3.725260	4.279948	Eb3	30	80	0	0	960	P1-1-14	0	-
13	3.726562	4.250000	C3	32	80	0	0	960	P1-1-13	0	-
14	4.403646	4.859375	Ab4	76	80	0	0	1320	P1-1-8	0	-
15	4.432292	4.699219	Eb4	53	80	0	0	1320	P1-1-7	0	-
16	4.454427	4.688802	Eb3	36	80	0	0	1320	P1-1-16	0	-
17	4.455729	4.799479	C3	34	80	0	0	1320	P1-1-15	0	-
18	4.785156	6.329427	Db5	57	80	0	0	1440	P1-2-2	0	-
19	4.789062	5.359375	Bb3	38	80	0	0	1440	*	3	-
20	4.805990	5.619792	G4	45	80	0	0	1440	P1-2-1	0	-
21	4.822917	6.279948	Bb2	32	80	0	0	1440	P1-2-5	0	-
22	4.824219	5.489583	Eb4	34	80	0	0	1440	*	3	-
23	4.829427	5.779948	Eb3	32	80	0	0	1440	P1-2-6	0	-
24	6.165365	7.769531	Bb4	49	80	0	0	1920	P1-2-4	0	-
25	6.178385	7.399740	C#4	28	80	0	0	1920	*	3	-
26	6.180990	7.589844	G4	35	80	0	0	1920	P1-2-3	0	-
27	6.190104	7.649740	Eb3	28	80	0	0	1920	P1-2-8	0	-
28	8.328125	10.389323	Eb5	56	80	0	0	2880	P1-3-2	0	-
29	8.343750	9.899740	Ab4	43	80	0	0	2880	P1-3-1	0	-
30	8.372396	9.649740	C4	24	80	0	0	2880	*	3	-
31	8.375000	9.330729	Eb3	26	80	0	0	2880	P1-3-20	0	-
32	8.380208	9.908854	C3	25	80	0	0	2880	P1-3-9	0	-
33	9.002604	9.772135	Ab3	45	80	0	0	3120	P1-3-11	0	-
34	9.660156	10.218750	C4	45	80	0	0	3360	P1-3-13	0	-
35	10.210938	10.809896	Db5	66	80	0	0	3600	P1-3-4	0	-
36	10.234375	10.769531	F3	35	80	0	0	3600	P1-3-14	0	-
37	10.234375	10.709635	Ab4	50	80	0	0	3600	P1-3-3	0	-
38	10.246094	10.779948	Bb3	37	80	0	0	3600	P1-3-15	0	-
39	10.772135	11.399740	Eb5	75	80	0	0	3840	P1-3-6	0	-
40	10.795573	11.089844	C4	43	80	0	0	3840	P1-3-17	0	-
41	10.798177	11.098958	Ab4	52	80	0	0	3840	P1-3-5	0	-
42	10.799479	11.026042	Eb3	37	80	0	0	3840	P1-3-16	0	-
43	11.433594	12.259115	F5	82	80	0	0	4080	P1-3-8	0	-
44	11.460938	12.218750	Db3	41	80	0	0	4080	P1-3-18	0	-
45	11.463542	12.000000	Db4	43	80	0	0	4080	P1-3-19	0	-
46	11.472656	12.019531	Ab4	53	80	0	0	4080	P1-3-7	0	-
47	12.178385	13.438802	Eb5	71	80	0	0	4320	P1-4-1	0	-
48	12.212240	13.269531	G4	47	80	0	0	4320	P1-4-28	0	-
49	12.218750	12.859375	Bb3	39	80	0	0	4320	P1-4-32	0	-
50	12.222656	13.179688	Eb3	35	80	0	0	4320	P1-4-31	0	-
51	13.307292	13.924479	D5	65	80	0	0	4680	P1-4-2	0	-
52	13.816406	14.829427	G4	34	80	0	0	4800	P1-4-29	0	-
53	13.869792	15.989583	Eb3	33	80	0	0	4800	P1-4-33	0	-
54	13.886719	15.799479	Bb3	46	80	0	0	4800	P1-4-34	0	-
55	13.893229	14.214844	Db5	68	80	0	0	4800	P1-4-3	0	-
56	14.240885	14.360677	Eb5	52	80	0	0	4830	P1-4-5	0	-
57	14.393229	14.445312	Db5	54	80	0	0	4860	P1-4-23	0	-
58	14.475260	14.531250	Eb5	55	80	0	0	4890	P1-4-7	0	-
59	14.562500	14.610677	Db5	56	80	0	0	4920	P1-4-24	0	-
60	14.634115	14.695312	Eb5	55	80	0	0	4950	P1-4-9	0	-
61	14.725260	14.773438	Db5	57	80	0	0	4980	P1-4-25	0	-
62	14.796875	14.852865	Eb5	56	80	0	0	5010	P1-4-10	0	-
63	14.882812	14.930990	Db5	58	80	0	0	5040	P1-4-11	0	-
64	14.959635	15.014323	Eb5	54	80	0	0	5060	*	3	-
65	15.044271	15.095052	Db5	54	80	0	0	5060	*	3	-
66	15.123698	15.171875	Eb5	59	80	0	0	5060	*	3	-
67	15.192708	15.252604	Db5	60	80	0	0	5060	*	3	-
68	15.277344	15.338542	Eb5	62	80	0	0	5060	P1-4-13	0	-
69	15.365885	15.421875	Db5	54	80	0	0	5060	P1-4-12	0	-
70	15.453125	15.498698	Eb5	56	80	0	0	5060	*	3	-
71	15.515625	15.575521	Db5	63	80	0	0	5060	*	3	-
72	15.604167	15.729167	Eb5	57	80	0	0	5060	*	3	-
73	15.688802	15.763021	Db5	62	80	0	0	5080	P1-4-14	0	-
74	15.799479	15.843750	C5	59	80	0	0	5100	P1-4-15	0	-
75	15.919271	16.032552	Db5	60	80	0	0	5160	*	3	-
76	15.924479	15.997396	Bb3	38	80	0	0	5160	*	3	-
77	16.054688	16.166667	Eb5	56	80	0	0	5160	*	3	-
78	16.183594	16.345052	Db5	63	80	0	0	5160	P1-4-16	0	-
79	16.337240	16.488281	Eb5	53	80	0	0	5220	P1-4-17	0	-
80	16.493490	17.121094	F5	56	80	0	0	5280	P1-4-18	0	-
81	17.054688	17.385417	Eb5	48	80	0	0	5520	P1-4-19	0	-
82	17.372396	17.647135	Db5	56	80	0	0	5640	P1-4-20	0	-
83	17.656250	18.509115	Ab3	35	80	0	0	5760	P1-5-4	0	-
84	17.660156	20.139323	C5	55	80	0	0	5760	P1-5-1	0	-
85	17.975260	18.044271	C4	25	80	0	0	5880	P1-5-5	0	-
86	17.975260	18.037760	Eb4	25	80	0	0	5880	P1-5-6	0	-
87	18.192708	18.263021	Eb4	37	80	0	0	6000	P1-5-8	0	-
88	18.195312	18.264323	C4	28	80	0	0	6000	P1-5-7	0	-
89	18.470052	18.729167	C4	29	80	0	0	6120	P1-5-9	0	-
90	18.471354	18.739583	Eb4	33	80	0	0	6120	P1-5-10	0	-
91	18.707031	19.079427	Ab3	40	80	0	0	6240	P1-5-11	0	-
92	18.964844	19.027344	Eb4	32	80	0	0	6360	P1-5-13	0	-
93	18.964844	19.029948	C4	30	80	0	0	6360	P1-5-12	0	-
94	19.213542	20.369792	Eb5	63	80	0	0	6480	P1-5-2	0	-
95	19.214844	19.290365	Eb4	36	80	0	0	6480	P1-5-15	0	-
96	19.217448	19.294271	C4	31	80	0	0	6480	P1-5-14	0	-
97	19.492188	19.639323	C4	26	80	0	0	6600	P1-5-16	0	-
98	19.494792	19.750000	Eb4	27	80	0	0	6600	P1-5-17	0	-
99	19.726562	19.869792	Ab3	36	80	0	0	6720	P1-5-18	0	-
100	19.980469	20.098958	Eb4	32	80	0	0	6840	P1-5-20	0	-
101	19.980469	20.044271	C4	33	80	0	0	6840	P1-5-19	0	-
102	20.222656	20.658854	Ab5	72	80	0	0	6960	P1-5-3	0	-
103	20.251302	20.341146	Eb4	27	80	0	0	6960	P1-5-22	0	-
104	20.255208	20.489583	G#3	27	80	0	0	6960	*	3	-
105	20.255208	20.342448	C4	25	80	0	0	6960	P1-5-21	0	-
106	20.531250	20.908854	Eb4	24	80	0	0	7080	P1-5-24	0	-
107	20.532552	20.750000	C4	27	80	0	0	7080	P1-5-23	0	-
108	20.764323	21.718750	Bb3	29	80	0	0	7200	P1-6-3	0	-
109	20.813802	21.979167	Ab5	66	80	0	0	7200	P1-6-1	0	-
110	21.130208	21.408854	Db4	26	80	0	0	7320	P1-6-4	0	-
111	21.132812	21.239583	Eb4	26	80	0	0	7320	P1-6-5	0	-
112	21.384115	21.463542	Eb4	32	80	0	0	7440	P1-6-7	0	-
113	21.420573	21.470052	Db4	16	80	0	0	7440	P1-6-6	0	-
114	21.652344	21.989583	Eb4	34	80	0	0	7560	P1-6-9	0	-
115	21.661458	21.848958	Db4	34	80	0	0	7560	P1-6-8	0	-
116	21.886719	24.000000	G5	60	80	0	0	7680	P1-6-2	0	-
117	21.912760	22.029948	C#4	28	80	0	0	7680	*	3	-
118	21.914062	22.609375	Bb3	38	80	0	0	7680	P1-6-10	0	-
119	22.151042	22.218750	Eb4	36	80	0	0	7800	P1-6-12	0	-
120	22.152344	22.220052	Db4	32	80	0	0	7800	P1-6-11	0	-
121	22.402344	22.473958	Eb4	29	80	0	0	7920	P1-6-14	0	-
122	22.412760	22.483073	Db4	26	80	0	0	7920	P1-6-13	0	-
123	22.643229	22.889323	Db4	41	80	0	0	8040	P1-6-15	0	-
124	22.644531	22.908854	Eb4	37	80	0	0	8040	P1-6-16	0	-
125	22.893229	23.539062	Bb3	43	80	0	0	8160	P1-6-17	0	-
126	22.895833	22.962240	Db4	30	80	0	0	-1	*	3	-
127	23.141927	23.203125	Eb4	41	80	0	0	8280	P1-6-19	0	-
128	23.147135	23.204427	Db4	32	80	0	0	8280	P1-6-18	0	-
129	23.373698	23.440104	Eb4	42	80	0	0	8400	P1-6-21	0	-
130	23.373698	23.444010	Db4	40	80	0	0	8400	P1-6-20	0	-
131	23.626302	23.694010	Db4	47	80	0	0	8520	P1-6-22	0	-
132	23.627604	23.692708	Eb4	41	80	0	0	8520	P1-6-23	0	-
133	23.860677	23.989583	Eb4	35	80	0	0	-1	*	3	-
134	23.861979	24.307292	Db4	38	80	0	0	8640	P1-7-4	0	-
135	23.936198	25.579427	Bb5	75	80	0	0	8640	P1-7-1	0	-
136	24.217448	24.294271	Bb4	50	80	0	0	8760	P1-7-7	0	-
137	24.220052	24.300781	G4	40	80	0	0	8760	P1-7-6	0	-
138	24.257812	24.313802	Eb4	34	80	0	0	8760	P1-7-5	0	-
139	24.467448	24.533854	Bb4	47	80	0	0	8880	P1-7-10	0	-
140	24.476562	24.544271	Eb4	45	80	0	0	8880	P1-7-8	0	-
141	24.479167	24.546875	C#4	39	80	0	0	-1	*	3	-
142	24.488281	24.544271	G4	37	80	0	0	8880	P1-7-9	0	-
143	24.720052	24.786458	Bb4	54	80	0	0	9000	P1-7-13	0	-
144	24.721354	24.792969	G4	46	80	0	0	9000	P1-7-12	0	-
145	24.736979	24.796875	Eb4	35	80	0	0	9000	P1-7-11	0	-
146	24.739583	24.795573	Db4	32	80	0	0	-1	*	3	-
147	24.946615	25.049479	Bb4	44	80	0	0	-1	*	3	-
148	24.947917	25.319010	Db4	56	80	0	0	9120	P1-7-14	0	-
149	24.954427	25.033854	G4	39	80	0	0	-1	*	3	-
150	25.205729	25.282552	Eb4	44	80	0	0	9240	P1-7-15	0	-
151	25.208333	25.266927	Bb4	47	80	0	0	9240	P1-7-17	0	-
152	25.212240	25.276042	G4	40	80	0	0	9240	P1-7-16	0	-
153	25.425781	26.848958	G5	77	80	0	0	9360	P1-7-2	0	-
154	25.464844	25.528646	Bb4	42	80	0	0	9360	P1-7-20	0	-
155	25.470052	25.542969	C#4	38	80	0	0	-1	*	3	-
156	25.471354	25.537760	G4	43	80	0	0	9360	P1-7-19	0	-
157	25.472656	25.544271	Eb4	45	80	0	0	9360	P1-7-18	0	-
158	25.720052	25.799479	Bb4	39	80	0	0	9480	P1-7-23	0	-
159	25.721354	25.782552	C#4	40	80	0	0	-1	*	3	-
160	25.723958	25.783854	Eb4	45	80	0	0	9480	P1-7-21	0	-
161	25.725260	25.782552	G4	40	80	0	0	9480	P1-7-22	0	-
162	25.934896	26.179688	Db4	46	80	0	0	9600	P1-7-24	0	-
163	25.938802	26.019531	Bb4	41	80	0	0	-1	*	3	-
164	25.946615	26.003906	Eb4	38	80	0	0	-1	*	3	-
165	25.975260	26.005208	G4	25	80	0	0	-1	*	3	-
166	26.165365	26.236979	G4	47	80	0	0	9720	P1-7-26	0	-
167	26.177083	26.234375	Bb4	45	80	0	0	9720	P1-7-27	0	-
168	26.182292	26.243490	Eb4	44	80	0	0	9720	P1-7-25	0	-
169	26.184896	26.589844	C#4	34	80	0	0	-1	*	3	-
170	26.429688	26.878906	Eb5	67	80	0	0	9840	P1-7-3	0	-
171	26.446615	26.507812	Bb4	47	80	0	0	9840	P1-7-30	0	-
172	26.450521	26.519531	Eb4	41	80	0	0	9840	P1-7-28	0	-
173	26.453125	26.520833	G4	43	80	0	0	9840	P1-7-29	0	-
174	26.704427	26.989583	Bb4	42	80	0	0	9960	P1-7-33	0	-
175	26.736979	26.848958	Eb4	39	80	0	0	9960	P1-7-31	0	-
176	26.738281	27.109375	G4	32	80	0	0	9960	P1-7-32	0	-
177	26.964844	27.380208	C4	38	80	0	0	10080	P1-8-3	0	-
178	27.023438	29.029948	Eb5	60	80	0	0	10080	P1-8-1	0	-
179	27.311198	27.375000	Ab4	40	80	0	0	10200	P1-8-5	0	-
180	27.313802	27.375000	Eb4	30	80	0	0	10200	P1-8-4	0	-
181	27.531250	27.613281	Ab4	55	80	0	0	10320	P1-8-7	0	-
182	27.533854	27.621094	Eb4	43	80	0	0	10320	P1-8-6	0	-
183	27.770833	28.089844	Ab4	56	80	0	0	10440	P1-8-9	0	-
184	27.833333	28.039062	Eb4	44	80	0	0	10440	P1-8-8	0	-
185	27.985677	29.989583	Ab5	72	80	0	0	10560	P1-8-2	0	-
186	28.001302	28.773438	C4	39	80	0	0	10560	P1-8-10	0	-
187	28.214844	28.289062	Eb4	52	80	0	0	10680	P1-8-11	0	-
188	28.217448	28.285156	Ab4	46	80	0	0	10680	P1-8-12	0	-
189	28.445312	28.507812	Ab4	50	80	0	0	10800	P1-8-14	0	-
190	28.477865	28.526042	Eb4	42	80	0	0	10800	P1-8-13	0	-
191	28.692708	28.859375	Ab4	48	80	0	0	10920	P1-8-16	0	-
192	28.699219	28.869792	Eb4	48	80	0	0	10920	P1-8-15	0	-
193	28.934896	29.299479	C4	52	80	0	0	11040	P1-8-17	0	-
194	29.167969	29.231771	Ab4	59	80	0	0	11160	P1-8-19	0	-
195	29.169271	29.238281	Eb4	51	80	0	0	11160	P1-8-18	0	-
196	29.416667	29.489583	Ab4	65	80	0	0	11280	P1-8-21	0	-
197	29.423177	29.494792	Eb4	58	80	0	0	11280	P1-8-20	0	-
198	29.674479	29.736979	Ab4	72	80	0	0	11400	P1-8-23	0	-
199	29.675781	29.799479	Eb4	60	80	0	0	11400	P1-8-22	0	-
200	29.680990	29.809896	C4	47	80	0	0	11400	*	3	-
201	29.929688	30.949219	Gb4	55	80	0	0	11520	P1-9-4	0	-
202	29.996094	31.639323	Ab5	87	80	0	0	11520	P1-9-1	0	-
203	30.313802	30.449219	Eb5	60	80	0	0	11640	P1-9-7	0	-
204	30.326823	30.406250	C5	55	80	0	0	11640	P1-9-6	0	-
205	30.345052	30.402344	Ab4	54	80	0	0	11640	P1-9-5	0	-
206	30.566406	30.647135	Eb5	61	80	0	0	11760	P1-9-10	0	-
207	30.575521	30.647135	C5	57	80	0	0	11760	P1-9-9	0	-
208	30.583333	30.643229	Ab4	54	80	0	0	11760	P1-9-8	0	-
209	30.805990	31.079427	C5	61	80	0	0	11880	P1-9-12	0	-
210	30.824219	31.079427	Eb5	58	80	0	0	11880	P1-9-13	0	-
211	30.825521	31.000000	Ab4	57	80	0	0	11880	P1-9-11	0	-
212	31.016927	31.829427	Gb4	70	80	0	0	12000	P1-9-14	0	-
213	31.255208	31.325521	Eb5	67	80	0	0	12120	P1-9-17	0	-
214	31.257812	31.321615	C5	56	80	0	0	12120	P1-9-16	0	-
215	31.260417	31.321615	Ab4	65	80	0	0	12120	P1-9-15	0	-
216	31.485677	32.589844	C6	87	80	0	0	12240	P1-9-2	0	-
217	31.520833	31.576823	Eb5	41	80	0	0	12240	P1-9-20	0	-
218	31.541667	31.584635	C5	43	80	0	0	12240	P1-9-19	0	-
219	31.553385	31.628906	Ab4	43	80	0	0	12240	P1-9-18	0	-
220	31.739583	32.019531	Eb5	63	80	0	0	12360	P1-9-23	0	-
221	31.742188	32.039062	C5	64	80	0	0	12360	P1-9-22	0	-
222	31.743490	31.919271	Ab4	58	80	0	0	12360	P1-9-21	0	-
223	31.973958	32.929688	Gb4	71	80	0	0	12480	P1-9-24	0	-
224	32.205729	32.268229	Eb5	58	80	0	0	12600	P1-9-27	0	-
225	32.205729	32.272135	C5	54	80	0	0	12600	P1-9-26	0	-
226	32.212240	32.266927	Ab4	53	80	0	0	12600	P1-9-25	0	-
227	32.442708	33.000000	Eb6	91	80	0	0	12720	P1-9-3	0	-
228	32.479167	32.619792	Eb5	52	80	0	0	12720	P1-9-30	0	-
229	32.489583	32.579427	Ab4	53	80	0	0	12720	P1-9-28	0	-
230	32.496094	32.579427	C5	47	80	0	0	12720	P1-9-29	0	-
231	32.705729	32.859375	C5	54	80	0	0	12840	P1-9-32	0	-
232	32.710938	33.229167	Eb5	53	80	0	0	12840	P1-9-33	0	-
233	32.723958	33.000000	Ab4	53	80	0	0	12840	P1-9-31	0	-
234	32.946615	33.789062	F4	58	80	0	0	12960	P1-10-5	0	-
235	33.009115	34.739583	Eb6	91	80	0	0	12960	P1-10-1	0	-
236	33.253906	33.330729	Db5	51	80	0	0	13080	P1-10-7	0	-
237	33.255208	33.330729	Ab4	51	80	0	0	13080	P1-10-6	0	-
238	33.492188	33.569010	Ab4	55	80	0	0	13200	P1-10-8	0	-
239	33.493490	33.574219	Db5	58	80	0	0	13200	P1-10-9	0	-
240	33.735677	33.979167	Ab4	66	80	0	0	13320	P1-10-10	0	-
241	33.739583	34.009115	Db5	56	80	0	0	13320	P1-10-11	0	-
242	33.954427	34.729167	F4	71	80	0	0	13440	P1-10-12	0	-
243	34.196615	34.348958	Ab4	62	80	0	0	13560	P1-10-13	0	-
244	34.204427	34.389323	Db5	53	80	0	0	13560	P1-10-14	0	-
245	34.424479	35.079427	Db6	93	80	0	0	13680	P1-10-2	0	-
246	34.447917	34.559896	Db5	56	80	0	0	13680	P1-10-16	0	-
247	34.454427	34.559896	Ab4	56	80	0	0	13680	P1-10-15	0	-
248	34.683594	34.968750	Db5	67	80	0	0	13800	P1-10-18	0	-
249	34.690104	34.929688	Ab4	66	80	0	0	13800	P1-10-17	0	-
250	34.914062	35.479167	Eb6	87	80	0	0	13920	P1-10-3	0	-
251	34.934896	35.449219	Eb4	63	80	0	0	13920	P1-10-19	0	-
252	35.165365	35.408854	C5	76	80	0	0	14040	P1-10-21	0	-
253	35.169271	35.399740	Ab4	64	80	0	0	14040	P1-10-20	0	-
254	35.402344	35.929688	F6	94	80	0	0	14160	P1-10-4	0	-
255	35.403646	35.919271	Db4	58	80	0	0	14160	P1-10-22	0	-
256	35.648438	36.009115	Ab4	69	80	0	0	14280	P1-10-23	0	-
257	35.648438	35.919271	Bb4	74	80	0	0	14280	P1-10-24	0	-
258	35.923177	36.848958	Eb4	56	80	0	0	14400	P1-11-8	0	-
259	35.934896	36.949219	F6	90	80	0	0	14400	P1-11-1	0	-
260	36.216146	36.296875	C5	64	80	0	0	14520	P1-11-10	0	-
261	36.218750	36.500000	Ab4	64	80	0	0	14520	P1-11-9	0	-
262	36.486979	37.848958	Eb6	90	80	0	0	14640	P1-11-2	0	-
263	36.497396	36.572917	C5	54	80	0	0	14640	P1-11-12	0	-
264	36.506510	36.609375	Ab4	57	80	0	0	14640	P1-11-11	0	-
265	36.759115	37.015625	Ab4	60	80	0	0	14760	P1-11-13	0	-
266	36.760417	37.019531	C5	58	80	0	0	14760	P1-11-14	0	-
267	37.006510	37.869792	Eb4	58	80	0	0	14880	P1-11-15	0	-
268	37.264323	37.419271	C5	57	80	0	0	15000	P1-11-17	0	-
269	37.265625	37.598958	Ab4	60	80	0	0	15000	P1-11-16	0	-
270	37.518229	37.649740	C5	52	80	0	0	15120	P1-11-19	0	-
271	37.520833	37.628906	C#5	55	80	0	0	-1	*	3	-
272	37.520833	37.889323	Db6	84	80	0	0	15120	P1-11-3	0	-
273	37.520833	37.598958	C6	80	80	0	0	-1	*	3	-
274	37.805990	38.128906	C6	77	80	0	0	15240	P1-11-4	0	-
275	37.812500	38.119792	Ab4	60	80	0	0	15240	P1-11-20	0	-
276	37.816406	38.109375	C5	58	80	0	0	15240	P1-11-21	0	-
277	38.106771	38.432292	Eb6	71	80	0	0	15360	P1-11-5	0	-
278	38.106771	39.438802	Eb4	43	80	0	0	15360	P1-11-22	0	-
279	38.394531	38.819010	Db6	69	80	0	0	15480	P1-11-6	0	-
280	38.399740	38.539062	Bb4	44	80	0	0	15480	P1-11-23	0	-
281	38.414062	38.549479	Db5	44	80	0	0	15480	P1-11-24	0	-
282	38.692708	38.809896	Db5	51	80	0	0	15600	P1-11-26	0	-
283	38.695312	39.289062	G5	69	80	0	0	15600	P1-11-7	0	-
284	38.966146	39.269531	Db5	40	80	0	0	15720	P1-11-28	0	-
285	38.966146	39.339844	Bb4	43	80	0	0	15720	P1-11-27	0	-
286	39.225260	39.839844	Ab4	47	80	0	0	15840	P1-12-25	0	-
287	39.326823	39.639323	Ab5	60	80	0	0	15840	P1-12-1	0	-
288	39.341146	39.899740	C5	37	80	0	0	15840	P1-12-26	0	-
289	39.440104	39.563802	Eb6	65	80	0	0	15900	P1-12-2	0	-
290	39.595052	39.690104	C6	62	80	0	0	15960	P1-12-3	0	-
291	39.725260	39.807292	Eb6	59	80	0	0	16020	P1-12-4	0	-
292	39.807292	39.936198	Ab6	67	80	0	0	16080	P1-12-5	0	-
293	39.937500	40.059896	Eb6	65	80	0	0	16140	P1-12-6	0	-
294	40.032552	40.158854	C6	63	80	0	0	16200	P1-12-7	0	-
295	40.157552	40.257812	Eb6	66	80	0	0	16260	P1-12-8	0	-
296	40.260417	40.350260	Ab5	71	80	0	0	16320	P1-12-9	0	-
297	40.411458	40.468750	Eb5	59	80	0	0	16380	P1-12-10	0	-
298	40.511719	40.572917	C5	58	80	0	0	16440	P1-12-11	0	-
299	40.614583	40.704427	Eb5	53	80	0	0	16500	P1-12-12	0	-
300	40.723958	40.869792	Ab4	70	80	0	0	16560	P1-12-13	0	-
301	40.903646	40.966146	Eb4	45	80	0	0	16620	P1-12-14	0	-
302	41.011719	41.109375	C4	54	80	0	0	16680	P1-12-15	0	-
303	41.084635	41.162760	Eb4	61	80	0	0	16740	P1-12-16	0	-
304	41.194010	41.319010	Ab3	63	80	0	0	16800	P1-12-17	0	-
305	41.346354	41.429688	Eb3	59	80	0	0	16860	P1-12-18	0	-
306	41.480469	41.639323	C3	55	80	0	0	16920	P1-12-19	0	-
307	41.549479	41.627604	Eb3	60	80	0	0	16980	P1-12-20	0	-
308	41.653646	41.764323	Ab2	58	80	0	0	17040	P1-12-21	0	-
309	41.779948	41.865885	Eb3	49	80	0	0	17100	P1-12-22	0	-
310	41.884115	41.959635	C3	61	80	0	0	-1	*	3	-
311	41.964844	42.023438	C3	60	80	0	0	17160	P1-12-23	0	-
312	41.994792	42.048177	Eb3	68	80	0	0	17220	P1-12-24	0	-
313	42.078125	42.658854	G2	53	80	0	0	17280	P1-13-1	0	-
314	42.082031	42.348958	G1	54	80	0	0	-1	*	3	-
315	42.101562	42.348958	Bb2	45	80	0	0	17280	P1-13-27	0	-
316	42.102865	42.269531	Bb1	47	80	0	0	17280	P1-13-25	0	-
317	42.214844	42.319010	Eb3	45	80	0	0	17340	P1-13-2	0	-
318	42.315104	42.393229	Db3	47	80	0	0	17400	P1-13-3	0	-
319	42.414062	42.488281	Eb3	46	80	0	0	17460	P1-13-4	0	-
320	42.533854	42.623698	G3	56	80	0	0	17520	P1-13-5	0	-
321	42.627604	42.743490	Eb3	58	80	0	0	17580	P1-13-6	0	-
322	42.765625	42.824219	Db3	48	80	0	0	17640	P1-13-7	0	-
323	42.876302	42.924479	Eb3	59	80	0	0	17700	P1-13-8	0	-
324	43.003906	43.209635	G3	56	80	0	0	17760	P1-13-9	0	-
325	43.013021	43.139323	Bb2	45	80	0	0	17760	P1-13-30	0	-
326	43.014323	43.199219	Bb1	45	80	0	0	17760	P1-13-28	0	-
327	43.015625	43.438802	Eb2	40	80	0	0	17760	P1-13-29	0	-
328	43.114583	43.177083	Eb4	55	80	0	0	17820	P1-13-10	0	-
329	43.225260	43.285156	Db4	58	80	0	0	17880	P1-13-11	0	-
330	43.345052	43.429688	Eb4	53	80	0	0	17940	P1-13-12	0	-
331	43.468750	43.553385	G4	65	80	0	0	18000	P1-13-13	0	-
332	43.572917	43.653646	Eb4	64	80	0	0	18060	P1-13-14	0	-
333	43.691406	43.759115	Db4	53	80	0	0	18120	P1-13-15	0	-
334	43.787760	43.829427	Eb4	64	80	0	0	18180	P1-13-16	0	-
335	43.920573	43.996094	G4	62	80	0	0	18240	P1-13-17	0	-
336	43.930990	44.688802	Eb2	43	80	0	0	18240	P1-13-32	0	-
337	43.932292	44.369792	Bb1	45	80	0	0	18240	P1-13-31	0	-
338	43.936198	44.399740	Bb2	47	80	0	0	18240	P1-13-33	0	-
339	44.026042	44.104167	Eb5	60	80	0	0	18300	P1-13-18	0	-
340	44.158854	44.230469	Db5	52	80	0	0	18360	P1-13-19	0	-
341	44.268229	44.322917	Eb5	54	80	0	0	18420	P1-13-20	0	-
342	44.384115	44.454427	G5	66	80	0	0	18480	P1-13-21	0	-
343	44.475260	44.548177	Eb5	62	80	0	0	18540	P1-13-22	0	-
344	44.589844	44.647135	Db5	65	80	0	0	18600	P1-13-23	0	-
345	44.712240	44.779948	Eb5	65	80	0	0	18660	P1-13-24	0	-
346	44.843750	44.936198	Ab5	70	80	0	0	18720	P1-14-1	0	-
347	44.860677	45.579427	C2	41	80	0	0	18720	P1-14-25	0	-
348	44.873698	45.688802	Eb2	35	80	0	0	18720	P1-14-26	0	-
349	44.946615	45.046875	Eb6	69	80	0	0	18780	P1-14-2	0	-
350	45.082031	45.174479	C6	65	80	0	0	18840	P1-14-3	0	-
351	45.187500	45.294271	Eb6	75	80	0	0	18900	P1-14-4	0	-
352	45.302083	45.449219	Ab6	78	80	0	0	18960	P1-14-5	0	-
353	45.414062	45.475260	Eb6	73	80	0	0	19020	P1-14-6	0	-
354	45.492188	45.589844	C6	66	80	0	0	19080	P1-14-7	0	-
355	45.623698	45.704427	Eb6	72	80	0	0	19140	P1-14-8	0	-
356	45.716146	45.774740	Ab5	67	80	0	0	19200	P1-14-9	0	-
357	45.855469	45.908854	Eb5	57	80	0	0	19260	P1-14-10	0	-
358	45.958333	46.011719	C5	61	80	0	0	19320	P1-14-11	0	-
359	46.058594	46.123698	Eb5	60	80	0	0	19380	P1-14-12	0	-
360	46.160156	46.216146	Ab4	71	80	0	0	19440	P1-14-13	0	-
361	46.313802	46.373698	Eb4	55	80	0	0	19500	P1-14-14	0	-
362	46.427083	46.481771	C4	54	80	0	0	19560	P1-14-15	0	-
363	46.533854	46.639323	Eb4	50	80	0	0	19620	P1-14-16	0	-
364	46.588542	46.809896	C4	49	80	0	0	19680	*	3	-
365	46.595052	46.739583	Ab3	52	80	0	0	19680	P1-14-17	0	-
366	46.747396	46.816406	Eb3	59	80	0	0	19740	P1-14-18	0	-
367	46.875000	46.989583	C3	53	80	0	0	19800	P1-14-19	0	-
368	46.953125	47.005208	Eb3	67	80	0	0	19860	P1-14-20	0	-
369	47.026042	47.125000	Ab2	64	80	0	0	19920	P1-14-21	0	-
370	47.153646	47.222656	Eb3	63	80	0	0	19980	P1-14-22	0	-
371	47.274740	47.337240	C3	55	80	0	0	20040	P1-14-23	0	-
372	47.368490	47.489583	Eb3	55	80	0	0	20100	P1-14-24	0	-
373	47.450521	47.938802	Eb2	53	80	0	0	20160	P1-15-26	0	-
374	47.463542	47.664062	Bb2	58	80	0	0	20160	P1-15-1	0	-
375	47.467448	47.479167	Bb1	52	80	0	0	-1	*	3	-
376	47.484375	47.609375	G2	49	80	0	0	20160	P1-15-27	0	-
377	47.494792	47.509115	G1	41	80	0	0	20160	P1-15-25	0	-
378	47.605469	47.789062	Eb3	42	80	0	0	20220	P1-15-2	0	-
379	47.704427	47.768229	Db3	50	80	0	0	20280	P1-15-3	0	-
380	47.802083	47.949219	Eb3	49	80	0	0	20340	P1-15-4	0	-
381	47.924479	48.033854	Bb3	58	80	0	0	20400	P1-15-5	0	-
382	47.954427	48.000000	Eb3	32	80	0	0	-1	*	3	-
383	48.055990	48.145833	Eb3	64	80	0	0	20460	P1-15-6	0	-
384	48.160156	48.264323	Db3	54	80	0	0	20520	P1-15-7	0	-
385	48.270833	48.334635	Eb3	44	80	0	0	20580	P1-15-8	0	-
386	48.394531	48.579427	Bb3	63	80	0	0	20640	P1-15-9	1	-
387	48.403646	48.408854	G2	47	80	0	0	20640	P1-15-30	0	-
388	48.408854	48.739583	G1	44	80	0	0	20640	P1-15-28	0	-
389	48.412760	48.829427	Eb2	42	80	0	0	20640	P1-15-29	0	-
390	48.513021	48.591146	Eb4	60	80	0	0	20700	P1-15-10	0	-
391	48.617188	48.686198	Db4	61	80	0	0	20760	P1-15-11	0	-
392	48.731771	48.795573	Eb4	58	80	0	0	20820	P1-15-12	0	-
393	48.834635	48.940104	Bb4	74	80	0	0	20880	P1-15-13	0	-
394	48.954427	49.042969	Eb4	72	80	0	0	20940	P1-15-14	0	-
395	49.055990	49.149740	Db4	58	80	0	0	21000	P1-15-15	0	-
396	49.160156	49.210938	Eb4	61	80	0	0	21060	P1-15-16	0	-
397	49.285156	49.368490	Bb4	75	80	0	0	21120	P1-15-17	0	-
398	49.287760	49.449219	G1	45	80	0	0	21120	P1-15-31	0	-
399	49.289062	49.339844	G2	43	80	0	0	21120	P1-15-33	0	-
400	49.294271	49.529948	Eb2	41	80	0	0	21120	P1-15-32	0	-
401	49.403646	49.501302	Eb5	66	80	0	0	21180	P1-15-18	0	-
402	49.509115	49.601562	Db5	66	80	0	0	21240	P1-15-19	0	-
403	49.615885	49.717448	Eb5	67	80	0	0	21300	P1-15-20	0	-
404	49.723958	49.841146	Bb5	74	80	0	0	21360	P1-15-21	0	-
405	49.843750	49.924479	Eb5	71	80	0	0	21420	P1-15-22	0	-
406	49.932292	50.042969	Db5	72	80	0	0	21480	P1-15-23	0	-
407	50.055990	50.132812	Eb5	66	80	0	0	21540	P1-15-24	0	-
408	50.162760	50.289062	C5	68	80	0	0	21600	P1-16-1	0	-
409	50.183594	51.919271	Ab1	33	80	0	0	21600	P1-16-25	0	-
410	50.195312	50.669271	Ab2	38	80	0	0	21600	P1-16-27	0	-
411	50.196615	51.098958	Eb2	35	80	0	0	21600	P1-16-26	0	-
412	50.283854	50.364583	Ab5	62	80	0	0	21660	P1-16-2	0	-
413	50.381510	50.464844	Eb5	65	80	0	0	21720	P1-16-3	0	-
414	50.501302	50.587240	Ab5	67	80	0	0	21780	P1-16-4	0	-
415	50.619792	50.713542	C6	64	80	0	0	21840	P1-16-5	0	-
416	50.726562	50.811198	Ab5	64	80	0	0	21900	P1-16-6	0	-
417	50.826823	50.895833	Eb5	61	80	0	0	21960	P1-16-7	0	-
418	50.953125	51.020833	Ab5	63	80	0	0	22020	P1-16-8	0	-
419	51.055990	51.106771	C5	61	80	0	0	22080	P1-16-9	0	-
420	51.204427	51.273438	Ab4	58	80	0	0	22140	P1-16-10	0	-
421	51.315104	51.385417	Eb4	53	80	0	0	22200	P1-16-11	0	-
422	51.417969	51.484375	Ab4	60	80	0	0	22260	P1-16-12	0	-
423	51.513021	51.634115	C4	62	80	0	0	22320	P1-16-13	0	-
424	51.662760	51.730469	Ab3	50	80	0	0	22380	P1-16-14	0	-
425	51.779948	51.867188	Eb3	60	80	0	0	22440	P1-16-15	0	-
426	51.878906	51.946615	Ab3	59	80	0	0	22500	P1-16-16	0	-
427	51.970052	52.084635	C3	67	80	0	0	22560	P1-16-17	0	-
428	52.095052	52.164062	Ab3	60	80	0	0	22620	P1-16-18	0	-
429	52.196615	52.313802	Eb3	58	80	0	0	22680	P1-16-19	0	-
430	52.311198	52.390625	Ab3	58	80	0	0	22740	P1-16-20	0	-
431	52.430990	52.523438	C4	54	80	0	0	22800	P1-16-21	0	-
432	52.548177	52.610677	Ab3	51	80	0	0	22860	P1-16-22	0	-
433	52.652344	52.729167	Eb3	44	80	0	0	22920	P1-16-23	0	-
434	52.747396	52.824219	Ab3	55	80	0	0	22980	P1-16-24	0	-
435	52.875000	53.500000	D3	50	80	0	0	23040	P1-17-1	0	-
436	52.889323	54.489583	Bb1	43	80	0	0	23040	P1-17-26	1	-
437	53.018229	53.074219	Bb3	42	80	0	0	23100	P1-17-2	0	-
438	53.125000	53.177083	Ab3	43	80	0	0	23160	P1-17-3	0	-
439	53.213542	53.282552	Bb3	43	80	0	0	23220	P1-17-4	0	-
440	53.339844	53.404948	D4	48	80	0	0	23280	P1-17-5	0	-
441	53.450521	53.514323	Bb3	55	80	0	0	23340	P1-17-6	0	-
442	53.584635	53.653646	Ab3	54	80	0	0	23400	P1-17-7	0	-
443	53.701823	53.779948	Bb3	54	80	0	0	23460	P1-17-8	0	-
444	53.825521	53.959635	F3	42	80	0	0	23520	P1-17-29	0	-
445	53.826823	54.339844	Bb2	43	80	0	0	23520	P1-17-28	0	-
446	53.826823	54.209635	D4	51	80	0	0	23520	P1-17-9	0	-
447	53.826823	54.299479	F2	42	80	0	0	23520	P1-17-27	0	-
448	53.954427	54.013021	Bb4	56	80	0	0	23580	P1-17-10	0	-
449	54.054688	54.144531	Ab4	56	80	0	0	23640	P1-17-11	0	-
450	54.186198	54.238281	Bb4	59	80	0	0	23700	P1-17-12	0	-
451	54.282552	54.376302	D5	66	80	0	0	23760	P1-17-13	0	-
452	54.393229	54.441406	Bb4	70	80	0	0	23820	P1-17-14	0	-
453	54.513021	54.574219	Ab4	68	80	0	0	23880	P1-17-15	0	-
454	54.614583	54.653646	Bb4	71	80	0	0	23940	P1-17-16	0	-
455	54.746094	54.829427	Eb5	74	80	0	0	24000	P1-17-17	0	-
456	54.753906	55.239583	Eb2	47	80	0	0	24000	P1-17-30	0	-
457	54.765625	55.229167	Bb2	44	80	0	0	24000	P1-17-31	0	-
458	54.861979	54.945312	Bb5	63	80	0	0	24060	P1-17-18	0	-
459	54.963542	55.058594	G5	64	80	0	0	24120	P1-17-19	0	-
460	55.098958	55.188802	Bb5	69	80	0	0	24180	P1-17-20	0	-
461	55.204427	55.339844	Eb6	78	80	0	0	24240	P1-17-21	0	-
462	55.341146	55.404948	Bb5	73	80	0	0	24300	P1-17-22	0	-
463	55.407552	55.559896	G5	66	80	0	0	24360	P1-17-23	0	-
464	55.544271	55.608073	Bb5	82	80	0	0	24420	P1-17-24	0	-
465	55.653646	55.773438	F5	72	80	0	0	24480	P1-18-1	0	-
466	55.654948	56.079427	D3	48	80	0	0	24480	P1-18-27	0	-
467	55.654948	55.929688	D2	45	80	0	0	24480	P1-18-25	0	-
468	55.664062	56.149740	Bb2	45	80	0	0	24480	P1-18-26	0	-
469	55.781250	55.873698	Bb5	74	80	0	0	24540	P1-18-2	0	-
470	55.875000	55.975260	Ab5	76	80	0	0	24600	P1-18-3	0	-
471	55.992188	56.093750	Bb5	83	80	0	0	24660	P1-18-4	0	-
472	56.105469	56.259115	F6	78	80	0	0	24720	P1-18-5	0	-
473	56.235677	56.334635	Bb5	79	80	0	0	24780	P1-18-6	0	-
474	56.337240	56.436198	Ab5	77	80	0	0	24840	P1-18-7	0	-
475	56.458333	56.535156	Bb5	76	80	0	0	24900	P1-18-8	0	-
476	56.546875	56.649740	G#5	62	80	0	0	-1	*	3	-
477	56.574219	56.589844	Eb3	54	80	0	0	24960	P1-18-28	1	-
478	56.584635	57.109375	Bb3	61	80	0	0	24960	P1-18-29	0	-
479	56.585938	56.949219	F5	71	80	0	0	24960	P1-18-9	0	-
480	56.585938	56.979167	D4	52	80	0	0	24960	P1-18-30	0	-
481	56.720052	56.820312	Bb5	70	80	0	0	25020	P1-18-10	0	-
482	56.822917	56.925781	Ab5	75	80	0	0	25080	P1-18-11	0	-
483	56.936198	57.042969	Bb5	82	80	0	0	25140	P1-18-12	0	-
484	57.045573	57.188802	F6	80	80	0	0	25200	P1-18-13	0	-
485	57.174479	57.263021	Bb5	80	80	0	0	25260	P1-18-14	0	-
486	57.265625	57.393229	Ab5	73	80	0	0	25320	P1-18-15	0	-
487	57.395833	57.467448	Bb5	77	80	0	0	25380	P1-18-16	0	-
488	57.480469	58.009115	Db4	66	80	0	0	25440	P1-18-33	0	-
489	57.483073	57.779948	G5	73	80	0	0	25440	P1-18-17	0	-
490	57.484375	58.209635	Db3	68	80	0	0	25440	P1-18-31	0	-
491	57.488281	58.218750	Eb3	68	80	0	0	25440	P1-18-32	0	-
492	57.613281	57.714844	Eb6	75	80	0	0	25500	P1-18-18	0	-
493	57.730469	57.837240	Bb5	77	80	0	0	25560	P1-18-19	0	-
494	57.837240	57.975260	Eb6	82	80	0	0	25620	P1-18-20	0	-
495	57.971354	58.239583	G6	90	80	0	0	25680	P1-18-21	0	-
496	58.104167	58.201823	Eb6	78	80	0	0	25740	P1-18-22	0	-
497	58.187500	58.279948	Bb5	84	80	0	0	25800	P1-18-23	0	-
498	58.303385	58.404948	Eb6	80	80	0	0	25860	P1-18-24	0	-
499	58.403646	58.658854	C4	63	80	0	0	25920	P1-19-27	0	-
500	58.403646	58.669271	Ab5	88	80	0	0	25920	P1-19-1	0	-
501	58.412760	58.575521	Eb3	63	80	0	0	25920	P1-19-26	0	-
502	58.424479	58.602865	C3	64	80	0	0	25920	P1-19-25	0	-
503	58.533854	58.666667	Ab6	88	80	0	0	25980	P1-19-2	0	-
504	58.651042	58.756510	Eb6	76	80	0	0	26040	P1-19-3	0	-
505	58.752604	58.868490	Ab6	84	80	0	0	26100	P1-19-4	0	-
506	58.869792	58.996094	A5	86	80	0	0	26160	P1-19-5	0	-
507	58.885417	59.009115	Cb4	57	80	0	0	26160	P1-19-30	0	-
508	58.891927	59.009115	Eb4	60	80	0	0	26160	*	3	-
509	58.895833	59.002604	Cb3	62	80	0	0	26160	P1-19-28	0	-
510	58.895833	59.019531	Eb3	60	80	0	0	26160	P1-19-29	0	-
511	59.000000	59.135417	A6	90	80	0	0	26220	P1-19-6	0	-
512	59.117188	59.217448	Eb6	83	80	0	0	26280	P1-19-7	0	-
513	59.246094	59.334635	A6	86	80	0	0	26340	P1-19-8	0	-
514	59.354167	59.591146	Cb4	62	80	0	0	26400	P1-19-31	0	-
515	59.354167	59.649740	Cb5	74	80	0	0	26400	P1-19-33	0	-
516	59.355469	59.628906	A5	83	80	0	0	26400	P1-19-9	0	-
517	59.356771	59.718750	Eb4	69	80	0	0	26400	P1-19-32	0	-
518	59.503906	59.636719	A6	86	80	0	0	26460	P1-19-10	0	-
519	59.615885	59.739583	Eb6	84	80	0	0	26520	P1-19-11	0	-
520	59.744792	59.856771	A6	79	80	0	0	26580	P1-19-12	0	-
521	59.858073	60.069010	Bb5	84	80	0	0	26640	P1-19-13	0	-
522	59.889323	60.218750	Eb4	53	80	0	0	26640	P1-19-35	0	-
523	59.891927	60.188802	Bb4	63	80	0	0	26640	P1-19-36	0	-
524	59.893229	60.239583	Bb3	58	80	0	0	26640	P1-19-34	0	-
525	59.990885	60.134115	Bb6	96	80	0	0	26700	P1-19-14	0	-
526	60.125000	60.244792	Eb6	81	80	0	0	26760	P1-19-15	0	-
527	60.243490	60.358073	Bb6	89	80	0	0	26820	P1-19-16	0	-
528	60.351562	60.359375	Ab4	59	80	0	0	26880	P1-19-39	0	-
529	60.360677	60.604167	Eb4	50	80	0	0	26880	P1-19-38	0	-
530	60.367188	60.688802	Ab3	48	80	0	0	26880	P1-19-37	0	-
531	60.372396	60.531250	Bb5	84	80	0	0	26880	P1-19-17	0	-
532	60.514323	60.640625	Bb6	90	80	0	0	26940	P1-19-18	0	-
533	60.636719	60.796875	Eb6	69	80	0	0	27000	P1-19-19	0	-
534	60.757812	60.938802	Bb6	77	80	0	0	27060	P1-19-20	0	-
535	60.912760	61.359375	G3	53	80	0	0	27120	P1-19-40	0	-
536	60.923177	61.489583	Cb6	72	80	0	0	27120	P1-19-21	0	-
537	60.932292	61.549479	Eb4	44	80	0	0	27120	P1-19-41	0	-
538	61.066406	61.279948	Cb7	80	80	0	0	27180	P1-19-22	0	-
539	61.229167	61.489583	Eb6	61	80	0	0	27240	P1-19-23	0	-
540	61.371094	61.899740	Cb7	80	80	0	0	27300	P1-19-24	0	-
541	61.677083	63.369792	C7	93	80	0	0	27360	P1-20-1	0	-
542	61.977865	62.679688	Ab5	52	80	0	0	27480	P1-20-8	0	-
543	62.235677	65.000000	Ab4	54	80	0	0	27600	P1-20-9	0	-
544	62.502604	62.889323	C6	52	80	0	0	27720	P1-20-2	0	-
545	62.761719	64.348958	Bb6	83	80	0	0	27840	P1-20-3	0	-
546	63.019531	63.559896	G5	52	80	0	0	27960	P1-20-11	0	-
547	63.283854	64.348958	G4	44	80	0	0	28080	P1-20-12	0	-
548	63.515625	64.119792	Bb5	58	80	0	0	28200	P1-20-4	0	-
549	63.759115	64.968750	Ab6	73	80	0	0	28320	P1-20-5	0	-
550	64.015625	64.569010	F5	47	80	0	0	28440	P1-20-14	0	-
551	64.264323	65.598958	F4	42	80	0	0	28560	P1-20-15	0	-
552	64.489583	65.000000	A6	80	80	0	0	28680	P1-20-6	0	-
553	64.768229	66.128906	Bb6	77	80	0	0	28800	P1-21-1	0	-
554	65.014323	65.628906	G5	50	80	0	0	28920	P1-21-10	0	-
555	65.264323	66.289062	G4	41	80	0	0	29040	P1-21-11	0	-
556	65.522135	66.039062	Bb5	54	80	0	0	29160	P1-21-2	0	-
557	65.765625	66.959635	Ab6	71	80	0	0	29280	P1-21-3	0	-
558	66.014323	66.509115	F5	49	80	0	0	29400	P1-21-13	0	-
559	66.268229	66.777344	F4	48	80	0	0	29520	P1-21-14	0	-
560	66.488281	66.777344	Ab5	53	80	0	0	29640	P1-21-4	0	-
561	66.746094	67.229167	G6	68	80	0	0	29760	P1-21-5	0	-
562	66.759115	67.269531	Eb5	48	80	0	0	29760	P1-21-15	0	-
563	66.993490	67.281250	G5	69	80	0	0	29880	P1-21-6	0	-
564	67.041667	67.242188	Eb4	43	80	0	0	29880	P1-21-16	0	-
565	67.250000	67.554688	Ab5	79	80	0	0	30000	P1-21-7	0	-
566	67.270833	67.553385	F4	45	80	0	0	30000	P1-21-17	0	-
567	67.507812	67.829427	Bb5	83	80	0	0	30120	P1-21-8	0	-
568	67.507812	67.929688	G4	51	80	0	0	30120	P1-21-18	0	-
569	67.803385	68.109375	D6	78	80	0	0	30240	P1-22-1	0	-
570	68.076823	68.649740	C6	70	80	0	0	30360	P1-22-2	0	-
571	68.093750	68.299479	Bb4	50	80	0	0	30360	P1-22-11	0	-
572	68.354167	68.899740	Ab4	50	80	0	0	30480	P1-22-12	0	-
573	68.593750	69.229167	C5	59	80	0	0	30600	P1-22-3	0	-
574	68.648438	69.049479	Ab3	38	80	0	0	30600	P1-22-13	0	-
575	68.855469	69.151042	C6	66	80	0	0	30720	P1-22-4	0	-
576	69.128906	69.779948	Bb5	64	80	0	0	30840	P1-22-5	0	-
577	69.143229	69.579427	Ab4	47	80	0	0	30840	P1-22-15	0	-
578	69.397135	69.899740	G4	55	80	0	0	30960	P1-22-16	0	-
579	69.653646	70.259115	Bb4	55	80	0	0	31080	P1-22-6	0	-
580	69.662760	69.899740	G3	44	80	0	0	31080	P1-22-17	0	-
581	69.919271	70.226562	Bb5	74	80	0	0	31200	P1-22-7	0	-
582	70.190104	70.722656	Ab5	79	80	0	0	31320	P1-22-8	0	-
583	70.192708	70.649740	G4	54	80	0	0	31320	P1-22-19	0	-
584	70.446615	70.704427	F4	61	80	0	0	31440	P1-22-20	0	-
585	70.678385	70.979167	A5	80	80	0	0	31560	P1-22-9	0	-
586	70.713542	71.319010	Gb4	53	80	0	0	31560	P1-22-21	0	-
587	70.963542	71.276042	C6	78	80	0	0	31680	P1-23-1	0	-
588	71.227865	71.878906	Bb5	76	80	0	0	31800	P1-23-2	0	-
589	71.256510	71.468750	Ab4	49	80	0	0	31800	P1-23-16	0	-
590	71.514323	71.889323	G4	52	80	0	0	31920	P1-23-17	0	-
591	71.757812	72.029948	Bb4	64	80	0	0	32040	P1-23-3	0	-
592	71.761719	72.061198	G3	45	80	0	0	32040	P1-23-18	0	-
593	72.035156	72.589844	Bb5	71	80	0	0	32160	P1-23-4	0	-
594	72.041667	72.119792	Bb4	51	80	0	0	32160	*	3	-
595	72.308594	73.289062	Ab5	72	80	0	0	32280	P1-23-5	0	-
596	72.313802	72.589844	G4	46	80	0	0	32280	P1-23-20	0	-
597	72.572917	72.628906	F4	43	80	0	0	32400	P1-23-21	0	-
598	72.643229	72.938802	F4	29	80	0	0	32400	*	3	-
599	72.850260	73.039062	Ab4	57	80	0	0	32520	P1-23-6	0	-
600	72.854167	73.089844	F3	47	80	0	0	32520	P1-23-22	0	-
601	73.205729	73.498698	G5	64	80	0	0	32640	P1-23-7	0	-
602	73.207031	73.501302	Eb4	50	80	0	0	32640	P1-23-24	0	-
603	73.212240	73.486979	G3	47	80	0	0	32640	P1-23-23	0	-
604	73.213542	73.598958	Bb4	56	80	0	0	32640	P1-23-13	0	-
605	73.493490	73.739583	F5	71	80	0	0	32760	P1-23-8	0	-
606	73.494792	73.554688	D4	48	80	0	0	32760	P1-23-26	0	-
607	73.502604	73.658854	Ab3	55	80	0	0	32760	P1-23-25	0	-
608	73.733073	74.024740	G5	81	80	0	0	32880	P1-23-9	0	-
609	73.751302	74.119792	Bb4	70	80	0	0	32880	P1-23-14	0	-
610	73.755208	74.049479	G3	55	80	0	0	32880	P1-23-27	0	-
611	73.757812	74.049479	Eb4	57	80	0	0	32880	P1-23-28	0	-
612	73.996094	74.325521	F5	81	80	0	0	33000	P1-23-10	0	-
613	74.015625	74.158854	D4	56	80	0	0	33000	P1-23-30	0	-
614	74.015625	74.239583	Ab3	56	80	0	0	33000	P1-23-29	0	-
615	74.207031	75.559896	G3	48	80	0	0	33120	P1-24-13	0	-
616	74.309896	75.639323	G5	80	80	0	0	33120	P1-24-2	0	-
617	74.326823	75.569010	Eb4	60	80	0	0	33120	P1-24-14	0	-
618	74.328125	75.158854	Bb4	62	80	0	0	33120	P1-24-1	0	-
619	75.489583	76.239583	F5	68	80	0	0	33600	P1-24-4	0	-
620	75.492188	76.209635	D4	45	80	0	0	33600	P1-24-16	0	-
621	75.506510	76.209635	Bb4	48	80	0	0	33600	P1-24-3	0	-
622	75.522135	76.229167	Ab3	43	80	0	0	33600	P1-24-15	0	-
623	76.522135	76.968750	Bb5	77	80	0	0	34080	P1-24-6	0	-
624	76.524740	76.864583	Eb4	48	80	0	0	34080	P1-24-18	0	-
625	76.527344	76.891927	G3	48	80	0	0	34080	P1-24-17	0	-
626	76.528646	76.929688	Bb4	63	80	0	0	34080	P1-24-5	0	-
627	76.842448	77.059896	A5	78	80	0	0	34200	P1-24-8	0	-
628	76.869792	77.089844	Eb5	62	80	0	0	34200	P1-24-7	0	-
629	76.872396	77.109375	C4	52	80	0	0	34200	P1-24-20	0	-
630	76.873698	77.109375	F3	57	80	0	0	34200	P1-24-19	0	-
631	77.134115	77.509115	Bb5	86	80	0	0	34320	P1-24-10	0	-
632	77.140625	77.468750	Bb4	76	80	0	0	34320	P1-24-9	0	-
633	77.143229	77.539062	Eb4	56	80	0	0	34320	P1-24-22	0	-
634	77.143229	77.434896	G3	56	80	0	0	34320	P1-24-21	0	-
635	77.424479	77.809896	A5	85	80	0	0	34440	P1-24-12	0	-
636	77.454427	77.688802	C4	48	80	0	0	34440	P1-24-24	0	-
637	77.454427	78.479167	Eb5	62	80	0	0	34440	P1-24-11	0	-
638	77.457031	77.614583	F3	51	80	0	0	34440	P1-24-23	0	-
639	77.638021	78.299479	G3	51	80	0	0	34560	P1-25-16	0	-
640	77.778646	78.269531	Bb3	55	80	0	0	34560	P1-25-17	0	-
641	77.838542	78.929688	Bb5	85	80	0	0	34560	P1-25-8	0	-
642	77.858073	78.408854	Bb4	62	80	0	0	34560	P1-25-6	0	-
643	77.867188	78.289062	Eb4	47	80	0	0	34560	P1-25-18	0	-
644	78.746094	78.869792	F3	35	80	0	0	35040	P1-25-42	0	-
645	78.837240	78.938802	G3	45	80	0	0	35070	P1-25-20	0	-
646	78.893229	79.002604	A4	53	80	0	0	35040	P1-25-9	0	-
647	78.938802	79.079427	F3	31	80	0	0	35100	P1-25-43	0	-
648	79.032552	80.269531	Eb5	54	80	0	0	35100	P1-25-10	0	-
649	79.033854	79.339844	G3	50	80	0	0	35130	P1-25-21	0	-
650	79.156250	79.169271	F3	44	80	0	0	35160	P1-25-44	0	-
651	79.158854	80.419271	C6	77	80	0	0	35160	P1-25-3	0	-
652	79.312500	79.376302	F3	41	80	0	0	35220	P1-25-45	0	-
653	79.347656	79.489583	Bb3	36	80	0	0	-1	*	3	-
654	79.433594	79.481771	G3	35	80	0	0	35250	P1-25-24	0	-
655	79.505208	79.572917	F3	45	80	0	0	35280	P1-25-46	0	-
656	79.618490	79.683594	G3	49	80	0	0	35310	P1-25-26	0	-
657	79.703125	79.773438	F3	54	80	0	0	35340	P1-25-59	0	-
658	79.795573	80.019531	G3	52	80	0	0	35360	P1-25-28	0	-
659	79.944010	80.069010	F3	47	80	0	0	35460	P1-25-48	0	-
660	80.059896	80.269531	Eb3	65	80	0	0	35520	P1-25-49	0	-
661	80.200521	80.257812	F3	50	80	0	0	35550	P1-25-31	0	-
662	80.274740	80.324219	Eb3	50	80	0	0	35580	P1-25-50	0	-
663	80.368490	80.438802	F3	51	80	0	0	35610	P1-25-32	0	-
664	80.385417	80.500000	A4	53	80	0	0	35760	P1-25-13	0	-
665	80.464844	80.628906	Eb3	54	80	0	0	35640	P1-25-51	0	-
666	80.472656	81.369792	F5	58	80	0	0	35820	P1-25-14	0	-
667	80.553385	80.639323	F3	53	80	0	0	35670	P1-25-34	0	-
668	80.584635	81.639323	C6	88	80	0	0	35880	P1-25-15	0	-
669	80.636719	80.697917	Eb3	56	80	0	0	35700	P1-25-52	0	-
670	80.731771	80.802083	F3	61	80	0	0	35730	P1-25-35	0	-
671	80.815104	80.884115	Eb3	63	80	0	0	35760	P1-25-53	0	-
672	80.933594	80.985677	F3	48	80	0	0	35790	P1-25-37	0	-
673	80.986979	81.039062	Eb3	62	80	0	0	35820	P1-25-62	0	-
674	81.074219	81.250000	D3	72	80	0	0	35880	P1-25-54	0	-
675	81.171875	81.253906	Eb3	69	80	0	0	35940	P1-25-55	0	-
676	81.414062	81.549479	Bb4	57	80	0	0	36240	P1-26-7	0	-
677	81.492188	82.269531	F5	65	80	0	0	36300	P1-26-8	0	-
678	81.492188	81.550781	Eb3	52	80	0	0	36030	P1-26-20	0	-
679	81.606771	82.239583	D6	83	80	0	0	36360	P1-26-9	0	-
680	81.643229	81.675781	Eb3	54	80	0	0	36090	P1-26-21	0	-
681	81.790365	81.847656	Eb3	68	80	0	0	36150	P1-26-23	0	-
682	81.894531	81.936198	D3	43	80	0	0	36180	P1-26-55	0	-
683	81.953125	82.033854	Eb3	57	80	0	0	36210	P1-26-24	0	-
684	82.057292	82.140625	D3	65	80	0	0	36300	P1-26-75	0	-
685	82.157552	82.236979	C3	73	80	0	0	36360	P1-26-57	0	-
686	82.235677	82.303385	D3	57	80	0	0	36420	P1-26-58	0	-
687	82.334635	82.559896	C3	58	80	0	0	36480	P1-26-59	0	-
688	82.420573	82.529948	C5	63	80	0	0	36720	P1-26-12	0	-
689	82.424479	82.481771	D3	51	80	0	0	36510	P1-26-31	0	-
690	82.509115	82.709635	F5	74	80	0	0	36780	P1-26-13	0	-
691	82.606771	82.670573	D3	61	80	0	0	36570	P1-26-32	0	-
692	82.613281	83.289062	Eb6	93	80	0	0	36840	P1-26-14	0	-
693	82.694010	82.761719	C3	63	80	0	0	36600	P1-26-61	0	-
694	82.777344	82.873698	D3	71	80	0	0	36630	P1-26-34	0	-
695	82.893229	82.981771	C3	60	80	0	0	36660	P1-26-62	0	-
696	83.002604	83.128906	D3	61	80	0	0	36690	P1-26-35	0	-
697	83.126302	83.218750	C3	70	80	0	0	36780	P1-26-78	0	-
698	83.128906	83.233073	Bb2	74	80	0	0	36840	P1-26-64	0	-
699	83.265625	83.343750	C3	63	80	0	0	36900	P1-26-65	0	-
700	83.335938	83.438802	Bb2	61	80	0	0	36960	P1-26-66	0	-
701	83.364583	83.479167	D5	59	80	0	0	37200	P1-26-17	0	-
702	83.425781	83.486979	C3	56	80	0	0	36990	P1-26-42	0	-
703	83.466146	83.809896	F5	72	80	0	0	37260	P1-26-18	0	-
704	83.505208	83.572917	Bb2	58	80	0	0	37020	P1-26-67	0	-
705	83.588542	84.679688	F6	88	80	0	0	37320	P1-26-5	0	-
706	83.595052	83.678385	C3	71	80	0	0	37050	P1-26-43	0	-
707	83.687500	83.773438	Bb2	56	80	0	0	37080	P1-26-68	0	-
708	83.776042	83.858073	C3	70	80	0	0	37110	P1-26-45	0	-
709	83.864583	83.953125	Bb2	71	80	0	0	37140	P1-26-69	0	-
710	83.975260	84.098958	C3	56	80	0	0	37170	P1-26-46	0	-
711	84.033854	84.093750	Bb2	56	80	0	0	37200	P1-26-70	0	-
712	84.105469	84.259115	Ab2	73	80	0	0	37230	P1-26-48	1	-
713	84.203125	84.257812	Bb2	67	80	0	0	37260	P1-26-81	0	-
714	84.264323	84.339844	Ab2	50	80	0	0	37320	P1-26-71	0	-
715	84.352865	84.509115	Bb2	67	80	0	0	37590	P1-27-13	0	-
716	84.442708	84.519531	Ab2	61	80	0	0	37620	P1-27-43	0	-
717	84.516927	84.593750	Bb2	72	80	0	0	37650	P1-27-14	0	-
718	84.527344	84.619792	Ab2	79	80	0	0	37680	P1-27-44	0	-
719	84.559896	85.089844	G6	100	80	0	0	37680	P1-27-5	0	-
720	84.632812	84.789062	Ab2	65	80	0	0	37740	P1-27-45	0	-
721	84.714844	84.785156	Bb2	58	80	0	0	37770	P1-27-17	0	-
722	84.803385	84.854167	Ab2	56	80	0	0	37800	P1-27-46	0	-
723	84.872396	85.039062	Bb2	62	80	0	0	37830	P1-27-19	0	-
724	84.971354	85.036458	Ab2	67	80	0	0	37860	P1-27-47	0	-
725	85.040365	85.769531	Ab6	99	80	0	0	37920	P1-27-6	0	-
726	85.046875	85.199219	Bb2	68	80	0	0	37890	P1-27-20	0	-
727	85.161458	85.236979	Ab2	68	80	0	0	37920	P1-27-48	0	-
728	85.247396	85.378906	Bb2	60	80	0	0	37950	P1-27-22	0	-
729	85.321615	85.429688	Ab2	62	80	0	0	37980	P1-27-49	0	-
730	85.393229	85.500000	Bb2	61	80	0	0	38010	P1-27-23	0	-
731	85.496094	85.598958	Ab2	56	80	0	0	38040	P1-27-50	0	-
732	85.591146	85.683594	Bb2	58	80	0	0	38070	P1-27-25	0	-
733	85.595052	86.149740	A6	94	80	0	0	38160	P1-27-7	0	-
734	85.684896	85.756510	Ab2	61	80	0	0	38100	P1-27-51	0	-
735	85.783854	85.848958	Bb2	66	80	0	0	38130	P1-27-26	0	-
736	85.861979	86.059896	Ab2	62	80	0	0	38160	P1-27-52	0	-
737	85.971354	86.079427	Bb2	57	80	0	0	38190	P1-27-28	0	-
738	86.065104	86.359375	Ab2	55	80	0	0	38220	P1-27-53	0	-
739	86.082031	88.209635	Bb6	98	80	0	0	38400	P1-27-8	0	-
740	86.223958	86.229167	Bb2	47	80	0	0	38250	P1-27-29	0	-
741	86.384115	86.501302	G2	65	80	0	0	38280	P1-27-54	1	-
742	86.493490	86.592448	Ab2	71	80	0	0	38340	P1-27-55	0	-
743	86.587240	86.701823	Bb2	75	80	0	0	38640	P1-27-36	0	-
744	86.682292	86.791667	Ab2	71	80	0	0	38700	P1-27-37	0	-
745	86.791667	86.911458	G2	75	80	0	0	38760	P1-27-38	0	-
746	86.895833	87.006510	F2	70	80	0	0	38820	P1-27-39	0	-
747	87.037760	87.144531	Eb2	71	80	0	0	38880	P1-28-11	0	-
748	87.360677	87.519531	Eb3	59	80	0	0	39000	P1-28-12	0	-
749	87.394531	87.539062	G3	50	80	0	0	39000	P1-28-13	0	-
750	87.640625	87.872396	G4	68	80	0	0	39120	P1-28-3	0	-
751	87.643229	87.899740	G3	52	80	0	0	39120	P1-28-15	0	-
752	87.644531	87.839844	Eb3	53	80	0	0	39120	P1-28-14	0	-
753	87.894531	88.014323	D3	66	80	0	0	39240	P1-28-16	0	-
754	87.911458	88.016927	Eb3	66	80	0	0	39240	P1-28-17	0	-
755	87.911458	88.015625	G3	51	80	0	0	39240	P1-28-18	0	-
756	88.121094	88.229167	D3	59	80	0	0	39360	P1-28-19	0	-
757	88.134115	88.253906	G3	66	80	0	0	39360	P1-28-21	0	-
758	88.140625	88.252604	Eb3	60	80	0	0	39360	P1-28-20	0	-
759	88.355469	88.497396	G3	69	80	0	0	39480	P1-28-24	0	-
760	88.355469	88.505208	C3	72	80	0	0	39480	P1-28-22	0	-
761	88.361979	88.505208	Eb3	76	80	0	0	39480	P1-28-23	0	-
762	88.593750	88.691406	G3	76	80	0	0	39600	P1-28-27	0	-
763	88.593750	88.712240	C3	64	80	0	0	39600	P1-28-25	0	-
764	88.604167	88.809896	Eb3	57	80	0	0	39600	P1-28-26	0	-
765	88.819010	88.954427	Eb3	60	80	0	0	39720	P1-28-29	0	-
766	88.820312	88.942708	G3	62	80	0	0	39720	P1-28-30	0	-
767	88.822917	89.067708	G4	84	80	0	0	39720	P1-28-6	0	-
768	88.828125	88.967448	Bb2	61	80	0	0	39720	P1-28-28	0	-
769	89.037760	89.309896	Ab4	87	80	0	0	39840	P1-28-7	0	-
770	89.053385	89.299479	G3	57	80	0	0	39840	P1-28-33	0	-
771	89.082031	89.309896	Eb3	57	80	0	0	39840	P1-28-32	0	-
772	89.083333	89.253906	Bb2	58	80	0	0	39840	P1-28-31	0	-
773	89.274740	89.589844	Bb4	90	80	0	0	39960	P1-28-8	0	-
774	89.313802	89.408854	G3	60	80	0	0	39960	P1-28-36	0	-
775	89.321615	89.425781	Eb3	64	80	0	0	39960	P1-28-35	0	-
776	89.324219	89.434896	Ab2	64	80	0	0	39960	P1-28-34	0	-
777	89.503906	89.644531	C5	85	80	0	0	40080	P1-28-9	0	-
778	89.526042	89.634115	G3	61	80	0	0	40080	P1-28-39	0	-
779	89.537760	89.649740	Eb3	60	80	0	0	40080	P1-28-38	0	-
780	89.539062	89.644531	G2	62	80	0	0	40080	P1-28-37	0	-
781	89.755208	90.098958	D5	93	80	0	0	40200	P1-28-10	0	-
782	89.776042	89.863281	G3	64	80	0	0	40200	P1-28-42	0	-
783	89.783854	90.158854	Eb3	57	80	0	0	40200	P1-28-41	0	-
784	89.783854	90.569010	G2	61	80	0	0	40200	P1-28-40	0	-
785	90.070312	90.759115	Eb5	91	80	0	0	40320	P1-29-1	0	-
786	90.390625	90.497396	G3	61	80	0	0	40440	P1-29-12	0	-
787	90.397135	90.511719	Eb3	59	80	0	0	40440	P1-29-11	0	-
788	90.645833	91.269531	Bb4	80	80	0	0	40560	P1-29-2	0	-
789	90.661458	90.768229	G3	55	80	0	0	40560	P1-29-14	0	-
790	90.682292	90.768229	Eb3	49	80	0	0	40560	P1-29-13	0	-
791	90.882812	90.983073	D3	69	80	0	0	40680	P1-29-15	0	-
792	90.890625	90.993490	G3	61	80	0	0	40680	P1-29-17	0	-
793	90.893229	91.000000	Eb3	68	80	0	0	40680	P1-29-16	0	-
794	91.095052	91.216146	D3	68	80	0	0	40800	P1-29-18	0	-
795	91.104167	91.231771	Eb3	66	80	0	0	40800	P1-29-19	0	-
796	91.111979	91.217448	G3	67	80	0	0	40800	P1-29-20	0	-
797	91.328125	91.462240	C3	73	80	0	0	40920	P1-29-21	0	-
798	91.352865	91.455729	G3	71	80	0	0	40920	P1-29-23	0	-
799	91.354167	91.462240	Eb3	69	80	0	0	40920	P1-29-22	0	-
800	91.563802	91.684896	G3	71	80	0	0	41040	P1-29-26	0	-
801	91.563802	91.686198	C3	72	80	0	0	41040	P1-29-24	0	-
802	91.576823	91.688802	Eb3	67	80	0	0	41040	P1-29-25	0	-
803	91.753906	92.039062	D5	84	80	0	0	41160	P1-29-5	0	-
804	91.783854	91.906250	G3	63	80	0	0	41160	P1-29-29	0	-
805	91.785156	91.933594	Eb3	61	80	0	0	41160	P1-29-28	0	-
806	91.798177	91.923177	Bb2	61	80	0	0	41160	P1-29-27	0	-
807	91.998698	92.259115	Eb5	83	80	0	0	41280	P1-29-6	0	-
808	92.024740	92.121094	G3	62	80	0	0	41280	P1-29-32	0	-
809	92.033854	92.141927	Bb2	64	80	0	0	41280	P1-29-30	0	-
810	92.035156	92.134115	Eb3	58	80	0	0	41280	P1-29-31	0	-
811	92.240885	92.539062	F5	88	80	0	0	41400	P1-29-7	0	-
812	92.259115	92.364583	G3	62	80	0	0	41400	P1-29-35	0	-
813	92.260417	92.377604	Ab2	64	80	0	0	41400	P1-29-33	0	-
814	92.484375	92.889323	G5	88	80	0	0	41520	P1-29-8	0	-
815	92.486979	92.626302	G3	64	80	0	0	41520	P1-29-38	0	-
816	92.490885	92.644531	Eb3	62	80	0	0	41520	P1-29-37	0	-
817	92.493490	92.639323	G2	65	80	0	0	41520	P1-29-36	0	-
818	92.747396	92.962240	Ab5	91	80	0	0	41640	P1-29-9	0	-
819	92.760417	92.953125	G3	64	80	0	0	41640	P1-29-41	0	-
820	92.776042	93.000000	Eb3	56	80	0	0	41640	P1-29-40	0	-
821	92.779948	92.962240	G2	59	80	0	0	41640	P1-29-39	0	-
822	93.075521	93.639323	G2	68	80	0	0	41760	P1-30-10	0	-
823	93.075521	93.750000	Bb5	90	80	0	0	41760	P1-30-1	0	-
824	93.078125	93.158854	Eb3	66	80	0	0	41760	*	3	-
825	93.404948	93.526042	G3	72	80	0	0	41880	P1-30-12	0	-
826	93.406250	93.526042	Eb3	72	80	0	0	41880	P1-30-11	0	-
827	93.700521	93.894531	Eb3	68	80	0	0	42000	P1-30-13	0	-
828	93.704427	93.881510	G3	68	80	0	0	42000	P1-30-14	0	-
829	93.705729	94.579427	Eb5	81	80	0	0	42000	P1-30-2	0	-
830	93.989583	94.149740	Eb3	72	80	0	0	42120	P1-30-16	0	-
831	93.993490	94.144531	G3	68	80	0	0	42120	P1-30-17	0	-
832	94.003906	94.145833	D3	73	80	0	0	42120	P1-30-15	0	-
833	94.003906	94.009115	Bb2	60	80	0	0	42120	*	3	-
834	94.248698	94.388021	D3	61	80	0	0	42240	P1-30-18	0	-
835	94.251302	94.382812	G3	66	80	0	0	42240	P1-30-20	0	-
836	94.253906	94.390625	Eb3	62	80	0	0	42240	P1-30-19	0	-
837	94.494792	94.621094	C3	70	80	0	0	42360	P1-30-21	0	-
838	94.494792	94.614583	G3	65	80	0	0	42360	P1-30-23	0	-
839	94.503906	94.622396	Eb3	66	80	0	0	42360	P1-30-22	0	-
840	94.736979	94.864583	G3	63	80	0	0	42480	P1-30-26	0	-
841	94.743490	95.009115	C3	61	80	0	0	42480	P1-30-24	0	-
842	94.744792	94.968750	Eb3	63	80	0	0	42480	P1-30-25	0	-
843	94.954427	95.299479	Eb6	86	80	0	0	42600	P1-30-5	0	-
844	94.975260	95.101562	G3	57	80	0	0	42600	P1-30-29	0	-
845	94.976562	95.111979	Eb3	61	80	0	0	42600	P1-30-28	0	-
846	94.977865	95.121094	Bb2	65	80	0	0	42600	P1-30-27	0	-
847	95.204427	95.500000	F6	84	80	0	0	42720	P1-30-6	0	-
848	95.222656	95.468750	G3	63	80	0	0	42720	P1-30-32	0	-
849	95.225260	95.479167	Bb2	53	80	0	0	42720	P1-30-30	0	-
850	95.225260	95.479167	Eb3	51	80	0	0	42720	P1-30-31	0	-
851	95.455729	95.848958	G6	91	80	0	0	42840	P1-30-7	0	-
852	95.476562	95.613281	G3	54	80	0	0	42840	P1-30-35	0	-
853	95.493490	95.634115	Eb3	55	80	0	0	42840	P1-30-34	0	-
854	95.493490	95.859375	Bb2	52	80	0	0	42840	P1-30-33	1	-
855	95.713542	96.049479	Ab6	84	80	0	0	42960	P1-30-8	0	-
856	95.736979	96.049479	G3	47	80	0	0	42960	P1-30-38	0	-
857	95.744792	96.059896	Eb3	49	80	0	0	42960	P1-30-37	0	-
858	95.746094	95.759115	G2	50	80	0	0	42960	P1-30-36	0	-
859	95.757812	96.039062	G#2	54	80	0	0	-1	*	3	-
860	96.052083	96.718750	Bb6	90	80	0	0	43080	P1-30-9	0	-
861	96.061198	96.319010	G3	45	80	0	0	43080	P1-30-41	0	-
862	96.070312	96.429688	G2	46	80	0	0	43080	P1-30-39	0	-
863	96.071615	96.438802	Eb3	46	80	0	0	43080	P1-30-40	0	-
864	96.433594	97.269531	C7	91	80	0	0	43200	P1-31-1	0	-
865	96.451823	97.769531	Eb3	51	80	0	0	43200	P1-31-10	0	-
866	96.454427	97.769531	Ab2	44	80	0	0	43200	P1-31-9	0	-
867	96.462240	97.559896	F3	41	80	0	0	43200	P1-31-11	0	-
868	97.996094	98.289062	F4	66	80	0	0	44040	P1-31-4	0	-
869	98.031250	98.289062	F3	39	80	0	0	44040	P1-31-16	0	-
870	98.035156	98.378906	Eb3	40	80	0	0	44040	P1-31-15	0	-
871	98.044271	98.359375	A2	39	80	0	0	44040	P1-31-14	0	-
872	98.266927	98.949219	Bb4	64	80	0	0	44160	P1-31-6	0	-
873	98.295573	99.139323	F4	41	80	0	0	44160	P1-31-5	0	-
874	98.311198	99.069010	D3	36	80	0	0	44160	P1-31-18	0	-
875	98.311198	98.968750	Bb3	35	80	0	0	44160	*	3	-
876	98.313802	98.929688	Bb2	33	80	0	0	44160	P1-31-17	0	-
877	98.316406	98.399740	F3	31	80	0	0	44160	P1-31-19	0	-
878	99.114583	99.579427	Bb4	69	80	0	0	44520	P1-31-8	0	-
879	99.138021	99.559896	Bb2	40	80	0	0	44520	P1-31-20	0	-
880	99.148438	99.559896	D3	38	80	0	0	44520	P1-31-21	0	-
881	99.149740	100.500000	F4	41	80	0	0	44520	P1-31-7	0	-
882	99.481771	100.848958	A4	57	80	0	0	44640	P1-32-2	0	-
883	99.484375	100.819010	C3	40	80	0	0	44640	P1-32-9	0	-
884	99.497396	99.509115	A3	38	80	0	0	44640	P1-32-1	1	-
885	99.505208	100.848958	Eb3	37	80	0	0	44640	P1-32-10	0	-
886	100.729167	102.000000	Ab4	55	80	0	0	45120	P1-32-4	0	-
887	100.742188	101.919271	F4	41	80	0	0	45120	P1-32-3	0	-
888	100.747396	101.438802	Cb4	36	80	0	0	45120	P1-32-12	0	-
889	100.752604	101.769531	D3	33	80	0	0	45120	P1-32-11	0	-
890	101.902344	102.179688	G4	52	80	0	0	45600	P1-32-5	0	-
891	101.910156	102.169271	Eb3	38	80	0	0	45600	P1-32-13	0	-
892	101.911458	102.158854	Bb3	37	80	0	0	45600	P1-32-14	0	-
893	102.766927	103.250000	Eb6	80	80	0	0	45720	P1-32-6	0	-
894	102.776042	103.119792	G4	43	80	0	0	45720	P1-32-16	0	-
895	102.783854	103.075521	Eb4	40	80	0	0	45720	P1-32-15	0	-
896	103.095052	103.432292	F4	50	80	0	0	45840	P1-32-17	0	-
897	103.113281	103.444010	Ab4	59	80	0	0	45840	P1-32-18	0	-
898	103.115885	103.559896	D6	71	80	0	0	45840	P1-32-7	0	-
899	103.424479	103.752604	Db6	76	80	0	0	45960	P1-32-8	0	-
900	103.427083	103.829427	Bb4	60	80	0	0	45960	P1-32-20	0	-
901	103.433594	103.769531	G4	58	80	0	0	45960	P1-32-19	0	-
902	103.750000	104.389323	C5	57	80	0	0	46080	P1-33-22	0	-
903	103.751302	103.992188	C6	67	80	0	0	46080	P1-33-1	0	-
904	103.755208	104.739583	Ab4	49	80	0	0	46080	P1-33-21	0	-
905	103.970052	104.160156	Bb5	67	80	0	0	46140	P1-33-2	0	-
906	104.114583	104.204427	Ab5	67	80	0	0	46200	P1-33-3	0	-
907	104.223958	104.313802	G5	64	80	0	0	46260	P1-33-4	0	-
908	104.329427	104.425781	Gb5	64	80	0	0	46320	P1-33-5	0	-
909	104.442708	104.598958	F5	68	80	0	0	46380	P1-33-6	0	-
910	104.550781	104.654948	E5	63	80	0	0	46440	P1-33-7	0	-
911	104.671875	104.761719	Eb5	65	80	0	0	46500	P1-33-8	0	-
912	104.772135	104.872396	D5	61	80	0	0	46560	P1-33-9	0	-
913	104.885417	104.977865	Db5	67	80	0	0	46620	P1-33-10	0	-
914	105.003906	105.069010	C5	62	80	0	0	46680	P1-33-11	0	-
915	105.102865	105.212240	Cb5	65	80	0	0	46740	P1-33-12	0	-
916	105.222656	105.378906	Bb4	66	80	0	0	46800	P1-33-13	0	-
917	105.334635	105.519531	Ab4	69	80	0	0	46860	P1-33-14	0	-
918	105.466146	105.609375	G4	72	80	0	0	46920	P1-33-15	0	-
919	105.523438	105.709635	F3	47	80	0	0	46920	P1-33-27	0	-
920	105.524740	105.779948	Eb3	51	80	0	0	46920	P1-33-26	0	-
921	105.532552	105.779948	A2	46	80	0	0	46920	P1-33-25	0	-
922	105.598958	105.878906	F4	74	80	0	0	46980	P1-33-16	0	-
923	105.842448	106.589844	Bb4	67	80	0	0	47040	P1-33-18	0	-
924	105.877604	106.709635	Bb2	34	80	0	0	47040	P1-33-28	0	-
925	105.880208	106.859375	F3	37	80	0	0	47040	P1-33-29	0	-
926	105.882812	106.489583	D4	41	80	0	0	47040	P1-33-17	0	-
927	106.941406	107.519531	Bb4	58	80	0	0	47400	P1-33-20	0	-
928	106.972656	107.598958	Ab3	43	80	0	0	47400	P1-33-31	0	-
929	106.976562	107.628906	D4	40	80	0	0	47400	P1-33-19	0	-
930	106.977865	107.669271	Bb2	37	80	0	0	47400	P1-33-30	0	-
931	107.524740	108.209635	Bb4	59	80	0	0	47520	P1-34-1	0	-
932	107.539062	108.147135	G3	43	80	0	0	47520	P1-34-21	0	-
933	107.544271	108.709635	Eb3	41	80	0	0	47520	P1-34-30	0	-
934	107.548177	109.979167	Eb4	48	80	0	0	47520	P1-34-4	0	-
935	108.153646	108.455729	C5	61	80	0	0	47760	P1-34-6	0	-
936	108.162760	108.269531	Ab3	37	80	0	0	47760	P1-34-22	0	-
937	108.425781	108.712240	Bb4	65	80	0	0	47880	P1-34-8	0	-
938	108.445312	108.713542	G3	44	80	0	0	47880	P1-34-23	0	-
939	108.677083	108.962240	Ab4	66	80	0	0	48000	P1-34-10	0	-
940	108.704427	108.959635	F3	38	80	0	0	48000	P1-34-24	0	-
941	108.933594	109.175781	G4	65	80	0	0	48120	P1-34-12	0	-
942	108.963542	109.214844	Eb3	48	80	0	0	48120	P1-34-25	0	-
943	108.970052	109.019531	F3	43	80	0	0	48120	P1-34-11	1	-
944	109.182292	109.436198	F4	62	80	0	0	48240	P1-34-14	0	-
945	109.205729	109.440104	D3	46	80	0	0	48240	P1-34-26	0	-
946	109.434896	109.662760	G4	60	80	0	0	48360	P1-34-16	0	-
947	109.445312	109.700521	Eb3	46	80	0	0	48360	P1-34-27	0	-
948	109.669271	110.609375	Ab4	61	80	0	0	48480	P1-34-3	0	-
949	109.713542	110.688802	Bb2	35	80	0	0	48480	P1-34-28	0	-
950	109.726562	110.119792	F3	32	80	0	0	48480	P1-34-29	0	-
951	109.942708	110.489583	C4	51	80	0	0	48600	P1-34-18	0	-
952	110.183594	110.441406	Eb4	44	80	0	0	48720	P1-34-19	0	-
953	110.445312	110.665365	D4	52	80	0	0	48840	P1-34-20	0	-
954	110.657552	111.579427	Eb2	43	80	0	0	48960	P1-35-23	0	-
955	110.674479	110.949219	Eb3	46	80	0	0	48960	P1-35-20	0	-
956	110.687500	111.279948	G4	49	80	0	0	48960	P1-35-5	0	-
957	110.687500	111.139323	Eb4	43	80	0	0	48960	P1-35-4	0	-
958	110.906250	111.196615	Bb3	63	80	0	0	49080	P1-35-6	0	-
959	110.947917	110.959635	G3	39	80	0	0	49080	*	3	-
960	110.963542	111.419271	Eb3	35	80	0	0	49080	*	3	-
961	110.964844	111.222656	G2	39	80	0	0	49080	P1-35-25	0	-
962	111.170573	111.446615	C4	67	80	0	0	49200	P1-35-7	0	-
963	111.183594	111.454427	Ab2	48	80	0	0	49200	P1-35-27	0	-
964	111.402344	111.665365	Bb3	63	80	0	0	49320	P1-35-8	0	-
965	111.407552	111.509115	G3	49	80	0	0	49320	*	3	-
966	111.408854	111.673177	G2	47	80	0	0	49320	P1-35-29	0	-
967	111.428385	111.639323	Eb3	31	80	0	0	49320	*	3	-
968	111.636719	111.893229	Ab3	65	80	0	0	49440	P1-35-9	0	-
969	111.648438	112.029948	F2	45	80	0	0	49440	P1-35-31	0	-
970	111.884115	112.149740	G3	63	80	0	0	49560	P1-35-10	0	-
971	111.884115	112.179688	Eb2	49	80	0	0	49560	P1-35-32	0	-
972	112.125000	112.360677	F3	55	80	0	0	49680	P1-35-11	0	-
973	112.153646	112.429688	D2	40	80	0	0	49680	P1-35-33	0	-
974	112.389323	112.654948	G3	59	80	0	0	49800	P1-35-12	0	-
975	112.404948	112.662760	Eb2	44	80	0	0	49800	P1-35-34	0	-
976	112.634115	112.914062	Eb4	60	80	0	0	49920	P1-35-3	0	-
977	112.640625	113.639323	Ab3	52	80	0	0	49920	P1-35-13	0	-
978	112.643229	112.649740	G#2	49	80	0	0	-1	*	3	-
979	112.653646	113.309896	F2	45	80	0	0	49920	P1-35-36	0	-
980	112.894531	113.145833	C4	68	80	0	0	50040	P1-35-15	0	-
981	113.143229	113.402344	Eb4	68	80	0	0	50160	P1-35-17	0	-
982	113.406250	113.623698	D4	62	80	0	0	50280	P1-35-19	0	-
983	113.641927	113.916667	F4	55	80	0	0	50400	P1-36-16	0	-
984	113.643229	114.299479	G3	46	80	0	0	50400	P1-36-1	0	-
985	113.661458	114.289062	G2	40	80	0	0	50400	P1-36-20	0	-
986	113.665365	114.299479	Eb2	39	80	0	0	50400	P1-36-19	0	-
987	113.916667	114.182292	D4	56	80	0	0	50520	P1-36-3	0	-
988	114.171875	114.453125	F4	63	80	0	0	50640	P1-36-5	0	-
989	114.446615	114.717448	Eb4	61	80	0	0	50760	P1-36-7	0	-
990	114.731771	114.983073	Ab4	63	80	0	0	50880	P1-36-8	0	-
991	114.740885	117.459635	Eb2	35	80	0	0	50880	P1-36-21	0	-
992	114.744792	117.438802	Bb2	35	80	0	0	50880	P1-36-23	0	-
993	114.753906	117.438802	G2	34	80	0	0	50880	P1-36-22	0	-
994	114.990885	115.259115	F4	62	80	0	0	51000	P1-36-9	0	-
995	115.243490	115.503906	Ab4	73	80	0	0	51120	P1-36-10	0	-
996	115.501302	115.794271	G4	63	80	0	0	51240	P1-36-11	0	-
997	115.753906	116.045573	C5	68	80	0	0	51360	P1-36-12	0	-
998	116.023438	116.384115	A4	62	80	0	0	51480	P1-36-13	0	-
999	116.294271	116.550781	C5	59	80	0	0	51600	P1-36-14	0	-
1000	116.557292	116.809896	Bb4	59	80	0	0	51720	P1-36-15	0	-
1001	116.822917	117.139323	F5	63	80	0	0	51840	P1-37-1	0	-
1002	117.078125	117.342448	D5	55	80	0	0	51960	P1-37-2	0	-
1003	117.332031	117.604167	F5	64	80	0	0	52080	P1-37-3	0	-
1004	117.593750	117.893229	Eb5	64	80	0	0	52200	P1-37-4	0	-
1005	117.864583	118.289062	Ab5	64	80	0	0	52320	P1-37-5	0	-
1006	117.889323	118.609375	Eb4	31	80	0	0	52320	P1-37-20	0	-
1007	117.893229	118.609375	G3	35	80	0	0	52320	P1-37-18	0	-
1008	117.894531	118.658854	Bb3	34	80	0	0	52320	P1-37-19	0	-
1009	117.902344	118.669271	Eb3	29	80	0	0	52320	P1-37-17	0	-
1010	118.126302	118.429688	F5	55	80	0	0	52440	P1-37-6	0	-
1011	118.385417	118.819010	Ab5	51	80	0	0	52560	P1-37-7	0	-
1012	118.627604	118.968750	G5	65	80	0	0	52680	P1-37-8	0	-
1013	118.884115	119.204427	C6	68	80	0	0	52800	P1-37-9	0	-
1014	118.893229	119.750000	Bb3	39	80	0	0	52800	P1-37-23	0	-
1015	118.893229	119.598958	G3	41	80	0	0	52800	P1-37-22	0	-
1016	118.893229	119.789062	Eb4	41	80	0	0	52800	P1-37-24	0	-
1017	118.903646	120.089844	Eb3	41	80	0	0	52800	P1-37-21	0	-
1018	119.156250	119.529948	A5	72	80	0	0	52920	P1-37-10	0	-
1019	119.429688	119.752604	C6	74	80	0	0	53040	P1-37-11	0	-
1020	119.712240	120.169271	Bb5	79	80	0	0	53160	P1-37-12	0	-
1021	120.104167	120.718750	Eb3	40	80	0	0	53280	P1-38-5	0	-
1022	120.111979	120.569010	G3	42	80	0	0	53280	P1-38-6	0	-
1023	120.117188	123.789062	Eb6	80	80	0	0	53280	P1-38-1	0	-
1024	120.121094	120.649740	Bb3	43	80	0	0	53280	P1-38-7	0	-
1025	121.244792	123.679688	Eb2	54	80	0	0	53760	P1-38-9	0	-
1026	122.382812	123.639323	Eb5	58	80	0	0	54240	P1-38-4	0	-
1027	122.414062	123.218750	Eb3	38	80	0	0	54240	P1-38-10	0	-
1028	123.627604	126.289062	Db6	59	80	0	0	54720	P1-39-1	0	-
1029	123.640625	126.419271	Db2	23	80	0	0	54720	P1-39-5	0	-
1030	124.800781	126.509115	Db3	30	80	0	0	55200	P1-39-6	0	-
1031	125.886719	126.429688	Db5	47	80	0	0	55680	P1-39-4	0	-
1032	127.028646	127.419271	C2	33	80	0	0	56160	P1-40-6	0	-
1033	127.105469	128.359375	C3	36	80	0	0	56160	P1-40-7	0	-
1034	127.186198	129.549479	C6	78	80	0	0	56160	P1-40-2	0	-
1035	127.200521	129.218750	C5	60	80	0	0	56160	P1-40-1	0	-
1036	127.690104	127.787760	Ab3	33	80	0	0	56280	P1-40-9	0	-
1037	127.694010	127.792969	F3	29	80	0	0	56280	P1-40-8	0	-
1038	127.962240	128.054688	Ab3	37	80	0	0	56400	P1-40-11	0	-
1039	127.964844	128.059896	F3	36	80	0	0	56400	P1-40-10	0	-
1040	128.247396	128.500000	Ab3	39	80	0	0	56520	P1-40-13	0	-
1041	128.255208	128.269531	C4	33	80	0	0	56520	*	3	-
1042	128.260417	128.549479	F3	35	80	0	0	56520	P1-40-12	0	-
1043	128.503906	129.449219	C3	45	80	0	0	56640	P1-40-14	0	-
1044	128.743490	128.821615	Ab3	39	80	0	0	56760	P1-40-16	0	-
1045	128.744792	128.826823	F3	35	80	0	0	56760	P1-40-15	0	-
1046	128.981771	129.459635	Ab5	81	80	0	0	56880	P1-40-3	0	-
1047	129.015625	129.074219	Ab3	31	80	0	0	56880	P1-40-18	0	-
1048	129.016927	129.070312	F3	30	80	0	0	56880	P1-40-17	0	-
1049	129.233073	129.304688	Ab3	37	80	0	0	57000	P1-40-20	0	-
1050	129.252604	129.539062	F3	37	80	0	0	57000	P1-40-19	0	-
1051	129.462240	131.378906	C3	42	80	0	0	57120	P1-40-21	0	-
1052	129.463542	129.589844	G#3	40	80	0	0	57120	*	3	-
1053	129.464844	130.109375	Ab5	84	80	0	0	57120	P1-40-4	0	-
1054	129.709635	129.795573	F3	41	80	0	0	57240	P1-40-22	0	-
1055	129.709635	129.794271	Ab3	41	80	0	0	57240	P1-40-23	0	-
1056	129.966146	130.036458	Ab3	53	80	0	0	57360	P1-40-25	0	-
1057	129.968750	130.046875	F3	47	80	0	0	57360	P1-40-24	0	-
1058	130.184896	130.459635	Ab5	90	80	0	0	57480	P1-40-5	0	-
1059	130.205729	130.389323	Ab3	41	80	0	0	57480	P1-40-27	0	-
1060	130.214844	130.319010	F3	38	80	0	0	57480	P1-40-26	0	-
1061	130.464844	130.479167	G3	48	80	0	0	57600	P1-41-8	1	-
1062	130.468750	131.829427	Db6	75	80	0	0	57600	P1-41-4	0	-
1063	130.484375	131.019531	G5	63	80	0	0	57600	P1-41-2	0	-
1064	130.490885	131.089844	E5	60	80	0	0	57600	P1-41-1	0	-
1065	130.492188	131.019531	Bb5	64	80	0	0	57600	P1-41-3	0	-
1066	130.752604	130.826823	G3	44	80	0	0	57720	P1-41-9	0	-
1067	130.755208	130.815104	Bb3	48	80	0	0	57720	P1-41-10	0	-
1068	130.996094	131.055990	Bb3	44	80	0	0	57840	P1-41-12	0	-
1069	130.997396	131.169271	G3	36	80	0	0	57840	P1-41-11	0	-
1070	131.250000	131.438802	Bb3	47	80	0	0	57960	P1-41-14	0	-
1071	131.283854	131.589844	G3	33	80	0	0	57960	P1-41-13	0	-
1072	131.475260	133.289062	Bb5	77	80	0	0	58080	P1-41-7	0	-
1073	131.486979	132.449219	C3	41	80	0	0	58080	P1-41-15	0	-
1074	131.505208	132.968750	G5	52	80	0	0	58080	P1-41-6	0	-
1075	131.509115	132.968750	E5	51	80	0	0	58080	P1-41-5	0	-
1076	131.729167	131.795573	G3	46	80	0	0	58200	P1-41-16	0	-
1077	131.735677	131.786458	Bb3	42	80	0	0	58200	P1-41-17	0	-
1078	131.975260	132.053385	G3	40	80	0	0	58320	P1-41-18	0	-
1079	131.976562	132.045573	Bb3	48	80	0	0	58320	P1-41-19	0	-
1080	132.226562	132.468750	G3	50	80	0	0	58440	P1-41-20	0	-
1081	132.229167	132.296875	Bb3	50	80	0	0	58440	P1-41-21	0	-
1082	132.462240	133.279948	C3	53	80	0	0	58560	P1-41-22	0	-
1083	132.674479	132.752604	G3	54	80	0	0	58680	P1-41-23	0	-
1084	132.686198	132.744792	Bb3	51	80	0	0	58680	P1-41-24	0	-
1085	132.894531	132.979167	Bb3	55	80	0	0	58800	P1-41-26	0	-
1086	132.917969	132.988281	G3	54	80	0	0	58800	P1-41-25	0	-
1087	133.144531	133.319010	Bb3	65	80	0	0	58920	P1-41-28	0	-
1088	133.144531	133.438802	G3	65	80	0	0	58920	P1-41-27	0	-
1089	133.333333	134.229167	C3	65	80	0	0	59040	P1-42-7	0	-
1090	133.371094	135.059896	Bb5	89	80	0	0	59040	P1-42-3	0	-
1091	133.384115	134.718750	G5	77	80	0	0	59040	P1-42-2	0	-
1092	133.394531	134.968750	E5	64	80	0	0	59040	P1-42-1	0	-
1093	133.623698	133.733073	G3	52	80	0	0	59160	P1-42-9	0	-
1094	133.625000	133.733073	E3	50	80	0	0	59160	P1-42-8	0	-
1095	133.869792	133.941406	G3	46	80	0	0	59280	P1-42-11	0	-
1096	133.875000	133.950521	E3	48	80	0	0	59280	P1-42-10	0	-
1097	134.088542	134.389323	G3	52	80	0	0	59400	P1-42-13	0	-
1098	134.091146	134.399740	E3	54	80	0	0	59400	P1-42-12	0	-
1099	134.333333	135.084635	C3	69	80	0	0	59520	P1-42-14	0	-
1100	134.539062	134.640625	E3	52	80	0	0	59640	P1-42-15	0	-
1101	134.559896	134.644531	G3	52	80	0	0	59640	P1-42-16	0	-
1102	134.773438	135.199219	G5	84	80	0	0	59760	P1-42-4	0	-
1103	134.804688	134.979167	E3	43	80	0	0	59760	P1-42-17	0	-
1104	134.812500	134.899740	G3	42	80	0	0	59760	P1-42-18	0	-
1105	135.011719	135.209635	G3	59	80	0	0	59880	P1-42-20	0	-
1106	135.035156	135.279948	E3	49	80	0	0	59880	P1-42-19	0	-
1107	135.243490	135.839844	G5	84	80	0	0	60000	P1-42-5	0	-
1108	135.263021	135.739583	C3	54	80	0	0	60000	P1-42-21	0	-
1109	135.283854	135.529948	E5	38	80	0	0	60000	*	3	-
1110	135.467448	135.566406	G3	58	80	0	0	60120	P1-42-23	0	-
1111	135.473958	135.571615	E3	50	80	0	0	60120	P1-42-22	0	-
1112	135.727865	135.807292	G3	52	80	0	0	60240	P1-42-25	0	-
1113	135.748698	135.878906	E3	42	80	0	0	60240	P1-42-24	0	-
1114	135.753906	136.098958	C3	42	80	0	0	60240	*	3	-
1115	135.924479	136.209635	G5	86	80	0	0	60360	P1-42-6	0	-
1116	135.966146	136.089844	G3	49	80	0	0	60360	P1-42-27	0	-
1117	135.971354	136.188802	E3	45	80	0	0	60360	P1-42-26	0	-
1118	136.209635	137.009115	C3	50	80	0	0	60480	P1-43-8	0	-
1119	136.225260	137.519531	C6	75	80	0	0	60480	P1-43-4	0	-
1120	136.238281	136.949219	F5	62	80	0	0	60480	P1-43-2	0	-
1121	136.240885	137.179688	Ab5	68	80	0	0	60480	P1-43-3	0	-
1122	136.243490	138.408854	C5	60	80	0	0	60480	P1-43-1	0	-
1123	136.522135	136.602865	F3	50	80	0	0	60600	P1-43-9	0	-
1124	136.523438	136.605469	Ab3	52	80	0	0	60600	P1-43-10	0	-
1125	136.746094	136.832031	Ab3	53	80	0	0	60720	P1-43-12	0	-
1126	136.753906	136.834635	F3	51	80	0	0	60720	P1-43-11	0	-
1127	136.985677	137.149740	Ab3	56	80	0	0	60840	P1-43-14	0	-
1128	136.993490	137.218750	F3	52	80	0	0	60840	P1-43-13	0	-
1129	137.188802	138.658854	Ab5	75	80	0	0	60960	P1-43-7	0	-
1130	137.201823	137.929688	C3	48	80	0	0	60960	P1-43-15	0	-
1131	137.203125	138.649740	F5	68	80	0	0	60960	P1-43-6	0	-
1132	137.403646	137.485677	F3	44	80	0	0	61080	P1-43-16	0	-
1133	137.427083	137.549479	Ab3	45	80	0	0	61080	P1-43-17	0	-
1134	137.653646	137.736979	F3	45	80	0	0	61200	P1-43-18	0	-
1135	137.654948	137.742188	Ab3	44	80	0	0	61200	P1-43-19	0	-
1136	137.895833	138.093750	Ab3	42	80	0	0	61320	P1-43-21	0	-
1137	137.895833	138.084635	F3	43	80	0	0	61320	P1-43-20	0	-
1138	138.102865	139.000000	C3	48	80	0	0	61440	P1-43-22	0	-
1139	138.326823	138.416667	F3	43	80	0	0	61560	P1-43-23	0	-
1140	138.350260	138.423177	Ab3	39	80	0	0	61560	P1-43-24	0	-
1141	138.580729	138.652344	F3	39	80	0	0	61680	P1-43-25	0	-
1142	138.580729	138.645833	Ab3	41	80	0	0	61680	P1-43-26	0	-
1143	138.822917	139.059896	F3	41	80	0	0	61800	P1-43-27	0	-
1144	138.825521	138.888021	Ab3	45	80	0	0	61800	P1-43-28	0	-
1145	139.052083	140.799479	Ab5	62	80	0	0	61920	P1-44-2	0	-
1146	139.063802	140.769531	C5	45	80	0	0	61920	P1-44-6	0	-
1147	139.074219	140.339844	F5	49	80	0	0	61920	P1-44-1	0	-
1148	139.089844	139.390625	F2	42	80	0	0	61920	P1-44-7	0	-
1149	139.342448	139.578125	C3	55	80	0	0	62040	P1-44-8	0	-
1150	139.559896	139.792969	D3	56	80	0	0	62160	P1-44-9	0	-
1151	139.787760	139.993490	E3	57	80	0	0	62280	P1-44-10	0	-
1152	140.000000	140.213542	F3	55	80	0	0	62400	P1-44-11	0	-
1153	140.220052	140.466146	G3	59	80	0	0	62520	P1-44-12	0	-
1154	140.458333	140.899740	F5	72	80	0	0	62640	P1-44-3	0	-
1155	140.470052	140.713542	Ab3	58	80	0	0	62640	P1-44-13	0	-
1156	140.707031	140.928385	Bb3	55	80	0	0	62760	P1-44-14	0	-
1157	140.963542	141.609375	F5	64	80	0	0	62880	P1-44-4	0	-
1158	140.964844	141.256510	C4	51	80	0	0	62880	P1-44-15	0	-
1159	141.229167	141.509115	Ab3	52	80	0	0	63000	P1-44-16	0	-
1160	141.475260	141.703125	G3	51	80	0	0	63120	P1-44-17	0	-
1161	141.679688	142.000000	F5	61	80	0	0	63240	P1-44-5	0	-
1162	141.699219	141.779948	C5	50	80	0	0	-1	*	3	-
1163	141.705729	141.938802	F3	48	80	0	0	63240	P1-44-18	0	-
1164	141.920573	142.179688	C3	61	80	0	0	63360	P1-45-8	0	-
1165	141.927083	142.908854	Bb5	68	80	0	0	63360	P1-45-3	0	-
1166	141.929688	142.459635	G5	59	80	0	0	63360	P1-45-2	0	-
1167	141.932292	142.619792	E5	58	80	0	0	63360	P1-45-1	0	-
1168	141.937500	142.500000	C5	52	80	0	0	-1	*	3	-
1169	142.173177	142.433594	Cb2	61	80	0	0	63480	P1-45-9	0	-
1170	142.386719	142.635417	C2	72	80	0	0	63600	P1-45-10	0	-
1171	142.605469	142.919271	Cb2	72	80	0	0	63720	P1-45-11	0	-
1172	142.852865	143.061198	C2	74	80	0	0	63840	P1-45-12	0	-
1173	142.856771	144.809896	G5	75	80	0	0	63840	P1-45-6	0	-
1174	142.863281	144.609375	E5	69	80	0	0	63840	P1-45-5	0	-
1175	142.864583	142.949219	C5	62	80	0	0	-1	*	3	-
1176	143.084635	143.399740	E2	71	80	0	0	63960	P1-45-13	0	-
1177	143.322917	143.602865	G2	67	80	0	0	64080	P1-45-14	0	-
1178	143.545573	143.785156	Cb3	62	80	0	0	64200	P1-45-15	0	-
1179	143.794271	143.985677	C3	58	80	0	0	64320	P1-45-16	0	-
1180	144.000000	144.229167	Bb2	58	80	0	0	64440	P1-45-17	0	-
1181	144.246094	144.475260	Ab2	45	80	0	0	64560	P1-45-18	0	-
1182	144.455729	145.009115	G2	53	80	0	0	64680	P1-45-19	0	-
1183	144.679688	145.039062	F2	48	80	0	0	64800	P1-46-7	0	-
1184	144.761719	146.649740	Ab5	80	80	0	0	64800	P1-46-2	0	-
1185	144.768229	145.949219	F5	66	80	0	0	64800	P1-46-1	0	-
1186	144.802083	146.500000	C5	49	80	0	0	64800	P1-46-6	0	-
1187	145.011719	145.238281	C3	64	80	0	0	64920	P1-46-8	0	-
1188	145.244792	145.467448	D3	58	80	0	0	65040	P1-46-9	0	-
1189	145.476562	145.686198	E3	55	80	0	0	65160	P1-46-10	0	-
1190	145.700521	145.959635	F3	49	80	0	0	65280	P1-46-11	0	-
1191	145.951823	146.184896	G3	54	80	0	0	65400	P1-46-12	0	-
1192	146.183594	146.529948	F5	73	80	0	0	65520	P1-46-3	0	-
1193	146.218750	146.438802	Ab3	43	80	0	0	65520	P1-46-13	0	-
1194	146.437500	146.692708	Bb3	50	80	0	0	65640	P1-46-14	0	-
1195	146.682292	147.369792	F5	73	80	0	0	65760	P1-46-4	0	-
1196	146.704427	146.983073	C4	51	80	0	0	65760	P1-46-15	0	-
1197	146.704427	147.468750	G#4	54	80	0	0	65760	*	3	-
1198	146.962240	147.184896	Ab3	52	80	0	0	65880	P1-46-16	0	-
1199	147.173177	147.403646	G3	58	80	0	0	66000	P1-46-17	0	-
1200	147.381510	147.752604	F5	80	80	0	0	66120	P1-46-5	0	-
1201	147.403646	147.635417	F3	54	80	0	0	66120	P1-46-18	0	-
1202	147.636719	147.908854	Eb3	56	80	0	0	66240	P1-47-10	0	-
1203	147.696615	148.819010	Gb5	76	80	0	0	66240	P1-47-6	0	-
1204	147.712240	148.658854	Db5	59	80	0	0	66240	P1-47-5	0	-
1205	147.714844	148.959635	Gb4	57	80	0	0	66240	P1-47-4	0	-
1206	147.981771	148.235677	Eb2	61	80	0	0	66360	P1-47-11	0	-
1207	148.225260	148.498698	F2	55	80	0	0	66480	P1-47-12	0	-
1208	148.484375	148.791667	Gb2	59	80	0	0	66600	P1-47-13	0	-
1209	148.744792	150.779948	Eb5	63	80	0	0	66720	P1-47-3	0	-
1210	148.753906	149.839844	C5	59	80	0	0	66720	P1-47-2	0	-
1211	148.763021	149.015625	Ab2	48	80	0	0	66720	P1-47-14	0	-
1212	149.006510	149.268229	A2	51	80	0	0	66840	P1-47-15	0	-
1213	149.223958	149.467448	Bb2	64	80	0	0	66960	P1-47-16	0	-
1214	149.451823	149.812500	Ab2	58	80	0	0	67080	P1-47-17	0	-
1215	149.721354	150.319010	Ab4	59	80	0	0	67200	P1-47-8	0	-
1216	149.723958	149.971354	Gb2	46	80	0	0	67200	P1-47-18	0	-
1217	149.963542	150.252604	F2	48	80	0	0	67320	P1-47-19	0	-
1218	150.223958	150.675781	Gb4	49	80	0	0	67440	P1-47-9	0	-
1219	150.234375	150.544271	Eb2	43	80	0	0	67440	P1-47-20	0	-
1220	150.510417	150.733073	Ab2	45	80	0	0	67560	P1-47-21	0	-
1221	150.746094	151.122396	Db2	38	80	0	0	67680	P1-48-10	0	-
1222	150.835938	152.759115	F5	58	80	0	0	67680	P1-48-6	0	-
1223	150.865885	152.979167	F4	39	80	0	0	67680	P1-48-1	0	-
1224	150.868490	152.059896	C#5	46	80	0	0	-1	*	3	-
1225	151.158854	151.440104	Db3	40	80	0	0	67800	P1-48-11	0	-
1226	151.382812	151.615885	Eb3	54	80	0	0	67920	P1-48-12	0	-
1227	151.627604	151.894531	F3	47	80	0	0	68040	P1-48-13	0	-
1228	151.884115	152.188802	Gb3	46	80	0	0	68160	P1-48-14	0	-
1229	152.122396	152.342448	Ab3	46	80	0	0	68280	P1-48-15	0	-
1230	152.351562	152.769531	C#5	64	80	0	0	68400	P1-48-3	1	-
1231	152.377604	152.617188	Bb3	41	80	0	0	68400	P1-48-16	0	-
1232	152.619792	152.859375	Ab3	41	80	0	0	68520	P1-48-17	0	-
1233	152.852865	153.489583	C#5	69	80	0	0	68640	P1-48-4	1	-
1234	152.855469	153.046875	Gb3	48	80	0	0	68640	P1-48-18	0	-
1235	152.873698	152.878906	Bb4	58	80	0	0	68640	P1-48-9	1	-
1236	152.894531	153.169271	F#4	37	80	0	0	68640	P1-48-8	1	-
1237	153.087240	153.351562	F3	47	80	0	0	68760	P1-48-19	0	-
1238	153.295573	153.557292	Eb3	62	80	0	0	68880	P1-48-20	0	-
1239	153.514323	153.829427	C#5	75	80	0	0	69000	P1-48-5	1	-
1240	153.514323	153.859375	Db3	60	80	0	0	69000	P1-48-21	0	-
1241	153.707031	154.049479	Ab2	56	80	0	0	69120	P1-49-8	0	-
1242	153.794271	154.859375	Gb5	71	80	0	0	69120	P1-49-4	0	-
1243	153.795573	154.549479	Gb4	65	80	0	0	69120	P1-49-1	0	-
1244	153.799479	154.449219	C5	61	80	0	0	69120	P1-49-2	0	-
1245	153.800781	154.549479	Eb5	68	80	0	0	69120	P1-49-3	0	-
1246	154.031250	154.339844	G1	72	80	0	0	69240	P1-49-9	0	-
1247	154.263021	154.619792	Ab1	79	80	0	0	69360	P1-49-10	0	-
1248	154.492188	154.829427	G1	77	80	0	0	69480	P1-49-11	0	-
1249	154.742188	156.699219	Eb5	72	80	0	0	69600	P1-49-7	0	-
1250	154.744792	156.519531	C5	69	80	0	0	69600	P1-49-6	0	-
1251	154.752604	156.489583	Gb4	63	80	0	0	69600	P1-49-5	0	-
1252	154.752604	155.049479	Ab1	75	80	0	0	69600	P1-49-12	0	-
1253	154.973958	155.218750	Bb1	69	80	0	0	69720	P1-49-13	0	-
1254	155.210938	155.493490	C2	73	80	0	0	69840	P1-49-14	0	-
1255	155.453125	155.789062	Db2	76	80	0	0	69960	P1-49-15	0	-
1256	155.703125	155.934896	Eb2	70	80	0	0	70080	P1-49-16	0	-
1257	155.932292	156.234375	F2	66	80	0	0	70200	P1-49-17	0	-
1258	156.173177	156.489583	Gb2	63	80	0	0	70320	P1-49-18	0	-
1259	156.444010	156.765625	Ab2	63	80	0	0	70440	P1-49-19	0	-
1260	156.770833	157.183594	Db2	53	80	0	0	70560	P1-50-9	0	-
1261	156.773438	158.779948	F5	68	80	0	0	70560	P1-50-1	0	-
1262	156.782552	158.029948	C5	56	80	0	0	70560	P1-50-6	0	-
1263	156.785156	157.769531	F4	52	80	0	0	70560	P1-50-5	0	-
1264	157.171875	157.445312	A2	46	80	0	0	70680	P1-50-10	0	-
1265	157.433594	157.686198	Bb2	50	80	0	0	70800	P1-50-11	0	-
1266	157.683594	157.972656	A2	44	80	0	0	70920	P1-50-12	0	-
1267	157.911458	158.899740	F4	48	80	0	0	71040	P1-50-7	0	-
1268	157.914062	158.158854	Bb2	51	80	0	0	71040	P1-50-13	0	-
1269	157.915365	159.679688	Bb4	53	80	0	0	71040	P1-50-8	0	-
1270	158.167969	158.410156	C3	59	80	0	0	71160	P1-50-14	0	-
1271	158.402344	158.809896	Db5	72	80	0	0	71280	P1-50-2	0	-
1272	158.414062	158.661458	Db3	50	80	0	0	71280	P1-50-15	0	-
1273	158.632812	158.901042	Eb3	59	80	0	0	71400	P1-50-16	0	-
1274	158.895833	159.489583	Db5	70	80	0	0	71520	P1-50-3	0	-
1275	158.901042	159.233073	F3	51	80	0	0	71520	P1-50-17	0	-
1276	158.906250	159.669271	F4	50	80	0	0	71520	*	3	-
1277	159.154948	159.397135	Db3	56	80	0	0	71640	P1-50-18	0	-
1278	159.369792	159.622396	C3	66	80	0	0	71760	P1-50-19	0	-
1279	159.591146	160.029948	Db5	74	80	0	0	71880	P1-50-4	0	-
1280	159.593750	159.829427	Bb2	60	80	0	0	71880	P1-50-20	0	-
1281	159.729167	162.279948	F4	70	80	0	0	72000	P1-51-6	0	-
1282	159.799479	162.500000	Bb4	74	80	0	0	72000	P1-51-7	0	-
1283	159.802083	160.389323	C3	56	80	0	0	72000	P1-51-10	0	-
1284	159.937500	161.089844	Eb5	78	80	0	0	72000	P1-51-3	0	-
1285	160.151042	160.489583	C2	62	80	0	0	72120	P1-51-11	0	-
1286	160.398438	160.750000	Db2	66	80	0	0	72240	P1-51-12	0	-
1287	160.669271	161.035156	Eb2	68	80	0	0	72360	P1-51-13	0	-
1288	160.934896	161.299479	F2	54	80	0	0	72480	P1-51-14	0	-
1289	160.967448	163.218750	C5	68	80	0	0	72480	P1-51-2	0	-
1290	160.979167	161.809896	A4	51	80	0	0	72480	*	3	-
1291	161.246094	161.569010	Gb2	56	80	0	0	72600	P1-51-15	0	-
1292	161.505208	161.826823	F2	49	80	0	0	72720	P1-51-16	0	-
1293	161.776042	161.996094	E2	52	80	0	0	72840	P1-51-17	0	-
1294	162.013021	163.229167	A4	52	80	0	0	72960	P1-51-5	0	-
1295	162.033854	162.569010	F2	45	80	0	0	72960	P1-51-18	0	-
1296	162.277344	162.544271	F1	51	80	0	0	73080	P1-51-19	0	-
1297	162.519531	163.649740	F4	46	80	0	0	73200	P1-51-9	0	-
1298	162.566406	162.796875	G1	43	80	0	0	73200	P1-51-20	0	-
1299	162.834635	163.024740	A1	40	80	0	0	73320	P1-51-21	0	-
1300	163.065104	163.209635	Bb1	37	80	0	0	73440	*	3	-
1301	163.167969	166.218750	Db5	76	80	0	0	73440	P1-52-1	0	-
1302	163.221354	163.658854	Bb1	26	80	0	0	73440	P1-52-11	0	-
1303	163.533854	163.855469	F2	34	80	0	0	73560	P1-52-12	0	-
1304	163.815104	164.095052	G2	43	80	0	0	73680	P1-52-13	0	-
1305	163.820312	166.250000	F4	46	80	0	0	73680	P1-52-9	0	-
1306	164.063802	164.350260	A2	42	80	0	0	73800	P1-52-14	0	-
1307	164.313802	164.544271	Bb2	49	80	0	0	73920	P1-52-15	0	-
1308	164.579427	164.837240	C3	55	80	0	0	74040	P1-52-16	0	-
1309	164.824219	165.218750	Bb4	70	80	0	0	74160	P1-52-5	0	-
1310	164.829427	165.098958	Db3	49	80	0	0	74160	P1-52-17	0	-
1311	165.075521	165.359375	Eb3	56	80	0	0	74280	P1-52-18	0	-
1312	165.342448	165.645833	F3	46	80	0	0	74400	P1-52-19	0	-
1313	165.343750	165.989583	Bb4	72	80	0	0	74400	P1-52-6	0	-
1314	165.604167	165.843750	Db3	46	80	0	0	74520	P1-52-20	0	-
1315	165.825521	166.389323	C3	57	80	0	0	74640	P1-52-21	0	-
1316	166.080729	166.339844	Bb4	74	80	0	0	74760	P1-52-7	0	-
1317	166.111979	166.348958	Bb2	49	80	0	0	74760	P1-52-22	0	-
1318	166.356771	166.959635	F2	45	80	0	0	74880	P1-53-10	0	-
1319	166.406250	167.579427	Eb5	73	80	0	0	74880	P1-53-3	0	-
1320	166.436198	168.098958	Bb4	55	80	0	0	74880	P1-53-8	0	-
1321	166.441406	168.250000	F4	46	80	0	0	74880	P1-53-7	0	-
1322	166.688802	166.938802	F1	58	80	0	0	75000	P1-53-11	0	-
1323	166.930990	167.289062	G1	66	80	0	0	75120	P1-53-12	0	-
1324	167.175781	167.472656	A1	66	80	0	0	75240	P1-53-13	0	-
1325	167.424479	169.669271	C5	72	80	0	0	75360	P1-53-2	0	-
1326	167.451823	167.679688	Bb1	47	80	0	0	75360	P1-53-14	0	-
1327	167.683594	167.985677	C2	54	80	0	0	75480	P1-53-15	0	-
1328	167.930990	168.201823	Db2	55	80	0	0	75600	P1-53-16	0	-
1329	168.164062	168.390625	Eb2	57	80	0	0	75720	P1-53-17	0	-
1330	168.402344	169.589844	A4	52	80	0	0	75840	P1-53-6	0	-
1331	168.411458	168.759115	F2	47	80	0	0	75840	P1-53-18	0	-
1332	168.412760	172.128906	F4	45	80	0	0	75840	P1-53-5	0	-
1333	168.671875	168.955729	Eb2	41	80	0	0	75960	P1-53-19	0	-
1334	168.953125	169.244792	Db2	42	80	0	0	76080	P1-53-20	0	-
1335	169.235677	169.471354	C2	41	80	0	0	76200	P1-53-21	0	-
1336	169.475260	169.938802	Bb1	38	80	0	0	76320	P1-54-11	0	-
1337	169.595052	171.829427	Db5	66	80	0	0	76320	P1-54-2	0	-
1338	169.613281	171.089844	Bb4	57	80	0	0	76320	P1-54-1	0	-
1339	169.940104	170.234375	A2	44	80	0	0	76440	P1-54-12	0	-
1340	170.188802	170.421875	Bb2	48	80	0	0	76560	P1-54-13	0	-
1341	170.462240	170.703125	C3	53	80	0	0	76680	P1-54-14	0	-
1342	170.699219	170.954427	Db3	52	80	0	0	76800	P1-54-15	0	-
1343	170.944010	171.184896	Eb3	53	80	0	0	76920	P1-54-16	0	-
1344	171.194010	171.519531	Bb4	67	80	0	0	77040	P1-54-6	0	-
1345	171.200521	171.669271	F3	43	80	0	0	77040	P1-54-17	0	-
1346	171.445312	171.750000	Eb3	44	80	0	0	77160	P1-54-18	0	-
1347	171.696615	172.468750	Bb4	63	80	0	0	77280	P1-54-8	0	-
1348	171.701823	171.942708	Db3	44	80	0	0	77280	P1-54-19	0	-
1349	171.976562	172.225260	C3	49	80	0	0	77400	P1-54-20	0	-
1350	172.208333	172.415365	Bb2	51	80	0	0	77520	P1-54-21	0	-
1351	172.444010	172.779948	Ab2	52	80	0	0	77640	P1-54-22	0	-
1352	172.473958	172.799479	Bb4	66	80	0	0	77640	P1-54-10	0	-
1353	172.781250	173.949219	Db5	64	80	0	0	77758	P1-55-30	0	-
1354	172.785156	173.128906	G2	42	80	0	0	77758	P1-55-39	0	-
1355	172.786458	174.059896	Eb4	49	80	0	0	77758	P1-55-28	0	-
1356	172.805990	173.429688	Bb4	55	80	0	0	77758	P1-55-29	0	-
1357	173.062500	173.334635	D2	40	80	0	0	77878	P1-55-40	0	-
1358	173.294271	173.619792	Eb2	54	80	0	0	77998	P1-55-41	0	-
1359	173.544271	173.822917	F2	49	80	0	0	78118	P1-55-42	0	-
1360	173.832031	174.123698	Bb4	63	80	0	0	78240	P1-55-2	0	-
1361	173.843750	174.699219	G2	43	80	0	0	78238	P1-55-43	0	-
1362	174.161458	174.227865	C5	50	80	0	0	78274	P1-55-4	0	-
1363	174.174479	174.539062	Ab2	45	80	0	0	78358	P1-55-44	0	-
1364	174.257812	174.315104	Bb4	58	80	0	0	78325	P1-55-5	0	-
1365	174.355469	174.420573	C5	50	80	0	0	78359	P1-55-7	0	-
1366	174.445312	174.539062	Bb4	54	80	0	0	78393	P1-55-8	0	-
1367	174.486979	174.908854	Bb2	43	80	0	0	78478	P1-55-45	0	-
1368	174.519531	174.598958	C5	39	80	0	0	78444	P1-55-10	0	-
1369	174.601562	174.679688	Bb4	50	80	0	0	78444	P1-55-9	0	-
1370	174.675781	174.739583	C5	33	80	0	0	-1	*	3	-
1371	174.740885	174.781250	Bb4	54	80	0	0	-1	*	3	-
1372	174.755208	175.179688	Ab2	39	80	0	0	78598	P1-55-46	0	-
1373	174.813802	174.856771	C5	57	80	0	0	-1	*	3	-
1374	174.885417	174.932292	Bb4	59	80	0	0	78478	P1-55-32	0	-
1375	174.964844	175.013021	C5	63	80	0	0	78508	P1-55-12	0	-
1376	175.044271	175.089844	Bb4	63	80	0	0	78538	P1-55-33	0	-
1377	175.044271	175.309896	G2	44	80	0	0	78718	P1-55-47	0	-
1378	175.114583	175.175781	C5	66	80	0	0	78598	P1-55-13	0	-
1379	175.204427	175.247396	Bb4	63	80	0	0	78658	P1-55-34	0	-
1380	175.276042	175.359375	C5	63	80	0	0	78688	P1-55-14	0	-
1381	175.304688	175.628906	F2	41	80	0	0	78838	P1-55-48	0	-
1382	175.355469	175.402344	Bb4	69	80	0	0	78718	P1-55-15	0	-
1383	175.423177	175.496094	C5	69	80	0	0	78766	P1-55-16	0	-
1384	175.523438	175.576823	Bb4	68	80	0	0	78790	P1-55-17	0	-
1385	175.596354	175.641927	C5	63	80	0	0	78838	P1-55-20	0	-
1386	175.648438	175.838542	Eb2	50	80	0	0	78958	P1-55-49	0	-
1387	175.658854	175.727865	Cb5	67	80	0	0	78958	P1-55-23	0	-
1388	175.743490	175.794271	C5	65	80	0	0	78998	P1-55-25	0	-
1389	175.812500	175.863281	Cb5	62	80	0	0	79038	P1-55-26	0	-
1390	175.846354	175.959635	Db2	49	80	0	0	79018	P1-55-50	0	-
1391	175.877604	175.944010	C5	77	80	0	0	-1	*	3	-
1392	175.955729	176.057292	Cb5	73	80	0	0	79078	P1-55-37	1	-
1393	175.986979	176.149740	C2	52	80	0	0	79078	P1-55-51	0	-
1394	176.061198	176.118490	C5	83	80	0	0	79118	P1-55-38	1	-
1395	176.114583	176.187500	C#2	54	80	0	0	-1	*	3	-
1396	176.126302	176.199219	Bb1	53	80	0	0	79138	P1-55-52	0	-
1397	176.227865	177.339844	C4	62	80	0	0	79198	P1-56-1	0	-
1398	176.304688	177.688802	Eb4	74	80	0	0	79198	P1-56-2	0	-
1399	176.352865	176.699219	Ab1	45	80	0	0	79198	P1-56-11	0	-
1400	176.416667	177.949219	C5	85	80	0	0	79198	P1-56-3	0	-
1401	176.554688	176.729167	Eb2	49	80	0	0	79258	P1-56-12	0	-
1402	176.675781	176.859375	C2	53	80	0	0	79318	P1-56-13	0	-
1403	176.828125	176.968750	Eb2	48	80	0	0	79378	P1-56-14	0	-
1404	176.927083	177.049479	Ab2	47	80	0	0	79438	P1-56-15	0	-
1405	177.083333	177.156250	Eb3	49	80	0	0	79498	P1-56-16	0	-
1406	177.192708	177.309896	C3	55	80	0	0	79558	P1-56-17	0	-
1407	177.317708	177.395833	Eb3	56	80	0	0	79618	P1-56-18	0	-
1408	177.321615	177.391927	C3	48	80	0	0	-1	*	3	-
1409	177.433594	177.523438	Ab2	55	80	0	0	79678	P1-56-19	0	-
1410	177.554688	177.635417	Eb3	58	80	0	0	79738	P1-56-20	0	-
1411	177.686198	177.908854	C3	60	80	0	0	79798	P1-56-21	0	-
1412	177.811198	177.865885	Eb3	51	80	0	0	79858	P1-56-22	0	-
1413	177.902344	177.964844	Ab3	52	80	0	0	79918	P1-56-23	0	-
1414	177.906250	178.199219	Ab4	73	80	0	0	79918	P1-56-6	0	-
1415	177.988281	178.074219	Eb3	61	80	0	0	79978	P1-56-24	0	-
1416	178.127604	178.208333	C3	52	80	0	0	80038	P1-56-25	0	-
1417	178.256510	178.332031	Eb3	55	80	0	0	80098	P1-56-26	0	-
1418	178.382812	179.209635	C3	61	80	0	0	80158	P1-56-27	0	-
1419	178.382812	178.989583	Ab4	73	80	0	0	80158	P1-56-9	0	-
1420	178.406250	178.938802	Eb4	58	80	0	0	80158	P1-56-8	0	-
1421	178.524740	178.602865	Ab3	57	80	0	0	80218	P1-56-28	0	-
1422	178.632812	178.869792	Eb3	56	80	0	0	80278	P1-56-29	0	-
1423	178.743490	178.816406	Ab3	63	80	0	0	80338	P1-56-30	0	-
1424	178.855469	178.945312	C4	57	80	0	0	80398	P1-56-31	0	-
1425	178.980469	179.033854	Ab3	57	80	0	0	80458	P1-56-32	0	-
1426	179.069010	179.339844	Eb3	46	80	0	0	80518	P1-56-33	0	-
1427	179.096354	179.359375	Ab4	77	80	0	0	80518	P1-56-10	0	-
1428	179.154948	179.289062	Ab3	55	80	0	0	80578	P1-56-34	0	-
1429	179.315104	179.679688	Bb2	53	80	0	0	80638	P1-57-7	0	-
1430	179.345052	179.359375	Bb1	55	80	0	0	-1	*	3	-
1431	179.352865	181.759115	Db5	68	80	0	0	80638	P1-57-3	0	-
1432	179.358073	181.799479	G4	63	80	0	0	80638	P1-57-2	0	-
1433	179.373698	180.149740	Eb4	54	80	0	0	80638	P1-57-1	0	-
1434	179.462240	179.548177	G3	57	80	0	0	80698	P1-57-8	0	-
1435	179.574219	179.669271	Eb3	57	80	0	0	80758	P1-57-9	0	-
1436	179.704427	179.756510	G3	51	80	0	0	80818	P1-57-10	0	-
1437	179.843750	180.009115	Bb2	39	80	0	0	80878	P1-57-11	1	-
1438	179.944010	180.015625	G3	50	80	0	0	80938	P1-57-12	0	-
1439	180.085938	180.147135	Eb3	48	80	0	0	80998	P1-57-13	0	-
1440	180.187500	180.313802	G3	57	80	0	0	81058	P1-57-14	0	-
1441	180.339844	182.109375	Bb4	66	80	0	0	81118	P1-57-6	0	-
1442	180.348958	180.929688	Db3	47	80	0	0	81118	P1-57-15	0	-
1443	180.352865	181.938802	Eb4	45	80	0	0	81118	P1-57-4	0	-
1444	180.472656	180.539062	G3	47	80	0	0	81178	P1-57-16	0	-
1445	180.580729	180.653646	Eb3	50	80	0	0	81238	P1-57-17	0	-
1446	180.695312	180.768229	G3	62	80	0	0	81298	P1-57-18	0	-
1447	180.822917	180.938802	Bb3	55	80	0	0	81358	P1-57-19	0	-
1448	180.915365	180.990885	G3	60	80	0	0	81418	P1-57-20	0	-
1449	181.057292	181.126302	Eb3	49	80	0	0	81478	P1-57-21	0	-
1450	181.165365	181.252604	G3	50	80	0	0	81538	P1-57-22	0	-
1451	181.276042	182.019531	Db3	64	80	0	0	81598	P1-57-23	0	-
1452	181.394531	181.470052	G3	58	80	0	0	81658	P1-57-24	0	-
1453	181.513021	181.718750	Eb3	61	80	0	0	81718	P1-57-25	0	-
1454	181.625000	181.704427	G3	70	80	0	0	81778	P1-57-26	0	-
1455	181.744792	181.889323	Bb3	61	80	0	0	81838	P1-57-27	0	-
1456	181.837240	181.925781	G3	54	80	0	0	81898	P1-57-28	0	-
1457	181.970052	182.158854	Eb3	59	80	0	0	81958	P1-57-29	0	-
1458	182.076823	182.145833	G3	53	80	0	0	82018	P1-57-30	0	-
1459	182.238281	182.250000	C2	59	80	0	0	82078	*	3	-
1460	182.238281	183.500000	Eb5	77	80	0	0	82078	P1-58-3	0	-
1461	182.239583	183.468750	Eb4	78	80	0	0	82078	P1-58-1	0	-
1462	182.240885	182.938802	C3	57	80	0	0	82078	P1-58-13	0	-
1463	182.244792	183.489583	Ab4	73	80	0	0	82078	P1-58-2	0	-
1464	182.381510	182.442708	Ab3	50	80	0	0	82138	P1-58-14	0	-
1465	182.479167	182.679688	Eb3	48	80	0	0	82198	P1-58-15	0	-
1466	182.601562	182.679688	Ab3	59	80	0	0	82258	P1-58-16	0	-
1467	182.712240	182.813802	C4	59	80	0	0	82318	P1-58-17	0	-
1468	182.847656	182.923177	Ab3	58	80	0	0	82378	P1-58-18	0	-
1469	182.962240	183.024740	C4	52	80	0	0	82438	P1-58-19	1	-
1470	183.071615	183.122396	Ab3	55	80	0	0	82498	P1-58-20	0	-
1471	183.131510	183.468750	C3	72	80	0	0	82558	P1-58-21	0	-
1472	183.259115	183.339844	C4	54	80	0	0	82618	P1-58-22	0	-
1473	183.369792	183.509115	Ab3	70	80	0	0	82678	P1-58-23	0	-
1474	183.464844	183.526042	C4	61	80	0	0	82738	P1-58-24	0	-
1475	183.583333	183.829427	D4	75	80	0	0	82798	P1-58-4	0	-
1476	183.584635	183.794271	D5	82	80	0	0	82798	P1-58-6	0	-
1477	183.593750	183.938802	Ab4	73	80	0	0	82798	P1-58-5	0	-
1478	183.593750	183.821615	Cb3	64	80	0	0	82798	P1-58-25	0	-
1479	183.717448	183.811198	Cb4	61	80	0	0	82858	P1-58-26	0	-
1480	183.826823	183.910156	Ab3	66	80	0	0	82918	P1-58-27	0	-
1481	183.929688	183.998698	Cb4	61	80	0	0	82978	P1-58-28	0	-
1482	184.048177	184.468750	Eb5	87	80	0	0	83038	P1-58-9	0	-
1483	184.055990	184.276042	Eb4	80	80	0	0	83038	P1-58-7	0	-
1484	184.065104	184.399740	Ab4	76	80	0	0	83038	P1-58-8	0	-
1485	184.065104	184.295573	C3	69	80	0	0	83038	P1-58-29	0	-
1486	184.186198	184.282552	C4	68	80	0	0	83098	P1-58-30	0	-
1487	184.302083	184.388021	Ab3	71	80	0	0	83158	P1-58-31	0	-
1488	184.399740	184.463542	C4	65	80	0	0	83218	P1-58-32	0	-
1489	184.507812	185.053385	F5	82	80	0	0	83278	P1-58-12	0	-
1490	184.516927	184.908854	F4	75	80	0	0	83278	P1-58-10	0	-
1491	184.527344	184.878906	Ab4	75	80	0	0	83278	P1-58-11	0	-
1492	184.535156	184.765625	Db3	68	80	0	0	83278	P1-58-33	0	-
1493	184.657552	184.743490	Db4	71	80	0	0	83338	P1-58-34	0	-
1494	184.766927	184.908854	Ab3	66	80	0	0	83398	P1-58-35	0	-
1495	184.846354	184.936198	Db4	68	80	0	0	83458	P1-58-36	0	-
1496	184.976562	185.459635	Eb5	79	80	0	0	83518	P1-59-1	0	-
1497	184.984375	185.217448	Eb3	77	80	0	0	83518	P1-59-37	0	-
1498	185.102865	185.203125	Eb4	70	80	0	0	83578	P1-59-38	0	-
1499	185.214844	185.320312	G3	72	80	0	0	83638	P1-59-39	0	-
1500	185.333333	185.397135	Eb4	65	80	0	0	83698	P1-59-40	0	-
1501	185.432292	185.959635	D5	78	80	0	0	83758	P1-59-2	0	-
1502	185.442708	185.759115	F3	70	80	0	0	83758	P1-59-41	0	-
1503	185.585938	185.739583	F4	65	80	0	0	83818	P1-59-42	0	-
1504	185.591146	185.701823	E4	67	80	0	0	-1	*	3	-
1505	185.725260	185.798177	Ab3	68	80	0	0	83878	P1-59-43	0	-
1506	185.824219	185.885417	F4	71	80	0	0	83938	P1-59-44	0	-
1507	185.932292	186.084635	G3	82	80	0	0	83998	P1-59-45	0	-
1508	185.994792	186.074219	Db5	66	80	0	0	84058	P1-59-25	0	-
1509	186.093750	186.162760	Eb5	70	80	0	0	84088	P1-59-5	0	-
1510	186.093750	186.153646	G4	71	80	0	0	84058	P1-59-46	0	-
1511	186.177083	186.289062	Db5	64	80	0	0	84118	P1-59-26	0	-
1512	186.239583	186.408854	Bb3	71	80	0	0	84118	P1-59-47	0	-
1513	186.269531	186.346354	Eb5	71	80	0	0	84148	P1-59-7	0	-
1514	186.335938	186.404948	G4	85	80	0	0	84178	P1-59-48	0	-
1515	186.335938	186.438802	Db5	68	80	0	0	84178	P1-59-27	0	-
1516	186.432292	186.500000	Eb5	67	80	0	0	84208	P1-59-8	0	-
1517	186.516927	186.759115	Eb3	85	80	0	0	84238	P1-59-49	0	-
1518	186.518229	186.679688	Db5	75	80	0	0	84238	P1-59-28	0	-
1519	186.615885	186.699219	Eb5	68	80	0	0	84268	P1-59-10	0	-
1520	186.623698	186.735677	Eb4	78	80	0	0	84298	P1-59-50	0	-
1521	186.687500	186.752604	Db5	67	80	0	0	84298	P1-59-29	0	-
1522	186.763021	186.852865	G3	76	80	0	0	84358	P1-59-51	0	-
1523	186.773438	186.929688	Eb5	71	80	0	0	84328	P1-59-11	0	-
1524	186.859375	186.959635	Db5	71	80	0	0	84358	P1-59-30	0	-
1525	186.869792	187.000000	Eb4	82	80	0	0	84418	P1-59-52	0	-
1526	186.936198	187.179688	Eb5	63	80	0	0	84448	P1-59-14	0	-
1527	187.006510	187.319010	F3	84	80	0	0	84478	P1-59-53	0	-
1528	187.014323	187.179688	Db5	76	80	0	0	84478	P1-59-32	0	-
1529	187.128906	187.231771	F4	75	80	0	0	84538	P1-59-54	0	-
1530	187.187500	187.299479	Db5	65	80	0	0	84538	P1-59-33	0	-
1531	187.244792	187.345052	Ab3	78	80	0	0	84598	P1-59-55	0	-
1532	187.294271	187.393229	Eb5	76	80	0	0	84628	P1-59-19	0	-
1533	187.355469	187.479167	F4	66	80	0	0	84658	P1-59-56	0	-
1534	187.363281	187.436198	Db5	75	80	0	0	84658	P1-59-35	0	-
1535	187.467448	187.829427	G3	90	80	0	0	84718	P1-59-57	0	-
1536	187.467448	187.592448	C5	73	80	0	0	84718	P1-59-21	0	-
1537	187.574219	187.694010	G4	79	80	0	0	84778	P1-59-58	0	-
1538	187.694010	187.938802	Bb3	79	80	0	0	84838	P1-59-59	0	-
1539	187.712240	187.785156	Bb4	79	80	0	0	84838	P1-59-22	0	-
1540	187.787760	187.938802	G4	68	80	0	0	84898	P1-59-60	0	-
1541	187.951823	188.039062	C4	68	80	0	0	-1	*	3	-
1542	188.053385	189.250000	C4	64	80	0	0	84958	P1-60-25	0	-
1543	188.074219	190.089844	Eb4	86	80	0	0	84958	P1-60-26	0	-
1544	188.115885	189.069010	Ab4	65	80	0	0	84958	P1-60-1	0	-
1545	188.236979	188.347656	Eb5	65	80	0	0	85018	P1-60-2	0	-
1546	188.393229	188.496094	C5	65	80	0	0	85078	P1-60-3	0	-
1547	188.527344	188.688802	Eb5	65	80	0	0	85138	P1-60-4	0	-
1548	188.684896	188.776042	Ab5	72	80	0	0	85198	P1-60-5	0	-
1549	188.809896	188.893229	Eb6	61	80	0	0	85258	P1-60-6	0	-
1550	188.903646	189.069010	C6	69	80	0	0	85318	P1-60-7	0	-
1551	189.045573	189.164062	Eb6	72	80	0	0	85378	P1-60-8	0	-
1552	189.154948	189.255208	Ab6	80	80	0	0	85438	P1-60-9	0	-
1553	189.264323	189.354167	Ab5	71	80	0	0	85498	P1-60-10	0	-
1554	189.375000	189.463542	Ab6	74	80	0	0	85558	P1-60-11	0	-
1555	189.497396	189.578125	Ab5	69	80	0	0	85618	P1-60-12	0	-
1556	189.584635	189.938802	C4	64	80	0	0	85678	P1-60-28	0	-
1557	189.604167	189.938802	Ab3	62	80	0	0	85678	P1-60-27	0	-
1558	189.608073	189.739583	Ab6	77	80	0	0	85678	P1-60-13	0	-
1559	189.746094	189.854167	Ab5	72	80	0	0	85738	P1-60-14	0	-
1560	189.867188	189.957031	Ab6	77	80	0	0	85798	P1-60-15	0	-
1561	189.990885	190.067708	Ab5	74	80	0	0	85858	P1-60-16	0	-
1562	190.062500	190.609375	C4	67	80	0	0	85918	P1-60-30	0	-
1563	190.085938	190.589844	Ab3	67	80	0	0	85918	P1-60-29	0	-
1564	190.089844	190.203125	Ab6	78	80	0	0	85918	P1-60-17	0	-
1565	190.222656	190.312500	Ab5	74	80	0	0	85978	P1-60-18	0	-
1566	190.324219	190.468750	Ab6	78	80	0	0	86038	P1-60-19	0	-
1567	190.446615	190.531250	Ab5	79	80	0	0	86098	P1-60-20	0	-
1568	190.544271	190.647135	Ab6	80	80	0	0	86158	P1-60-21	0	-
1569	190.661458	190.746094	Ab5	81	80	0	0	86218	P1-60-22	0	-
1570	190.752604	191.019531	Ab3	78	80	0	0	86278	P1-60-31	0	-
1571	190.753906	191.039062	C4	74	80	0	0	86278	P1-60-32	0	-
1572	190.764323	190.929688	Ab6	86	80	0	0	86278	P1-60-23	0	-
1573	190.893229	190.986979	Ab5	80	80	0	0	86338	P1-60-24	0	-
1574	191.003906	191.239583	Ab6	85	80	0	0	86398	P1-61-1	0	-
1575	191.013021	191.649740	Db4	76	80	0	0	86398	P1-61-25	0	-
1576	191.016927	192.269531	F4	82	80	0	0	86398	P1-61-26	0	-
1577	191.143229	191.242188	Ab5	76	80	0	0	86458	P1-61-2	0	-
1578	191.252604	191.365885	Ab6	85	80	0	0	86518	P1-61-3	0	-
1579	191.373698	191.467448	Ab5	79	80	0	0	86578	P1-61-4	0	-
1580	191.476562	191.585938	Ab6	88	80	0	0	86638	P1-61-5	0	-
1581	191.593750	191.684896	Ab5	83	80	0	0	86698	P1-61-6	0	-
1582	191.699219	191.808594	Ab6	86	80	0	0	86758	P1-61-7	0	-
1583	191.809896	191.890625	Ab5	86	80	0	0	86818	P1-61-8	0	-
1584	191.911458	192.119792	Ab6	84	80	0	0	86878	P1-61-9	0	-
1585	191.911458	193.829427	Db4	76	80	0	0	86878	P1-61-28	0	-
1586	191.914062	193.329427	Bb3	78	80	0	0	86878	P1-61-27	0	-
1587	192.033854	192.118490	Ab5	75	80	0	0	86938	P1-61-10	0	-
1588	192.132812	192.236979	Ab6	86	80	0	0	86998	P1-61-11	0	-
1589	192.243490	192.329427	Ab5	78	80	0	0	87058	P1-61-12	0	-
1590	192.348958	192.463542	Ab6	91	80	0	0	87118	P1-61-13	0	-
1591	192.473958	192.553385	Ab5	80	80	0	0	87178	P1-61-14	0	-
1592	192.567708	192.675781	Ab6	92	80	0	0	87238	P1-61-15	0	-
1593	192.687500	192.773438	Ab5	81	80	0	0	87298	P1-61-16	0	-
1594	192.791667	192.884115	Ab6	87	80	0	0	87358	P1-61-17	0	-
1595	192.904948	192.996094	Ab5	81	80	0	0	87418	P1-61-18	0	-
1596	193.010417	193.126302	Ab6	84	80	0	0	87478	P1-61-19	0	-
1597	193.135417	193.240885	Ab5	82	80	0	0	87538	P1-61-20	0	-
1598	193.243490	193.419271	Ab6	89	80	0	0	87598	P1-61-21	0	-
1599	193.375000	193.494792	Ab5	86	80	0	0	87658	P1-61-22	0	-
1600	193.503906	193.729167	Ab6	90	80	0	0	87718	P1-61-23	0	-
1601	193.643229	194.089844	Ab5	83	80	0	0	87778	P1-61-24	0	-
1602	193.822917	194.669271	Ab6	81	80	0	0	87838	P1-62-1	0	-
1603	193.841146	195.000000	Gb4	63	80	0	0	87838	P1-62-20	0	-
1604	193.843750	194.729167	Eb4	60	80	0	0	87838	P1-62-19	0	-
1605	194.361979	194.989583	Gb6	86	80	0	0	88078	P1-62-2	0	-
1606	194.657552	195.329427	F6	77	80	0	0	88198	P1-62-3	0	-
1607	194.916667	196.739583	Eb4	62	80	0	0	88318	P1-62-25	0	-
1608	194.920573	196.789062	C4	55	80	0	0	88318	P1-62-24	0	-
1609	195.208333	195.329427	Eb6	75	80	0	0	88438	P1-62-5	0	-
1610	195.346354	195.453125	D6	68	80	0	0	88498	P1-62-6	0	-
1611	195.464844	195.589844	Eb6	74	80	0	0	88558	P1-62-7	0	-
1612	195.605469	195.721354	F6	71	80	0	0	88618	P1-62-8	0	-
1613	195.718750	195.837240	Gb6	75	80	0	0	88678	P1-62-9	0	-
1614	195.842448	196.009115	F6	71	80	0	0	88738	P1-62-10	0	-
1615	195.972656	197.089844	Ab4	56	80	0	0	88798	P1-62-22	0	-
1616	195.975260	196.091146	Eb6	66	80	0	0	88798	P1-62-11	0	-
1617	196.100260	196.223958	F6	71	80	0	0	88858	P1-62-12	0	-
1618	196.230469	196.358073	Eb6	67	80	0	0	88918	P1-62-13	0	-
1619	196.355469	196.463542	Db6	63	80	0	0	88978	P1-62-14	0	-
1620	196.484375	196.625000	C6	63	80	0	0	89038	P1-62-15	0	-
1621	196.630208	196.938802	Bb5	68	80	0	0	89098	P1-62-16	0	-
1622	196.772135	197.169271	Ab5	68	80	0	0	89158	P1-62-17	0	-
1623	196.924479	197.539062	Gb5	74	80	0	0	89218	P1-62-18	0	-
1624	197.126302	197.882812	Db4	43	80	0	0	89278	P1-63-4	0	-
1625	197.233073	199.899740	F5	74	80	0	0	89278	P1-63-1	0	-
1626	197.544271	197.640625	F4	37	80	0	0	89398	P1-63-5	0	-
1627	197.550781	197.632812	Ab4	35	80	0	0	89398	P1-63-6	0	-
1628	197.794271	197.872396	Ab4	39	80	0	0	89518	P1-63-8	0	-
1629	197.811198	197.877604	F4	31	80	0	0	89518	P1-63-7	0	-
1630	198.066406	198.378906	F4	28	80	0	0	89638	P1-63-9	0	-
1631	198.076823	198.339844	Ab4	37	80	0	0	89638	P1-63-10	0	-
1632	198.315104	199.109375	Db4	35	80	0	0	89758	P1-63-11	0	-
1633	198.554688	198.617188	F4	37	80	0	0	89878	P1-63-12	0	-
1634	198.558594	198.658854	Ab4	36	80	0	0	89878	P1-63-13	0	-
1635	198.782552	200.408854	Ab5	74	80	0	0	89998	P1-63-2	0	-
1636	198.792969	198.884115	F4	39	80	0	0	89998	P1-63-14	0	-
1637	198.803385	198.884115	Ab4	43	80	0	0	89998	P1-63-15	0	-
1638	199.075521	199.339844	Ab4	37	80	0	0	90118	P1-63-17	0	-
1639	199.075521	199.319010	F4	40	80	0	0	90118	P1-63-16	0	-
1640	199.272135	200.029948	Db4	43	80	0	0	90238	P1-63-18	0	-
1641	199.529948	199.871094	F4	33	80	0	0	90358	P1-63-19	0	-
1642	199.531250	199.669271	Ab4	36	80	0	0	90358	P1-63-20	0	-
1643	199.773438	199.779948	G#3	39	80	0	0	90478	P1-63-21	1	-
1644	199.774740	200.309896	Db6	79	80	0	0	90478	P1-63-3	0	-
1645	199.776042	199.864583	Ab4	48	80	0	0	90478	P1-63-22	0	-
1646	200.055990	200.408854	Ab4	43	80	0	0	90598	P1-63-24	0	-
1647	200.057292	200.299479	F4	34	80	0	0	90598	P1-63-23	0	-
1648	200.295573	201.139323	Eb4	39	80	0	0	90718	P1-64-3	0	-
1649	200.316406	201.389323	Db6	72	80	0	0	90718	P1-64-1	0	-
1650	200.578125	200.839844	Gb4	43	80	0	0	90838	P1-64-4	0	-
1651	200.604167	200.669271	Ab4	37	80	0	0	90838	P1-64-5	0	-
1652	200.843750	200.920573	Ab4	40	80	0	0	90958	P1-64-7	0	-
1653	200.846354	200.921875	Gb4	32	80	0	0	90958	P1-64-6	0	-
1654	201.105469	201.438802	Gb4	39	80	0	0	91078	P1-64-8	0	-
1655	201.106771	201.399740	Ab4	39	80	0	0	91078	P1-64-9	0	-
1656	201.313802	203.408854	C6	66	80	0	0	91198	P1-64-2	0	-
1657	201.351562	201.789062	Eb4	35	80	0	0	91198	P1-64-10	0	-
1658	201.593750	201.664062	Ab4	42	80	0	0	91318	P1-64-12	0	-
1659	201.601562	201.669271	Gb4	37	80	0	0	91318	P1-64-11	0	-
1660	201.805990	201.891927	Ab4	41	80	0	0	91438	P1-64-14	0	-
1661	201.834635	201.899740	Gb4	41	80	0	0	91438	P1-64-13	0	-
1662	202.061198	202.359375	Gb4	38	80	0	0	91558	P1-64-15	0	-
1663	202.070312	202.348958	Ab4	45	80	0	0	91558	P1-64-16	0	-
1664	202.296875	203.128906	Eb4	46	80	0	0	91678	P1-64-17	0	-
1665	202.535156	202.601562	Ab4	49	80	0	0	91798	P1-64-19	0	-
1666	202.539062	202.602865	Gb4	45	80	0	0	91798	P1-64-18	0	-
1667	202.772135	202.846354	Gb4	50	80	0	0	91918	P1-64-20	0	-
1668	202.773438	202.842448	Ab4	54	80	0	0	91918	P1-64-21	0	-
1669	203.015625	203.139323	Ab4	61	80	0	0	92038	P1-64-23	0	-
1670	203.015625	203.075521	Gb4	56	80	0	0	92038	P1-64-22	0	-
1671	203.300781	204.188802	Gb4	48	80	0	0	92158	P1-65-4	0	-
1672	203.308594	203.319010	F#5	60	80	0	0	92158	*	3	-
1673	203.309896	205.299479	Eb6	84	80	0	0	92158	P1-65-1	0	-
1674	203.611979	203.683594	Eb5	53	80	0	0	92278	P1-65-7	0	-
1675	203.614583	203.684896	C5	44	80	0	0	92278	P1-65-6	0	-
1676	203.623698	203.759115	Ab4	43	80	0	0	92278	P1-65-5	0	-
1677	203.854167	203.916667	Eb5	49	80	0	0	92398	P1-65-10	0	-
1678	203.856771	203.916667	C5	49	80	0	0	92398	P1-65-9	0	-
1679	203.861979	203.949219	Ab4	37	80	0	0	92398	P1-65-8	0	-
1680	204.104167	204.269531	Ab4	42	80	0	0	92518	P1-65-11	0	-
1681	204.104167	204.289062	C5	51	80	0	0	92518	P1-65-12	0	-
1682	204.105469	204.369792	Eb5	48	80	0	0	92518	P1-65-13	0	-
1683	204.322917	205.158854	Gb4	52	80	0	0	92638	P1-65-14	0	-
1684	204.574219	204.653646	Eb5	53	80	0	0	92758	P1-65-17	0	-
1685	204.576823	204.653646	C5	48	80	0	0	92758	P1-65-16	0	-
1686	204.578125	204.651042	Ab4	48	80	0	0	92758	P1-65-15	0	-
1687	204.804688	205.859375	C6	77	80	0	0	92878	P1-65-2	0	-
1688	204.830729	204.885417	Eb5	47	80	0	0	92878	P1-65-20	0	-
1689	204.834635	204.888021	C5	52	80	0	0	92878	P1-65-19	0	-
1690	204.845052	204.929688	Ab4	35	80	0	0	92878	P1-65-18	0	-
1691	205.071615	205.348958	Ab4	57	80	0	0	92998	P1-65-21	0	-
1692	205.072917	205.378906	C5	60	80	0	0	92998	P1-65-22	0	-
1693	205.075521	205.348958	Eb5	55	80	0	0	92998	P1-65-23	0	-
1694	205.285156	206.158854	Gb4	67	80	0	0	93118	P1-65-24	0	-
1695	205.536458	205.613281	C5	57	80	0	0	93238	P1-65-26	0	-
1696	205.537760	205.614583	Eb5	58	80	0	0	93238	P1-65-27	0	-
1697	205.537760	205.679688	Ab4	54	80	0	0	93238	P1-65-25	0	-
1698	205.783854	206.339844	Ab5	84	80	0	0	93358	P1-65-3	0	-
1699	205.812500	205.878906	Eb5	57	80	0	0	93358	P1-65-30	0	-
1700	205.812500	205.873698	Ab4	51	80	0	0	93358	P1-65-28	0	-
1701	205.813802	205.875000	C5	55	80	0	0	93358	P1-65-29	0	-
1702	206.042969	206.229167	Eb5	62	80	0	0	93478	P1-65-33	0	-
1703	206.054688	206.359375	Ab4	59	80	0	0	93478	P1-65-31	0	-
1704	206.055990	206.339844	C5	60	80	0	0	93478	P1-65-32	0	-
1705	206.285156	207.229167	F4	57	80	0	0	93598	P1-66-4	0	-
1706	206.345052	207.549479	Ab5	82	80	0	0	93598	P1-66-1	0	-
1707	206.587240	206.667969	Ab4	55	80	0	0	93718	P1-66-5	0	-
1708	206.592448	206.674479	Db5	55	80	0	0	93718	P1-66-6	0	-
1709	206.832031	206.915365	Db5	59	80	0	0	93838	P1-66-8	0	-
1710	206.845052	206.912760	Ab4	55	80	0	0	93838	P1-66-7	0	-
1711	207.091146	207.399740	Db5	60	80	0	0	93958	P1-66-10	0	-
1712	207.106771	207.419271	Ab4	61	80	0	0	93958	P1-66-9	0	-
1713	207.325521	208.209635	F4	56	80	0	0	94078	P1-66-11	0	-
1714	207.352865	208.829427	Db6	84	80	0	0	94078	P1-66-2	0	-
1715	207.592448	207.674479	Db5	51	80	0	0	94198	P1-66-13	0	-
1716	207.593750	207.664062	Ab4	52	80	0	0	94198	P1-66-12	0	-
1717	207.832031	207.907552	Db5	58	80	0	0	94318	P1-66-15	0	-
1718	207.838542	207.903646	Ab4	52	80	0	0	94318	P1-66-14	0	-
1719	208.075521	208.359375	Db5	59	80	0	0	94438	P1-66-17	0	-
1720	208.111979	208.359375	Ab4	64	80	0	0	94438	P1-66-16	0	-
1721	208.294271	209.250000	F4	52	80	0	0	94558	P1-66-18	0	-
1722	208.555990	208.628906	Ab4	53	80	0	0	94678	P1-66-19	0	-
1723	208.563802	208.636719	Db5	56	80	0	0	94678	P1-66-20	0	-
1724	208.841146	209.449219	Db6	82	80	0	0	94798	P1-66-3	0	-
1725	208.864583	208.938802	Db5	48	80	0	0	94798	P1-66-22	0	-
1726	208.872396	208.941406	Ab4	46	80	0	0	94798	P1-66-21	0	-
1727	209.147135	209.559896	Db5	51	80	0	0	94918	P1-66-24	0	-
1728	209.152344	209.628906	Ab4	49	80	0	0	94918	P1-66-23	0	-
1729	209.462240	210.419271	E4	50	80	0	0	95038	P1-67-4	0	-
1730	209.463542	210.529948	Db6	78	80	0	0	95038	P1-67-1	0	-
1731	209.769531	209.899740	Db5	44	80	0	0	95158	P1-67-6	0	-
1732	209.773438	209.848958	Ab4	40	80	0	0	95158	P1-67-5	0	-
1733	210.024740	210.087240	Db5	49	80	0	0	95278	P1-67-8	0	-
1734	210.024740	210.089844	Ab4	34	80	0	0	95278	P1-67-7	0	-
1735	210.295573	210.679688	Ab4	50	80	0	0	95398	P1-67-9	0	-
1736	210.299479	210.649740	Db5	43	80	0	0	95398	P1-67-10	0	-
1737	210.535156	212.098958	Db6	75	80	0	0	95518	P1-67-2	0	-
1738	210.535156	211.419271	E4	42	80	0	0	95518	P1-67-11	0	-
1739	210.843750	210.949219	Db5	39	80	0	0	95638	P1-67-13	0	-
1740	210.845052	210.959635	Ab4	32	80	0	0	95638	P1-67-12	0	-
1741	211.065104	211.139323	Ab4	39	80	0	0	95758	P1-67-14	0	-
1742	211.070312	211.143229	Db5	34	80	0	0	95758	P1-67-15	0	-
1743	211.333333	211.649740	Ab4	44	80	0	0	95878	P1-67-16	0	-
1744	211.335938	211.569010	Db5	42	80	0	0	95878	P1-67-17	0	-
1745	211.575521	212.718750	E4	33	80	0	0	95998	P1-67-18	0	-
1746	211.578125	211.679688	Db5	25	80	0	0	96118	*	3	-
1747	211.858073	211.923177	Ab4	41	80	0	0	96118	P1-67-19	0	-
1748	211.861979	211.959635	Db5	32	80	0	0	96118	P1-67-20	0	-
1749	212.111979	212.500000	Db6	63	80	0	0	96238	P1-67-3	0	-
1750	212.111979	212.269531	Ab4	39	80	0	0	96238	P1-67-21	0	-
1751	212.119792	212.218750	Db5	40	80	0	0	96238	P1-67-22	0	-
1752	212.386719	212.859375	Db5	46	80	0	0	96358	P1-67-24	0	-
1753	212.416667	212.739583	Ab4	35	80	0	0	96358	P1-67-23	0	-
1754	212.688802	213.479167	Eb4	35	80	0	0	96478	P1-68-4	0	-
1755	212.690104	213.938802	Db6	62	80	0	0	96478	P1-68-1	0	-
1756	212.960938	213.128906	Cb5	39	80	0	0	96598	P1-68-6	0	-
1757	212.964844	213.058594	Gb4	34	80	0	0	96598	P1-68-5	0	-
1758	213.227865	213.296875	Cb5	36	80	0	0	96718	P1-68-8	0	-
1759	213.229167	213.295573	Gb4	33	80	0	0	96718	P1-68-7	0	-
1760	213.472656	213.609375	Gb4	33	80	0	0	96838	P1-68-9	0	-
1761	213.477865	213.869792	Cb5	35	80	0	0	96838	P1-68-10	0	-
1762	213.485677	213.563802	Eb4	26	80	0	0	-1	*	3	-
1763	213.729167	215.239583	Cb6	65	80	0	0	96958	P1-68-2	0	-
1764	213.761719	214.075521	Eb4	30	80	0	0	96958	P1-68-11	0	-
1765	213.776042	214.000000	Gb4	25	80	0	0	-1	*	3	-
1766	214.006510	214.076823	Cb5	33	80	0	0	97078	P1-68-13	0	-
1767	214.013021	214.158854	Gb4	22	80	0	0	97078	P1-68-12	0	-
1768	214.269531	214.408854	Cb5	37	80	0	0	97198	P1-68-15	0	-
1769	214.292969	214.341146	Gb4	24	80	0	0	97198	P1-68-14	0	-
1770	214.305990	214.589844	Eb4	14	80	0	0	-1	*	3	-
1771	214.498698	214.809896	Gb4	38	80	0	0	97318	P1-68-16	0	-
1772	214.506510	215.049479	Cb5	36	80	0	0	97318	P1-68-17	0	-
1773	214.527344	214.539062	A3	22	80	0	0	-1	*	3	-
1774	214.756510	215.459635	Eb4	30	80	0	0	97438	P1-68-18	0	-
1775	215.001302	215.055990	Gb4	26	80	0	0	97558	P1-68-19	0	-
1776	215.252604	215.718750	Cb6	62	80	0	0	97678	P1-68-3	0	-
1777	215.253906	215.332031	Gb4	31	80	0	0	97678	P1-68-21	0	-
1778	215.268229	215.335938	Cb5	40	80	0	0	97678	P1-68-22	0	-
1779	215.285156	215.299479	A3	22	80	0	0	-1	*	3	-
1780	215.492188	215.688802	Cb5	32	80	0	0	97798	P1-68-24	0	-
1781	215.493490	215.658854	Gb4	32	80	0	0	97798	P1-68-23	0	-
1782	215.733073	216.348958	B5	59	80	0	0	97918	P1-69-1	0	-
1783	215.743490	216.549479	D#4	32	80	0	0	97918	P1-69-14	0	-
1784	215.750000	215.848958	B4	28	80	0	0	-1	*	3	-
1785	215.986979	216.046875	F#4	29	80	0	0	98038	P1-69-15	0	-
1786	215.986979	216.044271	B4	33	80	0	0	98038	P1-69-16	0	-
1787	216.229167	216.859375	A5	63	80	0	0	98158	P1-69-2	0	-
1788	216.243490	216.348958	B4	41	80	0	0	98158	P1-69-18	0	-
1789	216.244792	216.307292	F#4	31	80	0	0	98158	P1-69-17	0	-
1790	216.481771	216.829427	F#4	32	80	0	0	98278	P1-69-19	0	-
1791	216.485677	216.878906	B4	36	80	0	0	98278	P1-69-20	0	-
1792	216.730469	217.128906	D#4	38	80	0	0	98398	P1-69-21	0	-
1793	216.833333	217.019531	B5	61	80	0	0	98458	P1-69-4	0	-
1794	216.834635	217.000000	F#4	26	80	0	0	98518	P1-69-22	0	-
1795	216.955729	217.018229	A5	53	80	0	0	98518	P1-69-5	0	-
1796	217.045573	217.149740	G#5	62	80	0	0	98578	P1-69-6	0	-
1797	217.167969	217.500000	A5	67	80	0	0	98638	P1-69-7	0	-
1798	217.173177	217.269531	B4	47	80	0	0	98638	P1-69-25	0	-
1799	217.178385	217.244792	F#4	38	80	0	0	98638	P1-69-24	0	-
1800	217.204427	217.598958	Eb4	29	80	0	0	-1	*	3	-
1801	217.407552	217.968750	B4	49	80	0	0	98758	P1-69-27	0	-
1802	217.407552	218.989583	F#4	37	80	0	0	98758	P1-69-26	0	-
1803	217.454427	217.677083	B5	76	80	0	0	98758	P1-69-8	0	-
1804	217.682292	217.805990	A5	69	80	0	0	98878	P1-69-9	0	-
1805	217.707031	218.899740	D#4	41	80	0	0	98878	P1-69-28	0	-
1806	217.819010	218.049479	B5	73	80	0	0	98938	P1-69-10	0	-
1807	217.975260	218.188802	B4	46	80	0	0	98998	P1-69-30	0	-
1808	217.985677	218.378906	C#6	75	80	0	0	98998	P1-69-11	0	-
1809	218.285156	218.718750	B5	71	80	0	0	99118	P1-69-12	0	-
1810	218.304688	218.619792	B4	50	80	0	0	99118	P1-69-32	0	-
1811	218.636719	219.069010	A5	76	80	0	0	99238	P1-69-13	0	-
1812	218.929688	219.069010	E4	40	80	0	0	-1	*	3	-
1813	219.020833	219.919271	G#4	55	80	0	0	99358	P1-70-20	0	-
1814	219.076823	219.848958	E4	39	80	0	0	99358	P1-70-19	0	-
1815	219.092448	219.669271	B4	53	80	0	0	99358	P1-70-21	0	-
1816	219.093750	219.207031	G#5	76	80	0	0	99358	P1-70-1	0	-
1817	219.243490	219.354167	E6	70	80	0	0	99418	P1-70-2	0	-
1818	219.380208	219.457031	B5	67	80	0	0	99478	P1-70-3	0	-
1819	219.498698	219.595052	E6	65	80	0	0	99538	P1-70-4	0	-
1820	219.604167	219.705729	G#6	77	80	0	0	99598	P1-70-5	0	-
1821	219.752604	219.816406	E6	56	80	0	0	99658	P1-70-6	0	-
1822	219.852865	220.000000	B5	66	80	0	0	99718	P1-70-7	0	-
1823	219.975260	220.059896	E6	61	80	0	0	99778	P1-70-8	0	-
1824	220.080729	220.152344	G#5	68	80	0	0	99838	P1-70-22	0	-
1825	220.200521	220.255208	E5	61	80	0	0	99898	P1-70-23	0	-
1826	220.305990	220.385417	B4	62	80	0	0	99958	P1-70-24	0	-
1827	220.424479	220.485677	E5	59	80	0	0	100018	P1-70-25	0	-
1828	220.540365	220.679688	G#4	63	80	0	0	100078	P1-70-10	0	-
1829	220.662760	220.734375	E4	56	80	0	0	100138	P1-70-11	0	-
1830	220.777344	220.843750	B3	58	80	0	0	100198	P1-70-12	0	-
1831	220.901042	220.950521	E4	56	80	0	0	100258	P1-70-13	0	-
1832	220.984375	221.044271	G#3	52	80	0	0	100318	P1-70-27	0	-
1833	221.066406	221.128906	E3	63	80	0	0	100378	P1-70-28	0	-
1834	221.216146	221.295573	B2	47	80	0	0	100438	P1-70-29	0	-
1835	221.264323	221.359375	E3	70	80	0	0	100498	P1-70-30	0	-
1836	221.444010	221.769531	E2	65	80	0	0	100558	P1-70-31	0	-
1837	221.462240	221.729167	G#2	68	80	0	0	100558	P1-70-15	0	-
1838	221.570312	221.769531	E3	72	80	0	0	100618	P1-70-16	0	-
1839	221.675781	221.769531	B2	57	80	0	0	100678	P1-70-17	0	-
1840	221.821615	221.949219	E3	40	80	0	0	100738	P1-70-18	0	-
1841	221.953125	222.279948	D#2	59	80	0	0	100798	P1-71-1	0	-
1842	221.953125	222.119792	Eb1	63	80	0	0	-1	*	3	-
1843	221.954427	221.959635	F#1	54	80	0	0	100798	P1-71-25	0	-
1844	222.074219	222.195312	B2	58	80	0	0	100858	P1-71-2	0	-
1845	222.192708	222.459635	A2	60	80	0	0	100918	P1-71-3	0	-
1846	222.321615	222.468750	B2	56	80	0	0	100978	P1-71-4	0	-
1847	222.444010	222.559896	D#3	66	80	0	0	101038	P1-71-5	0	-
1848	222.567708	222.666667	B2	52	80	0	0	101098	P1-71-6	0	-
1849	222.674479	222.783854	A2	60	80	0	0	101158	P1-71-7	0	-
1850	222.792969	222.908854	B2	64	80	0	0	101218	P1-71-8	0	-
1851	222.929688	223.309896	D#3	71	80	0	0	101278	P1-71-9	0	-
1852	222.932292	223.489583	F#1	54	80	0	0	101278	P1-71-28	0	-
1853	222.932292	223.489583	F#2	53	80	0	0	101278	P1-71-30	0	-
1854	223.035156	223.098958	B2	48	80	0	0	101338	P1-71-10	1	-
1855	223.166667	223.250000	A3	49	80	0	0	101398	P1-71-11	0	-
1856	223.281250	223.373698	B3	66	80	0	0	101458	P1-71-12	0	-
1857	223.415365	223.515625	D#4	66	80	0	0	101518	P1-71-13	0	-
1858	223.529948	223.635417	B3	63	80	0	0	101578	P1-71-14	0	-
1859	223.653646	223.720052	A3	58	80	0	0	101638	P1-71-15	0	-
1860	223.761719	223.812500	B3	65	80	0	0	101698	P1-71-16	0	-
1861	223.894531	224.109375	D#4	67	80	0	0	101758	P1-71-17	0	-
1862	223.914062	224.819010	F#2	38	80	0	0	101758	P1-71-33	0	-
1863	223.916667	224.539062	F#1	40	80	0	0	101758	P1-71-31	0	-
1864	223.929688	223.938802	B1	36	80	0	0	101758	P1-71-32	0	-
1865	224.011719	224.095052	B4	56	80	0	0	101818	P1-71-18	0	-
1866	224.138021	224.216146	A4	62	80	0	0	101878	P1-71-19	0	-
1867	224.263021	224.341146	B4	55	80	0	0	101938	P1-71-20	0	-
1868	224.360677	224.463542	D#5	67	80	0	0	101998	P1-71-21	0	-
1869	224.496094	224.565104	B4	59	80	0	0	102058	P1-71-22	0	-
1870	224.613281	224.677083	A4	56	80	0	0	102118	P1-71-23	0	-
1871	224.725260	224.848958	B4	53	80	0	0	102178	P1-71-24	0	-
1872	224.843750	226.299479	G#1	45	80	0	0	102238	P1-72-25	0	-
1873	224.845052	224.963542	E5	75	80	0	0	102238	P1-72-1	0	-
1874	224.964844	225.084635	B5	71	80	0	0	102298	P1-72-2	0	-
1875	225.091146	225.182292	G#5	58	80	0	0	102358	P1-72-3	0	-
1876	225.190104	225.282552	B5	69	80	0	0	102418	P1-72-4	0	-
1877	225.312500	225.385417	E6	62	80	0	0	102478	P1-72-5	0	-
1878	225.345052	225.468750	D6	54	80	0	0	-1	*	3	-
1879	225.423177	225.503906	B5	72	80	0	0	102538	P1-72-6	0	-
1880	225.532552	225.613281	G#5	61	80	0	0	102598	P1-72-7	0	-
1881	225.632812	225.707031	B5	75	80	0	0	102658	P1-72-8	0	-
1882	225.753906	225.834635	E5	74	80	0	0	102718	P1-72-9	0	-
1883	225.884115	225.963542	B4	67	80	0	0	102778	P1-72-10	0	-
1884	226.018229	226.065104	G#4	56	80	0	0	102838	P1-72-11	0	-
1885	226.119792	226.184896	B4	64	80	0	0	102898	P1-72-12	0	-
1886	226.213542	226.308594	E4	63	80	0	0	102958	P1-72-13	0	-
1887	226.369792	226.437500	B3	53	80	0	0	103018	P1-72-14	0	-
1888	226.514323	226.595052	G#3	55	80	0	0	103078	P1-72-15	0	-
1889	226.608073	226.683594	B3	64	80	0	0	103138	P1-72-16	0	-
1890	226.712240	226.794271	E3	65	80	0	0	103198	P1-72-17	0	-
1891	226.834635	226.929688	B3	52	80	0	0	103258	P1-72-18	0	-
1892	226.933594	226.993490	G#3	59	80	0	0	103318	P1-72-19	0	-
1893	227.057292	227.119792	B3	50	80	0	0	103378	P1-72-20	0	-
1894	227.145833	227.242188	E4	63	80	0	0	103438	P1-72-21	0	-
1895	227.283854	227.363281	B3	49	80	0	0	103498	P1-72-22	0	-
1896	227.377604	227.429688	G#3	61	80	0	0	103558	P1-72-23	0	-
1897	227.496094	227.579427	B3	55	80	0	0	103618	P1-72-24	0	-
1898	227.602865	227.678385	F#3	57	80	0	0	103678	P1-73-1	0	-
1899	227.619792	227.759115	D#2	42	80	0	0	103678	P1-73-25	0	-
1900	227.625000	228.049479	B2	39	80	0	0	103678	P1-73-26	0	-
1901	227.630208	228.059896	B1	42	80	0	0	-1	*	3	-
1902	227.716146	227.794271	B3	53	80	0	0	103738	P1-73-2	0	-
1903	227.828125	227.968750	A3	59	80	0	0	103798	P1-73-3	0	-
1904	227.954427	228.013021	B3	60	80	0	0	103858	P1-73-4	0	-
1905	228.039062	228.143229	F#4	65	80	0	0	103918	P1-73-5	0	-
1906	228.164062	228.273438	B3	52	80	0	0	103978	P1-73-6	0	-
1907	228.283854	228.355469	A3	64	80	0	0	104038	P1-73-7	0	-
1908	228.385417	228.454427	B3	67	80	0	0	104098	P1-73-8	0	-
1909	228.536458	228.643229	F#4	64	80	0	0	104158	P1-73-9	0	-
1910	228.544271	228.699219	D#3	54	80	0	0	104158	P1-73-30	0	-
1911	228.550781	228.635417	D#2	47	80	0	0	104158	P1-73-28	0	-
1912	228.566406	228.739583	B2	41	80	0	0	104158	P1-73-29	0	-
1913	228.654948	228.726562	B4	61	80	0	0	104218	P1-73-10	0	-
1914	228.765625	228.815104	A4	63	80	0	0	104278	P1-73-11	0	-
1915	228.898438	228.984375	B4	57	80	0	0	104338	P1-73-12	0	-
1916	228.996094	229.101562	F#5	67	80	0	0	104398	P1-73-13	0	-
1917	229.121094	229.212240	B4	67	80	0	0	104458	P1-73-14	0	-
1918	229.234375	229.311198	A4	66	80	0	0	104518	P1-73-15	0	-
1919	229.334635	229.419271	B4	64	80	0	0	104578	P1-73-16	0	-
1920	229.481771	229.859375	D#2	48	80	0	0	104638	P1-73-31	0	-
1921	229.483073	229.557292	F#5	55	80	0	0	104638	P1-73-17	0	-
1922	229.483073	229.809896	B2	48	80	0	0	104638	P1-73-32	0	-
1923	229.483073	229.869792	D#3	52	80	0	0	104638	P1-73-33	0	-
1924	229.576823	229.695312	B5	62	80	0	0	104698	P1-73-18	0	-
1925	229.723958	229.792969	A5	59	80	0	0	104758	P1-73-19	0	-
1926	229.832031	229.934896	B5	70	80	0	0	104818	P1-73-20	0	-
1927	229.960938	230.044271	F#6	71	80	0	0	104878	P1-73-21	0	-
1928	230.074219	230.152344	B5	67	80	0	0	104938	P1-73-22	0	-
1929	230.187500	230.265625	A5	66	80	0	0	104998	P1-73-23	0	-
1930	230.278646	230.372396	B5	67	80	0	0	105058	P1-73-24	0	-
1931	230.322917	230.619792	E2	37	80	0	0	105118	P1-74-25	0	-
1932	230.393229	230.494792	G#5	65	80	0	0	105118	P1-74-1	0	-
1933	230.425781	230.908854	B2	46	80	0	0	105118	P1-74-26	0	-
1934	230.437500	230.699219	E3	49	80	0	0	105118	P1-74-27	0	-
1935	230.527344	230.601562	G#6	65	80	0	0	105178	P1-74-2	0	-
1936	230.647135	230.819010	B5	61	80	0	0	105238	P1-74-3	0	-
1937	230.783854	231.000000	G#6	68	80	0	0	105298	P1-74-4	0	-
1938	230.924479	231.119792	E4	54	80	0	0	105358	P1-74-29	0	-
1939	230.925781	231.199219	E3	53	80	0	0	105358	P1-74-28	0	-
1940	230.928385	231.109375	G#5	54	80	0	0	105358	P1-74-5	0	-
1941	230.929688	231.119792	B3	43	80	0	0	105358	*	3	-
1942	231.067708	231.141927	G#6	68	80	0	0	105418	P1-74-6	0	-
1943	231.174479	231.289062	B5	56	80	0	0	105478	P1-74-7	0	-
1944	231.303385	231.382812	G#6	74	80	0	0	105538	P1-74-8	0	-
1945	231.391927	231.559896	G#5	76	80	0	0	105598	P1-74-9	0	-
1946	231.401042	231.628906	E3	55	80	0	0	105598	P1-74-30	0	-
1947	231.402344	231.481771	E4	55	80	0	0	105598	P1-74-31	0	-
1948	231.403646	231.569010	B3	46	80	0	0	105598	*	3	-
1949	231.523438	231.608073	G#6	78	80	0	0	105658	P1-74-10	0	-
1950	231.641927	231.723958	B5	73	80	0	0	105718	P1-74-11	0	-
1951	231.756510	231.845052	G#6	83	80	0	0	105778	P1-74-12	0	-
1952	231.867188	232.139323	C#4	56	80	0	0	105838	P1-74-34	0	-
1953	231.871094	232.069010	A5	72	80	0	0	105838	P1-74-13	0	-
1954	231.875000	232.100260	C#3	53	80	0	0	105838	P1-74-32	0	-
1955	231.882812	232.130208	E3	54	80	0	0	105838	P1-74-33	0	-
1956	231.989583	232.091146	A6	80	80	0	0	105898	P1-74-14	0	-
1957	232.092448	232.213542	E6	76	80	0	0	105958	P1-74-15	0	-
1958	232.239583	232.316406	A6	82	80	0	0	106018	P1-74-16	0	-
1959	232.334635	232.598958	C#4	51	80	0	0	106078	P1-74-37	0	-
1960	232.339844	232.529948	A5	78	80	0	0	106078	P1-74-17	0	-
1961	232.361979	232.679688	C#3	49	80	0	0	106078	P1-74-35	0	-
1962	232.385417	232.679688	E3	52	80	0	0	106078	P1-74-36	0	-
1963	232.468750	232.576823	A6	82	80	0	0	106138	P1-74-18	0	-
1964	232.575521	232.703125	E6	70	80	0	0	106198	P1-74-19	0	-
1965	232.703125	232.804688	A6	81	80	0	0	106258	P1-74-20	0	-
1966	232.813802	233.039062	A#5	72	80	0	0	106318	P1-74-21	0	-
1967	232.825521	233.179688	E3	43	80	0	0	106318	P1-74-39	0	-
1968	232.828125	233.169271	B#2	52	80	0	0	106318	P1-74-38	0	-
1969	232.937500	233.059896	A#6	86	80	0	0	106378	P1-74-22	0	-
1970	233.053385	233.173177	E6	73	80	0	0	106438	P1-74-23	0	-
1971	233.169271	233.270833	A#6	85	80	0	0	106498	P1-74-24	0	-
1972	233.277344	233.468750	A#5	78	80	0	0	106558	P1-75-1	0	-
1973	233.291667	233.569010	B#3	53	80	0	0	106558	P1-75-27	0	-
1974	233.313802	233.619792	B#2	57	80	0	0	106558	P1-75-25	0	-
1975	233.315104	233.555990	E3	58	80	0	0	106558	P1-75-26	0	-
1976	233.411458	233.515625	A#6	87	80	0	0	106618	P1-75-2	0	-
1977	233.526042	233.653646	E6	69	80	0	0	106678	P1-75-3	0	-
1978	233.649740	233.744792	A#6	87	80	0	0	106738	P1-75-4	0	-
1979	233.755208	234.128906	B2	54	80	0	0	106798	P1-75-28	0	-
1980	233.755208	234.029948	B3	53	80	0	0	106798	P1-75-30	0	-
1981	233.763021	234.139323	E3	53	80	0	0	106798	P1-75-29	0	-
1982	233.766927	234.000000	B5	72	80	0	0	106798	P1-75-5	0	-
1983	233.885417	234.006510	B6	87	80	0	0	106858	P1-75-6	0	-
1984	234.015625	234.151042	E6	68	80	0	0	106918	P1-75-7	0	-
1985	234.138021	234.230469	B6	91	80	0	0	106978	P1-75-8	0	-
1986	234.251302	234.419271	B5	75	80	0	0	107038	P1-75-9	0	-
1987	234.259115	234.649740	E3	47	80	0	0	107038	P1-75-32	0	-
1988	234.260417	234.539062	A3	48	80	0	0	107038	P1-75-33	0	-
1989	234.261719	234.589844	A2	49	80	0	0	107038	P1-75-31	0	-
1990	234.376302	234.496094	B6	92	80	0	0	107098	P1-75-10	0	-
1991	234.494792	234.606771	E6	81	80	0	0	107158	P1-75-11	0	-
1992	234.611979	234.714844	B6	82	80	0	0	107218	P1-75-12	0	-
1993	234.736979	234.845052	B#5	78	80	0	0	107278	P1-75-13	0	-
1994	234.744792	234.919271	G#2	53	80	0	0	107278	P1-75-34	0	-
1995	234.875000	234.981771	B#6	88	80	0	0	107338	P1-75-14	0	-
1996	234.976562	235.095052	E6	83	80	0	0	107398	P1-75-15	0	-
1997	235.085938	235.209635	B#6	88	80	0	0	107458	P1-75-16	0	-
1998	235.252604	235.699219	G#3	65	80	0	0	107518	P1-75-37	0	-
1999	235.348958	235.789062	E4	62	80	0	0	107518	P1-75-38	0	-
2000	235.377604	235.688802	B#4	79	80	0	0	107518	P1-75-17	0	-
2001	235.377604	235.679688	G#4	63	80	0	0	107518	P1-75-39	0	-
2002	235.526042	235.654948	B#5	82	80	0	0	107578	P1-75-18	0	-
2003	235.662760	235.786458	E5	73	80	0	0	107638	P1-75-19	0	-
2004	235.815104	235.971354	B#5	71	80	0	0	107698	P1-75-20	0	-
2005	235.972656	236.359375	C#5	70	80	0	0	107758	P1-75-21	0	-
2006	235.989583	236.829427	E4	48	80	0	0	107758	P1-75-41	0	-
2007	235.993490	237.169271	A3	52	80	0	0	107758	P1-75-40	0	-
2008	236.125000	236.264323	C#6	77	80	0	0	107818	P1-75-22	0	-
2009	236.270833	236.829427	E5	68	80	0	0	107878	P1-75-23	0	-
2010	236.442708	236.799479	C#6	74	80	0	0	107938	P1-75-24	0	-
2011	236.813802	237.729167	C#6	81	80	0	0	107998	P1-76-1	0	-
2012	237.097656	237.750000	A4	45	80	0	0	108118	P1-76-8	0	-
2013	237.385417	238.402344	A3	50	80	0	0	108238	P1-76-9	0	-
2014	237.643229	237.938802	C#5	51	80	0	0	108358	P1-76-2	0	-
2015	237.886719	238.959635	B5	74	80	0	0	108478	P1-76-3	0	-
2016	238.153646	238.609375	G#4	47	80	0	0	108598	P1-76-11	0	-
2017	238.403646	239.455729	G#3	36	80	0	0	108718	P1-76-12	0	-
2018	238.652344	239.029948	B4	57	80	0	0	108838	P1-76-4	0	-
2019	238.917969	239.809896	A5	72	80	0	0	108958	P1-76-5	0	-
2020	239.183594	239.729167	F#4	45	80	0	0	109078	P1-76-14	0	-
2021	239.455729	240.639323	F#3	46	80	0	0	109198	P1-76-15	0	-
2022	239.704427	240.128906	A#5	75	80	0	0	109318	P1-76-6	0	-
2023	240.040365	241.250000	B5	73	80	0	0	109438	P1-77-1	0	-
2024	240.305990	241.029948	G#4	55	80	0	0	109558	P1-77-10	0	-
2025	240.593750	241.769531	G#3	39	80	0	0	109678	P1-77-11	0	-
2026	240.843750	241.559896	B4	52	80	0	0	109798	P1-77-2	0	-
2027	241.127604	242.378906	A5	64	80	0	0	109918	P1-77-3	0	-
2028	241.399740	241.789062	F#4	37	80	0	0	110038	P1-77-13	0	-
2029	241.671875	242.329427	F#3	44	80	0	0	110158	P1-77-14	0	-
2030	241.921875	242.319010	A4	49	80	0	0	110278	P1-77-4	0	-
2031	242.292969	243.019531	G#5	59	80	0	0	110398	P1-77-6	0	-
2032	242.298177	243.009115	E#3	36	80	0	0	110398	P1-77-15	0	-
2033	242.304688	242.809896	G#4	45	80	0	0	110398	P1-77-5	0	-
2034	242.976562	243.339844	G5	56	80	0	0	110638	P1-77-8	0	-
2035	243.002604	243.509115	E3	34	80	0	0	110638	P1-77-17	0	-
2036	243.003906	243.389323	G4	40	80	0	0	110638	P1-77-7	0	-
2037	243.007812	243.339844	E4	33	80	0	0	110638	P1-77-18	0	-
2038	243.903646	245.479167	G5	54	80	0	0	110878	P1-78-2	0	-
2039	243.925781	245.128906	Eb4	29	80	0	0	110878	P1-78-14	0	-
2040	243.930990	245.009115	Eb3	30	80	0	0	110878	P1-78-13	0	-
2041	243.934896	244.949219	G4	33	80	0	0	110878	P1-78-1	0	-
2042	245.436198	246.019531	Ab5	77	80	0	0	111598	P1-78-4	0	-
2043	245.436198	245.799479	F4	39	80	0	0	111598	P1-78-16	0	-
2044	245.454427	245.729167	F3	35	80	0	0	111598	P1-78-15	0	-
2045	245.464844	245.769531	Ab4	45	80	0	0	111598	P1-78-3	0	-
2046	245.476562	245.489583	G#3	28	80	0	0	-1	*	3	-
2047	245.968750	246.399740	Bb5	77	80	0	0	111838	P1-78-6	0	-
2048	245.977865	246.117188	Bb4	66	80	0	0	111838	P1-78-5	0	-
2049	245.983073	246.358073	G3	45	80	0	0	111838	P1-78-17	0	-
2050	246.334635	246.699219	C6	86	80	0	0	111958	P1-78-8	0	-
2051	246.343750	246.619792	C5	75	80	0	0	111958	P1-78-7	0	-
2052	246.348958	246.628906	Ab3	58	80	0	0	111958	P1-78-19	0	-
2053	246.358073	246.609375	Ab4	66	80	0	0	111958	P1-78-20	0	-
2054	246.674479	247.089844	Db6	81	80	0	0	112078	P1-78-10	0	-
2055	246.683594	247.059896	Db5	72	80	0	0	112078	P1-78-9	0	-
2056	246.683594	247.082031	Bb3	62	80	0	0	112078	P1-78-21	0	-
2057	247.045573	247.639323	Eb6	88	80	0	0	112198	P1-78-12	0	-
2058	247.066406	247.500000	Eb5	68	80	0	0	112198	P1-78-11	0	-
2059	247.074219	247.500000	C4	56	80	0	0	112198	P1-78-23	0	-
2060	247.075521	247.188802	C5	53	80	0	0	112198	P1-78-24	0	-
2061	247.569010	248.989583	F6	84	80	0	0	112318	P1-79-1	0	-
2062	247.902344	248.628906	Db5	58	80	0	0	112438	P1-79-8	0	-
2063	248.180990	248.938802	Db4	54	80	0	0	112558	P1-79-9	0	-
2064	248.466146	248.848958	F5	57	80	0	0	112678	P1-79-2	0	-
2065	248.752604	250.039062	Eb6	78	80	0	0	112798	P1-79-3	0	-
2066	248.973958	249.569010	C5	64	80	0	0	112918	P1-79-11	0	-
2067	249.240885	249.839844	C4	62	80	0	0	113038	P1-79-12	0	-
2068	249.475260	249.878906	Eb5	71	80	0	0	113158	P1-79-4	0	-
2069	249.733073	250.569010	Db6	80	80	0	0	113278	P1-79-5	0	-
2070	249.970052	250.299479	Bb4	68	80	0	0	113398	P1-79-14	0	-
2071	250.233073	250.899740	Bb3	59	80	0	0	113518	P1-79-15	0	-
2072	250.472656	250.859375	D6	78	80	0	0	113638	P1-79-6	0	-
2073	250.777344	251.959635	Eb6	79	80	0	0	113758	P1-80-1	0	-
2074	251.020833	251.639323	C5	63	80	0	0	113878	P1-80-10	0	-
2075	251.273438	252.343750	C4	56	80	0	0	113998	P1-80-11	0	-
2076	251.536458	251.959635	Eb5	63	80	0	0	114118	P1-80-2	0	-
2077	251.796875	252.799479	Db6	74	80	0	0	114238	P1-80-3	0	-
2078	252.036458	252.359375	Bb4	54	80	0	0	114358	P1-80-13	0	-
2079	252.298177	252.928385	Bb3	47	80	0	0	114478	P1-80-14	0	-
2080	252.533854	252.789062	Db5	53	80	0	0	114598	P1-80-4	0	-
2081	252.794271	253.170573	Ab4	42	80	0	0	114718	P1-80-15	0	-
2082	252.820312	253.239583	C6	57	80	0	0	114718	P1-80-5	0	-
2083	253.113281	253.459635	C5	67	80	0	0	114838	P1-80-6	0	-
2084	253.154948	253.468750	Ab3	37	80	0	0	114838	P1-80-16	0	-
2085	253.414062	253.802083	Db5	72	80	0	0	114958	P1-80-7	0	-
2086	253.473958	253.774740	Bb3	44	80	0	0	114958	P1-80-17	0	-
2087	253.729167	254.039062	Eb5	74	80	0	0	115078	P1-80-8	0	-
2088	253.756510	254.074219	C4	48	80	0	0	115078	P1-80-18	0	-
2089	254.082031	254.423177	G5	67	80	0	0	115198	P1-81-1	0	-
2090	254.088542	254.423177	Eb4	45	80	0	0	115198	P1-81-13	0	-
2091	254.415365	254.683594	E5	60	80	0	0	115318	P1-81-2	0	-
2092	254.423177	254.686198	C4	41	80	0	0	115318	P1-81-14	0	-
2093	254.701823	255.009115	F5	63	80	0	0	115438	P1-81-3	0	-
2094	254.714844	255.049479	Db4	41	80	0	0	115438	P1-81-15	0	-
2095	254.957031	255.244792	F4	58	80	0	0	115558	P1-81-4	0	-
2096	254.979167	255.233073	Db3	47	80	0	0	115558	P1-81-16	0	-
2097	255.218750	255.513021	F5	70	80	0	0	115678	P1-81-5	0	-
2098	255.255208	255.549479	Db4	43	80	0	0	115678	P1-81-17	0	-
2099	255.502604	255.751302	D5	63	80	0	0	115798	P1-81-6	0	-
2100	255.503906	255.751302	Cb4	47	80	0	0	115798	P1-81-18	0	-
2101	255.757812	256.079427	Eb5	60	80	0	0	115918	P1-81-7	0	-
2102	255.792969	256.016927	C4	44	80	0	0	115918	P1-81-19	0	-
2103	256.015625	256.399740	Eb4	61	80	0	0	116038	P1-81-8	0	-
2104	256.023438	256.305990	C3	51	80	0	0	116038	P1-81-20	0	-
2105	256.279948	256.533854	Eb5	62	80	0	0	116158	P1-81-9	0	-
2106	256.299479	256.559896	C4	43	80	0	0	116158	P1-81-21	0	-
2107	256.533854	256.786458	C5	59	80	0	0	116278	P1-81-10	0	-
2108	256.572917	256.790365	A3	31	80	0	0	116278	P1-81-22	0	-
2109	256.796875	257.329427	Db5	56	80	0	0	116398	P1-81-11	0	-
2110	256.799479	257.052083	Bb3	46	80	0	0	116398	P1-81-23	0	-
2111	257.058594	257.199219	Db4	47	80	0	0	116518	P1-81-12	0	-
2112	257.059896	257.278646	Bb2	43	80	0	0	116518	P1-81-24	0	-
2113	257.321615	257.606771	F5	65	80	0	0	116638	P1-82-5	0	-
2114	257.329427	257.395833	Db4	44	80	0	0	116638	P1-82-19	0	-
2115	257.604167	257.829427	Cb4	46	80	0	0	116758	P1-82-20	0	-
2116	257.605469	257.834635	D5	55	80	0	0	116758	P1-82-6	0	-
2117	257.863281	258.093750	C4	45	80	0	0	116878	P1-82-21	0	-
2118	257.863281	258.096354	Eb5	54	80	0	0	116878	P1-82-7	0	-
2119	258.110677	258.317708	Eb4	54	80	0	0	116998	P1-82-8	0	-
2120	258.114583	258.356771	C3	44	80	0	0	116998	P1-82-22	0	-
2121	258.364583	258.631510	Eb5	61	80	0	0	117118	P1-82-9	0	-
2122	258.394531	258.626302	C4	40	80	0	0	117118	P1-82-23	0	-
2123	258.626302	258.889323	C5	65	80	0	0	117238	P1-82-10	0	-
2124	258.632812	258.878906	A3	42	80	0	0	117238	P1-82-24	0	-
2125	258.864583	259.329427	Db5	71	80	0	0	117358	P1-82-11	0	-
2126	258.867188	259.199219	Bb3	55	80	0	0	117358	P1-82-25	0	-
2127	259.102865	259.352865	Bb2	49	80	0	0	117478	P1-82-26	0	-
2128	259.108073	259.166667	Db4	60	80	0	0	117478	P1-82-12	0	-
2129	259.356771	259.692708	C5	76	80	0	0	117598	P1-82-3	0	-
2130	259.376302	259.489583	Ab3	47	80	0	0	117598	P1-82-28	0	-
2131	259.378906	259.739583	C3	44	80	0	0	117598	P1-82-27	0	-
2132	259.380208	259.707031	Eb4	48	80	0	0	117598	P1-82-13	0	-
2133	259.661458	259.819010	Bb4	80	80	0	0	117718	P1-82-15	0	-
2134	259.661458	259.755208	G3	51	80	0	0	117718	P1-82-30	0	-
2135	259.664062	259.919271	Db3	52	80	0	0	117718	P1-82-29	0	-
2136	259.893229	260.213542	C5	83	80	0	0	117838	P1-82-4	0	-
2137	259.912760	259.919271	C4	57	80	0	0	-1	*	3	-
2138	259.915365	260.229167	Ab3	56	80	0	0	117838	P1-82-32	0	-
2139	259.916667	260.259115	C3	53	80	0	0	117838	P1-82-31	0	-
2140	259.921875	260.269531	Eb4	62	80	0	0	117838	P1-82-16	0	-
2141	260.170573	260.502604	Bb4	85	80	0	0	117958	P1-82-18	0	-
2142	260.174479	260.479167	G3	58	80	0	0	117958	P1-82-34	0	-
2143	260.182292	260.529948	Db3	59	80	0	0	117958	P1-82-33	0	-
2144	260.492188	261.718750	C5	84	80	0	0	118078	P1-83-2	0	-
2145	260.520833	261.419271	Eb4	63	80	0	0	118078	P1-83-1	0	-
2146	260.523438	261.739583	Ab3	56	80	0	0	118078	P1-83-14	0	-
2147	261.595052	262.609375	Bb4	69	80	0	0	118558	P1-83-4	0	-
2148	261.614583	262.419271	G3	47	80	0	0	118558	P1-83-16	0	-
2149	261.617188	262.459635	Db3	45	80	0	0	118558	P1-83-15	0	-
2150	261.623698	262.289062	Eb4	46	80	0	0	118558	P1-83-3	0	-
2151	262.541667	262.979167	Ab3	63	80	0	0	119038	P1-83-18	0	-
2152	262.553385	262.989583	Eb5	80	80	0	0	119038	P1-83-6	0	-
2153	262.561198	262.968750	C3	58	80	0	0	119038	P1-83-17	0	-
2154	262.601562	263.019531	Eb4	54	80	0	0	119038	P1-83-5	0	-
2155	262.906250	263.229167	D5	82	80	0	0	119158	P1-83-8	0	-
2156	262.911458	263.179688	F3	62	80	0	0	119158	P1-83-20	0	-
2157	262.944010	263.164062	Bb2	65	80	0	0	119158	P1-83-19	0	-
2158	262.944010	263.229167	Ab4	66	80	0	0	119158	P1-83-7	0	-
2159	263.209635	263.509115	Ab3	63	80	0	0	119278	P1-83-22	0	-
2160	263.213542	263.549479	Eb5	86	80	0	0	119278	P1-83-10	0	-
2161	263.213542	263.510417	C3	65	80	0	0	119278	P1-83-21	0	-
2162	263.227865	263.679688	Eb4	69	80	0	0	119278	P1-83-9	0	-
2163	263.481771	263.750000	F3	62	80	0	0	119398	P1-83-24	0	-
2164	263.485677	263.889323	D5	90	80	0	0	119398	P1-83-12	0	-
2165	263.507812	263.669271	Bb2	64	80	0	0	119398	P1-83-23	0	-
2166	263.514323	263.718750	Ab4	68	80	0	0	119398	P1-83-11	0	-
2167	263.644531	264.539062	C3	63	80	0	0	-1	*	3	-
2168	263.765625	264.468750	Eb3	54	80	0	0	-1	*	3	-
2169	263.773438	263.779948	Bb2	52	80	0	0	-1	*	3	-
2170	263.867188	264.959635	Eb5	87	80	0	0	119518	P1-84-8	0	-
2171	263.899740	264.399740	Ab3	63	80	0	0	119518	P1-84-7	1	-
2172	263.903646	264.779948	Eb4	59	80	0	0	-1	*	3	-
2173	264.720052	264.796875	Bb2	52	80	0	0	119998	P1-84-42	0	-
2174	264.796875	264.979167	C3	52	80	0	0	120028	P1-84-20	0	-
2175	264.923177	265.188802	Bb2	52	80	0	0	120058	P1-84-43	0	-
2176	264.944010	266.408854	D4	56	80	0	0	119998	P1-84-9	0	-
2177	264.985677	265.079427	C3	39	80	0	0	120088	P1-84-21	0	-
2178	265.087240	266.819010	Ab4	68	80	0	0	120058	P1-84-10	0	-
2179	265.089844	265.199219	C3	43	80	0	0	120118	P1-84-44	1	-
2180	265.205729	266.500000	F5	83	80	0	0	120118	P1-84-3	0	-
2181	265.207031	265.309896	C3	52	80	0	0	120148	P1-84-23	0	-
2182	265.289062	265.346354	Bb2	46	80	0	0	120178	P1-84-45	0	-
2183	265.384115	265.454427	C3	51	80	0	0	120208	P1-84-24	0	-
2184	265.481771	265.535156	Bb2	51	80	0	0	120238	P1-84-46	0	-
2185	265.565104	265.626302	C3	50	80	0	0	120268	P1-84-26	0	-
2186	265.656250	265.720052	Bb2	56	80	0	0	120298	P1-84-59	0	-
2187	265.740885	265.808594	C3	62	80	0	0	120318	P1-84-28	0	-
2188	265.834635	265.903646	Bb2	65	80	0	0	120358	P1-84-47	1	-
2189	265.936198	266.016927	C3	70	80	0	0	120418	P1-84-48	1	-
2190	266.041667	266.119792	Bb2	59	80	0	0	120508	P1-84-31	0	-
2191	266.125000	266.222656	Ab2	72	80	0	0	120538	P1-84-50	0	-
2192	266.240885	266.389323	Bb2	65	80	0	0	120568	P1-84-32	0	-
2193	266.324219	266.380208	Ab2	58	80	0	0	120598	P1-84-51	0	-
2194	266.403646	266.579427	Bb2	66	80	0	0	120628	P1-84-34	0	-
2195	266.417969	266.473958	D4	55	80	0	0	120718	P1-84-13	0	-
2196	266.489583	266.569010	Ab2	58	80	0	0	120658	P1-84-52	0	-
2197	266.497396	267.419271	Bb4	76	80	0	0	120778	P1-84-14	0	-
2198	266.583333	266.679688	Ab2	66	80	0	0	-1	*	3	-
2199	266.588542	266.679688	Bb2	64	80	0	0	120688	P1-84-35	0	-
2200	266.600260	267.519531	F5	93	80	0	0	120838	P1-84-15	0	-
2201	266.690104	266.744792	Ab2	58	80	0	0	120718	P1-84-53	0	-
2202	266.772135	266.858073	Bb2	57	80	0	0	120748	P1-84-37	0	-
2203	266.868490	266.946615	Ab2	62	80	0	0	120778	P1-84-62	0	-
2204	266.967448	267.035156	Bb2	58	80	0	0	120798	P1-84-39	0	-
2205	267.063802	267.188802	Ab2	54	80	0	0	120898	P1-84-55	0	-
2206	267.126302	267.269531	G2	68	80	0	0	120958	P1-85-52	0	-
2207	267.282552	267.438802	G2	62	80	0	0	121018	P1-85-53	0	-
2208	267.364583	267.421875	Ab2	47	80	0	0	121048	P1-85-21	0	-
2209	267.415365	267.519531	Eb4	67	80	0	0	121198	P1-85-7	0	-
2210	267.450521	267.619792	G2	57	80	0	0	121078	P1-85-54	0	-
2211	267.520833	268.089844	Bb4	75	80	0	0	121258	P1-85-8	0	-
2212	267.523438	267.688802	Ab2	58	80	0	0	121108	P1-85-23	0	-
2213	267.611979	268.348958	G5	93	80	0	0	121318	P1-85-9	0	-
2214	267.626302	267.779948	G2	60	80	0	0	121138	P1-85-55	0	-
2215	267.695312	267.766927	Ab2	60	80	0	0	121168	P1-85-24	0	-
2216	267.786458	267.863281	G2	51	80	0	0	121198	P1-85-56	0	-
2217	267.865885	267.960938	Ab2	60	80	0	0	121228	P1-85-26	0	-
2218	267.975260	268.084635	G2	54	80	0	0	121258	P1-85-75	0	-
2219	268.089844	268.194010	F2	61	80	0	0	121318	P1-85-57	0	-
2220	268.186198	268.276042	G2	65	80	0	0	121378	P1-85-58	0	-
2221	268.274740	268.468750	F2	61	80	0	0	121438	P1-85-59	0	-
2222	268.382812	268.628906	G2	57	80	0	0	121468	P1-85-31	0	-
2223	268.427083	268.569010	F4	65	80	0	0	121678	P1-85-12	0	-
2224	268.477865	268.669271	F2	57	80	0	0	121498	P1-85-60	0	-
2225	268.526042	268.643229	Bb4	81	80	0	0	121738	P1-85-13	0	-
2226	268.611979	269.489583	Ab5	97	80	0	0	121798	P1-85-14	0	-
2227	268.682292	268.792969	F2	68	80	0	0	121558	P1-85-61	0	-
2228	268.778646	268.949219	G2	63	80	0	0	121588	P1-85-34	0	-
2229	268.886719	269.009115	F2	60	80	0	0	121618	P1-85-62	0	-
2230	268.963542	269.019531	G2	43	80	0	0	121648	P1-85-35	0	-
2231	269.023438	269.141927	F2	56	80	0	0	121678	P1-85-63	0	-
2232	269.123698	269.226562	Eb2	73	80	0	0	121708	P1-85-37	1	-
2233	269.238281	269.322917	F2	61	80	0	0	121738	P1-85-78	0	-
2234	269.330729	269.433594	Eb2	61	80	0	0	121798	P1-85-64	0	-
2235	269.445312	269.527344	G4	66	80	0	0	122158	P1-85-17	0	-
2236	269.447917	269.639323	F2	55	80	0	0	121858	P1-85-65	0	-
2237	269.552083	269.699219	Eb2	65	80	0	0	121918	P1-85-66	0	-
2238	269.555990	269.709635	Bb4	67	80	0	0	122218	P1-85-18	0	-
2239	269.644531	269.799479	F2	66	80	0	0	121948	P1-85-42	0	-
2240	269.656250	270.559896	Bb5	96	80	0	0	122278	P1-85-5	0	-
2241	269.709635	269.798177	Eb2	68	80	0	0	121978	P1-85-67	0	-
2242	269.807292	269.989583	F2	63	80	0	0	122008	P1-85-43	0	-
2243	269.914062	270.049479	Eb2	60	80	0	0	122038	P1-85-68	0	-
2244	270.032552	270.158854	F2	54	80	0	0	122068	P1-85-45	0	-
2245	270.055990	270.199219	Eb2	60	80	0	0	122098	P1-85-69	0	-
2246	270.165365	270.329427	Db2	66	80	0	0	122128	P1-85-46	1	-
2247	270.265625	270.408854	Eb2	63	80	0	0	122158	P1-85-70	0	-
2248	270.342448	270.407552	Db2	55	80	0	0	122578	P1-86-43	0	-
2249	270.420573	270.688802	Eb2	61	80	0	0	122608	P1-86-14	0	-
2250	270.527344	270.643229	Db2	60	80	0	0	122638	P1-86-44	0	-
2251	270.604167	271.179688	C6	95	80	0	0	122638	P1-86-5	0	-
2252	270.703125	270.789062	Eb2	52	80	0	0	122668	P1-86-16	0	-
2253	270.704427	270.739583	Db2	56	80	0	0	122698	P1-86-45	0	-
2254	270.794271	270.884115	Eb2	55	80	0	0	122728	P1-86-17	0	-
2255	270.889323	271.019531	Db2	55	80	0	0	122758	P1-86-46	0	-
2256	270.973958	271.111979	Eb2	61	80	0	0	122788	P1-86-19	0	-
2257	271.074219	271.239583	Db2	59	80	0	0	122818	P1-86-47	0	-
2258	271.122396	271.669271	Db6	97	80	0	0	122878	P1-86-6	0	-
2259	271.253906	271.598958	Db2	59	80	0	0	122938	P1-86-49	0	-
2260	271.348958	271.419271	Eb2	52	80	0	0	122968	P1-86-23	0	-
2261	271.427083	271.509115	Eb2	54	80	0	0	123028	P1-86-25	0	-
2262	271.519531	271.591146	Eb2	47	80	0	0	123088	P1-86-26	0	-
2263	271.606771	272.188802	D6	91	80	0	0	123118	P1-86-7	0	-
2264	271.613281	271.789062	Db2	53	80	0	0	123118	P1-86-52	0	-
2265	271.795573	271.968750	Db2	57	80	0	0	123178	P1-86-53	0	-
2266	271.975260	272.128906	Db2	59	80	0	0	123238	P1-86-54	0	-
2267	272.075521	272.489583	Eb2	60	80	0	0	123268	P1-86-31	0	-
2268	272.135417	272.399740	Db2	56	80	0	0	123298	P1-86-55	0	-
2269	272.183594	274.839844	Eb6	99	80	0	0	123358	P1-86-8	0	-
2270	272.404948	272.639323	Db2	43	80	0	0	123358	P1-86-33	0	-
2271	272.536458	272.635417	C2	58	80	0	0	123478	P1-86-34	0	-
2272	272.647135	272.848958	Db2	60	80	0	0	123538	P1-86-35	0	-
2273	272.757812	272.843750	Eb2	65	80	0	0	123598	P1-86-36	0	-
2274	272.860677	272.953125	Db2	69	80	0	0	123658	P1-86-37	0	-
2275	272.964844	273.066406	C2	58	80	0	0	123718	P1-86-38	0	-
2276	273.082031	273.191406	Bb1	62	80	0	0	123778	P1-86-39	0	-
2277	273.242188	273.529948	Ab1	73	80	0	0	123838	P1-87-11	0	-
2278	273.653646	273.869792	Ab2	52	80	0	0	123958	P1-87-12	0	-
2279	273.653646	273.824219	C3	55	80	0	0	123958	P1-87-13	0	-
2280	273.996094	274.229167	C4	66	80	0	0	124078	P1-87-3	0	-
2281	274.000000	274.156250	Ab2	50	80	0	0	124078	P1-87-14	0	-
2282	274.013021	274.179688	C3	52	80	0	0	124078	P1-87-15	0	-
2283	274.303385	274.459635	C3	61	80	0	0	124198	P1-87-18	0	-
2284	274.305990	274.415365	Ab2	59	80	0	0	124198	P1-87-17	0	-
2285	274.550781	274.632812	C3	63	80	0	0	124318	P1-87-21	0	-
2286	274.553385	274.658854	Ab2	61	80	0	0	124318	P1-87-20	0	-
2287	274.554688	274.625000	G2	59	80	0	0	124318	P1-87-19	0	-
2288	274.790365	274.881510	F2	67	80	0	0	124438	P1-87-22	0	-
2289	274.796875	274.968750	C3	67	80	0	0	124438	P1-87-24	0	-
2290	274.798177	274.884115	Ab2	62	80	0	0	124438	P1-87-23	0	-
2291	275.013021	275.309896	F2	60	80	0	0	124558	P1-87-25	0	-
2292	275.049479	275.179688	C3	57	80	0	0	124558	P1-87-27	0	-
2293	275.050781	275.115885	Ab2	51	80	0	0	124558	P1-87-26	0	-
2294	275.253906	275.529948	C4	88	80	0	0	124678	P1-87-6	0	-
2295	275.263021	275.419271	Ab2	60	80	0	0	124678	P1-87-29	0	-
2296	275.263021	275.519531	Eb2	58	80	0	0	124678	P1-87-28	0	-
2297	275.502604	275.658854	Db4	83	80	0	0	124798	P1-87-7	0	-
2298	275.520833	275.699219	Ab2	54	80	0	0	124798	P1-87-32	0	-
2299	275.524740	275.739583	C3	60	80	0	0	124798	P1-87-33	0	-
2300	275.526042	275.869792	Eb2	52	80	0	0	124798	P1-87-31	0	-
2301	275.740885	276.010417	Eb4	90	80	0	0	124918	P1-87-8	0	-
2302	275.753906	275.850260	C3	55	80	0	0	124918	P1-87-36	0	-
2303	275.756510	275.769531	Db2	57	80	0	0	124918	P1-87-34	0	-
2304	275.764323	275.989583	Ab2	57	80	0	0	124918	P1-87-35	0	-
2305	275.985677	276.234375	F4	89	80	0	0	125038	P1-87-9	0	-
2306	275.994792	276.179688	C2	58	80	0	0	125038	P1-87-37	0	-
2307	275.997396	276.104167	Ab2	54	80	0	0	125038	P1-87-38	0	-
2308	275.997396	276.089844	C3	54	80	0	0	125038	P1-87-39	0	-
2309	276.230469	276.578125	G4	93	80	0	0	125158	P1-87-10	0	-
2310	276.244792	276.363281	C3	58	80	0	0	125158	P1-87-42	0	-
2311	276.244792	276.628906	Ab2	57	80	0	0	125158	P1-87-41	0	-
2312	276.457031	277.049479	C2	58	80	0	0	125278	P1-88-10	0	-
2313	276.546875	277.269531	Ab4	89	80	0	0	125278	P1-88-1	0	-
2314	276.834635	276.933594	C3	65	80	0	0	125398	P1-88-12	0	-
2315	276.841146	276.940104	Ab2	62	80	0	0	125398	P1-88-11	0	-
2316	277.058594	277.628906	Eb4	79	80	0	0	125518	P1-88-2	0	-
2317	277.065104	277.208333	C3	61	80	0	0	125518	P1-88-14	0	-
2318	277.067708	277.204427	Ab2	62	80	0	0	125518	P1-88-13	0	-
2319	277.322917	277.428385	G2	69	80	0	0	125638	P1-88-15	0	-
2320	277.332031	277.432292	C3	65	80	0	0	125638	P1-88-17	0	-
2321	277.341146	277.437500	Ab2	63	80	0	0	125638	P1-88-16	0	-
2322	277.554688	277.869792	G2	64	80	0	0	125758	P1-88-18	0	-
2323	277.562500	277.673177	C3	63	80	0	0	125758	P1-88-20	0	-
2324	277.565104	277.699219	Ab2	56	80	0	0	125758	P1-88-19	0	-
2325	277.800781	277.894531	F2	70	80	0	0	125878	P1-88-21	0	-
2326	277.800781	277.891927	C3	71	80	0	0	125878	P1-88-23	0	-
2327	277.803385	277.895833	Ab2	63	80	0	0	125878	P1-88-22	0	-
2328	278.011719	278.110677	F2	67	80	0	0	125998	P1-88-24	0	-
2329	278.015625	278.115885	Ab2	60	80	0	0	125998	P1-88-25	0	-
2330	278.022135	278.114583	C3	66	80	0	0	125998	P1-88-26	0	-
2331	278.226562	278.480469	G4	84	80	0	0	126118	P1-88-5	0	-
2332	278.248698	278.419271	Ab2	63	80	0	0	126118	P1-88-28	0	-
2333	278.253906	278.384115	C3	60	80	0	0	126118	P1-88-29	0	-
2334	278.264323	278.500000	Eb2	62	80	0	0	126118	P1-88-27	0	-
2335	278.453125	278.699219	Ab4	82	80	0	0	126238	P1-88-6	0	-
2336	278.494792	278.662760	C3	53	80	0	0	126238	P1-88-32	0	-
2337	278.496094	278.651042	Ab2	51	80	0	0	126238	P1-88-31	0	-
2338	278.503906	278.869792	Eb2	51	80	0	0	126238	P1-88-30	0	-
2339	278.725260	279.029948	Bb4	89	80	0	0	126358	P1-88-7	0	-
2340	278.757812	278.949219	C3	54	80	0	0	126358	P1-88-35	0	-
2341	278.757812	278.929688	C2	58	80	0	0	126358	P1-88-33	1	-
2342	278.761719	279.000000	Ab2	53	80	0	0	126358	P1-88-34	0	-
2343	278.980469	279.319010	C5	86	80	0	0	126478	P1-88-8	0	-
2344	278.988281	279.250000	C3	52	80	0	0	126478	P1-88-38	0	-
2345	278.994792	279.279948	C2	57	80	0	0	126478	P1-88-36	0	-
2346	279.006510	279.269531	Ab2	52	80	0	0	126478	P1-88-37	0	-
2347	279.265625	279.598958	Db5	84	80	0	0	126598	P1-88-9	0	-
2348	279.276042	279.509115	C3	53	80	0	0	126598	P1-88-41	0	-
2349	279.276042	279.579427	Ab2	58	80	0	0	126598	P1-88-40	0	-
2350	279.290365	279.477865	C2	52	80	0	0	126598	P1-88-39	0	-
2351	279.580729	280.179688	Eb5	83	80	0	0	126718	P1-89-1	0	-
2352	279.584635	279.929688	C2	58	80	0	0	126718	P1-89-10	0	-
2353	279.592448	279.709635	Ab2	54	80	0	0	126838	*	3	-
2354	279.596354	279.718750	C3	53	80	0	0	126838	*	3	-
2355	279.863281	280.089844	C3	61	80	0	0	126838	P1-89-12	0	-
2356	279.863281	280.128906	Ab2	64	80	0	0	126838	P1-89-11	0	-
2357	280.138021	280.699219	Ab4	81	80	0	0	126958	P1-89-2	0	-
2358	280.144531	280.419271	Ab2	59	80	0	0	126958	P1-89-13	0	-
2359	280.152344	280.332031	C3	55	80	0	0	126958	P1-89-14	0	-
2360	280.403646	280.859375	G2	63	80	0	0	127078	P1-89-15	0	-
2361	280.424479	280.561198	C3	59	80	0	0	127078	P1-89-17	0	-
2362	280.428385	280.566406	Ab2	55	80	0	0	127078	P1-89-16	0	-
2363	280.678385	280.812500	C3	53	80	0	0	127198	P1-89-20	0	-
2364	280.680990	280.804688	Ab2	53	80	0	0	127198	P1-89-19	0	-
2365	280.923177	281.075521	F2	61	80	0	0	127318	P1-89-21	0	-
2366	280.944010	281.075521	C3	61	80	0	0	127318	P1-89-23	0	-
2367	280.946615	281.075521	Ab2	58	80	0	0	127318	P1-89-22	0	-
2368	281.187500	281.369792	F2	57	80	0	0	127438	P1-89-24	0	-
2369	281.203125	281.321615	C3	54	80	0	0	127438	P1-89-26	0	-
2370	281.205729	281.330729	Ab2	55	80	0	0	127438	P1-89-25	0	-
2371	281.446615	281.878906	Ab5	80	80	0	0	127558	P1-89-5	0	-
2372	281.454427	281.600260	Ab2	60	80	0	0	127558	P1-89-28	0	-
2373	281.454427	281.604167	C3	54	80	0	0	127558	P1-89-29	0	-
2374	281.462240	281.613281	Eb2	59	80	0	0	127558	P1-89-27	0	-
2375	281.726562	282.049479	Bb5	82	80	0	0	127678	P1-89-6	0	-
2376	281.744792	281.901042	C3	50	80	0	0	127678	P1-89-32	0	-
2377	281.755208	281.903646	Ab2	44	80	0	0	127678	P1-89-31	0	-
2378	281.755208	281.902344	Eb2	51	80	0	0	127678	P1-89-30	0	-
2379	282.035156	282.386719	C6	77	80	0	0	127798	P1-89-7	0	-
2380	282.044271	282.283854	C3	48	80	0	0	127798	P1-89-35	0	-
2381	282.044271	282.279948	Ab2	50	80	0	0	127798	P1-89-34	0	-
2382	282.049479	282.285156	Eb2	52	80	0	0	127798	P1-89-33	1	-
2383	282.356771	282.739583	Db6	81	80	0	0	127918	P1-89-8	0	-
2384	282.388021	282.500000	C#2	44	80	0	0	127918	P1-89-36	1	-
2385	282.391927	282.619792	Ab2	46	80	0	0	127918	P1-89-37	0	-
2386	282.391927	282.598958	C3	41	80	0	0	127918	P1-89-38	0	-
2387	282.721354	283.218750	Eb6	79	80	0	0	128038	P1-89-9	0	-
2388	282.733073	282.848958	C3	40	80	0	0	128038	P1-89-41	0	-
2389	282.734375	282.929688	C2	42	80	0	0	128038	P1-89-39	0	-
2390	282.740885	283.000000	Ab2	42	80	0	0	128038	P1-89-40	0	-
2391	283.173177	284.250000	F6	71	80	0	0	128158	P1-90-1	0	-
2392	283.183594	284.029948	Bb2	39	80	0	0	128158	P1-90-12	0	-
2393	283.184896	284.239583	Ab2	38	80	0	0	128158	P1-90-11	0	-
2394	283.184896	284.250000	Db2	36	80	0	0	128158	P1-90-10	0	-
2395	283.191406	283.199219	C#3	37	80	0	0	128158	*	3	-
2396	284.865885	285.173177	Bb4	60	80	0	0	128998	P1-90-5	0	-
2397	284.893229	285.154948	F4	43	80	0	0	128998	P1-90-4	0	-
2398	284.895833	285.079427	D3	37	80	0	0	128998	P1-90-15	0	-
2399	284.898438	285.149740	Ab3	37	80	0	0	128998	P1-90-16	0	-
2400	284.904948	285.109375	D4	37	80	0	0	128998	*	3	-
2401	285.174479	285.628906	Eb5	58	80	0	0	129118	P1-90-7	0	-
2402	285.182292	285.628906	G4	50	80	0	0	129118	P1-90-6	0	-
2403	285.196615	285.779948	G3	37	80	0	0	129118	P1-90-18	0	-
2404	285.201823	285.688802	Eb3	37	80	0	0	129118	P1-90-17	0	-
2405	285.932292	286.339844	Eb5	77	80	0	0	129478	P1-90-9	0	-
2406	285.963542	286.279948	G4	52	80	0	0	129478	P1-90-8	0	-
2407	285.983073	286.309896	Bb3	43	80	0	0	129478	P1-90-20	0	-
2408	285.993490	286.385417	Eb3	31	80	0	0	129478	P1-90-19	0	-
2409	286.294271	287.539062	D5	69	80	0	0	129598	P1-91-2	0	-
2410	286.315104	287.449219	Cb5	57	80	0	0	129598	P1-91-1	0	-
2411	286.320312	287.408854	F3	37	80	0	0	129598	P1-91-10	0	-
2412	286.321615	287.399740	Ab3	41	80	0	0	129598	P1-91-11	0	-
2413	287.410156	288.539062	Db5	61	80	0	0	130078	P1-91-4	0	-
2414	287.441406	288.468750	Bb3	43	80	0	0	130078	P1-91-13	0	-
2415	287.442708	288.529948	G3	40	80	0	0	130078	P1-91-12	0	-
2416	287.442708	288.489583	E4	43	80	0	0	130078	P1-91-3	0	-
2417	288.463542	288.669271	Ab3	37	80	0	0	130558	P1-91-14	0	-
2418	288.468750	288.859375	Eb4	39	80	0	0	130558	P1-91-5	0	-
2419	288.473958	288.679688	C5	60	80	0	0	130558	P1-91-6	0	-
2420	288.473958	288.598958	C4	40	80	0	0	130558	P1-91-15	0	-
2421	288.976562	289.348958	Ab3	45	80	0	0	130678	P1-91-16	0	-
2422	288.980469	289.404948	C4	42	80	0	0	130678	P1-91-17	0	-
2423	288.981771	289.649740	Ab6	82	80	0	0	130678	P1-91-7	0	-
2424	289.360677	289.743490	G6	77	80	0	0	130798	P1-91-8	0	-
2425	289.398438	289.753906	Bb3	47	80	0	0	130798	P1-91-18	0	-
2426	289.399740	289.753906	Db4	45	80	0	0	130798	P1-91-19	0	-
2427	289.714844	290.019531	Gb6	77	80	0	0	130918	P1-91-9	0	-
2428	289.727865	290.061198	C4	43	80	0	0	130918	P1-91-20	0	-
2429	289.733073	290.039062	Eb4	47	80	0	0	130918	P1-91-21	0	-
2430	290.035156	290.269531	F6	69	80	0	0	131038	P1-92-1	0	-
2431	290.066406	290.989583	F4	38	80	0	0	131038	P1-92-22	0	-
2432	290.075521	290.968750	Db4	38	80	0	0	131038	P1-92-21	0	-
2433	290.216146	290.333333	Eb6	63	80	0	0	131098	P1-92-2	0	-
2434	290.343750	290.412760	Db6	65	80	0	0	131158	P1-92-3	0	-
2435	290.460938	290.515625	C6	63	80	0	0	131218	P1-92-4	0	-
2436	290.555990	290.635417	Cb6	65	80	0	0	131278	P1-92-5	0	-
2437	290.665365	290.752604	Bb5	72	80	0	0	131338	P1-92-6	0	-
2438	290.785156	290.881510	A5	66	80	0	0	131398	P1-92-7	0	-
2439	290.881510	290.980469	Ab5	74	80	0	0	131458	P1-92-8	0	-
2440	290.983073	291.065104	G5	76	80	0	0	131518	P1-92-9	0	-
2441	291.101562	291.209635	Gb5	76	80	0	0	131578	P1-92-10	0	-
2442	291.214844	291.307292	F5	71	80	0	0	131638	P1-92-11	0	-
2443	291.334635	291.419271	E5	63	80	0	0	131698	P1-92-12	0	-
2444	291.457031	291.709635	Db3	42	80	0	0	131758	P1-92-24	0	-
2445	291.460938	291.584635	Eb5	59	80	0	0	131758	P1-92-13	0	-
2446	291.464844	291.595052	Ab3	44	80	0	0	131758	P1-92-26	0	-
2447	291.480469	291.602865	F3	43	80	0	0	131758	P1-92-25	0	-
2448	291.582031	291.687500	Db5	70	80	0	0	131818	P1-92-14	0	-
2449	291.710938	291.837240	C5	68	80	0	0	131878	P1-92-15	0	-
2450	291.786458	292.109375	Ab3	38	80	0	0	131878	P1-92-29	0	-
2451	291.791667	292.089844	F3	37	80	0	0	131878	P1-92-28	0	-
2452	291.822917	291.829427	D3	33	80	0	0	131878	P1-92-27	1	-
2453	291.851562	293.509115	Bb4	64	80	0	0	131938	P1-92-16	0	-
2454	292.104167	292.848958	Eb5	62	80	0	0	131998	P1-92-18	0	-
2455	292.143229	293.158854	G3	36	80	0	0	131998	P1-92-31	0	-
2456	292.164062	293.119792	Eb3	37	80	0	0	131998	P1-92-30	0	-
2457	293.197917	293.569010	Eb5	71	80	0	0	132358	P1-92-20	0	-
2458	293.255208	293.477865	Bb3	36	80	0	0	132358	P1-92-33	0	-
2459	293.257812	293.579427	G4	35	80	0	0	132358	P1-92-19	0	-
2460	293.264323	293.455729	Eb3	28	80	0	0	132358	P1-92-32	0	-
2461	293.804688	294.477865	Eb5	60	80	0	0	132478	P1-93-1	0	-
2462	293.852865	294.359375	Ab3	31	80	0	0	132478	P1-93-24	0	-
2463	293.859375	294.464844	C4	30	80	0	0	132478	P1-93-21	0	-
2464	293.860677	295.679688	Ab4	31	80	0	0	132478	P1-93-4	0	-
2465	294.453125	294.785156	F5	62	80	0	0	132718	P1-93-6	0	-
2466	294.484375	294.848958	Db4	29	80	0	0	132718	P1-93-26	0	-
2467	294.786458	295.089844	Eb5	61	80	0	0	132838	P1-93-8	0	-
2468	294.838542	295.093750	C4	31	80	0	0	132838	P1-93-28	0	-
2469	295.055990	295.339844	Db5	66	80	0	0	132958	P1-93-10	0	-
2470	295.113281	295.372396	Bb3	39	80	0	0	132958	P1-93-30	0	-
2471	295.305990	295.572917	C5	74	80	0	0	133078	P1-93-12	0	-
2472	295.361979	295.628906	Ab3	35	80	0	0	133078	P1-93-31	0	-
2473	295.569010	295.847656	Bb4	70	80	0	0	133198	P1-93-14	0	-
2474	295.602865	295.807292	G3	46	80	0	0	133198	P1-93-32	0	-
2475	295.822917	296.095052	C5	75	80	0	0	133318	P1-93-16	0	-
2476	295.843750	296.109375	Ab3	50	80	0	0	133318	P1-93-33	0	-
2477	296.075521	296.609375	Db5	68	80	0	0	133438	P1-93-3	0	-
2478	296.108073	296.609375	Bb3	37	80	0	0	133438	P1-93-35	0	-
2479	296.114583	296.819010	Eb3	33	80	0	0	133438	P1-93-34	0	-
2480	296.316406	296.688802	F4	69	80	0	0	133558	P1-93-18	0	-
2481	296.585938	296.865885	Ab4	75	80	0	0	133678	P1-93-19	0	-
2482	296.829427	297.066406	G4	72	80	0	0	133798	P1-93-20	0	-
2483	296.834635	297.098958	Eb3	44	80	0	0	-1	*	3	-
2484	296.996094	298.039062	Ab2	32	80	0	0	133918	P1-94-23	0	-
2485	297.095052	297.279948	C5	64	80	0	0	133918	P1-94-5	0	-
2486	297.096354	297.341146	Ab3	46	80	0	0	133918	P1-94-4	1	-
2487	297.347656	297.604167	Eb4	61	80	0	0	134038	P1-94-6	0	-
2488	297.359375	297.608073	C3	40	80	0	0	134038	P1-94-25	0	-
2489	297.582031	297.880208	F4	67	80	0	0	134158	P1-94-7	0	-
2490	297.611979	297.886719	Db3	38	80	0	0	134158	P1-94-27	0	-
2491	297.830729	298.097656	Eb4	67	80	0	0	134278	P1-94-8	0	-
2492	297.851562	298.096354	C3	46	80	0	0	134278	P1-94-29	0	-
2493	298.062500	298.333333	Db4	61	80	0	0	134398	P1-94-9	0	-
2494	298.085938	298.339844	Bb3	48	80	0	0	134398	*	3	-
2495	298.095052	298.341146	Bb2	40	80	0	0	134398	P1-94-31	0	-
2496	298.333333	298.684896	C4	59	80	0	0	134518	P1-94-10	0	-
2497	298.334635	298.699219	Ab2	44	80	0	0	134518	P1-94-32	0	-
2498	298.614583	298.951823	Bb3	54	80	0	0	134638	P1-94-11	0	-
2499	298.618490	298.955729	G2	42	80	0	0	134638	P1-94-33	0	-
2500	298.937500	299.317708	C4	45	80	0	0	134758	P1-94-12	0	-
2501	298.941406	299.324219	Ab2	40	80	0	0	134758	P1-94-34	0	-
2502	299.292969	299.666667	Ab4	47	80	0	0	134878	P1-94-3	0	-
2503	299.302083	300.171875	Db4	41	80	0	0	134878	P1-94-13	0	-
2504	299.316406	300.839844	Eb2	34	80	0	0	134878	P1-94-35	0	-
2505	299.320312	300.239583	Bb2	33	80	0	0	134878	P1-94-36	0	-
2506	299.644531	299.941406	F4	52	80	0	0	134998	P1-94-15	0	-
2507	299.933594	300.173177	Ab4	65	80	0	0	135118	P1-94-17	0	-
2508	300.190104	300.430990	G4	68	80	0	0	135238	P1-94-19	0	-
2509	300.454427	300.709635	Bb4	58	80	0	0	135358	P1-95-1	0	-
2510	300.455729	301.149740	C4	47	80	0	0	-1	*	3	-
2511	300.457031	301.259115	Ab2	37	80	0	0	135358	P1-95-14	0	-
2512	300.696615	301.239583	G4	59	80	0	0	135478	P1-95-2	0	-
2513	300.967448	301.259115	Bb4	58	80	0	0	135598	P1-95-3	0	-
2514	301.233073	301.559896	Ab4	51	80	0	0	135718	P1-95-4	0	-
2515	301.503906	301.779948	Db5	53	80	0	0	135838	P1-95-5	0	-
2516	301.515625	304.949219	Ab2	35	80	0	0	135838	P1-95-18	0	-
2517	301.533854	304.309896	Ab1	36	80	0	0	135838	P1-95-15	0	-
2518	301.544271	305.000000	Eb2	34	80	0	0	135838	P1-95-17	0	-
2519	301.753906	302.027344	Cb5	59	80	0	0	135958	P1-95-6	0	-
2520	302.023438	302.359375	Db5	58	80	0	0	136078	P1-95-7	0	-
2521	302.278646	302.579427	C5	57	80	0	0	136198	P1-95-8	0	-
2522	302.544271	302.792969	F5	52	80	0	0	136318	P1-95-9	0	-
2523	302.792969	303.062500	D5	49	80	0	0	136438	P1-95-10	0	-
2524	303.066406	303.326823	F5	56	80	0	0	136558	P1-95-11	0	-
2525	303.332031	303.669271	Eb5	54	80	0	0	136678	P1-95-12	0	-
2526	303.596354	304.059896	Bb5	61	80	0	0	136798	P1-96-1	0	-
2527	303.907552	304.319010	G5	51	80	0	0	136918	P1-96-2	0	-
2528	304.164062	304.466146	Bb5	63	80	0	0	137038	P1-96-3	0	-
2529	304.436198	304.809896	Ab5	63	80	0	0	137158	P1-96-4	0	-
2530	304.714844	305.029948	Db6	59	80	0	0	137278	P1-96-5	0	-
2531	304.752604	305.079427	Ab3	29	80	0	0	137278	P1-96-20	0	-
2532	304.760417	305.250000	Eb3	31	80	0	0	137278	P1-96-19	0	-
2533	304.765625	304.989583	C3	28	80	0	0	137278	P1-96-18	0	-
2534	304.963542	305.399740	Cb6	65	80	0	0	137398	P1-96-6	0	-
2535	305.264323	305.899740	Db6	61	80	0	0	137518	P1-96-7	0	-
2536	305.552083	305.979167	C6	62	80	0	0	137638	P1-96-8	0	-
2537	305.890625	306.299479	F6	59	80	0	0	137758	P1-96-9	0	-
2538	305.915365	306.628906	Eb4	26	80	0	0	137758	P1-96-23	0	-
2539	305.924479	306.628906	Ab3	31	80	0	0	137758	P1-96-21	0	-
2540	305.934896	306.699219	C4	28	80	0	0	137758	P1-96-22	0	-
2541	306.201823	306.503906	D6	61	80	0	0	137878	P1-96-10	0	-
2542	306.476562	306.899740	F6	71	80	0	0	137998	P1-96-11	0	-
2543	306.755208	307.009115	Eb6	70	80	0	0	138118	P1-96-12	0	-
2544	307.018229	307.322917	Eb6	67	80	0	0	138238	P1-97-1	0	-
2545	307.023438	307.750000	D4	37	80	0	0	138238	P1-97-16	0	-
2546	307.035156	307.789062	F3	35	80	0	0	138238	P1-97-13	0	-
2547	307.045573	307.859375	Bb3	37	80	0	0	138238	P1-97-15	0	-
2548	307.054688	307.839844	Ab3	36	80	0	0	138238	P1-97-14	0	-
2549	307.296875	307.593750	C6	71	80	0	0	138358	P1-97-2	0	-
2550	307.559896	307.872396	Eb6	84	80	0	0	138478	P1-97-3	0	-
2551	307.833333	309.009115	D6	77	80	0	0	138598	P1-97-4	0	-
2552	308.106771	309.679688	D4	48	80	0	0	138718	P1-97-20	0	-
2553	308.111979	309.709635	F3	39	80	0	0	138718	P1-97-17	0	-
2554	308.113281	308.628906	C7	84	80	0	0	138718	P1-97-5	0	-
2555	308.118490	309.799479	Bb3	44	80	0	0	138718	P1-97-19	0	-
2556	308.121094	309.819010	Ab3	42	80	0	0	138718	P1-97-18	0	-
2557	308.388021	308.658854	A6	82	80	0	0	138838	P1-97-6	0	-
2558	308.639323	308.936198	C7	88	80	0	0	138958	P1-97-7	0	-
2559	308.891927	309.279948	Bb6	79	80	0	0	139078	P1-97-8	0	-
2560	309.128906	309.569010	Eb6	77	80	0	0	139198	P1-97-9	0	-
2561	309.373698	309.654948	C6	74	80	0	0	139318	P1-97-10	0	-
2562	309.622396	310.158854	Eb6	85	80	0	0	139438	P1-97-11	0	-
2563	309.875000	310.209635	D6	79	80	0	0	139558	P1-97-12	0	-
2564	310.117188	310.949219	Eb4	50	80	0	0	139678	P1-98-16	0	-
2565	310.119792	310.519531	F6	82	80	0	0	139678	P1-98-1	0	-
2566	310.125000	310.919271	G3	47	80	0	0	139678	P1-98-14	0	-
2567	310.126302	310.929688	Bb3	43	80	0	0	139678	P1-98-15	0	-
2568	310.131510	310.889323	Eb3	42	80	0	0	139678	P1-98-13	0	-
2569	310.373698	310.908854	D6	76	80	0	0	139798	P1-98-2	0	-
2570	310.626302	310.916667	F6	86	80	0	0	139918	P1-98-3	0	-
2571	310.881510	311.139323	Eb6	90	80	0	0	140038	P1-98-4	0	-
2572	311.101562	311.848958	Eb4	66	80	0	0	140158	P1-98-20	0	-
2573	311.104167	311.589844	C7	85	80	0	0	140158	P1-98-5	0	-
2574	311.105469	311.839844	Eb3	64	80	0	0	140158	P1-98-17	0	-
2575	311.109375	311.919271	Bb3	61	80	0	0	140158	P1-98-19	0	-
2576	311.114583	311.899740	G3	57	80	0	0	140158	P1-98-18	0	-
2577	311.355469	311.619792	A6	86	80	0	0	140278	P1-98-6	0	-
2578	311.602865	312.188802	C7	98	80	0	0	140398	P1-98-7	0	-
2579	311.833333	312.259115	Bb6	88	80	0	0	140518	P1-98-8	0	-
2580	312.062500	312.789062	Eb4	67	80	0	0	140638	P1-98-24	0	-
2581	312.065104	312.579427	Eb3	57	80	0	0	140638	P1-98-21	0	-
2582	312.067708	312.378906	F6	79	80	0	0	140638	P1-98-9	0	-
2583	312.072917	312.750000	Bb3	64	80	0	0	140638	P1-98-23	0	-
2584	312.074219	312.709635	G3	66	80	0	0	140638	P1-98-22	0	-
2585	312.304688	312.779948	D6	80	80	0	0	140758	P1-98-10	0	-
2586	312.533854	312.804688	F6	89	80	0	0	140878	P1-98-11	0	-
2587	312.765625	313.009115	Eb6	87	80	0	0	140998	P1-98-12	0	-
2588	313.013021	313.699219	Bb3	61	80	0	0	141118	P1-99-15	0	-
2589	313.013021	313.649740	D4	53	80	0	0	141118	P1-99-16	0	-
2590	313.014323	313.639323	F3	57	80	0	0	141118	P1-99-13	0	-
2591	313.015625	313.438802	Eb6	78	80	0	0	141118	P1-99-1	0	-
2592	313.023438	313.718750	Ab3	59	80	0	0	141118	P1-99-14	0	-
2593	313.279948	313.558594	C6	78	80	0	0	141238	P1-99-2	0	-
2594	313.519531	313.821615	Eb6	88	80	0	0	141358	P1-99-3	0	-
2595	313.773438	314.688802	D6	81	80	0	0	141478	P1-99-4	0	-
2596	313.994792	315.589844	D4	64	80	0	0	141598	P1-99-20	0	-
2597	313.998698	315.750000	Ab3	60	80	0	0	141598	P1-99-18	0	-
2598	314.003906	315.628906	F3	53	80	0	0	141598	P1-99-17	0	-
2599	314.007812	315.759115	Bb3	61	80	0	0	141598	P1-99-19	0	-
2600	314.011719	314.500000	C7	94	80	0	0	141598	P1-99-5	0	-
2601	314.272135	314.519531	A6	85	80	0	0	141718	P1-99-6	0	-
2602	314.505208	314.804688	C7	95	80	0	0	141838	P1-99-7	0	-
2603	314.756510	315.058594	Bb6	94	80	0	0	141958	P1-99-8	0	-
2604	314.994792	315.378906	Eb6	86	80	0	0	142078	P1-99-9	0	-
2605	315.233073	315.524740	C6	82	80	0	0	142198	P1-99-10	0	-
2606	315.484375	315.785156	Eb6	87	80	0	0	142318	P1-99-11	0	-
2607	315.734375	316.089844	D6	81	80	0	0	142438	P1-99-12	0	-
2608	315.993490	316.679688	Eb4	60	80	0	0	142558	P1-100-10	0	-
2609	315.994792	316.489583	F6	80	80	0	0	142558	P1-100-1	0	-
2610	315.996094	316.769531	Eb3	54	80	0	0	142558	P1-100-7	0	-
2611	316.000000	316.669271	Bb3	56	80	0	0	142558	P1-100-9	0	-
2612	316.003906	316.669271	G3	59	80	0	0	142558	P1-100-8	0	-
2613	316.244792	316.819010	D6	76	80	0	0	142678	P1-100-2	0	-
2614	316.498698	317.049479	F6	89	80	0	0	142798	P1-100-3	0	-
2615	316.753906	317.250000	Eb6	88	80	0	0	142918	P1-100-4	0	-
2616	317.058594	319.688802	F6	78	80	0	0	143038	P1-100-6	0	-
2617	317.062500	318.489583	G6	82	80	0	0	143038	*	3	-
2618	317.065104	319.718750	G5	80	80	0	0	143038	P1-100-5	0	-
2619	317.066406	319.468750	Bb3	62	80	0	0	143038	P1-100-12	0	-
2620	317.075521	319.718750	Db3	53	80	0	0	143038	P1-100-11	0	-
2621	319.653646	320.039062	Eb6	79	80	0	0	144238	P1-101-4	0	-
2622	319.654948	320.059896	Ab5	71	80	0	0	144238	P1-101-3	0	-
2623	319.662760	319.989583	C4	53	80	0	0	144238	P1-101-10	0	-
2624	319.665365	320.069010	C3	46	80	0	0	144238	P1-101-9	0	-
2625	320.274740	322.959635	Eb5	83	80	0	0	144478	P1-101-6	0	-
2626	320.283854	321.539062	Ab4	70	80	0	0	144478	P1-101-5	0	-
2627	320.285156	321.669271	C4	55	80	0	0	144478	P1-101-12	0	-
2628	323.048177	323.500000	Db5	69	80	0	0	145678	P1-102-4	0	-
2629	323.058594	323.479167	Bb4	55	80	0	0	145678	P1-102-3	0	-
2630	323.084635	323.500000	G3	29	80	0	0	145678	P1-102-10	0	-
2631	323.087240	323.098958	E4	35	80	0	0	145678	*	3	-
2632	323.097656	323.529948	E3	31	80	0	0	145678	P1-102-9	0	-
2633	323.682292	326.639323	Db5	62	80	0	0	145918	P1-102-6	0	-
2634	323.705729	326.579427	Bb4	54	80	0	0	145918	P1-102-5	0	-
2635	323.725260	325.329427	G3	29	80	0	0	145918	P1-102-12	0	-
2636	323.726562	325.949219	E3	28	80	0	0	145918	P1-102-11	0	-
2637	326.532552	326.919271	C5	49	80	0	0	147118	P1-103-4	0	-
2638	326.554688	326.852865	Ab3	24	80	0	0	147118	P1-103-10	0	-
2639	326.562500	326.889323	F3	23	80	0	0	147118	P1-103-9	0	-
2640	326.563802	326.908854	Ab4	28	80	0	0	147118	P1-103-3	0	-
2641	327.216146	329.309896	C5	49	80	0	0	147358	P1-103-6	0	-
2642	327.248698	329.269531	Ab3	27	80	0	0	147358	P1-103-12	0	-
2643	327.251302	329.149740	Ab4	34	80	0	0	147358	P1-103-5	0	-
2644	327.252604	329.289062	F3	23	80	0	0	147358	P1-103-11	0	-
2645	327.255208	327.359375	F4	21	80	0	0	147358	*	3	-
2646	329.872396	330.289062	Eb5	45	80	0	0	148558	P1-104-4	0	-
2647	329.911458	330.269531	G4	38	80	0	0	148558	P1-104-3	0	-
2648	329.923177	330.203125	Bb3	27	80	0	0	148558	P1-104-10	0	-
2649	329.925781	330.199219	Eb3	25	80	0	0	148558	P1-104-9	0	-
2650	330.682292	333.218750	Eb5	49	80	0	0	148798	P1-104-6	0	-
2651	330.716146	332.949219	Eb3	17	80	0	0	148798	P1-104-11	0	-
2652	330.718750	332.369792	Bb3	22	80	0	0	148798	P1-104-12	0	-
2653	330.729167	332.209635	G4	22	80	0	0	148798	P1-104-5	0	-
2654	333.261719	333.789062	Ab4	44	80	0	0	149758	P1-105-1	0	-
2655	333.303385	334.059896	C4	21	80	0	0	149758	P1-105-23	0	-
2656	333.303385	334.339844	Ab3	23	80	0	0	149758	P1-105-22	0	-
2657	333.423177	333.503906	Eb5	47	80	0	0	149818	P1-105-2	0	-
2658	333.536458	333.688802	C5	53	80	0	0	149878	P1-105-3	0	-
2659	333.641927	333.733073	Eb5	50	80	0	0	149938	P1-105-4	0	-
2660	333.765625	333.861979	Ab5	61	80	0	0	149998	P1-105-5	0	-
2661	333.907552	333.973958	Eb5	56	80	0	0	150058	P1-105-6	0	-
2662	334.016927	334.128906	C5	59	80	0	0	150118	P1-105-7	0	-
2663	334.152344	334.221354	Eb5	59	80	0	0	150178	P1-105-8	0	-
2664	334.253906	334.348958	Ab4	58	80	0	0	150238	P1-105-9	0	-
2665	334.416667	334.477865	Eb4	47	80	0	0	150298	P1-105-10	0	-
2666	334.522135	334.578125	C4	49	80	0	0	150358	P1-105-11	0	-
2667	334.617188	334.679688	Eb4	53	80	0	0	150418	P1-105-12	0	-
2668	334.743490	334.807292	Ab3	61	80	0	0	150478	P1-105-13	0	-
2669	334.923177	334.973958	Eb3	42	80	0	0	150538	P1-105-14	0	-
2670	335.006510	335.199219	C3	50	80	0	0	150598	P1-105-15	0	-
2671	335.102865	335.170573	Eb3	51	80	0	0	150658	P1-105-16	0	-
2672	335.212240	335.308594	Ab2	55	80	0	0	150718	P1-105-17	0	-
2673	335.355469	335.500000	Eb2	47	80	0	0	150778	P1-105-18	0	-
2674	335.473958	335.649740	C2	50	80	0	0	150838	P1-105-19	0	-
2675	335.591146	335.675781	Eb2	45	80	0	0	150898	P1-105-20	0	-
2676	335.675781	335.783854	Ab1	49	80	0	0	150958	P1-105-26	0	-
2677	335.796875	336.029948	C2	50	80	0	0	151018	P1-105-27	0	-
2678	336.014323	336.119792	Eb2	40	80	0	0	151078	P1-105-28	0	-
2679	336.018229	336.080729	Ab2	48	80	0	0	151138	P1-105-29	0	-
2680	336.178385	336.585938	G2	50	80	0	0	151198	P1-106-1	0	-
2681	336.183594	336.579427	G1	51	80	0	0	151198	*	3	-
2682	336.187500	336.579427	Eb2	46	80	0	0	151198	P1-106-26	0	-
2683	336.194010	336.348958	Bb2	47	80	0	0	151198	P1-106-27	0	-
2684	336.199219	336.399740	Bb1	42	80	0	0	151198	P1-106-25	0	-
2685	336.325521	336.390625	Eb3	54	80	0	0	151258	P1-106-2	0	-
2686	336.437500	336.514323	Db3	48	80	0	0	151318	P1-106-3	0	-
2687	336.544271	336.628906	Eb3	44	80	0	0	151378	P1-106-4	0	-
2688	336.660156	336.753906	G3	57	80	0	0	151438	P1-106-5	0	-
2689	336.786458	336.852865	Eb3	58	80	0	0	151498	P1-106-6	0	-
2690	336.903646	336.954427	Db3	51	80	0	0	151558	P1-106-7	0	-
2691	337.001302	337.049479	Eb3	59	80	0	0	151618	P1-106-8	0	-
2692	337.135417	337.429688	G3	58	80	0	0	151678	P1-106-9	0	-
2693	337.154948	337.619792	Eb2	43	80	0	0	151678	P1-106-29	0	-
2694	337.157552	337.619792	Bb2	47	80	0	0	151678	P1-106-30	0	-
2695	337.158854	337.579427	Bb1	46	80	0	0	151678	P1-106-28	0	-
2696	337.282552	337.352865	Eb4	55	80	0	0	151738	P1-106-10	0	-
2697	337.373698	337.446615	Db4	59	80	0	0	151798	P1-106-11	0	-
2698	337.485677	337.548177	Eb4	57	80	0	0	151858	P1-106-12	0	-
2699	337.604167	337.694010	G4	67	80	0	0	151918	P1-106-13	0	-
2700	337.712240	337.803385	Eb4	68	80	0	0	151978	P1-106-14	0	-
2701	337.838542	337.890625	Db4	60	80	0	0	152038	P1-106-15	0	-
2702	337.945312	337.992188	Eb4	64	80	0	0	152098	P1-106-16	0	-
2703	338.075521	338.378906	G4	62	80	0	0	152158	P1-106-17	0	-
2704	338.109375	338.539062	Eb2	34	80	0	0	152158	P1-106-32	0	-
2705	338.111979	338.438802	Bb1	36	80	0	0	152158	P1-106-31	0	-
2706	338.113281	338.519531	Bb2	36	80	0	0	152158	P1-106-33	0	-
2707	338.195312	338.311198	Eb5	55	80	0	0	152218	P1-106-18	0	-
2708	338.313802	338.406250	Db5	59	80	0	0	152278	P1-106-19	0	-
2709	338.444010	338.511719	Eb5	56	80	0	0	152338	P1-106-20	0	-
2710	338.533854	338.626302	G5	72	80	0	0	152398	P1-106-21	0	-
2711	338.636719	338.746094	Eb5	62	80	0	0	152458	P1-106-22	0	-
2712	338.770833	338.843750	Db5	64	80	0	0	152518	P1-106-23	0	-
2713	338.885417	338.936198	Eb5	58	80	0	0	152578	P1-106-24	0	-
2714	339.002604	339.105469	Ab5	68	80	0	0	152638	P1-107-1	0	-
2715	339.010417	339.899740	C2	37	80	0	0	152638	P1-107-25	0	-
2716	339.019531	340.039062	Eb2	32	80	0	0	152638	P1-107-26	0	-
2717	339.122396	339.223958	Eb6	61	80	0	0	152698	P1-107-2	0	-
2718	339.243490	339.333333	C6	65	80	0	0	152758	P1-107-3	0	-
2719	339.376302	339.457031	Eb6	65	80	0	0	152818	P1-107-4	0	-
2720	339.472656	339.628906	Ab6	67	80	0	0	152878	P1-107-5	0	-
2721	339.611979	339.670573	Eb6	63	80	0	0	152938	P1-107-6	0	-
2722	339.695312	339.799479	C6	55	80	0	0	152998	P1-107-7	0	-
2723	339.833333	339.912760	Eb6	66	80	0	0	153058	P1-107-8	0	-
2724	339.923177	339.986979	Ab5	71	80	0	0	153118	P1-107-9	0	-
2725	340.069010	340.114583	Eb5	54	80	0	0	153178	P1-107-10	0	-
2726	340.169271	340.221354	C5	62	80	0	0	153238	P1-107-11	0	-
2727	340.261719	340.341146	Eb5	60	80	0	0	153298	P1-107-12	0	-
2728	340.373698	340.441406	Ab4	70	80	0	0	153358	P1-107-13	0	-
2729	340.533854	340.595052	Eb4	53	80	0	0	153418	P1-107-14	0	-
2730	340.643229	340.700521	C4	53	80	0	0	153478	P1-107-15	0	-
2731	340.716146	340.785156	Eb4	58	80	0	0	153538	P1-107-16	0	-
2732	340.843750	340.944010	Ab3	66	80	0	0	153598	P1-107-17	0	-
2733	340.984375	341.053385	Eb3	62	80	0	0	153658	P1-107-18	0	-
2734	341.105469	341.216146	C3	55	80	0	0	153718	P1-107-19	0	-
2735	341.214844	341.334635	Eb3	64	80	0	0	153778	P1-107-20	0	-
2736	341.334635	341.425781	G#3	62	80	0	0	153838	P1-107-21	1	-
2737	341.446615	341.544271	Eb3	66	80	0	0	153898	P1-107-22	0	-
2738	341.554688	341.653646	C3	57	80	0	0	153958	P1-107-23	0	-
2739	341.664062	341.783854	Eb3	55	80	0	0	154018	P1-107-24	0	-
2740	341.794271	341.930990	Bb2	56	80	0	0	154078	P1-108-1	0	-
2741	341.800781	341.938802	Bb1	51	80	0	0	-1	*	3	-
2742	341.803385	342.299479	Eb2	50	80	0	0	154078	P1-108-26	0	-
2743	341.936198	342.003906	Eb3	60	80	0	0	154138	P1-108-2	0	-
2744	342.054688	342.125000	Db3	51	80	0	0	154198	P1-108-3	0	-
2745	342.161458	342.223958	Eb3	53	80	0	0	154258	P1-108-4	0	-
2746	342.282552	342.354167	Bb3	53	80	0	0	154318	P1-108-5	0	-
2747	342.402344	342.458333	Eb3	50	80	0	0	154378	P1-108-6	0	-
2748	342.523438	342.729167	Db3	52	80	0	0	154438	P1-108-7	0	-
2749	342.654948	342.799479	Eb3	39	80	0	0	154498	P1-108-8	0	-
2750	342.783854	342.899740	Bb3	60	80	0	0	154558	P1-108-9	0	-
2751	342.796875	343.419271	G2	48	80	0	0	154558	P1-108-28	0	-
2752	342.804688	343.549479	Eb3	46	80	0	0	154558	P1-108-29	0	-
2753	342.805990	342.889323	G3	46	80	0	0	154558	P1-108-30	0	-
2754	342.912760	342.976562	Eb4	49	80	0	0	154618	P1-108-10	0	-
2755	343.018229	343.095052	Db4	53	80	0	0	154678	P1-108-11	0	-
2756	343.149740	343.201823	Eb4	50	80	0	0	154738	P1-108-12	0	-
2757	343.238281	343.419271	Bb4	70	80	0	0	154798	P1-108-13	0	-
2758	343.363281	343.479167	Eb4	59	80	0	0	154858	P1-108-14	0	-
2759	343.511719	343.619792	Db4	53	80	0	0	154918	P1-108-15	0	-
2760	343.645833	343.949219	Eb4	36	80	0	0	154978	P1-108-16	0	-
2761	343.733073	343.821615	Bb4	72	80	0	0	155038	P1-108-17	0	-
2762	343.744792	344.250000	G3	43	80	0	0	155038	P1-108-33	0	-
2763	343.751302	344.649740	Eb3	41	80	0	0	155038	P1-108-32	0	-
2764	343.753906	344.209635	G2	38	80	0	0	155038	P1-108-31	0	-
2765	343.846354	343.954427	Eb5	66	80	0	0	155098	P1-108-18	0	-
2766	343.964844	344.061198	Db5	64	80	0	0	155158	P1-108-19	0	-
2767	344.095052	344.175781	Eb5	63	80	0	0	155218	P1-108-20	0	-
2768	344.195312	344.291667	Bb5	68	80	0	0	155278	P1-108-21	0	-
2769	344.316406	344.414062	Eb5	68	80	0	0	155338	P1-108-22	0	-
2770	344.433594	344.506510	Db5	65	80	0	0	155398	P1-108-23	0	-
2771	344.545573	344.608073	Eb5	62	80	0	0	155458	P1-108-24	0	-
2772	344.630208	344.743490	C5	71	80	0	0	155518	P1-109-1	0	-
2773	344.657552	345.069010	Eb3	37	80	0	0	155518	P1-109-26	0	-
2774	344.660156	345.000000	Ab3	43	80	0	0	155518	P1-109-27	0	-
2775	344.664062	344.739583	Ab2	40	80	0	0	155518	P1-109-25	0	-
2776	344.744792	345.009115	Ab2	52	80	0	0	155518	*	3	-
2777	344.753906	344.846354	Eb5	66	80	0	0	155578	P1-109-2	0	-
2778	344.885417	345.009115	C5	71	80	0	0	155638	P1-109-3	0	-
2779	344.986979	345.062500	Eb5	67	80	0	0	155698	P1-109-4	0	-
2780	345.083333	345.182292	C6	77	80	0	0	155758	P1-109-5	0	-
2781	345.213542	345.287760	Eb5	72	80	0	0	155818	P1-109-6	0	-
2782	345.324219	345.384115	C5	69	80	0	0	155878	P1-109-7	0	-
2783	345.427083	345.549479	Eb5	67	80	0	0	155938	P1-109-8	0	-
2784	345.523438	345.919271	F4	60	80	0	0	155998	P1-109-30	0	-
2785	345.536458	345.628906	Db5	72	80	0	0	155998	P1-109-9	0	-
2786	345.542969	345.949219	F3	58	80	0	0	155998	P1-109-28	0	-
2787	345.545573	346.179688	Ab3	58	80	0	0	155998	P1-109-29	0	-
2788	345.660156	345.757812	Ab5	69	80	0	0	156058	P1-109-10	0	-
2789	345.764323	345.938802	F5	74	80	0	0	156118	P1-109-11	1	-
2790	345.904948	346.003906	Ab5	80	80	0	0	156178	P1-109-12	0	-
2791	346.002604	346.134115	Db6	81	80	0	0	156238	P1-109-13	0	-
2792	346.131510	346.210938	Ab5	78	80	0	0	156298	P1-109-14	0	-
2793	346.231771	346.359375	F5	74	80	0	0	156358	P1-109-15	0	-
2794	346.354167	346.444010	Ab5	79	80	0	0	156418	P1-109-16	0	-
2795	346.453125	346.669271	Eb5	78	80	0	0	156478	P1-109-17	0	-
2796	346.462240	346.759115	C4	58	80	0	0	156478	P1-109-33	0	-
2797	346.471354	346.809896	Ab3	62	80	0	0	156478	P1-109-32	0	-
2798	346.473958	346.799479	C3	54	80	0	0	156478	P1-109-31	0	-
2799	346.587240	346.704427	Eb6	80	80	0	0	156538	P1-109-18	0	-
2800	346.704427	346.828125	Ab5	83	80	0	0	156598	P1-109-19	0	-
2801	346.821615	346.915365	Eb6	80	80	0	0	156658	P1-109-20	0	-
2802	346.929688	347.069010	C4	56	80	0	0	156718	P1-109-36	0	-
2803	346.929688	347.027344	E5	84	80	0	0	156718	P1-109-21	0	-
2804	346.932292	347.139323	C3	54	80	0	0	156718	P1-109-34	0	-
2805	346.941406	347.053385	Ab3	57	80	0	0	156718	P1-109-35	0	-
2806	347.045573	347.161458	E6	87	80	0	0	156778	P1-109-22	0	-
2807	347.166667	347.265625	Ab5	84	80	0	0	156838	P1-109-23	0	-
2808	347.281250	347.368490	E6	79	80	0	0	156898	P1-109-24	0	-
2809	347.388021	347.639323	F5	81	80	0	0	156958	P1-110-1	0	-
2810	347.403646	347.889323	Db4	62	80	0	0	156958	P1-110-29	0	-
2811	347.404948	348.019531	Ab3	58	80	0	0	156958	P1-110-28	0	-
2812	347.509115	347.658854	F6	82	80	0	0	157018	P1-110-2	0	-
2813	347.631510	347.761719	Ab5	82	80	0	0	157078	P1-110-3	1	-
2814	347.753906	347.894531	C#6	87	80	0	0	157138	P1-110-4	1	-
2815	347.884115	348.035156	F6	81	80	0	0	157198	P1-110-5	0	-
2816	348.011719	348.126302	Db6	77	80	0	0	157258	P1-110-6	0	-
2817	348.132812	348.244792	Ab5	79	80	0	0	157318	P1-110-7	0	-
2818	348.243490	348.342448	Db6	80	80	0	0	157378	P1-110-8	0	-
2819	348.345052	349.069010	G5	81	80	0	0	157438	P1-110-9	0	-
2820	348.376302	348.938802	Bb2	51	80	0	0	157438	P1-110-30	0	-
2821	348.376302	348.989583	Bb3	53	80	0	0	157438	P1-110-32	0	-
2822	348.381510	349.289062	Eb3	49	80	0	0	157438	P1-110-31	0	-
2823	348.402344	348.809896	Eb4	41	80	0	0	157438	*	3	-
2824	348.485677	348.615885	Eb6	81	80	0	0	157498	P1-110-10	0	-
2825	348.595052	348.859375	Db6	80	80	0	0	157558	P1-110-11	0	-
2826	348.716146	348.851562	Eb6	80	80	0	0	157618	P1-110-12	0	-
2827	348.845052	348.992188	G6	89	80	0	0	157678	P1-110-13	0	-
2828	348.984375	349.097656	Eb6	79	80	0	0	157738	P1-110-14	0	-
2829	349.083333	349.225260	Db6	87	80	0	0	157798	P1-110-15	0	-
2830	349.205729	349.324219	Eb6	82	80	0	0	157858	P1-110-16	0	-
2831	349.343750	349.669271	G5	91	80	0	0	157918	P1-110-17	0	-
2832	349.347656	349.669271	Eb3	49	80	0	0	157918	P1-110-34	0	-
2833	349.363281	349.699219	C4	51	80	0	0	157918	P1-110-35	0	-
2834	349.364583	349.649740	Eb4	48	80	0	0	-1	*	3	-
2835	349.369792	349.378906	Bb3	52	80	0	0	-1	*	3	-
2836	349.371094	349.378906	G3	46	80	0	0	-1	*	3	-
2837	349.483073	349.627604	G6	87	80	0	0	157978	P1-110-18	0	-
2838	349.623698	349.819010	C6	74	80	0	0	158038	P1-110-19	0	-
2839	349.623698	349.848958	Eb6	80	80	0	0	158038	P1-110-20	0	-
2840	349.770833	349.886719	G6	87	80	0	0	158098	P1-110-21	0	-
2841	349.898438	350.259115	Ab5	84	80	0	0	158158	P1-110-22	0	-
2842	349.919271	350.359375	C4	51	80	0	0	158158	P1-110-38	0	-
2843	349.925781	350.408854	Eb3	48	80	0	0	158158	P1-110-37	0	-
2844	349.932292	349.938802	G#3	50	80	0	0	-1	*	3	-
2845	349.936198	350.329427	C3	52	80	0	0	158158	P1-110-36	0	-
2846	350.040365	350.186198	Ab6	83	80	0	0	158218	P1-110-23	0	-
2847	350.175781	350.313802	Eb6	73	80	0	0	158278	P1-110-25	0	-
2848	350.308594	350.489583	Ab6	76	80	0	0	158338	P1-110-26	0	-
2849	350.614583	352.539062	Db3	40	80	0	0	158398	P1-111-8	0	-
2850	350.615885	350.739583	C4	38	80	0	0	-1	*	3	-
2851	350.694010	351.419271	Ab3	47	80	0	0	158398	P1-111-20	0	-
2852	350.742188	352.408854	F5	81	80	0	0	158398	P1-111-1	0	-
2853	351.367188	352.009115	A3	60	80	0	0	158638	P1-111-10	0	-
2854	351.927083	352.531250	Bb3	58	80	0	0	158878	P1-111-12	0	-
2855	352.231771	352.537760	Bb4	77	80	0	0	158998	P1-111-3	0	-
2856	352.503906	352.819010	C5	70	80	0	0	159118	P1-111-4	0	-
2857	352.505208	352.828125	C4	50	80	0	0	159118	P1-111-14	0	-
2858	352.782552	353.119792	Db5	68	80	0	0	159238	P1-111-5	0	-
2859	352.812500	353.188802	Db4	45	80	0	0	159238	P1-111-16	0	-
2860	353.072917	354.019531	G4	55	80	0	0	159358	P1-111-6	0	-
2861	353.089844	354.359375	Eb3	31	80	0	0	159358	P1-111-17	0	-
2862	353.093750	354.319010	Bb3	36	80	0	0	159358	P1-111-19	0	-
2863	353.096354	354.279948	G3	35	80	0	0	159358	P1-111-18	0	-
2864	353.632812	354.829427	Eb5	73	80	0	0	159598	P1-111-7	0	-
2865	354.313802	355.809896	C4	48	80	0	0	159838	P1-112-13	0	-
2866	354.319010	356.408854	Eb4	58	80	0	0	159838	P1-112-14	0	-
2867	354.682292	355.042969	Db5	67	80	0	0	159958	P1-112-2	0	-
2868	355.011719	355.479167	C5	70	80	0	0	160078	P1-112-3	0	-
2869	355.334635	355.725260	C6	76	80	0	0	160198	P1-112-4	0	-
2870	355.625000	356.009115	Bb5	80	80	0	0	160318	P1-112-5	0	-
2871	355.924479	356.299479	G5	73	80	0	0	160438	P1-112-6	0	-
2872	356.182292	356.592448	C4	51	80	0	0	160558	P1-112-16	0	-
2873	356.207031	356.563802	Bb5	70	80	0	0	160558	P1-112-7	0	-
2874	356.214844	356.592448	Ab3	49	80	0	0	160558	P1-112-15	0	-
2875	356.514323	356.959635	Ab5	77	80	0	0	160678	P1-112-8	0	-
2876	356.843750	357.559896	C6	65	80	0	0	160798	P1-112-9	0	-
2877	356.854167	357.619792	C4	45	80	0	0	160798	P1-112-18	0	-
2878	356.863281	357.669271	Ab3	52	80	0	0	160798	P1-112-17	0	-
2879	357.196615	357.679688	Ab5	74	80	0	0	160918	P1-112-10	0	-
2880	357.533854	357.928385	Eb5	68	80	0	0	161038	P1-112-11	0	-
2881	357.890625	358.424479	E5	64	80	0	0	161158	P1-112-12	0	-
2882	357.893229	358.803385	Ab3	43	80	0	0	161158	P1-112-19	0	-
2883	357.942708	358.269531	C4	30	80	0	0	161158	P1-112-20	0	-
2884	358.276042	359.279948	Db3	37	80	0	0	161278	P1-113-21	0	-
2885	358.282552	358.468750	C4	38	80	0	0	161278	P1-113-9	0	-
2886	358.373698	360.101562	F5	70	80	0	0	161278	P1-113-1	0	-
2887	358.753906	359.062500	A3	45	80	0	0	161398	P1-113-10	0	-
2888	359.072917	359.378906	Bb3	44	80	0	0	161518	P1-113-11	0	-
2889	359.417969	359.782552	C4	42	80	0	0	161638	P1-113-12	0	-
2890	359.740885	360.149740	Db4	44	80	0	0	161758	P1-113-13	0	-
2891	360.065104	360.489583	Bb4	62	80	0	0	161878	P1-113-3	0	-
2892	360.080729	360.451823	Db3	39	80	0	0	161878	P1-113-14	0	-
2893	360.391927	360.738281	C5	64	80	0	0	161998	P1-113-4	0	-
2894	360.402344	360.765625	Eb3	44	80	0	0	161998	P1-113-15	0	-
2895	360.712240	361.093750	Db5	72	80	0	0	162118	P1-113-5	0	-
2896	360.718750	361.026042	F3	47	80	0	0	162118	P1-113-16	0	-
2897	361.042969	361.539062	Eb3	48	80	0	0	162238	P1-113-17	0	-
2898	361.054688	361.848958	G4	68	80	0	0	162238	P1-113-6	0	-
2899	361.424479	361.815104	Eb2	51	80	0	0	162358	P1-113-18	0	-
2900	361.779948	362.688802	Eb5	67	80	0	0	162478	P1-113-7	0	-
2901	361.794271	362.709635	Bb4	55	80	0	0	162478	*	3	-
2902	361.803385	362.269531	F2	43	80	0	0	162478	P1-113-19	0	-
2903	362.165365	362.639323	G2	45	80	0	0	162598	P1-113-20	0	-
2904	362.604167	364.479167	C5	68	80	0	0	162718	P1-114-3	0	-
2905	362.617188	364.649740	Eb4	51	80	0	0	162718	P1-114-1	0	-
2906	362.623698	365.019531	Ab2	43	80	0	0	162718	P1-114-15	0	-
2907	362.632812	365.348958	Ab1	43	80	0	0	162718	P1-114-18	0	-
2908	363.946615	365.699219	Db5	72	80	0	0	163198	P1-114-4	0	-
2909	363.951823	365.029948	Ab4	66	80	0	0	163198	P1-114-13	0	-
2910	363.955729	364.769531	F2	43	80	0	0	163198	P1-114-20	0	-
2911	363.963542	363.968750	F3	47	80	0	0	163198	*	3	-
2912	364.652344	365.619792	F4	80	80	0	0	163438	P1-114-5	0	-
2913	364.670573	365.449219	Db2	49	80	0	0	163438	P1-114-22	0	-
2914	365.367188	365.938802	G2	48	80	0	0	163678	P1-114-24	0	-
2915	365.372396	366.489583	Bb4	84	80	0	0	163678	P1-114-7	0	-
2916	366.203125	366.799479	Db5	79	80	0	0	163918	P1-114-11	0	-
2917	366.204427	366.699219	E4	70	80	0	0	163918	P1-114-9	0	-
2918	366.204427	366.779948	G4	71	80	0	0	163918	P1-114-10	0	-
2919	367.067708	369.429688	G4	77	80	0	0	164158	P1-115-1	0	-
2920	367.067708	369.549479	Db5	80	80	0	0	164158	P1-115-2	0	-
2921	367.072917	368.889323	E4	75	80	0	0	164158	P1-115-4	0	-
2922	367.110677	369.669271	Ab1	44	80	0	0	164158	P1-115-9	0	-
2923	368.723958	369.489583	Eb4	63	80	0	0	164638	P1-115-5	0	-
2924	370.613281	371.309896	C5	46	80	0	0	165118	P1-115-8	0	-
2925	370.618490	371.259115	Eb4	32	80	0	0	165118	P1-115-6	0	-
2926	370.622396	371.309896	Ab1	30	80	0	0	165118	P1-115-11	0	-
2927	370.623698	371.329427	Ab4	37	80	0	0	165118	P1-115-7	0	-
2928	370.623698	371.279948	Ab2	30	80	0	0	165118	P1-115-12	0	-
2929	370.634115	371.269531	C4	28	80	0	0	165118	*	3	-
2930	372.622396	375.109375	C5	39	80	0	0	165598	P1-116-3	0	-
2931	372.632812	372.729167	G#3	30	80	0	0	165598	*	3	-
2932	372.634115	375.399740	Ab2	27	80	0	0	165598	P1-116-7	0	-
2933	372.634115	375.348958	Ab1	26	80	0	0	165598	P1-116-6	0	-
2934	372.635417	372.649740	Eb3	25	80	0	0	165598	*	3	-
2935	372.636719	375.128906	Ab4	34	80	0	0	165598	P1-116-2	0	-
2936	372.641927	375.209635	Eb4	27	80	0	0	165598	P1-116-1	0	-
2937	372.643229	374.378906	C4	24	80	0	0	165598	*	3	-
//Missing 1920	P1-2-7
//Missing 15120	P1-11-18
//Missing 15600	P1-11-25
//Missing 17280	P1-13-26
//Missing 18720	P1-14-27
//Missing 23040	P1-17-25
//Missing 24000	P1-17-32
//Missing 27120	P1-19-42
//Missing 34560	P1-25-7
//Missing 35190	P1-25-23
//Missing 35400	P1-25-47
//Missing 36060	P1-26-53
//Missing 36120	P1-26-54
//Missing 36240	P1-26-56
//Missing 36270	P1-26-26
//Missing 36720	P1-26-63
//Missing 37710	P1-27-16
//Missing 38370	P1-27-32
//Missing 40320	P1-29-10
//Missing 41400	P1-29-34
//Missing 49920	P1-35-35
//Missing 50880	P1-36-24
//Missing 53280	P1-38-8
//Missing 60960	P1-43-5
//Missing 63360	P1-45-4
//Missing 63840	P1-45-7
//Missing 66720	P1-47-7
//Missing 67680	P1-48-7
//Missing 76320	P1-54-4
//Missing 79918	P1-56-4
//Missing 79918	P1-56-5
//Missing 80158	P1-56-7
//Missing 81118	P1-57-5
//Missing 84508	P1-59-16
//Missing 84598	P1-59-34
//Missing 84688	P1-59-20
//Missing 97558	P1-68-20
//Missing 98518	P1-69-23
//Missing 98998	P1-69-29
//Missing 99118	P1-69-31
//Missing 99238	P1-69-33
//Missing 99238	P1-69-34
//Missing 100798	P1-71-26
//Missing 100798	P1-71-27
//Missing 101278	P1-71-29
//Missing 102238	P1-72-26
//Missing 102238	P1-72-27
//Missing 103678	P1-73-27
//Missing 106318	P1-74-40
//Missing 107278	P1-75-35
//Missing 107278	P1-75-36
//Missing 107758	P1-75-42
//Missing 110398	P1-77-16
//Missing 111838	P1-78-18
//Missing 112078	P1-78-22
//Missing 118078	P1-83-13
//Missing 120478	P1-84-49
//Missing 120838	P1-84-54
//Missing 121758	P1-85-39
//Missing 122278	P1-85-71
//Missing 122848	P1-86-20
//Missing 122878	P1-86-48
//Missing 122908	P1-86-22
//Missing 122998	P1-86-50
//Missing 123058	P1-86-51
//Missing 123148	P1-86-28
//Missing 123208	P1-86-29
//Missing 123328	P1-86-32
//Missing 124198	P1-87-16
//Missing 124678	P1-87-30
//Missing 125158	P1-87-40
//Missing 127198	P1-89-18
//Missing 131998	P1-92-17
//Missing 135358	P1-95-13
//Missing 135838	P1-95-16
//Missing 137278	P1-96-17
//Missing 144478	P1-101-11
//Missing 152638	P1-107-27
//Missing 154078	P1-108-27
//Missing 156958	P1-110-27
//Missing 157918	P1-110-33
//Missing 158278	P1-110-24
//Missing 161278	P1-113-8
//Missing 162718	P1-114-2
//Missing 163918	P1-114-25
//Missing 163918	P1-114-26
//Missing 164158	P1-115-10
//Missing 35840	P1-25-39
//Missing 36000	P1-26-52
//Missing 36320	P1-26-28
//Missing 36540	P1-26-60
//Missing 36750	P1-26-37
//Missing 36800	P1-26-39
//Missing 37280	P1-26-50
//Missing 37380	P1-26-72
//Missing 37440	P1-27-40
//Missing 37470	P1-27-10
//Missing 37500	P1-27-41
//Missing 37530	P1-27-11
//Missing 37560	P1-27-42
//Missing 38310	P1-27-31
//Missing 38400	P1-27-33
//Missing 38520	P1-27-34
//Missing 38580	P1-27-35
//Missing 78838	P1-55-19
//Missing 78998	P1-55-24
//Missing 83998	P1-59-24
//Missing 84028	P1-59-4
//Missing 84388	P1-59-13
//Missing 84418	P1-59-31
//Missing 84568	P1-59-17
//Missing 119518	P1-84-16
//Missing 119518	P1-84-17
//Missing 119518	P1-84-18
//Missing 119518	P1-84-6
//Missing 120988	P1-85-20
//Missing 121278	P1-85-28
//Missing 121528	P1-85-32
//Missing 122188	P1-85-48
//Missing 122218	P1-85-81
//Missing 122238	P1-85-50
//Missing 122338	P1-85-72
//Missing 122398	P1-86-40
//Missing 122428	P1-86-10
//Missing 122458	P1-86-41
//Missing 122488	P1-86-11
//Missing 122518	P1-86-42
//Missing 122548	P1-86-13
//Missing 133918	P1-94-20
//Missing 154078	P1-108-25
