//Version: PianoRoll_v170101
0	1.524740	3.119792	Eb3	35	80	0
1	1.526042	3.500000	G#2	34	80	0
2	1.526042	3.929688	C5	45	80	0
3	1.527344	2.688802	G#3	37	80	0
4	1.532552	2.789062	G#4	42	80	0
5	3.097656	3.386719	G#4	47	80	0
6	3.102865	3.394531	C3	38	80	0
7	3.127604	3.384115	Eb4	40	80	0
8	3.127604	3.394531	Eb3	31	80	0
9	3.580729	4.128906	G#4	50	80	0
10	3.613281	4.049479	Eb4	51	80	0
11	3.622396	4.158854	Eb3	38	80	0
12	3.626302	4.069010	C3	38	80	0
13	4.328125	4.809896	G#4	59	80	0
14	4.347656	4.859375	Eb4	50	80	0
15	4.356771	5.429688	Eb3	38	80	0
16	4.360677	4.739583	C3	40	80	0
17	4.584635	6.049479	C#5	56	80	0
18	4.604167	5.339844	G4	45	80	0
19	4.631510	5.908854	Bb2	37	80	0
20	5.800781	7.739583	Bb4	43	80	0
21	5.804688	7.158854	Eb3	38	80	0
22	5.817708	6.128906	Bb3	35	80	0
23	5.822917	7.089844	C#3	38	80	0
24	5.824219	7.729167	G4	35	80	0
25	7.755208	9.549479	Eb5	67	80	0
26	7.791667	9.289062	G#4	41	80	0
27	7.794271	9.348958	Eb3	35	80	0
28	7.803385	9.399740	C3	39	80	0
29	7.803385	8.628906	Eb4	39	80	0
30	8.429688	9.250000	G#3	56	80	0
31	8.924479	9.489583	C4	60	80	0
32	9.393229	9.919271	C#5	60	80	0
33	9.414062	9.911458	F3	52	80	0
34	9.416667	9.869792	G#4	49	80	0
35	9.423177	9.929688	Bb3	50	80	0
36	9.872396	10.415365	Eb5	83	80	0
37	9.875000	10.199219	G#4	66	80	0
38	9.890625	10.378906	C4	54	80	0
39	9.897135	10.399740	Eb3	49	80	0
40	10.355469	11.069010	F5	78	80	0
41	10.375000	11.029948	C#3	60	80	0
42	10.375000	10.919271	C#4	63	80	0
43	10.377604	10.729167	G#4	62	80	0
44	10.979167	11.886719	Eb5	77	80	0
45	11.009115	12.250000	Eb3	42	80	0
46	11.010417	11.968750	G4	51	80	0
47	11.023438	12.250000	Bb3	45	80	0
48	11.027344	11.179688	Eb4	45	80	0
49	11.834635	12.294271	D5	77	80	0
50	12.259115	12.574219	C#5	67	80	0
51	12.259115	14.489583	Bb3	47	80	0
52	12.264323	14.128906	Eb3	49	80	0
53	12.265625	14.059896	G4	51	80	0
54	12.554688	12.714844	Eb5	77	80	0
55	12.723958	12.852865	C#5	72	80	0
56	12.863281	12.967448	Eb5	70	80	0
57	12.984375	13.082031	C#5	72	80	0
58	13.100260	13.184896	Eb5	77	80	0
59	13.207031	13.273438	C#5	77	80	0
60	13.292969	13.371094	Eb5	70	80	0
61	13.394531	13.455729	C#5	81	80	0
62	13.473958	13.544271	Eb5	75	80	0
63	13.569010	13.630208	C#5	70	80	0
64	13.651042	13.712240	Eb5	77	80	0
65	13.735677	13.796875	C#5	70	80	0
66	13.808594	13.884115	Eb5	73	80	0
67	13.907552	13.966146	C#5	68	80	0
68	13.984375	14.050781	Eb5	66	80	0
69	14.070312	14.132812	C#5	73	80	0
70	14.153646	14.212240	Eb5	70	80	0
71	14.234375	14.304688	C#5	68	80	0
72	14.329427	14.394531	Eb5	66	80	0
73	14.427083	14.485677	C#5	64	80	0
74	14.516927	14.584635	Eb5	64	80	0
75	14.614583	14.718750	C#5	59	80	0
76	14.731771	14.774740	Eb5	56	80	0
77	14.800781	14.908854	C#5	54	80	0
78	14.946615	15.024740	Eb5	52	80	0
79	15.072917	15.148438	C#5	47	80	0
80	15.192708	15.282552	Eb5	50	80	0
81	15.325521	15.436198	C#5	52	80	0
82	15.473958	15.829427	Eb5	51	80	0
83	15.596354	15.829427	C#5	54	80	0
84	15.808594	16.128906	C5	48	80	0
85	16.114583	16.274740	C#5	52	80	0
86	16.303385	16.414062	Eb5	57	80	0
87	16.446615	16.669271	C#5	51	80	0
88	16.572917	16.735677	Eb5	49	80	0
89	16.712240	18.489583	F5	56	80	0
90	17.712240	18.509115	Eb5	51	80	0
91	18.052083	18.480469	C#5	49	80	0
92	18.404948	20.569010	C5	47	80	0
93	18.406250	19.449219	G#3	39	80	0
94	18.753906	18.859375	C4	29	80	0
95	18.756510	18.863281	Eb4	33	80	0
96	19.054688	19.123698	C4	42	80	0
97	19.059896	19.127604	Eb4	35	80	0
98	19.345052	19.628906	C4	40	80	0
99	19.352865	19.699219	Eb4	44	80	0
100	19.654948	20.559896	G#3	55	80	0
101	19.962240	20.089844	C4	31	80	0
102	19.971354	20.042969	Eb4	34	80	0
103	20.244792	20.378906	C4	43	80	0
104	20.244792	21.628906	Eb5	71	80	0
105	20.253906	20.337240	Eb4	47	80	0
106	20.523438	20.829427	Eb4	47	80	0
107	20.523438	20.899740	C4	45	80	0
108	20.811198	21.250000	G#3	50	80	0
109	21.085938	21.164062	Eb4	48	80	0
110	21.092448	21.165365	C4	39	80	0
111	21.354167	21.989583	G#5	80	80	0
112	21.384115	21.468750	Eb4	49	80	0
113	21.390625	21.463542	C4	42	80	0
114	21.390625	21.799479	G#3	41	80	0
115	21.666667	22.039062	Eb4	42	80	0
116	21.677083	21.979167	C4	45	80	0
117	21.955729	22.644531	Bb3	48	80	0
118	22.002604	23.279948	G#5	74	80	0
119	22.282552	22.380208	C#4	45	80	0
120	22.283854	22.369792	Eb4	47	80	0
121	22.575521	22.641927	C#4	37	80	0
122	22.576823	22.644531	Eb4	41	80	0
123	22.846354	23.199219	C#4	37	80	0
124	22.851562	23.359375	Eb4	37	80	0
125	23.114583	24.149740	Bb3	47	80	0
126	23.145833	25.619792	G5	67	80	0
127	23.425781	23.542969	C#4	39	80	0
128	23.430990	23.545573	Eb4	40	80	0
129	23.708333	23.777344	Eb4	43	80	0
130	23.712240	23.783854	C#4	37	80	0
131	23.994792	24.399740	C#4	35	80	0
132	23.997396	24.399740	Eb4	47	80	0
133	24.313802	25.369792	Bb3	50	80	0
134	24.569010	24.665365	C#4	46	80	0
135	24.570312	24.662760	Eb4	47	80	0
136	24.863281	25.000000	Eb4	40	80	0
137	24.864583	24.941406	C#4	41	80	0
138	25.148438	25.289062	C#4	43	80	0
139	25.152344	25.619792	Eb4	45	80	0
140	25.506510	26.399740	C#4	46	80	0
141	25.515625	27.399740	Bb5	81	80	0
142	25.809896	26.009115	Bb4	42	80	0
143	25.819010	25.914062	G4	40	80	0
144	25.835938	25.915365	Eb4	40	80	0
145	26.085938	26.183594	G4	35	80	0
146	26.092448	26.378906	Bb4	36	80	0
147	26.114583	26.190104	Eb4	34	80	0
148	26.378906	26.679688	G4	36	80	0
149	26.391927	26.688802	Bb4	39	80	0
150	26.402344	26.709635	Eb4	40	80	0
151	26.410156	26.639323	C#4	35	80	0
152	26.652344	27.609375	C#4	48	80	0
153	26.944010	27.027344	Bb4	42	80	0
154	26.946615	27.024740	G4	36	80	0
155	26.958333	27.032552	Eb4	35	80	0
156	27.195312	29.059896	G5	74	80	0
157	27.225260	27.298177	Bb4	44	80	0
158	27.226562	27.300781	Eb4	41	80	0
159	27.229167	27.300781	G4	46	80	0
160	27.463542	27.699219	Bb4	40	80	0
161	27.464844	27.759115	G4	41	80	0
162	27.510417	27.799479	Eb4	32	80	0
163	27.744792	28.679688	C#4	48	80	0
164	28.024740	28.117188	G4	42	80	0
165	28.028646	28.149740	Bb4	43	80	0
166	28.033854	28.122396	Eb4	44	80	0
167	28.315104	28.869792	Eb5	72	80	0
168	28.325521	28.403646	Bb4	47	80	0
169	28.333333	28.398438	G4	41	80	0
170	28.339844	28.407552	Eb4	45	80	0
171	28.596354	28.829427	Bb4	49	80	0
172	28.597656	28.899740	Eb4	52	80	0
173	28.610677	28.979167	G4	43	80	0
174	28.867188	29.848958	C4	46	80	0
175	28.884115	31.289062	Eb5	69	80	0
176	29.195312	29.292969	G#4	36	80	0
177	29.195312	29.449219	Eb4	41	80	0
178	29.463542	29.549479	Eb4	38	80	0
179	29.486979	29.549479	G#4	48	80	0
180	29.747396	30.109375	Eb4	39	80	0
181	29.748698	30.179688	G#4	50	80	0
182	30.055990	30.789062	C4	41	80	0
183	30.057292	32.359375	G#5	69	80	0
184	30.315104	30.385417	G#4	39	80	0
185	30.334635	30.394531	Eb4	42	80	0
186	30.583333	30.654948	G#4	44	80	0
187	30.584635	30.654948	Eb4	44	80	0
188	30.871094	31.089844	G#4	40	80	0
189	30.877604	31.109375	Eb4	54	80	0
190	31.154948	31.799479	C4	56	80	0
191	31.432292	31.497396	Eb4	49	80	0
192	31.433594	31.500000	G#4	40	80	0
193	31.709635	31.783854	G#4	40	80	0
194	31.714844	31.783854	Eb4	36	80	0
195	31.996094	32.179688	G#4	38	80	0
196	32.000000	32.438802	Eb4	54	80	0
197	32.367188	35.199219	G#5	69	80	0
198	32.402344	32.829427	F#4	51	80	0
199	32.811198	32.914062	Eb5	55	80	0
200	32.835938	32.914062	C5	49	80	0
201	32.843750	33.309896	F#4	42	80	0
202	32.846354	32.968750	G#4	44	80	0
203	33.106771	33.186198	Eb5	63	80	0
204	33.125000	33.187500	C5	50	80	0
205	33.126302	33.369792	G#4	45	80	0
206	33.367188	33.709635	Eb5	64	80	0
207	33.368490	33.500000	F#4	49	80	0
208	33.372396	33.688802	C5	50	80	0
209	33.375000	33.598958	G#4	46	80	0
210	33.634115	33.919271	F#4	58	80	0
211	33.904948	34.001302	Eb5	61	80	0
212	33.925781	34.002604	C5	51	80	0
213	33.925781	34.429688	F#4	47	80	0
214	33.932292	33.994792	G#4	48	80	0
215	34.162760	35.408854	C6	83	80	0
216	34.184896	34.251302	Eb5	62	80	0
217	34.188802	34.319010	G#4	47	80	0
218	34.194010	34.253906	C5	47	80	0
219	34.437500	34.799479	Eb5	65	80	0
220	34.444010	34.514323	F#4	53	80	0
221	34.445312	34.799479	C5	54	80	0
222	34.445312	34.589844	G#4	50	80	0
223	34.721354	34.968750	F#4	58	80	0
224	34.979167	35.044271	Eb5	55	80	0
225	34.979167	35.269531	F#4	48	80	0
226	34.980469	35.119792	G#4	51	80	0
227	34.981771	35.046875	C5	47	80	0
228	35.234375	35.848958	Eb6	88	80	0
229	35.256510	35.438802	Eb5	69	80	0
230	35.274740	35.429688	G#4	47	80	0
231	35.281250	35.968750	F#4	44	80	0
232	35.282552	35.332031	C5	44	80	0
233	35.533854	36.279948	Eb5	54	80	0
234	35.536458	35.959635	C5	46	80	0
235	35.549479	35.989583	G#4	38	80	0
236	35.855469	36.848958	F4	55	80	0
237	35.860677	37.739583	Eb6	80	80	0
238	36.123698	36.329427	G#4	48	80	0
239	36.131510	36.231771	C#5	50	80	0
240	36.408854	36.486979	C#5	55	80	0
241	36.428385	36.658854	G#4	41	80	0
242	36.666667	37.000000	C#5	56	80	0
243	36.667969	36.979167	G#4	40	80	0
244	36.942708	38.039062	F4	61	80	0
245	37.212240	37.429688	G#4	50	80	0
246	37.212240	37.369792	C#5	56	80	0
247	37.441406	38.218750	C#6	85	80	0
248	37.472656	37.555990	C#5	61	80	0
249	37.475260	37.968750	F5	48	80	0
250	37.490885	37.598958	G#4	41	80	0
251	37.708333	38.059896	C#5	55	80	0
252	37.712240	38.039062	G#4	50	80	0
253	37.964844	38.688802	Eb4	63	80	0
254	38.005208	38.669271	Eb6	82	80	0
255	38.255208	38.579427	C5	50	80	0
256	38.263021	38.628906	G#4	48	80	0
257	38.529948	38.750000	C#4	52	80	0
258	38.533854	39.098958	F6	84	80	0
259	38.860677	39.179688	G#4	44	80	0
260	38.863281	39.218750	Bb4	48	80	0
261	39.196615	40.309896	F6	79	80	0
262	39.204427	40.389323	Eb4	54	80	0
263	39.503906	39.643229	G#4	35	80	0
264	39.527344	39.750000	C5	48	80	0
265	39.813802	41.259115	Eb6	82	80	0
266	39.842448	39.917969	C5	47	80	0
267	39.848958	39.968750	G#4	52	80	0
268	40.130208	40.438802	G#4	49	80	0
269	40.132812	40.408854	C5	51	80	0
270	40.398438	40.819010	Eb4	59	80	0
271	40.458333	40.579427	C5	35	80	0
272	40.640625	40.725260	G#4	42	80	0
273	40.645833	41.000000	C5	49	80	0
274	40.889323	41.348958	C#6	79	80	0
275	40.890625	41.369792	Eb4	47	80	0
276	40.914062	41.079427	C#5	55	80	0
277	40.936198	41.119792	G#4	43	80	0
278	41.240885	41.829427	C6	70	80	0
279	41.265625	41.589844	G#4	37	80	0
280	41.278646	41.589844	C5	35	80	0
281	41.516927	42.459635	Eb6	68	80	0
282	41.518229	43.079427	Eb4	53	80	0
283	41.795573	42.869792	C#6	76	80	0
284	41.803385	42.029948	Bb4	45	80	0
285	41.808594	42.098958	C#5	55	80	0
286	42.100260	43.000000	G5	71	80	0
287	42.108073	42.239583	C#5	53	80	0
288	42.114583	42.279948	Bb4	44	80	0
289	42.398438	42.889323	C#5	42	80	0
290	42.398438	42.878906	Bb4	38	80	0
291	42.852865	43.959635	G#4	44	80	0
292	42.854167	43.769531	C5	42	80	0
293	42.911458	43.549479	G#5	62	80	0
294	43.234375	43.322917	Eb6	58	80	0
295	43.363281	43.549479	C6	60	80	0
296	43.497396	43.572917	Eb6	63	80	0
297	43.595052	43.679688	G#6	68	80	0
298	43.717448	43.819010	Eb6	63	80	0
299	43.802083	43.919271	C6	60	80	0
300	43.906250	43.994792	Eb6	65	80	0
301	44.026042	44.169271	G#5	61	80	0
302	44.144531	44.205729	Eb5	59	80	0
303	44.250000	44.348958	C5	50	80	0
304	44.381510	44.434896	Eb5	66	80	0
305	44.486979	44.537760	G#4	55	80	0
306	44.574219	44.634115	Eb4	56	80	0
307	44.695312	44.763021	C4	51	80	0
308	44.822917	44.877604	Eb4	59	80	0
309	44.915365	45.069010	G#3	59	80	0
310	45.054688	45.122396	Eb3	53	80	0
311	45.183594	45.348958	C3	53	80	0
312	45.285156	45.358073	Eb3	54	80	0
313	45.417969	45.709635	G#2	55	80	0
314	45.520833	45.584635	Eb3	50	80	0
315	45.649740	45.769531	C3	50	80	0
316	45.763021	45.899740	Eb3	53	80	0
317	45.903646	46.919271	G2	57	80	0
318	45.910156	46.188802	G1	60	80	0
319	45.914062	46.348958	Bb2	61	80	0
320	45.919271	46.899740	Bb1	62	80	0
321	46.058594	46.209635	Eb3	56	80	0
322	46.195312	46.309896	C#3	56	80	0
323	46.291667	46.419271	Eb3	54	80	0
324	46.423177	46.485677	G3	51	80	0
325	46.514323	46.658854	Eb3	55	80	0
326	46.785156	46.860677	Eb3	53	80	0
327	46.907552	47.188802	G3	62	80	0
328	46.907552	47.438802	Bb2	51	80	0
329	46.907552	47.500000	Bb1	48	80	0
330	47.040365	47.125000	Eb4	65	80	0
331	47.165365	47.231771	C#4	62	80	0
332	47.272135	47.330729	Eb4	70	80	0
333	47.391927	47.460938	G4	56	80	0
334	47.500000	47.589844	Eb4	66	80	0
335	47.626302	47.691406	C#4	64	80	0
336	47.734375	47.785156	Eb4	69	80	0
337	47.850260	48.209635	Eb2	52	80	0
338	47.855469	48.279948	Bb1	54	80	0
339	47.856771	48.299479	Bb2	52	80	0
340	47.861979	47.936198	G4	59	80	0
341	47.964844	48.042969	Eb5	70	80	0
342	48.075521	48.199219	C#5	67	80	0
343	48.203125	48.266927	Eb5	75	80	0
344	48.315104	48.429688	G5	63	80	0
345	48.424479	48.484375	Eb5	68	80	0
346	48.540365	48.602865	C#5	62	80	0
347	48.630208	48.675781	Eb5	68	80	0
348	48.766927	49.619792	C2	51	80	0
349	48.768229	48.886719	G#5	70	80	0
350	48.770833	49.459635	C3	54	80	0
351	48.773438	49.339844	Eb2	50	80	0
352	48.897135	49.019531	Eb6	71	80	0
353	49.007812	49.065104	C6	66	80	0
354	49.095052	49.250000	Eb6	72	80	0
355	49.230469	49.479167	G#6	80	80	0
356	49.346354	49.423177	Eb6	68	80	0
357	49.455729	49.569010	C6	61	80	0
358	49.542969	49.669271	Eb6	72	80	0
359	49.673177	49.742188	G#5	71	80	0
360	49.774740	49.834635	Eb5	71	80	0
361	49.916667	50.029948	C5	48	80	0
362	50.013021	50.082031	Eb5	72	80	0
363	50.123698	50.183594	G#4	59	80	0
364	50.197917	50.274740	Eb4	64	80	0
365	50.334635	50.385417	C4	60	80	0
366	50.427083	50.493490	Eb4	62	80	0
367	50.541667	50.605469	G#3	65	80	0
368	50.686198	50.743490	Eb3	58	80	0
369	50.787760	50.949219	C3	62	80	0
370	50.888021	51.003906	Eb3	61	80	0
371	51.019531	51.259115	G#2	61	80	0
372	51.135417	51.207031	Eb3	53	80	0
373	51.256510	51.316406	C3	57	80	0
374	51.358073	51.433594	Eb3	65	80	0
375	51.483073	51.709635	Bb2	58	80	0
376	51.483073	51.739583	Bb1	57	80	0
377	51.484375	52.319010	Eb2	58	80	0
378	51.486979	51.628906	G2	56	80	0
379	51.486979	51.609375	G1	57	80	0
380	51.593750	51.666667	Eb3	56	80	0
381	51.734375	51.803385	C#3	54	80	0
382	51.837240	51.938802	Eb3	52	80	0
383	51.960938	52.024740	Bb3	53	80	0
384	52.065104	52.125000	Eb3	54	80	0
385	52.212240	52.329427	C#3	64	80	0
386	52.295573	52.429688	Eb3	50	80	0
387	52.423177	52.799479	G1	58	80	0
388	52.425781	52.639323	G2	62	80	0
389	52.428385	53.069010	Eb2	56	80	0
390	52.433594	52.619792	Bb3	63	80	0
391	52.436198	52.628906	Eb3	60	80	0
392	52.546875	52.619792	Eb4	69	80	0
393	52.665365	52.726562	C#4	70	80	0
394	52.774740	52.825521	Eb4	62	80	0
395	52.880208	52.968750	Bb4	60	80	0
396	52.998698	53.046875	Eb4	64	80	0
397	53.098958	53.154948	C#4	65	80	0
398	53.212240	53.272135	Eb4	75	80	0
399	53.324219	53.799479	Eb2	57	80	0
400	53.324219	53.609375	G1	59	80	0
401	53.325521	53.609375	G2	58	80	0
402	53.354167	53.459635	Bb4	55	80	0
403	53.460938	53.540365	Eb5	68	80	0
404	53.575521	53.658854	C#5	66	80	0
405	53.690104	53.768229	Eb5	78	80	0
406	53.791667	53.859375	Bb5	75	80	0
407	53.906250	53.975260	Eb5	74	80	0
408	54.016927	54.074219	C#5	65	80	0
409	54.114583	54.165365	Eb5	70	80	0
410	54.222656	54.468750	G#2	55	80	0
411	54.223958	55.789062	G#1	59	80	0
412	54.226562	54.449219	Eb2	55	80	0
413	54.231771	54.509115	C5	59	80	0
414	54.334635	54.432292	G#5	72	80	0
415	54.453125	54.516927	Eb5	73	80	0
416	54.553385	54.699219	G#5	75	80	0
417	54.665365	54.834635	C6	78	80	0
418	54.785156	54.858073	G#5	60	80	0
419	54.873698	54.954427	Eb5	68	80	0
420	54.977865	55.098958	G#5	70	80	0
421	55.092448	55.250000	C5	75	80	0
422	55.205729	55.265625	G#4	57	80	0
423	55.309896	55.489583	Eb4	66	80	0
424	55.425781	55.480469	G#4	58	80	0
425	55.513021	55.593750	C4	70	80	0
426	55.572917	55.579427	G#4	49	80	0
427	55.605469	55.707031	G#3	59	80	0
428	55.743490	55.825521	Eb3	63	80	0
429	55.854167	55.934896	G#3	68	80	0
430	55.955729	56.179688	C3	82	80	0
431	56.076823	56.167969	G#3	75	80	0
432	56.203125	56.359375	Eb3	63	80	0
433	56.303385	56.385417	G#3	68	80	0
434	56.412760	56.503906	C4	75	80	0
435	56.509115	56.613281	G#3	66	80	0
436	56.638021	56.789062	Eb3	70	80	0
437	56.740885	56.825521	G#3	67	80	0
438	56.742188	56.750000	G#4	70	80	0
439	56.854167	57.759115	F2	81	80	0
440	56.855469	57.589844	F1	75	80	0
441	56.855469	57.049479	D3	72	80	0
442	56.981771	57.072917	Bb3	70	80	0
443	57.087240	57.187500	G#3	73	80	0
444	57.208333	57.289062	Bb3	60	80	0
445	57.320312	57.406250	D4	72	80	0
446	57.424479	57.485677	Bb3	64	80	0
447	57.555990	57.619792	G#3	70	80	0
448	57.634115	57.709635	Bb3	63	80	0
449	57.764323	58.098958	F3	75	80	0
450	57.772135	58.309896	Bb2	73	80	0
451	57.774740	58.438802	F2	77	80	0
452	57.774740	58.049479	D4	74	80	0
453	57.899740	58.019531	Bb4	64	80	0
454	57.993490	58.117188	G#4	71	80	0
455	58.115885	58.216146	Bb4	77	80	0
456	58.233073	58.468750	D5	80	80	0
457	58.330729	58.433594	Bb4	65	80	0
458	58.445312	58.532552	G#4	69	80	0
459	58.555990	58.639323	Bb4	63	80	0
460	58.667969	59.069010	Bb2	75	80	0
461	58.683594	59.109375	Eb2	73	80	0
462	58.694010	58.795573	Eb5	74	80	0
463	58.791667	58.901042	Bb5	78	80	0
464	58.907552	58.990885	G5	75	80	0
465	59.002604	59.131510	Bb5	81	80	0
466	59.135417	59.246094	Eb6	84	80	0
467	59.223958	59.325521	Bb5	84	80	0
468	59.334635	59.434896	G5	83	80	0
469	59.444010	59.514323	Bb5	82	80	0
470	59.545573	59.869792	Bb2	73	80	0
471	59.545573	59.628906	D3	75	80	0
472	59.549479	59.959635	D2	77	80	0
473	59.552083	59.699219	F5	75	80	0
474	59.666667	59.764323	Bb5	79	80	0
475	59.773438	59.861979	G#5	73	80	0
476	59.882812	59.983073	Bb5	81	80	0
477	59.986979	60.074219	F6	82	80	0
478	60.092448	60.195312	Bb5	83	80	0
479	60.196615	60.305990	G#5	76	80	0
480	60.303385	60.388021	Bb5	80	80	0
481	60.403646	60.669271	D4	82	80	0
482	60.404948	60.759115	Bb3	85	80	0
483	60.406250	60.718750	D3	79	80	0
484	60.414062	60.520833	F5	73	80	0
485	60.527344	60.622396	Bb5	82	80	0
486	60.635417	60.722656	G#5	69	80	0
487	60.725260	60.837240	Bb5	80	80	0
488	60.855469	60.953125	F6	78	80	0
489	60.958333	61.066406	Bb5	87	80	0
490	61.075521	61.173177	G#5	77	80	0
491	61.175781	61.243490	Bb5	74	80	0
492	61.282552	61.489583	C#4	91	80	0
493	61.283854	61.559896	C#3	92	80	0
494	61.291667	61.386719	G5	74	80	0
495	61.292969	61.759115	Eb3	88	80	0
496	61.401042	61.514323	Eb6	79	80	0
497	61.518229	61.610677	Bb5	83	80	0
498	61.614583	61.695312	Eb6	83	80	0
499	61.753906	61.863281	G6	98	80	0
500	61.860677	61.960938	Eb6	81	80	0
501	61.976562	62.052083	Bb5	77	80	0
502	62.067708	62.167969	Eb6	79	80	0
503	62.186198	62.519531	C3	78	80	0
504	62.186198	62.549479	C4	83	80	0
505	62.190104	62.389323	G#5	75	80	0
506	62.194010	62.519531	Eb3	70	80	0
507	62.300781	62.430990	G#6	79	80	0
508	62.432292	62.579427	Eb6	77	80	0
509	62.535156	62.819010	G#6	89	80	0
510	62.683594	62.829427	A5	89	80	0
511	62.684896	62.759115	B2	83	80	0
512	62.691406	62.938802	B3	82	80	0
513	62.692708	62.929688	Eb3	78	80	0
514	62.835938	62.975260	A6	86	80	0
515	62.835938	63.000000	A5	79	80	0
516	62.964844	63.080729	Eb6	86	80	0
517	63.096354	63.319010	A6	84	80	0
518	63.255208	63.467448	Eb4	89	80	0
519	63.255208	63.649740	B3	76	80	0
520	63.256510	63.579427	B4	84	80	0
521	63.260417	63.399740	A5	83	80	0
522	63.403646	63.539062	A6	78	80	0
523	63.404948	63.539062	A5	71	80	0
524	63.528646	63.631510	Eb6	73	80	0
525	63.643229	63.744792	A6	81	80	0
526	63.755208	64.062500	Eb4	84	80	0
527	63.756510	64.000000	Bb4	77	80	0
528	63.756510	63.968750	Bb5	83	80	0
529	63.760417	64.098958	Bb3	81	80	0
530	63.872396	64.089844	Bb6	84	80	0
531	63.986979	64.229167	Eb6	81	80	0
532	64.097656	64.309896	Bb6	90	80	0
533	64.204427	64.500000	Bb5	81	80	0
534	64.204427	64.539062	Eb4	83	80	0
535	64.213542	64.509115	G#4	68	80	0
536	64.217448	64.549479	G#3	73	80	0
537	64.321615	64.529948	Bb6	80	80	0
538	64.432292	64.555990	Eb6	80	80	0
539	64.536458	64.769531	Bb6	88	80	0
540	64.651042	65.199219	G4	75	80	0
541	64.652344	65.229167	Eb4	71	80	0
542	64.654948	65.199219	G3	78	80	0
543	64.665365	65.059896	B5	85	80	0
544	64.832031	65.069010	B6	92	80	0
545	64.986979	65.438802	Eb6	83	80	0
546	65.182292	65.459635	B6	95	80	0
547	65.467448	66.239583	B6	52	80	0
548	65.936198	68.188802	C7	85	80	0
549	66.319010	67.149740	G#5	53	80	0
550	66.605469	68.218750	G#4	45	80	0
551	66.842448	67.839844	C6	73	80	0
552	67.144531	69.289062	Bb6	75	80	0
553	67.414062	68.169271	G5	55	80	0
554	67.763021	68.869792	G4	37	80	0
555	68.033854	68.938802	Bb5	61	80	0
556	68.332031	69.688802	G#6	73	80	0
557	68.593750	69.269531	F5	53	80	0
558	68.897135	69.848958	F4	52	80	0
559	69.153646	69.739583	A6	83	80	0
560	69.475260	71.299479	Bb6	79	80	0
561	69.736979	70.449219	G5	60	80	0
562	70.033854	71.128906	G4	52	80	0
563	70.286458	71.158854	Bb5	69	80	0
564	70.641927	72.098958	G#6	74	80	0
565	70.894531	71.569010	F5	60	80	0
566	71.204427	71.804688	F4	59	80	0
567	71.470052	71.919271	G#5	62	80	0
568	71.811198	72.369792	G6	72	80	0
569	71.813802	72.449219	Eb5	60	80	0
570	72.052083	72.489583	Eb4	52	80	0
571	72.062500	72.419271	G5	65	80	0
572	72.354167	72.739583	G#5	71	80	0
573	72.359375	73.158854	F4	54	80	0
574	72.618490	72.966146	Bb5	82	80	0
575	72.619792	73.158854	G4	56	80	0
576	72.921875	73.369792	D6	76	80	0
577	73.212240	74.059896	C6	64	80	0
578	73.486979	74.128906	G#4	46	80	0
579	73.803385	74.109375	C5	55	80	0
580	73.804688	74.126302	G#3	49	80	0
581	74.072917	74.769531	C6	68	80	0
582	74.118490	74.479167	C5	30	80	0
583	74.373698	75.199219	Bb5	65	80	0
584	74.376302	74.630208	G#4	49	80	0
585	74.654948	75.459635	G4	48	80	0
586	74.908854	75.389323	G3	47	80	0
587	74.910156	75.951823	Bb4	54	80	0
588	75.253906	75.596354	Bb5	73	80	0
589	75.542969	75.809896	G3	45	80	0
590	75.545573	76.259115	G#5	65	80	0
591	75.804688	76.169271	F4	50	80	0
592	76.091146	76.789062	A5	66	80	0
593	76.118490	76.567708	F#4	47	80	0
594	76.437500	76.949219	C6	78	80	0
595	76.755208	77.598958	Bb5	79	80	0
596	76.763021	77.029948	G#4	49	80	0
597	77.022135	77.729167	G4	61	80	0
598	77.302083	77.769531	Bb4	60	80	0
599	77.304688	77.699219	G3	45	80	0
600	77.662760	77.951823	Bb5	72	80	0
601	77.959635	79.109375	G#5	62	80	0
602	77.971354	78.234375	G4	51	80	0
603	78.261719	78.446615	F4	53	80	0
604	78.554688	78.829427	G#4	54	80	0
605	78.555990	78.998698	F3	51	80	0
606	78.983073	79.433594	G5	62	80	0
607	78.985677	79.509115	Bb4	52	80	0
608	78.993490	79.454427	Eb4	47	80	0
609	79.014323	79.476562	G3	42	80	0
610	79.385417	79.694010	F5	66	80	0
611	79.416667	79.658854	G#3	42	80	0
612	79.419271	79.688802	D4	45	80	0
613	79.669271	79.979167	G3	54	80	0
614	79.680990	80.009115	Eb4	54	80	0
615	79.680990	80.009115	G5	65	80	0
616	79.682292	80.175781	Bb4	58	80	0
617	79.938802	80.309896	F5	68	80	0
618	79.944010	80.248698	G#3	51	80	0
619	79.944010	80.209635	D4	51	80	0
620	79.945312	80.119792	D5	61	80	0
621	80.304688	81.709635	G5	54	80	0
622	80.313802	81.688802	G3	39	80	0
623	80.313802	81.089844	Bb4	44	80	0
624	80.313802	81.250000	Eb4	39	80	0
625	81.615885	82.319010	F5	52	80	0
626	81.634115	82.141927	Bb4	38	80	0
627	81.635417	82.319010	D4	35	80	0
628	81.641927	82.449219	G#3	36	80	0
629	81.644531	81.649740	Bb3	34	80	0
630	82.938802	83.339844	Bb5	71	80	0
631	82.949219	83.239583	Bb4	54	80	0
632	82.953125	83.352865	Eb4	57	80	0
633	82.975260	83.109375	Eb5	49	80	0
634	82.975260	83.322917	G3	50	80	0
635	83.244792	83.589844	A5	71	80	0
636	83.259115	83.649740	Eb5	65	80	0
637	83.268229	83.609375	C4	56	80	0
638	83.272135	83.634115	F3	59	80	0
639	83.505208	83.949219	Bb5	79	80	0
640	83.516927	83.889323	Bb4	66	80	0
641	83.523438	84.009115	Eb4	63	80	0
642	83.533854	83.899740	G3	58	80	0
643	83.774740	84.109375	A5	83	80	0
644	83.794271	84.029948	Eb5	75	80	0
645	83.804688	84.158854	F3	53	80	0
646	83.805990	84.119792	C4	57	80	0
647	84.173177	85.199219	Bb5	81	80	0
648	84.187500	84.729167	Eb4	63	80	0
649	84.187500	84.669271	Bb3	55	80	0
650	84.191406	84.718750	G3	55	80	0
651	84.194010	84.769531	Eb5	62	80	0
652	85.173177	85.299479	Bb3	44	80	0
653	85.174479	85.250000	A4	60	80	0
654	85.175781	85.348958	Eb4	48	80	0
655	85.263021	86.639323	Eb5	71	80	0
656	85.325521	86.658854	C6	86	80	0
657	85.369792	85.559896	F3	55	80	0
658	85.485677	85.555990	G3	67	80	0
659	85.565104	85.625000	F3	71	80	0
660	85.653646	85.695312	G3	66	80	0
661	85.716146	85.769531	F3	65	80	0
662	85.800781	85.848958	G3	74	80	0
663	85.854167	85.923177	F3	72	80	0
664	85.945312	86.007812	G3	75	80	0
665	86.032552	86.080729	F3	68	80	0
666	86.101562	86.167969	G3	63	80	0
667	86.186198	86.257812	F3	63	80	0
668	86.292969	86.356771	G3	69	80	0
669	86.388021	86.429688	F3	67	80	0
670	86.417969	86.429688	F2	55	80	0
671	86.430990	86.523438	Eb3	73	80	0
672	86.544271	86.613281	F3	63	80	0
673	86.641927	86.704427	Eb3	67	80	0
674	86.742188	86.794271	F3	67	80	0
675	86.794271	86.899740	Eb3	69	80	0
676	86.843750	86.893229	A4	74	80	0
677	86.894531	86.944010	F3	73	80	0
678	86.904948	86.989583	Eb3	75	80	0
679	86.915365	87.809896	F5	83	80	0
680	86.972656	87.889323	C6	93	80	0
681	87.048177	87.229167	F3	63	80	0
682	87.238281	87.291667	F3	65	80	0
683	87.308594	87.373698	Eb3	70	80	0
684	87.394531	87.545573	F3	70	80	0
685	87.472656	87.549479	Eb3	62	80	0
686	87.561198	87.626302	Eb3	75	80	0
687	87.593750	87.739583	D3	80	80	0
688	87.742188	87.803385	Eb3	73	80	0
689	87.825521	87.959635	D3	68	80	0
690	87.906250	87.919271	Bb4	72	80	0
691	87.914062	88.002604	Eb3	65	80	0
692	87.964844	88.158854	D3	57	80	0
693	88.022135	88.250000	F5	77	80	0
694	88.076823	88.089844	F3	65	80	0
695	88.087240	88.135417	Eb3	76	80	0
696	88.135417	88.688802	D6	95	80	0
697	88.174479	88.339844	D3	74	80	0
698	88.264323	88.429688	Eb3	64	80	0
699	88.351562	88.509115	D3	63	80	0
700	88.434896	88.496094	Eb3	63	80	0
701	88.516927	88.718750	D3	66	80	0
702	88.613281	88.671875	Eb3	69	80	0
703	88.714844	88.824219	C3	84	80	0
704	88.845052	89.049479	D3	75	80	0
705	88.944010	89.149740	C3	68	80	0
706	89.065104	89.125000	C5	77	80	0
707	89.080729	89.089844	F2	53	80	0
708	89.149740	89.242188	F5	87	80	0
709	89.162760	89.233073	C3	73	80	0
710	89.229167	89.789062	Eb6	95	80	0
711	89.265625	89.329427	D3	78	80	0
712	89.342448	89.509115	C3	76	80	0
713	89.455729	89.598958	D3	67	80	0
714	89.523438	89.669271	C3	59	80	0
715	89.611979	89.789062	D3	65	80	0
716	89.680990	89.799479	C3	61	80	0
717	89.774740	89.789062	G2	75	80	0
718	89.774740	89.924479	Bb2	95	80	0
719	89.925781	90.158854	C3	79	80	0
720	90.054688	90.188802	Bb2	79	80	0
721	90.108073	90.204427	D5	89	80	0
722	90.165365	90.261719	C3	64	80	0
723	90.205729	90.319010	F5	88	80	0
724	90.270833	90.378906	Bb2	77	80	0
725	90.389323	90.489583	Bb2	66	80	0
726	90.394531	90.475260	C3	66	80	0
727	90.501302	90.569010	Bb2	64	80	0
728	90.562500	91.819010	F6	87	80	0
729	90.575521	90.688802	Bb2	76	80	0
730	90.604167	90.684896	C3	79	80	0
731	90.694010	90.772135	Bb2	79	80	0
732	90.796875	90.864583	C3	68	80	0
733	90.880208	91.039062	Bb2	71	80	0
734	90.964844	91.036458	C3	67	80	0
735	91.052083	91.134115	Bb2	81	80	0
736	91.134115	91.289062	G#2	90	80	0
737	91.304688	91.375000	Bb2	74	80	0
738	91.395833	91.464844	G#2	68	80	0
739	91.494792	91.558594	Bb2	68	80	0
740	91.575521	91.679688	G#2	74	80	0
741	91.682292	91.809896	Bb2	73	80	0
742	91.688802	91.869792	G#2	84	80	0
743	91.690104	92.269531	G6	99	80	0
744	91.815104	91.864583	Bb2	65	80	0
745	91.877604	92.049479	G#2	73	80	0
746	91.976562	92.044271	Bb2	69	80	0
747	92.057292	92.239583	G#2	67	80	0
748	92.174479	92.229167	Bb2	78	80	0
749	92.201823	92.908854	G#6	100	80	0
750	92.251302	92.339844	G#2	74	80	0
751	92.354167	92.429688	G#2	72	80	0
752	92.354167	92.433594	Bb2	70	80	0
753	92.444010	92.569010	G#2	74	80	0
754	92.544271	92.621094	Bb2	74	80	0
755	92.614583	92.704427	G#2	63	80	0
756	92.713542	92.989583	Bb2	74	80	0
757	92.777344	93.269531	A6	101	80	0
758	92.795573	92.929688	G#2	73	80	0
759	92.941406	93.013021	G#2	69	80	0
760	93.053385	93.169271	Bb2	56	80	0
761	93.109375	93.190104	G#2	72	80	0
762	93.204427	93.359375	Bb2	69	80	0
763	93.283854	93.438802	G#2	64	80	0
764	93.367188	93.433594	Bb2	64	80	0
765	93.447917	93.553385	G#2	73	80	0
766	93.454427	96.158854	Bb6	104	80	0
767	93.553385	93.622396	Bb2	76	80	0
768	93.643229	93.705729	G#2	72	80	0
769	93.714844	93.794271	Bb2	73	80	0
770	93.789062	93.865885	G#2	74	80	0
771	93.871094	93.968750	Bb2	71	80	0
772	93.959635	94.057292	G#2	81	80	0
773	94.057292	94.153646	Bb2	75	80	0
774	94.144531	94.289062	G#2	71	80	0
775	94.251302	94.401042	G2	75	80	0
776	94.390625	94.513021	G#2	78	80	0
777	94.503906	94.679688	Bb2	79	80	0
778	94.625000	94.734375	G#2	78	80	0
779	94.736979	94.899740	G2	74	80	0
780	94.865885	95.138021	F2	80	80	0
781	95.106771	95.468750	Eb2	88	80	0
782	95.723958	96.098958	G3	71	80	0
783	95.723958	96.019531	Eb3	69	80	0
784	96.210938	97.179688	G4	81	80	0
785	96.213542	96.423177	Eb3	59	80	0
786	96.213542	96.414062	G3	75	80	0
787	96.576823	96.798177	G3	65	80	0
788	96.589844	96.829427	Eb3	55	80	0
789	96.589844	96.792969	D3	53	80	0
790	96.591146	96.598958	G2	57	80	0
791	96.914062	97.100260	D3	70	80	0
792	96.919271	97.101562	G3	68	80	0
793	96.919271	97.114583	Eb3	68	80	0
794	97.208333	97.373698	G3	68	80	0
795	97.216146	97.375000	Eb3	62	80	0
796	97.218750	97.375000	C3	65	80	0
797	97.488281	97.634115	G3	73	80	0
798	97.493490	97.639323	Eb3	60	80	0
799	97.493490	97.631510	C3	62	80	0
800	97.738281	98.109375	G4	72	80	0
801	97.770833	97.916667	G3	59	80	0
802	97.776042	97.934896	Bb2	55	80	0
803	97.776042	98.039062	Eb3	56	80	0
804	98.023438	98.175781	G#4	78	80	0
805	98.037760	98.152344	G3	62	80	0
806	98.042969	98.179688	Bb2	59	80	0
807	98.053385	98.186198	Eb3	48	80	0
808	98.287760	98.579427	Bb4	72	80	0
809	98.290365	98.433594	G3	71	80	0
810	98.291667	98.299479	G2	68	80	0
811	98.294271	98.446615	G#2	71	80	0
812	98.294271	98.447917	Eb3	70	80	0
813	98.540365	98.859375	C5	81	80	0
814	98.553385	98.677083	G3	78	80	0
815	98.553385	98.692708	Eb3	70	80	0
816	98.554688	98.694010	G2	70	80	0
817	98.786458	99.169271	D5	88	80	0
818	98.791667	99.279948	G3	80	80	0
819	98.794271	98.944010	G2	78	80	0
820	98.794271	99.259115	Eb3	73	80	0
821	99.067708	99.619792	G2	79	80	0
822	99.140625	99.729167	Eb5	96	80	0
823	99.433594	99.552083	G3	72	80	0
824	99.436198	99.555990	Eb3	69	80	0
825	99.690104	100.399740	Bb4	76	80	0
826	99.691406	99.846354	G3	63	80	0
827	99.694010	99.856771	Eb3	62	80	0
828	99.962240	100.085938	G3	67	80	0
829	99.964844	100.429688	D3	70	80	0
830	99.966146	100.095052	Eb3	67	80	0
831	100.226562	100.389323	G3	58	80	0
832	100.230469	100.391927	Eb3	59	80	0
833	100.492188	100.667969	G3	67	80	0
834	100.494792	100.666667	C3	67	80	0
835	100.501302	100.670573	Eb3	61	80	0
836	100.765625	100.921875	C3	78	80	0
837	100.765625	100.916667	G3	75	80	0
838	100.768229	100.932292	Eb3	65	80	0
839	101.018229	101.348958	D5	86	80	0
840	101.044271	101.195312	Bb2	63	80	0
841	101.044271	101.183594	G3	66	80	0
842	101.050781	101.195312	Eb3	61	80	0
843	101.273438	101.412760	Eb5	81	80	0
844	101.286458	101.415365	Bb2	70	80	0
845	101.294271	101.394531	G3	69	80	0
846	101.298177	101.404948	Eb3	61	80	0
847	101.535156	101.694010	G#2	75	80	0
848	101.536458	101.679688	G3	78	80	0
849	101.537760	101.859375	F5	84	80	0
850	101.539062	101.708333	Eb3	72	80	0
851	101.785156	102.149740	G5	84	80	0
852	101.790365	101.906250	G3	75	80	0
853	101.792969	101.915365	G2	76	80	0
854	101.794271	101.915365	Eb3	72	80	0
855	102.014323	102.309896	G3	81	80	0
856	102.024740	102.449219	Eb3	76	80	0
857	102.031250	102.250000	G2	74	80	0
858	102.036458	102.468750	G#5	90	80	0
859	102.326823	102.686198	G2	68	80	0
860	102.423177	103.139323	Bb5	96	80	0
861	102.460938	102.669271	Eb3	55	80	0
862	102.802083	102.934896	G3	69	80	0
863	102.803385	102.955729	Eb3	60	80	0
864	103.061198	103.500000	Eb5	82	80	0
865	103.074219	103.209635	G3	75	80	0
866	103.082031	103.213542	Eb3	59	80	0
867	103.324219	103.440104	G3	75	80	0
868	103.329427	103.445312	D3	69	80	0
869	103.572917	103.714844	Eb3	70	80	0
870	103.574219	103.713542	G3	73	80	0
871	103.574219	103.707031	D3	70	80	0
872	103.821615	103.979167	Eb3	66	80	0
873	103.824219	103.945312	G3	73	80	0
874	103.824219	103.945312	C3	71	80	0
875	104.065104	104.214844	C3	76	80	0
876	104.066406	104.216146	G3	76	80	0
877	104.072917	104.223958	Eb3	69	80	0
878	104.317708	104.649740	Eb6	91	80	0
879	104.325521	104.467448	Bb2	74	80	0
880	104.330729	104.454427	G3	69	80	0
881	104.333333	104.475260	Eb3	77	80	0
882	104.579427	104.869792	F6	87	80	0
883	104.580729	104.722656	G3	86	80	0
884	104.583333	104.729167	Eb3	68	80	0
885	104.583333	104.731771	Bb2	67	80	0
886	104.838542	105.479167	G6	96	80	0
887	104.839844	105.319010	G3	74	80	0
888	104.839844	104.990885	Bb2	71	80	0
889	104.843750	105.039062	Eb3	74	80	0
890	105.105469	105.438802	G#6	92	80	0
891	105.114583	105.429688	Eb3	83	80	0
892	105.123698	105.324219	G#2	84	80	0
893	105.421875	106.269531	Bb6	96	80	0
894	105.430990	105.709635	G3	79	80	0
895	105.433594	105.625000	G2	76	80	0
896	105.440104	105.709635	Eb3	73	80	0
897	105.843750	106.459635	C7	100	80	0
898	105.843750	106.479167	Eb3	89	80	0
899	105.843750	106.438802	G#2	79	80	0
900	105.846354	106.459635	F3	77	80	0
901	107.641927	107.720052	F4	57	80	0
902	107.644531	107.713542	A2	47	80	0
903	107.653646	107.720052	Eb3	53	80	0
904	107.657552	107.716146	F3	47	80	0
905	107.802083	108.141927	Bb4	62	80	0
906	107.811198	108.169271	F4	54	80	0
907	107.813802	108.149740	Bb3	52	80	0
908	107.820312	108.136719	F3	52	80	0
909	107.825521	108.134115	D3	49	80	0
910	107.830729	108.135417	Bb2	53	80	0
911	108.660156	108.878906	Bb4	61	80	0
912	108.673177	108.809896	F4	54	80	0
913	108.674479	108.859375	D3	50	80	0
914	108.674479	108.750000	Bb3	48	80	0
915	108.674479	108.835938	Bb2	45	80	0
916	108.842448	110.019531	A4	65	80	0
917	108.854167	109.649740	F4	54	80	0
918	108.856771	110.009115	C3	49	80	0
919	108.856771	109.979167	Eb3	47	80	0
920	109.916667	111.151042	G#4	65	80	0
921	109.932292	111.173177	F4	53	80	0
922	109.944010	111.139323	B3	38	80	0
923	109.947917	111.109375	D3	34	80	0
924	109.953125	110.429688	B2	32	80	0
925	109.954427	110.419271	D4	41	80	0
926	111.093750	111.329427	G4	63	80	0
927	111.097656	111.273438	Eb3	38	80	0
928	111.102865	111.348958	Bb3	39	80	0
929	111.104167	111.359375	Eb4	43	80	0
930	111.623698	111.954427	Eb6	70	80	0
931	111.645833	111.839844	G4	48	80	0
932	111.647135	111.979167	Eb4	53	80	0
933	111.911458	112.199219	D6	77	80	0
934	111.936198	112.190104	G#4	47	80	0
935	111.936198	112.187500	F4	45	80	0
936	112.165365	112.408854	Bb4	56	80	0
937	112.166667	112.489583	G4	59	80	0
938	112.167969	112.449219	C#6	86	80	0
939	112.436198	113.019531	C5	60	80	0
940	112.475260	113.250000	G#4	41	80	0
941	112.484375	112.674479	C6	68	80	0
942	112.645833	112.843750	Bb5	79	80	0
943	112.794271	112.924479	G#5	78	80	0
944	112.904948	113.027344	G5	73	80	0
945	113.033854	113.173177	F#5	72	80	0
946	113.162760	113.274740	F5	74	80	0
947	113.274740	113.404948	E5	74	80	0
948	113.404948	113.527344	Eb5	80	80	0
949	113.514323	113.623698	D5	76	80	0
950	113.623698	113.736979	C#5	69	80	0
951	113.759115	113.846354	C5	79	80	0
952	113.861979	113.984375	B4	70	80	0
953	113.981771	114.156250	Bb4	65	80	0
954	114.134115	114.230469	G#4	70	80	0
955	114.263021	114.438802	A3	44	80	0
956	114.263021	114.339844	A2	46	80	0
957	114.264323	114.436198	G4	64	80	0
958	114.273438	114.449219	F3	51	80	0
959	114.273438	114.453125	Eb3	47	80	0
960	114.394531	114.899740	F4	67	80	0
961	114.542969	115.069010	Bb4	60	80	0
962	114.545573	115.149740	D4	61	80	0
963	114.555990	115.000000	F3	52	80	0
964	114.575521	114.868490	Bb2	49	80	0
965	115.313802	115.549479	Bb4	67	80	0
966	115.325521	115.709635	D4	56	80	0
967	115.330729	115.709635	G#3	50	80	0
968	115.332031	115.669271	Bb2	46	80	0
969	115.664062	116.279948	Bb4	63	80	0
970	115.674479	116.419271	G3	54	80	0
971	115.674479	116.869792	Eb3	51	80	0
972	115.674479	116.209635	G4	53	80	0
973	115.677083	118.029948	Eb4	56	80	0
974	116.242188	116.526042	C5	61	80	0
975	116.244792	116.839844	G#3	51	80	0
976	116.494792	116.777344	Bb4	69	80	0
977	116.501302	117.299479	G3	59	80	0
978	116.743490	117.079427	F3	50	80	0
979	116.743490	117.010417	G#4	70	80	0
980	116.983073	117.308594	G4	71	80	0
981	117.003906	117.243490	Eb3	47	80	0
982	117.239583	117.524740	F4	71	80	0
983	117.248698	117.549479	D3	50	80	0
984	117.483073	117.824219	G4	69	80	0
985	117.485677	117.850260	Eb3	45	80	0
986	117.752604	118.658854	G#4	61	80	0
987	117.776042	119.109375	Bb2	44	80	0
988	118.000000	118.869792	C4	59	80	0
989	118.269531	118.527344	Eb4	64	80	0
990	118.518229	119.089844	D4	68	80	0
991	118.813802	119.399740	G4	65	80	0
992	118.822917	119.589844	Eb4	51	80	0
993	118.830729	119.609375	Eb2	42	80	0
994	119.058594	119.345052	Bb3	65	80	0
995	119.059896	119.341146	G2	52	80	0
996	119.303385	120.119792	C4	70	80	0
997	119.304688	119.565104	G#2	54	80	0
998	119.524740	120.299479	Bb3	83	80	0
999	119.527344	119.769531	G2	58	80	0
1000	119.776042	120.144531	G#3	78	80	0
1001	119.782552	120.158854	F2	58	80	0
1002	120.013021	120.291667	G3	77	80	0
1003	120.016927	120.283854	Eb2	52	80	0
1004	120.264323	120.519531	F3	73	80	0
1005	120.272135	120.419271	D3	54	80	0
1006	120.273438	120.878906	D2	51	80	0
1007	120.498698	121.019531	G3	76	80	0
1008	120.503906	121.059896	Eb2	52	80	0
1009	120.808594	121.919271	G#3	74	80	0
1010	120.829427	120.839844	G#2	61	80	0
1011	120.839844	121.153646	Eb4	67	80	0
1012	121.121094	121.878906	C4	58	80	0
1013	121.394531	121.938802	Eb4	65	80	0
1014	121.656250	121.942708	D4	69	80	0
1015	121.915365	122.429688	F4	64	80	0
1016	121.916667	122.889323	G3	57	80	0
1017	121.919271	122.688802	Eb2	44	80	0
1018	121.921875	122.628906	G2	49	80	0
1019	122.186198	122.769531	D4	70	80	0
1020	122.434896	122.989583	F4	66	80	0
1021	122.684896	123.339844	Eb4	75	80	0
1022	122.923177	123.239583	G#4	69	80	0
1023	122.954427	122.959635	Bb1	47	80	0
1024	122.962240	125.479167	Bb2	43	80	0
1025	122.966146	125.359375	Eb2	43	80	0
1026	123.173177	123.444010	F4	66	80	0
1027	123.415365	123.666667	G#4	69	80	0
1028	123.662760	123.945312	G4	69	80	0
1029	123.915365	124.145833	C5	58	80	0
1030	124.154948	124.463542	A4	63	80	0
1031	124.423177	124.647135	C5	61	80	0
1032	124.653646	124.882812	Bb4	62	80	0
1033	124.901042	125.149740	F5	60	80	0
1034	125.153646	125.415365	D5	59	80	0
1035	125.160156	125.239583	F5	48	80	0
1036	125.412760	125.667969	F5	65	80	0
1037	125.660156	125.949219	Eb5	64	80	0
1038	125.902344	126.259115	G#5	60	80	0
1039	125.903646	126.759115	Eb4	47	80	0
1040	125.903646	126.759115	Bb3	42	80	0
1041	125.904948	126.759115	G3	42	80	0
1042	126.190104	126.455729	F5	54	80	0
1043	126.424479	126.809896	G#5	63	80	0
1044	126.696615	127.139323	G5	59	80	0
1045	126.945312	127.449219	C6	58	80	0
1046	126.980469	127.789062	G3	38	80	0
1047	126.983073	127.759115	Eb3	40	80	0
1048	126.984375	127.809896	Bb3	42	80	0
1049	126.998698	127.839844	Eb4	41	80	0
1050	127.192708	127.481771	A5	60	80	0
1051	127.463542	127.770833	C6	58	80	0
1052	127.735677	130.949219	Bb5	58	80	0
1053	128.089844	132.019531	Eb6	54	80	0
1054	128.102865	128.739583	G3	29	80	0
1055	128.105469	128.649740	Eb4	28	80	0
1056	128.106771	128.779948	Bb3	29	80	0
1057	128.108073	128.789062	Eb3	28	80	0
1058	129.311198	132.069010	Eb2	36	80	0
1059	130.536458	131.119792	Eb3	32	80	0
1060	130.539062	131.949219	Eb5	50	80	0
1061	131.889323	135.188802	C#6	52	80	0
1062	131.897135	135.009115	C#2	30	80	0
1063	133.127604	135.089844	C#3	31	80	0
1064	134.375000	135.109375	C#5	37	80	0
1065	135.777344	138.399740	C6	66	80	0
1066	135.791667	136.869792	C3	36	80	0
1067	135.794271	135.799479	G#2	36	80	0
1068	135.803385	136.009115	C2	34	80	0
1069	136.270833	136.360677	G#3	36	80	0
1070	136.277344	136.361979	F3	39	80	0
1071	136.533854	136.605469	F3	42	80	0
1072	136.535156	136.604167	G#3	41	80	0
1073	136.777344	136.959635	G#3	41	80	0
1074	136.785156	137.019531	F3	38	80	0
1075	137.020833	137.789062	C3	41	80	0
1076	137.251302	137.333333	F3	40	80	0
1077	137.264323	137.333333	G#3	37	80	0
1078	137.505208	137.869792	G#5	71	80	0
1079	137.522135	137.639323	F3	36	80	0
1080	137.523438	137.584635	G#3	39	80	0
1081	137.733073	138.000000	F3	40	80	0
1082	137.733073	137.791667	G#3	46	80	0
1083	137.964844	138.549479	G#5	68	80	0
1084	137.983073	138.709635	C3	43	80	0
1085	138.195312	138.263021	G#3	42	80	0
1086	138.195312	138.264323	F3	42	80	0
1087	138.449219	138.536458	F3	39	80	0
1088	138.464844	138.589844	G#3	44	80	0
1089	138.703125	138.889323	G#5	67	80	0
1090	138.707031	138.899740	F3	49	80	0
1091	138.709635	138.859375	G#3	47	80	0
1092	138.936198	139.959635	C#6	76	80	0
1093	138.964844	139.789062	C3	46	80	0
1094	138.964844	139.938802	Bb5	61	80	0
1095	138.968750	139.859375	E5	62	80	0
1096	138.977865	139.809896	G5	52	80	0
1097	139.201823	139.303385	Bb3	52	80	0
1098	139.201823	139.307292	G3	51	80	0
1099	139.445312	139.526042	Bb3	61	80	0
1100	139.450521	139.531250	G3	61	80	0
1101	139.673177	140.049479	G3	63	80	0
1102	139.674479	139.734375	Bb3	54	80	0
1103	139.934896	140.859375	C3	50	80	0
1104	139.949219	141.619792	Bb5	73	80	0
1105	139.963542	141.489583	G5	62	80	0
1106	139.963542	141.679688	E5	63	80	0
1107	140.194010	140.274740	Bb3	57	80	0
1108	140.194010	140.274740	G3	54	80	0
1109	140.447917	140.533854	Bb3	61	80	0
1110	140.451823	140.535156	G3	55	80	0
1111	140.692708	140.768229	Bb3	62	80	0
1112	140.695312	141.009115	G3	55	80	0
1113	140.928385	141.789062	C3	58	80	0
1114	141.169271	141.260417	G3	57	80	0
1115	141.171875	141.261719	Bb3	54	80	0
1116	141.437500	141.511719	G3	58	80	0
1117	141.442708	141.506510	Bb3	54	80	0
1118	141.667969	141.799479	Bb3	58	80	0
1119	141.673177	141.959635	G3	59	80	0
1120	141.928385	142.769531	C3	53	80	0
1121	141.941406	143.848958	Bb5	82	80	0
1122	141.967448	144.059896	E5	65	80	0
1123	141.968750	143.399740	G5	62	80	0
1124	142.203125	142.313802	G3	57	80	0
1125	142.208333	142.305990	E3	54	80	0
1126	142.430990	142.514323	G3	52	80	0
1127	142.467448	142.569010	E3	46	80	0
1128	142.687500	143.000000	G3	51	80	0
1129	142.690104	142.989583	E3	44	80	0
1130	142.934896	143.049479	C3	54	80	0
1131	143.055990	143.703125	C3	43	80	0
1132	143.153646	143.238281	G3	55	80	0
1133	143.154948	143.242188	E3	55	80	0
1134	143.404948	143.848958	G5	83	80	0
1135	143.407552	143.502604	E3	49	80	0
1136	143.412760	143.496094	G3	50	80	0
1137	143.644531	143.769531	E3	50	80	0
1138	143.649740	143.869792	G3	54	80	0
1139	143.855469	143.968750	E3	48	80	0
1140	143.861979	144.598958	C3	54	80	0
1141	143.863281	144.569010	G5	80	80	0
1142	144.083333	144.184896	G3	59	80	0
1143	144.084635	144.182292	E3	57	80	0
1144	144.333333	144.423177	G3	61	80	0
1145	144.333333	144.424479	E3	64	80	0
1146	144.574219	144.968750	E3	55	80	0
1147	144.574219	144.799479	G5	78	80	0
1148	144.575521	144.759115	G3	57	80	0
1149	144.791667	145.628906	C3	52	80	0
1150	144.811198	147.098958	C6	69	80	0
1151	144.833333	145.658854	C5	56	80	0
1152	144.835938	145.769531	G#5	62	80	0
1153	144.842448	145.598958	F5	59	80	0
1154	145.079427	145.182292	G#3	55	80	0
1155	145.083333	145.173177	F3	55	80	0
1156	145.322917	145.394531	G#3	48	80	0
1157	145.322917	145.397135	F3	51	80	0
1158	145.554688	145.878906	G#3	55	80	0
1159	145.557292	145.829427	F3	49	80	0
1160	145.783854	147.449219	G#5	69	80	0
1161	145.796875	146.039062	C3	42	80	0
1162	145.817708	147.250000	C5	53	80	0
1163	145.819010	147.259115	F5	58	80	0
1164	146.044271	146.147135	G#3	43	80	0
1165	146.044271	146.126302	F3	42	80	0
1166	146.053385	146.639323	C3	38	80	0
1167	146.295573	146.382812	G#3	47	80	0
1168	146.303385	146.381510	F3	47	80	0
1169	146.541667	146.899740	G#3	48	80	0
1170	146.557292	146.829427	F3	45	80	0
1171	146.802083	147.579427	C3	55	80	0
1172	147.052083	147.125000	F3	48	80	0
1173	147.053385	147.125000	G#3	51	80	0
1174	147.300781	147.365885	G#3	53	80	0
1175	147.307292	147.368490	F3	45	80	0
1176	147.535156	147.596354	F3	47	80	0
1177	147.536458	147.595052	G#3	46	80	0
1178	147.795573	150.289062	G#5	79	80	0
1179	147.832031	149.158854	F5	61	80	0
1180	147.835938	148.075521	F2	54	80	0
1181	147.837240	148.009115	F3	54	80	0
1182	148.031250	148.230469	C3	54	80	0
1183	148.253906	148.453125	D3	53	80	0
1184	148.463542	148.765625	E3	62	80	0
1185	148.720052	148.924479	F3	57	80	0
1186	148.936198	149.204427	G3	68	80	0
1187	149.165365	149.598958	F5	78	80	0
1188	149.166667	149.658854	G#3	65	80	0
1189	149.385417	149.709635	Bb3	68	80	0
1190	149.613281	150.289062	F5	74	80	0
1191	149.635417	149.950521	C4	59	80	0
1192	149.648438	150.389323	C5	51	80	0
1193	149.863281	150.158854	G#3	66	80	0
1194	150.071615	150.299479	G3	71	80	0
1195	150.294271	150.449219	F3	61	80	0
1196	150.303385	150.649740	F5	83	80	0
1197	150.528646	152.139323	Bb5	83	80	0
1198	150.536458	150.750000	C3	62	80	0
1199	150.566406	151.369792	G5	59	80	0
1200	150.574219	151.359375	C5	54	80	0
1201	150.583333	151.348958	E5	59	80	0
1202	150.760417	151.019531	B1	73	80	0
1203	150.985677	151.289062	C2	68	80	0
1204	151.209635	151.468750	B1	69	80	0
1205	151.445312	151.682292	C2	60	80	0
1206	151.458333	153.239583	G5	61	80	0
1207	151.473958	153.199219	E5	66	80	0
1208	151.488281	153.128906	C5	43	80	0
1209	151.675781	151.886719	E2	63	80	0
1210	151.911458	152.072917	G2	62	80	0
1211	152.110677	152.313802	B2	59	80	0
1212	152.352865	152.565104	C3	56	80	0
1213	152.575521	152.867188	Bb2	54	80	0
1214	152.813802	153.119792	G#2	54	80	0
1215	153.032552	153.128906	G2	62	80	0
1216	153.139323	153.299479	G2	48	80	0
1217	153.291667	153.468750	F2	59	80	0
1218	153.296875	154.938802	G#5	71	80	0
1219	153.298177	154.348958	F5	69	80	0
1220	153.302083	154.968750	C5	60	80	0
1221	153.493490	153.723958	C3	53	80	0
1222	153.733073	153.959635	D3	58	80	0
1223	153.930990	154.196615	E3	62	80	0
1224	154.156250	154.350260	F3	67	80	0
1225	154.375000	154.634115	G3	77	80	0
1226	154.606771	155.128906	G#3	64	80	0
1227	154.621094	154.927083	F5	76	80	0
1228	154.824219	155.158854	Bb3	64	80	0
1229	155.091146	155.658854	C4	60	80	0
1230	155.092448	155.639323	F5	71	80	0
1231	155.127604	155.949219	C5	58	80	0
1232	155.135417	155.899740	G#4	54	80	0
1233	155.315104	155.769531	G#3	65	80	0
1234	155.553385	155.769531	G3	69	80	0
1235	155.772135	156.239583	F5	83	80	0
1236	155.772135	156.098958	F3	64	80	0
1237	155.773438	156.029948	F4	66	80	0
1238	156.045573	156.239583	Eb3	58	80	0
1239	156.165365	157.139323	F#5	76	80	0
1240	156.177083	156.649740	C#5	61	80	0
1241	156.178385	156.188802	F#3	60	80	0
1242	156.182292	156.968750	F#4	65	80	0
1243	156.432292	156.684896	Eb2	63	80	0
1244	156.675781	156.919271	F2	64	80	0
1245	156.868490	157.250000	F#2	76	80	0
1246	157.105469	158.989583	Eb5	71	80	0
1247	157.106771	157.317708	G#2	66	80	0
1248	157.110677	157.179688	F#3	72	80	0
1249	157.113281	158.229167	F#4	68	80	0
1250	157.121094	158.128906	C5	59	80	0
1251	157.321615	157.582031	A2	60	80	0
1252	157.571615	157.829427	Bb2	63	80	0
1253	157.778646	158.097656	G#2	57	80	0
1254	158.024740	158.718750	G#4	68	80	0
1255	158.031250	158.200521	F#2	58	80	0
1256	158.226562	158.500000	F2	55	80	0
1257	158.430990	158.695312	Eb2	57	80	0
1258	158.484375	158.878906	F#4	82	80	0
1259	158.699219	158.934896	G#2	56	80	0
1260	158.928385	159.299479	C#2	57	80	0
1261	159.037760	160.779948	F5	75	80	0
1262	159.046875	160.739583	F4	70	80	0
1263	159.055990	160.309896	C#5	64	80	0
1264	159.291667	159.688802	C#3	54	80	0
1265	159.513021	159.705729	Eb3	64	80	0
1266	159.713542	159.977865	F3	67	80	0
1267	159.944010	160.250000	F#3	73	80	0
1268	160.148438	160.402344	G#3	75	80	0
1269	160.388021	160.687500	C#5	77	80	0
1270	160.388021	160.819010	Bb3	65	80	0
1271	160.393229	160.399740	Bb4	68	80	0
1272	160.601562	160.832031	G#3	67	80	0
1273	160.816406	161.393229	C#5	71	80	0
1274	160.819010	161.000000	F#4	64	80	0
1275	160.828125	161.169271	F#3	70	80	0
1276	160.830729	161.569010	F4	62	80	0
1277	160.834635	161.658854	G#4	63	80	0
1278	161.049479	161.339844	F3	63	80	0
1279	161.290365	161.552083	Eb3	66	80	0
1280	161.535156	161.750000	C#3	65	80	0
1281	161.569010	161.750000	C#5	81	80	0
1282	161.743490	163.468750	F#5	82	80	0
1283	161.763021	162.539062	F#4	73	80	0
1284	161.765625	162.500000	Eb5	75	80	0
1285	161.770833	162.019531	G#2	60	80	0
1286	161.774740	162.489583	C5	62	80	0
1287	161.973958	162.408854	G1	62	80	0
1288	162.212240	163.019531	G#1	73	80	0
1289	162.421875	162.809896	G1	72	80	0
1290	162.631510	164.589844	Eb5	76	80	0
1291	162.634115	164.289062	F#4	67	80	0
1292	162.635417	164.269531	C5	64	80	0
1293	162.851562	163.039062	Bb1	67	80	0
1294	163.063802	163.268229	C2	62	80	0
1295	163.273438	163.604167	C#2	64	80	0
1296	163.537760	163.726562	Eb2	60	80	0
1297	163.743490	163.979167	F2	56	80	0
1298	163.968750	164.216146	F#2	70	80	0
1299	164.183594	164.579427	G#2	67	80	0
1300	164.423177	164.908854	C#2	61	80	0
1301	164.473958	165.799479	C5	84	80	0
1302	164.485677	166.279948	F5	74	80	0
1303	164.493490	165.438802	F4	73	80	0
1304	164.769531	164.994792	A2	57	80	0
1305	164.989583	165.183594	Bb2	56	80	0
1306	165.184896	165.598958	A2	56	80	0
1307	165.411458	165.628906	Bb2	50	80	0
1308	165.434896	167.158854	Bb4	70	80	0
1309	165.446615	167.119792	F4	58	80	0
1310	165.656250	165.852865	C3	61	80	0
1311	165.854167	166.199219	C#5	79	80	0
1312	165.859375	166.259115	C#3	55	80	0
1313	166.061198	166.319010	Eb3	55	80	0
1314	166.294271	166.968750	C#5	69	80	0
1315	166.304688	166.718750	F3	54	80	0
1316	166.505208	166.869792	C#3	59	80	0
1317	166.742188	167.049479	C3	58	80	0
1318	166.990885	167.279948	Bb2	61	80	0
1319	167.063802	167.389323	C#5	74	80	0
1320	167.208333	167.649740	C3	68	80	0
1321	167.263021	168.199219	Eb5	76	80	0
1322	167.274740	169.449219	F4	58	80	0
1323	167.313802	169.709635	Bb4	58	80	0
1324	167.453125	168.239583	C2	62	80	0
1325	167.674479	168.158854	C#2	64	80	0
1326	167.904948	168.158854	Eb2	60	80	0
1327	168.135417	170.079427	C5	66	80	0
1328	168.136719	168.149740	F3	58	80	0
1329	168.143229	168.346354	F2	60	80	0
1330	168.352865	168.617188	F#2	67	80	0
1331	168.567708	168.839844	F2	65	80	0
1332	168.803385	169.024740	E2	55	80	0
1333	169.032552	169.250000	F2	48	80	0
1334	169.033854	170.529948	A4	57	80	0
1335	169.261719	169.639323	F1	46	80	0
1336	169.261719	169.569010	F2	46	80	0
1337	169.463542	170.378906	F4	57	80	0
1338	169.505208	169.739583	G1	43	80	0
1339	169.707031	170.098958	A1	49	80	0
1340	169.953125	169.959635	Bb1	46	80	0
1341	169.954427	171.408854	C#5	69	80	0
1342	170.148438	170.388021	F2	56	80	0
1343	170.361979	170.649740	G2	46	80	0
1344	170.393229	171.699219	F4	57	80	0
1345	170.578125	170.805990	A2	54	80	0
1346	170.807292	171.015625	Bb2	59	80	0
1347	171.037760	171.250000	C3	61	80	0
1348	171.253906	171.580729	C#3	55	80	0
1349	171.253906	171.585938	Bb4	66	80	0
1350	171.472656	171.695312	Eb3	50	80	0
1351	171.704427	172.286458	Bb4	63	80	0
1352	171.713542	172.500000	F4	52	80	0
1353	171.723958	171.981771	F3	48	80	0
1354	171.921875	172.199219	C#3	52	80	0
1355	172.158854	172.395833	C3	57	80	0
1356	172.402344	172.639323	Bb2	53	80	0
1357	172.455729	172.619792	Bb4	62	80	0
1358	172.606771	173.609375	Eb5	74	80	0
1359	172.619792	173.128906	F2	53	80	0
1360	172.625000	174.329427	F4	54	80	0
1361	172.627604	174.449219	Bb4	55	80	0
1362	172.854167	173.119792	F1	53	80	0
1363	173.074219	173.479167	G1	56	80	0
1364	173.281250	173.569010	A1	62	80	0
1365	173.513021	175.369792	C5	61	80	0
1366	173.515625	173.768229	Bb1	56	80	0
1367	173.725260	174.006510	C2	68	80	0
1368	173.947917	174.279948	C#2	71	80	0
1369	174.162760	174.425781	Eb2	70	80	0
1370	174.410156	175.399740	A4	62	80	0
1371	174.414062	174.688802	F2	54	80	0
1372	174.414062	175.149740	F4	57	80	0
1373	174.414062	175.169271	C4	49	80	0
1374	174.640625	174.889323	Eb2	47	80	0
1375	174.876302	175.089844	C#2	49	80	0
1376	175.040365	175.329427	C2	39	80	0
1377	175.312500	177.218750	C#5	71	80	0
1378	175.325521	175.503906	Bb1	46	80	0
1379	175.338542	176.669271	Bb4	49	80	0
1380	175.341146	177.919271	F4	48	80	0
1381	175.529948	175.765625	A2	46	80	0
1382	175.756510	175.980469	Bb2	52	80	0
1383	175.977865	176.234375	C3	62	80	0
1384	176.223958	176.609375	C#3	60	80	0
1385	176.450521	176.696615	Eb3	52	80	0
1386	176.680990	176.941406	Bb4	74	80	0
1387	176.683594	177.389323	F3	52	80	0
1388	176.891927	177.149740	Eb3	49	80	0
1389	177.095052	177.295573	C#3	58	80	0
1390	177.127604	177.679688	Bb4	76	80	0
1391	177.326823	177.609375	C3	58	80	0
1392	177.552083	177.839844	Bb2	63	80	0
1393	177.790365	178.169271	G#2	60	80	0
1394	177.832031	178.000000	Bb4	80	80	0
1395	177.994792	178.259115	G2	56	80	0
1396	177.996094	179.089844	C#5	76	80	0
1397	178.006510	178.949219	Bb4	66	80	0
1398	178.026042	180.389323	Eb4	59	80	0
1399	178.214844	178.378906	D2	48	80	0
1400	178.432292	178.959635	Eb2	61	80	0
1401	178.638021	178.899740	F2	62	80	0
1402	178.856771	179.449219	G2	62	80	0
1403	178.960938	179.145833	Bb4	70	80	0
1404	179.145833	179.350260	G#2	60	80	0
1405	179.145833	179.299479	C5	59	80	0
1406	179.283854	179.429688	Bb4	69	80	0
1407	179.351562	179.619792	Bb2	60	80	0
1408	179.393229	179.519531	C5	54	80	0
1409	179.479167	179.649740	Bb4	67	80	0
1410	179.567708	179.729167	G#2	66	80	0
1411	179.654948	179.819010	Bb4	67	80	0
1412	179.744792	180.408854	G2	66	80	0
1413	179.830729	179.894531	Bb4	77	80	0
1414	179.915365	180.089844	F2	57	80	0
1415	179.916667	180.682292	C4	62	80	0
1416	179.919271	180.023438	C5	66	80	0
1417	180.033854	180.199219	Bb4	65	80	0
1418	180.113281	180.259115	C5	58	80	0
1419	180.207031	180.429688	Bb4	61	80	0
1420	180.210938	180.539062	Eb2	53	80	0
1421	180.335938	180.406250	B4	70	80	0
1422	180.394531	180.579427	C#2	60	80	0
1423	180.407552	180.489583	C5	62	80	0
1424	180.511719	180.579427	B4	77	80	0
1425	180.583333	180.667969	C5	69	80	0
1426	180.583333	181.223958	C2	60	80	0
1427	180.588542	180.709635	C3	55	80	0
1428	180.669271	180.859375	B4	74	80	0
1429	180.721354	180.919271	Bb1	62	80	0
1430	180.723958	180.859375	Bb2	56	80	0
1431	180.770833	180.949219	Bb4	55	80	0
1432	180.938802	181.139323	G#1	55	80	0
1433	180.941406	180.949219	G#2	51	80	0
1434	181.042969	182.408854	C5	67	80	0
1435	181.053385	182.869792	C4	62	80	0
1436	181.063802	182.479167	Eb4	61	80	0
1437	181.084635	181.098958	G#3	45	80	0
1438	181.248698	181.335938	Eb2	48	80	0
1439	181.354167	181.464844	C2	57	80	0
1440	181.496094	181.571615	Eb2	58	80	0
1441	181.596354	181.674479	G#2	54	80	0
1442	181.716146	181.789062	Eb3	55	80	0
1443	181.815104	181.907552	C3	61	80	0
1444	181.955729	182.024740	Eb3	58	80	0
1445	182.053385	182.449219	G#2	56	80	0
1446	182.145833	182.230469	Eb3	57	80	0
1447	182.269531	182.500000	C3	66	80	0
1448	182.403646	182.669271	Eb3	54	80	0
1449	182.531250	182.819010	G#4	73	80	0
1450	182.542969	182.684896	G#3	62	80	0
1451	182.571615	182.869792	Eb4	52	80	0
1452	182.709635	182.834635	C3	53	80	0
1453	182.869792	183.039062	G#3	58	80	0
1454	182.967448	183.489583	G#4	77	80	0
1455	182.989583	183.229167	C3	68	80	0
1456	182.996094	183.759115	Eb4	64	80	0
1457	183.005208	183.339844	C4	59	80	0
1458	183.126302	183.213542	G#3	76	80	0
1459	183.242188	183.468750	Eb3	55	80	0
1460	183.338542	183.428385	G#3	68	80	0
1461	183.449219	183.688802	C4	68	80	0
1462	183.475260	183.718750	C3	49	80	0
1463	183.553385	183.679688	G#3	65	80	0
1464	183.645833	183.859375	G#4	77	80	0
1465	183.645833	183.829427	Eb3	51	80	0
1466	183.727865	183.829427	G#3	61	80	0
1467	183.863281	184.479167	Bb2	63	80	0
1468	183.911458	184.699219	C#5	71	80	0
1469	183.944010	184.658854	Eb4	61	80	0
1470	183.944010	184.549479	G4	68	80	0
1471	184.110677	184.177083	G3	63	80	0
1472	184.213542	184.408854	Eb3	53	80	0
1473	184.317708	184.375000	G3	61	80	0
1474	184.403646	184.509115	Bb3	68	80	0
1475	184.473958	184.541667	G3	62	80	0
1476	184.572917	184.654948	Eb3	56	80	0
1477	184.707031	184.774740	G3	61	80	0
1478	184.812500	186.739583	Bb4	74	80	0
1479	184.817708	185.218750	C#3	58	80	0
1480	184.838542	186.449219	G4	61	80	0
1481	184.855469	186.016927	Eb4	61	80	0
1482	184.972656	185.024740	G3	59	80	0
1483	185.061198	185.239583	Eb3	48	80	0
1484	185.153646	185.214844	G3	59	80	0
1485	185.285156	185.449219	Bb3	60	80	0
1486	185.377604	185.453125	G3	67	80	0
1487	185.486979	185.567708	Eb3	54	80	0
1488	185.604167	185.692708	G3	68	80	0
1489	185.726562	185.815104	C#3	64	80	0
1490	185.834635	185.906250	G3	66	80	0
1491	185.946615	186.011719	Eb3	54	80	0
1492	186.046875	186.125000	G3	67	80	0
1493	186.165365	186.329427	Bb3	68	80	0
1494	186.283854	186.373698	G3	74	80	0
1495	186.428385	186.505208	Eb3	54	80	0
1496	186.541667	186.664062	G3	67	80	0
1497	186.671875	188.039062	Eb5	83	80	0
1498	186.694010	187.329427	C3	61	80	0
1499	186.701823	187.949219	Eb4	65	80	0
1500	186.701823	187.979167	G#4	60	80	0
1501	186.839844	186.915365	G#3	66	80	0
1502	186.953125	187.128906	Eb3	59	80	0
1503	187.052083	187.117188	G#3	58	80	0
1504	187.162760	187.399740	C4	68	80	0
1505	187.274740	187.356771	G#3	73	80	0
1506	187.401042	187.559896	Eb3	51	80	0
1507	187.472656	187.544271	G#3	58	80	0
1508	187.572917	188.000000	C3	70	80	0
1509	187.704427	187.773438	C4	69	80	0
1510	187.800781	188.019531	G#3	64	80	0
1511	187.907552	188.039062	C4	71	80	0
1512	188.054688	188.334635	B2	62	80	0
1513	188.084635	188.589844	D5	83	80	0
1514	188.095052	188.322917	D4	74	80	0
1515	188.095052	188.406250	G#4	67	80	0
1516	188.266927	188.348958	B3	58	80	0
1517	188.348958	188.429688	G#3	63	80	0
1518	188.454427	188.523438	B3	71	80	0
1519	188.541667	189.039062	Eb5	86	80	0
1520	188.555990	188.848958	Eb4	72	80	0
1521	188.562500	188.878906	G#4	62	80	0
1522	188.571615	188.763021	C3	68	80	0
1523	188.694010	188.765625	C4	66	80	0
1524	188.766927	188.949219	G#3	78	80	0
1525	188.885417	188.951823	C4	76	80	0
1526	188.984375	189.679688	F5	85	80	0
1527	188.996094	189.429688	F4	77	80	0
1528	189.002604	189.459635	G#4	82	80	0
1529	189.013021	189.114583	C#3	64	80	0
1530	189.147135	189.218750	C#4	71	80	0
1531	189.235677	189.316406	G#3	64	80	0
1532	189.359375	189.438802	C#4	68	80	0
1533	189.486979	189.989583	Eb5	83	80	0
1534	189.513021	189.701823	Eb3	57	80	0
1535	189.634115	189.694010	Eb4	67	80	0
1536	189.716146	189.817708	G3	68	80	0
1537	189.829427	189.897135	Eb4	75	80	0
1538	189.915365	190.329427	D5	81	80	0
1539	189.923177	190.108073	F3	66	80	0
1540	190.024740	190.095052	F4	58	80	0
1541	190.108073	190.178385	G#3	66	80	0
1542	190.204427	190.274740	F4	64	80	0
1543	190.302083	190.532552	G3	77	80	0
1544	190.315104	190.419271	C#5	70	80	0
1545	190.419271	190.505208	G4	72	80	0
1546	190.425781	190.520833	Eb5	77	80	0
1547	190.544271	190.709635	Bb3	67	80	0
1548	190.550781	190.615885	C#5	67	80	0
1549	190.632812	190.697917	G4	63	80	0
1550	190.634115	190.697917	Eb5	68	80	0
1551	190.734375	191.000000	Eb3	78	80	0
1552	190.735677	190.822917	C#5	71	80	0
1553	190.815104	190.884115	Eb5	74	80	0
1554	190.864583	190.959635	Eb4	57	80	0
1555	190.903646	190.983073	C#5	64	80	0
1556	190.942708	191.044271	G3	66	80	0
1557	190.997396	191.070312	Eb5	73	80	0
1558	191.067708	191.138021	Eb4	72	80	0
1559	191.114583	191.239583	C5	46	80	0
1560	191.164062	191.269531	F3	74	80	0
1561	191.165365	191.240885	Eb5	66	80	0
1562	191.244792	191.315104	C#5	69	80	0
1563	191.279948	191.359375	F3	64	80	0
1564	191.320312	191.529948	G#3	62	80	0
1565	191.324219	191.411458	Eb5	73	80	0
1566	191.407552	191.466146	C#5	72	80	0
1567	191.459635	191.549479	F4	77	80	0
1568	191.488281	191.585938	Eb5	75	80	0
1569	191.574219	191.641927	C#5	76	80	0
1570	191.595052	191.707031	G3	67	80	0
1571	191.661458	191.859375	C5	76	80	0
1572	191.748698	191.845052	G4	78	80	0
1573	191.864583	192.069010	Bb4	76	80	0
1574	191.867188	192.158854	Bb3	80	80	0
1575	191.964844	192.128906	G4	67	80	0
1576	191.967448	192.033854	F4	64	80	0
1577	192.076823	192.239583	Bb4	55	80	0
1578	192.220052	193.709635	Eb4	96	80	0
1579	192.223958	193.639323	C4	78	80	0
1580	192.233073	192.584635	G#4	77	80	0
1581	192.627604	192.769531	Eb5	60	80	0
1582	192.821615	193.039062	C5	55	80	0
1583	192.960938	193.024740	Eb5	56	80	0
1584	193.074219	193.156250	G#5	60	80	0
1585	193.170573	193.244792	Eb6	70	80	0
1586	193.282552	193.356771	C6	64	80	0
1587	193.375000	193.475260	Eb6	73	80	0
1588	193.486979	193.578125	G#6	71	80	0
1589	193.595052	193.671875	G#5	61	80	0
1590	193.703125	193.929688	G#6	72	80	0
1591	193.792969	193.938802	G#5	59	80	0
1592	193.925781	194.217448	C4	78	80	0
1593	193.933594	194.212240	G#3	78	80	0
1594	193.936198	194.128906	G#6	73	80	0
1595	194.054688	194.123698	G#5	52	80	0
1596	194.139323	194.235677	G#6	68	80	0
1597	194.256510	194.352865	G#5	66	80	0
1598	194.364583	194.559896	G#6	81	80	0
1599	194.372396	194.809896	G#3	85	80	0
1600	194.375000	194.848958	C4	85	80	0
1601	194.463542	194.546875	G#5	64	80	0
1602	194.571615	194.664062	G#6	71	80	0
1603	194.696615	194.764323	G#5	66	80	0
1604	194.781250	195.000000	G#6	76	80	0
1605	194.895833	194.959635	G#5	55	80	0
1606	194.973958	195.289062	C4	72	80	0
1607	194.975260	195.348958	G#3	73	80	0
1608	195.013021	195.097656	G#6	79	80	0
1609	195.106771	195.167969	G#5	67	80	0
1610	195.238281	195.373698	G#6	76	80	0
1611	195.239583	196.259115	F4	85	80	0
1612	195.243490	195.869792	C#4	81	80	0
1613	195.404948	195.488281	G#5	69	80	0
1614	195.514323	195.596354	G#6	69	80	0
1615	195.614583	195.692708	G#5	70	80	0
1616	195.727865	195.805990	G#6	78	80	0
1617	195.815104	195.886719	G#5	82	80	0
1618	195.910156	195.988281	G#6	79	80	0
1619	195.994792	196.072917	G#5	71	80	0
1620	196.096354	197.839844	C#4	76	80	0
1621	196.097656	197.908854	Bb3	80	80	0
1622	196.100260	196.190104	G#6	66	80	0
1623	196.212240	196.286458	G#5	71	80	0
1624	196.311198	196.404948	G#6	82	80	0
1625	196.421875	196.494792	G#5	72	80	0
1626	196.515625	196.604167	G#6	84	80	0
1627	196.614583	196.696615	G#5	79	80	0
1628	196.709635	196.804688	G#6	81	80	0
1629	196.812500	196.893229	G#5	77	80	0
1630	196.906250	196.994792	G#6	88	80	0
1631	197.015625	197.100260	G#5	78	80	0
1632	197.114583	197.214844	G#6	90	80	0
1633	197.222656	197.304688	G#5	86	80	0
1634	197.317708	197.509115	G#6	92	80	0
1635	197.419271	197.559896	G#5	85	80	0
1636	197.516927	197.635417	G#6	84	80	0
1637	197.626302	198.149740	G#5	74	80	0
1638	197.813802	199.299479	F#4	77	80	0
1639	197.815104	198.979167	Eb4	83	80	0
1640	197.824219	199.209635	G#6	92	80	0
1641	198.355469	199.089844	F#6	86	80	0
1642	198.720052	199.359375	F6	84	80	0
1643	198.992188	201.339844	Eb4	76	80	0
1644	198.993490	200.569010	C4	58	80	0
1645	199.210938	199.519531	Eb6	93	80	0
1646	199.436198	199.674479	D6	83	80	0
1647	199.636719	199.787760	Eb6	82	80	0
1648	199.795573	199.912760	F6	75	80	0
1649	199.924479	200.188802	F#6	72	80	0
1650	200.048177	200.238281	F6	70	80	0
1651	200.197917	201.598958	G#4	61	80	0
1652	200.199219	200.394531	Eb6	77	80	0
1653	200.368490	200.609375	F6	67	80	0
1654	200.535156	200.701823	Eb6	67	80	0
1655	200.679688	200.813802	C#6	65	80	0
1656	200.834635	200.953125	C6	57	80	0
1657	200.963542	201.299479	Bb5	69	80	0
1658	201.095052	201.559896	G#5	65	80	0
1659	201.222656	201.669271	F#5	73	80	0
1660	201.451823	202.688802	C#4	47	80	0
1661	201.494792	203.598958	F5	62	80	0
1662	201.945312	202.074219	F4	41	80	0
1663	201.946615	202.066406	G#4	40	80	0
1664	202.253906	202.326823	G#4	47	80	0
1665	202.253906	202.419271	F4	50	80	0
1666	202.535156	202.889323	F4	40	80	0
1667	202.535156	202.848958	G#4	42	80	0
1668	202.807292	203.789062	C#4	48	80	0
1669	203.084635	203.259115	F4	49	80	0
1670	203.084635	203.156250	G#4	42	80	0
1671	203.361979	205.049479	G#5	74	80	0
1672	203.386719	203.463542	F4	46	80	0
1673	203.393229	203.460938	G#4	47	80	0
1674	203.665365	203.989583	G#4	43	80	0
1675	203.666667	204.029948	F4	38	80	0
1676	203.951823	204.559896	C#4	49	80	0
1677	204.188802	204.286458	F4	53	80	0
1678	204.196615	204.276042	G#4	49	80	0
1679	204.454427	205.059896	C#6	82	80	0
1680	204.476562	204.545573	F4	51	80	0
1681	204.477865	204.718750	G#4	52	80	0
1682	204.725260	205.069010	C#4	46	80	0
1683	204.725260	205.119792	F4	52	80	0
1684	204.731771	204.929688	G#4	43	80	0
1685	205.023438	206.069010	Eb4	56	80	0
1686	205.069010	206.769531	C#6	72	80	0
1687	205.326823	205.454427	G#4	46	80	0
1688	205.334635	205.455729	F#4	52	80	0
1689	205.625000	205.697917	F#4	59	80	0
1690	205.632812	205.696615	G#4	49	80	0
1691	205.884115	205.990885	F#4	56	80	0
1692	205.888021	205.990885	G#4	49	80	0
1693	206.173177	207.959635	C6	72	80	0
1694	206.179688	207.069010	Eb4	49	80	0
1695	206.188802	206.299479	F#4	40	80	0
1696	206.441406	206.546875	F#4	53	80	0
1697	206.445312	206.548177	G#4	45	80	0
1698	206.717448	206.786458	F#4	53	80	0
1699	206.720052	206.785156	G#4	44	80	0
1700	206.972656	207.305990	F#4	47	80	0
1701	206.972656	207.279948	G#4	47	80	0
1702	207.247396	207.769531	Eb4	65	80	0
1703	207.503906	207.583333	F#4	45	80	0
1704	207.503906	207.619792	G#4	41	80	0
1705	207.796875	207.863281	G#4	46	80	0
1706	207.802083	207.864583	F#4	53	80	0
1707	208.058594	208.158854	F#4	53	80	0
1708	208.061198	208.199219	G#4	44	80	0
1709	208.406250	208.908854	F#4	42	80	0
1710	208.410156	210.500000	Eb6	78	80	0
1711	208.712240	208.824219	G#4	36	80	0
1712	208.713542	208.869792	Eb5	49	80	0
1713	208.714844	208.816406	C5	39	80	0
1714	208.981771	209.188802	F#4	42	80	0
1715	208.983073	209.063802	Eb5	56	80	0
1716	208.984375	209.058594	C5	44	80	0
1717	208.985677	209.054688	G#4	38	80	0
1718	209.234375	209.500000	Eb5	49	80	0
1719	209.238281	209.429688	C5	46	80	0
1720	209.238281	209.339844	F#4	40	80	0
1721	209.242188	209.408854	G#4	38	80	0
1722	209.470052	209.729167	F#4	49	80	0
1723	209.740885	209.850260	Eb5	59	80	0
1724	209.742188	210.347656	F#4	45	80	0
1725	209.744792	209.842448	C5	48	80	0
1726	209.746094	209.834635	G#4	42	80	0
1727	210.005208	211.609375	C6	73	80	0
1728	210.023438	210.096354	G#4	35	80	0
1729	210.024740	210.093750	Eb5	51	80	0
1730	210.031250	210.093750	C5	48	80	0
1731	210.263021	210.351562	Eb5	59	80	0
1732	210.273438	210.589844	C5	40	80	0
1733	210.296875	210.579427	G#4	39	80	0
1734	210.527344	210.739583	F#4	58	80	0
1735	210.747396	211.500000	F#4	25	80	0
1736	210.790365	210.873698	Eb5	56	80	0
1737	210.794271	210.868490	C5	47	80	0
1738	210.795573	210.867188	G#4	46	80	0
1739	211.045573	211.598958	G#5	72	80	0
1740	211.053385	211.125000	Eb5	63	80	0
1741	211.061198	211.130208	C5	50	80	0
1742	211.065104	211.188802	G#4	45	80	0
1743	211.324219	211.718750	Eb5	55	80	0
1744	211.329427	211.649740	C5	42	80	0
1745	211.333333	211.699219	G#4	38	80	0
1746	211.609375	212.669271	F4	45	80	0
1747	211.610677	214.209635	G#5	64	80	0
1748	211.884115	211.993490	C#5	56	80	0
1749	211.884115	211.986979	G#4	41	80	0
1750	212.144531	212.238281	C#5	52	80	0
1751	212.149740	212.234375	G#4	53	80	0
1752	212.414062	212.739583	G#4	49	80	0
1753	212.414062	212.709635	C#5	52	80	0
1754	212.680990	213.598958	F4	52	80	0
1755	212.680990	214.279948	C#6	75	80	0
1756	212.718750	212.789062	C#5	35	80	0
1757	212.925781	213.002604	G#4	49	80	0
1758	212.927083	213.002604	C#5	52	80	0
1759	213.192708	213.276042	C#5	50	80	0
1760	213.199219	213.273438	G#4	48	80	0
1761	213.442708	213.789062	C#5	50	80	0
1762	213.450521	213.769531	G#4	54	80	0
1763	213.701823	215.188802	F4	64	80	0
1764	213.970052	214.158854	C#5	48	80	0
1765	213.972656	214.158854	G#4	42	80	0
1766	214.285156	215.059896	C#6	87	80	0
1767	214.286458	214.468750	G#4	55	80	0
1768	214.294271	214.394531	C#5	55	80	0
1769	214.602865	215.239583	C#5	47	80	0
1770	214.602865	215.250000	G#4	42	80	0
1771	215.065104	215.429688	E4	50	80	0
1772	215.066406	216.319010	C#6	81	80	0
1773	215.434896	215.572917	C#5	48	80	0
1774	215.441406	215.688802	G#4	47	80	0
1775	215.441406	215.739583	E4	38	80	0
1776	215.744792	215.845052	C#5	55	80	0
1777	215.752604	216.029948	E4	40	80	0
1778	215.752604	215.845052	G#4	47	80	0
1779	216.023438	216.459635	C#5	43	80	0
1780	216.033854	216.500000	G#4	51	80	0
1781	216.040365	216.218750	E4	33	80	0
1782	216.324219	218.009115	C#6	77	80	0
1783	216.329427	216.679688	E4	51	80	0
1784	216.674479	216.768229	C#5	46	80	0
1785	216.692708	217.309896	E4	35	80	0
1786	216.694010	216.765625	G#4	38	80	0
1787	216.953125	217.014323	G#4	38	80	0
1788	216.954427	217.015625	C#5	43	80	0
1789	217.207031	217.549479	C#5	44	80	0
1790	217.213542	217.509115	G#4	37	80	0
1791	217.470052	218.968750	E4	58	80	0
1792	217.733073	217.979167	G#4	43	80	0
1793	217.733073	217.938802	C#5	48	80	0
1794	218.019531	218.799479	C#6	83	80	0
1795	218.054688	218.209635	G#4	42	80	0
1796	218.066406	218.348958	C#5	47	80	0
1797	218.359375	219.029948	G#4	42	80	0
1798	218.361979	219.329427	C#5	43	80	0
1799	218.765625	220.019531	Eb4	53	80	0
1800	218.807292	220.549479	C#6	70	80	0
1801	219.220052	219.529948	F#4	44	80	0
1802	219.221354	219.378906	B4	39	80	0
1803	219.533854	219.632812	B4	47	80	0
1804	219.540365	219.848958	F#4	41	80	0
1805	219.813802	220.250000	B4	51	80	0
1806	219.860677	220.272135	F#4	40	80	0
1807	220.157552	221.799479	B5	72	80	0
1808	220.173177	221.309896	Eb4	48	80	0
1809	220.207031	220.389323	F#5	38	80	0
1810	220.496094	220.605469	B4	48	80	0
1811	220.498698	220.789062	F#4	47	80	0
1812	220.763021	220.863281	B4	43	80	0
1813	220.802083	220.929688	F#4	45	80	0
1814	221.044271	221.369792	B4	54	80	0
1815	221.045573	221.429688	F#4	43	80	0
1816	221.316406	221.859375	Eb4	58	80	0
1817	221.602865	221.750000	F#4	42	80	0
1818	221.605469	221.718750	B4	41	80	0
1819	221.882812	222.459635	B5	81	80	0
1820	221.906250	222.079427	B4	44	80	0
1821	221.912760	222.128906	F#4	41	80	0
1822	221.923177	222.449219	Eb4	36	80	0
1823	222.183594	222.569010	B4	42	80	0
1824	222.190104	222.549479	F#4	41	80	0
1825	222.464844	223.369792	B5	75	80	0
1826	222.485677	223.819010	Eb4	47	80	0
1827	222.774740	223.199219	B4	41	80	0
1828	222.774740	223.000000	F#4	42	80	0
1829	223.113281	223.959635	A5	72	80	0
1830	223.134115	223.238281	F#4	40	80	0
1831	223.494792	224.019531	F#4	40	80	0
1832	223.496094	223.809896	B4	40	80	0
1833	223.832031	225.229167	Eb4	48	80	0
1834	223.904948	224.309896	B5	71	80	0
1835	224.170573	224.389323	A5	72	80	0
1836	224.225260	224.438802	F#4	35	80	0
1837	224.225260	224.378906	B4	38	80	0
1838	224.376302	224.559896	G#5	69	80	0
1839	224.514323	224.938802	A5	72	80	0
1840	224.520833	224.769531	F#4	47	80	0
1841	224.526042	224.669271	B4	45	80	0
1842	224.533854	224.539062	Eb5	56	80	0
1843	224.850260	225.389323	B5	69	80	0
1844	224.867188	225.438802	F#4	49	80	0
1845	224.873698	225.329427	B4	44	80	0
1846	225.244792	227.378906	Eb4	47	80	0
1847	225.394531	225.709635	A5	65	80	0
1848	225.536458	225.938802	B5	59	80	0
1849	225.679688	226.359375	C#6	57	80	0
1850	225.696615	226.169271	F#4	45	80	0
1851	226.246094	226.959635	B5	63	80	0
1852	226.282552	226.949219	B4	30	80	0
1853	226.285156	226.639323	F#4	35	80	0
1854	226.690104	227.479167	A5	56	80	0
1855	226.716146	227.459635	F#4	36	80	0
1856	227.428385	228.289062	G#4	40	80	0
1857	227.433594	227.949219	G#5	59	80	0
1858	227.444010	228.559896	E4	46	80	0
1859	227.774740	227.876302	E6	52	80	0
1860	227.911458	228.059896	B5	55	80	0
1861	228.033854	228.111979	E6	55	80	0
1862	228.139323	228.222656	G#6	68	80	0
1863	228.264323	228.325521	E6	60	80	0
1864	228.365885	228.569010	B5	60	80	0
1865	228.481771	228.552083	E6	62	80	0
1866	228.582031	228.688802	G#5	65	80	0
1867	228.684896	228.769531	E5	54	80	0
1868	228.807292	228.908854	B4	49	80	0
1869	228.941406	228.990885	E5	56	80	0
1870	229.036458	229.096354	G#4	53	80	0
1871	229.162760	229.222656	E4	62	80	0
1872	229.283854	229.339844	B3	53	80	0
1873	229.385417	229.529948	E4	59	80	0
1874	229.514323	229.619792	G#3	54	80	0
1875	229.601562	229.666667	E3	55	80	0
1876	229.717448	229.804688	B2	52	80	0
1877	229.855469	229.912760	E3	56	80	0
1878	229.951823	230.239583	G#2	46	80	0
1879	229.954427	230.389323	E2	48	80	0
1880	230.083333	230.144531	E3	49	80	0
1881	230.204427	230.348958	B2	57	80	0
1882	230.313802	230.459635	E3	58	80	0
1883	230.473958	230.799479	Eb2	55	80	0
1884	230.475260	231.438802	B1	55	80	0
1885	230.595052	230.673177	B2	49	80	0
1886	230.716146	230.859375	A2	51	80	0
1887	230.871094	231.079427	B2	47	80	0
1888	230.873698	230.934896	A2	46	80	0
1889	230.990885	231.119792	Eb3	44	80	0
1890	231.088542	231.239583	B2	44	80	0
1891	231.234375	231.369792	A2	48	80	0
1892	231.316406	231.479167	B2	60	80	0
1893	231.445312	232.468750	B1	54	80	0
1894	231.453125	231.979167	F#1	51	80	0
1895	231.464844	232.239583	F#2	54	80	0
1896	231.497396	231.718750	Eb3	57	80	0
1897	231.623698	231.684896	B3	57	80	0
1898	231.746094	231.938802	A3	60	80	0
1899	231.871094	231.930990	B3	53	80	0
1900	232.001302	232.179688	Eb4	58	80	0
1901	232.119792	232.192708	B3	53	80	0
1902	232.255208	232.317708	A3	58	80	0
1903	232.378906	232.459635	Eb3	47	80	0
1904	232.381510	232.559896	B3	53	80	0
1905	232.484375	233.979167	B1	50	80	0
1906	232.490885	232.959635	F#1	54	80	0
1907	232.490885	233.339844	F#2	59	80	0
1908	232.567708	232.769531	Eb4	68	80	0
1909	232.654948	232.713542	B4	63	80	0
1910	232.792969	232.856771	A4	58	80	0
1911	232.903646	232.980469	B4	65	80	0
1912	233.028646	233.218750	Eb5	72	80	0
1913	233.143229	233.239583	B4	56	80	0
1914	233.263021	233.324219	A4	57	80	0
1915	233.364583	233.420573	B4	62	80	0
1916	233.477865	234.019531	G#1	49	80	0
1917	233.529948	233.589844	E5	64	80	0
1918	233.634115	233.712240	B5	73	80	0
1919	233.753906	233.828125	G#5	69	80	0
1920	233.845052	233.938802	B5	75	80	0
1921	233.983073	234.054688	E6	71	80	0
1922	234.084635	234.143229	B5	66	80	0
1923	234.187500	234.265625	G#5	66	80	0
1924	234.281250	234.399740	B5	76	80	0
1925	234.408854	234.489583	E5	71	80	0
1926	234.507812	234.572917	B4	61	80	0
1927	234.618490	234.674479	G#4	62	80	0
1928	234.746094	234.825521	B4	62	80	0
1929	234.864583	235.029948	E4	73	80	0
1930	234.944010	235.006510	B3	58	80	0
1931	235.085938	235.148438	G#3	64	80	0
1932	235.174479	235.255208	B3	60	80	0
1933	235.299479	235.489583	E3	63	80	0
1934	235.442708	235.505208	B3	58	80	0
1935	235.544271	235.606771	G#3	66	80	0
1936	235.652344	235.714844	B3	67	80	0
1937	235.774740	235.959635	E4	73	80	0
1938	235.886719	235.954427	B3	61	80	0
1939	236.007812	236.065104	G#3	68	80	0
1940	236.104167	236.170573	B3	63	80	0
1941	236.242188	236.529948	B2	55	80	0
1942	236.244792	236.669271	F#3	61	80	0
1943	236.248698	236.459635	Eb2	56	80	0
1944	236.252604	236.389323	Eb3	57	80	0
1945	236.351562	236.428385	B3	62	80	0
1946	236.484375	236.579427	A3	66	80	0
1947	236.601562	236.673177	B3	69	80	0
1948	236.722656	236.899740	F#4	72	80	0
1949	236.816406	236.929688	B3	59	80	0
1950	236.951823	237.098958	A3	68	80	0
1951	237.046875	237.158854	B3	62	80	0
1952	237.194010	237.519531	Eb2	64	80	0
1953	237.214844	237.753906	B2	53	80	0
1954	237.235677	237.438802	Eb4	62	80	0
1955	237.242188	237.365885	F#4	68	80	0
1956	237.364583	237.450521	B4	69	80	0
1957	237.475260	237.572917	A4	74	80	0
1958	237.576823	237.677083	B4	79	80	0
1959	237.705729	237.796875	F#5	73	80	0
1960	237.802083	237.877604	B4	66	80	0
1961	237.915365	237.985677	A4	72	80	0
1962	238.002604	238.105469	B4	66	80	0
1963	238.135417	238.459635	B2	60	80	0
1964	238.143229	238.339844	Eb2	58	80	0
1965	238.186198	238.265625	F#5	70	80	0
1966	238.286458	238.380208	B5	78	80	0
1967	238.404948	238.481771	A5	79	80	0
1968	238.494792	238.606771	B5	76	80	0
1969	238.625000	238.779948	F#6	82	80	0
1970	238.723958	238.815104	B5	72	80	0
1971	238.789062	238.829427	F#6	61	80	0
1972	238.833333	238.912760	A5	73	80	0
1973	238.929688	239.042969	B5	75	80	0
1974	238.990885	239.009115	A5	65	80	0
1975	239.072917	239.289062	B2	64	80	0
1976	239.074219	239.389323	E3	68	80	0
1977	239.075521	239.218750	E2	64	80	0
1978	239.085938	239.289062	G#5	67	80	0
1979	239.213542	239.322917	G#6	81	80	0
1980	239.335938	239.529948	B5	74	80	0
1981	239.458333	239.658854	G#6	82	80	0
1982	239.592448	239.869792	E4	71	80	0
1983	239.593750	239.889323	E3	66	80	0
1984	239.606771	239.712240	G#5	60	80	0
1985	239.721354	239.825521	G#6	75	80	0
1986	239.837240	239.941406	B5	70	80	0
1987	239.970052	240.128906	G#6	76	80	0
1988	240.059896	240.389323	E3	71	80	0
1989	240.062500	240.359375	E4	80	80	0
1990	240.096354	240.187500	G#5	62	80	0
1991	240.204427	240.305990	G#6	77	80	0
1992	240.312500	240.401042	B5	73	80	0
1993	240.427083	240.528646	G#6	72	80	0
1994	240.545573	240.750000	A5	72	80	0
1995	240.546875	240.809896	C#4	74	80	0
1996	240.549479	240.839844	E3	68	80	0
1997	240.554688	240.699219	C#3	71	80	0
1998	240.656250	240.760417	A6	82	80	0
1999	240.772135	240.885417	E6	71	80	0
2000	240.897135	241.119792	A6	86	80	0
2001	240.992188	241.200521	A5	83	80	0
2002	241.023438	241.339844	C#4	80	80	0
2003	241.028646	241.359375	E3	74	80	0
2004	241.032552	241.459635	C#3	77	80	0
2005	241.126302	241.235677	A6	90	80	0
2006	241.233073	241.529948	E6	76	80	0
2007	241.363281	241.479167	A6	83	80	0
2008	241.493490	241.602865	Bb5	86	80	0
2009	241.497396	241.799479	C4	80	80	0
2010	241.502604	241.869792	E3	71	80	0
2011	241.503906	241.829427	C3	78	80	0
2012	241.606771	241.713542	Bb6	91	80	0
2013	241.733073	241.841146	E6	70	80	0
2014	241.843750	242.069010	Bb6	87	80	0
2015	241.964844	242.329427	E3	67	80	0
2016	241.964844	242.239583	C3	72	80	0
2017	241.966146	242.229167	C4	71	80	0
2018	241.966146	242.169271	Bb5	77	80	0
2019	242.074219	242.174479	Bb6	87	80	0
2020	242.184896	242.295573	E6	73	80	0
2021	242.302083	242.403646	Bb6	80	80	0
2022	242.414062	242.699219	B5	83	80	0
2023	242.434896	242.759115	E3	81	80	0
2024	242.434896	242.729167	B3	85	80	0
2025	242.436198	242.739583	B2	81	80	0
2026	242.535156	242.688802	B6	83	80	0
2027	242.651042	242.764323	E6	70	80	0
2028	242.766927	243.000000	B6	90	80	0
2029	242.871094	242.998698	B5	82	80	0
2030	242.902344	243.169271	A3	80	80	0
2031	242.903646	243.250000	E3	76	80	0
2032	242.903646	243.149740	A2	78	80	0
2033	243.007812	243.149740	B6	73	80	0
2034	243.134115	243.329427	E6	73	80	0
2035	243.239583	243.408854	B6	84	80	0
2036	243.373698	243.539062	G#2	80	80	0
2037	243.375000	243.579427	G#3	81	80	0
2038	243.377604	243.589844	E3	75	80	0
2039	243.378906	243.598958	C6	85	80	0
2040	243.381510	243.449219	B5	80	80	0
2041	243.497396	243.602865	C7	89	80	0
2042	243.610677	243.738281	E6	83	80	0
2043	243.722656	243.848958	C7	97	80	0
2044	243.890625	244.479167	E4	79	80	0
2045	243.893229	244.489583	G#4	87	80	0
2046	243.894531	244.500000	G#3	78	80	0
2047	243.964844	244.299479	C5	75	80	0
2048	244.135417	244.234375	C6	83	80	0
2049	244.251302	244.354167	E5	81	80	0
2050	244.361979	244.483073	C6	83	80	0
2051	244.489583	245.218750	E4	69	80	0
2052	244.493490	245.229167	A3	69	80	0
2053	244.494792	245.158854	C#5	79	80	0
2054	244.619792	244.782552	C#6	87	80	0
2055	244.765625	245.149740	E5	78	80	0
2056	244.938802	245.229167	C#6	91	80	0
2057	245.550781	246.869792	C#6	60	80	0
2058	245.875000	246.399740	A4	40	80	0
2059	246.122396	246.964844	A3	50	80	0
2060	246.350260	246.959635	C#5	58	80	0
2061	246.653646	247.839844	B5	61	80	0
2062	246.890625	247.559896	G#4	49	80	0
2063	247.192708	247.996094	G#3	56	80	0
2064	247.407552	247.829427	B4	62	80	0
2065	247.692708	248.565104	A5	75	80	0
2066	247.953125	248.709635	F#4	55	80	0
2067	248.242188	249.078125	F#3	47	80	0
2068	248.463542	248.919271	Bb5	78	80	0
2069	248.794271	250.009115	B5	69	80	0
2070	249.082031	249.819010	G#4	43	80	0
2071	249.373698	250.253906	G#3	46	80	0
2072	249.601562	249.959635	B4	64	80	0
2073	249.930990	251.136719	A5	62	80	0
2074	250.196615	250.289062	F#4	50	80	0
2075	250.300781	250.606771	F#4	34	80	0
2076	250.476562	250.609375	F#3	51	80	0
2077	250.621094	251.128906	F#3	33	80	0
2078	250.722656	251.132812	A4	57	80	0
2079	251.080729	251.829427	G#5	62	80	0
2080	251.095052	251.789062	F3	44	80	0
2081	251.111979	251.589844	G#4	43	80	0
2082	251.744792	252.709635	G5	44	80	0
2083	251.747396	252.289062	G4	34	80	0
2084	251.763021	252.826823	E3	33	80	0
2085	252.723958	253.579427	G4	35	80	0
2086	252.723958	253.979167	G5	45	80	0
2087	252.786458	253.549479	Eb3	20	80	0
2088	253.920573	254.399740	G#5	51	80	0
2089	253.933594	254.229167	G#4	39	80	0
2090	253.958333	254.195312	F3	27	80	0
2091	254.347656	254.729167	Bb5	62	80	0
2092	254.386719	254.497396	Bb4	40	80	0
2093	254.386719	254.699219	G3	37	80	0
2094	254.389323	254.559896	G4	35	80	0
2095	254.652344	254.949219	C6	79	80	0
2096	254.675781	254.739583	G#2	45	80	0
2097	254.680990	254.765625	C5	56	80	0
2098	254.682292	254.915365	G#3	47	80	0
2099	254.911458	255.188802	C#6	78	80	0
2100	254.924479	255.158854	Bb3	58	80	0
2101	254.928385	255.011719	C#5	63	80	0
2102	255.174479	255.729167	Eb6	84	80	0
2103	255.186198	255.658854	Eb5	70	80	0
2104	255.192708	255.559896	Bb3	53	80	0
2105	255.194010	255.609375	C4	50	80	0
2106	255.630208	256.979167	F6	65	80	0
2107	255.906250	256.639323	C#5	42	80	0
2108	256.233073	256.669271	C#4	35	80	0
2109	256.483073	256.843750	F5	62	80	0
2110	256.778646	258.069010	Eb6	56	80	0
2111	257.023438	257.649740	C5	48	80	0
2112	257.326823	258.139323	C4	47	80	0
2113	257.587240	258.055990	Eb5	69	80	0
2114	257.902344	258.819010	C#6	66	80	0
2115	258.165365	258.649740	Bb4	42	80	0
2116	258.454427	259.269531	Bb3	47	80	0
2117	258.697917	259.158854	D6	71	80	0
2118	259.023438	260.489583	Eb6	69	80	0
2119	259.277344	259.688802	C5	41	80	0
2120	259.555990	259.679688	C4	51	80	0
2121	259.684896	260.393229	C4	37	80	0
2122	259.821615	260.289062	Eb5	62	80	0
2123	260.138021	261.348958	C#6	70	80	0
2124	260.410156	260.799479	Bb4	39	80	0
2125	260.712240	261.559896	Bb3	46	80	0
2126	260.957031	261.313802	C#5	50	80	0
2127	261.256510	261.529948	C6	63	80	0
2128	261.294271	261.419271	G#4	33	80	0
2129	261.502604	261.774740	C5	58	80	0
2130	261.532552	261.777344	G#3	44	80	0
2131	261.783854	261.946615	C#5	67	80	0
2132	261.785156	262.089844	Bb3	53	80	0
2133	262.045573	262.368490	Eb5	74	80	0
2134	262.052083	262.348958	C4	44	80	0
2135	262.325521	262.848958	G5	69	80	0
2136	262.332031	262.601562	Eb4	53	80	0
2137	262.597656	262.820312	E5	69	80	0
2138	262.601562	262.839844	C4	47	80	0
2139	262.873698	263.429688	F5	64	80	0
2140	263.149740	263.514323	F4	54	80	0
2141	263.164062	263.549479	C#3	36	80	0
2142	263.442708	263.725260	F5	70	80	0
2143	263.477865	263.729167	C#4	45	80	0
2144	263.705729	263.872396	D5	65	80	0
2145	263.712240	263.937500	B3	47	80	0
2146	263.983073	264.200521	C4	42	80	0
2147	263.983073	264.329427	Eb5	56	80	0
2148	264.235677	264.769531	Eb4	60	80	0
2149	264.238281	264.619792	C3	40	80	0
2150	264.526042	264.736979	C4	46	80	0
2151	264.529948	264.791667	Eb5	73	80	0
2152	264.791667	264.932292	C5	55	80	0
2153	264.800781	264.963542	A3	40	80	0
2154	265.045573	265.438802	Bb3	42	80	0
2155	265.045573	265.669271	C#5	53	80	0
2156	265.322917	265.449219	Bb2	44	80	0
2157	265.324219	265.459635	C#4	41	80	0
2158	265.639323	265.925781	C#4	43	80	0
2159	265.644531	265.933594	F5	71	80	0
2160	265.936198	266.125000	D5	58	80	0
2161	265.942708	266.134115	B3	43	80	0
2162	266.192708	266.515625	Eb5	57	80	0
2163	266.192708	266.589844	C4	42	80	0
2164	266.454427	266.949219	C3	38	80	0
2165	266.459635	267.199219	Eb4	42	80	0
2166	266.813802	267.134115	Eb5	68	80	0
2167	266.815104	267.019531	C4	43	80	0
2168	267.089844	267.337240	C5	51	80	0
2169	267.091146	267.302083	A3	40	80	0
2170	267.351562	267.829427	C#5	50	80	0
2171	267.354167	267.774740	Bb3	40	80	0
2172	267.656250	267.819010	Bb2	36	80	0
2173	267.660156	267.774740	C#4	39	80	0
2174	268.114583	268.484375	C5	52	80	0
2175	268.131510	268.503906	G#3	41	80	0
2176	268.132812	268.479167	Eb4	47	80	0
2177	268.140625	268.509115	C3	38	80	0
2178	268.463542	268.727865	Bb4	50	80	0
2179	268.485677	268.692708	G3	43	80	0
2180	268.486979	268.535156	Eb4	39	80	0
2181	268.738281	269.082031	C5	58	80	0
2182	268.755208	269.072917	Eb4	42	80	0
2183	268.761719	268.968750	G#3	40	80	0
2184	268.765625	268.963542	C3	37	80	0
2185	269.002604	269.212240	Bb4	49	80	0
2186	269.033854	269.178385	C#3	35	80	0
2187	269.035156	269.183594	G3	37	80	0
2188	269.464844	270.259115	C5	43	80	0
2189	269.467448	270.459635	Eb4	40	80	0
2190	269.473958	270.399740	G#4	42	80	0
2191	269.473958	270.679688	G#3	34	80	0
2192	269.480469	270.598958	C3	30	80	0
2193	271.143229	271.649740	Bb3	31	80	0
2194	271.145833	272.269531	Bb4	35	80	0
2195	271.154948	272.139323	Eb4	40	80	0
2196	271.157552	272.309896	G3	30	80	0
2197	271.170573	272.419271	C#3	35	80	0
2198	272.733073	273.109375	Eb5	68	80	0
2199	272.735677	273.098958	G#3	40	80	0
2200	272.744792	272.759115	G#2	37	80	0
2201	272.765625	273.128906	Eb4	45	80	0
2202	272.774740	273.059896	C3	35	80	0
2203	273.039062	273.292969	D5	66	80	0
2204	273.045573	273.319010	G#4	53	80	0
2205	273.052083	273.299479	Bb2	49	80	0
2206	273.055990	273.119792	F4	47	80	0
2207	273.065104	273.609375	F3	46	80	0
2208	273.290365	273.589844	Eb5	68	80	0
2209	273.291667	273.729167	G#3	53	80	0
2210	273.292969	273.699219	Eb4	66	80	0
2211	273.307292	273.546875	C3	54	80	0
2212	273.532552	273.899740	D5	75	80	0
2213	273.535156	273.658854	G#4	65	80	0
2214	273.537760	273.869792	Bb2	59	80	0
2215	273.542969	273.549479	Bb1	53	80	0
2216	273.947917	275.188802	Eb5	73	80	0
2217	273.964844	274.799479	Eb4	58	80	0
2218	273.985677	274.709635	Eb3	46	80	0
2219	273.985677	274.718750	G#4	51	80	0
2220	273.986979	274.639323	C3	49	80	0
2221	273.994792	274.658854	G#3	45	80	0
2222	274.001302	274.339844	G#2	42	80	0
2223	275.183594	276.559896	D4	65	80	0
2224	275.279948	276.869792	G#4	64	80	0
2225	275.395833	277.069010	F5	72	80	0
2226	275.397135	275.473958	Bb2	46	80	0
2227	275.536458	275.549479	C2	42	80	0
2228	275.545573	275.598958	C3	43	80	0
2229	275.625000	275.686198	Bb2	50	80	0
2230	275.734375	275.819010	C3	55	80	0
2231	275.804688	275.855469	Bb2	64	80	0
2232	275.885417	275.944010	C3	63	80	0
2233	275.967448	276.033854	Bb2	60	80	0
2234	276.079427	276.141927	C3	51	80	0
2235	276.165365	276.242188	Bb2	61	80	0
2236	276.286458	276.342448	C3	56	80	0
2237	276.360677	276.414062	Bb2	58	80	0
2238	276.437500	276.502604	C3	52	80	0
2239	276.518229	276.605469	Bb2	58	80	0
2240	276.618490	276.714844	G#2	74	80	0
2241	276.726562	276.807292	Bb2	64	80	0
2242	276.821615	276.914062	G#2	67	80	0
2243	276.927083	276.980469	Bb2	61	80	0
2244	276.985677	277.139323	D4	78	80	0
2245	277.018229	277.128906	G#2	62	80	0
2246	277.067708	278.109375	Bb4	82	80	0
2247	277.114583	277.184896	Bb2	77	80	0
2248	277.149740	278.329427	F5	86	80	0
2249	277.203125	277.263021	G#2	63	80	0
2250	277.291667	277.354167	Bb2	69	80	0
2251	277.363281	277.438802	G#2	70	80	0
2252	277.444010	277.529948	G#2	68	80	0
2253	277.450521	277.531250	Bb2	61	80	0
2254	277.535156	277.614583	G#2	73	80	0
2255	277.617188	277.704427	Bb2	72	80	0
2256	277.705729	277.778646	G#2	71	80	0
2257	277.792969	277.899740	G2	82	80	0
2258	277.911458	278.039062	G2	65	80	0
2259	277.992188	278.035156	Bb2	52	80	0
2260	278.045573	278.229167	G2	69	80	0
2261	278.154948	278.223958	Eb4	75	80	0
2262	278.157552	278.229167	G#2	67	80	0
2263	278.231771	279.119792	Bb4	79	80	0
2264	278.236979	278.378906	G2	70	80	0
2265	278.320312	279.250000	G5	92	80	0
2266	278.347656	278.424479	G#2	76	80	0
2267	278.438802	278.619792	G2	71	80	0
2268	278.531250	278.626302	G#2	76	80	0
2269	278.626302	278.799479	G2	64	80	0
2270	278.720052	278.813802	G#2	76	80	0
2271	278.813802	278.907552	G2	76	80	0
2272	278.907552	279.042969	F2	88	80	0
2273	279.035156	279.269531	G2	83	80	0
2274	279.145833	279.319010	F2	72	80	0
2275	279.222656	279.324219	F4	85	80	0
2276	279.274740	279.359375	G2	69	80	0
2277	279.313802	280.259115	Bb4	88	80	0
2278	279.364583	279.466146	F2	70	80	0
2279	279.407552	280.519531	G#5	96	80	0
2280	279.473958	279.554688	G2	75	80	0
2281	279.563802	279.729167	F2	66	80	0
2282	279.662760	279.743490	G2	74	80	0
2283	279.742188	279.929688	F2	71	80	0
2284	279.842448	279.933594	G2	74	80	0
2285	279.934896	280.039062	F2	63	80	0
2286	280.003906	280.180990	Eb2	89	80	0
2287	280.173177	280.277344	F2	77	80	0
2288	280.251302	280.363281	G4	87	80	0
2289	280.286458	280.459635	Eb2	76	80	0
2290	280.352865	280.679688	Bb4	94	80	0
2291	280.438802	280.526042	F2	71	80	0
2292	280.532552	280.739583	Eb2	79	80	0
2293	280.615885	281.839844	Bb5	99	80	0
2294	280.664062	280.799479	F2	64	80	0
2295	280.747396	280.929688	Eb2	73	80	0
2296	280.851562	281.019531	F2	70	80	0
2297	280.942708	281.128906	Eb2	72	80	0
2298	281.029948	281.229167	F2	71	80	0
2299	281.135417	281.214844	Eb2	65	80	0
2300	281.204427	281.375000	C#2	82	80	0
2301	281.377604	281.468750	Eb2	73	80	0
2302	281.462240	281.569010	C#2	77	80	0
2303	281.563802	281.739583	Eb2	73	80	0
2304	281.645833	281.750000	C#2	79	80	0
2305	281.752604	281.919271	Eb2	78	80	0
2306	281.756510	281.989583	C#2	76	80	0
2307	281.757812	282.169271	C6	95	80	0
2308	281.932292	282.079427	Eb2	70	80	0
2309	282.001302	282.093750	C#2	74	80	0
2310	282.091146	282.178385	Eb2	76	80	0
2311	282.162760	282.339844	C#2	80	80	0
2312	282.285156	282.378906	Eb2	76	80	0
2313	282.295573	283.359375	C#6	99	80	0
2314	282.347656	282.529948	C#2	70	80	0
2315	282.444010	282.519531	Eb2	65	80	0
2316	282.527344	282.619792	Eb2	65	80	0
2317	282.539062	282.649740	C#2	66	80	0
2318	282.626302	282.750000	Eb2	71	80	0
2319	282.717448	282.919271	C#2	81	80	0
2320	282.852865	282.979167	Eb2	73	80	0
2321	282.871094	283.279948	D6	101	80	0
2322	282.925781	283.031250	C#2	69	80	0
2323	283.031250	283.199219	Eb2	69	80	0
2324	283.121094	283.218750	C#2	67	80	0
2325	283.207031	283.369792	Eb2	67	80	0
2326	283.283854	283.429688	C#2	74	80	0
2327	283.376302	283.464844	Eb2	74	80	0
2328	283.473958	283.539062	C#2	69	80	0
2329	283.545573	283.649740	C#2	70	80	0
2330	283.553385	283.739583	Eb2	73	80	0
2331	283.553385	285.359375	Eb6	104	80	0
2332	283.662760	283.819010	C#2	69	80	0
2333	283.744792	283.908854	Eb2	60	80	0
2334	283.834635	284.009115	C#2	68	80	0
2335	283.923177	284.022135	Eb2	71	80	0
2336	284.020833	284.199219	C#2	67	80	0
2337	284.123698	284.429688	C2	70	80	0
2338	284.257812	284.376302	C#2	79	80	0
2339	284.384115	284.526042	Eb2	81	80	0
2340	284.524740	284.709635	C#2	80	80	0
2341	284.648438	285.000000	C2	77	80	0
2342	284.782552	284.989583	C#2	81	80	0
2343	284.785156	284.848958	Bb1	83	80	0
2344	285.018229	285.378906	G#1	89	80	0
2345	285.554688	285.809896	C3	69	80	0
2346	285.554688	285.764323	G#2	70	80	0
2347	285.915365	287.269531	C4	92	80	0
2348	285.919271	286.250000	G#1	57	80	0
2349	285.923177	286.130208	G#2	62	80	0
2350	285.932292	286.128906	C3	64	80	0
2351	286.406250	286.589844	C3	55	80	0
2352	286.407552	286.575521	G#2	57	80	0
2353	286.411458	286.529948	G#1	56	80	0
2354	286.740885	286.855469	C3	59	80	0
2355	286.744792	286.882812	G#2	53	80	0
2356	286.744792	286.889323	C2	56	80	0
2357	287.033854	287.180990	C3	64	80	0
2358	287.033854	287.192708	F2	64	80	0
2359	287.035156	287.201823	G#2	60	80	0
2360	287.321615	287.421875	F2	67	80	0
2361	287.324219	287.424479	C3	67	80	0
2362	287.324219	287.428385	G#2	64	80	0
2363	287.545573	288.098958	C4	84	80	0
2364	287.593750	287.721354	G#2	55	80	0
2365	287.606771	287.731771	Eb2	51	80	0
2366	287.854167	288.098958	C#4	83	80	0
2367	287.877604	288.003906	G#2	57	80	0
2368	287.882812	287.979167	Eb2	56	80	0
2369	287.882812	287.996094	C3	63	80	0
2370	288.105469	288.378906	Eb4	84	80	0
2371	288.125000	288.264323	C3	65	80	0
2372	288.128906	288.359375	G#2	64	80	0
2373	288.355469	288.639323	F4	85	80	0
2374	288.367188	288.669271	C3	64	80	0
2375	288.373698	288.609375	G#2	62	80	0
2376	288.373698	288.549479	C2	67	80	0
2377	288.597656	288.869792	G4	86	80	0
2378	288.617188	288.723958	C2	66	80	0
2379	288.619792	288.859375	G#2	59	80	0
2380	288.863281	289.479167	C2	71	80	0
2381	288.864583	289.209635	G#2	60	80	0
2382	288.865885	289.009115	C3	68	80	0
2383	288.944010	289.549479	G#4	88	80	0
2384	289.251302	289.376302	C3	66	80	0
2385	289.253906	289.373698	G#2	62	80	0
2386	289.490885	290.239583	Eb4	80	80	0
2387	289.506510	289.653646	G#2	66	80	0
2388	289.507812	289.652344	C3	65	80	0
2389	289.744792	289.898438	C3	65	80	0
2390	289.747396	289.912760	G#2	68	80	0
2391	289.751302	290.179688	G2	72	80	0
2392	290.019531	290.164062	G#2	67	80	0
2393	290.020833	290.154948	C3	70	80	0
2394	290.256510	290.412760	C3	77	80	0
2395	290.263021	290.500000	F2	76	80	0
2396	290.264323	290.424479	G#2	66	80	0
2397	290.506510	290.673177	F2	72	80	0
2398	290.507812	290.667969	G#2	71	80	0
2399	290.509115	290.699219	C3	70	80	0
2400	290.748698	291.029948	G4	84	80	0
2401	290.768229	290.989583	C3	60	80	0
2402	290.774740	291.029948	G#2	66	80	0
2403	290.774740	290.789062	C2	65	80	0
2404	290.777344	290.941406	Eb2	61	80	0
2405	291.015625	291.319010	G#4	78	80	0
2406	291.026042	291.039062	C2	67	80	0
2407	291.035156	291.152344	C3	67	80	0
2408	291.039062	291.154948	G#2	60	80	0
2409	291.042969	291.153646	Eb2	62	80	0
2410	291.248698	291.493490	Bb4	75	80	0
2411	291.253906	291.384115	G#2	65	80	0
2412	291.253906	291.259115	C2	72	80	0
2413	291.253906	291.382812	C3	67	80	0
2414	291.260417	291.419271	Eb2	64	80	0
2415	291.476562	291.779948	C5	86	80	0
2416	291.494792	291.611979	C3	69	80	0
2417	291.496094	291.614583	C2	73	80	0
2418	291.498698	291.699219	G#2	70	80	0
2419	291.705729	291.989583	C#5	90	80	0
2420	291.714844	291.968750	G#2	78	80	0
2421	291.714844	292.109375	C3	76	80	0
2422	291.721354	291.929688	C2	78	80	0
2423	291.975260	292.799479	C2	74	80	0
2424	291.977865	292.218750	G#2	70	80	0
2425	292.054688	292.639323	Eb5	91	80	0
2426	292.328125	292.579427	G#2	74	80	0
2427	292.328125	292.464844	C3	74	80	0
2428	292.574219	293.149740	G#4	78	80	0
2429	292.584635	292.809896	G#3	70	80	0
2430	292.587240	292.716146	C3	66	80	0
2431	292.588542	292.809896	G#2	62	80	0
2432	292.813802	293.009115	C2	75	80	0
2433	292.813802	292.941406	C3	77	80	0
2434	292.816406	292.960938	G#2	70	80	0
2435	292.817708	292.944010	G2	75	80	0
2436	293.048177	293.279948	G#2	74	80	0
2437	293.048177	293.205729	C3	79	80	0
2438	293.053385	293.408854	G2	76	80	0
2439	293.285156	293.509115	F2	76	80	0
2440	293.285156	293.445312	G#2	71	80	0
2441	293.287760	293.415365	C3	76	80	0
2442	293.514323	293.645833	C3	80	80	0
2443	293.515625	293.859375	F2	83	80	0
2444	293.518229	293.739583	G#2	80	80	0
2445	293.736979	294.109375	G#5	91	80	0
2446	293.747396	293.878906	C3	72	80	0
2447	293.751302	293.878906	C2	77	80	0
2448	293.753906	293.959635	G#2	69	80	0
2449	293.755208	293.959635	Eb2	73	80	0
2450	293.970052	294.218750	Bb5	98	80	0
2451	293.970052	294.093750	C3	77	80	0
2452	293.971354	294.199219	Eb2	74	80	0
2453	293.972656	294.188802	G#2	68	80	0
2454	294.201823	294.429688	G#2	71	80	0
2455	294.203125	294.589844	C6	91	80	0
2456	294.203125	294.334635	C3	73	80	0
2457	294.207031	294.549479	C2	70	80	0
2458	294.214844	294.378906	Eb2	73	80	0
2459	294.442708	294.688802	G#2	79	80	0
2460	294.442708	294.658854	C#2	76	80	0
2461	294.445312	294.611979	C#6	94	80	0
2462	294.450521	294.584635	C3	77	80	0
2463	294.694010	295.000000	C3	82	80	0
2464	294.695312	295.039062	C2	79	80	0
2465	294.695312	295.569010	G#2	78	80	0
2466	294.696615	295.279948	Eb6	95	80	0
2467	295.118490	295.619792	Bb2	86	80	0
2468	295.119792	295.500000	F6	92	80	0
2469	295.125000	295.709635	C#2	87	80	0
2470	296.837240	297.079427	Bb4	54	80	0
2471	296.843750	297.013021	F4	55	80	0
2472	296.851562	297.009115	Bb3	50	80	0
2473	296.854167	296.968750	D3	46	80	0
2474	296.854167	297.019531	G#3	49	80	0
2475	297.033854	297.333333	G3	53	80	0
2476	297.033854	297.339844	Eb5	70	80	0
2477	297.036458	297.329427	G4	55	80	0
2478	297.042969	297.338542	Eb3	49	80	0
2479	297.861979	298.083333	Eb5	69	80	0
2480	297.882812	298.128906	G4	46	80	0
2481	297.884115	298.106771	Bb3	39	80	0
2482	297.885417	298.119792	Eb3	41	80	0
2483	298.054688	299.319010	D5	68	80	0
2484	298.076823	299.250000	B4	52	80	0
2485	298.078125	299.309896	G#3	45	80	0
2486	298.093750	299.300781	F3	41	80	0
2487	299.134115	300.382812	C#5	58	80	0
2488	299.157552	300.399740	E4	51	80	0
2489	299.174479	300.378906	Bb3	38	80	0
2490	299.184896	300.389323	G3	35	80	0
2491	300.372396	300.658854	C5	55	80	0
2492	300.373698	300.691406	G#3	41	80	0
2493	300.380208	300.549479	G#2	39	80	0
2494	300.380208	301.079427	Eb4	40	80	0
2495	300.384115	300.779948	C4	41	80	0
2496	300.927083	301.929688	G#6	69	80	0
2497	300.955729	301.309896	C4	43	80	0
2498	300.963542	301.639323	G#3	46	80	0
2499	301.247396	301.649740	G6	81	80	0
2500	301.247396	301.419271	Bb3	63	80	0
2501	301.251302	301.539062	C#4	59	80	0
2502	301.494792	301.819010	F#6	76	80	0
2503	301.496094	301.759115	C4	48	80	0
2504	301.496094	301.829427	Eb4	67	80	0
2505	301.524740	302.329427	Bb3	46	80	0
2506	301.753906	302.779948	F4	56	80	0
2507	301.764323	302.639323	C#4	49	80	0
2508	301.811198	302.009115	F6	72	80	0
2509	301.954427	302.140625	Eb6	73	80	0
2510	302.097656	302.213542	C#6	80	80	0
2511	302.205729	302.328125	C6	71	80	0
2512	302.315104	302.446615	B5	77	80	0
2513	302.437500	302.679688	Bb5	82	80	0
2514	302.554688	302.667969	A5	74	80	0
2515	302.665365	302.794271	G#5	73	80	0
2516	302.786458	302.885417	G5	76	80	0
2517	302.876302	302.994792	F#5	84	80	0
2518	302.994792	303.114583	F5	81	80	0
2519	303.105469	303.212240	E5	77	80	0
2520	303.225260	303.407552	Eb5	78	80	0
2521	303.242188	303.351562	G#3	48	80	0
2522	303.247396	303.378906	C#3	44	80	0
2523	303.247396	303.345052	F3	48	80	0
2524	303.375000	303.492188	C#5	71	80	0
2525	303.497396	303.615885	C5	65	80	0
2526	303.501302	303.598958	G#3	56	80	0
2527	303.503906	303.602865	F3	54	80	0
2528	303.618490	303.791667	Bb4	65	80	0
2529	303.789062	304.479167	Eb5	72	80	0
2530	303.794271	304.549479	G3	46	80	0
2531	303.795573	304.179688	C5	52	80	0
2532	303.805990	304.519531	Eb3	41	80	0
2533	304.492188	304.789062	Eb5	74	80	0
2534	304.524740	304.938802	G4	47	80	0
2535	304.526042	304.929688	Bb3	48	80	0
2536	304.527344	304.968750	Eb3	42	80	0
2537	304.875000	305.486979	Eb5	74	80	0
2538	304.904948	306.908854	G#4	49	80	0
2539	304.906250	305.519531	C4	51	80	0
2540	304.912760	305.929688	G#3	45	80	0
2541	305.438802	305.704427	F5	69	80	0
2542	305.446615	305.729167	C#4	54	80	0
2543	305.667969	306.709635	Eb5	78	80	0
2544	305.673177	305.799479	C4	55	80	0
2545	305.812500	306.859375	C4	41	80	0
2546	305.920573	306.359375	C#5	70	80	0
2547	305.924479	306.500000	Bb3	53	80	0
2548	306.145833	306.380208	C5	70	80	0
2549	306.153646	306.468750	G#3	54	80	0
2550	306.377604	306.919271	Bb4	69	80	0
2551	306.412760	306.891927	G3	60	80	0
2552	306.606771	306.895833	C5	81	80	0
2553	306.623698	306.949219	G#3	59	80	0
2554	306.865885	307.598958	C#5	72	80	0
2555	306.875000	307.869792	Eb3	49	80	0
2556	306.893229	307.500000	Bb3	52	80	0
2557	307.104167	307.809896	F4	71	80	0
2558	307.367188	307.679688	G#4	76	80	0
2559	307.584635	307.865885	G4	70	80	0
2560	307.833333	308.389323	C5	64	80	0
2561	307.833333	308.628906	G#2	53	80	0
2562	307.833333	308.389323	G#3	62	80	0
2563	307.835938	308.128906	G#4	64	80	0
2564	308.079427	308.354167	Eb4	75	80	0
2565	308.083333	308.378906	C3	51	80	0
2566	308.315104	308.572917	C#3	49	80	0
2567	308.317708	308.576823	F4	72	80	0
2568	308.533854	308.834635	Eb4	81	80	0
2569	308.536458	309.218750	C3	56	80	0
2570	308.774740	309.020833	Bb2	61	80	0
2571	308.774740	309.011719	C#4	67	80	0
2572	309.003906	309.304688	C4	67	80	0
2573	309.003906	309.261719	G#2	50	80	0
2574	309.243490	309.476562	G2	61	80	0
2575	309.246094	309.476562	Bb3	65	80	0
2576	309.484375	309.796875	C4	64	80	0
2577	309.484375	309.796875	G#2	47	80	0
2578	309.744792	310.119792	G#4	63	80	0
2579	309.766927	310.519531	Bb2	50	80	0
2580	309.773438	310.598958	Eb2	48	80	0
2581	309.773438	310.459635	C#4	54	80	0
2582	309.994792	310.559896	F4	65	80	0
2583	310.236979	310.524740	G#4	65	80	0
2584	310.473958	310.805990	G4	57	80	0
2585	310.742188	311.589844	G#1	57	80	0
2586	310.743490	311.500000	G#2	58	80	0
2587	310.752604	311.128906	Eb4	55	80	0
2588	310.755208	311.039062	Bb4	59	80	0
2589	310.774740	311.539062	C4	45	80	0
2590	311.024740	311.489583	G4	61	80	0
2591	311.282552	311.524740	Bb4	57	80	0
2592	311.506510	311.829427	G#4	63	80	0
2593	311.777344	314.359375	G#2	63	80	0
2594	311.783854	314.329427	G#1	62	80	0
2595	311.783854	314.259115	Eb2	60	80	0
2596	312.036458	312.289062	B4	58	80	0
2597	312.285156	312.500000	C#5	54	80	0
2598	312.523438	312.742188	C5	58	80	0
2599	312.774740	313.188802	F5	63	80	0
2600	313.023438	313.274740	D5	56	80	0
2601	313.282552	313.592448	F5	60	80	0
2602	313.542969	313.824219	Eb5	66	80	0
2603	313.791667	314.279948	Bb5	63	80	0
2604	314.042969	314.559896	G5	56	80	0
2605	314.286458	314.829427	Bb5	61	80	0
2606	314.533854	315.069010	G#5	59	80	0
2607	314.764323	315.299479	G#3	59	80	0
2608	314.765625	315.399740	Eb3	55	80	0
2609	314.766927	315.218750	C3	54	80	0
2610	314.770833	315.289062	G#2	56	80	0
2611	314.799479	315.009115	C#6	59	80	0
2612	315.028646	315.319010	B5	58	80	0
2613	315.263021	315.750000	C#6	61	80	0
2614	315.497396	316.059896	C6	61	80	0
2615	315.753906	316.468750	Eb4	65	80	0
2616	315.768229	316.369792	G#3	54	80	0
2617	315.769531	316.559896	C4	56	80	0
2618	316.018229	316.519531	D6	60	80	0
2619	316.253906	316.516927	F6	63	80	0
2620	316.505208	317.000000	Eb6	63	80	0
2621	316.746094	317.449219	D4	61	80	0
2622	316.755208	317.459635	G#3	50	80	0
2623	316.757812	317.468750	Bb3	51	80	0
2624	316.763021	317.459635	F3	47	80	0
2625	317.023438	317.304688	C6	53	80	0
2626	317.287760	317.579427	Eb6	60	80	0
2627	317.522135	318.459635	D6	63	80	0
2628	317.752604	319.429688	D4	58	80	0
2629	317.763021	319.509115	G#3	48	80	0
2630	317.764323	319.489583	Bb3	49	80	0
2631	317.772135	319.449219	F3	40	80	0
2632	318.024740	318.369792	A6	59	80	0
2633	318.276042	318.699219	C7	59	80	0
2634	318.537760	318.829427	Bb6	58	80	0
2635	318.794271	319.089844	Eb6	51	80	0
2636	319.035156	319.389323	C6	47	80	0
2637	319.305990	319.536458	Eb6	51	80	0
2638	319.537760	320.069010	D6	53	80	0
2639	319.815104	320.549479	Eb4	65	80	0
2640	319.822917	320.539062	G3	54	80	0
2641	319.824219	320.500000	Eb3	53	80	0
2642	319.826823	320.579427	Bb3	53	80	0
2643	319.828125	320.039062	F6	58	80	0
2644	320.075521	320.649740	D6	47	80	0
2645	320.342448	320.587240	F6	58	80	0
2646	320.583333	321.069010	Eb6	61	80	0
2647	320.819010	321.529948	Eb4	58	80	0
2648	320.834635	321.500000	G3	47	80	0
2649	320.834635	321.628906	Bb3	47	80	0
2650	320.845052	321.468750	Eb3	45	80	0
2651	321.101562	321.375000	A6	59	80	0
2652	321.368490	322.059896	C7	58	80	0
2653	321.618490	322.218750	Bb6	51	80	0
2654	321.843750	322.688802	Eb4	60	80	0
2655	321.858073	322.519531	Eb3	44	80	0
2656	321.859375	322.658854	Bb3	48	80	0
2657	321.864583	322.609375	G3	47	80	0
2658	321.884115	321.968750	F6	50	80	0
2659	322.126302	322.658854	D6	50	80	0
2660	322.388021	322.968750	F6	55	80	0
2661	322.632812	323.239583	Eb6	48	80	0
2662	322.897135	323.628906	D4	57	80	0
2663	322.910156	323.628906	G#3	46	80	0
2664	322.910156	323.658854	Bb3	47	80	0
2665	322.915365	323.609375	F3	42	80	0
2666	322.917969	323.128906	D6	53	80	0
2667	323.166667	323.529948	C6	55	80	0
2668	323.442708	323.750000	Eb6	57	80	0
2669	323.684896	324.809896	D6	53	80	0
2670	323.945312	324.239583	C7	58	80	0
2671	323.954427	325.878906	D4	54	80	0
2672	323.975260	325.848958	G#3	47	80	0
2673	323.977865	325.899740	Bb3	49	80	0
2674	323.983073	325.899740	F3	38	80	0
2675	324.218750	324.549479	A6	56	80	0
2676	324.493490	325.000000	C7	57	80	0
2677	324.743490	325.049479	Bb6	54	80	0
2678	325.000000	325.399740	Eb6	41	80	0
2679	325.256510	325.848958	C6	49	80	0
2680	325.555990	326.128906	Eb6	42	80	0
2681	325.820312	326.222656	D6	47	80	0
2682	326.173177	327.598958	Eb4	47	80	0
2683	326.173177	326.509115	F6	53	80	0
2684	326.174479	327.598958	G3	50	80	0
2685	326.174479	327.589844	Eb3	41	80	0
2686	326.175781	327.589844	Bb3	44	80	0
2687	326.446615	327.408854	D6	51	80	0
2688	326.779948	327.408854	F6	50	80	0
2689	327.255208	328.218750	Eb6	48	80	0
2690	328.243490	331.319010	F6	55	80	0
2691	328.252604	330.419271	Bb3	36	80	0
2692	328.253906	328.259115	F5	48	80	0
2693	328.257812	331.119792	C#3	33	80	0
2694	328.291667	331.239583	G5	37	80	0
2695	331.225260	331.489583	Eb6	51	80	0
2696	331.227865	331.500000	C3	29	80	0
2697	331.233073	331.385417	G#5	48	80	0
2698	331.233073	331.529948	G#4	41	80	0
2699	331.234375	331.628906	C4	30	80	0
2700	331.979167	335.049479	Eb5	52	80	0
2701	332.002604	334.968750	G#4	34	80	0
2702	332.003906	334.759115	C3	32	80	0
2703	332.005208	332.019531	C5	36	80	0
2704	332.006510	334.839844	C4	31	80	0
2705	334.868490	335.489583	C#5	46	80	0
2706	334.876302	335.250000	Bb4	41	80	0
2707	334.891927	335.201823	G3	34	80	0
2708	334.914062	335.199219	E3	29	80	0
2709	335.494792	338.179688	G3	26	80	0
2710	335.500000	338.429688	C#5	38	80	0
2711	335.503906	338.859375	Bb4	34	80	0
2712	335.531250	338.399740	E3	26	80	0
2713	335.536458	335.869792	E4	25	80	0
2714	338.846354	339.170573	G#3	31	80	0
2715	338.847656	339.259115	C5	36	80	0
2716	338.854167	339.259115	F3	29	80	0
2717	338.855469	339.250000	G#4	36	80	0
2718	338.863281	339.089844	F4	27	80	0
2719	339.527344	342.500000	C5	34	80	0
2720	339.532552	342.500000	G#3	27	80	0
2721	339.539062	342.500000	F3	32	80	0
2722	339.540365	340.579427	F4	28	80	0
2723	339.545573	342.500000	G#4	34	80	0
2724	343.904948	344.279948	Eb5	45	80	0
2725	343.953125	344.489583	Eb3	26	80	0
2726	343.954427	344.289062	G4	26	80	0
2727	343.954427	344.389323	Bb3	29	80	0
2728	343.957031	344.468750	Eb4	27	80	0
2729	344.626302	347.500000	Eb5	44	80	0
2730	344.644531	347.500000	Eb3	24	80	0
2731	344.644531	347.158854	Bb3	25	80	0
2732	344.644531	347.069010	G4	30	80	0
2733	347.467448	348.049479	G#4	37	80	0
2734	347.473958	348.449219	C4	31	80	0
2735	347.527344	348.658854	G#3	19	80	0
2736	347.819010	347.914062	Eb5	54	80	0
2737	347.962240	348.036458	C5	47	80	0
2738	348.084635	348.144531	Eb5	57	80	0
2739	348.184896	348.255208	G#5	57	80	0
2740	348.294271	348.352865	Eb5	62	80	0
2741	348.408854	348.519531	C5	50	80	0
2742	348.501302	348.554688	Eb5	67	80	0
2743	348.617188	348.665365	G#4	51	80	0
2744	348.717448	348.785156	Eb4	59	80	0
2745	348.824219	348.895833	C4	52	80	0
2746	348.966146	349.024740	Eb4	52	80	0
2747	349.067708	349.199219	G#3	59	80	0
2748	349.151042	349.205729	Eb3	50	80	0
2749	349.264323	349.338542	C3	57	80	0
2750	349.382812	349.454427	Eb3	46	80	0
2751	349.507812	349.574219	G#2	45	80	0
2752	349.613281	349.686198	Eb2	54	80	0
2753	349.772135	349.908854	C2	42	80	0
2754	349.777344	349.908854	G#2	40	80	0
2755	349.875000	349.966146	Eb2	53	80	0
2756	349.997396	350.105469	G#1	58	80	0
2757	350.135417	350.319010	C2	53	80	0
2758	350.264323	351.329427	Eb2	49	80	0
2759	350.343750	350.489583	G#2	60	80	0
2760	350.515625	350.779948	Bb2	57	80	0
2761	350.516927	350.769531	G2	54	80	0
2762	350.647135	350.735677	Eb3	61	80	0
2763	350.772135	350.861979	C#3	63	80	0
2764	350.902344	350.975260	Eb3	61	80	0
2765	351.002604	351.085938	G3	61	80	0
2766	351.118490	351.194010	Eb3	57	80	0
2767	351.252604	351.313802	C#3	51	80	0
2768	351.346354	351.428385	Eb3	50	80	0
2769	351.473958	351.539062	Bb2	53	80	0
2770	351.475260	352.119792	Eb2	47	80	0
2771	351.475260	351.848958	G3	60	80	0
2772	351.587240	351.662760	Eb4	69	80	0
2773	351.697917	351.776042	C#4	67	80	0
2774	351.815104	351.875000	Eb4	68	80	0
2775	351.928385	351.994792	G4	59	80	0
2776	352.037760	352.093750	Eb4	56	80	0
2777	352.161458	352.234375	C#4	60	80	0
2778	352.274740	352.321615	Eb4	66	80	0
2779	352.393229	353.098958	Eb2	46	80	0
2780	352.394531	352.979167	Bb2	48	80	0
2781	352.401042	352.496094	G4	53	80	0
2782	352.515625	352.583333	Eb5	71	80	0
2783	352.621094	352.695312	C#5	68	80	0
2784	352.713542	352.785156	Eb5	74	80	0
2785	352.842448	352.917969	G5	62	80	0
2786	352.950521	353.023438	Eb5	74	80	0
2787	353.057292	353.158854	C#5	63	80	0
2788	353.166667	353.217448	Eb5	68	80	0
2789	353.291667	354.139323	Eb2	52	80	0
2790	353.294271	353.938802	C2	51	80	0
2791	353.300781	353.417969	G#5	64	80	0
2792	353.415365	353.492188	Eb6	68	80	0
2793	353.533854	353.614583	C6	65	80	0
2794	353.647135	353.751302	Eb6	71	80	0
2795	353.776042	353.855469	G#6	73	80	0
2796	353.889323	353.954427	Eb6	65	80	0
2797	354.005208	354.065104	C6	59	80	0
2798	354.102865	354.166667	Eb6	72	80	0
2799	354.234375	354.300781	G#5	68	80	0
2800	354.343750	354.398438	Eb5	66	80	0
2801	354.475260	354.532552	C5	49	80	0
2802	354.580729	354.635417	Eb5	66	80	0
2803	354.682292	354.743490	G#4	63	80	0
2804	354.794271	354.868490	Eb4	63	80	0
2805	354.915365	354.964844	C4	53	80	0
2806	355.026042	355.084635	Eb4	59	80	0
2807	355.123698	355.194010	G#3	66	80	0
2808	355.250000	355.322917	Eb3	54	80	0
2809	355.371094	355.442708	C3	49	80	0
2810	355.486979	355.563802	Eb3	60	80	0
2811	355.606771	355.869792	G#2	58	80	0
2812	355.720052	355.949219	Eb3	49	80	0
2813	355.843750	355.959635	C3	49	80	0
2814	355.955729	356.119792	Eb3	51	80	0
2815	356.091146	356.449219	Bb2	53	80	0
2816	356.093750	356.729167	Eb2	54	80	0
2817	356.093750	356.319010	G2	54	80	0
2818	356.095052	356.299479	G1	53	80	0
2819	356.243490	356.359375	Eb3	50	80	0
2820	356.345052	356.489583	C#3	61	80	0
2821	356.466146	356.557292	Eb3	64	80	0
2822	356.567708	356.769531	Bb3	67	80	0
2823	356.695312	356.809896	Eb3	53	80	0
2824	356.812500	356.885417	C#3	60	80	0
2825	356.816406	356.919271	C#4	56	80	0
2826	356.901042	357.039062	Eb3	58	80	0
2827	357.045573	357.378906	G3	66	80	0
2828	357.052083	357.700521	Eb3	62	80	0
2829	357.054688	357.339844	G2	59	80	0
2830	357.087240	357.289062	Bb3	64	80	0
2831	357.184896	357.269531	Eb4	68	80	0
2832	357.305990	357.384115	C#4	70	80	0
2833	357.411458	357.473958	Eb4	61	80	0
2834	357.515625	357.658854	Bb4	62	80	0
2835	357.628906	357.687500	Eb4	64	80	0
2836	357.750000	357.813802	C#4	65	80	0
2837	357.839844	358.019531	Eb4	74	80	0
2838	357.947917	358.500000	G3	62	80	0
2839	357.949219	358.500000	G2	59	80	0
2840	358.106771	358.196615	Eb5	71	80	0
2841	358.217448	358.305990	C#5	69	80	0
2842	358.322917	358.410156	Eb5	70	80	0
2843	358.433594	358.511719	Bb5	74	80	0
2844	358.533854	358.611979	Eb5	71	80	0
2845	358.636719	358.714844	C#5	65	80	0
2846	358.734375	358.803385	Eb5	74	80	0
2847	358.834635	359.158854	Eb4	62	80	0
2848	358.834635	358.941406	C5	67	80	0
2849	358.845052	359.259115	G#3	62	80	0
2850	358.847656	359.199219	G#2	62	80	0
2851	358.848958	359.239583	Eb3	61	80	0
2852	358.957031	359.049479	Eb5	73	80	0
2853	359.070312	359.164062	C5	73	80	0
2854	359.183594	359.283854	Eb5	82	80	0
2855	359.312500	359.500000	C6	78	80	0
2856	359.424479	359.494792	Eb5	65	80	0
2857	359.527344	359.649740	C5	66	80	0
2858	359.643229	359.708333	Eb5	77	80	0
2859	359.755208	360.128906	F4	75	80	0
2860	359.755208	360.218750	G#3	67	80	0
2861	359.756510	359.855469	C#5	73	80	0
2862	359.757812	360.149740	F3	73	80	0
2863	359.872396	359.973958	G#5	69	80	0
2864	359.992188	360.082031	C#5	78	80	0
2865	360.096354	360.212240	G#5	83	80	0
2866	360.214844	360.321615	C#6	82	80	0
2867	360.325521	360.402344	G#5	65	80	0
2868	360.416667	360.514323	F5	75	80	0
2869	360.533854	360.634115	G#5	71	80	0
2870	360.660156	361.000000	C4	78	80	0
2871	360.665365	360.968750	C3	73	80	0
2872	360.675781	361.029948	G#3	76	80	0
2873	360.683594	360.804688	Eb5	86	80	0
2874	360.822917	360.930990	Eb6	77	80	0
2875	360.947917	361.036458	G#5	74	80	0
2876	361.039062	361.153646	Eb6	82	80	0
2877	361.171875	361.319010	C4	77	80	0
2878	361.174479	361.408854	G#3	90	80	0
2879	361.174479	361.266927	E5	83	80	0
2880	361.174479	361.348958	C3	72	80	0
2881	361.294271	361.393229	E6	80	80	0
2882	361.393229	361.514323	G#5	75	80	0
2883	361.516927	361.605469	E6	80	80	0
2884	361.615885	362.309896	G#3	81	80	0
2885	361.622396	362.119792	C#4	77	80	0
2886	361.625000	362.109375	C#3	72	80	0
2887	361.634115	361.705729	F5	80	80	0
2888	361.738281	361.878906	F6	80	80	0
2889	361.852865	361.924479	F5	81	80	0
2890	361.953125	362.229167	G#5	83	80	0
2891	362.093750	362.195312	F6	71	80	0
2892	362.210938	362.312500	C#6	80	80	0
2893	362.321615	362.411458	G#5	75	80	0
2894	362.416667	362.609375	C#6	87	80	0
2895	362.523438	362.908854	Bb3	84	80	0
2896	362.524740	362.819010	Bb2	78	80	0
2897	362.535156	362.979167	Eb3	72	80	0
2898	362.549479	362.779948	G5	66	80	0
2899	362.649740	362.752604	Eb6	83	80	0
2900	362.756510	362.877604	C#6	85	80	0
2901	362.863281	362.984375	Eb6	86	80	0
2902	362.993490	363.100260	G6	91	80	0
2903	363.102865	363.213542	Eb6	84	80	0
2904	363.204427	363.399740	C#6	79	80	0
2905	363.308594	363.559896	Eb6	76	80	0
2906	363.414062	363.799479	C4	83	80	0
2907	363.423177	363.729167	C3	85	80	0
2908	363.424479	363.789062	Eb3	77	80	0
2909	363.424479	363.718750	G5	72	80	0
2910	363.545573	363.691406	G6	92	80	0
2911	363.680990	363.805990	Eb6	86	80	0
2912	363.792969	363.921875	G6	96	80	0
2913	363.932292	364.299479	G#5	87	80	0
2914	363.933594	364.419271	C4	72	80	0
2915	363.944010	364.408854	Eb3	76	80	0
2916	364.059896	364.234375	G#6	92	80	0
2917	364.230469	364.419271	Eb6	82	80	0
2918	364.354167	364.468750	G#6	95	80	0
2919	364.934896	365.750000	G#3	49	80	0
2920	364.936198	367.429688	C#3	50	80	0
2921	365.035156	367.468750	F5	84	80	0
2922	365.657552	366.628906	A3	63	80	0
2923	366.272135	367.229167	Bb3	60	80	0
2924	366.593750	367.000000	Bb4	67	80	0
2925	366.859375	367.101562	C5	68	80	0
2926	366.893229	367.229167	C4	57	80	0
2927	367.111979	367.750000	C#5	72	80	0
2928	367.145833	367.968750	C#4	61	80	0
2929	367.375000	369.119792	Eb3	38	80	0
2930	367.425781	369.019531	G3	52	80	0
2931	367.433594	368.989583	Bb3	47	80	0
2932	367.457031	368.959635	G4	70	80	0
2933	368.174479	369.315104	Eb5	76	80	0
2934	368.861979	370.539062	Eb4	61	80	0
2935	368.863281	370.429688	C4	49	80	0
2936	369.214844	369.583333	C#5	70	80	0
2937	369.526042	370.438802	C5	73	80	0
2938	369.790365	370.299479	C6	76	80	0
2939	370.091146	370.429688	Bb5	83	80	0
2940	370.333333	370.644531	G5	76	80	0
2941	370.583333	370.891927	Bb5	80	80	0
2942	370.587240	370.915365	C4	63	80	0
2943	370.605469	370.938802	G#3	58	80	0
2944	370.618490	370.938802	C5	55	80	0
2945	370.835938	371.239583	G#5	75	80	0
2946	371.074219	371.089844	C6	73	80	0
2947	371.075521	371.709635	C4	74	80	0
2948	371.076823	371.679688	G#3	74	80	0
2949	371.079427	371.089844	G#4	72	80	0
2950	371.335938	371.606771	G#5	74	80	0
2951	371.580729	371.815104	Eb5	79	80	0
2952	371.825521	372.239583	E5	79	80	0
2953	371.829427	372.009115	G#3	65	80	0
2954	371.829427	371.989583	C4	58	80	0
2955	372.088542	372.432292	G#3	55	80	0
2956	372.123698	373.319010	C#3	50	80	0
2957	372.135417	372.729167	C4	63	80	0
2958	372.162760	374.408854	F5	73	80	0
2959	372.408854	372.707031	A3	64	80	0
2960	372.670573	372.944010	Bb3	80	80	0
2961	372.920573	373.283854	C4	76	80	0
2962	373.229167	373.763021	C#4	79	80	0
2963	373.514323	373.929688	Bb4	73	80	0
2964	373.519531	373.919271	C#3	54	80	0
2965	373.826823	374.085938	C5	75	80	0
2966	373.832031	374.095052	Eb3	56	80	0
2967	374.076823	374.468750	C#5	73	80	0
2968	374.083333	374.375000	F3	64	80	0
2969	374.325521	375.329427	G4	73	80	0
2970	374.332031	375.069010	Eb3	56	80	0
2971	374.554688	375.239583	Eb2	70	80	0
2972	374.848958	375.235677	F2	69	80	0
2973	374.882812	376.218750	Eb5	92	80	0
2974	375.196615	375.658854	G2	72	80	0
2975	375.666667	377.239583	C5	77	80	0
2976	375.674479	377.789062	Eb4	70	80	0
2977	375.674479	378.188802	G#2	66	80	0
2978	375.677083	376.829427	G#4	70	80	0
2979	375.680990	379.158854	G#1	67	80	0
2980	377.080729	379.089844	C#5	79	80	0
2981	377.093750	378.769531	G#4	66	80	0
2982	377.105469	378.309896	F1	51	80	0
2983	377.106771	378.329427	F2	53	80	0
2984	377.778646	378.899740	F4	70	80	0
2985	377.785156	379.199219	C#2	58	80	0
2986	378.442708	379.079427	G2	77	80	0
2987	378.446615	379.489583	Bb4	68	80	0
2988	379.154948	379.878906	C#5	80	80	0
2989	379.162760	379.979167	E4	75	80	0
2990	379.162760	379.779948	G4	69	80	0
2991	379.164062	379.519531	Bb2	71	80	0
2992	379.165365	380.009115	Bb1	68	80	0
2993	379.171875	380.158854	G#1	68	80	0
2994	380.143229	384.549479	C#5	92	80	0
2995	380.154948	384.419271	G4	77	80	0
2996	380.154948	383.069010	E4	80	80	0
2997	380.162760	383.539062	Bb2	72	80	0
2998	380.164062	381.079427	Bb1	72	80	0
2999	380.165365	383.979167	G#1	68	80	0
3000	382.264323	384.710938	Eb4	61	80	0
3001	384.509115	384.949219	C5	42	80	0
3002	384.519531	384.968750	G#4	32	80	0
3003	384.526042	384.889323	G#2	27	80	0
3004	384.531250	385.000000	G#1	27	80	0
3005	386.365885	386.927083	C5	32	80	0
3006	386.380208	386.949219	G#2	25	80	0
3007	386.381510	386.938802	G#4	30	80	0
3008	386.384115	386.929688	Eb4	24	80	0
3009	386.384115	386.949219	G#1	24	80	0
#SusPed	0.213542	70	0
#SusPed	0.339844	0	0
#SusPed	0.354167	81	0
#SusPed	3.179688	0	0
#SusPed	3.191406	72	0
#SusPed	3.279948	0	0
#SusPed	3.285156	78	0
#SusPed	3.609375	0	0
#SusPed	3.619792	101	0
#SusPed	3.789062	0	0
#SusPed	3.798177	78	0
#SusPed	4.750000	0	0
#SusPed	4.761719	69	0
#SusPed	5.059896	0	0
#SusPed	5.067708	72	0
#SusPed	6.049479	0	0
#SusPed	6.062500	67	0
#SusPed	6.679688	0	0
#SusPed	6.687500	70	0
#SusPed	7.889323	0	0
#SusPed	7.894531	59	0
#SusPed	8.109375	0	0
#SusPed	8.115885	74	0
#SofPed	8.845052	65	0
#SofPed	8.929688	0	0
#SofPed	8.937500	63	0
#SusPed	9.438802	0	0
#SusPed	9.453125	96	0
#SusPed	9.579427	0	0
#SusPed	9.587240	87	0
#SusPed	9.919271	0	0
#SusPed	9.930990	66	0
#SusPed	10.019531	0	0
#SusPed	10.031250	84	0
#SusPed	10.419271	0	0
#SusPed	10.425781	58	0
#SusPed	10.559896	0	0
#SusPed	10.567708	81	0
#SusPed	11.098958	0	0
#SusPed	11.105469	79	0
#SusPed	11.329427	0	0
#SusPed	11.343750	74	0
#SusPed	12.239583	0	0
#SofPed	12.239583	0	0
#SusPed	12.250000	93	0
#SofPed	12.253906	65	0
#SusPed	12.449219	0	0
#SusPed	12.462240	82	0
#SofPed	12.539062	0	0
#SofPed	12.553385	51	0
#SofPed	12.729167	0	0
#SofPed	12.742188	49	0
#SusPed	15.949219	0	0
#SusPed	15.963542	93	0
#SusPed	16.128906	0	0
#SusPed	16.135417	97	0
#SusPed	16.239583	0	0
#SusPed	16.253906	101	0
#SusPed	16.878906	0	0
#SusPed	16.885417	70	0
#SusPed	17.628906	0	0
#SusPed	17.635417	80	0
#SusPed	17.669271	0	0
#SusPed	17.674479	83	0
#SusPed	18.459635	0	0
#SusPed	18.472656	73	0
#SofPed	18.739583	0	0
#SusPed	18.750000	0	0
#SusPed	18.763021	62	0
#SusPed	18.809896	0	0
#SusPed	18.817708	75	0
#SofPed	19.679688	85	0
#SofPed	19.739583	0	0
#SofPed	19.748698	80	0
#SofPed	20.019531	0	0
#SofPed	20.024740	76	0
#SofPed	20.139323	0	0
#SofPed	20.144531	70	0
#SofPed	20.229167	0	0
#SofPed	20.236979	70	0
#SofPed	20.269531	0	0
#SofPed	20.282552	69	0
#SofPed	20.408854	0	0
#SofPed	20.420573	60	0
#SofPed	20.529948	0	0
#SofPed	20.536458	54	0
#SofPed	20.688802	0	0
#SofPed	20.696615	45	0
#SofPed	20.819010	0	0
#SofPed	20.830729	49	0
#SusPed	21.378906	0	0
#SusPed	21.386719	79	0
#SofPed	21.399740	0	0
#SofPed	21.406250	52	0
#SusPed	21.509115	0	0
#SusPed	21.516927	86	0
#SofPed	21.539062	0	0
#SofPed	21.549479	58	0
#SusPed	22.149740	0	0
#SusPed	22.161458	68	0
#SusPed	22.319010	0	0
#SusPed	22.325521	62	0
#SofPed	22.500000	0	0
#SusPed	23.359375	0	0
#SusPed	23.371094	67	0
#SusPed	23.529948	0	0
#SusPed	23.536458	71	0
#SusPed	25.750000	0	0
#SusPed	25.756510	81	0
#SusPed	29.000000	0	0
#SusPed	29.014323	66	0
#SusPed	32.419271	0	0
#SusPed	32.433594	72	0
#SusPed	32.589844	0	0
#SusPed	32.596354	92	0
#SusPed	32.848958	0	0
#SusPed	32.855469	101	0
#SusPed	35.959635	0	0
#SusPed	35.973958	74	0
#SusPed	36.128906	0	0
#SusPed	36.140625	63	0
#SusPed	38.019531	0	0
#SusPed	38.032552	66	0
#SusPed	38.158854	0	0
#SusPed	38.170573	76	0
#SusPed	38.569010	0	0
#SusPed	38.583333	74	0
#SusPed	39.329427	0	0
#SusPed	39.341146	63	0
#SusPed	39.479167	0	0
#SusPed	39.484375	69	0
#SusPed	40.438802	0	0
#SusPed	40.454427	66	0
#SusPed	40.559896	0	0
#SusPed	40.566406	67	0
#SusPed	42.239583	0	0
#SusPed	42.246094	70	0
#SusPed	42.929688	0	0
#SusPed	42.934896	44	0
#SusPed	43.089844	0	0
#SusPed	43.097656	71	0
#SusPed	45.329427	0	0
#SusPed	45.343750	81	0
#SusPed	45.899740	0	0
#SusPed	45.912760	76	0
#SusPed	46.049479	0	0
#SusPed	46.063802	62	0
#SusPed	46.829427	0	0
#SusPed	46.843750	68	0
#SusPed	47.000000	0	0
#SusPed	47.011719	67	0
#SusPed	47.309896	0	0
#SusPed	47.316406	85	0
#SusPed	47.549479	0	0
#SusPed	47.558594	91	0
#SusPed	47.789062	0	0
#SusPed	47.795573	68	0
#SusPed	47.929688	0	0
#SusPed	47.934896	84	0
#SusPed	48.679688	0	0
#SusPed	48.684896	59	0
#SusPed	48.839844	0	0
#SusPed	48.846354	82	0
#SusPed	49.259115	0	0
#SusPed	49.264323	58	0
#SusPed	49.389323	0	0
#SusPed	49.403646	74	0
#SusPed	50.938802	0	0
#SusPed	50.949219	63	0
#SusPed	51.098958	0	0
#SusPed	51.104167	74	0
#SusPed	51.419271	0	0
#SusPed	51.432292	70	0
#SusPed	51.569010	0	0
#SusPed	51.583333	84	0
#SusPed	51.769531	0	0
#SusPed	51.779948	89	0
#SusPed	51.878906	0	0
#SusPed	51.889323	95	0
#SusPed	52.329427	0	0
#SusPed	52.342448	76	0
#SusPed	52.529948	0	0
#SusPed	52.536458	79	0
#SusPed	53.259115	0	0
#SusPed	53.268229	57	0
#SusPed	53.408854	0	0
#SusPed	53.416667	77	0
#SusPed	53.718750	0	0
#SusPed	53.726562	83	0
#SusPed	53.899740	0	0
#SusPed	53.906250	91	0
#SusPed	54.149740	0	0
#SusPed	54.164062	70	0
#SusPed	54.289062	0	0
#SusPed	54.299479	87	0
#SusPed	54.669271	0	0
#SusPed	54.683594	63	0
#SusPed	54.829427	0	0
#SusPed	54.837240	82	0
#SusPed	55.549479	0	0
#SusPed	55.562500	53	0
#SusPed	55.908854	0	0
#SusPed	55.917969	78	0
#SusPed	56.039062	0	0
#SusPed	56.044271	103	0
#SusPed	56.339844	0	0
#SusPed	56.352865	62	0
#SusPed	56.408854	0	0
#SusPed	56.423177	77	0
#SusPed	56.809896	0	0
#SusPed	56.815104	64	0
#SusPed	56.929688	0	0
#SusPed	56.936198	96	0
#SusPed	57.269531	0	0
#SusPed	57.283854	75	0
#SusPed	57.369792	0	0
#SusPed	57.382812	74	0
#SusPed	57.759115	0	0
#SusPed	57.769531	71	0
#SusPed	57.878906	0	0
#SusPed	57.893229	96	0
#SusPed	58.179688	0	0
#SusPed	58.186198	73	0
#SusPed	58.319010	0	0
#SusPed	58.324219	88	0
#SusPed	58.639323	0	0
#SusPed	58.647135	80	0
#SusPed	58.750000	0	0
#SusPed	58.764323	79	0
#SusPed	59.098958	0	0
#SusPed	59.106771	78	0
#SusPed	59.209635	0	0
#SusPed	59.223958	102	0
#SusPed	59.509115	0	0
#SusPed	59.514323	73	0
#SusPed	59.628906	0	0
#SusPed	59.638021	106	0
#SusPed	59.949219	0	0
#SusPed	59.963542	79	0
#SusPed	60.079427	0	0
#SusPed	60.084635	112	0
#SusPed	60.500000	0	0
#SusPed	60.510417	101	0
#SusPed	60.859375	0	0
#SusPed	60.864583	68	0
#SusPed	60.959635	0	0
#SusPed	60.971354	109	0
#SusPed	61.319010	0	0
#SusPed	61.329427	104	0
#SusPed	61.750000	0	0
#SusPed	61.763021	77	0
#SusPed	61.869792	0	0
#SusPed	61.881510	94	0
#SusPed	62.158854	0	0
#SusPed	62.165365	64	0
#SusPed	62.259115	0	0
#SusPed	62.265625	110	0
#SusPed	62.609375	0	0
#SusPed	62.617188	78	0
#SusPed	62.739583	0	0
#SusPed	62.746094	107	0
#SusPed	63.259115	0	0
#SusPed	63.270833	54	0
#SusPed	63.348958	0	0
#SusPed	63.363281	92	0
#SusPed	63.750000	0	0
#SusPed	63.756510	65	0
#SusPed	63.859375	0	0
#SusPed	63.867188	102	0
#SusPed	64.179688	0	0
#SusPed	64.184896	76	0
#SusPed	64.289062	0	0
#SusPed	64.294271	100	0
#SusPed	64.639323	0	0
#SusPed	64.649740	87	0
#SusPed	64.789062	0	0
#SusPed	64.802083	83	0
#SusPed	66.009115	0	0
#SusPed	66.015625	69	0
#SusPed	66.319010	0	0
#SusPed	66.330729	58	0
#SusPed	67.519531	0	0
#SusPed	67.531250	58	0
#SusPed	67.929688	0	0
#SusPed	67.942708	56	0
#SusPed	68.329427	0	0
#SusPed	68.337240	68	0
#SusPed	68.709635	0	0
#SusPed	68.718750	62	0
#SusPed	69.829427	0	0
#SusPed	69.839844	51	0
#SusPed	70.019531	0	0
#SusPed	70.032552	61	0
#SusPed	70.239583	0	0
#SusPed	70.252604	81	0
#SusPed	70.628906	0	0
#SusPed	70.640625	71	0
#SusPed	71.089844	0	0
#SusPed	71.096354	58	0
#SusPed	71.509115	0	0
#SusPed	71.518229	67	0
#SusPed	71.799479	0	0
#SusPed	71.812500	65	0
#SusPed	71.959635	0	0
#SusPed	71.964844	67	0
#SusPed	72.119792	0	0
#SusPed	72.131510	60	0
#SusPed	72.339844	0	0
#SusPed	72.354167	69	0
#SusPed	72.429688	0	0
#SusPed	72.444010	67	0
#SusPed	72.569010	0	0
#SusPed	72.578125	65	0
#SusPed	72.908854	0	0
#SusPed	72.924479	72	0
#SusPed	73.069010	0	0
#SusPed	73.076823	56	0
#SusPed	73.449219	0	0
#SusPed	73.459635	51	0
#SusPed	73.750000	0	0
#SusPed	73.759115	60	0
#SusPed	73.859375	0	0
#SusPed	73.864583	64	0
#SusPed	74.109375	0	0
#SusPed	74.122396	60	0
#SusPed	74.339844	0	0
#SusPed	74.347656	50	0
#SusPed	74.559896	0	0
#SusPed	74.567708	51	0
#SusPed	74.649740	0	0
#SusPed	74.664062	51	0
#SusPed	74.899740	0	0
#SusPed	74.914062	55	0
#SusPed	75.309896	0	0
#SusPed	75.317708	57	0
#SusPed	75.549479	0	0
#SusPed	75.557292	48	0
#SusPed	76.128906	0	0
#SusPed	76.135417	45	0
#SusPed	76.329427	0	0
#SusPed	76.341146	62	0
#SusPed	76.489583	0	0
#SusPed	76.494792	63	0
#SusPed	76.729167	0	0
#SusPed	76.740885	57	0
#SusPed	77.039062	0	0
#SusPed	77.046875	53	0
#SusPed	77.339844	0	0
#SusPed	77.354167	64	0
#SusPed	77.709635	0	0
#SusPed	77.723958	52	0
#SusPed	78.289062	0	0
#SusPed	78.302083	51	0
#SusPed	78.639323	0	0
#SusPed	78.651042	64	0
#SusPed	78.968750	0	0
#SusPed	78.983073	61	0
#SusPed	79.169271	0	0
#SusPed	79.182292	59	0
#SusPed	79.259115	0	0
#SusPed	79.272135	63	0
#SusPed	79.658854	0	0
#SusPed	79.674479	53	0
#SusPed	80.188802	0	0
#SusPed	80.204427	52	0
#SusPed	80.729167	0	0
#SusPed	80.736979	72	0
#SusPed	81.669271	0	0
#SusPed	81.678385	64	0
#SusPed	82.000000	0	0
#SusPed	82.006510	69	0
#SofPed	82.296875	86	0
#SusPed	83.319010	0	0
#SusPed	83.329427	85	0
#SusPed	83.609375	0	0
#SusPed	83.617188	68	0
#SusPed	83.759115	0	0
#SusPed	83.764323	94	0
#SusPed	83.809896	0	0
#SusPed	83.824219	100	0
#SusPed	84.239583	0	0
#SusPed	84.246094	66	0
#SusPed	84.438802	0	0
#SusPed	84.453125	75	0
#SusPed	85.250000	0	0
#SusPed	85.257812	75	0
#SusPed	85.378906	0	0
#SusPed	85.391927	77	0
#SusPed	86.408854	0	0
#SusPed	86.414062	59	0
#SusPed	86.509115	0	0
#SusPed	86.519531	86	0
#SusPed	87.549479	0	0
#SusPed	87.554688	83	0
#SusPed	87.658854	0	0
#SusPed	87.666667	98	0
#SofPed	87.899740	0	0
#SusPed	88.779948	0	0
#SusPed	88.787760	101	0
#SusPed	89.169271	0	0
#SusPed	89.180990	97	0
#SusPed	89.799479	0	0
#SusPed	89.807292	56	0
#SusPed	89.878906	0	0
#SusPed	89.893229	102	0
#SusPed	91.218750	0	0
#SusPed	91.225260	80	0
#SusPed	91.859375	0	0
#SusPed	91.872396	107	0
#SusPed	91.919271	0	0
#SusPed	91.930990	107	0
#SusPed	92.229167	0	0
#SusPed	92.234375	75	0
#SusPed	94.848958	0	0
#SusPed	94.863281	69	0
#SusPed	95.169271	0	0
#SusPed	95.369792	95	0
#SusPed	96.569010	0	0
#SusPed	96.582031	76	0
#SusPed	96.709635	0	0
#SusPed	96.716146	83	0
#SusPed	96.919271	0	0
#SusPed	96.925781	83	0
#SusPed	97.009115	0	0
#SusPed	97.023438	82	0
#SusPed	97.408854	0	0
#SusPed	97.415365	77	0
#SusPed	97.509115	0	0
#SusPed	97.523438	87	0
#SusPed	97.739583	0	0
#SusPed	97.753906	65	0
#SusPed	97.848958	0	0
#SusPed	97.854167	92	0
#SusPed	98.009115	0	0
#SusPed	98.019531	82	0
#SusPed	98.218750	0	0
#SusPed	98.233073	107	0
#SusPed	98.348958	0	0
#SusPed	98.360677	90	0
#SusPed	98.529948	0	0
#SusPed	98.540365	61	0
#SusPed	98.649740	0	0
#SusPed	98.657552	109	0
#SusPed	98.848958	0	0
#SusPed	98.854167	75	0
#SusPed	99.179688	0	0
#SusPed	99.187500	77	0
#SusPed	99.348958	0	0
#SusPed	99.355469	81	0
#SusPed	99.679688	0	0
#SusPed	99.686198	85	0
#SusPed	99.819010	0	0
#SusPed	99.829427	79	0
#SusPed	100.688802	0	0
#SusPed	100.699219	65	0
#SusPed	100.789062	0	0
#SusPed	100.794271	95	0
#SusPed	101.019531	0	0
#SusPed	101.028646	68	0
#SusPed	101.119792	0	0
#SusPed	101.132812	104	0
#SusPed	101.479167	0	0
#SusPed	101.485677	81	0
#SusPed	101.598958	0	0
#SusPed	101.606771	108	0
#SusPed	101.839844	0	0
#SusPed	101.852865	95	0
#SusPed	102.009115	0	0
#SusPed	102.023438	71	0
#SusPed	102.098958	0	0
#SusPed	102.105469	79	0
#SusPed	102.449219	0	0
#SusPed	102.455729	73	0
#SusPed	102.639323	0	0
#SusPed	102.652344	76	0
#SusPed	103.128906	0	0
#SusPed	103.139323	70	0
#SusPed	104.029948	0	0
#SusPed	104.036458	73	0
#SusPed	104.149740	0	0
#SusPed	104.164062	89	0
#SusPed	104.669271	0	0
#SusPed	104.675781	89	0
#SusPed	105.109375	0	0
#SusPed	105.118490	63	0
#SusPed	105.158854	0	0
#SusPed	105.165365	51	0
#SusPed	105.369792	0	0
#SusPed	105.381510	87	0
#SusPed	105.519531	0	0
#SusPed	105.524740	100	0
#SusPed	105.848958	0	0
#SusPed	105.864583	83	0
#SusPed	106.199219	0	0
#SusPed	106.205729	55	0
#SusPed	106.579427	0	0
#SusPed	106.585938	62	0
#SusPed	106.699219	0	0
#SusPed	107.731771	72	0
#SusPed	107.819010	0	0
#SusPed	107.833333	36	0
#SusPed	107.949219	0	0
#SusPed	107.955729	71	0
#SusPed	108.139323	0	0
#SusPed	108.144531	50	0
#SusPed	108.669271	0	0
#SusPed	108.679688	77	0
#SusPed	108.878906	0	0
#SusPed	108.886719	54	0
#SusPed	109.188802	0	0
#SusPed	109.203125	72	0
#SusPed	109.968750	0	0
#SusPed	109.975260	63	0
#SusPed	110.378906	0	0
#SusPed	110.389323	67	0
#SusPed	111.029948	0	0
#SusPed	111.035156	65	0
#SusPed	111.199219	0	0
#SusPed	111.213542	76	0
#SofPed	111.221354	96	0
#SusPed	111.619792	0	0
#SusPed	111.626302	70	0
#SusPed	111.739583	0	0
#SusPed	111.744792	75	0
#SusPed	111.929688	0	0
#SusPed	111.944010	84	0
#SusPed	112.089844	0	0
#SusPed	112.100260	97	0
#SusPed	112.509115	0	0
#SusPed	112.520833	67	0
#SusPed	112.688802	0	0
#SusPed	112.700521	72	0
#SofPed	113.019531	0	0
#SofPed	113.033854	38	0
#SusPed	113.069010	0	0
#SofPed	113.079427	0	0
#SusPed	113.083333	55	0
#SofPed	113.091146	34	0
#SofPed	113.218750	0	0
#SofPed	113.234375	43	0
#SofPed	113.289062	0	0
#SofPed	113.302083	43	0
#SofPed	113.438802	0	0
#SofPed	113.454427	40	0
#SusPed	113.500000	0	0
#SusPed	113.514323	80	0
#SofPed	113.549479	0	0
#SofPed	113.554688	49	0
#SofPed	113.628906	0	0
#SofPed	113.643229	55	0
#SusPed	113.789062	0	0
#SofPed	113.789062	0	0
#SofPed	113.796875	56	0
#SusPed	113.796875	50	0
#SofPed	113.869792	0	0
#SofPed	113.875000	64	0
#SusPed	113.899740	0	0
#SusPed	113.907552	45	0
#SusPed	113.968750	0	0
#SusPed	113.983073	47	0
#SusPed	114.179688	0	0
#SusPed	114.187500	42	0
#SusPed	114.269531	0	0
#SusPed	114.276042	57	0
#SusPed	114.438802	0	0
#SusPed	114.447917	61	0
#SusPed	114.549479	0	0
#SusPed	114.554688	41	0
#SusPed	114.789062	0	0
#SusPed	114.796875	67	0
#SofPed	115.000000	0	0
#SofPed	115.009115	61	0
#SusPed	115.149740	0	0
#SusPed	115.164062	64	0
#SofPed	115.169271	0	0
#SofPed	115.183594	71	0
#SusPed	115.378906	0	0
#SusPed	115.389323	64	0
#SusPed	115.679688	0	0
#SusPed	115.688802	70	0
#SofPed	115.688802	0	0
#SofPed	115.703125	71	0
#SusPed	115.959635	0	0
#SusPed	115.964844	74	0
#SofPed	116.158854	0	0
#SofPed	116.173177	51	0
#SofPed	116.259115	0	0
#SofPed	116.264323	50	0
#SusPed	116.279948	0	0
#SusPed	116.290365	82	0
#SofPed	116.329427	0	0
#SofPed	116.338542	52	0
#SofPed	116.389323	0	0
#SofPed	116.403646	53	0
#SofPed	116.519531	0	0
#SofPed	116.526042	60	0
#SusPed	116.589844	0	0
#SusPed	116.597656	79	0
#SofPed	116.639323	0	0
#SofPed	116.645833	57	0
#SofPed	116.759115	0	0
#SofPed	116.768229	62	0
#SusPed	116.979167	0	0
#SusPed	116.985677	62	0
#SofPed	117.019531	0	0
#SofPed	117.031250	76	0
#SusPed	117.218750	0	0
#SofPed	117.218750	0	0
#SusPed	117.229167	60	0
#SofPed	117.230469	80	0
#SusPed	117.378906	0	0
#SofPed	117.378906	0	0
#SusPed	117.385417	49	0
#SofPed	117.394531	81	0
#SofPed	117.479167	0	0
#SofPed	117.484375	79	0
#SusPed	117.489583	0	0
#SusPed	117.503906	54	0
#SofPed	117.759115	0	0
#SofPed	117.773438	84	0
#SusPed	117.789062	0	0
#SusPed	117.796875	49	0
#SofPed	118.149740	0	0
#SofPed	118.157552	88	0
#SusPed	118.218750	0	0
#SusPed	118.225260	59	0
#SofPed	118.309896	0	0
#SofPed	118.315104	84	0
#SusPed	118.819010	0	0
#SusPed	118.833333	78	0
#SusPed	118.859375	0	0
#SusPed	118.865885	77	0
#SusPed	119.059896	0	0
#SusPed	119.065104	58	0
#SusPed	119.329427	0	0
#SusPed	119.342448	56	0
#SusPed	119.549479	0	0
#SusPed	119.561198	47	0
#SusPed	119.789062	0	0
#SusPed	119.799479	53	0
#SusPed	120.009115	0	0
#SusPed	120.018229	59	0
#SusPed	120.438802	0	0
#SusPed	120.449219	76	0
#SusPed	120.489583	0	0
#SusPed	120.494792	87	0
#SusPed	120.869792	0	0
#SusPed	120.882812	79	0
#SusPed	121.109375	0	0
#SusPed	121.121094	34	0
#SofPed	121.438802	0	0
#SofPed	121.446615	99	0
#SusPed	121.459635	0	0
#SusPed	121.466146	71	0
#SusPed	121.959635	0	0
#SusPed	121.967448	65	0
#SusPed	122.218750	0	0
#SusPed	122.225260	71	0
#SofPed	122.559896	0	0
#SofPed	122.574219	66	0
#SofPed	122.718750	0	0
#SofPed	122.727865	70	0
#SofPed	122.938802	0	0
#SofPed	122.944010	83	0
#SusPed	123.049479	0	0
#SusPed	123.055990	65	0
#SofPed	123.188802	0	0
#SofPed	123.195312	70	0
#SofPed	123.329427	0	0
#SofPed	123.337240	70	0
#SusPed	123.369792	0	0
#SusPed	123.378906	52	0
#SofPed	123.408854	0	0
#SofPed	123.416667	70	0
#SofPed	123.549479	0	0
#SofPed	123.563802	69	0
#SofPed	123.679688	0	0
#SofPed	123.684896	72	0
#SofPed	123.799479	0	0
#SofPed	123.812500	71	0
#SofPed	123.859375	0	0
#SofPed	123.873698	69	0
#SofPed	124.009115	0	0
#SofPed	124.020833	63	0
#SusPed	124.688802	0	0
#SusPed	124.695312	45	0
#SusPed	125.149740	0	0
#SusPed	125.156250	62	0
#SusPed	125.239583	0	0
#SusPed	125.244792	64	0
#SusPed	125.908854	0	0
#SusPed	125.915365	50	0
#SusPed	126.179688	0	0
#SusPed	126.188802	65	0
#SusPed	127.009115	0	0
#SusPed	127.014323	67	0
#SusPed	127.389323	0	0
#SusPed	127.398438	67	0
#SofPed	127.500000	0	0
#SusPed	128.029948	0	0
#SusPed	128.042969	83	0
#SusPed	128.179688	0	0
#SusPed	128.186198	54	0
#SusPed	128.589844	0	0
#SusPed	128.604167	76	0
#SusPed	129.359375	0	0
#SusPed	129.365885	86	0
#SusPed	129.569010	0	0
#SusPed	129.582031	73	0
#SusPed	132.019531	0	0
#SusPed	132.028646	71	0
#SusPed	132.529948	0	0
#SusPed	132.542969	83	0
#SusPed	133.169271	0	0
#SusPed	133.177083	75	0
#SusPed	133.408854	0	0
#SusPed	133.420573	70	0
#SusPed	135.809896	0	0
#SusPed	135.824219	65	0
#SusPed	135.919271	0	0
#SusPed	135.928385	84	0
#SusPed	139.049479	0	0
#SusPed	139.057292	71	0
#SusPed	139.199219	0	0
#SusPed	139.212240	77	0
#SusPed	142.079427	0	0
#SusPed	142.085938	65	0
#SusPed	142.218750	0	0
#SusPed	142.233073	83	0
#SusPed	144.769531	0	0
#SusPed	144.783854	80	0
#SusPed	145.039062	0	0
#SusPed	145.053385	79	0
#SusPed	146.009115	0	0
#SusPed	146.023438	69	0
#SusPed	147.908854	0	0
#SusPed	147.914062	56	0
#SusPed	148.419271	0	0
#SusPed	148.428385	50	0
#SusPed	148.479167	0	0
#SusPed	148.485677	49	0
#SusPed	148.929688	0	0
#SusPed	148.941406	56	0
#SusPed	149.199219	0	0
#SusPed	149.212240	52	0
#SusPed	149.259115	0	0
#SusPed	149.266927	53	0
#SusPed	149.718750	0	0
#SusPed	149.725260	59	0
#SusPed	150.059896	0	0
#SusPed	150.065104	73	0
#SusPed	150.658854	0	0
#SusPed	150.665365	51	0
#SusPed	150.919271	0	0
#SusPed	150.927083	65	0
#SusPed	150.979167	0	0
#SusPed	150.985677	68	0
#SusPed	151.459635	0	0
#SusPed	151.467448	71	0
#SusPed	151.859375	0	0
#SusPed	151.865885	58	0
#SusPed	152.359375	0	0
#SusPed	152.373698	45	0
#SusPed	152.459635	0	0
#SusPed	152.472656	53	0
#SusPed	152.569010	0	0
#SusPed	152.583333	50	0
#SusPed	152.729167	0	0
#SusPed	152.743490	56	0
#SusPed	152.809896	0	0
#SusPed	152.824219	58	0
#SusPed	152.938802	0	0
#SusPed	152.949219	60	0
#SusPed	153.269531	0	0
#SusPed	153.281250	50	0
#SusPed	153.408854	0	0
#SusPed	153.415365	50	0
#SusPed	153.718750	0	0
#SusPed	153.734375	46	0
#SusPed	153.959635	0	0
#SusPed	153.972656	48	0
#SusPed	154.319010	0	0
#SusPed	154.326823	50	0
#SusPed	154.628906	0	0
#SusPed	154.634115	60	0
#SusPed	154.809896	0	0
#SusPed	154.822917	64	0
#SusPed	155.309896	0	0
#SusPed	155.316406	61	0
#SusPed	155.489583	0	0
#SusPed	155.501302	74	0
#SusPed	156.158854	0	0
#SusPed	156.173177	77	0
#SusPed	156.289062	0	0
#SusPed	156.295573	57	0
#SusPed	156.378906	0	0
#SusPed	156.385417	50	0
#SusPed	156.429688	0	0
#SusPed	156.436198	48	0
#SusPed	156.598958	0	0
#SusPed	156.606771	56	0
#SusPed	157.199219	0	0
#SusPed	157.210938	55	0
#SusPed	157.529948	0	0
#SusPed	157.540365	87	0
#SusPed	158.109375	0	0
#SusPed	158.118490	69	0
#SusPed	158.309896	0	0
#SusPed	158.315104	73	0
#SusPed	158.479167	0	0
#SusPed	158.492188	73	0
#SusPed	158.979167	0	0
#SusPed	158.985677	53	0
#SusPed	159.139323	0	0
#SusPed	159.152344	58	0
#SusPed	159.509115	0	0
#SusPed	159.518229	81	0
#SusPed	159.929688	0	0
#SusPed	159.941406	78	0
#SofPed	160.253906	51	0
#SofPed	160.399740	0	0
#SofPed	160.404948	52	0
#SusPed	160.408854	0	0
#SusPed	160.421875	46	0
#SofPed	160.539062	0	0
#SofPed	160.545573	42	0
#SusPed	160.549479	0	0
#SusPed	160.557292	73	0
#SusPed	160.878906	0	0
#SusPed	160.888021	86	0
#SusPed	161.179688	0	0
#SusPed	161.190104	53	0
#SusPed	161.339844	0	0
#SusPed	161.346354	74	0
#SofPed	161.408854	0	0
#SusPed	161.848958	0	0
#SusPed	161.855469	47	0
#SusPed	162.699219	0	0
#SusPed	162.710938	83	0
#SusPed	162.839844	0	0
#SusPed	162.854167	80	0
#SusPed	162.938802	0	0
#SusPed	162.953125	76	0
#SusPed	163.319010	0	0
#SusPed	163.324219	50	0
#SusPed	163.569010	0	0
#SusPed	163.574219	50	0
#SusPed	163.878906	0	0
#SusPed	163.893229	75	0
#SusPed	163.959635	0	0
#SusPed	163.973958	76	0
#SusPed	164.549479	0	0
#SusPed	164.559896	63	0
#SusPed	164.769531	0	0
#SusPed	164.782552	74	0
#SusPed	165.559896	0	0
#SusPed	165.574219	67	0
#SusPed	166.059896	0	0
#SusPed	166.071615	72	0
#SusPed	166.429688	0	0
#SusPed	166.436198	66	0
#SusPed	166.628906	0	0
#SusPed	166.640625	62	0
#SusPed	167.079427	0	0
#SusPed	167.089844	76	0
#SusPed	167.369792	0	0
#SusPed	167.375000	62	0
#SusPed	167.658854	0	0
#SusPed	167.674479	64	0
#SusPed	168.128906	0	0
#SusPed	168.135417	59	0
#SusPed	168.559896	0	0
#SusPed	168.570312	56	0
#SusPed	168.699219	0	0
#SusPed	168.713542	54	0
#SusPed	169.169271	0	0
#SusPed	169.179688	55	0
#SusPed	169.259115	0	0
#SusPed	169.273438	60	0
#SusPed	169.579427	0	0
#SusPed	169.588542	61	0
#SusPed	169.709635	0	0
#SusPed	169.716146	61	0
#SusPed	169.949219	0	0
#SusPed	169.958333	59	0
#SusPed	170.348958	0	0
#SusPed	170.359375	54	0
#SusPed	170.579427	0	0
#SusPed	170.584635	55	0
#SusPed	170.889323	0	0
#SusPed	170.894531	51	0
#SusPed	171.049479	0	0
#SusPed	171.063802	56	0
#SusPed	171.128906	0	0
#SusPed	171.143229	61	0
#SusPed	171.468750	0	0
#SusPed	171.483073	54	0
#SusPed	171.559896	0	0
#SusPed	171.574219	53	0
#SusPed	171.709635	0	0
#SusPed	171.723958	50	0
#SusPed	172.188802	0	0
#SusPed	172.204427	62	0
#SusPed	172.250000	0	0
#SusPed	172.263021	64	0
#SusPed	172.619792	0	0
#SusPed	172.625000	62	0
#SusPed	172.938802	0	0
#SusPed	172.950521	63	0
#SusPed	173.199219	0	0
#SusPed	173.213542	71	0
#SusPed	173.239583	0	0
#SusPed	173.252604	71	0
#SusPed	173.279948	0	0
#SusPed	173.286458	71	0
#SusPed	173.479167	0	0
#SusPed	173.488281	57	0
#SusPed	174.059896	0	0
#SusPed	174.066406	57	0
#SusPed	174.158854	0	0
#SusPed	174.166667	64	0
#SusPed	174.408854	0	0
#SusPed	174.421875	51	0
#SusPed	174.639323	0	0
#SusPed	174.644531	49	0
#SusPed	174.959635	0	0
#SusPed	174.973958	54	0
#SusPed	175.128906	0	0
#SusPed	175.135417	49	0
#SusPed	175.389323	0	0
#SusPed	175.394531	55	0
#SusPed	175.759115	0	0
#SusPed	175.764323	61	0
#SusPed	175.878906	0	0
#SusPed	175.885417	58	0
#SusPed	175.979167	0	0
#SusPed	175.994792	56	0
#SusPed	176.378906	0	0
#SusPed	176.390625	54	0
#SusPed	176.438802	0	0
#SusPed	176.453125	55	0
#SusPed	176.688802	0	0
#SusPed	176.696615	48	0
#SusPed	176.829427	0	0
#SusPed	176.834635	59	0
#SusPed	177.149740	0	0
#SusPed	177.154948	69	0
#SusPed	177.339844	0	0
#SusPed	177.351562	51	0
#SusPed	177.489583	0	0
#SusPed	177.503906	66	0
#SusPed	178.098958	0	0
#SusPed	178.113281	79	0
#SusPed	178.429688	0	0
#SusPed	178.434896	68	0
#SusPed	179.039062	0	0
#SusPed	179.046875	60	0
#SusPed	179.509115	0	0
#SusPed	179.523438	85	0
#SusPed	180.188802	0	0
#SusPed	180.199219	70	0
#SusPed	180.329427	0	0
#SusPed	180.339844	64	0
#SusPed	180.569010	0	0
#SusPed	180.582031	71	0
#SusPed	180.718750	0	0
#SusPed	180.727865	78	0
#SofPed	180.790365	41	0
#SofPed	180.869792	0	0
#SofPed	180.875000	40	0
#SofPed	181.079427	0	0
#SofPed	181.088542	33	0
#SusPed	181.109375	0	0
#SusPed	181.123698	87	0
#SusPed	181.339844	0	0
#SusPed	181.351562	79	0
#SofPed	181.500000	0	0
#SofPed	181.510417	29	0
#SofPed	181.819010	0	0
#SusPed	182.009115	0	0
#SusPed	182.023438	70	0
#SusPed	182.359375	0	0
#SusPed	182.368490	98	0
#SusPed	182.579427	0	0
#SusPed	182.593750	92	0
#SusPed	182.709635	0	0
#SusPed	182.722656	71	0
#SusPed	182.919271	0	0
#SusPed	182.925781	107	0
#SusPed	183.000000	0	0
#SusPed	183.005208	95	0
#SusPed	183.979167	0	0
#SusPed	183.985677	69	0
#SusPed	184.139323	0	0
#SusPed	184.148438	87	0
#SusPed	185.779948	0	0
#SusPed	185.789062	78	0
#SusPed	186.709635	0	0
#SusPed	186.714844	81	0
#SusPed	186.839844	0	0
#SusPed	186.850260	68	0
#SusPed	188.139323	0	0
#SusPed	188.145833	61	0
#SusPed	188.239583	0	0
#SusPed	188.253906	78	0
#SusPed	188.989583	0	0
#SusPed	188.994792	67	0
#SusPed	189.109375	0	0
#SusPed	189.114583	96	0
#SusPed	189.479167	0	0
#SusPed	189.493490	64	0
#SusPed	189.598958	0	0
#SusPed	189.604167	95	0
#SusPed	189.908854	0	0
#SusPed	189.915365	63	0
#SusPed	190.000000	0	0
#SusPed	190.007812	77	0
#SusPed	190.309896	0	0
#SusPed	190.316406	61	0
#SusPed	190.399740	0	0
#SusPed	190.411458	90	0
#SofPed	190.473958	47	0
#SusPed	190.579427	0	0
#SusPed	190.589844	112	0
#SusPed	190.799479	0	0
#SusPed	190.804688	68	0
#SusPed	190.859375	0	0
#SusPed	190.871094	84	0
#SusPed	191.269531	0	0
#SusPed	191.282552	76	0
#SusPed	191.649740	0	0
#SusPed	191.662760	91	0
#SofPed	191.789062	0	0
#SusPed	191.809896	0	0
#SusPed	191.820312	102	0
#SusPed	192.250000	0	0
#SusPed	192.263021	101	0
#SusPed	192.378906	0	0
#SusPed	192.385417	68	0
#SusPed	192.609375	0	0
#SusPed	192.615885	86	0
#SusPed	194.079427	0	0
#SusPed	194.092448	78	0
#SusPed	194.378906	0	0
#SusPed	194.393229	96	0
#SusPed	194.509115	0	0
#SusPed	194.524740	82	0
#SusPed	195.319010	0	0
#SusPed	195.329427	85	0
#SusPed	195.468750	0	0
#SusPed	195.476562	81	0
#SusPed	196.128906	0	0
#SusPed	196.144531	101	0
#SusPed	196.339844	0	0
#SusPed	196.345052	90	0
#SusPed	196.559896	0	0
#SusPed	196.572917	100	0
#SusPed	197.009115	0	0
#SusPed	197.022135	98	0
#SusPed	197.098958	0	0
#SusPed	197.104167	100	0
#SusPed	197.139323	0	0
#SusPed	197.145833	99	0
#SusPed	197.848958	0	0
#SusPed	197.861979	89	0
#SusPed	198.109375	0	0
#SusPed	198.114583	87	0
#SusPed	199.079427	0	0
#SusPed	199.092448	68	0
#SusPed	199.209635	0	0
#SusPed	199.222656	78	0
#SusPed	200.259115	0	0
#SusPed	200.270833	86	0
#SusPed	200.359375	0	0
#SusPed	200.365885	52	0
#SusPed	200.489583	0	0
#SusPed	200.494792	91	0
#SofPed	200.588542	44	0
#SofPed	200.669271	0	0
#SofPed	200.682292	49	0
#SofPed	200.769531	0	0
#SofPed	200.774740	56	0
#SofPed	200.959635	0	0
#SofPed	200.968750	59	0
#SofPed	201.128906	0	0
#SofPed	201.136719	57	0
#SofPed	201.209635	0	0
#SofPed	201.216146	63	0
#SusPed	201.529948	0	0
#SusPed	201.535156	76	0
#SofPed	201.729167	0	0
#SofPed	201.739583	99	0
#SusPed	201.929688	0	0
#SusPed	201.944010	82	0
#SofPed	201.949219	0	0
#SofPed	201.962240	96	0
#SusPed	204.019531	0	0
#SusPed	204.032552	71	0
#SofPed	204.119792	0	0
#SofPed	204.127604	61	0
#SusPed	204.149740	0	0
#SofPed	204.158854	0	0
#SusPed	204.162760	87	0
#SofPed	204.173177	60	0
#SofPed	204.218750	0	0
#SofPed	204.233073	57	0
#SofPed	204.619792	0	0
#SofPed	204.634115	60	0
#SofPed	204.729167	0	0
#SofPed	204.742188	61	0
#SusPed	205.169271	0	0
#SusPed	205.180990	76	0
#SusPed	205.408854	0	0
#SusPed	205.416667	73	0
#SusPed	206.369792	0	0
#SusPed	206.384115	79	0
#SusPed	206.509115	0	0
#SusPed	206.518229	63	0
#SusPed	208.509115	0	0
#SusPed	208.524740	70	0
#SusPed	208.679688	0	0
#SusPed	208.684896	71	0
#SofPed	209.869792	0	0
#SofPed	209.877604	64	0
#SofPed	209.979167	0	0
#SofPed	209.990885	65	0
#SofPed	210.149740	0	0
#SofPed	210.162760	61	0
#SusPed	211.750000	0	0
#SusPed	211.755208	68	0
#SusPed	211.899740	0	0
#SusPed	211.906250	60	0
#SofPed	212.039062	0	0
#SofPed	212.046875	69	0
#SofPed	212.188802	0	0
#SofPed	212.195312	56	0
#SusPed	212.709635	0	0
#SusPed	212.714844	93	0
#SofPed	213.089844	0	0
#SofPed	213.097656	39	0
#SofPed	213.339844	0	0
#SofPed	213.346354	31	0
#SofPed	213.500000	0	0
#SofPed	213.505208	31	0
#SofPed	213.729167	0	0
#SofPed	213.734375	39	0
#SofPed	213.789062	0	0
#SofPed	213.794271	41	0
#SofPed	214.009115	0	0
#SofPed	214.023438	38	0
#SusPed	214.389323	0	0
#SusPed	214.399740	75	0
#SofPed	214.529948	0	0
#SofPed	214.535156	42	0
#SofPed	214.769531	0	0
#SofPed	214.783854	51	0
#SofPed	215.069010	0	0
#SofPed	215.082031	64	0
#SusPed	215.209635	0	0
#SofPed	215.218750	0	0
#SusPed	215.222656	57	0
#SofPed	215.230469	62	0
#SofPed	215.309896	0	0
#SofPed	215.320312	57	0
#SusPed	215.378906	0	0
#SusPed	215.386719	84	0
#SofPed	215.479167	0	0
#SofPed	215.492188	55	0
#SofPed	215.889323	0	0
#SofPed	215.902344	40	0
#SofPed	216.069010	0	0
#SofPed	216.083333	44	0
#SofPed	216.329427	0	0
#SofPed	216.338542	52	0
#SofPed	216.729167	0	0
#SofPed	216.743490	35	0
#SofPed	217.309896	0	0
#SofPed	217.316406	31	0
#SusPed	218.989583	0	0
#SusPed	218.997396	81	0
#SusPed	219.179688	0	0
#SusPed	219.192708	80	0
#SofPed	222.500000	0	0
#SusPed	223.269531	0	0
#SusPed	223.274740	68	0
#SusPed	224.598958	0	0
#SusPed	224.614583	86	0
#SusPed	224.839844	0	0
#SusPed	224.851562	85	0
#SusPed	224.938802	0	0
#SusPed	224.946615	92	0
#SusPed	225.669271	0	0
#SusPed	225.682292	61	0
#SusPed	225.819010	0	0
#SusPed	225.824219	79	0
#SusPed	226.229167	0	0
#SusPed	226.236979	95	0
#SusPed	226.378906	0	0
#SusPed	226.393229	88	0
#SusPed	227.419271	0	0
#SusPed	227.425781	63	0
#SusPed	227.549479	0	0
#SusPed	227.563802	71	0
#SusPed	230.438802	0	0
#SusPed	230.453125	72	0
#SusPed	230.579427	0	0
#SusPed	230.587240	81	0
#SusPed	231.479167	0	0
#SusPed	231.492188	61	0
#SusPed	231.609375	0	0
#SusPed	231.617188	77	0
#SusPed	232.489583	0	0
#SusPed	232.503906	67	0
#SusPed	232.609375	0	0
#SusPed	232.623698	87	0
#SusPed	233.419271	0	0
#SusPed	233.427083	68	0
#SusPed	233.539062	0	0
#SusPed	233.546875	80	0
#SusPed	235.709635	0	0
#SusPed	235.714844	67	0
#SusPed	236.188802	0	0
#SusPed	236.200521	56	0
#SusPed	236.479167	0	0
#SusPed	236.484375	58	0
#SusPed	237.289062	0	0
#SusPed	237.302083	58	0
#SusPed	237.348958	0	0
#SusPed	237.355469	58	0
#SusPed	237.688802	0	0
#SusPed	237.696615	50	0
#SusPed	238.119792	0	0
#SusPed	238.130208	66	0
#SusPed	238.218750	0	0
#SusPed	238.231771	68	0
#SusPed	239.019531	0	0
#SusPed	239.026042	76	0
#SusPed	239.149740	0	0
#SusPed	239.164062	91	0
#SusPed	239.529948	0	0
#SusPed	239.536458	69	0
#SusPed	239.669271	0	0
#SusPed	239.674479	102	0
#SusPed	240.009115	0	0
#SusPed	240.018229	73	0
#SusPed	240.139323	0	0
#SusPed	240.148438	90	0
#SusPed	240.479167	0	0
#SusPed	240.485677	89	0
#SusPed	240.609375	0	0
#SusPed	240.617188	92	0
#SusPed	241.098958	0	0
#SusPed	241.111979	77	0
#SusPed	241.468750	0	0
#SusPed	241.475260	60	0
#SusPed	241.579427	0	0
#SusPed	241.593750	92	0
#SusPed	242.389323	0	0
#SusPed	242.395833	70	0
#SusPed	242.500000	0	0
#SusPed	242.510417	90	0
#SusPed	242.859375	0	0
#SusPed	242.873698	66	0
#SusPed	242.968750	0	0
#SusPed	242.980469	101	0
#SusPed	243.329427	0	0
#SusPed	243.343750	86	0
#SusPed	243.438802	0	0
#SusPed	243.453125	90	0
#SusPed	243.959635	0	0
#SusPed	243.971354	71	0
#SusPed	244.549479	0	0
#SusPed	244.555990	89	0
#SofPed	244.574219	41	0
#SofPed	244.619792	0	0
#SofPed	244.634115	38	0
#SusPed	244.729167	0	0
#SusPed	244.734375	75	0
#SofPed	244.859375	0	0
#SofPed	244.869792	50	0
#SofPed	245.089844	0	0
#SofPed	245.096354	56	0
#SusPed	245.688802	0	0
#SusPed	245.703125	67	0
#SusPed	247.269531	0	0
#SusPed	247.281250	63	0
#SusPed	247.449219	0	0
#SusPed	247.463542	74	0
#SusPed	247.759115	0	0
#SusPed	247.770833	66	0
#SusPed	247.899740	0	0
#SusPed	247.904948	47	0
#SusPed	247.949219	0	0
#SusPed	247.955729	47	0
#SusPed	248.000000	0	0
#SusPed	248.009115	48	0
#SusPed	248.169271	0	0
#SusPed	248.175781	52	0
#SusPed	248.529948	0	0
#SusPed	248.542969	46	0
#SusPed	248.789062	0	0
#SusPed	248.796875	51	0
#SusPed	248.878906	0	0
#SusPed	248.891927	53	0
#SusPed	248.968750	0	0
#SusPed	248.981771	53	0
#SusPed	249.369792	0	0
#SusPed	249.376302	58	0
#SusPed	249.639323	0	0
#SusPed	249.647135	68	0
#SusPed	250.259115	0	0
#SusPed	250.264323	53	0
#SusPed	250.399740	0	0
#SusPed	250.407552	59	0
#SusPed	250.468750	0	0
#SusPed	250.476562	63	0
#SusPed	250.569010	0	0
#SusPed	250.578125	67	0
#SusPed	250.709635	0	0
#SusPed	250.717448	70	0
#SofPed	251.098958	0	0
#SusPed	251.139323	0	0
#SusPed	251.153646	48	0
#SusPed	251.339844	0	0
#SusPed	251.350260	64	0
#SusPed	251.718750	0	0
#SusPed	251.733073	55	0
#SusPed	252.039062	0	0
#SusPed	252.050781	65	0
#SusPed	252.779948	0	0
#SusPed	252.794271	67	0
#SusPed	253.259115	0	0
#SusPed	253.272135	71	0
#SusPed	253.899740	0	0
#SusPed	253.904948	49	0
#SusPed	254.269531	0	0
#SusPed	254.281250	69	0
#SusPed	254.378906	0	0
#SusPed	254.389323	59	0
#SusPed	254.679688	0	0
#SusPed	254.686198	50	0
#SusPed	254.750000	0	0
#SusPed	254.756510	67	0
#SusPed	255.169271	0	0
#SusPed	255.175781	54	0
#SusPed	255.309896	0	0
#SusPed	255.317708	71	0
#SusPed	255.619792	0	0
#SusPed	255.628906	66	0
#SusPed	255.908854	0	0
#SusPed	255.921875	52	0
#SusPed	256.179688	0	0
#SusPed	256.191406	64	0
#SusPed	256.819010	0	0
#SusPed	256.834635	59	0
#SusPed	257.019531	0	0
#SusPed	257.028646	57	0
#SusPed	257.399740	0	0
#SusPed	257.414062	65	0
#SusPed	257.579427	0	0
#SusPed	257.591146	68	0
#SusPed	257.889323	0	0
#SusPed	257.901042	72	0
#SusPed	258.158854	0	0
#SusPed	258.165365	55	0
#SusPed	258.438802	0	0
#SusPed	258.454427	55	0
#SusPed	258.688802	0	0
#SusPed	258.699219	56	0
#SusPed	259.039062	0	0
#SusPed	259.050781	53	0
#SusPed	259.199219	0	0
#SusPed	259.212240	57	0
#SusPed	259.269531	0	0
#SusPed	259.279948	61	0
#SusPed	259.500000	0	0
#SusPed	259.513021	67	0
#SusPed	259.549479	0	0
#SusPed	259.563802	68	0
#SusPed	259.819010	0	0
#SusPed	259.826823	68	0
#SusPed	260.128906	0	0
#SusPed	260.143229	73	0
#SusPed	260.399740	0	0
#SusPed	260.411458	63	0
#SusPed	260.639323	0	0
#SusPed	260.645833	56	0
#SusPed	261.299479	0	0
#SusPed	261.312500	64	0
#SusPed	261.729167	0	0
#SusPed	261.742188	57	0
#SusPed	261.799479	0	0
#SusPed	261.809896	53	0
#SusPed	262.279948	0	0
#SusPed	262.294271	57	0
#SusPed	262.579427	0	0
#SusPed	262.592448	48	0
#SusPed	263.188802	0	0
#SusPed	263.197917	70	0
#SusPed	263.500000	0	0
#SusPed	263.513021	54	0
#SusPed	263.699219	0	0
#SusPed	263.705729	48	0
#SusPed	263.789062	0	0
#SusPed	263.795573	46	0
#SusPed	263.859375	0	0
#SusPed	263.871094	46	0
#SusPed	264.229167	0	0
#SusPed	264.243490	61	0
#SusPed	264.519531	0	0
#SusPed	264.531250	70	0
#SusPed	264.739583	0	0
#SusPed	264.746094	55	0
#SusPed	265.250000	0	0
#SusPed	265.261719	62	0
#SusPed	265.309896	0	0
#SusPed	265.322917	68	0
#SusPed	265.639323	0	0
#SusPed	265.649740	69	0
#SusPed	265.679688	0	0
#SusPed	265.684896	64	0
#SusPed	265.919271	0	0
#SusPed	265.924479	52	0
#SusPed	266.449219	0	0
#SusPed	266.463542	58	0
#SusPed	266.819010	0	0
#SusPed	266.833333	64	0
#SusPed	267.089844	0	0
#SusPed	267.096354	53	0
#SusPed	267.309896	0	0
#SusPed	267.324219	46	0
#SusPed	267.729167	0	0
#SusPed	267.740885	73	0
#SusPed	268.119792	0	0
#SusPed	268.131510	58	0
#SusPed	268.479167	0	0
#SusPed	268.490885	55	0
#SusPed	268.688802	0	0
#SusPed	268.695312	57	0
#SusPed	269.029948	0	0
#SusPed	269.039062	48	0
#SusPed	269.500000	0	0
#SusPed	269.513021	40	0
#SusPed	269.908854	0	0
#SusPed	269.921875	67	0
#SusPed	271.209635	0	0
#SusPed	271.214844	64	0
#SusPed	271.579427	0	0
#SusPed	271.584635	75	0
#SusPed	273.119792	0	0
#SusPed	273.126302	61	0
#SofPed	273.233073	52	0
#SusPed	273.289062	0	0
#SusPed	273.295573	97	0
#SofPed	273.359375	0	0
#SofPed	273.365885	40	0
#SusPed	273.569010	0	0
#SusPed	273.580729	104	0
#SusPed	274.000000	0	0
#SusPed	274.013021	82	0
#SusPed	274.279948	0	0
#SusPed	274.286458	65	0
#SusPed	275.289062	0	0
#SusPed	275.302083	83	0
#SusPed	275.429688	0	0
#SusPed	275.436198	81	0
#SusPed	276.619792	0	0
#SusPed	276.626302	59	0
#SofPed	276.739583	0	0
#SofPed	276.751302	44	0
#SofPed	276.989583	0	0
#SusPed	277.779948	0	0
#SusPed	277.794271	89	0
#SusPed	277.878906	0	0
#SusPed	277.885417	83	0
#SusPed	278.908854	0	0
#SusPed	278.923177	70	0
#SusPed	279.009115	0	0
#SusPed	279.015625	96	0
#SusPed	280.000000	0	0
#SusPed	280.013021	71	0
#SusPed	280.089844	0	0
#SusPed	280.096354	102	0
#SusPed	282.908854	0	0
#SusPed	282.917969	65	0
#SusPed	282.989583	0	0
#SusPed	282.996094	84	0
#SusPed	283.569010	0	0
#SusPed	283.580729	64	0
#SusPed	283.769531	0	0
#SusPed	283.776042	71	0
#SusPed	284.869792	0	0
#SusPed	284.877604	68	0
#SusPed	284.979167	0	0
#SusPed	285.303385	87	0
#SusPed	285.859375	0	0
#SusPed	285.871094	75	0
#SusPed	286.039062	0	0
#SusPed	286.052083	77	0
#SusPed	286.829427	0	0
#SusPed	286.835938	93	0
#SusPed	287.039062	0	0
#SusPed	287.049479	67	0
#SusPed	287.188802	0	0
#SusPed	287.201823	84	0
#SusPed	287.579427	0	0
#SusPed	287.592448	83	0
#SusPed	287.688802	0	0
#SusPed	287.703125	101	0
#SusPed	287.869792	0	0
#SusPed	287.884115	85	0
#SusPed	288.069010	0	0
#SusPed	288.082031	100	0
#SusPed	288.229167	0	0
#SusPed	288.243490	91	0
#SusPed	288.369792	0	0
#SusPed	288.380208	67	0
#SusPed	288.438802	0	0
#SusPed	288.453125	80	0
#SusPed	288.539062	0	0
#SusPed	288.552083	85	0
#SusPed	288.929688	0	0
#SusPed	288.934896	82	0
#SusPed	289.109375	0	0
#SusPed	289.123698	85	0
#SusPed	289.489583	0	0
#SusPed	289.497396	75	0
#SusPed	289.609375	0	0
#SusPed	289.618490	94	0
#SusPed	289.739583	0	0
#SusPed	289.753906	92	0
#SusPed	290.009115	0	0
#SusPed	290.024740	58	0
#SusPed	290.109375	0	0
#SusPed	290.114583	97	0
#SusPed	290.339844	0	0
#SusPed	290.346354	104	0
#SusPed	290.519531	0	0
#SusPed	290.532552	73	0
#SusPed	290.819010	0	0
#SusPed	290.829427	86	0
#SusPed	290.959635	0	0
#SusPed	290.972656	95	0
#SusPed	291.049479	0	0
#SusPed	291.061198	80	0
#SusPed	291.329427	0	0
#SusPed	291.335938	98	0
#SusPed	291.449219	0	0
#SusPed	291.460938	66	0
#SusPed	291.559896	0	0
#SusPed	291.572917	103	0
#SusPed	291.718750	0	0
#SusPed	291.733073	57	0
#SusPed	291.819010	0	0
#SusPed	291.828125	92	0
#SusPed	292.039062	0	0
#SusPed	292.046875	64	0
#SusPed	292.199219	0	0
#SusPed	292.204427	89	0
#SusPed	292.539062	0	0
#SusPed	292.553385	84	0
#SusPed	292.699219	0	0
#SusPed	292.708333	89	0
#SusPed	293.009115	0	0
#SusPed	293.023438	90	0
#SusPed	293.179688	0	0
#SusPed	293.186198	100	0
#SusPed	293.459635	0	0
#SusPed	293.472656	83	0
#SusPed	293.509115	0	0
#SusPed	293.518229	55	0
#SusPed	293.759115	0	0
#SusPed	293.768229	89	0
#SusPed	293.899740	0	0
#SusPed	293.904948	100	0
#SusPed	294.239583	0	0
#SusPed	294.247396	81	0
#SusPed	294.468750	0	0
#SusPed	294.475260	106	0
#SusPed	294.639323	0	0
#SusPed	294.647135	86	0
#SusPed	294.718750	0	0
#SusPed	294.727865	83	0
#SusPed	295.139323	0	0
#SusPed	295.151042	78	0
#SusPed	295.408854	0	0
#SusPed	295.415365	93	0
#SusPed	295.718750	0	0
#SusPed	295.730469	76	0
#SusPed	296.000000	0	0
#SusPed	296.876302	88	0
#SusPed	297.009115	0	0
#SusPed	297.023438	56	0
#SusPed	297.139323	0	0
#SusPed	297.153646	70	0
#SusPed	297.339844	0	0
#SusPed	297.345052	62	0
#SusPed	297.889323	0	0
#SusPed	297.902344	63	0
#SusPed	298.069010	0	0
#SusPed	298.082031	67	0
#SusPed	298.459635	0	0
#SusPed	298.464844	78	0
#SofPed	298.734375	91	0
#SofPed	299.128906	0	0
#SofPed	299.136719	86	0
#SusPed	299.269531	0	0
#SusPed	299.274740	65	0
#SusPed	299.688802	0	0
#SusPed	299.703125	72	0
#SusPed	300.348958	0	0
#SusPed	300.355469	69	0
#SusPed	300.509115	0	0
#SusPed	300.522135	69	0
#SusPed	301.279948	0	0
#SusPed	301.291667	78	0
#SusPed	301.489583	0	0
#SusPed	301.494792	76	0
#SusPed	301.848958	0	0
#SusPed	301.856771	63	0
#SusPed	302.299479	0	0
#SusPed	302.304688	44	0
#SusPed	302.779948	0	0
#SusPed	302.787760	65	0
#SusPed	302.908854	0	0
#SofPed	302.908854	0	0
#SofPed	302.920573	66	0
#SusPed	302.923177	69	0
#SofPed	303.019531	0	0
#SofPed	303.029948	63	0
#SusPed	303.128906	0	0
#SofPed	303.128906	0	0
#SofPed	303.134115	70	0
#SusPed	303.135417	55	0
#SofPed	303.169271	0	0
#SofPed	303.175781	78	0
#SofPed	303.269531	0	0
#SofPed	303.274740	87	0
#SusPed	303.299479	0	0
#SofPed	303.309896	0	0
#SusPed	303.313802	42	0
#SofPed	303.317708	89	0
#SusPed	303.509115	0	0
#SofPed	303.519531	0	0
#SusPed	303.520833	52	0
#SofPed	303.527344	98	0
#SofPed	303.559896	0	0
#SofPed	303.574219	98	0
#SofPed	303.609375	0	0
#SofPed	303.623698	95	0
#SusPed	303.709635	0	0
#SusPed	303.716146	52	0
#SofPed	303.718750	0	0
#SofPed	303.729167	93	0
#SofPed	303.819010	0	0
#SofPed	303.825521	98	0
#SusPed	304.039062	0	0
#SofPed	304.039062	0	0
#SusPed	304.050781	79	0
#SofPed	304.054688	100	0
#SusPed	304.609375	0	0
#SusPed	304.618490	90	0
#SusPed	304.899740	0	0
#SusPed	304.914062	74	0
#SusPed	305.119792	0	0
#SusPed	305.126302	76	0
#SusPed	305.419271	0	0
#SusPed	305.427083	85	0
#SusPed	305.479167	0	0
#SusPed	305.486979	86	0
#SusPed	305.899740	0	0
#SusPed	305.911458	71	0
#SusPed	306.029948	0	0
#SusPed	306.044271	79	0
#SusPed	306.468750	0	0
#SusPed	306.479167	84	0
#SofPed	306.529948	0	0
#SofPed	306.539062	36	0
#SofPed	306.848958	0	0
#SofPed	306.861979	42	0
#SusPed	306.899740	0	0
#SusPed	306.904948	61	0
#SofPed	306.919271	0	0
#SofPed	306.933594	44	0
#SusPed	307.098958	0	0
#SusPed	307.105469	73	0
#SofPed	307.289062	0	0
#SofPed	307.296875	50	0
#SofPed	307.369792	0	0
#SofPed	307.376302	58	0
#SusPed	307.839844	0	0
#SusPed	307.854167	76	0
#SusPed	308.069010	0	0
#SusPed	308.080729	68	0
#SusPed	308.539062	0	0
#SusPed	308.550781	55	0
#SusPed	308.899740	0	0
#SusPed	308.910156	62	0
#SusPed	309.239583	0	0
#SusPed	309.253906	58	0
#SusPed	309.389323	0	0
#SusPed	309.401042	76	0
#SusPed	309.789062	0	0
#SusPed	309.795573	64	0
#SusPed	310.039062	0	0
#SusPed	310.054688	74	0
#SusPed	310.468750	0	0
#SusPed	310.476562	101	0
#SusPed	310.789062	0	0
#SusPed	310.794271	65	0
#SusPed	311.009115	0	0
#SusPed	311.015625	87	0
#SofPed	311.628906	0	0
#SusPed	311.968750	0	0
#SusPed	311.983073	77	0
#SusPed	312.229167	0	0
#SusPed	312.242188	65	0
#SusPed	312.699219	0	0
#SusPed	312.704427	66	0
#SusPed	312.968750	0	0
#SusPed	312.983073	66	0
#SusPed	313.009115	0	0
#SusPed	313.015625	67	0
#SusPed	313.128906	0	0
#SusPed	313.141927	69	0
#SusPed	313.468750	0	0
#SusPed	313.475260	76	0
#SusPed	313.628906	0	0
#SusPed	313.634115	77	0
#SusPed	313.968750	0	0
#SusPed	313.980469	71	0
#SusPed	314.119792	0	0
#SusPed	314.126302	89	0
#SusPed	314.579427	0	0
#SusPed	314.588542	98	0
#SusPed	314.968750	0	0
#SusPed	314.976562	79	0
#SusPed	315.789062	0	0
#SusPed	315.795573	82	0
#SusPed	316.009115	0	0
#SusPed	316.018229	75	0
#SusPed	316.799479	0	0
#SusPed	316.804688	66	0
#SusPed	317.089844	0	0
#SusPed	317.095052	85	0
#SusPed	317.919271	0	0
#SusPed	317.925781	70	0
#SusPed	318.098958	0	0
#SusPed	318.106771	49	0
#SusPed	318.429688	0	0
#SusPed	318.434896	67	0
#SusPed	318.519531	0	0
#SusPed	318.532552	70	0
#SusPed	318.639323	0	0
#SusPed	318.647135	77	0
#SusPed	319.079427	0	0
#SusPed	319.084635	75	0
#SusPed	319.299479	0	0
#SusPed	319.308594	98	0
#SusPed	319.839844	0	0
#SusPed	319.848958	85	0
#SusPed	320.069010	0	0
#SusPed	320.084635	83	0
#SusPed	320.859375	0	0
#SusPed	320.871094	85	0
#SusPed	321.059896	0	0
#SusPed	321.074219	87	0
#SusPed	321.869792	0	0
#SusPed	321.882812	81	0
#SusPed	322.119792	0	0
#SusPed	322.130208	82	0
#SusPed	322.938802	0	0
#SusPed	322.953125	81	0
#SusPed	323.269531	0	0
#SusPed	323.278646	76	0
#SusPed	323.679688	0	0
#SusPed	323.692708	102	0
#SusPed	324.029948	0	0
#SusPed	324.035156	71	0
#SusPed	324.309896	0	0
#SusPed	324.315104	48	0
#SusPed	324.429688	0	0
#SusPed	324.441406	45	0
#SusPed	324.489583	0	0
#SusPed	324.502604	45	0
#SusPed	324.739583	0	0
#SusPed	324.747396	45	0
#SusPed	324.989583	0	0
#SusPed	325.002604	48	0
#SusPed	325.098958	0	0
#SusPed	325.106771	46	0
#SusPed	325.199219	0	0
#SusPed	325.205729	47	0
#SusPed	325.289062	0	0
#SusPed	325.299479	45	0
#SusPed	325.839844	0	0
#SusPed	325.846354	85	0
#SusPed	326.169271	0	0
#SusPed	326.182292	74	0
#SusPed	326.359375	0	0
#SusPed	326.364583	43	0
#SusPed	326.709635	0	0
#SusPed	326.718750	42	0
#SusPed	326.779948	0	0
#SusPed	326.785156	43	0
#SusPed	327.250000	0	0
#SusPed	327.263021	49	0
#SusPed	327.408854	0	0
#SusPed	327.415365	66	0
#SusPed	328.279948	0	0
#SusPed	328.285156	84	0
#SusPed	328.658854	0	0
#SusPed	328.670573	47	0
#SusPed	331.229167	0	0
#SusPed	331.234375	44	0
#SusPed	331.329427	0	0
#SusPed	331.343750	92	0
#SusPed	332.199219	0	0
#SusPed	332.208333	72	0
#SusPed	333.269531	0	0
#SusPed	333.277344	81	0
#SusPed	334.968750	0	0
#SusPed	334.973958	63	0
#SusPed	335.119792	0	0
#SusPed	335.126302	78	0
#SusPed	335.848958	0	0
#SusPed	335.855469	70	0
#SusPed	338.889323	0	0
#SusPed	338.899740	69	0
#SusPed	339.049479	0	0
#SusPed	339.061198	75	0
#SusPed	339.848958	0	0
#SusPed	339.863281	74	0
#SusPed	340.378906	0	0
#SusPed	340.384115	83	0
#SusPed	343.989583	0	0
#SusPed	343.998698	57	0
#SusPed	344.139323	0	0
#SusPed	344.147135	81	0
#SusPed	345.029948	0	0
#SusPed	345.037760	62	0
#SusPed	345.218750	0	0
#SusPed	345.912760	75	0
#SusPed	347.729167	0	0
#SusPed	347.734375	72	0
#SusPed	350.059896	0	0
#SusPed	350.067708	61	0
#SusPed	350.489583	0	0
#SusPed	350.496094	63	0
#SusPed	350.639323	0	0
#SusPed	350.648438	68	0
#SusPed	350.819010	0	0
#SusPed	350.824219	52	0
#SusPed	350.989583	0	0
#SusPed	351.001302	54	0
#SusPed	351.059896	0	0
#SusPed	351.066406	60	0
#SusPed	351.449219	0	0
#SusPed	351.455729	64	0
#SusPed	351.579427	0	0
#SusPed	351.592448	68	0
#SusPed	352.339844	0	0
#SusPed	352.348958	73	0
#SusPed	352.479167	0	0
#SusPed	352.484375	68	0
#SusPed	353.229167	0	0
#SusPed	353.239583	68	0
#SusPed	353.359375	0	0
#SusPed	353.372396	68	0
#SusPed	356.059896	0	0
#SusPed	356.074219	66	0
#SusPed	356.209635	0	0
#SusPed	356.216146	71	0
#SusPed	356.509115	0	0
#SusPed	356.523438	56	0
#SusPed	356.569010	0	0
#SusPed	356.576823	54	0
#SusPed	356.979167	0	0
#SusPed	356.985677	62	0
#SusPed	357.128906	0	0
#SusPed	357.143229	68	0
#SusPed	357.399740	0	0
#SusPed	357.410156	59	0
#SusPed	357.438802	0	0
#SusPed	357.449219	59	0
#SusPed	357.989583	0	0
#SusPed	357.994792	58	0
#SusPed	358.139323	0	0
#SusPed	358.153646	72	0
#SusPed	358.829427	0	0
#SusPed	358.842448	62	0
#SusPed	359.789062	0	0
#SusPed	359.796875	67	0
#SusPed	359.938802	0	0
#SusPed	359.945312	88	0
#SusPed	360.669271	0	0
#SusPed	360.683594	56	0
#SusPed	360.779948	0	0
#SusPed	360.792969	79	0
#SusPed	361.158854	0	0
#SusPed	361.171875	67	0
#SusPed	361.598958	0	0
#SusPed	361.611979	78	0
#SusPed	361.729167	0	0
#SusPed	361.740885	91	0
#SusPed	362.098958	0	0
#SusPed	362.114583	92	0
#SusPed	362.218750	0	0
#SusPed	362.225260	98	0
#SusPed	362.479167	0	0
#SusPed	362.484375	77	0
#SusPed	362.639323	0	0
#SusPed	362.652344	67	0
#SusPed	362.989583	0	0
#SusPed	362.994792	63	0
#SusPed	363.098958	0	0
#SusPed	363.113281	74	0
#SusPed	363.529948	0	0
#SusPed	363.536458	94	0
#SusPed	363.919271	0	0
#SusPed	363.933594	88	0
#SusPed	364.059896	0	0
#SusPed	364.065104	78	0
#SusPed	365.209635	0	0
#SusPed	365.216146	68	0
#SusPed	366.039062	0	0
#SusPed	366.054688	82	0
#SusPed	366.250000	0	0
#SusPed	366.260417	80	0
#SusPed	366.429688	0	0
#SusPed	366.434896	77	0
#SusPed	366.848958	0	0
#SusPed	366.855469	88	0
#SofPed	366.904948	41	0
#SofPed	367.029948	0	0
#SofPed	367.037760	36	0
#SofPed	367.188802	0	0
#SofPed	367.199219	41	0
#SofPed	367.389323	0	0
#SofPed	367.403646	42	0
#SusPed	367.449219	0	0
#SusPed	367.455729	79	0
#SusPed	367.789062	0	0
#SusPed	367.799479	75	0
#SofPed	367.809896	0	0
#SofPed	367.819010	35	0
#SusPed	368.059896	0	0
#SusPed	368.066406	91	0
#SusPed	368.949219	0	0
#SusPed	368.963542	67	0
#SusPed	369.158854	0	0
#SusPed	369.170573	65	0
#SusPed	369.519531	0	0
#SusPed	369.528646	72	0
#SusPed	369.929688	0	0
#SusPed	369.934896	62	0
#SusPed	370.628906	0	0
#SusPed	370.643229	73	0
#SusPed	370.779948	0	0
#SusPed	370.785156	77	0
#SusPed	371.089844	0	0
#SusPed	371.100260	83	0
#SusPed	371.309896	0	0
#SusPed	371.315104	75	0
#SusPed	372.188802	0	0
#SusPed	372.199219	75	0
#SusPed	372.639323	0	0
#SusPed	372.651042	40	0
#SusPed	372.688802	0	0
#SusPed	372.699219	37	0
#SusPed	373.279948	0	0
#SusPed	373.291667	43	0
#SusPed	373.549479	0	0
#SusPed	373.561198	50	0
#SofPed	373.819010	0	0
#SusPed	373.878906	0	0
#SusPed	373.890625	45	0
#SofPed	373.983073	67	0
#SusPed	373.989583	0	0
#SusPed	374.001302	49	0
#SofPed	374.089844	0	0
#SofPed	374.104167	70	0
#SusPed	374.109375	0	0
#SusPed	374.115885	57	0
#SofPed	374.188802	0	0
#SofPed	374.194010	66	0
#SofPed	374.369792	0	0
#SofPed	374.375000	59	0
#SofPed	374.479167	0	0
#SofPed	374.493490	52	0
#SofPed	374.688802	0	0
#SofPed	374.695312	48	0
#SusPed	374.739583	0	0
#SofPed	374.739583	0	0
#SusPed	374.744792	69	0
#SofPed	374.750000	40	0
#SusPed	374.839844	0	0
#SusPed	374.845052	69	0
#SusPed	374.878906	0	0
#SusPed	374.890625	70	0
#SusPed	375.149740	0	0
#SusPed	375.154948	60	0
#SusPed	375.369792	0	0
#SusPed	375.377604	73	0
#SusPed	375.718750	0	0
#SusPed	375.726562	62	0
#SusPed	376.019531	0	0
#SusPed	376.032552	61	0
#SusPed	377.098958	0	0
#SusPed	377.113281	80	0
#SusPed	377.299479	0	0
#SusPed	377.312500	90	0
#SofPed	377.500000	0	0
#SusPed	377.839844	0	0
#SusPed	377.847656	78	0
#SusPed	378.500000	0	0
#SusPed	378.513021	74	0
#SusPed	378.619792	0	0
#SusPed	378.631510	79	0
#SusPed	379.209635	0	0
#SusPed	379.223958	71	0
#SusPed	379.348958	0	0
#SusPed	379.363281	83	0
#SusPed	380.199219	0	0
#SusPed	380.212240	65	0
#SusPed	380.549479	0	0
#SusPed	380.557292	71	0
#SusPed	381.039062	0	0
#SusPed	381.046875	72	0
#SusPed	382.419271	0	0
#SusPed	382.424479	68	0
#SusPed	383.029948	0	0
#SusPed	383.036458	74	0
#SusPed	384.509115	0	0
#SusPed	384.523438	70	0
#SusPed	384.649740	0	0
#SusPed	384.657552	82	0
#SusPed	384.908854	0	0
#SusPed	384.924479	68	0
#SusPed	385.938802	0	0
#SusPed	385.945312	77	0
#SusPed	386.429688	0	0
#SusPed	386.437500	91	0
#SusPed	386.908854	0	0
#SusPed	386.921875	70	0
#SusPed	392.919271	0	0
